uid,namedLocation,domainID,siteID,plotID,plotType,nlcdClass,decimalLatitude,decimalLongitude,geodeticDatum,coordinateUncertainty,elevation,elevationUncertainty,collectDate,eventID,sampleID,sampleCode,samplingMethod,totalSampledArea,targetTaxaPresent,adultCount,nymphCount,larvaCount,sampleCondition,samplingProtocolVersion,measuredBy,remarks
"23ef24ca-414c-49c1-8aea-cfc1e10b06d4","DCFS_004.tickPlot.tck","D09","DCFS","DCFS_004","distributed","grasslandHerbaceous",47.171933,-99.053166,"WGS84",20.2,505.0,0.8,"2017-08-09T14:28Z","DCFS.2017.33",,,"drag",160,"N",0,0,0,,"NEON.DOC.014045vH","4TODt8R5shw1rpyhmdHVgRSV+ZP22NnuZJDxc76nsEQ=",
"84612abd-9de7-4dd4-9f2d-5dca550213d0","DCFS_007.tickPlot.tck","D09","DCFS","DCFS_007","distributed","grasslandHerbaceous",47.162946,-99.113801,"WGS84",20.1,567.7,0.2,"2017-08-09T15:13Z","DCFS.2017.33",,,"drag",160,"N",0,0,0,,"NEON.DOC.014045vH","uFai12Woqv1+ZBcfWnpvtO1VPLV12OlWJxtxkBa6pRo=",
"abc4d6d0-985c-4016-9819-89260c94ee9c","DCFS_005.tickPlot.tck","D09","DCFS","DCFS_005","distributed","grasslandHerbaceous",47.199469,-99.166739,"WGS84",20.1,564.6,0.1,"2017-08-09T16:32Z","DCFS.2017.33",,,"drag",160,"N",0,0,0,,"NEON.DOC.014045vH","4TODt8R5shw1rpyhmdHVgRSV+ZP22NnuZJDxc76nsEQ=",
"3cb8b11e-4f85-4195-8e4b-6f6aae90c6d7","DCFS_001.tickPlot.tck","D09","DCFS","DCFS_001","distributed","grasslandHerbaceous",47.209008,-99.165875,"WGS84",20.2,575.5,0.3,"2017-08-09T17:30Z","DCFS.2017.33",,,"drag",160,"N",0,0,0,,"NEON.DOC.014045vH","uFai12Woqv1+ZBcfWnpvtO1VPLV12OlWJxtxkBa6pRo=",
"569e5c5c-e5eb-4660-ac0f-907d8ef57f0c","DCFS_010.tickPlot.tck","D09","DCFS","DCFS_010","distributed","grasslandHerbaceous",47.209874,-99.173926,"WGS84",20.1,578.4,0.2,"2017-08-11T14:44Z","DCFS.2017.33",,,"drag",160,"N",0,0,0,,"NEON.DOC.014045vH","4TODt8R5shw1rpyhmdHVgRSV+ZP22NnuZJDxc76nsEQ=",
"223e12db-8097-40d1-8198-4691068bed57","DCFS_003.tickPlot.tck","D09","DCFS","DCFS_003","distributed","grasslandHerbaceous",47.207478,-99.183538,"WGS84",20.1,591.2,0.2,"2017-08-11T15:23Z","DCFS.2017.33",,,"drag",163,"N",0,0,0,,"NEON.DOC.014045vH","rNgBtKT5eEIjJFkUm8lOX/WDkbi4oFGW",
"db9f9b58-fec8-4896-964b-08421b41927a","DCFS_004.tickPlot.tck","D09","DCFS","DCFS_004","distributed","grasslandHerbaceous",47.171933,-99.053166,"WGS84",20.2,505.0,0.8,"2017-08-30T14:25Z","DCFS.2017.36",,,"drag",160,"N",0,0,0,,"NEON.DOC.014045vH","LLgkWd4CyyLi4IWRmtjAwduho90tSdzdl4CtOL/3ZgM=",
"d300b9a8-3ad0-4405-a546-673bedadbdd8","DCFS_007.tickPlot.tck","D09","DCFS","DCFS_007","distributed","grasslandHerbaceous",47.162946,-99.113801,"WGS84",20.1,567.7,0.2,"2017-08-30T15:13Z","DCFS.2017.36",,,"drag",160,"N",0,0,0,,"NEON.DOC.014045vH","wZHtOqaqtZlqgJsyhA9Al7PULfNbpd9QkQwIml/uQxQ=",
"fca2132d-1a8b-41cb-8ad2-cfa86a66dbf2","DCFS_005.tickPlot.tck","D09","DCFS","DCFS_005","distributed","grasslandHerbaceous",47.199469,-99.166739,"WGS84",20.1,564.6,0.1,"2017-08-30T16:13Z","DCFS.2017.36",,,"drag",160,"N",0,0,0,,"NEON.DOC.014045vH","wZHtOqaqtZlqgJsyhA9Al7PULfNbpd9QkQwIml/uQxQ=",
"a818f9e3-498c-44d4-a920-1e59c3665979","DCFS_001.tickPlot.tck","D09","DCFS","DCFS_001","distributed","grasslandHerbaceous",47.209008,-99.165875,"WGS84",20.2,575.5,0.3,"2017-08-30T16:53Z","DCFS.2017.36",,,"drag and flag",160,"N",0,0,0,,"NEON.DOC.014045vH","wZHtOqaqtZlqgJsyhA9Al7PULfNbpd9QkQwIml/uQxQ=",
"4a1e4f7f-3436-43ef-9652-761d2ad804a2","DCFS_010.tickPlot.tck","D09","DCFS","DCFS_010","distributed","grasslandHerbaceous",47.209874,-99.173926,"WGS84",20.1,578.4,0.2,"2017-08-30T17:30Z","DCFS.2017.36",,,"drag",160,"N",0,0,0,,"NEON.DOC.014045vH","wZHtOqaqtZlqgJsyhA9Al7PULfNbpd9QkQwIml/uQxQ=",
"e2adac56-f174-46b6-b902-25b63920dd37","DCFS_003.tickPlot.tck","D09","DCFS","DCFS_003","distributed","grasslandHerbaceous",47.207478,-99.183538,"WGS84",20.1,591.2,0.2,"2017-08-30T18:13Z","DCFS.2017.36",,,"drag and flag",160,"N",0,0,0,,"NEON.DOC.014045vH","wZHtOqaqtZlqgJsyhA9Al7PULfNbpd9QkQwIml/uQxQ=",
