uid,namedLocation,domainID,siteID,plotID,plotType,nlcdClass,decimalLatitude,decimalLongitude,geodeticDatum,coordinateUncertainty,elevation,elevationUncertainty,collectDate,eventID,sampleID,sampleCode,samplingMethod,totalSampledArea,targetTaxaPresent,adultCount,nymphCount,larvaCount,sampleCondition,samplingProtocolVersion,measuredBy,remarks
"3f571a4f-f167-4b07-b291-adeb226d4804","SJER_009.tickPlot.tck","D17","SJER","SJER_009","distributed","grasslandHerbaceous",37.118203,-119.740038,"WGS84",20.1,460.7,0.1,"2018-11-26T18:42Z","SJER.2018.48",,,"drag",160,"N",0,0,0,,"NEON.DOC.014045vJ","TUgpX6kJ+vgyVWAJkT+d3y+LEu/n4sR37w3LXS4tb1Y=",
"9723e938-38ba-4204-8279-6edec7f7fb96","SJER_025.tickPlot.tck","D17","SJER","SJER_025","distributed","shrubScrub",37.128253,-119.760989,"WGS84",20.1,425.6,0.1,"2018-11-26T19:39Z","SJER.2018.48",,,"drag",160,"N",0,0,0,,"NEON.DOC.014045vJ","TUgpX6kJ+vgyVWAJkT+d3y+LEu/n4sR37w3LXS4tb1Y=",
"4d75b0bb-b5dc-496c-901c-0d769802840a","SJER_007.tickPlot.tck","D17","SJER","SJER_007","distributed","grasslandHerbaceous",37.112815,-119.752224,"WGS84",20.1,419.1,0.1,"2018-11-26T20:28Z","SJER.2018.48",,,"drag and flag",160,"N",0,0,0,,"NEON.DOC.014045vJ","TUgpX6kJ+vgyVWAJkT+d3y+LEu/n4sR37w3LXS4tb1Y=",
"235505db-8afd-43e5-8ba3-0804ec9e4e55","SJER_001.tickPlot.tck","D17","SJER","SJER_001","distributed","grasslandHerbaceous",37.107348,-119.721732,"WGS84",20.1,415.5,0.1,"2018-11-26T22:00Z","SJER.2018.48",,,"drag",160,"N",0,0,0,,"NEON.DOC.014045vJ","TUgpX6kJ+vgyVWAJkT+d3y+LEu/n4sR37w3LXS4tb1Y=",
"8389dcc7-a84e-4eac-8a12-bb5c5500c9b4","SJER_008.tickPlot.tck","D17","SJER","SJER_008","distributed","evergreenForest",37.106830,-119.716047,"WGS84",20.1,420.6,0.1,"2018-11-26T22:21Z","SJER.2018.48",,,"drag",160,"N",0,0,0,,"NEON.DOC.014045vJ","TUgpX6kJ+vgyVWAJkT+d3y+LEu/n4sR37w3LXS4tb1Y=",
"231cc304-a11b-4805-8664-fe6f3e2c80db","SJER_002.tickPlot.tck","D17","SJER","SJER_002","distributed","grasslandHerbaceous",37.082062,-119.744707,"WGS84",20.1,327.7,0.1,"2018-11-26T23:02Z","SJER.2018.48",,,"drag",160,"N",0,0,0,,"NEON.DOC.014045vJ","TUgpX6kJ+vgyVWAJkT+d3y+LEu/n4sR37w3LXS4tb1Y=",
