uid,namedLocation,plotID,collectDate,identifiedDate,sampleID,subsampleID,scientificName,acceptedTaxonID,taxonRank,family,subfamily,tribe,subtribe,genus,subgenus,specificEpithet,infraspecificEpithet,identificationQualifier,identificationReferences,identificationProtocolVersion,scientificNameAuthorship,sexOrAge,individualCount,sampleCondition,archiveMedium,archiveFacilityID,deprecatedVialID,identifiedBy,laboratoryName,remarks
"e73b691d-f906-4793-b7e1-6aafc46d4d9a","BLAN_012.tickPlot.tck","BLAN_012","2017-09-08T17:02Z","2018-01-28T17:00Z","BLAN_012.20170908","BLAN_012.20170908.IXOSCA.N","Ixodes scapularis","IXOSCA","species","Ixodidae",,,,"Ixodes",,"scapularis",,,"Cooley, R. A. and G. M. Kohls. 1945. The genus Ixodes in North America. National Institute of Health Bulletin, 184.","GSU_tickIdentification_SOP_2016-11-01.pdf","Say","Nymph",2,"OK","90% ethanol","USNMENT01430051","BLAN_012.20170908.IXOSCA.N","Lorenza Beati","Georgia Southern University",
"220d157d-6e16-4ded-b135-1dc77b29f9f8","BLAN_012.tickPlot.tck","BLAN_012","2017-09-08T17:02Z","2017-11-28T17:00Z","BLAN_012.20170908","BLAN_012.20170908.IXOSP.L","Ixodidae sp.","IXOSP","family","Ixodidae",,,,,,"sp.",,,,"GSU_tickIdentification_SOP_2016-11-01.pdf",,"Larva",1,"OK","90% ethanol","USNMENT01430052","BLAN_012.20170908.L","Arianna Gibbs","Georgia Southern University",
"f644f94c-0742-41f5-b267-66a0f92ed946","BLAN_015.tickPlot.tck","BLAN_015","2017-09-08T18:10Z","2017-11-28T17:00Z","BLAN_015.20170908","BLAN_015.20170908.IXOSP.L","Ixodidae sp.","IXOSP","family","Ixodidae",,,,,,"sp.",,,,"GSU_tickIdentification_SOP_2016-11-01.pdf",,"Larva",1,"OK","90% ethanol","USNMENT01430050","BLAN_015.20170908.L","Arianna Gibbs","Georgia Southern University",
"6e55dc45-20ee-4cf2-a1e1-c6e6680bceec","BLAN_005.tickPlot.tck","BLAN_005","2017-09-08T20:25Z","2017-11-28T17:00Z","BLAN_005.20170908","BLAN_005.20170908.IXOSP.L","Ixodidae sp.","IXOSP","family","Ixodidae",,,,,,"sp.",,,,"GSU_tickIdentification_SOP_2016-11-01.pdf",,"Larva",1,"OK","90% ethanol","USNMENT01430057","BLAN_005.20170908.L","Arianna Gibbs","Georgia Southern University","the original vial said BLAN_005.20170911"
