uid,namedLocation,domainID,siteID,plotID,plotType,nlcdClass,decimalLatitude,decimalLongitude,geodeticDatum,coordinateUncertainty,elevation,elevationUncertainty,collectDate,eventID,sampleID,sampleCode,samplingMethod,totalSampledArea,targetTaxaPresent,adultCount,nymphCount,larvaCount,sampleCondition,samplingProtocolVersion,measuredBy,remarks
"afdd79ae-d3c1-4300-b1c6-5ea397634533","BLAN_002.tickPlot.tck","D02","BLAN","BLAN_002","distributed","pastureHay",39.091474,-77.982149,"WGS84",20.1,145.6,0.1,"2017-09-08T14:53Z","BLAN.2017.37",,,"drag",163,"N",0,0,0,,"NEON.DOC.014045vH","vEBCcEQSSh/8g+5EygcyV8s9rq+AI0d+KECPnWYYvhY=",
"864baee7-fb31-4ede-9ab2-74b000833a19","BLAN_004.tickPlot.tck","D02","BLAN","BLAN_004","distributed","pastureHay",39.088416,-77.961331,"WGS84",20.1,123.7,0.1,"2017-09-08T15:23Z","BLAN.2017.37",,,"drag",160,"N",0,0,0,,"NEON.DOC.014045vH","/AhbGCCF27wHz9TggrmS1nLN8zUO+zcB",
"8ba3e097-32d9-4c13-b398-80cff826d356","BLAN_008.tickPlot.tck","D02","BLAN","BLAN_008","distributed","pastureHay",39.083870,-77.966320,"WGS84",20.4,159.6,0.5,"2017-09-08T15:56Z","BLAN.2017.37",,,"drag",160,"N",0,0,0,,"NEON.DOC.014045vH","/AhbGCCF27wHz9TggrmS1nLN8zUO+zcB",
"149344f0-1706-4bab-8215-4501fd46ef5e","BLAN_012.tickPlot.tck","D02","BLAN","BLAN_012","distributed","deciduousForest",39.082720,-77.959589,"WGS84",20.2,135.1,0.2,"2017-09-08T17:02Z","BLAN.2017.37","BLAN_012.20170908",,"drag",151,"Y",0,2,8,"No known compromise","NEON.DOC.014045vH","/AhbGCCF27wHz9TggrmS1nLN8zUO+zcB",
"2dbb353b-342b-4fba-8fae-3f7c6fc09619","BLAN_015.tickPlot.tck","D02","BLAN","BLAN_015","distributed","deciduousForest",39.088728,-77.955494,"WGS84",20.2,125.9,0.2,"2017-09-08T18:10Z","BLAN.2017.37","BLAN_015.20170908",,"drag and flag",157,"Y",0,0,7,"No known compromise","NEON.DOC.014045vH","/AhbGCCF27wHz9TggrmS1nLN8zUO+zcB",
"f52d5304-c6d7-4fb4-9816-32f93d7d14a9","BLAN_005.tickPlot.tck","D02","BLAN","BLAN_005","distributed","deciduousForest",39.086223,-77.972729,"WGS84",20.2,169.1,0.3,"2017-09-08T20:25Z","BLAN.2017.37","BLAN_005.20170908",,"drag",151,"Y",0,0,30,"No known compromise","NEON.DOC.014045vH","kOhDPG1HgmOnKc/uLUKRTF9Cfiq4PjNYYqj1BDqnqz8=",
