uid,namedLocation,domainID,siteID,plotID,plotType,nlcdClass,decimalLatitude,decimalLongitude,geodeticDatum,coordinateUncertainty,elevation,elevationUncertainty,collectDate,eventID,sampleID,sampleCode,samplingMethod,totalSampledArea,targetTaxaPresent,adultCount,nymphCount,larvaCount,sampleCondition,samplingProtocolVersion,measuredBy,remarks
"e9b6e19c-2110-4c8f-92a7-108907b4ac3c","DSNY_001.tickPlot.tck","D03","DSNY","DSNY_001","distributed","woodyWetlands",28.098062,-81.418561,"WGS84",20.1,20.3,0.1,"2016-11-15T17:43Z","DSNY.2016.46",,,"drag",160,"N",0,0,0,"No known compromise","NEON.DOC.014045vG","a+fcOOAiz+7pYTGAZM5S9oWOFHn4va6d",
"40651893-bcb4-4c00-98ef-23e971405e99","DSNY_006.tickPlot.tck","D03","DSNY","DSNY_006","distributed","woodyWetlands",28.093704,-81.398045,"WGS84",20.1,20.1,0.1,"2016-11-15T19:01Z","DSNY.2016.46",,,"drag and flag",160,"N",0,0,0,"No known compromise","NEON.DOC.014045vG","XBhTOsXqc3JUpPrNmD30I5JCq90cfBjT",
"c5f5dc28-467a-489a-a07e-8f2f08e6682a","DSNY_004.tickPlot.tck","D03","DSNY","DSNY_004","distributed","woodyWetlands",28.101022,-81.399501,"WGS84",20.1,18.7,0.1,"2016-11-15T20:10Z","DSNY.2016.46",,,"drag and flag",160,"N",0,0,0,"No known compromise","NEON.DOC.014045vG","XBhTOsXqc3JUpPrNmD30I5JCq90cfBjT",
"58ff5fe7-74fc-4e12-a17a-295f6c90a404","DSNY_008.tickPlot.tck","D03","DSNY","DSNY_008","distributed","woodyWetlands",28.047337,-81.403204,"WGS84",20.1,18.8,0.1,"2016-11-16T18:50Z","DSNY.2016.46",,,"drag and flag",160,"N",0,0,0,"No known compromise","NEON.DOC.014045vG","v37KDwlZaTpMEJayXmekKEXFfvvyzLhs",
"b3373b1c-3f41-48fe-aaad-d9a46cd5141c","DSNY_005.tickPlot.tck","D03","DSNY","DSNY_005","distributed","woodyWetlands",28.040497,-81.394482,"WGS84",20.1,16.6,0.1,"2016-11-16T19:49Z","DSNY.2016.46",,,"drag and flag",160,"N",0,0,0,"No known compromise","NEON.DOC.014045vG","a+fcOOAiz+7pYTGAZM5S9oWOFHn4va6d","Extensive hog damage on north line"
"42721380-ef96-4df3-a20e-575320aaf537","DSNY_021.tickPlot.tck","D03","DSNY","DSNY_021","distributed","pastureHay",28.053635,-81.392353,"WGS84",20.1,17.1,0.1,"2016-11-17T15:57Z","DSNY.2016.46",,,"drag",160,"N",0,0,0,"No known compromise","NEON.DOC.014045vG","XBhTOsXqc3JUpPrNmD30I5JCq90cfBjT",
