uid,namedLocation,plotID,collectDate,identifiedDate,sampleID,subsampleID,scientificName,acceptedTaxonID,taxonRank,family,subfamily,tribe,subtribe,genus,subgenus,specificEpithet,infraspecificEpithet,identificationQualifier,identificationReferences,identificationProtocolVersion,scientificNameAuthorship,sexOrAge,individualCount,sampleCondition,archiveMedium,archiveFacilityID,deprecatedVialID,identifiedBy,laboratoryName,remarks
"41466665-8fa1-4056-9e4f-51b4040a3f4e","HARV_022.tickPlot.tck","HARV_022","2015-07-13T13:17Z","2016-06-23T16:00Z","HARV_022.20150713","HARV_022.20150713.IXOSCA.N","Ixodes scapularis","IXOSCA","species","Ixodidae",,,,"Ixodes",,"scapularis",,,"Keirans, J. E., and C. M. Clifford. 1978. The genus Ixodes in the United States: a scanning electron microscope study and key to the adults. Journal of Medical Entomology, 15(Supplement 2):1-38.","GSU_tickIdentification_SOP_2016-11-01.pdf","Say","Nymph",1,"OK","90% ethanol","125862",,"L. Beati","Georgia Southern University",
"141eabbd-9d5d-484f-a0b4-d53d006c888b","HARV_001.tickPlot.tck","HARV_001","2015-07-13T14:37Z","2016-06-23T16:00Z","HARV_001.20150713","HARV_001.20150713.IXOSCA.N","Ixodes scapularis","IXOSCA","species","Ixodidae",,,,"Ixodes",,"scapularis",,,"Keirans, J. E., and C. M. Clifford. 1978. The genus Ixodes in the United States: a scanning electron microscope study and key to the adults. Journal of Medical Entomology, 15(Supplement 2):1-38.","GSU_tickIdentification_SOP_2016-11-01.pdf","Say","Nymph",1,"OK","90% ethanol","125858",,"L. Beati","Georgia Southern University",
"5098f1ee-e412-454a-88c5-c2d02079ced3","HARV_006.tickPlot.tck","HARV_006","2015-07-13T16:39Z","2016-06-23T16:00Z","HARV_006.20150713","HARV_006.20150713.IXOSCA.N","Ixodes scapularis","IXOSCA","species","Ixodidae",,,,"Ixodes",,"scapularis",,,"Keirans, J. E., and C. M. Clifford. 1978. The genus Ixodes in the United States: a scanning electron microscope study and key to the adults. Journal of Medical Entomology, 15(Supplement 2):1-38.","GSU_tickIdentification_SOP_2016-11-01.pdf","Say","Nymph",1,"OK","90% ethanol","125860",,"L. Beati","Georgia Southern University",
"459e828f-8bfe-4f70-a514-272d86ae9349","HARV_026.tickPlot.tck","HARV_026","2015-07-13T17:23Z","2016-06-23T16:00Z","HARV_026.20150713","HARV_026.20150713.IXOSCA.N","Ixodes scapularis","IXOSCA","species","Ixodidae",,,,"Ixodes",,"scapularis",,,"Keirans, J. E., and C. M. Clifford. 1978. The genus Ixodes in the United States: a scanning electron microscope study and key to the adults. Journal of Medical Entomology, 15(Supplement 2):1-38.","GSU_tickIdentification_SOP_2016-11-01.pdf","Say","Nymph",1,"OK","90% ethanol","125863",,"L. Beati","Georgia Southern University",
"8ead45c3-6cc9-4973-a1f3-296a052dc850","HARV_004.tickPlot.tck","HARV_004","2015-07-13T18:22Z","2016-06-23T12:00Z","HARV_004.20150713","HARV_004.20150713.IXOSCA.N","Ixodes scapularis","IXOSCA","species","Ixodidae",,,,"Ixodes",,"scapularis",,,"Keirans, J. E., and C. M. Clifford. 1978. The genus Ixodes in the United States: a scanning electron microscope study and key to the adults. Journal of Medical Entomology, 15(Supplement 2):1-38.","GSU_tickIdentification_SOP_2016-11-01.pdf","Say","Nymph",2,"OK","95% ethanol","125859",,"L. Beati","Georgia Southern University",
"755a21a7-f2ff-4db6-8964-627957c0c109","HARV_020.tickPlot.tck","HARV_020","2015-07-13T19:23Z","2016-06-23T16:00Z","HARV_020.20150713","HARV_020.20150713.IXOSCA.N","Ixodes scapularis","IXOSCA","species","Ixodidae",,,,"Ixodes",,"scapularis",,,"Keirans, J. E., and C. M. Clifford. 1978. The genus Ixodes in the United States: a scanning electron microscope study and key to the adults. Journal of Medical Entomology, 15(Supplement 2):1-38.","GSU_tickIdentification_SOP_2016-11-01.pdf","Say","Nymph",1,"OK","90% ethanol","125861",,"L. Beati","Georgia Southern University",
