uid,namedLocation,domainID,siteID,plotID,plotType,nlcdClass,decimalLatitude,decimalLongitude,geodeticDatum,coordinateUncertainty,elevation,elevationUncertainty,collectDate,eventID,sampleID,sampleCode,samplingMethod,totalSampledArea,targetTaxaPresent,adultCount,nymphCount,larvaCount,sampleCondition,samplingProtocolVersion,measuredBy,remarks
"eb33d068-4d7b-4586-892e-3b71d31688bb","HARV_022.tickPlot.tck","D01","HARV","HARV_022","distributed","evergreenForest",42.435462,-72.199291,"WGS84",20.3,186.3,0.3,"2015-07-13T13:17Z","HARV.2015.28","HARV_022.20150713",,"drag and flag",164,"Y",0,1,,"No known compromise","NEON.DOC.014045vF","kY5DgzJ6poUyWK1LGnqgylIk3S6etJmI",
"1358bc84-a027-4b23-a62c-e06d05e4f3f4","HARV_001.tickPlot.tck","D01","HARV","HARV_001","distributed","deciduousForest",42.424227,-72.260097,"WGS84",20.2,201.1,0.3,"2015-07-13T14:37Z","HARV.2015.28","HARV_001.20150713",,"drag and flag",160,"Y",0,1,,"No known compromise","NEON.DOC.014045vF","kY5DgzJ6poUyWK1LGnqgylIk3S6etJmI",
"6ec0771f-5895-4c48-b9ed-54c3df93757b","HARV_006.tickPlot.tck","D01","HARV","HARV_006","distributed","deciduousForest",42.401938,-72.252716,"WGS84",20.2,190.4,0.3,"2015-07-13T16:39Z","HARV.2015.28","HARV_006.20150713",,"drag and flag",175,"Y",0,1,,"No known compromise","NEON.DOC.014045vF","kY5DgzJ6poUyWK1LGnqgylIk3S6etJmI",
"2851c715-2797-4d14-a484-3755ee63ed23","HARV_026.tickPlot.tck","D01","HARV","HARV_026","distributed","evergreenForest",42.412068,-72.246529,"WGS84",20.2,185.7,0.3,"2015-07-13T17:23Z","HARV.2015.28","HARV_026.20150713",,"drag and flag",165,"Y",0,1,,"No known compromise","NEON.DOC.014045vF","kY5DgzJ6poUyWK1LGnqgylIk3S6etJmI",
"82d46197-dd1e-4ff7-baa2-183a0bacc9fb","HARV_004.tickPlot.tck","D01","HARV","HARV_004","distributed","mixedForest",42.426878,-72.227943,"WGS84",20.3,185.9,0.3,"2015-07-13T18:22Z","HARV.2015.28","HARV_004.20150713",,"drag and flag",160,"Y",1422,1451,,"No known compromise","NEON.DOC.014045vF","kY5DgzJ6poUyWK1LGnqgylIk3S6etJmI",
"3e9edef3-6556-4125-a912-861054f5f1ba","HARV_020.tickPlot.tck","D01","HARV","HARV_020","distributed","woodyWetlands",42.438157,-72.228923,"WGS84",20.2,228.3,0.3,"2015-07-13T19:23Z","HARV.2015.28","HARV_020.20150713",,"drag and flag",155,"Y",0,1,,"No known compromise","NEON.DOC.014045vF","kY5DgzJ6poUyWK1LGnqgylIk3S6etJmI",
