uid,namedLocation,domainID,siteID,plotID,plotType,nlcdClass,decimalLatitude,decimalLongitude,geodeticDatum,coordinateUncertainty,elevation,elevationUncertainty,collectDate,eventID,sampleID,sampleCode,samplingMethod,totalSampledArea,targetTaxaPresent,adultCount,nymphCount,larvaCount,sampleCondition,samplingProtocolVersion,measuredBy,remarks
"0458439f-290d-45c4-a426-4d448af19531","BART_011.tickPlot.tck","D01","BART","BART_011","distributed","mixedForest",44.048783,-71.295353,"WGS84",20.2,399.5,0.2,"2018-06-11T17:10Z","BART.2018.24",,,"drag and flag",140,"N",0,0,0,,"NEON.DOC.014045vJ","Of2DEjUKv6sdi3UIa48w5IijLRJmWKKvKox8AGrnqQo=",
"cc630232-ec98-436d-8eb1-e13c0535789f","BART_029.tickPlot.tck","D01","BART","BART_029","distributed","evergreenForest",44.058948,-71.289336,"WGS84",20.2,291.7,0.3,"2018-06-11T18:03Z","BART.2018.24","BART_029.20180611","D00000006853","drag and flag",140,"Y",1,0,0,"No known compromise","NEON.DOC.014045vJ","SfZl6mji1FANMnWIfkqO5pF6Lr/u2/Um96/tYYLmdrM=",
"a9dde801-017b-48c6-89bf-a8088f018b96","BART_019.tickPlot.tck","D01","BART","BART_019","distributed","mixedForest",44.069350,-71.288001,"WGS84",20.2,231.8,0.2,"2018-06-11T19:13Z","BART.2018.24",,,"drag and flag",158,"N",0,0,0,,"NEON.DOC.014045vJ","Of2DEjUKv6sdi3UIa48w5IijLRJmWKKvKox8AGrnqQo=",
"83992957-192a-4565-bb10-5d6fafe56a46","BART_002.tickPlot.tck","D01","BART","BART_002","distributed","deciduousForest",44.035231,-71.274674,"WGS84",20.2,502.6,0.3,"2018-06-12T12:52Z","BART.2018.24",,,"drag and flag",160,"N",0,0,0,,"NEON.DOC.014045vJ","SfZl6mji1FANMnWIfkqO5pF6Lr/u2/Um96/tYYLmdrM=",
"4037fe97-01a0-4dff-b203-14e49eb7a174","BART_015.tickPlot.tck","D01","BART","BART_015","distributed","mixedForest",44.042149,-71.271603,"WGS84",20.3,455.0,0.5,"2018-06-12T14:13Z","BART.2018.24",,,"drag and flag",160,"N",0,0,0,,"NEON.DOC.014045vJ","Of2DEjUKv6sdi3UIa48w5IijLRJmWKKvKox8AGrnqQo=",
"bfd67f5e-e2d4-43eb-ac81-b8075e1f67cc","BART_010.tickPlot.tck","D01","BART","BART_010","distributed","deciduousForest",44.051100,-71.267766,"WGS84",20.2,413.0,0.4,"2018-06-12T15:39Z","BART.2018.24",,,"drag and flag",160,"N",0,0,0,,"NEON.DOC.014045vJ","SfZl6mji1FANMnWIfkqO5pF6Lr/u2/Um96/tYYLmdrM=",
