uid,namedLocation,domainID,siteID,plotID,plotType,nlcdClass,decimalLatitude,decimalLongitude,geodeticDatum,coordinateUncertainty,elevation,elevationUncertainty,collectDate,eventID,sampleID,sampleCode,samplingMethod,totalSampledArea,targetTaxaPresent,adultCount,nymphCount,larvaCount,sampleCondition,samplingProtocolVersion,measuredBy,remarks
"d842fa19-452c-4062-8b31-85cc166d8054","SJER_009.tickPlot.tck","D17","SJER","SJER_009","distributed","grasslandHerbaceous",37.118203,-119.740038,"WGS84",20.1,460.7,0.1,"2018-02-12T16:23Z","SJER.2018.7",,,"drag and flag",160,"N",0,0,0,,"NEON.DOC.014045vH","dMVZgSbiazUlqT6ETAQDme6D1YfxDk7ceUDtWOFdgrI=",
"a7e8f5a8-0d99-4fe0-8793-2ddb6496bbcc","SJER_008.tickPlot.tck","D17","SJER","SJER_008","distributed","evergreenForest",37.106830,-119.716047,"WGS84",20.1,420.6,0.1,"2018-02-12T17:58Z","SJER.2018.7",,,"drag and flag",160,"N",0,0,0,,"NEON.DOC.014045vH","dMVZgSbiazUlqT6ETAQDme6D1YfxDk7ceUDtWOFdgrI=",
"e605da19-cf47-4387-ab23-5cba0f98a5f3","SJER_001.tickPlot.tck","D17","SJER","SJER_001","distributed","grasslandHerbaceous",37.107348,-119.721732,"WGS84",20.1,415.5,0.1,"2018-02-12T18:41Z","SJER.2018.7",,,"drag and flag",160,"N",0,0,0,,"NEON.DOC.014045vH","dMVZgSbiazUlqT6ETAQDme6D1YfxDk7ceUDtWOFdgrI=",
"3554c8fb-3166-40cd-a343-b6a187e96553","SJER_002.tickPlot.tck","D17","SJER","SJER_002","distributed","grasslandHerbaceous",37.082062,-119.744707,"WGS84",20.1,327.7,0.1,"2018-02-12T20:25Z","SJER.2018.7",,,"drag and flag",160,"N",0,0,0,,"NEON.DOC.014045vH","dMVZgSbiazUlqT6ETAQDme6D1YfxDk7ceUDtWOFdgrI=",
"7f9476bd-1d77-4b43-9a02-7e160de318a8","SJER_025.tickPlot.tck","D17","SJER","SJER_025","distributed","shrubScrub",37.128253,-119.760989,"WGS84",20.1,425.6,0.1,"2018-02-12T21:38Z","SJER.2018.7",,,"drag and flag",163,"N",0,0,0,,"NEON.DOC.014045vH","ufHJAbfzMfx10DV1PRIUIKYPZTMI5iGzg3KtGl4bfKs=",
"6672a000-615d-42b9-b8f8-702badac4640","SJER_007.tickPlot.tck","D17","SJER","SJER_007","distributed","grasslandHerbaceous",37.112815,-119.752224,"WGS84",20.1,419.1,0.1,"2018-02-14T20:31Z","SJER.2018.7",,,"drag and flag",160,"N",0,0,0,,"NEON.DOC.014045vH","ufHJAbfzMfx10DV1PRIUIKYPZTMI5iGzg3KtGl4bfKs=",
