uid,namedLocation,domainID,siteID,plotID,plotType,nlcdClass,decimalLatitude,decimalLongitude,geodeticDatum,coordinateUncertainty,elevation,elevationUncertainty,collectDate,eventID,sampleID,sampleCode,samplingMethod,totalSampledArea,targetTaxaPresent,adultCount,nymphCount,larvaCount,sampleCondition,samplingProtocolVersion,measuredBy,remarks
"12dc49d0-09d0-4be4-8d37-f028409977d6","OAES_003.tickPlot.tck","D11","OAES","OAES_003","distributed","grasslandHerbaceous",35.412134,-99.068027,"WGS84",20.2,512.2,0.2,"2016-10-11T14:40Z","OAES.2016.41",,,"drag",170,"N",0,0,0,"No known compromise","NEON.DOC.014045vG","cJ8Mt89MTxlqOnAc6pDp/DoDhz6eIepx","Deviated due to cactus"
"bd55d715-db48-458f-9b77-6677465517bc","OAES_021.tickPlot.tck","D11","OAES","OAES_021","distributed","shrubScrub",35.413211,-99.074301,"WGS84",20.1,501.7,0.1,"2016-10-11T15:19Z","OAES.2016.41",,,"drag and flag",110,"N",0,0,0,"No known compromise","NEON.DOC.014045vG","jrpOJzTntmXy0Hq0KXCTNE1a7gqPknkI","Deviated due to sumac"
"041e5ffe-14d6-4e88-aa6f-b4ee40abb650","OAES_004.tickPlot.tck","D11","OAES","OAES_004","distributed","grasslandHerbaceous",35.411159,-99.084234,"WGS84",20.1,507.6,0.1,"2016-10-11T15:47Z","OAES.2016.41",,,"drag",160,"N",0,0,0,"No known compromise","NEON.DOC.014045vG","jrpOJzTntmXy0Hq0KXCTNE1a7gqPknkI",
"ed854679-67ff-45e0-9080-1b94fca2998c","OAES_005.tickPlot.tck","D11","OAES","OAES_005","distributed","grasslandHerbaceous",35.402926,-99.080346,"WGS84",20.1,509.4,0.1,"2016-10-11T16:18Z","OAES.2016.41",,,"drag",160,"N",0,0,0,"No known compromise","NEON.DOC.014045vG","cJ8Mt89MTxlqOnAc6pDp/DoDhz6eIepx",
"76ab49a4-ade0-4248-8db9-89b22a5c2225","OAES_008.tickPlot.tck","D11","OAES","OAES_008","distributed","grasslandHerbaceous",35.394019,-99.063159,"WGS84",20.1,492.6,0.1,"2016-10-11T16:40Z","OAES.2016.41",,,"drag and flag",160,"N",0,0,0,"No known compromise","NEON.DOC.014045vG","cJ8Mt89MTxlqOnAc6pDp/DoDhz6eIepx",
"ad6bca85-28c0-4c0b-82dc-c0f394342e44","OAES_007.tickPlot.tck","D11","OAES","OAES_007","distributed","shrubScrub",35.421328,-99.057210,"WGS84",20.1,521.6,0.1,"2016-10-11T17:11Z","OAES.2016.41",,,"drag",160,"N",0,0,0,"No known compromise","NEON.DOC.014045vG","jrpOJzTntmXy0Hq0KXCTNE1a7gqPknkI",
