uid,namedLocation,domainID,siteID,plotID,plotType,nlcdClass,decimalLatitude,decimalLongitude,geodeticDatum,coordinateUncertainty,elevation,elevationUncertainty,collectDate,eventID,sampleID,sampleCode,samplingMethod,totalSampledArea,targetTaxaPresent,adultCount,nymphCount,larvaCount,sampleCondition,samplingProtocolVersion,measuredBy,remarks
"c7fdf4a5-87a1-43d5-902f-6d34c23164cd","JERC_044.tickPlot.tck","D03","JERC","JERC_044","distributed","mixedForest",31.195549,-84.482479,"WGS84",20.1,42.5,0.1,"2016-05-17T12:50Z","JERC.2016.20",,,"drag and flag",154,"N",0,0,0,"No known compromise","NEON.DOC.014045vG","TMAyh3xsfUDS2et2vxdcKgHbmqTRayXJ","6 meters skipped due to rubus"
"ba3377eb-15d1-4beb-ad4d-397f6b1d7a78","JERC_034.tickPlot.tck","D03","JERC","JERC_034","distributed","deciduousForest",31.198824,-84.491213,"WGS84",20.1,44.9,0.2,"2016-05-17T13:26Z","JERC.2016.20",,,"drag and flag",159,"N",0,0,0,"No known compromise","NEON.DOC.014045vG","sE7ROE1nDFRNjDhEClb4fxPMgzH5bdS/","1 meter skipped due to black widows"
"62e719bb-55fc-49c4-b7f6-9285e9cd1ad6","JERC_010.tickPlot.tck","D03","JERC","JERC_010","distributed","deciduousForest",31.209219,-84.470530,"WGS84",20.2,40.5,0.5,"2016-05-17T14:00Z","JERC.2016.20",,,"drag and flag",160,"N",0,0,0,"No known compromise","NEON.DOC.014045vG","0YM3x/HGUdGl6Jbt4W5HzVDVMK6yh3Xw",
"a9bdaaad-a617-4c96-9218-b93dc2fa260b","JERC_002.tickPlot.tck","D03","JERC","JERC_002","distributed","evergreenForest",31.194065,-84.461537,"WGS84",20.3,56.0,0.5,"2016-05-17T14:33Z","JERC.2016.20",,,"drag and flag",160,"N",0,0,0,"No known compromise","NEON.DOC.014045vG","TMAyh3xsfUDS2et2vxdcKgHbmqTRayXJ",
"788c1414-939d-4c85-85d9-a2169994b4f3","JERC_004.tickPlot.tck","D03","JERC","JERC_004","distributed","cultivatedCrops",31.190115,-84.467381,"WGS84",20.1,43.6,0.2,"2016-05-17T15:06Z","JERC.2016.20",,,"drag and flag",160,"N",0,0,0,"No known compromise","NEON.DOC.014045vG","sE7ROE1nDFRNjDhEClb4fxPMgzH5bdS/",
"71375f02-578d-4356-ad2c-af5dd077d0a0","JERC_010.tickPlot.tck","D03","JERC","JERC_010","distributed","deciduousForest",31.209219,-84.470530,"WGS84",20.2,40.5,0.5,"2016-05-27T15:39Z","JERC.2016.21",,,"drag and flag",160,"N",0,0,0,"No known compromise","NEON.DOC.014045vG","TMAyh3xsfUDS2et2vxdcKgHbmqTRayXJ",
"e705b38d-b519-4d6f-9984-116afa8a33d5","JERC_044.tickPlot.tck","D03","JERC","JERC_044","distributed","mixedForest",31.195549,-84.482479,"WGS84",20.1,42.5,0.1,"2016-05-27T17:25Z","JERC.2016.21",,,"drag and flag",160,"N",0,0,0,"No known compromise","NEON.DOC.014045vG","SZd6jJU+PWukgvziuyetpzviWNuM2FzT",
"23649a10-4547-4f42-a8ca-fd9b3cfb7ba5","JERC_034.tickPlot.tck","D03","JERC","JERC_034","distributed","deciduousForest",31.198824,-84.491213,"WGS84",20.1,44.9,0.2,"2016-05-27T18:05Z","JERC.2016.21",,,"drag and flag",160,"N",0,0,0,"No known compromise","NEON.DOC.014045vG","TMAyh3xsfUDS2et2vxdcKgHbmqTRayXJ",
"cc3be356-0c6d-4f2a-b195-3182ac8e7f10","JERC_002.tickPlot.tck","D03","JERC","JERC_002","distributed","evergreenForest",31.194065,-84.461537,"WGS84",20.3,56.0,0.5,"2016-05-27T18:45Z","JERC.2016.21",,,"drag and flag",160,"N",0,0,0,"No known compromise","NEON.DOC.014045vG","SZd6jJU+PWukgvziuyetpzviWNuM2FzT",
"0a8c1898-4cef-4261-9eaf-7b05f22df573","JERC_004.tickPlot.tck","D03","JERC","JERC_004","distributed","cultivatedCrops",31.190115,-84.467381,"WGS84",20.1,43.6,0.2,"2016-05-27T19:17Z","JERC.2016.21",,,"drag",160,"N",0,0,0,"No known compromise","NEON.DOC.014045vG","cfnhyGSqXKc3516bF+Ud/jaLDXEcTOrF",
