uid,namedLocation,domainID,siteID,plotID,plotType,nlcdClass,decimalLatitude,decimalLongitude,geodeticDatum,coordinateUncertainty,elevation,elevationUncertainty,collectDate,eventID,sampleID,sampleCode,samplingMethod,totalSampledArea,targetTaxaPresent,adultCount,nymphCount,larvaCount,sampleCondition,samplingProtocolVersion,measuredBy,remarks
"ddf09428-93f1-4618-8ce2-b414a26810fa","HARV_006.tickPlot.tck","D01","HARV","HARV_006","distributed","deciduousForest",42.401938,-72.252716,"WGS84",20.2,190.4,0.3,"2014-06-02T14:16Z","HARV.2014.22",,,"drag and flag",165,"N",0,0,0,,"NEON.DOC.014045vD","iXt4M3loQKBOqiuM/+B7Tw==",
"e2bc0fc6-ca10-457e-a287-c72097a73729","HARV_026.tickPlot.tck","D01","HARV","HARV_026","distributed","evergreenForest",42.412068,-72.246529,"WGS84",20.2,185.7,0.3,"2014-06-02T15:03Z","HARV.2014.22","HARV_026.20140602",,"drag and flag",166,"Y",1,3,0,"No known compromise","NEON.DOC.014045vD","iXt4M3loQKBOqiuM/+B7Tw==",
"a4ea1a05-f436-4ec2-a94f-a50a80000b5f","HARV_001.tickPlot.tck","D01","HARV","HARV_001","distributed","deciduousForest",42.424227,-72.260097,"WGS84",20.2,201.1,0.3,"2014-06-02T16:10Z","HARV.2014.22","HARV_001.20140602",,"drag and flag",170,"Y",0,6,0,"No known compromise","NEON.DOC.014045vD","iXt4M3loQKBOqiuM/+B7Tw==","SW pin flag missing QC: NO ERROR JH"
"615308bb-6ddd-4fbb-873d-d65c6fe9abd1","HARV_004.tickPlot.tck","D01","HARV","HARV_004","distributed","mixedForest",42.426878,-72.227943,"WGS84",20.3,185.9,0.3,"2014-06-02T17:34Z","HARV.2014.22","HARV_004.20140602",,"drag and flag",163,"Y",1,3,0,"No known compromise","NEON.DOC.014045vD","iXt4M3loQKBOqiuM/+B7Tw==",
"33db72bd-c30f-4c50-be05-0d2167b24c23","HARV_022.tickPlot.tck","D01","HARV","HARV_022","distributed","evergreenForest",42.435462,-72.199291,"WGS84",20.3,186.3,0.3,"2014-06-02T18:35Z","HARV.2014.22","HARV_022.20140602",,"drag and flag",160,"Y",0,7,0,"No known compromise","NEON.DOC.014045vD","iXt4M3loQKBOqiuM/+B7Tw==","QC: NO ERROR JH"
"596e1180-c04a-4868-b057-53166682433a","HARV_022.tickPlot.tck","D01","HARV","HARV_022","distributed","evergreenForest",42.435462,-72.199291,"WGS84",20.3,186.3,0.3,"2014-06-23T15:00Z","HARV.2014.25","HARV_022.20140623",,"drag and flag",160,"Y",0,4,0,"No known compromise","NEON.DOC.014045vD","jS1gguh4ZmIYu3YcS8ekvA==",
"79dd33d3-7ce7-494f-aabd-f777e4afbb1d","HARV_004.tickPlot.tck","D01","HARV","HARV_004","distributed","mixedForest",42.426878,-72.227943,"WGS84",20.3,185.9,0.3,"2014-06-23T18:00Z","HARV.2014.25",,,"drag and flag",160,"N",0,0,0,,"NEON.DOC.014045vD","jS1gguh4ZmIYu3YcS8ekvA==",
"78d0c0ef-1add-4cba-b12c-6385c0d68e6e","HARV_020.tickPlot.tck","D01","HARV","HARV_020","distributed","woodyWetlands",42.438157,-72.228923,"WGS84",20.2,228.3,0.3,"2014-06-23T18:50Z","HARV.2014.25","HARV_020.20140623",,"drag and flag",160,"Y",0,12,0,"No known compromise","NEON.DOC.014045vD","jS1gguh4ZmIYu3YcS8ekvA==",
"5a479898-178a-4be1-afc4-613689d2ece4","HARV_026.tickPlot.tck","D01","HARV","HARV_026","distributed","evergreenForest",42.412068,-72.246529,"WGS84",20.2,185.7,0.3,"2014-06-23T19:50Z","HARV.2014.25","HARV_026.20140623",,"drag and flag",160,"Y",1,1,0,"No known compromise","NEON.DOC.014045vD","jS1gguh4ZmIYu3YcS8ekvA==","QC: NO ERROR"
"1925aafa-f5c9-43fe-a98d-4ab63b5feea6","HARV_006.tickPlot.tck","D01","HARV","HARV_006","distributed","deciduousForest",42.401938,-72.252716,"WGS84",20.2,190.4,0.3,"2014-06-23T20:20Z","HARV.2014.25","HARV_006.20140623",,"drag and flag",160,"Y",0,3,1,"No known compromise","NEON.DOC.014045vD","jS1gguh4ZmIYu3YcS8ekvA==",
"35380cc4-ef01-4bb8-9a86-1f843a72174e","HARV_001.tickPlot.tck","D01","HARV","HARV_001","distributed","deciduousForest",42.424227,-72.260097,"WGS84",20.2,201.1,0.3,"2014-06-24T13:50Z","HARV.2014.25","HARV_001.20140624",,"drag and flag",160,"Y",0,8,0,"No known compromise","NEON.DOC.014045vD","hj7Xm3r1ztpJ3/urJLAfrQ==","QC: NO ERROR"
