uid,namedLocation,plotID,collectDate,identifiedDate,sampleID,subsampleID,scientificName,acceptedTaxonID,taxonRank,family,subfamily,tribe,subtribe,genus,subgenus,specificEpithet,infraspecificEpithet,identificationQualifier,identificationReferences,identificationProtocolVersion,scientificNameAuthorship,sexOrAge,individualCount,sampleCondition,archiveMedium,archiveFacilityID,deprecatedVialID,identifiedBy,laboratoryName,remarks
"0a9c66ca-df97-4a56-bd32-ebcf7a84e76f","HARV_026.tickPlot.tck","HARV_026","2014-06-02T15:03Z","2015-09-27T16:00Z","HARV_026.20140602","HARV_026.20140602.IXOSCA.M","Ixodes scapularis","IXOSCA","species","Ixodidae",,,,"Ixodes",,"scapularis",,,"Keirans, J. E., and C. M. Clifford. 1978. The genus Ixodes in the United States: a scanning electron microscope study and key to the adults. Journal of Medical Entomology, 15(Supplement 2):1-38.","GSU_tickIdentification_SOP_2016-11-01.pdf","Say","Male",1,"OK","90% ethanol","125440",,"M. Bishof/L. Beati","Georgia Southern University",
"4766e08c-d860-4316-a921-2fba4bcddbb0","HARV_026.tickPlot.tck","HARV_026","2014-06-02T15:03Z","2015-09-27T16:00Z","HARV_026.20140602","HARV_026.20140602.IXOSCA.N","Ixodes scapularis","IXOSCA","species","Ixodidae",,,,"Ixodes",,"scapularis",,,"Keirans, J. E., and C. M. Clifford. 1978. The genus Ixodes in the United States: a scanning electron microscope study and key to the adults. Journal of Medical Entomology, 15(Supplement 2):1-38.","GSU_tickIdentification_SOP_2016-11-01.pdf","Say","Nymph",2,"OK","90% ethanol","125440",,"M. Bishof/L. Beati","Georgia Southern University",
"cf971230-bbe8-48ae-b551-2ed6bc97ffe6","HARV_026.tickPlot.tck","HARV_026","2014-06-02T15:03Z","2015-09-27T16:00Z","HARV_026.20140602","HARV_026.20140602.IXOSCA.L","Ixodes scapularis","IXOSCA","species","Ixodidae",,,,"Ixodes",,"scapularis",,,"Keirans, J. E., and C. M. Clifford. 1978. The genus Ixodes in the United States: a scanning electron microscope study and key to the adults. Journal of Medical Entomology, 15(Supplement 2):1-38.","GSU_tickIdentification_SOP_2016-11-01.pdf","Say","Larva",1,"OK","90% ethanol","125440",,"M. Bishof/L. Beati","Georgia Southern University",
"e4416068-a7cc-4b27-88f6-634b53753de7","HARV_001.tickPlot.tck","HARV_001","2014-06-02T16:10Z","2015-09-22T12:00Z","HARV_001.20140602","HARV_001.20140602.IXOSCA.N","Ixodes scapularis","IXOSCA","species","Ixodidae",,,,"Ixodes",,"scapularis",,,"Keirans, J. E., and C. M. Clifford. 1978. The genus Ixodes in the United States: a scanning electron microscope study and key to the adults. Journal of Medical Entomology, 15(Supplement 2):1-38.","GSU_tickIdentification_SOP_2016-11-01.pdf","Say","Nymph",6,"OK","95% ethanol","125393",,"P.Panhorst/L. Beati","Georgia Southern University",
"b3d2bf51-c489-4d86-b702-24478fbc4518","HARV_004.tickPlot.tck","HARV_004","2014-06-02T17:34Z","2015-09-22T16:00Z","HARV_004.20140602","HARV_004.20140602.IXOSCA.M","Ixodes scapularis","IXOSCA","species","Ixodidae",,,,"Ixodes",,"scapularis",,,,"GSU_tickIdentification_SOP_2016-11-01.pdf","Say","Male",1,"OK","90% ethanol","125399",,"P.Panhorst/L. Beati","Georgia Southern University",
"bb7f8d2b-321b-4091-a19f-d4f754ef213e","HARV_004.tickPlot.tck","HARV_004","2014-06-02T17:34Z","2015-09-22T16:00Z","HARV_004.20140602","HARV_004.20140602.IXOSCA.N","Ixodes scapularis","IXOSCA","species","Ixodidae",,,,"Ixodes",,"scapularis",,,,"GSU_tickIdentification_SOP_2016-11-01.pdf","Say","Nymph",3,"OK","90% ethanol","125399",,"P.Panhorst/L. Beati","Georgia Southern University",
"4b47acb6-9d1a-4770-8922-a986c0020d36","HARV_022.tickPlot.tck","HARV_022","2014-06-02T18:35Z","2015-09-26T16:00Z","HARV_022.20140602","HARV_022.20140602.IXOSCA.L","Ixodes scapularis","IXOSCA","species","Ixodidae",,,,"Ixodes",,"scapularis",,,"Keirans, J. E., and C. M. Clifford. 1978. The genus Ixodes in the United States: a scanning electron microscope study and key to the adults. Journal of Medical Entomology, 15(Supplement 2):1-38.","GSU_tickIdentification_SOP_2016-11-01.pdf","Say","Larva",1,"OK","90% ethanol","125429",,"P.Panhorst/L. Beati","Georgia Southern University",
"f0be7a6f-1d95-4350-a6ba-6927b56a66e4","HARV_022.tickPlot.tck","HARV_022","2014-06-02T18:35Z","2015-09-26T16:00Z","HARV_022.20140602","HARV_022.20140602.IXOSCA.N","Ixodes scapularis","IXOSCA","species","Ixodidae",,,,"Ixodes",,"scapularis",,,"Keirans, J. E., and C. M. Clifford. 1978. The genus Ixodes in the United States: a scanning electron microscope study and key to the adults. Journal of Medical Entomology, 15(Supplement 2):1-38.","GSU_tickIdentification_SOP_2016-11-01.pdf","Say","Nymph",6,"OK","90% ethanol","125429",,"P.Panhorst/L. Beati","Georgia Southern University",
"017d6cd6-11e5-4ae3-9775-dd03ebdc0795","HARV_022.tickPlot.tck","HARV_022","2014-06-23T15:00Z","2015-09-26T16:00Z","HARV_022.20140623","HARV_022.20140623.IXOSCA.N","Ixodes scapularis","IXOSCA","species","Ixodidae",,,,"Ixodes",,"scapularis",,,"Keirans, J. E., and C. M. Clifford. 1978. The genus Ixodes in the United States: a scanning electron microscope study and key to the adults. Journal of Medical Entomology, 15(Supplement 2):1-38.","GSU_tickIdentification_SOP_2016-11-01.pdf","Say","Nymph",4,"OK","90% ethanol","125430",,"P.Panhorst/L. Beati","Georgia Southern University",
"bfb24272-9efc-433d-bba2-a1c4375e0b59","HARV_020.tickPlot.tck","HARV_020","2014-06-23T18:50Z","2015-09-26T16:00Z","HARV_020.20140623","HARV_020.20140623.IXOSCA.N","Ixodes scapularis","IXOSCA","species","Ixodidae",,,,"Ixodes",,"scapularis",,,"Keirans, J. E., and C. M. Clifford. 1978. The genus Ixodes in the United States: a scanning electron microscope study and key to the adults. Journal of Medical Entomology, 15(Supplement 2):1-38.","GSU_tickIdentification_SOP_2016-11-01.pdf","Say","Nymph",12,"OK","90% ethanol","125419",,"P.Panhorst/L. Beati","Georgia Southern University",
"bd5e07f9-d40e-4885-892f-57031a78a26b","HARV_026.tickPlot.tck","HARV_026","2014-06-23T19:50Z","2015-09-27T16:00Z","HARV_026.20140623","HARV_026.20140623.IXOSCA.N","Ixodes scapularis","IXOSCA","species","Ixodidae",,,,"Ixodes",,"scapularis",,,"Keirans, J. E., and C. M. Clifford. 1978. The genus Ixodes in the United States: a scanning electron microscope study and key to the adults. Journal of Medical Entomology, 15(Supplement 2):1-38.","GSU_tickIdentification_SOP_2016-11-01.pdf","Say","Nymph",1,"OK","90% ethanol","125441",,"M. Bishof/L. Beati","Georgia Southern University",
"1a085814-21ae-4bdf-a43e-1586d9620d9e","HARV_026.tickPlot.tck","HARV_026","2014-06-23T19:50Z","2015-09-27T16:00Z","HARV_026.20140623","HARV_026.20140623.IXOSCA.M","Ixodes scapularis","IXOSCA","species","Ixodidae",,,,"Ixodes",,"scapularis",,,"Keirans, J. E., and C. M. Clifford. 1978. The genus Ixodes in the United States: a scanning electron microscope study and key to the adults. Journal of Medical Entomology, 15(Supplement 2):1-38.","GSU_tickIdentification_SOP_2016-11-01.pdf","Say","Male",1,"OK","90% ethanol","125441",,"M. Bishof/L. Beati","Georgia Southern University",
"88e2550f-a9c6-444f-ae6a-9cf1fce86f2e","HARV_006.tickPlot.tck","HARV_006","2014-06-23T20:20Z","2015-09-18T16:00Z","HARV_006.20140623","HARV_006.20140623.IXOSCA.N","Ixodes scapularis","IXOSCA","species","Ixodidae",,,,"Ixodes",,"scapularis",,,"Keirans, J. E., and C. M. Clifford. 1978. The genus Ixodes in the United States: a scanning electron microscope study and key to the adults. Journal of Medical Entomology, 15(Supplement 2):1-38.","GSU_tickIdentification_SOP_2016-11-01.pdf","Say","Nymph",3,"OK","90% ethanol","125408",,"P.Panhorst/L. Beati","Georgia Southern University",
"61509870-3882-42ec-85ec-74508d74a62f","HARV_001.tickPlot.tck","HARV_001","2014-06-24T13:50Z","2015-09-22T12:00Z","HARV_001.20140624","HARV_001.20140624.IXOSCA.N","Ixodes scapularis","IXOSCA","species","Ixodidae",,,,"Ixodes",,"scapularis",,,"Keirans, J. E., and C. M. Clifford. 1978. The genus Ixodes in the United States: a scanning electron microscope study and key to the adults. Journal of Medical Entomology, 15(Supplement 2):1-38.","GSU_tickIdentification_SOP_2016-11-01.pdf","Say","Nymph",8,"OK","95% ethanol","125394",,"P.Panhorst/L. Beati","Georgia Southern University",
