uid,namedLocation,date,eventID,domainID,siteID,plotID,subplotID,individualID,tagStatus,growthForm,plantStatus,stemDiameter,measurementHeight,height,baseCrownHeight,breakHeight,breakDiameter,maxCrownDiameter,ninetyCrownDiameter,canopyPosition,shape,basalStemDiameter,basalStemDiameterMsrmntHeight,maxBaseCrownDiameter,ninetyBaseCrownDiameter,remarks,recordedBy,measuredBy,dataQF
"bf86437e-6537-459f-b000-ee4b76a48cfc","YELL_013.basePlot.vst","2018-05-17","vst_YELL_2018","D12","YELL","YELL_013",,"NEON.PLA.D12.YELL.00100","ok","small shrub","Live",,,0.6,0.0,,,0.9,0.8,,"ellipsoid or sphere",1.6,10,,,,"rkwvOVhKeYIT1sfC91awRFj+xf/VrBycR5w1IRnfy0c=","8BLyH4QejtyTIffEHZu5Avmb8Hj1EALkOYcni7Ub4hU=",
"83a5dc99-32cf-4980-bf7d-bea416d9d88c","YELL_013.basePlot.vst","2018-05-17","vst_YELL_2018","D12","YELL","YELL_013",,"NEON.PLA.D12.YELL.00097","ok","small shrub","Live",,,0.8,0.0,,,1.0,0.6,,"ellipsoid or sphere",1.8,10,,,,"rkwvOVhKeYIT1sfC91awRFj+xf/VrBycR5w1IRnfy0c=","8BLyH4QejtyTIffEHZu5Avmb8Hj1EALkOYcni7Ub4hU=",
"fe20de34-4ebc-4157-bbe7-86efb949a71f","YELL_013.basePlot.vst","2018-05-17","vst_YELL_2018","D12","YELL","YELL_013",,"NEON.PLA.D12.YELL.00081","ok","small shrub","Live",,,0.5,0.0,,,0.9,0.7,,"ellipsoid or sphere",1.2,10,,,,"v/j7qYOm7u3pksoqGuTQMmsk5MplnAHSvxstan27LCKrEc5na6FSKA==","OqqU1CZip9dP1XaGfMRI8S3mdYwHde7nTlnGUVgWamE=",
"cab6cc85-a0c3-4bbe-a0b4-10a9a35dcd68","YELL_013.basePlot.vst","2018-05-17","vst_YELL_2018","D12","YELL","YELL_013",,"NEON.PLA.D12.YELL.00086","ok","small shrub","Live",,,1.1,0.0,,,0.9,0.5,,"ellipsoid or sphere",3.7,10,,,,"v/j7qYOm7u3pksoqGuTQMmsk5MplnAHSvxstan27LCKrEc5na6FSKA==","OqqU1CZip9dP1XaGfMRI8S3mdYwHde7nTlnGUVgWamE=",
"a00dfb05-b165-46b8-aa7f-97dab9072e93","YELL_013.basePlot.vst","2018-05-17","vst_YELL_2018","D12","YELL","YELL_013",,"NEON.PLA.D12.YELL.00091","ok","small shrub","Live",,,0.3,0.0,,,0.7,0.4,,"ellipsoid or sphere",1.3,10,,,,"rkwvOVhKeYIT1sfC91awRFj+xf/VrBycR5w1IRnfy0c=","8BLyH4QejtyTIffEHZu5Avmb8Hj1EALkOYcni7Ub4hU=",
"62b1661d-38e6-4a11-a680-e59184d14886","YELL_013.basePlot.vst","2018-05-17","vst_YELL_2018","D12","YELL","YELL_013",,"NEON.PLA.D12.YELL.00098","ok","small shrub","Live",,,0.7,0.0,,,1.0,0.8,,"ellipsoid or sphere",1.8,10,,,,"rkwvOVhKeYIT1sfC91awRFj+xf/VrBycR5w1IRnfy0c=","8BLyH4QejtyTIffEHZu5Avmb8Hj1EALkOYcni7Ub4hU=",
"d88ee7d3-257a-4a40-834a-6fffe39784a6","YELL_013.basePlot.vst","2018-05-17","vst_YELL_2018","D12","YELL","YELL_013",,"NEON.PLA.D12.YELL.00052","ok","small shrub","Standing dead",,,0.4,0.0,,,0.8,0.8,,"ellipsoid or sphere",7.1,10,,,,"v/j7qYOm7u3pksoqGuTQMmsk5MplnAHSvxstan27LCKrEc5na6FSKA==","OqqU1CZip9dP1XaGfMRI8S3mdYwHde7nTlnGUVgWamE=",
"2aedc5dd-b180-4e65-a4bb-11a7e5ef0d36","YELL_013.basePlot.vst","2018-05-17","vst_YELL_2018","D12","YELL","YELL_013",,"NEON.PLA.D12.YELL.00076","ok","small shrub","Standing dead",,,0.4,0.0,,,0.5,0.3,,"ellipsoid or sphere",1.3,10,,,,"v/j7qYOm7u3pksoqGuTQMmsk5MplnAHSvxstan27LCKrEc5na6FSKA==","OqqU1CZip9dP1XaGfMRI8S3mdYwHde7nTlnGUVgWamE=",
"546b61c1-9295-45b6-a3b3-40f75e4dab56","YELL_013.basePlot.vst","2018-05-17","vst_YELL_2018","D12","YELL","YELL_013",,"NEON.PLA.D12.YELL.00093","ok","small shrub","Live",,,0.2,0.0,,,0.3,0.2,,"ellipsoid or sphere",2.4,10,,,,"rkwvOVhKeYIT1sfC91awRFj+xf/VrBycR5w1IRnfy0c=","8BLyH4QejtyTIffEHZu5Avmb8Hj1EALkOYcni7Ub4hU=",
"1994e727-d585-4b8a-90d4-fe470ba005d7","YELL_013.basePlot.vst","2018-05-17","vst_YELL_2018","D12","YELL","YELL_013",,"NEON.PLA.D12.YELL.00080","ok","small shrub","Live",,,0.5,0.0,,,0.5,0.5,,"ellipsoid or sphere",2.0,10,,,,"v/j7qYOm7u3pksoqGuTQMmsk5MplnAHSvxstan27LCKrEc5na6FSKA==","OqqU1CZip9dP1XaGfMRI8S3mdYwHde7nTlnGUVgWamE=",
"98aca643-42ca-490c-b68a-998b6f134a66","YELL_013.basePlot.vst","2018-05-17","vst_YELL_2018","D12","YELL","YELL_013",,"NEON.PLA.D12.YELL.00081","ok","small shrub","Standing dead",,,0.5,0.0,,,0.9,0.7,,"ellipsoid or sphere",1.4,10,,,,"v/j7qYOm7u3pksoqGuTQMmsk5MplnAHSvxstan27LCKrEc5na6FSKA==","OqqU1CZip9dP1XaGfMRI8S3mdYwHde7nTlnGUVgWamE=",
"1f6c2421-a5e8-427c-96aa-fde23ec23394","YELL_013.basePlot.vst","2018-05-17","vst_YELL_2018","D12","YELL","YELL_013",,"NEON.PLA.D12.YELL.00082","ok","small shrub","Live",,,0.6,0.0,,,0.9,0.9,,"ellipsoid or sphere",2.3,10,,,,"v/j7qYOm7u3pksoqGuTQMmsk5MplnAHSvxstan27LCKrEc5na6FSKA==","OqqU1CZip9dP1XaGfMRI8S3mdYwHde7nTlnGUVgWamE=",
"9ce138ea-6d6d-4958-9dc4-10dc4fe783bd","YELL_013.basePlot.vst","2018-05-17","vst_YELL_2018","D12","YELL","YELL_013",,"NEON.PLA.D12.YELL.00082","ok","small shrub","Live",,,0.6,0.0,,,0.9,0.9,,"ellipsoid or sphere",1.6,10,,,,"v/j7qYOm7u3pksoqGuTQMmsk5MplnAHSvxstan27LCKrEc5na6FSKA==","OqqU1CZip9dP1XaGfMRI8S3mdYwHde7nTlnGUVgWamE=",
"3f8e64b6-76b5-4f31-b3d7-e8da957bee3e","YELL_013.basePlot.vst","2018-05-17","vst_YELL_2018","D12","YELL","YELL_013",,"NEON.PLA.D12.YELL.00080","ok","small shrub","Live",,,0.5,0.0,,,0.5,0.5,,"ellipsoid or sphere",2.4,10,,,,"v/j7qYOm7u3pksoqGuTQMmsk5MplnAHSvxstan27LCKrEc5na6FSKA==","OqqU1CZip9dP1XaGfMRI8S3mdYwHde7nTlnGUVgWamE=",
"08c01793-b86a-4354-bc20-3dcb6b51be9e","YELL_013.basePlot.vst","2018-05-17","vst_YELL_2018","D12","YELL","YELL_013",,"NEON.PLA.D12.YELL.00094","ok","small shrub","Live",,,0.4,0.0,,,0.5,0.3,,"ellipsoid or sphere",1.1,10,,,,"rkwvOVhKeYIT1sfC91awRFj+xf/VrBycR5w1IRnfy0c=","8BLyH4QejtyTIffEHZu5Avmb8Hj1EALkOYcni7Ub4hU=",
"04440a94-c4fe-4e60-a0c2-86e4d434a556","YELL_013.basePlot.vst","2018-05-17","vst_YELL_2018","D12","YELL","YELL_013",,"NEON.PLA.D12.YELL.00099","ok","small shrub","Live",,,0.6,0.0,,,1.0,0.7,,"ellipsoid or sphere",2.3,10,,,,"rkwvOVhKeYIT1sfC91awRFj+xf/VrBycR5w1IRnfy0c=","8BLyH4QejtyTIffEHZu5Avmb8Hj1EALkOYcni7Ub4hU=",
"ea73fd23-2c15-4eb7-a1ca-1c3b8d271c71","YELL_013.basePlot.vst","2018-05-17","vst_YELL_2018","D12","YELL","YELL_013",,"NEON.PLA.D12.YELL.00082","ok","small shrub","Live",,,0.6,0.0,,,0.9,0.9,,"ellipsoid or sphere",2.1,10,,,,"v/j7qYOm7u3pksoqGuTQMmsk5MplnAHSvxstan27LCKrEc5na6FSKA==","OqqU1CZip9dP1XaGfMRI8S3mdYwHde7nTlnGUVgWamE=",
"325d172f-417e-43ea-b07c-12675a19c1fa","YELL_013.basePlot.vst","2018-05-17","vst_YELL_2018","D12","YELL","YELL_013",,"NEON.PLA.D12.YELL.00078","ok","small shrub","Live",,,0.4,0.0,,,0.4,0.2,,"ellipsoid or sphere",2.2,10,,,,"v/j7qYOm7u3pksoqGuTQMmsk5MplnAHSvxstan27LCKrEc5na6FSKA==","OqqU1CZip9dP1XaGfMRI8S3mdYwHde7nTlnGUVgWamE=",
"14e25d2d-0e02-4e0b-b2f5-a253d2c79fbc","YELL_013.basePlot.vst","2018-05-17","vst_YELL_2018","D12","YELL","YELL_013",,"NEON.PLA.D12.YELL.00082","ok","small shrub","Live",,,0.6,0.0,,,0.9,0.9,,"ellipsoid or sphere",1.9,10,,,,"v/j7qYOm7u3pksoqGuTQMmsk5MplnAHSvxstan27LCKrEc5na6FSKA==","OqqU1CZip9dP1XaGfMRI8S3mdYwHde7nTlnGUVgWamE=",
"743dee54-ee8d-414a-86b4-87e6eecafadc","YELL_013.basePlot.vst","2018-05-17","vst_YELL_2018","D12","YELL","YELL_013",,"NEON.PLA.D12.YELL.00081","ok","small shrub","Live",,,0.5,0.0,,,0.9,0.7,,"ellipsoid or sphere",1.3,10,,,,"v/j7qYOm7u3pksoqGuTQMmsk5MplnAHSvxstan27LCKrEc5na6FSKA==","OqqU1CZip9dP1XaGfMRI8S3mdYwHde7nTlnGUVgWamE=",
"481ef5fd-a541-4c3c-9114-cedd5c4c6e5d","YELL_013.basePlot.vst","2018-05-17","vst_YELL_2018","D12","YELL","YELL_013",,"NEON.PLA.D12.YELL.00098","ok","small shrub","Live",,,0.7,0.0,,,1.0,0.8,,"ellipsoid or sphere",1.2,10,,,,"rkwvOVhKeYIT1sfC91awRFj+xf/VrBycR5w1IRnfy0c=","8BLyH4QejtyTIffEHZu5Avmb8Hj1EALkOYcni7Ub4hU=",
"e3675ce1-28d6-4efd-a814-90168d31799d","YELL_013.basePlot.vst","2018-05-17","vst_YELL_2018","D12","YELL","YELL_013",,"NEON.PLA.D12.YELL.00080","ok","small shrub","Live",,,0.5,0.0,,,0.5,0.5,,"ellipsoid or sphere",1.3,10,,,,"v/j7qYOm7u3pksoqGuTQMmsk5MplnAHSvxstan27LCKrEc5na6FSKA==","OqqU1CZip9dP1XaGfMRI8S3mdYwHde7nTlnGUVgWamE=",
"7a5c9a03-0b38-4403-88be-8fd84f3e4a53","YELL_013.basePlot.vst","2018-05-17","vst_YELL_2018","D12","YELL","YELL_013",,"NEON.PLA.D12.YELL.00075","ok","small shrub","Standing dead",,,1.7,0.0,,,0.3,0.1,,"ellipsoid or sphere",2.3,10,,,,"v/j7qYOm7u3pksoqGuTQMmsk5MplnAHSvxstan27LCKrEc5na6FSKA==","OqqU1CZip9dP1XaGfMRI8S3mdYwHde7nTlnGUVgWamE=",
"aba5d22f-0154-4fbe-af21-1c4a1c80b800","YELL_013.basePlot.vst","2018-05-17","vst_YELL_2018","D12","YELL","YELL_013",,"NEON.PLA.D12.YELL.00088","ok","small shrub","Live",,,0.2,0.0,,,0.5,0.4,,"ellipsoid or sphere",1.6,10,,,,"rkwvOVhKeYIT1sfC91awRFj+xf/VrBycR5w1IRnfy0c=","8BLyH4QejtyTIffEHZu5Avmb8Hj1EALkOYcni7Ub4hU=",
"56407327-f3e4-4d5d-92bd-427d23e8cf24","YELL_013.basePlot.vst","2018-05-17","vst_YELL_2018","D12","YELL","YELL_013",,"NEON.PLA.D12.YELL.00084","ok","small shrub","Live",,,0.7,0.0,,,1.1,1.0,,"ellipsoid or sphere",4.0,10,,,,"v/j7qYOm7u3pksoqGuTQMmsk5MplnAHSvxstan27LCKrEc5na6FSKA==","OqqU1CZip9dP1XaGfMRI8S3mdYwHde7nTlnGUVgWamE=",
"5a43fb3d-626e-46d0-a788-08cfda4fd981","YELL_013.basePlot.vst","2018-05-17","vst_YELL_2018","D12","YELL","YELL_013",,"NEON.PLA.D12.YELL.00100","ok","small shrub","Live",,,0.6,0.0,,,0.9,0.8,,"ellipsoid or sphere",1.8,10,,,,"rkwvOVhKeYIT1sfC91awRFj+xf/VrBycR5w1IRnfy0c=","8BLyH4QejtyTIffEHZu5Avmb8Hj1EALkOYcni7Ub4hU=",
"96eb7e7b-8146-4cce-a5ea-d3ca44fd9926","YELL_013.basePlot.vst","2018-05-17","vst_YELL_2018","D12","YELL","YELL_013",,"NEON.PLA.D12.YELL.00081","ok","small shrub","Live",,,0.5,0.0,,,0.9,0.7,,"ellipsoid or sphere",1.1,10,,,,"v/j7qYOm7u3pksoqGuTQMmsk5MplnAHSvxstan27LCKrEc5na6FSKA==","OqqU1CZip9dP1XaGfMRI8S3mdYwHde7nTlnGUVgWamE=",
"cd4662b2-f4f7-4a04-8694-df6104dd906d","YELL_013.basePlot.vst","2018-05-17","vst_YELL_2018","D12","YELL","YELL_013",,"NEON.PLA.D12.YELL.00087","ok","small shrub","Live",,,0.5,0.0,,,0.8,0.3,,"ellipsoid or sphere",1.9,10,,,,"rkwvOVhKeYIT1sfC91awRFj+xf/VrBycR5w1IRnfy0c=","8BLyH4QejtyTIffEHZu5Avmb8Hj1EALkOYcni7Ub4hU=",
"cd55a853-3de6-417a-8cbb-3bf329e48161","YELL_013.basePlot.vst","2018-05-17","vst_YELL_2018","D12","YELL","YELL_013",,"NEON.PLA.D12.YELL.00083","ok","small shrub","Live",,,0.5,0.0,,,0.5,0.4,,"ellipsoid or sphere",1.6,10,,,,"v/j7qYOm7u3pksoqGuTQMmsk5MplnAHSvxstan27LCKrEc5na6FSKA==","OqqU1CZip9dP1XaGfMRI8S3mdYwHde7nTlnGUVgWamE=",
"d1a8ddcb-df19-43a5-a8a5-de12b7641f70","YELL_013.basePlot.vst","2018-05-17","vst_YELL_2018","D12","YELL","YELL_013",,"NEON.PLA.D12.YELL.00084","ok","small shrub","Live",,,0.7,0.0,,,1.1,1.0,,"ellipsoid or sphere",4.4,10,,,,"v/j7qYOm7u3pksoqGuTQMmsk5MplnAHSvxstan27LCKrEc5na6FSKA==","OqqU1CZip9dP1XaGfMRI8S3mdYwHde7nTlnGUVgWamE=",
"be4c9170-e08a-4b64-8645-8d9a5e8878f2","YELL_013.basePlot.vst","2018-05-17","vst_YELL_2018","D12","YELL","YELL_013",,"NEON.PLA.D12.YELL.00100","ok","small shrub","Live",,,0.6,0.0,,,0.9,0.8,,"ellipsoid or sphere",1.5,10,,,,"rkwvOVhKeYIT1sfC91awRFj+xf/VrBycR5w1IRnfy0c=","8BLyH4QejtyTIffEHZu5Avmb8Hj1EALkOYcni7Ub4hU=",
"9daa749b-3025-4bec-8bad-a92fd32d1638","YELL_013.basePlot.vst","2018-05-17","vst_YELL_2018","D12","YELL","YELL_013",,"NEON.PLA.D12.YELL.00081","ok","small shrub","Live",,,0.5,0.0,,,0.9,0.7,,"ellipsoid or sphere",1.1,10,,,,"v/j7qYOm7u3pksoqGuTQMmsk5MplnAHSvxstan27LCKrEc5na6FSKA==","OqqU1CZip9dP1XaGfMRI8S3mdYwHde7nTlnGUVgWamE=",
"a21a80b5-d69d-4eb7-abab-ab40501af719","YELL_013.basePlot.vst","2018-05-17","vst_YELL_2018","D12","YELL","YELL_013",,"NEON.PLA.D12.YELL.00085","ok","small shrub","Live",,,0.8,0.0,,,1.2,0.7,,"ellipsoid or sphere",1.5,10,,,,"v/j7qYOm7u3pksoqGuTQMmsk5MplnAHSvxstan27LCKrEc5na6FSKA==","OqqU1CZip9dP1XaGfMRI8S3mdYwHde7nTlnGUVgWamE=",
"0544b481-aadc-40b4-8fef-ca0d5ac99cf9","YELL_013.basePlot.vst","2018-05-17","vst_YELL_2018","D12","YELL","YELL_013",,"NEON.PLA.D12.YELL.00085","ok","small shrub","Live",,,0.8,0.0,,,1.2,0.7,,"ellipsoid or sphere",1.7,10,,,,"v/j7qYOm7u3pksoqGuTQMmsk5MplnAHSvxstan27LCKrEc5na6FSKA==","OqqU1CZip9dP1XaGfMRI8S3mdYwHde7nTlnGUVgWamE=",
"9ccb974f-46dc-45b7-aa2f-56f0aedb4e87","YELL_013.basePlot.vst","2018-05-17","vst_YELL_2018","D12","YELL","YELL_013",,"NEON.PLA.D12.YELL.00079","ok","small shrub","Live",,,0.5,0.1,,,0.4,0.4,,"ellipsoid or sphere",2.7,10,,,,"v/j7qYOm7u3pksoqGuTQMmsk5MplnAHSvxstan27LCKrEc5na6FSKA==","OqqU1CZip9dP1XaGfMRI8S3mdYwHde7nTlnGUVgWamE=",
"fb8a23f6-8b8b-4d43-885c-ff960e10ae6b","YELL_013.basePlot.vst","2018-05-17","vst_YELL_2018","D12","YELL","YELL_013",,"NEON.PLA.D12.YELL.00097","ok","small shrub","Live",,,0.8,0.0,,,1.0,0.6,,"ellipsoid or sphere",3.5,10,,,,"rkwvOVhKeYIT1sfC91awRFj+xf/VrBycR5w1IRnfy0c=","8BLyH4QejtyTIffEHZu5Avmb8Hj1EALkOYcni7Ub4hU=",
"69387253-ab42-45dd-ad9a-5055a6a8444a","YELL_013.basePlot.vst","2018-05-17","vst_YELL_2018","D12","YELL","YELL_013",,"NEON.PLA.D12.YELL.00078","ok","small shrub","Live",,,0.4,0.0,,,0.4,0.2,,"ellipsoid or sphere",1.1,10,,,,"v/j7qYOm7u3pksoqGuTQMmsk5MplnAHSvxstan27LCKrEc5na6FSKA==","OqqU1CZip9dP1XaGfMRI8S3mdYwHde7nTlnGUVgWamE=",
"228640e6-a129-4871-a613-0f774b753d3c","YELL_013.basePlot.vst","2018-05-17","vst_YELL_2018","D12","YELL","YELL_013",,"NEON.PLA.D12.YELL.00084","ok","small shrub","Live",,,0.7,0.0,,,1.1,1.0,,"ellipsoid or sphere",1.7,10,,,,"v/j7qYOm7u3pksoqGuTQMmsk5MplnAHSvxstan27LCKrEc5na6FSKA==","OqqU1CZip9dP1XaGfMRI8S3mdYwHde7nTlnGUVgWamE=",
"ef74d7c9-b44a-4714-b689-938d88568f88","YELL_013.basePlot.vst","2018-05-17","vst_YELL_2018","D12","YELL","YELL_013",,"NEON.PLA.D12.YELL.00085","ok","small shrub","Live",,,0.8,0.0,,,1.2,0.7,,"ellipsoid or sphere",1.1,10,,,,"v/j7qYOm7u3pksoqGuTQMmsk5MplnAHSvxstan27LCKrEc5na6FSKA==","OqqU1CZip9dP1XaGfMRI8S3mdYwHde7nTlnGUVgWamE=",
"b671ced4-de87-40c1-a945-edde0fb45dff","YELL_013.basePlot.vst","2018-05-17","vst_YELL_2018","D12","YELL","YELL_013",,"NEON.PLA.D12.YELL.00103","ok","small shrub","Live",,,0.4,0.0,,,0.3,0.2,,"ellipsoid or sphere",1.1,10,,,,"rkwvOVhKeYIT1sfC91awRFj+xf/VrBycR5w1IRnfy0c=","8BLyH4QejtyTIffEHZu5Avmb8Hj1EALkOYcni7Ub4hU=",
"3e9fa8f8-4d12-4039-a812-774eff89dbe7","YELL_013.basePlot.vst","2018-05-17","vst_YELL_2018","D12","YELL","YELL_013",,"NEON.PLA.D12.YELL.00076","ok","small shrub","Live",,,0.4,0.0,,,0.5,0.3,,"ellipsoid or sphere",2.1,10,,,,"v/j7qYOm7u3pksoqGuTQMmsk5MplnAHSvxstan27LCKrEc5na6FSKA==","OqqU1CZip9dP1XaGfMRI8S3mdYwHde7nTlnGUVgWamE=",
"07a7d6b2-f492-4d97-9ef9-5f7b419985c5","YELL_013.basePlot.vst","2018-05-17","vst_YELL_2018","D12","YELL","YELL_013",,"NEON.PLA.D12.YELL.00082","ok","small shrub","Live",,,0.6,0.0,,,0.9,0.9,,"ellipsoid or sphere",3.5,10,,,,"v/j7qYOm7u3pksoqGuTQMmsk5MplnAHSvxstan27LCKrEc5na6FSKA==","OqqU1CZip9dP1XaGfMRI8S3mdYwHde7nTlnGUVgWamE=",
"8b5706ab-a282-47ac-92e9-b6055a5b40a5","YELL_013.basePlot.vst","2018-05-17","vst_YELL_2018","D12","YELL","YELL_013",,"NEON.PLA.D12.YELL.00098","ok","small shrub","Live",,,0.7,0.0,,,1.0,0.8,,"ellipsoid or sphere",1.6,10,,,,"rkwvOVhKeYIT1sfC91awRFj+xf/VrBycR5w1IRnfy0c=","8BLyH4QejtyTIffEHZu5Avmb8Hj1EALkOYcni7Ub4hU=",
"fcf2852c-b851-4f96-9ec0-bbe5574c2010","YELL_013.basePlot.vst","2018-05-17","vst_YELL_2018","D12","YELL","YELL_013",,"NEON.PLA.D12.YELL.00095","ok","small shrub","Standing dead",,,3.0,0.0,,,0.3,0.3,,"ellipsoid or sphere",1.3,10,,,,"rkwvOVhKeYIT1sfC91awRFj+xf/VrBycR5w1IRnfy0c=","8BLyH4QejtyTIffEHZu5Avmb8Hj1EALkOYcni7Ub4hU=",
"1fae70dc-5383-453a-8a66-083e95029c41","YELL_013.basePlot.vst","2018-05-17","vst_YELL_2018","D12","YELL","YELL_013",,"NEON.PLA.D12.YELL.00089","ok","small shrub","Live",,,0.2,0.0,,,0.6,0.4,,"ellipsoid or sphere",1.9,10,,,,"rkwvOVhKeYIT1sfC91awRFj+xf/VrBycR5w1IRnfy0c=","8BLyH4QejtyTIffEHZu5Avmb8Hj1EALkOYcni7Ub4hU=",
"ddcbcf07-5aec-487f-b53c-395860a35d37","YELL_013.basePlot.vst","2018-05-17","vst_YELL_2018","D12","YELL","YELL_013",,"NEON.PLA.D12.YELL.00094","ok","small shrub","Live",,,0.4,0.0,,,0.5,0.3,,"ellipsoid or sphere",1.5,10,,,,"rkwvOVhKeYIT1sfC91awRFj+xf/VrBycR5w1IRnfy0c=","8BLyH4QejtyTIffEHZu5Avmb8Hj1EALkOYcni7Ub4hU=",
"24206af4-9c36-45ce-8d4b-3630efdfb0e8","YELL_013.basePlot.vst","2018-05-17","vst_YELL_2018","D12","YELL","YELL_013",,"NEON.PLA.D12.YELL.00098","ok","small shrub","Live",,,0.7,0.0,,,1.0,0.8,,"ellipsoid or sphere",1.8,10,,,,"rkwvOVhKeYIT1sfC91awRFj+xf/VrBycR5w1IRnfy0c=","8BLyH4QejtyTIffEHZu5Avmb8Hj1EALkOYcni7Ub4hU=",
"5ba94fcf-ce87-4ed7-8e4a-4d985ff2d5e3","YELL_013.basePlot.vst","2018-05-17","vst_YELL_2018","D12","YELL","YELL_013",,"NEON.PLA.D12.YELL.00101","ok","small shrub","Live",,,0.5,0.0,,,0.9,0.5,,"ellipsoid or sphere",1.5,10,,,,"rkwvOVhKeYIT1sfC91awRFj+xf/VrBycR5w1IRnfy0c=","8BLyH4QejtyTIffEHZu5Avmb8Hj1EALkOYcni7Ub4hU=",
"70479e89-1ca2-47fb-8ec3-432c0bedf8fb","YELL_013.basePlot.vst","2018-05-17","vst_YELL_2018","D12","YELL","YELL_013",,"NEON.PLA.D12.YELL.00087","ok","small shrub","Live",,,0.5,0.0,,,0.8,0.3,,"ellipsoid or sphere",1.5,10,,,,"rkwvOVhKeYIT1sfC91awRFj+xf/VrBycR5w1IRnfy0c=","8BLyH4QejtyTIffEHZu5Avmb8Hj1EALkOYcni7Ub4hU=",
"2da5332b-942c-4f9c-9d37-bd8a3ea5c937","YELL_013.basePlot.vst","2018-05-17","vst_YELL_2018","D12","YELL","YELL_013",,"NEON.PLA.D12.YELL.00103","ok","small shrub","Standing dead",,,0.4,0.0,,,0.3,0.2,,"ellipsoid or sphere",1.1,10,,,,"rkwvOVhKeYIT1sfC91awRFj+xf/VrBycR5w1IRnfy0c=","8BLyH4QejtyTIffEHZu5Avmb8Hj1EALkOYcni7Ub4hU=",
"c7857708-e987-4eb3-b8e8-d448da1fdd61","YELL_013.basePlot.vst","2018-05-17","vst_YELL_2018","D12","YELL","YELL_013",,"NEON.PLA.D12.YELL.00098","ok","small shrub","Live",,,0.7,0.0,,,1.0,0.8,,"ellipsoid or sphere",1.1,10,,,,"rkwvOVhKeYIT1sfC91awRFj+xf/VrBycR5w1IRnfy0c=","8BLyH4QejtyTIffEHZu5Avmb8Hj1EALkOYcni7Ub4hU=",
"99acaab0-5413-489e-9efa-876d86f5c549","YELL_013.basePlot.vst","2018-05-17","vst_YELL_2018","D12","YELL","YELL_013",,"NEON.PLA.D12.YELL.00091","ok","small shrub","Live",,,0.3,0.0,,,0.7,0.4,,"ellipsoid or sphere",1.9,10,,,,"rkwvOVhKeYIT1sfC91awRFj+xf/VrBycR5w1IRnfy0c=","8BLyH4QejtyTIffEHZu5Avmb8Hj1EALkOYcni7Ub4hU=",
"736186dc-cfb2-4923-8eff-90b3ac65784d","YELL_013.basePlot.vst","2018-05-17","vst_YELL_2018","D12","YELL","YELL_013",,"NEON.PLA.D12.YELL.00099","ok","small shrub","Live",,,0.6,0.0,,,1.0,0.7,,"ellipsoid or sphere",3.6,10,,,,"rkwvOVhKeYIT1sfC91awRFj+xf/VrBycR5w1IRnfy0c=","8BLyH4QejtyTIffEHZu5Avmb8Hj1EALkOYcni7Ub4hU=",
"af76ed0a-4e69-4d83-a2bf-e803c9926aa3","YELL_013.basePlot.vst","2018-05-17","vst_YELL_2018","D12","YELL","YELL_013",,"NEON.PLA.D12.YELL.00082","ok","small shrub","Live",,,0.6,0.0,,,0.9,0.9,,"ellipsoid or sphere",1.3,10,,,,"v/j7qYOm7u3pksoqGuTQMmsk5MplnAHSvxstan27LCKrEc5na6FSKA==","OqqU1CZip9dP1XaGfMRI8S3mdYwHde7nTlnGUVgWamE=",
"4b98be82-532b-45be-9454-d2298baffb66","YELL_013.basePlot.vst","2018-05-17","vst_YELL_2018","D12","YELL","YELL_013",,"NEON.PLA.D12.YELL.00084","ok","small shrub","Live",,,0.7,0.0,,,1.1,1.0,,"ellipsoid or sphere",3.5,10,,,,"v/j7qYOm7u3pksoqGuTQMmsk5MplnAHSvxstan27LCKrEc5na6FSKA==","OqqU1CZip9dP1XaGfMRI8S3mdYwHde7nTlnGUVgWamE=",
"c0d3016d-2dea-47f7-ae55-9de0e52b0da5","YELL_013.basePlot.vst","2018-05-17","vst_YELL_2018","D12","YELL","YELL_013",,"NEON.PLA.D12.YELL.00090","ok","single shrub","Standing dead",2.1,10,0.2,0.0,,,0.4,0.1,,"ellipsoid or sphere",2.1,10,,,,"rkwvOVhKeYIT1sfC91awRFj+xf/VrBycR5w1IRnfy0c=","8BLyH4QejtyTIffEHZu5Avmb8Hj1EALkOYcni7Ub4hU=",
"61c91e9c-1a62-4a42-bb8c-552da8121e53","YELL_013.basePlot.vst","2018-05-17","vst_YELL_2018","D12","YELL","YELL_013",,"NEON.PLA.D12.YELL.00081","ok","small shrub","Live",,,0.5,0.0,,,0.9,0.7,,"ellipsoid or sphere",1.2,10,,,,"v/j7qYOm7u3pksoqGuTQMmsk5MplnAHSvxstan27LCKrEc5na6FSKA==","OqqU1CZip9dP1XaGfMRI8S3mdYwHde7nTlnGUVgWamE=",
"d4998e2b-068d-4de7-84f9-38701bb6434c","YELL_013.basePlot.vst","2018-05-17","vst_YELL_2018","D12","YELL","YELL_013",,"NEON.PLA.D12.YELL.00076","ok","small shrub","Live",,,0.4,0.0,,,0.5,0.3,,"ellipsoid or sphere",1.5,10,,,,"v/j7qYOm7u3pksoqGuTQMmsk5MplnAHSvxstan27LCKrEc5na6FSKA==","OqqU1CZip9dP1XaGfMRI8S3mdYwHde7nTlnGUVgWamE=",
"3cc1d098-5362-4dba-9473-b47ebc487c40","YELL_013.basePlot.vst","2018-05-17","vst_YELL_2018","D12","YELL","YELL_013",,"NEON.PLA.D12.YELL.00087","ok","small shrub","Live",,,0.5,0.0,,,0.8,0.3,,"ellipsoid or sphere",1.9,10,,,,"rkwvOVhKeYIT1sfC91awRFj+xf/VrBycR5w1IRnfy0c=","8BLyH4QejtyTIffEHZu5Avmb8Hj1EALkOYcni7Ub4hU=",
"21348480-1953-4da2-b20a-5416fd06b759","YELL_013.basePlot.vst","2018-05-17","vst_YELL_2018","D12","YELL","YELL_013",,"NEON.PLA.D12.YELL.00083","ok","small shrub","Live",,,0.5,0.0,,,0.5,0.4,,"ellipsoid or sphere",1.6,10,,,,"v/j7qYOm7u3pksoqGuTQMmsk5MplnAHSvxstan27LCKrEc5na6FSKA==","OqqU1CZip9dP1XaGfMRI8S3mdYwHde7nTlnGUVgWamE=",
"7fe423c9-e88b-4d08-a439-91249c30f9e2","YELL_013.basePlot.vst","2018-05-17","vst_YELL_2018","D12","YELL","YELL_013",,"NEON.PLA.D12.YELL.00091","ok","small shrub","Live",,,0.3,0.0,,,0.7,0.4,,"ellipsoid or sphere",1.0,10,,,,"rkwvOVhKeYIT1sfC91awRFj+xf/VrBycR5w1IRnfy0c=","8BLyH4QejtyTIffEHZu5Avmb8Hj1EALkOYcni7Ub4hU=",
"dd1e5421-b40b-4f86-9b98-1490330f4680","YELL_013.basePlot.vst","2018-05-17","vst_YELL_2018","D12","YELL","YELL_013",,"NEON.PLA.D12.YELL.00081","ok","small shrub","Live",,,0.5,0.0,,,0.9,0.7,,"ellipsoid or sphere",1.6,10,,,,"v/j7qYOm7u3pksoqGuTQMmsk5MplnAHSvxstan27LCKrEc5na6FSKA==","OqqU1CZip9dP1XaGfMRI8S3mdYwHde7nTlnGUVgWamE=",
"f95cd77d-d60d-43dd-89e8-a3e5fddc9778","YELL_013.basePlot.vst","2018-05-17","vst_YELL_2018","D12","YELL","YELL_013",,"NEON.PLA.D12.YELL.00082","ok","small shrub","Live",,,0.6,0.0,,,0.9,0.9,,"ellipsoid or sphere",1.1,10,,,,"v/j7qYOm7u3pksoqGuTQMmsk5MplnAHSvxstan27LCKrEc5na6FSKA==","OqqU1CZip9dP1XaGfMRI8S3mdYwHde7nTlnGUVgWamE=",
"8a608127-86f8-4636-b915-dde2dc61cad5","YELL_013.basePlot.vst","2018-05-17","vst_YELL_2018","D12","YELL","YELL_013",,"NEON.PLA.D12.YELL.00101","ok","small shrub","Live",,,0.5,0.0,,,0.9,0.5,,"ellipsoid or sphere",1.7,10,,,,"rkwvOVhKeYIT1sfC91awRFj+xf/VrBycR5w1IRnfy0c=","8BLyH4QejtyTIffEHZu5Avmb8Hj1EALkOYcni7Ub4hU=",
"3d2064b9-4c1d-434e-9bcd-9e72d4e09ba6","YELL_013.basePlot.vst","2018-05-17","vst_YELL_2018","D12","YELL","YELL_013",,"NEON.PLA.D12.YELL.00077","ok","small shrub","Standing dead",,,0.1,0.0,,,0.4,0.1,,"ellipsoid or sphere",1.4,10,,,,"v/j7qYOm7u3pksoqGuTQMmsk5MplnAHSvxstan27LCKrEc5na6FSKA==","OqqU1CZip9dP1XaGfMRI8S3mdYwHde7nTlnGUVgWamE=",
"dddf6abb-f860-40e9-b8ca-3b63427781b9","YELL_013.basePlot.vst","2018-05-17","vst_YELL_2018","D12","YELL","YELL_013",,"NEON.PLA.D12.YELL.00097","ok","small shrub","Live",,,0.8,0.0,,,1.0,0.6,,"ellipsoid or sphere",2.2,10,,,,"rkwvOVhKeYIT1sfC91awRFj+xf/VrBycR5w1IRnfy0c=","8BLyH4QejtyTIffEHZu5Avmb8Hj1EALkOYcni7Ub4hU=",
"54033ecc-a9e7-48ba-b835-fa703e5d8db9","YELL_013.basePlot.vst","2018-05-17","vst_YELL_2018","D12","YELL","YELL_013",,"NEON.PLA.D12.YELL.00087","ok","small shrub","Live",,,0.5,0.0,,,0.8,0.3,,"ellipsoid or sphere",1.6,10,,,,"rkwvOVhKeYIT1sfC91awRFj+xf/VrBycR5w1IRnfy0c=","8BLyH4QejtyTIffEHZu5Avmb8Hj1EALkOYcni7Ub4hU=",
"bd7d6153-ff4a-4796-8b91-6dfe412c7bc0","YELL_013.basePlot.vst","2018-05-17","vst_YELL_2018","D12","YELL","YELL_013",,"NEON.PLA.D12.YELL.00098","ok","small shrub","Live",,,0.7,0.0,,,1.0,0.8,,"ellipsoid or sphere",2.0,10,,,,"rkwvOVhKeYIT1sfC91awRFj+xf/VrBycR5w1IRnfy0c=","8BLyH4QejtyTIffEHZu5Avmb8Hj1EALkOYcni7Ub4hU=",
"95d01296-c59e-4bf4-b678-92a1b5f93366","YELL_013.basePlot.vst","2018-05-17","vst_YELL_2018","D12","YELL","YELL_013",,"NEON.PLA.D12.YELL.00096","ok","small shrub","Live",,,0.4,0.0,,,0.3,0.2,,"ellipsoid or sphere",1.0,10,,,,"rkwvOVhKeYIT1sfC91awRFj+xf/VrBycR5w1IRnfy0c=","8BLyH4QejtyTIffEHZu5Avmb8Hj1EALkOYcni7Ub4hU=",
"8c0e4e96-af16-4476-a235-199e7bf7f250","YELL_013.basePlot.vst","2018-05-17","vst_YELL_2018","D12","YELL","YELL_013",,"NEON.PLA.D12.YELL.00102","ok","small shrub","Live",,,0.8,0.0,,,0.7,0.5,,"ellipsoid or sphere",5.6,10,,,,"rkwvOVhKeYIT1sfC91awRFj+xf/VrBycR5w1IRnfy0c=","8BLyH4QejtyTIffEHZu5Avmb8Hj1EALkOYcni7Ub4hU=",
"fe55a1ac-a9d1-4e57-ac56-e0a67b087706","YELL_013.basePlot.vst","2018-05-17","vst_YELL_2018","D12","YELL","YELL_013",,"NEON.PLA.D12.YELL.00081","ok","small shrub","Live",,,0.5,0.0,,,0.9,0.7,,"ellipsoid or sphere",1.7,10,,,,"v/j7qYOm7u3pksoqGuTQMmsk5MplnAHSvxstan27LCKrEc5na6FSKA==","OqqU1CZip9dP1XaGfMRI8S3mdYwHde7nTlnGUVgWamE=",
"a2a9829b-4712-4fb7-8948-31290d13c7b3","YELL_013.basePlot.vst","2018-05-17","vst_YELL_2018","D12","YELL","YELL_013",,"NEON.PLA.D12.YELL.00098","ok","small shrub","Live",,,0.7,0.0,,,1.0,0.8,,"ellipsoid or sphere",1.1,10,,,,"rkwvOVhKeYIT1sfC91awRFj+xf/VrBycR5w1IRnfy0c=","8BLyH4QejtyTIffEHZu5Avmb8Hj1EALkOYcni7Ub4hU=",
"22c17b0c-1128-4e21-8087-8ac7fe50666e","YELL_013.basePlot.vst","2018-05-17","vst_YELL_2018","D12","YELL","YELL_013",,"NEON.PLA.D12.YELL.00085","ok","small shrub","Live",,,0.8,0.0,,,1.2,0.7,,"ellipsoid or sphere",1.8,10,,,,"v/j7qYOm7u3pksoqGuTQMmsk5MplnAHSvxstan27LCKrEc5na6FSKA==","OqqU1CZip9dP1XaGfMRI8S3mdYwHde7nTlnGUVgWamE=",
"81ea580f-d79a-4236-9e55-9fdddb1c06f6","YELL_013.basePlot.vst","2018-05-17","vst_YELL_2018","D12","YELL","YELL_013",,"NEON.PLA.D12.YELL.00091","ok","small shrub","Standing dead",,,0.3,0.0,,,0.7,0.4,,"ellipsoid or sphere",1.1,10,,,,"rkwvOVhKeYIT1sfC91awRFj+xf/VrBycR5w1IRnfy0c=","8BLyH4QejtyTIffEHZu5Avmb8Hj1EALkOYcni7Ub4hU=",
"222a509f-bdab-4af5-9251-c28f344f6ad7","YELL_013.basePlot.vst","2018-05-17","vst_YELL_2018","D12","YELL","YELL_013",,"NEON.PLA.D12.YELL.00092","ok","small shrub","Live",,,0.4,0.0,,,0.5,0.5,,"ellipsoid or sphere",2.0,10,,,,"rkwvOVhKeYIT1sfC91awRFj+xf/VrBycR5w1IRnfy0c=","8BLyH4QejtyTIffEHZu5Avmb8Hj1EALkOYcni7Ub4hU=",
"a622ebd5-c352-4489-a892-3538977e291a","YELL_013.basePlot.vst","2018-05-17","vst_YELL_2018","D12","YELL","YELL_013",,"NEON.PLA.D12.YELL.00082","ok","small shrub","Live",,,0.6,0.0,,,0.9,0.9,,"ellipsoid or sphere",1.5,10,,,,"v/j7qYOm7u3pksoqGuTQMmsk5MplnAHSvxstan27LCKrEc5na6FSKA==","OqqU1CZip9dP1XaGfMRI8S3mdYwHde7nTlnGUVgWamE=",
