uid,namedLocation,plotID,collectDate,identifiedDate,sampleID,subsampleID,scientificName,acceptedTaxonID,taxonRank,family,subfamily,tribe,subtribe,genus,subgenus,specificEpithet,infraspecificEpithet,identificationQualifier,identificationReferences,identificationProtocolVersion,scientificNameAuthorship,sexOrAge,individualCount,sampleCondition,archiveMedium,archiveFacilityID,deprecatedVialID,identifiedBy,laboratoryName,remarks
"236b185e-5b6f-459b-ba76-93efbcfa9ef5","TALL_001.tickPlot.tck","TALL_001","2017-04-06T14:37Z","2017-12-14T17:00Z","TALL_001.20170406","TALL_001.20170406.AMBAME.N","Amblyomma americanum","AMBAME","species","Ixodidae",,,,"Amblyomma",,"americanum",,,"Cooley, R. A. and G. M. Kohls. 1944. The genus Amblyomma (ixodidae) in the United States. The Journal of Parasitology, 30(2):77-111.","GSU_tickIdentification_SOP_2016-11-01.pdf","Linnaeus","Nymph",1,"OK","RNA stabilization buffer","USNMENT00984982","TALL_001.20170406.AMBAME.N","Lorenza Beati","Georgia Southern University","RNA"
"fe84642f-07da-46ae-ae47-ea9db8a285e9","TALL_008.tickPlot.tck","TALL_008","2017-04-26T14:20Z","2017-12-14T17:00Z","TALL_008.20170426","TALL_008.20170426.AMBAME.N","Amblyomma americanum","AMBAME","species","Ixodidae",,,,"Amblyomma",,"americanum",,,"Cooley, R. A. and G. M. Kohls. 1944. The genus Amblyomma (ixodidae) in the United States. The Journal of Parasitology, 30(2):77-111.","GSU_tickIdentification_SOP_2016-11-01.pdf","Linnaeus","Nymph",20,"OK","90% ethanol","USNMENT01358332","TALL_008.20170426.AMBAME.N","Lorenza Beati","Georgia Southern University",
"26a93aa4-50c5-42a1-904c-4b3e7abf9e26","TALL_008.tickPlot.tck","TALL_008","2017-04-26T14:20Z","2017-12-14T17:00Z","TALL_008.20170426","TALL_008.20170426.AMBAME.M","Amblyomma americanum","AMBAME","species","Ixodidae",,,,"Amblyomma",,"americanum",,,"Cooley, R. A. and G. M. Kohls. 1944. The genus Amblyomma (ixodidae) in the United States. The Journal of Parasitology, 30(2):77-111.","GSU_tickIdentification_SOP_2016-11-01.pdf","Linnaeus","Male",3,"OK","90% ethanol","USNMENT01358333","TALL_008.20170426.AMBAME.M","Lorenza Beati","Georgia Southern University","To PAULA"
"9646476a-76d4-437e-8862-01227735903c","TALL_008.tickPlot.tck","TALL_008","2017-04-26T14:20Z","2017-12-14T17:00Z","TALL_008.20170426","TALL_008.20170426.AMBAME.F","Amblyomma americanum","AMBAME","species","Ixodidae",,,,"Amblyomma",,"americanum",,,"Cooley, R. A. and G. M. Kohls. 1944. The genus Amblyomma (ixodidae) in the United States. The Journal of Parasitology, 30(2):77-111.","GSU_tickIdentification_SOP_2016-11-01.pdf","Linnaeus","Female",1,"OK","90% ethanol","USNMENT01358334","TALL_008.20170426.AMBAME.F","Lorenza Beati","Georgia Southern University",
"89083534-6234-4aa1-8f99-fe5bdd5921e7","TALL_001.tickPlot.tck","TALL_001","2017-04-26T14:22Z","2017-12-14T17:00Z","TALL_001.20170426","TALL_001.20170426.AMBAME.N","Amblyomma americanum","AMBAME","species","Ixodidae",,,,"Amblyomma",,"americanum",,,"Cooley, R. A. and G. M. Kohls. 1944. The genus Amblyomma (ixodidae) in the United States. The Journal of Parasitology, 30(2):77-111.","GSU_tickIdentification_SOP_2016-11-01.pdf","Linnaeus","Nymph",9,"OK","90% ethanol","USNMENT01358325","TALL_001.20170426.AMBAME.N","Lorenza Beati","Georgia Southern University",
"418f7318-d040-43c8-8414-dbae6bf8e6f4","TALL_001.tickPlot.tck","TALL_001","2017-04-26T14:22Z","2017-12-14T17:00Z","TALL_001.20170426","TALL_001.20170426.AMBAME.M","Amblyomma americanum","AMBAME","species","Ixodidae",,,,"Amblyomma",,"americanum",,,"Cooley, R. A. and G. M. Kohls. 1944. The genus Amblyomma (ixodidae) in the United States. The Journal of Parasitology, 30(2):77-111.","GSU_tickIdentification_SOP_2016-11-01.pdf","Linnaeus","Male",3,"OK","90% ethanol","USNMENT01358324","TALL_001.20170426.AMBAME.M","Lorenza Beati","Georgia Southern University","TO PAULA"
"94c73980-411e-429a-a2bc-292da9868400","TALL_002.tickPlot.tck","TALL_002","2017-04-26T15:55Z","2017-12-14T17:00Z","TALL_002.20170426","TALL_002.20170426.AMBAME.M","Amblyomma americanum","AMBAME","species","Ixodidae",,,,"Amblyomma",,"americanum",,,"Cooley, R. A. and G. M. Kohls. 1944. The genus Amblyomma (ixodidae) in the United States. The Journal of Parasitology, 30(2):77-111.","GSU_tickIdentification_SOP_2016-11-01.pdf","Linnaeus","Male",1,"OK","90% ethanol","USNMENT01358326","TALL_002.20170426.AMBAME.M","Lorenza Beati","Georgia Southern University",
"d00b234e-1fd1-4f6a-8081-0a11ad497b23","TALL_002.tickPlot.tck","TALL_002","2017-04-26T15:55Z","2017-12-14T17:00Z","TALL_002.20170426","TALL_002.20170426.AMBAME.N","Amblyomma americanum","AMBAME","species","Ixodidae",,,,"Amblyomma",,"americanum",,,"Cooley, R. A. and G. M. Kohls. 1944. The genus Amblyomma (ixodidae) in the United States. The Journal of Parasitology, 30(2):77-111.","GSU_tickIdentification_SOP_2016-11-01.pdf","Linnaeus","Nymph",53,"OK","90% ethanol","USNMENT01358328","TALL_002.20170426.AMBAME.N","Lorenza Beati","Georgia Southern University",
"799c66cb-400a-4673-98ec-c37aba535eac","TALL_002.tickPlot.tck","TALL_002","2017-04-26T15:55Z","2017-12-14T17:00Z","TALL_002.20170426","TALL_002.20170426.AMBAME.F","Amblyomma americanum","AMBAME","species","Ixodidae",,,,"Amblyomma",,"americanum",,,"Cooley, R. A. and G. M. Kohls. 1944. The genus Amblyomma (ixodidae) in the United States. The Journal of Parasitology, 30(2):77-111.","GSU_tickIdentification_SOP_2016-11-01.pdf","Linnaeus","Female",3,"OK","90% ethanol","USNMENT01358327","TALL_002.20170426.AMBAME.F","Lorenza Beati","Georgia Southern University","TO PAULA"
"a5a73cd4-34ad-4abe-803d-f5ca0b6f8c79","TALL_006.tickPlot.tck","TALL_006","2017-04-26T17:33Z","2017-12-14T17:00Z","TALL_006.20170426","TALL_006.20170426.AMBAME.N","Amblyomma americanum","AMBAME","species","Ixodidae",,,,"Amblyomma",,"americanum",,,"Cooley, R. A. and G. M. Kohls. 1944. The genus Amblyomma (ixodidae) in the United States. The Journal of Parasitology, 30(2):77-111.","GSU_tickIdentification_SOP_2016-11-01.pdf","Linnaeus","Nymph",1,"OK","90% ethanol","USNMENT01358331","TALL_006.20170426.AMBAME.N","Lorenza Beati","Georgia Southern University",
"7749b842-5263-4f7a-a4bf-607399368538","TALL_003.tickPlot.tck","TALL_003","2017-04-26T17:40Z","2017-12-14T17:00Z","TALL_003.20170426","TALL_003.20170426.AMBAME.M","Amblyomma americanum","AMBAME","species","Ixodidae",,,,"Amblyomma",,"americanum",,,"Cooley, R. A. and G. M. Kohls. 1944. The genus Amblyomma (ixodidae) in the United States. The Journal of Parasitology, 30(2):77-111.","GSU_tickIdentification_SOP_2016-11-01.pdf","Linnaeus","Male",1,"OK","90% ethanol","USNMENT01358329","TALL_003.20170426.AMBAME.M","Lorenza Beati","Georgia Southern University",
"1f32c83b-7391-4d2f-99e7-afafa634e463","TALL_003.tickPlot.tck","TALL_003","2017-04-26T17:40Z","2017-12-14T17:00Z","TALL_003.20170426","TALL_003.20170426.AMBAME.N","Amblyomma americanum","AMBAME","species","Ixodidae",,,,"Amblyomma",,"americanum",,,"Cooley, R. A. and G. M. Kohls. 1944. The genus Amblyomma (ixodidae) in the United States. The Journal of Parasitology, 30(2):77-111.","GSU_tickIdentification_SOP_2016-11-01.pdf","Linnaeus","Nymph",1,"OK","90% ethanol","USNMENT01358330","TALL_003.20170426.AMBAME.N","Lorenza Beati","Georgia Southern University",
