uid,namedLocation,domainID,siteID,plotID,plotType,nlcdClass,decimalLatitude,decimalLongitude,geodeticDatum,coordinateUncertainty,elevation,elevationUncertainty,collectDate,eventID,sampleID,sampleCode,samplingMethod,totalSampledArea,targetTaxaPresent,adultCount,nymphCount,larvaCount,sampleCondition,samplingProtocolVersion,measuredBy,remarks
"6c04d708-1c00-4fe9-9a3d-769ecf6c4c1d","TALL_003.tickPlot.tck","D08","TALL","TALL_003","distributed","mixedForest",32.894415,-87.416532,"WGS84",20.2,121.9,0.2,"2017-04-06T12:25Z","TALL.2017.15",,,"drag",160,"N",0,0,0,"No known compromise","NEON.DOC.014045vG","tZXjR/3x7TO0Uyi0fwy5LLTXGoWUPyDf",
"b1bd105f-e4c1-4794-90ef-4c4d71cf6076","TALL_002.tickPlot.tck","D08","TALL","TALL_002","distributed","mixedForest",32.920823,-87.428955,"WGS84",20.3,104.0,0.4,"2017-04-06T13:43Z","TALL.2017.14","TALL_002.20170406",,"drag",155,"Y",1,19,0,"No known compromise","NEON.DOC.014045vG","tZXjR/3x7TO0Uyi0fwy5LLTXGoWUPyDf",
"8e6d5307-5949-4bf4-a594-4151a483de74","TALL_001.tickPlot.tck","D08","TALL","TALL_001","distributed","deciduousForest",32.976370,-87.432184,"WGS84",20.2,114.6,0.1,"2017-04-06T14:37Z","TALL.2017.14","TALL_001.20170406",,"drag and flag",160,"Y",0,1,0,"No known compromise","NEON.DOC.014045vG","71MfCy+FRstpZer5T0iw8M+PBSzABHAbojUJO96sh64=",
"0560f3b2-b727-4c67-8505-59cb16b4376a","TALL_008.tickPlot.tck","D08","TALL","TALL_008","distributed","deciduousForest",32.922874,-87.434097,"WGS84",20.2,127.5,0.2,"2017-04-06T14:43Z","TALL.2017.14","TALL_008.20170406",,"drag",160,"Y",3,5,0,"No known compromise","NEON.DOC.014045vG","tZXjR/3x7TO0Uyi0fwy5LLTXGoWUPyDf",
"a899dfef-b407-4b1c-8271-9361268c958a","TALL_016.tickPlot.tck","D08","TALL","TALL_016","distributed","evergreenForest",32.971553,-87.415845,"WGS84",20.1,138.9,0.1,"2017-04-06T16:32Z","TALL.2017.14",,,"drag",160,"N",0,0,0,"No known compromise","NEON.DOC.014045vG","71MfCy+FRstpZer5T0iw8M+PBSzABHAbojUJO96sh64=",
"5995b882-3f4c-496c-a705-df3c0e39f070","TALL_006.tickPlot.tck","D08","TALL","TALL_006","distributed","evergreenForest",32.899144,-87.444571,"WGS84",20.3,108.6,0.3,"2017-04-06T18:01Z","TALL.2017.14",,,"drag",150,"N",0,0,0,"No known compromise","NEON.DOC.014045vG","Y1eZ0h5wJPAWzlSHsqSze2Ty1WSOaflBA2t94oXrsCY=","This plot was logged recently."
"349b771d-7726-49bb-953a-24543871a1db","TALL_008.tickPlot.tck","D08","TALL","TALL_008","distributed","deciduousForest",32.922874,-87.434097,"WGS84",20.2,127.5,0.2,"2017-04-26T14:20Z","TALL.2017.18","TALL_008.20170426",,"drag and flag",160,"Y",4,20,0,"No known compromise","NEON.DOC.014045vH","cJDN8FQ+G8BHe8OkvD5PMz1h/kcM7qXCzeFqTpXsSj4=",
"623090a9-0174-423b-b783-f5a8368e4670","TALL_001.tickPlot.tck","D08","TALL","TALL_001","distributed","deciduousForest",32.976370,-87.432184,"WGS84",20.2,114.6,0.1,"2017-04-26T14:22Z","TALL.2017.18","TALL_001.20170426",,"drag and flag",160,"Y",3,9,0,"No known compromise","NEON.DOC.014045vH","pdRHVIvaG2xBaIyJIrbJo5saUxJZYt3gI9+TGAO0URM=",
"3960df80-d719-4fb3-bcab-0a38f2b240b8","TALL_002.tickPlot.tck","D08","TALL","TALL_002","distributed","mixedForest",32.920823,-87.428955,"WGS84",20.3,104.0,0.4,"2017-04-26T15:55Z","TALL.2017.18","TALL_002.20170426",,"drag and flag",160,"Y",4,52,0,"No known compromise","NEON.DOC.014045vH","cJDN8FQ+G8BHe8OkvD5PMz1h/kcM7qXCzeFqTpXsSj4=",
"9aabc6f1-c3da-40f6-8d3d-b22e6c47b140","TALL_016.tickPlot.tck","D08","TALL","TALL_016","distributed","evergreenForest",32.971553,-87.415845,"WGS84",20.1,138.9,0.1,"2017-04-26T16:08Z","TALL.2017.18",,,"drag and flag",160,"N",0,0,0,"No known compromise","NEON.DOC.014045vH","qv2hryw2aAHcRZnU/CeJIVfNxxJegRBH",
"3d20be91-c8fa-4df4-9f43-a6a9f540b32b","TALL_006.tickPlot.tck","D08","TALL","TALL_006","distributed","evergreenForest",32.899144,-87.444571,"WGS84",20.3,108.6,0.3,"2017-04-26T17:33Z","TALL.2017.18","TALL_006.20170426",,"drag and flag",160,"Y",0,1,0,"No known compromise","NEON.DOC.014045vH","pdRHVIvaG2xBaIyJIrbJo5saUxJZYt3gI9+TGAO0URM=",
"578e76e7-2759-46cd-bad1-2d534a80e1ed","TALL_003.tickPlot.tck","D08","TALL","TALL_003","distributed","mixedForest",32.894415,-87.416532,"WGS84",20.2,121.9,0.2,"2017-04-26T17:40Z","TALL.2017.18","TALL_003.20170426",,"drag and flag",160,"Y",1,1,0,"No known compromise","NEON.DOC.014045vH","cJDN8FQ+G8BHe8OkvD5PMz1h/kcM7qXCzeFqTpXsSj4=",
