uid,namedLocation,plotID,collectDate,identifiedDate,sampleID,subsampleID,scientificName,acceptedTaxonID,taxonRank,family,subfamily,tribe,subtribe,genus,subgenus,specificEpithet,infraspecificEpithet,identificationQualifier,identificationReferences,identificationProtocolVersion,scientificNameAuthorship,sexOrAge,individualCount,sampleCondition,archiveMedium,archiveFacilityID,deprecatedVialID,identifiedBy,laboratoryName,remarks
"d67269a9-787a-447f-8ae1-a462f220b37d","SERC_002.tickPlot.tck","SERC_002","2018-06-13T15:52Z","2018-09-20T16:00Z","SERC_002.20180613","SERC_002.20180613.AMBAME.M","Amblyomma americanum","AMBAME","species","Ixodidae",,,,"Amblyomma",,"americanum",,,"Cooley, R. A. and G. M. Kohls. 1944. The genus Amblyomma (ixodidae) in the United States. The Journal of Parasitology, 30(2):77-111.","GSU_tickIdentification_SOP_2016-11-01.pdf","Linnaeus","Male",1,"OK","90% ethanol","USNMENT01482315",,"Lorenza Beati","Georgia Southern University",
"1d26e975-ecdc-4977-ac7e-21ee8a319400","SERC_002.tickPlot.tck","SERC_002","2018-06-13T15:52Z","2018-09-20T16:00Z","SERC_002.20180613","SERC_002.20180613.AMBAME.N","Amblyomma americanum","AMBAME","species","Ixodidae",,,,"Amblyomma",,"americanum",,,"Cooley, R. A. and G. M. Kohls. 1944. The genus Amblyomma (ixodidae) in the United States. The Journal of Parasitology, 30(2):77-111.","GSU_tickIdentification_SOP_2016-11-01.pdf","Linnaeus","Nymph",37,"OK","90% ethanol","USNMENT01482320",,"Lorenza Beati","Georgia Southern University",
"e9d81644-b9d3-42f2-ba65-7da17176d467","SERC_002.tickPlot.tck","SERC_002","2018-06-13T15:52Z","2018-09-20T16:00Z","SERC_002.20180613","SERC_002.20180613.IXOSCA.N","Ixodes scapularis","IXOSCA","species","Ixodidae",,,,"Ixodes",,"scapularis",,,"Cooley, R. A. and G. M. Kohls. 1945. The genus Ixodes in North America. National Institute of Health Bulletin, 184.","GSU_tickIdentification_SOP_2016-11-01.pdf","Say","Nymph",13,"OK","90% ethanol","USNMENT01482288",,"Lorenza Beati","Georgia Southern University",
"5f6f9edb-eacc-4a1c-8a30-74ae4c9efe2c","SERC_005.tickPlot.tck","SERC_005","2018-06-13T17:17Z","2018-09-17T16:00Z","SERC_005.20180613","SERC_005.20180613.AMBAME.N","Amblyomma americanum","AMBAME","species","Ixodidae",,,,"Amblyomma",,"americanum",,,"Cooley, R. A. and G. M. Kohls. 1944. The genus Amblyomma (ixodidae) in the United States. The Journal of Parasitology, 30(2):77-111.","GSU_tickIdentification_SOP_2016-11-01.pdf","Linnaeus","Nymph",9,"OK","90% ethanol","USNMENT01482285",,"Lorenza Beati","Georgia Southern University",
"8fee191c-9d24-4e98-8e9e-f660dacd3d4d","SERC_005.tickPlot.tck","SERC_005","2018-06-13T17:17Z","2018-09-20T16:00Z","SERC_005.20180613","SERC_005.20180613.IXOSCA.N","Ixodes scapularis","IXOSCA","species","Ixodidae",,,,"Ixodes",,"scapularis",,,"Cooley, R. A. and G. M. Kohls. 1945. The genus Ixodes in North America. National Institute of Health Bulletin, 184.","GSU_tickIdentification_SOP_2016-11-01.pdf","Say","Nymph",4,"OK","90% ethanol","USNMENT01482275",,"Lorenza Beati","Georgia Southern University",
"2974de56-ab3b-4a93-97d3-b090f5906e10","SERC_006.tickPlot.tck","SERC_006","2018-06-13T18:24Z","2018-09-17T16:00Z","SERC_006.20180613","SERC_006.20180613.AMBAME.N","Amblyomma americanum","AMBAME","species","Ixodidae",,,,"Amblyomma",,"americanum",,,"Cooley, R. A. and G. M. Kohls. 1944. The genus Amblyomma (ixodidae) in the United States. The Journal of Parasitology, 30(2):77-111.","GSU_tickIdentification_SOP_2016-11-01.pdf","Linnaeus","Nymph",14,"OK","90% ethanol","USNMENT01482296",,"Lorenza Beati","Georgia Southern University",
"c37c71dc-f87e-4705-9ad9-5fb8ec1cfdc7","SERC_006.tickPlot.tck","SERC_006","2018-06-13T18:24Z","2018-09-17T16:00Z","SERC_006.20180613","SERC_006.20180613.IXOSCA.N","Ixodes scapularis","IXOSCA","species","Ixodidae",,,,"Ixodes",,"scapularis",,,"Cooley, R. A. and G. M. Kohls. 1945. The genus Ixodes in North America. National Institute of Health Bulletin, 184.","GSU_tickIdentification_SOP_2016-11-01.pdf","Say","Nymph",6,"OK","90% ethanol","USNMENT01482281",,"Lorenza Beati","Georgia Southern University",
"12b771d3-3b2f-4fa5-ae89-5ae1942f386e","SERC_001.tickPlot.tck","SERC_001","2018-06-13T20:34Z","2018-09-20T16:00Z","SERC_001.20180613","SERC_001.20180613.AMBAME.N","Amblyomma americanum","AMBAME","species","Ixodidae",,,,"Amblyomma",,"americanum",,,"Cooley, R. A. and G. M. Kohls. 1944. The genus Amblyomma (ixodidae) in the United States. The Journal of Parasitology, 30(2):77-111.","GSU_tickIdentification_SOP_2016-11-01.pdf","Linnaeus","Nymph",1,"OK","90% ethanol","USNMENT01482254",,"Lorenza Beati","Georgia Southern University",
"9ce243fc-5630-419b-a3d2-184292b33b27","SERC_023.tickPlot.tck","SERC_023","2018-06-13T21:34Z","2018-09-24T16:00Z","SERC_023.20180613","SERC_023.20180613.AMBAME.M","Amblyomma americanum","AMBAME","species","Ixodidae",,,,"Amblyomma",,"americanum",,,"Cooley, R. A. and G. M. Kohls. 1944. The genus Amblyomma (ixodidae) in the United States. The Journal of Parasitology, 30(2):77-111.","GSU_tickIdentification_SOP_2016-11-01.pdf","Linnaeus","Male",2,"OK","90% ethanol","USNMENT01482291",,"Lorenza Beati","Georgia Southern University",
"9b76ad32-d09d-4531-948a-52f9ba3d48a4","SERC_023.tickPlot.tck","SERC_023","2018-06-13T21:34Z","2018-09-24T16:00Z","SERC_023.20180613","SERC_023.20180613.AMBAME.F","Amblyomma americanum","AMBAME","species","Ixodidae",,,,"Amblyomma",,"americanum",,,"Cooley, R. A. and G. M. Kohls. 1944. The genus Amblyomma (ixodidae) in the United States. The Journal of Parasitology, 30(2):77-111.","GSU_tickIdentification_SOP_2016-11-01.pdf","Linnaeus","Female",1,"OK","90% ethanol","USNMENT01482280",,"Lorenza Beati","Georgia Southern University",
"e5a5ddea-6574-451f-b9ce-660ef3544af7","SERC_023.tickPlot.tck","SERC_023","2018-06-13T21:34Z","2018-09-24T16:00Z","SERC_023.20180613","SERC_023.20180613.IXOSCA.N","Ixodes scapularis","IXOSCA","species","Ixodidae",,,,"Ixodes",,"scapularis",,,"Cooley, R. A. and G. M. Kohls. 1945. The genus Ixodes in North America. National Institute of Health Bulletin, 184.","GSU_tickIdentification_SOP_2016-11-01.pdf","Say","Nymph",14,"OK","90% ethanol","USNMENT01482316",,"Lorenza Beati","Georgia Southern University",
"dd230fde-47a2-40b9-afb4-d96826b3c91e","SERC_023.tickPlot.tck","SERC_023","2018-06-13T21:34Z","2018-09-24T16:00Z","SERC_023.20180613","SERC_023.20180613.AMBAME.N","Amblyomma americanum","AMBAME","species","Ixodidae",,,,"Amblyomma",,"americanum",,,"Cooley, R. A. and G. M. Kohls. 1944. The genus Amblyomma (ixodidae) in the United States. The Journal of Parasitology, 30(2):77-111.","GSU_tickIdentification_SOP_2016-11-01.pdf","Linnaeus","Nymph",47,"OK","90% ethanol","USNMENT01482306",,"Lorenza Beati","Georgia Southern University",
