uid,namedLocation,date,eventID,domainID,siteID,plotID,subplotID,individualID,tagStatus,growthForm,plantStatus,stemDiameter,measurementHeight,height,baseCrownHeight,breakHeight,breakDiameter,maxCrownDiameter,ninetyCrownDiameter,canopyPosition,shape,basalStemDiameter,basalStemDiameterMsrmntHeight,maxBaseCrownDiameter,ninetyBaseCrownDiameter,remarks,recordedBy,measuredBy,dataQF
"dea5288c-1b55-463c-8ec3-4474416904db","SERC_052.basePlot.vst","2018-09-26","vst_SERC_2018","D02","SERC","SERC_052",,"NEON.PLA.D02.SERC.05549","ok","single bole tree","Live",33.6,130,24.6,,,,,,,,,,,,,"HwrR06bjl3TqPXYD/ecX4LA/iftMi41T","GRwvwbiSPMj1NaUhvL1kyVbfYNVH3Sr0UuCJMFnR3bg=",
"dede02c0-09cb-4d29-9b6f-e9f8fdcb47d8","SERC_052.basePlot.vst","2018-09-26","vst_SERC_2018","D02","SERC","SERC_052",,"NEON.PLA.D02.SERC.00557","ok","single bole tree","Live",26.9,130,28.3,,,,,,,,,,,,,"HwrR06bjl3TqPXYD/ecX4LA/iftMi41T","GRwvwbiSPMj1NaUhvL1kyVbfYNVH3Sr0UuCJMFnR3bg=",
"a7dc6cd4-10a0-4818-9275-87afcf04f173","SERC_052.basePlot.vst","2018-09-26","vst_SERC_2018","D02","SERC","SERC_052",,"NEON.PLA.D02.SERC.05543","ok",,"Lost, fate unknown",,,,,,,,,,,,,,,"tag remains for CDW","HwrR06bjl3TqPXYD/ecX4LA/iftMi41T","GRwvwbiSPMj1NaUhvL1kyVbfYNVH3Sr0UuCJMFnR3bg=",
"f438129f-f23d-454e-bf69-509e1d7620cd","SERC_052.basePlot.vst","2018-09-26","vst_SERC_2018","D02","SERC","SERC_052",,"NEON.PLA.D02.SERC.02023","ok","small tree","Live, physically damaged",1.4,130,0.9,,,,,,,,,,,,"Crown and bole damage crushed by windthrow","HwrR06bjl3TqPXYD/ecX4LA/iftMi41T","GRwvwbiSPMj1NaUhvL1kyVbfYNVH3Sr0UuCJMFnR3bg=",
"c274646b-daee-48bb-8ee2-f04cf6eb5191","SERC_052.basePlot.vst","2018-09-26","vst_SERC_2018","D02","SERC","SERC_052",,"NEON.PLA.D02.SERC.05553","ok","single bole tree","Live",48.8,130,31.6,,,,,,,,,,,,,"HwrR06bjl3TqPXYD/ecX4LA/iftMi41T","GRwvwbiSPMj1NaUhvL1kyVbfYNVH3Sr0UuCJMFnR3bg=",
"adab4de1-136c-4764-b861-cbdcb7802340","SERC_052.basePlot.vst","2018-09-26","vst_SERC_2018","D02","SERC","SERC_052",,"NEON.PLA.D02.SERC.00553","ok","single bole tree","Live",11.0,130,8.7,,,,,,,,,,,,,"HwrR06bjl3TqPXYD/ecX4LA/iftMi41T","GRwvwbiSPMj1NaUhvL1kyVbfYNVH3Sr0UuCJMFnR3bg=",
"d8acf495-9a3a-4983-a614-eb4f30749e47","SERC_052.basePlot.vst","2018-09-26","vst_SERC_2018","D02","SERC","SERC_052",,"NEON.PLA.D02.SERC.00508","removed",,"Lost, fate unknown",,,,,,,,,,,,,,,"tag removed from dead downed stem","HwrR06bjl3TqPXYD/ecX4LA/iftMi41T","GRwvwbiSPMj1NaUhvL1kyVbfYNVH3Sr0UuCJMFnR3bg=",
"e6d4043a-b822-4a12-aef2-5f5e4374c4fd","SERC_052.basePlot.vst","2018-09-26","vst_SERC_2018","D02","SERC","SERC_052",,"NEON.PLA.D02.SERC.00519","ok","small tree","Live",1.6,130,3.9,,,,,,,,,,,,,"HwrR06bjl3TqPXYD/ecX4LA/iftMi41T","GRwvwbiSPMj1NaUhvL1kyVbfYNVH3Sr0UuCJMFnR3bg=",
"969afa9d-797f-47c5-8caf-0326878239a9","SERC_052.basePlot.vst","2018-09-26","vst_SERC_2018","D02","SERC","SERC_052",,"NEON.PLA.D02.SERC.00525","ok","sapling","Live",,,2.3,,,,,,,,1.5,10,,,,"HwrR06bjl3TqPXYD/ecX4LA/iftMi41T","GRwvwbiSPMj1NaUhvL1kyVbfYNVH3Sr0UuCJMFnR3bg=",
"6bf4871c-1381-4615-bf27-b09e300e00e6","SERC_052.basePlot.vst","2018-09-26","vst_SERC_2018","D02","SERC","SERC_052",,"NEON.PLA.D02.SERC.05536","ok","single bole tree","Live",44.9,130,31.5,,,,,,,,,,,,,"HwrR06bjl3TqPXYD/ecX4LA/iftMi41T","GRwvwbiSPMj1NaUhvL1kyVbfYNVH3Sr0UuCJMFnR3bg=",
"e66391dd-2a63-4e4a-a7e6-9fb8ff2b2039","SERC_052.basePlot.vst","2018-09-26","vst_SERC_2018","D02","SERC","SERC_052",,"NEON.PLA.D02.SERC.12246","ok","single bole tree","Live,  other damage",10.3,130,8.8,,,,,,,,,,,,"bole damage bark cracking unknown cause","HwrR06bjl3TqPXYD/ecX4LA/iftMi41T","GRwvwbiSPMj1NaUhvL1kyVbfYNVH3Sr0UuCJMFnR3bg=",
"89e70215-545e-4360-9f14-9ff57a453e98","SERC_052.basePlot.vst","2018-09-26","vst_SERC_2018","D02","SERC","SERC_052",,"NEON.PLA.D02.SERC.00550","ok","single bole tree","Live",11.8,130,11.0,,,,,,,,,,,,,"HwrR06bjl3TqPXYD/ecX4LA/iftMi41T","GRwvwbiSPMj1NaUhvL1kyVbfYNVH3Sr0UuCJMFnR3bg=",
"e76fc684-de66-4d99-aa5d-7dc85acf7efa","SERC_052.basePlot.vst","2018-09-26","vst_SERC_2018","D02","SERC","SERC_052",,"NEON.PLA.D02.SERC.00542A","ok","multi-bole tree","Live",23.0,180,19.7,,,,,,,,,,,,,"HwrR06bjl3TqPXYD/ecX4LA/iftMi41T","GRwvwbiSPMj1NaUhvL1kyVbfYNVH3Sr0UuCJMFnR3bg=",
"1451b3dc-a8d2-44e9-a54b-164b15a8e99e","SERC_052.basePlot.vst","2018-09-26","vst_SERC_2018","D02","SERC","SERC_052",,"NEON.PLA.D02.SERC.00549","ok","single bole tree","Live",22.2,130,11.7,,,,,,,,,,,,,"HwrR06bjl3TqPXYD/ecX4LA/iftMi41T","GRwvwbiSPMj1NaUhvL1kyVbfYNVH3Sr0UuCJMFnR3bg=",
"46649c44-2402-4b89-9c05-9d3414c33dce","SERC_052.basePlot.vst","2018-09-26","vst_SERC_2018","D02","SERC","SERC_052",,"NEON.PLA.D02.SERC.05550","ok","single bole tree","Live",33.6,130,29.8,,,,,,,,,,,,,"HwrR06bjl3TqPXYD/ecX4LA/iftMi41T","GRwvwbiSPMj1NaUhvL1kyVbfYNVH3Sr0UuCJMFnR3bg=",
"80495e75-0376-4f65-8e82-f6b70c3ffc2d","SERC_052.basePlot.vst","2018-09-26","vst_SERC_2018","D02","SERC","SERC_052",,"NEON.PLA.D02.SERC.02022","ok","liana","Live",4.4,130,,,,,,,,,,,,,,"HwrR06bjl3TqPXYD/ecX4LA/iftMi41T","GRwvwbiSPMj1NaUhvL1kyVbfYNVH3Sr0UuCJMFnR3bg=",
"f219ef4a-6fab-44d4-b4d4-b1f4b3405d90","SERC_052.basePlot.vst","2018-09-26","vst_SERC_2018","D02","SERC","SERC_052",,"NEON.PLA.D02.SERC.05546","ok","single bole tree","Standing dead",15.8,130,13.7,,,,,,,,,,,,,"HwrR06bjl3TqPXYD/ecX4LA/iftMi41T","GRwvwbiSPMj1NaUhvL1kyVbfYNVH3Sr0UuCJMFnR3bg=",
"1ca8af71-cb15-4be2-b91e-f5ceb8e093c9","SERC_052.basePlot.vst","2018-09-26","vst_SERC_2018","D02","SERC","SERC_052",,"NEON.PLA.D02.SERC.00533","ok","small tree","Live",3.7,130,7.1,,,,,,,,,,,,,"HwrR06bjl3TqPXYD/ecX4LA/iftMi41T","GRwvwbiSPMj1NaUhvL1kyVbfYNVH3Sr0UuCJMFnR3bg=",
"87ebda8f-2a5b-4884-bf9e-0863bdd5dd35","SERC_052.basePlot.vst","2018-09-26","vst_SERC_2018","D02","SERC","SERC_052",,"NEON.PLA.D02.SERC.00547","ok","single bole tree","Dead, broken bole",14.8,130,3.0,,3.0,13.0,,,,,,,,,"unknown cause of death","HwrR06bjl3TqPXYD/ecX4LA/iftMi41T","GRwvwbiSPMj1NaUhvL1kyVbfYNVH3Sr0UuCJMFnR3bg=",
"2c5940f7-e803-4dbb-8b34-e1a20ddeb7d2","SERC_052.basePlot.vst","2018-09-26","vst_SERC_2018","D02","SERC","SERC_052",,"NEON.PLA.D02.SERC.00546","ok","single bole tree","Live",43.3,130,31.1,,,,,,,,,,,,,"HwrR06bjl3TqPXYD/ecX4LA/iftMi41T","GRwvwbiSPMj1NaUhvL1kyVbfYNVH3Sr0UuCJMFnR3bg=",
"fc4f8885-8a50-4eaf-8650-d7a684ad9af8","SERC_052.basePlot.vst","2018-09-26","vst_SERC_2018","D02","SERC","SERC_052",,"NEON.PLA.D02.SERC.12494","ok",,"No longer qualifies",,,,,,,,,,,,,,,"Unable to locate tag remains","HwrR06bjl3TqPXYD/ecX4LA/iftMi41T","GRwvwbiSPMj1NaUhvL1kyVbfYNVH3Sr0UuCJMFnR3bg=",
"16d0f451-6c9e-4153-b79e-1abe7514cd42","SERC_052.basePlot.vst","2018-09-26","vst_SERC_2018","D02","SERC","SERC_052",,"NEON.PLA.D02.SERC.12496","ok","sapling","Live",,,1.7,,,,,,,,1.1,10,,,,"HwrR06bjl3TqPXYD/ecX4LA/iftMi41T","GRwvwbiSPMj1NaUhvL1kyVbfYNVH3Sr0UuCJMFnR3bg=",
"ccdb9346-2611-4ec7-a2d1-850b47ef8204","SERC_052.basePlot.vst","2018-09-26","vst_SERC_2018","D02","SERC","SERC_052",,"NEON.PLA.D02.SERC.02029","ok","small tree","Live",1.7,130,3.2,,,,,,,,,,,,,"HwrR06bjl3TqPXYD/ecX4LA/iftMi41T","GRwvwbiSPMj1NaUhvL1kyVbfYNVH3Sr0UuCJMFnR3bg=",
"b321bd9b-551a-4175-83ef-3f315e084261","SERC_052.basePlot.vst","2018-09-26","vst_SERC_2018","D02","SERC","SERC_052",,"NEON.PLA.D02.SERC.00548","ok","single bole tree","Dead, broken bole",12.9,130,2.8,,2.8,11.5,,,,,,,,,"unknown cause of death","HwrR06bjl3TqPXYD/ecX4LA/iftMi41T","GRwvwbiSPMj1NaUhvL1kyVbfYNVH3Sr0UuCJMFnR3bg=",
"722991f2-6433-4ff2-8cfb-de4c49438adb","SERC_052.basePlot.vst","2018-09-26","vst_SERC_2018","D02","SERC","SERC_052",,"NEON.PLA.D02.SERC.05547","ok","single bole tree","Live",16.3,130,18.2,,,,,,,,,,,,,"HwrR06bjl3TqPXYD/ecX4LA/iftMi41T","GRwvwbiSPMj1NaUhvL1kyVbfYNVH3Sr0UuCJMFnR3bg=",
"f26f71b6-67a2-4631-a0db-364717b223ae","SERC_052.basePlot.vst","2018-09-26","vst_SERC_2018","D02","SERC","SERC_052",,"NEON.PLA.D02.SERC.00544","ok","single bole tree","Live",34.5,130,30.7,,,,,,,,,,,,,"HwrR06bjl3TqPXYD/ecX4LA/iftMi41T","GRwvwbiSPMj1NaUhvL1kyVbfYNVH3Sr0UuCJMFnR3bg=",
"e72c87cc-03b4-4444-895c-12553269d0e4","SERC_052.basePlot.vst","2018-09-26","vst_SERC_2018","D02","SERC","SERC_052",,"NEON.PLA.D02.SERC.05537","ok","single bole tree","Live",23.1,130,19.4,,,,,,,,,,,,,"HwrR06bjl3TqPXYD/ecX4LA/iftMi41T","GRwvwbiSPMj1NaUhvL1kyVbfYNVH3Sr0UuCJMFnR3bg=",
"04deb518-d00d-4acd-8a1a-0a568c236a4a","SERC_052.basePlot.vst","2018-09-26","vst_SERC_2018","D02","SERC","SERC_052",,"NEON.PLA.D02.SERC.00528","ok","small tree","Live",3.5,130,6.0,,,,,,,,,,,,,"HwrR06bjl3TqPXYD/ecX4LA/iftMi41T","GRwvwbiSPMj1NaUhvL1kyVbfYNVH3Sr0UuCJMFnR3bg=",
"45b8c459-ba85-4cf8-9ddb-037ce8ccd2fe","SERC_052.basePlot.vst","2018-09-26","vst_SERC_2018","D02","SERC","SERC_052",,"NEON.PLA.D02.SERC.05538A","ok","multi-bole tree","Live",28.6,180,26.6,,,,,,,,,,,,,"HwrR06bjl3TqPXYD/ecX4LA/iftMi41T","GRwvwbiSPMj1NaUhvL1kyVbfYNVH3Sr0UuCJMFnR3bg=",
"38bcd8db-142f-46cc-ac6a-cf758ad4ed77","SERC_052.basePlot.vst","2018-09-26","vst_SERC_2018","D02","SERC","SERC_052",,"NEON.PLA.D02.SERC.02010","ok","small tree","Live",2.6,130,4.2,,,,,,,,,,,,,"HwrR06bjl3TqPXYD/ecX4LA/iftMi41T","GRwvwbiSPMj1NaUhvL1kyVbfYNVH3Sr0UuCJMFnR3bg=",
"b17f3115-bafc-4624-aeba-f5c1a37c6648","SERC_052.basePlot.vst","2018-09-26","vst_SERC_2018","D02","SERC","SERC_052",,"NEON.PLA.D02.SERC.02021","ok","small tree","Live",1.3,130,2.6,,,,,,,,,,,,,"HwrR06bjl3TqPXYD/ecX4LA/iftMi41T","GRwvwbiSPMj1NaUhvL1kyVbfYNVH3Sr0UuCJMFnR3bg=",
"d3b94b43-e9f1-4cbd-9c88-012cece7c352","SERC_052.basePlot.vst","2018-09-26","vst_SERC_2018","D02","SERC","SERC_052",,"NEON.PLA.D02.SERC.05555","ok","single bole tree","Live",14.2,130,12.7,,,,,,,,,,,,,"HwrR06bjl3TqPXYD/ecX4LA/iftMi41T","GRwvwbiSPMj1NaUhvL1kyVbfYNVH3Sr0UuCJMFnR3bg=",
"4766c76f-c764-410c-a695-a60bec266ebf","SERC_052.basePlot.vst","2018-09-26","vst_SERC_2018","D02","SERC","SERC_052",,"NEON.PLA.D02.SERC.00556","ok","single bole tree","Live",32.2,130,29.5,,,,,,,,,,,,,"HwrR06bjl3TqPXYD/ecX4LA/iftMi41T","GRwvwbiSPMj1NaUhvL1kyVbfYNVH3Sr0UuCJMFnR3bg=",
"e171cd73-ad7b-42f9-9f13-2be68a27a70a","SERC_052.basePlot.vst","2018-09-26","vst_SERC_2018","D02","SERC","SERC_052",,"NEON.PLA.D02.SERC.00527","ok","small tree","Standing dead",1.4,130,2.8,,,,,,,,,,,,"Biotic suppression","HwrR06bjl3TqPXYD/ecX4LA/iftMi41T","GRwvwbiSPMj1NaUhvL1kyVbfYNVH3Sr0UuCJMFnR3bg=",
"66b64327-38ee-430a-bd22-d480a4cae863","SERC_052.basePlot.vst","2018-09-26","vst_SERC_2018","D02","SERC","SERC_052",,"NEON.PLA.D02.SERC.00536","ok","small tree","Live",3.2,130,5.5,,,,,,,,,,,,,"HwrR06bjl3TqPXYD/ecX4LA/iftMi41T","GRwvwbiSPMj1NaUhvL1kyVbfYNVH3Sr0UuCJMFnR3bg=",
"d3d10b21-688b-4eef-8c53-114ba5440a9c","SERC_052.basePlot.vst","2018-09-26","vst_SERC_2018","D02","SERC","SERC_052",,"NEON.PLA.D02.SERC.02066","ok","liana","Live",3.2,130,,,,,,,,,,,,,,"HwrR06bjl3TqPXYD/ecX4LA/iftMi41T","GRwvwbiSPMj1NaUhvL1kyVbfYNVH3Sr0UuCJMFnR3bg=",
"66a1173f-f7b9-4ff4-bb13-6f08825835b7","SERC_052.basePlot.vst","2018-09-26","vst_SERC_2018","D02","SERC","SERC_052",,"NEON.PLA.D02.SERC.00531","ok","sapling","Standing dead",,,2.2,,,,,,,,1.0,10,,,"Biotic suppression","HwrR06bjl3TqPXYD/ecX4LA/iftMi41T","GRwvwbiSPMj1NaUhvL1kyVbfYNVH3Sr0UuCJMFnR3bg=",
"6b1b6554-50f9-4d28-bac1-9a929ee8539d","SERC_052.basePlot.vst","2018-09-26","vst_SERC_2018","D02","SERC","SERC_052",,"NEON.PLA.D02.SERC.12495","ok","small tree","Live",1.1,130,3.0,,,,,,,,,,,,,"HwrR06bjl3TqPXYD/ecX4LA/iftMi41T","GRwvwbiSPMj1NaUhvL1kyVbfYNVH3Sr0UuCJMFnR3bg=",
"69f6a29b-2ce9-4930-9921-35979870c430","SERC_052.basePlot.vst","2018-09-26","vst_SERC_2018","D02","SERC","SERC_052",,"NEON.PLA.D02.SERC.02075","ok","single bole tree","Live,  other damage",13.6,130,16.1,,,,,,,,,,,,"major dead branches in canopy unknown cause","HwrR06bjl3TqPXYD/ecX4LA/iftMi41T","GRwvwbiSPMj1NaUhvL1kyVbfYNVH3Sr0UuCJMFnR3bg=",
"5b3e33db-45d0-45a2-a935-0ab03e932cb0","SERC_052.basePlot.vst","2018-09-26","vst_SERC_2018","D02","SERC","SERC_052",,"NEON.PLA.D02.SERC.00551","ok","single bole tree","Live",40.4,130,31.9,,,,,,,,,,,,,"HwrR06bjl3TqPXYD/ecX4LA/iftMi41T","GRwvwbiSPMj1NaUhvL1kyVbfYNVH3Sr0UuCJMFnR3bg=",
"1456fa60-bd2d-48a9-a2e3-3fc3a21975ae","SERC_052.basePlot.vst","2018-09-26","vst_SERC_2018","D02","SERC","SERC_052",,"NEON.PLA.D02.SERC.00522","ok","small tree","Live",1.1,130,2.7,,,,,,,,,,,,,"HwrR06bjl3TqPXYD/ecX4LA/iftMi41T","GRwvwbiSPMj1NaUhvL1kyVbfYNVH3Sr0UuCJMFnR3bg=",
"4643a218-1193-4612-b164-f31ea1b9c22e","SERC_052.basePlot.vst","2018-09-26","vst_SERC_2018","D02","SERC","SERC_052",,"NEON.PLA.D02.SERC.00507","ok","sapling","Live",,,2.2,,,,,,,,1.1,10,,,,"HwrR06bjl3TqPXYD/ecX4LA/iftMi41T","GRwvwbiSPMj1NaUhvL1kyVbfYNVH3Sr0UuCJMFnR3bg=",
"cfadab91-425e-45e4-8441-eea2087f2eaf","SERC_052.basePlot.vst","2018-09-26","vst_SERC_2018","D02","SERC","SERC_052",,"NEON.PLA.D02.SERC.00537","ok","single bole tree","Live",51.6,130,33.8,,,,,,,,,,,,,"HwrR06bjl3TqPXYD/ecX4LA/iftMi41T","GRwvwbiSPMj1NaUhvL1kyVbfYNVH3Sr0UuCJMFnR3bg=",
"9b92fef2-d426-4737-a3b9-67645fd0125c","SERC_052.basePlot.vst","2018-09-26","vst_SERC_2018","D02","SERC","SERC_052",,"NEON.PLA.D02.SERC.00532","ok","small tree","Live",1.4,130,3.8,,,,,,,,,,,,,"HwrR06bjl3TqPXYD/ecX4LA/iftMi41T","GRwvwbiSPMj1NaUhvL1kyVbfYNVH3Sr0UuCJMFnR3bg=",
"a2908622-0f2d-4ac7-aaeb-456eeb7e8b47","SERC_052.basePlot.vst","2018-09-26","vst_SERC_2018","D02","SERC","SERC_052",,"NEON.PLA.D02.SERC.02011","ok",,"No longer qualifies",,,,,,,,,,,,,,,"Main stem broken below 130 cm but still alive tag remains","HwrR06bjl3TqPXYD/ecX4LA/iftMi41T","GRwvwbiSPMj1NaUhvL1kyVbfYNVH3Sr0UuCJMFnR3bg=",
"caec9f70-44e4-422b-a912-401d5fe5e45c","SERC_052.basePlot.vst","2018-09-26","vst_SERC_2018","D02","SERC","SERC_052",,"NEON.PLA.D02.SERC.00534","ok","small tree","Live",2.5,130,4.0,,,,,,,,,,,,,"HwrR06bjl3TqPXYD/ecX4LA/iftMi41T","GRwvwbiSPMj1NaUhvL1kyVbfYNVH3Sr0UuCJMFnR3bg=",
"0eef5022-74e4-4f80-93de-65f0b7dab0dc","SERC_052.basePlot.vst","2018-09-26","vst_SERC_2018","D02","SERC","SERC_052",,"NEON.PLA.D02.SERC.13531","ok","sapling","Live",,,1.8,,,,,,,,1.0,10,,,,"HwrR06bjl3TqPXYD/ecX4LA/iftMi41T","GRwvwbiSPMj1NaUhvL1kyVbfYNVH3Sr0UuCJMFnR3bg=",
"79eefa6c-0236-4cf6-a94f-75c8792c9742","SERC_052.basePlot.vst","2018-09-26","vst_SERC_2018","D02","SERC","SERC_052",,"NEON.PLA.D02.SERC.05544","ok","single bole tree","Live",11.5,130,10.1,,,,,,,,,,,,,"HwrR06bjl3TqPXYD/ecX4LA/iftMi41T","GRwvwbiSPMj1NaUhvL1kyVbfYNVH3Sr0UuCJMFnR3bg=",
"6e86e129-edba-4ce2-9571-73ffbc6a243a","SERC_052.basePlot.vst","2018-09-26","vst_SERC_2018","D02","SERC","SERC_052",,"NEON.PLA.D02.SERC.00503","ok","sapling","Live",,,0.7,,,,,,,,1.0,10,,,,"HwrR06bjl3TqPXYD/ecX4LA/iftMi41T","GRwvwbiSPMj1NaUhvL1kyVbfYNVH3Sr0UuCJMFnR3bg=",
"c4e4d834-122b-4d27-8a8a-bd126c64a3a6","SERC_052.basePlot.vst","2018-09-26","vst_SERC_2018","D02","SERC","SERC_052",,"NEON.PLA.D02.SERC.00510","ok","small tree","Live",1.3,130,2.2,,,,,,,,,,,,,"HwrR06bjl3TqPXYD/ecX4LA/iftMi41T","GRwvwbiSPMj1NaUhvL1kyVbfYNVH3Sr0UuCJMFnR3bg=",
"25bd3616-e873-4e77-992e-113e205f6dc6","SERC_052.basePlot.vst","2018-09-26","vst_SERC_2018","D02","SERC","SERC_052",,"NEON.PLA.D02.SERC.13210","ok","single bole tree","Live, physically damaged",10.0,130,10.5,,,,,,,,,,,,"bole damage large scar unknown cause","HwrR06bjl3TqPXYD/ecX4LA/iftMi41T","GRwvwbiSPMj1NaUhvL1kyVbfYNVH3Sr0UuCJMFnR3bg=",
"ba4143c0-e914-44ac-a6a2-5f5451718931","SERC_052.basePlot.vst","2018-09-26","vst_SERC_2018","D02","SERC","SERC_052",,"NEON.PLA.D02.SERC.02015","ok","small tree","Standing dead",8.3,130,8.7,,,,,,,,,,,,"unknown cause of death","HwrR06bjl3TqPXYD/ecX4LA/iftMi41T","GRwvwbiSPMj1NaUhvL1kyVbfYNVH3Sr0UuCJMFnR3bg=",
"e1b0c225-b57e-49ea-98b5-701e6c25bfe6","SERC_052.basePlot.vst","2018-09-26","vst_SERC_2018","D02","SERC","SERC_052",,"NEON.PLA.D02.SERC.00513","ok","sapling","Live",,,2.3,,,,,,,,1.2,10,,,,"HwrR06bjl3TqPXYD/ecX4LA/iftMi41T","GRwvwbiSPMj1NaUhvL1kyVbfYNVH3Sr0UuCJMFnR3bg=",
"439e134b-0a54-4b7f-a998-d87450691eba","SERC_052.basePlot.vst","2018-09-26","vst_SERC_2018","D02","SERC","SERC_052",,"NEON.PLA.D02.SERC.13208","ok","sapling","Live, physically damaged",,,1.3,,,,,,,,1.0,10,,,"crown damage meristem snapped near tip","HwrR06bjl3TqPXYD/ecX4LA/iftMi41T","GRwvwbiSPMj1NaUhvL1kyVbfYNVH3Sr0UuCJMFnR3bg=",
"d39aa96a-c30b-406d-ab39-687baf368d59","SERC_052.basePlot.vst","2018-09-26","vst_SERC_2018","D02","SERC","SERC_052",,"NEON.PLA.D02.SERC.02017","ok","small tree","Dead, broken bole",8.7,130,5.5,,5.5,9.5,,,,,,,,,,"HwrR06bjl3TqPXYD/ecX4LA/iftMi41T","GRwvwbiSPMj1NaUhvL1kyVbfYNVH3Sr0UuCJMFnR3bg=",
"1acbc278-e50f-4c35-ab27-696e1d4f5de9","SERC_052.basePlot.vst","2018-09-26","vst_SERC_2018","D02","SERC","SERC_052",,"NEON.PLA.D02.SERC.12700","ok","single bole tree","Live",11.4,130,10.4,,,,,,,,,,,,,"HwrR06bjl3TqPXYD/ecX4LA/iftMi41T","GRwvwbiSPMj1NaUhvL1kyVbfYNVH3Sr0UuCJMFnR3bg=",
"d06921ae-9f91-4731-a164-75d4e744e252","SERC_052.basePlot.vst","2018-09-26","vst_SERC_2018","D02","SERC","SERC_052",,"NEON.PLA.D02.SERC.00509","ok","small tree","Live",2.3,130,3.9,,,,,,,,,,,,,"HwrR06bjl3TqPXYD/ecX4LA/iftMi41T","GRwvwbiSPMj1NaUhvL1kyVbfYNVH3Sr0UuCJMFnR3bg=",
"af555f1a-04dc-4501-ad47-17ed6ac98ad1","SERC_052.basePlot.vst","2018-09-26","vst_SERC_2018","D02","SERC","SERC_052",,"NEON.PLA.D02.SERC.02065","removed",,"Lost, fate unknown",,,,,,,,,,,,,,,"Downed tag removed","HwrR06bjl3TqPXYD/ecX4LA/iftMi41T","GRwvwbiSPMj1NaUhvL1kyVbfYNVH3Sr0UuCJMFnR3bg=",
"e0bf0d56-6043-4e73-8ffc-42cefd54b8ca","SERC_052.basePlot.vst","2018-09-26","vst_SERC_2018","D02","SERC","SERC_052",,"NEON.PLA.D02.SERC.00529","ok","small tree","Live",3.9,130,5.9,,,,,,,,,,,,,"HwrR06bjl3TqPXYD/ecX4LA/iftMi41T","GRwvwbiSPMj1NaUhvL1kyVbfYNVH3Sr0UuCJMFnR3bg=",
"6839d263-0dd1-4312-b965-af5a76cb111c","SERC_052.basePlot.vst","2018-09-26","vst_SERC_2018","D02","SERC","SERC_052",,"NEON.PLA.D02.SERC.00504","ok","sapling","Live",,,1.9,,,,,,,,1.3,10,,,,"HwrR06bjl3TqPXYD/ecX4LA/iftMi41T","GRwvwbiSPMj1NaUhvL1kyVbfYNVH3Sr0UuCJMFnR3bg=",
"fffb6a62-0811-4bc6-9eac-2a757883ca2f","SERC_052.basePlot.vst","2018-09-26","vst_SERC_2018","D02","SERC","SERC_052",,"NEON.PLA.D02.SERC.00545","ok","single bole tree","Live",32.8,130,31.4,,,,,,,,,,,,,"HwrR06bjl3TqPXYD/ecX4LA/iftMi41T","GRwvwbiSPMj1NaUhvL1kyVbfYNVH3Sr0UuCJMFnR3bg=",
"0ef6f0bb-f8d8-4610-adde-25dea8ee996e","SERC_052.basePlot.vst","2018-09-26","vst_SERC_2018","D02","SERC","SERC_052",,"NEON.PLA.D02.SERC.00542","ok","multi-bole tree","Live",31.4,180,19.7,,,,,,,,,,,,,"HwrR06bjl3TqPXYD/ecX4LA/iftMi41T","GRwvwbiSPMj1NaUhvL1kyVbfYNVH3Sr0UuCJMFnR3bg=",
"2cdbbed9-83ef-4f89-83f4-de71ed77976a","SERC_052.basePlot.vst","2018-09-26","vst_SERC_2018","D02","SERC","SERC_052",,"NEON.PLA.D02.SERC.05542","ok","single bole tree","Live",11.5,130,14.2,,,,,,,,,,,,,"HwrR06bjl3TqPXYD/ecX4LA/iftMi41T","GRwvwbiSPMj1NaUhvL1kyVbfYNVH3Sr0UuCJMFnR3bg=",
"1efe6d36-939e-4426-a331-adde8fa43149","SERC_052.basePlot.vst","2018-09-26","vst_SERC_2018","D02","SERC","SERC_052",,"NEON.PLA.D02.SERC.00518","ok","sapling","Live",,,1.9,,,,,,,,1.3,10,,,,"HwrR06bjl3TqPXYD/ecX4LA/iftMi41T","GRwvwbiSPMj1NaUhvL1kyVbfYNVH3Sr0UuCJMFnR3bg=",
"5dd4dd10-04f9-4f71-a958-bb578349c3a9","SERC_052.basePlot.vst","2018-09-26","vst_SERC_2018","D02","SERC","SERC_052",,"NEON.PLA.D02.SERC.00517","ok","small tree","Live",1.4,130,3.7,,,,,,,,,,,,,"HwrR06bjl3TqPXYD/ecX4LA/iftMi41T","GRwvwbiSPMj1NaUhvL1kyVbfYNVH3Sr0UuCJMFnR3bg=",
"6b1dc2be-5fd1-4e85-8088-5f4eff9f3cc2","SERC_052.basePlot.vst","2018-09-26","vst_SERC_2018","D02","SERC","SERC_052",,"NEON.PLA.D02.SERC.00543","ok","single bole tree","Live",37.0,130,30.9,,,,,,,,,,,,,"HwrR06bjl3TqPXYD/ecX4LA/iftMi41T","GRwvwbiSPMj1NaUhvL1kyVbfYNVH3Sr0UuCJMFnR3bg=",
"22e1cfe1-a773-475c-b6ae-f9620949a600","SERC_052.basePlot.vst","2018-09-26","vst_SERC_2018","D02","SERC","SERC_052",,"NEON.PLA.D02.SERC.05541","ok","single bole tree","Live",46.8,130,30.8,,,,,,,,,,,,,"HwrR06bjl3TqPXYD/ecX4LA/iftMi41T","GRwvwbiSPMj1NaUhvL1kyVbfYNVH3Sr0UuCJMFnR3bg=",
"4710668f-b919-4fd2-9091-116c08c239a3","SERC_052.basePlot.vst","2018-09-26","vst_SERC_2018","D02","SERC","SERC_052",,"NEON.PLA.D02.SERC.00516","ok","sapling","Live",,,2.2,,,,,,,,1.2,10,,,,"HwrR06bjl3TqPXYD/ecX4LA/iftMi41T","GRwvwbiSPMj1NaUhvL1kyVbfYNVH3Sr0UuCJMFnR3bg=",
"fb8e7275-6eb8-490f-b7ed-95dd0c99e5b9","SERC_052.basePlot.vst","2018-09-26","vst_SERC_2018","D02","SERC","SERC_052",,"NEON.PLA.D02.SERC.00514","ok","sapling","Live",,,2.6,,,,,,,,1.6,10,,,,"HwrR06bjl3TqPXYD/ecX4LA/iftMi41T","GRwvwbiSPMj1NaUhvL1kyVbfYNVH3Sr0UuCJMFnR3bg=",
"814feecc-7a74-4341-ae1b-cf9f2fb70356","SERC_052.basePlot.vst","2018-09-26","vst_SERC_2018","D02","SERC","SERC_052",,"NEON.PLA.D02.SERC.02030","ok","sapling","Live",,,1.6,,,,,,,,1.0,10,,,,"HwrR06bjl3TqPXYD/ecX4LA/iftMi41T","GRwvwbiSPMj1NaUhvL1kyVbfYNVH3Sr0UuCJMFnR3bg=",
"db4e4a9e-9188-45c6-9623-b7584b71a28c","SERC_052.basePlot.vst","2018-09-26","vst_SERC_2018","D02","SERC","SERC_052",,"NEON.PLA.D02.SERC.00502","ok","sapling","Live",,,1.7,,,,,,,,1.2,10,,,,"HwrR06bjl3TqPXYD/ecX4LA/iftMi41T","GRwvwbiSPMj1NaUhvL1kyVbfYNVH3Sr0UuCJMFnR3bg=",
"a6ee9a56-9c1d-4a4c-ae9f-604c9f04b513","SERC_052.basePlot.vst","2018-09-26","vst_SERC_2018","D02","SERC","SERC_052",,"NEON.PLA.D02.SERC.00555","ok","single bole tree","Live",11.1,130,7.1,,,,,,,,,,,,,"HwrR06bjl3TqPXYD/ecX4LA/iftMi41T","GRwvwbiSPMj1NaUhvL1kyVbfYNVH3Sr0UuCJMFnR3bg=",
"248cf383-a8ae-498e-b0df-62754b8e8385","SERC_052.basePlot.vst","2018-09-26","vst_SERC_2018","D02","SERC","SERC_052",,"NEON.PLA.D02.SERC.00554","ok","single bole tree","Live",11.2,130,9.0,,,,,,,,,,,,,"HwrR06bjl3TqPXYD/ecX4LA/iftMi41T","GRwvwbiSPMj1NaUhvL1kyVbfYNVH3Sr0UuCJMFnR3bg=",
"209673ff-41d1-46c0-838c-94e6d1cbe2cd","SERC_052.basePlot.vst","2018-09-26","vst_SERC_2018","D02","SERC","SERC_052",,"NEON.PLA.D02.SERC.02032","ok","small tree","Live",4.0,130,7.1,,,,,,,,,,,,,"HwrR06bjl3TqPXYD/ecX4LA/iftMi41T","GRwvwbiSPMj1NaUhvL1kyVbfYNVH3Sr0UuCJMFnR3bg=",
"ba99c725-4e5a-430f-b1b8-7741c77c73d3","SERC_052.basePlot.vst","2018-09-26","vst_SERC_2018","D02","SERC","SERC_052",,"NEON.PLA.D02.SERC.12497","ok","sapling","Live",,,1.9,,,,,,,,1.0,10,,,,"HwrR06bjl3TqPXYD/ecX4LA/iftMi41T","GRwvwbiSPMj1NaUhvL1kyVbfYNVH3Sr0UuCJMFnR3bg=",
"765a3bfd-4f8f-486d-ac4f-a3930f78ee91","SERC_052.basePlot.vst","2018-09-26","vst_SERC_2018","D02","SERC","SERC_052",,"NEON.PLA.D02.SERC.02013","ok","sapling","Live, broken bole",,,0.7,,,,,,,,1.5,10,,,,"HwrR06bjl3TqPXYD/ecX4LA/iftMi41T","GRwvwbiSPMj1NaUhvL1kyVbfYNVH3Sr0UuCJMFnR3bg=",
"d3019ad8-14c1-40de-baf4-c07acd01535d","SERC_052.basePlot.vst","2018-09-26","vst_SERC_2018","D02","SERC","SERC_052",,"NEON.PLA.D02.SERC.00515","ok","sapling","Live",,,2.3,,,,,,,,1.6,10,,,,"HwrR06bjl3TqPXYD/ecX4LA/iftMi41T","GRwvwbiSPMj1NaUhvL1kyVbfYNVH3Sr0UuCJMFnR3bg=",
"5b9ba982-54b0-44c4-8df3-362e3bac0372","SERC_052.basePlot.vst","2018-09-26","vst_SERC_2018","D02","SERC","SERC_052",,"NEON.PLA.D02.SERC.02052","ok","sapling","Live",,,2.6,,,,,,,,1.4,10,,,,"HwrR06bjl3TqPXYD/ecX4LA/iftMi41T","GRwvwbiSPMj1NaUhvL1kyVbfYNVH3Sr0UuCJMFnR3bg=",
"bdc4ff2a-071f-4261-aef6-d714dda2801d","SERC_052.basePlot.vst","2018-09-26","vst_SERC_2018","D02","SERC","SERC_052",,"NEON.PLA.D02.SERC.12493","ok","sapling","Live",,,1.0,,,,,,,,1.1,10,,,,"HwrR06bjl3TqPXYD/ecX4LA/iftMi41T","GRwvwbiSPMj1NaUhvL1kyVbfYNVH3Sr0UuCJMFnR3bg=",
"04d34b05-3d77-40b8-afbd-064c20ceb775","SERC_052.basePlot.vst","2018-09-26","vst_SERC_2018","D02","SERC","SERC_052",,"NEON.PLA.D02.SERC.00524","ok","small tree","Live",1.2,130,2.8,,,,,,,,,,,,,"HwrR06bjl3TqPXYD/ecX4LA/iftMi41T","GRwvwbiSPMj1NaUhvL1kyVbfYNVH3Sr0UuCJMFnR3bg=",
"2e0a474b-a553-4d2c-9124-afe0069d7a68","SERC_052.basePlot.vst","2018-09-26","vst_SERC_2018","D02","SERC","SERC_052",,"NEON.PLA.D02.SERC.00539","ok","single bole tree","Live",33.5,130,25.0,,,,,,,,,,,,,"HwrR06bjl3TqPXYD/ecX4LA/iftMi41T","GRwvwbiSPMj1NaUhvL1kyVbfYNVH3Sr0UuCJMFnR3bg=",
"019963d0-8373-470d-85e7-817114aa74f2","SERC_052.basePlot.vst","2018-09-26","vst_SERC_2018","D02","SERC","SERC_052",,"NEON.PLA.D02.SERC.00538","ok","single bole tree","Live",23.4,130,21.2,,,,,,,,,,,,,"HwrR06bjl3TqPXYD/ecX4LA/iftMi41T","GRwvwbiSPMj1NaUhvL1kyVbfYNVH3Sr0UuCJMFnR3bg=",
"a5b85b1a-8d73-45ce-a167-4f2b24da8da2","SERC_052.basePlot.vst","2018-09-26","vst_SERC_2018","D02","SERC","SERC_052",,"NEON.PLA.D02.SERC.12247","ok","single bole tree","Live",10.4,130,11.4,,,,,,,,,,,,,"HwrR06bjl3TqPXYD/ecX4LA/iftMi41T","GRwvwbiSPMj1NaUhvL1kyVbfYNVH3Sr0UuCJMFnR3bg=",
"0da494c8-b378-4d17-9fa6-2c2165d10a47","SERC_052.basePlot.vst","2018-09-26","vst_SERC_2018","D02","SERC","SERC_052",,"NEON.PLA.D02.SERC.00505","ok","sapling","Live",,,2.2,,,,,,,,1.6,10,,,,"HwrR06bjl3TqPXYD/ecX4LA/iftMi41T","GRwvwbiSPMj1NaUhvL1kyVbfYNVH3Sr0UuCJMFnR3bg=",
"15e948f8-dd19-48c3-a8b3-a7facd4f259f","SERC_052.basePlot.vst","2018-09-26","vst_SERC_2018","D02","SERC","SERC_052",,"NEON.PLA.D02.SERC.05539","ok","single bole tree","Live",43.2,130,30.0,,,,,,,,,,,,,"HwrR06bjl3TqPXYD/ecX4LA/iftMi41T","GRwvwbiSPMj1NaUhvL1kyVbfYNVH3Sr0UuCJMFnR3bg=",
"f00ce98c-9773-4f5b-9432-62563494a70c","SERC_052.basePlot.vst","2018-09-26","vst_SERC_2018","D02","SERC","SERC_052",,"NEON.PLA.D02.SERC.05548","ok","single bole tree","Live",11.8,130,10.8,,,,,,,,,,,,,"HwrR06bjl3TqPXYD/ecX4LA/iftMi41T","GRwvwbiSPMj1NaUhvL1kyVbfYNVH3Sr0UuCJMFnR3bg=",
"56252dff-3d1d-4062-add0-904439e22272","SERC_052.basePlot.vst","2018-09-26","vst_SERC_2018","D02","SERC","SERC_052",,"NEON.PLA.D02.SERC.00523","ok","small tree","Live",1.0,130,2.8,,,,,,,,,,,,,"HwrR06bjl3TqPXYD/ecX4LA/iftMi41T","GRwvwbiSPMj1NaUhvL1kyVbfYNVH3Sr0UuCJMFnR3bg=",
"f0a836fd-6787-419f-bbab-ad032207dab6","SERC_052.basePlot.vst","2018-09-26","vst_SERC_2018","D02","SERC","SERC_052",,"NEON.PLA.D02.SERC.05554","ok","single bole tree","Live",16.5,130,15.8,,,,,,,,,,,,,"HwrR06bjl3TqPXYD/ecX4LA/iftMi41T","GRwvwbiSPMj1NaUhvL1kyVbfYNVH3Sr0UuCJMFnR3bg=",
"e3fd754d-81ae-4961-b1c9-f1e3a0c93960","SERC_052.basePlot.vst","2018-09-26","vst_SERC_2018","D02","SERC","SERC_052",,"NEON.PLA.D02.SERC.05545","ok","single bole tree","Live",28.4,130,24.9,,,,,,,,,,,,,"HwrR06bjl3TqPXYD/ecX4LA/iftMi41T","GRwvwbiSPMj1NaUhvL1kyVbfYNVH3Sr0UuCJMFnR3bg=",
"20c57fe7-c4c5-4654-95a2-e0c484d5832c","SERC_052.basePlot.vst","2018-09-26","vst_SERC_2018","D02","SERC","SERC_052",,"NEON.PLA.D02.SERC.02012","ok","small tree","Live",6.3,130,8.3,,,,,,,,,,,,,"HwrR06bjl3TqPXYD/ecX4LA/iftMi41T","GRwvwbiSPMj1NaUhvL1kyVbfYNVH3Sr0UuCJMFnR3bg=",
"0808c770-ae19-46b2-a2c2-67647b3a8b30","SERC_052.basePlot.vst","2018-09-26","vst_SERC_2018","D02","SERC","SERC_052",,"NEON.PLA.D02.SERC.00535","removed",,"Lost, fate unknown",,,,,,,,,,,,,,,"Tag removed too small for CDW","HwrR06bjl3TqPXYD/ecX4LA/iftMi41T","GRwvwbiSPMj1NaUhvL1kyVbfYNVH3Sr0UuCJMFnR3bg=",
"4ccd6cc4-6dbf-40e4-b9aa-e35bba294f0f","SERC_052.basePlot.vst","2018-09-26","vst_SERC_2018","D02","SERC","SERC_052",,"NEON.PLA.D02.SERC.00552","ok","single bole tree","Live",40.5,130,30.3,,,,,,,,,,,,,"HwrR06bjl3TqPXYD/ecX4LA/iftMi41T","GRwvwbiSPMj1NaUhvL1kyVbfYNVH3Sr0UuCJMFnR3bg=",
"844d76ae-daf0-4b9d-9874-bb3b3ceffeb2","SERC_052.basePlot.vst","2018-09-26","vst_SERC_2018","D02","SERC","SERC_052",,"NEON.PLA.D02.SERC.00506","ok","sapling","Live",,,2.0,,,,,,,,1.3,10,,,,"HwrR06bjl3TqPXYD/ecX4LA/iftMi41T","GRwvwbiSPMj1NaUhvL1kyVbfYNVH3Sr0UuCJMFnR3bg=",
"c955bfb2-e38f-464f-af82-8a12d7f1fed1","SERC_052.basePlot.vst","2018-09-26","vst_SERC_2018","D02","SERC","SERC_052",,"NEON.PLA.D02.SERC.05538","ok","multi-bole tree","Live",36.2,180,26.6,,,,,,,,,,,,"previously measured ad SBT but pith split well below 130; now measured as MBT","HwrR06bjl3TqPXYD/ecX4LA/iftMi41T","GRwvwbiSPMj1NaUhvL1kyVbfYNVH3Sr0UuCJMFnR3bg=",
"965e56c8-7547-41fa-b5c5-3be8becbc000","SERC_052.basePlot.vst","2018-09-26","vst_SERC_2018","D02","SERC","SERC_052",,"NEON.PLA.D02.SERC.00512","removed",,"Lost, fate unknown",,,,,,,,,,,,,,,"tag removed from dead downed stem","HwrR06bjl3TqPXYD/ecX4LA/iftMi41T","GRwvwbiSPMj1NaUhvL1kyVbfYNVH3Sr0UuCJMFnR3bg=",
"6c88a7aa-ef10-4e25-852b-c3e0cc8b43b3","SERC_052.basePlot.vst","2018-09-26","vst_SERC_2018","D02","SERC","SERC_052",,"NEON.PLA.D02.SERC.05540","ok","single bole tree","Live",43.3,130,32.2,,,,,,,,,,,,,"HwrR06bjl3TqPXYD/ecX4LA/iftMi41T","GRwvwbiSPMj1NaUhvL1kyVbfYNVH3Sr0UuCJMFnR3bg=",
"e78016aa-93a8-4104-b264-c22d12553ffd","SERC_052.basePlot.vst","2018-09-26","vst_SERC_2018","D02","SERC","SERC_052",,"NEON.PLA.D02.SERC.02048","ok","small tree","Live",6.9,130,8.0,,,,,,,,,,,,,"HwrR06bjl3TqPXYD/ecX4LA/iftMi41T","GRwvwbiSPMj1NaUhvL1kyVbfYNVH3Sr0UuCJMFnR3bg=",
"d4d8dc73-0280-4e4f-8cc5-867d5f621e52","SERC_052.basePlot.vst","2018-09-26","vst_SERC_2018","D02","SERC","SERC_052",,"NEON.PLA.D02.SERC.12248","ok","single bole tree","Live",10.1,130,8.6,,,,,,,,,,,,,"HwrR06bjl3TqPXYD/ecX4LA/iftMi41T","GRwvwbiSPMj1NaUhvL1kyVbfYNVH3Sr0UuCJMFnR3bg=",
"d7999b31-07f7-4c09-8767-62c0c8de2304","SERC_052.basePlot.vst","2018-09-26","vst_SERC_2018","D02","SERC","SERC_052",,"NEON.PLA.D02.SERC.00521","ok","small tree","Live",1.1,130,2.0,,,,,,,,,,,,"height affected by windthrow pulling crown down but not damaged","HwrR06bjl3TqPXYD/ecX4LA/iftMi41T","GRwvwbiSPMj1NaUhvL1kyVbfYNVH3Sr0UuCJMFnR3bg=",
"0cee9886-ffc6-4709-b454-951f7791862f","SERC_052.basePlot.vst","2018-09-26","vst_SERC_2018","D02","SERC","SERC_052",,"NEON.PLA.D02.SERC.00530","ok","sapling","Live",,,1.5,,,,,,,,1.6,10,,,,"HwrR06bjl3TqPXYD/ecX4LA/iftMi41T","GRwvwbiSPMj1NaUhvL1kyVbfYNVH3Sr0UuCJMFnR3bg=",
"9c8ae7dd-0813-482b-991b-e9abc70fee1b","SERC_052.basePlot.vst","2018-09-26","vst_SERC_2018","D02","SERC","SERC_052",,"NEON.PLA.D02.SERC.02014","ok","small tree","Live",5.4,130,7.7,,,,,,,,,,,,,"HwrR06bjl3TqPXYD/ecX4LA/iftMi41T","GRwvwbiSPMj1NaUhvL1kyVbfYNVH3Sr0UuCJMFnR3bg=",
"255e972b-69a5-4c19-b500-05fe63b09ab8","SERC_052.basePlot.vst","2018-09-26","vst_SERC_2018","D02","SERC","SERC_052",,"NEON.PLA.D02.SERC.00540","ok","single bole tree","Live,  other damage",18.0,130,11.8,,,,,,,,,,,,"major canopy branch dead unknown cause","HwrR06bjl3TqPXYD/ecX4LA/iftMi41T","GRwvwbiSPMj1NaUhvL1kyVbfYNVH3Sr0UuCJMFnR3bg=",
"511bc33a-e699-4192-98ae-bbe0b9222070","SERC_052.basePlot.vst","2018-09-26","vst_SERC_2018","D02","SERC","SERC_052",,"NEON.PLA.D02.SERC.00526","ok","sapling","Live",,,1.5,,,,,,,,1.4,10,,,,"HwrR06bjl3TqPXYD/ecX4LA/iftMi41T","GRwvwbiSPMj1NaUhvL1kyVbfYNVH3Sr0UuCJMFnR3bg=",
"351f3d52-7e14-4fbe-a8b5-ba51ed12f6e3","SERC_052.basePlot.vst","2018-09-26","vst_SERC_2018","D02","SERC","SERC_052",,"NEON.PLA.D02.SERC.00511","ok","sapling","Live",,,1.9,,,,,,,,1.1,10,,,,"HwrR06bjl3TqPXYD/ecX4LA/iftMi41T","GRwvwbiSPMj1NaUhvL1kyVbfYNVH3Sr0UuCJMFnR3bg=",
"92996514-f6a3-4640-8917-5e3c9bd8e280","SERC_052.basePlot.vst","2018-09-26","vst_SERC_2018","D02","SERC","SERC_052",,"NEON.PLA.D02.SERC.12498","ok","sapling","Live",,,1.4,,,,,,,,1.1,10,,,,"HwrR06bjl3TqPXYD/ecX4LA/iftMi41T","GRwvwbiSPMj1NaUhvL1kyVbfYNVH3Sr0UuCJMFnR3bg=",
"ab6056ff-d02c-469e-9889-00ab29574890","SERC_052.basePlot.vst","2018-09-26","vst_SERC_2018","D02","SERC","SERC_052",,"NEON.PLA.D02.SERC.02020","ok","sapling","Live",,,2.0,,,,,,,,2.0,10,,,,"HwrR06bjl3TqPXYD/ecX4LA/iftMi41T","GRwvwbiSPMj1NaUhvL1kyVbfYNVH3Sr0UuCJMFnR3bg=",
"bbe8c13a-ddfc-4cd3-a3d6-797108c42a8f","SERC_052.basePlot.vst","2018-09-26","vst_SERC_2018","D02","SERC","SERC_052",,"NEON.PLA.D02.SERC.02031","ok","small tree","Live",6.0,130,7.3,,,,,,,,,,,,,"HwrR06bjl3TqPXYD/ecX4LA/iftMi41T","GRwvwbiSPMj1NaUhvL1kyVbfYNVH3Sr0UuCJMFnR3bg=",
"93ecc4b4-c882-436c-8d9a-56cc1e832c9f","SERC_052.basePlot.vst","2018-09-26","vst_SERC_2018","D02","SERC","SERC_052",,"NEON.PLA.D02.SERC.13209","ok","sapling","Standing dead",,,1.6,,,,,,,,1.1,10,,,"biotic suppression","HwrR06bjl3TqPXYD/ecX4LA/iftMi41T","GRwvwbiSPMj1NaUhvL1kyVbfYNVH3Sr0UuCJMFnR3bg=",
"e0d49823-6117-45c6-b104-b7b15e52d2dd","SERC_052.basePlot.vst","2018-09-26","vst_SERC_2018","D02","SERC","SERC_052",,"NEON.PLA.D02.SERC.00541","ok","single bole tree","Live",47.1,130,32.4,,,,,,,,,,,,,"HwrR06bjl3TqPXYD/ecX4LA/iftMi41T","GRwvwbiSPMj1NaUhvL1kyVbfYNVH3Sr0UuCJMFnR3bg=",
"394fd8a1-4d9e-423e-8beb-45ba4a1c62b5","SERC_052.basePlot.vst","2018-09-26","vst_SERC_2018","D02","SERC","SERC_052",,"NEON.PLA.D02.SERC.00501","ok","small tree","Live",1.6,130,3.4,,,,,,,,,,,,,"HwrR06bjl3TqPXYD/ecX4LA/iftMi41T","GRwvwbiSPMj1NaUhvL1kyVbfYNVH3Sr0UuCJMFnR3bg=",
"e91c22b7-810d-41ba-ab7c-53110ae80566","SERC_052.basePlot.vst","2018-09-26","vst_SERC_2018","D02","SERC","SERC_052",,"NEON.PLA.D02.SERC.00520","ok","sapling","Live",,,2.7,,,,,,,,1.5,10,,,,"HwrR06bjl3TqPXYD/ecX4LA/iftMi41T","GRwvwbiSPMj1NaUhvL1kyVbfYNVH3Sr0UuCJMFnR3bg=",
"a290315f-cea2-4528-8f16-191157ed116d","SERC_043.basePlot.vst","2018-09-27","vst_SERC_2018","D02","SERC","SERC_043",,"NEON.PLA.D02.SERC.08660","ok","small tree","Live",3.2,130,6.0,,,,,,,,,,,,,"GRwvwbiSPMj1NaUhvL1kyVbfYNVH3Sr0UuCJMFnR3bg=","HwrR06bjl3TqPXYD/ecX4LA/iftMi41T",
"61eeeced-eab8-4f09-bc8f-66abf1c528d4","SERC_043.basePlot.vst","2018-09-27","vst_SERC_2018","D02","SERC","SERC_043",,"NEON.PLA.D02.SERC.08690","ok","small tree","Live",1.9,130,3.9,,,,,,,,,,,,,"GRwvwbiSPMj1NaUhvL1kyVbfYNVH3Sr0UuCJMFnR3bg=","HwrR06bjl3TqPXYD/ecX4LA/iftMi41T",
"c02fd69a-928f-4cc6-9a32-3f2750ac920a","SERC_043.basePlot.vst","2018-09-27","vst_SERC_2018","D02","SERC","SERC_043",,"NEON.PLA.D02.SERC.09021","ok",,"Lost, fate unknown",,,,,,,,,,,,,,,"tag remains for CDW","HwrR06bjl3TqPXYD/ecX4LA/iftMi41T","GRwvwbiSPMj1NaUhvL1kyVbfYNVH3Sr0UuCJMFnR3bg=",
"bec350e2-9588-498f-97f6-a3229fe0b170","SERC_043.basePlot.vst","2018-09-27","vst_SERC_2018","D02","SERC","SERC_043",,"NEON.PLA.D02.SERC.09005A","ok","multi-bole tree","Live",11.0,153,12.8,,,,,,,,,,,,,"HwrR06bjl3TqPXYD/ecX4LA/iftMi41T","GRwvwbiSPMj1NaUhvL1kyVbfYNVH3Sr0UuCJMFnR3bg=",
"a4c4e27d-18cf-4c88-a55a-866e37b7774a","SERC_043.basePlot.vst","2018-09-27","vst_SERC_2018","D02","SERC","SERC_043",,"NEON.PLA.D02.SERC.09005","ok","multi-bole tree","Live,  other damage",12.6,153,12.8,,,,,,,,,,,,"bole damage half missing recovering shoot above damage; stem irregular at all accessing points; unknown cause","HwrR06bjl3TqPXYD/ecX4LA/iftMi41T","GRwvwbiSPMj1NaUhvL1kyVbfYNVH3Sr0UuCJMFnR3bg=",
"6b4cc54f-e8f0-423b-b875-94620cc555be","SERC_043.basePlot.vst","2018-09-27","vst_SERC_2018","D02","SERC","SERC_043",,"NEON.PLA.D02.SERC.08668","ok","small tree","Live, physically damaged",2.7,130,2.5,,,,,,,,,,,,"Several bole scars cause unknown","GRwvwbiSPMj1NaUhvL1kyVbfYNVH3Sr0UuCJMFnR3bg=","HwrR06bjl3TqPXYD/ecX4LA/iftMi41T",
"7a77ede3-51dd-48a6-87e2-cc112fd4df92","SERC_043.basePlot.vst","2018-09-27","vst_SERC_2018","D02","SERC","SERC_043",,"NEON.PLA.D02.SERC.09015","ok","single bole tree","Live",45.8,130,35.3,,,,,,,,,,,,,"HwrR06bjl3TqPXYD/ecX4LA/iftMi41T","GRwvwbiSPMj1NaUhvL1kyVbfYNVH3Sr0UuCJMFnR3bg=",
"fe989355-e366-45a7-89ca-728571f1fae4","SERC_043.basePlot.vst","2018-09-27","vst_SERC_2018","D02","SERC","SERC_043",,"NEON.PLA.D02.SERC.09014","ok","single bole tree","Live",33.6,130,32.7,,,,,,,,,,,,,"HwrR06bjl3TqPXYD/ecX4LA/iftMi41T","GRwvwbiSPMj1NaUhvL1kyVbfYNVH3Sr0UuCJMFnR3bg=",
"7ccaad35-f6ac-42b0-9e1c-cf53e2d31f76","SERC_043.basePlot.vst","2018-09-27","vst_SERC_2018","D02","SERC","SERC_043",,"NEON.PLA.D02.SERC.09019","ok","single bole tree","Live",52.7,130,33.9,,,,,,,,,,,,,"HwrR06bjl3TqPXYD/ecX4LA/iftMi41T","GRwvwbiSPMj1NaUhvL1kyVbfYNVH3Sr0UuCJMFnR3bg=",
"e9ba9665-2ef8-4885-b85a-6303a52cc6a7","SERC_043.basePlot.vst","2018-09-27","vst_SERC_2018","D02","SERC","SERC_043",,"NEON.PLA.D02.SERC.09047","ok","liana","Live",1.4,130,,,,,,,,,,,,,"Type G","GRwvwbiSPMj1NaUhvL1kyVbfYNVH3Sr0UuCJMFnR3bg=","HwrR06bjl3TqPXYD/ecX4LA/iftMi41T",
"d96ec9a4-9d54-4ba6-98bb-0802efa1d21b","SERC_043.basePlot.vst","2018-09-27","vst_SERC_2018","D02","SERC","SERC_043",,"NEON.PLA.D02.SERC.09035","ok","small tree","Live",1.3,130,3.2,,,,,,,,,,,,,"GRwvwbiSPMj1NaUhvL1kyVbfYNVH3Sr0UuCJMFnR3bg=","HwrR06bjl3TqPXYD/ecX4LA/iftMi41T",
"dfe6193b-828b-41cf-99f3-7589edf1c7c9","SERC_043.basePlot.vst","2018-09-27","vst_SERC_2018","D02","SERC","SERC_043",,"NEON.PLA.D02.SERC.09018","ok","single bole tree","Live",43.1,130,34.6,,,,,,,,,,,,,"HwrR06bjl3TqPXYD/ecX4LA/iftMi41T","GRwvwbiSPMj1NaUhvL1kyVbfYNVH3Sr0UuCJMFnR3bg=",
"3dec8d90-6ace-4f2b-b1b5-fc9ef19a9a43","SERC_043.basePlot.vst","2018-09-27","vst_SERC_2018","D02","SERC","SERC_043",,"NEON.PLA.D02.SERC.09025","ok","single bole tree","Live,  other damage",37.6,130,33.8,,,,,,,,,,,,"bole damage large scar probable heartwood rot unknown cause","HwrR06bjl3TqPXYD/ecX4LA/iftMi41T","GRwvwbiSPMj1NaUhvL1kyVbfYNVH3Sr0UuCJMFnR3bg=",
"ac8cbd44-3be1-4093-b07f-0b4df713ef24","SERC_043.basePlot.vst","2018-09-27","vst_SERC_2018","D02","SERC","SERC_043",,"NEON.PLA.D02.SERC.09043","ok","small tree","Live, physically damaged",5.6,130,6.1,,,,,,,,,,,,"Bole damage girdled by vines","GRwvwbiSPMj1NaUhvL1kyVbfYNVH3Sr0UuCJMFnR3bg=","HwrR06bjl3TqPXYD/ecX4LA/iftMi41T",
"c153661d-13f7-4ed8-8ae8-6ea2b526981b","SERC_043.basePlot.vst","2018-09-27","vst_SERC_2018","D02","SERC","SERC_043",,"NEON.PLA.D02.SERC.12238","ok","single bole tree","Live",11.3,130,14.7,,,,,,,,,,,,,"HwrR06bjl3TqPXYD/ecX4LA/iftMi41T","GRwvwbiSPMj1NaUhvL1kyVbfYNVH3Sr0UuCJMFnR3bg=",
"1088ab00-3a25-40a3-b7c6-010dd164484c","SERC_043.basePlot.vst","2018-09-27","vst_SERC_2018","D02","SERC","SERC_043",,"NEON.PLA.D02.SERC.09010","ok","single bole tree","Live",11.9,130,7.7,,,,,,,,,,,,,"HwrR06bjl3TqPXYD/ecX4LA/iftMi41T","GRwvwbiSPMj1NaUhvL1kyVbfYNVH3Sr0UuCJMFnR3bg=",
"468539ff-c7fd-477f-b799-d20bf3bd71c8","SERC_043.basePlot.vst","2018-09-27","vst_SERC_2018","D02","SERC","SERC_043",,"NEON.PLA.D02.SERC.09022","ok","single bole tree","Live",39.9,130,38.5,,,,,,,,,,,,,"HwrR06bjl3TqPXYD/ecX4LA/iftMi41T","GRwvwbiSPMj1NaUhvL1kyVbfYNVH3Sr0UuCJMFnR3bg=",
"3f532b2a-3334-4fe4-ae73-c75df60f17e7","SERC_043.basePlot.vst","2018-09-27","vst_SERC_2018","D02","SERC","SERC_043",,"NEON.PLA.D02.SERC.08656","ok","sapling","Live",,,2.3,,,,,,,,1.5,10,,,,"GRwvwbiSPMj1NaUhvL1kyVbfYNVH3Sr0UuCJMFnR3bg=","HwrR06bjl3TqPXYD/ecX4LA/iftMi41T",
"270f1a6c-0a61-4b46-b9ee-043c877c1ac2","SERC_043.basePlot.vst","2018-09-27","vst_SERC_2018","D02","SERC","SERC_043",,"NEON.PLA.D02.SERC.09012","ok","single bole tree","Live",24.3,130,12.1,,,,,,,,,,,,,"HwrR06bjl3TqPXYD/ecX4LA/iftMi41T","GRwvwbiSPMj1NaUhvL1kyVbfYNVH3Sr0UuCJMFnR3bg=",
"4c54f0c0-8aae-4227-bb7c-4781c367b410","SERC_043.basePlot.vst","2018-09-27","vst_SERC_2018","D02","SERC","SERC_043",,"NEON.PLA.D02.SERC.08684","ok","small tree","Live",1.0,130,2.5,,,,,,,,,,,,,"GRwvwbiSPMj1NaUhvL1kyVbfYNVH3Sr0UuCJMFnR3bg=","HwrR06bjl3TqPXYD/ecX4LA/iftMi41T",
"06d66630-990b-415a-b4f4-1a90bb40445e","SERC_043.basePlot.vst","2018-09-27","vst_SERC_2018","D02","SERC","SERC_043",,"NEON.PLA.D02.SERC.08651","ok","small tree","Live",4.7,130,7.1,,,,,,,,,,,,,"GRwvwbiSPMj1NaUhvL1kyVbfYNVH3Sr0UuCJMFnR3bg=","HwrR06bjl3TqPXYD/ecX4LA/iftMi41T",
"2c8de1c8-2b71-43cc-ad30-11e9aaa0a484","SERC_043.basePlot.vst","2018-09-27","vst_SERC_2018","D02","SERC","SERC_043",,"NEON.PLA.D02.SERC.08705","ok","sapling","Live",,,2.4,,,,,,,,1.2,10,,,,"GRwvwbiSPMj1NaUhvL1kyVbfYNVH3Sr0UuCJMFnR3bg=","HwrR06bjl3TqPXYD/ecX4LA/iftMi41T",
"228dde5c-98f9-490a-9401-444782ccac29","SERC_043.basePlot.vst","2018-09-27","vst_SERC_2018","D02","SERC","SERC_043",,"NEON.PLA.D02.SERC.08659","ok","small tree","Live",1.7,130,4.2,,,,,,,,,,,,,"GRwvwbiSPMj1NaUhvL1kyVbfYNVH3Sr0UuCJMFnR3bg=","HwrR06bjl3TqPXYD/ecX4LA/iftMi41T",
"c62726e0-c408-4b06-a351-60acfb7f0fb0","SERC_043.basePlot.vst","2018-09-27","vst_SERC_2018","D02","SERC","SERC_043",,"NEON.PLA.D02.SERC.09031","removed",,"Lost, fate unknown",,,,,,,,,,,,,,,"Dead and on ground tag removed","GRwvwbiSPMj1NaUhvL1kyVbfYNVH3Sr0UuCJMFnR3bg=","HwrR06bjl3TqPXYD/ecX4LA/iftMi41T",
"1250eaf7-c83f-4a71-bcdb-41007080d56e","SERC_043.basePlot.vst","2018-09-27","vst_SERC_2018","D02","SERC","SERC_043",,"NEON.PLA.D02.SERC.09032","ok","small tree","Live",3.8,130,6.2,,,,,,,,,,,,,"GRwvwbiSPMj1NaUhvL1kyVbfYNVH3Sr0UuCJMFnR3bg=","HwrR06bjl3TqPXYD/ecX4LA/iftMi41T",
"598b7815-e148-4f43-9495-0a20ceac363e","SERC_043.basePlot.vst","2018-09-27","vst_SERC_2018","D02","SERC","SERC_043",,"NEON.PLA.D02.SERC.08657","ok","small tree","Live",2.3,130,4.6,,,,,,,,,,,,,"GRwvwbiSPMj1NaUhvL1kyVbfYNVH3Sr0UuCJMFnR3bg=","HwrR06bjl3TqPXYD/ecX4LA/iftMi41T",
"27ef1275-a103-40ba-b479-85e3285c7a78","SERC_043.basePlot.vst","2018-09-27","vst_SERC_2018","D02","SERC","SERC_043",,"NEON.PLA.D02.SERC.08669","ok","small tree","Live",1.3,130,3.2,,,,,,,,,,,,,"GRwvwbiSPMj1NaUhvL1kyVbfYNVH3Sr0UuCJMFnR3bg=","HwrR06bjl3TqPXYD/ecX4LA/iftMi41T",
"ac2d86d5-d1bd-41bd-b93b-b4535cb3e788","SERC_043.basePlot.vst","2018-09-27","vst_SERC_2018","D02","SERC","SERC_043",,"NEON.PLA.D02.SERC.09034","ok","sapling","Live",,,2.8,,,,,,,,1.4,10,,,,"GRwvwbiSPMj1NaUhvL1kyVbfYNVH3Sr0UuCJMFnR3bg=","HwrR06bjl3TqPXYD/ecX4LA/iftMi41T",
"c39a7d94-2d7f-43e6-9623-561125349b51","SERC_043.basePlot.vst","2018-09-27","vst_SERC_2018","D02","SERC","SERC_043",,"NEON.PLA.D02.SERC.08658","ok",,"No longer qualifies",,,,,,,,,,,,,,,"Unable to locate tag remains","GRwvwbiSPMj1NaUhvL1kyVbfYNVH3Sr0UuCJMFnR3bg=","HwrR06bjl3TqPXYD/ecX4LA/iftMi41T",
"30e3a1cf-3892-430d-9868-c148b27bf080","SERC_043.basePlot.vst","2018-09-27","vst_SERC_2018","D02","SERC","SERC_043",,"NEON.PLA.D02.SERC.08680","removed",,"Lost, fate unknown",,,,,,,,,,,,,,,"Dead and detached at base tag removed","GRwvwbiSPMj1NaUhvL1kyVbfYNVH3Sr0UuCJMFnR3bg=","HwrR06bjl3TqPXYD/ecX4LA/iftMi41T",
"38120ffd-0eb3-42eb-8fa0-b08217bcd8de","SERC_043.basePlot.vst","2018-09-27","vst_SERC_2018","D02","SERC","SERC_043",,"NEON.PLA.D02.SERC.09045","ok","small tree","Live, physically damaged",2.4,130,3.5,,,,,,,,,,,,"Bole damage girdled by vines","GRwvwbiSPMj1NaUhvL1kyVbfYNVH3Sr0UuCJMFnR3bg=","HwrR06bjl3TqPXYD/ecX4LA/iftMi41T",
"4279b8fa-161e-459d-8f76-6887f17125ab","SERC_043.basePlot.vst","2018-09-27","vst_SERC_2018","D02","SERC","SERC_043",,"NEON.PLA.D02.SERC.08703","ok","sapling","Live, physically damaged",,,1.3,,,,,,,,1.2,15,,,"Bole damage at base missing former larger stem","GRwvwbiSPMj1NaUhvL1kyVbfYNVH3Sr0UuCJMFnR3bg=","HwrR06bjl3TqPXYD/ecX4LA/iftMi41T",
"778db0eb-23f1-45ce-9e27-3569df628776","SERC_043.basePlot.vst","2018-09-27","vst_SERC_2018","D02","SERC","SERC_043",,"NEON.PLA.D02.SERC.08676","ok","small tree","Live",1.7,130,4.1,,,,,,,,,,,,,"GRwvwbiSPMj1NaUhvL1kyVbfYNVH3Sr0UuCJMFnR3bg=","HwrR06bjl3TqPXYD/ecX4LA/iftMi41T",
"de4ddbd6-418d-4f72-ae70-dea25d3397af","SERC_043.basePlot.vst","2018-09-27","vst_SERC_2018","D02","SERC","SERC_043",,"NEON.PLA.D02.SERC.09040","ok","small tree","Live",3.4,130,5.6,,,,,,,,,,,,,"GRwvwbiSPMj1NaUhvL1kyVbfYNVH3Sr0UuCJMFnR3bg=","HwrR06bjl3TqPXYD/ecX4LA/iftMi41T",
"7e745182-f727-43e2-8b3a-449b6c9fd1e7","SERC_043.basePlot.vst","2018-09-27","vst_SERC_2018","D02","SERC","SERC_043",,"NEON.PLA.D02.SERC.09037","ok","small tree","Live",4.9,130,6.6,,,,,,,,,,,,,"GRwvwbiSPMj1NaUhvL1kyVbfYNVH3Sr0UuCJMFnR3bg=","HwrR06bjl3TqPXYD/ecX4LA/iftMi41T",
"505ae2c8-cb69-4020-86b2-f7b98f0555cb","SERC_043.basePlot.vst","2018-09-27","vst_SERC_2018","D02","SERC","SERC_043",,"NEON.PLA.D02.SERC.09009B","ok","multi-bole tree","Live",12.0,180,16.0,,,,,,,,,,,,,"HwrR06bjl3TqPXYD/ecX4LA/iftMi41T","GRwvwbiSPMj1NaUhvL1kyVbfYNVH3Sr0UuCJMFnR3bg=",
"318a80a9-0d91-41a5-ba05-31670754a650","SERC_043.basePlot.vst","2018-09-27","vst_SERC_2018","D02","SERC","SERC_043",,"NEON.PLA.D02.SERC.13321","ok","sapling","Live",,,1.2,,,,,,,,1.0,10,,,,"GRwvwbiSPMj1NaUhvL1kyVbfYNVH3Sr0UuCJMFnR3bg=","HwrR06bjl3TqPXYD/ecX4LA/iftMi41T",
"68dc58c4-e9e9-4440-8f84-25cae8713029","SERC_043.basePlot.vst","2018-09-27","vst_SERC_2018","D02","SERC","SERC_043",,"NEON.PLA.D02.SERC.08697","ok","sapling","Live",,,2.5,,,,,,,,1.3,10,,,,"GRwvwbiSPMj1NaUhvL1kyVbfYNVH3Sr0UuCJMFnR3bg=","HwrR06bjl3TqPXYD/ecX4LA/iftMi41T",
"13c3797b-3fe8-4a0d-aefb-2f61122c8c4e","SERC_043.basePlot.vst","2018-09-27","vst_SERC_2018","D02","SERC","SERC_043",,"NEON.PLA.D02.SERC.08695","ok","sapling","Live",,,2.3,,,,,,,,1.3,10,,,,"GRwvwbiSPMj1NaUhvL1kyVbfYNVH3Sr0UuCJMFnR3bg=","HwrR06bjl3TqPXYD/ecX4LA/iftMi41T",
"9fc7e066-c8f4-4f3b-8f4a-c16fa2bdd93d","SERC_043.basePlot.vst","2018-09-27","vst_SERC_2018","D02","SERC","SERC_043",,"NEON.PLA.D02.SERC.08662","removed",,"Lost, fate unknown",,,,,,,,,,,,,,,"Dead and on ground tag removed","GRwvwbiSPMj1NaUhvL1kyVbfYNVH3Sr0UuCJMFnR3bg=","HwrR06bjl3TqPXYD/ecX4LA/iftMi41T",
"856e6d01-1a53-4de0-a74f-16ab1b13a38a","SERC_043.basePlot.vst","2018-09-27","vst_SERC_2018","D02","SERC","SERC_043",,"NEON.PLA.D02.SERC.08692","ok","sapling","Live",,,2.7,,,,,,,,1.4,10,,,,"GRwvwbiSPMj1NaUhvL1kyVbfYNVH3Sr0UuCJMFnR3bg=","HwrR06bjl3TqPXYD/ecX4LA/iftMi41T",
"0db3e7f9-6518-48ec-95f8-24335c6f7383","SERC_043.basePlot.vst","2018-09-27","vst_SERC_2018","D02","SERC","SERC_043",,"NEON.PLA.D02.SERC.09006","ok","single bole tree","Live",46.0,130,31.8,,,,,,,,,,,,,"HwrR06bjl3TqPXYD/ecX4LA/iftMi41T","GRwvwbiSPMj1NaUhvL1kyVbfYNVH3Sr0UuCJMFnR3bg=",
"284cbb24-2fa8-4bcc-be62-d1accf15db24","SERC_043.basePlot.vst","2018-09-27","vst_SERC_2018","D02","SERC","SERC_043",,"NEON.PLA.D02.SERC.09003","ok","single bole tree","Live",53.8,130,31.7,,,,,,,,,,,,,"HwrR06bjl3TqPXYD/ecX4LA/iftMi41T","GRwvwbiSPMj1NaUhvL1kyVbfYNVH3Sr0UuCJMFnR3bg=",
"04693a71-a9a9-4052-a482-7c73a5c26996","SERC_043.basePlot.vst","2018-09-27","vst_SERC_2018","D02","SERC","SERC_043",,"NEON.PLA.D02.SERC.08648","ok","small tree","Live",1.3,130,3.4,,,,,,,,,,,,,"GRwvwbiSPMj1NaUhvL1kyVbfYNVH3Sr0UuCJMFnR3bg=","HwrR06bjl3TqPXYD/ecX4LA/iftMi41T",
"81720359-5bfe-47c4-9feb-4f628d310da6","SERC_043.basePlot.vst","2018-09-27","vst_SERC_2018","D02","SERC","SERC_043",,"NEON.PLA.D02.SERC.09020","ok","single bole tree","Live",43.4,130,37.6,,,,,,,,,,,,,"HwrR06bjl3TqPXYD/ecX4LA/iftMi41T","GRwvwbiSPMj1NaUhvL1kyVbfYNVH3Sr0UuCJMFnR3bg=",
"cc38405d-12b4-45fe-8c44-10cdbcde1c9a","SERC_043.basePlot.vst","2018-09-27","vst_SERC_2018","D02","SERC","SERC_043",,"NEON.PLA.D02.SERC.09046","ok","small tree","Live",1.7,130,4.0,,,,,,,,,,,,,"GRwvwbiSPMj1NaUhvL1kyVbfYNVH3Sr0UuCJMFnR3bg=","HwrR06bjl3TqPXYD/ecX4LA/iftMi41T",
"29622854-e047-46e2-aff2-62bf04052927","SERC_043.basePlot.vst","2018-09-27","vst_SERC_2018","D02","SERC","SERC_043",,"NEON.PLA.D02.SERC.08691","ok","small tree","Live",1.3,130,3.1,,,,,,,,,,,,,"GRwvwbiSPMj1NaUhvL1kyVbfYNVH3Sr0UuCJMFnR3bg=","HwrR06bjl3TqPXYD/ecX4LA/iftMi41T",
"da6e89a8-d8a4-4a7b-a455-d44fa49b1ec0","SERC_043.basePlot.vst","2018-09-27","vst_SERC_2018","D02","SERC","SERC_043",,"NEON.PLA.D02.SERC.09042","ok","small tree","Live",1.2,130,2.5,,,,,,,,,,,,,"GRwvwbiSPMj1NaUhvL1kyVbfYNVH3Sr0UuCJMFnR3bg=","HwrR06bjl3TqPXYD/ecX4LA/iftMi41T",
"a58381ab-2b07-4d97-ae0e-02b408893c55","SERC_043.basePlot.vst","2018-09-27","vst_SERC_2018","D02","SERC","SERC_043",,"NEON.PLA.D02.SERC.08687","ok","small tree","Live",1.8,130,3.4,,,,,,,,,,,,,"GRwvwbiSPMj1NaUhvL1kyVbfYNVH3Sr0UuCJMFnR3bg=","HwrR06bjl3TqPXYD/ecX4LA/iftMi41T",
"85b28d0d-0c32-43a4-bbc6-219026d00ab6","SERC_043.basePlot.vst","2018-09-27","vst_SERC_2018","D02","SERC","SERC_043",,"NEON.PLA.D02.SERC.09007","ok","single bole tree","Live,  other damage",50.5,130,34.5,,,,,,,,,,,,"bole damage large scar probable heartwood rot unknown cause","HwrR06bjl3TqPXYD/ecX4LA/iftMi41T","GRwvwbiSPMj1NaUhvL1kyVbfYNVH3Sr0UuCJMFnR3bg=",
"c0188cf0-6b73-4b5d-87ce-7386539a09f3","SERC_043.basePlot.vst","2018-09-27","vst_SERC_2018","D02","SERC","SERC_043",,"NEON.PLA.D02.SERC.09029","ok","single bole tree","Live,  other damage",53.3,170,34.7,,,,,,,,,,,,"bole damage large scar probable heartwood rot unknown cause; measurement point moved up bole above scar","HwrR06bjl3TqPXYD/ecX4LA/iftMi41T","GRwvwbiSPMj1NaUhvL1kyVbfYNVH3Sr0UuCJMFnR3bg=",
"f4eca684-befa-4925-afbf-238968e1ba6b","SERC_043.basePlot.vst","2018-09-27","vst_SERC_2018","D02","SERC","SERC_043",,"NEON.PLA.D02.SERC.08663","ok","sapling","Standing dead",,,1.7,,,,,,,,1.0,10,,,"Biotic suppression","GRwvwbiSPMj1NaUhvL1kyVbfYNVH3Sr0UuCJMFnR3bg=","HwrR06bjl3TqPXYD/ecX4LA/iftMi41T",
"6218896b-37a8-42d2-95b4-73f571b8e0bb","SERC_043.basePlot.vst","2018-09-27","vst_SERC_2018","D02","SERC","SERC_043",,"NEON.PLA.D02.SERC.09028","ok","single bole tree","Live,  other damage",45.3,130,36.9,,,,,,,,,,,,"bole damage large scar probable heartwood rot unknown cause","HwrR06bjl3TqPXYD/ecX4LA/iftMi41T","GRwvwbiSPMj1NaUhvL1kyVbfYNVH3Sr0UuCJMFnR3bg=",
"ada6b0d7-d8bf-49a4-b816-23f83a820c94","SERC_043.basePlot.vst","2018-09-27","vst_SERC_2018","D02","SERC","SERC_043",,"NEON.PLA.D02.SERC.08693","ok","small tree","Live",1.4,130,3.5,,,,,,,,,,,,,"GRwvwbiSPMj1NaUhvL1kyVbfYNVH3Sr0UuCJMFnR3bg=","HwrR06bjl3TqPXYD/ecX4LA/iftMi41T",
"321ad138-4ed3-4ab5-9621-fcbe01a65c18","SERC_043.basePlot.vst","2018-09-27","vst_SERC_2018","D02","SERC","SERC_043",,"NEON.PLA.D02.SERC.08653","ok","sapling","Live",,,2.7,,,,,,,,1.5,10,,,,"GRwvwbiSPMj1NaUhvL1kyVbfYNVH3Sr0UuCJMFnR3bg=","HwrR06bjl3TqPXYD/ecX4LA/iftMi41T",
"c2d0247a-e761-42c2-bc62-15445e4776e6","SERC_043.basePlot.vst","2018-09-27","vst_SERC_2018","D02","SERC","SERC_043",,"NEON.PLA.D02.SERC.09009A","ok","multi-bole tree","Live",15.8,158,16.0,,,,,,,,,,,,,"HwrR06bjl3TqPXYD/ecX4LA/iftMi41T","GRwvwbiSPMj1NaUhvL1kyVbfYNVH3Sr0UuCJMFnR3bg=",
"00419bd8-ae63-4020-a32a-327daf1051b9","SERC_043.basePlot.vst","2018-09-27","vst_SERC_2018","D02","SERC","SERC_043",,"NEON.PLA.D02.SERC.08674","ok","sapling","Standing dead",,,2.5,,,,,,,,1.5,10,,,"Biotic suppression","GRwvwbiSPMj1NaUhvL1kyVbfYNVH3Sr0UuCJMFnR3bg=","HwrR06bjl3TqPXYD/ecX4LA/iftMi41T",
"4ad03a9b-163d-46eb-8f87-102a4f688331","SERC_043.basePlot.vst","2018-09-27","vst_SERC_2018","D02","SERC","SERC_043",,"NEON.PLA.D02.SERC.08677","ok","sapling","Standing dead",,,2.7,,,,,,,,1.7,10,,,"Biotic suppression","GRwvwbiSPMj1NaUhvL1kyVbfYNVH3Sr0UuCJMFnR3bg=","HwrR06bjl3TqPXYD/ecX4LA/iftMi41T",
"c0639ed4-ab36-44d3-a8e1-70ad827c45ef","SERC_043.basePlot.vst","2018-09-27","vst_SERC_2018","D02","SERC","SERC_043",,"NEON.PLA.D02.SERC.08685","ok",,"No longer qualifies",,,,,,,,,,,,,,,"Unable to locate tag remains","GRwvwbiSPMj1NaUhvL1kyVbfYNVH3Sr0UuCJMFnR3bg=","HwrR06bjl3TqPXYD/ecX4LA/iftMi41T",
"6f9daa72-e23c-438c-b7d3-87c600afd9be","SERC_043.basePlot.vst","2018-09-27","vst_SERC_2018","D02","SERC","SERC_043",,"NEON.PLA.D02.SERC.09026","ok","single bole tree","Live",14.4,130,10.5,,,,,,,,,,,,,"HwrR06bjl3TqPXYD/ecX4LA/iftMi41T","GRwvwbiSPMj1NaUhvL1kyVbfYNVH3Sr0UuCJMFnR3bg=",
"1b3e9c41-f814-4e74-a13b-c1238977fd66","SERC_043.basePlot.vst","2018-09-27","vst_SERC_2018","D02","SERC","SERC_043",,"NEON.PLA.D02.SERC.08688","ok","sapling","Live",,,2.1,,,,,,,,1.9,10,,,,"GRwvwbiSPMj1NaUhvL1kyVbfYNVH3Sr0UuCJMFnR3bg=","HwrR06bjl3TqPXYD/ecX4LA/iftMi41T",
"d4ea3f53-a7fe-4fe0-b2c3-dabbabe1d5c0","SERC_043.basePlot.vst","2018-09-27","vst_SERC_2018","D02","SERC","SERC_043",,"NEON.PLA.D02.SERC.08701","ok","small tree","Live",1.3,130,3.1,,,,,,,,,,,,,"GRwvwbiSPMj1NaUhvL1kyVbfYNVH3Sr0UuCJMFnR3bg=","HwrR06bjl3TqPXYD/ecX4LA/iftMi41T",
"056741f2-939d-4323-9614-def8a45760e5","SERC_043.basePlot.vst","2018-09-27","vst_SERC_2018","D02","SERC","SERC_043",,"NEON.PLA.D02.SERC.08675","tagRemoved",,"Downed",,,,,,,,,,,,,,,"Dead and detached at base tag removed","GRwvwbiSPMj1NaUhvL1kyVbfYNVH3Sr0UuCJMFnR3bg=","HwrR06bjl3TqPXYD/ecX4LA/iftMi41T",
"d78030bd-9faa-4570-910b-7cf6db8abf5d","SERC_043.basePlot.vst","2018-09-27","vst_SERC_2018","D02","SERC","SERC_043",,"NEON.PLA.D02.SERC.09039","ok","small tree","Live",5.6,130,6.5,,,,,,,,,,,,,"GRwvwbiSPMj1NaUhvL1kyVbfYNVH3Sr0UuCJMFnR3bg=","HwrR06bjl3TqPXYD/ecX4LA/iftMi41T",
"11a1551c-334a-49a7-9993-b23333123e90","SERC_043.basePlot.vst","2018-09-27","vst_SERC_2018","D02","SERC","SERC_043",,"NEON.PLA.D02.SERC.09038","ok","small tree","Live",7.6,130,8.9,,,,,,,,,,,,,"GRwvwbiSPMj1NaUhvL1kyVbfYNVH3Sr0UuCJMFnR3bg=","HwrR06bjl3TqPXYD/ecX4LA/iftMi41T",
"3297f730-59df-4cf4-9a19-92cd7f012611","SERC_043.basePlot.vst","2018-09-27","vst_SERC_2018","D02","SERC","SERC_043",,"NEON.PLA.D02.SERC.09004","ok","single bole tree","Live,  other damage",16.5,180,13.7,,,,,,,,,,,,"bole damage large scar probable heartwood rot unknown cause; measurement point moved above scar","HwrR06bjl3TqPXYD/ecX4LA/iftMi41T","GRwvwbiSPMj1NaUhvL1kyVbfYNVH3Sr0UuCJMFnR3bg=",
"c3d2e70d-e747-47d0-acd1-86c495f2ab39","SERC_043.basePlot.vst","2018-09-27","vst_SERC_2018","D02","SERC","SERC_043",,"NEON.PLA.D02.SERC.08681","ok","sapling","Standing dead",,,2.0,,,,,,,,1.1,10,,,"Biotic suppression","GRwvwbiSPMj1NaUhvL1kyVbfYNVH3Sr0UuCJMFnR3bg=","HwrR06bjl3TqPXYD/ecX4LA/iftMi41T",
"13b0ff77-95b2-4ada-9685-a287411510ec","SERC_043.basePlot.vst","2018-09-27","vst_SERC_2018","D02","SERC","SERC_043",,"NEON.PLA.D02.SERC.12699","ok","single bole tree","Live",11.1,130,10.2,,,,,,,,,,,,,"HwrR06bjl3TqPXYD/ecX4LA/iftMi41T","GRwvwbiSPMj1NaUhvL1kyVbfYNVH3Sr0UuCJMFnR3bg=",
"5433ba18-3e46-42a4-b94f-a880cda43b19","SERC_043.basePlot.vst","2018-09-27","vst_SERC_2018","D02","SERC","SERC_043",,"NEON.PLA.D02.SERC.09002","ok","single bole tree","Live",61.3,130,36.4,,,,,,,,,,,,,"HwrR06bjl3TqPXYD/ecX4LA/iftMi41T","GRwvwbiSPMj1NaUhvL1kyVbfYNVH3Sr0UuCJMFnR3bg=",
"167eec38-28bd-41fb-9b5d-695c51bc124a","SERC_043.basePlot.vst","2018-09-27","vst_SERC_2018","D02","SERC","SERC_043",,"NEON.PLA.D02.SERC.08678","ok","sapling","Standing dead",,,2.5,,,,,,,,1.2,10,,,"Biotic suppression","GRwvwbiSPMj1NaUhvL1kyVbfYNVH3Sr0UuCJMFnR3bg=","HwrR06bjl3TqPXYD/ecX4LA/iftMi41T",
"3026cc4e-c522-4d97-b617-f4003a6e005f","SERC_043.basePlot.vst","2018-09-27","vst_SERC_2018","D02","SERC","SERC_043",,"NEON.PLA.D02.SERC.08689","ok","small tree","Live",1.1,130,3.5,,,,,,,,,,,,,"GRwvwbiSPMj1NaUhvL1kyVbfYNVH3Sr0UuCJMFnR3bg=","HwrR06bjl3TqPXYD/ecX4LA/iftMi41T",
"f418a225-e55b-45db-9030-4db4d47489ca","SERC_043.basePlot.vst","2018-09-27","vst_SERC_2018","D02","SERC","SERC_043",,"NEON.PLA.D02.SERC.09033","ok","sapling","Live",,,2.7,,,,,,,,1.2,10,,,,"GRwvwbiSPMj1NaUhvL1kyVbfYNVH3Sr0UuCJMFnR3bg=","HwrR06bjl3TqPXYD/ecX4LA/iftMi41T",
"e8755a21-e7df-4eb3-beb4-0d5b8eaa318b","SERC_043.basePlot.vst","2018-09-27","vst_SERC_2018","D02","SERC","SERC_043",,"NEON.PLA.D02.SERC.08702","ok","small tree","Live",1.8,130,3.9,,,,,,,,,,,,,"GRwvwbiSPMj1NaUhvL1kyVbfYNVH3Sr0UuCJMFnR3bg=","HwrR06bjl3TqPXYD/ecX4LA/iftMi41T",
"7b406298-6f1f-4967-a4cb-25795c4501ef","SERC_043.basePlot.vst","2018-09-27","vst_SERC_2018","D02","SERC","SERC_043",,"NEON.PLA.D02.SERC.09023","ok","single bole tree","Live",48.2,130,35.4,,,,,,,,,,,,,"HwrR06bjl3TqPXYD/ecX4LA/iftMi41T","GRwvwbiSPMj1NaUhvL1kyVbfYNVH3Sr0UuCJMFnR3bg=",
"c9a305ca-f275-444e-b5b9-5c8087e3666f","SERC_043.basePlot.vst","2018-09-27","vst_SERC_2018","D02","SERC","SERC_043",,"NEON.PLA.D02.SERC.09013","ok","single bole tree","Live",26.1,130,20.2,,,,,,,,,,,,,"HwrR06bjl3TqPXYD/ecX4LA/iftMi41T","GRwvwbiSPMj1NaUhvL1kyVbfYNVH3Sr0UuCJMFnR3bg=",
"6d2caf0f-6f09-46d9-aaf8-59c04ff545b1","SERC_043.basePlot.vst","2018-09-27","vst_SERC_2018","D02","SERC","SERC_043",,"NEON.PLA.D02.SERC.09024","ok","single bole tree","Live",11.1,130,10.9,,,,,,,,,,,,,"HwrR06bjl3TqPXYD/ecX4LA/iftMi41T","GRwvwbiSPMj1NaUhvL1kyVbfYNVH3Sr0UuCJMFnR3bg=",
"215d8a4d-78cd-481d-82b4-0dbf164c7d5f","SERC_043.basePlot.vst","2018-09-27","vst_SERC_2018","D02","SERC","SERC_043",,"NEON.PLA.D02.SERC.09008","ok","single bole tree","Live",20.8,130,12.1,,,,,,,,,,,,,"HwrR06bjl3TqPXYD/ecX4LA/iftMi41T","GRwvwbiSPMj1NaUhvL1kyVbfYNVH3Sr0UuCJMFnR3bg=",
"3a43d3b0-ab59-4818-81de-dda92b52c052","SERC_043.basePlot.vst","2018-09-27","vst_SERC_2018","D02","SERC","SERC_043",,"NEON.PLA.D02.SERC.09016","ok","single bole tree","Live",48.3,130,37.6,,,,,,,,,,,,,"HwrR06bjl3TqPXYD/ecX4LA/iftMi41T","GRwvwbiSPMj1NaUhvL1kyVbfYNVH3Sr0UuCJMFnR3bg=",
"39f7f731-cb46-45b1-b9c6-29da17d8dac4","SERC_043.basePlot.vst","2018-09-27","vst_SERC_2018","D02","SERC","SERC_043",,"NEON.PLA.D02.SERC.09005B","ok","multi-bole tree","Live",4.4,153,12.8,,,,,,,,,,,,,"HwrR06bjl3TqPXYD/ecX4LA/iftMi41T","GRwvwbiSPMj1NaUhvL1kyVbfYNVH3Sr0UuCJMFnR3bg=",
"802fa13e-80ec-4de7-8f73-d1d76e1d28fd","SERC_043.basePlot.vst","2018-09-27","vst_SERC_2018","D02","SERC","SERC_043",,"NEON.PLA.D02.SERC.09027","ok","single bole tree","Live",44.7,130,35.0,,,,,,,,,,,,,"HwrR06bjl3TqPXYD/ecX4LA/iftMi41T","GRwvwbiSPMj1NaUhvL1kyVbfYNVH3Sr0UuCJMFnR3bg=",
"55274a64-51fb-4041-b0bc-82ce67b0e941","SERC_043.basePlot.vst","2018-09-27","vst_SERC_2018","D02","SERC","SERC_043",,"NEON.PLA.D02.SERC.08664","removed",,"Lost, fate unknown",,,,,,,,,,,,,,,"Dead and on ground tag removed","GRwvwbiSPMj1NaUhvL1kyVbfYNVH3Sr0UuCJMFnR3bg=","HwrR06bjl3TqPXYD/ecX4LA/iftMi41T",
"0a9f64dc-def6-4769-ac28-91957912c99f","SERC_043.basePlot.vst","2018-09-27","vst_SERC_2018","D02","SERC","SERC_043",,"NEON.PLA.D02.SERC.09044","ok","sapling","Live",,,1.0,,,,,,,,1.0,10,,,,"GRwvwbiSPMj1NaUhvL1kyVbfYNVH3Sr0UuCJMFnR3bg=","HwrR06bjl3TqPXYD/ecX4LA/iftMi41T",
"c07f800c-9900-408a-b984-cf55744f909b","SERC_043.basePlot.vst","2018-09-27","vst_SERC_2018","D02","SERC","SERC_043",,"NEON.PLA.D02.SERC.09011","ok","single bole tree","Live",10.4,130,6.3,,,,,,,,,,,,,"HwrR06bjl3TqPXYD/ecX4LA/iftMi41T","GRwvwbiSPMj1NaUhvL1kyVbfYNVH3Sr0UuCJMFnR3bg=",
"cc0404f0-e479-4ea0-ac5d-3f9c8efd8667","SERC_043.basePlot.vst","2018-09-27","vst_SERC_2018","D02","SERC","SERC_043",,"NEON.PLA.D02.SERC.08679","ok","small tree","Live",1.2,130,3.6,,,,,,,,,,,,,"GRwvwbiSPMj1NaUhvL1kyVbfYNVH3Sr0UuCJMFnR3bg=","HwrR06bjl3TqPXYD/ecX4LA/iftMi41T",
"7954c526-5481-4afc-bdc3-e4ad1ab506de","SERC_043.basePlot.vst","2018-09-27","vst_SERC_2018","D02","SERC","SERC_043",,"NEON.PLA.D02.SERC.09001","ok","single bole tree","Dead, broken bole",33.0,130,1.9,,1.6,29.4,,,,,,,,,"unknown cause of death; small living shoots near base","HwrR06bjl3TqPXYD/ecX4LA/iftMi41T","GRwvwbiSPMj1NaUhvL1kyVbfYNVH3Sr0UuCJMFnR3bg=",
"cb9a1dbc-1f4f-4110-b3f9-3632136879f6","SERC_043.basePlot.vst","2018-09-27","vst_SERC_2018","D02","SERC","SERC_043",,"NEON.PLA.D02.SERC.09036","ok","sapling","Live",,,1.8,,,,,,,,1.0,10,,,,"GRwvwbiSPMj1NaUhvL1kyVbfYNVH3Sr0UuCJMFnR3bg=","HwrR06bjl3TqPXYD/ecX4LA/iftMi41T",
"19c8fe7b-6c4b-4e33-9c49-ad1cfc3125a2","SERC_043.basePlot.vst","2018-09-27","vst_SERC_2018","D02","SERC","SERC_043",,"NEON.PLA.D02.SERC.08700","ok","sapling","Live",,,2.2,,,,,,,,1.2,10,,,,"GRwvwbiSPMj1NaUhvL1kyVbfYNVH3Sr0UuCJMFnR3bg=","HwrR06bjl3TqPXYD/ecX4LA/iftMi41T",
"0901d8c0-b383-43b1-8a53-619993de8c52","SERC_043.basePlot.vst","2018-09-27","vst_SERC_2018","D02","SERC","SERC_043",,"NEON.PLA.D02.SERC.09998","ok","single bole tree","Live",12.4,130,9.3,,,,,,,,,,,,,"HwrR06bjl3TqPXYD/ecX4LA/iftMi41T","GRwvwbiSPMj1NaUhvL1kyVbfYNVH3Sr0UuCJMFnR3bg=",
"a9dbc5d3-f9bf-4038-9e4d-8670d1663970","SERC_043.basePlot.vst","2018-09-27","vst_SERC_2018","D02","SERC","SERC_043",,"NEON.PLA.D02.SERC.08661","ok","small tree","Live",1.5,130,3.2,,,,,,,,,,,,,"GRwvwbiSPMj1NaUhvL1kyVbfYNVH3Sr0UuCJMFnR3bg=","HwrR06bjl3TqPXYD/ecX4LA/iftMi41T",
"b9009418-4c5f-49c7-8710-fc29202d08df","SERC_043.basePlot.vst","2018-09-27","vst_SERC_2018","D02","SERC","SERC_043",,"NEON.PLA.D02.SERC.09030","ok","single bole tree","Live",15.8,130,13.9,,,,,,,,,,,,,"HwrR06bjl3TqPXYD/ecX4LA/iftMi41T","GRwvwbiSPMj1NaUhvL1kyVbfYNVH3Sr0UuCJMFnR3bg=",
"477c7539-34ba-4ff6-b341-4751831e5227","SERC_043.basePlot.vst","2018-09-27","vst_SERC_2018","D02","SERC","SERC_043",,"NEON.PLA.D02.SERC.08686","ok","sapling","Live",,,2.6,,,,,,,,1.3,10,,,,"GRwvwbiSPMj1NaUhvL1kyVbfYNVH3Sr0UuCJMFnR3bg=","HwrR06bjl3TqPXYD/ecX4LA/iftMi41T",
"2aca1d8e-e71d-495d-8609-8545e06b370e","SERC_043.basePlot.vst","2018-09-27","vst_SERC_2018","D02","SERC","SERC_043",,"NEON.PLA.D02.SERC.08649","ok","small tree","Dead, broken bole",1.4,130,1.3,,1.3,1.4,,,,,,,,,,"GRwvwbiSPMj1NaUhvL1kyVbfYNVH3Sr0UuCJMFnR3bg=","HwrR06bjl3TqPXYD/ecX4LA/iftMi41T",
"2fccc3c5-050f-4f04-bfdb-e6ff37378f02","SERC_043.basePlot.vst","2018-09-27","vst_SERC_2018","D02","SERC","SERC_043",,"NEON.PLA.D02.SERC.12240","ok","single bole tree","Live",11.1,130,6.2,,,,,,,,,,,,,"HwrR06bjl3TqPXYD/ecX4LA/iftMi41T","GRwvwbiSPMj1NaUhvL1kyVbfYNVH3Sr0UuCJMFnR3bg=",
"0ed8c460-a982-44ac-b2bd-9be6d624e833","SERC_043.basePlot.vst","2018-09-27","vst_SERC_2018","D02","SERC","SERC_043",,"NEON.PLA.D02.SERC.08682","ok","sapling","Live",,,2.4,,,,,,,,1.4,10,,,,"GRwvwbiSPMj1NaUhvL1kyVbfYNVH3Sr0UuCJMFnR3bg=","HwrR06bjl3TqPXYD/ecX4LA/iftMi41T",
"a970abc7-e9d0-4a02-816b-f7617030e814","SERC_043.basePlot.vst","2018-09-27","vst_SERC_2018","D02","SERC","SERC_043",,"NEON.PLA.D02.SERC.08672","ok","small tree","Live",1.7,130,4.4,,,,,,,,,,,,,"GRwvwbiSPMj1NaUhvL1kyVbfYNVH3Sr0UuCJMFnR3bg=","HwrR06bjl3TqPXYD/ecX4LA/iftMi41T",
"01ee7d20-ca0f-46ac-b436-597829119b46","SERC_043.basePlot.vst","2018-09-27","vst_SERC_2018","D02","SERC","SERC_043",,"NEON.PLA.D02.SERC.08671","ok","sapling","Live,  other damage",,,2.6,,,,,,,,1.4,10,,,"Crown appears to be dying due to biotic suppression","GRwvwbiSPMj1NaUhvL1kyVbfYNVH3Sr0UuCJMFnR3bg=","HwrR06bjl3TqPXYD/ecX4LA/iftMi41T",
"66e7e6bc-565d-46db-8ec0-c7edadeab974","SERC_043.basePlot.vst","2018-09-27","vst_SERC_2018","D02","SERC","SERC_043",,"NEON.PLA.D02.SERC.09047","ok","liana","Live",1.3,130,,,,,,,,,,,,,"Type G","GRwvwbiSPMj1NaUhvL1kyVbfYNVH3Sr0UuCJMFnR3bg=","HwrR06bjl3TqPXYD/ecX4LA/iftMi41T",
"0fe8c6ef-41e0-400e-aad8-8a7bd281d6af","SERC_043.basePlot.vst","2018-09-27","vst_SERC_2018","D02","SERC","SERC_043",,"NEON.PLA.D02.SERC.08673","ok","small tree","Live",1.0,130,3.2,,,,,,,,,,,,"Biotic suppression","GRwvwbiSPMj1NaUhvL1kyVbfYNVH3Sr0UuCJMFnR3bg=","HwrR06bjl3TqPXYD/ecX4LA/iftMi41T",
"32830d47-9bbd-4396-889d-315736f24dfd","SERC_043.basePlot.vst","2018-09-27","vst_SERC_2018","D02","SERC","SERC_043",,"NEON.PLA.D02.SERC.09041","ok","sapling","Live",,,2.6,,,,,,,,1.7,10,,,,"GRwvwbiSPMj1NaUhvL1kyVbfYNVH3Sr0UuCJMFnR3bg=","HwrR06bjl3TqPXYD/ecX4LA/iftMi41T",
"ec189335-87f7-4112-8262-cd9c4a139aa5","SERC_043.basePlot.vst","2018-09-27","vst_SERC_2018","D02","SERC","SERC_043",,"NEON.PLA.D02.SERC.09009","ok","multi-bole tree","Dead, broken bole",28.8,158,4.2,,3.3,28.0,,,,,,,,,"unknown cause of death","HwrR06bjl3TqPXYD/ecX4LA/iftMi41T","GRwvwbiSPMj1NaUhvL1kyVbfYNVH3Sr0UuCJMFnR3bg=",
"5ba9fb45-9d0d-4527-8797-4157b817b379","SERC_043.basePlot.vst","2018-09-27","vst_SERC_2018","D02","SERC","SERC_043",,"NEON.PLA.D02.SERC.08650","ok","sapling","Live",,,1.7,,,,,,,,1.1,10,,,,"GRwvwbiSPMj1NaUhvL1kyVbfYNVH3Sr0UuCJMFnR3bg=","HwrR06bjl3TqPXYD/ecX4LA/iftMi41T",
"79709102-419b-4e4a-b515-42a8457953b2","SERC_043.basePlot.vst","2018-09-27","vst_SERC_2018","D02","SERC","SERC_043",,"NEON.PLA.D02.SERC.13322","ok","small tree","Live",3.4,130,6.0,,,,,,,,,,,,,"GRwvwbiSPMj1NaUhvL1kyVbfYNVH3Sr0UuCJMFnR3bg=","HwrR06bjl3TqPXYD/ecX4LA/iftMi41T",
"91ff7817-cf34-46f4-b6ec-78ac2144c676","SERC_043.basePlot.vst","2018-09-27","vst_SERC_2018","D02","SERC","SERC_043",,"NEON.PLA.D02.SERC.08704","ok","small tree","Live",1.0,130,2.8,,,,,,,,,,,,,"GRwvwbiSPMj1NaUhvL1kyVbfYNVH3Sr0UuCJMFnR3bg=","HwrR06bjl3TqPXYD/ecX4LA/iftMi41T",
"e834c421-f7a4-4604-9951-2e9c0c4b6b60","SERC_043.basePlot.vst","2018-09-27","vst_SERC_2018","D02","SERC","SERC_043",,"NEON.PLA.D02.SERC.13331","ok","single bole tree","Live",10.4,130,9.1,,,,,,,,,,,,,"HwrR06bjl3TqPXYD/ecX4LA/iftMi41T","GRwvwbiSPMj1NaUhvL1kyVbfYNVH3Sr0UuCJMFnR3bg=",
"43b3b742-905d-4939-a5df-3f187d152cc4","SERC_043.basePlot.vst","2018-09-27","vst_SERC_2018","D02","SERC","SERC_043",,"NEON.PLA.D02.SERC.09044","ok","sapling","Live",,,1.0,,,,,,,,1.3,10,,,,"GRwvwbiSPMj1NaUhvL1kyVbfYNVH3Sr0UuCJMFnR3bg=","HwrR06bjl3TqPXYD/ecX4LA/iftMi41T",
"a196f8ff-2fc7-4e01-a20f-32d7c6036efd","SERC_043.basePlot.vst","2018-09-27","vst_SERC_2018","D02","SERC","SERC_043",,"NEON.PLA.D02.SERC.09997","ok","sapling","Standing dead",,,1.7,,,,,,,,1.1,10,,,"Biotic suppression","GRwvwbiSPMj1NaUhvL1kyVbfYNVH3Sr0UuCJMFnR3bg=","HwrR06bjl3TqPXYD/ecX4LA/iftMi41T",
"e8f77d61-54cb-4f27-85aa-75fa31c5a40f","SERC_043.basePlot.vst","2018-09-27","vst_SERC_2018","D02","SERC","SERC_043",,"NEON.PLA.D02.SERC.08683","ok","small tree","Live",5.3,130,7.4,,,,,,,,,,,,,"GRwvwbiSPMj1NaUhvL1kyVbfYNVH3Sr0UuCJMFnR3bg=","HwrR06bjl3TqPXYD/ecX4LA/iftMi41T",
"9cc58db6-c725-4017-83d6-3e7ed105cb39","SERC_043.basePlot.vst","2018-09-27","vst_SERC_2018","D02","SERC","SERC_043",,"NEON.PLA.D02.SERC.08652","ok","small tree","Live",3.7,130,6.7,,,,,,,,,,,,,"GRwvwbiSPMj1NaUhvL1kyVbfYNVH3Sr0UuCJMFnR3bg=","HwrR06bjl3TqPXYD/ecX4LA/iftMi41T",
"b5b9ba91-ab83-42de-8101-d1c12681c370","SERC_043.basePlot.vst","2018-09-27","vst_SERC_2018","D02","SERC","SERC_043",,"NEON.PLA.D02.SERC.12239","ok","single bole tree","Live",10.4,130,9.6,,,,,,,,,,,,,"HwrR06bjl3TqPXYD/ecX4LA/iftMi41T","GRwvwbiSPMj1NaUhvL1kyVbfYNVH3Sr0UuCJMFnR3bg=",
"0b1f473d-49bd-4ad9-a5b7-8b6768c82516","SERC_043.basePlot.vst","2018-09-27","vst_SERC_2018","D02","SERC","SERC_043",,"NEON.PLA.D02.SERC.08694","ok","sapling","Live",,,1.8,,,,,,,,1.3,10,,,,"GRwvwbiSPMj1NaUhvL1kyVbfYNVH3Sr0UuCJMFnR3bg=","HwrR06bjl3TqPXYD/ecX4LA/iftMi41T",
"79e05084-c6fd-4c20-91e9-32650d1fee7c","SERC_043.basePlot.vst","2018-09-27","vst_SERC_2018","D02","SERC","SERC_043",,"NEON.PLA.D02.SERC.13347","ok","single bole tree","Live",10.5,130,9.6,,,,,,,,,,,,,"HwrR06bjl3TqPXYD/ecX4LA/iftMi41T","GRwvwbiSPMj1NaUhvL1kyVbfYNVH3Sr0UuCJMFnR3bg=",
"7781f619-77f2-4704-af09-7a9ce4cf386c","SERC_043.basePlot.vst","2018-09-27","vst_SERC_2018","D02","SERC","SERC_043",,"NEON.PLA.D02.SERC.08655","ok","small tree","Live",1.7,130,3.4,,,,,,,,,,,,,"GRwvwbiSPMj1NaUhvL1kyVbfYNVH3Sr0UuCJMFnR3bg=","HwrR06bjl3TqPXYD/ecX4LA/iftMi41T",
"11585c05-25e4-44a7-9232-bb393413dae9","SERC_043.basePlot.vst","2018-09-27","vst_SERC_2018","D02","SERC","SERC_043",,"NEON.PLA.D02.SERC.08654","ok","small tree","Live",1.3,130,3.4,,,,,,,,,,,,,"GRwvwbiSPMj1NaUhvL1kyVbfYNVH3Sr0UuCJMFnR3bg=","HwrR06bjl3TqPXYD/ecX4LA/iftMi41T",
"fee53861-4c41-4a98-a209-a0a7167eff03","SERC_043.basePlot.vst","2018-09-27","vst_SERC_2018","D02","SERC","SERC_043",,"NEON.PLA.D02.SERC.08670","removed",,"Lost, fate unknown",,,,,,,,,,,,,,,"Dead on ground tag removed","GRwvwbiSPMj1NaUhvL1kyVbfYNVH3Sr0UuCJMFnR3bg=","HwrR06bjl3TqPXYD/ecX4LA/iftMi41T",
"98f548ee-8c13-481e-a795-aa40e1c1228e","SERC_043.basePlot.vst","2018-09-27","vst_SERC_2018","D02","SERC","SERC_043",,"NEON.PLA.D02.SERC.09017","ok","single bole tree","Live,  other damage",44.5,130,36.0,,,,,,,,,,,,"bole damage large scar probable heartwood rot unknown cause","HwrR06bjl3TqPXYD/ecX4LA/iftMi41T","GRwvwbiSPMj1NaUhvL1kyVbfYNVH3Sr0UuCJMFnR3bg=",
"42b4dba6-3c7c-4913-82a5-c23999c41456","SERC_043.basePlot.vst","2018-09-27","vst_SERC_2018","D02","SERC","SERC_043",,"NEON.PLA.D02.SERC.08696","ok","small tree","Live",1.2,130,3.1,,,,,,,,,,,,,"GRwvwbiSPMj1NaUhvL1kyVbfYNVH3Sr0UuCJMFnR3bg=","HwrR06bjl3TqPXYD/ecX4LA/iftMi41T",
"5d0e2a63-662b-4fe7-915d-d2c77c6c695a","SERC_060.basePlot.vst","2018-09-28","vst_SERC_2018","D02","SERC","SERC_060",,"NEON.PLA.D02.SERC.08628","ok","single bole tree","Live",54.4,130,37.2,,,,,,,,,,,,,"GRwvwbiSPMj1NaUhvL1kyVbfYNVH3Sr0UuCJMFnR3bg=","HwrR06bjl3TqPXYD/ecX4LA/iftMi41T",
"703d82fc-c5db-4da5-82c4-79edbac668f8","SERC_060.basePlot.vst","2018-09-28","vst_SERC_2018","D02","SERC","SERC_060",,"NEON.PLA.D02.SERC.08633","ok","single bole tree","Live",34.0,130,37.5,,,,,,,,,,,,,"GRwvwbiSPMj1NaUhvL1kyVbfYNVH3Sr0UuCJMFnR3bg=","HwrR06bjl3TqPXYD/ecX4LA/iftMi41T",
"4342fade-6a14-4656-9d22-d37ee376ae17","SERC_060.basePlot.vst","2018-09-28","vst_SERC_2018","D02","SERC","SERC_060",,"NEON.PLA.D02.SERC.01743","ok","small tree","Live",6.0,130,5.0,,,,,,,,,,,,,"HwrR06bjl3TqPXYD/ecX4LA/iftMi41T","GRwvwbiSPMj1NaUhvL1kyVbfYNVH3Sr0UuCJMFnR3bg=",
"7679d42e-ebd8-449a-9f4d-f7c61cc52384","SERC_060.basePlot.vst","2018-09-28","vst_SERC_2018","D02","SERC","SERC_060",,"NEON.PLA.D02.SERC.08646","ok","single bole tree","Live",12.3,130,10.7,,,,,,,,,,,,,"GRwvwbiSPMj1NaUhvL1kyVbfYNVH3Sr0UuCJMFnR3bg=","HwrR06bjl3TqPXYD/ecX4LA/iftMi41T",
"c86ecd14-7dac-4827-a2e3-3f6372dc5790","SERC_060.basePlot.vst","2018-09-28","vst_SERC_2018","D02","SERC","SERC_060",,"NEON.PLA.D02.SERC.01744","ok","small tree","Live",7.8,130,9.9,,,,,,,,,,,,,"GRwvwbiSPMj1NaUhvL1kyVbfYNVH3Sr0UuCJMFnR3bg=","HwrR06bjl3TqPXYD/ecX4LA/iftMi41T",
"5dd88622-a5d0-457d-9a9a-14eef80c660b","SERC_060.basePlot.vst","2018-09-28","vst_SERC_2018","D02","SERC","SERC_060",,"NEON.PLA.D02.SERC.08530","ok","sapling","Live",,,1.4,,,,,,,,1.2,10,,,,"HwrR06bjl3TqPXYD/ecX4LA/iftMi41T","GRwvwbiSPMj1NaUhvL1kyVbfYNVH3Sr0UuCJMFnR3bg=",
"306f11e4-20e0-489b-acb8-349c51a68a25","SERC_060.basePlot.vst","2018-09-28","vst_SERC_2018","D02","SERC","SERC_060",,"NEON.PLA.D02.SERC.08515","ok","small tree","Live",1.4,130,3.0,,,,,,,,,,,,,"HwrR06bjl3TqPXYD/ecX4LA/iftMi41T","GRwvwbiSPMj1NaUhvL1kyVbfYNVH3Sr0UuCJMFnR3bg=",
"85816ac6-7476-435b-861a-3f9947d4a087","SERC_060.basePlot.vst","2018-09-28","vst_SERC_2018","D02","SERC","SERC_060",,"NEON.PLA.D02.SERC.12500","ok","sapling","Live",,,2.3,,,,,,,,1.3,10,,,,"HwrR06bjl3TqPXYD/ecX4LA/iftMi41T","GRwvwbiSPMj1NaUhvL1kyVbfYNVH3Sr0UuCJMFnR3bg=",
"423e8e5e-8836-4639-90dc-49c773a60960","SERC_060.basePlot.vst","2018-09-28","vst_SERC_2018","D02","SERC","SERC_060",,"NEON.PLA.D02.SERC.08511","ok","small tree","Live",1.1,130,2.9,,,,,,,,,,,,,"HwrR06bjl3TqPXYD/ecX4LA/iftMi41T","GRwvwbiSPMj1NaUhvL1kyVbfYNVH3Sr0UuCJMFnR3bg=",
"ab2ae12e-285b-4c92-a3a2-f28cbcd62a59","SERC_060.basePlot.vst","2018-09-28","vst_SERC_2018","D02","SERC","SERC_060",,"NEON.PLA.D02.SERC.12250","ok","liana","Live",1.3,130,,,,,,,,,,,,,,"GRwvwbiSPMj1NaUhvL1kyVbfYNVH3Sr0UuCJMFnR3bg=","HwrR06bjl3TqPXYD/ecX4LA/iftMi41T",
"0c38bbf9-c172-4a06-a9d6-2048858154ae","SERC_060.basePlot.vst","2018-09-28","vst_SERC_2018","D02","SERC","SERC_060",,"NEON.PLA.D02.SERC.11583","ok","single bole tree","Live",30.1,130,20.3,,,,,,,,,,,,,"GRwvwbiSPMj1NaUhvL1kyVbfYNVH3Sr0UuCJMFnR3bg=","HwrR06bjl3TqPXYD/ecX4LA/iftMi41T",
"70d5d114-cc73-42c8-86ce-f6534240007b","SERC_060.basePlot.vst","2018-09-28","vst_SERC_2018","D02","SERC","SERC_060",,"NEON.PLA.D02.SERC.08643","ok","single bole tree","Live",15.8,130,6.8,,,,,,,,,,,,,"GRwvwbiSPMj1NaUhvL1kyVbfYNVH3Sr0UuCJMFnR3bg=","HwrR06bjl3TqPXYD/ecX4LA/iftMi41T",
"c7c51af0-abce-4b19-9039-81f97bc90339","SERC_060.basePlot.vst","2018-09-28","vst_SERC_2018","D02","SERC","SERC_060",,"NEON.PLA.D02.SERC.08635","ok","single bole tree","Live",71.6,130,41.9,,,,,,,,,,,,,"GRwvwbiSPMj1NaUhvL1kyVbfYNVH3Sr0UuCJMFnR3bg=","HwrR06bjl3TqPXYD/ecX4LA/iftMi41T",
"1992b344-1597-44e4-9e4b-a24b5661ee24","SERC_060.basePlot.vst","2018-09-28","vst_SERC_2018","D02","SERC","SERC_060",,"NEON.PLA.D02.SERC.13213","ok","sapling","Live",,,1.6,,,,,,,,1.1,10,,,,"HwrR06bjl3TqPXYD/ecX4LA/iftMi41T","GRwvwbiSPMj1NaUhvL1kyVbfYNVH3Sr0UuCJMFnR3bg=",
"c2282aca-2d77-4659-88bf-be93bd7a29fe","SERC_060.basePlot.vst","2018-09-28","vst_SERC_2018","D02","SERC","SERC_060",,"NEON.PLA.D02.SERC.08520","ok","sapling","Live",,,2.4,,,,,,,,1.5,10,,,,"HwrR06bjl3TqPXYD/ecX4LA/iftMi41T","GRwvwbiSPMj1NaUhvL1kyVbfYNVH3Sr0UuCJMFnR3bg=",
"d2ba43ae-7600-4784-9a14-eb30fd5513a1","SERC_060.basePlot.vst","2018-09-28","vst_SERC_2018","D02","SERC","SERC_060",,"NEON.PLA.D02.SERC.08534","ok","small tree","Live",1.0,130,2.5,,,,,,,,,,,,,"HwrR06bjl3TqPXYD/ecX4LA/iftMi41T","GRwvwbiSPMj1NaUhvL1kyVbfYNVH3Sr0UuCJMFnR3bg=",
"7168ce38-decb-4cda-8804-b3541e2ff233","SERC_060.basePlot.vst","2018-09-28","vst_SERC_2018","D02","SERC","SERC_060",,"NEON.PLA.D02.SERC.08647","ok","single bole tree","Live",66.5,130,38.2,,,,,,,,,,,,,"GRwvwbiSPMj1NaUhvL1kyVbfYNVH3Sr0UuCJMFnR3bg=","HwrR06bjl3TqPXYD/ecX4LA/iftMi41T",
"3fc5cc21-5de0-4b10-9b89-9ba937d6f915","SERC_060.basePlot.vst","2018-09-28","vst_SERC_2018","D02","SERC","SERC_060",,"NEON.PLA.D02.SERC.08531","ok","small tree","Live",1.8,130,3.6,,,,,,,,,,,,,"HwrR06bjl3TqPXYD/ecX4LA/iftMi41T","GRwvwbiSPMj1NaUhvL1kyVbfYNVH3Sr0UuCJMFnR3bg=",
"a090a0ab-d887-45ff-84de-b9c70e203a11","SERC_060.basePlot.vst","2018-09-28","vst_SERC_2018","D02","SERC","SERC_060",,"NEON.PLA.D02.SERC.08707","ok","single bole tree","Live",62.8,130,37.1,,,,,,,,,,,,,"GRwvwbiSPMj1NaUhvL1kyVbfYNVH3Sr0UuCJMFnR3bg=","HwrR06bjl3TqPXYD/ecX4LA/iftMi41T",
"dc667684-2620-440a-8483-c9ca680631f6","SERC_060.basePlot.vst","2018-09-28","vst_SERC_2018","D02","SERC","SERC_060",,"NEON.PLA.D02.SERC.08639","ok","single bole tree","Live",75.0,130,40.1,,,,,,,,,,,,,"GRwvwbiSPMj1NaUhvL1kyVbfYNVH3Sr0UuCJMFnR3bg=","HwrR06bjl3TqPXYD/ecX4LA/iftMi41T",
"e69eaef8-3354-4c64-8022-f73888161d75","SERC_060.basePlot.vst","2018-09-28","vst_SERC_2018","D02","SERC","SERC_060",,"NEON.PLA.D02.SERC.08521","ok","small tree","Live",1.5,130,2.8,,,,,,,,,,,,,"HwrR06bjl3TqPXYD/ecX4LA/iftMi41T","GRwvwbiSPMj1NaUhvL1kyVbfYNVH3Sr0UuCJMFnR3bg=",
"aac4e0ba-49c2-48f4-ae18-94cb53ed2822","SERC_060.basePlot.vst","2018-09-28","vst_SERC_2018","D02","SERC","SERC_060",,"NEON.PLA.D02.SERC.13214","ok","sapling","Live",,,0.7,,,,,,,,1.1,10,,,,"HwrR06bjl3TqPXYD/ecX4LA/iftMi41T","GRwvwbiSPMj1NaUhvL1kyVbfYNVH3Sr0UuCJMFnR3bg=",
"aa18a0e1-720a-4060-a13c-6b1ae53cefe0","SERC_060.basePlot.vst","2018-09-28","vst_SERC_2018","D02","SERC","SERC_060",,"NEON.PLA.D02.SERC.08634","ok","single bole tree","Live",56.3,130,39.8,,,,,,,,,,,,,"GRwvwbiSPMj1NaUhvL1kyVbfYNVH3Sr0UuCJMFnR3bg=","HwrR06bjl3TqPXYD/ecX4LA/iftMi41T",
"5af17c9d-2e87-4719-ba82-7704d65ced54","SERC_060.basePlot.vst","2018-09-28","vst_SERC_2018","D02","SERC","SERC_060",,"NEON.PLA.D02.SERC.08525","ok","small tree","Live",3.1,130,4.4,,,,,,,,,,,,,"HwrR06bjl3TqPXYD/ecX4LA/iftMi41T","GRwvwbiSPMj1NaUhvL1kyVbfYNVH3Sr0UuCJMFnR3bg=",
"13553ae6-130f-49e8-97a5-999666193b26","SERC_060.basePlot.vst","2018-09-28","vst_SERC_2018","D02","SERC","SERC_060",,"NEON.PLA.D02.SERC.08631","ok","single bole tree","Dead, broken bole",11.8,130,6.0,,6.0,8.0,,,,,,,,,,"GRwvwbiSPMj1NaUhvL1kyVbfYNVH3Sr0UuCJMFnR3bg=","HwrR06bjl3TqPXYD/ecX4LA/iftMi41T",
"3f0e8e1e-453b-4fd7-9c0d-c8872759defa","SERC_060.basePlot.vst","2018-09-28","vst_SERC_2018","D02","SERC","SERC_060",,"NEON.PLA.D02.SERC.08513","ok","small tree","Live",1.0,130,3.0,,,,,,,,,,,,,"HwrR06bjl3TqPXYD/ecX4LA/iftMi41T","GRwvwbiSPMj1NaUhvL1kyVbfYNVH3Sr0UuCJMFnR3bg=",
"80be8e98-7be8-43fd-a010-a79609c353c5","SERC_060.basePlot.vst","2018-09-28","vst_SERC_2018","D02","SERC","SERC_060",,"NEON.PLA.D02.SERC.13215","ok","sapling","Live",,,1.3,,,,,,,,1.3,10,,,,"HwrR06bjl3TqPXYD/ecX4LA/iftMi41T","GRwvwbiSPMj1NaUhvL1kyVbfYNVH3Sr0UuCJMFnR3bg=",
"dec8fdec-3ebb-42f9-b296-0359c5c52d35","SERC_060.basePlot.vst","2018-09-28","vst_SERC_2018","D02","SERC","SERC_060",,"NEON.PLA.D02.SERC.08516","ok","sapling","Live",,,2.6,,,,,,,,1.5,10,,,,"HwrR06bjl3TqPXYD/ecX4LA/iftMi41T","GRwvwbiSPMj1NaUhvL1kyVbfYNVH3Sr0UuCJMFnR3bg=",
"ddd21440-7926-4f69-9ec3-a154f4f11f9f","SERC_060.basePlot.vst","2018-09-28","vst_SERC_2018","D02","SERC","SERC_060",,"NEON.PLA.D02.SERC.08641","ok","single bole tree","Live",59.7,130,39.1,,,,,,,,,,,,,"GRwvwbiSPMj1NaUhvL1kyVbfYNVH3Sr0UuCJMFnR3bg=","HwrR06bjl3TqPXYD/ecX4LA/iftMi41T",
"16312a4d-91fc-4c04-aae7-c51fe19920be","SERC_060.basePlot.vst","2018-09-28","vst_SERC_2018","D02","SERC","SERC_060",,"NEON.PLA.D02.SERC.08527","ok","sapling","Live",,,0.9,,,,,,,,1.3,10,,,,"HwrR06bjl3TqPXYD/ecX4LA/iftMi41T","GRwvwbiSPMj1NaUhvL1kyVbfYNVH3Sr0UuCJMFnR3bg=",
"7255ae17-a0c3-4079-a50f-7be0d2e4df3a","SERC_060.basePlot.vst","2018-09-28","vst_SERC_2018","D02","SERC","SERC_060",,"NEON.PLA.D02.SERC.01746","ok","small tree","Live",1.5,130,2.5,,,,,,,,,,,,,"HwrR06bjl3TqPXYD/ecX4LA/iftMi41T","GRwvwbiSPMj1NaUhvL1kyVbfYNVH3Sr0UuCJMFnR3bg=",
"52dacabe-a0c4-4985-a402-7d9639eff7fb","SERC_060.basePlot.vst","2018-09-28","vst_SERC_2018","D02","SERC","SERC_060",,"NEON.PLA.D02.SERC.08708","ok","single bole tree","Live",26.3,130,20.5,,,,,,,,,,,,,"GRwvwbiSPMj1NaUhvL1kyVbfYNVH3Sr0UuCJMFnR3bg=","HwrR06bjl3TqPXYD/ecX4LA/iftMi41T",
"4ce324a3-04ac-4e65-80a9-6022df651f4c","SERC_060.basePlot.vst","2018-09-28","vst_SERC_2018","D02","SERC","SERC_060",,"NEON.PLA.D02.SERC.12249","ok","single bole tree","Live",10.4,130,8.4,,,,,,,,,,,,,"GRwvwbiSPMj1NaUhvL1kyVbfYNVH3Sr0UuCJMFnR3bg=","HwrR06bjl3TqPXYD/ecX4LA/iftMi41T",
"5e4f153d-1621-4ed9-8372-e8c9a144c45c","SERC_060.basePlot.vst","2018-09-28","vst_SERC_2018","D02","SERC","SERC_060",,"NEON.PLA.D02.SERC.08533","ok","small tree","Live",1.0,130,2.2,,,,,,,,,,,,,"HwrR06bjl3TqPXYD/ecX4LA/iftMi41T","GRwvwbiSPMj1NaUhvL1kyVbfYNVH3Sr0UuCJMFnR3bg=",
"21ea7781-092f-4958-83b3-04cc596711f5","SERC_060.basePlot.vst","2018-09-28","vst_SERC_2018","D02","SERC","SERC_060",,"NEON.PLA.D02.SERC.08632","ok","single bole tree","Live",42.6,130,24.4,,,,,,,,,,,,,"GRwvwbiSPMj1NaUhvL1kyVbfYNVH3Sr0UuCJMFnR3bg=","HwrR06bjl3TqPXYD/ecX4LA/iftMi41T",
"76114bc0-9997-432e-822d-9e32bf74c980","SERC_060.basePlot.vst","2018-09-28","vst_SERC_2018","D02","SERC","SERC_060",,"NEON.PLA.D02.SERC.08526","ok","sapling","Live",,,1.1,,,,,,,,1.1,10,,,,"HwrR06bjl3TqPXYD/ecX4LA/iftMi41T","GRwvwbiSPMj1NaUhvL1kyVbfYNVH3Sr0UuCJMFnR3bg=",
"f9c69b7d-21ec-4005-813f-7b24d79c3bfc","SERC_060.basePlot.vst","2018-09-28","vst_SERC_2018","D02","SERC","SERC_060",,"NEON.PLA.D02.SERC.08517","ok","small tree","Live",1.5,130,2.9,,,,,,,,,,,,,"HwrR06bjl3TqPXYD/ecX4LA/iftMi41T","GRwvwbiSPMj1NaUhvL1kyVbfYNVH3Sr0UuCJMFnR3bg=",
"cd5218c2-35f8-4435-abcf-6ec7ad8e3c37","SERC_060.basePlot.vst","2018-09-28","vst_SERC_2018","D02","SERC","SERC_060",,"NEON.PLA.D02.SERC.01742","ok","small tree","Live",1.4,130,3.3,,,,,,,,,,,,,"HwrR06bjl3TqPXYD/ecX4LA/iftMi41T","GRwvwbiSPMj1NaUhvL1kyVbfYNVH3Sr0UuCJMFnR3bg=",
"aa06f9a1-b1ad-460e-8d6b-614641f2e793","SERC_060.basePlot.vst","2018-09-28","vst_SERC_2018","D02","SERC","SERC_060",,"NEON.PLA.D02.SERC.01741","ok","small tree","Live",3.2,130,5.8,,,,,,,,,,,,,"HwrR06bjl3TqPXYD/ecX4LA/iftMi41T","GRwvwbiSPMj1NaUhvL1kyVbfYNVH3Sr0UuCJMFnR3bg=",
"e5b65662-4de8-4776-b2ed-2567f538e703","SERC_060.basePlot.vst","2018-09-28","vst_SERC_2018","D02","SERC","SERC_060",,"NEON.PLA.D02.SERC.01745","ok","small tree","Live",6.2,130,6.3,,,,,,,,,,,,,"HwrR06bjl3TqPXYD/ecX4LA/iftMi41T","GRwvwbiSPMj1NaUhvL1kyVbfYNVH3Sr0UuCJMFnR3bg=",
"07d19676-bd7d-4916-a696-613b44035e2e","SERC_060.basePlot.vst","2018-09-28","vst_SERC_2018","D02","SERC","SERC_060",,"NEON.PLA.D02.SERC.08637","ok","single bole tree","Live",12.2,130,10.0,,,,,,,,,,,,,"GRwvwbiSPMj1NaUhvL1kyVbfYNVH3Sr0UuCJMFnR3bg=","HwrR06bjl3TqPXYD/ecX4LA/iftMi41T",
"e7bb3cb2-83ab-4fd3-b0f6-c7bd094a2fd3","SERC_060.basePlot.vst","2018-09-28","vst_SERC_2018","D02","SERC","SERC_060",,"NEON.PLA.D02.SERC.08522","ok","small tree","Live",1.5,130,3.0,,,,,,,,,,,,,"HwrR06bjl3TqPXYD/ecX4LA/iftMi41T","GRwvwbiSPMj1NaUhvL1kyVbfYNVH3Sr0UuCJMFnR3bg=",
"906b5839-b159-4184-89cc-44c45d48fa3d","SERC_060.basePlot.vst","2018-09-28","vst_SERC_2018","D02","SERC","SERC_060",,"NEON.PLA.D02.SERC.08519","ok","small tree","Live",1.4,130,2.9,,,,,,,,,,,,,"HwrR06bjl3TqPXYD/ecX4LA/iftMi41T","GRwvwbiSPMj1NaUhvL1kyVbfYNVH3Sr0UuCJMFnR3bg=",
"2eeb11fc-c8df-4015-8692-ad595a5fd64d","SERC_060.basePlot.vst","2018-09-28","vst_SERC_2018","D02","SERC","SERC_060",,"NEON.PLA.D02.SERC.08514","ok","sapling","Live",,,1.3,,,,,,,,1.1,10,,,,"HwrR06bjl3TqPXYD/ecX4LA/iftMi41T","GRwvwbiSPMj1NaUhvL1kyVbfYNVH3Sr0UuCJMFnR3bg=",
"1f4ce7d8-7df7-4f51-a4dd-7b075c96835f","SERC_060.basePlot.vst","2018-09-28","vst_SERC_2018","D02","SERC","SERC_060",,"NEON.PLA.D02.SERC.08636","ok","single bole tree","Live",26.4,130,21.2,,,,,,,,,,,,,"GRwvwbiSPMj1NaUhvL1kyVbfYNVH3Sr0UuCJMFnR3bg=","HwrR06bjl3TqPXYD/ecX4LA/iftMi41T",
"de58cba4-5f9e-4bb1-8b25-8ab2efef0323","SERC_060.basePlot.vst","2018-09-28","vst_SERC_2018","D02","SERC","SERC_060",,"NEON.PLA.D02.SERC.08630","ok","single bole tree","Live",26.7,130,21.0,,,,,,,,,,,,,"GRwvwbiSPMj1NaUhvL1kyVbfYNVH3Sr0UuCJMFnR3bg=","HwrR06bjl3TqPXYD/ecX4LA/iftMi41T",
"7afcbdf7-4d2d-4f10-b6b3-966d689f5e83","SERC_060.basePlot.vst","2018-09-28","vst_SERC_2018","D02","SERC","SERC_060",,"NEON.PLA.D02.SERC.11584","ok",,"No longer qualifies",,,,,,,,,,,,,,,"does not qualify tag remains","HwrR06bjl3TqPXYD/ecX4LA/iftMi41T","GRwvwbiSPMj1NaUhvL1kyVbfYNVH3Sr0UuCJMFnR3bg=",
"16828409-d505-483b-9c07-775391472b97","SERC_060.basePlot.vst","2018-09-28","vst_SERC_2018","D02","SERC","SERC_060",,"NEON.PLA.D02.SERC.08523","ok","small tree","Live",1.3,130,2.5,,,,,,,,,,,,,"HwrR06bjl3TqPXYD/ecX4LA/iftMi41T","GRwvwbiSPMj1NaUhvL1kyVbfYNVH3Sr0UuCJMFnR3bg=",
"e5bc8bbf-b07e-4cf6-8c23-e8e94fbe9750","SERC_060.basePlot.vst","2018-09-28","vst_SERC_2018","D02","SERC","SERC_060",,"NEON.PLA.D02.SERC.08645","ok","single bole tree","Live",12.0,130,7.9,,,,,,,,,,,,,"GRwvwbiSPMj1NaUhvL1kyVbfYNVH3Sr0UuCJMFnR3bg=","HwrR06bjl3TqPXYD/ecX4LA/iftMi41T",
"2c628a8a-558a-4f01-809d-0ee11594e716","SERC_060.basePlot.vst","2018-09-28","vst_SERC_2018","D02","SERC","SERC_060",,"NEON.PLA.D02.SERC.11582","ok","sapling","Live",,,0.6,,,,,,,,1.0,10,,,,"HwrR06bjl3TqPXYD/ecX4LA/iftMi41T","GRwvwbiSPMj1NaUhvL1kyVbfYNVH3Sr0UuCJMFnR3bg=",
"d68823bf-1855-48d4-8e44-afe78ab5d8f6","SERC_060.basePlot.vst","2018-09-28","vst_SERC_2018","D02","SERC","SERC_060",,"NEON.PLA.D02.SERC.08778","ok","single bole tree","Dead, broken bole",47.2,130,7.7,,3.2,34.5,,,,,,,,,"Unknown cause of death","GRwvwbiSPMj1NaUhvL1kyVbfYNVH3Sr0UuCJMFnR3bg=","HwrR06bjl3TqPXYD/ecX4LA/iftMi41T",
"975a47b1-05ce-4052-abb2-50f46dfe9d57","SERC_060.basePlot.vst","2018-09-28","vst_SERC_2018","D02","SERC","SERC_060",,"NEON.PLA.D02.SERC.08518","ok","small tree","Live",1.1,130,2.8,,,,,,,,,,,,,"HwrR06bjl3TqPXYD/ecX4LA/iftMi41T","GRwvwbiSPMj1NaUhvL1kyVbfYNVH3Sr0UuCJMFnR3bg=",
"d9cecf88-e6d3-4bb1-a120-7107081fb784","SERC_060.basePlot.vst","2018-09-28","vst_SERC_2018","D02","SERC","SERC_060",,"NEON.PLA.D02.SERC.08626","ok","single bole tree","Live",74.1,130,23.9,,,,,,,,,,,,,"GRwvwbiSPMj1NaUhvL1kyVbfYNVH3Sr0UuCJMFnR3bg=","HwrR06bjl3TqPXYD/ecX4LA/iftMi41T",
"5a1af639-92f7-4146-97c6-f3e142f325c7","SERC_060.basePlot.vst","2018-09-28","vst_SERC_2018","D02","SERC","SERC_060",,"NEON.PLA.D02.SERC.08638","ok","single bole tree","Live",79.3,130,39.0,,,,,,,,,,,,,"GRwvwbiSPMj1NaUhvL1kyVbfYNVH3Sr0UuCJMFnR3bg=","HwrR06bjl3TqPXYD/ecX4LA/iftMi41T",
"2c4ded7d-3e38-4527-ab28-b7e35c886baf","SERC_060.basePlot.vst","2018-09-28","vst_SERC_2018","D02","SERC","SERC_060",,"NEON.PLA.D02.SERC.08524","ok","small tree","Live, physically damaged",1.7,130,2.9,,,,,,,,,,,,"bole damage engulfing small vine","HwrR06bjl3TqPXYD/ecX4LA/iftMi41T","GRwvwbiSPMj1NaUhvL1kyVbfYNVH3Sr0UuCJMFnR3bg=",
"75d50607-50bf-4290-a6f6-d1a04795ef82","SERC_060.basePlot.vst","2018-09-28","vst_SERC_2018","D02","SERC","SERC_060",,"NEON.PLA.D02.SERC.08529","ok","sapling","Live",,,1.7,,,,,,,,1.3,10,,,,"HwrR06bjl3TqPXYD/ecX4LA/iftMi41T","GRwvwbiSPMj1NaUhvL1kyVbfYNVH3Sr0UuCJMFnR3bg=",
"ad3b6c1a-28e0-430a-be90-8e8509263ecd","SERC_060.basePlot.vst","2018-09-28","vst_SERC_2018","D02","SERC","SERC_060",,"NEON.PLA.D02.SERC.11585","ok","sapling","Live",,,0.7,,,,,,,,1.1,10,,,,"HwrR06bjl3TqPXYD/ecX4LA/iftMi41T","GRwvwbiSPMj1NaUhvL1kyVbfYNVH3Sr0UuCJMFnR3bg=",
"8bd6003d-12cc-4b78-9ef6-a2e6a9a29a14","SERC_060.basePlot.vst","2018-09-28","vst_SERC_2018","D02","SERC","SERC_060",,"NEON.PLA.D02.SERC.13212","ok","sapling","Live",,,1.9,,,,,,,,1.0,10,,,,"HwrR06bjl3TqPXYD/ecX4LA/iftMi41T","GRwvwbiSPMj1NaUhvL1kyVbfYNVH3Sr0UuCJMFnR3bg=",
"7d6c2e25-5357-4e6f-91cc-d79d7a53c5bb","SERC_060.basePlot.vst","2018-09-28","vst_SERC_2018","D02","SERC","SERC_060",,"NEON.PLA.D02.SERC.08528","ok","sapling","Live",,,1.5,,,,,,,,1.7,10,,,,"HwrR06bjl3TqPXYD/ecX4LA/iftMi41T","GRwvwbiSPMj1NaUhvL1kyVbfYNVH3Sr0UuCJMFnR3bg=",
"8c908015-ba9c-4674-a4b2-77248d126bab","SERC_060.basePlot.vst","2018-09-28","vst_SERC_2018","D02","SERC","SERC_060",,"NEON.PLA.D02.SERC.08510","ok","sapling","Live",,,1.8,,,,,,,,1.7,10,,,,"HwrR06bjl3TqPXYD/ecX4LA/iftMi41T","GRwvwbiSPMj1NaUhvL1kyVbfYNVH3Sr0UuCJMFnR3bg=",
"a2199f60-0da5-4623-b671-8726723e66a2","SERC_060.basePlot.vst","2018-09-28","vst_SERC_2018","D02","SERC","SERC_060",,"NEON.PLA.D02.SERC.13530","ok","single bole tree","Live",10.0,130,10.1,,,,,,,,,,,,,"GRwvwbiSPMj1NaUhvL1kyVbfYNVH3Sr0UuCJMFnR3bg=","HwrR06bjl3TqPXYD/ecX4LA/iftMi41T",
"0b924519-9dc6-485a-b548-fa1f72e06d23","SERC_060.basePlot.vst","2018-09-28","vst_SERC_2018","D02","SERC","SERC_060",,"NEON.PLA.D02.SERC.08512","ok","sapling","Live",,,1.7,,,,,,,,1.2,10,,,,"HwrR06bjl3TqPXYD/ecX4LA/iftMi41T","GRwvwbiSPMj1NaUhvL1kyVbfYNVH3Sr0UuCJMFnR3bg=",
"6c25c9a8-1669-4600-b69e-50eb0db97439","SERC_060.basePlot.vst","2018-09-28","vst_SERC_2018","D02","SERC","SERC_060",,"NEON.PLA.D02.SERC.08644","ok","single bole tree","Live",12.3,130,12.3,,,,,,,,,,,,,"GRwvwbiSPMj1NaUhvL1kyVbfYNVH3Sr0UuCJMFnR3bg=","HwrR06bjl3TqPXYD/ecX4LA/iftMi41T",
"6add8b24-bc42-4803-bee7-7097efaae4b8","SERC_060.basePlot.vst","2018-09-28","vst_SERC_2018","D02","SERC","SERC_060",,"NEON.PLA.D02.SERC.08627","ok","single bole tree","Live",20.1,130,16.8,,,,,,,,,,,,,"GRwvwbiSPMj1NaUhvL1kyVbfYNVH3Sr0UuCJMFnR3bg=","HwrR06bjl3TqPXYD/ecX4LA/iftMi41T",
"e866607e-506f-4174-ae78-e6e9f638b9e5","SERC_060.basePlot.vst","2018-09-28","vst_SERC_2018","D02","SERC","SERC_060",,"NEON.PLA.D02.SERC.08629","ok","single bole tree","Live",58.2,130,37.3,,,,,,,,,,,,,"GRwvwbiSPMj1NaUhvL1kyVbfYNVH3Sr0UuCJMFnR3bg=","HwrR06bjl3TqPXYD/ecX4LA/iftMi41T",
"f6f3ced0-111e-4618-acce-83e78703f749","SERC_060.basePlot.vst","2018-09-28","vst_SERC_2018","D02","SERC","SERC_060",,"NEON.PLA.D02.SERC.08640","removed",,"Lost, fate unknown",,,,,,,,,,,,,,,"tag not found but individual is certainly dead and downed; can be removed","GRwvwbiSPMj1NaUhvL1kyVbfYNVH3Sr0UuCJMFnR3bg=","HwrR06bjl3TqPXYD/ecX4LA/iftMi41T",
"7bded1c3-ad59-4f78-ad9c-14c3dd80542a","SERC_060.basePlot.vst","2018-09-28","vst_SERC_2018","D02","SERC","SERC_060",,"NEON.PLA.D02.SERC.08642","ok","single bole tree","Live",14.7,130,13.6,,,,,,,,,,,,,"GRwvwbiSPMj1NaUhvL1kyVbfYNVH3Sr0UuCJMFnR3bg=","HwrR06bjl3TqPXYD/ecX4LA/iftMi41T",
"cb93e2c7-2999-451d-b370-f4957f4ce97c","SERC_060.basePlot.vst","2018-09-28","vst_SERC_2018","D02","SERC","SERC_060",,"NEON.PLA.D02.SERC.08532","ok","small tree","Live",1.9,130,3.4,,,,,,,,,,,,,"HwrR06bjl3TqPXYD/ecX4LA/iftMi41T","GRwvwbiSPMj1NaUhvL1kyVbfYNVH3Sr0UuCJMFnR3bg=",
