uid,namedLocation,domainID,siteID,plotID,plotType,nlcdClass,decimalLatitude,decimalLongitude,geodeticDatum,coordinateUncertainty,elevation,elevationUncertainty,collectDate,eventID,sampleID,sampleCode,samplingMethod,totalSampledArea,targetTaxaPresent,adultCount,nymphCount,larvaCount,sampleCondition,samplingProtocolVersion,measuredBy,remarks
"65b93b6d-2aed-4070-91de-8946b7adeeb7","UNDE_013.tickPlot.tck","D05","UNDE","UNDE_013","distributed","deciduousForest",46.227776,-89.535166,"WGS84",20.2,510.3,0.3,"2018-05-03T16:03Z","UNDE.2018.18",,,"drag and flag",164,"N",0,0,0,,"NEON.DOC.014045vJ","Syw2LXB/pj+fmGCuwdgBGVryVUmYhw3g",
"34f1f9c1-7638-42e1-8d6c-2862394b9240","UNDE_019.tickPlot.tck","D05","UNDE","UNDE_019","distributed","deciduousForest",46.257425,-89.542054,"WGS84",20.2,519.0,0.2,"2018-05-03T18:00Z","UNDE.2018.18",,,"drag and flag",155,"N",0,0,0,,"NEON.DOC.014045vJ","PTJV+Na8q5rXlc2VdpDZym+v0CyW08ED+5D+SsP87wo=",
"ca4261d0-48a7-4004-84a7-f50f3ffe1ce6","UNDE_999.tickPlot.tck","D05","UNDE","UNDE_999","distributed","woodyWetlands",46.256243,-89.534200,"WGS84",20.2,507.1,0.3,"2018-05-03T19:28Z","UNDE.2018.18",,,"drag and flag",139,"N",0,0,0,,"NEON.DOC.014045vJ","PTJV+Na8q5rXlc2VdpDZym+v0CyW08ED+5D+SsP87wo=",
"9a71e9de-4388-4ff3-8827-92c1507d569f","UNDE_017.tickPlot.tck","D05","UNDE","UNDE_017","distributed","mixedForest",46.236736,-89.497054,"WGS84",20.1,518.8,0.2,"2018-05-03T21:14Z","UNDE.2018.18","UNDE_017.20180503","A00000007214","drag and flag",157,"Y",0,1,0,"No known compromise","NEON.DOC.014045vJ","PTJV+Na8q5rXlc2VdpDZym+v0CyW08ED+5D+SsP87wo=",
