uid,namedLocation,date,domainID,siteID,plotID,plotType,nlcdClass,decimalLatitude,decimalLongitude,geodeticDatum,coordinateUncertainty,easting,northing,utmZone,elevation,elevationUncertainty,eventID,samplingProtocolVersion,treesPresent,treesAbsentList,shrubsPresent,shrubsAbsentList,lianasPresent,lianasAbsentList,nestedSubplotAreaShrubSapling,nestedSubplotAreaLiana,totalSampledAreaTrees,totalSampledAreaShrubSapling,totalSampledAreaLiana,remarks,measuredBy,recordedBy,dataQF
"f1d61265-7cc5-4877-ad7d-b34648a2263f","HEAL_001.basePlot.vst","2016-08-03","D19","HEAL","HEAL_001","distributed","dwarfScrub",63.888391,-149.204770,"WGS84",20.1,391746.35,7086447.93,"6N",602.4,0.1,"vst_HEAL_2016","NEON.DOC.000987vF","Y",,"Y",,"N",,"10","noneSelected",400,80,400,,"UdgDjQtJX07DZeqMKH1Q7KfO+VF4a2jv","IpFAbfDBgacaNA5nRzoYJQ/IcVdu5TBEvGEOKGMshXA=",
"4e316080-659d-479f-9e80-1f4f36e940cf","HEAL_016.basePlot.vst","2016-08-03","D19","HEAL","HEAL_016","distributed","shrubScrub",63.877347,-149.202686,"WGS84",20.1,391806.16,7085214.31,"6N",652.2,0.1,"vst_HEAL_2016","NEON.DOC.000987vF","Y",,"Y",,"N",,"1","noneSelected",400,8,400,,"UdgDjQtJX07DZeqMKH1Q7KfO+VF4a2jv","IpFAbfDBgacaNA5nRzoYJQ/IcVdu5TBEvGEOKGMshXA=",
"57436d7e-ea4d-4bc4-bea2-978629d7fa29","HEAL_006.basePlot.vst","2016-08-04","D19","HEAL","HEAL_006","distributed","dwarfScrub",63.869587,-149.287603,"WGS84",20.1,387605.45,7084496.81,"6N",648.1,0.1,"vst_HEAL_2016","NEON.DOC.000987vE","N",,"Y",,"N",,"10","noneSelected",400,80,400,,"IpFAbfDBgacaNA5nRzoYJQ/IcVdu5TBEvGEOKGMshXA=","UdgDjQtJX07DZeqMKH1Q7KfO+VF4a2jv",
"42568a67-371d-42e3-8700-e9fd3a48c900","HEAL_020.basePlot.vst","2016-08-04","D19","HEAL","HEAL_020","distributed","shrubScrub",63.871707,-149.271288,"WGS84",20.1,388415.19,7084704.29,"6N",654.9,0.1,"vst_HEAL_2016","NEON.DOC.000987vF","Y",,"Y",,"N",,"1","noneSelected",400,8,400,,"UdgDjQtJX07DZeqMKH1Q7KfO+VF4a2jv","IpFAbfDBgacaNA5nRzoYJQ/IcVdu5TBEvGEOKGMshXA=",
"d4baa786-9611-463b-9626-12bb73d1d451","HEAL_014.basePlot.vst","2016-08-08","D19","HEAL","HEAL_014","distributed","shrubScrub",63.886767,-149.273720,"WGS84",20.1,388355.54,7086385.89,"6N",671.5,0.1,"vst_HEAL_2016","NEON.DOC.000987vF","Y",,"Y",,"N",,"1","noneSelected",400,8,400,,"IpFAbfDBgacaNA5nRzoYJQ/IcVdu5TBEvGEOKGMshXA=","fWHghMULgzyLQT5uSQt1ttIq3KHhEA0M",
"525fb365-2249-4b63-b4ed-0751249d330f","HEAL_011.basePlot.vst","2016-08-08","D19","HEAL","HEAL_011","distributed","shrubScrub",63.887139,-149.301221,"WGS84",20.1,387007.12,7086475.74,"6N",644.3,0.1,"vst_HEAL_2016","NEON.DOC.000987vF","N",,"Y",,"N",,"1","noneSelected",400,8,400,,"UdgDjQtJX07DZeqMKH1Q7KfO+VF4a2jv","MeAdgD9GMcAND8ZfQlU8wsL2WyDvsAxatkbBowrKiAc=",
"7bd38566-9c31-438f-b105-7f9024dd8c3e","HEAL_019.basePlot.vst","2016-08-08","D19","HEAL","HEAL_019","distributed","shrubScrub",63.894643,-149.287200,"WGS84",20.1,387725.32,7087286.75,"6N",653.4,0.1,"vst_HEAL_2016","NEON.DOC.000987vF","N",,"Y",,"N",,"1","noneSelected",400,8,400,,"IpFAbfDBgacaNA5nRzoYJQ/IcVdu5TBEvGEOKGMshXA=","fWHghMULgzyLQT5uSQt1ttIq3KHhEA0M",
"0dd2bcf9-d87f-41ca-89fd-7d3b19017029","HEAL_025.basePlot.vst","2016-08-09","D19","HEAL","HEAL_025","distributed","evergreenForest",63.873070,-149.287886,"WGS84",20.1,387605.46,7084885.23,"6N",639.4,0.1,"vst_HEAL_2016","NEON.DOC.000987vF","Y",,"Y",,"N",,"1","noneSelected",400,8,400,,"UdgDjQtJX07DZeqMKH1Q7KfO+VF4a2jv","s0qfufVOE4SuSKa3K+0eH9/2W3pqTiur",
"90ae0d8c-2ed6-4bbe-a041-4be4733b3d92","HEAL_018.basePlot.vst","2016-08-09","D19","HEAL","HEAL_018","distributed","shrubScrub",63.862657,-149.249125,"WGS84",20.1,389468.14,7083657.75,"6N",701.8,0.1,"vst_HEAL_2016","NEON.DOC.000987vF",,,,,,,"1","noneSelected",400,8,400,,"IpFAbfDBgacaNA5nRzoYJQ/IcVdu5TBEvGEOKGMshXA=","fWHghMULgzyLQT5uSQt1ttIq3KHhEA0M",
"9efc945b-eaef-49d6-b1a9-74c4c2ccadaf","HEAL_010.basePlot.vst","2016-08-09","D19","HEAL","HEAL_010","distributed","shrubScrub",63.877229,-149.263771,"WGS84",20.1,388806.20,7085306.19,"6N",657.0,0.1,"vst_HEAL_2016","NEON.DOC.000987vF","N",,"Y",,"N",,"1","noneSelected",400,8,400,"Nested subplot sampling area changed to 1m squared in 2016 due to updated VST measurement rules. All individuals marked status 3 were dropped because they fell outside of the newly selected subplot.","UdgDjQtJX07DZeqMKH1Q7KfO+VF4a2jv","s0qfufVOE4SuSKa3K+0eH9/2W3pqTiur",
"df212a2e-650c-4c5c-9476-aa3e9e035f4c","HEAL_004.basePlot.vst","2016-08-10","D19","HEAL","HEAL_004","distributed","shrubScrub",63.863602,-149.273634,"WGS84",20.1,388267.79,7083805.68,"6N",680.5,0.1,"vst_HEAL_2016","NEON.DOC.000987vF","Y",,"Y",,"N",,"1","noneSelected",400,8,400,,"IpFAbfDBgacaNA5nRzoYJQ/IcVdu5TBEvGEOKGMshXA=","fWHghMULgzyLQT5uSQt1ttIq3KHhEA0M",
"ae898f81-798f-49ac-aa78-efcd667b75db","HEAL_002.basePlot.vst","2016-08-10","D19","HEAL","HEAL_002","distributed","dwarfScrub",63.871137,-149.240038,"WGS84",20.1,389947.74,7084586.53,"6N",696.7,0.1,"vst_HEAL_2016","NEON.DOC.000987vF","N",,"Y",,"N",,"10","noneSelected",400,80,400,,"IpFAbfDBgacaNA5nRzoYJQ/IcVdu5TBEvGEOKGMshXA=","fWHghMULgzyLQT5uSQt1ttIq3KHhEA0M",
"8c311852-c370-4f53-9a47-85f281f3c8e5","HEAL_017.basePlot.vst","2016-08-10","D19","HEAL","HEAL_017","distributed","shrubScrub",63.866487,-149.260447,"WGS84",20.1,388927.02,7084103.98,"6N",677.6,0.1,"vst_HEAL_2016","NEON.DOC.000987vF","Y",,"Y",,"N",,"1","noneSelected",400,8,400,,"IpFAbfDBgacaNA5nRzoYJQ/IcVdu5TBEvGEOKGMshXA=","fWHghMULgzyLQT5uSQt1ttIq3KHhEA0M",
"127853e8-fc1c-467b-86a1-7c4d3af4af3e","HEAL_003.basePlot.vst","2016-08-11","D19","HEAL","HEAL_003","distributed","dwarfScrub",63.865625,-149.229880,"WGS84",20.1,390425.18,7083955.13,"6N",715.7,0.1,"vst_HEAL_2016","NEON.DOC.000987vF","N",,"Y",,"N",,"10","noneSelected",400,80,400,,"IpFAbfDBgacaNA5nRzoYJQ/IcVdu5TBEvGEOKGMshXA=","fWHghMULgzyLQT5uSQt1ttIq3KHhEA0M",
"d4bf4c27-2ea9-4851-99e8-06cfe4e8d55b","HEAL_053.basePlot.vst","2016-08-15","D19","HEAL","HEAL_053","tower","dwarfScrub",63.873333,-149.219447,"WGS84",10.1,390967.57,7084795.77,"6N",689.4,0.1,"vst_HEAL_2016","NEON.DOC.000987vF","N",,"Y",,"N",,"10","noneSelected",400,80,400,,"IpFAbfDBgacaNA5nRzoYJQ/IcVdu5TBEvGEOKGMshXA=","PHb/Riyi9nx310auzC+tXvk8GTQOn+tkd9EZV6QI8To=",
"166b7906-92ba-4eb9-8580-9cb3fb6255c7","HEAL_023.basePlot.vst","2016-08-15","D19","HEAL","HEAL_023","distributed","shrubScrub",63.887447,-149.282290,"WGS84",20.1,387937.58,7086476.65,"6N",669.5,0.1,"vst_HEAL_2016","NEON.DOC.000987vF","N",,"Y",,"N",,"1","noneSelected",400,8,400,,"IpFAbfDBgacaNA5nRzoYJQ/IcVdu5TBEvGEOKGMshXA=","s0qfufVOE4SuSKa3K+0eH9/2W3pqTiur",
"c02e2bcb-9955-4170-9a33-6d27fbc0aa2d","HEAL_059.basePlot.vst","2016-08-15","D19","HEAL","HEAL_059","tower","shrubScrub",63.872278,-149.217566,"WGS84",10.1,391055.86,7084675.05,"6N",692.1,0.1,"vst_HEAL_2016","NEON.DOC.000987vF",,,,,,,"1","noneSelected",400,8,400,,"rwLvYLhtocoLtnp2nQNBSTyRLeMuOpB2YiOiwXcbMoU=","fWHghMULgzyLQT5uSQt1ttIq3KHhEA0M",
"41005335-e8c3-490b-9560-b04081a7e6e8","HEAL_021.basePlot.vst","2016-08-15","D19","HEAL","HEAL_021","distributed","shrubScrub",63.890700,-149.264221,"WGS84",20.1,388837.37,7086807.35,"6N",665.3,0.1,"vst_HEAL_2016","NEON.DOC.000987vE","Y",,"Y",,"N",,"1","noneSelected",400,8,400,,"IpFAbfDBgacaNA5nRzoYJQ/IcVdu5TBEvGEOKGMshXA=","s0qfufVOE4SuSKa3K+0eH9/2W3pqTiur",
"ba70fe39-7993-416a-ad57-533959192b43","HEAL_073.basePlot.vst","2016-08-16","D19","HEAL","HEAL_073","tower","shrubScrub",63.872604,-149.213928,"WGS84",10.1,391235.79,7084705.15,"6N",692.1,0.1,"vst_HEAL_2016","NEON.DOC.000987vE",,,,,,,"10","noneSelected",400,80,400,,"rwLvYLhtocpzepToCilDQ8bTZFfMb3L7G6Pd/8PaUIA=","s0qfufVOE4SuSKa3K+0eH9/2W3pqTiur",
"f5b3bb8e-3705-457a-b04e-8294e34d9190","HEAL_047.basePlot.vst","2016-08-16","D19","HEAL","HEAL_047","tower","shrubScrub",63.872775,-149.220656,"WGS84",20.1,390906.03,7084735.68,"6N",687.9,0.1,"vst_HEAL_2016","NEON.DOC.000987vF","Y",,"Y",,"N",,"1","noneSelected",400,8,400,,"IpFAbfDBgacaNA5nRzoYJQ/IcVdu5TBEvGEOKGMshXA=","PHb/Riyi9nx310auzC+tXvk8GTQOn+tkd9EZV6QI8To=",
"97445df2-dd4f-479d-9690-9ee41e020112","HEAL_051.basePlot.vst","2016-08-16","D19","HEAL","HEAL_051","tower","shrubScrub",63.874170,-149.217696,"WGS84",10.1,391056.80,7084886.00,"6N",689.0,0.1,"vst_HEAL_2016","NEON.DOC.000987vF",,,,,,,"1","noneSelected",400,8,400,,"PHb/Riyi9nx310auzC+tXvk8GTQOn+tkd9EZV6QI8To=","MeAdgD9GMcAND8ZfQlU8wsL2WyDvsAxatkbBowrKiAc=",
"d7645f5f-1584-40bd-8293-1de2c6ffebbc","HEAL_074.basePlot.vst","2016-08-16","D19","HEAL","HEAL_074","tower","shrubScrub",63.873616,-149.218256,"WGS84",10.1,391027.16,7084825.25,"6N",690.5,0.1,"vst_HEAL_2016","NEON.DOC.000987vF","N",,"Y",,"N",,"1","noneSelected",400,8,400,,"PHb/Riyi9nx310auzC+tXvk8GTQOn+tkd9EZV6QI8To=","MeAdgD9GMcAND8ZfQlU8wsL2WyDvsAxatkbBowrKiAc=",
"2abbf2d8-b02c-43df-bff4-eda58e3857b8","HEAL_066.basePlot.vst","2016-08-16","D19","HEAL","HEAL_066","tower","shrubScrub",63.872049,-149.215105,"WGS84",10.1,391175.84,7084645.34,"6N",696.6,0.1,"vst_HEAL_2016","NEON.DOC.000987vF","Y",,"Y",,"N",,"1","noneSelected",400,8,400,,"rwLvYLhtocpzepToCilDQ8bTZFfMb3L7G6Pd/8PaUIA=","fWHghMULgzyLQT5uSQt1ttIq3KHhEA0M",
"54ad27aa-37f2-470e-8cca-6b62197e2fce","HEAL_015.basePlot.vst","2016-08-17","D19","HEAL","HEAL_015","distributed","shrubScrub",63.894285,-149.209552,"WGS84",20.1,391534.37,7087112.53,"6N",591.0,0.1,"vst_HEAL_2016","NEON.DOC.000987vF","Y",,"Y",,"N",,"10","noneSelected",400,80,400,,"PHb/Riyi9nx310auzC+tXvk8GTQOn+tkd9EZV6QI8To=","s0qfufVOE4SuSKa3K+0eH9/2W3pqTiur",
"db58ce15-db83-4918-89dc-1aaee67de3ae","HEAL_052.basePlot.vst","2016-08-17","D19","HEAL","HEAL_052","tower","dwarfScrub",63.872083,-149.212669,"WGS84",10.1,391295.61,7084644.98,"6N",693.9,0.1,"vst_HEAL_2016","NEON.DOC.000987vF","N",,"Y","41","N",,"noneSelected","noneSelected",400,400,400,,"rwLvYLhtocoLtnp2nQNBSTyRLeMuOpB2YiOiwXcbMoU=","fWHghMULgzyLQT5uSQt1ttIq3KHhEA0M",
"519a8ae5-3bc0-4652-a9c7-81e4da68b1cf","HEAL_061.basePlot.vst","2016-08-17","D19","HEAL","HEAL_061","tower","shrubScrub",63.871260,-149.213820,"WGS84",10.1,391235.90,7084555.27,"6N",698.6,0.1,"vst_HEAL_2016","NEON.DOC.000987vE",,,,,,,"1","noneSelected",400,8,400,,"rwLvYLhtocoLtnp2nQNBSTyRLeMuOpB2YiOiwXcbMoU=","fWHghMULgzyLQT5uSQt1ttIq3KHhEA0M",
"ddc5cf5f-d097-471a-9b7a-922b4d3947ab","HEAL_022.basePlot.vst","2016-08-17","D19","HEAL","HEAL_022","distributed","shrubScrub",63.887475,-149.212621,"WGS84",20.1,391357.44,7086359.25,"6N",630.4,0.1,"vst_HEAL_2016","NEON.DOC.000987vE","Y",,"Y",,"N",,"10","noneSelected",400,80,400,,"s0qfufVOE4SuSKa3K+0eH9/2W3pqTiur","PHb/Riyi9nx310auzC+tXvk8GTQOn+tkd9EZV6QI8To=",
"757e3659-860f-487a-a5e0-5b974e76521c","HEAL_005.basePlot.vst","2016-08-17","D19","HEAL","HEAL_005","distributed","shrubScrub",63.897743,-149.225090,"WGS84",20.1,390785.29,7087524.19,"6N",616.6,0.1,"vst_HEAL_2016","NEON.DOC.000987vF","N",,"Y",,"N",,"1","noneSelected",400,8,400,,"IpFAbfDBgacaNA5nRzoYJQ/IcVdu5TBEvGEOKGMshXA=","s0qfufVOE4SuSKa3K+0eH9/2W3pqTiur",
"9c372370-6163-48c4-8487-008b938d382b","HEAL_067.basePlot.vst","2016-08-18","D19","HEAL","HEAL_067","tower","dwarfScrub",63.872125,-149.210226,"WGS84",10.1,391415.76,7084645.49,"6N",693.6,0.1,"vst_HEAL_2016","NEON.DOC.000987vE",,,,,,,"25","noneSelected",400,200,400,"Subplot changed from 100m2 to 25 m2","rwLvYLhtocoLtnp2nQNBSTyRLeMuOpB2YiOiwXcbMoU=","fWHghMULgzyLQT5uSQt1ttIq3KHhEA0M",
"983fa1ba-6e02-4637-960b-ce5161ce80af","HEAL_050.basePlot.vst","2016-08-18","D19","HEAL","HEAL_050","tower","dwarfScrub",63.874352,-149.206114,"WGS84",10.1,391626.29,7084886.55,"6N",677.9,0.1,"vst_HEAL_2016","NEON.DOC.000987vF",,,,,,,"25","noneSelected",400,200,400,,"rwLvYLhtocoLtnp2nQNBSTyRLeMuOpB2YiOiwXcbMoU=","fWHghMULgzyLQT5uSQt1ttIq3KHhEA0M",
"43e1779a-0d66-4aaf-8baa-f64397adfd31","HEAL_062.basePlot.vst","2016-08-18","D19","HEAL","HEAL_062","tower","dwarfScrub",63.872948,-149.209053,"WGS84",10.1,391476.54,7084735.16,"6N",686.6,0.1,"vst_HEAL_2016","NEON.DOC.000987vF","Y",,"Y",,"N",,"10","noneSelected",400,80,400,,"IpFAbfDBgacaNA5nRzoYJQ/IcVdu5TBEvGEOKGMshXA=","s0qfufVOE4SuSKa3K+0eH9/2W3pqTiur",
"46a10375-6244-4d39-9f2c-f32c835a198a","HEAL_065.basePlot.vst","2016-08-29","D19","HEAL","HEAL_065","tower","dwarfScrub",63.874650,-149.221417,"WGS84",10.1,390875.93,7084945.82,"6N",686.7,0.1,"vst_HEAL_2016","NEON.DOC.000987vF","Y",,"Y",,"N",,"10","noneSelected",400,80,400,,"rwLvYLhtocpzepToCilDQ8bTZFfMb3L7G6Pd/8PaUIA=","8ztuKrLr9oOTeiphr8PU4vtbSfFqLt1m",
"4422b4e2-9ec5-4fc2-a3b5-23d9ff163d37","HEAL_057.basePlot.vst","2016-08-30","D19","HEAL","HEAL_057","tower","shrubScrub",63.875183,-149.221445,"WGS84",10.1,390876.62,7085005.23,"6N",686.5,0.1,"vst_HEAL_2016","NEON.DOC.000987vF","N",,"Y",,"N",,"1","noneSelected",400,8,400,,"rwLvYLhtocoLtnp2nQNBSTyRLeMuOpB2YiOiwXcbMoU=","8ztuKrLr9oOTeiphr8PU4vtbSfFqLt1m",
"3ede1542-5186-4725-a9d3-2cc58758a383","HEAL_072.basePlot.vst","2016-08-30","D19","HEAL","HEAL_072","tower","shrubScrub",63.874970,-149.217767,"WGS84",10.1,391056.41,7084975.22,"6N",682.8,0.1,"vst_HEAL_2016","NEON.DOC.000987vF","Y",,"Y",,"N",,"1","noneSelected",400,8,400,,"rwLvYLhtocoLtnp2nQNBSTyRLeMuOpB2YiOiwXcbMoU=","8ztuKrLr9oOTeiphr8PU4vtbSfFqLt1m",
"70556278-c3dd-4153-a3f5-c382728bffa3","HEAL_056.basePlot.vst","2016-08-31","D19","HEAL","HEAL_056","tower","dwarfScrub",63.874217,-149.215246,"WGS84",10.1,391177.30,7084887.05,"6N",686.1,0.1,"vst_HEAL_2016","NEON.DOC.000987vF","Y",,"Y",,"N",,"10","noneSelected",400,80,400,,"rwLvYLhtocoLtnp2nQNBSTyRLeMuOpB2YiOiwXcbMoU=","8ztuKrLr9oOTeiphr8PU4vtbSfFqLt1m",
"93479293-d40e-4911-87af-5ab9a2164d25","HEAL_046.basePlot.vst","2016-08-31","D19","HEAL","HEAL_046","tower","shrubScrub",63.873367,-149.216447,"WGS84",20.1,391115.03,7084794.43,"6N",691.0,0.1,"vst_HEAL_2016","NEON.DOC.000987vE","N",,"Y",,"N",,"1","noneSelected",400,8,400,,"rwLvYLhtocoLtnp2nQNBSTyRLeMuOpB2YiOiwXcbMoU=","8ztuKrLr9oOTeiphr8PU4vtbSfFqLt1m",
