uid,namedLocation,date,eventID,domainID,siteID,plotID,subplotID,individualID,tagStatus,growthForm,plantStatus,stemDiameter,measurementHeight,height,baseCrownHeight,breakHeight,breakDiameter,maxCrownDiameter,ninetyCrownDiameter,canopyPosition,shape,basalStemDiameter,basalStemDiameterMsrmntHeight,maxBaseCrownDiameter,ninetyBaseCrownDiameter,remarks,recordedBy,measuredBy,dataQF
"889db294-ab7f-4217-a602-bbcfff3ec3a6","NIWO_002.basePlot.vst","2016-08-31","vst_NIWO_2016","D13","NIWO","NIWO_002",,"NEON.PLA.D13.NIWO.01029","ok","single bole tree","Live",20.9,130,11.4,,,,3.5,2.4,"Full sun",,,,,,,"hh6ebSg6u9QT5P7fcmrL3lHK7HHR+RXo","Xlq171H9ZZZ5J3ckp1BdAB0lm0ecD5Q+","legacyData"
"69ab5951-ac81-46f5-89fa-4250667803c8","NIWO_002.basePlot.vst","2016-08-31","vst_NIWO_2016","D13","NIWO","NIWO_002",,"NEON.PLA.D13.NIWO.01079A","ok","multi-bole tree","Live",11.1,130,11.8,,,,2.4,1.7,"Partially shaded",,,,,,,"hh6ebSg6u9QT5P7fcmrL3lHK7HHR+RXo","Xlq171H9ZZZ5J3ckp1BdAB0lm0ecD5Q+","legacyData"
"af2b7c0e-d22c-4dd3-9f62-ea5651103b49","NIWO_002.basePlot.vst","2016-08-31","vst_NIWO_2016","D13","NIWO","NIWO_002",,"NEON.PLA.D13.NIWO.01101","ok","small tree","Live",6.0,130,4.8,,,,,,,,,,,,,"hh6ebSg6u9QT5P7fcmrL3lHK7HHR+RXo","Xlq171H9ZZZ5J3ckp1BdAB0lm0ecD5Q+","legacyData"
"89404675-8f8a-4b31-9747-a3d63dff345a","NIWO_002.basePlot.vst","2016-08-31","vst_NIWO_2016","D13","NIWO","NIWO_002",,"NEON.PLA.D13.NIWO.01075","ok","single bole tree","Live",14.5,130,12.9,,,,2.2,1.6,"Partially shaded",,,,,,,"hh6ebSg6u9QT5P7fcmrL3lHK7HHR+RXo","Xlq171H9ZZZ5J3ckp1BdAB0lm0ecD5Q+","legacyData"
"659932de-34e6-4a2c-9f53-61d2e136cb95","NIWO_002.basePlot.vst","2016-08-31","vst_NIWO_2016","D13","NIWO","NIWO_002",,"NEON.PLA.D13.NIWO.01066","ok","single bole tree","Live",20.0,130,10.2,,,,3.3,2.3,"Partially shaded",,,,,,,"hh6ebSg6u9QT5P7fcmrL3lHK7HHR+RXo","Xlq171H9ZZZ5J3ckp1BdAB0lm0ecD5Q+","legacyData"
"b31b0d67-f95d-4204-85d3-fbcbaf367be5","NIWO_002.basePlot.vst","2016-08-31","vst_NIWO_2016","D13","NIWO","NIWO_002",,"NEON.PLA.D13.NIWO.01103","ok","sapling","Live",,,1.0,,,,,,,,2.0,10,,,,"hh6ebSg6u9QT5P7fcmrL3lHK7HHR+RXo","Xlq171H9ZZZ5J3ckp1BdAB0lm0ecD5Q+","legacyData"
"271b3483-09df-4734-b9bd-f89555c54bb8","NIWO_002.basePlot.vst","2016-08-31","vst_NIWO_2016","D13","NIWO","NIWO_002",,"NEON.PLA.D13.NIWO.01052","ok","single bole tree","Live",17.7,130,10.0,,,,2.7,2.1,"Partially shaded",,,,,,,"hh6ebSg6u9QT5P7fcmrL3lHK7HHR+RXo","Xlq171H9ZZZ5J3ckp1BdAB0lm0ecD5Q+","legacyData"
"bbe44877-0a34-4cd4-858b-ef8b9dab35ec","NIWO_002.basePlot.vst","2016-08-31","vst_NIWO_2016","D13","NIWO","NIWO_002",,"NEON.PLA.D13.NIWO.01053","ok","multi-bole tree","Live",27.4,130,12.5,,,,4.7,3.0,"Partially shaded",,,,,,,"hh6ebSg6u9QT5P7fcmrL3lHK7HHR+RXo","Xlq171H9ZZZ5J3ckp1BdAB0lm0ecD5Q+","legacyData"
"dfd25123-4e04-4277-acb5-cfdd3e784880","NIWO_002.basePlot.vst","2016-08-31","vst_NIWO_2016","D13","NIWO","NIWO_002",,"NEON.PLA.D13.NIWO.01023","ok","single bole tree","Live",16.7,130,11.6,,,,3.4,2.0,"Partially shaded",,,,,,,"hh6ebSg6u9QT5P7fcmrL3lHK7HHR+RXo","Xlq171H9ZZZ5J3ckp1BdAB0lm0ecD5Q+","legacyData"
"e63daaae-752e-4689-a4dc-ef442da5c124","NIWO_002.basePlot.vst","2016-08-31","vst_NIWO_2016","D13","NIWO","NIWO_002",,"NEON.PLA.D13.NIWO.01059","ok","single bole tree","Live",24.5,130,12.9,,,,3.5,2.0,"Partially shaded",,,,,,,"hh6ebSg6u9QT5P7fcmrL3lHK7HHR+RXo","Xlq171H9ZZZ5J3ckp1BdAB0lm0ecD5Q+","legacyData"
"50fe99d2-0da8-45d3-bf03-60574099e30c","NIWO_002.basePlot.vst","2016-08-31","vst_NIWO_2016","D13","NIWO","NIWO_002",,"NEON.PLA.D13.NIWO.01079","ok","multi-bole tree","Live",17.0,130,11.8,,,,2.4,1.7,"Partially shaded",,,,,,,"hh6ebSg6u9QT5P7fcmrL3lHK7HHR+RXo","Xlq171H9ZZZ5J3ckp1BdAB0lm0ecD5Q+","legacyData"
"f407284c-f9e7-476b-b4c8-dceca5ad8b79","NIWO_002.basePlot.vst","2016-08-31","vst_NIWO_2016","D13","NIWO","NIWO_002",,"NEON.PLA.D13.NIWO.01057","ok","single bole tree","Live",16.0,130,9.7,,,,2.0,1.9,"Partially shaded",,,,,,,"hh6ebSg6u9QT5P7fcmrL3lHK7HHR+RXo","Xlq171H9ZZZ5J3ckp1BdAB0lm0ecD5Q+","legacyData"
"b4e3579e-5e6a-4ea0-a061-45ccfeb08433","NIWO_002.basePlot.vst","2016-08-31","vst_NIWO_2016","D13","NIWO","NIWO_002",,"NEON.PLA.D13.NIWO.01098","ok","single bole tree","Live",10.5,130,6.6,,,,2.1,1.9,"Mostly shaded",,,,,,,"hh6ebSg6u9QT5P7fcmrL3lHK7HHR+RXo","Xlq171H9ZZZ5J3ckp1BdAB0lm0ecD5Q+","legacyData"
"59f798cf-37a7-4287-92df-df36aac4ffa5","NIWO_002.basePlot.vst","2016-08-31","vst_NIWO_2016","D13","NIWO","NIWO_002",,"NEON.PLA.D13.NIWO.01073","ok","single bole tree","Live",15.0,130,8.0,,,,2.2,2.2,"Partially shaded",,,,,,,"hh6ebSg6u9QT5P7fcmrL3lHK7HHR+RXo","Xlq171H9ZZZ5J3ckp1BdAB0lm0ecD5Q+","legacyData"
"9fb57509-9daa-4869-8296-08696645a191","NIWO_002.basePlot.vst","2016-08-31","vst_NIWO_2016","D13","NIWO","NIWO_002",,"NEON.PLA.D13.NIWO.01094","ok","single bole tree","Live",18.9,130,12.5,,,,2.1,1.9,"Partially shaded",,,,,,,"hh6ebSg6u9QT5P7fcmrL3lHK7HHR+RXo","Xlq171H9ZZZ5J3ckp1BdAB0lm0ecD5Q+","legacyData"
"22dbabb8-4d1d-469f-ab4f-d2ff1d5f3a3f","NIWO_002.basePlot.vst","2016-08-31","vst_NIWO_2016","D13","NIWO","NIWO_002",,"NEON.PLA.D13.NIWO.01069","ok","single bole tree","Live",11.2,130,9.1,,,,1.4,1.3,"Partially shaded",,,,,,,"hh6ebSg6u9QT5P7fcmrL3lHK7HHR+RXo","Xlq171H9ZZZ5J3ckp1BdAB0lm0ecD5Q+","legacyData"
"a61dfa2f-4cb8-4eb0-8903-5f3716969ce5","NIWO_002.basePlot.vst","2016-08-31","vst_NIWO_2016","D13","NIWO","NIWO_002",,"NEON.PLA.D13.NIWO.01088","ok","single bole tree","Live, physically damaged",15.7,130,7.5,,,,2.7,2.5,"Partially shaded",,,,,,,"hh6ebSg6u9QT5P7fcmrL3lHK7HHR+RXo","Xlq171H9ZZZ5J3ckp1BdAB0lm0ecD5Q+","legacyData"
"a69104ff-efc4-4b1f-8ff2-b84627aa19eb","NIWO_002.basePlot.vst","2016-08-31","vst_NIWO_2016","D13","NIWO","NIWO_002",,"NEON.PLA.D13.NIWO.01070","ok","single bole tree","Live",17.8,130,10.7,,,,2.0,1.6,"Partially shaded",,,,,,,"hh6ebSg6u9QT5P7fcmrL3lHK7HHR+RXo","Xlq171H9ZZZ5J3ckp1BdAB0lm0ecD5Q+","legacyData"
"40fc118a-d784-4b68-a4dc-01f94160edf1","NIWO_002.basePlot.vst","2016-08-31","vst_NIWO_2016","D13","NIWO","NIWO_002",,"NEON.PLA.D13.NIWO.01083","ok","single bole tree","Live",21.0,130,11.0,,,,2.7,2.4,"Partially shaded",,,,,,,"hh6ebSg6u9QT5P7fcmrL3lHK7HHR+RXo","Xlq171H9ZZZ5J3ckp1BdAB0lm0ecD5Q+","legacyData"
"f8a40a05-5e4f-45d2-8a70-30a9816a90ed","NIWO_002.basePlot.vst","2016-08-31","vst_NIWO_2016","D13","NIWO","NIWO_002",,"NEON.PLA.D13.NIWO.01047","ok","single bole tree","Live",15.3,130,7.3,,,,2.7,1.8,"Partially shaded",,,,,,,"hh6ebSg6u9QT5P7fcmrL3lHK7HHR+RXo","Xlq171H9ZZZ5J3ckp1BdAB0lm0ecD5Q+","legacyData"
"1405fb61-22ca-4991-ae72-dfc5d2781a30","NIWO_002.basePlot.vst","2016-08-31","vst_NIWO_2016","D13","NIWO","NIWO_002",,"NEON.PLA.D13.NIWO.01041","ok","single bole tree","Live",18.4,130,10.5,,,,2.5,1.6,"Partially shaded",,,,,,,"hh6ebSg6u9QT5P7fcmrL3lHK7HHR+RXo","Xlq171H9ZZZ5J3ckp1BdAB0lm0ecD5Q+","legacyData"
"920b2e15-7b3e-400b-b8a0-fd2173b65e4a","NIWO_002.basePlot.vst","2016-08-31","vst_NIWO_2016","D13","NIWO","NIWO_002",,"NEON.PLA.D13.NIWO.01089","ok","single bole tree","Live",17.4,130,13.5,,,,3.2,2.6,"Partially shaded",,,,,,,"hh6ebSg6u9QT5P7fcmrL3lHK7HHR+RXo","Xlq171H9ZZZ5J3ckp1BdAB0lm0ecD5Q+","legacyData"
"dafd19c4-e136-44f7-a1af-b15e74352412","NIWO_002.basePlot.vst","2016-08-31","vst_NIWO_2016","D13","NIWO","NIWO_002",,"NEON.PLA.D13.NIWO.01099","ok","single bole tree","Standing dead",12.3,130,4.7,,,,2.6,2.5,"Mostly shaded",,,,,,,"hh6ebSg6u9QT5P7fcmrL3lHK7HHR+RXo","Xlq171H9ZZZ5J3ckp1BdAB0lm0ecD5Q+","legacyData"
"74ef445e-d7ff-457a-a319-4f954227d9f3","NIWO_002.basePlot.vst","2016-08-31","vst_NIWO_2016","D13","NIWO","NIWO_002",,"NEON.PLA.D13.NIWO.01081","ok","single bole tree","Live",18.5,130,12.4,,,,2.3,1.8,"Partially shaded",,,,,,,"hh6ebSg6u9QT5P7fcmrL3lHK7HHR+RXo","Xlq171H9ZZZ5J3ckp1BdAB0lm0ecD5Q+","legacyData"
"b295b271-6559-48c8-b4b3-dc6409a7f051","NIWO_002.basePlot.vst","2016-08-31","vst_NIWO_2016","D13","NIWO","NIWO_002",,"NEON.PLA.D13.NIWO.01044","ok","multi-bole tree","Live",26.6,130,10.7,,,,4.7,2.7,"Partially shaded",,,,,,,"hh6ebSg6u9QT5P7fcmrL3lHK7HHR+RXo","Xlq171H9ZZZ5J3ckp1BdAB0lm0ecD5Q+","legacyData"
"917eacc4-0dc5-4d48-ab83-6b04d351f762","NIWO_002.basePlot.vst","2016-08-31","vst_NIWO_2016","D13","NIWO","NIWO_002",,"NEON.PLA.D13.NIWO.01056","ok","single bole tree","Live",21.5,130,9.3,,,,6.0,3.8,"Partially shaded",,,,,,,"hh6ebSg6u9QT5P7fcmrL3lHK7HHR+RXo","Xlq171H9ZZZ5J3ckp1BdAB0lm0ecD5Q+","legacyData"
"b050fce4-334f-482f-8ec1-9a51738bd5dd","NIWO_002.basePlot.vst","2016-08-31","vst_NIWO_2016","D13","NIWO","NIWO_002",,"NEON.PLA.D13.NIWO.01112","ok","small shrub","Live",,,0.5,,,,0.8,0.5,,"oblate half-sphere",1.1,10,,,,"hh6ebSg6u9QT5P7fcmrL3lHK7HHR+RXo","Xlq171H9ZZZ5J3ckp1BdAB0lm0ecD5Q+","legacyData"
"3c3201a3-1656-4ad4-9b91-0587ba5099ad","NIWO_002.basePlot.vst","2016-08-31","vst_NIWO_2016","D13","NIWO","NIWO_002",,"NEON.PLA.D13.NIWO.01118","ok","small shrub","Live",,,0.2,,,,1.2,0.9,,"oblate half-sphere",1.7,10,,,,"hh6ebSg6u9QT5P7fcmrL3lHK7HHR+RXo","Xlq171H9ZZZ5J3ckp1BdAB0lm0ecD5Q+","legacyData"
"ce81bc6c-5a30-44df-91da-45371cd143c3","NIWO_002.basePlot.vst","2016-08-31","vst_NIWO_2016","D13","NIWO","NIWO_002",,"NEON.PLA.D13.NIWO.01105","ok","sapling","Live",,,1.4,,,,,,,,1.1,10,,,,"hh6ebSg6u9QT5P7fcmrL3lHK7HHR+RXo","Xlq171H9ZZZ5J3ckp1BdAB0lm0ecD5Q+","legacyData"
"4ccda7ae-c183-430f-bf1f-09780afba449","NIWO_002.basePlot.vst","2016-08-31","vst_NIWO_2016","D13","NIWO","NIWO_002",,"NEON.PLA.D13.NIWO.01025","ok","single bole tree","Live",19.3,130,9.6,,,,2.6,0.9,"Full sun",,,,,,,"hh6ebSg6u9QT5P7fcmrL3lHK7HHR+RXo","Xlq171H9ZZZ5J3ckp1BdAB0lm0ecD5Q+","legacyData"
"f7bfcad3-1a58-4c62-8f51-b6a77df9edb9","NIWO_002.basePlot.vst","2016-08-31","vst_NIWO_2016","D13","NIWO","NIWO_002",,"NEON.PLA.D13.NIWO.01107","ok","small tree","Live",6.0,130,3.9,,,,,,,,,,,,,"hh6ebSg6u9QT5P7fcmrL3lHK7HHR+RXo","Xlq171H9ZZZ5J3ckp1BdAB0lm0ecD5Q+","legacyData"
"622da5ae-a93e-4ed1-8672-5915e14ceba1","NIWO_002.basePlot.vst","2016-08-31","vst_NIWO_2016","D13","NIWO","NIWO_002",,"NEON.PLA.D13.NIWO.01113","ok","small tree","Live",6.5,130,3.5,,,,,,,,,,,,,"hh6ebSg6u9QT5P7fcmrL3lHK7HHR+RXo","Xlq171H9ZZZ5J3ckp1BdAB0lm0ecD5Q+","legacyData"
"9031069c-2041-451c-8a3e-8a716c6127ac","NIWO_002.basePlot.vst","2016-08-31","vst_NIWO_2016","D13","NIWO","NIWO_002",,"NEON.PLA.D13.NIWO.01122","ok","small tree","Live",6.0,130,4.1,,,,,,,,,,,,,"hh6ebSg6u9QT5P7fcmrL3lHK7HHR+RXo","Xlq171H9ZZZ5J3ckp1BdAB0lm0ecD5Q+","legacyData"
"823932bd-bf1e-4e37-b497-2353683af6d4","NIWO_002.basePlot.vst","2016-08-31","vst_NIWO_2016","D13","NIWO","NIWO_002",,"NEON.PLA.D13.NIWO.01050","ok","multi-bole tree","Live",18.0,130,9.5,,,,4.4,3.8,"Partially shaded",,,,,,,"hh6ebSg6u9QT5P7fcmrL3lHK7HHR+RXo","Xlq171H9ZZZ5J3ckp1BdAB0lm0ecD5Q+","legacyData"
"12aff51b-53db-4743-b63f-acc73a5179a7","NIWO_002.basePlot.vst","2016-08-31","vst_NIWO_2016","D13","NIWO","NIWO_002",,"NEON.PLA.D13.NIWO.01110","ok","small shrub","Standing dead",,,0.5,,,,0.6,0.2,,"half-sphere",5.0,10,,,,"hh6ebSg6u9QT5P7fcmrL3lHK7HHR+RXo","Xlq171H9ZZZ5J3ckp1BdAB0lm0ecD5Q+","legacyData"
"62c2e4fb-e3eb-4fc8-82d1-47034f791feb","NIWO_002.basePlot.vst","2016-08-31","vst_NIWO_2016","D13","NIWO","NIWO_002",,"NEON.PLA.D13.NIWO.01061","ok","single bole tree","Live",23.0,130,10.8,,,,2.9,2.0,"Partially shaded",,,,,,,"hh6ebSg6u9QT5P7fcmrL3lHK7HHR+RXo","Xlq171H9ZZZ5J3ckp1BdAB0lm0ecD5Q+","legacyData"
"507b6872-ba54-4ba3-b08e-14b0f6339806","NIWO_002.basePlot.vst","2016-08-31","vst_NIWO_2016","D13","NIWO","NIWO_002",,"NEON.PLA.D13.NIWO.01046","ok","single bole tree","Standing dead",10.4,130,4.8,,,,2.0,0.5,"Mostly shaded",,,,,,,"hh6ebSg6u9QT5P7fcmrL3lHK7HHR+RXo","Xlq171H9ZZZ5J3ckp1BdAB0lm0ecD5Q+","legacyData"
"cfde7d13-7f52-4f1b-8fcc-7f54e801a5c0","NIWO_002.basePlot.vst","2016-08-31","vst_NIWO_2016","D13","NIWO","NIWO_002",,"NEON.PLA.D13.NIWO.01063","ok","single bole tree","Live",20.0,130,11.8,,,,2.7,2.3,"Partially shaded",,,,,,,"hh6ebSg6u9QT5P7fcmrL3lHK7HHR+RXo","Xlq171H9ZZZ5J3ckp1BdAB0lm0ecD5Q+","legacyData"
"704d4984-b16f-4733-9f14-e3f4d3a5976a","NIWO_002.basePlot.vst","2016-08-31","vst_NIWO_2016","D13","NIWO","NIWO_002",,"NEON.PLA.D13.NIWO.01050A","ok","multi-bole tree","Live",17.1,130,9.5,,,,4.4,3.8,"Partially shaded",,,,,,,"hh6ebSg6u9QT5P7fcmrL3lHK7HHR+RXo","Xlq171H9ZZZ5J3ckp1BdAB0lm0ecD5Q+","legacyData"
"5ea38296-04fa-4fc9-8834-01159ef680a1","NIWO_002.basePlot.vst","2016-08-31","vst_NIWO_2016","D13","NIWO","NIWO_002",,"NEON.PLA.D13.NIWO.01095","ok","single bole tree","Live",21.0,130,12.6,,,,3.4,2.5,"Partially shaded",,,,,,,"hh6ebSg6u9QT5P7fcmrL3lHK7HHR+RXo","Xlq171H9ZZZ5J3ckp1BdAB0lm0ecD5Q+","legacyData"
"f310a799-aaae-4f2e-8238-e38ec633eaaa","NIWO_002.basePlot.vst","2016-08-31","vst_NIWO_2016","D13","NIWO","NIWO_002",,"NEON.PLA.D13.NIWO.01110","ok","small shrub","Standing dead",,,0.5,,,,0.6,0.2,,"half-sphere",2.1,10,,,,"hh6ebSg6u9QT5P7fcmrL3lHK7HHR+RXo","Xlq171H9ZZZ5J3ckp1BdAB0lm0ecD5Q+","legacyData"
"6dc7bae8-1aa9-41be-9e95-8bf2ebe190ca","NIWO_002.basePlot.vst","2016-08-31","vst_NIWO_2016","D13","NIWO","NIWO_002",,"NEON.PLA.D13.NIWO.01076","ok","single bole tree","Live",18.2,130,12.7,,,,2.7,2.3,"Partially shaded",,,,,,,"hh6ebSg6u9QT5P7fcmrL3lHK7HHR+RXo","Xlq171H9ZZZ5J3ckp1BdAB0lm0ecD5Q+","legacyData"
"b1c1a528-b6de-4b18-ba4e-6baf17eff6c8","NIWO_002.basePlot.vst","2016-08-31","vst_NIWO_2016","D13","NIWO","NIWO_002",,"NEON.PLA.D13.NIWO.01126","ok","small tree","Standing dead",5.4,130,2.7,,,,,,,,,,,,,"hh6ebSg6u9QT5P7fcmrL3lHK7HHR+RXo","Xlq171H9ZZZ5J3ckp1BdAB0lm0ecD5Q+","legacyData"
"3644ba5c-e6db-40bd-860e-90f540ec6932","NIWO_002.basePlot.vst","2016-08-31","vst_NIWO_2016","D13","NIWO","NIWO_002",,"NEON.PLA.D13.NIWO.01102","ok","small tree","Live",6.8,130,4.2,,,,,,,,,,,,,"hh6ebSg6u9QT5P7fcmrL3lHK7HHR+RXo","Xlq171H9ZZZ5J3ckp1BdAB0lm0ecD5Q+","legacyData"
"6a3a4a26-3e7c-40de-a792-ac6f6b7edeec","NIWO_002.basePlot.vst","2016-08-31","vst_NIWO_2016","D13","NIWO","NIWO_002",,"NEON.PLA.D13.NIWO.01112","ok","small shrub","Live",,,0.5,,,,0.8,0.5,,"oblate half-sphere",1.4,10,,,,"hh6ebSg6u9QT5P7fcmrL3lHK7HHR+RXo","Xlq171H9ZZZ5J3ckp1BdAB0lm0ecD5Q+","legacyData"
"df65c874-3fd6-4d56-8e69-864a0a6148e5","NIWO_002.basePlot.vst","2016-08-31","vst_NIWO_2016","D13","NIWO","NIWO_002",,"NEON.PLA.D13.NIWO.01082","ok","single bole tree","Live",15.9,130,11.0,,,,2.1,1.5,"Partially shaded",,,,,,,"hh6ebSg6u9QT5P7fcmrL3lHK7HHR+RXo","Xlq171H9ZZZ5J3ckp1BdAB0lm0ecD5Q+","legacyData"
"18c9d264-959f-4ee8-a438-1d7056d662f2","NIWO_002.basePlot.vst","2016-08-31","vst_NIWO_2016","D13","NIWO","NIWO_002",,"NEON.PLA.D13.NIWO.01111","ok","small tree","Live",2.7,130,2.0,,,,,,,,,,,,,"hh6ebSg6u9QT5P7fcmrL3lHK7HHR+RXo","Xlq171H9ZZZ5J3ckp1BdAB0lm0ecD5Q+","legacyData"
"f838ba43-aff5-4888-aa4a-4c5402285c01","NIWO_002.basePlot.vst","2016-08-31","vst_NIWO_2016","D13","NIWO","NIWO_002",,"NEON.PLA.D13.NIWO.01026","ok","single bole tree","Live",19.8,130,10.1,,,,2.9,2.7,"Partially shaded",,,,,,,"hh6ebSg6u9QT5P7fcmrL3lHK7HHR+RXo","Xlq171H9ZZZ5J3ckp1BdAB0lm0ecD5Q+","legacyData"
"ce4ab5c0-f4f5-45f0-b362-59099f01da2f","NIWO_002.basePlot.vst","2016-08-31","vst_NIWO_2016","D13","NIWO","NIWO_002",,"NEON.PLA.D13.NIWO.01067","ok","single bole tree","Live",17.5,130,11.1,,,,2.1,1.9,"Partially shaded",,,,,,,"hh6ebSg6u9QT5P7fcmrL3lHK7HHR+RXo","Xlq171H9ZZZ5J3ckp1BdAB0lm0ecD5Q+","legacyData"
"a2c6ff27-9c04-41ab-89b8-605b4158eceb","NIWO_002.basePlot.vst","2016-08-31","vst_NIWO_2016","D13","NIWO","NIWO_002",,"NEON.PLA.D13.NIWO.01048","ok","single bole tree","Live",20.9,130,9.9,,,,2.6,2.0,"Partially shaded",,,,,,,"hh6ebSg6u9QT5P7fcmrL3lHK7HHR+RXo","Xlq171H9ZZZ5J3ckp1BdAB0lm0ecD5Q+","legacyData"
"93b62aed-6dfa-4783-9872-271e51ad0bfd","NIWO_002.basePlot.vst","2016-08-31","vst_NIWO_2016","D13","NIWO","NIWO_002",,"NEON.PLA.D13.NIWO.01058","ok","single bole tree","Live",20.0,130,12.1,,,,2.7,2.2,"Partially shaded",,,,,,,"hh6ebSg6u9QT5P7fcmrL3lHK7HHR+RXo","Xlq171H9ZZZ5J3ckp1BdAB0lm0ecD5Q+","legacyData"
"8552fe5a-3a2a-41c0-a548-b53a98dc3c79","NIWO_002.basePlot.vst","2016-08-31","vst_NIWO_2016","D13","NIWO","NIWO_002",,"NEON.PLA.D13.NIWO.01077","ok","single bole tree","Live",21.2,130,12.4,,,,2.7,2.2,"Partially shaded",,,,,,,"hh6ebSg6u9QT5P7fcmrL3lHK7HHR+RXo","Xlq171H9ZZZ5J3ckp1BdAB0lm0ecD5Q+","legacyData"
"3b234f3c-d6e0-4fab-a125-3be0bf51b1b6","NIWO_002.basePlot.vst","2016-08-31","vst_NIWO_2016","D13","NIWO","NIWO_002",,"NEON.PLA.D13.NIWO.01125","ok","single shrub","Standing dead",4.7,130,2.6,,,,1.3,0.5,,"cylinder",9.0,10,,,,"hh6ebSg6u9QT5P7fcmrL3lHK7HHR+RXo","Xlq171H9ZZZ5J3ckp1BdAB0lm0ecD5Q+","legacyData"
"bd4ae3b8-225f-4638-bdd9-85ba9c659d69","NIWO_002.basePlot.vst","2016-08-31","vst_NIWO_2016","D13","NIWO","NIWO_002",,"NEON.PLA.D13.NIWO.01123","ok","small tree","Live",7.8,130,6.0,,,,,,,,,,,,,"hh6ebSg6u9QT5P7fcmrL3lHK7HHR+RXo","Xlq171H9ZZZ5J3ckp1BdAB0lm0ecD5Q+","legacyData"
"a428d006-9525-4816-8b9c-a810d586c748","NIWO_002.basePlot.vst","2016-08-31","vst_NIWO_2016","D13","NIWO","NIWO_002",,"NEON.PLA.D13.NIWO.01093","ok","single bole tree","Live",20.4,130,13.1,,,,2.5,1.8,"Partially shaded",,,,,,,"hh6ebSg6u9QT5P7fcmrL3lHK7HHR+RXo","Xlq171H9ZZZ5J3ckp1BdAB0lm0ecD5Q+","legacyData"
"48bb9264-2ce9-4754-be06-b79305b79788","NIWO_002.basePlot.vst","2016-08-31","vst_NIWO_2016","D13","NIWO","NIWO_002",,"NEON.PLA.D13.NIWO.01049","ok","single bole tree","Live",21.2,130,13.6,,,,3.6,2.8,"Partially shaded",,,,,,,"hh6ebSg6u9QT5P7fcmrL3lHK7HHR+RXo","Xlq171H9ZZZ5J3ckp1BdAB0lm0ecD5Q+","legacyData"
"a75168d9-8f65-47a9-8575-c5fd9e002e81","NIWO_002.basePlot.vst","2016-08-31","vst_NIWO_2016","D13","NIWO","NIWO_002",,"NEON.PLA.D13.NIWO.01074","ok","single bole tree","Live",19.3,130,10.7,,,,2.9,2.2,"Partially shaded",,,,,,,"hh6ebSg6u9QT5P7fcmrL3lHK7HHR+RXo","Xlq171H9ZZZ5J3ckp1BdAB0lm0ecD5Q+","legacyData"
"da7937da-bceb-479b-b43b-fa28314833ad","NIWO_002.basePlot.vst","2016-08-31","vst_NIWO_2016","D13","NIWO","NIWO_002",,"NEON.PLA.D13.NIWO.01053A","ok","multi-bole tree","Live",14.1,130,12.5,,,,4.7,3.0,"Partially shaded",,,,,,,"hh6ebSg6u9QT5P7fcmrL3lHK7HHR+RXo","Xlq171H9ZZZ5J3ckp1BdAB0lm0ecD5Q+","legacyData"
"4c28816c-dae2-4e5f-8ef7-3bdf3f5d98aa","NIWO_002.basePlot.vst","2016-08-31","vst_NIWO_2016","D13","NIWO","NIWO_002",,"NEON.PLA.D13.NIWO.01062","ok","single bole tree","Live",22.5,130,11.5,,,,3.7,3.6,"Full sun",,,,,,,"hh6ebSg6u9QT5P7fcmrL3lHK7HHR+RXo","Xlq171H9ZZZ5J3ckp1BdAB0lm0ecD5Q+","legacyData"
"b5a10cb4-28bb-4b49-a097-19153fd386bf","NIWO_002.basePlot.vst","2016-08-31","vst_NIWO_2016","D13","NIWO","NIWO_002",,"NEON.PLA.D13.NIWO.01109","ok","small tree","Live",9.0,130,4.5,,,,,,,,,,,,,"hh6ebSg6u9QT5P7fcmrL3lHK7HHR+RXo","Xlq171H9ZZZ5J3ckp1BdAB0lm0ecD5Q+","legacyData"
"331d653a-f4fe-42be-b3c3-5434fbefd9b7","NIWO_002.basePlot.vst","2016-08-31","vst_NIWO_2016","D13","NIWO","NIWO_002",,"NEON.PLA.D13.NIWO.01084","ok","single bole tree","Live",20.7,130,11.1,,,,4.3,3.7,"Partially shaded",,,,,,,"hh6ebSg6u9QT5P7fcmrL3lHK7HHR+RXo","Xlq171H9ZZZ5J3ckp1BdAB0lm0ecD5Q+","legacyData"
"657abe25-fcae-4186-bff9-40272100f0b9","NIWO_002.basePlot.vst","2016-08-31","vst_NIWO_2016","D13","NIWO","NIWO_002",,"NEON.PLA.D13.NIWO.01104","ok","sapling","Live",,,0.4,,,,,,,,1.1,10,,,,"hh6ebSg6u9QT5P7fcmrL3lHK7HHR+RXo","Xlq171H9ZZZ5J3ckp1BdAB0lm0ecD5Q+","legacyData"
"b975db81-2477-43d8-afba-120db7207856","NIWO_002.basePlot.vst","2016-08-31","vst_NIWO_2016","D13","NIWO","NIWO_002",,"NEON.PLA.D13.NIWO.01121","ok","small tree","Live",7.9,130,9.6,,,,,,,,,,,,,"hh6ebSg6u9QT5P7fcmrL3lHK7HHR+RXo","Xlq171H9ZZZ5J3ckp1BdAB0lm0ecD5Q+","legacyData"
"36abc55d-dc3c-42e2-afe8-92fa819e68c1","NIWO_002.basePlot.vst","2016-08-31","vst_NIWO_2016","D13","NIWO","NIWO_002",,"NEON.PLA.D13.NIWO.01065","ok","single bole tree","Live",12.0,130,8.9,,,,1.6,1.1,"Mostly shaded",,,,,,,"hh6ebSg6u9QT5P7fcmrL3lHK7HHR+RXo","Xlq171H9ZZZ5J3ckp1BdAB0lm0ecD5Q+","legacyData"
"39d124fe-b5e4-4651-80fd-61805d547996","NIWO_002.basePlot.vst","2016-08-31","vst_NIWO_2016","D13","NIWO","NIWO_002",,"NEON.PLA.D13.NIWO.01086","ok","single bole tree","Live",20.1,130,13.6,,,,2.6,2.3,"Partially shaded",,,,,,,"hh6ebSg6u9QT5P7fcmrL3lHK7HHR+RXo","Xlq171H9ZZZ5J3ckp1BdAB0lm0ecD5Q+","legacyData"
"c5fec25a-cb94-41de-ba5a-66906c21d0d0","NIWO_002.basePlot.vst","2016-08-31","vst_NIWO_2016","D13","NIWO","NIWO_002",,"NEON.PLA.D13.NIWO.01117","ok","small shrub","Live, disease damaged",,,0.2,,,,0.9,0.4,,"oblate half-sphere",1.6,10,,,,"hh6ebSg6u9QT5P7fcmrL3lHK7HHR+RXo","Xlq171H9ZZZ5J3ckp1BdAB0lm0ecD5Q+","legacyData"
"cab19909-49a6-4a95-b3fe-36bc79cdcf54","NIWO_002.basePlot.vst","2016-08-31","vst_NIWO_2016","D13","NIWO","NIWO_002",,"NEON.PLA.D13.NIWO.01108","ok","small tree","Live",4.6,130,3.1,,,,,,,,,,,,,"hh6ebSg6u9QT5P7fcmrL3lHK7HHR+RXo","Xlq171H9ZZZ5J3ckp1BdAB0lm0ecD5Q+","legacyData"
"7bc7c16e-e996-4cb9-b14c-35fe0c2befed","NIWO_002.basePlot.vst","2016-08-31","vst_NIWO_2016","D13","NIWO","NIWO_002",,"NEON.PLA.D13.NIWO.01024","ok","single bole tree","Live",16.3,130,11.4,,,,1.7,1.3,"Partially shaded",,,,,,,"hh6ebSg6u9QT5P7fcmrL3lHK7HHR+RXo","Xlq171H9ZZZ5J3ckp1BdAB0lm0ecD5Q+","legacyData"
"2bcd2301-ff08-41f6-81d1-e0f672062816","NIWO_002.basePlot.vst","2016-08-31","vst_NIWO_2016","D13","NIWO","NIWO_002",,"NEON.PLA.D13.NIWO.01119","ok","small tree","Standing dead",1.4,130,1.8,,,,,,,,,,,,,"hh6ebSg6u9QT5P7fcmrL3lHK7HHR+RXo","Xlq171H9ZZZ5J3ckp1BdAB0lm0ecD5Q+","legacyData"
"83bb94de-60d7-4b7e-a1b7-839fef2d2130","NIWO_002.basePlot.vst","2016-08-31","vst_NIWO_2016","D13","NIWO","NIWO_002",,"NEON.PLA.D13.NIWO.01120","ok","small tree","Live",9.2,130,6.0,,,,,,,,,,,,,"hh6ebSg6u9QT5P7fcmrL3lHK7HHR+RXo","Xlq171H9ZZZ5J3ckp1BdAB0lm0ecD5Q+","legacyData"
"8cd73167-e279-4879-a972-b995ab60bce8","NIWO_002.basePlot.vst","2016-08-31","vst_NIWO_2016","D13","NIWO","NIWO_002",,"NEON.PLA.D13.NIWO.01114","ok","small tree","Live, physically damaged",8.3,130,2.4,,,,,,,,,,,,,"hh6ebSg6u9QT5P7fcmrL3lHK7HHR+RXo","Xlq171H9ZZZ5J3ckp1BdAB0lm0ecD5Q+","legacyData"
"f6f491cc-4b92-4aec-b238-3a902e5e1ec5","NIWO_002.basePlot.vst","2016-08-31","vst_NIWO_2016","D13","NIWO","NIWO_002",,"NEON.PLA.D13.NIWO.01042","ok","single bole tree","Live",26.0,130,12.9,,,,4.0,4.0,"Full sun",,,,,,,"hh6ebSg6u9QT5P7fcmrL3lHK7HHR+RXo","Xlq171H9ZZZ5J3ckp1BdAB0lm0ecD5Q+","legacyData"
"ccc62893-a6e2-4dad-b53b-565dc8f7833e","NIWO_002.basePlot.vst","2016-08-31","vst_NIWO_2016","D13","NIWO","NIWO_002",,"NEON.PLA.D13.NIWO.01054","ok","single bole tree","Live",20.7,130,10.9,,,,4.6,3.4,"Partially shaded",,,,,,,"hh6ebSg6u9QT5P7fcmrL3lHK7HHR+RXo","Xlq171H9ZZZ5J3ckp1BdAB0lm0ecD5Q+","legacyData"
"d8e7cc22-caed-42a2-8a2a-a7913aa81727","NIWO_002.basePlot.vst","2016-08-31","vst_NIWO_2016","D13","NIWO","NIWO_002",,"NEON.PLA.D13.NIWO.01100","ok","single bole tree","Live",20.2,130,12.1,,,,4.1,2.9,"Partially shaded",,,,,,,"hh6ebSg6u9QT5P7fcmrL3lHK7HHR+RXo","Xlq171H9ZZZ5J3ckp1BdAB0lm0ecD5Q+","legacyData"
"dc5f307d-d84e-4bb2-a251-92ec70f4dfd0","NIWO_002.basePlot.vst","2016-08-31","vst_NIWO_2016","D13","NIWO","NIWO_002",,"NEON.PLA.D13.NIWO.01090","ok","single bole tree","Live",17.4,130,12.3,,,,2.3,2.2,"Partially shaded",,,,,,,"hh6ebSg6u9QT5P7fcmrL3lHK7HHR+RXo","Xlq171H9ZZZ5J3ckp1BdAB0lm0ecD5Q+","legacyData"
"3f10be0d-5dcc-49ab-ab89-fa63433bbc76","NIWO_002.basePlot.vst","2016-08-31","vst_NIWO_2016","D13","NIWO","NIWO_002",,"NEON.PLA.D13.NIWO.01091","ok","single bole tree","Live",21.2,130,12.1,,,,2.9,2.7,"Partially shaded",,,,,,,"hh6ebSg6u9QT5P7fcmrL3lHK7HHR+RXo","Xlq171H9ZZZ5J3ckp1BdAB0lm0ecD5Q+","legacyData"
"80d13fa4-eade-44ad-a56e-dae7f5f8deab","NIWO_002.basePlot.vst","2016-08-31","vst_NIWO_2016","D13","NIWO","NIWO_002",,"NEON.PLA.D13.NIWO.01085","ok","single bole tree","Live",20.6,130,12.2,,,,4.0,2.7,"Partially shaded",,,,,,,"hh6ebSg6u9QT5P7fcmrL3lHK7HHR+RXo","Xlq171H9ZZZ5J3ckp1BdAB0lm0ecD5Q+","legacyData"
"48f366d3-eaa5-4a7e-813b-732e8c389f65","NIWO_002.basePlot.vst","2016-08-31","vst_NIWO_2016","D13","NIWO","NIWO_002",,"NEON.PLA.D13.NIWO.01060","ok","multi-bole tree","Live",20.5,130,10.7,,,,3.3,2.7,"Partially shaded",,,,,,,"hh6ebSg6u9QT5P7fcmrL3lHK7HHR+RXo","Xlq171H9ZZZ5J3ckp1BdAB0lm0ecD5Q+","legacyData"
"a89c4250-021f-4761-b971-b1f5b5ff85b2","NIWO_002.basePlot.vst","2016-08-31","vst_NIWO_2016","D13","NIWO","NIWO_002",,"NEON.PLA.D13.NIWO.01045","ok","single bole tree","Live",21.9,130,9.8,,,,4.1,2.7,"Partially shaded",,,,,,,"hh6ebSg6u9QT5P7fcmrL3lHK7HHR+RXo","Xlq171H9ZZZ5J3ckp1BdAB0lm0ecD5Q+","legacyData"
"d4f5ab2f-09d5-4e3c-afb9-6ade6455347d","NIWO_002.basePlot.vst","2016-08-31","vst_NIWO_2016","D13","NIWO","NIWO_002",,"NEON.PLA.D13.NIWO.01116","ok","small tree","Live",6.6,130,4.5,,,,,,,,,,,,,"hh6ebSg6u9QT5P7fcmrL3lHK7HHR+RXo","Xlq171H9ZZZ5J3ckp1BdAB0lm0ecD5Q+","legacyData"
"213e9899-9b52-4d19-a070-e8bdb8db4a79","NIWO_002.basePlot.vst","2016-08-31","vst_NIWO_2016","D13","NIWO","NIWO_002",,"NEON.PLA.D13.NIWO.01068","ok","single bole tree","Live",12.2,130,10.1,,,,1.9,1.7,"Partially shaded",,,,,,,"hh6ebSg6u9QT5P7fcmrL3lHK7HHR+RXo","Xlq171H9ZZZ5J3ckp1BdAB0lm0ecD5Q+","legacyData"
"5a34c208-fd44-4765-95c9-3c445f5f4422","NIWO_002.basePlot.vst","2016-08-31","vst_NIWO_2016","D13","NIWO","NIWO_002",,"NEON.PLA.D13.NIWO.01051","ok","single bole tree","Live",17.1,130,10.7,,,,2.3,1.9,"Partially shaded",,,,,,,"hh6ebSg6u9QT5P7fcmrL3lHK7HHR+RXo","Xlq171H9ZZZ5J3ckp1BdAB0lm0ecD5Q+","legacyData"
"d0db994c-ac1d-42eb-8dd7-e46fb7787571","NIWO_002.basePlot.vst","2016-08-31","vst_NIWO_2016","D13","NIWO","NIWO_002",,"NEON.PLA.D13.NIWO.01019","ok","single bole tree","Live",13.2,130,3.7,,,,2.5,2.3,"Mostly shaded",,,,,,,"hh6ebSg6u9QT5P7fcmrL3lHK7HHR+RXo","Xlq171H9ZZZ5J3ckp1BdAB0lm0ecD5Q+","legacyData"
"c04a4ace-4825-441b-9f18-e32af625b77d","NIWO_002.basePlot.vst","2016-08-31","vst_NIWO_2016","D13","NIWO","NIWO_002",,"NEON.PLA.D13.NIWO.01044A","ok","multi-bole tree","Live",11.8,130,10.7,,,,4.7,2.7,"Partially shaded",,,,,,,"hh6ebSg6u9QT5P7fcmrL3lHK7HHR+RXo","Xlq171H9ZZZ5J3ckp1BdAB0lm0ecD5Q+","legacyData"
"ebdf8444-5e6f-4dc4-af71-903ee988a94f","NIWO_002.basePlot.vst","2016-08-31","vst_NIWO_2016","D13","NIWO","NIWO_002",,"NEON.PLA.D13.NIWO.01055","ok","single bole tree","Live",17.6,130,10.7,,,,2.9,2.4,"Partially shaded",,,,,,,"hh6ebSg6u9QT5P7fcmrL3lHK7HHR+RXo","Xlq171H9ZZZ5J3ckp1BdAB0lm0ecD5Q+","legacyData"
"95f814fd-9dd5-49d4-a2d9-f803fe9688e5","NIWO_002.basePlot.vst","2016-08-31","vst_NIWO_2016","D13","NIWO","NIWO_002",,"NEON.PLA.D13.NIWO.01106","ok","sapling","Live",,,0.5,,,,,,,,1.1,10,,,,"hh6ebSg6u9QT5P7fcmrL3lHK7HHR+RXo","Xlq171H9ZZZ5J3ckp1BdAB0lm0ecD5Q+","legacyData"
"b5ad09f9-3029-425a-8136-689df11b29a8","NIWO_002.basePlot.vst","2016-08-31","vst_NIWO_2016","D13","NIWO","NIWO_002",,"NEON.PLA.D13.NIWO.01115","ok","small tree","Standing dead",1.1,130,1.3,,,,,,,,,,,,,"hh6ebSg6u9QT5P7fcmrL3lHK7HHR+RXo","Xlq171H9ZZZ5J3ckp1BdAB0lm0ecD5Q+","legacyData"
"09fd1517-48fa-4720-9d4e-dbf30e202440","NIWO_002.basePlot.vst","2016-08-31","vst_NIWO_2016","D13","NIWO","NIWO_002",,"NEON.PLA.D13.NIWO.01092","ok","single bole tree","Live",21.5,130,10.2,,,,2.8,2.6,"Partially shaded",,,,,,,"hh6ebSg6u9QT5P7fcmrL3lHK7HHR+RXo","Xlq171H9ZZZ5J3ckp1BdAB0lm0ecD5Q+","legacyData"
"cd7b32d5-8a74-45c7-a6bf-a66980c5ff85","NIWO_002.basePlot.vst","2016-08-31","vst_NIWO_2016","D13","NIWO","NIWO_002",,"NEON.PLA.D13.NIWO.01078","ok","single bole tree","Live",19.1,130,12.1,,,,1.9,1.5,"Partially shaded",,,,,,,"hh6ebSg6u9QT5P7fcmrL3lHK7HHR+RXo","Xlq171H9ZZZ5J3ckp1BdAB0lm0ecD5Q+","legacyData"
"6d296836-8615-4af9-afe5-721495f77cc4","NIWO_002.basePlot.vst","2016-08-31","vst_NIWO_2016","D13","NIWO","NIWO_002",,"NEON.PLA.D13.NIWO.01071","ok","single bole tree","Live",19.5,130,12.5,,,,2.4,2.2,"Full sun",,,,,,,"hh6ebSg6u9QT5P7fcmrL3lHK7HHR+RXo","Xlq171H9ZZZ5J3ckp1BdAB0lm0ecD5Q+","legacyData"
"eccb7b15-6a7d-4fb4-bd6b-259e73d47c94","NIWO_002.basePlot.vst","2016-08-31","vst_NIWO_2016","D13","NIWO","NIWO_002",,"NEON.PLA.D13.NIWO.01125","ok","single shrub","Live",,,2.6,,,,1.3,0.5,,"cylinder",5.8,10,,,,"hh6ebSg6u9QT5P7fcmrL3lHK7HHR+RXo","Xlq171H9ZZZ5J3ckp1BdAB0lm0ecD5Q+","legacyData"
"66a22829-6920-49ed-9ec4-c30109b61098","NIWO_002.basePlot.vst","2016-08-31","vst_NIWO_2016","D13","NIWO","NIWO_002",,"NEON.PLA.D13.NIWO.01022","ok","single bole tree","Live, physically damaged",14.1,130,8.1,,,,3.3,2.4,"Partially shaded",,,,,,,"hh6ebSg6u9QT5P7fcmrL3lHK7HHR+RXo","Xlq171H9ZZZ5J3ckp1BdAB0lm0ecD5Q+","legacyData"
"71700b4b-0b70-4a65-9692-da2662c28604","NIWO_002.basePlot.vst","2016-08-31","vst_NIWO_2016","D13","NIWO","NIWO_002",,"NEON.PLA.D13.NIWO.01060A","ok","multi-bole tree","Live",19.3,130,10.7,,,,3.3,2.7,"Partially shaded",,,,,,,"hh6ebSg6u9QT5P7fcmrL3lHK7HHR+RXo","Xlq171H9ZZZ5J3ckp1BdAB0lm0ecD5Q+","legacyData"
"6360b228-c1a1-42c3-93d4-4a855db0d7e3","NIWO_002.basePlot.vst","2016-08-31","vst_NIWO_2016","D13","NIWO","NIWO_002",,"NEON.PLA.D13.NIWO.01087","ok","single bole tree","Live",20.8,130,13.9,,,,2.6,2.0,"Partially shaded",,,,,,,"hh6ebSg6u9QT5P7fcmrL3lHK7HHR+RXo","Xlq171H9ZZZ5J3ckp1BdAB0lm0ecD5Q+","legacyData"
"5aee401e-a0bc-446e-aba7-6486a463e20a","NIWO_002.basePlot.vst","2016-08-31","vst_NIWO_2016","D13","NIWO","NIWO_002",,"NEON.PLA.D13.NIWO.01097","ok","single bole tree","Live",18.5,130,12.4,,,,2.5,2.1,"Partially shaded",,,,,,,"hh6ebSg6u9QT5P7fcmrL3lHK7HHR+RXo","Xlq171H9ZZZ5J3ckp1BdAB0lm0ecD5Q+","legacyData"
"5e29949f-b7c3-4075-9763-9e9d4c77ad41","NIWO_002.basePlot.vst","2016-08-31","vst_NIWO_2016","D13","NIWO","NIWO_002",,"NEON.PLA.D13.NIWO.01096A","ok","multi-bole tree","Live",16.0,130,12.0,,,,3.7,3.0,"Partially shaded",,,,,,,"hh6ebSg6u9QT5P7fcmrL3lHK7HHR+RXo","Xlq171H9ZZZ5J3ckp1BdAB0lm0ecD5Q+","legacyData"
"62557454-fa9e-4c05-986c-843791381833","NIWO_002.basePlot.vst","2016-08-31","vst_NIWO_2016","D13","NIWO","NIWO_002",,"NEON.PLA.D13.NIWO.01124","ok","sapling","Live",,,0.3,,,,,,,,1.6,10,,,,"hh6ebSg6u9QT5P7fcmrL3lHK7HHR+RXo","Xlq171H9ZZZ5J3ckp1BdAB0lm0ecD5Q+","legacyData"
"75f022f3-1f0d-4404-993d-90125ff77a5a","NIWO_002.basePlot.vst","2016-08-31","vst_NIWO_2016","D13","NIWO","NIWO_002",,"NEON.PLA.D13.NIWO.01043","ok","single bole tree","Live",20.0,130,12.4,,,,2.9,2.2,"Partially shaded",,,,,,,"hh6ebSg6u9QT5P7fcmrL3lHK7HHR+RXo","Xlq171H9ZZZ5J3ckp1BdAB0lm0ecD5Q+","legacyData"
"c3692be1-a29b-4a5a-b79e-63b3c0ff81ea","NIWO_002.basePlot.vst","2016-08-31","vst_NIWO_2016","D13","NIWO","NIWO_002",,"NEON.PLA.D13.NIWO.01064","ok","single bole tree","Live",18.0,130,10.7,,,,2.6,1.1,"Partially shaded",,,,,,,"hh6ebSg6u9QT5P7fcmrL3lHK7HHR+RXo","Xlq171H9ZZZ5J3ckp1BdAB0lm0ecD5Q+","legacyData"
"14ea2c3a-bd8a-47b8-9062-71740181449f","NIWO_002.basePlot.vst","2016-08-31","vst_NIWO_2016","D13","NIWO","NIWO_002",,"NEON.PLA.D13.NIWO.01096","ok","multi-bole tree","Live",18.8,130,12.0,,,,3.7,3.0,"Partially shaded",,,,,,,"hh6ebSg6u9QT5P7fcmrL3lHK7HHR+RXo","Xlq171H9ZZZ5J3ckp1BdAB0lm0ecD5Q+","legacyData"
"645dcee4-83f9-4ec1-bf90-fccc62cb372c","NIWO_002.basePlot.vst","2016-08-31","vst_NIWO_2016","D13","NIWO","NIWO_002",,"NEON.PLA.D13.NIWO.02273","ok","sapling","Live",,,0.3,,,,,,,,1.1,10,,,,"hh6ebSg6u9QT5P7fcmrL3lHK7HHR+RXo","Xlq171H9ZZZ5J3ckp1BdAB0lm0ecD5Q+","legacyData"
"439a159f-8aab-442f-9d5e-1893ec19b364","NIWO_002.basePlot.vst","2016-08-31","vst_NIWO_2016","D13","NIWO","NIWO_002",,"NEON.PLA.D13.NIWO.01080","ok","single bole tree","Live",13.2,130,10.2,,,,2.5,1.1,"Mostly shaded",,,,,,,"hh6ebSg6u9QT5P7fcmrL3lHK7HHR+RXo","Xlq171H9ZZZ5J3ckp1BdAB0lm0ecD5Q+","legacyData"
"574bc2d9-1034-4509-930d-8dc9813bfbe9","NIWO_002.basePlot.vst","2016-08-31","vst_NIWO_2016","D13","NIWO","NIWO_002",,"NEON.PLA.D13.NIWO.01072","ok","single bole tree","Live",15.5,130,11.0,,,,1.8,1.5,"Partially shaded",,,,,,,"hh6ebSg6u9QT5P7fcmrL3lHK7HHR+RXo","Xlq171H9ZZZ5J3ckp1BdAB0lm0ecD5Q+","legacyData"
"0c4880a7-b956-4150-b1cc-a886849ff5c1","NIWO_002.basePlot.vst","2016-08-31","vst_NIWO_2016","D13","NIWO","NIWO_002",,"NEON.PLA.D13.NIWO.01020","ok","single bole tree","Live",24.9,130,9.0,,,,2.5,2.2,"Partially shaded",,,,,,,"hh6ebSg6u9QT5P7fcmrL3lHK7HHR+RXo","Xlq171H9ZZZ5J3ckp1BdAB0lm0ecD5Q+","legacyData"
