uid,namedLocation,plotID,collectDate,identifiedDate,sampleID,subsampleID,scientificName,acceptedTaxonID,taxonRank,family,subfamily,tribe,subtribe,genus,subgenus,specificEpithet,infraspecificEpithet,identificationQualifier,identificationReferences,identificationProtocolVersion,scientificNameAuthorship,sexOrAge,individualCount,sampleCondition,archiveMedium,archiveFacilityID,deprecatedVialID,identifiedBy,laboratoryName,remarks
"823d8f8b-f34b-4b2c-851b-d65cfd1b35e0","OSBS_003.tickPlot.tck","OSBS_003","2016-10-27T14:42Z","2017-06-09T16:00Z","OSBS_003.20161027","OSBS_003.20161027.AMBAME.N","Amblyomma americanum","AMBAME","species","Ixodidae",,,,"Amblyomma",,"americanum",,,"Cooley, R. A. and G. M. Kohls. 1944. The genus Amblyomma (ixodidae) in the United States. The Journal of Parasitology, 30(2):77-111.","GSU_tickIdentification_SOP_2016-11-01.pdf","Linnaeus","Nymph",11,"OK","RNA stabilization buffer","USNMENT00984681","OSBS_003.20161027.AMBAME.N","Lorenza Beati","Georgia Southern University",
"1232371e-cd11-43df-b84c-9ee05a39ed35","OSBS_003.tickPlot.tck","OSBS_003","2016-10-27T14:42Z","2017-05-19T16:00Z","OSBS_003.20161027","OSBS_003.20161027.IXOSP.L","Ixodidae sp.","IXOSP","family","Ixodidae",,,,,,"sp.",,,,"GSU_tickIdentification_SOP_2016-11-01.pdf",,"Larva",1,"OK","RNA stabilization buffer","USNMENT00984682","OSBS_003.20161027.L","Guy Hobbs","Georgia Southern University","Over invoice limit, will not be billed."
"779ea4c7-07ac-43ab-9afd-3fc9159ae91b","OSBS_004.tickPlot.tck","OSBS_004","2016-10-27T17:30Z","2017-05-19T16:00Z","OSBS_004.20161027","OSBS_004.20161027.IXOSP.N","Ixodidae sp.","IXOSP","family","Ixodidae",,,,,,"sp.",,,,"GSU_tickIdentification_SOP_2016-11-01.pdf",,"Nymph",1,"OK","RNA stabilization buffer","USNMENT00984684","OSBS_004.20161027.N","Guy Hobbs","Georgia Southern University","Over invoice limit, will not be billed."
"cc9b954d-cef4-493f-8026-334fd01594c3","OSBS_004.tickPlot.tck","OSBS_004","2016-10-27T17:30Z","2017-05-19T16:00Z","OSBS_004.20161027","OSBS_004.20161027.IXOSP.L","Ixodidae sp.","IXOSP","family","Ixodidae",,,,,,"sp.",,,,"GSU_tickIdentification_SOP_2016-11-01.pdf",,"Larva",1,"OK","RNA stabilization buffer","USNMENT00984683","OSBS_004.20161027.L","Guy Hobbs","Georgia Southern University","Over invoice limit, will not be billed."
"0f6dbe66-ae4e-4c12-a993-5e733ad2f3e0","OSBS_001.tickPlot.tck","OSBS_001","2016-10-27T18:44Z","2017-05-19T16:00Z","OSBS_001.20161027","OSBS_001.20161027.IXOSP.M","Ixodidae sp.","IXOSP","family","Ixodidae",,,,,,"sp.",,,,"GSU_tickIdentification_SOP_2016-11-01.pdf",,"Male",1,"OK","RNA stabilization buffer","USNMENT00984687","OSBS_001.20161027.M","Guy Hobbs","Georgia Southern University","Over invoice limit, will not be billed."
"8254a527-865c-4ffc-85eb-99a1749f7b03","OSBS_001.tickPlot.tck","OSBS_001","2016-10-27T18:44Z","2017-05-19T16:00Z","OSBS_001.20161027","OSBS_001.20161027.IXOSP.L","Ixodidae sp.","IXOSP","family","Ixodidae",,,,,,"sp.",,,,"GSU_tickIdentification_SOP_2016-11-01.pdf",,"Larva",1,"OK","RNA stabilization buffer","USNMENT00984685","OSBS_001.20161027.L","Guy Hobbs","Georgia Southern University","Over invoice limit, will not be billed."
"efbf4ce7-1911-4524-9bab-481a8051a042","OSBS_001.tickPlot.tck","OSBS_001","2016-10-27T18:44Z","2017-05-19T16:00Z","OSBS_001.20161027","OSBS_001.20161027.IXOSP.N","Ixodidae sp.","IXOSP","family","Ixodidae",,,,,,"sp.",,,,"GSU_tickIdentification_SOP_2016-11-01.pdf",,"Nymph",1,"OK","RNA stabilization buffer","USNMENT00984686","OSBS_001.20161027.N","Guy Hobbs","Georgia Southern University","Over invoice limit, will not be billed."
"30b6a4ca-9b4d-45ae-a759-d86a57732e2b","OSBS_005.tickPlot.tck","OSBS_005","2016-10-27T19:40Z","2017-05-26T16:00Z","OSBS_005.20161027","OSBS_005.20161027.IXOSP.F","Ixodidae sp.","IXOSP","family","Ixodidae",,,,,,"sp.",,,,"GSU_tickIdentification_SOP_2016-11-01.pdf",,"Female",1,"OK","RNA stabilization buffer","USNMENT00984721","OSBS_005.20161027.F","Guy Hobbs","Georgia Southern University","Over invoice limit, will not be billed."
"ebdca945-c971-4d22-b3cd-080cddb09092","OSBS_005.tickPlot.tck","OSBS_005","2016-10-27T19:40Z","2017-05-26T16:00Z","OSBS_005.20161027","OSBS_005.20161027.IXOSP.L","Ixodidae sp.","IXOSP","family","Ixodidae",,,,,,"sp.",,,,"GSU_tickIdentification_SOP_2016-11-01.pdf",,"Larva",1,"OK","RNA stabilization buffer","USNMENT00984759","OSBS_005.20161027.L","Lorenza Beati","Georgia Southern University","Over invoice limit, will not be billed."
"94189bb6-e97e-44f7-92fe-85a5f64a6479","OSBS_005.tickPlot.tck","OSBS_005","2016-10-27T19:40Z","2017-05-26T16:00Z","OSBS_005.20161027","OSBS_005.20161027.IXOSP.N","Ixodidae sp.","IXOSP","family","Ixodidae",,,,,,"sp.",,,,"GSU_tickIdentification_SOP_2016-11-01.pdf",,"Nymph",4,"OK","RNA stabilization buffer","USNMENT00984722","OSBS_005.20161027.N","Guy Hobbs","Georgia Southern University","Over invoice limit, will not be billed."
