uid,namedLocation,domainID,siteID,plotID,plotType,nlcdClass,decimalLatitude,decimalLongitude,geodeticDatum,coordinateUncertainty,elevation,elevationUncertainty,collectDate,eventID,sampleID,sampleCode,samplingMethod,totalSampledArea,targetTaxaPresent,adultCount,nymphCount,larvaCount,sampleCondition,samplingProtocolVersion,measuredBy,remarks
"1992adc6-d844-4618-aef8-fe4ede1f6433","OSBS_002.tickPlot.tck","D03","OSBS","OSBS_002","distributed","evergreenForest",29.703661,-81.958365,"WGS84",20.1,35.8,0.2,"2016-10-27T13:53Z","OSBS.2016.43",,,"drag and flag",164,"N",0,0,0,"No known compromise","NEON.DOC.014045vG","q+sogNxuTpaaq3nt4H3feKdAxSnPr68l",
"fc94b206-80af-4bbf-a9ee-87e18b226fae","OSBS_003.tickPlot.tck","D03","OSBS","OSBS_003","distributed","evergreenForest",29.693693,-81.947010,"WGS84",20.3,38.2,0.5,"2016-10-27T14:42Z","OSBS.2016.43","OSBS_003.20161027",,"drag and flag",168,"Y",0,11,3,"No known compromise","NEON.DOC.014045vG","q+sogNxuTpaaq3nt4H3feKdAxSnPr68l",
"34876e8f-18e9-4c68-9de4-8b8595297855","OSBS_022.tickPlot.tck","D03","OSBS","OSBS_022","distributed","emergentHerbaceousWetlands",29.688309,-81.961968,"WGS84",20.1,24.3,0.1,"2016-10-27T16:19Z","OSBS.2016.43",,,"drag and flag",155,"N",0,0,0,"No known compromise","NEON.DOC.014045vG","cMb2B+jx12AMjNtsEA8t48GND5R87ks/",
"4e4e2c39-a461-4765-a1a7-bab68269a618","OSBS_004.tickPlot.tck","D03","OSBS","OSBS_004","distributed","evergreenForest",29.683402,-81.960449,"WGS84",20.3,42.4,0.4,"2016-10-27T17:30Z","OSBS.2016.43","OSBS_004.20161027",,"drag",160,"Y",0,8,0,"No known compromise","NEON.DOC.014045vG","cMb2B+jx12AMjNtsEA8t48GND5R87ks/",
"528925a6-8cee-4502-bf69-fb36e1cb1f79","OSBS_001.tickPlot.tck","D03","OSBS","OSBS_001","distributed","woodyWetlands",29.704063,-82.008061,"WGS84",20.3,34.4,0.3,"2016-10-27T18:44Z","OSBS.2016.43","OSBS_001.20161027",,"drag and flag",158,"Y",1,3,32,"No known compromise","NEON.DOC.014045vG","q+sogNxuTpaaq3nt4H3feKdAxSnPr68l",
"eb4fadf7-9c13-4504-a8b1-8a74ad57ed71","OSBS_005.tickPlot.tck","D03","OSBS","OSBS_005","distributed","woodyWetlands",29.697923,-82.025623,"WGS84",20.4,36.0,1.2,"2016-10-27T19:40Z","OSBS.2016.43","OSBS_005.20161027",,"drag and flag",164,"Y",1,4,500,"Tick count estimated (error and instar specified in remarks)","NEON.DOC.014045vG","cMb2B+jx12AMjNtsEA8t48GND5R87ks/","Larval count >500. Individuals above 500 were discarded."
