uid,namedLocation,domainID,siteID,plotID,plotType,nlcdClass,decimalLatitude,decimalLongitude,geodeticDatum,coordinateUncertainty,elevation,elevationUncertainty,collectDate,eventID,sampleID,sampleCode,samplingMethod,totalSampledArea,targetTaxaPresent,adultCount,nymphCount,larvaCount,sampleCondition,samplingProtocolVersion,measuredBy,remarks
"508b32f2-80c2-4a57-ae5a-5ceeafa8f092","LAJA_002.tickPlot.tck","D04","LAJA","LAJA_002","distributed","cultivatedCrops",18.034056,-67.073646,"WGS84",20.1,30.6,0.1,"2016-09-21T15:00Z","LAJA.2016.38",,,"drag and flag",150,"N",0,0,0,"No known compromise","NEON.DOC.014045vG","JYpGqoh1QQ3eP5RIJnpEN1WEYfJadbWZ","10 m skiped due to high vegetation."
"fdc08914-bc16-4ad0-971d-589a98087f81","LAJA_001.tickPlot.tck","D04","LAJA","LAJA_001","distributed","grasslandHerbaceous",18.025778,-67.076305,"WGS84",20.1,21.9,0.1,"2016-09-21T16:45Z","LAJA.2016.38",,,"drag",160,"N",0,0,0,"No known compromise","NEON.DOC.014045vG","JYpGqoh1QQ3eP5RIJnpEN1WEYfJadbWZ",
"4157e46c-7e17-42e9-ad60-84bb3edfaa2b","LAJA_004.tickPlot.tck","D04","LAJA","LAJA_004","distributed","pastureHay",18.016761,-67.079966,"WGS84",20.1,14.2,0.1,"2016-09-22T12:30Z","LAJA.2016.38",,,"drag and flag",148,"N",0,0,0,"No known compromise","NEON.DOC.014045vG","/akxuRJQtfAvFHI7XfkECFWeNojHQ0Rt","12m skip due to high vegetation"
"d237734a-ceb8-44b6-8aa0-a023916a9448","LAJA_005.tickPlot.tck","D04","LAJA","LAJA_005","distributed","pastureHay",18.026834,-67.085519,"WGS84",20.1,21.3,0.1,"2016-09-22T14:20Z","LAJA.2016.38",,,"drag",160,"N",0,0,0,"No known compromise","NEON.DOC.014045vG","XeHqv51r26YPZRP83jHd/mL5WIALVSyUfb6aXI5a0u0=",
