uid,namedLocation,date,eventID,domainID,siteID,plotID,subplotID,individualID,tagStatus,growthForm,plantStatus,stemDiameter,measurementHeight,height,baseCrownHeight,breakHeight,breakDiameter,maxCrownDiameter,ninetyCrownDiameter,canopyPosition,shape,basalStemDiameter,basalStemDiameterMsrmntHeight,maxBaseCrownDiameter,ninetyBaseCrownDiameter,remarks,recordedBy,measuredBy,dataQF
"9ba9a4b6-c491-4d5a-81e8-4aec4acffe3f","SOAP_059.basePlot.vst","2015-08-12","vst_SOAP_2015","D17","SOAP","SOAP_059",,"NEON.PLA.D17.SOAP.00183",,"small tree","Live",2.4,130,2.3,,,,,,"Partially shaded",,,,,,"proofed and no errors","3fh8ZWGiUyNPW/cfWo4MvcGcAV2rECSC","2GSwrdD8dTCUM8OMtX2xVCKMWrr4ktyi","legacyData"
"e205f25b-e3b4-4c50-bbc8-eadf57d701ed","SOAP_059.basePlot.vst","2015-08-12","vst_SOAP_2015","D17","SOAP","SOAP_059",,"NEON.PLA.D17.SOAP.00182",,"small tree","Live",4.6,130,3.8,,,,,,"Partially shaded",,,,,,,"3fh8ZWGiUyNPW/cfWo4MvcGcAV2rECSC","2GSwrdD8dTCUM8OMtX2xVCKMWrr4ktyi","legacyData"
"188dffca-a842-47d1-b482-344b2d772b53","SOAP_059.basePlot.vst","2015-08-12","vst_SOAP_2015","D17","SOAP","SOAP_059",,"NEON.PLA.D17.SOAP.00166",,"sapling","Live",,,0.4,,,,,,"Full shade",,,,,,,"3fh8ZWGiUyNPW/cfWo4MvcGcAV2rECSC","2GSwrdD8dTCUM8OMtX2xVCKMWrr4ktyi","legacyData"
"2e7e78a1-80e4-41d6-909f-6849b8f8b015","SOAP_059.basePlot.vst","2015-08-12","vst_SOAP_2015","D17","SOAP","SOAP_059",,"NEON.PLA.D17.SOAP.00195",,"single bole tree","Live",56.7,130,,,,,,,"Full sun",,,,,,,"3fh8ZWGiUyNPW/cfWo4MvcGcAV2rECSC","2GSwrdD8dTCUM8OMtX2xVCKMWrr4ktyi","legacyData"
"713331fd-5b5c-494b-a9ca-65cf69d0798d","SOAP_059.basePlot.vst","2015-08-12","vst_SOAP_2015","D17","SOAP","SOAP_059",,"NEON.PLA.D17.SOAP.00306",,"single bole tree","Live",32.6,130,,,,,,,"Full sun",,,,,,,"3fh8ZWGiUyNPW/cfWo4MvcGcAV2rECSC","2GSwrdD8dTCUM8OMtX2xVCKMWrr4ktyi","legacyData"
"2f13c28b-7913-4b7b-9e1c-75b6c5ebb085","SOAP_059.basePlot.vst","2015-08-12","vst_SOAP_2015","D17","SOAP","SOAP_059",,"NEON.PLA.D17.SOAP.00187",,"sapling","Standing dead",,,0.6,,,,,,"Full shade",,,,,,,"3fh8ZWGiUyNPW/cfWo4MvcGcAV2rECSC","2GSwrdD8dTCUM8OMtX2xVCKMWrr4ktyi","legacyData"
"b740e845-f64c-4b88-b847-4067e683742b","SOAP_059.basePlot.vst","2015-08-12","vst_SOAP_2015","D17","SOAP","SOAP_059",,"NEON.PLA.D17.SOAP.00172",,"single bole tree","Live",47.3,130,,,,,,,"Partially shaded",,,,,,,"3fh8ZWGiUyNPW/cfWo4MvcGcAV2rECSC","2GSwrdD8dTCUM8OMtX2xVCKMWrr4ktyi","legacyData"
"a7424b2f-fe90-4bbb-a799-4874f08c651a","SOAP_059.basePlot.vst","2015-08-12","vst_SOAP_2015","D17","SOAP","SOAP_059",,"NEON.PLA.D17.SOAP.00185",,"small tree","Live",1.5,130,1.6,,,,,,"Partially shaded",,,,,,,"3fh8ZWGiUyNPW/cfWo4MvcGcAV2rECSC","2GSwrdD8dTCUM8OMtX2xVCKMWrr4ktyi","legacyData"
"d2a7414c-d484-47f1-80c0-cc609821e388","SOAP_059.basePlot.vst","2015-08-12","vst_SOAP_2015","D17","SOAP","SOAP_059",,"NEON.PLA.D17.SOAP.00200",,"small tree","Live",5.0,130,3.7,,,,,,"Mostly shaded",,,,,,,"3fh8ZWGiUyNPW/cfWo4MvcGcAV2rECSC","2GSwrdD8dTCUM8OMtX2xVCKMWrr4ktyi","legacyData"
"9db0cfae-ced5-4b94-9908-68e1c56896ac","SOAP_059.basePlot.vst","2015-08-12","vst_SOAP_2015","D17","SOAP","SOAP_059",,"NEON.PLA.D17.SOAP.00946",,"single bole tree","Live",15.3,130,,,,,,,"Partially shaded",,,,,,,"2GSwrdD8dTCUM8OMtX2xVCKMWrr4ktyi","nmgXO4EtL3dCkwsunPG1iytaBjNqL40q","legacyData"
"e6a9298f-7704-4db6-bd86-9c4fbb957016","SOAP_059.basePlot.vst","2015-08-12","vst_SOAP_2015","D17","SOAP","SOAP_059",,"NEON.PLA.D17.SOAP.00165",,"sapling","Live",,,1.9,,,,,,"Full shade",,,,,,,"3fh8ZWGiUyNPW/cfWo4MvcGcAV2rECSC","2GSwrdD8dTCUM8OMtX2xVCKMWrr4ktyi","legacyData"
"700af7b1-4bb9-4f4b-a8d8-5f79cb4a88eb","SOAP_059.basePlot.vst","2015-08-12","vst_SOAP_2015","D17","SOAP","SOAP_059",,"NEON.PLA.D17.SOAP.00168",,"single bole tree","Standing dead",41.3,130,,,,,,,"Partially shaded",,,,,,,"3fh8ZWGiUyNPW/cfWo4MvcGcAV2rECSC","2GSwrdD8dTCUM8OMtX2xVCKMWrr4ktyi","legacyData"
"123a8231-6791-4d8e-b280-8641383cc373","SOAP_059.basePlot.vst","2015-08-12","vst_SOAP_2015","D17","SOAP","SOAP_059",,"NEON.PLA.D17.SOAP.00199",,"small tree","Live",7.6,130,4.9,,,,,,"Partially shaded",,,,,,,"3fh8ZWGiUyNPW/cfWo4MvcGcAV2rECSC","2GSwrdD8dTCUM8OMtX2xVCKMWrr4ktyi","legacyData"
"1e97caa0-17c3-4935-a72b-356870020a51","SOAP_059.basePlot.vst","2015-08-12","vst_SOAP_2015","D17","SOAP","SOAP_059",,"NEON.PLA.D17.SOAP.00938",,"sapling","Live",,,0.7,,,,,,"Full shade",,,,,,,"2GSwrdD8dTCUM8OMtX2xVCKMWrr4ktyi","nmgXO4EtL3dCkwsunPG1iytaBjNqL40q","legacyData"
"3f7d631d-785d-4a3e-a735-d9a61499f464","SOAP_059.basePlot.vst","2015-08-12","vst_SOAP_2015","D17","SOAP","SOAP_059",,"NEON.PLA.D17.SOAP.00167",,"sapling","Live",,,0.7,,,,,,"Full shade",,,,,,"proofed and no errors","3fh8ZWGiUyNPW/cfWo4MvcGcAV2rECSC","2GSwrdD8dTCUM8OMtX2xVCKMWrr4ktyi","legacyData"
"24a4d630-c9e9-4fce-b9b7-97fcd937ee19","SOAP_059.basePlot.vst","2015-08-12","vst_SOAP_2015","D17","SOAP","SOAP_059",,"NEON.PLA.D17.SOAP.00170",,"single bole tree","Live",30.7,130,,,,,,,"Mostly shaded",,,,,,,"3fh8ZWGiUyNPW/cfWo4MvcGcAV2rECSC","2GSwrdD8dTCUM8OMtX2xVCKMWrr4ktyi","legacyData"
"56e5c912-aeef-43dd-bb26-c69c42538f6a","SOAP_059.basePlot.vst","2015-08-12","vst_SOAP_2015","D17","SOAP","SOAP_059",,"NEON.PLA.D17.SOAP.00944",,"single bole tree","Live",10.2,130,,,,,,,"Mostly shaded",,,,,,"proofed and no errors","2GSwrdD8dTCUM8OMtX2xVCKMWrr4ktyi","nmgXO4EtL3dCkwsunPG1iytaBjNqL40q","legacyData"
"6e51e9ca-f925-4cd7-b10d-142abe92cfc7","SOAP_059.basePlot.vst","2015-08-12","vst_SOAP_2015","D17","SOAP","SOAP_059",,"NEON.PLA.D17.SOAP.00303",,"single bole tree","Live",13.6,130,,,,,,,"Partially shaded",,,,,,,"3fh8ZWGiUyNPW/cfWo4MvcGcAV2rECSC","2GSwrdD8dTCUM8OMtX2xVCKMWrr4ktyi","legacyData"
"3016e27e-d0e1-4680-bde9-48243f229989","SOAP_059.basePlot.vst","2015-08-12","vst_SOAP_2015","D17","SOAP","SOAP_059",,"NEON.PLA.D17.SOAP.00197",,"small tree","Live",4.6,130,3.7,,,,,,"Mostly shaded",,,,,,"proofed and no errors","3fh8ZWGiUyNPW/cfWo4MvcGcAV2rECSC","2GSwrdD8dTCUM8OMtX2xVCKMWrr4ktyi","legacyData"
"44c8ecb1-357a-44c8-ae3a-b592ff825809","SOAP_059.basePlot.vst","2015-08-12","vst_SOAP_2015","D17","SOAP","SOAP_059",,"NEON.PLA.D17.SOAP.00305",,"single bole tree","Live",25.0,130,,,,,,,"Partially shaded",,,,,,,"3fh8ZWGiUyNPW/cfWo4MvcGcAV2rECSC","2GSwrdD8dTCUM8OMtX2xVCKMWrr4ktyi","legacyData"
"62c14cf2-6302-4baf-816e-7c91eec0c97d","SOAP_059.basePlot.vst","2015-08-12","vst_SOAP_2015","D17","SOAP","SOAP_059",,"NEON.PLA.D17.SOAP.00304",,"single bole tree","Live",13.7,130,,,,,,,"Partially shaded",,,,,,,"3fh8ZWGiUyNPW/cfWo4MvcGcAV2rECSC","2GSwrdD8dTCUM8OMtX2xVCKMWrr4ktyi","legacyData"
"ac5d0793-b383-4850-a488-2abee3ebadb1","SOAP_059.basePlot.vst","2015-08-12","vst_SOAP_2015","D17","SOAP","SOAP_059",,"NEON.PLA.D17.SOAP.00186",,"small tree","Live",1.2,130,1.5,,,,,,"Partially shaded",,,,,,,"3fh8ZWGiUyNPW/cfWo4MvcGcAV2rECSC","2GSwrdD8dTCUM8OMtX2xVCKMWrr4ktyi","legacyData"
"cc5b0042-5b2e-487d-9961-794ce96d4b40","SOAP_059.basePlot.vst","2015-08-12","vst_SOAP_2015","D17","SOAP","SOAP_059",,"NEON.PLA.D17.SOAP.00180",,"single bole tree","Live",48.1,130,,,,,,,"Partially shaded",,,,,,,"3fh8ZWGiUyNPW/cfWo4MvcGcAV2rECSC","2GSwrdD8dTCUM8OMtX2xVCKMWrr4ktyi","legacyData"
"445ecfe4-5166-4a71-834b-0b2a92a422ab","SOAP_059.basePlot.vst","2015-08-12","vst_SOAP_2015","D17","SOAP","SOAP_059",,"NEON.PLA.D17.SOAP.00190",,"sapling","Standing dead",,,0.9,,,,,,"Full shade",,,,,,,"3fh8ZWGiUyNPW/cfWo4MvcGcAV2rECSC","2GSwrdD8dTCUM8OMtX2xVCKMWrr4ktyi","legacyData"
"685d74c6-e005-4665-8feb-0f61f7bdd669","SOAP_059.basePlot.vst","2015-08-12","vst_SOAP_2015","D17","SOAP","SOAP_059",,"NEON.PLA.D17.SOAP.00181",,"small tree","Live",2.9,130,2.5,,,,,,"Partially shaded",,,,,,,"3fh8ZWGiUyNPW/cfWo4MvcGcAV2rECSC","2GSwrdD8dTCUM8OMtX2xVCKMWrr4ktyi","legacyData"
"4f08504b-5a65-4bb5-9a01-42d5c94f8284","SOAP_059.basePlot.vst","2015-08-12","vst_SOAP_2015","D17","SOAP","SOAP_059",,"NEON.PLA.D17.SOAP.00943",,"single bole tree","Live",10.2,130,,,,,,,"Partially shaded",,,,,,,"2GSwrdD8dTCUM8OMtX2xVCKMWrr4ktyi","nmgXO4EtL3dCkwsunPG1iytaBjNqL40q","legacyData"
"33af5410-3909-4714-8492-8133fcff4644","SOAP_059.basePlot.vst","2015-08-12","vst_SOAP_2015","D17","SOAP","SOAP_059",,"NEON.PLA.D17.SOAP.00941",,"single bole tree","Live",11.1,130,,,,,,,"Mostly shaded",,,,,,,"2GSwrdD8dTCUM8OMtX2xVCKMWrr4ktyi","nmgXO4EtL3dCkwsunPG1iytaBjNqL40q","legacyData"
"b70e5175-6eeb-4f96-a744-cf10eb74738d","SOAP_059.basePlot.vst","2015-08-12","vst_SOAP_2015","D17","SOAP","SOAP_059",,"NEON.PLA.D17.SOAP.00169",,"sapling","Live",,,1.0,,,,,,"Full shade",,,,,,,"3fh8ZWGiUyNPW/cfWo4MvcGcAV2rECSC","2GSwrdD8dTCUM8OMtX2xVCKMWrr4ktyi","legacyData"
"bdb62a42-c217-4b3f-a806-6ca1103beb2d","SOAP_059.basePlot.vst","2015-08-12","vst_SOAP_2015","D17","SOAP","SOAP_059",,"NEON.PLA.D17.SOAP.00161",,"single bole tree","Standing dead",28.6,130,,,,,,,"Mostly shaded",,,,,,,"3fh8ZWGiUyNPW/cfWo4MvcGcAV2rECSC","2GSwrdD8dTCUM8OMtX2xVCKMWrr4ktyi","legacyData"
"65e7d6a2-deba-49e0-9ceb-4298d1a634d9","SOAP_059.basePlot.vst","2015-08-12","vst_SOAP_2015","D17","SOAP","SOAP_059",,"NEON.PLA.D17.SOAP.00945",,"single bole tree","Live",27.4,130,,,,,,,"Partially shaded",,,,,,,"2GSwrdD8dTCUM8OMtX2xVCKMWrr4ktyi","nmgXO4EtL3dCkwsunPG1iytaBjNqL40q","legacyData"
"4dc547da-d7c5-4b27-88a3-045e8797de2a","SOAP_059.basePlot.vst","2015-08-12","vst_SOAP_2015","D17","SOAP","SOAP_059",,"NEON.PLA.D17.SOAP.00198",,"small tree","Live",2.8,130,2.2,,,,,,"Mostly shaded",,,,,,,"3fh8ZWGiUyNPW/cfWo4MvcGcAV2rECSC","2GSwrdD8dTCUM8OMtX2xVCKMWrr4ktyi","legacyData"
"7bc7ccfb-1312-412c-9655-943e40f44b3a","SOAP_059.basePlot.vst","2015-08-12","vst_SOAP_2015","D17","SOAP","SOAP_059",,"NEON.PLA.D17.SOAP.00188",,"small tree","Live",2.2,130,2.3,,,,,,"Partially shaded",,,,,,,"3fh8ZWGiUyNPW/cfWo4MvcGcAV2rECSC","2GSwrdD8dTCUM8OMtX2xVCKMWrr4ktyi","legacyData"
"8f3d059b-2b5e-431e-ae6b-64528458e19e","SOAP_059.basePlot.vst","2015-08-12","vst_SOAP_2015","D17","SOAP","SOAP_059",,"NEON.PLA.D17.SOAP.00162",,"single bole tree","Standing dead",47.5,130,,,,,,,"Mostly shaded",,,,,,,"3fh8ZWGiUyNPW/cfWo4MvcGcAV2rECSC","2GSwrdD8dTCUM8OMtX2xVCKMWrr4ktyi","legacyData"
"02ef041f-1312-4711-be09-7e7d5f2fac96","SOAP_059.basePlot.vst","2015-08-12","vst_SOAP_2015","D17","SOAP","SOAP_059",,"NEON.PLA.D17.SOAP.00947",,"single bole tree","Live",22.5,130,,,,,,,"Partially shaded",,,,,,,"2GSwrdD8dTCUM8OMtX2xVCKMWrr4ktyi","nmgXO4EtL3dCkwsunPG1iytaBjNqL40q","legacyData"
"642f63c8-0961-4b62-bfd1-2a73fe10f59e","SOAP_059.basePlot.vst","2015-08-12","vst_SOAP_2015","D17","SOAP","SOAP_059",,"NEON.PLA.D17.SOAP.00189",,"sapling","Standing dead",,,0.8,,,,,,"Full shade",,,,,,,"3fh8ZWGiUyNPW/cfWo4MvcGcAV2rECSC","2GSwrdD8dTCUM8OMtX2xVCKMWrr4ktyi","legacyData"
"c727b09e-0a5c-4cc4-938b-77c800a8b61f","SOAP_059.basePlot.vst","2015-08-12","vst_SOAP_2015","D17","SOAP","SOAP_059",,"NEON.PLA.D17.SOAP.00184",,"small tree","Live",2.9,130,2.0,,,,,,"Partially shaded",,,,,,,"3fh8ZWGiUyNPW/cfWo4MvcGcAV2rECSC","2GSwrdD8dTCUM8OMtX2xVCKMWrr4ktyi","legacyData"
"306470bb-7041-427a-a403-55ebf9b3122b","SOAP_059.basePlot.vst","2015-08-12","vst_SOAP_2015","D17","SOAP","SOAP_059",,"NEON.PLA.D17.SOAP.00174",,"single bole tree","Live",50.9,130,,,,,,,"Full sun",,,,,,,"3fh8ZWGiUyNPW/cfWo4MvcGcAV2rECSC","2GSwrdD8dTCUM8OMtX2xVCKMWrr4ktyi","legacyData"
"1ee9f3b7-9e18-46b2-af1f-4c6dce78781f","SOAP_059.basePlot.vst","2015-08-12","vst_SOAP_2015","D17","SOAP","SOAP_059",,"NEON.PLA.D17.SOAP.00177",,"single bole tree","Live",39.9,130,,,,,,,"Mostly shaded",,,,,,,"3fh8ZWGiUyNPW/cfWo4MvcGcAV2rECSC","2GSwrdD8dTCUM8OMtX2xVCKMWrr4ktyi","legacyData"
"1335c143-2ad1-41d3-9c3a-815bfca881c0","SOAP_059.basePlot.vst","2015-08-12","vst_SOAP_2015","D17","SOAP","SOAP_059",,"NEON.PLA.D17.SOAP.00196",,"small tree","Live",4.3,130,2.9,,,,,,"Mostly shaded",,,,,,,"3fh8ZWGiUyNPW/cfWo4MvcGcAV2rECSC","2GSwrdD8dTCUM8OMtX2xVCKMWrr4ktyi","legacyData"
