uid,namedLocation,date,eventID,domainID,siteID,plotID,subplotID,nestedSubplotID,groupID,taxonID,scientificName,taxonRank,identificationReferences,identificationQualifier,volumePercent,livePercent,deadPercent,canopyArea,meanHeight,remarks,measuredBy,recordedBy,dataQF
"30d5f6c3-aa3d-40d0-b690-0a55d90ac7c6","SOAP_059.basePlot.vst","2015-08-12","vst_SOAP_2015","D17","SOAP","SOAP_059","41","4","41 _0","ARVIM","Arctostaphylos viscida Parry ssp. mariposa (Dudley) P.V. Wells","subspecies",,,100,0,100,4.0,1.82,,"/okdeQQFj3ok0YrB9sbbCIk0Gya2xtkj","/okdeQQFj3ok0YrB9sbbCIk0Gya2xtkj","legacyData"
"c2ede538-49d6-4a16-b6e6-b2bd50221ec1","SOAP_059.basePlot.vst","2015-08-12","vst_SOAP_2015","D17","SOAP","SOAP_059","41","4","41 _0","ARVIM","Arctostaphylos viscida Parry ssp. mariposa (Dudley) P.V. Wells","subspecies",,,100,0,100,4.0,1.96,,"/okdeQQFj3ok0YrB9sbbCIk0Gya2xtkj","/okdeQQFj3ok0YrB9sbbCIk0Gya2xtkj","legacyData"
"0696a957-3cc2-45e8-be47-bdc65c42a11c","SOAP_059.basePlot.vst","2015-08-12","vst_SOAP_2015","D17","SOAP","SOAP_059","41","1","41 _0","ARVIM","Arctostaphylos viscida Parry ssp. mariposa (Dudley) P.V. Wells","subspecies",,,100,99,1,4.0,1.78,,"/okdeQQFj3ok0YrB9sbbCIk0Gya2xtkj","/okdeQQFj3ok0YrB9sbbCIk0Gya2xtkj","legacyData"
"78c38d74-816b-4fba-a096-294822704d53","SOAP_059.basePlot.vst","2015-08-12","vst_SOAP_2015","D17","SOAP","SOAP_059","41","4","41_01","ARVIM","Arctostaphylos viscida Parry ssp. mariposa (Dudley) P.V. Wells","subspecies",,,100,0,100,4.0,1.96,,"/okdeQQFj3ok0YrB9sbbCIk0Gya2xtkj","/okdeQQFj3ok0YrB9sbbCIk0Gya2xtkj","legacyData"
"eea00d20-afb0-459b-9b21-9fed56f4ab83","SOAP_059.basePlot.vst","2015-08-12","vst_SOAP_2015","D17","SOAP","SOAP_059","41","4","41_02","ARVIM","Arctostaphylos viscida Parry ssp. mariposa (Dudley) P.V. Wells","subspecies",,,100,0,100,3.0,1.78,,"/okdeQQFj3ok0YrB9sbbCIk0Gya2xtkj","/okdeQQFj3ok0YrB9sbbCIk0Gya2xtkj","legacyData"
"b67b0b39-5363-4bb1-a47d-653817cb19c0","SOAP_059.basePlot.vst","2015-08-12","vst_SOAP_2015","D17","SOAP","SOAP_059","41","1","41_03","ARVIM","Arctostaphylos viscida Parry ssp. mariposa (Dudley) P.V. Wells","subspecies",,,100,99,1,2.0,1.64,,"/okdeQQFj3ok0YrB9sbbCIk0Gya2xtkj","/okdeQQFj3ok0YrB9sbbCIk0Gya2xtkj","legacyData"
