uid,namedLocation,domainID,siteID,plotID,plotType,nlcdClass,decimalLatitude,decimalLongitude,geodeticDatum,coordinateUncertainty,elevation,elevationUncertainty,collectDate,eventID,sampleID,sampleCode,samplingMethod,totalSampledArea,targetTaxaPresent,adultCount,nymphCount,larvaCount,sampleCondition,samplingProtocolVersion,measuredBy,remarks
"19b525f4-a1d1-48af-ae7e-3db865415374","CPER_002.tickPlot.tck","D10","CPER","CPER_002","distributed","grasslandHerbaceous",40.811446,-104.727626,"WGS84",20.1,1645.8,0.1,"2018-06-21T15:23Z","CPER.2018.25",,,"drag",160,"N",0,0,0,,"NEON.DOC.014045vJ","JUWO5gmfzwbX9BXfaYbJvjMa5YVXa9L5T/092eYFpVo=",
"37e0a016-03fa-4c27-bd86-f305b33171ce","CPER_004.tickPlot.tck","D10","CPER","CPER_004","distributed","grasslandHerbaceous",40.814104,-104.696817,"WGS84",20.1,1617.2,0.1,"2018-06-21T16:29Z","CPER.2018.25",,,"drag",160,"N",0,0,0,,"NEON.DOC.014045vJ","9piKDJvWVkAkhVxhhD7ruNlPpYfDpREJt4a2qexS0mE=",
"610cbd7c-b9b5-478b-91be-5d0819c6f2f7","CPER_003.tickPlot.tck","D10","CPER","CPER_003","distributed","grasslandHerbaceous",40.819808,-104.707147,"WGS84",20.1,1625.7,0.1,"2018-06-21T17:16Z","CPER.2018.25",,,"drag",160,"N",0,0,0,,"NEON.DOC.014045vJ","9piKDJvWVkAkhVxhhD7ruNlPpYfDpREJt4a2qexS0mE=",
"bc5cb928-8253-40b1-841e-adf6710f57d8","CPER_005.tickPlot.tck","D10","CPER","CPER_005","distributed","grasslandHerbaceous",40.852571,-104.726331,"WGS84",20.1,1662.6,0.1,"2018-06-21T18:05Z","CPER.2018.25",,,"drag and flag",160,"N",0,0,0,,"NEON.DOC.014045vJ","9piKDJvWVkAkhVxhhD7ruNlPpYfDpREJt4a2qexS0mE=",
"2c8f46ad-6ded-4649-ab47-844d9f7c8db8","CPER_001.tickPlot.tck","D10","CPER","CPER_001","distributed","grasslandHerbaceous",40.851012,-104.701302,"WGS84",20.1,1639.1,0.1,"2018-06-21T18:47Z","CPER.2018.25",,,"drag",160,"N",0,0,0,,"NEON.DOC.014045vJ","9piKDJvWVkAkhVxhhD7ruNlPpYfDpREJt4a2qexS0mE=",
"2a1e7350-63db-4613-8694-43fe34962e63","CPER_007.tickPlot.tck","D10","CPER","CPER_007","distributed","grasslandHerbaceous",40.860878,-104.684952,"WGS84",20.1,1646.7,0.1,"2018-06-21T19:20Z","CPER.2018.25",,,"drag",160,"N",0,0,0,,"NEON.DOC.014045vJ","9piKDJvWVkAkhVxhhD7ruNlPpYfDpREJt4a2qexS0mE=",
