uid,namedLocation,date,eventID,domainID,siteID,plotID,subplotID,individualID,tagStatus,growthForm,plantStatus,stemDiameter,measurementHeight,height,baseCrownHeight,breakHeight,breakDiameter,maxCrownDiameter,ninetyCrownDiameter,canopyPosition,shape,basalStemDiameter,basalStemDiameterMsrmntHeight,maxBaseCrownDiameter,ninetyBaseCrownDiameter,remarks,recordedBy,measuredBy,dataQF
"4c810751-2a0e-46a7-8939-5b09a7a45144","UKFS_053.basePlot.vst","2015-09-01","vst_UKFS_2015","D06","UKFS","UKFS_053",,"NEON.PLA.D06.UKFS.00623",,"small shrub","Live, insect damaged",,,1.0,,,,0.6,0.5,"Full shade","cylinder",,,,,,"O5a0fCTym/tRVPDspp8qfhUen+KQCQ2e","UsnPQQcli111AMZqi8tbyKhlJbCgom80","legacyData"
"58dff71f-592f-4657-9384-0e9093841e48","UKFS_044.basePlot.vst","2015-09-01","vst_UKFS_2015","D06","UKFS","UKFS_044",,"NEON.PLA.D06.UKFS.00846",,"small tree","Live",5.1,130,,,,,,,"Mostly shaded",,,,,,,"i4noBcO6tGRKu7kCP4TjhfaWosQZzRnG","5t9bvoSAq+cOxiWWXGv0DoMtbGlc7Ful","legacyData"
"1f5cc9bd-09b0-451b-b917-052f126c23b0","UKFS_053.basePlot.vst","2015-09-01","vst_UKFS_2015","D06","UKFS","UKFS_053",,"NEON.PLA.D06.UKFS.02625",,"sapling","Live",1.2,10,,,,,,,"Full shade",,,,,,,"O5a0fCTym/tRVPDspp8qfhUen+KQCQ2e","UsnPQQcli111AMZqi8tbyKhlJbCgom80","legacyData"
"bd8d9592-e708-48f4-8a41-00db4ac64c66","UKFS_053.basePlot.vst","2015-09-01","vst_UKFS_2015","D06","UKFS","UKFS_053",,"NEON.PLA.D06.UKFS.02636",,"single bole tree","Live, insect damaged",17.7,130,,,,,,,"Mostly shaded",,,,,,,"O5a0fCTym/tRVPDspp8qfhUen+KQCQ2e","UsnPQQcli111AMZqi8tbyKhlJbCgom80","legacyData"
"f65cdb18-1289-48bb-b205-0317bf622d63","UKFS_044.basePlot.vst","2015-09-01","vst_UKFS_2015","D06","UKFS","UKFS_044",,"NEON.PLA.D06.UKFS.00855",,"small tree","Standing dead",4.2,130,,,,,,,"Full shade",,,,,,,"i4noBcO6tGRKu7kCP4TjhfaWosQZzRnG","5t9bvoSAq+cOxiWWXGv0DoMtbGlc7Ful","legacyData"
"bace3230-bf21-4662-a192-33e0f2c0f493","UKFS_044.basePlot.vst","2015-09-01","vst_UKFS_2015","D06","UKFS","UKFS_044",,"NEON.PLA.D06.UKFS.00853",,"single bole tree","Live",16.0,130,,,,,,,"Mostly shaded",,,,,,,"i4noBcO6tGRKu7kCP4TjhfaWosQZzRnG","5t9bvoSAq+cOxiWWXGv0DoMtbGlc7Ful","legacyData"
"521cdb7c-e66b-4237-9a5c-c421ef75b2aa","UKFS_044.basePlot.vst","2015-09-01","vst_UKFS_2015","D06","UKFS","UKFS_044",,"NEON.PLA.D06.UKFS.00832",,"liana","Standing dead",10.2,130,,,,,,,"Partially shaded",,,,,,,"5t9bvoSAq+cOxiWWXGv0DoMtbGlc7Ful","i4noBcO6tGRKu7kCP4TjhfaWosQZzRnG","legacyData"
"5bc695b9-c332-4cae-95f1-1814549d096a","UKFS_044.basePlot.vst","2015-09-01","vst_UKFS_2015","D06","UKFS","UKFS_044",,"NEON.PLA.D06.UKFS.00830",,"single bole tree","Standing dead",35.7,130,,,,,,,"Partially shaded",,,,,,,"5t9bvoSAq+cOxiWWXGv0DoMtbGlc7Ful","i4noBcO6tGRKu7kCP4TjhfaWosQZzRnG","legacyData"
"90e87bb4-4ee4-4f01-b845-b9fd7e3da646","UKFS_044.basePlot.vst","2015-09-01","vst_UKFS_2015","D06","UKFS","UKFS_044",,"NEON.PLA.D06.UKFS.00849",,"small tree","Standing dead",3.8,130,,,,,,,"Mostly shaded",,,,,,,"i4noBcO6tGRKu7kCP4TjhfaWosQZzRnG","5t9bvoSAq+cOxiWWXGv0DoMtbGlc7Ful","legacyData"
"cd19fcfd-6127-45a5-b87a-eed5bfb4c8cb","UKFS_053.basePlot.vst","2015-09-01","vst_UKFS_2015","D06","UKFS","UKFS_053",,"NEON.PLA.D06.UKFS.02610",,"small tree","Standing dead",4.6,130,,,,,,,"Mostly shaded",,,,,,,"O5a0fCTym/tRVPDspp8qfhUen+KQCQ2e","UsnPQQcli111AMZqi8tbyKhlJbCgom80","legacyData"
"cb7ad3b1-7d58-4bd2-aa17-5587cbcb6ddc","UKFS_053.basePlot.vst","2015-09-01","vst_UKFS_2015","D06","UKFS","UKFS_053",,"NEON.PLA.D06.UKFS.02656",,"single bole tree","Live, insect damaged",14.9,130,,,,,,,"Partially shaded",,,,,,,"O5a0fCTym/tRVPDspp8qfhUen+KQCQ2e","UsnPQQcli111AMZqi8tbyKhlJbCgom80","legacyData"
"af599949-2fcc-4b36-acd5-fbba1d20eac9","UKFS_053.basePlot.vst","2015-09-01","vst_UKFS_2015","D06","UKFS","UKFS_053",,"NEON.PLA.D06.UKFS.02652",,"single bole tree","Live",35.5,130,,,,,,,"Partially shaded",,,,,,,"O5a0fCTym/tRVPDspp8qfhUen+KQCQ2e","UsnPQQcli111AMZqi8tbyKhlJbCgom80","legacyData"
"8c281b7c-4af1-477b-97ca-8380c0d866e8","UKFS_053.basePlot.vst","2015-09-01","vst_UKFS_2015","D06","UKFS","UKFS_053",,"NEON.PLA.D06.UKFS.02661",,"sapling","Live, insect damaged",1.7,10,,,,,,,"Full shade",,,,,,,"O5a0fCTym/tRVPDspp8qfhUen+KQCQ2e","UsnPQQcli111AMZqi8tbyKhlJbCgom80","legacyData"
"ae73da78-e5ad-4a2b-9930-6fbdafa11fe0","UKFS_053.basePlot.vst","2015-09-01","vst_UKFS_2015","D06","UKFS","UKFS_053",,"NEON.PLA.D06.UKFS.00617",,"sapling","Live, insect damaged",2.2,10,,,,,,,"Full shade",,,,,,,"O5a0fCTym/tRVPDspp8qfhUen+KQCQ2e","UsnPQQcli111AMZqi8tbyKhlJbCgom80","legacyData"
"7cebf7df-9fdc-4808-9aee-5b15e4dff2c5","UKFS_044.basePlot.vst","2015-09-01","vst_UKFS_2015","D06","UKFS","UKFS_044",,"NEON.PLA.D06.UKFS.00856A",,,"Live",56.7,80,,,,,,,"Partially shaded",,,,,,,"i4noBcO6tGRKu7kCP4TjhfaWosQZzRnG","5t9bvoSAq+cOxiWWXGv0DoMtbGlc7Ful","legacyData"
"e9f858cc-3104-4b05-be5c-096b61a5447d","UKFS_053.basePlot.vst","2015-09-01","vst_UKFS_2015","D06","UKFS","UKFS_053",,"NEON.PLA.D06.UKFS.02665",,"single bole tree","Standing dead",46.9,130,,,,,,,"Partially shaded",,,,,,,"O5a0fCTym/tRVPDspp8qfhUen+KQCQ2e","UsnPQQcli111AMZqi8tbyKhlJbCgom80","legacyData"
"42e5fad3-5bfc-46b0-bea4-1d296854be27","UKFS_044.basePlot.vst","2015-09-01","vst_UKFS_2015","D06","UKFS","UKFS_044",,"NEON.PLA.D06.UKFS.00854",,"single bole tree","Standing dead",24.1,130,,,,,,,"Mostly shaded",,,,,,,"i4noBcO6tGRKu7kCP4TjhfaWosQZzRnG","5t9bvoSAq+cOxiWWXGv0DoMtbGlc7Ful","legacyData"
"c451808b-8b88-46e7-9bd3-98bee0c49129","UKFS_053.basePlot.vst","2015-09-01","vst_UKFS_2015","D06","UKFS","UKFS_053",,"NEON.PLA.D06.UKFS.02633",,"liana","Live",2.1,130,,,,,,,"Mostly shaded",,,,,,,"O5a0fCTym/tRVPDspp8qfhUen+KQCQ2e","UsnPQQcli111AMZqi8tbyKhlJbCgom80","legacyData"
"2b1384a6-99a4-471d-98bc-858a6e4bc97a","UKFS_044.basePlot.vst","2015-09-01","vst_UKFS_2015","D06","UKFS","UKFS_044",,"NEON.PLA.D06.UKFS.00827",,"single bole tree","Live",33.4,130,,,,,,,"Partially shaded",,,,,,,"5t9bvoSAq+cOxiWWXGv0DoMtbGlc7Ful","i4noBcO6tGRKu7kCP4TjhfaWosQZzRnG","legacyData"
"9b48b5d6-dfe0-439d-9e92-b2400dcb0cae","UKFS_053.basePlot.vst","2015-09-01","vst_UKFS_2015","D06","UKFS","UKFS_053",,"NEON.PLA.D06.UKFS.02657",,"small tree","Live",5.5,130,,,,,,,"Mostly shaded",,,,,,,"O5a0fCTym/tRVPDspp8qfhUen+KQCQ2e","UsnPQQcli111AMZqi8tbyKhlJbCgom80","legacyData"
"99fb6841-0077-4b67-8b47-75106d950ec5","UKFS_044.basePlot.vst","2015-09-01","vst_UKFS_2015","D06","UKFS","UKFS_044",,"NEON.PLA.D06.UKFS.00862",,"small tree","Live",9.0,130,,,,,,,"Mostly shaded",,,,,,,"i4noBcO6tGRKu7kCP4TjhfaWosQZzRnG","5t9bvoSAq+cOxiWWXGv0DoMtbGlc7Ful","legacyData"
"c95e9336-cff9-4daa-b1db-9f18c9cd2968","UKFS_053.basePlot.vst","2015-09-01","vst_UKFS_2015","D06","UKFS","UKFS_053",,"NEON.PLA.D06.UKFS.02631",,"single bole tree","Standing dead",14.5,130,,,,,,,"Mostly shaded",,,,,,,"O5a0fCTym/tRVPDspp8qfhUen+KQCQ2e","UsnPQQcli111AMZqi8tbyKhlJbCgom80","legacyData"
"38817957-2f5f-4b96-8026-a7119e475c99","UKFS_044.basePlot.vst","2015-09-01","vst_UKFS_2015","D06","UKFS","UKFS_044",,"NEON.PLA.D06.UKFS.00834",,"single bole tree","Standing dead",15.4,130,,,,,,,"Mostly shaded",,,,,,,"5t9bvoSAq+cOxiWWXGv0DoMtbGlc7Ful","i4noBcO6tGRKu7kCP4TjhfaWosQZzRnG","legacyData"
"4fade258-fa45-496d-97e0-d45b0753bdef","UKFS_053.basePlot.vst","2015-09-01","vst_UKFS_2015","D06","UKFS","UKFS_053",,"NEON.PLA.D06.UKFS.02649",,"sapling","Live, insect damaged",1.4,10,,,,,,,"Full shade",,,,,,,"O5a0fCTym/tRVPDspp8qfhUen+KQCQ2e","UsnPQQcli111AMZqi8tbyKhlJbCgom80","legacyData"
"04daf402-bc08-47f9-99bc-47005b969dec","UKFS_044.basePlot.vst","2015-09-01","vst_UKFS_2015","D06","UKFS","UKFS_044",,"NEON.PLA.D06.UKFS.00863",,"single bole tree","Live",10.0,130,,,,,,,"Mostly shaded",,,,,,,"i4noBcO6tGRKu7kCP4TjhfaWosQZzRnG","5t9bvoSAq+cOxiWWXGv0DoMtbGlc7Ful","legacyData"
"2eaee588-109e-4f14-b0c3-bf4c2f97a4d1","UKFS_053.basePlot.vst","2015-09-01","vst_UKFS_2015","D06","UKFS","UKFS_053",,"NEON.PLA.D06.UKFS.02663",,"sapling","Live, insect damaged",1.2,10,,,,,,,"Full shade",,,,,,,"O5a0fCTym/tRVPDspp8qfhUen+KQCQ2e","UsnPQQcli111AMZqi8tbyKhlJbCgom80","legacyData"
"bc341b57-d628-4f29-a2f3-bd72c61c3998","UKFS_053.basePlot.vst","2015-09-01","vst_UKFS_2015","D06","UKFS","UKFS_053",,"NEON.PLA.D06.UKFS.02629",,"small tree","Live, insect damaged",7.2,130,,,,,,,"Mostly shaded",,,,,,,"O5a0fCTym/tRVPDspp8qfhUen+KQCQ2e","UsnPQQcli111AMZqi8tbyKhlJbCgom80","legacyData"
"d3e6f4d7-34c0-4eaa-b1ae-c4cb580386fb","UKFS_053.basePlot.vst","2015-09-01","vst_UKFS_2015","D06","UKFS","UKFS_053",,"NEON.PLA.D06.UKFS.02635",,"single bole tree","Live, insect damaged",34.2,130,,,,,,,"Partially shaded",,,,,,,"O5a0fCTym/tRVPDspp8qfhUen+KQCQ2e","UsnPQQcli111AMZqi8tbyKhlJbCgom80","legacyData"
"ff8082b0-6b62-4c71-b382-83b0f8783c70","UKFS_053.basePlot.vst","2015-09-01","vst_UKFS_2015","D06","UKFS","UKFS_053",,"NEON.PLA.D06.UKFS.02630",,"multi-bole tree","Standing dead",30.6,50,,,,,,,"Partially shaded",,,,,,,"O5a0fCTym/tRVPDspp8qfhUen+KQCQ2e","UsnPQQcli111AMZqi8tbyKhlJbCgom80","legacyData"
"a29eb588-bd90-4c99-af55-cbd0ed707632","UKFS_053.basePlot.vst","2015-09-01","vst_UKFS_2015","D06","UKFS","UKFS_053",,"NEON.PLA.D06.UKFS.00631",,"single bole tree","Live, insect damaged",38.8,130,,,,,,,"Partially shaded",,,,,,,"O5a0fCTym/tRVPDspp8qfhUen+KQCQ2e","UsnPQQcli111AMZqi8tbyKhlJbCgom80","legacyData"
"c59d1765-ef96-4385-a68d-ed7757caddf1","UKFS_053.basePlot.vst","2015-09-01","vst_UKFS_2015","D06","UKFS","UKFS_053",,"NEON.PLA.D06.UKFS.02643",,"single bole tree","Live, insect damaged",16.1,130,,,,,,,"Partially shaded",,,,,,,"O5a0fCTym/tRVPDspp8qfhUen+KQCQ2e","UsnPQQcli111AMZqi8tbyKhlJbCgom80","legacyData"
"f92cbcbf-f752-46d6-9836-272b561f8b11","UKFS_053.basePlot.vst","2015-09-01","vst_UKFS_2015","D06","UKFS","UKFS_053",,"NEON.PLA.D06.UKFS.02626",,"small tree","Live, insect damaged",3.5,130,,,,,,,"Mostly shaded",,,,,,,"O5a0fCTym/tRVPDspp8qfhUen+KQCQ2e","UsnPQQcli111AMZqi8tbyKhlJbCgom80","legacyData"
"d06a195a-40f2-4f9f-b5f7-1f56e9d73072","UKFS_053.basePlot.vst","2015-09-01","vst_UKFS_2015","D06","UKFS","UKFS_053",,"NEON.PLA.D06.UKFS.02648",,"single bole tree","Live, insect damaged",23.2,130,,,,,,,"Partially shaded",,,,,,,"O5a0fCTym/tRVPDspp8qfhUen+KQCQ2e","UsnPQQcli111AMZqi8tbyKhlJbCgom80","legacyData"
"f8499036-57c7-4cc0-8666-6849513617f3","UKFS_044.basePlot.vst","2015-09-01","vst_UKFS_2015","D06","UKFS","UKFS_044",,"NEON.PLA.D06.UKFS.00825",,"small tree","Live,  other damage",8.0,130,,,,,,,"Mostly shaded",,,,,,,"5t9bvoSAq+cOxiWWXGv0DoMtbGlc7Ful","i4noBcO6tGRKu7kCP4TjhfaWosQZzRnG","legacyData"
"e5d8d7d0-1bf2-481d-b9af-08b52115c15d","UKFS_053.basePlot.vst","2015-09-01","vst_UKFS_2015","D06","UKFS","UKFS_053",,"NEON.PLA.D06.UKFS.02653",,"sapling","Live, insect damaged",1.2,10,,,,,,,"Full shade",,,,,,,"O5a0fCTym/tRVPDspp8qfhUen+KQCQ2e","UsnPQQcli111AMZqi8tbyKhlJbCgom80","legacyData"
"7322ab22-7e26-4a9c-aeb5-3b7f24ab2a76","UKFS_053.basePlot.vst","2015-09-01","vst_UKFS_2015","D06","UKFS","UKFS_053",,"NEON.PLA.D06.UKFS.02628",,"small tree","Standing dead",9.9,130,,,,,,,"Mostly shaded",,,,,,,"O5a0fCTym/tRVPDspp8qfhUen+KQCQ2e","UsnPQQcli111AMZqi8tbyKhlJbCgom80","legacyData"
"1cd4f914-acad-4025-8265-d5b5cde37210","UKFS_044.basePlot.vst","2015-09-01","vst_UKFS_2015","D06","UKFS","UKFS_044",,"NEON.PLA.D06.UKFS.00836",,"single bole tree","Live",84.2,130,,,,,,,"Full sun",,,,,,,"5t9bvoSAq+cOxiWWXGv0DoMtbGlc7Ful","i4noBcO6tGRKu7kCP4TjhfaWosQZzRnG","legacyData"
"5fd6d0bb-2759-4d2f-994f-8b7fdb36552c","UKFS_053.basePlot.vst","2015-09-01","vst_UKFS_2015","D06","UKFS","UKFS_053",,"NEON.PLA.D06.UKFS.02666",,"small tree","Standing dead",7.8,130,2.0,,,,6.3,,"Mostly shaded",,,,,,,"O5a0fCTym/tRVPDspp8qfhUen+KQCQ2e","UsnPQQcli111AMZqi8tbyKhlJbCgom80","legacyData"
"54071448-62b5-4daf-b599-3d1667cb8e8d","UKFS_044.basePlot.vst","2015-09-01","vst_UKFS_2015","D06","UKFS","UKFS_044",,"NEON.PLA.D06.UKFS.00852",,"sapling","Standing dead",1.4,10,,,,,,,"Mostly shaded",,,,,,,"i4noBcO6tGRKu7kCP4TjhfaWosQZzRnG","5t9bvoSAq+cOxiWWXGv0DoMtbGlc7Ful","legacyData"
"bcf0984a-f7b7-4def-bae4-7758d160294f","UKFS_053.basePlot.vst","2015-09-01","vst_UKFS_2015","D06","UKFS","UKFS_053",,"NEON.PLA.D06.UKFS.02623",,"small tree","Standing dead",2.5,130,,,,,,,"Mostly shaded",,,,,,,"O5a0fCTym/tRVPDspp8qfhUen+KQCQ2e","UsnPQQcli111AMZqi8tbyKhlJbCgom80","legacyData"
"6bb7f1eb-7ac6-43b8-92e3-2488e8ecfe78","UKFS_053.basePlot.vst","2015-09-01","vst_UKFS_2015","D06","UKFS","UKFS_053",,"NEON.PLA.D06.UKFS.02618",,"small tree","Live, insect damaged",8.8,130,,,,,,,"Mostly shaded",,,,,,,"O5a0fCTym/tRVPDspp8qfhUen+KQCQ2e","UsnPQQcli111AMZqi8tbyKhlJbCgom80","legacyData"
"f49a5feb-b9be-40a2-9433-854e2d6bdfd4","UKFS_044.basePlot.vst","2015-09-01","vst_UKFS_2015","D06","UKFS","UKFS_044",,"NEON.PLA.D06.UKFS.00869",,"small tree","Live",5.7,130,,,,,,,"Mostly shaded",,,,,,,"i4noBcO6tGRKu7kCP4TjhfaWosQZzRnG","5t9bvoSAq+cOxiWWXGv0DoMtbGlc7Ful","legacyData"
"096adc4c-36cf-4644-92d1-44aef6b923a3","UKFS_053.basePlot.vst","2015-09-01","vst_UKFS_2015","D06","UKFS","UKFS_053",,"NEON.PLA.D06.UKFS.02632",,"small tree","Standing dead",7.5,130,,,,,,,"Mostly shaded",,,,,,,"O5a0fCTym/tRVPDspp8qfhUen+KQCQ2e","UsnPQQcli111AMZqi8tbyKhlJbCgom80","legacyData"
"96d7b054-fee9-4d40-b4e9-e2fdcbb20cc5","UKFS_053.basePlot.vst","2015-09-01","vst_UKFS_2015","D06","UKFS","UKFS_053",,"NEON.PLA.D06.UKFS.02637",,"single bole tree","Live",17.7,130,,,,,,,"Partially shaded",,,,,,,"O5a0fCTym/tRVPDspp8qfhUen+KQCQ2e","UsnPQQcli111AMZqi8tbyKhlJbCgom80","legacyData"
"28c68b8a-79a8-4449-977a-c54e7df3c851","UKFS_044.basePlot.vst","2015-09-01","vst_UKFS_2015","D06","UKFS","UKFS_044",,"NEON.PLA.D06.UKFS.00857",,"small tree","Standing dead",7.1,130,,,,,,,"Mostly shaded",,,,,,,"i4noBcO6tGRKu7kCP4TjhfaWosQZzRnG","5t9bvoSAq+cOxiWWXGv0DoMtbGlc7Ful","legacyData"
"9d7608bd-c55c-4246-aca9-1c36c61ebcab","UKFS_044.basePlot.vst","2015-09-01","vst_UKFS_2015","D06","UKFS","UKFS_044",,"NEON.PLA.D06.UKFS.00872",,"sapling","Standing dead",1.1,10,,,,,,,"Full shade",,,,,,,"i4noBcO6tGRKu7kCP4TjhfaWosQZzRnG","5t9bvoSAq+cOxiWWXGv0DoMtbGlc7Ful","legacyData"
"f2c173d0-c248-4bc2-8721-14ecf8a6b946","UKFS_053.basePlot.vst","2015-09-01","vst_UKFS_2015","D06","UKFS","UKFS_053",,"NEON.PLA.D06.UKFS.02984",,"single bole tree","Live, insect damaged",15.4,130,,,,,,,"Mostly shaded",,,,,,,"O5a0fCTym/tRVPDspp8qfhUen+KQCQ2e","UsnPQQcli111AMZqi8tbyKhlJbCgom80","legacyData"
"68db829c-ced1-49da-806b-0ef6cdb3be4a","UKFS_044.basePlot.vst","2015-09-01","vst_UKFS_2015","D06","UKFS","UKFS_044",,"NEON.PLA.D06.UKFS.00865",,"multi-bole tree","Live",45.7,70,,,,,,,"Partially shaded",,,,,,,"i4noBcO6tGRKu7kCP4TjhfaWosQZzRnG","5t9bvoSAq+cOxiWWXGv0DoMtbGlc7Ful","legacyData"
"b96efea5-dc78-4f85-9a85-80a9b899d624","UKFS_053.basePlot.vst","2015-09-01","vst_UKFS_2015","D06","UKFS","UKFS_053",,"NEON.PLA.D06.UKFS.02603",,"single bole tree","Live, insect damaged",32.7,130,,,,,,,"Partially shaded",,,,,,,"O5a0fCTym/tRVPDspp8qfhUen+KQCQ2e","UsnPQQcli111AMZqi8tbyKhlJbCgom80","legacyData"
"c8a95c4a-8abb-49ce-9463-8776e5c59e55","UKFS_053.basePlot.vst","2015-09-01","vst_UKFS_2015","D06","UKFS","UKFS_053",,"NEON.PLA.D06.UKFS.02662",,"sapling","Live, insect damaged",2.0,10,,,,,,,"Full shade",,,,,,,"O5a0fCTym/tRVPDspp8qfhUen+KQCQ2e","UsnPQQcli111AMZqi8tbyKhlJbCgom80","legacyData"
"8df77d7c-0a0a-4f15-a513-3929a986bd0c","UKFS_053.basePlot.vst","2015-09-01","vst_UKFS_2015","D06","UKFS","UKFS_053",,"NEON.PLA.D06.UKFS.02654",,"sapling","Live, insect damaged",1.2,10,,,,,,,"Full shade",,,,,,,"O5a0fCTym/tRVPDspp8qfhUen+KQCQ2e","UsnPQQcli111AMZqi8tbyKhlJbCgom80","legacyData"
"54b9af17-1e27-4d4b-bff1-80dd63f4dc06","UKFS_053.basePlot.vst","2015-09-01","vst_UKFS_2015","D06","UKFS","UKFS_053",,"NEON.PLA.D06.UKFS.02983",,"multi-bole tree","Live, insect damaged",32.4,130,,,,,,,"Partially shaded",,,,,,,"O5a0fCTym/tRVPDspp8qfhUen+KQCQ2e","UsnPQQcli111AMZqi8tbyKhlJbCgom80","legacyData"
"f00c7766-968d-43d1-84f0-181b8c3a3185","UKFS_053.basePlot.vst","2015-09-01","vst_UKFS_2015","D06","UKFS","UKFS_053",,"NEON.PLA.D06.UKFS.00634",,"single bole tree","Live, insect damaged",11.5,130,,,,,,,"Mostly shaded",,,,,,,"O5a0fCTym/tRVPDspp8qfhUen+KQCQ2e","UsnPQQcli111AMZqi8tbyKhlJbCgom80","legacyData"
"9c46b871-e659-4a6e-b7f5-b5fe03bace0a","UKFS_053.basePlot.vst","2015-09-01","vst_UKFS_2015","D06","UKFS","UKFS_053",,"NEON.PLA.D06.UKFS.02655",,"single bole tree","Live",25.6,130,,,,,,,"Partially shaded",,,,,,,"O5a0fCTym/tRVPDspp8qfhUen+KQCQ2e","UsnPQQcli111AMZqi8tbyKhlJbCgom80","legacyData"
"a4a72cef-ef0d-49cf-8ea3-0db669586bc1","UKFS_044.basePlot.vst","2015-09-01","vst_UKFS_2015","D06","UKFS","UKFS_044",,"NEON.PLA.D06.UKFS.00865A",,,"Live",45.7,70,,,,,,,"Partially shaded",,,,,,,"i4noBcO6tGRKu7kCP4TjhfaWosQZzRnG","5t9bvoSAq+cOxiWWXGv0DoMtbGlc7Ful","legacyData"
"d7f57180-aa35-4a69-9107-d7f28d5c785c","UKFS_053.basePlot.vst","2015-09-01","vst_UKFS_2015","D06","UKFS","UKFS_053",,"NEON.PLA.D06.UKFS.02669",,"small tree","Live, insect damaged",9.8,130,,,,,,,"Mostly shaded",,,,,,,"O5a0fCTym/tRVPDspp8qfhUen+KQCQ2e","UsnPQQcli111AMZqi8tbyKhlJbCgom80","legacyData"
"9e9ba2b8-128a-4370-8ecc-2ff4c73ce7d6","UKFS_053.basePlot.vst","2015-09-01","vst_UKFS_2015","D06","UKFS","UKFS_053",,"NEON.PLA.D06.UKFS.02992",,"sapling","Live, insect damaged",1.3,10,,,,,,,"Full shade",,,,,,,"O5a0fCTym/tRVPDspp8qfhUen+KQCQ2e","UsnPQQcli111AMZqi8tbyKhlJbCgom80","legacyData"
"98b46a22-c86e-4358-b71a-8c2f035d986b","UKFS_053.basePlot.vst","2015-09-01","vst_UKFS_2015","D06","UKFS","UKFS_053",,"NEON.PLA.D06.UKFS.02996",,"sapling","Live, insect damaged",1.0,10,,,,,,,"Full shade",,,,,,,"O5a0fCTym/tRVPDspp8qfhUen+KQCQ2e","UsnPQQcli111AMZqi8tbyKhlJbCgom80","legacyData"
"960fdea3-533a-4fd9-809c-8f83b56c596c","UKFS_053.basePlot.vst","2015-09-01","vst_UKFS_2015","D06","UKFS","UKFS_053",,"NEON.PLA.D06.UKFS.02622",,"single bole tree","Live, insect damaged",14.4,130,,,,,,,"Partially shaded",,,,,,,"O5a0fCTym/tRVPDspp8qfhUen+KQCQ2e","UsnPQQcli111AMZqi8tbyKhlJbCgom80","legacyData"
"184ffe75-f9d6-43f7-850f-4a19836155e2","UKFS_053.basePlot.vst","2015-09-01","vst_UKFS_2015","D06","UKFS","UKFS_053",,"NEON.PLA.D06.UKFS.02658",,"single bole tree","Live, insect damaged",11.5,13,,,,,,,"Mostly shaded",,,,,,,"O5a0fCTym/tRVPDspp8qfhUen+KQCQ2e","UsnPQQcli111AMZqi8tbyKhlJbCgom80","legacyData"
"ae22223f-fd7c-4551-b706-daabcabf468e","UKFS_044.basePlot.vst","2015-09-01","vst_UKFS_2015","D06","UKFS","UKFS_044",,"NEON.PLA.D06.UKFS.00833",,"small tree","Live",7.5,130,,,,,,,"Mostly shaded",,,,,,,"5t9bvoSAq+cOxiWWXGv0DoMtbGlc7Ful","i4noBcO6tGRKu7kCP4TjhfaWosQZzRnG","legacyData"
"9a04b0ab-4bf0-46ba-9cb1-b27fc14acda5","UKFS_044.basePlot.vst","2015-09-01","vst_UKFS_2015","D06","UKFS","UKFS_044",,"NEON.PLA.D06.UKFS.00835",,"single bole tree","Live",15.8,130,,,,,,,"Mostly shaded",,,,,,,"5t9bvoSAq+cOxiWWXGv0DoMtbGlc7Ful","i4noBcO6tGRKu7kCP4TjhfaWosQZzRnG","legacyData"
"72185fc6-8aea-404c-9d05-b09009498735","UKFS_044.basePlot.vst","2015-09-01","vst_UKFS_2015","D06","UKFS","UKFS_044",,"NEON.PLA.D06.UKFS.00868",,"single bole tree","Live",38.5,130,,,,,,,"Partially shaded",,,,,,,"i4noBcO6tGRKu7kCP4TjhfaWosQZzRnG","5t9bvoSAq+cOxiWWXGv0DoMtbGlc7Ful","legacyData"
"66568c2e-cb54-4ca6-904d-59268a27aef5","UKFS_044.basePlot.vst","2015-09-01","vst_UKFS_2015","D06","UKFS","UKFS_044",,"NEON.PLA.D06.UKFS.00858",,"single bole tree","Live",13.6,130,,,,,,,"Mostly shaded",,,,,,,"i4noBcO6tGRKu7kCP4TjhfaWosQZzRnG","5t9bvoSAq+cOxiWWXGv0DoMtbGlc7Ful","legacyData"
"5dadc2a0-0ea3-4ba9-bca8-cc580b7b1b49","UKFS_044.basePlot.vst","2015-09-01","vst_UKFS_2015","D06","UKFS","UKFS_044",,"NEON.PLA.D06.UKFS.00844",,"single bole tree","Live",40.7,130,,,,,,,"Partially shaded",,,,,,,"5t9bvoSAq+cOxiWWXGv0DoMtbGlc7Ful","i4noBcO6tGRKu7kCP4TjhfaWosQZzRnG","legacyData"
"9b480e00-8d2a-495c-ae98-b85d6002ff3e","UKFS_044.basePlot.vst","2015-09-01","vst_UKFS_2015","D06","UKFS","UKFS_044",,"NEON.PLA.D06.UKFS.00828",,"single bole tree","Live",33.5,130,,,,,,,"Full sun",,,,,,,"5t9bvoSAq+cOxiWWXGv0DoMtbGlc7Ful","i4noBcO6tGRKu7kCP4TjhfaWosQZzRnG","legacyData"
"72f0d4dc-6345-430f-a4bf-4f4d5fbf23da","UKFS_053.basePlot.vst","2015-09-01","vst_UKFS_2015","D06","UKFS","UKFS_053",,"NEON.PLA.D06.UKFS.00622",,"sapling","Live",1.3,10,,,,,,,"Full shade",,,,,,,"O5a0fCTym/tRVPDspp8qfhUen+KQCQ2e","UsnPQQcli111AMZqi8tbyKhlJbCgom80","legacyData"
"94f6eea1-3228-423d-a4c8-ca60b6b9f4f3","UKFS_044.basePlot.vst","2015-09-01","vst_UKFS_2015","D06","UKFS","UKFS_044",,"NEON.PLA.D06.UKFS.00831",,"small tree","Live, insect damaged",7.5,130,,,,,,,"Mostly shaded",,,,,,,"5t9bvoSAq+cOxiWWXGv0DoMtbGlc7Ful","i4noBcO6tGRKu7kCP4TjhfaWosQZzRnG","legacyData"
"eeb119cd-42ad-41b2-a56e-d2fc469d8557","UKFS_044.basePlot.vst","2015-09-01","vst_UKFS_2015","D06","UKFS","UKFS_044",,"NEON.PLA.D06.UKFS.00850",,"single bole tree","Standing dead",27.8,130,,,,,,,"Partially shaded",,,,,,,"i4noBcO6tGRKu7kCP4TjhfaWosQZzRnG","5t9bvoSAq+cOxiWWXGv0DoMtbGlc7Ful","legacyData"
"92a7eb7a-664f-439d-88ba-c3d3209db9c9","UKFS_044.basePlot.vst","2015-09-01","vst_UKFS_2015","D06","UKFS","UKFS_044",,"NEON.PLA.D06.UKFS.00860",,"single bole tree","Live",72.8,130,,,,,,,"Partially shaded",,,,,,,"i4noBcO6tGRKu7kCP4TjhfaWosQZzRnG","5t9bvoSAq+cOxiWWXGv0DoMtbGlc7Ful","legacyData"
"5827b4ef-6d29-4f81-9c2e-41d079abc1e5","UKFS_053.basePlot.vst","2015-09-01","vst_UKFS_2015","D06","UKFS","UKFS_053",,"NEON.PLA.D06.UKFS.02601",,"single bole tree","Live, insect damaged",27.5,130,,,,,,,"Partially shaded",,,,,,,"O5a0fCTym/tRVPDspp8qfhUen+KQCQ2e","UsnPQQcli111AMZqi8tbyKhlJbCgom80","legacyData"
"096477a8-839c-4caf-b49b-7f4be8931b8e","UKFS_053.basePlot.vst","2015-09-01","vst_UKFS_2015","D06","UKFS","UKFS_053",,"NEON.PLA.D06.UKFS.00636",,"sapling","Live, insect damaged",1.1,10,,,,,,,"Full shade",,,,,,,"O5a0fCTym/tRVPDspp8qfhUen+KQCQ2e","UsnPQQcli111AMZqi8tbyKhlJbCgom80","legacyData"
"e4197ed1-fa03-4a06-95e8-f7201e8a1442","UKFS_053.basePlot.vst","2015-09-01","vst_UKFS_2015","D06","UKFS","UKFS_053",,"NEON.PLA.D06.UKFS.02989",,"single bole tree","Live",39.2,130,,,,,,,"Partially shaded",,,,,,,"O5a0fCTym/tRVPDspp8qfhUen+KQCQ2e","UsnPQQcli111AMZqi8tbyKhlJbCgom80","legacyData"
"16862fd6-8b72-4bcb-889e-8769cd1468e5","UKFS_053.basePlot.vst","2015-09-01","vst_UKFS_2015","D06","UKFS","UKFS_053",,"NEON.PLA.D06.UKFS.02994",,"small tree","Live, insect damaged",1.8,130,,,,,,,"Full shade",,,,,,,"O5a0fCTym/tRVPDspp8qfhUen+KQCQ2e","UsnPQQcli111AMZqi8tbyKhlJbCgom80","legacyData"
"248a61a1-d454-44e1-94b8-910f0c36d86c","UKFS_053.basePlot.vst","2015-09-01","vst_UKFS_2015","D06","UKFS","UKFS_053",,"NEON.PLA.D06.UKFS.02987",,"single bole tree","Live",27.7,130,,,,,,,"Partially shaded",,,,,,,"O5a0fCTym/tRVPDspp8qfhUen+KQCQ2e","UsnPQQcli111AMZqi8tbyKhlJbCgom80","legacyData"
"649af69e-e89e-4296-a77b-6018c82f5d62","UKFS_053.basePlot.vst","2015-09-01","vst_UKFS_2015","D06","UKFS","UKFS_053",,"NEON.PLA.D06.UKFS.02616",,"small tree","Live, insect damaged",7.1,130,,,,,,,"Mostly shaded",,,,,,,"O5a0fCTym/tRVPDspp8qfhUen+KQCQ2e","UsnPQQcli111AMZqi8tbyKhlJbCgom80","legacyData"
"fea07e0c-3c59-4bfc-a2d7-9a5434c601fe","UKFS_053.basePlot.vst","2015-09-01","vst_UKFS_2015","D06","UKFS","UKFS_053",,"NEON.PLA.D06.UKFS.02611",,"single bole tree","Live, insect damaged",13.3,130,,,,,,,"Partially shaded",,,,,,,"O5a0fCTym/tRVPDspp8qfhUen+KQCQ2e","UsnPQQcli111AMZqi8tbyKhlJbCgom80","legacyData"
"e2b54bd0-31c9-4647-b0cf-04fc46d95d46","UKFS_053.basePlot.vst","2015-09-01","vst_UKFS_2015","D06","UKFS","UKFS_053",,"NEON.PLA.D06.UKFS.02612",,"single bole tree","Live",33.6,130,,,,,,,"Full sun",,,,,,,"O5a0fCTym/tRVPDspp8qfhUen+KQCQ2e","UsnPQQcli111AMZqi8tbyKhlJbCgom80","legacyData"
"e2d3dac7-7a3f-43b4-a9f4-cd1796639117","UKFS_053.basePlot.vst","2015-09-01","vst_UKFS_2015","D06","UKFS","UKFS_053",,"NEON.PLA.D06.UKFS.02619",,"single bole tree","Live, insect damaged",14.9,130,,,,,,,"Partially shaded",,,,,,,"O5a0fCTym/tRVPDspp8qfhUen+KQCQ2e","UsnPQQcli111AMZqi8tbyKhlJbCgom80","legacyData"
"cfadfa45-c252-4725-af03-920bfd48ef51","UKFS_053.basePlot.vst","2015-09-01","vst_UKFS_2015","D06","UKFS","UKFS_053",,"NEON.PLA.D06.UKFS.02639",,"single bole tree","Live, insect damaged",12.7,130,,,,,,,"Mostly shaded",,,,,,,"O5a0fCTym/tRVPDspp8qfhUen+KQCQ2e","UsnPQQcli111AMZqi8tbyKhlJbCgom80","legacyData"
"896441e0-1cb5-49f5-9b37-17b58ee9de8b","UKFS_053.basePlot.vst","2015-09-01","vst_UKFS_2015","D06","UKFS","UKFS_053",,"NEON.PLA.D06.UKFS.02672",,"small tree","Live, insect damaged",5.3,130,,,,,,,"Full shade",,,,,,,"O5a0fCTym/tRVPDspp8qfhUen+KQCQ2e","UsnPQQcli111AMZqi8tbyKhlJbCgom80","legacyData"
"a15f69b6-d85b-402f-a2e0-d737cde2b65c","UKFS_053.basePlot.vst","2015-09-01","vst_UKFS_2015","D06","UKFS","UKFS_053",,"NEON.PLA.D06.UKFS.00614",,"small tree","Live",7.2,130,,,,,,,"Mostly shaded",,,,,,,"O5a0fCTym/tRVPDspp8qfhUen+KQCQ2e","UsnPQQcli111AMZqi8tbyKhlJbCgom80","legacyData"
"9072b5d8-e344-4f38-910c-27115a73bbf1","UKFS_053.basePlot.vst","2015-09-01","vst_UKFS_2015","D06","UKFS","UKFS_053",,"NEON.PLA.D06.UKFS.02990",,"single bole tree","Live, insect damaged",21.5,130,,,,,,,"Partially shaded",,,,,,,"O5a0fCTym/tRVPDspp8qfhUen+KQCQ2e","UsnPQQcli111AMZqi8tbyKhlJbCgom80","legacyData"
"4d81d9fe-17e7-427d-b50e-e50f847f14fe","UKFS_053.basePlot.vst","2015-09-01","vst_UKFS_2015","D06","UKFS","UKFS_053",,"NEON.PLA.D06.UKFS.02627",,"small tree","Live, insect damaged",5.0,130,,,,,,,"Mostly shaded",,,,,,,"O5a0fCTym/tRVPDspp8qfhUen+KQCQ2e","UsnPQQcli111AMZqi8tbyKhlJbCgom80","legacyData"
"c29b3f29-c656-4bae-acda-e81e2d4aa897","UKFS_044.basePlot.vst","2015-09-01","vst_UKFS_2015","D06","UKFS","UKFS_044",,"NEON.PLA.D06.UKFS.00842",,"single bole tree","Live",33.6,130,,,,,,,"Partially shaded",,,,,,,"5t9bvoSAq+cOxiWWXGv0DoMtbGlc7Ful","i4noBcO6tGRKu7kCP4TjhfaWosQZzRnG","legacyData"
"4f9d3b26-d929-4746-940e-39c4c6569ca9","UKFS_044.basePlot.vst","2015-09-01","vst_UKFS_2015","D06","UKFS","UKFS_044",,"NEON.PLA.D06.UKFS.00821",,"single shrub","Standing dead",,,2.5,,,,2.2,1.7,"Mostly shaded","inverted cone",,,2.00,2.00,,"5t9bvoSAq+cOxiWWXGv0DoMtbGlc7Ful","i4noBcO6tGRKu7kCP4TjhfaWosQZzRnG","legacyData"
"01216a7a-aae2-465e-b3a2-37a43b5d25d6","UKFS_044.basePlot.vst","2015-09-01","vst_UKFS_2015","D06","UKFS","UKFS_044",,"NEON.PLA.D06.UKFS.00867",,"single bole tree","Standing dead",11.7,130,5.0,,,,10.0,,"Mostly shaded",,,,,,"BROKEN BOLE","i4noBcO6tGRKu7kCP4TjhfaWosQZzRnG","5t9bvoSAq+cOxiWWXGv0DoMtbGlc7Ful","legacyData"
"78e2eafa-f749-4bde-a015-be1008b5ef5e","UKFS_044.basePlot.vst","2015-09-01","vst_UKFS_2015","D06","UKFS","UKFS_044",,"NEON.PLA.D06.UKFS.00829",,"single bole tree","Live,  other damage",37.7,130,,,,,,,"Partially shaded",,,,,,,"5t9bvoSAq+cOxiWWXGv0DoMtbGlc7Ful","i4noBcO6tGRKu7kCP4TjhfaWosQZzRnG","legacyData"
"6fd03196-07c7-41b4-bf9c-529ed77ebede","UKFS_044.basePlot.vst","2015-09-01","vst_UKFS_2015","D06","UKFS","UKFS_044",,"NEON.PLA.D06.UKFS.00870",,"sapling","Live",1.1,10,,,,,,,"Full shade",,,,,,,"i4noBcO6tGRKu7kCP4TjhfaWosQZzRnG","5t9bvoSAq+cOxiWWXGv0DoMtbGlc7Ful","legacyData"
"938f8465-15b7-45da-b566-63dfce2ab5f4","UKFS_053.basePlot.vst","2015-09-01","vst_UKFS_2015","D06","UKFS","UKFS_053",,"NEON.PLA.D06.UKFS.00601",,"small tree","Live, insect damaged",1.7,130,,,,,,,"Full shade",,,,,,,"O5a0fCTym/tRVPDspp8qfhUen+KQCQ2e","UsnPQQcli111AMZqi8tbyKhlJbCgom80","legacyData"
"d912867d-b872-4304-92b0-abe5dcf17c7f","UKFS_044.basePlot.vst","2015-09-01","vst_UKFS_2015","D06","UKFS","UKFS_044",,"NEON.PLA.D06.UKFS.00847",,"small tree","Live",8.4,130,,,,,,,"Mostly shaded",,,,,,,"i4noBcO6tGRKu7kCP4TjhfaWosQZzRnG","5t9bvoSAq+cOxiWWXGv0DoMtbGlc7Ful","legacyData"
"b352b1dc-2781-4238-b423-8e291a514883","UKFS_053.basePlot.vst","2015-09-01","vst_UKFS_2015","D06","UKFS","UKFS_053",,"NEON.PLA.D06.UKFS.02640",,"single bole tree","Live, insect damaged",22.9,130,,,,,,,"Partially shaded",,,,,,,"O5a0fCTym/tRVPDspp8qfhUen+KQCQ2e","UsnPQQcli111AMZqi8tbyKhlJbCgom80","legacyData"
"650d9b94-a6cc-4bf5-af4f-e626fb3cb917","UKFS_053.basePlot.vst","2015-09-01","vst_UKFS_2015","D06","UKFS","UKFS_053",,"NEON.PLA.D06.UKFS.02641",,"single bole tree","Live",10.7,130,,,,,,,"Partially shaded",,,,,,,"O5a0fCTym/tRVPDspp8qfhUen+KQCQ2e","UsnPQQcli111AMZqi8tbyKhlJbCgom80","legacyData"
"c3836140-5c1d-40fa-a614-a736adff5753","UKFS_053.basePlot.vst","2015-09-01","vst_UKFS_2015","D06","UKFS","UKFS_053",,"NEON.PLA.D06.UKFS.02670",,"single bole tree","Live",40.5,30,,,,,,,"Full sun",,,,,,,"O5a0fCTym/tRVPDspp8qfhUen+KQCQ2e","UsnPQQcli111AMZqi8tbyKhlJbCgom80","legacyData"
"ba9060f5-57e4-4398-9e3d-c3479675aa77","UKFS_053.basePlot.vst","2015-09-01","vst_UKFS_2015","D06","UKFS","UKFS_053",,"NEON.PLA.D06.UKFS.02613",,"small tree","Live, insect damaged",6.4,130,,,,,,,"Mostly shaded",,,,,,,"O5a0fCTym/tRVPDspp8qfhUen+KQCQ2e","UsnPQQcli111AMZqi8tbyKhlJbCgom80","legacyData"
"d384b0dd-2dcf-4ac0-8911-d1effb0fd53d","UKFS_053.basePlot.vst","2015-09-01","vst_UKFS_2015","D06","UKFS","UKFS_053",,"NEON.PLA.D06.UKFS.00635",,"single bole tree","Live, insect damaged",10.0,130,,,,,,,"Mostly shaded",,,,,,,"O5a0fCTym/tRVPDspp8qfhUen+KQCQ2e","UsnPQQcli111AMZqi8tbyKhlJbCgom80","legacyData"
"c1ed9fb3-0825-42d7-8389-6b0408b32966","UKFS_053.basePlot.vst","2015-09-01","vst_UKFS_2015","D06","UKFS","UKFS_053",,"NEON.PLA.D06.UKFS.02602",,"sapling","Live",1.5,10,,,,,,,"Full shade",,,,,,,"O5a0fCTym/tRVPDspp8qfhUen+KQCQ2e","UsnPQQcli111AMZqi8tbyKhlJbCgom80","legacyData"
"5fc2cb88-63b2-4e28-8628-0b1a7e32cc91","UKFS_053.basePlot.vst","2015-09-01","vst_UKFS_2015","D06","UKFS","UKFS_053",,"NEON.PLA.D06.UKFS.02664",,"sapling","Live, insect damaged",1.0,10,,,,,,,"Full shade",,,,,,,"O5a0fCTym/tRVPDspp8qfhUen+KQCQ2e","UsnPQQcli111AMZqi8tbyKhlJbCgom80","legacyData"
"31d6f64c-e08a-4a74-8753-8ee78b18f603","UKFS_044.basePlot.vst","2015-09-01","vst_UKFS_2015","D06","UKFS","UKFS_044",,"NEON.PLA.D06.UKFS.00871",,"sapling","Live",1.0,10,,,,,,,"Full shade",,,,,,,"i4noBcO6tGRKu7kCP4TjhfaWosQZzRnG","5t9bvoSAq+cOxiWWXGv0DoMtbGlc7Ful","legacyData"
"dcc34f66-2a85-4516-aa44-2622627a0625","UKFS_044.basePlot.vst","2015-09-01","vst_UKFS_2015","D06","UKFS","UKFS_044",,"NEON.PLA.D06.UKFS.00851",,"single bole tree","Live",25.8,130,,,,,,,"Mostly shaded",,,,,,,"i4noBcO6tGRKu7kCP4TjhfaWosQZzRnG","5t9bvoSAq+cOxiWWXGv0DoMtbGlc7Ful","legacyData"
"4f49dfa3-3bf8-48e2-903c-1b5a5b3addbf","UKFS_044.basePlot.vst","2015-09-01","vst_UKFS_2015","D06","UKFS","UKFS_044",,"NEON.PLA.D06.UKFS.00856",,"multi-bole tree","Live",56.7,80,,,,,,,"Partially shaded",,,,,,,"i4noBcO6tGRKu7kCP4TjhfaWosQZzRnG","5t9bvoSAq+cOxiWWXGv0DoMtbGlc7Ful","legacyData"
"7e60df71-33fd-4a19-a0d8-efb00ca8a985","UKFS_044.basePlot.vst","2015-09-01","vst_UKFS_2015","D06","UKFS","UKFS_044",,"NEON.PLA.D06.UKFS.00824",,"single bole tree","Live, insect damaged",14.3,130,,,,,,,"Mostly shaded",,,,,,,"5t9bvoSAq+cOxiWWXGv0DoMtbGlc7Ful","i4noBcO6tGRKu7kCP4TjhfaWosQZzRnG","legacyData"
"c76afeed-799e-458e-8c9f-d19026d42271","UKFS_044.basePlot.vst","2015-09-01","vst_UKFS_2015","D06","UKFS","UKFS_044",,"NEON.PLA.D06.UKFS.00839",,"single bole tree","Live,  other damage",11.5,130,,,,,,,"Mostly shaded",,,,,,,"5t9bvoSAq+cOxiWWXGv0DoMtbGlc7Ful","i4noBcO6tGRKu7kCP4TjhfaWosQZzRnG","legacyData"
"c9356427-9e4c-41ff-b559-690d7f6879ef","UKFS_053.basePlot.vst","2015-09-01","vst_UKFS_2015","D06","UKFS","UKFS_053",,"NEON.PLA.D06.UKFS.02986",,"single bole tree","Live",12.6,130,,,,,,,"Mostly shaded",,,,,,,"O5a0fCTym/tRVPDspp8qfhUen+KQCQ2e","UsnPQQcli111AMZqi8tbyKhlJbCgom80","legacyData"
"ca9462d2-1b77-46e4-ac9d-67d6325b6789","UKFS_053.basePlot.vst","2015-09-01","vst_UKFS_2015","D06","UKFS","UKFS_053",,"NEON.PLA.D06.UKFS.02988",,"liana","Live",5.0,130,,,,,,,"Mostly shaded",,,,,,,"O5a0fCTym/tRVPDspp8qfhUen+KQCQ2e","UsnPQQcli111AMZqi8tbyKhlJbCgom80","legacyData"
"1dbe2a19-1a07-4716-aa30-06674a220c7d","UKFS_053.basePlot.vst","2015-09-01","vst_UKFS_2015","D06","UKFS","UKFS_053",,"NEON.PLA.D06.UKFS.00630",,"small tree","Live, insect damaged",1.2,130,,,,,,,"Mostly shaded",,,,,,,"O5a0fCTym/tRVPDspp8qfhUen+KQCQ2e","UsnPQQcli111AMZqi8tbyKhlJbCgom80","legacyData"
"c3c0fcd0-b2fc-476e-bcc8-b645dd72a528","UKFS_053.basePlot.vst","2015-09-01","vst_UKFS_2015","D06","UKFS","UKFS_053",,"NEON.PLA.D06.UKFS.02638",,"single bole tree","Live, insect damaged",25.3,130,,,,,,,"Partially shaded",,,,,,,"O5a0fCTym/tRVPDspp8qfhUen+KQCQ2e","UsnPQQcli111AMZqi8tbyKhlJbCgom80","legacyData"
"e28a638f-85b2-43aa-9fb1-813ed688f1d7","UKFS_053.basePlot.vst","2015-09-01","vst_UKFS_2015","D06","UKFS","UKFS_053",,"NEON.PLA.D06.UKFS.00624",,"sapling","Live, insect damaged",1.5,10,,,,,,,"Full shade",,,,,,,"O5a0fCTym/tRVPDspp8qfhUen+KQCQ2e","UsnPQQcli111AMZqi8tbyKhlJbCgom80","legacyData"
"76ed80ee-b602-40a4-a26e-ea7e2557804a","UKFS_053.basePlot.vst","2015-09-01","vst_UKFS_2015","D06","UKFS","UKFS_053",,"NEON.PLA.D06.UKFS.02624",,"single bole tree","Live",20.9,130,,,,,,,"Partially shaded",,,,,,,"O5a0fCTym/tRVPDspp8qfhUen+KQCQ2e","UsnPQQcli111AMZqi8tbyKhlJbCgom80","legacyData"
"ae73a336-1606-4929-aeac-24afff94fcac","UKFS_053.basePlot.vst","2015-09-01","vst_UKFS_2015","D06","UKFS","UKFS_053",,"NEON.PLA.D06.UKFS.02985",,"single bole tree","Live, insect damaged",19.8,130,,,,,,,"Partially shaded",,,,,,,"O5a0fCTym/tRVPDspp8qfhUen+KQCQ2e","UsnPQQcli111AMZqi8tbyKhlJbCgom80","legacyData"
"dca9ebcd-6275-4d85-b324-c7e135a8da43","UKFS_053.basePlot.vst","2015-09-01","vst_UKFS_2015","D06","UKFS","UKFS_053",,"NEON.PLA.D06.UKFS.02993",,"sapling","Live, insect damaged",1.2,10,,,,,,,"Full shade",,,,,,,"O5a0fCTym/tRVPDspp8qfhUen+KQCQ2e","UsnPQQcli111AMZqi8tbyKhlJbCgom80","legacyData"
"5de13bff-2e15-421c-badd-c89ed03ec350","UKFS_053.basePlot.vst","2015-09-01","vst_UKFS_2015","D06","UKFS","UKFS_053",,"NEON.PLA.D06.UKFS.02673",,"small tree","Live, insect damaged",4.7,130,,,,,,,"Mostly shaded",,,,,,,"O5a0fCTym/tRVPDspp8qfhUen+KQCQ2e","UsnPQQcli111AMZqi8tbyKhlJbCgom80","legacyData"
"9044d42a-07b3-4c66-9043-847bd58fa18b","UKFS_053.basePlot.vst","2015-09-01","vst_UKFS_2015","D06","UKFS","UKFS_053",,"NEON.PLA.D06.UKFS.02991",,"sapling","Live, insect damaged",1.4,10,,,,,,,"Full shade",,,,,,,"O5a0fCTym/tRVPDspp8qfhUen+KQCQ2e","UsnPQQcli111AMZqi8tbyKhlJbCgom80","legacyData"
"569ce959-ebd9-4de6-ba76-ba8b61988a79","UKFS_053.basePlot.vst","2015-09-01","vst_UKFS_2015","D06","UKFS","UKFS_053",,"NEON.PLA.D06.UKFS.02997",,"small tree","Live, insect damaged",4.1,130,,,,,,,"Full shade",,,,,,,"O5a0fCTym/tRVPDspp8qfhUen+KQCQ2e","UsnPQQcli111AMZqi8tbyKhlJbCgom80","legacyData"
"f71eb8fd-0c92-4987-b4a9-b1e80cc09261","UKFS_053.basePlot.vst","2015-09-01","vst_UKFS_2015","D06","UKFS","UKFS_053",,"NEON.PLA.D06.UKFS.02674",,"liana","Live",1.0,130,,,,,,,"Partially shaded",,,,,,,"O5a0fCTym/tRVPDspp8qfhUen+KQCQ2e","UsnPQQcli111AMZqi8tbyKhlJbCgom80","legacyData"
"cddeb7ce-48f0-4bc8-8b03-dc742b4c4438","UKFS_053.basePlot.vst","2015-09-01","vst_UKFS_2015","D06","UKFS","UKFS_053",,"NEON.PLA.D06.UKFS.02642",,"single bole tree","Live, insect damaged",14.8,130,,,,,,,"Partially shaded",,,,,,,"O5a0fCTym/tRVPDspp8qfhUen+KQCQ2e","UsnPQQcli111AMZqi8tbyKhlJbCgom80","legacyData"
"01b63277-67be-4dc0-bf7e-415f0ee71786","UKFS_053.basePlot.vst","2015-09-01","vst_UKFS_2015","D06","UKFS","UKFS_053",,"NEON.PLA.D06.UKFS.02604",,"small tree","Live, insect damaged",4.1,130,,,,,,,"Mostly shaded",,,,,,,"O5a0fCTym/tRVPDspp8qfhUen+KQCQ2e","UsnPQQcli111AMZqi8tbyKhlJbCgom80","legacyData"
"65f7982c-12e9-4e6d-a42d-a11f543f0809","UKFS_053.basePlot.vst","2015-09-01","vst_UKFS_2015","D06","UKFS","UKFS_053",,"NEON.PLA.D06.UKFS.02621",,"sapling","Live,  other damage",1.4,10,,,,,,,"Full shade",,,,,,,"O5a0fCTym/tRVPDspp8qfhUen+KQCQ2e","UsnPQQcli111AMZqi8tbyKhlJbCgom80","legacyData"
"04321818-c19d-44cd-b025-c28471a9d4b0","UKFS_044.basePlot.vst","2015-09-01","vst_UKFS_2015","D06","UKFS","UKFS_044",,"NEON.PLA.D06.UKFS.00841",,"single bole tree","Live",31.4,130,,,,,,,"Full sun",,,,,,,"5t9bvoSAq+cOxiWWXGv0DoMtbGlc7Ful","i4noBcO6tGRKu7kCP4TjhfaWosQZzRnG","legacyData"
"ca04a162-2ad6-41dc-ab3a-09098c0b472f","UKFS_044.basePlot.vst","2015-09-01","vst_UKFS_2015","D06","UKFS","UKFS_044",,"NEON.PLA.D06.UKFS.00838",,"single bole tree","Live, insect damaged",13.6,130,,,,,,,"Mostly shaded",,,,,,,"5t9bvoSAq+cOxiWWXGv0DoMtbGlc7Ful","i4noBcO6tGRKu7kCP4TjhfaWosQZzRnG","legacyData"
"23d41ae4-021c-4ced-ad63-61f58c3200cb","UKFS_044.basePlot.vst","2015-09-01","vst_UKFS_2015","D06","UKFS","UKFS_044",,"NEON.PLA.D06.UKFS.00848",,"sapling","Live",1.4,10,,,,,,,"Full shade",,,,,,,"i4noBcO6tGRKu7kCP4TjhfaWosQZzRnG","5t9bvoSAq+cOxiWWXGv0DoMtbGlc7Ful","legacyData"
"9f0cb8b5-5b6a-4210-a625-5d49b675578b","UKFS_044.basePlot.vst","2015-09-01","vst_UKFS_2015","D06","UKFS","UKFS_044",,"NEON.PLA.D06.UKFS.00874",,"single bole tree","Live",13.9,130,,,,,,,"Mostly shaded",,,,,,,"i4noBcO6tGRKu7kCP4TjhfaWosQZzRnG","5t9bvoSAq+cOxiWWXGv0DoMtbGlc7Ful","legacyData"
"dd6329e3-0210-43e8-8362-3db45438ccab","UKFS_044.basePlot.vst","2015-09-01","vst_UKFS_2015","D06","UKFS","UKFS_044",,"NEON.PLA.D06.UKFS.00840",,"single bole tree","Live",23.7,130,,,,,,,"Partially shaded",,,,,,,"5t9bvoSAq+cOxiWWXGv0DoMtbGlc7Ful","i4noBcO6tGRKu7kCP4TjhfaWosQZzRnG","legacyData"
"2983cd1f-86c3-4d5a-b716-a14b0afc68b7","UKFS_044.basePlot.vst","2015-09-01","vst_UKFS_2015","D06","UKFS","UKFS_044",,"NEON.PLA.D06.UKFS.00866",,"small tree","Standing dead",7.5,130,,,,,,,"Mostly shaded",,,,,,,"i4noBcO6tGRKu7kCP4TjhfaWosQZzRnG","5t9bvoSAq+cOxiWWXGv0DoMtbGlc7Ful","legacyData"
"d4f20252-6198-4b4c-8a36-12234958e34f","UKFS_044.basePlot.vst","2015-09-01","vst_UKFS_2015","D06","UKFS","UKFS_044",,"NEON.PLA.D06.UKFS.00873",,"sapling","Live",1.3,10,,,,,,,"Full shade",,,,,,,"i4noBcO6tGRKu7kCP4TjhfaWosQZzRnG","5t9bvoSAq+cOxiWWXGv0DoMtbGlc7Ful","legacyData"
"a2d8a4ea-4beb-4cff-b82a-06e5490e7e76","UKFS_053.basePlot.vst","2015-09-01","vst_UKFS_2015","D06","UKFS","UKFS_053",,"NEON.PLA.D06.UKFS.00606",,"single bole tree","Live, insect damaged",10.6,130,,,,,,,"Mostly shaded",,,,,,,"O5a0fCTym/tRVPDspp8qfhUen+KQCQ2e","UsnPQQcli111AMZqi8tbyKhlJbCgom80","legacyData"
"2db8e71d-3527-4cb1-88bd-87c77da26c7b","UKFS_053.basePlot.vst","2015-09-01","vst_UKFS_2015","D06","UKFS","UKFS_053",,"NEON.PLA.D06.UKFS.02644",,"single bole tree","Standing dead",20.1,130,,,,,,,"Partially shaded",,,,,,,"O5a0fCTym/tRVPDspp8qfhUen+KQCQ2e","UsnPQQcli111AMZqi8tbyKhlJbCgom80","legacyData"
"146f0ec3-89a0-4b56-bb0d-50f04b76a999","UKFS_044.basePlot.vst","2015-09-01","vst_UKFS_2015","D06","UKFS","UKFS_044",,"NEON.PLA.D06.UKFS.00843",,"single bole tree","Live",52.0,130,,,,,,,"Partially shaded",,,,,,,"5t9bvoSAq+cOxiWWXGv0DoMtbGlc7Ful","i4noBcO6tGRKu7kCP4TjhfaWosQZzRnG","legacyData"
"07916d23-3904-4def-8e75-bf86e6ad7e76","UKFS_044.basePlot.vst","2015-09-01","vst_UKFS_2015","D06","UKFS","UKFS_044",,"NEON.PLA.D06.UKFS.00837",,"small tree","Live, insect damaged",5.1,130,,,,,,,"Mostly shaded",,,,,,,"5t9bvoSAq+cOxiWWXGv0DoMtbGlc7Ful","i4noBcO6tGRKu7kCP4TjhfaWosQZzRnG","legacyData"
"8546f7f0-07c5-426d-abdf-029a07f6d6c1","UKFS_053.basePlot.vst","2015-09-01","vst_UKFS_2015","D06","UKFS","UKFS_053",,"NEON.PLA.D06.UKFS.02651",,"single bole tree","Live, insect damaged",12.5,130,,,,,,,"Partially shaded",,,,,,,"O5a0fCTym/tRVPDspp8qfhUen+KQCQ2e","UsnPQQcli111AMZqi8tbyKhlJbCgom80","legacyData"
"5e025339-14c4-4732-b6e7-ae97119a8d5f","UKFS_053.basePlot.vst","2015-09-01","vst_UKFS_2015","D06","UKFS","UKFS_053",,"NEON.PLA.D06.UKFS.02620",,"small tree","Live, insect damaged",9.2,130,,,,,,,"Mostly shaded",,,,,,,"O5a0fCTym/tRVPDspp8qfhUen+KQCQ2e","UsnPQQcli111AMZqi8tbyKhlJbCgom80","legacyData"
"8cc77e4c-5a6e-436c-bc9e-f7a5bf142b9d","UKFS_044.basePlot.vst","2015-09-01","vst_UKFS_2015","D06","UKFS","UKFS_044",,"NEON.PLA.D06.UKFS.00822",,"single bole tree","Standing dead",50.2,130,,,,,,,"Full sun",,,,,,,"5t9bvoSAq+cOxiWWXGv0DoMtbGlc7Ful","i4noBcO6tGRKu7kCP4TjhfaWosQZzRnG","legacyData"
"8430b075-1f45-42de-9d1a-6f82103d1b64","UKFS_053.basePlot.vst","2015-09-01","vst_UKFS_2015","D06","UKFS","UKFS_053",,"NEON.PLA.D06.UKFS.02615",,"single bole tree","Live, insect damaged",26.2,130,,,,,,,"Partially shaded",,,,,,,"O5a0fCTym/tRVPDspp8qfhUen+KQCQ2e","UsnPQQcli111AMZqi8tbyKhlJbCgom80","legacyData"
"0b65bcc1-dd74-484a-acbc-24b432137f80","UKFS_053.basePlot.vst","2015-09-01","vst_UKFS_2015","D06","UKFS","UKFS_053",,"NEON.PLA.D06.UKFS.02647",,"single bole tree","Live, insect damaged",16.3,130,,,,,,,"Partially shaded",,,,,,,"O5a0fCTym/tRVPDspp8qfhUen+KQCQ2e","UsnPQQcli111AMZqi8tbyKhlJbCgom80","legacyData"
"eee8827a-21f5-4c56-bdc6-c3b7008473ed","UKFS_044.basePlot.vst","2015-09-01","vst_UKFS_2015","D06","UKFS","UKFS_044",,"NEON.PLA.D06.UKFS.00861",,"small tree","Live",4.2,130,,,,,,,"Mostly shaded",,,,,,,"i4noBcO6tGRKu7kCP4TjhfaWosQZzRnG","5t9bvoSAq+cOxiWWXGv0DoMtbGlc7Ful","legacyData"
"e581c40e-adeb-4ea5-b54f-63812b537372","UKFS_053.basePlot.vst","2015-09-01","vst_UKFS_2015","D06","UKFS","UKFS_053",,"NEON.PLA.D06.UKFS.02634",,"small tree","Live",7.7,130,,,,,,,"Mostly shaded",,,,,,,"O5a0fCTym/tRVPDspp8qfhUen+KQCQ2e","UsnPQQcli111AMZqi8tbyKhlJbCgom80","legacyData"
"e66dddbb-53d5-4270-83dd-5a16c759c114","UKFS_044.basePlot.vst","2015-09-01","vst_UKFS_2015","D06","UKFS","UKFS_044",,"NEON.PLA.D06.UKFS.00826",,"liana","Live",6.5,130,,,,,,,"Partially shaded",,,,,,,"5t9bvoSAq+cOxiWWXGv0DoMtbGlc7Ful","i4noBcO6tGRKu7kCP4TjhfaWosQZzRnG","legacyData"
"585dfce4-6688-4b5a-9c9e-61890ba640b3","UKFS_044.basePlot.vst","2015-09-01","vst_UKFS_2015","D06","UKFS","UKFS_044",,"NEON.PLA.D06.UKFS.00864",,"single bole tree","Live",46.2,130,,,,,,,"Partially shaded",,,,,,,"i4noBcO6tGRKu7kCP4TjhfaWosQZzRnG","5t9bvoSAq+cOxiWWXGv0DoMtbGlc7Ful","legacyData"
"8a1506b5-a03f-478b-ab9e-f70f879dd84b","UKFS_044.basePlot.vst","2015-09-01","vst_UKFS_2015","D06","UKFS","UKFS_044",,"NEON.PLA.D06.UKFS.00859",,"liana","Live",10.5,130,,,,,,,"Mostly shaded",,,,,,,"i4noBcO6tGRKu7kCP4TjhfaWosQZzRnG","5t9bvoSAq+cOxiWWXGv0DoMtbGlc7Ful","legacyData"
"3f717ef9-9d23-410b-b589-7cde4bbf23fd","UKFS_044.basePlot.vst","2015-09-01","vst_UKFS_2015","D06","UKFS","UKFS_044",,"NEON.PLA.D06.UKFS.00823",,"single bole tree","Live",12.1,130,,,,,,,"Mostly shaded",,,,,,,"5t9bvoSAq+cOxiWWXGv0DoMtbGlc7Ful","i4noBcO6tGRKu7kCP4TjhfaWosQZzRnG","legacyData"
"d888eee5-ef9c-446b-bd2f-bf124558abba","UKFS_053.basePlot.vst","2015-09-01","vst_UKFS_2015","D06","UKFS","UKFS_053",,"NEON.PLA.D06.UKFS.02995",,"sapling","Live, insect damaged",1.4,10,,,,,,,"Full shade",,,,,,,"O5a0fCTym/tRVPDspp8qfhUen+KQCQ2e","UsnPQQcli111AMZqi8tbyKhlJbCgom80","legacyData"
"66cee70e-28af-4123-b2c3-a955911b5ad6","UKFS_053.basePlot.vst","2015-09-01","vst_UKFS_2015","D06","UKFS","UKFS_053",,"NEON.PLA.D06.UKFS.02667",,"small shrub","Live, insect damaged",,,1.0,,,,0.8,0.7,"Full shade","cylinder",,,,,,"O5a0fCTym/tRVPDspp8qfhUen+KQCQ2e","UsnPQQcli111AMZqi8tbyKhlJbCgom80","legacyData"
"5e199239-1ed5-4b79-9e00-d0d8e23cff6c","UKFS_053.basePlot.vst","2015-09-01","vst_UKFS_2015","D06","UKFS","UKFS_053",,"NEON.PLA.D06.UKFS.02650",,"small tree","Live, insect damaged",3.7,130,,,,,,,"Mostly shaded",,,,,,,"O5a0fCTym/tRVPDspp8qfhUen+KQCQ2e","UsnPQQcli111AMZqi8tbyKhlJbCgom80","legacyData"
"cd46935c-148c-4a97-84e0-5f44ae05c514","UKFS_053.basePlot.vst","2015-09-01","vst_UKFS_2015","D06","UKFS","UKFS_053",,"NEON.PLA.D06.UKFS.02646",,"small tree","Live",4.0,130,,,,,,,"Mostly shaded",,,,,,,"O5a0fCTym/tRVPDspp8qfhUen+KQCQ2e","UsnPQQcli111AMZqi8tbyKhlJbCgom80","legacyData"
"594d5f7b-67d2-4ecd-90f1-89889f57feb8","UKFS_053.basePlot.vst","2015-09-01","vst_UKFS_2015","D06","UKFS","UKFS_053",,"NEON.PLA.D06.UKFS.02671",,"small tree","Live, insect damaged",6.1,130,,,,,,,"Mostly shaded",,,,,,,"O5a0fCTym/tRVPDspp8qfhUen+KQCQ2e","UsnPQQcli111AMZqi8tbyKhlJbCgom80","legacyData"
"82748d0d-a3a5-4efc-bfb0-1149da492c4c","UKFS_053.basePlot.vst","2015-09-01","vst_UKFS_2015","D06","UKFS","UKFS_053",,"NEON.PLA.D06.UKFS.02614",,"small tree","Live, insect damaged",7.7,130,,,,,,,"Mostly shaded",,,,,,,"O5a0fCTym/tRVPDspp8qfhUen+KQCQ2e","UsnPQQcli111AMZqi8tbyKhlJbCgom80","legacyData"
"ea06da71-3381-4a6b-b86b-73c99382ea30","UKFS_053.basePlot.vst","2015-09-01","vst_UKFS_2015","D06","UKFS","UKFS_053",,"NEON.PLA.D06.UKFS.02617",,"small tree","Live, insect damaged",5.7,130,,,,,,,"Mostly shaded",,,,,,,"O5a0fCTym/tRVPDspp8qfhUen+KQCQ2e","UsnPQQcli111AMZqi8tbyKhlJbCgom80","legacyData"
"f3105939-1ee6-4acb-b1ef-2b7a02fc2d4b","UKFS_053.basePlot.vst","2015-09-01","vst_UKFS_2015","D06","UKFS","UKFS_053",,"NEON.PLA.D06.UKFS.02660",,"small tree","Live, insect damaged",4.0,130,,,,,,,"Full shade",,,,,,,"O5a0fCTym/tRVPDspp8qfhUen+KQCQ2e","UsnPQQcli111AMZqi8tbyKhlJbCgom80","legacyData"
"47eded90-4b7b-4e31-9282-d8e1127ebeb2","UKFS_053.basePlot.vst","2015-09-01","vst_UKFS_2015","D06","UKFS","UKFS_053",,"NEON.PLA.D06.UKFS.02659",,"single bole tree","Live",16.8,130,,,,,,,"Mostly shaded",,,,,,,"O5a0fCTym/tRVPDspp8qfhUen+KQCQ2e","UsnPQQcli111AMZqi8tbyKhlJbCgom80","legacyData"
"63ccd8ce-6cda-43bd-9af2-60cc3fee1654","UKFS_053.basePlot.vst","2015-09-01","vst_UKFS_2015","D06","UKFS","UKFS_053",,"NEON.PLA.D06.UKFS.02645",,"small tree","Live, insect damaged",1.9,130,,,,,,,"Mostly shaded",,,,,,,"O5a0fCTym/tRVPDspp8qfhUen+KQCQ2e","UsnPQQcli111AMZqi8tbyKhlJbCgom80","legacyData"
"06a68ed8-6a3b-4115-9cdf-1e50ab79255d","UKFS_053.basePlot.vst","2015-09-01","vst_UKFS_2015","D06","UKFS","UKFS_053",,"NEON.PLA.D06.UKFS.02983A",,,"Live, insect damaged",36.1,130,,,,,,,"Partially shaded",,,,,,,"O5a0fCTym/tRVPDspp8qfhUen+KQCQ2e","UsnPQQcli111AMZqi8tbyKhlJbCgom80","legacyData"
