uid,namedLocation,date,domainID,siteID,plotID,plotType,nlcdClass,decimalLatitude,decimalLongitude,geodeticDatum,coordinateUncertainty,easting,northing,utmZone,elevation,elevationUncertainty,eventID,samplingProtocolVersion,treesPresent,treesAbsentList,shrubsPresent,shrubsAbsentList,lianasPresent,lianasAbsentList,nestedSubplotAreaShrubSapling,nestedSubplotAreaLiana,totalSampledAreaTrees,totalSampledAreaShrubSapling,totalSampledAreaLiana,remarks,measuredBy,recordedBy,dataQF
"098f5600-346a-444f-98f7-b800e440efdb","UKFS_053.basePlot.vst","2015-09-01","D06","UKFS","UKFS_053","tower","deciduousForest",39.039107,-95.189326,"WGS84",20.1,310517.20,4323397.12,"15N",303.1,0.1,"vst_UKFS_2015","NEON.DOC.000987vD",,,,,,,"100","noneSelected",800,400,800,,,"5t9bvoSAq+cOxiWWXGv0DoMtbGlc7Ful","legacyData"
"91a8b7fa-4bbb-4c37-9951-29cb0cd0b558","UKFS_053.basePlot.vst","2015-09-01","D06","UKFS","UKFS_053","tower","deciduousForest",39.039107,-95.189326,"WGS84",20.1,310517.20,4323397.12,"15N",303.1,0.1,"vst_UKFS_2015","NEON.DOC.000987vD",,,,,,,"100","noneSelected",800,400,800,,,"5t9bvoSAq+cOxiWWXGv0DoMtbGlc7Ful","legacyData"
"f674fd7c-8ac0-45c0-9034-f6947fd17336","UKFS_044.basePlot.vst","2015-09-01","D06","UKFS","UKFS_044","tower","deciduousForest",39.038044,-95.187901,"WGS84",20.2,310637.70,4323276.17,"15N",288.0,0.3,"vst_UKFS_2015","NEON.DOC.000987vD",,,,,,,"noneSelected","noneSelected",800,800,800,,,"5t9bvoSAq+cOxiWWXGv0DoMtbGlc7Ful","legacyData"
"9bfc71bf-9d01-4bb9-98e4-d8e74590db19","UKFS_044.basePlot.vst","2015-09-01","D06","UKFS","UKFS_044","tower","deciduousForest",39.038044,-95.187901,"WGS84",20.2,310637.70,4323276.17,"15N",288.0,0.3,"vst_UKFS_2015","NEON.DOC.000987vD",,,,,,,"noneSelected","noneSelected",800,800,800,,,"5t9bvoSAq+cOxiWWXGv0DoMtbGlc7Ful","legacyData"
