uid,namedLocation,plotID,collectDate,identifiedDate,sampleID,subsampleID,scientificName,acceptedTaxonID,taxonRank,family,subfamily,tribe,subtribe,genus,subgenus,specificEpithet,infraspecificEpithet,identificationQualifier,identificationReferences,identificationProtocolVersion,scientificNameAuthorship,sexOrAge,individualCount,sampleCondition,archiveMedium,archiveFacilityID,deprecatedVialID,identifiedBy,laboratoryName,remarks
"2200ad69-2c5b-4e2a-883e-1b82056d460e","TALL_006.tickPlot.tck","TALL_006","2014-07-09T13:40Z","2015-02-18T17:00Z","TALL_006.20140709","TALL_006.20140709.AMBSPP.N","Amblyomma spp.","AMBSPP","genus","Ixodidae",,,,"Amblyomma",,"spp.",,,"Keirans, J. E., and L. A. Durden. 1998. Illustrated Key to Nymphs of the Tick Genus Amblyomma (Acari: Ixodidae) Found in the United States. Journal of Medical Entomology, 35:489–495.","GSU_tickIdentification_SOP_2016-11-01.pdf",,"Nymph",4,"OK","90% ethanol","125271",,"Lorenza Beati","Georgia Southern University",
"92aabab2-744a-4ef6-917e-20edbce662b6","TALL_016.tickPlot.tck","TALL_016","2014-07-09T14:45Z","2015-02-20T17:00Z","TALL_016.20140709","TALL_016.20140709.AMBSPP.N","Amblyomma spp.","AMBSPP","genus","Ixodidae",,,,"Amblyomma",,"spp.",,,"Keirans, J. E., and L. A. Durden. 1998. Illustrated Key to Nymphs of the Tick Genus Amblyomma (Acari: Ixodidae) Found in the United States. Journal of Medical Entomology, 35:489–495.","GSU_tickIdentification_SOP_2016-11-01.pdf",,"Nymph",1,"OK","90% ethanol","125282",,"Lorenza Beati","Georgia Southern University",
"00ab94d6-f444-4aea-a413-dd5e39a403b2","TALL_008.tickPlot.tck","TALL_008","2014-07-10T13:25Z","2015-02-20T12:00Z","TALL_008.20140710","TALL_008.20140710.AMBAME.N","Amblyomma americanum","AMBAME","species","Ixodidae",,,,"Amblyomma",,"americanum",,,"Cooley, R. A. and G. M. Kohls. 1944. The genus Amblyomma (ixodidae) in the United States. The Journal of Parasitology, 30(2):77-111.","GSU_tickIdentification_SOP_2016-11-01.pdf","Linnaeus","Nymph",6,"OK","95% ethanol","125277",,"Philip Panhorst","Georgia Southern University",
"bc93cf79-b889-49ec-833d-bf4294fcb3ee","TALL_008.tickPlot.tck","TALL_008","2014-07-10T13:25Z","2015-02-20T17:00Z","TALL_008.20140710","TALL_008.20140710.AMBAME.M","Amblyomma americanum","AMBAME","species","Ixodidae",,,,"Amblyomma",,"americanum",,,"Cooley, R. A. and G. M. Kohls. 1944. The genus Amblyomma (ixodidae) in the United States. The Journal of Parasitology, 30(2):77-111.","GSU_tickIdentification_SOP_2016-11-01.pdf","Linnaeus","Male",1,"OK","90% ethanol","125277",,"Philip Panhorst","Georgia Southern University",
"087aaad9-44ba-4c35-86bd-b20941ccf7e6","TALL_002.tickPlot.tck","TALL_002","2014-07-10T14:30Z","2015-02-23T17:00Z","TALL_002.20140710","TALL_002.20140710.AMBAME.M","Amblyomma americanum","AMBAME","species","Ixodidae",,,,"Amblyomma",,"americanum",,,"Cooley, R. A. and G. M. Kohls. 1944. The genus Amblyomma (ixodidae) in the United States. The Journal of Parasitology, 30(2):77-111.","GSU_tickIdentification_SOP_2016-11-01.pdf","Linnaeus","Male",6,"OK","90% ethanol","125254",,"Philip Panhorst","Georgia Southern University",
"b54364ec-0ea9-470f-83ee-f13b00a72312","TALL_002.tickPlot.tck","TALL_002","2014-07-10T14:30Z","2015-02-23T12:00Z","TALL_002.20140710","TALL_002.20140710.AMBAME.N","Amblyomma americanum","AMBAME","species","Ixodidae",,,,"Amblyomma",,"americanum",,,"Cooley, R. A. and G. M. Kohls. 1944. The genus Amblyomma (ixodidae) in the United States. The Journal of Parasitology, 30(2):77-111.","GSU_tickIdentification_SOP_2016-11-01.pdf","Linnaeus","Nymph",50,"OK","95% ethanol","125254",,"Philip Panhorst","Georgia Southern University",
"fb2c808e-1eea-42c6-8544-1c5378297145","TALL_002.tickPlot.tck","TALL_002","2014-07-10T14:30Z","2015-02-23T17:00Z","TALL_002.20140710","TALL_002.20140710.AMBAME.F","Amblyomma americanum","AMBAME","species","Ixodidae",,,,"Amblyomma",,"americanum",,,"Cooley, R. A. and G. M. Kohls. 1944. The genus Amblyomma (ixodidae) in the United States. The Journal of Parasitology, 30(2):77-111.","GSU_tickIdentification_SOP_2016-11-01.pdf","Linnaeus","Female",3,"OK","90% ethanol","125254",,"Philip Panhorst","Georgia Southern University",
"90c34f3d-ff7a-40a7-bfe3-64ad7b91c952","TALL_002.tickPlot.tck","TALL_002","2014-07-10T14:30Z","2015-02-23T17:00Z","TALL_002.20140710","TALL_002.20140710.AMBAME.L","Amblyomma americanum","AMBAME","species","Ixodidae",,,,"Amblyomma",,"americanum",,,"Cooley, R. A. and G. M. Kohls. 1944. The genus Amblyomma (ixodidae) in the United States. The Journal of Parasitology, 30(2):77-111.","GSU_tickIdentification_SOP_2016-11-01.pdf","Linnaeus","Larva",1,"OK","90% ethanol","125254",,"Philip Panhorst","Georgia Southern University",
"9fa716c9-2345-493a-b5b0-0f074629528e","TALL_002.tickPlot.tck","TALL_002","2014-07-10T14:30Z","2015-02-25T17:00Z","TALL_002.20140710","TALL_002.20140710.IXOSP.L","Ixodidae sp.","IXOSP","family","Ixodidae",,,,,,"sp.",,,,"GSU_tickIdentification_SOP_2016-11-01.pdf",,"Larva",1,"OK","90% ethanol","125255",,"Philip Panhorst","Georgia Southern University",
"c2c97285-b145-4ea0-b56c-60efa14ad234","TALL_001.tickPlot.tck","TALL_001","2014-07-11T12:55Z","2015-02-27T12:00Z","TALL_001.20140711","TALL_001.20140711.AMBAME.N","Amblyomma americanum","AMBAME","species","Ixodidae",,,,"Amblyomma",,"americanum",,,"Cooley, R. A. and G. M. Kohls. 1944. The genus Amblyomma (ixodidae) in the United States. The Journal of Parasitology, 30(2):77-111.","GSU_tickIdentification_SOP_2016-11-01.pdf","Linnaeus","Nymph",11,"OK","95% ethanol","125248",,"Philip Panhorst","Georgia Southern University",
"dae7914f-dc54-4c31-9247-50510935c8be","TALL_001.tickPlot.tck","TALL_001","2014-07-11T12:55Z","2015-02-25T17:00Z","TALL_001.20140711","TALL_001.20140711.DERVAR.M","Dermacentor variabilis","DERVAR","species","Ixodidae",,,,"Dermacentor",,"variabilis",,,"Yunker, C. E., Keirans, J. E., Clifford, C. M., and E. R. Easton. 1986. Dermacentor ticks (Acari: Ixodoidea: Ixodidae) of the New World: a scanning electron microscope atlas. Proceedings of the Entomological Society of Washington, 88(4):609-627.","GSU_tickIdentification_SOP_2016-11-01.pdf","Say","Male",1,"OK","90% ethanol","125248",,"Philip Panhorst","Georgia Southern University",
"e13a6d30-34a4-4904-bfba-80d7165e73d1","TALL_001.tickPlot.tck","TALL_001","2014-07-11T12:55Z","2015-02-27T17:00Z","TALL_001.20140711","TALL_001.20140711.AMBAME.M","Amblyomma americanum","AMBAME","species","Ixodidae",,,,"Amblyomma",,"americanum",,,"Cooley, R. A. and G. M. Kohls. 1944. The genus Amblyomma (ixodidae) in the United States. The Journal of Parasitology, 30(2):77-111.","GSU_tickIdentification_SOP_2016-11-01.pdf","Linnaeus","Male",1,"OK","90% ethanol","125248",,"Philip Panhorst","Georgia Southern University",
