uid,namedLocation,domainID,siteID,plotID,plotType,nlcdClass,decimalLatitude,decimalLongitude,geodeticDatum,coordinateUncertainty,elevation,elevationUncertainty,collectDate,eventID,sampleID,sampleCode,samplingMethod,totalSampledArea,targetTaxaPresent,adultCount,nymphCount,larvaCount,sampleCondition,samplingProtocolVersion,measuredBy,remarks
"9b7bf658-0ed5-4f73-9801-289e3ac00734","TALL_006.tickPlot.tck","D08","TALL","TALL_006","distributed","evergreenForest",32.899144,-87.444571,"WGS84",20.3,108.6,0.3,"2014-07-09T13:40Z","TALL.2014.27","TALL_006.20140709",,"drag and flag",160,"Y",0,4,0,"No known compromise","NEON.DOC.014045vD","RSPgZ4EbCAx7Z+7QmyZcSQ==",
"60f3091c-510f-4bbe-9506-bd179e1537f9","TALL_016.tickPlot.tck","D08","TALL","TALL_016","distributed","evergreenForest",32.971553,-87.415845,"WGS84",20.1,138.9,0.1,"2014-07-09T14:45Z","TALL.2014.27","TALL_016.20140709",,"drag",160,"Y",0,1,0,"No known compromise","NEON.DOC.014045vD","RSPgZ4EbCAx7Z+7QmyZcSQ==","no trancsription errors found"
"5d616dbc-556d-4ec4-9b25-4d2cab9ffb6e","TALL_008.tickPlot.tck","D08","TALL","TALL_008","distributed","deciduousForest",32.922874,-87.434097,"WGS84",20.2,127.5,0.2,"2014-07-10T13:25Z","TALL.2014.27","TALL_008.20140710",,"drag",160,"Y",1,2,0,"No known compromise","NEON.DOC.014045vD","RSPgZ4EbCAx7Z+7QmyZcSQ==",
"924df473-56a5-43bd-b642-6a87d2ff6bb9","TALL_002.tickPlot.tck","D08","TALL","TALL_002","distributed","mixedForest",32.920823,-87.428955,"WGS84",20.3,104.0,0.4,"2014-07-10T14:30Z","TALL.2014.27","TALL_002.20140710",,"drag",160,"Y",9,49,126,"No known compromise","NEON.DOC.014045vD","RSPgZ4EbCAx7Z+7QmyZcSQ==","no transcription errors found"
"80912cb5-4256-4364-976b-7097eb790b27","TALL_001.tickPlot.tck","D08","TALL","TALL_001","distributed","deciduousForest",32.976370,-87.432184,"WGS84",20.2,114.6,0.1,"2014-07-11T12:55Z","TALL.2014.27","TALL_001.20140711",,"drag",160,"Y",2,11,0,"No known compromise","NEON.DOC.014045vD","xGLaav61JvszIdtvJEdR0g==",
"0aba8439-bb59-4727-a9dc-563c68e86011","TALL_008.tickPlot.tck","D08","TALL","TALL_008","distributed","deciduousForest",32.922874,-87.434097,"WGS84",20.2,127.5,0.2,"2014-07-29T12:26Z","TALL.2014.30","TALL_008.20140729",,"drag and flag",160,"Y",0,4,0,"No known compromise","NEON.DOC.014045vD","4RA5KUKm8MAqlRb0ERCILw==","No transcription errors found"
"54f2eabc-c3a7-41a7-b7ec-7794518525b7","TALL_002.tickPlot.tck","D08","TALL","TALL_002","distributed","mixedForest",32.920823,-87.428955,"WGS84",20.3,104.0,0.4,"2014-07-29T13:29Z","TALL.2014.30","TALL_002.20140729",,"drag",160,"Y",1,28,135,"No known compromise","NEON.DOC.014045vD","4RA5KUKm8MAqlRb0ERCILw==",
"04aa52da-a38b-46c6-abc7-88fff55018d4","TALL_003.tickPlot.tck","D08","TALL","TALL_003","distributed","mixedForest",32.894415,-87.416532,"WGS84",20.2,121.9,0.2,"2014-07-29T15:02Z","TALL.2014.30","TALL_003.20140729",,"drag",160,"Y",0,7,0,"No known compromise","NEON.DOC.014045vD","4RA5KUKm8MAqlRb0ERCILw==",
"7dc3026e-1f26-490c-8b9a-fcf6897f150d","TALL_006.tickPlot.tck","D08","TALL","TALL_006","distributed","evergreenForest",32.899144,-87.444571,"WGS84",20.3,108.6,0.3,"2014-07-29T15:39Z","TALL.2014.30","TALL_006.20140729",,"drag",160,"Y",0,2,0,"No known compromise","NEON.DOC.014045vD","4RA5KUKm8MAqlRb0ERCILw==",
"32836363-767f-4b50-9725-365c8ccd5226","TALL_016.tickPlot.tck","D08","TALL","TALL_016","distributed","evergreenForest",32.971553,-87.415845,"WGS84",20.1,138.9,0.1,"2014-07-29T16:39Z","TALL.2014.30",,,"drag and flag",160,"N",0,0,0,,"NEON.DOC.014045vD","4RA5KUKm8MAqlRb0ERCILw==",
"5c468894-bd73-45f6-bb3b-e39e1ab202ed","TALL_001.tickPlot.tck","D08","TALL","TALL_001","distributed","deciduousForest",32.976370,-87.432184,"WGS84",20.2,114.6,0.1,"2014-07-29T17:27Z","TALL.2014.30","TALL_001.20140729",,"drag and flag",160,"Y",0,2,0,"No known compromise","NEON.DOC.014045vD","4RA5KUKm8MAqlRb0ERCILw==",
