uid,namedLocation,domainID,siteID,plotID,plotType,nlcdClass,decimalLatitude,decimalLongitude,geodeticDatum,coordinateUncertainty,elevation,elevationUncertainty,collectDate,eventID,sampleID,sampleCode,samplingMethod,totalSampledArea,targetTaxaPresent,adultCount,nymphCount,larvaCount,sampleCondition,samplingProtocolVersion,measuredBy,remarks
"5f78c1b1-6940-46dc-8d0a-b758fd094b07","BLAN_004.tickPlot.tck","D02","BLAN","BLAN_004","distributed","pastureHay",39.088416,-77.961331,"WGS84",20.1,123.7,0.1,"2015-04-23T13:45Z","BLAN.2015.16",,,"drag",160,"N",0,0,,,"NEON.DOC.014045vF","esNjjubcI51hdInmRHEEIrFR4+oIJtuN","base of grass slightly dewy, but cloth stayed dry"
"a223ed8a-b437-4347-9dfa-e80e7573e6fd","BLAN_008.tickPlot.tck","D02","BLAN","BLAN_008","distributed","pastureHay",39.083870,-77.966320,"WGS84",20.4,159.6,0.5,"2015-04-23T14:24Z","BLAN.2015.16",,,"drag",160,"N",0,0,,,"NEON.DOC.014045vF","esNjjubcI51hdInmRHEEIrFR4+oIJtuN",
"8ce38c11-52b7-4543-847b-b59a7e3eea77","BLAN_012.tickPlot.tck","D02","BLAN","BLAN_012","distributed","deciduousForest",39.082720,-77.959589,"WGS84",20.2,135.1,0.2,"2015-04-23T15:08Z","BLAN.2015.16",,,"drag and flag",170,"N",0,0,,,"NEON.DOC.014045vF","esNjjubcI51hdInmRHEEIrFR4+oIJtuN",
"fd6cde93-ecbf-40fe-9a6a-96b99cffab17","BLAN_015.tickPlot.tck","D02","BLAN","BLAN_015","distributed","deciduousForest",39.088728,-77.955494,"WGS84",20.2,125.9,0.2,"2015-04-23T16:18Z","BLAN.2015.16","BLAN_015.20150423",,"drag and flag",160,"Y",1,0,,"No known compromise","NEON.DOC.014045vF","esNjjubcI51hdInmRHEEIrFR4+oIJtuN",
"138e818d-a67b-4679-ba25-9e66bffdbb53","BLAN_005.tickPlot.tck","D02","BLAN","BLAN_005","distributed","deciduousForest",39.086223,-77.972729,"WGS84",20.2,169.1,0.3,"2015-04-23T17:41Z","BLAN.2015.16",,,"drag and flag",165,"N",0,0,,,"NEON.DOC.014045vF","esNjjubcI51hdInmRHEEIrFR4+oIJtuN",
"1afcd391-5152-498f-8484-2b76232c74b8","BLAN_002.tickPlot.tck","D02","BLAN","BLAN_002","distributed","pastureHay",39.091474,-77.982149,"WGS84",20.1,145.6,0.1,"2015-04-23T19:13Z","BLAN.2015.16",,,"drag",160,"N",0,0,,,"NEON.DOC.014045vF","esNjjubcI51hdInmRHEEIrFR4+oIJtuN",
