uid,namedLocation,date,eventID,domainID,siteID,plotID,subplotID,individualID,tagStatus,growthForm,plantStatus,stemDiameter,measurementHeight,height,baseCrownHeight,breakHeight,breakDiameter,maxCrownDiameter,ninetyCrownDiameter,canopyPosition,shape,basalStemDiameter,basalStemDiameterMsrmntHeight,maxBaseCrownDiameter,ninetyBaseCrownDiameter,remarks,recordedBy,measuredBy,dataQF
"8195723b-2620-4b37-abff-d45d7ebdcbc3","UNDE_058.basePlot.vst","2017-08-10","vst_UNDE_2017","D05","UNDE","UNDE_058",,"NEON.PLA.D05.UNDE.05178","ok","single bole tree","Dead, broken bole",15.3,130,3.2,,3.2,,,,,,,,,,,"2Li2TmTZ1dmTCu9unJAMhJSXNkcRpdMMg0Aw45oBndk=","e1I0NbzZcADnRcsMGeYsigd5XiUw63bbJX+fOzu7mIk=","legacyData"
"d3273acc-5fa1-4f83-9d1e-7a7e1eef515e","UNDE_058.basePlot.vst","2017-08-10","vst_UNDE_2017","D05","UNDE","UNDE_058",,"NEON.PLA.D05.UNDE.05749","ok","single bole tree","Live",30.8,130,17.5,,,,,,,,,,,,,"2Li2TmTZ1dmTCu9unJAMhJSXNkcRpdMMg0Aw45oBndk=","e1I0NbzZcADnRcsMGeYsigd5XiUw63bbJX+fOzu7mIk=","legacyData"
"edc35061-2178-4c4c-86ee-5ca774f842e1","UNDE_058.basePlot.vst","2017-08-10","vst_UNDE_2017","D05","UNDE","UNDE_058",,"NEON.PLA.D05.UNDE.01416","ok","sapling","Live",,,1.9,,,,,,,,1.7,10,,,,"2Li2TmTZ1dmTCu9unJAMhJSXNkcRpdMMg0Aw45oBndk=","e1I0NbzZcADnRcsMGeYsigd5XiUw63bbJX+fOzu7mIk=","legacyData"
"7526f1c9-5447-4a68-ba34-c242cb44c656","UNDE_058.basePlot.vst","2017-08-10","vst_UNDE_2017","D05","UNDE","UNDE_058",,"NEON.PLA.D05.UNDE.01030A","ok","single bole tree","Live",25.9,130,15.2,,,,,,,,,,,,,"2Li2TmTZ1dmTCu9unJAMhJSXNkcRpdMMg0Aw45oBndk=","e1I0NbzZcADnRcsMGeYsigd5XiUw63bbJX+fOzu7mIk=","legacyData"
"e942f616-864a-4255-9881-4de36f5a9f20","UNDE_058.basePlot.vst","2017-08-10","vst_UNDE_2017","D05","UNDE","UNDE_058",,"NEON.PLA.D05.UNDE.01043","ok","single bole tree","Live, physically damaged",19.8,130,18.9,,,,,,,,,,,,,"2Li2TmTZ1dmTCu9unJAMhJSXNkcRpdMMg0Aw45oBndk=","e1I0NbzZcADnRcsMGeYsigd5XiUw63bbJX+fOzu7mIk=","legacyData"
"7ec0fb13-af0e-4bfc-a149-1227ae917d6e","UNDE_058.basePlot.vst","2017-08-10","vst_UNDE_2017","D05","UNDE","UNDE_058",,"NEON.PLA.D05.UNDE.01303","ok","single bole tree","Live",27.0,130,17.4,,,,,,,,,,,,,"2Li2TmTZ1dmTCu9unJAMhJSXNkcRpdMMg0Aw45oBndk=","e1I0NbzZcADnRcsMGeYsigd5XiUw63bbJX+fOzu7mIk=","legacyData"
"aa082a57-a345-4642-9855-c0eb3cc77e14","UNDE_058.basePlot.vst","2017-08-10","vst_UNDE_2017","D05","UNDE","UNDE_058",,"NEON.PLA.D05.UNDE.05762","ok","small tree","Live",5.7,130,8.6,,,,,,,,,,,,,"2Li2TmTZ1dmTCu9unJAMhJSXNkcRpdMMg0Aw45oBndk=","e1I0NbzZcADnRcsMGeYsigd5XiUw63bbJX+fOzu7mIk=","legacyData"
"40db7b96-bd1b-4edb-85b5-fb9239e67351","UNDE_058.basePlot.vst","2017-08-10","vst_UNDE_2017","D05","UNDE","UNDE_058",,"NEON.PLA.D05.UNDE.02558","ok","single bole tree","Live",15.5,130,14.5,,,,,,,,,,,,,"2Li2TmTZ1dmTCu9unJAMhJSXNkcRpdMMg0Aw45oBndk=","e1I0NbzZcADnRcsMGeYsigd5XiUw63bbJX+fOzu7mIk=","legacyData"
"75839618-c5fd-4d06-8bd8-90f254fb4ccf","UNDE_058.basePlot.vst","2017-08-10","vst_UNDE_2017","D05","UNDE","UNDE_058",,"NEON.PLA.D05.UNDE.05174","ok","single bole tree","Live",40.8,130,21.1,,,,,,,,,,,,,"2Li2TmTZ1dmTCu9unJAMhJSXNkcRpdMMg0Aw45oBndk=","e1I0NbzZcADnRcsMGeYsigd5XiUw63bbJX+fOzu7mIk=","legacyData"
"85a0d323-9ca8-4951-97fb-b418841546cf","UNDE_058.basePlot.vst","2017-08-10","vst_UNDE_2017","D05","UNDE","UNDE_058",,"NEON.PLA.D05.UNDE.05927","ok","small tree","Live",4.6,130,9.6,,,,,,,,,,,,,"2Li2TmTZ1dmTCu9unJAMhJSXNkcRpdMMg0Aw45oBndk=","e1I0NbzZcADnRcsMGeYsigd5XiUw63bbJX+fOzu7mIk=","legacyData"
"be37174d-9b71-49c3-8634-a5b9cbbc61cb","UNDE_058.basePlot.vst","2017-08-10","vst_UNDE_2017","D05","UNDE","UNDE_058",,"NEON.PLA.D05.UNDE.01271","ok","small shrub","Live",,,1.2,0.5,,,1.2,1.0,,"ellipsoid or sphere",1.1,12,,,,"2Li2TmTZ1dmTCu9unJAMhJSXNkcRpdMMg0Aw45oBndk=","e1I0NbzZcADnRcsMGeYsigd5XiUw63bbJX+fOzu7mIk=","legacyData"
"9f4d0317-b946-44d6-a785-9a9b20d13ce8","UNDE_058.basePlot.vst","2017-08-10","vst_UNDE_2017","D05","UNDE","UNDE_058",,"NEON.PLA.D05.UNDE.05177","ok","single bole tree","Live",39.8,130,20.0,,,,,,,,,,,,,"2Li2TmTZ1dmTCu9unJAMhJSXNkcRpdMMg0Aw45oBndk=","e1I0NbzZcADnRcsMGeYsigd5XiUw63bbJX+fOzu7mIk=","legacyData"
"eb8ed942-5a9a-494f-b4b0-4ff6004a49a0","UNDE_058.basePlot.vst","2017-08-10","vst_UNDE_2017","D05","UNDE","UNDE_058",,"NEON.PLA.D05.UNDE.05244","ok","single bole tree","Live",22.7,130,19.6,,,,,,,,,,,,,"2Li2TmTZ1dmTCu9unJAMhJSXNkcRpdMMg0Aw45oBndk=","e1I0NbzZcADnRcsMGeYsigd5XiUw63bbJX+fOzu7mIk=","legacyData"
"e86d8418-dbaf-4cb9-b0a9-d718b123194b","UNDE_058.basePlot.vst","2017-08-10","vst_UNDE_2017","D05","UNDE","UNDE_058",,"NEON.PLA.D05.UNDE.01415","ok","sapling","Live",,,1.3,,,,,,,,1.0,10,,,,"2Li2TmTZ1dmTCu9unJAMhJSXNkcRpdMMg0Aw45oBndk=","e1I0NbzZcADnRcsMGeYsigd5XiUw63bbJX+fOzu7mIk=","legacyData"
"92fe63a3-ee13-45f8-b154-63e648831eb5","UNDE_058.basePlot.vst","2017-08-10","vst_UNDE_2017","D05","UNDE","UNDE_058",,"NEON.PLA.D05.UNDE.01269","ok","single bole tree","Live",17.6,130,13.6,,,,,,,,,,,,,"2Li2TmTZ1dmTCu9unJAMhJSXNkcRpdMMg0Aw45oBndk=","e1I0NbzZcADnRcsMGeYsigd5XiUw63bbJX+fOzu7mIk=","legacyData"
"910ab18d-dccb-4ac1-8017-b690405cc4cc","UNDE_058.basePlot.vst","2017-08-10","vst_UNDE_2017","D05","UNDE","UNDE_058",,"NEON.PLA.D05.UNDE.05120","ok","single bole tree","Live",26.3,130,17.8,,,,,,,,,,,,,"2Li2TmTZ1dmTCu9unJAMhJSXNkcRpdMMg0Aw45oBndk=","e1I0NbzZcADnRcsMGeYsigd5XiUw63bbJX+fOzu7mIk=","legacyData"
"0a878791-363f-41ee-8121-95125a07fce8","UNDE_058.basePlot.vst","2017-08-10","vst_UNDE_2017","D05","UNDE","UNDE_058",,"NEON.PLA.D05.UNDE.05200","ok","small tree","Live",1.0,130,2.7,,,,,,,,,,,,,"2Li2TmTZ1dmTCu9unJAMhJSXNkcRpdMMg0Aw45oBndk=","e1I0NbzZcADnRcsMGeYsigd5XiUw63bbJX+fOzu7mIk=","legacyData"
"18e844f9-ad8f-4d25-9712-fe880ea1f2b9","UNDE_058.basePlot.vst","2017-08-10","vst_UNDE_2017","D05","UNDE","UNDE_058",,"NEON.PLA.D05.UNDE.01040","ok","single shrub","Live",1.5,130,1.5,0.3,,,1.1,1.0,,"ellipsoid or sphere",3.4,10,,,,"2Li2TmTZ1dmTCu9unJAMhJSXNkcRpdMMg0Aw45oBndk=","e1I0NbzZcADnRcsMGeYsigd5XiUw63bbJX+fOzu7mIk=","legacyData"
"76813a70-f50a-4c03-acc0-4db10588f075","UNDE_058.basePlot.vst","2017-08-10","vst_UNDE_2017","D05","UNDE","UNDE_058",,"NEON.PLA.D05.UNDE.01098","ok","sapling","Live",,,2.1,,,,,,,,1.7,10,,,,"2Li2TmTZ1dmTCu9unJAMhJSXNkcRpdMMg0Aw45oBndk=","e1I0NbzZcADnRcsMGeYsigd5XiUw63bbJX+fOzu7mIk=","legacyData"
"9b40f4f3-d752-416f-a9f9-7e718693157e","UNDE_058.basePlot.vst","2017-08-10","vst_UNDE_2017","D05","UNDE","UNDE_058",,"NEON.PLA.D05.UNDE.01042","ok","sapling","Live",,,1.5,,,,,,,,1.3,10,,,,"2Li2TmTZ1dmTCu9unJAMhJSXNkcRpdMMg0Aw45oBndk=","e1I0NbzZcADnRcsMGeYsigd5XiUw63bbJX+fOzu7mIk=","legacyData"
"e59c1821-8dfc-43c3-b33e-5d61863429b0","UNDE_058.basePlot.vst","2017-08-10","vst_UNDE_2017","D05","UNDE","UNDE_058",,"NEON.PLA.D05.UNDE.05197","ok","single bole tree","Live",14.5,130,16.7,,,,,,,,,,,,,"2Li2TmTZ1dmTCu9unJAMhJSXNkcRpdMMg0Aw45oBndk=","e1I0NbzZcADnRcsMGeYsigd5XiUw63bbJX+fOzu7mIk=","legacyData"
"ef6a9fd3-517a-4ba5-a3d6-872303a9b130","UNDE_058.basePlot.vst","2017-08-10","vst_UNDE_2017","D05","UNDE","UNDE_058",,"NEON.PLA.D05.UNDE.01028","ok","single bole tree","Live",31.2,130,20.3,,,,,,,,,,,,,"2Li2TmTZ1dmTCu9unJAMhJSXNkcRpdMMg0Aw45oBndk=","e1I0NbzZcADnRcsMGeYsigd5XiUw63bbJX+fOzu7mIk=","legacyData"
"6652d7a6-db4a-446e-a028-79d5b9be51f4","UNDE_058.basePlot.vst","2017-08-10","vst_UNDE_2017","D05","UNDE","UNDE_058",,"NEON.PLA.D05.UNDE.02113","ok","single bole tree","Live",14.4,130,16.8,,,,,,,,,,,,,"2Li2TmTZ1dmTCu9unJAMhJSXNkcRpdMMg0Aw45oBndk=","e1I0NbzZcADnRcsMGeYsigd5XiUw63bbJX+fOzu7mIk=","legacyData"
"11815ec4-6702-48d8-b843-51f15ce9106e","UNDE_058.basePlot.vst","2017-08-10","vst_UNDE_2017","D05","UNDE","UNDE_058",,"NEON.PLA.D05.UNDE.05596","ok","small tree","Live",2.1,130,4.9,,,,,,,,,,,,,"2Li2TmTZ1dmTCu9unJAMhJSXNkcRpdMMg0Aw45oBndk=","e1I0NbzZcADnRcsMGeYsigd5XiUw63bbJX+fOzu7mIk=","legacyData"
"de257405-c34f-4712-92c4-c39e4d4ea8db","UNDE_058.basePlot.vst","2017-08-10","vst_UNDE_2017","D05","UNDE","UNDE_058",,"NEON.PLA.D05.UNDE.05698A","ok","single bole tree","Live",23.6,130,16.3,,,,,,,,,,,,,"2Li2TmTZ1dmTCu9unJAMhJSXNkcRpdMMg0Aw45oBndk=","e1I0NbzZcADnRcsMGeYsigd5XiUw63bbJX+fOzu7mIk=","legacyData"
"c6b42219-165c-4e80-bf54-07280f404349","UNDE_058.basePlot.vst","2017-08-10","vst_UNDE_2017","D05","UNDE","UNDE_058",,"NEON.PLA.D05.UNDE.05442","ok","sapling","Live",,,1.7,,,,,,,,1.4,10,,,,"2Li2TmTZ1dmTCu9unJAMhJSXNkcRpdMMg0Aw45oBndk=","e1I0NbzZcADnRcsMGeYsigd5XiUw63bbJX+fOzu7mIk=","legacyData"
"600bd14d-d1df-476d-b4a9-6f76e6e35283","UNDE_058.basePlot.vst","2017-08-10","vst_UNDE_2017","D05","UNDE","UNDE_058",,"NEON.PLA.D05.UNDE.01264","ok","sapling","Live",,,1.7,,,,,,,,1.8,10,,,,"2Li2TmTZ1dmTCu9unJAMhJSXNkcRpdMMg0Aw45oBndk=","e1I0NbzZcADnRcsMGeYsigd5XiUw63bbJX+fOzu7mIk=","legacyData"
"c8cd0439-f097-46b4-b3f5-645fe89cccfc","UNDE_058.basePlot.vst","2017-08-10","vst_UNDE_2017","D05","UNDE","UNDE_058",,"NEON.PLA.D05.UNDE.01269A","ok","single bole tree","Standing dead",5.9,130,6.0,,,,,,,,,,,,,"2Li2TmTZ1dmTCu9unJAMhJSXNkcRpdMMg0Aw45oBndk=","e1I0NbzZcADnRcsMGeYsigd5XiUw63bbJX+fOzu7mIk=","legacyData"
"d5eeecca-95d0-493a-8628-168bcedd7f17","UNDE_058.basePlot.vst","2017-08-10","vst_UNDE_2017","D05","UNDE","UNDE_058",,"NEON.PLA.D05.UNDE.05105","ok","sapling","Live",,,1.8,,,,,,,,1.5,10,,,,"2Li2TmTZ1dmTCu9unJAMhJSXNkcRpdMMg0Aw45oBndk=","e1I0NbzZcADnRcsMGeYsigd5XiUw63bbJX+fOzu7mIk=","legacyData"
"9e47b4ea-d63e-4ffe-9124-d0e90ff64bb3","UNDE_058.basePlot.vst","2017-08-10","vst_UNDE_2017","D05","UNDE","UNDE_058",,"NEON.PLA.D05.UNDE.05747","ok","single bole tree","Live",29.5,130,16.5,,,,,,,,,,,,,"2Li2TmTZ1dmTCu9unJAMhJSXNkcRpdMMg0Aw45oBndk=","e1I0NbzZcADnRcsMGeYsigd5XiUw63bbJX+fOzu7mIk=","legacyData"
"6179e70a-636a-4928-912e-2b0ab6216897","UNDE_058.basePlot.vst","2017-08-10","vst_UNDE_2017","D05","UNDE","UNDE_058",,"NEON.PLA.D05.UNDE.02351","ok","single bole tree","Live",15.5,130,11.1,,,,,,,,,,,,,"2Li2TmTZ1dmTCu9unJAMhJSXNkcRpdMMg0Aw45oBndk=","e1I0NbzZcADnRcsMGeYsigd5XiUw63bbJX+fOzu7mIk=","legacyData"
"a33212ad-5add-4fc3-93c0-3fc070fd20ed","UNDE_058.basePlot.vst","2017-08-10","vst_UNDE_2017","D05","UNDE","UNDE_058",,"NEON.PLA.D05.UNDE.01078","ok","sapling","Live",,,1.7,,,,,,,,1.5,10,,,,"2Li2TmTZ1dmTCu9unJAMhJSXNkcRpdMMg0Aw45oBndk=","e1I0NbzZcADnRcsMGeYsigd5XiUw63bbJX+fOzu7mIk=","legacyData"
"0009764c-c38f-40a4-b35b-8d20f367c6e8","UNDE_058.basePlot.vst","2017-08-10","vst_UNDE_2017","D05","UNDE","UNDE_058",,"NEON.PLA.D05.UNDE.05242","ok","sapling","Live",,,2.2,,,,,,,,1.6,10,,,,"2Li2TmTZ1dmTCu9unJAMhJSXNkcRpdMMg0Aw45oBndk=","e1I0NbzZcADnRcsMGeYsigd5XiUw63bbJX+fOzu7mIk=","legacyData"
"d37f2f05-cb59-4154-9f6b-4e15c50196b6","UNDE_058.basePlot.vst","2017-08-10","vst_UNDE_2017","D05","UNDE","UNDE_058",,"NEON.PLA.D05.UNDE.01027","ok","single bole tree","Live",40.8,130,22.6,,,,,,,,,,,,,"2Li2TmTZ1dmTCu9unJAMhJSXNkcRpdMMg0Aw45oBndk=","e1I0NbzZcADnRcsMGeYsigd5XiUw63bbJX+fOzu7mIk=","legacyData"
"cb9f35f9-3ed5-4c68-bd49-4f7607bf3d82","UNDE_058.basePlot.vst","2017-08-10","vst_UNDE_2017","D05","UNDE","UNDE_058",,"NEON.PLA.D05.UNDE.02578","ok","single bole tree","Live",32.4,130,20.8,,,,,,,,,,,,,"2Li2TmTZ1dmTCu9unJAMhJSXNkcRpdMMg0Aw45oBndk=","e1I0NbzZcADnRcsMGeYsigd5XiUw63bbJX+fOzu7mIk=","legacyData"
"6a826931-2388-4385-a585-842db9ecbdde","UNDE_058.basePlot.vst","2017-08-10","vst_UNDE_2017","D05","UNDE","UNDE_058",,"NEON.PLA.D05.UNDE.05750","ok","single bole tree","Live",33.7,130,20.0,,,,,,,,,,,,,"2Li2TmTZ1dmTCu9unJAMhJSXNkcRpdMMg0Aw45oBndk=","e1I0NbzZcADnRcsMGeYsigd5XiUw63bbJX+fOzu7mIk=","legacyData"
"da22cc71-79aa-4135-96ea-f5c533c0df86","UNDE_058.basePlot.vst","2017-08-10","vst_UNDE_2017","D05","UNDE","UNDE_058",,"NEON.PLA.D05.UNDE.05338","ok","sapling","Live",,,2.2,,,,,,,,1.7,10,,,,"2Li2TmTZ1dmTCu9unJAMhJSXNkcRpdMMg0Aw45oBndk=","e1I0NbzZcADnRcsMGeYsigd5XiUw63bbJX+fOzu7mIk=","legacyData"
"e0bced1b-5fcb-43fe-9195-bea4cd6b021b","UNDE_058.basePlot.vst","2017-08-10","vst_UNDE_2017","D05","UNDE","UNDE_058",,"NEON.PLA.D05.UNDE.02500","ok","small tree","Live",1.3,130,3.1,,,,,,,,,,,,,"2Li2TmTZ1dmTCu9unJAMhJSXNkcRpdMMg0Aw45oBndk=","e1I0NbzZcADnRcsMGeYsigd5XiUw63bbJX+fOzu7mIk=","legacyData"
"cff46c0d-54ab-4862-a489-d35853c54df1","UNDE_058.basePlot.vst","2017-08-10","vst_UNDE_2017","D05","UNDE","UNDE_058",,"NEON.PLA.D05.UNDE.05271","ok","single bole tree","Live",26.3,130,18.2,,,,,,,,,,,,,"2Li2TmTZ1dmTCu9unJAMhJSXNkcRpdMMg0Aw45oBndk=","e1I0NbzZcADnRcsMGeYsigd5XiUw63bbJX+fOzu7mIk=","legacyData"
"bd8ff46f-0005-42cd-abbc-fa2d1f6437f0","UNDE_058.basePlot.vst","2017-08-10","vst_UNDE_2017","D05","UNDE","UNDE_058",,"NEON.PLA.D05.UNDE.01275","ok","single bole tree","Live",24.5,130,22.0,,,,,,,,,,,,,"2Li2TmTZ1dmTCu9unJAMhJSXNkcRpdMMg0Aw45oBndk=","e1I0NbzZcADnRcsMGeYsigd5XiUw63bbJX+fOzu7mIk=","legacyData"
"49ae7031-17bd-4441-bc9b-6730cabb069c","UNDE_058.basePlot.vst","2017-08-10","vst_UNDE_2017","D05","UNDE","UNDE_058",,"NEON.PLA.D05.UNDE.01030","ok","single bole tree","Live",36.7,130,15.9,,,,,,,,,,,,,"2Li2TmTZ1dmTCu9unJAMhJSXNkcRpdMMg0Aw45oBndk=","e1I0NbzZcADnRcsMGeYsigd5XiUw63bbJX+fOzu7mIk=","legacyData"
"fc414e07-7e31-4558-8285-1920330ca301","UNDE_058.basePlot.vst","2017-08-10","vst_UNDE_2017","D05","UNDE","UNDE_058",,"NEON.PLA.D05.UNDE.05698","ok","single bole tree","Live",36.2,130,17.0,,,,,,,,,,,,,"2Li2TmTZ1dmTCu9unJAMhJSXNkcRpdMMg0Aw45oBndk=","e1I0NbzZcADnRcsMGeYsigd5XiUw63bbJX+fOzu7mIk=","legacyData"
"ee9f8f92-d451-484b-ac1c-a04a72edd4ca","UNDE_058.basePlot.vst","2017-08-10","vst_UNDE_2017","D05","UNDE","UNDE_058",,"NEON.PLA.D05.UNDE.02589","ok","single bole tree","Live",30.0,130,16.7,,,,,,,,,,,,,"2Li2TmTZ1dmTCu9unJAMhJSXNkcRpdMMg0Aw45oBndk=","e1I0NbzZcADnRcsMGeYsigd5XiUw63bbJX+fOzu7mIk=","legacyData"
"15c3ba65-3aa2-4824-8c73-ec94cf597e67","UNDE_058.basePlot.vst","2017-08-10","vst_UNDE_2017","D05","UNDE","UNDE_058",,"NEON.PLA.D05.UNDE.05248","ok","single bole tree","Live",36.0,130,16.9,,,,,,,,,,,,,"2Li2TmTZ1dmTCu9unJAMhJSXNkcRpdMMg0Aw45oBndk=","e1I0NbzZcADnRcsMGeYsigd5XiUw63bbJX+fOzu7mIk=","legacyData"
"db79ecc1-e774-4002-95f0-b0d1aedc5faa","UNDE_058.basePlot.vst","2017-08-10","vst_UNDE_2017","D05","UNDE","UNDE_058",,"NEON.PLA.D05.UNDE.05254A","ok","single bole tree","Standing dead",7.6,130,12.2,,,,,,,,,,,,,"2Li2TmTZ1dmTCu9unJAMhJSXNkcRpdMMg0Aw45oBndk=","e1I0NbzZcADnRcsMGeYsigd5XiUw63bbJX+fOzu7mIk=","legacyData"
"6edd0500-6bee-4f0f-8abf-3e9fc932439e","UNDE_058.basePlot.vst","2017-08-10","vst_UNDE_2017","D05","UNDE","UNDE_058",,"NEON.PLA.D05.UNDE.02579","ok","single shrub","Live",1.9,130,2.1,0.3,,,2.2,1.9,,"ellipsoid or sphere",5.8,10,,,,"2Li2TmTZ1dmTCu9unJAMhJSXNkcRpdMMg0Aw45oBndk=","e1I0NbzZcADnRcsMGeYsigd5XiUw63bbJX+fOzu7mIk=","legacyData"
"bbe199b2-b0f6-4256-887e-dc6e0af39aa3","UNDE_058.basePlot.vst","2017-08-10","vst_UNDE_2017","D05","UNDE","UNDE_058",,"NEON.PLA.D05.UNDE.05384","ok","sapling","Live",,,2.3,,,,,,,,1.5,10,,,,"2Li2TmTZ1dmTCu9unJAMhJSXNkcRpdMMg0Aw45oBndk=","e1I0NbzZcADnRcsMGeYsigd5XiUw63bbJX+fOzu7mIk=","legacyData"
"902c70e4-8394-45ca-a9e0-b7ca6d971b43","UNDE_058.basePlot.vst","2017-08-10","vst_UNDE_2017","D05","UNDE","UNDE_058",,"NEON.PLA.D05.UNDE.05773A","ok","single bole tree","Live, broken bole",14.5,130,6.8,,,13.3,,,,,,,,,,"2Li2TmTZ1dmTCu9unJAMhJSXNkcRpdMMg0Aw45oBndk=","e1I0NbzZcADnRcsMGeYsigd5XiUw63bbJX+fOzu7mIk=","legacyData"
"e34e8c2f-a6dc-47e1-b803-abf6965b8933","UNDE_058.basePlot.vst","2017-08-10","vst_UNDE_2017","D05","UNDE","UNDE_058",,"NEON.PLA.D05.UNDE.05395","ok","sapling","Live",,,1.9,,,,,,,,1.4,10,,,,"2Li2TmTZ1dmTCu9unJAMhJSXNkcRpdMMg0Aw45oBndk=","e1I0NbzZcADnRcsMGeYsigd5XiUw63bbJX+fOzu7mIk=","legacyData"
"2a96b3d1-7b5e-4d23-912d-f0cc34c6060e","UNDE_058.basePlot.vst","2017-08-10","vst_UNDE_2017","D05","UNDE","UNDE_058",,"NEON.PLA.D05.UNDE.01046","ok","single bole tree","Live",35.0,130,17.7,,,,,,,,,,,,,"2Li2TmTZ1dmTCu9unJAMhJSXNkcRpdMMg0Aw45oBndk=","e1I0NbzZcADnRcsMGeYsigd5XiUw63bbJX+fOzu7mIk=","legacyData"
"5e2a0fe0-0e67-4d21-bd77-197501775029","UNDE_058.basePlot.vst","2017-08-10","vst_UNDE_2017","D05","UNDE","UNDE_058",,"NEON.PLA.D05.UNDE.05761","ok","small tree","Live",3.1,130,4.1,,,,,,,,,,,,,"2Li2TmTZ1dmTCu9unJAMhJSXNkcRpdMMg0Aw45oBndk=","e1I0NbzZcADnRcsMGeYsigd5XiUw63bbJX+fOzu7mIk=","legacyData"
"ead5a045-c81e-443c-9cd9-6e62e588c58c","UNDE_058.basePlot.vst","2017-08-10","vst_UNDE_2017","D05","UNDE","UNDE_058",,"NEON.PLA.D05.UNDE.01035","ok","single bole tree","Live, broken bole",11.5,130,4.3,,4.3,,,,,,,,,,,"2Li2TmTZ1dmTCu9unJAMhJSXNkcRpdMMg0Aw45oBndk=","e1I0NbzZcADnRcsMGeYsigd5XiUw63bbJX+fOzu7mIk=","legacyData"
"a785c369-00b0-41b5-ae0f-8cfe9f3c000a","UNDE_058.basePlot.vst","2017-08-10","vst_UNDE_2017","D05","UNDE","UNDE_058",,"NEON.PLA.D05.UNDE.05932","ok","small tree","Live",1.0,130,2.7,,,,,,,,,,,,,"2Li2TmTZ1dmTCu9unJAMhJSXNkcRpdMMg0Aw45oBndk=","e1I0NbzZcADnRcsMGeYsigd5XiUw63bbJX+fOzu7mIk=","legacyData"
"5c4a7790-c204-40b2-b5ee-9a2029d14095","UNDE_058.basePlot.vst","2017-08-10","vst_UNDE_2017","D05","UNDE","UNDE_058",,"NEON.PLA.D05.UNDE.01412","ok","small shrub","Live",,,0.9,0.2,,,1.1,1.0,,"inverted cone",1.0,10,0.50,0.40,,"2Li2TmTZ1dmTCu9unJAMhJSXNkcRpdMMg0Aw45oBndk=","e1I0NbzZcADnRcsMGeYsigd5XiUw63bbJX+fOzu7mIk=","legacyData"
"e3bb45c7-bdd4-4633-9a88-777ae7c5eb1f","UNDE_058.basePlot.vst","2017-08-10","vst_UNDE_2017","D05","UNDE","UNDE_058",,"NEON.PLA.D05.UNDE.05936","ok","sapling","Live",,,1.8,,,,,,,,1.2,10,,,,"2Li2TmTZ1dmTCu9unJAMhJSXNkcRpdMMg0Aw45oBndk=","e1I0NbzZcADnRcsMGeYsigd5XiUw63bbJX+fOzu7mIk=","legacyData"
"1bbe0a5f-c790-4301-9e51-255e013dc4e8","UNDE_058.basePlot.vst","2017-08-10","vst_UNDE_2017","D05","UNDE","UNDE_058",,"NEON.PLA.D05.UNDE.05277","ok","sapling","Live",,,2.6,,,,,,,,2.0,10,,,,"2Li2TmTZ1dmTCu9unJAMhJSXNkcRpdMMg0Aw45oBndk=","e1I0NbzZcADnRcsMGeYsigd5XiUw63bbJX+fOzu7mIk=","legacyData"
"b769117f-6762-40e2-adf2-06f406d0a3b7","UNDE_058.basePlot.vst","2017-08-10","vst_UNDE_2017","D05","UNDE","UNDE_058",,"NEON.PLA.D05.UNDE.02700","ok","single bole tree","Live",25.0,130,19.5,,,,,,,,,,,,,"2Li2TmTZ1dmTCu9unJAMhJSXNkcRpdMMg0Aw45oBndk=","e1I0NbzZcADnRcsMGeYsigd5XiUw63bbJX+fOzu7mIk=","legacyData"
"854ff658-2490-420f-9a80-e61287b0ea27","UNDE_058.basePlot.vst","2017-08-10","vst_UNDE_2017","D05","UNDE","UNDE_058",,"NEON.PLA.D05.UNDE.01285","ok","single bole tree","Live",17.5,130,17.2,,,,,,,,,,,,,"2Li2TmTZ1dmTCu9unJAMhJSXNkcRpdMMg0Aw45oBndk=","e1I0NbzZcADnRcsMGeYsigd5XiUw63bbJX+fOzu7mIk=","legacyData"
"5897237a-f3c7-4fcc-b11b-c0032e1a4459","UNDE_058.basePlot.vst","2017-08-10","vst_UNDE_2017","D05","UNDE","UNDE_058",,"NEON.PLA.D05.UNDE.05113","ok","small shrub","Live",,,0.8,0.1,,,0.9,0.7,,"ellipsoid or sphere",1.4,13,,,,"2Li2TmTZ1dmTCu9unJAMhJSXNkcRpdMMg0Aw45oBndk=","e1I0NbzZcADnRcsMGeYsigd5XiUw63bbJX+fOzu7mIk=","legacyData"
"8931b1a6-8972-45a5-9dc1-59e2335c1e83","UNDE_058.basePlot.vst","2017-08-10","vst_UNDE_2017","D05","UNDE","UNDE_058",,"NEON.PLA.D05.UNDE.05253","ok","small tree","Live",3.6,130,5.1,,,,,,,,,,,,,"2Li2TmTZ1dmTCu9unJAMhJSXNkcRpdMMg0Aw45oBndk=","e1I0NbzZcADnRcsMGeYsigd5XiUw63bbJX+fOzu7mIk=","legacyData"
"4b52d602-287a-4a1d-8137-26cc8b92b3c2","UNDE_058.basePlot.vst","2017-08-10","vst_UNDE_2017","D05","UNDE","UNDE_058",,"NEON.PLA.D05.UNDE.05240","ok","single bole tree","Dead, broken bole",32.5,130,6.1,,6.1,,,,,,,,,,,"2Li2TmTZ1dmTCu9unJAMhJSXNkcRpdMMg0Aw45oBndk=","e1I0NbzZcADnRcsMGeYsigd5XiUw63bbJX+fOzu7mIk=","legacyData"
"510d8551-1882-4ef8-9ea6-9b46bb5089b1","UNDE_058.basePlot.vst","2017-08-10","vst_UNDE_2017","D05","UNDE","UNDE_058",,"NEON.PLA.D05.UNDE.05765","ok","small tree","Live",1.6,130,3.0,,,,,,,,,,,,,"2Li2TmTZ1dmTCu9unJAMhJSXNkcRpdMMg0Aw45oBndk=","e1I0NbzZcADnRcsMGeYsigd5XiUw63bbJX+fOzu7mIk=","legacyData"
"fceffa34-91ec-42e8-83c2-c8f956092902","UNDE_058.basePlot.vst","2017-08-10","vst_UNDE_2017","D05","UNDE","UNDE_058",,"NEON.PLA.D05.UNDE.05259","ok","single bole tree","Live",44.8,130,20.6,,,,,,,,,,,,,"2Li2TmTZ1dmTCu9unJAMhJSXNkcRpdMMg0Aw45oBndk=","e1I0NbzZcADnRcsMGeYsigd5XiUw63bbJX+fOzu7mIk=","legacyData"
"53ce439a-36b4-4aad-85fa-1f70a5911ff1","UNDE_058.basePlot.vst","2017-08-10","vst_UNDE_2017","D05","UNDE","UNDE_058",,"NEON.PLA.D05.UNDE.05180","ok","small shrub","Live",,,1.1,0.2,,,1.2,0.8,,"ellipsoid or sphere",2.2,10,,,,"2Li2TmTZ1dmTCu9unJAMhJSXNkcRpdMMg0Aw45oBndk=","e1I0NbzZcADnRcsMGeYsigd5XiUw63bbJX+fOzu7mIk=","legacyData"
"9d8f3d94-6157-45f8-8d1e-420d21431c01","UNDE_058.basePlot.vst","2017-08-10","vst_UNDE_2017","D05","UNDE","UNDE_058",,"NEON.PLA.D05.UNDE.01325","ok","sapling","Standing dead",,,1.1,,,,,,,,1.2,10,,,,"2Li2TmTZ1dmTCu9unJAMhJSXNkcRpdMMg0Aw45oBndk=","e1I0NbzZcADnRcsMGeYsigd5XiUw63bbJX+fOzu7mIk=","legacyData"
"36689685-dd9e-4c3a-ac0a-b093c48dd3e5","UNDE_058.basePlot.vst","2017-08-10","vst_UNDE_2017","D05","UNDE","UNDE_058",,"NEON.PLA.D05.UNDE.02585","ok","single bole tree","Live",33.0,130,18.3,,,,,,,,,,,,,"2Li2TmTZ1dmTCu9unJAMhJSXNkcRpdMMg0Aw45oBndk=","e1I0NbzZcADnRcsMGeYsigd5XiUw63bbJX+fOzu7mIk=","legacyData"
"3835c21c-d453-4246-add1-9f0679059569","UNDE_058.basePlot.vst","2017-08-10","vst_UNDE_2017","D05","UNDE","UNDE_058",,"NEON.PLA.D05.UNDE.05251","ok","single bole tree","Dead, broken bole",23.2,130,5.3,,5.3,,,,,,,,,,,"2Li2TmTZ1dmTCu9unJAMhJSXNkcRpdMMg0Aw45oBndk=","e1I0NbzZcADnRcsMGeYsigd5XiUw63bbJX+fOzu7mIk=","legacyData"
"59e51a7a-4d80-4711-8b06-5735a8cb9f1f","UNDE_058.basePlot.vst","2017-08-10","vst_UNDE_2017","D05","UNDE","UNDE_058",,"NEON.PLA.D05.UNDE.01017","ok","small shrub","Live",,,1.2,0.2,,,1.5,1.3,,"ellipsoid or sphere",2.7,10,,,,"2Li2TmTZ1dmTCu9unJAMhJSXNkcRpdMMg0Aw45oBndk=","e1I0NbzZcADnRcsMGeYsigd5XiUw63bbJX+fOzu7mIk=","legacyData"
"045c612f-f887-4b45-b5d8-b837c2978402","UNDE_058.basePlot.vst","2017-08-10","vst_UNDE_2017","D05","UNDE","UNDE_058",,"NEON.PLA.D05.UNDE.01413","ok","sapling","Live",,,1.8,,,,,,,,1.1,10,,,,"2Li2TmTZ1dmTCu9unJAMhJSXNkcRpdMMg0Aw45oBndk=","e1I0NbzZcADnRcsMGeYsigd5XiUw63bbJX+fOzu7mIk=","legacyData"
"5e224b6d-4c0b-41de-954a-e12603698010","UNDE_058.basePlot.vst","2017-08-10","vst_UNDE_2017","D05","UNDE","UNDE_058",,"NEON.PLA.D05.UNDE.01026","ok","single bole tree","Live",11.8,138,11.1,,,,,,,,,,,,,"2Li2TmTZ1dmTCu9unJAMhJSXNkcRpdMMg0Aw45oBndk=","e1I0NbzZcADnRcsMGeYsigd5XiUw63bbJX+fOzu7mIk=","legacyData"
"c81eef5d-f78f-4b16-84d5-1c976ab2a9e9","UNDE_058.basePlot.vst","2017-08-10","vst_UNDE_2017","D05","UNDE","UNDE_058",,"NEON.PLA.D05.UNDE.05264","ok","sapling","Live",,,2.6,,,,,,,,2.2,10,,,,"2Li2TmTZ1dmTCu9unJAMhJSXNkcRpdMMg0Aw45oBndk=","e1I0NbzZcADnRcsMGeYsigd5XiUw63bbJX+fOzu7mIk=","legacyData"
"9b799c73-d861-4abb-b421-0f81bf5c6033","UNDE_058.basePlot.vst","2017-08-10","vst_UNDE_2017","D05","UNDE","UNDE_058",,"NEON.PLA.D05.UNDE.01046A","ok","single bole tree","Live",37.7,130,17.9,,,,,,,,,,,,,"2Li2TmTZ1dmTCu9unJAMhJSXNkcRpdMMg0Aw45oBndk=","e1I0NbzZcADnRcsMGeYsigd5XiUw63bbJX+fOzu7mIk=","legacyData"
"e5262783-17a0-4c15-bc3f-6206db263a5b","UNDE_058.basePlot.vst","2017-08-10","vst_UNDE_2017","D05","UNDE","UNDE_058",,"NEON.PLA.D05.UNDE.03393","ok","small shrub","Live",,,0.7,0.2,,,0.8,0.6,,"ellipsoid or sphere",1.2,10,,,,"2Li2TmTZ1dmTCu9unJAMhJSXNkcRpdMMg0Aw45oBndk=","e1I0NbzZcADnRcsMGeYsigd5XiUw63bbJX+fOzu7mIk=","legacyData"
"719efade-c197-4a08-88eb-e72e9b178498","UNDE_058.basePlot.vst","2017-08-10","vst_UNDE_2017","D05","UNDE","UNDE_058",,"NEON.PLA.D05.UNDE.01332","ok","single bole tree","Standing dead",11.4,130,12.2,,,,,,,,,,,,,"2Li2TmTZ1dmTCu9unJAMhJSXNkcRpdMMg0Aw45oBndk=","e1I0NbzZcADnRcsMGeYsigd5XiUw63bbJX+fOzu7mIk=","legacyData"
"2f51d6d5-744b-4569-95d3-110017902a6a","UNDE_058.basePlot.vst","2017-08-10","vst_UNDE_2017","D05","UNDE","UNDE_058",,"NEON.PLA.D05.UNDE.05175","ok","single bole tree","Live",25.6,130,17.1,,,,,,,,,,,,,"2Li2TmTZ1dmTCu9unJAMhJSXNkcRpdMMg0Aw45oBndk=","e1I0NbzZcADnRcsMGeYsigd5XiUw63bbJX+fOzu7mIk=","legacyData"
"a0062d76-c99a-4f18-95a7-c0fdd5322f12","UNDE_058.basePlot.vst","2017-08-10","vst_UNDE_2017","D05","UNDE","UNDE_058",,"NEON.PLA.D05.UNDE.01060","ok","sapling","Live",,,2.5,,,,,,,,1.6,10,,,,"2Li2TmTZ1dmTCu9unJAMhJSXNkcRpdMMg0Aw45oBndk=","e1I0NbzZcADnRcsMGeYsigd5XiUw63bbJX+fOzu7mIk=","legacyData"
"ee4c4ef8-6e87-4ce1-9bc3-a039c3c0c8b9","UNDE_058.basePlot.vst","2017-08-10","vst_UNDE_2017","D05","UNDE","UNDE_058",,"NEON.PLA.D05.UNDE.01072","ok","single bole tree","Live",12.5,130,12.5,,,,,,,,,,,,,"2Li2TmTZ1dmTCu9unJAMhJSXNkcRpdMMg0Aw45oBndk=","e1I0NbzZcADnRcsMGeYsigd5XiUw63bbJX+fOzu7mIk=","legacyData"
"558b8925-a48b-4bfa-9574-977dc329a21a","UNDE_058.basePlot.vst","2017-08-10","vst_UNDE_2017","D05","UNDE","UNDE_058",,"NEON.PLA.D05.UNDE.01332","ok","single bole tree","Live",26.8,130,19.3,,,,,,,,,,,,,"2Li2TmTZ1dmTCu9unJAMhJSXNkcRpdMMg0Aw45oBndk=","e1I0NbzZcADnRcsMGeYsigd5XiUw63bbJX+fOzu7mIk=","legacyData"
"ee369759-15e5-484a-abca-5db511665790","UNDE_058.basePlot.vst","2017-08-10","vst_UNDE_2017","D05","UNDE","UNDE_058",,"NEON.PLA.D05.UNDE.02389","ok","small tree","Live",4.8,130,7.3,,,,,,,,,,,,,"2Li2TmTZ1dmTCu9unJAMhJSXNkcRpdMMg0Aw45oBndk=","e1I0NbzZcADnRcsMGeYsigd5XiUw63bbJX+fOzu7mIk=","legacyData"
"09235943-09e4-48fa-ae7c-d44226f3e410","UNDE_058.basePlot.vst","2017-08-10","vst_UNDE_2017","D05","UNDE","UNDE_058",,"NEON.PLA.D05.UNDE.05269","ok","small tree","Live",7.2,130,6.7,,,,,,,,,,,,,"2Li2TmTZ1dmTCu9unJAMhJSXNkcRpdMMg0Aw45oBndk=","e1I0NbzZcADnRcsMGeYsigd5XiUw63bbJX+fOzu7mIk=","legacyData"
"fb88f99d-52f9-4cdd-a359-9fbf4fefc45d","UNDE_058.basePlot.vst","2017-08-10","vst_UNDE_2017","D05","UNDE","UNDE_058",,"NEON.PLA.D05.UNDE.05254","ok","single bole tree","Live",12.0,150,10.7,,,,,,,,,,,,,"2Li2TmTZ1dmTCu9unJAMhJSXNkcRpdMMg0Aw45oBndk=","e1I0NbzZcADnRcsMGeYsigd5XiUw63bbJX+fOzu7mIk=","legacyData"
"4a084d9d-56d2-4b71-98be-83ae285771c5","UNDE_058.basePlot.vst","2017-08-10","vst_UNDE_2017","D05","UNDE","UNDE_058",,"NEON.PLA.D05.UNDE.01311","ok","small tree","Live",1.3,130,2.9,,,,,,,,,,,,,"2Li2TmTZ1dmTCu9unJAMhJSXNkcRpdMMg0Aw45oBndk=","e1I0NbzZcADnRcsMGeYsigd5XiUw63bbJX+fOzu7mIk=","legacyData"
"e369eb6c-4f33-4695-ae81-5445e1ded5d6","UNDE_058.basePlot.vst","2017-08-10","vst_UNDE_2017","D05","UNDE","UNDE_058",,"NEON.PLA.D05.UNDE.05387","ok","sapling","Live",,,1.2,,,,,,,,1.0,10,,,,"2Li2TmTZ1dmTCu9unJAMhJSXNkcRpdMMg0Aw45oBndk=","e1I0NbzZcADnRcsMGeYsigd5XiUw63bbJX+fOzu7mIk=","legacyData"
"b2450146-0503-4cee-bf83-e4846ff28315","UNDE_058.basePlot.vst","2017-08-10","vst_UNDE_2017","D05","UNDE","UNDE_058",,"NEON.PLA.D05.UNDE.05249","ok","small tree","Live",5.1,130,5.8,,,,,,,,,,,,,"2Li2TmTZ1dmTCu9unJAMhJSXNkcRpdMMg0Aw45oBndk=","e1I0NbzZcADnRcsMGeYsigd5XiUw63bbJX+fOzu7mIk=","legacyData"
"5e0789b8-22bf-4cbc-81fc-4e92e476ad42","UNDE_058.basePlot.vst","2017-08-10","vst_UNDE_2017","D05","UNDE","UNDE_058",,"NEON.PLA.D05.UNDE.02575","ok","single bole tree","Live",21.3,130,16.6,,,,,,,,,,,,,"2Li2TmTZ1dmTCu9unJAMhJSXNkcRpdMMg0Aw45oBndk=","e1I0NbzZcADnRcsMGeYsigd5XiUw63bbJX+fOzu7mIk=","legacyData"
"9f6d738b-9e0f-40f2-813a-819e63d1a763","UNDE_058.basePlot.vst","2017-08-10","vst_UNDE_2017","D05","UNDE","UNDE_058",,"NEON.PLA.D05.UNDE.01342","ok","single bole tree","Live, physically damaged",25.9,130,19.3,,,,,,,,,,,,,"2Li2TmTZ1dmTCu9unJAMhJSXNkcRpdMMg0Aw45oBndk=","e1I0NbzZcADnRcsMGeYsigd5XiUw63bbJX+fOzu7mIk=","legacyData"
"6525c8aa-65cd-49a3-a505-062f6f24a1e5","UNDE_058.basePlot.vst","2017-08-10","vst_UNDE_2017","D05","UNDE","UNDE_058",,"NEON.PLA.D05.UNDE.05480","ok","single bole tree","Live",25.0,130,17.1,,,,,,,,,,,,,"2Li2TmTZ1dmTCu9unJAMhJSXNkcRpdMMg0Aw45oBndk=","e1I0NbzZcADnRcsMGeYsigd5XiUw63bbJX+fOzu7mIk=","legacyData"
"370712b4-71b4-40ca-96c8-562993e3cc58","UNDE_058.basePlot.vst","2017-08-10","vst_UNDE_2017","D05","UNDE","UNDE_058",,"NEON.PLA.D05.UNDE.05773","ok","single bole tree","Live",16.5,130,9.6,,,,,,,,,,,,,"2Li2TmTZ1dmTCu9unJAMhJSXNkcRpdMMg0Aw45oBndk=","e1I0NbzZcADnRcsMGeYsigd5XiUw63bbJX+fOzu7mIk=","legacyData"
"b596adf5-a806-4347-8d9c-3a35e1de5a8a","UNDE_065.basePlot.vst","2017-08-16","vst_UNDE_2017","D05","UNDE","UNDE_065",,"NEON.PLA.D05.UNDE.09530","ok","sapling","Live",,,1.0,,,,,,,,1.2,10,,,,"2Li2TmTZ1dmTCu9unJAMhJSXNkcRpdMMg0Aw45oBndk=","e1I0NbzZcADnRcsMGeYsigd5XiUw63bbJX+fOzu7mIk=","legacyData"
"18826f5c-1af0-4b8c-9219-44e106f59b37","UNDE_065.basePlot.vst","2017-08-16","vst_UNDE_2017","D05","UNDE","UNDE_065",,"NEON.PLA.D05.UNDE.09550","ok","single bole tree","Live",25.0,130,21.0,,,,,,,,,,,,,"2Li2TmTZ1dmTCu9unJAMhJSXNkcRpdMMg0Aw45oBndk=","e1I0NbzZcADnRcsMGeYsigd5XiUw63bbJX+fOzu7mIk=","legacyData"
"4b67043d-d0a2-4f2e-91c4-42022d4420b0","UNDE_065.basePlot.vst","2017-08-16","vst_UNDE_2017","D05","UNDE","UNDE_065",,"NEON.PLA.D05.UNDE.09551","ok","single bole tree","Live",20.5,130,20.8,,,,,,,,,,,,,"2Li2TmTZ1dmTCu9unJAMhJSXNkcRpdMMg0Aw45oBndk=","e1I0NbzZcADnRcsMGeYsigd5XiUw63bbJX+fOzu7mIk=","legacyData"
"a673b26d-b72f-42ca-9eae-a9447b5a7007","UNDE_065.basePlot.vst","2017-08-16","vst_UNDE_2017","D05","UNDE","UNDE_065",,"NEON.PLA.D05.UNDE.02331","ok","single bole tree","Live",25.3,130,20.8,,,,,,,,,,,,,"2Li2TmTZ1dmTCu9unJAMhJSXNkcRpdMMg0Aw45oBndk=","e1I0NbzZcADnRcsMGeYsigd5XiUw63bbJX+fOzu7mIk=","legacyData"
"12cc9ccf-7fcb-4437-9c2e-21c06341daeb","UNDE_065.basePlot.vst","2017-08-16","vst_UNDE_2017","D05","UNDE","UNDE_065",,"NEON.PLA.D05.UNDE.02368","ok","single bole tree","Dead, broken bole",19.2,130,2.6,,2.4,,,,,,,,,,,"2Li2TmTZ1dmTCu9unJAMhJSXNkcRpdMMg0Aw45oBndk=","e1I0NbzZcADnRcsMGeYsigd5XiUw63bbJX+fOzu7mIk=","legacyData"
"2338d06c-4b25-44e3-9301-07bce7b54c2e","UNDE_065.basePlot.vst","2017-08-16","vst_UNDE_2017","D05","UNDE","UNDE_065",,"NEON.PLA.D05.UNDE.02201","ok","sapling","Live",,,0.8,,,,,,,,1.9,10,,,,"2Li2TmTZ1dmTCu9unJAMhJSXNkcRpdMMg0Aw45oBndk=","e1I0NbzZcADnRcsMGeYsigd5XiUw63bbJX+fOzu7mIk=","legacyData"
"844bc1c6-5bd2-4ae6-8884-6b9f354a1bd5","UNDE_065.basePlot.vst","2017-08-16","vst_UNDE_2017","D05","UNDE","UNDE_065",,"NEON.PLA.D05.UNDE.09522","ok","sapling","Live",,,1.7,,,,,,,,1.1,10,,,,"2Li2TmTZ1dmTCu9unJAMhJSXNkcRpdMMg0Aw45oBndk=","e1I0NbzZcADnRcsMGeYsigd5XiUw63bbJX+fOzu7mIk=","legacyData"
"6c21b370-9f8d-4217-8260-20291e5d3c31","UNDE_065.basePlot.vst","2017-08-16","vst_UNDE_2017","D05","UNDE","UNDE_065",,"NEON.PLA.D05.UNDE.09693","ok","single bole tree","Live",16.4,130,19.2,,,,,,,,,,,,,"2Li2TmTZ1dmTCu9unJAMhJSXNkcRpdMMg0Aw45oBndk=","e1I0NbzZcADnRcsMGeYsigd5XiUw63bbJX+fOzu7mIk=","legacyData"
"ea7e932f-f991-45be-a530-6dc73290b7ae","UNDE_065.basePlot.vst","2017-08-16","vst_UNDE_2017","D05","UNDE","UNDE_065",,"NEON.PLA.D05.UNDE.09549","ok","single bole tree","Live",14.0,130,17.2,,,,,,,,,,,,,"2Li2TmTZ1dmTCu9unJAMhJSXNkcRpdMMg0Aw45oBndk=","e1I0NbzZcADnRcsMGeYsigd5XiUw63bbJX+fOzu7mIk=","legacyData"
"05c8451d-191f-4e22-8264-b7d8593358b8","UNDE_065.basePlot.vst","2017-08-16","vst_UNDE_2017","D05","UNDE","UNDE_065",,"NEON.PLA.D05.UNDE.02280","ok","sapling","Live",,,1.2,,,,,,,,2.5,10,,,,"2Li2TmTZ1dmTCu9unJAMhJSXNkcRpdMMg0Aw45oBndk=","e1I0NbzZcADnRcsMGeYsigd5XiUw63bbJX+fOzu7mIk=","legacyData"
"03962557-9f38-4275-9844-875a36abd860","UNDE_065.basePlot.vst","2017-08-16","vst_UNDE_2017","D05","UNDE","UNDE_065",,"NEON.PLA.D05.UNDE.02017","ok","single bole tree","Live",16.0,130,14.4,,,,,,,,,,,,,"2Li2TmTZ1dmTCu9unJAMhJSXNkcRpdMMg0Aw45oBndk=","e1I0NbzZcADnRcsMGeYsigd5XiUw63bbJX+fOzu7mIk=","legacyData"
"989ce2f7-631d-4dac-b9a5-650e366621b6","UNDE_065.basePlot.vst","2017-08-16","vst_UNDE_2017","D05","UNDE","UNDE_065",,"NEON.PLA.D05.UNDE.09557","ok","single bole tree","Live",13.4,130,12.6,,,,,,,,,,,,,"2Li2TmTZ1dmTCu9unJAMhJSXNkcRpdMMg0Aw45oBndk=","e1I0NbzZcADnRcsMGeYsigd5XiUw63bbJX+fOzu7mIk=","legacyData"
"79466dd4-2a93-4d9e-8f5e-d5295db72ace","UNDE_065.basePlot.vst","2017-08-16","vst_UNDE_2017","D05","UNDE","UNDE_065",,"NEON.PLA.D05.UNDE.02206","ok","single bole tree","Dead, broken bole",17.5,130,5.8,,5.8,,,,,,,,,,,"2Li2TmTZ1dmTCu9unJAMhJSXNkcRpdMMg0Aw45oBndk=","e1I0NbzZcADnRcsMGeYsigd5XiUw63bbJX+fOzu7mIk=","legacyData"
"2d44a853-94ab-4d47-99b2-058d3b6cbfba","UNDE_065.basePlot.vst","2017-08-16","vst_UNDE_2017","D05","UNDE","UNDE_065",,"NEON.PLA.D05.UNDE.02076","ok","single bole tree","Live",17.7,130,18.7,,,,,,,,,,,,,"2Li2TmTZ1dmTCu9unJAMhJSXNkcRpdMMg0Aw45oBndk=","e1I0NbzZcADnRcsMGeYsigd5XiUw63bbJX+fOzu7mIk=","legacyData"
"660ee261-6712-4532-9390-c14de61c88b1","UNDE_065.basePlot.vst","2017-08-16","vst_UNDE_2017","D05","UNDE","UNDE_065",,"NEON.PLA.D05.UNDE.09513","ok","sapling","Standing dead",,,1.3,,,,,,,,1.0,10,,,,"2Li2TmTZ1dmTCu9unJAMhJSXNkcRpdMMg0Aw45oBndk=","e1I0NbzZcADnRcsMGeYsigd5XiUw63bbJX+fOzu7mIk=","legacyData"
"3da354b0-3463-481d-8f91-26b230529dfc","UNDE_065.basePlot.vst","2017-08-16","vst_UNDE_2017","D05","UNDE","UNDE_065",,"NEON.PLA.D05.UNDE.09560","ok","single bole tree","Live",13.8,130,12.9,,,,,,,,,,,,,"2Li2TmTZ1dmTCu9unJAMhJSXNkcRpdMMg0Aw45oBndk=","e1I0NbzZcADnRcsMGeYsigd5XiUw63bbJX+fOzu7mIk=","legacyData"
"9f9ff9c7-ad3d-447f-a40b-cb5601ff3415","UNDE_065.basePlot.vst","2017-08-16","vst_UNDE_2017","D05","UNDE","UNDE_065",,"NEON.PLA.D05.UNDE.02094","ok","single bole tree","Live",15.8,130,16.4,,,,,,,,,,,,,"2Li2TmTZ1dmTCu9unJAMhJSXNkcRpdMMg0Aw45oBndk=","e1I0NbzZcADnRcsMGeYsigd5XiUw63bbJX+fOzu7mIk=","legacyData"
"34b851c2-4e3b-47d0-886e-976d7cdc81d5","UNDE_065.basePlot.vst","2017-08-16","vst_UNDE_2017","D05","UNDE","UNDE_065",,"NEON.PLA.D05.UNDE.09555","ok","single bole tree","Live",12.3,130,9.6,,,,,,,,,,,,,"2Li2TmTZ1dmTCu9unJAMhJSXNkcRpdMMg0Aw45oBndk=","e1I0NbzZcADnRcsMGeYsigd5XiUw63bbJX+fOzu7mIk=","legacyData"
"534555b0-ac8b-42d5-ac6a-4e5657769481","UNDE_065.basePlot.vst","2017-08-16","vst_UNDE_2017","D05","UNDE","UNDE_065",,"NEON.PLA.D05.UNDE.02286","ok","single bole tree","Dead, broken bole",18.2,130,4.9,,4.9,,,,,,,,,,,"2Li2TmTZ1dmTCu9unJAMhJSXNkcRpdMMg0Aw45oBndk=","e1I0NbzZcADnRcsMGeYsigd5XiUw63bbJX+fOzu7mIk=","legacyData"
"456340e2-ee39-456a-8b3e-b779d4271990","UNDE_065.basePlot.vst","2017-08-16","vst_UNDE_2017","D05","UNDE","UNDE_065",,"NEON.PLA.D05.UNDE.02283","ok","small shrub","Live",,,1.2,0.8,,,1.3,0.9,,"inverted cone",1.9,10,1.30,0.90,,"2Li2TmTZ1dmTCu9unJAMhJSXNkcRpdMMg0Aw45oBndk=","e1I0NbzZcADnRcsMGeYsigd5XiUw63bbJX+fOzu7mIk=","legacyData"
"28eccad1-5497-44f4-87a6-ed9cbabd069f","UNDE_065.basePlot.vst","2017-08-16","vst_UNDE_2017","D05","UNDE","UNDE_065",,"NEON.PLA.D05.UNDE.09515","ok","sapling","Live",,,1.9,,,,,,,,1.2,10,,,,"2Li2TmTZ1dmTCu9unJAMhJSXNkcRpdMMg0Aw45oBndk=","e1I0NbzZcADnRcsMGeYsigd5XiUw63bbJX+fOzu7mIk=","legacyData"
"353a77b9-24de-4d92-9d66-e8273522a168","UNDE_065.basePlot.vst","2017-08-16","vst_UNDE_2017","D05","UNDE","UNDE_065",,"NEON.PLA.D05.UNDE.09529","ok","small shrub","Standing dead",,,0.9,,,,0.1,0.1,,"inverted cone",1.2,10,0.10,0.10,"No crown dead shrub","2Li2TmTZ1dmTCu9unJAMhJSXNkcRpdMMg0Aw45oBndk=","e1I0NbzZcADnRcsMGeYsigd5XiUw63bbJX+fOzu7mIk=","legacyData"
"63d4abad-0fc9-4682-9b6f-065e928c4067","UNDE_065.basePlot.vst","2017-08-16","vst_UNDE_2017","D05","UNDE","UNDE_065",,"NEON.PLA.D05.UNDE.09556","ok","single bole tree","Live",25.4,130,21.9,,,,,,,,,,,,,"2Li2TmTZ1dmTCu9unJAMhJSXNkcRpdMMg0Aw45oBndk=","e1I0NbzZcADnRcsMGeYsigd5XiUw63bbJX+fOzu7mIk=","legacyData"
"a1fc7ca0-ede8-435c-a8ea-eb3f35c65c89","UNDE_065.basePlot.vst","2017-08-16","vst_UNDE_2017","D05","UNDE","UNDE_065",,"NEON.PLA.D05.UNDE.02082","ok","single bole tree","Live",19.0,130,17.3,,,,,,,,,,,,,"2Li2TmTZ1dmTCu9unJAMhJSXNkcRpdMMg0Aw45oBndk=","e1I0NbzZcADnRcsMGeYsigd5XiUw63bbJX+fOzu7mIk=","legacyData"
"77f51962-aa0b-449e-9c14-d36f620afd33","UNDE_065.basePlot.vst","2017-08-16","vst_UNDE_2017","D05","UNDE","UNDE_065",,"NEON.PLA.D05.UNDE.09547","ok","single bole tree","Live",15.5,130,15.2,,,,,,,,,,,,,"2Li2TmTZ1dmTCu9unJAMhJSXNkcRpdMMg0Aw45oBndk=","e1I0NbzZcADnRcsMGeYsigd5XiUw63bbJX+fOzu7mIk=","legacyData"
"f0592158-d7c0-4a4e-a49c-8d1cc348ce95","UNDE_065.basePlot.vst","2017-08-16","vst_UNDE_2017","D05","UNDE","UNDE_065",,"NEON.PLA.D05.UNDE.03931","ok","single bole tree","Live",11.0,130,9.2,,,,,,,,,,,,,"2Li2TmTZ1dmTCu9unJAMhJSXNkcRpdMMg0Aw45oBndk=","e1I0NbzZcADnRcsMGeYsigd5XiUw63bbJX+fOzu7mIk=","legacyData"
"af8f784a-2b6f-4148-8464-64f0c5b7abd5","UNDE_065.basePlot.vst","2017-08-16","vst_UNDE_2017","D05","UNDE","UNDE_065",,"NEON.PLA.D05.UNDE.09554","ok","small tree","Live",9.5,130,10.3,,,,,,,,,,,,,"2Li2TmTZ1dmTCu9unJAMhJSXNkcRpdMMg0Aw45oBndk=","e1I0NbzZcADnRcsMGeYsigd5XiUw63bbJX+fOzu7mIk=","legacyData"
"80bd3ab7-9483-4ef0-8c3c-278fc0b40f49","UNDE_065.basePlot.vst","2017-08-16","vst_UNDE_2017","D05","UNDE","UNDE_065",,"NEON.PLA.D05.UNDE.02083","ok","small tree","Live",5.8,130,5.6,,,,,,,,,,,,,"2Li2TmTZ1dmTCu9unJAMhJSXNkcRpdMMg0Aw45oBndk=","e1I0NbzZcADnRcsMGeYsigd5XiUw63bbJX+fOzu7mIk=","legacyData"
"f068c249-3478-4e55-8547-860effe7984a","UNDE_065.basePlot.vst","2017-08-16","vst_UNDE_2017","D05","UNDE","UNDE_065",,"NEON.PLA.D05.UNDE.09537","ok","single bole tree","Live",12.4,130,13.0,,,,,,,,,,,,,"2Li2TmTZ1dmTCu9unJAMhJSXNkcRpdMMg0Aw45oBndk=","e1I0NbzZcADnRcsMGeYsigd5XiUw63bbJX+fOzu7mIk=","legacyData"
"e714f6d3-44b5-4902-8668-6119c58383b4","UNDE_065.basePlot.vst","2017-08-16","vst_UNDE_2017","D05","UNDE","UNDE_065",,"NEON.PLA.D05.UNDE.09523","ok","sapling","Live",,,1.8,,,,,,,,1.3,10,,,,"2Li2TmTZ1dmTCu9unJAMhJSXNkcRpdMMg0Aw45oBndk=","e1I0NbzZcADnRcsMGeYsigd5XiUw63bbJX+fOzu7mIk=","legacyData"
"171f58ca-6af8-45e8-a58c-9abdf943be55","UNDE_065.basePlot.vst","2017-08-16","vst_UNDE_2017","D05","UNDE","UNDE_065",,"NEON.PLA.D05.UNDE.09552","ok","single bole tree","Live",28.5,130,20.8,,,,,,,,,,,,,"2Li2TmTZ1dmTCu9unJAMhJSXNkcRpdMMg0Aw45oBndk=","e1I0NbzZcADnRcsMGeYsigd5XiUw63bbJX+fOzu7mIk=","legacyData"
"574c9a4b-e233-43da-a3f3-257c5bd5fe88","UNDE_065.basePlot.vst","2017-08-16","vst_UNDE_2017","D05","UNDE","UNDE_065",,"NEON.PLA.D05.UNDE.02005","ok","multi-bole tree","Live",40.9,130,21.1,,,,,,,,,,,,,"2Li2TmTZ1dmTCu9unJAMhJSXNkcRpdMMg0Aw45oBndk=","e1I0NbzZcADnRcsMGeYsigd5XiUw63bbJX+fOzu7mIk=","legacyData"
"58c55848-163c-46bb-9323-8c9aa9438526","UNDE_065.basePlot.vst","2017-08-16","vst_UNDE_2017","D05","UNDE","UNDE_065",,"NEON.PLA.D05.UNDE.02287","ok","single bole tree","Dead, broken bole",33.0,130,3.0,,3.0,,,,,,,,,,,"2Li2TmTZ1dmTCu9unJAMhJSXNkcRpdMMg0Aw45oBndk=","e1I0NbzZcADnRcsMGeYsigd5XiUw63bbJX+fOzu7mIk=","legacyData"
"341f6af4-3162-4330-991c-b3ad2a59e811","UNDE_065.basePlot.vst","2017-08-16","vst_UNDE_2017","D05","UNDE","UNDE_065",,"NEON.PLA.D05.UNDE.00030","ok","sapling","Live",,,1.2,,,,,,,,1.6,10,,,,"2Li2TmTZ1dmTCu9unJAMhJSXNkcRpdMMg0Aw45oBndk=","e1I0NbzZcADnRcsMGeYsigd5XiUw63bbJX+fOzu7mIk=","legacyData"
"9d3d06f8-9005-4a2c-8a33-b58334f0a6f9","UNDE_065.basePlot.vst","2017-08-16","vst_UNDE_2017","D05","UNDE","UNDE_065",,"NEON.PLA.D05.UNDE.09540","ok","single bole tree","Live",21.4,130,14.8,,,,,,,,,,,,,"2Li2TmTZ1dmTCu9unJAMhJSXNkcRpdMMg0Aw45oBndk=","e1I0NbzZcADnRcsMGeYsigd5XiUw63bbJX+fOzu7mIk=","legacyData"
"8ec8ddae-3f80-49da-8a0f-c1f5ad95e86b","UNDE_065.basePlot.vst","2017-08-16","vst_UNDE_2017","D05","UNDE","UNDE_065",,"NEON.PLA.D05.UNDE.02069","ok","sapling","Live",,,1.6,,,,,,,,1.8,10,,,,"2Li2TmTZ1dmTCu9unJAMhJSXNkcRpdMMg0Aw45oBndk=","e1I0NbzZcADnRcsMGeYsigd5XiUw63bbJX+fOzu7mIk=","legacyData"
"2d54f666-a942-464a-9246-aa234b7885dc","UNDE_065.basePlot.vst","2017-08-16","vst_UNDE_2017","D05","UNDE","UNDE_065",,"NEON.PLA.D05.UNDE.02336","ok","single bole tree","Live",30.4,130,24.4,,,,,,,,,,,,,"2Li2TmTZ1dmTCu9unJAMhJSXNkcRpdMMg0Aw45oBndk=","e1I0NbzZcADnRcsMGeYsigd5XiUw63bbJX+fOzu7mIk=","legacyData"
"9d19b1c2-5134-4632-a16b-0407f5f82f2f","UNDE_065.basePlot.vst","2017-08-16","vst_UNDE_2017","D05","UNDE","UNDE_065",,"NEON.PLA.D05.UNDE.02267","ok","single bole tree","Live",23.2,130,19.1,,,,,,,,,,,,,"2Li2TmTZ1dmTCu9unJAMhJSXNkcRpdMMg0Aw45oBndk=","e1I0NbzZcADnRcsMGeYsigd5XiUw63bbJX+fOzu7mIk=","legacyData"
"233ee9b2-e551-405f-9fd0-a9afe9189582","UNDE_065.basePlot.vst","2017-08-16","vst_UNDE_2017","D05","UNDE","UNDE_065",,"NEON.PLA.D05.UNDE.09543","ok","single bole tree","Live",18.0,130,18.4,,,,,,,,,,,,,"2Li2TmTZ1dmTCu9unJAMhJSXNkcRpdMMg0Aw45oBndk=","e1I0NbzZcADnRcsMGeYsigd5XiUw63bbJX+fOzu7mIk=","legacyData"
"6756d281-5715-47ed-9806-fc229612df5a","UNDE_065.basePlot.vst","2017-08-16","vst_UNDE_2017","D05","UNDE","UNDE_065",,"NEON.PLA.D05.UNDE.09528","ok","small tree","Live",1.0,130,2.9,,,,,,,,,,,,,"2Li2TmTZ1dmTCu9unJAMhJSXNkcRpdMMg0Aw45oBndk=","e1I0NbzZcADnRcsMGeYsigd5XiUw63bbJX+fOzu7mIk=","legacyData"
"4a110913-e349-4fd1-90dc-ea9e2a48db26","UNDE_065.basePlot.vst","2017-08-16","vst_UNDE_2017","D05","UNDE","UNDE_065",,"NEON.PLA.D05.UNDE.02092","ok","single bole tree","Standing dead",18.9,130,16.3,,,,,,,,,,,,,"2Li2TmTZ1dmTCu9unJAMhJSXNkcRpdMMg0Aw45oBndk=","e1I0NbzZcADnRcsMGeYsigd5XiUw63bbJX+fOzu7mIk=","legacyData"
"393a5b1b-90c0-4ffb-bb9e-685a5d5bcd87","UNDE_065.basePlot.vst","2017-08-16","vst_UNDE_2017","D05","UNDE","UNDE_065",,"NEON.PLA.D05.UNDE.02087","ok","single bole tree","Live",15.6,130,16.3,,,,,,,,,,,,,"2Li2TmTZ1dmTCu9unJAMhJSXNkcRpdMMg0Aw45oBndk=","e1I0NbzZcADnRcsMGeYsigd5XiUw63bbJX+fOzu7mIk=","legacyData"
"665ca6d5-b13b-4f38-b6dd-87f06e787997","UNDE_065.basePlot.vst","2017-08-16","vst_UNDE_2017","D05","UNDE","UNDE_065",,"NEON.PLA.D05.UNDE.09553","ok","single bole tree","Dead, broken bole",41.0,130,11.0,,11.0,,,,,,,,,,,"2Li2TmTZ1dmTCu9unJAMhJSXNkcRpdMMg0Aw45oBndk=","e1I0NbzZcADnRcsMGeYsigd5XiUw63bbJX+fOzu7mIk=","legacyData"
"2e6ee947-e1db-471f-9f28-d181a2331a91","UNDE_065.basePlot.vst","2017-08-16","vst_UNDE_2017","D05","UNDE","UNDE_065",,"NEON.PLA.D05.UNDE.03933","ok","sapling","No longer qualifies",,,1.7,,,,,,,,0.9,10,,,,"2Li2TmTZ1dmTCu9unJAMhJSXNkcRpdMMg0Aw45oBndk=","e1I0NbzZcADnRcsMGeYsigd5XiUw63bbJX+fOzu7mIk=","legacyData"
"70fb8afb-ee15-490a-b3a9-0ab967c10167","UNDE_065.basePlot.vst","2017-08-16","vst_UNDE_2017","D05","UNDE","UNDE_065",,"NEON.PLA.D05.UNDE.02363","ok","single bole tree","Live",20.9,130,19.7,,,,,,,,,,,,,"2Li2TmTZ1dmTCu9unJAMhJSXNkcRpdMMg0Aw45oBndk=","e1I0NbzZcADnRcsMGeYsigd5XiUw63bbJX+fOzu7mIk=","legacyData"
"9759a6aa-2636-45a6-9f14-3eb9d3c41215","UNDE_065.basePlot.vst","2017-08-16","vst_UNDE_2017","D05","UNDE","UNDE_065",,"NEON.PLA.D05.UNDE.01417","ok","small shrub","Live",,,1.6,0.3,,,1.0,0.7,,"inverted cone",1.0,10,0.10,0.10,,"2Li2TmTZ1dmTCu9unJAMhJSXNkcRpdMMg0Aw45oBndk=","e1I0NbzZcADnRcsMGeYsigd5XiUw63bbJX+fOzu7mIk=","legacyData"
"c9ffb7ae-b83a-496b-b7b7-2e7ffe17ad8e","UNDE_065.basePlot.vst","2017-08-16","vst_UNDE_2017","D05","UNDE","UNDE_065",,"NEON.PLA.D05.UNDE.02281","ok","single bole tree","Live",14.5,130,14.3,,,,,,,,,,,,,"2Li2TmTZ1dmTCu9unJAMhJSXNkcRpdMMg0Aw45oBndk=","e1I0NbzZcADnRcsMGeYsigd5XiUw63bbJX+fOzu7mIk=","legacyData"
"451a973b-d361-4b8b-9092-b9baf3adef09","UNDE_065.basePlot.vst","2017-08-16","vst_UNDE_2017","D05","UNDE","UNDE_065",,"NEON.PLA.D05.UNDE.02288A","ok","multi-bole tree","Standing dead",18.9,170,9.5,,,,,,,,,,,,,"2Li2TmTZ1dmTCu9unJAMhJSXNkcRpdMMg0Aw45oBndk=","e1I0NbzZcADnRcsMGeYsigd5XiUw63bbJX+fOzu7mIk=","legacyData"
"103a354b-9204-4e48-ad36-75da415786c3","UNDE_065.basePlot.vst","2017-08-16","vst_UNDE_2017","D05","UNDE","UNDE_065",,"NEON.PLA.D05.UNDE.09644","ok","single bole tree","Live",14.5,130,16.2,,,,,,,,,,,,,"2Li2TmTZ1dmTCu9unJAMhJSXNkcRpdMMg0Aw45oBndk=","e1I0NbzZcADnRcsMGeYsigd5XiUw63bbJX+fOzu7mIk=","legacyData"
"b308ab2f-9269-417b-8f67-09eabc3a56bc","UNDE_065.basePlot.vst","2017-08-16","vst_UNDE_2017","D05","UNDE","UNDE_065",,"NEON.PLA.D05.UNDE.02272","ok","small tree","Standing dead",1.6,130,1.8,,,,,,,,,,,,,"2Li2TmTZ1dmTCu9unJAMhJSXNkcRpdMMg0Aw45oBndk=","e1I0NbzZcADnRcsMGeYsigd5XiUw63bbJX+fOzu7mIk=","legacyData"
"e0ace8bc-8428-45bc-94c7-840a9bf354c3","UNDE_065.basePlot.vst","2017-08-16","vst_UNDE_2017","D05","UNDE","UNDE_065",,"NEON.PLA.D05.UNDE.02093","ok","single bole tree","Live",12.0,130,12.5,,,,,,,,,,,,,"2Li2TmTZ1dmTCu9unJAMhJSXNkcRpdMMg0Aw45oBndk=","e1I0NbzZcADnRcsMGeYsigd5XiUw63bbJX+fOzu7mIk=","legacyData"
"f884bc43-a5a1-4bff-80e1-8dd6f9e116e9","UNDE_065.basePlot.vst","2017-08-16","vst_UNDE_2017","D05","UNDE","UNDE_065",,"NEON.PLA.D05.UNDE.02089","ok","single bole tree","Dead, broken bole",20.8,130,2.3,,1.6,13.7,,,,,,,,,,"2Li2TmTZ1dmTCu9unJAMhJSXNkcRpdMMg0Aw45oBndk=","e1I0NbzZcADnRcsMGeYsigd5XiUw63bbJX+fOzu7mIk=","legacyData"
"41c882c1-d39d-4b19-9b78-045699ff6e99","UNDE_065.basePlot.vst","2017-08-16","vst_UNDE_2017","D05","UNDE","UNDE_065",,"NEON.PLA.D05.UNDE.09531","ok","single bole tree","Live",41.5,130,21.7,,,,,,,,,,,,,"2Li2TmTZ1dmTCu9unJAMhJSXNkcRpdMMg0Aw45oBndk=","e1I0NbzZcADnRcsMGeYsigd5XiUw63bbJX+fOzu7mIk=","legacyData"
"a0799704-877f-4bed-8c49-53fff9847978","UNDE_065.basePlot.vst","2017-08-16","vst_UNDE_2017","D05","UNDE","UNDE_065",,"NEON.PLA.D05.UNDE.02268","ok","single bole tree","Live",26.0,130,18.7,,,,,,,,,,,,,"2Li2TmTZ1dmTCu9unJAMhJSXNkcRpdMMg0Aw45oBndk=","e1I0NbzZcADnRcsMGeYsigd5XiUw63bbJX+fOzu7mIk=","legacyData"
"df176c59-f1ef-4524-90d2-f8b5a31bb5ff","UNDE_065.basePlot.vst","2017-08-16","vst_UNDE_2017","D05","UNDE","UNDE_065",,"NEON.PLA.D05.UNDE.09514","ok","sapling","Live",,,1.5,,,,,,,,1.0,10,,,,"2Li2TmTZ1dmTCu9unJAMhJSXNkcRpdMMg0Aw45oBndk=","e1I0NbzZcADnRcsMGeYsigd5XiUw63bbJX+fOzu7mIk=","legacyData"
"cb3cd5a0-ce71-42cf-9c43-e3aa8312c417","UNDE_065.basePlot.vst","2017-08-16","vst_UNDE_2017","D05","UNDE","UNDE_065",,"NEON.PLA.D05.UNDE.09538","ok","single bole tree","Live",21.1,130,21.2,,,,,,,,,,,,,"2Li2TmTZ1dmTCu9unJAMhJSXNkcRpdMMg0Aw45oBndk=","e1I0NbzZcADnRcsMGeYsigd5XiUw63bbJX+fOzu7mIk=","legacyData"
"3c39020f-55bb-4e98-88c7-2451400526cb","UNDE_065.basePlot.vst","2017-08-16","vst_UNDE_2017","D05","UNDE","UNDE_065",,"NEON.PLA.D05.UNDE.09542","ok","single bole tree","Live",16.1,130,15.8,,,,,,,,,,,,,"2Li2TmTZ1dmTCu9unJAMhJSXNkcRpdMMg0Aw45oBndk=","e1I0NbzZcADnRcsMGeYsigd5XiUw63bbJX+fOzu7mIk=","legacyData"
"2b31d42a-155f-4f4b-ba2b-604b56ebf4fc","UNDE_065.basePlot.vst","2017-08-16","vst_UNDE_2017","D05","UNDE","UNDE_065",,"NEON.PLA.D05.UNDE.03385","ok","small tree","Live",1.8,130,2.3,,,,,,,,,,,,,"2Li2TmTZ1dmTCu9unJAMhJSXNkcRpdMMg0Aw45oBndk=","e1I0NbzZcADnRcsMGeYsigd5XiUw63bbJX+fOzu7mIk=","legacyData"
"0e0de46c-5d37-4de9-b957-1669d3391939","UNDE_065.basePlot.vst","2017-08-16","vst_UNDE_2017","D05","UNDE","UNDE_065",,"NEON.PLA.D05.UNDE.09559","ok","single bole tree","Live",15.4,130,12.5,,,,,,,,,,,,,"2Li2TmTZ1dmTCu9unJAMhJSXNkcRpdMMg0Aw45oBndk=","e1I0NbzZcADnRcsMGeYsigd5XiUw63bbJX+fOzu7mIk=","legacyData"
"bdab4f51-7772-4e35-95dd-364742d69f4b","UNDE_043.basePlot.vst","2017-08-16","vst_UNDE_2017","D05","UNDE","UNDE_043",,"NEON.PLA.D05.UNDE.03494","ok","single bole tree","Live",15.4,130,13.2,,,,,,,,,,,,,"UuiIeI4+6a4w2V3xx4xXIBtOUNDpdb+M","e8YTCXLDUqNdK10piSzvVM3XifcaHACRWaKbzAmIUYo=","legacyData"
"dcdf1105-977f-44a1-93dd-087e17447f08","UNDE_043.basePlot.vst","2017-08-16","vst_UNDE_2017","D05","UNDE","UNDE_043",,"NEON.PLA.D05.UNDE.01536","ok","multi-bole tree","Live",10.4,130,12.0,,,,,,,,,,,,,"UuiIeI4+6a4w2V3xx4xXIBtOUNDpdb+M","e8YTCXLDUqNdK10piSzvVM3XifcaHACRWaKbzAmIUYo=","legacyData"
"ec44f62f-438f-47f2-9ac5-0c0e0fc81d81","UNDE_043.basePlot.vst","2017-08-16","vst_UNDE_2017","D05","UNDE","UNDE_043",,"NEON.PLA.D05.UNDE.01450","ok","single bole tree","Live",11.7,130,12.8,,,,,,,,,,,,,"UuiIeI4+6a4w2V3xx4xXIBtOUNDpdb+M","e8YTCXLDUqNdK10piSzvVM3XifcaHACRWaKbzAmIUYo=","legacyData"
"182ab676-718e-4044-9fc8-ab04e8d92ad7","UNDE_043.basePlot.vst","2017-08-16","vst_UNDE_2017","D05","UNDE","UNDE_043",,"NEON.PLA.D05.UNDE.03480","ok","single bole tree","Live",34.1,130,21.5,,,,,,,,,,,,,"UuiIeI4+6a4w2V3xx4xXIBtOUNDpdb+M","e8YTCXLDUqNdK10piSzvVM3XifcaHACRWaKbzAmIUYo=","legacyData"
"7cc963e5-2686-4ae6-b3c4-d5786e7045ff","UNDE_043.basePlot.vst","2017-08-16","vst_UNDE_2017","D05","UNDE","UNDE_043",,"NEON.PLA.D05.UNDE.03468","ok","single bole tree","Live",12.6,130,14.3,,,,,,,,,,,,,"UuiIeI4+6a4w2V3xx4xXIBtOUNDpdb+M","e8YTCXLDUqNdK10piSzvVM3XifcaHACRWaKbzAmIUYo=","legacyData"
"33d9e860-ee78-45ad-9c21-7ac1007e80a6","UNDE_043.basePlot.vst","2017-08-16","vst_UNDE_2017","D05","UNDE","UNDE_043",,"NEON.PLA.D05.UNDE.09689","ok","multi-bole tree","Live",12.7,130,11.3,,,,,,,,,,,,,"UuiIeI4+6a4w2V3xx4xXIBtOUNDpdb+M","e8YTCXLDUqNdK10piSzvVM3XifcaHACRWaKbzAmIUYo=","legacyData"
"b0c543c8-c9e9-4076-80c9-0294277c5d2a","UNDE_043.basePlot.vst","2017-08-16","vst_UNDE_2017","D05","UNDE","UNDE_043",,"NEON.PLA.D05.UNDE.03440","ok","single bole tree","Live",12.7,130,12.8,,,,,,,,,,,,,"UuiIeI4+6a4w2V3xx4xXIBtOUNDpdb+M","e8YTCXLDUqNdK10piSzvVM3XifcaHACRWaKbzAmIUYo=","legacyData"
"2b3f6a23-b0ef-4798-88b7-ec3b9304458c","UNDE_043.basePlot.vst","2017-08-16","vst_UNDE_2017","D05","UNDE","UNDE_043",,"NEON.PLA.D05.UNDE.04396","ok","single bole tree","Live, physically damaged",17.3,150,12.2,,,,,,,,,,,,,"UuiIeI4+6a4w2V3xx4xXIBtOUNDpdb+M","e8YTCXLDUqNdK10piSzvVM3XifcaHACRWaKbzAmIUYo=","legacyData"
"5f8ff95e-6b09-42ad-9a85-325585fd2d5d","UNDE_043.basePlot.vst","2017-08-16","vst_UNDE_2017","D05","UNDE","UNDE_043",,"NEON.PLA.D05.UNDE.03488","ok","single bole tree","Live",14.0,130,17.0,,,,,,,,,,,,,"UuiIeI4+6a4w2V3xx4xXIBtOUNDpdb+M","e8YTCXLDUqNdK10piSzvVM3XifcaHACRWaKbzAmIUYo=","legacyData"
"0d2df53f-6670-4f7b-9711-a5497b70cf26","UNDE_043.basePlot.vst","2017-08-16","vst_UNDE_2017","D05","UNDE","UNDE_043",,"NEON.PLA.D05.UNDE.09668","ok","single bole tree","Live,  other damage",39.3,130,20.7,,,,,,,,,,,,,"UuiIeI4+6a4w2V3xx4xXIBtOUNDpdb+M","e8YTCXLDUqNdK10piSzvVM3XifcaHACRWaKbzAmIUYo=","legacyData"
"2bb6bfcf-8ea9-4a17-852b-038781fa7259","UNDE_043.basePlot.vst","2017-08-16","vst_UNDE_2017","D05","UNDE","UNDE_043",,"NEON.PLA.D05.UNDE.03300","ok","single bole tree","Live",13.3,130,8.0,,,,,,,,,,,,,"UuiIeI4+6a4w2V3xx4xXIBtOUNDpdb+M","e8YTCXLDUqNdK10piSzvVM3XifcaHACRWaKbzAmIUYo=","legacyData"
"f86928b4-4148-446d-8ce4-83137c8a0571","UNDE_043.basePlot.vst","2017-08-16","vst_UNDE_2017","D05","UNDE","UNDE_043",,"NEON.PLA.D05.UNDE.03433","ok","single bole tree","Live",26.3,130,19.8,,,,,,,,,,,,,"UuiIeI4+6a4w2V3xx4xXIBtOUNDpdb+M","e8YTCXLDUqNdK10piSzvVM3XifcaHACRWaKbzAmIUYo=","legacyData"
"24e6e50c-8d44-4cb4-a54e-236065b59e88","UNDE_043.basePlot.vst","2017-08-16","vst_UNDE_2017","D05","UNDE","UNDE_043",,"NEON.PLA.D05.UNDE.03444","ok","single bole tree","Live",11.4,130,12.4,,,,,,,,,,,,,"UuiIeI4+6a4w2V3xx4xXIBtOUNDpdb+M","e8YTCXLDUqNdK10piSzvVM3XifcaHACRWaKbzAmIUYo=","legacyData"
"00a30711-8661-46e1-839f-2df225bfb6a7","UNDE_043.basePlot.vst","2017-08-16","vst_UNDE_2017","D05","UNDE","UNDE_043",,"NEON.PLA.D05.UNDE.09596A","ok","multi-bole tree","Live",13.1,130,,,,,,,,,,,,,,"UuiIeI4+6a4w2V3xx4xXIBtOUNDpdb+M","e8YTCXLDUqNdK10piSzvVM3XifcaHACRWaKbzAmIUYo=","legacyData"
"8552936d-eb13-4255-a620-82e8f8d60ea6","UNDE_043.basePlot.vst","2017-08-16","vst_UNDE_2017","D05","UNDE","UNDE_043",,"NEON.PLA.D05.UNDE.02218","ok","single bole tree","Live, physically damaged",31.8,130,20.8,,,,,,,,,,,,,"UuiIeI4+6a4w2V3xx4xXIBtOUNDpdb+M","e8YTCXLDUqNdK10piSzvVM3XifcaHACRWaKbzAmIUYo=","legacyData"
"a9e556bd-ea26-4561-8377-36fcb83ef091","UNDE_043.basePlot.vst","2017-08-16","vst_UNDE_2017","D05","UNDE","UNDE_043",,"NEON.PLA.D05.UNDE.03465","ok","single bole tree","Live",28.4,130,22.3,,,,,,,,,,,,,"UuiIeI4+6a4w2V3xx4xXIBtOUNDpdb+M","e8YTCXLDUqNdK10piSzvVM3XifcaHACRWaKbzAmIUYo=","legacyData"
"9139bdc7-27fc-4d83-ad0e-59cc36b3d973","UNDE_043.basePlot.vst","2017-08-16","vst_UNDE_2017","D05","UNDE","UNDE_043",,"NEON.PLA.D05.UNDE.03486","ok","single bole tree","Dead, broken bole",36.2,130,5.7,,5.7,29.6,,,,,,,,,,"UuiIeI4+6a4w2V3xx4xXIBtOUNDpdb+M","e8YTCXLDUqNdK10piSzvVM3XifcaHACRWaKbzAmIUYo=","legacyData"
"9167e909-e9f1-4e86-a212-bed525e418bf","UNDE_043.basePlot.vst","2017-08-16","vst_UNDE_2017","D05","UNDE","UNDE_043",,"NEON.PLA.D05.UNDE.09598","ok","single bole tree","Live,  other damage",33.6,130,19.1,,,,,,,,,,,,,"UuiIeI4+6a4w2V3xx4xXIBtOUNDpdb+M","e8YTCXLDUqNdK10piSzvVM3XifcaHACRWaKbzAmIUYo=","legacyData"
"0f191aee-2d78-49dd-9fee-cc3a3efbb990","UNDE_043.basePlot.vst","2017-08-16","vst_UNDE_2017","D05","UNDE","UNDE_043",,"NEON.PLA.D05.UNDE.09664","ok","single bole tree","Live",12.4,130,13.0,,,,,,,,,,,,,"UuiIeI4+6a4w2V3xx4xXIBtOUNDpdb+M","e8YTCXLDUqNdK10piSzvVM3XifcaHACRWaKbzAmIUYo=","legacyData"
"d252ac61-04a5-4dcf-9f75-003683e8cabb","UNDE_043.basePlot.vst","2017-08-16","vst_UNDE_2017","D05","UNDE","UNDE_043",,"NEON.PLA.D05.UNDE.09596B","ok","multi-bole tree","Live",11.5,130,,,,,,,,,,,,,,"UuiIeI4+6a4w2V3xx4xXIBtOUNDpdb+M","e8YTCXLDUqNdK10piSzvVM3XifcaHACRWaKbzAmIUYo=","legacyData"
"aa847bd6-85d3-4d05-a0a3-24b4e761505a","UNDE_043.basePlot.vst","2017-08-16","vst_UNDE_2017","D05","UNDE","UNDE_043",,"NEON.PLA.D05.UNDE.05490","mislabeled","single bole tree","Live",,,,,,,,,,,,,,,"Is 3490","UuiIeI4+6a4w2V3xx4xXIBtOUNDpdb+M","e8YTCXLDUqNdK10piSzvVM3XifcaHACRWaKbzAmIUYo=","legacyData"
"2acca999-aaba-4f67-a5db-1dd98ddc77b8","UNDE_043.basePlot.vst","2017-08-16","vst_UNDE_2017","D05","UNDE","UNDE_043",,"NEON.PLA.D05.UNDE.03464","unknown",,"Downed",,,,,,,,,,,,,,,,"UuiIeI4+6a4w2V3xx4xXIBtOUNDpdb+M","e8YTCXLDUqNdK10piSzvVM3XifcaHACRWaKbzAmIUYo=","legacyData"
"43db0508-545b-4474-b35f-53b80f8b7fff","UNDE_043.basePlot.vst","2017-08-16","vst_UNDE_2017","D05","UNDE","UNDE_043",,"NEON.PLA.D05.UNDE.03482","ok","single bole tree","Dead, broken bole",23.3,130,3.9,,3.9,,,,,,,,,,,"UuiIeI4+6a4w2V3xx4xXIBtOUNDpdb+M","e8YTCXLDUqNdK10piSzvVM3XifcaHACRWaKbzAmIUYo=","legacyData"
"47d2b275-bcfb-4b29-b1e1-1ab1eb28dae9","UNDE_043.basePlot.vst","2017-08-16","vst_UNDE_2017","D05","UNDE","UNDE_043",,"NEON.PLA.D05.UNDE.03453","ok","single bole tree","Live, physically damaged",17.8,130,13.6,,,,,,,,,,,,,"UuiIeI4+6a4w2V3xx4xXIBtOUNDpdb+M","e8YTCXLDUqNdK10piSzvVM3XifcaHACRWaKbzAmIUYo=","legacyData"
"b259b208-633d-49f3-8047-5ff49d3d3fe0","UNDE_043.basePlot.vst","2017-08-16","vst_UNDE_2017","D05","UNDE","UNDE_043",,"NEON.PLA.D05.UNDE.03493","unknown",,"Downed",,,,,,,,,,,,,,,,"UuiIeI4+6a4w2V3xx4xXIBtOUNDpdb+M","e8YTCXLDUqNdK10piSzvVM3XifcaHACRWaKbzAmIUYo=","legacyData"
"247f38db-3245-4cdf-b4a4-affe57b89106","UNDE_043.basePlot.vst","2017-08-16","vst_UNDE_2017","D05","UNDE","UNDE_043",,"NEON.PLA.D05.UNDE.09677","ok","single bole tree","Live",13.5,130,13.1,,,,,,,,,,,,,"UuiIeI4+6a4w2V3xx4xXIBtOUNDpdb+M","e8YTCXLDUqNdK10piSzvVM3XifcaHACRWaKbzAmIUYo=","legacyData"
"44a48d40-1c38-4ed5-8a30-e9fd394217dc","UNDE_043.basePlot.vst","2017-08-16","vst_UNDE_2017","D05","UNDE","UNDE_043",,"NEON.PLA.D05.UNDE.02227","ok","single bole tree","Live",13.6,130,14.9,,,,,,,,,,,,,"UuiIeI4+6a4w2V3xx4xXIBtOUNDpdb+M","e8YTCXLDUqNdK10piSzvVM3XifcaHACRWaKbzAmIUYo=","legacyData"
"603b23b7-c867-45b1-9329-7ede3e6b3668","UNDE_043.basePlot.vst","2017-08-16","vst_UNDE_2017","D05","UNDE","UNDE_043",,"NEON.PLA.D05.UNDE.03431","ok","single bole tree","Live, physically damaged",34.8,130,20.2,,,,,,,,,,,,,"UuiIeI4+6a4w2V3xx4xXIBtOUNDpdb+M","e8YTCXLDUqNdK10piSzvVM3XifcaHACRWaKbzAmIUYo=","legacyData"
"4f4d1e64-6a88-475a-8fe4-67cb7fd52237","UNDE_043.basePlot.vst","2017-08-16","vst_UNDE_2017","D05","UNDE","UNDE_043",,"NEON.PLA.D05.UNDE.09689A","ok","multi-bole tree","Live, broken bole",6.1,130,,,5.1,,,,,,,,,,,"UuiIeI4+6a4w2V3xx4xXIBtOUNDpdb+M","e8YTCXLDUqNdK10piSzvVM3XifcaHACRWaKbzAmIUYo=","legacyData"
"072cb13b-65d0-4028-8b13-08cd2c48eb78","UNDE_043.basePlot.vst","2017-08-16","vst_UNDE_2017","D05","UNDE","UNDE_043",,"NEON.PLA.D05.UNDE.03454","ok","single bole tree","Live",20.4,130,19.5,,,,,,,,,,,,,"UuiIeI4+6a4w2V3xx4xXIBtOUNDpdb+M","e8YTCXLDUqNdK10piSzvVM3XifcaHACRWaKbzAmIUYo=","legacyData"
"c2d1a2d3-76d5-47e1-bbfd-5fbd07b9d178","UNDE_043.basePlot.vst","2017-08-16","vst_UNDE_2017","D05","UNDE","UNDE_043",,"NEON.PLA.D05.UNDE.09631","ok","single bole tree","Live",10.5,130,12.7,,,,,,,,,,,,,"UuiIeI4+6a4w2V3xx4xXIBtOUNDpdb+M","e8YTCXLDUqNdK10piSzvVM3XifcaHACRWaKbzAmIUYo=","legacyData"
"1400598a-8632-4b24-8411-ce92821c5b78","UNDE_043.basePlot.vst","2017-08-16","vst_UNDE_2017","D05","UNDE","UNDE_043",,"NEON.PLA.D05.UNDE.09640","ok","single bole tree","Live",11.4,130,11.3,,,,,,,,,,,,,"UuiIeI4+6a4w2V3xx4xXIBtOUNDpdb+M","e8YTCXLDUqNdK10piSzvVM3XifcaHACRWaKbzAmIUYo=","legacyData"
"be44d616-14cd-408e-b6eb-5fe0bee8d27c","UNDE_043.basePlot.vst","2017-08-16","vst_UNDE_2017","D05","UNDE","UNDE_043",,"NEON.PLA.D05.UNDE.03435","ok","single bole tree","Dead, broken bole",16.9,130,9.3,,9.3,,,,,,,,,,,"UuiIeI4+6a4w2V3xx4xXIBtOUNDpdb+M","e8YTCXLDUqNdK10piSzvVM3XifcaHACRWaKbzAmIUYo=","legacyData"
"fc8b31f3-838b-429e-a0e4-4e6817c11f0c","UNDE_043.basePlot.vst","2017-08-16","vst_UNDE_2017","D05","UNDE","UNDE_043",,"NEON.PLA.D05.UNDE.01536A","ok","multi-bole tree","Live",6.1,130,,,,,,,,,,,,,,"UuiIeI4+6a4w2V3xx4xXIBtOUNDpdb+M","e8YTCXLDUqNdK10piSzvVM3XifcaHACRWaKbzAmIUYo=","legacyData"
"782bb4db-db11-4a8c-8524-3806fcd643cb","UNDE_043.basePlot.vst","2017-08-16","vst_UNDE_2017","D05","UNDE","UNDE_043",,"NEON.PLA.D05.UNDE.03434","ok","single bole tree","Live",28.8,130,21.6,,,,,,,,,,,,,"UuiIeI4+6a4w2V3xx4xXIBtOUNDpdb+M","e8YTCXLDUqNdK10piSzvVM3XifcaHACRWaKbzAmIUYo=","legacyData"
"6a36f97a-cfb7-454d-a95b-3736099a08c5","UNDE_043.basePlot.vst","2017-08-16","vst_UNDE_2017","D05","UNDE","UNDE_043",,"NEON.PLA.D05.UNDE.03492","ok","multi-bole tree","Live",24.4,130,21.6,,,,,,,,,,,,,"UuiIeI4+6a4w2V3xx4xXIBtOUNDpdb+M","e8YTCXLDUqNdK10piSzvVM3XifcaHACRWaKbzAmIUYo=","legacyData"
"df411731-4b66-4919-b097-8e865e8591bf","UNDE_043.basePlot.vst","2017-08-16","vst_UNDE_2017","D05","UNDE","UNDE_043",,"NEON.PLA.D05.UNDE.03495","ok","single bole tree","Dead, broken bole",15.5,130,7.6,,7.6,,,,,,,,,,,"UuiIeI4+6a4w2V3xx4xXIBtOUNDpdb+M","e8YTCXLDUqNdK10piSzvVM3XifcaHACRWaKbzAmIUYo=","legacyData"
"db737646-de2f-4c76-abd6-a0d038371892","UNDE_043.basePlot.vst","2017-08-16","vst_UNDE_2017","D05","UNDE","UNDE_043",,"NEON.PLA.D05.UNDE.03490","ok","single bole tree","Live",18.6,130,20.8,,,,,,,,,,,,,"UuiIeI4+6a4w2V3xx4xXIBtOUNDpdb+M","e8YTCXLDUqNdK10piSzvVM3XifcaHACRWaKbzAmIUYo=","legacyData"
"74d90d13-33b4-4c5e-b9ac-81c0193a7462","UNDE_043.basePlot.vst","2017-08-16","vst_UNDE_2017","D05","UNDE","UNDE_043",,"NEON.PLA.D05.UNDE.03492A","ok","multi-bole tree","Live",29.0,130,,,,,,,,,,,,,,"UuiIeI4+6a4w2V3xx4xXIBtOUNDpdb+M","e8YTCXLDUqNdK10piSzvVM3XifcaHACRWaKbzAmIUYo=","legacyData"
"d17c8516-c084-49fa-9461-95895cb3dfbe","UNDE_043.basePlot.vst","2017-08-16","vst_UNDE_2017","D05","UNDE","UNDE_043",,"NEON.PLA.D05.UNDE.09678","ok","single bole tree","Live",10.7,130,10.1,,,,,,,,,,,,,"UuiIeI4+6a4w2V3xx4xXIBtOUNDpdb+M","e8YTCXLDUqNdK10piSzvVM3XifcaHACRWaKbzAmIUYo=","legacyData"
"b1f89002-cf90-4b92-a8ad-ef2f31fab424","UNDE_043.basePlot.vst","2017-08-16","vst_UNDE_2017","D05","UNDE","UNDE_043",,"NEON.PLA.D05.UNDE.03477","ok","single bole tree","Live",16.0,130,12.9,,,,,,,,,,,,,"UuiIeI4+6a4w2V3xx4xXIBtOUNDpdb+M","e8YTCXLDUqNdK10piSzvVM3XifcaHACRWaKbzAmIUYo=","legacyData"
"2256908f-4b4a-498f-8473-1caf15724fce","UNDE_043.basePlot.vst","2017-08-16","vst_UNDE_2017","D05","UNDE","UNDE_043",,"NEON.PLA.D05.UNDE.09660","ok","single bole tree","Live",40.6,130,23.8,,,,,,,,,,,,,"UuiIeI4+6a4w2V3xx4xXIBtOUNDpdb+M","e8YTCXLDUqNdK10piSzvVM3XifcaHACRWaKbzAmIUYo=","legacyData"
"e32b8fc3-5d13-4a1a-80a9-23ae914b55fc","UNDE_043.basePlot.vst","2017-08-16","vst_UNDE_2017","D05","UNDE","UNDE_043",,"NEON.PLA.D05.UNDE.09596","ok","multi-bole tree","Live",16.7,130,14.6,,,,,,,,,,,,,"UuiIeI4+6a4w2V3xx4xXIBtOUNDpdb+M","e8YTCXLDUqNdK10piSzvVM3XifcaHACRWaKbzAmIUYo=","legacyData"
"ec6587e5-02a2-43d8-97ec-d17f1b1c78a4","UNDE_043.basePlot.vst","2017-08-16","vst_UNDE_2017","D05","UNDE","UNDE_043",,"NEON.PLA.D05.UNDE.03470","ok","single bole tree","Live",18.7,130,20.3,,,,,,,,,,,,,"UuiIeI4+6a4w2V3xx4xXIBtOUNDpdb+M","e8YTCXLDUqNdK10piSzvVM3XifcaHACRWaKbzAmIUYo=","legacyData"
"f4024573-c7b7-4490-871c-c8dd0b567d7e","UNDE_043.basePlot.vst","2017-08-16","vst_UNDE_2017","D05","UNDE","UNDE_043",,"NEON.PLA.D05.UNDE.09672","ok","single bole tree","Live",21.4,130,19.5,,,,,,,,,,,,,"UuiIeI4+6a4w2V3xx4xXIBtOUNDpdb+M","e8YTCXLDUqNdK10piSzvVM3XifcaHACRWaKbzAmIUYo=","legacyData"
"c656b6b5-0e10-47fe-bc05-e29b05b259eb","UNDE_065.basePlot.vst","2017-08-16","vst_UNDE_2017","D05","UNDE","UNDE_065",,"NEON.PLA.D05.UNDE.09520","ok","sapling","No longer qualifies",,,1.5,,,,,,,,0.9,10,,,,"2Li2TmTZ1dmTCu9unJAMhJSXNkcRpdMMg0Aw45oBndk=","e1I0NbzZcADnRcsMGeYsigd5XiUw63bbJX+fOzu7mIk=","legacyData"
"4ca85a4a-15fd-4631-b1ff-5208e437311a","UNDE_065.basePlot.vst","2017-08-16","vst_UNDE_2017","D05","UNDE","UNDE_065",,"NEON.PLA.D05.UNDE.09533","ok","single bole tree","Dead, broken bole",18.0,130,3.9,,3.9,,,,,,,,,,,"2Li2TmTZ1dmTCu9unJAMhJSXNkcRpdMMg0Aw45oBndk=","e1I0NbzZcADnRcsMGeYsigd5XiUw63bbJX+fOzu7mIk=","legacyData"
"52c691ed-37d1-4aba-bdbb-3a6ec0deb124","UNDE_065.basePlot.vst","2017-08-16","vst_UNDE_2017","D05","UNDE","UNDE_065",,"NEON.PLA.D05.UNDE.02070","ok","single bole tree","Dead, broken bole",15.8,130,2.3,,2.3,,,,,,,,,,,"2Li2TmTZ1dmTCu9unJAMhJSXNkcRpdMMg0Aw45oBndk=","e1I0NbzZcADnRcsMGeYsigd5XiUw63bbJX+fOzu7mIk=","legacyData"
"3103d9a7-be86-4bce-88d9-9a2c6dbacfb4","UNDE_065.basePlot.vst","2017-08-16","vst_UNDE_2017","D05","UNDE","UNDE_065",,"NEON.PLA.D05.UNDE.09561","ok","single bole tree","Live",25.6,130,21.1,,,,,,,,,,,,,"2Li2TmTZ1dmTCu9unJAMhJSXNkcRpdMMg0Aw45oBndk=","e1I0NbzZcADnRcsMGeYsigd5XiUw63bbJX+fOzu7mIk=","legacyData"
"0782c1a2-2d49-44ca-86cd-25a898e34fef","UNDE_065.basePlot.vst","2017-08-16","vst_UNDE_2017","D05","UNDE","UNDE_065",,"NEON.PLA.D05.UNDE.02202","ok","single bole tree","Live",18.6,130,21.0,,,,,,,,,,,,,"2Li2TmTZ1dmTCu9unJAMhJSXNkcRpdMMg0Aw45oBndk=","e1I0NbzZcADnRcsMGeYsigd5XiUw63bbJX+fOzu7mIk=","legacyData"
"35f6d83d-282e-4eec-abe4-c42f8a4410dd","UNDE_065.basePlot.vst","2017-08-16","vst_UNDE_2017","D05","UNDE","UNDE_065",,"NEON.PLA.D05.UNDE.09545","ok","single bole tree","Live",20.4,130,20.0,,,,,,,,,,,,,"2Li2TmTZ1dmTCu9unJAMhJSXNkcRpdMMg0Aw45oBndk=","e1I0NbzZcADnRcsMGeYsigd5XiUw63bbJX+fOzu7mIk=","legacyData"
"275f7294-e4a6-4069-b3fa-8e6ef234f8f9","UNDE_065.basePlot.vst","2017-08-16","vst_UNDE_2017","D05","UNDE","UNDE_065",,"NEON.PLA.D05.UNDE.09558","ok","single bole tree","Live",21.5,130,20.5,,,,,,,,,,,,,"2Li2TmTZ1dmTCu9unJAMhJSXNkcRpdMMg0Aw45oBndk=","e1I0NbzZcADnRcsMGeYsigd5XiUw63bbJX+fOzu7mIk=","legacyData"
"d369f01c-73c0-45a9-b51e-6c79221c1101","UNDE_065.basePlot.vst","2017-08-16","vst_UNDE_2017","D05","UNDE","UNDE_065",,"NEON.PLA.D05.UNDE.09510","ok","sapling","Live",,,1.6,,,,,,,,1.2,10,,,,"2Li2TmTZ1dmTCu9unJAMhJSXNkcRpdMMg0Aw45oBndk=","e1I0NbzZcADnRcsMGeYsigd5XiUw63bbJX+fOzu7mIk=","legacyData"
"bd9f68bc-f64e-4a35-a870-68b843a1b9df","UNDE_065.basePlot.vst","2017-08-16","vst_UNDE_2017","D05","UNDE","UNDE_065",,"NEON.PLA.D05.UNDE.09684","ok","single bole tree","Live",20.8,130,20.6,,,,,,,,,,,,,"2Li2TmTZ1dmTCu9unJAMhJSXNkcRpdMMg0Aw45oBndk=","e1I0NbzZcADnRcsMGeYsigd5XiUw63bbJX+fOzu7mIk=","legacyData"
"dffc1b54-e391-4fd3-a671-abb6f6b8388b","UNDE_065.basePlot.vst","2017-08-16","vst_UNDE_2017","D05","UNDE","UNDE_065",,"NEON.PLA.D05.UNDE.01528","ok","sapling","Live",,,1.0,,,,,,,,1.2,10,,,,"2Li2TmTZ1dmTCu9unJAMhJSXNkcRpdMMg0Aw45oBndk=","e1I0NbzZcADnRcsMGeYsigd5XiUw63bbJX+fOzu7mIk=","legacyData"
"5bff3881-6849-4bee-8636-979be00d6742","UNDE_065.basePlot.vst","2017-08-16","vst_UNDE_2017","D05","UNDE","UNDE_065",,"NEON.PLA.D05.UNDE.09691","ok","single bole tree","Live",19.2,130,12.7,,,,,,,,,,,,,"2Li2TmTZ1dmTCu9unJAMhJSXNkcRpdMMg0Aw45oBndk=","e1I0NbzZcADnRcsMGeYsigd5XiUw63bbJX+fOzu7mIk=","legacyData"
"b9758107-9455-4642-b7c6-7967febc6b69","UNDE_065.basePlot.vst","2017-08-16","vst_UNDE_2017","D05","UNDE","UNDE_065",,"NEON.PLA.D05.UNDE.02291","ok","single bole tree","Live",22.9,130,7.7,,,,,,,,,,,,,"2Li2TmTZ1dmTCu9unJAMhJSXNkcRpdMMg0Aw45oBndk=","e1I0NbzZcADnRcsMGeYsigd5XiUw63bbJX+fOzu7mIk=","legacyData"
"afffa18d-a6c0-49d1-a9fd-a2aa0c7b5673","UNDE_065.basePlot.vst","2017-08-16","vst_UNDE_2017","D05","UNDE","UNDE_065",,"NEON.PLA.D05.UNDE.09527","ok","small shrub","Live",,,1.1,0.9,,,0.7,0.7,,"inverted cone",1.0,10,0.70,0.70,,"2Li2TmTZ1dmTCu9unJAMhJSXNkcRpdMMg0Aw45oBndk=","e1I0NbzZcADnRcsMGeYsigd5XiUw63bbJX+fOzu7mIk=","legacyData"
"290e7704-5ef5-4c5e-95fb-5f17b454cd32","UNDE_065.basePlot.vst","2017-08-16","vst_UNDE_2017","D05","UNDE","UNDE_065",,"NEON.PLA.D05.UNDE.09536","ok","single bole tree","Live",28.2,130,17.1,,,,,,,,,,,,,"2Li2TmTZ1dmTCu9unJAMhJSXNkcRpdMMg0Aw45oBndk=","e1I0NbzZcADnRcsMGeYsigd5XiUw63bbJX+fOzu7mIk=","legacyData"
"a70eaa9f-9c53-4ec5-ac65-811ab1296879","UNDE_065.basePlot.vst","2017-08-16","vst_UNDE_2017","D05","UNDE","UNDE_065",,"NEON.PLA.D05.UNDE.02292","ok","single bole tree","Live",13.0,130,13.7,,,,,,,,,,,,,"2Li2TmTZ1dmTCu9unJAMhJSXNkcRpdMMg0Aw45oBndk=","e1I0NbzZcADnRcsMGeYsigd5XiUw63bbJX+fOzu7mIk=","legacyData"
"f9a00448-320d-455c-9cbe-b96d6ea8e433","UNDE_065.basePlot.vst","2017-08-16","vst_UNDE_2017","D05","UNDE","UNDE_065",,"NEON.PLA.D05.UNDE.02298","ok","single bole tree","Live",12.4,130,11.2,,,,,,,,,,,,,"2Li2TmTZ1dmTCu9unJAMhJSXNkcRpdMMg0Aw45oBndk=","e1I0NbzZcADnRcsMGeYsigd5XiUw63bbJX+fOzu7mIk=","legacyData"
"2f0b775d-fd4d-4f87-ac8f-219e792eefe9","UNDE_065.basePlot.vst","2017-08-16","vst_UNDE_2017","D05","UNDE","UNDE_065",,"NEON.PLA.D05.UNDE.02278","ok","single bole tree","Live",18.5,130,18.2,,,,,,,,,,,,,"2Li2TmTZ1dmTCu9unJAMhJSXNkcRpdMMg0Aw45oBndk=","e1I0NbzZcADnRcsMGeYsigd5XiUw63bbJX+fOzu7mIk=","legacyData"
"04edf899-6bf4-41d3-aa8f-465f07c4a409","UNDE_065.basePlot.vst","2017-08-16","vst_UNDE_2017","D05","UNDE","UNDE_065",,"NEON.PLA.D05.UNDE.09525","ok","sapling","Live",,,1.9,,,,,,,,1.1,10,,,,"2Li2TmTZ1dmTCu9unJAMhJSXNkcRpdMMg0Aw45oBndk=","e1I0NbzZcADnRcsMGeYsigd5XiUw63bbJX+fOzu7mIk=","legacyData"
"1dd3a9a8-8ee8-4d3f-9dbf-4d13b211a6c3","UNDE_065.basePlot.vst","2017-08-16","vst_UNDE_2017","D05","UNDE","UNDE_065",,"NEON.PLA.D05.UNDE.02297A","ok","multi-bole tree","Dead, broken bole",,,1.1,,1.1,9.5,,,,,,,,,,"2Li2TmTZ1dmTCu9unJAMhJSXNkcRpdMMg0Aw45oBndk=","e1I0NbzZcADnRcsMGeYsigd5XiUw63bbJX+fOzu7mIk=","legacyData"
"c977c79d-91fa-46d4-abcb-debf1f910283","UNDE_065.basePlot.vst","2017-08-16","vst_UNDE_2017","D05","UNDE","UNDE_065",,"NEON.PLA.D05.UNDE.09548","ok","single bole tree","Live",11.5,130,13.4,,,,,,,,,,,,,"2Li2TmTZ1dmTCu9unJAMhJSXNkcRpdMMg0Aw45oBndk=","e1I0NbzZcADnRcsMGeYsigd5XiUw63bbJX+fOzu7mIk=","legacyData"
"1def76aa-9ccf-4bf2-b8a4-c1f22af11a6f","UNDE_065.basePlot.vst","2017-08-16","vst_UNDE_2017","D05","UNDE","UNDE_065",,"NEON.PLA.D05.UNDE.02006","ok","sapling","No longer qualifies",,,0.7,,,,,,,,0.8,10,,,,"2Li2TmTZ1dmTCu9unJAMhJSXNkcRpdMMg0Aw45oBndk=","e1I0NbzZcADnRcsMGeYsigd5XiUw63bbJX+fOzu7mIk=","legacyData"
"f2e3f5f9-e20a-47c0-9dab-05b032a5ede9","UNDE_065.basePlot.vst","2017-08-16","vst_UNDE_2017","D05","UNDE","UNDE_065",,"NEON.PLA.D05.UNDE.02206","ok","single bole tree","Dead, broken bole",17.5,130,5.2,,5.2,,,,,,,,,,,"2Li2TmTZ1dmTCu9unJAMhJSXNkcRpdMMg0Aw45oBndk=","e1I0NbzZcADnRcsMGeYsigd5XiUw63bbJX+fOzu7mIk=","legacyData"
"add6f309-7b11-4665-9e24-716434abaa59","UNDE_065.basePlot.vst","2017-08-16","vst_UNDE_2017","D05","UNDE","UNDE_065",,"NEON.PLA.D05.UNDE.09521","ok","sapling","Live",,,1.7,,,,,,,,1.0,10,,,,"2Li2TmTZ1dmTCu9unJAMhJSXNkcRpdMMg0Aw45oBndk=","e1I0NbzZcADnRcsMGeYsigd5XiUw63bbJX+fOzu7mIk=","legacyData"
"b6004c2e-ff22-42a0-974c-a7c85e9bcc24","UNDE_065.basePlot.vst","2017-08-16","vst_UNDE_2017","D05","UNDE","UNDE_065",,"NEON.PLA.D05.UNDE.09526","ok","sapling","Live",,,1.3,,,,,,,,1.6,10,,,,"2Li2TmTZ1dmTCu9unJAMhJSXNkcRpdMMg0Aw45oBndk=","e1I0NbzZcADnRcsMGeYsigd5XiUw63bbJX+fOzu7mIk=","legacyData"
"93963e0d-7771-40bb-9677-a2f190683ff8","UNDE_065.basePlot.vst","2017-08-16","vst_UNDE_2017","D05","UNDE","UNDE_065",,"NEON.PLA.D05.UNDE.09532","ok","single bole tree","Live",13.4,130,11.9,,,,,,,,,,,,,"2Li2TmTZ1dmTCu9unJAMhJSXNkcRpdMMg0Aw45oBndk=","e1I0NbzZcADnRcsMGeYsigd5XiUw63bbJX+fOzu7mIk=","legacyData"
"46097fd8-d95a-4d6e-8af5-cc08875c1153","UNDE_065.basePlot.vst","2017-08-16","vst_UNDE_2017","D05","UNDE","UNDE_065",,"NEON.PLA.D05.UNDE.09564","ok","single bole tree","Live",21.6,130,16.5,,,,,,,,,,,,,"2Li2TmTZ1dmTCu9unJAMhJSXNkcRpdMMg0Aw45oBndk=","e1I0NbzZcADnRcsMGeYsigd5XiUw63bbJX+fOzu7mIk=","legacyData"
"d40927dd-fc8d-4fae-a0c2-6d3ef5b9a595","UNDE_065.basePlot.vst","2017-08-16","vst_UNDE_2017","D05","UNDE","UNDE_065",,"NEON.PLA.D05.UNDE.02293","ok","single bole tree","Live",12.7,130,14.2,,,,,,,,,,,,,"2Li2TmTZ1dmTCu9unJAMhJSXNkcRpdMMg0Aw45oBndk=","e1I0NbzZcADnRcsMGeYsigd5XiUw63bbJX+fOzu7mIk=","legacyData"
"8ec8b19a-0f87-4049-9d11-0698e361cb12","UNDE_065.basePlot.vst","2017-08-16","vst_UNDE_2017","D05","UNDE","UNDE_065",,"NEON.PLA.D05.UNDE.02288","ok","multi-bole tree","Standing dead",35.0,170,12.5,,,,,,,,,,,,,"2Li2TmTZ1dmTCu9unJAMhJSXNkcRpdMMg0Aw45oBndk=","e1I0NbzZcADnRcsMGeYsigd5XiUw63bbJX+fOzu7mIk=","legacyData"
"e48a3419-d3a5-4f8e-b5b6-95c115647645","UNDE_065.basePlot.vst","2017-08-16","vst_UNDE_2017","D05","UNDE","UNDE_065",,"NEON.PLA.D05.UNDE.02279","ok","sapling","Live",,,0.8,,,,,,,,1.1,10,,,,"2Li2TmTZ1dmTCu9unJAMhJSXNkcRpdMMg0Aw45oBndk=","e1I0NbzZcADnRcsMGeYsigd5XiUw63bbJX+fOzu7mIk=","legacyData"
"93f6afce-a561-46ee-a560-a35e3dbd1f01","UNDE_065.basePlot.vst","2017-08-16","vst_UNDE_2017","D05","UNDE","UNDE_065",,"NEON.PLA.D05.UNDE.02099","ok","single bole tree","Live",31.0,130,19.3,,,,,,,,,,,,,"2Li2TmTZ1dmTCu9unJAMhJSXNkcRpdMMg0Aw45oBndk=","e1I0NbzZcADnRcsMGeYsigd5XiUw63bbJX+fOzu7mIk=","legacyData"
"d991b84b-3f7d-48c8-99b9-22bd1c9e24b4","UNDE_065.basePlot.vst","2017-08-16","vst_UNDE_2017","D05","UNDE","UNDE_065",,"NEON.PLA.D05.UNDE.09541","ok","single bole tree","Live",19.2,130,20.5,,,,,,,,,,,,,"2Li2TmTZ1dmTCu9unJAMhJSXNkcRpdMMg0Aw45oBndk=","e1I0NbzZcADnRcsMGeYsigd5XiUw63bbJX+fOzu7mIk=","legacyData"
"b1b1e7a0-be6c-4593-891f-a22c2eaecb19","UNDE_065.basePlot.vst","2017-08-16","vst_UNDE_2017","D05","UNDE","UNDE_065",,"NEON.PLA.D05.UNDE.09539","ok","single bole tree","Live",26.8,130,20.7,,,,,,,,,,,,,"2Li2TmTZ1dmTCu9unJAMhJSXNkcRpdMMg0Aw45oBndk=","e1I0NbzZcADnRcsMGeYsigd5XiUw63bbJX+fOzu7mIk=","legacyData"
"ebc1f525-b145-495d-8390-bb9c42f18095","UNDE_065.basePlot.vst","2017-08-16","vst_UNDE_2017","D05","UNDE","UNDE_065",,"NEON.PLA.D05.UNDE.02068","ok","single bole tree","Live",30.9,130,18.8,,,,,,,,,,,,,"2Li2TmTZ1dmTCu9unJAMhJSXNkcRpdMMg0Aw45oBndk=","e1I0NbzZcADnRcsMGeYsigd5XiUw63bbJX+fOzu7mIk=","legacyData"
"29aba42d-a8bc-4ded-9285-884ce3acfe07","UNDE_065.basePlot.vst","2017-08-16","vst_UNDE_2017","D05","UNDE","UNDE_065",,"NEON.PLA.D05.UNDE.09544","ok","single bole tree","Live",13.1,130,12.8,,,,,,,,,,,,,"2Li2TmTZ1dmTCu9unJAMhJSXNkcRpdMMg0Aw45oBndk=","e1I0NbzZcADnRcsMGeYsigd5XiUw63bbJX+fOzu7mIk=","legacyData"
"a5293327-0b91-47ac-8d9f-201b61bcfd97","UNDE_065.basePlot.vst","2017-08-16","vst_UNDE_2017","D05","UNDE","UNDE_065",,"NEON.PLA.D05.UNDE.09534","ok","single bole tree","Live",10.7,130,10.2,,,,,,,,,,,,,"2Li2TmTZ1dmTCu9unJAMhJSXNkcRpdMMg0Aw45oBndk=","e1I0NbzZcADnRcsMGeYsigd5XiUw63bbJX+fOzu7mIk=","legacyData"
"f911abd3-1b97-4fa4-83e8-95521e177d2a","UNDE_065.basePlot.vst","2017-08-16","vst_UNDE_2017","D05","UNDE","UNDE_065",,"NEON.PLA.D05.UNDE.02334","ok","single bole tree","Live",28.8,130,22.5,,,,,,,,,,,,,"2Li2TmTZ1dmTCu9unJAMhJSXNkcRpdMMg0Aw45oBndk=","e1I0NbzZcADnRcsMGeYsigd5XiUw63bbJX+fOzu7mIk=","legacyData"
"a6621b7f-3b09-473c-84ee-574dfd9915ce","UNDE_065.basePlot.vst","2017-08-16","vst_UNDE_2017","D05","UNDE","UNDE_065",,"NEON.PLA.D05.UNDE.09518","ok","sapling","Live",,,1.1,,,,,,,,1.9,10,,,,"2Li2TmTZ1dmTCu9unJAMhJSXNkcRpdMMg0Aw45oBndk=","e1I0NbzZcADnRcsMGeYsigd5XiUw63bbJX+fOzu7mIk=","legacyData"
"0aba776f-9cb5-4856-90dd-3d873988c625","UNDE_065.basePlot.vst","2017-08-16","vst_UNDE_2017","D05","UNDE","UNDE_065",,"NEON.PLA.D05.UNDE.09562","ok","single bole tree","Live",21.8,130,21.5,,,,,,,,,,,,,"2Li2TmTZ1dmTCu9unJAMhJSXNkcRpdMMg0Aw45oBndk=","e1I0NbzZcADnRcsMGeYsigd5XiUw63bbJX+fOzu7mIk=","legacyData"
"361b48d3-b777-4550-a88b-7f5779fbd023","UNDE_065.basePlot.vst","2017-08-16","vst_UNDE_2017","D05","UNDE","UNDE_065",,"NEON.PLA.D05.UNDE.02005A","ok","multi-bole tree","Live",30.9,130,20.4,,,,,,,,,,,,,"2Li2TmTZ1dmTCu9unJAMhJSXNkcRpdMMg0Aw45oBndk=","e1I0NbzZcADnRcsMGeYsigd5XiUw63bbJX+fOzu7mIk=","legacyData"
"ae4749c3-2911-4636-9d08-ae6afe0c21a7","UNDE_065.basePlot.vst","2017-08-16","vst_UNDE_2017","D05","UNDE","UNDE_065",,"NEON.PLA.D05.UNDE.09516","ok","sapling","Live",,,2.3,,,,,,,,1.6,10,,,,"2Li2TmTZ1dmTCu9unJAMhJSXNkcRpdMMg0Aw45oBndk=","e1I0NbzZcADnRcsMGeYsigd5XiUw63bbJX+fOzu7mIk=","legacyData"
"2b30142c-8db1-44da-8d51-efaba8ecb2c1","UNDE_065.basePlot.vst","2017-08-16","vst_UNDE_2017","D05","UNDE","UNDE_065",,"NEON.PLA.D05.UNDE.02297","ok","multi-bole tree","Live",26.6,130,20.8,,,,,,,,,,,,,"2Li2TmTZ1dmTCu9unJAMhJSXNkcRpdMMg0Aw45oBndk=","e1I0NbzZcADnRcsMGeYsigd5XiUw63bbJX+fOzu7mIk=","legacyData"
"d5895181-f775-4980-8e41-c143f197377c","UNDE_065.basePlot.vst","2017-08-16","vst_UNDE_2017","D05","UNDE","UNDE_065",,"NEON.PLA.D05.UNDE.09519","ok","sapling","Live",,,2.2,,,,,,,,1.5,10,,,,"2Li2TmTZ1dmTCu9unJAMhJSXNkcRpdMMg0Aw45oBndk=","e1I0NbzZcADnRcsMGeYsigd5XiUw63bbJX+fOzu7mIk=","legacyData"
"b09eba0a-0a27-4adb-b250-09f2225a5e38","UNDE_065.basePlot.vst","2017-08-16","vst_UNDE_2017","D05","UNDE","UNDE_065",,"NEON.PLA.D05.UNDE.02296","ok","single bole tree","Live",12.6,130,15.0,,,,,,,,,,,,,"2Li2TmTZ1dmTCu9unJAMhJSXNkcRpdMMg0Aw45oBndk=","e1I0NbzZcADnRcsMGeYsigd5XiUw63bbJX+fOzu7mIk=","legacyData"
"cf8089e8-eee1-4f36-b620-7864cd9812b3","UNDE_065.basePlot.vst","2017-08-16","vst_UNDE_2017","D05","UNDE","UNDE_065",,"NEON.PLA.D05.UNDE.02207","ok","single bole tree","Live",26.7,130,21.0,,,,,,,,,,,,,"2Li2TmTZ1dmTCu9unJAMhJSXNkcRpdMMg0Aw45oBndk=","e1I0NbzZcADnRcsMGeYsigd5XiUw63bbJX+fOzu7mIk=","legacyData"
"eee9af11-ba83-4b99-816b-2b6c064ab1b1","UNDE_065.basePlot.vst","2017-08-16","vst_UNDE_2017","D05","UNDE","UNDE_065",,"NEON.PLA.D05.UNDE.09546","ok","single bole tree","Live",18.6,130,20.7,,,,,,,,,,,,,"2Li2TmTZ1dmTCu9unJAMhJSXNkcRpdMMg0Aw45oBndk=","e1I0NbzZcADnRcsMGeYsigd5XiUw63bbJX+fOzu7mIk=","legacyData"
"d230c1bf-55da-4ace-8129-c8a859dcbae0","UNDE_065.basePlot.vst","2017-08-16","vst_UNDE_2017","D05","UNDE","UNDE_065",,"NEON.PLA.D05.UNDE.09527","ok","small shrub","Live",,,1.1,0.8,,,0.7,0.7,,"inverted cone",1.1,10,0.70,0.70,,"2Li2TmTZ1dmTCu9unJAMhJSXNkcRpdMMg0Aw45oBndk=","e1I0NbzZcADnRcsMGeYsigd5XiUw63bbJX+fOzu7mIk=","legacyData"
"897e7047-1080-4df5-befa-4703dc2a2597","UNDE_065.basePlot.vst","2017-08-16","vst_UNDE_2017","D05","UNDE","UNDE_065",,"NEON.PLA.D05.UNDE.02098","ok","single bole tree","Live",14.0,130,11.9,,,,,,,,,,,,,"2Li2TmTZ1dmTCu9unJAMhJSXNkcRpdMMg0Aw45oBndk=","e1I0NbzZcADnRcsMGeYsigd5XiUw63bbJX+fOzu7mIk=","legacyData"
"fd8111f9-2d1d-412b-b342-67f920fa15c8","UNDE_065.basePlot.vst","2017-08-16","vst_UNDE_2017","D05","UNDE","UNDE_065",,"NEON.PLA.D05.UNDE.09563","ok","single bole tree","Live",26.2,130,22.0,,,,,,,,,,,,,"2Li2TmTZ1dmTCu9unJAMhJSXNkcRpdMMg0Aw45oBndk=","e1I0NbzZcADnRcsMGeYsigd5XiUw63bbJX+fOzu7mIk=","legacyData"
