uid,namedLocation,domainID,siteID,plotID,plotType,nlcdClass,decimalLatitude,decimalLongitude,geodeticDatum,coordinateUncertainty,elevation,elevationUncertainty,collectDate,eventID,sampleID,sampleCode,samplingMethod,totalSampledArea,targetTaxaPresent,adultCount,nymphCount,larvaCount,sampleCondition,samplingProtocolVersion,measuredBy,remarks
"8cbaaf6f-43c9-4b31-95e2-83befb3ce8bc","GUAN_031.tickPlot.tck","D04","GUAN","GUAN_031","distributed","evergreenForest",17.962171,-66.844084,"WGS84",6.4,43.4,0.1,"2016-11-09T13:07Z","GUAN.2016.45",,,"flag",116,"N",0,0,0,"No known compromise","NEON.DOC.014045vG","JYpGqoh1QQ3eP5RIJnpEN1WEYfJadbWZ",
"7e02b32b-2280-49ca-ac79-c9af1125aba0","GUAN_002.tickPlot.tck","D04","GUAN","GUAN_002","distributed","evergreenForest",17.972295,-66.826103,"WGS84",6.6,87.8,0.3,"2016-11-09T14:55Z","GUAN.2016.45",,,"flag",126,"N",0,0,0,"No known compromise","NEON.DOC.014045vG","JYpGqoh1QQ3eP5RIJnpEN1WEYfJadbWZ",
"c96819c9-a892-4483-882a-c6092d5b31ba","GUAN_004.tickPlot.tck","D04","GUAN","GUAN_004","distributed","evergreenForest",17.968031,-66.853366,"WGS84",20.1,149.4,0.1,"2016-11-09T17:00Z","GUAN.2016.45",,,"drag and flag",160,"N",0,0,0,"No known compromise","NEON.DOC.014045vG","2G6jL1xU09kc++3fEPpQLkA2cHzpx8zXwl+Jr/s/QvQ=",
"2873edea-c199-47ee-9fec-441aa2cf0837","GUAN_006.tickPlot.tck","D04","GUAN","GUAN_006","distributed","evergreenForest",17.964057,-66.875100,"WGS84",6.5,84.5,0.3,"2016-11-10T06:00Z","GUAN.2016.45",,,"drag and flag",160,"N",0,0,0,"No known compromise","NEON.DOC.014045vG","JYpGqoh1QQ3eP5RIJnpEN1WEYfJadbWZ",
"8b158d80-b7a8-4c9b-b168-ab78c9e97acb","GUAN_066.tickPlot.tck","D04","GUAN","GUAN_066","distributed","evergreenForest",17.974132,-66.879606,"WGS84",6.5,197.3,0.2,"2016-11-10T12:40Z","GUAN.2016.45",,,"drag",160,"N",0,0,0,"No known compromise","NEON.DOC.014045vG","JYpGqoh1QQ3eP5RIJnpEN1WEYfJadbWZ",
"c9d1cc89-6af2-4efe-a7df-741efce1806d","GUAN_065.tickPlot.tck","D04","GUAN","GUAN_065","distributed","evergreenForest",17.972714,-66.873134,"WGS84",6.6,187.3,0.5,"2016-11-10T14:52Z","GUAN.2016.45",,,"drag and flag",158,"N",0,0,0,"No known compromise","NEON.DOC.014045vG","2G6jL1xU09kc++3fEPpQLkA2cHzpx8zXwl+Jr/s/QvQ=",
