uid,namedLocation,date,eventID,domainID,siteID,plotID,subplotID,individualID,tagStatus,growthForm,plantStatus,stemDiameter,measurementHeight,height,baseCrownHeight,breakHeight,breakDiameter,maxCrownDiameter,ninetyCrownDiameter,canopyPosition,shape,basalStemDiameter,basalStemDiameterMsrmntHeight,maxBaseCrownDiameter,ninetyBaseCrownDiameter,remarks,recordedBy,measuredBy,dataQF
"8a1f349c-a277-4166-b0c8-00706efda994","KONZ_046.basePlot.vst","2017-12-07","vst_KONZ_2017","D06","KONZ","KONZ_046",,"NEON.PLA.D06.KONZ.01500","removed",,"Removed",,,,,,,,,,,,,,,"Plot clear-cut","iq7r+K7zVrnuv4AA404AgFzhbma7sELOneHM1T36pZk=","iq7r+K7zVrnuv4AA404AgFzhbma7sELOneHM1T36pZk=","legacyData"
"824fb57f-5212-469c-abe6-3256df2567b0","KONZ_067.basePlot.vst","2017-12-07","vst_KONZ_2017","D06","KONZ","KONZ_067",,"NEON.PLA.D06.KONZ.01167","removed",,"Removed",,,,,,,,,,,,,,,"Plot clear-cut","iq7r+K7zVrnuv4AA404AgFzhbma7sELOneHM1T36pZk=","iq7r+K7zVrnuv4AA404AgFzhbma7sELOneHM1T36pZk=","legacyData"
"7ee56944-27b3-4c59-ae5d-c6f504e0ed10","KONZ_067.basePlot.vst","2017-12-07","vst_KONZ_2017","D06","KONZ","KONZ_067",,"NEON.PLA.D06.KONZ.01174","removed",,"Removed",,,,,,,,,,,,,,,"Plot clear-cut","iq7r+K7zVrnuv4AA404AgFzhbma7sELOneHM1T36pZk=","iq7r+K7zVrnuv4AA404AgFzhbma7sELOneHM1T36pZk=","legacyData"
"9151360a-0e23-456f-984f-108b86c843eb","KONZ_067.basePlot.vst","2017-12-07","vst_KONZ_2017","D06","KONZ","KONZ_067",,"NEON.PLA.D06.KONZ.01162","removed",,"Removed",,,,,,,,,,,,,,,"Plot clear-cut","iq7r+K7zVrnuv4AA404AgFzhbma7sELOneHM1T36pZk=","iq7r+K7zVrnuv4AA404AgFzhbma7sELOneHM1T36pZk=","legacyData"
"0046b8e7-8e93-4ee1-991b-19b056828498","KONZ_067.basePlot.vst","2017-12-07","vst_KONZ_2017","D06","KONZ","KONZ_067",,"NEON.PLA.D06.KONZ.01170","removed",,"Removed",,,,,,,,,,,,,,,"Plot clear-cut","iq7r+K7zVrnuv4AA404AgFzhbma7sELOneHM1T36pZk=","iq7r+K7zVrnuv4AA404AgFzhbma7sELOneHM1T36pZk=","legacyData"
"b9bc124d-b47b-4b10-b341-96db28c3aea7","KONZ_067.basePlot.vst","2017-12-07","vst_KONZ_2017","D06","KONZ","KONZ_067",,"NEON.PLA.D06.KONZ.01052","removed",,"Removed",,,,,,,,,,,,,,,"Plot clear-cut","iq7r+K7zVrnuv4AA404AgFzhbma7sELOneHM1T36pZk=","iq7r+K7zVrnuv4AA404AgFzhbma7sELOneHM1T36pZk=","legacyData"
"b4faa64a-381e-4fc1-adbf-a97ab1accbcf","KONZ_067.basePlot.vst","2017-12-07","vst_KONZ_2017","D06","KONZ","KONZ_067",,"NEON.PLA.D06.KONZ.01160","removed",,"Removed",,,,,,,,,,,,,,,"Plot clear-cut","iq7r+K7zVrnuv4AA404AgFzhbma7sELOneHM1T36pZk=","iq7r+K7zVrnuv4AA404AgFzhbma7sELOneHM1T36pZk=","legacyData"
"c83990ac-3cc3-4589-9b13-b670984ba1ba","KONZ_067.basePlot.vst","2017-12-07","vst_KONZ_2017","D06","KONZ","KONZ_067",,"NEON.PLA.D06.KONZ.05975","removed",,"Removed",,,,,,,,,,,,,,,"Plot clear-cut","iq7r+K7zVrnuv4AA404AgFzhbma7sELOneHM1T36pZk=","iq7r+K7zVrnuv4AA404AgFzhbma7sELOneHM1T36pZk=","legacyData"
"a98c2080-0c7f-4deb-afc1-d8995b4e6877","KONZ_067.basePlot.vst","2017-12-07","vst_KONZ_2017","D06","KONZ","KONZ_067",,"NEON.PLA.D06.KONZ.01178","removed",,"Removed",,,,,,,,,,,,,,,"Plot clear-cut","iq7r+K7zVrnuv4AA404AgFzhbma7sELOneHM1T36pZk=","iq7r+K7zVrnuv4AA404AgFzhbma7sELOneHM1T36pZk=","legacyData"
"8e73aada-0af9-4f70-81d4-cb84f955f337","KONZ_067.basePlot.vst","2017-12-07","vst_KONZ_2017","D06","KONZ","KONZ_067",,"NEON.PLA.D06.KONZ.01168","removed",,"Removed",,,,,,,,,,,,,,,"Plot clear-cut","iq7r+K7zVrnuv4AA404AgFzhbma7sELOneHM1T36pZk=","iq7r+K7zVrnuv4AA404AgFzhbma7sELOneHM1T36pZk=","legacyData"
"f5244805-7d21-4738-916a-29db35ba719e","KONZ_067.basePlot.vst","2017-12-07","vst_KONZ_2017","D06","KONZ","KONZ_067",,"NEON.PLA.D06.KONZ.01180","removed",,"Removed",,,,,,,,,,,,,,,"Plot clear-cut","iq7r+K7zVrnuv4AA404AgFzhbma7sELOneHM1T36pZk=","iq7r+K7zVrnuv4AA404AgFzhbma7sELOneHM1T36pZk=","legacyData"
"67b93872-502a-4068-a1d2-cddea0dfd7d3","KONZ_067.basePlot.vst","2017-12-07","vst_KONZ_2017","D06","KONZ","KONZ_067",,"NEON.PLA.D06.KONZ.05976","removed",,"Removed",,,,,,,,,,,,,,,"Plot clear-cut","iq7r+K7zVrnuv4AA404AgFzhbma7sELOneHM1T36pZk=","iq7r+K7zVrnuv4AA404AgFzhbma7sELOneHM1T36pZk=","legacyData"
"1c8fa60e-ac1d-4495-9f59-1649e5cd44f8","KONZ_067.basePlot.vst","2017-12-07","vst_KONZ_2017","D06","KONZ","KONZ_067",,"NEON.PLA.D06.KONZ.01182","removed",,"Removed",,,,,,,,,,,,,,,"Plot clear-cut","iq7r+K7zVrnuv4AA404AgFzhbma7sELOneHM1T36pZk=","iq7r+K7zVrnuv4AA404AgFzhbma7sELOneHM1T36pZk=","legacyData"
"21ba18e0-12b5-4168-af6c-31cdfb6fef56","KONZ_067.basePlot.vst","2017-12-07","vst_KONZ_2017","D06","KONZ","KONZ_067",,"NEON.PLA.D06.KONZ.01175","removed",,"Removed",,,,,,,,,,,,,,,"Plot clear-cut","iq7r+K7zVrnuv4AA404AgFzhbma7sELOneHM1T36pZk=","iq7r+K7zVrnuv4AA404AgFzhbma7sELOneHM1T36pZk=","legacyData"
"1b220df4-a3c6-4938-b01e-8378aa008dc8","KONZ_067.basePlot.vst","2017-12-07","vst_KONZ_2017","D06","KONZ","KONZ_067",,"NEON.PLA.D06.KONZ.01183","removed",,"Removed",,,,,,,,,,,,,,,"Plot clear-cut","iq7r+K7zVrnuv4AA404AgFzhbma7sELOneHM1T36pZk=","iq7r+K7zVrnuv4AA404AgFzhbma7sELOneHM1T36pZk=","legacyData"
"94fb7ff4-3842-4c24-986b-2797cc138b3d","KONZ_067.basePlot.vst","2017-12-07","vst_KONZ_2017","D06","KONZ","KONZ_067",,"NEON.PLA.D06.KONZ.01165","removed",,"Removed",,,,,,,,,,,,,,,"Plot clear-cut","iq7r+K7zVrnuv4AA404AgFzhbma7sELOneHM1T36pZk=","iq7r+K7zVrnuv4AA404AgFzhbma7sELOneHM1T36pZk=","legacyData"
"935409b6-14d4-4185-a426-51cd4fc6566a","KONZ_067.basePlot.vst","2017-12-07","vst_KONZ_2017","D06","KONZ","KONZ_067",,"NEON.PLA.D06.KONZ.05968","removed",,"Removed",,,,,,,,,,,,,,,"Plot clear-cut","iq7r+K7zVrnuv4AA404AgFzhbma7sELOneHM1T36pZk=","iq7r+K7zVrnuv4AA404AgFzhbma7sELOneHM1T36pZk=","legacyData"
"6286135d-01ea-40d6-be22-f201a4fbe7fa","KONZ_067.basePlot.vst","2017-12-07","vst_KONZ_2017","D06","KONZ","KONZ_067",,"NEON.PLA.D06.KONZ.01164","removed",,"Removed",,,,,,,,,,,,,,,"Plot clear-cut","iq7r+K7zVrnuv4AA404AgFzhbma7sELOneHM1T36pZk=","iq7r+K7zVrnuv4AA404AgFzhbma7sELOneHM1T36pZk=","legacyData"
"2ee67e21-65b5-457b-9ced-4f7a3c859ed2","KONZ_067.basePlot.vst","2017-12-07","vst_KONZ_2017","D06","KONZ","KONZ_067",,"NEON.PLA.D06.KONZ.05977","removed",,"Removed",,,,,,,,,,,,,,,"Plot clear-cut","iq7r+K7zVrnuv4AA404AgFzhbma7sELOneHM1T36pZk=","iq7r+K7zVrnuv4AA404AgFzhbma7sELOneHM1T36pZk=","legacyData"
"5ed640b8-d788-4c69-871e-1cf06dd7b053","KONZ_046.basePlot.vst","2017-12-07","vst_KONZ_2017","D06","KONZ","KONZ_046",,"NEON.PLA.D06.KONZ.01130","removed",,"Removed",,,,,,,,,,,,,,,"Plot clear-cut","iq7r+K7zVrnuv4AA404AgFzhbma7sELOneHM1T36pZk=","iq7r+K7zVrnuv4AA404AgFzhbma7sELOneHM1T36pZk=","legacyData"
"6045a889-d410-4e4f-90ad-01ab0ca2eea9","KONZ_046.basePlot.vst","2017-12-07","vst_KONZ_2017","D06","KONZ","KONZ_046",,"NEON.PLA.D06.KONZ.01144","removed",,"Removed",,,,,,,,,,,,,,,,"iq7r+K7zVrnuv4AA404AgFzhbma7sELOneHM1T36pZk=","iq7r+K7zVrnuv4AA404AgFzhbma7sELOneHM1T36pZk=","legacyData"
"fcdc4774-7498-49da-af44-ae13cf8a1fb6","KONZ_046.basePlot.vst","2017-12-07","vst_KONZ_2017","D06","KONZ","KONZ_046",,"NEON.PLA.D06.KONZ.01143","removed",,"Removed",,,,,,,,,,,,,,,"Plot clear-cut","iq7r+K7zVrnuv4AA404AgFzhbma7sELOneHM1T36pZk=","iq7r+K7zVrnuv4AA404AgFzhbma7sELOneHM1T36pZk=","legacyData"
"042d5470-d797-4347-97f6-1500c9854d99","KONZ_046.basePlot.vst","2017-12-07","vst_KONZ_2017","D06","KONZ","KONZ_046",,"NEON.PLA.D06.KONZ.05677","removed",,"Removed",,,,,,,,,,,,,,,"Plot clear-cut","iq7r+K7zVrnuv4AA404AgFzhbma7sELOneHM1T36pZk=","iq7r+K7zVrnuv4AA404AgFzhbma7sELOneHM1T36pZk=","legacyData"
"f133c09d-b27c-46bc-95f6-21f7ed1a90f9","KONZ_046.basePlot.vst","2017-12-07","vst_KONZ_2017","D06","KONZ","KONZ_046",,"NEON.PLA.D06.KONZ.01494","removed",,"Removed",,,,,,,,,,,,,,,"Plot clear-cut","iq7r+K7zVrnuv4AA404AgFzhbma7sELOneHM1T36pZk=","iq7r+K7zVrnuv4AA404AgFzhbma7sELOneHM1T36pZk=","legacyData"
"1d9c8a5f-2301-477c-b2b2-b294833d3046","KONZ_046.basePlot.vst","2017-12-07","vst_KONZ_2017","D06","KONZ","KONZ_046",,"NEON.PLA.D06.KONZ.01490","removed",,"Removed",,,,,,,,,,,,,,,"Plot clear-cut","iq7r+K7zVrnuv4AA404AgFzhbma7sELOneHM1T36pZk=","iq7r+K7zVrnuv4AA404AgFzhbma7sELOneHM1T36pZk=","legacyData"
"05b9aff4-3d25-49a1-8537-dbb811196e04","KONZ_046.basePlot.vst","2017-12-07","vst_KONZ_2017","D06","KONZ","KONZ_046",,"NEON.PLA.D06.KONZ.05683","removed",,"Removed",,,,,,,,,,,,,,,"Plot clear-cut","iq7r+K7zVrnuv4AA404AgFzhbma7sELOneHM1T36pZk=","iq7r+K7zVrnuv4AA404AgFzhbma7sELOneHM1T36pZk=","legacyData"
"03ea9198-f3e5-4c1c-abab-f57f9cce7081","KONZ_046.basePlot.vst","2017-12-07","vst_KONZ_2017","D06","KONZ","KONZ_046",,"NEON.PLA.D06.KONZ.05684","removed",,"Removed",,,,,,,,,,,,,,,"Plot clear-cut","iq7r+K7zVrnuv4AA404AgFzhbma7sELOneHM1T36pZk=","iq7r+K7zVrnuv4AA404AgFzhbma7sELOneHM1T36pZk=","legacyData"
"44e5b788-126f-4f03-b3d6-8411c2a685ee","KONZ_046.basePlot.vst","2017-12-07","vst_KONZ_2017","D06","KONZ","KONZ_046",,"NEON.PLA.D06.KONZ.01141","removed",,"Removed",,,,,,,,,,,,,,,"Plot clear-cut","iq7r+K7zVrnuv4AA404AgFzhbma7sELOneHM1T36pZk=","iq7r+K7zVrnuv4AA404AgFzhbma7sELOneHM1T36pZk=","legacyData"
"127884f7-ae58-4af7-a04e-0472bea4d4f5","KONZ_067.basePlot.vst","2017-12-07","vst_KONZ_2017","D06","KONZ","KONZ_067",,"NEON.PLA.D06.KONZ.01187","removed",,"Removed",,,,,,,,,,,,,,,"Plot clear-cut","iq7r+K7zVrnuv4AA404AgFzhbma7sELOneHM1T36pZk=","iq7r+K7zVrnuv4AA404AgFzhbma7sELOneHM1T36pZk=","legacyData"
"83705007-3498-4fc4-a324-93bee5bc7701","KONZ_046.basePlot.vst","2017-12-07","vst_KONZ_2017","D06","KONZ","KONZ_046",,"NEON.PLA.D06.KONZ.01145","removed",,"Removed",,,,,,,,,,,,,,,"Plot clear-cut","iq7r+K7zVrnuv4AA404AgFzhbma7sELOneHM1T36pZk=","iq7r+K7zVrnuv4AA404AgFzhbma7sELOneHM1T36pZk=","legacyData"
"8b7547d2-3c86-45b6-8509-9c2e113acf4a","KONZ_046.basePlot.vst","2017-12-07","vst_KONZ_2017","D06","KONZ","KONZ_046",,"NEON.PLA.D06.KONZ.01495","removed",,"Removed",,,,,,,,,,,,,,,"Plot clear-cut","iq7r+K7zVrnuv4AA404AgFzhbma7sELOneHM1T36pZk=","iq7r+K7zVrnuv4AA404AgFzhbma7sELOneHM1T36pZk=","legacyData"
"1770618e-5249-4882-9356-9b7858cc45fd","KONZ_067.basePlot.vst","2017-12-07","vst_KONZ_2017","D06","KONZ","KONZ_067",,"NEON.PLA.D06.KONZ.01179","removed",,"Removed",,,,,,,,,,,,,,,"Plot clear-cut","iq7r+K7zVrnuv4AA404AgFzhbma7sELOneHM1T36pZk=","iq7r+K7zVrnuv4AA404AgFzhbma7sELOneHM1T36pZk=","legacyData"
"5234da95-bbf5-4027-ba62-7db5b1b51e6d","KONZ_046.basePlot.vst","2017-12-07","vst_KONZ_2017","D06","KONZ","KONZ_046",,"NEON.PLA.D06.KONZ.01146","removed",,"Removed",,,,,,,,,,,,,,,"Plot clear-cut","iq7r+K7zVrnuv4AA404AgFzhbma7sELOneHM1T36pZk=","iq7r+K7zVrnuv4AA404AgFzhbma7sELOneHM1T36pZk=","legacyData"
"56583634-43cf-4ded-bc40-4dc88c40e255","KONZ_046.basePlot.vst","2017-12-07","vst_KONZ_2017","D06","KONZ","KONZ_046",,"NEON.PLA.D06.KONZ.05676","removed",,"Removed",,,,,,,,,,,,,,,"Plot clear-cut","iq7r+K7zVrnuv4AA404AgFzhbma7sELOneHM1T36pZk=","iq7r+K7zVrnuv4AA404AgFzhbma7sELOneHM1T36pZk=","legacyData"
"bc2f7fac-79cd-4755-b4be-daa538e8ff15","KONZ_046.basePlot.vst","2017-12-07","vst_KONZ_2017","D06","KONZ","KONZ_046",,"NEON.PLA.D06.KONZ.05678","removed",,"Removed",,,,,,,,,,,,,,,"Plot clear-cut","iq7r+K7zVrnuv4AA404AgFzhbma7sELOneHM1T36pZk=","iq7r+K7zVrnuv4AA404AgFzhbma7sELOneHM1T36pZk=","legacyData"
"83c40b96-2f57-4b2f-a7e1-1dfec5951ccd","KONZ_067.basePlot.vst","2017-12-07","vst_KONZ_2017","D06","KONZ","KONZ_067",,"NEON.PLA.D06.KONZ.01159","removed",,"Removed",,,,,,,,,,,,,,,"Plot clear-cut","iq7r+K7zVrnuv4AA404AgFzhbma7sELOneHM1T36pZk=","iq7r+K7zVrnuv4AA404AgFzhbma7sELOneHM1T36pZk=","legacyData"
"58a9dda1-0414-49d6-8448-3c12330d55f2","KONZ_067.basePlot.vst","2017-12-07","vst_KONZ_2017","D06","KONZ","KONZ_067",,"NEON.PLA.D06.KONZ.01157","removed",,"Removed",,,,,,,,,,,,,,,"Plot clear-cut","iq7r+K7zVrnuv4AA404AgFzhbma7sELOneHM1T36pZk=","iq7r+K7zVrnuv4AA404AgFzhbma7sELOneHM1T36pZk=","legacyData"
"76bba3fc-907b-4f6d-bfaa-f5e191e97b61","KONZ_067.basePlot.vst","2017-12-07","vst_KONZ_2017","D06","KONZ","KONZ_067",,"NEON.PLA.D06.KONZ.05969","removed",,"Removed",,,,,,,,,,,,,,,"Plot clear-cut","iq7r+K7zVrnuv4AA404AgFzhbma7sELOneHM1T36pZk=","iq7r+K7zVrnuv4AA404AgFzhbma7sELOneHM1T36pZk=","legacyData"
"077b7ee8-7205-4ac8-b7e9-417374ca2709","KONZ_067.basePlot.vst","2017-12-07","vst_KONZ_2017","D06","KONZ","KONZ_067",,"NEON.PLA.D06.KONZ.01169","removed",,"Removed",,,,,,,,,,,,,,,"Plot clear-cut","iq7r+K7zVrnuv4AA404AgFzhbma7sELOneHM1T36pZk=","iq7r+K7zVrnuv4AA404AgFzhbma7sELOneHM1T36pZk=","legacyData"
"2e50c236-cb97-4745-b879-c2f9d5761e7f","KONZ_046.basePlot.vst","2017-12-07","vst_KONZ_2017","D06","KONZ","KONZ_046",,"NEON.PLA.D06.KONZ.05679","removed",,"Removed",,,,,,,,,,,,,,,"Plot clear-cut","iq7r+K7zVrnuv4AA404AgFzhbma7sELOneHM1T36pZk=","iq7r+K7zVrnuv4AA404AgFzhbma7sELOneHM1T36pZk=","legacyData"
"82ed3b20-9aa8-443e-85ab-c639bd2d7d6b","KONZ_067.basePlot.vst","2017-12-07","vst_KONZ_2017","D06","KONZ","KONZ_067",,"NEON.PLA.D06.KONZ.01176","removed",,"Removed",,,,,,,,,,,,,,,"Plot clear-cut","iq7r+K7zVrnuv4AA404AgFzhbma7sELOneHM1T36pZk=","iq7r+K7zVrnuv4AA404AgFzhbma7sELOneHM1T36pZk=","legacyData"
"af458721-7845-47c3-a0b5-37321ad6a17b","KONZ_046.basePlot.vst","2017-12-07","vst_KONZ_2017","D06","KONZ","KONZ_046",,"NEON.PLA.D06.KONZ.05680","removed",,"Removed",,,,,,,,,,,,,,,"Plot clear-cut","iq7r+K7zVrnuv4AA404AgFzhbma7sELOneHM1T36pZk=","iq7r+K7zVrnuv4AA404AgFzhbma7sELOneHM1T36pZk=","legacyData"
"103f2357-f05c-4d71-82c0-9479feb5ed8a","KONZ_046.basePlot.vst","2017-12-07","vst_KONZ_2017","D06","KONZ","KONZ_046",,"NEON.PLA.D06.KONZ.01132","removed",,"Removed",,,,,,,,,,,,,,,"Plot clear-cut","iq7r+K7zVrnuv4AA404AgFzhbma7sELOneHM1T36pZk=","iq7r+K7zVrnuv4AA404AgFzhbma7sELOneHM1T36pZk=","legacyData"
"5d01c9b1-f52d-457a-9098-3ab91447594a","KONZ_046.basePlot.vst","2017-12-07","vst_KONZ_2017","D06","KONZ","KONZ_046",,"NEON.PLA.D06.KONZ.01140","removed",,"Removed",,,,,,,,,,,,,,,"Plot clear-cut","iq7r+K7zVrnuv4AA404AgFzhbma7sELOneHM1T36pZk=","iq7r+K7zVrnuv4AA404AgFzhbma7sELOneHM1T36pZk=","legacyData"
"a11f6c01-8a8f-4f7e-b837-0136ceef3a40","KONZ_046.basePlot.vst","2017-12-07","vst_KONZ_2017","D06","KONZ","KONZ_046",,"NEON.PLA.D06.KONZ.01138","removed",,"Removed",,,,,,,,,,,,,,,"Plot clear-cut","iq7r+K7zVrnuv4AA404AgFzhbma7sELOneHM1T36pZk=","iq7r+K7zVrnuv4AA404AgFzhbma7sELOneHM1T36pZk=","legacyData"
"2d4c3375-f26a-49ef-a1a5-8b8e689b8080","KONZ_067.basePlot.vst","2017-12-07","vst_KONZ_2017","D06","KONZ","KONZ_067",,"NEON.PLA.D06.KONZ.01171","removed",,"Removed",,,,,,,,,,,,,,,"Plot clear-cut","iq7r+K7zVrnuv4AA404AgFzhbma7sELOneHM1T36pZk=","iq7r+K7zVrnuv4AA404AgFzhbma7sELOneHM1T36pZk=","legacyData"
"4fc4cda7-fa86-4f92-9458-21f6deff08c1","KONZ_067.basePlot.vst","2017-12-07","vst_KONZ_2017","D06","KONZ","KONZ_067",,"NEON.PLA.D06.KONZ.01158","removed",,"Removed",,,,,,,,,,,,,,,"Plot clear-cut","iq7r+K7zVrnuv4AA404AgFzhbma7sELOneHM1T36pZk=","iq7r+K7zVrnuv4AA404AgFzhbma7sELOneHM1T36pZk=","legacyData"
"77816c35-fe19-4eda-8f9c-3fec9c608795","KONZ_067.basePlot.vst","2017-12-07","vst_KONZ_2017","D06","KONZ","KONZ_067",,"NEON.PLA.D06.KONZ.05971","removed",,"Removed",,,,,,,,,,,,,,,"Plot clear-cut","iq7r+K7zVrnuv4AA404AgFzhbma7sELOneHM1T36pZk=","iq7r+K7zVrnuv4AA404AgFzhbma7sELOneHM1T36pZk=","legacyData"
"008be59d-d773-4b68-b126-080923f3ddef","KONZ_067.basePlot.vst","2017-12-07","vst_KONZ_2017","D06","KONZ","KONZ_067",,"NEON.PLA.D06.KONZ.01166","removed",,"Removed",,,,,,,,,,,,,,,"Plot clear-cut","iq7r+K7zVrnuv4AA404AgFzhbma7sELOneHM1T36pZk=","iq7r+K7zVrnuv4AA404AgFzhbma7sELOneHM1T36pZk=","legacyData"
"5cc590cc-b1e4-4d05-a291-71f99b00c1ba","KONZ_046.basePlot.vst","2017-12-07","vst_KONZ_2017","D06","KONZ","KONZ_046",,"NEON.PLA.D06.KONZ.01492","removed",,"Removed",,,,,,,,,,,,,,,"Plot clear-cut","iq7r+K7zVrnuv4AA404AgFzhbma7sELOneHM1T36pZk=","iq7r+K7zVrnuv4AA404AgFzhbma7sELOneHM1T36pZk=","legacyData"
"a8881fbd-006b-405f-b94b-aa4b8b53ee26","KONZ_046.basePlot.vst","2017-12-07","vst_KONZ_2017","D06","KONZ","KONZ_046",,"NEON.PLA.D06.KONZ.05682","removed",,"Removed",,,,,,,,,,,,,,,"Plot clear-cut","iq7r+K7zVrnuv4AA404AgFzhbma7sELOneHM1T36pZk=","iq7r+K7zVrnuv4AA404AgFzhbma7sELOneHM1T36pZk=","legacyData"
"39d6c341-7a4d-4dc9-a160-9638ae6524c6","KONZ_067.basePlot.vst","2017-12-07","vst_KONZ_2017","D06","KONZ","KONZ_067",,"NEON.PLA.D06.KONZ.05972","removed",,"Removed",,,,,,,,,,,,,,,"Plot clear-cut","iq7r+K7zVrnuv4AA404AgFzhbma7sELOneHM1T36pZk=","iq7r+K7zVrnuv4AA404AgFzhbma7sELOneHM1T36pZk=","legacyData"
"20b7d1c9-0697-464e-8980-f786159e2d50","KONZ_046.basePlot.vst","2017-12-07","vst_KONZ_2017","D06","KONZ","KONZ_046",,"NEON.PLA.D06.KONZ.05685","removed",,"Removed",,,,,,,,,,,,,,,"Plot clear-cut","iq7r+K7zVrnuv4AA404AgFzhbma7sELOneHM1T36pZk=","iq7r+K7zVrnuv4AA404AgFzhbma7sELOneHM1T36pZk=","legacyData"
"3d2a7838-723a-4fe6-9a15-7649d513e925","KONZ_046.basePlot.vst","2017-12-07","vst_KONZ_2017","D06","KONZ","KONZ_046",,"NEON.PLA.D06.KONZ.01134","removed",,"Removed",,,,,,,,,,,,,,,"Plot clear-cut","iq7r+K7zVrnuv4AA404AgFzhbma7sELOneHM1T36pZk=","iq7r+K7zVrnuv4AA404AgFzhbma7sELOneHM1T36pZk=","legacyData"
"58cf7cd1-1669-456f-b377-e521addd0fa8","KONZ_067.basePlot.vst","2017-12-07","vst_KONZ_2017","D06","KONZ","KONZ_067",,"NEON.PLA.D06.KONZ.01161","removed",,"Removed",,,,,,,,,,,,,,,"Plot clear-cut","iq7r+K7zVrnuv4AA404AgFzhbma7sELOneHM1T36pZk=","iq7r+K7zVrnuv4AA404AgFzhbma7sELOneHM1T36pZk=","legacyData"
"d59b10e3-95ad-4375-b4e1-2bf39ef015d7","KONZ_046.basePlot.vst","2017-12-07","vst_KONZ_2017","D06","KONZ","KONZ_046",,"NEON.PLA.D06.KONZ.01491","removed",,"Removed",,,,,,,,,,,,,,,"Plot clear-cut","iq7r+K7zVrnuv4AA404AgFzhbma7sELOneHM1T36pZk=","iq7r+K7zVrnuv4AA404AgFzhbma7sELOneHM1T36pZk=","legacyData"
"4af49e5c-9f0c-4775-ad3e-931ce15e6dc8","KONZ_067.basePlot.vst","2017-12-07","vst_KONZ_2017","D06","KONZ","KONZ_067",,"NEON.PLA.D06.KONZ.01177","removed",,"Removed",,,,,,,,,,,,,,,"Plot clear-cut","iq7r+K7zVrnuv4AA404AgFzhbma7sELOneHM1T36pZk=","iq7r+K7zVrnuv4AA404AgFzhbma7sELOneHM1T36pZk=","legacyData"
"cbac706e-6025-460b-84b7-447fee281f9c","KONZ_046.basePlot.vst","2017-12-07","vst_KONZ_2017","D06","KONZ","KONZ_046",,"NEON.PLA.D06.KONZ.01136","removed",,"Removed",,,,,,,,,,,,,,,"Plot clear-cut","iq7r+K7zVrnuv4AA404AgFzhbma7sELOneHM1T36pZk=","iq7r+K7zVrnuv4AA404AgFzhbma7sELOneHM1T36pZk=","legacyData"
"57c89559-5b7a-492f-a1d4-6fb3e1a85516","KONZ_046.basePlot.vst","2017-12-07","vst_KONZ_2017","D06","KONZ","KONZ_046",,"NEON.PLA.D06.KONZ.01147","removed",,"Removed",,,,,,,,,,,,,,,,"iq7r+K7zVrnuv4AA404AgFzhbma7sELOneHM1T36pZk=","iq7r+K7zVrnuv4AA404AgFzhbma7sELOneHM1T36pZk=","legacyData"
"4c4b7f72-c8e9-4873-9c32-a661cd62c055","KONZ_067.basePlot.vst","2017-12-07","vst_KONZ_2017","D06","KONZ","KONZ_067",,"NEON.PLA.D06.KONZ.01172","removed",,"Removed",,,,,,,,,,,,,,,"Plot clear-cut","iq7r+K7zVrnuv4AA404AgFzhbma7sELOneHM1T36pZk=","iq7r+K7zVrnuv4AA404AgFzhbma7sELOneHM1T36pZk=","legacyData"
"a3132703-3709-42c2-812c-0df747cf31d0","KONZ_046.basePlot.vst","2017-12-07","vst_KONZ_2017","D06","KONZ","KONZ_046",,"NEON.PLA.D06.KONZ.01498","removed",,"Removed",,,,,,,,,,,,,,,"Plot clear-cut","iq7r+K7zVrnuv4AA404AgFzhbma7sELOneHM1T36pZk=","iq7r+K7zVrnuv4AA404AgFzhbma7sELOneHM1T36pZk=","legacyData"
"993f4df8-944d-4c27-9499-3d14c6787b33","KONZ_046.basePlot.vst","2017-12-07","vst_KONZ_2017","D06","KONZ","KONZ_046",,"NEON.PLA.D06.KONZ.05681","removed",,"Removed",,,,,,,,,,,,,,,,"iq7r+K7zVrnuv4AA404AgFzhbma7sELOneHM1T36pZk=","iq7r+K7zVrnuv4AA404AgFzhbma7sELOneHM1T36pZk=","legacyData"
"2faea9c1-6b97-493f-a6f2-bd040787f7ee","KONZ_057.basePlot.vst","2017-12-20","vst_KONZ_2017","D06","KONZ","KONZ_057",,"NEON.PLA.D06.KONZ.02893","ok","small shrub","Live, physically damaged",,,1.4,,,,0.3,0.2,,"cylinder",1.1,10,,,,"iq7r+K7zVrnuv4AA404AgFzhbma7sELOneHM1T36pZk=","SqhSMrmKEm9jjE5RSBi78lFk0OeoHpEHSLDbp3hPruc=","legacyData"
"6a80b91a-34a1-40a8-ab7e-12549047e741","KONZ_057.basePlot.vst","2017-12-20","vst_KONZ_2017","D06","KONZ","KONZ_057",,"NEON.PLA.D06.KONZ.02892","ok","small shrub","Live, physically damaged",,,1.3,,,,0.4,0.3,,"cylinder",1.2,10,,,,"iq7r+K7zVrnuv4AA404AgFzhbma7sELOneHM1T36pZk=","SqhSMrmKEm9jjE5RSBi78lFk0OeoHpEHSLDbp3hPruc=","legacyData"
"bb2ab0d8-ce2c-4e50-8154-afce94e6fe2c","KONZ_057.basePlot.vst","2017-12-20","vst_KONZ_2017","D06","KONZ","KONZ_057",,"NEON.PLA.D06.KONZ.05697","ok",,"No longer qualifies",,,,,,,,,,,,,,,,"iq7r+K7zVrnuv4AA404AgFzhbma7sELOneHM1T36pZk=","SqhSMrmKEm9jjE5RSBi78lFk0OeoHpEHSLDbp3hPruc=","legacyData"
"4238a18e-9c96-47d8-a3ac-a5f48f6bf9d1","KONZ_057.basePlot.vst","2017-12-20","vst_KONZ_2017","D06","KONZ","KONZ_057",,"NEON.PLA.D06.KONZ.02894","ok","small shrub","Live, physically damaged",,,1.2,,,,0.3,0.3,,"cylinder",1.0,10,,,,"iq7r+K7zVrnuv4AA404AgFzhbma7sELOneHM1T36pZk=","SqhSMrmKEm9jjE5RSBi78lFk0OeoHpEHSLDbp3hPruc=","legacyData"
"c370d6f0-a322-4e9d-8cef-c75aea9f0460","KONZ_057.basePlot.vst","2017-12-20","vst_KONZ_2017","D06","KONZ","KONZ_057",,"NEON.PLA.D06.KONZ.05690","ok","small shrub","Standing dead",,,1.3,,,,0.4,0.3,,"cylinder",1.2,10,,,,"iq7r+K7zVrnuv4AA404AgFzhbma7sELOneHM1T36pZk=","SqhSMrmKEm9jjE5RSBi78lFk0OeoHpEHSLDbp3hPruc=","legacyData"
"2cf06e23-d277-44e3-889c-9f2fc360300c","KONZ_057.basePlot.vst","2017-12-20","vst_KONZ_2017","D06","KONZ","KONZ_057",,"NEON.PLA.D06.KONZ.05692","ok","small shrub","Live",,,1.0,,,,1.4,1.0,,"half-sphere",1.0,10,,,,"iq7r+K7zVrnuv4AA404AgFzhbma7sELOneHM1T36pZk=","SqhSMrmKEm9jjE5RSBi78lFk0OeoHpEHSLDbp3hPruc=","legacyData"
"44fc407b-1eae-4b38-85b8-88f526c871d9","KONZ_057.basePlot.vst","2017-12-20","vst_KONZ_2017","D06","KONZ","KONZ_057",,"NEON.PLA.D06.KONZ.05688","ok","small shrub","Live, physically damaged",,,1.1,,,,0.4,0.3,,"cylinder",1.0,10,,,,"iq7r+K7zVrnuv4AA404AgFzhbma7sELOneHM1T36pZk=","SqhSMrmKEm9jjE5RSBi78lFk0OeoHpEHSLDbp3hPruc=","legacyData"
"071b883c-75c8-4ea8-87e1-8eedfce92cc2","KONZ_057.basePlot.vst","2017-12-20","vst_KONZ_2017","D06","KONZ","KONZ_057",,"NEON.PLA.D06.KONZ.02895","ok","small shrub","Live, physically damaged",,,1.3,,,,0.2,0.1,,"cylinder",1.2,10,,,,"iq7r+K7zVrnuv4AA404AgFzhbma7sELOneHM1T36pZk=","SqhSMrmKEm9jjE5RSBi78lFk0OeoHpEHSLDbp3hPruc=","legacyData"
"acd3dd28-7939-459c-9e28-b7d4100b327c","KONZ_057.basePlot.vst","2017-12-20","vst_KONZ_2017","D06","KONZ","KONZ_057",,"NEON.PLA.D06.KONZ.05699","ok","small shrub","Standing dead",,,1.3,,,,0.3,0.2,,"cylinder",1.1,10,,,,"iq7r+K7zVrnuv4AA404AgFzhbma7sELOneHM1T36pZk=","SqhSMrmKEm9jjE5RSBi78lFk0OeoHpEHSLDbp3hPruc=","legacyData"
"a60b0e01-cde1-46c4-a8be-e5429aa317bb","KONZ_066.basePlot.vst","2017-12-20","vst_KONZ_2017","D06","KONZ","KONZ_066",,"NEON.PLA.D06.KONZ.05730","ok",,"Downed",,,,,,,,,,,,,,,,"iq7r+K7zVrnuv4AA404AgFzhbma7sELOneHM1T36pZk=","29ijMy9MQrb2WVN5VAGx5yJYUUR+JCj4o2kquEi7qzw=","legacyData"
"97be2bf2-fba4-414f-bf81-c2dd44f61ff8","KONZ_057.basePlot.vst","2017-12-20","vst_KONZ_2017","D06","KONZ","KONZ_057",,"NEON.PLA.D06.KONZ.05687","ok","small shrub","Standing dead",,,1.1,,,,0.3,0.1,,"cylinder",1.0,10,,,,"iq7r+K7zVrnuv4AA404AgFzhbma7sELOneHM1T36pZk=","SqhSMrmKEm9jjE5RSBi78lFk0OeoHpEHSLDbp3hPruc=","legacyData"
"1189d7d7-e34b-41de-ad78-e03e1ccf1cd2","KONZ_066.basePlot.vst","2017-12-20","vst_KONZ_2017","D06","KONZ","KONZ_066",,"NEON.PLA.D06.KONZ.05731","ok","small shrub","Live, physically damaged",,,0.6,,,,0.2,0.1,,"cylinder",1.0,10,,,,"iq7r+K7zVrnuv4AA404AgFzhbma7sELOneHM1T36pZk=","29ijMy9MQrb2WVN5VAGx5yJYUUR+JCj4o2kquEi7qzw=","legacyData"
"55c2ebb3-fef9-4d4b-9cb5-bc03aae0b972","KONZ_057.basePlot.vst","2017-12-20","vst_KONZ_2017","D06","KONZ","KONZ_057",,"NEON.PLA.D06.KONZ.05692","ok","small shrub","Standing dead",,,1.0,,,,1.4,1.0,,"half-sphere",1.0,10,,,,"iq7r+K7zVrnuv4AA404AgFzhbma7sELOneHM1T36pZk=","SqhSMrmKEm9jjE5RSBi78lFk0OeoHpEHSLDbp3hPruc=","legacyData"
"4271b36b-b38d-4998-aeb0-55589f8f76e5","KONZ_057.basePlot.vst","2017-12-20","vst_KONZ_2017","D06","KONZ","KONZ_057",,"NEON.PLA.D06.KONZ.05691","ok",,"Lost, fate unknown",,,,,,,,,,,,,,,,"iq7r+K7zVrnuv4AA404AgFzhbma7sELOneHM1T36pZk=","SqhSMrmKEm9jjE5RSBi78lFk0OeoHpEHSLDbp3hPruc=","legacyData"
"700c3b6f-7a2d-4414-9289-719fbfa98716","KONZ_057.basePlot.vst","2017-12-20","vst_KONZ_2017","D06","KONZ","KONZ_057",,"NEON.PLA.D06.KONZ.05692","ok","small shrub","Live, physically damaged",,,1.0,,,,1.4,1.0,,"half-sphere",1.3,10,,,,"iq7r+K7zVrnuv4AA404AgFzhbma7sELOneHM1T36pZk=","SqhSMrmKEm9jjE5RSBi78lFk0OeoHpEHSLDbp3hPruc=","legacyData"
"e579197d-7672-4138-b9fb-dcbc4fcad5c9","KONZ_057.basePlot.vst","2017-12-20","vst_KONZ_2017","D06","KONZ","KONZ_057",,"NEON.PLA.D06.KONZ.01631","ok","small shrub","Standing dead",,,1.2,,,,0.4,0.1,,"cylinder",1.1,10,,,,"iq7r+K7zVrnuv4AA404AgFzhbma7sELOneHM1T36pZk=","SqhSMrmKEm9jjE5RSBi78lFk0OeoHpEHSLDbp3hPruc=","legacyData"
"1208172e-555d-4075-836e-041866c0ea17","KONZ_057.basePlot.vst","2017-12-20","vst_KONZ_2017","D06","KONZ","KONZ_057",,"NEON.PLA.D06.KONZ.01629","ok","small shrub","Live, physically damaged",,,1.4,,,,0.4,0.2,,"cylinder",1.3,10,,,,"iq7r+K7zVrnuv4AA404AgFzhbma7sELOneHM1T36pZk=","SqhSMrmKEm9jjE5RSBi78lFk0OeoHpEHSLDbp3hPruc=","legacyData"
"4e234851-006a-4278-9882-8a90f036eb8c","KONZ_057.basePlot.vst","2017-12-20","vst_KONZ_2017","D06","KONZ","KONZ_057",,"NEON.PLA.D06.KONZ.05695","ok","small shrub","Standing dead",,,1.0,,,,0.3,0.3,,"cylinder",1.0,10,,,,"iq7r+K7zVrnuv4AA404AgFzhbma7sELOneHM1T36pZk=","SqhSMrmKEm9jjE5RSBi78lFk0OeoHpEHSLDbp3hPruc=","legacyData"
"336e4661-1f17-4f06-b608-31da14aa8e62","KONZ_057.basePlot.vst","2017-12-20","vst_KONZ_2017","D06","KONZ","KONZ_057",,"NEON.PLA.D06.KONZ.01630","ok","small shrub","Live, physically damaged",,,0.8,,,,0.1,0.1,,"cylinder",1.1,10,,,,"iq7r+K7zVrnuv4AA404AgFzhbma7sELOneHM1T36pZk=","SqhSMrmKEm9jjE5RSBi78lFk0OeoHpEHSLDbp3hPruc=","legacyData"
"fb4b8467-ce27-400f-824b-35eefc04c0b5","KONZ_057.basePlot.vst","2017-12-20","vst_KONZ_2017","D06","KONZ","KONZ_057",,"NEON.PLA.D06.KONZ.02891","ok","small shrub","Live, physically damaged",,,1.2,,,,0.3,0.1,,"cylinder",1.0,10,,,,"iq7r+K7zVrnuv4AA404AgFzhbma7sELOneHM1T36pZk=","SqhSMrmKEm9jjE5RSBi78lFk0OeoHpEHSLDbp3hPruc=","legacyData"
"60004c14-4b36-491a-85b7-f7c291f9069f","KONZ_057.basePlot.vst","2017-12-20","vst_KONZ_2017","D06","KONZ","KONZ_057",,"NEON.PLA.D06.KONZ.05689","ok","small shrub","No longer qualifies",,,,,,,,,,"cylinder",,,,,,"iq7r+K7zVrnuv4AA404AgFzhbma7sELOneHM1T36pZk=","SqhSMrmKEm9jjE5RSBi78lFk0OeoHpEHSLDbp3hPruc=","legacyData"
"1db084a1-e4f8-44b0-bc66-94db967b5031","KONZ_057.basePlot.vst","2017-12-20","vst_KONZ_2017","D06","KONZ","KONZ_057",,"NEON.PLA.D06.KONZ.05696","ok","small shrub","Standing dead",,,1.0,,,,0.4,0.2,,"cylinder",1.0,10,,,,"iq7r+K7zVrnuv4AA404AgFzhbma7sELOneHM1T36pZk=","SqhSMrmKEm9jjE5RSBi78lFk0OeoHpEHSLDbp3hPruc=","legacyData"
"87efa445-898c-48d5-8bfc-fd8d97baf952","KONZ_057.basePlot.vst","2017-12-20","vst_KONZ_2017","D06","KONZ","KONZ_057",,"NEON.PLA.D06.KONZ.05686","ok",,"No longer qualifies",,,,,,,,,,,,,,,,"iq7r+K7zVrnuv4AA404AgFzhbma7sELOneHM1T36pZk=","SqhSMrmKEm9jjE5RSBi78lFk0OeoHpEHSLDbp3hPruc=","legacyData"
"42020802-39c3-432d-8489-dd0bf9088993","KONZ_057.basePlot.vst","2017-12-20","vst_KONZ_2017","D06","KONZ","KONZ_057",,"NEON.PLA.D06.KONZ.05693","ok",,"No longer qualifies",,,,,,,,,,,,,,,,"iq7r+K7zVrnuv4AA404AgFzhbma7sELOneHM1T36pZk=","SqhSMrmKEm9jjE5RSBi78lFk0OeoHpEHSLDbp3hPruc=","legacyData"
"faf049af-5916-4885-b019-68e7a140887e","KONZ_057.basePlot.vst","2017-12-20","vst_KONZ_2017","D06","KONZ","KONZ_057",,"NEON.PLA.D06.KONZ.05692","ok","small shrub","Live, physically damaged",,,1.0,,,,1.4,1.0,,"half-sphere",1.3,10,,,,"iq7r+K7zVrnuv4AA404AgFzhbma7sELOneHM1T36pZk=","SqhSMrmKEm9jjE5RSBi78lFk0OeoHpEHSLDbp3hPruc=","legacyData"
"9be0eee7-4d5f-4abd-87bb-8c132634ab7a","KONZ_057.basePlot.vst","2017-12-20","vst_KONZ_2017","D06","KONZ","KONZ_057",,"NEON.PLA.D06.KONZ.01628","ok",,"Lost, fate unknown",,,,,,,,,,,,,,,,"iq7r+K7zVrnuv4AA404AgFzhbma7sELOneHM1T36pZk=","SqhSMrmKEm9jjE5RSBi78lFk0OeoHpEHSLDbp3hPruc=","legacyData"
"f598cb3d-11df-4987-be2a-1023c2256936","KONZ_057.basePlot.vst","2017-12-20","vst_KONZ_2017","D06","KONZ","KONZ_057",,"NEON.PLA.D06.KONZ.05698","ok","small shrub","Standing dead",,,1.3,,,,0.2,0.2,,"cylinder",1.0,10,,,,"iq7r+K7zVrnuv4AA404AgFzhbma7sELOneHM1T36pZk=","SqhSMrmKEm9jjE5RSBi78lFk0OeoHpEHSLDbp3hPruc=","legacyData"
"5cc889d2-3a72-4b86-9cb5-7ae53759cfdf","KONZ_057.basePlot.vst","2017-12-20","vst_KONZ_2017","D06","KONZ","KONZ_057",,"NEON.PLA.D06.KONZ.05700","ok","small shrub","Live",,,1.0,,,,0.5,0.1,,"half-sphere",1.3,10,,,,"iq7r+K7zVrnuv4AA404AgFzhbma7sELOneHM1T36pZk=","SqhSMrmKEm9jjE5RSBi78lFk0OeoHpEHSLDbp3hPruc=","legacyData"
"2a902534-4f68-4183-8d84-0b639bb66e0e","KONZ_045.basePlot.vst","2017-12-21","vst_KONZ_2017","D06","KONZ","KONZ_045",,"NEON.PLA.D06.KONZ.05597","ok","small shrub","Live, physically damaged",,,1.3,,,,0.3,0.2,,"cylinder",1.2,10,,,,"iq7r+K7zVrnuv4AA404AgFzhbma7sELOneHM1T36pZk=","29ijMy9MQrb2WVN5VAGx5yJYUUR+JCj4o2kquEi7qzw=","legacyData"
"58f5aa18-30a4-4ee1-9319-9a8163687684","KONZ_045.basePlot.vst","2017-12-21","vst_KONZ_2017","D06","KONZ","KONZ_045",,"NEON.PLA.D06.KONZ.01782","ok","small shrub","Live",,,1.5,,,,0.7,0.6,,"cylinder",1.2,10,,,,"iq7r+K7zVrnuv4AA404AgFzhbma7sELOneHM1T36pZk=","29ijMy9MQrb2WVN5VAGx5yJYUUR+JCj4o2kquEi7qzw=","legacyData"
"55258be5-be90-4047-8153-ab843c1410d4","KONZ_045.basePlot.vst","2017-12-21","vst_KONZ_2017","D06","KONZ","KONZ_045",,"NEON.PLA.D06.KONZ.01633","ok","small shrub","Live, physically damaged",,,1.5,,,,0.5,0.3,,"cylinder",1.1,10,,,,"iq7r+K7zVrnuv4AA404AgFzhbma7sELOneHM1T36pZk=","29ijMy9MQrb2WVN5VAGx5yJYUUR+JCj4o2kquEi7qzw=","legacyData"
"213bc671-8616-42b4-b034-486ba7c10b5e","KONZ_045.basePlot.vst","2017-12-21","vst_KONZ_2017","D06","KONZ","KONZ_045",,"NEON.PLA.D06.KONZ.01653","ok","small shrub","Live",,,1.8,,,,0.4,0.4,,"cylinder",1.4,10,,,,"iq7r+K7zVrnuv4AA404AgFzhbma7sELOneHM1T36pZk=","29ijMy9MQrb2WVN5VAGx5yJYUUR+JCj4o2kquEi7qzw=","legacyData"
"80ae5302-e350-4753-b076-ba4dfbaf2f84","KONZ_045.basePlot.vst","2017-12-21","vst_KONZ_2017","D06","KONZ","KONZ_045",,"NEON.PLA.D06.KONZ.01795","ok","small shrub","Live, physically damaged",,,1.2,,,,0.4,0.2,,"cylinder",1.1,10,,,,"iq7r+K7zVrnuv4AA404AgFzhbma7sELOneHM1T36pZk=","29ijMy9MQrb2WVN5VAGx5yJYUUR+JCj4o2kquEi7qzw=","legacyData"
"7638a678-782e-477e-acb4-1d29c5409911","KONZ_045.basePlot.vst","2017-12-21","vst_KONZ_2017","D06","KONZ","KONZ_045",,"NEON.PLA.D06.KONZ.05603","ok","small shrub","Live",,,1.5,,,,0.3,0.2,,"cylinder",1.0,10,,,,"iq7r+K7zVrnuv4AA404AgFzhbma7sELOneHM1T36pZk=","29ijMy9MQrb2WVN5VAGx5yJYUUR+JCj4o2kquEi7qzw=","legacyData"
"56402460-944c-4bef-bcdb-6c60d066cf84","KONZ_045.basePlot.vst","2017-12-21","vst_KONZ_2017","D06","KONZ","KONZ_045",,"NEON.PLA.D06.KONZ.05614","ok","small shrub","Live",,,1.5,,,,0.8,0.7,,"cylinder",1.1,10,,,,"iq7r+K7zVrnuv4AA404AgFzhbma7sELOneHM1T36pZk=","29ijMy9MQrb2WVN5VAGx5yJYUUR+JCj4o2kquEi7qzw=","legacyData"
"af18ff75-32cc-4928-9cfa-ba6bf746df69","KONZ_045.basePlot.vst","2017-12-21","vst_KONZ_2017","D06","KONZ","KONZ_045",,"NEON.PLA.D06.KONZ.05608","ok","small shrub","Live",,,1.4,,,,0.4,0.2,,"cylinder",1.1,10,,,,"iq7r+K7zVrnuv4AA404AgFzhbma7sELOneHM1T36pZk=","29ijMy9MQrb2WVN5VAGx5yJYUUR+JCj4o2kquEi7qzw=","legacyData"
"13db1303-c3c3-43a7-9efe-2390865f70c1","KONZ_045.basePlot.vst","2017-12-21","vst_KONZ_2017","D06","KONZ","KONZ_045",,"NEON.PLA.D06.KONZ.01638","ok","small shrub","Live, physically damaged",,,1.0,,,,0.4,0.3,,"cylinder",1.0,10,,,,"iq7r+K7zVrnuv4AA404AgFzhbma7sELOneHM1T36pZk=","29ijMy9MQrb2WVN5VAGx5yJYUUR+JCj4o2kquEi7qzw=","legacyData"
"926a609c-569e-4c70-a7c7-effc7187d99f","KONZ_045.basePlot.vst","2017-12-21","vst_KONZ_2017","D06","KONZ","KONZ_045",,"NEON.PLA.D06.KONZ.05594","ok",,"No longer qualifies",,,,,,,,,,,,,,,,"iq7r+K7zVrnuv4AA404AgFzhbma7sELOneHM1T36pZk=","29ijMy9MQrb2WVN5VAGx5yJYUUR+JCj4o2kquEi7qzw=","legacyData"
"b4c13373-b031-4fe4-a191-2a2894b07b6e","KONZ_045.basePlot.vst","2017-12-21","vst_KONZ_2017","D06","KONZ","KONZ_045",,"NEON.PLA.D06.KONZ.01777","ok","small shrub","Live",,,1.8,,,,0.9,0.7,,"cylinder",1.2,10,,,,"iq7r+K7zVrnuv4AA404AgFzhbma7sELOneHM1T36pZk=","29ijMy9MQrb2WVN5VAGx5yJYUUR+JCj4o2kquEi7qzw=","legacyData"
"a1adaf1f-a75a-4b6f-b5eb-63c407fb37f8","KONZ_045.basePlot.vst","2017-12-21","vst_KONZ_2017","D06","KONZ","KONZ_045",,"NEON.PLA.D06.KONZ.05588","ok",,"Lost, presumed dead",,,,,,,,,,,,,,,,"iq7r+K7zVrnuv4AA404AgFzhbma7sELOneHM1T36pZk=","29ijMy9MQrb2WVN5VAGx5yJYUUR+JCj4o2kquEi7qzw=","legacyData"
"2ad3fa60-aa9a-4cd8-b33c-cc03b2080be4","KONZ_045.basePlot.vst","2017-12-21","vst_KONZ_2017","D06","KONZ","KONZ_045",,"NEON.PLA.D06.KONZ.01777","ok","small shrub","Live",,,1.8,,,,0.9,0.7,,"cylinder",1.2,10,,,,"iq7r+K7zVrnuv4AA404AgFzhbma7sELOneHM1T36pZk=","29ijMy9MQrb2WVN5VAGx5yJYUUR+JCj4o2kquEi7qzw=","legacyData"
"1b59f801-9907-488a-b291-21d4f09752c4","KONZ_045.basePlot.vst","2017-12-21","vst_KONZ_2017","D06","KONZ","KONZ_045",,"NEON.PLA.D06.KONZ.05609","ok","small shrub","Live",,,1.6,,,,0.4,0.4,,"cylinder",1.1,10,,,,"iq7r+K7zVrnuv4AA404AgFzhbma7sELOneHM1T36pZk=","29ijMy9MQrb2WVN5VAGx5yJYUUR+JCj4o2kquEi7qzw=","legacyData"
"aa53f152-b58d-43c4-a704-afc60919d0e9","KONZ_045.basePlot.vst","2017-12-21","vst_KONZ_2017","D06","KONZ","KONZ_045",,"NEON.PLA.D06.KONZ.05596","ok",,"Lost, presumed dead",,,,,,,,,,,,,,,,"iq7r+K7zVrnuv4AA404AgFzhbma7sELOneHM1T36pZk=","29ijMy9MQrb2WVN5VAGx5yJYUUR+JCj4o2kquEi7qzw=","legacyData"
"1c67e2ce-ddb1-4c56-9a0c-c51c6be2c7f7","KONZ_045.basePlot.vst","2017-12-21","vst_KONZ_2017","D06","KONZ","KONZ_045",,"NEON.PLA.D06.KONZ.01777","ok","small shrub","Live",,,1.8,,,,0.9,0.7,,"cylinder",1.2,10,,,,"iq7r+K7zVrnuv4AA404AgFzhbma7sELOneHM1T36pZk=","29ijMy9MQrb2WVN5VAGx5yJYUUR+JCj4o2kquEi7qzw=","legacyData"
"b12fcf9a-f4ff-4260-9a13-de86907efe7a","KONZ_045.basePlot.vst","2017-12-21","vst_KONZ_2017","D06","KONZ","KONZ_045",,"NEON.PLA.D06.KONZ.05615","ok","small shrub","Live",,,1.5,,,,0.4,0.2,,"cylinder",1.0,10,,,,"iq7r+K7zVrnuv4AA404AgFzhbma7sELOneHM1T36pZk=","29ijMy9MQrb2WVN5VAGx5yJYUUR+JCj4o2kquEi7qzw=","legacyData"
"d81ae1fd-2bd1-4435-a069-728b6b9ea6e2","KONZ_045.basePlot.vst","2017-12-21","vst_KONZ_2017","D06","KONZ","KONZ_045",,"NEON.PLA.D06.KONZ.01639","ok","small shrub","Standing dead",,,1.8,,,,0.5,0.2,,"cylinder",1.3,10,,,,"iq7r+K7zVrnuv4AA404AgFzhbma7sELOneHM1T36pZk=","29ijMy9MQrb2WVN5VAGx5yJYUUR+JCj4o2kquEi7qzw=","legacyData"
"9fc6f613-25e6-4bf3-8de9-8631f3819650","KONZ_045.basePlot.vst","2017-12-21","vst_KONZ_2017","D06","KONZ","KONZ_045",,"NEON.PLA.D06.KONZ.05581","ok",,"No longer qualifies",,,,,,,,,,,,,,,,"iq7r+K7zVrnuv4AA404AgFzhbma7sELOneHM1T36pZk=","29ijMy9MQrb2WVN5VAGx5yJYUUR+JCj4o2kquEi7qzw=","legacyData"
"ac66878f-efe5-4664-9d38-51a83a98af6e","KONZ_045.basePlot.vst","2017-12-21","vst_KONZ_2017","D06","KONZ","KONZ_045",,"NEON.PLA.D06.KONZ.05619","ok","small shrub","Live, physically damaged",,,1.3,,,,,,,"cylinder",1.2,10,,,,"iq7r+K7zVrnuv4AA404AgFzhbma7sELOneHM1T36pZk=","29ijMy9MQrb2WVN5VAGx5yJYUUR+JCj4o2kquEi7qzw=","legacyData"
"d04ab086-603b-4ff4-85b2-e28bb0698fa3","KONZ_045.basePlot.vst","2017-12-21","vst_KONZ_2017","D06","KONZ","KONZ_045",,"NEON.PLA.D06.KONZ.01776","ok","small shrub","Live",,,1.4,,,,0.6,0.4,,"cylinder",1.1,10,,,,"iq7r+K7zVrnuv4AA404AgFzhbma7sELOneHM1T36pZk=","29ijMy9MQrb2WVN5VAGx5yJYUUR+JCj4o2kquEi7qzw=","legacyData"
"5af17854-501c-404c-b1f7-3b11c2c50c4e","KONZ_045.basePlot.vst","2017-12-21","vst_KONZ_2017","D06","KONZ","KONZ_045",,"NEON.PLA.D06.KONZ.05606","ok","small shrub","Live",,,1.4,,,,0.5,0.4,,"cylinder",1.2,10,,,,"iq7r+K7zVrnuv4AA404AgFzhbma7sELOneHM1T36pZk=","29ijMy9MQrb2WVN5VAGx5yJYUUR+JCj4o2kquEi7qzw=","legacyData"
"fedeb51c-4843-4d2c-9e8f-2417985c492a","KONZ_045.basePlot.vst","2017-12-21","vst_KONZ_2017","D06","KONZ","KONZ_045",,"NEON.PLA.D06.KONZ.01641","ok","small shrub","Live, physically damaged",,,1.4,,,,0.4,0.3,,"cylinder",1.5,10,,,,"iq7r+K7zVrnuv4AA404AgFzhbma7sELOneHM1T36pZk=","29ijMy9MQrb2WVN5VAGx5yJYUUR+JCj4o2kquEi7qzw=","legacyData"
"36712131-1d13-4b32-bacc-41669c8aa86e","KONZ_045.basePlot.vst","2017-12-21","vst_KONZ_2017","D06","KONZ","KONZ_045",,"NEON.PLA.D06.KONZ.01635","ok","small shrub","Live, physically damaged",,,1.4,,,,0.3,0.2,,"cylinder",1.2,10,,,,"iq7r+K7zVrnuv4AA404AgFzhbma7sELOneHM1T36pZk=","29ijMy9MQrb2WVN5VAGx5yJYUUR+JCj4o2kquEi7qzw=","legacyData"
"c839dccf-5135-4cbc-b427-37298d015451","KONZ_045.basePlot.vst","2017-12-21","vst_KONZ_2017","D06","KONZ","KONZ_045",,"NEON.PLA.D06.KONZ.01779","ok","small shrub","Live",,,1.5,,,,0.5,0.4,,"cylinder",1.3,10,,,,"iq7r+K7zVrnuv4AA404AgFzhbma7sELOneHM1T36pZk=","29ijMy9MQrb2WVN5VAGx5yJYUUR+JCj4o2kquEi7qzw=","legacyData"
"d5bae05e-65a3-4160-b7a9-c3f07c4119a3","KONZ_045.basePlot.vst","2017-12-21","vst_KONZ_2017","D06","KONZ","KONZ_045",,"NEON.PLA.D06.KONZ.05612","ok","small shrub","Live",,,1.5,,,,0.4,0.3,,"cylinder",1.0,10,,,,"iq7r+K7zVrnuv4AA404AgFzhbma7sELOneHM1T36pZk=","29ijMy9MQrb2WVN5VAGx5yJYUUR+JCj4o2kquEi7qzw=","legacyData"
"a61df441-36a3-4086-866e-5852e4b1a0c8","KONZ_045.basePlot.vst","2017-12-21","vst_KONZ_2017","D06","KONZ","KONZ_045",,"NEON.PLA.D06.KONZ.05586","ok",,"No longer qualifies",,,,,,,,,,,,,,,,"iq7r+K7zVrnuv4AA404AgFzhbma7sELOneHM1T36pZk=","29ijMy9MQrb2WVN5VAGx5yJYUUR+JCj4o2kquEi7qzw=","legacyData"
"1835a400-217b-44e9-9130-d0720b1461b9","KONZ_045.basePlot.vst","2017-12-21","vst_KONZ_2017","D06","KONZ","KONZ_045",,"NEON.PLA.D06.KONZ.01634","ok","small shrub","Live, physically damaged",,,1.5,,,,0.4,0.3,,"cylinder",1.3,10,,,,"iq7r+K7zVrnuv4AA404AgFzhbma7sELOneHM1T36pZk=","29ijMy9MQrb2WVN5VAGx5yJYUUR+JCj4o2kquEi7qzw=","legacyData"
"a00ef83f-6dae-41ca-973b-22fd5ca17087","KONZ_045.basePlot.vst","2017-12-21","vst_KONZ_2017","D06","KONZ","KONZ_045",,"NEON.PLA.D06.KONZ.05593","ok","small shrub","Live, physically damaged",,,1.4,,,,0.3,0.2,,"cylinder",1.0,10,,,,"iq7r+K7zVrnuv4AA404AgFzhbma7sELOneHM1T36pZk=","29ijMy9MQrb2WVN5VAGx5yJYUUR+JCj4o2kquEi7qzw=","legacyData"
"0fcd2abb-22b5-4721-9298-d34d7683dbce","KONZ_045.basePlot.vst","2017-12-21","vst_KONZ_2017","D06","KONZ","KONZ_045",,"NEON.PLA.D06.KONZ.01774","ok",,"Lost, fate unknown",,,,,,,,,,,,,,,,"iq7r+K7zVrnuv4AA404AgFzhbma7sELOneHM1T36pZk=","29ijMy9MQrb2WVN5VAGx5yJYUUR+JCj4o2kquEi7qzw=","legacyData"
"aac0ef09-b5ed-4291-8547-56c81004f7da","KONZ_045.basePlot.vst","2017-12-21","vst_KONZ_2017","D06","KONZ","KONZ_045",,"NEON.PLA.D06.KONZ.01782","ok","small shrub","Live",,,1.5,,,,0.7,0.6,,"cylinder",1.1,10,,,,"iq7r+K7zVrnuv4AA404AgFzhbma7sELOneHM1T36pZk=","29ijMy9MQrb2WVN5VAGx5yJYUUR+JCj4o2kquEi7qzw=","legacyData"
"fb522edf-aed2-4cf5-bde1-8bbe9899e99e","KONZ_045.basePlot.vst","2017-12-21","vst_KONZ_2017","D06","KONZ","KONZ_045",,"NEON.PLA.D06.KONZ.05616","ok",,"Lost, fate unknown",,,,,,,,,,,,,,,,"iq7r+K7zVrnuv4AA404AgFzhbma7sELOneHM1T36pZk=","29ijMy9MQrb2WVN5VAGx5yJYUUR+JCj4o2kquEi7qzw=","legacyData"
"a21d1ce0-4b6e-49df-9f97-84306dab23f0","KONZ_045.basePlot.vst","2017-12-21","vst_KONZ_2017","D06","KONZ","KONZ_045",,"NEON.PLA.D06.KONZ.01780","ok","small shrub","Live",,,1.6,,,,0.5,0.4,,"cylinder",1.1,10,,,,"iq7r+K7zVrnuv4AA404AgFzhbma7sELOneHM1T36pZk=","29ijMy9MQrb2WVN5VAGx5yJYUUR+JCj4o2kquEi7qzw=","legacyData"
"f13e9d3d-734b-431b-b392-d874536bb449","KONZ_045.basePlot.vst","2017-12-21","vst_KONZ_2017","D06","KONZ","KONZ_045",,"NEON.PLA.D06.KONZ.05605","ok","small shrub","Live",,,1.3,,,,0.3,0.3,,"cylinder",1.1,10,,,,"iq7r+K7zVrnuv4AA404AgFzhbma7sELOneHM1T36pZk=","29ijMy9MQrb2WVN5VAGx5yJYUUR+JCj4o2kquEi7qzw=","legacyData"
"58f29f3f-3fd3-4221-9f4e-eed71f19a83a","KONZ_045.basePlot.vst","2017-12-21","vst_KONZ_2017","D06","KONZ","KONZ_045",,"NEON.PLA.D06.KONZ.05599","ok",,"No longer qualifies",,,,,,,,,,,,,,,,"iq7r+K7zVrnuv4AA404AgFzhbma7sELOneHM1T36pZk=","29ijMy9MQrb2WVN5VAGx5yJYUUR+JCj4o2kquEi7qzw=","legacyData"
"09a2c0fc-006d-4e10-94a1-a21e569cc212","KONZ_045.basePlot.vst","2017-12-21","vst_KONZ_2017","D06","KONZ","KONZ_045",,"NEON.PLA.D06.KONZ.01796","ok","small shrub","Live, physically damaged",,,1.2,,,,0.4,0.3,,"cylinder",1.1,10,,,,"iq7r+K7zVrnuv4AA404AgFzhbma7sELOneHM1T36pZk=","29ijMy9MQrb2WVN5VAGx5yJYUUR+JCj4o2kquEi7qzw=","legacyData"
"a958ffb3-6f85-401d-9ef9-835fcafec033","KONZ_045.basePlot.vst","2017-12-21","vst_KONZ_2017","D06","KONZ","KONZ_045",,"NEON.PLA.D06.KONZ.05598","removed",,"Downed",,,,,,,,,,,,,,,,"iq7r+K7zVrnuv4AA404AgFzhbma7sELOneHM1T36pZk=","29ijMy9MQrb2WVN5VAGx5yJYUUR+JCj4o2kquEi7qzw=","legacyData"
"62a37310-d33d-460e-8171-e659b180da3d","KONZ_045.basePlot.vst","2017-12-21","vst_KONZ_2017","D06","KONZ","KONZ_045",,"NEON.PLA.D06.KONZ.05618","ok",,"No longer qualifies",,,,,,,,,,,,,,,,"iq7r+K7zVrnuv4AA404AgFzhbma7sELOneHM1T36pZk=","29ijMy9MQrb2WVN5VAGx5yJYUUR+JCj4o2kquEi7qzw=","legacyData"
"1e33ab6d-a264-4af9-b786-1dd28f24c3b6","KONZ_045.basePlot.vst","2017-12-21","vst_KONZ_2017","D06","KONZ","KONZ_045",,"NEON.PLA.D06.KONZ.01782","ok","small shrub","Live",,,1.5,,,,0.7,0.6,,"cylinder",1.0,10,,,,"iq7r+K7zVrnuv4AA404AgFzhbma7sELOneHM1T36pZk=","29ijMy9MQrb2WVN5VAGx5yJYUUR+JCj4o2kquEi7qzw=","legacyData"
"25ab52ff-4bed-4a7f-a4fa-75463e64f9a9","KONZ_045.basePlot.vst","2017-12-21","vst_KONZ_2017","D06","KONZ","KONZ_045",,"NEON.PLA.D06.KONZ.05613","ok","small shrub","Live",,,1.4,,,,0.5,0.4,,"cylinder",1.0,10,,,,"iq7r+K7zVrnuv4AA404AgFzhbma7sELOneHM1T36pZk=","29ijMy9MQrb2WVN5VAGx5yJYUUR+JCj4o2kquEi7qzw=","legacyData"
"7ab4d215-b566-4390-a811-55874a7a6cd1","KONZ_045.basePlot.vst","2017-12-21","vst_KONZ_2017","D06","KONZ","KONZ_045",,"NEON.PLA.D06.KONZ.01643","ok","small shrub","Live, physically damaged",,,1.5,,,,0.6,0.3,,"cylinder",1.2,10,,,,"iq7r+K7zVrnuv4AA404AgFzhbma7sELOneHM1T36pZk=","29ijMy9MQrb2WVN5VAGx5yJYUUR+JCj4o2kquEi7qzw=","legacyData"
"c20e637e-6136-48df-a448-6ca56853fe8b","KONZ_045.basePlot.vst","2017-12-21","vst_KONZ_2017","D06","KONZ","KONZ_045",,"NEON.PLA.D06.KONZ.05617","ok",,"No longer qualifies",,,,,,,,,,,,,,,,"iq7r+K7zVrnuv4AA404AgFzhbma7sELOneHM1T36pZk=","29ijMy9MQrb2WVN5VAGx5yJYUUR+JCj4o2kquEi7qzw=","legacyData"
"c16f19f1-4e41-4a0e-bba5-9821b2d1bf2c","KONZ_045.basePlot.vst","2017-12-21","vst_KONZ_2017","D06","KONZ","KONZ_045",,"NEON.PLA.D06.KONZ.05589","removed",,"Lost, presumed dead",,,,,,,,,,,,,,,"Tag found on ground not attached to any plant","iq7r+K7zVrnuv4AA404AgFzhbma7sELOneHM1T36pZk=","29ijMy9MQrb2WVN5VAGx5yJYUUR+JCj4o2kquEi7qzw=","legacyData"
"c3f5e533-6c99-420a-9f81-49d149ebf976","KONZ_045.basePlot.vst","2017-12-21","vst_KONZ_2017","D06","KONZ","KONZ_045",,"NEON.PLA.D06.KONZ.05583","ok","small shrub","Live, physically damaged",,,1.5,,,,0.5,0.2,,"cylinder",1.2,10,,,,"iq7r+K7zVrnuv4AA404AgFzhbma7sELOneHM1T36pZk=","29ijMy9MQrb2WVN5VAGx5yJYUUR+JCj4o2kquEi7qzw=","legacyData"
"87b323d2-7ca4-4b08-a98e-1e8ae774ae9f","KONZ_045.basePlot.vst","2017-12-21","vst_KONZ_2017","D06","KONZ","KONZ_045",,"NEON.PLA.D06.KONZ.01650","ok","small shrub","Live",,,2.0,,,,0.5,0.4,,"cylinder",1.2,10,,,,"iq7r+K7zVrnuv4AA404AgFzhbma7sELOneHM1T36pZk=","29ijMy9MQrb2WVN5VAGx5yJYUUR+JCj4o2kquEi7qzw=","legacyData"
"53126ca3-2ccf-4512-87b2-018eea497024","KONZ_045.basePlot.vst","2017-12-21","vst_KONZ_2017","D06","KONZ","KONZ_045",,"NEON.PLA.D06.KONZ.05592","ok","small shrub","Live, physically damaged",,,1.4,,,,0.2,0.1,,"cylinder",1.0,10,,,,"iq7r+K7zVrnuv4AA404AgFzhbma7sELOneHM1T36pZk=","29ijMy9MQrb2WVN5VAGx5yJYUUR+JCj4o2kquEi7qzw=","legacyData"
"d6cc7b72-314a-4552-a68b-13b5dbda1b76","KONZ_045.basePlot.vst","2017-12-21","vst_KONZ_2017","D06","KONZ","KONZ_045",,"NEON.PLA.D06.KONZ.01781","ok",,"No longer qualifies",,,,,,,,,,,,,,,,"iq7r+K7zVrnuv4AA404AgFzhbma7sELOneHM1T36pZk=","29ijMy9MQrb2WVN5VAGx5yJYUUR+JCj4o2kquEi7qzw=","legacyData"
"cb1b7988-796c-413f-9610-4ec8708f5d66","KONZ_045.basePlot.vst","2017-12-21","vst_KONZ_2017","D06","KONZ","KONZ_045",,"NEON.PLA.D06.KONZ.05611","ok","small shrub","Live, physically damaged",,,1.5,,,,0.5,0.3,,"cylinder",1.2,10,,,,"iq7r+K7zVrnuv4AA404AgFzhbma7sELOneHM1T36pZk=","29ijMy9MQrb2WVN5VAGx5yJYUUR+JCj4o2kquEi7qzw=","legacyData"
"ed5ed5af-4546-4b4e-aecf-95689e941d7e","KONZ_045.basePlot.vst","2017-12-21","vst_KONZ_2017","D06","KONZ","KONZ_045",,"NEON.PLA.D06.KONZ.01632","ok",,"No longer qualifies",,,,,,,,,,,,,,,,"iq7r+K7zVrnuv4AA404AgFzhbma7sELOneHM1T36pZk=","29ijMy9MQrb2WVN5VAGx5yJYUUR+JCj4o2kquEi7qzw=","legacyData"
"970a9f81-e8ab-47f0-ba52-9aaf424269f5","KONZ_045.basePlot.vst","2017-12-21","vst_KONZ_2017","D06","KONZ","KONZ_045",,"NEON.PLA.D06.KONZ.01642","ok","small shrub","Live, physically damaged",,,1.7,,,,0.5,0.3,,"cylinder",1.0,10,,,,"iq7r+K7zVrnuv4AA404AgFzhbma7sELOneHM1T36pZk=","29ijMy9MQrb2WVN5VAGx5yJYUUR+JCj4o2kquEi7qzw=","legacyData"
"f4e59b70-3c3f-4d75-bef2-7e92f8575e4f","KONZ_045.basePlot.vst","2017-12-21","vst_KONZ_2017","D06","KONZ","KONZ_045",,"NEON.PLA.D06.KONZ.05585","ok",,"No longer qualifies",,,,,,,,,,,,,,,,"iq7r+K7zVrnuv4AA404AgFzhbma7sELOneHM1T36pZk=","29ijMy9MQrb2WVN5VAGx5yJYUUR+JCj4o2kquEi7qzw=","legacyData"
"834a280d-e45e-42e4-a7ee-11441b096444","KONZ_045.basePlot.vst","2017-12-21","vst_KONZ_2017","D06","KONZ","KONZ_045",,"NEON.PLA.D06.KONZ.05600","removed",,"Downed",,,,,,,,,,,,,,,,"iq7r+K7zVrnuv4AA404AgFzhbma7sELOneHM1T36pZk=","29ijMy9MQrb2WVN5VAGx5yJYUUR+JCj4o2kquEi7qzw=","legacyData"
"b246c563-4e3b-466c-a7ee-2cd979601384","KONZ_045.basePlot.vst","2017-12-21","vst_KONZ_2017","D06","KONZ","KONZ_045",,"NEON.PLA.D06.KONZ.01777","ok","small shrub","Live",,,1.8,,,,0.9,0.7,,"cylinder",1.1,10,,,,"iq7r+K7zVrnuv4AA404AgFzhbma7sELOneHM1T36pZk=","29ijMy9MQrb2WVN5VAGx5yJYUUR+JCj4o2kquEi7qzw=","legacyData"
"bbc7e5e3-88f8-404b-97e6-7198882161d1","KONZ_045.basePlot.vst","2017-12-21","vst_KONZ_2017","D06","KONZ","KONZ_045",,"NEON.PLA.D06.KONZ.05590","ok","small shrub","Live, physically damaged",,,1.2,,,,0.4,0.3,,"cylinder",1.1,10,,,,"iq7r+K7zVrnuv4AA404AgFzhbma7sELOneHM1T36pZk=","29ijMy9MQrb2WVN5VAGx5yJYUUR+JCj4o2kquEi7qzw=","legacyData"
"7e447432-bfb2-47c1-a349-69fdb031585c","KONZ_045.basePlot.vst","2017-12-21","vst_KONZ_2017","D06","KONZ","KONZ_045",,"NEON.PLA.D06.KONZ.05582","ok","small shrub","Live",,,1.8,,,,0.5,0.3,,"cylinder",1.1,10,,,,"iq7r+K7zVrnuv4AA404AgFzhbma7sELOneHM1T36pZk=","29ijMy9MQrb2WVN5VAGx5yJYUUR+JCj4o2kquEi7qzw=","legacyData"
"dd86ba74-9095-44d9-9c29-928c6a9494f1","KONZ_045.basePlot.vst","2017-12-21","vst_KONZ_2017","D06","KONZ","KONZ_045",,"NEON.PLA.D06.KONZ.05604","ok",,"No longer qualifies",,,,,,,,,,,,,,,,"iq7r+K7zVrnuv4AA404AgFzhbma7sELOneHM1T36pZk=","29ijMy9MQrb2WVN5VAGx5yJYUUR+JCj4o2kquEi7qzw=","legacyData"
"242a50b1-93c4-48a3-9994-8cc16837992d","KONZ_045.basePlot.vst","2017-12-21","vst_KONZ_2017","D06","KONZ","KONZ_045",,"NEON.PLA.D06.KONZ.01640","ok","small shrub","Live",,,1.6,,,,0.6,0.5,,"cylinder",1.4,10,,,,"iq7r+K7zVrnuv4AA404AgFzhbma7sELOneHM1T36pZk=","29ijMy9MQrb2WVN5VAGx5yJYUUR+JCj4o2kquEi7qzw=","legacyData"
"562de8bd-59a1-4b34-aa40-e2fd869413dd","KONZ_045.basePlot.vst","2017-12-21","vst_KONZ_2017","D06","KONZ","KONZ_045",,"NEON.PLA.D06.KONZ.05587","ok",,"Lost, presumed dead",,,,,,,,,,,,,,,,"iq7r+K7zVrnuv4AA404AgFzhbma7sELOneHM1T36pZk=","29ijMy9MQrb2WVN5VAGx5yJYUUR+JCj4o2kquEi7qzw=","legacyData"
"b44dc9cb-2be8-4bab-9a86-9e06a3d7c53d","KONZ_045.basePlot.vst","2017-12-21","vst_KONZ_2017","D06","KONZ","KONZ_045",,"NEON.PLA.D06.KONZ.01778","ok","small shrub","Live",,,1.6,,,,0.3,0.3,,"cylinder",1.0,10,,,,"iq7r+K7zVrnuv4AA404AgFzhbma7sELOneHM1T36pZk=","29ijMy9MQrb2WVN5VAGx5yJYUUR+JCj4o2kquEi7qzw=","legacyData"
"afa69d27-3381-44fd-b792-51ca5f07273a","KONZ_045.basePlot.vst","2017-12-21","vst_KONZ_2017","D06","KONZ","KONZ_045",,"NEON.PLA.D06.KONZ.05620","ok",,"No longer qualifies",,,,,,,,,,,,,,,,"iq7r+K7zVrnuv4AA404AgFzhbma7sELOneHM1T36pZk=","29ijMy9MQrb2WVN5VAGx5yJYUUR+JCj4o2kquEi7qzw=","legacyData"
"4ae3d4b8-7d44-4a8e-bbb1-5e3f89db3a6b","KONZ_045.basePlot.vst","2017-12-21","vst_KONZ_2017","D06","KONZ","KONZ_045",,"NEON.PLA.D06.KONZ.01636","ok","small shrub","Live, physically damaged",,,1.2,,,,0.2,0.1,,"cylinder",1.1,10,,,,"iq7r+K7zVrnuv4AA404AgFzhbma7sELOneHM1T36pZk=","29ijMy9MQrb2WVN5VAGx5yJYUUR+JCj4o2kquEi7qzw=","legacyData"
"4291c7a1-3366-4fd8-8d0b-946c25fbd953","KONZ_045.basePlot.vst","2017-12-21","vst_KONZ_2017","D06","KONZ","KONZ_045",,"NEON.PLA.D06.KONZ.01650","ok","small shrub","Live",,,2.0,,,,0.5,0.4,,"cylinder",1.5,10,,,,"iq7r+K7zVrnuv4AA404AgFzhbma7sELOneHM1T36pZk=","29ijMy9MQrb2WVN5VAGx5yJYUUR+JCj4o2kquEi7qzw=","legacyData"
"7492519c-ca0a-4714-beff-fa7d6ed3ca09","KONZ_045.basePlot.vst","2017-12-21","vst_KONZ_2017","D06","KONZ","KONZ_045",,"NEON.PLA.D06.KONZ.05610","ok","small shrub","Live",,,1.7,,,,0.5,0.4,,"cylinder",1.1,10,,,,"iq7r+K7zVrnuv4AA404AgFzhbma7sELOneHM1T36pZk=","29ijMy9MQrb2WVN5VAGx5yJYUUR+JCj4o2kquEi7qzw=","legacyData"
"77ea7a1f-3431-4860-993c-7f5d0e8062e2","KONZ_045.basePlot.vst","2017-12-21","vst_KONZ_2017","D06","KONZ","KONZ_045",,"NEON.PLA.D06.KONZ.05584","ok","small shrub","Live, physically damaged",,,1.5,,,,0.5,0.3,,"cylinder",1.1,10,,,,"iq7r+K7zVrnuv4AA404AgFzhbma7sELOneHM1T36pZk=","29ijMy9MQrb2WVN5VAGx5yJYUUR+JCj4o2kquEi7qzw=","legacyData"
"e15905b8-7930-453f-b706-3087012b9133","KONZ_045.basePlot.vst","2017-12-21","vst_KONZ_2017","D06","KONZ","KONZ_045",,"NEON.PLA.D06.KONZ.05595","ok","small shrub","Live, physically damaged",,,1.2,,,,0.3,0.3,,"cylinder",1.1,10,,,,"iq7r+K7zVrnuv4AA404AgFzhbma7sELOneHM1T36pZk=","29ijMy9MQrb2WVN5VAGx5yJYUUR+JCj4o2kquEi7qzw=","legacyData"
"39246e50-52a3-4560-a143-81a8fa43f297","KONZ_045.basePlot.vst","2017-12-21","vst_KONZ_2017","D06","KONZ","KONZ_045",,"NEON.PLA.D06.KONZ.05607","ok","small shrub","Live, physically damaged",,,1.5,,,,0.5,0.4,,"cylinder",1.1,10,,,,"iq7r+K7zVrnuv4AA404AgFzhbma7sELOneHM1T36pZk=","29ijMy9MQrb2WVN5VAGx5yJYUUR+JCj4o2kquEi7qzw=","legacyData"
"c1e15f9f-9e9b-40b6-a33c-f719899fb01a","KONZ_045.basePlot.vst","2017-12-21","vst_KONZ_2017","D06","KONZ","KONZ_045",,"NEON.PLA.D06.KONZ.01644","ok","small shrub","Live, physically damaged",,,1.6,,,,0.6,0.3,,"cylinder",1.0,10,,,,"iq7r+K7zVrnuv4AA404AgFzhbma7sELOneHM1T36pZk=","29ijMy9MQrb2WVN5VAGx5yJYUUR+JCj4o2kquEi7qzw=","legacyData"
"16edc77f-d875-4102-87fb-4a0eeb0eda75","KONZ_045.basePlot.vst","2017-12-21","vst_KONZ_2017","D06","KONZ","KONZ_045",,"NEON.PLA.D06.KONZ.05601","ok",,"No longer qualifies",,,,,,,,,,,,,,,,"iq7r+K7zVrnuv4AA404AgFzhbma7sELOneHM1T36pZk=","29ijMy9MQrb2WVN5VAGx5yJYUUR+JCj4o2kquEi7qzw=","legacyData"
"b6004e60-eefc-4c57-92e8-c675e294bdec","KONZ_045.basePlot.vst","2017-12-21","vst_KONZ_2017","D06","KONZ","KONZ_045",,"NEON.PLA.D06.KONZ.01655","ok","small shrub","Live, physically damaged",,,1.8,,,,0.7,0.7,,"cylinder",1.9,10,,,,"iq7r+K7zVrnuv4AA404AgFzhbma7sELOneHM1T36pZk=","29ijMy9MQrb2WVN5VAGx5yJYUUR+JCj4o2kquEi7qzw=","legacyData"
"f80235cb-590c-4e8d-9caa-96aed84b971b","KONZ_045.basePlot.vst","2017-12-21","vst_KONZ_2017","D06","KONZ","KONZ_045",,"NEON.PLA.D06.KONZ.05602","ok","small shrub","Live",,,1.3,,,,0.4,0.4,,"cylinder",1.1,10,,,,"iq7r+K7zVrnuv4AA404AgFzhbma7sELOneHM1T36pZk=","29ijMy9MQrb2WVN5VAGx5yJYUUR+JCj4o2kquEi7qzw=","legacyData"
"887c314e-a693-4cb4-a812-d7de926b5de2","KONZ_045.basePlot.vst","2017-12-21","vst_KONZ_2017","D06","KONZ","KONZ_045",,"NEON.PLA.D06.KONZ.05591","ok",,"No longer qualifies",,,,,,,,,,,,,,,,"iq7r+K7zVrnuv4AA404AgFzhbma7sELOneHM1T36pZk=","29ijMy9MQrb2WVN5VAGx5yJYUUR+JCj4o2kquEi7qzw=","legacyData"
"ff5bf87c-6623-463d-80b2-0176846e25a8","KONZ_045.basePlot.vst","2017-12-21","vst_KONZ_2017","D06","KONZ","KONZ_045",,"NEON.PLA.D06.KONZ.01637","ok","small shrub","Live, physically damaged",,,1.3,,,,0.4,0.3,,"cylinder",1.3,10,,,,"iq7r+K7zVrnuv4AA404AgFzhbma7sELOneHM1T36pZk=","29ijMy9MQrb2WVN5VAGx5yJYUUR+JCj4o2kquEi7qzw=","legacyData"
"d4f1d05a-58d0-4a83-9ec3-724a61d68389","KONZ_045.basePlot.vst","2017-12-21","vst_KONZ_2017","D06","KONZ","KONZ_045",,"NEON.PLA.D06.KONZ.05621","ok",,"Lost, fate unknown",,,,,,,,,,,,,,,,"iq7r+K7zVrnuv4AA404AgFzhbma7sELOneHM1T36pZk=","29ijMy9MQrb2WVN5VAGx5yJYUUR+JCj4o2kquEi7qzw=","legacyData"
"808486ce-fe7f-48cd-9ad1-8161e6a72b3f","KONZ_045.basePlot.vst","2017-12-21","vst_KONZ_2017","D06","KONZ","KONZ_045",,"NEON.PLA.D06.KONZ.01775","ok","small shrub","Live",,,1.9,,,,0.3,0.2,,"cylinder",1.1,10,,,,"iq7r+K7zVrnuv4AA404AgFzhbma7sELOneHM1T36pZk=","29ijMy9MQrb2WVN5VAGx5yJYUUR+JCj4o2kquEi7qzw=","legacyData"
