uid,namedLocation,date,domainID,siteID,plotID,plotType,nlcdClass,decimalLatitude,decimalLongitude,geodeticDatum,coordinateUncertainty,easting,northing,utmZone,elevation,elevationUncertainty,eventID,samplingProtocolVersion,treesPresent,treesAbsentList,shrubsPresent,shrubsAbsentList,lianasPresent,lianasAbsentList,nestedSubplotAreaShrubSapling,nestedSubplotAreaLiana,totalSampledAreaTrees,totalSampledAreaShrubSapling,totalSampledAreaLiana,remarks,measuredBy,recordedBy,dataQF
"cce3d2d1-3cb5-4f36-bcd0-755f8fb2bd8e","KONZ_046.basePlot.vst","2017-12-07","D06","KONZ","KONZ_046","tower","shrubScrub",39.103068,-96.563925,"WGS84",20.1,710650.74,4331039.66,"14N",405.6,0.1,"vst_KONZ_2017","NEON.DOC.000987vG",,,,,,,"noneSelected","noneSelected",400,400,400,,"iq7r+K7zVrnuv4AA404AgFzhbma7sELOneHM1T36pZk=","iq7r+K7zVrnuv4AA404AgFzhbma7sELOneHM1T36pZk=",
"c87a8631-5fbd-419c-a5aa-2214411efe16","KONZ_067.basePlot.vst","2017-12-07","D06","KONZ","KONZ_067","tower","shrubScrub",39.103065,-96.564975,"WGS84",10.1,710559.94,4331036.89,"14N",403.4,0.2,"vst_KONZ_2017","NEON.DOC.000987vG",,,,,,,"noneSelected","noneSelected",400,400,400,,"iq7r+K7zVrnuv4AA404AgFzhbma7sELOneHM1T36pZk=","iq7r+K7zVrnuv4AA404AgFzhbma7sELOneHM1T36pZk=",
"36f5c4dd-4b68-4aef-8053-003fb8dc7a31","KONZ_059.basePlot.vst","2017-12-07","D06","KONZ","KONZ_059","tower","shrubScrub",39.103881,-96.564935,"WGS84",10.2,710560.97,4331127.55,"14N",396.0,0.3,"vst_KONZ_2017","NEON.DOC.000987vG",,,,,,,"noneSelected","noneSelected",400,400,400,,"iq7r+K7zVrnuv4AA404AgFzhbma7sELOneHM1T36pZk=","iq7r+K7zVrnuv4AA404AgFzhbma7sELOneHM1T36pZk=",
"8c3a843c-22d6-4581-ba92-aa1b1cbdf9f2","KONZ_046.basePlot.vst","2017-12-07","D06","KONZ","KONZ_046","tower","shrubScrub",39.103068,-96.563925,"WGS84",20.1,710650.74,4331039.66,"14N",405.6,0.1,"vst_KONZ_2017","NEON.DOC.000987vG",,,,,,,"noneSelected","noneSelected",400,400,400,,"iq7r+K7zVrnuv4AA404AgFzhbma7sELOneHM1T36pZk=","iq7r+K7zVrnuv4AA404AgFzhbma7sELOneHM1T36pZk=",
"c2f30d04-0303-4f6f-9381-26e47641e032","KONZ_063.basePlot.vst","2017-12-07","D06","KONZ","KONZ_063","tower","shrubScrub",39.101970,-96.563630,"WGS84",10.1,710679.52,4330918.47,"14N",410.0,0.2,"vst_KONZ_2017","NEON.DOC.000987vG",,,,,,,"noneSelected","noneSelected",400,400,400,,"iq7r+K7zVrnuv4AA404AgFzhbma7sELOneHM1T36pZk=","iq7r+K7zVrnuv4AA404AgFzhbma7sELOneHM1T36pZk=",
"28704f1a-4020-4304-9086-ab89bfa34c68","KONZ_049.basePlot.vst","2017-12-07","D06","KONZ","KONZ_049","tower","grasslandHerbaceous",39.103879,-96.564243,"WGS84",10.2,710620.82,4331128.94,"14N",404.2,0.2,"vst_KONZ_2017","NEON.DOC.000987vG",,,,,,,"noneSelected","noneSelected",400,400,400,,"iq7r+K7zVrnuv4AA404AgFzhbma7sELOneHM1T36pZk=","iq7r+K7zVrnuv4AA404AgFzhbma7sELOneHM1T36pZk=",
"8096ed58-e841-4020-9a48-3739c553a8fd","KONZ_057.basePlot.vst","2017-12-20","D06","KONZ","KONZ_057","tower","grasslandHerbaceous",39.103580,-96.562517,"WGS84",10.1,710770.98,4331099.76,"14N",405.0,0.1,"vst_KONZ_2017","NEON.DOC.000987vG","N",,"Y",,"N",,"noneSelected","noneSelected",400,400,400,,"29ijMy9MQrb2WVN5VAGx5yJYUUR+JCj4o2kquEi7qzw=","iq7r+K7zVrnuv4AA404AgFzhbma7sELOneHM1T36pZk=",
"67b1afe9-7b39-4143-a410-89fc7c427ed1","KONZ_066.basePlot.vst","2017-12-20","D06","KONZ","KONZ_066","tower","grasslandHerbaceous",39.103042,-96.562185,"WGS84",10.1,710801.30,4331040.81,"14N",406.6,0.1,"vst_KONZ_2017","NEON.DOC.000987vG","N",,"Y",,"N",,"noneSelected","noneSelected",400,400,400,,"29ijMy9MQrb2WVN5VAGx5yJYUUR+JCj4o2kquEi7qzw=","iq7r+K7zVrnuv4AA404AgFzhbma7sELOneHM1T36pZk=",
"9215ffcd-567f-4915-815d-225bffb79dab","KONZ_045.basePlot.vst","2017-12-21","D06","KONZ","KONZ_045","tower","grasslandHerbaceous",39.103828,-96.561811,"WGS84",20.1,710831.30,4331128.92,"14N",392.8,0.1,"vst_KONZ_2017","NEON.DOC.000987vG","N",,"Y",,"N",,"25","noneSelected",400,200,400,,"29ijMy9MQrb2WVN5VAGx5yJYUUR+JCj4o2kquEi7qzw=","iq7r+K7zVrnuv4AA404AgFzhbma7sELOneHM1T36pZk=",
