uid,namedLocation,date,eventID,domainID,siteID,plotID,subplotID,nestedSubplotID,groupID,taxonID,scientificName,taxonRank,identificationReferences,identificationQualifier,volumePercent,livePercent,deadPercent,canopyArea,meanHeight,remarks,measuredBy,recordedBy,dataQF
"3ab28a86-5950-4691-81b0-e32f0113b3cc","KONZ_053.basePlot.vst","2017-12-20","vst_KONZ_2017","D06","KONZ","KONZ_053","32",,"32_03","RHAR4","Rhus aromatica Aiton","species",,,95,50,50,1.0,1.04,,"bNd/Qxa4VKM2c3FF1xbrUPpiolK4yI12+UiiY/1MUS0=","iq7r+K7zVrnuv4AA404AgFzhbma7sELOneHM1T36pZk=",
"f9ab4db2-811c-4406-86b6-b916e7584a81","KONZ_053.basePlot.vst","2017-12-20","vst_KONZ_2017","D06","KONZ","KONZ_053","32",,"32_03","CODR","Cornus drummondii C.A. Mey.","species",,,4,5,95,1.0,1.04,,"bNd/Qxa4VKM2c3FF1xbrUPpiolK4yI12+UiiY/1MUS0=","iq7r+K7zVrnuv4AA404AgFzhbma7sELOneHM1T36pZk=",
"c92307c1-ec97-4634-8dbd-07fb129003f0","KONZ_053.basePlot.vst","2017-12-20","vst_KONZ_2017","D06","KONZ","KONZ_053","32",,"32_03","ROAR3","Rosa arkansana Porter","species",,,1,100,0,1.0,1.04,,"bNd/Qxa4VKM2c3FF1xbrUPpiolK4yI12+UiiY/1MUS0=","iq7r+K7zVrnuv4AA404AgFzhbma7sELOneHM1T36pZk=",
"4d2d8fa3-f642-4d21-9463-505122fef83c","KONZ_045.basePlot.vst","2017-12-21","vst_KONZ_2017","D06","KONZ","KONZ_045","31",,"31_01","CODR","Cornus drummondii C.A. Mey.","species",,,70,80,20,10.3,1.66,,"SqhSMrmKEm9jjE5RSBi78lFk0OeoHpEHSLDbp3hPruc=","iq7r+K7zVrnuv4AA404AgFzhbma7sELOneHM1T36pZk=",
"4af1a392-425a-4949-a41b-b516ed85d944","KONZ_045.basePlot.vst","2017-12-21","vst_KONZ_2017","D06","KONZ","KONZ_045","31",,"31_01","RHAR4","Rhus aromatica Aiton","species",,,28,70,30,10.3,1.66,,"SqhSMrmKEm9jjE5RSBi78lFk0OeoHpEHSLDbp3hPruc=","iq7r+K7zVrnuv4AA404AgFzhbma7sELOneHM1T36pZk=",
"2b0fd479-e49f-4aba-80b0-c6ef3111cb31","KONZ_045.basePlot.vst","2017-12-21","vst_KONZ_2017","D06","KONZ","KONZ_045","31",,"31_01","ZAAM","Zanthoxylum americanum Mill.","species",,,2,99,1,10.3,1.66,,"SqhSMrmKEm9jjE5RSBi78lFk0OeoHpEHSLDbp3hPruc=","iq7r+K7zVrnuv4AA404AgFzhbma7sELOneHM1T36pZk=",
