uid,namedLocation,domainID,siteID,plotID,plotType,nlcdClass,decimalLatitude,decimalLongitude,geodeticDatum,coordinateUncertainty,elevation,elevationUncertainty,collectDate,eventID,sampleID,sampleCode,samplingMethod,totalSampledArea,targetTaxaPresent,adultCount,nymphCount,larvaCount,sampleCondition,samplingProtocolVersion,measuredBy,remarks
"17fff593-e3f4-4eb9-933a-0ef5378a968f","BART_002.tickPlot.tck","D01","BART","BART_002","distributed","deciduousForest",44.035231,-71.274674,"WGS84",20.2,502.6,0.3,"2015-05-20T13:30Z","BART.2015.20",,,"drag and flag",160,"N",0,0,,,"NEON.DOC.014045vF","kz9ZO0AFHTmlcYbD5iXE6kFKNHjxybGT","Zero capture; no sample collected. No data transcription errors found"
"25fbdb36-1622-4720-9ddf-05b34dc46bb2","BART_010.tickPlot.tck","D01","BART","BART_010","distributed","deciduousForest",44.051100,-71.267766,"WGS84",20.2,413.0,0.4,"2015-05-20T16:15Z","BART.2015.20",,,"drag and flag",160,"N",0,0,,,"NEON.DOC.014045vF","kz9ZO0AFHTmlcYbD5iXE6kFKNHjxybGT","Zero capture; no sample collected."
"ff6b72d7-c274-447a-a0b0-20e6f178bc95","BART_015.tickPlot.tck","D01","BART","BART_015","distributed","mixedForest",44.042149,-71.271603,"WGS84",20.3,455.0,0.5,"2015-05-20T18:15Z","BART.2015.20",,,"drag and flag",160,"N",0,0,,,"NEON.DOC.014045vF","zODC+zTh3jdHKFo7lDoQcuNYRkWsGu3I","Zero capture; no sample collected."
"904b7742-be8d-40f5-ab46-a915501e9a2c","BART_011.tickPlot.tck","D01","BART","BART_011","distributed","mixedForest",44.048783,-71.295353,"WGS84",20.2,399.5,0.2,"2015-05-20T19:20Z","BART.2015.20",,,"drag and flag",160,"N",0,0,,,"NEON.DOC.014045vF","zODC+zTh3jdHKFo7lDoQcuNYRkWsGu3I","Zero capture; no sample collected."
"899f2afa-d193-4877-b51c-1c16bdcb9dfb","BART_019.tickPlot.tck","D01","BART","BART_019","distributed","mixedForest",44.069350,-71.288001,"WGS84",20.2,231.8,0.2,"2015-05-20T20:30Z","BART.2015.20",,,"drag and flag",160,"N",0,0,,,"NEON.DOC.014045vF","kz9ZO0AFHTmlcYbD5iXE6kFKNHjxybGT","Zero capture; no sample collected."
"d0c62d76-6bad-46f7-a267-e650a2246610","BART_029.tickPlot.tck","D01","BART","BART_029","distributed","evergreenForest",44.058948,-71.289336,"WGS84",20.2,291.7,0.3,"2015-05-21T11:50Z","BART.2015.20",,,"drag and flag",148,"N",0,0,,,"NEON.DOC.014045vF","kz9ZO0AFHTmlcYbD5iXE6kFKNHjxybGT","Zero capture; no sample collected. No data transcription errors found"
