uid,namedLocation,domainID,siteID,plotID,plotType,nlcdClass,decimalLatitude,decimalLongitude,geodeticDatum,coordinateUncertainty,elevation,elevationUncertainty,collectDate,eventID,sampleID,sampleCode,samplingMethod,totalSampledArea,targetTaxaPresent,adultCount,nymphCount,larvaCount,sampleCondition,samplingProtocolVersion,measuredBy,remarks
"d3f6514e-2a5f-4cba-98a6-f41f3534efd2","OAES_005.tickPlot.tck","D11","OAES","OAES_005","distributed","grasslandHerbaceous",35.402926,-99.080346,"WGS84",20.1,509.4,0.1,"2016-05-24T13:35Z","OAES.2016.21",,,"drag",165,"N",0,0,0,"No known compromise","NEON.DOC.014045vG","vBHCgjC+ry59E9Cnk+CLKiNd6fdn4KYi","5meter diversion, opuntia N side"
"7f6decc6-e29a-40fc-9ef0-a4cc836d14b7","OAES_004.tickPlot.tck","D11","OAES","OAES_004","distributed","grasslandHerbaceous",35.411159,-99.084234,"WGS84",20.1,507.6,0.1,"2016-05-24T14:39Z","OAES.2016.21","OAES_004.20160524",,"drag",161,"Y",1,0,0,"No known compromise","NEON.DOC.014045vG","vBHCgjC+ry59E9Cnk+CLKiNd6fdn4KYi","0.5 meter diversion, opuntia W side"
"aec7004f-6a84-49a5-92d4-18830b1b2564","OAES_021.tickPlot.tck","D11","OAES","OAES_021","distributed","shrubScrub",35.413211,-99.074301,"WGS84",20.1,501.7,0.1,"2016-05-24T15:40Z","OAES.2016.21",,,"drag",130,"N",0,0,0,"No known compromise","NEON.DOC.014045vG","vBHCgjC+ry59E9Cnk+CLKiNd6fdn4KYi","W side of plot cut short due to thicket of sumac across whole side"
"03269775-e868-446f-a7fc-73cf55b78e9e","OAES_003.tickPlot.tck","D11","OAES","OAES_003","distributed","grasslandHerbaceous",35.412134,-99.068027,"WGS84",20.2,512.2,0.2,"2016-05-24T16:13Z","OAES.2016.21",,,"drag",170,"N",0,0,0,"No known compromise","NEON.DOC.014045vG","vBHCgjC+ry59E9Cnk+CLKiNd6fdn4KYi","10 meter opuntia diversion total all sides"
"f1ecf5b1-bbf0-4db7-9cf9-3b18bca79c86","OAES_007.tickPlot.tck","D11","OAES","OAES_007","distributed","shrubScrub",35.421328,-99.057210,"WGS84",20.1,521.6,0.1,"2016-05-24T17:28Z","OAES.2016.21",,,"drag and flag",165,"N",0,0,0,"No known compromise","NEON.DOC.014045vG","vBHCgjC+ry59E9Cnk+CLKiNd6fdn4KYi",
"ea0081d9-9d7f-43c9-89bd-33f1babf892b","OAES_008.tickPlot.tck","D11","OAES","OAES_008","distributed","grasslandHerbaceous",35.394019,-99.063159,"WGS84",20.1,492.6,0.1,"2016-05-24T18:17Z","OAES.2016.21",,,"drag and flag",160,"N",0,0,0,"No known compromise","NEON.DOC.014045vG","vBHCgjC+ry59E9Cnk+CLKiNd6fdn4KYi",
