uid,namedLocation,domainID,siteID,plotID,plotType,nlcdClass,decimalLatitude,decimalLongitude,geodeticDatum,coordinateUncertainty,elevation,elevationUncertainty,collectDate,eventID,sampleID,sampleCode,samplingMethod,totalSampledArea,targetTaxaPresent,adultCount,nymphCount,larvaCount,sampleCondition,samplingProtocolVersion,measuredBy,remarks
"e9103160-357c-4e28-835c-ff5470d8e939","DSNY_001.tickPlot.tck","D03","DSNY","DSNY_001","distributed","woodyWetlands",28.098062,-81.418561,"WGS84",20.1,20.3,0.1,"2017-05-03T13:15Z","DSNY.2017.19",,,"drag and flag",160,"N",0,0,0,"No known compromise","NEON.DOC.014045vH","XxZ6ZpQlemtp0P+i6ItZnPQ6J6tofgfTBpDt7LWrApA=",
"ac8b3103-bb7c-41e2-9367-e53ef4ccaab2","DSNY_004.tickPlot.tck","D03","DSNY","DSNY_004","distributed","woodyWetlands",28.101022,-81.399501,"WGS84",20.1,18.7,0.1,"2017-05-03T14:15Z","DSNY.2017.19",,,"drag and flag",158,"N",0,0,0,"No known compromise","NEON.DOC.014045vH","q+sogNxuTpaaq3nt4H3feKdAxSnPr68l",
"530f92cb-aa5e-46cd-a133-9911a00b81ff","DSNY_006.tickPlot.tck","D03","DSNY","DSNY_006","distributed","woodyWetlands",28.093704,-81.398045,"WGS84",20.1,20.1,0.1,"2017-05-03T15:15Z","DSNY.2017.19",,,"drag and flag",156,"N",0,0,0,"No known compromise","NEON.DOC.014045vH","q+sogNxuTpaaq3nt4H3feKdAxSnPr68l",
"8f0e1365-e972-4b41-98a3-fec1769a909e","DSNY_008.tickPlot.tck","D03","DSNY","DSNY_008","distributed","woodyWetlands",28.047337,-81.403204,"WGS84",20.1,18.8,0.1,"2017-05-03T17:55Z","DSNY.2017.19",,,"drag and flag",160,"N",0,0,0,"No known compromise","NEON.DOC.014045vH","q+sogNxuTpaaq3nt4H3feKdAxSnPr68l",
"a9594eeb-08fc-4dfd-b800-16a30b7deffe","DSNY_005.tickPlot.tck","D03","DSNY","DSNY_005","distributed","woodyWetlands",28.040497,-81.394482,"WGS84",20.1,16.6,0.1,"2017-05-03T18:30Z","DSNY.2017.19",,,"drag and flag",158,"N",0,0,0,"No known compromise","NEON.DOC.014045vH","XxZ6ZpQlemtp0P+i6ItZnPQ6J6tofgfTBpDt7LWrApA=",
"41771111-4206-43bd-96b7-6da21a9f990a","DSNY_021.tickPlot.tck","D03","DSNY","DSNY_021","distributed","pastureHay",28.053635,-81.392353,"WGS84",20.1,17.1,0.1,"2017-05-03T19:20Z","DSNY.2017.19",,,"drag and flag",160,"N",0,0,0,"No known compromise","NEON.DOC.014045vH","XxZ6ZpQlemtp0P+i6ItZnPQ6J6tofgfTBpDt7LWrApA=",
"1d975bb6-971f-4800-8f69-94dc24c7ea3f","DSNY_004.tickPlot.tck","D03","DSNY","DSNY_004","distributed","woodyWetlands",28.101022,-81.399501,"WGS84",20.1,18.7,0.1,"2017-05-23T13:48Z","DSNY.2017.22",,,"drag and flag",160,"N",0,0,0,"No known compromise","NEON.DOC.014045vH","WvXSfWD4ehCPp4x6qnD3+p3dnwrzoU8uG8F7IbYmNWU=",
"39ed13f2-09d1-4191-a458-871860867b62","DSNY_006.tickPlot.tck","D03","DSNY","DSNY_006","distributed","woodyWetlands",28.093704,-81.398045,"WGS84",20.1,20.1,0.1,"2017-05-23T14:26Z","DSNY.2017.22",,,"drag and flag",160,"N",0,0,0,"No known compromise","NEON.DOC.014045vH","PbNu4t/t/O1BAZriMiaA3VbsZD9KatgX",
"7fdd8bb2-e13b-4a88-81a2-be128f390cc3","DSNY_001.tickPlot.tck","D03","DSNY","DSNY_001","distributed","woodyWetlands",28.098062,-81.418561,"WGS84",20.1,20.3,0.1,"2017-05-23T15:09Z","DSNY.2017.22",,,"drag and flag",160,"N",0,0,0,"No known compromise","NEON.DOC.014045vH","WvXSfWD4ehCPp4x6qnD3+p3dnwrzoU8uG8F7IbYmNWU=",
"7ce2b578-b56c-4cb7-80d0-2b45658f1649","DSNY_005.tickPlot.tck","D03","DSNY","DSNY_005","distributed","woodyWetlands",28.040497,-81.394482,"WGS84",20.1,16.6,0.1,"2017-05-23T17:56Z","DSNY.2017.22","DSNY_005.20170523",,"drag and flag",160,"Y",1,0,0,"No known compromise","NEON.DOC.014045vH","PbNu4t/t/O1BAZriMiaA3VbsZD9KatgX",
"f9c81790-39f0-4f5c-9d97-0b0ec9c56ca0","DSNY_008.tickPlot.tck","D03","DSNY","DSNY_008","distributed","woodyWetlands",28.047337,-81.403204,"WGS84",20.1,18.8,0.1,"2017-05-23T18:48Z","DSNY.2017.22",,,"drag and flag",160,"N",0,0,0,"No known compromise","NEON.DOC.014045vH","WvXSfWD4ehCPp4x6qnD3+p3dnwrzoU8uG8F7IbYmNWU=",
"a3182e1b-fa3f-4309-901f-ce3d866bca2a","DSNY_021.tickPlot.tck","D03","DSNY","DSNY_021","distributed","pastureHay",28.053635,-81.392353,"WGS84",20.1,17.1,0.1,"2017-05-23T19:18Z","DSNY.2017.22",,,"drag",160,"N",0,0,0,"No known compromise","NEON.DOC.014045vH","PbNu4t/t/O1BAZriMiaA3VbsZD9KatgX",
