uid,namedLocation,date,eventID,domainID,siteID,plotID,subplotID,individualID,tagStatus,growthForm,plantStatus,stemDiameter,measurementHeight,height,baseCrownHeight,breakHeight,breakDiameter,maxCrownDiameter,ninetyCrownDiameter,canopyPosition,shape,basalStemDiameter,basalStemDiameterMsrmntHeight,maxBaseCrownDiameter,ninetyBaseCrownDiameter,remarks,recordedBy,measuredBy,dataQF
"7490d6fb-a435-43e9-9f45-f1f9ce8c5014","BLAN_041.basePlot.vst","2015-10-21","vst_BLAN_2015","D02","BLAN","BLAN_041",,"NEON.PLA.D02.BLAN.12640",,"liana","Live",1.2,130,,,,,,,,,,,,,,"HwrR06bjl3TqPXYD/ecX4LA/iftMi41T","1Rhr/Sk5OKrgJutMkYRopWWLezYoK1PDcWUGJgiF2Tw=","legacyData"
"f8972003-894f-4939-b9a7-eb924b1d1b35","BLAN_041.basePlot.vst","2015-10-21","vst_BLAN_2015","D02","BLAN","BLAN_041",,"NEON.PLA.D02.BLAN.08950",,"single shrub","Live",3.6,130,3.5,,,,2.4,2.0,,"inverted cone",7.6,10,15.00,9.00,"1bole","HwrR06bjl3TqPXYD/ecX4LA/iftMi41T","1Rhr/Sk5OKrgJutMkYRopWWLezYoK1PDcWUGJgiF2Tw=","legacyData"
"bd031acf-6f63-43e9-bfea-2464624b5adf","BLAN_041.basePlot.vst","2015-10-21","vst_BLAN_2015","D02","BLAN","BLAN_041",,"NEON.PLA.D02.BLAN.08474",,"liana","Live",1.2,130,,,,,,,,,,,,,,"P4lrVtPFrkPuBLuswPEC3A9oL4a4uI2Jk9QEmD6BXjg=","2CALKs4JNjmK3iYT4PUVEer6DObkBehF","legacyData"
"9c2ed7ce-e02b-422e-a33c-2aaf612c64e3","BLAN_041.basePlot.vst","2015-10-21","vst_BLAN_2015","D02","BLAN","BLAN_041",,"NEON.PLA.D02.BLAN.12665",,"sapling","Live",1.1,10,0.6,,,,,,,,,,,,,"P4lrVtPFrkPuBLuswPEC3A9oL4a4uI2Jk9QEmD6BXjg=","2CALKs4JNjmK3iYT4PUVEer6DObkBehF","legacyData"
"05894d84-803f-4d17-a800-df7bdb773296","BLAN_041.basePlot.vst","2015-10-21","vst_BLAN_2015","D02","BLAN","BLAN_041",,"NEON.PLA.D02.BLAN.08477",,"sapling","Live",1.5,10,1.4,,,,,,,,,,,,,"P4lrVtPFrkPuBLuswPEC3A9oL4a4uI2Jk9QEmD6BXjg=","2CALKs4JNjmK3iYT4PUVEer6DObkBehF","legacyData"
"617aa4bc-4b38-4d7d-99f8-cd9ce10d8611","BLAN_041.basePlot.vst","2015-10-21","vst_BLAN_2015","D02","BLAN","BLAN_041",,"NEON.PLA.D02.BLAN.12637",,"liana","Live",1.2,130,,,,,,,,,,,,,,"HwrR06bjl3TqPXYD/ecX4LA/iftMi41T","1Rhr/Sk5OKrgJutMkYRopWWLezYoK1PDcWUGJgiF2Tw=","legacyData"
"3f580c5d-f18a-4b7c-a3a2-76e5a7b07fe7","BLAN_041.basePlot.vst","2015-10-21","vst_BLAN_2015","D02","BLAN","BLAN_041",,"NEON.PLA.D02.BLAN.12684",,"liana","Live",1.9,130,,,,,,,,,,,,,,"P4lrVtPFrkPuBLuswPEC3A9oL4a4uI2Jk9QEmD6BXjg=","2CALKs4JNjmK3iYT4PUVEer6DObkBehF","legacyData"
"6eb23db3-cc90-4d20-b446-8e9bc4a8f145","BLAN_041.basePlot.vst","2015-10-21","vst_BLAN_2015","D02","BLAN","BLAN_041",,"NEON.PLA.D02.BLAN.12650",,"liana","Live",1.2,130,,,,,,,,,,,,,,"P4lrVtPFrkPuBLuswPEC3A9oL4a4uI2Jk9QEmD6BXjg=","2CALKs4JNjmK3iYT4PUVEer6DObkBehF","legacyData"
"5fb33c15-1410-47c6-8df1-b74aa9094dc4","BLAN_041.basePlot.vst","2015-10-21","vst_BLAN_2015","D02","BLAN","BLAN_041",,"NEON.PLA.D02.BLAN.12663",,"sapling","Live",1.0,10,0.6,,,,,,,,,,,,,"P4lrVtPFrkPuBLuswPEC3A9oL4a4uI2Jk9QEmD6BXjg=","2CALKs4JNjmK3iYT4PUVEer6DObkBehF","legacyData"
"580eeabc-8c76-4528-9b49-913314252f18","BLAN_041.basePlot.vst","2015-10-21","vst_BLAN_2015","D02","BLAN","BLAN_041",,"NEON.PLA.D02.BLAN.08947",,"small tree","Live,  other damage",1.6,130,1.5,,,,,,,,,,,,,"HwrR06bjl3TqPXYD/ecX4LA/iftMi41T","1Rhr/Sk5OKrgJutMkYRopWWLezYoK1PDcWUGJgiF2Tw=","legacyData"
"1a2ddd76-a700-4ae8-8ef4-8c315c019156","BLAN_041.basePlot.vst","2015-10-21","vst_BLAN_2015","D02","BLAN","BLAN_041",,"NEON.PLA.D02.BLAN.12671",,"sapling","Live",1.1,10,0.9,,,,,,,,,,,,,"P4lrVtPFrkPuBLuswPEC3A9oL4a4uI2Jk9QEmD6BXjg=","2CALKs4JNjmK3iYT4PUVEer6DObkBehF","legacyData"
"6d82e90a-27c6-48ab-af83-45d6a911870d","BLAN_041.basePlot.vst","2015-10-21","vst_BLAN_2015","D02","BLAN","BLAN_041",,"NEON.PLA.D02.BLAN.12683",,"liana","Live",1.1,130,,,,,,,,,,,,,,"P4lrVtPFrkPuBLuswPEC3A9oL4a4uI2Jk9QEmD6BXjg=","2CALKs4JNjmK3iYT4PUVEer6DObkBehF","legacyData"
"d5ffb228-345e-4d7d-a27e-17769fd650c8","BLAN_041.basePlot.vst","2015-10-21","vst_BLAN_2015","D02","BLAN","BLAN_041",,"NEON.PLA.D02.BLAN.12652",,"sapling","Live,  other damage",1.3,10,0.2,,,,,,,,,,,,,"P4lrVtPFrkPuBLuswPEC3A9oL4a4uI2Jk9QEmD6BXjg=","2CALKs4JNjmK3iYT4PUVEer6DObkBehF","legacyData"
"24c59faa-9408-4b0a-970b-515f619343c7","BLAN_041.basePlot.vst","2015-10-21","vst_BLAN_2015","D02","BLAN","BLAN_041",,"NEON.PLA.D02.BLAN.12643",,"liana","Live",1.1,130,,,,,,,,,,,,,"Rule E","HwrR06bjl3TqPXYD/ecX4LA/iftMi41T","1Rhr/Sk5OKrgJutMkYRopWWLezYoK1PDcWUGJgiF2Tw=","legacyData"
"f134504e-472a-46be-a96e-872a3a55d799","BLAN_041.basePlot.vst","2015-10-21","vst_BLAN_2015","D02","BLAN","BLAN_041",,"NEON.PLA.D02.BLAN.08471",,"liana","Live",1.5,130,,,,,,,,,,,,,,"P4lrVtPFrkPuBLuswPEC3A9oL4a4uI2Jk9QEmD6BXjg=","2CALKs4JNjmK3iYT4PUVEer6DObkBehF","legacyData"
"8efdd890-c5d6-411a-bf76-87152cc4b420","BLAN_041.basePlot.vst","2015-10-21","vst_BLAN_2015","D02","BLAN","BLAN_041",,"NEON.PLA.D02.BLAN.08473",,"liana","Live",1.1,130,,,,,,,,,,,,,,"P4lrVtPFrkPuBLuswPEC3A9oL4a4uI2Jk9QEmD6BXjg=","2CALKs4JNjmK3iYT4PUVEer6DObkBehF","legacyData"
"85eecb09-2448-404a-9049-f352a3aae3b1","BLAN_041.basePlot.vst","2015-10-21","vst_BLAN_2015","D02","BLAN","BLAN_041",,"NEON.PLA.D02.BLAN.08479",,"sapling","Live",1.3,10,1.3,,,,,,,,,,,,,"P4lrVtPFrkPuBLuswPEC3A9oL4a4uI2Jk9QEmD6BXjg=","2CALKs4JNjmK3iYT4PUVEer6DObkBehF","legacyData"
"3c511320-2394-4bcb-99cb-1e8326af7884","BLAN_041.basePlot.vst","2015-10-21","vst_BLAN_2015","D02","BLAN","BLAN_041",,"NEON.PLA.D02.BLAN.12658",,"liana","Live",1.2,130,,,,,,,,,,,,,"3b","P4lrVtPFrkPuBLuswPEC3A9oL4a4uI2Jk9QEmD6BXjg=","2CALKs4JNjmK3iYT4PUVEer6DObkBehF","legacyData"
"39eb6719-e7ed-4636-8b06-9c543260d520","BLAN_041.basePlot.vst","2015-10-21","vst_BLAN_2015","D02","BLAN","BLAN_041",,"NEON.PLA.D02.BLAN.08948",,"single shrub","Live",2.9,130,2.9,,,,2.7,2.1,,"inverted cone",4.0,10,7.00,6.00,"1bole","HwrR06bjl3TqPXYD/ecX4LA/iftMi41T","1Rhr/Sk5OKrgJutMkYRopWWLezYoK1PDcWUGJgiF2Tw=","legacyData"
"17e90688-1b63-4373-905b-68171898eacc","BLAN_041.basePlot.vst","2015-10-21","vst_BLAN_2015","D02","BLAN","BLAN_041",,"NEON.PLA.D02.BLAN.08480",,"sapling","Live",1.2,10,1.4,,,,,,,,,,,,,"P4lrVtPFrkPuBLuswPEC3A9oL4a4uI2Jk9QEmD6BXjg=","2CALKs4JNjmK3iYT4PUVEer6DObkBehF","legacyData"
"4e1db38d-ff4a-429b-9155-da55558afb64","BLAN_041.basePlot.vst","2015-10-21","vst_BLAN_2015","D02","BLAN","BLAN_041",,"NEON.PLA.D02.BLAN.12670",,"liana","Live",1.1,130,,,,,,,,,,,,,,"P4lrVtPFrkPuBLuswPEC3A9oL4a4uI2Jk9QEmD6BXjg=","2CALKs4JNjmK3iYT4PUVEer6DObkBehF","legacyData"
"9ce244c6-a9b8-4b5c-a311-8e0f1a467184","BLAN_041.basePlot.vst","2015-10-21","vst_BLAN_2015","D02","BLAN","BLAN_041",,"NEON.PLA.D02.BLAN.08943",,"sapling","Live,  other damage",1.5,10,0.9,,,,,,,,,,,,,"HwrR06bjl3TqPXYD/ecX4LA/iftMi41T","1Rhr/Sk5OKrgJutMkYRopWWLezYoK1PDcWUGJgiF2Tw=","legacyData"
"4c78b423-f466-4a50-b79a-5d22ec9eee4c","BLAN_041.basePlot.vst","2015-10-21","vst_BLAN_2015","D02","BLAN","BLAN_041",,"NEON.PLA.D02.BLAN.08954",,"sapling","Live",1.1,10,0.7,,,,,,,,,,,,,"P4lrVtPFrkPuBLuswPEC3A9oL4a4uI2Jk9QEmD6BXjg=","2CALKs4JNjmK3iYT4PUVEer6DObkBehF","legacyData"
"17e4a51c-d65d-4194-9439-d28a6d49daaa","BLAN_041.basePlot.vst","2015-10-21","vst_BLAN_2015","D02","BLAN","BLAN_041",,"NEON.PLA.D02.BLAN.12646",,"liana","Live",2.1,130,,,,,,,,,,,,,"Rule E","HwrR06bjl3TqPXYD/ecX4LA/iftMi41T","1Rhr/Sk5OKrgJutMkYRopWWLezYoK1PDcWUGJgiF2Tw=","legacyData"
"56a48c73-1bab-43d4-a759-8eb9d85215e3","BLAN_041.basePlot.vst","2015-10-21","vst_BLAN_2015","D02","BLAN","BLAN_041",,"NEON.PLA.D02.BLAN.08478",,"small shrub","Live",1.5,10,1.3,,,,1.0,0.9,,"inverted cone",,,8.00,2.00,"2bole","P4lrVtPFrkPuBLuswPEC3A9oL4a4uI2Jk9QEmD6BXjg=","2CALKs4JNjmK3iYT4PUVEer6DObkBehF","legacyData"
"1ca2a22a-42f4-4321-9260-c5067eab9339","BLAN_041.basePlot.vst","2015-10-21","vst_BLAN_2015","D02","BLAN","BLAN_041",,"NEON.PLA.D02.BLAN.12642",,"liana","Live",1.1,130,,,,,,,,,,,,,,"HwrR06bjl3TqPXYD/ecX4LA/iftMi41T","1Rhr/Sk5OKrgJutMkYRopWWLezYoK1PDcWUGJgiF2Tw=","legacyData"
"2dec4f6e-e8d0-47f7-8370-c6d9c7fcfaea","BLAN_041.basePlot.vst","2015-10-21","vst_BLAN_2015","D02","BLAN","BLAN_041",,"NEON.PLA.D02.BLAN.12638",,"liana","Live",1.1,130,,,,,,,,,,,,,,"HwrR06bjl3TqPXYD/ecX4LA/iftMi41T","1Rhr/Sk5OKrgJutMkYRopWWLezYoK1PDcWUGJgiF2Tw=","legacyData"
"f008a60d-78a4-4df0-ad9e-6ecb13485226","BLAN_041.basePlot.vst","2015-10-21","vst_BLAN_2015","D02","BLAN","BLAN_041",,"NEON.PLA.D02.BLAN.12641",,"liana","Live",2.2,130,,,,,,,,,,,,,"new; ascending 8952","HwrR06bjl3TqPXYD/ecX4LA/iftMi41T","1Rhr/Sk5OKrgJutMkYRopWWLezYoK1PDcWUGJgiF2Tw=","legacyData"
"4fa3c7cf-e087-41f8-bf18-e554f7a4547a","BLAN_041.basePlot.vst","2015-10-21","vst_BLAN_2015","D02","BLAN","BLAN_041",,"NEON.PLA.D02.BLAN.12645",,"liana","Live",1.2,130,,,,,,,,,,,,,,"HwrR06bjl3TqPXYD/ecX4LA/iftMi41T","1Rhr/Sk5OKrgJutMkYRopWWLezYoK1PDcWUGJgiF2Tw=","legacyData"
"ccb3e7b1-eac9-44ec-90a9-95ad63b76afa","BLAN_041.basePlot.vst","2015-10-21","vst_BLAN_2015","D02","BLAN","BLAN_041",,"NEON.PLA.D02.BLAN.12647",,"sapling","Live",1.9,10,1.2,,,,,,,,,,,,,"HwrR06bjl3TqPXYD/ecX4LA/iftMi41T","1Rhr/Sk5OKrgJutMkYRopWWLezYoK1PDcWUGJgiF2Tw=","legacyData"
"c6adab7f-2d08-4fbd-a34c-ccbf2ed1a048","BLAN_041.basePlot.vst","2015-10-21","vst_BLAN_2015","D02","BLAN","BLAN_041",,"NEON.PLA.D02.BLAN.08486",,"liana","Live",2.9,40,,,,,,,,,,,,,,"P4lrVtPFrkPuBLuswPEC3A9oL4a4uI2Jk9QEmD6BXjg=","2CALKs4JNjmK3iYT4PUVEer6DObkBehF","legacyData"
"40cd8b81-b39d-41f8-894e-ba56719f3aee","BLAN_041.basePlot.vst","2015-10-21","vst_BLAN_2015","D02","BLAN","BLAN_041",,"NEON.PLA.D02.BLAN.08482",,"liana","Live",1.3,130,,,,,,,,,,,,,,"P4lrVtPFrkPuBLuswPEC3A9oL4a4uI2Jk9QEmD6BXjg=","2CALKs4JNjmK3iYT4PUVEer6DObkBehF","legacyData"
"d601b868-ab33-442d-9d98-90ebcdbe432b","BLAN_041.basePlot.vst","2015-10-21","vst_BLAN_2015","D02","BLAN","BLAN_041",,"NEON.PLA.D02.BLAN.12639",,"liana","Live",1.4,130,,,,,,,,,,,,,,"HwrR06bjl3TqPXYD/ecX4LA/iftMi41T","1Rhr/Sk5OKrgJutMkYRopWWLezYoK1PDcWUGJgiF2Tw=","legacyData"
"fe208b95-4e2e-4705-a1f7-b2de38ffa76e","BLAN_041.basePlot.vst","2015-10-21","vst_BLAN_2015","D02","BLAN","BLAN_041",,"NEON.PLA.D02.BLAN.08475",,"liana","Live",1.2,130,,,,,,,,,,,,,,"P4lrVtPFrkPuBLuswPEC3A9oL4a4uI2Jk9QEmD6BXjg=","2CALKs4JNjmK3iYT4PUVEer6DObkBehF","legacyData"
"46ca2673-bb88-447b-a54c-04c43048750b","BLAN_041.basePlot.vst","2015-10-21","vst_BLAN_2015","D02","BLAN","BLAN_041",,"NEON.PLA.D02.BLAN.08472",,"liana","Live",1.6,130,,,,,,,,,,,,,,"P4lrVtPFrkPuBLuswPEC3A9oL4a4uI2Jk9QEmD6BXjg=","2CALKs4JNjmK3iYT4PUVEer6DObkBehF","legacyData"
"e8e9bbcb-c364-4d69-a640-3a5a0987d08f","BLAN_041.basePlot.vst","2015-10-21","vst_BLAN_2015","D02","BLAN","BLAN_041",,"NEON.PLA.D02.BLAN.12679",,"liana","Live",1.1,130,,,,,,,,,,,,,,"P4lrVtPFrkPuBLuswPEC3A9oL4a4uI2Jk9QEmD6BXjg=","2CALKs4JNjmK3iYT4PUVEer6DObkBehF","legacyData"
"b27749aa-bbaf-4ebf-bb27-cb8303723067","BLAN_041.basePlot.vst","2015-10-21","vst_BLAN_2015","D02","BLAN","BLAN_041",,"NEON.PLA.D02.BLAN.08953",,"small shrub","Live,  other damage",2.1,10,1.1,,,,1.2,0.5,,"inverted cone",,,8.00,4.00,"2bole; error msrmntHt entered as 130 changed to 10","P4lrVtPFrkPuBLuswPEC3A9oL4a4uI2Jk9QEmD6BXjg=","2CALKs4JNjmK3iYT4PUVEer6DObkBehF","legacyData"
"a765c6c9-2881-4e50-a3f9-4fbf2443ffd5","BLAN_041.basePlot.vst","2015-10-21","vst_BLAN_2015","D02","BLAN","BLAN_041",,"NEON.PLA.D02.BLAN.08484",,"liana","Live",1.6,130,,,,,,,,,,,,,,"P4lrVtPFrkPuBLuswPEC3A9oL4a4uI2Jk9QEmD6BXjg=","2CALKs4JNjmK3iYT4PUVEer6DObkBehF","legacyData"
"abc17240-7318-46fa-8671-a83d5e3ed1db","BLAN_041.basePlot.vst","2015-10-21","vst_BLAN_2015","D02","BLAN","BLAN_041",,"NEON.PLA.D02.BLAN.08941",,"liana","Live",1.1,130,,,,,,,,,,,,,,"HwrR06bjl3TqPXYD/ecX4LA/iftMi41T","1Rhr/Sk5OKrgJutMkYRopWWLezYoK1PDcWUGJgiF2Tw=","legacyData"
"9a2b4eca-9978-432e-a2ce-c913663a1eea","BLAN_041.basePlot.vst","2015-10-21","vst_BLAN_2015","D02","BLAN","BLAN_041",,"NEON.PLA.D02.BLAN.12664",,"sapling","Live",1.4,10,0.2,,,,,,,,,,,,"error VD1 entered as 2 changed to 0.2","P4lrVtPFrkPuBLuswPEC3A9oL4a4uI2Jk9QEmD6BXjg=","2CALKs4JNjmK3iYT4PUVEer6DObkBehF","legacyData"
"3b787a10-3612-46f5-8a5e-c3631b5cc83a","BLAN_041.basePlot.vst","2015-10-21","vst_BLAN_2015","D02","BLAN","BLAN_041",,"NEON.PLA.D02.BLAN.12656",,"sapling","Live,  other damage",1.1,10,0.2,,,,,,,,,,,,,"P4lrVtPFrkPuBLuswPEC3A9oL4a4uI2Jk9QEmD6BXjg=","2CALKs4JNjmK3iYT4PUVEer6DObkBehF","legacyData"
"38e77883-0ed1-4f93-8eb7-4f77ec170caf","BLAN_041.basePlot.vst","2015-10-21","vst_BLAN_2015","D02","BLAN","BLAN_041",,"NEON.PLA.D02.BLAN.12666",,"sapling","Live",1.5,10,0.3,,,,,,,,,,,,,"P4lrVtPFrkPuBLuswPEC3A9oL4a4uI2Jk9QEmD6BXjg=","2CALKs4JNjmK3iYT4PUVEer6DObkBehF","legacyData"
"9662836d-f2fd-4573-beda-93a5af3cb43f","BLAN_041.basePlot.vst","2015-10-21","vst_BLAN_2015","D02","BLAN","BLAN_041",,"NEON.PLA.D02.BLAN.12674",,"liana","Live",1.2,130,,,,,,,,,,,,,,"P4lrVtPFrkPuBLuswPEC3A9oL4a4uI2Jk9QEmD6BXjg=","2CALKs4JNjmK3iYT4PUVEer6DObkBehF","legacyData"
"314c17d7-22de-4158-87cc-d73036f53413","BLAN_041.basePlot.vst","2015-10-21","vst_BLAN_2015","D02","BLAN","BLAN_041",,"NEON.PLA.D02.BLAN.12634",,"liana","Live",1.0,130,,,,,,,,,,,,,,"HwrR06bjl3TqPXYD/ecX4LA/iftMi41T","1Rhr/Sk5OKrgJutMkYRopWWLezYoK1PDcWUGJgiF2Tw=","legacyData"
"2e3f7997-81ad-448d-a1f9-c70e8b9e1ebe","BLAN_041.basePlot.vst","2015-10-21","vst_BLAN_2015","D02","BLAN","BLAN_041",,"NEON.PLA.D02.BLAN.12653",,"liana","Live",2.7,13,,,,,,,,,,,,,"2b; new","P4lrVtPFrkPuBLuswPEC3A9oL4a4uI2Jk9QEmD6BXjg=","2CALKs4JNjmK3iYT4PUVEer6DObkBehF","legacyData"
"6c3ac453-9cce-4d00-bb96-79bc818d0f7d","BLAN_041.basePlot.vst","2015-10-21","vst_BLAN_2015","D02","BLAN","BLAN_041",,"NEON.PLA.D02.BLAN.08476",,"sapling","Live",2.0,10,1.4,,,,,,,,,,,,,"P4lrVtPFrkPuBLuswPEC3A9oL4a4uI2Jk9QEmD6BXjg=","2CALKs4JNjmK3iYT4PUVEer6DObkBehF","legacyData"
"714197f0-15e9-45f4-a74e-a1fd8a90f405","BLAN_041.basePlot.vst","2015-10-21","vst_BLAN_2015","D02","BLAN","BLAN_041",,"NEON.PLA.D02.BLAN.08946",,"sapling","Live,  other damage",1.5,10,1.2,,,,,,,,,,,,,"HwrR06bjl3TqPXYD/ecX4LA/iftMi41T","1Rhr/Sk5OKrgJutMkYRopWWLezYoK1PDcWUGJgiF2Tw=","legacyData"
"d265dfef-ed74-47e1-8d61-218c581f49e8","BLAN_041.basePlot.vst","2015-10-21","vst_BLAN_2015","D02","BLAN","BLAN_041",,"NEON.PLA.D02.BLAN.12635",,"liana","Live",1.5,130,,,,,,,,,,,,,"E","HwrR06bjl3TqPXYD/ecX4LA/iftMi41T","1Rhr/Sk5OKrgJutMkYRopWWLezYoK1PDcWUGJgiF2Tw=","legacyData"
"c5531fbe-ec6e-416a-88c3-7df066559ac9","BLAN_041.basePlot.vst","2015-10-21","vst_BLAN_2015","D02","BLAN","BLAN_041",,"NEON.PLA.D02.BLAN.08485",,"liana","Live",1.4,130,,,,,,,,,,,,,,"P4lrVtPFrkPuBLuswPEC3A9oL4a4uI2Jk9QEmD6BXjg=","2CALKs4JNjmK3iYT4PUVEer6DObkBehF","legacyData"
"945544a6-d059-4fa7-b929-10cdf1616288","BLAN_041.basePlot.vst","2015-10-21","vst_BLAN_2015","D02","BLAN","BLAN_041",,"NEON.PLA.D02.BLAN.12678",,"liana","Live",1.0,130,,,,,,,,,,,,,,"P4lrVtPFrkPuBLuswPEC3A9oL4a4uI2Jk9QEmD6BXjg=","2CALKs4JNjmK3iYT4PUVEer6DObkBehF","legacyData"
"031298e6-a1ac-4f70-94c4-c6139ee5f284","BLAN_041.basePlot.vst","2015-10-21","vst_BLAN_2015","D02","BLAN","BLAN_041",,"NEON.PLA.D02.BLAN.12659",,"liana","Live",4.5,5,,,,,,,,,,,,,,"P4lrVtPFrkPuBLuswPEC3A9oL4a4uI2Jk9QEmD6BXjg=","2CALKs4JNjmK3iYT4PUVEer6DObkBehF","legacyData"
"64667d4f-b3fd-405a-ba30-a47658b93f72","BLAN_041.basePlot.vst","2015-10-21","vst_BLAN_2015","D02","BLAN","BLAN_041",,"NEON.PLA.D02.BLAN.12636",,"liana","Live",1.3,130,,,,,,,,,,,,,,"HwrR06bjl3TqPXYD/ecX4LA/iftMi41T","1Rhr/Sk5OKrgJutMkYRopWWLezYoK1PDcWUGJgiF2Tw=","legacyData"
"2b9f7ef8-8fde-4e73-99d9-31138cae3399","BLAN_041.basePlot.vst","2015-10-21","vst_BLAN_2015","D02","BLAN","BLAN_041",,"NEON.PLA.D02.BLAN.08470",,"single shrub","Live",3.3,130,3.3,,,,3.0,2.4,,"inverted cone",7.9,10,8.00,7.00,"1bole","P4lrVtPFrkPuBLuswPEC3A9oL4a4uI2Jk9QEmD6BXjg=","2CALKs4JNjmK3iYT4PUVEer6DObkBehF","legacyData"
"2b0cb3ec-d7c5-4212-a780-a080f5320a11","BLAN_041.basePlot.vst","2015-10-21","vst_BLAN_2015","D02","BLAN","BLAN_041",,"NEON.PLA.D02.BLAN.08952",,"small tree","Live",2.6,130,3.4,,,,,,,,,,,,,"HwrR06bjl3TqPXYD/ecX4LA/iftMi41T","1Rhr/Sk5OKrgJutMkYRopWWLezYoK1PDcWUGJgiF2Tw=","legacyData"
"f3a842e5-dc1c-4885-89fd-47da39dc0e64","BLAN_041.basePlot.vst","2015-10-21","vst_BLAN_2015","D02","BLAN","BLAN_041",,"NEON.PLA.D02.BLAN.08481",,"liana","Live",1.2,130,,,,,,,,,,,,,,"P4lrVtPFrkPuBLuswPEC3A9oL4a4uI2Jk9QEmD6BXjg=","2CALKs4JNjmK3iYT4PUVEer6DObkBehF","legacyData"
"de154731-38e0-4630-a93e-a1674f38867e","BLAN_041.basePlot.vst","2015-10-21","vst_BLAN_2015","D02","BLAN","BLAN_041",,"NEON.PLA.D02.BLAN.08949",,"single shrub","Live",2.4,130,3.4,,,,2.1,1.1,,"inverted cone",4.2,10,7.00,6.00,"2bole","HwrR06bjl3TqPXYD/ecX4LA/iftMi41T","1Rhr/Sk5OKrgJutMkYRopWWLezYoK1PDcWUGJgiF2Tw=","legacyData"
"0a09a77f-d1c3-461d-9078-63f36fc6b20e","BLAN_041.basePlot.vst","2015-10-21","vst_BLAN_2015","D02","BLAN","BLAN_041",,"NEON.PLA.D02.BLAN.08945",,"sapling","Live,  other damage",1.3,10,1.2,,,,,,,,,,,,,"HwrR06bjl3TqPXYD/ecX4LA/iftMi41T","1Rhr/Sk5OKrgJutMkYRopWWLezYoK1PDcWUGJgiF2Tw=","legacyData"
"d189f48f-1b3d-4c3c-893c-d0ff5afe8c82","BLAN_041.basePlot.vst","2015-10-21","vst_BLAN_2015","D02","BLAN","BLAN_041",,"NEON.PLA.D02.BLAN.08951",,"single shrub","Live",3.4,130,3.9,,,,2.0,1.9,,"inverted cone",5.9,10,12.00,7.00,"1bole","HwrR06bjl3TqPXYD/ecX4LA/iftMi41T","1Rhr/Sk5OKrgJutMkYRopWWLezYoK1PDcWUGJgiF2Tw=","legacyData"
"71306a67-9170-472c-9548-f9c2defa453b","BLAN_041.basePlot.vst","2015-10-21","vst_BLAN_2015","D02","BLAN","BLAN_041",,"NEON.PLA.D02.BLAN.12644",,"liana","Live",1.1,130,,,,,,,,,,,,,,"HwrR06bjl3TqPXYD/ecX4LA/iftMi41T","1Rhr/Sk5OKrgJutMkYRopWWLezYoK1PDcWUGJgiF2Tw=","legacyData"
"a9dbdd4f-8830-4e9b-8dd0-61dd1fa7e98d","BLAN_041.basePlot.vst","2015-10-21","vst_BLAN_2015","D02","BLAN","BLAN_041",,"NEON.PLA.D02.BLAN.08487",,"sapling","Live,  other damage",1.7,10,1.3,,,,,,,,,,,,,"HwrR06bjl3TqPXYD/ecX4LA/iftMi41T","1Rhr/Sk5OKrgJutMkYRopWWLezYoK1PDcWUGJgiF2Tw=","legacyData"
"3cf36020-adf5-4c80-ab67-6fa7b36f6085","BLAN_041.basePlot.vst","2015-10-21","vst_BLAN_2015","D02","BLAN","BLAN_041",,"NEON.PLA.D02.BLAN.12673",,"liana","Live",1.1,130,,,,,,,,,,,,,,"P4lrVtPFrkPuBLuswPEC3A9oL4a4uI2Jk9QEmD6BXjg=","2CALKs4JNjmK3iYT4PUVEer6DObkBehF","legacyData"
"47b017b3-53c5-409c-b8bd-810f6bb29bd6","BLAN_041.basePlot.vst","2015-10-21","vst_BLAN_2015","D02","BLAN","BLAN_041",,"NEON.PLA.D02.BLAN.12648",,"sapling","Live,  other damage",1.1,10,1.2,,,,,,,,,,,,,"HwrR06bjl3TqPXYD/ecX4LA/iftMi41T","1Rhr/Sk5OKrgJutMkYRopWWLezYoK1PDcWUGJgiF2Tw=","legacyData"
"e102926b-6ae0-488e-b34c-ee681c6b2503","BLAN_041.basePlot.vst","2015-10-21","vst_BLAN_2015","D02","BLAN","BLAN_041",,"NEON.PLA.D02.BLAN.12685",,"liana","Live",2.0,9,,,,,,,,,,,,,,"P4lrVtPFrkPuBLuswPEC3A9oL4a4uI2Jk9QEmD6BXjg=","2CALKs4JNjmK3iYT4PUVEer6DObkBehF","legacyData"
"e4a36070-9c9a-422d-8124-291018f465af","BLAN_041.basePlot.vst","2015-10-21","vst_BLAN_2015","D02","BLAN","BLAN_041",,"NEON.PLA.D02.BLAN.12682",,"liana","Live",1.0,130,,,,,,,,,,,,,,"P4lrVtPFrkPuBLuswPEC3A9oL4a4uI2Jk9QEmD6BXjg=","2CALKs4JNjmK3iYT4PUVEer6DObkBehF","legacyData"
"e18ccfed-5f2c-4e49-b661-ff0742bac87b","BLAN_041.basePlot.vst","2015-10-21","vst_BLAN_2015","D02","BLAN","BLAN_041",,"NEON.PLA.D02.BLAN.12675",,"liana","Live",1.1,130,,,,,,,,,,,,,,"P4lrVtPFrkPuBLuswPEC3A9oL4a4uI2Jk9QEmD6BXjg=","2CALKs4JNjmK3iYT4PUVEer6DObkBehF","legacyData"
"86386d17-9ca8-41fb-830b-e091d3aa6d59","BLAN_041.basePlot.vst","2015-10-21","vst_BLAN_2015","D02","BLAN","BLAN_041",,"NEON.PLA.D02.BLAN.08942",,"small shrub","Live,  other damage",1.6,10,0.9,,,,0.7,0.6,,"inverted cone",,,7.00,4.00,"2bole","HwrR06bjl3TqPXYD/ecX4LA/iftMi41T","1Rhr/Sk5OKrgJutMkYRopWWLezYoK1PDcWUGJgiF2Tw=","legacyData"
"e96c4813-cb3b-49b1-8a16-3676d7c5df4d","BLAN_041.basePlot.vst","2015-10-21","vst_BLAN_2015","D02","BLAN","BLAN_041",,"NEON.PLA.D02.BLAN.12649",,"sapling","Live,  other damage",1.1,10,0.2,,,,,,,,,,,,,"P4lrVtPFrkPuBLuswPEC3A9oL4a4uI2Jk9QEmD6BXjg=","2CALKs4JNjmK3iYT4PUVEer6DObkBehF","legacyData"
"b3157064-656b-45c2-89e3-caff3ff28dca","BLAN_041.basePlot.vst","2015-10-21","vst_BLAN_2015","D02","BLAN","BLAN_041",,"NEON.PLA.D02.BLAN.12657",,"liana","Live",1.7,85,,,,,,,,,,,,,"C","P4lrVtPFrkPuBLuswPEC3A9oL4a4uI2Jk9QEmD6BXjg=","2CALKs4JNjmK3iYT4PUVEer6DObkBehF","legacyData"
"90ea77e1-70fd-43a1-a6ef-9df2bf034083","BLAN_041.basePlot.vst","2015-10-21","vst_BLAN_2015","D02","BLAN","BLAN_041",,"NEON.PLA.D02.BLAN.12651",,"sapling","Live",1.1,10,0.2,,,,,,,,,,,,,"P4lrVtPFrkPuBLuswPEC3A9oL4a4uI2Jk9QEmD6BXjg=","2CALKs4JNjmK3iYT4PUVEer6DObkBehF","legacyData"
"572c8725-aa1e-4ce4-8140-86c66cb82092","BLAN_041.basePlot.vst","2015-10-21","vst_BLAN_2015","D02","BLAN","BLAN_041",,"NEON.PLA.D02.BLAN.08944",,"single shrub","Live",1.3,130,1.8,,,,1.8,1.7,,"inverted cone",3.1,10,8.00,5.00,"1bole","HwrR06bjl3TqPXYD/ecX4LA/iftMi41T","1Rhr/Sk5OKrgJutMkYRopWWLezYoK1PDcWUGJgiF2Tw=","legacyData"
"432ef098-3889-43a9-9d9d-d8a4559ab425","BLAN_041.basePlot.vst","2015-10-21","vst_BLAN_2015","D02","BLAN","BLAN_041",,"NEON.PLA.D02.BLAN.12680",,"liana","Live",1.1,130,,,,,,,,,,,,,,"P4lrVtPFrkPuBLuswPEC3A9oL4a4uI2Jk9QEmD6BXjg=","2CALKs4JNjmK3iYT4PUVEer6DObkBehF","legacyData"
