uid,namedLocation,plotID,collectDate,identifiedDate,sampleID,subsampleID,scientificName,acceptedTaxonID,taxonRank,family,subfamily,tribe,subtribe,genus,subgenus,specificEpithet,infraspecificEpithet,identificationQualifier,identificationReferences,identificationProtocolVersion,scientificNameAuthorship,sexOrAge,individualCount,sampleCondition,archiveMedium,archiveFacilityID,deprecatedVialID,identifiedBy,laboratoryName,remarks
"4c06e716-93bd-4166-a5fb-7ece7583b5b0","SERC_006.tickPlot.tck","SERC_006","2015-09-01T14:25Z","2016-10-20T16:00Z","SERC_006.20150901","SERC_006.20150901.AMBAME.N","Amblyomma americanum","AMBAME","species","Ixodidae",,,,"Amblyomma",,"americanum",,,"Cooley, R. A. and G. M. Kohls. 1944. The genus Amblyomma (ixodidae) in the United States. The Journal of Parasitology, 30(2):77-111.","GSU_tickIdentification_SOP_2016-11-01.pdf","Linnaeus","Nymph",1,"OK","90% ethanol","USNMENT00865113","SERC_006.20150901.7.01.nymph","L. Beati","Georgia Southern University",
"83bd413b-e095-4cc6-ab21-14543df5bf79","SERC_006.tickPlot.tck","SERC_006","2015-09-01T14:25Z","2016-10-20T16:00Z","SERC_006.20150901","SERC_006.20150901.IXOSP.L","Ixodidae sp.","IXOSP","family","Ixodidae",,,,,,"sp.",,,,"GSU_tickIdentification_SOP_2016-11-01.pdf",,"Larva",1,"OK","90% ethanol","USNMENT00865112","SERC_006.20150901.7.01.larvae","L. Beati","Georgia Southern University",
"bf24b501-da38-41e0-87d6-6873ef64b82b","SERC_005.tickPlot.tck","SERC_005","2015-09-01T15:51Z","2016-10-20T16:00Z","SERC_005.20150901","SERC_005.20150901.IXOSP.L","Ixodidae sp.","IXOSP","family","Ixodidae",,,,,,"sp.",,,,"GSU_tickIdentification_SOP_2016-11-01.pdf",,"Larva",1,"OK","90% ethanol","USNMENT00865296","SERC_005.20150901.7.01.larvae","L. Beati","Georgia Southern University",
"8e1ff860-b3fb-4450-b380-54b2f82a3c64","SERC_002.tickPlot.tck","SERC_002","2015-09-01T17:40Z","2016-10-20T16:00Z","SERC_002.20150901","SERC_002.20150901.AMBAME.N","Amblyomma americanum","AMBAME","species","Ixodidae",,,,"Amblyomma",,"americanum",,,"Cooley, R. A. and G. M. Kohls. 1944. The genus Amblyomma (ixodidae) in the United States. The Journal of Parasitology, 30(2):77-111.","GSU_tickIdentification_SOP_2016-11-01.pdf","Linnaeus","Nymph",3,"OK","90% ethanol","USNMENT00865425","SERC_002.20150901.7.01.nymph","L. Beati","Georgia Southern University",
"6be6c68d-8215-413d-ba09-58b7dd431279","SERC_002.tickPlot.tck","SERC_002","2015-09-01T17:40Z","2016-10-20T16:00Z","SERC_002.20150901","SERC_002.20150901.IXOSCA.N","Ixodes scapularis","IXOSCA","species","Ixodidae",,,,"Ixodes",,"scapularis",,,"Keirans, J. E., and C. M. Clifford. 1978. The genus Ixodes in the United States: a scanning electron microscope study and key to the adults. Journal of Medical Entomology, 15(Supplement 2):1-38.","GSU_tickIdentification_SOP_2016-11-01.pdf","Say","Nymph",1,"OK","90% ethanol","USNMENT00865426","SERC_002.20150901.7.01.nymph","L. Beati","Georgia Southern University",
"4b030089-50b7-4e39-9cae-d3e4739c9b4d","SERC_002.tickPlot.tck","SERC_002","2015-09-01T17:40Z","2016-10-20T16:00Z","SERC_002.20150901","SERC_002.20150901.IXOSP.L","Ixodidae sp.","IXOSP","family","Ixodidae",,,,,,"sp.",,,,"GSU_tickIdentification_SOP_2016-11-01.pdf",,"Larva",1,"OK","90% ethanol","USNMENT00865164","SERC_002.20150901.7.01.larvae","L. Beati","Georgia Southern University",
"73cbebdd-4f6a-47f8-960c-38baae406f33","SERC_012.tickPlot.tck","SERC_012","2015-09-02T14:10Z","2016-10-20T16:00Z","SERC_012.20150902","SERC_012.20150902.IXOSP.L","Ixodidae sp.","IXOSP","family","Ixodidae",,,,,,"sp.",,,,"GSU_tickIdentification_SOP_2016-11-01.pdf",,"Larva",1,"OK","90% ethanol","USNMENT00865114","SERC_012.20150902.7.01.larvae","L. Beati","Georgia Southern University",
"fcb04bc9-6295-4ee8-9bf1-f69a176ec811","SERC_012.tickPlot.tck","SERC_012","2015-09-02T14:10Z","2016-10-20T16:00Z","SERC_012.20150902","SERC_012.20150902.IXOSCA.N","Ixodes scapularis","IXOSCA","species","Ixodidae",,,,"Ixodes",,"scapularis",,,"Keirans, J. E., and C. M. Clifford. 1978. The genus Ixodes in the United States: a scanning electron microscope study and key to the adults. Journal of Medical Entomology, 15(Supplement 2):1-38.","GSU_tickIdentification_SOP_2016-11-01.pdf","Say","Nymph",1,"OK","90% ethanol","USNMENT00865161","SERC_012.20150902.7.01.nymph","L. Beati","Georgia Southern University",
"c7571e0a-af5d-4a89-8a6c-c46d4d8ac518","SERC_012.tickPlot.tck","SERC_012","2015-09-02T14:10Z","2016-10-20T16:00Z","SERC_012.20150902","SERC_012.20150902.AMBAME.N","Amblyomma americanum","AMBAME","species","Ixodidae",,,,"Amblyomma",,"americanum",,,"Cooley, R. A. and G. M. Kohls. 1944. The genus Amblyomma (ixodidae) in the United States. The Journal of Parasitology, 30(2):77-111.","GSU_tickIdentification_SOP_2016-11-01.pdf","Linnaeus","Nymph",1,"OK","90% ethanol","USNMENT00865160","SERC_012.20150902.7.01.nymph","L. Beati","Georgia Southern University",
