uid,namedLocation,domainID,siteID,plotID,plotType,nlcdClass,decimalLatitude,decimalLongitude,geodeticDatum,coordinateUncertainty,elevation,elevationUncertainty,collectDate,eventID,sampleID,sampleCode,samplingMethod,totalSampledArea,targetTaxaPresent,adultCount,nymphCount,larvaCount,sampleCondition,samplingProtocolVersion,measuredBy,remarks
"be9c45bf-1354-41a1-9400-8e7e0d353375","SERC_006.tickPlot.tck","D02","SERC","SERC_006","distributed","deciduousForest",38.880025,-76.548376,"WGS84",20.2,2.6,0.3,"2015-09-01T14:25Z","SERC.2015.35","SERC_006.20150901",,"drag",175,"Y",0,1,24,"No known compromise","NEON.DOC.014045vF","vEBCcEQSSh8eOBBCRWJ0ZW//xrXWbPVV",
"61ca0e2b-3750-4e4b-88cf-66d18644b5a0","SERC_005.tickPlot.tck","D02","SERC","SERC_005","distributed","deciduousForest",38.894060,-76.546307,"WGS84",20.3,8.5,0.5,"2015-09-01T15:51Z","SERC.2015.35","SERC_005.20150901",,"drag",165,"Y",0,0,21,"No known compromise","NEON.DOC.014045vF","vEBCcEQSSh8eOBBCRWJ0ZW//xrXWbPVV",
"d1e2461d-fdfb-4859-9290-4827ca1aab4e","SERC_002.tickPlot.tck","D02","SERC","SERC_002","distributed","deciduousForest",38.896262,-76.558166,"WGS84",20.2,17.0,0.3,"2015-09-01T17:40Z","SERC.2015.35","SERC_002.20150901",,"drag",120,"Y",0,4,367,"No known compromise","NEON.DOC.014045vF","vEBCcEQSSh8eOBBCRWJ0ZW//xrXWbPVV",
"9dd4f7ae-691d-4b6e-a34d-b367913af61b","SERC_012.tickPlot.tck","D02","SERC","SERC_012","distributed","deciduousForest",38.880010,-76.561648,"WGS84",20.2,20.1,0.2,"2015-09-02T14:10Z","SERC.2015.35","SERC_012.20150902",,"drag and flag",180,"Y",0,3,44,"No known compromise","NEON.DOC.014045vF","vEBCcEQSSh8eOBBCRWJ0ZW//xrXWbPVV",
"d26e4920-1ce8-4521-846a-6f4ef0c898c1","SERC_002.tickPlot.tck","D02","SERC","SERC_002","distributed","deciduousForest",38.896262,-76.558166,"WGS84",20.2,17.0,0.3,"2015-09-21T17:10Z","SERC.2015.38","SERC_002.20150921",,"drag and flag",170,"Y",0,1,234,"No known compromise","NEON.DOC.014045vF","wYCqaZcA+7u27D51Jl1kBrbZnYGv2DDh",
"7c17d780-f36c-41b9-bc37-cc3722eb9012","SERC_012.tickPlot.tck","D02","SERC","SERC_012","distributed","deciduousForest",38.880010,-76.561648,"WGS84",20.2,20.1,0.2,"2015-09-21T18:11Z","SERC.2015.38","SERC_012.20150921",,"drag",160,"Y",0,0,14,"No known compromise","NEON.DOC.014045vF","js8EmhB6nU2WDi0O0huYtBsXHPRFrOwK",
"7d3590bc-1309-4f71-808d-24bf827dd4a0","SERC_023.tickPlot.tck","D02","SERC","SERC_023","distributed","cultivatedCrops",38.873978,-76.535925,"WGS84",20.1,6.7,0.1,"2015-09-21T19:00Z","SERC.2015.38","SERC_023.20150921",,"drag",160,"Y",0,0,11,"No known compromise","NEON.DOC.014045vF","wYCqaZcA+7u27D51Jl1kBrbZnYGv2DDh",
"6aec37f7-d0b1-41b6-84e2-4042eef50373","SERC_001.tickPlot.tck","D02","SERC","SERC_001","distributed","deciduousForest",38.868186,-76.535306,"WGS84",20.2,2.1,0.2,"2015-09-21T19:53Z","SERC.2015.38","SERC_001.20150921",,"drag and flag",155,"Y",0,0,252,"No known compromise","NEON.DOC.014045vF","js8EmhB6nU2WDi0O0huYtBsXHPRFrOwK",
"b01cd78c-bc67-465a-8ed2-a81989f3d8c5","SERC_005.tickPlot.tck","D02","SERC","SERC_005","distributed","deciduousForest",38.894060,-76.546307,"WGS84",20.3,8.5,0.5,"2015-09-21T20:55Z","SERC.2015.38","SERC_005.20150921",,"drag and flag",165,"Y",0,1,,"No known compromise","NEON.DOC.014045vF","wYCqaZcA+7u27D51Jl1kBrbZnYGv2DDh",
"c6b3959c-2cf2-4c2e-a7a6-452ace2fed36","SERC_006.tickPlot.tck","D02","SERC","SERC_006","distributed","deciduousForest",38.880025,-76.548376,"WGS84",20.2,2.6,0.3,"2015-09-22T12:53Z","SERC.2015.38","SERC_006.20150922",,"drag and flag",155,"Y",0,1,4,"No known compromise","NEON.DOC.014045vF","js8EmhB6nU2WDi0O0huYtBsXHPRFrOwK",
