uid,namedLocation,domainID,siteID,plotID,plotType,nlcdClass,decimalLatitude,decimalLongitude,geodeticDatum,coordinateUncertainty,elevation,elevationUncertainty,collectDate,eventID,sampleID,sampleCode,samplingMethod,totalSampledArea,targetTaxaPresent,adultCount,nymphCount,larvaCount,sampleCondition,samplingProtocolVersion,measuredBy,remarks
"651fbf0d-f25f-439f-8959-d91b35128b97","BLAN_012.tickPlot.tck","D02","BLAN","BLAN_012","distributed","deciduousForest",39.082720,-77.959589,"WGS84",20.2,135.1,0.2,"2017-06-01T15:25Z","BLAN.2017.23","BLAN_012.20170601",,"drag",152,"Y",0,2,0,"No known compromise","NEON.DOC.014045vH","ena7GLJui5s1h8moQAQPw3Qj2+mVdivS",
"30e3b640-5943-449d-8c3b-b9a7ea95a0e9","BLAN_015.tickPlot.tck","D02","BLAN","BLAN_015","distributed","deciduousForest",39.088728,-77.955494,"WGS84",20.2,125.9,0.2,"2017-06-01T16:49Z","BLAN.2017.23","BLAN_015.20170601",,"drag",158,"Y",0,1,0,"No known compromise","NEON.DOC.014045vH","65MrXCKZ6BZHMIpBwLFSzI3B2iyqckQKC2QVdjxfI44=",
"312696bf-cd4d-41a6-a908-4cdc9bfea1a8","BLAN_005.tickPlot.tck","D02","BLAN","BLAN_005","distributed","deciduousForest",39.086223,-77.972729,"WGS84",20.2,169.1,0.3,"2017-06-01T17:59Z","BLAN.2017.23","BLAN_005.20170601",,"drag",160,"Y",0,38,0,"No known compromise","NEON.DOC.014045vH","ena7GLJui5s1h8moQAQPw3Qj2+mVdivS",
"5d392305-971b-4d70-a9cb-ea276e0dfe44","BLAN_002.tickPlot.tck","D02","BLAN","BLAN_002","distributed","pastureHay",39.091474,-77.982149,"WGS84",20.1,145.6,0.1,"2017-06-19T14:13Z","BLAN.2017.26",,,"drag",160,"N",0,0,0,,"NEON.DOC.014045vH","vEBCcEQSSh/8g+5EygcyV8s9rq+AI0d+KECPnWYYvhY=",
"16e1376a-94e3-43aa-9d28-75aeba0a9336","BLAN_005.tickPlot.tck","D02","BLAN","BLAN_005","distributed","deciduousForest",39.086223,-77.972729,"WGS84",20.2,169.1,0.3,"2017-06-19T14:51Z","BLAN.2017.26","BLAN_005.20170619",,"drag",165,"Y",0,16,0,"No known compromise","NEON.DOC.014045vH","vEBCcEQSSh/8g+5EygcyV8s9rq+AI0d+KECPnWYYvhY=",
"7889b746-5192-4979-be4b-b15f28ef081d","BLAN_004.tickPlot.tck","D02","BLAN","BLAN_004","distributed","pastureHay",39.088416,-77.961331,"WGS84",20.1,123.7,0.1,"2017-06-19T16:05Z","BLAN.2017.26",,,"drag",160,"N",0,0,0,,"NEON.DOC.014045vH","vEBCcEQSSh/8g+5EygcyV8s9rq+AI0d+KECPnWYYvhY=",
"4ca86103-7e67-4b6b-8bd0-32436a287689","BLAN_008.tickPlot.tck","D02","BLAN","BLAN_008","distributed","pastureHay",39.083870,-77.966320,"WGS84",20.4,159.6,0.5,"2017-06-19T17:02Z","BLAN.2017.26",,,"drag",160,"N",0,0,0,,"NEON.DOC.014045vH","vEBCcEQSSh/8g+5EygcyV8s9rq+AI0d+KECPnWYYvhY=",
"1cb1d5cd-136c-4f7f-843f-bf2a8bd8d8cc","BLAN_012.tickPlot.tck","D02","BLAN","BLAN_012","distributed","deciduousForest",39.082720,-77.959589,"WGS84",20.2,135.1,0.2,"2017-06-20T19:53Z","BLAN.2017.26","BLAN_012.20170620",,"drag",157,"Y",1,2,0,"No known compromise","NEON.DOC.014045vH","ena7GLJui5s1h8moQAQPw3Qj2+mVdivS",
"ae5b8c60-3ac8-474b-885f-61267dd718ca","BLAN_015.tickPlot.tck","D02","BLAN","BLAN_015","distributed","deciduousForest",39.088728,-77.955494,"WGS84",20.2,125.9,0.2,"2017-06-20T20:59Z","BLAN.2017.26","BLAN_015.20170620",,"drag",162,"Y",0,2,0,"No known compromise","NEON.DOC.014045vH","ena7GLJui5s1h8moQAQPw3Qj2+mVdivS",
