uid,namedLocation,plotID,collectDate,identifiedDate,sampleID,subsampleID,scientificName,acceptedTaxonID,taxonRank,family,subfamily,tribe,subtribe,genus,subgenus,specificEpithet,infraspecificEpithet,identificationQualifier,identificationReferences,identificationProtocolVersion,scientificNameAuthorship,sexOrAge,individualCount,sampleCondition,archiveMedium,archiveFacilityID,deprecatedVialID,identifiedBy,laboratoryName,remarks
"637a7d55-e1b2-4c23-9870-70ca520b5abb","BLAN_012.tickPlot.tck","BLAN_012","2017-06-01T15:25Z","2018-01-30T17:00Z","BLAN_012.20170601","BLAN_012.20170601.IXOSCA.N","Ixodes scapularis","IXOSCA","species","Ixodidae",,,,"Ixodes",,"scapularis",,,"Cooley, R. A. and G. M. Kohls. 1945. The genus Ixodes in North America. National Institute of Health Bulletin, 184.","GSU_tickIdentification_SOP_2016-11-01.pdf","Say","Nymph",2,"OK","90% ethanol","USNMENT01358415","BLAN_012.20170601.IXOSCA.N","Lorenza Beati","Georgia Southern University",
"a0cd11f2-33c0-4310-b4dd-24a9ac1c23b5","BLAN_015.tickPlot.tck","BLAN_015","2017-06-01T16:49Z","2018-01-02T17:00Z","BLAN_015.20170601","BLAN_015.20170601.IXOSCA.N","Ixodes scapularis","IXOSCA","species","Ixodidae",,,,"Ixodes",,"scapularis",,,"Cooley, R. A. and G. M. Kohls. 1945. The genus Ixodes in North America. National Institute of Health Bulletin, 184.","GSU_tickIdentification_SOP_2016-11-01.pdf","Say","Nymph",1,"OK","90% ethanol","USNMENT01358420","BLAN_015.20170601.IXOSCA.N","Lorenza Beati","Georgia Southern University",
"6922b465-d332-4259-98a9-cdb769a8a404","BLAN_005.tickPlot.tck","BLAN_005","2017-06-01T17:59Z","2018-01-30T17:00Z","BLAN_005.20170601","BLAN_005.20170601.AMBAME.N","Amblyomma americanum","AMBAME","species","Ixodidae",,,,"Amblyomma",,"americanum",,,"Cooley, R. A. and G. M. Kohls. 1944. The genus Amblyomma (ixodidae) in the United States. The Journal of Parasitology, 30(2):77-111.","GSU_tickIdentification_SOP_2016-11-01.pdf","Linnaeus","Nymph",1,"OK","90% ethanol","USNMENT01358412","BLAN_005.20170601.AMBAME.N","Lorenza Beati","Georgia Southern University",
"1a9bf0a6-b527-4019-9925-f59649a38ee9","BLAN_005.tickPlot.tck","BLAN_005","2017-06-01T17:59Z","2018-01-30T17:00Z","BLAN_005.20170601","BLAN_005.20170601.IXOSCA.N","Ixodes scapularis","IXOSCA","species","Ixodidae",,,,"Ixodes",,"scapularis",,,"Cooley, R. A. and G. M. Kohls. 1945. The genus Ixodes in North America. National Institute of Health Bulletin, 184.","GSU_tickIdentification_SOP_2016-11-01.pdf","Say","Nymph",37,"OK","90% ethanol","USNMENT01358411","BLAN_005.20170601.IXOSCA.N","Lorenza Beati","Georgia Southern University",
"fb8dff93-0617-4216-81c8-d972040c31ce","BLAN_005.tickPlot.tck","BLAN_005","2017-06-19T14:51Z","2018-01-30T17:00Z","BLAN_005.20170619","BLAN_005.20170619.IXOSCA.N","Ixodes scapularis","IXOSCA","species","Ixodidae",,,,"Ixodes",,"scapularis",,,"Cooley, R. A. and G. M. Kohls. 1945. The genus Ixodes in North America. National Institute of Health Bulletin, 184.","GSU_tickIdentification_SOP_2016-11-01.pdf","Say","Nymph",13,"OK","90% ethanol","USNMENT01358413","BLAN_005.20170619.IXOSCA.N","Lorenza Beati","Georgia Southern University",
"5a32b18f-96e5-4ad8-ada8-ac0a00f44c4f","BLAN_005.tickPlot.tck","BLAN_005","2017-06-19T14:51Z","2018-09-15T17:00Z","BLAN_005.20170619","BLAN_005.20170619.HAELON.N","Haemaphysalis longicornis","HAELON","species","Ixodidae",,,,"Haemaphysalis",,"longicornis",,,,"GSU_tickIdentification_SOP_2016-11-01.pdf",,"Nymph",2,"OK","90% ethanol","USNMENT01358414","BLAN_005.20170619.HAELEP.N","Lorenza Beati","Georgia Southern University","pretty"
"ab66bc42-3775-49b8-afd2-367fdce6af91","BLAN_012.tickPlot.tck","BLAN_012","2017-06-20T19:53Z","2018-01-02T17:00Z","BLAN_012.20170620","BLAN_012.20170620.DERVAR.F","Dermacentor variabilis","DERVAR","species","Ixodidae",,,,"Dermacentor",,"variabilis",,,"Yunker, C. E., Keirans, J. E., Clifford, C. M., and E. R. Easton. 1986. Dermacentor ticks (Acari: Ixodoidea: Ixodidae) of the New World: a scanning electron microscope atlas. Proceedings of the Entomological Society of Washington, 88(4):609-627.","GSU_tickIdentification_SOP_2016-11-01.pdf","Say","Female",1,"OK","90% ethanol","USNMENT01358416","BLAN_012.20170620.DERVAR.F","Lorenza Beati","Georgia Southern University",
"f2b1950a-d823-49c1-b7f4-94c7c240bff4","BLAN_012.tickPlot.tck","BLAN_012","2017-06-20T19:53Z","2018-01-02T17:00Z","BLAN_012.20170620","BLAN_012.20170620.IXOSCA.N","Ixodes scapularis","IXOSCA","species","Ixodidae",,,,"Ixodes",,"scapularis",,,"Cooley, R. A. and G. M. Kohls. 1945. The genus Ixodes in North America. National Institute of Health Bulletin, 184.","GSU_tickIdentification_SOP_2016-11-01.pdf","Say","Nymph",2,"OK","90% ethanol","USNMENT01358417","BLAN_012.20170620.IXOSCA.N","Lorenza Beati","Georgia Southern University",
"ef7314ee-0b50-40e3-b4dc-0ba0996fb277","BLAN_015.tickPlot.tck","BLAN_015","2017-06-20T20:59Z","2018-01-02T17:00Z","BLAN_015.20170620","BLAN_015.20170620.IXOSCA.N","Ixodes scapularis","IXOSCA","species","Ixodidae",,,,"Ixodes",,"scapularis",,,"Cooley, R. A. and G. M. Kohls. 1945. The genus Ixodes in North America. National Institute of Health Bulletin, 184.","GSU_tickIdentification_SOP_2016-11-01.pdf","Say","Nymph",2,"OK","90% ethanol","USNMENT01358421","BLAN_015.20170620.IXOSCA.N","Lorenza Beati","Georgia Southern University",
