uid,namedLocation,domainID,siteID,plotID,plotType,nlcdClass,decimalLatitude,decimalLongitude,geodeticDatum,coordinateUncertainty,elevation,elevationUncertainty,collectDate,eventID,sampleID,sampleCode,samplingMethod,totalSampledArea,targetTaxaPresent,adultCount,nymphCount,larvaCount,sampleCondition,samplingProtocolVersion,measuredBy,remarks
"20447030-d0db-4678-8f90-99184aa8aad1","CPER_002.tickPlot.tck","D10","CPER","CPER_002","distributed","grasslandHerbaceous",40.811446,-104.727626,"WGS84",20.1,1645.8,0.1,"2018-07-30T15:21Z","CPER.2018.31",,,"drag",160,"N",0,0,0,,"NEON.DOC.014045vJ","qGcxsVIEyHbxY906W8gre79mVsnienVqHH2jcJ1CY8g=",
"352b4fde-1893-43a3-9d4e-8e435b85a109","CPER_004.tickPlot.tck","D10","CPER","CPER_004","distributed","grasslandHerbaceous",40.814104,-104.696817,"WGS84",20.1,1617.2,0.1,"2018-07-30T16:07Z","CPER.2018.31",,,"drag",160,"N",0,0,0,,"NEON.DOC.014045vJ","qGcxsVIEyHbxY906W8gre79mVsnienVqHH2jcJ1CY8g=",
"9a5547c1-fb04-4734-b614-d0e58b5ced2f","CPER_003.tickPlot.tck","D10","CPER","CPER_003","distributed","grasslandHerbaceous",40.819808,-104.707147,"WGS84",20.1,1625.7,0.1,"2018-07-30T16:52Z","CPER.2018.31",,,"drag",160,"N",0,0,0,,"NEON.DOC.014045vJ","qGcxsVIEyHbxY906W8gre79mVsnienVqHH2jcJ1CY8g=",
"e33daf22-d09a-4ca8-a82c-c5fe82c15300","CPER_001.tickPlot.tck","D10","CPER","CPER_001","distributed","grasslandHerbaceous",40.851012,-104.701302,"WGS84",20.1,1639.1,0.1,"2018-07-30T18:43Z","CPER.2018.31",,,"drag and flag",160,"N",0,0,0,,"NEON.DOC.014045vJ","qGcxsVIEyHbxY906W8gre79mVsnienVqHH2jcJ1CY8g=",
"db50b6c7-55f4-4b1d-b334-2104e9792101","CPER_007.tickPlot.tck","D10","CPER","CPER_007","distributed","grasslandHerbaceous",40.860878,-104.684952,"WGS84",20.1,1646.7,0.1,"2018-07-30T19:12Z","CPER.2018.31",,,"drag",160,"N",0,0,0,,"NEON.DOC.014045vJ","qGcxsVIEyHbxY906W8gre79mVsnienVqHH2jcJ1CY8g=",
"0c0f73ab-0365-4b16-a496-737cae2c16aa","CPER_005.tickPlot.tck","D10","CPER","CPER_005","distributed","grasslandHerbaceous",40.852571,-104.726331,"WGS84",20.1,1662.6,0.1,"2018-07-31T05:35Z","CPER.2018.31",,,"drag and flag",160,"N",0,0,0,,"NEON.DOC.014045vJ","qGcxsVIEyHbxY906W8gre79mVsnienVqHH2jcJ1CY8g=",
