uid,namedLocation,domainID,siteID,plotID,plotType,nlcdClass,decimalLatitude,decimalLongitude,geodeticDatum,coordinateUncertainty,elevation,elevationUncertainty,collectDate,eventID,sampleID,sampleCode,samplingMethod,totalSampledArea,targetTaxaPresent,adultCount,nymphCount,larvaCount,sampleCondition,samplingProtocolVersion,measuredBy,remarks
"c02dc124-3a7e-4747-a42a-ba4ac236c5ec","TALL_001.tickPlot.tck","D08","TALL","TALL_001","distributed","deciduousForest",32.976370,-87.432184,"WGS84",20.2,114.6,0.1,"2018-04-12T13:15Z","TALL.2018.15","TALL_001.20180412","A00000013498","drag",160,"Y",0,2,0,"No known compromise","NEON.DOC.014045vJ","71MfCy+FRsto69311gQJvR+pq8mHvc/9aCd1qcCUSbo=",
"0954bc02-e1dd-4991-a25e-afff1c724f99","TALL_008.tickPlot.tck","D08","TALL","TALL_008","distributed","deciduousForest",32.922874,-87.434097,"WGS84",20.2,127.5,0.2,"2018-04-12T13:19Z","TALL.2018.15","TALL_008.20180412","A00000013495","drag and flag",160,"Y",1,0,0,"No known compromise","NEON.DOC.014045vJ","BDzq2IAJfRwsrXnG+WJfFzkBkbtaDALAaR+O7WZv4cM=",
"9d5d59b6-e377-4b0a-9034-90612180157e","TALL_002.tickPlot.tck","D08","TALL","TALL_002","distributed","mixedForest",32.920823,-87.428955,"WGS84",20.3,104.0,0.4,"2018-04-12T14:36Z","TALL.2018.15","TALL_002.20180412","A00000013494","drag",160,"Y",4,3,0,"No known compromise","NEON.DOC.014045vJ","BDzq2IAJfRwsrXnG+WJfFzkBkbtaDALAaR+O7WZv4cM=",
"304b65ae-5291-4343-b141-3eaa58440204","TALL_016.tickPlot.tck","D08","TALL","TALL_016","distributed","evergreenForest",32.971553,-87.415845,"WGS84",20.1,138.9,0.1,"2018-04-12T14:37Z","TALL.2018.15",,,"drag",160,"N",0,0,0,,"NEON.DOC.014045vJ","71MfCy+FRsto69311gQJvR+pq8mHvc/9aCd1qcCUSbo=",
"8b95ec07-0f1d-4d97-92ee-ed323588297f","TALL_006.tickPlot.tck","D08","TALL","TALL_006","distributed","evergreenForest",32.899144,-87.444571,"WGS84",20.3,108.6,0.3,"2018-04-12T15:45Z","TALL.2018.15",,,"drag",160,"N",0,0,0,,"NEON.DOC.014045vJ","Ty5ktdGiRSqkqUWm9Npw4JAlXmlUMfF/XyCnO5fUs8Q=",
"a1dbcdaa-6d44-4fd3-b6dd-9bfbc8c61f4c","TALL_003.tickPlot.tck","D08","TALL","TALL_003","distributed","mixedForest",32.894415,-87.416532,"WGS84",20.2,121.9,0.2,"2018-04-12T15:53Z","TALL.2018.15",,,"drag",160,"N",0,0,0,,"NEON.DOC.014045vJ","BDzq2IAJfRwsrXnG+WJfFzkBkbtaDALAaR+O7WZv4cM=",
