uid,namedLocation,plotID,collectDate,identifiedDate,sampleID,subsampleID,scientificName,acceptedTaxonID,taxonRank,family,subfamily,tribe,subtribe,genus,subgenus,specificEpithet,infraspecificEpithet,identificationQualifier,identificationReferences,identificationProtocolVersion,scientificNameAuthorship,sexOrAge,individualCount,sampleCondition,archiveMedium,archiveFacilityID,deprecatedVialID,identifiedBy,laboratoryName,remarks
"0155bbbe-106e-441b-8627-e0ffff3408fc","WOOD_006.tickPlot.tck","WOOD_006","2018-05-10T19:04Z","2018-09-06T16:00Z","WOOD_006.20180510","WOOD_006.20180510.DERVAR.F","Dermacentor variabilis","DERVAR","species","Ixodidae",,,,"Dermacentor",,"variabilis",,,"Yunker, C. E., Keirans, J. E., Clifford, C. M., and E. R. Easton. 1986. Dermacentor ticks (Acari: Ixodoidea: Ixodidae) of the New World: a scanning electron microscope atlas. Proceedings of the Entomological Society of Washington, 88(4):609-627.","GSU_tickIdentification_SOP_2016-11-01.pdf","Say","Female",3,"OK","90% ethanol","USNMENT01482132",,"Lorenza Beati","Georgia Southern University",
"90ec5eca-695b-4c36-b1f8-27b416f6712c","WOOD_006.tickPlot.tck","WOOD_006","2018-05-10T19:04Z","2018-09-06T16:00Z","WOOD_006.20180510","WOOD_006.20180510.DERVAR.M","Dermacentor variabilis","DERVAR","species","Ixodidae",,,,"Dermacentor",,"variabilis",,,"Yunker, C. E., Keirans, J. E., Clifford, C. M., and E. R. Easton. 1986. Dermacentor ticks (Acari: Ixodoidea: Ixodidae) of the New World: a scanning electron microscope atlas. Proceedings of the Entomological Society of Washington, 88(4):609-627.","GSU_tickIdentification_SOP_2016-11-01.pdf","Say","Male",3,"OK","90% ethanol","USNMENT01482133",,"Lorenza Beati","Georgia Southern University",
"47ba0064-a60b-49bf-87ef-53ec7990db3f","WOOD_007.tickPlot.tck","WOOD_007","2018-05-10T20:05Z","2018-09-06T16:00Z","WOOD_007.20180510","WOOD_007.20180510.DERVAR.M","Dermacentor variabilis","DERVAR","species","Ixodidae",,,,"Dermacentor",,"variabilis",,,"Yunker, C. E., Keirans, J. E., Clifford, C. M., and E. R. Easton. 1986. Dermacentor ticks (Acari: Ixodoidea: Ixodidae) of the New World: a scanning electron microscope atlas. Proceedings of the Entomological Society of Washington, 88(4):609-627.","GSU_tickIdentification_SOP_2016-11-01.pdf","Say","Male",1,"OK","90% ethanol","USNMENT01482040",,"Lorenza Beati","Georgia Southern University",
"3b3d14c1-3992-44a3-9739-69faa41a4547","WOOD_007.tickPlot.tck","WOOD_007","2018-05-10T20:05Z","2018-09-06T16:00Z","WOOD_007.20180510","WOOD_007.20180510.DERVAR.F","Dermacentor variabilis","DERVAR","species","Ixodidae",,,,"Dermacentor",,"variabilis",,,"Yunker, C. E., Keirans, J. E., Clifford, C. M., and E. R. Easton. 1986. Dermacentor ticks (Acari: Ixodoidea: Ixodidae) of the New World: a scanning electron microscope atlas. Proceedings of the Entomological Society of Washington, 88(4):609-627.","GSU_tickIdentification_SOP_2016-11-01.pdf","Say","Female",1,"OK","90% ethanol","USNMENT01482070",,"Lorenza Beati","Georgia Southern University",
"842fcadd-0e7d-44bc-9228-70acd27b5099","WOOD_001.tickPlot.tck","WOOD_001","2018-05-10T20:56Z","2018-09-06T16:00Z","WOOD_001.20180510","WOOD_001.20180510.DERVAR.M","Dermacentor variabilis","DERVAR","species","Ixodidae",,,,"Dermacentor",,"variabilis",,,"Yunker, C. E., Keirans, J. E., Clifford, C. M., and E. R. Easton. 1986. Dermacentor ticks (Acari: Ixodoidea: Ixodidae) of the New World: a scanning electron microscope atlas. Proceedings of the Entomological Society of Washington, 88(4):609-627.","GSU_tickIdentification_SOP_2016-11-01.pdf","Say","Male",1,"OK","90% ethanol","USNMENT01482045",,"Lorenza Beati","Georgia Southern University",
"61e3aa2c-1121-4394-acb7-c5f27c9cb665","WOOD_001.tickPlot.tck","WOOD_001","2018-05-10T20:56Z","2018-09-06T16:00Z","WOOD_001.20180510","WOOD_001.20180510.DERVAR.F","Dermacentor variabilis","DERVAR","species","Ixodidae",,,,"Dermacentor",,"variabilis",,,"Yunker, C. E., Keirans, J. E., Clifford, C. M., and E. R. Easton. 1986. Dermacentor ticks (Acari: Ixodoidea: Ixodidae) of the New World: a scanning electron microscope atlas. Proceedings of the Entomological Society of Washington, 88(4):609-627.","GSU_tickIdentification_SOP_2016-11-01.pdf","Say","Female",3,"OK","90% ethanol","USNMENT01482055",,"Lorenza Beati","Georgia Southern University",
"53181ff8-c7cc-42ec-b02b-a232093ef18e","WOOD_009.tickPlot.tck","WOOD_009","2018-05-10T22:28Z","2018-09-06T16:00Z","WOOD_009.20180510","WOOD_009.20180510.DERVAR.F","Dermacentor variabilis","DERVAR","species","Ixodidae",,,,"Dermacentor",,"variabilis",,,"Yunker, C. E., Keirans, J. E., Clifford, C. M., and E. R. Easton. 1986. Dermacentor ticks (Acari: Ixodoidea: Ixodidae) of the New World: a scanning electron microscope atlas. Proceedings of the Entomological Society of Washington, 88(4):609-627.","GSU_tickIdentification_SOP_2016-11-01.pdf","Say","Female",1,"OK","90% ethanol","USNMENT01482053",,"Lorenza Beati","Georgia Southern University",
"dcb3b6fe-3d57-4fd1-b8bb-f936a5db20ce","WOOD_009.tickPlot.tck","WOOD_009","2018-05-10T22:28Z","2018-09-06T16:00Z","WOOD_009.20180510","WOOD_009.20180510.DERVAR.M","Dermacentor variabilis","DERVAR","species","Ixodidae",,,,"Dermacentor",,"variabilis",,,"Yunker, C. E., Keirans, J. E., Clifford, C. M., and E. R. Easton. 1986. Dermacentor ticks (Acari: Ixodoidea: Ixodidae) of the New World: a scanning electron microscope atlas. Proceedings of the Entomological Society of Washington, 88(4):609-627.","GSU_tickIdentification_SOP_2016-11-01.pdf","Say","Male",3,"OK","90% ethanol","USNMENT01482058",,"Lorenza Beati","Georgia Southern University",
"a8033c31-f90b-4d70-aebc-ec80fa0addd2","WOOD_006.tickPlot.tck","WOOD_006","2018-05-30T17:51Z","2018-09-06T16:00Z","WOOD_006.20180530","WOOD_006.20180530.DERVAR.M","Dermacentor variabilis","DERVAR","species","Ixodidae",,,,"Dermacentor",,"variabilis",,,"Yunker, C. E., Keirans, J. E., Clifford, C. M., and E. R. Easton. 1986. Dermacentor ticks (Acari: Ixodoidea: Ixodidae) of the New World: a scanning electron microscope atlas. Proceedings of the Entomological Society of Washington, 88(4):609-627.","GSU_tickIdentification_SOP_2016-11-01.pdf","Say","Male",2,"OK","90% ethanol","USNMENT01482071",,"Lorenza Beati","Georgia Southern University",
"80a4211a-ef7a-4c9d-a0a8-c96390ac4ce5","WOOD_006.tickPlot.tck","WOOD_006","2018-05-30T17:51Z","2018-09-06T16:00Z","WOOD_006.20180530","WOOD_006.20180530.DERVAR.F","Dermacentor variabilis","DERVAR","species","Ixodidae",,,,"Dermacentor",,"variabilis",,,"Yunker, C. E., Keirans, J. E., Clifford, C. M., and E. R. Easton. 1986. Dermacentor ticks (Acari: Ixodoidea: Ixodidae) of the New World: a scanning electron microscope atlas. Proceedings of the Entomological Society of Washington, 88(4):609-627.","GSU_tickIdentification_SOP_2016-11-01.pdf","Say","Female",2,"OK","90% ethanol","USNMENT01482072",,"Lorenza Beati","Georgia Southern University",
"fb119984-8065-4363-a507-d3271ffabdd8","WOOD_007.tickPlot.tck","WOOD_007","2018-05-30T18:28Z","2018-09-06T16:00Z","WOOD_007.20180530","WOOD_007.20180530.DERVAR.F","Dermacentor variabilis","DERVAR","species","Ixodidae",,,,"Dermacentor",,"variabilis",,,"Yunker, C. E., Keirans, J. E., Clifford, C. M., and E. R. Easton. 1986. Dermacentor ticks (Acari: Ixodoidea: Ixodidae) of the New World: a scanning electron microscope atlas. Proceedings of the Entomological Society of Washington, 88(4):609-627.","GSU_tickIdentification_SOP_2016-11-01.pdf","Say","Female",5,"OK","90% ethanol","USNMENT01482119",,"Lorenza Beati","Georgia Southern University",
"904be6cc-6c2e-4c74-ab59-46c2fc02f20e","WOOD_007.tickPlot.tck","WOOD_007","2018-05-30T18:28Z","2018-09-06T16:00Z","WOOD_007.20180530","WOOD_007.20180530.DERVAR.M","Dermacentor variabilis","DERVAR","species","Ixodidae",,,,"Dermacentor",,"variabilis",,,"Yunker, C. E., Keirans, J. E., Clifford, C. M., and E. R. Easton. 1986. Dermacentor ticks (Acari: Ixodoidea: Ixodidae) of the New World: a scanning electron microscope atlas. Proceedings of the Entomological Society of Washington, 88(4):609-627.","GSU_tickIdentification_SOP_2016-11-01.pdf","Say","Male",6,"OK","90% ethanol","USNMENT01482115",,"Lorenza Beati","Georgia Southern University",
"3d781011-ec79-4a4c-a456-87968b6b755a","WOOD_002.tickPlot.tck","WOOD_002","2018-05-31T16:27Z","2018-09-06T16:00Z","WOOD_002.20180531","WOOD_002.20180531.DERVAR.F","Dermacentor variabilis","DERVAR","species","Ixodidae",,,,"Dermacentor",,"variabilis",,,"Yunker, C. E., Keirans, J. E., Clifford, C. M., and E. R. Easton. 1986. Dermacentor ticks (Acari: Ixodoidea: Ixodidae) of the New World: a scanning electron microscope atlas. Proceedings of the Entomological Society of Washington, 88(4):609-627.","GSU_tickIdentification_SOP_2016-11-01.pdf","Say","Female",1,"OK","90% ethanol","USNMENT01482050",,"Lorenza Beati","Georgia Southern University",
"9ff3c4fc-296c-47ca-b879-116f57b31f64","WOOD_001.tickPlot.tck","WOOD_001","2018-05-31T17:27Z","2018-09-06T16:00Z","WOOD_001.20180531","WOOD_001.20180531.DERVAR.F","Dermacentor variabilis","DERVAR","species","Ixodidae",,,,"Dermacentor",,"variabilis",,,"Yunker, C. E., Keirans, J. E., Clifford, C. M., and E. R. Easton. 1986. Dermacentor ticks (Acari: Ixodoidea: Ixodidae) of the New World: a scanning electron microscope atlas. Proceedings of the Entomological Society of Washington, 88(4):609-627.","GSU_tickIdentification_SOP_2016-11-01.pdf","Say","Female",11,"OK","90% ethanol","USNMENT01482074",,"Lorenza Beati","Georgia Southern University",
"fdb97a5e-77b8-4466-84e6-e6b53064ce39","WOOD_001.tickPlot.tck","WOOD_001","2018-05-31T17:27Z","2018-09-06T16:00Z","WOOD_001.20180531","WOOD_001.20180531.DERVAR.M","Dermacentor variabilis","DERVAR","species","Ixodidae",,,,"Dermacentor",,"variabilis",,,"Yunker, C. E., Keirans, J. E., Clifford, C. M., and E. R. Easton. 1986. Dermacentor ticks (Acari: Ixodoidea: Ixodidae) of the New World: a scanning electron microscope atlas. Proceedings of the Entomological Society of Washington, 88(4):609-627.","GSU_tickIdentification_SOP_2016-11-01.pdf","Say","Male",11,"OK","90% ethanol","USNMENT01482066",,"Lorenza Beati","Georgia Southern University",
"37f72c42-e460-4c9e-91ce-9e601c905ac6","WOOD_009.tickPlot.tck","WOOD_009","2018-05-31T18:45Z","2018-09-06T16:00Z","WOOD_009.20180531","WOOD_009.20180531.DERVAR.M","Dermacentor variabilis","DERVAR","species","Ixodidae",,,,"Dermacentor",,"variabilis",,,"Yunker, C. E., Keirans, J. E., Clifford, C. M., and E. R. Easton. 1986. Dermacentor ticks (Acari: Ixodoidea: Ixodidae) of the New World: a scanning electron microscope atlas. Proceedings of the Entomological Society of Washington, 88(4):609-627.","GSU_tickIdentification_SOP_2016-11-01.pdf","Say","Male",8,"OK","90% ethanol","USNMENT01482067",,"Lorenza Beati","Georgia Southern University",
"7f4f8852-0114-4c43-a0cf-c2b7ddd18590","WOOD_009.tickPlot.tck","WOOD_009","2018-05-31T18:45Z","2018-09-06T16:00Z","WOOD_009.20180531","WOOD_009.20180531.DERVAR.F","Dermacentor variabilis","DERVAR","species","Ixodidae",,,,"Dermacentor",,"variabilis",,,"Yunker, C. E., Keirans, J. E., Clifford, C. M., and E. R. Easton. 1986. Dermacentor ticks (Acari: Ixodoidea: Ixodidae) of the New World: a scanning electron microscope atlas. Proceedings of the Entomological Society of Washington, 88(4):609-627.","GSU_tickIdentification_SOP_2016-11-01.pdf","Say","Female",7,"OK","90% ethanol","USNMENT01482130",,"Lorenza Beati","Georgia Southern University",
"29c85475-ca17-49a5-bbb5-826f775955f9","WOOD_024.tickPlot.tck","WOOD_024","2018-05-31T19:30Z","2018-09-06T16:00Z","WOOD_024.20180531","WOOD_024.20180531.DERVAR.F","Dermacentor variabilis","DERVAR","species","Ixodidae",,,,"Dermacentor",,"variabilis",,,"Yunker, C. E., Keirans, J. E., Clifford, C. M., and E. R. Easton. 1986. Dermacentor ticks (Acari: Ixodoidea: Ixodidae) of the New World: a scanning electron microscope atlas. Proceedings of the Entomological Society of Washington, 88(4):609-627.","GSU_tickIdentification_SOP_2016-11-01.pdf","Say","Female",1,"OK","90% ethanol","USNMENT01482069",,"Lorenza Beati","Georgia Southern University",
