uid,namedLocation,domainID,siteID,plotID,plotType,nlcdClass,decimalLatitude,decimalLongitude,geodeticDatum,coordinateUncertainty,elevation,elevationUncertainty,collectDate,eventID,sampleID,sampleCode,samplingMethod,totalSampledArea,targetTaxaPresent,adultCount,nymphCount,larvaCount,sampleCondition,samplingProtocolVersion,measuredBy,remarks
"2a9ed7c1-4f26-45fa-b73a-f7355a2a0454","WOOD_024.tickPlot.tck","D09","WOOD","WOOD_024","distributed","emergentHerbaceousWetlands",47.150784,-99.260836,"WGS84",20.1,586.1,0.2,"2018-05-10T18:13Z","WOOD.2018.19",,,"flag",160,"N",0,0,0,,"NEON.DOC.014045vJ","1cKKWBegdXd3XTLCQDj8XQBzY4nMiWUz8d+l9IasVs0=",
"8776cebc-a107-4391-9e96-8ff248c05cee","WOOD_006.tickPlot.tck","D09","WOOD","WOOD_006","distributed","grasslandHerbaceous",47.141023,-99.248055,"WGS84",20.1,587.2,0.1,"2018-05-10T19:04Z","WOOD.2018.19","WOOD_006.20180510","A00000016610","drag and flag",160,"Y",6,0,0,"No known compromise","NEON.DOC.014045vJ","1cKKWBegdXd3XTLCQDj8XQBzY4nMiWUz8d+l9IasVs0=",
"f5303cd4-867d-46fa-8ae2-74ff40448669","WOOD_007.tickPlot.tck","D09","WOOD","WOOD_007","distributed","grasslandHerbaceous",47.133887,-99.251357,"WGS84",20.4,593.6,0.3,"2018-05-10T20:05Z","WOOD.2018.19","WOOD_007.20180510","A00000016609","drag and flag",160,"Y",2,0,0,"No known compromise","NEON.DOC.014045vJ","b6a8UVn9tNH61UslpJWS2AZCuBmAOSHUfqAZvxRK9SE=",
"947e80e9-22b1-4ad6-bbef-0fbe1d3e69e4","WOOD_001.tickPlot.tck","D09","WOOD","WOOD_001","distributed","grasslandHerbaceous",47.127200,-99.256464,"WGS84",20.1,593.8,0.2,"2018-05-10T20:56Z","WOOD.2018.19","WOOD_001.20180510","A00000016614","drag",160,"Y",4,0,0,"No known compromise","NEON.DOC.014045vJ","1cKKWBegdXd3XTLCQDj8XQBzY4nMiWUz8d+l9IasVs0=",
"f182cb23-1905-47c7-a413-fd40d219e342","WOOD_002.tickPlot.tck","D09","WOOD","WOOD_002","distributed","grasslandHerbaceous",47.136802,-99.234546,"WGS84",20.1,578.3,0.1,"2018-05-10T21:50Z","WOOD.2018.19",,,"drag",160,"N",0,0,0,,"NEON.DOC.014045vJ","b6a8UVn9tNH61UslpJWS2AZCuBmAOSHUfqAZvxRK9SE=",
"b7e978c0-dfd3-4806-8cac-b74fbbbad221","WOOD_009.tickPlot.tck","D09","WOOD","WOOD_009","distributed","grasslandHerbaceous",47.144534,-99.231072,"WGS84",20.1,573.5,0.2,"2018-05-10T22:28Z","WOOD.2018.19","WOOD_009.20180510","A00000016616","drag",160,"Y",4,0,0,"No known compromise","NEON.DOC.014045vJ","1cKKWBegdXd3XTLCQDj8XQBzY4nMiWUz8d+l9IasVs0=",
"af0becf9-6193-47c7-9c69-57feceb65e6c","WOOD_006.tickPlot.tck","D09","WOOD","WOOD_006","distributed","grasslandHerbaceous",47.141023,-99.248055,"WGS84",20.1,587.2,0.1,"2018-05-30T17:51Z","WOOD.2018.22","WOOD_006.20180530","A00000016780","drag and flag",160,"Y",4,0,0,"No known compromise","NEON.DOC.014045vJ","zSK20cKpys+7Fz2Bf0o84F0+THuIq6d+5PJc+FcM4i4=",
"165b970d-f194-45b1-b603-4d5bdd73b3ff","WOOD_007.tickPlot.tck","D09","WOOD","WOOD_007","distributed","grasslandHerbaceous",47.133887,-99.251357,"WGS84",20.4,593.6,0.3,"2018-05-30T18:28Z","WOOD.2018.22","WOOD_007.20180530","A00000016619","drag and flag",160,"Y",11,0,0,"Tick count estimated (error and instar specified in remarks)","NEON.DOC.014045vJ","zSK20cKpys+7Fz2Bf0o84F0+THuIq6d+5PJc+FcM4i4=","1 tick dropped"
"974c478a-00ab-40c4-be92-a4fb22959ab9","WOOD_002.tickPlot.tck","D09","WOOD","WOOD_002","distributed","grasslandHerbaceous",47.136802,-99.234546,"WGS84",20.1,578.3,0.1,"2018-05-31T16:27Z","WOOD.2018.22","WOOD_002.20180531","A00000016620","drag",160,"Y",1,0,0,"No known compromise","NEON.DOC.014045vJ","zSK20cKpys+7Fz2Bf0o84F0+THuIq6d+5PJc+FcM4i4=",
"e27a7305-a1b0-4bd9-9d48-3b69b81dc697","WOOD_001.tickPlot.tck","D09","WOOD","WOOD_001","distributed","grasslandHerbaceous",47.127200,-99.256464,"WGS84",20.1,593.8,0.2,"2018-05-31T17:27Z","WOOD.2018.22","WOOD_001.20180531","A00000016776","drag",160,"Y",22,0,0,"No known compromise","NEON.DOC.014045vJ","fUBrEL92x7IW4Uq93VugiQzszX3I41zjPC7fWv1PjaY=",
"922b18bc-d49a-4edd-b9a4-e6f569528ff1","WOOD_009.tickPlot.tck","D09","WOOD","WOOD_009","distributed","grasslandHerbaceous",47.144534,-99.231072,"WGS84",20.1,573.5,0.2,"2018-05-31T18:45Z","WOOD.2018.22","WOOD_009.20180531","A00000016779","drag",160,"Y",15,0,0,"No known compromise","NEON.DOC.014045vJ","zSK20cKpys+7Fz2Bf0o84F0+THuIq6d+5PJc+FcM4i4=",
"68ce4ac1-60fd-4b5f-afeb-99a9d6a66378","WOOD_024.tickPlot.tck","D09","WOOD","WOOD_024","distributed","emergentHerbaceousWetlands",47.150784,-99.260836,"WGS84",20.1,586.1,0.2,"2018-05-31T19:30Z","WOOD.2018.22","WOOD_024.20180531","A00000016777","flag",160,"Y",1,0,0,"No known compromise","NEON.DOC.014045vJ","zSK20cKpys+7Fz2Bf0o84F0+THuIq6d+5PJc+FcM4i4=",
