uid,namedLocation,domainID,siteID,plotID,plotType,nlcdClass,decimalLatitude,decimalLongitude,geodeticDatum,coordinateUncertainty,elevation,elevationUncertainty,collectDate,eventID,sampleID,sampleCode,samplingMethod,totalSampledArea,targetTaxaPresent,adultCount,nymphCount,larvaCount,sampleCondition,samplingProtocolVersion,measuredBy,remarks
"bb859bea-7024-4749-9d03-bdbcbb4e1c58","JORN_004.tickPlot.tck","D14","JORN","JORN_004","distributed","shrubScrub",32.629997,-106.859194,"WGS84",20.1,1332.6,0.1,"2016-07-13T14:59Z","JORN.2016.28",,,"drag and flag",170,"N",0,0,0,"No known compromise","NEON.DOC.014045vG","LIb2Qspxfb7UkXrsnKmy40X9V2GkLqcN","10 m deviation"
"0978a070-c6e7-4a9f-a505-a437a36afc31","JORN_006.tickPlot.tck","D14","JORN","JORN_006","distributed","shrubScrub",32.591754,-106.825128,"WGS84",20.1,1323.4,0.1,"2016-07-13T16:52Z","JORN.2016.28",,,"drag and flag",172,"N",0,0,0,"No known compromise","NEON.DOC.014045vG","6/MDNjBdx91fPJzKzkLVIEjCDrbXanj2LXB+Tl9Dya8=","12 m deviation"
"e453bc36-314c-4bf8-bd08-ac63032a5973","JORN_003.tickPlot.tck","D14","JORN","JORN_003","distributed","shrubScrub",32.599768,-106.839372,"WGS84",20.1,1321.1,0.1,"2016-07-13T18:18Z","JORN.2016.28",,,"drag and flag",172,"N",0,0,0,"No known compromise","NEON.DOC.014045vG","LIb2Qspxfb7UkXrsnKmy40X9V2GkLqcN","12 m deviation"
"357d5964-a12b-4c1d-9d7f-fea349a70d6b","JORN_001.tickPlot.tck","D14","JORN","JORN_001","distributed","shrubScrub",32.603710,-106.801348,"WGS84",20.1,1323.4,0.1,"2016-07-13T19:49Z","JORN.2016.28",,,"drag and flag",177,"N",0,0,0,"No known compromise","NEON.DOC.014045vG","6/MDNjBdx91fPJzKzkLVIEjCDrbXanj2LXB+Tl9Dya8=","17 m deviation"
"fa38e8b7-a659-4c31-8ff7-4ea298eaadc3","JORN_002.tickPlot.tck","D14","JORN","JORN_002","distributed","shrubScrub",32.612341,-106.827225,"WGS84",20.1,1328.9,0.1,"2016-07-13T20:58Z","JORN.2016.28",,,"drag and flag",171,"N",0,0,0,"No known compromise","NEON.DOC.014045vG","LIb2Qspxfb7UkXrsnKmy40X9V2GkLqcN","11 m deviation"
"924a1182-0d87-4ffb-8995-d6a3d8e9da2d","JORN_005.tickPlot.tck","D14","JORN","JORN_005","distributed","shrubScrub",32.575619,-106.801784,"WGS84",20.1,1324.8,0.2,"2016-07-13T22:40Z","JORN.2016.28",,,"drag and flag",166,"N",0,0,0,"No known compromise","NEON.DOC.014045vG","6/MDNjBdx91fPJzKzkLVIEjCDrbXanj2LXB+Tl9Dya8=","6 m deviation"
