uid,namedLocation,plotID,collectDate,identifiedDate,sampleID,subsampleID,scientificName,acceptedTaxonID,taxonRank,family,subfamily,tribe,subtribe,genus,subgenus,specificEpithet,infraspecificEpithet,identificationQualifier,identificationReferences,identificationProtocolVersion,scientificNameAuthorship,sexOrAge,individualCount,sampleCondition,archiveMedium,archiveFacilityID,deprecatedVialID,identifiedBy,laboratoryName,remarks
"b91b0c60-08bb-40fc-a9dc-45295d20403b","ORNL_002.tickPlot.tck","ORNL_002","2016-10-06T14:00Z","2017-06-26T16:00Z","ORNL_002.20161006","ORNL_002.20161006.AMBAME.N","Amblyomma americanum","AMBAME","species","Ixodidae",,,,"Amblyomma",,"americanum",,,"Cooley, R. A. and G. M. Kohls. 1944. The genus Amblyomma (ixodidae) in the United States. The Journal of Parasitology, 30(2):77-111.","GSU_tickIdentification_SOP_2016-11-01.pdf","Linnaeus","Nymph",1,"OK","RNA stabilization buffer","USNMENT00984429","ORNL_002.20161006.AMBAME.N","Lorenza Beati","Georgia Southern University",
"6c590f93-ca1c-4a2c-ae82-cfb84c94dba7","ORNL_007.tickPlot.tck","ORNL_007","2016-10-06T14:08Z","2017-06-26T16:00Z","ORNL_007.20161006","ORNL_007.20161006.AMBAME.N","Amblyomma americanum","AMBAME","species","Ixodidae",,,,"Amblyomma",,"americanum",,,"Cooley, R. A. and G. M. Kohls. 1944. The genus Amblyomma (ixodidae) in the United States. The Journal of Parasitology, 30(2):77-111.","GSU_tickIdentification_SOP_2016-11-01.pdf","Linnaeus","Nymph",2,"OK","RNA stabilization buffer","USNMENT00984426","ORNL_007.20161006.AMBAME.N","Lorenza Beati","Georgia Southern University",
"1fff3a2c-e288-457a-b671-3302601da258","ORNL_007.tickPlot.tck","ORNL_007","2016-10-06T14:08Z","2017-04-25T16:00Z","ORNL_007.20161006","ORNL_007.20161006.IXOSP.L","Ixodidae sp.","IXOSP","family","Ixodidae",,,,,,"sp.",,,,"GSU_tickIdentification_SOP_2016-11-01.pdf",,"Larva",1,"OK","RNA stabilization buffer","USNMENT00984427","ORNL_007.20161006.L","Arianna Gibbs","Georgia Southern University",
"3cdb1671-3225-4529-b951-467674c393ac","ORNL_003.tickPlot.tck","ORNL_003","2016-10-06T15:00Z","2017-06-26T16:00Z","ORNL_003.20161006","ORNL_003.20161006.AMBAME.N","Amblyomma americanum","AMBAME","species","Ixodidae",,,,"Amblyomma",,"americanum",,,"Cooley, R. A. and G. M. Kohls. 1944. The genus Amblyomma (ixodidae) in the United States. The Journal of Parasitology, 30(2):77-111.","GSU_tickIdentification_SOP_2016-11-01.pdf","Linnaeus","Nymph",1,"OK","RNA stabilization buffer","USNMENT00984430","ORNL_003.20161006.AMBAME.N","Lorenza Beati","Georgia Southern University",
"bf6c14d3-a394-4df9-a942-7d2fe6a73c51","ORNL_003.tickPlot.tck","ORNL_003","2016-10-06T15:00Z","2017-04-25T16:00Z","ORNL_003.20161006","ORNL_003.20161006.IXOSP.L","Ixodidae sp.","IXOSP","family","Ixodidae",,,,,,"sp.",,,,"GSU_tickIdentification_SOP_2016-11-01.pdf",,"Larva",1,"OK","RNA stabilization buffer","USNMENT00984431","ORNL_003.20161006.L","Arianna Gibbs","Georgia Southern University",
"f27f7dcf-ab13-4b6f-8ed4-9def516417bf","ORNL_009.tickPlot.tck","ORNL_009","2016-10-06T15:45Z","2017-04-26T16:00Z","ORNL_009.20161006","ORNL_009.20161006.IXOSP.L","Ixodidae sp.","IXOSP","family","Ixodidae",,,,,,"sp.",,,,"GSU_tickIdentification_SOP_2016-11-01.pdf",,"Larva",1,"OK","RNA stabilization buffer","USNMENT00984460","ORNL_009.20161006.L","Arianna Gibbs","Georgia Southern University",
"e6521976-896b-41d7-9e22-5fbb26b5d38f","ORNL_040.tickPlot.tck","ORNL_040","2016-10-06T15:53Z","2017-04-25T16:00Z","ORNL_040.20161006","ORNL_040.20161006.IXOSP.L","Ixodidae sp.","IXOSP","family","Ixodidae",,,,,,"sp.",,,,"GSU_tickIdentification_SOP_2016-11-01.pdf",,"Larva",1,"OK","RNA stabilization buffer","USNMENT00984428","ORNL_040.20161006.L","Arianna Gibbs","Georgia Southern University",
