uid,namedLocation,domainID,siteID,plotID,plotType,nlcdClass,decimalLatitude,decimalLongitude,geodeticDatum,coordinateUncertainty,elevation,elevationUncertainty,collectDate,eventID,sampleID,sampleCode,samplingMethod,totalSampledArea,targetTaxaPresent,adultCount,nymphCount,larvaCount,sampleCondition,samplingProtocolVersion,measuredBy,remarks
"4b360a5e-eb1e-4392-8c6f-eedd58ba1b5d","ORNL_002.tickPlot.tck","D07","ORNL","ORNL_002","distributed","deciduousForest",35.983090,-84.211654,"WGS84",20.3,338.6,0.5,"2016-10-06T14:00Z","ORNL.2016.40","ORNL_002.20161006",,"drag",160,"Y",0,1,0,"No known compromise","NEON.DOC.014045vG","WmAojBj4q9lPhur9nwi+LcYtlz/DsGor",
"efbf9350-0aea-4ffd-bbd3-445501466a4d","ORNL_007.tickPlot.tck","D07","ORNL","ORNL_007","distributed","deciduousForest",35.925843,-84.328420,"WGS84",20.2,279.4,0.5,"2016-10-06T14:08Z","ORNL.2016.40","ORNL_007.20161006",,"drag and flag",171,"Y",0,2,19,"No known compromise","NEON.DOC.014045vG","nAKPQvGWPz3w50pS9SF/Wg/TlEjgxRE8",
"dfb6a2e2-cf19-4806-a10f-cf1c083704e6","ORNL_003.tickPlot.tck","D07","ORNL","ORNL_003","distributed","deciduousForest",35.967011,-84.229849,"WGS84",20.2,275.5,0.2,"2016-10-06T15:00Z","ORNL.2016.40","ORNL_003.20161006",,"drag and flag",170,"Y",0,1,336,"No known compromise","NEON.DOC.014045vG","WmAojBj4q9lPhur9nwi+LcYtlz/DsGor",
"08123eb0-a773-4ce0-bd5b-ab104431feb1","ORNL_009.tickPlot.tck","D07","ORNL","ORNL_009","distributed","deciduousForest",35.974902,-84.226630,"WGS84",20.2,337.1,0.2,"2016-10-06T15:45Z","ORNL.2016.40","ORNL_009.20161006",,"drag",166,"Y",0,0,281,"No known compromise","NEON.DOC.014045vG","WmAojBj4q9lPhur9nwi+LcYtlz/DsGor",
"8accc18a-126e-4566-a135-539161137f6d","ORNL_040.tickPlot.tck","D07","ORNL","ORNL_040","distributed","evergreenForest",35.975525,-84.305103,"WGS84",20.2,273.2,0.2,"2016-10-06T15:53Z","ORNL.2016.40","ORNL_040.20161006",,"drag",160,"Y",0,0,2,"No known compromise","NEON.DOC.014045vG","B89Z/IeBZxVUVqkZavcPJo3avqhPk8Rn",
"a2f9e372-2451-47b9-9ee4-a15cf5c7d908","ORNL_008.tickPlot.tck","D07","ORNL","ORNL_008","distributed","deciduousForest",35.933531,-84.334016,"WGS84",20.3,322.7,0.3,"2016-10-07T13:30Z","ORNL.2016.40",,,"drag",160,"N",0,0,0,"No known compromise","NEON.DOC.014045vG","a/aqUH+4CfiBgwLfCE3X31nn4h1Dbw12",
"9c43a486-fe97-444b-b43b-43055b93c36c","ORNL_040.tickPlot.tck","D07","ORNL","ORNL_040","distributed","evergreenForest",35.975525,-84.305103,"WGS84",20.2,273.2,0.2,"2016-10-26T13:34Z","ORNL.2016.43",,,"drag",163,"N",0,0,0,"No known compromise","NEON.DOC.014045vG","B89Z/IeBZxVUVqkZavcPJo3avqhPk8Rn",
"5d95050e-8483-4818-8201-7c94051c3cd1","ORNL_002.tickPlot.tck","D07","ORNL","ORNL_002","distributed","deciduousForest",35.983090,-84.211654,"WGS84",20.3,338.6,0.5,"2016-10-26T13:40Z","ORNL.2016.43",,,"drag",165,"N",0,0,0,"No known compromise","NEON.DOC.014045vG","qUVO/nUAMfdJop3kv4Cvwz9twxCm+mTQqC6nCO2BLeA=",
"cfde2351-807d-4a5b-b87f-663b9301a50c","ORNL_008.tickPlot.tck","D07","ORNL","ORNL_008","distributed","deciduousForest",35.933531,-84.334016,"WGS84",20.3,322.7,0.3,"2016-10-26T14:29Z","ORNL.2016.43",,,"drag",160,"N",0,0,0,"No known compromise","NEON.DOC.014045vG","zAuTdQ8TLTOCAVE+XhtWnklq56XAz8bt",
"5abfc5e2-68ce-4696-b709-a511ef14fcc2","ORNL_009.tickPlot.tck","D07","ORNL","ORNL_009","distributed","deciduousForest",35.974902,-84.226630,"WGS84",20.2,337.1,0.2,"2016-10-26T14:39Z","ORNL.2016.43",,,"drag and flag",162,"N",0,0,0,"No known compromise","NEON.DOC.014045vG","qUVO/nUAMfdJop3kv4Cvwz9twxCm+mTQqC6nCO2BLeA=",
"c78f182e-162f-4a92-9ed8-b89fa73bff7f","ORNL_007.tickPlot.tck","D07","ORNL","ORNL_007","distributed","deciduousForest",35.925843,-84.328420,"WGS84",20.2,279.4,0.5,"2016-10-26T15:15Z","ORNL.2016.43",,,"drag and flag",162,"N",0,0,0,"No known compromise","NEON.DOC.014045vG","zAuTdQ8TLTOCAVE+XhtWnklq56XAz8bt",
"120d7a26-32be-4b99-a6c4-058ae2531fbc","ORNL_003.tickPlot.tck","D07","ORNL","ORNL_003","distributed","deciduousForest",35.967011,-84.229849,"WGS84",20.2,275.5,0.2,"2016-10-26T15:38Z","ORNL.2016.43",,,"drag and flag",165,"N",0,0,0,"No known compromise","NEON.DOC.014045vG","qUVO/nUAMfdJop3kv4Cvwz9twxCm+mTQqC6nCO2BLeA=",
