uid,namedLocation,domainID,siteID,plotID,plotType,nlcdClass,decimalLatitude,decimalLongitude,geodeticDatum,coordinateUncertainty,elevation,elevationUncertainty,collectDate,eventID,sampleID,sampleCode,samplingMethod,totalSampledArea,targetTaxaPresent,adultCount,nymphCount,larvaCount,sampleCondition,samplingProtocolVersion,measuredBy,remarks
"8709c132-085d-423b-9232-36ede54d1a7d","HARV_004.tickPlot.tck","D01","HARV","HARV_004","distributed","mixedForest",42.426878,-72.227943,"WGS84",20.3,185.9,0.3,"2014-07-14T14:00Z","HARV.2014.28","HARV_004.20140714",,"drag and flag",170,"Y",0,1,0,"No known compromise","NEON.DOC.014045vD","hj7Xm3r1ztpJ3/urJLAfrQ==","Organisms collected appear to be mites under microscope though were originally recorded as approx. 350 larvae. Kept sample as no expert is on hand to make positive ID"
"9e8faabb-baa8-4ee7-b9bc-ab79103ed9d2","HARV_020.tickPlot.tck","D01","HARV","HARV_020","distributed","woodyWetlands",42.438157,-72.228923,"WGS84",20.2,228.3,0.3,"2014-07-14T16:40Z","HARV.2014.28","HARV_020.20140714",,"drag and flag",165,"Y",0,1,5,"No known compromise","NEON.DOC.014045vD","/3bcEKq5VKxtZhnURtKeew==",
"665caa28-e1ca-4834-9868-0043c2141323","HARV_001.tickPlot.tck","D01","HARV","HARV_001","distributed","deciduousForest",42.424227,-72.260097,"WGS84",20.2,201.1,0.3,"2014-07-14T17:53Z","HARV.2014.28","HARV_001.20140714",,"drag and flag",170,"Y",0,5,0,"No known compromise","NEON.DOC.014045vD","/3bcEKq5VKxtZhnURtKeew==",
"9ce0087b-7928-4bf8-bcfd-18208913ff9c","HARV_026.tickPlot.tck","D01","HARV","HARV_026","distributed","evergreenForest",42.412068,-72.246529,"WGS84",20.2,185.7,0.3,"2014-07-14T19:18Z","HARV.2014.28","HARV_026.20140714",,"drag and flag",170,"Y",0,3,1,"No known compromise","NEON.DOC.014045vD","/3bcEKq5VKxtZhnURtKeew==","QC: NO ERROR"
"b165f7d3-d19b-48d0-a1b9-86e1df44cd13","HARV_022.tickPlot.tck","D01","HARV","HARV_022","distributed","evergreenForest",42.435462,-72.199291,"WGS84",20.3,186.3,0.3,"2014-07-17T13:21Z","HARV.2014.28","HARV_022.20140717",,"drag and flag",165,"Y",0,11,0,"No known compromise","NEON.DOC.014045vD","hj7Xm3r1ztpJ3/urJLAfrQ==",
"4b32c70c-00c8-443b-835e-4e599b46f9ae","HARV_006.tickPlot.tck","D01","HARV","HARV_006","distributed","deciduousForest",42.401938,-72.252716,"WGS84",20.2,190.4,0.3,"2014-07-17T15:27Z","HARV.2014.28","HARV_006.20140717",,"drag and flag",165,"Y",1,7,0,"No known compromise","NEON.DOC.014045vD","hj7Xm3r1ztpJ3/urJLAfrQ==",
