uid,namedLocation,plotID,collectDate,identifiedDate,sampleID,subsampleID,scientificName,acceptedTaxonID,taxonRank,family,subfamily,tribe,subtribe,genus,subgenus,specificEpithet,infraspecificEpithet,identificationQualifier,identificationReferences,identificationProtocolVersion,scientificNameAuthorship,sexOrAge,individualCount,sampleCondition,archiveMedium,archiveFacilityID,deprecatedVialID,identifiedBy,laboratoryName,remarks
"7a0edff1-ed7f-470b-b920-2dd5b990f65e","HARV_004.tickPlot.tck","HARV_004","2014-07-14T14:00Z","2015-09-22T16:00Z","HARV_004.20140714","HARV_004.20140714.IXOSCA.N","Ixodes scapularis","IXOSCA","species","Ixodidae",,,,"Ixodes",,"scapularis",,,"Keirans, J. E., and C. M. Clifford. 1978. The genus Ixodes in the United States: a scanning electron microscope study and key to the adults. Journal of Medical Entomology, 15(Supplement 2):1-38.","GSU_tickIdentification_SOP_2016-11-01.pdf","Say","Nymph",1,"OK","90% ethanol","125401",,"P.Panhorst/L. Beati","Georgia Southern University","Many specimens are arachnid, but may not be target species"
"55e0b663-3da1-4fe5-8d6b-bb6a28924080","HARV_020.tickPlot.tck","HARV_020","2014-07-14T16:40Z","2015-09-26T16:00Z","HARV_020.20140714","HARV_020.20140714.IXOSCA.N","Ixodes scapularis","IXOSCA","species","Ixodidae",,,,"Ixodes",,"scapularis",,,"Keirans, J. E., and C. M. Clifford. 1978. The genus Ixodes in the United States: a scanning electron microscope study and key to the adults. Journal of Medical Entomology, 15(Supplement 2):1-38.","GSU_tickIdentification_SOP_2016-11-01.pdf","Say","Nymph",1,"OK","95% ethanol","125420","HARV_020.20140714.IXOSCA.N","P.Panhorst/L. Beati","Georgia Southern University",
"b6138fb3-5c33-440a-badb-d4c843b5eb19","HARV_001.tickPlot.tck","HARV_001","2014-07-14T17:53Z","2015-09-22T12:00Z","HARV_001.20140714","HARV_001.20140714.IXOSCA.N","Ixodes scapularis","IXOSCA","species","Ixodidae",,,,"Ixodes",,"scapularis",,,"Keirans, J. E., and C. M. Clifford. 1978. The genus Ixodes in the United States: a scanning electron microscope study and key to the adults. Journal of Medical Entomology, 15(Supplement 2):1-38.","GSU_tickIdentification_SOP_2016-11-01.pdf","Say","Nymph",5,"OK","95% ethanol","125395",,"P.Panhorst/L. Beati","Georgia Southern University",
"65b736dc-83ba-484d-a29c-523642b53cc4","HARV_026.tickPlot.tck","HARV_026","2014-07-14T19:18Z","2015-09-27T16:00Z","HARV_026.20140714","HARV_026.20140714.IXOSCA.N","Ixodes scapularis","IXOSCA","species","Ixodidae",,,,"Ixodes",,"scapularis",,,"Keirans, J. E., and C. M. Clifford. 1978. The genus Ixodes in the United States: a scanning electron microscope study and key to the adults. Journal of Medical Entomology, 15(Supplement 2):1-38.","GSU_tickIdentification_SOP_2016-11-01.pdf","Say","Nymph",3,"OK","90% ethanol","125442",,"M. Bishof/L. Beati","Georgia Southern University",
"ffdb965b-a61a-4623-8275-6e2842054a7a","HARV_022.tickPlot.tck","HARV_022","2014-07-17T13:21Z","2015-09-26T16:00Z","HARV_022.20140717","HARV_022.20140717.DERVAR.N","Dermacentor variabilis","DERVAR","species","Ixodidae",,,,"Dermacentor",,"variabilis",,,"Yunker, C. E., Keirans, J. E., Clifford, C. M., and E. R. Easton. 1986. Dermacentor ticks (Acari: Ixodoidea: Ixodidae) of the New World: a scanning electron microscope atlas. Proceedings of the Entomological Society of Washington, 88(4):609-627.","GSU_tickIdentification_SOP_2016-11-01.pdf","Say","Nymph",2,"OK","90% ethanol","125431",,"P.Panhorst/L. Beati","Georgia Southern University",
"4b95f6ac-fa25-47ff-88f9-7a78cbec986d","HARV_022.tickPlot.tck","HARV_022","2014-07-17T13:21Z","2015-09-26T16:00Z","HARV_022.20140717","HARV_022.20140717.IXOSCA.N","Ixodes scapularis","IXOSCA","species","Ixodidae",,,,"Ixodes",,"scapularis",,,"Keirans, J. E., and C. M. Clifford. 1978. The genus Ixodes in the United States: a scanning electron microscope study and key to the adults. Journal of Medical Entomology, 15(Supplement 2):1-38.","GSU_tickIdentification_SOP_2016-11-01.pdf","Say","Nymph",9,"OK","90% ethanol","125431",,"P.Panhorst/L. Beati","Georgia Southern University",
"1cac3a84-352b-45f6-98b3-34f6a63cac72","HARV_006.tickPlot.tck","HARV_006","2014-07-17T15:27Z","2015-09-18T16:00Z","HARV_006.20140717","HARV_006.20140717.IXOSCA.N","Ixodes scapularis","IXOSCA","species","Ixodidae",,,,"Ixodes",,"scapularis",,,"Keirans, J. E., and C. M. Clifford. 1978. The genus Ixodes in the United States: a scanning electron microscope study and key to the adults. Journal of Medical Entomology, 15(Supplement 2):1-38.","GSU_tickIdentification_SOP_2016-11-01.pdf","Say","Nymph",6,"OK","90% ethanol","125410",,"P.Panhorst/L. Beati","Georgia Southern University",
"0dc9a5ec-ce1d-4571-a366-89fb983c3eae","HARV_006.tickPlot.tck","HARV_006","2014-07-17T15:27Z","2015-09-18T16:00Z","HARV_006.20140717","HARV_006.20140717.IXOSCA.M","Ixodes scapularis","IXOSCA","species","Ixodidae",,,,"Ixodes",,"scapularis",,,"Keirans, J. E., and C. M. Clifford. 1978. The genus Ixodes in the United States: a scanning electron microscope study and key to the adults. Journal of Medical Entomology, 15(Supplement 2):1-38.","GSU_tickIdentification_SOP_2016-11-01.pdf","Say","Male",1,"OK","90% ethanol","125410",,"P.Panhorst/L. Beati","Georgia Southern University",
