uid,namedLocation,domainID,siteID,plotID,plotType,nlcdClass,decimalLatitude,decimalLongitude,geodeticDatum,coordinateUncertainty,elevation,elevationUncertainty,collectDate,eventID,sampleID,sampleCode,samplingMethod,totalSampledArea,targetTaxaPresent,adultCount,nymphCount,larvaCount,sampleCondition,samplingProtocolVersion,measuredBy,remarks
"d0cdba84-e2c4-482d-a9e1-5e3011e9a6e8","SERC_023.tickPlot.tck","D02","SERC","SERC_023","distributed","cultivatedCrops",38.873978,-76.535925,"WGS84",20.1,6.7,0.1,"2016-07-06T13:15Z","SERC.2016.27",,,"drag",160,"N",0,0,0,"No known compromise","NEON.DOC.014045vG","/AhbGCCF27wHz9TggrmS1nLN8zUO+zcB","Established flags"
"58abfdbd-633b-4385-a60c-f6b458b51f47","SERC_001.tickPlot.tck","D02","SERC","SERC_001","distributed","deciduousForest",38.868186,-76.535306,"WGS84",20.2,2.1,0.2,"2016-07-06T14:21Z","SERC.2016.27","SERC_001.20160706",,"drag",165,"Y",1,15,53,"No known compromise","NEON.DOC.014045vG","/AhbGCCF27wHz9TggrmS1nLN8zUO+zcB","Spilled first vial on cloth; a few may have been lost; 15 larva in vial 01; 38 larva in vial 02"
"8ae2fae2-59f0-443a-bd27-207326398cb4","SERC_012.tickPlot.tck","D02","SERC","SERC_012","distributed","deciduousForest",38.880010,-76.561648,"WGS84",20.2,20.1,0.2,"2016-07-06T15:49Z","SERC.2016.27","SERC_012.20160706",,"drag",160,"Y",0,16,1,"No known compromise","NEON.DOC.014045vG","/AhbGCCF27wHz9TggrmS1nLN8zUO+zcB",
"20e01648-d147-4a86-86de-5149ec583089","SERC_005.tickPlot.tck","D02","SERC","SERC_005","distributed","deciduousForest",38.894060,-76.546307,"WGS84",20.3,8.5,0.5,"2016-07-06T17:20Z","SERC.2016.27","SERC_005.20160706",,"drag",149,"Y",0,4,44,"No known compromise","NEON.DOC.014045vG","/AhbGCCF27wHz9TggrmS1nLN8zUO+zcB",
"5f2be564-459f-48fd-aed6-c5eb5995be0e","SERC_006.tickPlot.tck","D02","SERC","SERC_006","distributed","deciduousForest",38.880025,-76.548376,"WGS84",20.2,2.6,0.3,"2016-07-06T18:37Z","SERC.2016.27","SERC_006.20160706",,"drag",160,"Y",1,5,17,"No known compromise","NEON.DOC.014045vG","/AhbGCCF27wHz9TggrmS1nLN8zUO+zcB",
"4e163fe4-d07c-4153-acab-e01d0ba51471","SERC_002.tickPlot.tck","D02","SERC","SERC_002","distributed","deciduousForest",38.896262,-76.558166,"WGS84",20.2,17.0,0.3,"2016-07-06T19:43Z","SERC.2016.27","SERC_002.20160706",,"drag",165,"Y",1,38,91,"No known compromise","NEON.DOC.014045vG","/AhbGCCF27wHz9TggrmS1nLN8zUO+zcB",
"4f5d300f-9bb3-4d62-8b0d-bee51cb4c08d","SERC_012.tickPlot.tck","D02","SERC","SERC_012","distributed","deciduousForest",38.880010,-76.561648,"WGS84",20.2,20.1,0.2,"2016-07-25T05:40Z","SERC.2016.30","SERC_012.20160725",,"drag",160,"Y",0,4,9,"No known compromise","NEON.DOC.014045vG","p8WKbOBZs5/CRPjq/1HrITk8Sf0GvCtj",
"3fbb2ec5-0b2e-44ee-b596-65cd67f77651","SERC_023.tickPlot.tck","D02","SERC","SERC_023","distributed","cultivatedCrops",38.873978,-76.535925,"WGS84",20.1,6.7,0.1,"2016-07-25T15:09Z","SERC.2016.30",,,"drag",160,"N",0,0,0,"No known compromise","NEON.DOC.014045vG","p8WKbOBZs5/CRPjq/1HrITk8Sf0GvCtj",
"66cd5f48-2b0c-439d-add0-45a336fb6d14","SERC_001.tickPlot.tck","D02","SERC","SERC_001","distributed","deciduousForest",38.868186,-76.535306,"WGS84",20.2,2.1,0.2,"2016-07-25T16:08Z","SERC.2016.30","SERC_001.20160725",,"drag",160,"Y",0,12,24,"No known compromise","NEON.DOC.014045vG","p8WKbOBZs5/CRPjq/1HrITk8Sf0GvCtj",
"abdc52a4-b3c4-4cca-8740-3e18980bff51","SERC_005.tickPlot.tck","D02","SERC","SERC_005","distributed","deciduousForest",38.894060,-76.546307,"WGS84",20.3,8.5,0.5,"2016-07-25T18:52Z","SERC.2016.30","SERC_005.20160725",,"drag",134,"Y",1,4,51,"No known compromise","NEON.DOC.014045vG","p8WKbOBZs5/CRPjq/1HrITk8Sf0GvCtj",
"f89b14e5-dfa4-4919-83b8-3f53b41cb21b","SERC_006.tickPlot.tck","D02","SERC","SERC_006","distributed","deciduousForest",38.880025,-76.548376,"WGS84",20.2,2.6,0.3,"2016-07-28T10:55Z","SERC.2016.30","SERC_006.20160728",,"drag",162,"Y",1,4,16,"No known compromise","NEON.DOC.014045vG","U18KKLgy4dYY63Svm9dn02PbL6LWTteW",
"31a27a0f-406a-49a6-a3b8-10fa32272f8c","SERC_002.tickPlot.tck","D02","SERC","SERC_002","distributed","deciduousForest",38.896262,-76.558166,"WGS84",20.2,17.0,0.3,"2016-07-28T13:40Z","SERC.2016.30","SERC_002.20160728",,"drag and flag",168,"Y",0,44,73,"No known compromise","NEON.DOC.014045vG","U18KKLgy4dYY63Svm9dn02PbL6LWTteW",
