uid,namedLocation,plotID,collectDate,identifiedDate,sampleID,subsampleID,scientificName,acceptedTaxonID,taxonRank,family,subfamily,tribe,subtribe,genus,subgenus,specificEpithet,infraspecificEpithet,identificationQualifier,identificationReferences,identificationProtocolVersion,scientificNameAuthorship,sexOrAge,individualCount,sampleCondition,archiveMedium,archiveFacilityID,deprecatedVialID,identifiedBy,laboratoryName,remarks
"c5b03658-a656-4b7f-b4b5-fa1cad7a35a8","SERC_001.tickPlot.tck","SERC_001","2016-07-06T14:21Z","2017-05-18T16:00Z","SERC_001.20160706","SERC_001.20160706.IXOSCA.N","Ixodes scapularis","IXOSCA","species","Ixodidae",,,,"Ixodes",,"scapularis",,,"Cooley, R. A. and G. M. Kohls. 1945. The genus Ixodes in North America. National Institute of Health Bulletin, 184.","GSU_tickIdentification_SOP_2016-11-01.pdf","Say","Nymph",7,"OK","RNA stabilization buffer","USNMENT00984243","SERC_001.20160706.1.IXOSCA.N","Lorenza Beati","Georgia Southern University",
"387147a0-2f05-49ae-9470-085f75764146","SERC_001.tickPlot.tck","SERC_001","2016-07-06T14:21Z","2017-05-18T16:00Z","SERC_001.20160706","SERC_001.20160706.AMBAME.N","Amblyomma americanum","AMBAME","species","Ixodidae",,,,"Amblyomma",,"americanum",,,"Cooley, R. A. and G. M. Kohls. 1944. The genus Amblyomma (ixodidae) in the United States. The Journal of Parasitology, 30(2):77-111.","GSU_tickIdentification_SOP_2016-11-01.pdf","Linnaeus","Nymph",7,"OK","RNA stabilization buffer","USNMENT00864640","SERC_001.20160706.1.AMBAME.N","Lorenza Beati","Georgia Southern University",
"9189aae3-626d-4649-a18a-a80de69605b5","SERC_001.tickPlot.tck","SERC_001","2016-07-06T14:21Z","2017-05-18T16:00Z","SERC_001.20160706","SERC_001.20160706.AMBAME.F","Amblyomma americanum","AMBAME","species","Ixodidae",,,,"Amblyomma",,"americanum",,,"Cooley, R. A. and G. M. Kohls. 1944. The genus Amblyomma (ixodidae) in the United States. The Journal of Parasitology, 30(2):77-111.","GSU_tickIdentification_SOP_2016-11-01.pdf","Linnaeus","Female",1,"OK","RNA stabilization buffer","USNMENT00984244","SERC_001.20160706.1.AMBAME.F","Lorenza Beati","Georgia Southern University",
"10ddc53c-7885-4e8c-aa5d-61285ed4dd4f","SERC_012.tickPlot.tck","SERC_012","2016-07-06T15:49Z","2017-05-18T16:00Z","SERC_012.20160706","SERC_012.20160706.AMBAME.N","Amblyomma americanum","AMBAME","species","Ixodidae",,,,"Amblyomma",,"americanum",,,"Cooley, R. A. and G. M. Kohls. 1944. The genus Amblyomma (ixodidae) in the United States. The Journal of Parasitology, 30(2):77-111.","GSU_tickIdentification_SOP_2016-11-01.pdf","Linnaeus","Nymph",11,"OK","RNA stabilization buffer","USNMENT00864647","SERC_012.20160706.1.AMBAME.N","Lorenza Beati","Georgia Southern University",
"ec070dff-4cfc-408a-bf0b-1ffafe5db633","SERC_012.tickPlot.tck","SERC_012","2016-07-06T15:49Z","2017-04-08T16:00Z","SERC_012.20160706","SERC_012.20160706.IXOSP.L","Ixodidae sp.","IXOSP","family","Ixodidae",,,,,,"sp.",,,,"GSU_tickIdentification_SOP_2016-11-01.pdf",,"Larva",1,"OK","RNA stabilization buffer","USNMENT00984255","SERC_012.20160706.1.L","Guy Hobbs","Georgia Southern University",
"370e75e0-8206-40a2-a9c0-38002220bcb0","SERC_012.tickPlot.tck","SERC_012","2016-07-06T15:49Z","2017-05-18T16:00Z","SERC_012.20160706","SERC_012.20160706.IXOSCA.N","Ixodes scapularis","IXOSCA","species","Ixodidae",,,,"Ixodes",,"scapularis",,,"Cooley, R. A. and G. M. Kohls. 1945. The genus Ixodes in North America. National Institute of Health Bulletin, 184.","GSU_tickIdentification_SOP_2016-11-01.pdf","Say","Nymph",9,"OK","RNA stabilization buffer","USNMENT00984254","SERC_012.20160706.1.IXOSCA.N","Lorenza Beati","Georgia Southern University",
"9e1b20c4-6072-4f40-ad32-a0d54d303f90","SERC_005.tickPlot.tck","SERC_005","2016-07-06T17:20Z","2017-05-18T16:00Z","SERC_005.20160706","SERC_005.20160706.AMBAME.N","Amblyomma americanum","AMBAME","species","Ixodidae",,,,"Amblyomma",,"americanum",,,"Cooley, R. A. and G. M. Kohls. 1944. The genus Amblyomma (ixodidae) in the United States. The Journal of Parasitology, 30(2):77-111.","GSU_tickIdentification_SOP_2016-11-01.pdf","Linnaeus","Nymph",2,"OK","RNA stabilization buffer","USNMENT00864652","SERC_005.20160706.1.AMBAME.N","Lorenza Beati","Georgia Southern University",
"3515f621-12a7-4ac7-a719-aa1697e5d40d","SERC_005.tickPlot.tck","SERC_005","2016-07-06T17:20Z","2017-04-08T16:00Z","SERC_005.20160706","SERC_005.20160706.IXOSP.L","Ixodidae sp.","IXOSP","family","Ixodidae",,,,,,"sp.",,,,"GSU_tickIdentification_SOP_2016-11-01.pdf",,"Larva",1,"OK","RNA stabilization buffer","USNMENT00984250","SERC_005.20160706.2.L","Guy Hobbs","Georgia Southern University",
"a3574603-c85b-4c69-9394-4d180d478ae7","SERC_005.tickPlot.tck","SERC_005","2016-07-06T17:20Z","2017-05-18T16:00Z","SERC_005.20160706","SERC_005.20160706.IXOSCA.N","Ixodes scapularis","IXOSCA","species","Ixodidae",,,,"Ixodes",,"scapularis",,,"Cooley, R. A. and G. M. Kohls. 1945. The genus Ixodes in North America. National Institute of Health Bulletin, 184.","GSU_tickIdentification_SOP_2016-11-01.pdf","Say","Nymph",2,"OK","RNA stabilization buffer","USNMENT00984249","SERC_005.20160706.1.IXOSCA.N","Lorenza Beati","Georgia Southern University",
"c4b6eeb1-78f1-4847-ad9e-2270f498e775","SERC_006.tickPlot.tck","SERC_006","2016-07-06T18:37Z","2017-04-08T16:00Z","SERC_006.20160706","SERC_006.20160706.IXOSP.L","Ixodidae sp.","IXOSP","family","Ixodidae",,,,,,"sp.",,,,"GSU_tickIdentification_SOP_2016-11-01.pdf",,"Larva",1,"OK","RNA stabilization buffer","USNMENT00984253","SERC_006.20160706.2.L","Guy Hobbs","Georgia Southern University",
"3d74d494-31f4-442a-a3bf-d6e1de1dd34d","SERC_006.tickPlot.tck","SERC_006","2016-07-06T18:37Z","2017-04-08T16:00Z","SERC_006.20160706","SERC_006.20160706.AMBAME.M","Amblyomma americanum","AMBAME","species","Ixodidae",,,,"Amblyomma",,"americanum",,,"Cooley, R. A. and G. M. Kohls. 1944. The genus Amblyomma (ixodidae) in the United States. The Journal of Parasitology, 30(2):77-111.","GSU_tickIdentification_SOP_2016-11-01.pdf","Linnaeus","Male",1,"OK","RNA stabilization buffer","USNMENT00984252","SERC_006.20160706.1.AMBAME.M","Guy Hobbs","Georgia Southern University",
"ccfdef7a-76e7-4965-9321-d1be90ab279b","SERC_006.tickPlot.tck","SERC_006","2016-07-06T18:37Z","2017-05-19T16:00Z","SERC_006.20160706","SERC_006.20160706.IXOSCA.N","Ixodes scapularis","IXOSCA","species","Ixodidae",,,,"Ixodes",,"scapularis",,,"Cooley, R. A. and G. M. Kohls. 1945. The genus Ixodes in North America. National Institute of Health Bulletin, 184.","GSU_tickIdentification_SOP_2016-11-01.pdf","Say","Nymph",5,"OK","RNA stabilization buffer","USNMENT00984251","SERC_006.20160706.1.IXOSCA.N","Lorenza Beati","Georgia Southern University",
"cb2eb411-6a87-4225-9720-5fd71e76d03f","SERC_002.tickPlot.tck","SERC_002","2016-07-06T19:43Z","2017-04-07T16:00Z","SERC_002.20160706","SERC_002.20160706.AMBAME.F","Amblyomma americanum","AMBAME","species","Ixodidae",,,,"Amblyomma",,"americanum",,,"Cooley, R. A. and G. M. Kohls. 1944. The genus Amblyomma (ixodidae) in the United States. The Journal of Parasitology, 30(2):77-111.","GSU_tickIdentification_SOP_2016-11-01.pdf","Linnaeus","Female",1,"OK","RNA stabilization buffer","USNMENT00984247","SERC_002.20160706.1.AMBAME.F","Guy Hobbs","Georgia Southern University",
"d117a80b-94d6-40c6-afd5-e153bde81277","SERC_002.tickPlot.tck","SERC_002","2016-07-06T19:43Z","2017-05-18T16:00Z","SERC_002.20160706","SERC_002.20160706.IXOSCA.N","Ixodes scapularis","IXOSCA","species","Ixodidae",,,,"Ixodes",,"scapularis",,,"Cooley, R. A. and G. M. Kohls. 1945. The genus Ixodes in North America. National Institute of Health Bulletin, 184.","GSU_tickIdentification_SOP_2016-11-01.pdf","Say","Nymph",11,"OK","RNA stabilization buffer","USNMENT00984246","SERC_002.20160706.1.IXOSCA.N","Lorenza Beati","Georgia Southern University",
"b9c9c8ce-5cc1-4b0c-9c94-3f74c2158622","SERC_002.tickPlot.tck","SERC_002","2016-07-06T19:43Z","2017-04-08T16:00Z","SERC_002.20160706","SERC_002.20160706.IXOSP.L","Ixodidae sp.","IXOSP","family","Ixodidae",,,,,,"sp.",,,,"GSU_tickIdentification_SOP_2016-11-01.pdf",,"Larva",1,"OK","RNA stabilization buffer","USNMENT00984248","SERC_002.20160706.2.L","Guy Hobbs","Georgia Southern University",
"e7538bda-e66c-4c7e-9dd4-e728da3bd83a","SERC_002.tickPlot.tck","SERC_002","2016-07-06T19:43Z","2017-05-18T16:00Z","SERC_002.20160706","SERC_002.20160706.AMBAME.N","Amblyomma americanum","AMBAME","species","Ixodidae",,,,"Amblyomma",,"americanum",,,"Cooley, R. A. and G. M. Kohls. 1944. The genus Amblyomma (ixodidae) in the United States. The Journal of Parasitology, 30(2):77-111.","GSU_tickIdentification_SOP_2016-11-01.pdf","Linnaeus","Nymph",26,"OK","RNA stabilization buffer","USNMENT00864650","SERC_002.20160706.1.AMBAME.N","Lorenza Beati","Georgia Southern University",
"19575456-394d-4086-9a49-e268a90a85ec","SERC_012.tickPlot.tck","SERC_012","2016-07-25T05:40Z","2017-05-18T16:00Z","SERC_012.20160725","SERC_012.20160725.IXOSCA.N","Ixodes scapularis","IXOSCA","species","Ixodidae",,,,"Ixodes",,"scapularis",,,"Cooley, R. A. and G. M. Kohls. 1945. The genus Ixodes in North America. National Institute of Health Bulletin, 184.","GSU_tickIdentification_SOP_2016-11-01.pdf","Say","Nymph",3,"OK","RNA stabilization buffer","USNMENT00984396","SERC_012.20160725.1.IXOSCA.N","Lorenza Beati","Georgia Southern University",
"a339d475-f306-49ab-bc26-51979d6272d1","SERC_012.tickPlot.tck","SERC_012","2016-07-25T05:40Z","2017-05-18T16:00Z","SERC_012.20160725","SERC_012.20160725.AMBAME.N","Amblyomma americanum","AMBAME","species","Ixodidae",,,,"Amblyomma",,"americanum",,,"Cooley, R. A. and G. M. Kohls. 1944. The genus Amblyomma (ixodidae) in the United States. The Journal of Parasitology, 30(2):77-111.","GSU_tickIdentification_SOP_2016-11-01.pdf","Linnaeus","Nymph",2,"OK","RNA stabilization buffer","USNMENT00864643","SERC_012.20160725.1.AMBAME.N","Lorenza Beati","Georgia Southern University",
"e76fd4af-8c41-45cf-852a-b55a0f8f7f6e","SERC_001.tickPlot.tck","SERC_001","2016-07-25T16:08Z","2017-05-18T16:00Z","SERC_001.20160725","SERC_001.20160725.IXOSCA.N","Ixodes scapularis","IXOSCA","species","Ixodidae",,,,"Ixodes",,"scapularis",,,"Cooley, R. A. and G. M. Kohls. 1945. The genus Ixodes in North America. National Institute of Health Bulletin, 184.","GSU_tickIdentification_SOP_2016-11-01.pdf","Say","Nymph",2,"OK","RNA stabilization buffer","USNMENT00984283","SERC_001.20160725.1.IXOSCA.N","Lorenza Beati","Georgia Southern University",
"6e104668-2f57-47e5-a876-aa7ae1cd1eef","SERC_005.tickPlot.tck","SERC_005","2016-07-25T18:52Z","2017-05-18T16:00Z","SERC_005.20160725","SERC_005.20160725.AMBAME.F","Amblyomma americanum","AMBAME","species","Ixodidae",,,,"Amblyomma",,"americanum",,,"Cooley, R. A. and G. M. Kohls. 1944. The genus Amblyomma (ixodidae) in the United States. The Journal of Parasitology, 30(2):77-111.","GSU_tickIdentification_SOP_2016-11-01.pdf","Linnaeus","Female",1,"OK","RNA stabilization buffer","USNMENT00984390","SERC_005.20160725.1.AMBAME.F","Lorenza Beati","Georgia Southern University",
"25e0a372-a375-4091-9e78-75c8adacab20","SERC_005.tickPlot.tck","SERC_005","2016-07-25T18:52Z","2017-05-18T16:00Z","SERC_005.20160725","SERC_005.20160725.IXOSCA.N","Ixodes scapularis","IXOSCA","species","Ixodidae",,,,"Ixodes",,"scapularis",,,"Cooley, R. A. and G. M. Kohls. 1945. The genus Ixodes in North America. National Institute of Health Bulletin, 184.","GSU_tickIdentification_SOP_2016-11-01.pdf","Say","Nymph",2,"OK","RNA stabilization buffer","USNMENT00984388","SERC_005.20160725.1.IXOSCA.N","Lorenza Beati","Georgia Southern University",
"f3ff133d-3978-4ba2-915e-ff43ea22f888","SERC_005.tickPlot.tck","SERC_005","2016-07-25T18:52Z","2017-04-20T16:00Z","SERC_005.20160725","SERC_005.20160725.IXOSP.L","Ixodidae sp.","IXOSP","family","Ixodidae",,,,,,"sp.",,,,"GSU_tickIdentification_SOP_2016-11-01.pdf",,"Larva",1,"OK","RNA stabilization buffer","USNMENT00984389","SERC_005.20160725.1.L","Guy Hobbs","Georgia Southern University",
"30b91dff-37e8-473e-8367-7bd47697ebd0","SERC_005.tickPlot.tck","SERC_005","2016-07-25T18:52Z","2017-05-18T16:00Z","SERC_005.20160725","SERC_005.20160725.AMBAME.N","Amblyomma americanum","AMBAME","species","Ixodidae",,,,"Amblyomma",,"americanum",,,"Cooley, R. A. and G. M. Kohls. 1944. The genus Amblyomma (ixodidae) in the United States. The Journal of Parasitology, 30(2):77-111.","GSU_tickIdentification_SOP_2016-11-01.pdf","Linnaeus","Nymph",2,"OK","RNA stabilization buffer","USNMENT00864648","SERC_005.20160725.1.AMBAME.N","Lorenza Beati","Georgia Southern University",
"4408dd53-d3e4-4b2b-a776-5709d33a0dd3","SERC_006.tickPlot.tck","SERC_006","2016-07-28T10:55Z","2017-05-18T16:00Z","SERC_006.20160728","SERC_006.20160728.AMBAME.N","Amblyomma americanum","AMBAME","species","Ixodidae",,,,"Amblyomma",,"americanum",,,"Cooley, R. A. and G. M. Kohls. 1944. The genus Amblyomma (ixodidae) in the United States. The Journal of Parasitology, 30(2):77-111.","GSU_tickIdentification_SOP_2016-11-01.pdf","Linnaeus","Nymph",2,"OK","RNA stabilization buffer","USNMENT00984392","SERC_006.20160728.1.AMBAME.N","Lorenza Beati","Georgia Southern University",
"62560e9c-ab11-47f5-81a1-fe13dab3900a","SERC_006.tickPlot.tck","SERC_006","2016-07-28T10:55Z","2017-04-20T16:00Z","SERC_006.20160728","SERC_006.20160728.DERVAR.M","Dermacentor variabilis","DERVAR","species","Ixodidae",,,,"Dermacentor",,"variabilis",,,"Yunker, C. E., Keirans, J. E., Clifford, C. M., and E. R. Easton. 1986. Dermacentor ticks (Acari: Ixodoidea: Ixodidae) of the New World: a scanning electron microscope atlas. Proceedings of the Entomological Society of Washington, 88(4):609-627.","GSU_tickIdentification_SOP_2016-11-01.pdf","Say","Male",1,"OK","RNA stabilization buffer","USNMENT00984395","SERC_006.20160728.2.DERVAR.M","Guy Hobbs","Georgia Southern University",
"ce796a08-312f-4251-abb4-6c3358ee081f","SERC_006.tickPlot.tck","SERC_006","2016-07-28T10:55Z","2017-05-19T16:00Z","SERC_006.20160728","SERC_006.20160728.IXOSCA.N","Ixodes scapularis","IXOSCA","species","Ixodidae",,,,"Ixodes",,"scapularis",,,"Cooley, R. A. and G. M. Kohls. 1945. The genus Ixodes in North America. National Institute of Health Bulletin, 184.","GSU_tickIdentification_SOP_2016-11-01.pdf","Say","Nymph",2,"OK","RNA stabilization buffer","USNMENT00984394","SERC_006.20160728.2.IXOSCA.N","Lorenza Beati","Georgia Southern University",
