uid,namedLocation,domainID,siteID,plotID,plotType,nlcdClass,decimalLatitude,decimalLongitude,geodeticDatum,coordinateUncertainty,elevation,elevationUncertainty,collectDate,eventID,sampleID,sampleCode,samplingMethod,totalSampledArea,targetTaxaPresent,adultCount,nymphCount,larvaCount,sampleCondition,samplingProtocolVersion,measuredBy,remarks
"03579b2d-5ef3-4811-859d-1a457039edf7","ORNL_002.tickPlot.tck","D07","ORNL","ORNL_002","distributed","deciduousForest",35.983090,-84.211654,"WGS84",20.3,338.6,0.5,"2015-11-16T16:02Z","ORNL.2015.46",,,"drag and flag",160,"N",0,0,,,"NEON.DOC.014045vF","nWRBOaU124b01Rs+iLGaSLZBvwgmQ5i5","QAQC: Sthomason 0/90 0% error"
"e47d9fab-0814-4404-ab85-bbc7e1a876f0","ORNL_003.tickPlot.tck","D07","ORNL","ORNL_003","distributed","deciduousForest",35.967011,-84.229849,"WGS84",20.2,275.5,0.2,"2015-11-16T16:58Z","ORNL.2015.46","ORNL_003.20151116",,"drag and flag",155,"Y",2,0,,"No known compromise","NEON.DOC.014045vF","nWRBOaU124b01Rs+iLGaSLZBvwgmQ5i5",
"a9004892-a260-4627-8324-9b780d9082f1","ORNL_009.tickPlot.tck","D07","ORNL","ORNL_009","distributed","deciduousForest",35.974902,-84.226630,"WGS84",20.2,337.1,0.2,"2015-11-16T18:01Z","ORNL.2015.46","ORNL_009.20151116",,"drag",160,"Y",2,0,3,"No known compromise","NEON.DOC.014045vF","nWRBOaU124b01Rs+iLGaSLZBvwgmQ5i5",
"2edf04ea-9f76-4d57-8fcf-3e94dfd88a72","ORNL_007.tickPlot.tck","D07","ORNL","ORNL_007","distributed","deciduousForest",35.925843,-84.328420,"WGS84",20.2,279.4,0.5,"2015-11-16T19:10Z","ORNL.2015.46","ORNL_007.20151116",,"drag",160,"Y",4,0,1,"No known compromise","NEON.DOC.014045vF","nWRBOaU124b01Rs+iLGaSLZBvwgmQ5i5",
"45331a87-7e02-456e-aeca-1c6c1dd9e1ae","ORNL_008.tickPlot.tck","D07","ORNL","ORNL_008","distributed","deciduousForest",35.933531,-84.334016,"WGS84",20.3,322.7,0.3,"2015-11-16T20:04Z","ORNL.2015.46","ORNL_008.20151116",,"drag",160,"Y",1,0,1,"No known compromise","NEON.DOC.014045vF","nWRBOaU124b01Rs+iLGaSLZBvwgmQ5i5",
"1c01397b-8055-4ebb-9ff7-a501bdb0740e","ORNL_040.tickPlot.tck","D07","ORNL","ORNL_040","distributed","evergreenForest",35.975525,-84.305103,"WGS84",20.2,273.2,0.2,"2015-11-16T21:00Z","ORNL.2015.46","ORNL_040.20151116",,"drag",160,"Y",1,0,4,"No known compromise","NEON.DOC.014045vF","nWRBOaU124b01Rs+iLGaSLZBvwgmQ5i5",
