uid,namedLocation,plotID,collectDate,identifiedDate,sampleID,subsampleID,scientificName,acceptedTaxonID,taxonRank,family,subfamily,tribe,subtribe,genus,subgenus,specificEpithet,infraspecificEpithet,identificationQualifier,identificationReferences,identificationProtocolVersion,scientificNameAuthorship,sexOrAge,individualCount,sampleCondition,archiveMedium,archiveFacilityID,deprecatedVialID,identifiedBy,laboratoryName,remarks
"2b5b78a7-6c11-4d4d-9aec-7be6ee5977b3","ORNL_003.tickPlot.tck","ORNL_003","2015-11-16T16:58Z","2016-10-31T16:00Z","ORNL_003.20151116","ORNL_003.20151116.IXOSCA.F","Ixodes scapularis","IXOSCA","species","Ixodidae",,,,"Ixodes",,"scapularis",,,"Keirans, J. E., and C. M. Clifford. 1978. The genus Ixodes in the United States: a scanning electron microscope study and key to the adults. Journal of Medical Entomology, 15(Supplement 2):1-38.","GSU_tickIdentification_SOP_2016-11-01.pdf","Say","Female",1,"OK","90% ethanol","USNMENT00862237","ORNL_003.20151116.10.1.Female","L. Beati","Georgia Southern University",
"d4880f49-8669-4a4b-9025-fb809d670cfd","ORNL_003.tickPlot.tck","ORNL_003","2015-11-16T16:58Z","2016-10-31T16:00Z","ORNL_003.20151116","ORNL_003.20151116.IXOSCA.M","Ixodes scapularis","IXOSCA","species","Ixodidae",,,,"Ixodes",,"scapularis",,,"Keirans, J. E., and C. M. Clifford. 1978. The genus Ixodes in the United States: a scanning electron microscope study and key to the adults. Journal of Medical Entomology, 15(Supplement 2):1-38.","GSU_tickIdentification_SOP_2016-11-01.pdf","Say","Male",1,"OK","90% ethanol","USNMENT00865359","ORNL_003.20151116.10.1.male","L. Beati","Georgia Southern University",
"32059965-3464-486f-9af4-f403a7a66f83","ORNL_007.tickPlot.tck","ORNL_007","2015-11-16T19:10Z","2016-10-31T16:00Z","ORNL_007.20151116","ORNL_007.20151116.IXOSP.L","Ixodidae sp.","IXOSP","family","Ixodidae",,,,,,"sp.",,,,"GSU_tickIdentification_SOP_2016-11-01.pdf",,"Larva",1,"OK","90% ethanol","USNMENT00865352","ORNL_007.20151116.10.1.larvae","L. Beati","Georgia Southern University",
"49ad7d2a-72ca-4adf-a02e-4d2fa1bbff2e","ORNL_007.tickPlot.tck","ORNL_007","2015-11-16T19:10Z","2016-10-31T16:00Z","ORNL_007.20151116","ORNL_007.20151116.IXOSCA.F","Ixodes scapularis","IXOSCA","species","Ixodidae",,,,"Ixodes",,"scapularis",,,"Keirans, J. E., and C. M. Clifford. 1978. The genus Ixodes in the United States: a scanning electron microscope study and key to the adults. Journal of Medical Entomology, 15(Supplement 2):1-38.","GSU_tickIdentification_SOP_2016-11-01.pdf","Say","Female",4,"OK","90% ethanol","USNMENT00865353","ORNL_007.20151116.10.1.Female","L. Beati","Georgia Southern University",
