uid,namedLocation,domainID,siteID,plotID,plotType,nlcdClass,decimalLatitude,decimalLongitude,geodeticDatum,coordinateUncertainty,elevation,elevationUncertainty,collectDate,eventID,sampleID,sampleCode,samplingMethod,totalSampledArea,targetTaxaPresent,adultCount,nymphCount,larvaCount,sampleCondition,samplingProtocolVersion,measuredBy,remarks
"272fd452-b505-4df6-9cc3-4f4a51aa25f6","DELA_016.tickPlot.tck","D08","DELA","DELA_016","distributed","evergreenForest",32.536850,-87.806995,"WGS84",20.2,23.6,0.3,"2015-07-15T12:50Z","DELA.2015.28",,,"drag and flag",153,"N",0,0,,,"NEON.DOC.014045vF","1BXlVo/+sgQnzGKl3MtQcn6rxZDFIa/f",
"ea988def-ec7c-4c03-93fc-7046cd91c443","DELA_005.tickPlot.tck","D08","DELA","DELA_005","distributed","woodyWetlands",32.524379,-87.813851,"WGS84",20.1,27.0,0.3,"2015-07-15T12:56Z","DELA.2015.28","DELA_005.20150715",,"drag and flag",161,"Y",0,1,,"No known compromise","NEON.DOC.014045vF","zAuTdQ8TLTOCAVE+XhtWnklq56XAz8bt",
"9d2630fc-9f0b-4fe9-8087-495bd08e6c44","DELA_001.tickPlot.tck","D08","DELA","DELA_001","distributed","woodyWetlands",32.533269,-87.805425,"WGS84",20.2,27.5,0.3,"2015-07-15T14:15Z","DELA.2015.28","DELA_001.20150715",,"drag and flag",120,"Y",0,1,,"No known compromise","NEON.DOC.014045vF","1BXlVo/+sgQnzGKl3MtQcn6rxZDFIa/f","The entire plot was not sampled due to water inundation."
"b1e31016-20d1-4caf-8ce6-d0a21901f4f8","DELA_014.tickPlot.tck","D08","DELA","DELA_014","distributed","evergreenForest",32.530627,-87.819367,"WGS84",20.2,33.0,0.2,"2015-07-15T14:37Z","DELA.2015.28",,,"drag",167,"N",0,0,,,"NEON.DOC.014045vF","zAuTdQ8TLTOCAVE+XhtWnklq56XAz8bt",
"d70659e9-d650-4ef6-a87c-62d261c38fc8","DELA_007.tickPlot.tck","D08","DELA","DELA_007","distributed","woodyWetlands",32.538957,-87.799922,"WGS84",20.2,25.7,0.2,"2015-07-15T15:15Z","DELA.2015.28",,,"drag and flag",160,"N",0,0,,,"NEON.DOC.014045vF","1BXlVo/+sgQnzGKl3MtQcn6rxZDFIa/f",
"61fe2285-1c79-480b-b0c2-f4308795747d","DELA_008.tickPlot.tck","D08","DELA","DELA_008","distributed","woodyWetlands",32.538884,-87.814145,"WGS84",20.1,24.5,0.2,"2015-07-15T15:26Z","DELA.2015.28","DELA_008.20150715",,"drag and flag",168,"Y",1,0,,"No known compromise","NEON.DOC.014045vF","zAuTdQ8TLTOCAVE+XhtWnklq56XAz8bt",
