uid,namedLocation,domainID,siteID,plotID,plotType,nlcdClass,decimalLatitude,decimalLongitude,geodeticDatum,coordinateUncertainty,elevation,elevationUncertainty,collectDate,eventID,sampleID,sampleCode,samplingMethod,totalSampledArea,targetTaxaPresent,adultCount,nymphCount,larvaCount,sampleCondition,samplingProtocolVersion,measuredBy,remarks
"732bf8b4-a10c-4837-bd20-665e78b7857d","TOOL_028.tickPlot.tck","D18","TOOL","TOOL_028","distributed","shrubScrub",68.562546,-149.495421,"WGS84",20.1,878.7,0.1,"2017-07-25T17:19Z","TOOL.2017.31",,,"drag",160,"N",0,0,0,,"NEON.DOC.014045vH","6UiN/mu2LXzBKk4hf4qccCfyWI6p6+my/5Zx4LKaySc=",
"86f80bef-4536-49de-b449-6537bb3c9423","TOOL_032.tickPlot.tck","D18","TOOL","TOOL_032","distributed","sedgeHerbaceous",68.565230,-149.511072,"WGS84",20.1,861.7,0.1,"2017-07-25T17:46Z","TOOL.2017.31",,,"drag",160,"N",0,0,0,,"NEON.DOC.014045vH","6UiN/mu2LXzBKk4hf4qccCfyWI6p6+my/5Zx4LKaySc=",
"bd2f144b-1a9c-4d72-b5d8-6392c4ae9684","TOOL_009.tickPlot.tck","D18","TOOL","TOOL_009","distributed","dwarfScrub",68.628715,-149.323017,"WGS84",20.1,864.8,0.1,"2017-07-25T19:22Z","TOOL.2017.31",,,"drag",160,"N",0,0,0,,"NEON.DOC.014045vH","LYks7zc3AHgSJ9bvyS5L4KKZup8jMXV7bjGyR5/K0xs=",
"a71914e7-1ee8-4e7a-abad-028a28b47106","TOOL_035.tickPlot.tck","D18","TOOL","TOOL_035","distributed","dwarfScrub",68.575917,-149.510147,"WGS84",20.1,859.7,0.1,"2017-07-25T22:35Z","TOOL.2017.31",,,"drag",158,"N",0,0,0,,"NEON.DOC.014045vH","LYks7zc3AHgSJ9bvyS5L4KKZup8jMXV7bjGyR5/K0xs=",
"0cb6d131-9767-4de6-8b0a-d424d4aaaced","TOOL_071.tickPlot.tck","D18","TOOL","TOOL_071","distributed","dwarfScrub",68.600242,-149.513711,"WGS84",20.0,866.8,0.0,"2017-07-25T23:16Z","TOOL.2017.31",,,"drag and flag",158,"N",0,0,0,,"NEON.DOC.014045vH","LYks7zc3AHgSJ9bvyS5L4KKZup8jMXV7bjGyR5/K0xs=",
"3e1232a3-6601-4300-ad1b-e862f9c8b341","TOOL_031.tickPlot.tck","D18","TOOL","TOOL_031","distributed","dwarfScrub",68.598868,-149.501691,"WGS84",20.1,914.0,0.1,"2017-07-25T23:38Z","TOOL.2017.31",,,"drag and flag",157,"N",0,0,0,,"NEON.DOC.014045vH","6UiN/mu2LXzBKk4hf4qccCfyWI6p6+my/5Zx4LKaySc=",
