uid,namedLocation,domainID,siteID,plotID,plotType,nlcdClass,decimalLatitude,decimalLongitude,geodeticDatum,coordinateUncertainty,elevation,elevationUncertainty,collectDate,eventID,sampleID,sampleCode,samplingMethod,totalSampledArea,targetTaxaPresent,adultCount,nymphCount,larvaCount,sampleCondition,samplingProtocolVersion,measuredBy,remarks
"4b728e79-f159-4b6c-b057-9aa79d5d0948","GRSM_005.tickPlot.tck","D07","GRSM","GRSM_005","distributed","deciduousForest",35.682740,-83.398124,"WGS84",20.2,731.0,0.4,"2016-04-06T14:15Z","GRSM.2016.14",,,"drag and flag",180,"N",0,0,0,"No known compromise","NEON.DOC.014045vG","EY6DvO8NpI5lJHYW3QnRiw31VQzGQ6ke",
"289d3d30-7e63-44bd-9199-577086d11655","GRSM_009.tickPlot.tck","D07","GRSM","GRSM_009","distributed","deciduousForest",35.671874,-83.491180,"WGS84",20.2,820.9,0.2,"2016-04-06T16:15Z","GRSM.2016.14",,,"drag and flag",165,"N",0,0,0,"No known compromise","NEON.DOC.014045vG","CVvRVbN1/6QvVVx9TUYq3L7fcai3q82u",
"36d4ed16-7524-4a0f-9c31-e80f86bfc1d8","GRSM_010.tickPlot.tck","D07","GRSM","GRSM_010","distributed","deciduousForest",35.669242,-83.524579,"WGS84",20.2,510.4,0.3,"2016-04-06T16:30Z","GRSM.2016.14",,,"drag",165,"N",0,0,0,"No known compromise","NEON.DOC.014045vG","EY6DvO8NpI5lJHYW3QnRiw31VQzGQ6ke",
"d3979bb7-da6d-4fb1-b84c-8c441d09ad68","GRSM_004.tickPlot.tck","D07","GRSM","GRSM_004","distributed","deciduousForest",35.688959,-83.535562,"WGS84",20.3,441.9,0.5,"2016-04-06T17:05Z","GRSM.2016.14",,,"drag and flag",180,"N",0,0,0,"No known compromise","NEON.DOC.014045vG","EY6DvO8NpI5lJHYW3QnRiw31VQzGQ6ke","2 hemlocks down in transect"
"7125584d-b6f2-456e-9471-017c622e5f1a","GRSM_003.tickPlot.tck","D07","GRSM","GRSM_003","distributed","deciduousForest",35.676584,-83.476209,"WGS84",20.2,880.6,0.2,"2016-04-06T18:00Z","GRSM.2016.14",,,"drag and flag",165,"N",0,0,0,"No known compromise","NEON.DOC.014045vG","m+w4gIxJRgW7yiSK38oTHQOnOBIdsQqc",
"6b797586-8010-48a1-918d-918608be2cea","GRSM_006.tickPlot.tck","D07","GRSM","GRSM_006","distributed","deciduousForest",35.679072,-83.643678,"WGS84",20.2,533.6,0.2,"2016-04-06T18:15Z","GRSM.2016.14",,,"drag",165,"N",0,0,0,"No known compromise","NEON.DOC.014045vG","EY6DvO8NpI5lJHYW3QnRiw31VQzGQ6ke",
