uid,namedLocation,domainID,siteID,plotID,plotType,nlcdClass,decimalLatitude,decimalLongitude,geodeticDatum,coordinateUncertainty,elevation,elevationUncertainty,collectDate,eventID,sampleID,sampleCode,samplingMethod,totalSampledArea,targetTaxaPresent,adultCount,nymphCount,larvaCount,sampleCondition,samplingProtocolVersion,measuredBy,remarks
"d9259ea8-e028-477d-827a-d407bb6e74e5","CLBJ_034.tickPlot.tck","D11","CLBJ","CLBJ_034","distributed","grasslandHerbaceous",33.320090,-97.578537,"WGS84",20.0,325.2,0.0,"2018-06-21T14:47Z","CLBJ.2018.25",,,"drag and flag",160,"N",0,0,0,,"NEON.DOC.014045vJ","/VkA3yjugMF8nnUbC6d+dh/hTYhVmzgYtPB78jE5mRs=",
"b5459419-09cc-41f0-b3c7-791a8b1bd72b","CLBJ_036.tickPlot.tck","D11","CLBJ","CLBJ_036","distributed","grasslandHerbaceous",33.396494,-97.580919,"WGS84",20.1,289.5,0.1,"2018-06-21T15:45Z","CLBJ.2018.25",,,"drag",160,"N",0,0,0,,"NEON.DOC.014045vJ","GX867jzl2LPd3HlUZbuiNfXOAtWi8JLtNMOknIxXArE=",
"6905c306-cd04-4e88-bfa3-4debef9194b3","CLBJ_033.tickPlot.tck","D11","CLBJ","CLBJ_033","distributed","deciduousForest",33.382288,-97.619783,"WGS84",20.1,305.5,0.1,"2018-06-21T15:46Z","CLBJ.2018.25","CLBJ_033.20180621",,"drag and flag",149,"Y",1,0,0,"No known compromise","NEON.DOC.014045vJ","/VkA3yjugMF8nnUbC6d+dh/hTYhVmzgYtPB78jE5mRs=",
"fc1407f9-bd25-4c46-864e-cb760a387d7b","CLBJ_043.tickPlot.tck","D11","CLBJ","CLBJ_043","distributed","deciduousForest",33.410406,-97.593713,"WGS84",20.1,285.9,0.1,"2018-06-21T16:14Z","CLBJ.2018.25",,,"drag and flag",155,"N",0,0,0,,"NEON.DOC.014045vJ","GX867jzl2LPd3HlUZbuiNfXOAtWi8JLtNMOknIxXArE=",
"47f69c06-454c-4e15-bc14-a69a77f0ab43","CLBJ_032.tickPlot.tck","D11","CLBJ","CLBJ_032","distributed","grasslandHerbaceous",33.405176,-97.595129,"WGS84",20.1,294.7,0.1,"2018-06-21T16:39Z","CLBJ.2018.25",,,"drag",160,"N",0,0,0,,"NEON.DOC.014045vJ","GX867jzl2LPd3HlUZbuiNfXOAtWi8JLtNMOknIxXArE=",
"9bbfdd53-91b8-4d0d-b670-ba4f8cc0e394","CLBJ_040.tickPlot.tck","D11","CLBJ","CLBJ_040","distributed","deciduousForest",33.377571,-97.647238,"WGS84",20.1,328.9,0.1,"2018-06-26T14:44Z","CLBJ.2018.26",,,"drag and flag",111,"N",0,0,0,,"NEON.DOC.014045vJ","K015xPfLfaiq+j5NncqeA+eOflzt6aIXnfKvOYOgm+0=","Delayed for missing plot markers"
