uid,namedLocation,domainID,siteID,plotID,plotType,nlcdClass,decimalLatitude,decimalLongitude,geodeticDatum,coordinateUncertainty,elevation,elevationUncertainty,collectDate,eventID,sampleID,sampleCode,samplingMethod,totalSampledArea,targetTaxaPresent,adultCount,nymphCount,larvaCount,sampleCondition,samplingProtocolVersion,measuredBy,remarks
"8a4f0fdb-627a-4ec8-a5d9-64ef125a3a9d","CLBJ_034.tickPlot.tck","D11","CLBJ","CLBJ_034","distributed","grasslandHerbaceous",33.320090,-97.578537,"WGS84",20.0,325.2,0.0,"2016-05-24T15:24Z","CLBJ.2016.21",,,"drag",146,"N",0,0,0,"No known compromise","NEON.DOC.014045vG","K015xPfLfah4eO1uZLmE3FLLe6b3pcen","standing water in plot; could not sample entire plot."
"587ef383-31d8-4aa9-b4f9-d0dd6dba2d2e","CLBJ_036.tickPlot.tck","D11","CLBJ","CLBJ_036","distributed","grasslandHerbaceous",33.396494,-97.580919,"WGS84",20.1,289.5,0.1,"2016-05-24T16:22Z","CLBJ.2016.21",,,"drag",160,"N",0,0,0,"No known compromise","NEON.DOC.014045vG","K015xPfLfah4eO1uZLmE3FLLe6b3pcen",
"3541571c-3d61-43da-9f95-0d7506015af7","CLBJ_032.tickPlot.tck","D11","CLBJ","CLBJ_032","distributed","grasslandHerbaceous",33.405176,-97.595129,"WGS84",20.1,294.7,0.1,"2016-05-24T17:29Z","CLBJ.2016.21",,,"drag and flag",161,"N",0,0,0,"No known compromise","NEON.DOC.014045vG","K015xPfLfah4eO1uZLmE3FLLe6b3pcen",
"085b0af8-ec19-4d9b-b2a2-1c6007918110","CLBJ_043.tickPlot.tck","D11","CLBJ","CLBJ_043","distributed","deciduousForest",33.410406,-97.593713,"WGS84",20.1,285.9,0.1,"2016-05-24T18:20Z","CLBJ.2016.21",,,"drag",164,"N",0,0,0,"No known compromise","NEON.DOC.014045vG","K015xPfLfah4eO1uZLmE3FLLe6b3pcen","NE corner skipped 1m due to thick vegetation"
"f9c4e860-3869-48c8-892a-fbfea476c0df","CLBJ_033.tickPlot.tck","D11","CLBJ","CLBJ_033","distributed","deciduousForest",33.382288,-97.619783,"WGS84",20.1,305.5,0.1,"2016-05-24T19:13Z","CLBJ.2016.21",,,"drag and flag",122,"N",0,0,0,"No known compromise","NEON.DOC.014045vG","K015xPfLfah4eO1uZLmE3FLLe6b3pcen","Lots of dense vegetation all over plot"
"934c8f20-38b3-4631-a508-28f9f4c0724a","CLBJ_040.tickPlot.tck","D11","CLBJ","CLBJ_040","distributed","deciduousForest",33.377571,-97.647238,"WGS84",20.1,328.9,0.1,"2016-05-24T20:02Z","CLBJ.2016.21",,,"drag and flag",113,"N",0,0,0,"No known compromise","NEON.DOC.014045vG","K015xPfLfah4eO1uZLmE3FLLe6b3pcen","Lots of dense vegetation all over plot."
