uid,namedLocation,domainID,siteID,plotID,plotType,nlcdClass,decimalLatitude,decimalLongitude,geodeticDatum,coordinateUncertainty,elevation,elevationUncertainty,collectDate,eventID,sampleID,sampleCode,samplingMethod,totalSampledArea,targetTaxaPresent,adultCount,nymphCount,larvaCount,sampleCondition,samplingProtocolVersion,measuredBy,remarks
"7847e269-f908-44fa-af45-c8de52f99d88","HEAL_004.tickPlot.tck","D19","HEAL","HEAL_004","distributed","shrubScrub",63.864020,-149.276678,"WGS84",20.1,675.5,0.1,"2017-05-17T18:38Z","HEAL.2017.21",,,"drag and flag",161,"N",0,0,0,"No known compromise","NEON.DOC.014045vH","rwLvYLhtocpzepToCilDQ8bTZFfMb3L7G6Pd/8PaUIA=",
"9d298786-9713-437b-9b75-0b0eb9ba10f4","HEAL_011.tickPlot.tck","D19","HEAL","HEAL_011","distributed","shrubScrub",63.885895,-149.302351,"WGS84",20.1,649.7,0.1,"2017-05-17T20:29Z","HEAL.2017.21",,,"drag",160,"N",0,0,0,"No known compromise","NEON.DOC.014045vH","6poDymJ+vVlPRyUvjxJJQBRgy7ZDNNknuM/frs4pprM=",
"94ea32bc-9d9d-44a5-93bd-1500e485e773","HEAL_014.tickPlot.tck","D19","HEAL","HEAL_014","distributed","shrubScrub",63.887214,-149.270823,"WGS84",20.1,671.2,0.1,"2017-05-17T21:17Z","HEAL.2017.21",,,"drag and flag",160,"N",0,0,0,"No known compromise","NEON.DOC.014045vH","rwLvYLhtocpzepToCilDQ8bTZFfMb3L7G6Pd/8PaUIA=",
"599525fb-0f0b-47ed-8874-1ae91ec436c9","HEAL_001.tickPlot.tck","D19","HEAL","HEAL_001","distributed","dwarfScrub",63.889470,-149.202952,"WGS84",20.1,595.7,0.1,"2017-05-17T23:14Z","HEAL.2017.21",,,"drag",160,"N",0,0,0,"No known compromise","NEON.DOC.014045vH","6poDymJ+vVlPRyUvjxJJQBRgy7ZDNNknuM/frs4pprM=",
"3d48a098-3712-4023-820a-f2634ba75086","HEAL_010.tickPlot.tck","D19","HEAL","HEAL_010","distributed","shrubScrub",63.877193,-149.260797,"WGS84",20.1,666.7,0.1,"2017-05-17T23:31Z","HEAL.2017.21",,,"drag and flag",163,"N",0,0,0,"No known compromise","NEON.DOC.014045vH","6poDymJ+vVlPRyUvjxJJQBRgy7ZDNNknuM/frs4pprM=",
"af740e68-cbb9-475e-b3b2-9f96f2848a67","HEAL_026.tickPlot.tck","D19","HEAL","HEAL_026","distributed","evergreenForest",63.886145,-149.192747,"WGS84",20.1,597.6,0.1,"2017-05-17T23:42Z","HEAL.2017.21",,,"drag and flag",160,"N",0,0,0,"No known compromise","NEON.DOC.014045vH","rwLvYLhtocpzepToCilDQ8bTZFfMb3L7G6Pd/8PaUIA=",
