uid,namedLocation,domainID,siteID,plotID,plotType,nlcdClass,decimalLatitude,decimalLongitude,geodeticDatum,coordinateUncertainty,elevation,elevationUncertainty,collectDate,eventID,sampleID,sampleCode,samplingMethod,totalSampledArea,targetTaxaPresent,adultCount,nymphCount,larvaCount,sampleCondition,samplingProtocolVersion,measuredBy,remarks
"f5d09c9f-b08a-4fe1-b156-5ae2ce19ffd5","NOGP_005.tickPlot.tck","D09","NOGP","NOGP_005","distributed","grasslandHerbaceous",46.787576,-100.916830,"WGS84",20.0,564.6,0.0,"2018-05-02T14:29Z","NOGP.2018.18",,,"drag",160,"N",0,0,0,,"NEON.DOC.014045vJ","1cKKWBegdXd3XTLCQDj8XQBzY4nMiWUz8d+l9IasVs0=",
"26f88e44-53f8-4c68-ab14-a13401914613","NOGP_008.tickPlot.tck","D09","NOGP","NOGP_008","distributed","grasslandHerbaceous",46.783500,-100.905977,"WGS84",20.1,562.0,0.1,"2018-05-02T15:37Z","NOGP.2018.18",,,"drag",160,"N",0,0,0,,"NEON.DOC.014045vJ","ttO3TcNJeBpFKuxVEcOp5VTTMvW/HRuUhMb7pJx+1mk=",
"e7bf8339-6e87-4bfd-ade4-bf64508b5242","NOGP_006.tickPlot.tck","D09","NOGP","NOGP_006","distributed","grasslandHerbaceous",46.768522,-100.918874,"WGS84",20.1,588.6,0.1,"2018-05-02T16:25Z","NOGP.2018.18",,,"drag",160,"N",0,0,0,,"NEON.DOC.014045vJ","1cKKWBegdXd3XTLCQDj8XQBzY4nMiWUz8d+l9IasVs0=",
"680a913b-da5b-42b0-9ab9-a36f7a3ebe80","NOGP_002.tickPlot.tck","D09","NOGP","NOGP_002","distributed","grasslandHerbaceous",46.797460,-100.910668,"WGS84",20.1,544.6,0.1,"2018-05-02T17:04Z","NOGP.2018.18",,,"drag",160,"N",0,0,0,,"NEON.DOC.014045vJ","ttO3TcNJeBpFKuxVEcOp5VTTMvW/HRuUhMb7pJx+1mk=",
"c916f76d-c926-4606-b21c-991a1961feda","NOGP_001.tickPlot.tck","D09","NOGP","NOGP_001","distributed","grasslandHerbaceous",46.804811,-100.916048,"WGS84",20.0,530.7,0.0,"2018-05-02T17:41Z","NOGP.2018.18",,,"drag and flag",160,"N",0,0,0,,"NEON.DOC.014045vJ","1cKKWBegdXd3XTLCQDj8XQBzY4nMiWUz8d+l9IasVs0=",
"c6d7baee-c498-45eb-8712-1236a1083083","NOGP_007.tickPlot.tck","D09","NOGP","NOGP_007","distributed","grasslandHerbaceous",46.813251,-100.903783,"WGS84",20.0,527.7,0.0,"2018-05-02T18:23Z","NOGP.2018.18",,,"drag and flag",160,"N",0,0,0,,"NEON.DOC.014045vJ","ttO3TcNJeBpFKuxVEcOp5VTTMvW/HRuUhMb7pJx+1mk=","Winds gusting 15-19 mph while flagging."
"c25971c0-6b6c-466f-b276-626506652e5a","NOGP_006.tickPlot.tck","D09","NOGP","NOGP_006","distributed","grasslandHerbaceous",46.768522,-100.918874,"WGS84",20.1,588.6,0.1,"2018-05-23T17:06Z","NOGP.2018.21",,,"drag",160,"N",0,0,0,,"NEON.DOC.014045vJ","kgKC0n2jXl+KChnZj+ASFTdtKzbfWjgzPFcDxQqoSz0=",
"5f849cc6-cdb0-46f2-9b18-5cbd69c42f86","NOGP_008.tickPlot.tck","D09","NOGP","NOGP_008","distributed","grasslandHerbaceous",46.783500,-100.905977,"WGS84",20.1,562.0,0.1,"2018-05-23T17:47Z","NOGP.2018.21",,,"drag",160,"N",0,0,0,,"NEON.DOC.014045vJ","zSK20cKpys+7Fz2Bf0o84F0+THuIq6d+5PJc+FcM4i4=",
"6d5d68d1-1a75-4903-afdf-512bd8264c85","NOGP_005.tickPlot.tck","D09","NOGP","NOGP_005","distributed","grasslandHerbaceous",46.787576,-100.916830,"WGS84",20.0,564.6,0.0,"2018-05-23T18:31Z","NOGP.2018.21","NOGP_005.20180523","A00000016778","drag",160,"Y",1,0,0,"No known compromise","NEON.DOC.014045vJ","kgKC0n2jXl+KChnZj+ASFTdtKzbfWjgzPFcDxQqoSz0=",
"e5383bdc-f64e-4886-a5b5-77beafe2a1ab","NOGP_002.tickPlot.tck","D09","NOGP","NOGP_002","distributed","grasslandHerbaceous",46.797460,-100.910668,"WGS84",20.1,544.6,0.1,"2018-05-23T19:23Z","NOGP.2018.21",,,"drag",160,"N",0,0,0,,"NEON.DOC.014045vJ","zSK20cKpys+7Fz2Bf0o84F0+THuIq6d+5PJc+FcM4i4=",
"be9146c9-d548-433a-ba54-afcc592cbdfa","NOGP_001.tickPlot.tck","D09","NOGP","NOGP_001","distributed","grasslandHerbaceous",46.804811,-100.916048,"WGS84",20.0,530.7,0.0,"2018-05-23T19:54Z","NOGP.2018.21",,,"drag",160,"N",0,0,0,,"NEON.DOC.014045vJ","n4oaPelR/mmbsiw8RZkCK6Tq1eA1eJSCrLM3aq0KIzk=",
"d463ff71-7dbd-47bd-bbd6-490081be003d","NOGP_007.tickPlot.tck","D09","NOGP","NOGP_007","distributed","grasslandHerbaceous",46.813251,-100.903783,"WGS84",20.0,527.7,0.0,"2018-05-23T20:26Z","NOGP.2018.21","NOGP_007.20180523","A00000016781","drag and flag",160,"Y",1,0,0,"No known compromise","NEON.DOC.014045vJ","n4oaPelR/mmbsiw8RZkCK6Tq1eA1eJSCrLM3aq0KIzk=",
