uid,namedLocation,domainID,siteID,plotID,plotType,nlcdClass,decimalLatitude,decimalLongitude,geodeticDatum,coordinateUncertainty,elevation,elevationUncertainty,collectDate,eventID,sampleID,sampleCode,samplingMethod,totalSampledArea,targetTaxaPresent,adultCount,nymphCount,larvaCount,sampleCondition,samplingProtocolVersion,measuredBy,remarks
"27eb6b97-443b-4436-ad61-32bb0bec0c87","SCBI_039.tickPlot.tck","D02","SCBI","SCBI_039","distributed","pastureHay",38.896433,-78.166542,"WGS84",20.1,330.8,0.1,"2014-08-11T13:22Z","SCBI.2014.32","SCBI_039.20140811",,"drag",162,"Y",0,0,1,"No known compromise","NEON.DOC.014045vD","qO0Ifc/cCAY=",
"27aeed56-e38a-4e29-acc0-b15c22102be6","SCBI_005.tickPlot.tck","D02","SCBI","SCBI_005","distributed","deciduousForest",38.901859,-78.161940,"WGS84",20.2,263.6,0.3,"2014-08-11T14:27Z","SCBI.2014.32","SCBI_005.20140811",,"drag and flag",160,"Y",0,0,21,"No known compromise","NEON.DOC.014045vD","qO0Ifc/cCAY=","Larvae in vial and on cardboard card"
"245ee5bf-4c54-4851-a665-ea769f960613","SCBI_013.tickPlot.tck","D02","SCBI","SCBI_013","distributed","deciduousForest",38.873041,-78.163313,"WGS84",20.2,361.3,0.3,"2014-08-11T16:07Z","SCBI.2014.32","SCBI_013.20140811",,"drag",170,"Y",0,2,24,"No known compromise","NEON.DOC.014045vD","qO0Ifc/cCAY=","vial for larvae, vial for nymphs, larvae on cardboard card"
"0d53d6d3-e8fb-427c-9b48-bc3a422bb560","SCBI_007.tickPlot.tck","D02","SCBI","SCBI_007","distributed","deciduousForest",38.886013,-78.129365,"WGS84",20.2,428.3,0.2,"2014-08-11T17:47Z","SCBI.2014.32","SCBI_007.20140811",,"drag",158,"Y",0,2,103,"No known compromise","NEON.DOC.014045vD","qO0Ifc/cCAY=","a vial for nymphs, a cardboard card for larvae"
"64791c1f-00ee-4416-8799-ee31ea862c7f","SCBI_002.tickPlot.tck","D02","SCBI","SCBI_002","distributed","deciduousForest",38.893863,-78.142704,"WGS84",20.2,327.7,0.2,"2014-08-13T18:06Z","SCBI.2014.32","SCBI_002.20140813",,"drag",160,"Y",0,6,69,"No known compromise","NEON.DOC.014045vD","qO0Ifc/cCAY=","one vial for nymphs, one cardboard card for larvae"
"ae7f3a80-6a76-47fa-a0fb-b629e4899cf0","SCBI_006.tickPlot.tck","D02","SCBI","SCBI_006","distributed","pastureHay",38.897080,-78.150277,"WGS84",20.1,277.1,0.1,"2014-08-13T19:20Z","SCBI.2014.32","SCBI_006.20140813",,"drag and flag",160,"Y",0,0,5,"No known compromise","NEON.DOC.014045vD","qO0Ifc/cCAY=","Larvae on cardboard card"
