uid,namedLocation,plotID,collectDate,identifiedDate,sampleID,subsampleID,scientificName,acceptedTaxonID,taxonRank,family,subfamily,tribe,subtribe,genus,subgenus,specificEpithet,infraspecificEpithet,identificationQualifier,identificationReferences,identificationProtocolVersion,scientificNameAuthorship,sexOrAge,individualCount,sampleCondition,archiveMedium,archiveFacilityID,deprecatedVialID,identifiedBy,laboratoryName,remarks
"7505adfa-b1c3-4922-87a4-51013d87f729","SCBI_039.tickPlot.tck","SCBI_039","2014-08-11T13:22Z","2015-04-14T16:00Z","SCBI_039.20140811","SCBI_039.20140811.IXOSPP1.L","Ixodes spp.","IXOSPP1","genus","Ixodidae",,,,"Ixodes",,"spp.",,"cf. genus",,"GSU_tickIdentification_SOP_2016-11-01.pdf",,"Larva",1,"OK","90% ethanol","125327",,"Michael Bischof","Georgia Southern University","Appears to be Ixodes-MJB"
"f3359532-6b5e-4c48-b899-af0a7598ae05","SCBI_005.tickPlot.tck","SCBI_005","2014-08-11T14:27Z","2015-04-14T16:00Z","SCBI_005.20140811","SCBI_005.20140811.IXOSPP1.L","Ixodes spp.","IXOSPP1","genus","Ixodidae",,,,"Ixodes",,"spp.",,"cf. genus",,"GSU_tickIdentification_SOP_2016-11-01.pdf",,"Larva",1,"OK","90% ethanol","125295",,"Michael Bischof","Georgia Southern University","Appears to be Ixodes-MJB"
"548ae9ab-61d9-4161-a56b-7bdf54948c05","SCBI_013.tickPlot.tck","SCBI_013","2014-08-11T16:07Z","2015-04-14T16:00Z","SCBI_013.20140811","SCBI_013.20140811.IXOSPP1.L","Ixodes spp.","IXOSPP1","genus","Ixodidae",,,,"Ixodes",,"spp.",,"cf. genus",,"GSU_tickIdentification_SOP_2016-11-01.pdf",,"Larva",1,"OK","90% ethanol","125318",,"Michael Bischof","Georgia Southern University","Appears to be Ixodes-MJB"
"a95d9f76-b795-43c6-9197-37ce29b0911d","SCBI_013.tickPlot.tck","SCBI_013","2014-08-11T16:07Z","2015-05-07T12:00Z","SCBI_013.20140811","SCBI_013.20140811.IXOSCA.N","Ixodes scapularis","IXOSCA","species","Ixodidae",,,,"Ixodes",,"scapularis",,,"Keirans, J. E., and C. M. Clifford. 1978. The genus Ixodes in the United States: a scanning electron microscope study and key to the adults. Journal of Medical Entomology, 15(Supplement 2):1-38.","GSU_tickIdentification_SOP_2016-11-01.pdf","Say","Nymph",2,"OK","95% ethanol","125317",,"Lorenza Beati","Georgia Southern University",
"786f2f29-1a6b-4e3e-9920-4a6f877daa11","SCBI_007.tickPlot.tck","SCBI_007","2014-08-11T17:47Z","2015-05-07T12:00Z","SCBI_007.20140811","SCBI_007.20140811.IXOSCA.N","Ixodes scapularis","IXOSCA","species","Ixodidae",,,,"Ixodes",,"scapularis",,,"Keirans, J. E., and C. M. Clifford. 1978. The genus Ixodes in the United States: a scanning electron microscope study and key to the adults. Journal of Medical Entomology, 15(Supplement 2):1-38.","GSU_tickIdentification_SOP_2016-11-01.pdf","Say","Nymph",2,"OK","95% ethanol","125309",,"Lorenza Beati","Georgia Southern University",
"d0a9ef9e-f988-463f-8e48-6f7310459fa2","SCBI_002.tickPlot.tck","SCBI_002","2014-08-13T18:06Z","2015-05-07T12:00Z","SCBI_002.20140813","SCBI_002.20140813.AMBAME.N","Amblyomma americanum","AMBAME","species","Ixodidae",,,,"Amblyomma",,"americanum",,,"Cooley, R. A. and G. M. Kohls. 1944. The genus Amblyomma (ixodidae) in the United States. The Journal of Parasitology, 30(2):77-111.","GSU_tickIdentification_SOP_2016-11-01.pdf","Linnaeus","Nymph",2,"OK","95% ethanol","125287",,"Lorenza Beati","Georgia Southern University",
"da1094c3-a624-4190-867d-8109605a6501","SCBI_002.tickPlot.tck","SCBI_002","2014-08-13T18:06Z","2015-05-07T12:00Z","SCBI_002.20140813","SCBI_002.20140813.IXOSCA.N","Ixodes scapularis","IXOSCA","species","Ixodidae",,,,"Ixodes",,"scapularis",,,"Keirans, J. E., and C. M. Clifford. 1978. The genus Ixodes in the United States: a scanning electron microscope study and key to the adults. Journal of Medical Entomology, 15(Supplement 2):1-38.","GSU_tickIdentification_SOP_2016-11-01.pdf","Say","Nymph",4,"OK","95% ethanol","125287",,"Lorenza Beati","Georgia Southern University",
