uid,namedLocation,domainID,siteID,plotID,plotType,nlcdClass,decimalLatitude,decimalLongitude,geodeticDatum,coordinateUncertainty,elevation,elevationUncertainty,collectDate,eventID,sampleID,sampleCode,samplingMethod,totalSampledArea,targetTaxaPresent,adultCount,nymphCount,larvaCount,sampleCondition,samplingProtocolVersion,measuredBy,remarks
"672e00f7-1f77-4043-92ba-b3717ee82a63","SERC_002.tickPlot.tck","D02","SERC","SERC_002","distributed","deciduousForest",38.896262,-76.558166,"WGS84",20.2,17.0,0.3,"2017-07-17T15:01Z","SERC.2017.30","SERC_002.20170717",,"drag",150,"Y",1,31,185,"No known compromise","NEON.DOC.014045vH","/AhbGCCF27wHz9TggrmS1nLN8zUO+zcB","One nymph dead on cloth prior to collection"
"5da9a736-8a41-4b49-86c7-f0e90913bd96","SERC_006.tickPlot.tck","D02","SERC","SERC_006","distributed","deciduousForest",38.880025,-76.548376,"WGS84",20.2,2.6,0.3,"2017-07-17T17:21Z","SERC.2017.30","SERC_006.20170717",,"drag",160,"Y",2,5,55,"No known compromise","NEON.DOC.014045vH","65MrXCKZ6BZHMIpBwLFSzI3B2iyqckQKC2QVdjxfI44=","One nymph may be slightly engorged"
"1324aef3-e72a-4cfe-b3c2-335b8b9d9f3b","SERC_005.tickPlot.tck","D02","SERC","SERC_005","distributed","deciduousForest",38.894060,-76.546307,"WGS84",20.3,8.5,0.5,"2017-07-17T18:56Z","SERC.2017.30","SERC_005.20170717",,"drag and flag",143,"Y",0,5,122,"No known compromise","NEON.DOC.014045vH","/AhbGCCF27wHz9TggrmS1nLN8zUO+zcB",
"b75676c0-d754-4417-8cd0-6a95bd53e251","SERC_001.tickPlot.tck","D02","SERC","SERC_001","distributed","deciduousForest",38.868186,-76.535306,"WGS84",20.2,2.1,0.2,"2017-07-17T20:38Z","SERC.2017.30","SERC_001.20170717",,"drag",160,"Y",1,4,109,"No known compromise","NEON.DOC.014045vH","65MrXCKZ6BZHMIpBwLFSzI3B2iyqckQKC2QVdjxfI44=",
"9e1535d6-b6cf-41ca-84fd-d4f3eeca592c","SERC_023.tickPlot.tck","D02","SERC","SERC_023","distributed","cultivatedCrops",38.873978,-76.535925,"WGS84",20.1,6.7,0.1,"2017-07-17T21:51Z","SERC.2017.30",,,"drag",160,"N",0,0,0,"No known compromise","NEON.DOC.014045vH","/AhbGCCF27wHz9TggrmS1nLN8zUO+zcB",
"b10fc950-0a69-4887-a22d-88622a2711e2","SERC_012.tickPlot.tck","D02","SERC","SERC_012","distributed","deciduousForest",38.880010,-76.561648,"WGS84",20.2,20.1,0.2,"2017-07-17T22:51Z","SERC.2017.30","SERC_012.20170717",,"drag",160,"Y",0,5,148,"No known compromise","NEON.DOC.014045vH","65MrXCKZ6BZHMIpBwLFSzI3B2iyqckQKC2QVdjxfI44=",
