uid,namedLocation,plotID,collectDate,identifiedDate,sampleID,subsampleID,scientificName,acceptedTaxonID,taxonRank,family,subfamily,tribe,subtribe,genus,subgenus,specificEpithet,infraspecificEpithet,identificationQualifier,identificationReferences,identificationProtocolVersion,scientificNameAuthorship,sexOrAge,individualCount,sampleCondition,archiveMedium,archiveFacilityID,deprecatedVialID,identifiedBy,laboratoryName,remarks
"ac74cf10-dbac-477e-a649-82b3ae683354","SERC_002.tickPlot.tck","SERC_002","2017-07-17T15:01Z","2018-01-27T17:00Z","SERC_002.20170717","SERC_002.20170717.AMBAME.N","Amblyomma americanum","AMBAME","species","Ixodidae",,,,"Amblyomma",,"americanum",,,"Cooley, R. A. and G. M. Kohls. 1944. The genus Amblyomma (ixodidae) in the United States. The Journal of Parasitology, 30(2):77-111.","GSU_tickIdentification_SOP_2016-11-01.pdf","Linnaeus","Nymph",13,"OK","90% ethanol","USNMENT01358711","SERC_002.20170717.AMBAME.N","Lorenza Beati","Georgia Southern University",
"901b884c-1bb3-4060-99e2-3a1f5a583a21","SERC_002.tickPlot.tck","SERC_002","2017-07-17T15:01Z","2018-01-27T17:00Z","SERC_002.20170717","SERC_002.20170717.IXOSCA.N","Ixodes scapularis","IXOSCA","species","Ixodidae",,,,"Ixodes",,"scapularis",,,"Cooley, R. A. and G. M. Kohls. 1945. The genus Ixodes in North America. National Institute of Health Bulletin, 184.","GSU_tickIdentification_SOP_2016-11-01.pdf","Say","Nymph",16,"OK","90% ethanol","USNMENT01358712","SERC_002.20170717.IXOSCA.N","Lorenza Beati","Georgia Southern University",
"2b837db1-36af-42c4-a8bc-bbd7923f3635","SERC_002.tickPlot.tck","SERC_002","2017-07-17T15:01Z","2018-01-27T17:00Z","SERC_002.20170717","SERC_002.20170717.AMBAME.M","Amblyomma americanum","AMBAME","species","Ixodidae",,,,"Amblyomma",,"americanum",,,"Cooley, R. A. and G. M. Kohls. 1944. The genus Amblyomma (ixodidae) in the United States. The Journal of Parasitology, 30(2):77-111.","GSU_tickIdentification_SOP_2016-11-01.pdf","Linnaeus","Male",1,"OK","90% ethanol","USNMENT01358713","SERC_002.20170717.AMBAME.M","Lorenza Beati","Georgia Southern University","add RML"
"36f1dff6-cb20-4f6f-b11b-9b80d97dc860","SERC_002.tickPlot.tck","SERC_002","2017-07-17T15:01Z","2017-09-28T16:00Z","SERC_002.20170717","SERC_002.20170717.IXOSP.L","Ixodidae sp.","IXOSP","family","Ixodidae",,,,,,"sp.",,,,"GSU_tickIdentification_SOP_2016-11-01.pdf",,"Larva",1,"OK","90% ethanol","USNMENT01358710","SERC_002.20170717.L","Guy Hobbs","Georgia Southern University","TO PAULA"
"96d6ea1a-3b9d-4097-9ddd-0891243a895b","SERC_006.tickPlot.tck","SERC_006","2017-07-17T17:21Z","2018-01-27T17:00Z","SERC_006.20170717","SERC_006.20170717.DERVAR.M","Dermacentor variabilis","DERVAR","species","Ixodidae",,,,"Dermacentor",,"variabilis",,,"Yunker, C. E., Keirans, J. E., Clifford, C. M., and E. R. Easton. 1986. Dermacentor ticks (Acari: Ixodoidea: Ixodidae) of the New World: a scanning electron microscope atlas. Proceedings of the Entomological Society of Washington, 88(4):609-627.","GSU_tickIdentification_SOP_2016-11-01.pdf","Say","Male",2,"OK","90% ethanol","USNMENT01358709","SERC_006.20170717.DERVAR.M","Lorenza Beati","Georgia Southern University",
"f2f37265-ffce-4545-803f-54e9a13b9f42","SERC_006.tickPlot.tck","SERC_006","2017-07-17T17:21Z","2017-09-28T16:00Z","SERC_006.20170717","SERC_006.20170717.IXOSP.L","Ixodidae sp.","IXOSP","family","Ixodidae",,,,,,"sp.",,,,"GSU_tickIdentification_SOP_2016-11-01.pdf",,"Larva",1,"OK","90% ethanol","USNMENT01358707","SERC_006.20170717.L","Guy Hobbs","Georgia Southern University",
"131af42c-9ba7-4ff6-9c5b-68e7d5875475","SERC_006.tickPlot.tck","SERC_006","2017-07-17T17:21Z","2018-01-27T17:00Z","SERC_006.20170717","SERC_006.20170717.AMBAME.N","Amblyomma americanum","AMBAME","species","Ixodidae",,,,"Amblyomma",,"americanum",,,"Cooley, R. A. and G. M. Kohls. 1944. The genus Amblyomma (ixodidae) in the United States. The Journal of Parasitology, 30(2):77-111.","GSU_tickIdentification_SOP_2016-11-01.pdf","Linnaeus","Nymph",4,"OK","90% ethanol","USNMENT01358708","SERC_006.20170717.AMBAME.N","Lorenza Beati","Georgia Southern University","found 4 not 5 ticks in vial"
"6c0d406b-aff0-4f26-aa55-1e15e2cf3eff","SERC_005.tickPlot.tck","SERC_005","2017-07-17T18:56Z","2017-09-27T16:00Z","SERC_005.20170717","SERC_005.20170717.IXOSP.L","Ixodidae sp.","IXOSP","family","Ixodidae",,,,,,"sp.",,,,"GSU_tickIdentification_SOP_2016-11-01.pdf",,"Larva",1,"OK","90% ethanol","USNMENT01358706","SERC_005.20170717.L","Guy Hobbs","Georgia Southern University",
"fd69a7e3-aae1-4440-94ba-25b77b8c9b67","SERC_005.tickPlot.tck","SERC_005","2017-07-17T18:56Z","2018-01-27T17:00Z","SERC_005.20170717","SERC_005.20170717.IXOSCA.N","Ixodes scapularis","IXOSCA","species","Ixodidae",,,,"Ixodes",,"scapularis",,,"Cooley, R. A. and G. M. Kohls. 1945. The genus Ixodes in North America. National Institute of Health Bulletin, 184.","GSU_tickIdentification_SOP_2016-11-01.pdf","Say","Nymph",1,"OK","90% ethanol","USNMENT01358705","SERC_005.20170717.IXOSCA.N","Lorenza Beati","Georgia Southern University",
"8018614c-c835-48ce-8c97-523725bdb57e","SERC_005.tickPlot.tck","SERC_005","2017-07-17T18:56Z","2018-01-27T17:00Z","SERC_005.20170717","SERC_005.20170717.AMBAME.N","Amblyomma americanum","AMBAME","species","Ixodidae",,,,"Amblyomma",,"americanum",,,"Cooley, R. A. and G. M. Kohls. 1944. The genus Amblyomma (ixodidae) in the United States. The Journal of Parasitology, 30(2):77-111.","GSU_tickIdentification_SOP_2016-11-01.pdf","Linnaeus","Nymph",6,"OK","90% ethanol","USNMENT01358704","SERC_005.20170717.AMBAME.N","Lorenza Beati","Georgia Southern University",
"c06a081b-7332-4f45-ba58-98bf8bf61177","SERC_001.tickPlot.tck","SERC_001","2017-07-17T20:38Z","2018-01-27T17:00Z","SERC_001.20170717","SERC_001.20170717.IXOSCA.N","Ixodes scapularis","IXOSCA","species","Ixodidae",,,,"Ixodes",,"scapularis",,,"Cooley, R. A. and G. M. Kohls. 1945. The genus Ixodes in North America. National Institute of Health Bulletin, 184.","GSU_tickIdentification_SOP_2016-11-01.pdf","Say","Nymph",1,"OK","90% ethanol","USNMENT01358702","SERC_001.20170717.IXOSCA.N","Lorenza Beati","Georgia Southern University",
"985fe6a1-6b11-4e13-b698-b11804e324ca","SERC_001.tickPlot.tck","SERC_001","2017-07-17T20:38Z","2018-01-27T17:00Z","SERC_001.20170717","SERC_001.20170717.AMBAME.N","Amblyomma americanum","AMBAME","species","Ixodidae",,,,"Amblyomma",,"americanum",,,"Cooley, R. A. and G. M. Kohls. 1944. The genus Amblyomma (ixodidae) in the United States. The Journal of Parasitology, 30(2):77-111.","GSU_tickIdentification_SOP_2016-11-01.pdf","Linnaeus","Nymph",3,"OK","90% ethanol","USNMENT01358701","SERC_001.20170717.AMBAME.N","Lorenza Beati","Georgia Southern University",
"ba060cb9-636f-4ffb-bab8-89f1736878c0","SERC_001.tickPlot.tck","SERC_001","2017-07-17T20:38Z","2017-09-27T16:00Z","SERC_001.20170717","SERC_001.20170717.IXOSP.L","Ixodidae sp.","IXOSP","family","Ixodidae",,,,,,"sp.",,,,"GSU_tickIdentification_SOP_2016-11-01.pdf",,"Larva",1,"OK","90% ethanol","USNMENT01358700","SERC_001.20170717.L","Guy Hobbs","Georgia Southern University",
"271e6258-d943-461b-a02a-578a5960f2ae","SERC_001.tickPlot.tck","SERC_001","2017-07-17T20:38Z","2018-01-27T17:00Z","SERC_001.20170717","SERC_001.20170717.DERVAR.M","Dermacentor variabilis","DERVAR","species","Ixodidae",,,,"Dermacentor",,"variabilis",,,"Yunker, C. E., Keirans, J. E., Clifford, C. M., and E. R. Easton. 1986. Dermacentor ticks (Acari: Ixodoidea: Ixodidae) of the New World: a scanning electron microscope atlas. Proceedings of the Entomological Society of Washington, 88(4):609-627.","GSU_tickIdentification_SOP_2016-11-01.pdf","Say","Male",1,"OK","90% ethanol","USNMENT01358703","SERC_001.20170717.DERVAR.M","Lorenza Beati","Georgia Southern University","add RML TO PAULA"
"81ffbdaa-4a63-406e-b6c1-dcbae26f9226","SERC_012.tickPlot.tck","SERC_012","2017-07-17T22:51Z","2018-01-27T17:00Z","SERC_012.20170717","SERC_012.20170717.AMBAME.N","Amblyomma americanum","AMBAME","species","Ixodidae",,,,"Amblyomma",,"americanum",,,"Cooley, R. A. and G. M. Kohls. 1944. The genus Amblyomma (ixodidae) in the United States. The Journal of Parasitology, 30(2):77-111.","GSU_tickIdentification_SOP_2016-11-01.pdf","Linnaeus","Nymph",5,"OK","90% ethanol","USNMENT01358698","SERC_012.20170717.AMBAME.N","Lorenza Beati","Georgia Southern University",
"b7641b0a-b958-4193-ae90-cb26e64edca2","SERC_012.tickPlot.tck","SERC_012","2017-07-17T22:51Z","2017-09-27T16:00Z","SERC_012.20170717","SERC_012.20170717.IXOSP.L","Ixodidae sp.","IXOSP","family","Ixodidae",,,,,,"sp.",,,,"GSU_tickIdentification_SOP_2016-11-01.pdf",,"Larva",1,"OK","90% ethanol","USNMENT01358699","SERC_012.20170717.L","Guy Hobbs","Georgia Southern University",
