uid,namedLocation,domainID,siteID,plotID,plotType,nlcdClass,decimalLatitude,decimalLongitude,geodeticDatum,coordinateUncertainty,elevation,elevationUncertainty,collectDate,eventID,sampleID,sampleCode,samplingMethod,totalSampledArea,targetTaxaPresent,adultCount,nymphCount,larvaCount,sampleCondition,samplingProtocolVersion,measuredBy,remarks
"c1f3b209-09fa-4533-8098-c31bf5d1771a","TALL_008.tickPlot.tck","D08","TALL","TALL_008","distributed","deciduousForest",32.922874,-87.434097,"WGS84",20.2,127.5,0.2,"2018-03-22T14:27Z","TALL.2018.12",,,"drag and flag",160,"N",0,0,0,,"NEON.DOC.014045vJ","BDzq2IAJfRwsrXnG+WJfFzkBkbtaDALAaR+O7WZv4cM=",
"d28d64a5-c7a9-4287-af9b-af35ac15e7a7","TALL_003.tickPlot.tck","D08","TALL","TALL_003","distributed","mixedForest",32.894415,-87.416532,"WGS84",20.2,121.9,0.2,"2018-03-22T14:33Z","TALL.2018.12",,,"drag and flag",158,"N",0,0,0,,"NEON.DOC.014045vJ","VlGS9knfep4oIPmMdzrYPvhmhmcAnEWcmbTWayWKGyM=",
"4f550c75-87f1-4dbd-92bd-746d5a0f3ec7","TALL_006.tickPlot.tck","D08","TALL","TALL_006","distributed","evergreenForest",32.899144,-87.444571,"WGS84",20.3,108.6,0.3,"2018-03-22T15:20Z","TALL.2018.12",,,"drag and flag",159,"N",0,0,0,,"NEON.DOC.014045vJ","VlGS9knfep4oIPmMdzrYPvhmhmcAnEWcmbTWayWKGyM=",
"462fe7ea-f0f9-4f72-949c-1860331ba646","TALL_002.tickPlot.tck","D08","TALL","TALL_002","distributed","mixedForest",32.920823,-87.428955,"WGS84",20.3,104.0,0.4,"2018-03-22T15:35Z","TALL.2018.12","TALL_002.20180322","A00000011087","drag",160,"Y",2,1,0,"No known compromise","NEON.DOC.014045vJ","Ty5ktdGiRSqkqUWm9Npw4JAlXmlUMfF/XyCnO5fUs8Q=",
"7366d5c0-4d70-4ec9-8097-f6d80a0b2bbd","TALL_001.tickPlot.tck","D08","TALL","TALL_001","distributed","deciduousForest",32.976370,-87.432184,"WGS84",20.2,114.6,0.1,"2018-03-22T17:13Z","TALL.2018.12","TALL_001.20180322","A00000011088","drag",160,"Y",0,2,0,"No known compromise","NEON.DOC.014045vJ","Ty5ktdGiRSqkqUWm9Npw4JAlXmlUMfF/XyCnO5fUs8Q=","Two teams sampled simultaneously"
"3fc9d7c6-25ff-4e29-a3c3-0262fe9303e8","TALL_016.tickPlot.tck","D08","TALL","TALL_016","distributed","evergreenForest",32.971553,-87.415845,"WGS84",20.1,138.9,0.1,"2018-03-22T18:19Z","TALL.2018.12",,,"drag",160,"N",0,0,0,,"NEON.DOC.014045vJ","BDzq2IAJfRwsrXnG+WJfFzkBkbtaDALAaR+O7WZv4cM=","Sampled by two teams simultaneously"
