uid,namedLocation,domainID,siteID,plotID,plotType,nlcdClass,decimalLatitude,decimalLongitude,geodeticDatum,coordinateUncertainty,elevation,elevationUncertainty,collectDate,eventID,sampleID,sampleCode,samplingMethod,totalSampledArea,targetTaxaPresent,adultCount,nymphCount,larvaCount,sampleCondition,samplingProtocolVersion,measuredBy,remarks
"8df548e9-e77e-4fe9-bdee-e35e4a0e264b","CLBJ_043.tickPlot.tck","D11","CLBJ","CLBJ_043","distributed","deciduousForest",33.410406,-97.593713,"WGS84",20.1,285.9,0.1,"2017-05-15T17:05Z","CLBJ.2017.21",,,"drag and flag",175,"N",0,0,0,"Distance estimated (described in remarks)","NEON.DOC.014045vG","/SZ9gQT0eLqwqNZp5Y4LY8GjxO2nhQVhhcHFyjZkNFM=","Had to navigate bush Greenbrier and trees"
"0ce8d89f-c862-456a-a213-f568a67fdc40","CLBJ_032.tickPlot.tck","D11","CLBJ","CLBJ_032","distributed","grasslandHerbaceous",33.405176,-97.595129,"WGS84",20.1,294.7,0.1,"2017-05-15T17:32Z","CLBJ.2017.21",,,"drag",160,"N",0,0,0,,"NEON.DOC.014045vG","/SZ9gQT0eLqwqNZp5Y4LY8GjxO2nhQVhhcHFyjZkNFM=",
"6791a29a-8e10-4789-b6b8-a9ed10d882f0","CLBJ_033.tickPlot.tck","D11","CLBJ","CLBJ_033","distributed","deciduousForest",33.382288,-97.619783,"WGS84",20.1,305.5,0.1,"2017-05-15T18:07Z","CLBJ.2017.21",,,"drag and flag",140,"N",0,0,0,"Distance estimated (described in remarks)","NEON.DOC.014045vG","8oBGJXNLkaAAFE1nw09DzI5VcrXP1nOx4bDlPvMWkW4=","Cut distance short 20m due to large trees and bush."
"5ece903b-f53e-44b7-af3b-e411cb143e09","CLBJ_040.tickPlot.tck","D11","CLBJ","CLBJ_040","distributed","deciduousForest",33.377571,-97.647238,"WGS84",20.1,328.9,0.1,"2017-05-15T19:00Z","CLBJ.2017.21",,,"drag and flag",110,"N",0,0,0,"Distance estimated (described in remarks)","NEON.DOC.014045vG","8oBGJXNLkaAAFE1nw09DzI5VcrXP1nOx4bDlPvMWkW4=","Cut distance short 50 m due to trees and bush."
"4bfc0618-7a3d-4433-baf3-2090e2839d01","CLBJ_034.tickPlot.tck","D11","CLBJ","CLBJ_034","distributed","grasslandHerbaceous",33.320090,-97.578537,"WGS84",20.0,325.2,0.0,"2017-05-16T03:42Z","CLBJ.2017.21",,,"drag and flag",135,"N",0,0,0,"Distance estimated (described in remarks)","NEON.DOC.014045vG","/SZ9gQT0eLqwqNZp5Y4LY8GjxO2nhQVhhcHFyjZkNFM=","Cut short due to obstacles: barbed wire and Creek (25m)."
"cc666542-f55e-45af-b3ac-9412899b293f","CLBJ_036.tickPlot.tck","D11","CLBJ","CLBJ_036","distributed","grasslandHerbaceous",33.396494,-97.580919,"WGS84",20.1,289.5,0.1,"2017-05-16T04:26Z","CLBJ.2017.21",,,"drag and flag",160,"N",0,0,0,,"NEON.DOC.014045vG","/SZ9gQT0eLqwqNZp5Y4LY8GjxO2nhQVhhcHFyjZkNFM=",
