uid,namedLocation,plotID,collectDate,identifiedDate,sampleID,subsampleID,scientificName,acceptedTaxonID,taxonRank,family,subfamily,tribe,subtribe,genus,subgenus,specificEpithet,infraspecificEpithet,identificationQualifier,identificationReferences,identificationProtocolVersion,scientificNameAuthorship,sexOrAge,individualCount,sampleCondition,archiveMedium,archiveFacilityID,deprecatedVialID,identifiedBy,laboratoryName,remarks
"9cc48f31-1785-4042-970c-5bba61c6c630","ORNL_002.tickPlot.tck","ORNL_002","2014-06-26T13:30Z","2015-03-25T12:00Z","ORNL_002.20140626","ORNL_002.20140626.AMBAME.N","Amblyomma americanum","AMBAME","species","Ixodidae",,,,"Amblyomma",,"americanum",,,"Cooley, R. A. and G. M. Kohls. 1944. The genus Amblyomma (ixodidae) in the United States. The Journal of Parasitology, 30(2):77-111.","GSU_tickIdentification_SOP_2016-11-01.pdf","Linnaeus","Nymph",55,"OK","95% ethanol","125497",,"Michael Bischof","Georgia Southern University","West side of Silver Lake along road 40 (proxy for Bartlett Experimental Forest, BART)"
"9af7008e-2346-4beb-adf5-db59ee7c0b1c","ORNL_002.tickPlot.tck","ORNL_002","2014-06-26T13:30Z","2015-03-25T12:00Z","ORNL_002.20140626","ORNL_002.20140626.IXOSCA.N","Ixodes scapularis","IXOSCA","species","Ixodidae",,,,"Ixodes",,"scapularis",,,"Keirans, J. E., and C. M. Clifford. 1978. The genus Ixodes in the United States: a scanning electron microscope study and key to the adults. Journal of Medical Entomology, 15(Supplement 2):1-38.","GSU_tickIdentification_SOP_2016-11-01.pdf","Say","Nymph",3,"OK","95% ethanol","125497",,"Michael Bischof","Georgia Southern University","West side of Silver Lake along road 40 (proxy for Bartlett Experimental Forest, BART)"
"65e7ec89-4f4f-4cbc-9c65-634c72e34f33","ORNL_002.tickPlot.tck","ORNL_002","2014-06-26T13:30Z","2015-03-25T16:00Z","ORNL_002.20140626","ORNL_002.20140626.AMBAME.F","Amblyomma americanum","AMBAME","species","Ixodidae",,,,"Amblyomma",,"americanum",,,"Cooley, R. A. and G. M. Kohls. 1944. The genus Amblyomma (ixodidae) in the United States. The Journal of Parasitology, 30(2):77-111.","GSU_tickIdentification_SOP_2016-11-01.pdf","Linnaeus","Female",2,"OK","90% ethanol","125497",,"Michael Bischof","Georgia Southern University","West side of Silver Lake along road 40 (proxy for Bartlett Experimental Forest, BART)"
"8a250410-61ff-4f85-8b2c-8abe0fe36212","ORNL_040.tickPlot.tck","ORNL_040","2014-06-26T14:10Z","2015-03-26T16:00Z","ORNL_040.20140626","ORNL_040.20140626.AMBAME.F","Amblyomma americanum","AMBAME","species","Ixodidae",,,,"Amblyomma",,"americanum",,,"Cooley, R. A. and G. M. Kohls. 1944. The genus Amblyomma (ixodidae) in the United States. The Journal of Parasitology, 30(2):77-111.","GSU_tickIdentification_SOP_2016-11-01.pdf","Linnaeus","Female",1,"OK","90% ethanol","125508",,"Michael Bischof","Georgia Southern University",
"21a95cba-23c0-4ebd-982f-7ffe67ac704f","ORNL_040.tickPlot.tck","ORNL_040","2014-06-26T14:10Z","2015-03-26T12:00Z","ORNL_040.20140626","ORNL_040.20140626.AMBAME.N","Amblyomma americanum","AMBAME","species","Ixodidae",,,,"Amblyomma",,"americanum",,,"Cooley, R. A. and G. M. Kohls. 1944. The genus Amblyomma (ixodidae) in the United States. The Journal of Parasitology, 30(2):77-111.","GSU_tickIdentification_SOP_2016-11-01.pdf","Linnaeus","Nymph",8,"OK","95% ethanol","125508",,"Michael Bischof","Georgia Southern University",
"9bc27f69-9563-4eef-b627-11675186b151","ORNL_008.tickPlot.tck","ORNL_008","2014-06-26T15:32Z","2015-03-23T16:00Z","ORNL_008.20140626","ORNL_008.20140626.IXOSCA.N","Ixodes scapularis","IXOSCA","species","Ixodidae",,,,"Ixodes",,"scapularis",,,"Keirans, J. E., and C. M. Clifford. 1978. The genus Ixodes in the United States: a scanning electron microscope study and key to the adults. Journal of Medical Entomology, 15(Supplement 2):1-38.","GSU_tickIdentification_SOP_2016-11-01.pdf","Say","Nymph",1,"OK","90% ethanol","125504",,"Michael Bischof","Georgia Southern University","Around Canyonside Campground, Poudre Canyon (proxy for Rocky Mountain National Park, RMNP)"
"2a366210-e2cd-4363-8945-189bf8eb3c0b","ORNL_008.tickPlot.tck","ORNL_008","2014-06-26T15:32Z","2015-03-23T12:00Z","ORNL_008.20140626","ORNL_008.20140626.AMBAME.N","Amblyomma americanum","AMBAME","species","Ixodidae",,,,"Amblyomma",,"americanum",,,"Cooley, R. A. and G. M. Kohls. 1944. The genus Amblyomma (ixodidae) in the United States. The Journal of Parasitology, 30(2):77-111.","GSU_tickIdentification_SOP_2016-11-01.pdf","Linnaeus","Nymph",64,"OK","95% ethanol","125504",,"Michael Bischof","Georgia Southern University","Around Canyonside Campground, Poudre Canyon (proxy for Rocky Mountain National Park, RMNP)"
"b59de98c-b925-4023-b465-7c3a75d26e15","ORNL_008.tickPlot.tck","ORNL_008","2014-06-26T15:32Z","2015-03-23T16:00Z","ORNL_008.20140626","ORNL_008.20140626.AMBAME.F","Amblyomma americanum","AMBAME","species","Ixodidae",,,,"Amblyomma",,"americanum",,,"Cooley, R. A. and G. M. Kohls. 1944. The genus Amblyomma (ixodidae) in the United States. The Journal of Parasitology, 30(2):77-111.","GSU_tickIdentification_SOP_2016-11-01.pdf","Linnaeus","Female",1,"OK","90% ethanol","125504",,"Michael Bischof","Georgia Southern University","Around Canyonside Campground, Poudre Canyon (proxy for Rocky Mountain National Park, RMNP)"
"d0450db5-1c94-415c-b8f6-41034bd96e97","ORNL_007.tickPlot.tck","ORNL_007","2014-06-26T19:20Z","2015-03-25T16:00Z","ORNL_007.20140626","ORNL_007.20140626.AMBAME.F","Amblyomma americanum","AMBAME","species","Ixodidae",,,,"Amblyomma",,"americanum",,,"Cooley, R. A. and G. M. Kohls. 1944. The genus Amblyomma (ixodidae) in the United States. The Journal of Parasitology, 30(2):77-111.","GSU_tickIdentification_SOP_2016-11-01.pdf","Linnaeus","Female",2,"OK","90% ethanol","125502",,"Michael Bischof","Georgia Southern University",
"a45a9c11-7a5a-4d57-bd08-7fc4a60f7cf2","ORNL_007.tickPlot.tck","ORNL_007","2014-06-26T19:20Z","2015-03-25T12:00Z","ORNL_007.20140626","ORNL_007.20140626.IXOSCA.N","Ixodes scapularis","IXOSCA","species","Ixodidae",,,,"Ixodes",,"scapularis",,,"Keirans, J. E., and C. M. Clifford. 1978. The genus Ixodes in the United States: a scanning electron microscope study and key to the adults. Journal of Medical Entomology, 15(Supplement 2):1-38.","GSU_tickIdentification_SOP_2016-11-01.pdf","Say","Nymph",4,"OK","95% ethanol","125502",,"Michael Bischof","Georgia Southern University",
"06957443-c432-49dc-b8bd-76edde921e6b","ORNL_007.tickPlot.tck","ORNL_007","2014-06-26T19:20Z","2015-03-25T16:00Z","ORNL_007.20140626","ORNL_007.20140626.DERVAR.F","Dermacentor variabilis","DERVAR","species","Ixodidae",,,,"Dermacentor",,"variabilis",,,"Cooley, R. A. 1938. The genera Dermacentor and Otocentor (Ixodidae) in the United States, with studies in variation. US Government Printing Office.","GSU_tickIdentification_SOP_2016-11-01.pdf","Say","Female",1,"OK","90% ethanol","125502",,"Michael Bischof","Georgia Southern University",
"7da2aded-80a1-45c4-9dec-13b89ea76d45","ORNL_007.tickPlot.tck","ORNL_007","2014-06-26T19:20Z","2015-03-25T12:00Z","ORNL_007.20140626","ORNL_007.20140626.AMBAME.N","Amblyomma americanum","AMBAME","species","Ixodidae",,,,"Amblyomma",,"americanum",,,"Cooley, R. A. and G. M. Kohls. 1944. The genus Amblyomma (ixodidae) in the United States. The Journal of Parasitology, 30(2):77-111.","GSU_tickIdentification_SOP_2016-11-01.pdf","Linnaeus","Nymph",12,"OK","95% ethanol","125502",,"Michael Bischof","Georgia Southern University",
