uid,namedLocation,domainID,siteID,plotID,plotType,nlcdClass,decimalLatitude,decimalLongitude,geodeticDatum,coordinateUncertainty,elevation,elevationUncertainty,collectDate,eventID,sampleID,sampleCode,samplingMethod,totalSampledArea,targetTaxaPresent,adultCount,nymphCount,larvaCount,sampleCondition,samplingProtocolVersion,measuredBy,remarks
"7afce667-bcb6-40f4-91dd-8b96adbdf682","ORNL_002.tickPlot.tck","D07","ORNL","ORNL_002","distributed","deciduousForest",35.983090,-84.211654,"WGS84",20.3,338.6,0.5,"2014-06-02T14:08Z","ORNL.2014.22","ORNL_002.20140602",,"drag and flag",160,"Y",4,97,0,"No known compromise","NEON.DOC.014045vD","c9fqInG1ql2wFVwRaHTb4w==","D07ADC07"
"6e429268-32f0-4e16-b725-6a8fa6639311","ORNL_008.tickPlot.tck","D07","ORNL","ORNL_008","distributed","deciduousForest",35.933531,-84.334016,"WGS84",20.3,322.7,0.3,"2014-06-02T15:22Z","ORNL.2014.22","ORNL_008.20140602",,"drag and flag",160,"Y",0,46,0,"No known compromise","NEON.DOC.014045vD","P+y+6fyZ+QroMttkyZTVQQ==","D07CLB12"
"6b524c39-4c50-4ab5-8682-069b4e45012c","ORNL_009.tickPlot.tck","D07","ORNL","ORNL_009","distributed","deciduousForest",35.974902,-84.226630,"WGS84",20.2,337.1,0.2,"2014-06-02T16:00Z","ORNL.2014.22","ORNL_009.20140602",,"drag and flag",160,"Y",2,18,0,"No known compromise","NEON.DOC.014045vD","c9fqInG1ql2wFVwRaHTb4w==","D07ADC07"
"e0a9baac-b35f-4235-92d4-d121c5dfb59f","ORNL_007.tickPlot.tck","D07","ORNL","ORNL_007","distributed","deciduousForest",35.925843,-84.328420,"WGS84",20.2,279.4,0.5,"2014-06-02T17:15Z","ORNL.2014.22","ORNL_007.20140602",,"drag and flag",160,"Y",2,30,3,"No known compromise","NEON.DOC.014045vD","P+y+6fyZ+QroMttkyZTVQQ==","D07CLB12"
"f70063fd-026f-44f0-a971-8c03742513a5","ORNL_002.tickPlot.tck","D07","ORNL","ORNL_002","distributed","deciduousForest",35.983090,-84.211654,"WGS84",20.3,338.6,0.5,"2014-06-26T13:30Z","ORNL.2014.25","ORNL_002.20140626",,"drag and flag",160,"Y",2,58,7,"No known compromise","NEON.DOC.014045vD","uiggq+BAqv+gTRBpwlJUlg==","ONE NYMPH ON LARVAL CARD"
"b2990e1b-3dee-4e3e-aed6-c5b3b3c34c47","ORNL_040.tickPlot.tck","D07","ORNL","ORNL_040","distributed","evergreenForest",35.975525,-84.305103,"WGS84",20.2,273.2,0.2,"2014-06-26T14:10Z","ORNL.2014.25","ORNL_040.20140626",,"drag",160,"Y",1,7,0,"No known compromise","NEON.DOC.014045vD","atvhvDqEbXOGkfrgtPLAbg==",
"8568deb9-649a-4373-8b85-4e3e315ce2e1","ORNL_009.tickPlot.tck","D07","ORNL","ORNL_009","distributed","deciduousForest",35.974902,-84.226630,"WGS84",20.2,337.1,0.2,"2014-06-26T14:53Z","ORNL.2014.25","ORNL_009.20140626",,"drag and flag",160,"Y",1,44,74,"No known compromise","NEON.DOC.014045vD","uiggq+BAqv+gTRBpwlJUlg==",
"4f73fff0-4f70-40f8-9a71-cb841b72f394","ORNL_008.tickPlot.tck","D07","ORNL","ORNL_008","distributed","deciduousForest",35.933531,-84.334016,"WGS84",20.3,322.7,0.3,"2014-06-26T15:32Z","ORNL.2014.25","ORNL_008.20140626",,"drag and flag",160,"Y",1,64,0,"No known compromise","NEON.DOC.014045vD","c9fqInG1ql2wFVwRaHTb4w==",
"d9f84240-7aed-46e7-9cb5-588fd56d286c","ORNL_007.tickPlot.tck","D07","ORNL","ORNL_007","distributed","deciduousForest",35.925843,-84.328420,"WGS84",20.2,279.4,0.5,"2014-06-26T19:20Z","ORNL.2014.25","ORNL_007.20140626",,"drag and flag",160,"Y",3,17,84,"No known compromise","NEON.DOC.014045vD","c9fqInG1ql2wFVwRaHTb4w==",
