uid,namedLocation,domainID,siteID,plotID,plotType,nlcdClass,decimalLatitude,decimalLongitude,geodeticDatum,coordinateUncertainty,elevation,elevationUncertainty,collectDate,eventID,sampleID,sampleCode,samplingMethod,totalSampledArea,targetTaxaPresent,adultCount,nymphCount,larvaCount,sampleCondition,samplingProtocolVersion,measuredBy,remarks
"a5d2374a-3ac3-49e9-9654-2262b5be0ef2","LENO_042.tickPlot.tck","D08","LENO","LENO_042","distributed","woodyWetlands",31.817825,-88.182881,"WGS84",20.2,14.6,0.3,"2018-07-16T20:11Z","LENO.2018.29",,,"drag",150,"N",0,0,0,,"NEON.DOC.014045vJ","nDk3u3/Gyje+hKaTCMqqjsY5CgZT7s9cLLilPZHkLiA=","West side of plot still mucky."
"88d95be6-bcc5-44fb-992b-f2578bd82ad7","LENO_004.tickPlot.tck","D08","LENO","LENO_004","distributed","woodyWetlands",31.822376,-88.181956,"WGS84",20.2,12.5,0.2,"2018-07-16T20:51Z","LENO.2018.29",,,"drag",157,"N",0,0,0,,"NEON.DOC.014045vJ","nDk3u3/Gyje+hKaTCMqqjsY5CgZT7s9cLLilPZHkLiA=",
"bd084e93-1879-43f7-b112-ffe154dad7fe","LENO_023.tickPlot.tck","D08","LENO","LENO_023","distributed","deciduousForest",31.809463,-88.181417,"WGS84",20.2,11.6,0.2,"2018-07-17T21:49Z","LENO.2018.29",,,"drag",111,"N",0,0,0,,"NEON.DOC.014045vJ","BDzq2IAJfRwsrXnG+WJfFzkBkbtaDALAaR+O7WZv4cM=","SE corner of plot muddy"
"a3c5e340-ce6d-4144-bc22-76802671e371","LENO_003.tickPlot.tck","D08","LENO","LENO_003","distributed","deciduousForest",31.809581,-88.187553,"WGS84",20.2,15.4,0.4,"2018-07-17T21:50Z","LENO.2018.29",,,"drag",153,"N",0,0,0,"Distance estimated (described in remarks)","NEON.DOC.014045vJ","nDk3u3/Gyje+hKaTCMqqjsY5CgZT7s9cLLilPZHkLiA=","data entered on datasheet. Sheet was lost. Times and distance sampled are estimated. No ticks at plot."
"8460d2b6-b016-44c6-a8dc-b5eb4754b365","LENO_015.tickPlot.tck","D08","LENO","LENO_015","distributed","woodyWetlands",31.817299,-88.191485,"WGS84",20.5,14.2,0.8,"2018-07-18T14:10Z","LENO.2018.29",,,"drag",160,"N",0,0,0,,"NEON.DOC.014045vJ","BDzq2IAJfRwsrXnG+WJfFzkBkbtaDALAaR+O7WZv4cM=",
"604a7842-aabc-4e44-94d8-5063acaed3d8","LENO_002.tickPlot.tck","D08","LENO","LENO_002","distributed","woodyWetlands",31.806282,-88.195216,"WGS84",20.2,16.8,0.2,"2018-07-18T14:50Z","LENO.2018.29",,,"drag",160,"N",0,0,0,,"NEON.DOC.014045vJ","BDzq2IAJfRwsrXnG+WJfFzkBkbtaDALAaR+O7WZv4cM=",
"3266d15f-0a09-467f-926c-bcc2184f203b","LENO_004.tickPlot.tck","D08","LENO","LENO_004","distributed","woodyWetlands",31.822376,-88.181956,"WGS84",20.2,12.5,0.2,"2018-07-30T21:05Z","LENO.2018.31","LENO_004.20180730","A00000013938","drag",160,"Y",0,3,0,"No known compromise","NEON.DOC.014045vJ","ZEw83eKjbdVwmzbrK6rIvBJKEPCDjgcrm+1HylQByNc=",
