uid,namedLocation,domainID,siteID,plotID,plotType,nlcdClass,decimalLatitude,decimalLongitude,geodeticDatum,coordinateUncertainty,elevation,elevationUncertainty,collectDate,eventID,sampleID,sampleCode,samplingMethod,totalSampledArea,targetTaxaPresent,adultCount,nymphCount,larvaCount,sampleCondition,samplingProtocolVersion,measuredBy,remarks
"450ed1a4-14f2-4ee7-87a9-eaf5863164fa","OAES_021.tickPlot.tck","D11","OAES","OAES_021","distributed","shrubScrub",35.413211,-99.074301,"WGS84",20.1,501.7,0.1,"2015-08-31T19:56Z","OAES.2015.35",,,"drag and flag",168,"N",0,0,,,"NEON.DOC.014045vF","zqzI6VPGJkqKrnUdkEIpiHhaRLZfA7fK","Moved in 3 m on E side, deviation total ~5m W side, several trees\brush"
"402b7b65-61d4-490b-ae96-374318de13dc","OAES_007.tickPlot.tck","D11","OAES","OAES_007","distributed","shrubScrub",35.421328,-99.057210,"WGS84",20.1,521.6,0.1,"2015-08-31T21:10Z","OAES.2015.35",,,"drag and flag",160,"N",0,0,,,"NEON.DOC.014045vF","n/e5H9DzKQmiwvmUmG2RGqatOQzXK2Fo1rbM7EummvE=",
"afe8875e-c0d1-4fce-8f7d-b0b4a0d1ab1a","OAES_004.tickPlot.tck","D11","OAES","OAES_004","distributed","grasslandHerbaceous",35.411159,-99.084234,"WGS84",20.1,507.6,0.1,"2015-08-31T21:36Z","OAES.2015.35",,,"drag",160,"N",0,0,,,"NEON.DOC.014045vF","zqzI6VPGJkqKrnUdkEIpiHhaRLZfA7fK",
"53ed2919-4313-457a-a4bc-076fde0aef06","OAES_003.tickPlot.tck","D11","OAES","OAES_003","distributed","grasslandHerbaceous",35.412134,-99.068027,"WGS84",20.2,512.2,0.2,"2015-08-31T22:00Z","OAES.2015.35",,,"drag and flag",160,"N",0,0,,,"NEON.DOC.014045vF","+iQvVZ4QDC/6AZ19AJv4/Z5pPlRFlUUb",
"55eb2362-7325-4508-896b-35ed7ee0dec1","OAES_008.tickPlot.tck","D11","OAES","OAES_008","distributed","grasslandHerbaceous",35.394019,-99.063159,"WGS84",20.1,492.6,0.1,"2015-08-31T22:50Z","OAES.2015.35",,,"drag and flag",160,"N",0,0,,,"NEON.DOC.014045vF","n/e5H9DzKQmiwvmUmG2RGqatOQzXK2Fo1rbM7EummvE=",
"a36680e4-2838-4622-8d1b-6c5cc17de83f","OAES_005.tickPlot.tck","D11","OAES","OAES_005","distributed","grasslandHerbaceous",35.402926,-99.080346,"WGS84",20.1,509.4,0.1,"2015-08-31T22:57Z","OAES.2015.35",,,"drag",160,"N",0,0,,,"NEON.DOC.014045vF","zqzI6VPGJkqKrnUdkEIpiHhaRLZfA7fK",
