uid,namedLocation,domainID,siteID,plotID,plotType,nlcdClass,decimalLatitude,decimalLongitude,geodeticDatum,coordinateUncertainty,elevation,elevationUncertainty,collectDate,eventID,sampleID,sampleCode,samplingMethod,totalSampledArea,targetTaxaPresent,adultCount,nymphCount,larvaCount,sampleCondition,samplingProtocolVersion,measuredBy,remarks
"5528342f-5354-4d68-bb46-26fca49bf366","WREF_008.tickPlot.tck","D16","WREF","WREF_008","distributed","evergreenForest",45.822946,-121.971832,"WGS84",20.3,451.8,0.4,"2018-04-25T20:12Z","WREF.2018.17",,,"drag and flag",160,"N",0,0,0,,"NEON.DOC.014045vJ","A/RRczOckiF0yLsm5QLvenZZSpmx5R/GxdMYXQe8nd8aK+63Kw71Xg==",
"787b9bab-7195-44fa-98a8-21c5e2424a43","WREF_004.tickPlot.tck","D16","WREF","WREF_004","distributed","evergreenForest",45.821500,-121.998892,"WGS84",20.1,558.6,0.1,"2018-04-25T21:44Z","WREF.2018.17",,,"drag and flag",160,"N",0,0,0,,"NEON.DOC.014045vJ","A/RRczOckiF0yLsm5QLvenZZSpmx5R/GxdMYXQe8nd8aK+63Kw71Xg==",
"4d6b6255-baed-4be6-9fff-99ad5cb1f4c2","WREF_013.tickPlot.tck","D16","WREF","WREF_013","distributed","evergreenForest",45.837147,-122.018217,"WGS84",20.2,616.1,0.2,"2018-04-26T19:18Z","WREF.2018.17",,,"drag and flag",160,"N",0,0,0,,"NEON.DOC.014045vJ","9MpvHR97FuJo4gsLwNb5xoR0ZKgI4SjpD6yX9wK3zYo=",
"a8cc6296-9f3e-44fd-81f2-7981583d03d1","WREF_001.tickPlot.tck","D16","WREF","WREF_001","distributed","evergreenForest",45.844857,-122.000505,"WGS84",20.1,654.4,0.1,"2018-04-26T20:53Z","WREF.2018.17",,,"drag and flag",160,"N",0,0,0,,"NEON.DOC.014045vJ","9MpvHR97FuJo4gsLwNb5xoR0ZKgI4SjpD6yX9wK3zYo=",
"c50137b3-5b35-4ea3-84a3-2f0cae216fb5","WREF_009.tickPlot.tck","D16","WREF","WREF_009","distributed","evergreenForest",45.834792,-122.001011,"WGS84",20.2,827.5,0.3,"2018-04-26T22:39Z","WREF.2018.17",,,"drag and flag",160,"N",0,0,0,,"NEON.DOC.014045vJ","9MpvHR97FuJo4gsLwNb5xoR0ZKgI4SjpD6yX9wK3zYo=",
"ef33b4a1-dc96-40ae-869e-97f0c5f8da97","WREF_007.tickPlot.tck","D16","WREF","WREF_007","distributed","evergreenForest",45.851145,-121.988562,"WGS84",20.2,583.2,0.3,"2018-04-27T17:15Z","WREF.2018.17",,,"drag and flag",160,"N",0,0,0,,"NEON.DOC.014045vJ","A/RRczOckiF0yLsm5QLvenZZSpmx5R/GxdMYXQe8nd8aK+63Kw71Xg==",
