uid,namedLocation,domainID,siteID,plotID,plotType,nlcdClass,decimalLatitude,decimalLongitude,geodeticDatum,coordinateUncertainty,elevation,elevationUncertainty,collectDate,eventID,sampleID,sampleCode,samplingMethod,totalSampledArea,targetTaxaPresent,adultCount,nymphCount,larvaCount,sampleCondition,samplingProtocolVersion,measuredBy,remarks
"7ef58fbf-2e85-4c20-a33c-6581456e15dd","RMNP_004.tickPlot.tck","D10","RMNP","RMNP_004","distributed","evergreenForest",40.185729,-105.539818,"WGS84",20.1,2864.5,0.1,"2018-06-25T15:58Z","RMNP.2018.26",,,"drag and flag",160,"N",0,0,0,,"NEON.DOC.014045vJ","yovtsZDHF2bJJO1F4nw1jH8ccdG3PG6PuDTHeS1TozA=",
"7c665f76-2f9b-4cf3-9b7c-c23f8ec2b79b","RMNP_007.tickPlot.tck","D10","RMNP","RMNP_007","distributed","evergreenForest",40.180329,-105.535913,"WGS84",20.1,2821.9,0.1,"2018-06-25T18:33Z","RMNP.2018.26",,,"drag and flag",160,"N",0,0,0,,"NEON.DOC.014045vJ","i+7wBO4AjDQsMiI2vsaNUjKeg7MpgOnsdoQyr+8BTI4=",
"f6a95d77-3311-4df7-a5f2-f1255dc339a6","RMNP_012.tickPlot.tck","D10","RMNP","RMNP_012","distributed","evergreenForest",40.156570,-105.533982,"WGS84",20.1,2925.1,0.2,"2018-06-25T20:41Z","RMNP.2018.26",,,"drag and flag",175,"N",0,0,0,,"NEON.DOC.014045vJ","i+7wBO4AjDQsMiI2vsaNUjKeg7MpgOnsdoQyr+8BTI4=",
"585d2ddc-f542-4c40-8979-18835e3b0a17","RMNP_013.tickPlot.tck","D10","RMNP","RMNP_013","distributed","evergreenForest",40.197179,-105.488569,"WGS84",20.1,2649.5,0.1,"2018-06-27T15:09Z","RMNP.2018.26",,,"drag and flag",165,"N",0,0,0,,"NEON.DOC.014045vJ","K+tJSr1+vfbHsPtL/dLKMjFlKn3yOXeu44OlkjOHon8=",
"bab05717-4929-4924-a7f0-0fa84dd61d05","RMNP_003.tickPlot.tck","D10","RMNP","RMNP_003","distributed","evergreenForest",40.200139,-105.482624,"WGS84",20.1,2658.3,0.1,"2018-06-27T16:36Z","RMNP.2018.26",,,"drag and flag",145,"N",0,0,0,,"NEON.DOC.014045vJ","K+tJSr1+vfbHsPtL/dLKMjFlKn3yOXeu44OlkjOHon8=","Skipped 15m of rocks."
"4bdf1208-b04b-4955-9ebc-526017aec86c","RMNP_002.tickPlot.tck","D10","RMNP","RMNP_002","distributed","evergreenForest",40.196225,-105.473182,"WGS84",20.1,2637.7,0.1,"2018-06-27T18:31Z","RMNP.2018.26","RMNP_002.20180627","A00000017478","drag and flag",160,"Y",1,1,0,"No known compromise","NEON.DOC.014045vJ","K+tJSr1+vfbHsPtL/dLKMjFlKn3yOXeu44OlkjOHon8=",
