uid,namedLocation,date,domainID,siteID,plotID,plotType,nlcdClass,decimalLatitude,decimalLongitude,geodeticDatum,coordinateUncertainty,easting,northing,utmZone,elevation,elevationUncertainty,eventID,samplingProtocolVersion,treesPresent,treesAbsentList,shrubsPresent,shrubsAbsentList,lianasPresent,lianasAbsentList,nestedSubplotAreaShrubSapling,nestedSubplotAreaLiana,totalSampledAreaTrees,totalSampledAreaShrubSapling,totalSampledAreaLiana,remarks,measuredBy,recordedBy,dataQF
"b5ca6f14-c726-437f-8bcf-4cfb3c6f95e2","SOAP_058.basePlot.vst","2015-10-01","D17","SOAP","SOAP_058","tower","evergreenForest",37.033728,-119.263967,"WGS84",20.2,298635.61,4101010.74,"11N",1205.1,0.2,"vst_SOAP_2015","NEON.DOC.000987vD",,,,,,,"100","noneSelected",800,400,800,,"3fh8ZWGiUyNPW/cfWo4MvcGcAV2rECSC","kTmoXw+1QjTAe/87Nrd2rFGyDR4JHaop","legacyData"
"059dc846-e7e5-4fc4-987a-4e8b3ab2276a","SOAP_058.basePlot.vst","2015-10-01","D17","SOAP","SOAP_058","tower","evergreenForest",37.033728,-119.263967,"WGS84",20.2,298635.61,4101010.74,"11N",1205.1,0.2,"vst_SOAP_2015","NEON.DOC.000987vD",,,,,,,"100","noneSelected",800,400,800,,"3fh8ZWGiUyNPW/cfWo4MvcGcAV2rECSC","kTmoXw+1QjTAe/87Nrd2rFGyDR4JHaop","legacyData"
"b2b83b10-9ff6-4685-b08d-7ed96d25dfb7","SOAP_043.basePlot.vst","2015-10-06","D17","SOAP","SOAP_043","tower","evergreenForest",37.034451,-119.268722,"WGS84",20.1,298214.54,4101101.04,"11N",1248.0,0.1,"vst_SOAP_2015","NEON.DOC.000987vD",,,,,,,"100","noneSelected",800,400,800,"work in subplot 23 began 20151005 and was completed 20151006","2GSwrdD8dTCUM8OMtX2xVCKMWrr4ktyi","kTmoXw+1QjTAe/87Nrd2rFGyDR4JHaop","legacyData"
"2c0366fb-8263-48f5-a41f-b5ea70aa8a51","SOAP_043.basePlot.vst","2015-10-06","D17","SOAP","SOAP_043","tower","evergreenForest",37.034451,-119.268722,"WGS84",20.1,298214.54,4101101.04,"11N",1248.0,0.1,"vst_SOAP_2015","NEON.DOC.000987vD",,,,,,,"100","noneSelected",800,400,800,"work in subplot 23 began 20151005 and was completed 20151006","2GSwrdD8dTCUM8OMtX2xVCKMWrr4ktyi","kTmoXw+1QjTAe/87Nrd2rFGyDR4JHaop","legacyData"
"abf41c96-9ae6-4c2a-ac33-d1928569b163","SOAP_043.basePlot.vst","2015-10-07","D17","SOAP","SOAP_043","tower","evergreenForest",37.034451,-119.268722,"WGS84",20.1,298214.54,4101101.04,"11N",1248.0,0.1,"vst_SOAP_2015","NEON.DOC.000987vD",,,,,,,"100","noneSelected",800,400,800,"work in subplot 39 began 20151005 and was completed 20151007","3fh8ZWGiUyNPW/cfWo4MvcGcAV2rECSC","kTmoXw+1QjTAe/87Nrd2rFGyDR4JHaop","legacyData"
"f5f372d6-0e24-4558-adee-4836d407926a","SOAP_043.basePlot.vst","2015-10-07","D17","SOAP","SOAP_043","tower","evergreenForest",37.034451,-119.268722,"WGS84",20.1,298214.54,4101101.04,"11N",1248.0,0.1,"vst_SOAP_2015","NEON.DOC.000987vD",,,,,,,"100","noneSelected",800,400,800,"work in subplot 39 began 20151005 and was completed 20151007","3fh8ZWGiUyNPW/cfWo4MvcGcAV2rECSC","kTmoXw+1QjTAe/87Nrd2rFGyDR4JHaop","legacyData"
"cfcab446-805e-451f-aa06-d516f053e504","SOAP_050.basePlot.vst","2015-10-08","D17","SOAP","SOAP_050","tower","evergreenForest",37.033114,-119.267648,"WGS84",20.1,298306.54,4100950.41,"11N",1259.3,0.1,"vst_SOAP_2015","NEON.DOC.000987vD",,,,,,,"100","noneSelected",800,400,800,"work in subplot 41 began 20151007 and was completed 20151008","2GSwrdD8dTCUM8OMtX2xVCKMWrr4ktyi","kTmoXw+1QjTAe/87Nrd2rFGyDR4JHaop","legacyData"
"b65d4663-62fa-4ef7-a922-a9dc839b2be2","SOAP_050.basePlot.vst","2015-10-08","D17","SOAP","SOAP_050","tower","evergreenForest",37.033114,-119.267648,"WGS84",20.1,298306.54,4100950.41,"11N",1259.3,0.1,"vst_SOAP_2015","NEON.DOC.000987vD",,,,,,,"100","noneSelected",800,400,800,"work in subplot 23 began 20151007 and was completed 20151008","nmgXO4EtL3dCkwsunPG1iytaBjNqL40q","kTmoXw+1QjTAe/87Nrd2rFGyDR4JHaop","legacyData"
"5c974411-bc05-4899-ac55-126b6586800a","SOAP_050.basePlot.vst","2015-10-08","D17","SOAP","SOAP_050","tower","evergreenForest",37.033114,-119.267648,"WGS84",20.1,298306.54,4100950.41,"11N",1259.3,0.1,"vst_SOAP_2015","NEON.DOC.000987vD",,,,,,,"100","noneSelected",800,400,800,"work in subplot 23 began 20151007 and was completed 20151008","nmgXO4EtL3dCkwsunPG1iytaBjNqL40q","kTmoXw+1QjTAe/87Nrd2rFGyDR4JHaop","legacyData"
"e4ddbb9a-262b-49e2-a718-ce5304e91d0f","SOAP_050.basePlot.vst","2015-10-08","D17","SOAP","SOAP_050","tower","evergreenForest",37.033114,-119.267648,"WGS84",20.1,298306.54,4100950.41,"11N",1259.3,0.1,"vst_SOAP_2015","NEON.DOC.000987vD",,,,,,,"100","noneSelected",800,400,800,"work in subplot 41 began 20151007 and was completed 20151008","2GSwrdD8dTCUM8OMtX2xVCKMWrr4ktyi","kTmoXw+1QjTAe/87Nrd2rFGyDR4JHaop","legacyData"
"72ce9b2c-cfb2-4136-bdfc-70512eef6819","SOAP_044.basePlot.vst","2015-10-12","D17","SOAP","SOAP_044","tower","evergreenForest",37.031452,-119.269313,"WGS84",20.2,298154.03,4100769.53,"11N",1242.3,0.2,"vst_SOAP_2015","NEON.DOC.000987vD",,,,,,,"25","noneSelected",800,100,800,,"/okdeQQFj3ok0YrB9sbbCIk0Gya2xtkj","kTmoXw+1QjTAe/87Nrd2rFGyDR4JHaop","legacyData"
"4777c6db-e540-470a-adcd-998887c20234","SOAP_044.basePlot.vst","2015-10-12","D17","SOAP","SOAP_044","tower","evergreenForest",37.031452,-119.269313,"WGS84",20.2,298154.03,4100769.53,"11N",1242.3,0.2,"vst_SOAP_2015","NEON.DOC.000987vD",,,,,,,"25","noneSelected",800,100,800,,"2GSwrdD8dTCUM8OMtX2xVCKMWrr4ktyi","kTmoXw+1QjTAe/87Nrd2rFGyDR4JHaop","legacyData"
"68441ba5-ce0a-460f-9874-311d90d0a4df","SOAP_044.basePlot.vst","2015-10-12","D17","SOAP","SOAP_044","tower","evergreenForest",37.031452,-119.269313,"WGS84",20.2,298154.03,4100769.53,"11N",1242.3,0.2,"vst_SOAP_2015","NEON.DOC.000987vD",,,,,,,"25","noneSelected",800,100,800,,"2GSwrdD8dTCUM8OMtX2xVCKMWrr4ktyi","kTmoXw+1QjTAe/87Nrd2rFGyDR4JHaop","legacyData"
"701e421d-4d8b-461b-bf0f-66722c93fafa","SOAP_044.basePlot.vst","2015-10-12","D17","SOAP","SOAP_044","tower","evergreenForest",37.031452,-119.269313,"WGS84",20.2,298154.03,4100769.53,"11N",1242.3,0.2,"vst_SOAP_2015","NEON.DOC.000987vD",,,,,,,"25","noneSelected",800,100,800,,"/okdeQQFj3ok0YrB9sbbCIk0Gya2xtkj","kTmoXw+1QjTAe/87Nrd2rFGyDR4JHaop","legacyData"
"0d6f4d61-7287-496f-90a2-3cde271d8fd7","SOAP_052.basePlot.vst","2015-10-13","D17","SOAP","SOAP_052","tower","evergreenForest",37.032249,-119.270009,"WGS84",20.2,298094.22,4100859.45,"11N",1255.3,0.3,"vst_SOAP_2015","NEON.DOC.000987vD",,,,,,,"100","noneSelected",800,400,800,"work in subplot 23 began 20151012 and was completed 20151013","/okdeQQFj3ok0YrB9sbbCIk0Gya2xtkj","kTmoXw+1QjTAe/87Nrd2rFGyDR4JHaop","legacyData"
"5d352fbf-8791-4dda-b200-8790beaf9568","SOAP_052.basePlot.vst","2015-10-13","D17","SOAP","SOAP_052","tower","evergreenForest",37.032249,-119.270009,"WGS84",20.2,298094.22,4100859.45,"11N",1255.3,0.3,"vst_SOAP_2015","NEON.DOC.000987vD",,,,,,,"100","noneSelected",800,400,800,,"/okdeQQFj3ok0YrB9sbbCIk0Gya2xtkj","kTmoXw+1QjTAe/87Nrd2rFGyDR4JHaop","legacyData"
"f25af33a-fd5b-407c-bc68-0739a7227514","SOAP_052.basePlot.vst","2015-10-13","D17","SOAP","SOAP_052","tower","evergreenForest",37.032249,-119.270009,"WGS84",20.2,298094.22,4100859.45,"11N",1255.3,0.3,"vst_SOAP_2015","NEON.DOC.000987vD",,,,,,,"100","noneSelected",800,400,800,"work in subplot 23 began 20151012 and was completed 20151013","/okdeQQFj3ok0YrB9sbbCIk0Gya2xtkj","kTmoXw+1QjTAe/87Nrd2rFGyDR4JHaop","legacyData"
"ab7964c6-599a-4e59-a5a4-42cf3de550ac","SOAP_052.basePlot.vst","2015-10-13","D17","SOAP","SOAP_052","tower","evergreenForest",37.032249,-119.270009,"WGS84",20.2,298094.22,4100859.45,"11N",1255.3,0.3,"vst_SOAP_2015","NEON.DOC.000987vD",,,,,,,"100","noneSelected",800,400,800,,"/okdeQQFj3ok0YrB9sbbCIk0Gya2xtkj","kTmoXw+1QjTAe/87Nrd2rFGyDR4JHaop","legacyData"
"4315af77-c2ce-4f55-83ba-1f75183be132","SOAP_046.basePlot.vst","2015-10-14","D17","SOAP","SOAP_046","tower","evergreenForest",37.032325,-119.266633,"WGS84",20.2,298394.74,4100860.71,"11N",1232.9,0.2,"vst_SOAP_2015","NEON.DOC.000987vD",,,,,,,"100","noneSelected",800,400,800,,"3fh8ZWGiUyNPW/cfWo4MvcGcAV2rECSC","kTmoXw+1QjTAe/87Nrd2rFGyDR4JHaop","legacyData"
"6b6f810a-5a78-4dae-9e07-3017e7e47d0c","SOAP_046.basePlot.vst","2015-10-14","D17","SOAP","SOAP_046","tower","evergreenForest",37.032325,-119.266633,"WGS84",20.2,298394.74,4100860.71,"11N",1232.9,0.2,"vst_SOAP_2015","NEON.DOC.000987vD",,,,,,,"100","noneSelected",800,400,800,,"3fh8ZWGiUyNPW/cfWo4MvcGcAV2rECSC","kTmoXw+1QjTAe/87Nrd2rFGyDR4JHaop","legacyData"
"3462e3d8-26e0-4b77-a58a-8e2aa2e701ec","SOAP_046.basePlot.vst","2015-10-14","D17","SOAP","SOAP_046","tower","evergreenForest",37.032325,-119.266633,"WGS84",20.2,298394.74,4100860.71,"11N",1232.9,0.2,"vst_SOAP_2015","NEON.DOC.000987vD",,,,,,,"100","noneSelected",800,400,800,"work in subplot 23 began 20151013 and was completed 20151014","/okdeQQFj3ok0YrB9sbbCIk0Gya2xtkj","kTmoXw+1QjTAe/87Nrd2rFGyDR4JHaop","legacyData"
"d12929ed-ccd2-46f1-a439-4b2c6ee2f026","SOAP_046.basePlot.vst","2015-10-14","D17","SOAP","SOAP_046","tower","evergreenForest",37.032325,-119.266633,"WGS84",20.2,298394.74,4100860.71,"11N",1232.9,0.2,"vst_SOAP_2015","NEON.DOC.000987vD",,,,,,,"100","noneSelected",800,400,800,"work in subplot 23 began 20151013 and was completed 20151014","/okdeQQFj3ok0YrB9sbbCIk0Gya2xtkj","kTmoXw+1QjTAe/87Nrd2rFGyDR4JHaop","legacyData"
"f3254880-7441-4875-8a18-36b8a5792e8e","SOAP_060.basePlot.vst","2015-10-21","D17","SOAP","SOAP_060","tower","shrubScrub",37.030896,-119.270294,"WGS84",20.1,298065.28,4100709.93,"11N",1243.1,0.1,"vst_SOAP_2015","NEON.DOC.000987vD",,,,,,,"noneSelected","noneSelected",800,800,800,,"3fh8ZWGiUyNPW/cfWo4MvcGcAV2rECSC","kTmoXw+1QjTAe/87Nrd2rFGyDR4JHaop","legacyData"
"c354ad5c-9656-4916-b2e1-97c4b6405b63","SOAP_060.basePlot.vst","2015-10-21","D17","SOAP","SOAP_060","tower","shrubScrub",37.030896,-119.270294,"WGS84",20.1,298065.28,4100709.93,"11N",1243.1,0.1,"vst_SOAP_2015","NEON.DOC.000987vD",,,,,,,"noneSelected","noneSelected",800,800,800,,"3fh8ZWGiUyNPW/cfWo4MvcGcAV2rECSC","kTmoXw+1QjTAe/87Nrd2rFGyDR4JHaop","legacyData"
"dc446823-3154-45b6-9b86-d5dc71eb9fe9","SOAP_060.basePlot.vst","2015-10-22","D17","SOAP","SOAP_060","tower","shrubScrub",37.030896,-119.270294,"WGS84",20.1,298065.28,4100709.93,"11N",1243.1,0.1,"vst_SOAP_2015","NEON.DOC.000987vD",,,,,,,"noneSelected","noneSelected",800,800,800,"work in subplot 23 began 20151021 and was completed 20151022","2GSwrdD8dTCUM8OMtX2xVCKMWrr4ktyi","kTmoXw+1QjTAe/87Nrd2rFGyDR4JHaop","legacyData"
"7e90a1f8-ab8f-4911-8801-4123dbb900b7","SOAP_060.basePlot.vst","2015-10-22","D17","SOAP","SOAP_060","tower","shrubScrub",37.030896,-119.270294,"WGS84",20.1,298065.28,4100709.93,"11N",1243.1,0.1,"vst_SOAP_2015","NEON.DOC.000987vD",,,,,,,"noneSelected","noneSelected",800,800,800,"work in subplot 23 began 20151021 and was completed 20151022","2GSwrdD8dTCUM8OMtX2xVCKMWrr4ktyi","kTmoXw+1QjTAe/87Nrd2rFGyDR4JHaop","legacyData"
"324eb031-67dd-4439-ac57-0bd2b8e0b584","SOAP_055.basePlot.vst","2015-10-27","D17","SOAP","SOAP_055","tower","evergreenForest",37.033158,-119.265312,"WGS84",20.2,298514.46,4100950.34,"11N",1215.1,0.4,"vst_SOAP_2015","NEON.DOC.000987vD",,,,,,,"100","noneSelected",800,400,800,"work in subplot 23 began 20151022 and was completed 20151027","/okdeQQFj3ok0YrB9sbbCIk0Gya2xtkj","kTmoXw+1QjTAe/87Nrd2rFGyDR4JHaop","legacyData"
"f624e9a0-0a98-4248-9eab-669140417360","SOAP_055.basePlot.vst","2015-10-27","D17","SOAP","SOAP_055","tower","evergreenForest",37.033158,-119.265312,"WGS84",20.2,298514.46,4100950.34,"11N",1215.1,0.4,"vst_SOAP_2015","NEON.DOC.000987vD",,,,,,,"100","noneSelected",800,400,800,"work in subplot 23 began 20151022 and was completed 20151027","/okdeQQFj3ok0YrB9sbbCIk0Gya2xtkj","kTmoXw+1QjTAe/87Nrd2rFGyDR4JHaop","legacyData"
"9629615c-99db-431d-acde-de5257870006","SOAP_055.basePlot.vst","2015-10-27","D17","SOAP","SOAP_055","tower","evergreenForest",37.033158,-119.265312,"WGS84",20.2,298514.46,4100950.34,"11N",1215.1,0.4,"vst_SOAP_2015","NEON.DOC.000987vD",,,,,,,"100","noneSelected",800,400,800,"work in subplot 41 began 20151022 and was completed 20151027","2GSwrdD8dTCUM8OMtX2xVCKMWrr4ktyi","kTmoXw+1QjTAe/87Nrd2rFGyDR4JHaop","legacyData"
"88402c56-e9be-4369-a79a-1dbdc480880b","SOAP_055.basePlot.vst","2015-10-27","D17","SOAP","SOAP_055","tower","evergreenForest",37.033158,-119.265312,"WGS84",20.2,298514.46,4100950.34,"11N",1215.1,0.4,"vst_SOAP_2015","NEON.DOC.000987vD",,,,,,,"100","noneSelected",800,400,800,"work in subplot 41 began 20151022 and was completed 20151027","2GSwrdD8dTCUM8OMtX2xVCKMWrr4ktyi","kTmoXw+1QjTAe/87Nrd2rFGyDR4JHaop","legacyData"
"5a8ad539-71f2-410b-b8d9-bb929f319c37","SOAP_047.basePlot.vst","2015-10-29","D17","SOAP","SOAP_047","tower","evergreenForest",37.034398,-119.257597,"WGS84",20.1,299204.03,4101071.61,"11N",1183.4,0.1,"vst_SOAP_2015","NEON.DOC.000987vD",,,,,,,"100","noneSelected",800,400,800,,"kTmoXw+1QjTAe/87Nrd2rFGyDR4JHaop","kTmoXw+1QjTAe/87Nrd2rFGyDR4JHaop","legacyData"
"bd60d791-dc40-403b-a4ea-fce340c550f8","SOAP_054.basePlot.vst","2015-10-29","D17","SOAP","SOAP_054","tower","evergreenForest",37.033265,-119.259579,"WGS84",20.1,299024.73,4100950.08,"11N",1182.8,0.1,"vst_SOAP_2015","NEON.DOC.000987vD",,,,,,,"25","noneSelected",800,100,800,"work in subplot 23 began 20151028 and was completed 20151029","/okdeQQFj3ok0YrB9sbbCIk0Gya2xtkj","kTmoXw+1QjTAe/87Nrd2rFGyDR4JHaop","legacyData"
"8b178ea4-a969-4110-87b1-b30cdff64c58","SOAP_054.basePlot.vst","2015-10-29","D17","SOAP","SOAP_054","tower","evergreenForest",37.033265,-119.259579,"WGS84",20.1,299024.73,4100950.08,"11N",1182.8,0.1,"vst_SOAP_2015","NEON.DOC.000987vD",,,,,,,"25","noneSelected",800,100,800,"work in subplot 39 began 20151028 and was completed 20151029","kTmoXw+1QjTAe/87Nrd2rFGyDR4JHaop","kTmoXw+1QjTAe/87Nrd2rFGyDR4JHaop","legacyData"
"287d8f9c-61cf-49c2-93a8-38a82e0e7974","SOAP_054.basePlot.vst","2015-10-29","D17","SOAP","SOAP_054","tower","evergreenForest",37.033265,-119.259579,"WGS84",20.1,299024.73,4100950.08,"11N",1182.8,0.1,"vst_SOAP_2015","NEON.DOC.000987vD",,,,,,,"25","noneSelected",800,100,800,"work in subplot 23 began 20151028 and was completed 20151029","/okdeQQFj3ok0YrB9sbbCIk0Gya2xtkj","kTmoXw+1QjTAe/87Nrd2rFGyDR4JHaop","legacyData"
"15ab39d9-bcff-4770-a17f-c7f42fc898ea","SOAP_054.basePlot.vst","2015-10-29","D17","SOAP","SOAP_054","tower","evergreenForest",37.033265,-119.259579,"WGS84",20.1,299024.73,4100950.08,"11N",1182.8,0.1,"vst_SOAP_2015","NEON.DOC.000987vD",,,,,,,"25","noneSelected",800,100,800,"work in subplot 39 began 20151028 and was completed 20151029","kTmoXw+1QjTAe/87Nrd2rFGyDR4JHaop","kTmoXw+1QjTAe/87Nrd2rFGyDR4JHaop","legacyData"
"e84d810f-8d9c-4566-9496-e0cafb1dbd6d","SOAP_047.basePlot.vst","2015-10-29","D17","SOAP","SOAP_047","tower","evergreenForest",37.034398,-119.257597,"WGS84",20.1,299204.03,4101071.61,"11N",1183.4,0.1,"vst_SOAP_2015","NEON.DOC.000987vD",,,,,,,"100","noneSelected",800,400,800,,"kTmoXw+1QjTAe/87Nrd2rFGyDR4JHaop","kTmoXw+1QjTAe/87Nrd2rFGyDR4JHaop","legacyData"
