uid,namedLocation,domainID,siteID,plotID,plotType,nlcdClass,decimalLatitude,decimalLongitude,geodeticDatum,coordinateUncertainty,elevation,elevationUncertainty,collectDate,eventID,sampleID,sampleCode,samplingMethod,totalSampledArea,targetTaxaPresent,adultCount,nymphCount,larvaCount,sampleCondition,samplingProtocolVersion,measuredBy,remarks
"8524f820-8e3c-4073-ba6b-4f2e1700d4f4","ABBY_002.tickPlot.tck","D16","ABBY","ABBY_002","distributed","grasslandHerbaceous",45.737854,-122.308292,"WGS84",20.1,651.1,0.1,"2018-07-10T16:10Z","ABBY.2018.28",,,"drag and flag",160,"N",0,0,0,,"NEON.DOC.014045vJ","WZOy1r8gs+lNFPIdyuQ55dnAuSeTcechQaeuLv/m3a0=",
"28f42fec-ecdd-4327-8e51-b21e101f6051","ABBY_005.tickPlot.tck","D16","ABBY","ABBY_005","distributed","shrubScrub",45.771976,-122.388089,"WGS84",20.1,492.2,0.1,"2018-07-10T17:06Z","ABBY.2018.28",,,"drag and flag",160,"N",0,0,0,,"NEON.DOC.014045vJ","OUClN2UflHHWu9qdFpY9D1dsJ1ySIC5b4ekqpB1v1WA=",
"2d6d306d-e991-433f-b071-d2ec17662846","ABBY_001.tickPlot.tck","D16","ABBY","ABBY_001","distributed","evergreenForest",45.773172,-122.348101,"WGS84",20.1,294.3,0.2,"2018-07-10T17:35Z","ABBY.2018.28","ABBY_001.20180710","D00000012690","drag and flag",160,"Y",0,1,0,"No known compromise","NEON.DOC.014045vJ","WZOy1r8gs+lNFPIdyuQ55dnAuSeTcechQaeuLv/m3a0=",
"1f0360ed-8a20-4d09-a848-a2456d88204c","ABBY_003.tickPlot.tck","D16","ABBY","ABBY_003","distributed","evergreenForest",45.760799,-122.371290,"WGS84",20.1,626.2,0.1,"2018-07-10T18:09Z","ABBY.2018.28",,,"drag and flag",160,"N",0,0,0,,"NEON.DOC.014045vJ","9MpvHR97FuJo4gsLwNb5xoR0ZKgI4SjpD6yX9wK3zYo=",
"0385ca6e-6b86-49c7-8c65-de064bbaf7d5","ABBY_006.tickPlot.tck","D16","ABBY","ABBY_006","distributed","evergreenForest",45.752800,-122.297903,"WGS84",20.3,576.4,0.4,"2018-07-10T21:31Z","ABBY.2018.28","ABBY_006.20180710","D00000012691","drag and flag",160,"Y",0,1,0,"No known compromise","NEON.DOC.014045vJ","WZOy1r8gs+lNFPIdyuQ55dnAuSeTcechQaeuLv/m3a0=",
"2db9465d-065e-4a30-8e5c-a396ed00f0d5","ABBY_023.tickPlot.tck","D16","ABBY","ABBY_023","distributed","mixedForest",45.745006,-122.383498,"WGS84",20.1,478.7,0.1,"2018-07-10T21:44Z","ABBY.2018.28",,,"drag and flag",157,"N",0,0,0,,"NEON.DOC.014045vJ","9MpvHR97FuJo4gsLwNb5xoR0ZKgI4SjpD6yX9wK3zYo=",
