uid,namedLocation,domainID,siteID,plotID,plotType,nlcdClass,decimalLatitude,decimalLongitude,geodeticDatum,coordinateUncertainty,elevation,elevationUncertainty,collectDate,eventID,sampleID,sampleCode,samplingMethod,totalSampledArea,targetTaxaPresent,adultCount,nymphCount,larvaCount,sampleCondition,samplingProtocolVersion,measuredBy,remarks
"37dec48f-b714-4773-b6b2-da85c41c384a","SJER_025.tickPlot.tck","D17","SJER","SJER_025","distributed","shrubScrub",37.128253,-119.760989,"WGS84",20.1,425.6,0.1,"2016-10-27T17:35Z","SJER.2016.43",,,"drag",160,"N",0,0,0,"No known compromise","NEON.DOC.014045vG","6O4GMD80+R1PwLk+7ZFzI0Tp2lwP64pOoX80OgdCeqE=",
"36758cdf-705c-4abf-9304-9d435046b12a","SJER_002.tickPlot.tck","D17","SJER","SJER_002","distributed","grasslandHerbaceous",37.082062,-119.744707,"WGS84",20.1,327.7,0.1,"2016-10-27T18:15Z","SJER.2016.43",,,"drag",160,"N",0,0,0,"No known compromise","NEON.DOC.014045vG","6HzkzFDdLaNgPi31AaqxNPsuI5nRHqWu",
"84d0fbba-5b80-4fe2-b4b1-b3e74674076f","SJER_007.tickPlot.tck","D17","SJER","SJER_007","distributed","grasslandHerbaceous",37.112815,-119.752224,"WGS84",20.1,419.1,0.1,"2016-10-27T18:16Z","SJER.2016.43",,,"drag",160,"N",0,0,0,"No known compromise","NEON.DOC.014045vG","6O4GMD80+R1PwLk+7ZFzI0Tp2lwP64pOoX80OgdCeqE=",
"1bf15d8a-31a2-4716-9793-c4a94ffd64f0","SJER_009.tickPlot.tck","D17","SJER","SJER_009","distributed","grasslandHerbaceous",37.118203,-119.740038,"WGS84",20.1,460.7,0.1,"2016-10-27T19:40Z","SJER.2016.43",,,"drag",160,"N",0,0,0,"No known compromise","NEON.DOC.014045vG","6O4GMD80+R1PwLk+7ZFzI0Tp2lwP64pOoX80OgdCeqE=",
"7cd6805c-8e6c-4fcd-85b1-886a4daa614f","SJER_001.tickPlot.tck","D17","SJER","SJER_001","distributed","grasslandHerbaceous",37.107348,-119.721732,"WGS84",20.1,415.5,0.1,"2016-10-27T19:53Z","SJER.2016.43",,,"drag",160,"N",0,0,0,"No known compromise","NEON.DOC.014045vG","/okdeQQFj3ok0YrB9sbbCIk0Gya2xtkj",
"5629afc3-4600-4124-914d-0155dbef1ba2","SJER_008.tickPlot.tck","D17","SJER","SJER_008","distributed","evergreenForest",37.106830,-119.716047,"WGS84",20.1,420.6,0.1,"2016-10-27T20:20Z","SJER.2016.43",,,"flag",160,"N",0,0,0,"No known compromise","NEON.DOC.014045vG","6O4GMD80+R1PwLk+7ZFzI0Tp2lwP64pOoX80OgdCeqE=",
