uid,namedLocation,domainID,siteID,plotID,plotType,nlcdClass,decimalLatitude,decimalLongitude,geodeticDatum,coordinateUncertainty,elevation,elevationUncertainty,collectDate,eventID,sampleID,sampleCode,samplingMethod,totalSampledArea,targetTaxaPresent,adultCount,nymphCount,larvaCount,sampleCondition,samplingProtocolVersion,measuredBy,remarks
"6901c066-44eb-4be8-be35-542af38757c5","DSNY_001.tickPlot.tck","D03","DSNY","DSNY_001","distributed","woodyWetlands",28.098062,-81.418561,"WGS84",20.1,20.3,0.1,"2016-05-10T12:23Z","DSNY.2016.19",,,"drag and flag",140,"N",0,0,0,"No known compromise","NEON.DOC.014045vG","vVbEdruuVEiZYDYLSRuHJtzjyy1RQRhZ",
"7f609178-67b9-436c-b095-27b6599d4c81","DSNY_006.tickPlot.tck","D03","DSNY","DSNY_006","distributed","woodyWetlands",28.093704,-81.398045,"WGS84",20.1,20.1,0.1,"2016-05-10T13:16Z","DSNY.2016.19",,,"drag and flag",162,"N",0,0,0,"No known compromise","NEON.DOC.014045vG","vVbEdruuVEiZYDYLSRuHJtzjyy1RQRhZ",
"360a036c-6294-4063-8571-286d201a47f2","DSNY_004.tickPlot.tck","D03","DSNY","DSNY_004","distributed","woodyWetlands",28.101022,-81.399501,"WGS84",20.1,18.7,0.1,"2016-05-10T14:20Z","DSNY.2016.19",,,"drag and flag",160,"N",0,0,0,"No known compromise","NEON.DOC.014045vG","vVbEdruuVEiZYDYLSRuHJtzjyy1RQRhZ",
"4f5a4ce5-b213-4857-a008-f4b41ad593e5","DSNY_008.tickPlot.tck","D03","DSNY","DSNY_008","distributed","woodyWetlands",28.047337,-81.403204,"WGS84",20.1,18.8,0.1,"2016-05-10T16:11Z","DSNY.2016.19",,,"drag",160,"N",0,0,0,"No known compromise","NEON.DOC.014045vG","vVbEdruuVEiZYDYLSRuHJtzjyy1RQRhZ",
"761be69b-a591-4a89-b513-e57c9af18297","DSNY_005.tickPlot.tck","D03","DSNY","DSNY_005","distributed","woodyWetlands",28.040497,-81.394482,"WGS84",20.1,16.6,0.1,"2016-05-10T17:22Z","DSNY.2016.19",,,"drag and flag",160,"N",0,0,0,"No known compromise","NEON.DOC.014045vG","cMb2B+jx12AMjNtsEA8t48GND5R87ks/",
"90f7e59f-95c1-4567-8fa8-cedc7170c75d","DSNY_021.tickPlot.tck","D03","DSNY","DSNY_021","distributed","pastureHay",28.053635,-81.392353,"WGS84",20.1,17.1,0.1,"2016-05-10T18:07Z","DSNY.2016.19",,,"drag and flag",160,"N",0,0,0,"No known compromise","NEON.DOC.014045vG","cMb2B+jx12AMjNtsEA8t48GND5R87ks/",
