uid,namedLocation,domainID,siteID,plotID,plotType,nlcdClass,decimalLatitude,decimalLongitude,geodeticDatum,coordinateUncertainty,elevation,elevationUncertainty,collectDate,eventID,sampleID,sampleCode,samplingMethod,totalSampledArea,targetTaxaPresent,adultCount,nymphCount,larvaCount,sampleCondition,samplingProtocolVersion,measuredBy,remarks
"109125af-e876-4e4a-97e1-8dd2be596ed1","SCBI_013.tickPlot.tck","D02","SCBI","SCBI_013","distributed","deciduousForest",38.873041,-78.163313,"WGS84",20.2,361.3,0.3,"2015-06-15T13:17Z","SCBI.2015.24","SCBI_013.20150615",,"drag",165,"Y",0,34,,"No known compromise","NEON.DOC.014045vF","LZfT4DkrjuPgkqKtOxC/6jE1IfIMtGGp",
"7e573600-e88b-4668-b7b8-9117472febc5","SCBI_039.tickPlot.tck","D02","SCBI","SCBI_039","distributed","pastureHay",38.896433,-78.166542,"WGS84",20.1,330.8,0.1,"2015-06-15T14:53Z","SCBI.2015.24","SCBI_039.20150615",,"drag",172,"Y",4,4,,"No known compromise","NEON.DOC.014045vF","LZfT4DkrjuPgkqKtOxC/6jE1IfIMtGGp",
"1ce2a214-223e-4985-8ce2-7b7bc4e917ef","SCBI_002.tickPlot.tck","D02","SCBI","SCBI_002","distributed","deciduousForest",38.893863,-78.142704,"WGS84",20.2,327.7,0.2,"2015-06-18T17:52Z","SCBI.2015.24","SCBI_002.20150618",,"drag",162,"Y",0,4,,"No known compromise","NEON.DOC.014045vF","WKwujoF6P3ZxI+eeCIL/I+GGipS0GPFs",
"f82105c3-a1d3-4322-b2b6-0560047cb7ad","SCBI_006.tickPlot.tck","D02","SCBI","SCBI_006","distributed","pastureHay",38.897080,-78.150277,"WGS84",20.1,277.1,0.1,"2015-06-18T17:54Z","SCBI.2015.24","SCBI_006.20150618",,"drag",160,"Y",2,1,,"No known compromise","NEON.DOC.014045vF","LZfT4DkrjuPgkqKtOxC/6jE1IfIMtGGp",
"e2c3ae34-e09d-4251-8fb2-6fe3ab5a386d","SCBI_007.tickPlot.tck","D02","SCBI","SCBI_007","distributed","deciduousForest",38.886013,-78.129365,"WGS84",20.2,428.3,0.2,"2015-06-18T19:13Z","SCBI.2015.24","SCBI_007.20150618",,"drag and flag",134,"Y",0,13,,"No known compromise","NEON.DOC.014045vF","WKwujoF6P3ZxI+eeCIL/I+GGipS0GPFs","NE corner pole disturbed; north side was not sampled"
