uid,namedLocation,plotID,collectDate,identifiedDate,sampleID,subsampleID,scientificName,acceptedTaxonID,taxonRank,family,subfamily,tribe,subtribe,genus,subgenus,specificEpithet,infraspecificEpithet,identificationQualifier,identificationReferences,identificationProtocolVersion,scientificNameAuthorship,sexOrAge,individualCount,sampleCondition,archiveMedium,archiveFacilityID,deprecatedVialID,identifiedBy,laboratoryName,remarks
"a9aac871-6f26-4cf2-a8da-b382d338e089","SCBI_013.tickPlot.tck","SCBI_013","2015-06-15T13:17Z","2016-09-20T16:00Z","SCBI_013.20150615","SCBI_013.20150615.IXOSCA.N","Ixodes scapularis","IXOSCA","species","Ixodidae",,,,"Ixodes",,"scapularis",,,"Keirans, J. E., and C. M. Clifford. 1978. The genus Ixodes in the United States: a scanning electron microscope study and key to the adults. Journal of Medical Entomology, 15(Supplement 2):1-38.","GSU_tickIdentification_SOP_2016-11-01.pdf","Say","Nymph",10,"OK","90% ethanol","USNMENT00865307",,"L. Beati","Georgia Southern University",
"ff0c8347-a5a8-4c32-bf0d-40dcc7c5a411","SCBI_013.tickPlot.tck","SCBI_013","2015-06-15T13:17Z","2016-09-20T16:00Z","SCBI_013.20150615","SCBI_013.20150615.AMBAME.N","Amblyomma americanum","AMBAME","species","Ixodidae",,,,"Amblyomma",,"americanum",,,"Cooley, R. A. and G. M. Kohls. 1944. The genus Amblyomma (ixodidae) in the United States. The Journal of Parasitology, 30(2):77-111.","GSU_tickIdentification_SOP_2016-11-01.pdf","Linnaeus","Nymph",25,"OK","90% ethanol","USNMENT00865308",,"L. Beati","Georgia Southern University",
"8943da19-dcd6-499f-b270-2b592ced1659","SCBI_039.tickPlot.tck","SCBI_039","2015-06-15T14:53Z","2016-09-16T16:00Z","SCBI_039.20150615","SCBI_039.20150615.AMBAME.N","Amblyomma americanum","AMBAME","species","Ixodidae",,,,"Amblyomma",,"americanum",,,"Cooley, R. A. and G. M. Kohls. 1944. The genus Amblyomma (ixodidae) in the United States. The Journal of Parasitology, 30(2):77-111.","GSU_tickIdentification_SOP_2016-11-01.pdf","Linnaeus","Nymph",2,"OK","90% ethanol","USNMENT00865247",,"L. Beati","Georgia Southern University",
"619556a3-2df9-4d3b-ab74-6b93c8fe23ac","SCBI_039.tickPlot.tck","SCBI_039","2015-06-15T14:53Z","2016-09-16T16:00Z","SCBI_039.20150615","SCBI_039.20150615.DERVAR.F","Dermacentor variabilis","DERVAR","species","Ixodidae",,,,"Dermacentor",,"variabilis",,,"Yunker, C. E., Keirans, J. E., Clifford, C. M., and E. R. Easton. 1986. Dermacentor ticks (Acari: Ixodoidea: Ixodidae) of the New World: a scanning electron microscope atlas. Proceedings of the Entomological Society of Washington, 88(4):609-627.","GSU_tickIdentification_SOP_2016-11-01.pdf","Say","Female",3,"OK","90% ethanol","USNMENT00865246",,"L. Beati","Georgia Southern University",
"8eb68b87-32d5-4571-8393-f4832c5a1786","SCBI_039.tickPlot.tck","SCBI_039","2015-06-15T14:53Z","2016-09-16T16:00Z","SCBI_039.20150615","SCBI_039.20150615.DERVAR.M","Dermacentor variabilis","DERVAR","species","Ixodidae",,,,"Dermacentor",,"variabilis",,,"Yunker, C. E., Keirans, J. E., Clifford, C. M., and E. R. Easton. 1986. Dermacentor ticks (Acari: Ixodoidea: Ixodidae) of the New World: a scanning electron microscope atlas. Proceedings of the Entomological Society of Washington, 88(4):609-627.","GSU_tickIdentification_SOP_2016-11-01.pdf","Say","Male",1,"OK","90% ethanol","USNMENT00865246",,"L. Beati","Georgia Southern University",
"e4c2a4bc-2a30-445f-b1f1-76a7979ae72e","SCBI_039.tickPlot.tck","SCBI_039","2015-06-15T14:53Z","2016-09-16T16:00Z","SCBI_039.20150615","SCBI_039.20150615.IXOSCA.N","Ixodes scapularis","IXOSCA","species","Ixodidae",,,,"Ixodes",,"scapularis",,,"Keirans, J. E., and C. M. Clifford. 1978. The genus Ixodes in the United States: a scanning electron microscope study and key to the adults. Journal of Medical Entomology, 15(Supplement 2):1-38.","GSU_tickIdentification_SOP_2016-11-01.pdf","Say","Nymph",2,"OK","90% ethanol","USNMENT00865248",,"L. Beati","Georgia Southern University",
"e2219b29-8e99-4622-a9a2-518210f8f3bd","SCBI_002.tickPlot.tck","SCBI_002","2015-06-18T17:52Z","2016-09-20T16:00Z","SCBI_002.20150618","SCBI_002.20150618.IXOSCA.N","Ixodes scapularis","IXOSCA","species","Ixodidae",,,,"Ixodes",,"scapularis",,,"Keirans, J. E., and C. M. Clifford. 1978. The genus Ixodes in the United States: a scanning electron microscope study and key to the adults. Journal of Medical Entomology, 15(Supplement 2):1-38.","GSU_tickIdentification_SOP_2016-11-01.pdf","Say","Nymph",3,"OK","90% ethanol","USNMENT00865282",,"L. Beati","Georgia Southern University",
"6139f669-e6d9-4d23-81cf-b3052104bb44","SCBI_002.tickPlot.tck","SCBI_002","2015-06-18T17:52Z","2016-09-20T16:00Z","SCBI_002.20150618","SCBI_002.20150618.AMBAME.N","Amblyomma americanum","AMBAME","species","Ixodidae",,,,"Amblyomma",,"americanum",,,"Cooley, R. A. and G. M. Kohls. 1944. The genus Amblyomma (ixodidae) in the United States. The Journal of Parasitology, 30(2):77-111.","GSU_tickIdentification_SOP_2016-11-01.pdf","Linnaeus","Nymph",1,"OK","90% ethanol","USNMENT00865281",,"L. Beati","Georgia Southern University",
"1b7a93db-3a19-42ef-af99-da89862fbaf4","SCBI_006.tickPlot.tck","SCBI_006","2015-06-18T17:54Z","2016-09-16T16:00Z","SCBI_006.20150618","SCBI_006.20150618.AMBAME.N","Amblyomma americanum","AMBAME","species","Ixodidae",,,,"Amblyomma",,"americanum",,,"Cooley, R. A. and G. M. Kohls. 1944. The genus Amblyomma (ixodidae) in the United States. The Journal of Parasitology, 30(2):77-111.","GSU_tickIdentification_SOP_2016-11-01.pdf","Linnaeus","Nymph",1,"OK","90% ethanol","USNMENT00865259",,"L. Beati","Georgia Southern University",
"ae26205a-0f97-4c09-8f52-ca3551afa256","SCBI_006.tickPlot.tck","SCBI_006","2015-06-18T17:54Z","2016-09-16T16:00Z","SCBI_006.20150618","SCBI_006.20150618.DERVAR.F","Dermacentor variabilis","DERVAR","species","Ixodidae",,,,"Dermacentor",,"variabilis",,,"Yunker, C. E., Keirans, J. E., Clifford, C. M., and E. R. Easton. 1986. Dermacentor ticks (Acari: Ixodoidea: Ixodidae) of the New World: a scanning electron microscope atlas. Proceedings of the Entomological Society of Washington, 88(4):609-627.","GSU_tickIdentification_SOP_2016-11-01.pdf","Say","Female",2,"OK","90% ethanol","USNMENT00865258",,"L. Beati","Georgia Southern University",
"b1a65bf9-4e2c-4b43-8cec-53e7ce160c33","SCBI_007.tickPlot.tck","SCBI_007","2015-06-18T19:13Z","2016-09-20T16:00Z","SCBI_007.20150618","SCBI_007.20150618.IXOSCA.N","Ixodes scapularis","IXOSCA","species","Ixodidae",,,,"Ixodes",,"scapularis",,,"Keirans, J. E., and C. M. Clifford. 1978. The genus Ixodes in the United States: a scanning electron microscope study and key to the adults. Journal of Medical Entomology, 15(Supplement 2):1-38.","GSU_tickIdentification_SOP_2016-11-01.pdf","Say","Nymph",11,"OK","90% ethanol","USNMENT00865345",,"L. Beati","Georgia Southern University",
"12a16515-1ff7-49a4-80b0-8898bd5afe1b","SCBI_007.tickPlot.tck","SCBI_007","2015-06-18T19:13Z","2016-09-20T16:00Z","SCBI_007.20150618","SCBI_007.20150618.AMBAME.N","Amblyomma americanum","AMBAME","species","Ixodidae",,,,"Amblyomma",,"americanum",,,"Cooley, R. A. and G. M. Kohls. 1944. The genus Amblyomma (ixodidae) in the United States. The Journal of Parasitology, 30(2):77-111.","GSU_tickIdentification_SOP_2016-11-01.pdf","Linnaeus","Nymph",2,"OK","90% ethanol","USNMENT00865339",,"L. Beati","Georgia Southern University",
