uid,namedLocation,domainID,siteID,plotID,plotType,nlcdClass,decimalLatitude,decimalLongitude,geodeticDatum,coordinateUncertainty,elevation,elevationUncertainty,collectDate,eventID,sampleID,sampleCode,samplingMethod,totalSampledArea,targetTaxaPresent,adultCount,nymphCount,larvaCount,sampleCondition,samplingProtocolVersion,measuredBy,remarks
"4a1966c7-c17d-43f6-8c81-5f3bf3ce7325","TALL_001.tickPlot.tck","D08","TALL","TALL_001","distributed","deciduousForest",32.976370,-87.432184,"WGS84",20.2,114.6,0.1,"2015-11-17T15:11Z","TALL.2015.46","TALL_001.20151117",,"drag and flag",160,"Y",0,0,63,"No known compromise","NEON.DOC.014045vF","XIk3CMH/VT2ztcDIBBKNwssfFUwUsihU",
"6feb294c-5b85-4a1c-a289-34cb32bff339","TALL_008.tickPlot.tck","D08","TALL","TALL_008","distributed","deciduousForest",32.922874,-87.434097,"WGS84",20.2,127.5,0.2,"2015-11-17T15:15Z","TALL.2015.46","TALL_008.20151117",,"drag and flag",160,"Y",2,0,2,"No known compromise","NEON.DOC.014045vF","v7wRdnV1gD6DA7NUoRhtXNeAYtN2k0WN",
"dd02e851-2b6a-4fd6-998e-224e54d185e7","TALL_016.tickPlot.tck","D08","TALL","TALL_016","distributed","evergreenForest",32.971553,-87.415845,"WGS84",20.1,138.9,0.1,"2015-11-17T16:09Z","TALL.2015.46",,,"drag",160,"N",0,0,,,"NEON.DOC.014045vF","XIk3CMH/VT2ztcDIBBKNwssfFUwUsihU",
"63129e3c-6cab-4e66-bbc1-aaf3ed3a574c","TALL_002.tickPlot.tck","D08","TALL","TALL_002","distributed","mixedForest",32.920823,-87.428955,"WGS84",20.3,104.0,0.4,"2015-11-17T16:10Z","TALL.2015.46",,,"drag",160,"N",0,0,,,"NEON.DOC.014045vF","v7wRdnV1gD6DA7NUoRhtXNeAYtN2k0WN",
"a18e982f-59d6-4cd2-896a-120671c9d33d","TALL_006.tickPlot.tck","D08","TALL","TALL_006","distributed","evergreenForest",32.899144,-87.444571,"WGS84",20.3,108.6,0.3,"2015-11-17T16:54Z","TALL.2015.46",,,"drag and flag",162,"N",0,0,,,"NEON.DOC.014045vF","XIk3CMH/VT2ztcDIBBKNwssfFUwUsihU",
"e2e2e83d-d35b-469a-b48d-8ff6b9c6a0b0","TALL_003.tickPlot.tck","D08","TALL","TALL_003","distributed","mixedForest",32.894415,-87.416532,"WGS84",20.2,121.9,0.2,"2015-11-17T17:19Z","TALL.2015.46",,,"drag and flag",150,"N",0,0,,,"NEON.DOC.014045vF","v7wRdnV1gD6DA7NUoRhtXNeAYtN2k0WN",
