uid,namedLocation,domainID,siteID,plotID,plotType,nlcdClass,decimalLatitude,decimalLongitude,geodeticDatum,coordinateUncertainty,elevation,elevationUncertainty,collectDate,eventID,sampleID,sampleCode,samplingMethod,totalSampledArea,targetTaxaPresent,adultCount,nymphCount,larvaCount,sampleCondition,samplingProtocolVersion,measuredBy,remarks
"ffc427b0-be49-444c-868b-5c1321ce51b5","DCFS_004.tickPlot.tck","D09","DCFS","DCFS_004","distributed","grasslandHerbaceous",47.171933,-99.053166,"WGS84",20.2,505.0,0.8,"2017-07-20T13:52Z","DCFS.2017.30",,,"drag",160,"N",0,0,0,,"NEON.DOC.014045vH","+TSUWua9mZ8dYDKz/z5IHvwyuVIyGKTpt2RTc4Sa3t/DAgp+z7Wnbw==",
"35b1e9d2-1512-412b-94f5-db1b54365b10","DCFS_005.tickPlot.tck","D09","DCFS","DCFS_005","distributed","grasslandHerbaceous",47.199469,-99.166739,"WGS84",20.1,564.6,0.1,"2017-07-20T16:04Z","DCFS.2017.30",,,"drag",160,"N",0,0,0,,"NEON.DOC.014045vH","1cKKWBegdXd3XTLCQDj8XQBzY4nMiWUz8d+l9IasVs0=",
"f4a6c09a-4bb8-41ca-9f8d-b33e4b5b8abd","DCFS_001.tickPlot.tck","D09","DCFS","DCFS_001","distributed","grasslandHerbaceous",47.209008,-99.165875,"WGS84",20.2,575.5,0.3,"2017-07-20T16:51Z","DCFS.2017.30",,,"drag",160,"N",0,0,0,,"NEON.DOC.014045vH","+TSUWua9mZ8dYDKz/z5IHvwyuVIyGKTpt2RTc4Sa3t/DAgp+z7Wnbw==",
"202336ad-dc19-4b16-9d69-ae2a415030fd","DCFS_010.tickPlot.tck","D09","DCFS","DCFS_010","distributed","grasslandHerbaceous",47.209874,-99.173926,"WGS84",20.1,578.4,0.2,"2017-07-20T17:32Z","DCFS.2017.30","DCFS_010.20170720",,"drag",160,"Y",5,0,0,"No known compromise","NEON.DOC.014045vH","1cKKWBegdXd3XTLCQDj8XQBzY4nMiWUz8d+l9IasVs0=",
"fbf9feb3-6813-44e4-b72f-8ea622690206","DCFS_003.tickPlot.tck","D09","DCFS","DCFS_003","distributed","grasslandHerbaceous",47.207478,-99.183538,"WGS84",20.1,591.2,0.2,"2017-07-20T18:12Z","DCFS.2017.30",,,"drag",160,"N",0,0,0,,"NEON.DOC.014045vH","+TSUWua9mZ8dYDKz/z5IHvwyuVIyGKTpt2RTc4Sa3t/DAgp+z7Wnbw==","n"
"ec849b8d-f57e-4f32-bba8-950065990fce","DCFS_007.tickPlot.tck","D09","DCFS","DCFS_007","distributed","grasslandHerbaceous",47.162946,-99.113801,"WGS84",20.1,567.7,0.2,"2017-07-20T19:20Z","DCFS.2017.30",,,"drag",160,"N",0,0,0,,"NEON.DOC.014045vH","1cKKWBegdXd3XTLCQDj8XQBzY4nMiWUz8d+l9IasVs0=",
