uid,namedLocation,plotID,collectDate,identifiedDate,sampleID,subsampleID,scientificName,acceptedTaxonID,taxonRank,family,subfamily,tribe,subtribe,genus,subgenus,specificEpithet,infraspecificEpithet,identificationQualifier,identificationReferences,identificationProtocolVersion,scientificNameAuthorship,sexOrAge,individualCount,sampleCondition,archiveMedium,archiveFacilityID,deprecatedVialID,identifiedBy,laboratoryName,remarks
"ef9dc82f-0881-43c5-9fd2-35e12fd763e9","SCBI_002.tickPlot.tck","SCBI_002","2016-10-03T18:04Z","2017-05-03T16:00Z","SCBI_002.20161003","SCBI_002.20161003.IXOSP.L","Ixodidae sp.","IXOSP","family","Ixodidae",,,,,,"sp.",,,,"GSU_tickIdentification_SOP_2016-11-01.pdf",,"Larva",1,"OK","RNA stabilization buffer","USNMENT00984503","SCBI_002.20161003.01.L","Guy Hobbs","Georgia Southern University",
"7b94a9f5-b77c-49d5-aad1-6c8a1a5b5b12","SCBI_013.tickPlot.tck","SCBI_013","2016-10-04T15:45Z","2017-05-17T16:00Z","SCBI_013.20161004","SCBI_013.20161004.IXOSCA.N","Ixodes scapularis","IXOSCA","species","Ixodidae",,,,"Ixodes",,"scapularis",,,"Cooley, R. A. and G. M. Kohls. 1945. The genus Ixodes in North America. National Institute of Health Bulletin, 184.","GSU_tickIdentification_SOP_2016-11-01.pdf","Say","Nymph",1,"OK","RNA stabilization buffer","USNMENT00984506","SCBI_013.20161004.01.IXOSCA.N","Lorenza Beati","Georgia Southern University",
"6e496e84-52b8-45fc-98f6-188b0a4f58a3","SCBI_005.tickPlot.tck","SCBI_005","2016-10-04T17:33Z","2017-05-03T16:00Z","SCBI_005.20161004","SCBI_005.20161004.IXOSCA.N","Ixodes scapularis","IXOSCA","species","Ixodidae",,,,"Ixodes",,"scapularis",,,"Cooley, R. A. and G. M. Kohls. 1945. The genus Ixodes in North America. National Institute of Health Bulletin, 184.","GSU_tickIdentification_SOP_2016-11-01.pdf","Say","Nymph",2,"OK","RNA stabilization buffer","USNMENT00984504","SCBI_005.20161004.01.IXOSCA.N","Guy Hobbs","Georgia Southern University",
"8e98c016-474f-47a4-a5ae-0b424891ff06","SCBI_006.tickPlot.tck","SCBI_006","2016-10-04T19:35Z","2017-05-03T16:00Z","SCBI_006.20161004","SCBI_006.20161004.IXOSP.L","Ixodidae sp.","IXOSP","family","Ixodidae",,,,,,"sp.",,,,"GSU_tickIdentification_SOP_2016-11-01.pdf",,"Larva",1,"OK","RNA stabilization buffer","USNMENT00984505","SCBI_006.20161004.01.L","Guy Hobbs","Georgia Southern University",
"a6f60c96-43a1-4ed4-aa7d-a7b027433668","SCBI_002.tickPlot.tck","SCBI_002","2016-10-24T14:40Z","2017-05-05T16:00Z","SCBI_002.20161024","SCBI_002.20161024.IXOSCA.M","Ixodes scapularis","IXOSCA","species","Ixodidae",,,,"Ixodes",,"scapularis",,,"Cooley, R. A. and G. M. Kohls. 1945. The genus Ixodes in North America. National Institute of Health Bulletin, 184.","GSU_tickIdentification_SOP_2016-11-01.pdf","Say","Male",2,"OK","RNA stabilization buffer","USNMENT00984575","SCBI_002.20161024.01.IXOSCA.M","Guy Hobbs","Georgia Southern University",
"b82c49a5-6807-4c14-a7fc-cae47b8d14c9","SCBI_002.tickPlot.tck","SCBI_002","2016-10-24T14:40Z","2017-05-17T16:00Z","SCBI_002.20161024","SCBI_002.20161024.IXOSCA.F","Ixodes scapularis","IXOSCA","species","Ixodidae",,,,"Ixodes",,"scapularis",,,"Cooley, R. A. and G. M. Kohls. 1945. The genus Ixodes in North America. National Institute of Health Bulletin, 184.","GSU_tickIdentification_SOP_2016-11-01.pdf","Say","Female",1,"OK","RNA stabilization buffer","USNMENT00984576","SCBI_002.20161024.01.IXOSCA.F","Lorenza Beati","Georgia Southern University",
"a506a11e-ff49-419f-a15f-117007477ffe","SCBI_039.tickPlot.tck","SCBI_039","2016-10-24T15:47Z","2017-05-05T16:00Z","SCBI_039.20161024","SCBI_039.20161024.IXOSCA.F","Ixodes scapularis","IXOSCA","species","Ixodidae",,,,"Ixodes",,"scapularis",,,"Cooley, R. A. and G. M. Kohls. 1945. The genus Ixodes in North America. National Institute of Health Bulletin, 184.","GSU_tickIdentification_SOP_2016-11-01.pdf","Say","Female",1,"OK","RNA stabilization buffer","USNMENT00984580","SCBI_039.20161024.01.IXOSCA.F","Guy Hobbs","Georgia Southern University",
"e91b1213-cf75-4c4c-aa44-7276a6bae223","SCBI_007.tickPlot.tck","SCBI_007","2016-10-24T15:50Z","2017-05-05T16:00Z","SCBI_007.20161024","SCBI_007.20161024.IXOSCA.M","Ixodes scapularis","IXOSCA","species","Ixodidae",,,,"Ixodes",,"scapularis",,,"Cooley, R. A. and G. M. Kohls. 1945. The genus Ixodes in North America. National Institute of Health Bulletin, 184.","GSU_tickIdentification_SOP_2016-11-01.pdf","Say","Male",1,"OK","RNA stabilization buffer","USNMENT00984577","SCBI_007.20161024.01.IXOSCA.M","Guy Hobbs","Georgia Southern University",
"4198b020-a6bb-4078-a376-629082835103","SCBI_013.tickPlot.tck","SCBI_013","2016-10-24T17:01Z","2017-05-17T16:00Z","SCBI_013.20161024","SCBI_013.20161024.IXOSCA.M","Ixodes scapularis","IXOSCA","species","Ixodidae",,,,"Ixodes",,"scapularis",,,"Cooley, R. A. and G. M. Kohls. 1945. The genus Ixodes in North America. National Institute of Health Bulletin, 184.","GSU_tickIdentification_SOP_2016-11-01.pdf","Say","Male",1,"OK","RNA stabilization buffer","USNMENT00984578","SCBI_013.20161024.01.IXOSCA.M","Lorenza Beati","Georgia Southern University",
"ef747d7b-2cbf-47a7-9482-eb37e6d17208","SCBI_013.tickPlot.tck","SCBI_013","2016-10-24T17:01Z","2017-05-17T16:00Z","SCBI_013.20161024","SCBI_013.20161024.IXOSCA.F","Ixodes scapularis","IXOSCA","species","Ixodidae",,,,"Ixodes",,"scapularis",,,"Cooley, R. A. and G. M. Kohls. 1945. The genus Ixodes in North America. National Institute of Health Bulletin, 184.","GSU_tickIdentification_SOP_2016-11-01.pdf","Say","Female",1,"OK","RNA stabilization buffer","USNMENT00984579","SCBI_013.20161024.01.IXOSCA.F","Lorenza Beati","Georgia Southern University",
