uid,namedLocation,domainID,siteID,plotID,plotType,nlcdClass,decimalLatitude,decimalLongitude,geodeticDatum,coordinateUncertainty,elevation,elevationUncertainty,collectDate,eventID,sampleID,sampleCode,samplingMethod,totalSampledArea,targetTaxaPresent,adultCount,nymphCount,larvaCount,sampleCondition,samplingProtocolVersion,measuredBy,remarks
"f9f20dcf-6c01-46bb-9d64-307627395ee1","SCBI_007.tickPlot.tck","D02","SCBI","SCBI_007","distributed","deciduousForest",38.886013,-78.129365,"WGS84",20.2,428.3,0.2,"2016-10-03T16:43Z","SCBI.2016.40",,,"drag",104,"N",0,0,0,"No known compromise","NEON.DOC.014045vG","ena7GLJui5s1h8moQAQPw3Qj2+mVdivS",
"e5777b42-621b-43b8-884e-820fda1d80be","SCBI_002.tickPlot.tck","D02","SCBI","SCBI_002","distributed","deciduousForest",38.893863,-78.142704,"WGS84",20.2,327.7,0.2,"2016-10-03T18:04Z","SCBI.2016.40","SCBI_002.20161003",,"drag",160,"Y",0,0,7,"No known compromise","NEON.DOC.014045vG","ena7GLJui5s1h8moQAQPw3Qj2+mVdivS",
"c715e79e-b100-4633-b63f-1b3f9c031829","SCBI_013.tickPlot.tck","D02","SCBI","SCBI_013","distributed","deciduousForest",38.873041,-78.163313,"WGS84",20.2,361.3,0.3,"2016-10-04T15:45Z","SCBI.2016.40","SCBI_013.20161004",,"drag and flag",159,"Y",0,1,0,"No known compromise","NEON.DOC.014045vG","WKwujoF6P3YAOkhzyJ/xP0/1URP18h18",
"c2ed3332-5f83-4a9c-950e-cf062e4160c0","SCBI_005.tickPlot.tck","D02","SCBI","SCBI_005","distributed","deciduousForest",38.901859,-78.161940,"WGS84",20.2,263.6,0.3,"2016-10-04T17:33Z","SCBI.2016.40","SCBI_005.20161004",,"drag and flag",158,"Y",0,2,0,"No known compromise","NEON.DOC.014045vG","WKwujoF6P3YAOkhzyJ/xP0/1URP18h18",
"d8999fc5-0135-4489-8047-8a5a73c0c50d","SCBI_039.tickPlot.tck","D02","SCBI","SCBI_039","distributed","pastureHay",38.896433,-78.166542,"WGS84",20.1,330.8,0.1,"2016-10-04T19:01Z","SCBI.2016.40",,,"drag and flag",164,"N",0,0,0,"No known compromise","NEON.DOC.014045vG","vEBCcEQSSh8r9pJtyJMpi8WPWOrf6mR2",
"ae114275-b589-4433-bff1-02b100935bfd","SCBI_006.tickPlot.tck","D02","SCBI","SCBI_006","distributed","pastureHay",38.897080,-78.150277,"WGS84",20.1,277.1,0.1,"2016-10-04T19:35Z","SCBI.2016.40","SCBI_006.20161004",,"drag",160,"Y",0,0,29,"No known compromise","NEON.DOC.014045vG","vEBCcEQSSh8r9pJtyJMpi8WPWOrf6mR2",
"0e1f77d3-5214-4b30-b762-204f0c17bb60","SCBI_002.tickPlot.tck","D02","SCBI","SCBI_002","distributed","deciduousForest",38.893863,-78.142704,"WGS84",20.2,327.7,0.2,"2016-10-24T14:40Z","SCBI.2016.43","SCBI_002.20161024",,"drag",160,"Y",3,0,0,"No known compromise","NEON.DOC.014045vG","esNjjubcI51hdInmRHEEIrFR4+oIJtuN","Post down"
"796e1594-dd7f-4500-9063-7b05e8371508","SCBI_005.tickPlot.tck","D02","SCBI","SCBI_005","distributed","deciduousForest",38.901859,-78.161940,"WGS84",20.2,263.6,0.3,"2016-10-24T14:43Z","SCBI.2016.43",,,"drag",162,"N",0,0,0,"No known compromise","NEON.DOC.014045vG","65MrXCKZ6BZHMIpBwLFSzI3B2iyqckQKC2QVdjxfI44=",
"041f18f7-c7f6-4a2c-9e79-07906e292302","SCBI_039.tickPlot.tck","D02","SCBI","SCBI_039","distributed","pastureHay",38.896433,-78.166542,"WGS84",20.1,330.8,0.1,"2016-10-24T15:47Z","SCBI.2016.43","SCBI_039.20161024",,"drag and flag",160,"Y",2,0,0,"No known compromise","NEON.DOC.014045vG","/AhbGCCF27wHz9TggrmS1nLN8zUO+zcB","Lost second adult at SW corner, SW corner down"
"b87b5ecc-6edb-4134-8d86-1665fd2101df","SCBI_007.tickPlot.tck","D02","SCBI","SCBI_007","distributed","deciduousForest",38.886013,-78.129365,"WGS84",20.2,428.3,0.2,"2016-10-24T15:50Z","SCBI.2016.43","SCBI_007.20161024",,"drag and flag",144,"Y",1,0,0,"No known compromise","NEON.DOC.014045vG","esNjjubcI51hdInmRHEEIrFR4+oIJtuN",
"43096f1a-c937-450f-8002-8d6ca5a39127","SCBI_013.tickPlot.tck","D02","SCBI","SCBI_013","distributed","deciduousForest",38.873041,-78.163313,"WGS84",20.2,361.3,0.3,"2016-10-24T17:01Z","SCBI.2016.43","SCBI_013.20161024",,"drag",160,"Y",3,0,0,"No known compromise","NEON.DOC.014045vG","65MrXCKZ6BZHMIpBwLFSzI3B2iyqckQKC2QVdjxfI44=",
"8433d203-347d-4f9e-a441-9a1b1de46e71","SCBI_006.tickPlot.tck","D02","SCBI","SCBI_006","distributed","pastureHay",38.897080,-78.150277,"WGS84",20.1,277.1,0.1,"2016-10-24T17:06Z","SCBI.2016.43",,,"drag",162,"N",0,0,0,"No known compromise","NEON.DOC.014045vG","esNjjubcI51hdInmRHEEIrFR4+oIJtuN",
