uid,namedLocation,date,domainID,siteID,plotID,plotType,nlcdClass,decimalLatitude,decimalLongitude,geodeticDatum,coordinateUncertainty,easting,northing,utmZone,elevation,elevationUncertainty,eventID,samplingProtocolVersion,treesPresent,treesAbsentList,shrubsPresent,shrubsAbsentList,lianasPresent,lianasAbsentList,nestedSubplotAreaShrubSapling,nestedSubplotAreaLiana,totalSampledAreaTrees,totalSampledAreaShrubSapling,totalSampledAreaLiana,remarks,measuredBy,recordedBy,dataQF
"ef8917ca-88a1-4046-988d-e4f0df9203c7","NIWO_059.basePlot.vst","2016-10-03","D13","NIWO","NIWO_059","tower","grasslandHerbaceous",40.048717,-105.583295,"WGS84",10.1,450245.37,4433327.31,"13N",3397.9,0.1,"vst_NIWO_2016","NEON.DOC.000987vE","N",,"Y",,"N",,"noneSelected","noneSelected",400,400,400,,"Xlq171H9ZZZ5J3ckp1BdAB0lm0ecD5Q+","hh6ebSg6u9QT5P7fcmrL3lHK7HHR+RXo",
"8f7e35b7-3ded-4c8c-ae99-94daaa1766c3","NIWO_042.basePlot.vst","2016-10-03","D13","NIWO","NIWO_042","tower","grasslandHerbaceous",40.048450,-105.584355,"WGS84",20.1,450154.75,4433298.27,"13N",3412.5,0.1,"vst_NIWO_2016","NEON.DOC.000987vE","N",,"Y",,"N",,"noneSelected","noneSelected",400,400,400,,"Xlq171H9ZZZ5J3ckp1BdAB0lm0ecD5Q+","hh6ebSg6u9QT5P7fcmrL3lHK7HHR+RXo",
"989c990b-05bd-461d-84f5-36ddd5f4b9f4","NIWO_058.basePlot.vst","2016-10-04","D13","NIWO","NIWO_058","tower","shrubScrub",40.048719,-105.587181,"WGS84",10.1,449913.89,4433329.71,"13N",3446.4,0.1,"vst_NIWO_2016","NEON.DOC.000987vE","Y",,"Y",,"N",,"noneSelected","noneSelected",400,400,400,,"Xlq171H9ZZZ5J3ckp1BdAB0lm0ecD5Q+","hh6ebSg6u9QT5P7fcmrL3lHK7HHR+RXo",
"ab9daf5f-58e4-436e-9ad2-590d5fe0e68a","NIWO_064.basePlot.vst","2016-10-05","D13","NIWO","NIWO_064","tower","evergreenForest",40.047370,-105.583997,"WGS84",10.1,450184.50,4433178.20,"13N",3373.2,0.1,"vst_NIWO_2016","NEON.DOC.000987vE","Y",,"Y",,"N",,"25","noneSelected",400,200,400,,"3tzZQmce7x7JA3blggu8feRPxyCUaTbS","Xlq171H9ZZZ5J3ckp1BdAB0lm0ecD5Q+",
"fb8ca0e8-20a2-4666-9c0f-d0225105641d","NIWO_045.basePlot.vst","2016-10-05","D13","NIWO","NIWO_045","tower","grasslandHerbaceous",40.046800,-105.586451,"WGS84",10.1,449974.76,4433116.31,"13N",3400.2,0.1,"vst_NIWO_2016","NEON.DOC.000987vE","Y",,"Y",,"N",,"25","noneSelected",400,200,400,,"Xlq171H9ZZZ5J3ckp1BdAB0lm0ecD5Q+","wnOuIHRa4FOcTQx1VMy4nMZ2DVuQZQwp",
"e49af7ef-aa41-4c11-b199-81be9b91678b","NIWO_050.basePlot.vst","2016-10-14","D13","NIWO","NIWO_050","tower","grasslandHerbaceous",40.050338,-105.584011,"WGS84",10.1,450185.47,4433507.63,"13N",3437.3,0.1,"vst_NIWO_2016","NEON.DOC.000987vE","N",,"Y",,"N",,"noneSelected","noneSelected",400,400,400,,"Xlq171H9ZZZ5J3ckp1BdAB0lm0ecD5Q+","hh6ebSg6u9QT5P7fcmrL3lHK7HHR+RXo",
"0f2dc7e6-5efe-4744-a05a-4a423125afb4","NIWO_063.basePlot.vst","2016-10-14","D13","NIWO","NIWO_063","tower","shrubScrub",40.048980,-105.585058,"WGS84",10.1,450095.17,4433357.49,"13N",3432.7,0.1,"vst_NIWO_2016","NEON.DOC.000987vE","Y",,"Y",,"N",,"noneSelected","noneSelected",400,400,400,,"Xlq171H9ZZZ5J3ckp1BdAB0lm0ecD5Q+","hh6ebSg6u9QT5P7fcmrL3lHK7HHR+RXo",
