uid,namedLocation,domainID,siteID,plotID,plotType,nlcdClass,decimalLatitude,decimalLongitude,geodeticDatum,coordinateUncertainty,elevation,elevationUncertainty,collectDate,eventID,sampleID,sampleCode,samplingMethod,totalSampledArea,targetTaxaPresent,adultCount,nymphCount,larvaCount,sampleCondition,samplingProtocolVersion,measuredBy,remarks
"3137e308-6653-4d57-8334-add700daeb5a","CPER_007.tickPlot.tck","D10","CPER","CPER_007","distributed","grasslandHerbaceous",40.860878,-104.684952,"WGS84",20.1,1646.7,0.1,"2014-08-07T15:49Z","CPER.2014.31",,,"drag",160,"N",0,0,0,,"NEON.DOC.014045vD","wH3FUV5Yze3juWvFCGhJQg==",
"71379ec2-5595-4145-a1c0-70405b2148e6","CPER_001.tickPlot.tck","D10","CPER","CPER_001","distributed","grasslandHerbaceous",40.851012,-104.701302,"WGS84",20.1,1639.1,0.1,"2014-08-07T16:45Z","CPER.2014.31",,,"drag",161,"N",0,0,0,,"NEON.DOC.014045vD","4hpsnfnqUYX75To1c91Y1g==","1 meter added due to cactus avoidance."
"4e1c4951-5e33-4439-a7ab-8e7e3552aa3d","CPER_005.tickPlot.tck","D10","CPER","CPER_005","distributed","grasslandHerbaceous",40.852571,-104.726331,"WGS84",20.1,1662.6,0.1,"2014-08-07T17:43Z","CPER.2014.31",,,"drag",165,"N",0,0,0,,"NEON.DOC.014045vD","wH3FUV5Yze3juWvFCGhJQg==","5 meters added due to large shrubbery avoidance."
"5607fdea-d879-4192-9fc0-204684397744","CPER_003.tickPlot.tck","D10","CPER","CPER_003","distributed","grasslandHerbaceous",40.819808,-104.707147,"WGS84",20.1,1625.7,0.1,"2014-08-07T18:53Z","CPER.2014.31",,,"drag",160,"N",0,0,0,,"NEON.DOC.014045vD","4hpsnfnqUYX75To1c91Y1g==",
"f63151d9-429f-4f74-8e52-2968f6f4463c","CPER_004.tickPlot.tck","D10","CPER","CPER_004","distributed","grasslandHerbaceous",40.814104,-104.696817,"WGS84",20.1,1617.2,0.1,"2014-08-07T19:37Z","CPER.2014.31",,,"drag",160,"N",0,0,0,,"NEON.DOC.014045vD","wH3FUV5Yze3juWvFCGhJQg==",
"1bfbaea2-6c8e-4934-8b91-ab3885b23727","CPER_002.tickPlot.tck","D10","CPER","CPER_002","distributed","grasslandHerbaceous",40.811446,-104.727626,"WGS84",20.1,1645.8,0.1,"2014-08-07T20:14Z","CPER.2014.31",,,"drag",160,"N",0,0,0,,"NEON.DOC.014045vD","4hpsnfnqUYX75To1c91Y1g==",
