uid,namedLocation,domainID,siteID,plotID,plotType,nlcdClass,decimalLatitude,decimalLongitude,geodeticDatum,coordinateUncertainty,elevation,elevationUncertainty,collectDate,eventID,sampleID,sampleCode,samplingMethod,totalSampledArea,targetTaxaPresent,adultCount,nymphCount,larvaCount,sampleCondition,samplingProtocolVersion,measuredBy,remarks
"5a4b7ce8-3523-4005-b34b-c32fb7b6ec6a","NOGP_007.tickPlot.tck","D09","NOGP","NOGP_007","distributed","grasslandHerbaceous",46.813251,-100.903783,"WGS84",20.0,527.7,0.0,"2017-05-10T15:34Z","NOGP.2017.20",,,"drag",160,"N",0,0,0,"No known compromise","NEON.DOC.014045vH","4TODt8R5shw1rpyhmdHVgRSV+ZP22NnuZJDxc76nsEQ=",
"138f5801-0f5a-42b6-ba09-6863671836a3","NOGP_002.tickPlot.tck","D09","NOGP","NOGP_002","distributed","grasslandHerbaceous",46.797460,-100.910668,"WGS84",20.1,544.6,0.1,"2017-05-10T17:26Z","NOGP.2017.20","NOGP_002.20170510",,"drag",160,"Y",2,0,0,"No known compromise","NEON.DOC.014045vH","4TODt8R5shw1rpyhmdHVgRSV+ZP22NnuZJDxc76nsEQ=",
"cc3dd39c-29cc-49d6-a545-db8df5b27b19","NOGP_005.tickPlot.tck","D09","NOGP","NOGP_005","distributed","grasslandHerbaceous",46.787576,-100.916830,"WGS84",20.0,564.6,0.0,"2017-05-10T18:18Z","NOGP.2017.20",,,"drag and flag",160,"N",0,0,0,"No known compromise","NEON.DOC.014045vG","ycVTQLmo0rfLTTViEt0rT/29CNRPkp5f",
"54d4d8cb-d676-4e96-a25c-82a84932925b","NOGP_008.tickPlot.tck","D09","NOGP","NOGP_008","distributed","grasslandHerbaceous",46.783500,-100.905977,"WGS84",20.1,562.0,0.1,"2017-05-10T19:05Z","NOGP.2017.20",,,"drag and flag",165,"N",0,0,0,"No known compromise","NEON.DOC.014045vG","4TODt8R5shw1rpyhmdHVgRSV+ZP22NnuZJDxc76nsEQ=",
"0169f4de-e55d-44fe-ac8e-149ef98c79c6","NOGP_006.tickPlot.tck","D09","NOGP","NOGP_006","distributed","grasslandHerbaceous",46.768522,-100.918874,"WGS84",20.1,588.6,0.1,"2017-05-10T20:03Z","NOGP.2017.20",,,"drag",170,"N",0,0,0,"No known compromise","NEON.DOC.014045vG","ycVTQLmo0rfLTTViEt0rT/29CNRPkp5f","SE corner not found. So wrapped out measured for corner"
"14f4fa32-1686-42a0-bc31-27ed9b26e769","NOGP_001.tickPlot.tck","D09","NOGP","NOGP_001","distributed","grasslandHerbaceous",46.804811,-100.916048,"WGS84",20.0,530.7,0.0,"2017-05-15T16:54Z","NOGP.2017.21","NOGP_001.20170515",,"drag",167,"Y",1,0,0,"No known compromise","NEON.DOC.014045vH","ippAM7hgZZN9yeJU5Ijf8F5YDP8RekccKAsKIg9hHLs=","NW Corner found after trajectory was wrong"
"64be1e1c-37e8-44fb-9839-89547dafa96c","NOGP_007.tickPlot.tck","D09","NOGP","NOGP_007","distributed","grasslandHerbaceous",46.813251,-100.903783,"WGS84",20.0,527.7,0.0,"2017-05-31T15:12Z","NOGP.2017.23",,,"drag",160,"N",0,0,0,,"NEON.DOC.014045vG","q5FmdU0F+THRYNd6neW4Qym5ZB6unFc38NywBzh4PlI=","10 min wait from 10:22 10:32 couldn't find flagging at first"
"e02b7d26-f9b2-404f-b540-6d1ccd238b76","NOGP_001.tickPlot.tck","D09","NOGP","NOGP_001","distributed","grasslandHerbaceous",46.804811,-100.916048,"WGS84",20.0,530.7,0.0,"2017-05-31T16:30Z","NOGP.2017.23",,,"drag",160,"N",0,0,0,,"NEON.DOC.014045vG","q5FmdU0F+THRYNd6neW4Qym5ZB6unFc38NywBzh4PlI=","North West corner flag missing"
"1385c1c0-bfdb-4269-91b7-e38e2f95de5f","NOGP_002.tickPlot.tck","D09","NOGP","NOGP_002","distributed","grasslandHerbaceous",46.797460,-100.910668,"WGS84",20.1,544.6,0.1,"2017-05-31T17:33Z","NOGP.2017.23",,,"drag",160,"N",0,0,0,,"NEON.DOC.014045vG","q5FmdU0F+THRYNd6neW4Qym5ZB6unFc38NywBzh4PlI=",
"3865d8bb-bd4b-457a-b20d-9759c8bb527a","NOGP_005.tickPlot.tck","D09","NOGP","NOGP_005","distributed","grasslandHerbaceous",46.787576,-100.916830,"WGS84",20.0,564.6,0.0,"2017-05-31T18:22Z","NOGP.2017.23",,,"drag",160,"N",0,0,0,,"NEON.DOC.014045vH","i4LPslDzEW7+e5TJzsuDqUG9zQJvBvTldI6VGxYk7lE=",
"9574b856-1fcd-4fba-88e1-2261d1f58bf8","NOGP_008.tickPlot.tck","D09","NOGP","NOGP_008","distributed","grasslandHerbaceous",46.783500,-100.905977,"WGS84",20.1,562.0,0.1,"2017-05-31T19:03Z","NOGP.2017.23",,,"drag",160,"N",0,0,0,,"NEON.DOC.014045vG","q5FmdU0F+THRYNd6neW4Qym5ZB6unFc38NywBzh4PlI=",
"3584a47c-9c87-4ee6-8308-b933a83fc44c","NOGP_006.tickPlot.tck","D09","NOGP","NOGP_006","distributed","grasslandHerbaceous",46.768522,-100.918874,"WGS84",20.1,588.6,0.1,"2017-05-31T20:07Z","NOGP.2017.23",,,"drag",160,"N",0,0,0,,"NEON.DOC.014045vG","i4LPslDzEW7+e5TJzsuDqUG9zQJvBvTldI6VGxYk7lE=",
