uid,namedLocation,domainID,siteID,plotID,plotType,nlcdClass,decimalLatitude,decimalLongitude,geodeticDatum,coordinateUncertainty,elevation,elevationUncertainty,collectDate,eventID,sampleID,sampleCode,samplingMethod,totalSampledArea,targetTaxaPresent,adultCount,nymphCount,larvaCount,sampleCondition,samplingProtocolVersion,measuredBy,remarks
"d092bf27-36fa-4ce2-93aa-391701c58d42","JORN_005.tickPlot.tck","D14","JORN","JORN_005","distributed","shrubScrub",32.575619,-106.801784,"WGS84",20.1,1324.8,0.2,"2018-03-20T13:37Z","JORN.2018.12",,,"drag",163,"N",0,0,0,"No known compromise","NEON.DOC.014045vJ","65MrXCKZ6BZXG1SXmVyZOVgvTyou7eA1TsN7UzXVNxc=",
"2c3d193b-52cc-47da-9dc3-cf167cc969fb","JORN_004.tickPlot.tck","D14","JORN","JORN_004","distributed","shrubScrub",32.629997,-106.859194,"WGS84",20.1,1332.6,0.1,"2018-03-20T14:43Z","JORN.2018.12",,,"drag and flag",155,"N",0,0,0,,"NEON.DOC.014045vJ","EPY5RsIdKdwjSJBxmQB+4RCsYyAVUGGDtIz/1seSEKw=",
"a849bc22-9716-4c16-9ca0-ff3ee849f3a7","JORN_006.tickPlot.tck","D14","JORN","JORN_006","distributed","shrubScrub",32.591754,-106.825128,"WGS84",20.1,1323.4,0.1,"2018-03-20T15:46Z","JORN.2018.12",,,"drag",152,"N",0,0,0,"No known compromise","NEON.DOC.014045vJ","Wo7kbpo00q/iTGrlK/cuBAxj86mjn3gOqP/J51qkj0s=",
"0f518072-f304-4270-a2d2-75eacdedf7cf","JORN_002.tickPlot.tck","D14","JORN","JORN_002","distributed","shrubScrub",32.612341,-106.827225,"WGS84",20.1,1328.9,0.1,"2018-03-20T16:42Z","JORN.2018.12",,,"drag and flag",163,"N",0,0,0,,"NEON.DOC.014045vJ","/uvjuaD++HCtf3w9RLf6E56KDXXjpmcR9UAMTbNmRAY=",
"58d1d164-afef-42c4-8082-5631bdd10e05","JORN_001.tickPlot.tck","D14","JORN","JORN_001","distributed","shrubScrub",32.603710,-106.801348,"WGS84",20.1,1323.4,0.1,"2018-03-20T17:42Z","JORN.2018.12",,,"drag and flag",119,"N",0,0,0,"No known compromise","NEON.DOC.014045vJ","65MrXCKZ6BZXG1SXmVyZOVgvTyou7eA1TsN7UzXVNxc=",
"a8210cdc-ae71-4a06-80e2-d77d32dd2494","JORN_003.tickPlot.tck","D14","JORN","JORN_003","distributed","shrubScrub",32.599768,-106.839372,"WGS84",20.1,1321.1,0.1,"2018-03-20T18:40Z","JORN.2018.12",,,"drag and flag",150,"N",0,0,0,,"NEON.DOC.014045vJ","EPY5RsIdKdwjSJBxmQB+4RCsYyAVUGGDtIz/1seSEKw=",
