uid,namedLocation,domainID,siteID,plotID,plotType,nlcdClass,decimalLatitude,decimalLongitude,geodeticDatum,coordinateUncertainty,elevation,elevationUncertainty,collectDate,eventID,sampleID,sampleCode,samplingMethod,totalSampledArea,targetTaxaPresent,adultCount,nymphCount,larvaCount,sampleCondition,samplingProtocolVersion,measuredBy,remarks
"36d5a17b-07c1-4ef1-9501-3b8a3e1b516b","SJER_001.tickPlot.tck","D17","SJER","SJER_001","distributed","grasslandHerbaceous",37.107348,-119.721732,"WGS84",20.1,415.5,0.1,"2017-11-21T16:39Z","SJER.2017.48",,,"drag",170,"N",0,0,0,,"NEON.DOC.014045vH","5KHGCJU8MVi1+7ablrc8J9GceIxGWQkD57A2WbAFRSE=",
"ebcdefc9-bf6e-4412-892a-00bdd9ca44cc","SJER_008.tickPlot.tck","D17","SJER","SJER_008","distributed","evergreenForest",37.106830,-119.716047,"WGS84",20.1,420.6,0.1,"2017-11-21T17:37Z","SJER.2017.48",,,"drag",159,"N",0,0,0,,"NEON.DOC.014045vH","5KHGCJU8MVi1+7ablrc8J9GceIxGWQkD57A2WbAFRSE=",
"511a8190-df57-46d8-9151-9026a5ea089c","SJER_002.tickPlot.tck","D17","SJER","SJER_002","distributed","grasslandHerbaceous",37.082062,-119.744707,"WGS84",20.1,327.7,0.1,"2017-11-21T19:03Z","SJER.2017.48",,,"drag",160,"N",0,0,0,,"NEON.DOC.014045vH","5KHGCJU8MVi1+7ablrc8J9GceIxGWQkD57A2WbAFRSE=",
"ef6a720a-2fe1-4411-b18b-622f52425f10","SJER_009.tickPlot.tck","D17","SJER","SJER_009","distributed","grasslandHerbaceous",37.118203,-119.740038,"WGS84",20.1,460.7,0.1,"2017-11-21T20:41Z","SJER.2017.48",,,"drag",160,"N",0,0,0,,"NEON.DOC.014045vH","5KHGCJU8MVi1+7ablrc8J9GceIxGWQkD57A2WbAFRSE=",
"458f4fe0-16ac-4a35-8523-882f1fd604c3","SJER_025.tickPlot.tck","D17","SJER","SJER_025","distributed","shrubScrub",37.128253,-119.760989,"WGS84",20.1,425.6,0.1,"2017-11-21T21:50Z","SJER.2017.48",,,"drag",155,"N",0,0,0,,"NEON.DOC.014045vH","5KHGCJU8MVi1+7ablrc8J9GceIxGWQkD57A2WbAFRSE=",
"81e43c75-cbb6-46fb-a6b9-d5431ca69025","SJER_007.tickPlot.tck","D17","SJER","SJER_007","distributed","grasslandHerbaceous",37.112815,-119.752224,"WGS84",20.1,419.1,0.1,"2017-11-21T22:49Z","SJER.2017.48",,,"drag",148,"N",0,0,0,,"NEON.DOC.014045vH","ufHJAbfzMfx10DV1PRIUIKYPZTMI5iGzg3KtGl4bfKs=",
