uid,namedLocation,plotID,collectDate,identifiedDate,sampleID,subsampleID,scientificName,acceptedTaxonID,taxonRank,family,subfamily,tribe,subtribe,genus,subgenus,specificEpithet,infraspecificEpithet,identificationQualifier,identificationReferences,identificationProtocolVersion,scientificNameAuthorship,sexOrAge,individualCount,sampleCondition,archiveMedium,archiveFacilityID,deprecatedVialID,identifiedBy,laboratoryName,remarks
"730d0c36-5ac4-48e4-ad62-d1801a3edc81","TALL_001.tickPlot.tck","TALL_001","2017-08-14T14:10Z","2017-12-14T17:00Z","TALL_001.20170814","TALL_001.20170814.AMBAME.N","Amblyomma americanum","AMBAME","species","Ixodidae",,,,"Amblyomma",,"americanum",,,"Cooley, R. A. and G. M. Kohls. 1944. The genus Amblyomma (ixodidae) in the United States. The Journal of Parasitology, 30(2):77-111.","GSU_tickIdentification_SOP_2016-11-01.pdf","Linnaeus","Nymph",2,"OK","90% ethanol","USNMENT01358601","TALL_001.20170814.AMBAME.N","Lorenza Beati","Georgia Southern University",
"9e306350-c40a-4511-be8f-fe19d88e7957","TALL_008.tickPlot.tck","TALL_008","2017-08-14T14:11Z","2017-12-14T17:00Z","TALL_008.20170814","TALL_008.20170814.AMBAME.N","Amblyomma americanum","AMBAME","species","Ixodidae",,,,"Amblyomma",,"americanum",,,"Cooley, R. A. and G. M. Kohls. 1944. The genus Amblyomma (ixodidae) in the United States. The Journal of Parasitology, 30(2):77-111.","GSU_tickIdentification_SOP_2016-11-01.pdf","Linnaeus","Nymph",18,"OK","90% ethanol","USNMENT01358603","TALL_008.20170814.AMBAME.N","Lorenza Beati","Georgia Southern University",
"29396d19-1a95-4615-8aa7-522128722f0e","TALL_008.tickPlot.tck","TALL_008","2017-08-14T14:11Z","2017-09-19T16:00Z","TALL_008.20170814","TALL_008.20170814.IXOSP.L","Ixodidae sp.","IXOSP","family","Ixodidae",,,,,,"sp.",,,,"GSU_tickIdentification_SOP_2016-11-01.pdf",,"Larva",1,"OK","90% ethanol","USNMENT01358604","TALL_008.20170814.L","Arianna Gibbs","Georgia Southern University",
"1690ca10-bcf5-4f3b-90c2-8c1a179e5647","TALL_016.tickPlot.tck","TALL_016","2017-08-14T15:20Z","2017-09-19T16:00Z","TALL_016.20170814","TALL_016.20170814.IXOSP.L","Ixodidae sp.","IXOSP","family","Ixodidae",,,,,,"sp.",,,,"GSU_tickIdentification_SOP_2016-11-01.pdf",,"Larva",1,"OK","90% ethanol","USNMENT01358602","TALL_016.20170814.L","Arianna Gibbs","Georgia Southern University",
"3453afbe-7d48-489f-bc32-ff226f5e17c0","TALL_002.tickPlot.tck","TALL_002","2017-08-14T15:45Z","2017-12-14T17:00Z","TALL_002.20170814","TALL_002.20170814.AMBAME.N","Amblyomma americanum","AMBAME","species","Ixodidae",,,,"Amblyomma",,"americanum",,,"Cooley, R. A. and G. M. Kohls. 1944. The genus Amblyomma (ixodidae) in the United States. The Journal of Parasitology, 30(2):77-111.","GSU_tickIdentification_SOP_2016-11-01.pdf","Linnaeus","Nymph",39,"OK","90% ethanol","USNMENT01358597","TALL_002.20170814.AMBAME.N","Lorenza Beati","Georgia Southern University",
"7961485f-027e-49c2-8533-d56227697739","TALL_002.tickPlot.tck","TALL_002","2017-08-14T15:45Z","2017-09-19T16:00Z","TALL_002.20170814","TALL_002.20170814.IXOSP.L","Ixodidae sp.","IXOSP","family","Ixodidae",,,,,,"sp.",,,,"GSU_tickIdentification_SOP_2016-11-01.pdf",,"Larva",1,"OK","90% ethanol","USNMENT01358598","TALL_002.20170814.L","Arianna Gibbs","Georgia Southern University",
"4a542b75-d43d-4151-b25d-24edf4b08c7f","TALL_006.tickPlot.tck","TALL_006","2017-08-14T16:33Z","2017-12-14T17:00Z","TALL_006.20170814","TALL_006.20170814.AMBAME.N","Amblyomma americanum","AMBAME","species","Ixodidae",,,,"Amblyomma",,"americanum",,,"Cooley, R. A. and G. M. Kohls. 1944. The genus Amblyomma (ixodidae) in the United States. The Journal of Parasitology, 30(2):77-111.","GSU_tickIdentification_SOP_2016-11-01.pdf","Linnaeus","Nymph",2,"OK","90% ethanol","USNMENT01358596","TALL_006.20170814.AMBAME.N","Lorenza Beati","Georgia Southern University",
"362d4d06-6f29-4852-920a-2fb55483d3c5","TALL_003.tickPlot.tck","TALL_003","2017-08-14T17:31Z","2017-12-14T17:00Z","TALL_003.20170814","TALL_003.20170814.AMBAME.N","Amblyomma americanum","AMBAME","species","Ixodidae",,,,"Amblyomma",,"americanum",,,"Cooley, R. A. and G. M. Kohls. 1944. The genus Amblyomma (ixodidae) in the United States. The Journal of Parasitology, 30(2):77-111.","GSU_tickIdentification_SOP_2016-11-01.pdf","Linnaeus","Nymph",1,"OK","90% ethanol","USNMENT01358599","TALL_003.20170814.AMBAME.N","Lorenza Beati","Georgia Southern University",
"3f91aa0f-bc6a-476b-971f-4b45bb7aa7df","TALL_003.tickPlot.tck","TALL_003","2017-08-14T17:31Z","2017-09-19T16:00Z","TALL_003.20170814","TALL_003.20170814.IXOSP.L","Ixodidae sp.","IXOSP","family","Ixodidae",,,,,,"sp.",,,,"GSU_tickIdentification_SOP_2016-11-01.pdf",,"Larva",1,"OK","90% ethanol","USNMENT01358600","TALL_003.20170814.L","Lorenza Beati","Georgia Southern University",
"1b0f7a20-8712-45b4-885c-81a3a429aaa5","TALL_002.tickPlot.tck","TALL_002","2017-08-28T14:35Z","2017-10-30T16:00Z","TALL_002.20170828","TALL_002.20170828.IXOSP.L","Ixodidae sp.","IXOSP","family","Ixodidae",,,,,,"sp.",,,,"GSU_tickIdentification_SOP_2016-11-01.pdf",,"Larva",1,"OK","90% ethanol","USNMENT01358893","TALL_002.20170828.L","Guy Hobbs","Georgia Southern University",
"38642e86-fc48-4c36-af34-62ad8d653f81","TALL_002.tickPlot.tck","TALL_002","2017-08-28T14:35Z","2017-12-14T17:00Z","TALL_002.20170828","TALL_002.20170828.AMBAME.N","Amblyomma americanum","AMBAME","species","Ixodidae",,,,"Amblyomma",,"americanum",,,"Cooley, R. A. and G. M. Kohls. 1944. The genus Amblyomma (ixodidae) in the United States. The Journal of Parasitology, 30(2):77-111.","GSU_tickIdentification_SOP_2016-11-01.pdf","Linnaeus","Nymph",26,"OK","90% ethanol","USNMENT01358891","TALL_002.20170828.AMBAME.N","Lorenza Beati","Georgia Southern University","26 not 27 ticks"
"0d323e16-f539-4cf1-a05e-0a26117849b2","TALL_002.tickPlot.tck","TALL_002","2017-08-28T14:35Z","2017-12-14T17:00Z","TALL_002.20170828","TALL_002.20170828.DERVAR.M","Dermacentor variabilis","DERVAR","species","Ixodidae",,,,"Dermacentor",,"variabilis",,,"Yunker, C. E., Keirans, J. E., Clifford, C. M., and E. R. Easton. 1986. Dermacentor ticks (Acari: Ixodoidea: Ixodidae) of the New World: a scanning electron microscope atlas. Proceedings of the Entomological Society of Washington, 88(4):609-627.","GSU_tickIdentification_SOP_2016-11-01.pdf","Say","Male",1,"OK","90% ethanol","USNMENT01358892","TALL_002.20170828.DERVAR.M","Lorenza Beati","Georgia Southern University","TO PAULA"
"4c824310-1f6a-4798-a621-551a76bc0794","TALL_001.tickPlot.tck","TALL_001","2017-08-28T15:17Z","2017-10-27T16:00Z","TALL_001.20170828","TALL_001.20170828.IXOSP.L","Ixodidae sp.","IXOSP","family","Ixodidae",,,,,,"sp.",,,,"GSU_tickIdentification_SOP_2016-11-01.pdf",,"Larva",1,"OK","90% ethanol","USNMENT01358889","TALL_001.20170828.L","Guy Hobbs","Georgia Southern University",
"b4e66c5e-1ff0-419f-8e58-fe13e76e30d5","TALL_001.tickPlot.tck","TALL_001","2017-08-28T15:17Z","2017-12-14T17:00Z","TALL_001.20170828","TALL_001.20170828.AMBAME.N","Amblyomma americanum","AMBAME","species","Ixodidae",,,,"Amblyomma",,"americanum",,,"Cooley, R. A. and G. M. Kohls. 1944. The genus Amblyomma (ixodidae) in the United States. The Journal of Parasitology, 30(2):77-111.","GSU_tickIdentification_SOP_2016-11-01.pdf","Linnaeus","Nymph",6,"OK","90% ethanol","USNMENT01358890","TALL_001.20170828.AMBAME.N","Lorenza Beati","Georgia Southern University",
"bc135e13-08ae-46b0-93b0-a80c589cad91","TALL_008.tickPlot.tck","TALL_008","2017-08-28T15:45Z","2017-12-14T17:00Z","TALL_008.20170828","TALL_008.20170828.AMBAME.N","Amblyomma americanum","AMBAME","species","Ixodidae",,,,"Amblyomma",,"americanum",,,"Cooley, R. A. and G. M. Kohls. 1944. The genus Amblyomma (ixodidae) in the United States. The Journal of Parasitology, 30(2):77-111.","GSU_tickIdentification_SOP_2016-11-01.pdf","Linnaeus","Nymph",6,"OK","90% ethanol","USNMENT01358895","TALL_008.20170828.AMBAME.N","Lorenza Beati","Georgia Southern University",
"4b324860-1b84-4307-9deb-60793dc17b50","TALL_006.tickPlot.tck","TALL_006","2017-08-28T16:50Z","2017-10-30T16:00Z","TALL_006.20170828","TALL_006.20170828.IXOSP.L","Ixodidae sp.","IXOSP","family","Ixodidae",,,,,,"sp.",,,,"GSU_tickIdentification_SOP_2016-11-01.pdf",,"Larva",1,"OK","90% ethanol","USNMENT01358894","TALL_006.20170828.L","Guy Hobbs","Georgia Southern University",
