uid,namedLocation,domainID,siteID,plotID,plotType,nlcdClass,decimalLatitude,decimalLongitude,geodeticDatum,coordinateUncertainty,elevation,elevationUncertainty,collectDate,eventID,sampleID,sampleCode,samplingMethod,totalSampledArea,targetTaxaPresent,adultCount,nymphCount,larvaCount,sampleCondition,samplingProtocolVersion,measuredBy,remarks
"a280afb5-d94c-4987-b29b-14733f057a89","TALL_001.tickPlot.tck","D08","TALL","TALL_001","distributed","deciduousForest",32.976370,-87.432184,"WGS84",20.2,114.6,0.1,"2017-08-14T14:10Z","TALL.2017.34","TALL_001.20170814",,"drag and flag",160,"Y",0,2,0,"No known compromise","NEON.DOC.014045vH","VlGS9knfep4oIPmMdzrYPvhmhmcAnEWcmbTWayWKGyM=",
"7fbffc53-109b-4031-af66-a66fcd8fb935","TALL_008.tickPlot.tck","D08","TALL","TALL_008","distributed","deciduousForest",32.922874,-87.434097,"WGS84",20.2,127.5,0.2,"2017-08-14T14:11Z","TALL.2017.34","TALL_008.20170814",,"drag",160,"Y",0,16,380,"No known compromise","NEON.DOC.014045vH","Ty5ktdGiRSqkqUWm9Npw4JAlXmlUMfF/XyCnO5fUs8Q=",
"1f7470b4-aa00-4550-9635-e40bd7d0a5c2","TALL_016.tickPlot.tck","D08","TALL","TALL_016","distributed","evergreenForest",32.971553,-87.415845,"WGS84",20.1,138.9,0.1,"2017-08-14T15:20Z","TALL.2017.34","TALL_016.20170814",,"drag and flag",160,"Y",0,0,1,"No known compromise","NEON.DOC.014045vH","LVAPgAv6xh19C/3VJQSXPdnCeq509g5NN3aoB1Pgu+U=",
"495b2969-e6a8-43e8-aee2-760a0801c9ed","TALL_002.tickPlot.tck","D08","TALL","TALL_002","distributed","mixedForest",32.920823,-87.428955,"WGS84",20.3,104.0,0.4,"2017-08-14T15:45Z","TALL.2017.34","TALL_002.20170814",,"drag",160,"Y",0,38,26,"No known compromise","NEON.DOC.014045vH","Ty5ktdGiRSqkqUWm9Npw4JAlXmlUMfF/XyCnO5fUs8Q=",
"a853fc36-ee01-4d5f-a22a-24b975b2059d","TALL_006.tickPlot.tck","D08","TALL","TALL_006","distributed","evergreenForest",32.899144,-87.444571,"WGS84",20.3,108.6,0.3,"2017-08-14T16:33Z","TALL.2017.34","TALL_006.20170814",,"drag and flag",160,"Y",0,2,0,"No known compromise","NEON.DOC.014045vH","VlGS9knfep4oIPmMdzrYPvhmhmcAnEWcmbTWayWKGyM=",
"69ffdafa-443d-4ba8-bd33-5bf1dd84f29c","TALL_003.tickPlot.tck","D08","TALL","TALL_003","distributed","mixedForest",32.894415,-87.416532,"WGS84",20.2,121.9,0.2,"2017-08-14T17:31Z","TALL.2017.34","TALL_003.20170814",,"drag",160,"Y",0,1,3,"No known compromise","NEON.DOC.014045vH","cR/bOjTlTMQpQq0/ybuTN/RfQ6kPFLfDWwjni4s9xeY=",
"d128b1d8-30c2-4365-b659-95211479ca22","TALL_016.tickPlot.tck","D08","TALL","TALL_016","distributed","evergreenForest",32.971553,-87.415845,"WGS84",20.1,138.9,0.1,"2017-08-28T14:03Z","TALL.2017.36",,,"drag and flag",160,"N",0,0,0,,"NEON.DOC.014045vH","cJDN8FQ+G8BHe8OkvD5PMz1h/kcM7qXCzeFqTpXsSj4=",
"666ec143-462e-48e9-a929-3d0261286bc1","TALL_002.tickPlot.tck","D08","TALL","TALL_002","distributed","mixedForest",32.920823,-87.428955,"WGS84",20.3,104.0,0.4,"2017-08-28T14:35Z","TALL.2017.36","TALL_002.20170828",,"drag",160,"Y",1,25,1,"No known compromise","NEON.DOC.014045vH","BDzq2IAJfRwsrXnG+WJfFzkBkbtaDALAaR+O7WZv4cM=",
"5a2fe225-ee49-4661-849f-7f2dcb771cdc","TALL_001.tickPlot.tck","D08","TALL","TALL_001","distributed","deciduousForest",32.976370,-87.432184,"WGS84",20.2,114.6,0.1,"2017-08-28T15:17Z","TALL.2017.36","TALL_001.20170828",,"drag and flag",160,"Y",0,6,257,"No known compromise","NEON.DOC.014045vH","cJDN8FQ+G8BHe8OkvD5PMz1h/kcM7qXCzeFqTpXsSj4=",
"bf1291d1-88b3-494f-8fb6-04550fc666c8","TALL_008.tickPlot.tck","D08","TALL","TALL_008","distributed","deciduousForest",32.922874,-87.434097,"WGS84",20.2,127.5,0.2,"2017-08-28T15:45Z","TALL.2017.36","TALL_008.20170828",,"drag",160,"Y",0,6,0,"No known compromise","NEON.DOC.014045vH","BDzq2IAJfRwsrXnG+WJfFzkBkbtaDALAaR+O7WZv4cM=",
"96be2c73-728d-4d2e-a299-fcbc715a99e4","TALL_006.tickPlot.tck","D08","TALL","TALL_006","distributed","evergreenForest",32.899144,-87.444571,"WGS84",20.3,108.6,0.3,"2017-08-28T16:50Z","TALL.2017.36","TALL_006.20170828",,"drag and flag",160,"Y",0,0,6,"No known compromise","NEON.DOC.014045vH","cJDN8FQ+G8BHe8OkvD5PMz1h/kcM7qXCzeFqTpXsSj4=",
"7894d38c-60bc-43b2-bfa9-a662e8c4a8d0","TALL_003.tickPlot.tck","D08","TALL","TALL_003","distributed","mixedForest",32.894415,-87.416532,"WGS84",20.2,121.9,0.2,"2017-08-28T17:05Z","TALL.2017.36",,,"drag and flag",160,"N",0,0,0,,"NEON.DOC.014045vH","BDzq2IAJfRwsrXnG+WJfFzkBkbtaDALAaR+O7WZv4cM=",
