uid,namedLocation,domainID,siteID,plotID,plotType,nlcdClass,decimalLatitude,decimalLongitude,geodeticDatum,coordinateUncertainty,elevation,elevationUncertainty,collectDate,eventID,sampleID,sampleCode,samplingMethod,totalSampledArea,targetTaxaPresent,adultCount,nymphCount,larvaCount,sampleCondition,samplingProtocolVersion,measuredBy,remarks
"5b13c0cb-81df-4683-96e0-30f6e1f37b4b","ONAQ_010.tickPlot.tck","D15","ONAQ","ONAQ_010","distributed","evergreenForest",40.202290,-112.497759,"WGS84",20.1,1892.4,0.1,"2014-07-21T15:00Z","ONAQ.2014.29",,,"drag and flag",174,"N",0,0,0,,"NEON.DOC.014045vD","QUfVUsE4h/4fgaigGJUW1A==","10.5m flagged"
"8a101211-b750-4b53-999b-fd60f30181b9","ONAQ_008.tickPlot.tck","D15","ONAQ","ONAQ_008","distributed","evergreenForest",40.159824,-112.522071,"WGS84",20.3,1815.0,0.4,"2014-07-21T15:15Z","ONAQ.2014.29",,,"drag and flag",171,"N",0,0,0,,"NEON.DOC.014045vD","PVmYg2abrdalVXtmWTIReA==","14m flagged"
"f6adac5f-14ca-4467-a32b-9b8ccc048a11","ONAQ_004.tickPlot.tck","D15","ONAQ","ONAQ_004","distributed","shrubScrub",40.187291,-112.471870,"WGS84",,1710.4,,"2014-07-21T17:30Z","ONAQ.2014.29",,,"drag and flag",162,"N",0,0,0,,"NEON.DOC.014045vD","QUfVUsE4h/4fgaigGJUW1A==","88m flagged"
"077707c8-9c6c-4533-8268-a46c8853bb27","ONAQ_009.tickPlot.tck","D15","ONAQ","ONAQ_009","distributed","shrubScrub",40.160581,-112.469377,"WGS84",20.1,1668.8,0.1,"2014-07-21T17:50Z","ONAQ.2014.29",,,"drag and flag",164,"N",0,0,0,,"NEON.DOC.014045vD","PVmYg2abrdalVXtmWTIReA==","118m flagged"
"bde32c11-74ec-44ad-acca-da6d64161b0e","ONAQ_003.tickPlot.tck","D15","ONAQ","ONAQ_003","distributed","shrubScrub",40.204804,-112.431028,"WGS84",20.1,1613.1,0.2,"2014-07-21T19:30Z","ONAQ.2014.29",,,"drag and flag",162,"N",0,0,0,,"NEON.DOC.014045vD","QUfVUsE4h/4fgaigGJUW1A==","40.5m flagged"
"530df16d-86d0-45af-a1a6-c1886fe81f52","ONAQ_005.tickPlot.tck","D15","ONAQ","ONAQ_005","distributed","shrubScrub",40.181926,-112.432741,"WGS84",20.1,1617.2,0.1,"2014-07-21T20:13Z","ONAQ.2014.29",,,"drag and flag",161,"N",0,0,0,,"NEON.DOC.014045vD","PVmYg2abrdalVXtmWTIReA==","123m flagged"
