uid,namedLocation,domainID,siteID,plotID,plotType,nlcdClass,decimalLatitude,decimalLongitude,geodeticDatum,coordinateUncertainty,elevation,elevationUncertainty,collectDate,eventID,sampleID,sampleCode,samplingMethod,totalSampledArea,targetTaxaPresent,adultCount,nymphCount,larvaCount,sampleCondition,samplingProtocolVersion,measuredBy,remarks
"aaf67d92-c2b9-4cfb-8640-a8e9f640106d","BART_002.tickPlot.tck","D01","BART","BART_002","distributed","deciduousForest",44.035231,-71.274674,"WGS84",20.2,502.6,0.3,"2018-09-05T12:37Z","BART.2018.36",,,"drag and flag",161,"N",0,0,0,,"NEON.DOC.014045vJ","qyTvaMvooe1zhaUzfBYq6TJlZg+o2YUbrtsw+S+/iZE=",
"030ccc59-d00a-462e-89c5-61a2181fdcbd","BART_015.tickPlot.tck","D01","BART","BART_015","distributed","mixedForest",44.042149,-71.271603,"WGS84",20.3,455.0,0.5,"2018-09-05T13:23Z","BART.2018.36",,,"drag and flag",160,"N",0,0,0,,"NEON.DOC.014045vJ","qyTvaMvooe1zhaUzfBYq6TJlZg+o2YUbrtsw+S+/iZE=",
"a8c942cf-0c2f-4db1-86c5-ed298a396be8","BART_010.tickPlot.tck","D01","BART","BART_010","distributed","deciduousForest",44.051100,-71.267766,"WGS84",20.2,413.0,0.4,"2018-09-05T14:55Z","BART.2018.36",,,"drag and flag",164,"N",0,0,0,,"NEON.DOC.014045vJ","qyTvaMvooe1zhaUzfBYq6TJlZg+o2YUbrtsw+S+/iZE=",
"f809ea9e-c9fd-41e0-b58a-a9b1e1c31b78","BART_011.tickPlot.tck","D01","BART","BART_011","distributed","mixedForest",44.048783,-71.295353,"WGS84",20.2,399.5,0.2,"2018-09-05T16:26Z","BART.2018.36",,,"drag and flag",164,"N",0,0,0,,"NEON.DOC.014045vJ","qyTvaMvooe1zhaUzfBYq6TJlZg+o2YUbrtsw+S+/iZE=",
"f4d31975-de45-4ab7-9f1a-b3eea1e2341c","BART_029.tickPlot.tck","D01","BART","BART_029","distributed","evergreenForest",44.058948,-71.289336,"WGS84",20.2,291.7,0.3,"2018-09-05T17:25Z","BART.2018.36",,,"drag and flag",160,"N",0,0,0,,"NEON.DOC.014045vJ","qyTvaMvooe1zhaUzfBYq6TJlZg+o2YUbrtsw+S+/iZE=",
"61dd1fcd-d1da-4ece-b293-c2befb577a58","BART_019.tickPlot.tck","D01","BART","BART_019","distributed","mixedForest",44.069350,-71.288001,"WGS84",20.2,231.8,0.2,"2018-09-05T18:30Z","BART.2018.36",,,"drag and flag",159,"N",0,0,0,,"NEON.DOC.014045vJ","qyTvaMvooe1zhaUzfBYq6TJlZg+o2YUbrtsw+S+/iZE=",
