uid,namedLocation,domainID,siteID,plotID,plotType,nlcdClass,decimalLatitude,decimalLongitude,geodeticDatum,coordinateUncertainty,elevation,elevationUncertainty,collectDate,eventID,sampleID,sampleCode,samplingMethod,totalSampledArea,targetTaxaPresent,adultCount,nymphCount,larvaCount,sampleCondition,samplingProtocolVersion,measuredBy,remarks
"24a1886e-81d0-4c1f-85c5-bd4611553a59","JERC_005.tickPlot.tck","D03","JERC","JERC_005","distributed","evergreenForest",31.194878,-84.452157,"WGS84",20.3,48.1,0.4,"2014-06-11T17:44Z","JERC.2014.23",,,"drag and flag",164,"N",0,0,0,,"NEON.DOC.014045vD","Eql2T0ZBYnMjIKXwMjbizA==","No ticks collected"
"f4b6a4e8-1d37-4912-a516-8684f579dfb7","JERC_002.tickPlot.tck","D03","JERC","JERC_002","distributed","evergreenForest",31.194065,-84.461537,"WGS84",20.3,56.0,0.5,"2014-06-11T18:15Z","JERC.2014.23",,,"drag and flag",164,"N",0,0,0,,"NEON.DOC.014045vD","3U+mTuL8ABhN/87WNuuvPg==","No transcription errors found; No ticks collected"
"4465e3a4-ca23-43c9-8328-190ea35d387c","JERC_004.tickPlot.tck","D03","JERC","JERC_004","distributed","cultivatedCrops",31.190115,-84.467381,"WGS84",20.1,43.6,0.2,"2014-06-11T18:45Z","JERC.2014.23",,,"drag and flag",160,"N",0,0,0,,"NEON.DOC.014045vD","Rnq2BVzgAIJYlWavto6nDQ==","No ticks collected"
"753c0d8a-fe6a-4d88-a41b-1f8d4155ede1","JERC_010.tickPlot.tck","D03","JERC","JERC_010","distributed","deciduousForest",31.209219,-84.470530,"WGS84",20.2,40.5,0.5,"2014-06-11T19:45Z","JERC.2014.23",,,"drag and flag",162,"N",0,0,0,,"NEON.DOC.014045vD","lF8ipX9nz+gj/8FUVRwFZw==","No ticks collected"
"16f6c26d-b95d-4173-b84f-06fdbfd58b3d","JERC_044.tickPlot.tck","D03","JERC","JERC_044","distributed","mixedForest",31.195549,-84.482479,"WGS84",20.1,42.5,0.1,"2014-06-11T20:38Z","JERC.2014.23",,,"drag and flag",168,"N",0,0,0,,"NEON.DOC.014045vD","Eql2T0ZBYnMjIKXwMjbizA==","No ticks collected"
"c6bbea89-977f-463d-b26a-040c969f58e1","JERC_034.tickPlot.tck","D03","JERC","JERC_034","distributed","deciduousForest",31.198824,-84.491213,"WGS84",20.1,44.9,0.2,"2014-06-11T21:13Z","JERC.2014.23",,,"drag and flag",168,"N",0,0,0,,"NEON.DOC.014045vD","FyXGXCipPf75LodLEv55gQ==","No ticks collected"
