uid,namedLocation,domainID,siteID,plotID,plotType,nlcdClass,decimalLatitude,decimalLongitude,geodeticDatum,coordinateUncertainty,elevation,elevationUncertainty,collectDate,eventID,sampleID,sampleCode,samplingMethod,totalSampledArea,targetTaxaPresent,adultCount,nymphCount,larvaCount,sampleCondition,samplingProtocolVersion,measuredBy,remarks
"7f79cedd-e2a6-42a8-b7f9-8d43c33ba7c4","HARV_001.tickPlot.tck","D01","HARV","HARV_001","distributed","deciduousForest",42.424227,-72.260097,"WGS84",20.2,201.1,0.3,"2018-04-23T15:59Z","HARV.2018.17","HARV_001.20180423","D00000006871","drag and flag",160,"Y",1,0,0,"No known compromise","NEON.DOC.014045vJ","Of2DEjUKv6sdi3UIa48w5IijLRJmWKKvKox8AGrnqQo=",
"acdd28f5-3243-4f0c-b291-3ab67fd5af30","HARV_026.tickPlot.tck","D01","HARV","HARV_026","distributed","evergreenForest",42.412068,-72.246529,"WGS84",20.2,185.7,0.3,"2018-04-23T17:28Z","HARV.2018.17","HARV_026.20180423","D00000006872","drag and flag",160,"Y",1,0,0,"No known compromise","NEON.DOC.014045vJ","SfZl6mji1FANMnWIfkqO5pF6Lr/u2/Um96/tYYLmdrM=",
"3d60c818-f59c-44d0-9f5b-6f44d58c1b4c","HARV_006.tickPlot.tck","D01","HARV","HARV_006","distributed","deciduousForest",42.401938,-72.252716,"WGS84",20.2,190.4,0.3,"2018-04-23T18:09Z","HARV.2018.17","HARV_006.20180423","D00000006860","drag and flag",160,"Y",2,0,0,"No known compromise","NEON.DOC.014045vJ","SfZl6mji1FANMnWIfkqO5pF6Lr/u2/Um96/tYYLmdrM=",
"90583cf0-6658-49bc-8402-d4c4ac6afbdd","HARV_004.tickPlot.tck","D01","HARV","HARV_004","distributed","mixedForest",42.426878,-72.227943,"WGS84",20.3,185.9,0.3,"2018-04-23T19:03Z","HARV.2018.17",,,"drag",160,"N",0,0,0,,"NEON.DOC.014045vJ","SfZl6mji1FANMnWIfkqO5pF6Lr/u2/Um96/tYYLmdrM=",
"5305c9cf-de7c-4402-95c4-869a28c0822b","HARV_002.tickPlot.tck","D01","HARV","HARV_002","distributed","deciduousForest",42.477246,-72.259443,"WGS84",20.2,183.2,0.3,"2018-04-24T12:32Z","HARV.2018.17","HARV_002.20180424","D00000006861","drag and flag",160,"Y",5,0,0,"No known compromise","NEON.DOC.014045vJ","IchdSUvEujr74OCkHV8AJLS68Jq8lF4diJSDT+YtveYPkiEW+UD2ag==",
"4b1606ef-1356-4930-8a99-ce9f46f6f87c","HARV_022.tickPlot.tck","D01","HARV","HARV_022","distributed","evergreenForest",42.435462,-72.199291,"WGS84",20.3,186.3,0.3,"2018-04-24T14:49Z","HARV.2018.17",,,"drag and flag",160,"N",0,0,0,,"NEON.DOC.014045vJ","9rtYv6x/bdfO4wEJK3R6BxlDDClSKivng1Q1vdwmSg4=",
