uid,namedLocation,date,eventID,domainID,siteID,plotID,subplotID,individualID,tagStatus,growthForm,plantStatus,stemDiameter,measurementHeight,height,baseCrownHeight,breakHeight,breakDiameter,maxCrownDiameter,ninetyCrownDiameter,canopyPosition,shape,basalStemDiameter,basalStemDiameterMsrmntHeight,maxBaseCrownDiameter,ninetyBaseCrownDiameter,remarks,recordedBy,measuredBy,dataQF
"924684a1-d542-45c6-a7f7-d047b6ea6b34","UKFS_043.basePlot.vst","2017-01-03","vst_UKFS_2016","D06","UKFS","UKFS_043",,"NEON.PLA.D06.UKFS.00545","ok","single bole tree","Standing dead",62.5,130,22.1,,,,,,,,,,,,,"p+l0R7+o0BMujrOEuQuJxVYKsiOTKnpJ","iq7r+K7zVrnuv4AA404AgFzhbma7sELOneHM1T36pZk=","legacyData"
"3c6461f6-988a-4e86-a7b2-001d165bfbe4","UKFS_043.basePlot.vst","2017-01-03","vst_UKFS_2016","D06","UKFS","UKFS_043",,"NEON.PLA.D06.UKFS.00524","ok","single bole tree","Standing dead",41.7,130,20.9,,,,,,,,,,,,,"p+l0R7+o0BMujrOEuQuJxVYKsiOTKnpJ","iq7r+K7zVrnuv4AA404AgFzhbma7sELOneHM1T36pZk=","legacyData"
"d4312f5a-581b-4c40-82f5-95ad632a241b","UKFS_043.basePlot.vst","2017-01-03","vst_UKFS_2016","D06","UKFS","UKFS_043",,"NEON.PLA.D06.UKFS.00555","ok","liana","Live",2.3,130,,,,,,,,,,,,,,"p+l0R7+o0BMujrOEuQuJxVYKsiOTKnpJ","iq7r+K7zVrnuv4AA404AgFzhbma7sELOneHM1T36pZk=","legacyData"
"177462b7-88bd-4d0b-ac25-1bca22569c30","UKFS_043.basePlot.vst","2017-01-03","vst_UKFS_2016","D06","UKFS","UKFS_043",,"NEON.PLA.D06.UKFS.00554","ok","single bole tree","Standing dead",15.6,130,12.5,,,,,,,,,,,,,"p+l0R7+o0BMujrOEuQuJxVYKsiOTKnpJ","iq7r+K7zVrnuv4AA404AgFzhbma7sELOneHM1T36pZk=","legacyData"
"4c1cddb4-7d11-4d74-9fc1-bfb3505cb107","UKFS_043.basePlot.vst","2017-01-03","vst_UKFS_2016","D06","UKFS","UKFS_043",,"NEON.PLA.D06.UKFS.02775","ok","small shrub","Live",,,1.2,,,,1.0,0.6,,"cylinder",1.3,10,,,,"p+l0R7+o0BMujrOEuQuJxVYKsiOTKnpJ","iq7r+K7zVrnuv4AA404AgFzhbma7sELOneHM1T36pZk=","legacyData"
"90c57bb6-530f-41d0-8054-5eb7e924d9a2","UKFS_043.basePlot.vst","2017-01-03","vst_UKFS_2016","D06","UKFS","UKFS_043",,"NEON.PLA.D06.UKFS.00526","ok","liana","Live",16.6,130,,,,,,,,,,,,,,"p+l0R7+o0BMujrOEuQuJxVYKsiOTKnpJ","iq7r+K7zVrnuv4AA404AgFzhbma7sELOneHM1T36pZk=","legacyData"
"1d23b092-3aac-42db-adb2-a0fe7dc63fa4","UKFS_043.basePlot.vst","2017-01-03","vst_UKFS_2016","D06","UKFS","UKFS_043",,"NEON.PLA.D06.UKFS.00535","ok","single bole tree","Live",17.7,130,12.3,,,,,,,,,,,,,"p+l0R7+o0BMujrOEuQuJxVYKsiOTKnpJ","iq7r+K7zVrnuv4AA404AgFzhbma7sELOneHM1T36pZk=","legacyData"
"c9e8125b-61a6-4652-9d1d-eed41ad20418","UKFS_043.basePlot.vst","2017-01-03","vst_UKFS_2016","D06","UKFS","UKFS_043",,"NEON.PLA.D06.UKFS.00546","ok","small tree","Live",2.5,130,2.1,,,,,,,,,,,,,"p+l0R7+o0BMujrOEuQuJxVYKsiOTKnpJ","iq7r+K7zVrnuv4AA404AgFzhbma7sELOneHM1T36pZk=","legacyData"
"fef5c5e9-b0df-42d6-bf8a-3f411b1cd096","UKFS_043.basePlot.vst","2017-01-03","vst_UKFS_2016","D06","UKFS","UKFS_043",,"NEON.PLA.D06.UKFS.00568","ok","small shrub","Live",,,1.1,,,,0.6,0.4,,"cylinder",1.2,10,,,,"p+l0R7+o0BMujrOEuQuJxVYKsiOTKnpJ","iq7r+K7zVrnuv4AA404AgFzhbma7sELOneHM1T36pZk=","legacyData"
"1fe10a46-1911-48ad-8142-906e5ad19540","UKFS_043.basePlot.vst","2017-01-03","vst_UKFS_2016","D06","UKFS","UKFS_043",,"NEON.PLA.D06.UKFS.00542","ok",,"Lost, tag damaged",,,,,,,,,,,,,,,,"p+l0R7+o0BMujrOEuQuJxVYKsiOTKnpJ","iq7r+K7zVrnuv4AA404AgFzhbma7sELOneHM1T36pZk=","legacyData"
"e0997c62-5c70-4e25-96b4-a729c7709886","UKFS_043.basePlot.vst","2017-01-03","vst_UKFS_2016","D06","UKFS","UKFS_043",,"NEON.PLA.D06.UKFS.02780","ok","sapling","Live",,,1.5,,,,,,,,1.1,10,,,,"p+l0R7+o0BMujrOEuQuJxVYKsiOTKnpJ","iq7r+K7zVrnuv4AA404AgFzhbma7sELOneHM1T36pZk=","legacyData"
"a6a2fcea-775f-40dd-90e2-9eda739e8302","UKFS_043.basePlot.vst","2017-01-03","vst_UKFS_2016","D06","UKFS","UKFS_043",,"NEON.PLA.D06.UKFS.00572","ok","small tree","Live",1.0,130,2.1,,,,,,,,,,,,,"p+l0R7+o0BMujrOEuQuJxVYKsiOTKnpJ","iq7r+K7zVrnuv4AA404AgFzhbma7sELOneHM1T36pZk=","legacyData"
"ae0d1f51-c6b3-458b-bb02-bc80d2a4c1dd","UKFS_043.basePlot.vst","2017-01-03","vst_UKFS_2016","D06","UKFS","UKFS_043",,"NEON.PLA.D06.UKFS.00552","ok","single bole tree","Live",27.0,130,18.0,,,,,,,,,,,,,"p+l0R7+o0BMujrOEuQuJxVYKsiOTKnpJ","iq7r+K7zVrnuv4AA404AgFzhbma7sELOneHM1T36pZk=","legacyData"
"717ddfc2-b589-4b88-8fc8-53245c428946","UKFS_043.basePlot.vst","2017-01-03","vst_UKFS_2016","D06","UKFS","UKFS_043",,"NEON.PLA.D06.UKFS.00558","ok","single bole tree","Live",24.8,130,18.0,,,,,,,,,,,,,"p+l0R7+o0BMujrOEuQuJxVYKsiOTKnpJ","iq7r+K7zVrnuv4AA404AgFzhbma7sELOneHM1T36pZk=","legacyData"
"b4bb3f81-74ca-4d42-b1ff-144941e2bbb8","UKFS_043.basePlot.vst","2017-01-03","vst_UKFS_2016","D06","UKFS","UKFS_043",,"NEON.PLA.D06.UKFS.02779","ok","sapling","Live",,,1.3,,,,,,,,1.1,10,,,,"p+l0R7+o0BMujrOEuQuJxVYKsiOTKnpJ","iq7r+K7zVrnuv4AA404AgFzhbma7sELOneHM1T36pZk=","legacyData"
"c224f237-da05-49ea-8bc5-cf8093ed8f7f","UKFS_043.basePlot.vst","2017-01-03","vst_UKFS_2016","D06","UKFS","UKFS_043",,"NEON.PLA.D06.UKFS.02771","ok","sapling","Live",,,1.4,,,,,,,,1.0,10,,,,"p+l0R7+o0BMujrOEuQuJxVYKsiOTKnpJ","iq7r+K7zVrnuv4AA404AgFzhbma7sELOneHM1T36pZk=","legacyData"
"f21ce7cf-3ee0-4fc4-9a32-71254191ba9e","UKFS_043.basePlot.vst","2017-01-03","vst_UKFS_2016","D06","UKFS","UKFS_043",,"NEON.PLA.D06.UKFS.02777","ok","sapling","Live",,,1.2,,,,,,,,1.0,10,,,,"p+l0R7+o0BMujrOEuQuJxVYKsiOTKnpJ","iq7r+K7zVrnuv4AA404AgFzhbma7sELOneHM1T36pZk=","legacyData"
"215005eb-2369-4d62-97b2-81c0d650bc56","UKFS_043.basePlot.vst","2017-01-03","vst_UKFS_2016","D06","UKFS","UKFS_043",,"NEON.PLA.D06.UKFS.02784","ok","small shrub","Live",,,1.1,,,,0.7,0.5,,"cylinder",1.0,10,,,,"p+l0R7+o0BMujrOEuQuJxVYKsiOTKnpJ","iq7r+K7zVrnuv4AA404AgFzhbma7sELOneHM1T36pZk=","legacyData"
"89ca3e8c-5823-4d1c-9a29-85e16b0542f5","UKFS_043.basePlot.vst","2017-01-03","vst_UKFS_2016","D06","UKFS","UKFS_043",,"NEON.PLA.D06.UKFS.00541","ok","single bole tree","Live",16.0,130,13.1,,,,,,,,,13,,,,"p+l0R7+o0BMujrOEuQuJxVYKsiOTKnpJ","iq7r+K7zVrnuv4AA404AgFzhbma7sELOneHM1T36pZk=","legacyData"
"4c7d7bf6-6b8f-462f-baf0-6f31b9a7e828","UKFS_043.basePlot.vst","2017-01-03","vst_UKFS_2016","D06","UKFS","UKFS_043",,"NEON.PLA.D06.UKFS.00537","ok","single bole tree","Live",38.2,130,20.6,,,,,,,,,,,,,"p+l0R7+o0BMujrOEuQuJxVYKsiOTKnpJ","iq7r+K7zVrnuv4AA404AgFzhbma7sELOneHM1T36pZk=","legacyData"
"73ad852e-2c72-4b25-9137-3bef2ad935c4","UKFS_043.basePlot.vst","2017-01-03","vst_UKFS_2016","D06","UKFS","UKFS_043",,"NEON.PLA.D06.UKFS.00578","ok",,"No longer qualifies",,,,,,,,,,,,,,,,"p+l0R7+o0BMujrOEuQuJxVYKsiOTKnpJ","iq7r+K7zVrnuv4AA404AgFzhbma7sELOneHM1T36pZk=","legacyData"
"6bec9142-131d-4e1c-b964-2588e10eb36f","UKFS_043.basePlot.vst","2017-01-03","vst_UKFS_2016","D06","UKFS","UKFS_043",,"NEON.PLA.D06.UKFS.00549","ok",,"Removed",,,,,,,,,,,,,,,"Now 2787","p+l0R7+o0BMujrOEuQuJxVYKsiOTKnpJ","iq7r+K7zVrnuv4AA404AgFzhbma7sELOneHM1T36pZk=","legacyData"
"95d853b5-10e4-4388-907c-58c28185dad0","UKFS_043.basePlot.vst","2017-01-03","vst_UKFS_2016","D06","UKFS","UKFS_043",,"NEON.PLA.D06.UKFS.00597","ok",,"Lost, tag damaged",,,,,,,,,,,,,,,,"p+l0R7+o0BMujrOEuQuJxVYKsiOTKnpJ","iq7r+K7zVrnuv4AA404AgFzhbma7sELOneHM1T36pZk=","legacyData"
"1578afb0-0e96-44cd-ae72-1b3d65618cfc","UKFS_043.basePlot.vst","2017-01-03","vst_UKFS_2016","D06","UKFS","UKFS_043",,"NEON.PLA.D06.UKFS.00598","ok",,"Lost, tag damaged",,,,,,,,,,,,,,,,"p+l0R7+o0BMujrOEuQuJxVYKsiOTKnpJ","iq7r+K7zVrnuv4AA404AgFzhbma7sELOneHM1T36pZk=","legacyData"
"a9a38502-de34-4280-ab7f-8a394c5aa453","UKFS_043.basePlot.vst","2017-01-03","vst_UKFS_2016","D06","UKFS","UKFS_043",,"NEON.PLA.D06.UKFS.00592","ok","single bole tree","Standing dead",17.1,130,8.8,,,,,,,,,,,,,"p+l0R7+o0BMujrOEuQuJxVYKsiOTKnpJ","iq7r+K7zVrnuv4AA404AgFzhbma7sELOneHM1T36pZk=","legacyData"
"5b9017e2-0b93-44ad-a540-591d51ce51b6","UKFS_043.basePlot.vst","2017-01-03","vst_UKFS_2016","D06","UKFS","UKFS_043",,"NEON.PLA.D06.UKFS.00527","ok","single bole tree","Standing dead",55.2,130,18.9,,,,,,,,,,,,,"p+l0R7+o0BMujrOEuQuJxVYKsiOTKnpJ","iq7r+K7zVrnuv4AA404AgFzhbma7sELOneHM1T36pZk=","legacyData"
"7de1715a-f657-49b5-8157-717f0fd49409","UKFS_043.basePlot.vst","2017-01-03","vst_UKFS_2016","D06","UKFS","UKFS_043",,"NEON.PLA.D06.UKFS.00594","ok","small shrub","Live",,,1.5,,,,1.2,1.0,,"oblate half-sphere",1.2,10,,,,"p+l0R7+o0BMujrOEuQuJxVYKsiOTKnpJ","iq7r+K7zVrnuv4AA404AgFzhbma7sELOneHM1T36pZk=","legacyData"
"337f60b8-6f81-410c-b23b-6286324d9ba3","UKFS_043.basePlot.vst","2017-01-03","vst_UKFS_2016","D06","UKFS","UKFS_043",,"NEON.PLA.D06.UKFS.02787","ok","liana","Live",3.4,130,,,,,,,,,,,,,,"p+l0R7+o0BMujrOEuQuJxVYKsiOTKnpJ","iq7r+K7zVrnuv4AA404AgFzhbma7sELOneHM1T36pZk=","legacyData"
"220b408c-c0a7-44bb-b847-33f65b7ebd56","UKFS_043.basePlot.vst","2017-01-03","vst_UKFS_2016","D06","UKFS","UKFS_043",,"NEON.PLA.D06.UKFS.00588","ok","small shrub","Live",1.0,10,1.2,,,,0.5,0.3,,"cylinder",1.0,10,,,,"p+l0R7+o0BMujrOEuQuJxVYKsiOTKnpJ","iq7r+K7zVrnuv4AA404AgFzhbma7sELOneHM1T36pZk=","legacyData"
"60eb05d9-063c-49e2-9080-1e8ae04f45a5","UKFS_043.basePlot.vst","2017-01-03","vst_UKFS_2016","D06","UKFS","UKFS_043",,"NEON.PLA.D06.UKFS.02785","ok","sapling","Live",,,1.0,,,,,,,,1.2,10,,,,"p+l0R7+o0BMujrOEuQuJxVYKsiOTKnpJ","iq7r+K7zVrnuv4AA404AgFzhbma7sELOneHM1T36pZk=","legacyData"
"5293edc3-f193-4f63-af8b-e777f9ea3f0b","UKFS_043.basePlot.vst","2017-01-03","vst_UKFS_2016","D06","UKFS","UKFS_043",,"NEON.PLA.D06.UKFS.00560","ok","single bole tree","Standing dead",15.6,130,15.9,,,,,,,,,,,,,"p+l0R7+o0BMujrOEuQuJxVYKsiOTKnpJ","iq7r+K7zVrnuv4AA404AgFzhbma7sELOneHM1T36pZk=","legacyData"
"6bccc13f-5c05-412d-a7bc-834d63ce5080","UKFS_043.basePlot.vst","2017-01-03","vst_UKFS_2016","D06","UKFS","UKFS_043",,"NEON.PLA.D06.UKFS.00550","ok","single bole tree","Live",23.5,130,14.6,,,,,,,,,,,,,"p+l0R7+o0BMujrOEuQuJxVYKsiOTKnpJ","iq7r+K7zVrnuv4AA404AgFzhbma7sELOneHM1T36pZk=","legacyData"
"45c5f5a5-2d16-4640-9349-f396a6d1332a","UKFS_043.basePlot.vst","2017-01-03","vst_UKFS_2016","D06","UKFS","UKFS_043",,"NEON.PLA.D06.UKFS.00523","ok","single bole tree","Live",31.2,130,21.5,,,,,,,,,,,,,"p+l0R7+o0BMujrOEuQuJxVYKsiOTKnpJ","iq7r+K7zVrnuv4AA404AgFzhbma7sELOneHM1T36pZk=","legacyData"
"8701d7ae-0f5c-482e-b4c5-89ca32c1b8fe","UKFS_043.basePlot.vst","2017-01-03","vst_UKFS_2016","D06","UKFS","UKFS_043",,"NEON.PLA.D06.UKFS.00553","ok","single bole tree","Standing dead",15.0,130,13.6,,,,,,,,,,,,,"p+l0R7+o0BMujrOEuQuJxVYKsiOTKnpJ","iq7r+K7zVrnuv4AA404AgFzhbma7sELOneHM1T36pZk=","legacyData"
"f35d217d-a145-4a82-bf23-9e4c5b8646af","UKFS_043.basePlot.vst","2017-01-03","vst_UKFS_2016","D06","UKFS","UKFS_043",,"NEON.PLA.D06.UKFS.00563","ok","single bole tree","Live",36.6,130,19.7,,,,,,,,,,,,,"p+l0R7+o0BMujrOEuQuJxVYKsiOTKnpJ","iq7r+K7zVrnuv4AA404AgFzhbma7sELOneHM1T36pZk=","legacyData"
"a6346a24-3ca9-4524-aaa8-d0ce7b02f782","UKFS_043.basePlot.vst","2017-01-03","vst_UKFS_2016","D06","UKFS","UKFS_043",,"NEON.PLA.D06.UKFS.00551","ok","single bole tree","Live",11.6,130,10.0,,,,,,,,,,,,,"p+l0R7+o0BMujrOEuQuJxVYKsiOTKnpJ","iq7r+K7zVrnuv4AA404AgFzhbma7sELOneHM1T36pZk=","legacyData"
"4ca93353-c91a-4ab2-8ad6-b2292e010fbe","UKFS_043.basePlot.vst","2017-01-03","vst_UKFS_2016","D06","UKFS","UKFS_043",,"NEON.PLA.D06.UKFS.00583","ok","single bole tree","Standing dead",13.2,130,18.2,,,,,,,,,,,,,"p+l0R7+o0BMujrOEuQuJxVYKsiOTKnpJ","iq7r+K7zVrnuv4AA404AgFzhbma7sELOneHM1T36pZk=","legacyData"
"df7633d4-0693-42a6-bca9-0537a977b9c4","UKFS_043.basePlot.vst","2017-01-03","vst_UKFS_2016","D06","UKFS","UKFS_043",,"NEON.PLA.D06.UKFS.00571","ok",,"No longer qualifies",,,,,,,,,,,,,,,,"p+l0R7+o0BMujrOEuQuJxVYKsiOTKnpJ","iq7r+K7zVrnuv4AA404AgFzhbma7sELOneHM1T36pZk=","legacyData"
"37ed5f18-ee7e-47db-853d-17f67e6a9ba6","UKFS_043.basePlot.vst","2017-01-03","vst_UKFS_2016","D06","UKFS","UKFS_043",,"NEON.PLA.D06.UKFS.00543","ok","sapling","Live",,,1.6,,,,,,,,1.5,10,,,,"p+l0R7+o0BMujrOEuQuJxVYKsiOTKnpJ","iq7r+K7zVrnuv4AA404AgFzhbma7sELOneHM1T36pZk=","legacyData"
"0fa21578-2f17-4a61-b254-c037eb533c3b","UKFS_043.basePlot.vst","2017-01-03","vst_UKFS_2016","D06","UKFS","UKFS_043",,"NEON.PLA.D06.UKFS.00584","ok",,"No longer qualifies",,,,,,,,,,,,,,,,"p+l0R7+o0BMujrOEuQuJxVYKsiOTKnpJ","iq7r+K7zVrnuv4AA404AgFzhbma7sELOneHM1T36pZk=","legacyData"
"1473590a-0da3-4259-8cd6-4228486ba649","UKFS_043.basePlot.vst","2017-01-03","vst_UKFS_2016","D06","UKFS","UKFS_043",,"NEON.PLA.D06.UKFS.00564","ok","single bole tree","Live",31.0,130,19.8,,,,,,,,,,,,,"p+l0R7+o0BMujrOEuQuJxVYKsiOTKnpJ","iq7r+K7zVrnuv4AA404AgFzhbma7sELOneHM1T36pZk=","legacyData"
"d1ec2c81-0f3d-4a9d-85a0-046811e4c785","UKFS_043.basePlot.vst","2017-01-03","vst_UKFS_2016","D06","UKFS","UKFS_043",,"NEON.PLA.D06.UKFS.00556","ok","single bole tree","Live",26.9,130,18.0,,,,,,,,,,,,,"p+l0R7+o0BMujrOEuQuJxVYKsiOTKnpJ","iq7r+K7zVrnuv4AA404AgFzhbma7sELOneHM1T36pZk=","legacyData"
"b17c7eac-9e64-4c41-b426-d4edd4de77cb","UKFS_043.basePlot.vst","2017-01-03","vst_UKFS_2016","D06","UKFS","UKFS_043",,"NEON.PLA.D06.UKFS.00565","ok","single bole tree","Live",22.3,130,16.6,,,,,,,,,,,,,"p+l0R7+o0BMujrOEuQuJxVYKsiOTKnpJ","iq7r+K7zVrnuv4AA404AgFzhbma7sELOneHM1T36pZk=","legacyData"
"2f2fc92f-0590-4645-a1cf-cd645a53c1d2","UKFS_043.basePlot.vst","2017-01-03","vst_UKFS_2016","D06","UKFS","UKFS_043",,"NEON.PLA.D06.UKFS.02783","ok","sapling","Live",,,1.6,,,,,,,,1.2,10,,,,"p+l0R7+o0BMujrOEuQuJxVYKsiOTKnpJ","iq7r+K7zVrnuv4AA404AgFzhbma7sELOneHM1T36pZk=","legacyData"
"73fc20ea-30ce-477e-8559-a3bcee17ef26","UKFS_043.basePlot.vst","2017-01-03","vst_UKFS_2016","D06","UKFS","UKFS_043",,"NEON.PLA.D06.UKFS.00573","ok","sapling","Live",,,2.2,,,,,,,,1.9,10,,,,"p+l0R7+o0BMujrOEuQuJxVYKsiOTKnpJ","iq7r+K7zVrnuv4AA404AgFzhbma7sELOneHM1T36pZk=","legacyData"
"7154c430-8389-4210-b0f1-e7fddb88b053","UKFS_043.basePlot.vst","2017-01-03","vst_UKFS_2016","D06","UKFS","UKFS_043",,"NEON.PLA.D06.UKFS.00600","ok","sapling","Live",,,1.4,,,,,,,,1.2,10,,,,"p+l0R7+o0BMujrOEuQuJxVYKsiOTKnpJ","iq7r+K7zVrnuv4AA404AgFzhbma7sELOneHM1T36pZk=","legacyData"
"b96ec950-9ef7-4473-9533-489bed1e5314","UKFS_043.basePlot.vst","2017-01-03","vst_UKFS_2016","D06","UKFS","UKFS_043",,"NEON.PLA.D06.UKFS.00530","ok","sapling","Live",,,1.8,,,,,,,,2.1,10,,,,"p+l0R7+o0BMujrOEuQuJxVYKsiOTKnpJ","iq7r+K7zVrnuv4AA404AgFzhbma7sELOneHM1T36pZk=","legacyData"
"1321dbb9-27bd-44a8-9615-5fecb141e1cd","UKFS_043.basePlot.vst","2017-01-03","vst_UKFS_2016","D06","UKFS","UKFS_043",,"NEON.PLA.D06.UKFS.00532","ok","single bole tree","Live",36.3,130,21.3,,,,,,,,,,,,,"p+l0R7+o0BMujrOEuQuJxVYKsiOTKnpJ","iq7r+K7zVrnuv4AA404AgFzhbma7sELOneHM1T36pZk=","legacyData"
"319143bd-3f5a-465e-b76b-9fc73af802df","UKFS_043.basePlot.vst","2017-01-03","vst_UKFS_2016","D06","UKFS","UKFS_043",,"NEON.PLA.D06.UKFS.00534","ok","small tree","Live",9.4,130,5.0,,,,,,,,,,,,,"p+l0R7+o0BMujrOEuQuJxVYKsiOTKnpJ","iq7r+K7zVrnuv4AA404AgFzhbma7sELOneHM1T36pZk=","legacyData"
"47b1e58a-a306-4f80-9d78-84fe0fc4bf08","UKFS_043.basePlot.vst","2017-01-03","vst_UKFS_2016","D06","UKFS","UKFS_043",,"NEON.PLA.D06.UKFS.00593","ok",,"Lost, tag damaged",,,,,,,,,,,,,,,,"p+l0R7+o0BMujrOEuQuJxVYKsiOTKnpJ","iq7r+K7zVrnuv4AA404AgFzhbma7sELOneHM1T36pZk=","legacyData"
"a9c60e9e-d2ea-4433-a996-ecf1dd86f77c","UKFS_043.basePlot.vst","2017-01-03","vst_UKFS_2016","D06","UKFS","UKFS_043",,"NEON.PLA.D06.UKFS.00548","ok","sapling","Live",,,1.5,,,,,,,,1.0,10,,,,"p+l0R7+o0BMujrOEuQuJxVYKsiOTKnpJ","iq7r+K7zVrnuv4AA404AgFzhbma7sELOneHM1T36pZk=","legacyData"
"e064ae97-cc7c-4b26-be16-b8c2ba5e3b16","UKFS_043.basePlot.vst","2017-01-03","vst_UKFS_2016","D06","UKFS","UKFS_043",,"NEON.PLA.D06.UKFS.00576","ok","small tree","Live",1.5,135,2.1,,,,,,,,,,,,,"p+l0R7+o0BMujrOEuQuJxVYKsiOTKnpJ","iq7r+K7zVrnuv4AA404AgFzhbma7sELOneHM1T36pZk=","legacyData"
"626a9034-26b1-4f5a-b198-fcdeca72fc94","UKFS_043.basePlot.vst","2017-01-03","vst_UKFS_2016","D06","UKFS","UKFS_043",,"NEON.PLA.D06.UKFS.00574","ok",,"Lost, tag damaged",,,,,,,,,,,,,,,,"p+l0R7+o0BMujrOEuQuJxVYKsiOTKnpJ","iq7r+K7zVrnuv4AA404AgFzhbma7sELOneHM1T36pZk=","legacyData"
"8c56d317-40dc-46e4-ae2c-e20239a33e46","UKFS_043.basePlot.vst","2017-01-03","vst_UKFS_2016","D06","UKFS","UKFS_043",,"NEON.PLA.D06.UKFS.00562","ok","single bole tree","Live",14.3,130,14.8,,,,,,,,,,,,,"p+l0R7+o0BMujrOEuQuJxVYKsiOTKnpJ","iq7r+K7zVrnuv4AA404AgFzhbma7sELOneHM1T36pZk=","legacyData"
"cfec4a45-d725-4f69-bb55-f8bebc693dd6","UKFS_043.basePlot.vst","2017-01-03","vst_UKFS_2016","D06","UKFS","UKFS_043",,"NEON.PLA.D06.UKFS.00580","ok","small tree","Live",7.6,130,6.0,,,,,,,,,,,,,"p+l0R7+o0BMujrOEuQuJxVYKsiOTKnpJ","iq7r+K7zVrnuv4AA404AgFzhbma7sELOneHM1T36pZk=","legacyData"
"1be6670c-3dc3-4ea9-9b2a-cbbedb112148","UKFS_043.basePlot.vst","2017-01-03","vst_UKFS_2016","D06","UKFS","UKFS_043",,"NEON.PLA.D06.UKFS.00525","ok","single bole tree","Live",26.1,130,18.6,,,,,,,,,,,,,"p+l0R7+o0BMujrOEuQuJxVYKsiOTKnpJ","iq7r+K7zVrnuv4AA404AgFzhbma7sELOneHM1T36pZk=","legacyData"
"40ccb2f0-81a8-4f41-acee-ea9b54e39f97","UKFS_043.basePlot.vst","2017-01-03","vst_UKFS_2016","D06","UKFS","UKFS_043",,"NEON.PLA.D06.UKFS.00591","ok",,"No longer qualifies",,,,,,,,,,,,,,,,"p+l0R7+o0BMujrOEuQuJxVYKsiOTKnpJ","iq7r+K7zVrnuv4AA404AgFzhbma7sELOneHM1T36pZk=","legacyData"
"fe8746ef-7085-480a-a358-813ce40b856e","UKFS_043.basePlot.vst","2017-01-03","vst_UKFS_2016","D06","UKFS","UKFS_043",,"NEON.PLA.D06.UKFS.00581","ok",,"No longer qualifies",,,,,,,,,,,,,,,,"p+l0R7+o0BMujrOEuQuJxVYKsiOTKnpJ","iq7r+K7zVrnuv4AA404AgFzhbma7sELOneHM1T36pZk=","legacyData"
"adc2a5cf-2b21-465d-bddd-0071b633cebb","UKFS_043.basePlot.vst","2017-01-03","vst_UKFS_2016","D06","UKFS","UKFS_043",,"NEON.PLA.D06.UKFS.00561","ok","single bole tree","Standing dead",35.7,130,15.7,,,,,,,,,,,,,"p+l0R7+o0BMujrOEuQuJxVYKsiOTKnpJ","iq7r+K7zVrnuv4AA404AgFzhbma7sELOneHM1T36pZk=","legacyData"
"b77b9de5-8476-4475-bd9f-52b5b3684df7","UKFS_043.basePlot.vst","2017-01-03","vst_UKFS_2016","D06","UKFS","UKFS_043",,"NEON.PLA.D06.UKFS.02781","ok","small shrub","Live",,,1.1,,,,0.8,0.5,,"cylinder",1.1,10,,,,"p+l0R7+o0BMujrOEuQuJxVYKsiOTKnpJ","iq7r+K7zVrnuv4AA404AgFzhbma7sELOneHM1T36pZk=","legacyData"
"ccf1c6c0-2eae-4672-bbe8-6263167a6adb","UKFS_043.basePlot.vst","2017-01-03","vst_UKFS_2016","D06","UKFS","UKFS_043",,"NEON.PLA.D06.UKFS.00536","ok","small tree","Live",4.8,130,3.9,,,,,,,,,,,,,"p+l0R7+o0BMujrOEuQuJxVYKsiOTKnpJ","iq7r+K7zVrnuv4AA404AgFzhbma7sELOneHM1T36pZk=","legacyData"
"299b337c-b23b-4f66-9dd9-910e4e7d5e1c","UKFS_043.basePlot.vst","2017-01-03","vst_UKFS_2016","D06","UKFS","UKFS_043",,"NEON.PLA.D06.UKFS.00544","ok","single bole tree","Live",11.6,135,9.0,,,,,,,,,,,,,"p+l0R7+o0BMujrOEuQuJxVYKsiOTKnpJ","iq7r+K7zVrnuv4AA404AgFzhbma7sELOneHM1T36pZk=","legacyData"
"f10c9899-9ba4-4666-be65-3d8b0296f3bf","UKFS_043.basePlot.vst","2017-01-03","vst_UKFS_2016","D06","UKFS","UKFS_043",,"NEON.PLA.D06.UKFS.00582","ok","small tree","Live",5.5,130,6.9,,,,,,,,,,,,,"p+l0R7+o0BMujrOEuQuJxVYKsiOTKnpJ","iq7r+K7zVrnuv4AA404AgFzhbma7sELOneHM1T36pZk=","legacyData"
"c0c042e5-9a3e-47fe-b03e-f1d45ff191c2","UKFS_043.basePlot.vst","2017-01-03","vst_UKFS_2016","D06","UKFS","UKFS_043",,"NEON.PLA.D06.UKFS.00538","ok",,"No longer qualifies",,,,,,,,,,,,,,,,"p+l0R7+o0BMujrOEuQuJxVYKsiOTKnpJ","iq7r+K7zVrnuv4AA404AgFzhbma7sELOneHM1T36pZk=","legacyData"
"7556fed5-5f03-49ed-9286-dd708030edd4","UKFS_043.basePlot.vst","2017-01-03","vst_UKFS_2016","D06","UKFS","UKFS_043",,"NEON.PLA.D06.UKFS.00531","ok","liana","Live",11.4,130,,,,,,,,,,,,,,"p+l0R7+o0BMujrOEuQuJxVYKsiOTKnpJ","iq7r+K7zVrnuv4AA404AgFzhbma7sELOneHM1T36pZk=","legacyData"
"65e782cb-a208-4b42-8754-737328e1b058","UKFS_043.basePlot.vst","2017-01-03","vst_UKFS_2016","D06","UKFS","UKFS_043",,"NEON.PLA.D06.UKFS.02778","ok","small shrub","Live",,,0.5,,,,1.0,0.2,,"cylinder",1.1,10,,,,"p+l0R7+o0BMujrOEuQuJxVYKsiOTKnpJ","iq7r+K7zVrnuv4AA404AgFzhbma7sELOneHM1T36pZk=","legacyData"
"43d3594e-c46a-489f-ac2d-4ecedf43fd26","UKFS_043.basePlot.vst","2017-01-03","vst_UKFS_2016","D06","UKFS","UKFS_043",,"NEON.PLA.D06.UKFS.02770","ok","single shrub","Live",,,2.2,,,,4.8,3.8,,"half-sphere",1.5,10,,,,"p+l0R7+o0BMujrOEuQuJxVYKsiOTKnpJ","iq7r+K7zVrnuv4AA404AgFzhbma7sELOneHM1T36pZk=","legacyData"
"62f2d452-3167-4347-8eb9-0869a88ff78e","UKFS_043.basePlot.vst","2017-01-03","vst_UKFS_2016","D06","UKFS","UKFS_043",,"NEON.PLA.D06.UKFS.00557","ok","single bole tree","Live",13.6,130,4.2,,,,,,,,,,,,,"p+l0R7+o0BMujrOEuQuJxVYKsiOTKnpJ","iq7r+K7zVrnuv4AA404AgFzhbma7sELOneHM1T36pZk=","legacyData"
"580435c7-53b0-430c-ad1f-40b350e63282","UKFS_043.basePlot.vst","2017-01-03","vst_UKFS_2016","D06","UKFS","UKFS_043",,"NEON.PLA.D06.UKFS.02772","ok","small shrub","Live",,,1.2,,,,0.7,0.6,,"cylinder",1.1,10,,,,"p+l0R7+o0BMujrOEuQuJxVYKsiOTKnpJ","iq7r+K7zVrnuv4AA404AgFzhbma7sELOneHM1T36pZk=","legacyData"
"d0d6fb86-e1dc-4277-98e2-40988dd64934","UKFS_043.basePlot.vst","2017-01-03","vst_UKFS_2016","D06","UKFS","UKFS_043",,"NEON.PLA.D06.UKFS.00577","ok",,"No longer qualifies",,,,,,,,,,,,,,,,"p+l0R7+o0BMujrOEuQuJxVYKsiOTKnpJ","iq7r+K7zVrnuv4AA404AgFzhbma7sELOneHM1T36pZk=","legacyData"
"0ff09edd-8466-49cd-8e27-fb4856f97d97","UKFS_043.basePlot.vst","2017-01-03","vst_UKFS_2016","D06","UKFS","UKFS_043",,"NEON.PLA.D06.UKFS.00585","ok","small tree","Live",6.0,130,4.5,,,,,,,,,,,,,"p+l0R7+o0BMujrOEuQuJxVYKsiOTKnpJ","iq7r+K7zVrnuv4AA404AgFzhbma7sELOneHM1T36pZk=","legacyData"
"8ac057a1-7eb3-4346-920a-e54f5dd8b54c","UKFS_043.basePlot.vst","2017-01-03","vst_UKFS_2016","D06","UKFS","UKFS_043",,"NEON.PLA.D06.UKFS.00589","ok",,"No longer qualifies",,,,,,,,,,,,,,,,"p+l0R7+o0BMujrOEuQuJxVYKsiOTKnpJ","iq7r+K7zVrnuv4AA404AgFzhbma7sELOneHM1T36pZk=","legacyData"
"afa9688b-e47a-4017-91e6-3252744e776a","UKFS_043.basePlot.vst","2017-01-03","vst_UKFS_2016","D06","UKFS","UKFS_043",,"NEON.PLA.D06.UKFS.00566","ok","single bole tree","Live",25.9,130,21.0,,,,,,,,,,,,,"p+l0R7+o0BMujrOEuQuJxVYKsiOTKnpJ","iq7r+K7zVrnuv4AA404AgFzhbma7sELOneHM1T36pZk=","legacyData"
"8953ed34-7314-490d-b790-4f1a5fc829c8","UKFS_043.basePlot.vst","2017-01-03","vst_UKFS_2016","D06","UKFS","UKFS_043",,"NEON.PLA.D06.UKFS.00586","ok","small shrub","Live",,,1.3,,,,0.5,0.5,,"cylinder",1.4,10,,,,"p+l0R7+o0BMujrOEuQuJxVYKsiOTKnpJ","iq7r+K7zVrnuv4AA404AgFzhbma7sELOneHM1T36pZk=","legacyData"
"a1827bbb-978f-4615-9f88-3ae11757f2b8","UKFS_043.basePlot.vst","2017-01-03","vst_UKFS_2016","D06","UKFS","UKFS_043",,"NEON.PLA.D06.UKFS.00599","ok",,"No longer qualifies",,,,,,,,,,,,,,,,"p+l0R7+o0BMujrOEuQuJxVYKsiOTKnpJ","iq7r+K7zVrnuv4AA404AgFzhbma7sELOneHM1T36pZk=","legacyData"
"35c2976f-2088-48e3-9fe3-421e982b8931","UKFS_043.basePlot.vst","2017-01-03","vst_UKFS_2016","D06","UKFS","UKFS_043",,"NEON.PLA.D06.UKFS.02776","ok","small shrub","Live",,,1.1,,,,0.7,0.4,,"cylinder",1.0,10,,,,"p+l0R7+o0BMujrOEuQuJxVYKsiOTKnpJ","iq7r+K7zVrnuv4AA404AgFzhbma7sELOneHM1T36pZk=","legacyData"
"4642ff9f-2fe0-48ba-a6c2-8bc4414f4ade","UKFS_043.basePlot.vst","2017-01-03","vst_UKFS_2016","D06","UKFS","UKFS_043",,"NEON.PLA.D06.UKFS.00596","ok","small tree","Live",6.7,130,4.6,,,,,,,,,,,,,"p+l0R7+o0BMujrOEuQuJxVYKsiOTKnpJ","iq7r+K7zVrnuv4AA404AgFzhbma7sELOneHM1T36pZk=","legacyData"
"20268d4a-5300-499e-9a3c-5f1a5ffeb0f7","UKFS_043.basePlot.vst","2017-01-03","vst_UKFS_2016","D06","UKFS","UKFS_043",,"NEON.PLA.D06.UKFS.00540","ok","single bole tree","Live",17.7,140,16.6,,,,,,,,,,,,,"p+l0R7+o0BMujrOEuQuJxVYKsiOTKnpJ","iq7r+K7zVrnuv4AA404AgFzhbma7sELOneHM1T36pZk=","legacyData"
"42c79bbd-d167-4b83-8442-3c0d50074d96","UKFS_043.basePlot.vst","2017-01-03","vst_UKFS_2016","D06","UKFS","UKFS_043",,"NEON.PLA.D06.UKFS.02770","ok","single shrub","Live",1.1,130,2.2,,,,4.8,3.8,,"half-sphere",1.8,10,,,,"p+l0R7+o0BMujrOEuQuJxVYKsiOTKnpJ","iq7r+K7zVrnuv4AA404AgFzhbma7sELOneHM1T36pZk=","legacyData"
"832a0e44-52d2-4b39-8eeb-76bdcb1a2ab8","UKFS_043.basePlot.vst","2017-01-03","vst_UKFS_2016","D06","UKFS","UKFS_043",,"NEON.PLA.D06.UKFS.00567","ok","single bole tree","Live",32.9,130,12.8,,,,,,,,,,,,,"p+l0R7+o0BMujrOEuQuJxVYKsiOTKnpJ","iq7r+K7zVrnuv4AA404AgFzhbma7sELOneHM1T36pZk=","legacyData"
"0f78d95a-25be-41c4-abdd-1be5176e8c0b","UKFS_043.basePlot.vst","2017-01-03","vst_UKFS_2016","D06","UKFS","UKFS_043",,"NEON.PLA.D06.UKFS.00590","ok",,"No longer qualifies",,,,,,,,,,,,,,,,"p+l0R7+o0BMujrOEuQuJxVYKsiOTKnpJ","iq7r+K7zVrnuv4AA404AgFzhbma7sELOneHM1T36pZk=","legacyData"
"0fb93dbd-909f-4650-b6e6-fb9095c52ee6","UKFS_043.basePlot.vst","2017-01-03","vst_UKFS_2016","D06","UKFS","UKFS_043",,"NEON.PLA.D06.UKFS.00595","ok","single bole tree","Live",32.4,130,18.4,,,,,,,,,,,,,"p+l0R7+o0BMujrOEuQuJxVYKsiOTKnpJ","iq7r+K7zVrnuv4AA404AgFzhbma7sELOneHM1T36pZk=","legacyData"
"06aea4f4-873c-4225-a196-5bb066f877df","UKFS_043.basePlot.vst","2017-01-03","vst_UKFS_2016","D06","UKFS","UKFS_043",,"NEON.PLA.D06.UKFS.02773","ok","sapling","Live",,,1.3,,,,,,,,1.2,10,,,,"p+l0R7+o0BMujrOEuQuJxVYKsiOTKnpJ","iq7r+K7zVrnuv4AA404AgFzhbma7sELOneHM1T36pZk=","legacyData"
"89df1efc-82a1-452e-ad1a-b6f86e500f64","UKFS_043.basePlot.vst","2017-01-03","vst_UKFS_2016","D06","UKFS","UKFS_043",,"NEON.PLA.D06.UKFS.00528","ok","single bole tree","Live, broken bole",34.7,130,11.8,,,,,,,,,,,,,"p+l0R7+o0BMujrOEuQuJxVYKsiOTKnpJ","iq7r+K7zVrnuv4AA404AgFzhbma7sELOneHM1T36pZk=","legacyData"
"4bf6b586-8aa3-41cd-ac34-ad9a5d7ff0f3","UKFS_043.basePlot.vst","2017-01-03","vst_UKFS_2016","D06","UKFS","UKFS_043",,"NEON.PLA.D06.UKFS.02770","ok","single shrub","Live",,,2.2,,,,4.8,3.8,,"half-sphere",1.2,10,,,,"p+l0R7+o0BMujrOEuQuJxVYKsiOTKnpJ","iq7r+K7zVrnuv4AA404AgFzhbma7sELOneHM1T36pZk=","legacyData"
"cd5e5ef5-a1b4-4e5f-8c2f-94ab32abe14e","UKFS_043.basePlot.vst","2017-01-03","vst_UKFS_2016","D06","UKFS","UKFS_043",,"NEON.PLA.D06.UKFS.00539","ok","small tree","Live",6.8,130,5.2,,,,,,,,,,,,,"p+l0R7+o0BMujrOEuQuJxVYKsiOTKnpJ","iq7r+K7zVrnuv4AA404AgFzhbma7sELOneHM1T36pZk=","legacyData"
"7cf4f264-55e0-4935-9629-98c2cd427a9a","UKFS_043.basePlot.vst","2017-01-03","vst_UKFS_2016","D06","UKFS","UKFS_043",,"NEON.PLA.D06.UKFS.02782","ok","small shrub","Live",,,1.1,,,,0.7,0.5,,"cylinder",1.2,10,,,,"p+l0R7+o0BMujrOEuQuJxVYKsiOTKnpJ","iq7r+K7zVrnuv4AA404AgFzhbma7sELOneHM1T36pZk=","legacyData"
"b01230a0-9e52-46c0-a34d-e425115e0320","UKFS_043.basePlot.vst","2017-01-03","vst_UKFS_2016","D06","UKFS","UKFS_043",,"NEON.PLA.D06.UKFS.00570","ok",,"No longer qualifies",,,,,,,,,,,,,,,,"p+l0R7+o0BMujrOEuQuJxVYKsiOTKnpJ","iq7r+K7zVrnuv4AA404AgFzhbma7sELOneHM1T36pZk=","legacyData"
"344ea976-7dcc-4d35-b7de-f105edba86e5","UKFS_043.basePlot.vst","2017-01-03","vst_UKFS_2016","D06","UKFS","UKFS_043",,"NEON.PLA.D06.UKFS.02774","ok","small shrub","Live",,,1.2,,,,1.1,0.7,,"cylinder",1.1,10,,,,"p+l0R7+o0BMujrOEuQuJxVYKsiOTKnpJ","iq7r+K7zVrnuv4AA404AgFzhbma7sELOneHM1T36pZk=","legacyData"
"bd954b93-959d-4eb0-ab4b-0bb5db091b01","UKFS_043.basePlot.vst","2017-01-03","vst_UKFS_2016","D06","UKFS","UKFS_043",,"NEON.PLA.D06.UKFS.00569","ok",,"Lost, tag damaged",,,,,,,,,,,,,,,,"p+l0R7+o0BMujrOEuQuJxVYKsiOTKnpJ","iq7r+K7zVrnuv4AA404AgFzhbma7sELOneHM1T36pZk=","legacyData"
"9a431f8f-77e0-4b07-ac8b-3e3217ba1cfb","UKFS_043.basePlot.vst","2017-01-03","vst_UKFS_2016","D06","UKFS","UKFS_043",,"NEON.PLA.D06.UKFS.00529","ok","single bole tree","Live",44.8,130,21.8,,,,,,,,,,,,,"p+l0R7+o0BMujrOEuQuJxVYKsiOTKnpJ","iq7r+K7zVrnuv4AA404AgFzhbma7sELOneHM1T36pZk=","legacyData"
"86c5561a-bddb-47f6-8989-71cb05a0aa43","UKFS_043.basePlot.vst","2017-01-03","vst_UKFS_2016","D06","UKFS","UKFS_043",,"NEON.PLA.D06.UKFS.00547","ok",,"Lost, tag damaged",,,,,,,,,,,,,,,,"p+l0R7+o0BMujrOEuQuJxVYKsiOTKnpJ","iq7r+K7zVrnuv4AA404AgFzhbma7sELOneHM1T36pZk=","legacyData"
"23e71ee7-8e30-4a55-8554-71d8a8337077","UKFS_043.basePlot.vst","2017-01-03","vst_UKFS_2016","D06","UKFS","UKFS_043",,"NEON.PLA.D06.UKFS.02770","ok","single shrub","Live",,,2.2,,,,4.8,3.8,,"half-sphere",1.4,10,,,,"p+l0R7+o0BMujrOEuQuJxVYKsiOTKnpJ","iq7r+K7zVrnuv4AA404AgFzhbma7sELOneHM1T36pZk=","legacyData"
"4d09c643-de80-46dc-b6eb-e27a55e4ce4e","UKFS_043.basePlot.vst","2017-01-03","vst_UKFS_2016","D06","UKFS","UKFS_043",,"NEON.PLA.D06.UKFS.00559","ok","single bole tree","Standing dead",24.6,130,8.4,,,,,,,,,,,,,"p+l0R7+o0BMujrOEuQuJxVYKsiOTKnpJ","iq7r+K7zVrnuv4AA404AgFzhbma7sELOneHM1T36pZk=","legacyData"
"70e399a2-b615-477e-a661-64b60c1d746d","UKFS_043.basePlot.vst","2017-01-03","vst_UKFS_2016","D06","UKFS","UKFS_043",,"NEON.PLA.D06.UKFS.02786","ok","small shrub","Live",,,1.2,,,,0.7,0.6,,"cylinder",1.0,10,,,,"p+l0R7+o0BMujrOEuQuJxVYKsiOTKnpJ","iq7r+K7zVrnuv4AA404AgFzhbma7sELOneHM1T36pZk=","legacyData"
"a7dd63c5-e48d-4783-97b2-087430f989e1","UKFS_043.basePlot.vst","2017-01-03","vst_UKFS_2016","D06","UKFS","UKFS_043",,"NEON.PLA.D06.UKFS.00533","ok",,"No longer qualifies",,,,,,,,,,,,,,,,"p+l0R7+o0BMujrOEuQuJxVYKsiOTKnpJ","iq7r+K7zVrnuv4AA404AgFzhbma7sELOneHM1T36pZk=","legacyData"
"ae594c36-311d-4659-b543-e1cc838f7cf1","UKFS_043.basePlot.vst","2017-01-03","vst_UKFS_2016","D06","UKFS","UKFS_043",,"NEON.PLA.D06.UKFS.00579","ok",,"No longer qualifies",,,,,,,,,,,,,,,,"p+l0R7+o0BMujrOEuQuJxVYKsiOTKnpJ","iq7r+K7zVrnuv4AA404AgFzhbma7sELOneHM1T36pZk=","legacyData"
"c6e06f54-7d2c-4d57-a355-c40e87aec437","UKFS_043.basePlot.vst","2017-01-03","vst_UKFS_2016","D06","UKFS","UKFS_043",,"NEON.PLA.D06.UKFS.00575","ok","sapling","Live",,,1.7,,,,,,,,1.5,10,,,,"p+l0R7+o0BMujrOEuQuJxVYKsiOTKnpJ","iq7r+K7zVrnuv4AA404AgFzhbma7sELOneHM1T36pZk=","legacyData"
"f7d616e0-a822-4059-a892-345ad687f32e","UKFS_044.basePlot.vst","2017-01-05","vst_UKFS_2016","D06","UKFS","UKFS_044",,"NEON.PLA.D06.UKFS.02630","ok","small shrub","Live",,,2.1,,,,2.1,1.7,,"half-sphere",1.1,10,,,,"p+l0R7+o0BMujrOEuQuJxVYKsiOTKnpJ","g5rJEq0k/0nNX+T4moJmV2YbYul0bP1VmhFSJXZUo2Y=","legacyData"
"a8f026a7-9dc5-460a-ac90-51bf74ead423","UKFS_044.basePlot.vst","2017-01-05","vst_UKFS_2016","D06","UKFS","UKFS_044",,"NEON.PLA.D06.UKFS.00827","ok","single bole tree","Live",33.6,130,17.2,,,,,,,,,,,,,"p+l0R7+o0BMujrOEuQuJxVYKsiOTKnpJ","g5rJEq0k/0nNX+T4moJmV2YbYul0bP1VmhFSJXZUo2Y=","legacyData"
"20c4a926-71d2-49bf-8fd6-3c114a1cdbd4","UKFS_044.basePlot.vst","2017-01-05","vst_UKFS_2016","D06","UKFS","UKFS_044",,"NEON.PLA.D06.UKFS.00862","ok",,"Removed",,,,,,,,,,,,,,,"Located outside of new nested subplot size","p+l0R7+o0BMujrOEuQuJxVYKsiOTKnpJ","g5rJEq0k/0nNX+T4moJmV2YbYul0bP1VmhFSJXZUo2Y=","legacyData"
"72999089-aaa6-459c-b8f1-c04b07ee07d7","UKFS_044.basePlot.vst","2017-01-05","vst_UKFS_2016","D06","UKFS","UKFS_044",,"NEON.PLA.D06.UKFS.00869","ok","small tree","Live",6.0,130,5.6,,,,,,,,,,,,,"p+l0R7+o0BMujrOEuQuJxVYKsiOTKnpJ","g5rJEq0k/0nNX+T4moJmV2YbYul0bP1VmhFSJXZUo2Y=","legacyData"
"4cc4c1de-e23e-48cb-a73a-8122e0137864","UKFS_044.basePlot.vst","2017-01-05","vst_UKFS_2016","D06","UKFS","UKFS_044",,"NEON.PLA.D06.UKFS.00852","ok","single bole tree","Live",25.9,130,10.4,,,,,,,,,,,,,"p+l0R7+o0BMujrOEuQuJxVYKsiOTKnpJ","g5rJEq0k/0nNX+T4moJmV2YbYul0bP1VmhFSJXZUo2Y=","legacyData"
"82a598af-e3f7-473d-9fd6-93a670608534","UKFS_044.basePlot.vst","2017-01-05","vst_UKFS_2016","D06","UKFS","UKFS_044",,"NEON.PLA.D06.UKFS.00858","ok",,"Removed",,,,,,,,,,,,,,,"New tag 2552","p+l0R7+o0BMujrOEuQuJxVYKsiOTKnpJ","g5rJEq0k/0nNX+T4moJmV2YbYul0bP1VmhFSJXZUo2Y=","legacyData"
"3c06cb0f-ab72-42e5-8b91-9b645db768ef","UKFS_044.basePlot.vst","2017-01-05","vst_UKFS_2016","D06","UKFS","UKFS_044",,"NEON.PLA.D06.UKFS.00854","ok","single bole tree","Standing dead",23.9,130,12.2,,,,,,,,,,,,,"p+l0R7+o0BMujrOEuQuJxVYKsiOTKnpJ","g5rJEq0k/0nNX+T4moJmV2YbYul0bP1VmhFSJXZUo2Y=","legacyData"
"1e02e710-7786-42e7-b7d8-5cf5f7dd84a1","UKFS_044.basePlot.vst","2017-01-05","vst_UKFS_2016","D06","UKFS","UKFS_044",,"NEON.PLA.D06.UKFS.00828","ok","single bole tree","Live",33.8,130,18.3,,,,,,,,,,,,,"p+l0R7+o0BMujrOEuQuJxVYKsiOTKnpJ","g5rJEq0k/0nNX+T4moJmV2YbYul0bP1VmhFSJXZUo2Y=","legacyData"
"8c7b2afb-3da3-4232-8d5b-7fd8d583aae5","UKFS_044.basePlot.vst","2017-01-05","vst_UKFS_2016","D06","UKFS","UKFS_044",,"NEON.PLA.D06.UKFS.00826","ok","liana","Live",6.5,130,,,,,,,,,,,,,,"p+l0R7+o0BMujrOEuQuJxVYKsiOTKnpJ","g5rJEq0k/0nNX+T4moJmV2YbYul0bP1VmhFSJXZUo2Y=","legacyData"
"32ba8a35-1a86-4d01-9ae2-e9b113954201","UKFS_044.basePlot.vst","2017-01-05","vst_UKFS_2016","D06","UKFS","UKFS_044",,"NEON.PLA.D06.UKFS.00852","ok",,"Lost, tag damaged",,,,,,,,,,,,,,,,"p+l0R7+o0BMujrOEuQuJxVYKsiOTKnpJ","g5rJEq0k/0nNX+T4moJmV2YbYul0bP1VmhFSJXZUo2Y=","legacyData"
"78ddf689-2a4c-4328-a3a7-9c1bf00232ca","UKFS_044.basePlot.vst","2017-01-05","vst_UKFS_2016","D06","UKFS","UKFS_044",,"NEON.PLA.D06.UKFS.00850","ok","single bole tree","Standing dead",27.5,130,14.1,,,,,,,,,,,,,"p+l0R7+o0BMujrOEuQuJxVYKsiOTKnpJ","g5rJEq0k/0nNX+T4moJmV2YbYul0bP1VmhFSJXZUo2Y=","legacyData"
"49f8fac8-64b6-4acf-8eba-197e7dc907b1","UKFS_044.basePlot.vst","2017-01-05","vst_UKFS_2016","D06","UKFS","UKFS_044",,"NEON.PLA.D06.UKFS.02630","ok","small shrub","Live",,,2.1,,,,2.1,1.7,,"half-sphere",1.2,10,,,,"p+l0R7+o0BMujrOEuQuJxVYKsiOTKnpJ","g5rJEq0k/0nNX+T4moJmV2YbYul0bP1VmhFSJXZUo2Y=","legacyData"
"d8f66bb9-b8bc-4930-bb9d-ceab2eb19c5c","UKFS_044.basePlot.vst","2017-01-05","vst_UKFS_2016","D06","UKFS","UKFS_044",,"NEON.PLA.D06.UKFS.02633","ok","small shrub","Live",,,1.6,,,,2.7,2.4,,"half-sphere",1.4,10,,,,"p+l0R7+o0BMujrOEuQuJxVYKsiOTKnpJ","g5rJEq0k/0nNX+T4moJmV2YbYul0bP1VmhFSJXZUo2Y=","legacyData"
"f4a212d3-7d60-40a5-b2df-ba7c28ecd3af","UKFS_044.basePlot.vst","2017-01-05","vst_UKFS_2016","D06","UKFS","UKFS_044",,"NEON.PLA.D06.UKFS.00833","ok",,"Removed",,,,,,,,,,,,,,,"Located outside of new nested subplot size","p+l0R7+o0BMujrOEuQuJxVYKsiOTKnpJ","g5rJEq0k/0nNX+T4moJmV2YbYul0bP1VmhFSJXZUo2Y=","legacyData"
"87014057-2b61-4338-a617-b5362c84ea37","UKFS_044.basePlot.vst","2017-01-05","vst_UKFS_2016","D06","UKFS","UKFS_044",,"NEON.PLA.D06.UKFS.00823","ok","single bole tree","Live",12.0,130,8.3,,,,,,,,,,,,,"p+l0R7+o0BMujrOEuQuJxVYKsiOTKnpJ","g5rJEq0k/0nNX+T4moJmV2YbYul0bP1VmhFSJXZUo2Y=","legacyData"
"43acf6f3-abdd-4762-8488-01a2baee7428","UKFS_044.basePlot.vst","2017-01-05","vst_UKFS_2016","D06","UKFS","UKFS_044",,"NEON.PLA.D06.UKFS.00832","ok","liana","Live",9.6,130,,,,,,,,,,,,,,"p+l0R7+o0BMujrOEuQuJxVYKsiOTKnpJ","g5rJEq0k/0nNX+T4moJmV2YbYul0bP1VmhFSJXZUo2Y=","legacyData"
"19dcb82f-0126-4c46-9a69-676a40fd23a8","UKFS_044.basePlot.vst","2017-01-05","vst_UKFS_2016","D06","UKFS","UKFS_044",,"NEON.PLA.D06.UKFS.00848","ok",,"Removed",,,,,,,,,,,,,,,"Located outside of new nested subplot size","p+l0R7+o0BMujrOEuQuJxVYKsiOTKnpJ","g5rJEq0k/0nNX+T4moJmV2YbYul0bP1VmhFSJXZUo2Y=","legacyData"
"31f7bf8c-03d7-43bb-854a-873c6a0c118b","UKFS_044.basePlot.vst","2017-01-05","vst_UKFS_2016","D06","UKFS","UKFS_044",,"NEON.PLA.D06.UKFS.02638","ok","small shrub","Live",,,0.8,,,,0.6,0.5,,"cylinder",1.1,10,,,,"p+l0R7+o0BMujrOEuQuJxVYKsiOTKnpJ","g5rJEq0k/0nNX+T4moJmV2YbYul0bP1VmhFSJXZUo2Y=","legacyData"
"cce10334-238c-4b10-bfa5-605378dc51e9","UKFS_044.basePlot.vst","2017-01-05","vst_UKFS_2016","D06","UKFS","UKFS_044",,"NEON.PLA.D06.UKFS.00837","ok",,"Removed",,,,,,,,,,,,,,,"Located outside of new nested subplot size","p+l0R7+o0BMujrOEuQuJxVYKsiOTKnpJ","g5rJEq0k/0nNX+T4moJmV2YbYul0bP1VmhFSJXZUo2Y=","legacyData"
"4523361a-1a40-4c80-b48a-6f8b27c7ae95","UKFS_044.basePlot.vst","2017-01-05","vst_UKFS_2016","D06","UKFS","UKFS_044",,"NEON.PLA.D06.UKFS.00871","ok","small shrub","Live",,,1.1,,,,0.4,0.4,,"cylinder",1.1,10,,,,"p+l0R7+o0BMujrOEuQuJxVYKsiOTKnpJ","g5rJEq0k/0nNX+T4moJmV2YbYul0bP1VmhFSJXZUo2Y=","legacyData"
"c948a6a3-2cd4-4b2e-a18a-3edb083dac43","UKFS_044.basePlot.vst","2017-01-05","vst_UKFS_2016","D06","UKFS","UKFS_044",,"NEON.PLA.D06.UKFS.00841","ok","single bole tree","Live",32.1,130,19.4,,,,,,,,,,,,,"p+l0R7+o0BMujrOEuQuJxVYKsiOTKnpJ","g5rJEq0k/0nNX+T4moJmV2YbYul0bP1VmhFSJXZUo2Y=","legacyData"
"a7ce3773-9b89-4bca-a221-16287c40fae9","UKFS_044.basePlot.vst","2017-01-05","vst_UKFS_2016","D06","UKFS","UKFS_044",,"NEON.PLA.D06.UKFS.02677","ok","small shrub","Live",,,0.9,,,,0.4,0.4,,"cylinder",1.0,10,,,,"p+l0R7+o0BMujrOEuQuJxVYKsiOTKnpJ","g5rJEq0k/0nNX+T4moJmV2YbYul0bP1VmhFSJXZUo2Y=","legacyData"
"d004713b-4bff-4db3-ad20-b532a2ead8fb","UKFS_044.basePlot.vst","2017-01-05","vst_UKFS_2016","D06","UKFS","UKFS_044",,"NEON.PLA.D06.UKFS.00822","ok","single bole tree","Standing dead",50.0,130,17.4,,,,,,,,,,,,,"p+l0R7+o0BMujrOEuQuJxVYKsiOTKnpJ","g5rJEq0k/0nNX+T4moJmV2YbYul0bP1VmhFSJXZUo2Y=","legacyData"
"a8cbf0da-30f6-4d7c-bc4b-ef449bbc0ff5","UKFS_044.basePlot.vst","2017-01-05","vst_UKFS_2016","D06","UKFS","UKFS_044",,"NEON.PLA.D06.UKFS.00872","ok",,"Lost, tag damaged",,,,,,,,,,,,,,,,"p+l0R7+o0BMujrOEuQuJxVYKsiOTKnpJ","g5rJEq0k/0nNX+T4moJmV2YbYul0bP1VmhFSJXZUo2Y=","legacyData"
"afc39521-da2e-475d-8de8-238547bf0cbe","UKFS_044.basePlot.vst","2017-01-05","vst_UKFS_2016","D06","UKFS","UKFS_044",,"NEON.PLA.D06.UKFS.00874","ok","single bole tree","Live",13.8,130,6.8,,,,,,,,,,,,,"p+l0R7+o0BMujrOEuQuJxVYKsiOTKnpJ","g5rJEq0k/0nNX+T4moJmV2YbYul0bP1VmhFSJXZUo2Y=","legacyData"
"6b4cd05d-d183-45e7-bfbe-10d6d55f2ef4","UKFS_044.basePlot.vst","2017-01-05","vst_UKFS_2016","D06","UKFS","UKFS_044",,"NEON.PLA.D06.UKFS.00838","ok","single bole tree","Live",13.8,130,8.8,,,,,,,,,,,,,"p+l0R7+o0BMujrOEuQuJxVYKsiOTKnpJ","g5rJEq0k/0nNX+T4moJmV2YbYul0bP1VmhFSJXZUo2Y=","legacyData"
"f8682d99-6a33-4678-98c7-2538f9cad971","UKFS_044.basePlot.vst","2017-01-05","vst_UKFS_2016","D06","UKFS","UKFS_044",,"NEON.PLA.D06.UKFS.00867","ok",,"No longer qualifies",,,,,,,,,,,,,,,,"p+l0R7+o0BMujrOEuQuJxVYKsiOTKnpJ","g5rJEq0k/0nNX+T4moJmV2YbYul0bP1VmhFSJXZUo2Y=","legacyData"
"ad2fabd1-2a52-4673-9bd8-7215a49d3c21","UKFS_044.basePlot.vst","2017-01-05","vst_UKFS_2016","D06","UKFS","UKFS_044",,"NEON.PLA.D06.UKFS.00834","ok",,"No longer qualifies",,,,,,,,,,,,,,,,"p+l0R7+o0BMujrOEuQuJxVYKsiOTKnpJ","g5rJEq0k/0nNX+T4moJmV2YbYul0bP1VmhFSJXZUo2Y=","legacyData"
"03eb5e59-b52b-4f6c-82ff-e67d8b97e8ed","UKFS_044.basePlot.vst","2017-01-05","vst_UKFS_2016","D06","UKFS","UKFS_044",,"NEON.PLA.D06.UKFS.02694","ok","small shrub","Live",,,1.0,,,,1.1,0.6,,"cylinder",1.1,10,,,,"p+l0R7+o0BMujrOEuQuJxVYKsiOTKnpJ","g5rJEq0k/0nNX+T4moJmV2YbYul0bP1VmhFSJXZUo2Y=","legacyData"
"8ca2a165-e798-4a14-8881-83abf573cd53","UKFS_044.basePlot.vst","2017-01-05","vst_UKFS_2016","D06","UKFS","UKFS_044",,"NEON.PLA.D06.UKFS.00873","ok","small shrub","Live",,,1.0,,,,0.9,0.5,,"cylinder",1.4,10,,,,"p+l0R7+o0BMujrOEuQuJxVYKsiOTKnpJ","g5rJEq0k/0nNX+T4moJmV2YbYul0bP1VmhFSJXZUo2Y=","legacyData"
"a9972dd1-0e87-418d-8c44-d9ff370db1b1","UKFS_044.basePlot.vst","2017-01-05","vst_UKFS_2016","D06","UKFS","UKFS_044",,"NEON.PLA.D06.UKFS.02633","ok","small shrub","Standing dead",,,1.6,,,,2.7,2.4,,"half-sphere",1.2,10,,,,"p+l0R7+o0BMujrOEuQuJxVYKsiOTKnpJ","g5rJEq0k/0nNX+T4moJmV2YbYul0bP1VmhFSJXZUo2Y=","legacyData"
"28328a7b-c905-4f44-9c57-801cc958c0d7","UKFS_044.basePlot.vst","2017-01-05","vst_UKFS_2016","D06","UKFS","UKFS_044",,"NEON.PLA.D06.UKFS.00873","ok","small shrub","Live",,,1.0,,,,0.7,0.5,,"cylinder",1.4,10,,,,"p+l0R7+o0BMujrOEuQuJxVYKsiOTKnpJ","g5rJEq0k/0nNX+T4moJmV2YbYul0bP1VmhFSJXZUo2Y=","legacyData"
"a92f738d-12aa-4a73-8fe8-03b9a6bdc22c","UKFS_044.basePlot.vst","2017-01-05","vst_UKFS_2016","D06","UKFS","UKFS_044",,"NEON.PLA.D06.UKFS.00863","ok","single bole tree","Standing dead",10.1,130,4.4,,,,,,,,,,,,,"p+l0R7+o0BMujrOEuQuJxVYKsiOTKnpJ","g5rJEq0k/0nNX+T4moJmV2YbYul0bP1VmhFSJXZUo2Y=","legacyData"
"a86373b9-ef68-4701-92cc-0270704ae546","UKFS_044.basePlot.vst","2017-01-05","vst_UKFS_2016","D06","UKFS","UKFS_044",,"NEON.PLA.D06.UKFS.02554","ok","small shrub","Live",,,1.2,,,,0.8,0.7,,"cylinder",1.2,10,,,,"p+l0R7+o0BMujrOEuQuJxVYKsiOTKnpJ","g5rJEq0k/0nNX+T4moJmV2YbYul0bP1VmhFSJXZUo2Y=","legacyData"
"8ac79a32-0bdc-4260-bd20-e04139874271","UKFS_044.basePlot.vst","2017-01-05","vst_UKFS_2016","D06","UKFS","UKFS_044",,"NEON.PLA.D06.UKFS.02637","ok","small shrub","Live",,,1.1,,,,0.5,0.4,,"cylinder",1.0,10,,,,"p+l0R7+o0BMujrOEuQuJxVYKsiOTKnpJ","g5rJEq0k/0nNX+T4moJmV2YbYul0bP1VmhFSJXZUo2Y=","legacyData"
"f7541b0a-7eaa-455a-ac2a-f2f2e5add3e6","UKFS_044.basePlot.vst","2017-01-05","vst_UKFS_2016","D06","UKFS","UKFS_044",,"NEON.PLA.D06.UKFS.00870","ok","small shrub","Live",,,1.0,,,,0.5,0.3,,"cylinder",1.0,10,,,,"p+l0R7+o0BMujrOEuQuJxVYKsiOTKnpJ","g5rJEq0k/0nNX+T4moJmV2YbYul0bP1VmhFSJXZUo2Y=","legacyData"
"bfc7d798-730c-40f6-8fc7-42651a3c6f2e","UKFS_044.basePlot.vst","2017-01-05","vst_UKFS_2016","D06","UKFS","UKFS_044",,"NEON.PLA.D06.UKFS.00865","ok","multi-bole tree","Live",24.9,170,14.3,,,,,,,,,,,,,"p+l0R7+o0BMujrOEuQuJxVYKsiOTKnpJ","g5rJEq0k/0nNX+T4moJmV2YbYul0bP1VmhFSJXZUo2Y=","legacyData"
"a6c17af8-2361-4590-b1b7-c690f6c30568","UKFS_044.basePlot.vst","2017-01-05","vst_UKFS_2016","D06","UKFS","UKFS_044",,"NEON.PLA.D06.UKFS.02633","ok","small shrub","Standing dead",,,1.6,,,,2.7,2.4,,"half-sphere",1.3,10,,,,"p+l0R7+o0BMujrOEuQuJxVYKsiOTKnpJ","g5rJEq0k/0nNX+T4moJmV2YbYul0bP1VmhFSJXZUo2Y=","legacyData"
"afabc0dc-8144-4728-9e3e-50743c0379e3","UKFS_044.basePlot.vst","2017-01-05","vst_UKFS_2016","D06","UKFS","UKFS_044",,"NEON.PLA.D06.UKFS.00843","ok","single bole tree","Live",15.2,130,20.2,,,,,,,,,,,,,"p+l0R7+o0BMujrOEuQuJxVYKsiOTKnpJ","g5rJEq0k/0nNX+T4moJmV2YbYul0bP1VmhFSJXZUo2Y=","legacyData"
"26e91f00-f307-41b8-a07a-5676ff3e9109","UKFS_044.basePlot.vst","2017-01-05","vst_UKFS_2016","D06","UKFS","UKFS_044",,"NEON.PLA.D06.UKFS.02620","ok","sapling","Live",,,0.9,,,,,,,,1.6,10,,,,"p+l0R7+o0BMujrOEuQuJxVYKsiOTKnpJ","g5rJEq0k/0nNX+T4moJmV2YbYul0bP1VmhFSJXZUo2Y=","legacyData"
"ef74b492-51ce-44d9-9785-85d4224adacc","UKFS_044.basePlot.vst","2017-01-05","vst_UKFS_2016","D06","UKFS","UKFS_044",,"NEON.PLA.D06.UKFS.00856A","ok","multi-bole tree","Live",31.5,190,,,,,,,,,,,,,,"p+l0R7+o0BMujrOEuQuJxVYKsiOTKnpJ","g5rJEq0k/0nNX+T4moJmV2YbYul0bP1VmhFSJXZUo2Y=","legacyData"
"637881f6-2b2f-456f-8eb3-561f6d3322ed","UKFS_044.basePlot.vst","2017-01-05","vst_UKFS_2016","D06","UKFS","UKFS_044",,"NEON.PLA.D06.UKFS.02559","ok","small shrub","Live",,,1.4,0.1,,,1.0,0.7,,"ellipsoid or sphere",1.3,10,,,,"p+l0R7+o0BMujrOEuQuJxVYKsiOTKnpJ","g5rJEq0k/0nNX+T4moJmV2YbYul0bP1VmhFSJXZUo2Y=","legacyData"
"6b5fb0d5-13c9-4e07-adb4-b06b21d00425","UKFS_044.basePlot.vst","2017-01-05","vst_UKFS_2016","D06","UKFS","UKFS_044",,"NEON.PLA.D06.UKFS.02559","ok","small shrub","Live",,,1.4,,,,1.0,0.7,,"cylinder",1.1,10,,,,"p+l0R7+o0BMujrOEuQuJxVYKsiOTKnpJ","g5rJEq0k/0nNX+T4moJmV2YbYul0bP1VmhFSJXZUo2Y=","legacyData"
"92b10a24-7554-4af7-90da-8e6de37e04e4","UKFS_044.basePlot.vst","2017-01-05","vst_UKFS_2016","D06","UKFS","UKFS_044",,"NEON.PLA.D06.UKFS.02622","ok","small shrub","Live",,,2.1,,,,3.6,2.8,,"half-sphere",1.3,10,,,,"p+l0R7+o0BMujrOEuQuJxVYKsiOTKnpJ","g5rJEq0k/0nNX+T4moJmV2YbYul0bP1VmhFSJXZUo2Y=","legacyData"
"6c7e4aac-b110-430a-bd3e-d761541637e6","UKFS_044.basePlot.vst","2017-01-05","vst_UKFS_2016","D06","UKFS","UKFS_044",,"NEON.PLA.D06.UKFS.02633","ok","small shrub","Standing dead",,,1.6,,,,2.7,2.4,,"half-sphere",1.1,10,,,,"p+l0R7+o0BMujrOEuQuJxVYKsiOTKnpJ","g5rJEq0k/0nNX+T4moJmV2YbYul0bP1VmhFSJXZUo2Y=","legacyData"
"89f9ab1e-ef5e-498f-a51b-2fe209c1cb6d","UKFS_044.basePlot.vst","2017-01-05","vst_UKFS_2016","D06","UKFS","UKFS_044",,"NEON.PLA.D06.UKFS.00842","ok","single bole tree","Live",33.8,130,18.7,,,,,,,,,,,,,"p+l0R7+o0BMujrOEuQuJxVYKsiOTKnpJ","g5rJEq0k/0nNX+T4moJmV2YbYul0bP1VmhFSJXZUo2Y=","legacyData"
"f5e55975-123f-4161-8052-de9e481d93bc","UKFS_044.basePlot.vst","2017-01-05","vst_UKFS_2016","D06","UKFS","UKFS_044",,"NEON.PLA.D06.UKFS.02630","ok","small shrub","Live",,,2.1,,,,2.1,1.7,,"half-sphere",1.1,10,,,,"p+l0R7+o0BMujrOEuQuJxVYKsiOTKnpJ","g5rJEq0k/0nNX+T4moJmV2YbYul0bP1VmhFSJXZUo2Y=","legacyData"
"64906e21-3594-4a7e-b3f0-c2ac2ab9f376","UKFS_044.basePlot.vst","2017-01-05","vst_UKFS_2016","D06","UKFS","UKFS_044",,"NEON.PLA.D06.UKFS.00855","ok","small tree","Standing dead",4.2,130,2.8,,,,,,,,,,,,,"p+l0R7+o0BMujrOEuQuJxVYKsiOTKnpJ","g5rJEq0k/0nNX+T4moJmV2YbYul0bP1VmhFSJXZUo2Y=","legacyData"
"e5fe5157-10c3-4950-b783-d53bd489ad08","UKFS_044.basePlot.vst","2017-01-05","vst_UKFS_2016","D06","UKFS","UKFS_044",,"NEON.PLA.D06.UKFS.00844","ok","single bole tree","Live",40.4,130,17.5,,,,,,,,,,,,,"p+l0R7+o0BMujrOEuQuJxVYKsiOTKnpJ","g5rJEq0k/0nNX+T4moJmV2YbYul0bP1VmhFSJXZUo2Y=","legacyData"
"ced88dbc-e45b-4d02-bd20-e5cbc21a3fbf","UKFS_044.basePlot.vst","2017-01-05","vst_UKFS_2016","D06","UKFS","UKFS_044",,"NEON.PLA.D06.UKFS.00853","ok","single bole tree","Live",15.6,130,5.3,,,,,,,,,,,,,"p+l0R7+o0BMujrOEuQuJxVYKsiOTKnpJ","g5rJEq0k/0nNX+T4moJmV2YbYul0bP1VmhFSJXZUo2Y=","legacyData"
"4265c23c-5008-4893-a88c-50600c23219a","UKFS_044.basePlot.vst","2017-01-05","vst_UKFS_2016","D06","UKFS","UKFS_044",,"NEON.PLA.D06.UKFS.02557","ok","sapling","Live",,,1.2,,,,,,,,1.9,10,,,,"p+l0R7+o0BMujrOEuQuJxVYKsiOTKnpJ","g5rJEq0k/0nNX+T4moJmV2YbYul0bP1VmhFSJXZUo2Y=","legacyData"
"c589c48a-2868-41eb-9d04-ac06783137cc","UKFS_044.basePlot.vst","2017-01-05","vst_UKFS_2016","D06","UKFS","UKFS_044",,"NEON.PLA.D06.UKFS.00866","ok",,"Removed",,,,,,,,,,,,,,,"Located outside of new nested subplot size","p+l0R7+o0BMujrOEuQuJxVYKsiOTKnpJ","g5rJEq0k/0nNX+T4moJmV2YbYul0bP1VmhFSJXZUo2Y=","legacyData"
"cb33036d-5a2c-4aa0-881a-c37a1ff172fc","UKFS_044.basePlot.vst","2017-01-05","vst_UKFS_2016","D06","UKFS","UKFS_044",,"NEON.PLA.D06.UKFS.02636","ok","small shrub","Live",,,1.2,,,,1.2,0.3,,"cylinder",1.2,10,,,,"p+l0R7+o0BMujrOEuQuJxVYKsiOTKnpJ","g5rJEq0k/0nNX+T4moJmV2YbYul0bP1VmhFSJXZUo2Y=","legacyData"
"c1d2af26-3c33-4766-a050-03239f299669","UKFS_044.basePlot.vst","2017-01-05","vst_UKFS_2016","D06","UKFS","UKFS_044",,"NEON.PLA.D06.UKFS.00861","ok",,"Removed",,,,,,,,,,,,,,,"Located outside of new nested subplot size","p+l0R7+o0BMujrOEuQuJxVYKsiOTKnpJ","g5rJEq0k/0nNX+T4moJmV2YbYul0bP1VmhFSJXZUo2Y=","legacyData"
"19088a59-73f1-45a8-b0e0-de3636e7670b","UKFS_044.basePlot.vst","2017-01-05","vst_UKFS_2016","D06","UKFS","UKFS_044",,"NEON.PLA.D06.UKFS.00835","ok","single bole tree","Live",15.9,130,11.2,,,,,,,,,,,,,"p+l0R7+o0BMujrOEuQuJxVYKsiOTKnpJ","g5rJEq0k/0nNX+T4moJmV2YbYul0bP1VmhFSJXZUo2Y=","legacyData"
"862c0559-c9f8-4f90-9afb-dfe7a589f867","UKFS_044.basePlot.vst","2017-01-05","vst_UKFS_2016","D06","UKFS","UKFS_044",,"NEON.PLA.D06.UKFS.02622","ok","small shrub","Live",,,2.1,,,,3.6,2.8,,"half-sphere",1.0,10,,,,"p+l0R7+o0BMujrOEuQuJxVYKsiOTKnpJ","g5rJEq0k/0nNX+T4moJmV2YbYul0bP1VmhFSJXZUo2Y=","legacyData"
"a7e1adf4-fd84-4928-8c49-643156d3719b","UKFS_044.basePlot.vst","2017-01-05","vst_UKFS_2016","D06","UKFS","UKFS_044",,"NEON.PLA.D06.UKFS.00839","ok","single bole tree","Live",11.8,130,8.4,,,,,,,,,,,,,"p+l0R7+o0BMujrOEuQuJxVYKsiOTKnpJ","g5rJEq0k/0nNX+T4moJmV2YbYul0bP1VmhFSJXZUo2Y=","legacyData"
"a6aeb4f5-85df-408b-b7fd-a4a1ec2be1a7","UKFS_044.basePlot.vst","2017-01-05","vst_UKFS_2016","D06","UKFS","UKFS_044",,"NEON.PLA.D06.UKFS.00821","ok",,"Lost, tag damaged",,,,,,,,,,,,,,,,"p+l0R7+o0BMujrOEuQuJxVYKsiOTKnpJ","g5rJEq0k/0nNX+T4moJmV2YbYul0bP1VmhFSJXZUo2Y=","legacyData"
"e5884348-4042-43a6-8521-5c27d6951e1d","UKFS_044.basePlot.vst","2017-01-05","vst_UKFS_2016","D06","UKFS","UKFS_044",,"NEON.PLA.D06.UKFS.02622","ok","small shrub","Live",,,2.1,,,,3.6,2.8,,"half-sphere",1.1,10,,,,"p+l0R7+o0BMujrOEuQuJxVYKsiOTKnpJ","g5rJEq0k/0nNX+T4moJmV2YbYul0bP1VmhFSJXZUo2Y=","legacyData"
"9d9d0e3f-c426-40a6-81aa-38a932631c83","UKFS_044.basePlot.vst","2017-01-05","vst_UKFS_2016","D06","UKFS","UKFS_044",,"NEON.PLA.D06.UKFS.02635","ok","small shrub","Live",,,1.1,,,,0.5,0.3,,"cylinder",1.3,10,,,,"p+l0R7+o0BMujrOEuQuJxVYKsiOTKnpJ","g5rJEq0k/0nNX+T4moJmV2YbYul0bP1VmhFSJXZUo2Y=","legacyData"
"75a316ad-8a81-464e-9e97-4c8ea643c690","UKFS_044.basePlot.vst","2017-01-05","vst_UKFS_2016","D06","UKFS","UKFS_044",,"NEON.PLA.D06.UKFS.00864","ok","single bole tree","Live",46.9,130,17.2,,,,,,,,,,,,,"p+l0R7+o0BMujrOEuQuJxVYKsiOTKnpJ","g5rJEq0k/0nNX+T4moJmV2YbYul0bP1VmhFSJXZUo2Y=","legacyData"
"3863536d-b2e5-4f09-adbc-79e7193c89d8","UKFS_044.basePlot.vst","2017-01-05","vst_UKFS_2016","D06","UKFS","UKFS_044",,"NEON.PLA.D06.UKFS.02630","ok","small shrub","Live",,,2.1,,,,2.1,1.7,,"half-sphere",2.0,10,,,,"p+l0R7+o0BMujrOEuQuJxVYKsiOTKnpJ","g5rJEq0k/0nNX+T4moJmV2YbYul0bP1VmhFSJXZUo2Y=","legacyData"
"37f40b71-0562-4bef-be6b-107c6749aa3c","UKFS_044.basePlot.vst","2017-01-05","vst_UKFS_2016","D06","UKFS","UKFS_044",,"NEON.PLA.D06.UKFS.00829","ok","single bole tree","Live",38.1,130,10.4,,,,,,,,,,,,,"p+l0R7+o0BMujrOEuQuJxVYKsiOTKnpJ","g5rJEq0k/0nNX+T4moJmV2YbYul0bP1VmhFSJXZUo2Y=","legacyData"
"365956a0-6f4a-4c4e-a111-7099f66a3ad5","UKFS_044.basePlot.vst","2017-01-05","vst_UKFS_2016","D06","UKFS","UKFS_044",,"NEON.PLA.D06.UKFS.00857","ok",,"No longer qualifies",,,,,,,,,,,,,,,,"p+l0R7+o0BMujrOEuQuJxVYKsiOTKnpJ","g5rJEq0k/0nNX+T4moJmV2YbYul0bP1VmhFSJXZUo2Y=","legacyData"
"3e6cea2a-f249-41f9-b6a5-4f05f147e906","UKFS_044.basePlot.vst","2017-01-05","vst_UKFS_2016","D06","UKFS","UKFS_044",,"NEON.PLA.D06.UKFS.00859","ok","liana","Live",11.3,130,,,,,,,,,,,,,,"p+l0R7+o0BMujrOEuQuJxVYKsiOTKnpJ","g5rJEq0k/0nNX+T4moJmV2YbYul0bP1VmhFSJXZUo2Y=","legacyData"
"57827658-280d-4de7-9c07-0a00f4312b09","UKFS_044.basePlot.vst","2017-01-05","vst_UKFS_2016","D06","UKFS","UKFS_044",,"NEON.PLA.D06.UKFS.00860","ok","single bole tree","Live",73.4,130,17.1,,,,,,,,,,,,,"p+l0R7+o0BMujrOEuQuJxVYKsiOTKnpJ","g5rJEq0k/0nNX+T4moJmV2YbYul0bP1VmhFSJXZUo2Y=","legacyData"
"c9cbdab4-ad21-4233-871a-7afd578574f3","UKFS_044.basePlot.vst","2017-01-05","vst_UKFS_2016","D06","UKFS","UKFS_044",,"NEON.PLA.D06.UKFS.02630","ok","small shrub","Live",,,2.1,,,,2.1,1.7,,"half-sphere",1.4,10,,,,"p+l0R7+o0BMujrOEuQuJxVYKsiOTKnpJ","g5rJEq0k/0nNX+T4moJmV2YbYul0bP1VmhFSJXZUo2Y=","legacyData"
"c820a109-58ee-4254-a55e-a3f4c945c491","UKFS_044.basePlot.vst","2017-01-05","vst_UKFS_2016","D06","UKFS","UKFS_044",,"NEON.PLA.D06.UKFS.02552","ok","single bole tree","Live",13.6,130,11.0,,,,,,,,,,,,,"p+l0R7+o0BMujrOEuQuJxVYKsiOTKnpJ","g5rJEq0k/0nNX+T4moJmV2YbYul0bP1VmhFSJXZUo2Y=","legacyData"
"48687d91-8025-4d70-9e3a-58e7494beed8","UKFS_044.basePlot.vst","2017-01-05","vst_UKFS_2016","D06","UKFS","UKFS_044",,"NEON.PLA.D06.UKFS.02622","ok","small shrub","Live",,,2.1,,,,3.6,2.8,,"half-sphere",1.3,10,,,,"p+l0R7+o0BMujrOEuQuJxVYKsiOTKnpJ","g5rJEq0k/0nNX+T4moJmV2YbYul0bP1VmhFSJXZUo2Y=","legacyData"
"8e7d1a16-461e-4b79-a717-b83468867088","UKFS_044.basePlot.vst","2017-01-05","vst_UKFS_2016","D06","UKFS","UKFS_044",,"NEON.PLA.D06.UKFS.00830","ok","single bole tree","Standing dead",35.5,130,18.2,,,,,,,,,,,,,"p+l0R7+o0BMujrOEuQuJxVYKsiOTKnpJ","g5rJEq0k/0nNX+T4moJmV2YbYul0bP1VmhFSJXZUo2Y=","legacyData"
"8f0b4861-785b-4452-865b-a24e7807de37","UKFS_044.basePlot.vst","2017-01-05","vst_UKFS_2016","D06","UKFS","UKFS_044",,"NEON.PLA.D06.UKFS.00856","ok","multi-bole tree","Live",45.0,190,17.4,,,,,,,,,,,,,"p+l0R7+o0BMujrOEuQuJxVYKsiOTKnpJ","g5rJEq0k/0nNX+T4moJmV2YbYul0bP1VmhFSJXZUo2Y=","legacyData"
"66a56cc4-b79b-4132-ad10-873072e85dd5","UKFS_044.basePlot.vst","2017-01-05","vst_UKFS_2016","D06","UKFS","UKFS_044",,"NEON.PLA.D06.UKFS.00849","ok",,"Removed",,,,,,,,,,,,,,,"Located outside of new nested subplot size","p+l0R7+o0BMujrOEuQuJxVYKsiOTKnpJ","g5rJEq0k/0nNX+T4moJmV2YbYul0bP1VmhFSJXZUo2Y=","legacyData"
"1096ffc1-3198-4974-99d8-8a0cd5e86837","UKFS_044.basePlot.vst","2017-01-05","vst_UKFS_2016","D06","UKFS","UKFS_044",,"NEON.PLA.D06.UKFS.00846","ok","small tree","Live",5.2,130,5.3,,,,,,,,,,,,,"p+l0R7+o0BMujrOEuQuJxVYKsiOTKnpJ","g5rJEq0k/0nNX+T4moJmV2YbYul0bP1VmhFSJXZUo2Y=","legacyData"
"03c69241-2ac5-44b9-ac10-904ab534d653","UKFS_044.basePlot.vst","2017-01-05","vst_UKFS_2016","D06","UKFS","UKFS_044",,"NEON.PLA.D06.UKFS.02555","ok","sapling","Live",,,1.0,,,,,,,,1.7,10,,,,"p+l0R7+o0BMujrOEuQuJxVYKsiOTKnpJ","g5rJEq0k/0nNX+T4moJmV2YbYul0bP1VmhFSJXZUo2Y=","legacyData"
"e35c7741-9187-4a71-8ee5-0b59d0748fdb","UKFS_044.basePlot.vst","2017-01-05","vst_UKFS_2016","D06","UKFS","UKFS_044",,"NEON.PLA.D06.UKFS.02634","ok","sapling","Live",,,1.8,,,,,,,,1.2,10,,,,"p+l0R7+o0BMujrOEuQuJxVYKsiOTKnpJ","g5rJEq0k/0nNX+T4moJmV2YbYul0bP1VmhFSJXZUo2Y=","legacyData"
"a1396855-4a08-4eec-86d1-1169c90828e1","UKFS_044.basePlot.vst","2017-01-05","vst_UKFS_2016","D06","UKFS","UKFS_044",,"NEON.PLA.D06.UKFS.02622","ok","small shrub","Live",,,2.1,,,,3.6,2.8,,"half-sphere",1.2,10,,,,"p+l0R7+o0BMujrOEuQuJxVYKsiOTKnpJ","g5rJEq0k/0nNX+T4moJmV2YbYul0bP1VmhFSJXZUo2Y=","legacyData"
"6cbb98ca-337d-47d6-bf61-084beaaf1d6d","UKFS_044.basePlot.vst","2017-01-05","vst_UKFS_2016","D06","UKFS","UKFS_044",,"NEON.PLA.D06.UKFS.02619","ok","small tree","Live",1.2,130,1.9,,,,,,,,,,,,,"p+l0R7+o0BMujrOEuQuJxVYKsiOTKnpJ","g5rJEq0k/0nNX+T4moJmV2YbYul0bP1VmhFSJXZUo2Y=","legacyData"
"632f46ce-2c0e-4546-945b-7fc594d942dc","UKFS_044.basePlot.vst","2017-01-05","vst_UKFS_2016","D06","UKFS","UKFS_044",,"NEON.PLA.D06.UKFS.00868","ok","single bole tree","Live",38.8,130,19.0,,,,,,,,,,,,,"p+l0R7+o0BMujrOEuQuJxVYKsiOTKnpJ","g5rJEq0k/0nNX+T4moJmV2YbYul0bP1VmhFSJXZUo2Y=","legacyData"
"639b8152-7483-4247-b9f8-f88761adb5ea","UKFS_044.basePlot.vst","2017-01-05","vst_UKFS_2016","D06","UKFS","UKFS_044",,"NEON.PLA.D06.UKFS.02559","ok","small shrub","Live",,,1.4,0.1,,,1.0,0.7,,"ellipsoid or sphere",1.3,10,,,,"p+l0R7+o0BMujrOEuQuJxVYKsiOTKnpJ","g5rJEq0k/0nNX+T4moJmV2YbYul0bP1VmhFSJXZUo2Y=","legacyData"
"c441494f-98a0-4737-aebb-6393982dddda","UKFS_044.basePlot.vst","2017-01-05","vst_UKFS_2016","D06","UKFS","UKFS_044",,"NEON.PLA.D06.UKFS.00840","ok","single bole tree","Live",24.3,130,15.7,,,,,,,,,,,,,"p+l0R7+o0BMujrOEuQuJxVYKsiOTKnpJ","g5rJEq0k/0nNX+T4moJmV2YbYul0bP1VmhFSJXZUo2Y=","legacyData"
"9c499432-73cb-4edc-baf5-e8780602b15a","UKFS_044.basePlot.vst","2017-01-05","vst_UKFS_2016","D06","UKFS","UKFS_044",,"NEON.PLA.D06.UKFS.00847","ok","small tree","Live",8.5,130,8.3,,,,,,,,,,,,,"p+l0R7+o0BMujrOEuQuJxVYKsiOTKnpJ","g5rJEq0k/0nNX+T4moJmV2YbYul0bP1VmhFSJXZUo2Y=","legacyData"
"8e881b95-9661-4835-a0eb-3c6654414e2e","UKFS_044.basePlot.vst","2017-01-05","vst_UKFS_2016","D06","UKFS","UKFS_044",,"NEON.PLA.D06.UKFS.00865A","ok","multi-bole tree","Live",23.4,170,,,,,,,,,,,,,,"p+l0R7+o0BMujrOEuQuJxVYKsiOTKnpJ","g5rJEq0k/0nNX+T4moJmV2YbYul0bP1VmhFSJXZUo2Y=","legacyData"
"6b4336b0-1a95-4fdf-b0bc-dab134f9c527","UKFS_044.basePlot.vst","2017-01-05","vst_UKFS_2016","D06","UKFS","UKFS_044",,"NEON.PLA.D06.UKFS.00831","ok","small tree","Live",7.6,130,5.2,,,,,,,,,,,,,"p+l0R7+o0BMujrOEuQuJxVYKsiOTKnpJ","g5rJEq0k/0nNX+T4moJmV2YbYul0bP1VmhFSJXZUo2Y=","legacyData"
"f374afc8-b7a2-4983-9851-f385f9e87f66","UKFS_044.basePlot.vst","2017-01-05","vst_UKFS_2016","D06","UKFS","UKFS_044",,"NEON.PLA.D06.UKFS.02553","ok","small shrub","Live",,,1.6,,,,0.9,0.7,,"cylinder",1.1,10,,,,"p+l0R7+o0BMujrOEuQuJxVYKsiOTKnpJ","g5rJEq0k/0nNX+T4moJmV2YbYul0bP1VmhFSJXZUo2Y=","legacyData"
"9271d3bb-436c-40d4-b351-030cdcdd41bd","UKFS_044.basePlot.vst","2017-01-05","vst_UKFS_2016","D06","UKFS","UKFS_044",,"NEON.PLA.D06.UKFS.02556","ok","sapling","Live",,,1.7,,,,,,,,1.9,10,,,,"p+l0R7+o0BMujrOEuQuJxVYKsiOTKnpJ","g5rJEq0k/0nNX+T4moJmV2YbYul0bP1VmhFSJXZUo2Y=","legacyData"
"af968b77-e67d-48bd-b261-989232730ec0","UKFS_044.basePlot.vst","2017-01-05","vst_UKFS_2016","D06","UKFS","UKFS_044",,"NEON.PLA.D06.UKFS.02630","ok","small shrub","Live",,,2.1,,,,2.1,1.7,,"half-sphere",1.0,10,,,,"p+l0R7+o0BMujrOEuQuJxVYKsiOTKnpJ","g5rJEq0k/0nNX+T4moJmV2YbYul0bP1VmhFSJXZUo2Y=","legacyData"
"9d92bc8e-c907-427b-b746-6a7a6dd07609","UKFS_044.basePlot.vst","2017-01-05","vst_UKFS_2016","D06","UKFS","UKFS_044",,"NEON.PLA.D06.UKFS.02558","ok","small shrub","Live",,,1.9,,,,0.3,0.2,,"cylinder",1.3,10,,,,"p+l0R7+o0BMujrOEuQuJxVYKsiOTKnpJ","g5rJEq0k/0nNX+T4moJmV2YbYul0bP1VmhFSJXZUo2Y=","legacyData"
"fe697d2d-74bf-4788-9052-a84d2d2377a9","UKFS_044.basePlot.vst","2017-01-05","vst_UKFS_2016","D06","UKFS","UKFS_044",,"NEON.PLA.D06.UKFS.00825","ok","small tree","Live",8.1,130,2.4,,,,,,,,,,,,,"p+l0R7+o0BMujrOEuQuJxVYKsiOTKnpJ","g5rJEq0k/0nNX+T4moJmV2YbYul0bP1VmhFSJXZUo2Y=","legacyData"
"8b8030b5-425a-4626-923d-fb5da7a86329","UKFS_044.basePlot.vst","2017-01-05","vst_UKFS_2016","D06","UKFS","UKFS_044",,"NEON.PLA.D06.UKFS.00824","ok","single bole tree","Live",14.0,130,6.2,,,,,,,,,,,,,"p+l0R7+o0BMujrOEuQuJxVYKsiOTKnpJ","g5rJEq0k/0nNX+T4moJmV2YbYul0bP1VmhFSJXZUo2Y=","legacyData"
"355d17a8-c14d-48f6-8380-a9505beae4a2","UKFS_044.basePlot.vst","2017-01-05","vst_UKFS_2016","D06","UKFS","UKFS_044",,"NEON.PLA.D06.UKFS.00836","ok","single bole tree","Live",87.2,130,20.2,,,,,,,,,,,,,"p+l0R7+o0BMujrOEuQuJxVYKsiOTKnpJ","g5rJEq0k/0nNX+T4moJmV2YbYul0bP1VmhFSJXZUo2Y=","legacyData"
