uid,namedLocation,domainID,siteID,plotID,plotType,nlcdClass,decimalLatitude,decimalLongitude,geodeticDatum,coordinateUncertainty,elevation,elevationUncertainty,collectDate,eventID,sampleID,sampleCode,samplingMethod,totalSampledArea,targetTaxaPresent,adultCount,nymphCount,larvaCount,sampleCondition,samplingProtocolVersion,measuredBy,remarks
"0b7add5a-7d54-4cad-bdfc-112787b06b06","NOGP_001.tickPlot.tck","D09","NOGP","NOGP_001","distributed","grasslandHerbaceous",46.804811,-100.916048,"WGS84",20.0,530.7,0.0,"2018-09-05T15:17Z","NOGP.2018.36",,,"drag",160,"N",0,0,0,,"NEON.DOC.014045vJ","ttO3TcNJeBpFKuxVEcOp5VTTMvW/HRuUhMb7pJx+1mk=","Paused for a few minutes due to bull in area"
"82e9655b-4c07-4148-a279-3e75fe1625f2","NOGP_002.tickPlot.tck","D09","NOGP","NOGP_002","distributed","grasslandHerbaceous",46.797460,-100.910668,"WGS84",20.1,544.6,0.1,"2018-09-05T15:54Z","NOGP.2018.36",,,"drag",160,"N",0,0,0,,"NEON.DOC.014045vJ","DBOVl9rxkLgMFOR2Mnr0/p6/uPX4nPcb1mGdo/f7mZ0=",
"36b9fe52-e33e-46b5-8ce3-2eeff77843e2","NOGP_005.tickPlot.tck","D09","NOGP","NOGP_005","distributed","grasslandHerbaceous",46.787576,-100.916830,"WGS84",20.0,564.6,0.0,"2018-09-05T16:33Z","NOGP.2018.36",,,"drag",160,"N",0,0,0,,"NEON.DOC.014045vJ","ttO3TcNJeBpFKuxVEcOp5VTTMvW/HRuUhMb7pJx+1mk=",
"b778d7eb-be8e-4232-b659-c5803900ac24","NOGP_008.tickPlot.tck","D09","NOGP","NOGP_008","distributed","grasslandHerbaceous",46.783500,-100.905977,"WGS84",20.1,562.0,0.1,"2018-09-05T17:43Z","NOGP.2018.36",,,"drag",160,"N",0,0,0,,"NEON.DOC.014045vJ","DBOVl9rxkLgMFOR2Mnr0/p6/uPX4nPcb1mGdo/f7mZ0=",
"90c2dfc5-803d-47f8-9cbc-4ec572bdff57","NOGP_006.tickPlot.tck","D09","NOGP","NOGP_006","distributed","grasslandHerbaceous",46.768522,-100.918874,"WGS84",20.1,588.6,0.1,"2018-09-05T18:26Z","NOGP.2018.36",,,"drag",160,"N",0,0,0,,"NEON.DOC.014045vJ","ttO3TcNJeBpFKuxVEcOp5VTTMvW/HRuUhMb7pJx+1mk=",
"9c5bd2bd-6d09-4ebd-825b-33554521bd14","NOGP_007.tickPlot.tck","D09","NOGP","NOGP_007","distributed","grasslandHerbaceous",46.813251,-100.903783,"WGS84",20.0,527.7,0.0,"2018-09-05T19:03Z","NOGP.2018.36",,,"drag",160,"N",0,0,0,,"NEON.DOC.014045vJ","DBOVl9rxkLgMFOR2Mnr0/p6/uPX4nPcb1mGdo/f7mZ0=",
