uid,namedLocation,date,eventID,domainID,siteID,plotID,subplotID,individualID,tagStatus,growthForm,plantStatus,stemDiameter,measurementHeight,height,baseCrownHeight,breakHeight,breakDiameter,maxCrownDiameter,ninetyCrownDiameter,canopyPosition,shape,basalStemDiameter,basalStemDiameterMsrmntHeight,maxBaseCrownDiameter,ninetyBaseCrownDiameter,remarks,recordedBy,measuredBy,dataQF
"b6880507-da4c-4b5f-bc2c-589f9b8ec9f7","TREE_011.basePlot.vst","2017-11-01","vst_TREE_2017","D05","TREE","TREE_011",,"NEON.PLA.D05.TREE.02868","ok","single shrub","Live",5.5,130,5.2,2.7,,,2.4,2.0,,"ellipsoid or sphere",6.9,10,,,,"2Li2TmTZ1dmTCu9unJAMhJSXNkcRpdMMg0Aw45oBndk=","NEj2iWVH3bwRA9NwFC2tG5pcjGde053KtYf/7ELM3p0=","legacyData"
"a4d19181-2749-4972-95d9-4b869092d714","TREE_011.basePlot.vst","2017-11-01","vst_TREE_2017","D05","TREE","TREE_011",,"NEON.PLA.D05.TREE.02866","ok","single shrub","Dead, broken bole",1.2,130,5.2,1.3,1.2,4.3,5.8,3.4,,"ellipsoid or sphere",5.3,10,,,,"2Li2TmTZ1dmTCu9unJAMhJSXNkcRpdMMg0Aw45oBndk=","NEj2iWVH3bwRA9NwFC2tG5pcjGde053KtYf/7ELM3p0=","legacyData"
"4bd86725-77bb-4027-a56b-754fb3479785","TREE_011.basePlot.vst","2017-11-01","vst_TREE_2017","D05","TREE","TREE_011",,"NEON.PLA.D05.TREE.02866","ok","single shrub","Live",4.7,130,5.2,1.3,,,5.8,3.4,,"ellipsoid or sphere",6.1,10,,,,"2Li2TmTZ1dmTCu9unJAMhJSXNkcRpdMMg0Aw45oBndk=","NEj2iWVH3bwRA9NwFC2tG5pcjGde053KtYf/7ELM3p0=","legacyData"
"a3c74f91-346c-404f-a924-9a3a617ef845","TREE_011.basePlot.vst","2017-11-01","vst_TREE_2017","D05","TREE","TREE_011",,"NEON.PLA.D05.TREE.02846","ok","single shrub","Live",1.9,130,3.6,1.6,,,3.4,2.4,,"ellipsoid or sphere",2.7,10,,,,"2Li2TmTZ1dmTCu9unJAMhJSXNkcRpdMMg0Aw45oBndk=","NEj2iWVH3bwRA9NwFC2tG5pcjGde053KtYf/7ELM3p0=","legacyData"
"082bb6cb-425b-4f66-8606-846265b5fce8","TREE_011.basePlot.vst","2017-11-01","vst_TREE_2017","D05","TREE","TREE_011",,"NEON.PLA.D05.TREE.02784","ok","single shrub","Live",4.0,130,4.3,0.9,,,2.6,1.9,,"ellipsoid or sphere",5.5,10,,,,"2Li2TmTZ1dmTCu9unJAMhJSXNkcRpdMMg0Aw45oBndk=","NEj2iWVH3bwRA9NwFC2tG5pcjGde053KtYf/7ELM3p0=","legacyData"
"22f8ee5a-b1fb-4bd7-856c-53e710f005cc","TREE_011.basePlot.vst","2017-11-01","vst_TREE_2017","D05","TREE","TREE_011",,"NEON.PLA.D05.TREE.02864","ok","single shrub","Live",1.4,130,4.9,0.8,,,4.5,2.8,,"ellipsoid or sphere",2.2,10,,,,"2Li2TmTZ1dmTCu9unJAMhJSXNkcRpdMMg0Aw45oBndk=","NEj2iWVH3bwRA9NwFC2tG5pcjGde053KtYf/7ELM3p0=","legacyData"
"b0e36613-ecee-467a-a91b-58b4ca30f925","TREE_011.basePlot.vst","2017-11-01","vst_TREE_2017","D05","TREE","TREE_011",,"NEON.PLA.D05.TREE.02850","ok","single shrub","Live",2.5,130,3.6,0.2,,,4.6,4.1,,"ellipsoid or sphere",3.3,10,,,,"2Li2TmTZ1dmTCu9unJAMhJSXNkcRpdMMg0Aw45oBndk=","NEj2iWVH3bwRA9NwFC2tG5pcjGde053KtYf/7ELM3p0=","legacyData"
"807756ec-1826-4984-a50c-d0fac2b4c756","TREE_011.basePlot.vst","2017-11-01","vst_TREE_2017","D05","TREE","TREE_011",,"NEON.PLA.D05.TREE.02851","ok","small tree","Live",1.1,130,2.4,,,,,,,,,,,,,"2Li2TmTZ1dmTCu9unJAMhJSXNkcRpdMMg0Aw45oBndk=","NEj2iWVH3bwRA9NwFC2tG5pcjGde053KtYf/7ELM3p0=","legacyData"
"8a192d93-5c05-4d15-a8b9-de9a0331f127","TREE_011.basePlot.vst","2017-11-01","vst_TREE_2017","D05","TREE","TREE_011",,"NEON.PLA.D05.TREE.02786","ok","single shrub","Live",1.5,140,3.1,1.3,,,1.0,0.9,,"ellipsoid or sphere",2.5,10,,,,"2Li2TmTZ1dmTCu9unJAMhJSXNkcRpdMMg0Aw45oBndk=","NEj2iWVH3bwRA9NwFC2tG5pcjGde053KtYf/7ELM3p0=","legacyData"
"fd93750c-b469-4f36-826f-d5cc89d20fab","TREE_011.basePlot.vst","2017-11-01","vst_TREE_2017","D05","TREE","TREE_011",,"NEON.PLA.D05.TREE.02787","ok","single shrub","Live",4.8,130,4.3,1.7,,,2.0,1.8,,"ellipsoid or sphere",6.5,10,,,,"2Li2TmTZ1dmTCu9unJAMhJSXNkcRpdMMg0Aw45oBndk=","NEj2iWVH3bwRA9NwFC2tG5pcjGde053KtYf/7ELM3p0=","legacyData"
"5f515c02-f5d5-4a71-b347-d18996de0994","TREE_011.basePlot.vst","2017-11-01","vst_TREE_2017","D05","TREE","TREE_011",,"NEON.PLA.D05.TREE.02869","ok","single bole tree","Live",12.9,130,8.7,,,,3.2,2.3,"Partially shaded",,,,,,,"2Li2TmTZ1dmTCu9unJAMhJSXNkcRpdMMg0Aw45oBndk=","NEj2iWVH3bwRA9NwFC2tG5pcjGde053KtYf/7ELM3p0=","legacyData"
"4adc68e1-e5a0-43de-bd0c-85ba1ef1fa96","TREE_011.basePlot.vst","2017-11-01","vst_TREE_2017","D05","TREE","TREE_011",,"NEON.PLA.D05.TREE.02848","ok","single shrub","Live",1.5,130,6.9,0.9,,,2.9,2.5,,"ellipsoid or sphere",2.4,10,,,,"2Li2TmTZ1dmTCu9unJAMhJSXNkcRpdMMg0Aw45oBndk=","NEj2iWVH3bwRA9NwFC2tG5pcjGde053KtYf/7ELM3p0=","legacyData"
"86729cdd-e283-4ac1-9b56-d5309e21c9a2","TREE_011.basePlot.vst","2017-11-01","vst_TREE_2017","D05","TREE","TREE_011",,"NEON.PLA.D05.TREE.02779","ok","small tree","Live, physically damaged",1.5,130,2.6,,,,,,,,,,,,,"2Li2TmTZ1dmTCu9unJAMhJSXNkcRpdMMg0Aw45oBndk=","NEj2iWVH3bwRA9NwFC2tG5pcjGde053KtYf/7ELM3p0=","legacyData"
"d0dfcc2c-c65c-4337-a547-1da999d07987","TREE_011.basePlot.vst","2017-11-01","vst_TREE_2017","D05","TREE","TREE_011",,"NEON.PLA.D05.TREE.02850","ok","single shrub","Live",1.7,130,3.6,0.2,,,4.6,4.1,,"ellipsoid or sphere",3.1,10,,,,"2Li2TmTZ1dmTCu9unJAMhJSXNkcRpdMMg0Aw45oBndk=","NEj2iWVH3bwRA9NwFC2tG5pcjGde053KtYf/7ELM3p0=","legacyData"
"0f866a07-e66e-4019-9e50-3b4c8e7614d2","TREE_011.basePlot.vst","2017-11-01","vst_TREE_2017","D05","TREE","TREE_011",,"NEON.PLA.D05.TREE.02855","ok","single shrub","Live",3.5,130,4.0,0.6,,,2.9,2.7,,"ellipsoid or sphere",4.3,10,,,,"2Li2TmTZ1dmTCu9unJAMhJSXNkcRpdMMg0Aw45oBndk=","NEj2iWVH3bwRA9NwFC2tG5pcjGde053KtYf/7ELM3p0=","legacyData"
"daf8e752-cf77-46c5-a9b2-7a238ddc01b7","TREE_011.basePlot.vst","2017-11-01","vst_TREE_2017","D05","TREE","TREE_011",,"NEON.PLA.D05.TREE.02794","ok","single shrub","Live",4.3,130,3.7,1.5,,,1.8,1.8,,"ellipsoid or sphere",4.3,10,,,,"2Li2TmTZ1dmTCu9unJAMhJSXNkcRpdMMg0Aw45oBndk=","NEj2iWVH3bwRA9NwFC2tG5pcjGde053KtYf/7ELM3p0=","legacyData"
"4f9e6b3c-e695-415b-968f-b253a4d141ca","TREE_011.basePlot.vst","2017-11-01","vst_TREE_2017","D05","TREE","TREE_011",,"NEON.PLA.D05.TREE.02867","ok","single shrub","Live",6.7,140,5.6,1.0,,,3.1,2.2,,"ellipsoid or sphere",7.8,10,,,,"2Li2TmTZ1dmTCu9unJAMhJSXNkcRpdMMg0Aw45oBndk=","NEj2iWVH3bwRA9NwFC2tG5pcjGde053KtYf/7ELM3p0=","legacyData"
"a2da820a-b0e0-4d0e-84c6-0c034a8a17e0","TREE_011.basePlot.vst","2017-11-01","vst_TREE_2017","D05","TREE","TREE_011",,"NEON.PLA.D05.TREE.02865","ok","single shrub","Live",5.4,130,6.0,1.0,,,3.4,2.3,,"ellipsoid or sphere",6.9,10,,,,"2Li2TmTZ1dmTCu9unJAMhJSXNkcRpdMMg0Aw45oBndk=","NEj2iWVH3bwRA9NwFC2tG5pcjGde053KtYf/7ELM3p0=","legacyData"
"10b33557-f975-46b6-9b3b-c3f44f13ee3f","TREE_011.basePlot.vst","2017-11-01","vst_TREE_2017","D05","TREE","TREE_011",,"NEON.PLA.D05.TREE.02782","ok","single shrub","Live",4.8,130,2.9,0.4,,,2.2,1.6,,"ellipsoid or sphere",5.5,10,,,,"2Li2TmTZ1dmTCu9unJAMhJSXNkcRpdMMg0Aw45oBndk=","NEj2iWVH3bwRA9NwFC2tG5pcjGde053KtYf/7ELM3p0=","legacyData"
"b0a7b8d2-c827-4845-895a-9cf02460cf9a","TREE_011.basePlot.vst","2017-11-01","vst_TREE_2017","D05","TREE","TREE_011",,"NEON.PLA.D05.TREE.02858","ok","single shrub","Live",2.4,130,3.0,1.3,,,1.8,1.3,,"ellipsoid or sphere",3.0,10,,,,"2Li2TmTZ1dmTCu9unJAMhJSXNkcRpdMMg0Aw45oBndk=","NEj2iWVH3bwRA9NwFC2tG5pcjGde053KtYf/7ELM3p0=","legacyData"
"bb336329-c324-4d2b-a780-d0b2ba409209","TREE_011.basePlot.vst","2017-11-01","vst_TREE_2017","D05","TREE","TREE_011",,"NEON.PLA.D05.TREE.02849","ok","single shrub","Live",5.7,130,6.9,1.4,,,4.9,3.4,,"ellipsoid or sphere",7.6,10,,,,"2Li2TmTZ1dmTCu9unJAMhJSXNkcRpdMMg0Aw45oBndk=","NEj2iWVH3bwRA9NwFC2tG5pcjGde053KtYf/7ELM3p0=","legacyData"
"9f7867c6-d30d-49a1-81fc-580994a457b4","TREE_011.basePlot.vst","2017-11-01","vst_TREE_2017","D05","TREE","TREE_011",,"NEON.PLA.D05.TREE.02789","ok","single shrub","Live",4.6,130,,1.6,,,3.8,2.6,,"ellipsoid or sphere",6.2,10,,,,"2Li2TmTZ1dmTCu9unJAMhJSXNkcRpdMMg0Aw45oBndk=","NEj2iWVH3bwRA9NwFC2tG5pcjGde053KtYf/7ELM3p0=","legacyData"
"29ded950-9011-4e67-ba45-08c54e0b2b51","TREE_011.basePlot.vst","2017-11-01","vst_TREE_2017","D05","TREE","TREE_011",,"NEON.PLA.D05.TREE.02856","ok","single shrub","Live",3.9,130,4.7,0.9,,,3.0,2.1,,"ellipsoid or sphere",7.4,10,,,,"2Li2TmTZ1dmTCu9unJAMhJSXNkcRpdMMg0Aw45oBndk=","NEj2iWVH3bwRA9NwFC2tG5pcjGde053KtYf/7ELM3p0=","legacyData"
"1fd35378-08d9-4b98-b271-6e1e883c2395","TREE_011.basePlot.vst","2017-11-01","vst_TREE_2017","D05","TREE","TREE_011",,"NEON.PLA.D05.TREE.02849","ok","single shrub","Live",5.6,130,6.9,1.4,,,4.9,3.4,,"ellipsoid or sphere",7.0,10,,,,"2Li2TmTZ1dmTCu9unJAMhJSXNkcRpdMMg0Aw45oBndk=","NEj2iWVH3bwRA9NwFC2tG5pcjGde053KtYf/7ELM3p0=","legacyData"
"9451a28c-0971-4b42-9cfa-27e60cd67471","TREE_011.basePlot.vst","2017-11-01","vst_TREE_2017","D05","TREE","TREE_011",,"NEON.PLA.D05.TREE.02855","ok","single shrub","Live",4.2,130,4.0,0.6,,,2.9,2.7,,"ellipsoid or sphere",5.0,10,,,,"2Li2TmTZ1dmTCu9unJAMhJSXNkcRpdMMg0Aw45oBndk=","NEj2iWVH3bwRA9NwFC2tG5pcjGde053KtYf/7ELM3p0=","legacyData"
"97683f05-1b2e-46ca-a07c-6eb924f855c4","TREE_011.basePlot.vst","2017-11-01","vst_TREE_2017","D05","TREE","TREE_011",,"NEON.PLA.D05.TREE.02781","ok","single shrub","Live",3.9,130,,0.7,,,1.9,1.8,,"ellipsoid or sphere",5.1,10,,,,"2Li2TmTZ1dmTCu9unJAMhJSXNkcRpdMMg0Aw45oBndk=","NEj2iWVH3bwRA9NwFC2tG5pcjGde053KtYf/7ELM3p0=","legacyData"
"b894129e-3604-4211-9ac5-3a1cc3a7824f","TREE_011.basePlot.vst","2017-11-01","vst_TREE_2017","D05","TREE","TREE_011",,"NEON.PLA.D05.TREE.02866","ok","single shrub","Live",5.0,130,5.2,1.3,,,5.8,3.4,,"ellipsoid or sphere",6.1,10,,,,"2Li2TmTZ1dmTCu9unJAMhJSXNkcRpdMMg0Aw45oBndk=","NEj2iWVH3bwRA9NwFC2tG5pcjGde053KtYf/7ELM3p0=","legacyData"
"e5320e66-da80-4a97-ae05-e538436583a8","TREE_011.basePlot.vst","2017-11-01","vst_TREE_2017","D05","TREE","TREE_011",,"NEON.PLA.D05.TREE.02853","ok","single shrub","Live",1.9,130,2.7,0.3,,,2.8,1.2,,"ellipsoid or sphere",3.5,10,,,,"2Li2TmTZ1dmTCu9unJAMhJSXNkcRpdMMg0Aw45oBndk=","NEj2iWVH3bwRA9NwFC2tG5pcjGde053KtYf/7ELM3p0=","legacyData"
"60b617e0-879b-4934-881a-854d8ffccd92","TREE_011.basePlot.vst","2017-11-01","vst_TREE_2017","D05","TREE","TREE_011",,"NEON.PLA.D05.TREE.02781","ok","single shrub","Live",4.7,130,5.1,0.7,,,1.9,1.8,,"ellipsoid or sphere",6.5,10,,,"Need height","2Li2TmTZ1dmTCu9unJAMhJSXNkcRpdMMg0Aw45oBndk=","NEj2iWVH3bwRA9NwFC2tG5pcjGde053KtYf/7ELM3p0=","legacyData"
"57b8a44b-464b-4646-8518-71abdac734e9","TREE_011.basePlot.vst","2017-11-01","vst_TREE_2017","D05","TREE","TREE_011",,"NEON.PLA.D05.TREE.03024","ok","sapling","Live",,,0.9,,,,,,,,1.5,10,,,,"2Li2TmTZ1dmTCu9unJAMhJSXNkcRpdMMg0Aw45oBndk=","NEj2iWVH3bwRA9NwFC2tG5pcjGde053KtYf/7ELM3p0=","legacyData"
"07edbf82-6128-48e9-9491-fba6653175ea","TREE_011.basePlot.vst","2017-11-01","vst_TREE_2017","D05","TREE","TREE_011",,"NEON.PLA.D05.TREE.02847","ok","sapling","Live",,,1.8,,,,,,,,1.7,10,,,,"2Li2TmTZ1dmTCu9unJAMhJSXNkcRpdMMg0Aw45oBndk=","NEj2iWVH3bwRA9NwFC2tG5pcjGde053KtYf/7ELM3p0=","legacyData"
"9c1aef72-70a2-4341-983f-02da5a0cc561","TREE_011.basePlot.vst","2017-11-01","vst_TREE_2017","D05","TREE","TREE_011",,"NEON.PLA.D05.TREE.02850","ok","single shrub","Live",4.2,130,3.6,0.2,,,4.6,4.1,,"ellipsoid or sphere",6.1,10,,,,"2Li2TmTZ1dmTCu9unJAMhJSXNkcRpdMMg0Aw45oBndk=","NEj2iWVH3bwRA9NwFC2tG5pcjGde053KtYf/7ELM3p0=","legacyData"
"c130e695-559b-4d05-ba2f-fccb56c971a1","TREE_011.basePlot.vst","2017-11-01","vst_TREE_2017","D05","TREE","TREE_011",,"NEON.PLA.D05.TREE.02859","ok","single shrub","Live",4.2,130,5.4,0.2,,,4.3,3.2,,"ellipsoid or sphere",5.5,10,,,,"2Li2TmTZ1dmTCu9unJAMhJSXNkcRpdMMg0Aw45oBndk=","NEj2iWVH3bwRA9NwFC2tG5pcjGde053KtYf/7ELM3p0=","legacyData"
"bea1b095-45a2-4e1c-96b5-274fc1eef6f0","TREE_011.basePlot.vst","2017-11-01","vst_TREE_2017","D05","TREE","TREE_011",,"NEON.PLA.D05.TREE.02857","ok","single shrub","Live",1.2,130,4.0,0.9,,,2.2,2.0,,"ellipsoid or sphere",1.9,10,,,,"2Li2TmTZ1dmTCu9unJAMhJSXNkcRpdMMg0Aw45oBndk=","NEj2iWVH3bwRA9NwFC2tG5pcjGde053KtYf/7ELM3p0=","legacyData"
"23c89d7f-b80b-4e95-93f2-852024ddcbc4","TREE_011.basePlot.vst","2017-11-01","vst_TREE_2017","D05","TREE","TREE_011",,"NEON.PLA.D05.TREE.02855","ok","single shrub","Standing dead",4.3,130,4.0,0.6,,,2.9,2.7,,"ellipsoid or sphere",5.4,10,,,"Main stem is the dead stem","2Li2TmTZ1dmTCu9unJAMhJSXNkcRpdMMg0Aw45oBndk=","NEj2iWVH3bwRA9NwFC2tG5pcjGde053KtYf/7ELM3p0=","legacyData"
"a9ddae2b-15ba-42ac-bcee-42231a89e4ff","TREE_011.basePlot.vst","2017-11-01","vst_TREE_2017","D05","TREE","TREE_011",,"NEON.PLA.D05.TREE.02791","ok","single shrub","Dead, broken bole",4.2,130,2.0,0.8,2.0,3.7,1.6,1.3,,"ellipsoid or sphere",6.0,10,,,,"2Li2TmTZ1dmTCu9unJAMhJSXNkcRpdMMg0Aw45oBndk=","NEj2iWVH3bwRA9NwFC2tG5pcjGde053KtYf/7ELM3p0=","legacyData"
"5b1ca75e-e57a-4aaf-b7f4-ebdc82a47d7e","TREE_011.basePlot.vst","2017-11-01","vst_TREE_2017","D05","TREE","TREE_011",,"NEON.PLA.D05.TREE.02789","ok","single shrub","Live",1.2,130,,1.6,,,3.8,2.6,,"ellipsoid or sphere",2.0,10,,,,"2Li2TmTZ1dmTCu9unJAMhJSXNkcRpdMMg0Aw45oBndk=","NEj2iWVH3bwRA9NwFC2tG5pcjGde053KtYf/7ELM3p0=","legacyData"
"c6828a1d-6f10-4165-950c-17c87cb37f07","TREE_011.basePlot.vst","2017-11-01","vst_TREE_2017","D05","TREE","TREE_011",,"NEON.PLA.D05.TREE.02859","ok","single shrub","Live",1.3,130,5.4,0.9,,,4.3,3.2,,"ellipsoid or sphere",3.0,10,,,,"2Li2TmTZ1dmTCu9unJAMhJSXNkcRpdMMg0Aw45oBndk=","NEj2iWVH3bwRA9NwFC2tG5pcjGde053KtYf/7ELM3p0=","legacyData"
"a4591d2f-2ced-4445-ada7-3e0d1b2f4413","TREE_011.basePlot.vst","2017-11-01","vst_TREE_2017","D05","TREE","TREE_011",,"NEON.PLA.D05.TREE.02791","ok","single shrub","Live",2.6,130,2.0,0.8,,,1.6,1.3,,"ellipsoid or sphere",4.5,10,,,,"2Li2TmTZ1dmTCu9unJAMhJSXNkcRpdMMg0Aw45oBndk=","NEj2iWVH3bwRA9NwFC2tG5pcjGde053KtYf/7ELM3p0=","legacyData"
"3e10fdf3-e7f8-45bd-b81c-4676b96c540e","TREE_011.basePlot.vst","2017-11-01","vst_TREE_2017","D05","TREE","TREE_011",,"NEON.PLA.D05.TREE.02856","ok","single shrub","Live",4.6,130,4.7,0.9,,,3.0,2.1,,"ellipsoid or sphere",6.8,10,,,,"2Li2TmTZ1dmTCu9unJAMhJSXNkcRpdMMg0Aw45oBndk=","NEj2iWVH3bwRA9NwFC2tG5pcjGde053KtYf/7ELM3p0=","legacyData"
"a659aad5-2b93-4b5b-8ebf-cfc8aa5e1c3a","TREE_011.basePlot.vst","2017-11-01","vst_TREE_2017","D05","TREE","TREE_011",,"NEON.PLA.D05.TREE.02855","ok","single shrub","Live",4.5,130,4.0,0.6,,,2.9,2.7,,"ellipsoid or sphere",4.5,10,,,,"2Li2TmTZ1dmTCu9unJAMhJSXNkcRpdMMg0Aw45oBndk=","NEj2iWVH3bwRA9NwFC2tG5pcjGde053KtYf/7ELM3p0=","legacyData"
"222d63ae-b231-4f3f-af5a-f5569c5ef21c","TREE_011.basePlot.vst","2017-11-01","vst_TREE_2017","D05","TREE","TREE_011",,"NEON.PLA.D05.TREE.02862","ok","single shrub","Live",1.3,130,2.6,0.8,,,1.9,1.0,,"ellipsoid or sphere",2.4,10,,,,"2Li2TmTZ1dmTCu9unJAMhJSXNkcRpdMMg0Aw45oBndk=","NEj2iWVH3bwRA9NwFC2tG5pcjGde053KtYf/7ELM3p0=","legacyData"
"602cec73-c351-43da-9e38-57ad5e96f714","TREE_011.basePlot.vst","2017-11-01","vst_TREE_2017","D05","TREE","TREE_011",,"NEON.PLA.D05.TREE.02789","ok","single shrub","Live",5.4,130,4.9,1.6,,,3.8,2.6,,"ellipsoid or sphere",6.8,10,,,,"2Li2TmTZ1dmTCu9unJAMhJSXNkcRpdMMg0Aw45oBndk=","NEj2iWVH3bwRA9NwFC2tG5pcjGde053KtYf/7ELM3p0=","legacyData"
"3acff28c-f8d6-4811-b3fd-5c8616c8c8d1","TREE_011.basePlot.vst","2017-11-01","vst_TREE_2017","D05","TREE","TREE_011",,"NEON.PLA.D05.TREE.02864","ok","single shrub","Live",5.9,130,4.9,0.8,,,4.5,2.8,,"ellipsoid or sphere",7.5,10,,,,"2Li2TmTZ1dmTCu9unJAMhJSXNkcRpdMMg0Aw45oBndk=","NEj2iWVH3bwRA9NwFC2tG5pcjGde053KtYf/7ELM3p0=","legacyData"
"4da295d3-9aed-4819-a940-b80052e256b6","TREE_011.basePlot.vst","2017-11-01","vst_TREE_2017","D05","TREE","TREE_011",,"NEON.PLA.D05.TREE.02859","ok","single shrub","Live",5.2,130,5.4,0.9,,,4.3,3.2,,"ellipsoid or sphere",7.1,10,,,,"2Li2TmTZ1dmTCu9unJAMhJSXNkcRpdMMg0Aw45oBndk=","NEj2iWVH3bwRA9NwFC2tG5pcjGde053KtYf/7ELM3p0=","legacyData"
"42d28507-fefc-4e84-8b41-3749d393e2a4","TREE_011.basePlot.vst","2017-11-01","vst_TREE_2017","D05","TREE","TREE_011",,"NEON.PLA.D05.TREE.02853","ok","single shrub","Live",2.1,130,2.7,0.9,,,2.8,1.2,,"ellipsoid or sphere",3.2,10,,,,"2Li2TmTZ1dmTCu9unJAMhJSXNkcRpdMMg0Aw45oBndk=","NEj2iWVH3bwRA9NwFC2tG5pcjGde053KtYf/7ELM3p0=","legacyData"
"8b781c31-cc65-46e9-834b-b2366bddaa81","TREE_011.basePlot.vst","2017-11-01","vst_TREE_2017","D05","TREE","TREE_011",,"NEON.PLA.D05.TREE.02845","ok","single shrub","Live",3.1,130,4.8,1.7,,,3.0,2.8,,"ellipsoid or sphere",5.0,10,,,,"2Li2TmTZ1dmTCu9unJAMhJSXNkcRpdMMg0Aw45oBndk=","NEj2iWVH3bwRA9NwFC2tG5pcjGde053KtYf/7ELM3p0=","legacyData"
"79fa0650-911b-4651-929a-faa94f147dcf","TREE_011.basePlot.vst","2017-11-01","vst_TREE_2017","D05","TREE","TREE_011",,"NEON.PLA.D05.TREE.02850","ok","single shrub","Live",1.6,130,3.6,0.2,,,4.6,4.1,,"ellipsoid or sphere",1.7,10,,,,"2Li2TmTZ1dmTCu9unJAMhJSXNkcRpdMMg0Aw45oBndk=","NEj2iWVH3bwRA9NwFC2tG5pcjGde053KtYf/7ELM3p0=","legacyData"
"27259600-63cb-4d1c-a8a9-a5ce5df94de3","TREE_011.basePlot.vst","2017-11-01","vst_TREE_2017","D05","TREE","TREE_011",,"NEON.PLA.D05.TREE.02857","ok","single shrub","Live",5.0,130,4.0,0.9,,,2.2,2.0,,"ellipsoid or sphere",5.6,10,,,,"2Li2TmTZ1dmTCu9unJAMhJSXNkcRpdMMg0Aw45oBndk=","NEj2iWVH3bwRA9NwFC2tG5pcjGde053KtYf/7ELM3p0=","legacyData"
"dc483154-0d30-4423-9efc-50522676ad0c","TREE_011.basePlot.vst","2017-11-01","vst_TREE_2017","D05","TREE","TREE_011",,"NEON.PLA.D05.TREE.02788","removed",,"Downed",,,,,,,,,,,,,,,,"2Li2TmTZ1dmTCu9unJAMhJSXNkcRpdMMg0Aw45oBndk=","NEj2iWVH3bwRA9NwFC2tG5pcjGde053KtYf/7ELM3p0=","legacyData"
"f6745aad-4206-4377-85dc-e3b05bf94b02","TREE_011.basePlot.vst","2017-11-01","vst_TREE_2017","D05","TREE","TREE_011",,"NEON.PLA.D05.TREE.03026","ok","single shrub","Live",1.8,130,3.0,0.8,,,1.3,1.2,,"ellipsoid or sphere",3.4,10,,,,"2Li2TmTZ1dmTCu9unJAMhJSXNkcRpdMMg0Aw45oBndk=","NEj2iWVH3bwRA9NwFC2tG5pcjGde053KtYf/7ELM3p0=","legacyData"
"14818e38-fa56-4b63-9199-8e9ad7ae2567","TREE_011.basePlot.vst","2017-11-01","vst_TREE_2017","D05","TREE","TREE_011",,"NEON.PLA.D05.TREE.02848","ok","single shrub","Live",5.4,130,6.9,0.9,,,2.9,2.5,,"ellipsoid or sphere",6.5,10,,,,"2Li2TmTZ1dmTCu9unJAMhJSXNkcRpdMMg0Aw45oBndk=","NEj2iWVH3bwRA9NwFC2tG5pcjGde053KtYf/7ELM3p0=","legacyData"
"70684ad3-6700-40d7-8d0b-8c77846ddd8d","TREE_011.basePlot.vst","2017-11-01","vst_TREE_2017","D05","TREE","TREE_011",,"NEON.PLA.D05.TREE.02846","ok","single shrub","Live",3.2,130,3.6,1.6,,,3.4,2.4,,"ellipsoid or sphere",4.0,10,,,,"2Li2TmTZ1dmTCu9unJAMhJSXNkcRpdMMg0Aw45oBndk=","NEj2iWVH3bwRA9NwFC2tG5pcjGde053KtYf/7ELM3p0=","legacyData"
"8db1ebd4-7edc-4016-83b2-07e8c6e5b134","TREE_011.basePlot.vst","2017-11-01","vst_TREE_2017","D05","TREE","TREE_011",,"NEON.PLA.D05.TREE.02849","ok","single shrub","Live",7.3,130,6.9,1.4,,,4.9,3.4,,"ellipsoid or sphere",7.7,10,,,,"2Li2TmTZ1dmTCu9unJAMhJSXNkcRpdMMg0Aw45oBndk=","NEj2iWVH3bwRA9NwFC2tG5pcjGde053KtYf/7ELM3p0=","legacyData"
"91aa957c-49d9-4370-a03c-c2cccf534696","TREE_011.basePlot.vst","2017-11-01","vst_TREE_2017","D05","TREE","TREE_011",,"NEON.PLA.D05.TREE.02785","ok","single shrub","Live",4.4,130,4.4,0.8,,,4.3,2.8,,"ellipsoid or sphere",5.6,10,,,,"2Li2TmTZ1dmTCu9unJAMhJSXNkcRpdMMg0Aw45oBndk=","NEj2iWVH3bwRA9NwFC2tG5pcjGde053KtYf/7ELM3p0=","legacyData"
"36a4469e-2d62-46e2-a1f9-924cafbc365c","TREE_011.basePlot.vst","2017-11-01","vst_TREE_2017","D05","TREE","TREE_011",,"NEON.PLA.D05.TREE.02868","ok","single shrub","Live",5.0,130,5.2,2.7,,,2.4,2.0,,"ellipsoid or sphere",6.5,10,,,,"2Li2TmTZ1dmTCu9unJAMhJSXNkcRpdMMg0Aw45oBndk=","NEj2iWVH3bwRA9NwFC2tG5pcjGde053KtYf/7ELM3p0=","legacyData"
"3e896c82-10e5-4024-aa83-13ec924de39c","TREE_011.basePlot.vst","2017-11-01","vst_TREE_2017","D05","TREE","TREE_011",,"NEON.PLA.D05.TREE.02844","ok","single shrub","Live",1.7,130,1.9,0.6,,,1.6,0.6,,"ellipsoid or sphere",2.5,10,,,,"2Li2TmTZ1dmTCu9unJAMhJSXNkcRpdMMg0Aw45oBndk=","NEj2iWVH3bwRA9NwFC2tG5pcjGde053KtYf/7ELM3p0=","legacyData"
"44213434-1ca0-4188-86a5-0fa6f11b9072","TREE_011.basePlot.vst","2017-11-01","vst_TREE_2017","D05","TREE","TREE_011",,"NEON.PLA.D05.TREE.02855","ok","single shrub","Live",4.7,160,4.0,0.6,,,2.9,2.7,,"ellipsoid or sphere",5.2,10,,,,"2Li2TmTZ1dmTCu9unJAMhJSXNkcRpdMMg0Aw45oBndk=","NEj2iWVH3bwRA9NwFC2tG5pcjGde053KtYf/7ELM3p0=","legacyData"
"9ef8ddf4-6321-4795-bac6-4ffcdca7672a","TREE_011.basePlot.vst","2017-11-01","vst_TREE_2017","D05","TREE","TREE_011",,"NEON.PLA.D05.TREE.02866","ok","single shrub","Live",2.3,130,5.2,1.3,,,5.8,3.4,,"ellipsoid or sphere",3.1,10,,,,"2Li2TmTZ1dmTCu9unJAMhJSXNkcRpdMMg0Aw45oBndk=","NEj2iWVH3bwRA9NwFC2tG5pcjGde053KtYf/7ELM3p0=","legacyData"
"3858fc4b-818d-4f5d-bc37-279f03c1c077","TREE_011.basePlot.vst","2017-11-01","vst_TREE_2017","D05","TREE","TREE_011",,"NEON.PLA.D05.TREE.02848","ok","single shrub","Live",7.5,130,6.9,0.9,,,2.9,2.5,,"ellipsoid or sphere",9.0,10,,,,"2Li2TmTZ1dmTCu9unJAMhJSXNkcRpdMMg0Aw45oBndk=","NEj2iWVH3bwRA9NwFC2tG5pcjGde053KtYf/7ELM3p0=","legacyData"
"f77c46f5-dfd0-4979-9265-5a433dfd1b35","TREE_011.basePlot.vst","2017-11-01","vst_TREE_2017","D05","TREE","TREE_011",,"NEON.PLA.D05.TREE.02780","ok","small tree","Live, broken bole",1.8,130,1.9,,1.3,0.8,,,,,,,,,,"2Li2TmTZ1dmTCu9unJAMhJSXNkcRpdMMg0Aw45oBndk=","NEj2iWVH3bwRA9NwFC2tG5pcjGde053KtYf/7ELM3p0=","legacyData"
"4ed4c2fe-1e7b-4ab5-bdc4-3e6ce71eb223","TREE_011.basePlot.vst","2017-11-01","vst_TREE_2017","D05","TREE","TREE_011",,"NEON.PLA.D05.TREE.02795","ok","single shrub","Live",2.5,130,3.7,1.5,,,1.5,1.1,,"ellipsoid or sphere",5.9,10,,,"Main stem dead. Moved tag to live stem","2Li2TmTZ1dmTCu9unJAMhJSXNkcRpdMMg0Aw45oBndk=","NEj2iWVH3bwRA9NwFC2tG5pcjGde053KtYf/7ELM3p0=","legacyData"
"58d629ee-f8f7-47a8-8045-9d557330284b","TREE_011.basePlot.vst","2017-11-01","vst_TREE_2017","D05","TREE","TREE_011",,"NEON.PLA.D05.TREE.02865","ok","single shrub","Live",1.7,130,6.0,1.0,,,3.4,2.3,,"ellipsoid or sphere",2.5,10,,,,"2Li2TmTZ1dmTCu9unJAMhJSXNkcRpdMMg0Aw45oBndk=","NEj2iWVH3bwRA9NwFC2tG5pcjGde053KtYf/7ELM3p0=","legacyData"
"d2b0697e-5071-4682-b1e6-d2f3ca7836a1","TREE_011.basePlot.vst","2017-11-01","vst_TREE_2017","D05","TREE","TREE_011",,"NEON.PLA.D05.TREE.02864","ok","single shrub","Live",6.2,130,4.9,0.8,,,4.5,2.8,,"ellipsoid or sphere",7.5,10,,,,"2Li2TmTZ1dmTCu9unJAMhJSXNkcRpdMMg0Aw45oBndk=","NEj2iWVH3bwRA9NwFC2tG5pcjGde053KtYf/7ELM3p0=","legacyData"
"5cfd2b57-c12a-4bd8-be6f-c8d09399d640","TREE_011.basePlot.vst","2017-11-01","vst_TREE_2017","D05","TREE","TREE_011",,"NEON.PLA.D05.TREE.02794","ok","single shrub","Live",1.9,130,3.7,1.5,,,1.8,1.8,,"ellipsoid or sphere",3.1,10,,,,"2Li2TmTZ1dmTCu9unJAMhJSXNkcRpdMMg0Aw45oBndk=","NEj2iWVH3bwRA9NwFC2tG5pcjGde053KtYf/7ELM3p0=","legacyData"
"5475e1e1-1def-4220-824b-204d34df4127","TREE_011.basePlot.vst","2017-11-01","vst_TREE_2017","D05","TREE","TREE_011",,"NEON.PLA.D05.TREE.02783","ok","single shrub","Live",1.2,130,1.9,0.7,,,2.4,2.0,,"ellipsoid or sphere",2.1,10,,,"Long underground decumbant growth","2Li2TmTZ1dmTCu9unJAMhJSXNkcRpdMMg0Aw45oBndk=","NEj2iWVH3bwRA9NwFC2tG5pcjGde053KtYf/7ELM3p0=","legacyData"
"9f6dbc99-e1ba-4dea-add2-666d0d3d6742","TREE_011.basePlot.vst","2017-11-01","vst_TREE_2017","D05","TREE","TREE_011",,"NEON.PLA.D05.TREE.02865","ok","single shrub","Live",7.0,130,6.0,0.8,,,3.4,2.3,,"ellipsoid or sphere",8.3,10,,,,"2Li2TmTZ1dmTCu9unJAMhJSXNkcRpdMMg0Aw45oBndk=","NEj2iWVH3bwRA9NwFC2tG5pcjGde053KtYf/7ELM3p0=","legacyData"
"651e41c8-5874-46c8-aa94-697c8dbaf329","TREE_011.basePlot.vst","2017-11-01","vst_TREE_2017","D05","TREE","TREE_011",,"NEON.PLA.D05.TREE.02852","ok","sapling","Live",,,0.8,,,,,,,,1.6,10,,,,"2Li2TmTZ1dmTCu9unJAMhJSXNkcRpdMMg0Aw45oBndk=","NEj2iWVH3bwRA9NwFC2tG5pcjGde053KtYf/7ELM3p0=","legacyData"
"690a3730-b2c8-4349-855e-ce3f9c49e652","TREE_011.basePlot.vst","2017-11-01","vst_TREE_2017","D05","TREE","TREE_011",,"NEON.PLA.D05.TREE.02865","ok","single shrub","Live",2.0,130,6.0,1.0,,,3.4,2.3,,"ellipsoid or sphere",2.9,10,,,,"2Li2TmTZ1dmTCu9unJAMhJSXNkcRpdMMg0Aw45oBndk=","NEj2iWVH3bwRA9NwFC2tG5pcjGde053KtYf/7ELM3p0=","legacyData"
"50ed804b-b3a3-48b0-a718-ef7cd1536efd","TREE_011.basePlot.vst","2017-11-01","vst_TREE_2017","D05","TREE","TREE_011",,"NEON.PLA.D05.TREE.02791","ok","single shrub","Dead, broken bole",4.0,130,2.0,0.8,2.5,,1.6,1.3,,"ellipsoid or sphere",4.6,10,,,,"2Li2TmTZ1dmTCu9unJAMhJSXNkcRpdMMg0Aw45oBndk=","NEj2iWVH3bwRA9NwFC2tG5pcjGde053KtYf/7ELM3p0=","legacyData"
"f5d5b4d0-f4f4-40bd-bc9b-f09bd0583e4d","TREE_011.basePlot.vst","2017-11-01","vst_TREE_2017","D05","TREE","TREE_011",,"NEON.PLA.D05.TREE.02855","ok","single shrub","Live",3.7,130,4.0,0.6,,,2.9,2.7,,"ellipsoid or sphere",4.4,10,,,,"2Li2TmTZ1dmTCu9unJAMhJSXNkcRpdMMg0Aw45oBndk=","NEj2iWVH3bwRA9NwFC2tG5pcjGde053KtYf/7ELM3p0=","legacyData"
"65bed761-042a-4fe7-884f-356f63a0c5d0","TREE_011.basePlot.vst","2017-11-01","vst_TREE_2017","D05","TREE","TREE_011",,"NEON.PLA.D05.TREE.02785","ok","single shrub","Live",3.4,130,4.4,0.8,,,4.3,2.8,,"ellipsoid or sphere",4.8,10,,,,"2Li2TmTZ1dmTCu9unJAMhJSXNkcRpdMMg0Aw45oBndk=","NEj2iWVH3bwRA9NwFC2tG5pcjGde053KtYf/7ELM3p0=","legacyData"
"3fcb91ce-03c2-45b2-ba55-e7384e70ec17","TREE_011.basePlot.vst","2017-11-01","vst_TREE_2017","D05","TREE","TREE_011",,"NEON.PLA.D05.TREE.02785","ok","single shrub","Live",5.2,130,4.4,0.8,,,4.3,2.8,,"ellipsoid or sphere",7.0,10,,,,"2Li2TmTZ1dmTCu9unJAMhJSXNkcRpdMMg0Aw45oBndk=","NEj2iWVH3bwRA9NwFC2tG5pcjGde053KtYf/7ELM3p0=","legacyData"
"7634f053-ec52-41de-ba9c-1175a5a409b1","TREE_011.basePlot.vst","2017-11-01","vst_TREE_2017","D05","TREE","TREE_011",,"NEON.PLA.D05.TREE.02850","ok","single shrub","Live",3.9,130,3.6,0.2,,,4.6,4.1,,"ellipsoid or sphere",4.7,10,,,,"2Li2TmTZ1dmTCu9unJAMhJSXNkcRpdMMg0Aw45oBndk=","NEj2iWVH3bwRA9NwFC2tG5pcjGde053KtYf/7ELM3p0=","legacyData"
"7f455c93-22f4-45ef-b15a-45d3b86e837b","TREE_011.basePlot.vst","2017-11-01","vst_TREE_2017","D05","TREE","TREE_011",,"NEON.PLA.D05.TREE.03027","ok","single shrub","Live",1.4,130,,1.6,,,2.7,1.4,,"ellipsoid or sphere",1.9,10,,,,"2Li2TmTZ1dmTCu9unJAMhJSXNkcRpdMMg0Aw45oBndk=","NEj2iWVH3bwRA9NwFC2tG5pcjGde053KtYf/7ELM3p0=","legacyData"
"0da94609-01c9-4668-8b8a-48570a418765","TREE_011.basePlot.vst","2017-11-01","vst_TREE_2017","D05","TREE","TREE_011",,"NEON.PLA.D05.TREE.02860","ok","single bole tree","Dead, broken bole",36.5,130,8.9,,4.3,,,,"Full sun",,,,,,,"2Li2TmTZ1dmTCu9unJAMhJSXNkcRpdMMg0Aw45oBndk=","NEj2iWVH3bwRA9NwFC2tG5pcjGde053KtYf/7ELM3p0=","legacyData"
"01315a5e-905d-4c28-b792-1e76e8372aa8","TREE_011.basePlot.vst","2017-11-01","vst_TREE_2017","D05","TREE","TREE_011",,"NEON.PLA.D05.TREE.02866","ok","single shrub","Live",4.7,130,5.2,1.3,,,5.8,3.4,,"ellipsoid or sphere",6.3,10,,,,"2Li2TmTZ1dmTCu9unJAMhJSXNkcRpdMMg0Aw45oBndk=","NEj2iWVH3bwRA9NwFC2tG5pcjGde053KtYf/7ELM3p0=","legacyData"
"a27a475e-defd-4351-8577-394e3e395083","TREE_011.basePlot.vst","2017-11-01","vst_TREE_2017","D05","TREE","TREE_011",,"NEON.PLA.D05.TREE.02850","ok","single shrub","Live",2.5,130,3.6,0.2,,,4.6,4.1,,"ellipsoid or sphere",4.0,10,,,,"2Li2TmTZ1dmTCu9unJAMhJSXNkcRpdMMg0Aw45oBndk=","NEj2iWVH3bwRA9NwFC2tG5pcjGde053KtYf/7ELM3p0=","legacyData"
"14406ccb-9ad7-4095-85e7-f0125a4b322c","TREE_011.basePlot.vst","2017-11-01","vst_TREE_2017","D05","TREE","TREE_011",,"NEON.PLA.D05.TREE.02868","ok","single shrub","Live",5.3,130,5.2,1.9,,,2.4,2.0,,"ellipsoid or sphere",7.5,10,,,,"2Li2TmTZ1dmTCu9unJAMhJSXNkcRpdMMg0Aw45oBndk=","NEj2iWVH3bwRA9NwFC2tG5pcjGde053KtYf/7ELM3p0=","legacyData"
"56e87dcb-8ed7-4c2c-b00c-8c2075f10827","TREE_011.basePlot.vst","2017-11-01","vst_TREE_2017","D05","TREE","TREE_011",,"NEON.PLA.D05.TREE.03027","ok","single shrub","Live",3.4,130,4.5,1.6,,,2.7,1.4,,"ellipsoid or sphere",4.9,10,,,"Previously marked and measured but no tag. Retagged","2Li2TmTZ1dmTCu9unJAMhJSXNkcRpdMMg0Aw45oBndk=","NEj2iWVH3bwRA9NwFC2tG5pcjGde053KtYf/7ELM3p0=","legacyData"
"18c929cc-529a-4e3d-9ad4-f83a6b72dbf0","TREE_011.basePlot.vst","2017-11-01","vst_TREE_2017","D05","TREE","TREE_011",,"NEON.PLA.D05.TREE.02866","ok","single shrub","Live",5.3,130,5.2,1.3,,,5.8,3.4,,"ellipsoid or sphere",6.1,10,,,,"2Li2TmTZ1dmTCu9unJAMhJSXNkcRpdMMg0Aw45oBndk=","NEj2iWVH3bwRA9NwFC2tG5pcjGde053KtYf/7ELM3p0=","legacyData"
"1031cf0c-3136-4067-9f94-08ec23c041f5","TREE_011.basePlot.vst","2017-11-01","vst_TREE_2017","D05","TREE","TREE_011",,"NEON.PLA.D05.TREE.02777","removed",,"Downed",,,,,,,,,,,,,,,,"2Li2TmTZ1dmTCu9unJAMhJSXNkcRpdMMg0Aw45oBndk=","NEj2iWVH3bwRA9NwFC2tG5pcjGde053KtYf/7ELM3p0=","legacyData"
"88a0b612-3700-40eb-988e-f0b21a8ed172","TREE_011.basePlot.vst","2017-11-01","vst_TREE_2017","D05","TREE","TREE_011",,"NEON.PLA.D05.TREE.02849","ok","single shrub","Standing dead",2.9,130,6.9,1.4,,,4.9,3.4,,"ellipsoid or sphere",3.5,10,,,,"2Li2TmTZ1dmTCu9unJAMhJSXNkcRpdMMg0Aw45oBndk=","NEj2iWVH3bwRA9NwFC2tG5pcjGde053KtYf/7ELM3p0=","legacyData"
"8e1c6e44-9411-4bb9-ab7e-c03f462b1aa7","TREE_011.basePlot.vst","2017-11-01","vst_TREE_2017","D05","TREE","TREE_011",,"NEON.PLA.D05.TREE.02855","ok","single shrub","Live",1.5,130,4.0,0.6,,,2.9,2.7,,"ellipsoid or sphere",2.0,10,,,,"2Li2TmTZ1dmTCu9unJAMhJSXNkcRpdMMg0Aw45oBndk=","NEj2iWVH3bwRA9NwFC2tG5pcjGde053KtYf/7ELM3p0=","legacyData"
"214acb4d-9942-4a2a-b9e1-cef64f6dea98","TREE_011.basePlot.vst","2017-11-01","vst_TREE_2017","D05","TREE","TREE_011",,"NEON.PLA.D05.TREE.02789","ok","single shrub","Live",3.8,130,,1.6,,,3.8,2.6,,"ellipsoid or sphere",5.1,10,,,,"2Li2TmTZ1dmTCu9unJAMhJSXNkcRpdMMg0Aw45oBndk=","NEj2iWVH3bwRA9NwFC2tG5pcjGde053KtYf/7ELM3p0=","legacyData"
"f5baa8c4-34b5-4683-bd1d-3f9a0429c9f6","TREE_011.basePlot.vst","2017-11-01","vst_TREE_2017","D05","TREE","TREE_011",,"NEON.PLA.D05.TREE.02866","ok","single shrub","Live",5.4,130,5.2,1.3,,,5.8,3.4,,"ellipsoid or sphere",6.5,10,,,,"2Li2TmTZ1dmTCu9unJAMhJSXNkcRpdMMg0Aw45oBndk=","NEj2iWVH3bwRA9NwFC2tG5pcjGde053KtYf/7ELM3p0=","legacyData"
"ff7c2ab6-beaf-49f5-9b4f-8a92a05b6386","TREE_011.basePlot.vst","2017-11-01","vst_TREE_2017","D05","TREE","TREE_011",,"NEON.PLA.D05.TREE.02790","ok","single shrub","Live",2.7,130,2.9,1.5,,,1.8,1.5,,"ellipsoid or sphere",3.3,10,,,,"2Li2TmTZ1dmTCu9unJAMhJSXNkcRpdMMg0Aw45oBndk=","NEj2iWVH3bwRA9NwFC2tG5pcjGde053KtYf/7ELM3p0=","legacyData"
"7e0878bb-8763-4af1-a89e-c9fe3a278e3a","TREE_011.basePlot.vst","2017-11-01","vst_TREE_2017","D05","TREE","TREE_011",,"NEON.PLA.D05.TREE.02778","ok","small tree","Live, disease damaged",1.3,130,1.9,,,,,,,,,,,,,"2Li2TmTZ1dmTCu9unJAMhJSXNkcRpdMMg0Aw45oBndk=","NEj2iWVH3bwRA9NwFC2tG5pcjGde053KtYf/7ELM3p0=","legacyData"
"e34fc352-ea41-474d-8d05-593c0a0b5144","TREE_011.basePlot.vst","2017-11-01","vst_TREE_2017","D05","TREE","TREE_011",,"NEON.PLA.D05.TREE.02850","ok","single shrub","Live",3.5,130,3.6,0.2,,,4.6,4.1,,"ellipsoid or sphere",4.6,10,,,,"2Li2TmTZ1dmTCu9unJAMhJSXNkcRpdMMg0Aw45oBndk=","NEj2iWVH3bwRA9NwFC2tG5pcjGde053KtYf/7ELM3p0=","legacyData"
"1e172ee8-3d97-401c-88cb-3ad55d720413","TREE_011.basePlot.vst","2017-11-01","vst_TREE_2017","D05","TREE","TREE_011",,"NEON.PLA.D05.TREE.03025","ok","single shrub","Live",3.4,130,4.3,1.5,,,2.3,1.9,,"ellipsoid or sphere",4.7,10,,,,"2Li2TmTZ1dmTCu9unJAMhJSXNkcRpdMMg0Aw45oBndk=","NEj2iWVH3bwRA9NwFC2tG5pcjGde053KtYf/7ELM3p0=","legacyData"
