uid,namedLocation,domainID,siteID,plotID,plotType,nlcdClass,decimalLatitude,decimalLongitude,geodeticDatum,coordinateUncertainty,elevation,elevationUncertainty,collectDate,eventID,sampleID,sampleCode,samplingMethod,totalSampledArea,targetTaxaPresent,adultCount,nymphCount,larvaCount,sampleCondition,samplingProtocolVersion,measuredBy,remarks
"29aeb932-3052-43c1-82bc-4762f8dbf6f7","SCBI_007.tickPlot.tck","D02","SCBI","SCBI_007","distributed","deciduousForest",38.886013,-78.129365,"WGS84",20.2,428.3,0.2,"2017-08-10T14:40Z","SCBI.2017.33","SCBI_007.20170810",,"drag",142,"Y",0,2,48,"No known compromise","NEON.DOC.014045vH","esNjjubcI51hdInmRHEEIrFR4+oIJtuN",
"8122f54c-a459-4ecd-976b-47f8ad3df0e4","SCBI_005.tickPlot.tck","D02","SCBI","SCBI_005","distributed","deciduousForest",38.901859,-78.161940,"WGS84",20.2,263.6,0.3,"2017-08-10T16:11Z","SCBI.2017.33","SCBI_005.20170810",,"drag",160,"Y",0,0,14,"No known compromise","NEON.DOC.014045vH","esNjjubcI51hdInmRHEEIrFR4+oIJtuN",
"9f6aaafc-279a-4084-bfd0-d276bb79ec0d","SCBI_006.tickPlot.tck","D02","SCBI","SCBI_006","distributed","pastureHay",38.897080,-78.150277,"WGS84",20.1,277.1,0.1,"2017-08-14T14:49Z","SCBI.2017.34","SCBI_006.20170814",,"drag",160,"Y",1,0,1,"No known compromise","NEON.DOC.014045vH","5KHGCJU8MVi1+7ablrc8J9GceIxGWQkD57A2WbAFRSE=",
"2754fd17-1466-4409-ac98-7a8879a4c4bd","SCBI_039.tickPlot.tck","D02","SCBI","SCBI_039","distributed","pastureHay",38.896433,-78.166542,"WGS84",20.1,330.8,0.1,"2017-08-14T14:58Z","SCBI.2017.34","SCBI_039.20170814",,"drag",148,"Y",0,1,715,"No known compromise","NEON.DOC.014045vH","m2cc12CMBjk36v6h1IFdwTKqWU2h10x38uTSty9C1Wo=",
"d8b491ea-1aff-4fc0-8b5c-d8da0d8d738f","SCBI_002.tickPlot.tck","D02","SCBI","SCBI_002","distributed","deciduousForest",38.893863,-78.142704,"WGS84",20.2,327.7,0.2,"2017-08-16T17:41Z","SCBI.2017.34","SCBI_002.20170816",,"drag",162,"Y",0,0,47,"No known compromise","NEON.DOC.014045vH","esNjjubcI51hdInmRHEEIrFR4+oIJtuN",
"3d1f3da3-f8c3-4457-b4b4-43a71c9a134b","SCBI_013.tickPlot.tck","D02","SCBI","SCBI_013","distributed","deciduousForest",38.873041,-78.163313,"WGS84",20.2,361.3,0.3,"2017-08-16T19:13Z","SCBI.2017.34","SCBI_013.20170816",,"drag",160,"Y",0,2,83,"No known compromise","NEON.DOC.014045vH","esNjjubcI51hdInmRHEEIrFR4+oIJtuN",
