uid,namedLocation,plotID,collectDate,identifiedDate,sampleID,subsampleID,scientificName,acceptedTaxonID,taxonRank,family,subfamily,tribe,subtribe,genus,subgenus,specificEpithet,infraspecificEpithet,identificationQualifier,identificationReferences,identificationProtocolVersion,scientificNameAuthorship,sexOrAge,individualCount,sampleCondition,archiveMedium,archiveFacilityID,deprecatedVialID,identifiedBy,laboratoryName,remarks
"f966e8b5-3b0c-4356-892b-03716a19dcaa","SCBI_007.tickPlot.tck","SCBI_007","2017-08-10T14:40Z","2018-01-12T17:00Z","SCBI_007.20170810","SCBI_007.20170810.IXOSCA.N","Ixodes scapularis","IXOSCA","species","Ixodidae",,,,"Ixodes",,"scapularis",,,"Cooley, R. A. and G. M. Kohls. 1945. The genus Ixodes in North America. National Institute of Health Bulletin, 184.","GSU_tickIdentification_SOP_2016-11-01.pdf","Say","Nymph",2,"OK","90% ethanol","USNMENT01358764","SCBI_007.20170810.IXOSCA.N","Lorenza Beati","Georgia Southern University",
"f25fbc73-cb23-4da6-b905-e5394f876b4b","SCBI_007.tickPlot.tck","SCBI_007","2017-08-10T14:40Z","2017-10-12T16:00Z","SCBI_007.20170810","SCBI_007.20170810.IXOSP.L","Ixodidae sp.","IXOSP","family","Ixodidae",,,,,,"sp.",,,,"GSU_tickIdentification_SOP_2016-11-01.pdf",,"Larva",1,"OK","90% ethanol","USNMENT01358763","SCBI_007.20170810.L","Guy Hobbs","Georgia Southern University",
"f0b9f523-af02-4046-8686-22ce67fc1763","SCBI_005.tickPlot.tck","SCBI_005","2017-08-10T16:11Z","2017-10-12T16:00Z","SCBI_005.20170810","SCBI_005.20170810.IXOSP.L","Ixodidae sp.","IXOSP","family","Ixodidae",,,,,,"sp.",,,,"GSU_tickIdentification_SOP_2016-11-01.pdf",,"Larva",1,"OK","90% ethanol","USNMENT01358762","SCBI_005.20170810.L","Guy Hobbs","Georgia Southern University",
"6894dac1-1b89-439d-bed4-cd26f69c4774","SCBI_006.tickPlot.tck","SCBI_006","2017-08-14T14:49Z","2018-01-12T17:00Z","SCBI_006.20170814","SCBI_006.20170814.DERVAR.F","Dermacentor variabilis","DERVAR","species","Ixodidae",,,,"Dermacentor",,"variabilis",,,"Yunker, C. E., Keirans, J. E., Clifford, C. M., and E. R. Easton. 1986. Dermacentor ticks (Acari: Ixodoidea: Ixodidae) of the New World: a scanning electron microscope atlas. Proceedings of the Entomological Society of Washington, 88(4):609-627.","GSU_tickIdentification_SOP_2016-11-01.pdf","Say","Female",1,"OK","90% ethanol","USNMENT01430048","SCBI_006.20170814.DERVAR.F","Lorenza Beati","Georgia Southern University",
"025c12c2-543d-4c0c-b14e-5bf7294eb6c1","SCBI_039.tickPlot.tck","SCBI_039","2017-08-14T14:58Z","2018-01-12T17:00Z","SCBI_039.20170814","SCBI_039.20170814.AMBAME.N","Amblyomma americanum","AMBAME","species","Ixodidae",,,,"Amblyomma",,"americanum",,,"Cooley, R. A. and G. M. Kohls. 1944. The genus Amblyomma (ixodidae) in the United States. The Journal of Parasitology, 30(2):77-111.","GSU_tickIdentification_SOP_2016-11-01.pdf","Linnaeus","Nymph",1,"OK","90% ethanol","USNMENT01358761","SCBI_039.20170814.AMBAME.N","Lorenza Beati","Georgia Southern University",
"c86748c3-3642-4243-bd8a-303662a9d9e8","SCBI_039.tickPlot.tck","SCBI_039","2017-08-14T14:58Z","2017-10-12T16:00Z","SCBI_039.20170814","SCBI_039.20170814.IXOSP.L","Ixodidae sp.","IXOSP","family","Ixodidae",,,,,,"sp.",,,,"GSU_tickIdentification_SOP_2016-11-01.pdf",,"Larva",1,"OK","90% ethanol","USNMENT01358760","SCBI_039.20170814.L","Guy Hobbs","Georgia Southern University",
"9ebd6c66-57cb-4144-bc2e-10bafc43f37c","SCBI_002.tickPlot.tck","SCBI_002","2017-08-16T17:41Z","2017-10-12T16:00Z","SCBI_002.20170816","SCBI_002.20170816.IXOSP.L","Ixodidae sp.","IXOSP","family","Ixodidae",,,,,,"sp.",,,,"GSU_tickIdentification_SOP_2016-11-01.pdf",,"Larva",1,"OK","90% ethanol","USNMENT01358759","SCBI_002.20170816.L","Guy Hobbs","Georgia Southern University",
"caec066b-3761-4f70-ae38-295110b32f30","SCBI_013.tickPlot.tck","SCBI_013","2017-08-16T19:13Z","2018-01-12T17:00Z","SCBI_013.20170816","SCBI_013.20170816.AMBAME.N","Amblyomma americanum","AMBAME","species","Ixodidae",,,,"Amblyomma",,"americanum",,,"Cooley, R. A. and G. M. Kohls. 1944. The genus Amblyomma (ixodidae) in the United States. The Journal of Parasitology, 30(2):77-111.","GSU_tickIdentification_SOP_2016-11-01.pdf","Linnaeus","Nymph",2,"OK","90% ethanol","USNMENT01358757","SCBI_013.20170816.AMBAME.N","Lorenza Beati","Georgia Southern University",
"2f5ab4fc-12a2-4ca6-9ca9-95d1c10d34a3","SCBI_013.tickPlot.tck","SCBI_013","2017-08-16T19:13Z","2017-10-12T16:00Z","SCBI_013.20170816","SCBI_013.20170816.IXOSP.L","Ixodidae sp.","IXOSP","family","Ixodidae",,,,,,"sp.",,,,"GSU_tickIdentification_SOP_2016-11-01.pdf",,"Larva",1,"OK","90% ethanol","USNMENT01358758","SCBI_013.20170816.L","Guy Hobbs","Georgia Southern University",
