uid,namedLocation,domainID,siteID,plotID,plotType,nlcdClass,decimalLatitude,decimalLongitude,geodeticDatum,coordinateUncertainty,elevation,elevationUncertainty,collectDate,eventID,sampleID,sampleCode,samplingMethod,totalSampledArea,targetTaxaPresent,adultCount,nymphCount,larvaCount,sampleCondition,samplingProtocolVersion,measuredBy,remarks
"9f9aa4c1-02a0-4014-a830-23551a96db5f","OAES_005.tickPlot.tck","D11","OAES","OAES_005","distributed","grasslandHerbaceous",35.402926,-99.080346,"WGS84",20.1,509.4,0.1,"2018-03-12T20:18Z","OAES.2018.11",,,"drag",159,"N",0,0,0,,"NEON.DOC.014045vJ","RwwF0EnFmfoQk6xwNXDF+6IaeciZrc1W03nwNHcHwok=",
"683fd266-3f7b-43fe-a2ca-226c7a46dffb","OAES_004.tickPlot.tck","D11","OAES","OAES_004","distributed","grasslandHerbaceous",35.411159,-99.084234,"WGS84",20.1,507.6,0.1,"2018-03-12T20:57Z","OAES.2018.11",,,"drag and flag",160,"N",0,0,0,,"NEON.DOC.014045vJ","/VkA3yjugMF8nnUbC6d+dh/hTYhVmzgYtPB78jE5mRs=",
"a900824f-e18d-4ab1-99b9-0e50dfd690be","OAES_021.tickPlot.tck","D11","OAES","OAES_021","distributed","shrubScrub",35.413211,-99.074301,"WGS84",20.1,501.7,0.1,"2018-03-12T21:41Z","OAES.2018.11","OAES_021.20180312",,"drag and flag",120,"Y",1,0,0,"No known compromise","NEON.DOC.014045vJ","/VkA3yjugMF8nnUbC6d+dh/hTYhVmzgYtPB78jE5mRs=",
"b54453d2-99f6-4a92-910e-39f5d5bf3d63","OAES_003.tickPlot.tck","D11","OAES","OAES_003","distributed","grasslandHerbaceous",35.412134,-99.068027,"WGS84",20.2,512.2,0.2,"2018-03-12T22:13Z","OAES.2018.11",,,"drag",160,"N",0,0,0,,"NEON.DOC.014045vJ","RwwF0EnFmfoQk6xwNXDF+6IaeciZrc1W03nwNHcHwok=",
"bcd9214f-21d9-462a-bf79-37df9bc49fb5","OAES_007.tickPlot.tck","D11","OAES","OAES_007","distributed","shrubScrub",35.421328,-99.057210,"WGS84",20.1,521.6,0.1,"2018-03-13T14:39Z","OAES.2018.11",,,"drag and flag",160,"N",0,0,0,,"NEON.DOC.014045vJ","/VkA3yjugMF8nnUbC6d+dh/hTYhVmzgYtPB78jE5mRs=",
"5906278b-259b-466f-9074-9b48f67eb5c8","OAES_008.tickPlot.tck","D11","OAES","OAES_008","distributed","grasslandHerbaceous",35.394019,-99.063159,"WGS84",20.1,492.6,0.1,"2018-03-13T15:09Z","OAES.2018.11",,,"drag and flag",155,"N",0,0,0,,"NEON.DOC.014045vJ","/VkA3yjugMF8nnUbC6d+dh/hTYhVmzgYtPB78jE5mRs=",
