uid,namedLocation,domainID,siteID,plotID,plotType,nlcdClass,decimalLatitude,decimalLongitude,geodeticDatum,coordinateUncertainty,elevation,elevationUncertainty,collectDate,eventID,sampleID,sampleCode,samplingMethod,totalSampledArea,targetTaxaPresent,adultCount,nymphCount,larvaCount,sampleCondition,samplingProtocolVersion,measuredBy,remarks
"1b6600f6-5f6e-45fc-ae37-d0fd87f961ad","MOAB_001.tickPlot.tck","D13","MOAB","MOAB_001","distributed","shrubScrub",38.258888,-109.413897,"WGS84",20.1,1804.0,0.1,"2017-10-04T14:15Z","MOAB.2017.41",,,"drag and flag",161,"N",0,0,0,,"NEON.DOC.014045vH","289N3jh5sPXmF8t9o8K/vnT/MCGhEPDGZKZH+vIQgJ8=",
"498773cd-b6e4-401f-b934-0c62e10a3c74","MOAB_004.tickPlot.tck","D13","MOAB","MOAB_004","distributed","shrubScrub",38.234505,-109.398111,"WGS84",20.1,1763.9,0.1,"2017-10-04T17:00Z","MOAB.2017.41",,,"drag and flag",160,"N",0,0,0,,"NEON.DOC.014045vH","289N3jh5sPXmF8t9o8K/vnT/MCGhEPDGZKZH+vIQgJ8=",
"3f9c6e64-3a93-41a1-b6cd-7dc760c1188d","MOAB_006.tickPlot.tck","D13","MOAB","MOAB_006","distributed","shrubScrub",38.235080,-109.406067,"WGS84",20.1,1759.8,0.1,"2017-10-04T17:55Z","MOAB.2017.41",,,"drag and flag",160,"N",0,0,0,,"NEON.DOC.014045vH","289N3jh5sPXmF8t9o8K/vnT/MCGhEPDGZKZH+vIQgJ8=",
"abc44709-9c54-4abc-847c-62a27a30021b","MOAB_005.tickPlot.tck","D13","MOAB","MOAB_005","distributed","shrubScrub",38.210851,-109.402026,"WGS84",20.1,1763.5,0.1,"2017-10-04T19:25Z","MOAB.2017.41",,,"drag and flag",161,"N",0,0,0,,"NEON.DOC.014045vH","289N3jh5sPXmF8t9o8K/vnT/MCGhEPDGZKZH+vIQgJ8=",
"3000e195-6fae-4699-a1be-615e66b4241b","MOAB_002.tickPlot.tck","D13","MOAB","MOAB_002","distributed","shrubScrub",38.211659,-109.413380,"WGS84",20.1,1770.3,0.1,"2017-10-04T20:40Z","MOAB.2017.41",,,"drag and flag",161,"N",0,0,0,,"NEON.DOC.014045vH","289N3jh5sPXmF8t9o8K/vnT/MCGhEPDGZKZH+vIQgJ8=",
"d508b4b3-0515-48b5-9afe-2fc2bf6f6d1b","MOAB_003.tickPlot.tck","D13","MOAB","MOAB_003","distributed","evergreenForest",38.261626,-109.347802,"WGS84",20.2,2013.4,0.5,"2017-10-04T22:15Z","MOAB.2017.41",,,"drag and flag",161,"N",0,0,0,,"NEON.DOC.014045vH","289N3jh5sPXmF8t9o8K/vnT/MCGhEPDGZKZH+vIQgJ8=",
