uid,namedLocation,date,eventID,domainID,siteID,plotID,subplotID,individualID,tagStatus,growthForm,plantStatus,stemDiameter,measurementHeight,height,baseCrownHeight,breakHeight,breakDiameter,maxCrownDiameter,ninetyCrownDiameter,canopyPosition,shape,basalStemDiameter,basalStemDiameterMsrmntHeight,maxBaseCrownDiameter,ninetyBaseCrownDiameter,remarks,recordedBy,measuredBy,dataQF
"af24bf74-0535-438b-a3f1-864aaf6f744c","TREE_056.basePlot.vst","2017-08-28","vst_TREE_2017","D05","TREE","TREE_056",,"NEON.PLA.D05.TREE.00169","ok","small tree","Live",3.9,130,6.1,,,,,,,,,,,,,"GqvoKDJSHekBNGWHKra8t3oi2TFkp+GcJ0KOFJjxYKI=","NEj2iWVH3bwRA9NwFC2tG5pcjGde053KtYf/7ELM3p0=","legacyData"
"87819677-2b56-4d53-9133-5c3f682c33cb","TREE_056.basePlot.vst","2017-08-28","vst_TREE_2017","D05","TREE","TREE_056",,"NEON.PLA.D05.TREE.00240","ok","single shrub","Live",2.0,130,2.6,,,,2.6,2.2,,"inverted cone",3.5,10,0.20,0.40,,"GqvoKDJSHekBNGWHKra8t3oi2TFkp+GcJ0KOFJjxYKI=","NEj2iWVH3bwRA9NwFC2tG5pcjGde053KtYf/7ELM3p0=","legacyData"
"9ea9a8a9-500d-49ce-8f24-ac782351994e","TREE_056.basePlot.vst","2017-08-28","vst_TREE_2017","D05","TREE","TREE_056",,"NEON.PLA.D05.TREE.00604","ok","single shrub","Live",1.1,130,2.4,,,,0.9,0.1,,"inverted cone",2.4,10,0.20,0.20,,"GqvoKDJSHekBNGWHKra8t3oi2TFkp+GcJ0KOFJjxYKI=","NEj2iWVH3bwRA9NwFC2tG5pcjGde053KtYf/7ELM3p0=","legacyData"
"5b0d4f17-fdc8-4df7-9634-c6b725521f47","TREE_056.basePlot.vst","2017-08-28","vst_TREE_2017","D05","TREE","TREE_056",,"NEON.PLA.D05.TREE.00244","ok","single bole tree","Live",31.0,130,19.7,,,,,,,,,,,,,"GqvoKDJSHekBNGWHKra8t3oi2TFkp+GcJ0KOFJjxYKI=","NEj2iWVH3bwRA9NwFC2tG5pcjGde053KtYf/7ELM3p0=","legacyData"
"dfcfd8ba-218e-4eb8-8e48-16fca16636d7","TREE_056.basePlot.vst","2017-08-28","vst_TREE_2017","D05","TREE","TREE_056",,"NEON.PLA.D05.TREE.00250","ok","small tree","Live",2.7,10,1.7,,,,,,,,,,,,,"GqvoKDJSHekBNGWHKra8t3oi2TFkp+GcJ0KOFJjxYKI=","NEj2iWVH3bwRA9NwFC2tG5pcjGde053KtYf/7ELM3p0=","legacyData"
"32d2a540-98ad-4ba1-8767-69e902754804","TREE_056.basePlot.vst","2017-08-28","vst_TREE_2017","D05","TREE","TREE_056",,"NEON.PLA.D05.TREE.00013","ok","small tree","Live",5.0,130,4.1,,,,,,,,,,,,,"GqvoKDJSHekBNGWHKra8t3oi2TFkp+GcJ0KOFJjxYKI=","NEj2iWVH3bwRA9NwFC2tG5pcjGde053KtYf/7ELM3p0=","legacyData"
"95de2def-c998-436d-b206-499912ef5c8b","TREE_056.basePlot.vst","2017-08-28","vst_TREE_2017","D05","TREE","TREE_056",,"NEON.PLA.D05.TREE.00225","ok","sapling","Live",,,1.1,,,,,,,,1.2,10,,,,"GqvoKDJSHekBNGWHKra8t3oi2TFkp+GcJ0KOFJjxYKI=","NEj2iWVH3bwRA9NwFC2tG5pcjGde053KtYf/7ELM3p0=","legacyData"
"04c8ac77-47e6-4b62-b380-7c16a8cbda17","TREE_056.basePlot.vst","2017-08-28","vst_TREE_2017","D05","TREE","TREE_056",,"NEON.PLA.D05.TREE.00279","ok","single bole tree","Live",22.8,138,18.5,,,,,,,,,,,,,"GqvoKDJSHekBNGWHKra8t3oi2TFkp+GcJ0KOFJjxYKI=","NEj2iWVH3bwRA9NwFC2tG5pcjGde053KtYf/7ELM3p0=","legacyData"
"683d3990-71f2-4d6d-8d63-5f2044460aee","TREE_056.basePlot.vst","2017-08-28","vst_TREE_2017","D05","TREE","TREE_056",,"NEON.PLA.D05.TREE.00112","ok","small tree","Live",6.2,130,4.8,,,,,,,,,,,,,"GqvoKDJSHekBNGWHKra8t3oi2TFkp+GcJ0KOFJjxYKI=","NEj2iWVH3bwRA9NwFC2tG5pcjGde053KtYf/7ELM3p0=","legacyData"
"03068333-167e-4a81-a33b-2059d7a432f1","TREE_056.basePlot.vst","2017-08-28","vst_TREE_2017","D05","TREE","TREE_056",,"NEON.PLA.D05.TREE.00255","ok","single bole tree","Live",22.0,130,18.6,,,,,,,,,,,,,"GqvoKDJSHekBNGWHKra8t3oi2TFkp+GcJ0KOFJjxYKI=","NEj2iWVH3bwRA9NwFC2tG5pcjGde053KtYf/7ELM3p0=","legacyData"
"80126558-e7e8-41e6-bea7-28f1c4202449","TREE_056.basePlot.vst","2017-08-28","vst_TREE_2017","D05","TREE","TREE_056",,"NEON.PLA.D05.TREE.00155","ok","single shrub","Live",1.9,130,2.5,,,,1.8,1.7,,"inverted cone",3.0,10,0.40,0.30,,"GqvoKDJSHekBNGWHKra8t3oi2TFkp+GcJ0KOFJjxYKI=","NEj2iWVH3bwRA9NwFC2tG5pcjGde053KtYf/7ELM3p0=","legacyData"
"717b52e8-0cf8-407c-8540-3aeb0be5e653","TREE_056.basePlot.vst","2017-08-28","vst_TREE_2017","D05","TREE","TREE_056",,"NEON.PLA.D05.TREE.00198","ok","single shrub","Live",2.3,130,2.4,,,,4.2,1.9,,"inverted cone",3.5,10,0.30,0.30,,"GqvoKDJSHekBNGWHKra8t3oi2TFkp+GcJ0KOFJjxYKI=","NEj2iWVH3bwRA9NwFC2tG5pcjGde053KtYf/7ELM3p0=","legacyData"
"3c78e630-d252-4650-ba4f-090f163e49b0","TREE_056.basePlot.vst","2017-08-28","vst_TREE_2017","D05","TREE","TREE_056",,"NEON.PLA.D05.TREE.00249","ok","single bole tree","Live",20.9,130,15.6,,,,,,,,,,,,,"GqvoKDJSHekBNGWHKra8t3oi2TFkp+GcJ0KOFJjxYKI=","NEj2iWVH3bwRA9NwFC2tG5pcjGde053KtYf/7ELM3p0=","legacyData"
"fe33b84e-f51b-478a-9a34-28dfb2879211","TREE_056.basePlot.vst","2017-08-28","vst_TREE_2017","D05","TREE","TREE_056",,"NEON.PLA.D05.TREE.00264","ok","single bole tree","Live",20.0,130,16.9,,,,,,,,,,,,,"GqvoKDJSHekBNGWHKra8t3oi2TFkp+GcJ0KOFJjxYKI=","NEj2iWVH3bwRA9NwFC2tG5pcjGde053KtYf/7ELM3p0=","legacyData"
"65624b2c-8aa5-4244-8f41-ca99ea34da0c","TREE_056.basePlot.vst","2017-08-28","vst_TREE_2017","D05","TREE","TREE_056",,"NEON.PLA.D05.TREE.00277","ok","single bole tree","Live",7.9,130,8.4,,,,,,,,,,,,,"GqvoKDJSHekBNGWHKra8t3oi2TFkp+GcJ0KOFJjxYKI=","NEj2iWVH3bwRA9NwFC2tG5pcjGde053KtYf/7ELM3p0=","legacyData"
"84866541-c357-4047-9687-35771720c5a1","TREE_056.basePlot.vst","2017-08-28","vst_TREE_2017","D05","TREE","TREE_056",,"NEON.PLA.D05.TREE.03545","ok","sapling","Live",,,1.1,,,,,,,,1.1,10,,,,"GqvoKDJSHekBNGWHKra8t3oi2TFkp+GcJ0KOFJjxYKI=","NEj2iWVH3bwRA9NwFC2tG5pcjGde053KtYf/7ELM3p0=","legacyData"
"ed809689-de8f-4738-9d53-877abd549491","TREE_056.basePlot.vst","2017-08-28","vst_TREE_2017","D05","TREE","TREE_056",,"NEON.PLA.D05.TREE.00260","ok","single bole tree","Live",14.3,130,14.9,,,,,,,,,,,,,"GqvoKDJSHekBNGWHKra8t3oi2TFkp+GcJ0KOFJjxYKI=","NEj2iWVH3bwRA9NwFC2tG5pcjGde053KtYf/7ELM3p0=","legacyData"
"fdd00097-4a21-430f-a4e2-09ac2d5cac7b","TREE_056.basePlot.vst","2017-08-28","vst_TREE_2017","D05","TREE","TREE_056",,"NEON.PLA.D05.TREE.00281","ok","single shrub","Live",1.3,130,2.2,,,,1.4,1.0,,"inverted cone",2.4,10,0.30,0.20,,"GqvoKDJSHekBNGWHKra8t3oi2TFkp+GcJ0KOFJjxYKI=","NEj2iWVH3bwRA9NwFC2tG5pcjGde053KtYf/7ELM3p0=","legacyData"
"42244d3f-5d67-4286-a040-606b505ee67c","TREE_056.basePlot.vst","2017-08-28","vst_TREE_2017","D05","TREE","TREE_056",,"NEON.PLA.D05.TREE.00182","ok","small shrub","Live",,,1.5,,,,0.4,0.3,,"inverted cone",1.2,10,0.10,0.10,,"GqvoKDJSHekBNGWHKra8t3oi2TFkp+GcJ0KOFJjxYKI=","NEj2iWVH3bwRA9NwFC2tG5pcjGde053KtYf/7ELM3p0=","legacyData"
"9c115e0f-bd5a-4696-9041-7f49618ee373","TREE_056.basePlot.vst","2017-08-28","vst_TREE_2017","D05","TREE","TREE_056",,"NEON.PLA.D05.TREE.00232","ok","single bole tree","Live",33.6,130,18.4,,,,,,,,,,,,,"GqvoKDJSHekBNGWHKra8t3oi2TFkp+GcJ0KOFJjxYKI=","NEj2iWVH3bwRA9NwFC2tG5pcjGde053KtYf/7ELM3p0=","legacyData"
"bfce7ccb-d4c0-487e-9f0f-566735c3e057","TREE_056.basePlot.vst","2017-08-28","vst_TREE_2017","D05","TREE","TREE_056",,"NEON.PLA.D05.TREE.03544","ok","sapling","Live",,,1.5,,,,,,,,1.1,10,,,,"GqvoKDJSHekBNGWHKra8t3oi2TFkp+GcJ0KOFJjxYKI=","NEj2iWVH3bwRA9NwFC2tG5pcjGde053KtYf/7ELM3p0=","legacyData"
"74dc723a-c820-4aaf-8f6e-8779076c812f","TREE_056.basePlot.vst","2017-08-28","vst_TREE_2017","D05","TREE","TREE_056",,"NEON.PLA.D05.TREE.00243","ok","single bole tree","Live",18.9,130,14.7,,,,,,,,,,,,,"GqvoKDJSHekBNGWHKra8t3oi2TFkp+GcJ0KOFJjxYKI=","NEj2iWVH3bwRA9NwFC2tG5pcjGde053KtYf/7ELM3p0=","legacyData"
"a08bc0ca-a273-4426-a1d2-5df801c89c25","TREE_056.basePlot.vst","2017-08-28","vst_TREE_2017","D05","TREE","TREE_056",,"NEON.PLA.D05.TREE.00219","ok","single bole tree","Live",39.4,130,21.4,,,,,,,,,,,,,"GqvoKDJSHekBNGWHKra8t3oi2TFkp+GcJ0KOFJjxYKI=","NEj2iWVH3bwRA9NwFC2tG5pcjGde053KtYf/7ELM3p0=","legacyData"
"b99489af-dde0-4451-ae14-feb3f6f66c0d","TREE_056.basePlot.vst","2017-08-28","vst_TREE_2017","D05","TREE","TREE_056",,"NEON.PLA.D05.TREE.00258","ok","small tree","Live",6.4,130,4.2,,,,,,,,,,,,,"GqvoKDJSHekBNGWHKra8t3oi2TFkp+GcJ0KOFJjxYKI=","NEj2iWVH3bwRA9NwFC2tG5pcjGde053KtYf/7ELM3p0=","legacyData"
"3691110e-6f8b-4d8f-a326-e42bd1f4a4de","TREE_056.basePlot.vst","2017-08-28","vst_TREE_2017","D05","TREE","TREE_056",,"NEON.PLA.D05.TREE.00689","ok","single shrub","Live",1.2,130,1.7,,,,1.1,0.9,,"inverted cone",1.8,10,0.10,0.10,,"GqvoKDJSHekBNGWHKra8t3oi2TFkp+GcJ0KOFJjxYKI=","NEj2iWVH3bwRA9NwFC2tG5pcjGde053KtYf/7ELM3p0=","legacyData"
"c3ce93c4-724d-4cd7-8210-d81d5191562d","TREE_056.basePlot.vst","2017-08-28","vst_TREE_2017","D05","TREE","TREE_056",,"NEON.PLA.D05.TREE.00135","ok","single shrub","Live",2.1,130,2.1,,,,1.9,1.8,,"inverted cone",2.7,10,0.20,0.20,,"GqvoKDJSHekBNGWHKra8t3oi2TFkp+GcJ0KOFJjxYKI=","NEj2iWVH3bwRA9NwFC2tG5pcjGde053KtYf/7ELM3p0=","legacyData"
"6b116c0e-f548-4272-b408-f1feed731cba","TREE_056.basePlot.vst","2017-08-28","vst_TREE_2017","D05","TREE","TREE_056",,"NEON.PLA.D05.TREE.00252","ok","single bole tree","Live",31.7,130,18.5,,,,,,,,,,,,,"GqvoKDJSHekBNGWHKra8t3oi2TFkp+GcJ0KOFJjxYKI=","NEj2iWVH3bwRA9NwFC2tG5pcjGde053KtYf/7ELM3p0=","legacyData"
"96b4d82c-2fcb-4c7f-b540-0c33f879b741","TREE_056.basePlot.vst","2017-08-28","vst_TREE_2017","D05","TREE","TREE_056",,"NEON.PLA.D05.TREE.00108","ok","small tree","Live",2.1,130,2.6,,,,,,,,,,,,,"GqvoKDJSHekBNGWHKra8t3oi2TFkp+GcJ0KOFJjxYKI=","NEj2iWVH3bwRA9NwFC2tG5pcjGde053KtYf/7ELM3p0=","legacyData"
"24daa425-d250-483e-aed2-002762cfce10","TREE_056.basePlot.vst","2017-08-28","vst_TREE_2017","D05","TREE","TREE_056",,"NEON.PLA.D05.TREE.00287","ok","small shrub","Live",,,1.5,,,,,,,"inverted cone",2.7,10,,,,"GqvoKDJSHekBNGWHKra8t3oi2TFkp+GcJ0KOFJjxYKI=","NEj2iWVH3bwRA9NwFC2tG5pcjGde053KtYf/7ELM3p0=","legacyData"
"2502ce5a-0908-4e8b-81f3-4016e636b6c1","TREE_056.basePlot.vst","2017-08-28","vst_TREE_2017","D05","TREE","TREE_056",,"NEON.PLA.D05.TREE.00253","ok","single bole tree","Live",26.8,130,18.2,,,,,,,,,,,,,"GqvoKDJSHekBNGWHKra8t3oi2TFkp+GcJ0KOFJjxYKI=","NEj2iWVH3bwRA9NwFC2tG5pcjGde053KtYf/7ELM3p0=","legacyData"
"cf507243-d220-434b-a868-e53b0449d861","TREE_056.basePlot.vst","2017-08-28","vst_TREE_2017","D05","TREE","TREE_056",,"NEON.PLA.D05.TREE.00278","ok","single bole tree","Live",19.9,130,13.7,,,,,,,,,,,,,"GqvoKDJSHekBNGWHKra8t3oi2TFkp+GcJ0KOFJjxYKI=","NEj2iWVH3bwRA9NwFC2tG5pcjGde053KtYf/7ELM3p0=","legacyData"
"f7316c5a-fe7b-45d7-aa9e-4a337d593a0a","TREE_056.basePlot.vst","2017-08-28","vst_TREE_2017","D05","TREE","TREE_056",,"NEON.PLA.D05.TREE.00238","ok","single bole tree","Live",28.7,130,19.3,,,,,,,,,,,,,"GqvoKDJSHekBNGWHKra8t3oi2TFkp+GcJ0KOFJjxYKI=","NEj2iWVH3bwRA9NwFC2tG5pcjGde053KtYf/7ELM3p0=","legacyData"
"71f1da69-5c1e-4ab3-995a-9273bbff4860","TREE_056.basePlot.vst","2017-08-28","vst_TREE_2017","D05","TREE","TREE_056",,"NEON.PLA.D05.TREE.00273","ok","single bole tree","Live",21.5,130,17.4,,,,,,,,,,,,,"GqvoKDJSHekBNGWHKra8t3oi2TFkp+GcJ0KOFJjxYKI=","NEj2iWVH3bwRA9NwFC2tG5pcjGde053KtYf/7ELM3p0=","legacyData"
"d1ae9497-f4e7-44eb-b1dd-b43e25a5753a","TREE_056.basePlot.vst","2017-08-28","vst_TREE_2017","D05","TREE","TREE_056",,"NEON.PLA.D05.TREE.00282","ok","single shrub","Live",1.8,130,2.6,,,,2.6,1.5,,"inverted cone",2.9,10,0.20,0.20,,"GqvoKDJSHekBNGWHKra8t3oi2TFkp+GcJ0KOFJjxYKI=","NEj2iWVH3bwRA9NwFC2tG5pcjGde053KtYf/7ELM3p0=","legacyData"
"d036a3d3-bf24-4cd0-a059-c15b824daa52","TREE_056.basePlot.vst","2017-08-28","vst_TREE_2017","D05","TREE","TREE_056",,"NEON.PLA.D05.TREE.00280","ok","single bole tree","Live",8.0,130,7.1,,,,,,,,,,,,,"GqvoKDJSHekBNGWHKra8t3oi2TFkp+GcJ0KOFJjxYKI=","NEj2iWVH3bwRA9NwFC2tG5pcjGde053KtYf/7ELM3p0=","legacyData"
"d51c0699-edbe-46f1-be71-654686233754","TREE_056.basePlot.vst","2017-08-28","vst_TREE_2017","D05","TREE","TREE_056",,"NEON.PLA.D05.TREE.00284","ok","small shrub","Live",,,1.7,,,,2.0,1.7,,"inverted cone",2.8,10,0.20,0.30,,"GqvoKDJSHekBNGWHKra8t3oi2TFkp+GcJ0KOFJjxYKI=","NEj2iWVH3bwRA9NwFC2tG5pcjGde053KtYf/7ELM3p0=","legacyData"
"bf5e4bf7-1c7f-46f2-ba19-a006231713f1","TREE_056.basePlot.vst","2017-08-28","vst_TREE_2017","D05","TREE","TREE_056",,"NEON.PLA.D05.TREE.00054","ok","single shrub","Live",3.3,130,2.3,,,,2.2,2.0,,"inverted cone",4.2,10,0.40,0.40,,"GqvoKDJSHekBNGWHKra8t3oi2TFkp+GcJ0KOFJjxYKI=","NEj2iWVH3bwRA9NwFC2tG5pcjGde053KtYf/7ELM3p0=","legacyData"
"389da353-9a5e-43b0-846d-aa03d605b28c","TREE_056.basePlot.vst","2017-08-28","vst_TREE_2017","D05","TREE","TREE_056",,"NEON.PLA.D05.TREE.00262","ok","single shrub","Live",1.7,130,2.4,,,,1.2,1.0,,"inverted cone",2.2,10,0.20,0.20,,"GqvoKDJSHekBNGWHKra8t3oi2TFkp+GcJ0KOFJjxYKI=","NEj2iWVH3bwRA9NwFC2tG5pcjGde053KtYf/7ELM3p0=","legacyData"
"dd999f64-ecbe-46a6-96e7-93d714057521","TREE_056.basePlot.vst","2017-08-28","vst_TREE_2017","D05","TREE","TREE_056",,"NEON.PLA.D05.TREE.00256","ok","single bole tree","Live",26.5,130,18.1,,,,,,,,,,,,,"GqvoKDJSHekBNGWHKra8t3oi2TFkp+GcJ0KOFJjxYKI=","NEj2iWVH3bwRA9NwFC2tG5pcjGde053KtYf/7ELM3p0=","legacyData"
"2dc126ed-106f-4203-844e-4db7e5286560","TREE_056.basePlot.vst","2017-08-28","vst_TREE_2017","D05","TREE","TREE_056",,"NEON.PLA.D05.TREE.00261","ok","single bole tree","Live",32.0,130,19.3,,,,,,,,,,,,,"GqvoKDJSHekBNGWHKra8t3oi2TFkp+GcJ0KOFJjxYKI=","NEj2iWVH3bwRA9NwFC2tG5pcjGde053KtYf/7ELM3p0=","legacyData"
"3b6f5d3c-1c8b-4293-a46f-9a8b5a32bea5","TREE_056.basePlot.vst","2017-08-28","vst_TREE_2017","D05","TREE","TREE_056",,"NEON.PLA.D05.TREE.00115","ok","small tree","Live",3.6,130,2.7,,,,,,,,,,,,,"GqvoKDJSHekBNGWHKra8t3oi2TFkp+GcJ0KOFJjxYKI=","NEj2iWVH3bwRA9NwFC2tG5pcjGde053KtYf/7ELM3p0=","legacyData"
"6ffc9722-fb07-4839-bace-686907da57ad","TREE_056.basePlot.vst","2017-08-28","vst_TREE_2017","D05","TREE","TREE_056",,"NEON.PLA.D05.TREE.00117","ok","small tree","Live",3.3,10,2.8,,,,,,,,,,,,,"GqvoKDJSHekBNGWHKra8t3oi2TFkp+GcJ0KOFJjxYKI=","NEj2iWVH3bwRA9NwFC2tG5pcjGde053KtYf/7ELM3p0=","legacyData"
"443006e3-a528-47bc-90ae-304272e553b0","TREE_056.basePlot.vst","2017-08-28","vst_TREE_2017","D05","TREE","TREE_056",,"NEON.PLA.D05.TREE.03540","ok","small tree","Live",1.5,10,1.5,,,,,,,,,,,,,"GqvoKDJSHekBNGWHKra8t3oi2TFkp+GcJ0KOFJjxYKI=","NEj2iWVH3bwRA9NwFC2tG5pcjGde053KtYf/7ELM3p0=","legacyData"
"c236ab69-98f3-4840-a283-fc3fcf89c938","TREE_056.basePlot.vst","2017-08-28","vst_TREE_2017","D05","TREE","TREE_056",,"NEON.PLA.D05.TREE.00259","ok","single bole tree","Live",16.6,130,15.2,,,,,,,,,,,,,"GqvoKDJSHekBNGWHKra8t3oi2TFkp+GcJ0KOFJjxYKI=","NEj2iWVH3bwRA9NwFC2tG5pcjGde053KtYf/7ELM3p0=","legacyData"
"35d3c3b7-7231-4e7c-b98e-682c11bcf351","TREE_056.basePlot.vst","2017-08-28","vst_TREE_2017","D05","TREE","TREE_056",,"NEON.PLA.D05.TREE.00275","ok","single bole tree","Live",15.8,130,12.0,,,,,,,,,,,,,"GqvoKDJSHekBNGWHKra8t3oi2TFkp+GcJ0KOFJjxYKI=","NEj2iWVH3bwRA9NwFC2tG5pcjGde053KtYf/7ELM3p0=","legacyData"
"377718a0-8fb0-40fa-b1bf-6dd5427779ac","TREE_056.basePlot.vst","2017-08-28","vst_TREE_2017","D05","TREE","TREE_056",,"NEON.PLA.D05.TREE.00094","ok","single shrub","Live",1.2,130,1.5,,,,1.2,0.7,,"inverted cone",1.7,10,0.10,0.10,,"GqvoKDJSHekBNGWHKra8t3oi2TFkp+GcJ0KOFJjxYKI=","NEj2iWVH3bwRA9NwFC2tG5pcjGde053KtYf/7ELM3p0=","legacyData"
"d5dd9e19-84c1-4c5e-903f-3d1683894bc0","TREE_056.basePlot.vst","2017-08-28","vst_TREE_2017","D05","TREE","TREE_056",,"NEON.PLA.D05.TREE.00286","ok","single shrub","Live",1.3,130,2.5,,,,1.8,1.2,,"inverted cone",2.5,10,0.20,0.20,,"GqvoKDJSHekBNGWHKra8t3oi2TFkp+GcJ0KOFJjxYKI=","NEj2iWVH3bwRA9NwFC2tG5pcjGde053KtYf/7ELM3p0=","legacyData"
"243b66aa-fae1-4f13-b1e0-6e8ba7105faa","TREE_056.basePlot.vst","2017-08-28","vst_TREE_2017","D05","TREE","TREE_056",,"NEON.PLA.D05.TREE.00248","ok","single bole tree","Live",24.2,130,16.9,,,,,,,,,,,,,"GqvoKDJSHekBNGWHKra8t3oi2TFkp+GcJ0KOFJjxYKI=","NEj2iWVH3bwRA9NwFC2tG5pcjGde053KtYf/7ELM3p0=","legacyData"
"1caee1b7-87f7-42f9-8c6f-567c7eed1cdc","TREE_056.basePlot.vst","2017-08-28","vst_TREE_2017","D05","TREE","TREE_056",,"NEON.PLA.D05.TREE.00288","ok","single bole tree","Live",14.5,130,11.8,,,,,,,,,,,,,"GqvoKDJSHekBNGWHKra8t3oi2TFkp+GcJ0KOFJjxYKI=","NEj2iWVH3bwRA9NwFC2tG5pcjGde053KtYf/7ELM3p0=","legacyData"
"77d2e705-f1a5-4b10-9598-4783149746b5","TREE_056.basePlot.vst","2017-08-28","vst_TREE_2017","D05","TREE","TREE_056",,"NEON.PLA.D05.TREE.00692","ok","small shrub","Live",,,1.7,,,,0.7,0.4,,"inverted cone",1.4,10,0.10,0.10,,"GqvoKDJSHekBNGWHKra8t3oi2TFkp+GcJ0KOFJjxYKI=","NEj2iWVH3bwRA9NwFC2tG5pcjGde053KtYf/7ELM3p0=","legacyData"
"fd80f301-9600-4276-80bf-0a8f551f20b0","TREE_056.basePlot.vst","2017-08-28","vst_TREE_2017","D05","TREE","TREE_056",,"NEON.PLA.D05.TREE.00246","ok","single bole tree","Live",24.6,130,11.8,,,,,,,,,,,,,"GqvoKDJSHekBNGWHKra8t3oi2TFkp+GcJ0KOFJjxYKI=","NEj2iWVH3bwRA9NwFC2tG5pcjGde053KtYf/7ELM3p0=","legacyData"
"ec7bc3cf-eea1-46ce-a30f-2c355d70e7fe","TREE_050.basePlot.vst","2017-08-30","vst_TREE_2017","D05","TREE","TREE_050",,"NEON.PLA.D05.TREE.00045","ok","single bole tree","Live",12.4,130,10.6,,,,,,,,,,,,,"B/1XguR/VIn+6poxXX6Fz9l/Lnuan5x0zOrM56XsTCc=","UuiIeI4+6a4w2V3xx4xXIBtOUNDpdb+M","legacyData"
"d114f774-40be-4c65-b414-c857f40debd6","TREE_050.basePlot.vst","2017-08-30","vst_TREE_2017","D05","TREE","TREE_050",,"NEON.PLA.D05.TREE.00062","ok","small tree","Standing dead",6.8,130,8.7,,,,,,,,,,,,,"B/1XguR/VIn+6poxXX6Fz9l/Lnuan5x0zOrM56XsTCc=","UuiIeI4+6a4w2V3xx4xXIBtOUNDpdb+M","legacyData"
"aa1fd345-babb-4711-a565-da4ec9578f87","TREE_050.basePlot.vst","2017-08-30","vst_TREE_2017","D05","TREE","TREE_050",,"NEON.PLA.D05.TREE.00121","ok","single bole tree","Live",14.3,130,10.8,,,,,,,,,,,,,"B/1XguR/VIn+6poxXX6Fz9l/Lnuan5x0zOrM56XsTCc=","UuiIeI4+6a4w2V3xx4xXIBtOUNDpdb+M","legacyData"
"868e326d-4703-416f-8f3b-95f0623e9ab9","TREE_050.basePlot.vst","2017-08-30","vst_TREE_2017","D05","TREE","TREE_050",,"NEON.PLA.D05.TREE.00086","ok","single bole tree","Live",15.3,130,13.7,,,,,,,,,,,,,"B/1XguR/VIn+6poxXX6Fz9l/Lnuan5x0zOrM56XsTCc=","UuiIeI4+6a4w2V3xx4xXIBtOUNDpdb+M","legacyData"
"73165460-524f-4256-901b-058187a6d029","TREE_050.basePlot.vst","2017-08-30","vst_TREE_2017","D05","TREE","TREE_050",,"NEON.PLA.D05.TREE.00269","ok","small tree","Live",2.9,130,2.8,,,,,,,,,,,,,"B/1XguR/VIn+6poxXX6Fz9l/Lnuan5x0zOrM56XsTCc=","UuiIeI4+6a4w2V3xx4xXIBtOUNDpdb+M","legacyData"
"53559f28-f8d2-4ac2-830d-6c8340eae1ea","TREE_050.basePlot.vst","2017-08-30","vst_TREE_2017","D05","TREE","TREE_050",,"NEON.PLA.D05.TREE.00064","ok","single bole tree","Live",24.7,130,17.6,,,,,,,,,,,,,"B/1XguR/VIn+6poxXX6Fz9l/Lnuan5x0zOrM56XsTCc=","UuiIeI4+6a4w2V3xx4xXIBtOUNDpdb+M","legacyData"
"13983586-3121-46d1-9699-3b009017bb7a","TREE_050.basePlot.vst","2017-08-30","vst_TREE_2017","D05","TREE","TREE_050",,"NEON.PLA.D05.TREE.00216","ok","small tree","Live",9.8,130,10.0,,,,,,,,,,,,,"B/1XguR/VIn+6poxXX6Fz9l/Lnuan5x0zOrM56XsTCc=","UuiIeI4+6a4w2V3xx4xXIBtOUNDpdb+M","legacyData"
"2112322f-67e0-4569-9fdb-04320a87a82c","TREE_050.basePlot.vst","2017-08-30","vst_TREE_2017","D05","TREE","TREE_050",,"NEON.PLA.D05.TREE.00237","ok","single bole tree","Live",21.0,130,8.5,,,,,,,,,,,,,"B/1XguR/VIn+6poxXX6Fz9l/Lnuan5x0zOrM56XsTCc=","UuiIeI4+6a4w2V3xx4xXIBtOUNDpdb+M","legacyData"
"baf5b4f5-d172-4588-a57a-1d9cfc23ec55","TREE_050.basePlot.vst","2017-08-30","vst_TREE_2017","D05","TREE","TREE_050",,"NEON.PLA.D05.TREE.00040","ok","single bole tree","Live",25.1,130,17.1,,,,,,,,,,,,,"B/1XguR/VIn+6poxXX6Fz9l/Lnuan5x0zOrM56XsTCc=","UuiIeI4+6a4w2V3xx4xXIBtOUNDpdb+M","legacyData"
"267a9937-4c43-4836-a6d5-6c215e6b0146","TREE_050.basePlot.vst","2017-08-30","vst_TREE_2017","D05","TREE","TREE_050",,"NEON.PLA.D05.TREE.00234","ok","single bole tree","Live",40.7,130,22.4,,,,,,,,,,,,,"B/1XguR/VIn+6poxXX6Fz9l/Lnuan5x0zOrM56XsTCc=","UuiIeI4+6a4w2V3xx4xXIBtOUNDpdb+M","legacyData"
"036854da-2252-44b0-b9bd-480508ad35a6","TREE_050.basePlot.vst","2017-08-30","vst_TREE_2017","D05","TREE","TREE_050",,"NEON.PLA.D05.TREE.00099","ok","single bole tree","Dead, broken bole",17.0,130,7.3,,,,,,,,,,,,,"B/1XguR/VIn+6poxXX6Fz9l/Lnuan5x0zOrM56XsTCc=","UuiIeI4+6a4w2V3xx4xXIBtOUNDpdb+M","legacyData"
"b8af8c24-663d-4e6c-b9c7-b327d1bc406b","TREE_050.basePlot.vst","2017-08-30","vst_TREE_2017","D05","TREE","TREE_050",,"NEON.PLA.D05.TREE.00039","ok","single bole tree","Live",12.1,130,10.2,,,,,,,,,,,,,"B/1XguR/VIn+6poxXX6Fz9l/Lnuan5x0zOrM56XsTCc=","UuiIeI4+6a4w2V3xx4xXIBtOUNDpdb+M","legacyData"
"7e205c87-fa3e-411e-9c5d-63969a61765a","TREE_050.basePlot.vst","2017-08-30","vst_TREE_2017","D05","TREE","TREE_050",,"NEON.PLA.D05.TREE.00272","ok","sapling","Live",,,1.5,,,,,,,,3.2,10,,,,"B/1XguR/VIn+6poxXX6Fz9l/Lnuan5x0zOrM56XsTCc=","UuiIeI4+6a4w2V3xx4xXIBtOUNDpdb+M","legacyData"
"830f1db3-734a-4d18-9d9d-227c93b6a7c0","TREE_050.basePlot.vst","2017-08-30","vst_TREE_2017","D05","TREE","TREE_050",,"NEON.PLA.D05.TREE.00077","ok","small tree","Live",7.1,130,7.1,,,,,,,,,,,,,"B/1XguR/VIn+6poxXX6Fz9l/Lnuan5x0zOrM56XsTCc=","UuiIeI4+6a4w2V3xx4xXIBtOUNDpdb+M","legacyData"
"2206d7e4-6e3f-4999-ba0d-36b35d6acb4c","TREE_050.basePlot.vst","2017-08-30","vst_TREE_2017","D05","TREE","TREE_050",,"NEON.PLA.D05.TREE.00293","ok","sapling","Live",,,1.6,,,,,,,,1.9,10,,,,"B/1XguR/VIn+6poxXX6Fz9l/Lnuan5x0zOrM56XsTCc=","UuiIeI4+6a4w2V3xx4xXIBtOUNDpdb+M","legacyData"
"66d2ca05-2d8f-4997-9490-c2d3100fdb60","TREE_050.basePlot.vst","2017-08-30","vst_TREE_2017","D05","TREE","TREE_050",,"NEON.PLA.D05.TREE.00188","ok","single bole tree","Live",11.2,130,6.4,,,,,,,,,,,,,"B/1XguR/VIn+6poxXX6Fz9l/Lnuan5x0zOrM56XsTCc=","UuiIeI4+6a4w2V3xx4xXIBtOUNDpdb+M","legacyData"
"b13785b1-6876-439e-abc8-561fd5857dc9","TREE_050.basePlot.vst","2017-08-30","vst_TREE_2017","D05","TREE","TREE_050",,"NEON.PLA.D05.TREE.00006","ok","small tree","Live",1.5,130,2.6,,,,,,,,,,,,,"B/1XguR/VIn+6poxXX6Fz9l/Lnuan5x0zOrM56XsTCc=","UuiIeI4+6a4w2V3xx4xXIBtOUNDpdb+M","legacyData"
"ad01bdae-ec5d-4b65-841f-3efd3f1f7dce","TREE_050.basePlot.vst","2017-08-30","vst_TREE_2017","D05","TREE","TREE_050",,"NEON.PLA.D05.TREE.00007","ok","single bole tree","Live",31.5,130,18.5,,,,,,,,,,,,,"B/1XguR/VIn+6poxXX6Fz9l/Lnuan5x0zOrM56XsTCc=","UuiIeI4+6a4w2V3xx4xXIBtOUNDpdb+M","legacyData"
"920ee937-7471-4cdb-bacd-5675aac44c0a","TREE_050.basePlot.vst","2017-08-30","vst_TREE_2017","D05","TREE","TREE_050",,"NEON.PLA.D05.TREE.00067","ok","single bole tree","Live",14.1,130,14.6,,,,,,,,,,,,,"B/1XguR/VIn+6poxXX6Fz9l/Lnuan5x0zOrM56XsTCc=","UuiIeI4+6a4w2V3xx4xXIBtOUNDpdb+M","legacyData"
"bfeace4f-d134-4f32-b47a-28b9c940c951","TREE_050.basePlot.vst","2017-08-30","vst_TREE_2017","D05","TREE","TREE_050",,"NEON.PLA.D05.TREE.00213","ok","sapling","Live",,,1.3,,,,,,,,1.8,10,,,,"B/1XguR/VIn+6poxXX6Fz9l/Lnuan5x0zOrM56XsTCc=","UuiIeI4+6a4w2V3xx4xXIBtOUNDpdb+M","legacyData"
"b41670b9-8fc1-4a97-b05d-b82704cbc8f9","TREE_050.basePlot.vst","2017-08-30","vst_TREE_2017","D05","TREE","TREE_050",,"NEON.PLA.D05.TREE.00111","ok","single bole tree","Live",33.9,130,21.9,,,,,,,,,,,,,"B/1XguR/VIn+6poxXX6Fz9l/Lnuan5x0zOrM56XsTCc=","UuiIeI4+6a4w2V3xx4xXIBtOUNDpdb+M","legacyData"
"af77671e-aa8b-49dc-a41e-25a0eed18e98","TREE_050.basePlot.vst","2017-08-30","vst_TREE_2017","D05","TREE","TREE_050",,"NEON.PLA.D05.TREE.00018","ok","single bole tree","Live",16.3,130,15.7,,,,,,,,,,,,,"B/1XguR/VIn+6poxXX6Fz9l/Lnuan5x0zOrM56XsTCc=","UuiIeI4+6a4w2V3xx4xXIBtOUNDpdb+M","legacyData"
"1317521e-ca3a-477c-9a17-c0f65781012b","TREE_050.basePlot.vst","2017-08-30","vst_TREE_2017","D05","TREE","TREE_050",,"NEON.PLA.D05.TREE.00228","ok","sapling","Live",,,1.3,,,,,,,,1.9,10,,,,"B/1XguR/VIn+6poxXX6Fz9l/Lnuan5x0zOrM56XsTCc=","UuiIeI4+6a4w2V3xx4xXIBtOUNDpdb+M","legacyData"
"cce5cc0a-bd68-455e-a21c-885f5ab990d8","TREE_050.basePlot.vst","2017-08-30","vst_TREE_2017","D05","TREE","TREE_050",,"NEON.PLA.D05.TREE.00227","ok","small tree","Live",7.1,130,7.2,,,,,,,,,,,,,"B/1XguR/VIn+6poxXX6Fz9l/Lnuan5x0zOrM56XsTCc=","UuiIeI4+6a4w2V3xx4xXIBtOUNDpdb+M","legacyData"
"4683ee0c-7443-46af-a35c-2a0fe97af129","TREE_050.basePlot.vst","2017-08-30","vst_TREE_2017","D05","TREE","TREE_050",,"NEON.PLA.D05.TREE.00132","ok","single bole tree","Live",15.1,130,14.9,,,,,,,,,,,,,"B/1XguR/VIn+6poxXX6Fz9l/Lnuan5x0zOrM56XsTCc=","UuiIeI4+6a4w2V3xx4xXIBtOUNDpdb+M","legacyData"
"67f71266-9d28-4724-90eb-891008c2ba91","TREE_050.basePlot.vst","2017-08-30","vst_TREE_2017","D05","TREE","TREE_050",,"NEON.PLA.D05.TREE.00160","ok","small tree","Live",5.9,130,6.5,,,,,,,,,,,,,"B/1XguR/VIn+6poxXX6Fz9l/Lnuan5x0zOrM56XsTCc=","UuiIeI4+6a4w2V3xx4xXIBtOUNDpdb+M","legacyData"
"3dcd7760-94cc-45f5-9e13-50434283d2af","TREE_050.basePlot.vst","2017-08-30","vst_TREE_2017","D05","TREE","TREE_050",,"NEON.PLA.D05.TREE.00142","ok","single bole tree","Live",12.4,130,9.6,,,,,,,,,,,,,"B/1XguR/VIn+6poxXX6Fz9l/Lnuan5x0zOrM56XsTCc=","UuiIeI4+6a4w2V3xx4xXIBtOUNDpdb+M","legacyData"
"62913c75-4b5f-4aeb-af8c-dc961c0ff827","TREE_050.basePlot.vst","2017-08-30","vst_TREE_2017","D05","TREE","TREE_050",,"NEON.PLA.D05.TREE.00214","ok","sapling","Live",,,1.4,,,,,,,,2.1,10,,,,"B/1XguR/VIn+6poxXX6Fz9l/Lnuan5x0zOrM56XsTCc=","UuiIeI4+6a4w2V3xx4xXIBtOUNDpdb+M","legacyData"
"d4ee8c24-9ae5-45a7-852e-10953f281233","TREE_050.basePlot.vst","2017-08-30","vst_TREE_2017","D05","TREE","TREE_050",,"NEON.PLA.D05.TREE.00073","ok","single bole tree","Live",12.5,130,11.1,,,,,,,,,,,,,"B/1XguR/VIn+6poxXX6Fz9l/Lnuan5x0zOrM56XsTCc=","UuiIeI4+6a4w2V3xx4xXIBtOUNDpdb+M","legacyData"
"0c96775a-e773-447b-ae8e-fa3f30a5ee9a","TREE_050.basePlot.vst","2017-08-30","vst_TREE_2017","D05","TREE","TREE_050",,"NEON.PLA.D05.TREE.00071","ok","sapling","Live",,,1.4,,,,,,,,3.6,10,,,,"B/1XguR/VIn+6poxXX6Fz9l/Lnuan5x0zOrM56XsTCc=","UuiIeI4+6a4w2V3xx4xXIBtOUNDpdb+M","legacyData"
"3865c5fe-0744-4093-88e8-3f956c4b1233","TREE_050.basePlot.vst","2017-08-30","vst_TREE_2017","D05","TREE","TREE_050",,"NEON.PLA.D05.TREE.00276","ok","small tree","Live",5.1,130,5.6,,,,,,,,,,,,,"B/1XguR/VIn+6poxXX6Fz9l/Lnuan5x0zOrM56XsTCc=","UuiIeI4+6a4w2V3xx4xXIBtOUNDpdb+M","legacyData"
"64012d79-ad7c-425a-8194-b21f09025fad","TREE_050.basePlot.vst","2017-08-30","vst_TREE_2017","D05","TREE","TREE_050",,"NEON.PLA.D05.TREE.00070","ok","small tree","Live",6.3,130,6.9,,,,,,,,,,,,,"B/1XguR/VIn+6poxXX6Fz9l/Lnuan5x0zOrM56XsTCc=","UuiIeI4+6a4w2V3xx4xXIBtOUNDpdb+M","legacyData"
"a37ebbdb-65e1-4349-9c2f-818792893151","TREE_050.basePlot.vst","2017-08-30","vst_TREE_2017","D05","TREE","TREE_050",,"NEON.PLA.D05.TREE.00110","ok","single bole tree","Live",15.8,130,15.5,,,,,,,,,,,,,"B/1XguR/VIn+6poxXX6Fz9l/Lnuan5x0zOrM56XsTCc=","UuiIeI4+6a4w2V3xx4xXIBtOUNDpdb+M","legacyData"
"3a9d2fe1-b86d-43f6-bbfc-b5a4cf64b9e4","TREE_050.basePlot.vst","2017-08-30","vst_TREE_2017","D05","TREE","TREE_050",,"NEON.PLA.D05.TREE.00044","ok","single bole tree","Live",14.1,140,15.5,,,,,,,,,,,,,"B/1XguR/VIn+6poxXX6Fz9l/Lnuan5x0zOrM56XsTCc=","UuiIeI4+6a4w2V3xx4xXIBtOUNDpdb+M","legacyData"
"201f78a8-bbbb-44bf-97ab-f082231e0105","TREE_050.basePlot.vst","2017-08-30","vst_TREE_2017","D05","TREE","TREE_050",,"NEON.PLA.D05.TREE.00078","ok","small tree","Live",4.5,130,4.3,,,,,,,,,,,,,"B/1XguR/VIn+6poxXX6Fz9l/Lnuan5x0zOrM56XsTCc=","UuiIeI4+6a4w2V3xx4xXIBtOUNDpdb+M","legacyData"
"a1c6289e-7663-4674-a268-18cace1620b8","TREE_050.basePlot.vst","2017-08-30","vst_TREE_2017","D05","TREE","TREE_050",,"NEON.PLA.D05.TREE.00221","ok","small tree","Live",9.0,130,7.4,,,,,,,,,,,,,"B/1XguR/VIn+6poxXX6Fz9l/Lnuan5x0zOrM56XsTCc=","UuiIeI4+6a4w2V3xx4xXIBtOUNDpdb+M","legacyData"
"785966bf-d67e-454f-a1dc-350999256f32","TREE_050.basePlot.vst","2017-08-30","vst_TREE_2017","D05","TREE","TREE_050",,"NEON.PLA.D05.TREE.00231","ok","small tree","Live",5.5,130,6.0,,,,,,,,,,,,,"B/1XguR/VIn+6poxXX6Fz9l/Lnuan5x0zOrM56XsTCc=","UuiIeI4+6a4w2V3xx4xXIBtOUNDpdb+M","legacyData"
"a0e5c2e3-ea6c-47b3-be21-d5fbb3c386b4","TREE_050.basePlot.vst","2017-08-30","vst_TREE_2017","D05","TREE","TREE_050",,"NEON.PLA.D05.TREE.00187","ok","single bole tree","Dead, broken bole",16.6,130,9.4,,6.2,,,,,,,,,,,"B/1XguR/VIn+6poxXX6Fz9l/Lnuan5x0zOrM56XsTCc=","UuiIeI4+6a4w2V3xx4xXIBtOUNDpdb+M","legacyData"
"0c7677e6-ecda-40fd-870c-afef0584f478","TREE_050.basePlot.vst","2017-08-30","vst_TREE_2017","D05","TREE","TREE_050",,"NEON.PLA.D05.TREE.03535","ok","single bole tree","Live",19.1,130,16.5,,,,,,,,,,,,,"B/1XguR/VIn+6poxXX6Fz9l/Lnuan5x0zOrM56XsTCc=","UuiIeI4+6a4w2V3xx4xXIBtOUNDpdb+M","legacyData"
"c0af46fd-b83e-4934-a93c-61b9fc67fb9b","TREE_050.basePlot.vst","2017-08-30","vst_TREE_2017","D05","TREE","TREE_050",,"NEON.PLA.D05.TREE.00100","ok","small tree","Live",2.3,130,3.1,,,,,,,,,,,,,"B/1XguR/VIn+6poxXX6Fz9l/Lnuan5x0zOrM56XsTCc=","UuiIeI4+6a4w2V3xx4xXIBtOUNDpdb+M","legacyData"
"c6dacb3a-61c6-4b6e-89a6-db75f4124a44","TREE_050.basePlot.vst","2017-08-30","vst_TREE_2017","D05","TREE","TREE_050",,"NEON.PLA.D05.TREE.00083","ok","small tree","Live",2.0,130,2.3,,,,,,,,,,,,,"B/1XguR/VIn+6poxXX6Fz9l/Lnuan5x0zOrM56XsTCc=","UuiIeI4+6a4w2V3xx4xXIBtOUNDpdb+M","legacyData"
"5865d933-51d6-4358-9f3a-c5a983393aed","TREE_050.basePlot.vst","2017-08-30","vst_TREE_2017","D05","TREE","TREE_050",,"NEON.PLA.D05.TREE.00017","ok","small tree","Live",5.8,130,6.2,,,,,,,,,,,,,"B/1XguR/VIn+6poxXX6Fz9l/Lnuan5x0zOrM56XsTCc=","UuiIeI4+6a4w2V3xx4xXIBtOUNDpdb+M","legacyData"
"57ecd257-b20f-4e13-842b-a00067f7a2c6","TREE_050.basePlot.vst","2017-08-30","vst_TREE_2017","D05","TREE","TREE_050",,"NEON.PLA.D05.TREE.03536","ok","small tree","Live",6.1,130,4.7,,,,,,,,,,,,,"B/1XguR/VIn+6poxXX6Fz9l/Lnuan5x0zOrM56XsTCc=","UuiIeI4+6a4w2V3xx4xXIBtOUNDpdb+M","legacyData"
"e4de2d23-9842-4ea8-a338-8cf322b2b803","TREE_050.basePlot.vst","2017-08-30","vst_TREE_2017","D05","TREE","TREE_050",,"NEON.PLA.D05.TREE.00091","ok","single bole tree","Live",16.0,130,13.8,,,,,,,,,,,,,"B/1XguR/VIn+6poxXX6Fz9l/Lnuan5x0zOrM56XsTCc=","UuiIeI4+6a4w2V3xx4xXIBtOUNDpdb+M","legacyData"
"0f119113-e0ef-46fe-94cb-ee39e66d148a","TREE_050.basePlot.vst","2017-08-30","vst_TREE_2017","D05","TREE","TREE_050",,"NEON.PLA.D05.TREE.03537","ok","small tree","Live",3.0,130,3.5,,,,,,,,,,,,,"B/1XguR/VIn+6poxXX6Fz9l/Lnuan5x0zOrM56XsTCc=","UuiIeI4+6a4w2V3xx4xXIBtOUNDpdb+M","legacyData"
"08813dba-0b2c-48e8-a1b1-4bf7d058cb8a","TREE_050.basePlot.vst","2017-08-30","vst_TREE_2017","D05","TREE","TREE_050",,"NEON.PLA.D05.TREE.00628","ok","single bole tree","Live",47.1,130,21.6,,,,,,,,,,,,,"B/1XguR/VIn+6poxXX6Fz9l/Lnuan5x0zOrM56XsTCc=","UuiIeI4+6a4w2V3xx4xXIBtOUNDpdb+M","legacyData"
"c01a3d59-6da3-4239-9eed-65e287716088","TREE_054.basePlot.vst","2017-08-30","vst_TREE_2017","D05","TREE","TREE_054",,"NEON.PLA.D05.TREE.00357","ok","small tree","Live",4.0,130,2.6,,,,,,,,,,,,,"2Li2TmTZ1dmTCu9unJAMhJSXNkcRpdMMg0Aw45oBndk=","UuiIeI4+6a4w2V3xx4xXIBtOUNDpdb+M","legacyData"
"262dd77f-80fc-43fe-931b-817c7320e39a","TREE_054.basePlot.vst","2017-08-30","vst_TREE_2017","D05","TREE","TREE_054",,"NEON.PLA.D05.TREE.00207","ok","single bole tree","Live",10.9,130,9.1,,,,,,,,,,,,,"2Li2TmTZ1dmTCu9unJAMhJSXNkcRpdMMg0Aw45oBndk=","UuiIeI4+6a4w2V3xx4xXIBtOUNDpdb+M","legacyData"
"8d9960b8-4696-474e-b9b1-8c5481cbb493","TREE_054.basePlot.vst","2017-08-30","vst_TREE_2017","D05","TREE","TREE_054",,"NEON.PLA.D05.TREE.00596","ok","single bole tree","Live",12.6,130,11.2,,,,,,,,,,,,,"2Li2TmTZ1dmTCu9unJAMhJSXNkcRpdMMg0Aw45oBndk=","UuiIeI4+6a4w2V3xx4xXIBtOUNDpdb+M","legacyData"
"32ae63fd-6348-4e4a-9bad-a7651c42d89e","TREE_054.basePlot.vst","2017-08-30","vst_TREE_2017","D05","TREE","TREE_054",,"NEON.PLA.D05.TREE.00265","ok","single bole tree","Live",12.3,130,8.6,,,,,,,,,,,,,"2Li2TmTZ1dmTCu9unJAMhJSXNkcRpdMMg0Aw45oBndk=","UuiIeI4+6a4w2V3xx4xXIBtOUNDpdb+M","legacyData"
"72ca0846-4685-477b-ae9f-074dd0b94c65","TREE_054.basePlot.vst","2017-08-30","vst_TREE_2017","D05","TREE","TREE_054",,"NEON.PLA.D05.TREE.00349","ok","single bole tree","Live",11.9,130,10.1,,,,,,,,,,,,,"2Li2TmTZ1dmTCu9unJAMhJSXNkcRpdMMg0Aw45oBndk=","UuiIeI4+6a4w2V3xx4xXIBtOUNDpdb+M","legacyData"
"114f42e7-6b92-48b8-97f1-606ebf497991","TREE_054.basePlot.vst","2017-08-30","vst_TREE_2017","D05","TREE","TREE_054",,"NEON.PLA.D05.TREE.00224","ok","small tree","Live",9.3,130,10.0,,,,,,,,,,,,,"2Li2TmTZ1dmTCu9unJAMhJSXNkcRpdMMg0Aw45oBndk=","UuiIeI4+6a4w2V3xx4xXIBtOUNDpdb+M","legacyData"
"0a17e2b2-ee81-422d-a845-a15c8f641f0d","TREE_054.basePlot.vst","2017-08-30","vst_TREE_2017","D05","TREE","TREE_054",,"NEON.PLA.D05.TREE.00209","ok","single bole tree","Live",17.2,130,11.4,,,,,,,,,,,,,"2Li2TmTZ1dmTCu9unJAMhJSXNkcRpdMMg0Aw45oBndk=","UuiIeI4+6a4w2V3xx4xXIBtOUNDpdb+M","legacyData"
"d84fdc8e-6a23-44a3-95b1-599755ea6b00","TREE_054.basePlot.vst","2017-08-30","vst_TREE_2017","D05","TREE","TREE_054",,"NEON.PLA.D05.TREE.00373","removed","small tree","Downed",,,,,,,,,,,,,,,,"2Li2TmTZ1dmTCu9unJAMhJSXNkcRpdMMg0Aw45oBndk=","UuiIeI4+6a4w2V3xx4xXIBtOUNDpdb+M","legacyData"
"a190326e-0829-466b-9820-acc38bc7ce37","TREE_054.basePlot.vst","2017-08-30","vst_TREE_2017","D05","TREE","TREE_054",,"NEON.PLA.D05.TREE.00295","ok","single bole tree","Live",11.2,130,10.6,,,,,,,,,,,,,"2Li2TmTZ1dmTCu9unJAMhJSXNkcRpdMMg0Aw45oBndk=","UuiIeI4+6a4w2V3xx4xXIBtOUNDpdb+M","legacyData"
"cccddb1b-633f-4b75-9ecb-b946f56810e5","TREE_054.basePlot.vst","2017-08-30","vst_TREE_2017","D05","TREE","TREE_054",,"NEON.PLA.D05.TREE.00369","ok","small tree","Live",5.0,130,5.4,,,,,,,,,,,,,"2Li2TmTZ1dmTCu9unJAMhJSXNkcRpdMMg0Aw45oBndk=","UuiIeI4+6a4w2V3xx4xXIBtOUNDpdb+M","legacyData"
"0e638a45-ba0b-418c-88a1-8d1b42ca024d","TREE_054.basePlot.vst","2017-08-30","vst_TREE_2017","D05","TREE","TREE_054",,"NEON.PLA.D05.TREE.03499A","ok","multi-bole tree","Live",5.9,130,4.2,,,,,,,,,,,,,"2Li2TmTZ1dmTCu9unJAMhJSXNkcRpdMMg0Aw45oBndk=","UuiIeI4+6a4w2V3xx4xXIBtOUNDpdb+M","legacyData"
"bf4a25c0-5691-4a32-9e39-bdb229f66952","TREE_054.basePlot.vst","2017-08-30","vst_TREE_2017","D05","TREE","TREE_054",,"NEON.PLA.D05.TREE.00346","ok","single bole tree","Live,  other damage",16.6,130,9.5,,,,,,,,,,,,,"2Li2TmTZ1dmTCu9unJAMhJSXNkcRpdMMg0Aw45oBndk=","UuiIeI4+6a4w2V3xx4xXIBtOUNDpdb+M","legacyData"
"b6f5d3d2-43dd-4722-bbb6-d78151fea6eb","TREE_054.basePlot.vst","2017-08-30","vst_TREE_2017","D05","TREE","TREE_054",,"NEON.PLA.D05.TREE.00038","ok","single bole tree","Live",22.4,130,17.2,,,,,,,,,,,,,"2Li2TmTZ1dmTCu9unJAMhJSXNkcRpdMMg0Aw45oBndk=","UuiIeI4+6a4w2V3xx4xXIBtOUNDpdb+M","legacyData"
"00081a1e-016b-4b9e-8de5-c0696d69a97c","TREE_054.basePlot.vst","2017-08-30","vst_TREE_2017","D05","TREE","TREE_054",,"NEON.PLA.D05.TREE.00030","ok","single bole tree","Live",10.4,130,7.7,,,,,,,,,,,,,"2Li2TmTZ1dmTCu9unJAMhJSXNkcRpdMMg0Aw45oBndk=","UuiIeI4+6a4w2V3xx4xXIBtOUNDpdb+M","legacyData"
"f1c513d4-6469-4769-bc71-71682965af19","TREE_054.basePlot.vst","2017-08-30","vst_TREE_2017","D05","TREE","TREE_054",,"NEON.PLA.D05.TREE.00026","ok","single bole tree","Live",22.4,130,,,,,,,,,,,,,,"2Li2TmTZ1dmTCu9unJAMhJSXNkcRpdMMg0Aw45oBndk=","UuiIeI4+6a4w2V3xx4xXIBtOUNDpdb+M","legacyData"
"8b1cba52-6c53-4be8-afb8-ad69f731a99b","TREE_054.basePlot.vst","2017-08-30","vst_TREE_2017","D05","TREE","TREE_054",,"NEON.PLA.D05.TREE.00102","ok","sapling","Live",,,1.6,,,,,,,,2.1,10,,,,"2Li2TmTZ1dmTCu9unJAMhJSXNkcRpdMMg0Aw45oBndk=","UuiIeI4+6a4w2V3xx4xXIBtOUNDpdb+M","legacyData"
"c132a07a-9583-453c-a6c9-9265e9911894","TREE_054.basePlot.vst","2017-08-30","vst_TREE_2017","D05","TREE","TREE_054",,"NEON.PLA.D05.TREE.00335","ok","single bole tree","Live,  other damage",20.1,130,15.0,,,,,,,,,,,,,"2Li2TmTZ1dmTCu9unJAMhJSXNkcRpdMMg0Aw45oBndk=","UuiIeI4+6a4w2V3xx4xXIBtOUNDpdb+M","legacyData"
"f4f778c5-a396-429c-b8db-3a69c9eec9d7","TREE_054.basePlot.vst","2017-08-30","vst_TREE_2017","D05","TREE","TREE_054",,"NEON.PLA.D05.TREE.00304","ok","single bole tree","Live",11.9,130,9.1,,,,,,,,,,,,,"2Li2TmTZ1dmTCu9unJAMhJSXNkcRpdMMg0Aw45oBndk=","UuiIeI4+6a4w2V3xx4xXIBtOUNDpdb+M","legacyData"
"3db3de9b-d992-45fe-8903-ca3c7cb687c7","TREE_054.basePlot.vst","2017-08-30","vst_TREE_2017","D05","TREE","TREE_054",,"NEON.PLA.D05.TREE.00267","ok","sapling","Live",,,0.9,,,,,,,,1.2,10,,,,"2Li2TmTZ1dmTCu9unJAMhJSXNkcRpdMMg0Aw45oBndk=","UuiIeI4+6a4w2V3xx4xXIBtOUNDpdb+M","legacyData"
"98b0e76c-dad4-4434-9b84-0cc861f3aa87","TREE_053.basePlot.vst","2017-08-30","vst_TREE_2017","D05","TREE","TREE_053",,"NEON.PLA.D05.TREE.00570","ok","single bole tree","Live",29.5,130,21.6,,,,,,,,,,,,,"2Li2TmTZ1dmTCu9unJAMhJSXNkcRpdMMg0Aw45oBndk=","UuiIeI4+6a4w2V3xx4xXIBtOUNDpdb+M","legacyData"
"e17d5649-4eaf-4e2f-8797-e6e6fe5dd661","TREE_053.basePlot.vst","2017-08-30","vst_TREE_2017","D05","TREE","TREE_053",,"NEON.PLA.D05.TREE.00548","ok","sapling","Live, physically damaged",,,0.7,,,,,,,,1.1,10,,,,"2Li2TmTZ1dmTCu9unJAMhJSXNkcRpdMMg0Aw45oBndk=","UuiIeI4+6a4w2V3xx4xXIBtOUNDpdb+M","legacyData"
"87d5d353-5c22-494c-852a-6ab9e262de15","TREE_053.basePlot.vst","2017-08-30","vst_TREE_2017","D05","TREE","TREE_053",,"NEON.PLA.D05.TREE.00583","ok","single bole tree","Live",28.0,130,20.1,,,,,,,,,,,,,"2Li2TmTZ1dmTCu9unJAMhJSXNkcRpdMMg0Aw45oBndk=","UuiIeI4+6a4w2V3xx4xXIBtOUNDpdb+M","legacyData"
"8b87c5f6-05bd-4066-8c2d-afe290cc8513","TREE_053.basePlot.vst","2017-08-30","vst_TREE_2017","D05","TREE","TREE_053",,"NEON.PLA.D05.TREE.00567","ok","single bole tree","Live",14.4,130,13.7,,,,,,,,,,,,,"2Li2TmTZ1dmTCu9unJAMhJSXNkcRpdMMg0Aw45oBndk=","UuiIeI4+6a4w2V3xx4xXIBtOUNDpdb+M","legacyData"
"1bc813d3-a694-4f6c-8f80-c69481059aa6","TREE_053.basePlot.vst","2017-08-30","vst_TREE_2017","D05","TREE","TREE_053",,"NEON.PLA.D05.TREE.00569","ok","single bole tree","Live",39.4,130,18.3,,,,,,,,,,,,,"2Li2TmTZ1dmTCu9unJAMhJSXNkcRpdMMg0Aw45oBndk=","UuiIeI4+6a4w2V3xx4xXIBtOUNDpdb+M","legacyData"
"46511251-112c-41e9-9165-3f758491b52d","TREE_053.basePlot.vst","2017-08-30","vst_TREE_2017","D05","TREE","TREE_053",,"NEON.PLA.D05.TREE.00528","ok","sapling","Live",,,1.8,,,,,,,,2.1,10,,,,"2Li2TmTZ1dmTCu9unJAMhJSXNkcRpdMMg0Aw45oBndk=","UuiIeI4+6a4w2V3xx4xXIBtOUNDpdb+M","legacyData"
"2af7e698-15a4-4159-a218-72fb6e8def01","TREE_053.basePlot.vst","2017-08-30","vst_TREE_2017","D05","TREE","TREE_053",,"NEON.PLA.D05.TREE.00619","ok","single bole tree","Live",32.9,130,22.4,,,,,,,,,,,,,"2Li2TmTZ1dmTCu9unJAMhJSXNkcRpdMMg0Aw45oBndk=","UuiIeI4+6a4w2V3xx4xXIBtOUNDpdb+M","legacyData"
"4910ece4-d5b2-4ca7-b226-48193fc2837f","TREE_053.basePlot.vst","2017-08-30","vst_TREE_2017","D05","TREE","TREE_053",,"NEON.PLA.D05.TREE.03572","ok","small shrub","Live",,,1.4,0.4,,,1.2,1.1,,"ellipsoid or sphere",2.8,10,,,,"2Li2TmTZ1dmTCu9unJAMhJSXNkcRpdMMg0Aw45oBndk=","UuiIeI4+6a4w2V3xx4xXIBtOUNDpdb+M","legacyData"
"d6472504-9258-4050-a052-f162337de29a","TREE_053.basePlot.vst","2017-08-30","vst_TREE_2017","D05","TREE","TREE_053",,"NEON.PLA.D05.TREE.00650","ok","single bole tree","Live",15.0,130,17.1,,,,,,,,,,,,,"2Li2TmTZ1dmTCu9unJAMhJSXNkcRpdMMg0Aw45oBndk=","UuiIeI4+6a4w2V3xx4xXIBtOUNDpdb+M","legacyData"
"7915fc00-744e-4373-af35-3122fbe68a3a","TREE_053.basePlot.vst","2017-08-30","vst_TREE_2017","D05","TREE","TREE_053",,"NEON.PLA.D05.TREE.00651","ok","small tree","Live",9.8,130,13.4,,,,,,,,,,,,,"2Li2TmTZ1dmTCu9unJAMhJSXNkcRpdMMg0Aw45oBndk=","UuiIeI4+6a4w2V3xx4xXIBtOUNDpdb+M","legacyData"
"60c54c8b-9acb-4f3a-a755-e0785118f152","TREE_053.basePlot.vst","2017-08-30","vst_TREE_2017","D05","TREE","TREE_053",,"NEON.PLA.D05.TREE.00531","ok","small tree","Live",2.0,130,2.6,,,,,,,,,,,,,"2Li2TmTZ1dmTCu9unJAMhJSXNkcRpdMMg0Aw45oBndk=","UuiIeI4+6a4w2V3xx4xXIBtOUNDpdb+M","legacyData"
"9ea13f2f-0700-480c-bb89-cf1490b10ccc","TREE_053.basePlot.vst","2017-08-30","vst_TREE_2017","D05","TREE","TREE_053",,"NEON.PLA.D05.TREE.03570","ok","sapling","Live",,,0.8,,,,,,,,1.3,10,,,,"2Li2TmTZ1dmTCu9unJAMhJSXNkcRpdMMg0Aw45oBndk=","UuiIeI4+6a4w2V3xx4xXIBtOUNDpdb+M","legacyData"
"39ae26c9-7033-499b-a288-eabb22f777bc","TREE_053.basePlot.vst","2017-08-30","vst_TREE_2017","D05","TREE","TREE_053",,"NEON.PLA.D05.TREE.00546","ok","single bole tree","Live",13.3,130,14.4,,,,,,,,,,,,,"2Li2TmTZ1dmTCu9unJAMhJSXNkcRpdMMg0Aw45oBndk=","UuiIeI4+6a4w2V3xx4xXIBtOUNDpdb+M","legacyData"
"277ee64b-3159-42e6-9fc8-8b8606f200ea","TREE_053.basePlot.vst","2017-08-30","vst_TREE_2017","D05","TREE","TREE_053",,"NEON.PLA.D05.TREE.00626","ok","single bole tree","Live",21.8,130,17.2,,,,,,,,,,,,,"2Li2TmTZ1dmTCu9unJAMhJSXNkcRpdMMg0Aw45oBndk=","UuiIeI4+6a4w2V3xx4xXIBtOUNDpdb+M","legacyData"
"625f68c7-ea2e-4296-a379-829951c741a4","TREE_053.basePlot.vst","2017-08-30","vst_TREE_2017","D05","TREE","TREE_053",,"NEON.PLA.D05.TREE.00641","ok","small shrub","Live",,,1.7,0.3,,,1.4,1.4,,"ellipsoid or sphere",3.4,10,,,,"2Li2TmTZ1dmTCu9unJAMhJSXNkcRpdMMg0Aw45oBndk=","UuiIeI4+6a4w2V3xx4xXIBtOUNDpdb+M","legacyData"
"a6acfa9a-ba35-4426-856b-d3b84e6af652","TREE_053.basePlot.vst","2017-08-30","vst_TREE_2017","D05","TREE","TREE_053",,"NEON.PLA.D05.TREE.00524","ok","single bole tree","Live",12.0,130,12.5,,,,,,,,,,,,,"2Li2TmTZ1dmTCu9unJAMhJSXNkcRpdMMg0Aw45oBndk=","UuiIeI4+6a4w2V3xx4xXIBtOUNDpdb+M","legacyData"
"b6ee94b3-4185-4702-b01c-f7f7ab101b8a","TREE_053.basePlot.vst","2017-08-30","vst_TREE_2017","D05","TREE","TREE_053",,"NEON.PLA.D05.TREE.00529","ok","single shrub","Live",2.2,130,2.3,0.5,,,2.2,1.2,,"ellipsoid or sphere",4.4,10,,,,"2Li2TmTZ1dmTCu9unJAMhJSXNkcRpdMMg0Aw45oBndk=","UuiIeI4+6a4w2V3xx4xXIBtOUNDpdb+M","legacyData"
"3bbe6e6e-9807-4553-a564-5180788d28a5","TREE_053.basePlot.vst","2017-08-30","vst_TREE_2017","D05","TREE","TREE_053",,"NEON.PLA.D05.TREE.03571","ok","sapling","Live",,,0.9,,,,,,,,1.3,10,,,,"2Li2TmTZ1dmTCu9unJAMhJSXNkcRpdMMg0Aw45oBndk=","UuiIeI4+6a4w2V3xx4xXIBtOUNDpdb+M","legacyData"
"35d955ef-8295-4cec-bab9-0295b5699de1","TREE_053.basePlot.vst","2017-08-30","vst_TREE_2017","D05","TREE","TREE_053",,"NEON.PLA.D05.TREE.00640","ok","single shrub","Live",2.3,130,2.3,0.6,,,1.6,1.2,,"ellipsoid or sphere",4.5,10,,,,"2Li2TmTZ1dmTCu9unJAMhJSXNkcRpdMMg0Aw45oBndk=","UuiIeI4+6a4w2V3xx4xXIBtOUNDpdb+M","legacyData"
"b39fb1b8-ae4e-40dd-9e0c-30ca8ea47639","TREE_053.basePlot.vst","2017-08-30","vst_TREE_2017","D05","TREE","TREE_053",,"NEON.PLA.D05.TREE.00643","ok","single bole tree","Live",27.7,130,18.3,,,,,,,,,,,,,"2Li2TmTZ1dmTCu9unJAMhJSXNkcRpdMMg0Aw45oBndk=","UuiIeI4+6a4w2V3xx4xXIBtOUNDpdb+M","legacyData"
"d94e7682-9aa6-4938-b40e-1c1854eebf82","TREE_054.basePlot.vst","2017-08-30","vst_TREE_2017","D05","TREE","TREE_054",,"NEON.PLA.D05.TREE.00316","ok","single bole tree","Live",13.4,130,12.0,,,,,,,,,,,,,"2Li2TmTZ1dmTCu9unJAMhJSXNkcRpdMMg0Aw45oBndk=","UuiIeI4+6a4w2V3xx4xXIBtOUNDpdb+M","legacyData"
"68d9c7ed-ca20-4a04-b5c4-e6a28589d662","TREE_054.basePlot.vst","2017-08-30","vst_TREE_2017","D05","TREE","TREE_054",,"NEON.PLA.D05.TREE.00193","ok","single bole tree","Live",14.6,130,7.5,,,,,,,,,,,,,"2Li2TmTZ1dmTCu9unJAMhJSXNkcRpdMMg0Aw45oBndk=","UuiIeI4+6a4w2V3xx4xXIBtOUNDpdb+M","legacyData"
"758a1540-a1b8-4864-821d-59db85fc1fdd","TREE_054.basePlot.vst","2017-08-30","vst_TREE_2017","D05","TREE","TREE_054",,"NEON.PLA.D05.TREE.00663","ok","single bole tree","Live",32.6,130,19.8,,,,,,,,,,,,,"2Li2TmTZ1dmTCu9unJAMhJSXNkcRpdMMg0Aw45oBndk=","UuiIeI4+6a4w2V3xx4xXIBtOUNDpdb+M","legacyData"
"ec069afc-bc8d-4390-aea7-eb747103ffd9","TREE_054.basePlot.vst","2017-08-30","vst_TREE_2017","D05","TREE","TREE_054",,"NEON.PLA.D05.TREE.00347","ok","single bole tree","Live",22.8,130,16.0,,,,,,,,,,,,,"2Li2TmTZ1dmTCu9unJAMhJSXNkcRpdMMg0Aw45oBndk=","UuiIeI4+6a4w2V3xx4xXIBtOUNDpdb+M","legacyData"
"b6c5c01d-ef89-4d91-b01a-be3cd5ce3ff5","TREE_054.basePlot.vst","2017-08-30","vst_TREE_2017","D05","TREE","TREE_054",,"NEON.PLA.D05.TREE.00374","ok","single bole tree","Live",11.7,130,9.6,,,,,,,,,,,,,"2Li2TmTZ1dmTCu9unJAMhJSXNkcRpdMMg0Aw45oBndk=","UuiIeI4+6a4w2V3xx4xXIBtOUNDpdb+M","legacyData"
"5cbe3f8a-0227-4c6c-8544-d57de68679cc","TREE_054.basePlot.vst","2017-08-30","vst_TREE_2017","D05","TREE","TREE_054",,"NEON.PLA.D05.TREE.00379","ok","small tree","Live",6.2,130,5.6,,,,,,,,,,,,,"2Li2TmTZ1dmTCu9unJAMhJSXNkcRpdMMg0Aw45oBndk=","UuiIeI4+6a4w2V3xx4xXIBtOUNDpdb+M","legacyData"
"0bcab789-0f18-4c9f-99a7-1d4bd08e84e3","TREE_053.basePlot.vst","2017-08-30","vst_TREE_2017","D05","TREE","TREE_053",,"NEON.PLA.D05.TREE.00549","ok","single bole tree","Live",28.0,130,19.7,,,,,,,,,,,,,"2Li2TmTZ1dmTCu9unJAMhJSXNkcRpdMMg0Aw45oBndk=","UuiIeI4+6a4w2V3xx4xXIBtOUNDpdb+M","legacyData"
"8e5ae644-955b-449f-b96a-2fa33a4dc64e","TREE_053.basePlot.vst","2017-08-30","vst_TREE_2017","D05","TREE","TREE_053",,"NEON.PLA.D05.TREE.00621","ok","small tree","Live",5.5,130,5.3,,,,,,,,,,,,,"2Li2TmTZ1dmTCu9unJAMhJSXNkcRpdMMg0Aw45oBndk=","UuiIeI4+6a4w2V3xx4xXIBtOUNDpdb+M","legacyData"
"74a41dff-96da-4e1b-8366-6adad9ef6aa0","TREE_053.basePlot.vst","2017-08-30","vst_TREE_2017","D05","TREE","TREE_053",,"NEON.PLA.D05.TREE.00587","ok","single bole tree","Live",13.3,130,16.0,,,,,,,,,,,,,"2Li2TmTZ1dmTCu9unJAMhJSXNkcRpdMMg0Aw45oBndk=","UuiIeI4+6a4w2V3xx4xXIBtOUNDpdb+M","legacyData"
"53e9f51e-a3de-4c32-af2d-717737d05e24","TREE_053.basePlot.vst","2017-08-30","vst_TREE_2017","D05","TREE","TREE_053",,"NEON.PLA.D05.TREE.00645","ok","single bole tree","Live",17.6,130,14.2,,,,,,,,,,,,,"2Li2TmTZ1dmTCu9unJAMhJSXNkcRpdMMg0Aw45oBndk=","UuiIeI4+6a4w2V3xx4xXIBtOUNDpdb+M","legacyData"
"ae6e5832-0949-4959-9f02-588f8532ca8e","TREE_053.basePlot.vst","2017-08-30","vst_TREE_2017","D05","TREE","TREE_053",,"NEON.PLA.D05.TREE.00518","ok","single bole tree","Live",11.9,130,14.9,,,,,,,,,,,,,"2Li2TmTZ1dmTCu9unJAMhJSXNkcRpdMMg0Aw45oBndk=","UuiIeI4+6a4w2V3xx4xXIBtOUNDpdb+M","legacyData"
"b8d9193e-d2fd-4b57-b99e-77ae592a5699","TREE_053.basePlot.vst","2017-08-30","vst_TREE_2017","D05","TREE","TREE_053",,"NEON.PLA.D05.TREE.00644","ok","single bole tree","Live",44.7,130,21.7,,,,,,,,,,,,,"2Li2TmTZ1dmTCu9unJAMhJSXNkcRpdMMg0Aw45oBndk=","UuiIeI4+6a4w2V3xx4xXIBtOUNDpdb+M","legacyData"
"aebe0e3b-82c4-4c4d-a203-f04ee1b4eeab","TREE_054.basePlot.vst","2017-08-30","vst_TREE_2017","D05","TREE","TREE_054",,"NEON.PLA.D05.TREE.03499","ok","multi-bole tree","Live",11.2,130,8.7,,,,,,,,,,,,,"2Li2TmTZ1dmTCu9unJAMhJSXNkcRpdMMg0Aw45oBndk=","UuiIeI4+6a4w2V3xx4xXIBtOUNDpdb+M","legacyData"
"d2eb396b-adf0-41f1-a034-55e8a1216c6d","TREE_053.basePlot.vst","2017-08-30","vst_TREE_2017","D05","TREE","TREE_053",,"NEON.PLA.D05.TREE.00664","ok","single bole tree","Live",14.2,130,14.8,,,,,,,,,,,,,"2Li2TmTZ1dmTCu9unJAMhJSXNkcRpdMMg0Aw45oBndk=","UuiIeI4+6a4w2V3xx4xXIBtOUNDpdb+M","legacyData"
"84f5ecb4-b4f4-4a63-bc10-c179f3578481","TREE_053.basePlot.vst","2017-08-30","vst_TREE_2017","D05","TREE","TREE_053",,"NEON.PLA.D05.TREE.00670","ok","single bole tree","Live",52.6,130,22.9,,,,,,,,,,,,,"2Li2TmTZ1dmTCu9unJAMhJSXNkcRpdMMg0Aw45oBndk=","UuiIeI4+6a4w2V3xx4xXIBtOUNDpdb+M","legacyData"
"d76e0019-3816-4922-9d7b-d65142e32d66","TREE_053.basePlot.vst","2017-08-30","vst_TREE_2017","D05","TREE","TREE_053",,"NEON.PLA.D05.TREE.00613","ok","single bole tree","Live",15.6,130,14.0,,,,,,,,,,,,,"2Li2TmTZ1dmTCu9unJAMhJSXNkcRpdMMg0Aw45oBndk=","UuiIeI4+6a4w2V3xx4xXIBtOUNDpdb+M","legacyData"
"0b2ee06a-d742-426b-931e-73dc92d1a7e6","TREE_053.basePlot.vst","2017-08-30","vst_TREE_2017","D05","TREE","TREE_053",,"NEON.PLA.D05.TREE.00534","ok","single shrub","Live",1.0,130,2.0,0.6,,,1.5,0.8,,"ellipsoid or sphere",2.8,10,,,,"2Li2TmTZ1dmTCu9unJAMhJSXNkcRpdMMg0Aw45oBndk=","UuiIeI4+6a4w2V3xx4xXIBtOUNDpdb+M","legacyData"
"a80a717e-2189-4401-ad64-f8e6a9d78c74","TREE_053.basePlot.vst","2017-08-30","vst_TREE_2017","D05","TREE","TREE_053",,"NEON.PLA.D05.TREE.00590","ok","single bole tree","Live",23.2,130,17.7,,,,,,,,,,,,,"2Li2TmTZ1dmTCu9unJAMhJSXNkcRpdMMg0Aw45oBndk=","UuiIeI4+6a4w2V3xx4xXIBtOUNDpdb+M","legacyData"
"0d2033ca-05c7-4fda-a6f8-e7f6bd99932c","TREE_053.basePlot.vst","2017-08-30","vst_TREE_2017","D05","TREE","TREE_053",,"NEON.PLA.D05.TREE.00667","ok","small tree","Live",3.1,130,4.7,,,,,,,,,,,,,"2Li2TmTZ1dmTCu9unJAMhJSXNkcRpdMMg0Aw45oBndk=","UuiIeI4+6a4w2V3xx4xXIBtOUNDpdb+M","legacyData"
"c6fc3781-3772-4862-8dfe-77e7afada6dd","TREE_054.basePlot.vst","2017-08-30","vst_TREE_2017","D05","TREE","TREE_054",,"NEON.PLA.D05.TREE.00348","ok","single bole tree","Live",13.2,145,10.4,,,,,,,,,,,,,"2Li2TmTZ1dmTCu9unJAMhJSXNkcRpdMMg0Aw45oBndk=","UuiIeI4+6a4w2V3xx4xXIBtOUNDpdb+M","legacyData"
"3c6b0e96-7733-4bb7-b0a3-3e7a0fe40325","TREE_054.basePlot.vst","2017-08-30","vst_TREE_2017","D05","TREE","TREE_054",,"NEON.PLA.D05.TREE.00385","ok","small shrub","Standing dead",,,0.7,,,,,,,"ellipsoid or sphere",1.4,10,,,,"2Li2TmTZ1dmTCu9unJAMhJSXNkcRpdMMg0Aw45oBndk=","UuiIeI4+6a4w2V3xx4xXIBtOUNDpdb+M","legacyData"
"e8da34f4-1e71-41ad-a9c4-5c6d03bd1b7b","TREE_054.basePlot.vst","2017-08-30","vst_TREE_2017","D05","TREE","TREE_054",,"NEON.PLA.D05.TREE.00047","ok","single bole tree","Live",28.2,130,15.7,,,,,,,,,,,,,"2Li2TmTZ1dmTCu9unJAMhJSXNkcRpdMMg0Aw45oBndk=","UuiIeI4+6a4w2V3xx4xXIBtOUNDpdb+M","legacyData"
"7a235f8d-558d-4f22-8559-c8e1200c8b3d","TREE_054.basePlot.vst","2017-08-30","vst_TREE_2017","D05","TREE","TREE_054",,"NEON.PLA.D05.TREE.00351","ok","small tree","Live",4.5,130,5.1,,,,,,,,,,,,,"2Li2TmTZ1dmTCu9unJAMhJSXNkcRpdMMg0Aw45oBndk=","UuiIeI4+6a4w2V3xx4xXIBtOUNDpdb+M","legacyData"
"c97e0514-e6da-4a8c-acba-e280d6eee772","TREE_054.basePlot.vst","2017-08-30","vst_TREE_2017","D05","TREE","TREE_054",,"NEON.PLA.D05.TREE.00306","ok","single bole tree","Live",18.0,130,13.2,,,,,,,,,,,,,"2Li2TmTZ1dmTCu9unJAMhJSXNkcRpdMMg0Aw45oBndk=","UuiIeI4+6a4w2V3xx4xXIBtOUNDpdb+M","legacyData"
"5533605d-6527-403e-8394-527054b67adc","TREE_054.basePlot.vst","2017-08-30","vst_TREE_2017","D05","TREE","TREE_054",,"NEON.PLA.D05.TREE.00390","ok","single bole tree","Live",6.9,130,5.2,,,,,,,,,,,,,"2Li2TmTZ1dmTCu9unJAMhJSXNkcRpdMMg0Aw45oBndk=","UuiIeI4+6a4w2V3xx4xXIBtOUNDpdb+M","legacyData"
"571374ce-5112-49ae-acd6-771f12fb8903","TREE_054.basePlot.vst","2017-08-30","vst_TREE_2017","D05","TREE","TREE_054",,"NEON.PLA.D05.TREE.00391","ok","sapling","Live",,,1.4,,,,,,,,1.8,10,,,,"2Li2TmTZ1dmTCu9unJAMhJSXNkcRpdMMg0Aw45oBndk=","UuiIeI4+6a4w2V3xx4xXIBtOUNDpdb+M","legacyData"
"df0e64ea-9ab0-44b9-85fb-1a738e757159","TREE_054.basePlot.vst","2017-08-30","vst_TREE_2017","D05","TREE","TREE_054",,"NEON.PLA.D05.TREE.00203","ok","single bole tree","Live",35.6,130,18.0,,,,,,,,,,,,,"2Li2TmTZ1dmTCu9unJAMhJSXNkcRpdMMg0Aw45oBndk=","UuiIeI4+6a4w2V3xx4xXIBtOUNDpdb+M","legacyData"
"a0ea4c8d-554b-4905-b9b1-5c1090786640","TREE_054.basePlot.vst","2017-08-30","vst_TREE_2017","D05","TREE","TREE_054",,"NEON.PLA.D05.TREE.00075","ok","small tree","Standing dead",3.2,130,4.0,,,,,,,,,,,,,"2Li2TmTZ1dmTCu9unJAMhJSXNkcRpdMMg0Aw45oBndk=","UuiIeI4+6a4w2V3xx4xXIBtOUNDpdb+M","legacyData"
"8b9a15f9-e2cd-45d5-98fb-551d9c8003bd","TREE_054.basePlot.vst","2017-08-30","vst_TREE_2017","D05","TREE","TREE_054",,"NEON.PLA.D05.TREE.00037","ok","single bole tree","Live",13.5,130,11.6,,,,,,,,,,,,,"2Li2TmTZ1dmTCu9unJAMhJSXNkcRpdMMg0Aw45oBndk=","UuiIeI4+6a4w2V3xx4xXIBtOUNDpdb+M","legacyData"
"41773283-59d6-4561-ba9b-76918853f09e","TREE_053.basePlot.vst","2017-08-30","vst_TREE_2017","D05","TREE","TREE_053",,"NEON.PLA.D05.TREE.00633","ok","single bole tree","Live",10.1,130,10.3,,,,,,,,,,,,,"2Li2TmTZ1dmTCu9unJAMhJSXNkcRpdMMg0Aw45oBndk=","UuiIeI4+6a4w2V3xx4xXIBtOUNDpdb+M","legacyData"
"a1496c56-66e3-43da-85e7-7bfa6c5d8a3f","TREE_053.basePlot.vst","2017-08-30","vst_TREE_2017","D05","TREE","TREE_053",,"NEON.PLA.D05.TREE.00691","ok","single bole tree","Live",35.4,130,20.2,,,,,,,,,,,,,"2Li2TmTZ1dmTCu9unJAMhJSXNkcRpdMMg0Aw45oBndk=","UuiIeI4+6a4w2V3xx4xXIBtOUNDpdb+M","legacyData"
"0326f6cc-7230-44cd-8ef9-20120b78ca0b","TREE_053.basePlot.vst","2017-08-30","vst_TREE_2017","D05","TREE","TREE_053",,"NEON.PLA.D05.TREE.00636","ok","small shrub","Live",,,1.5,0.1,,,1.3,1.2,,"ellipsoid or sphere",2.1,10,,,,"2Li2TmTZ1dmTCu9unJAMhJSXNkcRpdMMg0Aw45oBndk=","UuiIeI4+6a4w2V3xx4xXIBtOUNDpdb+M","legacyData"
"01f9552f-e7e3-40f4-ab22-09a5c704be6d","TREE_053.basePlot.vst","2017-08-30","vst_TREE_2017","D05","TREE","TREE_053",,"NEON.PLA.D05.TREE.00623","ok","single bole tree","Live",34.5,130,18.6,,,,,,,,,,,,,"2Li2TmTZ1dmTCu9unJAMhJSXNkcRpdMMg0Aw45oBndk=","UuiIeI4+6a4w2V3xx4xXIBtOUNDpdb+M","legacyData"
"5e23edca-6661-4740-99a6-3e3294fa65b6","TREE_053.basePlot.vst","2017-08-30","vst_TREE_2017","D05","TREE","TREE_053",,"NEON.PLA.D05.TREE.00632","ok","sapling","Live",,,1.5,,,,,,,,2.9,10,,,,"2Li2TmTZ1dmTCu9unJAMhJSXNkcRpdMMg0Aw45oBndk=","UuiIeI4+6a4w2V3xx4xXIBtOUNDpdb+M","legacyData"
"ea015295-21ed-435e-80e1-776d86941bf8","TREE_053.basePlot.vst","2017-08-30","vst_TREE_2017","D05","TREE","TREE_053",,"NEON.PLA.D05.TREE.00536","ok","sapling","Live",,,1.2,,,,,,,,2.0,10,,,,"2Li2TmTZ1dmTCu9unJAMhJSXNkcRpdMMg0Aw45oBndk=","UuiIeI4+6a4w2V3xx4xXIBtOUNDpdb+M","legacyData"
"9b381bc3-d29d-48a0-be46-ddfb8c5f062b","TREE_053.basePlot.vst","2017-08-30","vst_TREE_2017","D05","TREE","TREE_053",,"NEON.PLA.D05.TREE.00508","ok","single bole tree","Live",14.5,130,13.9,,,,,,,,,,,,,"2Li2TmTZ1dmTCu9unJAMhJSXNkcRpdMMg0Aw45oBndk=","UuiIeI4+6a4w2V3xx4xXIBtOUNDpdb+M","legacyData"
"4a5991ad-f0d4-4d76-8995-df2f5df37c80","TREE_053.basePlot.vst","2017-08-30","vst_TREE_2017","D05","TREE","TREE_053",,"NEON.PLA.D05.TREE.00636","ok","small shrub","Live",,,1.5,0.1,,,1.3,1.2,,"ellipsoid or sphere",4.9,10,,,,"2Li2TmTZ1dmTCu9unJAMhJSXNkcRpdMMg0Aw45oBndk=","UuiIeI4+6a4w2V3xx4xXIBtOUNDpdb+M","legacyData"
"20245fd7-e209-4a63-af90-5b3a028e42c8","TREE_053.basePlot.vst","2017-08-30","vst_TREE_2017","D05","TREE","TREE_053",,"NEON.PLA.D05.TREE.00547","ok","single bole tree","Live",43.6,130,22.6,,,,,,,,,,,,,"2Li2TmTZ1dmTCu9unJAMhJSXNkcRpdMMg0Aw45oBndk=","UuiIeI4+6a4w2V3xx4xXIBtOUNDpdb+M","legacyData"
"f898d604-d7c4-4245-ab69-83b8e22dfd34","TREE_053.basePlot.vst","2017-08-30","vst_TREE_2017","D05","TREE","TREE_053",,"NEON.PLA.D05.TREE.00522","ok","small shrub","Live",,,1.5,0.2,,,1.8,1.5,,"ellipsoid or sphere",4.0,10,,,,"2Li2TmTZ1dmTCu9unJAMhJSXNkcRpdMMg0Aw45oBndk=","UuiIeI4+6a4w2V3xx4xXIBtOUNDpdb+M","legacyData"
"cddf04d0-3220-4abe-b2d2-5eef5ac8cfea","TREE_053.basePlot.vst","2017-08-30","vst_TREE_2017","D05","TREE","TREE_053",,"NEON.PLA.D05.TREE.00507","ok","single bole tree","Live",27.2,130,18.4,,,,,,,,,,,,,"2Li2TmTZ1dmTCu9unJAMhJSXNkcRpdMMg0Aw45oBndk=","UuiIeI4+6a4w2V3xx4xXIBtOUNDpdb+M","legacyData"
"af0d7bdc-3f9e-4ec4-8002-c7f4ffbf0075","TREE_053.basePlot.vst","2017-08-30","vst_TREE_2017","D05","TREE","TREE_053",,"NEON.PLA.D05.TREE.00674","ok","single bole tree","Live",43.3,130,20.9,,,,,,,,,,,,,"2Li2TmTZ1dmTCu9unJAMhJSXNkcRpdMMg0Aw45oBndk=","UuiIeI4+6a4w2V3xx4xXIBtOUNDpdb+M","legacyData"
"cb4b6224-dc04-4c84-b7f8-c39cd92bb845","TREE_053.basePlot.vst","2017-08-30","vst_TREE_2017","D05","TREE","TREE_053",,"NEON.PLA.D05.TREE.00562","ok","single bole tree","Live",33.1,130,21.1,,,,,,,,,,,,,"2Li2TmTZ1dmTCu9unJAMhJSXNkcRpdMMg0Aw45oBndk=","UuiIeI4+6a4w2V3xx4xXIBtOUNDpdb+M","legacyData"
"82cc8d17-cdb9-41c1-ba3b-9b6d74c094ee","TREE_053.basePlot.vst","2017-08-30","vst_TREE_2017","D05","TREE","TREE_053",,"NEON.PLA.D05.TREE.00571","ok","small shrub","Live",,,1.5,0.2,,,1.6,1.5,,"ellipsoid or sphere",3.8,10,,,,"2Li2TmTZ1dmTCu9unJAMhJSXNkcRpdMMg0Aw45oBndk=","UuiIeI4+6a4w2V3xx4xXIBtOUNDpdb+M","legacyData"
"bed075e6-60df-4f89-ae39-3146918878a4","TREE_054.basePlot.vst","2017-08-30","vst_TREE_2017","D05","TREE","TREE_054",,"NEON.PLA.D05.TREE.00339","ok","single bole tree","Live",13.8,130,11.7,,,,,,,,,,,,,"2Li2TmTZ1dmTCu9unJAMhJSXNkcRpdMMg0Aw45oBndk=","UuiIeI4+6a4w2V3xx4xXIBtOUNDpdb+M","legacyData"
"ba8c6983-7fec-4c16-b1ca-4c1ba8531555","TREE_054.basePlot.vst","2017-08-30","vst_TREE_2017","D05","TREE","TREE_054",,"NEON.PLA.D05.TREE.00367","ok","single bole tree","Live",10.6,130,9.6,,,,,,,,,,,,,"2Li2TmTZ1dmTCu9unJAMhJSXNkcRpdMMg0Aw45oBndk=","UuiIeI4+6a4w2V3xx4xXIBtOUNDpdb+M","legacyData"
"ad686c5b-a153-424a-aeb0-f2ebb752a936","TREE_054.basePlot.vst","2017-08-30","vst_TREE_2017","D05","TREE","TREE_054",,"NEON.PLA.D05.TREE.00389","ok","single bole tree","Live",17.1,130,9.3,,,,,,,,,,,,,"2Li2TmTZ1dmTCu9unJAMhJSXNkcRpdMMg0Aw45oBndk=","UuiIeI4+6a4w2V3xx4xXIBtOUNDpdb+M","legacyData"
"78bef799-bd50-41c2-9c7b-03c1760617b8","TREE_054.basePlot.vst","2017-08-30","vst_TREE_2017","D05","TREE","TREE_054",,"NEON.PLA.D05.TREE.00241","ok","single bole tree","Live",17.6,130,13.9,,,,,,,,,,,,,"2Li2TmTZ1dmTCu9unJAMhJSXNkcRpdMMg0Aw45oBndk=","UuiIeI4+6a4w2V3xx4xXIBtOUNDpdb+M","legacyData"
"08ade02b-d0b3-48c3-8210-19bb607cf769","TREE_054.basePlot.vst","2017-08-30","vst_TREE_2017","D05","TREE","TREE_054",,"NEON.PLA.D05.TREE.00397","ok","small tree","Standing dead",2.6,130,3.7,,,,,,,,,,,,,"2Li2TmTZ1dmTCu9unJAMhJSXNkcRpdMMg0Aw45oBndk=","UuiIeI4+6a4w2V3xx4xXIBtOUNDpdb+M","legacyData"
"72c8f542-ed5e-4243-810b-4e01545d1ba2","TREE_054.basePlot.vst","2017-08-30","vst_TREE_2017","D05","TREE","TREE_054",,"NEON.PLA.D05.TREE.00599","ok","single bole tree","Live",11.8,130,,,,,,,,,,,,,,"2Li2TmTZ1dmTCu9unJAMhJSXNkcRpdMMg0Aw45oBndk=","UuiIeI4+6a4w2V3xx4xXIBtOUNDpdb+M","legacyData"
"734804ff-410a-488f-9d8d-5d0d032d6cc1","TREE_054.basePlot.vst","2017-08-30","vst_TREE_2017","D05","TREE","TREE_054",,"NEON.PLA.D05.TREE.00210","ok","single bole tree","Live",11.8,130,7.8,,,,,,,,,,,,,"2Li2TmTZ1dmTCu9unJAMhJSXNkcRpdMMg0Aw45oBndk=","UuiIeI4+6a4w2V3xx4xXIBtOUNDpdb+M","legacyData"
"988e0771-90ac-4f67-83c1-285f98d39b91","TREE_054.basePlot.vst","2017-08-30","vst_TREE_2017","D05","TREE","TREE_054",,"NEON.PLA.D05.TREE.00294","ok","single bole tree","Live",13.6,130,10.6,,,,,,,,,,,,,"2Li2TmTZ1dmTCu9unJAMhJSXNkcRpdMMg0Aw45oBndk=","UuiIeI4+6a4w2V3xx4xXIBtOUNDpdb+M","legacyData"
"e87a2631-ef27-4f58-b3c1-fa227ddd96cb","TREE_054.basePlot.vst","2017-08-30","vst_TREE_2017","D05","TREE","TREE_054",,"NEON.PLA.D05.TREE.00069","ok","single bole tree","Live",11.1,130,8.8,,,,,,,,,,,,,"2Li2TmTZ1dmTCu9unJAMhJSXNkcRpdMMg0Aw45oBndk=","UuiIeI4+6a4w2V3xx4xXIBtOUNDpdb+M","legacyData"
"2962a1a3-f759-4001-af81-d333c747391c","TREE_054.basePlot.vst","2017-08-30","vst_TREE_2017","D05","TREE","TREE_054",,"NEON.PLA.D05.TREE.00318","ok","single bole tree","Live",11.7,130,11.4,,,,,,,,,,,,,"2Li2TmTZ1dmTCu9unJAMhJSXNkcRpdMMg0Aw45oBndk=","UuiIeI4+6a4w2V3xx4xXIBtOUNDpdb+M","legacyData"
"02442c6c-39de-4128-abf5-09f0bdad011a","TREE_054.basePlot.vst","2017-08-30","vst_TREE_2017","D05","TREE","TREE_054",,"NEON.PLA.D05.TREE.00204","ok","single bole tree","Live",27.6,130,16.3,,,,,,,,,,,,,"2Li2TmTZ1dmTCu9unJAMhJSXNkcRpdMMg0Aw45oBndk=","UuiIeI4+6a4w2V3xx4xXIBtOUNDpdb+M","legacyData"
"cae44cb4-c85f-4e5e-9207-fc5052a2f950","TREE_054.basePlot.vst","2017-08-30","vst_TREE_2017","D05","TREE","TREE_054",,"NEON.PLA.D05.TREE.00317","ok","single bole tree","Live",11.4,130,10.4,,,,,,,,,,,,,"2Li2TmTZ1dmTCu9unJAMhJSXNkcRpdMMg0Aw45oBndk=","UuiIeI4+6a4w2V3xx4xXIBtOUNDpdb+M","legacyData"
"573e5a79-5181-4a58-bf97-43de7a58bb11","TREE_054.basePlot.vst","2017-08-30","vst_TREE_2017","D05","TREE","TREE_054",,"NEON.PLA.D05.TREE.00338","ok","single bole tree","Live",11.7,130,9.6,,,,,,,,,,,,,"2Li2TmTZ1dmTCu9unJAMhJSXNkcRpdMMg0Aw45oBndk=","UuiIeI4+6a4w2V3xx4xXIBtOUNDpdb+M","legacyData"
"4d41c81b-7101-4f46-bc86-43e6da73a785","TREE_054.basePlot.vst","2017-08-30","vst_TREE_2017","D05","TREE","TREE_054",,"NEON.PLA.D05.TREE.00200","ok","single bole tree","Live",28.2,130,18.7,,,,,,,,,,,,,"2Li2TmTZ1dmTCu9unJAMhJSXNkcRpdMMg0Aw45oBndk=","UuiIeI4+6a4w2V3xx4xXIBtOUNDpdb+M","legacyData"
"b0d4c754-4b0c-4cc8-a523-a7dd9f63ae39","TREE_054.basePlot.vst","2017-08-30","vst_TREE_2017","D05","TREE","TREE_054",,"NEON.PLA.D05.TREE.00290","ok","single bole tree","Live",12.7,130,11.8,,,,,,,,,,,,,"2Li2TmTZ1dmTCu9unJAMhJSXNkcRpdMMg0Aw45oBndk=","UuiIeI4+6a4w2V3xx4xXIBtOUNDpdb+M","legacyData"
"ca80b232-4180-457c-9e19-f482e2fad971","TREE_054.basePlot.vst","2017-08-30","vst_TREE_2017","D05","TREE","TREE_054",,"NEON.PLA.D05.TREE.00074","ok","single bole tree","Live",10.8,130,8.7,,,,,,,,,,,,,"2Li2TmTZ1dmTCu9unJAMhJSXNkcRpdMMg0Aw45oBndk=","UuiIeI4+6a4w2V3xx4xXIBtOUNDpdb+M","legacyData"
"7bcf2f34-058b-4773-9619-860504f39060","TREE_054.basePlot.vst","2017-08-30","vst_TREE_2017","D05","TREE","TREE_054",,"NEON.PLA.D05.TREE.03498","ok","small tree","Live",3.7,130,4.2,,,,,,,,,,,,,"2Li2TmTZ1dmTCu9unJAMhJSXNkcRpdMMg0Aw45oBndk=","UuiIeI4+6a4w2V3xx4xXIBtOUNDpdb+M","legacyData"
"7e0e16f9-5a92-4faf-aad5-a269a64f13d4","TREE_054.basePlot.vst","2017-08-30","vst_TREE_2017","D05","TREE","TREE_054",,"NEON.PLA.D05.TREE.00344","ok","small tree","Live",7.1,130,,,,,,,,,,,,,,"2Li2TmTZ1dmTCu9unJAMhJSXNkcRpdMMg0Aw45oBndk=","UuiIeI4+6a4w2V3xx4xXIBtOUNDpdb+M","legacyData"
"af699976-d0eb-48f7-b24e-091a65896527","TREE_054.basePlot.vst","2017-08-30","vst_TREE_2017","D05","TREE","TREE_054",,"NEON.PLA.D05.TREE.00315","ok","single bole tree","Live",11.0,130,10.1,,,,,,,,,,,,,"2Li2TmTZ1dmTCu9unJAMhJSXNkcRpdMMg0Aw45oBndk=","UuiIeI4+6a4w2V3xx4xXIBtOUNDpdb+M","legacyData"
"520bcaec-170b-470f-bcc9-e919fa2c58e8","TREE_054.basePlot.vst","2017-08-30","vst_TREE_2017","D05","TREE","TREE_054",,"NEON.PLA.D05.TREE.00355","ok","single bole tree","Live",25.4,130,14.0,,,,,,,,,,,,,"2Li2TmTZ1dmTCu9unJAMhJSXNkcRpdMMg0Aw45oBndk=","UuiIeI4+6a4w2V3xx4xXIBtOUNDpdb+M","legacyData"
"5f009265-bc56-4ad3-a4f5-435466b83f83","TREE_054.basePlot.vst","2017-08-30","vst_TREE_2017","D05","TREE","TREE_054",,"NEON.PLA.D05.TREE.00320","ok","single bole tree","Live",11.3,130,11.1,,,,,,,,,,,,,"2Li2TmTZ1dmTCu9unJAMhJSXNkcRpdMMg0Aw45oBndk=","UuiIeI4+6a4w2V3xx4xXIBtOUNDpdb+M","legacyData"
"e8639e71-6b94-433d-b4ca-2cb0c229f37a","TREE_054.basePlot.vst","2017-08-30","vst_TREE_2017","D05","TREE","TREE_054",,"NEON.PLA.D05.TREE.00377","ok","small tree","Live",4.6,130,6.8,,,,,,,,,,,,,"2Li2TmTZ1dmTCu9unJAMhJSXNkcRpdMMg0Aw45oBndk=","UuiIeI4+6a4w2V3xx4xXIBtOUNDpdb+M","legacyData"
"4095497b-de65-499b-a9a9-0deac2628dac","TREE_053.basePlot.vst","2017-08-30","vst_TREE_2017","D05","TREE","TREE_053",,"NEON.PLA.D05.TREE.00551","ok","sapling","Live",,,1.4,,,,,,,,1.7,10,,,,"2Li2TmTZ1dmTCu9unJAMhJSXNkcRpdMMg0Aw45oBndk=","UuiIeI4+6a4w2V3xx4xXIBtOUNDpdb+M","legacyData"
"462f391a-f031-49f9-bd75-794b6b862dd9","TREE_053.basePlot.vst","2017-08-30","vst_TREE_2017","D05","TREE","TREE_053",,"NEON.PLA.D05.TREE.00649","ok","sapling","Live, physically damaged",,,0.6,,,,,,,,1.6,10,,,,"2Li2TmTZ1dmTCu9unJAMhJSXNkcRpdMMg0Aw45oBndk=","UuiIeI4+6a4w2V3xx4xXIBtOUNDpdb+M","legacyData"
"bcb983b8-5f91-4543-bac9-7436ca9e5e84","TREE_053.basePlot.vst","2017-08-30","vst_TREE_2017","D05","TREE","TREE_053",,"NEON.PLA.D05.TREE.00520","ok","small shrub","Live",,,1.5,0.5,,,1.0,1.0,,"ellipsoid or sphere",2.4,10,,,,"2Li2TmTZ1dmTCu9unJAMhJSXNkcRpdMMg0Aw45oBndk=","UuiIeI4+6a4w2V3xx4xXIBtOUNDpdb+M","legacyData"
"9805254b-dec6-448f-a07d-637dfc2fb95f","TREE_053.basePlot.vst","2017-08-30","vst_TREE_2017","D05","TREE","TREE_053",,"NEON.PLA.D05.TREE.00612","ok","sapling","Live, physically damaged",,,0.9,,,,,,,,1.2,10,,,,"2Li2TmTZ1dmTCu9unJAMhJSXNkcRpdMMg0Aw45oBndk=","UuiIeI4+6a4w2V3xx4xXIBtOUNDpdb+M","legacyData"
"cf49fc21-3ff8-46a5-80bd-40d2edf2bbe5","TREE_053.basePlot.vst","2017-08-30","vst_TREE_2017","D05","TREE","TREE_053",,"NEON.PLA.D05.TREE.00584","ok","single bole tree","Live, physically damaged",28.8,150,19.0,,,,,,,,,,,,,"2Li2TmTZ1dmTCu9unJAMhJSXNkcRpdMMg0Aw45oBndk=","UuiIeI4+6a4w2V3xx4xXIBtOUNDpdb+M","legacyData"
"c38c779b-7c32-4730-9df0-d5654aa6fe4b","TREE_054.basePlot.vst","2017-08-30","vst_TREE_2017","D05","TREE","TREE_054",,"NEON.PLA.D05.TREE.00301","ok","single bole tree","Live",20.0,130,12.8,,,,,,,,,,,,,"2Li2TmTZ1dmTCu9unJAMhJSXNkcRpdMMg0Aw45oBndk=","UuiIeI4+6a4w2V3xx4xXIBtOUNDpdb+M","legacyData"
"20ee0889-b506-411b-98c8-5c9d2e313b7b","TREE_054.basePlot.vst","2017-08-30","vst_TREE_2017","D05","TREE","TREE_054",,"NEON.PLA.D05.TREE.00285","ok","small tree","Live",2.5,130,2.9,,,,,,,,,,,,,"2Li2TmTZ1dmTCu9unJAMhJSXNkcRpdMMg0Aw45oBndk=","UuiIeI4+6a4w2V3xx4xXIBtOUNDpdb+M","legacyData"
"7bebfc71-e855-42a2-9a83-f168157114f6","TREE_054.basePlot.vst","2017-08-30","vst_TREE_2017","D05","TREE","TREE_054",,"NEON.PLA.D05.TREE.00608","ok","single bole tree","Live",16.7,130,10.7,,,,,,,,,,,,,"2Li2TmTZ1dmTCu9unJAMhJSXNkcRpdMMg0Aw45oBndk=","UuiIeI4+6a4w2V3xx4xXIBtOUNDpdb+M","legacyData"
"e15b9c6b-7758-4d68-a4dc-10a9a6783563","TREE_054.basePlot.vst","2017-08-30","vst_TREE_2017","D05","TREE","TREE_054",,"NEON.PLA.D05.TREE.00343","ok","single bole tree","Live",23.0,130,13.8,,,,,,,,,,,,,"2Li2TmTZ1dmTCu9unJAMhJSXNkcRpdMMg0Aw45oBndk=","UuiIeI4+6a4w2V3xx4xXIBtOUNDpdb+M","legacyData"
"87383017-3ecb-4dbf-b496-5a51f4319b2a","TREE_054.basePlot.vst","2017-08-30","vst_TREE_2017","D05","TREE","TREE_054",,"NEON.PLA.D05.TREE.00321","ok","single bole tree","Live",12.7,130,12.6,,,,,,,,,,,,,"2Li2TmTZ1dmTCu9unJAMhJSXNkcRpdMMg0Aw45oBndk=","UuiIeI4+6a4w2V3xx4xXIBtOUNDpdb+M","legacyData"
"cf704a14-fd5c-4d8a-b399-9555eaff91fe","TREE_053.basePlot.vst","2017-08-30","vst_TREE_2017","D05","TREE","TREE_053",,"NEON.PLA.D05.TREE.00588","ok","sapling","Live",,,0.7,,,,,,,,1.7,10,,,,"2Li2TmTZ1dmTCu9unJAMhJSXNkcRpdMMg0Aw45oBndk=","UuiIeI4+6a4w2V3xx4xXIBtOUNDpdb+M","legacyData"
"88d693b3-d145-485c-a6f1-8d5573ad3f1c","TREE_053.basePlot.vst","2017-08-30","vst_TREE_2017","D05","TREE","TREE_053",,"NEON.PLA.D05.TREE.00566","ok","single shrub","Live",2.7,130,2.3,1.1,,,1.8,1.5,,"ellipsoid or sphere",4.4,10,,,,"2Li2TmTZ1dmTCu9unJAMhJSXNkcRpdMMg0Aw45oBndk=","UuiIeI4+6a4w2V3xx4xXIBtOUNDpdb+M","legacyData"
"657744d5-9780-47e1-81ed-43de4e1a56a0","TREE_053.basePlot.vst","2017-08-30","vst_TREE_2017","D05","TREE","TREE_053",,"NEON.PLA.D05.TREE.00669","ok","single shrub","Live",1.0,130,1.7,0.1,,,1.6,1.5,,"ellipsoid or sphere",3.8,10,,,,"2Li2TmTZ1dmTCu9unJAMhJSXNkcRpdMMg0Aw45oBndk=","UuiIeI4+6a4w2V3xx4xXIBtOUNDpdb+M","legacyData"
"0dc60825-ff23-4c59-a9e6-8058826508f8","TREE_053.basePlot.vst","2017-08-30","vst_TREE_2017","D05","TREE","TREE_053",,"NEON.PLA.D05.TREE.00517","ok","single bole tree","Live",19.5,130,17.6,,,,,,,,,,,,,"2Li2TmTZ1dmTCu9unJAMhJSXNkcRpdMMg0Aw45oBndk=","UuiIeI4+6a4w2V3xx4xXIBtOUNDpdb+M","legacyData"
"cc2dd0f5-3122-4731-8863-3a52191b5f5f","TREE_053.basePlot.vst","2017-08-30","vst_TREE_2017","D05","TREE","TREE_053",,"NEON.PLA.D05.TREE.00530","ok","small tree","Live",2.0,130,2.5,,,,,,,,,,,,,"2Li2TmTZ1dmTCu9unJAMhJSXNkcRpdMMg0Aw45oBndk=","UuiIeI4+6a4w2V3xx4xXIBtOUNDpdb+M","legacyData"
"0d834c1c-a4ad-42d8-afc7-ab5e27932d9e","TREE_053.basePlot.vst","2017-08-30","vst_TREE_2017","D05","TREE","TREE_053",,"NEON.PLA.D05.TREE.00535","ok","single bole tree","Live",10.1,130,9.4,,,,,,,,,,,,,"2Li2TmTZ1dmTCu9unJAMhJSXNkcRpdMMg0Aw45oBndk=","UuiIeI4+6a4w2V3xx4xXIBtOUNDpdb+M","legacyData"
"ee96b27a-f8d4-490b-a00c-0bb576ad7718","TREE_053.basePlot.vst","2017-08-30","vst_TREE_2017","D05","TREE","TREE_053",,"NEON.PLA.D05.TREE.03567","ok","sapling","Live",,,1.0,,,,,,,,1.4,10,,,,"2Li2TmTZ1dmTCu9unJAMhJSXNkcRpdMMg0Aw45oBndk=","UuiIeI4+6a4w2V3xx4xXIBtOUNDpdb+M","legacyData"
"eb2ac2a6-2c0d-41d8-9eec-dcbb8df9cdff","TREE_053.basePlot.vst","2017-08-30","vst_TREE_2017","D05","TREE","TREE_053",,"NEON.PLA.D05.TREE.03569","ok","sapling","Live, physically damaged",,,0.7,,,,,,,,1.3,10,,,,"2Li2TmTZ1dmTCu9unJAMhJSXNkcRpdMMg0Aw45oBndk=","UuiIeI4+6a4w2V3xx4xXIBtOUNDpdb+M","legacyData"
"0a6e6c32-9117-4599-b09c-22f6679df064","TREE_053.basePlot.vst","2017-08-30","vst_TREE_2017","D05","TREE","TREE_053",,"NEON.PLA.D05.TREE.00679","ok","single shrub","Live",1.4,130,1.8,0.5,,,1.6,1.1,,"ellipsoid or sphere",3.7,10,,,,"2Li2TmTZ1dmTCu9unJAMhJSXNkcRpdMMg0Aw45oBndk=","UuiIeI4+6a4w2V3xx4xXIBtOUNDpdb+M","legacyData"
"8492836e-b911-4fa7-a0e8-004b2fc2c491","TREE_053.basePlot.vst","2017-08-30","vst_TREE_2017","D05","TREE","TREE_053",,"NEON.PLA.D05.TREE.00646","ok","single bole tree","Live",35.1,130,21.7,,,,,,,,,,,,,"2Li2TmTZ1dmTCu9unJAMhJSXNkcRpdMMg0Aw45oBndk=","UuiIeI4+6a4w2V3xx4xXIBtOUNDpdb+M","legacyData"
"d9e4dae6-02fd-427e-8407-52247380f3ec","TREE_053.basePlot.vst","2017-08-30","vst_TREE_2017","D05","TREE","TREE_053",,"NEON.PLA.D05.TREE.00505","ok","single bole tree","Dead, broken bole",17.0,130,2.2,,2.2,16.7,,,,,,,,,,"2Li2TmTZ1dmTCu9unJAMhJSXNkcRpdMMg0Aw45oBndk=","UuiIeI4+6a4w2V3xx4xXIBtOUNDpdb+M","legacyData"
"351a820c-642e-4c8f-a957-9b10fa1afef3","TREE_053.basePlot.vst","2017-08-30","vst_TREE_2017","D05","TREE","TREE_053",,"NEON.PLA.D05.TREE.00681","ok","single shrub","Live",1.6,130,1.6,0.2,,,1.7,1.3,,"ellipsoid or sphere",4.9,10,,,,"2Li2TmTZ1dmTCu9unJAMhJSXNkcRpdMMg0Aw45oBndk=","UuiIeI4+6a4w2V3xx4xXIBtOUNDpdb+M","legacyData"
"f9c8aacb-55f2-4a4b-a6b1-5f661706f498","TREE_053.basePlot.vst","2017-08-30","vst_TREE_2017","D05","TREE","TREE_053",,"NEON.PLA.D05.TREE.00521","ok","single bole tree","Live",33.3,130,19.9,,,,,,,,,,,,,"2Li2TmTZ1dmTCu9unJAMhJSXNkcRpdMMg0Aw45oBndk=","UuiIeI4+6a4w2V3xx4xXIBtOUNDpdb+M","legacyData"
"1cd3e031-c4a7-4cc2-9d32-cdbb81bbc1ed","TREE_053.basePlot.vst","2017-08-30","vst_TREE_2017","D05","TREE","TREE_053",,"NEON.PLA.D05.TREE.00627","ok","single bole tree","Live",19.2,130,18.4,,,,,,,,,,,,,"2Li2TmTZ1dmTCu9unJAMhJSXNkcRpdMMg0Aw45oBndk=","UuiIeI4+6a4w2V3xx4xXIBtOUNDpdb+M","legacyData"
"b317c342-e523-493c-9e86-6bcec93abbf5","TREE_053.basePlot.vst","2017-08-30","vst_TREE_2017","D05","TREE","TREE_053",,"NEON.PLA.D05.TREE.00668","ok","single bole tree","Live",12.2,130,10.4,,,,,,,,,,,,,"2Li2TmTZ1dmTCu9unJAMhJSXNkcRpdMMg0Aw45oBndk=","UuiIeI4+6a4w2V3xx4xXIBtOUNDpdb+M","legacyData"
"0b95e5e5-80a1-40a5-999d-ae9afdf89770","TREE_053.basePlot.vst","2017-08-30","vst_TREE_2017","D05","TREE","TREE_053",,"NEON.PLA.D05.TREE.00519","ok","small tree","Live",9.5,130,11.0,,,,,,,,,,,,,"2Li2TmTZ1dmTCu9unJAMhJSXNkcRpdMMg0Aw45oBndk=","UuiIeI4+6a4w2V3xx4xXIBtOUNDpdb+M","legacyData"
"733bd34d-ee22-423a-8361-877db0e0683c","TREE_053.basePlot.vst","2017-08-30","vst_TREE_2017","D05","TREE","TREE_053",,"NEON.PLA.D05.TREE.00568","ok","single bole tree","Live",22.3,130,17.9,,,,,,,,,,,,,"2Li2TmTZ1dmTCu9unJAMhJSXNkcRpdMMg0Aw45oBndk=","UuiIeI4+6a4w2V3xx4xXIBtOUNDpdb+M","legacyData"
"d509b9d4-0656-4daa-9bd1-08cd623ee243","TREE_053.basePlot.vst","2017-08-30","vst_TREE_2017","D05","TREE","TREE_053",,"NEON.PLA.D05.TREE.03577","ok","sapling","Live",,,0.9,,,,,,,,1.5,10,,,,"2Li2TmTZ1dmTCu9unJAMhJSXNkcRpdMMg0Aw45oBndk=","UuiIeI4+6a4w2V3xx4xXIBtOUNDpdb+M","legacyData"
"800a54db-c3ac-4fac-8f83-d31f96be0031","TREE_053.basePlot.vst","2017-08-30","vst_TREE_2017","D05","TREE","TREE_053",,"NEON.PLA.D05.TREE.00558","ok","single bole tree","Live",15.4,130,12.8,,,,,,,,,,,,,"2Li2TmTZ1dmTCu9unJAMhJSXNkcRpdMMg0Aw45oBndk=","UuiIeI4+6a4w2V3xx4xXIBtOUNDpdb+M","legacyData"
"4b4ad690-8ddc-4b70-93a2-89af1b8d2320","TREE_054.basePlot.vst","2017-08-30","vst_TREE_2017","D05","TREE","TREE_054",,"NEON.PLA.D05.TREE.00303","ok","single bole tree","Live",20.4,130,12.6,,,,,,,,,,,,,"2Li2TmTZ1dmTCu9unJAMhJSXNkcRpdMMg0Aw45oBndk=","UuiIeI4+6a4w2V3xx4xXIBtOUNDpdb+M","legacyData"
"21d1a6ba-124d-486e-ae9f-2ac02df0e8fe","TREE_054.basePlot.vst","2017-08-30","vst_TREE_2017","D05","TREE","TREE_054",,"NEON.PLA.D05.TREE.00398","ok","single bole tree","Live",11.8,130,8.9,,,,,,,,,,,,,"2Li2TmTZ1dmTCu9unJAMhJSXNkcRpdMMg0Aw45oBndk=","UuiIeI4+6a4w2V3xx4xXIBtOUNDpdb+M","legacyData"
"54769e14-d907-403f-bfa6-0626610bcebf","TREE_054.basePlot.vst","2017-08-30","vst_TREE_2017","D05","TREE","TREE_054",,"NEON.PLA.D05.TREE.00380","ok","small tree","Live",2.0,130,2.3,,,,,,,,,,,,,"2Li2TmTZ1dmTCu9unJAMhJSXNkcRpdMMg0Aw45oBndk=","UuiIeI4+6a4w2V3xx4xXIBtOUNDpdb+M","legacyData"
"6eff71a8-5a44-498a-935a-81d2a151a912","TREE_054.basePlot.vst","2017-08-30","vst_TREE_2017","D05","TREE","TREE_054",,"NEON.PLA.D05.TREE.00359","ok","small tree","Standing dead",1.7,10,1.0,,,,,,,,,,,,,"2Li2TmTZ1dmTCu9unJAMhJSXNkcRpdMMg0Aw45oBndk=","UuiIeI4+6a4w2V3xx4xXIBtOUNDpdb+M","legacyData"
"db665700-6bcf-41af-ba40-0dcca65b32cb","TREE_054.basePlot.vst","2017-08-30","vst_TREE_2017","D05","TREE","TREE_054",,"NEON.PLA.D05.TREE.00266","ok","single bole tree","Live",20.8,130,14.3,,,,,,,,,,,,,"2Li2TmTZ1dmTCu9unJAMhJSXNkcRpdMMg0Aw45oBndk=","UuiIeI4+6a4w2V3xx4xXIBtOUNDpdb+M","legacyData"
"c61a04f5-124b-4fa6-9fde-9670398dbb92","TREE_054.basePlot.vst","2017-08-30","vst_TREE_2017","D05","TREE","TREE_054",,"NEON.PLA.D05.TREE.00268","ok","single bole tree","Live",10.0,130,6.5,,,,,,,,,,,,,"2Li2TmTZ1dmTCu9unJAMhJSXNkcRpdMMg0Aw45oBndk=","UuiIeI4+6a4w2V3xx4xXIBtOUNDpdb+M","legacyData"
"66ffa8e4-7c52-4e80-87f9-ad377e772b08","TREE_054.basePlot.vst","2017-08-30","vst_TREE_2017","D05","TREE","TREE_054",,"NEON.PLA.D05.TREE.00283","ok","single bole tree","Live",13.1,130,8.9,,,,,,,,,,,,,"2Li2TmTZ1dmTCu9unJAMhJSXNkcRpdMMg0Aw45oBndk=","UuiIeI4+6a4w2V3xx4xXIBtOUNDpdb+M","legacyData"
"b8651e8d-ca5e-4536-8677-01ae8e5d6308","TREE_054.basePlot.vst","2017-08-30","vst_TREE_2017","D05","TREE","TREE_054",,"NEON.PLA.D05.TREE.00274","ok","single shrub","Live",1.2,130,2.1,0.6,,,1.5,1.2,,"ellipsoid or sphere",4.0,10,,,,"2Li2TmTZ1dmTCu9unJAMhJSXNkcRpdMMg0Aw45oBndk=","UuiIeI4+6a4w2V3xx4xXIBtOUNDpdb+M","legacyData"
"2cf72677-d8a6-4058-83a5-ecddbe34b8ff","TREE_054.basePlot.vst","2017-08-30","vst_TREE_2017","D05","TREE","TREE_054",,"NEON.PLA.D05.TREE.00336","ok","single bole tree","Live",13.4,130,11.2,,,,,,,,,,,,,"2Li2TmTZ1dmTCu9unJAMhJSXNkcRpdMMg0Aw45oBndk=","UuiIeI4+6a4w2V3xx4xXIBtOUNDpdb+M","legacyData"
"408d1a06-2347-4349-a17c-082ff5f650f7","TREE_054.basePlot.vst","2017-08-30","vst_TREE_2017","D05","TREE","TREE_054",,"NEON.PLA.D05.TREE.03497","ok","single bole tree","Live",11.7,130,10.2,,,,,,,,,,,,,"2Li2TmTZ1dmTCu9unJAMhJSXNkcRpdMMg0Aw45oBndk=","UuiIeI4+6a4w2V3xx4xXIBtOUNDpdb+M","legacyData"
"97d2b9bc-fabd-464b-a827-769d0e6d7ed1","TREE_054.basePlot.vst","2017-08-30","vst_TREE_2017","D05","TREE","TREE_054",,"NEON.PLA.D05.TREE.00059","ok","single bole tree","Live",13.5,130,11.0,,,,,,,,,,,,,"2Li2TmTZ1dmTCu9unJAMhJSXNkcRpdMMg0Aw45oBndk=","UuiIeI4+6a4w2V3xx4xXIBtOUNDpdb+M","legacyData"
"13d88ac0-ad48-4056-9f22-5a525a10789a","TREE_054.basePlot.vst","2017-08-30","vst_TREE_2017","D05","TREE","TREE_054",,"NEON.PLA.D05.TREE.00173","ok","single bole tree","Live",17.9,130,14.2,,,,,,,,,,,,,"2Li2TmTZ1dmTCu9unJAMhJSXNkcRpdMMg0Aw45oBndk=","UuiIeI4+6a4w2V3xx4xXIBtOUNDpdb+M","legacyData"
"1016d938-5822-44af-ba32-0d34660249c7","TREE_054.basePlot.vst","2017-08-30","vst_TREE_2017","D05","TREE","TREE_054",,"NEON.PLA.D05.TREE.00340","ok","single bole tree","Live,  other damage",24.4,130,14.9,,,,,,,,,,,,,"2Li2TmTZ1dmTCu9unJAMhJSXNkcRpdMMg0Aw45oBndk=","UuiIeI4+6a4w2V3xx4xXIBtOUNDpdb+M","legacyData"
"688c066b-7db7-493b-937a-1cda2acdc64b","TREE_054.basePlot.vst","2017-08-30","vst_TREE_2017","D05","TREE","TREE_054",,"NEON.PLA.D05.TREE.00350","ok","single bole tree","Live",30.9,130,18.9,,,,,,,,,,,,,"2Li2TmTZ1dmTCu9unJAMhJSXNkcRpdMMg0Aw45oBndk=","UuiIeI4+6a4w2V3xx4xXIBtOUNDpdb+M","legacyData"
"77df3bb7-6b12-4de6-ba38-658731469584","TREE_054.basePlot.vst","2017-08-30","vst_TREE_2017","D05","TREE","TREE_054",,"NEON.PLA.D05.TREE.00378","ok","sapling","Live",,,1.4,,,,,,,,1.9,10,,,,"2Li2TmTZ1dmTCu9unJAMhJSXNkcRpdMMg0Aw45oBndk=","UuiIeI4+6a4w2V3xx4xXIBtOUNDpdb+M","legacyData"
"d831fb65-1f12-426b-b458-60fe230954cb","TREE_054.basePlot.vst","2017-08-30","vst_TREE_2017","D05","TREE","TREE_054",,"NEON.PLA.D05.TREE.00302","ok","single bole tree","Live",11.0,130,10.5,,,,,,,,,,,,,"2Li2TmTZ1dmTCu9unJAMhJSXNkcRpdMMg0Aw45oBndk=","UuiIeI4+6a4w2V3xx4xXIBtOUNDpdb+M","legacyData"
"7a95f903-ce02-4a31-96f5-cfe0a1aa5279","TREE_054.basePlot.vst","2017-08-30","vst_TREE_2017","D05","TREE","TREE_054",,"NEON.PLA.D05.TREE.00665","ok","single bole tree","Live",26.1,130,18.7,,,,,,,,,,,,,"2Li2TmTZ1dmTCu9unJAMhJSXNkcRpdMMg0Aw45oBndk=","UuiIeI4+6a4w2V3xx4xXIBtOUNDpdb+M","legacyData"
"c75285b2-c8d1-474b-871d-37f419a6176b","TREE_053.basePlot.vst","2017-08-30","vst_TREE_2017","D05","TREE","TREE_053",,"NEON.PLA.D05.TREE.00506","ok","sapling","Live",,,0.9,,,,,,,,1.4,10,,,,"2Li2TmTZ1dmTCu9unJAMhJSXNkcRpdMMg0Aw45oBndk=","UuiIeI4+6a4w2V3xx4xXIBtOUNDpdb+M","legacyData"
"74ecb6a8-875a-4ecd-841a-d928fad254bf","TREE_054.basePlot.vst","2017-08-30","vst_TREE_2017","D05","TREE","TREE_054",,"NEON.PLA.D05.TREE.00305","ok","single bole tree","Live",13.9,130,9.8,,,,,,,,,,,,,"2Li2TmTZ1dmTCu9unJAMhJSXNkcRpdMMg0Aw45oBndk=","UuiIeI4+6a4w2V3xx4xXIBtOUNDpdb+M","legacyData"
"db6ca29a-83b9-4378-8d1b-3a90e52996aa","TREE_054.basePlot.vst","2017-08-30","vst_TREE_2017","D05","TREE","TREE_054",,"NEON.PLA.D05.TREE.00319","ok","single bole tree","Live",25.4,130,15.8,,,,,,,,,,,,,"2Li2TmTZ1dmTCu9unJAMhJSXNkcRpdMMg0Aw45oBndk=","UuiIeI4+6a4w2V3xx4xXIBtOUNDpdb+M","legacyData"
"4c36d06c-b994-411e-8e8d-8f780c423020","TREE_053.basePlot.vst","2017-08-30","vst_TREE_2017","D05","TREE","TREE_053",,"NEON.PLA.D05.TREE.00550","ok","single bole tree","Live",10.9,130,11.0,,,,,,,,,,,,,"2Li2TmTZ1dmTCu9unJAMhJSXNkcRpdMMg0Aw45oBndk=","UuiIeI4+6a4w2V3xx4xXIBtOUNDpdb+M","legacyData"
"885d479c-c8e7-4447-ae03-64a627b84bc4","TREE_053.basePlot.vst","2017-08-30","vst_TREE_2017","D05","TREE","TREE_053",,"NEON.PLA.D05.TREE.00685","ok","small shrub","Live",,,1.2,0.1,,,1.4,1.1,,"ellipsoid or sphere",2.6,10,,,,"2Li2TmTZ1dmTCu9unJAMhJSXNkcRpdMMg0Aw45oBndk=","UuiIeI4+6a4w2V3xx4xXIBtOUNDpdb+M","legacyData"
