uid,namedLocation,date,domainID,siteID,plotID,plotType,nlcdClass,decimalLatitude,decimalLongitude,geodeticDatum,coordinateUncertainty,easting,northing,utmZone,elevation,elevationUncertainty,eventID,samplingProtocolVersion,treesPresent,treesAbsentList,shrubsPresent,shrubsAbsentList,lianasPresent,lianasAbsentList,nestedSubplotAreaShrubSapling,nestedSubplotAreaLiana,totalSampledAreaTrees,totalSampledAreaShrubSapling,totalSampledAreaLiana,remarks,measuredBy,recordedBy,dataQF
"b9567160-5db8-4cea-a56a-e02c6f22a85b","TREE_049.basePlot.vst","2017-08-20","D05","TREE","TREE_049","tower","deciduousForest",45.493863,-89.591027,"WGS84",20.2,297550.46,5041080.43,"16N",467.3,0.3,"vst_TREE_2017","NEON.DOC.000987vG",,,,,,,"100","noneSelected",800,400,800,,"B/1XguR/VIn+6poxXX6Fz9l/Lnuan5x0zOrM56XsTCc=","NEj2iWVH3bwRA9NwFC2tG5pcjGde053KtYf/7ELM3p0=",
"1b2fb777-1b4a-40d7-abcb-1dcbccc64e58","TREE_025.basePlot.vst","2017-08-28","D05","TREE","TREE_025","tower","mixedForest",45.494325,-89.582222,"WGS84",20.2,298240.08,5041109.59,"16N",462.3,0.2,"vst_TREE_2017","NEON.DOC.000987vG",,,,,,,"25","noneSelected",800,100,800,,"UuiIeI4+6a4w2V3xx4xXIBtOUNDpdb+M","B/1XguR/VIn+6poxXX6Fz9l/Lnuan5x0zOrM56XsTCc=",
"a07402b0-eb5c-4b25-ab0d-aff9e54b9d46","TREE_056.basePlot.vst","2017-08-28","D05","TREE","TREE_056","tower","mixedForest",45.492740,-89.591767,"WGS84",20.1,297488.61,5040957.54,"16N",465.7,0.2,"vst_TREE_2017","NEON.DOC.000987vG",,,,,,,"100","noneSelected",800,400,800,,"NEj2iWVH3bwRA9NwFC2tG5pcjGde053KtYf/7ELM3p0=","GqvoKDJSHekBNGWHKra8t3oi2TFkp+GcJ0KOFJjxYKI=",
"022a7db7-cda5-40ad-a381-8edc0608e2f9","TREE_046.basePlot.vst","2017-08-29","D05","TREE","TREE_046","tower","deciduousForest",45.493548,-89.592161,"WGS84",20.2,297460.73,5041048.30,"16N",465.4,0.3,"vst_TREE_2017","NEON.DOC.000987vG","Y",,"Y",,"N",,"noneSelected","noneSelected",800,800,800,,"UuiIeI4+6a4w2V3xx4xXIBtOUNDpdb+M","NEj2iWVH3bwRA9NwFC2tG5pcjGde053KtYf/7ELM3p0=",
"7cbaad90-b795-4319-a485-ee61253a7b52","TREE_042.basePlot.vst","2017-08-29","D05","TREE","TREE_042","tower","deciduousForest",45.495224,-89.591102,"WGS84",20.3,297549.48,5041231.82,"16N",466.0,0.4,"vst_TREE_2017","NEON.DOC.000987vG",,,,,,,"noneSelected","noneSelected",800,800,800,,"NEj2iWVH3bwRA9NwFC2tG5pcjGde053KtYf/7ELM3p0=","B/1XguR/VIn+6poxXX6Fz9l/Lnuan5x0zOrM56XsTCc=",
"9dba4a58-732b-4b16-abf6-74c03aca0e97","TREE_041.basePlot.vst","2017-08-30","D05","TREE","TREE_041","tower","deciduousForest",45.494189,-89.587993,"WGS84",20.2,297788.69,5041109.00,"16N",465.1,0.2,"vst_TREE_2017","NEON.DOC.000987vG",,,,,,,"100","noneSelected",800,400,800,,"GqvoKDJSHekBNGWHKra8t3oi2TFkp+GcJ0KOFJjxYKI=","B/1XguR/VIn+6poxXX6Fz9l/Lnuan5x0zOrM56XsTCc=",
"4b87429a-2677-4cae-8a4c-017bb877b28c","TREE_054.basePlot.vst","2017-08-30","D05","TREE","TREE_054","tower","mixedForest",45.490570,-89.593196,"WGS84",20.2,297369.17,5040720.07,"16N",464.1,0.4,"vst_TREE_2017","NEON.DOC.000987vE",,,,,,,"10","noneSelected",800,40,800,,"UuiIeI4+6a4w2V3xx4xXIBtOUNDpdb+M","2Li2TmTZ1dmTCu9unJAMhJSXNkcRpdMMg0Aw45oBndk=",
"7461aa8d-afc5-4d54-8ccb-73488bd13091","TREE_053.basePlot.vst","2017-08-30","D05","TREE","TREE_053","tower","deciduousForest",45.491644,-89.592476,"WGS84",20.2,297429.28,5040837.57,"16N",463.7,0.3,"vst_TREE_2017","NEON.DOC.000987vE",,,,,,,"noneSelected","noneSelected",800,800,800,,"UuiIeI4+6a4w2V3xx4xXIBtOUNDpdb+M","2Li2TmTZ1dmTCu9unJAMhJSXNkcRpdMMg0Aw45oBndk=",
"6ebd9f18-b010-4674-b2c5-7727a9e8acb2","TREE_050.basePlot.vst","2017-08-30","D05","TREE","TREE_050","tower","evergreenForest",45.490088,-89.590099,"WGS84",20.3,297609.44,5040658.71,"16N",467.6,0.3,"vst_TREE_2017","NEON.DOC.000987vG",,,,,,,"10","noneSelected",800,40,800,,"UuiIeI4+6a4w2V3xx4xXIBtOUNDpdb+M","B/1XguR/VIn+6poxXX6Fz9l/Lnuan5x0zOrM56XsTCc=",
