uid,namedLocation,domainID,siteID,plotID,plotType,nlcdClass,decimalLatitude,decimalLongitude,geodeticDatum,coordinateUncertainty,elevation,elevationUncertainty,collectDate,eventID,sampleID,sampleCode,samplingMethod,totalSampledArea,targetTaxaPresent,adultCount,nymphCount,larvaCount,sampleCondition,samplingProtocolVersion,measuredBy,remarks
"b792149c-af5a-4336-b44e-23475056668e","UNDE_013.tickPlot.tck","D05","UNDE","UNDE_013","distributed","deciduousForest",46.227776,-89.535166,"WGS84",20.2,510.3,0.3,"2016-05-02T15:28Z","UNDE.2016.18",,,"drag and flag",164,"N",0,0,0,"No known compromise","NEON.DOC.014045vG","Syw2LXB/pj+fmGCuwdgBGVryVUmYhw3g",
"98ea58fc-8124-43d3-88e0-17c0d0b046f9","UNDE_002.tickPlot.tck","D05","UNDE","UNDE_002","distributed","woodyWetlands",46.242285,-89.543255,"WGS84",20.3,506.2,0.4,"2016-05-02T16:33Z","UNDE.2016.18",,,"drag and flag",130,"N",0,0,0,"No known compromise","NEON.DOC.014045vG","Syw2LXB/pj+fmGCuwdgBGVryVUmYhw3g",
"54dcb6ca-1f80-4be8-a67d-ec4b4a3094c9","UNDE_013.tickPlot.tck","D05","UNDE","UNDE_013","distributed","deciduousForest",46.227776,-89.535166,"WGS84",20.2,510.3,0.3,"2016-05-02T18:15Z","UNDE.2016.18",,,"drag and flag",155,"N",0,0,0,"No known compromise","NEON.DOC.014045vG","Syw2LXB/pj+fmGCuwdgBGVryVUmYhw3g",
"10c42b2b-07ca-4bf0-9f75-b0b6863851e4","UNDE_999.tickPlot.tck","D05","UNDE","UNDE_999","distributed","woodyWetlands",46.256243,-89.534200,"WGS84",20.2,507.1,0.3,"2016-05-02T19:31Z","UNDE.2016.18",,,"drag and flag",165,"N",0,0,0,"No known compromise","NEON.DOC.014045vG","Syw2LXB/pj+fmGCuwdgBGVryVUmYhw3g",
"eed8bcf0-f13b-4932-acc0-52e5e6bb5ade","UNDE_019.tickPlot.tck","D05","UNDE","UNDE_019","distributed","deciduousForest",46.257425,-89.542054,"WGS84",20.2,519.0,0.2,"2016-05-02T20:56Z","UNDE.2016.18",,,"drag and flag",159,"N",0,0,0,"No known compromise","NEON.DOC.014045vG","Syw2LXB/pj+fmGCuwdgBGVryVUmYhw3g",
"f4276818-3ad7-4734-978d-7b9a67c9b0f7","UNDE_011.tickPlot.tck","D05","UNDE","UNDE_011","distributed","woodyWetlands",46.213935,-89.505950,"WGS84",20.3,507.7,0.4,"2016-05-02T22:09Z","UNDE.2016.18",,,"drag and flag",124,"N",0,0,0,"No known compromise","NEON.DOC.014045vG","Syw2LXB/pj+fmGCuwdgBGVryVUmYhw3g",
"f95ca5c0-9c5b-4f41-b78b-4a813e944877","UNDE_999.tickPlot.tck","D05","UNDE","UNDE_999","distributed","woodyWetlands",46.256243,-89.534200,"WGS84",20.2,507.1,0.3,"2016-05-23T14:08Z","UNDE.2016.21","UNDE_999.20160523",,"drag and flag",161,"Y",1,0,0,"No known compromise","NEON.DOC.014045vG","YuW/faeE8CA0LPruU4mWPAB1f1hSTbIk",
"d4ae1049-bd10-4e63-bb63-2a903ddeb310","UNDE_019.tickPlot.tck","D05","UNDE","UNDE_019","distributed","deciduousForest",46.257425,-89.542054,"WGS84",20.2,519.0,0.2,"2016-05-23T15:45Z","UNDE.2016.21",,,"drag and flag",156,"N",0,0,0,"No known compromise","NEON.DOC.014045vG","YuW/faeE8CA0LPruU4mWPAB1f1hSTbIk",
"f5a6a6c2-0556-4677-b034-7939abd6f5e9","UNDE_013.tickPlot.tck","D05","UNDE","UNDE_013","distributed","deciduousForest",46.227776,-89.535166,"WGS84",20.2,510.3,0.3,"2016-05-23T17:44Z","UNDE.2016.21",,,"drag and flag",160,"N",0,0,0,"No known compromise","NEON.DOC.014045vG","PjfLww5oXrAQngYk4wg4E42w2wotfuRI",
"6e5e039b-1366-408c-b9bb-46caeaf466b7","UNDE_002.tickPlot.tck","D05","UNDE","UNDE_002","distributed","woodyWetlands",46.242285,-89.543255,"WGS84",20.3,506.2,0.4,"2016-05-23T18:37Z","UNDE.2016.21",,,"drag and flag",149,"N",0,0,0,"No known compromise","NEON.DOC.014045vG","YuW/faeE8CA0LPruU4mWPAB1f1hSTbIk",
"b22a5fe7-5444-45bd-b84f-4c6c8d4be23f","UNDE_011.tickPlot.tck","D05","UNDE","UNDE_011","distributed","woodyWetlands",46.213935,-89.505950,"WGS84",20.3,507.7,0.4,"2016-05-23T19:50Z","UNDE.2016.21",,,"flag",135,"N",0,0,0,"No known compromise","NEON.DOC.014045vG","PjfLww5oXrAQngYk4wg4E42w2wotfuRI",
"16ac90ae-27bd-4e4e-a024-3a21b5722dea","UNDE_017.tickPlot.tck","D05","UNDE","UNDE_017","distributed","mixedForest",46.236736,-89.497054,"WGS84",20.1,518.8,0.2,"2016-05-23T20:53Z","UNDE.2016.21",,,"drag",160,"N",0,0,0,"No known compromise","NEON.DOC.014045vG","PjfLww5oXrAQngYk4wg4E42w2wotfuRI",
