uid,namedLocation,domainID,siteID,plotID,plotType,nlcdClass,decimalLatitude,decimalLongitude,geodeticDatum,coordinateUncertainty,elevation,elevationUncertainty,collectDate,eventID,sampleID,sampleCode,samplingMethod,totalSampledArea,targetTaxaPresent,adultCount,nymphCount,larvaCount,sampleCondition,samplingProtocolVersion,measuredBy,remarks
"82e3f666-4cc5-49e4-84e1-11c8de453d4b","ONAQ_009.tickPlot.tck","D15","ONAQ","ONAQ_009","distributed","shrubScrub",40.160581,-112.469377,"WGS84",20.1,1668.8,0.1,"2018-03-19T20:18Z","ONAQ.2018.12",,,"drag and flag",161,"N",0,0,0,,"NEON.DOC.014045vJ","bJ+RdJEEdT3Ewj2Yv+NqrULBTUGmFo8u8Kb0DCLriE0=",
"0a0e6549-2cb4-48a9-a854-f1b7c0c08837","ONAQ_011.tickPlot.tck","D15","ONAQ","ONAQ_011","distributed","shrubScrub",40.152051,-112.455478,"WGS84",20.1,1617.0,0.1,"2018-03-21T18:51Z","ONAQ.2018.12","ONAQ_011.20180321","A00000024045","drag and flag",160,"Y",2,0,0,"No known compromise","NEON.DOC.014045vJ","bJ+RdJEEdT3Ewj2Yv+NqrULBTUGmFo8u8Kb0DCLriE0=","1 tick dropped count estimated. TL20180326"
"9ad11804-a8a4-4d2e-960d-6bf9e9902a9a","ONAQ_023.tickPlot.tck","D15","ONAQ","ONAQ_023","distributed","evergreenForest",40.193985,-112.507206,"WGS84",20.1,1860.6,0.1,"2018-03-27T16:41Z","ONAQ.2018.13","ONAQ_023.20180327","A00000024044","drag and flag",164,"Y",2,0,0,"No known compromise","NEON.DOC.014045vJ","ZXsbnkkpsPerbvY/H8Ld7+Mgmi4uYSwzH0dAcOmXSSw=",
"a309b81d-60c5-4d80-b10d-e66285f658a3","ONAQ_004.tickPlot.tck","D15","ONAQ","ONAQ_004","distributed","shrubScrub",40.187291,-112.471870,"WGS84",,1710.4,,"2018-03-27T18:45Z","ONAQ.2018.13",,,"drag and flag",170,"N",0,0,0,,"NEON.DOC.014045vJ","ZXsbnkkpsPerbvY/H8Ld7+Mgmi4uYSwzH0dAcOmXSSw=",
"e4f444be-d2bf-4ce4-8256-85a2ae77d4c0","ONAQ_016.tickPlot.tck","D15","ONAQ","ONAQ_016","distributed","shrubScrub",40.175449,-112.444448,"WGS84",20.1,1635.3,0.1,"2018-03-27T20:09Z","ONAQ.2018.13",,,"drag and flag",161,"N",0,0,0,,"NEON.DOC.014045vJ","ZXsbnkkpsPerbvY/H8Ld7+Mgmi4uYSwzH0dAcOmXSSw=",
"5087c36d-66b1-4614-b9ad-d178416ee4b7","ONAQ_005.tickPlot.tck","D15","ONAQ","ONAQ_005","distributed","shrubScrub",40.181926,-112.432741,"WGS84",20.1,1617.2,0.1,"2018-03-27T21:21Z","ONAQ.2018.13",,,"drag and flag",160,"N",0,0,0,,"NEON.DOC.014045vJ","ZXsbnkkpsPerbvY/H8Ld7+Mgmi4uYSwzH0dAcOmXSSw=",
