uid,namedLocation,domainID,siteID,plotID,plotType,nlcdClass,decimalLatitude,decimalLongitude,geodeticDatum,coordinateUncertainty,elevation,elevationUncertainty,collectDate,eventID,sampleID,sampleCode,samplingMethod,totalSampledArea,targetTaxaPresent,adultCount,nymphCount,larvaCount,sampleCondition,samplingProtocolVersion,measuredBy,remarks
"902c7e16-0a4c-4383-b7f5-b96c2194112b","OAES_008.tickPlot.tck","D11","OAES","OAES_008","distributed","grasslandHerbaceous",35.394019,-99.063159,"WGS84",20.1,492.6,0.1,"2016-08-09T14:39Z","OAES.2016.32","OAES_008.20160809",,"drag and flag",160,"Y",1,0,0,"No known compromise","NEON.DOC.014045vG","CVnMNfVieiNXnLLoZrkRa2vFnn6ZyEMX",
"8bd987de-d217-499c-9835-a87ef0c378da","OAES_003.tickPlot.tck","D11","OAES","OAES_003","distributed","grasslandHerbaceous",35.412134,-99.068027,"WGS84",20.2,512.2,0.2,"2016-08-09T15:22Z","OAES.2016.32",,,"drag",168,"N",0,0,0,"No known compromise","NEON.DOC.014045vG","QdDed2kyCx5LTIjY8suUSYoTxxTo4svl",
"64d09b45-c959-4616-98c3-8ab89e4357dd","OAES_007.tickPlot.tck","D11","OAES","OAES_007","distributed","shrubScrub",35.421328,-99.057210,"WGS84",20.1,521.6,0.1,"2016-08-09T16:16Z","OAES.2016.32","OAES_007.20160809",,"drag",164,"Y",1,0,0,"No known compromise","NEON.DOC.014045vG","CVnMNfVieiNXnLLoZrkRa2vFnn6ZyEMX",
"ad9e8fe6-2b28-4923-8806-e09375f632f6","OAES_021.tickPlot.tck","D11","OAES","OAES_021","distributed","shrubScrub",35.413211,-99.074301,"WGS84",20.1,501.7,0.1,"2016-08-09T17:02Z","OAES.2016.32",,,"drag",140,"N",0,0,0,"No known compromise","NEON.DOC.014045vG","QdDed2kyCx5LTIjY8suUSYoTxxTo4svl",
"bb7fa8a2-bcc8-44a4-ab83-667e24561530","OAES_004.tickPlot.tck","D11","OAES","OAES_004","distributed","grasslandHerbaceous",35.411159,-99.084234,"WGS84",20.1,507.6,0.1,"2016-08-09T17:42Z","OAES.2016.32",,,"drag",160,"N",0,0,0,"No known compromise","NEON.DOC.014045vG","CVnMNfVieiNXnLLoZrkRa2vFnn6ZyEMX",
"da321952-2af3-4dbf-bed6-fc0d1d090d00","OAES_005.tickPlot.tck","D11","OAES","OAES_005","distributed","grasslandHerbaceous",35.402926,-99.080346,"WGS84",20.1,509.4,0.1,"2016-08-09T18:19Z","OAES.2016.32",,,"drag",160,"N",0,0,0,"No known compromise","NEON.DOC.014045vG","QdDed2kyCx5LTIjY8suUSYoTxxTo4svl",
