uid,namedLocation,domainID,siteID,plotID,plotType,nlcdClass,decimalLatitude,decimalLongitude,geodeticDatum,coordinateUncertainty,elevation,elevationUncertainty,collectDate,eventID,sampleID,sampleCode,samplingMethod,totalSampledArea,targetTaxaPresent,adultCount,nymphCount,larvaCount,sampleCondition,samplingProtocolVersion,measuredBy,remarks
"57e96134-1226-497a-a5c1-4086d0ddf99f","WOOD_024.tickPlot.tck","D09","WOOD","WOOD_024","distributed","emergentHerbaceousWetlands",47.150784,-99.260836,"WGS84",20.1,586.1,0.2,"2016-09-07T15:15Z","WOOD.2016.36",,,"flag",180,"N",0,0,0,"No known compromise","NEON.DOC.014045vG","sA0iMgdEYLMVVrcp83z2hpOGrD+j5rgJ",
"505cdcbd-6be4-47ed-a8aa-2497bbd39104","WOOD_001.tickPlot.tck","D09","WOOD","WOOD_001","distributed","grasslandHerbaceous",47.127200,-99.256464,"WGS84",20.1,593.8,0.2,"2016-09-07T16:26Z","WOOD.2016.36",,,"drag",160,"N",0,0,0,"No known compromise","NEON.DOC.014045vG","sA0iMgdEYLMVVrcp83z2hpOGrD+j5rgJ",
"6cac8273-c547-49bb-ae6f-5ce308630c2c","WOOD_007.tickPlot.tck","D09","WOOD","WOOD_007","distributed","grasslandHerbaceous",47.133887,-99.251357,"WGS84",20.4,593.6,0.3,"2016-09-07T17:24Z","WOOD.2016.36",,,"drag",160,"N",0,0,0,"No known compromise","NEON.DOC.014045vG","sA0iMgdEYLMVVrcp83z2hpOGrD+j5rgJ",
"87165bb0-1712-4c08-804a-02238959755e","WOOD_006.tickPlot.tck","D09","WOOD","WOOD_006","distributed","grasslandHerbaceous",47.141023,-99.248055,"WGS84",20.1,587.2,0.1,"2016-09-09T17:00Z","WOOD.2016.36",,,"drag and flag",160,"N",0,0,0,"No known compromise","NEON.DOC.014045vG","02peses5KHYi2VhkY5OI4P3/hvlQqPLQ",
"fde1ed76-dfe2-45a0-9301-f5d563857779","WOOD_002.tickPlot.tck","D09","WOOD","WOOD_002","distributed","grasslandHerbaceous",47.136802,-99.234546,"WGS84",20.1,578.3,0.1,"2016-09-09T18:07Z","WOOD.2016.36",,,"drag",160,"N",0,0,0,"No known compromise","NEON.DOC.014045vG","/1PhS5MBLTlBuI+B8lnSWCFFMYRzcqRn",
"bca17448-948f-4f1f-9d7f-08b094c3edbc","WOOD_009.tickPlot.tck","D09","WOOD","WOOD_009","distributed","grasslandHerbaceous",47.144534,-99.231072,"WGS84",20.1,573.5,0.2,"2016-09-09T18:42Z","WOOD.2016.36",,,"drag",160,"N",0,0,0,"No known compromise","NEON.DOC.014045vG","02peses5KHYi2VhkY5OI4P3/hvlQqPLQ",
"df33270c-41a1-47b6-9728-ac4a1fd7632f","WOOD_024.tickPlot.tck","D09","WOOD","WOOD_024","distributed","emergentHerbaceousWetlands",47.150784,-99.260836,"WGS84",20.1,586.1,0.2,"2016-09-28T14:53Z","WOOD.2016.39",,,"drag and flag",175,"N",0,0,0,"No known compromise","NEON.DOC.014045vG","dMVZgSbiazVu0oXyzneal5IPnECwOfLe",
"cae4c643-e3d1-4432-82ec-a19c69f5431a","WOOD_001.tickPlot.tck","D09","WOOD","WOOD_001","distributed","grasslandHerbaceous",47.127200,-99.256464,"WGS84",20.1,593.8,0.2,"2016-09-28T16:30Z","WOOD.2016.39",,,"drag",160,"N",0,0,0,"No known compromise","NEON.DOC.014045vG","lLQBQVfayhr3D1tZaVTYCAmpRMui4lXg/r98CgvafXs=",
"53f935c5-c80c-45e1-bf15-593f178d06b8","WOOD_007.tickPlot.tck","D09","WOOD","WOOD_007","distributed","grasslandHerbaceous",47.133887,-99.251357,"WGS84",20.4,593.6,0.3,"2016-09-28T17:22Z","WOOD.2016.39",,,"drag and flag",160,"N",0,0,0,"No known compromise","NEON.DOC.014045vG","dMVZgSbiazVu0oXyzneal5IPnECwOfLe",
"0106dd36-426e-4230-84a0-4bea54cd8d6b","WOOD_006.tickPlot.tck","D09","WOOD","WOOD_006","distributed","grasslandHerbaceous",47.141023,-99.248055,"WGS84",20.1,587.2,0.1,"2016-09-28T17:59Z","WOOD.2016.39",,,"drag and flag",160,"N",0,0,0,"No known compromise","NEON.DOC.014045vG","lLQBQVfayhr3D1tZaVTYCAmpRMui4lXg/r98CgvafXs=",
"1d183028-8419-4501-8148-2dbc5f3f4a5e","WOOD_002.tickPlot.tck","D09","WOOD","WOOD_002","distributed","grasslandHerbaceous",47.136802,-99.234546,"WGS84",20.1,578.3,0.1,"2016-09-28T18:44Z","WOOD.2016.39",,,"drag",160,"N",0,0,0,"No known compromise","NEON.DOC.014045vG","dMVZgSbiazVu0oXyzneal5IPnECwOfLe",
"5aacb079-34dd-4b9d-a03e-6187fdd04529","WOOD_009.tickPlot.tck","D09","WOOD","WOOD_009","distributed","grasslandHerbaceous",47.144534,-99.231072,"WGS84",20.1,573.5,0.2,"2016-09-28T19:20Z","WOOD.2016.39",,,"drag",160,"N",0,0,0,"No known compromise","NEON.DOC.014045vG","lLQBQVfayhr3D1tZaVTYCAmpRMui4lXg/r98CgvafXs=",
