uid,namedLocation,domainID,siteID,plotID,plotType,nlcdClass,decimalLatitude,decimalLongitude,geodeticDatum,coordinateUncertainty,elevation,elevationUncertainty,collectDate,eventID,sampleID,sampleCode,samplingMethod,totalSampledArea,targetTaxaPresent,adultCount,nymphCount,larvaCount,sampleCondition,samplingProtocolVersion,measuredBy,remarks
"337bfe13-708c-4599-ae73-c22d41f26332","OAES_003.tickPlot.tck","D11","OAES","OAES_003","distributed","grasslandHerbaceous",35.412134,-99.068027,"WGS84",20.2,512.2,0.2,"2015-07-20T19:45Z","OAES.2015.29",,,"drag",160,"N",0,0,,,"NEON.DOC.014045vF","n/e5H9DzKQmiwvmUmG2RGqatOQzXK2Fo1rbM7EummvE=",
"d1b2299e-3536-4752-875e-3b3d8b8e0f67","OAES_021.tickPlot.tck","D11","OAES","OAES_021","distributed","shrubScrub",35.413211,-99.074301,"WGS84",20.1,501.7,0.1,"2015-07-20T21:00Z","OAES.2015.29",,,"drag",90,"N",0,0,,,"NEON.DOC.014045vF","n/e5H9DzKQmiwvmUmG2RGqatOQzXK2Fo1rbM7EummvE=","West side of plot covered in dense sumac making sampling it inaccessible for sampling."
"d58ff3e8-0830-4fe5-86aa-a0866b8e47a9","OAES_004.tickPlot.tck","D11","OAES","OAES_004","distributed","grasslandHerbaceous",35.411159,-99.084234,"WGS84",20.1,507.6,0.1,"2015-07-21T16:42Z","OAES.2015.29",,,"drag",160,"N",0,0,,,"NEON.DOC.014045vF","n/e5H9DzKQmiwvmUmG2RGqatOQzXK2Fo1rbM7EummvE=","Sampling delayed 1 day due to rain."
"f81caa81-618e-4f5b-a14d-59a786dc4118","OAES_005.tickPlot.tck","D11","OAES","OAES_005","distributed","grasslandHerbaceous",35.402926,-99.080346,"WGS84",20.1,509.4,0.1,"2015-07-21T18:10Z","OAES.2015.29",,,"drag",160,"N",0,0,,,"NEON.DOC.014045vF","n/e5H9DzKQmiwvmUmG2RGqatOQzXK2Fo1rbM7EummvE=","Sampling delayed 1 day due to rain."
"396c0cd4-2ddc-4268-93c7-5c8b05d65194","OAES_008.tickPlot.tck","D11","OAES","OAES_008","distributed","grasslandHerbaceous",35.394019,-99.063159,"WGS84",20.1,492.6,0.1,"2015-07-21T19:30Z","OAES.2015.29",,,"drag",160,"N",0,0,,,"NEON.DOC.014045vF","+iQvVZ4QDC/6AZ19AJv4/Z5pPlRFlUUb","Sampling delayed 1 day due to rain."
"7b43891d-c99a-4cda-87fc-82f8b787a9f9","OAES_007.tickPlot.tck","D11","OAES","OAES_007","distributed","shrubScrub",35.421328,-99.057210,"WGS84",20.1,521.6,0.1,"2015-07-21T20:30Z","OAES.2015.29",,,"drag and flag",162,"N",0,0,,,"NEON.DOC.014045vF","+iQvVZ4QDC/6AZ19AJv4/Z5pPlRFlUUb","2 m deviation to avoid Opuntia. Sampling delayed 1 day due to rain."
