uid,namedLocation,date,domainID,siteID,plotID,plotType,nlcdClass,decimalLatitude,decimalLongitude,geodeticDatum,coordinateUncertainty,easting,northing,utmZone,elevation,elevationUncertainty,eventID,samplingProtocolVersion,treesPresent,treesAbsentList,shrubsPresent,shrubsAbsentList,lianasPresent,lianasAbsentList,nestedSubplotAreaShrubSapling,nestedSubplotAreaLiana,totalSampledAreaTrees,totalSampledAreaShrubSapling,totalSampledAreaLiana,remarks,measuredBy,recordedBy,dataQF
"78aa7918-0ee1-42ac-b48b-02bdc05e743e","OSBS_040.basePlot.vst","2017-12-04","D03","OSBS","OSBS_040","tower","evergreenForest",29.688978,-81.989556,"WGS84",20.1,404260.97,3284731.92,"17N",42.9,0.2,"vst_OSBS_2017","NEON.DOC.000987vG","Y","presentInAll","N",,"N",,"noneSelected","noneSelected",800,800,800,,"GrsE2Yu+ldmCqBHwBY6DBDQlk9sv4Hmw1h5L3rY7BgA=","XHDcovp85mKKhOyBJRCCG9BrUnGU9ms3Kfo1BikqVt4=",
"4bc89d4b-2db2-4b0d-8e8c-1b31f7a2c274","OSBS_026.basePlot.vst","2017-12-05","D03","OSBS","OSBS_026","tower","evergreenForest",29.693584,-81.992057,"WGS84",20.1,404023.36,3285244.39,"17N",43.0,0.1,"vst_OSBS_2017","NEON.DOC.000987vE","Y","presentInAll","Y","21","N",,"noneSelected","noneSelected",800,800,800,,"swB/+pnc2VnF9Fa7wkygb+Kf1gKbJNlh/Nqtv62hWkY=","YK5ulgcjQA5R7y4cKoPJR4j3Fle/NLuF4bqgrxO8ID4=",
"a90e976c-a797-4dca-bd0f-8ec75f742455","OSBS_030.basePlot.vst","2017-12-06","D03","OSBS","OSBS_030","tower","evergreenForest",29.689424,-81.997606,"WGS84",20.1,403482.52,3284788.03,"17N",46.1,0.1,"vst_OSBS_2017","NEON.DOC.000987vG","Y","presentInAll","Y","presentInAll","N",,"noneSelected","noneSelected",800,800,800,,"GrsE2Yu+ldmCqBHwBY6DBDQlk9sv4Hmw1h5L3rY7BgA=","XHDcovp85mKKhOyBJRCCG9BrUnGU9ms3Kfo1BikqVt4=",
"1ef18307-6dde-4a4d-9344-cb99fa5eef8b","OSBS_027.basePlot.vst","2017-12-07","D03","OSBS","OSBS_027","tower","evergreenForest",29.691969,-81.992063,"WGS84",20.1,404021.25,3285065.43,"17N",41.3,0.2,"vst_OSBS_2017","NEON.DOC.000987vG","Y","presentInAll","Y",,"N",,"noneSelected","noneSelected",800,800,800,,"GrsE2Yu+ldmCqBHwBY6DBDQlk9sv4Hmw1h5L3rY7BgA=","XHDcovp85mKKhOyBJRCCG9BrUnGU9ms3Kfo1BikqVt4=",
"fba671fa-d443-4bd3-be54-607cdee2c717","OSBS_028.basePlot.vst","2017-12-07","D03","OSBS","OSBS_028","tower","evergreenForest",29.685933,-81.995718,"WGS84",20.1,403661.86,3284399.61,"17N",45.0,0.1,"vst_OSBS_2017","NEON.DOC.000987vG","Y",,"Y",,"N",,"100","noneSelected",800,400,800,,"GrsE2Yu+ldmCqBHwBY6DBDQlk9sv4Hmw1h5L3rY7BgA=","XHDcovp85mKKhOyBJRCCG9BrUnGU9ms3Kfo1BikqVt4=",
"b42b242f-ff0a-4a1c-9c59-6db3ddc8d61d","OSBS_029.basePlot.vst","2017-12-12","D03","OSBS","OSBS_029","tower","evergreenForest",29.692504,-81.989891,"WGS84",20.1,404231.90,3285122.92,"17N",44.3,0.1,"vst_OSBS_2017","NEON.DOC.000987vG","Y","presentInAll","Y",,"N",,"noneSelected","noneSelected",800,800,800,,"GrsE2Yu+ldmCqBHwBY6DBDQlk9sv4Hmw1h5L3rY7BgA=","XHDcovp85mKKhOyBJRCCG9BrUnGU9ms3Kfo1BikqVt4=",
"b6e207c4-5925-4cd0-a11d-f5b6fe5a1fac","OSBS_031.basePlot.vst","2017-12-13","D03","OSBS","OSBS_031","tower","evergreenForest",29.688968,-81.991105,"WGS84",,404111.08,3284732.09,"17N",49.2,,"vst_OSBS_2017","NEON.DOC.000987vG","Y","presentInAll","Y","23_4","N",,"100","noneSelected",800,400,800,,"GrsE2Yu+ldmCqBHwBY6DBDQlk9sv4Hmw1h5L3rY7BgA=","XHDcovp85mKKhOyBJRCCG9BrUnGU9ms3Kfo1BikqVt4=",
"0391b051-3a9f-467f-bf51-0e4518cb1165","OSBS_038.basePlot.vst","2017-12-18","D03","OSBS","OSBS_038","tower","evergreenForest",29.690777,-81.997627,"WGS84",20.2,403481.78,3284937.98,"17N",46.0,0.2,"vst_OSBS_2017","NEON.DOC.000987vG","Y","presentInAll","Y","presentInAll","N",,"100","noneSelected",800,400,800,,"swB/+pnc2VnF9Fa7wkygb+Kf1gKbJNlh/Nqtv62hWkY=","XHDcovp85mKKhOyBJRCCG9BrUnGU9ms3Kfo1BikqVt4=",
"1de8ad00-09c2-4cfb-b3c7-3569a76595b7","OSBS_036.basePlot.vst","2017-12-18","D03","OSBS","OSBS_036","tower","evergreenForest",29.691429,-81.990504,"WGS84",20.2,404171.57,3285004.30,"17N",43.9,0.2,"vst_OSBS_2017","NEON.DOC.000987vG","Y","presentInAll","Y","presentInAll","N",,"noneSelected","noneSelected",800,800,800,,"GrsE2Yu+ldmCqBHwBY6DBDQlk9sv4Hmw1h5L3rY7BgA=","XHDcovp85mKKhOyBJRCCG9BrUnGU9ms3Kfo1BikqVt4=",
"c00323cb-d6bc-4ae2-82bb-1ba851739cae","OSBS_037.basePlot.vst","2017-12-18","D03","OSBS","OSBS_037","tower","evergreenForest",29.686474,-81.994473,"WGS84",20.1,403782.84,3284458.53,"17N",45.3,0.1,"vst_OSBS_2017","NEON.DOC.000987vG","Y","presentInAll","Y","presentInAll","N",,"100","noneSelected",800,400,800,,"cMb2B+jx12AMjNtsEA8t48GND5R87ks/","uQ3flT+jLrW85u7nE+3riIGajIA12ojXUYMflWmsZYI=",
"9d000553-bc17-4efb-a783-4557748fb83b","OSBS_041.basePlot.vst","2017-12-20","D03","OSBS","OSBS_041","tower","evergreenForest",29.687527,-81.996333,"WGS84",20.1,403603.88,3284576.76,"17N",44.7,0.2,"vst_OSBS_2017","NEON.DOC.000987vG","Y","presentInAll","Y","presentInAll","N",,"100","noneSelected",800,400,800,,"cMb2B+jx12AMjNtsEA8t48GND5R87ks/","uQ3flT+jLrW85u7nE+3riIGajIA12ojXUYMflWmsZYI=",
"3f75b8b9-1faa-429d-ba40-c2e18fc1c396","OSBS_043.basePlot.vst","2017-12-20","D03","OSBS","OSBS_043","tower","evergreenForest",29.691430,-81.988956,"WGS84",20.1,404321.34,3285003.13,"17N",47.6,0.4,"vst_OSBS_2017","NEON.DOC.000987vG","Y","presentInAll","N",,"N",,"noneSelected","noneSelected",800,800,800,,"swB/+pnc2VnF9Fa7wkygb+Kf1gKbJNlh/Nqtv62hWkY=","XHDcovp85mKKhOyBJRCCG9BrUnGU9ms3Kfo1BikqVt4=",
"80b9cfcc-00c0-4bf9-bcb3-3cca701c43c7","OSBS_034.basePlot.vst","2017-12-20","D03","OSBS","OSBS_034","tower","evergreenForest",29.688720,-81.988299,"WGS84",20.1,404382.34,3284702.29,"17N",41.5,0.2,"vst_OSBS_2017","NEON.DOC.000987vG","Y","presentInAll","N",,"N",,"100","noneSelected",800,400,800,"Actually used 100m^2 nested subplots in 2016. Confirmed in field 20171220.","swB/+pnc2VnF9Fa7wkygb+Kf1gKbJNlh/Nqtv62hWkY=","XHDcovp85mKKhOyBJRCCG9BrUnGU9ms3Kfo1BikqVt4=",
"1cb341e2-4e3f-4551-912f-5cf7c38f016e","OSBS_032.basePlot.vst","2017-12-21","D03","OSBS","OSBS_032","tower","evergreenForest",29.690033,-81.991110,"WGS84",20.1,404111.61,3284850.11,"17N",46.4,0.1,"vst_OSBS_2017","NEON.DOC.000987vG",,,,,,,"100","noneSelected",800,400,800,,"cMb2B+jx12AMjNtsEA8t48GND5R87ks/","uQ3flT+jLrW85u7nE+3riIGajIA12ojXUYMflWmsZYI=",
"74b1d353-22ea-488a-8336-385c7b000a66","OSBS_033.basePlot.vst","2017-12-21","D03","OSBS","OSBS_033","tower","evergreenForest",29.690061,-81.989562,"WGS84",20.1,404261.41,3284851.93,"17N",44.1,0.2,"vst_OSBS_2017","NEON.DOC.000987vG","Y","presentInAll","N",,"N",,"100","noneSelected",800,400,800,,"swB/+pnc2VnF9Fa7wkygb+Kf1gKbJNlh/Nqtv62hWkY=","XHDcovp85mKKhOyBJRCCG9BrUnGU9ms3Kfo1BikqVt4=",
"9f457df4-09ae-4c2b-8ee7-2c33c41add58","OSBS_025.basePlot.vst","2017-12-27","D03","OSBS","OSBS_025","tower","evergreenForest",29.691867,-81.996384,"WGS84",20.1,403603.09,3285057.72,"17N",45.1,0.1,"vst_OSBS_2017","NEON.DOC.000987vG","Y",,"N",,"N",,"noneSelected","noneSelected",800,800,800,,"uQ3flT+jLrW85u7nE+3riIGajIA12ojXUYMflWmsZYI=","YK5ulgcjQA5R7y4cKoPJR4j3Fle/NLuF4bqgrxO8ID4=",
"d4928ef1-42cb-49a3-b423-188d78f79dbc","OSBS_039.basePlot.vst","2017-12-27","D03","OSBS","OSBS_039","tower","evergreenForest",29.693300,-81.990822,"WGS84",20.1,404142.58,3285211.89,"17N",47.4,0.1,"vst_OSBS_2017","NEON.DOC.000987vG","Y","presentInAll","N",,"N",,"100","noneSelected",800,400,800,,"XHDcovp85mKKhOyBJRCCG9BrUnGU9ms3Kfo1BikqVt4=","US6ylBt1kdzWPddNyRUg+joHmyJYOSg2QjXDIHZccl4=",
