uid,namedLocation,domainID,siteID,plotID,plotType,nlcdClass,decimalLatitude,decimalLongitude,geodeticDatum,coordinateUncertainty,elevation,elevationUncertainty,collectDate,eventID,sampleID,sampleCode,samplingMethod,totalSampledArea,targetTaxaPresent,adultCount,nymphCount,larvaCount,sampleCondition,samplingProtocolVersion,measuredBy,remarks
"851bc796-f4d4-4cdc-927b-6d4688b5bdc0","BONA_013.tickPlot.tck","D19","BONA","BONA_013","distributed","mixedForest",65.176867,-147.556284,"WGS84",20.2,507.6,0.2,"2017-06-21T18:07Z","BONA.2017.26",,,"drag and flag",165,"N",0,0,0,,"NEON.DOC.014045vH","8geTbGuO5GyfVcfHJe5Xz4D+5wTgyJNVHAM0mvzeT5I=",
"368e1a59-8ac0-4b0a-a7f7-b8a20d9f7df3","BONA_020.tickPlot.tck","D19","BONA","BONA_020","distributed","evergreenForest",65.188754,-147.552582,"WGS84",20.1,577.8,0.1,"2017-06-21T19:54Z","BONA.2017.26",,,"drag and flag",163,"N",0,0,0,,"NEON.DOC.014045vH","7V5rEUdBwb1qSZGvaoOIlUar5kBP4ABE4TgiqSfJHbU=","Centroid marked mammal"
"fc69f139-3adb-4538-8ff9-2d07a739581f","BONA_004.tickPlot.tck","D19","BONA","BONA_004","distributed","evergreenForest",65.190455,-147.539885,"WGS84",20.1,652.4,0.1,"2017-06-21T20:55Z","BONA.2017.26",,,"drag and flag",177,"N",0,0,0,,"NEON.DOC.014045vH","8geTbGuO5GyfVcfHJe5Xz4D+5wTgyJNVHAM0mvzeT5I=",
"b58a3cc3-a475-4311-b47e-82f3ca8bfe7a","BONA_044.tickPlot.tck","D19","BONA","BONA_044","distributed","shrubScrub",65.166233,-147.508264,"WGS84",20.1,309.6,0.1,"2017-06-21T21:00Z","BONA.2017.26",,,"drag and flag",170,"N",0,0,0,,"NEON.DOC.014045vH","s2uDESL1j+AW3Q2Q0IlT2c/WFAdKqXr0DT83SmWL7KI=",
"e9f5f3da-bcc7-4daf-8594-b3341c6772fa","BONA_002.tickPlot.tck","D19","BONA","BONA_002","distributed","deciduousForest",65.163914,-147.524124,"WGS84",20.1,481.4,0.2,"2017-06-21T21:12Z","BONA.2017.26",,,"drag and flag",170,"N",0,0,0,,"NEON.DOC.014045vH","8geTbGuO5GyfVcfHJe5Xz4D+5wTgyJNVHAM0mvzeT5I=",
"c6efed8a-60e6-40fd-a416-4db2134d530d","BONA_012.tickPlot.tck","D19","BONA","BONA_012","distributed","deciduousForest",65.153244,-147.535939,"WGS84",20.2,290.2,0.2,"2017-06-21T21:35Z","BONA.2017.26",,,"drag and flag",173,"N",0,0,0,,"NEON.DOC.014045vH","7V5rEUdBwb1qSZGvaoOIlUar5kBP4ABE4TgiqSfJHbU=","Very dense and difficult to find corner stakes. Needs flagging."
