uid,namedLocation,domainID,siteID,plotID,plotType,nlcdClass,decimalLatitude,decimalLongitude,geodeticDatum,coordinateUncertainty,elevation,elevationUncertainty,collectDate,eventID,sampleID,sampleCode,samplingMethod,totalSampledArea,targetTaxaPresent,adultCount,nymphCount,larvaCount,sampleCondition,samplingProtocolVersion,measuredBy,remarks
"1881a4cf-d51d-460a-a559-191068976102","OAES_005.tickPlot.tck","D11","OAES","OAES_005","distributed","grasslandHerbaceous",35.402926,-99.080346,"WGS84",20.1,509.4,0.1,"2015-06-08T19:50Z","OAES.2015.23",,,"drag",160,"N",0,0,,,"NEON.DOC.014045vF","E0QNXD+K2b5q2XkN9RjHNBArNVWYmvwc","1 arthropod added to extra vial for later ID-verified under scope as insect"
"a708e5cd-90ca-42a9-b763-9f51aef23830","OAES_007.tickPlot.tck","D11","OAES","OAES_007","distributed","shrubScrub",35.421328,-99.057210,"WGS84",20.1,521.6,0.1,"2015-06-08T20:10Z","OAES.2015.23",,,"drag",159,"N",0,0,,,"NEON.DOC.014045vF","cJ8Mt89MTxlqOnAc6pDp/DoDhz6eIepx",
"bed1e836-3cd5-483d-a0c8-bbfeda294090","OAES_003.tickPlot.tck","D11","OAES","OAES_003","distributed","grasslandHerbaceous",35.412134,-99.068027,"WGS84",20.2,512.2,0.2,"2015-06-08T21:28Z","OAES.2015.23",,,"drag",160,"N",0,0,,,"NEON.DOC.014045vF","cJ8Mt89MTxlqOnAc6pDp/DoDhz6eIepx",
"0916097b-0a33-4624-96bb-1220013e18d0","OAES_004.tickPlot.tck","D11","OAES","OAES_004","distributed","grasslandHerbaceous",35.411159,-99.084234,"WGS84",20.1,507.6,0.1,"2015-06-08T21:50Z","OAES.2015.23",,,"drag",160,"N",0,0,,,"NEON.DOC.014045vF","E0QNXD+K2b5q2XkN9RjHNBArNVWYmvwc","2 red arthropods placed in nyph vial for futher ID- verified under scope as other arachnid"
"fc9b0cae-8591-4e76-a03c-fdb00a6cd28d","OAES_008.tickPlot.tck","D11","OAES","OAES_008","distributed","grasslandHerbaceous",35.394019,-99.063159,"WGS84",20.1,492.6,0.1,"2015-06-08T22:40Z","OAES.2015.23",,,"drag",160,"N",0,0,,,"NEON.DOC.014045vF","cJ8Mt89MTxlqOnAc6pDp/DoDhz6eIepx",
"7feb5e7d-5e3d-4b39-a974-979d95e6ea66","OAES_021.tickPlot.tck","D11","OAES","OAES_021","distributed","shrubScrub",35.413211,-99.074301,"WGS84",20.1,501.7,0.1,"2015-06-08T23:39Z","OAES.2015.23",,,"drag and flag",120,"N",0,0,,,"NEON.DOC.014045vF","E0QNXD+K2b5q2XkN9RjHNBArNVWYmvwc","West side of plot covered in dense waist-high sumac and overhanging branches making it inaccessable for sampling"
"bcfaca89-9deb-4b02-b514-9d88eed2eaa4","OAES_021.tickPlot.tck","D11","OAES","OAES_021","distributed","shrubScrub",35.413211,-99.074301,"WGS84",20.1,501.7,0.1,"2015-06-08T23:39Z","OAES.2015.23",,,"drag and flag",120,"N",0,0,,,"NEON.DOC.014045vF","E0QNXD+K2b5q2XkN9RjHNBArNVWYmvwc","West side of plot covered in dense waist-high sumac and overhanging branches making it inaccessable for sampling"
"4a1fefd5-f7c7-4bf8-9737-382e06c7c350","OAES_021.tickPlot.tck","D11","OAES","OAES_021","distributed","shrubScrub",35.413211,-99.074301,"WGS84",20.1,501.7,0.1,"2015-06-08T23:39Z","OAES.2015.23",,,"drag and flag",120,"N",0,0,,,"NEON.DOC.014045vF","E0QNXD+K2b5q2XkN9RjHNBArNVWYmvwc","West side of plot covered in dense waist-high sumac and overhanging branches making it inaccessable for sampling"
