uid,namedLocation,domainID,siteID,plotID,plotType,nlcdClass,decimalLatitude,decimalLongitude,geodeticDatum,coordinateUncertainty,elevation,elevationUncertainty,collectDate,eventID,sampleID,sampleCode,samplingMethod,totalSampledArea,targetTaxaPresent,adultCount,nymphCount,larvaCount,sampleCondition,samplingProtocolVersion,measuredBy,remarks
"998d2e9f-1c72-45d3-aef5-77f482b5caed","STER_006.tickPlot.tck","D10","STER","STER_006","distributed","cultivatedCrops",40.465644,-103.032824,"WGS84",20.1,1361.1,0.1,"2018-08-08T17:17Z","STER.2018.32",,,"drag",160,"N",0,0,0,,"NEON.DOC.014045vJ","mmEckVtOkg8Ppw/emT+oh05tZj304sIopqY7hcdK2W4=",
"c329fa11-bd32-47ff-b9be-dad89129163a","STER_029.tickPlot.tck","D10","STER","STER_029","distributed","cultivatedCrops",40.469400,-103.010366,"WGS84",20.2,1352.6,0.3,"2018-08-08T18:28Z","STER.2018.32",,,"drag",160,"N",0,0,0,,"NEON.DOC.014045vJ","mmEckVtOkg8Ppw/emT+oh05tZj304sIopqY7hcdK2W4=",
"a044f855-9fb8-40d2-932b-666d7ff786ca","STER_028.tickPlot.tck","D10","STER","STER_028","distributed","cultivatedCrops",40.472367,-103.017002,"WGS84",20.2,1358.2,0.3,"2018-08-08T19:19Z","STER.2018.32",,,"drag",160,"N",0,0,0,,"NEON.DOC.014045vJ","mmEckVtOkg8Ppw/emT+oh05tZj304sIopqY7hcdK2W4=",
"d2ec7eb1-44df-4145-b7da-f0bb349b4b94","STER_026.tickPlot.tck","D10","STER","STER_026","distributed","cultivatedCrops",40.474857,-103.022558,"WGS84",20.2,1358.2,0.2,"2018-08-08T19:54Z","STER.2018.32",,,"drag",160,"N",0,0,0,,"NEON.DOC.014045vJ","mmEckVtOkg8Ppw/emT+oh05tZj304sIopqY7hcdK2W4=",
"4a096e90-c5fb-432e-8cb8-b3a3d013be6e","STER_027.tickPlot.tck","D10","STER","STER_027","distributed","cultivatedCrops",40.480002,-103.017416,"WGS84",20.2,1365.6,0.2,"2018-08-08T20:29Z","STER.2018.32",,,"drag",160,"N",0,0,0,,"NEON.DOC.014045vJ","mmEckVtOkg8Ppw/emT+oh05tZj304sIopqY7hcdK2W4=",
"ad132222-c89e-4aff-8d06-c4594dca4616","STER_033.tickPlot.tck","D10","STER","STER_033","distributed","cultivatedCrops",40.476290,-103.010114,"WGS84",20.2,1355.1,0.2,"2018-08-08T21:03Z","STER.2018.32",,,"drag",160,"N",0,0,0,,"NEON.DOC.014045vJ","mmEckVtOkg8Ppw/emT+oh05tZj304sIopqY7hcdK2W4=",
