uid,namedLocation,plotID,collectDate,identifiedDate,sampleID,subsampleID,scientificName,acceptedTaxonID,taxonRank,family,subfamily,tribe,subtribe,genus,subgenus,specificEpithet,infraspecificEpithet,identificationQualifier,identificationReferences,identificationProtocolVersion,scientificNameAuthorship,sexOrAge,individualCount,sampleCondition,archiveMedium,archiveFacilityID,deprecatedVialID,identifiedBy,laboratoryName,remarks
"f22e5ecc-8d46-442e-9a10-f931f1062595","WOOD_002.tickPlot.tck","WOOD_002","2015-06-09T15:22Z","2016-06-29T16:00Z","WOOD_002.20150609","WOOD_002.20150609.DERVAR.M","Dermacentor variabilis","DERVAR","species","Ixodidae",,,,"Dermacentor",,"variabilis",,,"Yunker, C. E., Keirans, J. E., Clifford, C. M., and E. R. Easton. 1986. Dermacentor ticks (Acari: Ixodoidea: Ixodidae) of the New World: a scanning electron microscope atlas. Proceedings of the Entomological Society of Washington, 88(4):609-627.","GSU_tickIdentification_SOP_2016-11-01.pdf","Say","Male",2,"OK","90% ethanol","125972",,"L. Beati","Georgia Southern University",
"e2c40653-a78f-443b-bca5-f9a8c87361dd","WOOD_006.tickPlot.tck","WOOD_006","2015-06-09T16:00Z","2016-06-29T16:00Z","WOOD_006.20150609","WOOD_006.20150609.DERVAR.M","Dermacentor variabilis","DERVAR","species","Ixodidae",,,,"Dermacentor",,"variabilis",,,"Yunker, C. E., Keirans, J. E., Clifford, C. M., and E. R. Easton. 1986. Dermacentor ticks (Acari: Ixodoidea: Ixodidae) of the New World: a scanning electron microscope atlas. Proceedings of the Entomological Society of Washington, 88(4):609-627.","GSU_tickIdentification_SOP_2016-11-01.pdf","Say","Male",1,"OK","90% ethanol","125975",,"L. Beati","Georgia Southern University",
"a80edca6-0be2-45ac-881f-c5887c8ddc74","WOOD_006.tickPlot.tck","WOOD_006","2015-06-09T16:00Z","2016-06-29T16:00Z","WOOD_006.20150609","WOOD_006.20150609.DERVAR.F","Dermacentor variabilis","DERVAR","species","Ixodidae",,,,"Dermacentor",,"variabilis",,,"Yunker, C. E., Keirans, J. E., Clifford, C. M., and E. R. Easton. 1986. Dermacentor ticks (Acari: Ixodoidea: Ixodidae) of the New World: a scanning electron microscope atlas. Proceedings of the Entomological Society of Washington, 88(4):609-627.","GSU_tickIdentification_SOP_2016-11-01.pdf","Say","Female",3,"OK","90% ethanol","125975",,"L. Beati","Georgia Southern University",
"c48ead92-8a76-4b26-971b-5dccbd40bd77","WOOD_007.tickPlot.tck","WOOD_007","2015-06-09T16:06Z","2016-06-29T16:00Z","WOOD_007.20150609","WOOD_007.20150609.DERVAR.F","Dermacentor variabilis","DERVAR","species","Ixodidae",,,,"Dermacentor",,"variabilis",,,"Yunker, C. E., Keirans, J. E., Clifford, C. M., and E. R. Easton. 1986. Dermacentor ticks (Acari: Ixodoidea: Ixodidae) of the New World: a scanning electron microscope atlas. Proceedings of the Entomological Society of Washington, 88(4):609-627.","GSU_tickIdentification_SOP_2016-11-01.pdf","Say","Female",8,"OK","90% ethanol","125973",,"L. Beati","Georgia Southern University",
"192a5c92-30d2-4452-9654-12de4988a302","WOOD_007.tickPlot.tck","WOOD_007","2015-06-09T16:06Z","2016-06-29T16:00Z","WOOD_007.20150609","WOOD_007.20150609.DERVAR.M","Dermacentor variabilis","DERVAR","species","Ixodidae",,,,"Dermacentor",,"variabilis",,,"Yunker, C. E., Keirans, J. E., Clifford, C. M., and E. R. Easton. 1986. Dermacentor ticks (Acari: Ixodoidea: Ixodidae) of the New World: a scanning electron microscope atlas. Proceedings of the Entomological Society of Washington, 88(4):609-627.","GSU_tickIdentification_SOP_2016-11-01.pdf","Say","Male",4,"OK","90% ethanol","125973",,"L. Beati","Georgia Southern University",
"718cdd30-e390-48c9-adfd-557b08c320eb","WOOD_001.tickPlot.tck","WOOD_001","2015-06-09T17:00Z","2016-06-29T16:00Z","WOOD_001.20150609","WOOD_001.20150609.DERVAR.M","Dermacentor variabilis","DERVAR","species","Ixodidae",,,,"Dermacentor",,"variabilis",,,"Yunker, C. E., Keirans, J. E., Clifford, C. M., and E. R. Easton. 1986. Dermacentor ticks (Acari: Ixodoidea: Ixodidae) of the New World: a scanning electron microscope atlas. Proceedings of the Entomological Society of Washington, 88(4):609-627.","GSU_tickIdentification_SOP_2016-11-01.pdf","Say","Male",4,"OK","90% ethanol","125974",,"L. Beati","Georgia Southern University",
"f6d1a01e-0033-44a4-acdf-0ba140d28cba","WOOD_001.tickPlot.tck","WOOD_001","2015-06-09T17:00Z","2016-06-29T16:00Z","WOOD_001.20150609","WOOD_001.20150609.DERVAR.F","Dermacentor variabilis","DERVAR","species","Ixodidae",,,,"Dermacentor",,"variabilis",,,"Yunker, C. E., Keirans, J. E., Clifford, C. M., and E. R. Easton. 1986. Dermacentor ticks (Acari: Ixodoidea: Ixodidae) of the New World: a scanning electron microscope atlas. Proceedings of the Entomological Society of Washington, 88(4):609-627.","GSU_tickIdentification_SOP_2016-11-01.pdf","Say","Female",6,"OK","90% ethanol","125974",,"L. Beati","Georgia Southern University",
"61f36bb6-9c65-41f3-b855-1e697ce18c73","WOOD_024.tickPlot.tck","WOOD_024","2015-06-30T14:30Z","2016-06-29T16:00Z","WOOD_024.20150630","WOOD_024.20150630.DERVAR.F","Dermacentor variabilis","DERVAR","species","Ixodidae",,,,"Dermacentor",,"variabilis",,,"Yunker, C. E., Keirans, J. E., Clifford, C. M., and E. R. Easton. 1986. Dermacentor ticks (Acari: Ixodoidea: Ixodidae) of the New World: a scanning electron microscope atlas. Proceedings of the Entomological Society of Washington, 88(4):609-627.","GSU_tickIdentification_SOP_2016-11-01.pdf","Say","Female",1,"OK","90% ethanol","125976",,"L. Beati","Georgia Southern University",
"7882e43b-992c-48f0-847c-0c650605bcfe","WOOD_009.tickPlot.tck","WOOD_009","2015-06-30T16:05Z","2016-06-29T16:00Z","WOOD_009.20150630","WOOD_009.20150630.DERVAR.M","Dermacentor variabilis","DERVAR","species","Ixodidae",,,,"Dermacentor",,"variabilis",,,"Yunker, C. E., Keirans, J. E., Clifford, C. M., and E. R. Easton. 1986. Dermacentor ticks (Acari: Ixodoidea: Ixodidae) of the New World: a scanning electron microscope atlas. Proceedings of the Entomological Society of Washington, 88(4):609-627.","GSU_tickIdentification_SOP_2016-11-01.pdf","Say","Male",2,"OK","90% ethanol","125977",,"L. Beati","Georgia Southern University",
"afba6276-a359-4fdc-ab81-cc4f8f4ebabe","WOOD_006.tickPlot.tck","WOOD_006","2015-06-30T17:22Z","2016-06-29T16:00Z","WOOD_006.20150630","WOOD_006.20150630.DERVAR.M","Dermacentor variabilis","DERVAR","species","Ixodidae",,,,"Dermacentor",,"variabilis",,,"Yunker, C. E., Keirans, J. E., Clifford, C. M., and E. R. Easton. 1986. Dermacentor ticks (Acari: Ixodoidea: Ixodidae) of the New World: a scanning electron microscope atlas. Proceedings of the Entomological Society of Washington, 88(4):609-627.","GSU_tickIdentification_SOP_2016-11-01.pdf","Say","Male",1,"OK","90% ethanol","125978",,"L. Beati","Georgia Southern University",
"27aa8cd6-dd63-460b-a3a3-d769c65e2329","WOOD_006.tickPlot.tck","WOOD_006","2015-06-30T17:22Z","2016-06-29T16:00Z","WOOD_006.20150630","WOOD_006.20150630.DERVAR.F","Dermacentor variabilis","DERVAR","species","Ixodidae",,,,"Dermacentor",,"variabilis",,,"Yunker, C. E., Keirans, J. E., Clifford, C. M., and E. R. Easton. 1986. Dermacentor ticks (Acari: Ixodoidea: Ixodidae) of the New World: a scanning electron microscope atlas. Proceedings of the Entomological Society of Washington, 88(4):609-627.","GSU_tickIdentification_SOP_2016-11-01.pdf","Say","Female",1,"OK","90% ethanol","125978",,"L. Beati","Georgia Southern University",
"2a280ac5-a28b-44b8-837e-3131f16e07b0","WOOD_007.tickPlot.tck","WOOD_007","2015-06-30T18:16Z","2016-06-29T16:00Z","WOOD_007.20150630","WOOD_007.20150630.DERVAR.M","Dermacentor variabilis","DERVAR","species","Ixodidae",,,,"Dermacentor",,"variabilis",,,"Yunker, C. E., Keirans, J. E., Clifford, C. M., and E. R. Easton. 1986. Dermacentor ticks (Acari: Ixodoidea: Ixodidae) of the New World: a scanning electron microscope atlas. Proceedings of the Entomological Society of Washington, 88(4):609-627.","GSU_tickIdentification_SOP_2016-11-01.pdf","Say","Male",2,"OK","90% ethanol","125979",,"L. Beati","Georgia Southern University",
"6dab23f8-fb67-4f45-9a89-bc1ff538d1c8","WOOD_007.tickPlot.tck","WOOD_007","2015-06-30T18:16Z","2016-06-29T16:00Z","WOOD_007.20150630","WOOD_007.20150630.DERVAR.F","Dermacentor variabilis","DERVAR","species","Ixodidae",,,,"Dermacentor",,"variabilis",,,"Yunker, C. E., Keirans, J. E., Clifford, C. M., and E. R. Easton. 1986. Dermacentor ticks (Acari: Ixodoidea: Ixodidae) of the New World: a scanning electron microscope atlas. Proceedings of the Entomological Society of Washington, 88(4):609-627.","GSU_tickIdentification_SOP_2016-11-01.pdf","Say","Female",5,"OK","90% ethanol","125979",,"L. Beati","Georgia Southern University",
"84c78a87-e87b-4fd3-8a40-787e582a38f0","WOOD_002.tickPlot.tck","WOOD_002","2015-06-30T19:09Z","2016-06-29T16:00Z","WOOD_002.20150630","WOOD_002.20150630.DERVAR.F","Dermacentor variabilis","DERVAR","species","Ixodidae",,,,"Dermacentor",,"variabilis",,,"Yunker, C. E., Keirans, J. E., Clifford, C. M., and E. R. Easton. 1986. Dermacentor ticks (Acari: Ixodoidea: Ixodidae) of the New World: a scanning electron microscope atlas. Proceedings of the Entomological Society of Washington, 88(4):609-627.","GSU_tickIdentification_SOP_2016-11-01.pdf","Say","Female",1,"OK","90% ethanol","125980",,"L. Beati","Georgia Southern University",
"40453e15-d929-4dbc-a9d3-adc5decf0dcf","WOOD_002.tickPlot.tck","WOOD_002","2015-06-30T19:09Z","2016-06-29T16:00Z","WOOD_002.20150630","WOOD_002.20150630.DERVAR.M","Dermacentor variabilis","DERVAR","species","Ixodidae",,,,"Dermacentor",,"variabilis",,,"Yunker, C. E., Keirans, J. E., Clifford, C. M., and E. R. Easton. 1986. Dermacentor ticks (Acari: Ixodoidea: Ixodidae) of the New World: a scanning electron microscope atlas. Proceedings of the Entomological Society of Washington, 88(4):609-627.","GSU_tickIdentification_SOP_2016-11-01.pdf","Say","Male",4,"OK","90% ethanol","125980",,"L. Beati","Georgia Southern University",
"89a94710-49a8-4e88-98d0-82a0f09a2ddb","WOOD_001.tickPlot.tck","WOOD_001","2015-06-30T20:19Z","2016-06-29T16:00Z","WOOD_001.20150630","WOOD_001.20150630.DERVAR.F","Dermacentor variabilis","DERVAR","species","Ixodidae",,,,"Dermacentor",,"variabilis",,,"Yunker, C. E., Keirans, J. E., Clifford, C. M., and E. R. Easton. 1986. Dermacentor ticks (Acari: Ixodoidea: Ixodidae) of the New World: a scanning electron microscope atlas. Proceedings of the Entomological Society of Washington, 88(4):609-627.","GSU_tickIdentification_SOP_2016-11-01.pdf","Say","Female",3,"OK","90% ethanol","125981",,"L. Beati","Georgia Southern University",
