uid,namedLocation,domainID,siteID,plotID,plotType,nlcdClass,decimalLatitude,decimalLongitude,geodeticDatum,coordinateUncertainty,elevation,elevationUncertainty,collectDate,eventID,sampleID,sampleCode,samplingMethod,totalSampledArea,targetTaxaPresent,adultCount,nymphCount,larvaCount,sampleCondition,samplingProtocolVersion,measuredBy,remarks
"2b9cb48f-3310-4a8d-b8d5-b779a9cd7a58","WOOD_002.tickPlot.tck","D09","WOOD","WOOD_002","distributed","grasslandHerbaceous",47.136802,-99.234546,"WGS84",20.1,578.3,0.1,"2015-06-09T15:22Z","WOOD.2015.23","WOOD_002.20150609",,"drag",160,"Y",2,0,,"No known compromise","NEON.DOC.014045vF","49AT3csB7SNH9c2JnAOTHYMNXNZpKUYr",
"c2a1fbfb-56f2-47b4-b26c-0bf78611a339","WOOD_006.tickPlot.tck","D09","WOOD","WOOD_006","distributed","grasslandHerbaceous",47.141023,-99.248055,"WGS84",20.1,587.2,0.1,"2015-06-09T16:00Z","WOOD.2015.23","WOOD_006.20150609",,"drag and flag",155,"Y",4,0,,"No known compromise","NEON.DOC.014045vF","gvqKh+2rVI0t8HJY2s8e/fWJiaOGqWFm",
"f7433ed8-85a9-43be-bd38-601957292084","WOOD_007.tickPlot.tck","D09","WOOD","WOOD_007","distributed","grasslandHerbaceous",47.133887,-99.251357,"WGS84",20.4,593.6,0.3,"2015-06-09T16:06Z","WOOD.2015.23","WOOD_007.20150609",,"drag and flag",160,"Y",12,0,,"No known compromise","NEON.DOC.014045vF","49AT3csB7SNH9c2JnAOTHYMNXNZpKUYr",
"7580086f-bfee-4768-8cfc-046fa21f51ae","WOOD_001.tickPlot.tck","D09","WOOD","WOOD_001","distributed","grasslandHerbaceous",47.127200,-99.256464,"WGS84",20.1,593.8,0.2,"2015-06-09T17:00Z","WOOD.2015.23","WOOD_001.20150609",,"drag",160,"Y",10,0,,"No known compromise","NEON.DOC.014045vF","49AT3csB7SNH9c2JnAOTHYMNXNZpKUYr",
"1ea0c738-2c08-4fca-8d23-02391844997a","WOOD_009.tickPlot.tck","D09","WOOD","WOOD_009","distributed","grasslandHerbaceous",47.144534,-99.231072,"WGS84",20.1,573.5,0.2,"2015-06-09T17:30Z","WOOD.2015.23",,,"drag",160,"N",0,0,,,"NEON.DOC.014045vF","gvqKh+2rVI0t8HJY2s8e/fWJiaOGqWFm",
"de2533ab-14be-4658-b9a8-e8f7e6f7fec7","WOOD_024.tickPlot.tck","D09","WOOD","WOOD_024","distributed","emergentHerbaceousWetlands",47.150784,-99.260836,"WGS84",20.1,586.1,0.2,"2015-06-09T18:30Z","WOOD.2015.23",,,"flag",155,"N",0,0,,,"NEON.DOC.014045vF","gvqKh+2rVI0t8HJY2s8e/fWJiaOGqWFm",
"66c350ee-a688-43c4-a39f-783c4283877f","WOOD_024.tickPlot.tck","D09","WOOD","WOOD_024","distributed","emergentHerbaceousWetlands",47.150784,-99.260836,"WGS84",20.1,586.1,0.2,"2015-06-30T14:30Z","WOOD.2015.26","WOOD_024.20150630",,"flag",160,"Y",1,0,,"No known compromise","NEON.DOC.014045vF","49AT3csB7SNH9c2JnAOTHYMNXNZpKUYr",
"43e83379-33e0-4ca7-ba60-ff252f803184","WOOD_009.tickPlot.tck","D09","WOOD","WOOD_009","distributed","grasslandHerbaceous",47.144534,-99.231072,"WGS84",20.1,573.5,0.2,"2015-06-30T16:05Z","WOOD.2015.26","WOOD_009.20150630",,"drag",160,"Y",2,0,,"No known compromise","NEON.DOC.014045vF","49AT3csB7SNH9c2JnAOTHYMNXNZpKUYr",
"fba76e96-4a71-43f7-bcb3-2ca0809e7de0","WOOD_006.tickPlot.tck","D09","WOOD","WOOD_006","distributed","grasslandHerbaceous",47.141023,-99.248055,"WGS84",20.1,587.2,0.1,"2015-06-30T17:22Z","WOOD.2015.26","WOOD_006.20150630",,"drag and flag",155,"Y",2,0,,"No known compromise","NEON.DOC.014045vF","49AT3csB7SNH9c2JnAOTHYMNXNZpKUYr","Cut off corner of wetland, standing water"
"71d3573d-b9bc-4f47-b7c1-66c0db5dc46d","WOOD_007.tickPlot.tck","D09","WOOD","WOOD_007","distributed","grasslandHerbaceous",47.133887,-99.251357,"WGS84",20.4,593.6,0.3,"2015-06-30T18:16Z","WOOD.2015.26","WOOD_007.20150630",,"drag and flag",160,"Y",6,0,,"No known compromise","NEON.DOC.014045vF","49AT3csB7SNH9c2JnAOTHYMNXNZpKUYr",
"f5721a5d-b0d4-4499-a5e7-500f5654fb96","WOOD_002.tickPlot.tck","D09","WOOD","WOOD_002","distributed","grasslandHerbaceous",47.136802,-99.234546,"WGS84",20.1,578.3,0.1,"2015-06-30T19:09Z","WOOD.2015.26","WOOD_002.20150630",,"drag",160,"Y",5,0,,"No known compromise","NEON.DOC.014045vF","49AT3csB7SNH9c2JnAOTHYMNXNZpKUYr",
"4ad69ea4-145d-42ea-892d-e27974f1ba39","WOOD_001.tickPlot.tck","D09","WOOD","WOOD_001","distributed","grasslandHerbaceous",47.127200,-99.256464,"WGS84",20.1,593.8,0.2,"2015-06-30T20:19Z","WOOD.2015.26","WOOD_001.20150630",,"drag",160,"Y",3,0,,"No known compromise","NEON.DOC.014045vF","49AT3csB7SNH9c2JnAOTHYMNXNZpKUYr",
