uid,namedLocation,domainID,siteID,plotID,plotType,nlcdClass,decimalLatitude,decimalLongitude,geodeticDatum,coordinateUncertainty,elevation,elevationUncertainty,collectDate,eventID,sampleID,sampleCode,samplingMethod,totalSampledArea,targetTaxaPresent,adultCount,nymphCount,larvaCount,sampleCondition,samplingProtocolVersion,measuredBy,remarks
"9bf28001-95cd-4983-ab21-bbc38cea0ac9","BART_002.tickPlot.tck","D01","BART","BART_002","distributed","deciduousForest",44.035231,-71.274674,"WGS84",20.2,502.6,0.3,"2015-08-10T17:52Z","BART.2015.32",,,"drag and flag",164,"N",0,0,0,,"NEON.DOC.014045vF","bWvVSKjgptV89BwHA3h10JNaeV+PHmDU","no transcription errors found LL 20150924"
"860da843-4f95-40b5-8ef2-4d0ed8df9a80","BART_015.tickPlot.tck","D01","BART","BART_015","distributed","mixedForest",44.042149,-71.271603,"WGS84",20.3,455.0,0.5,"2015-08-10T18:55Z","BART.2015.32",,,"drag and flag",162,"N",0,0,0,,"NEON.DOC.014045vF","xLZ+YqMrzOOIoCWuzuptWcn+zeO8dPFj",
"23a4b2c9-5036-458e-aa60-24b23a6ecabd","BART_010.tickPlot.tck","D01","BART","BART_010","distributed","deciduousForest",44.051100,-71.267766,"WGS84",20.2,413.0,0.4,"2015-08-10T20:00Z","BART.2015.32",,,"drag and flag",160,"N",0,0,0,,"NEON.DOC.014045vF","bWvVSKjgptV89BwHA3h10JNaeV+PHmDU",
"6c4a83b1-a90b-4a2c-9c52-119b6925fa95","BART_011.tickPlot.tck","D01","BART","BART_011","distributed","mixedForest",44.048783,-71.295353,"WGS84",20.2,399.5,0.2,"2015-08-10T21:07Z","BART.2015.32","BART_011.20150810",,"drag and flag",165,"Y",0,1,0,"No known compromise","NEON.DOC.014045vF","xLZ+YqMrzOOIoCWuzuptWcn+zeO8dPFj",
"8b1a38c2-e6c1-4bcd-bac6-454d623dc913","BART_019.tickPlot.tck","D01","BART","BART_019","distributed","mixedForest",44.069350,-71.288001,"WGS84",20.2,231.8,0.2,"2015-08-11T10:48Z","BART.2015.32",,,"drag and flag",165,"N",0,0,0,,"NEON.DOC.014045vF","bWvVSKjgptV89BwHA3h10JNaeV+PHmDU",
"eacbe984-8108-48be-a23f-bf558ea951e4","BART_029.tickPlot.tck","D01","BART","BART_029","distributed","evergreenForest",44.058948,-71.289336,"WGS84",20.2,291.7,0.3,"2015-08-11T11:39Z","BART.2015.32",,,"drag and flag",140,"N",0,0,0,,"NEON.DOC.014045vF","xLZ+YqMrzOOIoCWuzuptWcn+zeO8dPFj","no transcription errors found LL 20150924"
