uid,namedLocation,domainID,siteID,plotID,plotType,nlcdClass,decimalLatitude,decimalLongitude,geodeticDatum,coordinateUncertainty,elevation,elevationUncertainty,collectDate,eventID,sampleID,sampleCode,samplingMethod,totalSampledArea,targetTaxaPresent,adultCount,nymphCount,larvaCount,sampleCondition,samplingProtocolVersion,measuredBy,remarks
"b26ce39e-d43c-4ca3-93d6-98be82c59cc1","STEI_029.tickPlot.tck","D05","STEI","STEI_029","distributed","mixedForest",45.832878,-90.075489,"WGS84",20.1,492.2,0.2,"2017-04-24T15:20Z","STEI.2017.18",,,"drag and flag",146,"N",0,0,0,"No known compromise","NEON.DOC.014045vG","WXmC7HijdM2NsP75v+4sQyVqwIMmMBb8",
"077aecde-7c3c-4e35-9980-4206d9bb3888","STEI_023.tickPlot.tck","D05","STEI","STEI_023","distributed","woodyWetlands",45.824017,-90.096171,"WGS84",20.2,480.4,0.3,"2017-04-24T15:39Z","STEI.2017.18","STEI_023.20170424",,"flag",164,"Y",3,0,0,"No known compromise","NEON.DOC.014045vG","Syw2LXB/pj+fmGCuwdgBGVryVUmYhw3g",
"6b4464a2-5f71-48b6-934f-8781ed722d17","STEI_001.tickPlot.tck","D05","STEI","STEI_001","distributed","deciduousForest",45.812978,-90.091123,"WGS84",20.3,509.3,0.4,"2017-04-24T16:26Z","STEI.2017.18",,,"drag and flag",156,"N",0,0,0,"No known compromise","NEON.DOC.014045vG","ZHEXkzpmequ8bHP4OIc5Sa2i4D1lg2hhgarnFdYG4TU=",
"67e9a0d3-cb1d-4abc-b6fd-1c2017b4214a","STEI_005.tickPlot.tck","D05","STEI","STEI_005","distributed","deciduousForest",45.825112,-90.085882,"WGS84",20.3,509.9,0.5,"2017-04-24T17:21Z","STEI.2017.18",,,"drag and flag",171,"N",0,0,0,"No known compromise","NEON.DOC.014045vG","Syw2LXB/pj+fmGCuwdgBGVryVUmYhw3g",
"04e84320-4adb-4754-bf3c-ed63a251c239","STEI_002.tickPlot.tck","D05","STEI","STEI_002","distributed","deciduousForest",45.796166,-90.091452,"WGS84",20.2,520.3,0.4,"2017-04-24T17:46Z","STEI.2017.18",,,"drag and flag",160,"N",0,0,0,"No known compromise","NEON.DOC.014045vG","ZHEXkzpmequ8bHP4OIc5Sa2i4D1lg2hhgarnFdYG4TU=",
"8fc0af0b-a7e0-4532-9b3f-265965e0ce19","STEI_003.tickPlot.tck","D05","STEI","STEI_003","distributed","deciduousForest",45.824086,-90.071058,"WGS84",20.3,510.1,0.5,"2017-04-24T18:44Z","STEI.2017.18",,,"drag and flag",160,"N",0,0,0,"No known compromise","NEON.DOC.014045vG","Syw2LXB/pj+fmGCuwdgBGVryVUmYhw3g","Two teams sampling"
