uid,namedLocation,domainID,siteID,plotID,plotType,nlcdClass,decimalLatitude,decimalLongitude,geodeticDatum,coordinateUncertainty,elevation,elevationUncertainty,collectDate,eventID,sampleID,sampleCode,samplingMethod,totalSampledArea,targetTaxaPresent,adultCount,nymphCount,larvaCount,sampleCondition,samplingProtocolVersion,measuredBy,remarks
"94311129-fd19-4cbe-9673-a97dcb7fa95c","TALL_008.tickPlot.tck","D08","TALL","TALL_008","distributed","deciduousForest",32.922874,-87.434097,"WGS84",20.2,127.5,0.2,"2017-06-05T13:11Z","TALL.2017.24","TALL_008.20170605",,"drag and flag",160,"Y",1,6,0,"No known compromise","NEON.DOC.014045vH","BDzq2IAJfRwsrXnG+WJfFzkBkbtaDALAaR+O7WZv4cM=",
"c7efb44f-afca-402d-9056-7d6aa2feebae","TALL_001.tickPlot.tck","D08","TALL","TALL_001","distributed","deciduousForest",32.976370,-87.432184,"WGS84",20.2,114.6,0.1,"2017-06-05T13:16Z","TALL.2017.24","TALL_001.20170605",,"drag and flag",160,"Y",0,1,0,"No known compromise","NEON.DOC.014045vH","1oa2xj2qJQv1pKrpD/skqP7oYbsNfTnS+U+/HNtkLpw=",
"744a5716-d2f9-4105-b3b2-07b6ce5138e4","TALL_002.tickPlot.tck","D08","TALL","TALL_002","distributed","mixedForest",32.920823,-87.428955,"WGS84",20.3,104.0,0.4,"2017-06-05T14:21Z","TALL.2017.24","TALL_002.20170605",,"drag and flag",160,"Y",8,35,0,"No known compromise","NEON.DOC.014045vH","3Ym5ij87kyNZ4+qETTWy80Tg5jhJ+xJ+fnz5mJeZhbk=",
"487fe6fc-41ba-450c-a3a6-2941752f0595","TALL_016.tickPlot.tck","D08","TALL","TALL_016","distributed","evergreenForest",32.971553,-87.415845,"WGS84",20.1,138.9,0.1,"2017-06-05T14:35Z","TALL.2017.24",,,"drag and flag",160,"N",0,0,0,,"NEON.DOC.014045vH","1oa2xj2qJQv1pKrpD/skqP7oYbsNfTnS+U+/HNtkLpw=",
"52306bc4-c788-4672-8048-cdf9494ba874","TALL_003.tickPlot.tck","D08","TALL","TALL_003","distributed","mixedForest",32.894415,-87.416532,"WGS84",20.2,121.9,0.2,"2017-06-05T15:52Z","TALL.2017.24","TALL_003.20170605",,"drag and flag",160,"Y",1,0,0,"No known compromise","NEON.DOC.014045vH","3Ym5ij87kyNZ4+qETTWy80Tg5jhJ+xJ+fnz5mJeZhbk=",
"9593f9ab-b01b-43ce-ac0f-1fc249e6f7dc","TALL_006.tickPlot.tck","D08","TALL","TALL_006","distributed","evergreenForest",32.899144,-87.444571,"WGS84",20.3,108.6,0.3,"2017-06-05T15:59Z","TALL.2017.24","TALL_006.20170605",,"drag and flag",160,"Y",1,1,0,"No known compromise","NEON.DOC.014045vH","LVAPgAv6xh19C/3VJQSXPdnCeq509g5NN3aoB1Pgu+U=",
"ac454183-7176-4108-8a16-687ab16cfa8a","TALL_006.tickPlot.tck","D08","TALL","TALL_006","distributed","evergreenForest",32.899144,-87.444571,"WGS84",20.3,108.6,0.3,"2017-06-27T15:30Z","TALL.2017.27",,,"drag and flag",160,"N",0,0,0,,"NEON.DOC.014045vH","Y1eZ0h5wJPAWzlSHsqSze2Ty1WSOaflBA2t94oXrsCY=",
"099f05fa-c499-4eb5-a280-be49ab72e059","TALL_003.tickPlot.tck","D08","TALL","TALL_003","distributed","mixedForest",32.894415,-87.416532,"WGS84",20.2,121.9,0.2,"2017-06-27T16:32Z","TALL.2017.27","TALL_003.20170627",,"drag",160,"Y",1,1,0,"No known compromise","NEON.DOC.014045vH","Y1eZ0h5wJPAWzlSHsqSze2Ty1WSOaflBA2t94oXrsCY=",
"ce3fa135-21e5-4966-b45d-c136e8b3aea5","TALL_008.tickPlot.tck","D08","TALL","TALL_008","distributed","deciduousForest",32.922874,-87.434097,"WGS84",20.2,127.5,0.2,"2017-06-28T14:13Z","TALL.2017.27","TALL_008.20170628",,"drag",160,"Y",1,38,0,"No known compromise","NEON.DOC.014045vH","71MfCy+FRsto69311gQJvR+pq8mHvc/9aCd1qcCUSbo=",
"5ee12bff-5daf-49f0-bb32-3c4ce7bdb9d8","TALL_002.tickPlot.tck","D08","TALL","TALL_002","distributed","mixedForest",32.920823,-87.428955,"WGS84",20.3,104.0,0.4,"2017-06-28T15:20Z","TALL.2017.27","TALL_002.20170628",,"drag",160,"Y",6,42,0,"No known compromise","NEON.DOC.014045vH","71MfCy+FRsto69311gQJvR+pq8mHvc/9aCd1qcCUSbo=",
"4692fbb4-54da-4e47-a799-4914dba3d933","TALL_016.tickPlot.tck","D08","TALL","TALL_016","distributed","evergreenForest",32.971553,-87.415845,"WGS84",20.1,138.9,0.1,"2017-06-28T16:47Z","TALL.2017.27",,,"drag and flag",160,"N",0,0,0,,"NEON.DOC.014045vH","71MfCy+FRsto69311gQJvR+pq8mHvc/9aCd1qcCUSbo=",
"64084f88-4784-4efe-8f17-36be47e70bfd","TALL_001.tickPlot.tck","D08","TALL","TALL_001","distributed","deciduousForest",32.976370,-87.432184,"WGS84",20.2,114.6,0.1,"2017-06-28T18:03Z","TALL.2017.27","TALL_001.20170628",,"drag",160,"Y",2,9,561,"No known compromise","NEON.DOC.014045vH","71MfCy+FRsto69311gQJvR+pq8mHvc/9aCd1qcCUSbo=",
