uid,namedLocation,plotID,collectDate,identifiedDate,sampleID,subsampleID,scientificName,acceptedTaxonID,taxonRank,family,subfamily,tribe,subtribe,genus,subgenus,specificEpithet,infraspecificEpithet,identificationQualifier,identificationReferences,identificationProtocolVersion,scientificNameAuthorship,sexOrAge,individualCount,sampleCondition,archiveMedium,archiveFacilityID,deprecatedVialID,identifiedBy,laboratoryName,remarks
"2fe3705b-f229-4783-be10-30cde403ab73","TALL_008.tickPlot.tck","TALL_008","2017-06-05T13:11Z","2017-09-14T16:00Z","TALL_008.20170605","TALL_008.20170605.IXOSP.N","Ixodidae sp.","IXOSP","family","Ixodidae",,,,,,"sp.",,,,"GSU_tickIdentification_SOP_2016-11-01.pdf",,"Nymph",6,"OK","90% ethanol","USNMENT01358533","TALL_008.20170605.AMBAME.N","Arianna Gibbs","Georgia Southern University",
"2e8c4f7b-24d8-4a90-80ef-3ba72a5c769b","TALL_008.tickPlot.tck","TALL_008","2017-06-05T13:11Z","2017-12-14T17:00Z","TALL_008.20170605","TALL_008.20170605.AMBAME.F","Amblyomma americanum","AMBAME","species","Ixodidae",,,,"Amblyomma",,"americanum",,,"Cooley, R. A. and G. M. Kohls. 1944. The genus Amblyomma (ixodidae) in the United States. The Journal of Parasitology, 30(2):77-111.","GSU_tickIdentification_SOP_2016-11-01.pdf","Linnaeus","Female",1,"OK","90% ethanol","USNMENT01358532","TALL_008.20170605.AMBAME.F","Lorenza Beati","Georgia Southern University",
"d0a0be65-ecc8-4807-8643-a7e1d469a83a","TALL_001.tickPlot.tck","TALL_001","2017-06-05T13:16Z","2017-12-14T17:00Z","TALL_001.20170605","TALL_001.20170605.AMBAME.N","Amblyomma americanum","AMBAME","species","Ixodidae",,,,"Amblyomma",,"americanum",,,"Cooley, R. A. and G. M. Kohls. 1944. The genus Amblyomma (ixodidae) in the United States. The Journal of Parasitology, 30(2):77-111.","GSU_tickIdentification_SOP_2016-11-01.pdf","Linnaeus","Nymph",1,"OK","90% ethanol","USNMENT01358528","TALL_001.20170605.AMBAME.N","Lorenza Beati","Georgia Southern University",
"d33bc2ca-198c-4aeb-b9b8-c15085a1892e","TALL_002.tickPlot.tck","TALL_002","2017-06-05T14:21Z","2017-12-14T17:00Z","TALL_002.20170605","TALL_002.20170605.AMBAME.N","Amblyomma americanum","AMBAME","species","Ixodidae",,,,"Amblyomma",,"americanum",,,"Cooley, R. A. and G. M. Kohls. 1944. The genus Amblyomma (ixodidae) in the United States. The Journal of Parasitology, 30(2):77-111.","GSU_tickIdentification_SOP_2016-11-01.pdf","Linnaeus","Nymph",38,"OK","90% ethanol","USNMENT01358536","TALL_002.20170605.AMBAME.N","Lorenza Beati","Georgia Southern University",
"e7f6bede-ab12-4ab2-9763-38a7f89fe367","TALL_002.tickPlot.tck","TALL_002","2017-06-05T14:21Z","2017-12-14T17:00Z","TALL_002.20170605","TALL_002.20170605.AMBAME.F","Amblyomma americanum","AMBAME","species","Ixodidae",,,,"Amblyomma",,"americanum",,,"Cooley, R. A. and G. M. Kohls. 1944. The genus Amblyomma (ixodidae) in the United States. The Journal of Parasitology, 30(2):77-111.","GSU_tickIdentification_SOP_2016-11-01.pdf","Linnaeus","Female",5,"OK","90% ethanol","USNMENT01358534","TALL_002.20170605.AMBAME.F","Lorenza Beati","Georgia Southern University",
"14fe1bb4-ec4c-4042-9bed-32c229ed64b1","TALL_002.tickPlot.tck","TALL_002","2017-06-05T14:21Z","2017-12-14T17:00Z","TALL_002.20170605","TALL_002.20170605.AMBAME.M","Amblyomma americanum","AMBAME","species","Ixodidae",,,,"Amblyomma",,"americanum",,,"Cooley, R. A. and G. M. Kohls. 1944. The genus Amblyomma (ixodidae) in the United States. The Journal of Parasitology, 30(2):77-111.","GSU_tickIdentification_SOP_2016-11-01.pdf","Linnaeus","Male",4,"OK","90% ethanol","USNMENT01358535","TALL_002.20170605.AMBAME.M","Lorenza Beati","Georgia Southern University","TO PAULA"
"e8c2d5f7-8365-43b6-9f1e-2676d56b6825","TALL_003.tickPlot.tck","TALL_003","2017-06-05T15:52Z","2017-12-14T17:00Z","TALL_003.20170605","TALL_003.20170605.AMBAME.F","Amblyomma americanum","AMBAME","species","Ixodidae",,,,"Amblyomma",,"americanum",,,"Cooley, R. A. and G. M. Kohls. 1944. The genus Amblyomma (ixodidae) in the United States. The Journal of Parasitology, 30(2):77-111.","GSU_tickIdentification_SOP_2016-11-01.pdf","Linnaeus","Female",1,"OK","90% ethanol","USNMENT01358529","TALL_003.20170605.AMBAME.F","Lorenza Beati","Georgia Southern University",
"284339b9-d789-4704-9468-b3e6b0b80fa3","TALL_006.tickPlot.tck","TALL_006","2017-06-05T15:59Z","2017-12-14T17:00Z","TALL_006.20170605","TALL_006.20170605.AMBAME.M","Amblyomma americanum","AMBAME","species","Ixodidae",,,,"Amblyomma",,"americanum",,,"Cooley, R. A. and G. M. Kohls. 1944. The genus Amblyomma (ixodidae) in the United States. The Journal of Parasitology, 30(2):77-111.","GSU_tickIdentification_SOP_2016-11-01.pdf","Linnaeus","Male",1,"OK","90% ethanol","USNMENT01358530","TALL_006.20170605.AMBAME.M","Lorenza Beati","Georgia Southern University",
"4c8119b0-8200-4bc8-a6eb-4f59a435c9cf","TALL_006.tickPlot.tck","TALL_006","2017-06-05T15:59Z","2017-12-14T17:00Z","TALL_006.20170605","TALL_006.20170605.AMBAME.N","Amblyomma americanum","AMBAME","species","Ixodidae",,,,"Amblyomma",,"americanum",,,"Cooley, R. A. and G. M. Kohls. 1944. The genus Amblyomma (ixodidae) in the United States. The Journal of Parasitology, 30(2):77-111.","GSU_tickIdentification_SOP_2016-11-01.pdf","Linnaeus","Nymph",1,"OK","90% ethanol","USNMENT01358531","TALL_006.20170605.AMBAME.N","Lorenza Beati","Georgia Southern University",
"78024098-0654-4eaf-9bf6-05c8fde01260","TALL_003.tickPlot.tck","TALL_003","2017-06-27T16:32Z","2017-12-14T17:00Z","TALL_003.20170627","TALL_003.20170627.AMBAME.N","Amblyomma americanum","AMBAME","species","Ixodidae",,,,"Amblyomma",,"americanum",,,"Cooley, R. A. and G. M. Kohls. 1944. The genus Amblyomma (ixodidae) in the United States. The Journal of Parasitology, 30(2):77-111.","GSU_tickIdentification_SOP_2016-11-01.pdf","Linnaeus","Nymph",1,"OK","90% ethanol","USNMENT01358544","TALL_003.20170627.AMBAME.N","Lorenza Beati","Georgia Southern University",
"cfc9bcf1-364b-4c86-aa6c-3302455f2320","TALL_003.tickPlot.tck","TALL_003","2017-06-27T16:32Z","2017-12-14T17:00Z","TALL_003.20170627","TALL_003.20170627.AMBAME.M","Amblyomma americanum","AMBAME","species","Ixodidae",,,,"Amblyomma",,"americanum",,,"Cooley, R. A. and G. M. Kohls. 1944. The genus Amblyomma (ixodidae) in the United States. The Journal of Parasitology, 30(2):77-111.","GSU_tickIdentification_SOP_2016-11-01.pdf","Linnaeus","Male",1,"OK","90% ethanol","USNMENT01358543","TALL_003.20170627.AMBAME.M","Lorenza Beati","Georgia Southern University",
"17405a9f-6dee-4468-a111-d546d456cba1","TALL_008.tickPlot.tck","TALL_008","2017-06-28T14:13Z","2017-12-14T17:00Z","TALL_008.20170628","TALL_008.20170628.AMBAME.N","Amblyomma americanum","AMBAME","species","Ixodidae",,,,"Amblyomma",,"americanum",,,"Cooley, R. A. and G. M. Kohls. 1944. The genus Amblyomma (ixodidae) in the United States. The Journal of Parasitology, 30(2):77-111.","GSU_tickIdentification_SOP_2016-11-01.pdf","Linnaeus","Nymph",38,"OK","90% ethanol","USNMENT01358595","TALL_008.20170628.AMBAME.N","Lorenza Beati","Georgia Southern University",
"eef287ed-bfe6-4a3a-8bde-d0a8dc753233","TALL_008.tickPlot.tck","TALL_008","2017-06-28T14:13Z","2017-12-14T17:00Z","TALL_008.20170628","TALL_008.20170628.AMBAME.M","Amblyomma americanum","AMBAME","species","Ixodidae",,,,"Amblyomma",,"americanum",,,"Cooley, R. A. and G. M. Kohls. 1944. The genus Amblyomma (ixodidae) in the United States. The Journal of Parasitology, 30(2):77-111.","GSU_tickIdentification_SOP_2016-11-01.pdf","Linnaeus","Male",1,"OK","90% ethanol","USNMENT01358594","TALL_008.20170628.AMBAME.M","Lorenza Beati","Georgia Southern University",
"4f780e36-8848-4f20-8d6e-c6a7f94592e3","TALL_002.tickPlot.tck","TALL_002","2017-06-28T15:20Z","2017-12-14T17:00Z","TALL_002.20170628","TALL_002.20170628.AMBAME.N","Amblyomma americanum","AMBAME","species","Ixodidae",,,,"Amblyomma",,"americanum",,,"Cooley, R. A. and G. M. Kohls. 1944. The genus Amblyomma (ixodidae) in the United States. The Journal of Parasitology, 30(2):77-111.","GSU_tickIdentification_SOP_2016-11-01.pdf","Linnaeus","Nymph",44,"OK","90% ethanol","USNMENT01358593","TALL_002.20170628.AMBAME.N","Lorenza Beati","Georgia Southern University",
"2537237e-b866-4636-bfb6-e572b1e15790","TALL_002.tickPlot.tck","TALL_002","2017-06-28T15:20Z","2017-12-14T17:00Z","TALL_002.20170628","TALL_002.20170628.AMBAME.F","Amblyomma americanum","AMBAME","species","Ixodidae",,,,"Amblyomma",,"americanum",,,"Cooley, R. A. and G. M. Kohls. 1944. The genus Amblyomma (ixodidae) in the United States. The Journal of Parasitology, 30(2):77-111.","GSU_tickIdentification_SOP_2016-11-01.pdf","Linnaeus","Female",2,"OK","90% ethanol","USNMENT01358591","TALL_002.20170628.AMBAME.F","Lorenza Beati","Georgia Southern University",
"c6cf6603-bae3-4d0d-ad77-a7a42645c46d","TALL_002.tickPlot.tck","TALL_002","2017-06-28T15:20Z","2017-12-14T17:00Z","TALL_002.20170628","TALL_002.20170628.AMBAME.M","Amblyomma americanum","AMBAME","species","Ixodidae",,,,"Amblyomma",,"americanum",,,"Cooley, R. A. and G. M. Kohls. 1944. The genus Amblyomma (ixodidae) in the United States. The Journal of Parasitology, 30(2):77-111.","GSU_tickIdentification_SOP_2016-11-01.pdf","Linnaeus","Male",4,"OK","90% ethanol","USNMENT01358592","TALL_002.20170628.AMBAME.M","Lorenza Beati","Georgia Southern University",
"65643bfc-7cdc-44ae-8afa-1a438aeb3403","TALL_001.tickPlot.tck","TALL_001","2017-06-28T18:03Z","2017-12-14T17:00Z","TALL_001.20170628","TALL_001.20170628.AMBAME.N","Amblyomma americanum","AMBAME","species","Ixodidae",,,,"Amblyomma",,"americanum",,,"Cooley, R. A. and G. M. Kohls. 1944. The genus Amblyomma (ixodidae) in the United States. The Journal of Parasitology, 30(2):77-111.","GSU_tickIdentification_SOP_2016-11-01.pdf","Linnaeus","Nymph",9,"OK","90% ethanol","USNMENT01358629","TALL_001.20170628.AMBAME.N","Lorenza Beati","Georgia Southern University",
"8f23e752-50eb-4b21-b611-47ac7c5adfc4","TALL_001.tickPlot.tck","TALL_001","2017-06-28T18:03Z","2017-12-14T17:00Z","TALL_001.20170628","TALL_001.20170628.AMBAME.M","Amblyomma americanum","AMBAME","species","Ixodidae",,,,"Amblyomma",,"americanum",,,"Cooley, R. A. and G. M. Kohls. 1944. The genus Amblyomma (ixodidae) in the United States. The Journal of Parasitology, 30(2):77-111.","GSU_tickIdentification_SOP_2016-11-01.pdf","Linnaeus","Male",2,"OK","90% ethanol","USNMENT01358628","TALL_001.20170628.AMBAME.M","Lorenza Beati","Georgia Southern University",
"fd1df8f8-fb47-4259-b6cc-39c8725323a8","TALL_001.tickPlot.tck","TALL_001","2017-06-28T18:03Z","2017-09-20T16:00Z","TALL_001.20170628","TALL_001.20170628.IXOSP.L","Ixodidae sp.","IXOSP","family","Ixodidae",,,,,,"sp.",,,,"GSU_tickIdentification_SOP_2016-11-01.pdf",,"Larva",1,"OK","90% ethanol","USNMENT01358630","TALL_001.20170628.L","Arianna Gibbs","Georgia Southern University",
