uid,namedLocation,domainID,siteID,plotID,plotType,nlcdClass,decimalLatitude,decimalLongitude,geodeticDatum,coordinateUncertainty,elevation,elevationUncertainty,collectDate,eventID,sampleID,sampleCode,samplingMethod,totalSampledArea,targetTaxaPresent,adultCount,nymphCount,larvaCount,sampleCondition,samplingProtocolVersion,measuredBy,remarks
"b6bfde0c-4050-4552-baae-28cadea8b239","DSNY_001.tickPlot.tck","D03","DSNY","DSNY_001","distributed","woodyWetlands",28.098062,-81.418561,"WGS84",20.1,20.3,0.1,"2014-04-16T21:24Z","DSNY.2014.15",,,"drag and flag",160,"N",0,0,0,,"NEON.DOC.014045vD","15UoIG0bBdOUiabUv6LvBQ==","No ticks collected. No transcription errors."
"08da391a-ffb6-4004-bf28-809ddf9ca9d7","DSNY_004.tickPlot.tck","D03","DSNY","DSNY_004","distributed","woodyWetlands",28.101022,-81.399501,"WGS84",20.1,18.7,0.1,"2014-04-17T13:40Z","DSNY.2014.15",,,"drag and flag",180,"N",0,0,0,,"NEON.DOC.014045vD","15UoIG0bBdOUiabUv6LvBQ==","No ticks collected. No transcription errors."
"7bbbb8ea-4290-4330-ab09-bc50140b090c","DSNY_005.tickPlot.tck","D03","DSNY","DSNY_005","distributed","woodyWetlands",28.040497,-81.394482,"WGS84",20.1,16.6,0.1,"2014-04-17T14:25Z","DSNY.2014.15",,,"drag and flag",160,"N",0,0,0,,"NEON.DOC.014045vD","15UoIG0bBdOUiabUv6LvBQ==","No ticks collected"
"83ce77fc-fdc2-476e-a3e6-5a2bab414eb0","DSNY_002.tickPlot.tck","D03","DSNY","DSNY_002","distributed","woodyWetlands",28.048725,-81.415426,"WGS84",20.1,17.2,0.1,"2014-04-17T14:48Z","DSNY.2014.15",,,"drag and flag",170,"N",0,0,0,,"NEON.DOC.014045vD","15UoIG0bBdOUiabUv6LvBQ==","No ticks collected"
"f509b0a0-979a-473c-a286-71b3c4ffefa6","DSNY_006.tickPlot.tck","D03","DSNY","DSNY_006","distributed","woodyWetlands",28.093704,-81.398045,"WGS84",20.1,20.1,0.1,"2014-04-17T15:12Z","DSNY.2014.15",,,"drag and flag",165,"N",0,0,0,,"NEON.DOC.014045vD","15UoIG0bBdOUiabUv6LvBQ==","No ticks collected"
