uid,namedLocation,domainID,siteID,plotID,plotType,nlcdClass,decimalLatitude,decimalLongitude,geodeticDatum,coordinateUncertainty,elevation,elevationUncertainty,collectDate,eventID,sampleID,sampleCode,samplingMethod,totalSampledArea,targetTaxaPresent,adultCount,nymphCount,larvaCount,sampleCondition,samplingProtocolVersion,measuredBy,remarks
"9ddc5459-8b4d-4f7c-a30b-654d683288fa","TREE_019.tickPlot.tck","D05","TREE","TREE_019","distributed","mixedForest",45.494788,-89.575812,"WGS84",20.3,466.2,0.5,"2018-07-09T15:21Z","TREE.2018.28","TREE_019.20180709","A00000008924","flag",160,"Y",1,2,110,"No known compromise","NEON.DOC.014045vJ","PTJV+Na8q5rXlc2VdpDZym+v0CyW08ED+5D+SsP87wo=",
"a735f78b-f60a-4827-8d24-64147af1feaf","TREE_017.tickPlot.tck","D05","TREE","TREE_017","distributed","deciduousForest",45.493376,-89.575729,"WGS84",20.1,466.2,0.2,"2018-07-09T15:21Z","TREE.2018.28","TREE_017.20180709","A00000009132","drag and flag",163,"Y",0,21,0,"No known compromise","NEON.DOC.014045vJ","AhZsviUviMNoNqEyyPr85yIRwM2ADy+TTr0X6Ji0aLk=",
"ef16e0bb-cd3f-4746-a8d3-0f9f85caa881","TREE_015.tickPlot.tck","D05","TREE","TREE_015","distributed","mixedForest",45.485626,-89.554320,"WGS84",20.3,462.1,0.6,"2018-07-09T17:25Z","TREE.2018.28","TREE_015.20180709","A00000007208","flag",160,"Y",0,3,6,"No known compromise","NEON.DOC.014045vJ","J4gztqMdLf0q1UA9iNDYKjIDa0NBJAOfeqnAdg1Dr6Q=",
"986389ee-8b9f-49ae-9dbd-ee3f5aaa721b","TREE_007.tickPlot.tck","D05","TREE","TREE_007","distributed","deciduousForest",45.496399,-89.559231,"WGS84",20.2,461.3,0.3,"2018-07-09T17:40Z","TREE.2018.28","TREE_007.20180709","A00000009034","drag and flag",160,"Y",0,3,58,"No known compromise","NEON.DOC.014045vJ","AhZsviUviMNoNqEyyPr85yIRwM2ADy+TTr0X6Ji0aLk=",
"754d465f-ef29-4f50-9ee3-d9e6b08c33dc","TREE_005.tickPlot.tck","D05","TREE","TREE_005","distributed","woodyWetlands",45.482307,-89.557299,"WGS84",20.1,447.6,0.2,"2018-07-09T18:29Z","TREE.2018.28","TREE_005.20180709","A00000007209","drag",164,"Y",4,0,0,"No known compromise","NEON.DOC.014045vJ","PTJV+Na8q5rXlc2VdpDZym+v0CyW08ED+5D+SsP87wo=",
"60787726-57c6-4989-b32f-7afc67fa7ecb","TREE_022.tickPlot.tck","D05","TREE","TREE_022","distributed","evergreenForest",45.494513,-89.551239,"WGS84",20.2,458.4,0.2,"2018-07-09T19:43Z","TREE.2018.28","TREE_022.20180709","A00000008968","drag and flag",160,"Y",0,3,0,"No known compromise","NEON.DOC.014045vJ","AhZsviUviMNoNqEyyPr85yIRwM2ADy+TTr0X6Ji0aLk=",
"753a5baf-d9ba-44bc-af88-c6cddd00a243","TREE_017.tickPlot.tck","D05","TREE","TREE_017","distributed","deciduousForest",45.493376,-89.575729,"WGS84",20.1,466.2,0.2,"2018-07-30T15:04Z","TREE.2018.31","TREE_017.20180730","A00000001156","drag and flag",160,"Y",0,8,44,"No known compromise","NEON.DOC.014045vJ","AhZsviUviMNoNqEyyPr85yIRwM2ADy+TTr0X6Ji0aLk=",
"8c60294a-8823-48bf-8676-663a17bd69e9","TREE_019.tickPlot.tck","D05","TREE","TREE_019","distributed","mixedForest",45.494788,-89.575812,"WGS84",20.3,466.2,0.5,"2018-07-30T15:30Z","TREE.2018.31","TREE_019.20180730","A00000001150","flag",160,"Y",0,4,69,"No known compromise","NEON.DOC.014045vJ","PTJV+Na8q5rXlc2VdpDZym+v0CyW08ED+5D+SsP87wo=",
"8e354dc1-7ed7-4895-b93e-9dcdfbd6e0d4","TREE_007.tickPlot.tck","D05","TREE","TREE_007","distributed","deciduousForest",45.496399,-89.559231,"WGS84",20.2,461.3,0.3,"2018-07-30T18:03Z","TREE.2018.31","TREE_007.20180730","A00000007211","drag and flag",160,"Y",0,3,30,"No known compromise","NEON.DOC.014045vJ","AhZsviUviMNoNqEyyPr85yIRwM2ADy+TTr0X6Ji0aLk=",
"68ec6d4e-85e4-4c66-8c26-2556d07c4327","TREE_015.tickPlot.tck","D05","TREE","TREE_015","distributed","mixedForest",45.485626,-89.554320,"WGS84",20.3,462.1,0.6,"2018-07-30T18:13Z","TREE.2018.31","TREE_015.20180730","A00000001154","drag",162,"Y",0,0,3,"No known compromise","NEON.DOC.014045vJ","PTJV+Na8q5rXlc2VdpDZym+v0CyW08ED+5D+SsP87wo=",
"67eee982-2a79-4f0a-ac0a-e98e31810f2f","TREE_005.tickPlot.tck","D05","TREE","TREE_005","distributed","woodyWetlands",45.482307,-89.557299,"WGS84",20.1,447.6,0.2,"2018-07-30T19:19Z","TREE.2018.31",,,"flag",164,"N",0,0,0,,"NEON.DOC.014045vJ","UrIrVULjX6rksC5Bv8RX5xSv+khuOcTHtU/lAp2t5w8=",
"dffb4d25-01ba-427c-83ef-d9617d9a8b0b","TREE_022.tickPlot.tck","D05","TREE","TREE_022","distributed","evergreenForest",45.494513,-89.551239,"WGS84",20.2,458.4,0.2,"2018-07-30T20:09Z","TREE.2018.31","TREE_022.20180730","A00000007216","drag and flag",160,"Y",0,2,1,"No known compromise","NEON.DOC.014045vJ","Yb2Wqz1fmygOWMHKKARTHQj85PWerNY3UT3srpVJIDM=",
