uid,namedLocation,domainID,siteID,plotID,plotType,nlcdClass,decimalLatitude,decimalLongitude,geodeticDatum,coordinateUncertainty,elevation,elevationUncertainty,collectDate,eventID,sampleID,sampleCode,samplingMethod,totalSampledArea,targetTaxaPresent,adultCount,nymphCount,larvaCount,sampleCondition,samplingProtocolVersion,measuredBy,remarks
"2bd4206f-2524-48ec-93e0-02edc089fcf9","JERC_002.tickPlot.tck","D03","JERC","JERC_002","distributed","evergreenForest",31.194065,-84.461537,"WGS84",20.3,56.0,0.5,"2016-09-21T12:45Z","JERC.2016.38",,,"drag and flag",140,"N",0,0,0,"No known compromise","NEON.DOC.014045vG","a+fcOOAiz+7pYTGAZM5S9oWOFHn4va6d",
"a8afdf66-cac3-4fe9-9f09-686e439fe148","JERC_004.tickPlot.tck","D03","JERC","JERC_004","distributed","cultivatedCrops",31.190115,-84.467381,"WGS84",20.1,43.6,0.2,"2016-09-21T13:40Z","JERC.2016.38",,,"drag and flag",140,"N",0,0,0,"No known compromise","NEON.DOC.014045vG","IaXfrbXr6GQAKfG/Thmkj2xXG2gxDgR+",
"d81d3782-5ac0-464a-b0c2-2b84ae4dda62","JERC_011.tickPlot.tck","D03","JERC","JERC_011","distributed","evergreenForest",31.184787,-84.466700,"WGS84",20.1,40.0,0.1,"2016-09-21T14:19Z","JERC.2016.38",,,"drag and flag",140,"N",0,0,0,"No known compromise","NEON.DOC.014045vG","Z1kn+qG/kiLVelUOX7kLSqEptlfcv2S8",
"c675fe8e-b21c-4a58-95ce-138dc4667e57","JERC_010.tickPlot.tck","D03","JERC","JERC_010","distributed","deciduousForest",31.209219,-84.470530,"WGS84",20.2,40.5,0.5,"2016-09-21T15:18Z","JERC.2016.38",,,"drag and flag",140,"N",0,0,0,"No known compromise","NEON.DOC.014045vG","Z1kn+qG/kiLVelUOX7kLSqEptlfcv2S8",
"4ced5f60-213c-4869-a785-c6926f6621e6","JERC_044.tickPlot.tck","D03","JERC","JERC_044","distributed","mixedForest",31.195549,-84.482479,"WGS84",20.1,42.5,0.1,"2016-09-21T16:11Z","JERC.2016.38",,,"drag and flag",140,"N",0,0,0,"No known compromise","NEON.DOC.014045vG","IaXfrbXr6GQAKfG/Thmkj2xXG2gxDgR+",
"42a95a7d-14c2-413a-81a2-209457854384","JERC_034.tickPlot.tck","D03","JERC","JERC_034","distributed","deciduousForest",31.198824,-84.491213,"WGS84",20.1,44.9,0.2,"2016-09-21T17:00Z","JERC.2016.38",,,"drag and flag",140,"N",0,0,0,"No known compromise","NEON.DOC.014045vG","IaXfrbXr6GQAKfG/Thmkj2xXG2gxDgR+",
