uid,namedLocation,domainID,siteID,plotID,plotType,nlcdClass,decimalLatitude,decimalLongitude,geodeticDatum,coordinateUncertainty,elevation,elevationUncertainty,collectDate,eventID,sampleID,sampleCode,samplingMethod,totalSampledArea,targetTaxaPresent,adultCount,nymphCount,larvaCount,sampleCondition,samplingProtocolVersion,measuredBy,remarks
"4189f465-8139-42a9-bbac-30a5ab477d94","LENO_002.tickPlot.tck","D08","LENO","LENO_002","distributed","woodyWetlands",31.806282,-88.195216,"WGS84",20.2,16.8,0.2,"2017-06-01T13:53Z","LENO.2017.23","LENO_002.20170601",,"drag",160,"Y",1,1,0,"No known compromise","NEON.DOC.014045vH","myobpmd3LgLJ60u7KvqPwzWsI7gWzOVSM+m4QIn06YM=",
"6d541095-8a96-4ced-9387-56642221bcda","LENO_003.tickPlot.tck","D08","LENO","LENO_003","distributed","deciduousForest",31.809581,-88.187553,"WGS84",20.2,15.4,0.4,"2017-06-01T15:11Z","LENO.2017.23",,,"drag",140,"N",0,0,0,,"NEON.DOC.014045vH","71MfCy+FRsto69311gQJvR+pq8mHvc/9aCd1qcCUSbo=",
"66d9fd31-3626-4fd6-85a1-93db2bd6fdf8","LENO_023.tickPlot.tck","D08","LENO","LENO_023","distributed","deciduousForest",31.809463,-88.181417,"WGS84",20.2,11.6,0.2,"2017-06-19T18:54Z","LENO.2017.26",,,"drag",85,"N",0,0,0,,"NEON.DOC.014045vH","nDk3u3/Gyje+hKaTCMqqjsY5CgZT7s9cLLilPZHkLiA=",
"a7928cc3-f122-4e78-9953-613f156d2924","LENO_003.tickPlot.tck","D08","LENO","LENO_003","distributed","deciduousForest",31.809581,-88.187553,"WGS84",20.2,15.4,0.4,"2017-06-19T19:27Z","LENO.2017.26","LENO_003.20170619",,"drag",160,"Y",0,1,0,"No known compromise","NEON.DOC.014045vH","nDk3u3/Gyje+hKaTCMqqjsY5CgZT7s9cLLilPZHkLiA=",
