uid,namedLocation,domainID,siteID,plotID,plotType,nlcdClass,decimalLatitude,decimalLongitude,geodeticDatum,coordinateUncertainty,elevation,elevationUncertainty,collectDate,eventID,sampleID,sampleCode,samplingMethod,totalSampledArea,targetTaxaPresent,adultCount,nymphCount,larvaCount,sampleCondition,samplingProtocolVersion,measuredBy,remarks
"38a25e1d-5882-444f-bf00-28aeb89d4a19","TOOL_028.tickPlot.tck","D18","TOOL","TOOL_028","distributed","shrubScrub",68.562546,-149.495421,"WGS84",20.1,878.7,0.1,"2018-07-24T17:21Z","TOOL.2018.30",,,"drag",160,"N",0,0,0,,"NEON.DOC.014045vJ","pNxa/CkTVJd/pOxLg+tkJHiY+uw07pQDm05mjwGr/KM=",
"7b2e0f98-80d4-4b97-b663-d215197bad10","TOOL_032.tickPlot.tck","D18","TOOL","TOOL_032","distributed","sedgeHerbaceous",68.565230,-149.511072,"WGS84",20.1,861.7,0.1,"2018-07-24T17:43Z","TOOL.2018.30",,,"drag",160,"N",0,0,0,,"NEON.DOC.014045vJ","pNxa/CkTVJd/pOxLg+tkJHiY+uw07pQDm05mjwGr/KM=",
"a31fc4b9-af07-45a4-b2b8-5b4d50d42014","TOOL_035.tickPlot.tck","D18","TOOL","TOOL_035","distributed","dwarfScrub",68.575917,-149.510147,"WGS84",20.1,859.7,0.1,"2018-07-24T18:04Z","TOOL.2018.30",,,"drag",160,"N",0,0,0,,"NEON.DOC.014045vJ","pNxa/CkTVJd/pOxLg+tkJHiY+uw07pQDm05mjwGr/KM=",
"e9602f26-88fb-4094-97bb-20a6653dc064","TOOL_071.tickPlot.tck","D18","TOOL","TOOL_071","distributed","dwarfScrub",68.600242,-149.513711,"WGS84",20.0,866.8,0.0,"2018-07-24T18:28Z","TOOL.2018.30",,,"drag",160,"N",0,0,0,,"NEON.DOC.014045vJ","rB03i6qtrIQ/+sGi3xhYB8gg3Ko8brnE1Lsin2+5JUg=",
"35fd5245-7cde-4451-b69b-d6d7bb17e764","TOOL_031.tickPlot.tck","D18","TOOL","TOOL_031","distributed","dwarfScrub",68.598868,-149.501691,"WGS84",20.1,914.0,0.1,"2018-07-24T18:42Z","TOOL.2018.30",,,"drag",160,"N",0,0,0,,"NEON.DOC.014045vJ","rB03i6qtrIQ/+sGi3xhYB8gg3Ko8brnE1Lsin2+5JUg=",
"3c475013-63ce-4388-b639-db6028f59b7b","TOOL_009.tickPlot.tck","D18","TOOL","TOOL_009","distributed","dwarfScrub",68.628715,-149.323017,"WGS84",20.1,864.8,0.1,"2018-07-24T19:35Z","TOOL.2018.30",,,"drag",160,"N",0,0,0,,"NEON.DOC.014045vJ","pNxa/CkTVJd/pOxLg+tkJHiY+uw07pQDm05mjwGr/KM=",
