uid,namedLocation,domainID,siteID,plotID,plotType,nlcdClass,decimalLatitude,decimalLongitude,geodeticDatum,coordinateUncertainty,elevation,elevationUncertainty,collectDate,eventID,sampleID,sampleCode,samplingMethod,totalSampledArea,targetTaxaPresent,adultCount,nymphCount,larvaCount,sampleCondition,samplingProtocolVersion,measuredBy,remarks
"aa1cc573-1f79-4684-a649-eaec2c22f305","STER_006.tickPlot.tck","D10","STER","STER_006","distributed","cultivatedCrops",40.465644,-103.032824,"WGS84",20.1,1361.1,0.1,"2016-08-31T17:23Z","STER.2016.35",,,"drag",160,"N",0,0,0,"No known compromise","NEON.DOC.014045vG","2lRMQQ1w1tjxtWhGz93Yd/OOt4CTCGT1",
"5964669f-88c5-47a4-9929-a8d0f3f82d16","STER_029.tickPlot.tck","D10","STER","STER_029","distributed","cultivatedCrops",40.469400,-103.010366,"WGS84",20.2,1352.6,0.3,"2016-08-31T18:37Z","STER.2016.35",,,"drag",160,"N",0,0,0,"No known compromise","NEON.DOC.014045vG","2lRMQQ1w1tjxtWhGz93Yd/OOt4CTCGT1",
"1f3bbbf6-6680-4762-953e-6218ab9343e2","STER_028.tickPlot.tck","D10","STER","STER_028","distributed","cultivatedCrops",40.472367,-103.017002,"WGS84",20.2,1358.2,0.3,"2016-08-31T19:32Z","STER.2016.35",,,"drag",160,"N",0,0,0,"No known compromise","NEON.DOC.014045vG","2lRMQQ1w1tjxtWhGz93Yd/OOt4CTCGT1",
"bafc01a5-62d0-42a9-90d0-bf0a31ee0842","STER_026.tickPlot.tck","D10","STER","STER_026","distributed","cultivatedCrops",40.474857,-103.022558,"WGS84",20.2,1358.2,0.2,"2016-08-31T20:56Z","STER.2016.35",,,"drag",160,"N",0,0,0,"No known compromise","NEON.DOC.014045vG","5QrtPqHRz/viPX3R9a9oEhFVlvD2THHDpAVt6CMND/M=",
"b02e1dec-ced7-4159-9362-d86b5366d1fa","STER_027.tickPlot.tck","D10","STER","STER_027","distributed","cultivatedCrops",40.480002,-103.017416,"WGS84",20.2,1365.6,0.2,"2016-08-31T21:55Z","STER.2016.35",,,"drag",156,"N",0,0,0,"No known compromise","NEON.DOC.014045vG","2lRMQQ1w1tjxtWhGz93Yd/OOt4CTCGT1",
"b3b1e2e6-68f3-4dd1-b62d-e8c3eb796c81","STER_033.tickPlot.tck","D10","STER","STER_033","distributed","cultivatedCrops",40.476290,-103.010114,"WGS84",20.2,1355.1,0.2,"2016-08-31T22:45Z","STER.2016.35",,,"drag",160,"N",0,0,0,"No known compromise","NEON.DOC.014045vG","5QrtPqHRz/viPX3R9a9oEhFVlvD2THHDpAVt6CMND/M=",
