uid,namedLocation,domainID,siteID,plotID,plotType,nlcdClass,decimalLatitude,decimalLongitude,geodeticDatum,coordinateUncertainty,elevation,elevationUncertainty,collectDate,eventID,sampleID,sampleCode,samplingMethod,totalSampledArea,targetTaxaPresent,adultCount,nymphCount,larvaCount,sampleCondition,samplingProtocolVersion,measuredBy,remarks
"54a8d74e-0058-47eb-b093-915055c6281f","DELA_001.tickPlot.tck","D08","DELA","DELA_001","distributed","woodyWetlands",32.533269,-87.805425,"WGS84",20.2,27.5,0.3,"2016-10-06T13:21Z","DELA.2016.40",,,"drag and flag",135,"N",0,0,0,"No known compromise","NEON.DOC.014045vG","ADzqoWOfwevQ2rrllzoCJTnDjie0NTbT",
"fd080db0-37e2-415c-984c-21749b8d42d8","DELA_016.tickPlot.tck","D08","DELA","DELA_016","distributed","evergreenForest",32.536850,-87.806995,"WGS84",20.2,23.6,0.3,"2016-10-06T14:01Z","DELA.2016.40",,,"drag",160,"N",0,0,0,"No known compromise","NEON.DOC.014045vG","ADzqoWOfwevQ2rrllzoCJTnDjie0NTbT",
"e8b5f49e-a29e-4ffb-8303-dd3565cf6dda","DELA_007.tickPlot.tck","D08","DELA","DELA_007","distributed","woodyWetlands",32.538957,-87.799922,"WGS84",20.2,25.7,0.2,"2016-10-06T14:47Z","DELA.2016.40",,,"drag",160,"N",0,0,0,"No known compromise","NEON.DOC.014045vG","v7wRdnV1gD6DA7NUoRhtXNeAYtN2k0WN",
"1385368f-1cd0-4b53-85cf-4cb3fc5f1aeb","DELA_008.tickPlot.tck","D08","DELA","DELA_008","distributed","woodyWetlands",32.538884,-87.814145,"WGS84",20.1,24.5,0.2,"2016-10-06T14:55Z","DELA.2016.40",,,"drag and flag",160,"N",0,0,0,"No known compromise","NEON.DOC.014045vG","0ygyTA3URVoNp+waZjN2Lu+zP0lNl3v9",
"53925dff-eaa2-4ea5-964e-b22c8845ee0a","DELA_014.tickPlot.tck","D08","DELA","DELA_014","distributed","evergreenForest",32.530627,-87.819367,"WGS84",20.2,33.0,0.2,"2016-10-06T15:50Z","DELA.2016.40",,,"drag",160,"N",0,0,0,"No known compromise","NEON.DOC.014045vG","0ygyTA3URVoNp+waZjN2Lu+zP0lNl3v9",
"ec12568a-feb9-40a9-84ec-3c956a8e5dc8","DELA_005.tickPlot.tck","D08","DELA","DELA_005","distributed","woodyWetlands",32.524379,-87.813851,"WGS84",20.1,27.0,0.3,"2016-10-06T16:36Z","DELA.2016.40",,,"drag and flag",165,"N",0,0,0,"No known compromise","NEON.DOC.014045vG","0ygyTA3URVoNp+waZjN2Lu+zP0lNl3v9",
"1eff2724-c35c-4a22-9707-e146173fba1e","DELA_014.tickPlot.tck","D08","DELA","DELA_014","distributed","evergreenForest",32.530627,-87.819367,"WGS84",20.2,33.0,0.2,"2016-10-19T13:52Z","DELA.2016.42",,,"drag",160,"N",0,0,0,"No known compromise","NEON.DOC.014045vG","LL/gXdi67CgOxDk89BiEoiy0+ICVjEP4",
"1dc56695-719e-41ae-9633-bffafc97886b","DELA_016.tickPlot.tck","D08","DELA","DELA_016","distributed","evergreenForest",32.536850,-87.806995,"WGS84",20.2,23.6,0.3,"2016-10-19T14:40Z","DELA.2016.42",,,"drag",160,"N",0,0,0,"No known compromise","NEON.DOC.014045vG","Ec+cMQWmrZ6oUw8Lk421QEcKgRrZc//E",
"fcd1045e-66f4-4ee5-8cfe-1fefd8d2b947","DELA_008.tickPlot.tck","D08","DELA","DELA_008","distributed","woodyWetlands",32.538884,-87.814145,"WGS84",20.1,24.5,0.2,"2016-10-19T14:48Z","DELA.2016.42","DELA_008.20161019",,"drag and flag",160,"Y",0,0,1,"No known compromise","NEON.DOC.014045vG","0ygyTA3URVoNp+waZjN2Lu+zP0lNl3v9",
"82a0ae5e-f456-4902-aa37-de60c7dbe421","DELA_007.tickPlot.tck","D08","DELA","DELA_007","distributed","woodyWetlands",32.538957,-87.799922,"WGS84",20.2,25.7,0.2,"2016-10-19T15:31Z","DELA.2016.42",,,"drag",160,"N",0,0,0,"No known compromise","NEON.DOC.014045vG","Ec+cMQWmrZ6oUw8Lk421QEcKgRrZc//E",
"22e88535-bf91-4484-984a-0ebe9b20311e","DELA_001.tickPlot.tck","D08","DELA","DELA_001","distributed","woodyWetlands",32.533269,-87.805425,"WGS84",20.2,27.5,0.3,"2016-10-19T16:21Z","DELA.2016.42",,,"drag and flag",160,"N",0,0,0,"No known compromise","NEON.DOC.014045vG","Ec+cMQWmrZ6oUw8Lk421QEcKgRrZc//E",
"bbbfa415-2f86-494b-b446-824aa49b297d","DELA_005.tickPlot.tck","D08","DELA","DELA_005","distributed","woodyWetlands",32.524379,-87.813851,"WGS84",20.1,27.0,0.3,"2016-10-19T17:23Z","DELA.2016.42",,,"drag and flag",175,"N",0,0,0,"No known compromise","NEON.DOC.014045vG","Ec+cMQWmrZ6oUw8Lk421QEcKgRrZc//E",
