uid,namedLocation,date,domainID,siteID,plotID,plotType,nlcdClass,decimalLatitude,decimalLongitude,geodeticDatum,coordinateUncertainty,easting,northing,utmZone,elevation,elevationUncertainty,eventID,samplingProtocolVersion,treesPresent,treesAbsentList,shrubsPresent,shrubsAbsentList,lianasPresent,lianasAbsentList,nestedSubplotAreaShrubSapling,nestedSubplotAreaLiana,totalSampledAreaTrees,totalSampledAreaShrubSapling,totalSampledAreaLiana,remarks,measuredBy,recordedBy,dataQF
"6be4b88b-0b65-4fed-97b7-7246b8790da2","OSBS_043.basePlot.vst","2016-09-01","D03","OSBS","OSBS_043","tower","evergreenForest",29.691430,-81.988956,"WGS84",20.1,404321.34,3285003.13,"17N",47.6,0.4,"vst_OSBS_2016","NEON.DOC.000987vE","Y","presentInAll","Y","23","N",,"noneSelected","noneSelected",800,800,800,,"cfnhyGSqXKc3516bF+Ud/jaLDXEcTOrF","YK5ulgcjQA5M6hxjAkVbmv4a8AjznrKv",
"7a1262d0-5873-45f3-850d-96c9f0752992","OSBS_044.basePlot.vst","2016-09-01","D03","OSBS","OSBS_044","tower","evergreenForest",29.690847,-81.992034,"WGS84",20.1,404022.99,3284941.08,"17N",44.2,0.1,"vst_OSBS_2016","NEON.DOC.000987vE","Y",,"Y",,"N",,"noneSelected","noneSelected",800,800,800,"Data was split between two AI files and two MD files; dated 9-1-16 and 9-7-16","YK5ulgcjQA5M6hxjAkVbmv4a8AjznrKv","cfnhyGSqXKc3516bF+Ud/jaLDXEcTOrF",
"2ae4aa81-079e-4eaf-9940-4c0fdfebdd00","OSBS_044.basePlot.vst","2016-09-07","D03","OSBS","OSBS_044","tower","evergreenForest",29.690847,-81.992034,"WGS84",20.1,404022.99,3284941.08,"17N",44.2,0.1,"vst_OSBS_2016","NEON.DOC.000987vF","Y",,"N",,"N",,"noneSelected","noneSelected",800,800,800,"Data was split between two AI files and two MD files; dated 9-1-16 and 9-7-16","qwd4SsQjkwojVAYuvLRi2I6c493EEc9K","dQ1vinbEFchEmTyUrQj1wJMzRbyIYmox",
"af0da365-c2f2-4263-9e0e-7b0ca807c042","OSBS_034.basePlot.vst","2016-09-08","D03","OSBS","OSBS_034","tower","evergreenForest",29.688720,-81.988299,"WGS84",20.1,404382.34,3284702.29,"17N",41.5,0.2,"vst_OSBS_2016","NEON.DOC.000987vE","Y",,"Y",,"Y",,"10","10",800,40,40,,"qwd4SsQjkwojVAYuvLRi2I6c493EEc9K","EuyR0KlpP9nFfPDO+cW7nFSf0zPFfgPOOE0q2S6C1BI=",
"567af13b-d67e-4d88-994b-7d480ee7f970","OSBS_033.basePlot.vst","2016-09-12","D03","OSBS","OSBS_033","tower","evergreenForest",29.690061,-81.989562,"WGS84",20.1,404261.41,3284851.93,"17N",44.1,0.2,"vst_OSBS_2016","NEON.DOC.000987vE","Y","presentInAll","Y","presentInAll","N",,"100","noneSelected",800,400,800,,"vlJc9UmbktF8NTcilA9tKrVjUrZIPTa3","q+sogNxuTpaaq3nt4H3feKdAxSnPr68l",
"e4ea2856-928e-424d-86b0-7507a267ad28","OSBS_032.basePlot.vst","2016-09-12","D03","OSBS","OSBS_032","tower","evergreenForest",29.690033,-81.991110,"WGS84",20.1,404111.61,3284850.11,"17N",46.4,0.1,"vst_OSBS_2016","NEON.DOC.000987vE","Y","presentInAll","Y","39_1","N",,"100","noneSelected",800,400,800,,"IaXfrbXr6GQAKfG/Thmkj2xXG2gxDgR+","PbNu4t/t/O1BAZriMiaA3VbsZD9KatgX",
"ded54721-3a9a-437f-a2d0-bd9a7b750581","OSBS_040.basePlot.vst","2016-09-13","D03","OSBS","OSBS_040","tower","evergreenForest",29.688978,-81.989556,"WGS84",20.1,404260.97,3284731.92,"17N",42.9,0.2,"vst_OSBS_2016","NEON.DOC.000987vF","Y","presentInAll","Y","presentInAll","N",,"noneSelected","noneSelected",800,800,800,"An unknown nested subplot size was used in 2014 and 2015 for woody stems; while no nested subplots were used in 2016 despite nested areas recorded as none for every year for woody stems.","vlJc9UmbktF8NTcilA9tKrVjUrZIPTa3","q+sogNxuTpaaq3nt4H3feKdAxSnPr68l",
"abbf6c17-594a-4f0e-901c-58b3ad3f41db","OSBS_025.basePlot.vst","2016-09-14","D03","OSBS","OSBS_025","tower","evergreenForest",29.691867,-81.996384,"WGS84",20.1,403603.09,3285057.72,"17N",45.1,0.1,"vst_OSBS_2016","NEON.DOC.000987vE","Y","presentInAll","Y","presentInAll","N",,"noneSelected","noneSelected",800,800,800,,"PbNu4t/t/O1BAZriMiaA3VbsZD9KatgX","IaXfrbXr6GQAKfG/Thmkj2xXG2gxDgR+",
"2a694517-bad7-4048-9ee5-ed546fee581a","OSBS_039.basePlot.vst","2016-09-14","D03","OSBS","OSBS_039","tower","evergreenForest",29.693300,-81.990822,"WGS84",20.1,404142.58,3285211.89,"17N",47.4,0.1,"vst_OSBS_2016","NEON.DOC.000987vE","Y","presentInAll","Y",,"N",,"100","noneSelected",800,400,800,,"IaXfrbXr6GQAKfG/Thmkj2xXG2gxDgR+","PbNu4t/t/O1BAZriMiaA3VbsZD9KatgX",
"35299bf8-d7de-4d77-953c-b7810abb1e0b","OSBS_023.basePlot.vst","2016-09-15","D03","OSBS","OSBS_023","distributed","emergentHerbaceousWetlands",29.722597,-81.985527,"WGS84",20.1,404682.55,3288453.96,"17N",25.8,0.1,"vst_OSBS_2016","NEON.DOC.000987vE","Y","41","Y",,"N",,"noneSelected","noneSelected",400,400,400,,"Z1kn+qG/kiLVelUOX7kLSqEptlfcv2S8","q+sogNxuTpaaq3nt4H3feKdAxSnPr68l",
"354428a5-788a-46fb-82ba-e3a9041cd19b","OSBS_012.basePlot.vst","2016-09-15","D03","OSBS","OSBS_012","distributed","woodyWetlands",29.719070,-81.983943,"WGS84",20.1,404832.43,3288061.83,"17N",25.5,0.1,"vst_OSBS_2016","NEON.DOC.000987vE",,,,,,,"noneSelected","noneSelected",400,400,400,"No qualifying stems","Z1kn+qG/kiLVelUOX7kLSqEptlfcv2S8","q+sogNxuTpaaq3nt4H3feKdAxSnPr68l",
"5ac6dc99-5401-41c1-ab71-58d62d882c12","OSBS_042.basePlot.vst","2016-09-15","D03","OSBS","OSBS_042","tower","evergreenForest",29.692959,-81.996398,"WGS84",20.3,403602.77,3285178.74,"17N",36.6,0.5,"vst_OSBS_2016","NEON.DOC.000987vE","Y","presentInAll","Y","presentInAll","N",,"noneSelected","noneSelected",800,800,800,,"PbNu4t/t/O1BAZriMiaA3VbsZD9KatgX","cMb2B+jx12AMjNtsEA8t48GND5R87ks/",
"0e08c38d-9f1c-4ef2-9731-43cf185eb9a7","OSBS_006.basePlot.vst","2016-09-16","D03","OSBS","OSBS_006","distributed","evergreenForest",29.686609,-81.983000,"WGS84",20.1,404893.06,3284464.00,"17N",33.0,0.1,"vst_OSBS_2016","NEON.DOC.000987vE","Y","presentInAll","Y","presentInAll","N",,"25","noneSelected",400,200,400,,"a+fcOOAiz+7pYTGAZM5S9oWOFHn4va6d","Z1kn+qG/kiLVelUOX7kLSqEptlfcv2S8",
"27486d41-4529-4d41-847c-12fbb096327c","OSBS_051.basePlot.vst","2016-09-19","D03","OSBS","OSBS_051","distributed","emergentHerbaceousWetlands",29.677760,-82.007709,"WGS84",20.1,402493.75,3283504.00,"17N",24.2,0.1,"vst_OSBS_2016","NEON.DOC.000987vE","Y",,"Y",,"N",,"noneSelected","noneSelected",400,400,400,,"uc/Ogwu/d/aC0/FyeYgRy91eQH6E3aLH","9FGGVOw93jfS5aOA3dpabjU14a/sOVS4",
"cd818eea-85fa-4d51-9f4a-c88b67befff0","OSBS_008.basePlot.vst","2016-09-19","D03","OSBS","OSBS_008","distributed","evergreenForest",29.685058,-82.007162,"WGS84",20.1,402553.72,3284312.24,"17N",45.2,0.1,"vst_OSBS_2016","NEON.DOC.000987vE","Y","presentInAll","N",,"N",,"noneSelected","noneSelected",400,400,400,,"uc/Ogwu/d/aC0/FyeYgRy91eQH6E3aLH","9FGGVOw93jfS5aOA3dpabjU14a/sOVS4",
"e1c9d554-f3ed-4ecb-96db-9182ceca2dba","OSBS_016.basePlot.vst","2016-09-20","D03","OSBS","OSBS_016","distributed","woodyWetlands",29.682391,-81.967449,"WGS84",20.2,406393.81,3283983.91,"17N",26.1,0.2,"vst_OSBS_2016","NEON.DOC.000987vE","Y","presentInAll","Y","31","N",,"10","noneSelected",400,80,400,,"q+sogNxuTpaaq3nt4H3feKdAxSnPr68l","YK5ulgcjQA5M6hxjAkVbmv4a8AjznrKv",
"f0e7cd7e-e639-4098-ad01-33da3052eb4b","OSBS_002.basePlot.vst","2016-09-22","D03","OSBS","OSBS_002","distributed","evergreenForest",29.703860,-81.956817,"WGS84",20.2,407442.25,3286354.36,"17N",31.5,0.2,"vst_OSBS_2016","NEON.DOC.000987vE","Y","41","Y",,"N",,"noneSelected","noneSelected",400,400,400,,"uc/Ogwu/d/aC0/FyeYgRy91eQH6E3aLH","dQ1vinbEFchEmTyUrQj1wJMzRbyIYmox",
"6c02f9ef-0e1c-49b5-9f0c-496d1a6c346b","OSBS_010.basePlot.vst","2016-09-23","D03","OSBS","OSBS_010","distributed","evergreenForest",29.691763,-81.941829,"WGS84",20.2,408881.26,3285001.97,"17N",40.1,0.2,"vst_OSBS_2016","NEON.DOC.000987vE","Y","presentInAll","Y",,"N",,"25","noneSelected",400,200,400,,"q+sogNxuTpaaq3nt4H3feKdAxSnPr68l","YK5ulgcjQA5M6hxjAkVbmv4a8AjznrKv",
