uid,namedLocation,date,domainID,siteID,plotID,plotType,nlcdClass,decimalLatitude,decimalLongitude,geodeticDatum,coordinateUncertainty,easting,northing,utmZone,elevation,elevationUncertainty,eventID,samplingProtocolVersion,treesPresent,treesAbsentList,shrubsPresent,shrubsAbsentList,lianasPresent,lianasAbsentList,nestedSubplotAreaShrubSapling,nestedSubplotAreaLiana,totalSampledAreaTrees,totalSampledAreaShrubSapling,totalSampledAreaLiana,remarks,measuredBy,recordedBy,dataQF
"0c5b3c6f-c82e-4301-b127-1ad09929a256","BLAN_039.basePlot.vst","2017-09-25","D02","BLAN","BLAN_039","tower","cultivatedCrops",39.057487,-78.071971,"WGS84",10.1,753360.82,4327237.15,"17N",184.4,0.1,"vst_BLAN_2017","NEON.DOC.000987vG",,,,,,,"noneSelected","noneSelected",400,400,400,"Agricultural field","HwrR06bjl3TqPXYD/ecX4LA/iftMi41T","HwrR06bjl3TqPXYD/ecX4LA/iftMi41T",
"383b2a97-7d5d-4dc5-85fc-db8062d19606","BLAN_064.basePlot.vst","2017-09-25","D02","BLAN","BLAN_064","tower","cultivatedCrops",39.058792,-78.071216,"WGS84",10.1,753421.49,4327384.12,"17N",183.7,0.1,"vst_BLAN_2017","NEON.DOC.000987vG",,,,,,,"noneSelected","noneSelected",400,400,400,"Agricultural field","HwrR06bjl3TqPXYD/ecX4LA/iftMi41T","HwrR06bjl3TqPXYD/ecX4LA/iftMi41T",
"8fe3bf46-961b-48f3-a89e-37f31c5be7db","BLAN_038.basePlot.vst","2017-09-25","D02","BLAN","BLAN_038","tower","cultivatedCrops",39.057723,-78.070917,"WGS84",20.1,753451.19,4327266.29,"17N",181.8,0.1,"vst_BLAN_2017","NEON.DOC.000987vG",,,,,,,"noneSelected","noneSelected",400,400,400,"Agricultural field","HwrR06bjl3TqPXYD/ecX4LA/iftMi41T","HwrR06bjl3TqPXYD/ecX4LA/iftMi41T",
"21489f5c-105c-4df4-8304-8edd6de29433","BLAN_054.basePlot.vst","2017-09-25","D02","BLAN","BLAN_054","tower","cultivatedCrops",39.056941,-78.071970,"WGS84",10.1,753362.86,4327176.55,"17N",181.7,0.1,"vst_BLAN_2017","NEON.DOC.000987vG",,,,,,,"noneSelected","noneSelected",400,400,400,"Agricultural field","HwrR06bjl3TqPXYD/ecX4LA/iftMi41T","HwrR06bjl3TqPXYD/ecX4LA/iftMi41T",
"f9eabb83-670c-41ff-97d0-434556f46e0b","BLAN_045.basePlot.vst","2017-09-25","D02","BLAN","BLAN_045","tower","cultivatedCrops",39.058280,-78.071244,"WGS84",10.1,753420.90,4327327.20,"17N",183.8,0.1,"vst_BLAN_2017","NEON.DOC.000987vG",,,,,,,"noneSelected","noneSelected",400,400,400,"Agricultural field","HwrR06bjl3TqPXYD/ecX4LA/iftMi41T","HwrR06bjl3TqPXYD/ecX4LA/iftMi41T",
"ab22b558-7673-441f-8acc-a510aad132ae","BLAN_042.basePlot.vst","2017-09-25","D02","BLAN","BLAN_042","tower","cultivatedCrops",39.058017,-78.071954,"WGS84",10.1,753360.39,4327296.03,"17N",185.2,0.1,"vst_BLAN_2017","NEON.DOC.000987vG",,,,,,,"noneSelected","noneSelected",400,400,400,"Agricultural field","HwrR06bjl3TqPXYD/ecX4LA/iftMi41T","HwrR06bjl3TqPXYD/ecX4LA/iftMi41T",
"a72264eb-738d-4d28-a8df-5f16616ad730","BLAN_040.basePlot.vst","2017-09-25","D02","BLAN","BLAN_040","tower","cultivatedCrops",39.057986,-78.070217,"WGS84",10.1,753510.83,4327297.44,"17N",180.3,0.1,"vst_BLAN_2017","NEON.DOC.000987vG",,,,,,,"noneSelected","noneSelected",400,400,400,"Agricultural field","HwrR06bjl3TqPXYD/ecX4LA/iftMi41T","HwrR06bjl3TqPXYD/ecX4LA/iftMi41T",
"58db6539-0eb4-43c6-9e34-4d3a6ab7e4b1","BLAN_059.basePlot.vst","2017-09-25","D02","BLAN","BLAN_059","tower","cultivatedCrops",39.056952,-78.073037,"WGS84",10.1,753270.47,4327174.79,"17N",182.7,0.1,"vst_BLAN_2017","NEON.DOC.000987vG",,,,,,,"noneSelected","noneSelected",400,400,400,"Agricultural field","HwrR06bjl3TqPXYD/ecX4LA/iftMi41T","HwrR06bjl3TqPXYD/ecX4LA/iftMi41T",
"dc108c02-e5df-448e-bb1d-30e6012b55aa","BLAN_035.basePlot.vst","2017-09-25","D02","BLAN","BLAN_035","tower","shrubScrub",39.057245,-78.073734,"WGS84",10.1,753209.10,4327205.37,"17N",183.6,0.1,"vst_BLAN_2017","NEON.DOC.000987vG","Y",,"Y","presentInAll","Y","presentInAll","10","noneSelected",400,80,400,,"dMVZgSbiazVu0oXyzneal5IPnECwOfLe","2CALKs4JNjmK3iYT4PUVEer6DObkBehF",
"f501bf34-8954-4017-bc2a-674d93cd754d","BLAN_034.basePlot.vst","2017-09-25","D02","BLAN","BLAN_034","tower","cultivatedCrops",39.059365,-78.071177,"WGS84",10.1,753422.81,4327447.83,"17N",182.6,0.1,"vst_BLAN_2017","NEON.DOC.000987vG",,,,,,,"noneSelected","noneSelected",400,400,400,"Agricultural field","HwrR06bjl3TqPXYD/ecX4LA/iftMi41T","HwrR06bjl3TqPXYD/ecX4LA/iftMi41T",
"59b72f15-17e7-449d-a089-b52a1c35e6fd","BLAN_033.basePlot.vst","2017-09-25","D02","BLAN","BLAN_033","tower","cultivatedCrops",39.058229,-78.069151,"WGS84",20.1,753602.22,4327327.38,"17N",184.6,0.1,"vst_BLAN_2017","NEON.DOC.000987vG",,,,,,,"noneSelected","noneSelected",400,400,400,"Agricultural field","HwrR06bjl3TqPXYD/ecX4LA/iftMi41T","HwrR06bjl3TqPXYD/ecX4LA/iftMi41T",
"1e27730d-9183-494f-bcd2-989ec58a3930","BLAN_049.basePlot.vst","2017-09-25","D02","BLAN","BLAN_049","tower","cultivatedCrops",39.058788,-78.069838,"WGS84",10.1,753540.76,4327387.52,"17N",179.8,0.1,"vst_BLAN_2017","NEON.DOC.000987vG",,,,,,,"noneSelected","noneSelected",400,400,400,"Agricultural field","HwrR06bjl3TqPXYD/ecX4LA/iftMi41T","HwrR06bjl3TqPXYD/ecX4LA/iftMi41T",
"d78829a6-a483-4f22-bafb-11b85ed89862","BLAN_051.basePlot.vst","2017-09-25","D02","BLAN","BLAN_051","tower","cultivatedCrops",39.057157,-78.069551,"WGS84",10.1,753571.44,4327207.27,"17N",183.5,0.1,"vst_BLAN_2017","NEON.DOC.000987vG",,,,,,,"noneSelected","noneSelected",400,400,400,"Agricultural field","HwrR06bjl3TqPXYD/ecX4LA/iftMi41T","HwrR06bjl3TqPXYD/ecX4LA/iftMi41T",
"0fa3487c-20b6-4de1-9a8e-08fa1d8d3dea","BLAN_056.basePlot.vst","2017-09-25","D02","BLAN","BLAN_056","tower","cultivatedCrops",39.058569,-78.071911,"WGS84",10.1,753362.14,4327357.42,"17N",183.4,0.1,"vst_BLAN_2017","NEON.DOC.000987vG",,,,,,,"noneSelected","noneSelected",400,400,400,"Agricultural field","HwrR06bjl3TqPXYD/ecX4LA/iftMi41T","HwrR06bjl3TqPXYD/ecX4LA/iftMi41T",
"2eea0657-9202-4aed-8aee-5d18a12bbe56","BLAN_037.basePlot.vst","2017-09-25","D02","BLAN","BLAN_037","tower","cultivatedCrops",39.059338,-78.070165,"WGS84",10.1,753510.49,4327447.66,"17N",179.6,0.1,"vst_BLAN_2017","NEON.DOC.000987vG",,,,,,,"noneSelected","noneSelected",400,400,400,"Agricultural field","HwrR06bjl3TqPXYD/ecX4LA/iftMi41T","HwrR06bjl3TqPXYD/ecX4LA/iftMi41T",
"7378a817-81f9-4254-9ddb-c93d4c21d41b","BLAN_043.basePlot.vst","2017-09-25","D02","BLAN","BLAN_043","tower","cultivatedCrops",39.057695,-78.069523,"WGS84",10.1,753571.94,4327267.07,"17N",183.1,0.1,"vst_BLAN_2017","NEON.DOC.000987vG",,,,,,,"noneSelected","noneSelected",400,400,400,"Agricultural field","HwrR06bjl3TqPXYD/ecX4LA/iftMi41T","HwrR06bjl3TqPXYD/ecX4LA/iftMi41T",
"dad6d0bd-05d3-4229-8f6b-aa1a016db7a6","BLAN_046.basePlot.vst","2017-09-25","D02","BLAN","BLAN_046","tower","cultivatedCrops",39.057489,-78.072671,"WGS84",10.1,753300.23,4327235.42,"17N",184.5,0.1,"vst_BLAN_2017","NEON.DOC.000987vG",,,,,,,"noneSelected","noneSelected",400,400,400,"Agricultural field","HwrR06bjl3TqPXYD/ecX4LA/iftMi41T","HwrR06bjl3TqPXYD/ecX4LA/iftMi41T",
"e449d16c-3c7d-46dc-a6ce-405c0d77399c","BLAN_060.basePlot.vst","2017-09-25","D02","BLAN","BLAN_060","tower","cultivatedCrops",39.057168,-78.070252,"WGS84",10.1,753510.73,4327206.54,"17N",181.5,0.1,"vst_BLAN_2017","NEON.DOC.000987vG",,,,,,,"noneSelected","noneSelected",400,400,400,"Agricultural field","HwrR06bjl3TqPXYD/ecX4LA/iftMi41T","HwrR06bjl3TqPXYD/ecX4LA/iftMi41T",
"f3f17c42-9708-48e8-a324-49f0ff1e7e46","BLAN_031.basePlot.vst","2017-09-25","D02","BLAN","BLAN_031","tower","cultivatedCrops",39.058808,-78.070547,"WGS84",20.1,753479.33,4327387.76,"17N",183.1,0.1,"vst_BLAN_2017","NEON.DOC.000987vG",,,,,,,"noneSelected","noneSelected",400,400,400,"Agricultural field","HwrR06bjl3TqPXYD/ecX4LA/iftMi41T","HwrR06bjl3TqPXYD/ecX4LA/iftMi41T",
"e87c00a5-fb6b-4157-9360-696b828ca1f1","BLAN_052.basePlot.vst","2017-09-27","D02","BLAN","BLAN_052","tower","shrubScrub",39.059366,-78.071895,"WGS84",10.1,753360.67,4327445.94,"17N",182.8,0.1,"vst_BLAN_2017","NEON.DOC.000987vG","Y","presentInAll","Y","presentInAll","Y","presentInAll","10","10",400,80,80,,"F1aLHfHLM4qaIk0WIP5D+6fDrn//30Wj","HwrR06bjl3TqPXYD/ecX4LA/iftMi41T",
"8a91d892-c5e0-4c34-b57b-94719301b5e3","BLAN_057.basePlot.vst","2017-09-27","D02","BLAN","BLAN_057","tower","shrubScrub",39.057517,-78.074409,"WGS84",10.1,753149.71,4327233.68,"17N",184.9,0.1,"vst_BLAN_2017","NEON.DOC.000987vG","N",,"Y","presentInAll","Y","presentInAll","10","noneSelected",400,80,400,,"F1aLHfHLM4qaIk0WIP5D+6fDrn//30Wj","cSNmYLv76T0gVgR+nHwb5XPF8fxAhgwD5+PP/u5QMFs=",
"8b36bbda-857b-405f-b43a-f091a7fa8027","BLAN_044.basePlot.vst","2017-09-27","D02","BLAN","BLAN_044","tower","shrubScrub",39.059389,-78.072571,"WGS84",10.1,753302.09,4327446.60,"17N",183.7,0.1,"vst_BLAN_2017","NEON.DOC.000987vG","Y",,"Y","31_4","Y","31_4","10","10",400,80,80,,"dMVZgSbiazVu0oXyzneal5IPnECwOfLe","HwrR06bjl3TqPXYD/ecX4LA/iftMi41T",
"c44492b0-fbee-4228-b53a-92d99c13a288","BLAN_050.basePlot.vst","2017-09-28","D02","BLAN","BLAN_050","tower","shrubScrub",39.058855,-78.072602,"WGS84",10.1,753301.31,4327387.24,"17N",183.1,0.1,"vst_BLAN_2017","NEON.DOC.000987vG","Y",,"Y","presentInAll","Y","presentInAll","10","25",400,80,200,,"2CALKs4JNjmK3iYT4PUVEer6DObkBehF","i3SDxFb/lMMZxDIw/9OBsZ3OfckbEDnA",
"bc0a8be3-8240-4a34-ac72-c17151b8ba20","BLAN_053.basePlot.vst","2017-09-29","D02","BLAN","BLAN_053","tower","shrubScrub",39.058047,-78.073686,"WGS84",10.1,753210.39,4327294.53,"17N",186.4,0.1,"vst_BLAN_2017","NEON.DOC.000987vG","Y",,"Y",,"Y",,"10","noneSelected",400,80,400,,"dMVZgSbiazVu0oXyzneal5IPnECwOfLe","HwrR06bjl3TqPXYD/ecX4LA/iftMi41T",
