uid,namedLocation,plotID,collectDate,identifiedDate,sampleID,subsampleID,scientificName,acceptedTaxonID,taxonRank,family,subfamily,tribe,subtribe,genus,subgenus,specificEpithet,infraspecificEpithet,identificationQualifier,identificationReferences,identificationProtocolVersion,scientificNameAuthorship,sexOrAge,individualCount,sampleCondition,archiveMedium,archiveFacilityID,deprecatedVialID,identifiedBy,laboratoryName,remarks
"6b6be0c9-518d-4d9a-9e3d-df8c71e28218","ORNL_040.tickPlot.tck","ORNL_040","2016-03-09T15:30Z","2017-05-05T16:00Z","ORNL_040.20160309","ORNL_040.20160309.IXOSP.L","Ixodidae sp.","IXOSP","family","Ixodidae",,,,,,"sp.",,,,"GSU_tickIdentification_SOP_2016-11-01.pdf",,"Larva",1,"OK","RNA stabilization buffer","USNMENT00984566","ORNL_040.20160309.01.L","Arianna Gibbs","Georgia Southern University",
"cd03c738-ca4b-4e5b-a0d1-b9ce88d4d2c4","ORNL_009.tickPlot.tck","ORNL_009","2016-03-09T16:15Z","2017-06-23T16:00Z","ORNL_009.20160309","ORNL_009.20160309.AMBAME.F","Amblyomma americanum","AMBAME","species","Ixodidae",,,,"Amblyomma",,"americanum",,,"Cooley, R. A. and G. M. Kohls. 1944. The genus Amblyomma (ixodidae) in the United States. The Journal of Parasitology, 30(2):77-111.","GSU_tickIdentification_SOP_2016-11-01.pdf","Linnaeus","Female",1,"OK","RNA stabilization buffer","USNMENT00984570","ORNL_009.20160309.01.AMBAME.F","Lorenza Beati","Georgia Southern University",
"39a882e8-70f7-4a07-b68d-b8252e768931","ORNL_009.tickPlot.tck","ORNL_009","2016-03-09T16:15Z","2017-06-23T16:00Z","ORNL_009.20160309","ORNL_009.20160309.IXOSCA.M","Ixodes scapularis","IXOSCA","species","Ixodidae",,,,"Ixodes",,"scapularis",,,"Cooley, R. A. and G. M. Kohls. 1945. The genus Ixodes in North America. National Institute of Health Bulletin, 184.","GSU_tickIdentification_SOP_2016-11-01.pdf","Say","Male",1,"OK","RNA stabilization buffer","USNMENT00984571","ORNL_009.20160309.01.IXOSCA.M","Lorenza Beati","Georgia Southern University",
"d4012ab8-aea1-4f65-a42c-8fb9458c4227","ORNL_009.tickPlot.tck","ORNL_009","2016-03-09T16:15Z","2017-06-23T16:00Z","ORNL_009.20160309","ORNL_009.20160309.AMBAME.N","Amblyomma americanum","AMBAME","species","Ixodidae",,,,"Amblyomma",,"americanum",,,"Cooley, R. A. and G. M. Kohls. 1944. The genus Amblyomma (ixodidae) in the United States. The Journal of Parasitology, 30(2):77-111.","GSU_tickIdentification_SOP_2016-11-01.pdf","Linnaeus","Nymph",1,"OK","RNA stabilization buffer","USNMENT00984572","ORNL_009.20160309.01.AMBAME.N","Lorenza Beati","Georgia Southern University",
"2d5a270b-a1a1-46aa-85b4-cc65d9d17cc7","ORNL_008.tickPlot.tck","ORNL_008","2016-03-09T17:06Z","2017-06-23T16:00Z","ORNL_008.20160309","ORNL_008.20160309.IXOSCA.F","Ixodes scapularis","IXOSCA","species","Ixodidae",,,,"Ixodes",,"scapularis",,,"Cooley, R. A. and G. M. Kohls. 1945. The genus Ixodes in North America. National Institute of Health Bulletin, 184.","GSU_tickIdentification_SOP_2016-11-01.pdf","Say","Female",1,"OK","RNA stabilization buffer","USNMENT00984569","ORNL_008.20160309.01.IXOSCA.F","Lorenza Beati","Georgia Southern University",
"6c124fc1-0cfe-49dd-839f-e3eb271397ac","ORNL_003.tickPlot.tck","ORNL_003","2016-03-09T17:45Z","2017-06-23T16:00Z","ORNL_003.20160309","ORNL_003.20160309.AMBAME.F","Amblyomma americanum","AMBAME","species","Ixodidae",,,,"Amblyomma",,"americanum",,,"Cooley, R. A. and G. M. Kohls. 1944. The genus Amblyomma (ixodidae) in the United States. The Journal of Parasitology, 30(2):77-111.","GSU_tickIdentification_SOP_2016-11-01.pdf","Linnaeus","Female",1,"OK","RNA stabilization buffer","USNMENT00984573","ORNL_003.20160309.01.AMBAME.F","Lorenza Beati","Georgia Southern University",
"bdf4b273-df43-471f-86a2-f6fae8fb2dc1","ORNL_007.tickPlot.tck","ORNL_007","2016-03-09T18:15Z","2017-06-23T16:00Z","ORNL_007.20160309","ORNL_007.20160309.AMBAME.N","Amblyomma americanum","AMBAME","species","Ixodidae",,,,"Amblyomma",,"americanum",,,"Cooley, R. A. and G. M. Kohls. 1944. The genus Amblyomma (ixodidae) in the United States. The Journal of Parasitology, 30(2):77-111.","GSU_tickIdentification_SOP_2016-11-01.pdf","Linnaeus","Nymph",2,"OK","RNA stabilization buffer","USNMENT00984568","ORNL_007.20160309.01.AMBAME.N","Lorenza Beati","Georgia Southern University",
"2e24f33c-6a18-4f01-9498-99a45a688b9a","ORNL_007.tickPlot.tck","ORNL_007","2016-03-09T18:15Z","2017-06-23T16:00Z","ORNL_007.20160309","ORNL_007.20160309.IXOAFF.F","Ixodes affinis","IXOAFF","species","Ixodidae",,,,"Ixodes",,"affinis",,,"Keirans, J. E., and C. M. Clifford. 1978. The genus Ixodes in the United States: a scanning electron microscope study and key to the adults. Journal of Medical Entomology, 15(Supplement 2):1-38.","GSU_tickIdentification_SOP_2016-11-01.pdf","Neumann","Female",1,"OK","RNA stabilization buffer","USNMENT00984567","ORNL_007.20160309.01.IXOAFF.F","Lorenza Beati","Georgia Southern University",
"5e9c0700-4981-4c96-a345-acbd855f0d47","ORNL_002.tickPlot.tck","ORNL_002","2016-03-28T16:13Z","2017-06-23T16:00Z","ORNL_002.20160328","ORNL_002.20160328.IXOSCA.N","Ixodes scapularis","IXOSCA","species","Ixodidae",,,,"Ixodes",,"scapularis",,,"Cooley, R. A. and G. M. Kohls. 1945. The genus Ixodes in North America. National Institute of Health Bulletin, 184.","GSU_tickIdentification_SOP_2016-11-01.pdf","Say","Nymph",1,"OK","RNA stabilization buffer","USNMENT00984564","ORNL_002.20160328.01.IXOSCA.N","Lorenza Beati","Georgia Southern University",
"a3ddb2d8-3078-4dca-a3e7-9620db149798","ORNL_002.tickPlot.tck","ORNL_002","2016-03-28T16:13Z","2017-06-23T16:00Z","ORNL_002.20160328","ORNL_002.20160328.AMBAME.N","Amblyomma americanum","AMBAME","species","Ixodidae",,,,"Amblyomma",,"americanum",,,"Cooley, R. A. and G. M. Kohls. 1944. The genus Amblyomma (ixodidae) in the United States. The Journal of Parasitology, 30(2):77-111.","GSU_tickIdentification_SOP_2016-11-01.pdf","Linnaeus","Nymph",1,"OK","RNA stabilization buffer","USNMENT00984565","ORNL_002.20160328.01.AMBAME.N","Lorenza Beati","Georgia Southern University",
"70140e6d-77ae-403e-a56c-7c63730dbcd7","ORNL_040.tickPlot.tck","ORNL_040","2016-03-28T16:27Z","2017-06-23T16:00Z","ORNL_040.20160328","ORNL_040.20160328.AMBAME.F","Amblyomma americanum","AMBAME","species","Ixodidae",,,,"Amblyomma",,"americanum",,,"Cooley, R. A. and G. M. Kohls. 1944. The genus Amblyomma (ixodidae) in the United States. The Journal of Parasitology, 30(2):77-111.","GSU_tickIdentification_SOP_2016-11-01.pdf","Linnaeus","Female",2,"OK","RNA stabilization buffer","USNMENT00984563","ORNL_040.20160328.01.AMBAME.F","Lorenza Beati","Georgia Southern University",
"9c0157f6-1e55-4f5d-93e2-804934dd8c7e","ORNL_008.tickPlot.tck","ORNL_008","2016-03-28T18:02Z","2017-06-23T16:00Z","ORNL_008.20160328","ORNL_008.20160328.IXOSCA.N","Ixodes scapularis","IXOSCA","species","Ixodidae",,,,"Ixodes",,"scapularis",,,"Cooley, R. A. and G. M. Kohls. 1945. The genus Ixodes in North America. National Institute of Health Bulletin, 184.","GSU_tickIdentification_SOP_2016-11-01.pdf","Say","Nymph",1,"OK","RNA stabilization buffer","USNMENT00984556","ORNL_008.20160328.01.IXOSCA.N","Lorenza Beati","Georgia Southern University",
"b6b6c690-84ef-4fcb-a252-c8ced885c345","ORNL_008.tickPlot.tck","ORNL_008","2016-03-28T18:02Z","2017-06-23T16:00Z","ORNL_008.20160328","ORNL_008.20160328.AMBAME.N","Amblyomma americanum","AMBAME","species","Ixodidae",,,,"Amblyomma",,"americanum",,,"Cooley, R. A. and G. M. Kohls. 1944. The genus Amblyomma (ixodidae) in the United States. The Journal of Parasitology, 30(2):77-111.","GSU_tickIdentification_SOP_2016-11-01.pdf","Linnaeus","Nymph",1,"OK","RNA stabilization buffer","USNMENT00984555","ORNL_008.20160328.01.AMBAME.N","Lorenza Beati","Georgia Southern University",
"14815976-63c1-4ca7-88dd-a71a1e39ac5b","ORNL_008.tickPlot.tck","ORNL_008","2016-03-28T18:02Z","2017-05-05T16:00Z","ORNL_008.20160328","ORNL_008.20160328.IXOSP.L","Ixodidae sp.","IXOSP","family","Ixodidae",,,,,,"sp.",,,,"GSU_tickIdentification_SOP_2016-11-01.pdf",,"Larva",1,"OK","RNA stabilization buffer","USNMENT00984557","ORNL_008.20160328.01.L","Arianna Gibbs","Georgia Southern University",
"fd89db9c-46fd-4b1c-a20b-0d3926881fd4","ORNL_009.tickPlot.tck","ORNL_009","2016-03-28T18:07Z","2017-06-23T16:00Z","ORNL_009.20160328","ORNL_009.20160328.AMBAME.N","Amblyomma americanum","AMBAME","species","Ixodidae",,,,"Amblyomma",,"americanum",,,"Cooley, R. A. and G. M. Kohls. 1944. The genus Amblyomma (ixodidae) in the United States. The Journal of Parasitology, 30(2):77-111.","GSU_tickIdentification_SOP_2016-11-01.pdf","Linnaeus","Nymph",1,"OK","RNA stabilization buffer","USNMENT00984554","ORNL_009.20160328.01.AMBAME.N","Lorenza Beati","Georgia Southern University",
"6900de31-1ea2-4cd2-a495-090b5569543b","ORNL_009.tickPlot.tck","ORNL_009","2016-03-28T18:07Z","2017-06-23T16:00Z","ORNL_009.20160328","ORNL_009.20160328.AMBAME.M","Amblyomma americanum","AMBAME","species","Ixodidae",,,,"Amblyomma",,"americanum",,,"Cooley, R. A. and G. M. Kohls. 1944. The genus Amblyomma (ixodidae) in the United States. The Journal of Parasitology, 30(2):77-111.","GSU_tickIdentification_SOP_2016-11-01.pdf","Linnaeus","Male",1,"OK","RNA stabilization buffer","USNMENT00984553","ORNL_009.20160328.01.AMBAME.M","Lorenza Beati","Georgia Southern University",
"f84a71b1-35af-4729-ba9f-8181d232fa08","ORNL_007.tickPlot.tck","ORNL_007","2016-03-28T18:59Z","2017-06-23T16:00Z","ORNL_007.20160328","ORNL_007.20160328.IXOSCA.M","Ixodes scapularis","IXOSCA","species","Ixodidae",,,,"Ixodes",,"scapularis",,,"Cooley, R. A. and G. M. Kohls. 1945. The genus Ixodes in North America. National Institute of Health Bulletin, 184.","GSU_tickIdentification_SOP_2016-11-01.pdf","Say","Male",1,"OK","RNA stabilization buffer","USNMENT00984561","ORNL_007.20160328.01.IXOSCA.M","Lorenza Beati","Georgia Southern University",
"222e1b71-7d47-4c73-ba85-e44cbe40450c","ORNL_007.tickPlot.tck","ORNL_007","2016-03-28T18:59Z","2017-06-23T16:00Z","ORNL_007.20160328","ORNL_007.20160328.IXOSCA.F","Ixodes scapularis","IXOSCA","species","Ixodidae",,,,"Ixodes",,"scapularis",,,"Cooley, R. A. and G. M. Kohls. 1945. The genus Ixodes in North America. National Institute of Health Bulletin, 184.","GSU_tickIdentification_SOP_2016-11-01.pdf","Say","Female",1,"OK","RNA stabilization buffer","USNMENT00984560","ORNL_007.20160328.01.IXOSCA.F","Lorenza Beati","Georgia Southern University",
"0736279b-018f-457a-8ceb-331ad67c3f44","ORNL_007.tickPlot.tck","ORNL_007","2016-03-28T18:59Z","2017-06-23T16:00Z","ORNL_007.20160328","ORNL_007.20160328.AMBAME.N","Amblyomma americanum","AMBAME","species","Ixodidae",,,,"Amblyomma",,"americanum",,,"Cooley, R. A. and G. M. Kohls. 1944. The genus Amblyomma (ixodidae) in the United States. The Journal of Parasitology, 30(2):77-111.","GSU_tickIdentification_SOP_2016-11-01.pdf","Linnaeus","Nymph",2,"OK","RNA stabilization buffer","USNMENT00984562","ORNL_007.20160328.01.AMBAME.N","Lorenza Beati","Georgia Southern University",
"481be7ea-352b-4301-a759-4bae1796de43","ORNL_007.tickPlot.tck","ORNL_007","2016-03-28T18:59Z","2017-06-23T16:00Z","ORNL_007.20160328","ORNL_007.20160328.AMBAME.M","Amblyomma americanum","AMBAME","species","Ixodidae",,,,"Amblyomma",,"americanum",,,"Cooley, R. A. and G. M. Kohls. 1944. The genus Amblyomma (ixodidae) in the United States. The Journal of Parasitology, 30(2):77-111.","GSU_tickIdentification_SOP_2016-11-01.pdf","Linnaeus","Male",1,"OK","RNA stabilization buffer","USNMENT00984559","ORNL_007.20160328.01.AMBAME.M","Lorenza Beati","Georgia Southern University",
"51c1449c-79f4-4c88-8a00-cf666be5513b","ORNL_007.tickPlot.tck","ORNL_007","2016-03-28T18:59Z","2017-06-23T16:00Z","ORNL_007.20160328","ORNL_007.20160328.AMBAME.F","Amblyomma americanum","AMBAME","species","Ixodidae",,,,"Amblyomma",,"americanum",,,"Cooley, R. A. and G. M. Kohls. 1944. The genus Amblyomma (ixodidae) in the United States. The Journal of Parasitology, 30(2):77-111.","GSU_tickIdentification_SOP_2016-11-01.pdf","Linnaeus","Female",1,"OK","RNA stabilization buffer","USNMENT00984558","ORNL_007.20160328.01.AMBAME.F","Lorenza Beati","Georgia Southern University",
"756d971b-b7d2-482f-8057-803c08fc4b89","ORNL_003.tickPlot.tck","ORNL_003","2016-03-28T19:26Z","2017-06-23T16:00Z","ORNL_003.20160328","ORNL_003.20160328.IXOSCA.F","Ixodes scapularis","IXOSCA","species","Ixodidae",,,,"Ixodes",,"scapularis",,,"Cooley, R. A. and G. M. Kohls. 1945. The genus Ixodes in North America. National Institute of Health Bulletin, 184.","GSU_tickIdentification_SOP_2016-11-01.pdf","Say","Female",1,"OK","RNA stabilization buffer","USNMENT00984551","ORNL_003.20160328.01.IXOSCA.F","Lorenza Beati","Georgia Southern University",
"22ce8786-7adc-47d5-bbda-9310726047d9","ORNL_003.tickPlot.tck","ORNL_003","2016-03-28T19:26Z","2017-06-23T16:00Z","ORNL_003.20160328","ORNL_003.20160328.AMBAME.N","Amblyomma americanum","AMBAME","species","Ixodidae",,,,"Amblyomma",,"americanum",,,"Cooley, R. A. and G. M. Kohls. 1944. The genus Amblyomma (ixodidae) in the United States. The Journal of Parasitology, 30(2):77-111.","GSU_tickIdentification_SOP_2016-11-01.pdf","Linnaeus","Nymph",1,"OK","RNA stabilization buffer","USNMENT00864626","ORNL_003.20160328.01.AMBAME.N","Lorenza Beati","Georgia Southern University",
