uid,namedLocation,domainID,siteID,plotID,plotType,nlcdClass,decimalLatitude,decimalLongitude,geodeticDatum,coordinateUncertainty,elevation,elevationUncertainty,collectDate,eventID,sampleID,sampleCode,samplingMethod,totalSampledArea,targetTaxaPresent,adultCount,nymphCount,larvaCount,sampleCondition,samplingProtocolVersion,measuredBy,remarks
"850d7432-fffa-432a-a017-a1c8f153c9b9","ORNL_002.tickPlot.tck","D07","ORNL","ORNL_002","distributed","deciduousForest",35.983090,-84.211654,"WGS84",20.3,338.6,0.5,"2016-03-09T15:00Z","ORNL.2016.10",,,"drag and flag",166,"N",0,0,0,"No known compromise","NEON.DOC.014045vG","CVvRVbN1/6QvVVx9TUYq3L7fcai3q82u",
"4065f732-663b-4629-a7f0-5d01eba72bad","ORNL_040.tickPlot.tck","D07","ORNL","ORNL_040","distributed","evergreenForest",35.975525,-84.305103,"WGS84",20.2,273.2,0.2,"2016-03-09T15:30Z","ORNL.2016.10","ORNL_040.20160309",,"drag",167,"Y",0,0,38,"No known compromise","NEON.DOC.014045vG","zAuTdQ8TLTOCAVE+XhtWnklq56XAz8bt",
"0b799c8d-5365-4310-9cdb-94bf9ac953e5","ORNL_009.tickPlot.tck","D07","ORNL","ORNL_009","distributed","deciduousForest",35.974902,-84.226630,"WGS84",20.2,337.1,0.2,"2016-03-09T16:15Z","ORNL.2016.10","ORNL_009.20160309",,"drag",169,"Y",2,1,0,"No known compromise","NEON.DOC.014045vG","CVvRVbN1/6QvVVx9TUYq3L7fcai3q82u",
"cf82f503-0969-44e0-9bac-de6f2ff12a41","ORNL_008.tickPlot.tck","D07","ORNL","ORNL_008","distributed","deciduousForest",35.933531,-84.334016,"WGS84",20.3,322.7,0.3,"2016-03-09T17:06Z","ORNL.2016.10","ORNL_008.20160309",,"drag and flag",160,"Y",1,0,0,"No known compromise","NEON.DOC.014045vG","zAuTdQ8TLTOCAVE+XhtWnklq56XAz8bt",
"d4500ede-3411-4ca4-b8e2-10f813a2b309","ORNL_003.tickPlot.tck","D07","ORNL","ORNL_003","distributed","deciduousForest",35.967011,-84.229849,"WGS84",20.2,275.5,0.2,"2016-03-09T17:45Z","ORNL.2016.10","ORNL_003.20160309",,"drag and flag",168,"Y",1,0,0,"No known compromise","NEON.DOC.014045vG","CVvRVbN1/6QvVVx9TUYq3L7fcai3q82u",
"2204a489-cc40-4fac-bcfd-6eaa1b77fdfe","ORNL_007.tickPlot.tck","D07","ORNL","ORNL_007","distributed","deciduousForest",35.925843,-84.328420,"WGS84",20.2,279.4,0.5,"2016-03-09T18:15Z","ORNL.2016.10","ORNL_007.20160309",,"drag and flag",162,"Y",1,2,0,"No known compromise","NEON.DOC.014045vG","pYDsgXGI2SVHY1uVQZC7VoDfrhm/qvNY",
"38965577-cde0-44b4-b789-0c6981ecf6d5","ORNL_002.tickPlot.tck","D07","ORNL","ORNL_002","distributed","deciduousForest",35.983090,-84.211654,"WGS84",20.3,338.6,0.5,"2016-03-28T16:13Z","ORNL.2016.13","ORNL_002.20160328",,"drag and flag",160,"Y",0,2,0,"No known compromise","NEON.DOC.014045vG","nAKPQvGWPz3w50pS9SF/Wg/TlEjgxRE8",
"138a4da8-fabc-4c4f-b4a0-8f98adf289d0","ORNL_040.tickPlot.tck","D07","ORNL","ORNL_040","distributed","evergreenForest",35.975525,-84.305103,"WGS84",20.2,273.2,0.2,"2016-03-28T16:27Z","ORNL.2016.13","ORNL_040.20160328",,"drag and flag",162,"Y",2,1,0,"No known compromise","NEON.DOC.014045vG","zAuTdQ8TLTOCAVE+XhtWnklq56XAz8bt",
"178b4bba-abad-4221-a850-750e64cb93b7","ORNL_008.tickPlot.tck","D07","ORNL","ORNL_008","distributed","deciduousForest",35.933531,-84.334016,"WGS84",20.3,322.7,0.3,"2016-03-28T18:02Z","ORNL.2016.13","ORNL_008.20160328",,"drag and flag",160,"Y",0,2,2,"No known compromise","NEON.DOC.014045vG","pYDsgXGI2SVHY1uVQZC7VoDfrhm/qvNY",
"a860ff3b-1369-4023-a1ae-a9fc87a1947d","ORNL_009.tickPlot.tck","D07","ORNL","ORNL_009","distributed","deciduousForest",35.974902,-84.226630,"WGS84",20.2,337.1,0.2,"2016-03-28T18:07Z","ORNL.2016.13","ORNL_009.20160328",,"drag and flag",166,"Y",1,1,0,"No known compromise","NEON.DOC.014045vG","nAKPQvGWPz3w50pS9SF/Wg/TlEjgxRE8",
"757694dc-9bca-437b-91fb-ac6091c50af8","ORNL_007.tickPlot.tck","D07","ORNL","ORNL_007","distributed","deciduousForest",35.925843,-84.328420,"WGS84",20.2,279.4,0.5,"2016-03-28T18:59Z","ORNL.2016.13","ORNL_007.20160328",,"flag",160,"Y",3,3,0,"No known compromise","NEON.DOC.014045vG","zAuTdQ8TLTOCAVE+XhtWnklq56XAz8bt",
"f02fc174-cbed-479e-9356-31398d93b204","ORNL_003.tickPlot.tck","D07","ORNL","ORNL_003","distributed","deciduousForest",35.967011,-84.229849,"WGS84",20.2,275.5,0.2,"2016-03-28T19:26Z","ORNL.2016.13","ORNL_003.20160328",,"drag and flag",154,"Y",1,1,0,"No known compromise","NEON.DOC.014045vG","nAKPQvGWPz3w50pS9SF/Wg/TlEjgxRE8",
