uid,namedLocation,date,domainID,siteID,plotID,plotType,nlcdClass,decimalLatitude,decimalLongitude,geodeticDatum,coordinateUncertainty,easting,northing,utmZone,elevation,elevationUncertainty,eventID,samplingProtocolVersion,treesPresent,treesAbsentList,shrubsPresent,shrubsAbsentList,lianasPresent,lianasAbsentList,nestedSubplotAreaShrubSapling,nestedSubplotAreaLiana,totalSampledAreaTrees,totalSampledAreaShrubSapling,totalSampledAreaLiana,remarks,measuredBy,recordedBy,dataQF
"a4f3c729-d978-4daa-98af-f6119d66ac02","OSBS_014.basePlot.vst","2015-10-01","D03","OSBS","OSBS_014","distributed","evergreenForest",29.692721,-81.958260,"WGS84",,407292.43,3285121.14,"17N",32.0,,"vst_OSBS_2015","NEON.DOC.000987vD",,,,,,,"noneSelected","noneSelected",400,400,400,,"wotzsmcGfDFGz7NWBrAUn7dLZE1v2DNq","wotzsmcGfDFGz7NWBrAUn7dLZE1v2DNq","legacyData"
"3b9a5c5c-711c-441a-bbf2-0c80f7a33c8a","OSBS_004.basePlot.vst","2015-10-05","D03","OSBS","OSBS_004","distributed","evergreenForest",29.684073,-81.959108,"WGS84",20.2,407202.43,3284163.58,"17N",36.8,0.6,"vst_OSBS_2015","NEON.DOC.000987vD",,,,,,,"noneSelected","noneSelected",400,400,400,,"PO+gLcqpgG6WKM8lPge6HXi9FuzCMJ0UhiBuDRaEk5OIRiCZQNCVHzAUY//se+tp","CPmp9t5mZhA/Jlt3T5fTH30MkasxefuVXaoVNojxPQo=","legacyData"
"df2337d8-30ec-44f9-bc23-7a616000412d","OSBS_003.basePlot.vst","2015-10-05","D03","OSBS","OSBS_003","distributed","evergreenForest",29.694992,-81.947420,"WGS84",20.1,408343.26,3285364.20,"17N",31.9,0.2,"vst_OSBS_2015","NEON.DOC.000987vD",,,,,,,"10","noneSelected",400,80,400,"exchanged tagID's to eliminate duplicates","PO+gLcqpgG6WKM8lPge6HQp6NUBLdhs8","qwd4SsQjkwojVAYuvLRi2I6c493EEc9K","legacyData"
"3953405d-4c92-4b33-8330-f6a1556f85c6","OSBS_017.basePlot.vst","2015-10-06","D03","OSBS","OSBS_017","distributed","woodyWetlands",29.703872,-81.991847,"WGS84",,404053.51,3286384.23,"17N",28.0,,"vst_OSBS_2015","NEON.DOC.000987vD",,,,,,,"noneSelected","noneSelected",400,400,400,,"PO+gLcqpgG6WKM8lPge6HXi9FuzCMJ0UhiBuDRaEk5OIRiCZQNCVHzAUY//se+tp","CPmp9t5mZhA/Jlt3T5fTH30MkasxefuVXaoVNojxPQo=","legacyData"
"f7e9d472-6174-4c40-8606-bfe04e5d9ee0","OSBS_005.basePlot.vst","2015-10-08","D03","OSBS","OSBS_005","distributed","woodyWetlands",29.696569,-82.025578,"WGS84",20.3,400783.13,3285603.45,"17N",30.3,0.6,"vst_OSBS_2015","NEON.DOC.000987vD",,,,,,,"25","25",400,200,200,,"IaXfrbXr6GQAKfG/Thmkj2xXG2gxDgR+","wotzsmcGfDFGz7NWBrAUn7dLZE1v2DNq","legacyData"
