uid,namedLocation,domainID,siteID,plotID,plotType,nlcdClass,decimalLatitude,decimalLongitude,geodeticDatum,coordinateUncertainty,elevation,elevationUncertainty,collectDate,eventID,sampleID,sampleCode,samplingMethod,totalSampledArea,targetTaxaPresent,adultCount,nymphCount,larvaCount,sampleCondition,samplingProtocolVersion,measuredBy,remarks
"3bfd7f44-b0d9-4ffd-b152-06b83f7a89d9","BART_019.tickPlot.tck","D01","BART","BART_019","distributed","mixedForest",44.069350,-71.288001,"WGS84",20.2,231.8,0.2,"2014-08-06T15:38Z","BART.2014.31",,,"drag and flag",160,"N",0,0,0,,"NEON.DOC.014045vD","iXt4M3loQKBOqiuM/+B7Tw==","road running through flag/drag path that was very wet -3m; also stream running across plot -3m"
"6d8a5e40-6646-4e64-bc4d-b844646f9f19","BART_015.tickPlot.tck","D01","BART","BART_015","distributed","mixedForest",44.042149,-71.271603,"WGS84",20.3,455.0,0.5,"2014-08-06T17:22Z","BART.2014.31",,,"drag and flag",163,"N",0,0,0,,"NEON.DOC.014045vD","hj7Xm3r1ztpJ3/urJLAfrQ==",
"100ec6e4-5760-4103-b309-35554a2bdfaa","BART_002.tickPlot.tck","D01","BART","BART_002","distributed","deciduousForest",44.035231,-71.274674,"WGS84",20.2,502.6,0.3,"2014-08-06T18:31Z","BART.2014.31",,,"drag and flag",161,"N",0,0,0,,"NEON.DOC.014045vD","hj7Xm3r1ztpJ3/urJLAfrQ==","QC: No error EME"
"dc122363-31bb-4d2e-9992-0a03e7fc1a16","BART_010.tickPlot.tck","D01","BART","BART_010","distributed","deciduousForest",44.051100,-71.267766,"WGS84",20.2,413.0,0.4,"2014-08-06T19:54Z","BART.2014.31",,,"drag and flag",163,"N",0,0,0,,"NEON.DOC.014045vD","iXt4M3loQKBOqiuM/+B7Tw==",
"019f4e71-da53-4f31-861e-d53686c08e4a","BART_011.tickPlot.tck","D01","BART","BART_011","distributed","mixedForest",44.048783,-71.295353,"WGS84",20.2,399.5,0.2,"2014-08-07T12:00Z","BART.2014.31",,,"drag and flag",165,"N",0,0,0,,"NEON.DOC.014045vD","r9TmJceGQn9Mas2gKsHx4g==","QC: No error EME"
"136397a2-22de-44e7-855d-69ec1d83674b","BART_002.tickPlot.tck","D01","BART","BART_002","distributed","deciduousForest",44.035231,-71.274674,"WGS84",20.2,502.6,0.3,"2014-08-25T17:53Z","BART.2014.34",,,"drag and flag",165,"N",0,0,0,,"NEON.DOC.014045vD","hj7Xm3r1ztpJ3/urJLAfrQ==","QC: No error EME"
"d0d2f01f-9128-4076-8ae7-8e2b6a60c4ac","BART_010.tickPlot.tck","D01","BART","BART_010","distributed","deciduousForest",44.051100,-71.267766,"WGS84",20.2,413.0,0.4,"2014-08-25T17:56Z","BART.2014.34",,,"drag and flag",162,"N",0,0,0,,"NEON.DOC.014045vD","r9TmJceGQn9Mas2gKsHx4g==","QC: No error EME"
"de32fbb0-766c-4ce9-89ae-11fbf8345288","BART_019.tickPlot.tck","D01","BART","BART_019","distributed","mixedForest",44.069350,-71.288001,"WGS84",20.2,231.8,0.2,"2014-08-26T17:46Z","BART.2014.34",,,"drag and flag",163,"N",0,0,0,,"NEON.DOC.014045vD","r9TmJceGQn9Mas2gKsHx4g==",
"f4fdb78a-1eca-463c-af70-914370a617c5","BART_011.tickPlot.tck","D01","BART","BART_011","distributed","mixedForest",44.048783,-71.295353,"WGS84",20.2,399.5,0.2,"2014-08-27T17:45Z","BART.2014.34",,,"drag and flag",163,"N",0,0,0,,"NEON.DOC.014045vD","dFL2xUN5qu0uF8EtDHSZRQ==","QC: No error EME"
"ca8a2e1b-f199-4a47-915f-9dd97a91320a","BART_015.tickPlot.tck","D01","BART","BART_015","distributed","mixedForest",44.042149,-71.271603,"WGS84",20.3,455.0,0.5,"2014-08-27T17:47Z","BART.2014.34",,,"drag and flag",160,"N",0,0,0,,"NEON.DOC.014045vD","iXt4M3loQKBOqiuM/+B7Tw==","QC: No error EME"
