uid,namedLocation,domainID,siteID,plotID,plotType,nlcdClass,decimalLatitude,decimalLongitude,geodeticDatum,coordinateUncertainty,elevation,elevationUncertainty,collectDate,eventID,sampleID,sampleCode,samplingMethod,totalSampledArea,targetTaxaPresent,adultCount,nymphCount,larvaCount,sampleCondition,samplingProtocolVersion,measuredBy,remarks
"46b921cc-1739-46ea-a315-af796da01778","HARV_004.tickPlot.tck","D01","HARV","HARV_004","distributed","mixedForest",42.426878,-72.227943,"WGS84",20.3,185.9,0.3,"2016-10-26T12:15Z","HARV.2016.43","HARV_004.20161026",,"drag",160,"Y",1,0,0,"No known compromise","NEON.DOC.014045vG","jRr6tAEXvh/2EP2nqxILjbvMaL6VMLwf",
"c8405ab5-5912-4559-a9d3-0b3d4cf62cab","HARV_020.tickPlot.tck","D01","HARV","HARV_020","distributed","woodyWetlands",42.438157,-72.228923,"WGS84",20.2,228.3,0.3,"2016-10-26T13:20Z","HARV.2016.43",,,"drag",160,"N",0,0,0,"No known compromise","NEON.DOC.014045vG","Pes0SJTi6mB/L3kaeuPRUby8XD59hvb8",
"f139c82e-f67b-4d31-9cda-cd25c5d0f70d","HARV_026.tickPlot.tck","D01","HARV","HARV_026","distributed","evergreenForest",42.412068,-72.246529,"WGS84",20.2,185.7,0.3,"2016-10-26T14:30Z","HARV.2016.43",,,"drag and flag",160,"N",0,0,0,"No known compromise","NEON.DOC.014045vG","jRr6tAEXvh/2EP2nqxILjbvMaL6VMLwf",
"c18f18eb-8fe8-4d4f-b411-e05e4de8d822","HARV_006.tickPlot.tck","D01","HARV","HARV_006","distributed","deciduousForest",42.401938,-72.252716,"WGS84",20.2,190.4,0.3,"2016-10-26T15:30Z","HARV.2016.43","HARV_006.20161026",,"drag",160,"Y",0,98,0,"No known compromise","NEON.DOC.014045vG","Pes0SJTi6mB/L3kaeuPRUby8XD59hvb8","Many count in lab"
"c5f28772-6f4d-4d26-be14-9c883024fa2b","HARV_001.tickPlot.tck","D01","HARV","HARV_001","distributed","deciduousForest",42.424227,-72.260097,"WGS84",20.2,201.1,0.3,"2016-10-26T17:00Z","HARV.2016.43",,,"drag",160,"N",0,0,0,"No known compromise","NEON.DOC.014045vG","Pes0SJTi6mB/L3kaeuPRUby8XD59hvb8",
"322e47cf-1860-4eaa-9bc4-8eb61e04fa33","HARV_022.tickPlot.tck","D01","HARV","HARV_022","distributed","evergreenForest",42.435462,-72.199291,"WGS84",20.3,186.3,0.3,"2016-10-26T18:15Z","HARV.2016.43",,,"drag",165,"N",0,0,0,"No known compromise","NEON.DOC.014045vG","jRr6tAEXvh/2EP2nqxILjbvMaL6VMLwf",
