uid,namedLocation,date,domainID,siteID,plotID,plotType,nlcdClass,decimalLatitude,decimalLongitude,geodeticDatum,coordinateUncertainty,easting,northing,utmZone,elevation,elevationUncertainty,eventID,samplingProtocolVersion,treesPresent,treesAbsentList,shrubsPresent,shrubsAbsentList,lianasPresent,lianasAbsentList,nestedSubplotAreaShrubSapling,nestedSubplotAreaLiana,totalSampledAreaTrees,totalSampledAreaShrubSapling,totalSampledAreaLiana,remarks,measuredBy,recordedBy,dataQF
"67b8fdb5-2ce9-4cd9-b77f-3eda923e9e59","JERC_047.basePlot.vst","2018-01-22","D03","JERC","JERC_047","tower","evergreenForest",31.198437,-84.467181,"WGS84",20.1,741332.79,3454358.32,"16N",35.3,0.2,"vst_JERC_2017","NEON.DOC.000987vG","Y","presentInAll","Y","presentInAll","Y","presentInAll","25","noneSelected",800,100,800,,"YK5ulgcjQA5R7y4cKoPJR4j3Fle/NLuF4bqgrxO8ID4=","TMxCm91ndAnfOpD6M/XyoAyhNi1lNXRsuRZ0KUomQx0=",
"21754542-d5c9-416d-b877-5553ba50f6fc","JERC_062.basePlot.vst","2018-01-22","D03","JERC","JERC_062","tower","evergreenForest",31.196807,-84.466929,"WGS84",20.2,741360.95,3454178.14,"16N",35.4,0.4,"vst_JERC_2017","NEON.DOC.000987vG","Y","presentInAll","Y","presentInAll","N",,"100","noneSelected",800,400,800,,"cMb2B+jx12AMjNtsEA8t48GND5R87ks/","GrsE2Yu+ldmCqBHwBY6DBDQlk9sv4Hmw1h5L3rY7BgA=",
"69a9f000-bb56-4703-b0b1-cbe836b1353a","JERC_057.basePlot.vst","2018-01-23","D03","JERC","JERC_057","tower","mixedForest",31.200937,-84.469655,"WGS84",20.1,741090.64,3454630.12,"16N",33.6,0.2,"vst_JERC_2017","NEON.DOC.000987vG","Y","presentInAll","Y","presentInAll","Y","presentInAll","25","noneSelected",800,100,800,,"GrsE2Yu+ldmCqBHwBY6DBDQlk9sv4Hmw1h5L3rY7BgA=","UuiIeI4+6a5XxeJO9BYoR2g8el9sHFDOaNTnjnMxLl8=",
"6c072e17-1ceb-484e-b40e-75a6394908ea","JERC_054.basePlot.vst","2018-01-24","D03","JERC","JERC_054","tower","evergreenForest",31.197928,-84.468818,"WGS84",20.1,741178.06,3454298.31,"16N",47.5,0.2,"vst_JERC_2017","NEON.DOC.000987vG","Y","presentInAll","Y","presentInAll","Y","presentInAll","25","noneSelected",800,100,800,,"YK5ulgcjQA5R7y4cKoPJR4j3Fle/NLuF4bqgrxO8ID4=","TMxCm91ndAnfOpD6M/XyoAyhNi1lNXRsuRZ0KUomQx0=",
"99f72acf-c6f1-460d-8aeb-f48850caae0f","JERC_050.basePlot.vst","2018-01-25","D03","JERC","JERC_050","tower","evergreenForest",31.196842,-84.468194,"WGS84",20.3,741240.29,3454179.26,"16N",37.9,0.4,"vst_JERC_2017","NEON.DOC.000987vG","Y","presentInAll","Y","presentInAll","Y","23","100","noneSelected",800,400,800,,"YK5ulgcjQA5R7y4cKoPJR4j3Fle/NLuF4bqgrxO8ID4=","TMxCm91ndAnfOpD6M/XyoAyhNi1lNXRsuRZ0KUomQx0=",
"c34dffcf-d0c8-4bae-9a15-4d7fe2175d20","JERC_064.basePlot.vst","2018-01-25","D03","JERC","JERC_064","tower","evergreenForest",31.200609,-84.466523,"WGS84",20.2,741389.98,3454600.59,"16N",39.5,0.3,"vst_JERC_2017","NEON.DOC.000987vG","Y","presentInAll","Y","presentInAll","N",,"100","noneSelected",800,400,800,,"cMb2B+jx12AMjNtsEA8t48GND5R87ks/","XHDcovp85mKKhOyBJRCCG9BrUnGU9ms3Kfo1BikqVt4=",
"cb689eb4-4e68-408d-9acc-b8bd9a8f3f96","JERC_055.basePlot.vst","2018-01-30","D03","JERC","JERC_055","tower","evergreenForest",31.194074,-84.465132,"WGS84",20.1,741539.18,3453879.03,"16N",41.8,0.3,"vst_JERC_2017","NEON.DOC.000987vG","Y","39","Y","presentInAll","N",,"25","noneSelected",800,100,800,,"uQ3flT+jLrW85u7nE+3riIGajIA12ojXUYMflWmsZYI=","YK5ulgcjQA5R7y4cKoPJR4j3Fle/NLuF4bqgrxO8ID4=",
"2558be33-34a0-40a0-9a53-4e08b486826d","JERC_066.basePlot.vst","2018-01-30","D03","JERC","JERC_066","tower","evergreenForest",31.197554,-84.463759,"WGS84",20.2,741661.19,3454267.89,"16N",42.6,0.2,"vst_JERC_2017","NEON.DOC.000987vG","Y","presentInAll","Y","presentInAll","N",,"noneSelected","noneSelected",800,800,800,,"cMb2B+jx12AMjNtsEA8t48GND5R87ks/","XHDcovp85mKKhOyBJRCCG9BrUnGU9ms3Kfo1BikqVt4=",
"44e19b45-ceb2-41c4-a49c-87171d5740de","JERC_053.basePlot.vst","2018-01-31","D03","JERC","JERC_053","tower","evergreenForest",31.194043,-84.463550,"WGS84",20.1,741690.04,3453879.06,"16N",44.9,0.1,"vst_JERC_2017","NEON.DOC.000987vG","Y","presentInAll","Y","presentInAll","N",,"100","noneSelected",800,400,800,,"uQ3flT+jLrW85u7nE+3riIGajIA12ojXUYMflWmsZYI=","YK5ulgcjQA5R7y4cKoPJR4j3Fle/NLuF4bqgrxO8ID4=",
