uid,namedLocation,domainID,siteID,plotID,plotType,nlcdClass,decimalLatitude,decimalLongitude,geodeticDatum,coordinateUncertainty,elevation,elevationUncertainty,collectDate,eventID,sampleID,sampleCode,samplingMethod,totalSampledArea,targetTaxaPresent,adultCount,nymphCount,larvaCount,sampleCondition,samplingProtocolVersion,measuredBy,remarks
"bed41c52-9d08-4427-bb3d-8f19e6a86756","ABBY_003.tickPlot.tck","D16","ABBY","ABBY_003","distributed","evergreenForest",45.760799,-122.371290,"WGS84",20.1,626.2,0.1,"2016-11-03T21:00Z","ABBY.2016.44",,,"drag",166,"N",0,0,0,"No known compromise","NEON.DOC.014045vG","AXuY4z5ddzGYVtlYIFbF04ZbSE1d77qu",
"9a5a5451-65de-40a7-b36d-de23b117de1d","ABBY_002.tickPlot.tck","D16","ABBY","ABBY_002","distributed","grasslandHerbaceous",45.737854,-122.308292,"WGS84",20.1,651.1,0.1,"2016-11-03T21:13Z","ABBY.2016.44",,,"drag and flag",162,"N",0,0,0,"No known compromise","NEON.DOC.014045vG","XZoPj1u9UmznO7Lakic/e+h3MMLMvbQt",
"ca055973-ef83-4cca-b1f5-2ebeda2d2eac","ABBY_005.tickPlot.tck","D16","ABBY","ABBY_005","distributed","shrubScrub",45.771976,-122.388089,"WGS84",20.1,492.2,0.1,"2016-11-03T22:02Z","ABBY.2016.44","ABBY_005.20161103",,"drag and flag",172,"Y",2,0,0,"No known compromise","NEON.DOC.014045vG","AXuY4z5ddzGYVtlYIFbF04ZbSE1d77qu",
"25db1f09-84aa-49db-9434-23a06b46cb09","ABBY_006.tickPlot.tck","D16","ABBY","ABBY_006","distributed","evergreenForest",45.752800,-122.297903,"WGS84",20.3,576.4,0.4,"2016-11-03T22:41Z","ABBY.2016.44",,,"drag and flag",158,"N",0,0,0,"No known compromise","NEON.DOC.014045vG","XZoPj1u9UmznO7Lakic/e+h3MMLMvbQt",
"aec480a3-bc0d-45eb-b07f-c2cd01a6bff9","ABBY_023.tickPlot.tck","D16","ABBY","ABBY_023","distributed","mixedForest",45.745006,-122.383498,"WGS84",20.1,478.7,0.1,"2016-11-03T23:25Z","ABBY.2016.44",,,"drag and flag",150,"N",0,0,0,"No known compromise","NEON.DOC.014045vG","AXuY4z5ddzGYVtlYIFbF04ZbSE1d77qu",
"b9655221-2480-4e41-ac5d-6764698d17f9","ABBY_002.tickPlot.tck","D16","ABBY","ABBY_002","distributed","grasslandHerbaceous",45.737854,-122.308292,"WGS84",20.1,651.1,0.1,"2016-11-04T17:33Z","ABBY.2016.45",,,"drag and flag",160,"N",0,0,0,"No known compromise","NEON.DOC.014045vH","s/lmw0PcTzR4Bmy/yhclYeu7XYLZW004","Start time estimated"
"0837f39e-7290-4a85-843a-aa53f7a2ecf2","ABBY_001.tickPlot.tck","D16","ABBY","ABBY_001","distributed","evergreenForest",45.773172,-122.348101,"WGS84",20.1,294.3,0.2,"2016-11-04T19:24Z","ABBY.2016.44",,,"drag and flag",145,"N",0,0,0,"No known compromise","NEON.DOC.014045vG","AXuY4z5ddzGYVtlYIFbF04ZbSE1d77qu",
"2eb25ef4-bf04-4e70-bd5b-96780dd40c94","ABBY_006.tickPlot.tck","D16","ABBY","ABBY_006","distributed","evergreenForest",45.752800,-122.297903,"WGS84",20.3,576.4,0.4,"2016-11-04T19:53Z","ABBY.2016.45",,,"drag and flag",160,"N",0,0,0,"No known compromise","NEON.DOC.014045vH","ek73KqIvQF8RhLDCLTKMoAaxRWZ9yW3gVzCev5Zm+/g=","Dowel snapped in half towards end"
"545a8c3d-0445-42b4-be77-38cc03ba34d9","ABBY_002.tickPlot.tck","D16","ABBY","ABBY_002","distributed","grasslandHerbaceous",45.737854,-122.308292,"WGS84",20.1,651.1,0.1,"2016-11-22T18:15Z","ABBY.2016.47",,,"drag",155,"N",0,0,0,"No known compromise","NEON.DOC.014045vG","Mvo1bt03JMQGnUSOZfuCuKiPzECGjdoQ",
"8771c68d-81e0-4df7-98d6-87a0a4212eb1","ABBY_005.tickPlot.tck","D16","ABBY","ABBY_005","distributed","shrubScrub",45.771976,-122.388089,"WGS84",20.1,492.2,0.1,"2016-11-22T18:24Z","ABBY.2016.47","ABBY_005.20161122",,"drag and flag",162,"Y",1,0,0,"No known compromise","NEON.DOC.014045vG","AXuY4z5ddzGYVtlYIFbF04ZbSE1d77qu",
"b538f71f-568e-4741-bb9e-3c1b9d4b9408","ABBY_006.tickPlot.tck","D16","ABBY","ABBY_006","distributed","evergreenForest",45.752800,-122.297903,"WGS84",20.3,576.4,0.4,"2016-11-22T19:39Z","ABBY.2016.47",,,"drag and flag",160,"N",0,0,0,"No known compromise","NEON.DOC.014045vG","Mvo1bt03JMQGnUSOZfuCuKiPzECGjdoQ","Little damp"
"4a3bc1e8-943e-484d-bde4-0afaf284dc88","ABBY_003.tickPlot.tck","D16","ABBY","ABBY_003","distributed","evergreenForest",45.760799,-122.371290,"WGS84",20.1,626.2,0.1,"2016-11-22T19:40Z","ABBY.2016.47",,,"drag and flag",161,"N",0,0,0,"No known compromise","NEON.DOC.014045vG","AXuY4z5ddzGYVtlYIFbF04ZbSE1d77qu",
"81bd92cd-d14b-4fc3-98c3-15b58387066b","ABBY_001.tickPlot.tck","D16","ABBY","ABBY_001","distributed","evergreenForest",45.773172,-122.348101,"WGS84",20.1,294.3,0.2,"2016-11-22T21:18Z","ABBY.2016.47",,,"drag and flag",150,"N",0,0,0,"No known compromise","NEON.DOC.014045vG","Mvo1bt03JMQGnUSOZfuCuKiPzECGjdoQ","Little damp"
"91667017-0df8-4271-85b5-2ea8eeceeb33","ABBY_023.tickPlot.tck","D16","ABBY","ABBY_023","distributed","mixedForest",45.745006,-122.383498,"WGS84",20.1,478.7,0.1,"2016-11-22T21:26Z","ABBY.2016.47",,,"drag and flag",151,"N",0,0,0,"No known compromise","NEON.DOC.014045vG","AXuY4z5ddzGYVtlYIFbF04ZbSE1d77qu",
