uid,namedLocation,date,eventID,domainID,siteID,plotID,subplotID,individualID,tagStatus,growthForm,plantStatus,stemDiameter,measurementHeight,height,baseCrownHeight,breakHeight,breakDiameter,maxCrownDiameter,ninetyCrownDiameter,canopyPosition,shape,basalStemDiameter,basalStemDiameterMsrmntHeight,maxBaseCrownDiameter,ninetyBaseCrownDiameter,remarks,recordedBy,measuredBy,dataQF
"0f080365-cea1-47e4-846c-7f84a9e7d80d","MOAB_011.basePlot.vst","2016-09-26","vst_MOAB_2016","D13","MOAB","MOAB_011",,"NEON.PLA.D13.MOAB.00183","ok","small shrub","Live",,,0.8,,,,1.9,1.1,,"half-sphere",3.2,10,,,,"wcMB+uWhN6DlxgYb80zZ5eNIhcO7pIW7","Ymvu50svVai947RgaYoGNGTwjbYtyuA7","legacyData"
"9c551fd7-0310-41fe-aad0-77e58684109f","MOAB_011.basePlot.vst","2016-09-26","vst_MOAB_2016","D13","MOAB","MOAB_011",,"NEON.PLA.D13.MOAB.00182","ok","small shrub","Live",,,0.4,,,,0.7,0.5,,"half-sphere",1.6,10,,,,"wcMB+uWhN6DlxgYb80zZ5eNIhcO7pIW7","Ymvu50svVai947RgaYoGNGTwjbYtyuA7","legacyData"
"e88401e4-4ee7-4c91-b66e-b59a2334b86c","MOAB_011.basePlot.vst","2016-09-26","vst_MOAB_2016","D13","MOAB","MOAB_011",,"NEON.PLA.D13.MOAB.00155","ok","small shrub","Live",,,0.5,,,,0.8,0.5,,"oblate half-sphere",2.9,10,,,,"wcMB+uWhN6DlxgYb80zZ5eNIhcO7pIW7","Ymvu50svVai947RgaYoGNGTwjbYtyuA7","legacyData"
"c1e17bfc-2ed1-42da-9ac2-b4ab320572cd","MOAB_011.basePlot.vst","2016-09-26","vst_MOAB_2016","D13","MOAB","MOAB_011",,"NEON.PLA.D13.MOAB.00157","ok","small shrub","Live",,,0.5,,,,1.2,1.1,,"oblate half-sphere",2.3,10,,,,"wcMB+uWhN6DlxgYb80zZ5eNIhcO7pIW7","Ymvu50svVai947RgaYoGNGTwjbYtyuA7","legacyData"
"094272f7-d7c0-4b45-a241-361c93131247","MOAB_011.basePlot.vst","2016-09-26","vst_MOAB_2016","D13","MOAB","MOAB_011",,"NEON.PLA.D13.MOAB.00183","ok","small shrub","Live",,,0.8,,,,1.9,1.1,,"half-sphere",2.0,10,,,,"wcMB+uWhN6DlxgYb80zZ5eNIhcO7pIW7","Ymvu50svVai947RgaYoGNGTwjbYtyuA7","legacyData"
"3cdca456-0906-43e5-8d8b-f9f2151b8d55","MOAB_011.basePlot.vst","2016-09-26","vst_MOAB_2016","D13","MOAB","MOAB_011",,"NEON.PLA.D13.MOAB.00181","ok","small shrub","Live",,,0.4,,,,0.9,0.7,,"oblate half-sphere",2.7,10,,,,"wcMB+uWhN6DlxgYb80zZ5eNIhcO7pIW7","Ymvu50svVai947RgaYoGNGTwjbYtyuA7","legacyData"
"7a9ec8e4-1677-436b-99f0-a9733ac0b078","MOAB_011.basePlot.vst","2016-09-26","vst_MOAB_2016","D13","MOAB","MOAB_011",,"NEON.PLA.D13.MOAB.00167","ok","small shrub","Live",,,0.6,,,,0.9,0.5,,"half-sphere",1.6,10,,,,"wcMB+uWhN6DlxgYb80zZ5eNIhcO7pIW7","Ymvu50svVai947RgaYoGNGTwjbYtyuA7","legacyData"
"853c8ea0-0413-46dd-817f-9a502fbe8574","MOAB_011.basePlot.vst","2016-09-26","vst_MOAB_2016","D13","MOAB","MOAB_011",,"NEON.PLA.D13.MOAB.00160","ok","small shrub","Live",,,0.5,,,,0.5,0.5,,"half-sphere",2.2,10,,,,"wcMB+uWhN6DlxgYb80zZ5eNIhcO7pIW7","Ymvu50svVai947RgaYoGNGTwjbYtyuA7","legacyData"
"15b3f6c1-d0c0-47ef-821f-7c1eb28341bb","MOAB_011.basePlot.vst","2016-09-26","vst_MOAB_2016","D13","MOAB","MOAB_011",,"NEON.PLA.D13.MOAB.00160","ok","small shrub","Live",,,0.5,,,,0.5,0.5,,"half-sphere",1.6,10,,,,"wcMB+uWhN6DlxgYb80zZ5eNIhcO7pIW7","Ymvu50svVai947RgaYoGNGTwjbYtyuA7","legacyData"
"40c908cb-6a21-4382-bda5-c8ddd59f98f6","MOAB_011.basePlot.vst","2016-09-26","vst_MOAB_2016","D13","MOAB","MOAB_011",,"NEON.PLA.D13.MOAB.00140","ok","small shrub","Live",,,0.3,,,,0.5,0.3,,"oblate half-sphere",1.3,10,,,,"wcMB+uWhN6DlxgYb80zZ5eNIhcO7pIW7","Ymvu50svVai947RgaYoGNGTwjbYtyuA7","legacyData"
"096fdfa1-1a83-45a6-99ce-fe23ba2bcd65","MOAB_011.basePlot.vst","2016-09-26","vst_MOAB_2016","D13","MOAB","MOAB_011",,"NEON.PLA.D13.MOAB.00169","ok","small shrub","Live",,,0.6,,,,1.5,0.8,,"oblate half-sphere",2.5,10,,,,"wcMB+uWhN6DlxgYb80zZ5eNIhcO7pIW7","Ymvu50svVai947RgaYoGNGTwjbYtyuA7","legacyData"
"d1ac2061-0a3c-428b-a0cc-bc4e6e4efdcd","MOAB_011.basePlot.vst","2016-09-26","vst_MOAB_2016","D13","MOAB","MOAB_011",,"NEON.PLA.D13.MOAB.00139","ok","small shrub","Live",,,0.3,,,,0.7,0.3,,"oblate half-sphere",2.4,10,,,,"wcMB+uWhN6DlxgYb80zZ5eNIhcO7pIW7","Ymvu50svVai947RgaYoGNGTwjbYtyuA7","legacyData"
"130461e4-7230-4c3f-a7b1-953feec3f2e7","MOAB_011.basePlot.vst","2016-09-26","vst_MOAB_2016","D13","MOAB","MOAB_011",,"NEON.PLA.D13.MOAB.00162","ok","small shrub","Live",,,0.5,,,,1.1,0.5,,"half-sphere",1.7,10,,,,"wcMB+uWhN6DlxgYb80zZ5eNIhcO7pIW7","Ymvu50svVai947RgaYoGNGTwjbYtyuA7","legacyData"
"a112396b-e031-4a29-a373-011935c3f458","MOAB_011.basePlot.vst","2016-09-26","vst_MOAB_2016","D13","MOAB","MOAB_011",,"NEON.PLA.D13.MOAB.00183","ok","small shrub","Live",,,0.8,,,,1.9,1.1,,"half-sphere",2.7,10,,,,"wcMB+uWhN6DlxgYb80zZ5eNIhcO7pIW7","Ymvu50svVai947RgaYoGNGTwjbYtyuA7","legacyData"
"65274ed4-7de3-460b-888e-3385d9a8555f","MOAB_011.basePlot.vst","2016-09-26","vst_MOAB_2016","D13","MOAB","MOAB_011",,"NEON.PLA.D13.MOAB.00138","ok","small shrub","Live",,,0.3,,,,0.7,0.4,,"oblate half-sphere",1.3,10,,,,"wcMB+uWhN6DlxgYb80zZ5eNIhcO7pIW7","Ymvu50svVai947RgaYoGNGTwjbYtyuA7","legacyData"
"0fd7b146-ec9a-4d56-a5b8-2ad0f7fd3b07","MOAB_011.basePlot.vst","2016-09-26","vst_MOAB_2016","D13","MOAB","MOAB_011",,"NEON.PLA.D13.MOAB.00171","ok","small shrub","Live",,,0.7,,,,1.0,0.6,,"half-sphere",1.6,10,,,,"wcMB+uWhN6DlxgYb80zZ5eNIhcO7pIW7","Ymvu50svVai947RgaYoGNGTwjbYtyuA7","legacyData"
"c5b16f0a-c310-4287-a7bc-aa0159be93ae","MOAB_011.basePlot.vst","2016-09-26","vst_MOAB_2016","D13","MOAB","MOAB_011",,"NEON.PLA.D13.MOAB.00149","ok","small shrub","Live",,,0.6,,,,1.1,0.6,,"half-sphere",2.2,10,,,,"wcMB+uWhN6DlxgYb80zZ5eNIhcO7pIW7","Ymvu50svVai947RgaYoGNGTwjbYtyuA7","legacyData"
"6deb0e3e-6b36-4bcc-b2d0-76cea5e6ee18","MOAB_011.basePlot.vst","2016-09-26","vst_MOAB_2016","D13","MOAB","MOAB_011",,"NEON.PLA.D13.MOAB.00155","ok","small shrub","Live",,,0.5,,,,0.8,0.5,,"oblate half-sphere",1.5,10,,,,"wcMB+uWhN6DlxgYb80zZ5eNIhcO7pIW7","Ymvu50svVai947RgaYoGNGTwjbYtyuA7","legacyData"
"cdb5ad5a-0c27-4da2-8b2e-b00f4c7648ff","MOAB_011.basePlot.vst","2016-09-26","vst_MOAB_2016","D13","MOAB","MOAB_011",,"NEON.PLA.D13.MOAB.00149","ok","small shrub","Live",,,0.6,,,,1.1,0.6,,"half-sphere",1.6,10,,,,"wcMB+uWhN6DlxgYb80zZ5eNIhcO7pIW7","Ymvu50svVai947RgaYoGNGTwjbYtyuA7","legacyData"
"8ba3998f-f23c-42b7-b9c5-1905648d5d4f","MOAB_011.basePlot.vst","2016-09-26","vst_MOAB_2016","D13","MOAB","MOAB_011",,"NEON.PLA.D13.MOAB.00169","ok","small shrub","Live",,,0.6,,,,1.5,0.8,,"oblate half-sphere",1.8,10,,,,"wcMB+uWhN6DlxgYb80zZ5eNIhcO7pIW7","Ymvu50svVai947RgaYoGNGTwjbYtyuA7","legacyData"
"cae3c0f1-7bec-4fc4-9f5e-a9f60e617658","MOAB_011.basePlot.vst","2016-09-26","vst_MOAB_2016","D13","MOAB","MOAB_011",,"NEON.PLA.D13.MOAB.00169","ok","small shrub","Live",,,0.6,,,,1.5,0.8,,"oblate half-sphere",1.2,10,,,,"wcMB+uWhN6DlxgYb80zZ5eNIhcO7pIW7","Ymvu50svVai947RgaYoGNGTwjbYtyuA7","legacyData"
"f87f632f-229b-4ca2-bb26-bbcffc13b31a","MOAB_011.basePlot.vst","2016-09-26","vst_MOAB_2016","D13","MOAB","MOAB_011",,"NEON.PLA.D13.MOAB.00177","ok","small shrub","Live",,,0.3,,,,0.6,0.3,,"oblate half-sphere",2.1,10,,,,"wcMB+uWhN6DlxgYb80zZ5eNIhcO7pIW7","Ymvu50svVai947RgaYoGNGTwjbYtyuA7","legacyData"
"9b1d8aa1-98aa-4c99-831a-107d510bda08","MOAB_011.basePlot.vst","2016-09-26","vst_MOAB_2016","D13","MOAB","MOAB_011",,"NEON.PLA.D13.MOAB.00181","ok","small shrub","Live",,,0.4,,,,0.9,0.7,,"oblate half-sphere",2.6,10,,,,"wcMB+uWhN6DlxgYb80zZ5eNIhcO7pIW7","Ymvu50svVai947RgaYoGNGTwjbYtyuA7","legacyData"
"6fff1d91-c35e-425e-b4a1-f8ff1c32a885","MOAB_011.basePlot.vst","2016-09-26","vst_MOAB_2016","D13","MOAB","MOAB_011",,"NEON.PLA.D13.MOAB.00135","ok","small shrub","Live",,,0.3,,,,0.6,0.5,,"half-sphere",2.2,10,,,,"wcMB+uWhN6DlxgYb80zZ5eNIhcO7pIW7","Ymvu50svVai947RgaYoGNGTwjbYtyuA7","legacyData"
"5f19e6f5-2170-4018-876e-ac8b0afb10f7","MOAB_011.basePlot.vst","2016-09-26","vst_MOAB_2016","D13","MOAB","MOAB_011",,"NEON.PLA.D13.MOAB.00165","ok","small shrub","Live",,,0.6,,,,1.3,0.6,,"oblate half-sphere",2.6,10,,,,"wcMB+uWhN6DlxgYb80zZ5eNIhcO7pIW7","Ymvu50svVai947RgaYoGNGTwjbYtyuA7","legacyData"
"c2227a71-7ea6-4358-8506-07a7cde1c7db","MOAB_011.basePlot.vst","2016-09-26","vst_MOAB_2016","D13","MOAB","MOAB_011",,"NEON.PLA.D13.MOAB.00183","ok","small shrub","Live",,,0.8,,,,1.9,1.1,,"half-sphere",3.3,10,,,,"wcMB+uWhN6DlxgYb80zZ5eNIhcO7pIW7","Ymvu50svVai947RgaYoGNGTwjbYtyuA7","legacyData"
"34114c9f-2409-4878-9cd9-208fb90abf14","MOAB_011.basePlot.vst","2016-09-26","vst_MOAB_2016","D13","MOAB","MOAB_011",,"NEON.PLA.D13.MOAB.00183","ok","small shrub","Live",,,0.8,,,,1.9,1.1,,"half-sphere",6.7,10,,,,"wcMB+uWhN6DlxgYb80zZ5eNIhcO7pIW7","Ymvu50svVai947RgaYoGNGTwjbYtyuA7","legacyData"
"a87a12d7-4517-471e-898b-ccecf96ba971","MOAB_011.basePlot.vst","2016-09-26","vst_MOAB_2016","D13","MOAB","MOAB_011",,"NEON.PLA.D13.MOAB.00169","ok","small shrub","Live",,,0.6,,,,1.5,0.8,,"oblate half-sphere",2.2,10,,,,"wcMB+uWhN6DlxgYb80zZ5eNIhcO7pIW7","Ymvu50svVai947RgaYoGNGTwjbYtyuA7","legacyData"
"5ee5b0bd-8de4-4799-984a-c493ab989658","MOAB_011.basePlot.vst","2016-09-26","vst_MOAB_2016","D13","MOAB","MOAB_011",,"NEON.PLA.D13.MOAB.00155","ok","small shrub","Live",,,0.5,,,,0.8,0.5,,"oblate half-sphere",1.8,10,,,,"wcMB+uWhN6DlxgYb80zZ5eNIhcO7pIW7","Ymvu50svVai947RgaYoGNGTwjbYtyuA7","legacyData"
"6cad0fc6-68fc-435c-b9da-1f034bf02e59","MOAB_011.basePlot.vst","2016-09-26","vst_MOAB_2016","D13","MOAB","MOAB_011",,"NEON.PLA.D13.MOAB.00175","ok","small shrub","Live",,,0.4,,,,0.6,0.6,,"half-sphere",1.0,10,,,,"wcMB+uWhN6DlxgYb80zZ5eNIhcO7pIW7","Ymvu50svVai947RgaYoGNGTwjbYtyuA7","legacyData"
"a3670613-d440-464a-be43-8fa3d0529c95","MOAB_011.basePlot.vst","2016-09-26","vst_MOAB_2016","D13","MOAB","MOAB_011",,"NEON.PLA.D13.MOAB.00149","ok","small shrub","Live",,,0.6,,,,1.1,0.6,,"half-sphere",1.6,10,,,,"wcMB+uWhN6DlxgYb80zZ5eNIhcO7pIW7","Ymvu50svVai947RgaYoGNGTwjbYtyuA7","legacyData"
"e90563e3-1664-4d2f-85b1-993b5a77f10e","MOAB_011.basePlot.vst","2016-09-26","vst_MOAB_2016","D13","MOAB","MOAB_011",,"NEON.PLA.D13.MOAB.00147","ok","small shrub","Live",,,0.9,,,,1.6,1.2,,"half-sphere",2.3,10,,,,"wcMB+uWhN6DlxgYb80zZ5eNIhcO7pIW7","Ymvu50svVai947RgaYoGNGTwjbYtyuA7","legacyData"
"24ee4450-d69f-429d-b674-60d79e0cdb49","MOAB_011.basePlot.vst","2016-09-26","vst_MOAB_2016","D13","MOAB","MOAB_011",,"NEON.PLA.D13.MOAB.00181","ok","small shrub","Live",,,0.4,,,,0.9,0.7,,"oblate half-sphere",2.9,10,,,,"wcMB+uWhN6DlxgYb80zZ5eNIhcO7pIW7","Ymvu50svVai947RgaYoGNGTwjbYtyuA7","legacyData"
"79c14330-9a29-4619-a6eb-5ce5e8b403e7","MOAB_011.basePlot.vst","2016-09-26","vst_MOAB_2016","D13","MOAB","MOAB_011",,"NEON.PLA.D13.MOAB.00140","ok","small shrub","Live",,,0.3,,,,0.5,0.3,,"oblate half-sphere",1.4,10,,,,"wcMB+uWhN6DlxgYb80zZ5eNIhcO7pIW7","Ymvu50svVai947RgaYoGNGTwjbYtyuA7","legacyData"
"49d78702-b2b8-47f8-9ae0-265e1c9f9557","MOAB_011.basePlot.vst","2016-09-26","vst_MOAB_2016","D13","MOAB","MOAB_011",,"NEON.PLA.D13.MOAB.00160","ok","small shrub","Live",,,0.5,,,,0.5,0.5,,"half-sphere",1.6,10,,,,"wcMB+uWhN6DlxgYb80zZ5eNIhcO7pIW7","Ymvu50svVai947RgaYoGNGTwjbYtyuA7","legacyData"
"e981f2f1-eb4c-42ad-a283-43d78baacd4d","MOAB_011.basePlot.vst","2016-09-26","vst_MOAB_2016","D13","MOAB","MOAB_011",,"NEON.PLA.D13.MOAB.00165","ok","small shrub","Live",,,0.6,,,,1.3,0.6,,"oblate half-sphere",4.0,10,,,,"wcMB+uWhN6DlxgYb80zZ5eNIhcO7pIW7","Ymvu50svVai947RgaYoGNGTwjbYtyuA7","legacyData"
"bc36a5f9-8ea9-4195-9a7c-798ad6b82ea9","MOAB_011.basePlot.vst","2016-09-26","vst_MOAB_2016","D13","MOAB","MOAB_011",,"NEON.PLA.D13.MOAB.00152","ok","small shrub","Live",,,0.2,,,,0.2,0.2,,"oblate half-sphere",1.4,10,,,,"wcMB+uWhN6DlxgYb80zZ5eNIhcO7pIW7","Ymvu50svVai947RgaYoGNGTwjbYtyuA7","legacyData"
"c8341156-c0d0-494f-9408-09d3e519e6b0","MOAB_011.basePlot.vst","2016-09-26","vst_MOAB_2016","D13","MOAB","MOAB_011",,"NEON.PLA.D13.MOAB.00160","ok","small shrub","Live",,,0.5,,,,0.5,0.5,,"half-sphere",1.5,10,,,,"wcMB+uWhN6DlxgYb80zZ5eNIhcO7pIW7","Ymvu50svVai947RgaYoGNGTwjbYtyuA7","legacyData"
"5e94b470-2117-4911-a6f5-bcc814eda04e","MOAB_011.basePlot.vst","2016-09-26","vst_MOAB_2016","D13","MOAB","MOAB_011",,"NEON.PLA.D13.MOAB.00155","ok","small shrub","Live",,,0.5,,,,0.8,0.5,,"oblate half-sphere",2.5,10,,,,"wcMB+uWhN6DlxgYb80zZ5eNIhcO7pIW7","Ymvu50svVai947RgaYoGNGTwjbYtyuA7","legacyData"
"40077985-a1bb-40f3-bd3a-5f8a4b30febd","MOAB_011.basePlot.vst","2016-09-26","vst_MOAB_2016","D13","MOAB","MOAB_011",,"NEON.PLA.D13.MOAB.00182","ok","small shrub","Live",,,0.4,,,,0.7,0.5,,"half-sphere",1.4,10,,,,"wcMB+uWhN6DlxgYb80zZ5eNIhcO7pIW7","Ymvu50svVai947RgaYoGNGTwjbYtyuA7","legacyData"
"1abafba9-e450-4ca2-8a08-dc3bfb8bcd89","MOAB_011.basePlot.vst","2016-09-26","vst_MOAB_2016","D13","MOAB","MOAB_011",,"NEON.PLA.D13.MOAB.00173","ok","small shrub","Live",,,0.8,,,,1.2,1.0,,"half-sphere",2.1,10,,,,"wcMB+uWhN6DlxgYb80zZ5eNIhcO7pIW7","Ymvu50svVai947RgaYoGNGTwjbYtyuA7","legacyData"
"61556267-7360-4c95-9155-df2471dffb9d","MOAB_011.basePlot.vst","2016-09-26","vst_MOAB_2016","D13","MOAB","MOAB_011",,"NEON.PLA.D13.MOAB.00166","ok","small shrub","Live",,,0.5,,,,1.0,0.7,,"oblate half-sphere",3.0,10,,,,"wcMB+uWhN6DlxgYb80zZ5eNIhcO7pIW7","Ymvu50svVai947RgaYoGNGTwjbYtyuA7","legacyData"
"1ae7c2a0-9e9d-45ee-8c00-8deb88d894f5","MOAB_011.basePlot.vst","2016-09-26","vst_MOAB_2016","D13","MOAB","MOAB_011",,"NEON.PLA.D13.MOAB.00138","ok","small shrub","Live",,,0.3,,,,0.7,0.4,,"oblate half-sphere",1.1,10,,,,"wcMB+uWhN6DlxgYb80zZ5eNIhcO7pIW7","Ymvu50svVai947RgaYoGNGTwjbYtyuA7","legacyData"
"fbf325ac-c38d-4d52-a934-24e578255115","MOAB_011.basePlot.vst","2016-09-26","vst_MOAB_2016","D13","MOAB","MOAB_011",,"NEON.PLA.D13.MOAB.00154","ok","small shrub","Live",,,0.3,,,,0.8,0.6,,"oblate half-sphere",6.9,10,,,,"wcMB+uWhN6DlxgYb80zZ5eNIhcO7pIW7","Ymvu50svVai947RgaYoGNGTwjbYtyuA7","legacyData"
"c37857d4-b929-4bbc-89bb-d7e2e7b915eb","MOAB_011.basePlot.vst","2016-09-26","vst_MOAB_2016","D13","MOAB","MOAB_011",,"NEON.PLA.D13.MOAB.00170","ok","small shrub","Live",,,0.6,,,,0.8,0.6,,"half-sphere",2.2,10,,,,"wcMB+uWhN6DlxgYb80zZ5eNIhcO7pIW7","Ymvu50svVai947RgaYoGNGTwjbYtyuA7","legacyData"
"8dfdea0a-e51e-4df7-b3f2-25cdc34fc641","MOAB_011.basePlot.vst","2016-09-26","vst_MOAB_2016","D13","MOAB","MOAB_011",,"NEON.PLA.D13.MOAB.00171","ok","small shrub","Live",,,0.7,,,,1.0,0.6,,"half-sphere",4.7,10,,,,"wcMB+uWhN6DlxgYb80zZ5eNIhcO7pIW7","Ymvu50svVai947RgaYoGNGTwjbYtyuA7","legacyData"
"05226252-f989-4c26-a23e-2fcad58a42ec","MOAB_011.basePlot.vst","2016-09-26","vst_MOAB_2016","D13","MOAB","MOAB_011",,"NEON.PLA.D13.MOAB.00162","ok","small shrub","Live",,,0.5,,,,1.1,0.5,,"half-sphere",1.6,10,,,,"wcMB+uWhN6DlxgYb80zZ5eNIhcO7pIW7","Ymvu50svVai947RgaYoGNGTwjbYtyuA7","legacyData"
"66e6df66-d3e8-4d07-bcb3-1fa16f0fa6e1","MOAB_011.basePlot.vst","2016-09-26","vst_MOAB_2016","D13","MOAB","MOAB_011",,"NEON.PLA.D13.MOAB.00148","ok","small shrub","Live",,,1.0,,,,1.2,1.0,,"half-sphere",3.6,10,,,,"wcMB+uWhN6DlxgYb80zZ5eNIhcO7pIW7","Ymvu50svVai947RgaYoGNGTwjbYtyuA7","legacyData"
"1a4790ea-a252-44d2-9663-3d36f7227d00","MOAB_011.basePlot.vst","2016-09-26","vst_MOAB_2016","D13","MOAB","MOAB_011",,"NEON.PLA.D13.MOAB.00162","ok","small shrub","Live",,,0.5,,,,1.1,0.5,,"half-sphere",1.8,10,,,,"wcMB+uWhN6DlxgYb80zZ5eNIhcO7pIW7","Ymvu50svVai947RgaYoGNGTwjbYtyuA7","legacyData"
"0fdd5f1a-4801-4488-b2ae-35cba7d6c491","MOAB_011.basePlot.vst","2016-09-26","vst_MOAB_2016","D13","MOAB","MOAB_011",,"NEON.PLA.D13.MOAB.00173","ok","small shrub","Live",,,0.8,,,,1.2,1.0,,"half-sphere",4.2,10,,,,"wcMB+uWhN6DlxgYb80zZ5eNIhcO7pIW7","Ymvu50svVai947RgaYoGNGTwjbYtyuA7","legacyData"
"655874ac-e9c6-4691-b931-42a216121098","MOAB_011.basePlot.vst","2016-09-26","vst_MOAB_2016","D13","MOAB","MOAB_011",,"NEON.PLA.D13.MOAB.00172","ok","small shrub","Live",,,1.0,,,,1.3,0.7,,"half-sphere",1.8,10,,,,"wcMB+uWhN6DlxgYb80zZ5eNIhcO7pIW7","Ymvu50svVai947RgaYoGNGTwjbYtyuA7","legacyData"
"82658b6c-39c6-40b1-8a07-855a27bf2b9f","MOAB_011.basePlot.vst","2016-09-26","vst_MOAB_2016","D13","MOAB","MOAB_011",,"NEON.PLA.D13.MOAB.00169","ok","small shrub","Live",,,0.6,,,,1.5,0.8,,"oblate half-sphere",2.9,10,,,,"wcMB+uWhN6DlxgYb80zZ5eNIhcO7pIW7","Ymvu50svVai947RgaYoGNGTwjbYtyuA7","legacyData"
"99195be3-62bc-474e-be64-9b99d405a35f","MOAB_011.basePlot.vst","2016-09-26","vst_MOAB_2016","D13","MOAB","MOAB_011",,"NEON.PLA.D13.MOAB.00162","ok","small shrub","Live",,,0.5,,,,1.1,0.5,,"half-sphere",1.3,10,,,,"wcMB+uWhN6DlxgYb80zZ5eNIhcO7pIW7","Ymvu50svVai947RgaYoGNGTwjbYtyuA7","legacyData"
"dbf5d623-2615-457a-abbb-66792aa614da","MOAB_011.basePlot.vst","2016-09-26","vst_MOAB_2016","D13","MOAB","MOAB_011",,"NEON.PLA.D13.MOAB.00183","ok","small shrub","Live",,,0.8,,,,1.9,1.1,,"half-sphere",2.6,10,,,,"wcMB+uWhN6DlxgYb80zZ5eNIhcO7pIW7","Ymvu50svVai947RgaYoGNGTwjbYtyuA7","legacyData"
"ccfe8a12-83a9-4b1b-bb9a-da6b17122ab3","MOAB_011.basePlot.vst","2016-09-26","vst_MOAB_2016","D13","MOAB","MOAB_011",,"NEON.PLA.D13.MOAB.00141","ok","small shrub","Live",,,0.7,,,,1.1,1.1,,"half-sphere",2.3,10,,,,"wcMB+uWhN6DlxgYb80zZ5eNIhcO7pIW7","Ymvu50svVai947RgaYoGNGTwjbYtyuA7","legacyData"
"4b6a68de-d292-4ccb-aea4-a40bcf05bce9","MOAB_011.basePlot.vst","2016-09-26","vst_MOAB_2016","D13","MOAB","MOAB_011",,"NEON.PLA.D13.MOAB.00139","ok","small shrub","Live",,,0.3,,,,0.7,0.3,,"oblate half-sphere",3.6,10,,,,"wcMB+uWhN6DlxgYb80zZ5eNIhcO7pIW7","Ymvu50svVai947RgaYoGNGTwjbYtyuA7","legacyData"
"a947f5ff-e832-4330-a3c0-5756a9f9df57","MOAB_011.basePlot.vst","2016-09-26","vst_MOAB_2016","D13","MOAB","MOAB_011",,"NEON.PLA.D13.MOAB.00145","ok","small shrub","Live",,,0.5,,,,0.8,0.5,,"half-sphere",1.6,10,,,,"wcMB+uWhN6DlxgYb80zZ5eNIhcO7pIW7","Ymvu50svVai947RgaYoGNGTwjbYtyuA7","legacyData"
"27a5bb07-e65b-47a1-85bf-86c4adb07e05","MOAB_011.basePlot.vst","2016-09-26","vst_MOAB_2016","D13","MOAB","MOAB_011",,"NEON.PLA.D13.MOAB.00141","ok","small shrub","Live",,,0.7,,,,1.1,1.1,,"half-sphere",8.5,10,,,,"wcMB+uWhN6DlxgYb80zZ5eNIhcO7pIW7","Ymvu50svVai947RgaYoGNGTwjbYtyuA7","legacyData"
"ed3d09f0-0f36-4377-9033-27420d9bade7","MOAB_011.basePlot.vst","2016-09-26","vst_MOAB_2016","D13","MOAB","MOAB_011",,"NEON.PLA.D13.MOAB.00171","ok","small shrub","Live",,,0.7,,,,1.0,0.6,,"half-sphere",4.2,10,,,,"wcMB+uWhN6DlxgYb80zZ5eNIhcO7pIW7","Ymvu50svVai947RgaYoGNGTwjbYtyuA7","legacyData"
"027f391c-7cec-493f-a1b4-56c06987c9d6","MOAB_011.basePlot.vst","2016-09-26","vst_MOAB_2016","D13","MOAB","MOAB_011",,"NEON.PLA.D13.MOAB.00183","ok","small shrub","Live",,,0.8,,,,1.9,1.1,,"half-sphere",4.6,10,,,,"wcMB+uWhN6DlxgYb80zZ5eNIhcO7pIW7","Ymvu50svVai947RgaYoGNGTwjbYtyuA7","legacyData"
"bd41f754-b704-4319-a6a6-776f220851d0","MOAB_011.basePlot.vst","2016-09-26","vst_MOAB_2016","D13","MOAB","MOAB_011",,"NEON.PLA.D13.MOAB.00150","ok","small shrub","Live",,,0.4,,,,0.8,0.7,,"oblate half-sphere",1.9,10,,,,"wcMB+uWhN6DlxgYb80zZ5eNIhcO7pIW7","Ymvu50svVai947RgaYoGNGTwjbYtyuA7","legacyData"
"f048e068-a5f1-47d3-b3c8-a49aae18ff2e","MOAB_011.basePlot.vst","2016-09-26","vst_MOAB_2016","D13","MOAB","MOAB_011",,"NEON.PLA.D13.MOAB.00166","ok","small shrub","Standing dead",,,0.5,,,,1.0,0.7,,"oblate half-sphere",2.0,10,,,,"wcMB+uWhN6DlxgYb80zZ5eNIhcO7pIW7","Ymvu50svVai947RgaYoGNGTwjbYtyuA7","legacyData"
"d059fbf0-1617-4ad3-9a8b-7eca56ac9cd2","MOAB_011.basePlot.vst","2016-09-26","vst_MOAB_2016","D13","MOAB","MOAB_011",,"NEON.PLA.D13.MOAB.00159","ok","small shrub","Live",,,0.6,,,,0.9,0.8,,"half-sphere",2.9,10,,,,"wcMB+uWhN6DlxgYb80zZ5eNIhcO7pIW7","Ymvu50svVai947RgaYoGNGTwjbYtyuA7","legacyData"
"0f006cb8-0e39-4872-8607-b1de233fd260","MOAB_011.basePlot.vst","2016-09-26","vst_MOAB_2016","D13","MOAB","MOAB_011",,"NEON.PLA.D13.MOAB.00165","ok","small shrub","Live",,,0.6,,,,1.3,0.6,,"oblate half-sphere",1.4,10,,,,"wcMB+uWhN6DlxgYb80zZ5eNIhcO7pIW7","Ymvu50svVai947RgaYoGNGTwjbYtyuA7","legacyData"
"b05d08fe-c5a9-408a-ae4a-c65d4476af9b","MOAB_011.basePlot.vst","2016-09-26","vst_MOAB_2016","D13","MOAB","MOAB_011",,"NEON.PLA.D13.MOAB.00177","ok","small shrub","Live",,,0.3,,,,0.6,0.3,,"oblate half-sphere",2.0,10,,,,"wcMB+uWhN6DlxgYb80zZ5eNIhcO7pIW7","Ymvu50svVai947RgaYoGNGTwjbYtyuA7","legacyData"
"34c30ed0-f44e-4c4a-8609-0b01d8cfe4d4","MOAB_011.basePlot.vst","2016-09-26","vst_MOAB_2016","D13","MOAB","MOAB_011",,"NEON.PLA.D13.MOAB.00170","ok","small shrub","Live",,,0.6,,,,0.8,0.6,,"half-sphere",1.2,10,,,,"wcMB+uWhN6DlxgYb80zZ5eNIhcO7pIW7","Ymvu50svVai947RgaYoGNGTwjbYtyuA7","legacyData"
"bdc16172-7ce5-46f2-b3d7-17b8d36363cb","MOAB_011.basePlot.vst","2016-09-26","vst_MOAB_2016","D13","MOAB","MOAB_011",,"NEON.PLA.D13.MOAB.00162","ok","small shrub","Live",,,0.5,,,,1.1,0.5,,"half-sphere",1.4,10,,,,"wcMB+uWhN6DlxgYb80zZ5eNIhcO7pIW7","Ymvu50svVai947RgaYoGNGTwjbYtyuA7","legacyData"
"26ba0ebc-8423-4156-a0f8-1095485a35a1","MOAB_011.basePlot.vst","2016-09-26","vst_MOAB_2016","D13","MOAB","MOAB_011",,"NEON.PLA.D13.MOAB.00162","ok","small shrub","Live",,,0.5,,,,1.1,0.5,,"half-sphere",1.8,10,,,,"wcMB+uWhN6DlxgYb80zZ5eNIhcO7pIW7","Ymvu50svVai947RgaYoGNGTwjbYtyuA7","legacyData"
"bf8dd930-441e-41cd-9c6c-622a0c89ec0d","MOAB_011.basePlot.vst","2016-09-26","vst_MOAB_2016","D13","MOAB","MOAB_011",,"NEON.PLA.D13.MOAB.00149","ok","small shrub","Live",,,0.6,,,,1.1,0.6,,"half-sphere",5.0,10,,,,"wcMB+uWhN6DlxgYb80zZ5eNIhcO7pIW7","Ymvu50svVai947RgaYoGNGTwjbYtyuA7","legacyData"
"c2d0f8e1-e238-41d5-b3fe-ed9f259ac279","MOAB_011.basePlot.vst","2016-09-26","vst_MOAB_2016","D13","MOAB","MOAB_011",,"NEON.PLA.D13.MOAB.00183","ok","small shrub","Live",,,0.8,,,,1.9,1.1,,"half-sphere",2.5,10,,,,"wcMB+uWhN6DlxgYb80zZ5eNIhcO7pIW7","Ymvu50svVai947RgaYoGNGTwjbYtyuA7","legacyData"
"ce9214f0-a482-44f5-9d9e-e11e746cb8e4","MOAB_011.basePlot.vst","2016-09-26","vst_MOAB_2016","D13","MOAB","MOAB_011",,"NEON.PLA.D13.MOAB.00160","ok","small shrub","Live",,,0.5,,,,0.5,0.5,,"half-sphere",1.3,10,,,,"wcMB+uWhN6DlxgYb80zZ5eNIhcO7pIW7","Ymvu50svVai947RgaYoGNGTwjbYtyuA7","legacyData"
"1934a34b-a35b-4ee9-9bb1-d9613bdd047e","MOAB_011.basePlot.vst","2016-09-26","vst_MOAB_2016","D13","MOAB","MOAB_011",,"NEON.PLA.D13.MOAB.00184","ok","small shrub","Live",,,0.6,,,,1.0,0.7,,"half-sphere",4.3,10,,,,"wcMB+uWhN6DlxgYb80zZ5eNIhcO7pIW7","Ymvu50svVai947RgaYoGNGTwjbYtyuA7","legacyData"
"f32f8bfa-3877-439e-bebb-b53365b87789","MOAB_011.basePlot.vst","2016-09-26","vst_MOAB_2016","D13","MOAB","MOAB_011",,"NEON.PLA.D13.MOAB.00138","ok","small shrub","Live",,,0.3,,,,0.7,0.4,,"oblate half-sphere",1.5,10,,,,"wcMB+uWhN6DlxgYb80zZ5eNIhcO7pIW7","Ymvu50svVai947RgaYoGNGTwjbYtyuA7","legacyData"
"cdd89542-a30b-430a-a541-781790de2160","MOAB_011.basePlot.vst","2016-09-26","vst_MOAB_2016","D13","MOAB","MOAB_011",,"NEON.PLA.D13.MOAB.00147","ok","small shrub","Live",,,0.9,,,,1.6,1.2,,"half-sphere",2.6,10,,,,"wcMB+uWhN6DlxgYb80zZ5eNIhcO7pIW7","Ymvu50svVai947RgaYoGNGTwjbYtyuA7","legacyData"
"e4f38735-957a-426a-bdd7-0e10de71c457","MOAB_011.basePlot.vst","2016-09-26","vst_MOAB_2016","D13","MOAB","MOAB_011",,"NEON.PLA.D13.MOAB.00135","ok","small shrub","Live",,,0.3,,,,0.6,0.5,,"half-sphere",2.2,10,,,,"wcMB+uWhN6DlxgYb80zZ5eNIhcO7pIW7","Ymvu50svVai947RgaYoGNGTwjbYtyuA7","legacyData"
"7515ae4a-05ac-4760-877d-ee2e3de86fbf","MOAB_011.basePlot.vst","2016-09-26","vst_MOAB_2016","D13","MOAB","MOAB_011",,"NEON.PLA.D13.MOAB.00170","ok","small shrub","Live",,,0.6,,,,0.8,0.6,,"half-sphere",1.1,10,,,,"wcMB+uWhN6DlxgYb80zZ5eNIhcO7pIW7","Ymvu50svVai947RgaYoGNGTwjbYtyuA7","legacyData"
"d0d3bbe7-3461-432b-b398-114babcff2c9","MOAB_011.basePlot.vst","2016-09-26","vst_MOAB_2016","D13","MOAB","MOAB_011",,"NEON.PLA.D13.MOAB.00164","ok","small shrub","Live",,,0.7,,,,2.9,1.0,,"half-sphere",2.4,10,,,,"wcMB+uWhN6DlxgYb80zZ5eNIhcO7pIW7","Ymvu50svVai947RgaYoGNGTwjbYtyuA7","legacyData"
"b07cf33b-3231-4402-bfd0-1bd085263e59","MOAB_011.basePlot.vst","2016-09-26","vst_MOAB_2016","D13","MOAB","MOAB_011",,"NEON.PLA.D13.MOAB.00147","ok","small shrub","Live",,,0.9,,,,1.6,1.2,,"half-sphere",2.3,10,,,,"wcMB+uWhN6DlxgYb80zZ5eNIhcO7pIW7","Ymvu50svVai947RgaYoGNGTwjbYtyuA7","legacyData"
"d7c97cb2-11aa-4535-9e98-dad81e63a93a","MOAB_011.basePlot.vst","2016-09-26","vst_MOAB_2016","D13","MOAB","MOAB_011",,"NEON.PLA.D13.MOAB.00159","ok","small shrub","Live",,,0.6,,,,0.9,0.8,,"half-sphere",1.6,10,,,,"wcMB+uWhN6DlxgYb80zZ5eNIhcO7pIW7","Ymvu50svVai947RgaYoGNGTwjbYtyuA7","legacyData"
"9dba3ac6-a4a0-4720-a504-5f19ff1beb3f","MOAB_011.basePlot.vst","2016-09-26","vst_MOAB_2016","D13","MOAB","MOAB_011",,"NEON.PLA.D13.MOAB.00152","ok","small shrub","Live",,,0.2,,,,0.2,0.2,,"oblate half-sphere",1.3,10,,,,"wcMB+uWhN6DlxgYb80zZ5eNIhcO7pIW7","Ymvu50svVai947RgaYoGNGTwjbYtyuA7","legacyData"
"d44260f8-6898-47b0-a7e0-a830e39a4221","MOAB_011.basePlot.vst","2016-09-26","vst_MOAB_2016","D13","MOAB","MOAB_011",,"NEON.PLA.D13.MOAB.00175","ok","small shrub","Live",,,0.4,,,,0.6,0.6,,"half-sphere",2.2,10,,,,"wcMB+uWhN6DlxgYb80zZ5eNIhcO7pIW7","Ymvu50svVai947RgaYoGNGTwjbYtyuA7","legacyData"
"93d7e905-5975-40e0-9399-e1909bebf4da","MOAB_011.basePlot.vst","2016-09-26","vst_MOAB_2016","D13","MOAB","MOAB_011",,"NEON.PLA.D13.MOAB.00170","ok","small shrub","Live",,,0.6,,,,0.8,0.6,,"half-sphere",1.3,10,,,,"wcMB+uWhN6DlxgYb80zZ5eNIhcO7pIW7","Ymvu50svVai947RgaYoGNGTwjbYtyuA7","legacyData"
"a952b26c-42f7-4b96-93f5-18a597663f75","MOAB_011.basePlot.vst","2016-09-26","vst_MOAB_2016","D13","MOAB","MOAB_011",,"NEON.PLA.D13.MOAB.00175","ok","small shrub","Live",,,0.4,,,,0.6,0.6,,"half-sphere",1.1,10,,,,"wcMB+uWhN6DlxgYb80zZ5eNIhcO7pIW7","Ymvu50svVai947RgaYoGNGTwjbYtyuA7","legacyData"
"c2c73508-ef67-4417-a741-318781c9fdb3","MOAB_011.basePlot.vst","2016-09-26","vst_MOAB_2016","D13","MOAB","MOAB_011",,"NEON.PLA.D13.MOAB.00184","ok","small shrub","Live",,,0.6,,,,1.0,0.7,,"half-sphere",4.2,10,,,,"wcMB+uWhN6DlxgYb80zZ5eNIhcO7pIW7","Ymvu50svVai947RgaYoGNGTwjbYtyuA7","legacyData"
"5ef5d6cc-474d-4385-b281-49e6a6eae8ed","MOAB_011.basePlot.vst","2016-09-26","vst_MOAB_2016","D13","MOAB","MOAB_011",,"NEON.PLA.D13.MOAB.00181","ok","small shrub","Live",,,0.4,,,,0.9,0.7,,"oblate half-sphere",2.6,10,,,,"wcMB+uWhN6DlxgYb80zZ5eNIhcO7pIW7","Ymvu50svVai947RgaYoGNGTwjbYtyuA7","legacyData"
"54581cbd-888b-4b19-bd70-b4a0b8f489c0","MOAB_011.basePlot.vst","2016-09-26","vst_MOAB_2016","D13","MOAB","MOAB_011",,"NEON.PLA.D13.MOAB.00182","ok","small shrub","Live",,,0.4,,,,0.7,0.5,,"half-sphere",3.5,10,,,,"wcMB+uWhN6DlxgYb80zZ5eNIhcO7pIW7","Ymvu50svVai947RgaYoGNGTwjbYtyuA7","legacyData"
"37b091b3-28e4-40e2-8bdb-ab2df5f42209","MOAB_011.basePlot.vst","2016-09-26","vst_MOAB_2016","D13","MOAB","MOAB_011",,"NEON.PLA.D13.MOAB.00175","ok","small shrub","Live",,,0.4,,,,0.6,0.6,,"half-sphere",1.4,10,,,,"wcMB+uWhN6DlxgYb80zZ5eNIhcO7pIW7","Ymvu50svVai947RgaYoGNGTwjbYtyuA7","legacyData"
"5db539be-b94c-4821-8cf8-267327f5a69b","MOAB_011.basePlot.vst","2016-09-26","vst_MOAB_2016","D13","MOAB","MOAB_011",,"NEON.PLA.D13.MOAB.00173","ok","small shrub","Live",,,0.8,,,,1.2,1.0,,"half-sphere",9.8,10,,,,"wcMB+uWhN6DlxgYb80zZ5eNIhcO7pIW7","Ymvu50svVai947RgaYoGNGTwjbYtyuA7","legacyData"
"1d9f7a14-f7b6-43c5-8095-71e01c7759c2","MOAB_011.basePlot.vst","2016-09-26","vst_MOAB_2016","D13","MOAB","MOAB_011",,"NEON.PLA.D13.MOAB.00148","ok","small shrub","Live",,,1.0,,,,1.2,1.0,,"half-sphere",3.4,10,,,,"wcMB+uWhN6DlxgYb80zZ5eNIhcO7pIW7","Ymvu50svVai947RgaYoGNGTwjbYtyuA7","legacyData"
"f5cafc20-cfd8-40d9-8327-30e32f40324e","MOAB_011.basePlot.vst","2016-09-26","vst_MOAB_2016","D13","MOAB","MOAB_011",,"NEON.PLA.D13.MOAB.00138","ok","small shrub","Live",,,0.3,,,,0.7,0.4,,"oblate half-sphere",1.1,10,,,,"wcMB+uWhN6DlxgYb80zZ5eNIhcO7pIW7","Ymvu50svVai947RgaYoGNGTwjbYtyuA7","legacyData"
"db720755-9593-495c-bfe0-e99a85800431","MOAB_011.basePlot.vst","2016-09-26","vst_MOAB_2016","D13","MOAB","MOAB_011",,"NEON.PLA.D13.MOAB.00184","ok","small shrub","Live",,,0.6,,,,1.0,0.7,,"half-sphere",2.7,10,,,,"wcMB+uWhN6DlxgYb80zZ5eNIhcO7pIW7","Ymvu50svVai947RgaYoGNGTwjbYtyuA7","legacyData"
"88ed7169-1183-482b-b442-d9a432ff975b","MOAB_011.basePlot.vst","2016-09-26","vst_MOAB_2016","D13","MOAB","MOAB_011",,"NEON.PLA.D13.MOAB.00149","ok","small shrub","Live",,,0.6,,,,1.1,0.6,,"half-sphere",1.7,10,,,,"wcMB+uWhN6DlxgYb80zZ5eNIhcO7pIW7","Ymvu50svVai947RgaYoGNGTwjbYtyuA7","legacyData"
"d2c14e0a-bd0f-419a-900f-51201a94ab49","MOAB_011.basePlot.vst","2016-09-26","vst_MOAB_2016","D13","MOAB","MOAB_011",,"NEON.PLA.D13.MOAB.00136","ok","small shrub","Live",,,0.4,,,,0.5,0.2,,"half-sphere",2.4,10,,,,"wcMB+uWhN6DlxgYb80zZ5eNIhcO7pIW7","Ymvu50svVai947RgaYoGNGTwjbYtyuA7","legacyData"
"f92fe559-9cc0-4ecc-84a2-82001144b443","MOAB_011.basePlot.vst","2016-09-26","vst_MOAB_2016","D13","MOAB","MOAB_011",,"NEON.PLA.D13.MOAB.00170","ok","small shrub","Live",,,0.6,,,,0.8,0.6,,"half-sphere",1.3,10,,,,"wcMB+uWhN6DlxgYb80zZ5eNIhcO7pIW7","Ymvu50svVai947RgaYoGNGTwjbYtyuA7","legacyData"
"836ae334-0ff2-40c3-90e9-4992d797da8d","MOAB_011.basePlot.vst","2016-09-26","vst_MOAB_2016","D13","MOAB","MOAB_011",,"NEON.PLA.D13.MOAB.00169","ok","small shrub","Live",,,0.6,,,,1.5,0.8,,"oblate half-sphere",2.1,10,,,,"wcMB+uWhN6DlxgYb80zZ5eNIhcO7pIW7","Ymvu50svVai947RgaYoGNGTwjbYtyuA7","legacyData"
"97865f8d-3341-48cb-a977-63a9d260ab5e","MOAB_011.basePlot.vst","2016-09-26","vst_MOAB_2016","D13","MOAB","MOAB_011",,"NEON.PLA.D13.MOAB.00183","ok","small shrub","Live",,,0.8,,,,1.9,1.1,,"half-sphere",1.8,10,,,,"wcMB+uWhN6DlxgYb80zZ5eNIhcO7pIW7","Ymvu50svVai947RgaYoGNGTwjbYtyuA7","legacyData"
"6519eb2e-6a18-4902-a3c1-1736ec0541ab","MOAB_011.basePlot.vst","2016-09-26","vst_MOAB_2016","D13","MOAB","MOAB_011",,"NEON.PLA.D13.MOAB.00166","ok","small shrub","Live",,,0.5,,,,1.0,0.7,,"oblate half-sphere",2.2,10,,,,"wcMB+uWhN6DlxgYb80zZ5eNIhcO7pIW7","Ymvu50svVai947RgaYoGNGTwjbYtyuA7","legacyData"
"282fe964-66e8-41d4-9476-eb0257b76117","MOAB_011.basePlot.vst","2016-09-26","vst_MOAB_2016","D13","MOAB","MOAB_011",,"NEON.PLA.D13.MOAB.00176","ok","small shrub","Live",,,0.4,,,,0.6,0.4,,"oblate half-sphere",2.1,10,,,,"wcMB+uWhN6DlxgYb80zZ5eNIhcO7pIW7","Ymvu50svVai947RgaYoGNGTwjbYtyuA7","legacyData"
"86005c51-ef80-4784-bb8c-f42299858215","MOAB_011.basePlot.vst","2016-09-26","vst_MOAB_2016","D13","MOAB","MOAB_011",,"NEON.PLA.D13.MOAB.00150","ok","small shrub","Live",,,0.4,,,,0.8,0.7,,"oblate half-sphere",1.7,10,,,,"wcMB+uWhN6DlxgYb80zZ5eNIhcO7pIW7","Ymvu50svVai947RgaYoGNGTwjbYtyuA7","legacyData"
"7b12a377-4287-490a-a510-b1313e115223","MOAB_011.basePlot.vst","2016-09-26","vst_MOAB_2016","D13","MOAB","MOAB_011",,"NEON.PLA.D13.MOAB.00171","ok","small shrub","Live",,,0.7,,,,1.0,0.6,,"half-sphere",1.5,10,,,,"wcMB+uWhN6DlxgYb80zZ5eNIhcO7pIW7","Ymvu50svVai947RgaYoGNGTwjbYtyuA7","legacyData"
"82bfbc9d-5c7d-40ce-9a01-c85d218d63ad","MOAB_011.basePlot.vst","2016-09-26","vst_MOAB_2016","D13","MOAB","MOAB_011",,"NEON.PLA.D13.MOAB.00167","ok","small shrub","Live",,,0.6,,,,0.9,0.5,,"half-sphere",4.0,10,,,,"wcMB+uWhN6DlxgYb80zZ5eNIhcO7pIW7","Ymvu50svVai947RgaYoGNGTwjbYtyuA7","legacyData"
"dc2c05c3-370d-41ad-909b-7dd7caa74eee","MOAB_011.basePlot.vst","2016-09-26","vst_MOAB_2016","D13","MOAB","MOAB_011",,"NEON.PLA.D13.MOAB.00138","ok","small shrub","Live",,,0.3,,,,0.7,0.4,,"oblate half-sphere",1.4,10,,,,"wcMB+uWhN6DlxgYb80zZ5eNIhcO7pIW7","Ymvu50svVai947RgaYoGNGTwjbYtyuA7","legacyData"
"1b52a998-fa75-429f-bc8d-75c6a2c00c1a","MOAB_011.basePlot.vst","2016-09-26","vst_MOAB_2016","D13","MOAB","MOAB_011",,"NEON.PLA.D13.MOAB.00141","ok","small shrub","Live",,,0.7,,,,1.1,1.1,,"half-sphere",2.5,10,,,,"wcMB+uWhN6DlxgYb80zZ5eNIhcO7pIW7","Ymvu50svVai947RgaYoGNGTwjbYtyuA7","legacyData"
"fd6300bb-7fd8-44c7-9b38-e44c036bfe8c","MOAB_011.basePlot.vst","2016-09-26","vst_MOAB_2016","D13","MOAB","MOAB_011",,"NEON.PLA.D13.MOAB.00174","ok","small shrub","Live",,,0.3,,,,0.5,0.3,,"oblate half-sphere",1.0,10,,,,"wcMB+uWhN6DlxgYb80zZ5eNIhcO7pIW7","Ymvu50svVai947RgaYoGNGTwjbYtyuA7","legacyData"
"4eded576-0043-4ae8-8fc2-372a8dc79381","MOAB_011.basePlot.vst","2016-09-26","vst_MOAB_2016","D13","MOAB","MOAB_011",,"NEON.PLA.D13.MOAB.00160","ok","small shrub","Live",,,0.5,,,,0.5,0.5,,"half-sphere",2.5,10,,,,"wcMB+uWhN6DlxgYb80zZ5eNIhcO7pIW7","Ymvu50svVai947RgaYoGNGTwjbYtyuA7","legacyData"
"83b2c6f1-38fb-4968-abb8-177921fb598e","MOAB_011.basePlot.vst","2016-09-26","vst_MOAB_2016","D13","MOAB","MOAB_011",,"NEON.PLA.D13.MOAB.00156","ok","small shrub","Live",,,0.5,,,,1.0,0.6,,"oblate half-sphere",3.7,10,,,,"wcMB+uWhN6DlxgYb80zZ5eNIhcO7pIW7","Ymvu50svVai947RgaYoGNGTwjbYtyuA7","legacyData"
"d3ea87d9-fa89-4f88-bf5e-2b2e194045b3","MOAB_011.basePlot.vst","2016-09-26","vst_MOAB_2016","D13","MOAB","MOAB_011",,"NEON.PLA.D13.MOAB.00171","ok","small shrub","Live",,,0.7,,,,1.0,0.6,,"half-sphere",2.6,10,,,,"wcMB+uWhN6DlxgYb80zZ5eNIhcO7pIW7","Ymvu50svVai947RgaYoGNGTwjbYtyuA7","legacyData"
"6c165753-ec02-4f85-8e0b-c164b6271780","MOAB_011.basePlot.vst","2016-09-26","vst_MOAB_2016","D13","MOAB","MOAB_011",,"NEON.PLA.D13.MOAB.00147","ok","small shrub","Live",,,0.9,,,,1.6,1.2,,"half-sphere",2.0,10,,,,"wcMB+uWhN6DlxgYb80zZ5eNIhcO7pIW7","Ymvu50svVai947RgaYoGNGTwjbYtyuA7","legacyData"
"fe0e279f-0cff-4c1e-888f-1c71ad8881ad","MOAB_011.basePlot.vst","2016-09-26","vst_MOAB_2016","D13","MOAB","MOAB_011",,"NEON.PLA.D13.MOAB.00183","ok","small shrub","Live",,,0.8,,,,1.9,1.1,,"half-sphere",2.5,10,,,,"wcMB+uWhN6DlxgYb80zZ5eNIhcO7pIW7","Ymvu50svVai947RgaYoGNGTwjbYtyuA7","legacyData"
"3f44dde9-3f48-4f8f-ac18-6162fda9af21","MOAB_011.basePlot.vst","2016-09-26","vst_MOAB_2016","D13","MOAB","MOAB_011",,"NEON.PLA.D13.MOAB.00135","ok","small shrub","Live",,,0.3,,,,0.6,0.5,,"half-sphere",1.9,10,,,,"wcMB+uWhN6DlxgYb80zZ5eNIhcO7pIW7","Ymvu50svVai947RgaYoGNGTwjbYtyuA7","legacyData"
"e1e81edf-ff23-44b8-9f52-75e7acd0e2e4","MOAB_011.basePlot.vst","2016-09-26","vst_MOAB_2016","D13","MOAB","MOAB_011",,"NEON.PLA.D13.MOAB.00162","ok","small shrub","Live",,,0.5,,,,1.1,0.5,,"half-sphere",2.5,10,,,,"wcMB+uWhN6DlxgYb80zZ5eNIhcO7pIW7","Ymvu50svVai947RgaYoGNGTwjbYtyuA7","legacyData"
"1e07019b-fe10-458b-b2df-2205c9a0b1c9","MOAB_011.basePlot.vst","2016-09-26","vst_MOAB_2016","D13","MOAB","MOAB_011",,"NEON.PLA.D13.MOAB.00181","ok","small shrub","Live",,,0.4,,,,0.9,0.7,,"oblate half-sphere",1.2,10,,,,"wcMB+uWhN6DlxgYb80zZ5eNIhcO7pIW7","Ymvu50svVai947RgaYoGNGTwjbYtyuA7","legacyData"
"c2a7276f-ec85-4c95-bb7e-9b5597d5c090","MOAB_011.basePlot.vst","2016-09-26","vst_MOAB_2016","D13","MOAB","MOAB_011",,"NEON.PLA.D13.MOAB.00166","ok","small shrub","Live",,,0.5,,,,1.0,0.7,,"oblate half-sphere",3.5,10,,,,"wcMB+uWhN6DlxgYb80zZ5eNIhcO7pIW7","Ymvu50svVai947RgaYoGNGTwjbYtyuA7","legacyData"
"7371efc1-2386-46ec-ac9b-1a61e3a5320c","MOAB_011.basePlot.vst","2016-09-26","vst_MOAB_2016","D13","MOAB","MOAB_011",,"NEON.PLA.D13.MOAB.00164","ok","small shrub","Live",,,0.7,,,,2.9,1.0,,"half-sphere",4.6,10,,,,"wcMB+uWhN6DlxgYb80zZ5eNIhcO7pIW7","Ymvu50svVai947RgaYoGNGTwjbYtyuA7","legacyData"
"9af056d1-9fe2-4011-ae9b-14f59f066c5c","MOAB_011.basePlot.vst","2016-09-26","vst_MOAB_2016","D13","MOAB","MOAB_011",,"NEON.PLA.D13.MOAB.00178","ok","small shrub","Live",,,0.3,,,,0.3,0.3,,"half-sphere",1.0,10,,,,"wcMB+uWhN6DlxgYb80zZ5eNIhcO7pIW7","Ymvu50svVai947RgaYoGNGTwjbYtyuA7","legacyData"
"ee97e86a-0465-4586-b1e9-51c9dce1d1a5","MOAB_011.basePlot.vst","2016-09-26","vst_MOAB_2016","D13","MOAB","MOAB_011",,"NEON.PLA.D13.MOAB.00179","ok","small shrub","Standing dead",,,0.3,,,,0.3,0.2,,"half-sphere",2.9,10,,,,"wcMB+uWhN6DlxgYb80zZ5eNIhcO7pIW7","Ymvu50svVai947RgaYoGNGTwjbYtyuA7","legacyData"
"a54ab58f-f4ee-46ca-a0f5-34d49eba3952","MOAB_011.basePlot.vst","2016-09-26","vst_MOAB_2016","D13","MOAB","MOAB_011",,"NEON.PLA.D13.MOAB.00183","ok","small shrub","Live",,,0.8,,,,1.9,1.1,,"half-sphere",3.8,10,,,,"wcMB+uWhN6DlxgYb80zZ5eNIhcO7pIW7","Ymvu50svVai947RgaYoGNGTwjbYtyuA7","legacyData"
"860a3ca3-ec56-457c-b494-e9d46d191354","MOAB_011.basePlot.vst","2016-09-26","vst_MOAB_2016","D13","MOAB","MOAB_011",,"NEON.PLA.D13.MOAB.00152","ok","small shrub","Live",,,0.2,,,,0.2,0.2,,"oblate half-sphere",1.6,10,,,,"wcMB+uWhN6DlxgYb80zZ5eNIhcO7pIW7","Ymvu50svVai947RgaYoGNGTwjbYtyuA7","legacyData"
"aca96b29-d6d9-4a10-a6dc-93445ab69f8c","MOAB_011.basePlot.vst","2016-09-26","vst_MOAB_2016","D13","MOAB","MOAB_011",,"NEON.PLA.D13.MOAB.00136","ok","small shrub","Live",,,0.4,,,,0.5,0.2,,"half-sphere",1.2,10,,,,"wcMB+uWhN6DlxgYb80zZ5eNIhcO7pIW7","Ymvu50svVai947RgaYoGNGTwjbYtyuA7","legacyData"
"f4635e89-fb57-4d3a-8e0e-4b944729d50c","MOAB_011.basePlot.vst","2016-09-26","vst_MOAB_2016","D13","MOAB","MOAB_011",,"NEON.PLA.D13.MOAB.00157","ok","small shrub","Live",,,0.5,,,,1.2,1.1,,"oblate half-sphere",1.5,10,,,,"wcMB+uWhN6DlxgYb80zZ5eNIhcO7pIW7","Ymvu50svVai947RgaYoGNGTwjbYtyuA7","legacyData"
"0a7b861f-5dd6-4c04-b5b9-f7c2fb7fce8b","MOAB_011.basePlot.vst","2016-09-26","vst_MOAB_2016","D13","MOAB","MOAB_011",,"NEON.PLA.D13.MOAB.00174","ok","small shrub","Live",,,0.3,,,,0.5,0.3,,"oblate half-sphere",2.6,10,,,,"wcMB+uWhN6DlxgYb80zZ5eNIhcO7pIW7","Ymvu50svVai947RgaYoGNGTwjbYtyuA7","legacyData"
"6cf7d9dc-3077-43f2-9abf-eea04100accb","MOAB_011.basePlot.vst","2016-09-26","vst_MOAB_2016","D13","MOAB","MOAB_011",,"NEON.PLA.D13.MOAB.00149","ok","small shrub","Live",,,0.6,,,,1.1,0.6,,"half-sphere",1.3,10,,,,"wcMB+uWhN6DlxgYb80zZ5eNIhcO7pIW7","Ymvu50svVai947RgaYoGNGTwjbYtyuA7","legacyData"
"27941f9b-c276-4b84-947d-eb2e0c43bbd3","MOAB_011.basePlot.vst","2016-09-26","vst_MOAB_2016","D13","MOAB","MOAB_011",,"NEON.PLA.D13.MOAB.00147","ok","small shrub","Live",,,0.9,,,,1.6,1.2,,"half-sphere",1.7,10,,,,"wcMB+uWhN6DlxgYb80zZ5eNIhcO7pIW7","Ymvu50svVai947RgaYoGNGTwjbYtyuA7","legacyData"
"1c51f122-03a2-41d1-b764-e6beb68df50e","MOAB_011.basePlot.vst","2016-09-26","vst_MOAB_2016","D13","MOAB","MOAB_011",,"NEON.PLA.D13.MOAB.00183","ok","small shrub","Live",,,0.8,,,,1.9,1.1,,"half-sphere",9.3,10,,,,"wcMB+uWhN6DlxgYb80zZ5eNIhcO7pIW7","Ymvu50svVai947RgaYoGNGTwjbYtyuA7","legacyData"
"7f037c44-dc2e-4c46-991a-5c1e353c0180","MOAB_011.basePlot.vst","2016-09-26","vst_MOAB_2016","D13","MOAB","MOAB_011",,"NEON.PLA.D13.MOAB.00171","ok","small shrub","Live",,,0.7,,,,1.0,0.6,,"half-sphere",1.5,10,,,,"wcMB+uWhN6DlxgYb80zZ5eNIhcO7pIW7","Ymvu50svVai947RgaYoGNGTwjbYtyuA7","legacyData"
"ff5db4c6-29e0-410a-96d3-cda734d74a11","MOAB_011.basePlot.vst","2016-09-26","vst_MOAB_2016","D13","MOAB","MOAB_011",,"NEON.PLA.D13.MOAB.00165","ok","small shrub","Live",,,0.6,,,,1.3,0.6,,"oblate half-sphere",2.0,10,,,,"wcMB+uWhN6DlxgYb80zZ5eNIhcO7pIW7","Ymvu50svVai947RgaYoGNGTwjbYtyuA7","legacyData"
"c4277929-a3d5-4535-ae8e-e6c0d69ef75e","MOAB_011.basePlot.vst","2016-09-26","vst_MOAB_2016","D13","MOAB","MOAB_011",,"NEON.PLA.D13.MOAB.00150","ok","small shrub","Live",,,0.4,,,,0.8,0.7,,"oblate half-sphere",1.7,10,,,,"wcMB+uWhN6DlxgYb80zZ5eNIhcO7pIW7","Ymvu50svVai947RgaYoGNGTwjbYtyuA7","legacyData"
"2be198dc-d02b-4e01-90b9-321ad8d346a6","MOAB_011.basePlot.vst","2016-09-26","vst_MOAB_2016","D13","MOAB","MOAB_011",,"NEON.PLA.D13.MOAB.00143","ok","small shrub","Live",,,0.2,,,,0.3,0.2,,"half-sphere",2.4,10,,,,"wcMB+uWhN6DlxgYb80zZ5eNIhcO7pIW7","Ymvu50svVai947RgaYoGNGTwjbYtyuA7","legacyData"
"0c72307b-bac5-4716-a971-e66bbc7cea16","MOAB_011.basePlot.vst","2016-09-26","vst_MOAB_2016","D13","MOAB","MOAB_011",,"NEON.PLA.D13.MOAB.00148","ok","small shrub","Live",,,1.0,,,,1.2,1.0,,"half-sphere",2.5,10,,,,"wcMB+uWhN6DlxgYb80zZ5eNIhcO7pIW7","Ymvu50svVai947RgaYoGNGTwjbYtyuA7","legacyData"
"c4412b5f-12b9-44c9-9692-6deaed4882e0","MOAB_011.basePlot.vst","2016-09-26","vst_MOAB_2016","D13","MOAB","MOAB_011",,"NEON.PLA.D13.MOAB.00183","ok","small shrub","Live",,,0.8,,,,1.9,1.1,,"half-sphere",3.4,10,,,,"wcMB+uWhN6DlxgYb80zZ5eNIhcO7pIW7","Ymvu50svVai947RgaYoGNGTwjbYtyuA7","legacyData"
"0741313c-8350-4450-8bd8-bc940ee69acf","MOAB_011.basePlot.vst","2016-09-26","vst_MOAB_2016","D13","MOAB","MOAB_011",,"NEON.PLA.D13.MOAB.00155","ok","small shrub","Live",,,0.5,,,,0.8,0.5,,"oblate half-sphere",2.8,10,,,,"wcMB+uWhN6DlxgYb80zZ5eNIhcO7pIW7","Ymvu50svVai947RgaYoGNGTwjbYtyuA7","legacyData"
"714881d6-bc81-4c73-96a1-254d2eb62c05","MOAB_011.basePlot.vst","2016-09-26","vst_MOAB_2016","D13","MOAB","MOAB_011",,"NEON.PLA.D13.MOAB.00169","ok","small shrub","Live",,,0.6,,,,1.5,0.8,,"oblate half-sphere",2.6,10,,,,"wcMB+uWhN6DlxgYb80zZ5eNIhcO7pIW7","Ymvu50svVai947RgaYoGNGTwjbYtyuA7","legacyData"
"9fb3cacb-96aa-4efb-8504-6899c8894779","MOAB_011.basePlot.vst","2016-09-26","vst_MOAB_2016","D13","MOAB","MOAB_011",,"NEON.PLA.D13.MOAB.00147","ok","small shrub","Live",,,0.9,,,,1.6,1.2,,"half-sphere",3.5,10,,,,"wcMB+uWhN6DlxgYb80zZ5eNIhcO7pIW7","Ymvu50svVai947RgaYoGNGTwjbYtyuA7","legacyData"
"3062e9ff-6609-4e5b-92c7-0064e1aeba88","MOAB_011.basePlot.vst","2016-09-26","vst_MOAB_2016","D13","MOAB","MOAB_011",,"NEON.PLA.D13.MOAB.00146","ok","small shrub","Live",,,0.8,,,,1.2,0.8,,"half-sphere",3.1,10,,,,"wcMB+uWhN6DlxgYb80zZ5eNIhcO7pIW7","Ymvu50svVai947RgaYoGNGTwjbYtyuA7","legacyData"
"ba87c8f8-6288-4541-be77-c2773098512a","MOAB_011.basePlot.vst","2016-09-26","vst_MOAB_2016","D13","MOAB","MOAB_011",,"NEON.PLA.D13.MOAB.00161","ok","small shrub","Live",,,0.3,,,,0.5,0.5,,"oblate half-sphere",1.3,10,,,,"wcMB+uWhN6DlxgYb80zZ5eNIhcO7pIW7","Ymvu50svVai947RgaYoGNGTwjbYtyuA7","legacyData"
"18d64d9a-b182-4d5d-810a-217813884ee3","MOAB_011.basePlot.vst","2016-09-26","vst_MOAB_2016","D13","MOAB","MOAB_011",,"NEON.PLA.D13.MOAB.00169","ok","small shrub","Live",,,0.6,,,,1.5,0.8,,"oblate half-sphere",1.4,10,,,,"wcMB+uWhN6DlxgYb80zZ5eNIhcO7pIW7","Ymvu50svVai947RgaYoGNGTwjbYtyuA7","legacyData"
"4f3f74c3-3fce-408b-93a9-d45aa8ca118f","MOAB_011.basePlot.vst","2016-09-26","vst_MOAB_2016","D13","MOAB","MOAB_011",,"NEON.PLA.D13.MOAB.00166","ok","small shrub","Live",,,0.5,,,,1.0,0.7,,"oblate half-sphere",3.4,10,,,,"wcMB+uWhN6DlxgYb80zZ5eNIhcO7pIW7","Ymvu50svVai947RgaYoGNGTwjbYtyuA7","legacyData"
"04575c01-713b-462e-bb23-c9fefbdcc1dc","MOAB_011.basePlot.vst","2016-09-26","vst_MOAB_2016","D13","MOAB","MOAB_011",,"NEON.PLA.D13.MOAB.00172","ok","small shrub","Live",,,1.0,,,,1.3,0.7,,"half-sphere",2.2,10,,,,"wcMB+uWhN6DlxgYb80zZ5eNIhcO7pIW7","Ymvu50svVai947RgaYoGNGTwjbYtyuA7","legacyData"
"9f1e0e09-ac63-4e78-b052-f75122da5604","MOAB_011.basePlot.vst","2016-09-26","vst_MOAB_2016","D13","MOAB","MOAB_011",,"NEON.PLA.D13.MOAB.00149","ok","small shrub","Live",,,0.6,,,,1.1,0.6,,"half-sphere",2.7,10,,,,"wcMB+uWhN6DlxgYb80zZ5eNIhcO7pIW7","Ymvu50svVai947RgaYoGNGTwjbYtyuA7","legacyData"
"41951376-cee1-47e7-9f54-d2c60b3d9691","MOAB_011.basePlot.vst","2016-09-26","vst_MOAB_2016","D13","MOAB","MOAB_011",,"NEON.PLA.D13.MOAB.00169","ok","small shrub","Live",,,0.6,,,,1.5,0.8,,"oblate half-sphere",1.9,10,,,,"wcMB+uWhN6DlxgYb80zZ5eNIhcO7pIW7","Ymvu50svVai947RgaYoGNGTwjbYtyuA7","legacyData"
"4c715aeb-e3f6-4e90-94e6-26713eef9db3","MOAB_011.basePlot.vst","2016-09-26","vst_MOAB_2016","D13","MOAB","MOAB_011",,"NEON.PLA.D13.MOAB.00150","ok","small shrub","Live",,,0.4,,,,0.8,0.7,,"oblate half-sphere",1.9,10,,,,"wcMB+uWhN6DlxgYb80zZ5eNIhcO7pIW7","Ymvu50svVai947RgaYoGNGTwjbYtyuA7","legacyData"
"1ffdb64e-28a1-45ad-b916-1b40d1698f3e","MOAB_011.basePlot.vst","2016-09-26","vst_MOAB_2016","D13","MOAB","MOAB_011",,"NEON.PLA.D13.MOAB.00146","ok","small shrub","Live",,,0.8,,,,1.2,0.8,,"half-sphere",2.9,10,,,,"wcMB+uWhN6DlxgYb80zZ5eNIhcO7pIW7","Ymvu50svVai947RgaYoGNGTwjbYtyuA7","legacyData"
"164664a7-ec27-4753-99f4-73fc060712d6","MOAB_011.basePlot.vst","2016-09-26","vst_MOAB_2016","D13","MOAB","MOAB_011",,"NEON.PLA.D13.MOAB.00159","ok","small shrub","Live",,,0.6,,,,0.9,0.8,,"half-sphere",3.8,10,,,,"wcMB+uWhN6DlxgYb80zZ5eNIhcO7pIW7","Ymvu50svVai947RgaYoGNGTwjbYtyuA7","legacyData"
"d2cae149-e8ad-4cd5-a1f5-ef72587fe4a8","MOAB_011.basePlot.vst","2016-09-26","vst_MOAB_2016","D13","MOAB","MOAB_011",,"NEON.PLA.D13.MOAB.00149","ok","small shrub","Live",,,0.6,,,,1.1,0.6,,"half-sphere",3.8,10,,,,"wcMB+uWhN6DlxgYb80zZ5eNIhcO7pIW7","Ymvu50svVai947RgaYoGNGTwjbYtyuA7","legacyData"
"5ebe6e61-c00e-4be6-ba3c-dc52cc63e1a8","MOAB_011.basePlot.vst","2016-09-26","vst_MOAB_2016","D13","MOAB","MOAB_011",,"NEON.PLA.D13.MOAB.00161","ok","small shrub","Live",,,0.3,,,,0.5,0.5,,"oblate half-sphere",1.6,10,,,,"wcMB+uWhN6DlxgYb80zZ5eNIhcO7pIW7","Ymvu50svVai947RgaYoGNGTwjbYtyuA7","legacyData"
"5f9f9bf7-cafb-47c6-a1d3-4509732bdb74","MOAB_011.basePlot.vst","2016-09-26","vst_MOAB_2016","D13","MOAB","MOAB_011",,"NEON.PLA.D13.MOAB.00176","ok","small shrub","Live",,,0.4,,,,0.6,0.4,,"oblate half-sphere",1.5,10,,,,"wcMB+uWhN6DlxgYb80zZ5eNIhcO7pIW7","Ymvu50svVai947RgaYoGNGTwjbYtyuA7","legacyData"
"448f57f7-c935-4b68-b45e-a7525b801c6f","MOAB_011.basePlot.vst","2016-09-26","vst_MOAB_2016","D13","MOAB","MOAB_011",,"NEON.PLA.D13.MOAB.00176","ok","small shrub","Live",,,0.4,,,,0.6,0.4,,"oblate half-sphere",2.4,10,,,,"wcMB+uWhN6DlxgYb80zZ5eNIhcO7pIW7","Ymvu50svVai947RgaYoGNGTwjbYtyuA7","legacyData"
"56895917-8ff9-4ccc-a61b-a3ca3f3a9c81","MOAB_011.basePlot.vst","2016-09-26","vst_MOAB_2016","D13","MOAB","MOAB_011",,"NEON.PLA.D13.MOAB.00145","ok","small shrub","Live",,,0.5,,,,0.8,0.5,,"half-sphere",1.3,10,,,,"wcMB+uWhN6DlxgYb80zZ5eNIhcO7pIW7","Ymvu50svVai947RgaYoGNGTwjbYtyuA7","legacyData"
"b6c9d3b0-2357-4831-9a49-7ccb04761e45","MOAB_011.basePlot.vst","2016-09-26","vst_MOAB_2016","D13","MOAB","MOAB_011",,"NEON.PLA.D13.MOAB.00156","ok","small shrub","Live",,,0.5,,,,1.0,0.6,,"oblate half-sphere",6.1,10,,,,"wcMB+uWhN6DlxgYb80zZ5eNIhcO7pIW7","Ymvu50svVai947RgaYoGNGTwjbYtyuA7","legacyData"
"ad02091e-78cc-44bc-80ac-0414862b5a3c","MOAB_011.basePlot.vst","2016-09-26","vst_MOAB_2016","D13","MOAB","MOAB_011",,"NEON.PLA.D13.MOAB.00147","ok","small shrub","Live",,,0.9,,,,1.6,1.2,,"half-sphere",2.1,10,,,,"wcMB+uWhN6DlxgYb80zZ5eNIhcO7pIW7","Ymvu50svVai947RgaYoGNGTwjbYtyuA7","legacyData"
"fddfaad2-b1b4-419c-bd7e-7c114a509e9b","MOAB_011.basePlot.vst","2016-09-26","vst_MOAB_2016","D13","MOAB","MOAB_011",,"NEON.PLA.D13.MOAB.00174","ok","small shrub","Live",0.3,,0.3,,,,0.5,0.3,,"oblate half-sphere",2.0,10,,,,"wcMB+uWhN6DlxgYb80zZ5eNIhcO7pIW7","Ymvu50svVai947RgaYoGNGTwjbYtyuA7","legacyData"
"4d44ac19-c838-49a9-b63f-15ea33fdd76e","MOAB_011.basePlot.vst","2016-09-26","vst_MOAB_2016","D13","MOAB","MOAB_011",,"NEON.PLA.D13.MOAB.00164","ok","small shrub","Live",,,0.7,,,,2.9,1.0,,"half-sphere",15.4,10,,,,"wcMB+uWhN6DlxgYb80zZ5eNIhcO7pIW7","Ymvu50svVai947RgaYoGNGTwjbYtyuA7","legacyData"
"7c1a1866-c156-4f3f-a938-29186b52eeff","MOAB_011.basePlot.vst","2016-09-26","vst_MOAB_2016","D13","MOAB","MOAB_011",,"NEON.PLA.D13.MOAB.00145","ok","small shrub","Live",,,0.5,,,,0.8,0.5,,"half-sphere",2.3,10,,,,"wcMB+uWhN6DlxgYb80zZ5eNIhcO7pIW7","Ymvu50svVai947RgaYoGNGTwjbYtyuA7","legacyData"
"42f74b54-8770-43be-a318-30376a33cc70","MOAB_011.basePlot.vst","2016-09-26","vst_MOAB_2016","D13","MOAB","MOAB_011",,"NEON.PLA.D13.MOAB.00172","ok","small shrub","Live",,,1.0,,,,1.3,0.7,,"half-sphere",5.0,10,,,,"wcMB+uWhN6DlxgYb80zZ5eNIhcO7pIW7","Ymvu50svVai947RgaYoGNGTwjbYtyuA7","legacyData"
"11c2b00e-c265-4ffe-a764-9be7ff1e7bf2","MOAB_011.basePlot.vst","2016-09-26","vst_MOAB_2016","D13","MOAB","MOAB_011",,"NEON.PLA.D13.MOAB.00166","ok","small shrub","Live",,,0.5,,,,1.0,0.7,,"oblate half-sphere",2.3,10,,,,"wcMB+uWhN6DlxgYb80zZ5eNIhcO7pIW7","Ymvu50svVai947RgaYoGNGTwjbYtyuA7","legacyData"
"0d0de800-812c-425d-990f-e928ef612257","MOAB_011.basePlot.vst","2016-09-26","vst_MOAB_2016","D13","MOAB","MOAB_011",,"NEON.PLA.D13.MOAB.00153","ok","small shrub","Live",,,0.5,,,,1.2,1.0,,"oblate half-sphere",1.8,10,,,,"wcMB+uWhN6DlxgYb80zZ5eNIhcO7pIW7","Ymvu50svVai947RgaYoGNGTwjbYtyuA7","legacyData"
"ad209b74-6fe9-4532-8ae6-667210b11205","MOAB_011.basePlot.vst","2016-09-26","vst_MOAB_2016","D13","MOAB","MOAB_011",,"NEON.PLA.D13.MOAB.00157","ok","small shrub","Live",,,0.5,,,,1.2,1.1,,"oblate half-sphere",1.3,10,,,,"wcMB+uWhN6DlxgYb80zZ5eNIhcO7pIW7","Ymvu50svVai947RgaYoGNGTwjbYtyuA7","legacyData"
"b48514ad-32d5-4fe5-8e8e-b6f9deb5ffc4","MOAB_011.basePlot.vst","2016-09-26","vst_MOAB_2016","D13","MOAB","MOAB_011",,"NEON.PLA.D13.MOAB.00140","ok","small shrub","Live",,,0.3,,,,0.5,0.3,,"oblate half-sphere",1.7,10,,,,"wcMB+uWhN6DlxgYb80zZ5eNIhcO7pIW7","Ymvu50svVai947RgaYoGNGTwjbYtyuA7","legacyData"
"4a46d1d2-3e38-4c2f-a912-44f7711f4758","MOAB_011.basePlot.vst","2016-09-26","vst_MOAB_2016","D13","MOAB","MOAB_011",,"NEON.PLA.D13.MOAB.00166","ok","small shrub","Live",,,0.5,,,,1.0,0.7,,"oblate half-sphere",1.7,10,,,,"wcMB+uWhN6DlxgYb80zZ5eNIhcO7pIW7","Ymvu50svVai947RgaYoGNGTwjbYtyuA7","legacyData"
"323db455-cea0-40b6-b590-46a0ab7f1838","MOAB_011.basePlot.vst","2016-09-26","vst_MOAB_2016","D13","MOAB","MOAB_011",,"NEON.PLA.D13.MOAB.00169","ok","small shrub","Live",,,0.6,,,,1.5,0.8,,"oblate half-sphere",2.5,10,,,,"wcMB+uWhN6DlxgYb80zZ5eNIhcO7pIW7","Ymvu50svVai947RgaYoGNGTwjbYtyuA7","legacyData"
"8189eaee-f03d-4250-8f65-7d3dca3ef585","MOAB_011.basePlot.vst","2016-09-26","vst_MOAB_2016","D13","MOAB","MOAB_011",,"NEON.PLA.D13.MOAB.00146","ok","small shrub","Live",,,0.8,,,,1.2,0.8,,"half-sphere",6.6,10,,,,"wcMB+uWhN6DlxgYb80zZ5eNIhcO7pIW7","Ymvu50svVai947RgaYoGNGTwjbYtyuA7","legacyData"
"baa43399-48cd-4434-a97e-2fdb6e668b5a","MOAB_011.basePlot.vst","2016-09-26","vst_MOAB_2016","D13","MOAB","MOAB_011",,"NEON.PLA.D13.MOAB.00158","ok","small shrub","Live",,,0.3,,,,0.4,0.3,,"half-sphere",1.2,10,,,,"wcMB+uWhN6DlxgYb80zZ5eNIhcO7pIW7","Ymvu50svVai947RgaYoGNGTwjbYtyuA7","legacyData"
"6efbf870-f9c1-4d87-ad04-5a7b0799238e","MOAB_011.basePlot.vst","2016-09-26","vst_MOAB_2016","D13","MOAB","MOAB_011",,"NEON.PLA.D13.MOAB.00169","ok","small shrub","Live",,,0.6,,,,1.5,0.8,,"oblate half-sphere",1.9,10,,,,"wcMB+uWhN6DlxgYb80zZ5eNIhcO7pIW7","Ymvu50svVai947RgaYoGNGTwjbYtyuA7","legacyData"
"519ca5a2-82a1-4307-b12c-4b96fdb42c27","MOAB_011.basePlot.vst","2016-09-26","vst_MOAB_2016","D13","MOAB","MOAB_011",,"NEON.PLA.D13.MOAB.00166","ok","small shrub","Live",,,0.5,,,,1.0,0.7,,"oblate half-sphere",1.5,10,,,,"wcMB+uWhN6DlxgYb80zZ5eNIhcO7pIW7","Ymvu50svVai947RgaYoGNGTwjbYtyuA7","legacyData"
"077c06fe-4b92-4001-ab84-94bb138ff75d","MOAB_011.basePlot.vst","2016-09-26","vst_MOAB_2016","D13","MOAB","MOAB_011",,"NEON.PLA.D13.MOAB.00166","ok","small shrub","Live",,,0.5,,,,1.0,0.7,,"oblate half-sphere",2.5,10,,,,"wcMB+uWhN6DlxgYb80zZ5eNIhcO7pIW7","Ymvu50svVai947RgaYoGNGTwjbYtyuA7","legacyData"
"e7647f77-8f50-4f1d-9031-5ae751d58af6","MOAB_011.basePlot.vst","2016-09-26","vst_MOAB_2016","D13","MOAB","MOAB_011",,"NEON.PLA.D13.MOAB.00159","ok","small shrub","Live",,,0.6,,,,0.9,0.8,,"half-sphere",3.7,10,,,,"wcMB+uWhN6DlxgYb80zZ5eNIhcO7pIW7","Ymvu50svVai947RgaYoGNGTwjbYtyuA7","legacyData"
"08adae96-5f65-4526-b0cb-5eaf4d98c8cc","MOAB_011.basePlot.vst","2016-09-26","vst_MOAB_2016","D13","MOAB","MOAB_011",,"NEON.PLA.D13.MOAB.00173","ok","small shrub","Live",,,0.8,,,,1.2,1.0,,"half-sphere",2.2,10,,,,"wcMB+uWhN6DlxgYb80zZ5eNIhcO7pIW7","Ymvu50svVai947RgaYoGNGTwjbYtyuA7","legacyData"
"daf40d4f-b8e6-42ab-8b6b-5f12002e7297","MOAB_011.basePlot.vst","2016-09-26","vst_MOAB_2016","D13","MOAB","MOAB_011",,"NEON.PLA.D13.MOAB.00172","ok","small shrub","Live",,,1.0,,,,1.3,0.7,,"half-sphere",3.0,10,,,,"wcMB+uWhN6DlxgYb80zZ5eNIhcO7pIW7","Ymvu50svVai947RgaYoGNGTwjbYtyuA7","legacyData"
"fd4a5efb-fa8c-4e7b-8f50-74b68bc36e4a","MOAB_011.basePlot.vst","2016-09-26","vst_MOAB_2016","D13","MOAB","MOAB_011",,"NEON.PLA.D13.MOAB.00182","ok","small shrub","Live",,,0.4,,,,0.7,0.5,,"half-sphere",1.9,10,,,,"wcMB+uWhN6DlxgYb80zZ5eNIhcO7pIW7","Ymvu50svVai947RgaYoGNGTwjbYtyuA7","legacyData"
"a656894a-8f6b-42c5-b7e7-24befc2b6b4a","MOAB_011.basePlot.vst","2016-09-26","vst_MOAB_2016","D13","MOAB","MOAB_011",,"NEON.PLA.D13.MOAB.00181","ok","small shrub","Live",,,0.4,,,,0.9,0.7,,"oblate half-sphere",2.9,10,,,,"wcMB+uWhN6DlxgYb80zZ5eNIhcO7pIW7","Ymvu50svVai947RgaYoGNGTwjbYtyuA7","legacyData"
"8155ff34-8964-4c33-b7e2-988b09ce59c2","MOAB_011.basePlot.vst","2016-09-26","vst_MOAB_2016","D13","MOAB","MOAB_011",,"NEON.PLA.D13.MOAB.00182","ok","small shrub","Live",,,0.4,,,,0.7,0.5,,"half-sphere",2.5,10,,,,"wcMB+uWhN6DlxgYb80zZ5eNIhcO7pIW7","Ymvu50svVai947RgaYoGNGTwjbYtyuA7","legacyData"
"8dd19719-b3e7-4732-977f-016ec8253a90","MOAB_011.basePlot.vst","2016-09-26","vst_MOAB_2016","D13","MOAB","MOAB_011",,"NEON.PLA.D13.MOAB.00169","ok","small shrub","Live",,,0.6,,,,1.5,0.8,,"oblate half-sphere",2.2,10,,,,"wcMB+uWhN6DlxgYb80zZ5eNIhcO7pIW7","Ymvu50svVai947RgaYoGNGTwjbYtyuA7","legacyData"
"9ae6d254-7b40-47ea-a0fc-b95c5660a6dc","MOAB_011.basePlot.vst","2016-09-26","vst_MOAB_2016","D13","MOAB","MOAB_011",,"NEON.PLA.D13.MOAB.00153","ok","small shrub","Live",,,0.5,,,,1.2,1.0,,"oblate half-sphere",8.2,10,,,,"wcMB+uWhN6DlxgYb80zZ5eNIhcO7pIW7","Ymvu50svVai947RgaYoGNGTwjbYtyuA7","legacyData"
"ef5ca296-9ea1-49c9-a00a-24b3407bfde6","MOAB_011.basePlot.vst","2016-09-26","vst_MOAB_2016","D13","MOAB","MOAB_011",,"NEON.PLA.D13.MOAB.00155","ok","small shrub","Live",,,0.5,,,,0.8,0.5,,"oblate half-sphere",2.5,10,,,,"wcMB+uWhN6DlxgYb80zZ5eNIhcO7pIW7","Ymvu50svVai947RgaYoGNGTwjbYtyuA7","legacyData"
"c69ec2fd-77af-4532-aa47-d5d065ab3831","MOAB_011.basePlot.vst","2016-09-26","vst_MOAB_2016","D13","MOAB","MOAB_011",,"NEON.PLA.D13.MOAB.00183","ok","small shrub","Live",,,0.8,,,,1.9,1.1,,"half-sphere",2.8,10,,,,"wcMB+uWhN6DlxgYb80zZ5eNIhcO7pIW7","Ymvu50svVai947RgaYoGNGTwjbYtyuA7","legacyData"
"131ec3fd-5c1e-4ed2-9374-71dd487b4679","MOAB_011.basePlot.vst","2016-09-26","vst_MOAB_2016","D13","MOAB","MOAB_011",,"NEON.PLA.D13.MOAB.00147","ok","small shrub","Live",,,0.9,,,,1.6,1.2,,"half-sphere",2.4,10,,,,"wcMB+uWhN6DlxgYb80zZ5eNIhcO7pIW7","Ymvu50svVai947RgaYoGNGTwjbYtyuA7","legacyData"
"c29bb01a-48e9-4c60-a863-8e5a8f6935a4","MOAB_011.basePlot.vst","2016-09-26","vst_MOAB_2016","D13","MOAB","MOAB_011",,"NEON.PLA.D13.MOAB.00157","ok","small shrub","Live",,,0.5,,,,1.2,1.1,,"oblate half-sphere",4.3,10,,,,"wcMB+uWhN6DlxgYb80zZ5eNIhcO7pIW7","Ymvu50svVai947RgaYoGNGTwjbYtyuA7","legacyData"
"a67895f1-d281-4c50-bb2e-3a000cc975fa","MOAB_011.basePlot.vst","2016-09-26","vst_MOAB_2016","D13","MOAB","MOAB_011",,"NEON.PLA.D13.MOAB.00153","ok","small shrub","Live",,,0.5,,,,1.2,1.0,,"oblate half-sphere",1.7,10,,,,"wcMB+uWhN6DlxgYb80zZ5eNIhcO7pIW7","Ymvu50svVai947RgaYoGNGTwjbYtyuA7","legacyData"
"39abf0c8-d40f-4ebc-b05b-ad136d4d4737","MOAB_011.basePlot.vst","2016-09-26","vst_MOAB_2016","D13","MOAB","MOAB_011",,"NEON.PLA.D13.MOAB.00163","ok","small shrub","Live",,,0.2,,,,0.4,0.1,,"oblate half-sphere",3.0,10,,,,"wcMB+uWhN6DlxgYb80zZ5eNIhcO7pIW7","Ymvu50svVai947RgaYoGNGTwjbYtyuA7","legacyData"
"39f231a8-b346-417f-8940-22ca3b332d08","MOAB_011.basePlot.vst","2016-09-26","vst_MOAB_2016","D13","MOAB","MOAB_011",,"NEON.PLA.D13.MOAB.00177","ok","small shrub","Live",,,0.3,,,,0.6,0.3,,"oblate half-sphere",2.1,10,,,,"wcMB+uWhN6DlxgYb80zZ5eNIhcO7pIW7","Ymvu50svVai947RgaYoGNGTwjbYtyuA7","legacyData"
"02597aee-10a9-4fa1-acf3-c39cd05eef99","MOAB_011.basePlot.vst","2016-09-26","vst_MOAB_2016","D13","MOAB","MOAB_011",,"NEON.PLA.D13.MOAB.00143","ok","small shrub","Live",,,0.2,,,,0.3,0.2,,"half-sphere",1.6,10,,,,"wcMB+uWhN6DlxgYb80zZ5eNIhcO7pIW7","Ymvu50svVai947RgaYoGNGTwjbYtyuA7","legacyData"
"8bd0d031-aa9d-4bcd-860e-b55a8f660841","MOAB_011.basePlot.vst","2016-09-26","vst_MOAB_2016","D13","MOAB","MOAB_011",,"NEON.PLA.D13.MOAB.00147","ok","small shrub","Live",,,0.9,,,,1.6,1.2,,"half-sphere",2.8,10,,,,"wcMB+uWhN6DlxgYb80zZ5eNIhcO7pIW7","Ymvu50svVai947RgaYoGNGTwjbYtyuA7","legacyData"
"c822ecf8-bb58-4787-97d6-8d4308e83335","MOAB_011.basePlot.vst","2016-09-26","vst_MOAB_2016","D13","MOAB","MOAB_011",,"NEON.PLA.D13.MOAB.00183","ok","small shrub","Live",,,0.8,,,,1.9,1.1,,"half-sphere",4.0,10,,,,"wcMB+uWhN6DlxgYb80zZ5eNIhcO7pIW7","Ymvu50svVai947RgaYoGNGTwjbYtyuA7","legacyData"
"d6bfefb7-6abf-455d-8a78-0b2a3a836369","MOAB_011.basePlot.vst","2016-09-26","vst_MOAB_2016","D13","MOAB","MOAB_011",,"NEON.PLA.D13.MOAB.00170","ok","small shrub","Live",,,0.6,,,,0.8,0.6,,"half-sphere",3.0,10,,,,"wcMB+uWhN6DlxgYb80zZ5eNIhcO7pIW7","Ymvu50svVai947RgaYoGNGTwjbYtyuA7","legacyData"
"d24122bd-1694-4f0a-9b14-6390b0e5763b","MOAB_011.basePlot.vst","2016-09-26","vst_MOAB_2016","D13","MOAB","MOAB_011",,"NEON.PLA.D13.MOAB.00147","ok","small shrub","Live",,,0.9,,,,1.6,1.2,,"half-sphere",2.3,10,,,,"wcMB+uWhN6DlxgYb80zZ5eNIhcO7pIW7","Ymvu50svVai947RgaYoGNGTwjbYtyuA7","legacyData"
"48d98d82-957e-46f0-95e5-1fa4d601d8dd","MOAB_011.basePlot.vst","2016-09-26","vst_MOAB_2016","D13","MOAB","MOAB_011",,"NEON.PLA.D13.MOAB.00149","ok","small shrub","Live",,,0.6,,,,1.1,0.6,,"half-sphere",1.1,10,,,,"wcMB+uWhN6DlxgYb80zZ5eNIhcO7pIW7","Ymvu50svVai947RgaYoGNGTwjbYtyuA7","legacyData"
"bc4426c9-26e4-40cc-83b1-56fef6b3a373","MOAB_011.basePlot.vst","2016-09-26","vst_MOAB_2016","D13","MOAB","MOAB_011",,"NEON.PLA.D13.MOAB.00145","ok","small shrub","Live",,,0.5,,,,0.8,0.5,,"half-sphere",1.9,10,,,,"wcMB+uWhN6DlxgYb80zZ5eNIhcO7pIW7","Ymvu50svVai947RgaYoGNGTwjbYtyuA7","legacyData"
"a1f31cee-c125-4948-90a4-3132a55847d6","MOAB_011.basePlot.vst","2016-09-26","vst_MOAB_2016","D13","MOAB","MOAB_011",,"NEON.PLA.D13.MOAB.00151","ok","small shrub","Live",,,0.5,,,,0.1,0.1,,"oblate half-sphere",4.4,10,,,,"wcMB+uWhN6DlxgYb80zZ5eNIhcO7pIW7","Ymvu50svVai947RgaYoGNGTwjbYtyuA7","legacyData"
"fe9da51e-2b25-4e60-b87e-fda417e2eca5","MOAB_011.basePlot.vst","2016-09-26","vst_MOAB_2016","D13","MOAB","MOAB_011",,"NEON.PLA.D13.MOAB.00140","ok","small shrub","Live",,,0.3,,,,0.5,0.3,,"oblate half-sphere",3.3,10,,,,"wcMB+uWhN6DlxgYb80zZ5eNIhcO7pIW7","Ymvu50svVai947RgaYoGNGTwjbYtyuA7","legacyData"
"9260c63e-85e7-492b-8017-d2cc4a0625c8","MOAB_011.basePlot.vst","2016-09-26","vst_MOAB_2016","D13","MOAB","MOAB_011",,"NEON.PLA.D13.MOAB.00146","ok","small shrub","Live",,,0.8,,,,1.2,0.8,,"half-sphere",5.2,10,,,,"wcMB+uWhN6DlxgYb80zZ5eNIhcO7pIW7","Ymvu50svVai947RgaYoGNGTwjbYtyuA7","legacyData"
"57d9f4ba-f1a5-4014-8fcb-a521b051ea37","MOAB_011.basePlot.vst","2016-09-26","vst_MOAB_2016","D13","MOAB","MOAB_011",,"NEON.PLA.D13.MOAB.00157","ok","small shrub","Live",,,0.5,,,,1.2,1.1,,"oblate half-sphere",5.2,10,,,,"wcMB+uWhN6DlxgYb80zZ5eNIhcO7pIW7","Ymvu50svVai947RgaYoGNGTwjbYtyuA7","legacyData"
"69b64642-cb89-4ef8-92b1-919ffd16024a","MOAB_011.basePlot.vst","2016-09-26","vst_MOAB_2016","D13","MOAB","MOAB_011",,"NEON.PLA.D13.MOAB.00171","ok","small shrub","Live",,,0.7,,,,1.0,0.6,,"half-sphere",1.8,10,,,,"wcMB+uWhN6DlxgYb80zZ5eNIhcO7pIW7","Ymvu50svVai947RgaYoGNGTwjbYtyuA7","legacyData"
"96e43928-e09a-4cbc-8c1d-89b18fa47f8f","MOAB_011.basePlot.vst","2016-09-26","vst_MOAB_2016","D13","MOAB","MOAB_011",,"NEON.PLA.D13.MOAB.00142","ok","small shrub","Live",,,0.2,,,,0.2,0.2,,"half-sphere",2.0,10,,,,"wcMB+uWhN6DlxgYb80zZ5eNIhcO7pIW7","Ymvu50svVai947RgaYoGNGTwjbYtyuA7","legacyData"
"37d4f44b-9550-4ee2-af09-dec352dda7f7","MOAB_011.basePlot.vst","2016-09-26","vst_MOAB_2016","D13","MOAB","MOAB_011",,"NEON.PLA.D13.MOAB.00140","ok","small shrub","Live",,,0.3,,,,0.5,0.3,,"oblate half-sphere",1.9,10,,,,"wcMB+uWhN6DlxgYb80zZ5eNIhcO7pIW7","Ymvu50svVai947RgaYoGNGTwjbYtyuA7","legacyData"
"c55017d2-0f40-4489-95de-8ec4198666a0","MOAB_011.basePlot.vst","2016-09-26","vst_MOAB_2016","D13","MOAB","MOAB_011",,"NEON.PLA.D13.MOAB.00135","ok","small shrub","Live",,,0.3,,,,0.6,0.5,,"half-sphere",1.6,10,,,,"wcMB+uWhN6DlxgYb80zZ5eNIhcO7pIW7","Ymvu50svVai947RgaYoGNGTwjbYtyuA7","legacyData"
"2a553104-117b-4e56-8add-9efbe13d3ebc","MOAB_011.basePlot.vst","2016-09-26","vst_MOAB_2016","D13","MOAB","MOAB_011",,"NEON.PLA.D13.MOAB.00154","ok","small shrub","Live",,,0.3,,,,0.8,0.6,,"oblate half-sphere",1.8,10,,,,"wcMB+uWhN6DlxgYb80zZ5eNIhcO7pIW7","Ymvu50svVai947RgaYoGNGTwjbYtyuA7","legacyData"
"c07302a2-2dad-46fb-bae1-07462c5d267c","MOAB_011.basePlot.vst","2016-09-26","vst_MOAB_2016","D13","MOAB","MOAB_011",,"NEON.PLA.D13.MOAB.00149","ok","small shrub","Live",,,0.6,,,,1.1,0.6,,"half-sphere",5.3,10,,,,"wcMB+uWhN6DlxgYb80zZ5eNIhcO7pIW7","Ymvu50svVai947RgaYoGNGTwjbYtyuA7","legacyData"
"eb11e7e7-31c1-49a0-8b2a-18a68a8ce698","MOAB_011.basePlot.vst","2016-09-26","vst_MOAB_2016","D13","MOAB","MOAB_011",,"NEON.PLA.D13.MOAB.00145","ok","small shrub","Live",,,0.5,,,,0.8,0.5,,"half-sphere",3.0,10,,,,"wcMB+uWhN6DlxgYb80zZ5eNIhcO7pIW7","Ymvu50svVai947RgaYoGNGTwjbYtyuA7","legacyData"
"7e10c8c3-479d-4c72-a451-0f8d08c5d1ac","MOAB_011.basePlot.vst","2016-09-26","vst_MOAB_2016","D13","MOAB","MOAB_011",,"NEON.PLA.D13.MOAB.00165","ok","small shrub","Live",,,0.6,,,,1.3,0.6,,"oblate half-sphere",3.3,10,,,,"wcMB+uWhN6DlxgYb80zZ5eNIhcO7pIW7","Ymvu50svVai947RgaYoGNGTwjbYtyuA7","legacyData"
"76d32abd-6f9b-459e-905e-57571e3bd326","MOAB_011.basePlot.vst","2016-09-26","vst_MOAB_2016","D13","MOAB","MOAB_011",,"NEON.PLA.D13.MOAB.00151","ok","small shrub","Live",,,0.5,,,,0.1,0.1,,"oblate half-sphere",3.0,10,,,,"wcMB+uWhN6DlxgYb80zZ5eNIhcO7pIW7","Ymvu50svVai947RgaYoGNGTwjbYtyuA7","legacyData"
"1718e989-e70a-4ac7-96cf-8de9a5d2971e","MOAB_011.basePlot.vst","2016-09-26","vst_MOAB_2016","D13","MOAB","MOAB_011",,"NEON.PLA.D13.MOAB.00150","ok","small shrub","Live",,,0.4,,,,0.8,0.7,,"oblate half-sphere",1.3,10,,,,"wcMB+uWhN6DlxgYb80zZ5eNIhcO7pIW7","Ymvu50svVai947RgaYoGNGTwjbYtyuA7","legacyData"
"8108f143-0515-4831-af57-c9b28ff09cd6","MOAB_011.basePlot.vst","2016-09-26","vst_MOAB_2016","D13","MOAB","MOAB_011",,"NEON.PLA.D13.MOAB.00182","ok","small shrub","Live",,,0.4,,,,0.7,0.5,,"half-sphere",1.7,10,,,,"wcMB+uWhN6DlxgYb80zZ5eNIhcO7pIW7","Ymvu50svVai947RgaYoGNGTwjbYtyuA7","legacyData"
"beee6dbb-dfd2-4950-abf9-659e27b2ad5c","MOAB_011.basePlot.vst","2016-09-26","vst_MOAB_2016","D13","MOAB","MOAB_011",,"NEON.PLA.D13.MOAB.00169","ok","small shrub","Live",,,0.6,,,,1.5,0.8,,"oblate half-sphere",1.4,10,,,,"wcMB+uWhN6DlxgYb80zZ5eNIhcO7pIW7","Ymvu50svVai947RgaYoGNGTwjbYtyuA7","legacyData"
"870bf5f3-67b4-4502-95dd-1cc35cddda74","MOAB_011.basePlot.vst","2016-09-26","vst_MOAB_2016","D13","MOAB","MOAB_011",,"NEON.PLA.D13.MOAB.00145","ok","small shrub","Live",,,0.5,,,,0.8,0.5,,"half-sphere",3.3,10,,,,"wcMB+uWhN6DlxgYb80zZ5eNIhcO7pIW7","Ymvu50svVai947RgaYoGNGTwjbYtyuA7","legacyData"
"8193f0e6-690f-4bcf-95c4-9a4a2c1b4816","MOAB_011.basePlot.vst","2016-09-26","vst_MOAB_2016","D13","MOAB","MOAB_011",,"NEON.PLA.D13.MOAB.00170","ok","small shrub","Live",,,0.6,,,,0.8,0.6,,"half-sphere",1.3,10,,,,"wcMB+uWhN6DlxgYb80zZ5eNIhcO7pIW7","Ymvu50svVai947RgaYoGNGTwjbYtyuA7","legacyData"
"104cb062-fe25-442e-9a6e-8ec3a887a9b2","MOAB_011.basePlot.vst","2016-09-26","vst_MOAB_2016","D13","MOAB","MOAB_011",,"NEON.PLA.D13.MOAB.00156","ok","small shrub","Live",,,0.5,,,,1.0,0.6,,"oblate half-sphere",3.0,10,,,,"wcMB+uWhN6DlxgYb80zZ5eNIhcO7pIW7","Ymvu50svVai947RgaYoGNGTwjbYtyuA7","legacyData"
"16c81088-cd01-4fa5-b56c-cda4057146d9","MOAB_011.basePlot.vst","2016-09-26","vst_MOAB_2016","D13","MOAB","MOAB_011",,"NEON.PLA.D13.MOAB.00152","ok","small shrub","Live",,,0.2,,,,0.2,0.2,,"oblate half-sphere",2.6,10,,,,"wcMB+uWhN6DlxgYb80zZ5eNIhcO7pIW7","Ymvu50svVai947RgaYoGNGTwjbYtyuA7","legacyData"
"a13159d0-1ca0-49cc-a29b-d20297583f05","MOAB_011.basePlot.vst","2016-09-26","vst_MOAB_2016","D13","MOAB","MOAB_011",,"NEON.PLA.D13.MOAB.00150","ok","small shrub","Live",,,0.4,,,,0.8,0.7,,"oblate half-sphere",1.5,10,,,,"wcMB+uWhN6DlxgYb80zZ5eNIhcO7pIW7","Ymvu50svVai947RgaYoGNGTwjbYtyuA7","legacyData"
"abc470d5-5feb-4e74-a300-42b846a4d2e3","MOAB_011.basePlot.vst","2016-09-26","vst_MOAB_2016","D13","MOAB","MOAB_011",,"NEON.PLA.D13.MOAB.00167","ok","small shrub","Live",,,0.6,,,,0.9,0.5,,"half-sphere",1.9,10,,,,"wcMB+uWhN6DlxgYb80zZ5eNIhcO7pIW7","Ymvu50svVai947RgaYoGNGTwjbYtyuA7","legacyData"
"c8d234d7-8812-4dd9-8f01-393caa34a314","MOAB_011.basePlot.vst","2016-09-26","vst_MOAB_2016","D13","MOAB","MOAB_011",,"NEON.PLA.D13.MOAB.00182","ok","small shrub","Live",,,0.4,,,,0.7,0.5,,"half-sphere",2.1,10,,,,"wcMB+uWhN6DlxgYb80zZ5eNIhcO7pIW7","Ymvu50svVai947RgaYoGNGTwjbYtyuA7","legacyData"
"c9af9e31-82a0-448e-8bee-1827fd8f215a","MOAB_011.basePlot.vst","2016-09-26","vst_MOAB_2016","D13","MOAB","MOAB_011",,"NEON.PLA.D13.MOAB.00148","ok","small shrub","Live",,,1.0,,,,1.2,1.0,,"half-sphere",1.6,10,,,,"wcMB+uWhN6DlxgYb80zZ5eNIhcO7pIW7","Ymvu50svVai947RgaYoGNGTwjbYtyuA7","legacyData"
"4ed009d6-89f0-4799-b141-6b525dc782a9","MOAB_011.basePlot.vst","2016-09-26","vst_MOAB_2016","D13","MOAB","MOAB_011",,"NEON.PLA.D13.MOAB.00170","ok","small shrub","Live",,,0.6,,,,0.8,0.6,,"half-sphere",1.7,10,,,,"wcMB+uWhN6DlxgYb80zZ5eNIhcO7pIW7","Ymvu50svVai947RgaYoGNGTwjbYtyuA7","legacyData"
"ab24eafc-36b8-4281-be17-f83de99137f2","MOAB_011.basePlot.vst","2016-09-26","vst_MOAB_2016","D13","MOAB","MOAB_011",,"NEON.PLA.D13.MOAB.00175","ok","small shrub","Live",,,0.4,,,,0.6,0.6,,"half-sphere",1.3,10,,,,"wcMB+uWhN6DlxgYb80zZ5eNIhcO7pIW7","Ymvu50svVai947RgaYoGNGTwjbYtyuA7","legacyData"
"391e1a8f-b829-4d64-a7ca-014427567f1b","MOAB_011.basePlot.vst","2016-09-26","vst_MOAB_2016","D13","MOAB","MOAB_011",,"NEON.PLA.D13.MOAB.00181","ok","small shrub","Live",,,0.4,,,,0.9,0.7,,"oblate half-sphere",3.7,10,,,,"wcMB+uWhN6DlxgYb80zZ5eNIhcO7pIW7","Ymvu50svVai947RgaYoGNGTwjbYtyuA7","legacyData"
"e5349cd6-2c46-41f8-8dc6-30cb39b14826","MOAB_011.basePlot.vst","2016-09-26","vst_MOAB_2016","D13","MOAB","MOAB_011",,"NEON.PLA.D13.MOAB.00181","ok","small shrub","Live",,,0.4,,,,0.9,0.7,,"oblate half-sphere",1.4,10,,,,"wcMB+uWhN6DlxgYb80zZ5eNIhcO7pIW7","Ymvu50svVai947RgaYoGNGTwjbYtyuA7","legacyData"
"17551389-2b42-4b03-a72b-ddb0cb2a61e4","MOAB_011.basePlot.vst","2016-09-26","vst_MOAB_2016","D13","MOAB","MOAB_011",,"NEON.PLA.D13.MOAB.00145","ok","small shrub","Live",,,0.5,,,,0.8,0.5,,"half-sphere",1.4,10,,,,"wcMB+uWhN6DlxgYb80zZ5eNIhcO7pIW7","Ymvu50svVai947RgaYoGNGTwjbYtyuA7","legacyData"
"16e7943c-4fc2-48ac-99eb-4dd8163bc4cc","MOAB_011.basePlot.vst","2016-09-26","vst_MOAB_2016","D13","MOAB","MOAB_011",,"NEON.PLA.D13.MOAB.00169","ok","small shrub","Live",,,0.6,,,,1.5,0.8,,"oblate half-sphere",2.5,10,,,,"wcMB+uWhN6DlxgYb80zZ5eNIhcO7pIW7","Ymvu50svVai947RgaYoGNGTwjbYtyuA7","legacyData"
"41f731f3-6def-488e-af33-4e4a2f5cfb46","MOAB_011.basePlot.vst","2016-09-26","vst_MOAB_2016","D13","MOAB","MOAB_011",,"NEON.PLA.D13.MOAB.00139","ok","small shrub","Live",,,0.3,,,,0.7,0.3,,"oblate half-sphere",1.3,10,,,,"wcMB+uWhN6DlxgYb80zZ5eNIhcO7pIW7","Ymvu50svVai947RgaYoGNGTwjbYtyuA7","legacyData"
"22957f5a-a3c5-4a4a-bd75-6c5eaa9f12f0","MOAB_011.basePlot.vst","2016-09-26","vst_MOAB_2016","D13","MOAB","MOAB_011",,"NEON.PLA.D13.MOAB.00169","ok","small shrub","Live",,,0.6,,,,1.5,0.8,,"oblate half-sphere",2.3,10,,,,"wcMB+uWhN6DlxgYb80zZ5eNIhcO7pIW7","Ymvu50svVai947RgaYoGNGTwjbYtyuA7","legacyData"
"08b1fd9f-0860-4718-b865-60e41e68ace8","MOAB_011.basePlot.vst","2016-09-26","vst_MOAB_2016","D13","MOAB","MOAB_011",,"NEON.PLA.D13.MOAB.00137","ok","small shrub","Live",,,0.2,,,,0.3,0.2,,"half-sphere",1.3,10,,,,"wcMB+uWhN6DlxgYb80zZ5eNIhcO7pIW7","Ymvu50svVai947RgaYoGNGTwjbYtyuA7","legacyData"
"1d494c82-57e1-42b5-909b-715378f33865","MOAB_011.basePlot.vst","2016-09-26","vst_MOAB_2016","D13","MOAB","MOAB_011",,"NEON.PLA.D13.MOAB.00150","ok","small shrub","Live",,,0.4,,,,0.8,0.7,,"oblate half-sphere",1.3,10,,,,"wcMB+uWhN6DlxgYb80zZ5eNIhcO7pIW7","Ymvu50svVai947RgaYoGNGTwjbYtyuA7","legacyData"
"d6eb45d7-7332-499d-ab2b-d4ddeb5ffb09","MOAB_011.basePlot.vst","2016-09-26","vst_MOAB_2016","D13","MOAB","MOAB_011",,"NEON.PLA.D13.MOAB.00147","ok","small shrub","Live",,,0.9,,,,1.6,1.2,,"half-sphere",2.4,10,,,,"wcMB+uWhN6DlxgYb80zZ5eNIhcO7pIW7","Ymvu50svVai947RgaYoGNGTwjbYtyuA7","legacyData"
"0c51abff-8221-475b-8a70-313ea31d702e","MOAB_011.basePlot.vst","2016-09-26","vst_MOAB_2016","D13","MOAB","MOAB_011",,"NEON.PLA.D13.MOAB.00163","ok","small shrub","Live",,,0.2,,,,0.4,0.1,,"oblate half-sphere",3.0,10,,,,"wcMB+uWhN6DlxgYb80zZ5eNIhcO7pIW7","Ymvu50svVai947RgaYoGNGTwjbYtyuA7","legacyData"
"4c637ee4-fbe2-403c-be4e-419095148f6b","MOAB_011.basePlot.vst","2016-09-26","vst_MOAB_2016","D13","MOAB","MOAB_011",,"NEON.PLA.D13.MOAB.00164","ok","small shrub","Live",,,0.7,,,,2.9,1.0,,"half-sphere",2.2,10,,,,"wcMB+uWhN6DlxgYb80zZ5eNIhcO7pIW7","Ymvu50svVai947RgaYoGNGTwjbYtyuA7","legacyData"
"cd098915-2fd0-4288-af5b-61e88e3d79a1","MOAB_011.basePlot.vst","2016-09-26","vst_MOAB_2016","D13","MOAB","MOAB_011",,"NEON.PLA.D13.MOAB.00161","ok","small shrub","Live",,,0.3,,,,0.5,0.5,,"oblate half-sphere",1.6,10,,,,"wcMB+uWhN6DlxgYb80zZ5eNIhcO7pIW7","Ymvu50svVai947RgaYoGNGTwjbYtyuA7","legacyData"
"27508ca1-f819-45e4-a5a7-be8965bb9f2d","MOAB_011.basePlot.vst","2016-09-26","vst_MOAB_2016","D13","MOAB","MOAB_011",,"NEON.PLA.D13.MOAB.00137","ok","small shrub","Live",,,0.2,,,,0.3,0.2,,"half-sphere",1.2,10,,,,"wcMB+uWhN6DlxgYb80zZ5eNIhcO7pIW7","Ymvu50svVai947RgaYoGNGTwjbYtyuA7","legacyData"
"34944ce4-0472-4082-bcbb-f221644ea111","MOAB_011.basePlot.vst","2016-09-26","vst_MOAB_2016","D13","MOAB","MOAB_011",,"NEON.PLA.D13.MOAB.00175","ok","small shrub","Live",,,0.4,,,,0.6,0.6,,"half-sphere",1.2,10,,,,"wcMB+uWhN6DlxgYb80zZ5eNIhcO7pIW7","Ymvu50svVai947RgaYoGNGTwjbYtyuA7","legacyData"
"2bff4368-19d0-4491-8ae6-643bc406ef03","MOAB_011.basePlot.vst","2016-09-26","vst_MOAB_2016","D13","MOAB","MOAB_011",,"NEON.PLA.D13.MOAB.00171","ok","small shrub","Live",,,0.7,,,,1.0,0.6,,"half-sphere",2.6,10,,,,"wcMB+uWhN6DlxgYb80zZ5eNIhcO7pIW7","Ymvu50svVai947RgaYoGNGTwjbYtyuA7","legacyData"
"22b40e16-6829-492c-9044-705e7712724d","MOAB_011.basePlot.vst","2016-09-26","vst_MOAB_2016","D13","MOAB","MOAB_011",,"NEON.PLA.D13.MOAB.00167","ok","small shrub","Live",,,0.6,,,,0.9,0.5,,"half-sphere",1.6,10,,,,"wcMB+uWhN6DlxgYb80zZ5eNIhcO7pIW7","Ymvu50svVai947RgaYoGNGTwjbYtyuA7","legacyData"
"934ab78c-0fc2-4b71-b6de-8574614b7008","MOAB_011.basePlot.vst","2016-09-26","vst_MOAB_2016","D13","MOAB","MOAB_011",,"NEON.PLA.D13.MOAB.00183","ok","small shrub","Live",,,0.8,,,,1.9,1.1,,"half-sphere",1.9,10,,,,"wcMB+uWhN6DlxgYb80zZ5eNIhcO7pIW7","Ymvu50svVai947RgaYoGNGTwjbYtyuA7","legacyData"
"8e501a96-6de3-4595-b8c4-8a6c5c06e489","MOAB_011.basePlot.vst","2016-09-26","vst_MOAB_2016","D13","MOAB","MOAB_011",,"NEON.PLA.D13.MOAB.00184","ok","small shrub","Live",,,0.6,,,,1.0,0.7,,"half-sphere",3.2,10,,,,"wcMB+uWhN6DlxgYb80zZ5eNIhcO7pIW7","Ymvu50svVai947RgaYoGNGTwjbYtyuA7","legacyData"
"ef503e72-cf7b-4705-9a80-8d59001d0e0c","MOAB_011.basePlot.vst","2016-09-26","vst_MOAB_2016","D13","MOAB","MOAB_011",,"NEON.PLA.D13.MOAB.00168","ok","small shrub","Live",,,0.7,,,,0.7,0.5,,"half-sphere",4.8,10,,,,"wcMB+uWhN6DlxgYb80zZ5eNIhcO7pIW7","Ymvu50svVai947RgaYoGNGTwjbYtyuA7","legacyData"
"666075a4-e612-43a0-a907-0f15eaddb11b","MOAB_011.basePlot.vst","2016-09-26","vst_MOAB_2016","D13","MOAB","MOAB_011",,"NEON.PLA.D13.MOAB.00183","ok","small shrub","Live",,,0.8,,,,1.9,1.1,,"half-sphere",2.2,10,,,,"wcMB+uWhN6DlxgYb80zZ5eNIhcO7pIW7","Ymvu50svVai947RgaYoGNGTwjbYtyuA7","legacyData"
"739bbbbb-14e9-4a0d-a9d2-0921b413b0e8","MOAB_011.basePlot.vst","2016-09-26","vst_MOAB_2016","D13","MOAB","MOAB_011",,"NEON.PLA.D13.MOAB.00160","ok","small shrub","Live",,,0.5,,,,0.5,0.5,,"half-sphere",1.4,10,,,,"wcMB+uWhN6DlxgYb80zZ5eNIhcO7pIW7","Ymvu50svVai947RgaYoGNGTwjbYtyuA7","legacyData"
"8a3865c3-25e1-4352-9bea-bce215464828","MOAB_011.basePlot.vst","2016-09-26","vst_MOAB_2016","D13","MOAB","MOAB_011",,"NEON.PLA.D13.MOAB.00153","ok","small shrub","Live",,,0.5,,,,1.2,1.0,,"oblate half-sphere",1.7,10,,,,"wcMB+uWhN6DlxgYb80zZ5eNIhcO7pIW7","Ymvu50svVai947RgaYoGNGTwjbYtyuA7","legacyData"
"4a8957f5-91a4-4580-8dc3-27d8c0b5fccd","MOAB_011.basePlot.vst","2016-09-26","vst_MOAB_2016","D13","MOAB","MOAB_011",,"NEON.PLA.D13.MOAB.00169","ok","small shrub","Live",,,0.6,,,,1.5,0.8,,"oblate half-sphere",4.8,10,,,,"wcMB+uWhN6DlxgYb80zZ5eNIhcO7pIW7","Ymvu50svVai947RgaYoGNGTwjbYtyuA7","legacyData"
"64249ab2-5d17-42a9-83bb-f46964a3d2f0","MOAB_011.basePlot.vst","2016-09-26","vst_MOAB_2016","D13","MOAB","MOAB_011",,"NEON.PLA.D13.MOAB.00147","ok","small shrub","Live",,,0.9,,,,1.6,1.2,,"half-sphere",2.3,10,,,,"wcMB+uWhN6DlxgYb80zZ5eNIhcO7pIW7","Ymvu50svVai947RgaYoGNGTwjbYtyuA7","legacyData"
"757e20e9-01bf-4df3-bbfb-004df9368b93","MOAB_011.basePlot.vst","2016-09-26","vst_MOAB_2016","D13","MOAB","MOAB_011",,"NEON.PLA.D13.MOAB.00169","ok","small shrub","Live",,,0.6,,,,1.5,0.8,,"oblate half-sphere",1.7,10,,,,"wcMB+uWhN6DlxgYb80zZ5eNIhcO7pIW7","Ymvu50svVai947RgaYoGNGTwjbYtyuA7","legacyData"
"9c213ba9-fbb2-429a-a36c-685dc45401b1","MOAB_011.basePlot.vst","2016-09-26","vst_MOAB_2016","D13","MOAB","MOAB_011",,"NEON.PLA.D13.MOAB.00177","ok","small shrub","Live",,,0.3,,,,0.6,0.3,,"oblate half-sphere",1.7,10,,,,"wcMB+uWhN6DlxgYb80zZ5eNIhcO7pIW7","Ymvu50svVai947RgaYoGNGTwjbYtyuA7","legacyData"
"29df5049-9b1e-4faf-98c3-843059a908b3","MOAB_011.basePlot.vst","2016-09-26","vst_MOAB_2016","D13","MOAB","MOAB_011",,"NEON.PLA.D13.MOAB.00169","ok","small shrub","Live",,,0.6,,,,1.5,0.8,,"oblate half-sphere",2.5,10,,,,"wcMB+uWhN6DlxgYb80zZ5eNIhcO7pIW7","Ymvu50svVai947RgaYoGNGTwjbYtyuA7","legacyData"
"77035c38-8f06-4503-ab81-5a95df595674","MOAB_011.basePlot.vst","2016-09-26","vst_MOAB_2016","D13","MOAB","MOAB_011",,"NEON.PLA.D13.MOAB.00159","ok","small shrub","Live",,,0.6,,,,0.9,0.8,,"half-sphere",3.2,10,,,,"wcMB+uWhN6DlxgYb80zZ5eNIhcO7pIW7","Ymvu50svVai947RgaYoGNGTwjbYtyuA7","legacyData"
"aea97fd1-2ee1-4833-8045-384ab59dea6d","MOAB_011.basePlot.vst","2016-09-26","vst_MOAB_2016","D13","MOAB","MOAB_011",,"NEON.PLA.D13.MOAB.00166","ok","small shrub","Live",,,0.5,,,,1.0,0.7,,"oblate half-sphere",2.6,10,,,,"wcMB+uWhN6DlxgYb80zZ5eNIhcO7pIW7","Ymvu50svVai947RgaYoGNGTwjbYtyuA7","legacyData"
"0ff7200d-639b-4e92-9526-5cd66cfd9125","MOAB_011.basePlot.vst","2016-09-26","vst_MOAB_2016","D13","MOAB","MOAB_011",,"NEON.PLA.D13.MOAB.00165","ok","small shrub","Live",,,0.6,,,,1.3,0.6,,"oblate half-sphere",5.1,10,,,,"wcMB+uWhN6DlxgYb80zZ5eNIhcO7pIW7","Ymvu50svVai947RgaYoGNGTwjbYtyuA7","legacyData"
"514e92f4-30b5-429a-bdd0-a3a5e4e24f9f","MOAB_011.basePlot.vst","2016-09-26","vst_MOAB_2016","D13","MOAB","MOAB_011",,"NEON.PLA.D13.MOAB.00176","ok","small shrub","Live",,,0.4,,,,0.6,0.4,,"oblate half-sphere",2.2,10,,,,"wcMB+uWhN6DlxgYb80zZ5eNIhcO7pIW7","Ymvu50svVai947RgaYoGNGTwjbYtyuA7","legacyData"
"93a03351-3bca-4b7a-808a-92334bb14dec","MOAB_011.basePlot.vst","2016-09-26","vst_MOAB_2016","D13","MOAB","MOAB_011",,"NEON.PLA.D13.MOAB.00156","ok","small shrub","Live",,,0.5,,,,1.0,0.6,,"oblate half-sphere",1.6,10,,,,"wcMB+uWhN6DlxgYb80zZ5eNIhcO7pIW7","Ymvu50svVai947RgaYoGNGTwjbYtyuA7","legacyData"
"ca59336c-ed5b-4319-8af5-18578341ba57","MOAB_011.basePlot.vst","2016-09-26","vst_MOAB_2016","D13","MOAB","MOAB_011",,"NEON.PLA.D13.MOAB.00156","ok","small shrub","Live",,,0.5,,,,1.0,0.6,,"oblate half-sphere",3.8,10,,,,"wcMB+uWhN6DlxgYb80zZ5eNIhcO7pIW7","Ymvu50svVai947RgaYoGNGTwjbYtyuA7","legacyData"
"a6748802-c876-4eba-ba87-a4e9c1daa627","MOAB_011.basePlot.vst","2016-09-26","vst_MOAB_2016","D13","MOAB","MOAB_011",,"NEON.PLA.D13.MOAB.00168","ok","small shrub","Live",,,0.7,,,,0.7,0.5,,"half-sphere",5.8,10,,,,"wcMB+uWhN6DlxgYb80zZ5eNIhcO7pIW7","Ymvu50svVai947RgaYoGNGTwjbYtyuA7","legacyData"
"d288c1e9-cbf8-4571-88d8-6491ec2ae09f","MOAB_011.basePlot.vst","2016-09-26","vst_MOAB_2016","D13","MOAB","MOAB_011",,"NEON.PLA.D13.MOAB.00150","ok","small shrub","Live",,,0.4,,,,0.8,0.7,,"oblate half-sphere",1.6,10,,,,"wcMB+uWhN6DlxgYb80zZ5eNIhcO7pIW7","Ymvu50svVai947RgaYoGNGTwjbYtyuA7","legacyData"
"b06224cb-db33-41f0-b9ea-d8580544a071","MOAB_011.basePlot.vst","2016-09-26","vst_MOAB_2016","D13","MOAB","MOAB_011",,"NEON.PLA.D13.MOAB.00141","ok","small shrub","Live",,,0.7,,,,1.1,1.1,,"half-sphere",9.1,10,,,,"wcMB+uWhN6DlxgYb80zZ5eNIhcO7pIW7","Ymvu50svVai947RgaYoGNGTwjbYtyuA7","legacyData"
"bf75d786-c832-4e6f-8af0-386b6e1765fe","MOAB_011.basePlot.vst","2016-09-26","vst_MOAB_2016","D13","MOAB","MOAB_011",,"NEON.PLA.D13.MOAB.00170","ok","small shrub","Live",,,0.6,,,,0.8,0.6,,"half-sphere",2.5,10,,,,"wcMB+uWhN6DlxgYb80zZ5eNIhcO7pIW7","Ymvu50svVai947RgaYoGNGTwjbYtyuA7","legacyData"
"d3304cde-c0cb-48a1-a6b4-8a1e7c8cda73","MOAB_011.basePlot.vst","2016-09-26","vst_MOAB_2016","D13","MOAB","MOAB_011",,"NEON.PLA.D13.MOAB.00150","ok","small shrub","Live",,,0.4,,,,0.8,0.7,,"oblate half-sphere",2.2,10,,,,"wcMB+uWhN6DlxgYb80zZ5eNIhcO7pIW7","Ymvu50svVai947RgaYoGNGTwjbYtyuA7","legacyData"
"bea1fb2c-13c3-4a6a-a6b7-88cf4b404dfe","MOAB_011.basePlot.vst","2016-09-26","vst_MOAB_2016","D13","MOAB","MOAB_011",,"NEON.PLA.D13.MOAB.00148","ok","small shrub","Live",,,1.0,,,,1.2,1.0,,"half-sphere",2.3,10,,,,"wcMB+uWhN6DlxgYb80zZ5eNIhcO7pIW7","Ymvu50svVai947RgaYoGNGTwjbYtyuA7","legacyData"
"ba0b40da-bb07-46c5-b5f9-e29db1023c52","MOAB_011.basePlot.vst","2016-09-26","vst_MOAB_2016","D13","MOAB","MOAB_011",,"NEON.PLA.D13.MOAB.00147","ok","small shrub","Live",,,0.9,,,,1.6,1.2,,"half-sphere",2.0,10,,,,"wcMB+uWhN6DlxgYb80zZ5eNIhcO7pIW7","Ymvu50svVai947RgaYoGNGTwjbYtyuA7","legacyData"
"1be15b8c-de16-4357-90e0-116d4a9cb87b","MOAB_011.basePlot.vst","2016-09-26","vst_MOAB_2016","D13","MOAB","MOAB_011",,"NEON.PLA.D13.MOAB.00150","ok","small shrub","Live",,,0.4,,,,0.8,0.7,,"oblate half-sphere",1.3,10,,,,"wcMB+uWhN6DlxgYb80zZ5eNIhcO7pIW7","Ymvu50svVai947RgaYoGNGTwjbYtyuA7","legacyData"
"35abeb57-5edb-4b18-ae10-d923a9fb0211","MOAB_011.basePlot.vst","2016-09-26","vst_MOAB_2016","D13","MOAB","MOAB_011",,"NEON.PLA.D13.MOAB.00172","ok","small shrub","Live",,,1.0,,,,1.3,0.7,,"half-sphere",2.6,10,,,,"wcMB+uWhN6DlxgYb80zZ5eNIhcO7pIW7","Ymvu50svVai947RgaYoGNGTwjbYtyuA7","legacyData"
"150af218-d095-4b83-960e-44b4d91ec696","MOAB_011.basePlot.vst","2016-09-26","vst_MOAB_2016","D13","MOAB","MOAB_011",,"NEON.PLA.D13.MOAB.00153","ok","small shrub","Live",,,0.5,,,,1.2,1.0,,"oblate half-sphere",1.5,10,,,,"wcMB+uWhN6DlxgYb80zZ5eNIhcO7pIW7","Ymvu50svVai947RgaYoGNGTwjbYtyuA7","legacyData"
"8097f293-be88-4ee9-a676-71ccffb33475","MOAB_011.basePlot.vst","2016-09-26","vst_MOAB_2016","D13","MOAB","MOAB_011",,"NEON.PLA.D13.MOAB.00164","ok","small shrub","Live",,,0.7,,,,2.9,1.0,,"half-sphere",1.8,10,,,,"wcMB+uWhN6DlxgYb80zZ5eNIhcO7pIW7","Ymvu50svVai947RgaYoGNGTwjbYtyuA7","legacyData"
"681807e3-011d-407a-baa8-c70e7569077d","MOAB_011.basePlot.vst","2016-09-26","vst_MOAB_2016","D13","MOAB","MOAB_011",,"NEON.PLA.D13.MOAB.00166","ok","small shrub","Live",,,0.5,,,,1.0,0.7,,"oblate half-sphere",2.9,10,,,,"wcMB+uWhN6DlxgYb80zZ5eNIhcO7pIW7","Ymvu50svVai947RgaYoGNGTwjbYtyuA7","legacyData"
"c4712f1a-5f11-46ae-bfb2-0a932a549ae0","MOAB_011.basePlot.vst","2016-09-26","vst_MOAB_2016","D13","MOAB","MOAB_011",,"NEON.PLA.D13.MOAB.00141","ok","small shrub","Live",,,0.7,,,,1.1,1.1,,"half-sphere",1.5,10,,,,"wcMB+uWhN6DlxgYb80zZ5eNIhcO7pIW7","Ymvu50svVai947RgaYoGNGTwjbYtyuA7","legacyData"
"80385a47-964a-4b12-83e2-d45b459ee1e9","MOAB_011.basePlot.vst","2016-09-26","vst_MOAB_2016","D13","MOAB","MOAB_011",,"NEON.PLA.D13.MOAB.00165","ok","small shrub","Live",,,0.6,,,,1.3,0.6,,"oblate half-sphere",4.3,10,,,,"wcMB+uWhN6DlxgYb80zZ5eNIhcO7pIW7","Ymvu50svVai947RgaYoGNGTwjbYtyuA7","legacyData"
"c677644b-6a68-452d-a5df-abfc0d046faf","MOAB_011.basePlot.vst","2016-09-26","vst_MOAB_2016","D13","MOAB","MOAB_011",,"NEON.PLA.D13.MOAB.00170","ok","small shrub","Live",,,0.6,,,,0.8,0.6,,"half-sphere",1.1,10,,,,"wcMB+uWhN6DlxgYb80zZ5eNIhcO7pIW7","Ymvu50svVai947RgaYoGNGTwjbYtyuA7","legacyData"
"d431dcb3-e98c-4cfe-a76a-9b0f64c12bce","MOAB_011.basePlot.vst","2016-09-26","vst_MOAB_2016","D13","MOAB","MOAB_011",,"NEON.PLA.D13.MOAB.00144","ok","small shrub","Live",,,0.2,,,,0.2,0.2,,"half-sphere",1.4,10,,,,"wcMB+uWhN6DlxgYb80zZ5eNIhcO7pIW7","Ymvu50svVai947RgaYoGNGTwjbYtyuA7","legacyData"
"d34022ac-b9c7-4f5b-8eab-1d0e1fd2cafd","MOAB_011.basePlot.vst","2016-09-26","vst_MOAB_2016","D13","MOAB","MOAB_011",,"NEON.PLA.D13.MOAB.00147","ok","small shrub","Live",,,0.9,,,,1.6,1.2,,"half-sphere",3.2,10,,,,"wcMB+uWhN6DlxgYb80zZ5eNIhcO7pIW7","Ymvu50svVai947RgaYoGNGTwjbYtyuA7","legacyData"
"914c1cb2-c13e-45c1-9c57-e0989858dcd2","MOAB_011.basePlot.vst","2016-09-26","vst_MOAB_2016","D13","MOAB","MOAB_011",,"NEON.PLA.D13.MOAB.00155","ok","small shrub","Live",,,0.5,,,,0.8,0.5,,"oblate half-sphere",1.6,10,,,,"wcMB+uWhN6DlxgYb80zZ5eNIhcO7pIW7","Ymvu50svVai947RgaYoGNGTwjbYtyuA7","legacyData"
"ba0a5718-a88d-4987-aeb5-a2a6199b737d","MOAB_011.basePlot.vst","2016-09-26","vst_MOAB_2016","D13","MOAB","MOAB_011",,"NEON.PLA.D13.MOAB.00170","ok","small shrub","Live",,,0.6,,,,0.8,0.6,,"half-sphere",1.0,10,,,,"wcMB+uWhN6DlxgYb80zZ5eNIhcO7pIW7","Ymvu50svVai947RgaYoGNGTwjbYtyuA7","legacyData"
"36dbdcc2-cc55-4eba-b27e-30bd46b49bce","MOAB_011.basePlot.vst","2016-09-26","vst_MOAB_2016","D13","MOAB","MOAB_011",,"NEON.PLA.D13.MOAB.00169","ok","small shrub","Live",,,0.6,,,,1.5,0.8,,"oblate half-sphere",2.8,10,,,,"wcMB+uWhN6DlxgYb80zZ5eNIhcO7pIW7","Ymvu50svVai947RgaYoGNGTwjbYtyuA7","legacyData"
"97fa8964-2373-42f7-898a-562dfcfda993","MOAB_011.basePlot.vst","2016-09-26","vst_MOAB_2016","D13","MOAB","MOAB_011",,"NEON.PLA.D13.MOAB.00169","ok","small shrub","Live",,,0.6,,,,1.5,0.8,,"oblate half-sphere",2.8,10,,,,"wcMB+uWhN6DlxgYb80zZ5eNIhcO7pIW7","Ymvu50svVai947RgaYoGNGTwjbYtyuA7","legacyData"
"5cb4d54b-872d-42ae-908d-de107b713e76","MOAB_011.basePlot.vst","2016-09-26","vst_MOAB_2016","D13","MOAB","MOAB_011",,"NEON.PLA.D13.MOAB.00147","ok","small shrub","Live",,,0.9,,,,1.6,1.2,,"half-sphere",1.5,10,,,,"wcMB+uWhN6DlxgYb80zZ5eNIhcO7pIW7","Ymvu50svVai947RgaYoGNGTwjbYtyuA7","legacyData"
"3393d573-b9ff-4be2-8f3a-30062d9c1374","MOAB_011.basePlot.vst","2016-09-26","vst_MOAB_2016","D13","MOAB","MOAB_011",,"NEON.PLA.D13.MOAB.00153","ok","small shrub","Live",,,0.5,,,,1.2,1.0,,"oblate half-sphere",1.6,10,,,,"wcMB+uWhN6DlxgYb80zZ5eNIhcO7pIW7","Ymvu50svVai947RgaYoGNGTwjbYtyuA7","legacyData"
"a5cf4916-3bbf-4fb7-8283-1e3e98e3b0c3","MOAB_011.basePlot.vst","2016-09-26","vst_MOAB_2016","D13","MOAB","MOAB_011",,"NEON.PLA.D13.MOAB.00157","ok","small shrub","Live",,,0.5,,,,1.2,1.1,,"oblate half-sphere",3.4,10,,,,"wcMB+uWhN6DlxgYb80zZ5eNIhcO7pIW7","Ymvu50svVai947RgaYoGNGTwjbYtyuA7","legacyData"
"d42327a3-3149-477d-ad10-08b69dbc060f","MOAB_011.basePlot.vst","2016-09-26","vst_MOAB_2016","D13","MOAB","MOAB_011",,"NEON.PLA.D13.MOAB.00149","ok","small shrub","Live",,,0.6,,,,1.1,0.6,,"half-sphere",1.2,10,,,,"wcMB+uWhN6DlxgYb80zZ5eNIhcO7pIW7","Ymvu50svVai947RgaYoGNGTwjbYtyuA7","legacyData"
"d8a2446b-aeb2-4f08-b78a-f52656ebe92e","MOAB_011.basePlot.vst","2016-09-26","vst_MOAB_2016","D13","MOAB","MOAB_011",,"NEON.PLA.D13.MOAB.00150","ok","small shrub","Live",,,0.4,,,,0.8,0.7,,"oblate half-sphere",1.9,10,,,,"wcMB+uWhN6DlxgYb80zZ5eNIhcO7pIW7","Ymvu50svVai947RgaYoGNGTwjbYtyuA7","legacyData"
"4bd9ebba-263c-4229-a6c5-c1174552629b","MOAB_011.basePlot.vst","2016-09-26","vst_MOAB_2016","D13","MOAB","MOAB_011",,"NEON.PLA.D13.MOAB.00157","ok","small shrub","Live",,,0.5,,,,1.2,1.1,,"oblate half-sphere",3.2,10,,,,"wcMB+uWhN6DlxgYb80zZ5eNIhcO7pIW7","Ymvu50svVai947RgaYoGNGTwjbYtyuA7","legacyData"
"f8080793-0ba5-4ef1-8d61-adc3f8950708","MOAB_011.basePlot.vst","2016-09-26","vst_MOAB_2016","D13","MOAB","MOAB_011",,"NEON.PLA.D13.MOAB.00153","ok","small shrub","Live",,,0.5,,,,1.2,1.0,,"oblate half-sphere",1.6,10,,,,"wcMB+uWhN6DlxgYb80zZ5eNIhcO7pIW7","Ymvu50svVai947RgaYoGNGTwjbYtyuA7","legacyData"
"fe4e02e1-9766-4cc5-b46a-bf6793595dfa","MOAB_011.basePlot.vst","2016-09-26","vst_MOAB_2016","D13","MOAB","MOAB_011",,"NEON.PLA.D13.MOAB.00139","ok","small shrub","Live",,,0.3,,,,0.7,0.3,,"oblate half-sphere",1.6,10,,,,"wcMB+uWhN6DlxgYb80zZ5eNIhcO7pIW7","Ymvu50svVai947RgaYoGNGTwjbYtyuA7","legacyData"
"e7b5229e-4533-4a35-b8e5-6325a85451bc","MOAB_011.basePlot.vst","2016-09-26","vst_MOAB_2016","D13","MOAB","MOAB_011",,"NEON.PLA.D13.MOAB.00157","ok","small shrub","Live",,,0.5,,,,1.2,1.1,,"oblate half-sphere",4.1,10,,,,"wcMB+uWhN6DlxgYb80zZ5eNIhcO7pIW7","Ymvu50svVai947RgaYoGNGTwjbYtyuA7","legacyData"
"44c495c2-d29a-4bd9-b866-928f40dada5e","MOAB_011.basePlot.vst","2016-09-26","vst_MOAB_2016","D13","MOAB","MOAB_011",,"NEON.PLA.D13.MOAB.00170","ok","small shrub","Live",,,0.6,,,,0.8,0.6,,"half-sphere",1.1,10,,,,"wcMB+uWhN6DlxgYb80zZ5eNIhcO7pIW7","Ymvu50svVai947RgaYoGNGTwjbYtyuA7","legacyData"
"786c0e70-dbc1-409a-89cf-c2c121a7cf5a","MOAB_011.basePlot.vst","2016-09-26","vst_MOAB_2016","D13","MOAB","MOAB_011",,"NEON.PLA.D13.MOAB.00149","ok","small shrub","Live",,,0.6,,,,1.1,0.6,,"half-sphere",1.5,10,,,,"wcMB+uWhN6DlxgYb80zZ5eNIhcO7pIW7","Ymvu50svVai947RgaYoGNGTwjbYtyuA7","legacyData"
"5d6dbe95-b5a7-444f-bf6a-bc6f5f921cde","MOAB_011.basePlot.vst","2016-09-26","vst_MOAB_2016","D13","MOAB","MOAB_011",,"NEON.PLA.D13.MOAB.00176","ok","small shrub","Live",,,0.4,,,,0.6,0.4,,"oblate half-sphere",1.3,10,,,,"wcMB+uWhN6DlxgYb80zZ5eNIhcO7pIW7","Ymvu50svVai947RgaYoGNGTwjbYtyuA7","legacyData"
"4f4a54c4-a188-4357-aecb-2765a6f4e87d","MOAB_011.basePlot.vst","2016-09-26","vst_MOAB_2016","D13","MOAB","MOAB_011",,"NEON.PLA.D13.MOAB.00141","ok","small shrub","Live",,,0.7,,,,1.1,1.1,,"half-sphere",1.4,10,,,,"wcMB+uWhN6DlxgYb80zZ5eNIhcO7pIW7","Ymvu50svVai947RgaYoGNGTwjbYtyuA7","legacyData"
"e52159a2-f514-4828-847f-dbe36d3c90cf","MOAB_011.basePlot.vst","2016-09-26","vst_MOAB_2016","D13","MOAB","MOAB_011",,"NEON.PLA.D13.MOAB.00147","ok","small shrub","Live",,,0.9,,,,1.6,1.2,,"half-sphere",4.3,10,,,,"wcMB+uWhN6DlxgYb80zZ5eNIhcO7pIW7","Ymvu50svVai947RgaYoGNGTwjbYtyuA7","legacyData"
"dceed171-03e2-441d-ab32-475257c7b96c","MOAB_011.basePlot.vst","2016-09-26","vst_MOAB_2016","D13","MOAB","MOAB_011",,"NEON.PLA.D13.MOAB.00173","ok","small shrub","Live",,,0.8,,,,1.2,1.0,,"half-sphere",3.4,10,,,,"wcMB+uWhN6DlxgYb80zZ5eNIhcO7pIW7","Ymvu50svVai947RgaYoGNGTwjbYtyuA7","legacyData"
"43c2ab52-f356-44c0-b958-272490a17781","MOAB_011.basePlot.vst","2016-09-26","vst_MOAB_2016","D13","MOAB","MOAB_011",,"NEON.PLA.D13.MOAB.00171","ok","small shrub","Live",,,0.7,,,,1.0,0.6,,"half-sphere",1.3,10,,,,"wcMB+uWhN6DlxgYb80zZ5eNIhcO7pIW7","Ymvu50svVai947RgaYoGNGTwjbYtyuA7","legacyData"
"a1ff24c0-0a19-4970-b30c-e75fa2a79a89","MOAB_011.basePlot.vst","2016-09-26","vst_MOAB_2016","D13","MOAB","MOAB_011",,"NEON.PLA.D13.MOAB.00172","ok","small shrub","Live",,,1.0,,,,1.3,0.7,,"half-sphere",3.4,10,,,,"wcMB+uWhN6DlxgYb80zZ5eNIhcO7pIW7","Ymvu50svVai947RgaYoGNGTwjbYtyuA7","legacyData"
"fba4c65d-bced-472c-b90e-8e1ec8d82a06","MOAB_011.basePlot.vst","2016-09-26","vst_MOAB_2016","D13","MOAB","MOAB_011",,"NEON.PLA.D13.MOAB.00149","ok","small shrub","Live",,,0.6,,,,1.1,0.6,,"half-sphere",2.8,10,,,,"wcMB+uWhN6DlxgYb80zZ5eNIhcO7pIW7","Ymvu50svVai947RgaYoGNGTwjbYtyuA7","legacyData"
"59fd892f-e6fb-482b-b6f8-e7295cf95e15","MOAB_011.basePlot.vst","2016-09-26","vst_MOAB_2016","D13","MOAB","MOAB_011",,"NEON.PLA.D13.MOAB.00170","ok","small shrub","Live",,,0.6,,,,0.8,0.6,,"half-sphere",1.2,10,,,,"wcMB+uWhN6DlxgYb80zZ5eNIhcO7pIW7","Ymvu50svVai947RgaYoGNGTwjbYtyuA7","legacyData"
"0108a5ef-96a2-471d-aae3-fa8d8890aed6","MOAB_011.basePlot.vst","2016-09-26","vst_MOAB_2016","D13","MOAB","MOAB_011",,"NEON.PLA.D13.MOAB.00153","ok","small shrub","Live",,,0.5,,,,1.2,1.0,,"oblate half-sphere",3.1,10,,,,"wcMB+uWhN6DlxgYb80zZ5eNIhcO7pIW7","Ymvu50svVai947RgaYoGNGTwjbYtyuA7","legacyData"
"a8609d53-977f-4fe6-936a-c12205b1f8a9","MOAB_011.basePlot.vst","2016-09-26","vst_MOAB_2016","D13","MOAB","MOAB_011",,"NEON.PLA.D13.MOAB.00175","ok","small shrub","Live",,,0.4,,,,0.6,0.6,,"half-sphere",1.1,10,,,,"wcMB+uWhN6DlxgYb80zZ5eNIhcO7pIW7","Ymvu50svVai947RgaYoGNGTwjbYtyuA7","legacyData"
"c30ba670-8e98-493d-9fdf-fa1df81e1399","MOAB_011.basePlot.vst","2016-09-26","vst_MOAB_2016","D13","MOAB","MOAB_011",,"NEON.PLA.D13.MOAB.00165","ok","small shrub","Live",,,0.6,,,,1.3,0.6,,"oblate half-sphere",4.9,10,,,,"wcMB+uWhN6DlxgYb80zZ5eNIhcO7pIW7","Ymvu50svVai947RgaYoGNGTwjbYtyuA7","legacyData"
"c854f3ea-2f6b-474d-8911-e8d8eedc795b","MOAB_011.basePlot.vst","2016-09-26","vst_MOAB_2016","D13","MOAB","MOAB_011",,"NEON.PLA.D13.MOAB.00144","ok","small shrub","Standing dead",,,0.2,,,,0.2,0.2,,"half-sphere",1.0,10,,,,"wcMB+uWhN6DlxgYb80zZ5eNIhcO7pIW7","Ymvu50svVai947RgaYoGNGTwjbYtyuA7","legacyData"
"b37fdddd-ea6a-44b5-8d61-84461304c25c","MOAB_011.basePlot.vst","2016-09-26","vst_MOAB_2016","D13","MOAB","MOAB_011",,"NEON.PLA.D13.MOAB.00167","ok","small shrub","Live",,,0.6,,,,0.9,0.5,,"half-sphere",1.9,10,,,,"wcMB+uWhN6DlxgYb80zZ5eNIhcO7pIW7","Ymvu50svVai947RgaYoGNGTwjbYtyuA7","legacyData"
"99b7c547-91ab-4abb-9dbe-3d076e5b3bfe","MOAB_011.basePlot.vst","2016-09-26","vst_MOAB_2016","D13","MOAB","MOAB_011",,"NEON.PLA.D13.MOAB.00156","ok","small shrub","Live",,,0.5,,,,1.0,0.6,,"oblate half-sphere",2.8,10,,,,"wcMB+uWhN6DlxgYb80zZ5eNIhcO7pIW7","Ymvu50svVai947RgaYoGNGTwjbYtyuA7","legacyData"
"ac586ad5-1ed8-4cce-8ce7-547dc63cecec","MOAB_011.basePlot.vst","2016-09-26","vst_MOAB_2016","D13","MOAB","MOAB_011",,"NEON.PLA.D13.MOAB.00172","ok","small shrub","Live",,,1.0,,,,1.3,0.7,,"half-sphere",8.6,10,,,,"wcMB+uWhN6DlxgYb80zZ5eNIhcO7pIW7","Ymvu50svVai947RgaYoGNGTwjbYtyuA7","legacyData"
"047abedd-78c7-42bf-96aa-ea048746d3c8","MOAB_011.basePlot.vst","2016-09-26","vst_MOAB_2016","D13","MOAB","MOAB_011",,"NEON.PLA.D13.MOAB.00145","ok","small shrub","Live",,,0.5,,,,0.8,0.5,,"half-sphere",1.8,10,,,,"wcMB+uWhN6DlxgYb80zZ5eNIhcO7pIW7","Ymvu50svVai947RgaYoGNGTwjbYtyuA7","legacyData"
"576a2349-418e-431c-ad42-7a99e3280bea","MOAB_011.basePlot.vst","2016-09-26","vst_MOAB_2016","D13","MOAB","MOAB_011",,"NEON.PLA.D13.MOAB.00153","ok","small shrub","Live",,,0.5,,,,1.2,1.0,,"oblate half-sphere",7.0,10,,,,"wcMB+uWhN6DlxgYb80zZ5eNIhcO7pIW7","Ymvu50svVai947RgaYoGNGTwjbYtyuA7","legacyData"
"b2285b9a-f131-44e1-abea-382896843fc3","MOAB_011.basePlot.vst","2016-09-26","vst_MOAB_2016","D13","MOAB","MOAB_011",,"NEON.PLA.D13.MOAB.00170","ok","small shrub","Live",,,0.6,,,,0.8,0.6,,"half-sphere",1.6,10,,,,"wcMB+uWhN6DlxgYb80zZ5eNIhcO7pIW7","Ymvu50svVai947RgaYoGNGTwjbYtyuA7","legacyData"
"fc816533-2140-40af-87f8-1e8a4f2e2476","MOAB_011.basePlot.vst","2016-09-26","vst_MOAB_2016","D13","MOAB","MOAB_011",,"NEON.PLA.D13.MOAB.00145","ok","small shrub","Live",,,0.5,,,,0.8,0.5,,"half-sphere",2.2,10,,,,"wcMB+uWhN6DlxgYb80zZ5eNIhcO7pIW7","Ymvu50svVai947RgaYoGNGTwjbYtyuA7","legacyData"
"e2671a1f-c466-4f07-926b-7b280d283956","MOAB_011.basePlot.vst","2016-09-26","vst_MOAB_2016","D13","MOAB","MOAB_011",,"NEON.PLA.D13.MOAB.00148","ok","small shrub","Live",,,1.0,,,,1.2,1.0,,"half-sphere",7.1,10,,,,"wcMB+uWhN6DlxgYb80zZ5eNIhcO7pIW7","Ymvu50svVai947RgaYoGNGTwjbYtyuA7","legacyData"
"91f7c99c-3e60-4039-8e05-d0d59ba13bdd","MOAB_011.basePlot.vst","2016-09-26","vst_MOAB_2016","D13","MOAB","MOAB_011",,"NEON.PLA.D13.MOAB.00141","ok","small shrub","Live",,,0.7,,,,1.1,1.1,,"half-sphere",2.9,10,,,,"wcMB+uWhN6DlxgYb80zZ5eNIhcO7pIW7","Ymvu50svVai947RgaYoGNGTwjbYtyuA7","legacyData"
"1379e15e-6dfb-4134-9d58-b8b9ae91707d","MOAB_011.basePlot.vst","2016-09-26","vst_MOAB_2016","D13","MOAB","MOAB_011",,"NEON.PLA.D13.MOAB.00169","ok","small shrub","Live",,,0.6,,,,1.5,0.8,,"oblate half-sphere",3.0,10,,,,"wcMB+uWhN6DlxgYb80zZ5eNIhcO7pIW7","Ymvu50svVai947RgaYoGNGTwjbYtyuA7","legacyData"
"82e7794f-5740-495e-a462-00bf3a578ccf","MOAB_011.basePlot.vst","2016-09-26","vst_MOAB_2016","D13","MOAB","MOAB_011",,"NEON.PLA.D13.MOAB.00173","ok","small shrub","Live",,,0.8,,,,1.2,1.0,,"half-sphere",2.2,10,,,,"wcMB+uWhN6DlxgYb80zZ5eNIhcO7pIW7","Ymvu50svVai947RgaYoGNGTwjbYtyuA7","legacyData"
"e941178f-a450-4d9a-b07b-60d382f1b782","MOAB_011.basePlot.vst","2016-09-26","vst_MOAB_2016","D13","MOAB","MOAB_011",,"NEON.PLA.D13.MOAB.00159","ok","small shrub","Live",,,0.6,,,,0.9,0.8,,"half-sphere",2.5,10,,,,"wcMB+uWhN6DlxgYb80zZ5eNIhcO7pIW7","Ymvu50svVai947RgaYoGNGTwjbYtyuA7","legacyData"
"3ce2068d-57d7-4bd1-ade1-6aff611b8588","MOAB_011.basePlot.vst","2016-09-26","vst_MOAB_2016","D13","MOAB","MOAB_011",,"NEON.PLA.D13.MOAB.00173","ok","small shrub","Live",,,0.8,,,,1.2,1.0,,"half-sphere",3.4,10,,,,"wcMB+uWhN6DlxgYb80zZ5eNIhcO7pIW7","Ymvu50svVai947RgaYoGNGTwjbYtyuA7","legacyData"
"4d318be9-c79d-415e-80eb-510404e486fe","MOAB_011.basePlot.vst","2016-09-26","vst_MOAB_2016","D13","MOAB","MOAB_011",,"NEON.PLA.D13.MOAB.00167","ok","small shrub","Live",,,0.6,,,,0.9,0.5,,"half-sphere",1.7,10,,,,"wcMB+uWhN6DlxgYb80zZ5eNIhcO7pIW7","Ymvu50svVai947RgaYoGNGTwjbYtyuA7","legacyData"
"0bb5b70f-7b21-48b4-93df-69acbf334350","MOAB_011.basePlot.vst","2016-09-26","vst_MOAB_2016","D13","MOAB","MOAB_011",,"NEON.PLA.D13.MOAB.00157","ok","small shrub","Live",,,0.5,,,,1.2,1.1,,"oblate half-sphere",5.0,10,,,,"wcMB+uWhN6DlxgYb80zZ5eNIhcO7pIW7","Ymvu50svVai947RgaYoGNGTwjbYtyuA7","legacyData"
"6c1ce141-1909-4c5d-926e-434fd0baf579","MOAB_011.basePlot.vst","2016-09-26","vst_MOAB_2016","D13","MOAB","MOAB_011",,"NEON.PLA.D13.MOAB.00175","ok","small shrub","Live",,,0.4,,,,0.6,0.6,,"half-sphere",1.1,10,,,,"wcMB+uWhN6DlxgYb80zZ5eNIhcO7pIW7","Ymvu50svVai947RgaYoGNGTwjbYtyuA7","legacyData"
"71e0e1ea-2e16-47ea-9716-4a5e87a26a9d","MOAB_011.basePlot.vst","2016-09-26","vst_MOAB_2016","D13","MOAB","MOAB_011",,"NEON.PLA.D13.MOAB.00162","ok","small shrub","Live",,,0.5,,,,1.1,0.5,,"half-sphere",2.6,10,,,,"wcMB+uWhN6DlxgYb80zZ5eNIhcO7pIW7","Ymvu50svVai947RgaYoGNGTwjbYtyuA7","legacyData"
"7ab75277-8653-474b-b2fb-6a534b1cb663","MOAB_011.basePlot.vst","2016-09-26","vst_MOAB_2016","D13","MOAB","MOAB_011",,"NEON.PLA.D13.MOAB.00150","ok","small shrub","Live",,,0.4,,,,0.8,0.7,,"oblate half-sphere",1.9,10,,,,"wcMB+uWhN6DlxgYb80zZ5eNIhcO7pIW7","Ymvu50svVai947RgaYoGNGTwjbYtyuA7","legacyData"
"bf3693af-9dca-475d-931b-ebd9bde5b354","MOAB_011.basePlot.vst","2016-09-26","vst_MOAB_2016","D13","MOAB","MOAB_011",,"NEON.PLA.D13.MOAB.00164","ok","small shrub","Live",,,0.7,,,,2.9,1.0,,"half-sphere",2.6,10,,,,"wcMB+uWhN6DlxgYb80zZ5eNIhcO7pIW7","Ymvu50svVai947RgaYoGNGTwjbYtyuA7","legacyData"
"ac576d64-0688-4975-83fc-d84692810dc3","MOAB_011.basePlot.vst","2016-09-26","vst_MOAB_2016","D13","MOAB","MOAB_011",,"NEON.PLA.D13.MOAB.00149","ok","small shrub","Live",,,0.6,,,,1.1,0.6,,"half-sphere",3.0,10,,,,"wcMB+uWhN6DlxgYb80zZ5eNIhcO7pIW7","Ymvu50svVai947RgaYoGNGTwjbYtyuA7","legacyData"
"cc813206-9ce4-47bd-812f-084b76315b27","MOAB_011.basePlot.vst","2016-09-26","vst_MOAB_2016","D13","MOAB","MOAB_011",,"NEON.PLA.D13.MOAB.00180","ok","small shrub","Live",,,0.2,,,,0.3,0.2,,"oblate half-sphere",4.5,10,,,,"wcMB+uWhN6DlxgYb80zZ5eNIhcO7pIW7","Ymvu50svVai947RgaYoGNGTwjbYtyuA7","legacyData"
"e8e3d7c8-7d91-4f59-8bf9-3f919ece0676","MOAB_011.basePlot.vst","2016-09-26","vst_MOAB_2016","D13","MOAB","MOAB_011",,"NEON.PLA.D13.MOAB.00135","ok","small shrub","Live",,,0.3,,,,0.6,0.5,,"half-sphere",3.3,10,,,,"wcMB+uWhN6DlxgYb80zZ5eNIhcO7pIW7","Ymvu50svVai947RgaYoGNGTwjbYtyuA7","legacyData"
"deb3668b-0487-43dc-a863-21ee8d98b5e7","MOAB_011.basePlot.vst","2016-09-26","vst_MOAB_2016","D13","MOAB","MOAB_011",,"NEON.PLA.D13.MOAB.00153","ok","small shrub","Live",,,0.5,,,,1.2,1.0,,"oblate half-sphere",1.3,10,,,,"wcMB+uWhN6DlxgYb80zZ5eNIhcO7pIW7","Ymvu50svVai947RgaYoGNGTwjbYtyuA7","legacyData"
"7a454c66-4825-41d3-8d2d-2c7adcea62eb","MOAB_011.basePlot.vst","2016-09-26","vst_MOAB_2016","D13","MOAB","MOAB_011",,"NEON.PLA.D13.MOAB.00161","ok","small shrub","Live",,,0.3,,,,0.5,0.5,,"oblate half-sphere",1.1,10,,,,"wcMB+uWhN6DlxgYb80zZ5eNIhcO7pIW7","Ymvu50svVai947RgaYoGNGTwjbYtyuA7","legacyData"
"ad16bd7d-436a-4695-9865-68f1f49fadea","MOAB_011.basePlot.vst","2016-09-26","vst_MOAB_2016","D13","MOAB","MOAB_011",,"NEON.PLA.D13.MOAB.00173","ok","small shrub","Live",,,0.8,,,,1.2,1.0,,"half-sphere",4.3,10,,,,"wcMB+uWhN6DlxgYb80zZ5eNIhcO7pIW7","Ymvu50svVai947RgaYoGNGTwjbYtyuA7","legacyData"
"e8fbb574-47cd-4085-aac8-2e6dc9a28502","MOAB_011.basePlot.vst","2016-09-26","vst_MOAB_2016","D13","MOAB","MOAB_011",,"NEON.PLA.D13.MOAB.00178","ok","small shrub","Live",,,0.3,,,,0.3,0.3,,"half-sphere",1.2,10,,,,"wcMB+uWhN6DlxgYb80zZ5eNIhcO7pIW7","Ymvu50svVai947RgaYoGNGTwjbYtyuA7","legacyData"
"da059a68-c166-4117-91cd-6b42948e3ade","MOAB_011.basePlot.vst","2016-09-26","vst_MOAB_2016","D13","MOAB","MOAB_011",,"NEON.PLA.D13.MOAB.00145","ok","small shrub","Live",,,0.5,,,,0.8,0.5,,"half-sphere",2.6,10,,,,"wcMB+uWhN6DlxgYb80zZ5eNIhcO7pIW7","Ymvu50svVai947RgaYoGNGTwjbYtyuA7","legacyData"
"d7e94a3f-4b23-49f5-9efa-d252ad8d2432","MOAB_011.basePlot.vst","2016-09-26","vst_MOAB_2016","D13","MOAB","MOAB_011",,"NEON.PLA.D13.MOAB.00171","ok","small shrub","Live",,,0.7,,,,1.0,0.6,,"half-sphere",2.7,10,,,,"wcMB+uWhN6DlxgYb80zZ5eNIhcO7pIW7","Ymvu50svVai947RgaYoGNGTwjbYtyuA7","legacyData"
"64c10399-60aa-4965-ac8a-7d5245e2785d","MOAB_011.basePlot.vst","2016-09-26","vst_MOAB_2016","D13","MOAB","MOAB_011",,"NEON.PLA.D13.MOAB.00141","ok","small shrub","Live",,,0.7,,,,1.1,1.1,,"half-sphere",2.9,10,,,,"wcMB+uWhN6DlxgYb80zZ5eNIhcO7pIW7","Ymvu50svVai947RgaYoGNGTwjbYtyuA7","legacyData"
"45dffdd6-aa70-49d1-bad1-0e3736cf05a4","MOAB_011.basePlot.vst","2016-09-26","vst_MOAB_2016","D13","MOAB","MOAB_011",,"NEON.PLA.D13.MOAB.00166","ok","small shrub","Live",,,0.5,,,,1.0,0.7,,"oblate half-sphere",2.9,10,,,,"wcMB+uWhN6DlxgYb80zZ5eNIhcO7pIW7","Ymvu50svVai947RgaYoGNGTwjbYtyuA7","legacyData"
"10d4d375-2371-4f9d-ad76-797ec6ac60b7","MOAB_011.basePlot.vst","2016-09-26","vst_MOAB_2016","D13","MOAB","MOAB_011",,"NEON.PLA.D13.MOAB.00162","ok","small shrub","Live",,,0.5,,,,1.1,0.5,,"half-sphere",3.6,10,,,,"wcMB+uWhN6DlxgYb80zZ5eNIhcO7pIW7","Ymvu50svVai947RgaYoGNGTwjbYtyuA7","legacyData"
"b747b0a6-fd79-404d-b980-1efe9f055869","MOAB_011.basePlot.vst","2016-09-26","vst_MOAB_2016","D13","MOAB","MOAB_011",,"NEON.PLA.D13.MOAB.00141","ok","small shrub","Live",,,0.7,,,,1.1,1.1,,"half-sphere",3.6,10,,,,"wcMB+uWhN6DlxgYb80zZ5eNIhcO7pIW7","Ymvu50svVai947RgaYoGNGTwjbYtyuA7","legacyData"
"a36d487a-b029-42d1-8644-757d1402c186","MOAB_011.basePlot.vst","2016-09-26","vst_MOAB_2016","D13","MOAB","MOAB_011",,"NEON.PLA.D13.MOAB.00162","ok","small shrub","Live",,,0.5,,,,1.1,0.5,,"half-sphere",4.2,10,,,,"wcMB+uWhN6DlxgYb80zZ5eNIhcO7pIW7","Ymvu50svVai947RgaYoGNGTwjbYtyuA7","legacyData"
"23926950-7f25-4e05-b7f1-c391db6efb2e","MOAB_011.basePlot.vst","2016-09-26","vst_MOAB_2016","D13","MOAB","MOAB_011",,"NEON.PLA.D13.MOAB.00147","ok","small shrub","Live",,,0.9,,,,1.6,1.2,,"half-sphere",2.3,10,,,,"wcMB+uWhN6DlxgYb80zZ5eNIhcO7pIW7","Ymvu50svVai947RgaYoGNGTwjbYtyuA7","legacyData"
"3cba333d-5505-458e-9b15-f15137ec6a8b","MOAB_011.basePlot.vst","2016-09-26","vst_MOAB_2016","D13","MOAB","MOAB_011",,"NEON.PLA.D13.MOAB.00140","ok","small shrub","Live",,,0.3,,,,0.5,0.3,,"oblate half-sphere",1.6,10,,,,"wcMB+uWhN6DlxgYb80zZ5eNIhcO7pIW7","Ymvu50svVai947RgaYoGNGTwjbYtyuA7","legacyData"
"d4c97ff8-c23e-45e7-9297-9548ac5cf774","MOAB_011.basePlot.vst","2016-09-26","vst_MOAB_2016","D13","MOAB","MOAB_011",,"NEON.PLA.D13.MOAB.00145","ok","small shrub","Live",,,0.5,,,,0.8,0.5,,"half-sphere",1.9,10,,,,"wcMB+uWhN6DlxgYb80zZ5eNIhcO7pIW7","Ymvu50svVai947RgaYoGNGTwjbYtyuA7","legacyData"
"02643f25-a1dc-4a59-b884-254a3aef7b9b","MOAB_011.basePlot.vst","2016-09-26","vst_MOAB_2016","D13","MOAB","MOAB_011",,"NEON.PLA.D13.MOAB.00183","ok","small shrub","Live",,,0.8,,,,1.9,1.1,,"half-sphere",3.2,10,,,,"wcMB+uWhN6DlxgYb80zZ5eNIhcO7pIW7","Ymvu50svVai947RgaYoGNGTwjbYtyuA7","legacyData"
"00eea4cf-37e5-4161-9631-5c855bb1e774","MOAB_011.basePlot.vst","2016-09-26","vst_MOAB_2016","D13","MOAB","MOAB_011",,"NEON.PLA.D13.MOAB.00149","ok","small shrub","Live",,,0.6,,,,1.1,0.6,,"half-sphere",2.3,10,,,,"wcMB+uWhN6DlxgYb80zZ5eNIhcO7pIW7","Ymvu50svVai947RgaYoGNGTwjbYtyuA7","legacyData"
"da8aad09-456a-48e5-9e08-795475e52ba7","MOAB_011.basePlot.vst","2016-09-26","vst_MOAB_2016","D13","MOAB","MOAB_011",,"NEON.PLA.D13.MOAB.00150","ok","small shrub","Live",,,0.4,,,,0.8,0.7,,"oblate half-sphere",1.7,10,,,,"wcMB+uWhN6DlxgYb80zZ5eNIhcO7pIW7","Ymvu50svVai947RgaYoGNGTwjbYtyuA7","legacyData"
"7fec63ae-4939-46a3-88ba-fb0f204b57f4","MOAB_011.basePlot.vst","2016-09-26","vst_MOAB_2016","D13","MOAB","MOAB_011",,"NEON.PLA.D13.MOAB.00166","ok","small shrub","Live",,,0.5,,,,1.0,0.7,,"oblate half-sphere",1.5,10,,,,"wcMB+uWhN6DlxgYb80zZ5eNIhcO7pIW7","Ymvu50svVai947RgaYoGNGTwjbYtyuA7","legacyData"
"5febfc67-bd0f-479f-92e5-eaa5b8a07a68","MOAB_011.basePlot.vst","2016-09-26","vst_MOAB_2016","D13","MOAB","MOAB_011",,"NEON.PLA.D13.MOAB.00156","ok","small shrub","Live",,,0.5,,,,1.0,0.6,,"oblate half-sphere",1.3,10,,,,"wcMB+uWhN6DlxgYb80zZ5eNIhcO7pIW7","Ymvu50svVai947RgaYoGNGTwjbYtyuA7","legacyData"
