uid,namedLocation,date,domainID,siteID,plotID,plotType,nlcdClass,decimalLatitude,decimalLongitude,geodeticDatum,coordinateUncertainty,easting,northing,utmZone,elevation,elevationUncertainty,eventID,samplingProtocolVersion,treesPresent,treesAbsentList,shrubsPresent,shrubsAbsentList,lianasPresent,lianasAbsentList,nestedSubplotAreaShrubSapling,nestedSubplotAreaLiana,totalSampledAreaTrees,totalSampledAreaShrubSapling,totalSampledAreaLiana,remarks,measuredBy,recordedBy,dataQF
"96bb51bb-a779-472b-bcf8-52ff107c3677","MOAB_017.basePlot.vst","2016-09-07","D13","MOAB","MOAB_017","distributed","shrubScrub",38.252302,-109.384307,"WGS84",20.1,641370.57,4235043.32,"12N",1793.8,0.1,"vst_MOAB_2016","NEON.DOC.000987vF","N",,"Y",,"N",,"noneSelected","noneSelected",400,400,400,,"W+a35C/f5OdAWRb04dAh0sw0TUBSwvpg","wcMB+uWhN6DlxgYb80zZ5eNIhcO7pIW7",
"151d91b8-0ec3-4b10-a4c9-7725b8b584ec","MOAB_005.basePlot.vst","2016-09-09","D13","MOAB","MOAB_005","distributed","shrubScrub",38.210931,-109.403724,"WGS84",20.1,639750.68,4230423.03,"12N",1768.1,0.1,"vst_MOAB_2016","NEON.DOC.000987vF","N",,"Y",,"N",,"noneSelected","noneSelected",400,400,400,,"AEHs9POVeZp4yHnYMRE16RKy8iMNUCP/","Ymvu50svVai947RgaYoGNGTwjbYtyuA7",
"926afc61-e56f-409f-8a72-246886d0cd21","MOAB_019.basePlot.vst","2016-09-15","D13","MOAB","MOAB_019","distributed","shrubScrub",38.272958,-109.411628,"WGS84",20.1,638940.52,4237294.06,"12N",1821.6,0.1,"vst_MOAB_2016","NEON.DOC.000987vF","N",,"Y",,"N",,"10","noneSelected",400,80,400,,"Ymvu50svVai947RgaYoGNGTwjbYtyuA7","zfKUmaCw/fmMIyFtNIUAZaoavJKpjMmv",
"96167df2-5762-4a88-80a4-2ba892fff5bf","MOAB_015.basePlot.vst","2016-09-15","D13","MOAB","MOAB_015","distributed","shrubScrub",38.254257,-109.427818,"WGS84",20.1,637559.51,4235194.67,"12N",1774.9,0.1,"vst_MOAB_2016","NEON.DOC.000987vF","N",,"Y",,"N",,"noneSelected","noneSelected",400,400,400,,"A/RRczOckiF0yLsm5QLvenZZSpmx5R/GxdMYXQe8nd8aK+63Kw71Xg==","Ymvu50svVai947RgaYoGNGTwjbYtyuA7",
"ae45394a-bd50-4a99-b73a-0243cf172dd1","MOAB_006.basePlot.vst","2016-09-22","D13","MOAB","MOAB_006","distributed","shrubScrub",38.236381,-109.406596,"WGS84",20.1,639450.62,4233242.79,"12N",1760.7,0.1,"vst_MOAB_2016","NEON.DOC.000987vF","N",,"Y",,"N",,"noneSelected","noneSelected",400,400,400,,"wcMB+uWhN6DlxgYb80zZ5eNIhcO7pIW7","Ymvu50svVai947RgaYoGNGTwjbYtyuA7",
"7a659847-450b-4c0f-858f-49609b8a2ead","MOAB_011.basePlot.vst","2016-09-26","D13","MOAB","MOAB_011","distributed","shrubScrub",38.265111,-109.411809,"WGS84",20.1,638939.64,4236423.03,"12N",1816.4,0.1,"vst_MOAB_2016","NEON.DOC.000987vG","N",,"Y",,"N",,"noneSelected","noneSelected",400,400,400,,"Ymvu50svVai947RgaYoGNGTwjbYtyuA7","wcMB+uWhN6DlxgYb80zZ5eNIhcO7pIW7",
