uid,namedLocation,plotID,collectDate,identifiedDate,sampleID,subsampleID,scientificName,acceptedTaxonID,taxonRank,family,subfamily,tribe,subtribe,genus,subgenus,specificEpithet,infraspecificEpithet,identificationQualifier,identificationReferences,identificationProtocolVersion,scientificNameAuthorship,sexOrAge,individualCount,sampleCondition,archiveMedium,archiveFacilityID,deprecatedVialID,identifiedBy,laboratoryName,remarks
"5b1fdee1-f5a2-4cc7-afd6-b133d4fa8025","BLAN_012.tickPlot.tck","BLAN_012","2017-07-10T15:49Z","2017-09-30T16:00Z","BLAN_012.20170710","BLAN_012.20170710.IXOSP.L","Ixodidae sp.","IXOSP","family","Ixodidae",,,,,,"sp.",,,,"GSU_tickIdentification_SOP_2016-11-01.pdf",,"Larva",1,"OK","90% ethanol","USNMENT01358731","BLAN_012.20170710.L","Guy Hobbs","Georgia Southern University",
"ef0a56d3-cf80-48c0-bcc3-d01cb3c0524c","BLAN_012.tickPlot.tck","BLAN_012","2017-07-10T15:49Z","2018-01-30T17:00Z","BLAN_012.20170710","BLAN_012.20170710.IXOSCA.N","Ixodes scapularis","IXOSCA","species","Ixodidae",,,,"Ixodes",,"scapularis",,,"Cooley, R. A. and G. M. Kohls. 1945. The genus Ixodes in North America. National Institute of Health Bulletin, 184.","GSU_tickIdentification_SOP_2016-11-01.pdf","Say","Nymph",2,"OK","90% ethanol","USNMENT01358732","BLAN_012.20170710.IXOSCA.N","Lorenza Beati","Georgia Southern University",
"ff692c0e-0100-4208-8eb2-80452d89342d","BLAN_015.tickPlot.tck","BLAN_015","2017-07-10T17:19Z","2017-09-30T16:00Z","BLAN_015.20170710","BLAN_015.20170710.IXOSP.L","Ixodidae sp.","IXOSP","family","Ixodidae",,,,,,"sp.",,,,"GSU_tickIdentification_SOP_2016-11-01.pdf",,"Larva",1,"OK","90% ethanol","USNMENT01358730","BLAN_015.20170710.L","Guy Hobbs","Georgia Southern University",
"9ac758a9-7551-44d4-b4b5-268f508cf60a","BLAN_005.tickPlot.tck","BLAN_005","2017-07-10T18:11Z","2017-09-30T16:00Z","BLAN_005.20170710","BLAN_005.20170710.IXOSP.L","Ixodidae sp.","IXOSP","family","Ixodidae",,,,,,"sp.",,,,"GSU_tickIdentification_SOP_2016-11-01.pdf",,"Larva",1,"OK","90% ethanol","USNMENT01358733","BLAN_005.20170710.L","Guy Hobbs","Georgia Southern University",
"699fa6fb-4162-426e-928b-f5a359aaa997","BLAN_005.tickPlot.tck","BLAN_005","2017-07-10T18:11Z","2018-01-30T17:00Z","BLAN_005.20170710","BLAN_005.20170710.IXOSCA.N","Ixodes scapularis","IXOSCA","species","Ixodidae",,,,"Ixodes",,"scapularis",,,"Cooley, R. A. and G. M. Kohls. 1945. The genus Ixodes in North America. National Institute of Health Bulletin, 184.","GSU_tickIdentification_SOP_2016-11-01.pdf","Say","Nymph",4,"OK","90% ethanol","USNMENT01358734","BLAN_005.20170710.IXOSCA.N","Lorenza Beati","Georgia Southern University",
"ab355549-b157-4765-8e46-aeed88825710","BLAN_005.tickPlot.tck","BLAN_005","2017-07-31T15:31Z","2017-10-13T16:00Z","BLAN_005.20170731","BLAN_005.20170731.IXOSP.L","Ixodidae sp.","IXOSP","family","Ixodidae",,,,,,"sp.",,,,"GSU_tickIdentification_SOP_2016-11-01.pdf",,"Larva",1,"OK","90% ethanol","USNMENT01358791","BLAN_005.20170731.L","Guy Hobbs","Georgia Southern University",
"52a3c116-0471-4a93-88b7-1cfba3a287f9","BLAN_005.tickPlot.tck","BLAN_005","2017-07-31T15:31Z","2018-01-13T17:00Z","BLAN_005.20170731","BLAN_005.20170731.AMBAME.N","Amblyomma americanum","AMBAME","species","Ixodidae",,,,"Amblyomma",,"americanum",,,"Cooley, R. A. and G. M. Kohls. 1944. The genus Amblyomma (ixodidae) in the United States. The Journal of Parasitology, 30(2):77-111.","GSU_tickIdentification_SOP_2016-11-01.pdf","Linnaeus","Nymph",3,"OK","90% ethanol","USNMENT01358793","BLAN_005.20170731.AMBAME.N","Lorenza Beati","Georgia Southern University",
"28371086-93c8-464f-b558-d183e30b197b","BLAN_005.tickPlot.tck","BLAN_005","2017-07-31T15:31Z","2018-01-13T17:00Z","BLAN_005.20170731","BLAN_005.20170731.IXOSCA.N","Ixodes scapularis","IXOSCA","species","Ixodidae",,,,"Ixodes",,"scapularis",,,"Cooley, R. A. and G. M. Kohls. 1945. The genus Ixodes in North America. National Institute of Health Bulletin, 184.","GSU_tickIdentification_SOP_2016-11-01.pdf","Say","Nymph",10,"OK","90% ethanol","USNMENT01358792","BLAN_005.20170731.IXOSCA.N","Lorenza Beati","Georgia Southern University",
