uid,namedLocation,domainID,siteID,plotID,plotType,nlcdClass,decimalLatitude,decimalLongitude,geodeticDatum,coordinateUncertainty,elevation,elevationUncertainty,collectDate,eventID,sampleID,sampleCode,samplingMethod,totalSampledArea,targetTaxaPresent,adultCount,nymphCount,larvaCount,sampleCondition,samplingProtocolVersion,measuredBy,remarks
"ed0f67aa-e6af-4e95-a76b-75b9e3b3535d","BLAN_002.tickPlot.tck","D02","BLAN","BLAN_002","distributed","pastureHay",39.091474,-77.982149,"WGS84",20.1,145.6,0.1,"2017-07-10T14:31Z","BLAN.2017.29",,,"drag",161,"N",0,0,0,"No known compromise","NEON.DOC.014045vH","5KHGCJU8MVi1+7ablrc8J9GceIxGWQkD57A2WbAFRSE=","SW post is missing"
"de12bf39-aebd-437c-9d8c-52ccefd1af6e","BLAN_004.tickPlot.tck","D02","BLAN","BLAN_004","distributed","pastureHay",39.088416,-77.961331,"WGS84",20.1,123.7,0.1,"2017-07-10T15:38Z","BLAN.2017.29",,,"drag",160,"N",0,0,0,"No known compromise","NEON.DOC.014045vH","5KHGCJU8MVi1+7ablrc8J9GceIxGWQkD57A2WbAFRSE=",
"e8f126d7-3aa2-4f97-8c48-3b10239c4b53","BLAN_012.tickPlot.tck","D02","BLAN","BLAN_012","distributed","deciduousForest",39.082720,-77.959589,"WGS84",20.2,135.1,0.2,"2017-07-10T15:49Z","BLAN.2017.29","BLAN_012.20170710",,"drag and flag",155,"Y",0,2,42,"No known compromise","NEON.DOC.014045vH","65MrXCKZ6BZHMIpBwLFSzI3B2iyqckQKC2QVdjxfI44=",
"7352cbf2-46c1-4249-ac27-5446183ce26a","BLAN_008.tickPlot.tck","D02","BLAN","BLAN_008","distributed","pastureHay",39.083870,-77.966320,"WGS84",20.4,159.6,0.5,"2017-07-10T17:11Z","BLAN.2017.29",,,"drag",160,"N",0,0,0,"No known compromise","NEON.DOC.014045vH","5KHGCJU8MVi1+7ablrc8J9GceIxGWQkD57A2WbAFRSE=",
"ba782b64-9260-458e-ad59-410eec9b66bb","BLAN_015.tickPlot.tck","D02","BLAN","BLAN_015","distributed","deciduousForest",39.088728,-77.955494,"WGS84",20.2,125.9,0.2,"2017-07-10T17:19Z","BLAN.2017.29","BLAN_015.20170710",,"drag",160,"Y",0,0,304,"No known compromise","NEON.DOC.014045vH","65MrXCKZ6BZHMIpBwLFSzI3B2iyqckQKC2QVdjxfI44=",
"30bbf3c8-ec20-4bac-b465-5e42b37a7106","BLAN_005.tickPlot.tck","D02","BLAN","BLAN_005","distributed","deciduousForest",39.086223,-77.972729,"WGS84",20.2,169.1,0.3,"2017-07-10T18:11Z","BLAN.2017.29","BLAN_005.20170710",,"drag",154,"Y",0,4,248,"No known compromise","NEON.DOC.014045vH","5KHGCJU8MVi1+7ablrc8J9GceIxGWQkD57A2WbAFRSE=",
"eb33a1d5-b54e-4bc9-9af0-14d98509d990","BLAN_002.tickPlot.tck","D02","BLAN","BLAN_002","distributed","pastureHay",39.091474,-77.982149,"WGS84",20.1,145.6,0.1,"2017-07-31T14:04Z","BLAN.2017.32",,,"drag",80,"N",0,0,0,,"NEON.DOC.014045vH","65MrXCKZ6BZHMIpBwLFSzI3B2iyqckQKC2QVdjxfI44=","post missing from SW corner and didn't have a rangefinder to locate 2 sides"
"9cfde486-21ff-4b51-b7ec-63fbe8dd3ff5","BLAN_004.tickPlot.tck","D02","BLAN","BLAN_004","distributed","pastureHay",39.088416,-77.961331,"WGS84",20.1,123.7,0.1,"2017-07-31T14:30Z","BLAN.2017.32",,,"drag",160,"N",0,0,0,,"NEON.DOC.014045vH","65MrXCKZ6BZHMIpBwLFSzI3B2iyqckQKC2QVdjxfI44=",
"f3058666-3e70-4376-bacd-c8c5086bc35c","BLAN_008.tickPlot.tck","D02","BLAN","BLAN_008","distributed","pastureHay",39.083870,-77.966320,"WGS84",20.4,159.6,0.5,"2017-07-31T14:58Z","BLAN.2017.32",,,"drag",160,"N",0,0,0,,"NEON.DOC.014045vH","65MrXCKZ6BZHMIpBwLFSzI3B2iyqckQKC2QVdjxfI44=",
"a5b033b6-62c4-494d-a59f-27e8177629c5","BLAN_005.tickPlot.tck","D02","BLAN","BLAN_005","distributed","deciduousForest",39.086223,-77.972729,"WGS84",20.2,169.1,0.3,"2017-07-31T15:31Z","BLAN.2017.32","BLAN_005.20170731",,"drag",164,"Y",0,14,305,"Other (described in remarks)","NEON.DOC.014045vH","65MrXCKZ6BZHMIpBwLFSzI3B2iyqckQKC2QVdjxfI44=","one nymph fell off before it could be collected"
