uid,namedLocation,domainID,siteID,plotID,plotType,nlcdClass,decimalLatitude,decimalLongitude,geodeticDatum,coordinateUncertainty,elevation,elevationUncertainty,collectDate,eventID,sampleID,sampleCode,samplingMethod,totalSampledArea,targetTaxaPresent,adultCount,nymphCount,larvaCount,sampleCondition,samplingProtocolVersion,measuredBy,remarks
"c09471fb-8090-4c57-828a-bc1284631d0d","UNDE_013.tickPlot.tck","D05","UNDE","UNDE_013","distributed","deciduousForest",46.227776,-89.535166,"WGS84",20.2,510.3,0.3,"2018-09-06T17:18Z","UNDE.2018.36",,,"drag and flag",145,"N",0,0,0,,"NEON.DOC.014045vJ","2Li2TmTZ1dmTCu9unJAMhJSXNkcRpdMMg0Aw45oBndk=",
"99632ff7-2ff6-469c-b821-0d4abdf1331a","UNDE_019.tickPlot.tck","D05","UNDE","UNDE_019","distributed","deciduousForest",46.257425,-89.542054,"WGS84",20.2,519.0,0.2,"2018-09-06T19:18Z","UNDE.2018.36",,,"drag and flag",157,"N",0,0,0,,"NEON.DOC.014045vJ","2Li2TmTZ1dmTCu9unJAMhJSXNkcRpdMMg0Aw45oBndk=",
"47e3b426-3098-4f53-934b-21ed8ce45c3f","UNDE_017.tickPlot.tck","D05","UNDE","UNDE_017","distributed","mixedForest",46.236736,-89.497054,"WGS84",20.1,518.8,0.2,"2018-09-07T04:20Z","UNDE.2018.36",,,"drag and flag",139,"N",0,0,0,,"NEON.DOC.014045vJ","2Li2TmTZ1dmTCu9unJAMhJSXNkcRpdMMg0Aw45oBndk=",
"07420ae2-496f-43d5-b13b-257b1e533199","UNDE_002.tickPlot.tck","D05","UNDE","UNDE_002","distributed","woodyWetlands",46.242285,-89.543255,"WGS84",20.3,506.2,0.4,"2018-09-07T17:45Z","UNDE.2018.36",,,"flag",139,"N",0,0,0,,"NEON.DOC.014045vJ","J4gztqMdLf0q1UA9iNDYKjIDa0NBJAOfeqnAdg1Dr6Q=",
"ecb29da4-2afd-4250-9378-712537bf4bff","UNDE_999.tickPlot.tck","D05","UNDE","UNDE_999","distributed","woodyWetlands",46.256243,-89.534200,"WGS84",20.2,507.1,0.3,"2018-09-07T18:50Z","UNDE.2018.36",,,"flag",149,"N",0,0,0,,"NEON.DOC.014045vJ","UrIrVULjX6rksC5Bv8RX5xSv+khuOcTHtU/lAp2t5w8=",
