uid,namedLocation,domainID,siteID,plotID,plotType,nlcdClass,decimalLatitude,decimalLongitude,geodeticDatum,coordinateUncertainty,elevation,elevationUncertainty,collectDate,eventID,sampleID,sampleCode,samplingMethod,totalSampledArea,targetTaxaPresent,adultCount,nymphCount,larvaCount,sampleCondition,samplingProtocolVersion,measuredBy,remarks
"d203a586-fd3f-4df5-ae20-f82788d00169","STEI_029.tickPlot.tck","D05","STEI","STEI_029","distributed","mixedForest",45.832878,-90.075489,"WGS84",20.1,492.2,0.2,"2018-09-17T15:28Z","STEI.2018.38",,,"drag and flag",166,"N",0,0,0,,"NEON.DOC.014045vJ","Syw2LXB/pj+fmGCuwdgBGVryVUmYhw3g",
"45c3926a-40d3-4857-ac98-f1504a31b8a8","STEI_005.tickPlot.tck","D05","STEI","STEI_005","distributed","deciduousForest",45.825112,-90.085882,"WGS84",20.3,509.9,0.5,"2018-09-17T16:46Z","STEI.2018.38",,,"drag and flag",160,"N",0,0,0,,"NEON.DOC.014045vJ","J4gztqMdLf0q1UA9iNDYKjIDa0NBJAOfeqnAdg1Dr6Q=",
"54cdb1a5-f9f9-40c6-b50a-366304b145e2","STEI_001.tickPlot.tck","D05","STEI","STEI_001","distributed","deciduousForest",45.812978,-90.091123,"WGS84",20.3,509.3,0.4,"2018-09-17T16:59Z","STEI.2018.38",,,"flag",160,"N",0,0,0,,"NEON.DOC.014045vJ","UrIrVULjX6rksC5Bv8RX5xSv+khuOcTHtU/lAp2t5w8=",
"f7d4bcf7-7e6f-4555-831c-328a65756e81","STEI_003.tickPlot.tck","D05","STEI","STEI_003","distributed","deciduousForest",45.824086,-90.071058,"WGS84",20.3,510.1,0.5,"2018-09-17T17:28Z","STEI.2018.38",,,"drag and flag",160,"N",0,0,0,,"NEON.DOC.014045vJ","jzfp1twVTMq9AbFenwIjmeVtvjtEdzxKqou7cMppQ0w=",
"6db3d09a-2b7c-4abd-9394-ec477abf3933","STEI_002.tickPlot.tck","D05","STEI","STEI_002","distributed","deciduousForest",45.796166,-90.091452,"WGS84",20.2,520.3,0.4,"2018-09-17T17:59Z","STEI.2018.38",,,"drag and flag",159,"N",0,0,0,,"NEON.DOC.014045vJ","UrIrVULjX6rksC5Bv8RX5xSv+khuOcTHtU/lAp2t5w8=",
"98666b4f-26bc-4971-90ac-56575c7ded18","STEI_029.tickPlot.tck","D05","STEI","STEI_029","distributed","mixedForest",45.832878,-90.075489,"WGS84",20.1,492.2,0.2,"2018-09-17T18:30Z","STEI.2018.38","STEI_029.20180917","A00000001170","drag and flag",165,"Y",0,0,2,"No known compromise","NEON.DOC.014045vJ","J4gztqMdLf0q1UA9iNDYKjIDa0NBJAOfeqnAdg1Dr6Q=",
