uid,namedLocation,plotID,collectDate,identifiedDate,sampleID,subsampleID,scientificName,acceptedTaxonID,taxonRank,family,subfamily,tribe,subtribe,genus,subgenus,specificEpithet,infraspecificEpithet,identificationQualifier,identificationReferences,identificationProtocolVersion,scientificNameAuthorship,sexOrAge,individualCount,sampleCondition,archiveMedium,archiveFacilityID,deprecatedVialID,identifiedBy,laboratoryName,remarks
"3ff284a0-1799-4edf-8232-cbd02919ac0f","UKFS_003.tickPlot.tck","UKFS_003","2016-09-01T14:55Z","2017-06-27T16:00Z","UKFS_003.20160901","UKFS_003.20160901.IXOSP.L","Ixodidae sp.","IXOSP","family","Ixodidae",,,,,,"sp.",,,,"GSU_tickIdentification_SOP_2016-11-01.pdf",,"Larva",1,"OK","RNA stabilization buffer","USNMENT01358048","UKFS_003.20160901.L","Lorenza Beati","Georgia Southern University","over invoice limit, will not be billed"
"4b08bd23-1882-4d95-826f-9c79e384f905","UKFS_004.tickPlot.tck","UKFS_004","2016-09-01T16:40Z","2017-06-27T16:00Z","UKFS_004.20160901","UKFS_004.20160901.IXOSP.L","Ixodidae sp.","IXOSP","family","Ixodidae",,,,,,"sp.",,,,"GSU_tickIdentification_SOP_2016-11-01.pdf",,"Larva",1,"OK","RNA stabilization buffer","USNMENT01358046","UKFS_004.20160901.L","Lorenza Beati","Georgia Southern University","over invoice limit, will not be billed"
"b68fa200-b241-4e21-ab9d-790d5f49c204","UKFS_004.tickPlot.tck","UKFS_004","2016-09-01T16:40Z","2017-06-27T16:00Z","UKFS_004.20160901","UKFS_004.20160901.AMBAME.N","Amblyomma americanum","AMBAME","species","Ixodidae",,,,"Amblyomma",,"americanum",,,"Cooley, R. A. and G. M. Kohls. 1944. The genus Amblyomma (ixodidae) in the United States. The Journal of Parasitology, 30(2):77-111.","GSU_tickIdentification_SOP_2016-11-01.pdf","Linnaeus","Nymph",15,"OK","RNA stabilization buffer","USNMENT00984916","UKFS_004.20160901.AMBAME.N","Lorenza Beati","Georgia Southern University",
"604a5e04-2389-46f0-a46f-2cf758883f1d","UKFS_001.tickPlot.tck","UKFS_001","2016-09-01T18:39Z","2017-06-27T16:00Z","UKFS_001.20160901","UKFS_001.20160901.IXOSP.L","Ixodidae sp.","IXOSP","family","Ixodidae",,,,,,"sp.",,,,"GSU_tickIdentification_SOP_2016-11-01.pdf",,"Larva",1,"OK","RNA stabilization buffer","USNMENT01358045","UKFS_001.20160901.L","Lorenza Beati","Georgia Southern University","over invoice limit, will not be billed"
"7e87c179-92b1-491a-97da-9938a6dace9a","UKFS_001.tickPlot.tck","UKFS_001","2016-09-01T18:39Z","2017-06-27T16:00Z","UKFS_001.20160901","UKFS_001.20160901.AMBAME.N","Amblyomma americanum","AMBAME","species","Ixodidae",,,,"Amblyomma",,"americanum",,,"Cooley, R. A. and G. M. Kohls. 1944. The genus Amblyomma (ixodidae) in the United States. The Journal of Parasitology, 30(2):77-111.","GSU_tickIdentification_SOP_2016-11-01.pdf","Linnaeus","Nymph",31,"OK","RNA stabilization buffer","USNMENT00984917","UKFS_001.20160901.AMBAME.N","Lorenza Beati","Georgia Southern University",
"977f017e-6027-4ad2-ad67-432092e8069a","UKFS_002.tickPlot.tck","UKFS_002","2016-09-01T20:32Z","2017-06-27T16:00Z","UKFS_002.20160901","UKFS_002.20160901.IXOSP.L","Ixodidae sp.","IXOSP","family","Ixodidae",,,,,,"sp.",,,,"GSU_tickIdentification_SOP_2016-11-01.pdf",,"Larva",1,"OK","RNA stabilization buffer","USNMENT01358047","UKFS_002.20160901.L","Lorenza Beati","Georgia Southern University","over invoice limit, will not be billed"
"bf9f16bf-a293-46bf-9134-77174ba01abc","UKFS_002.tickPlot.tck","UKFS_002","2016-09-01T20:32Z","2017-06-27T16:00Z","UKFS_002.20160901","UKFS_002.20160901.AMBAME.N","Amblyomma americanum","AMBAME","species","Ixodidae",,,,"Amblyomma",,"americanum",,,"Cooley, R. A. and G. M. Kohls. 1944. The genus Amblyomma (ixodidae) in the United States. The Journal of Parasitology, 30(2):77-111.","GSU_tickIdentification_SOP_2016-11-01.pdf","Linnaeus","Nymph",4,"OK","RNA stabilization buffer","USNMENT00984919","UKFS_002.20160901.AMBAME.N","Lorenza Beati","Georgia Southern University",
"5ff4c992-114c-4f32-8083-26a401bac044","UKFS_004.tickPlot.tck","UKFS_004","2016-09-15T14:30Z","2017-06-27T16:00Z","UKFS_004.20160915","UKFS_004.20160915.AMBAME.N","Amblyomma americanum","AMBAME","species","Ixodidae",,,,"Amblyomma",,"americanum",,,"Cooley, R. A. and G. M. Kohls. 1944. The genus Amblyomma (ixodidae) in the United States. The Journal of Parasitology, 30(2):77-111.","GSU_tickIdentification_SOP_2016-11-01.pdf","Linnaeus","Nymph",6,"OK","RNA stabilization buffer","USNMENT00984913","UKFS_004.20160915.AMBAME.N","Lorenza Beati","Georgia Southern University",
"869ff51c-8542-43af-98a3-492a14f1c474","UKFS_004.tickPlot.tck","UKFS_004","2016-09-15T14:30Z","2017-06-27T16:00Z","UKFS_004.20160915","UKFS_004.20160915.IXOSP.L","Ixodidae sp.","IXOSP","family","Ixodidae",,,,,,"sp.",,,,"GSU_tickIdentification_SOP_2016-11-01.pdf",,"Larva",1,"OK","RNA stabilization buffer","USNMENT01358042","UKFS_004.20160915.L","Lorenza Beati","Georgia Southern University","over invoice limit, will not be billed"
"a7601b4d-fa6e-4428-a8dc-ac85e67a1825","UKFS_001.tickPlot.tck","UKFS_001","2016-09-15T14:44Z","2017-06-27T16:00Z","UKFS_001.20160915","UKFS_001.20160915.IXOSP.L","Ixodidae sp.","IXOSP","family","Ixodidae",,,,,,"sp.",,,,"GSU_tickIdentification_SOP_2016-11-01.pdf",,"Larva",1,"OK","RNA stabilization buffer","USNMENT01358040","UKFS_001.20160915.L","Lorenza Beati","Georgia Southern University","over invoice limit, will not be billed"
"cb495d37-ba61-4d61-8fef-aa6757d72875","UKFS_001.tickPlot.tck","UKFS_001","2016-09-15T14:44Z","2017-06-27T16:00Z","UKFS_001.20160915","UKFS_001.20160915.AMBAME.N","Amblyomma americanum","AMBAME","species","Ixodidae",,,,"Amblyomma",,"americanum",,,"Cooley, R. A. and G. M. Kohls. 1944. The genus Amblyomma (ixodidae) in the United States. The Journal of Parasitology, 30(2):77-111.","GSU_tickIdentification_SOP_2016-11-01.pdf","Linnaeus","Nymph",17,"OK","RNA stabilization buffer","USNMENT00984910","UKFS_001.20160915.AMBAME.N","Lorenza Beati","Georgia Southern University",
"689b0322-e1d0-4b64-a480-150a9e3b1eb2","UKFS_003.tickPlot.tck","UKFS_003","2016-09-15T16:02Z","2017-06-27T16:00Z","UKFS_003.20160915","UKFS_003.20160915.IXOSP.L","Ixodidae sp.","IXOSP","family","Ixodidae",,,,,,"sp.",,,,"GSU_tickIdentification_SOP_2016-11-01.pdf",,"Larva",1,"OK","RNA stabilization buffer","USNMENT01358041","UKFS_003.20160915.L","Lorenza Beati","Georgia Southern University","over invoice limit, will not be billed"
"a0c9af82-bd21-4d6f-83de-38dd0040d437","UKFS_003.tickPlot.tck","UKFS_003","2016-09-15T16:02Z","2017-06-27T16:00Z","UKFS_003.20160915","UKFS_003.20160915.AMBAME.N","Amblyomma americanum","AMBAME","species","Ixodidae",,,,"Amblyomma",,"americanum",,,"Cooley, R. A. and G. M. Kohls. 1944. The genus Amblyomma (ixodidae) in the United States. The Journal of Parasitology, 30(2):77-111.","GSU_tickIdentification_SOP_2016-11-01.pdf","Linnaeus","Nymph",11,"OK","RNA stabilization buffer","USNMENT00984912","UKFS_003.20160915.AMBAME.N","Lorenza Beati","Georgia Southern University",
"41271d5d-08c0-461d-ac20-157fb63155cd","UKFS_002.tickPlot.tck","UKFS_002","2016-09-15T18:01Z","2017-06-27T16:00Z","UKFS_002.20160915","UKFS_002.20160915.IXOSP.L","Ixodidae sp.","IXOSP","family","Ixodidae",,,,,,"sp.",,,,"GSU_tickIdentification_SOP_2016-11-01.pdf",,"Larva",1,"OK","RNA stabilization buffer","USNMENT01358039","UKFS_002.20160915.L","Lorenza Beati","Georgia Southern University","over invoice limit, will not be billed"
"d71e3108-00d1-4fb4-b792-8a347eb2e1a3","UKFS_002.tickPlot.tck","UKFS_002","2016-09-15T18:01Z","2017-06-27T16:00Z","UKFS_002.20160915","UKFS_002.20160915.AMBAME.N","Amblyomma americanum","AMBAME","species","Ixodidae",,,,"Amblyomma",,"americanum",,,"Cooley, R. A. and G. M. Kohls. 1944. The genus Amblyomma (ixodidae) in the United States. The Journal of Parasitology, 30(2):77-111.","GSU_tickIdentification_SOP_2016-11-01.pdf","Linnaeus","Nymph",2,"OK","RNA stabilization buffer","USNMENT00984911","UKFS_002.20160915.AMBAME.N","Lorenza Beati","Georgia Southern University",
"0088e515-e8ac-4b46-b278-a36e6118f924","UKFS_030.tickPlot.tck","UKFS_030","2016-09-15T19:10Z","2017-06-01T16:00Z","UKFS_030.20160915","UKFS_030.20160915.IXOSP.L","Ixodidae sp.","IXOSP","family","Ixodidae",,,,,,"sp.",,,,"GSU_tickIdentification_SOP_2016-11-01.pdf",,"Larva",1,"OK","RNA stabilization buffer","USNMENT01358043","UKFS_030.20160915.L","Lorenza Beati","Georgia Southern University","over invoice limit, will not be billed"
