uid,namedLocation,domainID,siteID,plotID,plotType,nlcdClass,decimalLatitude,decimalLongitude,geodeticDatum,coordinateUncertainty,elevation,elevationUncertainty,collectDate,eventID,sampleID,sampleCode,samplingMethod,totalSampledArea,targetTaxaPresent,adultCount,nymphCount,larvaCount,sampleCondition,samplingProtocolVersion,measuredBy,remarks
"c640bea1-7cae-46aa-842c-2635be71f6f5","UKFS_003.tickPlot.tck","D06","UKFS","UKFS_003","distributed","deciduousForest",39.053769,-95.187084,"WGS84",20.1,323.1,0.1,"2016-09-01T14:55Z","UKFS.2016.35","UKFS_003.20160901",,"flag",80,"Y",0,1,363,"No known compromise","NEON.DOC.014045vG","9Na0Eupfy7pnnigtC7KpGXWClnvLiwz1","Half the plot sampled two days prior, only 70m sampled today"
"7f6d0d53-56e3-430a-8397-55c894f48602","UKFS_004.tickPlot.tck","D06","UKFS","UKFS_004","distributed","deciduousForest",39.043188,-95.201000,"WGS84",20.1,320.0,0.2,"2016-09-01T16:40Z","UKFS.2016.35","UKFS_004.20160901",,"drag and flag",140,"Y",0,15,1766,"No known compromise","NEON.DOC.014045vG","gzW2igUkp5dN6MoX5kqtYpCrrT6ULL1j",
"62e0aa9b-d0e1-4375-8452-a556f2e04466","UKFS_001.tickPlot.tck","D06","UKFS","UKFS_001","distributed","deciduousForest",39.037238,-95.198631,"WGS84",20.1,322.7,0.1,"2016-09-01T18:39Z","UKFS.2016.35","UKFS_001.20160901",,"drag and flag",160,"Y",0,29,6838,"No known compromise","NEON.DOC.014045vG","9Na0Eupfy7pnnigtC7KpGXWClnvLiwz1",
"a673f27c-c21c-475d-ac52-c96f0fc29cf4","UKFS_002.tickPlot.tck","D06","UKFS","UKFS_002","distributed","deciduousForest",39.045892,-95.207026,"WGS84",20.1,316.0,0.2,"2016-09-01T20:32Z","UKFS.2016.35","UKFS_002.20160901",,"drag and flag",160,"Y",12,1,1004,"No known compromise","NEON.DOC.014045vG","ijn3KHaIUtV0sWekGETx2NQD751nHxr3",
"6f9ca7ea-35a1-44c0-b8a0-e696ded8a42a","UKFS_004.tickPlot.tck","D06","UKFS","UKFS_004","distributed","deciduousForest",39.043188,-95.201000,"WGS84",20.1,320.0,0.2,"2016-09-15T14:30Z","UKFS.2016.37","UKFS_004.20160915",,"drag and flag",160,"Y",0,6,549,"No known compromise","NEON.DOC.014045vG","UiQJ6NC02X5uZEcYqJAeU1eiGY+Ji5h+",
"b3b9f893-9500-48ff-9ba8-a1a95b0d8d3e","UKFS_001.tickPlot.tck","D06","UKFS","UKFS_001","distributed","deciduousForest",39.037238,-95.198631,"WGS84",20.1,322.7,0.1,"2016-09-15T14:44Z","UKFS.2016.37","UKFS_001.20160915",,"drag and flag",160,"Y",0,18,5031,"No known compromise","NEON.DOC.014045vG","BzXmPCNcOOHl9ws4JG7MP7BkkCvctwH+",
"4bb4c3b2-4bc7-4f83-9a50-ad9286979eab","UKFS_003.tickPlot.tck","D06","UKFS","UKFS_003","distributed","deciduousForest",39.053769,-95.187084,"WGS84",20.1,323.1,0.1,"2016-09-15T16:02Z","UKFS.2016.37","UKFS_003.20160915",,"drag and flag",160,"Y",0,9,3817,"No known compromise","NEON.DOC.014045vG","iq7r+K7zVrnuv4AA404AgFzhbma7sELOneHM1T36pZk=",
"e1d7c8e0-03c0-42e3-b6f2-6163fab048bd","UKFS_018.tickPlot.tck","D06","UKFS","UKFS_018","distributed","grasslandHerbaceous",39.053205,-95.194659,"WGS84",20.1,325.8,0.1,"2016-09-15T17:59Z","UKFS.2016.37",,,"drag",160,"N",0,0,0,"No known compromise","NEON.DOC.014045vG","VtK34V8hMvSAN7vSWVIm9QY1ximcsJ/y",
"572ec480-64d7-4278-99a3-cfa925c73e3d","UKFS_002.tickPlot.tck","D06","UKFS","UKFS_002","distributed","deciduousForest",39.045892,-95.207026,"WGS84",20.1,316.0,0.2,"2016-09-15T18:01Z","UKFS.2016.37","UKFS_002.20160915",,"drag and flag",160,"Y",0,2,247,"No known compromise","NEON.DOC.014045vG","fE2uLz1StI6+tVhgO907+ZGbWy0woTPf",
"4f5f80a3-eaec-4e0e-9bc2-617e70776843","UKFS_030.tickPlot.tck","D06","UKFS","UKFS_030","distributed","grasslandHerbaceous",39.045115,-95.213433,"WGS84",20.1,321.9,0.1,"2016-09-15T19:10Z","UKFS.2016.37","UKFS_030.20160915",,"drag",160,"Y",0,0,3,"No known compromise","NEON.DOC.014045vG","BzXmPCNcOOHl9ws4JG7MP7BkkCvctwH+",
