uid,namedLocation,domainID,siteID,plotID,plotType,nlcdClass,decimalLatitude,decimalLongitude,geodeticDatum,coordinateUncertainty,elevation,elevationUncertainty,collectDate,eventID,sampleID,sampleCode,samplingMethod,totalSampledArea,targetTaxaPresent,adultCount,nymphCount,larvaCount,sampleCondition,samplingProtocolVersion,measuredBy,remarks
"8be524d1-6e55-4f61-aebd-cad09e6d6dbf","STEI_002.tickPlot.tck","D05","STEI","STEI_002","distributed","deciduousForest",45.796166,-90.091452,"WGS84",20.2,520.3,0.4,"2016-10-03T15:09Z","STEI.2016.40",,,"drag",160,"N",0,0,0,"No known compromise","NEON.DOC.014045vG","WXmC7HijdM2NsP75v+4sQyVqwIMmMBb8",
"9458abb2-6efe-4f28-b7d4-903fdaf0256a","STEI_001.tickPlot.tck","D05","STEI","STEI_001","distributed","deciduousForest",45.812978,-90.091123,"WGS84",20.3,509.3,0.4,"2016-10-03T15:56Z","STEI.2016.40",,,"flag",151,"N",0,0,0,"No known compromise","NEON.DOC.014045vG","WXmC7HijdM2NsP75v+4sQyVqwIMmMBb8",
"4ef6ee12-c03b-43f9-abc2-97c295717536","STEI_023.tickPlot.tck","D05","STEI","STEI_023","distributed","woodyWetlands",45.824017,-90.096171,"WGS84",20.2,480.4,0.3,"2016-10-03T17:24Z","STEI.2016.40",,,"flag",164,"N",0,0,0,"No known compromise","NEON.DOC.014045vG","WXmC7HijdM2NsP75v+4sQyVqwIMmMBb8",
"c6582f1a-097a-413e-8b88-daff198efaf7","STEI_005.tickPlot.tck","D05","STEI","STEI_005","distributed","deciduousForest",45.825112,-90.085882,"WGS84",20.3,509.9,0.5,"2016-10-03T18:22Z","STEI.2016.40",,,"flag",160,"N",0,0,0,"No known compromise","NEON.DOC.014045vG","WXmC7HijdM2NsP75v+4sQyVqwIMmMBb8",
"f7ddc761-ec80-4107-a6a7-a83fcc4ab996","STEI_003.tickPlot.tck","D05","STEI","STEI_003","distributed","deciduousForest",45.824086,-90.071058,"WGS84",20.3,510.1,0.5,"2016-10-03T19:19Z","STEI.2016.40",,,"flag",160,"N",0,0,0,"No known compromise","NEON.DOC.014045vG","HRQ2qSmGm8w8Hpt9UYCeWTEDSajtVjQn",
"13bfc53b-9190-4e1b-bd58-42dbd2b9450b","STEI_029.tickPlot.tck","D05","STEI","STEI_029","distributed","mixedForest",45.832878,-90.075489,"WGS84",20.1,492.2,0.2,"2016-10-03T20:15Z","STEI.2016.40",,,"flag",160,"N",0,0,0,"No known compromise","NEON.DOC.014045vG","WXmC7HijdM2NsP75v+4sQyVqwIMmMBb8",
"20a3ddab-7564-400f-bfd0-a11a04197538","STEI_002.tickPlot.tck","D05","STEI","STEI_002","distributed","deciduousForest",45.796166,-90.091452,"WGS84",20.2,520.3,0.4,"2016-10-24T15:06Z","STEI.2016.43",,,"drag",160,"N",0,0,0,"No known compromise","NEON.DOC.014045vG","mhETSfOccVbhrLaqJSEZJxYSRd2RTZ13","The ground is a little damp- cold temperatures combined with frost and dew"
"2a032e7a-d658-4d5d-8d78-b1fbb1cd79e3","STEI_001.tickPlot.tck","D05","STEI","STEI_001","distributed","deciduousForest",45.812978,-90.091123,"WGS84",20.3,509.3,0.4,"2016-10-24T15:47Z","STEI.2016.43",,,"drag and flag",160,"N",0,0,0,"No known compromise","NEON.DOC.014045vG","mhETSfOccVbhrLaqJSEZJxYSRd2RTZ13","Ground was wet with dew/frost"
"cbf93293-ebfb-4678-8adc-fc245b3de050","STEI_005.tickPlot.tck","D05","STEI","STEI_005","distributed","deciduousForest",45.825112,-90.085882,"WGS84",20.3,509.9,0.5,"2016-10-24T16:40Z","STEI.2016.43",,,"drag and flag",160,"N",0,0,0,"No known compromise","NEON.DOC.014045vG","mhETSfOccVbhrLaqJSEZJxYSRd2RTZ13",
"c40265a4-04c2-4a27-bb2e-2ee5114d4f34","STEI_023.tickPlot.tck","D05","STEI","STEI_023","distributed","woodyWetlands",45.824017,-90.096171,"WGS84",20.2,480.4,0.3,"2016-10-24T17:57Z","STEI.2016.43","STEI_023.20161024",,"drag and flag",162,"Y",1,0,0,"No known compromise","NEON.DOC.014045vG","mhETSfOccVbhrLaqJSEZJxYSRd2RTZ13",
"11c9c16b-e5c7-4e1e-aa4f-b90efa256721","STEI_003.tickPlot.tck","D05","STEI","STEI_003","distributed","deciduousForest",45.824086,-90.071058,"WGS84",20.3,510.1,0.5,"2016-10-24T19:06Z","STEI.2016.43",,,"drag and flag",160,"N",0,0,0,"No known compromise","NEON.DOC.014045vG","mhETSfOccVbhrLaqJSEZJxYSRd2RTZ13",
