uid,namedLocation,domainID,siteID,plotID,plotType,nlcdClass,decimalLatitude,decimalLongitude,geodeticDatum,coordinateUncertainty,elevation,elevationUncertainty,collectDate,eventID,sampleID,sampleCode,samplingMethod,totalSampledArea,targetTaxaPresent,adultCount,nymphCount,larvaCount,sampleCondition,samplingProtocolVersion,measuredBy,remarks
"5d5d2700-2606-4d0e-a475-20b8610e5e58","DEJU_014.tickPlot.tck","D19","DEJU","DEJU_014","distributed","evergreenForest",63.830553,-145.745544,"WGS84",20.3,544.1,0.3,"2018-05-15T18:10Z","DEJU.2018.20",,,"drag and flag",162,"N",0,0,0,,"NEON.DOC.014045vJ","hBgASO6AExPazXnvW3KNpM5iZ3GBtS8axpPngdMSwLjyI3wqvU5SFA==",
"510542cb-eda9-464f-bc80-023961b959ef","DEJU_044.tickPlot.tck","D19","DEJU","DEJU_044","distributed","evergreenForest",63.835516,-145.745056,"WGS84",20.1,538.2,0.1,"2018-05-15T18:41Z","DEJU.2018.20",,,"drag and flag",164,"N",0,0,0,,"NEON.DOC.014045vJ","W+tVjj28BtUCceKzTNQZi8t8og2aLD6wDCFkL6gHFWE=",
"fdbca853-187a-45f8-a95e-2ae90f2f392a","DEJU_009.tickPlot.tck","D19","DEJU","DEJU_009","distributed","evergreenForest",63.853075,-145.763773,"WGS84",21.0,574.3,0.8,"2018-05-15T19:57Z","DEJU.2018.20",,,"drag and flag",163,"N",0,0,0,,"NEON.DOC.014045vJ","hBgASO6AExPazXnvW3KNpM5iZ3GBtS8axpPngdMSwLjyI3wqvU5SFA==",
"0be14a8d-bd25-4296-89f3-2e65ce3c9b43","DEJU_015.tickPlot.tck","D19","DEJU","DEJU_015","distributed","woodyWetlands",63.873814,-145.744346,"WGS84",20.1,521.6,0.1,"2018-05-15T21:48Z","DEJU.2018.20",,,"drag and flag",165,"N",0,0,0,,"NEON.DOC.014045vJ","W+tVjj28BtUCceKzTNQZi8t8og2aLD6wDCFkL6gHFWE=",
"4aa7c7d8-c203-4fb7-b1f7-c0d74b7297a4","DEJU_001.tickPlot.tck","D19","DEJU","DEJU_001","distributed","shrubScrub",63.893653,-145.770599,"WGS84",20.1,492.5,0.1,"2018-05-15T22:49Z","DEJU.2018.20",,,"drag and flag",164,"N",0,0,0,,"NEON.DOC.014045vJ","hBgASO6AExPazXnvW3KNpM5iZ3GBtS8axpPngdMSwLjyI3wqvU5SFA==","windy conditions"
"8bc21a40-75dc-4de8-9e16-59c2d3025a2a","DEJU_003.tickPlot.tck","D19","DEJU","DEJU_003","distributed","shrubScrub",63.931557,-145.753452,"WGS84",20.1,450.5,0.1,"2018-05-15T23:56Z","DEJU.2018.20",,,"drag and flag",165,"N",0,0,0,,"NEON.DOC.014045vJ","W+tVjj28BtUCceKzTNQZi8t8og2aLD6wDCFkL6gHFWE=",
