uid,namedLocation,date,eventID,domainID,siteID,plotID,subplotID,individualID,tagStatus,growthForm,plantStatus,stemDiameter,measurementHeight,height,baseCrownHeight,breakHeight,breakDiameter,maxCrownDiameter,ninetyCrownDiameter,canopyPosition,shape,basalStemDiameter,basalStemDiameterMsrmntHeight,maxBaseCrownDiameter,ninetyBaseCrownDiameter,remarks,recordedBy,measuredBy,dataQF
"fb7e1434-c458-4388-baac-d26c83331642","HARV_001.basePlot.vst","2014-01-30","vst_HARV_2014","D01","HARV","HARV_001",,"NEON.PLA.D01.HARV.01004",,"sapling","Live",1.0,10,2.1,,,,,,"Full shade",,,,,,,,,"legacyData"
"566aeed6-772c-4297-aa82-91dc7bd3884e","HARV_001.basePlot.vst","2014-01-30","vst_HARV_2014","D01","HARV","HARV_001",,"NEON.PLA.D01.HARV.01005",,"sapling","Live",1.1,10,2.5,,,,,,"Full shade",,,,,,,,,"legacyData"
"b195edac-0cfd-4d47-8a3e-7a8c67c92345","HARV_001.basePlot.vst","2014-01-30","vst_HARV_2014","D01","HARV","HARV_001",,"NEON.PLA.D01.HARV.00984",,"small tree","Live",3.0,130,6.5,,,,,,"Full shade",,,,,,"QC: No Error",,,"legacyData"
"5a79c50c-336b-4cda-b1de-e1c88b834022","HARV_001.basePlot.vst","2014-01-30","vst_HARV_2014","D01","HARV","HARV_001",,"NEON.PLA.D01.HARV.01036",,"small tree","Live",1.3,130,3.5,,,,,,"Mostly shaded",,,,,,,,,"legacyData"
"fdb95577-a525-4c29-8e80-5c60adbfc29d","HARV_001.basePlot.vst","2014-01-30","vst_HARV_2014","D01","HARV","HARV_001",,"NEON.PLA.D01.HARV.00934",,"small tree","Live",3.0,130,3.7,,,,,,"Full shade",,,,,,"QC: No Error",,,"legacyData"
"f76b9222-ab85-45ff-ac13-3c75f6c77ec7","HARV_001.basePlot.vst","2014-01-30","vst_HARV_2014","D01","HARV","HARV_001",,"NEON.PLA.D01.HARV.01038",,"sapling","Live",1.2,130,2.1,,,,,,"Mostly shaded",,,,,,,,,"legacyData"
"e777a1b9-1f8a-4a12-8272-656a01516e18","HARV_001.basePlot.vst","2014-01-30","vst_HARV_2014","D01","HARV","HARV_001",,"NEON.PLA.D01.HARV.00981",,"sapling","Live",1.0,10,2.5,,,,,,"Full shade",,,,,,,,,"legacyData"
"07882088-74f6-4459-bb88-8330fe22acef","HARV_001.basePlot.vst","2014-01-30","vst_HARV_2014","D01","HARV","HARV_001",,"NEON.PLA.D01.HARV.01091",,"single bole tree","Live",45.0,130,24.0,,,,15.8,12.7,"Partially shaded",,,,,,"QC: Max canopy diameter changed from 25.8 to 15.8",,,"legacyData"
"79d00516-b86c-4e41-b65a-551e03beffea","HARV_001.basePlot.vst","2014-01-30","vst_HARV_2014","D01","HARV","HARV_001",,"NEON.PLA.D01.HARV.01194",,"sapling","Live",1.6,10,1.5,,,,,,"Full shade",,,,,,,,,"legacyData"
"b6200c16-1465-4b2f-95c1-99fbd555eff0","HARV_001.basePlot.vst","2014-01-30","vst_HARV_2014","D01","HARV","HARV_001",,"NEON.PLA.D01.HARV.01114",,"sapling","Live",1.5,10,3.1,,,,,,"Full shade",,,,,,,,,"legacyData"
"85ea88c3-7328-41e2-9112-e8970f9d8373","HARV_001.basePlot.vst","2014-01-30","vst_HARV_2014","D01","HARV","HARV_001",,"NEON.PLA.D01.HARV.01089",,"small tree","Live",1.3,130,1.8,,,,,,"Full shade",,,,,,,,,"legacyData"
"05d3c31e-fb2b-48a5-af1f-12dcc397e167","HARV_001.basePlot.vst","2014-01-30","vst_HARV_2014","D01","HARV","HARV_001",,"NEON.PLA.D01.HARV.00947",,"sapling","Live",2.0,10,3.0,,,,,,"Full shade",,,,,,,,,"legacyData"
"10b77820-acb7-487c-b504-a454ccdfc7fa","HARV_001.basePlot.vst","2014-01-30","vst_HARV_2014","D01","HARV","HARV_001",,"NEON.PLA.D01.HARV.00943",,"sapling","Live",1.2,10,2.0,,,,,,"Full shade",,,,,,,,,"legacyData"
"6a4ebcc6-99dd-4839-825e-342e084fb553","HARV_001.basePlot.vst","2014-01-30","vst_HARV_2014","D01","HARV","HARV_001",,"NEON.PLA.D01.HARV.01069",,"small tree","Live",2.4,130,3.1,,,,,,"Full shade",,,,,,"QC: No Error",,,"legacyData"
"7427b414-96a5-4dae-b1bc-cc631324d581","HARV_001.basePlot.vst","2014-01-30","vst_HARV_2014","D01","HARV","HARV_001",,"NEON.PLA.D01.HARV.00986",,"small tree","Live",1.6,130,4.6,,,,,,"Full shade",,,,,,,,,"legacyData"
"f06520c1-551e-40bf-8381-8a1efb8df6e1","HARV_001.basePlot.vst","2014-01-30","vst_HARV_2014","D01","HARV","HARV_001",,"NEON.PLA.D01.HARV.01019",,"small tree","Live",3.0,130,3.3,,,,,,"Mostly shaded",,,,,,,,,"legacyData"
"08c9105b-b1fe-4f19-872b-b7c7b7bab75c","HARV_001.basePlot.vst","2014-01-30","vst_HARV_2014","D01","HARV","HARV_001",,"NEON.PLA.D01.HARV.01073",,"sapling","Live",1.3,10,1.1,,,,,,"Full shade",,,,,,"QC: No Error",,,"legacyData"
"aedb7a92-ea6f-41f8-b06b-0fdf5be51cd8","HARV_001.basePlot.vst","2014-01-30","vst_HARV_2014","D01","HARV","HARV_001",,"NEON.PLA.D01.HARV.01092",,"single bole tree","Live",11.0,70,2.7,,,,2.7,2.4,"Full shade",,,,,,,,,"legacyData"
"c09def2c-4691-46e4-b77a-e1c403bccf34","HARV_001.basePlot.vst","2014-01-30","vst_HARV_2014","D01","HARV","HARV_001",,"NEON.PLA.D01.HARV.00941",,"small tree","Live",2.1,130,3.1,,,,,,"Full shade",,,,,,"QC: Tag ID changed from 1041 to 941",,,"legacyData"
"943068c5-c332-45ab-baac-90188cf741cb","HARV_001.basePlot.vst","2014-01-30","vst_HARV_2014","D01","HARV","HARV_001",,"NEON.PLA.D01.HARV.01013",,,"Live",1.2,130,2.1,,,,,,"Mostly shaded",,,,,,,,,"legacyData | noMapTagData"
"0bb97ca9-8196-4dd8-84d0-376c82938de8","HARV_001.basePlot.vst","2014-01-30","vst_HARV_2014","D01","HARV","HARV_001",,"NEON.PLA.D01.HARV.01090",,"single bole tree","Live",11.0,130,15.9,,,,4.0,3.9,"Mostly shaded",,,,,,,,,"legacyData"
"1ca3bdd6-8f43-4d75-ad0a-3f9c431285a5","HARV_001.basePlot.vst","2014-01-30","vst_HARV_2014","D01","HARV","HARV_001",,"NEON.PLA.D01.HARV.01105",,,"Live",1.9,130,2.5,,,,,,"Full shade",,,,,,"QC: No Error",,,"legacyData | noMapTagData"
"b7082895-5e77-48b4-8b56-dd13c9296579","HARV_001.basePlot.vst","2014-01-30","vst_HARV_2014","D01","HARV","HARV_001",,"NEON.PLA.D01.HARV.01056",,"single bole tree","Live",13.7,130,14.5,,,,7.8,5.4,"Mostly shaded",,,,,,,,,"legacyData"
"4bf9a66a-9a5b-47d8-a0b2-6c13d21ab46b","HARV_001.basePlot.vst","2014-01-30","vst_HARV_2014","D01","HARV","HARV_001",,"NEON.PLA.D01.HARV.01020",,"sapling","Live",1.0,10,0.9,,,,,,"Full shade",,,,,,,,,"legacyData"
"e7ab1677-140f-4729-9841-e5e5b3318008","HARV_001.basePlot.vst","2014-01-30","vst_HARV_2014","D01","HARV","HARV_001",,"NEON.PLA.D01.HARV.01022",,"sapling","Live",1.3,10,2.7,,,,,,"Full shade",,,,,,,,,"legacyData"
"04033e7b-da6e-4b6a-a1ff-240452399365","HARV_001.basePlot.vst","2014-01-30","vst_HARV_2014","D01","HARV","HARV_001",,"NEON.PLA.D01.HARV.00998",,"sapling","Live",1.3,10,1.9,,,,,,"Full shade",,,,,,"QC: No Error",,,"legacyData"
"a3128fea-a4eb-443d-82dc-968a88ad1776","HARV_001.basePlot.vst","2014-01-30","vst_HARV_2014","D01","HARV","HARV_001",,"NEON.PLA.D01.HARV.00935",,"sapling","Live",1.1,10,1.1,,,,,,"Full shade",,,,,,,,,"legacyData"
"c4f111f6-f78b-4856-8b48-01e4016caeb0","HARV_001.basePlot.vst","2014-01-30","vst_HARV_2014","D01","HARV","HARV_001",,"NEON.PLA.D01.HARV.00970",,"small tree","Live",2.0,130,4.6,,,,,,"Full shade",,,,,,"QC: No Error",,,"legacyData"
"725fd1a4-600e-4e1c-8f7a-ee0ee6564b03","HARV_001.basePlot.vst","2014-01-30","vst_HARV_2014","D01","HARV","HARV_001",,"NEON.PLA.D01.HARV.01042",,"sapling","Live",1.3,10,1.3,,,,,,"Mostly shaded",,,,,,,,,"legacyData"
"96fbb94a-ce9e-478c-b00f-963dbaeac615","HARV_001.basePlot.vst","2014-01-30","vst_HARV_2014","D01","HARV","HARV_001",,"NEON.PLA.D01.HARV.01083",,"small tree","Live",2.6,60,2.3,,,,,,"Full shade",,,,,,,,,"legacyData"
"45733f49-378a-4156-bb75-989f780b6c40","HARV_001.basePlot.vst","2014-01-30","vst_HARV_2014","D01","HARV","HARV_001",,"NEON.PLA.D01.HARV.00968",,"small tree","Live",1.9,130,3.9,,,,,,"Full shade",,,,,,,,,"legacyData"
"82bfce71-8d65-4883-928a-ed374650203a","HARV_001.basePlot.vst","2014-01-30","vst_HARV_2014","D01","HARV","HARV_001",,"NEON.PLA.D01.HARV.01116",,"small tree","Live",1.6,130,4.6,,,,,,"Mostly shaded",,,,,,,,,"legacyData"
"f2a5ee9b-91a7-4063-b619-b8af2f3da99f","HARV_001.basePlot.vst","2014-01-30","vst_HARV_2014","D01","HARV","HARV_001",,"NEON.PLA.D01.HARV.00983",,"small tree","Live",2.7,130,6.0,,,,,,"Full shade",,,,,,,,,"legacyData"
"46f60c38-6ed0-4fd1-ba43-77f631503d39","HARV_001.basePlot.vst","2014-01-30","vst_HARV_2014","D01","HARV","HARV_001",,"NEON.PLA.D01.HARV.01045",,"sapling","Live",1.1,10,2.2,,,,,,"Mostly shaded",,,,,,,,,"legacyData"
"385da41e-85ab-4e08-9b7d-9d9dab5602db","HARV_001.basePlot.vst","2014-01-30","vst_HARV_2014","D01","HARV","HARV_001",,"NEON.PLA.D01.HARV.01088",,"small tree","Live",1.7,130,3.6,,,,,,"Full shade",,,,,,,,,"legacyData"
"e46cc7c6-3073-4d4d-9a94-eca21a131758","HARV_001.basePlot.vst","2014-01-30","vst_HARV_2014","D01","HARV","HARV_001",,"NEON.PLA.D01.HARV.01030",,"sapling","Live",1.2,10,1.2,,,,,,"Full shade",,,,,,,,,"legacyData"
"bc43f7b5-c8e5-4e84-9c8f-7bb31ea2d4e1","HARV_001.basePlot.vst","2014-01-30","vst_HARV_2014","D01","HARV","HARV_001",,"NEON.PLA.D01.HARV.00990",,"sapling","Live",1.0,10,2.7,,,,,,"Full shade",,,,,,,,,"legacyData"
"7df51e3a-e69a-44cf-89cb-c92b379f0bb7","HARV_001.basePlot.vst","2014-01-30","vst_HARV_2014","D01","HARV","HARV_001",,"NEON.PLA.D01.HARV.00939",,"small tree","Live",1.0,130,2.0,,,,,,"Full shade",,,,,,,,,"legacyData"
"3c9deeda-850e-4e1f-9e1d-59328fd3891e","HARV_001.basePlot.vst","2014-01-30","vst_HARV_2014","D01","HARV","HARV_001",,"NEON.PLA.D01.HARV.01193",,"sapling","Live",1.5,10,1.4,,,,,,"Full shade",,,,,,,,,"legacyData"
"214e516e-100b-40d8-ad95-a2c1573692c2","HARV_001.basePlot.vst","2014-01-30","vst_HARV_2014","D01","HARV","HARV_001",,"NEON.PLA.D01.HARV.00957",,"small tree","Live",1.2,130,2.2,,,,,,"Full shade",,,,,,,,,"legacyData"
"167d6c08-068a-4092-9dc5-2707f0d1aed2","HARV_001.basePlot.vst","2014-01-30","vst_HARV_2014","D01","HARV","HARV_001",,"NEON.PLA.D01.HARV.01015",,"small tree","Live",1.1,10,3.6,,,,,,"Full shade",,,,,,,,,"legacyData"
"bd980188-571f-4987-827c-87ab24b19c3b","HARV_001.basePlot.vst","2014-01-30","vst_HARV_2014","D01","HARV","HARV_001",,"NEON.PLA.D01.HARV.01006",,"small tree","Live",1.0,130,2.5,,,,,,"Mostly shaded",,,,,,,,,"legacyData"
"b616d3d6-704d-47b6-bdb5-f9d6b42bef59","HARV_001.basePlot.vst","2014-01-30","vst_HARV_2014","D01","HARV","HARV_001",,"NEON.PLA.D01.HARV.00996",,"small tree","Live",2.7,130,4.1,,,,,,"Full shade",,,,,,,,,"legacyData"
"d430912c-8e15-460a-b1ab-b541513daae5","HARV_001.basePlot.vst","2014-01-30","vst_HARV_2014","D01","HARV","HARV_001",,"NEON.PLA.D01.HARV.01087",,"sapling","Live",1.6,10,1.2,,,,,,"Full shade",,,,,,,,,"legacyData"
"7ea6e900-9fbd-4a10-9d62-c4acb9942d70","HARV_001.basePlot.vst","2014-01-30","vst_HARV_2014","D01","HARV","HARV_001",,"NEON.PLA.D01.HARV.00985",,"small tree","Live",1.5,130,4.0,,,,,,"Full shade",,,,,,,,,"legacyData"
"879e2b51-539c-4d03-b066-3b667b6aaa08","HARV_001.basePlot.vst","2014-01-30","vst_HARV_2014","D01","HARV","HARV_001",,"NEON.PLA.D01.HARV.01058",,"single bole tree","Live",41.0,130,23.4,,,,10.9,7.7,"Partially shaded",,,,,,"QC: No Error",,,"legacyData"
"486ee8dd-6a8b-464b-ab64-03c3def48510","HARV_001.basePlot.vst","2014-01-30","vst_HARV_2014","D01","HARV","HARV_001",,"NEON.PLA.D01.HARV.01018",,"small tree","Live",2.8,130,3.4,,,,,,"Full shade",,,,,,,,,"legacyData"
"caeddb14-8dc1-407c-bec6-2703193b54a2","HARV_001.basePlot.vst","2014-01-30","vst_HARV_2014","D01","HARV","HARV_001",,"NEON.PLA.D01.HARV.01115",,"sapling","Live",1.6,10,1.3,,,,,,"Full shade",,,,,,,,,"legacyData"
"9fa20e2c-6f5d-4d44-bbdf-0cf4e0177ee3","HARV_001.basePlot.vst","2014-01-30","vst_HARV_2014","D01","HARV","HARV_001",,"NEON.PLA.D01.HARV.01094",,"small tree","Live",2.7,130,4.5,,,,,,"Mostly shaded",,,,,,,,,"legacyData"
"90b019a0-9ac9-4448-86a0-29482f1c2148","HARV_001.basePlot.vst","2014-01-30","vst_HARV_2014","D01","HARV","HARV_001",,"NEON.PLA.D01.HARV.01051",,"small tree","Live",1.8,130,5.4,,,,,,"Mostly shaded",,,,,,"QC: No Error",,,"legacyData"
"6de511e0-e7a7-44b2-9a60-41c77c6a7d2a","HARV_001.basePlot.vst","2014-01-30","vst_HARV_2014","D01","HARV","HARV_001",,"NEON.PLA.D01.HARV.01197",,"sapling","Live",1.4,10,1.2,,,,,,"Full shade",,,,,,"QC: No Error",,,"legacyData"
"61cada98-5453-49e3-a98b-c89e8fb2ad10","HARV_001.basePlot.vst","2014-01-30","vst_HARV_2014","D01","HARV","HARV_001",,"NEON.PLA.D01.HARV.00971",,"small tree","Live",1.3,130,4.1,,,,,,"Full shade",,,,,,,,,"legacyData"
"89f09a0b-5989-43ae-afa8-b35788fa204a","HARV_001.basePlot.vst","2014-01-30","vst_HARV_2014","D01","HARV","HARV_001",,"NEON.PLA.D01.HARV.00948",,"sapling","Live",1.7,10,1.5,,,,,,"Full shade",,,,,,,,,"legacyData"
"67c07eb9-05e0-4316-a5d4-ae86a6a3216a","HARV_001.basePlot.vst","2014-01-30","vst_HARV_2014","D01","HARV","HARV_001",,"NEON.PLA.D01.HARV.01009",,"sapling","Live",1.2,10,2.5,,,,,,"Mostly shaded",,,,,,,,,"legacyData"
"1c69a349-bf98-47e2-a949-3be620f8c93f","HARV_001.basePlot.vst","2014-01-30","vst_HARV_2014","D01","HARV","HARV_001",,"NEON.PLA.D01.HARV.00995",,"small tree","Live",4.1,140,7.9,,,,,,"Full shade",,,,,,,,,"legacyData"
"39d20265-e052-40cd-96ff-8d4e99c8109d","HARV_001.basePlot.vst","2014-01-30","vst_HARV_2014","D01","HARV","HARV_001",,"NEON.PLA.D01.HARV.01064",,"small tree","Live",1.9,130,3.5,,,,,,"Full shade",,,,,,,,,"legacyData"
"b38b0d5f-b5b5-4756-90e9-dc2e922792ac","HARV_001.basePlot.vst","2014-01-30","vst_HARV_2014","D01","HARV","HARV_001",,"NEON.PLA.D01.HARV.00949",,"small tree","Live",2.8,130,4.7,,,,,,"Full shade",,,,,,,,,"legacyData"
"053fa7ba-8eb6-49b2-a213-64b4a34e06c6","HARV_001.basePlot.vst","2014-01-30","vst_HARV_2014","D01","HARV","HARV_001",,"NEON.PLA.D01.HARV.00974",,"small tree","Live",3.4,130,5.5,,,,,,"Full shade",,,,,,,,,"legacyData"
"6780bb00-6d10-4731-bdcd-34d1130aabd8","HARV_001.basePlot.vst","2014-01-30","vst_HARV_2014","D01","HARV","HARV_001",,"NEON.PLA.D01.HARV.01093",,"small tree","Live",2.4,130,3.0,,,,,,"Full shade",,,,,,,,,"legacyData"
"dc8fe8fd-7379-49f1-8359-aac5baeac52f","HARV_001.basePlot.vst","2014-01-30","vst_HARV_2014","D01","HARV","HARV_001",,"NEON.PLA.D01.HARV.01112",,"sapling","Live",1.0,10,1.4,,,,,,"Full shade",,,,,,,,,"legacyData"
"1f959366-a746-4cb8-aa4a-cd2d0729ca44","HARV_001.basePlot.vst","2014-01-30","vst_HARV_2014","D01","HARV","HARV_001",,"NEON.PLA.D01.HARV.01190",,"sapling","Live",2.1,10,0.6,,,,,,"Full shade",,,,,,,,,"legacyData"
"bafe1fdb-2633-4921-8571-996643ff1f93","HARV_001.basePlot.vst","2014-01-30","vst_HARV_2014","D01","HARV","HARV_001",,"NEON.PLA.D01.HARV.01108",,"sapling","Live",1.0,10,1.1,,,,,,"Full shade",,,,,,,,,"legacyData"
"ea76c0a9-ba74-41ae-8a45-a91b7ac64302","HARV_001.basePlot.vst","2014-01-30","vst_HARV_2014","D01","HARV","HARV_001",,"NEON.PLA.D01.HARV.00962",,"sapling","Live",1.3,10,1.6,,,,,,"Full shade",,,,,,,,,"legacyData"
"c1aabd39-2068-4285-9d4b-11f5aaa6a3de","HARV_001.basePlot.vst","2014-01-30","vst_HARV_2014","D01","HARV","HARV_001",,"NEON.PLA.D01.HARV.01107",,"small tree","Live",1.6,130,2.3,,,,,,"Full shade",,,,,,,,,"legacyData"
"2d427083-1ab4-4eff-8e2a-b0a225dff07a","HARV_001.basePlot.vst","2014-01-30","vst_HARV_2014","D01","HARV","HARV_001",,"NEON.PLA.D01.HARV.01084",,"sapling","Live",1.0,10,1.3,,,,,,"Full shade",,,,,,,,,"legacyData"
"c293b0a1-0e68-49d9-a2f6-21ba6684bd7d","HARV_001.basePlot.vst","2014-01-30","vst_HARV_2014","D01","HARV","HARV_001",,"NEON.PLA.D01.HARV.01049",,"sapling","Live",1.2,10,2.5,,,,,,"Mostly shaded",,,,,,,,,"legacyData"
"9ee15013-940d-43e9-af95-3c076aed6456","HARV_001.basePlot.vst","2014-01-30","vst_HARV_2014","D01","HARV","HARV_001",,"NEON.PLA.D01.HARV.01072",,"sapling",,1.4,10,0.7,,,,,,"Full shade",,,,,,,,,"legacyData"
"47d29fa5-3cd2-4ebf-8b89-9e99a52d800f","HARV_001.basePlot.vst","2014-01-30","vst_HARV_2014","D01","HARV","HARV_001",,"NEON.PLA.D01.HARV.01054",,"single bole tree","Live",13.9,130,18.8,,,,5.0,4.4,"Full shade",,,,,,,,,"legacyData"
"3e4b15d7-d154-4d72-a8b3-c9cfd9b67f3d","HARV_001.basePlot.vst","2014-01-30","vst_HARV_2014","D01","HARV","HARV_001",,"NEON.PLA.D01.HARV.00964",,"small tree","Live",1.3,130,4.1,,,,,,"Full shade",,,,,,"QC: No Error",,,"legacyData"
"2100ce84-5cca-48bc-8f7c-29db202343f8","HARV_001.basePlot.vst","2014-01-30","vst_HARV_2014","D01","HARV","HARV_001",,"NEON.PLA.D01.HARV.01037",,"small tree","Live",3.3,130,6.5,,,,,,"Mostly shaded",,,,,,"QC: Stem diameterchanged from 3.0 to 3.3 and VD1 height changed from 5.0 to 5.1",,,"legacyData"
"7e8ad055-322e-4e62-8ec5-656277b27ad3","HARV_001.basePlot.vst","2014-01-30","vst_HARV_2014","D01","HARV","HARV_001",,"NEON.PLA.D01.HARV.00942",,"small tree","Live",3.7,130,3.7,,,,,,"Full shade",,,,,,,,,"legacyData"
"42d99faa-be1f-4603-bcdb-096ba92719fe","HARV_001.basePlot.vst","2014-01-30","vst_HARV_2014","D01","HARV","HARV_001",,"NEON.PLA.D01.HARV.01189",,"small tree","Live",2.4,130,5.5,,,,,,"Full shade",,,,,,"QC: No Error",,,"legacyData"
"05da45d6-0b61-4b95-a3ac-6173bb2a14a0","HARV_001.basePlot.vst","2014-01-30","vst_HARV_2014","D01","HARV","HARV_001",,"NEON.PLA.D01.HARV.01066",,"single bole tree","Live",23.3,130,17.8,,,,8.6,6.2,"Partially shaded",,,,,,,,,"legacyData"
"66fc468e-48a6-488f-8706-380afd05a457","HARV_001.basePlot.vst","2014-01-30","vst_HARV_2014","D01","HARV","HARV_001",,"NEON.PLA.D01.HARV.00997",,"small tree","Live",1.3,130,2.2,,,,,,"Full shade",,,,,,,,,"legacyData"
"514eb7ec-5e69-469d-b826-9ad1a99b8ce9","HARV_001.basePlot.vst","2014-01-30","vst_HARV_2014","D01","HARV","HARV_001",,"NEON.PLA.D01.HARV.01043",,"small tree","Live",1.2,130,2.0,,,,,,"Mostly shaded",,,,,,,,,"legacyData"
"11592836-393c-48d9-93bc-f56872282c39","HARV_001.basePlot.vst","2014-01-30","vst_HARV_2014","D01","HARV","HARV_001",,"NEON.PLA.D01.HARV.01046",,"sapling","Live",1.1,10,1.8,,,,,,"Mostly shaded",,,,,,,,,"legacyData"
"e1070941-85d7-4f7e-a0f1-de4257d08ea2","HARV_001.basePlot.vst","2014-01-30","vst_HARV_2014","D01","HARV","HARV_001",,"NEON.PLA.D01.HARV.00937",,"small tree","Live",1.3,130,2.1,,,,,,"Full shade",,,,,,,,,"legacyData"
"42a048bc-9955-4ed8-a5cc-1f83221f8a7d","HARV_001.basePlot.vst","2014-01-30","vst_HARV_2014","D01","HARV","HARV_001",,"NEON.PLA.D01.HARV.01074",,"small tree","Live",1.6,40,2.0,,,,,,"Full shade",,,,,,,,,"legacyData"
"0a3cea0b-ac80-41cf-a957-0ee3e6353bfd","HARV_001.basePlot.vst","2014-01-30","vst_HARV_2014","D01","HARV","HARV_001",,"NEON.PLA.D01.HARV.00972",,"small tree","Live",1.8,130,4.8,,,,,,"Full shade",,,,,,,,,"legacyData"
"af793e36-cae8-45d9-add0-09071eafaa4f","HARV_001.basePlot.vst","2014-01-30","vst_HARV_2014","D01","HARV","HARV_001",,"NEON.PLA.D01.HARV.00940",,"sapling","Live",1.6,10,1.7,,,,,,"Full shade",,,,,,"QC: No Error",,,"legacyData"
"8f0ce426-4cfd-4a04-bddb-534e75e61399","HARV_001.basePlot.vst","2014-01-30","vst_HARV_2014","D01","HARV","HARV_001",,"NEON.PLA.D01.HARV.00944",,"sapling","Live",1.1,10,1.3,,,,,,"Full shade",,,,,,,,,"legacyData"
"b9b68d6f-33d8-4d94-b46d-8fc70c7cd572","HARV_001.basePlot.vst","2014-01-30","vst_HARV_2014","D01","HARV","HARV_001",,"NEON.PLA.D01.HARV.01040",,"sapling","Live",1.2,10,2.0,,,,,,"Mostly shaded",,,,,,"QC: No Error",,,"legacyData"
"a092e209-90e8-40b1-8694-e8a823a91b84","HARV_001.basePlot.vst","2014-01-30","vst_HARV_2014","D01","HARV","HARV_001",,"NEON.PLA.D01.HARV.01001",,"single bole tree","Live",43.2,130,24.8,,,,9.7,8.3,"Full sun",,,,,,,,,"legacyData"
"30c2b71b-710d-49c4-9c82-981179acb56f","HARV_001.basePlot.vst","2014-01-30","vst_HARV_2014","D01","HARV","HARV_001",,"NEON.PLA.D01.HARV.01044",,"small tree","Live",1.6,130,3.5,,,,,,"Mostly shaded",,,,,,,,,"legacyData"
"a7d967d4-1933-4da8-8139-903b65acd0c1","HARV_001.basePlot.vst","2014-01-30","vst_HARV_2014","D01","HARV","HARV_001",,"NEON.PLA.D01.HARV.01050",,"sapling","Live",1.1,10,2.5,,,,,,"Mostly shaded",,,,,,,,,"legacyData"
"00321f91-b6f4-4b7f-8e0c-e668249110b4","HARV_001.basePlot.vst","2014-01-30","vst_HARV_2014","D01","HARV","HARV_001",,"NEON.PLA.D01.HARV.01027",,"sapling","Live",1.7,10,2.0,,,,,,"Mostly shaded",,,,,,,,,"legacyData"
"00652754-75fd-47cd-8a17-37109099a247","HARV_001.basePlot.vst","2014-01-30","vst_HARV_2014","D01","HARV","HARV_001",,"NEON.PLA.D01.HARV.01080",,"sapling","Live",1.5,10,1.5,,,,,,"Full shade",,,,,,,,,"legacyData"
"fd97a76d-c385-431d-9d04-85ca9dee9537","HARV_001.basePlot.vst","2014-01-30","vst_HARV_2014","D01","HARV","HARV_001",,"NEON.PLA.D01.HARV.00961",,"sapling","Live",1.2,10,1.5,,,,,,"Full shade",,,,,,,,,"legacyData"
"bb0d0472-497f-4d70-b1f1-1cb5906086b5","HARV_001.basePlot.vst","2014-01-30","vst_HARV_2014","D01","HARV","HARV_001",,"NEON.PLA.D01.HARV.01039",,"sapling","Live",1.4,10,2.5,,,,,,"Mostly shaded",,,,,,,,,"legacyData"
"3c11f22c-19d3-494f-9595-c4b862468410","HARV_001.basePlot.vst","2014-01-30","vst_HARV_2014","D01","HARV","HARV_001",,"NEON.PLA.D01.HARV.00991",,"sapling","Live",1.0,10,1.1,,,,,,"Full shade",,,,,,,,,"legacyData"
"978057f3-e403-46cf-b9cb-543f0b2103be","HARV_001.basePlot.vst","2014-01-30","vst_HARV_2014","D01","HARV","HARV_001",,"NEON.PLA.D01.HARV.01025",,"sapling","Live",1.0,10,1.4,,,,,,"Mostly shaded",,,,,,"QC: No Error",,,"legacyData"
"4a7982b5-17e1-4776-83c4-c503388bad3b","HARV_001.basePlot.vst","2014-01-30","vst_HARV_2014","D01","HARV","HARV_001",,"NEON.PLA.D01.HARV.01028",,"sapling","Live",1.2,10,1.1,,,,,,"Full shade",,,,,,,,,"legacyData"
"094b0d8b-a037-40ae-9ad1-ccf605fea48d","HARV_001.basePlot.vst","2014-01-30","vst_HARV_2014","D01","HARV","HARV_001",,"NEON.PLA.D01.HARV.01200",,"sapling","Live",1.2,10,2.1,,,,,,"Full shade",,,,,,,,,"legacyData"
"06edde4a-241e-4280-982c-088a4f47ac3b","HARV_001.basePlot.vst","2014-01-30","vst_HARV_2014","D01","HARV","HARV_001",,"NEON.PLA.D01.HARV.01041",,"small tree","Live",2.1,130,5.6,,,,,,"Mostly shaded",,,,,,"QC: No Error",,,"legacyData"
"e407e09f-d94f-4479-aa97-803a7f1ef94b","HARV_001.basePlot.vst","2014-01-30","vst_HARV_2014","D01","HARV","HARV_001",,"NEON.PLA.D01.HARV.01081",,"sapling","Live",1.0,10,1.3,,,,,,"Full shade",,,,,,,,,"legacyData"
"1abd62c7-3c42-40f2-9be5-0669cb6ae62d","HARV_001.basePlot.vst","2014-01-30","vst_HARV_2014","D01","HARV","HARV_001",,"NEON.PLA.D01.HARV.00956",,"sapling","Live",1.2,10,1.1,,,,,,"Full shade",,,,,,,,,"legacyData"
"ed7b38f1-8f49-4592-811d-5997f2564d59","HARV_001.basePlot.vst","2014-01-30","vst_HARV_2014","D01","HARV","HARV_001",,"NEON.PLA.D01.HARV.01023",,"sapling","Live",1.0,10,1.0,,,,,,"Full shade",,,,,,,,,"legacyData"
"30c15c6f-f754-497c-83cc-3143760519e1","HARV_001.basePlot.vst","2014-01-30","vst_HARV_2014","D01","HARV","HARV_001",,"NEON.PLA.D01.HARV.01017",,"small tree","Live",1.8,130,4.4,,,,,,"Mostly shaded",,,,,,"QC: No Error",,,"legacyData"
"c6603793-61be-4917-bc2d-d397303b1f8c","HARV_001.basePlot.vst","2014-01-30","vst_HARV_2014","D01","HARV","HARV_001",,"NEON.PLA.D01.HARV.00993",,"small tree","Live",2.5,130,3.1,,,,,,"Full shade",,,,,,,,,"legacyData"
"fc5f7e0b-d2fc-444f-b649-afd4af8ec885","HARV_001.basePlot.vst","2014-01-30","vst_HARV_2014","D01","HARV","HARV_001",,"NEON.PLA.D01.HARV.00958",,"small tree","Live",2.1,130,4.4,,,,,,"Full shade",,,,,,"QC: No Error",,,"legacyData"
"299b9240-eb05-44fe-b9b7-381d6d90f64a","HARV_001.basePlot.vst","2014-01-30","vst_HARV_2014","D01","HARV","HARV_001",,"NEON.PLA.D01.HARV.01192",,"sapling","Live",1.5,10,1.2,,,,,,"Full shade",,,,,,,,,"legacyData"
"94fc565e-6b16-4173-b7d9-c2d8146f5715","HARV_001.basePlot.vst","2014-01-30","vst_HARV_2014","D01","HARV","HARV_001",,"NEON.PLA.D01.HARV.01060",,"single bole tree","Live",10.1,130,11.9,,,,5.3,4.3,"Full shade",,,,,,"QC: No Error",,,"legacyData"
"ce28adcc-4e85-4c79-8a07-f1b420038f9d","HARV_001.basePlot.vst","2014-01-30","vst_HARV_2014","D01","HARV","HARV_001",,"NEON.PLA.D01.HARV.00978",,"small tree","Live",1.6,130,4.3,,,,,,"Mostly shaded",,,,,,,,,"legacyData"
"751a00f3-8f3b-4195-8a5e-c382bab3f921","HARV_001.basePlot.vst","2014-01-30","vst_HARV_2014","D01","HARV","HARV_001",,"NEON.PLA.D01.HARV.00999",,"sapling","Live",1.1,10,3.0,,,,,,"Full shade",,,,,,"QC: No Error",,,"legacyData"
"18796b90-ca21-417a-8225-578f4cee9a6b","HARV_001.basePlot.vst","2014-01-30","vst_HARV_2014","D01","HARV","HARV_001",,"NEON.PLA.D01.HARV.01078",,"sapling","Live",1.0,10,1.0,,,,,,"Full shade",,,,,,"QC: No Error",,,"legacyData"
"45bc99dc-4752-4723-9499-de74b2d719d4","HARV_001.basePlot.vst","2014-01-30","vst_HARV_2014","D01","HARV","HARV_001",,"NEON.PLA.D01.HARV.01061",,"single bole tree","Standing dead",10.5,130,6.1,,,,,,"Full shade",,,,,,,,,"legacyData"
"e1b1b2e2-46f2-4ef7-b80d-d7671ef323a7","HARV_001.basePlot.vst","2014-01-30","vst_HARV_2014","D01","HARV","HARV_001",,"NEON.PLA.D01.HARV.01067",,"sapling","Live",1.5,10,1.3,,,,,,"Full shade",,,,,,,,,"legacyData"
"f8255700-5aa5-4c28-a3fa-562d022b375e","HARV_001.basePlot.vst","2014-01-30","vst_HARV_2014","D01","HARV","HARV_001",,"NEON.PLA.D01.HARV.01113",,"sapling","Live",1.2,10,2.3,,,,,,"Full shade",,,,,,,,,"legacyData"
"895233ca-9ef6-430b-acb9-90f60479e93a","HARV_001.basePlot.vst","2014-01-30","vst_HARV_2014","D01","HARV","HARV_001",,"NEON.PLA.D01.HARV.01075",,"sapling","Live",1.7,10,1.4,,,,,,"Full shade",,,,,,,,,"legacyData"
"ed423ff3-3d0e-4283-88fe-c549be6cea7d","HARV_001.basePlot.vst","2014-01-30","vst_HARV_2014","D01","HARV","HARV_001",,"NEON.PLA.D01.HARV.01100",,"small tree","Live",1.7,130,4.0,,,,,,"Full shade",,,,,,,,,"legacyData"
"5b9f3a51-ba83-4bc8-861a-ae9d02c9e194","HARV_001.basePlot.vst","2014-01-30","vst_HARV_2014","D01","HARV","HARV_001",,"NEON.PLA.D01.HARV.01085",,"sapling","Live",1.4,10,1.1,,,,,,"Full shade",,,,,,"QC: No Error",,,"legacyData"
"d3938ae2-0bf3-4c4c-a1ae-30bab7deddda","HARV_001.basePlot.vst","2014-01-30","vst_HARV_2014","D01","HARV","HARV_001",,"NEON.PLA.D01.HARV.00982",,"small tree","Live",1.2,130,3.5,,,,,,"Full shade",,,,,,,,,"legacyData"
"ccd5b2fe-8ff2-4bab-b26d-b8820a871d99","HARV_001.basePlot.vst","2014-01-30","vst_HARV_2014","D01","HARV","HARV_001",,"NEON.PLA.D01.HARV.01479",,"sapling","Live",1.1,10,1.0,,,,,,"Full shade",,,,,,,,,"legacyData"
"bc1a59bd-a5a7-4309-9b86-b34ed1a1e31b","HARV_001.basePlot.vst","2014-01-30","vst_HARV_2014","D01","HARV","HARV_001",,"NEON.PLA.D01.HARV.00938",,"small tree","Live",2.2,130,4.4,,,,,,"Full shade",,,,,,,,,"legacyData"
"a4fc1445-38e4-4d76-b3a0-1018f43a60cd","HARV_001.basePlot.vst","2014-01-30","vst_HARV_2014","D01","HARV","HARV_001",,"NEON.PLA.D01.HARV.01029",,"sapling","Live",1.5,10,1.2,,,,,,"Full shade",,,,,,"QC: No Error",,,"legacyData"
"a50139fc-b18e-4557-90da-f4cad0a50401","HARV_001.basePlot.vst","2014-01-30","vst_HARV_2014","D01","HARV","HARV_001",,"NEON.PLA.D01.HARV.00977",,"small tree","Live",1.3,130,3.9,,,,,,"Full shade",,,,,,"QC: No Error",,,"legacyData"
"1f1e6e22-ca5a-4ec2-b815-62611d6c2587","HARV_001.basePlot.vst","2014-01-30","vst_HARV_2014","D01","HARV","HARV_001",,"NEON.PLA.D01.HARV.01000",,"sapling","Live",1.2,10,2.6,,,,,,"Full shade",,,,,,"QC: No Error",,,"legacyData"
"9a465911-500e-4f6f-85ae-da0e85f6b812","HARV_001.basePlot.vst","2014-01-30","vst_HARV_2014","D01","HARV","HARV_001",,"NEON.PLA.D01.HARV.01007",,"small tree","Live",1.1,130,1.5,,,,,,"Mostly shaded",,,,,,,,,"legacyData"
"f863494e-8933-4432-9a71-4d490427dd80","HARV_001.basePlot.vst","2014-01-30","vst_HARV_2014","D01","HARV","HARV_001",,"NEON.PLA.D01.HARV.00969",,"sapling","Live",1.7,10,1.4,,,,,,"Full shade",,,,,,,,,"legacyData"
"5b3b1189-f066-4adf-b174-c6b3fb737934","HARV_001.basePlot.vst","2014-01-30","vst_HARV_2014","D01","HARV","HARV_001",,"NEON.PLA.D01.HARV.00959",,"small tree","Live",2.2,130,2.2,,,,,,"Full shade",,,,,,,,,"legacyData"
"4cd20994-ea7f-4f03-b90d-0aa8419c3298","HARV_001.basePlot.vst","2014-01-30","vst_HARV_2014","D01","HARV","HARV_001",,"NEON.PLA.D01.HARV.00963",,"small tree","Live",1.0,130,3.6,,,,,,"Full shade",,,,,,,,,"legacyData"
"e2ea2996-4d5d-4ac9-8ec8-a317b5a9a72d","HARV_001.basePlot.vst","2014-01-30","vst_HARV_2014","D01","HARV","HARV_001",,"NEON.PLA.D01.HARV.01191",,"sapling","Live",1.4,10,1.4,,,,,,"Full shade",,,,,,"QC: No Error",,,"legacyData"
"3d0763ab-0699-4cce-a262-7710b96a3e91","HARV_001.basePlot.vst","2014-01-30","vst_HARV_2014","D01","HARV","HARV_001",,"NEON.PLA.D01.HARV.01014",,"sapling","Live",1.0,10,1.6,,,,,,"Full shade",,,,,,,,,"legacyData"
"6102d352-4a80-4210-bc3c-7d8e53617139","HARV_001.basePlot.vst","2014-01-30","vst_HARV_2014","D01","HARV","HARV_001",,"NEON.PLA.D01.HARV.01024",,"small tree","Live",1.2,130,3.4,,,,,,"Mostly shaded",,,,,,,,,"legacyData"
"62e7d5f9-4885-422a-92db-e8b6491137da","HARV_001.basePlot.vst","2014-01-30","vst_HARV_2014","D01","HARV","HARV_001",,"NEON.PLA.D01.HARV.01111",,"small tree","Live",4.7,130,4.3,,,,,,"Mostly shaded",,,,,,"QC: No Error",,,"legacyData"
"3d3775a2-0bbb-493d-b10c-77de25033a07","HARV_001.basePlot.vst","2014-01-30","vst_HARV_2014","D01","HARV","HARV_001",,"NEON.PLA.D01.HARV.01033",,"sapling","Live",1.1,10,1.3,,,,,,"Mostly shaded",,,,,,,,,"legacyData"
"126ec14c-a314-4d38-8224-f1491727ee00","HARV_001.basePlot.vst","2014-01-30","vst_HARV_2014","D01","HARV","HARV_001",,"NEON.PLA.D01.HARV.00976",,"sapling","Live",1.9,10,1.6,,,,,,"Full shade",,,,,,,,,"legacyData"
"4e981118-4efe-4d7b-8511-ecb5ef4b42f2","HARV_001.basePlot.vst","2014-01-30","vst_HARV_2014","D01","HARV","HARV_001",,"NEON.PLA.D01.HARV.00988",,"sapling","Live",1.3,10,3.0,,,,,,"Full shade",,,,,,,,,"legacyData"
"ae102519-bd91-4f6a-96fd-0db5220b6f9b","HARV_001.basePlot.vst","2014-01-30","vst_HARV_2014","D01","HARV","HARV_001",,"NEON.PLA.D01.HARV.00980",,"small tree","Live",1.9,130,3.5,,,,,,"Mostly shaded",,,,,,,,,"legacyData"
"b6f6fafd-3f22-4f1a-938b-c0c0276f6f5a","HARV_001.basePlot.vst","2014-01-30","vst_HARV_2014","D01","HARV","HARV_001",,"NEON.PLA.D01.HARV.01031",,"single bole tree","Live",35.0,130,25.4,,,,7.5,6.4,"Partially shaded",,,,,,,,,"legacyData"
"0eec9e43-658a-4104-bd38-ea87d324ba75","HARV_001.basePlot.vst","2014-01-30","vst_HARV_2014","D01","HARV","HARV_001",,"NEON.PLA.D01.HARV.01062",,"small tree","Live",1.9,130,2.6,,,,,,"Full shade",,,,,,,,,"legacyData"
"cdf60b49-ab2e-404e-8361-01e8b1b058dc","HARV_001.basePlot.vst","2014-01-30","vst_HARV_2014","D01","HARV","HARV_001",,"NEON.PLA.D01.HARV.01110",,"sapling","Live",2.3,30,2.4,,,,,,"Full shade",,,,,,,,,"legacyData"
"647d8b3f-db03-45df-8ac8-225fdb5165c3","HARV_001.basePlot.vst","2014-01-30","vst_HARV_2014","D01","HARV","HARV_001",,"NEON.PLA.D01.HARV.01099",,"small tree","Live",2.4,130,4.7,,,,,,"Mostly shaded",,,,,,,,,"legacyData"
"0d7f3595-5cc0-42c6-b2c0-ed9a657d7159","HARV_001.basePlot.vst","2014-01-30","vst_HARV_2014","D01","HARV","HARV_001",,"NEON.PLA.D01.HARV.01109",,"small tree","Live",2.7,130,5.4,,,,,,"Mostly shaded",,,,,,,,,"legacyData"
"74a1256c-9699-4ce1-aea6-be194cbfd613","HARV_001.basePlot.vst","2014-01-30","vst_HARV_2014","D01","HARV","HARV_001",,"NEON.PLA.D01.HARV.00973",,"small tree","Live",1.8,130,3.9,,,,,,"Full shade",,,,,,"QC: No Error",,,"legacyData"
"c3e2052a-f30e-4693-aedb-0367d1ca0acc","HARV_001.basePlot.vst","2014-01-30","vst_HARV_2014","D01","HARV","HARV_001",,"NEON.PLA.D01.HARV.01011",,"small tree","Live",2.7,130,6.1,,,,,,"Mostly shaded",,,,,,,,,"legacyData"
"ba2dd763-a00f-414f-aa1c-13ea053819ec","HARV_001.basePlot.vst","2014-01-30","vst_HARV_2014","D01","HARV","HARV_001",,"NEON.PLA.D01.HARV.01048",,"sapling","Live",1.1,10,2.2,,,,,,"Mostly shaded",,,,,,,,,"legacyData"
"3e3da3bc-ca55-4130-a461-00b423d2dc1b","HARV_001.basePlot.vst","2014-01-30","vst_HARV_2014","D01","HARV","HARV_001",,"NEON.PLA.D01.HARV.01055",,"single bole tree","Live",12.5,130,10.4,,,,4.7,3.6,"Full shade",,,,,,"QC: No Error",,,"legacyData"
"105f1aad-052c-4353-8853-f437c73a98fc","HARV_001.basePlot.vst","2014-01-30","vst_HARV_2014","D01","HARV","HARV_001",,"NEON.PLA.D01.HARV.00989",,"sapling","Live",1.1,10,2.9,,,,,,"Full shade",,,,,,,,,"legacyData"
"77c6da5c-163e-4c2f-8d0c-6d4e52af3600","HARV_001.basePlot.vst","2014-01-30","vst_HARV_2014","D01","HARV","HARV_001",,"NEON.PLA.D01.HARV.01010",,"small tree","Live",1.1,130,2.9,,,,,,"Mostly shaded",,,,,,,,,"legacyData"
"5ad978a0-e1e7-4451-bed7-ec2cab6db972","HARV_001.basePlot.vst","2014-01-30","vst_HARV_2014","D01","HARV","HARV_001",,"NEON.PLA.D01.HARV.01012",,"small tree","Live",2.1,130,4.8,,,,,,"Mostly shaded",,,,,,,,,"legacyData"
"4e40234b-8ebd-49df-b1ce-70f4d83f6b1a","HARV_001.basePlot.vst","2014-01-30","vst_HARV_2014","D01","HARV","HARV_001",,"NEON.PLA.D01.HARV.01047",,"single shrub","Live",3.1,130,4.3,,,,3.2,2.9,"Mostly shaded","inverted cone",,,1.80,1.50,"QC: No Error",,,"legacyData"
"dac06adc-e07b-4cbd-a18a-c9c384023863","HARV_001.basePlot.vst","2014-01-30","vst_HARV_2014","D01","HARV","HARV_001",,"NEON.PLA.D01.HARV.00987",,"small tree","Live",1.1,130,3.6,,,,,,"Full shade",,,,,,"QC: No Error",,,"legacyData"
"195ed351-d33f-45b0-9d2d-9fe00484f23c","HARV_001.basePlot.vst","2014-01-30","vst_HARV_2014","D01","HARV","HARV_001",,"NEON.PLA.D01.HARV.00975",,"small tree","Live",1.1,130,3.2,,,,,,"Full shade",,,,,,,,,"legacyData"
"7d81b46b-134f-4e50-9056-0c6923a914cf","HARV_001.basePlot.vst","2014-01-30","vst_HARV_2014","D01","HARV","HARV_001",,"NEON.PLA.D01.HARV.01052",,"single bole tree","Live",23.2,130,18.9,,,,5.6,5.2,"Partially shaded",,,,,,,,,"legacyData"
"7ba5837d-f8d1-44c4-a08c-6a980754dfeb","HARV_001.basePlot.vst","2014-01-30","vst_HARV_2014","D01","HARV","HARV_001",,"NEON.PLA.D01.HARV.01071",,"sapling","Live",1.7,10,0.4,,,,,,"Full shade",,,,,,,,,"legacyData"
"fc019b2e-f0a3-4856-8cbd-815111f933cb","HARV_001.basePlot.vst","2014-01-30","vst_HARV_2014","D01","HARV","HARV_001",,"NEON.PLA.D01.HARV.00966",,"small tree","Live",2.9,130,5.1,,,,,,"Full shade",,,,,,,,,"legacyData"
"896c30a5-1541-415e-a17c-28d2ae907ab5","HARV_001.basePlot.vst","2014-01-30","vst_HARV_2014","D01","HARV","HARV_001",,"NEON.PLA.D01.HARV.00967",,"sapling","Live",1.4,10,3.4,,,,,,"Full shade",,,,,,,,,"legacyData"
"dd7c28ac-4809-4bf5-9d11-7bae97a83134","HARV_001.basePlot.vst","2014-01-30","vst_HARV_2014","D01","HARV","HARV_001",,"NEON.PLA.D01.HARV.01096",,"sapling","Live",1.0,10,2.1,,,,,,"Full shade",,,,,,"QC: No Error",,,"legacyData"
"4ebcff2f-fc5e-410e-aaaa-3d82d9441f86","HARV_001.basePlot.vst","2014-01-30","vst_HARV_2014","D01","HARV","HARV_001",,"NEON.PLA.D01.HARV.00965",,"small tree","Live",2.3,130,3.0,,,,,,"Full shade",,,,,,,,,"legacyData"
"bcb32664-0b1d-4c5d-8a10-7071ccb1053b","HARV_001.basePlot.vst","2014-01-30","vst_HARV_2014","D01","HARV","HARV_001",,"NEON.PLA.D01.HARV.01065",,"sapling","Live",1.2,10,2.4,,,,,,"Full shade",,,,,,,,,"legacyData"
"7edf594b-73b7-4977-b393-40721b743aa5","HARV_001.basePlot.vst","2014-01-30","vst_HARV_2014","D01","HARV","HARV_001",,"NEON.PLA.D01.HARV.01021",,"sapling","Live",1.0,10,2.3,,,,,,"Mostly shaded",,,,,,,,,"legacyData"
"3bb29d16-1d53-4fbb-9277-4de1c7480066","HARV_001.basePlot.vst","2014-01-30","vst_HARV_2014","D01","HARV","HARV_001",,"NEON.PLA.D01.HARV.01003",,"small tree",,1.1,130,2.4,,,,,,"Mostly shaded",,,,,,"QC: No Error",,,"legacyData"
"4ffa0839-2ced-499f-b577-d9c5dc682cb1","HARV_001.basePlot.vst","2014-01-30","vst_HARV_2014","D01","HARV","HARV_001",,"NEON.PLA.D01.HARV.01002",,"single bole tree",,1.7,10,1.7,,,,,,"Full shade",,,,,,,,,"legacyData"
"da010977-e671-4073-be9e-9fd32450f06c","HARV_001.basePlot.vst","2014-01-30","vst_HARV_2014","D01","HARV","HARV_001",,"NEON.PLA.D01.HARV.01098",,"small tree","Live",2.8,130,3.2,,,,,,"Mostly shaded",,,,,,,,,"legacyData"
"763e35ba-a21f-4dec-bc43-f30ac2b31d1d","HARV_001.basePlot.vst","2014-01-30","vst_HARV_2014","D01","HARV","HARV_001",,"NEON.PLA.D01.HARV.01008",,"small tree","Live",1.2,130,3.2,,,,,,"Mostly shaded",,,,,,"QC: No Error",,,"legacyData"
"eb1844eb-f134-4488-b0d8-022df9a899af","HARV_001.basePlot.vst","2014-01-30","vst_HARV_2014","D01","HARV","HARV_001",,"NEON.PLA.D01.HARV.00979",,"small tree","Live",2.0,130,4.9,,,,,,"Mostly shaded",,,,,,"QC: No Error",,,"legacyData"
"456badc9-054e-4c82-b45d-d10543fd604d","HARV_001.basePlot.vst","2014-01-30","vst_HARV_2014","D01","HARV","HARV_001",,"NEON.PLA.D01.HARV.01077",,"sapling","Live",1.4,10,1.1,,,,,,"Full shade",,,,,,,,,"legacyData"
"6b12b05d-c1b5-40e4-be1b-eb23b35f3002","HARV_001.basePlot.vst","2014-01-30","vst_HARV_2014","D01","HARV","HARV_001",,"NEON.PLA.D01.HARV.00960",,,"Live",1.0,10,1.3,,,,,,"Full shade",,,,,,,,,"legacyData"
"c89045ec-f93a-4186-b9c5-e1cd7f0e9265","HARV_001.basePlot.vst","2014-01-30","vst_HARV_2014","D01","HARV","HARV_001",,"NEON.PLA.D01.HARV.01032",,"small tree","Live",1.5,130,4.0,,,,,,"Mostly shaded",,,,,,,,,"legacyData"
"0757fec0-d709-42ed-8b7d-1a821bea9bd5","HARV_001.basePlot.vst","2014-01-30","vst_HARV_2014","D01","HARV","HARV_001",,"NEON.PLA.D01.HARV.01086",,"sapling","Live",1.2,10,1.0,,,,,,"Full shade",,,,,,,,,"legacyData"
"25379aaf-62e6-4b4b-8190-2a41f7539ad6","HARV_001.basePlot.vst","2014-01-30","vst_HARV_2014","D01","HARV","HARV_001",,"NEON.PLA.D01.HARV.00992",,"sapling","Live",1.5,10,2.6,,,,,,"Full shade",,,,,,"QC: No Error",,,"legacyData"
"854f6fe3-cf78-4b16-8668-89b6aa0a2a85","HARV_001.basePlot.vst","2014-01-30","vst_HARV_2014","D01","HARV","HARV_001",,"NEON.PLA.D01.HARV.01068",,"sapling","Live",1.0,10,0.8,,,,,,"Full shade",,,,,,,,,"legacyData"
"c95b7a24-366b-4a3c-91a9-75e2e2e8d18c","HARV_001.basePlot.vst","2014-01-30","vst_HARV_2014","D01","HARV","HARV_001",,"NEON.PLA.D01.HARV.01057",,"single bole tree","Live",18.9,130,13.3,,,,8.2,5.8,"Full shade",,,,,,,,,"legacyData"
"36afd75f-32da-4c56-aa18-d75d6bfc2906","HARV_001.basePlot.vst","2014-01-30","vst_HARV_2014","D01","HARV","HARV_001",,"NEON.PLA.D01.HARV.01196",,"small tree","Live",8.8,130,7.8,,,,,,"Full shade",,,,,,,,,"legacyData"
"2cf893e9-8cb5-47b7-94ff-2985c86c8fb9","HARV_001.basePlot.vst","2014-01-30","vst_HARV_2014","D01","HARV","HARV_001",,"NEON.PLA.D01.HARV.01063",,"sapling","Live",1.5,10,2.1,,,,,,"Full shade",,,,,,,,,"legacyData"
"44145f48-0f9c-4899-a9cc-3dd7be9d32db","HARV_001.basePlot.vst","2014-01-30","vst_HARV_2014","D01","HARV","HARV_001",,"NEON.PLA.D01.HARV.01035",,"small tree","Live",1.9,130,4.8,,,,,,"Mostly shaded",,,,,,,,,"legacyData"
"df396fa6-032f-4dde-91ce-744b118ed2e3","HARV_001.basePlot.vst","2014-01-30","vst_HARV_2014","D01","HARV","HARV_001",,"NEON.PLA.D01.HARV.01198",,"sapling","Live",1.1,10,1.6,,,,,,"Full shade",,,,,,,,,"legacyData"
"47942682-b23f-4542-aede-2887843d3fad","HARV_001.basePlot.vst","2014-01-30","vst_HARV_2014","D01","HARV","HARV_001",,"NEON.PLA.D01.HARV.01070",,"small tree","Live",1.8,130,3.8,,,,,,"Full shade",,,,,,,,,"legacyData"
"49a18aba-5d96-4fd7-a57c-8379ac9c2953","HARV_001.basePlot.vst","2014-01-30","vst_HARV_2014","D01","HARV","HARV_001",,"NEON.PLA.D01.HARV.01097",,"sapling","Live",1.3,10,2.9,,,,,,"Full shade",,,,,,,,,"legacyData"
"8a4652c7-ae07-4363-8c4f-1cd067a1909f","HARV_001.basePlot.vst","2014-01-30","vst_HARV_2014","D01","HARV","HARV_001",,"NEON.PLA.D01.HARV.01034",,"small tree","Live",1.9,130,4.4,,,,,,"Mostly shaded",,,,,,"QC: No Error",,,"legacyData"
"9561a1cf-f119-4950-8c91-b065f3310849","HARV_001.basePlot.vst","2014-01-30","vst_HARV_2014","D01","HARV","HARV_001",,"NEON.PLA.D01.HARV.01076",,"small tree","Live",1.0,130,3.1,,,,,,"Full shade",,,,,,,,,"legacyData"
"1602b13e-1c74-4e2b-a4bb-f166d7b69993","HARV_001.basePlot.vst","2014-01-30","vst_HARV_2014","D01","HARV","HARV_001",,"NEON.PLA.D01.HARV.01016",,"small tree","Live",1.2,130,3.8,,,,,,"Mostly shaded",,,,,,,,,"legacyData"
"29526cac-dda1-42ab-9f1e-c35203e0db2c","HARV_001.basePlot.vst","2014-01-30","vst_HARV_2014","D01","HARV","HARV_001",,"NEON.PLA.D01.HARV.00936",,"small tree","Live",2.4,130,3.0,,,,,,"Full shade",,,,,,,,,"legacyData"
"d513bcb3-5631-4656-a8ec-f351a0362ce8","HARV_013.basePlot.vst","2014-01-31","vst_HARV_2014","D01","HARV","HARV_013",,"NEON.PLA.D01.HARV.01716",,"sapling",,1.7,10,1.7,,,,,,"Full shade",,,,,,,,,"legacyData"
"08ce2b80-0965-44b0-ae32-8c1b7eed408e","HARV_013.basePlot.vst","2014-01-31","vst_HARV_2014","D01","HARV","HARV_013",,"NEON.PLA.D01.HARV.01126",,"small tree",,1.4,130,2.2,,,,,,"Full shade",,,,,,,,,"legacyData"
"4a2c7190-2021-4e61-b08d-f8515b1e09fb","HARV_013.basePlot.vst","2014-01-31","vst_HARV_2014","D01","HARV","HARV_013",,"NEON.PLA.D01.HARV.01701",,"sapling",,1.2,10,1.1,,,,,,"Full shade",,,,,,,,,"legacyData"
"f9c21f0b-71ef-4567-9996-7b2c97cda747","HARV_013.basePlot.vst","2014-01-31","vst_HARV_2014","D01","HARV","HARV_013",,"NEON.PLA.D01.HARV.01702",,"sapling",,1.6,10,1.8,,,,,,"Full shade",,,,,,,,,"legacyData"
"665dcf37-093b-4340-8852-111d19c92897","HARV_013.basePlot.vst","2014-01-31","vst_HARV_2014","D01","HARV","HARV_013",,"NEON.PLA.D01.HARV.01704",,"sapling",,1.4,10,1.3,,,,,,"Full shade",,,,,,,,,"legacyData"
"4c0971af-0249-4e6d-8932-4bd8dd5828d7","HARV_013.basePlot.vst","2014-01-31","vst_HARV_2014","D01","HARV","HARV_013",,"NEON.PLA.D01.HARV.01129",,"sapling",,1.4,10,1.3,,,,,,"Full shade",,,,,,,,,"legacyData"
"1bda227c-dab5-4193-b4a0-70f0e2263f8b","HARV_013.basePlot.vst","2014-01-31","vst_HARV_2014","D01","HARV","HARV_013",,"NEON.PLA.D01.HARV.01149",,"single bole tree","Live",43.4,130,23.2,,,,6.4,2.8,"Partially shaded",,,,,,,,,"legacyData"
"b15ae1e5-fc05-489f-92af-b9bb4f6c6fee","HARV_013.basePlot.vst","2014-01-31","vst_HARV_2014","D01","HARV","HARV_013",,"NEON.PLA.D01.HARV.01710",,"sapling",,1.7,10,2.3,,,,,,"Full shade",,,,,,"QC: No Error",,,"legacyData"
"230e5ae8-2186-4493-908a-ced92b6b3e65","HARV_006.basePlot.vst","2014-01-31","vst_HARV_2014","D01","HARV","HARV_006",,"NEON.PLA.D01.HARV.01154",,"single bole tree","Live",20.0,130,18.4,,,,5.7,4.2,"Partially shaded",,,,,,,,,"legacyData"
"05aaa1b6-108f-4c25-8f11-484f22cdf9c6","HARV_006.basePlot.vst","2014-01-31","vst_HARV_2014","D01","HARV","HARV_006",,"NEON.PLA.D01.HARV.01184",,"small tree","Live",4.1,130,2.5,,,,,,,,,,,,,,,"legacyData"
"8446b942-343c-4394-bd93-1ac9f89a3bef","HARV_013.basePlot.vst","2014-01-31","vst_HARV_2014","D01","HARV","HARV_013",,"NEON.PLA.D01.HARV.01151",,"single bole tree","Standing dead",14.0,130,6.7,,,,,,,,,,,,"QC: No Error",,,"legacyData"
"7906addc-cfe0-4486-815d-21c6699f1a68","HARV_013.basePlot.vst","2014-01-31","vst_HARV_2014","D01","HARV","HARV_013",,"NEON.PLA.D01.HARV.01728",,"sapling",,1.1,10,1.2,,,,,,"Full shade",,,,,,,,,"legacyData"
"a893e2c7-26d4-4706-ac82-be0815e442b9","HARV_013.basePlot.vst","2014-01-31","vst_HARV_2014","D01","HARV","HARV_013",,"NEON.PLA.D01.HARV.01142",,"multi-bole tree","Standing dead",24.4,130,12.5,,,,,,,,,,,,,,,"legacyData"
"f25dc98f-97a1-4a83-ad52-4fa79901acf3","HARV_006.basePlot.vst","2014-01-31","vst_HARV_2014","D01","HARV","HARV_006",,"NEON.PLA.D01.HARV.01187",,"single bole tree","Live",17.7,130,13.4,,,,3.7,3.4,"Partially shaded",,,,,,"QC: no error EM",,,"legacyData"
"745cf072-a627-40c1-96c3-c4bc2f631725","HARV_013.basePlot.vst","2014-01-31","vst_HARV_2014","D01","HARV","HARV_013",,"NEON.PLA.D01.HARV.01713",,"sapling",,1.2,10,1.3,,,,,,"Full shade",,,,,,"QC: No Error",,,"legacyData"
"e36e046a-7dd4-4d96-9000-a789f292b0db","HARV_013.basePlot.vst","2014-01-31","vst_HARV_2014","D01","HARV","HARV_013",,"NEON.PLA.D01.HARV.01138",,"single bole tree","Live",33.0,130,18.6,,,,10.1,7.4,"Partially shaded",,,,,,,,,"legacyData"
"0553c286-27c0-43c8-87dd-cb1774ff13d6","HARV_006.basePlot.vst","2014-01-31","vst_HARV_2014","D01","HARV","HARV_006",,"NEON.PLA.D01.HARV.01165",,"small tree","Live",7.9,130,5.6,,,,,,,,,,,,"QC: no error EM",,,"legacyData"
"ca01e67f-3967-4912-94de-0d7e075c9dc6","HARV_013.basePlot.vst","2014-01-31","vst_HARV_2014","D01","HARV","HARV_013",,"NEON.PLA.D01.HARV.01136",,"single bole tree","Live",60.2,130,24.3,,,,10.8,9.4,"Partially shaded",,,,,,,,,"legacyData"
"3caed5e3-4ac3-4e27-9783-6c00b5ffe6bd","HARV_006.basePlot.vst","2014-01-31","vst_HARV_2014","D01","HARV","HARV_006",,"NEON.PLA.D01.HARV.01161",,"small tree","Live",2.4,130,2.6,,,,,,,,,,,,,,,"legacyData"
"a0de5941-a2fa-430f-905f-5faeb8a05329","HARV_013.basePlot.vst","2014-01-31","vst_HARV_2014","D01","HARV","HARV_013",,"NEON.PLA.D01.HARV.01120",,"sapling",,2.1,10,2.1,,,,,,"Full shade",,,,,,,,,"legacyData"
"b1584de3-0cab-4a31-bc06-95319cc09bf3","HARV_006.basePlot.vst","2014-01-31","vst_HARV_2014","D01","HARV","HARV_006",,"NEON.PLA.D01.HARV.01164",,"small tree","Live",5.9,130,3.4,,,,,,,,,,,,,,,"legacyData"
"32d50c40-d6b6-4720-a3c2-bb8bf4b4989f","HARV_006.basePlot.vst","2014-01-31","vst_HARV_2014","D01","HARV","HARV_006",,"NEON.PLA.D01.HARV.01157",,"single bole tree","Live",10.1,130,11.7,,,,5.1,4.0,"Mostly shaded",,,,,,,,,"legacyData"
"9a42c80e-9bb4-4b06-b6d5-c9c17e9d3ae9","HARV_013.basePlot.vst","2014-01-31","vst_HARV_2014","D01","HARV","HARV_013",,"NEON.PLA.D01.HARV.01117",,"sapling",,1.1,10,1.4,,,,,,"Full shade",,,,,,,,,"legacyData"
"256ef2c4-5306-4d9a-9778-3b9f158217b9","HARV_013.basePlot.vst","2014-01-31","vst_HARV_2014","D01","HARV","HARV_013",,"NEON.PLA.D01.HARV.01121",,"sapling",,1.6,10,0.9,,,,,,"Full shade",,,,,,,,,"legacyData"
"5af27a11-7655-4276-a9c1-1bf622d4d9bf","HARV_013.basePlot.vst","2014-01-31","vst_HARV_2014","D01","HARV","HARV_013",,"NEON.PLA.D01.HARV.01132",,"sapling",,1.6,10,1.8,,,,,,"Full shade",,,,,,,,,"legacyData"
"137e3efa-5883-48b0-a476-bb7e77e5ded3","HARV_013.basePlot.vst","2014-01-31","vst_HARV_2014","D01","HARV","HARV_013",,"NEON.PLA.D01.HARV.01127",,"sapling",,1.7,10,1.9,,,,,,"Full shade",,,,,,,,,"legacyData"
"6978da06-38a7-47e1-97a8-cbca9577d8cd","HARV_013.basePlot.vst","2014-01-31","vst_HARV_2014","D01","HARV","HARV_013",,"NEON.PLA.D01.HARV.01148",,"single bole tree","Standing dead",11.4,60,1.1,,,,,,,,,,,,,,,"legacyData"
"7bf828d9-ce95-48c1-803f-70cb11c77828","HARV_013.basePlot.vst","2014-01-31","vst_HARV_2014","D01","HARV","HARV_013",,"NEON.PLA.D01.HARV.01721",,"sapling",,1.1,10,1.2,,,,,,"Full shade",,,,,,,,,"legacyData"
"3b894eb0-90f5-4dc4-8f79-9e04c0333a7e","HARV_013.basePlot.vst","2014-01-31","vst_HARV_2014","D01","HARV","HARV_013",,"NEON.PLA.D01.HARV.01125",,"sapling",,1.3,10,1.3,,,,,,"Full shade",,,,,,,,,"legacyData"
"06670cde-d1d8-48ef-86bb-9f0fda3af115","HARV_013.basePlot.vst","2014-01-31","vst_HARV_2014","D01","HARV","HARV_013",,"NEON.PLA.D01.HARV.01131",,"small tree",,1.0,130,2.1,,,,,,"Full shade",,,,,,,,,"legacyData"
"02ce43dd-a4bd-4354-86d9-351a8dbb32bb","HARV_006.basePlot.vst","2014-01-31","vst_HARV_2014","D01","HARV","HARV_006",,"NEON.PLA.D01.HARV.01152",,"sapling","Live",1.5,10,1.9,,,,,,"Full shade",,,,,,"QC: no error EM",,,"legacyData"
"951f1e89-dea3-4f16-b9a4-9dcc0cc39002","HARV_013.basePlot.vst","2014-01-31","vst_HARV_2014","D01","HARV","HARV_013",,"NEON.PLA.D01.HARV.01712",,"sapling",,1.0,10,1.2,,,,,,"Full shade",,,,,,,,,"legacyData"
"635f7199-8164-4e4c-94ac-4e9ca8b32a1a","HARV_013.basePlot.vst","2014-01-31","vst_HARV_2014","D01","HARV","HARV_013",,"NEON.PLA.D01.HARV.01124",,"small tree",,1.8,130,2.3,,,,,,"Full shade",,,,,,"QC: No Error",,,"legacyData"
"bbff4df2-6a2d-4c3f-abad-b88cb02369a2","HARV_013.basePlot.vst","2014-01-31","vst_HARV_2014","D01","HARV","HARV_013",,"NEON.PLA.D01.HARV.01707",,"sapling",,2.0,10,1.9,,,,,,"Full shade",,,,,,,,,"legacyData"
"f714b145-ab21-4f15-b439-5929a73bd162","HARV_013.basePlot.vst","2014-01-31","vst_HARV_2014","D01","HARV","HARV_013",,"NEON.PLA.D01.HARV.01143",,"single bole tree","Standing dead",29.7,110,6.4,,,,,,,,,,,,,,,"legacyData"
"107a56e1-a746-4339-9445-c486077111fc","HARV_013.basePlot.vst","2014-01-31","vst_HARV_2014","D01","HARV","HARV_013",,"NEON.PLA.D01.HARV.01719",,"sapling",,1.6,10,1.7,,,,,,"Full shade",,,,,,"QC: No Error",,,"legacyData"
"b58a5cb2-7df3-4c60-940e-bc56c8c3c11e","HARV_013.basePlot.vst","2014-01-31","vst_HARV_2014","D01","HARV","HARV_013",,"NEON.PLA.D01.HARV.01706",,"sapling",,1.7,10,1.2,,,,,,"Full shade",,,,,,,,,"legacyData"
"60e6c8cd-b76e-48a4-ad95-5e65505058be","HARV_013.basePlot.vst","2014-01-31","vst_HARV_2014","D01","HARV","HARV_013",,"NEON.PLA.D01.HARV.01150",,"single bole tree","Live",41.5,130,19.1,,,,9.0,7.6,"Partially shaded",,,,,,,,,"legacyData"
"dac3912a-61c4-4e2c-9994-a6a837aae00e","HARV_006.basePlot.vst","2014-01-31","vst_HARV_2014","D01","HARV","HARV_006",,"NEON.PLA.D01.HARV.01160",,"small tree","Live",6.9,130,5.5,,,,,,,,,,,,"QC: no error EM",,,"legacyData"
"15395ad1-eb15-4ab7-9027-8971a0b6dc16","HARV_013.basePlot.vst","2014-01-31","vst_HARV_2014","D01","HARV","HARV_013",,"NEON.PLA.D01.HARV.01130",,"sapling",,1.8,10,2.1,,,,,,"Full shade",,,,,,,,,"legacyData"
"d299d082-6853-4a9d-814b-ee04522279bc","HARV_006.basePlot.vst","2014-01-31","vst_HARV_2014","D01","HARV","HARV_006",,"NEON.PLA.D01.HARV.01183",,"sapling","Live",2.9,10,1.5,,,,,,,,,,,,,,,"legacyData"
"ceb3a7aa-949e-45fe-8f1e-7befc26593ca","HARV_013.basePlot.vst","2014-01-31","vst_HARV_2014","D01","HARV","HARV_013",,"NEON.PLA.D01.HARV.01139",,"single bole tree","Live",65.4,130,24.6,,,,12.0,11.6,"Partially shaded",,,,,,,,,"legacyData"
"92ebda91-a749-4bff-8c27-c61ab870bed5","HARV_013.basePlot.vst","2014-01-31","vst_HARV_2014","D01","HARV","HARV_013",,"NEON.PLA.D01.HARV.01119",,"sapling",,1.3,10,1.4,,,,,,"Full shade",,,,,,"QC: No Error",,,"legacyData"
"96ad2d66-c702-497d-a5f2-f6198418d0ce","HARV_013.basePlot.vst","2014-01-31","vst_HARV_2014","D01","HARV","HARV_013",,"NEON.PLA.D01.HARV.01144",,"single bole tree","Live",63.1,100,21.1,,,,11.4,8.4,"Partially shaded",,,,,,,,,"legacyData"
"a8de8e0b-a748-4e43-a49c-bd42f1bb5bbd","HARV_013.basePlot.vst","2014-01-31","vst_HARV_2014","D01","HARV","HARV_013",,"NEON.PLA.D01.HARV.01145",,"single bole tree","Standing dead",26.6,130,15.1,,,,,,,,,,,,,,,"legacyData"
"f6233208-5414-4a12-847b-dbb3abb39aab","HARV_013.basePlot.vst","2014-01-31","vst_HARV_2014","D01","HARV","HARV_013",,"NEON.PLA.D01.HARV.01147",,"single bole tree","Standing dead",18.2,130,4.2,,,,,,,,,,,,,,,"legacyData"
"3976e67b-d498-45c7-8f64-e43ee1a336f6","HARV_013.basePlot.vst","2014-01-31","vst_HARV_2014","D01","HARV","HARV_013",,"NEON.PLA.D01.HARV.01711",,"sapling",,1.7,10,1.6,,,,,,"Full shade",,,,,,,,,"legacyData"
"1632d0ab-10b5-4a16-901a-1c7c409d8b9e","HARV_013.basePlot.vst","2014-01-31","vst_HARV_2014","D01","HARV","HARV_013",,"NEON.PLA.D01.HARV.01723",,"sapling",,1.4,10,1.4,,,,,,"Full shade",,,,,,,,,"legacyData"
"f5c0aa93-c77a-481e-a315-c1b18b0c2d3d","HARV_013.basePlot.vst","2014-01-31","vst_HARV_2014","D01","HARV","HARV_013",,"NEON.PLA.D01.HARV.02718",,,"Standing dead",22.0,130,10.7,,,,,,,,,,,,,,,"legacyData"
"94f93059-83b2-4e17-8c1c-e7f1e19f7846","HARV_013.basePlot.vst","2014-01-31","vst_HARV_2014","D01","HARV","HARV_013",,"NEON.PLA.D01.HARV.01134",,"sapling",,1.1,10,1.8,,,,,,"Full shade",,,,,,,,,"legacyData"
"beebb115-a5c3-4e0d-9f06-d7a075eb4b1e","HARV_006.basePlot.vst","2014-01-31","vst_HARV_2014","D01","HARV","HARV_006",,"NEON.PLA.D01.HARV.01166",,"small tree","Live",7.4,130,6.1,,,,,,,,,,,,,,,"legacyData"
"52aaaef5-de46-4e9d-a53d-113440cd134d","HARV_013.basePlot.vst","2014-01-31","vst_HARV_2014","D01","HARV","HARV_013",,"NEON.PLA.D01.HARV.01715",,"sapling",,1.1,10,1.5,,,,,,"Full shade",,,,,,,,,"legacyData"
"72670c05-14ba-4be0-8a8e-ab8fa2b67482","HARV_013.basePlot.vst","2014-01-31","vst_HARV_2014","D01","HARV","HARV_013",,"NEON.PLA.D01.HARV.01724",,"sapling",,1.5,10,1.7,,,,,,"Full shade",,,,,,,,,"legacyData"
"49670f3c-0b11-428c-8893-8a7e3fc26151","HARV_013.basePlot.vst","2014-01-31","vst_HARV_2014","D01","HARV","HARV_013",,"NEON.PLA.D01.HARV.01709",,"sapling",,1.7,10,1.5,,,,,,"Full shade",,,,,,,,,"legacyData"
"a4f9eb41-3c66-4979-bdf9-c87035a2477b","HARV_013.basePlot.vst","2014-01-31","vst_HARV_2014","D01","HARV","HARV_013",,"NEON.PLA.D01.HARV.01708",,"sapling",,1.4,10,0.9,,,,,,"Full shade",,,,,,,,,"legacyData"
"2711e949-64ff-42b8-85e9-a7cd3ab7df39","HARV_013.basePlot.vst","2014-01-31","vst_HARV_2014","D01","HARV","HARV_013",,"NEON.PLA.D01.HARV.01714",,"sapling",,1.3,10,1.5,,,,,,"Full shade",,,,,,"QC: No Error",,,"legacyData"
"43f72a13-45fa-40fa-9db8-875f59c3be64","HARV_013.basePlot.vst","2014-01-31","vst_HARV_2014","D01","HARV","HARV_013",,"NEON.PLA.D01.HARV.01135",,"single bole tree","Live",41.2,130,22.4,,,,14.3,12.1,"Partially shaded",,,,,,,,,"legacyData"
"ea2c5996-4c73-44d7-a9f8-6acb9fcf66bc","HARV_006.basePlot.vst","2014-01-31","vst_HARV_2014","D01","HARV","HARV_006",,"NEON.PLA.D01.HARV.01185",,"small tree","Live",9.9,130,16.2,,,,,,"Mostly shaded",,,,,,"QC: no error EM",,,"legacyData"
"5657defb-868d-4a98-a9d0-37d98ebeafa7","HARV_013.basePlot.vst","2014-01-31","vst_HARV_2014","D01","HARV","HARV_013",,"NEON.PLA.D01.HARV.01146",,"single bole tree","Live",49.6,130,24.0,,,,19.0,12.0,"Partially shaded",,,,,,,,,"legacyData"
"7f05130c-52e7-4167-8b84-7578f571e5fe","HARV_013.basePlot.vst","2014-01-31","vst_HARV_2014","D01","HARV","HARV_013",,"NEON.PLA.D01.HARV.01720",,"sapling",,1.6,10,1.5,,,,,,"Full shade",,,,,,,,,"legacyData"
"f02b988f-2c9f-4116-b041-3eb1272be147","HARV_006.basePlot.vst","2014-01-31","vst_HARV_2014","D01","HARV","HARV_006",,"NEON.PLA.D01.HARV.01163",,"single bole tree","Live",27.8,130,18.0,,,,7.5,6.1,"Partially shaded",,,,,,,,,"legacyData"
"28de3600-9cc0-4ee9-9987-6a577d41e8de","HARV_013.basePlot.vst","2014-01-31","vst_HARV_2014","D01","HARV","HARV_013",,"NEON.PLA.D01.HARV.01725",,"sapling",,2.0,10,1.7,,,,,,"Full shade",,,,,,,,,"legacyData"
"b31aef37-bcfa-4c81-b1d2-9905d5fb3f73","HARV_013.basePlot.vst","2014-01-31","vst_HARV_2014","D01","HARV","HARV_013",,"NEON.PLA.D01.HARV.01141",,"single bole tree","Live",44.1,130,20.3,,,,8.2,5.0,"Partially shaded",,,,,,,,,"legacyData"
"9f4d3609-c257-4a84-adb8-1913fc72cd0c","HARV_013.basePlot.vst","2014-01-31","vst_HARV_2014","D01","HARV","HARV_013",,"NEON.PLA.D01.HARV.01140",,"single bole tree","Live",38.4,130,18.8,,,,6.0,5.4,"Partially shaded",,,,,,,,,"legacyData"
"43ffb53e-aee0-4792-ab43-f479e7f1cdc9","HARV_013.basePlot.vst","2014-01-31","vst_HARV_2014","D01","HARV","HARV_013",,"NEON.PLA.D01.HARV.01726",,"sapling",,1.0,10,1.2,,,,,,"Full shade",,,,,,,,,"legacyData"
"7a6bb465-2339-45d7-8c81-92b608c738d7","HARV_013.basePlot.vst","2014-01-31","vst_HARV_2014","D01","HARV","HARV_013",,"NEON.PLA.D01.HARV.01133",,"sapling",,1.8,10,1.7,,,,,,"Full shade",,,,,,,,,"legacyData"
"c70c1eed-9ef6-45e8-8021-bd2aee019685","HARV_006.basePlot.vst","2014-01-31","vst_HARV_2014","D01","HARV","HARV_006",,"NEON.PLA.D01.HARV.01181",,"single bole tree","Live",27.9,130,17.7,,,,9.9,5.6,"Partially shaded",,,,,,"QC: no error EM",,,"legacyData"
"a23eb401-b40a-41fa-9710-bbf02d476f30","HARV_013.basePlot.vst","2014-01-31","vst_HARV_2014","D01","HARV","HARV_013",,"NEON.PLA.D01.HARV.01727",,"sapling",,1.1,10,1.3,,,,,,"Full shade",,,,,,,,,"legacyData"
"bd79cacc-2869-469e-9596-9f830e7cef15","HARV_013.basePlot.vst","2014-01-31","vst_HARV_2014","D01","HARV","HARV_013",,"NEON.PLA.D01.HARV.01128",,"sapling",,1.4,10,1.6,,,,,,"Full shade",,,,,,,,,"legacyData"
"e40944b5-817d-4453-8f25-bbc7017bce9b","HARV_013.basePlot.vst","2014-01-31","vst_HARV_2014","D01","HARV","HARV_013",,"NEON.PLA.D01.HARV.01122",,"sapling",,1.6,10,1.5,,,,,,"Full shade",,,,,,,,,"legacyData"
"c1e8fdb1-6e6a-4fcb-b0ed-e957ac76ca7c","HARV_013.basePlot.vst","2014-01-31","vst_HARV_2014","D01","HARV","HARV_013",,"NEON.PLA.D01.HARV.01722",,"sapling",,1.7,10,1.6,,,,,,"Full shade",,,,,,,,,"legacyData"
"8cc8c41f-ec5a-4250-af11-3804f9ec2603","HARV_013.basePlot.vst","2014-01-31","vst_HARV_2014","D01","HARV","HARV_013",,"NEON.PLA.D01.HARV.01717",,"sapling",,1.6,10,1.6,,,,,,"Full shade",,,,,,,,,"legacyData"
"3ec13128-946b-4038-ab23-d0b6ece3032f","HARV_013.basePlot.vst","2014-01-31","vst_HARV_2014","D01","HARV","HARV_013",,"NEON.PLA.D01.HARV.01137",,"single bole tree","Live",51.9,130,25.0,,,,12.0,10.9,"Partially shaded",,,,,,,,,"legacyData"
"a732effc-8012-4e60-a7b0-b1b09b15087b","HARV_013.basePlot.vst","2014-01-31","vst_HARV_2014","D01","HARV","HARV_013",,"NEON.PLA.D01.HARV.01703",,"sapling",,2.3,10,1.9,,,,,,"Full shade",,,,,,,,,"legacyData"
"1ae85129-3cd7-43e3-bd01-37d14c31e90c","HARV_006.basePlot.vst","2014-01-31","vst_HARV_2014","D01","HARV","HARV_006",,"NEON.PLA.D01.HARV.01186",,"small tree","Live",4.8,130,3.5,,,,,,,,,,,,,,,"legacyData"
"d0bd3a8b-9c3d-488e-8ed9-3b3dc9964215","HARV_006.basePlot.vst","2014-01-31","vst_HARV_2014","D01","HARV","HARV_006",,"NEON.PLA.D01.HARV.01162",,"small tree","Live",6.4,130,4.5,,,,,,,,,,,,,,,"legacyData"
"d2ddf3dd-3622-45db-9c8b-551a5e797ce2","HARV_013.basePlot.vst","2014-01-31","vst_HARV_2014","D01","HARV","HARV_013",,"NEON.PLA.D01.HARV.01718",,"sapling",,1.0,10,1.2,,,,,,"Full shade",,,,,,,,,"legacyData"
"2dfa96b0-f1e7-4e6c-8151-81dedc213573","HARV_006.basePlot.vst","2014-01-31","vst_HARV_2014","D01","HARV","HARV_006",,"NEON.PLA.D01.HARV.01153",,"single bole tree","Live",11.3,130,8.5,,,,4.2,3.0,"Mostly shaded",,,,,,,,,"legacyData"
"79851912-669e-47fe-94ef-1c707fa8eae1","HARV_006.basePlot.vst","2014-01-31","vst_HARV_2014","D01","HARV","HARV_006",,"NEON.PLA.D01.HARV.01182",,"single bole tree","Live",18.2,130,16.2,,,,4.7,3.6,"Full sun",,,,,,,,,"legacyData"
"c62297a4-48ff-436f-8545-6413902b2b05","HARV_013.basePlot.vst","2014-01-31","vst_HARV_2014","D01","HARV","HARV_013",,"NEON.PLA.D01.HARV.01118",,"sapling",,1.4,10,1.5,,,,,,"Full shade",,,,,,,,,"legacyData"
