uid,namedLocation,domainID,siteID,plotID,plotType,nlcdClass,decimalLatitude,decimalLongitude,geodeticDatum,coordinateUncertainty,elevation,elevationUncertainty,collectDate,eventID,sampleID,sampleCode,samplingMethod,totalSampledArea,targetTaxaPresent,adultCount,nymphCount,larvaCount,sampleCondition,samplingProtocolVersion,measuredBy,remarks
"5b712391-c2a6-4fa7-97a9-5192efad7bc8","MOAB_001.tickPlot.tck","D13","MOAB","MOAB_001","distributed","shrubScrub",38.258888,-109.413897,"WGS84",20.1,1804.0,0.1,"2017-04-20T13:20Z","MOAB.2017.17",,,"drag and flag",169,"N",0,0,0,"No known compromise","NEON.DOC.014045vG","DDNDpGyuy0rKFCYL/Fhff/iP2cvRYuokCctzc6bexHQ=",
"c830fd5a-9216-43ca-b2e8-9a9e22b56f8f","MOAB_005.tickPlot.tck","D13","MOAB","MOAB_005","distributed","shrubScrub",38.210851,-109.402026,"WGS84",20.1,1763.5,0.1,"2017-04-20T15:05Z","MOAB.2017.17",,,"drag and flag",167,"N",0,0,0,"No known compromise","NEON.DOC.014045vG","DDNDpGyuy0rKFCYL/Fhff/iP2cvRYuokCctzc6bexHQ=",
"bdfa68f4-951f-418b-9676-2fd1ef07f3a2","MOAB_002.tickPlot.tck","D13","MOAB","MOAB_002","distributed","shrubScrub",38.211659,-109.413380,"WGS84",20.1,1770.3,0.1,"2017-04-20T16:05Z","MOAB.2017.17",,,"drag",160,"N",0,0,0,"No known compromise","NEON.DOC.014045vG","DDNDpGyuy0rKFCYL/Fhff/iP2cvRYuokCctzc6bexHQ=",
"e3ba039c-fc70-4070-84e7-79b675886efb","MOAB_006.tickPlot.tck","D13","MOAB","MOAB_006","distributed","shrubScrub",38.235080,-109.406067,"WGS84",20.1,1759.8,0.1,"2017-04-20T17:15Z","MOAB.2017.17",,,"drag and flag",172,"N",0,0,0,"No known compromise","NEON.DOC.014045vG","DDNDpGyuy0rKFCYL/Fhff/iP2cvRYuokCctzc6bexHQ=",
"2cbdfe3e-999b-4a7e-b147-a015c82fd6f9","MOAB_004.tickPlot.tck","D13","MOAB","MOAB_004","distributed","shrubScrub",38.234505,-109.398111,"WGS84",20.1,1763.9,0.1,"2017-04-20T18:02Z","MOAB.2017.17",,,"drag",163,"N",0,0,0,"No known compromise","NEON.DOC.014045vG","DDNDpGyuy0rKFCYL/Fhff/iP2cvRYuokCctzc6bexHQ=",
"691fb973-d7fd-46c4-857b-d88bb033553d","MOAB_003.tickPlot.tck","D13","MOAB","MOAB_003","distributed","evergreenForest",38.261626,-109.347802,"WGS84",20.2,2013.4,0.5,"2017-04-20T19:40Z","MOAB.2017.17",,,"drag and flag",173,"N",0,0,0,"No known compromise","NEON.DOC.014045vG","DDNDpGyuy0rKFCYL/Fhff/iP2cvRYuokCctzc6bexHQ=",
