uid,namedLocation,domainID,siteID,plotID,plotType,nlcdClass,decimalLatitude,decimalLongitude,geodeticDatum,coordinateUncertainty,elevation,elevationUncertainty,collectDate,eventID,sampleID,sampleCode,samplingMethod,totalSampledArea,targetTaxaPresent,adultCount,nymphCount,larvaCount,sampleCondition,samplingProtocolVersion,measuredBy,remarks
"3daf813b-5267-46bf-b725-6f1188827c16","STEI_029.tickPlot.tck","D05","STEI","STEI_029","distributed","mixedForest",45.832878,-90.075489,"WGS84",20.1,492.2,0.2,"2018-07-16T17:00Z","STEI.2018.29","STEI_029.20180716","A00000001151","flag",161,"Y",0,1,0,"No known compromise","NEON.DOC.014045vJ","J4gztqMdLf0q1UA9iNDYKjIDa0NBJAOfeqnAdg1Dr6Q=",
"6377ee6f-ebd7-4b75-8044-a7389afb54b7","STEI_002.tickPlot.tck","D05","STEI","STEI_002","distributed","deciduousForest",45.796166,-90.091452,"WGS84",20.2,520.3,0.4,"2018-07-16T17:05Z","STEI.2018.29",,,"drag and flag",160,"N",0,0,0,,"NEON.DOC.014045vJ","PTJV+Na8q5rXlc2VdpDZym+v0CyW08ED+5D+SsP87wo=",
"5fab58be-944e-4356-a28e-eee5575d5985","STEI_001.tickPlot.tck","D05","STEI","STEI_001","distributed","deciduousForest",45.812978,-90.091123,"WGS84",20.3,509.3,0.4,"2018-07-16T18:05Z","STEI.2018.29",,,"drag and flag",160,"N",0,0,0,,"NEON.DOC.014045vJ","PTJV+Na8q5rXlc2VdpDZym+v0CyW08ED+5D+SsP87wo=",
"56537b38-de10-4c04-8b87-5a2a7765e629","STEI_003.tickPlot.tck","D05","STEI","STEI_003","distributed","deciduousForest",45.824086,-90.071058,"WGS84",20.3,510.1,0.5,"2018-07-16T18:24Z","STEI.2018.29",,,"drag and flag",160,"N",0,0,0,,"NEON.DOC.014045vJ","J4gztqMdLf0q1UA9iNDYKjIDa0NBJAOfeqnAdg1Dr6Q=",
"2f2ad032-04cf-4116-adfb-009d5befe4cc","STEI_023.tickPlot.tck","D05","STEI","STEI_023","distributed","woodyWetlands",45.824017,-90.096171,"WGS84",20.2,480.4,0.3,"2018-07-16T19:10Z","STEI.2018.29",,,"flag",161,"N",0,0,0,,"NEON.DOC.014045vJ","PTJV+Na8q5rXlc2VdpDZym+v0CyW08ED+5D+SsP87wo=",
"75e662af-3feb-42ee-ac33-e7bbb0750011","STEI_005.tickPlot.tck","D05","STEI","STEI_005","distributed","deciduousForest",45.825112,-90.085882,"WGS84",20.3,509.9,0.5,"2018-07-16T19:22Z","STEI.2018.29","STEI_005.20180716","A00000007191","flag",160,"Y",0,2,0,"No known compromise","NEON.DOC.014045vJ","J4gztqMdLf0q1UA9iNDYKjIDa0NBJAOfeqnAdg1Dr6Q=",
