uid,namedLocation,domainID,siteID,plotID,plotType,nlcdClass,decimalLatitude,decimalLongitude,geodeticDatum,coordinateUncertainty,elevation,elevationUncertainty,collectDate,eventID,sampleID,sampleCode,samplingMethod,totalSampledArea,targetTaxaPresent,adultCount,nymphCount,larvaCount,sampleCondition,samplingProtocolVersion,measuredBy,remarks
"ee370532-bf31-4743-9a34-00291b66bb77","TREE_007.tickPlot.tck","D05","TREE","TREE_007","distributed","deciduousForest",45.496399,-89.559231,"WGS84",20.2,461.3,0.3,"2018-08-20T15:12Z","TREE.2018.34","TREE_007.20180820","A00000007190","flag",160,"Y",0,2,0,"No known compromise","NEON.DOC.014045vJ","DoyoJGaaI+hHB0330K9yhKmijjCWUazfDv/1tiwM+bI=",
"1039b5bc-8f99-4f74-8320-7e6bf16cec27","TREE_022.tickPlot.tck","D05","TREE","TREE_022","distributed","evergreenForest",45.494513,-89.551239,"WGS84",20.2,458.4,0.2,"2018-08-20T15:20Z","TREE.2018.34",,,"flag",157,"N",0,0,0,,"NEON.DOC.014045vJ","UrIrVULjX6rksC5Bv8RX5xSv+khuOcTHtU/lAp2t5w8=",
"2ad8e93b-c137-497b-abc9-1fbc5afcdb53","TREE_005.tickPlot.tck","D05","TREE","TREE_005","distributed","woodyWetlands",45.482307,-89.557299,"WGS84",20.1,447.6,0.2,"2018-08-20T16:12Z","TREE.2018.34",,,"flag",158,"N",0,0,0,,"NEON.DOC.014045vJ","UrIrVULjX6rksC5Bv8RX5xSv+khuOcTHtU/lAp2t5w8=",
"664d4c19-00e5-4879-ae41-dcd42f289206","TREE_019.tickPlot.tck","D05","TREE","TREE_019","distributed","mixedForest",45.494788,-89.575812,"WGS84",20.3,466.2,0.5,"2018-08-20T17:00Z","TREE.2018.34","TREE_019.20180820","A00000001168","drag and flag",160,"Y",0,3,17,"No known compromise","NEON.DOC.014045vJ","DoyoJGaaI+hHB0330K9yhKmijjCWUazfDv/1tiwM+bI=",
"31381d0a-8ee7-418f-b5f0-adcf300f27bc","TREE_015.tickPlot.tck","D05","TREE","TREE_015","distributed","mixedForest",45.485626,-89.554320,"WGS84",20.3,462.1,0.6,"2018-08-20T17:05Z","TREE.2018.34","TREE_015.20180820","A00000001161","drag and flag",160,"Y",0,0,4,"No known compromise","NEON.DOC.014045vJ","J4gztqMdLf0q1UA9iNDYKjIDa0NBJAOfeqnAdg1Dr6Q=","1 larval escape"
"64ef5c28-67a9-496c-98a0-6e23d05581f7","TREE_017.tickPlot.tck","D05","TREE","TREE_017","distributed","deciduousForest",45.493376,-89.575729,"WGS84",20.1,466.2,0.2,"2018-08-20T18:05Z","TREE.2018.34","TREE_017.20180820","A00000001163","drag and flag",160,"Y",0,6,7,"No known compromise","NEON.DOC.014045vJ","DoyoJGaaI+hHB0330K9yhKmijjCWUazfDv/1tiwM+bI=",
