uid,namedLocation,domainID,siteID,plotID,plotType,nlcdClass,decimalLatitude,decimalLongitude,geodeticDatum,coordinateUncertainty,elevation,elevationUncertainty,collectDate,eventID,sampleID,sampleCode,samplingMethod,totalSampledArea,targetTaxaPresent,adultCount,nymphCount,larvaCount,sampleCondition,samplingProtocolVersion,measuredBy,remarks
"126cd433-8c58-42f4-aefd-0629fc2b5a64","DCFS_007.tickPlot.tck","D09","DCFS","DCFS_007","distributed","grasslandHerbaceous",47.162946,-99.113801,"WGS84",20.1,567.7,0.2,"2018-08-08T13:27Z","DCFS.2018.32",,,"drag",160,"N",0,0,0,,"NEON.DOC.014045vJ","48hv/AdwGIWPxDZycz1ek5cEK4FFchT/Bxrpsdm6akk=",
"0b9ffc7b-ce6c-4478-802a-350ebe13234e","DCFS_004.tickPlot.tck","D09","DCFS","DCFS_004","distributed","grasslandHerbaceous",47.171933,-99.053166,"WGS84",20.2,505.0,0.8,"2018-08-08T14:18Z","DCFS.2018.32",,,"drag",160,"N",0,0,0,,"NEON.DOC.014045vJ","ttO3TcNJeBpFKuxVEcOp5VTTMvW/HRuUhMb7pJx+1mk=",
"c1a3be60-7482-49ef-8420-d86fcbd27611","DCFS_003.tickPlot.tck","D09","DCFS","DCFS_003","distributed","grasslandHerbaceous",47.207478,-99.183538,"WGS84",20.1,591.2,0.2,"2018-08-08T15:22Z","DCFS.2018.32",,,"drag and flag",160,"N",0,0,0,,"NEON.DOC.014045vJ","48hv/AdwGIWPxDZycz1ek5cEK4FFchT/Bxrpsdm6akk=",
"e8e15f6a-2531-4c2c-852f-01a156fcb734","DCFS_010.tickPlot.tck","D09","DCFS","DCFS_010","distributed","grasslandHerbaceous",47.209874,-99.173926,"WGS84",20.1,578.4,0.2,"2018-08-08T16:22Z","DCFS.2018.32","DCFS_010.20180808","A00000016622","drag",160,"Y",1,0,0,"Distance estimated (described in remarks)","NEON.DOC.014045vJ","ttO3TcNJeBpFKuxVEcOp5VTTMvW/HRuUhMb7pJx+1mk=","Missing NE corner distance estimated"
"61f1a9dd-2c80-4406-9617-f7b7bf117d09","DCFS_001.tickPlot.tck","D09","DCFS","DCFS_001","distributed","grasslandHerbaceous",47.209008,-99.165875,"WGS84",20.2,575.5,0.3,"2018-08-08T16:58Z","DCFS.2018.32",,,"drag",160,"N",0,0,0,,"NEON.DOC.014045vJ","48hv/AdwGIWPxDZycz1ek5cEK4FFchT/Bxrpsdm6akk=",
"b60a651d-d402-4629-8dcf-07dcb2b4a102","DCFS_005.tickPlot.tck","D09","DCFS","DCFS_005","distributed","grasslandHerbaceous",47.199469,-99.166739,"WGS84",20.1,564.6,0.1,"2018-08-08T17:34Z","DCFS.2018.32","DCFS_005.20180808","B00000027922","drag and flag",160,"Y",1,0,0,"No known compromise","NEON.DOC.014045vJ","ttO3TcNJeBpFKuxVEcOp5VTTMvW/HRuUhMb7pJx+1mk=",
"582d0a72-2d94-409f-b8b9-c4f03eebe8f1","DCFS_004.tickPlot.tck","D09","DCFS","DCFS_004","distributed","grasslandHerbaceous",47.171933,-99.053166,"WGS84",20.2,505.0,0.8,"2018-08-30T13:05Z","DCFS.2018.35",,,"drag",160,"N",0,0,0,,"NEON.DOC.014045vJ","Z69tjmbbf+Yh2IC/GcCabe9MQTjYeG7xbP79Ui/1J5I=",
"e145448c-c5f6-4637-a615-6e2a59849a42","DCFS_007.tickPlot.tck","D09","DCFS","DCFS_007","distributed","grasslandHerbaceous",47.162946,-99.113801,"WGS84",20.1,567.7,0.2,"2018-08-30T13:55Z","DCFS.2018.35",,,"drag",160,"N",0,0,0,,"NEON.DOC.014045vJ","ttO3TcNJeBpFKuxVEcOp5VTTMvW/HRuUhMb7pJx+1mk=",
"87629b3d-5a4e-43cb-8eb1-74d5f7d0a496","DCFS_005.tickPlot.tck","D09","DCFS","DCFS_005","distributed","grasslandHerbaceous",47.199469,-99.166739,"WGS84",20.1,564.6,0.1,"2018-08-30T15:16Z","DCFS.2018.35",,,"drag and flag",160,"N",0,0,0,,"NEON.DOC.014045vJ","Z69tjmbbf+Yh2IC/GcCabe9MQTjYeG7xbP79Ui/1J5I=",
"94390ead-2363-4e2a-9f52-725c8448b075","DCFS_001.tickPlot.tck","D09","DCFS","DCFS_001","distributed","grasslandHerbaceous",47.209008,-99.165875,"WGS84",20.2,575.5,0.3,"2018-08-30T16:02Z","DCFS.2018.35",,,"drag",160,"N",0,0,0,,"NEON.DOC.014045vJ","Z69tjmbbf+Yh2IC/GcCabe9MQTjYeG7xbP79Ui/1J5I=",
"bb4c4dce-7649-4bbb-bf2e-edba7cb070af","DCFS_010.tickPlot.tck","D09","DCFS","DCFS_010","distributed","grasslandHerbaceous",47.209874,-99.173926,"WGS84",20.1,578.4,0.2,"2018-08-30T16:36Z","DCFS.2018.35",,,"drag",160,"N",0,0,0,,"NEON.DOC.014045vJ","Z69tjmbbf+Yh2IC/GcCabe9MQTjYeG7xbP79Ui/1J5I=",
"b50f2e76-4110-40b5-acf0-ac9264f618f2","DCFS_003.tickPlot.tck","D09","DCFS","DCFS_003","distributed","grasslandHerbaceous",47.207478,-99.183538,"WGS84",20.1,591.2,0.2,"2018-08-30T17:10Z","DCFS.2018.35",,,"drag and flag",160,"N",0,0,0,,"NEON.DOC.014045vJ","ttO3TcNJeBpFKuxVEcOp5VTTMvW/HRuUhMb7pJx+1mk=",
