uid,namedLocation,domainID,siteID,plotID,plotType,nlcdClass,decimalLatitude,decimalLongitude,geodeticDatum,coordinateUncertainty,elevation,elevationUncertainty,collectDate,eventID,sampleID,sampleCode,samplingMethod,totalSampledArea,targetTaxaPresent,adultCount,nymphCount,larvaCount,sampleCondition,samplingProtocolVersion,measuredBy,remarks
"37e3c94a-f04b-4418-b8b7-c746f122dde1","YELL_003.tickPlot.tck","D12","YELL","YELL_003","distributed","shrubScrub",44.956055,-110.533849,"WGS84",20.1,2115.2,0.1,"2018-08-30T07:13Z","YELL.2018.35",,,"drag and flag",160,"N",0,0,0,,"NEON.DOC.014045vJ","lmDqEqMmQqSWHIpmspc9iDvTfiYPCVj9559VQlA5hUM=",
"8b4400af-907f-4fdc-a8e3-a2a8f0adda86","YELL_004.tickPlot.tck","D12","YELL","YELL_004","distributed","shrubScrub",44.961910,-110.594615,"WGS84",20.0,1994.4,0.0,"2018-08-30T15:19Z","YELL.2018.35",,,"drag and flag",160,"N",0,0,0,,"NEON.DOC.014045vJ","lmDqEqMmQqSWHIpmspc9iDvTfiYPCVj9559VQlA5hUM=",
"e441efa3-0d56-47a2-98c1-42f1302d91a2","YELL_001.tickPlot.tck","D12","YELL","YELL_001","distributed","shrubScrub",44.916840,-110.412018,"WGS84",20.1,1904.8,0.1,"2018-08-30T15:47Z","YELL.2018.35",,,"drag and flag",160,"N",0,0,0,,"NEON.DOC.014045vJ","lsU4too6NAvY4mqV5RUtvoTRsUqrSfixwSQj6bsBvL0=",
"ff659523-0934-4c6f-a45d-5461d35ed5b4","YELL_009.tickPlot.tck","D12","YELL","YELL_009","distributed","evergreenForest",44.972216,-110.504156,"WGS84",20.1,2018.9,0.2,"2018-08-30T16:45Z","YELL.2018.35",,,"drag and flag",160,"N",0,0,0,,"NEON.DOC.014045vJ","lmDqEqMmQqSWHIpmspc9iDvTfiYPCVj9559VQlA5hUM=",
"175e6388-c1a2-4008-997a-695d2ec170a1","YELL_012.tickPlot.tck","D12","YELL","YELL_012","distributed","evergreenForest",44.943200,-110.433745,"WGS84",20.1,1896.2,0.2,"2018-08-30T17:29Z","YELL.2018.35",,,"drag and flag",152,"N",0,0,0,,"NEON.DOC.014045vJ","dcM8u/BhP7UbDDvxSpMzrlrnTorUEUOxkTJsGqUfT1M=",
"cdd34ce6-dd57-4b4a-b054-ef187b809f99","YELL_002.tickPlot.tck","D12","YELL","YELL_002","distributed","shrubScrub",44.932413,-110.633006,"WGS84",20.0,2097.4,0.0,"2018-08-30T19:59Z","YELL.2018.35",,,"drag and flag",160,"N",0,0,0,,"NEON.DOC.014045vJ","dcM8u/BhP7UbDDvxSpMzrlrnTorUEUOxkTJsGqUfT1M=",
