uid,namedLocation,domainID,siteID,plotID,plotType,nlcdClass,decimalLatitude,decimalLongitude,geodeticDatum,coordinateUncertainty,elevation,elevationUncertainty,collectDate,eventID,sampleID,sampleCode,samplingMethod,totalSampledArea,targetTaxaPresent,adultCount,nymphCount,larvaCount,sampleCondition,samplingProtocolVersion,measuredBy,remarks
"63c6d4da-2284-40b1-b56d-3347a1893298","UKFS_018.tickPlot.tck","D06","UKFS","UKFS_018","distributed","grasslandHerbaceous",39.053205,-95.194659,"WGS84",20.1,325.8,0.1,"2016-04-21T16:01Z","UKFS.2016.16",,,"drag and flag",160,"N",0,0,0,"No known compromise","NEON.DOC.014045vG","asla+bxtaeNcz6OySAThxEhfRzp1xz36",
"cbe029b5-3544-429a-98b3-c8699f8b634a","UKFS_003.tickPlot.tck","D06","UKFS","UKFS_003","distributed","deciduousForest",39.053769,-95.187084,"WGS84",20.1,323.1,0.1,"2016-04-21T16:50Z","UKFS.2016.16","UKFS_003.20160421",,"drag and flag",155,"Y",5,12,0,"No known compromise","NEON.DOC.014045vG","9Na0Eupfy7pnnigtC7KpGXWClnvLiwz1","1 adult on cloth fell off before we could collect; not included in count"
"c3d6540a-99ad-46a8-b06e-935bb8f7295e","UKFS_004.tickPlot.tck","D06","UKFS","UKFS_004","distributed","deciduousForest",39.043188,-95.201000,"WGS84",20.1,320.0,0.2,"2016-04-21T18:12Z","UKFS.2016.16","UKFS_004.20160421",,"drag and flag",155,"Y",2,6,0,"No known compromise","NEON.DOC.014045vG","asla+bxtaeNcz6OySAThxEhfRzp1xz36","2 adults on field technician clothing fell onto ground before they could be collected; not included in count"
"4ba70192-85e9-418d-85bc-5f908acf55e1","UKFS_002.tickPlot.tck","D06","UKFS","UKFS_002","distributed","deciduousForest",39.045892,-95.207026,"WGS84",20.1,316.0,0.2,"2016-04-21T19:36Z","UKFS.2016.16","UKFS_002.20160421",,"drag and flag",160,"Y",4,3,0,"No known compromise","NEON.DOC.014045vG","9Na0Eupfy7pnnigtC7KpGXWClnvLiwz1",
"575c59d2-8cac-43e8-bf7f-856617dcbd17","UKFS_030.tickPlot.tck","D06","UKFS","UKFS_030","distributed","grasslandHerbaceous",39.045115,-95.213433,"WGS84",20.1,321.9,0.1,"2016-04-21T20:32Z","UKFS.2016.16",,,"drag",160,"N",0,0,0,"No known compromise","NEON.DOC.014045vG","9Na0Eupfy7pnnigtC7KpGXWClnvLiwz1",
