uid,namedLocation,plotID,collectDate,identifiedDate,sampleID,subsampleID,scientificName,acceptedTaxonID,taxonRank,family,subfamily,tribe,subtribe,genus,subgenus,specificEpithet,infraspecificEpithet,identificationQualifier,identificationReferences,identificationProtocolVersion,scientificNameAuthorship,sexOrAge,individualCount,sampleCondition,archiveMedium,archiveFacilityID,deprecatedVialID,identifiedBy,laboratoryName,remarks
"d6c8205c-cf87-4afc-bd35-a4b9057998f2","UKFS_003.tickPlot.tck","UKFS_003","2016-04-21T16:50Z","2017-06-16T16:00Z","UKFS_003.20160421","UKFS_003.20160421.IXOSP.N","Ixodidae sp.","IXOSP","family","Ixodidae",,,,,,"sp.",,,,"GSU_tickIdentification_SOP_2016-11-01.pdf",,"Nymph",12,"OK","RNA stabilization buffer","USNMENT01358010","UKFS_003.20160421.01.N","Guy Hobbs","Georgia Southern University","over invoice limit, will not be billed"
"afcb912e-ea15-4c40-828f-2ee4402c0dc9","UKFS_003.tickPlot.tck","UKFS_003","2016-04-21T16:50Z","2017-06-27T16:00Z","UKFS_003.20160421","UKFS_003.20160421.AMBAME.M","Amblyomma americanum","AMBAME","species","Ixodidae",,,,"Amblyomma",,"americanum",,,"Cooley, R. A. and G. M. Kohls. 1944. The genus Amblyomma (ixodidae) in the United States. The Journal of Parasitology, 30(2):77-111.","GSU_tickIdentification_SOP_2016-11-01.pdf","Linnaeus","Male",5,"OK","RNA stabilization buffer","USNMENT01358009","UKFS_003.20160421.01.AMBAME.M","Lorenza Beati","Georgia Southern University",
"848928e7-1cb4-4163-a171-c5a90176a488","UKFS_004.tickPlot.tck","UKFS_004","2016-04-21T18:12Z","2017-06-16T16:00Z","UKFS_004.20160421","UKFS_004.20160421.IXOSP.F","Ixodidae sp.","IXOSP","family","Ixodidae",,,,,,"sp.",,,,"GSU_tickIdentification_SOP_2016-11-01.pdf",,"Female",1,"OK","RNA stabilization buffer","USNMENT01358013","UKFS_004.20160421.01.F","Guy Hobbs","Georgia Southern University","over invoice limit, will not be billed"
"8965a266-39a5-4588-93ad-233183157fb6","UKFS_004.tickPlot.tck","UKFS_004","2016-04-21T18:12Z","2017-06-16T16:00Z","UKFS_004.20160421","UKFS_004.20160421.IXOSP.M","Ixodidae sp.","IXOSP","family","Ixodidae",,,,,,"sp.",,,,"GSU_tickIdentification_SOP_2016-11-01.pdf",,"Male",1,"OK","RNA stabilization buffer","USNMENT01358012","UKFS_004.20160421.01.M","Guy Hobbs","Georgia Southern University","over invoice limit, will not be billed"
"b2a96850-a739-46cd-9daf-258e0a2a9695","UKFS_004.tickPlot.tck","UKFS_004","2016-04-21T18:12Z","2017-06-16T16:00Z","UKFS_004.20160421","UKFS_004.20160421.IXOSP.N","Ixodidae sp.","IXOSP","family","Ixodidae",,,,,,"sp.",,,,"GSU_tickIdentification_SOP_2016-11-01.pdf",,"Nymph",6,"OK","RNA stabilization buffer","USNMENT01358011","UKFS_004.20160421.01.N","Guy Hobbs","Georgia Southern University","over invoice limit, will not be billed"
"db80d837-2ec7-4ff3-b6de-e2646fcebecc","UKFS_002.tickPlot.tck","UKFS_002","2016-04-21T19:36Z","2017-06-16T16:00Z","UKFS_002.20160421","UKFS_002.20160421.IXOSP.M","Ixodidae sp.","IXOSP","family","Ixodidae",,,,,,"sp.",,,,"GSU_tickIdentification_SOP_2016-11-01.pdf",,"Male",4,"OK","RNA stabilization buffer","USNMENT01358014","UKFS_002.20160421.01.M","Guy Hobbs","Georgia Southern University","over invoice limit, will not be billed"
"4d6a5b6d-ebdd-4e2b-902d-a7de22b4847f","UKFS_002.tickPlot.tck","UKFS_002","2016-04-21T19:36Z","2017-06-16T16:00Z","UKFS_002.20160421","UKFS_002.20160421.IXOSP.N","Ixodidae sp.","IXOSP","family","Ixodidae",,,,,,"sp.",,,,"GSU_tickIdentification_SOP_2016-11-01.pdf",,"Nymph",3,"OK","RNA stabilization buffer","USNMENT01358015","UKFS_002.20160421.01.N","Guy Hobbs","Georgia Southern University","over invoice limit, will not be billed"
