uid,namedLocation,domainID,siteID,plotID,plotType,nlcdClass,decimalLatitude,decimalLongitude,geodeticDatum,coordinateUncertainty,elevation,elevationUncertainty,collectDate,eventID,sampleID,sampleCode,samplingMethod,totalSampledArea,targetTaxaPresent,adultCount,nymphCount,larvaCount,sampleCondition,samplingProtocolVersion,measuredBy,remarks
"07a5586c-1208-4670-b967-73b01c775a16","OSBS_002.tickPlot.tck","D03","OSBS","OSBS_002","distributed","evergreenForest",29.703661,-81.958365,"WGS84",20.1,35.8,0.2,"2017-06-01T14:05Z","OSBS.2017.23",,,"drag and flag",160,"N",0,0,0,,"NEON.DOC.014045vG","PbNu4t/t/O1BAZriMiaA3VbsZD9KatgX",
"174987f8-4693-4db5-9929-c48885de0cb5","OSBS_003.tickPlot.tck","D03","OSBS","OSBS_003","distributed","evergreenForest",29.693693,-81.947010,"WGS84",20.3,38.2,0.5,"2017-06-01T14:45Z","OSBS.2017.23","OSBS_003.20170601",,"drag and flag",171,"Y",15,14,428,"No known compromise","NEON.DOC.014045vG","PQeS3Ivl8n7p349q3TXUdwRmVPP1d5yRBGiZV9rpo2U=",
"799ecb6c-3b26-453f-9d72-30e1e04cc210","OSBS_022.tickPlot.tck","D03","OSBS","OSBS_022","distributed","emergentHerbaceousWetlands",29.688309,-81.961968,"WGS84",20.1,24.3,0.1,"2017-06-01T15:54Z","OSBS.2017.23",,,"drag and flag",168,"N",0,0,0,,"NEON.DOC.014045vG","PQeS3Ivl8n7p349q3TXUdwRmVPP1d5yRBGiZV9rpo2U=",
"bb308dc8-aada-4d9e-b6f3-1b7f46015e75","OSBS_004.tickPlot.tck","D03","OSBS","OSBS_004","distributed","evergreenForest",29.683402,-81.960449,"WGS84",20.3,42.4,0.4,"2017-06-01T16:25Z","OSBS.2017.23",,,"drag",160,"N",0,0,0,,"NEON.DOC.014045vG","PQeS3Ivl8n7p349q3TXUdwRmVPP1d5yRBGiZV9rpo2U=",
"0d6e0e58-343c-47c2-99a1-4aa761bc8e10","OSBS_001.tickPlot.tck","D03","OSBS","OSBS_001","distributed","woodyWetlands",29.704063,-82.008061,"WGS84",20.3,34.4,0.3,"2017-06-01T17:33Z","OSBS.2017.23","OSBS_001.20170601",,"drag and flag",160,"Y",7,8,30,"No known compromise","NEON.DOC.014045vG","PbNu4t/t/O1BAZriMiaA3VbsZD9KatgX",
"97c78bd2-6d39-4d66-b2b4-b80233bd5b29","OSBS_005.tickPlot.tck","D03","OSBS","OSBS_005","distributed","woodyWetlands",29.697923,-82.025623,"WGS84",20.4,36.0,1.2,"2017-06-01T18:27Z","OSBS.2017.23","OSBS_005.20170601",,"drag and flag",163,"Y",15,78,1,"No known compromise","NEON.DOC.014045vG","PQeS3Ivl8n7p349q3TXUdwRmVPP1d5yRBGiZV9rpo2U=",
"d25aa792-79aa-4a72-955c-f79021b5a38e","OSBS_003.tickPlot.tck","D03","OSBS","OSBS_003","distributed","evergreenForest",29.693693,-81.947010,"WGS84",20.3,38.2,0.5,"2017-06-22T14:06Z","OSBS.2017.26","OSBS_003.20170622",,"drag and flag",172,"Y",4,4,500,"No known compromise","NEON.DOC.014045vH","WvXSfWD4ehCPp4x6qnD3+p3dnwrzoU8uG8F7IbYmNWU=",
"9a19262e-ed5d-41ad-bbb2-434d067b4bca","OSBS_001.tickPlot.tck","D03","OSBS","OSBS_001","distributed","woodyWetlands",29.704063,-82.008061,"WGS84",20.3,34.4,0.3,"2017-06-22T15:20Z","OSBS.2017.26","OSBS_001.20170622",,"drag and flag",165,"Y",5,0,0,"No known compromise","NEON.DOC.014045vH","WvXSfWD4ehCPp4x6qnD3+p3dnwrzoU8uG8F7IbYmNWU=",
"eee928c3-5e22-42e5-adee-db58d122a25b","OSBS_005.tickPlot.tck","D03","OSBS","OSBS_005","distributed","woodyWetlands",29.697923,-82.025623,"WGS84",20.4,36.0,1.2,"2017-06-22T16:34Z","OSBS.2017.26","OSBS_005.20170622",,"drag and flag",150,"Y",12,78,0,"No known compromise","NEON.DOC.014045vH","q+sogNxuTpaaq3nt4H3feKdAxSnPr68l",
"ae8350f5-aca5-4399-9940-e5ff2faeefad","OSBS_022.tickPlot.tck","D03","OSBS","OSBS_022","distributed","emergentHerbaceousWetlands",29.688309,-81.961968,"WGS84",20.1,24.3,0.1,"2017-06-22T17:19Z","OSBS.2017.26",,,"drag and flag",165,"N",0,0,0,,"NEON.DOC.014045vH","q+sogNxuTpaaq3nt4H3feKdAxSnPr68l",
"c727de01-fe26-4f39-a168-c0f4af7ed010","OSBS_004.tickPlot.tck","D03","OSBS","OSBS_004","distributed","evergreenForest",29.683402,-81.960449,"WGS84",20.3,42.4,0.4,"2017-06-22T18:05Z","OSBS.2017.26",,,"drag and flag",165,"N",0,0,0,,"NEON.DOC.014045vH","q+sogNxuTpaaq3nt4H3feKdAxSnPr68l",
"1ed2abce-e1e9-4df4-9237-3714f447423e","OSBS_002.tickPlot.tck","D03","OSBS","OSBS_002","distributed","evergreenForest",29.703661,-81.958365,"WGS84",20.1,35.8,0.2,"2017-06-22T18:54Z","OSBS.2017.26",,,"drag",165,"N",0,0,0,,"NEON.DOC.014045vH","q+sogNxuTpaaq3nt4H3feKdAxSnPr68l",
