uid,namedLocation,plotID,collectDate,identifiedDate,sampleID,subsampleID,scientificName,acceptedTaxonID,taxonRank,family,subfamily,tribe,subtribe,genus,subgenus,specificEpithet,infraspecificEpithet,identificationQualifier,identificationReferences,identificationProtocolVersion,scientificNameAuthorship,sexOrAge,individualCount,sampleCondition,archiveMedium,archiveFacilityID,deprecatedVialID,identifiedBy,laboratoryName,remarks
"93e5b143-9ef6-4abe-9dbc-c47aeba3342d","OSBS_003.tickPlot.tck","OSBS_003","2017-06-01T14:45Z","2017-12-07T17:00Z","OSBS_003.20170601","OSBS_003.20170601.AMBAME.N","Amblyomma americanum","AMBAME","species","Ixodidae",,,,"Amblyomma",,"americanum",,,"Cooley, R. A. and G. M. Kohls. 1944. The genus Amblyomma (ixodidae) in the United States. The Journal of Parasitology, 30(2):77-111.","GSU_tickIdentification_SOP_2016-11-01.pdf","Linnaeus","Nymph",14,"OK","90% ethanol","USNMENT01358130","OSBS_003.20170601.01.AMBAME.N","Lorenza Beati","Georgia Southern University",
"b4445ed1-0764-43fd-9758-19a146a2ec9a","OSBS_003.tickPlot.tck","OSBS_003","2017-06-01T14:45Z","2017-12-07T17:00Z","OSBS_003.20170601","OSBS_003.20170601.AMBAME.M","Amblyomma americanum","AMBAME","species","Ixodidae",,,,"Amblyomma",,"americanum",,,"Cooley, R. A. and G. M. Kohls. 1944. The genus Amblyomma (ixodidae) in the United States. The Journal of Parasitology, 30(2):77-111.","GSU_tickIdentification_SOP_2016-11-01.pdf","Linnaeus","Male",7,"OK","90% ethanol","USNMENT01358131","OSBS_003.20170601.01.AMBAME.M","Lorenza Beati","Georgia Southern University","TO PAULA"
"7d5b4522-aad5-4c80-8389-aa2d3e3adfde","OSBS_003.tickPlot.tck","OSBS_003","2017-06-01T14:45Z","2017-12-07T17:00Z","OSBS_003.20170601","OSBS_003.20170601.AMBAME.F","Amblyomma americanum","AMBAME","species","Ixodidae",,,,"Amblyomma",,"americanum",,,"Cooley, R. A. and G. M. Kohls. 1944. The genus Amblyomma (ixodidae) in the United States. The Journal of Parasitology, 30(2):77-111.","GSU_tickIdentification_SOP_2016-11-01.pdf","Linnaeus","Female",8,"OK","90% ethanol","USNMENT01358132","OSBS_003.20170601.01.AMBAME.F","Lorenza Beati","Georgia Southern University","TO PAULA"
"210071fd-e4f9-4d04-8265-98baf70e3759","OSBS_003.tickPlot.tck","OSBS_003","2017-06-01T14:45Z","2017-07-07T16:00Z","OSBS_003.20170601","OSBS_003.20170601.IXOSP.L","Ixodidae sp.","IXOSP","family","Ixodidae",,,,,,"sp.",,,,"GSU_tickIdentification_SOP_2016-11-01.pdf",,"Larva",1,"OK","90% ethanol","USNMENT01358125","OSBS_003.20170601.02.L","Guy Hobbs","Georgia Southern University","Over invoice limit, will not be billed."
"7f6bcdb7-6d75-47f1-9c0e-7368997dc2f0","OSBS_001.tickPlot.tck","OSBS_001","2017-06-01T17:33Z","2017-12-07T17:00Z","OSBS_001.20170601","OSBS_001.20170601.AMBAME.N","Amblyomma americanum","AMBAME","species","Ixodidae",,,,"Amblyomma",,"americanum",,,"Cooley, R. A. and G. M. Kohls. 1944. The genus Amblyomma (ixodidae) in the United States. The Journal of Parasitology, 30(2):77-111.","GSU_tickIdentification_SOP_2016-11-01.pdf","Linnaeus","Nymph",8,"OK","90% ethanol","USNMENT01358126","OSBS_001.20170601.01.AMBAME.N","Lorenza Beati","Georgia Southern University",
"6cc4a3dc-a822-46a0-9900-07cef4eecefc","OSBS_001.tickPlot.tck","OSBS_001","2017-06-01T17:33Z","2017-07-07T16:00Z","OSBS_001.20170601","OSBS_001.20170601.IXOSP.L","Ixodidae sp.","IXOSP","family","Ixodidae",,,,,,"sp.",,,,"GSU_tickIdentification_SOP_2016-11-01.pdf",,"Larva",1,"OK","90% ethanol","USNMENT01358129","OSBS_001.20170601.02.L","Guy Hobbs","Georgia Southern University","Over invoice limit, will not be billed."
"11558913-eab7-4963-a6b4-804dbead4d09","OSBS_001.tickPlot.tck","OSBS_001","2017-06-01T17:33Z","2017-12-07T17:00Z","OSBS_001.20170601","OSBS_001.20170601.AMBAME.F","Amblyomma americanum","AMBAME","species","Ixodidae",,,,"Amblyomma",,"americanum",,,"Cooley, R. A. and G. M. Kohls. 1944. The genus Amblyomma (ixodidae) in the United States. The Journal of Parasitology, 30(2):77-111.","GSU_tickIdentification_SOP_2016-11-01.pdf","Linnaeus","Female",3,"OK","90% ethanol","USNMENT01358128","OSBS_001.20170601.01.AMBAME.F","Lorenza Beati","Georgia Southern University",
"b0376117-1289-4162-877c-4e4dee96160c","OSBS_001.tickPlot.tck","OSBS_001","2017-06-01T17:33Z","2017-12-07T17:00Z","OSBS_001.20170601","OSBS_001.20170601.AMBAME.M","Amblyomma americanum","AMBAME","species","Ixodidae",,,,"Amblyomma",,"americanum",,,"Cooley, R. A. and G. M. Kohls. 1944. The genus Amblyomma (ixodidae) in the United States. The Journal of Parasitology, 30(2):77-111.","GSU_tickIdentification_SOP_2016-11-01.pdf","Linnaeus","Male",4,"OK","90% ethanol","USNMENT01358127","OSBS_001.20170601.01.AMBAME.M","Lorenza Beati","Georgia Southern University","TO PAULA"
"37dc92a2-5add-403d-a9df-6232a6040864","OSBS_005.tickPlot.tck","OSBS_005","2017-06-01T18:27Z","2017-12-07T17:00Z","OSBS_005.20170601","OSBS_005.20170601.AMBAME.F","Amblyomma americanum","AMBAME","species","Ixodidae",,,,"Amblyomma",,"americanum",,,"Cooley, R. A. and G. M. Kohls. 1944. The genus Amblyomma (ixodidae) in the United States. The Journal of Parasitology, 30(2):77-111.","GSU_tickIdentification_SOP_2016-11-01.pdf","Linnaeus","Female",7,"OK","90% ethanol","USNMENT01358134","OSBS_005.20170601.01.AMBAME.F","Lorenza Beati","Georgia Southern University",
"fe661f23-86ab-4885-a149-a5aecc727aba","OSBS_005.tickPlot.tck","OSBS_005","2017-06-01T18:27Z","2017-07-07T16:00Z","OSBS_005.20170601","OSBS_005.20170601.IXOSP.N","Ixodidae sp.","IXOSP","family","Ixodidae",,,,,,"sp.",,,,"GSU_tickIdentification_SOP_2016-11-01.pdf",,"Nymph",79,"OK","90% ethanol","USNMENT01358135","OSBS_005.20170601.01.N","Guy Hobbs","Georgia Southern University","Over invoice limit, will not be billed."
"8bd1fdd9-3dfa-4008-af72-2625dae7182e","OSBS_005.tickPlot.tck","OSBS_005","2017-06-01T18:27Z","2017-12-07T17:00Z","OSBS_005.20170601","OSBS_005.20170601.AMBAME.M","Amblyomma americanum","AMBAME","species","Ixodidae",,,,"Amblyomma",,"americanum",,,"Cooley, R. A. and G. M. Kohls. 1944. The genus Amblyomma (ixodidae) in the United States. The Journal of Parasitology, 30(2):77-111.","GSU_tickIdentification_SOP_2016-11-01.pdf","Linnaeus","Male",8,"OK","90% ethanol","USNMENT01358133","OSBS_005.20170601.01.AMBAME.M","Lorenza Beati","Georgia Southern University",
"96341ae1-5a88-4c35-ba5c-1dd586f720da","OSBS_005.tickPlot.tck","OSBS_005","2017-06-01T18:27Z","2017-07-07T16:00Z","OSBS_005.20170601","OSBS_005.20170601.IXOSP.L","Ixodidae sp.","IXOSP","family","Ixodidae",,,,,,"sp.",,,,"GSU_tickIdentification_SOP_2016-11-01.pdf",,"Larva",1,"OK","90% ethanol","USNMENT01358136","OSBS_005.20170601.01.L","Guy Hobbs","Georgia Southern University",
