uid,namedLocation,domainID,siteID,plotID,plotType,nlcdClass,decimalLatitude,decimalLongitude,geodeticDatum,coordinateUncertainty,elevation,elevationUncertainty,collectDate,eventID,sampleID,sampleCode,samplingMethod,totalSampledArea,targetTaxaPresent,adultCount,nymphCount,larvaCount,sampleCondition,samplingProtocolVersion,measuredBy,remarks
"39da0413-cd00-455e-a8d8-4675778f050c","KONA_021.tickPlot.tck","D06","KONA","KONA_021","distributed","cultivatedCrops",39.125028,-96.643572,"WGS84",20.1,339.5,0.2,"2018-04-05T14:07Z","KONA.2018.14",,,"drag",160,"N",0,0,0,,"NEON.DOC.014045vJ","ryPwirbLIGP0z95AI2Ix9nYd6s942sQlUAwVL4UApoo=",
"69bc662c-1697-4f5a-8f18-22df0359dc0b","KONA_004.tickPlot.tck","D06","KONA","KONA_004","distributed","cultivatedCrops",39.125575,-96.637356,"WGS84",20.1,323.5,0.1,"2018-04-05T14:29Z","KONA.2018.14",,,"drag",160,"N",0,0,0,,"NEON.DOC.014045vJ","ryPwirbLIGP0z95AI2Ix9nYd6s942sQlUAwVL4UApoo=",
"3896725a-78fc-42df-84bc-4f9c8d9054e3","KONA_002.tickPlot.tck","D06","KONA","KONA_002","distributed","cultivatedCrops",39.114235,-96.638612,"WGS84",20.1,324.7,0.1,"2018-04-05T14:49Z","KONA.2018.14",,,"drag",160,"N",0,0,0,,"NEON.DOC.014045vJ","ryPwirbLIGP0z95AI2Ix9nYd6s942sQlUAwVL4UApoo=",
"1e135eff-76c6-4f03-83ab-16c8687b5e7a","KONA_003.tickPlot.tck","D06","KONA","KONA_003","distributed","cultivatedCrops",39.214274,-96.600435,"WGS84",20.1,329.1,0.1,"2018-04-05T15:34Z","KONA.2018.14",,,"drag",160,"N",0,0,0,,"NEON.DOC.014045vJ","ryPwirbLIGP0z95AI2Ix9nYd6s942sQlUAwVL4UApoo=",
"d0e98e4e-4a7f-4443-bf82-9882dc8044a9","KONA_019.tickPlot.tck","D06","KONA","KONA_019","distributed","cultivatedCrops",39.211742,-96.590109,"WGS84",20.1,327.1,0.1,"2018-04-05T15:56Z","KONA.2018.14",,,"drag",160,"N",0,0,0,,"NEON.DOC.014045vJ","ryPwirbLIGP0z95AI2Ix9nYd6s942sQlUAwVL4UApoo=",
"aaa092a1-f437-47ef-9351-19e99bcbab17","KONA_024.tickPlot.tck","D06","KONA","KONA_024","distributed","cultivatedCrops",39.208663,-96.595138,"WGS84",20.1,329.1,0.1,"2018-04-05T16:19Z","KONA.2018.14",,,"drag",160,"N",0,0,0,,"NEON.DOC.014045vJ","ryPwirbLIGP0z95AI2Ix9nYd6s942sQlUAwVL4UApoo=",
"9c1b6b90-ccc4-4ee7-b5c2-715ca8052f4f","KONA_003.tickPlot.tck","D06","KONA","KONA_003","distributed","cultivatedCrops",39.214274,-96.600435,"WGS84",20.1,329.1,0.1,"2018-04-24T13:41Z","KONA.2018.17",,,"drag",160,"N",0,0,0,,"NEON.DOC.014045vJ","BzXmPCNcOOHl9ws4JG7MP7BkkCvctwH+",
"34894ac1-d39d-4157-b0a3-9290c05cec09","KONA_019.tickPlot.tck","D06","KONA","KONA_019","distributed","cultivatedCrops",39.211742,-96.590109,"WGS84",20.1,327.1,0.1,"2018-04-24T14:11Z","KONA.2018.17",,,"drag",160,"N",0,0,0,,"NEON.DOC.014045vJ","BzXmPCNcOOHl9ws4JG7MP7BkkCvctwH+",
"5abb5685-bd11-4fc7-b95c-c9bc75948fb4","KONA_024.tickPlot.tck","D06","KONA","KONA_024","distributed","cultivatedCrops",39.208663,-96.595138,"WGS84",20.1,329.1,0.1,"2018-04-24T14:39Z","KONA.2018.17",,,"flag",160,"N",0,0,0,,"NEON.DOC.014045vJ","BzXmPCNcOOHl9ws4JG7MP7BkkCvctwH+",
"1915d5a0-e1f4-439b-9cda-e28a870ab336","KONA_021.tickPlot.tck","D06","KONA","KONA_021","distributed","cultivatedCrops",39.125028,-96.643572,"WGS84",20.1,339.5,0.2,"2018-04-24T15:27Z","KONA.2018.17",,,"drag",160,"N",0,0,0,,"NEON.DOC.014045vJ","BzXmPCNcOOHl9ws4JG7MP7BkkCvctwH+",
"01766139-a696-4b02-a71f-6b05d8449b7c","KONA_004.tickPlot.tck","D06","KONA","KONA_004","distributed","cultivatedCrops",39.125575,-96.637356,"WGS84",20.1,323.5,0.1,"2018-04-24T15:49Z","KONA.2018.17",,,"drag",160,"N",0,0,0,,"NEON.DOC.014045vJ","BzXmPCNcOOHl9ws4JG7MP7BkkCvctwH+",
"0b3cf3cd-d138-4cad-97dc-4ea07acf47b1","KONA_002.tickPlot.tck","D06","KONA","KONA_002","distributed","cultivatedCrops",39.114235,-96.638612,"WGS84",20.1,324.7,0.1,"2018-04-24T16:09Z","KONA.2018.17",,,"drag",160,"N",0,0,0,,"NEON.DOC.014045vJ","BzXmPCNcOOHl9ws4JG7MP7BkkCvctwH+",
