uid,namedLocation,domainID,siteID,plotID,plotType,nlcdClass,decimalLatitude,decimalLongitude,geodeticDatum,coordinateUncertainty,elevation,elevationUncertainty,collectDate,eventID,sampleID,sampleCode,samplingMethod,totalSampledArea,targetTaxaPresent,adultCount,nymphCount,larvaCount,sampleCondition,samplingProtocolVersion,measuredBy,remarks
"0b299c52-0ba7-45ba-91d5-ea7e7645e88e","TOOL_028.tickPlot.tck","D18","TOOL","TOOL_028","distributed","shrubScrub",68.562546,-149.495421,"WGS84",20.1,878.7,0.1,"2018-06-26T17:45Z","TOOL.2018.26",,,"drag",160,"N",0,0,0,,"NEON.DOC.014045vJ","rB03i6qtrIQ/+sGi3xhYB8gg3Ko8brnE1Lsin2+5JUg=",
"2712c986-2a39-48c7-b4ea-ce8a7f44bbb3","TOOL_032.tickPlot.tck","D18","TOOL","TOOL_032","distributed","sedgeHerbaceous",68.565230,-149.511072,"WGS84",20.1,861.7,0.1,"2018-06-26T18:08Z","TOOL.2018.26",,,"drag",160,"N",0,0,0,,"NEON.DOC.014045vJ","rB03i6qtrIQ/+sGi3xhYB8gg3Ko8brnE1Lsin2+5JUg=",
"9221720e-2987-4407-86b7-0dc50d8cadd9","TOOL_035.tickPlot.tck","D18","TOOL","TOOL_035","distributed","dwarfScrub",68.575917,-149.510147,"WGS84",20.1,859.7,0.1,"2018-06-26T19:26Z","TOOL.2018.26",,,"drag",160,"N",0,0,0,,"NEON.DOC.014045vJ","rB03i6qtrIQ/+sGi3xhYB8gg3Ko8brnE1Lsin2+5JUg=",
"4c817833-a089-41d6-8e45-684ebf0695e2","TOOL_071.tickPlot.tck","D18","TOOL","TOOL_071","distributed","dwarfScrub",68.600242,-149.513711,"WGS84",20.0,866.8,0.0,"2018-06-26T20:01Z","TOOL.2018.26",,,"drag",160,"N",0,0,0,,"NEON.DOC.014045vJ","rB03i6qtrIQ/+sGi3xhYB8gg3Ko8brnE1Lsin2+5JUg=",
"eb99e606-3b34-4bde-b78c-41f6cca1d110","TOOL_031.tickPlot.tck","D18","TOOL","TOOL_031","distributed","dwarfScrub",68.598868,-149.501691,"WGS84",20.1,914.0,0.1,"2018-06-26T20:21Z","TOOL.2018.26",,,"drag",161,"N",0,0,0,,"NEON.DOC.014045vJ","rB03i6qtrIQ/+sGi3xhYB8gg3Ko8brnE1Lsin2+5JUg=",
"ac7fc0ce-56df-4f5b-9c42-df32e71c29bf","TOOL_009.tickPlot.tck","D18","TOOL","TOOL_009","distributed","dwarfScrub",68.628715,-149.323017,"WGS84",20.1,864.8,0.1,"2018-06-26T21:49Z","TOOL.2018.26",,,"drag",160,"N",0,0,0,,"NEON.DOC.014045vJ","rB03i6qtrIQ/+sGi3xhYB8gg3Ko8brnE1Lsin2+5JUg=",
