uid,namedLocation,domainID,siteID,plotID,plotType,nlcdClass,decimalLatitude,decimalLongitude,geodeticDatum,coordinateUncertainty,elevation,elevationUncertainty,collectDate,eventID,sampleID,sampleCode,samplingMethod,totalSampledArea,targetTaxaPresent,adultCount,nymphCount,larvaCount,sampleCondition,samplingProtocolVersion,measuredBy,remarks
"87fbd11c-11fd-45f3-885e-94cd7f6c63dd","WOOD_002.tickPlot.tck","D09","WOOD","WOOD_002","distributed","grasslandHerbaceous",47.136802,-99.234546,"WGS84",20.1,578.3,0.1,"2014-09-15T19:09Z","WOOD.2014.37",,,"drag",160,"N",0,0,0,,"NEON.DOC.014045vD","utgk6BQsB/HhpvyaM/Hp6Q==","NO TRANSCRIPTION ERRORS FOUND."
"92ef1ab7-f2cd-4870-b195-14d3713e4f6b","WOOD_007.tickPlot.tck","D09","WOOD","WOOD_007","distributed","grasslandHerbaceous",47.133887,-99.251357,"WGS84",20.4,593.6,0.3,"2014-09-15T19:45Z","WOOD.2014.37",,,"drag and flag",160,"N",0,0,0,,"NEON.DOC.014045vD","utgk6BQsB/HhpvyaM/Hp6Q==","NO TRANSCRIPTION ERRORS FOUND."
"2bab2410-a6ca-4646-8a60-e96ee49a1d7e","WOOD_001.tickPlot.tck","D09","WOOD","WOOD_001","distributed","grasslandHerbaceous",47.127200,-99.256464,"WGS84",20.1,593.8,0.2,"2014-09-15T20:27Z","WOOD.2014.37",,,"drag",160,"N",0,0,0,,"NEON.DOC.014045vD","utgk6BQsB/HhpvyaM/Hp6Q==","NO TRANSCRIPTION ERRORS FOUND."
"9326f922-0e06-48aa-aa13-f7dadd7ce187","WOOD_006.tickPlot.tck","D09","WOOD","WOOD_006","distributed","grasslandHerbaceous",47.141023,-99.248055,"WGS84",20.1,587.2,0.1,"2014-09-15T21:14Z","WOOD.2014.37",,,"drag and flag",160,"N",0,0,0,,"NEON.DOC.014045vD","utgk6BQsB/HhpvyaM/Hp6Q==","NO TRANSCRIPTION ERRORS FOUND."
"ac64d5f2-5561-4503-b3a7-c39df1282669","WOOD_009.tickPlot.tck","D09","WOOD","WOOD_009","distributed","grasslandHerbaceous",47.144534,-99.231072,"WGS84",20.1,573.5,0.2,"2014-09-15T21:56Z","WOOD.2014.37",,,"drag",160,"N",0,0,0,,"NEON.DOC.014045vD","utgk6BQsB/HhpvyaM/Hp6Q==","NO TRANSCRIPTION ERRORS FOUND."
