uid,namedLocation,date,domainID,siteID,plotID,plotType,nlcdClass,decimalLatitude,decimalLongitude,geodeticDatum,coordinateUncertainty,easting,northing,utmZone,elevation,elevationUncertainty,eventID,samplingProtocolVersion,treesPresent,treesAbsentList,shrubsPresent,shrubsAbsentList,lianasPresent,lianasAbsentList,nestedSubplotAreaShrubSapling,nestedSubplotAreaLiana,totalSampledAreaTrees,totalSampledAreaShrubSapling,totalSampledAreaLiana,remarks,measuredBy,recordedBy,dataQF
"2ded3dde-27a4-4431-be10-98adc9072a40","DELA_017.basePlot.vst","2015-09-01","D08","DELA","DELA_017","distributed","woodyWetlands",32.532570,-87.806696,"WGS84",20.1,424245.91,3599756.35,"16N",25.2,0.1,"vst_DELA_2015","NEON.DOC.000987vE",,,,,,,"10","noneSelected",400,80,400,,"t8vBr06IaSD6dccs94XyeASiM5bqXtQj","56NWpqkULoxnJRco3jytVpwp1mk4BuSv","legacyData"
"8023fae6-943f-4376-bdc3-4c309ea10405","DELA_009.basePlot.vst","2015-09-01","D08","DELA","DELA_009","distributed","woodyWetlands",32.534097,-87.816944,"WGS84",20.2,423284.82,3599932.96,"16N",26.7,0.2,"vst_DELA_2015","NEON.DOC.000987vE",,,,,,,"noneSelected","noneSelected",400,400,400,,"LVSiyA6Tq3zB5gSTdDoChwEPCZrh3pEg","56NWpqkULoxnJRco3jytVpwp1mk4BuSv","legacyData"
"40f234f5-d82a-4ef0-bb43-293bc9ed6921","DELA_002.basePlot.vst","2015-09-02","D08","DELA","DELA_002","distributed","woodyWetlands",32.532488,-87.818528,"WGS84",20.2,423134.70,3599755.74,"16N",28.5,0.3,"vst_DELA_2015","NEON.DOC.000987vE",,,,,,,"noneSelected","noneSelected",400,400,400,,"1jPgPLJsI1yDGXXXpUXDbv0ukXnnNL8m","56NWpqkULoxnJRco3jytVpwp1mk4BuSv","legacyData"
"43cab825-7218-45ab-90dc-93a2a903153d","DELA_007.basePlot.vst","2015-09-02","D08","DELA","DELA_007","distributed","woodyWetlands",32.538023,-87.801000,"WGS84",20.2,424785.36,3600356.82,"16N",29.5,0.3,"vst_DELA_2015","NEON.DOC.000987vE",,,,,,,"25","noneSelected",400,200,400,,"56NWpqkULoxnJRco3jytVpwp1mk4BuSv","56NWpqkULoxnJRco3jytVpwp1mk4BuSv","legacyData"
"d79419f6-8cc3-4970-bc29-19939749c8a6","DELA_020.basePlot.vst","2015-09-02","D08","DELA","DELA_020","distributed","woodyWetlands",32.538831,-87.801340,"WGS84",20.2,424754.11,3600446.63,"16N",25.0,0.2,"vst_DELA_2015","NEON.DOC.000987vE",,,,,,,"noneSelected","noneSelected",400,400,400,,"m44ngqESPVQW9kM8WnDXD5TDWb0aZ5FY","56NWpqkULoxnJRco3jytVpwp1mk4BuSv","legacyData"
"c2158d74-8ceb-423b-a77a-641509233040","DELA_006.basePlot.vst","2015-09-03","D08","DELA","DELA_006","distributed","woodyWetlands",32.533914,-87.803841,"WGS84",20.1,424515.14,3599903.32,"16N",26.9,0.1,"vst_DELA_2015","NEON.DOC.000987vE",,,,,,,"25","25",400,200,200,,"t8vBr06IaSD6dccs94XyeASiM5bqXtQj","56NWpqkULoxnJRco3jytVpwp1mk4BuSv","legacyData"
"c48294ea-e06b-47c5-8f54-c025b08e4f3c","DELA_008.basePlot.vst","2015-09-10","D08","DELA","DELA_008","distributed","woodyWetlands",32.540079,-87.814097,"WGS84",20.1,423557.25,3600594.06,"16N",21.5,0.1,"vst_DELA_2015","NEON.DOC.000987vE",,,,,,,"25","10",400,200,80,,"56NWpqkULoxnJRco3jytVpwp1mk4BuSv","56NWpqkULoxnJRco3jytVpwp1mk4BuSv","legacyData"
"06ed4496-93a5-4420-8d07-57113d8e93b6","DELA_046.basePlot.vst","2015-09-14","D08","DELA","DELA_046","tower","deciduousForest",32.537717,-87.805469,"WGS84",20.2,424365.45,3600326.06,"16N",27.2,0.3,"vst_DELA_2015","NEON.DOC.000987vE",,,,,,,"100","noneSelected",800,400,800,,"uJ5xbzbiYYfl0x/GiDbsyp9NPQfiopZ0","0ygyTA3URVoNp+waZjN2Lu+zP0lNl3v9","legacyData"
"9177d21f-7727-4bc1-adb6-5ace7397f2a5","DELA_051.basePlot.vst","2015-09-15","D08","DELA","DELA_051","tower","deciduousForest",32.538534,-87.806139,"WGS84",20.1,424303.22,3600417.10,"16N",23.9,0.3,"vst_DELA_2015","NEON.DOC.000987vE",,,,,,,"100","100",800,400,400,,"m44ngqESPVQW9kM8WnDXD5TDWb0aZ5FY","0ygyTA3URVoNp+waZjN2Lu+zP0lNl3v9","legacyData"
"c2406cac-191c-4557-bc83-cf0e1b289e5f","DELA_053.basePlot.vst","2015-09-15","D08","DELA","DELA_053","tower","deciduousForest",32.537468,-87.804177,"WGS84",20.2,424486.57,3600297.54,"16N",26.6,0.2,"vst_DELA_2015","NEON.DOC.000987vE",,,,,,,"100","noneSelected",800,400,800,,"t8vBr06IaSD6dccs94XyeASiM5bqXtQj","0ygyTA3URVoNp+waZjN2Lu+zP0lNl3v9","legacyData"
"f18c87b2-c301-44fd-9cc3-a2e0f549ab7e","DELA_040.basePlot.vst","2015-09-16","D08","DELA","DELA_040","tower","woodyWetlands",32.538810,-87.804512,"WGS84",20.1,424456.23,3600446.55,"16N",33.9,0.2,"vst_DELA_2015","NEON.DOC.000987vE",,,,,,,"noneSelected","noneSelected",800,800,800,,"t8vBr06IaSD6dccs94XyeASiM5bqXtQj","t8vBr06IaSD6dccs94XyeASiM5bqXtQj","legacyData"
"bda8aa4c-5129-4d03-a604-cab99c384e69","DELA_043.basePlot.vst","2015-09-16","D08","DELA","DELA_043","tower","deciduousForest",32.539604,-87.806783,"WGS84",20.2,424243.64,3600536.18,"16N",27.1,0.2,"vst_DELA_2015","NEON.DOC.000987vE",,,,,,,"25","100",800,100,400,,"m44ngqESPVQW9kM8WnDXD5TDWb0aZ5FY","0ygyTA3URVoNp+waZjN2Lu+zP0lNl3v9","legacyData"
"2d2f33c0-7241-4da5-8208-c64aa9034e3c","DELA_052.basePlot.vst","2015-09-17","D08","DELA","DELA_052","tower","deciduousForest",32.539602,-87.808066,"WGS84",20.1,424123.17,3600536.87,"16N",24.1,0.2,"vst_DELA_2015","NEON.DOC.000987vE",,,,,,,"100","noneSelected",800,400,800,,"t8vBr06IaSD6dccs94XyeASiM5bqXtQj","1BXlVo/+sgQnzGKl3MtQcn6rxZDFIa/f","legacyData"
"2ff3f73b-0e25-46c8-b311-1de8ca6c3ad1","DELA_041.basePlot.vst","2015-09-17","D08","DELA","DELA_041","tower","deciduousForest",32.540703,-87.807742,"WGS84",20.1,424154.52,3600658.69,"16N",23.9,0.2,"vst_DELA_2015","NEON.DOC.000987vE",,,,,,,"noneSelected","noneSelected",800,800,800,,"5bNzYImeaOHtlXGPWGCPlX8bb2aM72iw","0ygyTA3URVoNp+waZjN2Lu+zP0lNl3v9","legacyData"
"e6f47472-bdd6-4ecf-8616-894ae5d5da77","DELA_044.basePlot.vst","2015-09-18","D08","DELA","DELA_044","tower","deciduousForest",32.540689,-87.806192,"WGS84",20.3,424300.05,3600656.04,"16N",27.8,0.4,"vst_DELA_2015","NEON.DOC.000987vE",,,,,,,"100","noneSelected",800,400,800,,"t8vBr06IaSD6dccs94XyeASiM5bqXtQj","F649F+le3AHvC1s9mrBbdl/cL0oaCCMF","legacyData"
"2c4e8e44-fed5-4b7c-804f-a813a3cfc606","DELA_039.basePlot.vst","2015-09-21","D08","DELA","DELA_039","tower","woodyWetlands",32.542583,-87.805845,"WGS84",20.2,424334.22,3600865.75,"16N",24.8,0.2,"vst_DELA_2015","NEON.DOC.000987vE",,,,,,,"25","noneSelected",800,100,800,,"uJ5xbzbiYYfl0x/GiDbsyp9NPQfiopZ0","5bNzYImeaOHtlXGPWGCPlX8bb2aM72iw","legacyData"
"423dedb1-1576-409a-8eb8-d083edcbbf8b","DELA_045.basePlot.vst","2015-09-22","D08","DELA","DELA_045","tower","woodyWetlands",32.540165,-87.803564,"WGS84",20.2,424546.38,3600596.08,"16N",26.5,0.2,"vst_DELA_2015","NEON.DOC.000987vE",,,,,,,"25","noneSelected",800,100,800,,"t8vBr06IaSD6dccs94XyeASiM5bqXtQj","0ygyTA3URVoNp+waZjN2Lu+zP0lNl3v9","legacyData"
"96cdd4d8-059c-4e49-b596-6bc0b4d89082","DELA_054.basePlot.vst","2015-09-22","D08","DELA","DELA_054","tower","deciduousForest",32.541258,-87.803251,"WGS84",20.2,424576.69,3600717.03,"16N",24.5,0.3,"vst_DELA_2015","NEON.DOC.000987vE",,,,,,,"25","noneSelected",800,100,800,,"m44ngqESPVQW9kM8WnDXD5TDWb0aZ5FY","0ygyTA3URVoNp+waZjN2Lu+zP0lNl3v9","legacyData"
"014430c1-4169-451f-a2e8-8c7f129c0ae6","DELA_055.basePlot.vst","2015-09-23","D08","DELA","DELA_055","tower","deciduousForest",32.541758,-87.807767,"WGS84",20.3,424153.06,3600775.66,"16N",25.8,0.3,"vst_DELA_2015","NEON.DOC.000987vE",,,,,,,"10","25",800,40,100,,"m44ngqESPVQW9kM8WnDXD5TDWb0aZ5FY","v7wRdnV1gD6DA7NUoRhtXNeAYtN2k0WN","legacyData"
"876208f2-1cad-4c9c-a665-8e8e61bf84fd","DELA_042.basePlot.vst","2015-09-23","D08","DELA","DELA_042","tower","deciduousForest",32.541787,-87.805204,"WGS84",20.2,424393.75,3600777.06,"16N",24.4,0.2,"vst_DELA_2015","NEON.DOC.000987vE",,,,,,,"10","noneSelected",800,40,800,,"uJ5xbzbiYYfl0x/GiDbsyp9NPQfiopZ0","0ygyTA3URVoNp+waZjN2Lu+zP0lNl3v9","legacyData"
"04bdf9d3-64c9-4850-bcc8-1dd36e210778","DELA_050.basePlot.vst","2015-09-24","D08","DELA","DELA_050","tower","deciduousForest",32.539898,-87.805176,"WGS84",20.1,424394.79,3600567.63,"16N",26.2,0.2,"vst_DELA_2015","NEON.DOC.000987vE",,,,,,,"100","noneSelected",800,400,800,,"t8vBr06IaSD6dccs94XyeASiM5bqXtQj","0ygyTA3URVoNp+waZjN2Lu+zP0lNl3v9","legacyData"
"15a638b2-0757-4c1c-97b4-4570853d3be7","DELA_037.basePlot.vst","2015-09-24","D08","DELA","DELA_037","tower","woodyWetlands",32.539626,-87.801969,"WGS84",20.2,424695.71,3600535.20,"16N",27.7,0.2,"vst_DELA_2015","NEON.DOC.000987vE",,,,,,,"25","noneSelected",800,100,800,,"56NWpqkULoxnJRco3jytVpwp1mk4BuSv","56NWpqkULoxnJRco3jytVpwp1mk4BuSv","legacyData"
"e1997f43-5b7c-4071-8ef7-885af3d60b16","DELA_056.basePlot.vst","2015-09-25","D08","DELA","DELA_056","tower","woodyWetlands",32.540984,-87.801984,"WGS84",20.1,424695.43,3600685.76,"16N",30.1,0.3,"vst_DELA_2015","NEON.DOC.000987vE",,,,,,,"100","noneSelected",800,400,800,,"LVSiyA6Tq3zB5gSTdDoChwEPCZrh3pEg","m44ngqESPVQW9kM8WnDXD5TDWb0aZ5FY","legacyData"
"171dc0cc-b171-47fa-b031-4a36eb60bfc6","DELA_048.basePlot.vst","2015-09-28","D08","DELA","DELA_048","tower","deciduousForest",32.540206,-87.799129,"WGS84",20.2,424962.87,3600597.50,"16N",29.5,0.3,"vst_DELA_2015","NEON.DOC.000987vE",,,,,,,"100","100",800,400,400,,"1jPgPLJsI1yDGXXXpUXDbv0ukXnnNL8m","1BXlVo/+sgQnzGKl3MtQcn6rxZDFIa/f","legacyData"
"07475f47-7eda-407c-8deb-a744de034bb2","DELA_047.basePlot.vst","2015-09-28","D08","DELA","DELA_047","tower","woodyWetlands",32.539653,-87.800371,"WGS84",20.2,424845.78,3600537.07,"16N",23.5,0.3,"vst_DELA_2015","NEON.DOC.000987vE",,,,,,,"100","100",800,400,400,,"5bNzYImeaOHtlXGPWGCPlX8bb2aM72iw","F649F+le3AHvC1s9mrBbdl/cL0oaCCMF","legacyData"
"b9cc9562-39c1-497a-b95e-6fff5c9296b9","DELA_038.basePlot.vst","2015-09-29","D08","DELA","DELA_038","tower","woodyWetlands",32.542291,-87.806805,"WGS84",20.1,424243.83,3600834.07,"16N",25.6,0.1,"vst_DELA_2015","NEON.DOC.000987vE",,,,,,,"100","25",800,400,100,,"uJ5xbzbiYYfl0x/GiDbsyp9NPQfiopZ0","1jPgPLJsI1yDGXXXpUXDbv0ukXnnNL8m","legacyData"
"ff6e9464-383a-4400-afdd-675a3179ea2e","DELA_049.basePlot.vst","2015-09-29","D08","DELA","DELA_049","tower","woodyWetlands",32.542073,-87.802307,"WGS84",20.2,424666.01,3600806.71,"16N",24.2,0.2,"vst_DELA_2015","NEON.DOC.000987vE",,,,,,,"noneSelected","noneSelected",800,800,800,,"m44ngqESPVQW9kM8WnDXD5TDWb0aZ5FY","1BXlVo/+sgQnzGKl3MtQcn6rxZDFIa/f","legacyData"
