uid,namedLocation,plotID,collectDate,identifiedDate,sampleID,subsampleID,scientificName,acceptedTaxonID,taxonRank,family,subfamily,tribe,subtribe,genus,subgenus,specificEpithet,infraspecificEpithet,identificationQualifier,identificationReferences,identificationProtocolVersion,scientificNameAuthorship,sexOrAge,individualCount,sampleCondition,archiveMedium,archiveFacilityID,deprecatedVialID,identifiedBy,laboratoryName,remarks
"fc3ea314-667f-4fb7-8120-0fd88cc181bb","WOOD_009.tickPlot.tck","WOOD_009","2017-07-05T15:45Z","2017-12-14T17:00Z","WOOD_009.20170705","WOOD_009.20170705.DERVAR.F","Dermacentor variabilis","DERVAR","species","Ixodidae",,,,"Dermacentor",,"variabilis",,,"Yunker, C. E., Keirans, J. E., Clifford, C. M., and E. R. Easton. 1986. Dermacentor ticks (Acari: Ixodoidea: Ixodidae) of the New World: a scanning electron microscope atlas. Proceedings of the Entomological Society of Washington, 88(4):609-627.","GSU_tickIdentification_SOP_2016-11-01.pdf","Say","Female",2,"OK","90% ethanol","USNMENT01358526","WOOD_009.20170705.01.DER.VAR.F","Lorenza Beati","Georgia Southern University",
"e5bea139-8a04-4867-b834-af1a07560c80","WOOD_006.tickPlot.tck","WOOD_006","2017-07-05T17:08Z","2017-12-14T17:00Z","WOOD_006.20170705","WOOD_006.20170705.DERVAR.F","Dermacentor variabilis","DERVAR","species","Ixodidae",,,,"Dermacentor",,"variabilis",,,"Yunker, C. E., Keirans, J. E., Clifford, C. M., and E. R. Easton. 1986. Dermacentor ticks (Acari: Ixodoidea: Ixodidae) of the New World: a scanning electron microscope atlas. Proceedings of the Entomological Society of Washington, 88(4):609-627.","GSU_tickIdentification_SOP_2016-11-01.pdf","Say","Female",2,"OK","90% ethanol","USNMENT01358527","WOOD_006.20170705.01.DER.VAR.F","Lorenza Beati","Georgia Southern University",
"686608e2-12a0-4bd2-9ada-baa81aa17eb6","WOOD_001.tickPlot.tck","WOOD_001","2017-07-05T18:26Z","2017-12-14T17:00Z","WOOD_001.20170705","WOOD_001.20170705.DERVAR.M","Dermacentor variabilis","DERVAR","species","Ixodidae",,,,"Dermacentor",,"variabilis",,,"Yunker, C. E., Keirans, J. E., Clifford, C. M., and E. R. Easton. 1986. Dermacentor ticks (Acari: Ixodoidea: Ixodidae) of the New World: a scanning electron microscope atlas. Proceedings of the Entomological Society of Washington, 88(4):609-627.","GSU_tickIdentification_SOP_2016-11-01.pdf","Say","Male",1,"OK","90% ethanol","USNMENT01358525","WOOD_001.20170705.01.DER.VAR.M","Lorenza Beati","Georgia Southern University",
"fc7da6b1-eac4-4f58-82f4-a463cca30531","WOOD_001.tickPlot.tck","WOOD_001","2017-07-05T18:26Z","2017-12-14T17:00Z","WOOD_001.20170705","WOOD_001.20170705.DERVAR.F","Dermacentor variabilis","DERVAR","species","Ixodidae",,,,"Dermacentor",,"variabilis",,,"Yunker, C. E., Keirans, J. E., Clifford, C. M., and E. R. Easton. 1986. Dermacentor ticks (Acari: Ixodoidea: Ixodidae) of the New World: a scanning electron microscope atlas. Proceedings of the Entomological Society of Washington, 88(4):609-627.","GSU_tickIdentification_SOP_2016-11-01.pdf","Say","Female",2,"OK","90% ethanol","USNMENT01358524","WOOD_001.20170705.01.DER.VAR.F","Lorenza Beati","Georgia Southern University",
"5fa29af6-15c5-40ad-9725-888b2f06dcf6","WOOD_007.tickPlot.tck","WOOD_007","2017-07-05T19:28Z","2017-12-14T17:00Z","WOOD_007.20170705","WOOD_007.20170705.DERVAR.F","Dermacentor variabilis","DERVAR","species","Ixodidae",,,,"Dermacentor",,"variabilis",,,"Yunker, C. E., Keirans, J. E., Clifford, C. M., and E. R. Easton. 1986. Dermacentor ticks (Acari: Ixodoidea: Ixodidae) of the New World: a scanning electron microscope atlas. Proceedings of the Entomological Society of Washington, 88(4):609-627.","GSU_tickIdentification_SOP_2016-11-01.pdf","Say","Female",3,"OK","90% ethanol","USNMENT01358523","WOOD_007.20170705.01.DER.VAR.F","Lorenza Beati","Georgia Southern University",
"a23f6551-fb63-4744-a9d4-89d6550ea104","WOOD_009.tickPlot.tck","WOOD_009","2017-07-26T15:40Z","2017-12-14T17:00Z","WOOD_009.20170726","WOOD_009.20170726.DERVAR.F","Dermacentor variabilis","DERVAR","species","Ixodidae",,,,"Dermacentor",,"variabilis",,,"Yunker, C. E., Keirans, J. E., Clifford, C. M., and E. R. Easton. 1986. Dermacentor ticks (Acari: Ixodoidea: Ixodidae) of the New World: a scanning electron microscope atlas. Proceedings of the Entomological Society of Washington, 88(4):609-627.","GSU_tickIdentification_SOP_2016-11-01.pdf","Say","Female",1,"OK","90% ethanol","USNMENT01358511","WOOD_009.20170726.01.DER.VAR.F","Lorenza Beati","Georgia Southern University",
"7dbbf80f-19b4-4f3b-8d1d-8314a11cf60f","WOOD_002.tickPlot.tck","WOOD_002","2017-07-26T16:28Z","2017-12-14T17:00Z","WOOD_002.20170726","WOOD_002.20170726.DERVAR.M","Dermacentor variabilis","DERVAR","species","Ixodidae",,,,"Dermacentor",,"variabilis",,,"Yunker, C. E., Keirans, J. E., Clifford, C. M., and E. R. Easton. 1986. Dermacentor ticks (Acari: Ixodoidea: Ixodidae) of the New World: a scanning electron microscope atlas. Proceedings of the Entomological Society of Washington, 88(4):609-627.","GSU_tickIdentification_SOP_2016-11-01.pdf","Say","Male",1,"OK","90% ethanol","USNMENT01358510","WOOD_002.20170726.01.DER.VAR.M","Lorenza Beati","Georgia Southern University",
"9e786e13-91cc-4834-9431-414cbb300858","WOOD_006.tickPlot.tck","WOOD_006","2017-07-26T17:49Z","2017-12-14T17:00Z","WOOD_006.20170726","WOOD_006.20170726.DERVAR.M","Dermacentor variabilis","DERVAR","species","Ixodidae",,,,"Dermacentor",,"variabilis",,,"Yunker, C. E., Keirans, J. E., Clifford, C. M., and E. R. Easton. 1986. Dermacentor ticks (Acari: Ixodoidea: Ixodidae) of the New World: a scanning electron microscope atlas. Proceedings of the Entomological Society of Washington, 88(4):609-627.","GSU_tickIdentification_SOP_2016-11-01.pdf","Say","Male",1,"OK","90% ethanol","USNMENT01358512","WOOD_006.20170726.01.DER.VAR.M","Lorenza Beati","Georgia Southern University",
"12614853-24b6-49b0-b7a3-2b363a280674","WOOD_007.tickPlot.tck","WOOD_007","2017-07-26T18:27Z","2017-12-14T17:00Z","WOOD_007.20170726","WOOD_007.20170726.DERVAR.F","Dermacentor variabilis","DERVAR","species","Ixodidae",,,,"Dermacentor",,"variabilis",,,"Yunker, C. E., Keirans, J. E., Clifford, C. M., and E. R. Easton. 1986. Dermacentor ticks (Acari: Ixodoidea: Ixodidae) of the New World: a scanning electron microscope atlas. Proceedings of the Entomological Society of Washington, 88(4):609-627.","GSU_tickIdentification_SOP_2016-11-01.pdf","Say","Female",1,"OK","90% ethanol","USNMENT01358513","WOOD_007.20170726.01.DER.VAR.F","Lorenza Beati","Georgia Southern University",
"a090815d-8934-4044-9c39-fac9c3b90dfc","WOOD_001.tickPlot.tck","WOOD_001","2017-07-26T19:07Z","2017-12-14T17:00Z","WOOD_001.20170726","WOOD_001.20170726.DERVAR.F","Dermacentor variabilis","DERVAR","species","Ixodidae",,,,"Dermacentor",,"variabilis",,,"Yunker, C. E., Keirans, J. E., Clifford, C. M., and E. R. Easton. 1986. Dermacentor ticks (Acari: Ixodoidea: Ixodidae) of the New World: a scanning electron microscope atlas. Proceedings of the Entomological Society of Washington, 88(4):609-627.","GSU_tickIdentification_SOP_2016-11-01.pdf","Say","Female",1,"OK","90% ethanol","USNMENT01358514","WOOD_001.20170726.01.DER.VAR.F","Lorenza Beati","Georgia Southern University",
