uid,namedLocation,domainID,siteID,plotID,plotType,nlcdClass,decimalLatitude,decimalLongitude,geodeticDatum,coordinateUncertainty,elevation,elevationUncertainty,collectDate,eventID,sampleID,sampleCode,samplingMethod,totalSampledArea,targetTaxaPresent,adultCount,nymphCount,larvaCount,sampleCondition,samplingProtocolVersion,measuredBy,remarks
"ee090b45-627a-4525-9dea-7c0996dfa1d4","DELA_005.tickPlot.tck","D08","DELA","DELA_005","distributed","woodyWetlands",32.524379,-87.813851,"WGS84",20.1,27.0,0.3,"2017-05-10T17:27Z","DELA.2017.20",,,"drag and flag",160,"N",0,0,0,"No known compromise","NEON.DOC.014045vH","KKNuFX5dge7mCdak4zDwt3YSZKmfGLU1bCRmDnOYr9Q=",
"3975604b-2129-47ec-81ba-736e2adedd8a","DELA_014.tickPlot.tck","D08","DELA","DELA_014","distributed","evergreenForest",32.530627,-87.819367,"WGS84",20.2,33.0,0.2,"2017-05-10T18:30Z","DELA.2017.20",,,"drag",160,"N",0,0,0,"No known compromise","NEON.DOC.014045vH","nDk3u3/Gyje+hKaTCMqqjsY5CgZT7s9cLLilPZHkLiA=",
"0590126d-d408-4ca6-a20a-060e2d5e0a26","DELA_007.tickPlot.tck","D08","DELA","DELA_007","distributed","woodyWetlands",32.538957,-87.799922,"WGS84",20.2,25.7,0.2,"2017-05-10T18:40Z","DELA.2017.20","DELA_007.20170510",,"drag",160,"Y",1,3,0,"No known compromise","NEON.DOC.014045vH","1oa2xj2qJQv1pKrpD/skqP7oYbsNfTnS+U+/HNtkLpw=",
"2d215afd-c717-4243-a1b8-15ca57d5fcec","DELA_001.tickPlot.tck","D08","DELA","DELA_001","distributed","woodyWetlands",32.533269,-87.805425,"WGS84",20.2,27.5,0.3,"2017-05-10T19:30Z","DELA.2017.20",,,"drag and flag",100,"N",0,0,0,"No known compromise","NEON.DOC.014045vH","nDk3u3/Gyje+hKaTCMqqjsY5CgZT7s9cLLilPZHkLiA=",
"61a8a8a2-b4a9-4aec-8836-e9e766af2c3e","DELA_016.tickPlot.tck","D08","DELA","DELA_016","distributed","evergreenForest",32.536850,-87.806995,"WGS84",20.2,23.6,0.3,"2017-05-10T19:56Z","DELA.2017.20",,,"drag",160,"N",0,0,0,"No known compromise","NEON.DOC.014045vH","KKNuFX5dge7mCdak4zDwt3YSZKmfGLU1bCRmDnOYr9Q=",
"cb6c9118-eaad-4c32-97a3-2a1aa6d8158f","DELA_008.tickPlot.tck","D08","DELA","DELA_008","distributed","woodyWetlands",32.538884,-87.814145,"WGS84",20.1,24.5,0.2,"2017-05-10T19:57Z","DELA.2017.20","DELA_008.20170510",,"drag and flag",160,"Y",1,0,0,"No known compromise","NEON.DOC.014045vH","LVAPgAv6xh19C/3VJQSXPdnCeq509g5NN3aoB1Pgu+U=",
