uid,namedLocation,date,eventID,domainID,siteID,plotID,subplotID,individualID,tagStatus,growthForm,plantStatus,stemDiameter,measurementHeight,height,baseCrownHeight,breakHeight,breakDiameter,maxCrownDiameter,ninetyCrownDiameter,canopyPosition,shape,basalStemDiameter,basalStemDiameterMsrmntHeight,maxBaseCrownDiameter,ninetyBaseCrownDiameter,remarks,recordedBy,measuredBy,dataQF
"e8c57cc4-1e32-4c2d-a49e-d5fa17b44129","ABBY_069.basePlot.vst","2015-08-03","vst_ABBY_2015","D16","ABBY","ABBY_069",,"NEON.PLA.D16.ABBY.00853",,"sapling","Live",,,1.8,,,,,,,,,,,,,"3fh8ZWGiUyNPW/cfWo4MvcGcAV2rECSC","mOcIykOnDgd3QV5gHrl8B5rxlWe9VRn+","legacyData"
"257d6bc0-ece2-4b80-834e-0d0f0fd1f881","ABBY_069.basePlot.vst","2015-08-03","vst_ABBY_2015","D16","ABBY","ABBY_069",,"NEON.PLA.D16.ABBY.00872",,"small tree","Live",5.8,130,,,,,,,,,,,,,,"mOcIykOnDgd3QV5gHrl8B5rxlWe9VRn+","3fh8ZWGiUyNPW/cfWo4MvcGcAV2rECSC","legacyData"
"ed9c65a0-e204-419d-87e9-bb11dd042747","ABBY_069.basePlot.vst","2015-08-03","vst_ABBY_2015","D16","ABBY","ABBY_069",,"NEON.PLA.D16.ABBY.00826",,"small tree","Live",5.3,130,,,,,,,,,,,,,,"3fh8ZWGiUyNPW/cfWo4MvcGcAV2rECSC","mOcIykOnDgd3QV5gHrl8B5rxlWe9VRn+","legacyData"
"6c5d34d9-516b-4697-a80d-d4a17c3cd5e2","ABBY_069.basePlot.vst","2015-08-03","vst_ABBY_2015","D16","ABBY","ABBY_069",,"NEON.PLA.D16.ABBY.00825",,"small tree","Live",7.5,130,,,,,,,,,,,,,,"3fh8ZWGiUyNPW/cfWo4MvcGcAV2rECSC","mOcIykOnDgd3QV5gHrl8B5rxlWe9VRn+","legacyData"
"084908c9-9c36-48d0-9561-9d9cbfa0b8a2","ABBY_069.basePlot.vst","2015-08-03","vst_ABBY_2015","D16","ABBY","ABBY_069",,"NEON.PLA.D16.ABBY.00875",,"small tree","Live",4.8,120,,,,,,,,,,,,,,"mOcIykOnDgd3QV5gHrl8B5rxlWe9VRn+","3fh8ZWGiUyNPW/cfWo4MvcGcAV2rECSC","legacyData"
"2f5a5e0c-3283-42b1-9ec4-1a6687145fdc","ABBY_069.basePlot.vst","2015-08-03","vst_ABBY_2015","D16","ABBY","ABBY_069",,"NEON.PLA.D16.ABBY.00849",,"small tree","Live",3.5,130,,,,,,,,,,,,,"no transcription errors found","3fh8ZWGiUyNPW/cfWo4MvcGcAV2rECSC","mOcIykOnDgd3QV5gHrl8B5rxlWe9VRn+","legacyData"
"f69eaf9b-2de7-46cb-b802-367c59139a5f","ABBY_069.basePlot.vst","2015-08-03","vst_ABBY_2015","D16","ABBY","ABBY_069",,"NEON.PLA.D16.ABBY.00869",,"sapling","Live",,,1.2,,,,,,,,,,,,,"mOcIykOnDgd3QV5gHrl8B5rxlWe9VRn+","3fh8ZWGiUyNPW/cfWo4MvcGcAV2rECSC","legacyData"
"109f2741-06b1-4fb1-a1d2-0cb08b704fb2","ABBY_069.basePlot.vst","2015-08-03","vst_ABBY_2015","D16","ABBY","ABBY_069",,"NEON.PLA.D16.ABBY.00871",,"small tree","Live",8.2,130,,,,,,,,,,,,,,"mOcIykOnDgd3QV5gHrl8B5rxlWe9VRn+","3fh8ZWGiUyNPW/cfWo4MvcGcAV2rECSC","legacyData"
"cf901ee1-aa21-42e6-9de5-63443cee5a89","ABBY_069.basePlot.vst","2015-08-03","vst_ABBY_2015","D16","ABBY","ABBY_069",,"NEON.PLA.D16.ABBY.00867",,"small tree","Live",7.5,130,,,,,,,,,,,,,,"mOcIykOnDgd3QV5gHrl8B5rxlWe9VRn+","3fh8ZWGiUyNPW/cfWo4MvcGcAV2rECSC","legacyData"
"4d4f22fb-4ea6-4405-8a2e-09e005def0ae","ABBY_069.basePlot.vst","2015-08-03","vst_ABBY_2015","D16","ABBY","ABBY_069",,"NEON.PLA.D16.ABBY.00860",,"single shrub","Live",,,3.6,,,,2.0,1.9,,"cone",,,,,,"mOcIykOnDgd3QV5gHrl8B5rxlWe9VRn+","3fh8ZWGiUyNPW/cfWo4MvcGcAV2rECSC","legacyData"
"1784ec58-a9b4-4b73-85d4-4393286d8fa9","ABBY_069.basePlot.vst","2015-08-03","vst_ABBY_2015","D16","ABBY","ABBY_069",,"NEON.PLA.D16.ABBY.00840",,"small tree","Live",2.9,130,,,,,,,,,,,,,,"3fh8ZWGiUyNPW/cfWo4MvcGcAV2rECSC","mOcIykOnDgd3QV5gHrl8B5rxlWe9VRn+","legacyData"
"0b65883f-2284-4cdb-90b2-117671df6454","ABBY_069.basePlot.vst","2015-08-03","vst_ABBY_2015","D16","ABBY","ABBY_069",,"NEON.PLA.D16.ABBY.00842",,"small tree","Live",4.0,130,,,,,,,,,,,,,,"3fh8ZWGiUyNPW/cfWo4MvcGcAV2rECSC","mOcIykOnDgd3QV5gHrl8B5rxlWe9VRn+","legacyData"
"ff09cb4d-3fc2-4741-b108-8bebf3b11111","ABBY_069.basePlot.vst","2015-08-03","vst_ABBY_2015","D16","ABBY","ABBY_069",,"NEON.PLA.D16.ABBY.00821",,"sapling","Live",,,1.8,,,,,,,,,,,,,"3fh8ZWGiUyNPW/cfWo4MvcGcAV2rECSC","mOcIykOnDgd3QV5gHrl8B5rxlWe9VRn+","legacyData"
"fee53b6e-67dd-48dc-9728-b3a380abf908","ABBY_069.basePlot.vst","2015-08-03","vst_ABBY_2015","D16","ABBY","ABBY_069",,"NEON.PLA.D16.ABBY.00848",,"sapling","Live",,,1.0,,,,,,,,,,,,,"3fh8ZWGiUyNPW/cfWo4MvcGcAV2rECSC","mOcIykOnDgd3QV5gHrl8B5rxlWe9VRn+","legacyData"
"2384b50d-d5b6-44d6-9046-c93b42c39f43","ABBY_069.basePlot.vst","2015-08-03","vst_ABBY_2015","D16","ABBY","ABBY_069",,"NEON.PLA.D16.ABBY.00827",,"sapling","Live",,,1.1,,,,,,,,,,,,,"3fh8ZWGiUyNPW/cfWo4MvcGcAV2rECSC","mOcIykOnDgd3QV5gHrl8B5rxlWe9VRn+","legacyData"
"3a344cd9-6954-46bb-aa8d-6d40cad29f6a","ABBY_069.basePlot.vst","2015-08-03","vst_ABBY_2015","D16","ABBY","ABBY_069",,"NEON.PLA.D16.ABBY.00854",,"small tree","Live",2.1,130,,,,,,,,,,,,,,"3fh8ZWGiUyNPW/cfWo4MvcGcAV2rECSC","mOcIykOnDgd3QV5gHrl8B5rxlWe9VRn+","legacyData"
"6193b38a-fdae-4b57-bac8-0369e2741e80","ABBY_069.basePlot.vst","2015-08-03","vst_ABBY_2015","D16","ABBY","ABBY_069",,"NEON.PLA.D16.ABBY.00831",,"sapling","Live",,,0.8,,,,,,,,,,,,,"3fh8ZWGiUyNPW/cfWo4MvcGcAV2rECSC","mOcIykOnDgd3QV5gHrl8B5rxlWe9VRn+","legacyData"
"847a979b-dc06-433b-87fb-f267a1bb9ee8","ABBY_069.basePlot.vst","2015-08-03","vst_ABBY_2015","D16","ABBY","ABBY_069",,"NEON.PLA.D16.ABBY.00864",,"small tree","Live",5.4,130,,,,,,,,,,,,,,"mOcIykOnDgd3QV5gHrl8B5rxlWe9VRn+","3fh8ZWGiUyNPW/cfWo4MvcGcAV2rECSC","legacyData"
"cc21689e-a970-4026-80ef-a8b25f932f21","ABBY_069.basePlot.vst","2015-08-03","vst_ABBY_2015","D16","ABBY","ABBY_069",,"NEON.PLA.D16.ABBY.00870",,"sapling","Live",,,1.0,,,,,,,,,,,,,"mOcIykOnDgd3QV5gHrl8B5rxlWe9VRn+","3fh8ZWGiUyNPW/cfWo4MvcGcAV2rECSC","legacyData"
"4f82be8b-fbc0-41a6-a833-c2176fb734e3","ABBY_069.basePlot.vst","2015-08-03","vst_ABBY_2015","D16","ABBY","ABBY_069",,"NEON.PLA.D16.ABBY.00841",,"small tree","Live,  other damage",2.1,130,,,,,,,,,,,,,"Physically damanged with bole scar","3fh8ZWGiUyNPW/cfWo4MvcGcAV2rECSC","mOcIykOnDgd3QV5gHrl8B5rxlWe9VRn+","legacyData"
"3a3b66cd-688f-4339-a851-837961b9fccb","ABBY_069.basePlot.vst","2015-08-03","vst_ABBY_2015","D16","ABBY","ABBY_069",,"NEON.PLA.D16.ABBY.00837",,"sapling","Live",,,0.7,,,,,,,,,,,,,"3fh8ZWGiUyNPW/cfWo4MvcGcAV2rECSC","mOcIykOnDgd3QV5gHrl8B5rxlWe9VRn+","legacyData"
"328b128c-00a2-4abd-bad4-fc38bcb03024","ABBY_069.basePlot.vst","2015-08-03","vst_ABBY_2015","D16","ABBY","ABBY_069",,"NEON.PLA.D16.ABBY.00828",,"single shrub","Live",,,5.0,,,,2.5,1.7,,"cone",,,,,,"3fh8ZWGiUyNPW/cfWo4MvcGcAV2rECSC","mOcIykOnDgd3QV5gHrl8B5rxlWe9VRn+","legacyData"
"fff67429-6c8f-4701-b1f1-c6cc063781fc","ABBY_069.basePlot.vst","2015-08-03","vst_ABBY_2015","D16","ABBY","ABBY_069",,"NEON.PLA.D16.ABBY.00838",,"small tree","Live",8.0,130,,,,,,,,,,,,,,"3fh8ZWGiUyNPW/cfWo4MvcGcAV2rECSC","mOcIykOnDgd3QV5gHrl8B5rxlWe9VRn+","legacyData"
"59fc770e-d446-43cf-be1e-60eab2503ab2","ABBY_069.basePlot.vst","2015-08-03","vst_ABBY_2015","D16","ABBY","ABBY_069",,"NEON.PLA.D16.ABBY.00836",,"small tree","Live",1.3,130,,,,,,,,,,,,,,"3fh8ZWGiUyNPW/cfWo4MvcGcAV2rECSC","mOcIykOnDgd3QV5gHrl8B5rxlWe9VRn+","legacyData"
"05b82fe8-de23-46ca-b1f5-716086af7db5","ABBY_069.basePlot.vst","2015-08-03","vst_ABBY_2015","D16","ABBY","ABBY_069",,"NEON.PLA.D16.ABBY.00822",,"sapling","Live",,,1.7,,,,,,,,,,,,,"3fh8ZWGiUyNPW/cfWo4MvcGcAV2rECSC","mOcIykOnDgd3QV5gHrl8B5rxlWe9VRn+","legacyData"
"9be0a217-6463-4a69-a745-468aa9e50d7f","ABBY_069.basePlot.vst","2015-08-03","vst_ABBY_2015","D16","ABBY","ABBY_069",,"NEON.PLA.D16.ABBY.00858",,"sapling","Live",,,1.0,,,,,,,,,,,,,"mOcIykOnDgd3QV5gHrl8B5rxlWe9VRn+","3fh8ZWGiUyNPW/cfWo4MvcGcAV2rECSC","legacyData"
"42ef88f3-be3c-49f7-81d0-b32270dfa251","ABBY_069.basePlot.vst","2015-08-03","vst_ABBY_2015","D16","ABBY","ABBY_069",,"NEON.PLA.D16.ABBY.00855",,"sapling","Live",,,1.4,,,,,,,,,,,,,"3fh8ZWGiUyNPW/cfWo4MvcGcAV2rECSC","mOcIykOnDgd3QV5gHrl8B5rxlWe9VRn+","legacyData"
"54ce8621-9abf-44b1-9038-899561e4bfdd","ABBY_069.basePlot.vst","2015-08-03","vst_ABBY_2015","D16","ABBY","ABBY_069",,"NEON.PLA.D16.ABBY.00843",,"sapling","Live",,,1.2,,,,,,,,,,,,,"3fh8ZWGiUyNPW/cfWo4MvcGcAV2rECSC","mOcIykOnDgd3QV5gHrl8B5rxlWe9VRn+","legacyData"
"351e9b4f-40c7-4ac9-a1da-a1539b3aa796","ABBY_069.basePlot.vst","2015-08-03","vst_ABBY_2015","D16","ABBY","ABBY_069",,"NEON.PLA.D16.ABBY.00852",,"small tree","Live",6.5,130,,,,,,,,,,,,,,"3fh8ZWGiUyNPW/cfWo4MvcGcAV2rECSC","mOcIykOnDgd3QV5gHrl8B5rxlWe9VRn+","legacyData"
"a38c1701-6d40-4c93-8d15-b718268062b4","ABBY_069.basePlot.vst","2015-08-03","vst_ABBY_2015","D16","ABBY","ABBY_069",,"NEON.PLA.D16.ABBY.00830",,"small tree","Live",8.4,130,,,,,,,,,,,,,,"3fh8ZWGiUyNPW/cfWo4MvcGcAV2rECSC","mOcIykOnDgd3QV5gHrl8B5rxlWe9VRn+","legacyData"
"ca8426fb-a361-48f0-833c-d91da1d4b8bd","ABBY_069.basePlot.vst","2015-08-03","vst_ABBY_2015","D16","ABBY","ABBY_069",,"NEON.PLA.D16.ABBY.00839",,"sapling","Live",,,1.7,,,,,,,,,,,,"no transcription errors found","3fh8ZWGiUyNPW/cfWo4MvcGcAV2rECSC","mOcIykOnDgd3QV5gHrl8B5rxlWe9VRn+","legacyData"
"fb6999cd-1ea6-4419-a8ec-5c993f1e65d2","ABBY_069.basePlot.vst","2015-08-03","vst_ABBY_2015","D16","ABBY","ABBY_069",,"NEON.PLA.D16.ABBY.00817",,"sapling","Live",,,1.6,,,,,,,,,,,,,"3fh8ZWGiUyNPW/cfWo4MvcGcAV2rECSC","mOcIykOnDgd3QV5gHrl8B5rxlWe9VRn+","legacyData"
"2e672341-7e1b-420a-a470-77f008f661f7","ABBY_069.basePlot.vst","2015-08-03","vst_ABBY_2015","D16","ABBY","ABBY_069",,"NEON.PLA.D16.ABBY.00861",,"sapling","Live",,,1.0,,,,,,,,,,,,,"mOcIykOnDgd3QV5gHrl8B5rxlWe9VRn+","3fh8ZWGiUyNPW/cfWo4MvcGcAV2rECSC","legacyData"
"d43be1d9-9cc2-45b1-8d54-d7a26d6e544d","ABBY_069.basePlot.vst","2015-08-03","vst_ABBY_2015","D16","ABBY","ABBY_069",,"NEON.PLA.D16.ABBY.00859",,"sapling","Live",,,0.9,,,,,,,,,,,,"no transcription errors found","mOcIykOnDgd3QV5gHrl8B5rxlWe9VRn+","3fh8ZWGiUyNPW/cfWo4MvcGcAV2rECSC","legacyData"
"3fb62ab6-31c9-4196-84f2-00e2eb64e2ef","ABBY_069.basePlot.vst","2015-08-03","vst_ABBY_2015","D16","ABBY","ABBY_069",,"NEON.PLA.D16.ABBY.00845",,"small tree","Live",5.3,130,,,,,,,,,,,,,,"3fh8ZWGiUyNPW/cfWo4MvcGcAV2rECSC","mOcIykOnDgd3QV5gHrl8B5rxlWe9VRn+","legacyData"
"789b112b-20b1-4045-a0c6-12eb5c6f8ee8","ABBY_069.basePlot.vst","2015-08-03","vst_ABBY_2015","D16","ABBY","ABBY_069",,"NEON.PLA.D16.ABBY.00818",,"sapling","Live",,,0.5,,,,,,,,,,,,,"3fh8ZWGiUyNPW/cfWo4MvcGcAV2rECSC","mOcIykOnDgd3QV5gHrl8B5rxlWe9VRn+","legacyData"
"55468384-becb-427b-a4f2-d3d677abb541","ABBY_069.basePlot.vst","2015-08-03","vst_ABBY_2015","D16","ABBY","ABBY_069",,"NEON.PLA.D16.ABBY.00820",,"single shrub","Live",,,5.8,,,,3.1,2.2,,"cone",,,,,,"3fh8ZWGiUyNPW/cfWo4MvcGcAV2rECSC","mOcIykOnDgd3QV5gHrl8B5rxlWe9VRn+","legacyData"
"dc84e368-8da7-4aed-b3ce-5e7b596cd5aa","ABBY_069.basePlot.vst","2015-08-03","vst_ABBY_2015","D16","ABBY","ABBY_069",,"NEON.PLA.D16.ABBY.00823",,"small tree","Live",2.0,130,,,,,,,,,,,,,,"3fh8ZWGiUyNPW/cfWo4MvcGcAV2rECSC","mOcIykOnDgd3QV5gHrl8B5rxlWe9VRn+","legacyData"
"a7806f88-08d4-4e26-ba8b-88b66ff2392a","ABBY_069.basePlot.vst","2015-08-03","vst_ABBY_2015","D16","ABBY","ABBY_069",,"NEON.PLA.D16.ABBY.00850",,"small tree","Live",9.4,130,,,,,,,,,,,,,,"3fh8ZWGiUyNPW/cfWo4MvcGcAV2rECSC","mOcIykOnDgd3QV5gHrl8B5rxlWe9VRn+","legacyData"
"71cd11c3-0068-48c5-83c2-8d7235f92707","ABBY_069.basePlot.vst","2015-08-03","vst_ABBY_2015","D16","ABBY","ABBY_069",,"NEON.PLA.D16.ABBY.00834",,"sapling","Live",,,1.2,,,,,,,,,,,,,"3fh8ZWGiUyNPW/cfWo4MvcGcAV2rECSC","mOcIykOnDgd3QV5gHrl8B5rxlWe9VRn+","legacyData"
"a35128b0-9a96-46ef-bc36-e4ba4d1f4bde","ABBY_069.basePlot.vst","2015-08-03","vst_ABBY_2015","D16","ABBY","ABBY_069",,"NEON.PLA.D16.ABBY.00863",,"sapling","Live",,,1.6,,,,,,,,,,,,,"mOcIykOnDgd3QV5gHrl8B5rxlWe9VRn+","3fh8ZWGiUyNPW/cfWo4MvcGcAV2rECSC","legacyData"
"e41bfee2-60b3-4ac4-ab16-a4958e6f6359","ABBY_069.basePlot.vst","2015-08-03","vst_ABBY_2015","D16","ABBY","ABBY_069",,"NEON.PLA.D16.ABBY.00856",,"small shrub","Live",,,1.0,,,,0.5,0.4,,"cylinder",,,,,,"mOcIykOnDgd3QV5gHrl8B5rxlWe9VRn+","3fh8ZWGiUyNPW/cfWo4MvcGcAV2rECSC","legacyData"
"c6b53244-29f9-42a2-8acf-95040aee0a0d","ABBY_069.basePlot.vst","2015-08-03","vst_ABBY_2015","D16","ABBY","ABBY_069",,"NEON.PLA.D16.ABBY.00857",,"sapling","Live",,,1.2,,,,,,,,,,,,,"mOcIykOnDgd3QV5gHrl8B5rxlWe9VRn+","3fh8ZWGiUyNPW/cfWo4MvcGcAV2rECSC","legacyData"
"8cd44f28-7725-4149-a048-640fecedc4d7","ABBY_069.basePlot.vst","2015-08-03","vst_ABBY_2015","D16","ABBY","ABBY_069",,"NEON.PLA.D16.ABBY.00824",,"sapling","Live",,,1.4,,,,,,,,,,,,,"3fh8ZWGiUyNPW/cfWo4MvcGcAV2rECSC","mOcIykOnDgd3QV5gHrl8B5rxlWe9VRn+","legacyData"
"127cba70-dc62-4f12-abcd-0e2bf2164cac","ABBY_069.basePlot.vst","2015-08-03","vst_ABBY_2015","D16","ABBY","ABBY_069",,"NEON.PLA.D16.ABBY.00862",,"small tree","Live",1.0,130,,,,,,,,,,,,,,"mOcIykOnDgd3QV5gHrl8B5rxlWe9VRn+","3fh8ZWGiUyNPW/cfWo4MvcGcAV2rECSC","legacyData"
"95953ada-21a4-458d-85ff-f8fbc0aee415","ABBY_069.basePlot.vst","2015-08-03","vst_ABBY_2015","D16","ABBY","ABBY_069",,"NEON.PLA.D16.ABBY.00846",,"single bole tree","Standing dead",73.7,130,,,,,,,,,,,,,,"3fh8ZWGiUyNPW/cfWo4MvcGcAV2rECSC","mOcIykOnDgd3QV5gHrl8B5rxlWe9VRn+","legacyData"
"6079413b-450f-4328-82bc-f1fb5e74100f","ABBY_069.basePlot.vst","2015-08-03","vst_ABBY_2015","D16","ABBY","ABBY_069",,"NEON.PLA.D16.ABBY.00874",,"sapling","Live",,,2.0,,,,,,,,,,,,,"mOcIykOnDgd3QV5gHrl8B5rxlWe9VRn+","3fh8ZWGiUyNPW/cfWo4MvcGcAV2rECSC","legacyData"
"5ec20b41-d4dc-4e6f-9cb3-5e4b4be3bf3f","ABBY_069.basePlot.vst","2015-08-03","vst_ABBY_2015","D16","ABBY","ABBY_069",,"NEON.PLA.D16.ABBY.00844",,"sapling","Live",,,1.6,,,,,,,,,,,,,"3fh8ZWGiUyNPW/cfWo4MvcGcAV2rECSC","mOcIykOnDgd3QV5gHrl8B5rxlWe9VRn+","legacyData"
"80139cf3-0f1e-47e9-90ac-cb9ce76bf6cf","ABBY_069.basePlot.vst","2015-08-03","vst_ABBY_2015","D16","ABBY","ABBY_069",,"NEON.PLA.D16.ABBY.00833",,"sapling","Live",,,1.4,,,,,,,,,,,,,"3fh8ZWGiUyNPW/cfWo4MvcGcAV2rECSC","mOcIykOnDgd3QV5gHrl8B5rxlWe9VRn+","legacyData"
"70eb77ef-55fa-408c-99a2-81b7c65bb135","ABBY_069.basePlot.vst","2015-08-03","vst_ABBY_2015","D16","ABBY","ABBY_069",,"NEON.PLA.D16.ABBY.00832",,"sapling","Live",,,0.5,,,,,,,,,,,,,"3fh8ZWGiUyNPW/cfWo4MvcGcAV2rECSC","mOcIykOnDgd3QV5gHrl8B5rxlWe9VRn+","legacyData"
"40883a42-7afe-4d18-adfe-d1a7760cc9d1","ABBY_069.basePlot.vst","2015-08-03","vst_ABBY_2015","D16","ABBY","ABBY_069",,"NEON.PLA.D16.ABBY.00819",,"small tree","Live",5.6,130,,,,,,,,,,,,,"no transcription errors found","3fh8ZWGiUyNPW/cfWo4MvcGcAV2rECSC","mOcIykOnDgd3QV5gHrl8B5rxlWe9VRn+","legacyData"
"fab666b1-afa0-4613-8ec0-a028c287b249","ABBY_069.basePlot.vst","2015-08-03","vst_ABBY_2015","D16","ABBY","ABBY_069",,"NEON.PLA.D16.ABBY.00873",,"sapling","Live",,,1.4,,,,,,,,,,,,,"mOcIykOnDgd3QV5gHrl8B5rxlWe9VRn+","3fh8ZWGiUyNPW/cfWo4MvcGcAV2rECSC","legacyData"
"3926cdf0-bcc8-44f1-bac2-34885554ad0c","ABBY_069.basePlot.vst","2015-08-03","vst_ABBY_2015","D16","ABBY","ABBY_069",,"NEON.PLA.D16.ABBY.00868",,"single shrub","Live",,,5.8,,,,2.9,2.6,,"cone",,,,,"no transcription errors found","mOcIykOnDgd3QV5gHrl8B5rxlWe9VRn+","3fh8ZWGiUyNPW/cfWo4MvcGcAV2rECSC","legacyData"
"1a66a3af-dda1-4a47-aa95-095737403b86","ABBY_069.basePlot.vst","2015-08-03","vst_ABBY_2015","D16","ABBY","ABBY_069",,"NEON.PLA.D16.ABBY.00847",,"sapling","Live",,,0.6,,,,,,,,,,,,,"3fh8ZWGiUyNPW/cfWo4MvcGcAV2rECSC","mOcIykOnDgd3QV5gHrl8B5rxlWe9VRn+","legacyData"
"4cf89b41-db67-40d3-af43-bf837e3b94a8","ABBY_069.basePlot.vst","2015-08-03","vst_ABBY_2015","D16","ABBY","ABBY_069",,"NEON.PLA.D16.ABBY.00851",,"small tree","Live",6.1,130,,,,,,,,,,,,,,"3fh8ZWGiUyNPW/cfWo4MvcGcAV2rECSC","mOcIykOnDgd3QV5gHrl8B5rxlWe9VRn+","legacyData"
"bc2636c3-32a3-44cf-931c-6c2f822cd094","ABBY_069.basePlot.vst","2015-08-03","vst_ABBY_2015","D16","ABBY","ABBY_069",,"NEON.PLA.D16.ABBY.00829",,"sapling","Live",,,2.1,,,,,,,,,,,,"no transcription errors found","3fh8ZWGiUyNPW/cfWo4MvcGcAV2rECSC","mOcIykOnDgd3QV5gHrl8B5rxlWe9VRn+","legacyData"
"8c3fecf7-89c8-48af-aa79-6dd0b8ce08f2","ABBY_069.basePlot.vst","2015-08-03","vst_ABBY_2015","D16","ABBY","ABBY_069",,"NEON.PLA.D16.ABBY.00865",,"small tree","Live",3.7,130,,,,,,,,,,,,,,"mOcIykOnDgd3QV5gHrl8B5rxlWe9VRn+","3fh8ZWGiUyNPW/cfWo4MvcGcAV2rECSC","legacyData"
"f8eca396-5ffc-4ed5-87b2-af1ea10cd0f0","ABBY_069.basePlot.vst","2015-08-03","vst_ABBY_2015","D16","ABBY","ABBY_069",,"NEON.PLA.D16.ABBY.00835",,"sapling","Live",,,1.4,,,,,,,,,,,,,"3fh8ZWGiUyNPW/cfWo4MvcGcAV2rECSC","mOcIykOnDgd3QV5gHrl8B5rxlWe9VRn+","legacyData"
"218d161e-f4ce-44c0-b86d-ffc514d8b3c7","ABBY_069.basePlot.vst","2015-08-03","vst_ABBY_2015","D16","ABBY","ABBY_069",,"NEON.PLA.D16.ABBY.00866",,"small tree","Live",5.8,130,,,,,,,,,,,,,,"mOcIykOnDgd3QV5gHrl8B5rxlWe9VRn+","3fh8ZWGiUyNPW/cfWo4MvcGcAV2rECSC","legacyData"
