uid,namedLocation,date,eventID,domainID,siteID,plotID,subplotID,nestedSubplotID,groupID,taxonID,scientificName,taxonRank,identificationReferences,identificationQualifier,volumePercent,livePercent,deadPercent,canopyArea,meanHeight,remarks,measuredBy,recordedBy,dataQF
"d693f0af-853c-435a-bd0d-d7fb4ca38610","ABBY_069.basePlot.vst","2015-08-03","vst_ABBY_2015","D16","ABBY","ABBY_069","41","1","41 _0","THPL","Thuja plicata Donn ex D. Don","species",,,10,100,0,4.0,2.10,,"/okdeQQFj3ok0YrB9sbbCIk0Gya2xtkj","3fh8ZWGiUyNPW/cfWo4MvcGcAV2rECSC","legacyData"
"2453148a-b065-4dc2-9522-4296554deaf5","ABBY_067.basePlot.vst","2015-08-03","vst_ABBY_2015","D16","ABBY","ABBY_067","21","4","21 _0","GASH","Gaultheria shallon Pursh","species",,,100,100,0,19.0,0.62,,"/okdeQQFj3ok0YrB9sbbCIk0Gya2xtkj","/okdeQQFj3ok0YrB9sbbCIk0Gya2xtkj","legacyData"
"65aadba7-0592-4807-a708-3a6570d59db2","ABBY_069.basePlot.vst","2015-08-03","vst_ABBY_2015","D16","ABBY","ABBY_069","41","1","41 _0","VAPA","Vaccinium parvifolium Sm.","species",,,100,100,0,4.0,1.64,,"/okdeQQFj3ok0YrB9sbbCIk0Gya2xtkj","3fh8ZWGiUyNPW/cfWo4MvcGcAV2rECSC","legacyData"
"9513ceb4-8ce4-4a4d-99bd-19acd0e82de8","ABBY_069.basePlot.vst","2015-08-03","vst_ABBY_2015","D16","ABBY","ABBY_069","41","1","41 _0","ACCI","Acer circinatum Pursh","species",,,100,100,0,4.0,0.88,"no transcription errors found","/okdeQQFj3ok0YrB9sbbCIk0Gya2xtkj","3fh8ZWGiUyNPW/cfWo4MvcGcAV2rECSC","legacyData"
"eb024d11-3f61-4180-a9ef-6ed14454c0a0","ABBY_069.basePlot.vst","2015-08-03","vst_ABBY_2015","D16","ABBY","ABBY_069","41","4","41 _1","ACCI","Acer circinatum Pursh","species",,,100,100,0,1.0,1.76,,"/okdeQQFj3ok0YrB9sbbCIk0Gya2xtkj","3fh8ZWGiUyNPW/cfWo4MvcGcAV2rECSC","legacyData"
"c6c71ca7-d9e3-4d52-8289-ddfda629f5e7","ABBY_069.basePlot.vst","2015-08-03","vst_ABBY_2015","D16","ABBY","ABBY_069","41","1","41 _1","COCOC","Corylus cornuta Marshall var. californica (A. DC.) Sharp","variety",,,100,100,0,1.0,1.36,,"/okdeQQFj3ok0YrB9sbbCIk0Gya2xtkj","3fh8ZWGiUyNPW/cfWo4MvcGcAV2rECSC","legacyData"
"af05249e-47ad-4597-ab66-b4874c1bac41","ABBY_067.basePlot.vst","2015-08-03","vst_ABBY_2015","D16","ABBY","ABBY_067","21","4","21 _0","GASH","Gaultheria shallon Pursh","species",,,100,100,0,19.0,0.84,"no transcription errors found","/okdeQQFj3ok0YrB9sbbCIk0Gya2xtkj","/okdeQQFj3ok0YrB9sbbCIk0Gya2xtkj","legacyData"
"161a06f8-cdac-4b40-9098-8ec8aa3d48b8","ABBY_067.basePlot.vst","2015-08-03","vst_ABBY_2015","D16","ABBY","ABBY_067","21","4","21 _0","GASH","Gaultheria shallon Pursh","species",,,100,100,0,19.0,0.72,,"/okdeQQFj3ok0YrB9sbbCIk0Gya2xtkj","/okdeQQFj3ok0YrB9sbbCIk0Gya2xtkj","legacyData"
"f3fdb0c4-525c-4ad5-9d5e-b2fa9108dfe5","ABBY_069.basePlot.vst","2015-08-03","vst_ABBY_2015","D16","ABBY","ABBY_069","41","1","41 _0","HODI","Holodiscus discolor (Pursh) Maxim.","species",,,100,100,0,4.0,1.46,,"/okdeQQFj3ok0YrB9sbbCIk0Gya2xtkj","3fh8ZWGiUyNPW/cfWo4MvcGcAV2rECSC","legacyData"
"3820c496-766e-4748-a505-e3a78b93b995","ABBY_067.basePlot.vst","2015-08-03","vst_ABBY_2015","D16","ABBY","ABBY_067","21","4","21 _0","GASH","Gaultheria shallon Pursh","species",,,100,100,0,19.0,0.92,,"/okdeQQFj3ok0YrB9sbbCIk0Gya2xtkj","/okdeQQFj3ok0YrB9sbbCIk0Gya2xtkj","legacyData"
"fa9cffe3-42db-408d-8e6f-e0192a135ceb","ABBY_069.basePlot.vst","2015-08-03","vst_ABBY_2015","D16","ABBY","ABBY_069","21","1","21 _0","ACCI","Acer circinatum Pursh","species",,,100,100,0,1.0,2.30,,"/okdeQQFj3ok0YrB9sbbCIk0Gya2xtkj","3fh8ZWGiUyNPW/cfWo4MvcGcAV2rECSC","legacyData"
"ba4fd3f8-eaac-47ec-814e-f3760e6dcdd5","ABBY_069.basePlot.vst","2015-08-03","vst_ABBY_2015","D16","ABBY","ABBY_069","41","1","41 _0","PSME","Pseudotsuga menziesii (Mirb.) Franco","species",,,50,100,0,4.0,2.10,,"/okdeQQFj3ok0YrB9sbbCIk0Gya2xtkj","3fh8ZWGiUyNPW/cfWo4MvcGcAV2rECSC","legacyData"
"2d90eef0-9f95-4c6b-bf6a-3859bee56e40","ABBY_069.basePlot.vst","2015-08-03","vst_ABBY_2015","D16","ABBY","ABBY_069","21","1","21 _0","ACCI","Acer circinatum Pursh","species",,,100,100,0,1.0,1.86,,"/okdeQQFj3ok0YrB9sbbCIk0Gya2xtkj","3fh8ZWGiUyNPW/cfWo4MvcGcAV2rECSC","legacyData"
"b3530713-4d3f-4098-83b7-2107e9de8de3","ABBY_067.basePlot.vst","2015-08-03","vst_ABBY_2015","D16","ABBY","ABBY_067","21","1","21 _0","GASH","Gaultheria shallon Pursh","species",,,99,100,0,19.0,0.90,,"/okdeQQFj3ok0YrB9sbbCIk0Gya2xtkj","/okdeQQFj3ok0YrB9sbbCIk0Gya2xtkj","legacyData"
"a1c8aa98-cdb7-4757-9a01-a8f99bf92319","ABBY_069.basePlot.vst","2015-08-03","vst_ABBY_2015","D16","ABBY","ABBY_069","21","1","21 _0","ACCI","Acer circinatum Pursh","species",,,100,100,0,1.0,1.74,,"/okdeQQFj3ok0YrB9sbbCIk0Gya2xtkj","3fh8ZWGiUyNPW/cfWo4MvcGcAV2rECSC","legacyData"
"e04b4b8b-12fc-4eed-83d3-28951330e000","ABBY_069.basePlot.vst","2015-08-03","vst_ABBY_2015","D16","ABBY","ABBY_069","41","1","41 _0","ACCI","Acer circinatum Pursh","species",,,90,100,0,4.0,2.04,,"/okdeQQFj3ok0YrB9sbbCIk0Gya2xtkj","3fh8ZWGiUyNPW/cfWo4MvcGcAV2rECSC","legacyData"
"7dbba5fd-f1d4-4351-928a-523770f2ee6f","ABBY_069.basePlot.vst","2015-08-03","vst_ABBY_2015","D16","ABBY","ABBY_069","41","4","41 _1","FRPU7","Frangula purshiana (DC.) A. Gray","species",,,100,100,0,1.0,1.87,,"/okdeQQFj3ok0YrB9sbbCIk0Gya2xtkj","3fh8ZWGiUyNPW/cfWo4MvcGcAV2rECSC","legacyData"
"af36021f-075f-42f7-ac0c-79dc3027acdd","ABBY_069.basePlot.vst","2015-08-03","vst_ABBY_2015","D16","ABBY","ABBY_069","41","1","41 _0","RULE","Rubus leucodermis Douglas ex Torr. & A. Gray","species",,,100,10,90,4.0,1.53,,"/okdeQQFj3ok0YrB9sbbCIk0Gya2xtkj","3fh8ZWGiUyNPW/cfWo4MvcGcAV2rECSC","legacyData"
"2b8ccfa5-7c88-4183-a206-baaf71c02c96","ABBY_069.basePlot.vst","2015-08-03","vst_ABBY_2015","D16","ABBY","ABBY_069","41","1","41 _0","VAPA","Vaccinium parvifolium Sm.","species",,,100,100,0,4.0,1.40,,"/okdeQQFj3ok0YrB9sbbCIk0Gya2xtkj","3fh8ZWGiUyNPW/cfWo4MvcGcAV2rECSC","legacyData"
"30531b91-f9b2-41e1-a22a-cbb8a9247f8b","ABBY_069.basePlot.vst","2015-08-03","vst_ABBY_2015","D16","ABBY","ABBY_069","21","1","21 _0","ACCI","Acer circinatum Pursh","species",,,100,100,0,1.0,1.22,,"/okdeQQFj3ok0YrB9sbbCIk0Gya2xtkj","3fh8ZWGiUyNPW/cfWo4MvcGcAV2rECSC","legacyData"
"47e3bc66-b390-4a0f-8d3a-f5e3bd24d7aa","ABBY_069.basePlot.vst","2015-08-03","vst_ABBY_2015","D16","ABBY","ABBY_069","41","1","41 _1","FRPU7","Frangula purshiana (DC.) A. Gray","species",,,100,100,0,1.0,1.22,,"/okdeQQFj3ok0YrB9sbbCIk0Gya2xtkj","3fh8ZWGiUyNPW/cfWo4MvcGcAV2rECSC","legacyData"
"7063aa19-6f1d-4899-9861-4e43386444c5","ABBY_069.basePlot.vst","2015-08-03","vst_ABBY_2015","D16","ABBY","ABBY_069","41","1","41 _0","ACCI","Acer circinatum Pursh","species",,,50,100,0,4.0,2.02,,"/okdeQQFj3ok0YrB9sbbCIk0Gya2xtkj","3fh8ZWGiUyNPW/cfWo4MvcGcAV2rECSC","legacyData"
"fb5d9c4f-18e2-4a73-837d-5fae5b6cdb1f","ABBY_069.basePlot.vst","2015-08-03","vst_ABBY_2015","D16","ABBY","ABBY_069","41","1","41 _0","ACCI","Acer circinatum Pursh","species",,,100,100,0,4.0,1.48,,"/okdeQQFj3ok0YrB9sbbCIk0Gya2xtkj","3fh8ZWGiUyNPW/cfWo4MvcGcAV2rECSC","legacyData"
"45fae2d6-c549-41f9-9991-3e7daab5c3ad","ABBY_069.basePlot.vst","2015-08-03","vst_ABBY_2015","D16","ABBY","ABBY_069","21","4","21 _0","COCOC","Corylus cornuta Marshall var. californica (A. DC.) Sharp","variety",,,100,100,0,1.0,1.88,"no transcription errors found","/okdeQQFj3ok0YrB9sbbCIk0Gya2xtkj","3fh8ZWGiUyNPW/cfWo4MvcGcAV2rECSC","legacyData"
"5b92ceb8-6d0a-4201-a8f7-0c023fa903f2","ABBY_069.basePlot.vst","2015-08-03","vst_ABBY_2015","D16","ABBY","ABBY_069","41","4","41 _1","FRPU7","Frangula purshiana (DC.) A. Gray","species",,,100,100,0,1.0,1.20,,"/okdeQQFj3ok0YrB9sbbCIk0Gya2xtkj","3fh8ZWGiUyNPW/cfWo4MvcGcAV2rECSC","legacyData"
"95eff02d-c912-434d-b66e-5782b7e85d84","ABBY_067.basePlot.vst","2015-08-03","vst_ABBY_2015","D16","ABBY","ABBY_067","21","1","21 _0","HODI","Holodiscus discolor (Pursh) Maxim.","species",,,1,100,0,19.0,1.12,,"/okdeQQFj3ok0YrB9sbbCIk0Gya2xtkj","/okdeQQFj3ok0YrB9sbbCIk0Gya2xtkj","legacyData"
"92870cce-3b77-4e3a-8441-af5f33d59372","ABBY_069.basePlot.vst","2015-08-03","vst_ABBY_2015","D16","ABBY","ABBY_069","41","1","41 _0","ACCI","Acer circinatum Pursh","species",,,100,100,0,4.0,1.52,,"/okdeQQFj3ok0YrB9sbbCIk0Gya2xtkj","3fh8ZWGiUyNPW/cfWo4MvcGcAV2rECSC","legacyData"
