uid,namedLocation,domainID,siteID,plotID,plotType,nlcdClass,decimalLatitude,decimalLongitude,geodeticDatum,coordinateUncertainty,elevation,elevationUncertainty,collectDate,eventID,sampleID,sampleCode,samplingMethod,totalSampledArea,targetTaxaPresent,adultCount,nymphCount,larvaCount,sampleCondition,samplingProtocolVersion,measuredBy,remarks
"d80441eb-c4b8-45c3-90a4-4d040fae1760","MOAB_005.tickPlot.tck","D13","MOAB","MOAB_005","distributed","shrubScrub",38.210851,-109.402026,"WGS84",20.1,1763.5,0.1,"2017-07-14T14:33Z","MOAB.2017.29",,,"drag and flag",164,"N",0,0,0,,"NEON.DOC.014045vH","MO521loccttY2rTGlmZjBJazL3SRhnDOVQn1fUoimXQ=",
"7a54114b-12f8-4127-abdb-46365b4c70f8","MOAB_002.tickPlot.tck","D13","MOAB","MOAB_002","distributed","shrubScrub",38.211659,-109.413380,"WGS84",20.1,1770.3,0.1,"2017-07-14T15:30Z","MOAB.2017.29",,,"drag",164,"N",0,0,0,,"NEON.DOC.014045vH","ef+VM8qTC6xMgX/06pzNml60ajSC3RjdoDNYvMqGUPI=",
"e79044d7-68b4-4665-a874-3c76cde7cc8a","MOAB_006.tickPlot.tck","D13","MOAB","MOAB_006","distributed","shrubScrub",38.235080,-109.406067,"WGS84",20.1,1759.8,0.1,"2017-07-14T16:53Z","MOAB.2017.29",,,"drag and flag",168,"N",0,0,0,,"NEON.DOC.014045vH","ef+VM8qTC6xMgX/06pzNml60ajSC3RjdoDNYvMqGUPI=",
"881d6da3-fb81-4522-affd-3c0b992ba6cd","MOAB_004.tickPlot.tck","D13","MOAB","MOAB_004","distributed","shrubScrub",38.234505,-109.398111,"WGS84",20.1,1763.9,0.1,"2017-07-14T17:43Z","MOAB.2017.29",,,"drag",162,"N",0,0,0,,"NEON.DOC.014045vH","ef+VM8qTC6xMgX/06pzNml60ajSC3RjdoDNYvMqGUPI=",
"c1b8302f-e3c0-46cb-b611-63b3dfd98371","MOAB_001.tickPlot.tck","D13","MOAB","MOAB_001","distributed","shrubScrub",38.258888,-109.413897,"WGS84",20.1,1804.0,0.1,"2017-07-14T18:55Z","MOAB.2017.29",,,"drag",165,"N",0,0,0,,"NEON.DOC.014045vH","MO521loccttY2rTGlmZjBJazL3SRhnDOVQn1fUoimXQ=",
"71e61df2-81a7-4cc9-b9bd-5a9d739f5cda","MOAB_003.tickPlot.tck","D13","MOAB","MOAB_003","distributed","evergreenForest",38.261626,-109.347802,"WGS84",20.2,2013.4,0.5,"2017-07-18T22:43Z","MOAB.2017.30",,,"drag and flag",165,"N",0,0,0,,"NEON.DOC.014045vH","MO521loccttY2rTGlmZjBJazL3SRhnDOVQn1fUoimXQ=",
