uid,namedLocation,domainID,siteID,plotID,plotType,nlcdClass,decimalLatitude,decimalLongitude,geodeticDatum,coordinateUncertainty,elevation,elevationUncertainty,collectDate,eventID,sampleID,sampleCode,samplingMethod,totalSampledArea,targetTaxaPresent,adultCount,nymphCount,larvaCount,sampleCondition,samplingProtocolVersion,measuredBy,remarks
"1c333c13-a4ea-4993-a041-adc5f6152ae8","HARV_022.tickPlot.tck","D01","HARV","HARV_022","distributed","evergreenForest",42.435462,-72.199291,"WGS84",20.3,186.3,0.3,"2014-05-06T15:05Z","HARV.2014.18","HARV_022.20140506",,"drag and flag",170,"Y",1,0,0,"No known compromise","NEON.DOC.014045vD","ugEd8ikOwpl+mQMB7FjZiw==",
"4418c74c-2daf-4c7d-a586-6b56d4bdcfc4","HARV_004.tickPlot.tck","D01","HARV","HARV_004","distributed","mixedForest",42.426878,-72.227943,"WGS84",20.3,185.9,0.3,"2014-05-06T17:16Z","HARV.2014.18","HARV_004.20140506",,"drag and flag",170,"Y",1,0,0,"No known compromise","NEON.DOC.014045vD","ugEd8ikOwpl+mQMB7FjZiw==","QC ok. LEL"
"71c39e4b-ebd4-4152-af0e-ebb95589e805","HARV_006.tickPlot.tck","D01","HARV","HARV_006","distributed","deciduousForest",42.401938,-72.252716,"WGS84",20.2,190.4,0.3,"2014-05-06T18:48Z","HARV.2014.18",,,"drag and flag",170,"N",0,0,0,,"NEON.DOC.014045vD","ugEd8ikOwpl+mQMB7FjZiw==",
"b43a2405-947e-48fc-9bf7-905f4baf3b22","HARV_026.tickPlot.tck","D01","HARV","HARV_026","distributed","evergreenForest",42.412068,-72.246529,"WGS84",20.2,185.7,0.3,"2014-05-07T17:17Z","HARV.2014.18",,,"drag and flag",165,"N",0,0,0,,"NEON.DOC.014045vD","ugEd8ikOwpl+mQMB7FjZiw==","QC ok. LEL"
"a3ddd4dc-a048-4062-8718-1397bdc9b756","HARV_001.tickPlot.tck","D01","HARV","HARV_001","distributed","deciduousForest",42.424227,-72.260097,"WGS84",20.2,201.1,0.3,"2014-05-07T17:22Z","HARV.2014.18",,,"drag and flag",170,"N",0,0,0,,"NEON.DOC.014045vD","F3r/Bmd66mKX7KwpZeiOMw==",
