uid,namedLocation,plotID,collectDate,identifiedDate,sampleID,subsampleID,scientificName,acceptedTaxonID,taxonRank,family,subfamily,tribe,subtribe,genus,subgenus,specificEpithet,infraspecificEpithet,identificationQualifier,identificationReferences,identificationProtocolVersion,scientificNameAuthorship,sexOrAge,individualCount,sampleCondition,archiveMedium,archiveFacilityID,deprecatedVialID,identifiedBy,laboratoryName,remarks
"84d0e375-62d7-4e68-ba05-876e6aa0f373","ORNL_040.tickPlot.tck","ORNL_040","2017-03-23T05:10Z","2017-12-02T17:00Z","ORNL_040.20170323","ORNL_040.20170323.IXOMUR.N","Ixodes muris","IXOMUR","species","Ixodidae",,,,"Ixodes",,"muris",,"cf. species","Keirans, J. E., and C. M. Clifford. 1978. The genus Ixodes in the United States: a scanning electron microscope study and key to the adults. Journal of Medical Entomology, 15(Supplement 2):1-38.","GSU_tickIdentification_SOP_2016-11-01.pdf","Bishopp & Smith","Nymph",1,"OK","90% ethanol","USNMENT01358089","ORNL_040.20170323.IXOMUR.N","Lorenza Beati","Georgia Southern University","RNA transferred to ethanol"
"1562e58b-77d5-45c0-9571-12adbadb3776","ORNL_002.tickPlot.tck","ORNL_002","2017-03-23T13:59Z","2017-12-02T17:00Z","ORNL_002.20170323","ORNL_002.20170323.AMBAME.F","Amblyomma americanum","AMBAME","species","Ixodidae",,,,"Amblyomma",,"americanum",,,"Cooley, R. A. and G. M. Kohls. 1944. The genus Amblyomma (ixodidae) in the United States. The Journal of Parasitology, 30(2):77-111.","GSU_tickIdentification_SOP_2016-11-01.pdf","Linnaeus","Female",1,"OK","90% ethanol","USNMENT01358092","ORNL_002.20170323.AMBAME.F","Lorenza Beati","Georgia Southern University","RNA transferred to ethanol"
"2e1b254d-b5b9-4148-bf99-67b9f43039d3","ORNL_002.tickPlot.tck","ORNL_002","2017-03-23T13:59Z","2017-12-02T17:00Z","ORNL_002.20170323","ORNL_002.20170323.AMBAME.M","Amblyomma americanum","AMBAME","species","Ixodidae",,,,"Amblyomma",,"americanum",,,"Cooley, R. A. and G. M. Kohls. 1944. The genus Amblyomma (ixodidae) in the United States. The Journal of Parasitology, 30(2):77-111.","GSU_tickIdentification_SOP_2016-11-01.pdf","Linnaeus","Male",1,"OK","90% ethanol","USNMENT01358090","ORNL_002.20170325.AMBAME.M","Lorenza Beati","Georgia Southern University","RNA transferred to ethanol"
"154be131-bdfe-4cba-91ef-c5f15308a096","ORNL_002.tickPlot.tck","ORNL_002","2017-03-23T13:59Z","2017-12-02T17:00Z","ORNL_002.20170323","ORNL_002.20170323.IXOSCA.M","Ixodes scapularis","IXOSCA","species","Ixodidae",,,,"Ixodes",,"scapularis",,,"Cooley, R. A. and G. M. Kohls. 1945. The genus Ixodes in North America. National Institute of Health Bulletin, 184.","GSU_tickIdentification_SOP_2016-11-01.pdf","Say","Male",1,"OK","90% ethanol","USNMENT01358091","ORNL_002.20170324.IXOSCA.M","Lorenza Beati","Georgia Southern University","RNA transferred to ethanol"
"812b35a3-9bf5-4aea-8544-f52d38a58079","ORNL_007.tickPlot.tck","ORNL_007","2017-03-23T14:15Z","2017-12-02T17:00Z","ORNL_007.20170323","ORNL_007.20170323.AMBAME.N","Amblyomma americanum","AMBAME","species","Ixodidae",,,,"Amblyomma",,"americanum",,,"Cooley, R. A. and G. M. Kohls. 1944. The genus Amblyomma (ixodidae) in the United States. The Journal of Parasitology, 30(2):77-111.","GSU_tickIdentification_SOP_2016-11-01.pdf","Linnaeus","Nymph",1,"OK","90% ethanol","USNMENT01358088","ORNL_007.20170323.AMBAME.N","Lorenza Beati","Georgia Southern University","RNA transferred to ethanol"
"7e650dba-34ac-4629-869c-22c46df986b6","ORNL_007.tickPlot.tck","ORNL_007","2017-03-23T14:15Z","2017-12-02T17:00Z","ORNL_007.20170323","ORNL_007.20170323.IXOMUR.N","Ixodes muris","IXOMUR","species","Ixodidae",,,,"Ixodes",,"muris",,"cf. species","Keirans, J. E., and C. M. Clifford. 1978. The genus Ixodes in the United States: a scanning electron microscope study and key to the adults. Journal of Medical Entomology, 15(Supplement 2):1-38.","GSU_tickIdentification_SOP_2016-11-01.pdf","Bishopp & Smith","Nymph",1,"OK","90% ethanol","USNMENT01358087","ORNL_007.20170324.IXOMUR.N","Lorenza Beati","Georgia Southern University","RNA transferred to ethanol"
"728c2d5b-2364-4641-b88b-e6c86c863d5e","ORNL_003.tickPlot.tck","ORNL_003","2017-03-23T15:53Z","2017-12-02T17:00Z","ORNL_003.20170323","ORNL_003.20170323.AMBAME.M","Amblyomma americanum","AMBAME","species","Ixodidae",,,,"Amblyomma",,"americanum",,,"Cooley, R. A. and G. M. Kohls. 1944. The genus Amblyomma (ixodidae) in the United States. The Journal of Parasitology, 30(2):77-111.","GSU_tickIdentification_SOP_2016-11-01.pdf","Linnaeus","Male",1,"OK","90% ethanol","USNMENT01358093","ORNL_003.20170323.AMBAME.M","Lorenza Beati","Georgia Southern University","RNA transferred to ethanol"
"43b68928-e7d1-4bbe-9961-60241bc0641d","ORNL_008.tickPlot.tck","ORNL_008","2017-03-23T15:56Z","2017-12-02T17:00Z","ORNL_008.20170323","ORNL_008.20170323.AMBAME.N","Amblyomma americanum","AMBAME","species","Ixodidae",,,,"Amblyomma",,"americanum",,,"Cooley, R. A. and G. M. Kohls. 1944. The genus Amblyomma (ixodidae) in the United States. The Journal of Parasitology, 30(2):77-111.","GSU_tickIdentification_SOP_2016-11-01.pdf","Linnaeus","Nymph",1,"OK","90% ethanol","USNMENT01358094","ORNL_008.20170323.AMBAME.N","Lorenza Beati","Georgia Southern University","RNA transferred to ethanol"
