uid,namedLocation,domainID,siteID,plotID,plotType,nlcdClass,decimalLatitude,decimalLongitude,geodeticDatum,coordinateUncertainty,elevation,elevationUncertainty,collectDate,eventID,sampleID,sampleCode,samplingMethod,totalSampledArea,targetTaxaPresent,adultCount,nymphCount,larvaCount,sampleCondition,samplingProtocolVersion,measuredBy,remarks
"bd7e08cc-4d3c-4cc7-ad87-c7f5769448e8","ORNL_040.tickPlot.tck","D07","ORNL","ORNL_040","distributed","evergreenForest",35.975525,-84.305103,"WGS84",20.2,273.2,0.2,"2017-03-23T05:10Z","ORNL.2017.13","ORNL_040.20170323",,"drag and flag",160,"Y",0,2,0,"No known compromise","NEON.DOC.014045vG","vpYFEHaBR2sLK+O26p1VPU85BnLRTiFTn71V3EPM+Eg=",
"cddfafba-b319-40e9-88ee-4a1e2e150ef5","ORNL_002.tickPlot.tck","D07","ORNL","ORNL_002","distributed","deciduousForest",35.983090,-84.211654,"WGS84",20.3,338.6,0.5,"2017-03-23T13:59Z","ORNL.2017.12","ORNL_002.20170323",,"drag and flag",160,"Y",3,0,0,"No known compromise","NEON.DOC.014045vG","B89Z/IeBZxVUVqkZavcPJo3avqhPk8Rn",
"5a7cda7f-d3a6-4196-a28a-e3e13d0cdd51","ORNL_007.tickPlot.tck","D07","ORNL","ORNL_007","distributed","deciduousForest",35.925843,-84.328420,"WGS84",20.2,279.4,0.5,"2017-03-23T14:15Z","ORNL.2017.13","ORNL_007.20170323",,"drag and flag",160,"Y",0,1,0,"Distance estimated (described in remarks)","NEON.DOC.014045vH","nAKPQvGWPz3rFv4/63mKy/6PZ3ONZ0BTbNHKq62JfrI=","Times and area estimated record created prior to shipping"
"016fc2ae-d14c-4f24-ac02-e588633e849b","ORNL_009.tickPlot.tck","D07","ORNL","ORNL_009","distributed","deciduousForest",35.974902,-84.226630,"WGS84",20.2,337.1,0.2,"2017-03-23T15:02Z","ORNL.2017.12",,,"drag and flag",160,"N",0,0,0,"No known compromise","NEON.DOC.014045vG","ntMKYxYUttgTR6u/j2bBWe+VSVcHK8QG",
"2723712b-bc55-47cd-8015-136468c02f13","ORNL_003.tickPlot.tck","D07","ORNL","ORNL_003","distributed","deciduousForest",35.967011,-84.229849,"WGS84",20.2,275.5,0.2,"2017-03-23T15:53Z","ORNL.2017.12","ORNL_003.20170323",,"drag and flag",160,"Y",1,0,0,"No known compromise","NEON.DOC.014045vG","B89Z/IeBZxVUVqkZavcPJo3avqhPk8Rn",
"721e186d-5bae-4702-981e-bb33d13fdf76","ORNL_008.tickPlot.tck","D07","ORNL","ORNL_008","distributed","deciduousForest",35.933531,-84.334016,"WGS84",20.3,322.7,0.3,"2017-03-23T15:56Z","ORNL.2017.13","ORNL_008.20170323",,"drag and flag",160,"Y",0,1,0,"No known compromise","NEON.DOC.014045vG","vpYFEHaBR2sLK+O26p1VPU85BnLRTiFTn71V3EPM+Eg=",
