uid,namedLocation,domainID,siteID,plotID,plotType,nlcdClass,decimalLatitude,decimalLongitude,geodeticDatum,coordinateUncertainty,elevation,elevationUncertainty,collectDate,eventID,sampleID,sampleCode,samplingMethod,totalSampledArea,targetTaxaPresent,adultCount,nymphCount,larvaCount,sampleCondition,samplingProtocolVersion,measuredBy,remarks
"75fb94da-cc5c-40a2-b379-5328848cc440","SCBI_006.tickPlot.tck","D02","SCBI","SCBI_006","distributed","pastureHay",38.897080,-78.150277,"WGS84",20.1,277.1,0.1,"2014-09-02T13:20Z","SCBI.2014.35","SCBI_006.20140902",,"drag and flag",160,"Y",0,0,1,"No known compromise","NEON.DOC.014045vD","qO0Ifc/cCAY=","No transcription erros found"
"89cceae6-f353-47ac-b93e-bb54516a7ab6","SCBI_002.tickPlot.tck","D02","SCBI","SCBI_002","distributed","deciduousForest",38.893863,-78.142704,"WGS84",20.2,327.7,0.2,"2014-09-02T14:40Z","SCBI.2014.35","SCBI_002.20140902",,"drag",160,"Y",0,2,210,"No known compromise","NEON.DOC.014045vD","qO0Ifc/cCAY=",
"9e363657-0338-4d99-bb53-ea771293a667","SCBI_007.tickPlot.tck","D02","SCBI","SCBI_007","distributed","deciduousForest",38.886013,-78.129365,"WGS84",20.2,428.3,0.2,"2014-09-02T17:01Z","SCBI.2014.35","SCBI_007.20140902",,"drag",149,"Y",0,1,95,"No known compromise","NEON.DOC.014045vD","qO0Ifc/cCAY=",
"8fec4829-c952-45f3-954f-5885032b8596","SCBI_005.tickPlot.tck","D02","SCBI","SCBI_005","distributed","deciduousForest",38.901859,-78.161940,"WGS84",20.2,263.6,0.3,"2014-09-02T19:03Z","SCBI.2014.35","SCBI_005.20140902",,"drag",158,"Y",0,0,6,"No known compromise","NEON.DOC.014045vD","qO0Ifc/cCAY=",
"f693d3fa-b730-47b3-b3d7-117862a8f74f","SCBI_039.tickPlot.tck","D02","SCBI","SCBI_039","distributed","pastureHay",38.896433,-78.166542,"WGS84",20.1,330.8,0.1,"2014-09-03T14:40Z","SCBI.2014.35",,,"drag",165,"N",0,0,0,,"NEON.DOC.014045vD","qO0Ifc/cCAY=",
"b023cc60-e277-403f-91e5-10080126a407","SCBI_013.tickPlot.tck","D02","SCBI","SCBI_013","distributed","deciduousForest",38.873041,-78.163313,"WGS84",20.2,361.3,0.3,"2014-09-03T15:52Z","SCBI.2014.35","SCBI_013.20140903",,"drag",165,"Y",0,1,10,"No known compromise","NEON.DOC.014045vD","qO0Ifc/cCAY=",
"44ccf7cb-0cac-4559-9601-da25683b2028","SCBI_002.tickPlot.tck","D02","SCBI","SCBI_002","distributed","deciduousForest",38.893863,-78.142704,"WGS84",20.2,327.7,0.2,"2014-09-29T17:43Z","SCBI.2014.39","SCBI_002.20140929",,"drag and flag",160,"Y",1,0,11,"No known compromise","NEON.DOC.014045vD","qO0Ifc/cCAY=","installed metal markers at SW corner"
"f2fc32d3-5ca2-4d3c-9c22-dc98c63af004","SCBI_007.tickPlot.tck","D02","SCBI","SCBI_007","distributed","deciduousForest",38.886013,-78.129365,"WGS84",20.2,428.3,0.2,"2014-09-29T19:17Z","SCBI.2014.39","SCBI_007.20140929",,"drag",153,"Y",0,0,172,"No known compromise","NEON.DOC.014045vD","qO0Ifc/cCAY=","1 vial plus tape on cardboard card; installed at SW corner"
"08eb4fb0-f94a-49e8-b8e9-3aab5919c40c","SCBI_013.tickPlot.tck","D02","SCBI","SCBI_013","distributed","deciduousForest",38.873041,-78.163313,"WGS84",20.2,361.3,0.3,"2014-09-30T13:45Z","SCBI.2014.39","SCBI_013.20140930",,"drag",165,"Y",0,1,1,"No known compromise","NEON.DOC.014045vD","qO0Ifc/cCAY=","installed metal marker at SW corner"
"ce5d5dfb-cfc6-4439-bf83-383a5c078891","SCBI_005.tickPlot.tck","D02","SCBI","SCBI_005","distributed","deciduousForest",38.901859,-78.161940,"WGS84",20.2,263.6,0.3,"2014-09-30T15:50Z","SCBI.2014.39","SCBI_005.20140930",,"drag and flag",158,"Y",0,0,6,"No known compromise","NEON.DOC.014045vD","qO0Ifc/cCAY=","installed metal marker at SW corner"
"1e45115e-77b4-41a5-92b8-cdc701426c72","SCBI_039.tickPlot.tck","D02","SCBI","SCBI_039","distributed","pastureHay",38.896433,-78.166542,"WGS84",20.1,330.8,0.1,"2014-09-30T17:20Z","SCBI.2014.39","SCBI_039.20140930",,"drag",167,"Y",0,0,18,"No known compromise","NEON.DOC.014045vD","qO0Ifc/cCAY=","attempted to install metal marker at SW corner for ~ 20 min"
"a33fa7ae-a9f5-4860-abdc-a17e4784beb5","SCBI_006.tickPlot.tck","D02","SCBI","SCBI_006","distributed","pastureHay",38.897080,-78.150277,"WGS84",20.1,277.1,0.1,"2014-09-30T18:35Z","SCBI.2014.39","SCBI_006.20140930",,"drag",160,"Y",0,0,5,"No known compromise","NEON.DOC.014045vD","qO0Ifc/cCAY=",
