uid,namedLocation,domainID,siteID,plotID,plotType,nlcdClass,decimalLatitude,decimalLongitude,geodeticDatum,coordinateUncertainty,elevation,elevationUncertainty,collectDate,eventID,sampleID,sampleCode,samplingMethod,totalSampledArea,targetTaxaPresent,adultCount,nymphCount,larvaCount,sampleCondition,samplingProtocolVersion,measuredBy,remarks
"af25ad1e-f0d9-4487-80a7-cb26b54a3987","NIWO_021.tickPlot.tck","D13","NIWO","NIWO_021","distributed","evergreenForest",40.041022,-105.541760,"WGS84",20.1,2976.6,0.1,"2018-07-02T19:16Z","NIWO.2018.27",,,"drag and flag",145,"N",0,0,0,,"NEON.DOC.014045vJ","qtjo8kV5KGlVc3lysETuMXd1sdSVuQGwVcqQLJ96vW8=","Went around large boulders at NE corner"
"cbf38001-cee8-421c-a477-20c39c4d6510","NIWO_011.tickPlot.tck","D13","NIWO","NIWO_011","distributed","evergreenForest",40.035326,-105.554902,"WGS84",20.4,3103.3,0.4,"2018-07-02T20:18Z","NIWO.2018.27",,,"drag and flag",160,"N",0,0,0,,"NEON.DOC.014045vJ","qtjo8kV5KGlVc3lysETuMXd1sdSVuQGwVcqQLJ96vW8=",
"90ac4d76-72a8-478a-bd72-ca4d661c4617","NIWO_017.tickPlot.tck","D13","NIWO","NIWO_017","distributed","evergreenForest",40.042252,-105.565951,"WGS84",20.2,3263.7,0.2,"2018-07-02T21:24Z","NIWO.2018.27",,,"drag and flag",160,"N",0,0,0,,"NEON.DOC.014045vJ","qtjo8kV5KGlVc3lysETuMXd1sdSVuQGwVcqQLJ96vW8=",
"1aa16e51-f0d8-42e2-908c-134b83451520","NIWO_006.tickPlot.tck","D13","NIWO","NIWO_006","distributed","grasslandHerbaceous",40.055786,-105.563006,"WGS84",20.1,3455.0,0.1,"2018-07-03T21:06Z","NIWO.2018.27",,,"drag",160,"N",0,0,0,,"NEON.DOC.014045vJ","yovtsZDHF2bJJO1F4nw1jH8ccdG3PG6PuDTHeS1TozA=",
"8e399789-ab10-461d-be9f-b45290273e62","NIWO_003.tickPlot.tck","D13","NIWO","NIWO_003","distributed","grasslandHerbaceous",40.050268,-105.566230,"WGS84",20.1,3460.4,0.1,"2018-07-03T21:45Z","NIWO.2018.27",,,"drag",152,"N",0,0,0,,"NEON.DOC.014045vJ","yovtsZDHF2bJJO1F4nw1jH8ccdG3PG6PuDTHeS1TozA=",
"99995fc5-9baf-4f95-8885-fdf489bf4f9e","NIWO_005.tickPlot.tck","D13","NIWO","NIWO_005","distributed","evergreenForest",40.043842,-105.571603,"WGS84",20.3,3285.9,0.4,"2018-07-10T14:42Z","NIWO.2018.28",,,"drag and flag",175,"N",0,0,0,,"NEON.DOC.014045vJ","i+7wBO4AjDQsMiI2vsaNUjKeg7MpgOnsdoQyr+8BTI4=",
