uid,namedLocation,domainID,siteID,plotID,plotType,nlcdClass,decimalLatitude,decimalLongitude,geodeticDatum,coordinateUncertainty,elevation,elevationUncertainty,collectDate,eventID,sampleID,sampleCode,samplingMethod,totalSampledArea,targetTaxaPresent,adultCount,nymphCount,larvaCount,sampleCondition,samplingProtocolVersion,measuredBy,remarks
"0015367e-b0f0-407c-bb8d-0f5b3ba8f695","GRSM_005.tickPlot.tck","D07","GRSM","GRSM_005","distributed","deciduousForest",35.682740,-83.398124,"WGS84",20.2,731.0,0.4,"2016-07-21T05:08Z","GRSM.2016.29",,,"drag and flag",170,"N",0,0,0,"No known compromise","NEON.DOC.014045vG","Tka8agi6ymTlpY7IcnyRHQh3iSluqV4z",
"fa3fc7ec-7211-4546-9dd0-29200d2af2e1","GRSM_006.tickPlot.tck","D07","GRSM","GRSM_006","distributed","deciduousForest",35.679072,-83.643678,"WGS84",20.2,533.6,0.2,"2016-07-21T12:47Z","GRSM.2016.29",,,"drag",160,"N",0,0,0,"No known compromise","NEON.DOC.014045vG","B89Z/IeBZxVUVqkZavcPJo3avqhPk8Rn",
"4d4c3ac0-c68d-418b-896e-e3db0452eb74","GRSM_004.tickPlot.tck","D07","GRSM","GRSM_004","distributed","deciduousForest",35.688959,-83.535562,"WGS84",20.3,441.9,0.5,"2016-07-21T13:35Z","GRSM.2016.29",,,"drag and flag",160,"N",0,0,0,"No known compromise","NEON.DOC.014045vG","B89Z/IeBZxVUVqkZavcPJo3avqhPk8Rn",
"6ae1d41c-c7df-45f7-be66-4e82f32e6e37","GRSM_009.tickPlot.tck","D07","GRSM","GRSM_009","distributed","deciduousForest",35.671874,-83.491180,"WGS84",20.2,820.9,0.2,"2016-07-21T14:07Z","GRSM.2016.29",,,"drag and flag",160,"N",0,0,0,"No known compromise","NEON.DOC.014045vG","Tka8agi6ymTlpY7IcnyRHQh3iSluqV4z",
"a17f25f2-ec4e-481e-9f07-383e0a427294","GRSM_010.tickPlot.tck","D07","GRSM","GRSM_010","distributed","deciduousForest",35.669242,-83.524579,"WGS84",20.2,510.4,0.3,"2016-07-21T14:10Z","GRSM.2016.29",,,"drag and flag",160,"N",0,0,0,"No known compromise","NEON.DOC.014045vG","B89Z/IeBZxVUVqkZavcPJo3avqhPk8Rn",
"2dff7bfc-2abe-47b4-9713-7bb3a61b2a62","GRSM_003.tickPlot.tck","D07","GRSM","GRSM_003","distributed","deciduousForest",35.676584,-83.476209,"WGS84",20.2,880.6,0.2,"2016-07-21T15:10Z","GRSM.2016.29",,,"drag and flag",170,"N",0,0,0,"No known compromise","NEON.DOC.014045vG","Tka8agi6ymTlpY7IcnyRHQh3iSluqV4z",
