uid,namedLocation,domainID,siteID,plotID,plotType,nlcdClass,decimalLatitude,decimalLongitude,geodeticDatum,coordinateUncertainty,elevation,elevationUncertainty,collectDate,eventID,sampleID,sampleCode,samplingMethod,totalSampledArea,targetTaxaPresent,adultCount,nymphCount,larvaCount,sampleCondition,samplingProtocolVersion,measuredBy,remarks
"cd47ebc7-e366-4793-bdb9-b130ed55f364","LENO_002.tickPlot.tck","D08","LENO","LENO_002","distributed","woodyWetlands",31.806282,-88.195216,"WGS84",20.2,16.8,0.2,"2016-06-28T15:25Z","LENO.2016.26",,,"drag",160,"N",0,0,0,"No known compromise","NEON.DOC.014045vG","v7wRdnV1gD6DA7NUoRhtXNeAYtN2k0WN",
"f0c8e3f2-6240-493e-8ac1-20e9421087d7","LENO_003.tickPlot.tck","D08","LENO","LENO_003","distributed","deciduousForest",31.809581,-88.187553,"WGS84",20.2,15.4,0.4,"2016-06-28T16:12Z","LENO.2016.26",,,"drag",157,"N",0,0,0,"No known compromise","NEON.DOC.014045vG","v7wRdnV1gD6DA7NUoRhtXNeAYtN2k0WN",
"d8caea88-0f9f-419b-9707-5cae8ab8e7ba","LENO_023.tickPlot.tck","D08","LENO","LENO_023","distributed","deciduousForest",31.809463,-88.181417,"WGS84",20.2,11.6,0.2,"2016-06-28T17:01Z","LENO.2016.26","LENO_023.20160628",,"drag and flag",160,"Y",0,1,0,"No known compromise","NEON.DOC.014045vG","v7wRdnV1gD6DA7NUoRhtXNeAYtN2k0WN",
"96d42a52-3808-4617-9ef4-c756f326bb3d","LENO_015.tickPlot.tck","D08","LENO","LENO_015","distributed","woodyWetlands",31.817299,-88.191485,"WGS84",20.5,14.2,0.8,"2016-06-28T18:21Z","LENO.2016.26",,,"drag",160,"N",0,0,0,"No known compromise","NEON.DOC.014045vG","v7wRdnV1gD6DA7NUoRhtXNeAYtN2k0WN",
"ad8366ed-eda8-4919-9e5d-f4991cb470b8","LENO_004.tickPlot.tck","D08","LENO","LENO_004","distributed","woodyWetlands",31.822376,-88.181956,"WGS84",20.2,12.5,0.2,"2016-06-28T19:09Z","LENO.2016.26",,,"drag and flag",147,"N",0,0,0,"No known compromise","NEON.DOC.014045vG","v7wRdnV1gD6DA7NUoRhtXNeAYtN2k0WN",
"9497ee26-46ad-4b0c-873e-c0eb9226f86b","LENO_042.tickPlot.tck","D08","LENO","LENO_042","distributed","woodyWetlands",31.817825,-88.182881,"WGS84",20.2,14.6,0.3,"2016-06-28T19:52Z","LENO.2016.26",,,"drag and flag",140,"N",0,0,0,"No known compromise","NEON.DOC.014045vG","v7wRdnV1gD6DA7NUoRhtXNeAYtN2k0WN","Left early due to weather"
