uid,namedLocation,plotID,collectDate,identifiedDate,sampleID,subsampleID,scientificName,acceptedTaxonID,taxonRank,family,subfamily,tribe,subtribe,genus,subgenus,specificEpithet,infraspecificEpithet,identificationQualifier,identificationReferences,identificationProtocolVersion,scientificNameAuthorship,sexOrAge,individualCount,sampleCondition,archiveMedium,archiveFacilityID,deprecatedVialID,identifiedBy,laboratoryName,remarks
"09073869-78c1-480c-8bfe-7889e64ce0ab","HARV_026.tickPlot.tck","HARV_026","2017-05-08T17:48Z","2018-01-03T17:00Z","HARV_026.20170508","HARV_026.20170508.IXOSCA.N","Ixodes scapularis","IXOSCA","species","Ixodidae",,,,"Ixodes",,"scapularis",,,"Cooley, R. A. and G. M. Kohls. 1945. The genus Ixodes in North America. National Institute of Health Bulletin, 184.","GSU_tickIdentification_SOP_2016-11-01.pdf","Say","Nymph",1,"OK","90% ethanol","USNMENT01358075","HARV_026.20170508.IXOSCA.N","Lorenza Beati","Georgia Southern University",
"3d0f6b99-654e-48b2-bd74-aaa15c57ce4f","HARV_026.tickPlot.tck","HARV_026","2017-05-08T17:48Z","2018-01-03T17:00Z","HARV_026.20170508","HARV_026.20170508.DERVAR.F","Dermacentor variabilis","DERVAR","species","Ixodidae",,,,"Dermacentor",,"variabilis",,,"Yunker, C. E., Keirans, J. E., Clifford, C. M., and E. R. Easton. 1986. Dermacentor ticks (Acari: Ixodoidea: Ixodidae) of the New World: a scanning electron microscope atlas. Proceedings of the Entomological Society of Washington, 88(4):609-627.","GSU_tickIdentification_SOP_2016-11-01.pdf","Say","Female",1,"OK","90% ethanol","USNMENT01358073","HARV_026.20170508.DERVAR.F","Lorenza Beati","Georgia Southern University","TO PAULA"
"2da6330a-ebc6-438d-bd88-be77de5059f6","HARV_026.tickPlot.tck","HARV_026","2017-05-08T17:48Z","2018-01-03T17:00Z","HARV_026.20170508","HARV_026.20170508.DERVAR.M","Dermacentor variabilis","DERVAR","species","Ixodidae",,,,"Dermacentor",,"variabilis",,,"Yunker, C. E., Keirans, J. E., Clifford, C. M., and E. R. Easton. 1986. Dermacentor ticks (Acari: Ixodoidea: Ixodidae) of the New World: a scanning electron microscope atlas. Proceedings of the Entomological Society of Washington, 88(4):609-627.","GSU_tickIdentification_SOP_2016-11-01.pdf","Say","Male",1,"OK","90% ethanol","USNMENT01358074","HARV_026.20170508.DERVAR.M","Lorenza Beati","Georgia Southern University","TO PAULA"
"aabaa489-b3a0-4eb2-934e-7744fdf8976b","HARV_020.tickPlot.tck","HARV_020","2017-05-09T13:29Z","2018-01-03T17:00Z","HARV_020.20170509","HARV_020.20170509.IXOSCA.M","Ixodes scapularis","IXOSCA","species","Ixodidae",,,,"Ixodes",,"scapularis",,,"Cooley, R. A. and G. M. Kohls. 1945. The genus Ixodes in North America. National Institute of Health Bulletin, 184.","GSU_tickIdentification_SOP_2016-11-01.pdf","Say","Male",1,"OK","90% ethanol","USNMENT01358078","HARV_020.20170509.IXOSCA.M","Lorenza Beati","Georgia Southern University",
"1cd53acf-0b33-49ab-96a4-4ed86fc0f031","HARV_020.tickPlot.tck","HARV_020","2017-05-09T13:29Z","2018-01-03T17:00Z","HARV_020.20170509","HARV_020.20170509.DERVAR.F","Dermacentor variabilis","DERVAR","species","Ixodidae",,,,"Dermacentor",,"variabilis",,,"Yunker, C. E., Keirans, J. E., Clifford, C. M., and E. R. Easton. 1986. Dermacentor ticks (Acari: Ixodoidea: Ixodidae) of the New World: a scanning electron microscope atlas. Proceedings of the Entomological Society of Washington, 88(4):609-627.","GSU_tickIdentification_SOP_2016-11-01.pdf","Say","Female",1,"OK","90% ethanol","USNMENT01358076","HARV_020.20170509.DERVAR.F","Lorenza Beati","Georgia Southern University","TO PAULA"
"780f7862-8b17-4005-a30f-864326cfd586","HARV_020.tickPlot.tck","HARV_020","2017-05-09T13:29Z","2018-01-03T17:00Z","HARV_020.20170509","HARV_020.20170509.DERVAR.M","Dermacentor variabilis","DERVAR","species","Ixodidae",,,,"Dermacentor",,"variabilis",,,"Yunker, C. E., Keirans, J. E., Clifford, C. M., and E. R. Easton. 1986. Dermacentor ticks (Acari: Ixodoidea: Ixodidae) of the New World: a scanning electron microscope atlas. Proceedings of the Entomological Society of Washington, 88(4):609-627.","GSU_tickIdentification_SOP_2016-11-01.pdf","Say","Male",2,"OK","90% ethanol","USNMENT01358077","HARV_020.20170509.DERVAR.M","Lorenza Beati","Georgia Southern University","TO PAULA"
"0c1d370c-eb10-4f3b-be62-ce738a684877","HARV_004.tickPlot.tck","HARV_004","2017-05-09T14:58Z","2018-01-14T17:00Z","HARV_004.20170509","HARV_004.20170509.IXOSCA.N","Ixodes scapularis","IXOSCA","species","Ixodidae",,,,"Ixodes",,"scapularis",,,"Cooley, R. A. and G. M. Kohls. 1945. The genus Ixodes in North America. National Institute of Health Bulletin, 184.","GSU_tickIdentification_SOP_2016-11-01.pdf","Say","Nymph",1,"OK","90% ethanol","USNMENT01358246","HARV_004.20170509.IXOSCA.N","Lorenza Beati","Georgia Southern University",
"61e00c29-ebbe-4426-9aad-7fd0b1f42a4a","HARV_004.tickPlot.tck","HARV_004","2017-05-09T14:58Z","2018-01-14T17:00Z","HARV_004.20170509","HARV_004.20170509.IXOSCA.F","Ixodes scapularis","IXOSCA","species","Ixodidae",,,,"Ixodes",,"scapularis",,,"Cooley, R. A. and G. M. Kohls. 1945. The genus Ixodes in North America. National Institute of Health Bulletin, 184.","GSU_tickIdentification_SOP_2016-11-01.pdf","Say","Female",1,"OK","90% ethanol","USNMENT01358245","HARV_004.20170509.IXOSCA.F","Lorenza Beati","Georgia Southern University",
"8ab3dab3-a827-4ba7-87d7-ca98748507e4","HARV_004.tickPlot.tck","HARV_004","2017-05-09T14:58Z","2018-01-14T17:00Z","HARV_004.20170509","HARV_004.20170509.DERVAR.F","Dermacentor variabilis","DERVAR","species","Ixodidae",,,,"Dermacentor",,"variabilis",,,"Yunker, C. E., Keirans, J. E., Clifford, C. M., and E. R. Easton. 1986. Dermacentor ticks (Acari: Ixodoidea: Ixodidae) of the New World: a scanning electron microscope atlas. Proceedings of the Entomological Society of Washington, 88(4):609-627.","GSU_tickIdentification_SOP_2016-11-01.pdf","Say","Female",1,"OK","90% ethanol","USNMENT01358212","HARV_004.20170509.DERVAR.F","Lorenza Beati","Georgia Southern University","TO PAULA"
"cb9a9dd7-34c9-4bbf-8b84-eea2daa56119","HARV_004.tickPlot.tck","HARV_004","2017-05-09T14:58Z","2018-01-14T17:00Z","HARV_004.20170509","HARV_004.20170509.DERVAR.M","Dermacentor variabilis","DERVAR","species","Ixodidae",,,,"Dermacentor",,"variabilis",,,"Yunker, C. E., Keirans, J. E., Clifford, C. M., and E. R. Easton. 1986. Dermacentor ticks (Acari: Ixodoidea: Ixodidae) of the New World: a scanning electron microscope atlas. Proceedings of the Entomological Society of Washington, 88(4):609-627.","GSU_tickIdentification_SOP_2016-11-01.pdf","Say","Male",2,"OK","90% ethanol","USNMENT01358213","HARV_004.20170509.DERVAR.M","Lorenza Beati","Georgia Southern University","TO PAULA"
"c5658868-52be-4bd7-a74b-b9aca5c6ae3e","HARV_004.tickPlot.tck","HARV_004","2017-05-09T14:58Z","2018-01-14T17:00Z","HARV_004.20170509","HARV_004.20170509.IXOSCA.M","Ixodes scapularis","IXOSCA","species","Ixodidae",,,,"Ixodes",,"scapularis",,,"Cooley, R. A. and G. M. Kohls. 1945. The genus Ixodes in North America. National Institute of Health Bulletin, 184.","GSU_tickIdentification_SOP_2016-11-01.pdf","Say","Male",1,"OK","90% ethanol","USNMENT01358214","HARV_004.20170509.IXOSCA.M","Lorenza Beati","Georgia Southern University",
"350e21fb-2230-4583-9315-748643aa0cf3","HARV_001.tickPlot.tck","HARV_001","2017-05-09T16:35Z","2018-01-03T17:00Z","HARV_001.20170509","HARV_001.20170509.IXOSCA.M","Ixodes scapularis","IXOSCA","species","Ixodidae",,,,"Ixodes",,"scapularis",,,"Cooley, R. A. and G. M. Kohls. 1945. The genus Ixodes in North America. National Institute of Health Bulletin, 184.","GSU_tickIdentification_SOP_2016-11-01.pdf","Say","Male",1,"OK","90% ethanol","USNMENT01358079","HARV_001.20170509.IXOSCA.M","Lorenza Beati","Georgia Southern University",
"039643b6-290c-4953-96e6-d22a77c9a88b","HARV_006.tickPlot.tck","HARV_006","2017-05-30T14:32Z","2018-01-14T17:00Z","HARV_006.20170530","HARV_006.20170530.IXOSCA.N","Ixodes scapularis","IXOSCA","species","Ixodidae",,,,"Ixodes",,"scapularis",,,"Cooley, R. A. and G. M. Kohls. 1945. The genus Ixodes in North America. National Institute of Health Bulletin, 184.","GSU_tickIdentification_SOP_2016-11-01.pdf","Say","Nymph",1,"OK","90% ethanol","USNMENT01358250","HARV_006.20170530.IXOSCA.N","Lorenza Beati","Georgia Southern University",
"e273252a-8416-413b-8818-289f1a8bd224","HARV_026.tickPlot.tck","HARV_026","2017-05-30T15:46Z","2018-01-14T17:00Z","HARV_026.20170530","HARV_026.20170530.DERVAR.F","Dermacentor variabilis","DERVAR","species","Ixodidae",,,,"Dermacentor",,"variabilis",,,"Yunker, C. E., Keirans, J. E., Clifford, C. M., and E. R. Easton. 1986. Dermacentor ticks (Acari: Ixodoidea: Ixodidae) of the New World: a scanning electron microscope atlas. Proceedings of the Entomological Society of Washington, 88(4):609-627.","GSU_tickIdentification_SOP_2016-11-01.pdf","Say","Female",1,"OK","90% ethanol","USNMENT01358253","HARV_026.20170530.DERVAR.F","Lorenza Beati","Georgia Southern University","TO PAULA"
"0dbfbe9b-7616-4d17-86e2-e21832309995","HARV_026.tickPlot.tck","HARV_026","2017-05-30T15:46Z","2018-01-14T17:00Z","HARV_026.20170530","HARV_026.20170530.IXOSCA.M","Ixodes scapularis","IXOSCA","species","Ixodidae",,,,"Ixodes",,"scapularis",,,"Cooley, R. A. and G. M. Kohls. 1945. The genus Ixodes in North America. National Institute of Health Bulletin, 184.","GSU_tickIdentification_SOP_2016-11-01.pdf","Say","Male",1,"OK","90% ethanol","USNMENT01358252","HARV_026.20170530.IXOSCA.M","Lorenza Beati","Georgia Southern University",
"0a09e921-7df0-4d43-b1a2-61fed54a16a0","HARV_026.tickPlot.tck","HARV_026","2017-05-30T15:46Z","2018-01-14T17:00Z","HARV_026.20170530","HARV_026.20170530.IXOSCA.F","Ixodes scapularis","IXOSCA","species","Ixodidae",,,,"Ixodes",,"scapularis",,,"Cooley, R. A. and G. M. Kohls. 1945. The genus Ixodes in North America. National Institute of Health Bulletin, 184.","GSU_tickIdentification_SOP_2016-11-01.pdf","Say","Female",1,"OK","90% ethanol","USNMENT01358251","HARV_026.20170530.IXOSCA.F","Lorenza Beati","Georgia Southern University",
"a8e2df6c-6a71-4949-a440-454093a8227d","HARV_001.tickPlot.tck","HARV_001","2017-05-30T17:05Z","2018-01-14T17:00Z","HARV_001.20170530","HARV_001.20170530.IXOSCA.N","Ixodes scapularis","IXOSCA","species","Ixodidae",,,,"Ixodes",,"scapularis",,,"Cooley, R. A. and G. M. Kohls. 1945. The genus Ixodes in North America. National Institute of Health Bulletin, 184.","GSU_tickIdentification_SOP_2016-11-01.pdf","Say","Nymph",16,"OK","90% ethanol","USNMENT01358248","HARV_001.20170530.IXOSCA.N","Lorenza Beati","Georgia Southern University",
"45047977-adc6-426b-bb9c-c2d9da601113","HARV_001.tickPlot.tck","HARV_001","2017-05-30T17:05Z","2018-01-14T17:00Z","HARV_001.20170530","HARV_001.20170530.IXOSCA.F","Ixodes scapularis","IXOSCA","species","Ixodidae",,,,"Ixodes",,"scapularis",,,"Cooley, R. A. and G. M. Kohls. 1945. The genus Ixodes in North America. National Institute of Health Bulletin, 184.","GSU_tickIdentification_SOP_2016-11-01.pdf","Say","Female",2,"OK","90% ethanol","USNMENT01358247","HARV_001.20170530.IXOSCA.F","Lorenza Beati","Georgia Southern University",
"7b2073f8-8414-4b11-a66b-c40b7bf495d8","HARV_004.tickPlot.tck","HARV_004","2017-05-30T18:52Z","2018-01-14T17:00Z","HARV_004.20170530","HARV_004.20170530.IXOSCA.N","Ixodes scapularis","IXOSCA","species","Ixodidae",,,,"Ixodes",,"scapularis",,,"Cooley, R. A. and G. M. Kohls. 1945. The genus Ixodes in North America. National Institute of Health Bulletin, 184.","GSU_tickIdentification_SOP_2016-11-01.pdf","Say","Nymph",9,"OK","90% ethanol","USNMENT01358249","HARV_004.20170530.IXOSCA.N","Lorenza Beati","Georgia Southern University",
