uid,namedLocation,domainID,siteID,plotID,plotType,nlcdClass,decimalLatitude,decimalLongitude,geodeticDatum,coordinateUncertainty,elevation,elevationUncertainty,collectDate,eventID,sampleID,sampleCode,samplingMethod,totalSampledArea,targetTaxaPresent,adultCount,nymphCount,larvaCount,sampleCondition,samplingProtocolVersion,measuredBy,remarks
"9c3af645-22ac-40b0-9503-6768cbca7070","HARV_022.tickPlot.tck","D01","HARV","HARV_022","distributed","evergreenForest",42.435462,-72.199291,"WGS84",20.3,186.3,0.3,"2017-05-08T14:24Z","HARV.2017.20","HARV_022.20170508",,"drag",160,"Y",0,4,0,"Other (described in remarks)","NEON.DOC.014045vG","Y2eaC7kOodtvF5at3+Kw8mTeqKt2X6vNva5c0wOgyFM=","1 tick lost when transferring from cloth to vial"
"c6f62314-30b8-4401-93b9-e3756b044002","HARV_006.tickPlot.tck","D01","HARV","HARV_006","distributed","deciduousForest",42.401938,-72.252716,"WGS84",20.2,190.4,0.3,"2017-05-08T16:31Z","HARV.2017.20",,,"drag",160,"N",0,0,0,"No known compromise","NEON.DOC.014045vG","Y2eaC7kOodtvF5at3+Kw8mTeqKt2X6vNva5c0wOgyFM=",
"fb97f4e4-724a-4ae9-aecb-8f1f64f29277","HARV_026.tickPlot.tck","D01","HARV","HARV_026","distributed","evergreenForest",42.412068,-72.246529,"WGS84",20.2,185.7,0.3,"2017-05-08T17:48Z","HARV.2017.20","HARV_026.20170508",,"drag and flag",160,"Y",2,1,0,"No known compromise","NEON.DOC.014045vG","EnfWGZJaKllpnxJgbtB7wmPYkDAkiJvk1pu/08v0i7k=",
"b9dab672-3261-4d9f-a263-fa19a648c111","HARV_020.tickPlot.tck","D01","HARV","HARV_020","distributed","woodyWetlands",42.438157,-72.228923,"WGS84",20.2,228.3,0.3,"2017-05-09T13:29Z","HARV.2017.20","HARV_020.20170509",,"drag",145,"Y",3,1,0,"No known compromise","NEON.DOC.014045vG","LKs1fXw8CrL7Ae6rK2M0c9gQ2+4cXY7Ldatuh3lvqQM=",
"de8f78e5-7156-44ba-a394-b34c86819f5a","HARV_004.tickPlot.tck","D01","HARV","HARV_004","distributed","mixedForest",42.426878,-72.227943,"WGS84",20.3,185.9,0.3,"2017-05-09T14:58Z","HARV.2017.20","HARV_004.20170509",,"drag",160,"Y",5,1,0,"No known compromise","NEON.DOC.014045vG","Y2eaC7kOodtvF5at3+Kw8mTeqKt2X6vNva5c0wOgyFM=",
"7adef00a-c74b-4a0f-b834-8e55c4bf40b2","HARV_001.tickPlot.tck","D01","HARV","HARV_001","distributed","deciduousForest",42.424227,-72.260097,"WGS84",20.2,201.1,0.3,"2017-05-09T16:35Z","HARV.2017.20","HARV_001.20170509",,"drag and flag",160,"Y",1,0,0,"No known compromise","NEON.DOC.014045vG","LKs1fXw8CrL7Ae6rK2M0c9gQ2+4cXY7Ldatuh3lvqQM=",
"8d48fb88-f06f-4f0d-bfe2-2c885c150e69","HARV_006.tickPlot.tck","D01","HARV","HARV_006","distributed","deciduousForest",42.401938,-72.252716,"WGS84",20.2,190.4,0.3,"2017-05-30T14:32Z","HARV.2017.23","HARV_006.20170530",,"drag",160,"Y",0,1,0,"No known compromise","NEON.DOC.014045vH","XdV86USKkiYZfb6rmwpnK/f2Yah5qnQO",
"72cddb46-de06-4129-9bd8-1e25aa8342b6","HARV_026.tickPlot.tck","D01","HARV","HARV_026","distributed","evergreenForest",42.412068,-72.246529,"WGS84",20.2,185.7,0.3,"2017-05-30T15:46Z","HARV.2017.23","HARV_026.20170530",,"drag and flag",165,"Y",3,0,0,"No known compromise","NEON.DOC.014045vH","BlMwct01jY+JetaDdxwqsphNvHcQdgv8bCEDK06lkUk=",
"969271fa-3867-42f6-ad79-d4e5765b7371","HARV_001.tickPlot.tck","D01","HARV","HARV_001","distributed","deciduousForest",42.424227,-72.260097,"WGS84",20.2,201.1,0.3,"2017-05-30T17:05Z","HARV.2017.23","HARV_001.20170530",,"drag",160,"Y",3,17,0,"No known compromise","NEON.DOC.014045vH","XdV86USKkiYZfb6rmwpnK/f2Yah5qnQO",
"00d83219-ed52-426d-8ecd-b02c448a534b","HARV_004.tickPlot.tck","D01","HARV","HARV_004","distributed","mixedForest",42.426878,-72.227943,"WGS84",20.3,185.9,0.3,"2017-05-30T18:52Z","HARV.2017.23","HARV_004.20170530",,"drag and flag",160,"Y",0,9,0,"No known compromise","NEON.DOC.014045vH","BlMwct01jY+JetaDdxwqsphNvHcQdgv8bCEDK06lkUk=",
