uid,namedLocation,domainID,siteID,plotID,plotType,nlcdClass,decimalLatitude,decimalLongitude,geodeticDatum,coordinateUncertainty,elevation,elevationUncertainty,collectDate,eventID,sampleID,sampleCode,samplingMethod,totalSampledArea,targetTaxaPresent,adultCount,nymphCount,larvaCount,sampleCondition,samplingProtocolVersion,measuredBy,remarks
"d59d29cb-ccef-4d7e-8296-b3256702e59e","CPER_002.tickPlot.tck","D10","CPER","CPER_002","distributed","grasslandHerbaceous",40.811446,-104.727626,"WGS84",20.1,1645.8,0.1,"2016-04-21T15:03Z","CPER.2016.16",,,"drag",162,"N",0,0,0,"No known compromise","NEON.DOC.014045vG","Ji4OKY0Opajnq0SAWKqACItMAkkkfnH7",
"0ef07b71-778d-4847-a41f-94823cf4c97f","CPER_004.tickPlot.tck","D10","CPER","CPER_004","distributed","grasslandHerbaceous",40.814104,-104.696817,"WGS84",20.1,1617.2,0.1,"2016-04-21T16:01Z","CPER.2016.16",,,"drag",160,"N",0,0,0,"No known compromise","NEON.DOC.014045vG","Ji4OKY0Opajnq0SAWKqACItMAkkkfnH7",
"d9bcc239-4547-4c98-8a8c-568486d6eb9e","CPER_003.tickPlot.tck","D10","CPER","CPER_003","distributed","grasslandHerbaceous",40.819808,-104.707147,"WGS84",20.1,1625.7,0.1,"2016-04-21T16:58Z","CPER.2016.16",,,"drag",160,"N",0,0,0,"No known compromise","NEON.DOC.014045vG","Ji4OKY0Opajnq0SAWKqACItMAkkkfnH7",
"5d663e6d-0f52-4706-adf3-77b77663ac12","CPER_005.tickPlot.tck","D10","CPER","CPER_005","distributed","grasslandHerbaceous",40.852571,-104.726331,"WGS84",20.1,1662.6,0.1,"2016-04-21T18:00Z","CPER.2016.16",,,"drag",170,"N",0,0,0,"No known compromise","NEON.DOC.014045vG","Ji4OKY0Opajnq0SAWKqACItMAkkkfnH7",
"c0c6397f-e247-4255-996b-f2ec226f7f52","CPER_001.tickPlot.tck","D10","CPER","CPER_001","distributed","grasslandHerbaceous",40.851012,-104.701302,"WGS84",20.1,1639.1,0.1,"2016-04-21T19:08Z","CPER.2016.16",,,"drag",160,"N",0,0,0,"No known compromise","NEON.DOC.014045vG","Ji4OKY0Opajnq0SAWKqACItMAkkkfnH7",
"f6a6f666-450f-484d-a109-9363f7ced871","CPER_007.tickPlot.tck","D10","CPER","CPER_007","distributed","grasslandHerbaceous",40.860878,-104.684952,"WGS84",20.1,1646.7,0.1,"2016-04-21T20:23Z","CPER.2016.16",,,"drag",160,"N",0,0,0,"No known compromise","NEON.DOC.014045vG","Ji4OKY0Opajnq0SAWKqACItMAkkkfnH7",
