uid,namedLocation,domainID,siteID,plotID,plotType,nlcdClass,decimalLatitude,decimalLongitude,geodeticDatum,coordinateUncertainty,elevation,elevationUncertainty,collectDate,eventID,sampleID,sampleCode,samplingMethod,totalSampledArea,targetTaxaPresent,adultCount,nymphCount,larvaCount,sampleCondition,samplingProtocolVersion,measuredBy,remarks
"73b60348-b200-4952-aef8-8fd8f7876267","STER_006.tickPlot.tck","D10","STER","STER_006","distributed","cultivatedCrops",40.465644,-103.032824,"WGS84",20.1,1361.1,0.1,"2018-06-27T14:33Z","STER.2018.26",,,"drag",160,"N",0,0,0,,"NEON.DOC.014045vJ","yGXR0wQWqQuhwrSVy8HViZM/1xQF6T+dnivhufBtrdQ=",
"5f81648d-07ca-460e-bc6b-59c3f100ecb9","STER_033.tickPlot.tck","D10","STER","STER_033","distributed","cultivatedCrops",40.476290,-103.010114,"WGS84",20.2,1355.1,0.2,"2018-06-27T15:17Z","STER.2018.26",,,"drag",160,"N",0,0,0,,"NEON.DOC.014045vJ","9piKDJvWVkAkhVxhhD7ruNlPpYfDpREJt4a2qexS0mE=",
"629186c8-67fa-45bc-b233-ded30d190f47","STER_029.tickPlot.tck","D10","STER","STER_029","distributed","cultivatedCrops",40.469400,-103.010366,"WGS84",20.2,1352.6,0.3,"2018-06-27T15:54Z","STER.2018.26",,,"drag",160,"N",0,0,0,,"NEON.DOC.014045vJ","yovtsZDHF2bJJO1F4nw1jH8ccdG3PG6PuDTHeS1TozA=",
"befc5e57-32a5-46fc-a0b2-d1f0ba7c684d","STER_028.tickPlot.tck","D10","STER","STER_028","distributed","cultivatedCrops",40.472367,-103.017002,"WGS84",20.2,1358.2,0.3,"2018-06-27T16:36Z","STER.2018.26",,,"drag",160,"N",0,0,0,,"NEON.DOC.014045vJ","yovtsZDHF2bJJO1F4nw1jH8ccdG3PG6PuDTHeS1TozA=",
"4e5dc627-c421-4cc5-a83e-55076e7a57c9","STER_026.tickPlot.tck","D10","STER","STER_026","distributed","cultivatedCrops",40.474857,-103.022558,"WGS84",20.2,1358.2,0.2,"2018-06-27T17:05Z","STER.2018.26",,,"drag",160,"N",0,0,0,,"NEON.DOC.014045vJ","yovtsZDHF2bJJO1F4nw1jH8ccdG3PG6PuDTHeS1TozA=",
"662ca651-3dcf-4161-b167-661dc79cbeb6","STER_027.tickPlot.tck","D10","STER","STER_027","distributed","cultivatedCrops",40.480002,-103.017416,"WGS84",20.2,1365.6,0.2,"2018-06-27T17:33Z","STER.2018.26",,,"drag",160,"N",0,0,0,,"NEON.DOC.014045vJ","yGXR0wQWqQuhwrSVy8HViZM/1xQF6T+dnivhufBtrdQ=",
