uid,namedLocation,domainID,siteID,plotID,plotType,nlcdClass,decimalLatitude,decimalLongitude,geodeticDatum,coordinateUncertainty,elevation,elevationUncertainty,collectDate,eventID,sampleID,sampleCode,samplingMethod,totalSampledArea,targetTaxaPresent,adultCount,nymphCount,larvaCount,sampleCondition,samplingProtocolVersion,measuredBy,remarks
"a9d60829-08ac-4048-8bf2-4c26416fd282","WOOD_001.tickPlot.tck","D09","WOOD","WOOD_001","distributed","grasslandHerbaceous",47.127200,-99.256464,"WGS84",20.1,593.8,0.2,"2015-11-02T18:23Z","WOOD.2015.44",,,"drag",160,"N",0,0,,,"NEON.DOC.014045vF","9hOSS3gpVvHUvdbHcI4XlVp94UoAF+Qh","No ticks collected"
"0f95e3af-a344-4980-99a5-6818f87cd721","WOOD_007.tickPlot.tck","D09","WOOD","WOOD_007","distributed","grasslandHerbaceous",47.133887,-99.251357,"WGS84",20.4,593.6,0.3,"2015-11-02T18:49Z","WOOD.2015.44",,,"drag and flag",160,"N",0,0,,,"NEON.DOC.014045vF","9hOSS3gpVvHUvdbHcI4XlVp94UoAF+Qh","No ticks collected"
"1d246533-ecda-434b-a4e0-32bdd6674d8e","WOOD_006.tickPlot.tck","D09","WOOD","WOOD_006","distributed","grasslandHerbaceous",47.141023,-99.248055,"WGS84",20.1,587.2,0.1,"2015-11-02T19:25Z","WOOD.2015.44",,,"drag and flag",160,"N",0,0,,,"NEON.DOC.014045vF","9hOSS3gpVvHUvdbHcI4XlVp94UoAF+Qh","No ticks collected"
"bb21c931-b8aa-415a-ae43-2a3eb753775c","WOOD_002.tickPlot.tck","D09","WOOD","WOOD_002","distributed","grasslandHerbaceous",47.136802,-99.234546,"WGS84",20.1,578.3,0.1,"2015-11-02T20:00Z","WOOD.2015.44",,,"drag",160,"N",0,0,,,"NEON.DOC.014045vF","a/0SlN26fEtmJ3LLysIxkaRUfZvckIBE","No ticks collected"
"04aa9b25-7e43-4e82-a6c7-e24e5b79aff6","WOOD_009.tickPlot.tck","D09","WOOD","WOOD_009","distributed","grasslandHerbaceous",47.144534,-99.231072,"WGS84",20.1,573.5,0.2,"2015-11-02T20:30Z","WOOD.2015.44",,,"drag",160,"N",0,0,,,"NEON.DOC.014045vF","a/0SlN26fEtmJ3LLysIxkaRUfZvckIBE","No ticks collected"
"5b2bd0de-a51b-4db0-b5dd-76a2e7a94256","WOOD_024.tickPlot.tck","D09","WOOD","WOOD_024","distributed","emergentHerbaceousWetlands",47.150784,-99.260836,"WGS84",20.1,586.1,0.2,"2015-11-02T21:05Z","WOOD.2015.44",,,"drag and flag",160,"N",0,0,,,"NEON.DOC.014045vF","a/0SlN26fEtmJ3LLysIxkaRUfZvckIBE","No ticks collected"
