uid,namedLocation,domainID,siteID,plotID,plotType,nlcdClass,decimalLatitude,decimalLongitude,geodeticDatum,coordinateUncertainty,elevation,elevationUncertainty,collectDate,eventID,sampleID,sampleCode,samplingMethod,totalSampledArea,targetTaxaPresent,adultCount,nymphCount,larvaCount,sampleCondition,samplingProtocolVersion,measuredBy,remarks
"6b246c6e-ce30-4165-9597-469293dfdd1d","ONAQ_011.tickPlot.tck","D15","ONAQ","ONAQ_011","distributed","shrubScrub",40.152051,-112.455478,"WGS84",20.1,1617.0,0.1,"2017-08-15T14:22Z","ONAQ.2017.34",,,"drag and flag",160,"N",0,0,0,,"NEON.DOC.014045vH","ZXsbnkkpsPerbvY/H8Ld7+Mgmi4uYSwzH0dAcOmXSSw=",
"7f94b196-3a4e-4526-a2da-4b8ec75a31dd","ONAQ_009.tickPlot.tck","D15","ONAQ","ONAQ_009","distributed","shrubScrub",40.160581,-112.469377,"WGS84",20.1,1668.8,0.1,"2017-08-15T15:56Z","ONAQ.2017.34",,,"drag and flag",160,"N",0,0,0,,"NEON.DOC.014045vH","ZXsbnkkpsPerbvY/H8Ld7+Mgmi4uYSwzH0dAcOmXSSw=",
"15ce72b0-a2f5-47be-a4d3-3395e0ad6479","ONAQ_023.tickPlot.tck","D15","ONAQ","ONAQ_023","distributed","evergreenForest",40.193985,-112.507206,"WGS84",20.1,1860.6,0.1,"2017-08-15T17:23Z","ONAQ.2017.34",,,"drag and flag",161,"N",0,0,0,,"NEON.DOC.014045vH","h2e+dqZwM1CN/9q2nlOIBjgtBkUZxrghCbZhws+SHWs=",
"1f60999e-23e3-4017-b9e3-951d34094cd8","ONAQ_016.tickPlot.tck","D15","ONAQ","ONAQ_016","distributed","shrubScrub",40.175449,-112.444448,"WGS84",20.1,1635.3,0.1,"2017-08-15T19:20Z","ONAQ.2017.34",,,"drag and flag",160,"N",0,0,0,,"NEON.DOC.014045vH","ZXsbnkkpsPerbvY/H8Ld7+Mgmi4uYSwzH0dAcOmXSSw=",
"286bdd5c-46b1-4757-a5b6-63fc48d825ac","ONAQ_004.tickPlot.tck","D15","ONAQ","ONAQ_004","distributed","shrubScrub",40.187291,-112.471870,"WGS84",,1710.4,,"2017-08-15T20:10Z","ONAQ.2017.34",,,"drag and flag",160,"N",0,0,0,,"NEON.DOC.014045vH","h2e+dqZwM1CN/9q2nlOIBjgtBkUZxrghCbZhws+SHWs=",
"4c276629-702d-40a5-a958-2203c253be65","ONAQ_005.tickPlot.tck","D15","ONAQ","ONAQ_005","distributed","shrubScrub",40.181926,-112.432741,"WGS84",20.1,1617.2,0.1,"2017-08-15T21:15Z","ONAQ.2017.34",,,"drag and flag",160,"N",0,0,0,,"NEON.DOC.014045vH","h2e+dqZwM1CN/9q2nlOIBjgtBkUZxrghCbZhws+SHWs=",
"1bbeec80-8132-420e-8813-ed6b8b7d1ba5","ONAQ_011.tickPlot.tck","D15","ONAQ","ONAQ_011","distributed","shrubScrub",40.152051,-112.455478,"WGS84",20.1,1617.0,0.1,"2017-08-31T13:40Z","ONAQ.2017.36",,,"drag and flag",160,"N",0,0,0,,"NEON.DOC.014045vH","h2e+dqZwM1CN/9q2nlOIBjgtBkUZxrghCbZhws+SHWs=",
"5ace3ab2-f63a-47f5-853a-202dd881b054","ONAQ_009.tickPlot.tck","D15","ONAQ","ONAQ_009","distributed","shrubScrub",40.160581,-112.469377,"WGS84",20.1,1668.8,0.1,"2017-08-31T14:32Z","ONAQ.2017.36",,,"drag and flag",160,"N",0,0,0,,"NEON.DOC.014045vH","9G96sOZHreW1zLx1Wn5Z/CXf862Qa/Lm",
"bd26591b-71ed-4476-b6e9-57359b4c290b","ONAQ_023.tickPlot.tck","D15","ONAQ","ONAQ_023","distributed","evergreenForest",40.193985,-112.507206,"WGS84",20.1,1860.6,0.1,"2017-08-31T15:32Z","ONAQ.2017.36",,,"drag and flag",164,"N",0,0,0,,"NEON.DOC.014045vH","9G96sOZHreW1zLx1Wn5Z/CXf862Qa/Lm",
"f8d23edc-7a2d-4510-93fc-42de06cd7a6e","ONAQ_004.tickPlot.tck","D15","ONAQ","ONAQ_004","distributed","shrubScrub",40.187291,-112.471870,"WGS84",,1710.4,,"2017-08-31T16:17Z","ONAQ.2017.36",,,"drag and flag",160,"N",0,0,0,,"NEON.DOC.014045vH","h2e+dqZwM1CN/9q2nlOIBjgtBkUZxrghCbZhws+SHWs=",
"b167f54f-ee07-4373-a069-ff266a242b39","ONAQ_016.tickPlot.tck","D15","ONAQ","ONAQ_016","distributed","shrubScrub",40.175449,-112.444448,"WGS84",20.1,1635.3,0.1,"2017-08-31T16:58Z","ONAQ.2017.36",,,"drag and flag",160,"N",0,0,0,,"NEON.DOC.014045vH","h2e+dqZwM1CN/9q2nlOIBjgtBkUZxrghCbZhws+SHWs=",
"a8b38961-d8e4-46c5-8251-cdf0e1c66992","ONAQ_005.tickPlot.tck","D15","ONAQ","ONAQ_005","distributed","shrubScrub",40.181926,-112.432741,"WGS84",20.1,1617.2,0.1,"2017-08-31T17:44Z","ONAQ.2017.36",,,"drag and flag",160,"N",0,0,0,,"NEON.DOC.014045vH","h2e+dqZwM1CN/9q2nlOIBjgtBkUZxrghCbZhws+SHWs=",
