uid,namedLocation,date,eventID,domainID,siteID,plotID,subplotID,individualID,tagStatus,growthForm,plantStatus,stemDiameter,measurementHeight,height,baseCrownHeight,breakHeight,breakDiameter,maxCrownDiameter,ninetyCrownDiameter,canopyPosition,shape,basalStemDiameter,basalStemDiameterMsrmntHeight,maxBaseCrownDiameter,ninetyBaseCrownDiameter,remarks,recordedBy,measuredBy,dataQF
"e9954224-2585-4a58-b4b9-665b34a56493","WOOD_018.basePlot.vst","2014-10-01","vst_WOOD_2014","D09","WOOD","WOOD_018",,"NEON.PLA.D09.WOOD.00146",,"sapling","Live",1.9,10,0.9,,,,,,,,,,,,,,,"legacyData"
"87ea396e-664b-43c3-9846-2f6f41680f0a","WOOD_018.basePlot.vst","2014-10-01","vst_WOOD_2014","D09","WOOD","WOOD_018",,"NEON.PLA.D09.WOOD.00149",,"small shrub","Live",1.2,10,0.6,,,,0.9,0.4,,"half-sphere",,,,,,,,"legacyData"
"b3809796-cddc-4b2c-8f2a-b07911528f3e","WOOD_009.basePlot.vst","2014-10-01","vst_WOOD_2014","D09","WOOD","WOOD_009",,"NEON.PLA.D09.WOOD.00139",,"sapling","Live",1.0,10,0.9,,,,,,,,,,,,"No Transcription Errors Found",,,"legacyData"
"5af414d4-0c3c-4551-bd65-3cd47f988d32","WOOD_009.basePlot.vst","2014-10-01","vst_WOOD_2014","D09","WOOD","WOOD_009",,"NEON.PLA.D09.WOOD.00141",,"sapling","Standing dead",1.1,10,0.7,,,,,,,,,,,,,,,"legacyData"
"2f58789c-dc9c-4860-93fd-3ccef629e0f8","WOOD_009.basePlot.vst","2014-10-01","vst_WOOD_2014","D09","WOOD","WOOD_009",,"NEON.PLA.D09.WOOD.00140",,"sapling","Standing dead",1.0,10,0.6,,,,,,,,,,,,,,,"legacyData"
"7b1d4ff1-ddac-4419-9ceb-282b30d29d7c","WOOD_018.basePlot.vst","2014-10-01","vst_WOOD_2014","D09","WOOD","WOOD_018",,"NEON.PLA.D09.WOOD.00147",,"small shrub","Live",1.1,10,0.7,,,,0.7,0.5,,"half-sphere",,,,,,,,"legacyData"
"392dc626-5109-4554-9ed4-0bd8ac148d71","WOOD_018.basePlot.vst","2014-10-01","vst_WOOD_2014","D09","WOOD","WOOD_018",,"NEON.PLA.D09.WOOD.00142",,"sapling","Live",1.1,10,0.6,,,,,,,,,,,,,,,"legacyData"
"eb3a5344-5605-4970-835d-1b23c1f9d0aa","WOOD_018.basePlot.vst","2014-10-01","vst_WOOD_2014","D09","WOOD","WOOD_018",,"NEON.PLA.D09.WOOD.00148",,"small shrub","Live",1.1,10,0.5,,,,0.5,0.3,,"half-sphere",,,,,,,,"legacyData"
"ff638422-ded4-4d6f-80c7-82762629d5d3","WOOD_018.basePlot.vst","2014-10-01","vst_WOOD_2014","D09","WOOD","WOOD_018",,"NEON.PLA.D09.WOOD.00150",,"sapling","Live",1.4,10,0.7,,,,,,,,,,,,"No Transcription Errors Found",,,"legacyData"
"dc3f15e4-d510-45ba-be3e-9c0179b49456","WOOD_018.basePlot.vst","2014-10-01","vst_WOOD_2014","D09","WOOD","WOOD_018",,"NEON.PLA.D09.WOOD.00152",,"small shrub","Live",1.3,10,0.9,,,,0.7,0.7,,"cylinder",,,,,,,,"legacyData"
"5de1f549-71b6-47f2-a7f1-42d295c02cea","WOOD_018.basePlot.vst","2014-10-01","vst_WOOD_2014","D09","WOOD","WOOD_018",,"NEON.PLA.D09.WOOD.00143",,"sapling","Live",1.6,10,0.9,,,,,,,,,,,,,,,"legacyData"
"54f444f7-73a6-4b60-bf45-e422eabcc729","WOOD_018.basePlot.vst","2014-10-01","vst_WOOD_2014","D09","WOOD","WOOD_018",,"NEON.PLA.D09.WOOD.00144",,"sapling","Live",1.2,10,0.8,,,,,,,,,,,,"No Transcription Errors Found",,,"legacyData"
"e6c57247-f324-446f-ad73-3bbc42b7e06c","WOOD_018.basePlot.vst","2014-10-01","vst_WOOD_2014","D09","WOOD","WOOD_018",,"NEON.PLA.D09.WOOD.00145",,"small shrub","Live",1.6,10,0.9,,,,0.7,0.7,,"cylinder",,,,,,,,"legacyData"
"8820bf4c-8591-4998-9dea-7c16d1143c02","WOOD_018.basePlot.vst","2014-10-01","vst_WOOD_2014","D09","WOOD","WOOD_018",,"NEON.PLA.D09.WOOD.00151",,"sapling","Live",1.0,10,0.7,,,,,,,,,,,,,,,"legacyData"
"2ba1175f-3455-46fc-ab25-443bfe03bb26","WOOD_015.basePlot.vst","2014-10-01","vst_WOOD_2014","D09","WOOD","WOOD_015",,"NEON.PLA.D09.WOOD.00153",,"small shrub","Live",1.7,10,0.9,,,,0.8,0.6,,"oblate half-sphere",,,,,"No Transcription Errors Found",,,"legacyData"
"b0795112-20a9-4e1b-b4d9-4fa99a924f16","WOOD_014.basePlot.vst","2014-10-02","vst_WOOD_2014","D09","WOOD","WOOD_014",,"NEON.PLA.D09.WOOD.00217",,"sapling","Live",1.6,10,1.4,,,,,,,,,,,,,,,"legacyData"
"19e25329-ebed-4a9b-ab33-60516b2660d9","WOOD_014.basePlot.vst","2014-10-02","vst_WOOD_2014","D09","WOOD","WOOD_014",,"NEON.PLA.D09.WOOD.00208",,"sapling","Live",1.7,10,1.3,,,,,,,"cylinder",,,,,,,,"legacyData"
"a5bc4039-de91-453f-bf73-392dc089ace3","WOOD_014.basePlot.vst","2014-10-02","vst_WOOD_2014","D09","WOOD","WOOD_014",,"NEON.PLA.D09.WOOD.00211",,"sapling","Live",2.0,10,1.5,,,,,,,,,,,,,,,"legacyData"
"08c5f8c9-1209-40b3-8cae-2bdb2e940a80","WOOD_014.basePlot.vst","2014-10-02","vst_WOOD_2014","D09","WOOD","WOOD_014",,"NEON.PLA.D09.WOOD.00181",,"sapling","Live",1.5,10,1.2,,,,,,,,,,,,,,,"legacyData"
"a4d2a2d2-d512-46e4-b47d-29c7144a18a3","WOOD_014.basePlot.vst","2014-10-02","vst_WOOD_2014","D09","WOOD","WOOD_014",,"NEON.PLA.D09.WOOD.00160",,"sapling","Live",1.3,10,0.9,,,,,,,,,,,,"No transcription error found.",,,"legacyData"
"4a7e4eb3-342c-4bc7-a142-2565f517c532","WOOD_014.basePlot.vst","2014-10-02","vst_WOOD_2014","D09","WOOD","WOOD_014",,"NEON.PLA.D09.WOOD.00161",,"small shrub","Live",1.2,10,1.0,,,,0.7,0.6,,"cylinder",,,,,,,,"legacyData"
"16aa8558-7fdc-459f-ba04-ac9910a70078","WOOD_014.basePlot.vst","2014-10-02","vst_WOOD_2014","D09","WOOD","WOOD_014",,"NEON.PLA.D09.WOOD.00209",,"small shrub","Live",1.6,10,1.1,,,,,,,,,,,,,,,"legacyData"
"c0c13e64-c3b0-4c67-b588-6f634ec80d5d","WOOD_014.basePlot.vst","2014-10-02","vst_WOOD_2014","D09","WOOD","WOOD_014",,"NEON.PLA.D09.WOOD.00182",,"sapling","Live",1.2,10,1.0,,,,,,,,,,,,,,,"legacyData"
"b4ee86e8-011f-4f59-93af-070268a407ed","WOOD_014.basePlot.vst","2014-10-02","vst_WOOD_2014","D09","WOOD","WOOD_014",,"NEON.PLA.D09.WOOD.00184",,"sapling","Live",1.7,10,0.9,,,,,,,,,,,,,,,"legacyData"
"c7c86f2e-2dbf-4824-9303-07ed38cf38c6","WOOD_014.basePlot.vst","2014-10-02","vst_WOOD_2014","D09","WOOD","WOOD_014",,"NEON.PLA.D09.WOOD.00165",,"sapling","Live",1.0,10,0.9,,,,,,,,,,,,,,,"legacyData"
"9a8382f2-3612-46b6-a196-b29ad410fc1a","WOOD_014.basePlot.vst","2014-10-02","vst_WOOD_2014","D09","WOOD","WOOD_014",,"NEON.PLA.D09.WOOD.00176",,"sapling","Live",1.8,10,1.4,,,,,,,,,,,,"No transcription error found.",,,"legacyData"
"3fdc6529-01a5-4e80-ab44-4b15fba31a24","WOOD_014.basePlot.vst","2014-10-02","vst_WOOD_2014","D09","WOOD","WOOD_014",,"NEON.PLA.D09.WOOD.00187",,"sapling","Live",1.2,10,1.4,,,,,,,,,,,,,,,"legacyData"
"5a208c3e-c940-425f-9b2b-6fa849562407","WOOD_014.basePlot.vst","2014-10-02","vst_WOOD_2014","D09","WOOD","WOOD_014",,"NEON.PLA.D09.WOOD.00180",,"sapling","Live",1.2,10,1.2,,,,,,,,,,,,,,,"legacyData"
"58fa1264-07cf-410b-af05-5cf041ddf9ad","WOOD_014.basePlot.vst","2014-10-02","vst_WOOD_2014","D09","WOOD","WOOD_014",,"NEON.PLA.D09.WOOD.00175",,"sapling","Live",1.4,10,1.3,,,,,,,,,,,,,,,"legacyData"
"e5793848-5677-49bf-9a09-fe3a380b31c4","WOOD_014.basePlot.vst","2014-10-02","vst_WOOD_2014","D09","WOOD","WOOD_014",,"NEON.PLA.D09.WOOD.00172",,"sapling","Live",1.9,10,1.1,,,,,,,,,,,,,,,"legacyData"
"6871fc54-8de3-4a6d-919a-ec55103d86a1","WOOD_014.basePlot.vst","2014-10-02","vst_WOOD_2014","D09","WOOD","WOOD_014",,"NEON.PLA.D09.WOOD.00171",,"sapling","Live",1.0,10,0.8,,,,,,,,,,,,,,,"legacyData"
"2141752a-5515-4443-9a46-414445fbe063","WOOD_014.basePlot.vst","2014-10-02","vst_WOOD_2014","D09","WOOD","WOOD_014",,"NEON.PLA.D09.WOOD.00206",,"small shrub","Live",1.2,10,1.0,,,,0.6,0.5,,"inverted cone",,,0.46,0.43,,,,"legacyData"
"335eae1e-4a92-420e-b050-f21cfc2a1ddb","WOOD_014.basePlot.vst","2014-10-02","vst_WOOD_2014","D09","WOOD","WOOD_014",,"NEON.PLA.D09.WOOD.00168",,"sapling","Live",1.2,10,1.2,,,,,,,,,,,,,,,"legacyData"
"8929a12f-5757-496a-8055-e2c73a3de531","WOOD_014.basePlot.vst","2014-10-02","vst_WOOD_2014","D09","WOOD","WOOD_014",,"NEON.PLA.D09.WOOD.00192",,"sapling","Live",1.3,10,1.1,,,,,,,,,,,,,,,"legacyData"
"b216d331-68b1-4c66-ab0f-6367fe3daedd","WOOD_014.basePlot.vst","2014-10-02","vst_WOOD_2014","D09","WOOD","WOOD_014",,"NEON.PLA.D09.WOOD.00212",,"sapling","Live",1.3,10,1.2,,,,,,,,,,,,,,,"legacyData"
"74f306ba-2bdd-4de0-b2af-883ba7eb82ac","WOOD_014.basePlot.vst","2014-10-02","vst_WOOD_2014","D09","WOOD","WOOD_014",,"NEON.PLA.D09.WOOD.00190",,"sapling","Live",1.2,10,1.0,,,,,,,,,,,,,,,"legacyData"
"cf78ff25-31b7-47c0-a306-cbc4da7ab250","WOOD_014.basePlot.vst","2014-10-02","vst_WOOD_2014","D09","WOOD","WOOD_014",,"NEON.PLA.D09.WOOD.00202",,"sapling","Live",1.3,10,0.9,,,,,,,,,,,,,,,"legacyData"
"f61a2a3d-341e-4fee-b3ec-1a3b9516432d","WOOD_014.basePlot.vst","2014-10-02","vst_WOOD_2014","D09","WOOD","WOOD_014",,"NEON.PLA.D09.WOOD.00178",,"sapling","Live",2.0,10,1.5,,,,,,,,,,,,,,,"legacyData"
"921f1b88-0f9e-47e7-b05a-28f88df61173","WOOD_014.basePlot.vst","2014-10-02","vst_WOOD_2014","D09","WOOD","WOOD_014",,"NEON.PLA.D09.WOOD.00193",,"sapling","Live",1.5,10,1.2,,,,,,,,,,,,,,,"legacyData"
"25da64ce-e420-4008-82ad-6283f6c1faa7","WOOD_014.basePlot.vst","2014-10-02","vst_WOOD_2014","D09","WOOD","WOOD_014",,"NEON.PLA.D09.WOOD.00200",,"sapling","Live",1.2,10,1.2,,,,,,,,,,,,,,,"legacyData"
"12cda021-e8ae-4fa9-baf2-86a115c67b2d","WOOD_014.basePlot.vst","2014-10-02","vst_WOOD_2014","D09","WOOD","WOOD_014",,"NEON.PLA.D09.WOOD.00189",,"sapling","Live",1.1,10,1.0,,,,,,,,,,,,,,,"legacyData"
"f9a9b4ac-de72-4b30-a6ec-5c0a6b1573d9","WOOD_014.basePlot.vst","2014-10-02","vst_WOOD_2014","D09","WOOD","WOOD_014",,"NEON.PLA.D09.WOOD.00201",,"sapling","Live",1.5,10,1.3,,,,,,,,,,,,,,,"legacyData"
"5d4ec150-ca39-4355-b60f-34eaae5219b8","WOOD_012.basePlot.vst","2014-10-02","vst_WOOD_2014","D09","WOOD","WOOD_012",,"NEON.PLA.D09.WOOD.00157",,"sapling","Live",1.4,10,1.0,,,,,,,,,,,,,,,"legacyData"
"dced7880-83f1-4025-9929-c6bea678eb3c","WOOD_014.basePlot.vst","2014-10-02","vst_WOOD_2014","D09","WOOD","WOOD_014",,"NEON.PLA.D09.WOOD.00177",,"small shrub","Live",1.9,10,1.4,,,,0.7,0.6,,"inverted cone",,,,,,,,"legacyData"
"bf006c8c-55a8-44d8-a839-bb3d9243bc4e","WOOD_012.basePlot.vst","2014-10-02","vst_WOOD_2014","D09","WOOD","WOOD_012",,"NEON.PLA.D09.WOOD.00154",,"sapling","Live",1.0,10,1.2,,,,,,,,,,,,,,,"legacyData"
"00f3d154-9299-4cfb-9686-8d24f7751c7c","WOOD_012.basePlot.vst","2014-10-02","vst_WOOD_2014","D09","WOOD","WOOD_012",,"NEON.PLA.D09.WOOD.00158",,"sapling","Live",1.5,10,1.1,,,,,,,,,,,,,,,"legacyData"
"76d1046c-b351-40d2-800b-e23ff3bce66c","WOOD_012.basePlot.vst","2014-10-02","vst_WOOD_2014","D09","WOOD","WOOD_012",,"NEON.PLA.D09.WOOD.00155",,"sapling","Standing dead",1.0,10,0.3,,,,,,,,,,,,"No transctiption errors found",,,"legacyData"
"34c8ba72-a58e-40b2-9b48-bf2ee5571ca6","WOOD_012.basePlot.vst","2014-10-02","vst_WOOD_2014","D09","WOOD","WOOD_012",,"NEON.PLA.D09.WOOD.00159",,"sapling","Standing dead",2.0,10,0.8,,,,,,,,,,,,,,,"legacyData"
"89c11bc4-7b67-466d-8a49-40bcab6a19e7","WOOD_012.basePlot.vst","2014-10-02","vst_WOOD_2014","D09","WOOD","WOOD_012",,"NEON.PLA.D09.WOOD.00156",,"sapling","Standing dead",1.9,10,0.6,,,,,,,,,,,,,,,"legacyData"
"c189e693-30f5-4322-bb79-65c2d2c343ac","WOOD_014.basePlot.vst","2014-10-02","vst_WOOD_2014","D09","WOOD","WOOD_014",,"NEON.PLA.D09.WOOD.00194",,"sapling","Live",1.2,10,1.2,,,,,,,,,,,,,,,"legacyData"
"8d41f5dd-8e15-448b-b9cd-e406477cecf1","WOOD_014.basePlot.vst","2014-10-02","vst_WOOD_2014","D09","WOOD","WOOD_014",,"NEON.PLA.D09.WOOD.00191",,"sapling","Live",1.5,10,1.2,,,,,,,,,,,,"No transcription error found.",,,"legacyData"
"48a51798-e327-49dc-81c6-1100932590e6","WOOD_014.basePlot.vst","2014-10-02","vst_WOOD_2014","D09","WOOD","WOOD_014",,"NEON.PLA.D09.WOOD.00185",,"sapling","Live",1.5,10,1.4,,,,,,,,,,,,,,,"legacyData"
"7c2352f6-7ed1-432f-b9d3-c4be6c304185","WOOD_014.basePlot.vst","2014-10-02","vst_WOOD_2014","D09","WOOD","WOOD_014",,"NEON.PLA.D09.WOOD.00167",,"sapling","Live",1.3,10,1.2,,,,,,,,,,,,,,,"legacyData"
"e6a928e6-5307-4f56-a6b1-c2261118f1ee","WOOD_014.basePlot.vst","2014-10-02","vst_WOOD_2014","D09","WOOD","WOOD_014",,"NEON.PLA.D09.WOOD.00197",,"sapling","Live",1.5,10,1.2,,,,,,,,,,,,,,,"legacyData"
"d523babd-0b70-4bbf-af04-3716e226f0bb","WOOD_014.basePlot.vst","2014-10-02","vst_WOOD_2014","D09","WOOD","WOOD_014",,"NEON.PLA.D09.WOOD.00195",,"sapling","Live",1.4,10,1.3,,,,,,,,,,,,,,,"legacyData"
"bdcbba22-d45d-47f4-957e-7e1706c09413","WOOD_014.basePlot.vst","2014-10-02","vst_WOOD_2014","D09","WOOD","WOOD_014",,"NEON.PLA.D09.WOOD.00174",,"sapling","Live",1.9,10,1.5,,,,,,,,,,,,,,,"legacyData"
"4cb47201-3c41-4c7a-a81d-d6e40c15a438","WOOD_014.basePlot.vst","2014-10-02","vst_WOOD_2014","D09","WOOD","WOOD_014",,"NEON.PLA.D09.WOOD.00163",,"sapling","Live",1.3,10,1.1,,,,,,,,,,,,,,,"legacyData"
"79390569-9476-446e-b0f8-659c8ab733b5","WOOD_014.basePlot.vst","2014-10-02","vst_WOOD_2014","D09","WOOD","WOOD_014",,"NEON.PLA.D09.WOOD.00183",,"sapling","Live",1.7,10,1.3,,,,,,,,,,,,,,,"legacyData"
"ce35a8be-4314-4c51-9d1d-fe62a1ee7d5e","WOOD_014.basePlot.vst","2014-10-02","vst_WOOD_2014","D09","WOOD","WOOD_014",,"NEON.PLA.D09.WOOD.00196",,"sapling","Live",1.6,10,1.1,,,,,,,,,,,,,,,"legacyData"
"b75d96c2-1aac-43d3-a30b-87297ff18da7","WOOD_014.basePlot.vst","2014-10-02","vst_WOOD_2014","D09","WOOD","WOOD_014",,"NEON.PLA.D09.WOOD.00210",,"sapling","Standing dead",1.9,10,0.5,,,,,,,,,,,,,,,"legacyData"
"57d6ec05-3bfc-441c-8332-f0f0d2bd18c0","WOOD_014.basePlot.vst","2014-10-02","vst_WOOD_2014","D09","WOOD","WOOD_014",,"NEON.PLA.D09.WOOD.00173",,"sapling","Live",1.3,10,0.6,,,,,,,,,,,,,,,"legacyData"
"ad3deaab-b3ac-4d9b-a06e-d99cd88cf847","WOOD_014.basePlot.vst","2014-10-02","vst_WOOD_2014","D09","WOOD","WOOD_014",,"NEON.PLA.D09.WOOD.00170",,"sapling","Live",1.7,10,1.0,,,,,,,,,,,,,,,"legacyData"
"92d12b68-4aed-496f-a6b1-3257d62c7d16","WOOD_014.basePlot.vst","2014-10-02","vst_WOOD_2014","D09","WOOD","WOOD_014",,"NEON.PLA.D09.WOOD.00162",,"sapling","Live",1.2,10,1.0,,,,,,,,,,,,,,,"legacyData"
"0db3a245-fa1a-48ff-aecf-420c8f67e088","WOOD_014.basePlot.vst","2014-10-02","vst_WOOD_2014","D09","WOOD","WOOD_014",,"NEON.PLA.D09.WOOD.00207",,"small shrub","Live",2.2,10,1.5,,,,0.8,0.8,,"inverted cone",,,0.65,0.37,,,,"legacyData"
"9ae3231b-d16b-4377-a031-73167679899b","WOOD_014.basePlot.vst","2014-10-02","vst_WOOD_2014","D09","WOOD","WOOD_014",,"NEON.PLA.D09.WOOD.00213",,"sapling","Live",2.9,10,1.3,,,,,,,,,,,,,,,"legacyData"
"14cc89b9-95cf-4697-a9dc-2411afe1bd3e","WOOD_014.basePlot.vst","2014-10-02","vst_WOOD_2014","D09","WOOD","WOOD_014",,"NEON.PLA.D09.WOOD.00166",,"sapling","Live",1.1,10,1.0,,,,,,,,,,,,,,,"legacyData"
"355183b5-bfad-4a4e-8e18-0d999e62fc5a","WOOD_014.basePlot.vst","2014-10-02","vst_WOOD_2014","D09","WOOD","WOOD_014",,"NEON.PLA.D09.WOOD.00205",,"sapling","Live",1.2,10,1.2,,,,,,,,,,,,,,,"legacyData"
"7c9d7c98-6c0c-4b4d-8c6c-3941a23d54ee","WOOD_014.basePlot.vst","2014-10-02","vst_WOOD_2014","D09","WOOD","WOOD_014",,"NEON.PLA.D09.WOOD.00188",,"sapling","Live",1.1,10,1.0,,,,,,,,,,,,,,,"legacyData"
"0a0d839d-1fda-4741-9fde-b4622e942a05","WOOD_014.basePlot.vst","2014-10-02","vst_WOOD_2014","D09","WOOD","WOOD_014",,"NEON.PLA.D09.WOOD.00186",,"sapling","Live",1.4,10,1.0,,,,,,,,,,,,,,,"legacyData"
"2fe1aa05-1695-4d5a-9e8d-7c75a470f304","WOOD_014.basePlot.vst","2014-10-02","vst_WOOD_2014","D09","WOOD","WOOD_014",,"NEON.PLA.D09.WOOD.00203",,"sapling","Live",1.4,10,1.3,,,,,,,,,,,,,,,"legacyData"
"48f7dafe-4bfa-4990-b79d-44c5cfe6f817","WOOD_014.basePlot.vst","2014-10-02","vst_WOOD_2014","D09","WOOD","WOOD_014",,"NEON.PLA.D09.WOOD.00215",,"small shrub","Live",1.3,10,1.2,,,,0.8,0.6,,"inverted cone",,,0.35,0.23,,,,"legacyData"
"3a0093f0-9ea1-446c-9e9d-2acfb286a061","WOOD_014.basePlot.vst","2014-10-02","vst_WOOD_2014","D09","WOOD","WOOD_014",,"NEON.PLA.D09.WOOD.00169",,"sapling","Live",1.3,10,1.0,,,,,,,,,,,,,,,"legacyData"
"34fd7529-2ed8-4b62-bfcf-d520b7fbf202","WOOD_014.basePlot.vst","2014-10-02","vst_WOOD_2014","D09","WOOD","WOOD_014",,"NEON.PLA.D09.WOOD.00204",,"sapling","Live",1.4,10,1.0,,,,,,,,,,,,,,,"legacyData"
"b255a297-0f41-478e-9d97-397083958eb9","WOOD_014.basePlot.vst","2014-10-02","vst_WOOD_2014","D09","WOOD","WOOD_014",,"NEON.PLA.D09.WOOD.00198",,"sapling","Live",1.6,10,1.3,,,,,,,,,,,,,,,"legacyData"
"4a1f9546-d33f-4364-9ec8-b99c169326c8","WOOD_014.basePlot.vst","2014-10-02","vst_WOOD_2014","D09","WOOD","WOOD_014",,"NEON.PLA.D09.WOOD.00199",,"sapling","Live",1.4,10,1.1,,,,,,,,,,,,,,,"legacyData"
"2becbe8b-adab-4fb3-98e9-f1caaeb4f9b0","WOOD_014.basePlot.vst","2014-10-02","vst_WOOD_2014","D09","WOOD","WOOD_014",,"NEON.PLA.D09.WOOD.00164",,"sapling","Live",1.1,10,0.7,,,,,,,,,,,,,,,"legacyData"
"f51cfddf-27d2-4f16-b695-af8c960f2b7f","WOOD_014.basePlot.vst","2014-10-02","vst_WOOD_2014","D09","WOOD","WOOD_014",,"NEON.PLA.D09.WOOD.00214",,"sapling","Standing dead",1.9,10,0.7,,,,,,,,,,,,,,,"legacyData"
"67778a8f-2c31-4a92-9d97-83882afa8b04","WOOD_014.basePlot.vst","2014-10-02","vst_WOOD_2014","D09","WOOD","WOOD_014",,"NEON.PLA.D09.WOOD.00216",,"sapling","Live",1.7,10,1.3,,,,,,,,,,,,,,,"legacyData"
"9b5ec1ae-bd6a-48b2-86bd-c40ae5c1c4ca","WOOD_014.basePlot.vst","2014-10-02","vst_WOOD_2014","D09","WOOD","WOOD_014",,"NEON.PLA.D09.WOOD.00179",,"sapling","Live",1.4,10,1.2,,,,,,,,,,,,,,,"legacyData"
"f0f53b7b-9694-42f5-b716-5236d7c64a9d","WOOD_014.basePlot.vst","2014-10-06","vst_WOOD_2014","D09","WOOD","WOOD_014",,"NEON.PLA.D09.WOOD.00271",,"sapling","Live",1.1,10,1.1,,,,,,,,,,,,,,,"legacyData"
"9228463a-aec5-478e-84eb-c3c4ac53c8b4","WOOD_014.basePlot.vst","2014-10-06","vst_WOOD_2014","D09","WOOD","WOOD_014",,"NEON.PLA.D09.WOOD.00260",,"small shrub","Live",1.4,10,1.2,,,,0.5,0.4,,"cylinder",,,,,,,,"legacyData"
"007c2d07-0892-400e-b2fd-fd0650c0e2d9","WOOD_014.basePlot.vst","2014-10-06","vst_WOOD_2014","D09","WOOD","WOOD_014",,"NEON.PLA.D09.WOOD.00218",,"sapling","Live",1.5,10,1.3,,,,,,,,,,,,,,,"legacyData"
"05c0a9fa-862c-429f-865f-3c2dae5be0aa","WOOD_014.basePlot.vst","2014-10-06","vst_WOOD_2014","D09","WOOD","WOOD_014",,"NEON.PLA.D09.WOOD.00269",,"small shrub","Live",1.1,10,1.1,,,,0.5,0.4,,"cylinder",,,,,,,,"legacyData"
"a43c2a8c-59da-4b71-8326-eb2c6be3a00f","WOOD_014.basePlot.vst","2014-10-06","vst_WOOD_2014","D09","WOOD","WOOD_014",,"NEON.PLA.D09.WOOD.00230",,"sapling","Live",1.0,10,0.8,,,,,,,,,,,,,,,"legacyData"
"316f56bc-c16d-4c24-a885-8d3ddf5e3b43","WOOD_014.basePlot.vst","2014-10-06","vst_WOOD_2014","D09","WOOD","WOOD_014",,"NEON.PLA.D09.WOOD.00221",,"sapling","Standing dead",1.2,10,0.7,,,,,,,,,,,,,,,"legacyData"
"6e79e4fc-542f-423b-9bd7-04773d5b4b5d","WOOD_014.basePlot.vst","2014-10-06","vst_WOOD_2014","D09","WOOD","WOOD_014",,"NEON.PLA.D09.WOOD.00290",,"sapling","Live",1.5,10,1.3,,,,,,,,,,,,,,,"legacyData"
"c0b51b1d-f387-47e1-867a-5db693e1ef86","WOOD_014.basePlot.vst","2014-10-06","vst_WOOD_2014","D09","WOOD","WOOD_014",,"NEON.PLA.D09.WOOD.00266",,"sapling","Live",1.0,10,1.1,,,,,,,,,,,,,,,"legacyData"
"7f85d207-3512-4a21-b5cb-9260e35a4ca0","WOOD_014.basePlot.vst","2014-10-06","vst_WOOD_2014","D09","WOOD","WOOD_014",,"NEON.PLA.D09.WOOD.00298",,"sapling","Live",1.8,10,1.4,,,,,,,,,,,,,,,"legacyData"
"1968e3a7-2d79-4d3e-ac71-11082f9feb2f","WOOD_014.basePlot.vst","2014-10-06","vst_WOOD_2014","D09","WOOD","WOOD_014",,"NEON.PLA.D09.WOOD.00287",,"small shrub","Live",1.0,10,1.2,,,,0.6,0.3,,"cylinder",,,,,,,,"legacyData"
"b0aa00a2-683d-4399-a3f0-7ed4723d4137","WOOD_014.basePlot.vst","2014-10-06","vst_WOOD_2014","D09","WOOD","WOOD_014",,"NEON.PLA.D09.WOOD.00255",,"sapling","Live",1.1,10,1.0,,,,,,,,,,,,,,,"legacyData"
"5d8625fa-1ec1-4990-b766-cbea1af58adb","WOOD_014.basePlot.vst","2014-10-06","vst_WOOD_2014","D09","WOOD","WOOD_014",,"NEON.PLA.D09.WOOD.00276",,"sapling","Live",1.3,10,1.2,,,,,,,,,,,,,,,"legacyData"
"c74075ed-cc86-4f87-8f3d-c8ab856c8360","WOOD_014.basePlot.vst","2014-10-06","vst_WOOD_2014","D09","WOOD","WOOD_014",,"NEON.PLA.D09.WOOD.00243",,"sapling","Live",1.2,10,1.1,,,,,,,,,,,,,,,"legacyData"
"f81b2c1e-ef2d-4811-aea6-6a1edaa3d3a0","WOOD_014.basePlot.vst","2014-10-06","vst_WOOD_2014","D09","WOOD","WOOD_014",,"NEON.PLA.D09.WOOD.00267",,"sapling","Live",1.1,10,1.3,,,,,,,,,,,,"No transcription error found.",,,"legacyData"
"d41dbec8-0153-4d0a-ad50-b9935956ced0","WOOD_014.basePlot.vst","2014-10-06","vst_WOOD_2014","D09","WOOD","WOOD_014",,"NEON.PLA.D09.WOOD.00296",,"sapling","Live",1.7,10,1.3,,,,,,,,,,,,,,,"legacyData"
"d067e6ab-50f5-4fd9-9140-0a67a0e3e124","WOOD_014.basePlot.vst","2014-10-06","vst_WOOD_2014","D09","WOOD","WOOD_014",,"NEON.PLA.D09.WOOD.00222",,"sapling","Live",1.7,10,1.1,,,,,,,,,,,,,,,"legacyData"
"1a689b4a-64e6-45ab-b222-45840f33059e","WOOD_014.basePlot.vst","2014-10-06","vst_WOOD_2014","D09","WOOD","WOOD_014",,"NEON.PLA.D09.WOOD.00261",,"sapling","Live",1.5,10,1.1,,,,,,,,,,,,,,,"legacyData"
"ffd8e759-d4bd-4842-bcfd-895aa7e2164e","WOOD_014.basePlot.vst","2014-10-06","vst_WOOD_2014","D09","WOOD","WOOD_014",,"NEON.PLA.D09.WOOD.00270",,"sapling","Live",1.1,10,0.9,,,,,,,,,,,,,,,"legacyData"
"3356ace0-565d-41dd-9659-6d99019d5d2a","WOOD_014.basePlot.vst","2014-10-06","vst_WOOD_2014","D09","WOOD","WOOD_014",,"NEON.PLA.D09.WOOD.00238",,"sapling","Live",1.2,10,1.1,,,,,,,,,,,,,,,"legacyData"
"22ae98b9-51de-4079-9be6-d4cdbb3c571f","WOOD_014.basePlot.vst","2014-10-06","vst_WOOD_2014","D09","WOOD","WOOD_014",,"NEON.PLA.D09.WOOD.00252",,"sapling","Live",1.2,10,1.2,,,,,,,,,,,,"No transcription error found.",,,"legacyData"
"f236d652-e86e-474e-8736-03e60ff616e3","WOOD_014.basePlot.vst","2014-10-06","vst_WOOD_2014","D09","WOOD","WOOD_014",,"NEON.PLA.D09.WOOD.00250",,"small shrub","Live",1.5,10,1.2,,,,0.6,0.4,,"cylinder",,,,,,,,"legacyData"
"c7928ad4-4bea-48b8-8384-20d75f83c9fb","WOOD_014.basePlot.vst","2014-10-06","vst_WOOD_2014","D09","WOOD","WOOD_014",,"NEON.PLA.D09.WOOD.00295",,"small shrub","Live",1.3,10,1.3,,,,0.5,0.3,,"cylinder",,,,,,,,"legacyData"
"a96a774d-3703-4626-ad9e-d87bc4e6dc98","WOOD_014.basePlot.vst","2014-10-06","vst_WOOD_2014","D09","WOOD","WOOD_014",,"NEON.PLA.D09.WOOD.00305",,"sapling","Live",1.3,10,1.4,,,,,,,,,,,,,,,"legacyData"
"41d6009a-f048-4b89-9e88-ee36a315410c","WOOD_014.basePlot.vst","2014-10-06","vst_WOOD_2014","D09","WOOD","WOOD_014",,"NEON.PLA.D09.WOOD.00300",,"sapling","Standing dead",2.7,10,1.6,,,,,,,,,,,,,,,"legacyData"
"40215f5b-2f79-4291-9f0a-76d7c391758f","WOOD_014.basePlot.vst","2014-10-06","vst_WOOD_2014","D09","WOOD","WOOD_014",,"NEON.PLA.D09.WOOD.00225",,"sapling","Live",1.0,10,0.8,,,,,,,,,,,,,,,"legacyData"
"46d8cde0-2b6d-4ffd-932f-fe7856cd90f4","WOOD_014.basePlot.vst","2014-10-06","vst_WOOD_2014","D09","WOOD","WOOD_014",,"NEON.PLA.D09.WOOD.00258",,"sapling","Live",1.1,10,0.9,,,,,,,,,,,,,,,"legacyData"
"dfbee936-f600-401a-a941-75c850fb909f","WOOD_014.basePlot.vst","2014-10-06","vst_WOOD_2014","D09","WOOD","WOOD_014",,"NEON.PLA.D09.WOOD.00249",,"sapling","Live",1.2,10,1.1,,,,,,,,,,,,,,,"legacyData"
"0302670d-ca8a-4101-9158-5eaed1aed390","WOOD_014.basePlot.vst","2014-10-06","vst_WOOD_2014","D09","WOOD","WOOD_014",,"NEON.PLA.D09.WOOD.00259",,"sapling",,1.5,10,1.0,,,,,,,,,,,,,,,"legacyData"
"1588d7e1-1d17-411a-bf8f-d02b75915ade","WOOD_014.basePlot.vst","2014-10-06","vst_WOOD_2014","D09","WOOD","WOOD_014",,"NEON.PLA.D09.WOOD.00231",,"sapling","Live",1.8,10,1.2,,,,,,,,,,,,,,,"legacyData"
"0e4ebc0b-6611-43ec-8753-af3993e75086","WOOD_014.basePlot.vst","2014-10-06","vst_WOOD_2014","D09","WOOD","WOOD_014",,"NEON.PLA.D09.WOOD.00299",,"sapling","Live",2.3,10,1.6,,,,,,,,,,,,"No transcription error found.",,,"legacyData"
"9fd08199-ba0a-4144-bd14-37e5194bd3b9","WOOD_014.basePlot.vst","2014-10-06","vst_WOOD_2014","D09","WOOD","WOOD_014",,"NEON.PLA.D09.WOOD.00223",,"sapling","Live",1.0,10,1.1,,,,,,,,,,,,,,,"legacyData"
"5ef8d0da-69a3-403a-8463-2c7df8f80060","WOOD_014.basePlot.vst","2014-10-06","vst_WOOD_2014","D09","WOOD","WOOD_014",,"NEON.PLA.D09.WOOD.00248",,"sapling","Live",1.8,10,1.4,,,,,,,,,,,,,,,"legacyData"
"67800b68-cdc8-4cfa-9f24-82dec3c048e7","WOOD_014.basePlot.vst","2014-10-06","vst_WOOD_2014","D09","WOOD","WOOD_014",,"NEON.PLA.D09.WOOD.00294",,"sapling","Live",1.3,10,1.2,,,,,,,,,,,,,,,"legacyData"
"3812e1d9-0849-4e1d-8277-989b005e1720","WOOD_014.basePlot.vst","2014-10-06","vst_WOOD_2014","D09","WOOD","WOOD_014",,"NEON.PLA.D09.WOOD.00226",,"sapling","Live",1.4,10,1.3,,,,,,,,,,,,,,,"legacyData"
"6dad93e3-1b9f-4ee9-add5-cdba6e351569","WOOD_014.basePlot.vst","2014-10-06","vst_WOOD_2014","D09","WOOD","WOOD_014",,"NEON.PLA.D09.WOOD.00281",,"sapling","Live",1.4,10,1.2,,,,,,,,,,,,,,,"legacyData"
"bce38fba-4b67-4229-a1f3-6054e8e28712","WOOD_014.basePlot.vst","2014-10-06","vst_WOOD_2014","D09","WOOD","WOOD_014",,"NEON.PLA.D09.WOOD.00239",,"sapling","Live",1.6,10,1.1,,,,,,,,,,,,,,,"legacyData"
"ef94f8b0-5312-448d-ae44-bc0533d221cb","WOOD_014.basePlot.vst","2014-10-06","vst_WOOD_2014","D09","WOOD","WOOD_014",,"NEON.PLA.D09.WOOD.00265",,"sapling","Live",1.2,10,1.2,,,,,,,,,,,,,,,"legacyData"
"74237807-bf20-4e1e-9d86-006319492bae","WOOD_014.basePlot.vst","2014-10-06","vst_WOOD_2014","D09","WOOD","WOOD_014",,"NEON.PLA.D09.WOOD.00280",,"sapling","Live",1.2,10,1.3,,,,,,,,,,,,,,,"legacyData"
"fc82206f-b6e0-458c-ad07-53b6636db382","WOOD_014.basePlot.vst","2014-10-06","vst_WOOD_2014","D09","WOOD","WOOD_014",,"NEON.PLA.D09.WOOD.00228",,"sapling","Live",1.0,10,1.1,,,,,,,,,,,,,,,"legacyData"
"920f54d8-7b60-43e1-a86c-9a35da098453","WOOD_014.basePlot.vst","2014-10-06","vst_WOOD_2014","D09","WOOD","WOOD_014",,"NEON.PLA.D09.WOOD.00297",,"sapling","Live",2.0,10,1.6,,,,,,,,,,,,,,,"legacyData"
"074d5c8b-09e4-40ec-872b-59c278ba1b87","WOOD_014.basePlot.vst","2014-10-06","vst_WOOD_2014","D09","WOOD","WOOD_014",,"NEON.PLA.D09.WOOD.00219",,"small shrub","Live",1.4,10,1.1,,,,0.4,0.3,,"cylinder",,,,,,,,"legacyData"
"27ba6e36-9716-413a-8100-e98cfc6721a3","WOOD_014.basePlot.vst","2014-10-06","vst_WOOD_2014","D09","WOOD","WOOD_014",,"NEON.PLA.D09.WOOD.00237",,"sapling","Live",1.4,10,1.2,,,,,,,,,,,,,,,"legacyData"
"08c4711a-ec65-4a2c-a8cd-d9df474564c3","WOOD_014.basePlot.vst","2014-10-06","vst_WOOD_2014","D09","WOOD","WOOD_014",,"NEON.PLA.D09.WOOD.00251",,"sapling","Live",1.2,10,1.1,,,,,,,,,,,,,,,"legacyData"
"e70e1e7d-c463-4443-a811-aaa535252b7d","WOOD_014.basePlot.vst","2014-10-06","vst_WOOD_2014","D09","WOOD","WOOD_014",,"NEON.PLA.D09.WOOD.00284",,"sapling","Live",1.0,10,0.9,,,,,,,,,,,,,,,"legacyData"
"9fc2a035-c995-4c3c-b67d-b02793a4876e","WOOD_014.basePlot.vst","2014-10-06","vst_WOOD_2014","D09","WOOD","WOOD_014",,"NEON.PLA.D09.WOOD.00272",,"sapling","Live",1.1,10,1.0,,,,,,,,,,,,,,,"legacyData"
"3615874b-62d3-4f71-a9d8-6d9dd6aad8c2","WOOD_014.basePlot.vst","2014-10-06","vst_WOOD_2014","D09","WOOD","WOOD_014",,"NEON.PLA.D09.WOOD.00256",,"sapling","Standing dead",1.1,10,0.6,,,,,,,,,,,,,,,"legacyData"
"9208d0e8-a0a7-4a17-b965-d842dab91778","WOOD_014.basePlot.vst","2014-10-06","vst_WOOD_2014","D09","WOOD","WOOD_014",,"NEON.PLA.D09.WOOD.00301",,"small shrub","Live",1.2,10,1.1,,,,0.5,0.4,,"oblate half-sphere",,,,,,,,"legacyData"
"cbaf18f6-60b8-4ff2-96a7-24e4be38e601","WOOD_014.basePlot.vst","2014-10-06","vst_WOOD_2014","D09","WOOD","WOOD_014",,"NEON.PLA.D09.WOOD.00277",,"sapling","Live",1.6,10,1.2,,,,,,,,,,,,,,,"legacyData"
"fd995ec7-eb52-474c-ac83-fe1a768a3871","WOOD_014.basePlot.vst","2014-10-06","vst_WOOD_2014","D09","WOOD","WOOD_014",,"NEON.PLA.D09.WOOD.00235",,"small shrub","Live",1.1,10,1.3,,,,0.5,0.5,,"inverted cone",,,0.30,0.40,,,,"legacyData"
"b2da7749-80b6-4aa4-a3f5-7c5f70e1f8cb","WOOD_014.basePlot.vst","2014-10-06","vst_WOOD_2014","D09","WOOD","WOOD_014",,"NEON.PLA.D09.WOOD.00240",,"sapling","Live",1.3,10,1.3,,,,,,,,,,,,,,,"legacyData"
"34ec4ab3-f535-40db-922a-9d52d23caf66","WOOD_014.basePlot.vst","2014-10-06","vst_WOOD_2014","D09","WOOD","WOOD_014",,"NEON.PLA.D09.WOOD.00293",,"sapling","Live",1.6,10,1.3,,,,,,,,,,,,,,,"legacyData"
"a9394575-71a2-48e6-8b56-c42cc285a246","WOOD_014.basePlot.vst","2014-10-06","vst_WOOD_2014","D09","WOOD","WOOD_014",,"NEON.PLA.D09.WOOD.00285",,"sapling","Live",1.1,10,1.2,,,,,,,,,,,,,,,"legacyData"
"109e7d21-1ea8-409f-84b5-dda2bc603433","WOOD_014.basePlot.vst","2014-10-06","vst_WOOD_2014","D09","WOOD","WOOD_014",,"NEON.PLA.D09.WOOD.00229",,"sapling","Live",1.1,10,1.0,,,,,,,,,,,,,,,"legacyData"
"a8d3585e-2b31-42dc-b7b4-bf0e32bacae2","WOOD_014.basePlot.vst","2014-10-06","vst_WOOD_2014","D09","WOOD","WOOD_014",,"NEON.PLA.D09.WOOD.00264",,"sapling","Live",1.1,10,1.2,,,,,,,,,,,,,,,"legacyData"
"c447027b-0df3-415c-8c70-4a806ecfa61a","WOOD_014.basePlot.vst","2014-10-06","vst_WOOD_2014","D09","WOOD","WOOD_014",,"NEON.PLA.D09.WOOD.00257",,"sapling","Live",1.2,10,1.0,,,,,,,,,,,,,,,"legacyData"
"b521cc6a-cf26-4f68-b0e3-c187a112ab7d","WOOD_014.basePlot.vst","2014-10-06","vst_WOOD_2014","D09","WOOD","WOOD_014",,"NEON.PLA.D09.WOOD.00234",,"sapling","Live",1.1,10,0.9,,,,,,,,,,,,,,,"legacyData"
"53859ca8-d34f-4017-8521-f3ba725b6999","WOOD_014.basePlot.vst","2014-10-06","vst_WOOD_2014","D09","WOOD","WOOD_014",,"NEON.PLA.D09.WOOD.00278",,"sapling","Live",1.0,10,0.9,,,,,,,,,,,,,,,"legacyData"
"a3b9fa4f-2cdc-421f-99a3-602dc396db5d","WOOD_014.basePlot.vst","2014-10-06","vst_WOOD_2014","D09","WOOD","WOOD_014",,"NEON.PLA.D09.WOOD.00282",,"sapling","Live",1.3,10,1.1,,,,,,,,,,,,,,,"legacyData"
"20ebac8d-4129-4c28-814c-a40a53a88be6","WOOD_014.basePlot.vst","2014-10-06","vst_WOOD_2014","D09","WOOD","WOOD_014",,"NEON.PLA.D09.WOOD.00291",,"sapling","Live",1.1,10,1.0,,,,,,,,,,,,,,,"legacyData"
"8a09e1d4-4844-424d-bead-a73ed14e6089","WOOD_014.basePlot.vst","2014-10-06","vst_WOOD_2014","D09","WOOD","WOOD_014",,"NEON.PLA.D09.WOOD.00289",,"sapling","Live",1.2,10,1.0,,,,,,,,,,,,,,,"legacyData"
"cc3f2e03-231b-41d5-94f9-258454462dc6","WOOD_014.basePlot.vst","2014-10-06","vst_WOOD_2014","D09","WOOD","WOOD_014",,"NEON.PLA.D09.WOOD.00263",,"sapling","Live",1.2,10,1.0,,,,,,,,,,,,,,,"legacyData"
"b2d0d646-d92c-4f8f-885a-aa80008a574f","WOOD_014.basePlot.vst","2014-10-06","vst_WOOD_2014","D09","WOOD","WOOD_014",,"NEON.PLA.D09.WOOD.00283",,"sapling","Live",1.1,10,1.1,,,,,,,,,,,,"No transcription error found.",,,"legacyData"
"d09f3cb8-0e0a-46c8-8bb9-47766665365b","WOOD_014.basePlot.vst","2014-10-06","vst_WOOD_2014","D09","WOOD","WOOD_014",,"NEON.PLA.D09.WOOD.00288",,"sapling","Live",1.6,10,1.2,,,,,,,,,,,,,,,"legacyData"
"c144868e-c162-4dfa-8aab-04e71fcf586b","WOOD_014.basePlot.vst","2014-10-06","vst_WOOD_2014","D09","WOOD","WOOD_014",,"NEON.PLA.D09.WOOD.00262",,"sapling","Live",1.3,10,1.0,,,,,,,,,,,,,,,"legacyData"
"2c461416-8abd-4509-bec8-ec5aa32c4b28","WOOD_014.basePlot.vst","2014-10-06","vst_WOOD_2014","D09","WOOD","WOOD_014",,"NEON.PLA.D09.WOOD.00246",,"sapling","Live",1.1,10,1.1,,,,,,,,,,,,,,,"legacyData"
"57ea5bc0-f9d1-42be-a28e-e265b07b5e53","WOOD_014.basePlot.vst","2014-10-06","vst_WOOD_2014","D09","WOOD","WOOD_014",,"NEON.PLA.D09.WOOD.00302",,"small shrub","Live",2.1,10,1.4,,,,1.0,0.6,,"oblate half-sphere",,,,,,,,"legacyData"
"b917b908-3ef4-4c61-9ec1-6f46627d1492","WOOD_014.basePlot.vst","2014-10-06","vst_WOOD_2014","D09","WOOD","WOOD_014",,"NEON.PLA.D09.WOOD.00232",,"sapling","Live",1.1,10,1.0,,,,,,,,,,,,,,,"legacyData"
"e1f428ed-c2ec-4dc5-b921-5e591807f2d8","WOOD_014.basePlot.vst","2014-10-06","vst_WOOD_2014","D09","WOOD","WOOD_014",,"NEON.PLA.D09.WOOD.00253",,"sapling","Live",1.0,10,1.1,,,,,,,,,,,,,,,"legacyData"
"f4a7c0ea-0c9a-4dd8-a590-7a42207d5de7","WOOD_014.basePlot.vst","2014-10-06","vst_WOOD_2014","D09","WOOD","WOOD_014",,"NEON.PLA.D09.WOOD.00303",,"sapling","Live",1.2,10,1.2,,,,,,,,,,,,,,,"legacyData"
"f98b020c-1cd6-4e0d-9e14-3b885916ad07","WOOD_014.basePlot.vst","2014-10-06","vst_WOOD_2014","D09","WOOD","WOOD_014",,"NEON.PLA.D09.WOOD.00274",,"sapling","Live",1.1,10,1.0,,,,,,,,,,,,,,,"legacyData"
"397d51ce-b750-4091-9c82-b2cdba349122","WOOD_014.basePlot.vst","2014-10-06","vst_WOOD_2014","D09","WOOD","WOOD_014",,"NEON.PLA.D09.WOOD.00247",,"sapling","Live",1.1,10,1.0,,,,,,,,,,,,,,,"legacyData"
"1cbd9b64-57aa-4958-8cc7-76c57dbe0c83","WOOD_014.basePlot.vst","2014-10-06","vst_WOOD_2014","D09","WOOD","WOOD_014",,"NEON.PLA.D09.WOOD.00244",,"sapling","Live",1.0,10,1.1,,,,,,,,,,,,,,,"legacyData"
"60164924-0663-4980-a2f8-3870764feda6","WOOD_014.basePlot.vst","2014-10-06","vst_WOOD_2014","D09","WOOD","WOOD_014",,"NEON.PLA.D09.WOOD.00224",,"sapling","Live",1.1,10,0.9,,,,,,,,,,,,,,,"legacyData"
"671c3951-e2d7-45c7-a629-557a1e87ed5f","WOOD_014.basePlot.vst","2014-10-06","vst_WOOD_2014","D09","WOOD","WOOD_014",,"NEON.PLA.D09.WOOD.00245",,"sapling","Live",1.2,10,1.1,,,,,,,,,,,,,,,"legacyData"
"1cc9524c-e73f-4b78-bfbb-72cc57cec71b","WOOD_014.basePlot.vst","2014-10-06","vst_WOOD_2014","D09","WOOD","WOOD_014",,"NEON.PLA.D09.WOOD.00227",,"sapling","Live",1.0,10,1.0,,,,,,,,,,,,,,,"legacyData"
"dfe4fc79-46c5-4548-9c8c-38b45d07cc34","WOOD_014.basePlot.vst","2014-10-06","vst_WOOD_2014","D09","WOOD","WOOD_014",,"NEON.PLA.D09.WOOD.00242",,"sapling","Live",1.1,10,1.2,,,,,,,,,,,,,,,"legacyData"
"b26b7671-66d5-4294-b05a-9e50547d9869","WOOD_014.basePlot.vst","2014-10-06","vst_WOOD_2014","D09","WOOD","WOOD_014",,"NEON.PLA.D09.WOOD.00306",,"sapling","Live",1.6,10,1.5,,,,,,,,,,,,,,,"legacyData"
"91a1a656-98fc-44f9-8fe9-19dcf9e284a6","WOOD_014.basePlot.vst","2014-10-06","vst_WOOD_2014","D09","WOOD","WOOD_014",,"NEON.PLA.D09.WOOD.00254",,"sapling","Live",1.2,10,1.0,,,,,,,,,,,,,,,"legacyData"
"e708d7ee-c3d4-4b30-bc4d-a2bb65982fa5","WOOD_014.basePlot.vst","2014-10-06","vst_WOOD_2014","D09","WOOD","WOOD_014",,"NEON.PLA.D09.WOOD.00220",,"sapling","Live",1.3,10,1.0,,,,,,,,,,,,"No transcription error found.",,,"legacyData"
"a42e4bf2-b360-4cc1-a2ed-eadc3113bf01","WOOD_014.basePlot.vst","2014-10-06","vst_WOOD_2014","D09","WOOD","WOOD_014",,"NEON.PLA.D09.WOOD.00268",,"sapling","Live",1.1,10,1.1,,,,,,,,,,,,,,,"legacyData"
"3c27c4d7-79d6-4850-a72e-ab20b73c1242","WOOD_014.basePlot.vst","2014-10-06","vst_WOOD_2014","D09","WOOD","WOOD_014",,"NEON.PLA.D09.WOOD.00304",,"sapling","Live",1.2,10,1.0,,,,,,,,,,,,,,,"legacyData"
"3f4d6dee-3c9f-431e-91fb-50010119947b","WOOD_014.basePlot.vst","2014-10-06","vst_WOOD_2014","D09","WOOD","WOOD_014",,"NEON.PLA.D09.WOOD.00233",,"sapling","Live",1.1,10,1.1,,,,,,,,,,,,,,,"legacyData"
"9b6cc110-5bdd-42f5-856a-5e599cdc874e","WOOD_014.basePlot.vst","2014-10-06","vst_WOOD_2014","D09","WOOD","WOOD_014",,"NEON.PLA.D09.WOOD.00275",,"sapling","Live",1.5,10,1.3,,,,,,,,,,,,,,,"legacyData"
"c8e66535-480c-48ff-ba68-53f51e98865d","WOOD_014.basePlot.vst","2014-10-06","vst_WOOD_2014","D09","WOOD","WOOD_014",,"NEON.PLA.D09.WOOD.00286",,"sapling","Live",1.3,10,1.3,,,,,,,,,,,,,,,"legacyData"
"f5faf433-895a-4965-ad67-7b2f5087982e","WOOD_014.basePlot.vst","2014-10-06","vst_WOOD_2014","D09","WOOD","WOOD_014",,"NEON.PLA.D09.WOOD.00236",,"sapling","Live",1.1,10,1.1,,,,,,,,,,,,"No transcription error found.",,,"legacyData"
"bfa73706-6d69-4b4c-8ae0-2c752f6d801f","WOOD_014.basePlot.vst","2014-10-06","vst_WOOD_2014","D09","WOOD","WOOD_014",,"NEON.PLA.D09.WOOD.00273",,"sapling","Live",1.3,10,1.1,,,,,,,,,,,,,,,"legacyData"
"960efd75-22e9-4b83-b63b-f0b06417fcfe","WOOD_014.basePlot.vst","2014-10-06","vst_WOOD_2014","D09","WOOD","WOOD_014",,"NEON.PLA.D09.WOOD.00241",,"sapling","Live",1.3,10,0.9,,,,,,,,,,,,,,,"legacyData"
"1bb8babc-8bba-4443-90ae-c28d26f26b99","WOOD_014.basePlot.vst","2014-10-06","vst_WOOD_2014","D09","WOOD","WOOD_014",,"NEON.PLA.D09.WOOD.00307",,"sapling","Live",1.3,10,1.0,,,,,,,,,,,,,,,"legacyData"
"c33f81e2-6963-4287-995c-727cbbfa88a9","WOOD_014.basePlot.vst","2014-10-06","vst_WOOD_2014","D09","WOOD","WOOD_014",,"NEON.PLA.D09.WOOD.00279",,"sapling","Live",1.4,10,1.1,,,,,,,,,,,,,,,"legacyData"
"19276443-3373-4f20-88d9-cdf5f40b9288","WOOD_014.basePlot.vst","2014-10-06","vst_WOOD_2014","D09","WOOD","WOOD_014",,"NEON.PLA.D09.WOOD.00292",,"sapling","Live",1.2,10,0.9,,,,,,,,,,,,,,,"legacyData"
"fda6d7c5-834d-4d20-ad8f-c99123874cb6","WOOD_019.basePlot.vst","2014-10-07","vst_WOOD_2014","D09","WOOD","WOOD_019",,"NEON.PLA.D09.WOOD.00332",,"sapling","Live",1.6,10,1.4,,,,,,,,,,,,,,,"legacyData"
"f1b0a3bc-d5df-43a3-bddd-3b4d7f6ce222","WOOD_019.basePlot.vst","2014-10-07","vst_WOOD_2014","D09","WOOD","WOOD_019",,"NEON.PLA.D09.WOOD.00320",,"sapling","Live",1.5,10,1.3,,,,,,,,,,,,,,,"legacyData"
"6f676539-963c-4ad3-8f87-d3dc115846b5","WOOD_019.basePlot.vst","2014-10-07","vst_WOOD_2014","D09","WOOD","WOOD_019",,"NEON.PLA.D09.WOOD.00329",,"sapling","Live",1.5,10,1.2,,,,,,,,,,,,,,,"legacyData"
"1cbceca8-4ed3-4901-af8b-e703d8607afd","WOOD_019.basePlot.vst","2014-10-07","vst_WOOD_2014","D09","WOOD","WOOD_019",,"NEON.PLA.D09.WOOD.00325",,"sapling","Live",1.5,10,1.8,,,,,,,,,,,,,,,"legacyData"
"7a5d52cf-4348-49f6-9f6d-5b65f04640b9","WOOD_019.basePlot.vst","2014-10-07","vst_WOOD_2014","D09","WOOD","WOOD_019",,"NEON.PLA.D09.WOOD.00330",,"sapling","Live",1.2,10,1.3,,,,,,,,,,,,,,,"legacyData"
"97b0e7ec-d720-4a65-9500-3891560ec634","WOOD_016.basePlot.vst","2014-10-07","vst_WOOD_2014","D09","WOOD","WOOD_016",,"NEON.PLA.D09.WOOD.00363",,"sapling","Live",1.0,10,0.9,,,,,,,,,,,,,,,"legacyData"
"1abf04f4-5273-466c-b56a-0ccc371afca2","WOOD_016.basePlot.vst","2014-10-07","vst_WOOD_2014","D09","WOOD","WOOD_016",,"NEON.PLA.D09.WOOD.00354",,"sapling","Live",1.4,10,1.4,,,,,,,,,,,,,,,"legacyData"
"1f76856d-0980-4ae2-95a4-d6b4d3218d3b","WOOD_016.basePlot.vst","2014-10-07","vst_WOOD_2014","D09","WOOD","WOOD_016",,"NEON.PLA.D09.WOOD.00348",,"sapling","Live",1.4,10,1.2,,,,,,,,,,,,,,,"legacyData"
"c57dbe3a-37a2-491f-915b-960b8cd8dd68","WOOD_016.basePlot.vst","2014-10-07","vst_WOOD_2014","D09","WOOD","WOOD_016",,"NEON.PLA.D09.WOOD.00370",,"sapling","Live",1.1,10,1.1,,,,,,,,,,,,,,,"legacyData"
"d3952c62-73e3-48f0-9453-4a62abc85d8e","WOOD_016.basePlot.vst","2014-10-07","vst_WOOD_2014","D09","WOOD","WOOD_016",,"NEON.PLA.D09.WOOD.00368",,"sapling","Live",1.2,10,1.0,,,,,,,,,,,,,,,"legacyData"
"d2c9b25c-2c08-4eca-845a-3ad28035f8ce","WOOD_016.basePlot.vst","2014-10-07","vst_WOOD_2014","D09","WOOD","WOOD_016",,"NEON.PLA.D09.WOOD.00364",,"sapling","Live",1.3,10,1.1,,,,,,,,,,,,,,,"legacyData"
"130046b3-3a9e-47c1-bf1b-92828a22d2cb","WOOD_016.basePlot.vst","2014-10-07","vst_WOOD_2014","D09","WOOD","WOOD_016",,"NEON.PLA.D09.WOOD.00371",,"small shrub","Live",1.1,10,1.0,,,,0.5,0.3,,"inverted cone",,,0.26,0.16,,,,"legacyData"
"5419beb4-ad5e-4db0-b072-8166a7c7b55d","WOOD_016.basePlot.vst","2014-10-07","vst_WOOD_2014","D09","WOOD","WOOD_016",,"NEON.PLA.D09.WOOD.00374",,"sapling","Live",1.3,10,1.1,,,,,,,,,,,,,,,"legacyData"
"ff6338cd-a3ff-4495-981b-41946fcfaa3a","WOOD_016.basePlot.vst","2014-10-07","vst_WOOD_2014","D09","WOOD","WOOD_016",,"NEON.PLA.D09.WOOD.00352",,"sapling","Live",1.7,10,1.5,,,,,,,,,,,,,,,"legacyData"
"3ccedc7a-a739-474e-befe-532d9247dec9","WOOD_016.basePlot.vst","2014-10-07","vst_WOOD_2014","D09","WOOD","WOOD_016",,"NEON.PLA.D09.WOOD.00355",,"sapling","Live",1.6,10,1.4,,,,,,,,,,,,,,,"legacyData"
"2698bd1c-178a-48c7-9505-192edda1f7f8","WOOD_016.basePlot.vst","2014-10-07","vst_WOOD_2014","D09","WOOD","WOOD_016",,"NEON.PLA.D09.WOOD.00358",,"sapling","Live",1.2,10,1.2,,,,,,,,,,,,,,,"legacyData"
"6cac243d-fbfd-4fd2-b2d3-fb6245d27989","WOOD_016.basePlot.vst","2014-10-07","vst_WOOD_2014","D09","WOOD","WOOD_016",,"NEON.PLA.D09.WOOD.00346",,"sapling","Live",1.8,10,1.6,,,,,,,,,,,,,,,"legacyData"
"07e2d5dc-a500-4f57-a43a-73f8d2a99f6b","WOOD_016.basePlot.vst","2014-10-07","vst_WOOD_2014","D09","WOOD","WOOD_016",,"NEON.PLA.D09.WOOD.00372",,"sapling","Live",1.7,10,1.1,,,,,,,,,,,,,,,"legacyData"
"64414412-6263-4095-a523-fb152c613f20","WOOD_016.basePlot.vst","2014-10-07","vst_WOOD_2014","D09","WOOD","WOOD_016",,"NEON.PLA.D09.WOOD.00362",,"sapling","Live",1.1,10,1.1,,,,,,,,,,,,,,,"legacyData"
"9bc07a42-e9d1-423c-a739-86209ae898d3","WOOD_016.basePlot.vst","2014-10-07","vst_WOOD_2014","D09","WOOD","WOOD_016",,"NEON.PLA.D09.WOOD.00367",,"sapling","Live",1.4,10,1.1,,,,,,,,,,,,,,,"legacyData"
"31fe4f99-e43c-4393-a21e-df8fa448dea5","WOOD_016.basePlot.vst","2014-10-07","vst_WOOD_2014","D09","WOOD","WOOD_016",,"NEON.PLA.D09.WOOD.00338",,"sapling","Live",1.3,10,1.1,,,,,,,,,,,,,,,"legacyData"
"f2657843-1bbd-4b72-b6c1-d07bc0dbaf61","WOOD_016.basePlot.vst","2014-10-07","vst_WOOD_2014","D09","WOOD","WOOD_016",,"NEON.PLA.D09.WOOD.00360",,"sapling","Live",1.2,10,1.0,,,,,,,,,,,,,,,"legacyData"
"1cc4d3fa-7062-45a6-8ab9-1017b2e1a5e2","WOOD_016.basePlot.vst","2014-10-07","vst_WOOD_2014","D09","WOOD","WOOD_016",,"NEON.PLA.D09.WOOD.00343",,"sapling","Live",1.6,10,1.4,,,,,,,,,,,,,,,"legacyData"
"7785a5c4-2c4b-4b72-bf17-63233bf0f581","WOOD_016.basePlot.vst","2014-10-07","vst_WOOD_2014","D09","WOOD","WOOD_016",,"NEON.PLA.D09.WOOD.00344",,"sapling","Live",1.5,10,1.5,,,,,,,,,,,,,,,"legacyData"
"d318815a-468a-4df3-9795-56830b486c0b","WOOD_016.basePlot.vst","2014-10-07","vst_WOOD_2014","D09","WOOD","WOOD_016",,"NEON.PLA.D09.WOOD.00349",,"sapling","Live",1.0,10,1.1,,,,,,,,,,,,,,,"legacyData"
"e935980f-2420-40e9-99d2-1d8ab50166a1","WOOD_016.basePlot.vst","2014-10-07","vst_WOOD_2014","D09","WOOD","WOOD_016",,"NEON.PLA.D09.WOOD.00359",,"sapling","Live",1.2,10,1.0,,,,,,,,,,,,,,,"legacyData"
"fde97ee2-6862-4ea9-8eca-a07795d5a814","WOOD_016.basePlot.vst","2014-10-07","vst_WOOD_2014","D09","WOOD","WOOD_016",,"NEON.PLA.D09.WOOD.00356",,"sapling","Live",1.1,10,1.2,,,,,,,,,,,,,,,"legacyData"
"35289cec-841d-4d07-90b4-359d6ff0489c","WOOD_016.basePlot.vst","2014-10-07","vst_WOOD_2014","D09","WOOD","WOOD_016",,"NEON.PLA.D09.WOOD.00342",,"sapling","Live",1.2,10,1.3,,,,,,,,,,,,,,,"legacyData"
"07726145-fc87-4b30-868a-16c8cf640954","WOOD_019.basePlot.vst","2014-10-07","vst_WOOD_2014","D09","WOOD","WOOD_019",,"NEON.PLA.D09.WOOD.00335",,"sapling","Live",2.2,10,1.9,,,,,,,,,,,,,,,"legacyData"
"30718255-35b5-4aed-9103-63d776dfd3b3","WOOD_019.basePlot.vst","2014-10-07","vst_WOOD_2014","D09","WOOD","WOOD_019",,"NEON.PLA.D09.WOOD.00334",,"sapling","Live",1.6,10,1.5,,,,,,,,,,,,,,,"legacyData"
"49ec082a-b51d-478d-b133-e4a10b606c4e","WOOD_019.basePlot.vst","2014-10-07","vst_WOOD_2014","D09","WOOD","WOOD_019",,"NEON.PLA.D09.WOOD.00311",,"sapling","Live",1.1,10,1.1,,,,,,,,,,,,,,,"legacyData"
"a83860bf-9382-4a3e-bea3-024ec359b3f4","WOOD_019.basePlot.vst","2014-10-07","vst_WOOD_2014","D09","WOOD","WOOD_019",,"NEON.PLA.D09.WOOD.00316",,"sapling","Live",1.3,10,1.3,,,,,,,,,,,,,,,"legacyData"
"dabbc3bb-ec4d-4dbf-ae58-06cb884d4d09","WOOD_019.basePlot.vst","2014-10-07","vst_WOOD_2014","D09","WOOD","WOOD_019",,"NEON.PLA.D09.WOOD.00313",,"sapling","Live",1.3,10,1.1,,,,,,,,,,,,,,,"legacyData"
"56da3a91-ff68-4f63-858b-08a4f90ade2c","WOOD_019.basePlot.vst","2014-10-07","vst_WOOD_2014","D09","WOOD","WOOD_019",,"NEON.PLA.D09.WOOD.00328",,"sapling","Live",1.2,10,0.9,,,,,,,,,,,,,,,"legacyData"
"62ee913a-7361-4c71-b093-57cde90dccee","WOOD_019.basePlot.vst","2014-10-07","vst_WOOD_2014","D09","WOOD","WOOD_019",,"NEON.PLA.D09.WOOD.00318",,"sapling","Live",2.1,10,1.6,,,,,,,,,,,,,,,"legacyData"
"7e1bb8b5-5d61-4caa-8fc2-8840d5f1180c","WOOD_019.basePlot.vst","2014-10-07","vst_WOOD_2014","D09","WOOD","WOOD_019",,"NEON.PLA.D09.WOOD.00337",,"sapling","Live",2.2,10,1.5,,,,,,,,,,,,,,,"legacyData"
"9ac09bc1-51f3-4e93-80fa-386efed19fc3","WOOD_019.basePlot.vst","2014-10-07","vst_WOOD_2014","D09","WOOD","WOOD_019",,"NEON.PLA.D09.WOOD.00308",,"sapling","Live",1.1,10,1.1,,,,,,,,,,,,,,,"legacyData"
"cab392f0-20e4-4ccd-976d-e736bf777e53","WOOD_019.basePlot.vst","2014-10-07","vst_WOOD_2014","D09","WOOD","WOOD_019",,"NEON.PLA.D09.WOOD.00331",,"sapling","Live",1.4,10,1.1,,,,,,,,,,,,,,,"legacyData"
"34f359f8-d1f6-41d3-9ce7-4ef70edc2ef8","WOOD_019.basePlot.vst","2014-10-07","vst_WOOD_2014","D09","WOOD","WOOD_019",,"NEON.PLA.D09.WOOD.00317",,"sapling","Live",1.2,10,1.0,,,,,,,,,,,,"No transcription errors found",,,"legacyData"
"f0f723a4-a242-4bb2-8389-3aafbcd1e8db","WOOD_019.basePlot.vst","2014-10-07","vst_WOOD_2014","D09","WOOD","WOOD_019",,"NEON.PLA.D09.WOOD.00314",,"sapling","Live",1.4,10,1.2,,,,,,,,,,,,,,,"legacyData"
"eeb85e97-7831-43bf-a134-af69a0d035b6","WOOD_019.basePlot.vst","2014-10-07","vst_WOOD_2014","D09","WOOD","WOOD_019",,"NEON.PLA.D09.WOOD.00321",,"sapling","Live",1.4,10,1.5,,,,,,,,,,,,,,,"legacyData"
"a275c2ed-a1e7-4355-b0d9-967e02909850","WOOD_019.basePlot.vst","2014-10-07","vst_WOOD_2014","D09","WOOD","WOOD_019",,"NEON.PLA.D09.WOOD.00310",,"sapling","Live",1.6,10,1.3,,,,,,,,,,,,,,,"legacyData"
"356cbc2c-b668-49e9-b7c8-cd38914414e3","WOOD_019.basePlot.vst","2014-10-07","vst_WOOD_2014","D09","WOOD","WOOD_019",,"NEON.PLA.D09.WOOD.00324",,"sapling","Live",1.6,10,1.4,,,,,,,,,,,,,,,"legacyData"
"504d69d4-9d4c-45c8-ad21-da2ba928ec6a","WOOD_019.basePlot.vst","2014-10-07","vst_WOOD_2014","D09","WOOD","WOOD_019",,"NEON.PLA.D09.WOOD.00327",,"sapling","Live",2.1,10,1.4,,,,,,,,,,,,"No transcription errors found",,,"legacyData"
"d3406338-8336-43ae-8665-d7bcf813fddb","WOOD_019.basePlot.vst","2014-10-07","vst_WOOD_2014","D09","WOOD","WOOD_019",,"NEON.PLA.D09.WOOD.00323",,"sapling","Live",1.7,10,1.5,,,,,,,,,,,,,,,"legacyData"
"db689838-eaa5-48bc-95f7-a9cc65d144fa","WOOD_019.basePlot.vst","2014-10-07","vst_WOOD_2014","D09","WOOD","WOOD_019",,"NEON.PLA.D09.WOOD.00319",,"sapling","Live",1.5,10,1.3,,,,,,,,,,,,,,,"legacyData"
"576fd188-f3f2-43f7-b977-6cfee470715c","WOOD_019.basePlot.vst","2014-10-07","vst_WOOD_2014","D09","WOOD","WOOD_019",,"NEON.PLA.D09.WOOD.00333",,"small shrub","Live",1.1,10,0.9,,,,0.5,0.4,,"cylinder",,,,,,,,"legacyData"
"dcc4692d-ff67-4908-980b-9b20ccb6680d","WOOD_016.basePlot.vst","2014-10-07","vst_WOOD_2014","D09","WOOD","WOOD_016",,"NEON.PLA.D09.WOOD.00369",,"sapling","Live",1.9,10,1.5,,,,,,,,,,,,,,,"legacyData"
"c3648689-5b0c-4d71-ac99-0705a1b4fffd","WOOD_016.basePlot.vst","2014-10-07","vst_WOOD_2014","D09","WOOD","WOOD_016",,"NEON.PLA.D09.WOOD.00341",,"sapling","Live",1.2,10,1.1,,,,,,,,,,,,,,,"legacyData"
"18f65200-8b26-4e16-a482-8b753b04b777","WOOD_016.basePlot.vst","2014-10-07","vst_WOOD_2014","D09","WOOD","WOOD_016",,"NEON.PLA.D09.WOOD.00345",,"sapling","Live",1.3,10,1.2,,,,,,,,,,,,,,,"legacyData"
"426e2678-863f-44f3-899a-f4d5d8e506bf","WOOD_016.basePlot.vst","2014-10-07","vst_WOOD_2014","D09","WOOD","WOOD_016",,"NEON.PLA.D09.WOOD.00365",,"sapling","Live",1.2,10,1.2,,,,,,,,,,,,,,,"legacyData"
"61eb7d76-5567-4168-aae9-c2a44aebad98","WOOD_016.basePlot.vst","2014-10-07","vst_WOOD_2014","D09","WOOD","WOOD_016",,"NEON.PLA.D09.WOOD.00361",,"sapling","Live",1.0,10,1.1,,,,,,,,,,,,,,,"legacyData"
"82657637-87b5-4f27-aef9-8c1c74ea1117","WOOD_016.basePlot.vst","2014-10-07","vst_WOOD_2014","D09","WOOD","WOOD_016",,"NEON.PLA.D09.WOOD.00373",,"sapling","Live",1.5,10,0.9,,,,,,,,,,,,,,,"legacyData"
"26799ee5-aa89-4676-8376-0f91f6c0587e","WOOD_016.basePlot.vst","2014-10-07","vst_WOOD_2014","D09","WOOD","WOOD_016",,"NEON.PLA.D09.WOOD.00351",,"sapling","Live",1.6,10,1.4,,,,,,,,,,,,,,,"legacyData"
"6a295175-2118-42c5-a578-a9fb981a2bcf","WOOD_016.basePlot.vst","2014-10-07","vst_WOOD_2014","D09","WOOD","WOOD_016",,"NEON.PLA.D09.WOOD.00366",,"sapling","Live",1.9,10,1.5,,,,,,,,,,,,,,,"legacyData"
"8b56d953-c483-44f9-abb6-4dbe934e9dda","WOOD_016.basePlot.vst","2014-10-07","vst_WOOD_2014","D09","WOOD","WOOD_016",,"NEON.PLA.D09.WOOD.00350",,"sapling","Live",1.1,10,1.2,,,,,,,,,,,,,,,"legacyData"
"d2517d16-1747-480c-a5b7-83ba73d6fa69","WOOD_016.basePlot.vst","2014-10-07","vst_WOOD_2014","D09","WOOD","WOOD_016",,"NEON.PLA.D09.WOOD.00353",,"sapling","Live",1.6,10,1.3,,,,,,,,,,,,,,,"legacyData"
"aa5aa0b9-032c-4f8a-903c-ea089c78cb50","WOOD_016.basePlot.vst","2014-10-07","vst_WOOD_2014","D09","WOOD","WOOD_016",,"NEON.PLA.D09.WOOD.00340",,"sapling","Live",1.2,10,1.2,,,,0.4,0.4,,"inverted cone",,,0.26,0.25,,,,"legacyData"
"118a1e2d-5a71-4902-b043-7f37ad148c12","WOOD_016.basePlot.vst","2014-10-07","vst_WOOD_2014","D09","WOOD","WOOD_016",,"NEON.PLA.D09.WOOD.00375",,"sapling","Live",1.1,10,0.9,,,,,,,,,,,,,,,"legacyData"
"4f52826a-eb2e-4fec-8fb4-2e1236f171f9","WOOD_016.basePlot.vst","2014-10-07","vst_WOOD_2014","D09","WOOD","WOOD_016",,"NEON.PLA.D09.WOOD.00339",,"sapling","Live",1.1,10,1.1,,,,,,,,,,,,,,,"legacyData"
"ea3d906f-bfb1-4f31-a897-2de6e55698d3","WOOD_016.basePlot.vst","2014-10-07","vst_WOOD_2014","D09","WOOD","WOOD_016",,"NEON.PLA.D09.WOOD.00357",,"sapling","Live",1.2,10,1.1,,,,,,,,,,,,,,,"legacyData"
"2d8b5f9f-6b7e-4adb-ab63-48a2bbd2565e","WOOD_016.basePlot.vst","2014-10-07","vst_WOOD_2014","D09","WOOD","WOOD_016",,"NEON.PLA.D09.WOOD.00347",,"sapling","Live",1.2,10,1.2,,,,,,,,,,,,,,,"legacyData"
"9e4b9f92-b9ab-4d96-9701-c7824c80a171","WOOD_019.basePlot.vst","2014-10-07","vst_WOOD_2014","D09","WOOD","WOOD_019",,"NEON.PLA.D09.WOOD.00336",,"sapling","Live",2.0,10,1.5,,,,,,,,,,,,,,,"legacyData"
"07467664-4f3c-475f-97e1-c424a046c65c","WOOD_019.basePlot.vst","2014-10-07","vst_WOOD_2014","D09","WOOD","WOOD_019",,"NEON.PLA.D09.WOOD.00309",,"sapling","Live",1.2,10,0.9,,,,,,,,,,,,,,,"legacyData"
"a2ade786-00b0-4c2a-bcf8-dbc46b11b93a","WOOD_019.basePlot.vst","2014-10-07","vst_WOOD_2014","D09","WOOD","WOOD_019",,"NEON.PLA.D09.WOOD.00322",,"sapling","Live",1.5,10,1.1,,,,,,,,,,,,,,,"legacyData"
"d9b2a9dc-7019-46dc-974c-962307cb6a6c","WOOD_019.basePlot.vst","2014-10-07","vst_WOOD_2014","D09","WOOD","WOOD_019",,"NEON.PLA.D09.WOOD.00326",,"sapling","Live",2.3,10,1.3,,,,,,,,,,,,,,,"legacyData"
"69d27c04-8438-4f65-b390-28d92e65c39c","WOOD_019.basePlot.vst","2014-10-07","vst_WOOD_2014","D09","WOOD","WOOD_019",,"NEON.PLA.D09.WOOD.00312",,"sapling","Live",1.4,10,1.3,,,,,,,,,,,,,,,"legacyData"
"09c9bec3-142c-4069-8106-b2161e73eeef","WOOD_019.basePlot.vst","2014-10-07","vst_WOOD_2014","D09","WOOD","WOOD_019",,"NEON.PLA.D09.WOOD.00315",,"sapling","Live",1.3,10,1.1,,,,,,,,,,,,,,,"legacyData"
"df899e88-07b1-4be0-8338-f867c6674dc5","WOOD_008.basePlot.vst","2014-10-08","vst_WOOD_2014","D09","WOOD","WOOD_008",,"NEON.PLA.D09.WOOD.00415",,"small shrub","Live",1.1,10,1.1,,,,0.4,0.3,,"cylinder",,,,,,,,"legacyData"
"efe0c7ec-6698-42e3-8658-437af1b21889","WOOD_008.basePlot.vst","2014-10-08","vst_WOOD_2014","D09","WOOD","WOOD_008",,"NEON.PLA.D09.WOOD.00447",,"sapling","Live",1.1,10,1.0,,,,,,,,,,,,,,,"legacyData"
"25948f0d-6be6-46ab-9b3d-43058301c5db","WOOD_008.basePlot.vst","2014-10-08","vst_WOOD_2014","D09","WOOD","WOOD_008",,"NEON.PLA.D09.WOOD.00446",,"sapling","Live",1.7,10,1.2,,,,,,,,,,,,,,,"legacyData"
"b917c5b0-2cca-4399-997d-fe020c90b04a","WOOD_008.basePlot.vst","2014-10-08","vst_WOOD_2014","D09","WOOD","WOOD_008",,"NEON.PLA.D09.WOOD.00414",,"sapling","Live",1.9,10,1.5,,,,,,,,,,,,,,,"legacyData"
"a124f5af-7ae3-4d66-a56a-055f10e60a9b","WOOD_008.basePlot.vst","2014-10-08","vst_WOOD_2014","D09","WOOD","WOOD_008",,"NEON.PLA.D09.WOOD.00381",,"sapling","Live",1.1,10,0.8,,,,,,,,,,,,,,,"legacyData"
"382aa8ba-0c33-41d8-9488-8a92ad114933","WOOD_008.basePlot.vst","2014-10-08","vst_WOOD_2014","D09","WOOD","WOOD_008",,"NEON.PLA.D09.WOOD.00392",,"small shrub","Live",1.9,10,1.3,,,,0.9,0.5,,"oblate half-sphere",,,,,,,,"legacyData"
"9851dc40-b144-4397-a89f-709b0a790b78","WOOD_008.basePlot.vst","2014-10-08","vst_WOOD_2014","D09","WOOD","WOOD_008",,"NEON.PLA.D09.WOOD.00445",,"sapling","Live",1.5,10,1.2,,,,,,,,,,,,,,,"legacyData"
"8ba42484-e82a-4932-8890-9cc2613056ca","WOOD_008.basePlot.vst","2014-10-08","vst_WOOD_2014","D09","WOOD","WOOD_008",,"NEON.PLA.D09.WOOD.00425",,"sapling","Live",1.7,10,1.4,,,,,,,,,,,,,,,"legacyData"
"182130d9-86e7-40c5-8e62-b701237cb83c","WOOD_008.basePlot.vst","2014-10-08","vst_WOOD_2014","D09","WOOD","WOOD_008",,"NEON.PLA.D09.WOOD.00383",,"sapling","Live",1.1,10,1.2,,,,,,,,,,,,,,,"legacyData"
"f5cf5f7b-1462-463c-be6a-1944cee71f62","WOOD_008.basePlot.vst","2014-10-08","vst_WOOD_2014","D09","WOOD","WOOD_008",,"NEON.PLA.D09.WOOD.00421",,"small shrub","Live",1.4,10,1.3,,,,0.8,0.5,,"oblate half-sphere",,,,,,,,"legacyData"
"878fe251-175d-473c-a2da-9623b6f0520f","WOOD_008.basePlot.vst","2014-10-08","vst_WOOD_2014","D09","WOOD","WOOD_008",,"NEON.PLA.D09.WOOD.00377",,"sapling","Live",1.5,10,1.1,,,,,,,,,,,,,,,"legacyData"
"000d05f1-afcd-43aa-b9f5-8e8e0fcbe448","WOOD_008.basePlot.vst","2014-10-08","vst_WOOD_2014","D09","WOOD","WOOD_008",,"NEON.PLA.D09.WOOD.00427",,"sapling","Live",1.1,10,0.9,,,,,,,,,,,,,,,"legacyData"
"0a9ff0ae-0496-4dbc-be3e-5670248949f0","WOOD_008.basePlot.vst","2014-10-08","vst_WOOD_2014","D09","WOOD","WOOD_008",,"NEON.PLA.D09.WOOD.00423",,"sapling","Live",1.7,10,1.4,,,,,,,,,,,,,,,"legacyData"
"9828e15c-e0a7-4f6b-a234-80388e919f1f","WOOD_008.basePlot.vst","2014-10-08","vst_WOOD_2014","D09","WOOD","WOOD_008",,"NEON.PLA.D09.WOOD.00405",,"sapling","Live",1.5,10,1.4,,,,,,,,,,,,,,,"legacyData"
"2891f609-70a3-41a8-b62c-4564cf801317","WOOD_008.basePlot.vst","2014-10-08","vst_WOOD_2014","D09","WOOD","WOOD_008",,"NEON.PLA.D09.WOOD.00401",,"sapling","Live",1.1,10,1.0,,,,,,,,,,,,,,,"legacyData"
"6223892f-9cb1-407c-82c2-e609b8ce8b06","WOOD_008.basePlot.vst","2014-10-08","vst_WOOD_2014","D09","WOOD","WOOD_008",,"NEON.PLA.D09.WOOD.00431",,"sapling","Live",1.1,10,0.8,,,,,,,,,,,,,,,"legacyData"
"dac9a637-c638-4609-825a-762cf76d3a21","WOOD_008.basePlot.vst","2014-10-08","vst_WOOD_2014","D09","WOOD","WOOD_008",,"NEON.PLA.D09.WOOD.00407",,"sapling","Live",1.3,10,1.4,,,,,,,,,,,,,,,"legacyData"
"771af676-0d75-44ed-ba33-e89948b04e41","WOOD_008.basePlot.vst","2014-10-08","vst_WOOD_2014","D09","WOOD","WOOD_008",,"NEON.PLA.D09.WOOD.00439",,"small shrub","Live",1.1,10,1.3,,,,0.7,0.4,,"oblate half-sphere",,,,,,,,"legacyData"
"6b15ce8f-685a-4604-bcb9-52b95a45b4d9","WOOD_008.basePlot.vst","2014-10-08","vst_WOOD_2014","D09","WOOD","WOOD_008",,"NEON.PLA.D09.WOOD.00389",,"small shrub","Live",1.2,10,1.1,,,,0.6,0.5,,"inverted cone",,,0.68,0.51,,,,"legacyData"
"08685add-0805-45ca-8c72-c58e88375ca5","WOOD_008.basePlot.vst","2014-10-08","vst_WOOD_2014","D09","WOOD","WOOD_008",,"NEON.PLA.D09.WOOD.00417",,"sapling","Live",1.8,10,1.4,,,,,,,,,,,,,,,"legacyData"
"b69262ab-2679-4caa-beb9-74a1520b520a","WOOD_008.basePlot.vst","2014-10-08","vst_WOOD_2014","D09","WOOD","WOOD_008",,"NEON.PLA.D09.WOOD.00395",,"sapling","Live",1.8,10,1.4,,,,,,,,,,,,,,,"legacyData"
"dd2add0e-8515-4ece-8596-efac1678668c","WOOD_008.basePlot.vst","2014-10-08","vst_WOOD_2014","D09","WOOD","WOOD_008",,"NEON.PLA.D09.WOOD.00387",,"sapling","Live",1.6,10,1.3,,,,,,,,,,,,,,,"legacyData"
"062f9a89-9981-4a17-8b2e-f12958f86587","WOOD_008.basePlot.vst","2014-10-08","vst_WOOD_2014","D09","WOOD","WOOD_008",,"NEON.PLA.D09.WOOD.00435",,"small shrub","Live",1.9,10,1.4,,,,0.8,0.8,,"oblate half-sphere",,,,,,,,"legacyData"
"c922ba2d-f8f7-4966-b8ae-d492d1de790b","WOOD_008.basePlot.vst","2014-10-08","vst_WOOD_2014","D09","WOOD","WOOD_008",,"NEON.PLA.D09.WOOD.00449",,"sapling","Live",1.7,10,1.3,,,,,,,,,,,,,,,"legacyData"
"9e9562ea-aae1-4581-a811-b80e5d8bc181","WOOD_008.basePlot.vst","2014-10-08","vst_WOOD_2014","D09","WOOD","WOOD_008",,"NEON.PLA.D09.WOOD.00424",,"sapling","Live",2.1,10,1.7,,,,,,,,,,,,,,,"legacyData"
"7caa1585-9515-436e-8d8b-4b1a78318d91","WOOD_008.basePlot.vst","2014-10-08","vst_WOOD_2014","D09","WOOD","WOOD_008",,"NEON.PLA.D09.WOOD.00400",,"sapling","Live",1.0,10,1.1,,,,,,,,,,,,,,,"legacyData"
"5f717b1e-d25e-42f6-a535-c3d32d5f6401","WOOD_008.basePlot.vst","2014-10-08","vst_WOOD_2014","D09","WOOD","WOOD_008",,"NEON.PLA.D09.WOOD.00390",,"sapling","Live",1.0,10,1.0,,,,,,,,,,,,,,,"legacyData"
"c38a9108-d455-4c4d-8cac-35f0185f981b","WOOD_008.basePlot.vst","2014-10-08","vst_WOOD_2014","D09","WOOD","WOOD_008",,"NEON.PLA.D09.WOOD.00433",,"sapling","Live",1.5,10,1.1,,,,,,,,,,,,,,,"legacyData"
"5f2f1e12-1408-4e8b-934f-5ee0be26b8f4","WOOD_008.basePlot.vst","2014-10-08","vst_WOOD_2014","D09","WOOD","WOOD_008",,"NEON.PLA.D09.WOOD.00406",,"sapling","Live",2.0,10,1.5,,,,,,,,,,,,,,,"legacyData"
"4a0e88f9-0b78-4cb3-a5ed-b9d372f067dd","WOOD_008.basePlot.vst","2014-10-08","vst_WOOD_2014","D09","WOOD","WOOD_008",,"NEON.PLA.D09.WOOD.00434",,"sapling","Live",1.5,10,1.4,,,,,,,,,,,,,,,"legacyData"
"317715bc-43d0-48d2-ac29-d7916b3a4e52","WOOD_008.basePlot.vst","2014-10-08","vst_WOOD_2014","D09","WOOD","WOOD_008",,"NEON.PLA.D09.WOOD.00403",,"sapling","Live",1.1,10,1.0,,,,,,,,,,,,,,,"legacyData"
"56ae17f1-cced-4e7f-8daf-9f199c39f38f","WOOD_008.basePlot.vst","2014-10-08","vst_WOOD_2014","D09","WOOD","WOOD_008",,"NEON.PLA.D09.WOOD.00378",,"small shrub","Live",1.3,10,1.2,,,,0.4,0.3,,"cylinder",,,,,,,,"legacyData"
"75d0c882-62b1-4088-8e21-81817abe0959","WOOD_008.basePlot.vst","2014-10-08","vst_WOOD_2014","D09","WOOD","WOOD_008",,"NEON.PLA.D09.WOOD.00411",,"sapling","Live",1.2,10,1.1,,,,,,,,,,,,,,,"legacyData"
"33b05912-845b-4bcc-bd83-5a3e79bbc93d","WOOD_008.basePlot.vst","2014-10-08","vst_WOOD_2014","D09","WOOD","WOOD_008",,"NEON.PLA.D09.WOOD.00441",,"sapling","Live",1.8,10,1.7,,,,,,,,,,,,,,,"legacyData"
"5e9e6f9e-77d2-4420-b892-777519bf8bce","WOOD_008.basePlot.vst","2014-10-08","vst_WOOD_2014","D09","WOOD","WOOD_008",,"NEON.PLA.D09.WOOD.00376",,"sapling","Live",1.5,10,1.1,,,,,,,,,,,,,,,"legacyData"
"9c383c30-07cc-4097-aec7-c58d5f1f46da","WOOD_008.basePlot.vst","2014-10-08","vst_WOOD_2014","D09","WOOD","WOOD_008",,"NEON.PLA.D09.WOOD.00419",,"sapling","Live",1.8,10,1.2,,,,,,,,,,,,,,,"legacyData"
"1bdb5282-dd43-42ce-a126-8ccd36c714f1","WOOD_008.basePlot.vst","2014-10-08","vst_WOOD_2014","D09","WOOD","WOOD_008",,"NEON.PLA.D09.WOOD.00410",,"sapling","Live",1.2,10,1.0,,,,,,,,,,,,,,,"legacyData"
"c55d70e9-d7bd-4e9a-91d1-cb86b9e59c40","WOOD_008.basePlot.vst","2014-10-08","vst_WOOD_2014","D09","WOOD","WOOD_008",,"NEON.PLA.D09.WOOD.00453",,"sapling","Live",1.5,10,1.2,,,,,,,,,,,,,,,"legacyData"
"d7b7a780-e94b-430c-8391-4c83437d86e2","WOOD_008.basePlot.vst","2014-10-08","vst_WOOD_2014","D09","WOOD","WOOD_008",,"NEON.PLA.D09.WOOD.00428",,"sapling","Live",1.3,10,1.1,,,,,,,,,,,,,,,"legacyData"
"8dbafedf-8f89-4afe-b326-9090464c378d","WOOD_008.basePlot.vst","2014-10-08","vst_WOOD_2014","D09","WOOD","WOOD_008",,"NEON.PLA.D09.WOOD.00422",,"sapling","Live",1.0,10,0.9,,,,,,,,,,,,,,,"legacyData"
"d33986da-c30f-4d5f-a9c6-bfd9268e05e2","WOOD_008.basePlot.vst","2014-10-08","vst_WOOD_2014","D09","WOOD","WOOD_008",,"NEON.PLA.D09.WOOD.00442",,"sapling","Live",1.0,10,0.8,,,,,,,,,,,,,,,"legacyData"
"6948a327-6be5-40d3-98fd-6bea26a10fdf","WOOD_008.basePlot.vst","2014-10-08","vst_WOOD_2014","D09","WOOD","WOOD_008",,"NEON.PLA.D09.WOOD.00399",,"sapling","Live",1.6,10,1.4,,,,,,,,,,,,,,,"legacyData"
"8dbdb2c1-6acb-437c-b5aa-714f05f43b4e","WOOD_008.basePlot.vst","2014-10-08","vst_WOOD_2014","D09","WOOD","WOOD_008",,"NEON.PLA.D09.WOOD.00393",,"sapling","Live",1.7,10,1.4,,,,,,,,,,,,,,,"legacyData"
"0cb32142-af96-4ada-a149-2b3dd809f6bc","WOOD_008.basePlot.vst","2014-10-08","vst_WOOD_2014","D09","WOOD","WOOD_008",,"NEON.PLA.D09.WOOD.00391",,"sapling","Live",1.8,10,1.3,,,,,,,,,,,,,,,"legacyData"
"26ef88c8-4c9f-4ca0-abaa-fb6e9d80c6a8","WOOD_008.basePlot.vst","2014-10-08","vst_WOOD_2014","D09","WOOD","WOOD_008",,"NEON.PLA.D09.WOOD.00379",,"sapling","Live",1.4,10,1.4,,,,,,,,,,,,,,,"legacyData"
"6b39f600-67e0-42c1-a681-38c949670765","WOOD_008.basePlot.vst","2014-10-08","vst_WOOD_2014","D09","WOOD","WOOD_008",,"NEON.PLA.D09.WOOD.00443",,"sapling","Live",1.6,10,1.2,,,,,,,,,,,,,,,"legacyData"
"18ed5002-f413-461b-9156-c862f0affd06","WOOD_008.basePlot.vst","2014-10-08","vst_WOOD_2014","D09","WOOD","WOOD_008",,"NEON.PLA.D09.WOOD.00384",,"sapling","Live",1.2,10,0.9,,,,,,,,,,,,,,,"legacyData"
"979be577-95a4-4d8c-947b-5cf906e55ea0","WOOD_008.basePlot.vst","2014-10-08","vst_WOOD_2014","D09","WOOD","WOOD_008",,"NEON.PLA.D09.WOOD.00416",,"sapling","Live",1.3,10,1.0,,,,,,,,,,,,,,,"legacyData"
"3a9a642c-a6fe-473f-b300-d01d130949a9","WOOD_008.basePlot.vst","2014-10-08","vst_WOOD_2014","D09","WOOD","WOOD_008",,"NEON.PLA.D09.WOOD.00404",,"small shrub","Live",1.8,10,1.1,,,,0.8,0.4,,"inverted cone",,,0.41,0.29,,,,"legacyData"
"80e5fc64-4182-4f59-8af5-5652ff766490","WOOD_008.basePlot.vst","2014-10-08","vst_WOOD_2014","D09","WOOD","WOOD_008",,"NEON.PLA.D09.WOOD.00430",,"sapling","Live",1.2,10,1.4,,,,,,,,,,,,,,,"legacyData"
"5846980b-8d64-434f-9ff8-c0c3bef69686","WOOD_008.basePlot.vst","2014-10-08","vst_WOOD_2014","D09","WOOD","WOOD_008",,"NEON.PLA.D09.WOOD.00385",,"sapling","Live",1.4,10,1.2,,,,,,,,,,,,,,,"legacyData"
"31c09adb-c6f6-4606-ba8d-cb6fb8a9217a","WOOD_008.basePlot.vst","2014-10-08","vst_WOOD_2014","D09","WOOD","WOOD_008",,"NEON.PLA.D09.WOOD.00440",,"sapling","Live",1.2,10,1.0,,,,,,,,,,,,,,,"legacyData"
"8f3db3d1-6192-4748-be65-b778ac740574","WOOD_008.basePlot.vst","2014-10-08","vst_WOOD_2014","D09","WOOD","WOOD_008",,"NEON.PLA.D09.WOOD.00396",,"sapling","Live",1.3,10,1.1,,,,,,,,,,,,,,,"legacyData"
"1b4cdcdb-27f0-48e9-9e1b-378585b0e5ed","WOOD_008.basePlot.vst","2014-10-08","vst_WOOD_2014","D09","WOOD","WOOD_008",,"NEON.PLA.D09.WOOD.00412",,"sapling","Live",1.9,10,1.3,,,,,,,,,,,,,,,"legacyData"
"d91678d4-6c3a-4244-a694-da570dcdf38d","WOOD_008.basePlot.vst","2014-10-08","vst_WOOD_2014","D09","WOOD","WOOD_008",,"NEON.PLA.D09.WOOD.00448",,"sapling","Live",1.3,10,1.0,,,,,,,,,,,,,,,"legacyData"
"d14336b4-3012-404a-9b80-7086f8239a76","WOOD_008.basePlot.vst","2014-10-08","vst_WOOD_2014","D09","WOOD","WOOD_008",,"NEON.PLA.D09.WOOD.00432",,"sapling","Live",1.5,10,1.2,,,,,,,,,,,,,,,"legacyData"
"f27fdf0d-aa57-4e46-aac3-fe58d58fba9e","WOOD_008.basePlot.vst","2014-10-08","vst_WOOD_2014","D09","WOOD","WOOD_008",,"NEON.PLA.D09.WOOD.00444",,"sapling","Live",4.3,10,1.1,,,,,,,,,,,,,,,"legacyData"
"f992c608-26be-43ba-b99a-d8b8d8e5655d","WOOD_008.basePlot.vst","2014-10-08","vst_WOOD_2014","D09","WOOD","WOOD_008",,"NEON.PLA.D09.WOOD.00455",,"sapling","Live",1.2,10,1.2,,,,,,,,,,,,,,,"legacyData"
"1ae1918f-e356-4f22-8490-4e59541ccf2c","WOOD_008.basePlot.vst","2014-10-08","vst_WOOD_2014","D09","WOOD","WOOD_008",,"NEON.PLA.D09.WOOD.00409",,"sapling","Live",1.4,10,1.0,,,,,,,,,,,,,,,"legacyData"
"a34d95ba-605e-49d3-b58d-2af6d0cf25dc","WOOD_008.basePlot.vst","2014-10-08","vst_WOOD_2014","D09","WOOD","WOOD_008",,"NEON.PLA.D09.WOOD.00382",,"small shrub","Live",1.1,10,1.4,,,,0.9,0.5,,"half-sphere",,,,,,,,"legacyData"
"9db6995a-aa59-4a16-8f44-82e596988336","WOOD_008.basePlot.vst","2014-10-08","vst_WOOD_2014","D09","WOOD","WOOD_008",,"NEON.PLA.D09.WOOD.00451",,"sapling","Live",1.2,10,1.2,,,,,,,,,,,,,,,"legacyData"
"c4285975-1db9-453d-81fe-92eb5bb0a291","WOOD_008.basePlot.vst","2014-10-08","vst_WOOD_2014","D09","WOOD","WOOD_008",,"NEON.PLA.D09.WOOD.00380",,"sapling","Live",1.5,10,1.3,,,,,,,,,,,,,,,"legacyData"
"5c794f4b-2dc0-48d5-b9c4-6cd587f537e9","WOOD_008.basePlot.vst","2014-10-08","vst_WOOD_2014","D09","WOOD","WOOD_008",,"NEON.PLA.D09.WOOD.00452",,"sapling","Live",1.2,10,1.3,,,,,,,,,,,,,,,"legacyData"
"a2f0d3bf-e6c9-42d7-8cf2-695328885189","WOOD_008.basePlot.vst","2014-10-08","vst_WOOD_2014","D09","WOOD","WOOD_008",,"NEON.PLA.D09.WOOD.00418",,"small shrub","Live",2.0,10,1.7,,,,0.8,0.7,,"cylinder",,,,,,,,"legacyData"
"3191ea07-322c-48aa-ba98-5f78e7cadca3","WOOD_008.basePlot.vst","2014-10-08","vst_WOOD_2014","D09","WOOD","WOOD_008",,"NEON.PLA.D09.WOOD.00398",,"small shrub","Live",1.1,10,1.1,,,,0.6,0.3,,"cylinder",,,,,,,,"legacyData"
"2eb91515-20cf-48a3-ae34-d2a947ac9919","WOOD_008.basePlot.vst","2014-10-08","vst_WOOD_2014","D09","WOOD","WOOD_008",,"NEON.PLA.D09.WOOD.00388",,"sapling","Live",1.0,10,0.8,,,,,,,,,,,,,,,"legacyData"
"c257fc2f-338b-46d3-bd3f-7e1c0f575eeb","WOOD_008.basePlot.vst","2014-10-08","vst_WOOD_2014","D09","WOOD","WOOD_008",,"NEON.PLA.D09.WOOD.00437",,"sapling","Live",1.1,10,1.1,,,,,,,,,,,,,,,"legacyData"
"9eb2f8bf-9a5b-4b3f-9508-ffbaa559ad5c","WOOD_008.basePlot.vst","2014-10-08","vst_WOOD_2014","D09","WOOD","WOOD_008",,"NEON.PLA.D09.WOOD.00413",,"sapling","Live",2.1,10,1.6,,,,,,,,,,,,,,,"legacyData"
"95f60c23-74da-4b0a-ae88-33d5c26b69a8","WOOD_008.basePlot.vst","2014-10-08","vst_WOOD_2014","D09","WOOD","WOOD_008",,"NEON.PLA.D09.WOOD.00402",,"sapling","Live",1.1,10,1.0,,,,,,,,,,,,,,,"legacyData"
"9dbe90f3-e5bb-4998-aa0e-f8814987a726","WOOD_008.basePlot.vst","2014-10-08","vst_WOOD_2014","D09","WOOD","WOOD_008",,"NEON.PLA.D09.WOOD.00408",,"sapling","Live",1.6,10,1.3,,,,,,,,,,,,,,,"legacyData"
"48bf5bbb-1a19-4485-bd1c-cfb95dd5f6a8","WOOD_008.basePlot.vst","2014-10-08","vst_WOOD_2014","D09","WOOD","WOOD_008",,"NEON.PLA.D09.WOOD.00454",,"sapling","Live",1.6,10,1.2,,,,,,,,,,,,,,,"legacyData"
"49e7f428-9ae7-4a2a-9e0f-5678e1e74ef7","WOOD_008.basePlot.vst","2014-10-08","vst_WOOD_2014","D09","WOOD","WOOD_008",,"NEON.PLA.D09.WOOD.00420",,"sapling","Live",1.8,10,1.1,,,,,,,,,,,,,,,"legacyData"
"0418c903-2242-400c-b23b-5f191b35fe24","WOOD_008.basePlot.vst","2014-10-08","vst_WOOD_2014","D09","WOOD","WOOD_008",,"NEON.PLA.D09.WOOD.00429",,"small shrub","Live",2.2,10,1.5,,,,1.1,0.7,,"oblate half-sphere",,,,,,,,"legacyData"
"4768b8a1-5d69-4231-9932-636928f59ad0","WOOD_008.basePlot.vst","2014-10-08","vst_WOOD_2014","D09","WOOD","WOOD_008",,"NEON.PLA.D09.WOOD.00386",,"sapling","Live",1.2,10,1.1,,,,,,,,,,,,,,,"legacyData"
"f6326c43-17b9-4ac7-9997-e358ba99bdb5","WOOD_008.basePlot.vst","2014-10-08","vst_WOOD_2014","D09","WOOD","WOOD_008",,"NEON.PLA.D09.WOOD.00426",,"sapling","Standing dead",1.3,10,0.8,,,,,,,,,,,,,,,"legacyData"
"aabeba52-bde7-4068-9acd-f18570b3533b","WOOD_008.basePlot.vst","2014-10-08","vst_WOOD_2014","D09","WOOD","WOOD_008",,"NEON.PLA.D09.WOOD.00397",,"sapling","Live",1.7,10,1.1,,,,,,,,,,,,,,,"legacyData"
"fb577cfb-d7be-46ad-be5b-f8751210c532","WOOD_008.basePlot.vst","2014-10-08","vst_WOOD_2014","D09","WOOD","WOOD_008",,"NEON.PLA.D09.WOOD.00438",,"sapling","Live",1.5,10,1.4,,,,,,,,,,,,,,,"legacyData"
"6375e002-d914-4b2e-8e4f-40c31cb44a56","WOOD_008.basePlot.vst","2014-10-08","vst_WOOD_2014","D09","WOOD","WOOD_008",,"NEON.PLA.D09.WOOD.00436",,"sapling","Live",2.1,10,1.7,,,,,,,,,,,,,,,"legacyData"
"23d8c15e-b809-4e0b-99ce-04cad17f5f4f","WOOD_008.basePlot.vst","2014-10-08","vst_WOOD_2014","D09","WOOD","WOOD_008",,"NEON.PLA.D09.WOOD.00394",,"sapling","Live",1.7,10,1.4,,,,,,,,,,,,,,,"legacyData"
