uid,namedLocation,domainID,siteID,plotID,plotType,nlcdClass,decimalLatitude,decimalLongitude,geodeticDatum,coordinateUncertainty,elevation,elevationUncertainty,collectDate,eventID,sampleID,sampleCode,samplingMethod,totalSampledArea,targetTaxaPresent,adultCount,nymphCount,larvaCount,sampleCondition,samplingProtocolVersion,measuredBy,remarks
"b7dc26e3-224e-43b9-b37f-dc7e47aac959","ORNL_007.tickPlot.tck","D07","ORNL","ORNL_007","distributed","deciduousForest",35.925843,-84.328420,"WGS84",20.2,279.4,0.5,"2018-09-12T13:05Z","ORNL.2018.37","ORNL_007.20180912","A00000012548","drag and flag",165,"Y",0,3,226,"No known compromise","NEON.DOC.014045vJ","5Ek0n6gchfIDPsOP0jKEohdVx5tVu8KFxKxo4oqalpg=",
"9c826c67-056c-43f1-a5a3-63bff5acc68f","ORNL_003.tickPlot.tck","D07","ORNL","ORNL_003","distributed","deciduousForest",35.967011,-84.229849,"WGS84",20.2,275.5,0.2,"2018-09-12T14:32Z","ORNL.2018.37","ORNL_003.20180912","A00000012542","drag and flag",157,"Y",0,4,1,"No known compromise","NEON.DOC.014045vJ","lhrTpvYXj3opdQTe3UOFe82z+aK+OtX9ADmmzJkdsw4=",
"524208d3-79ca-4e91-93bd-a5ae2a90b0a2","ORNL_008.tickPlot.tck","D07","ORNL","ORNL_008","distributed","deciduousForest",35.933531,-84.334016,"WGS84",20.3,322.7,0.3,"2018-09-12T14:52Z","ORNL.2018.37","ORNL_008.20180912","A00000012566","drag",160,"Y",0,7,34,"No known compromise","NEON.DOC.014045vJ","5Ek0n6gchfIDPsOP0jKEohdVx5tVu8KFxKxo4oqalpg=",
"8099e02b-71c1-4ddf-81b8-11b692ffa9be","ORNL_009.tickPlot.tck","D07","ORNL","ORNL_009","distributed","deciduousForest",35.974902,-84.226630,"WGS84",20.2,337.1,0.2,"2018-09-12T15:36Z","ORNL.2018.37","ORNL_009.20180912","A00000012551","drag and flag",160,"Y",0,30,612,"No known compromise","NEON.DOC.014045vJ","8y2nCljUmhTZCDMmuiKC/MkPK73nDL+eImQBYOvqCbk=",
"20868e66-3f43-41e7-bf48-d52849a6a681","ORNL_040.tickPlot.tck","D07","ORNL","ORNL_040","distributed","evergreenForest",35.975525,-84.305103,"WGS84",20.2,273.2,0.2,"2018-09-12T16:30Z","ORNL.2018.37","ORNL_040.20180912","B00000025765","drag",161,"Y",0,0,290,"No known compromise","NEON.DOC.014045vJ","5Ek0n6gchfIDPsOP0jKEohdVx5tVu8KFxKxo4oqalpg=",
"5e5606f9-a575-4fc4-80e2-62578de0c4bf","ORNL_002.tickPlot.tck","D07","ORNL","ORNL_002","distributed","deciduousForest",35.983090,-84.211654,"WGS84",20.3,338.6,0.5,"2018-09-12T17:35Z","ORNL.2018.37","ORNL_002.20180912","A00000012552","drag and flag",160,"Y",0,56,166,"No known compromise","NEON.DOC.014045vJ","lhrTpvYXj3opdQTe3UOFe82z+aK+OtX9ADmmzJkdsw4=",
