uid,namedLocation,domainID,siteID,plotID,plotType,nlcdClass,decimalLatitude,decimalLongitude,geodeticDatum,coordinateUncertainty,elevation,elevationUncertainty,collectDate,eventID,sampleID,sampleCode,samplingMethod,totalSampledArea,targetTaxaPresent,adultCount,nymphCount,larvaCount,sampleCondition,samplingProtocolVersion,measuredBy,remarks
"5fe2a353-2d0b-418e-8ad3-356210191c19","JERC_010.tickPlot.tck","D03","JERC","JERC_010","distributed","deciduousForest",31.209219,-84.470530,"WGS84",20.2,40.5,0.5,"2017-05-03T12:42Z","JERC.2017.19",,,"drag and flag",161,"N",0,0,0,"No known compromise","NEON.DOC.014045vG","0gyDWMZ83TTtiJPb974pZYJw8VbMzdWobhOfCYPJqh0=",
"819c8796-bc28-4249-9d9f-65c46797cef8","JERC_011.tickPlot.tck","D03","JERC","JERC_011","distributed","evergreenForest",31.184787,-84.466700,"WGS84",20.1,40.0,0.1,"2017-05-03T14:28Z","JERC.2017.19",,,"drag and flag",160,"N",0,0,0,"No known compromise","NEON.DOC.014045vG","PeMFT7qqOQEd16b16hQ1mHIk6ClEPN9Prl+j30tuZrY=","Plot recently burned. Needs more flags and flagging for reestablishment."
"519ec525-5ec4-4a0b-97e0-851cc5fb9a23","JERC_004.tickPlot.tck","D03","JERC","JERC_004","distributed","cultivatedCrops",31.190115,-84.467381,"WGS84",20.1,43.6,0.2,"2017-05-03T15:35Z","JERC.2017.19",,,"drag and flag",162,"N",0,0,0,"No known compromise","NEON.DOC.014045vG","PeMFT7qqOQEd16b16hQ1mHIk6ClEPN9Prl+j30tuZrY=",
"76dd53ec-68c1-4031-8341-9eac07d1cc5e","JERC_044.tickPlot.tck","D03","JERC","JERC_044","distributed","mixedForest",31.195549,-84.482479,"WGS84",20.1,42.5,0.1,"2017-05-03T16:47Z","JERC.2017.19",,,"drag and flag",153,"N",0,0,0,"No known compromise","NEON.DOC.014045vG","PeMFT7qqOQEd16b16hQ1mHIk6ClEPN9Prl+j30tuZrY=",
"ecef771e-a56a-47be-9b9b-dde5bd9ed072","JERC_002.tickPlot.tck","D03","JERC","JERC_002","distributed","evergreenForest",31.194065,-84.461537,"WGS84",20.3,56.0,0.5,"2017-05-03T19:20Z","JERC.2017.19",,,"drag and flag",160,"N",0,0,0,"No known compromise","NEON.DOC.014045vG","PeMFT7qqOQEd16b16hQ1mHIk6ClEPN9Prl+j30tuZrY=","Plot burned. Needs reestablishment"
