uid,namedLocation,domainID,siteID,plotID,plotType,nlcdClass,decimalLatitude,decimalLongitude,geodeticDatum,coordinateUncertainty,elevation,elevationUncertainty,collectDate,eventID,sampleID,sampleCode,samplingMethod,totalSampledArea,targetTaxaPresent,adultCount,nymphCount,larvaCount,sampleCondition,samplingProtocolVersion,measuredBy,remarks
"8f9f3804-7c18-4f23-bf8f-04ab318993fb","BART_002.tickPlot.tck","D01","BART","BART_002","distributed","deciduousForest",44.035231,-71.274674,"WGS84",20.2,502.6,0.3,"2016-08-15T15:40Z","BART.2016.33",,,"drag and flag",160,"N",0,0,0,"No known compromise","NEON.DOC.014045vG","afMynumrDJcbQNK5ece65stvlBUGBI24",
"45c98435-bc72-455d-a8f7-bcdecd979f7c","BART_015.tickPlot.tck","D01","BART","BART_015","distributed","mixedForest",44.042149,-71.271603,"WGS84",20.3,455.0,0.5,"2016-08-15T16:32Z","BART.2016.33",,,"drag and flag",160,"N",0,0,0,"No known compromise","NEON.DOC.014045vG","nJ5SLjmo9KloJvxdkZwGIuojNiVtvG/wqD3cm8OvTBY=",
"70531eb7-14bf-4143-bc8f-fd9cc9769dd8","BART_010.tickPlot.tck","D01","BART","BART_010","distributed","deciduousForest",44.051100,-71.267766,"WGS84",20.2,413.0,0.4,"2016-08-15T17:27Z","BART.2016.33",,,"drag and flag",160,"N",0,0,0,"No known compromise","NEON.DOC.014045vG","nJ5SLjmo9KloJvxdkZwGIuojNiVtvG/wqD3cm8OvTBY=",
"60827916-6760-472e-8fbf-9c74e1d4d401","BART_011.tickPlot.tck","D01","BART","BART_011","distributed","mixedForest",44.048783,-71.295353,"WGS84",20.2,399.5,0.2,"2016-08-15T18:28Z","BART.2016.33",,,"drag and flag",160,"N",0,0,0,"No known compromise","NEON.DOC.014045vG","afMynumrDJcbQNK5ece65stvlBUGBI24",
"cb934f5a-cb05-4c71-bf23-b9809865ff77","BART_029.tickPlot.tck","D01","BART","BART_029","distributed","evergreenForest",44.058948,-71.289336,"WGS84",20.2,291.7,0.3,"2016-08-16T12:18Z","BART.2016.33",,,"drag and flag",160,"N",0,0,0,"No known compromise","NEON.DOC.014045vG","afMynumrDJcbQNK5ece65stvlBUGBI24",
"ac37ff56-0797-4096-9c52-163322b4fe4b","BART_019.tickPlot.tck","D01","BART","BART_019","distributed","mixedForest",44.069350,-71.288001,"WGS84",20.2,231.8,0.2,"2016-08-16T12:56Z","BART.2016.33",,,"drag and flag",160,"N",0,0,0,"No known compromise","NEON.DOC.014045vG","nJ5SLjmo9KloJvxdkZwGIuojNiVtvG/wqD3cm8OvTBY=",
