uid,namedLocation,plotID,collectDate,identifiedDate,sampleID,subsampleID,scientificName,acceptedTaxonID,taxonRank,family,subfamily,tribe,subtribe,genus,subgenus,specificEpithet,infraspecificEpithet,identificationQualifier,identificationReferences,identificationProtocolVersion,scientificNameAuthorship,sexOrAge,individualCount,sampleCondition,archiveMedium,archiveFacilityID,deprecatedVialID,identifiedBy,laboratoryName,remarks
"7378b1f3-bcbc-4419-8447-ce24dc1c9433","OSBS_003.tickPlot.tck","OSBS_003","2014-09-05T14:30Z","2015-02-25T12:00Z","OSBS_003.20140905","OSBS_003.20140905.AMBAME.N","Amblyomma americanum","AMBAME","species","Ixodidae",,,,"Amblyomma",,"americanum",,,"Cooley, R. A. and G. M. Kohls. 1944. The genus Amblyomma (ixodidae) in the United States. The Journal of Parasitology, 30(2):77-111.","GSU_tickIdentification_SOP_2016-11-01.pdf","Linnaeus","Nymph",7,"OK","95% ethanol","125362",,"Michael Bischof","Georgia Southern University",
"c7b89801-58e3-4464-90fa-4d627b527b2d","OSBS_005.tickPlot.tck","OSBS_005","2014-09-05T16:56Z","2015-02-23T17:00Z","OSBS_005.20140905","OSBS_005.20140905.AMBAME.M","Amblyomma americanum","AMBAME","species","Ixodidae",,,,"Amblyomma",,"americanum",,,"Cooley, R. A. and G. M. Kohls. 1944. The genus Amblyomma (ixodidae) in the United States. The Journal of Parasitology, 30(2):77-111.","GSU_tickIdentification_SOP_2016-11-01.pdf","Linnaeus","Male",1,"OK","90% ethanol","125376",,"Michael Bischof","Georgia Southern University",
"c01fd628-8358-4aa5-801c-e5adac2e3d51","OSBS_005.tickPlot.tck","OSBS_005","2014-09-05T16:56Z","2015-02-23T17:00Z","OSBS_005.20140905","OSBS_005.20140905.AMBAME.F","Amblyomma americanum","AMBAME","species","Ixodidae",,,,"Amblyomma",,"americanum",,,"Cooley, R. A. and G. M. Kohls. 1944. The genus Amblyomma (ixodidae) in the United States. The Journal of Parasitology, 30(2):77-111.","GSU_tickIdentification_SOP_2016-11-01.pdf","Linnaeus","Female",2,"OK","90% ethanol","125376",,"Michael Bischof","Georgia Southern University",
"4cdeab7b-55b4-47c8-bb87-695b45b55f97","OSBS_003.tickPlot.tck","OSBS_003","2014-09-17T16:19Z","2015-09-29T12:00Z","OSBS_003.20140917","OSBS_003.20140917.AMBAME.N","Amblyomma americanum","AMBAME","species","Ixodidae",,,,"Amblyomma",,"americanum",,,"Cooley, R. A. and G. M. Kohls. 1944. The genus Amblyomma (ixodidae) in the United States. The Journal of Parasitology, 30(2):77-111.","GSU_tickIdentification_SOP_2016-11-01.pdf","Linnaeus","Nymph",6,"OK","95% ethanol","125363",,"Lorenza Beati","Georgia Southern University",
"e5453df9-b0b1-48af-9f92-0bf1607ed5d0","OSBS_005.tickPlot.tck","OSBS_005","2014-09-17T19:09Z","2015-09-25T16:00Z","OSBS_005.20140917","OSBS_005.20140917.AMBAME.F","Amblyomma americanum","AMBAME","species","Ixodidae",,,,"Amblyomma",,"americanum",,,"Cooley, R. A. and G. M. Kohls. 1944. The genus Amblyomma (ixodidae) in the United States. The Journal of Parasitology, 30(2):77-111.","GSU_tickIdentification_SOP_2016-11-01.pdf","Linnaeus","Female",1,"OK","90% ethanol","125377",,"Lorenza Beati","Georgia Southern University",
"4d1d6204-925d-4cc3-aff3-701cacfee246","OSBS_005.tickPlot.tck","OSBS_005","2014-09-17T19:09Z","2015-09-25T12:00Z","OSBS_005.20140917","OSBS_005.20140917.AMBAME.N","Amblyomma americanum","AMBAME","species","Ixodidae",,,,"Amblyomma",,"americanum",,,"Cooley, R. A. and G. M. Kohls. 1944. The genus Amblyomma (ixodidae) in the United States. The Journal of Parasitology, 30(2):77-111.","GSU_tickIdentification_SOP_2016-11-01.pdf","Linnaeus","Nymph",16,"OK","95% ethanol","125377",,"Lorenza Beati","Georgia Southern University",
