uid,namedLocation,domainID,siteID,plotID,plotType,nlcdClass,decimalLatitude,decimalLongitude,geodeticDatum,coordinateUncertainty,elevation,elevationUncertainty,collectDate,eventID,sampleID,sampleCode,samplingMethod,totalSampledArea,targetTaxaPresent,adultCount,nymphCount,larvaCount,sampleCondition,samplingProtocolVersion,measuredBy,remarks
"e9c2bfd9-dd6f-4b83-bfd9-370daa53135b","OSBS_003.tickPlot.tck","D03","OSBS","OSBS_003","distributed","evergreenForest",29.693693,-81.947010,"WGS84",20.3,38.2,0.5,"2014-09-05T14:30Z","OSBS.2014.35","OSBS_003.20140905",,"drag and flag",175,"Y",0,6,0,"No known compromise","NEON.DOC.014045vD","15UoIG0bBdOUiabUv6LvBQ==","NO TRANSCRIPTION ERROR FOUND"
"d1a5dfc5-3a89-40ef-9ff4-563600dbaf28","OSBS_022.tickPlot.tck","D03","OSBS","OSBS_022","distributed","emergentHerbaceousWetlands",29.688309,-81.961968,"WGS84",20.1,24.3,0.1,"2014-09-05T15:47Z","OSBS.2014.35",,,"drag and flag",161,"N",0,0,0,,"NEON.DOC.014045vD","15UoIG0bBdOUiabUv6LvBQ==",
"7e955aa1-c9fc-4257-b637-df9426d447c6","OSBS_005.tickPlot.tck","D03","OSBS","OSBS_005","distributed","woodyWetlands",29.697923,-82.025623,"WGS84",20.4,36.0,1.2,"2014-09-05T16:56Z","OSBS.2014.35","OSBS_005.20140905",,"drag and flag",166,"Y",3,15,540,"No known compromise","NEON.DOC.014045vD","15UoIG0bBdOUiabUv6LvBQ==",
"7d4e994e-db5f-4dbb-83f4-6176085aa11a","OSBS_004.tickPlot.tck","D03","OSBS","OSBS_004","distributed","evergreenForest",29.683402,-81.960449,"WGS84",20.3,42.4,0.4,"2014-09-17T14:51Z","OSBS.2014.37",,,"drag and flag",162,"N",0,0,0,,"NEON.DOC.014045vD","OsDjulkKH7PKUEIPC4yivw==","NO CATCH; 2 DRAG CLOTHS UTILIZED CONCURRENTLY; NO TRANSCRIPTION ERROR"
"63b08cd5-d034-4b04-b4f9-ddda3629a6c3","OSBS_003.tickPlot.tck","D03","OSBS","OSBS_003","distributed","evergreenForest",29.693693,-81.947010,"WGS84",20.3,38.2,0.5,"2014-09-17T16:19Z","OSBS.2014.37","OSBS_003.20140917",,"drag and flag",180,"Y",0,6,0,"No known compromise","NEON.DOC.014045vD","15UoIG0bBdOUiabUv6LvBQ==",
"39ca95f0-abf8-4ba1-b75c-33de49e90b36","OSBS_005.tickPlot.tck","D03","OSBS","OSBS_005","distributed","woodyWetlands",29.697923,-82.025623,"WGS84",20.4,36.0,1.2,"2014-09-17T19:09Z","OSBS.2014.37","OSBS_005.20140917",,"drag and flag",174,"Y",1,17,390,"No known compromise","NEON.DOC.014045vD","15UoIG0bBdOUiabUv6LvBQ==",
