uid,namedLocation,date,domainID,siteID,plotID,plotType,nlcdClass,decimalLatitude,decimalLongitude,geodeticDatum,coordinateUncertainty,easting,northing,utmZone,elevation,elevationUncertainty,eventID,samplingProtocolVersion,treesPresent,treesAbsentList,shrubsPresent,shrubsAbsentList,lianasPresent,lianasAbsentList,nestedSubplotAreaShrubSapling,nestedSubplotAreaLiana,totalSampledAreaTrees,totalSampledAreaShrubSapling,totalSampledAreaLiana,remarks,measuredBy,recordedBy,dataQF
"28d74127-291f-45f5-975c-a2d58f92f1ee","ONAQ_058.basePlot.vst","2016-09-02","D15","ONAQ","ONAQ_058","tower","shrubScrub",40.174572,-112.452485,"WGS84",10.1,376330.37,4448144.67,"12N",1651.4,0.1,"vst_ONAQ_2016","NEON.DOC.000987vE","N",,"Y",,"N",,"10","noneSelected",400,80,400,,"W+a35C/f5OdAWRb04dAh0sw0TUBSwvpg","A/RRczOckiFbJrdMEJZwjJHC/MRxlxtigTsfvXI6kYE=",
"97db6582-96b7-499f-9564-0806bf8b10ca","ONAQ_059.basePlot.vst","2016-09-07","D15","ONAQ","ONAQ_059","tower","shrubScrub",40.175883,-112.457123,"WGS84",10.1,375937.85,4448296.66,"12N",1663.6,0.1,"vst_ONAQ_2016","NEON.DOC.000987vE","N",,"Y",,"N",,"10","noneSelected",400,80,400,,"mBJxlAYbbGTyFgm8y21q61nUy3rO9rJg","A/RRczOckiFbJrdMEJZwjJHC/MRxlxtigTsfvXI6kYE=",
"5c08399f-f33b-4c45-b4d3-d62fe531fee0","ONAQ_061.basePlot.vst","2016-09-12","D15","ONAQ","ONAQ_061","tower","shrubScrub",40.174559,-112.454626,"WGS84",10.1,376148.05,4448146.21,"12N",1655.8,0.1,"vst_ONAQ_2016","NEON.DOC.000987vE","N",,"Y",,"N",,"10","noneSelected",400,80,400,,"SVlrLvG6MQgHNcX9a6cN9XT/1zjcedhM","9G96sOZHreW1zLx1Wn5Z/CXf862Qa/Lm",
"bf9ba23b-e2df-4eb4-afd9-e4dc93d683ad","ONAQ_060.basePlot.vst","2016-09-12","D15","ONAQ","ONAQ_060","tower","shrubScrub",40.176425,-112.454670,"WGS84",10.1,376147.70,4448353.40,"12N",1659.5,0.1,"vst_ONAQ_2016","NEON.DOC.000987vE","N",,"Y",,"N",,"10","noneSelected",400,80,400,,"SVlrLvG6MQgHNcX9a6cN9XT/1zjcedhM","A/RRczOckiFbJrdMEJZwjJHC/MRxlxtigTsfvXI6kYE=",
"1116e3f0-46c3-4663-8330-ddc0506d180c","ONAQ_062.basePlot.vst","2016-09-13","D15","ONAQ","ONAQ_062","tower","shrubScrub",40.174280,-112.453555,"WGS84",10.1,376238.74,4448113.75,"12N",1653.0,0.2,"vst_ONAQ_2016","NEON.DOC.000987vE","N",,"Y",,"N",,"10","noneSelected",400,80,400,,"A/RRczOckiFbJrdMEJZwjJHC/MRxlxtigTsfvXI6kYE=","JpRJfZJ7mpH/Nxx75zJxRJMH3iC8tjefxSmnXlI7d1E=",
"7d9ee0e7-ba18-4721-9af1-cca9c680439f","ONAQ_061.basePlot.vst","2016-09-13","D15","ONAQ","ONAQ_061","tower","shrubScrub",40.174559,-112.454626,"WGS84",10.1,376148.05,4448146.21,"12N",1655.8,0.1,"vst_ONAQ_2014","NEON.DOC.000987vE",,,,,,,"10","noneSelected",400,80,400,,"SVlrLvG6MQgHNcX9a6cN9XT/1zjcedhM","SVlrLvG6MQgHNcX9a6cN9XT/1zjcedhM",
"01af2cfc-924e-4826-817e-c5d54c126245","ONAQ_064.basePlot.vst","2016-09-16","D15","ONAQ","ONAQ_064","tower","shrubScrub",40.174241,-112.456716,"WGS84",10.1,375969.52,4448113.83,"12N",1660.0,0.1,"vst_ONAQ_2016","NEON.DOC.000987vE",,,,,,,"10","noneSelected",400,80,400,,"zfKUmaCw/fmMIyFtNIUAZaoavJKpjMmv","wBdmRgzUaOqlUR4U/8aDtZZLDGFFmW8H",
"9f643668-73b2-404a-b6e7-9b6ab4a02c2e","ONAQ_063.basePlot.vst","2016-09-16","D15","ONAQ","ONAQ_063","tower","shrubScrub",40.175883,-112.456416,"WGS84",10.1,375998.05,4448295.67,"12N",1662.0,0.2,"vst_ONAQ_2016","NEON.DOC.000987vE","N",,"Y",,"N",,"10","noneSelected",400,80,400,,"JpRJfZJ7mpH/Nxx75zJxRJMH3iC8tjefxSmnXlI7d1E=","SVlrLvG6MQgHNcX9a6cN9XT/1zjcedhM",
"bc6f6705-5f72-4536-9128-5a3e576cb854","ONAQ_065.basePlot.vst","2016-09-20","D15","ONAQ","ONAQ_065","tower","grasslandHerbaceous",40.172683,-112.453165,"WGS84",10.1,376269.04,4447935.94,"12N",1651.2,0.1,"vst_ONAQ_2016","NEON.DOC.000987vE",,,,,,,"noneSelected","noneSelected",400,400,400,,"mBJxlAYbbGTyFgm8y21q61nUy3rO9rJg","SVlrLvG6MQgHNcX9a6cN9XT/1zjcedhM",
"497c14e6-55b4-4c59-8c8e-5c055240bb46","ONAQ_066.basePlot.vst","2016-09-20","D15","ONAQ","ONAQ_066","tower","shrubScrub",40.175617,-112.455700,"WGS84",10.1,376058.53,4448265.15,"12N",1659.8,0.1,"vst_ONAQ_2016","NEON.DOC.000987vE","N",,"Y",,"N",,"10","noneSelected",400,80,400,,"SVlrLvG6MQgHNcX9a6cN9XT/1zjcedhM","mBJxlAYbbGTyFgm8y21q61nUy3rO9rJg",
"e6aa32d7-a313-4cce-a551-8a40459af944","ONAQ_067.basePlot.vst","2016-09-20","D15","ONAQ","ONAQ_067","tower","shrubScrub",40.176672,-112.457483,"WGS84",10.1,375908.64,4448384.74,"12N",1665.9,0.1,"vst_ONAQ_2016","NEON.DOC.000987vE","N",,"Y",,"N",,"10","noneSelected",400,80,400,,"JpRJfZJ7mpH/Nxx75zJxRJMH3iC8tjefxSmnXlI7d1E=","D1jrxg2YLS//oLEpl5ktAWgJkZADIS1b",
"a5711e4f-9ba9-4515-91e9-e0d1b55f7c03","ONAQ_007.basePlot.vst","2016-09-22","D15","ONAQ","ONAQ_007","distributed","shrubScrub",40.212498,-112.467435,"WGS84",20.1,375127.03,4452375.39,"12N",1705.7,0.1,"vst_ONAQ_2016","NEON.DOC.000987vE","N",,"Y",,"N",,"10","noneSelected",400,80,400,,"SVlrLvG6MQgHNcX9a6cN9XT/1zjcedhM","W+a35C/f5OdAWRb04dAh0sw0TUBSwvpg",
"d1a46716-1b2a-454f-8150-f46700bbd1f4","ONAQ_068.basePlot.vst","2016-09-22","D15","ONAQ","ONAQ_068","tower","grasslandHerbaceous",40.173227,-112.452820,"WGS84",10.1,376299.41,4447995.84,"12N",1650.6,0.1,"vst_ONAQ_2016","NEON.DOC.000987vE","N",,"Y",,"N",,"noneSelected","noneSelected",400,400,400,,"D1jrxg2YLS//oLEpl5ktAWgJkZADIS1b","AEHs9POVeZp4yHnYMRE16RKy8iMNUCP/",
"fa12b97c-b7d9-4020-ad03-228f042af3ae","ONAQ_069.basePlot.vst","2016-09-22","D15","ONAQ","ONAQ_069","tower","shrubScrub",40.176946,-112.456091,"WGS84",10.1,376027.66,4448413.21,"12N",1663.4,0.1,"vst_ONAQ_2016","NEON.DOC.000987vE","N",,"Y",,"N",,"10","noneSelected",400,80,400,,"D1jrxg2YLS//oLEpl5ktAWgJkZADIS1b","A/RRczOckiFbJrdMEJZwjJHC/MRxlxtigTsfvXI6kYE=",
"30c12cc7-4620-4d4c-ac99-d073d9e07353","ONAQ_070.basePlot.vst","2016-09-23","D15","ONAQ","ONAQ_070","tower","shrubScrub",40.174037,-112.451755,"WGS84",10.1,376391.56,4448084.27,"12N",1648.7,0.1,"vst_ONAQ_2016","NEON.DOC.000987vE","N",,"Y",,"N",,"10","noneSelected",400,80,400,,"mBJxlAYbbGTyFgm8y21q61nUy3rO9rJg","D1jrxg2YLS//oLEpl5ktAWgJkZADIS1b",
"f75aef53-6ef2-47be-bbd7-0f5f6eeefee8","ONAQ_002.basePlot.vst","2016-09-26","D15","ONAQ","ONAQ_002","distributed","shrubScrub",40.193323,-112.464547,"WGS84",20.1,375337.67,4450242.90,"12N",1688.4,0.2,"vst_ONAQ_2016","NEON.DOC.000987vE","N",,"Y",,"N",,"10","noneSelected",400,80,400,,"D1jrxg2YLS//oLEpl5ktAWgJkZADIS1b","wBdmRgzUaOqlUR4U/8aDtZZLDGFFmW8H",
"a9884c99-585e-4239-a6f5-fed425a7c3b9","ONAQ_009.basePlot.vst","2016-09-26","D15","ONAQ","ONAQ_009","distributed","shrubScrub",40.160803,-112.471250,"WGS84",20.1,374707.28,4446642.62,"12N",1671.6,0.1,"vst_ONAQ_2016","NEON.DOC.000987vE","N",,"Y",,"N",,"10","noneSelected",400,80,400,,"W+a35C/f5OdAWRb04dAh0sw0TUBSwvpg","mBJxlAYbbGTyFgm8y21q61nUy3rO9rJg",
"7f9663f8-3ccd-46ae-a6aa-bc8bd2652e00","ONAQ_004.basePlot.vst","2016-09-28","D15","ONAQ","ONAQ_004","distributed","shrubScrub",40.185937,-112.472482,"WGS84",20.1,374648.62,4449434.23,"12N",1714.1,0.1,"vst_ONAQ_2016","NEON.DOC.000987vE","N",,"Y",,"N",,"10","noneSelected",400,80,400,,"wBdmRgzUaOqlUR4U/8aDtZZLDGFFmW8H","mBJxlAYbbGTyFgm8y21q61nUy3rO9rJg",
"21a36415-4140-43a9-b30f-64ed48b5a24a","ONAQ_003.basePlot.vst","2016-09-28","D15","ONAQ","ONAQ_003","distributed","shrubScrub",40.205921,-112.430276,"WGS84",20.1,378277.46,4451593.71,"12N",1610.9,0.1,"vst_ONAQ_2016","NEON.DOC.000987vE","N",,"Y",,"N",,"10","noneSelected",400,80,400,,"zfKUmaCw/fmMIyFtNIUAZaoavJKpjMmv","D1jrxg2YLS//oLEpl5ktAWgJkZADIS1b",
"82c00210-184f-4340-881b-85f2b844efe4","ONAQ_011.basePlot.vst","2016-09-29","D15","ONAQ","ONAQ_011","distributed","shrubScrub",40.150746,-112.456227,"WGS84",20.1,375968.39,4445505.22,"12N",1618.7,0.2,"vst_ONAQ_2016","NEON.DOC.000987vE","N",,"Y",,"N",,"10","noneSelected",400,80,400,,"W+a35C/f5OdAWRb04dAh0sw0TUBSwvpg","zfKUmaCw/fmMIyFtNIUAZaoavJKpjMmv",
"48b10737-fd6c-4b75-b415-86e2c9a1d151","ONAQ_015.basePlot.vst","2016-09-30","D15","ONAQ","ONAQ_015","distributed","shrubScrub",40.151788,-112.478445,"WGS84",20.1,374077.87,4445652.14,"12N",1663.1,0.1,"vst_ONAQ_2016","NEON.DOC.000987vE","N",,"Y",,"N",,"10","noneSelected",400,80,400,,"D1jrxg2YLS//oLEpl5ktAWgJkZADIS1b","mBJxlAYbbGTyFgm8y21q61nUy3rO9rJg",
