uid,namedLocation,date,domainID,siteID,plotID,plotType,nlcdClass,decimalLatitude,decimalLongitude,geodeticDatum,coordinateUncertainty,easting,northing,utmZone,elevation,elevationUncertainty,eventID,samplingProtocolVersion,treesPresent,treesAbsentList,shrubsPresent,shrubsAbsentList,lianasPresent,lianasAbsentList,nestedSubplotAreaShrubSapling,nestedSubplotAreaLiana,totalSampledAreaTrees,totalSampledAreaShrubSapling,totalSampledAreaLiana,remarks,measuredBy,recordedBy,dataQF
"1be7d792-4c25-4c77-b953-2679ff8f5126","KONZ_065.basePlot.vst","2016-11-01","D06","KONZ","KONZ_065","tower","grasslandHerbaceous",39.097388,-96.564127,"WGS84",10.1,710650.18,4330408.75,"14N",398.6,0.1,"vst_KONZ_2016","NEON.DOC.000987vE","N",,"Y","presentInAll","N",,"10","noneSelected",400,80,400,,"p+l0R7+o0BMujrOEuQuJxVYKsiOTKnpJ","Rrox/5DLJhV/NBTC7vrZFFNsjMpjyJvE",
"558cee66-c260-4c3c-b2bf-e1c12a2a3bc6","KONZ_055.basePlot.vst","2016-11-01","D06","KONZ","KONZ_055","tower","grasslandHerbaceous",39.097689,-96.565155,"WGS84",10.0,710560.38,4330439.77,"14N",398.1,0.0,"vst_KONZ_2016","NEON.DOC.000987vE","N",,"Y","presentInAll","N",,"noneSelected","noneSelected",400,400,400,,"5iWmXCGg+z2BZwm+dzHZsOHJLaNEsURY","Rrox/5DLJhV/NBTC7vrZFFNsjMpjyJvE",
"c4c2f9eb-f167-4a28-bb59-4026e45407fc","KONZ_047.basePlot.vst","2016-11-02","D06","KONZ","KONZ_047","tower","grasslandHerbaceous",39.103263,-96.560453,"WGS84",10.1,710950.42,4331069.37,"14N",406.1,0.1,"vst_KONZ_2016","NEON.DOC.000987vE","Y",,"Y",,"N",,"noneSelected","noneSelected",400,400,400,,"5iWmXCGg+z2BZwm+dzHZsOHJLaNEsURY","p+l0R7+o0BMujrOEuQuJxVYKsiOTKnpJ",
"24410c94-f96f-4f15-89b2-076fc5da047d","KONZ_064.basePlot.vst","2016-11-03","D06","KONZ","KONZ_064","tower","shrubScrub",39.098508,-96.565488,"WGS84",10.0,710529.14,4330529.90,"14N",386.1,0.0,"vst_KONZ_2016","NEON.DOC.000987vE","Y","presentInAll","Y","presentInAll","Y",,"10","noneSelected",400,80,400,,"iq7r+K7zVrnuv4AA404AgFzhbma7sELOneHM1T36pZk=","p+l0R7+o0BMujrOEuQuJxVYKsiOTKnpJ",
"a26a6eb0-191b-41ef-8954-ce92d683ac1a","KONZ_067.basePlot.vst","2016-11-03","D06","KONZ","KONZ_067","tower","shrubScrub",39.103065,-96.564975,"WGS84",10.1,710559.94,4331036.89,"14N",403.4,0.2,"vst_KONZ_2016","NEON.DOC.000987vE","N",,"Y",,"N",,"1","noneSelected",400,8,400,,"g5rJEq0k/0nNX+T4moJmV2YbYul0bP1VmhFSJXZUo2Y=","e0g/DT/hi4sj5NO5YzyRB72hjYLFyy85",
"45c55abf-76ec-4eba-93e6-da30468bfbb8","KONZ_064.basePlot.vst","2016-11-03","D06","KONZ","KONZ_064","tower","shrubScrub",39.098508,-96.565488,"WGS84",10.0,710529.14,4330529.90,"14N",386.1,0.0,"vst_KONZ_2016","NEON.DOC.000987vE","Y","presentInAll","Y","presentInAll","Y","41","10","noneSelected",400,80,400,,"iq7r+K7zVrnuv4AA404AgFzhbma7sELOneHM1T36pZk=","p+l0R7+o0BMujrOEuQuJxVYKsiOTKnpJ",
"90d5c7c8-0b07-4789-a6b8-69ea205a5fb4","KONZ_044.basePlot.vst","2016-11-03","D06","KONZ","KONZ_044","tower","grasslandHerbaceous",39.098201,-96.564453,"WGS84",10.1,710619.57,4330498.23,"14N",397.1,0.1,"vst_KONZ_2016","NEON.DOC.000987vE","Y",,"Y",,"N",,"noneSelected","noneSelected",400,400,400,,"iq7r+K7zVrnuv4AA404AgFzhbma7sELOneHM1T36pZk=","p+l0R7+o0BMujrOEuQuJxVYKsiOTKnpJ",
"427f1f29-0c76-42d5-ac9f-9e9428473de7","KONZ_060.basePlot.vst","2016-11-03","D06","KONZ","KONZ_060","tower","grasslandHerbaceous",39.101973,-96.562224,"WGS84",10.1,710801.11,4330922.07,"14N",408.0,0.2,"vst_KONZ_2016","NEON.DOC.000987vE","N",,"Y",,"N",,"10","noneSelected",400,80,400,,"g5rJEq0k/0nNX+T4moJmV2YbYul0bP1VmhFSJXZUo2Y=","e0g/DT/hi4sj5NO5YzyRB72hjYLFyy85",
"ff2f2168-13ad-47ae-bf28-edd76e2b31c1","KONZ_071.basePlot.vst","2016-11-04","D06","KONZ","KONZ_071","tower","grasslandHerbaceous",39.103804,-96.560790,"WGS84",10.1,710919.67,4331128.63,"14N",392.8,0.1,"vst_KONZ_2016","NEON.DOC.000987vE","N",,"Y","32","N",,"noneSelected","noneSelected",400,400,400,,"iq7r+K7zVrnuv4AA404AgFzhbma7sELOneHM1T36pZk=","e0g/DT/hi4sj5NO5YzyRB72hjYLFyy85",
"e54bfbdd-f869-4ed8-b72b-23ae46ffd9ab","KONZ_053.basePlot.vst","2016-11-04","D06","KONZ","KONZ_053","tower","grasslandHerbaceous",39.098231,-96.566197,"WGS84",10.0,710468.64,4330497.51,"14N",384.9,0.0,"vst_KONZ_2016","NEON.DOC.000987vE",,,,,,,"10","noneSelected",400,80,400,,"p+l0R7+o0BMujrOEuQuJxVYKsiOTKnpJ","CeevIf8NfrIuKdd8yks9CF2MxsBMId06",
"31f78564-6884-49f9-89b7-e2cfcf9f9add","KONZ_052.basePlot.vst","2016-11-05","D06","KONZ","KONZ_052","tower","grasslandHerbaceous",39.102718,-96.560129,"WGS84",10.1,710980.07,4331009.63,"14N",409.3,0.1,"vst_KONZ_2016","NEON.DOC.000987vG",,,,,,,"noneSelected","noneSelected",400,400,400,,"iq7r+K7zVrnuv4AA404AgFzhbma7sELOneHM1T36pZk=","iq7r+K7zVrnuv4AA404AgFzhbma7sELOneHM1T36pZk=",
"b297ff6a-43f8-4fde-bbbc-c2d14788c72e","KONZ_049.basePlot.vst","2016-11-07","D06","KONZ","KONZ_049","tower","grasslandHerbaceous",39.103879,-96.564243,"WGS84",10.2,710620.82,4331128.94,"14N",404.2,0.2,"vst_KONZ_2016","NEON.DOC.000987vE","Y",,"Y","31","N",,"noneSelected","noneSelected",400,400,400,,"g5rJEq0k/0nNX+T4moJmV2YbYul0bP1VmhFSJXZUo2Y=","CeevIf8NfrIuKdd8yks9CF2MxsBMId06",
"0c0d7c0c-7e00-4d06-9216-18cf2c311c54","KONZ_049.basePlot.vst","2016-11-07","D06","KONZ","KONZ_049","tower","grasslandHerbaceous",39.103879,-96.564243,"WGS84",10.2,710620.82,4331128.94,"14N",404.2,0.2,"vst_KONZ_2016","NEON.DOC.000987vE","Y",,"Y","31","N",,"noneSelected","noneSelected",400,400,400,,"g5rJEq0k/0nNX+T4moJmV2YbYul0bP1VmhFSJXZUo2Y=","CeevIf8NfrIuKdd8yks9CF2MxsBMId06",
"1a57cba9-6353-416f-9b0d-6fd892b14797","KONZ_059.basePlot.vst","2016-11-08","D06","KONZ","KONZ_059","tower","shrubScrub",39.103881,-96.564935,"WGS84",10.2,710560.97,4331127.55,"14N",396.0,0.3,"vst_KONZ_2016","NEON.DOC.000987vE","Y",,"Y",,"Y",,"1","noneSelected",400,8,400,,"p+l0R7+o0BMujrOEuQuJxVYKsiOTKnpJ","iq7r+K7zVrnuv4AA404AgFzhbma7sELOneHM1T36pZk=",
"3a28e119-6c32-4c76-886a-0db68f01802b","KONZ_063.basePlot.vst","2016-11-09","D06","KONZ","KONZ_063","tower","shrubScrub",39.101970,-96.563630,"WGS84",10.1,710679.52,4330918.47,"14N",410.0,0.2,"vst_KONZ_2016","NEON.DOC.000987vE",,,,,,,"1","noneSelected",400,8,400,,"p+l0R7+o0BMujrOEuQuJxVYKsiOTKnpJ","e0g/DT/hi4sj5NO5YzyRB72hjYLFyy85",
"fe410ad5-ce77-4715-a58a-ae811d2ddc4f","KONZ_062.basePlot.vst","2016-11-10","D06","KONZ","KONZ_062","tower","grasslandHerbaceous",39.102421,-96.559433,"WGS84",10.1,711041.15,4330978.28,"14N",412.5,0.1,"vst_KONZ_2016","NEON.DOC.000987vE","N",,"Y","presentInAll","N",,"noneSelected","noneSelected",400,400,400,,"p+l0R7+o0BMujrOEuQuJxVYKsiOTKnpJ","iq7r+K7zVrnuv4AA404AgFzhbma7sELOneHM1T36pZk=",
