uid,namedLocation,domainID,siteID,plotID,plotType,nlcdClass,decimalLatitude,decimalLongitude,geodeticDatum,coordinateUncertainty,elevation,elevationUncertainty,collectDate,eventID,sampleID,sampleCode,samplingMethod,totalSampledArea,targetTaxaPresent,adultCount,nymphCount,larvaCount,sampleCondition,samplingProtocolVersion,measuredBy,remarks
"7aeee231-bd90-4793-b43d-198561673bde","DCFS_004.tickPlot.tck","D09","DCFS","DCFS_004","distributed","grasslandHerbaceous",47.171933,-99.053166,"WGS84",20.2,505.0,0.8,"2018-07-18T15:54Z","DCFS.2018.29",,,"drag",160,"N",0,0,0,"No known compromise","NEON.DOC.014045vJ","Z69tjmbbf+Yh2IC/GcCabe9MQTjYeG7xbP79Ui/1J5I=",
"bd358e03-2f1c-4ecb-b7a8-bc6bb78bd6f1","DCFS_007.tickPlot.tck","D09","DCFS","DCFS_007","distributed","grasslandHerbaceous",47.162946,-99.113801,"WGS84",20.1,567.7,0.2,"2018-07-18T16:52Z","DCFS.2018.29",,,"drag",161,"N",0,0,0,,"NEON.DOC.014045vJ","n4oaPelR/mmbsiw8RZkCK6Tq1eA1eJSCrLM3aq0KIzk=","Field has been hayed. One haybael on south path."
"dd425176-9156-41b0-ace6-18273e985da5","DCFS_003.tickPlot.tck","D09","DCFS","DCFS_003","distributed","grasslandHerbaceous",47.207478,-99.183538,"WGS84",20.1,591.2,0.2,"2018-07-18T18:10Z","DCFS.2018.29",,,"drag and flag",160,"N",0,0,0,,"NEON.DOC.014045vJ","Z69tjmbbf+Yh2IC/GcCabe9MQTjYeG7xbP79Ui/1J5I=",
"19bec9ae-034b-4a40-a479-0b81f4964f2a","DCFS_010.tickPlot.tck","D09","DCFS","DCFS_010","distributed","grasslandHerbaceous",47.209874,-99.173926,"WGS84",20.1,578.4,0.2,"2018-07-18T18:48Z","DCFS.2018.29","DCFS_010.20180718","A00000016457","drag",170,"Y",1,0,0,"Distance estimated (described in remarks)","NEON.DOC.014045vJ","n4oaPelR/mmbsiw8RZkCK6Tq1eA1eJSCrLM3aq0KIzk=","Over shot NW corner wich added approximately 10m to the sample area."
"46bd27fb-7a75-4763-adfd-e4e9007b7a0e","DCFS_001.tickPlot.tck","D09","DCFS","DCFS_001","distributed","grasslandHerbaceous",47.209008,-99.165875,"WGS84",20.2,575.5,0.3,"2018-07-18T19:27Z","DCFS.2018.29","DCFS_001.20180718","A00000016644","drag and flag",160,"Y",1,0,0,"No known compromise","NEON.DOC.014045vJ","Z69tjmbbf+Yh2IC/GcCabe9MQTjYeG7xbP79Ui/1J5I=",
"8cbdbd5d-6b42-43b5-9999-e66f664bef9a","DCFS_005.tickPlot.tck","D09","DCFS","DCFS_005","distributed","grasslandHerbaceous",47.199469,-99.166739,"WGS84",20.1,564.6,0.1,"2018-07-18T20:12Z","DCFS.2018.29",,,"drag",160,"N",0,0,0,"Distance estimated (described in remarks)","NEON.DOC.014045vJ","Z69tjmbbf+Yh2IC/GcCabe9MQTjYeG7xbP79Ui/1J5I=","Unable to find NE and NW corners."
