uid,namedLocation,domainID,siteID,plotID,plotType,nlcdClass,decimalLatitude,decimalLongitude,geodeticDatum,coordinateUncertainty,elevation,elevationUncertainty,collectDate,eventID,sampleID,sampleCode,samplingMethod,totalSampledArea,targetTaxaPresent,adultCount,nymphCount,larvaCount,sampleCondition,samplingProtocolVersion,measuredBy,remarks
"b2c29b6f-8812-49cc-b0b8-f948bc4ec484","BART_019.tickPlot.tck","D01","BART","BART_019","distributed","mixedForest",44.069350,-71.288001,"WGS84",20.2,231.8,0.2,"2014-10-08T18:08Z","BART.2014.40",,,"drag and flag",157,"N",0,0,0,,"NEON.DOC.014045vD","iXt4M3loQKBOqiuM/+B7Tw==","Subtracted 3m due to streams and standing water QC: NO ERROR JS"
"be297cc7-962b-4bee-ade3-829ab24aebc3","BART_010.tickPlot.tck","D01","BART","BART_010","distributed","deciduousForest",44.051100,-71.267766,"WGS84",20.2,413.0,0.4,"2014-10-09T12:04Z","BART.2014.40",,,"drag and flag",160,"N",0,0,0,,"NEON.DOC.014045vD","iXt4M3loQKBOqiuM/+B7Tw==",
"474a35c7-72fc-48b3-872f-b86fe66debb4","BART_002.tickPlot.tck","D01","BART","BART_002","distributed","deciduousForest",44.035231,-71.274674,"WGS84",20.2,502.6,0.3,"2014-10-09T13:43Z","BART.2014.40",,,"drag and flag",165,"N",0,0,0,,"NEON.DOC.014045vD","iXt4M3loQKBOqiuM/+B7Tw==",
"253d80ba-22d2-465a-90d3-0c8c7059062e","BART_015.tickPlot.tck","D01","BART","BART_015","distributed","mixedForest",44.042149,-71.271603,"WGS84",20.3,455.0,0.5,"2014-10-09T14:57Z","BART.2014.40",,,"drag and flag",160,"N",0,0,0,,"NEON.DOC.014045vD","iXt4M3loQKBOqiuM/+B7Tw==",
"a52b4bde-b535-44c1-8c28-9b6b561ac92d","BART_011.tickPlot.tck","D01","BART","BART_011","distributed","mixedForest",44.048783,-71.295353,"WGS84",20.2,399.5,0.2,"2014-10-09T16:50Z","BART.2014.40",,,"drag and flag",162,"N",0,0,0,,"NEON.DOC.014045vD","iXt4M3loQKBOqiuM/+B7Tw==","QC: NO ERROR JS"
