uid,namedLocation,domainID,siteID,plotID,plotType,nlcdClass,decimalLatitude,decimalLongitude,geodeticDatum,coordinateUncertainty,elevation,elevationUncertainty,collectDate,eventID,sampleID,sampleCode,samplingMethod,totalSampledArea,targetTaxaPresent,adultCount,nymphCount,larvaCount,sampleCondition,samplingProtocolVersion,measuredBy,remarks
"a7589b6c-4799-4508-8928-b059eb8669a2","UNDE_017.tickPlot.tck","D05","UNDE","UNDE_017","distributed","mixedForest",46.236736,-89.497054,"WGS84",20.1,518.8,0.2,"2017-07-10T18:27Z","UNDE.2017.29",,,"drag and flag",156,"N",0,0,0,"No known compromise","NEON.DOC.014045vH","B3+A7PSCzYQNuvhFZNKc8WSB7xvTYEqkan9IJpMz8To=",
"b73865b7-178d-4249-a6f1-6955f1e2ab9e","UNDE_999.tickPlot.tck","D05","UNDE","UNDE_999","distributed","woodyWetlands",46.256243,-89.534200,"WGS84",20.2,507.1,0.3,"2017-07-10T20:10Z","UNDE.2017.29",,,"drag and flag",151,"N",0,0,0,,"NEON.DOC.014045vH","ARejzCBrb6CRpGj0oWJ3lcNFFJLhhdyHL/qtSIEd/o0=",
"99fe3a8d-755a-4d06-b207-1461ed02d257","UNDE_019.tickPlot.tck","D05","UNDE","UNDE_019","distributed","deciduousForest",46.257425,-89.542054,"WGS84",20.2,519.0,0.2,"2017-07-10T21:20Z","UNDE.2017.29",,,"drag and flag",160,"N",0,0,0,,"NEON.DOC.014045vH","ARejzCBrb6CRpGj0oWJ3lcNFFJLhhdyHL/qtSIEd/o0=",
"9490c6c0-d7fd-4e82-9432-53b6529cdeaa","UNDE_011.tickPlot.tck","D05","UNDE","UNDE_011","distributed","woodyWetlands",46.213935,-89.505950,"WGS84",20.3,507.7,0.4,"2017-07-14T16:46Z","UNDE.2017.29",,,"drag and flag",82,"N",0,0,0,,"NEON.DOC.014045vH","wk4JgrKBAQOS7vHUr1IuL6Y+Safneo7GcsG8sSgcnaM=",
"71022ae4-dca5-45a2-a73a-993e4a606fd5","UNDE_013.tickPlot.tck","D05","UNDE","UNDE_013","distributed","deciduousForest",46.227776,-89.535166,"WGS84",20.2,510.3,0.3,"2017-07-14T17:37Z","UNDE.2017.29",,,"drag and flag",155,"N",0,0,0,,"NEON.DOC.014045vH","B3+A7PSCzYQNuvhFZNKc8WSB7xvTYEqkan9IJpMz8To=",
"1f1db191-a031-4965-aed7-d5d7171a171a","UNDE_002.tickPlot.tck","D05","UNDE","UNDE_002","distributed","woodyWetlands",46.242285,-89.543255,"WGS84",20.3,506.2,0.4,"2017-07-14T18:30Z","UNDE.2017.29","UNDE_002.20170714",,"drag and flag",136,"Y",1,0,0,"No known compromise","NEON.DOC.014045vH","wk4JgrKBAQOS7vHUr1IuL6Y+Safneo7GcsG8sSgcnaM=",
"82dde226-88e6-4fe1-b318-40f6eb0084f9","UNDE_013.tickPlot.tck","D05","UNDE","UNDE_013","distributed","deciduousForest",46.227776,-89.535166,"WGS84",20.2,510.3,0.3,"2017-07-31T13:40Z","UNDE.2017.32",,,"drag and flag",162,"N",0,0,0,,"NEON.DOC.014045vH","ARejzCBrb6CRpGj0oWJ3lcNFFJLhhdyHL/qtSIEd/o0=",
"c23e7d2f-46e9-4494-b522-fd2ef3a415fc","UNDE_002.tickPlot.tck","D05","UNDE","UNDE_002","distributed","woodyWetlands",46.242285,-89.543255,"WGS84",20.3,506.2,0.4,"2017-07-31T14:36Z","UNDE.2017.32",,,"drag and flag",157,"N",0,0,0,,"NEON.DOC.014045vH","ARejzCBrb6CRpGj0oWJ3lcNFFJLhhdyHL/qtSIEd/o0=",
"23387829-0327-4201-b42e-ebaf79bfd2e2","UNDE_019.tickPlot.tck","D05","UNDE","UNDE_019","distributed","deciduousForest",46.257425,-89.542054,"WGS84",20.2,519.0,0.2,"2017-07-31T15:43Z","UNDE.2017.32",,,"drag and flag",161,"N",0,0,0,,"NEON.DOC.014045vH","ARejzCBrb6CRpGj0oWJ3lcNFFJLhhdyHL/qtSIEd/o0=",
"53d75747-7267-43a3-b15a-4999f3ebd69a","UNDE_999.tickPlot.tck","D05","UNDE","UNDE_999","distributed","woodyWetlands",46.256243,-89.534200,"WGS84",20.2,507.1,0.3,"2017-07-31T16:27Z","UNDE.2017.32",,,"drag and flag",162,"N",0,0,0,,"NEON.DOC.014045vH","ARejzCBrb6CRpGj0oWJ3lcNFFJLhhdyHL/qtSIEd/o0=",
"1d516c63-d2ab-465a-8131-a3b0908d8290","UNDE_017.tickPlot.tck","D05","UNDE","UNDE_017","distributed","mixedForest",46.236736,-89.497054,"WGS84",20.1,518.8,0.2,"2017-07-31T17:30Z","UNDE.2017.32","UNDE_017.20170731",,"drag and flag",160,"Y",0,1,0,"No known compromise","NEON.DOC.014045vH","ARejzCBrb6CRpGj0oWJ3lcNFFJLhhdyHL/qtSIEd/o0=",
"ce07b326-733b-4136-83c2-8281411d4e0b","UNDE_011.tickPlot.tck","D05","UNDE","UNDE_011","distributed","woodyWetlands",46.213935,-89.505950,"WGS84",20.3,507.7,0.4,"2017-07-31T18:21Z","UNDE.2017.32",,,"drag and flag",122,"N",0,0,0,,"NEON.DOC.014045vH","ARejzCBrb6CRpGj0oWJ3lcNFFJLhhdyHL/qtSIEd/o0=",
