uid,namedLocation,date,domainID,siteID,plotID,plotType,nlcdClass,decimalLatitude,decimalLongitude,geodeticDatum,coordinateUncertainty,easting,northing,utmZone,elevation,elevationUncertainty,eventID,samplingProtocolVersion,treesPresent,treesAbsentList,shrubsPresent,shrubsAbsentList,lianasPresent,lianasAbsentList,nestedSubplotAreaShrubSapling,nestedSubplotAreaLiana,totalSampledAreaTrees,totalSampledAreaShrubSapling,totalSampledAreaLiana,remarks,measuredBy,recordedBy,dataQF
"15ef1e08-af63-4056-82ed-be0f1fc42fdc","TALL_042.basePlot.vst","2017-11-14","D08","TALL","TALL_042","tower","evergreenForest",32.953944,-87.396960,"WGS84",20.2,462898.27,3646251.10,"16N",124.7,0.3,"vst_TALL_2017","NEON.DOC.000987vG",,,,,,,"25","noneSelected",800,100,800,,"SxnkRm731GPP54Dq8zcTF0H3+F8K6Rg5Qtr/KbZCLdU=","pdRHVIvaG2xBaIyJIrbJo5saUxJZYt3gI9+TGAO0URM=",
"34fa885a-4cd9-471f-9ab1-f315255c9f4c","TALL_043.basePlot.vst","2017-11-15","D08","TALL","TALL_043","tower","evergreenForest",32.953399,-87.395664,"WGS84",20.2,463019.18,3646190.23,"16N",137.6,0.2,"vst_TALL_2017","NEON.DOC.000987vG",,,,,,,"25","noneSelected",800,100,800,,"LVAPgAv6xh19C/3VJQSXPdnCeq509g5NN3aoB1Pgu+U=","pdRHVIvaG2xBaIyJIrbJo5saUxJZYt3gI9+TGAO0URM=",
"0b1216fc-4fa1-4401-a38c-ea1b41ef5cb3","TALL_044.basePlot.vst","2017-11-21","D08","TALL","TALL_044","tower","evergreenForest",32.952869,-87.397604,"WGS84",20.2,462837.63,3646132.16,"16N",130.1,0.2,"vst_TALL_2017","NEON.DOC.000987vG",,,,,,,"10","noneSelected",800,40,800,,"udEaWw53Elxvp6M7t/PsCdorGPHBPkzcd4HRbmIkprI=","Ty5ktdGiRSqkqUWm9Npw4JAlXmlUMfF/XyCnO5fUs8Q=",
"42a9c546-92b7-4890-825c-c1be46d61280","TALL_045.basePlot.vst","2017-11-29","D08","TALL","TALL_045","tower","evergreenForest",32.951776,-87.397297,"WGS84",20.1,462865.87,3646010.88,"16N",137.7,0.2,"vst_TALL_2017","NEON.DOC.000987vE",,,,,,,"10","noneSelected",800,40,800,,"udEaWw53Elxvp6M7t/PsCdorGPHBPkzcd4HRbmIkprI=","oX/XD4hR8uH1v/K48gL8UTU4ZwHMmbIJwV8of1A0EJ8=",
