uid,namedLocation,date,domainID,siteID,plotID,plotType,nlcdClass,decimalLatitude,decimalLongitude,geodeticDatum,coordinateUncertainty,easting,northing,utmZone,elevation,elevationUncertainty,eventID,samplingProtocolVersion,treesPresent,treesAbsentList,shrubsPresent,shrubsAbsentList,lianasPresent,lianasAbsentList,nestedSubplotAreaShrubSapling,nestedSubplotAreaLiana,totalSampledAreaTrees,totalSampledAreaShrubSapling,totalSampledAreaLiana,remarks,measuredBy,recordedBy,dataQF
"c91f4da3-32c7-4ec8-9992-7044c09e7145","CLBJ_008.basePlot.vst","2017-11-09","D11","CLBJ","CLBJ_008","tower","deciduousForest",33.399913,-97.569922,"WGS84",10.1,632991.48,3696536.51,"14N",273.0,0.1,"vst_CLBJ_2017","NEON.DOC.000987vG","Y","32","Y",,"Y",,"noneSelected","noneSelected",400,400,400,,"jrpOJzTntmV2NEwaoue+w4foMoyVO618ln53ZC3RtAk=","nHaIHoivgyDuLAnlbU+expC6wb3bqhGN3JY+jhv4Qnk=",
"690ee913-fc60-4dd0-86df-d0d18051c306","CLBJ_027.basePlot.vst","2017-11-10","D11","CLBJ","CLBJ_027","tower","deciduousForest",33.400156,-97.569270,"WGS84",10.1,633051.75,3696564.29,"14N",274.3,0.1,"vst_CLBJ_2017","NEON.DOC.000987vG","Y","presentInAll","Y","40_1","Y",,"10","noneSelected",400,80,400,,"LSZWSTVV0z7oKiovbKzMeaRuYCo7u+MNQjEB6Tx1qFE=","jrpOJzTntmV2NEwaoue+w4foMoyVO618ln53ZC3RtAk=",
"9b5cb0fe-e50a-4237-9cfc-cf42aaf5181e","CLBJ_028.basePlot.vst","2017-11-21","D11","CLBJ","CLBJ_028","tower","deciduousForest",33.401799,-97.570531,"WGS84",10.1,632931.97,3696744.85,"14N",266.2,0.1,"vst_CLBJ_2017","NEON.DOC.000987vG","Y","presentInAll","Y",,"Y",,"25","noneSelected",400,200,400,,"jrpOJzTntmV2NEwaoue+w4foMoyVO618ln53ZC3RtAk=","Nn+eKtNyUTQC2f/fb2VCAwmtrkFByQ6sAXmgGDPq3Og=",
"7c6c8d4f-45e3-43af-9352-05a93e94c5af","CLBJ_019.basePlot.vst","2017-11-22","D11","CLBJ","CLBJ_019","tower","grasslandHerbaceous",33.395844,-97.569673,"WGS84",10.1,633020.84,3696085.65,"14N",283.0,0.1,"vst_CLBJ_2017","NEON.DOC.000987vG","Y",,"Y",,"N",,"noneSelected","noneSelected",400,400,400,,"jrpOJzTntmV2NEwaoue+w4foMoyVO618ln53ZC3RtAk=","Nn+eKtNyUTQC2f/fb2VCAwmtrkFByQ6sAXmgGDPq3Og=",
"d0da8fe7-30f1-499d-83ab-ff624484da67","CLBJ_025.basePlot.vst","2017-11-22","D11","CLBJ","CLBJ_025","tower","grasslandHerbaceous",33.397471,-97.569639,"WGS84",10.1,633021.52,3696266.10,"14N",282.6,0.1,"vst_CLBJ_2017","NEON.DOC.000987vG","Y","40","N",,"N",,"noneSelected","noneSelected",400,400,400,,"jrpOJzTntmV2NEwaoue+w4foMoyVO618ln53ZC3RtAk=","Nn+eKtNyUTQC2f/fb2VCAwmtrkFByQ6sAXmgGDPq3Og=",
"52e56853-988b-4f49-8d0e-c78667f67ad2","CLBJ_004.basePlot.vst","2017-11-22","D11","CLBJ","CLBJ_004","tower","deciduousForest",33.396904,-97.568989,"WGS84",10.1,633082.84,3696204.06,"14N",282.8,0.1,"vst_CLBJ_2017","NEON.DOC.000987vG","Y",,"N",,"N",,"noneSelected","noneSelected",400,400,400,,"jrpOJzTntmV2NEwaoue+w4foMoyVO618ln53ZC3RtAk=","Nn+eKtNyUTQC2f/fb2VCAwmtrkFByQ6sAXmgGDPq3Og=",
"05e803cd-6919-4de3-9cbf-c45113e56bc5","CLBJ_010.basePlot.vst","2017-11-27","D11","CLBJ","CLBJ_010","tower","deciduousForest",33.397139,-97.566099,"WGS84",10.1,633351.27,3696233.82,"14N",276.6,0.1,"vst_CLBJ_2017","NEON.DOC.000987vG","Y","31","Y",,"N",,"noneSelected","noneSelected",400,400,400,,"IjazmSQBojWxyJ0/VQonJJDN/AWQC3ZwsdN1S7UuDl8=","/VkA3yjugMF8nnUbC6d+dh/hTYhVmzgYtPB78jE5mRs=",
"16fdbcac-c7dd-478b-959b-ca7e80635459","CLBJ_010.basePlot.vst","2017-11-27","D11","CLBJ","CLBJ_010","tower","deciduousForest",33.397139,-97.566099,"WGS84",10.1,633351.27,3696233.82,"14N",276.6,0.1,"vst_CLBJ_2017","NEON.DOC.000987vG","Y","presentInAll","Y",,"N",,"noneSelected","noneSelected",400,400,400,,"IjazmSQBojWxyJ0/VQonJJDN/AWQC3ZwsdN1S7UuDl8=","/VkA3yjugMF8nnUbC6d+dh/hTYhVmzgYtPB78jE5mRs=",
"e84cf4e1-3c11-44fd-975b-479413acc8de","CLBJ_011.basePlot.vst","2017-11-27","D11","CLBJ","CLBJ_011","tower","deciduousForest",33.396946,-97.571891,"WGS84",10.1,632812.87,3696205.01,"14N",277.6,0.1,"vst_CLBJ_2017","NEON.DOC.000987vG","Y","presentInAll","Y",,"N",,"noneSelected","noneSelected",400,400,400,,"LSZWSTVV0z7oKiovbKzMeaRuYCo7u+MNQjEB6Tx1qFE=","jrpOJzTntmV2NEwaoue+w4foMoyVO618ln53ZC3RtAk=",
"21930dfe-4ebb-44f0-88b3-ece722080733","CLBJ_001.basePlot.vst","2017-11-28","D11","CLBJ","CLBJ_001","tower","deciduousForest",33.397987,-97.568339,"WGS84",20.1,633141.64,3696324.98,"14N",279.3,0.1,"vst_CLBJ_2017","NEON.DOC.000987vG","Y",,"N",,"N",,"noneSelected","noneSelected",400,400,400,,"LSZWSTVV0z7oKiovbKzMeaRuYCo7u+MNQjEB6Tx1qFE=","Nn+eKtNyUTQC2f/fb2VCAwmtrkFByQ6sAXmgGDPq3Og=",
"f14dc3fc-533b-49d4-8f1d-8f0c86aeacc7","CLBJ_020.basePlot.vst","2017-11-28","D11","CLBJ","CLBJ_020","tower","grasslandHerbaceous",33.396611,-97.567385,"WGS84",10.1,633232.47,3696173.63,"14N",278.6,0.1,"vst_CLBJ_2017","NEON.DOC.000987vG","N",,"Y",,"N",,"noneSelected","noneSelected",400,400,400,,"IjazmSQBojWxyJ0/VQonJJDN/AWQC3ZwsdN1S7UuDl8=","/uvjuaD++HCtf3w9RLf6E56KDXXjpmcR9UAMTbNmRAY=",
"da3a1fd6-9225-476f-9b4e-2606b7e8536b","CLBJ_030.basePlot.vst","2017-11-28","D11","CLBJ","CLBJ_030","tower","grasslandHerbaceous",33.398512,-97.567356,"WGS84",10.1,633232.27,3696384.45,"14N",277.2,0.1,"vst_CLBJ_2017","NEON.DOC.000987vG","Y",,"Y","40","N",,"noneSelected","noneSelected",400,400,400,,"LSZWSTVV0z7oKiovbKzMeaRuYCo7u+MNQjEB6Tx1qFE=","Nn+eKtNyUTQC2f/fb2VCAwmtrkFByQ6sAXmgGDPq3Og=",
"99037112-e1ee-49af-a61f-4e531114196a","CLBJ_015.basePlot.vst","2017-11-29","D11","CLBJ","CLBJ_015","tower","deciduousForest",33.397741,-97.571244,"WGS84",10.1,632871.84,3696293.99,"14N",274.9,0.1,"vst_CLBJ_2017","NEON.DOC.000987vG","Y","40","Y","40_3","Y",,"10","noneSelected",400,80,400,,"LSZWSTVV0z7oKiovbKzMeaRuYCo7u+MNQjEB6Tx1qFE=","BdYPsBF1wVSVWOFyIg+YJ+7FDmmhrZ0vd/v6Yemn0SifQXWMjtzH5g==",
"13c0adcb-5586-4187-8b78-9db1761a7282","CLBJ_006.basePlot.vst","2017-11-30","D11","CLBJ","CLBJ_006","tower","deciduousForest",33.398235,-97.566726,"WGS84",20.1,633291.28,3696354.54,"14N",276.9,0.1,"vst_CLBJ_2017","NEON.DOC.000987vG","Y","presentInAll","N",,"N",,"noneSelected","noneSelected",400,400,400,,"jrpOJzTntmV2NEwaoue+w4foMoyVO618ln53ZC3RtAk=","/uvjuaD++HCtf3w9RLf6E56KDXXjpmcR9UAMTbNmRAY=",
"94cfa01b-0e52-4dc3-a0af-33956a61f2bc","CLBJ_007.basePlot.vst","2017-11-30","D11","CLBJ","CLBJ_007","tower","deciduousForest",33.398827,-97.571225,"WGS84",10.1,632871.95,3696414.43,"14N",274.3,0.1,"vst_CLBJ_2017","NEON.DOC.000987vG","Y","presentInAll","Y","presentInAll","N",,"25","noneSelected",400,200,400,,"LSZWSTVV0z7oKiovbKzMeaRuYCo7u+MNQjEB6Tx1qFE=","nHaIHoivgyDuLAnlbU+expC6wb3bqhGN3JY+jhv4Qnk=",
