uid,namedLocation,date,domainID,siteID,plotID,plotType,nlcdClass,decimalLatitude,decimalLongitude,geodeticDatum,coordinateUncertainty,easting,northing,utmZone,elevation,elevationUncertainty,eventID,samplingProtocolVersion,treesPresent,treesAbsentList,shrubsPresent,shrubsAbsentList,lianasPresent,lianasAbsentList,nestedSubplotAreaShrubSapling,nestedSubplotAreaLiana,totalSampledAreaTrees,totalSampledAreaShrubSapling,totalSampledAreaLiana,remarks,measuredBy,recordedBy,dataQF
"7bf73fee-28a9-4842-bd6b-93b07c122de2","OSBS_039.basePlot.vst","2015-09-01","D03","OSBS","OSBS_039","tower","evergreenForest",29.693300,-81.990822,"WGS84",20.1,404142.58,3285211.89,"17N",47.4,0.1,"vst_OSBS_2015","NEON.DOC.000987vD",,,,,,,"100","noneSelected",800,400,800,"Plot needs to be re-established","wotzsmcGfDFGz7NWBrAUn7dLZE1v2DNq","tuy26TKnYHd+FtkfhB+9QYm9M1+Ym6+P","legacyData"
"332468d2-f864-41b2-898d-2f70a0ca0ae8","OSBS_039.basePlot.vst","2015-09-01","D03","OSBS","OSBS_039","tower","evergreenForest",29.693300,-81.990822,"WGS84",20.1,404142.58,3285211.89,"17N",47.4,0.1,"vst_OSBS_2015","NEON.DOC.000987vD",,,,,,,"100","noneSelected",800,400,800,,"wotzsmcGfDFGz7NWBrAUn7dLZE1v2DNq","tuy26TKnYHd+FtkfhB+9QYm9M1+Ym6+P","legacyData"
"40ec0492-d587-431f-b013-0275aa144564","OSBS_040.basePlot.vst","2015-09-02","D03","OSBS","OSBS_040","tower","evergreenForest",29.688978,-81.989556,"WGS84",20.1,404260.97,3284731.92,"17N",42.9,0.2,"vst_OSBS_2015","NEON.DOC.000987vD",,,,,,,"noneSelected","noneSelected",800,800,800,,"wotzsmcGfDFGz7NWBrAUn7dLZE1v2DNq","tuy26TKnYHd+FtkfhB+9QYm9M1+Ym6+P","legacyData"
"0a9b8a33-7e1a-48d5-baee-c36581b62e2c","OSBS_025.basePlot.vst","2015-09-03","D03","OSBS","OSBS_025","tower","evergreenForest",29.691867,-81.996384,"WGS84",20.1,403603.09,3285057.72,"17N",45.1,0.1,"vst_OSBS_2015","NEON.DOC.000987vD",,,,,,,"noneSelected","noneSelected",800,800,800,"returned on 20151005 to removed tags with duplicate tag #'s; tags replaced: 258-263 with tags 77-82","wotzsmcGfDFGz7NWBrAUn7dLZE1v2DNq","cMb2B+jx12AMjNtsEA8t48GND5R87ks/","legacyData"
"7d628b12-333c-4727-ba14-6adbe14dc15e","OSBS_028.basePlot.vst","2015-09-03","D03","OSBS","OSBS_028","tower","evergreenForest",29.685933,-81.995718,"WGS84",20.1,403661.86,3284399.61,"17N",45.0,0.1,"vst_OSBS_2015","NEON.DOC.000987vD",,,,,,,"noneSelected","noneSelected",800,800,800,,"wotzsmcGfDFGz7NWBrAUn7dLZE1v2DNq","wotzsmcGfDFGz7NWBrAUn7dLZE1v2DNq","legacyData"
"ab3cce5b-0ce0-4a81-835d-7f5a4304284d","OSBS_025.basePlot.vst","2015-09-03","D03","OSBS","OSBS_025","tower","evergreenForest",29.691867,-81.996384,"WGS84",20.1,403603.09,3285057.72,"17N",45.1,0.1,"vst_OSBS_2015","NEON.DOC.000987vD",,,,,,,"noneSelected","noneSelected",800,800,800,"returned on 20151005 to remove tags with duplicate tag #'s; tags replaced: 264-268 with tags 83-87","wotzsmcGfDFGz7NWBrAUn7dLZE1v2DNq","cMb2B+jx12AMjNtsEA8t48GND5R87ks/","legacyData"
"f45755a1-bdb7-422f-bdb0-fa1f13f21dcf","OSBS_012.basePlot.vst","2015-09-08","D03","OSBS","OSBS_012","distributed","woodyWetlands",29.719070,-81.983943,"WGS84",20.1,404832.43,3288061.83,"17N",25.5,0.1,"vst_OSBS_2015","NEON.DOC.000987vD",,,,,,,"noneSelected","noneSelected",400,400,400,,"tuy26TKnYHd+FtkfhB+9QYm9M1+Ym6+P","wotzsmcGfDFGz7NWBrAUn7dLZE1v2DNq","legacyData"
"09f152db-05c1-44df-91b1-8b8d19dbecaf","OSBS_023.basePlot.vst","2015-09-08","D03","OSBS","OSBS_023","distributed","emergentHerbaceousWetlands",29.722597,-81.985527,"WGS84",20.1,404682.55,3288453.96,"17N",25.8,0.1,"vst_OSBS_2015","NEON.DOC.000987vD",,,,,,,"noneSelected","noneSelected",400,400,400,,"wotzsmcGfDFGz7NWBrAUn7dLZE1v2DNq","tuy26TKnYHd+FtkfhB+9QYm9M1+Ym6+P","legacyData"
"bf472257-dbff-444c-9bf9-d9a2a7824f5d","OSBS_023.basePlot.vst","2015-09-08","D03","OSBS","OSBS_023","distributed","emergentHerbaceousWetlands",29.722597,-81.985527,"WGS84",20.1,404682.55,3288453.96,"17N",25.8,0.1,"vst_OSBS_2015","NEON.DOC.000987vD",,,,,,,"noneSelected","noneSelected",400,400,400,,,,"legacyData"
"f2c86f97-0c5e-4e6f-bb04-74418bac0f0b","OSBS_042.basePlot.vst","2015-09-08","D03","OSBS","OSBS_042","tower","evergreenForest",29.692959,-81.996398,"WGS84",20.3,403602.77,3285178.74,"17N",36.6,0.5,"vst_OSBS_2015","NEON.DOC.000987vD",,,,,,,"noneSelected","noneSelected",800,800,800,,"wotzsmcGfDFGz7NWBrAUn7zBOusWefR85M+vfzhlSDZvTT/6lVsp3qSYI9uAyqXq","CPmp9t5mZhA/Jlt3T5fTH30MkasxefuVXaoVNojxPQo=","legacyData"
"51e2cbc9-7e66-4923-8adb-1a961529796b","OSBS_006.basePlot.vst","2015-09-09","D03","OSBS","OSBS_006","distributed","evergreenForest",29.686609,-81.983000,"WGS84",20.1,404893.06,3284464.00,"17N",33.0,0.1,"vst_OSBS_2015","NEON.DOC.000987vD",,,,,,,"noneSelected","noneSelected",400,400,400,,"cMb2B+jx12AMjNtsEA8t48GND5R87ks/","wotzsmcGfDFGz7NWBrAUn7dLZE1v2DNq","legacyData"
"456c13d3-9827-477d-af8d-7ea003fd7a6f","OSBS_008.basePlot.vst","2015-09-09","D03","OSBS","OSBS_008","distributed","evergreenForest",29.685058,-82.007162,"WGS84",20.1,402553.72,3284312.24,"17N",45.2,0.1,"vst_OSBS_2015","NEON.DOC.000987vD",,,,,,,"noneSelected","noneSelected",400,400,400,,"cMb2B+jx12AMjNtsEA8t48GND5R87ks/","wotzsmcGfDFGz7NWBrAUn7dLZE1v2DNq","legacyData"
"e55a5653-430d-432d-a6d1-adb5cb0a9925","OSBS_051.basePlot.vst","2015-09-09","D03","OSBS","OSBS_051","distributed","emergentHerbaceousWetlands",29.677760,-82.007709,"WGS84",20.1,402493.75,3283504.00,"17N",24.2,0.1,"vst_OSBS_2015","NEON.DOC.000987vD",,,,,,,"noneSelected","noneSelected",400,400,400,,"cMb2B+jx12AMjNtsEA8t48GND5R87ks/","wotzsmcGfDFGz7NWBrAUn7dLZE1v2DNq","legacyData"
"57c833a9-7d68-4ece-8f6f-4e5987a23017","OSBS_050.basePlot.vst","2015-09-09","D03","OSBS","OSBS_050","distributed","emergentHerbaceousWetlands",29.689690,-82.005389,"WGS84",,402729.73,3284824.05,"17N",30.5,,"vst_OSBS_2015","NEON.DOC.000987vD",,,,,,,"noneSelected","noneSelected",400,400,400,,"bjCTcOGonuQG/85irvuEkGxAI7DsIhZZ","wotzsmcGfDFGz7NWBrAUn7dLZE1v2DNq","legacyData"
"91379ef8-5be8-45c4-99b5-8567a18e6a46","OSBS_008.basePlot.vst","2015-09-09","D03","OSBS","OSBS_008","distributed","evergreenForest",29.685058,-82.007162,"WGS84",20.1,402553.72,3284312.24,"17N",45.2,0.1,"vst_OSBS_2015","NEON.DOC.000987vD",,,,,,,"noneSelected","noneSelected",400,400,400,,"bjCTcOGonuQG/85irvuEkGxAI7DsIhZZ","wotzsmcGfDFGz7NWBrAUn7dLZE1v2DNq","legacyData"
"bc0bf682-85f4-48b9-9f08-bc5cd1be5968","OSBS_016.basePlot.vst","2015-09-10","D03","OSBS","OSBS_016","distributed","woodyWetlands",29.682391,-81.967449,"WGS84",20.2,406393.81,3283983.91,"17N",26.1,0.2,"vst_OSBS_2015","NEON.DOC.000987vD",,,,,,,"noneSelected","noneSelected",400,400,400,,"tuy26TKnYHd+FtkfhB+9QYm9M1+Ym6+P","wotzsmcGfDFGz7NWBrAUn7dLZE1v2DNq","legacyData"
"0d1ad3f8-b0f0-4a90-8c58-e8d21c9127df","OSBS_002.basePlot.vst","2015-09-11","D03","OSBS","OSBS_002","distributed","evergreenForest",29.703860,-81.956817,"WGS84",20.2,407442.25,3286354.36,"17N",31.5,0.2,"vst_OSBS_2015","NEON.DOC.000987vD",,,,,,,"noneSelected","noneSelected",400,400,400,,"wotzsmcGfDFGz7NWBrAUn7dLZE1v2DNq","wotzsmcGfDFGz7NWBrAUn7dLZE1v2DNq","legacyData"
"1a50ca7c-f766-4b60-823b-c6ae724d2225","OSBS_010.basePlot.vst","2015-09-14","D03","OSBS","OSBS_010","distributed","evergreenForest",29.691763,-81.941829,"WGS84",20.2,408881.26,3285001.97,"17N",40.1,0.2,"vst_OSBS_2015","NEON.DOC.000987vD",,,,,,,"noneSelected","noneSelected",400,400,400,,"q7NOQnJTDEcU8ROliZAdUpGDQF8AYW6T","wotzsmcGfDFGz7NWBrAUn7dLZE1v2DNq","legacyData"
"5e5dc536-f14a-424c-bc1a-3e4df9297b8c","OSBS_021.basePlot.vst","2015-09-15","D03","OSBS","OSBS_021","distributed","woodyWetlands",29.695767,-81.953023,"WGS84",,407801.93,3285454.49,"17N",25.0,,"vst_OSBS_2015","NEON.DOC.000987vD",,,,,,,"noneSelected","noneSelected",400,400,400,,"IaXfrbXr6GQAKfG/Thmkj2xXG2gxDgR+","tuy26TKnYHd+FtkfhB+9QYm9M1+Ym6+P","legacyData"
"11ca4eef-9265-4b24-a3d9-bdd80158c290","OSBS_020.basePlot.vst","2015-09-15","D03","OSBS","OSBS_020","distributed","woodyWetlands",29.686850,-81.950765,"WGS84",,408012.19,3284464.58,"17N",25.0,,"vst_OSBS_2015","NEON.DOC.000987vD",,,,,,,"noneSelected","noneSelected",400,400,400,,"l6untNyrjVoOWz13zZo4M6NA5VYfbMkh","wotzsmcGfDFGz7NWBrAUn7dLZE1v2DNq","legacyData"
"daeb919e-c9c3-4908-b214-ee7de18e523e","OSBS_021.basePlot.vst","2015-09-15","D03","OSBS","OSBS_021","distributed","woodyWetlands",29.695767,-81.953023,"WGS84",,407801.93,3285454.49,"17N",25.0,,"vst_OSBS_2015","NEON.DOC.000987vD",,,,,,,"25","noneSelected",400,200,400,,"IaXfrbXr6GQAKfG/Thmkj2xXG2gxDgR+","tuy26TKnYHd+FtkfhB+9QYm9M1+Ym6+P","legacyData"
"34b80c58-3e92-426c-a973-96c54987f3c6","OSBS_048.basePlot.vst","2015-09-29","D03","OSBS","OSBS_048","distributed","evergreenForest",29.679299,-81.946352,"WGS84",,408432.36,3283624.40,"17N",34.6,,"vst_OSBS_2015","NEON.DOC.000987vD",,,,,,,"noneSelected","noneSelected",400,400,400,,"tuy26TKnYHd+FtkfhB+9QRxZe/7+XEyWKXIDnvjwbIkTR+cnQ15JYidUrvcJu5IE","HM3qUT9M5/mAjk+vCUjOAK/LrS+4YCSQ4cmPS38ZO/Y=","legacyData"
"ea791421-e11a-4226-a62b-138ccb98ed63","OSBS_003.basePlot.vst","2015-09-29","D03","OSBS","OSBS_003","distributed","evergreenForest",29.694992,-81.947420,"WGS84",20.1,408343.26,3285364.20,"17N",31.9,0.2,"vst_OSBS_2015","NEON.DOC.000987vD",,,,,,,"noneSelected","noneSelected",400,400,400,,"l6untNyrjVoOWz13zZo4M6NA5VYfbMkh","wotzsmcGfDFGz7NWBrAUn7dLZE1v2DNq","legacyData"
