uid,namedLocation,date,eventID,domainID,siteID,plotID,subplotID,individualID,tagStatus,growthForm,plantStatus,stemDiameter,measurementHeight,height,baseCrownHeight,breakHeight,breakDiameter,maxCrownDiameter,ninetyCrownDiameter,canopyPosition,shape,basalStemDiameter,basalStemDiameterMsrmntHeight,maxBaseCrownDiameter,ninetyBaseCrownDiameter,remarks,recordedBy,measuredBy,dataQF
"99f721bb-3ddc-4449-99ad-9ab355625600","DCFS_089.basePlot.vst","2015-09-02","vst_DCFS_2015","D09","DCFS","DCFS_089",,"NEON.PLA.D09.DCFS.00060",,"sapling","Live",1.1,10,0.7,,,,,,"Full sun",,,,,,,"8yAqXs8NroBzXWOPhtsdubyIWh5dmMYy","Q97LKb9yzbP7tOLkuD+tPeCj3Bww5R2I","legacyData"
"26bded45-77c3-414f-a9db-3f981718dc31","DCFS_089.basePlot.vst","2015-09-02","vst_DCFS_2015","D09","DCFS","DCFS_089",,"NEON.PLA.D09.DCFS.00066",,"sapling","Standing dead",1.0,10,0.7,,,,,,"Full sun",,,,,,"additional live non-qualifying primary stems","eE6kvSR3uoy9zdn7o7etq88/xsP7F3Qo","4oCBvlQIQ4DhSH30J22+0bs0GAacIQwk","legacyData"
"1a4365bc-5d08-4eb5-aa9a-87348c911a38","DCFS_089.basePlot.vst","2015-09-02","vst_DCFS_2015","D09","DCFS","DCFS_089",,"NEON.PLA.D09.DCFS.00067",,"sapling","Live",1.2,10,0.7,,,,,,"Partially shaded",,,,,,,"eE6kvSR3uoy9zdn7o7etq88/xsP7F3Qo","4oCBvlQIQ4DhSH30J22+0bs0GAacIQwk","legacyData"
"f03bc963-ff41-4da7-8a72-6b0d5a866eb6","DCFS_089.basePlot.vst","2015-09-02","vst_DCFS_2015","D09","DCFS","DCFS_089",,"NEON.PLA.D09.DCFS.00102",,"sapling","Live",1.1,10,0.8,,,,,,"Full sun",,,,,,,"8yAqXs8NroBzXWOPhtsdubyIWh5dmMYy","Q97LKb9yzbP7tOLkuD+tPeCj3Bww5R2I","legacyData"
"9eebaae3-95fb-4e1f-bf5f-bbaad770ade8","DCFS_089.basePlot.vst","2015-09-02","vst_DCFS_2015","D09","DCFS","DCFS_089",,"NEON.PLA.D09.DCFS.00071",,"sapling","Live",1.3,10,0.7,,,,,,"Partially shaded",,,,,,,"eE6kvSR3uoy9zdn7o7etq88/xsP7F3Qo","4oCBvlQIQ4DhSH30J22+0bs0GAacIQwk","legacyData"
"9448d130-1c35-434d-8180-30080405188b","DCFS_089.basePlot.vst","2015-09-02","vst_DCFS_2015","D09","DCFS","DCFS_089",,"NEON.PLA.D09.DCFS.00105",,"small shrub","Standing dead",1.3,10,0.8,,,,0.7,0.3,"Full sun","inverted cone",,,6.00,5.00,"qualifying stem is dead & broken, additional live non-qualifying primary stems present","8yAqXs8NroBzXWOPhtsdubyIWh5dmMYy","Q97LKb9yzbP7tOLkuD+tPeCj3Bww5R2I","legacyData"
"f5464922-3069-4f79-913f-691ac23a9cdc","DCFS_089.basePlot.vst","2015-09-02","vst_DCFS_2015","D09","DCFS","DCFS_089",,"NEON.PLA.D09.DCFS.00111",,"sapling","Standing dead",1.2,10,0.9,,,,,,"Full sun",,,,,,"additional live non-qualifying primary stems present","8yAqXs8NroBzXWOPhtsdubyIWh5dmMYy","Q97LKb9yzbP7tOLkuD+tPeCj3Bww5R2I","legacyData"
"d3bf3320-0b89-4af6-aedd-bb36e9b34fdd","DCFS_089.basePlot.vst","2015-09-02","vst_DCFS_2015","D09","DCFS","DCFS_089",,"NEON.PLA.D09.DCFS.00107",,"small shrub","Live",1.2,10,1.0,,,,0.7,0.4,"Full sun","inverted cone",,,5.00,3.00,,"8yAqXs8NroBzXWOPhtsdubyIWh5dmMYy","Q97LKb9yzbP7tOLkuD+tPeCj3Bww5R2I","legacyData"
"387b891c-1cb6-42d2-8c58-c04721a282c6","DCFS_089.basePlot.vst","2015-09-02","vst_DCFS_2015","D09","DCFS","DCFS_089",,"NEON.PLA.D09.DCFS.00101",,"sapling","Live",1.2,10,0.9,,,,,,"Full sun",,,,,,,"8yAqXs8NroBzXWOPhtsdubyIWh5dmMYy","Q97LKb9yzbP7tOLkuD+tPeCj3Bww5R2I","legacyData"
"cafd360c-8faa-49c7-b149-cd18e83f054f","DCFS_089.basePlot.vst","2015-09-02","vst_DCFS_2015","D09","DCFS","DCFS_089",,"NEON.PLA.D09.DCFS.00059",,"sapling","Standing dead",2.7,10,1.1,,,,,,"Open grown",,,,,,"additional live non-qualifying primary stems","8yAqXs8NroBzXWOPhtsdubyIWh5dmMYy","Q97LKb9yzbP7tOLkuD+tPeCj3Bww5R2I","legacyData"
"dd9504de-5a3c-4096-8cec-40fa7b2c35be","DCFS_089.basePlot.vst","2015-09-02","vst_DCFS_2015","D09","DCFS","DCFS_089",,"NEON.PLA.D09.DCFS.00069",,"sapling","Live",1.0,10,0.8,,,,,,"Full sun",,,,,,,"eE6kvSR3uoy9zdn7o7etq88/xsP7F3Qo","4oCBvlQIQ4DhSH30J22+0bs0GAacIQwk","legacyData"
"ef0eb26d-4ded-4b9c-a822-5867bbf50b51","DCFS_089.basePlot.vst","2015-09-02","vst_DCFS_2015","D09","DCFS","DCFS_089",,"NEON.PLA.D09.DCFS.00108",,"sapling","Live",1.0,10,1.0,,,,,,"Full sun",,,,,,"additional live non-qualifying stems present","8yAqXs8NroBzXWOPhtsdubyIWh5dmMYy","Q97LKb9yzbP7tOLkuD+tPeCj3Bww5R2I","legacyData"
"c99e1c8e-10f7-4188-b49e-06820ea43178","DCFS_089.basePlot.vst","2015-09-02","vst_DCFS_2015","D09","DCFS","DCFS_089",,"NEON.PLA.D09.DCFS.00072",,"sapling","Live",1.0,10,1.0,,,,,,"Full sun",,,,,,,"eE6kvSR3uoy9zdn7o7etq88/xsP7F3Qo","4oCBvlQIQ4DhSH30J22+0bs0GAacIQwk","legacyData"
"ec017b69-a2bb-465e-a419-1f417be6fd09","DCFS_089.basePlot.vst","2015-09-02","vst_DCFS_2015","D09","DCFS","DCFS_089",,"NEON.PLA.D09.DCFS.00112",,"sapling","Live",1.4,10,1.0,,,,,,"Full sun",,,,,,,"8yAqXs8NroBzXWOPhtsdubyIWh5dmMYy","Q97LKb9yzbP7tOLkuD+tPeCj3Bww5R2I","legacyData"
"887c5c6b-4a60-4a36-aaf2-85cf0d38f2b1","DCFS_089.basePlot.vst","2015-09-02","vst_DCFS_2015","D09","DCFS","DCFS_089",,"NEON.PLA.D09.DCFS.00012",,"sapling","Live,  other damage",1.1,10,0.3,,,,,,"Full sun",,,,,,"live but broken at base","8yAqXs8NroBzXWOPhtsdubyIWh5dmMYy","Q97LKb9yzbP7tOLkuD+tPeCj3Bww5R2I","legacyData"
"62e870a0-c5d3-4335-b136-71533f5ed813","DCFS_089.basePlot.vst","2015-09-02","vst_DCFS_2015","D09","DCFS","DCFS_089",,"NEON.PLA.D09.DCFS.00068",,"sapling","Live",1.8,10,1.2,,,,,,"Full sun",,,,,,,"eE6kvSR3uoy9zdn7o7etq88/xsP7F3Qo","4oCBvlQIQ4DhSH30J22+0bs0GAacIQwk","legacyData"
"4b36a369-783b-403b-a5cc-ffe5b5bb2d4f","DCFS_089.basePlot.vst","2015-09-02","vst_DCFS_2015","D09","DCFS","DCFS_089",,"NEON.PLA.D09.DCFS.00011",,"sapling","Standing dead",1.4,10,0.3,,,,,,"Full sun",,,,,,"additional live non-qualifying primary stems","8yAqXs8NroBzXWOPhtsdubyIWh5dmMYy","Q97LKb9yzbP7tOLkuD+tPeCj3Bww5R2I","legacyData"
"9bd56e53-d9a8-436b-8c42-3690d26c1b59","DCFS_089.basePlot.vst","2015-09-02","vst_DCFS_2015","D09","DCFS","DCFS_089",,"NEON.PLA.D09.DCFS.00106",,"sapling","Live",1.4,10,0.9,,,,,,"Full sun",,,,,,"additional live and dead non-qualifying primary stems present","8yAqXs8NroBzXWOPhtsdubyIWh5dmMYy","Q97LKb9yzbP7tOLkuD+tPeCj3Bww5R2I","legacyData"
"86cd5a6e-33f2-491f-a25e-d47c03a53da9","DCFS_089.basePlot.vst","2015-09-02","vst_DCFS_2015","D09","DCFS","DCFS_089",,"NEON.PLA.D09.DCFS.00070",,"sapling","Live,  other damage",2.1,10,0.5,,,,,,"Partially shaded",,,,,,"cow trampled, flat, dying","eE6kvSR3uoy9zdn7o7etq88/xsP7F3Qo","4oCBvlQIQ4DhSH30J22+0bs0GAacIQwk","legacyData"
"17bf475a-896f-48da-8e7e-a08a961279ee","DCFS_089.basePlot.vst","2015-09-02","vst_DCFS_2015","D09","DCFS","DCFS_089",,"NEON.PLA.D09.DCFS.00113",,"sapling","Live,  other damage",1.6,10,0.8,,,,,,"Full sun",,,,,,,"8yAqXs8NroBzXWOPhtsdubyIWh5dmMYy","Q97LKb9yzbP7tOLkuD+tPeCj3Bww5R2I","legacyData"
"3de8475e-f7f3-41f2-8ba7-1d04a50d28e1","DCFS_089.basePlot.vst","2015-09-02","vst_DCFS_2015","D09","DCFS","DCFS_089",,"NEON.PLA.D09.DCFS.00109",,"sapling","Live",1.0,10,0.9,,,,,,"Full sun",,,,,,"additional live non-qualifying stems present","8yAqXs8NroBzXWOPhtsdubyIWh5dmMYy","Q97LKb9yzbP7tOLkuD+tPeCj3Bww5R2I","legacyData"
"e3100f70-8faa-4689-8729-5bdda565aed7","DCFS_089.basePlot.vst","2015-09-02","vst_DCFS_2015","D09","DCFS","DCFS_089",,"NEON.PLA.D09.DCFS.00104",,"sapling","Standing dead",1.2,10,0.7,,,,,,"Full sun",,,,,,"qualifying stem is broken at 32 cm, additional live non-qualifying primary stem","8yAqXs8NroBzXWOPhtsdubyIWh5dmMYy","Q97LKb9yzbP7tOLkuD+tPeCj3Bww5R2I","legacyData"
"76207c7f-9b89-40b6-af99-76df45e912b5","DCFS_089.basePlot.vst","2015-09-02","vst_DCFS_2015","D09","DCFS","DCFS_089",,"NEON.PLA.D09.DCFS.00065",,"sapling","Live",1.1,10,1.0,,,,,,"Partially shaded",,,,,,,"eE6kvSR3uoy9zdn7o7etq88/xsP7F3Qo","4oCBvlQIQ4DhSH30J22+0bs0GAacIQwk","legacyData"
"4b409066-89cb-40af-a25c-86dfc9a9d7b7","DCFS_089.basePlot.vst","2015-09-02","vst_DCFS_2015","D09","DCFS","DCFS_089",,"NEON.PLA.D09.DCFS.00103",,"sapling","Standing dead",1.2,10,0.6,,,,,,"Full sun",,,,,,,"8yAqXs8NroBzXWOPhtsdubyIWh5dmMYy","Q97LKb9yzbP7tOLkuD+tPeCj3Bww5R2I","legacyData"
"8c1c80f0-c156-4d1e-b309-624affcb1cf7","DCFS_087.basePlot.vst","2015-09-03","vst_DCFS_2015","D09","DCFS","DCFS_087",,"NEON.PLA.D09.DCFS.00110",,"sapling","Live",1.1,10,0.7,,,,,,"Full sun",,,,,,,"Q97LKb9yzbP7tOLkuD+tPeCj3Bww5R2I","4oCBvlQIQ4DhSH30J22+0bs0GAacIQwk","legacyData"
"87fd0c67-063a-44ba-aae9-b000d5db6f1f","DCFS_087.basePlot.vst","2015-09-03","vst_DCFS_2015","D09","DCFS","DCFS_087",,"NEON.PLA.D09.DCFS.00132",,"sapling","Live",1.6,10,1.0,,,,,,"Full sun",,,,,,,"Q97LKb9yzbP7tOLkuD+tPeCj3Bww5R2I","4oCBvlQIQ4DhSH30J22+0bs0GAacIQwk","legacyData"
"a8223dbd-4bac-4aa9-84b8-486bb991b126","DCFS_087.basePlot.vst","2015-09-03","vst_DCFS_2015","D09","DCFS","DCFS_087",,"NEON.PLA.D09.DCFS.00031",,"sapling","Live",1.0,10,0.5,,,,,,"Full sun",,,,,,,"Q97LKb9yzbP7tOLkuD+tPeCj3Bww5R2I","4oCBvlQIQ4DhSH30J22+0bs0GAacIQwk","legacyData"
"8c35c0b2-85aa-4d0a-9db2-8ca48bf575db","DCFS_087.basePlot.vst","2015-09-03","vst_DCFS_2015","D09","DCFS","DCFS_087",,"NEON.PLA.D09.DCFS.00119",,"sapling","Live,  other damage",3.2,10,1.2,,,,,,"Full sun",,,,,,"live but splitting at base","Q97LKb9yzbP7tOLkuD+tPeCj3Bww5R2I","4oCBvlQIQ4DhSH30J22+0bs0GAacIQwk","legacyData"
"d84a56cd-3a38-40da-a90d-c9a67efc5831","DCFS_087.basePlot.vst","2015-09-03","vst_DCFS_2015","D09","DCFS","DCFS_087",,"NEON.PLA.D09.DCFS.00147",,"sapling","Live",1.0,10,0.8,,,,,,"Full sun",,,,,,,"Q97LKb9yzbP7tOLkuD+tPeCj3Bww5R2I","4oCBvlQIQ4DhSH30J22+0bs0GAacIQwk","legacyData"
"1bde99c6-aa4c-4a4d-b360-87083bfb824f","DCFS_087.basePlot.vst","2015-09-03","vst_DCFS_2015","D09","DCFS","DCFS_087",,"NEON.PLA.D09.DCFS.00126",,"sapling","Standing dead",1.9,10,0.6,,,,,,"Full sun",,,,,,,"Q97LKb9yzbP7tOLkuD+tPeCj3Bww5R2I","4oCBvlQIQ4DhSH30J22+0bs0GAacIQwk","legacyData"
"65059b50-147c-48a8-bb73-261ce0ca423f","DCFS_070.basePlot.vst","2015-09-03","vst_DCFS_2015","D09","DCFS","DCFS_070",,"NEON.PLA.D09.DCFS.00033",,"sapling","Live",1.1,10,0.8,,,,,,"Full sun",,,,,,,"Q97LKb9yzbP7tOLkuD+tPeCj3Bww5R2I","4oCBvlQIQ4DhSH30J22+0bs0GAacIQwk","legacyData"
"3420cf8d-8f09-4be2-8620-c110513d307f","DCFS_070.basePlot.vst","2015-09-03","vst_DCFS_2015","D09","DCFS","DCFS_070",,"NEON.PLA.D09.DCFS.00056",,"sapling","Live",1.1,10,1.0,,,,,,"Full sun",,,,,,"additional live non-qualifying primary stem present","Q97LKb9yzbP7tOLkuD+tPeCj3Bww5R2I","4oCBvlQIQ4DhSH30J22+0bs0GAacIQwk","legacyData"
"e13851e9-6c33-45f1-aa21-94fbda42d4bd","DCFS_070.basePlot.vst","2015-09-03","vst_DCFS_2015","D09","DCFS","DCFS_070",,"NEON.PLA.D09.DCFS.00027",,"sapling","Live",1.2,10,0.7,,,,,,"Full sun",,,,,,,"Q97LKb9yzbP7tOLkuD+tPeCj3Bww5R2I","4oCBvlQIQ4DhSH30J22+0bs0GAacIQwk","legacyData"
"49304dce-91ca-4f4b-b3bc-1e91e035b0db","DCFS_070.basePlot.vst","2015-09-03","vst_DCFS_2015","D09","DCFS","DCFS_070",,"NEON.PLA.D09.DCFS.00038",,"sapling","Live",1.6,10,0.9,,,,,,"Full sun",,,,,,,"Q97LKb9yzbP7tOLkuD+tPeCj3Bww5R2I","4oCBvlQIQ4DhSH30J22+0bs0GAacIQwk","legacyData"
"515de43e-d37c-4f0b-93ec-b2cce353ad01","DCFS_070.basePlot.vst","2015-09-03","vst_DCFS_2015","D09","DCFS","DCFS_070",,"NEON.PLA.D09.DCFS.00036",,"sapling","Live",1.2,10,0.7,,,,,,"Full sun",,,,,,"dying leaves","Q97LKb9yzbP7tOLkuD+tPeCj3Bww5R2I","4oCBvlQIQ4DhSH30J22+0bs0GAacIQwk","legacyData"
"12536492-ca20-49ee-b0c0-d245b45dfbf4","DCFS_070.basePlot.vst","2015-09-03","vst_DCFS_2015","D09","DCFS","DCFS_070",,"NEON.PLA.D09.DCFS.00029",,"small shrub","Standing dead",1.3,10,1.0,,,,0.4,0.4,"Full sun","inverted cone",,,4.00,3.00,,"Q97LKb9yzbP7tOLkuD+tPeCj3Bww5R2I","4oCBvlQIQ4DhSH30J22+0bs0GAacIQwk","legacyData"
"aa99ed70-4336-4d94-be9d-f122ce85381a","DCFS_070.basePlot.vst","2015-09-03","vst_DCFS_2015","D09","DCFS","DCFS_070",,"NEON.PLA.D09.DCFS.00042",,"small shrub","Live",1.1,10,0.8,,,,0.4,0.4,"Full sun","inverted cone",,,5.00,3.00,,"Q97LKb9yzbP7tOLkuD+tPeCj3Bww5R2I","4oCBvlQIQ4DhSH30J22+0bs0GAacIQwk","legacyData"
"ff6ded41-19fc-4c3b-9e28-1140a648b841","DCFS_070.basePlot.vst","2015-09-03","vst_DCFS_2015","D09","DCFS","DCFS_070",,"NEON.PLA.D09.DCFS.00032",,"sapling","Standing dead",1.3,10,0.7,,,,,,"Full sun",,,,,,"live growth at base","Q97LKb9yzbP7tOLkuD+tPeCj3Bww5R2I","4oCBvlQIQ4DhSH30J22+0bs0GAacIQwk","legacyData"
"8848da00-a7be-4da2-af33-901def2c3130","DCFS_070.basePlot.vst","2015-09-03","vst_DCFS_2015","D09","DCFS","DCFS_070",,"NEON.PLA.D09.DCFS.00022",,"sapling","Live",1.3,10,1.0,,,,,,"Full sun",,,,,,"additional live non-qualifying primary stems present","Q97LKb9yzbP7tOLkuD+tPeCj3Bww5R2I","4oCBvlQIQ4DhSH30J22+0bs0GAacIQwk","legacyData"
"e3ed0b67-0974-4075-af50-df4aaa73c850","DCFS_070.basePlot.vst","2015-09-03","vst_DCFS_2015","D09","DCFS","DCFS_070",,"NEON.PLA.D09.DCFS.00053",,"small shrub","Live",1.3,10,0.7,,,,0.8,0.3,"Full sun","inverted cone",,,8.00,4.00,,"Q97LKb9yzbP7tOLkuD+tPeCj3Bww5R2I","4oCBvlQIQ4DhSH30J22+0bs0GAacIQwk","legacyData"
"6899626f-c861-4bb0-807d-61e23d05cab1","DCFS_070.basePlot.vst","2015-09-03","vst_DCFS_2015","D09","DCFS","DCFS_070",,"NEON.PLA.D09.DCFS.00034",,"sapling","Standing dead",2.4,10,0.6,,,,,,"Full sun",,,,,,"live growth at base","Q97LKb9yzbP7tOLkuD+tPeCj3Bww5R2I","4oCBvlQIQ4DhSH30J22+0bs0GAacIQwk","legacyData"
"a3ddf8c1-44f4-480a-be0d-a842209b2852","DCFS_070.basePlot.vst","2015-09-03","vst_DCFS_2015","D09","DCFS","DCFS_070",,"NEON.PLA.D09.DCFS.00023",,"sapling","Live",1.8,10,1.0,,,,,,"Full sun",,,,,,,"Q97LKb9yzbP7tOLkuD+tPeCj3Bww5R2I","4oCBvlQIQ4DhSH30J22+0bs0GAacIQwk","legacyData"
"f3f2ced5-4e1c-420e-85bf-5159c3669a56","DCFS_070.basePlot.vst","2015-09-03","vst_DCFS_2015","D09","DCFS","DCFS_070",,"NEON.PLA.D09.DCFS.00046",,"sapling","Live",1.0,10,0.5,,,,,,"Full sun",,,,,,,"Q97LKb9yzbP7tOLkuD+tPeCj3Bww5R2I","4oCBvlQIQ4DhSH30J22+0bs0GAacIQwk","legacyData"
"d26be78b-23be-441e-8a08-6d6a6bcff5de","DCFS_070.basePlot.vst","2015-09-03","vst_DCFS_2015","D09","DCFS","DCFS_070",,"NEON.PLA.D09.DCFS.00041",,"sapling","Live",1.2,10,0.7,,,,,,"Full sun",,,,,,,"Q97LKb9yzbP7tOLkuD+tPeCj3Bww5R2I","4oCBvlQIQ4DhSH30J22+0bs0GAacIQwk","legacyData"
"5f61acbf-080c-4b33-9bb2-8d10245c06af","DCFS_070.basePlot.vst","2015-09-03","vst_DCFS_2015","D09","DCFS","DCFS_070",,"NEON.PLA.D09.DCFS.00020",,"sapling","Live",1.3,10,1.1,,,,,,"Full sun",,,,,,,"Q97LKb9yzbP7tOLkuD+tPeCj3Bww5R2I","4oCBvlQIQ4DhSH30J22+0bs0GAacIQwk","legacyData"
"def19e86-82c2-40d9-91ba-8522dfc6c658","DCFS_070.basePlot.vst","2015-09-03","vst_DCFS_2015","D09","DCFS","DCFS_070",,"NEON.PLA.D09.DCFS.00018",,"small shrub","Live",1.6,10,1.0,,,,0.7,0.5,"Full sun","inverted cone",,,16.00,7.00,"photos 890-892. Canopy measurements without second dead/broken stem are 0.5 and 0.4","Q97LKb9yzbP7tOLkuD+tPeCj3Bww5R2I","4oCBvlQIQ4DhSH30J22+0bs0GAacIQwk","legacyData"
"0a6951b7-6b06-4c71-af5f-c2df96c4b77b","DCFS_070.basePlot.vst","2015-09-03","vst_DCFS_2015","D09","DCFS","DCFS_070",,"NEON.PLA.D09.DCFS.00013",,"small shrub","Live",1.2,10,0.9,,,,0.3,0.2,"Full sun","inverted cone",,,2.00,2.00,"photos 884-886","Q97LKb9yzbP7tOLkuD+tPeCj3Bww5R2I","4oCBvlQIQ4DhSH30J22+0bs0GAacIQwk","legacyData"
"8b978f40-1918-4d50-978c-6a735eacae79","DCFS_070.basePlot.vst","2015-09-03","vst_DCFS_2015","D09","DCFS","DCFS_070",,"NEON.PLA.D09.DCFS.00050",,"sapling","Live,  other damage",1.6,10,0.9,,,,,,"Full sun",,,,,,,"Q97LKb9yzbP7tOLkuD+tPeCj3Bww5R2I","4oCBvlQIQ4DhSH30J22+0bs0GAacIQwk","legacyData"
"47744816-aa29-4f96-99ac-b5336480471f","DCFS_070.basePlot.vst","2015-09-03","vst_DCFS_2015","D09","DCFS","DCFS_070",,"NEON.PLA.D09.DCFS.00048",,"sapling","Standing dead",1.3,10,0.5,,,,,,"Full sun",,,,,,"additional live non-qualifying primary stems present","Q97LKb9yzbP7tOLkuD+tPeCj3Bww5R2I","4oCBvlQIQ4DhSH30J22+0bs0GAacIQwk","legacyData"
"42daea4d-b5a9-45f7-be97-2fce8d051376","DCFS_087.basePlot.vst","2015-09-03","vst_DCFS_2015","D09","DCFS","DCFS_087",,"NEON.PLA.D09.DCFS.00149",,"small shrub","Live",1.1,10,0.9,,,,0.5,0.3,"Full sun","inverted cone",,,3.00,2.00,,"Q97LKb9yzbP7tOLkuD+tPeCj3Bww5R2I","4oCBvlQIQ4DhSH30J22+0bs0GAacIQwk","legacyData"
"50029d7a-ed16-402e-ad23-baa9c8291322","DCFS_070.basePlot.vst","2015-09-03","vst_DCFS_2015","D09","DCFS","DCFS_070",,"NEON.PLA.D09.DCFS.00043",,"sapling","Live",1.6,10,0.8,,,,,,"Full sun",,,,,,,"Q97LKb9yzbP7tOLkuD+tPeCj3Bww5R2I","4oCBvlQIQ4DhSH30J22+0bs0GAacIQwk","legacyData"
"59674945-e45e-42a3-8fb7-567b4e09d81d","DCFS_070.basePlot.vst","2015-09-03","vst_DCFS_2015","D09","DCFS","DCFS_070",,"NEON.PLA.D09.DCFS.00063",,"sapling","Live",1.5,10,1.0,,,,,,"Full sun",,,,,,,"Q97LKb9yzbP7tOLkuD+tPeCj3Bww5R2I","4oCBvlQIQ4DhSH30J22+0bs0GAacIQwk","legacyData"
"a0d86d42-cd8a-461d-b73a-273d2cd05417","DCFS_087.basePlot.vst","2015-09-03","vst_DCFS_2015","D09","DCFS","DCFS_087",,"NEON.PLA.D09.DCFS.00130",,"sapling","Live",1.4,10,0.7,,,,,,"Full sun",,,,,,,"Q97LKb9yzbP7tOLkuD+tPeCj3Bww5R2I","4oCBvlQIQ4DhSH30J22+0bs0GAacIQwk","legacyData"
"94196105-f722-405a-9dee-c4e6ffdc8572","DCFS_087.basePlot.vst","2015-09-03","vst_DCFS_2015","D09","DCFS","DCFS_087",,"NEON.PLA.D09.DCFS.00153",,"sapling","Live",1.3,10,0.8,,,,,,"Full sun",,,,,,,"Q97LKb9yzbP7tOLkuD+tPeCj3Bww5R2I","4oCBvlQIQ4DhSH30J22+0bs0GAacIQwk","legacyData"
"2ad1ed13-d13f-4578-9753-420bea144046","DCFS_087.basePlot.vst","2015-09-03","vst_DCFS_2015","D09","DCFS","DCFS_087",,"NEON.PLA.D09.DCFS.00121",,"sapling","Live",1.0,10,0.8,,,,,,"Full sun",,,,,,,"Q97LKb9yzbP7tOLkuD+tPeCj3Bww5R2I","4oCBvlQIQ4DhSH30J22+0bs0GAacIQwk","legacyData"
"a50a2946-d55f-442a-a89e-3897224c1eda","DCFS_087.basePlot.vst","2015-09-03","vst_DCFS_2015","D09","DCFS","DCFS_087",,"NEON.PLA.D09.DCFS.00142",,"sapling","Live",1.2,10,0.6,,,,,,"Full sun",,,,,,,"Q97LKb9yzbP7tOLkuD+tPeCj3Bww5R2I","4oCBvlQIQ4DhSH30J22+0bs0GAacIQwk","legacyData"
"0cd3ef1b-4542-44b9-a53c-429c2d87b0c4","DCFS_087.basePlot.vst","2015-09-03","vst_DCFS_2015","D09","DCFS","DCFS_087",,"NEON.PLA.D09.DCFS.00047",,"small shrub","Live",1.8,10,0.7,,,,0.2,0.2,"Full sun","cylinder",,,,,,"Q97LKb9yzbP7tOLkuD+tPeCj3Bww5R2I","4oCBvlQIQ4DhSH30J22+0bs0GAacIQwk","legacyData"
"4dd96ed8-a2a4-4ea6-8261-ff0f593cc8f5","DCFS_087.basePlot.vst","2015-09-03","vst_DCFS_2015","D09","DCFS","DCFS_087",,"NEON.PLA.D09.DCFS.00139",,"sapling","Live",1.3,10,0.6,,,,,,"Full sun",,,,,,,"Q97LKb9yzbP7tOLkuD+tPeCj3Bww5R2I","4oCBvlQIQ4DhSH30J22+0bs0GAacIQwk","legacyData"
"76cabf72-191b-4c38-8717-61bf115a3c58","DCFS_087.basePlot.vst","2015-09-03","vst_DCFS_2015","D09","DCFS","DCFS_087",,"NEON.PLA.D09.DCFS.00160",,"sapling","Live",1.3,10,0.8,,,,,,"Full sun",,,,,,,"Q97LKb9yzbP7tOLkuD+tPeCj3Bww5R2I","4oCBvlQIQ4DhSH30J22+0bs0GAacIQwk","legacyData"
"5af51474-1247-4097-84f0-8487eb8df9ee","DCFS_087.basePlot.vst","2015-09-03","vst_DCFS_2015","D09","DCFS","DCFS_087",,"NEON.PLA.D09.DCFS.00154",,"sapling","Live",1.1,10,1.0,,,,,,"Full sun",,,,,,,"Q97LKb9yzbP7tOLkuD+tPeCj3Bww5R2I","4oCBvlQIQ4DhSH30J22+0bs0GAacIQwk","legacyData"
"074f2884-e67d-4888-aa57-58d9c4f1155b","DCFS_087.basePlot.vst","2015-09-03","vst_DCFS_2015","D09","DCFS","DCFS_087",,"NEON.PLA.D09.DCFS.00152",,"sapling","Live",1.2,10,0.7,,,,,,"Full sun",,,,,,"additional dead non-qualifying primary stem present","Q97LKb9yzbP7tOLkuD+tPeCj3Bww5R2I","4oCBvlQIQ4DhSH30J22+0bs0GAacIQwk","legacyData"
"c7aa5277-625b-4545-91e4-83fd9236478f","DCFS_087.basePlot.vst","2015-09-03","vst_DCFS_2015","D09","DCFS","DCFS_087",,"NEON.PLA.D09.DCFS.00118",,"small shrub","Live",1.1,10,0.9,,,,0.6,0.5,"Full sun","inverted cone",,,5.00,3.00,,"Q97LKb9yzbP7tOLkuD+tPeCj3Bww5R2I","4oCBvlQIQ4DhSH30J22+0bs0GAacIQwk","legacyData"
"73185eaf-cc6c-4db9-b148-3e67d4a86de6","DCFS_087.basePlot.vst","2015-09-03","vst_DCFS_2015","D09","DCFS","DCFS_087",,"NEON.PLA.D09.DCFS.00156",,"sapling","Live",1.0,10,0.7,,,,,,"Full sun",,,,,,,"Q97LKb9yzbP7tOLkuD+tPeCj3Bww5R2I","4oCBvlQIQ4DhSH30J22+0bs0GAacIQwk","legacyData"
"721caa41-5e87-4164-b246-d1371ec01a84","DCFS_087.basePlot.vst","2015-09-03","vst_DCFS_2015","D09","DCFS","DCFS_087",,"NEON.PLA.D09.DCFS.00122",,"sapling","Live",2.0,10,1.3,,,,,,"Full sun",,,,,,,"Q97LKb9yzbP7tOLkuD+tPeCj3Bww5R2I","4oCBvlQIQ4DhSH30J22+0bs0GAacIQwk","legacyData"
"d8103bf1-3015-47ee-91bb-678ca04eaee6","DCFS_087.basePlot.vst","2015-09-03","vst_DCFS_2015","D09","DCFS","DCFS_087",,"NEON.PLA.D09.DCFS.00145",,"sapling","Live",1.1,10,0.8,,,,,,"Full sun",,,,,,,"Q97LKb9yzbP7tOLkuD+tPeCj3Bww5R2I","4oCBvlQIQ4DhSH30J22+0bs0GAacIQwk","legacyData"
"9961d546-a725-40a4-8e33-fb933247c508","DCFS_087.basePlot.vst","2015-09-03","vst_DCFS_2015","D09","DCFS","DCFS_087",,"NEON.PLA.D09.DCFS.00158",,"sapling","Live,  other damage",1.1,10,0.6,,,,,,"Full sun",,,,,,"split near base; additional live non-qualifying primary stems present","Q97LKb9yzbP7tOLkuD+tPeCj3Bww5R2I","4oCBvlQIQ4DhSH30J22+0bs0GAacIQwk","legacyData"
"afd3b768-cb23-4fee-8682-c445bff2d88f","DCFS_087.basePlot.vst","2015-09-03","vst_DCFS_2015","D09","DCFS","DCFS_087",,"NEON.PLA.D09.DCFS.00135",,"sapling","Live",1.4,10,1.1,,,,,,"Full sun",,,,,,,"Q97LKb9yzbP7tOLkuD+tPeCj3Bww5R2I","4oCBvlQIQ4DhSH30J22+0bs0GAacIQwk","legacyData"
"1f1fe7ad-a98f-498c-8afd-c1355024780d","DCFS_087.basePlot.vst","2015-09-03","vst_DCFS_2015","D09","DCFS","DCFS_087",,"NEON.PLA.D09.DCFS.00136",,"small shrub","Live",1.1,10,0.8,,,,0.3,0.2,"Full sun","inverted cone",,,4.00,3.00,,"Q97LKb9yzbP7tOLkuD+tPeCj3Bww5R2I","4oCBvlQIQ4DhSH30J22+0bs0GAacIQwk","legacyData"
"c6bea751-95c2-4f13-b9e0-434514db1541","DCFS_087.basePlot.vst","2015-09-03","vst_DCFS_2015","D09","DCFS","DCFS_087",,"NEON.PLA.D09.DCFS.00143",,"sapling","Live",1.2,10,0.6,,,,,,"Full sun",,,,,,,"Q97LKb9yzbP7tOLkuD+tPeCj3Bww5R2I","4oCBvlQIQ4DhSH30J22+0bs0GAacIQwk","legacyData"
"edb7d02b-525a-4c3f-9ea6-676acd9a3a2f","DCFS_087.basePlot.vst","2015-09-03","vst_DCFS_2015","D09","DCFS","DCFS_087",,"NEON.PLA.D09.DCFS.00134",,"sapling","Live",1.5,10,1.0,,,,,,"Full sun",,,,,,,"Q97LKb9yzbP7tOLkuD+tPeCj3Bww5R2I","4oCBvlQIQ4DhSH30J22+0bs0GAacIQwk","legacyData"
"4d13caff-5ad6-4a42-a03b-81d62b6ed0ec","DCFS_087.basePlot.vst","2015-09-03","vst_DCFS_2015","D09","DCFS","DCFS_087",,"NEON.PLA.D09.DCFS.00129",,"sapling","Live",1.2,10,0.7,,,,,,"Full sun",,,,,,,"Q97LKb9yzbP7tOLkuD+tPeCj3Bww5R2I","4oCBvlQIQ4DhSH30J22+0bs0GAacIQwk","legacyData"
"4e15f475-44d0-4806-801d-b9eedcf9bb50","DCFS_087.basePlot.vst","2015-09-03","vst_DCFS_2015","D09","DCFS","DCFS_087",,"NEON.PLA.D09.DCFS.00116",,"small shrub","Live",1.8,10,1.0,,,,0.4,0.3,"Full sun","inverted cone",,,4.00,3.00,,"Q97LKb9yzbP7tOLkuD+tPeCj3Bww5R2I","4oCBvlQIQ4DhSH30J22+0bs0GAacIQwk","legacyData"
"875bfe88-6277-4666-bdcf-c34281e022f5","DCFS_087.basePlot.vst","2015-09-03","vst_DCFS_2015","D09","DCFS","DCFS_087",,"NEON.PLA.D09.DCFS.00117",,"sapling","Live",1.4,10,1.0,,,,,,"Full sun",,,,,,,"Q97LKb9yzbP7tOLkuD+tPeCj3Bww5R2I","4oCBvlQIQ4DhSH30J22+0bs0GAacIQwk","legacyData"
"62f915d2-fcb0-4938-ab10-9d82c14ed01e","DCFS_087.basePlot.vst","2015-09-03","vst_DCFS_2015","D09","DCFS","DCFS_087",,"NEON.PLA.D09.DCFS.00127",,"sapling","Live",1.1,10,0.7,,,,,,"Full sun",,,,,,,"Q97LKb9yzbP7tOLkuD+tPeCj3Bww5R2I","4oCBvlQIQ4DhSH30J22+0bs0GAacIQwk","legacyData"
"f74767be-5f8d-4d2d-a533-aa41a5039454","DCFS_087.basePlot.vst","2015-09-03","vst_DCFS_2015","D09","DCFS","DCFS_087",,"NEON.PLA.D09.DCFS.00144",,"sapling","Live",1.1,10,0.5,,,,,,"Full sun",,,,,,,"Q97LKb9yzbP7tOLkuD+tPeCj3Bww5R2I","4oCBvlQIQ4DhSH30J22+0bs0GAacIQwk","legacyData"
"b2650daa-4da5-4c5b-b0a3-d47c7f229a37","DCFS_087.basePlot.vst","2015-09-03","vst_DCFS_2015","D09","DCFS","DCFS_087",,"NEON.PLA.D09.DCFS.00061",,"sapling","Live",1.1,10,0.6,,,,,,"Full sun",,,,,,,"Q97LKb9yzbP7tOLkuD+tPeCj3Bww5R2I","4oCBvlQIQ4DhSH30J22+0bs0GAacIQwk","legacyData"
"866d87da-d0e3-4621-9e33-08268f7606f8","DCFS_087.basePlot.vst","2015-09-03","vst_DCFS_2015","D09","DCFS","DCFS_087",,"NEON.PLA.D09.DCFS.00133",,"small shrub","Live",1.0,10,0.8,,,,1.3,0.5,"Full sun","inverted cone",,,7.00,5.00,"photos 893-895. Canopy measurements above include the second qualifying dead stem. Without that stem, canopy measurements are 0.3 and 0.2. The second qualifying stem is dead & lying on ground, but still attached at base. Unsure of shrub shape.","Q97LKb9yzbP7tOLkuD+tPeCj3Bww5R2I","4oCBvlQIQ4DhSH30J22+0bs0GAacIQwk","legacyData"
"3bcfa7a1-c02f-4fe0-8ba1-b2665176d4e1","DCFS_087.basePlot.vst","2015-09-03","vst_DCFS_2015","D09","DCFS","DCFS_087",,"NEON.PLA.D09.DCFS.00137",,"sapling","Live",1.2,10,0.6,,,,,,"Full sun",,,,,,"additional live non-qualifying primary stems present","Q97LKb9yzbP7tOLkuD+tPeCj3Bww5R2I","4oCBvlQIQ4DhSH30J22+0bs0GAacIQwk","legacyData"
"e540d770-8c0a-483f-b59d-e28d5864ff6d","DCFS_070.basePlot.vst","2015-09-03","vst_DCFS_2015","D09","DCFS","DCFS_070",,"NEON.PLA.D09.DCFS.00025",,"sapling","Live",2.1,10,1.4,,,,,,"Full sun",,,,,,,"Q97LKb9yzbP7tOLkuD+tPeCj3Bww5R2I","4oCBvlQIQ4DhSH30J22+0bs0GAacIQwk","legacyData"
"acc07d19-1a28-498f-a5d5-7fae25c18f75","DCFS_070.basePlot.vst","2015-09-03","vst_DCFS_2015","D09","DCFS","DCFS_070",,"NEON.PLA.D09.DCFS.00062",,"sapling","Standing dead",2.7,10,0.4,,,,,,"Full sun",,,,,,"dead & broken, photos 887-889","Q97LKb9yzbP7tOLkuD+tPeCj3Bww5R2I","4oCBvlQIQ4DhSH30J22+0bs0GAacIQwk","legacyData"
"6a80c712-b722-46c6-90e5-678a6606530a","DCFS_070.basePlot.vst","2015-09-03","vst_DCFS_2015","D09","DCFS","DCFS_070",,"NEON.PLA.D09.DCFS.00040",,"sapling","Live",1.7,10,0.9,,,,,,"Full sun",,,,,,,"Q97LKb9yzbP7tOLkuD+tPeCj3Bww5R2I","4oCBvlQIQ4DhSH30J22+0bs0GAacIQwk","legacyData"
"c9a95eff-afc3-4a57-b577-da1a52c96eb3","DCFS_070.basePlot.vst","2015-09-03","vst_DCFS_2015","D09","DCFS","DCFS_070",,"NEON.PLA.D09.DCFS.00058",,"sapling","Live",1.3,10,1.1,,,,,,"Full sun",,,,,,"additional live non-qualifying primary stems present","Q97LKb9yzbP7tOLkuD+tPeCj3Bww5R2I","4oCBvlQIQ4DhSH30J22+0bs0GAacIQwk","legacyData"
"d62c0ae1-b8be-4024-8b02-044281727d36","DCFS_070.basePlot.vst","2015-09-03","vst_DCFS_2015","D09","DCFS","DCFS_070",,"NEON.PLA.D09.DCFS.00019",,"sapling","Standing dead",2.1,10,0.5,,,,,,"Full sun",,,,,,"live growth at base","Q97LKb9yzbP7tOLkuD+tPeCj3Bww5R2I","4oCBvlQIQ4DhSH30J22+0bs0GAacIQwk","legacyData"
"74386fd5-50ce-4ba1-a21c-6fd12db0462e","DCFS_070.basePlot.vst","2015-09-03","vst_DCFS_2015","D09","DCFS","DCFS_070",,"NEON.PLA.D09.DCFS.00037",,"sapling","Live",1.0,10,0.7,,,,,,"Full sun",,,,,,,"Q97LKb9yzbP7tOLkuD+tPeCj3Bww5R2I","4oCBvlQIQ4DhSH30J22+0bs0GAacIQwk","legacyData"
"45be9744-138b-4f4a-811e-0ff70e611903","DCFS_070.basePlot.vst","2015-09-03","vst_DCFS_2015","D09","DCFS","DCFS_070",,"NEON.PLA.D09.DCFS.00055",,"sapling","Live",1.5,10,1.0,,,,,,"Full sun",,,,,,,"Q97LKb9yzbP7tOLkuD+tPeCj3Bww5R2I","4oCBvlQIQ4DhSH30J22+0bs0GAacIQwk","legacyData"
"f0e6bc89-2dcd-4d35-ab22-91509cba2b9a","DCFS_070.basePlot.vst","2015-09-03","vst_DCFS_2015","D09","DCFS","DCFS_070",,"NEON.PLA.D09.DCFS.00035",,"sapling","Standing dead",2.9,10,0.6,,,,,,"Full sun",,,,,,"additional live non-qualifying primary stems present","Q97LKb9yzbP7tOLkuD+tPeCj3Bww5R2I","4oCBvlQIQ4DhSH30J22+0bs0GAacIQwk","legacyData"
"c29b82dd-8be5-4571-a25f-4e9b0a4abf7f","DCFS_070.basePlot.vst","2015-09-03","vst_DCFS_2015","D09","DCFS","DCFS_070",,"NEON.PLA.D09.DCFS.00054",,"sapling","Live",1.7,10,0.6,,,,,,"Full sun",,,,,,"mostly dead with some live growth","Q97LKb9yzbP7tOLkuD+tPeCj3Bww5R2I","4oCBvlQIQ4DhSH30J22+0bs0GAacIQwk","legacyData"
"ffc57c2a-b978-492c-95ba-5ad7d137e4d0","DCFS_070.basePlot.vst","2015-09-03","vst_DCFS_2015","D09","DCFS","DCFS_070",,"NEON.PLA.D09.DCFS.00064",,"sapling","Live",2.0,10,1.0,,,,,,"Full sun",,,,,,,"Q97LKb9yzbP7tOLkuD+tPeCj3Bww5R2I","4oCBvlQIQ4DhSH30J22+0bs0GAacIQwk","legacyData"
"4f5931a5-bb6c-4f18-88f4-1b7a3bfa7fb1","DCFS_070.basePlot.vst","2015-09-03","vst_DCFS_2015","D09","DCFS","DCFS_070",,"NEON.PLA.D09.DCFS.00030",,"sapling","Live",2.4,10,1.3,,,,,,"Full sun",,,,,,,"Q97LKb9yzbP7tOLkuD+tPeCj3Bww5R2I","4oCBvlQIQ4DhSH30J22+0bs0GAacIQwk","legacyData"
"2b3bcae8-b28a-4262-9d9e-d06a600d7770","DCFS_070.basePlot.vst","2015-09-03","vst_DCFS_2015","D09","DCFS","DCFS_070",,"NEON.PLA.D09.DCFS.00057",,"sapling","Live",1.2,10,0.8,,,,,,"Full sun",,,,,,,"Q97LKb9yzbP7tOLkuD+tPeCj3Bww5R2I","4oCBvlQIQ4DhSH30J22+0bs0GAacIQwk","legacyData"
"498c40d0-7694-4579-aa90-b729436dc41e","DCFS_070.basePlot.vst","2015-09-03","vst_DCFS_2015","D09","DCFS","DCFS_070",,"NEON.PLA.D09.DCFS.00028",,"sapling","Live",1.5,10,0.9,,,,,,"Full sun",,,,,,,"Q97LKb9yzbP7tOLkuD+tPeCj3Bww5R2I","4oCBvlQIQ4DhSH30J22+0bs0GAacIQwk","legacyData"
"ff8a76d9-ee2a-441a-a691-bca1bc45978a","DCFS_070.basePlot.vst","2015-09-03","vst_DCFS_2015","D09","DCFS","DCFS_070",,"NEON.PLA.D09.DCFS.00039",,"sapling","Standing dead",1.1,10,0.6,,,,,,"Full sun",,,,,,"additional live non-qualifying primary stems present","Q97LKb9yzbP7tOLkuD+tPeCj3Bww5R2I","4oCBvlQIQ4DhSH30J22+0bs0GAacIQwk","legacyData"
"a5aa644f-4a2c-433c-a927-5d54453fbef0","DCFS_087.basePlot.vst","2015-09-03","vst_DCFS_2015","D09","DCFS","DCFS_087",,"NEON.PLA.D09.DCFS.00115",,"sapling","Live",1.4,10,0.9,,,,,,"Full sun",,,,,,"additional dead non-qualifying primary stem present","Q97LKb9yzbP7tOLkuD+tPeCj3Bww5R2I","4oCBvlQIQ4DhSH30J22+0bs0GAacIQwk","legacyData"
"835819fd-c11f-48ea-851c-34ae15588e8a","DCFS_087.basePlot.vst","2015-09-03","vst_DCFS_2015","D09","DCFS","DCFS_087",,"NEON.PLA.D09.DCFS.00157",,"sapling","Live",1.5,10,0.7,,,,,,"Full sun",,,,,,,"Q97LKb9yzbP7tOLkuD+tPeCj3Bww5R2I","4oCBvlQIQ4DhSH30J22+0bs0GAacIQwk","legacyData"
"2475b29e-afa4-4c8c-bbd5-27eb501494ed","DCFS_087.basePlot.vst","2015-09-03","vst_DCFS_2015","D09","DCFS","DCFS_087",,"NEON.PLA.D09.DCFS.00146",,"sapling","Live",1.1,10,0.6,,,,,,"Full sun",,,,,,,"Q97LKb9yzbP7tOLkuD+tPeCj3Bww5R2I","4oCBvlQIQ4DhSH30J22+0bs0GAacIQwk","legacyData"
"1b7b60af-13ef-4113-af07-310af508b6c3","DCFS_087.basePlot.vst","2015-09-03","vst_DCFS_2015","D09","DCFS","DCFS_087",,"NEON.PLA.D09.DCFS.00125",,"sapling","Standing dead",1.0,10,0.8,,,,,,"Full sun",,,,,,,"Q97LKb9yzbP7tOLkuD+tPeCj3Bww5R2I","4oCBvlQIQ4DhSH30J22+0bs0GAacIQwk","legacyData"
"021888ba-c305-4fb0-b6b4-69a61b50f0a7","DCFS_070.basePlot.vst","2015-09-03","vst_DCFS_2015","D09","DCFS","DCFS_070",,"NEON.PLA.D09.DCFS.00049",,"small shrub","Live",2.1,10,1.2,,,,0.8,0.4,"Full sun","inverted cone",,,8.00,7.00,,"Q97LKb9yzbP7tOLkuD+tPeCj3Bww5R2I","4oCBvlQIQ4DhSH30J22+0bs0GAacIQwk","legacyData"
"6aea6cfa-3bab-4f72-aa5b-d92f0f006df2","DCFS_087.basePlot.vst","2015-09-03","vst_DCFS_2015","D09","DCFS","DCFS_087",,"NEON.PLA.D09.DCFS.00128",,"sapling","Live",1.2,10,0.8,,,,,,"Full sun",,,,,,"additional live non-qualifying primary stems present","Q97LKb9yzbP7tOLkuD+tPeCj3Bww5R2I","4oCBvlQIQ4DhSH30J22+0bs0GAacIQwk","legacyData"
"4ebed79a-db4c-4318-bf45-66b8d6ab0bc6","DCFS_087.basePlot.vst","2015-09-03","vst_DCFS_2015","D09","DCFS","DCFS_087",,"NEON.PLA.D09.DCFS.00138",,"sapling","Live",1.4,10,0.7,,,,,,"Full sun",,,,,,,"Q97LKb9yzbP7tOLkuD+tPeCj3Bww5R2I","4oCBvlQIQ4DhSH30J22+0bs0GAacIQwk","legacyData"
"b0351549-51ee-449c-a598-7c7be7bf3254","DCFS_087.basePlot.vst","2015-09-03","vst_DCFS_2015","D09","DCFS","DCFS_087",,"NEON.PLA.D09.DCFS.00140",,"sapling","Live",1.1,10,0.7,,,,,,"Full sun",,,,,,,"Q97LKb9yzbP7tOLkuD+tPeCj3Bww5R2I","4oCBvlQIQ4DhSH30J22+0bs0GAacIQwk","legacyData"
"1c44bdfc-2d39-4ffa-8ec3-9a1b760de1cd","DCFS_087.basePlot.vst","2015-09-03","vst_DCFS_2015","D09","DCFS","DCFS_087",,"NEON.PLA.D09.DCFS.00123",,"sapling","Standing dead",1.3,10,0.8,,,,,,"Full sun",,,,,,"several additional live non-qualifying primary stems present","Q97LKb9yzbP7tOLkuD+tPeCj3Bww5R2I","4oCBvlQIQ4DhSH30J22+0bs0GAacIQwk","legacyData"
"16c0417e-cb93-4050-bc68-866ee359e153","DCFS_087.basePlot.vst","2015-09-03","vst_DCFS_2015","D09","DCFS","DCFS_087",,"NEON.PLA.D09.DCFS.00155",,"sapling","Live",1.2,10,0.7,,,,,,"Full sun",,,,,,"additional live non-qualifying primary stem present","Q97LKb9yzbP7tOLkuD+tPeCj3Bww5R2I","4oCBvlQIQ4DhSH30J22+0bs0GAacIQwk","legacyData"
"daae76b8-b51b-4537-acf7-08b54cb7866d","DCFS_087.basePlot.vst","2015-09-03","vst_DCFS_2015","D09","DCFS","DCFS_087",,"NEON.PLA.D09.DCFS.00124",,"sapling","Live",1.7,10,1.0,,,,,,"Full sun",,,,,,"additional live non-qualifying primary stem present","Q97LKb9yzbP7tOLkuD+tPeCj3Bww5R2I","4oCBvlQIQ4DhSH30J22+0bs0GAacIQwk","legacyData"
"ebd78ee7-0456-4083-93e0-5b0b23538aff","DCFS_087.basePlot.vst","2015-09-03","vst_DCFS_2015","D09","DCFS","DCFS_087",,"NEON.PLA.D09.DCFS.00141",,"sapling","Live",1.3,10,0.7,,,,,,"Full sun",,,,,,,"Q97LKb9yzbP7tOLkuD+tPeCj3Bww5R2I","4oCBvlQIQ4DhSH30J22+0bs0GAacIQwk","legacyData"
"32c1240d-9ec0-47ae-959e-67f56c5cb7d9","DCFS_087.basePlot.vst","2015-09-03","vst_DCFS_2015","D09","DCFS","DCFS_087",,"NEON.PLA.D09.DCFS.00131",,"sapling","Live",1.5,10,0.8,,,,,,"Full sun",,,,,,"additional live non-qualifying primary stems present","Q97LKb9yzbP7tOLkuD+tPeCj3Bww5R2I","4oCBvlQIQ4DhSH30J22+0bs0GAacIQwk","legacyData"
"c1af21eb-c39f-4ddf-a5ec-8669061b67a9","DCFS_087.basePlot.vst","2015-09-03","vst_DCFS_2015","D09","DCFS","DCFS_087",,"NEON.PLA.D09.DCFS.00120",,"sapling","Live",2.0,10,1.1,,,,,,"Full sun",,,,,,,"Q97LKb9yzbP7tOLkuD+tPeCj3Bww5R2I","4oCBvlQIQ4DhSH30J22+0bs0GAacIQwk","legacyData"
"4066fd68-93fc-4dbc-a256-1f7035768ab8","DCFS_087.basePlot.vst","2015-09-03","vst_DCFS_2015","D09","DCFS","DCFS_087",,"NEON.PLA.D09.DCFS.00150",,"sapling","Live",1.3,10,1.0,,,,,,"Full sun",,,,,,,"Q97LKb9yzbP7tOLkuD+tPeCj3Bww5R2I","4oCBvlQIQ4DhSH30J22+0bs0GAacIQwk","legacyData"
"4abbcd9b-d4f8-4bd0-9921-25d19f20cd04","DCFS_087.basePlot.vst","2015-09-03","vst_DCFS_2015","D09","DCFS","DCFS_087",,"NEON.PLA.D09.DCFS.00151",,"sapling","Live",1.1,10,0.9,,,,,,"Full sun",,,,,,,"Q97LKb9yzbP7tOLkuD+tPeCj3Bww5R2I","4oCBvlQIQ4DhSH30J22+0bs0GAacIQwk","legacyData"
"402110ac-61aa-40ea-a5c5-6a80d57cacda","DCFS_087.basePlot.vst","2015-09-03","vst_DCFS_2015","D09","DCFS","DCFS_087",,"NEON.PLA.D09.DCFS.00114",,"sapling","Live",1.3,10,0.7,,,,,,"Full sun",,,,,,,"Q97LKb9yzbP7tOLkuD+tPeCj3Bww5R2I","4oCBvlQIQ4DhSH30J22+0bs0GAacIQwk","legacyData"
"38f7f899-5e7b-43ee-99f4-8ea66ad2b6c2","DCFS_087.basePlot.vst","2015-09-03","vst_DCFS_2015","D09","DCFS","DCFS_087",,"NEON.PLA.D09.DCFS.00159",,"sapling","Live",1.3,10,0.9,,,,,,"Full sun",,,,,,,"Q97LKb9yzbP7tOLkuD+tPeCj3Bww5R2I","4oCBvlQIQ4DhSH30J22+0bs0GAacIQwk","legacyData"
"9bfcfb60-32c9-4b16-a6f6-1ed9f4542d99","DCFS_087.basePlot.vst","2015-09-03","vst_DCFS_2015","D09","DCFS","DCFS_087",,"NEON.PLA.D09.DCFS.00148",,"sapling","Standing dead",1.5,10,0.6,,,,,,"Full sun",,,,,,,"Q97LKb9yzbP7tOLkuD+tPeCj3Bww5R2I","4oCBvlQIQ4DhSH30J22+0bs0GAacIQwk","legacyData"
"be4d7365-0740-4c60-a5d6-5749f9c1a729","DCFS_080.basePlot.vst","2015-09-10","vst_DCFS_2015","D09","DCFS","DCFS_080",,"NEON.PLA.D09.DCFS.00196",,"sapling","Live",1.6,10,0.8,,,,,,"Full sun",,,,,,,"eE6kvSR3uoy9zdn7o7etq88/xsP7F3Qo","4oCBvlQIQ4DhSH30J22+0bs0GAacIQwk","legacyData"
"07c52409-0a25-418b-8f10-8adb6203cf59","DCFS_080.basePlot.vst","2015-09-10","vst_DCFS_2015","D09","DCFS","DCFS_080",,"NEON.PLA.D09.DCFS.00190",,"sapling","Live",1.1,10,0.7,,,,,,"Full sun",,,,,,"additional live non-qualifying stems present","eE6kvSR3uoy9zdn7o7etq88/xsP7F3Qo","4oCBvlQIQ4DhSH30J22+0bs0GAacIQwk","legacyData"
"1e14ac0b-f758-409a-bac3-6db035a640ff","DCFS_080.basePlot.vst","2015-09-10","vst_DCFS_2015","D09","DCFS","DCFS_080",,"NEON.PLA.D09.DCFS.00198",,"sapling","Live",1.7,10,1.0,,,,,,"Full sun",,,,,,"additional live non-qualifying stems present","eE6kvSR3uoy9zdn7o7etq88/xsP7F3Qo","4oCBvlQIQ4DhSH30J22+0bs0GAacIQwk","legacyData"
"93ce605a-0412-4900-9fd7-7acd2a38721b","DCFS_080.basePlot.vst","2015-09-10","vst_DCFS_2015","D09","DCFS","DCFS_080",,"NEON.PLA.D09.DCFS.00200",,"sapling","Live,  other damage",1.7,10,0.9,,,,,,"Full sun",,,,,,"splitting near base","eE6kvSR3uoy9zdn7o7etq88/xsP7F3Qo","4oCBvlQIQ4DhSH30J22+0bs0GAacIQwk","legacyData"
"dc922de8-cbe8-4f82-8481-80f54761f5f5","DCFS_080.basePlot.vst","2015-09-10","vst_DCFS_2015","D09","DCFS","DCFS_080",,"NEON.PLA.D09.DCFS.00024",,"sapling","Live",1.1,10,0.7,,,,,,"Full sun",,,,,,,"eE6kvSR3uoy9zdn7o7etq88/xsP7F3Qo","4oCBvlQIQ4DhSH30J22+0bs0GAacIQwk","legacyData"
"9906f74a-7118-40ca-a9d1-a345b3fc2843","DCFS_080.basePlot.vst","2015-09-10","vst_DCFS_2015","D09","DCFS","DCFS_080",,"NEON.PLA.D09.DCFS.00052",,"sapling","Live",1.0,10,0.8,,,,,,"Full sun",,,,,,,"eE6kvSR3uoy9zdn7o7etq88/xsP7F3Qo","4oCBvlQIQ4DhSH30J22+0bs0GAacIQwk","legacyData"
"1ac88643-5571-467b-903d-e4eec5e3f3dc","DCFS_080.basePlot.vst","2015-09-10","vst_DCFS_2015","D09","DCFS","DCFS_080",,"NEON.PLA.D09.DCFS.00193",,"sapling","Live",1.3,10,0.8,,,,,,"Full sun",,,,,,,"eE6kvSR3uoy9zdn7o7etq88/xsP7F3Qo","4oCBvlQIQ4DhSH30J22+0bs0GAacIQwk","legacyData"
"4fefe91d-7696-4055-83bb-a2a04077329d","DCFS_080.basePlot.vst","2015-09-10","vst_DCFS_2015","D09","DCFS","DCFS_080",,"NEON.PLA.D09.DCFS.00179",,"sapling","Live",1.9,10,1.1,,,,,,"Full sun",,,,,,,"eE6kvSR3uoy9zdn7o7etq88/xsP7F3Qo","4oCBvlQIQ4DhSH30J22+0bs0GAacIQwk","legacyData"
"9de28179-855a-48ad-a0b5-8b4ed651e43c","DCFS_080.basePlot.vst","2015-09-10","vst_DCFS_2015","D09","DCFS","DCFS_080",,"NEON.PLA.D09.DCFS.00181",,"sapling","Live",1.2,10,1.0,,,,,,"Full sun",,,,,,,"eE6kvSR3uoy9zdn7o7etq88/xsP7F3Qo","4oCBvlQIQ4DhSH30J22+0bs0GAacIQwk","legacyData"
"5a1e04e5-cb8d-4819-b713-b6a734a9cdbc","DCFS_080.basePlot.vst","2015-09-10","vst_DCFS_2015","D09","DCFS","DCFS_080",,"NEON.PLA.D09.DCFS.00185",,"sapling","Standing dead",1.7,10,1.2,,,,,,"Full sun",,,,,,,"eE6kvSR3uoy9zdn7o7etq88/xsP7F3Qo","4oCBvlQIQ4DhSH30J22+0bs0GAacIQwk","legacyData"
"36f2384f-0035-4672-8588-5eb28bb1c3c7","DCFS_080.basePlot.vst","2015-09-10","vst_DCFS_2015","D09","DCFS","DCFS_080",,"NEON.PLA.D09.DCFS.00195",,"sapling","Live,  other damage",2.6,10,0.5,,,,,,"Full sun",,,,,,"photos 0899-0900. Laying on ground, broken at base. Live non-qualifying stesm emerging from base.","eE6kvSR3uoy9zdn7o7etq88/xsP7F3Qo","4oCBvlQIQ4DhSH30J22+0bs0GAacIQwk","legacyData"
"9e3bde2d-8eb2-4048-8c19-ef56e4e7868e","DCFS_080.basePlot.vst","2015-09-10","vst_DCFS_2015","D09","DCFS","DCFS_080",,"NEON.PLA.D09.DCFS.00197",,"sapling","Live",1.8,10,1.2,,,,,,"Full sun",,,,,,,"eE6kvSR3uoy9zdn7o7etq88/xsP7F3Qo","4oCBvlQIQ4DhSH30J22+0bs0GAacIQwk","legacyData"
"f1f61944-4f39-41a8-88af-6d4f531df3e2","DCFS_080.basePlot.vst","2015-09-10","vst_DCFS_2015","D09","DCFS","DCFS_080",,"NEON.PLA.D09.DCFS.00199",,"small shrub","Live",1.9,10,0.8,,,,0.7,0.3,"Full sun","inverted cone",,,6.00,3.00,,"eE6kvSR3uoy9zdn7o7etq88/xsP7F3Qo","4oCBvlQIQ4DhSH30J22+0bs0GAacIQwk","legacyData"
"00473def-a98b-4acb-a22e-3c405b9ff5c8","DCFS_080.basePlot.vst","2015-09-10","vst_DCFS_2015","D09","DCFS","DCFS_080",,"NEON.PLA.D09.DCFS.00180",,"sapling","Live,  other damage",2.1,10,0.4,,,,,,"Partially shaded",,,,,,"photos 0897-0898. Primary stem is broken but has live growth near base.","eE6kvSR3uoy9zdn7o7etq88/xsP7F3Qo","4oCBvlQIQ4DhSH30J22+0bs0GAacIQwk","legacyData"
"4ad827cf-372b-4f0b-8766-43ea7b76baec","DCFS_080.basePlot.vst","2015-09-10","vst_DCFS_2015","D09","DCFS","DCFS_080",,"NEON.PLA.D09.DCFS.00183",,"sapling","Live",1.4,10,0.9,,,,,,"Full sun",,,,,,,"eE6kvSR3uoy9zdn7o7etq88/xsP7F3Qo","4oCBvlQIQ4DhSH30J22+0bs0GAacIQwk","legacyData"
"f2809746-d317-42ff-8e4d-c719d64df0a9","DCFS_080.basePlot.vst","2015-09-10","vst_DCFS_2015","D09","DCFS","DCFS_080",,"NEON.PLA.D09.DCFS.00073",,"sapling","Live",1.5,10,0.8,,,,,,"Full sun",,,,,,,"eE6kvSR3uoy9zdn7o7etq88/xsP7F3Qo","4oCBvlQIQ4DhSH30J22+0bs0GAacIQwk","legacyData"
"2f0b8539-a3ff-4b6d-9e6d-c4d640ef5e4d","DCFS_080.basePlot.vst","2015-09-10","vst_DCFS_2015","D09","DCFS","DCFS_080",,"NEON.PLA.D09.DCFS.00182",,"sapling","Live",1.2,10,0.7,,,,,,"Partially shaded",,,,,,,"eE6kvSR3uoy9zdn7o7etq88/xsP7F3Qo","4oCBvlQIQ4DhSH30J22+0bs0GAacIQwk","legacyData"
"effc0c34-e9ee-405e-a44d-42385a0cde03","DCFS_080.basePlot.vst","2015-09-10","vst_DCFS_2015","D09","DCFS","DCFS_080",,"NEON.PLA.D09.DCFS.00189",,"sapling","Live",1.8,10,0.9,,,,,,"Full sun",,,,,,"large portion of main stem dead. Additional live non-qualifying primary stem present","eE6kvSR3uoy9zdn7o7etq88/xsP7F3Qo","4oCBvlQIQ4DhSH30J22+0bs0GAacIQwk","legacyData"
"73ca49ea-ee4d-4303-b9f0-78dfed64d5b3","DCFS_080.basePlot.vst","2015-09-10","vst_DCFS_2015","D09","DCFS","DCFS_080",,"NEON.PLA.D09.DCFS.00184",,"small shrub","Live",1.5,10,1.0,,,,0.4,0.3,"Full sun","inverted cone",,,8.00,6.00,"additional live non-qualifying primary stem present","eE6kvSR3uoy9zdn7o7etq88/xsP7F3Qo","4oCBvlQIQ4DhSH30J22+0bs0GAacIQwk","legacyData"
"eb04f34a-e1de-492c-a7c5-7311134cdbff","DCFS_080.basePlot.vst","2015-09-10","vst_DCFS_2015","D09","DCFS","DCFS_080",,"NEON.PLA.D09.DCFS.00192",,"sapling","Live",1.4,10,1.2,,,,,,"Full sun",,,,,,,"eE6kvSR3uoy9zdn7o7etq88/xsP7F3Qo","4oCBvlQIQ4DhSH30J22+0bs0GAacIQwk","legacyData"
"434323db-e1a4-4874-bfa0-f07f19b8f93e","DCFS_080.basePlot.vst","2015-09-10","vst_DCFS_2015","D09","DCFS","DCFS_080",,"NEON.PLA.D09.DCFS.00178",,"sapling","Live",1.3,10,1.0,,,,,,"Full sun",,,,,,,"eE6kvSR3uoy9zdn7o7etq88/xsP7F3Qo","4oCBvlQIQ4DhSH30J22+0bs0GAacIQwk","legacyData"
"dcaa1305-a84f-4b2e-a739-2d6b301e92b8","DCFS_080.basePlot.vst","2015-09-10","vst_DCFS_2015","D09","DCFS","DCFS_080",,"NEON.PLA.D09.DCFS.00194",,"sapling","Live",1.2,10,1.0,,,,,,"Full sun",,,,,,,"eE6kvSR3uoy9zdn7o7etq88/xsP7F3Qo","4oCBvlQIQ4DhSH30J22+0bs0GAacIQwk","legacyData"
"36f7556f-597f-4645-9b27-a0014bd2b4db","DCFS_080.basePlot.vst","2015-09-10","vst_DCFS_2015","D09","DCFS","DCFS_080",,"NEON.PLA.D09.DCFS.00186",,"small shrub","Live",1.1,10,0.9,,,,0.4,0.3,"Full sun","inverted cone",,,7.00,4.00,"additional live non-qualifying primary stem present","eE6kvSR3uoy9zdn7o7etq88/xsP7F3Qo","4oCBvlQIQ4DhSH30J22+0bs0GAacIQwk","legacyData"
"c5042bcb-9b24-4708-b630-2839a2cf2cd3","DCFS_080.basePlot.vst","2015-09-10","vst_DCFS_2015","D09","DCFS","DCFS_080",,"NEON.PLA.D09.DCFS.00191",,"sapling","Live",1.6,10,0.8,,,,,,"Full sun",,,,,,,"eE6kvSR3uoy9zdn7o7etq88/xsP7F3Qo","4oCBvlQIQ4DhSH30J22+0bs0GAacIQwk","legacyData"
"d555b8c5-7ad3-449e-925a-54ed5cdd05f7","DCFS_080.basePlot.vst","2015-09-10","vst_DCFS_2015","D09","DCFS","DCFS_080",,"NEON.PLA.D09.DCFS.00188",,"sapling","Live",1.3,10,0.6,,,,,,"Full sun",,,,,,,"eE6kvSR3uoy9zdn7o7etq88/xsP7F3Qo","4oCBvlQIQ4DhSH30J22+0bs0GAacIQwk","legacyData"
"11c9798a-81a7-43fb-90ea-519c40fe782b","DCFS_080.basePlot.vst","2015-09-10","vst_DCFS_2015","D09","DCFS","DCFS_080",,"NEON.PLA.D09.DCFS.00187",,"sapling","Live",1.1,10,1.0,,,,,,"Open grown",,,,,,"additional live non-qualifying primary stem present","eE6kvSR3uoy9zdn7o7etq88/xsP7F3Qo","4oCBvlQIQ4DhSH30J22+0bs0GAacIQwk","legacyData"
"08dbb802-7462-429c-b887-cd3a2fa712fe","DCFS_077.basePlot.vst","2015-09-14","vst_DCFS_2015","D09","DCFS","DCFS_077",,"NEON.PLA.D09.DCFS.00081",,"sapling","Live",1.2,10,0.7,,,,,,"Full sun",,,,,,,"Q97LKb9yzbP7tOLkuD+tPeCj3Bww5R2I","4oCBvlQIQ4DhSH30J22+0bs0GAacIQwk","legacyData"
"40d7ff62-78a9-4953-977d-97a75b1fcbcd","DCFS_079.basePlot.vst","2015-09-14","vst_DCFS_2015","D09","DCFS","DCFS_079",,"NEON.PLA.D09.DCFS.00079",,"small shrub","Live",4.0,10,1.6,,,,0.9,0.7,"Open grown","inverted cone",,,10.00,7.00,,"Q97LKb9yzbP7tOLkuD+tPeCj3Bww5R2I","4oCBvlQIQ4DhSH30J22+0bs0GAacIQwk","legacyData"
"27875cb6-71ab-401a-b629-50dde7d7e75a","DCFS_074.basePlot.vst","2015-09-14","vst_DCFS_2015","D09","DCFS","DCFS_074",,"NEON.PLA.D09.DCFS.00099",,"sapling","Live",1.1,10,0.9,,,,,,"Full sun",,,,,,,"Q97LKb9yzbP7tOLkuD+tPeCj3Bww5R2I","4oCBvlQIQ4DhSH30J22+0bs0GAacIQwk","legacyData"
"6d86e99a-ab65-44b4-a685-d57e9c58d612","DCFS_074.basePlot.vst","2015-09-14","vst_DCFS_2015","D09","DCFS","DCFS_074",,"NEON.PLA.D09.DCFS.00092",,"sapling","Live",1.3,10,0.7,,,,,,"Full sun",,,,,,,"Q97LKb9yzbP7tOLkuD+tPeCj3Bww5R2I","4oCBvlQIQ4DhSH30J22+0bs0GAacIQwk","legacyData"
"9e7bbc54-3a6f-4c94-94d0-379295a53596","DCFS_074.basePlot.vst","2015-09-14","vst_DCFS_2015","D09","DCFS","DCFS_074",,"NEON.PLA.D09.DCFS.00090",,"sapling","Live",1.6,10,0.7,,,,,,"Full sun",,,,,,"additional live non-qualifying primary stem present","Q97LKb9yzbP7tOLkuD+tPeCj3Bww5R2I","4oCBvlQIQ4DhSH30J22+0bs0GAacIQwk","legacyData"
"4b910f3a-8512-4881-9315-ebe019b0d5c3","DCFS_074.basePlot.vst","2015-09-14","vst_DCFS_2015","D09","DCFS","DCFS_074",,"NEON.PLA.D09.DCFS.00098",,"sapling","Live",1.3,10,0.9,,,,,,"Full sun",,,,,,,"Q97LKb9yzbP7tOLkuD+tPeCj3Bww5R2I","4oCBvlQIQ4DhSH30J22+0bs0GAacIQwk","legacyData"
"d7414c7a-117e-4442-bed3-f77b9f081d6f","DCFS_074.basePlot.vst","2015-09-14","vst_DCFS_2015","D09","DCFS","DCFS_074",,"NEON.PLA.D09.DCFS.00205",,"sapling","Live,  other damage",2.3,10,0.5,,,,,,"Full sun",,,,,,"main primary stem broken at ~20 cm, live non-qualifying stems growing from base","Q97LKb9yzbP7tOLkuD+tPeCj3Bww5R2I","4oCBvlQIQ4DhSH30J22+0bs0GAacIQwk","legacyData"
"6795a318-60a1-452d-a414-4e500eba3d44","DCFS_074.basePlot.vst","2015-09-14","vst_DCFS_2015","D09","DCFS","DCFS_074",,"NEON.PLA.D09.DCFS.00094",,"sapling","Live",1.6,10,0.7,,,,,,"Full sun",,,,,,"stem laying over parallel to ground, but no visible damage","Q97LKb9yzbP7tOLkuD+tPeCj3Bww5R2I","4oCBvlQIQ4DhSH30J22+0bs0GAacIQwk","legacyData"
"1350570b-b0e3-442d-b0be-68f4654c37d6","DCFS_077.basePlot.vst","2015-09-14","vst_DCFS_2015","D09","DCFS","DCFS_077",,"NEON.PLA.D09.DCFS.00085",,"sapling","Live,  other damage",1.7,10,0.6,,,,,,"Full sun",,,,,,"stem broken/split at ~20 cm above ground, main stem growing parallel to ground, additional live non-qualifying primary stems present","Q97LKb9yzbP7tOLkuD+tPeCj3Bww5R2I","4oCBvlQIQ4DhSH30J22+0bs0GAacIQwk","legacyData"
"444efff4-3e36-4991-817f-f5e03eba886e","DCFS_077.basePlot.vst","2015-09-14","vst_DCFS_2015","D09","DCFS","DCFS_077",,"NEON.PLA.D09.DCFS.00088",,"sapling","Live",1.8,10,0.8,,,,,,"Full sun",,,,,,,"Q97LKb9yzbP7tOLkuD+tPeCj3Bww5R2I","4oCBvlQIQ4DhSH30J22+0bs0GAacIQwk","legacyData"
"66a42d66-b56b-43cb-bccb-b4d579d0ee09","DCFS_077.basePlot.vst","2015-09-14","vst_DCFS_2015","D09","DCFS","DCFS_077",,"NEON.PLA.D09.DCFS.00082",,"sapling","Live",1.5,10,0.9,,,,,,"Full sun",,,,,,,"Q97LKb9yzbP7tOLkuD+tPeCj3Bww5R2I","4oCBvlQIQ4DhSH30J22+0bs0GAacIQwk","legacyData"
"bf92b211-5022-4827-ad42-cf3686cf1fad","DCFS_079.basePlot.vst","2015-09-14","vst_DCFS_2015","D09","DCFS","DCFS_079",,"NEON.PLA.D09.DCFS.00076",,"sapling","Live",3.9,10,1.2,,,,,,"Full sun",,,,,,,"Q97LKb9yzbP7tOLkuD+tPeCj3Bww5R2I","4oCBvlQIQ4DhSH30J22+0bs0GAacIQwk","legacyData"
"7cf18f0c-d846-4763-8733-f42b5f9d53d3","DCFS_079.basePlot.vst","2015-09-14","vst_DCFS_2015","D09","DCFS","DCFS_079",,"NEON.PLA.D09.DCFS.00074",,"sapling","Live",2.5,10,1.0,,,,,,"Full sun",,,,,,,"Q97LKb9yzbP7tOLkuD+tPeCj3Bww5R2I","4oCBvlQIQ4DhSH30J22+0bs0GAacIQwk","legacyData"
"8473c895-835d-44a3-8aff-cb2e7388ad4a","DCFS_079.basePlot.vst","2015-09-14","vst_DCFS_2015","D09","DCFS","DCFS_079",,"NEON.PLA.D09.DCFS.00078",,"sapling","Live",1.2,10,0.7,,,,,,"Full sun",,,,,,,"Q97LKb9yzbP7tOLkuD+tPeCj3Bww5R2I","4oCBvlQIQ4DhSH30J22+0bs0GAacIQwk","legacyData"
"f99855e2-b1f8-4700-b00d-a745be858dd1","DCFS_074.basePlot.vst","2015-09-14","vst_DCFS_2015","D09","DCFS","DCFS_074",,"NEON.PLA.D09.DCFS.00201",,"sapling","Live",2.3,10,0.7,,,,,,"Full sun",,,,,,,"Q97LKb9yzbP7tOLkuD+tPeCj3Bww5R2I","4oCBvlQIQ4DhSH30J22+0bs0GAacIQwk","legacyData"
"b8b41e18-dcf4-4480-91fa-01d0db99918e","DCFS_079.basePlot.vst","2015-09-14","vst_DCFS_2015","D09","DCFS","DCFS_079",,"NEON.PLA.D09.DCFS.00080",,"small shrub","Live",1.1,10,0.7,,,,0.4,0.3,"Full sun","inverted cone",,,6.00,3.00,,"Q97LKb9yzbP7tOLkuD+tPeCj3Bww5R2I","4oCBvlQIQ4DhSH30J22+0bs0GAacIQwk","legacyData"
"468da256-bbe7-4e5d-90fc-f490b88155f3","DCFS_074.basePlot.vst","2015-09-14","vst_DCFS_2015","D09","DCFS","DCFS_074",,"NEON.PLA.D09.DCFS.00095",,"sapling","Live,  other damage",3.2,10,0.8,,,,,,"Full sun",,,,,,"stem partially broken at ~20cm, laying over parallel to ground, majority is dead","Q97LKb9yzbP7tOLkuD+tPeCj3Bww5R2I","4oCBvlQIQ4DhSH30J22+0bs0GAacIQwk","legacyData"
"9b4e064b-140d-47c8-9aa7-0b48e3086f0d","DCFS_079.basePlot.vst","2015-09-14","vst_DCFS_2015","D09","DCFS","DCFS_079",,"NEON.PLA.D09.DCFS.00077",,"small shrub","Live",2.6,10,1.2,,,,0.6,0.5,"Full sun","inverted cone",,,9.00,5.00,,"Q97LKb9yzbP7tOLkuD+tPeCj3Bww5R2I","4oCBvlQIQ4DhSH30J22+0bs0GAacIQwk","legacyData"
"96ca754e-afd1-4598-8a90-ebd1b96dd276","DCFS_074.basePlot.vst","2015-09-14","vst_DCFS_2015","D09","DCFS","DCFS_074",,"NEON.PLA.D09.DCFS.00206",,"sapling","Standing dead",1.3,10,0.9,,,,,,"Full sun",,,,,,"additional live non-qualifying stems present","Q97LKb9yzbP7tOLkuD+tPeCj3Bww5R2I","4oCBvlQIQ4DhSH30J22+0bs0GAacIQwk","legacyData"
"7292765d-b9c5-4274-a5ea-4d83adb7ca09","DCFS_074.basePlot.vst","2015-09-14","vst_DCFS_2015","D09","DCFS","DCFS_074",,"NEON.PLA.D09.DCFS.00091",,"sapling","Live",1.1,10,0.9,,,,,,"Full sun",,,,,,,"Q97LKb9yzbP7tOLkuD+tPeCj3Bww5R2I","4oCBvlQIQ4DhSH30J22+0bs0GAacIQwk","legacyData"
"7ce1d7e3-ac1b-4477-9b82-e7caf78e543c","DCFS_079.basePlot.vst","2015-09-14","vst_DCFS_2015","D09","DCFS","DCFS_079",,"NEON.PLA.D09.DCFS.00075",,"sapling","Live",1.4,10,1.0,,,,,,"Partially shaded",,,,,,,"Q97LKb9yzbP7tOLkuD+tPeCj3Bww5R2I","4oCBvlQIQ4DhSH30J22+0bs0GAacIQwk","legacyData"
"1aa7ba0d-76b6-4be8-a060-d4df4d5ea8e5","DCFS_074.basePlot.vst","2015-09-14","vst_DCFS_2015","D09","DCFS","DCFS_074",,"NEON.PLA.D09.DCFS.00100",,"sapling","Live",1.5,10,1.0,,,,,,"Full sun",,,,,,,"Q97LKb9yzbP7tOLkuD+tPeCj3Bww5R2I","4oCBvlQIQ4DhSH30J22+0bs0GAacIQwk","legacyData"
"3defbfd5-a51f-4ec0-8c06-8341e5038d92","DCFS_074.basePlot.vst","2015-09-14","vst_DCFS_2015","D09","DCFS","DCFS_074",,"NEON.PLA.D09.DCFS.00202",,"sapling","Live,  other damage",1.8,10,0.3,,,,,,"Partially shaded",,,,,,"main stem broken at ~15 cm above ground, live stems coming from base","Q97LKb9yzbP7tOLkuD+tPeCj3Bww5R2I","4oCBvlQIQ4DhSH30J22+0bs0GAacIQwk","legacyData"
"cc2e4855-9494-48c9-aecc-6aa9fc126eee","DCFS_074.basePlot.vst","2015-09-14","vst_DCFS_2015","D09","DCFS","DCFS_074",,"NEON.PLA.D09.DCFS.00097",,"sapling","Live,  other damage",2.3,10,0.8,,,,,,"Full sun",,,,,,"main stem broken at ~77cm above ground, new growth emerging on main stem below break","Q97LKb9yzbP7tOLkuD+tPeCj3Bww5R2I","4oCBvlQIQ4DhSH30J22+0bs0GAacIQwk","legacyData"
"13e8ae21-7b55-4636-9cec-e5eca25824d9","DCFS_074.basePlot.vst","2015-09-14","vst_DCFS_2015","D09","DCFS","DCFS_074",,"NEON.PLA.D09.DCFS.00203",,"small shrub","Standing dead",2.1,10,0.4,,,,1.2,0.2,"Full sun","oblate half-sphere",,,,,"main primary dead stem is broken, secondary live stem is laying over on the ground","Q97LKb9yzbP7tOLkuD+tPeCj3Bww5R2I","4oCBvlQIQ4DhSH30J22+0bs0GAacIQwk","legacyData"
"8d6aee05-8c5e-410d-abaa-9d5340cd61b0","DCFS_074.basePlot.vst","2015-09-14","vst_DCFS_2015","D09","DCFS","DCFS_074",,"NEON.PLA.D09.DCFS.00093",,"sapling","Live,  other damage",3.2,10,0.6,,,,,,"Full sun",,,,,,"stems broken/twisted off at ~30 cm above ground, partially dead, stems now parallel to ground","Q97LKb9yzbP7tOLkuD+tPeCj3Bww5R2I","4oCBvlQIQ4DhSH30J22+0bs0GAacIQwk","legacyData"
"de502981-6d9f-40d2-94ae-e6474040e7b5","DCFS_074.basePlot.vst","2015-09-14","vst_DCFS_2015","D09","DCFS","DCFS_074",,"NEON.PLA.D09.DCFS.00204",,"sapling","Live,  other damage",2.1,10,0.5,,,,,,"Full sun",,,,,,"primary stem is dead and broken at ~50 cm, live non-qualifying stems growing from base","Q97LKb9yzbP7tOLkuD+tPeCj3Bww5R2I","4oCBvlQIQ4DhSH30J22+0bs0GAacIQwk","legacyData"
"c0ffdd6a-dbfd-4b27-b89b-7b971eee8dab","DCFS_074.basePlot.vst","2015-09-14","vst_DCFS_2015","D09","DCFS","DCFS_074",,"NEON.PLA.D09.DCFS.00096",,"sapling","Live,  other damage",2.2,10,0.4,,,,,,"Partially shaded",,,,,,"main stem mostly broken at ~40cm, laying over on ground, majority of plant is dead","Q97LKb9yzbP7tOLkuD+tPeCj3Bww5R2I","4oCBvlQIQ4DhSH30J22+0bs0GAacIQwk","legacyData"
"39175b03-0088-4183-9fa8-8362857f564f","DCFS_074.basePlot.vst","2015-09-14","vst_DCFS_2015","D09","DCFS","DCFS_074",,"NEON.PLA.D09.DCFS.00207",,"sapling","Live",1.3,10,0.5,,,,,,"Full sun",,,,,,"main stem is lying on the ground for ~25 cm","Q97LKb9yzbP7tOLkuD+tPeCj3Bww5R2I","4oCBvlQIQ4DhSH30J22+0bs0GAacIQwk","legacyData"
"4e8b60e2-35bd-4245-b29a-7b250a46285e","DCFS_077.basePlot.vst","2015-09-14","vst_DCFS_2015","D09","DCFS","DCFS_077",,"NEON.PLA.D09.DCFS.00084",,"sapling","Live",1.2,10,1.0,,,,,,"Open grown",,,,,,,"Q97LKb9yzbP7tOLkuD+tPeCj3Bww5R2I","4oCBvlQIQ4DhSH30J22+0bs0GAacIQwk","legacyData"
"a547e542-7f86-4954-996e-32e9cad16f82","DCFS_077.basePlot.vst","2015-09-14","vst_DCFS_2015","D09","DCFS","DCFS_077",,"NEON.PLA.D09.DCFS.00083",,"sapling","Live",1.2,10,0.7,,,,,,"Full sun",,,,,,,"Q97LKb9yzbP7tOLkuD+tPeCj3Bww5R2I","4oCBvlQIQ4DhSH30J22+0bs0GAacIQwk","legacyData"
"1fa66ed6-2dee-4e39-97fb-7590ad0fa8e5","DCFS_077.basePlot.vst","2015-09-14","vst_DCFS_2015","D09","DCFS","DCFS_077",,"NEON.PLA.D09.DCFS.00087",,"sapling","Live",1.8,10,1.0,,,,,,"Full sun",,,,,,,"Q97LKb9yzbP7tOLkuD+tPeCj3Bww5R2I","4oCBvlQIQ4DhSH30J22+0bs0GAacIQwk","legacyData"
"cf8a69a9-6405-4954-b33c-502a3a397741","DCFS_077.basePlot.vst","2015-09-14","vst_DCFS_2015","D09","DCFS","DCFS_077",,"NEON.PLA.D09.DCFS.00086",,"sapling","Live",1.1,10,0.7,,,,,,"Full sun",,,,,,,"Q97LKb9yzbP7tOLkuD+tPeCj3Bww5R2I","4oCBvlQIQ4DhSH30J22+0bs0GAacIQwk","legacyData"
"656a5dd5-d0a4-41ed-ac0b-98b3361fd1d0","DCFS_074.basePlot.vst","2015-09-14","vst_DCFS_2015","D09","DCFS","DCFS_074",,"NEON.PLA.D09.DCFS.00089",,"sapling","Live",1.2,10,0.7,,,,,,"Full sun",,,,,,,"Q97LKb9yzbP7tOLkuD+tPeCj3Bww5R2I","4oCBvlQIQ4DhSH30J22+0bs0GAacIQwk","legacyData"
"37a89f2e-35f1-4583-89cd-b79e0c0869c8","DCFS_088.basePlot.vst","2015-09-15","vst_DCFS_2015","D09","DCFS","DCFS_088",,"NEON.PLA.D09.DCFS.00255",,"small shrub","Live",1.3,10,1.2,,,,0.8,0.5,"Full sun","cone",,,,,"Secondary stem is broken over and laying on the ground, giving the CNE shape. Otherwise would be ICN shape.","4oCBvlQIQ4DhSH30J22+0bs0GAacIQwk","Q97LKb9yzbP7tOLkuD+tPeCj3Bww5R2I","legacyData"
"ffd56d11-b8fa-4e81-bca6-591b4be8d78b","DCFS_088.basePlot.vst","2015-09-15","vst_DCFS_2015","D09","DCFS","DCFS_088",,"NEON.PLA.D09.DCFS.00260",,"sapling","Live",1.7,10,0.9,,,,,,"Full sun",,,,,,,"4oCBvlQIQ4DhSH30J22+0bs0GAacIQwk","Q97LKb9yzbP7tOLkuD+tPeCj3Bww5R2I","legacyData"
"f17b4b4d-2acb-434c-b43b-796afd085ade","DCFS_071.basePlot.vst","2015-09-15","vst_DCFS_2015","D09","DCFS","DCFS_071",,"NEON.PLA.D09.DCFS.00009",,"small shrub","Live",3.1,10,1.4,,,,1.0,0.7,"Full sun","inverted cone",,,7.00,4.00,,"4oCBvlQIQ4DhSH30J22+0bs0GAacIQwk","Q97LKb9yzbP7tOLkuD+tPeCj3Bww5R2I","legacyData"
"e8bd0b4f-6d8b-4606-a4be-809ef608e7b9","DCFS_071.basePlot.vst","2015-09-15","vst_DCFS_2015","D09","DCFS","DCFS_071",,"NEON.PLA.D09.DCFS.00005",,"sapling","Live",1.1,10,0.6,,,,,,"Open grown",,,,,,,"4oCBvlQIQ4DhSH30J22+0bs0GAacIQwk","Q97LKb9yzbP7tOLkuD+tPeCj3Bww5R2I","legacyData"
"20faf4e0-e036-411a-b63c-01eea9f93e20","DCFS_071.basePlot.vst","2015-09-15","vst_DCFS_2015","D09","DCFS","DCFS_071",,"NEON.PLA.D09.DCFS.00007",,"sapling","Live",1.2,10,0.6,,,,,,"Partially shaded",,,,,,,"4oCBvlQIQ4DhSH30J22+0bs0GAacIQwk","Q97LKb9yzbP7tOLkuD+tPeCj3Bww5R2I","legacyData"
"4b64f1d0-5127-40a2-ba32-4d4bfd585a5a","DCFS_071.basePlot.vst","2015-09-15","vst_DCFS_2015","D09","DCFS","DCFS_071",,"NEON.PLA.D09.DCFS.00003",,"sapling","Live",1.3,10,0.5,,,,,,"Full sun",,,,,,,"4oCBvlQIQ4DhSH30J22+0bs0GAacIQwk","Q97LKb9yzbP7tOLkuD+tPeCj3Bww5R2I","legacyData"
"c3c0fef9-8694-4b44-94b7-dc081f171e2a","DCFS_071.basePlot.vst","2015-09-15","vst_DCFS_2015","D09","DCFS","DCFS_071",,"NEON.PLA.D09.DCFS.00001",,"sapling","Live",1.1,10,0.6,,,,,,"Open grown",,,,,,,"4oCBvlQIQ4DhSH30J22+0bs0GAacIQwk","Q97LKb9yzbP7tOLkuD+tPeCj3Bww5R2I","legacyData"
"32abc69e-d385-4253-ae0b-cbae73086c5b","DCFS_071.basePlot.vst","2015-09-15","vst_DCFS_2015","D09","DCFS","DCFS_071",,"NEON.PLA.D09.DCFS.00004",,"sapling","Live",1.2,10,0.8,,,,,,"Full sun",,,,,,,"4oCBvlQIQ4DhSH30J22+0bs0GAacIQwk","Q97LKb9yzbP7tOLkuD+tPeCj3Bww5R2I","legacyData"
"9c4cf501-b8e0-4efc-bbed-5f352819280b","DCFS_071.basePlot.vst","2015-09-15","vst_DCFS_2015","D09","DCFS","DCFS_071",,"NEON.PLA.D09.DCFS.00010",,"sapling","Live",1.9,10,1.1,,,,,,"Full sun",,,,,,,"4oCBvlQIQ4DhSH30J22+0bs0GAacIQwk","Q97LKb9yzbP7tOLkuD+tPeCj3Bww5R2I","legacyData"
"b4871e55-39ef-486e-acea-d5788c7c8921","DCFS_088.basePlot.vst","2015-09-15","vst_DCFS_2015","D09","DCFS","DCFS_088",,"NEON.PLA.D09.DCFS.00262",,"small shrub","Live",2.1,10,0.7,,,,0.6,0.5,"Full sun","inverted cone",,,11.00,7.00,,"4oCBvlQIQ4DhSH30J22+0bs0GAacIQwk","Q97LKb9yzbP7tOLkuD+tPeCj3Bww5R2I","legacyData"
"6560c4f2-42cd-4de2-9375-657402bd7bc7","DCFS_088.basePlot.vst","2015-09-15","vst_DCFS_2015","D09","DCFS","DCFS_088",,"NEON.PLA.D09.DCFS.00245",,"small shrub","Live",1.1,10,0.5,,,,0.4,0.2,"Full sun","inverted cone",,,4.00,2.00,,"4oCBvlQIQ4DhSH30J22+0bs0GAacIQwk","Q97LKb9yzbP7tOLkuD+tPeCj3Bww5R2I","legacyData"
"ccd4cc10-ddbe-41ab-afbd-ab41d8e61a93","DCFS_088.basePlot.vst","2015-09-15","vst_DCFS_2015","D09","DCFS","DCFS_088",,"NEON.PLA.D09.DCFS.00247",,"sapling","Live",1.8,10,0.8,,,,,,"Full sun",,,,,,"Additional live primary non-qualifying stem present","4oCBvlQIQ4DhSH30J22+0bs0GAacIQwk","Q97LKb9yzbP7tOLkuD+tPeCj3Bww5R2I","legacyData"
"f52f6dbd-f841-4f62-a61f-2c1e21a7ae2a","DCFS_088.basePlot.vst","2015-09-15","vst_DCFS_2015","D09","DCFS","DCFS_088",,"NEON.PLA.D09.DCFS.00240",,"sapling","Live,  other damage",1.4,10,0.8,,,,,,"Full sun",,,,,,"Base of stem is cracked and bark is coming off","4oCBvlQIQ4DhSH30J22+0bs0GAacIQwk","Q97LKb9yzbP7tOLkuD+tPeCj3Bww5R2I","legacyData"
"3b17342d-2eaf-47f7-855d-9b26a4bd7573","DCFS_088.basePlot.vst","2015-09-15","vst_DCFS_2015","D09","DCFS","DCFS_088",,"NEON.PLA.D09.DCFS.00261",,"sapling","Live",1.1,10,0.9,,,,,,"Full sun",,,,,,"additional primary non-qualifying stems present","4oCBvlQIQ4DhSH30J22+0bs0GAacIQwk","Q97LKb9yzbP7tOLkuD+tPeCj3Bww5R2I","legacyData"
"8574d241-b0bb-42f2-89b5-8abf15ce5b89","DCFS_088.basePlot.vst","2015-09-15","vst_DCFS_2015","D09","DCFS","DCFS_088",,"NEON.PLA.D09.DCFS.00241",,"sapling","Live",1.2,10,0.8,,,,,,"Full sun",,,,,,"Additional live non-qualifying primary stems present","4oCBvlQIQ4DhSH30J22+0bs0GAacIQwk","Q97LKb9yzbP7tOLkuD+tPeCj3Bww5R2I","legacyData"
"fbdef30b-0602-4771-81a9-ec14865cea95","DCFS_088.basePlot.vst","2015-09-15","vst_DCFS_2015","D09","DCFS","DCFS_088",,"NEON.PLA.D09.DCFS.00248",,"sapling","Live",1.2,10,0.7,,,,,,"Full sun",,,,,,,"4oCBvlQIQ4DhSH30J22+0bs0GAacIQwk","Q97LKb9yzbP7tOLkuD+tPeCj3Bww5R2I","legacyData"
"03e0bf9f-af2a-490f-8bef-39a381b8c4c2","DCFS_088.basePlot.vst","2015-09-15","vst_DCFS_2015","D09","DCFS","DCFS_088",,"NEON.PLA.D09.DCFS.00239",,"sapling","Live",1.2,10,0.6,,,,,,"Full sun",,,,,,,"4oCBvlQIQ4DhSH30J22+0bs0GAacIQwk","Q97LKb9yzbP7tOLkuD+tPeCj3Bww5R2I","legacyData"
"27ace6ca-fb58-4a1d-90c9-a10cb0c6470a","DCFS_088.basePlot.vst","2015-09-15","vst_DCFS_2015","D09","DCFS","DCFS_088",,"NEON.PLA.D09.DCFS.00249",,"sapling","Live",1.7,10,0.9,,,,,,"Full sun",,,,,,,"4oCBvlQIQ4DhSH30J22+0bs0GAacIQwk","Q97LKb9yzbP7tOLkuD+tPeCj3Bww5R2I","legacyData"
"37b3be5e-311a-446d-9500-63944dc98956","DCFS_088.basePlot.vst","2015-09-15","vst_DCFS_2015","D09","DCFS","DCFS_088",,"NEON.PLA.D09.DCFS.00263",,"sapling","Live",1.1,10,0.7,,,,,,"Full sun",,,,,,"Additional live non-qualifying primary stem present","4oCBvlQIQ4DhSH30J22+0bs0GAacIQwk","Q97LKb9yzbP7tOLkuD+tPeCj3Bww5R2I","legacyData"
"48f5a44a-7e70-42c3-939e-42607df62392","DCFS_071.basePlot.vst","2015-09-15","vst_DCFS_2015","D09","DCFS","DCFS_071",,"NEON.PLA.D09.DCFS.00002",,"sapling","Live",1.5,10,0.7,,,,,,"Full sun",,,,,,,"4oCBvlQIQ4DhSH30J22+0bs0GAacIQwk","Q97LKb9yzbP7tOLkuD+tPeCj3Bww5R2I","legacyData"
"cc40726e-fee4-45ad-8a24-b43851007c6b","DCFS_088.basePlot.vst","2015-09-15","vst_DCFS_2015","D09","DCFS","DCFS_088",,"NEON.PLA.D09.DCFS.00256",,"sapling","Live",1.7,10,0.6,,,,,,"Full sun",,,,,,,"4oCBvlQIQ4DhSH30J22+0bs0GAacIQwk","Q97LKb9yzbP7tOLkuD+tPeCj3Bww5R2I","legacyData"
"8938cf02-95cd-4889-a816-5c91f3641dcf","DCFS_088.basePlot.vst","2015-09-15","vst_DCFS_2015","D09","DCFS","DCFS_088",,"NEON.PLA.D09.DCFS.00264",,"sapling","Live",2.0,10,0.9,,,,,,"Full sun",,,,,,,"4oCBvlQIQ4DhSH30J22+0bs0GAacIQwk","Q97LKb9yzbP7tOLkuD+tPeCj3Bww5R2I","legacyData"
"2231ef8d-049d-4849-aa23-9838577b8292","DCFS_088.basePlot.vst","2015-09-15","vst_DCFS_2015","D09","DCFS","DCFS_088",,"NEON.PLA.D09.DCFS.00254",,"sapling","Live",1.2,10,0.8,,,,,,"Full sun",,,,,,,"4oCBvlQIQ4DhSH30J22+0bs0GAacIQwk","Q97LKb9yzbP7tOLkuD+tPeCj3Bww5R2I","legacyData"
"9efe5321-31d1-47cd-9abd-ae57cf6c570a","DCFS_088.basePlot.vst","2015-09-15","vst_DCFS_2015","D09","DCFS","DCFS_088",,"NEON.PLA.D09.DCFS.00237",,"sapling","Standing dead",1.3,10,0.6,,,,,,"Open grown",,,,,,"Primary stem is branching but broken and dead. Additional live non-qualifying primary stem present","4oCBvlQIQ4DhSH30J22+0bs0GAacIQwk","Q97LKb9yzbP7tOLkuD+tPeCj3Bww5R2I","legacyData"
"4053f53e-e8e7-4607-94be-bc8f95b8634e","DCFS_088.basePlot.vst","2015-09-15","vst_DCFS_2015","D09","DCFS","DCFS_088",,"NEON.PLA.D09.DCFS.00244",,"sapling","Live",1.5,10,0.7,,,,,,"Full sun",,,,,,,"4oCBvlQIQ4DhSH30J22+0bs0GAacIQwk","Q97LKb9yzbP7tOLkuD+tPeCj3Bww5R2I","legacyData"
"a32ddec7-12e5-4811-b3a6-8e37f4d789b8","DCFS_088.basePlot.vst","2015-09-15","vst_DCFS_2015","D09","DCFS","DCFS_088",,"NEON.PLA.D09.DCFS.00243",,"sapling","Live",1.2,10,0.6,,,,,,"Full sun",,,,,,,"4oCBvlQIQ4DhSH30J22+0bs0GAacIQwk","Q97LKb9yzbP7tOLkuD+tPeCj3Bww5R2I","legacyData"
"0c47b4eb-dc25-4697-8d32-88d39494a5cb","DCFS_088.basePlot.vst","2015-09-15","vst_DCFS_2015","D09","DCFS","DCFS_088",,"NEON.PLA.D09.DCFS.00259",,"sapling","Live",1.0,10,0.8,,,,,,"Full sun",,,,,,,"4oCBvlQIQ4DhSH30J22+0bs0GAacIQwk","Q97LKb9yzbP7tOLkuD+tPeCj3Bww5R2I","legacyData"
"c7226468-b10a-458b-a5a4-99d1581d121b","DCFS_088.basePlot.vst","2015-09-15","vst_DCFS_2015","D09","DCFS","DCFS_088",,"NEON.PLA.D09.DCFS.00258",,"sapling","Live",1.1,10,0.8,,,,,,"Full sun",,,,,,,"4oCBvlQIQ4DhSH30J22+0bs0GAacIQwk","Q97LKb9yzbP7tOLkuD+tPeCj3Bww5R2I","legacyData"
"dae0c4b5-ea90-4ff9-a2a3-3682af1bf3af","DCFS_071.basePlot.vst","2015-09-15","vst_DCFS_2015","D09","DCFS","DCFS_071",,"NEON.PLA.D09.DCFS.00006",,"sapling","Live",1.3,10,0.6,,,,,,"Open grown",,,,,,,"4oCBvlQIQ4DhSH30J22+0bs0GAacIQwk","Q97LKb9yzbP7tOLkuD+tPeCj3Bww5R2I","legacyData"
"2ffe9dfa-3fec-4f58-92aa-2665ac14ee26","DCFS_088.basePlot.vst","2015-09-15","vst_DCFS_2015","D09","DCFS","DCFS_088",,"NEON.PLA.D09.DCFS.00238",,"sapling","Live",1.0,10,0.6,,,,,,"Full sun",,,,,,,"4oCBvlQIQ4DhSH30J22+0bs0GAacIQwk","Q97LKb9yzbP7tOLkuD+tPeCj3Bww5R2I","legacyData"
"3855554a-3dbc-4896-a1fa-c4c12e70d801","DCFS_088.basePlot.vst","2015-09-15","vst_DCFS_2015","D09","DCFS","DCFS_088",,"NEON.PLA.D09.DCFS.00242",,"sapling","Live",1.1,10,0.7,,,,,,"Full sun",,,,,,,"4oCBvlQIQ4DhSH30J22+0bs0GAacIQwk","Q97LKb9yzbP7tOLkuD+tPeCj3Bww5R2I","legacyData"
"a1137a67-5360-4e50-9cf8-9947472c939e","DCFS_088.basePlot.vst","2015-09-15","vst_DCFS_2015","D09","DCFS","DCFS_088",,"NEON.PLA.D09.DCFS.00257",,"small shrub","Live",2.2,10,1.1,,,,0.8,0.6,"Full sun","inverted cone",,,7.00,4.00,,"4oCBvlQIQ4DhSH30J22+0bs0GAacIQwk","Q97LKb9yzbP7tOLkuD+tPeCj3Bww5R2I","legacyData"
"ffd6a6b9-5e73-4bfb-960f-62159bce403c","DCFS_088.basePlot.vst","2015-09-15","vst_DCFS_2015","D09","DCFS","DCFS_088",,"NEON.PLA.D09.DCFS.00265",,"sapling","Live",1.3,10,0.7,,,,,,"Full sun",,,,,,,"4oCBvlQIQ4DhSH30J22+0bs0GAacIQwk","Q97LKb9yzbP7tOLkuD+tPeCj3Bww5R2I","legacyData"
"27cfb2f7-903f-4cd0-8e1a-d853df65b36b","DCFS_071.basePlot.vst","2015-09-15","vst_DCFS_2015","D09","DCFS","DCFS_071",,"NEON.PLA.D09.DCFS.00008",,"sapling","Live",1.4,10,0.9,,,,,,"Partially shaded",,,,,,,"4oCBvlQIQ4DhSH30J22+0bs0GAacIQwk","Q97LKb9yzbP7tOLkuD+tPeCj3Bww5R2I","legacyData"
"e3e9cc93-c327-4ba9-a8a1-f3403042bc0a","DCFS_088.basePlot.vst","2015-09-15","vst_DCFS_2015","D09","DCFS","DCFS_088",,"NEON.PLA.D09.DCFS.00253",,"sapling","Live",1.6,10,1.1,,,,,,"Full sun",,,,,,,"4oCBvlQIQ4DhSH30J22+0bs0GAacIQwk","Q97LKb9yzbP7tOLkuD+tPeCj3Bww5R2I","legacyData"
"8c8033d4-6155-4060-ade6-5d92474bdb80","DCFS_088.basePlot.vst","2015-09-15","vst_DCFS_2015","D09","DCFS","DCFS_088",,"NEON.PLA.D09.DCFS.00252",,"sapling","Live",2.2,10,0.8,,,,,,"Full sun",,,,,,"Additional live non-qualifying stem present. Main stem mostly dead and broken with live stem near base.","4oCBvlQIQ4DhSH30J22+0bs0GAacIQwk","Q97LKb9yzbP7tOLkuD+tPeCj3Bww5R2I","legacyData"
"42ae73ce-e59a-4236-8335-716e72aa7aee","DCFS_088.basePlot.vst","2015-09-15","vst_DCFS_2015","D09","DCFS","DCFS_088",,"NEON.PLA.D09.DCFS.00246",,"sapling","Live",1.8,10,0.7,,,,,,"Full sun",,,,,,"Main stem is twisted and broken but has live stems emerging at base","4oCBvlQIQ4DhSH30J22+0bs0GAacIQwk","Q97LKb9yzbP7tOLkuD+tPeCj3Bww5R2I","legacyData"
"82481281-720b-4ba6-a5a2-546e43e4429c","DCFS_088.basePlot.vst","2015-09-15","vst_DCFS_2015","D09","DCFS","DCFS_088",,"NEON.PLA.D09.DCFS.00251",,"sapling","Live",1.3,10,0.6,,,,,,"Full sun",,,,,,,"4oCBvlQIQ4DhSH30J22+0bs0GAacIQwk","Q97LKb9yzbP7tOLkuD+tPeCj3Bww5R2I","legacyData"
"3ae20d9e-9135-41c1-8adb-fc8f084d02f2","DCFS_088.basePlot.vst","2015-09-15","vst_DCFS_2015","D09","DCFS","DCFS_088",,"NEON.PLA.D09.DCFS.00250",,"sapling","Live",1.8,10,1.2,,,,,,"Full sun",,,,,,,"4oCBvlQIQ4DhSH30J22+0bs0GAacIQwk","Q97LKb9yzbP7tOLkuD+tPeCj3Bww5R2I","legacyData"
"6f82ec21-053e-4f61-852a-9d8d7be7ca80","DCFS_081.basePlot.vst","2015-09-24","vst_DCFS_2015","D09","DCFS","DCFS_081",,"NEON.PLA.D09.DCFS.00165",,"single shrub","Live",3.1,130,2.3,,,,2.3,2.3,"Full sun","inverted cone",,,18.00,13.00,,"49AT3csB7SNH9c2JnAOTHYMNXNZpKUYr","4oCBvlQIQ4DhSH30J22+0bs0GAacIQwk","legacyData"
"94403c34-ac83-4906-8062-ebff19342bd6","DCFS_081.basePlot.vst","2015-09-24","vst_DCFS_2015","D09","DCFS","DCFS_081",,"NEON.PLA.D09.DCFS.00167",,"sapling","Live",2.1,10,0.9,,,,,,"Full sun",,,,,,,"49AT3csB7SNH9c2JnAOTHYMNXNZpKUYr","4oCBvlQIQ4DhSH30J22+0bs0GAacIQwk","legacyData"
"02e37b35-64bb-474b-a518-aa8bb88b218a","DCFS_078.basePlot.vst","2015-09-24","vst_DCFS_2015","D09","DCFS","DCFS_078",,"NEON.PLA.D09.DCFS.00227",,"sapling","Standing dead",1.4,10,0.5,,,,,,"Full sun",,,,,,"Most stems/branches broken off","Q97LKb9yzbP7tOLkuD+tPeCj3Bww5R2I","4oCBvlQIQ4DhSH30J22+0bs0GAacIQwk","legacyData"
"80166b80-cd42-4713-9358-c1cc7aac1e89","DCFS_081.basePlot.vst","2015-09-24","vst_DCFS_2015","D09","DCFS","DCFS_081",,"NEON.PLA.D09.DCFS.00177",,"small shrub","Live",3.2,10,1.1,,,,0.6,0.6,"Full sun","inverted cone",,,11.00,5.00,,"49AT3csB7SNH9c2JnAOTHYMNXNZpKUYr","4oCBvlQIQ4DhSH30J22+0bs0GAacIQwk","legacyData"
"f2806acf-4dc7-4040-9773-3351a19adc52","DCFS_078.basePlot.vst","2015-09-24","vst_DCFS_2015","D09","DCFS","DCFS_078",,"NEON.PLA.D09.DCFS.00212",,"sapling","Live",1.2,10,0.6,,,,,,"Full sun",,,,,,,"Q97LKb9yzbP7tOLkuD+tPeCj3Bww5R2I","4oCBvlQIQ4DhSH30J22+0bs0GAacIQwk","legacyData"
"2544acc0-1a43-4659-adeb-57b8dd99141e","DCFS_078.basePlot.vst","2015-09-24","vst_DCFS_2015","D09","DCFS","DCFS_078",,"NEON.PLA.D09.DCFS.00216",,"sapling","Live",1.1,10,0.5,,,,,,"Full sun",,,,,,"additional live non-qualifying primary stems present","Q97LKb9yzbP7tOLkuD+tPeCj3Bww5R2I","4oCBvlQIQ4DhSH30J22+0bs0GAacIQwk","legacyData"
"ced4254c-3092-4f60-be4a-79ea40d2b69b","DCFS_078.basePlot.vst","2015-09-24","vst_DCFS_2015","D09","DCFS","DCFS_078",,"NEON.PLA.D09.DCFS.00208",,"sapling","Live",1.0,10,0.8,,,,,,"Full sun",,,,,,,"Q97LKb9yzbP7tOLkuD+tPeCj3Bww5R2I","4oCBvlQIQ4DhSH30J22+0bs0GAacIQwk","legacyData"
"ef6a15a5-a17f-4d02-bf94-4a68607c0429","DCFS_078.basePlot.vst","2015-09-24","vst_DCFS_2015","D09","DCFS","DCFS_078",,"NEON.PLA.D09.DCFS.00213",,"sapling","Live",1.2,10,0.6,,,,,,"Full sun",,,,,,,"Q97LKb9yzbP7tOLkuD+tPeCj3Bww5R2I","4oCBvlQIQ4DhSH30J22+0bs0GAacIQwk","legacyData"
"0179dfb4-5dab-4c3c-b790-3ff8eea46315","DCFS_078.basePlot.vst","2015-09-24","vst_DCFS_2015","D09","DCFS","DCFS_078",,"NEON.PLA.D09.DCFS.00230",,"sapling","Live",1.8,10,1.3,,,,,,"Full sun",,,,,,,"Q97LKb9yzbP7tOLkuD+tPeCj3Bww5R2I","4oCBvlQIQ4DhSH30J22+0bs0GAacIQwk","legacyData"
"8514108a-0b33-4f3f-a5ea-7eb41a347afc","DCFS_078.basePlot.vst","2015-09-24","vst_DCFS_2015","D09","DCFS","DCFS_078",,"NEON.PLA.D09.DCFS.00225",,"sapling","Live",1.5,10,1.0,,,,,,"Full sun",,,,,,,"Q97LKb9yzbP7tOLkuD+tPeCj3Bww5R2I","4oCBvlQIQ4DhSH30J22+0bs0GAacIQwk","legacyData"
"eb32f81f-b826-486b-aea3-0b69a1795e9a","DCFS_078.basePlot.vst","2015-09-24","vst_DCFS_2015","D09","DCFS","DCFS_078",,"NEON.PLA.D09.DCFS.00232",,"sapling","Live",1.6,10,1.1,,,,,,"Full sun",,,,,,,"Q97LKb9yzbP7tOLkuD+tPeCj3Bww5R2I","4oCBvlQIQ4DhSH30J22+0bs0GAacIQwk","legacyData"
"2fc2af95-425e-46c7-8153-4f81861334ae","DCFS_078.basePlot.vst","2015-09-24","vst_DCFS_2015","D09","DCFS","DCFS_078",,"NEON.PLA.D09.DCFS.00220",,"sapling","Live",1.0,10,0.7,,,,,,"Full sun",,,,,,"additional live non-qualifying primary stems present","Q97LKb9yzbP7tOLkuD+tPeCj3Bww5R2I","4oCBvlQIQ4DhSH30J22+0bs0GAacIQwk","legacyData"
"846b06d6-e046-484f-8e86-bf61e9836fa7","DCFS_078.basePlot.vst","2015-09-24","vst_DCFS_2015","D09","DCFS","DCFS_078",,"NEON.PLA.D09.DCFS.00223",,"sapling","Live",1.2,10,1.2,,,,,,"Full sun",,,,,,,"Q97LKb9yzbP7tOLkuD+tPeCj3Bww5R2I","4oCBvlQIQ4DhSH30J22+0bs0GAacIQwk","legacyData"
"e0455478-120a-4f11-8c09-fceb4c12510b","DCFS_078.basePlot.vst","2015-09-24","vst_DCFS_2015","D09","DCFS","DCFS_078",,"NEON.PLA.D09.DCFS.00209",,"sapling","Live",2.1,10,1.0,,,,,,"Open grown",,,,,,,"Q97LKb9yzbP7tOLkuD+tPeCj3Bww5R2I","4oCBvlQIQ4DhSH30J22+0bs0GAacIQwk","legacyData"
"890fec8d-562c-42eb-9f65-dad3d6bf8eb2","DCFS_078.basePlot.vst","2015-09-24","vst_DCFS_2015","D09","DCFS","DCFS_078",,"NEON.PLA.D09.DCFS.00233",,"sapling","Live",1.0,10,0.7,,,,,,"Full sun",,,,,,,"Q97LKb9yzbP7tOLkuD+tPeCj3Bww5R2I","4oCBvlQIQ4DhSH30J22+0bs0GAacIQwk","legacyData"
"9532885d-8eda-45eb-8042-646de9e11da8","DCFS_078.basePlot.vst","2015-09-24","vst_DCFS_2015","D09","DCFS","DCFS_078",,"NEON.PLA.D09.DCFS.00211",,"single shrub","Live",2.2,130,2.2,,,,1.4,1.0,"Open grown",,,,,,"Basal diameter = 10.3 cm measured at 10 cm above ground. See form_vst_other entry for tag 211","Q97LKb9yzbP7tOLkuD+tPeCj3Bww5R2I","4oCBvlQIQ4DhSH30J22+0bs0GAacIQwk","legacyData"
"db9d964e-7b18-45e6-b507-a8addf8d177a","DCFS_078.basePlot.vst","2015-09-24","vst_DCFS_2015","D09","DCFS","DCFS_078",,"NEON.PLA.D09.DCFS.00219",,"sapling","Live",1.2,10,0.7,,,,,,"Full sun",,,,,,,"Q97LKb9yzbP7tOLkuD+tPeCj3Bww5R2I","4oCBvlQIQ4DhSH30J22+0bs0GAacIQwk","legacyData"
"989d677e-2896-455f-bf44-f4087b346cb1","DCFS_078.basePlot.vst","2015-09-24","vst_DCFS_2015","D09","DCFS","DCFS_078",,"NEON.PLA.D09.DCFS.00236",,"small shrub","Live",1.3,10,0.8,,,,0.9,0.7,"Full sun","inverted cone",,,18.00,13.00,,"Q97LKb9yzbP7tOLkuD+tPeCj3Bww5R2I","4oCBvlQIQ4DhSH30J22+0bs0GAacIQwk","legacyData"
"d955c5ac-136a-4c75-9b68-9f959593ba27","DCFS_078.basePlot.vst","2015-09-24","vst_DCFS_2015","D09","DCFS","DCFS_078",,"NEON.PLA.D09.DCFS.00221",,"sapling","Live",2.2,10,1.2,,,,,,"Full sun",,,,,,,"Q97LKb9yzbP7tOLkuD+tPeCj3Bww5R2I","4oCBvlQIQ4DhSH30J22+0bs0GAacIQwk","legacyData"
"67bd49f7-f296-470a-b90c-4f4f19d23982","DCFS_078.basePlot.vst","2015-09-24","vst_DCFS_2015","D09","DCFS","DCFS_078",,"NEON.PLA.D09.DCFS.00217",,"sapling","Live",1.7,10,0.7,,,,,,"Full sun",,,,,,,"Q97LKb9yzbP7tOLkuD+tPeCj3Bww5R2I","4oCBvlQIQ4DhSH30J22+0bs0GAacIQwk","legacyData"
"9caf7a5d-99d1-4a66-aa3e-9b76f4af7e05","DCFS_078.basePlot.vst","2015-09-24","vst_DCFS_2015","D09","DCFS","DCFS_078",,"NEON.PLA.D09.DCFS.00234",,"sapling","Live",1.1,10,0.7,,,,,,"Full sun",,,,,,"Most of stem laying on ground","Q97LKb9yzbP7tOLkuD+tPeCj3Bww5R2I","4oCBvlQIQ4DhSH30J22+0bs0GAacIQwk","legacyData"
"b6be9a5d-f33a-431c-9054-c57676305681","DCFS_081.basePlot.vst","2015-09-24","vst_DCFS_2015","D09","DCFS","DCFS_081",,"NEON.PLA.D09.DCFS.00170",,"sapling","Live",1.2,10,0.5,,,,,,"Full sun",,,,,,"additional live non-qualifying primary stems present","49AT3csB7SNH9c2JnAOTHYMNXNZpKUYr","4oCBvlQIQ4DhSH30J22+0bs0GAacIQwk","legacyData"
"61711bf6-6bf8-4581-92ff-e963e269d365","DCFS_081.basePlot.vst","2015-09-24","vst_DCFS_2015","D09","DCFS","DCFS_081",,"NEON.PLA.D09.DCFS.00164",,"sapling","Live",2.5,10,0.8,,,,,,"Full sun",,,,,,,"49AT3csB7SNH9c2JnAOTHYMNXNZpKUYr","4oCBvlQIQ4DhSH30J22+0bs0GAacIQwk","legacyData"
"a27ecc74-6c11-4d6f-955a-e9762fda5d53","DCFS_081.basePlot.vst","2015-09-24","vst_DCFS_2015","D09","DCFS","DCFS_081",,"NEON.PLA.D09.DCFS.00171",,"sapling","Live",1.1,10,0.5,,,,,,"Full sun",,,,,,,"49AT3csB7SNH9c2JnAOTHYMNXNZpKUYr","4oCBvlQIQ4DhSH30J22+0bs0GAacIQwk","legacyData"
"63d913ed-a76d-4059-8fe0-b9d5de883e68","DCFS_081.basePlot.vst","2015-09-24","vst_DCFS_2015","D09","DCFS","DCFS_081",,"NEON.PLA.D09.DCFS.00161",,"sapling","Live",1.6,10,0.6,,,,,,"Full sun",,,,,,,"49AT3csB7SNH9c2JnAOTHYMNXNZpKUYr","4oCBvlQIQ4DhSH30J22+0bs0GAacIQwk","legacyData"
"bf4b87db-f179-45fc-b829-64d4e617b41d","DCFS_078.basePlot.vst","2015-09-24","vst_DCFS_2015","D09","DCFS","DCFS_078",,"NEON.PLA.D09.DCFS.00224",,"sapling","Live",1.7,10,0.9,,,,,,"Full sun",,,,,,,"Q97LKb9yzbP7tOLkuD+tPeCj3Bww5R2I","4oCBvlQIQ4DhSH30J22+0bs0GAacIQwk","legacyData"
"b17f7b10-f52a-43ff-906d-fa25891c63a4","DCFS_081.basePlot.vst","2015-09-24","vst_DCFS_2015","D09","DCFS","DCFS_081",,"NEON.PLA.D09.DCFS.00169",,"sapling","Live",1.5,10,0.7,,,,,,"Full sun",,,,,,,"49AT3csB7SNH9c2JnAOTHYMNXNZpKUYr","4oCBvlQIQ4DhSH30J22+0bs0GAacIQwk","legacyData"
"1815c6cc-f0b3-4ff8-9355-b7857e15250e","DCFS_081.basePlot.vst","2015-09-24","vst_DCFS_2015","D09","DCFS","DCFS_081",,"NEON.PLA.D09.DCFS.00162",,"sapling","Live",1.9,10,0.7,,,,,,"Full sun",,,,,,,"49AT3csB7SNH9c2JnAOTHYMNXNZpKUYr","4oCBvlQIQ4DhSH30J22+0bs0GAacIQwk","legacyData"
"b885ecf7-226e-416c-a57a-f7bd44901c14","DCFS_078.basePlot.vst","2015-09-24","vst_DCFS_2015","D09","DCFS","DCFS_078",,"NEON.PLA.D09.DCFS.00222",,"sapling","Live",1.7,10,1.3,,,,,,"Full sun",,,,,,,"Q97LKb9yzbP7tOLkuD+tPeCj3Bww5R2I","4oCBvlQIQ4DhSH30J22+0bs0GAacIQwk","legacyData"
"cf01f5ea-e8d3-43bb-a14e-167af951f52a","DCFS_078.basePlot.vst","2015-09-24","vst_DCFS_2015","D09","DCFS","DCFS_078",,"NEON.PLA.D09.DCFS.00231",,"sapling","Live",1.9,10,0.9,,,,,,"Full sun",,,,,,,"Q97LKb9yzbP7tOLkuD+tPeCj3Bww5R2I","4oCBvlQIQ4DhSH30J22+0bs0GAacIQwk","legacyData"
"92e115ea-ea15-47fa-a49d-4bac101e33ed","DCFS_078.basePlot.vst","2015-09-24","vst_DCFS_2015","D09","DCFS","DCFS_078",,"NEON.PLA.D09.DCFS.00218",,"sapling","Live",1.7,10,0.8,,,,,,"Full sun",,,,,,,"Q97LKb9yzbP7tOLkuD+tPeCj3Bww5R2I","4oCBvlQIQ4DhSH30J22+0bs0GAacIQwk","legacyData"
"a549cac1-6f03-47b3-998e-8308f1ea8566","DCFS_078.basePlot.vst","2015-09-24","vst_DCFS_2015","D09","DCFS","DCFS_078",,"NEON.PLA.D09.DCFS.00210",,"sapling","Live,  other damage",2.1,10,0.7,,,,,,"Full sun",,,,,,"Twisted and broken/rotting at base. Stem laying on ground","Q97LKb9yzbP7tOLkuD+tPeCj3Bww5R2I","4oCBvlQIQ4DhSH30J22+0bs0GAacIQwk","legacyData"
"d8019e63-495d-43d5-a812-4b86b536ca2b","DCFS_081.basePlot.vst","2015-09-24","vst_DCFS_2015","D09","DCFS","DCFS_081",,"NEON.PLA.D09.DCFS.00166",,"small shrub","Live",3.1,10,1.4,,,,0.7,0.6,"Full sun","inverted cone",,,12.00,7.00,,"49AT3csB7SNH9c2JnAOTHYMNXNZpKUYr","4oCBvlQIQ4DhSH30J22+0bs0GAacIQwk","legacyData"
"5c2e77f0-11ec-4ec8-9077-542f0e9a6ee9","DCFS_078.basePlot.vst","2015-09-24","vst_DCFS_2015","D09","DCFS","DCFS_078",,"NEON.PLA.D09.DCFS.00215",,"small shrub","Live",1.1,10,0.9,,,,0.5,0.4,"Full sun","inverted cone",,,4.00,3.00,,"Q97LKb9yzbP7tOLkuD+tPeCj3Bww5R2I","4oCBvlQIQ4DhSH30J22+0bs0GAacIQwk","legacyData"
"516cdda2-a3e6-4210-aa64-7a920e4a221e","DCFS_078.basePlot.vst","2015-09-24","vst_DCFS_2015","D09","DCFS","DCFS_078",,"NEON.PLA.D09.DCFS.00229",,"sapling","Live,  other damage",2.0,10,1.3,,,,,,"Full sun",,,,,,"Splitting at base","Q97LKb9yzbP7tOLkuD+tPeCj3Bww5R2I","4oCBvlQIQ4DhSH30J22+0bs0GAacIQwk","legacyData"
"ab11b130-e7de-4042-81a6-d350be72d6a5","DCFS_078.basePlot.vst","2015-09-24","vst_DCFS_2015","D09","DCFS","DCFS_078",,"NEON.PLA.D09.DCFS.00226",,"sapling","Live",1.6,10,1.0,,,,,,"Full sun",,,,,,"Most of stem laying on ground, otherwise healthy","Q97LKb9yzbP7tOLkuD+tPeCj3Bww5R2I","4oCBvlQIQ4DhSH30J22+0bs0GAacIQwk","legacyData"
"34b6dce9-bb0b-405d-a6d7-c9aaf910a52b","DCFS_078.basePlot.vst","2015-09-24","vst_DCFS_2015","D09","DCFS","DCFS_078",,"NEON.PLA.D09.DCFS.00228",,"sapling","Live",1.4,10,0.9,,,,,,"Full sun",,,,,,"Most of stem laying on ground","Q97LKb9yzbP7tOLkuD+tPeCj3Bww5R2I","4oCBvlQIQ4DhSH30J22+0bs0GAacIQwk","legacyData"
"7fc29d79-c963-43e9-8377-d3e081c34d1b","DCFS_081.basePlot.vst","2015-09-24","vst_DCFS_2015","D09","DCFS","DCFS_081",,"NEON.PLA.D09.DCFS.00172",,"sapling","Live",1.7,10,0.9,,,,,,"Full sun",,,,,,"primary stem is mostly dead","49AT3csB7SNH9c2JnAOTHYMNXNZpKUYr","4oCBvlQIQ4DhSH30J22+0bs0GAacIQwk","legacyData"
"7c2e43c3-7b85-4f6f-b06b-1210512ad1cd","DCFS_081.basePlot.vst","2015-09-24","vst_DCFS_2015","D09","DCFS","DCFS_081",,"NEON.PLA.D09.DCFS.00174",,"small shrub","Live",1.5,10,0.6,,,,0.4,0.2,"Full sun","inverted cone",,,8.00,3.00,"additional live non-qualifying primary stems present","49AT3csB7SNH9c2JnAOTHYMNXNZpKUYr","4oCBvlQIQ4DhSH30J22+0bs0GAacIQwk","legacyData"
"c5bcf111-7996-497a-af09-9cc5c57541c8","DCFS_078.basePlot.vst","2015-09-24","vst_DCFS_2015","D09","DCFS","DCFS_078",,"NEON.PLA.D09.DCFS.00235",,"sapling","Live",1.1,10,0.7,,,,,,"Full sun",,,,,,"additional live non-qualifying primary stems present","Q97LKb9yzbP7tOLkuD+tPeCj3Bww5R2I","4oCBvlQIQ4DhSH30J22+0bs0GAacIQwk","legacyData"
"06862689-8805-404f-b63a-5ae17a549e34","DCFS_078.basePlot.vst","2015-09-24","vst_DCFS_2015","D09","DCFS","DCFS_078",,"NEON.PLA.D09.DCFS.00214",,"sapling","Live",1.0,10,0.7,,,,,,"Full sun",,,,,,,"Q97LKb9yzbP7tOLkuD+tPeCj3Bww5R2I","4oCBvlQIQ4DhSH30J22+0bs0GAacIQwk","legacyData"
"18ed0a46-a2fc-4682-ba2e-e176f35c4194","DCFS_081.basePlot.vst","2015-09-24","vst_DCFS_2015","D09","DCFS","DCFS_081",,"NEON.PLA.D09.DCFS.00163",,"small shrub","Live",1.4,10,,,,,,,"Full sun",,,,,,,"49AT3csB7SNH9c2JnAOTHYMNXNZpKUYr","4oCBvlQIQ4DhSH30J22+0bs0GAacIQwk","legacyData"
"6ce540e7-9ad2-401b-8977-bdacf3b07195","DCFS_081.basePlot.vst","2015-09-24","vst_DCFS_2015","D09","DCFS","DCFS_081",,"NEON.PLA.D09.DCFS.00176",,"sapling","Live",1.1,10,0.6,,,,,,"Full sun",,,,,,,"49AT3csB7SNH9c2JnAOTHYMNXNZpKUYr","4oCBvlQIQ4DhSH30J22+0bs0GAacIQwk","legacyData"
"41296c8d-2f26-4336-a655-40cc71393780","DCFS_081.basePlot.vst","2015-09-24","vst_DCFS_2015","D09","DCFS","DCFS_081",,"NEON.PLA.D09.DCFS.00168",,"sapling","Live",1.4,10,0.7,,,,,,"Full sun",,,,,,,"49AT3csB7SNH9c2JnAOTHYMNXNZpKUYr","4oCBvlQIQ4DhSH30J22+0bs0GAacIQwk","legacyData"
"b61cf8fd-563b-4a00-a368-12eb7f8a96f4","DCFS_081.basePlot.vst","2015-09-24","vst_DCFS_2015","D09","DCFS","DCFS_081",,"NEON.PLA.D09.DCFS.00173",,"sapling","Live",1.2,10,0.8,,,,,,"Full sun",,,,,,,"49AT3csB7SNH9c2JnAOTHYMNXNZpKUYr","4oCBvlQIQ4DhSH30J22+0bs0GAacIQwk","legacyData"
"0f29796c-0bf2-41de-a15f-4c1e87af2ec0","DCFS_081.basePlot.vst","2015-09-24","vst_DCFS_2015","D09","DCFS","DCFS_081",,"NEON.PLA.D09.DCFS.00175",,"sapling","Standing dead",3.6,10,0.7,,,,,,"Full sun",,,,,,,"49AT3csB7SNH9c2JnAOTHYMNXNZpKUYr","4oCBvlQIQ4DhSH30J22+0bs0GAacIQwk","legacyData"
