uid,namedLocation,domainID,siteID,plotID,plotType,nlcdClass,decimalLatitude,decimalLongitude,geodeticDatum,coordinateUncertainty,elevation,elevationUncertainty,collectDate,eventID,sampleID,sampleCode,samplingMethod,totalSampledArea,targetTaxaPresent,adultCount,nymphCount,larvaCount,sampleCondition,samplingProtocolVersion,measuredBy,remarks
"683a79d9-8ff7-4a19-b36f-c8817b919e25","UNDE_013.tickPlot.tck","D05","UNDE","UNDE_013","distributed","deciduousForest",46.227776,-89.535166,"WGS84",20.2,510.3,0.3,"2016-11-07T15:24Z","UNDE.2016.45",,,"drag and flag",160,"N",0,0,0,"No known compromise","NEON.DOC.014045vG","/ROnnk8jXLJdCov8oOhWoBZU0ZHXIXZu",
"a7f6a8f2-1b09-4328-87d9-ad2af3401ab6","UNDE_002.tickPlot.tck","D05","UNDE","UNDE_002","distributed","woodyWetlands",46.242285,-89.543255,"WGS84",20.3,506.2,0.4,"2016-11-07T16:20Z","UNDE.2016.45",,,"drag and flag",157,"N",0,0,0,"No known compromise","NEON.DOC.014045vG","/ROnnk8jXLJdCov8oOhWoBZU0ZHXIXZu",
"4042a0b4-f6a0-4628-9e02-f94a83d50bac","UNDE_019.tickPlot.tck","D05","UNDE","UNDE_019","distributed","deciduousForest",46.257425,-89.542054,"WGS84",20.2,519.0,0.2,"2016-11-07T17:18Z","UNDE.2016.45",,,"drag and flag",160,"N",0,0,0,"No known compromise","NEON.DOC.014045vG","bhyqAGH4uRkcir9xDj7d5wq9Q3xNnOdK",
"65d5f983-a1cd-4cb8-bd7a-1644e2b1b211","UNDE_999.tickPlot.tck","D05","UNDE","UNDE_999","distributed","woodyWetlands",46.256243,-89.534200,"WGS84",20.2,507.1,0.3,"2016-11-07T18:24Z","UNDE.2016.45",,,"drag and flag",155,"N",0,0,0,"No known compromise","NEON.DOC.014045vG","/ROnnk8jXLJdCov8oOhWoBZU0ZHXIXZu",
"e315860f-6051-4fde-929c-9f73e6079ec9","UNDE_011.tickPlot.tck","D05","UNDE","UNDE_011","distributed","woodyWetlands",46.213935,-89.505950,"WGS84",20.3,507.7,0.4,"2016-11-07T20:15Z","UNDE.2016.45",,,"drag and flag",121,"N",0,0,0,"No known compromise","NEON.DOC.014045vG","Syw2LXB/pj+fmGCuwdgBGVryVUmYhw3g",
"0eb1b1af-e30d-41ee-ba33-1aa48fdd41de","UNDE_017.tickPlot.tck","D05","UNDE","UNDE_017","distributed","mixedForest",46.236736,-89.497054,"WGS84",20.1,518.8,0.2,"2016-11-07T21:17Z","UNDE.2016.45",,,"drag and flag",157,"N",0,0,0,"No known compromise","NEON.DOC.014045vG","/ROnnk8jXLJdCov8oOhWoBZU0ZHXIXZu",
