uid,namedLocation,domainID,siteID,plotID,plotType,nlcdClass,decimalLatitude,decimalLongitude,geodeticDatum,coordinateUncertainty,elevation,elevationUncertainty,collectDate,eventID,sampleID,sampleCode,samplingMethod,totalSampledArea,targetTaxaPresent,adultCount,nymphCount,larvaCount,sampleCondition,samplingProtocolVersion,measuredBy,remarks
"096e12a2-0c0e-459d-becf-fec3c3daf42b","NOGP_005.tickPlot.tck","D09","NOGP","NOGP_005","distributed","grasslandHerbaceous",46.787576,-100.916830,"WGS84",20.0,564.6,0.0,"2017-09-13T15:20Z","NOGP.2017.38",,,"drag",160,"N",0,0,0,,"NEON.DOC.014045vH","DD62lVgvxIvGiszkTLWsCVk62oBz49UvoSCJnX9WeEw=",
"23193d6e-3c80-46ac-919d-894f1b0ef637","NOGP_008.tickPlot.tck","D09","NOGP","NOGP_008","distributed","grasslandHerbaceous",46.783500,-100.905977,"WGS84",20.1,562.0,0.1,"2017-09-13T16:03Z","NOGP.2017.38",,,"drag",160,"N",0,0,0,,"NEON.DOC.014045vH","DD62lVgvxIvGiszkTLWsCVk62oBz49UvoSCJnX9WeEw=",
"006340db-1983-49b2-b8f1-626ec4b16820","NOGP_006.tickPlot.tck","D09","NOGP","NOGP_006","distributed","grasslandHerbaceous",46.768522,-100.918874,"WGS84",20.1,588.6,0.1,"2017-09-13T16:43Z","NOGP.2017.38",,,"drag",160,"N",0,0,0,,"NEON.DOC.014045vH","DD62lVgvxIvGiszkTLWsCVk62oBz49UvoSCJnX9WeEw=",
"d8e126f8-86a3-410a-8363-9ea8b4a123d6","NOGP_002.tickPlot.tck","D09","NOGP","NOGP_002","distributed","grasslandHerbaceous",46.797460,-100.910668,"WGS84",20.1,544.6,0.1,"2017-09-13T17:23Z","NOGP.2017.38",,,"drag",160,"N",0,0,0,,"NEON.DOC.014045vH","1cKKWBegdXd3XTLCQDj8XQBzY4nMiWUz8d+l9IasVs0=",
"20b00407-19f8-44a5-b24d-f0e11a22e998","NOGP_001.tickPlot.tck","D09","NOGP","NOGP_001","distributed","grasslandHerbaceous",46.804811,-100.916048,"WGS84",20.0,530.7,0.0,"2017-09-13T18:12Z","NOGP.2017.38",,,"drag",160,"N",0,0,0,,"NEON.DOC.014045vH","1cKKWBegdXd3XTLCQDj8XQBzY4nMiWUz8d+l9IasVs0=",
"07daa928-0090-4077-8cc2-4d3c37f2dfc6","NOGP_007.tickPlot.tck","D09","NOGP","NOGP_007","distributed","grasslandHerbaceous",46.813251,-100.903783,"WGS84",20.0,527.7,0.0,"2017-09-13T18:44Z","NOGP.2017.38",,,"drag",160,"N",0,0,0,,"NEON.DOC.014045vH","DD62lVgvxIvGiszkTLWsCVk62oBz49UvoSCJnX9WeEw=",
