uid,namedLocation,plotID,collectDate,identifiedDate,sampleID,subsampleID,scientificName,acceptedTaxonID,taxonRank,family,subfamily,tribe,subtribe,genus,subgenus,specificEpithet,infraspecificEpithet,identificationQualifier,identificationReferences,identificationProtocolVersion,scientificNameAuthorship,sexOrAge,individualCount,sampleCondition,archiveMedium,archiveFacilityID,deprecatedVialID,identifiedBy,laboratoryName,remarks
"115129c7-0c8d-498b-b32c-f9b1dbc0d3df","OAES_007.tickPlot.tck","OAES_007","2018-06-05T13:26Z","2018-08-13T16:00Z","OAES_007.20180605","OAES_007.20180605.DERVAR.M","Dermacentor variabilis","DERVAR","species","Ixodidae",,,,"Dermacentor",,"variabilis",,,"Yunker, C. E., Keirans, J. E., Clifford, C. M., and E. R. Easton. 1986. Dermacentor ticks (Acari: Ixodoidea: Ixodidae) of the New World: a scanning electron microscope atlas. Proceedings of the Entomological Society of Washington, 88(4):609-627.","GSU_tickIdentification_SOP_2016-11-01.pdf","Say","Male",1,"OK","90% ethanol","USNMENT01482012",,"Lorenza Beati","Georgia Southern University",
"d40b37cd-187d-4d84-9660-497ffbb91918","OAES_007.tickPlot.tck","OAES_007","2018-06-05T13:26Z","2018-08-13T16:00Z","OAES_007.20180605","OAES_007.20180605.AMBMAC.F","Amblyomma maculatum","AMBMAC","species","Ixodidae",,,,"Amblyomma",,"maculatum",,,"Cooley, R. A. and G. M. Kohls. 1944. The genus Amblyomma (ixodidae) in the United States. The Journal of Parasitology, 30(2):77-111.","GSU_tickIdentification_SOP_2016-11-01.pdf","Koch","Female",1,"OK","90% ethanol","USNMENT01482009",,"Lorenza Beati","Georgia Southern University",
"1fcd8920-bbd6-4dd6-ba96-a1ac85661720","OAES_021.tickPlot.tck","OAES_021","2018-06-05T14:40Z","2018-08-13T16:00Z","OAES_021.20180605","OAES_021.20180605.AMBAME.F","Amblyomma americanum","AMBAME","species","Ixodidae",,,,"Amblyomma",,"americanum",,,"Cooley, R. A. and G. M. Kohls. 1944. The genus Amblyomma (ixodidae) in the United States. The Journal of Parasitology, 30(2):77-111.","GSU_tickIdentification_SOP_2016-11-01.pdf","Linnaeus","Female",1,"OK","90% ethanol","USNMENT01482015",,"Lorenza Beati","Georgia Southern University",
"f7170af0-c141-422a-a4ba-7b0d8cab1c94","OAES_004.tickPlot.tck","OAES_004","2018-06-05T15:26Z","2018-08-13T16:00Z","OAES_004.20180605","OAES_004.20180605.DERVAR.F","Dermacentor variabilis","DERVAR","species","Ixodidae",,,,"Dermacentor",,"variabilis",,,"Yunker, C. E., Keirans, J. E., Clifford, C. M., and E. R. Easton. 1986. Dermacentor ticks (Acari: Ixodoidea: Ixodidae) of the New World: a scanning electron microscope atlas. Proceedings of the Entomological Society of Washington, 88(4):609-627.","GSU_tickIdentification_SOP_2016-11-01.pdf","Say","Female",1,"OK","90% ethanol","USNMENT01482016",,"Lorenza Beati","Georgia Southern University",
"9ce82303-9dea-4cb4-82df-0b2c9a252440","OAES_005.tickPlot.tck","OAES_005","2018-06-05T16:04Z","2018-08-13T16:00Z","OAES_005.20180605","OAES_005.20180605.DERVAR.F","Dermacentor variabilis","DERVAR","species","Ixodidae",,,,"Dermacentor",,"variabilis",,,"Yunker, C. E., Keirans, J. E., Clifford, C. M., and E. R. Easton. 1986. Dermacentor ticks (Acari: Ixodoidea: Ixodidae) of the New World: a scanning electron microscope atlas. Proceedings of the Entomological Society of Washington, 88(4):609-627.","GSU_tickIdentification_SOP_2016-11-01.pdf","Say","Female",2,"OK","90% ethanol","USNMENT01482014",,"Lorenza Beati","Georgia Southern University",
"54684ff3-084e-4caa-ace9-930cc13c1fc4","OAES_005.tickPlot.tck","OAES_005","2018-06-05T16:04Z","2018-08-13T16:00Z","OAES_005.20180605","OAES_005.20180605.DERVAR.M","Dermacentor variabilis","DERVAR","species","Ixodidae",,,,"Dermacentor",,"variabilis",,,"Yunker, C. E., Keirans, J. E., Clifford, C. M., and E. R. Easton. 1986. Dermacentor ticks (Acari: Ixodoidea: Ixodidae) of the New World: a scanning electron microscope atlas. Proceedings of the Entomological Society of Washington, 88(4):609-627.","GSU_tickIdentification_SOP_2016-11-01.pdf","Say","Male",1,"OK","90% ethanol","USNMENT01482013",,"Lorenza Beati","Georgia Southern University",
"c2b010fa-bb70-4418-b8fe-52a07f35b9ba","OAES_005.tickPlot.tck","OAES_005","2018-06-26T12:16Z","2018-08-13T16:00Z","OAES_005.20180626","OAES_005.20180626.DERVAR.M","Dermacentor variabilis","DERVAR","species","Ixodidae",,,,"Dermacentor",,"variabilis",,,"Yunker, C. E., Keirans, J. E., Clifford, C. M., and E. R. Easton. 1986. Dermacentor ticks (Acari: Ixodoidea: Ixodidae) of the New World: a scanning electron microscope atlas. Proceedings of the Entomological Society of Washington, 88(4):609-627.","GSU_tickIdentification_SOP_2016-11-01.pdf","Say","Male",1,"OK","90% ethanol","USNMENT01482019",,"Lorenza Beati","Georgia Southern University",
"679a14ce-fffb-4075-8a4b-e527a981bcb5","OAES_004.tickPlot.tck","OAES_004","2018-06-26T13:23Z","2018-08-13T16:00Z","OAES_004.20180626","OAES_004.20180626.DERVAR.F","Dermacentor variabilis","DERVAR","species","Ixodidae",,,,"Dermacentor",,"variabilis",,,"Yunker, C. E., Keirans, J. E., Clifford, C. M., and E. R. Easton. 1986. Dermacentor ticks (Acari: Ixodoidea: Ixodidae) of the New World: a scanning electron microscope atlas. Proceedings of the Entomological Society of Washington, 88(4):609-627.","GSU_tickIdentification_SOP_2016-11-01.pdf","Say","Female",1,"OK","90% ethanol","USNMENT01482026",,"Lorenza Beati","Georgia Southern University",
"a8ae2376-eb76-4b8b-9905-b21b1547470a","OAES_004.tickPlot.tck","OAES_004","2018-06-26T13:23Z","2018-08-13T16:00Z","OAES_004.20180626","OAES_004.20180626.AMBMAC.F","Amblyomma maculatum","AMBMAC","species","Ixodidae",,,,"Amblyomma",,"maculatum",,,"Cooley, R. A. and G. M. Kohls. 1944. The genus Amblyomma (ixodidae) in the United States. The Journal of Parasitology, 30(2):77-111.","GSU_tickIdentification_SOP_2016-11-01.pdf","Koch","Female",1,"OK","90% ethanol","USNMENT01482027",,"Lorenza Beati","Georgia Southern University",
"91bf681b-9cee-480c-b9ea-d97dc1c8e251","OAES_021.tickPlot.tck","OAES_021","2018-06-26T14:13Z","2018-08-13T16:00Z","OAES_021.20180626","OAES_021.20180626.DERVAR.F","Dermacentor variabilis","DERVAR","species","Ixodidae",,,,"Dermacentor",,"variabilis",,,"Yunker, C. E., Keirans, J. E., Clifford, C. M., and E. R. Easton. 1986. Dermacentor ticks (Acari: Ixodoidea: Ixodidae) of the New World: a scanning electron microscope atlas. Proceedings of the Entomological Society of Washington, 88(4):609-627.","GSU_tickIdentification_SOP_2016-11-01.pdf","Say","Female",1,"OK","90% ethanol","USNMENT01482017",,"Lorenza Beati","Georgia Southern University",
"f7d93605-f491-4cc2-948c-92ff57b63e7a","OAES_008.tickPlot.tck","OAES_008","2018-06-26T16:27Z","2018-08-13T16:00Z","OAES_008.20180626","OAES_008.20180626.AMBAME.N","Amblyomma americanum","AMBAME","species","Ixodidae",,,,"Amblyomma",,"americanum",,,"Cooley, R. A. and G. M. Kohls. 1944. The genus Amblyomma (ixodidae) in the United States. The Journal of Parasitology, 30(2):77-111.","GSU_tickIdentification_SOP_2016-11-01.pdf","Linnaeus","Nymph",1,"OK","90% ethanol","USNMENT01482025",,"Lorenza Beati","Georgia Southern University",
"c2fe10ac-53b9-46ae-9b03-016bfbd4424d","OAES_007.tickPlot.tck","OAES_007","2018-06-26T17:07Z","2018-08-13T16:00Z","OAES_007.20180626","OAES_007.20180626.DERVAR.F","Dermacentor variabilis","DERVAR","species","Ixodidae",,,,"Dermacentor",,"variabilis",,,"Yunker, C. E., Keirans, J. E., Clifford, C. M., and E. R. Easton. 1986. Dermacentor ticks (Acari: Ixodoidea: Ixodidae) of the New World: a scanning electron microscope atlas. Proceedings of the Entomological Society of Washington, 88(4):609-627.","GSU_tickIdentification_SOP_2016-11-01.pdf","Say","Female",2,"OK","90% ethanol","USNMENT01482018",,"Lorenza Beati","Georgia Southern University",
