uid,namedLocation,domainID,siteID,plotID,plotType,nlcdClass,decimalLatitude,decimalLongitude,geodeticDatum,coordinateUncertainty,elevation,elevationUncertainty,collectDate,eventID,sampleID,sampleCode,samplingMethod,totalSampledArea,targetTaxaPresent,adultCount,nymphCount,larvaCount,sampleCondition,samplingProtocolVersion,measuredBy,remarks
"36013c4f-36e9-47a7-8a5c-1b34df677a07","OAES_008.tickPlot.tck","D11","OAES","OAES_008","distributed","grasslandHerbaceous",35.394019,-99.063159,"WGS84",20.1,492.6,0.1,"2018-06-05T12:53Z","OAES.2018.23",,,"drag",160,"N",0,0,0,,"NEON.DOC.014045vJ","8G7vUQMzZK9zBmE4wxPrbelrEQU9/yG7Kxg0E4NflNA=",
"2592b842-f8ed-43c4-9150-177e68351845","OAES_007.tickPlot.tck","D11","OAES","OAES_007","distributed","shrubScrub",35.421328,-99.057210,"WGS84",20.1,521.6,0.1,"2018-06-05T13:26Z","OAES.2018.23","OAES_007.20180605","A00000021349","drag and flag",160,"Y",1,1,0,"No known compromise","NEON.DOC.014045vJ","8G7vUQMzZK9zBmE4wxPrbelrEQU9/yG7Kxg0E4NflNA=",
"bb5efeb2-0657-44ab-85e9-b3e10fae9b33","OAES_003.tickPlot.tck","D11","OAES","OAES_003","distributed","grasslandHerbaceous",35.412134,-99.068027,"WGS84",20.2,512.2,0.2,"2018-06-05T14:05Z","OAES.2018.23",,"A00000021350","drag",156,"N",0,0,0,"No known compromise","NEON.DOC.014045vJ","8G7vUQMzZK9zBmE4wxPrbelrEQU9/yG7Kxg0E4NflNA=",
"9691aba6-ba2e-4e90-9ce8-aac426b3918a","OAES_021.tickPlot.tck","D11","OAES","OAES_021","distributed","shrubScrub",35.413211,-99.074301,"WGS84",20.1,501.7,0.1,"2018-06-05T14:40Z","OAES.2018.23","OAES_021.20180605","A00000021352","drag and flag",120,"Y",1,0,0,"No known compromise","NEON.DOC.014045vJ","8G7vUQMzZK9zBmE4wxPrbelrEQU9/yG7Kxg0E4NflNA=","Vegetation grove obstacle"
"91dfbfa6-c847-4fc3-847b-ea7aa4a037ea","OAES_004.tickPlot.tck","D11","OAES","OAES_004","distributed","grasslandHerbaceous",35.411159,-99.084234,"WGS84",20.1,507.6,0.1,"2018-06-05T15:26Z","OAES.2018.23","OAES_004.20180605","A00000021351","drag and flag",160,"Y",1,0,0,"No known compromise","NEON.DOC.014045vJ","8G7vUQMzZK9zBmE4wxPrbelrEQU9/yG7Kxg0E4NflNA=",
"6993a9cc-6a85-4224-98a3-ddcea31fa4fc","OAES_005.tickPlot.tck","D11","OAES","OAES_005","distributed","grasslandHerbaceous",35.402926,-99.080346,"WGS84",20.1,509.4,0.1,"2018-06-05T16:04Z","OAES.2018.23","OAES_005.20180605",,"drag",160,"Y",3,0,0,"No known compromise","NEON.DOC.014045vJ","8G7vUQMzZK9zBmE4wxPrbelrEQU9/yG7Kxg0E4NflNA=",
"aaeadd6f-2315-42f6-ab13-5e72c80c56d2","OAES_005.tickPlot.tck","D11","OAES","OAES_005","distributed","grasslandHerbaceous",35.402926,-99.080346,"WGS84",20.1,509.4,0.1,"2018-06-26T12:16Z","OAES.2018.26","OAES_005.20180626",,"drag",155,"Y",1,0,0,"No known compromise","NEON.DOC.014045vJ","GX867jzl2LPd3HlUZbuiNfXOAtWi8JLtNMOknIxXArE=",
"54d88ce1-1eae-4e38-808b-a6db7acc67d1","OAES_004.tickPlot.tck","D11","OAES","OAES_004","distributed","grasslandHerbaceous",35.411159,-99.084234,"WGS84",20.1,507.6,0.1,"2018-06-26T13:23Z","OAES.2018.26","OAES_004.20180626","A00000020843","drag",160,"Y",2,0,0,"No known compromise","NEON.DOC.014045vJ","GX867jzl2LPd3HlUZbuiNfXOAtWi8JLtNMOknIxXArE=",
"a2a7a187-5ccb-4c7b-9834-0b3ef9b4ca72","OAES_003.tickPlot.tck","D11","OAES","OAES_003","distributed","grasslandHerbaceous",35.412134,-99.068027,"WGS84",20.2,512.2,0.2,"2018-06-26T13:40Z","OAES.2018.26",,,"drag",160,"N",0,0,0,,"NEON.DOC.014045vJ","GX867jzl2LPd3HlUZbuiNfXOAtWi8JLtNMOknIxXArE=","40 mile hour winds difficult to sample"
"efab0afc-61bc-413f-9d6e-960d842b190c","OAES_021.tickPlot.tck","D11","OAES","OAES_021","distributed","shrubScrub",35.413211,-99.074301,"WGS84",20.1,501.7,0.1,"2018-06-26T14:13Z","OAES.2018.26","OAES_021.20180626",,"drag",135,"Y",1,0,0,"No known compromise","NEON.DOC.014045vJ","GX867jzl2LPd3HlUZbuiNfXOAtWi8JLtNMOknIxXArE=",
"5fd3ae5a-7b0d-42ad-9eab-210f4d41e97a","OAES_008.tickPlot.tck","D11","OAES","OAES_008","distributed","grasslandHerbaceous",35.394019,-99.063159,"WGS84",20.1,492.6,0.1,"2018-06-26T16:27Z","OAES.2018.26","OAES_008.20180626","A00000020844","drag",160,"Y",0,1,0,"No known compromise","NEON.DOC.014045vJ","GX867jzl2LPd3HlUZbuiNfXOAtWi8JLtNMOknIxXArE=","Deviated 50 meters within lot of aviod swapy standing water on plot perimeter"
"08a59433-85ad-4b82-b1a7-1cdfe702663f","OAES_007.tickPlot.tck","D11","OAES","OAES_007","distributed","shrubScrub",35.421328,-99.057210,"WGS84",20.1,521.6,0.1,"2018-06-26T17:07Z","OAES.2018.26","OAES_007.20180626","A00000020842","drag",155,"Y",2,0,0,"No known compromise","NEON.DOC.014045vJ","GX867jzl2LPd3HlUZbuiNfXOAtWi8JLtNMOknIxXArE=",
