uid,namedLocation,domainID,siteID,plotID,plotType,nlcdClass,decimalLatitude,decimalLongitude,geodeticDatum,coordinateUncertainty,elevation,elevationUncertainty,collectDate,eventID,sampleID,sampleCode,samplingMethod,totalSampledArea,targetTaxaPresent,adultCount,nymphCount,larvaCount,sampleCondition,samplingProtocolVersion,measuredBy,remarks
"48280be5-c7a0-43a3-a331-686be675286a","SERC_012.tickPlot.tck","D02","SERC","SERC_012","distributed","deciduousForest",38.880010,-76.561648,"WGS84",20.2,20.1,0.2,"2018-08-15T20:15Z","SERC.2018.33","SERC_012.20180815","A00000001418","drag",170,"Y",0,3,3,"No known compromise","NEON.DOC.014045vJ","ciinOn2RW7L53SAeOrOGD/2onrpbttp+",
"8e332c2d-dcc7-4d9a-a227-e637746b6683","SERC_005.tickPlot.tck","D02","SERC","SERC_005","distributed","deciduousForest",38.894060,-76.546307,"WGS84",20.3,8.5,0.5,"2018-08-15T20:22Z","SERC.2018.33","SERC_005.20180815","A00000003297","drag",140,"Y",0,92,3,"No known compromise","NEON.DOC.014045vJ","y91HGrHLk0lZr/DPX16cTMD5ZLTOKHZ4wAmahG5mA10=","Skipped some wet areas"
"61f06e70-4ebd-4e79-8bcd-fdc8f1287e8b","SERC_006.tickPlot.tck","D02","SERC","SERC_006","distributed","deciduousForest",38.880025,-76.548376,"WGS84",20.2,2.6,0.3,"2018-08-16T15:30Z","SERC.2018.33","SERC_006.20180816","A00000002478","drag",162,"Y",0,3,33,"No known compromise","NEON.DOC.014045vJ","y91HGrHLk0lZr/DPX16cTMD5ZLTOKHZ4wAmahG5mA10=",
"f41790db-2850-48fc-97dd-3401c2fa2f81","SERC_001.tickPlot.tck","D02","SERC","SERC_001","distributed","deciduousForest",38.868186,-76.535306,"WGS84",20.2,2.1,0.2,"2018-08-16T15:55Z","SERC.2018.33","SERC_001.20180816","A00000003081","drag",161,"Y",0,4,227,"No known compromise","NEON.DOC.014045vJ","cJDN8FQ+G8BHe8OkvD5PMz1h/kcM7qXCzeFqTpXsSj4=",
"942ffcdd-dd4d-46f8-a90a-c057b2790ab1","SERC_002.tickPlot.tck","D02","SERC","SERC_002","distributed","deciduousForest",38.896262,-76.558166,"WGS84",20.2,17.0,0.3,"2018-08-16T16:39Z","SERC.2018.33","SERC_002.20180816","A00000002458","drag",166,"Y",1,35,943,"No known compromise","NEON.DOC.014045vJ","gUkNgXXWwVfyyvmNuuhPHfl+ngDS46AHNocWtty9mqU=",
"09749790-dcfa-43de-9461-42e4298364b6","SERC_023.tickPlot.tck","D02","SERC","SERC_023","distributed","cultivatedCrops",38.873978,-76.535925,"WGS84",20.1,6.7,0.1,"2018-08-16T17:49Z","SERC.2018.33","SERC_023.20180816",,"drag",160,"Y",0,0,1,"Other (described in remarks)","NEON.DOC.014045vJ","ciinOn2RW7L53SAeOrOGD/2onrpbttp+","Tick lost"
