uid,namedLocation,date,eventID,domainID,siteID,plotID,subplotID,individualID,tagStatus,growthForm,plantStatus,stemDiameter,measurementHeight,height,baseCrownHeight,breakHeight,breakDiameter,maxCrownDiameter,ninetyCrownDiameter,canopyPosition,shape,basalStemDiameter,basalStemDiameterMsrmntHeight,maxBaseCrownDiameter,ninetyBaseCrownDiameter,remarks,recordedBy,measuredBy,dataQF
"47c761c1-39a6-4089-a797-069bf450498d","OSBS_044.basePlot.vst","2018-01-17","vst_OSBS_2017","D03","OSBS","OSBS_044",,"NEON.PLA.D03.OSBS.00095","ok","single bole tree","Live, broken bole",34.5,130,18.4,,17.2,,,,,,,,,,"Fusiform. Broken at very tip of bole - impossible to estimate breakDiameter.","XHDcovp85mKKhOyBJRCCG9BrUnGU9ms3Kfo1BikqVt4=","cMb2B+jx12AMjNtsEA8t48GND5R87ks/","legacyData"
"09a92770-9b0f-4fc2-a795-471b7c5e8ae1","OSBS_044.basePlot.vst","2018-01-17","vst_OSBS_2017","D03","OSBS","OSBS_044",,"NEON.PLA.D03.OSBS.00096","ok","single bole tree","Live, disease damaged",41.6,130,19.1,,,,,,,,,,,,"Fusiform.","XHDcovp85mKKhOyBJRCCG9BrUnGU9ms3Kfo1BikqVt4=","cMb2B+jx12AMjNtsEA8t48GND5R87ks/","legacyData"
"2fc97338-4a02-4ffc-9492-30816e0203d8","OSBS_044.basePlot.vst","2018-01-17","vst_OSBS_2017","D03","OSBS","OSBS_044",,"NEON.PLA.D03.OSBS.00114","ok","single bole tree","Live,  other damage",33.1,130,13.8,,,,,,,,,,,,"Missing bark at base of trunk.","XHDcovp85mKKhOyBJRCCG9BrUnGU9ms3Kfo1BikqVt4=","cMb2B+jx12AMjNtsEA8t48GND5R87ks/","legacyData"
"5848ac11-75cd-40c5-8c95-70993a15cbad","OSBS_044.basePlot.vst","2018-01-17","vst_OSBS_2017","D03","OSBS","OSBS_044",,"NEON.PLA.D03.OSBS.08499","ok","sapling","Live",,,1.0,,,,,,,,1.6,10,,,,"XHDcovp85mKKhOyBJRCCG9BrUnGU9ms3Kfo1BikqVt4=","cMb2B+jx12AMjNtsEA8t48GND5R87ks/","legacyData"
"3fae1879-0f6b-476c-82ad-338a4a9171e9","OSBS_044.basePlot.vst","2018-01-17","vst_OSBS_2017","D03","OSBS","OSBS_044",,"NEON.PLA.D03.OSBS.00106B","unknown",,"Lost, fate unknown",,,,,,,,,,,,,,,"Tag not found.","XHDcovp85mKKhOyBJRCCG9BrUnGU9ms3Kfo1BikqVt4=","cMb2B+jx12AMjNtsEA8t48GND5R87ks/","legacyData"
"333d9ed9-fd41-4085-8dd1-ffaeb5d9f390","OSBS_044.basePlot.vst","2018-01-17","vst_OSBS_2017","D03","OSBS","OSBS_044",,"NEON.PLA.D03.OSBS.00123","ok","single bole tree","Live",25.9,130,14.5,,,,,,,,,,,,,"XHDcovp85mKKhOyBJRCCG9BrUnGU9ms3Kfo1BikqVt4=","cMb2B+jx12AMjNtsEA8t48GND5R87ks/","legacyData"
"b1953a3a-f88e-4875-a474-6df857c0df02","OSBS_044.basePlot.vst","2018-01-17","vst_OSBS_2017","D03","OSBS","OSBS_044",,"NEON.PLA.D03.OSBS.08424","ok","sapling","No longer qualifies",,,0.8,,,,,,,,,,,,"Tag moved to non-qualifying live stem.","XHDcovp85mKKhOyBJRCCG9BrUnGU9ms3Kfo1BikqVt4=","cMb2B+jx12AMjNtsEA8t48GND5R87ks/","legacyData"
"e0f56732-a672-474c-bd7a-bfb7e5222ca9","OSBS_044.basePlot.vst","2018-01-17","vst_OSBS_2017","D03","OSBS","OSBS_044",,"NEON.PLA.D03.OSBS.00094","ok","single bole tree","Live, disease damaged",46.2,130,18.4,,,,,,,,,,,,"Fusiform.","XHDcovp85mKKhOyBJRCCG9BrUnGU9ms3Kfo1BikqVt4=","cMb2B+jx12AMjNtsEA8t48GND5R87ks/","legacyData"
"325e6fa4-893b-4738-b70e-7c5b532e7101","OSBS_044.basePlot.vst","2018-01-17","vst_OSBS_2017","D03","OSBS","OSBS_044",,"NEON.PLA.D03.OSBS.08428","ok","sapling","Standing dead",,,0.8,,,,,,,,1.3,10,,,"Tag moved to non-qualifying live stem.","XHDcovp85mKKhOyBJRCCG9BrUnGU9ms3Kfo1BikqVt4=","cMb2B+jx12AMjNtsEA8t48GND5R87ks/","legacyData"
"3c8161b1-d79f-46b5-964d-b5a9dae241b4","OSBS_044.basePlot.vst","2018-01-17","vst_OSBS_2017","D03","OSBS","OSBS_044",,"NEON.PLA.D03.OSBS.00099","ok","single bole tree","Live, disease damaged",32.6,130,17.5,,,,,,,,,,,,"Fusiform- heavily twisted. Pine beetle damage.","XHDcovp85mKKhOyBJRCCG9BrUnGU9ms3Kfo1BikqVt4=","cMb2B+jx12AMjNtsEA8t48GND5R87ks/","legacyData"
"5c157b1d-0142-4e8e-84ed-db1a2ec71799","OSBS_044.basePlot.vst","2018-01-17","vst_OSBS_2017","D03","OSBS","OSBS_044",,"NEON.PLA.D03.OSBS.08430","ok","sapling","Live",,,0.7,,,,,,,,1.0,15,,,"Branch at 10cm.","XHDcovp85mKKhOyBJRCCG9BrUnGU9ms3Kfo1BikqVt4=","cMb2B+jx12AMjNtsEA8t48GND5R87ks/","legacyData"
"28d81fb9-10cf-41d6-96a4-6ac4035ba315","OSBS_044.basePlot.vst","2018-01-17","vst_OSBS_2017","D03","OSBS","OSBS_044",,"NEON.PLA.D03.OSBS.00134","ok","small tree","Live",2.5,130,2.6,,,,,,,,,,,,,"XHDcovp85mKKhOyBJRCCG9BrUnGU9ms3Kfo1BikqVt4=","cMb2B+jx12AMjNtsEA8t48GND5R87ks/","legacyData"
"0881f54b-f9e7-4f00-a8ce-8599320ef535","OSBS_044.basePlot.vst","2018-01-17","vst_OSBS_2017","D03","OSBS","OSBS_044",,"NEON.PLA.D03.OSBS.00111","ok","single bole tree","Live",15.7,130,13.9,,,,,,,,,,,,,"XHDcovp85mKKhOyBJRCCG9BrUnGU9ms3Kfo1BikqVt4=","cMb2B+jx12AMjNtsEA8t48GND5R87ks/","legacyData"
"3066ffae-41f8-4d58-876c-6de92a77e225","OSBS_044.basePlot.vst","2018-01-17","vst_OSBS_2017","D03","OSBS","OSBS_044",,"NEON.PLA.D03.OSBS.08424","ok","sapling","Standing dead",,,0.8,,,,,,,,1.3,10,,,"Tag moved to non-qualifying live stem.","XHDcovp85mKKhOyBJRCCG9BrUnGU9ms3Kfo1BikqVt4=","cMb2B+jx12AMjNtsEA8t48GND5R87ks/","legacyData"
"d8699cbc-6f63-4126-bdd6-c123d3590602","OSBS_044.basePlot.vst","2018-01-17","vst_OSBS_2017","D03","OSBS","OSBS_044",,"NEON.PLA.D03.OSBS.00093","ok","single bole tree","Live, disease damaged",40.9,130,17.1,,,,,,,,,,,,"Fusiform.","XHDcovp85mKKhOyBJRCCG9BrUnGU9ms3Kfo1BikqVt4=","cMb2B+jx12AMjNtsEA8t48GND5R87ks/","legacyData"
"bf8d1872-d66d-42de-95b0-01eec33fa5fe","OSBS_044.basePlot.vst","2018-01-17","vst_OSBS_2017","D03","OSBS","OSBS_044",,"NEON.PLA.D03.OSBS.00097","ok","single bole tree","Live, disease damaged",14.5,130,8.7,,,,,,,,,,,,"Fusiform","XHDcovp85mKKhOyBJRCCG9BrUnGU9ms3Kfo1BikqVt4=","cMb2B+jx12AMjNtsEA8t48GND5R87ks/","legacyData"
"11f5a35e-fb70-4593-a3f9-17aeac1c26c4","OSBS_044.basePlot.vst","2018-01-17","vst_OSBS_2017","D03","OSBS","OSBS_044",,"NEON.PLA.D03.OSBS.08429","ok","sapling","No longer qualifies",,,0.8,,,,,,,,,,,,"Tag moved to non-qualifying live stem.","XHDcovp85mKKhOyBJRCCG9BrUnGU9ms3Kfo1BikqVt4=","cMb2B+jx12AMjNtsEA8t48GND5R87ks/","legacyData"
"ed736c0f-3820-42dd-8f10-fcf9322d0db8","OSBS_044.basePlot.vst","2018-01-17","vst_OSBS_2017","D03","OSBS","OSBS_044",,"NEON.PLA.D03.OSBS.08426","ok","sapling","Live, physically damaged",,,1.6,,,,,,,,1.1,10,,,"Deer rub.","XHDcovp85mKKhOyBJRCCG9BrUnGU9ms3Kfo1BikqVt4=","cMb2B+jx12AMjNtsEA8t48GND5R87ks/","legacyData"
"ee92b420-ee8e-49c7-9209-2e6fee03d2b5","OSBS_044.basePlot.vst","2018-01-17","vst_OSBS_2017","D03","OSBS","OSBS_044",,"NEON.PLA.D03.OSBS.08425","ok","sapling","Standing dead",,,0.9,,,,,,,,1.1,10,,,"Tag moved to non-qualifying live stem.","XHDcovp85mKKhOyBJRCCG9BrUnGU9ms3Kfo1BikqVt4=","cMb2B+jx12AMjNtsEA8t48GND5R87ks/","legacyData"
"f1d6e335-28e0-46b3-9d77-9384445e184e","OSBS_044.basePlot.vst","2018-01-17","vst_OSBS_2017","D03","OSBS","OSBS_044",,"NEON.PLA.D03.OSBS.08428","ok","sapling","No longer qualifies",,,0.8,,,,,,,,,,,,"Tag moved to non-qualifying live stem.","XHDcovp85mKKhOyBJRCCG9BrUnGU9ms3Kfo1BikqVt4=","cMb2B+jx12AMjNtsEA8t48GND5R87ks/","legacyData"
"fc1674ad-a536-4340-9146-07c86939450b","OSBS_044.basePlot.vst","2018-01-17","vst_OSBS_2017","D03","OSBS","OSBS_044",,"NEON.PLA.D03.OSBS.00135","ok","small tree","Live",3.6,130,3.0,,,,,,,,,,,,,"XHDcovp85mKKhOyBJRCCG9BrUnGU9ms3Kfo1BikqVt4=","cMb2B+jx12AMjNtsEA8t48GND5R87ks/","legacyData"
"e37017ce-dd31-4851-bab3-30f56aa867e8","OSBS_044.basePlot.vst","2018-01-17","vst_OSBS_2017","D03","OSBS","OSBS_044",,"NEON.PLA.D03.OSBS.08430","ok","sapling","Standing dead",,,0.7,,,,,,,,1.6,10,,,"COD Fire.","XHDcovp85mKKhOyBJRCCG9BrUnGU9ms3Kfo1BikqVt4=","cMb2B+jx12AMjNtsEA8t48GND5R87ks/","legacyData"
"1a825276-25b5-41d0-b5a5-c041ee374c69","OSBS_044.basePlot.vst","2018-01-17","vst_OSBS_2017","D03","OSBS","OSBS_044",,"NEON.PLA.D03.OSBS.08429","ok","sapling","Standing dead",,,0.8,,,,,,,,1.1,10,,,"COD Fire. Tag moved to non-qualifying live stem.","XHDcovp85mKKhOyBJRCCG9BrUnGU9ms3Kfo1BikqVt4=","cMb2B+jx12AMjNtsEA8t48GND5R87ks/","legacyData"
"fe920700-59fc-4e3b-9c49-a4f7d733ec53","OSBS_044.basePlot.vst","2018-01-17","vst_OSBS_2017","D03","OSBS","OSBS_044",,"NEON.PLA.D03.OSBS.00201","ok","single bole tree","Live, broken bole",32.0,130,11.3,,10.4,14.0,,,,,,,,,"Fusiform and possible big/bird damage. Break height was very high to estimate.","XHDcovp85mKKhOyBJRCCG9BrUnGU9ms3Kfo1BikqVt4=","cMb2B+jx12AMjNtsEA8t48GND5R87ks/","legacyData"
"bc8fab11-04ad-4fd1-8935-8d83782de946","OSBS_044.basePlot.vst","2018-01-17","vst_OSBS_2017","D03","OSBS","OSBS_044",,"NEON.PLA.D03.OSBS.00037","ok","sapling","Live",,,1.0,,,,,,,,4.0,10,,,,"XHDcovp85mKKhOyBJRCCG9BrUnGU9ms3Kfo1BikqVt4=","cMb2B+jx12AMjNtsEA8t48GND5R87ks/","legacyData"
"ba787d95-6a9d-4685-958b-51c8e0afdb6e","OSBS_044.basePlot.vst","2018-01-17","vst_OSBS_2017","D03","OSBS","OSBS_044",,"NEON.PLA.D03.OSBS.00118","ok","small tree","Live, disease damaged",9.9,130,9.9,,,,,,,,,,,,,"XHDcovp85mKKhOyBJRCCG9BrUnGU9ms3Kfo1BikqVt4=","cMb2B+jx12AMjNtsEA8t48GND5R87ks/","legacyData"
"1950f534-7ce2-47e6-b9fa-ca5f8d054a74","OSBS_044.basePlot.vst","2018-01-17","vst_OSBS_2017","D03","OSBS","OSBS_044",,"NEON.PLA.D03.OSBS.08497","ok","sapling","Live",,,0.7,,,,,,,,1.1,10,,,,"XHDcovp85mKKhOyBJRCCG9BrUnGU9ms3Kfo1BikqVt4=","cMb2B+jx12AMjNtsEA8t48GND5R87ks/","legacyData"
"ef715a25-e5c3-43bb-b3f6-95c58ba1ff5d","OSBS_044.basePlot.vst","2018-01-17","vst_OSBS_2017","D03","OSBS","OSBS_044",,"NEON.PLA.D03.OSBS.00115","ok","single bole tree","Live, disease damaged",10.5,130,13.4,,,,,,,,,,,,"Fusiform","XHDcovp85mKKhOyBJRCCG9BrUnGU9ms3Kfo1BikqVt4=","cMb2B+jx12AMjNtsEA8t48GND5R87ks/","legacyData"
"b11b04c8-1472-4d4d-bec7-c58ae0c8930b","OSBS_044.basePlot.vst","2018-01-17","vst_OSBS_2017","D03","OSBS","OSBS_044",,"NEON.PLA.D03.OSBS.00112","ok",,"No longer qualifies",,,,,,,,,,,,,,,"Outside measurement area.","XHDcovp85mKKhOyBJRCCG9BrUnGU9ms3Kfo1BikqVt4=","cMb2B+jx12AMjNtsEA8t48GND5R87ks/","legacyData"
"69b022b0-d3e4-45ff-ba22-53d242bb8d2d","OSBS_044.basePlot.vst","2018-01-17","vst_OSBS_2017","D03","OSBS","OSBS_044",,"NEON.PLA.D03.OSBS.08500","ok","sapling","Live",,,0.7,,,,,,,,3.1,10,,,"Replaced duplicate tag 1724 20180117.","XHDcovp85mKKhOyBJRCCG9BrUnGU9ms3Kfo1BikqVt4=","cMb2B+jx12AMjNtsEA8t48GND5R87ks/","legacyData"
"7f9885aa-1690-4f6c-97be-e70ec3eb8332","OSBS_044.basePlot.vst","2018-01-17","vst_OSBS_2017","D03","OSBS","OSBS_044",,"NEON.PLA.D03.OSBS.00036","ok","small tree","Live",2.6,130,2.6,,,,,,,,,,,,,"XHDcovp85mKKhOyBJRCCG9BrUnGU9ms3Kfo1BikqVt4=","cMb2B+jx12AMjNtsEA8t48GND5R87ks/","legacyData"
"479edf72-eda7-4452-8e21-e80ef9662d02","OSBS_044.basePlot.vst","2018-01-17","vst_OSBS_2017","D03","OSBS","OSBS_044",,"NEON.PLA.D03.OSBS.00102B","ok",,"No longer qualifies",,,,,,,,,,,,,,,"Ddh less than 1cm.","XHDcovp85mKKhOyBJRCCG9BrUnGU9ms3Kfo1BikqVt4=","cMb2B+jx12AMjNtsEA8t48GND5R87ks/","legacyData"
"c6c10052-0c56-448a-b20d-7d8b8320e256","OSBS_044.basePlot.vst","2018-01-17","vst_OSBS_2017","D03","OSBS","OSBS_044",,"NEON.PLA.D03.OSBS.00113","ok","single bole tree","Live",15.2,130,9.3,,,,,,,,,,,,,"XHDcovp85mKKhOyBJRCCG9BrUnGU9ms3Kfo1BikqVt4=","cMb2B+jx12AMjNtsEA8t48GND5R87ks/","legacyData"
"ab7c4493-c833-4283-8fd8-10c1717eddc0","OSBS_044.basePlot.vst","2018-01-17","vst_OSBS_2017","D03","OSBS","OSBS_044",,"NEON.PLA.D03.OSBS.08427","ok","sapling","Live",,,0.8,,,,,,,,1.3,10,,,,"XHDcovp85mKKhOyBJRCCG9BrUnGU9ms3Kfo1BikqVt4=","cMb2B+jx12AMjNtsEA8t48GND5R87ks/","legacyData"
"4a6f3d62-4e2f-472f-9e21-ffc76fbe9486","OSBS_044.basePlot.vst","2018-01-17","vst_OSBS_2017","D03","OSBS","OSBS_044",,"NEON.PLA.D03.OSBS.00121","ok","small tree","Live",5.4,130,5.6,,,,,,,,,,,,,"XHDcovp85mKKhOyBJRCCG9BrUnGU9ms3Kfo1BikqVt4=","cMb2B+jx12AMjNtsEA8t48GND5R87ks/","legacyData"
"60f5690d-9050-48ae-9116-4f52ba675a01","OSBS_044.basePlot.vst","2018-01-17","vst_OSBS_2017","D03","OSBS","OSBS_044",,"NEON.PLA.D03.OSBS.07698","ok","sapling","Live",,,0.9,,,,,,,,3.9,10,,,,"XHDcovp85mKKhOyBJRCCG9BrUnGU9ms3Kfo1BikqVt4=","cMb2B+jx12AMjNtsEA8t48GND5R87ks/","legacyData"
"e13af365-e8c5-4abe-bdef-89f1c97ecb50","OSBS_044.basePlot.vst","2018-01-17","vst_OSBS_2017","D03","OSBS","OSBS_044",,"NEON.PLA.D03.OSBS.00035","ok","sapling","Live",,,1.1,,,,,,,,4.9,10,,,,"XHDcovp85mKKhOyBJRCCG9BrUnGU9ms3Kfo1BikqVt4=","cMb2B+jx12AMjNtsEA8t48GND5R87ks/","legacyData"
"173e9d2c-4fe2-4738-a8fe-1fd938e654c6","OSBS_044.basePlot.vst","2018-01-17","vst_OSBS_2017","D03","OSBS","OSBS_044",,"NEON.PLA.D03.OSBS.00038","unknown",,"Lost, fate unknown",,,,,,,,,,,,,,,"Tag not found.","XHDcovp85mKKhOyBJRCCG9BrUnGU9ms3Kfo1BikqVt4=","cMb2B+jx12AMjNtsEA8t48GND5R87ks/","legacyData"
"41cc3662-c5fc-405b-b0c5-6104b54d2f37","OSBS_044.basePlot.vst","2018-01-17","vst_OSBS_2017","D03","OSBS","OSBS_044",,"NEON.PLA.D03.OSBS.00100","ok","single bole tree","Live, disease damaged",35.7,130,16.6,,,,,,,,,,,,"Fusiform.","XHDcovp85mKKhOyBJRCCG9BrUnGU9ms3Kfo1BikqVt4=","cMb2B+jx12AMjNtsEA8t48GND5R87ks/","legacyData"
"b4f1d43f-0f34-40d8-879f-e6ab67400c2c","OSBS_044.basePlot.vst","2018-01-17","vst_OSBS_2017","D03","OSBS","OSBS_044",,"NEON.PLA.D03.OSBS.08423","ok","sapling","Live",,,0.6,,,,,,,,1.3,10,,,,"XHDcovp85mKKhOyBJRCCG9BrUnGU9ms3Kfo1BikqVt4=","cMb2B+jx12AMjNtsEA8t48GND5R87ks/","legacyData"
"72bfe350-1367-4de0-bcf8-10b33d0fcd48","OSBS_044.basePlot.vst","2018-01-17","vst_OSBS_2017","D03","OSBS","OSBS_044",,"NEON.PLA.D03.OSBS.00203B","unknown",,"Lost, fate unknown",,,,,,,,,,,,,,,"Tag not found.","XHDcovp85mKKhOyBJRCCG9BrUnGU9ms3Kfo1BikqVt4=","cMb2B+jx12AMjNtsEA8t48GND5R87ks/","legacyData"
"76d76e1d-ad8b-4c9c-91ef-ae1ec761186e","OSBS_044.basePlot.vst","2018-01-17","vst_OSBS_2017","D03","OSBS","OSBS_044",,"NEON.PLA.D03.OSBS.00098","ok","single bole tree","Live, insect damaged",26.6,130,18.7,,,,,,,,,,,,"Pine beetles.","XHDcovp85mKKhOyBJRCCG9BrUnGU9ms3Kfo1BikqVt4=","cMb2B+jx12AMjNtsEA8t48GND5R87ks/","legacyData"
"48aa09ba-c684-42c6-80e4-ea48e26fb323","OSBS_044.basePlot.vst","2018-01-17","vst_OSBS_2017","D03","OSBS","OSBS_044",,"NEON.PLA.D03.OSBS.08422","ok","sapling","Live",,,0.7,,,,,,,,1.0,10,,,,"XHDcovp85mKKhOyBJRCCG9BrUnGU9ms3Kfo1BikqVt4=","cMb2B+jx12AMjNtsEA8t48GND5R87ks/","legacyData"
"996bb8af-bdc6-4193-ae43-c9a8220deeec","OSBS_044.basePlot.vst","2018-01-17","vst_OSBS_2017","D03","OSBS","OSBS_044",,"NEON.PLA.D03.OSBS.00116","ok","single bole tree","Live, disease damaged",10.7,130,10.0,,,,,,,,,,,,,"XHDcovp85mKKhOyBJRCCG9BrUnGU9ms3Kfo1BikqVt4=","cMb2B+jx12AMjNtsEA8t48GND5R87ks/","legacyData"
"bc44beb4-2f1b-4446-a184-89a138878329","OSBS_044.basePlot.vst","2018-01-17","vst_OSBS_2017","D03","OSBS","OSBS_044",,"NEON.PLA.D03.OSBS.00120","ok","single bole tree","Live,  other damage",30.7,130,15.2,,,,,,,,,,,,"Missing bark at base of trunk.","XHDcovp85mKKhOyBJRCCG9BrUnGU9ms3Kfo1BikqVt4=","cMb2B+jx12AMjNtsEA8t48GND5R87ks/","legacyData"
"9cbfb0fe-0695-4e22-a4c5-f0dced1efd24","OSBS_044.basePlot.vst","2018-01-17","vst_OSBS_2017","D03","OSBS","OSBS_044",,"NEON.PLA.D03.OSBS.00106A","unknown",,"Lost, fate unknown",,,,,,,,,,,,,,,"Tag not found.","XHDcovp85mKKhOyBJRCCG9BrUnGU9ms3Kfo1BikqVt4=","cMb2B+jx12AMjNtsEA8t48GND5R87ks/","legacyData"
"163b4f2e-9042-4a9b-8d6e-617248f28827","OSBS_044.basePlot.vst","2018-01-17","vst_OSBS_2017","D03","OSBS","OSBS_044",,"NEON.PLA.D03.OSBS.00129A","ok","sapling","Live",,,0.7,,,,,,,,1.3,10,,,,"XHDcovp85mKKhOyBJRCCG9BrUnGU9ms3Kfo1BikqVt4=","cMb2B+jx12AMjNtsEA8t48GND5R87ks/","legacyData"
"9c4948a9-c285-4611-9169-5d4b4dabebaa","OSBS_044.basePlot.vst","2018-01-17","vst_OSBS_2017","D03","OSBS","OSBS_044",,"NEON.PLA.D03.OSBS.08498","ok","sapling","Live",,,0.7,,,,,,,,1.1,10,,,,"XHDcovp85mKKhOyBJRCCG9BrUnGU9ms3Kfo1BikqVt4=","cMb2B+jx12AMjNtsEA8t48GND5R87ks/","legacyData"
"82ce7af6-2171-4e97-ab7c-4853a65014c5","OSBS_044.basePlot.vst","2018-01-17","vst_OSBS_2017","D03","OSBS","OSBS_044",,"NEON.PLA.D03.OSBS.08425","ok","sapling","No longer qualifies",,,0.9,,,,,,,,,,,,"Tag moved to non-qualifying live stem.","XHDcovp85mKKhOyBJRCCG9BrUnGU9ms3Kfo1BikqVt4=","cMb2B+jx12AMjNtsEA8t48GND5R87ks/","legacyData"
"0ee8cc63-50cf-4c01-af6f-ac2a9d488bfd","OSBS_044.basePlot.vst","2018-01-17","vst_OSBS_2017","D03","OSBS","OSBS_044",,"NEON.PLA.D03.OSBS.00117","ok","small tree","Dead, broken bole",4.8,130,2.8,,2.8,4.0,,,,,,,,,,"XHDcovp85mKKhOyBJRCCG9BrUnGU9ms3Kfo1BikqVt4=","cMb2B+jx12AMjNtsEA8t48GND5R87ks/","legacyData"
"57c0c6f9-4939-4553-8291-bfcd27dca602","OSBS_044.basePlot.vst","2018-01-17","vst_OSBS_2017","D03","OSBS","OSBS_044",,"NEON.PLA.D03.OSBS.00138","unknown",,"Lost, fate unknown",,,,,,,,,,,,,,,"Tag not found.","XHDcovp85mKKhOyBJRCCG9BrUnGU9ms3Kfo1BikqVt4=","cMb2B+jx12AMjNtsEA8t48GND5R87ks/","legacyData"
"6e143887-3134-4726-8ed3-5710ca265acc","OSBS_044.basePlot.vst","2018-01-17","vst_OSBS_2017","D03","OSBS","OSBS_044",,"NEON.PLA.D03.OSBS.00119","ok","single bole tree","Live, disease damaged",11.3,130,10.0,,,,,,,,,,,,"Fusiform","XHDcovp85mKKhOyBJRCCG9BrUnGU9ms3Kfo1BikqVt4=","cMb2B+jx12AMjNtsEA8t48GND5R87ks/","legacyData"
"ea231bb4-0abe-4559-8ff1-20a74d200840","OSBS_044.basePlot.vst","2018-01-17","vst_OSBS_2017","D03","OSBS","OSBS_044",,"NEON.PLA.D03.OSBS.00131","unknown",,"Lost, fate unknown",,,,,,,,,,,,,,,"Tag not found.","XHDcovp85mKKhOyBJRCCG9BrUnGU9ms3Kfo1BikqVt4=","cMb2B+jx12AMjNtsEA8t48GND5R87ks/","legacyData"
"c575a3a4-fead-4b97-a140-e9de658512fa","OSBS_044.basePlot.vst","2018-01-17","vst_OSBS_2017","D03","OSBS","OSBS_044",,"NEON.PLA.D03.OSBS.00122","ok","single bole tree","Live",22.4,130,14.9,,,,,,,,,,,,"Tree eating tag.","XHDcovp85mKKhOyBJRCCG9BrUnGU9ms3Kfo1BikqVt4=","cMb2B+jx12AMjNtsEA8t48GND5R87ks/","legacyData"
