uid,namedLocation,domainID,siteID,plotID,plotType,nlcdClass,decimalLatitude,decimalLongitude,geodeticDatum,coordinateUncertainty,elevation,elevationUncertainty,collectDate,eventID,sampleID,sampleCode,samplingMethod,totalSampledArea,targetTaxaPresent,adultCount,nymphCount,larvaCount,sampleCondition,samplingProtocolVersion,measuredBy,remarks
"362a1edf-e0cc-4d45-99a9-e1c7b370aab6","GRSM_006.tickPlot.tck","D07","GRSM","GRSM_006","distributed","deciduousForest",35.679072,-83.643678,"WGS84",20.2,533.6,0.2,"2018-04-05T14:08Z","GRSM.2018.14",,,"drag and flag",160,"N",0,0,0,,"NEON.DOC.014045vJ","ntMKYxYUttiqg+M2We4SbKWIfDoMDecaAZhfwjEr5Eo=",
"80141440-8b89-43a9-8c50-22c09d67daf2","GRSM_009.tickPlot.tck","D07","GRSM","GRSM_009","distributed","deciduousForest",35.671874,-83.491180,"WGS84",20.2,820.9,0.2,"2018-04-05T14:38Z","GRSM.2018.14",,,"drag and flag",164,"N",0,0,0,,"NEON.DOC.014045vJ","lhrTpvYXj3opdQTe3UOFe82z+aK+OtX9ADmmzJkdsw4=",
"c388604c-96d2-45e4-b082-ff249d030019","GRSM_010.tickPlot.tck","D07","GRSM","GRSM_010","distributed","deciduousForest",35.669242,-83.524579,"WGS84",20.2,510.4,0.3,"2018-04-05T15:54Z","GRSM.2018.14",,,"drag and flag",160,"N",0,0,0,,"NEON.DOC.014045vJ","5Ek0n6gchfIDPsOP0jKEohdVx5tVu8KFxKxo4oqalpg=",
"d8140f3e-164f-4cd4-bba0-33f33a20278c","GRSM_004.tickPlot.tck","D07","GRSM","GRSM_004","distributed","deciduousForest",35.688959,-83.535562,"WGS84",20.3,441.9,0.5,"2018-04-05T17:13Z","GRSM.2018.14",,,"drag and flag",170,"N",0,0,0,,"NEON.DOC.014045vJ","ntMKYxYUttiqg+M2We4SbKWIfDoMDecaAZhfwjEr5Eo=",
"f100b135-2352-4a10-a317-6a2938daa0d6","GRSM_015.tickPlot.tck","D07","GRSM","GRSM_015","distributed","deciduousForest",35.729089,-83.408061,"WGS84",20.2,448.3,0.2,"2018-04-05T17:20Z","GRSM.2018.14",,,"drag and flag",162,"N",0,0,0,,"NEON.DOC.014045vJ","bj8+IJTPpK9B+X2rN/KZV03LBpX6wb7cr0Ettjp1m08=","SE corner blue fiberglass missing"
"68f224ab-ce3e-4f61-aa7b-5372dd90ba9b","GRSM_003.tickPlot.tck","D07","GRSM","GRSM_003","distributed","deciduousForest",35.676584,-83.476209,"WGS84",20.2,880.6,0.2,"2018-04-18T12:50Z","GRSM.2018.16",,,"drag",160,"N",0,0,0,,"NEON.DOC.014045vJ","ntMKYxYUttiqg+M2We4SbKWIfDoMDecaAZhfwjEr5Eo=",
