uid,namedLocation,domainID,siteID,plotID,plotType,nlcdClass,decimalLatitude,decimalLongitude,geodeticDatum,coordinateUncertainty,elevation,elevationUncertainty,collectDate,eventID,sampleID,sampleCode,samplingMethod,totalSampledArea,targetTaxaPresent,adultCount,nymphCount,larvaCount,sampleCondition,samplingProtocolVersion,measuredBy,remarks
"fbf7c6d2-d8d3-4a1c-9172-46f83a075f63","KONA_021.tickPlot.tck","D06","KONA","KONA_021","distributed","cultivatedCrops",39.125028,-96.643572,"WGS84",20.1,339.5,0.2,"2018-05-15T16:39Z","KONA.2018.20",,,"drag",160,"N",0,0,0,,"NEON.DOC.014045vJ","9ya+8ESO78bjLXGzD+nV7nftVEBW+hSh1N8qvgzBSi0=",
"f2bac98e-eb71-4c4c-b9bf-91e88e5403db","KONA_004.tickPlot.tck","D06","KONA","KONA_004","distributed","cultivatedCrops",39.125575,-96.637356,"WGS84",20.1,323.5,0.1,"2018-05-15T17:14Z","KONA.2018.20",,,"drag",160,"N",0,0,0,,"NEON.DOC.014045vJ","9ya+8ESO78bjLXGzD+nV7nftVEBW+hSh1N8qvgzBSi0=",
"809e85e1-c26c-4bf9-ab20-573aadf2a6e7","KONA_002.tickPlot.tck","D06","KONA","KONA_002","distributed","cultivatedCrops",39.114235,-96.638612,"WGS84",20.1,324.7,0.1,"2018-05-15T17:37Z","KONA.2018.20",,,"drag",160,"N",0,0,0,,"NEON.DOC.014045vJ","9ya+8ESO78bjLXGzD+nV7nftVEBW+hSh1N8qvgzBSi0=",
"153e3e3b-5715-4b61-b640-fc8c19a45f9f","KONA_003.tickPlot.tck","D06","KONA","KONA_003","distributed","cultivatedCrops",39.214274,-96.600435,"WGS84",20.1,329.1,0.1,"2018-05-15T18:21Z","KONA.2018.20",,,"drag",160,"N",0,0,0,,"NEON.DOC.014045vJ","9ya+8ESO78bjLXGzD+nV7nftVEBW+hSh1N8qvgzBSi0=",
"47ddb474-3f70-4d5d-b176-955a330a5e0a","KONA_024.tickPlot.tck","D06","KONA","KONA_024","distributed","cultivatedCrops",39.208663,-96.595138,"WGS84",20.1,329.1,0.1,"2018-05-15T18:46Z","KONA.2018.20",,,"drag",160,"N",0,0,0,,"NEON.DOC.014045vJ","9ya+8ESO78bjLXGzD+nV7nftVEBW+hSh1N8qvgzBSi0=",
"bf721a84-c5fd-4442-a6af-4690b08b83d5","KONA_019.tickPlot.tck","D06","KONA","KONA_019","distributed","cultivatedCrops",39.211742,-96.590109,"WGS84",20.1,327.1,0.1,"2018-05-15T19:13Z","KONA.2018.20",,,"drag",160,"N",0,0,0,,"NEON.DOC.014045vJ","9ya+8ESO78bjLXGzD+nV7nftVEBW+hSh1N8qvgzBSi0=",
