uid,namedLocation,domainID,siteID,plotID,plotType,nlcdClass,decimalLatitude,decimalLongitude,geodeticDatum,coordinateUncertainty,elevation,elevationUncertainty,collectDate,eventID,sampleID,sampleCode,samplingMethod,totalSampledArea,targetTaxaPresent,adultCount,nymphCount,larvaCount,sampleCondition,samplingProtocolVersion,measuredBy,remarks
"b837a077-7839-4812-ba5b-c432565dd856","MLBS_005.tickPlot.tck","D07","MLBS","MLBS_005","distributed","deciduousForest",37.363061,-80.519779,"WGS84",20.1,1277.4,0.2,"2017-09-26T13:10Z","MLBS.2017.40",,,"drag",162,"N",0,0,0,,"NEON.DOC.014045vH","r06MDBPxfayB7LqY7uL+NgRmLXQ/kzw+W2LWlW0d8tk=",
"3064f463-9b69-4fa3-bdd4-a079a572fc11","MLBS_003.tickPlot.tck","D07","MLBS","MLBS_003","distributed","deciduousForest",37.367221,-80.526898,"WGS84",20.1,1235.7,0.2,"2017-09-26T14:09Z","MLBS.2017.40",,,"drag and flag",161,"N",0,0,0,,"NEON.DOC.014045vH","r06MDBPxfayB7LqY7uL+NgRmLXQ/kzw+W2LWlW0d8tk=",
"a2338da9-8697-4ef8-aa0f-9363c5d874a2","MLBS_002.tickPlot.tck","D07","MLBS","MLBS_002","distributed","deciduousForest",37.371693,-80.525877,"WGS84",20.2,1187.0,0.3,"2017-09-26T14:43Z","MLBS.2017.40",,,"drag and flag",160,"N",0,0,0,,"NEON.DOC.014045vH","r06MDBPxfayB7LqY7uL+NgRmLXQ/kzw+W2LWlW0d8tk=",
"09cf1ed8-b9a2-428b-814e-c82e3cc83f64","MLBS_009.tickPlot.tck","D07","MLBS","MLBS_009","distributed","deciduousForest",37.374340,-80.516549,"WGS84",20.2,1165.7,0.3,"2017-09-26T15:28Z","MLBS.2017.40",,,"drag",162,"N",0,0,0,,"NEON.DOC.014045vH","xvXXx2Yfvlgbr4WjL8siVejDyLo38hAGJ4Ae5VMHZ/o=",
