uid,namedLocation,domainID,siteID,plotID,plotType,nlcdClass,decimalLatitude,decimalLongitude,geodeticDatum,coordinateUncertainty,elevation,elevationUncertainty,collectDate,eventID,sampleID,sampleCode,samplingMethod,totalSampledArea,targetTaxaPresent,adultCount,nymphCount,larvaCount,sampleCondition,samplingProtocolVersion,measuredBy,remarks
"0d8fbb89-0e5c-46a0-8760-50f5a57e1575","STEI_029.tickPlot.tck","D05","STEI","STEI_029","distributed","mixedForest",45.832878,-90.075489,"WGS84",20.1,492.2,0.2,"2016-09-12T15:09Z","STEI.2016.37","STEI_029.20160912",,"flag",149,"Y",0,0,1,"No known compromise","NEON.DOC.014045vG","YuW/faeE8CA0LPruU4mWPAB1f1hSTbIk",
"8b1e4d58-fbb0-458d-8242-dc44f5e24f89","STEI_023.tickPlot.tck","D05","STEI","STEI_023","distributed","woodyWetlands",45.824017,-90.096171,"WGS84",20.2,480.4,0.3,"2016-09-12T16:07Z","STEI.2016.37",,,"flag",153,"N",0,0,0,"No known compromise","NEON.DOC.014045vG","edYs11Z8dTVEZZ5NOQ3QsCE9Zvqnsyrr",
"bb957dc9-54af-4d8b-a121-4a4c244e5e7b","STEI_005.tickPlot.tck","D05","STEI","STEI_005","distributed","deciduousForest",45.825112,-90.085882,"WGS84",20.3,509.9,0.5,"2016-09-12T17:14Z","STEI.2016.37",,,"drag and flag",161,"N",0,0,0,"No known compromise","NEON.DOC.014045vG","YuW/faeE8CA0LPruU4mWPAB1f1hSTbIk",
"ef6049a9-e11c-4a5b-b83d-4027459e4e3a","STEI_002.tickPlot.tck","D05","STEI","STEI_002","distributed","deciduousForest",45.796166,-90.091452,"WGS84",20.2,520.3,0.4,"2016-09-12T17:15Z","STEI.2016.37",,,"drag",160,"N",0,0,0,"No known compromise","NEON.DOC.014045vG","WXmC7HijdM2NsP75v+4sQyVqwIMmMBb8",
"aa84b5d3-96f2-4ada-a7ff-7c7c4908ec2f","STEI_001.tickPlot.tck","D05","STEI","STEI_001","distributed","deciduousForest",45.812978,-90.091123,"WGS84",20.3,509.3,0.4,"2016-09-12T18:05Z","STEI.2016.37",,,"drag and flag",158,"N",0,0,0,"No known compromise","NEON.DOC.014045vG","WXmC7HijdM2NsP75v+4sQyVqwIMmMBb8",
"ba992074-cb68-4e02-9147-cc6f762de4ef","STEI_003.tickPlot.tck","D05","STEI","STEI_003","distributed","deciduousForest",45.824086,-90.071058,"WGS84",20.3,510.1,0.5,"2016-09-12T18:10Z","STEI.2016.37",,,"drag and flag",159,"N",0,0,0,"No known compromise","NEON.DOC.014045vG","PjfLww5oXrAQngYk4wg4E42w2wotfuRI",
