uid,namedLocation,date,domainID,siteID,plotID,plotType,nlcdClass,decimalLatitude,decimalLongitude,geodeticDatum,coordinateUncertainty,easting,northing,utmZone,elevation,elevationUncertainty,eventID,samplingProtocolVersion,treesPresent,treesAbsentList,shrubsPresent,shrubsAbsentList,lianasPresent,lianasAbsentList,nestedSubplotAreaShrubSapling,nestedSubplotAreaLiana,totalSampledAreaTrees,totalSampledAreaShrubSapling,totalSampledAreaLiana,remarks,measuredBy,recordedBy,dataQF
"5012a2be-99d9-44d8-822c-cb57e7d57bbd","SRER_053.basePlot.vst","2016-12-12","D14","SRER","SRER_053","tower","shrubScrub",31.909824,-110.835912,"WGS84",20.1,515514.15,3530452.18,"12N",996.7,0.1,"vst_SRER_2016","NEON.DOC.000987vE","N",,"Y","presentInAll","N",,"100","noneSelected",800,400,800,,"j8Qlsy+mKIFpPXmlKY7NH5kCBm442+nv","jsTjq759p0sW6l4HEM4a2vh3YQ8Sowis",
"4fb01742-69e8-420b-93c6-bec56884cc7b","SRER_045.basePlot.vst","2016-12-15","D14","SRER","SRER_045","tower","shrubScrub",31.911703,-110.833349,"WGS84",20.1,515756.15,3530660.82,"12N",997.8,0.1,"vst_SRER_2016","NEON.DOC.000987vE","N",,"Y","presentInAll","N",,"25","noneSelected",800,100,800,,"j8Qlsy+mKIFpPXmlKY7NH5kCBm442+nv","jsTjq759p0sW6l4HEM4a2vh3YQ8Sowis",
"6efc6dcc-9930-4fd6-9653-e88ebb152a84","SRER_054.basePlot.vst","2016-12-16","D14","SRER","SRER_054","tower","shrubScrub",31.911700,-110.834628,"WGS84",20.1,515635.23,3530660.30,"12N",995.5,0.1,"vst_SRER_2016","NEON.DOC.000987vE","N",,"Y","presentInAll","N",,"noneSelected","noneSelected",800,800,800,,"zN0aj0xTw7AIaNa9aVKX3zK98kS5EuZCt81qbW+nFv0=","j8Qlsy+mKIFpPXmlKY7NH5kCBm442+nv",
"7b335885-7f21-4607-8fa6-15d49f5d1e36","SRER_059.basePlot.vst","2016-12-19","D14","SRER","SRER_059","tower","shrubScrub",31.910636,-110.833992,"WGS84",20.0,515695.54,3530542.46,"12N",998.2,0.0,"vst_SRER_2016","NEON.DOC.000987vE","N",,"Y","presentInAll","N",,"100","noneSelected",800,400,800,,"j8Qlsy+mKIFpPXmlKY7NH5kCBm442+nv","jsTjq759p0sW6l4HEM4a2vh3YQ8Sowis",
