uid,namedLocation,domainID,siteID,plotID,plotType,nlcdClass,decimalLatitude,decimalLongitude,geodeticDatum,coordinateUncertainty,elevation,elevationUncertainty,collectDate,eventID,sampleID,sampleCode,samplingMethod,totalSampledArea,targetTaxaPresent,adultCount,nymphCount,larvaCount,sampleCondition,samplingProtocolVersion,measuredBy,remarks
"d2c7fd10-36f9-4129-b3a4-a8502746a665","SERC_005.tickPlot.tck","D02","SERC","SERC_005","distributed","deciduousForest",38.894060,-76.546307,"WGS84",20.3,8.5,0.5,"2018-04-04T14:06Z","SERC.2018.14",,,"drag and flag",155,"N",0,0,0,"No known compromise","NEON.DOC.014045vJ","wYCqaZcA+7tKZqVSOMaNBCcRKvQIOBzP",
"ff7dc929-0b44-4524-ab5c-c307ad2dc812","SERC_002.tickPlot.tck","D02","SERC","SERC_002","distributed","deciduousForest",38.896262,-76.558166,"WGS84",20.2,17.0,0.3,"2018-04-04T15:10Z","SERC.2018.14","SERC_002.20180404","A00000003263","drag",152,"Y",0,1,2,"No known compromise","NEON.DOC.014045vJ","cJDN8FQ+G8BHe8OkvD5PMz1h/kcM7qXCzeFqTpXsSj4=",
"03e5b261-181f-4ffc-8d98-7c730e141fdb","SERC_006.tickPlot.tck","D02","SERC","SERC_006","distributed","deciduousForest",38.880025,-76.548376,"WGS84",20.2,2.6,0.3,"2018-04-04T18:27Z","SERC.2018.14",,,"drag",160,"N",0,0,0,"No known compromise","NEON.DOC.014045vJ","wYCqaZcA+7tKZqVSOMaNBCcRKvQIOBzP",
"290f5b4d-78ad-4e23-99e0-cd443372aa6c","SERC_012.tickPlot.tck","D02","SERC","SERC_012","distributed","deciduousForest",38.880010,-76.561648,"WGS84",20.2,20.1,0.2,"2018-04-04T19:19Z","SERC.2018.14",,,"drag",160,"N",0,0,0,"No known compromise","NEON.DOC.014045vJ","cJDN8FQ+G8BHe8OkvD5PMz1h/kcM7qXCzeFqTpXsSj4=",
"0d8c00ee-9d58-4ce5-bef0-1d600509b8dd","SERC_023.tickPlot.tck","D02","SERC","SERC_023","distributed","cultivatedCrops",38.873978,-76.535925,"WGS84",20.1,6.7,0.1,"2018-04-05T14:19Z","SERC.2018.14",,,"drag",160,"N",0,0,0,"No known compromise","NEON.DOC.014045vJ","cJDN8FQ+G8BHe8OkvD5PMz1h/kcM7qXCzeFqTpXsSj4=",
"fac9c4bb-d9e1-4d58-98f9-1ac6151d553b","SERC_001.tickPlot.tck","D02","SERC","SERC_001","distributed","deciduousForest",38.868186,-76.535306,"WGS84",20.2,2.1,0.2,"2018-04-05T14:51Z","SERC.2018.14",,,"drag",157,"N",0,0,0,"No known compromise","NEON.DOC.014045vJ","wYCqaZcA+7tKZqVSOMaNBCcRKvQIOBzP",
"3e5666d8-7cb7-4142-8383-08d4b2ce444f","SERC_002.tickPlot.tck","D02","SERC","SERC_002","distributed","deciduousForest",38.896262,-76.558166,"WGS84",20.2,17.0,0.3,"2018-04-30T16:02Z","SERC.2018.18","SERC_002.20180430","A00000003301","drag and flag",153,"Y",1,0,0,"No known compromise","NEON.DOC.014045vJ","cJDN8FQ+G8BHe8OkvD5PMz1h/kcM7qXCzeFqTpXsSj4=",
"7c6832b3-608d-45a2-aba5-fd0d4cb95cda","SERC_005.tickPlot.tck","D02","SERC","SERC_005","distributed","deciduousForest",38.894060,-76.546307,"WGS84",20.3,8.5,0.5,"2018-04-30T17:35Z","SERC.2018.18","SERC_005.20180430","A00000001185","drag and flag",158,"Y",0,4,0,"No known compromise","NEON.DOC.014045vJ","ciinOn2RW7IuiYFzws3I7RiE3SCYtfO0vt+xtLe1Bko=",
"3b36d8a5-a053-4dbc-b2d2-262564cc0517","SERC_006.tickPlot.tck","D02","SERC","SERC_006","distributed","deciduousForest",38.880025,-76.548376,"WGS84",20.2,2.6,0.3,"2018-04-30T19:01Z","SERC.2018.18",,,"drag",158,"N",0,0,0,,"NEON.DOC.014045vJ","cJDN8FQ+G8BHe8OkvD5PMz1h/kcM7qXCzeFqTpXsSj4=",
"638ce355-3f83-459c-bc6a-d8a82cb49e26","SERC_012.tickPlot.tck","D02","SERC","SERC_012","distributed","deciduousForest",38.880010,-76.561648,"WGS84",20.2,20.1,0.2,"2018-04-30T20:09Z","SERC.2018.18","SERC_012.20180430","A00000003299","drag",160,"Y",1,3,0,"No known compromise","NEON.DOC.014045vJ","ciinOn2RW7IuiYFzws3I7RiE3SCYtfO0vt+xtLe1Bko=",
"2c36b6c2-e038-4810-9766-0f96e2dd2836","SERC_001.tickPlot.tck","D02","SERC","SERC_001","distributed","deciduousForest",38.868186,-76.535306,"WGS84",20.2,2.1,0.2,"2018-04-30T21:16Z","SERC.2018.18","SERC_001.20180430","A00000003264","drag",155,"Y",3,5,0,"No known compromise","NEON.DOC.014045vJ","cJDN8FQ+G8BHe8OkvD5PMz1h/kcM7qXCzeFqTpXsSj4=",
"bd74e9a7-8408-4090-ac24-c061eaaa94e3","SERC_023.tickPlot.tck","D02","SERC","SERC_023","distributed","cultivatedCrops",38.873978,-76.535925,"WGS84",20.1,6.7,0.1,"2018-04-30T22:03Z","SERC.2018.18",,,"drag",160,"N",0,0,0,,"NEON.DOC.014045vJ","ciinOn2RW7IuiYFzws3I7RiE3SCYtfO0vt+xtLe1Bko=",
