uid,namedLocation,plotID,collectDate,identifiedDate,sampleID,subsampleID,scientificName,acceptedTaxonID,taxonRank,family,subfamily,tribe,subtribe,genus,subgenus,specificEpithet,infraspecificEpithet,identificationQualifier,identificationReferences,identificationProtocolVersion,scientificNameAuthorship,sexOrAge,individualCount,sampleCondition,archiveMedium,archiveFacilityID,deprecatedVialID,identifiedBy,laboratoryName,remarks
"76d36944-7c5b-4e1d-9ad0-4b5834261187","SERC_002.tickPlot.tck","SERC_002","2018-04-04T15:10Z","2018-09-20T16:00Z","SERC_002.20180404","SERC_002.20180404.L","Ixodida sp.","IXOSP2","order",,,,,,,"sp.",,,,"GSU_tickIdentification_SOP_2016-11-01.pdf",,"Larva",2,"OK","90% ethanol","USNMENT01482261",,"Lorenza Beati","Georgia Southern University",
"3ec03e59-d313-4fee-b169-d1bd48969bb5","SERC_002.tickPlot.tck","SERC_002","2018-04-04T15:10Z","2018-09-20T16:00Z","SERC_002.20180404","SERC_002.20180404.AMBAME.N","Amblyomma americanum","AMBAME","species","Ixodidae",,,,"Amblyomma",,"americanum",,,"Cooley, R. A. and G. M. Kohls. 1944. The genus Amblyomma (ixodidae) in the United States. The Journal of Parasitology, 30(2):77-111.","GSU_tickIdentification_SOP_2016-11-01.pdf","Linnaeus","Nymph",1,"OK","90% ethanol","USNMENT01482260",,"Lorenza Beati","Georgia Southern University",
"ec06f839-d519-4c69-a050-783c1c137e90","SERC_002.tickPlot.tck","SERC_002","2018-04-30T16:02Z","2018-09-20T16:00Z","SERC_002.20180430","SERC_002.20180430.AMBAME.M","Amblyomma americanum","AMBAME","species","Ixodidae",,,,"Amblyomma",,"americanum",,,"Cooley, R. A. and G. M. Kohls. 1944. The genus Amblyomma (ixodidae) in the United States. The Journal of Parasitology, 30(2):77-111.","GSU_tickIdentification_SOP_2016-11-01.pdf","Linnaeus","Male",1,"OK","90% ethanol","USNMENT01482258",,"Lorenza Beati","Georgia Southern University",
"6ef77f85-22fe-4a67-8313-9ceee5dca631","SERC_012.tickPlot.tck","SERC_012","2018-04-30T20:09Z","2018-09-24T16:00Z","SERC_012.20180430","SERC_012.20180430.IXOSCA.N","Ixodes scapularis","IXOSCA","species","Ixodidae",,,,"Ixodes",,"scapularis",,,"Cooley, R. A. and G. M. Kohls. 1945. The genus Ixodes in North America. National Institute of Health Bulletin, 184.","GSU_tickIdentification_SOP_2016-11-01.pdf","Say","Nymph",3,"OK","90% ethanol","USNMENT01482274",,"Lorenza Beati","Georgia Southern University",
"c7b30617-702a-44bc-af03-3d00d5bad91f","SERC_012.tickPlot.tck","SERC_012","2018-04-30T20:09Z","2018-09-24T16:00Z","SERC_012.20180430","SERC_012.20180430.AMBAME.F","Amblyomma americanum","AMBAME","species","Ixodidae",,,,"Amblyomma",,"americanum",,,"Cooley, R. A. and G. M. Kohls. 1944. The genus Amblyomma (ixodidae) in the United States. The Journal of Parasitology, 30(2):77-111.","GSU_tickIdentification_SOP_2016-11-01.pdf","Linnaeus","Female",1,"OK","90% ethanol","USNMENT01482289",,"Lorenza Beati","Georgia Southern University",
"ff006c57-d351-4f5c-ba83-af46f62ef636","SERC_001.tickPlot.tck","SERC_001","2018-04-30T21:16Z","2018-09-20T16:00Z","SERC_001.20180430","SERC_001.20180430.AMBAME.M","Amblyomma americanum","AMBAME","species","Ixodidae",,,,"Amblyomma",,"americanum",,,"Cooley, R. A. and G. M. Kohls. 1944. The genus Amblyomma (ixodidae) in the United States. The Journal of Parasitology, 30(2):77-111.","GSU_tickIdentification_SOP_2016-11-01.pdf","Linnaeus","Male",2,"OK","90% ethanol","USNMENT01482283",,"Lorenza Beati","Georgia Southern University",
"2f9ac5d6-1142-4ec4-a791-35d6b20d1dc6","SERC_001.tickPlot.tck","SERC_001","2018-04-30T21:16Z","2018-09-20T16:00Z","SERC_001.20180430","SERC_001.20180430.AMBAME.N","Amblyomma americanum","AMBAME","species","Ixodidae",,,,"Amblyomma",,"americanum",,,"Cooley, R. A. and G. M. Kohls. 1944. The genus Amblyomma (ixodidae) in the United States. The Journal of Parasitology, 30(2):77-111.","GSU_tickIdentification_SOP_2016-11-01.pdf","Linnaeus","Nymph",9,"OK","90% ethanol","USNMENT01482284",,"Lorenza Beati","Georgia Southern University",
"098f4bda-1a0f-4f59-8072-917d7d4246a3","SERC_001.tickPlot.tck","SERC_001","2018-04-30T21:16Z","2018-09-20T16:00Z","SERC_001.20180430","SERC_001.20180430.AMBAME.F","Amblyomma americanum","AMBAME","species","Ixodidae",,,,"Amblyomma",,"americanum",,,"Cooley, R. A. and G. M. Kohls. 1944. The genus Amblyomma (ixodidae) in the United States. The Journal of Parasitology, 30(2):77-111.","GSU_tickIdentification_SOP_2016-11-01.pdf","Linnaeus","Female",1,"OK","90% ethanol","USNMENT01482293",,"Lorenza Beati","Georgia Southern University",
