uid,namedLocation,domainID,siteID,plotID,plotType,nlcdClass,decimalLatitude,decimalLongitude,geodeticDatum,coordinateUncertainty,elevation,elevationUncertainty,collectDate,eventID,sampleID,sampleCode,samplingMethod,totalSampledArea,targetTaxaPresent,adultCount,nymphCount,larvaCount,sampleCondition,samplingProtocolVersion,measuredBy,remarks
"3405dbaf-b8d0-4774-b01f-f9a2da103032","STER_029.tickPlot.tck","D10","STER","STER_029","distributed","cultivatedCrops",40.469400,-103.010366,"WGS84",20.2,1352.6,0.3,"2014-08-14T17:03Z","STER.2014.32",,,"drag",160,"N",0,0,0,,"NEON.DOC.014045vD","wH3FUV5Yze3juWvFCGhJQg==","Bare plot"
"5a9593c8-4a6b-4e46-9ccd-cf93bae8cdb9","STER_028.tickPlot.tck","D10","STER","STER_028","distributed","cultivatedCrops",40.472367,-103.017002,"WGS84",20.2,1358.2,0.3,"2014-08-14T19:23Z","STER.2014.32",,,"drag",160,"N",0,0,0,,"NEON.DOC.014045vD","wH3FUV5Yze3juWvFCGhJQg==","Bare plot"
"365aff76-6be5-4019-8394-4ef61ff588c3","STER_026.tickPlot.tck","D10","STER","STER_026","distributed","cultivatedCrops",40.474857,-103.022558,"WGS84",20.2,1358.2,0.2,"2014-08-14T20:07Z","STER.2014.32",,,"drag",160,"N",0,0,0,,"NEON.DOC.014045vD","4hpsnfnqUYX75To1c91Y1g==","Bare plot"
"e375c136-6a55-4ec8-b4da-1d6f521fbb4e","STER_027.tickPlot.tck","D10","STER","STER_027","distributed","cultivatedCrops",40.480002,-103.017416,"WGS84",20.2,1365.6,0.2,"2014-08-14T20:55Z","STER.2014.32",,,"drag",161,"N",0,0,0,,"NEON.DOC.014045vD","wH3FUV5Yze3juWvFCGhJQg==","Western edge of plot under electric fence. 1 meter added grazing land"
"faefaa04-5068-487c-9181-9c9e4d2965a7","STER_033.tickPlot.tck","D10","STER","STER_033","distributed","cultivatedCrops",40.476290,-103.010114,"WGS84",20.2,1355.1,0.2,"2014-08-14T21:47Z","STER.2014.32",,,"drag",160,"N",0,0,0,,"NEON.DOC.014045vD","4hpsnfnqUYX75To1c91Y1g==","Bare plot"
