uid,namedLocation,domainID,siteID,plotID,plotType,nlcdClass,decimalLatitude,decimalLongitude,geodeticDatum,coordinateUncertainty,elevation,elevationUncertainty,collectDate,eventID,sampleID,sampleCode,samplingMethod,totalSampledArea,targetTaxaPresent,adultCount,nymphCount,larvaCount,sampleCondition,samplingProtocolVersion,measuredBy,remarks
"14149353-cdd4-44fa-84e9-f6a7568f2b7d","SERC_002.tickPlot.tck","D02","SERC","SERC_002","distributed","deciduousForest",38.896262,-76.558166,"WGS84",20.2,17.0,0.3,"2018-07-02T16:11Z","SERC.2018.27","SERC_002.20180702","A00000002441","drag",168,"Y",2,72,0,"No known compromise","NEON.DOC.014045vJ","hEi02w1UuphkAeG8zIXrQDys8MgKlmeYk4EDJa1SRoY=",
"7f3407fb-a9e9-43ca-98a3-b595bbc920b5","SERC_005.tickPlot.tck","D02","SERC","SERC_005","distributed","deciduousForest",38.894060,-76.546307,"WGS84",20.3,8.5,0.5,"2018-07-02T17:38Z","SERC.2018.27","SERC_005.20180702","A00000002362","drag",150,"Y",1,9,0,"No known compromise","NEON.DOC.014045vJ","hEi02w1UuphkAeG8zIXrQDys8MgKlmeYk4EDJa1SRoY=",
"3bbac9a6-fdf3-4a69-8a83-39f2fdcd3fe7","SERC_006.tickPlot.tck","D02","SERC","SERC_006","distributed","deciduousForest",38.880025,-76.548376,"WGS84",20.2,2.6,0.3,"2018-07-02T18:50Z","SERC.2018.27","SERC_006.20180702","A00000002480","drag",162,"Y",2,9,0,"No known compromise","NEON.DOC.014045vJ","hEi02w1UuphkAeG8zIXrQDys8MgKlmeYk4EDJa1SRoY=",
"5e2bba09-df14-424e-a958-d2b819d2d6f4","SERC_012.tickPlot.tck","D02","SERC","SERC_012","distributed","deciduousForest",38.880010,-76.561648,"WGS84",20.2,20.1,0.2,"2018-07-02T19:39Z","SERC.2018.27","SERC_012.20180702","A00000002364","drag",162,"Y",1,6,1,"Other (described in remarks)","NEON.DOC.014045vJ","hEi02w1UuphkAeG8zIXrQDys8MgKlmeYk4EDJa1SRoY=","Dumped some ticks on accident"
"b2f10e85-0757-4a09-a8c9-1a2ef74e6f18","SERC_001.tickPlot.tck","D02","SERC","SERC_001","distributed","deciduousForest",38.868186,-76.535306,"WGS84",20.2,2.1,0.2,"2018-07-02T20:32Z","SERC.2018.27","SERC_001.20180702","A00000002479","drag",80,"Y",2,14,0,"No known compromise","NEON.DOC.014045vJ","hEi02w1UuphkAeG8zIXrQDys8MgKlmeYk4EDJa1SRoY=",
"870baccb-5a7a-4d46-86f4-04bc73612a62","SERC_023.tickPlot.tck","D02","SERC","SERC_023","distributed","cultivatedCrops",38.873978,-76.535925,"WGS84",20.1,6.7,0.1,"2018-07-02T21:33Z","SERC.2018.27","SERC_023.20180702","A00000001378","drag",160,"Y",1,4,0,"No known compromise","NEON.DOC.014045vJ","hEi02w1UuphkAeG8zIXrQDys8MgKlmeYk4EDJa1SRoY=",
