uid,namedLocation,plotID,collectDate,identifiedDate,sampleID,subsampleID,scientificName,acceptedTaxonID,taxonRank,family,subfamily,tribe,subtribe,genus,subgenus,specificEpithet,infraspecificEpithet,identificationQualifier,identificationReferences,identificationProtocolVersion,scientificNameAuthorship,sexOrAge,individualCount,sampleCondition,archiveMedium,archiveFacilityID,deprecatedVialID,identifiedBy,laboratoryName,remarks
"3aa2b6cc-db24-4db0-97d4-f8ce10fcfae5","SERC_002.tickPlot.tck","SERC_002","2018-07-02T16:11Z","2018-09-20T16:00Z","SERC_002.20180702","SERC_002.20180702.AMBAME.N","Amblyomma americanum","AMBAME","species","Ixodidae",,,,"Amblyomma",,"americanum",,,"Cooley, R. A. and G. M. Kohls. 1944. The genus Amblyomma (ixodidae) in the United States. The Journal of Parasitology, 30(2):77-111.","GSU_tickIdentification_SOP_2016-11-01.pdf","Linnaeus","Nymph",64,"OK","90% ethanol","USNMENT01482250",,"Lorenza Beati","Georgia Southern University",
"743ca28a-dd09-4bf1-9e37-a0cf5db73994","SERC_002.tickPlot.tck","SERC_002","2018-07-02T16:11Z","2018-09-20T16:00Z","SERC_002.20180702","SERC_002.20180702.IXOSCA.N","Ixodes scapularis","IXOSCA","species","Ixodidae",,,,"Ixodes",,"scapularis",,,"Cooley, R. A. and G. M. Kohls. 1945. The genus Ixodes in North America. National Institute of Health Bulletin, 184.","GSU_tickIdentification_SOP_2016-11-01.pdf","Say","Nymph",15,"OK","90% ethanol","USNMENT01482251",,"Lorenza Beati","Georgia Southern University",
"e965afdd-4449-4e72-8a63-0a42d74da7a7","SERC_002.tickPlot.tck","SERC_002","2018-07-02T16:11Z","2018-09-20T16:00Z","SERC_002.20180702","SERC_002.20180702.AMBAME.M","Amblyomma americanum","AMBAME","species","Ixodidae",,,,"Amblyomma",,"americanum",,,"Cooley, R. A. and G. M. Kohls. 1944. The genus Amblyomma (ixodidae) in the United States. The Journal of Parasitology, 30(2):77-111.","GSU_tickIdentification_SOP_2016-11-01.pdf","Linnaeus","Male",2,"OK","90% ethanol","USNMENT01482271",,"Lorenza Beati","Georgia Southern University",
"f0185679-fd4d-4539-8ff3-55fbe6252d1b","SERC_005.tickPlot.tck","SERC_005","2018-07-02T17:38Z","2018-09-17T16:00Z","SERC_005.20180702","SERC_005.20180702.AMBAME.N","Amblyomma americanum","AMBAME","species","Ixodidae",,,,"Amblyomma",,"americanum",,,"Cooley, R. A. and G. M. Kohls. 1944. The genus Amblyomma (ixodidae) in the United States. The Journal of Parasitology, 30(2):77-111.","GSU_tickIdentification_SOP_2016-11-01.pdf","Linnaeus","Nymph",8,"OK","90% ethanol","USNMENT01482268",,"Lorenza Beati","Georgia Southern University",
"64d4940d-9e53-4afe-a41f-4f926e876748","SERC_005.tickPlot.tck","SERC_005","2018-07-02T17:38Z","2018-09-17T16:00Z","SERC_005.20180702","SERC_005.20180702.AMBAME.F","Amblyomma americanum","AMBAME","species","Ixodidae",,,,"Amblyomma",,"americanum",,,"Cooley, R. A. and G. M. Kohls. 1944. The genus Amblyomma (ixodidae) in the United States. The Journal of Parasitology, 30(2):77-111.","GSU_tickIdentification_SOP_2016-11-01.pdf","Linnaeus","Female",1,"OK","90% ethanol","USNMENT01482305",,"Lorenza Beati","Georgia Southern University",
"3aa3e682-4d28-43e3-8399-4e247b398e1b","SERC_005.tickPlot.tck","SERC_005","2018-07-02T17:38Z","2018-09-17T16:00Z","SERC_005.20180702","SERC_005.20180702.IXOSCA.N","Ixodes scapularis","IXOSCA","species","Ixodidae",,,,"Ixodes",,"scapularis",,,"Cooley, R. A. and G. M. Kohls. 1945. The genus Ixodes in North America. National Institute of Health Bulletin, 184.","GSU_tickIdentification_SOP_2016-11-01.pdf","Say","Nymph",1,"OK","90% ethanol","USNMENT01482323",,"Lorenza Beati","Georgia Southern University",
"41a0eba0-8d5a-49f1-a5d8-e58894c6a6b3","SERC_006.tickPlot.tck","SERC_006","2018-07-02T18:50Z","2018-09-17T16:00Z","SERC_006.20180702","SERC_006.20180702.AMBAME.F","Amblyomma americanum","AMBAME","species","Ixodidae",,,,"Amblyomma",,"americanum",,,"Cooley, R. A. and G. M. Kohls. 1944. The genus Amblyomma (ixodidae) in the United States. The Journal of Parasitology, 30(2):77-111.","GSU_tickIdentification_SOP_2016-11-01.pdf","Linnaeus","Female",2,"OK","90% ethanol","USNMENT01482294",,"Lorenza Beati","Georgia Southern University",
"61f67473-b71f-4535-a1a2-526ec2b76119","SERC_006.tickPlot.tck","SERC_006","2018-07-02T18:50Z","2018-09-24T16:00Z","SERC_006.20180702","SERC_006.20180702.IXOSCA.N","Ixodes scapularis","IXOSCA","species","Ixodidae",,,,"Ixodes",,"scapularis",,,"Cooley, R. A. and G. M. Kohls. 1945. The genus Ixodes in North America. National Institute of Health Bulletin, 184.","GSU_tickIdentification_SOP_2016-11-01.pdf","Say","Nymph",5,"OK","90% ethanol","USNMENT01482324",,"Lorenza Beati","Georgia Southern University",
"00d3bae9-b3bc-42da-84b6-3124cec93c7e","SERC_006.tickPlot.tck","SERC_006","2018-07-02T18:50Z","2018-09-24T16:00Z","SERC_006.20180702","SERC_006.20180702.AMBAME.N","Amblyomma americanum","AMBAME","species","Ixodidae",,,,"Amblyomma",,"americanum",,,"Cooley, R. A. and G. M. Kohls. 1944. The genus Amblyomma (ixodidae) in the United States. The Journal of Parasitology, 30(2):77-111.","GSU_tickIdentification_SOP_2016-11-01.pdf","Linnaeus","Nymph",3,"OK","90% ethanol","USNMENT01482299",,"Lorenza Beati","Georgia Southern University",
"0be77938-46e6-43d2-87fe-28aec3df24a9","SERC_012.tickPlot.tck","SERC_012","2018-07-02T19:39Z","2018-09-24T16:00Z","SERC_012.20180702","SERC_012.20180702.AMBAME.N","Amblyomma americanum","AMBAME","species","Ixodidae",,,,"Amblyomma",,"americanum",,,"Cooley, R. A. and G. M. Kohls. 1944. The genus Amblyomma (ixodidae) in the United States. The Journal of Parasitology, 30(2):77-111.","GSU_tickIdentification_SOP_2016-11-01.pdf","Linnaeus","Nymph",5,"OK","90% ethanol","USNMENT01482269",,"Lorenza Beati","Georgia Southern University",
"1e2b0399-a075-4526-99b6-eb4df5cb7a5a","SERC_012.tickPlot.tck","SERC_012","2018-07-02T19:39Z","2018-09-24T16:00Z","SERC_012.20180702","SERC_012.20180702.IXOSCA.N","Ixodes scapularis","IXOSCA","species","Ixodidae",,,,"Ixodes",,"scapularis",,,"Cooley, R. A. and G. M. Kohls. 1945. The genus Ixodes in North America. National Institute of Health Bulletin, 184.","GSU_tickIdentification_SOP_2016-11-01.pdf","Say","Nymph",3,"OK","90% ethanol","USNMENT01482264",,"Lorenza Beati","Georgia Southern University",
"35d08cee-3758-4fbf-afa5-81332196de21","SERC_001.tickPlot.tck","SERC_001","2018-07-02T20:32Z","2018-09-20T16:00Z","SERC_001.20180702","SERC_001.20180702.AMBAME.N","Amblyomma americanum","AMBAME","species","Ixodidae",,,,"Amblyomma",,"americanum",,,"Cooley, R. A. and G. M. Kohls. 1944. The genus Amblyomma (ixodidae) in the United States. The Journal of Parasitology, 30(2):77-111.","GSU_tickIdentification_SOP_2016-11-01.pdf","Linnaeus","Nymph",14,"OK","90% ethanol","USNMENT01482266",,"Lorenza Beati","Georgia Southern University",
"6c445834-ff91-453e-b89c-380b56efb819","SERC_001.tickPlot.tck","SERC_001","2018-07-02T20:32Z","2018-09-20T16:00Z","SERC_001.20180702","SERC_001.20180702.AMBAME.M","Amblyomma americanum","AMBAME","species","Ixodidae",,,,"Amblyomma",,"americanum",,,"Cooley, R. A. and G. M. Kohls. 1944. The genus Amblyomma (ixodidae) in the United States. The Journal of Parasitology, 30(2):77-111.","GSU_tickIdentification_SOP_2016-11-01.pdf","Linnaeus","Male",2,"OK","90% ethanol","USNMENT01482311",,"Lorenza Beati","Georgia Southern University",
"1d935cc5-49b7-427f-ba5f-e6cd9fabad8e","SERC_001.tickPlot.tck","SERC_001","2018-07-02T20:32Z","2018-09-20T16:00Z","SERC_001.20180702","SERC_001.20180702.IXOSCA.N","Ixodes scapularis","IXOSCA","species","Ixodidae",,,,"Ixodes",,"scapularis",,,"Cooley, R. A. and G. M. Kohls. 1945. The genus Ixodes in North America. National Institute of Health Bulletin, 184.","GSU_tickIdentification_SOP_2016-11-01.pdf","Say","Nymph",2,"OK","90% ethanol","USNMENT01482265",,"Lorenza Beati","Georgia Southern University",
"0ba9551e-8858-4b10-abf8-84ac7e7a88ef","SERC_023.tickPlot.tck","SERC_023","2018-07-02T21:33Z","2018-09-24T16:00Z","SERC_023.20180702","SERC_023.20180702.AMBAME.M","Amblyomma americanum","AMBAME","species","Ixodidae",,,,"Amblyomma",,"americanum",,,"Cooley, R. A. and G. M. Kohls. 1944. The genus Amblyomma (ixodidae) in the United States. The Journal of Parasitology, 30(2):77-111.","GSU_tickIdentification_SOP_2016-11-01.pdf","Linnaeus","Male",1,"OK","90% ethanol","USNMENT01482319",,"Lorenza Beati","Georgia Southern University",
"4ead8377-c557-44f3-ad33-3e9d7ad88672","SERC_023.tickPlot.tck","SERC_023","2018-07-02T21:33Z","2018-09-24T16:00Z","SERC_023.20180702","SERC_023.20180702.AMBAME.N","Amblyomma americanum","AMBAME","species","Ixodidae",,,,"Amblyomma",,"americanum",,,"Cooley, R. A. and G. M. Kohls. 1944. The genus Amblyomma (ixodidae) in the United States. The Journal of Parasitology, 30(2):77-111.","GSU_tickIdentification_SOP_2016-11-01.pdf","Linnaeus","Nymph",3,"OK","90% ethanol","USNMENT01482314",,"Lorenza Beati","Georgia Southern University",
