uid,namedLocation,domainID,siteID,plotID,plotType,nlcdClass,decimalLatitude,decimalLongitude,geodeticDatum,coordinateUncertainty,elevation,elevationUncertainty,collectDate,eventID,sampleID,sampleCode,samplingMethod,totalSampledArea,targetTaxaPresent,adultCount,nymphCount,larvaCount,sampleCondition,samplingProtocolVersion,measuredBy,remarks
"13086108-d084-4f46-a951-9da7ff91a859","MLBS_006.tickPlot.tck","D07","MLBS","MLBS_006","distributed","deciduousForest",37.427058,-80.562386,"WGS84",20.1,785.7,0.2,"2018-08-15T13:14Z","MLBS.2018.33",,,"drag and flag",155,"N",0,0,0,,"NEON.DOC.014045vJ","o8zDrSGfNRHXTwkNXPAdRAjPrJVp6LTtS+vSpO9tqxI=",
"e5f6bcd3-1efc-40eb-9a8d-4c569f8bb2db","MLBS_004.tickPlot.tck","D07","MLBS","MLBS_004","distributed","deciduousForest",37.429068,-80.510286,"WGS84",20.1,890.2,0.1,"2018-08-15T14:24Z","MLBS.2018.33",,,"drag and flag",150,"N",0,0,0,,"NEON.DOC.014045vJ","o8zDrSGfNRHXTwkNXPAdRAjPrJVp6LTtS+vSpO9tqxI=",
"c3c7b3a1-b41a-498b-8b10-9c51d2cab119","MLBS_009.tickPlot.tck","D07","MLBS","MLBS_009","distributed","deciduousForest",37.374340,-80.516549,"WGS84",20.2,1165.7,0.3,"2018-08-15T16:03Z","MLBS.2018.33",,,"flag",160,"N",0,0,0,,"NEON.DOC.014045vJ","o8zDrSGfNRHXTwkNXPAdRAjPrJVp6LTtS+vSpO9tqxI=",
"d3a2341b-9914-4a42-90b0-7752bfad7dba","MLBS_005.tickPlot.tck","D07","MLBS","MLBS_005","distributed","deciduousForest",37.363061,-80.519779,"WGS84",20.1,1277.4,0.2,"2018-08-15T17:50Z","MLBS.2018.33",,,"drag",159,"N",0,0,0,,"NEON.DOC.014045vJ","o8zDrSGfNRHXTwkNXPAdRAjPrJVp6LTtS+vSpO9tqxI=",
"4af1d86b-98bd-415e-b962-e938d7e5f311","MLBS_003.tickPlot.tck","D07","MLBS","MLBS_003","distributed","deciduousForest",37.367221,-80.526898,"WGS84",20.1,1235.7,0.2,"2018-08-15T18:41Z","MLBS.2018.33",,,"drag",160,"N",0,0,0,,"NEON.DOC.014045vJ","ugONmYoFbVmwW0yA7fJ8Gslb7Tvq/R6s3aoJ6OC9WhA=",
"00367e99-506f-4976-8894-d080c8006bd0","MLBS_002.tickPlot.tck","D07","MLBS","MLBS_002","distributed","deciduousForest",37.371693,-80.525877,"WGS84",20.2,1187.0,0.3,"2018-08-15T19:36Z","MLBS.2018.33",,,"drag",169,"N",0,0,0,,"NEON.DOC.014045vJ","o8zDrSGfNRHXTwkNXPAdRAjPrJVp6LTtS+vSpO9tqxI=",
