uid,namedLocation,domainID,siteID,plotID,plotType,nlcdClass,decimalLatitude,decimalLongitude,geodeticDatum,coordinateUncertainty,elevation,elevationUncertainty,collectDate,eventID,sampleID,sampleCode,samplingMethod,totalSampledArea,targetTaxaPresent,adultCount,nymphCount,larvaCount,sampleCondition,samplingProtocolVersion,measuredBy,remarks
"7fcb75f7-4054-4b0f-83ba-1d690b9c1c1f","CLBJ_040.tickPlot.tck","D11","CLBJ","CLBJ_040","distributed","deciduousForest",33.377571,-97.647238,"WGS84",20.1,328.9,0.1,"2018-04-19T14:35Z","CLBJ.2018.16",,,"drag and flag",110,"N",0,0,0,,"NEON.DOC.014045vJ","/SZ9gQT0eLqwqNZp5Y4LY8GjxO2nhQVhhcHFyjZkNFM=","Northwest was only pole had to Pace from Southwest permanent marker"
"c776b01c-f74f-4452-a5a8-08a9dd17c196","CLBJ_033.tickPlot.tck","D11","CLBJ","CLBJ_033","distributed","deciduousForest",33.382288,-97.619783,"WGS84",20.1,305.5,0.1,"2018-04-19T15:12Z","CLBJ.2018.16",,,"drag and flag",125,"N",0,0,0,,"NEON.DOC.014045vJ","/SZ9gQT0eLqwqNZp5Y4LY8GjxO2nhQVhhcHFyjZkNFM=",
"1651b464-b1ec-4b35-b407-4e55fcad64a8","CLBJ_043.tickPlot.tck","D11","CLBJ","CLBJ_043","distributed","deciduousForest",33.410406,-97.593713,"WGS84",20.1,285.9,0.1,"2018-04-19T15:56Z","CLBJ.2018.16",,,"drag and flag",155,"N",0,0,0,,"NEON.DOC.014045vJ","/SZ9gQT0eLqwqNZp5Y4LY8GjxO2nhQVhhcHFyjZkNFM=",
"1b82b6d6-9e59-4fa6-bb48-0b60cec2f350","CLBJ_032.tickPlot.tck","D11","CLBJ","CLBJ_032","distributed","grasslandHerbaceous",33.405176,-97.595129,"WGS84",20.1,294.7,0.1,"2018-04-19T16:20Z","CLBJ.2018.16",,,"drag",160,"N",0,0,0,,"NEON.DOC.014045vJ","/SZ9gQT0eLqwqNZp5Y4LY8GjxO2nhQVhhcHFyjZkNFM=",
"9e7e2149-632c-4614-a282-8d16819a850a","CLBJ_036.tickPlot.tck","D11","CLBJ","CLBJ_036","distributed","grasslandHerbaceous",33.396494,-97.580919,"WGS84",20.1,289.5,0.1,"2018-04-19T16:52Z","CLBJ.2018.16",,,"drag",160,"N",0,0,0,,"NEON.DOC.014045vJ","/SZ9gQT0eLqwqNZp5Y4LY8GjxO2nhQVhhcHFyjZkNFM=",
"5b621ba3-dcf3-4926-afde-c98191d0e10b","CLBJ_034.tickPlot.tck","D11","CLBJ","CLBJ_034","distributed","grasslandHerbaceous",33.320090,-97.578537,"WGS84",20.0,325.2,0.0,"2018-04-19T17:23Z","CLBJ.2018.16",,,"drag",155,"N",0,0,0,,"NEON.DOC.014045vJ","/SZ9gQT0eLqwqNZp5Y4LY8GjxO2nhQVhhcHFyjZkNFM=",
