uid,namedLocation,plotID,collectDate,identifiedDate,sampleID,subsampleID,scientificName,acceptedTaxonID,taxonRank,family,subfamily,tribe,subtribe,genus,subgenus,specificEpithet,infraspecificEpithet,identificationQualifier,identificationReferences,identificationProtocolVersion,scientificNameAuthorship,sexOrAge,individualCount,sampleCondition,archiveMedium,archiveFacilityID,deprecatedVialID,identifiedBy,laboratoryName,remarks
"dbf681ef-54d2-4caa-9067-a3604e988ca6","SCBI_039.tickPlot.tck","SCBI_039","2017-04-10T12:56Z","2018-01-30T17:00Z","SCBI_039.20170410","SCBI_039.20170410.DERVAR.F","Dermacentor variabilis","DERVAR","species","Ixodidae",,,,"Dermacentor",,"variabilis",,,"Yunker, C. E., Keirans, J. E., Clifford, C. M., and E. R. Easton. 1986. Dermacentor ticks (Acari: Ixodoidea: Ixodidae) of the New World: a scanning electron microscope atlas. Proceedings of the Entomological Society of Washington, 88(4):609-627.","GSU_tickIdentification_SOP_2016-11-01.pdf","Say","Female",1,"OK","90% ethanol","USNMENT00984966","SCBI_039.20170410.DERVAR.F","Lorenza Beati","Georgia Southern University","RNA"
"6ab6aa53-9c2c-4802-9bff-6339de010fca","SCBI_006.tickPlot.tck","SCBI_006","2017-04-10T13:52Z","2018-01-30T17:00Z","SCBI_006.20170410","SCBI_006.20170410.DERVAR.M","Dermacentor variabilis","DERVAR","species","Ixodidae",,,,"Dermacentor",,"variabilis",,,"Yunker, C. E., Keirans, J. E., Clifford, C. M., and E. R. Easton. 1986. Dermacentor ticks (Acari: Ixodoidea: Ixodidae) of the New World: a scanning electron microscope atlas. Proceedings of the Entomological Society of Washington, 88(4):609-627.","GSU_tickIdentification_SOP_2016-11-01.pdf","Say","Male",1,"OK","90% ethanol","USNMENT00984968","SCBI_006.20170410.DERVAR.M","Lorenza Beati","Georgia Southern University","RNA"
"ef516cbf-248d-49c8-bf8f-6ccb1eb39bf6","SCBI_006.tickPlot.tck","SCBI_006","2017-04-10T13:52Z","2018-01-30T17:00Z","SCBI_006.20170410","SCBI_006.20170410.AMBAME.M","Amblyomma americanum","AMBAME","species","Ixodidae",,,,"Amblyomma",,"americanum",,,"Cooley, R. A. and G. M. Kohls. 1944. The genus Amblyomma (ixodidae) in the United States. The Journal of Parasitology, 30(2):77-111.","GSU_tickIdentification_SOP_2016-11-01.pdf","Linnaeus","Male",1,"OK","90% ethanol","USNMENT01430095","SCBI_006.20170410.AMBAME.M","Lorenza Beati","Georgia Southern University","RNA"
"f2e064f7-fcfd-4653-9c0c-a31ea7b73bc1","SCBI_005.tickPlot.tck","SCBI_005","2017-04-10T15:02Z","2018-01-30T17:00Z","SCBI_005.20170410","SCBI_005.20170410.IXOSCA.N","Ixodes scapularis","IXOSCA","species","Ixodidae",,,,"Ixodes",,"scapularis",,,"Cooley, R. A. and G. M. Kohls. 1945. The genus Ixodes in North America. National Institute of Health Bulletin, 184.","GSU_tickIdentification_SOP_2016-11-01.pdf","Say","Nymph",1,"OK","90% ethanol","USNMENT00984976","SCBI_005.20170410.IXOSCA.N","Lorenza Beati","Georgia Southern University","RNA"
"644b5e1d-23e4-4e3a-a7bd-cd7619b94481","SCBI_005.tickPlot.tck","SCBI_005","2017-04-10T15:02Z","2018-01-30T17:00Z","SCBI_005.20170410","SCBI_005.20170410.AMBAME.M","Amblyomma americanum","AMBAME","species","Ixodidae",,,,"Amblyomma",,"americanum",,,"Cooley, R. A. and G. M. Kohls. 1944. The genus Amblyomma (ixodidae) in the United States. The Journal of Parasitology, 30(2):77-111.","GSU_tickIdentification_SOP_2016-11-01.pdf","Linnaeus","Male",1,"OK","90% ethanol","USNMENT00984975","SCBI_005.20170410.AMBAME.M","Lorenza Beati","Georgia Southern University","RNA"
"3837ef11-d0cb-4eea-b08e-e739035e36f4","SCBI_007.tickPlot.tck","SCBI_007","2017-04-10T17:20Z","2018-01-30T17:00Z","SCBI_007.20170410","SCBI_007.20170410.AMBAME.F","Amblyomma americanum","AMBAME","species","Ixodidae",,,,"Amblyomma",,"americanum",,,"Cooley, R. A. and G. M. Kohls. 1944. The genus Amblyomma (ixodidae) in the United States. The Journal of Parasitology, 30(2):77-111.","GSU_tickIdentification_SOP_2016-11-01.pdf","Linnaeus","Female",1,"OK","90% ethanol","USNMENT00984969","SCBI_007.20170410.AMBAME.F","Lorenza Beati","Georgia Southern University","RNA"
"75d018cc-fdd1-4322-be0a-e4d0cf84775e","SCBI_007.tickPlot.tck","SCBI_007","2017-04-10T17:20Z","2018-09-15T17:00Z","SCBI_007.20170410","SCBI_007.20170410.HAELON.N","Haemaphysalis longicornis","HAELON","species","Ixodidae",,,,"Haemaphysalis",,"longicornis",,,,"GSU_tickIdentification_SOP_2016-11-01.pdf",,"Nymph",1,"OK","90% ethanol","USNMENT00984967","SCBI_007.20170410.HAELEP.N","Lorenza Beati","Georgia Southern University","RNA"
"248718b4-44a7-4e2e-a690-a8b6fdfb55db","SCBI_002.tickPlot.tck","SCBI_002","2017-04-10T18:39Z","2018-01-30T17:00Z","SCBI_002.20170410","SCBI_002.20170410.AMBAME.N","Amblyomma americanum","AMBAME","species","Ixodidae",,,,"Amblyomma",,"americanum",,,"Cooley, R. A. and G. M. Kohls. 1944. The genus Amblyomma (ixodidae) in the United States. The Journal of Parasitology, 30(2):77-111.","GSU_tickIdentification_SOP_2016-11-01.pdf","Linnaeus","Nymph",2,"OK","90% ethanol","USNMENT00984971","SCBI_002.20170410.AMBAME.N","Lorenza Beati","Georgia Southern University","RNA"
"83cccf3e-ebd3-4a1c-b3b7-7e26146f6f3a","SCBI_002.tickPlot.tck","SCBI_002","2017-04-10T18:39Z","2018-01-30T17:00Z","SCBI_002.20170410","SCBI_002.20170410.AMBAME.M","Amblyomma americanum","AMBAME","species","Ixodidae",,,,"Amblyomma",,"americanum",,,"Cooley, R. A. and G. M. Kohls. 1944. The genus Amblyomma (ixodidae) in the United States. The Journal of Parasitology, 30(2):77-111.","GSU_tickIdentification_SOP_2016-11-01.pdf","Linnaeus","Male",1,"OK","90% ethanol","USNMENT00984970","SCBI_002.20170410.AMBAME.M","Lorenza Beati","Georgia Southern University","RNA"
"9ddd7179-43a9-4c48-a40a-36975c4a9ba7","SCBI_013.tickPlot.tck","SCBI_013","2017-04-10T20:09Z","2018-01-30T17:00Z","SCBI_013.20170410","SCBI_013.20170410.AMBAME.N","Amblyomma americanum","AMBAME","species","Ixodidae",,,,"Amblyomma",,"americanum",,,"Cooley, R. A. and G. M. Kohls. 1944. The genus Amblyomma (ixodidae) in the United States. The Journal of Parasitology, 30(2):77-111.","GSU_tickIdentification_SOP_2016-11-01.pdf","Linnaeus","Nymph",2,"OK","90% ethanol","USNMENT00984980","SCBI_013.20170410.AMBAME.N","Lorenza Beati","Georgia Southern University","RNA"
"d5f1a021-bf58-4bf0-9352-447a0f9f1b12","SCBI_013.tickPlot.tck","SCBI_013","2017-04-10T20:09Z","2018-01-30T17:00Z","SCBI_013.20170410","SCBI_013.20170410.IXOSCA.N","Ixodes scapularis","IXOSCA","species","Ixodidae",,,,"Ixodes",,"scapularis",,,"Cooley, R. A. and G. M. Kohls. 1945. The genus Ixodes in North America. National Institute of Health Bulletin, 184.","GSU_tickIdentification_SOP_2016-11-01.pdf","Say","Nymph",1,"OK","90% ethanol","USNMENT01430099","SCBI_013.20170410.IXOSCA.N","Lorenza Beati","Georgia Southern University","RNA"
"17ea9e22-0820-41e1-b8bc-2910fcaeb055","SCBI_013.tickPlot.tck","SCBI_013","2017-04-10T20:09Z","2018-01-30T17:00Z","SCBI_013.20170410","SCBI_013.20170410.AMBAME.M","Amblyomma americanum","AMBAME","species","Ixodidae",,,,"Amblyomma",,"americanum",,,"Cooley, R. A. and G. M. Kohls. 1944. The genus Amblyomma (ixodidae) in the United States. The Journal of Parasitology, 30(2):77-111.","GSU_tickIdentification_SOP_2016-11-01.pdf","Linnaeus","Male",1,"OK","90% ethanol","USNMENT00984972","SCBI_013.20170410.AMBAME.M","Lorenza Beati","Georgia Southern University","RNA"
"412d564d-eff1-46d5-a60c-be3d4d02054d","SCBI_013.tickPlot.tck","SCBI_013","2017-04-10T20:09Z","2018-01-30T17:00Z","SCBI_013.20170410","SCBI_013.20170410.AMBAME.F","Amblyomma americanum","AMBAME","species","Ixodidae",,,,"Amblyomma",,"americanum",,,"Cooley, R. A. and G. M. Kohls. 1944. The genus Amblyomma (ixodidae) in the United States. The Journal of Parasitology, 30(2):77-111.","GSU_tickIdentification_SOP_2016-11-01.pdf","Linnaeus","Female",1,"OK","90% ethanol","USNMENT00984973","SCBI_013.20170410.AMBAME.F","Lorenza Beati","Georgia Southern University","RNA"
