uid,namedLocation,domainID,siteID,plotID,plotType,nlcdClass,decimalLatitude,decimalLongitude,geodeticDatum,coordinateUncertainty,elevation,elevationUncertainty,collectDate,eventID,sampleID,sampleCode,samplingMethod,totalSampledArea,targetTaxaPresent,adultCount,nymphCount,larvaCount,sampleCondition,samplingProtocolVersion,measuredBy,remarks
"f736130f-36d3-441a-b2e0-08c4359a1608","SCBI_039.tickPlot.tck","D02","SCBI","SCBI_039","distributed","pastureHay",38.896433,-78.166542,"WGS84",20.1,330.8,0.1,"2017-04-10T12:56Z","SCBI.2017.15","SCBI_039.20170410",,"drag and flag",160,"Y",1,1,0,"No known compromise","NEON.DOC.014045vG","65MrXCKZ6BZHMIpBwLFSzI3B2iyqckQKC2QVdjxfI44=",
"194ac2a4-65d4-444f-89d7-fee7cc276bec","SCBI_006.tickPlot.tck","D02","SCBI","SCBI_006","distributed","pastureHay",38.897080,-78.150277,"WGS84",20.1,277.1,0.1,"2017-04-10T13:52Z","SCBI.2017.15","SCBI_006.20170410",,"drag",160,"Y",2,0,0,"No known compromise","NEON.DOC.014045vG","/AhbGCCF27wHz9TggrmS1nLN8zUO+zcB",
"2d9ed05a-4268-450e-9254-7196dd577cf4","SCBI_005.tickPlot.tck","D02","SCBI","SCBI_005","distributed","deciduousForest",38.901859,-78.161940,"WGS84",20.2,263.6,0.3,"2017-04-10T15:02Z","SCBI.2017.15","SCBI_005.20170410",,"drag",146,"Y",1,1,0,"No known compromise","NEON.DOC.014045vG","65MrXCKZ6BZHMIpBwLFSzI3B2iyqckQKC2QVdjxfI44=",
"b9b46b36-b91b-4d3f-89ca-f0bcffc0a420","SCBI_007.tickPlot.tck","D02","SCBI","SCBI_007","distributed","deciduousForest",38.886013,-78.129365,"WGS84",20.2,428.3,0.2,"2017-04-10T17:20Z","SCBI.2017.15","SCBI_007.20170410",,"drag and flag",142,"Y",1,0,0,"No known compromise","NEON.DOC.014045vG","ena7GLJui5s1h8moQAQPw3Qj2+mVdivS",
"f5378a14-8dae-432b-8ae0-1714b8e44db7","SCBI_002.tickPlot.tck","D02","SCBI","SCBI_002","distributed","deciduousForest",38.893863,-78.142704,"WGS84",20.2,327.7,0.2,"2017-04-10T18:39Z","SCBI.2017.15","SCBI_002.20170410",,"drag and flag",161,"Y",1,2,0,"No known compromise","NEON.DOC.014045vG","/AhbGCCF27wHz9TggrmS1nLN8zUO+zcB","Spot was flagged after an adult was seen that did not catch the cloth with dragging"
"a0ba7a7f-6188-4b11-a1b3-36f7a5818d17","SCBI_013.tickPlot.tck","D02","SCBI","SCBI_013","distributed","deciduousForest",38.873041,-78.163313,"WGS84",20.2,361.3,0.3,"2017-04-10T20:09Z","SCBI.2017.15","SCBI_013.20170410",,"drag",160,"Y",2,3,0,"No known compromise","NEON.DOC.014045vG","ena7GLJui5s1h8moQAQPw3Qj2+mVdivS",
