uid,namedLocation,domainID,siteID,plotID,plotType,nlcdClass,decimalLatitude,decimalLongitude,geodeticDatum,coordinateUncertainty,elevation,elevationUncertainty,collectDate,eventID,sampleID,sampleCode,samplingMethod,totalSampledArea,targetTaxaPresent,adultCount,nymphCount,larvaCount,sampleCondition,samplingProtocolVersion,measuredBy,remarks
"097a6710-a477-4aac-a5a3-02bf4d04d3ea","UKFS_002.tickPlot.tck","D06","UKFS","UKFS_002","distributed","deciduousForest",39.045892,-95.207026,"WGS84",20.1,316.0,0.2,"2016-07-14T06:22Z","UKFS.2016.28",,,"drag and flag",160,"N",0,0,0,"No known compromise","NEON.DOC.014045vG","gzW2igUkp5dN6MoX5kqtYpCrrT6ULL1j",
"621c6373-0020-4bfb-bc46-c731c5cbad49","UKFS_001.tickPlot.tck","D06","UKFS","UKFS_001","distributed","deciduousForest",39.037238,-95.198631,"WGS84",20.1,322.7,0.1,"2016-07-14T13:43Z","UKFS.2016.28","UKFS_001.20160714",,"drag and flag",160,"Y",2,8,0,"No known compromise","NEON.DOC.014045vG","9Na0Eupfy7pnnigtC7KpGXWClnvLiwz1",
"22580666-44d1-4481-8460-8699a248b45b","UKFS_018.tickPlot.tck","D06","UKFS","UKFS_018","distributed","grasslandHerbaceous",39.053205,-95.194659,"WGS84",20.1,325.8,0.1,"2016-07-14T14:48Z","UKFS.2016.28",,,"drag and flag",160,"N",0,0,0,"No known compromise","NEON.DOC.014045vG","9Na0Eupfy7pnnigtC7KpGXWClnvLiwz1",
"0bdb7c39-5da1-489d-becb-4ef29174573e","UKFS_003.tickPlot.tck","D06","UKFS","UKFS_003","distributed","deciduousForest",39.053769,-95.187084,"WGS84",20.1,323.1,0.1,"2016-07-14T15:36Z","UKFS.2016.28","UKFS_003.20160714",,"drag and flag",150,"Y",0,6,0,"No known compromise","NEON.DOC.014045vG","9Na0Eupfy7pnnigtC7KpGXWClnvLiwz1",
"f2eefc29-5085-4ae7-b77f-f85491edb928","UKFS_004.tickPlot.tck","D06","UKFS","UKFS_004","distributed","deciduousForest",39.043188,-95.201000,"WGS84",20.1,320.0,0.2,"2016-07-14T16:43Z","UKFS.2016.28","UKFS_004.20160714",,"flag",155,"Y",1,6,0,"No known compromise","NEON.DOC.014045vG","gzW2igUkp5dN6MoX5kqtYpCrrT6ULL1j",
"b72874f1-cdb4-4c6b-9c56-15df4bbc3814","UKFS_030.tickPlot.tck","D06","UKFS","UKFS_030","distributed","grasslandHerbaceous",39.045115,-95.213433,"WGS84",20.1,321.9,0.1,"2016-07-14T17:55Z","UKFS.2016.28","UKFS_030.20160714",,"drag",160,"Y",0,1,0,"No known compromise","NEON.DOC.014045vG","9Na0Eupfy7pnnigtC7KpGXWClnvLiwz1",
