uid,namedLocation,plotID,collectDate,identifiedDate,sampleID,subsampleID,scientificName,acceptedTaxonID,taxonRank,family,subfamily,tribe,subtribe,genus,subgenus,specificEpithet,infraspecificEpithet,identificationQualifier,identificationReferences,identificationProtocolVersion,scientificNameAuthorship,sexOrAge,individualCount,sampleCondition,archiveMedium,archiveFacilityID,deprecatedVialID,identifiedBy,laboratoryName,remarks
"2fc14e74-a97c-4737-a6ce-d244701be574","ORNL_002.tickPlot.tck","ORNL_002","2017-06-15T13:10Z","2017-12-21T17:00Z","ORNL_002.20170615","ORNL_002.20170615.AMBAME.M","Amblyomma americanum","AMBAME","species","Ixodidae",,,,"Amblyomma",,"americanum",,,"Cooley, R. A. and G. M. Kohls. 1944. The genus Amblyomma (ixodidae) in the United States. The Journal of Parasitology, 30(2):77-111.","GSU_tickIdentification_SOP_2016-11-01.pdf","Linnaeus","Male",1,"OK","90% ethanol","USNMENT01358295","ORNL_002.20170615.AMBAME.M","Lorenza Beati","Georgia Southern University","TO PAULA"
"ac18d9fa-97a0-4d5b-8ddc-a71498007172","ORNL_002.tickPlot.tck","ORNL_002","2017-06-15T13:10Z","2017-12-21T17:00Z","ORNL_002.20170615","ORNL_002.20170615.AMBAME.N","Amblyomma americanum","AMBAME","species","Ixodidae",,,,"Amblyomma",,"americanum",,,"Cooley, R. A. and G. M. Kohls. 1944. The genus Amblyomma (ixodidae) in the United States. The Journal of Parasitology, 30(2):77-111.","GSU_tickIdentification_SOP_2016-11-01.pdf","Linnaeus","Nymph",21,"OK","90% ethanol","USNMENT01358294","ORNL_002.20170615.AMBAME.N","Lorenza Beati","Georgia Southern University",
"a9525062-7c55-4c08-84ba-b2a3ab099c67","ORNL_009.tickPlot.tck","ORNL_009","2017-06-15T14:26Z","2017-12-21T17:00Z","ORNL_009.20170615","ORNL_009.20170615.AMBAME.N","Amblyomma americanum","AMBAME","species","Ixodidae",,,,"Amblyomma",,"americanum",,,"Cooley, R. A. and G. M. Kohls. 1944. The genus Amblyomma (ixodidae) in the United States. The Journal of Parasitology, 30(2):77-111.","GSU_tickIdentification_SOP_2016-11-01.pdf","Linnaeus","Nymph",11,"OK","90% ethanol","USNMENT01358296","ORNL_009.20170615.AMBAME.N","Lorenza Beati","Georgia Southern University",
"ed675b93-a883-4274-91e5-757e10855738","ORNL_003.tickPlot.tck","ORNL_003","2017-06-15T15:21Z","2017-12-21T17:00Z","ORNL_003.20170615","ORNL_003.20170615.AMBSP.N","Amblyomma sp.","AMBSP","genus","Ixodidae",,,,"Amblyomma",,"sp.",,,,"GSU_tickIdentification_SOP_2016-11-01.pdf",,"Nymph",5,"OK","90% ethanol","USNMENT01358297","ORNL_003.20170615.AMB.N","Lorenza Beati","Georgia Southern University",
"7a9c78fc-cc1a-4729-b050-501983ebd09e","ORNL_003.tickPlot.tck","ORNL_003","2017-06-15T15:21Z","2017-07-21T16:00Z","ORNL_003.20170615","ORNL_003.20170615.IXOSP.L","Ixodidae sp.","IXOSP","family","Ixodidae",,,,,,"sp.",,,,"GSU_tickIdentification_SOP_2016-11-01.pdf",,"Larva",1,"OK","90% ethanol","USNMENT01358298","ORNL_003.20170615.L","Guy Hobbs","Georgia Southern University",
