uid,namedLocation,domainID,siteID,plotID,plotType,nlcdClass,decimalLatitude,decimalLongitude,geodeticDatum,coordinateUncertainty,elevation,elevationUncertainty,collectDate,eventID,sampleID,sampleCode,samplingMethod,totalSampledArea,targetTaxaPresent,adultCount,nymphCount,larvaCount,sampleCondition,samplingProtocolVersion,measuredBy,remarks
"ddc91c84-9c1c-4985-88eb-d69aebbde8e8","ORNL_002.tickPlot.tck","D07","ORNL","ORNL_002","distributed","deciduousForest",35.983090,-84.211654,"WGS84",20.3,338.6,0.5,"2017-06-15T13:10Z","ORNL.2017.25","ORNL_002.20170615",,"drag",161,"Y",1,21,0,"No known compromise","NEON.DOC.014045vH","8sE0lzAhHvjOM+U+mPU0qlL1TKiyLEg2ZgZZT+ogYzI=",
"754d524f-137d-46b2-9453-be9b337a7d44","ORNL_009.tickPlot.tck","D07","ORNL","ORNL_009","distributed","deciduousForest",35.974902,-84.226630,"WGS84",20.2,337.1,0.2,"2017-06-15T14:26Z","ORNL.2017.25","ORNL_009.20170615",,"drag and flag",160,"Y",0,11,0,"No known compromise","NEON.DOC.014045vH","WKwujoF6P3ZJiCk6Dcp40D8Dm7AF8r9FFCwveZOtl5c=",
"388091f6-8089-4272-a0be-350d55c1ed86","ORNL_003.tickPlot.tck","D07","ORNL","ORNL_003","distributed","deciduousForest",35.967011,-84.229849,"WGS84",20.2,275.5,0.2,"2017-06-15T15:21Z","ORNL.2017.25","ORNL_003.20170615",,"drag and flag",160,"Y",0,5,202,"No known compromise","NEON.DOC.014045vH","8sE0lzAhHvjOM+U+mPU0qlL1TKiyLEg2ZgZZT+ogYzI=",
"e93db7a6-1ec4-4b77-8b8f-84fdab4078df","ORNL_040.tickPlot.tck","D07","ORNL","ORNL_040","distributed","evergreenForest",35.975525,-84.305103,"WGS84",20.2,273.2,0.2,"2017-06-15T15:34Z","ORNL.2017.25","ORNL_040.20170615",,"drag",160,"Y",0,17,0,"No known compromise","NEON.DOC.014045vH","B89Z/IeBZxWLIW3Z9xXJ10X7Hm8jgTUapi15Hp4Dy9Q=",
"75e9ec56-f168-4fdf-ab49-521144954208","ORNL_008.tickPlot.tck","D07","ORNL","ORNL_008","distributed","deciduousForest",35.933531,-84.334016,"WGS84",20.3,322.7,0.3,"2017-06-15T16:40Z","ORNL.2017.25","ORNL_008.20170615",,"drag",160,"Y",0,11,2,"No known compromise","NEON.DOC.014045vH","r06MDBPxfayB7LqY7uL+NgRmLXQ/kzw+W2LWlW0d8tk=",
"0d8def96-a18e-457e-bdb3-3346aa43b2f0","ORNL_007.tickPlot.tck","D07","ORNL","ORNL_007","distributed","deciduousForest",35.925843,-84.328420,"WGS84",20.2,279.4,0.5,"2017-06-16T15:26Z","ORNL.2017.25","ORNL_007.20170616",,"drag and flag",160,"Y",2,20,0,"No known compromise","NEON.DOC.014045vH","B89Z/IeBZxWLIW3Z9xXJ10X7Hm8jgTUapi15Hp4Dy9Q=","Dropped one nymph onto ground."
