uid,namedLocation,domainID,siteID,plotID,plotType,nlcdClass,decimalLatitude,decimalLongitude,geodeticDatum,coordinateUncertainty,elevation,elevationUncertainty,collectDate,eventID,sampleID,sampleCode,samplingMethod,totalSampledArea,targetTaxaPresent,adultCount,nymphCount,larvaCount,sampleCondition,samplingProtocolVersion,measuredBy,remarks
"0f864314-0241-4f62-9a89-c57a84d344cc","OSBS_005.tickPlot.tck","D03","OSBS","OSBS_005","distributed","woodyWetlands",29.697923,-82.025623,"WGS84",20.4,36.0,1.2,"2017-03-27T17:21Z","OSBS.2017.13","OSBS_005.20170327",,"drag and flag",160,"Y",17,171,0,"No known compromise","NEON.DOC.014045vG","PbNu4t/t/O1BAZriMiaA3VbsZD9KatgX",
"f58a0026-af47-4238-8ced-4da25c7b7af6","OSBS_002.tickPlot.tck","D03","OSBS","OSBS_002","distributed","evergreenForest",29.703661,-81.958365,"WGS84",20.1,35.8,0.2,"2017-03-29T13:28Z","OSBS.2017.14",,,"drag and flag",161,"N",0,0,0,"No known compromise","NEON.DOC.014045vG","PbNu4t/t/O1BAZriMiaA3VbsZD9KatgX",
"013c6917-8b4c-4d16-9f2b-ca45deaf85a8","OSBS_003.tickPlot.tck","D03","OSBS","OSBS_003","distributed","evergreenForest",29.693693,-81.947010,"WGS84",20.3,38.2,0.5,"2017-03-29T14:00Z","OSBS.2017.13","OSBS_003.20170329",,"drag and flag",174,"Y",2,24,0,"No known compromise","NEON.DOC.014045vG","PbNu4t/t/O1BAZriMiaA3VbsZD9KatgX",
"173fe69d-a288-4d12-9ab4-7ee9c20fd497","OSBS_022.tickPlot.tck","D03","OSBS","OSBS_022","distributed","emergentHerbaceousWetlands",29.688309,-81.961968,"WGS84",20.1,24.3,0.1,"2017-03-29T15:00Z","OSBS.2017.13",,,"drag and flag",163,"N",0,0,0,"No known compromise","NEON.DOC.014045vG","PbNu4t/t/O1BAZriMiaA3VbsZD9KatgX",
"bf63d1df-466d-4e45-92a1-a506bbffccc6","OSBS_004.tickPlot.tck","D03","OSBS","OSBS_004","distributed","evergreenForest",29.683402,-81.960449,"WGS84",20.3,42.4,0.4,"2017-03-29T15:40Z","OSBS.2017.13","OSBS_004.20170329",,"drag and flag",161,"Y",0,1,0,"No known compromise","NEON.DOC.014045vG","PbNu4t/t/O1BAZriMiaA3VbsZD9KatgX",
"a70e07f3-9bb4-42d0-af79-e975397c4278","OSBS_001.tickPlot.tck","D03","OSBS","OSBS_001","distributed","woodyWetlands",29.704063,-82.008061,"WGS84",20.3,34.4,0.3,"2017-03-29T16:28Z","OSBS.2017.13","OSBS_001.20170329",,"drag and flag",163,"Y",5,5,0,"No known compromise","NEON.DOC.014045vG","PbNu4t/t/O1BAZriMiaA3VbsZD9KatgX",
"07ca560e-6dc3-469a-948f-dd275775a948","OSBS_005.tickPlot.tck","D03","OSBS","OSBS_005","distributed","woodyWetlands",29.697923,-82.025623,"WGS84",20.4,36.0,1.2,"2017-03-29T17:21Z","OSBS.2017.14","OSBS_005.20170329",,"drag and flag",160,"Y",17,171,0,"No known compromise","NEON.DOC.014045vG","PbNu4t/t/O1BAZriMiaA3VbsZD9KatgX",
