uid,namedLocation,domainID,siteID,plotID,plotType,nlcdClass,decimalLatitude,decimalLongitude,geodeticDatum,coordinateUncertainty,elevation,elevationUncertainty,collectDate,eventID,sampleID,sampleCode,samplingMethod,totalSampledArea,targetTaxaPresent,adultCount,nymphCount,larvaCount,sampleCondition,samplingProtocolVersion,measuredBy,remarks
"987f09b3-4cf7-4891-9ba9-84a7477dd87b","CPER_002.tickPlot.tck","D10","CPER","CPER_002","distributed","grasslandHerbaceous",40.811446,-104.727626,"WGS84",20.1,1645.8,0.1,"2018-03-23T14:51Z","CPER.2018.12",,,"drag",160,"N",0,0,0,,"NEON.DOC.014045vJ","K+tJSr1+vfbHsPtL/dLKMjFlKn3yOXeu44OlkjOHon8=",
"09dd3645-f455-49d0-8d16-e06d171d8ec7","CPER_004.tickPlot.tck","D10","CPER","CPER_004","distributed","grasslandHerbaceous",40.814104,-104.696817,"WGS84",20.1,1617.2,0.1,"2018-03-23T15:28Z","CPER.2018.12",,,"drag",160,"N",0,0,0,,"NEON.DOC.014045vJ","9piKDJvWVkAkhVxhhD7ruNlPpYfDpREJt4a2qexS0mE=",
"006633e3-e80c-4c0b-9453-6c4cd4cd1369","CPER_003.tickPlot.tck","D10","CPER","CPER_003","distributed","grasslandHerbaceous",40.819808,-104.707147,"WGS84",20.1,1625.7,0.1,"2018-03-23T16:06Z","CPER.2018.12",,,"drag",160,"N",0,0,0,,"NEON.DOC.014045vJ","K+tJSr1+vfbHsPtL/dLKMjFlKn3yOXeu44OlkjOHon8=",
"b0ef591e-47e9-4013-846c-79ef41a7fb6d","CPER_005.tickPlot.tck","D10","CPER","CPER_005","distributed","grasslandHerbaceous",40.852571,-104.726331,"WGS84",20.1,1662.6,0.1,"2018-03-23T16:49Z","CPER.2018.12",,,"drag and flag",148,"N",0,0,0,,"NEON.DOC.014045vJ","9piKDJvWVkAkhVxhhD7ruNlPpYfDpREJt4a2qexS0mE=",
"33d2d56a-f6e3-49c5-92db-b3c449d5fedf","CPER_007.tickPlot.tck","D10","CPER","CPER_007","distributed","grasslandHerbaceous",40.860878,-104.684952,"WGS84",20.1,1646.7,0.1,"2018-03-27T21:07Z","CPER.2018.13",,,"drag",160,"N",0,0,0,,"NEON.DOC.014045vJ","K+tJSr1+vfbHsPtL/dLKMjFlKn3yOXeu44OlkjOHon8=",
"ee6e940c-2df0-4c91-9b4d-9facf3de5bfe","CPER_001.tickPlot.tck","D10","CPER","CPER_001","distributed","grasslandHerbaceous",40.851012,-104.701302,"WGS84",20.1,1639.1,0.1,"2018-03-27T21:44Z","CPER.2018.13",,,"drag",160,"N",0,0,0,,"NEON.DOC.014045vJ","9piKDJvWVkAkhVxhhD7ruNlPpYfDpREJt4a2qexS0mE=",
