uid,namedLocation,domainID,siteID,plotID,plotType,nlcdClass,decimalLatitude,decimalLongitude,geodeticDatum,coordinateUncertainty,elevation,elevationUncertainty,collectDate,eventID,sampleID,sampleCode,samplingMethod,totalSampledArea,targetTaxaPresent,adultCount,nymphCount,larvaCount,sampleCondition,samplingProtocolVersion,measuredBy,remarks
"0bdde40e-8201-4db0-92e7-c44aedbacd15","SRER_006.tickPlot.tck","D14","SRER","SRER_006","distributed","shrubScrub",31.797005,-110.910555,"WGS84",20.1,1046.3,0.1,"2017-08-02T15:04Z","SRER.2017.32",,,"drag and flag",172,"N",0,0,0,"No known compromise","NEON.DOC.014045vH","5P9rmOp1P9qsXQarJJnM4rTn6gaFs3TLl2ehsbMRLi8=",
"8d3f15f4-417c-4f5a-b371-9b80a9415157","SRER_003.tickPlot.tck","D14","SRER","SRER_003","distributed","shrubScrub",31.840004,-110.915794,"WGS84",20.1,977.6,0.1,"2017-08-02T16:17Z","SRER.2017.32",,,"drag and flag",169,"N",0,0,0,,"NEON.DOC.014045vH","47fmII3dmbwIJec1dxdwyBiGTksx4UMrFdhMVXVxQHE=",
"d8bf9a3c-1a35-4ebf-a36c-92677df69549","SRER_008.tickPlot.tck","D14","SRER","SRER_008","distributed","shrubScrub",31.868129,-110.813836,"WGS84",20.1,1172.7,0.1,"2017-08-02T17:38Z","SRER.2017.32",,,"drag and flag",172,"N",0,0,0,"No known compromise","NEON.DOC.014045vH","47fmII3dmbwIJec1dxdwyBiGTksx4UMrFdhMVXVxQHE=",
"ea121dd8-e707-4544-b61b-da4d999a004b","SRER_007.tickPlot.tck","D14","SRER","SRER_007","distributed","shrubScrub",31.898810,-110.874149,"WGS84",20.1,934.9,0.1,"2017-08-28T15:35Z","SRER.2017.36",,,"drag and flag",170,"N",0,0,0,,"NEON.DOC.014045vH","u3HxlUyvicQZN3Mh3mzCP4F/ydRVnyGOI11eQPILJdg=",
"74d30c78-52dd-4f3b-ae64-c057dd0db5a3","SRER_004.tickPlot.tck","D14","SRER","SRER_004","distributed","shrubScrub",31.908022,-110.816123,"WGS84",20.0,1039.1,0.0,"2017-08-28T15:36Z","SRER.2017.36",,,"drag and flag",170,"N",0,0,0,,"NEON.DOC.014045vH","zN0aj0xTw7AIaNa9aVKX3zK98kS5EuZCt81qbW+nFv0=",
"9014e793-43cf-456c-8a6a-1d606e4e7c20","SRER_002.tickPlot.tck","D14","SRER","SRER_002","distributed","shrubScrub",31.871226,-110.855454,"WGS84",20.1,1032.1,0.1,"2017-08-28T17:24Z","SRER.2017.36",,,"drag and flag",168,"N",0,0,0,,"NEON.DOC.014045vH","zN0aj0xTw7AIaNa9aVKX3zK98kS5EuZCt81qbW+nFv0=",
"7fe157ac-1555-4ad8-a629-bd1b87b1a1bb","SRER_003.tickPlot.tck","D14","SRER","SRER_003","distributed","shrubScrub",31.840004,-110.915794,"WGS84",20.1,977.6,0.1,"2017-08-28T17:50Z","SRER.2017.36",,,"drag and flag",165,"N",0,0,0,,"NEON.DOC.014045vH","m3h4L7yw9sjYHsfELjQerJ1VehBDk9VOsmMYvrNsbko=",
"ab27909a-41f7-4b8a-94cd-4ac0e9f0d718","SRER_007.tickPlot.tck","D14","SRER","SRER_007","distributed","shrubScrub",31.898810,-110.874149,"WGS84",20.1,934.9,0.1,"2017-08-28T18:38Z","SRER.2017.36",,,"drag and flag",172,"N",0,0,0,,"NEON.DOC.014045vH","zN0aj0xTw7AIaNa9aVKX3zK98kS5EuZCt81qbW+nFv0=",
"485665e5-2590-48c2-ab69-859cd3d1862f","SRER_006.tickPlot.tck","D14","SRER","SRER_006","distributed","shrubScrub",31.797005,-110.910555,"WGS84",20.1,1046.3,0.1,"2017-08-28T19:29Z","SRER.2017.36",,,"drag and flag",164,"N",0,0,0,,"NEON.DOC.014045vH","u3HxlUyvicQZN3Mh3mzCP4F/ydRVnyGOI11eQPILJdg=",
