uid,namedLocation,date,domainID,siteID,plotID,plotType,nlcdClass,decimalLatitude,decimalLongitude,geodeticDatum,coordinateUncertainty,easting,northing,utmZone,elevation,elevationUncertainty,eventID,samplingProtocolVersion,treesPresent,treesAbsentList,shrubsPresent,shrubsAbsentList,lianasPresent,lianasAbsentList,nestedSubplotAreaShrubSapling,nestedSubplotAreaLiana,totalSampledAreaTrees,totalSampledAreaShrubSapling,totalSampledAreaLiana,remarks,measuredBy,recordedBy,dataQF
"fccf2925-e387-4cd0-bf2c-0d66cb784db0","ONAQ_043.basePlot.vst","2017-09-13","D15","ONAQ","ONAQ_043","tower","shrubScrub",40.173719,-112.456713,"WGS84",20.1,375968.82,4448055.89,"12N",1658.5,0.2,"vst_ONAQ_2017","NEON.DOC.000987vG",,,,,,,"10","noneSelected",400,80,400,,"9G96sOZHreW1zLx1Wn5Z/CXf862Qa/Lm","h2e+dqZwM1CN/9q2nlOIBjgtBkUZxrghCbZhws+SHWs=",
"89b80152-9c24-4615-86ce-dcfbce64d776","ONAQ_042.basePlot.vst","2017-09-13","D15","ONAQ","ONAQ_042","tower","shrubScrub",40.176672,-112.456784,"WGS84",20.1,375968.15,4448383.77,"12N",1664.2,0.1,"vst_ONAQ_2017","NEON.DOC.000987vG",,,,,,,"10","noneSelected",400,80,400,,"789xkq58z1GJuS14wfKvU8hTMuwfWaPhtmYGxFTQNkU=","bJ+RdJEEdT3Ewj2Yv+NqrULBTUGmFo8u8Kb0DCLriE0=",
"0eb1e8f2-b359-4c1b-95e5-6903a94c2e08","ONAQ_045.basePlot.vst","2017-09-14","D15","ONAQ","ONAQ_045","tower","grasslandHerbaceous",40.173199,-112.454237,"WGS84",10.1,376178.70,4447994.71,"12N",1653.3,0.1,"vst_ONAQ_2017","NEON.DOC.000987vG",,,,,,,"10","noneSelected",400,80,400,,"789xkq58z1GJuS14wfKvU8hTMuwfWaPhtmYGxFTQNkU=","h2e+dqZwM1CN/9q2nlOIBjgtBkUZxrghCbZhws+SHWs=",
"d204e759-5bef-4bc2-9835-236843e837c6","ONAQ_041.basePlot.vst","2017-09-14","D15","ONAQ","ONAQ_041","tower","shrubScrub",40.174020,-112.452841,"WGS84",20.1,376299.06,4448083.90,"12N",1651.0,0.1,"vst_ONAQ_2017","NEON.DOC.000987vG",,,,,,,"10","noneSelected",400,80,400,,"789xkq58z1GJuS14wfKvU8hTMuwfWaPhtmYGxFTQNkU=","h2e+dqZwM1CN/9q2nlOIBjgtBkUZxrghCbZhws+SHWs=",
"861ea9e9-1c51-4137-a1c9-94da4512a4fd","ONAQ_044.basePlot.vst","2017-09-18","D15","ONAQ","ONAQ_044","tower","shrubScrub",40.175365,-112.453933,"WGS84",20.1,376208.52,4448234.71,"12N",1655.4,0.2,"vst_ONAQ_2017","NEON.DOC.000987vG",,,,,,,"10","noneSelected",400,80,400,,"bJ+RdJEEdT3Ewj2Yv+NqrULBTUGmFo8u8Kb0DCLriE0=","9G96sOZHreW1zLx1Wn5Z/CXf862Qa/Lm",
"33b205f1-18c6-406e-b529-d51bcc5f672d","ONAQ_046.basePlot.vst","2017-09-18","D15","ONAQ","ONAQ_046","tower","shrubScrub",40.175373,-112.455002,"WGS84",10.1,376117.52,4448237.09,"12N",1657.9,0.1,"vst_ONAQ_2017","NEON.DOC.000987vG",,,,,,,"10","noneSelected",400,80,400,,"h2e+dqZwM1CN/9q2nlOIBjgtBkUZxrghCbZhws+SHWs=","xmOKbTaff7OATSHnt9Zvl9phka+pOkR3V15pr4OYSHk=",
"a55e56fb-4f42-45d3-b479-d0d1ef641f3b","ONAQ_047.basePlot.vst","2017-09-21","D15","ONAQ","ONAQ_047","tower","shrubScrub",40.175101,-112.452516,"WGS84",10.1,376328.70,4448203.43,"12N",1652.1,0.1,"vst_ONAQ_2017","NEON.DOC.000987vG","N",,"Y",,"N",,"10","noneSelected",400,80,400,,"bJ+RdJEEdT3Ewj2Yv+NqrULBTUGmFo8u8Kb0DCLriE0=","aWiYlv4RWOpRr3GIbMwbR8dK/HT7kxbpfqPk66ffpQ4=",
"1ca143e1-711b-419a-b329-f4626b5b3af8","ONAQ_048.basePlot.vst","2017-09-22","D15","ONAQ","ONAQ_048","tower","shrubScrub",40.176113,-112.458513,"WGS84",10.1,375819.92,4448324.14,"12N",1666.3,0.1,"vst_ONAQ_2017","NEON.DOC.000987vG",,,,,,,"10","noneSelected",400,80,400,,"aWiYlv4RWOpRr3GIbMwbR8dK/HT7kxbpfqPk66ffpQ4=","h2e+dqZwM1CN/9q2nlOIBjgtBkUZxrghCbZhws+SHWs=",
