uid,namedLocation,domainID,siteID,plotID,plotType,nlcdClass,decimalLatitude,decimalLongitude,geodeticDatum,coordinateUncertainty,elevation,elevationUncertainty,collectDate,eventID,sampleID,sampleCode,samplingMethod,totalSampledArea,targetTaxaPresent,adultCount,nymphCount,larvaCount,sampleCondition,samplingProtocolVersion,measuredBy,remarks
"b6d3baa7-9fb7-42aa-a9e5-2a15afa627a2","KONA_002.tickPlot.tck","D06","KONA","KONA_002","distributed","cultivatedCrops",39.114235,-96.638612,"WGS84",20.1,324.7,0.1,"2018-07-19T13:58Z","KONA.2018.29",,,"drag",160,"N",0,0,0,,"NEON.DOC.014045vJ","kkbwkCoDsA6KGEHVdDf/jWkh+6A9lNBAX0snNK7CGzQ=",
"bb2077db-4aa9-427a-8a76-7c2d0cf26a10","KONA_004.tickPlot.tck","D06","KONA","KONA_004","distributed","cultivatedCrops",39.125575,-96.637356,"WGS84",20.1,323.5,0.1,"2018-07-19T14:30Z","KONA.2018.29",,,"drag and flag",160,"N",0,0,0,,"NEON.DOC.014045vJ","kkbwkCoDsA6KGEHVdDf/jWkh+6A9lNBAX0snNK7CGzQ=",
"42db7953-c197-43fc-94b0-7709e84a5925","KONA_021.tickPlot.tck","D06","KONA","KONA_021","distributed","cultivatedCrops",39.125028,-96.643572,"WGS84",20.1,339.5,0.2,"2018-07-19T15:10Z","KONA.2018.29",,,"drag and flag",160,"N",0,0,0,,"NEON.DOC.014045vJ","kkbwkCoDsA6KGEHVdDf/jWkh+6A9lNBAX0snNK7CGzQ=",
"87dd3d27-4b09-4c25-8d69-4090039c7918","KONA_003.tickPlot.tck","D06","KONA","KONA_003","distributed","cultivatedCrops",39.214274,-96.600435,"WGS84",20.1,329.1,0.1,"2018-07-19T16:34Z","KONA.2018.29",,,"flag",160,"N",0,0,0,,"NEON.DOC.014045vJ","kkbwkCoDsA6KGEHVdDf/jWkh+6A9lNBAX0snNK7CGzQ=",
"dcc7bfef-04f2-48a5-903d-fbd5baf46b60","KONA_019.tickPlot.tck","D06","KONA","KONA_019","distributed","cultivatedCrops",39.211742,-96.590109,"WGS84",20.1,327.1,0.1,"2018-07-19T17:11Z","KONA.2018.29",,,"drag",160,"N",0,0,0,,"NEON.DOC.014045vJ","kkbwkCoDsA6KGEHVdDf/jWkh+6A9lNBAX0snNK7CGzQ=",
"e853da09-b6d2-4110-81c0-b688e46a1af2","KONA_024.tickPlot.tck","D06","KONA","KONA_024","distributed","cultivatedCrops",39.208663,-96.595138,"WGS84",20.1,329.1,0.1,"2018-07-19T17:43Z","KONA.2018.29",,,"drag",160,"N",0,0,0,,"NEON.DOC.014045vJ","kkbwkCoDsA6KGEHVdDf/jWkh+6A9lNBAX0snNK7CGzQ=",
