uid,namedLocation,domainID,siteID,plotID,plotType,nlcdClass,decimalLatitude,decimalLongitude,geodeticDatum,coordinateUncertainty,elevation,elevationUncertainty,collectDate,eventID,sampleID,sampleCode,samplingMethod,totalSampledArea,targetTaxaPresent,adultCount,nymphCount,larvaCount,sampleCondition,samplingProtocolVersion,measuredBy,remarks
"378d2765-9c69-4be5-aee7-a38f388c7b9f","SCBI_006.tickPlot.tck","D02","SCBI","SCBI_006","distributed","pastureHay",38.897080,-78.150277,"WGS84",20.1,277.1,0.1,"2018-07-09T15:59Z","SCBI.2018.28",,,"drag",168,"N",0,0,0,,"NEON.DOC.014045vJ","hEi02w1UuphkAeG8zIXrQDys8MgKlmeYk4EDJa1SRoY=",
"aa3b156a-853c-4695-ad4a-eee6a7b497f6","SCBI_039.tickPlot.tck","D02","SCBI","SCBI_039","distributed","pastureHay",38.896433,-78.166542,"WGS84",20.1,330.8,0.1,"2018-07-09T16:18Z","SCBI.2018.28","SCBI_039.20180709","A00000003323","drag",155,"Y",2,4,0,"No known compromise","NEON.DOC.014045vJ","ciinOn2RW7IuiYFzws3I7RiE3SCYtfO0vt+xtLe1Bko=",
"e4ddc94d-67b1-400c-9421-9dab3f2d8c93","SCBI_007.tickPlot.tck","D02","SCBI","SCBI_007","distributed","deciduousForest",38.886013,-78.129365,"WGS84",20.2,428.3,0.2,"2018-07-09T16:47Z","SCBI.2018.28","SCBI_007.20180709","A00000003267","drag and flag",145,"Y",1,3,0,"No known compromise","NEON.DOC.014045vJ","gUkNgXXWwVfyyvmNuuhPHfl+ngDS46AHNocWtty9mqU=","West side poles missing distances estimated"
"7c03a5e9-7c04-4e5c-974d-ec3d6b0cc1af","SCBI_005.tickPlot.tck","D02","SCBI","SCBI_005","distributed","deciduousForest",38.901859,-78.161940,"WGS84",20.2,263.6,0.3,"2018-07-09T17:13Z","SCBI.2018.28",,,"drag and flag",82,"N",0,0,0,"No known compromise","NEON.DOC.014045vJ","hEi02w1UuphkAeG8zIXrQDys8MgKlmeYk4EDJa1SRoY=",
"a5070b7a-1378-4b52-a181-3094e7e4bf62","SCBI_013.tickPlot.tck","D02","SCBI","SCBI_013","distributed","deciduousForest",38.873041,-78.163313,"WGS84",20.2,361.3,0.3,"2018-07-09T17:22Z","SCBI.2018.28","SCBI_013.20180709","A00000001615","drag",160,"Y",0,19,11,"No known compromise","NEON.DOC.014045vJ","y91HGrHLk0lZr/DPX16cTMD5ZLTOKHZ4wAmahG5mA10=",
"1568655b-0e40-4bee-a044-cf5e096f1d27","SCBI_002.tickPlot.tck","D02","SCBI","SCBI_002","distributed","deciduousForest",38.893863,-78.142704,"WGS84",20.2,327.7,0.2,"2018-07-09T18:04Z","SCBI.2018.28","SCBI_002.20180709","A00000002442","drag",160,"Y",2,10,0,"No known compromise","NEON.DOC.014045vJ","cJDN8FQ+G8BHe8OkvD5PMz1h/kcM7qXCzeFqTpXsSj4=",
"9e7021cd-6862-4eda-9cf6-4ea6989d03c0","SCBI_013.tickPlot.tck","D02","SCBI","SCBI_013","distributed","deciduousForest",38.873041,-78.163313,"WGS84",20.2,361.3,0.3,"2018-07-30T12:45Z","SCBI.2018.31","SCBI_013.20180730","A00000001365","drag and flag",165,"Y",1,5,3,"No known compromise","NEON.DOC.014045vJ","ciinOn2RW7IuiYFzws3I7RiE3SCYtfO0vt+xtLe1Bko=",
"d96894a1-8bac-42da-b6b4-5e42767bf8d1","SCBI_007.tickPlot.tck","D02","SCBI","SCBI_007","distributed","deciduousForest",38.886013,-78.129365,"WGS84",20.2,428.3,0.2,"2018-07-30T14:51Z","SCBI.2018.31","SCBI_007.20180730","A00000003076","drag and flag",112,"Y",0,7,0,"No known compromise","NEON.DOC.014045vJ","hEi02w1UuphkAeG8zIXrQDys8MgKlmeYk4EDJa1SRoY=",
"8a40eeb4-b3c7-44fa-a702-6e088183d6d6","SCBI_006.tickPlot.tck","D02","SCBI","SCBI_006","distributed","pastureHay",38.897080,-78.150277,"WGS84",20.1,277.1,0.1,"2018-07-31T02:26Z","SCBI.2018.31","SCBI_006.20180730","A00000003123","drag",155,"Y",0,2,1,"No known compromise","NEON.DOC.014045vJ","gUkNgXXWwVfyyvmNuuhPHfl+ngDS46AHNocWtty9mqU=",
"8dfdf933-81e9-4f5e-add4-c0fab78ded8d","SCBI_039.tickPlot.tck","D02","SCBI","SCBI_039","distributed","pastureHay",38.896433,-78.166542,"WGS84",20.1,330.8,0.1,"2018-07-31T03:03Z","SCBI.2018.31","SCBI_039.20180730","A00000003124","drag",160,"Y",1,2,0,"No known compromise","NEON.DOC.014045vJ","M7EpIfYzzITs8Y5PIRNBZjG1wPJDljoZp5tr4GwKmKc=",
