uid,namedLocation,plotID,collectDate,identifiedDate,sampleID,subsampleID,scientificName,acceptedTaxonID,taxonRank,family,subfamily,tribe,subtribe,genus,subgenus,specificEpithet,infraspecificEpithet,identificationQualifier,identificationReferences,identificationProtocolVersion,scientificNameAuthorship,sexOrAge,individualCount,sampleCondition,archiveMedium,archiveFacilityID,deprecatedVialID,identifiedBy,laboratoryName,remarks
"d76ee3b0-b627-4e9a-9ac0-530db72863fe","SCBI_039.tickPlot.tck","SCBI_039","2018-07-09T16:18Z","2018-09-20T16:00Z","SCBI_039.20180709","SCBI_039.20180709.DERVAR.F","Dermacentor variabilis","DERVAR","species","Ixodidae",,,,"Dermacentor",,"variabilis",,,"Yunker, C. E., Keirans, J. E., Clifford, C. M., and E. R. Easton. 1986. Dermacentor ticks (Acari: Ixodoidea: Ixodidae) of the New World: a scanning electron microscope atlas. Proceedings of the Entomological Society of Washington, 88(4):609-627.","GSU_tickIdentification_SOP_2016-11-01.pdf","Say","Female",2,"OK","90% ethanol","USNMENT01482312",,"Lorenza Beati","Georgia Southern University",
"d4c65e26-77ed-442e-96eb-3362ec080a7f","SCBI_039.tickPlot.tck","SCBI_039","2018-07-09T16:18Z","2018-09-20T16:00Z","SCBI_039.20180709","SCBI_039.20180709.DERVAR.M","Dermacentor variabilis","DERVAR","species","Ixodidae",,,,"Dermacentor",,"variabilis",,,"Yunker, C. E., Keirans, J. E., Clifford, C. M., and E. R. Easton. 1986. Dermacentor ticks (Acari: Ixodoidea: Ixodidae) of the New World: a scanning electron microscope atlas. Proceedings of the Entomological Society of Washington, 88(4):609-627.","GSU_tickIdentification_SOP_2016-11-01.pdf","Say","Male",1,"OK","90% ethanol","USNMENT01482246",,"Lorenza Beati","Georgia Southern University",
"728d4767-b6ce-44c1-98e8-8fa6b3ff9fab","SCBI_039.tickPlot.tck","SCBI_039","2018-07-09T16:18Z","2018-09-20T16:00Z","SCBI_039.20180709","SCBI_039.20180709.AMBAME.N","Amblyomma americanum","AMBAME","species","Ixodidae",,,,"Amblyomma",,"americanum",,,"Cooley, R. A. and G. M. Kohls. 1944. The genus Amblyomma (ixodidae) in the United States. The Journal of Parasitology, 30(2):77-111.","GSU_tickIdentification_SOP_2016-11-01.pdf","Linnaeus","Nymph",3,"OK","90% ethanol","USNMENT01482317",,"Lorenza Beati","Georgia Southern University",
"9aa66cca-e9c2-4f7a-bb91-811cbaf08502","SCBI_039.tickPlot.tck","SCBI_039","2018-07-09T16:18Z","2018-09-20T16:00Z","SCBI_039.20180709","SCBI_039.20180709.HAELON.N","Haemaphysalis longicornis","HAELON","species","Ixodidae",,,,"Haemaphysalis",,"longicornis",,,,"GSU_tickIdentification_SOP_2016-11-01.pdf",,"Nymph",1,"OK","90% ethanol","USNMENT01482286",,"Lorenza Beati","Georgia Southern University",
"26d7685a-179b-4741-8f63-cddee7f79efd","SCBI_007.tickPlot.tck","SCBI_007","2018-07-09T16:47Z","2018-09-20T16:00Z","SCBI_007.20180709","SCBI_007.20180709.DERVAR.M","Dermacentor variabilis","DERVAR","species","Ixodidae",,,,"Dermacentor",,"variabilis",,,"Yunker, C. E., Keirans, J. E., Clifford, C. M., and E. R. Easton. 1986. Dermacentor ticks (Acari: Ixodoidea: Ixodidae) of the New World: a scanning electron microscope atlas. Proceedings of the Entomological Society of Washington, 88(4):609-627.","GSU_tickIdentification_SOP_2016-11-01.pdf","Say","Male",1,"OK","90% ethanol","USNMENT01482340",,"Lorenza Beati","Georgia Southern University",
"7c7ba439-289e-405d-8eb8-957e2764da8a","SCBI_007.tickPlot.tck","SCBI_007","2018-07-09T16:47Z","2018-09-20T16:00Z","SCBI_007.20180709","SCBI_007.20180709.AMBAME.N","Amblyomma americanum","AMBAME","species","Ixodidae",,,,"Amblyomma",,"americanum",,,"Cooley, R. A. and G. M. Kohls. 1944. The genus Amblyomma (ixodidae) in the United States. The Journal of Parasitology, 30(2):77-111.","GSU_tickIdentification_SOP_2016-11-01.pdf","Linnaeus","Nymph",1,"OK","90% ethanol","USNMENT01482343",,"Lorenza Beati","Georgia Southern University",
"7239cc4d-c2af-428b-aca1-d8cd9d6a9b29","SCBI_007.tickPlot.tck","SCBI_007","2018-07-09T16:47Z","2018-09-20T16:00Z","SCBI_007.20180709","SCBI_007.20180709.IXOSCA.N","Ixodes scapularis","IXOSCA","species","Ixodidae",,,,"Ixodes",,"scapularis",,,"Cooley, R. A. and G. M. Kohls. 1945. The genus Ixodes in North America. National Institute of Health Bulletin, 184.","GSU_tickIdentification_SOP_2016-11-01.pdf","Say","Nymph",2,"OK","90% ethanol","USNMENT01482341",,"Lorenza Beati","Georgia Southern University",
"b979c56c-59d9-431a-9c91-f1dd1266efb4","SCBI_013.tickPlot.tck","SCBI_013","2018-07-09T17:22Z","2018-09-20T16:00Z","SCBI_013.20180709","SCBI_013.20180709.IXOSCA.N","Ixodes scapularis","IXOSCA","species","Ixodidae",,,,"Ixodes",,"scapularis",,,"Cooley, R. A. and G. M. Kohls. 1945. The genus Ixodes in North America. National Institute of Health Bulletin, 184.","GSU_tickIdentification_SOP_2016-11-01.pdf","Say","Nymph",8,"OK","90% ethanol","USNMENT01482039",,"Lorenza Beati","Georgia Southern University",
"9c3c474e-5c2f-4e4b-9334-5b9980d1c0ff","SCBI_013.tickPlot.tck","SCBI_013","2018-07-09T17:22Z","2018-09-20T16:00Z","SCBI_013.20180709","SCBI_013.20180709.L","Ixodida sp.","IXOSP2","order",,,,,,,"sp.",,,,"GSU_tickIdentification_SOP_2016-11-01.pdf",,"Larva",8,"OK","90% ethanol","USNMENT01482049",,"Lorenza Beati","Georgia Southern University",
"29825a48-1dd7-4d77-9819-dae38b94fb9e","SCBI_013.tickPlot.tck","SCBI_013","2018-07-09T17:22Z","2018-09-20T16:00Z","SCBI_013.20180709","SCBI_013.20180709.AMBAME.N","Amblyomma americanum","AMBAME","species","Ixodidae",,,,"Amblyomma",,"americanum",,,"Cooley, R. A. and G. M. Kohls. 1944. The genus Amblyomma (ixodidae) in the United States. The Journal of Parasitology, 30(2):77-111.","GSU_tickIdentification_SOP_2016-11-01.pdf","Linnaeus","Nymph",10,"OK","90% ethanol","USNMENT01482044",,"Lorenza Beati","Georgia Southern University",
"de54a4ba-4294-4587-be7c-9fe19ac987cd","SCBI_002.tickPlot.tck","SCBI_002","2018-07-09T18:04Z","2018-09-20T16:00Z","SCBI_002.20180709","SCBI_002.20180709.DERVAR.M","Dermacentor variabilis","DERVAR","species","Ixodidae",,,,"Dermacentor",,"variabilis",,,"Yunker, C. E., Keirans, J. E., Clifford, C. M., and E. R. Easton. 1986. Dermacentor ticks (Acari: Ixodoidea: Ixodidae) of the New World: a scanning electron microscope atlas. Proceedings of the Entomological Society of Washington, 88(4):609-627.","GSU_tickIdentification_SOP_2016-11-01.pdf","Say","Male",1,"OK","90% ethanol","USNMENT01482046",,"Lorenza Beati","Georgia Southern University",
"a1563219-1ac1-4ce9-bd64-1a80602e5a7e","SCBI_002.tickPlot.tck","SCBI_002","2018-07-09T18:04Z","2018-09-20T16:00Z","SCBI_002.20180709","SCBI_002.20180709.DERVAR.F","Dermacentor variabilis","DERVAR","species","Ixodidae",,,,"Dermacentor",,"variabilis",,,"Yunker, C. E., Keirans, J. E., Clifford, C. M., and E. R. Easton. 1986. Dermacentor ticks (Acari: Ixodoidea: Ixodidae) of the New World: a scanning electron microscope atlas. Proceedings of the Entomological Society of Washington, 88(4):609-627.","GSU_tickIdentification_SOP_2016-11-01.pdf","Say","Female",1,"OK","90% ethanol","USNMENT01482041",,"Lorenza Beati","Georgia Southern University",
"d959b853-83ec-4605-9561-5bcb5187e795","SCBI_002.tickPlot.tck","SCBI_002","2018-07-09T18:04Z","2018-09-20T16:00Z","SCBI_002.20180709","SCBI_002.20180709.AMBAME.N","Amblyomma americanum","AMBAME","species","Ixodidae",,,,"Amblyomma",,"americanum",,,"Cooley, R. A. and G. M. Kohls. 1944. The genus Amblyomma (ixodidae) in the United States. The Journal of Parasitology, 30(2):77-111.","GSU_tickIdentification_SOP_2016-11-01.pdf","Linnaeus","Nymph",10,"OK","90% ethanol","USNMENT01482051",,"Lorenza Beati","Georgia Southern University",
