uid,namedLocation,plotID,collectDate,identifiedDate,sampleID,subsampleID,scientificName,acceptedTaxonID,taxonRank,family,subfamily,tribe,subtribe,genus,subgenus,specificEpithet,infraspecificEpithet,identificationQualifier,identificationReferences,identificationProtocolVersion,scientificNameAuthorship,sexOrAge,individualCount,sampleCondition,archiveMedium,archiveFacilityID,deprecatedVialID,identifiedBy,laboratoryName,remarks
"9671a3e8-a9d5-4fe4-ae32-c5f343e38b0a","SERC_023.tickPlot.tck","SERC_023","2017-06-06T17:54Z","2018-01-30T17:00Z","SERC_023.20170606","SERC_023.20170606.AMBAME.N","Amblyomma americanum","AMBAME","species","Ixodidae",,,,"Amblyomma",,"americanum",,,"Cooley, R. A. and G. M. Kohls. 1944. The genus Amblyomma (ixodidae) in the United States. The Journal of Parasitology, 30(2):77-111.","GSU_tickIdentification_SOP_2016-11-01.pdf","Linnaeus","Nymph",3,"OK","90% ethanol","USNMENT01358409","SERC_023.20170606.AMBAME.N","Lorenza Beati","Georgia Southern University",
"0549226c-2372-4684-9576-30c5033412b5","SERC_001.tickPlot.tck","SERC_001","2017-06-06T18:26Z","2018-01-28T17:00Z","SERC_001.20170606","SERC_001.20170606.AMBAME.N","Amblyomma americanum","AMBAME","species","Ixodidae",,,,"Amblyomma",,"americanum",,,"Cooley, R. A. and G. M. Kohls. 1944. The genus Amblyomma (ixodidae) in the United States. The Journal of Parasitology, 30(2):77-111.","GSU_tickIdentification_SOP_2016-11-01.pdf","Linnaeus","Nymph",5,"OK","90% ethanol","USNMENT01358365","SERC_001.20170606.AMBAME.N","Lorenza Beati","Georgia Southern University",
"259bfc8d-6846-4037-af93-c4dc734fc99a","SERC_001.tickPlot.tck","SERC_001","2017-06-06T18:26Z","2018-01-28T17:00Z","SERC_001.20170606","SERC_001.20170606.IXOSCA.N","Ixodes scapularis","IXOSCA","species","Ixodidae",,,,"Ixodes",,"scapularis",,,"Cooley, R. A. and G. M. Kohls. 1945. The genus Ixodes in North America. National Institute of Health Bulletin, 184.","GSU_tickIdentification_SOP_2016-11-01.pdf","Say","Nymph",9,"OK","90% ethanol","USNMENT01358366","SERC_001.20170606.IXOSCA.N","Lorenza Beati","Georgia Southern University",
"fb8d7451-f9e1-424b-ab40-f8fe56e7e0e4","SERC_001.tickPlot.tck","SERC_001","2017-06-06T18:26Z","2018-01-28T17:00Z","SERC_001.20170606","SERC_001.20170606.AMBAME.F","Amblyomma americanum","AMBAME","species","Ixodidae",,,,"Amblyomma",,"americanum",,,"Cooley, R. A. and G. M. Kohls. 1944. The genus Amblyomma (ixodidae) in the United States. The Journal of Parasitology, 30(2):77-111.","GSU_tickIdentification_SOP_2016-11-01.pdf","Linnaeus","Female",2,"OK","90% ethanol","USNMENT01358364","SERC_001.20170606.AMBAME.F","Lorenza Beati","Georgia Southern University",
"82ed682c-b00d-4981-b98c-ff1e501dd984","SERC_012.tickPlot.tck","SERC_012","2017-06-06T19:36Z","2018-01-30T17:00Z","SERC_012.20170606","SERC_012.20170606.AMBAME.N","Amblyomma americanum","AMBAME","species","Ixodidae",,,,"Amblyomma",,"americanum",,,"Cooley, R. A. and G. M. Kohls. 1944. The genus Amblyomma (ixodidae) in the United States. The Journal of Parasitology, 30(2):77-111.","GSU_tickIdentification_SOP_2016-11-01.pdf","Linnaeus","Nymph",11,"OK","90% ethanol","USNMENT01358402","SERC_012.20170606.AMBAME.N","Lorenza Beati","Georgia Southern University",
"28a6818c-e981-466c-8351-cd7fe31d4de1","SERC_012.tickPlot.tck","SERC_012","2017-06-06T19:36Z","2018-01-30T17:00Z","SERC_012.20170606","SERC_012.20170606.IXOSCA.N","Ixodes scapularis","IXOSCA","species","Ixodidae",,,,"Ixodes",,"scapularis",,,"Cooley, R. A. and G. M. Kohls. 1945. The genus Ixodes in North America. National Institute of Health Bulletin, 184.","GSU_tickIdentification_SOP_2016-11-01.pdf","Say","Nymph",6,"OK","90% ethanol","USNMENT01358403","SERC_012.20170606.IXOSCA.N","Lorenza Beati","Georgia Southern University",
"562f76b8-fd1a-4415-ba20-a5dfff18af43","SERC_006.tickPlot.tck","SERC_006","2017-06-12T15:10Z","2018-01-30T17:00Z","SERC_006.20170612","SERC_006.20170612.AMBAME.N","Amblyomma americanum","AMBAME","species","Ixodidae",,,,"Amblyomma",,"americanum",,,"Cooley, R. A. and G. M. Kohls. 1944. The genus Amblyomma (ixodidae) in the United States. The Journal of Parasitology, 30(2):77-111.","GSU_tickIdentification_SOP_2016-11-01.pdf","Linnaeus","Nymph",20,"OK","90% ethanol","USNMENT01358396","SERC_006.20170612.AMBAME.N","Lorenza Beati","Georgia Southern University",
"17857d98-d23f-41c7-937e-9a44f5aeb29e","SERC_006.tickPlot.tck","SERC_006","2017-06-12T15:10Z","2018-01-30T17:00Z","SERC_006.20170612","SERC_006.20170612.IXOSCA.N","Ixodes scapularis","IXOSCA","species","Ixodidae",,,,"Ixodes",,"scapularis",,,"Cooley, R. A. and G. M. Kohls. 1945. The genus Ixodes in North America. National Institute of Health Bulletin, 184.","GSU_tickIdentification_SOP_2016-11-01.pdf","Say","Nymph",1,"OK","90% ethanol","USNMENT01358397","SERC_006.20170612.IXOSCA.N","Lorenza Beati","Georgia Southern University",
"7c8a8d32-9f35-486f-ad3d-b3d6cd30fd24","SERC_002.tickPlot.tck","SERC_002","2017-06-12T16:55Z","2018-01-10T17:00Z","SERC_002.20170612","SERC_002.20170612.AMBAME.F","Amblyomma americanum","AMBAME","species","Ixodidae",,,,"Amblyomma",,"americanum",,,"Cooley, R. A. and G. M. Kohls. 1944. The genus Amblyomma (ixodidae) in the United States. The Journal of Parasitology, 30(2):77-111.","GSU_tickIdentification_SOP_2016-11-01.pdf","Linnaeus","Female",3,"OK","90% ethanol","USNMENT01358377","SERC_002.20170612.AMBAME.F","Lorenza Beati","Georgia Southern University",
"7ab3ff8b-f0c1-44dc-bf61-76329d692e3d","SERC_002.tickPlot.tck","SERC_002","2017-06-12T16:55Z","2018-01-10T17:00Z","SERC_002.20170612","SERC_002.20170612.IXOSCA.N","Ixodes scapularis","IXOSCA","species","Ixodidae",,,,"Ixodes",,"scapularis",,,"Cooley, R. A. and G. M. Kohls. 1945. The genus Ixodes in North America. National Institute of Health Bulletin, 184.","GSU_tickIdentification_SOP_2016-11-01.pdf","Say","Nymph",25,"OK","90% ethanol","USNMENT01358379","SERC_002.20170612.IXOSCA.N","Lorenza Beati","Georgia Southern University","add RML"
"d4f1a868-234d-4dc5-874c-4e9b641dab7a","SERC_002.tickPlot.tck","SERC_002","2017-06-12T16:55Z","2018-01-10T17:00Z","SERC_002.20170612","SERC_002.20170612.AMBAME.N","Amblyomma americanum","AMBAME","species","Ixodidae",,,,"Amblyomma",,"americanum",,,"Cooley, R. A. and G. M. Kohls. 1944. The genus Amblyomma (ixodidae) in the United States. The Journal of Parasitology, 30(2):77-111.","GSU_tickIdentification_SOP_2016-11-01.pdf","Linnaeus","Nymph",27,"OK","90% ethanol","USNMENT01358376","SERC_002.20170612.AMBAME.N","Lorenza Beati","Georgia Southern University",
"ca3fd403-e6f4-411e-b053-f22b8e703c13","SERC_002.tickPlot.tck","SERC_002","2017-06-12T16:55Z","2018-01-10T17:00Z","SERC_002.20170612","SERC_002.20170612.AMBAME.M","Amblyomma americanum","AMBAME","species","Ixodidae",,,,"Amblyomma",,"americanum",,,"Cooley, R. A. and G. M. Kohls. 1944. The genus Amblyomma (ixodidae) in the United States. The Journal of Parasitology, 30(2):77-111.","GSU_tickIdentification_SOP_2016-11-01.pdf","Linnaeus","Male",3,"OK","90% ethanol","USNMENT01358378","SERC_002.20170612.AMBAME.M","Lorenza Beati","Georgia Southern University","TO PAULA"
"557b7a7a-cfed-40f3-b88f-ee668483624a","SERC_005.tickPlot.tck","SERC_005","2017-06-12T18:33Z","2018-01-14T17:00Z","SERC_005.20170612","SERC_005.20170612.IXOSCA.N","Ixodes scapularis","IXOSCA","species","Ixodidae",,,,"Ixodes",,"scapularis",,,"Cooley, R. A. and G. M. Kohls. 1945. The genus Ixodes in North America. National Institute of Health Bulletin, 184.","GSU_tickIdentification_SOP_2016-11-01.pdf","Say","Nymph",7,"OK","90% ethanol","USNMENT01358389","SERC_005.20170612.IXOSCA.N","Lorenza Beati","Georgia Southern University",
"a33840a6-f724-4809-84ad-fdb09b24ab97","SERC_005.tickPlot.tck","SERC_005","2017-06-12T18:33Z","2018-01-14T17:00Z","SERC_005.20170612","SERC_005.20170612.AMBAME.N","Amblyomma americanum","AMBAME","species","Ixodidae",,,,"Amblyomma",,"americanum",,,"Cooley, R. A. and G. M. Kohls. 1944. The genus Amblyomma (ixodidae) in the United States. The Journal of Parasitology, 30(2):77-111.","GSU_tickIdentification_SOP_2016-11-01.pdf","Linnaeus","Nymph",28,"OK","90% ethanol","USNMENT01358390","SERC_005.20170612.AMBAME.N","Lorenza Beati","Georgia Southern University",
"faaee92e-f79a-4c6c-a61c-092b428d36f6","SERC_001.tickPlot.tck","SERC_001","2017-06-28T15:00Z","2018-01-10T17:00Z","SERC_001.20170628","SERC_001.20170628.IXOSCA.N","Ixodes scapularis","IXOSCA","species","Ixodidae",,,,"Ixodes",,"scapularis",,,"Cooley, R. A. and G. M. Kohls. 1945. The genus Ixodes in North America. National Institute of Health Bulletin, 184.","GSU_tickIdentification_SOP_2016-11-01.pdf","Say","Nymph",1,"OK","90% ethanol","USNMENT01358369","SERC_001.20170628.IXOSCA.N","Lorenza Beati","Georgia Southern University",
"715b994e-5d8b-41f5-aa27-c774889c55c7","SERC_001.tickPlot.tck","SERC_001","2017-06-28T15:00Z","2018-01-10T17:00Z","SERC_001.20170628","SERC_001.20170628.AMBAME.M","Amblyomma americanum","AMBAME","species","Ixodidae",,,,"Amblyomma",,"americanum",,,"Cooley, R. A. and G. M. Kohls. 1944. The genus Amblyomma (ixodidae) in the United States. The Journal of Parasitology, 30(2):77-111.","GSU_tickIdentification_SOP_2016-11-01.pdf","Linnaeus","Male",1,"OK","90% ethanol","USNMENT01358368","SERC_001.20170628.AMBAME.M","Lorenza Beati","Georgia Southern University","TO PAULA"
"0519cf66-a2a5-40bf-8733-0908f9632f97","SERC_001.tickPlot.tck","SERC_001","2017-06-28T15:00Z","2017-08-10T16:00Z","SERC_001.20170628","SERC_001.20170628.IXOSP.L","Ixodidae sp.","IXOSP","family","Ixodidae",,,,,,"sp.",,,,"GSU_tickIdentification_SOP_2016-11-01.pdf",,"Larva",1,"OK","90% ethanol","USNMENT01358371","SERC_001.20170628.L","Guy Hobbs","Georgia Southern University",
"f3a5354c-a214-48ee-b194-f4ef8b6a6b2b","SERC_001.tickPlot.tck","SERC_001","2017-06-28T15:00Z","2018-01-10T17:00Z","SERC_001.20170628","SERC_001.20170628.AMBAME.N","Amblyomma americanum","AMBAME","species","Ixodidae",,,,"Amblyomma",,"americanum",,,"Cooley, R. A. and G. M. Kohls. 1944. The genus Amblyomma (ixodidae) in the United States. The Journal of Parasitology, 30(2):77-111.","GSU_tickIdentification_SOP_2016-11-01.pdf","Linnaeus","Nymph",6,"OK","90% ethanol","USNMENT01358370","SERC_001.20170628.AMBAME.N","Lorenza Beati","Georgia Southern University",
"80f24811-a02d-4896-bc55-47c37136e6da","SERC_001.tickPlot.tck","SERC_001","2017-06-28T15:00Z","2018-01-10T17:00Z","SERC_001.20170628","SERC_001.20170628.DERVAR.M","Dermacentor variabilis","DERVAR","species","Ixodidae",,,,"Dermacentor",,"variabilis",,,"Yunker, C. E., Keirans, J. E., Clifford, C. M., and E. R. Easton. 1986. Dermacentor ticks (Acari: Ixodoidea: Ixodidae) of the New World: a scanning electron microscope atlas. Proceedings of the Entomological Society of Washington, 88(4):609-627.","GSU_tickIdentification_SOP_2016-11-01.pdf","Say","Male",1,"OK","90% ethanol","USNMENT01358367","SERC_001.20170628.DERVAR.M","Lorenza Beati","Georgia Southern University","add RML TO PAULA"
"759a6134-86cb-47b0-a6e1-4e725e2cbfa4","SERC_006.tickPlot.tck","SERC_006","2017-06-29T16:04Z","2017-08-30T16:00Z","SERC_006.20170629","SERC_006.20170629.IXOSP.L","Ixodidae sp.","IXOSP","family","Ixodidae",,,,,,"sp.",,,,"GSU_tickIdentification_SOP_2016-11-01.pdf",,"Larva",1,"OK","90% ethanol","USNMENT01358399","SERC_006.20170629.L","Guy Hobbs","Georgia Southern University",
"7997b1ca-458a-488f-97c5-dfd82d5cda21","SERC_006.tickPlot.tck","SERC_006","2017-06-29T16:04Z","2018-01-30T17:00Z","SERC_006.20170629","SERC_006.20170629.AMBAME.N","Amblyomma americanum","AMBAME","species","Ixodidae",,,,"Amblyomma",,"americanum",,,"Cooley, R. A. and G. M. Kohls. 1944. The genus Amblyomma (ixodidae) in the United States. The Journal of Parasitology, 30(2):77-111.","GSU_tickIdentification_SOP_2016-11-01.pdf","Linnaeus","Nymph",4,"OK","90% ethanol","USNMENT01358398","SERC_006.20170629.AMBAME.N","Lorenza Beati","Georgia Southern University",
"d9e1ab53-3c01-4f84-9096-a4f2f4fc125b","SERC_012.tickPlot.tck","SERC_012","2017-06-29T21:15Z","2018-01-30T17:00Z","SERC_012.20170629","SERC_012.20170629.AMBAME.N","Amblyomma americanum","AMBAME","species","Ixodidae",,,,"Amblyomma",,"americanum",,,"Cooley, R. A. and G. M. Kohls. 1944. The genus Amblyomma (ixodidae) in the United States. The Journal of Parasitology, 30(2):77-111.","GSU_tickIdentification_SOP_2016-11-01.pdf","Linnaeus","Nymph",6,"OK","90% ethanol","USNMENT01358404","SERC_012.20170629.AMBAME.N","Lorenza Beati","Georgia Southern University",
"bcdde0c1-d4c6-4ae1-afaa-8dd33b53b2b0","SERC_012.tickPlot.tck","SERC_012","2017-06-29T21:15Z","2017-08-30T16:00Z","SERC_012.20170629","SERC_012.20170629.IXOSP.L","Ixodidae sp.","IXOSP","family","Ixodidae",,,,,,"sp.",,,,"GSU_tickIdentification_SOP_2016-11-01.pdf",,"Larva",1,"OK","90% ethanol","USNMENT01358406","SERC_012.20170629.L","Guy Hobbs","Georgia Southern University",
"83450bbd-93a7-4709-9c15-988a44df186b","SERC_012.tickPlot.tck","SERC_012","2017-06-29T21:15Z","2018-01-30T17:00Z","SERC_012.20170629","SERC_012.20170629.IXOSCA.N","Ixodes scapularis","IXOSCA","species","Ixodidae",,,,"Ixodes",,"scapularis",,,"Cooley, R. A. and G. M. Kohls. 1945. The genus Ixodes in North America. National Institute of Health Bulletin, 184.","GSU_tickIdentification_SOP_2016-11-01.pdf","Say","Nymph",1,"OK","90% ethanol","USNMENT01358405","SERC_012.20170629.IXOSCA.N","Lorenza Beati","Georgia Southern University",
"1a955dd1-6363-4f01-88d0-77324a2e241f","SERC_005.tickPlot.tck","SERC_005","2017-06-30T12:09Z","2018-01-30T17:00Z","SERC_005.20170630","SERC_005.20170630.AMBAME.N","Amblyomma americanum","AMBAME","species","Ixodidae",,,,"Amblyomma",,"americanum",,,"Cooley, R. A. and G. M. Kohls. 1944. The genus Amblyomma (ixodidae) in the United States. The Journal of Parasitology, 30(2):77-111.","GSU_tickIdentification_SOP_2016-11-01.pdf","Linnaeus","Nymph",7,"OK","90% ethanol","USNMENT01358391","SERC_005.20170630.AMBAME.N","Lorenza Beati","Georgia Southern University",
"607ec84f-b3f3-4850-95b5-b171876fb7de","SERC_005.tickPlot.tck","SERC_005","2017-06-30T12:09Z","2018-01-30T17:00Z","SERC_005.20170630","SERC_005.20170630.IXOSCA.N","Ixodes scapularis","IXOSCA","species","Ixodidae",,,,"Ixodes",,"scapularis",,,"Cooley, R. A. and G. M. Kohls. 1945. The genus Ixodes in North America. National Institute of Health Bulletin, 184.","GSU_tickIdentification_SOP_2016-11-01.pdf","Say","Nymph",1,"OK","90% ethanol","USNMENT01358392","SERC_005.20170630.IXOSCA.N","Lorenza Beati","Georgia Southern University",
"22b9f329-e32a-4097-9447-b7c8b4dba91f","SERC_005.tickPlot.tck","SERC_005","2017-06-30T12:09Z","2017-08-30T16:00Z","SERC_005.20170630","SERC_005.20170630.IXOSP.L","Ixodidae sp.","IXOSP","family","Ixodidae",,,,,,"sp.",,,,"GSU_tickIdentification_SOP_2016-11-01.pdf",,"Larva",1,"OK","90% ethanol","USNMENT01358393","SERC_005.20170630.L","Guy Hobbs","Georgia Southern University",
"6291c73e-3fb2-4b64-a7de-33b27bcc9aff","SERC_002.tickPlot.tck","SERC_002","2017-06-30T13:14Z","2018-01-10T17:00Z","SERC_002.20170630","SERC_002.20170630.AMBAME.N","Amblyomma americanum","AMBAME","species","Ixodidae",,,,"Amblyomma",,"americanum",,,"Cooley, R. A. and G. M. Kohls. 1944. The genus Amblyomma (ixodidae) in the United States. The Journal of Parasitology, 30(2):77-111.","GSU_tickIdentification_SOP_2016-11-01.pdf","Linnaeus","Nymph",14,"OK","90% ethanol","USNMENT01358380","SERC_002.20170630.AMBAME.N","Lorenza Beati","Georgia Southern University",
"08f95f9e-94b2-4ba0-b4d6-452f7c492590","SERC_002.tickPlot.tck","SERC_002","2017-06-30T13:14Z","2018-01-10T17:00Z","SERC_002.20170630","SERC_002.20170630.IXOSCA.N","Ixodes scapularis","IXOSCA","species","Ixodidae",,,,"Ixodes",,"scapularis",,,"Cooley, R. A. and G. M. Kohls. 1945. The genus Ixodes in North America. National Institute of Health Bulletin, 184.","GSU_tickIdentification_SOP_2016-11-01.pdf","Say","Nymph",2,"OK","90% ethanol","USNMENT01358381","SERC_002.20170630.IXOSCA.N","Lorenza Beati","Georgia Southern University",
"c01cd465-8747-4236-81e8-8f82d5628cbe","SERC_002.tickPlot.tck","SERC_002","2017-06-30T13:14Z","2017-08-11T16:00Z","SERC_002.20170630","SERC_002.20170630.IXOSP.L","Ixodidae sp.","IXOSP","family","Ixodidae",,,,,,"sp.",,,,"GSU_tickIdentification_SOP_2016-11-01.pdf",,"Larva",1,"OK","90% ethanol","USNMENT01358384","SERC_002.20170630.L","Guy Hobbs","Georgia Southern University",
"0b988f54-3b2f-4865-838c-9af7af5d25fe","SERC_002.tickPlot.tck","SERC_002","2017-06-30T13:14Z","2018-01-10T17:00Z","SERC_002.20170630","SERC_002.20170630.AMBAME.F","Amblyomma americanum","AMBAME","species","Ixodidae",,,,"Amblyomma",,"americanum",,,"Cooley, R. A. and G. M. Kohls. 1944. The genus Amblyomma (ixodidae) in the United States. The Journal of Parasitology, 30(2):77-111.","GSU_tickIdentification_SOP_2016-11-01.pdf","Linnaeus","Female",4,"OK","90% ethanol","USNMENT01358383","SERC_002.20170630.AMBAME.F","Lorenza Beati","Georgia Southern University",
"62b14b53-12b2-4265-a57b-9de2537c4949","SERC_002.tickPlot.tck","SERC_002","2017-06-30T13:14Z","2018-01-10T17:00Z","SERC_002.20170630","SERC_002.20170630.DERVAR.F","Dermacentor variabilis","DERVAR","species","Ixodidae",,,,"Dermacentor",,"variabilis",,,"Yunker, C. E., Keirans, J. E., Clifford, C. M., and E. R. Easton. 1986. Dermacentor ticks (Acari: Ixodoidea: Ixodidae) of the New World: a scanning electron microscope atlas. Proceedings of the Entomological Society of Washington, 88(4):609-627.","GSU_tickIdentification_SOP_2016-11-01.pdf","Say","Female",1,"OK","90% ethanol","USNMENT01358382","SERC_002.20170630.DERVAR.F","Lorenza Beati","Georgia Southern University","TO PAULA"
