uid,namedLocation,date,eventID,domainID,siteID,plotID,subplotID,individualID,tagStatus,growthForm,plantStatus,stemDiameter,measurementHeight,height,baseCrownHeight,breakHeight,breakDiameter,maxCrownDiameter,ninetyCrownDiameter,canopyPosition,shape,basalStemDiameter,basalStemDiameterMsrmntHeight,maxBaseCrownDiameter,ninetyBaseCrownDiameter,remarks,recordedBy,measuredBy,dataQF
"e46128cc-ea96-4033-a39c-5c84b7adbb18","MOAB_025.basePlot.vst","2018-08-23","vst_MOAB_2018","D13","MOAB","MOAB_025",,"NEON.PLA.D13.MOAB.00621","ok","small shrub","Live",,,0.8,,,,1.7,1.2,,"oblate half-sphere",5.7,10,,,,"789xkq58z1GJuS14wfKvU8hTMuwfWaPhtmYGxFTQNkU=","tlMoIdYkoo6J0NCfwaeRp2677UdhrAJ0FDolN8MuE/0=",
"bd3444c5-b782-495a-9a75-7d4322733774","MOAB_025.basePlot.vst","2018-08-23","vst_MOAB_2018","D13","MOAB","MOAB_025",,"NEON.PLA.D13.MOAB.00618","ok","small shrub","Live",,,1.2,,,,1.7,1.5,,"oblate half-sphere",9.2,10,,,,"789xkq58z1GJuS14wfKvU8hTMuwfWaPhtmYGxFTQNkU=","tlMoIdYkoo6J0NCfwaeRp2677UdhrAJ0FDolN8MuE/0=",
"5463cb2a-e566-4942-b460-c5eddd6eb42f","MOAB_025.basePlot.vst","2018-08-23","vst_MOAB_2018","D13","MOAB","MOAB_025",,"NEON.PLA.D13.MOAB.00627","ok","small shrub","Live",,,0.8,,,,1.0,0.9,,"half-sphere",2.2,10,,,,"789xkq58z1GJuS14wfKvU8hTMuwfWaPhtmYGxFTQNkU=","tlMoIdYkoo6J0NCfwaeRp2677UdhrAJ0FDolN8MuE/0=",
"ed4681e9-21c0-40ca-9601-9cbd7af49806","MOAB_025.basePlot.vst","2018-08-23","vst_MOAB_2018","D13","MOAB","MOAB_025",,"NEON.PLA.D13.MOAB.00623","ok","small shrub","Live, physically damaged",,,1.6,,,,2.7,1.8,,"oblate half-sphere",6.8,10,,,"Top is broken off.","789xkq58z1GJuS14wfKvU8hTMuwfWaPhtmYGxFTQNkU=","tlMoIdYkoo6J0NCfwaeRp2677UdhrAJ0FDolN8MuE/0=",
"5076388e-ab91-400c-892a-39b88d6bdc67","MOAB_025.basePlot.vst","2018-08-23","vst_MOAB_2018","D13","MOAB","MOAB_025",,"NEON.PLA.D13.MOAB.00598","ok","sapling","Live",,,1.0,,,,,,,,2.3,10,,,,"789xkq58z1GJuS14wfKvU8hTMuwfWaPhtmYGxFTQNkU=","tlMoIdYkoo6J0NCfwaeRp2677UdhrAJ0FDolN8MuE/0=",
"d2294f8e-2197-470f-93d0-52f3519ebdb8","MOAB_025.basePlot.vst","2018-08-23","vst_MOAB_2018","D13","MOAB","MOAB_025",,"NEON.PLA.D13.MOAB.00589","ok","small tree","Live, disease damaged",2.9,130,2.6,,,,1.4,1.2,,,,,,,"Blisters","789xkq58z1GJuS14wfKvU8hTMuwfWaPhtmYGxFTQNkU=","tlMoIdYkoo6J0NCfwaeRp2677UdhrAJ0FDolN8MuE/0=",
"fccce2c6-8db0-4427-9856-d363993f466e","MOAB_025.basePlot.vst","2018-08-23","vst_MOAB_2018","D13","MOAB","MOAB_025",,"NEON.PLA.D13.MOAB.00588","ok","small tree","Live, disease damaged",2.3,130,1.0,,,,1.4,1.2,,,,,,,"Blisters; growing decumbent","789xkq58z1GJuS14wfKvU8hTMuwfWaPhtmYGxFTQNkU=","tlMoIdYkoo6J0NCfwaeRp2677UdhrAJ0FDolN8MuE/0=",
"1f89fb04-76e6-4afd-9710-c3e917e8b1c4","MOAB_025.basePlot.vst","2018-08-23","vst_MOAB_2018","D13","MOAB","MOAB_025",,"NEON.PLA.D13.MOAB.00582","ok","single bole tree","Live, disease damaged",12.8,130,3.2,,,,3.0,1.6,"Partially shaded",,,,,,"Mistletoe","789xkq58z1GJuS14wfKvU8hTMuwfWaPhtmYGxFTQNkU=","tlMoIdYkoo6J0NCfwaeRp2677UdhrAJ0FDolN8MuE/0=",
"2e99e947-dd52-4acd-aef4-c558241e5250","MOAB_025.basePlot.vst","2018-08-23","vst_MOAB_2018","D13","MOAB","MOAB_025",,"NEON.PLA.D13.MOAB.00586A","ok","multi-bole tree","Standing dead",14.9,130,1.6,,,,3.2,2.2,"Open grown",,,,,,,"789xkq58z1GJuS14wfKvU8hTMuwfWaPhtmYGxFTQNkU=","tlMoIdYkoo6J0NCfwaeRp2677UdhrAJ0FDolN8MuE/0=",
"507fbf4f-f85b-4a0e-843d-344a09522465","MOAB_025.basePlot.vst","2018-08-23","vst_MOAB_2018","D13","MOAB","MOAB_025",,"NEON.PLA.D13.MOAB.00628","ok","small shrub","Live",,,1.3,,,,1.8,1.8,,"half-sphere",2.1,10,,,,"789xkq58z1GJuS14wfKvU8hTMuwfWaPhtmYGxFTQNkU=","tlMoIdYkoo6J0NCfwaeRp2677UdhrAJ0FDolN8MuE/0=",
"5d1883ad-abeb-495f-adef-ce5ecb16808b","MOAB_025.basePlot.vst","2018-08-23","vst_MOAB_2018","D13","MOAB","MOAB_025",,"NEON.PLA.D13.MOAB.00583","ok","small shrub","Standing dead",,,1.1,,,,1.8,0.7,,"oblate half-sphere",5.3,10,,,,"789xkq58z1GJuS14wfKvU8hTMuwfWaPhtmYGxFTQNkU=","tlMoIdYkoo6J0NCfwaeRp2677UdhrAJ0FDolN8MuE/0=",
"32c201a2-776d-4774-8b60-c808c4987aac","MOAB_025.basePlot.vst","2018-08-23","vst_MOAB_2018","D13","MOAB","MOAB_025",,"NEON.PLA.D13.MOAB.00628","ok","small shrub","Live",,,1.3,,,,1.8,1.8,,"half-sphere",3.0,10,,,,"789xkq58z1GJuS14wfKvU8hTMuwfWaPhtmYGxFTQNkU=","tlMoIdYkoo6J0NCfwaeRp2677UdhrAJ0FDolN8MuE/0=",
"c44fb8a5-bd57-46e0-8112-11a73bc1a280","MOAB_025.basePlot.vst","2018-08-23","vst_MOAB_2018","D13","MOAB","MOAB_025",,"NEON.PLA.D13.MOAB.00583","ok","small shrub","Standing dead",,,1.1,,,,1.8,0.7,,"oblate half-sphere",4.8,10,,,,"789xkq58z1GJuS14wfKvU8hTMuwfWaPhtmYGxFTQNkU=","tlMoIdYkoo6J0NCfwaeRp2677UdhrAJ0FDolN8MuE/0=",
"42cabf46-66a6-48cf-b362-b0d69bdd0dc9","MOAB_025.basePlot.vst","2018-08-23","vst_MOAB_2018","D13","MOAB","MOAB_025",,"NEON.PLA.D13.MOAB.00572","ok","small tree","Live, disease damaged",3.3,130,2.5,,,,1.4,0.8,,,,,,,"Blisters","789xkq58z1GJuS14wfKvU8hTMuwfWaPhtmYGxFTQNkU=","tlMoIdYkoo6J0NCfwaeRp2677UdhrAJ0FDolN8MuE/0=",
"4ddc447e-e1d0-4e77-b44e-103b9d50dd3e","MOAB_025.basePlot.vst","2018-08-23","vst_MOAB_2018","D13","MOAB","MOAB_025",,"NEON.PLA.D13.MOAB.00596","ok","small shrub","Live",,,1.2,,,,1.8,1.8,,"oblate half-sphere",4.2,10,,,,"789xkq58z1GJuS14wfKvU8hTMuwfWaPhtmYGxFTQNkU=","tlMoIdYkoo6J0NCfwaeRp2677UdhrAJ0FDolN8MuE/0=",
"203b8f6d-56c0-4e22-bb7c-f6b502a8964e","MOAB_025.basePlot.vst","2018-08-23","vst_MOAB_2018","D13","MOAB","MOAB_025",,"NEON.PLA.D13.MOAB.00605","ok","small shrub","Standing dead",,,0.8,,,,1.3,0.8,,"half-sphere",1.8,10,,,,"789xkq58z1GJuS14wfKvU8hTMuwfWaPhtmYGxFTQNkU=","tlMoIdYkoo6J0NCfwaeRp2677UdhrAJ0FDolN8MuE/0=",
"e64e7e5b-e84f-4599-97bc-612a164be587","MOAB_025.basePlot.vst","2018-08-23","vst_MOAB_2018","D13","MOAB","MOAB_025",,"NEON.PLA.D13.MOAB.00625","ok","small shrub","Live",,,0.9,,,,1.2,0.7,,"half-sphere",1.4,10,,,,"789xkq58z1GJuS14wfKvU8hTMuwfWaPhtmYGxFTQNkU=","tlMoIdYkoo6J0NCfwaeRp2677UdhrAJ0FDolN8MuE/0=",
"56ee61de-4128-4483-96a6-fab747bf66fa","MOAB_025.basePlot.vst","2018-08-23","vst_MOAB_2018","D13","MOAB","MOAB_025",,"NEON.PLA.D13.MOAB.00609","ok","small shrub","Standing dead",,,0.8,,,,1.0,1.0,,"half-sphere",2.3,10,,,,"789xkq58z1GJuS14wfKvU8hTMuwfWaPhtmYGxFTQNkU=","tlMoIdYkoo6J0NCfwaeRp2677UdhrAJ0FDolN8MuE/0=",
"abb21f76-23d5-4e30-95a6-5d280914791a","MOAB_025.basePlot.vst","2018-08-23","vst_MOAB_2018","D13","MOAB","MOAB_025",,"NEON.PLA.D13.MOAB.00571","ok","sapling","Live",,,1.0,,,,,,,,2.6,40,,,,"789xkq58z1GJuS14wfKvU8hTMuwfWaPhtmYGxFTQNkU=","tlMoIdYkoo6J0NCfwaeRp2677UdhrAJ0FDolN8MuE/0=",
"59d4e1ba-140a-4471-9653-f8248d0956d5","MOAB_025.basePlot.vst","2018-08-23","vst_MOAB_2018","D13","MOAB","MOAB_025",,"NEON.PLA.D13.MOAB.00577","ok","single shrub","Live",6.8,130,2.7,,,,2.4,1.5,,"inverted cone",16.0,10,0.90,0.40,,"789xkq58z1GJuS14wfKvU8hTMuwfWaPhtmYGxFTQNkU=","tlMoIdYkoo6J0NCfwaeRp2677UdhrAJ0FDolN8MuE/0=",
"8940c8e8-3c76-4a44-9296-6cf4098f1dab","MOAB_025.basePlot.vst","2018-08-23","vst_MOAB_2018","D13","MOAB","MOAB_025",,"NEON.PLA.D13.MOAB.00596","ok","small shrub","Standing dead",,,1.2,,,,1.8,1.8,,"oblate half-sphere",1.7,10,,,,"789xkq58z1GJuS14wfKvU8hTMuwfWaPhtmYGxFTQNkU=","tlMoIdYkoo6J0NCfwaeRp2677UdhrAJ0FDolN8MuE/0=",
"878d9042-d93b-428b-9bbc-cf147d050cec","MOAB_025.basePlot.vst","2018-08-23","vst_MOAB_2018","D13","MOAB","MOAB_025",,"NEON.PLA.D13.MOAB.00586","ok","multi-bole tree","Live",15.0,130,1.6,,,,3.2,2.2,"Open grown",,,,,,,"789xkq58z1GJuS14wfKvU8hTMuwfWaPhtmYGxFTQNkU=","tlMoIdYkoo6J0NCfwaeRp2677UdhrAJ0FDolN8MuE/0=",
"1d664e27-862e-49f0-bf32-22055a3132f0","MOAB_025.basePlot.vst","2018-08-23","vst_MOAB_2018","D13","MOAB","MOAB_025",,"NEON.PLA.D13.MOAB.00565","ok","sapling","Live",,,1.2,,,,,,,,7.2,10,,,,"789xkq58z1GJuS14wfKvU8hTMuwfWaPhtmYGxFTQNkU=","tlMoIdYkoo6J0NCfwaeRp2677UdhrAJ0FDolN8MuE/0=",
"512be8e6-ab54-46cb-9c1c-d559ae786ea7","MOAB_025.basePlot.vst","2018-08-23","vst_MOAB_2018","D13","MOAB","MOAB_025",,"NEON.PLA.D13.MOAB.00611","ok","small shrub","Live",,,0.8,0.5,,,1.7,1.0,,"ellipsoid or sphere",7.5,10,,,,"789xkq58z1GJuS14wfKvU8hTMuwfWaPhtmYGxFTQNkU=","tlMoIdYkoo6J0NCfwaeRp2677UdhrAJ0FDolN8MuE/0=",
"7c9aa25d-c385-458d-86da-cb1cb9f3cbbc","MOAB_025.basePlot.vst","2018-08-23","vst_MOAB_2018","D13","MOAB","MOAB_025",,"NEON.PLA.D13.MOAB.00623","ok","small shrub","Live, physically damaged",,,1.6,,,,2.7,1.8,,"oblate half-sphere",10.2,10,,,"Top is broken off.","789xkq58z1GJuS14wfKvU8hTMuwfWaPhtmYGxFTQNkU=","tlMoIdYkoo6J0NCfwaeRp2677UdhrAJ0FDolN8MuE/0=",
"62b78147-bd9e-4564-987d-96c5cccb501c","MOAB_025.basePlot.vst","2018-08-23","vst_MOAB_2018","D13","MOAB","MOAB_025",,"NEON.PLA.D13.MOAB.00580","ok","sapling","Standing dead",,,1.1,,,,,,,,5.8,10,,,,"789xkq58z1GJuS14wfKvU8hTMuwfWaPhtmYGxFTQNkU=","tlMoIdYkoo6J0NCfwaeRp2677UdhrAJ0FDolN8MuE/0=",
"eb189788-7e6a-4a2e-b8b3-6b57d32f9566","MOAB_025.basePlot.vst","2018-08-23","vst_MOAB_2018","D13","MOAB","MOAB_025",,"NEON.PLA.D13.MOAB.00601","ok","small shrub","Standing dead",,,0.8,,,,1.4,1.3,,"oblate half-sphere",3.4,10,,,,"789xkq58z1GJuS14wfKvU8hTMuwfWaPhtmYGxFTQNkU=","tlMoIdYkoo6J0NCfwaeRp2677UdhrAJ0FDolN8MuE/0=",
"f9ff278a-e8e9-4ce8-a391-a6c7edc38a76","MOAB_025.basePlot.vst","2018-08-23","vst_MOAB_2018","D13","MOAB","MOAB_025",,"NEON.PLA.D13.MOAB.00600","ok","multi-bole tree","Standing dead",15.3,130,2.1,,,,5.0,2.3,"Partially shaded",,,,,,,"789xkq58z1GJuS14wfKvU8hTMuwfWaPhtmYGxFTQNkU=","tlMoIdYkoo6J0NCfwaeRp2677UdhrAJ0FDolN8MuE/0=",
"a3cf2efd-ff52-4ede-b8d4-42879803b8e9","MOAB_025.basePlot.vst","2018-08-23","vst_MOAB_2018","D13","MOAB","MOAB_025",,"NEON.PLA.D13.MOAB.00603","ok","sapling","Live, disease damaged",,,0.9,,,,,,,,2.5,10,,,"Blisters","789xkq58z1GJuS14wfKvU8hTMuwfWaPhtmYGxFTQNkU=","tlMoIdYkoo6J0NCfwaeRp2677UdhrAJ0FDolN8MuE/0=",
"edc12157-6ca6-4834-b247-4fc123578089","MOAB_025.basePlot.vst","2018-08-23","vst_MOAB_2018","D13","MOAB","MOAB_025",,"NEON.PLA.D13.MOAB.00576","ok","sapling","Standing dead",,,0.4,,,,,,,,1.8,10,,,,"789xkq58z1GJuS14wfKvU8hTMuwfWaPhtmYGxFTQNkU=","tlMoIdYkoo6J0NCfwaeRp2677UdhrAJ0FDolN8MuE/0=",
"324c733e-48ef-46df-8d80-705a94cccee3","MOAB_025.basePlot.vst","2018-08-23","vst_MOAB_2018","D13","MOAB","MOAB_025",,"NEON.PLA.D13.MOAB.00625","ok","small shrub","Live",,,0.9,,,,1.2,0.7,,"half-sphere",1.6,10,,,,"789xkq58z1GJuS14wfKvU8hTMuwfWaPhtmYGxFTQNkU=","tlMoIdYkoo6J0NCfwaeRp2677UdhrAJ0FDolN8MuE/0=",
"5a9ac73b-cc9e-421d-8d3f-7ac2d7c8ce5a","MOAB_025.basePlot.vst","2018-08-23","vst_MOAB_2018","D13","MOAB","MOAB_025",,"NEON.PLA.D13.MOAB.00617","ok","small shrub","Standing dead",,,0.9,,,,1.2,1.1,,"half-sphere",5.4,10,,,,"789xkq58z1GJuS14wfKvU8hTMuwfWaPhtmYGxFTQNkU=","tlMoIdYkoo6J0NCfwaeRp2677UdhrAJ0FDolN8MuE/0=",
"a13eedae-751e-4d58-8585-c96b59190e32","MOAB_025.basePlot.vst","2018-08-23","vst_MOAB_2018","D13","MOAB","MOAB_025",,"NEON.PLA.D13.MOAB.00607","ok","small shrub","Standing dead",,,0.4,0.1,,,0.3,0.3,,"ellipsoid or sphere",3.1,10,,,,"789xkq58z1GJuS14wfKvU8hTMuwfWaPhtmYGxFTQNkU=","tlMoIdYkoo6J0NCfwaeRp2677UdhrAJ0FDolN8MuE/0=",
"ee2abbc9-9e90-4551-b437-aa1eefa69fd4","MOAB_025.basePlot.vst","2018-08-23","vst_MOAB_2018","D13","MOAB","MOAB_025",,"NEON.PLA.D13.MOAB.00615","ok","sapling","Live",,,0.5,,,,,,,,2.0,10,,,,"789xkq58z1GJuS14wfKvU8hTMuwfWaPhtmYGxFTQNkU=","tlMoIdYkoo6J0NCfwaeRp2677UdhrAJ0FDolN8MuE/0=",
"1c70760d-d83b-49b7-b5be-3e20d0ff69e4","MOAB_025.basePlot.vst","2018-08-23","vst_MOAB_2018","D13","MOAB","MOAB_025",,"NEON.PLA.D13.MOAB.00574","ok","small tree","Live, disease damaged",4.9,130,3.1,,,,3.1,1.4,,,,,,,"Blisters","789xkq58z1GJuS14wfKvU8hTMuwfWaPhtmYGxFTQNkU=","tlMoIdYkoo6J0NCfwaeRp2677UdhrAJ0FDolN8MuE/0=",
"ca4c894d-82fd-4048-b396-9c9ef506da4e","MOAB_025.basePlot.vst","2018-08-23","vst_MOAB_2018","D13","MOAB","MOAB_025",,"NEON.PLA.D13.MOAB.00622","ok",,"Lost, presumed dead",,,,,,,,,,,,,,,"Could not locate plant or tag.","789xkq58z1GJuS14wfKvU8hTMuwfWaPhtmYGxFTQNkU=","tlMoIdYkoo6J0NCfwaeRp2677UdhrAJ0FDolN8MuE/0=",
"1ffb5641-c08f-483f-8723-e1413e48acb6","MOAB_025.basePlot.vst","2018-08-23","vst_MOAB_2018","D13","MOAB","MOAB_025",,"NEON.PLA.D13.MOAB.00583","ok","small shrub","Standing dead",,,1.1,,,,1.8,0.7,,"oblate half-sphere",5.0,10,,,,"789xkq58z1GJuS14wfKvU8hTMuwfWaPhtmYGxFTQNkU=","tlMoIdYkoo6J0NCfwaeRp2677UdhrAJ0FDolN8MuE/0=",
"85adfc55-66c4-4c8f-963a-f36d5fc0429f","MOAB_025.basePlot.vst","2018-08-23","vst_MOAB_2018","D13","MOAB","MOAB_025",,"NEON.PLA.D13.MOAB.00595","ok","sapling","Live",,,0.9,,,,,,,,1.7,10,,,,"789xkq58z1GJuS14wfKvU8hTMuwfWaPhtmYGxFTQNkU=","tlMoIdYkoo6J0NCfwaeRp2677UdhrAJ0FDolN8MuE/0=",
"76b1786b-42c7-404e-b930-f7a9d1e2b540","MOAB_025.basePlot.vst","2018-08-23","vst_MOAB_2018","D13","MOAB","MOAB_025",,"NEON.PLA.D13.MOAB.00594","ok","single bole tree","Live, disease damaged",10.0,130,2.2,,,,3.0,2.0,"Partially shaded",,,,,,"Blisters","789xkq58z1GJuS14wfKvU8hTMuwfWaPhtmYGxFTQNkU=","tlMoIdYkoo6J0NCfwaeRp2677UdhrAJ0FDolN8MuE/0=",
"61887d48-2029-4d8e-923e-dc98d46bf5b8","MOAB_025.basePlot.vst","2018-08-23","vst_MOAB_2018","D13","MOAB","MOAB_025",,"NEON.PLA.D13.MOAB.00596","ok","small shrub","Standing dead",,,1.2,,,,1.8,1.8,,"oblate half-sphere",2.8,10,,,,"789xkq58z1GJuS14wfKvU8hTMuwfWaPhtmYGxFTQNkU=","tlMoIdYkoo6J0NCfwaeRp2677UdhrAJ0FDolN8MuE/0=",
"f1b6a952-b2d5-400a-ab16-88370733c881","MOAB_025.basePlot.vst","2018-08-23","vst_MOAB_2018","D13","MOAB","MOAB_025",,"NEON.PLA.D13.MOAB.00564","ok","small tree","Live, disease damaged",3.9,130,2.3,,,,2.5,1.9,,,,,,,"Mistletoe","789xkq58z1GJuS14wfKvU8hTMuwfWaPhtmYGxFTQNkU=","tlMoIdYkoo6J0NCfwaeRp2677UdhrAJ0FDolN8MuE/0=",
"496e5f28-b4db-415d-a151-6724e2b6bb6d","MOAB_025.basePlot.vst","2018-08-23","vst_MOAB_2018","D13","MOAB","MOAB_025",,"NEON.PLA.D13.MOAB.00628","ok","small shrub","Live",,,1.3,,,,1.8,1.8,,"half-sphere",3.4,10,,,,"789xkq58z1GJuS14wfKvU8hTMuwfWaPhtmYGxFTQNkU=","tlMoIdYkoo6J0NCfwaeRp2677UdhrAJ0FDolN8MuE/0=",
"44a8ee4a-7e83-4ecb-908c-6ec711f9dc4d","MOAB_025.basePlot.vst","2018-08-23","vst_MOAB_2018","D13","MOAB","MOAB_025",,"NEON.PLA.D13.MOAB.00587","ok","small tree","Live, disease damaged",3.3,130,2.3,,,,0.9,0.6,,,,,,,"Blisters","789xkq58z1GJuS14wfKvU8hTMuwfWaPhtmYGxFTQNkU=","tlMoIdYkoo6J0NCfwaeRp2677UdhrAJ0FDolN8MuE/0=",
"515ed3e9-9674-4000-b9af-b1c6ab3c4bcb","MOAB_025.basePlot.vst","2018-08-23","vst_MOAB_2018","D13","MOAB","MOAB_025",,"NEON.PLA.D13.MOAB.00623","ok","small shrub","Live",,,1.6,,,,2.7,1.8,,"oblate half-sphere",10.3,10,,,,"789xkq58z1GJuS14wfKvU8hTMuwfWaPhtmYGxFTQNkU=","tlMoIdYkoo6J0NCfwaeRp2677UdhrAJ0FDolN8MuE/0=",
"e50b98d2-9f11-424d-b9af-4262e7c6d617","MOAB_025.basePlot.vst","2018-08-23","vst_MOAB_2018","D13","MOAB","MOAB_025",,"NEON.PLA.D13.MOAB.00586C","ok","multi-bole tree","Standing dead",5.6,130,1.6,,,,3.2,2.2,"Open grown",,,,,,,"789xkq58z1GJuS14wfKvU8hTMuwfWaPhtmYGxFTQNkU=","tlMoIdYkoo6J0NCfwaeRp2677UdhrAJ0FDolN8MuE/0=",
"265172b8-2350-4301-a8b7-46feb392566d","MOAB_025.basePlot.vst","2018-08-23","vst_MOAB_2018","D13","MOAB","MOAB_025",,"NEON.PLA.D13.MOAB.00621","ok","small shrub","Live",,,0.8,,,,1.7,1.2,,"oblate half-sphere",6.9,10,,,,"789xkq58z1GJuS14wfKvU8hTMuwfWaPhtmYGxFTQNkU=","tlMoIdYkoo6J0NCfwaeRp2677UdhrAJ0FDolN8MuE/0=",
"45663f31-acd2-4919-b69d-78f23fc918a8","MOAB_025.basePlot.vst","2018-08-23","vst_MOAB_2018","D13","MOAB","MOAB_025",,"NEON.PLA.D13.MOAB.00624","ok","small shrub","Live",,,1.2,,,,0.8,0.8,,"oblate half-sphere",4.8,10,,,,"789xkq58z1GJuS14wfKvU8hTMuwfWaPhtmYGxFTQNkU=","tlMoIdYkoo6J0NCfwaeRp2677UdhrAJ0FDolN8MuE/0=",
"63b7b78a-574c-470f-bda4-06cfb3f580e8","MOAB_025.basePlot.vst","2018-08-23","vst_MOAB_2018","D13","MOAB","MOAB_025",,"NEON.PLA.D13.MOAB.00619","ok","sapling","Live",,,0.9,,,,,,,,2.9,10,,,,"789xkq58z1GJuS14wfKvU8hTMuwfWaPhtmYGxFTQNkU=","tlMoIdYkoo6J0NCfwaeRp2677UdhrAJ0FDolN8MuE/0=",
"a6f2361b-b829-4199-9105-1b4fa86f643f","MOAB_025.basePlot.vst","2018-08-23","vst_MOAB_2018","D13","MOAB","MOAB_025",,"NEON.PLA.D13.MOAB.00628","ok","small shrub","Live",,,1.3,,,,1.8,1.8,,"half-sphere",1.9,10,,,,"789xkq58z1GJuS14wfKvU8hTMuwfWaPhtmYGxFTQNkU=","tlMoIdYkoo6J0NCfwaeRp2677UdhrAJ0FDolN8MuE/0=",
"7cc4de13-0298-4c6d-b144-3c5006814e77","MOAB_025.basePlot.vst","2018-08-23","vst_MOAB_2018","D13","MOAB","MOAB_025",,"NEON.PLA.D13.MOAB.00614A","ok","multi-bole tree","Standing dead",19.0,130,2.1,,,,3.3,1.8,"Partially shaded",,,,,,,"789xkq58z1GJuS14wfKvU8hTMuwfWaPhtmYGxFTQNkU=","tlMoIdYkoo6J0NCfwaeRp2677UdhrAJ0FDolN8MuE/0=",
"bcb6cf4f-a3db-4b80-8ed2-f9d16b493d54","MOAB_025.basePlot.vst","2018-08-23","vst_MOAB_2018","D13","MOAB","MOAB_025",,"NEON.PLA.D13.MOAB.00566","ok","multi-bole tree","Live, physically damaged",13.4,175,3.8,,,,5.2,2.9,"Full sun",,,,,,"Woodpeckers","789xkq58z1GJuS14wfKvU8hTMuwfWaPhtmYGxFTQNkU=","tlMoIdYkoo6J0NCfwaeRp2677UdhrAJ0FDolN8MuE/0=",
"5b13f906-fe6d-4411-abfd-9980337ba530","MOAB_025.basePlot.vst","2018-08-23","vst_MOAB_2018","D13","MOAB","MOAB_025",,"NEON.PLA.D13.MOAB.00569","ok","sapling","Standing dead",,,0.4,,,,,,,,3.5,10,,,,"789xkq58z1GJuS14wfKvU8hTMuwfWaPhtmYGxFTQNkU=","tlMoIdYkoo6J0NCfwaeRp2677UdhrAJ0FDolN8MuE/0=",
"8995e7fd-30a2-4165-864d-ed93c6fd3ea6","MOAB_025.basePlot.vst","2018-08-23","vst_MOAB_2018","D13","MOAB","MOAB_025",,"NEON.PLA.D13.MOAB.00574","ok","small tree","Live, disease damaged",6.0,130,3.1,,,,3.1,1.4,,,,,,,"Blisters","789xkq58z1GJuS14wfKvU8hTMuwfWaPhtmYGxFTQNkU=","tlMoIdYkoo6J0NCfwaeRp2677UdhrAJ0FDolN8MuE/0=",
"631e2c98-5df8-4042-983e-c64e1c39223c","MOAB_025.basePlot.vst","2018-08-23","vst_MOAB_2018","D13","MOAB","MOAB_025",,"NEON.PLA.D13.MOAB.00604","ok","small shrub","Live",,,1.5,0.1,,,2.0,1.9,,"ellipsoid or sphere",10.1,10,,,,"789xkq58z1GJuS14wfKvU8hTMuwfWaPhtmYGxFTQNkU=","tlMoIdYkoo6J0NCfwaeRp2677UdhrAJ0FDolN8MuE/0=",
"0d87478e-73e8-4edf-b18a-705db3eda6bc","MOAB_025.basePlot.vst","2018-08-23","vst_MOAB_2018","D13","MOAB","MOAB_025",,"NEON.PLA.D13.MOAB.00628","ok","small shrub","Live",,,1.3,,,,1.8,1.8,,"half-sphere",2.8,10,,,,"789xkq58z1GJuS14wfKvU8hTMuwfWaPhtmYGxFTQNkU=","tlMoIdYkoo6J0NCfwaeRp2677UdhrAJ0FDolN8MuE/0=",
"a7c468e3-ffd2-4287-b556-1397056a4ffe","MOAB_025.basePlot.vst","2018-08-23","vst_MOAB_2018","D13","MOAB","MOAB_025",,"NEON.PLA.D13.MOAB.00592","ok","single bole tree","Live, disease damaged",17.6,130,2.7,,,,10.0,2.1,"Partially shaded",,,,,,"Blisters:","789xkq58z1GJuS14wfKvU8hTMuwfWaPhtmYGxFTQNkU=","tlMoIdYkoo6J0NCfwaeRp2677UdhrAJ0FDolN8MuE/0=",
"dce15e19-a933-4c6b-b824-dd1ebf06a8b2","MOAB_025.basePlot.vst","2018-08-23","vst_MOAB_2018","D13","MOAB","MOAB_025",,"NEON.PLA.D13.MOAB.00628","ok","small shrub","Live",,,1.3,,,,1.8,1.8,,"half-sphere",2.8,10,,,,"789xkq58z1GJuS14wfKvU8hTMuwfWaPhtmYGxFTQNkU=","tlMoIdYkoo6J0NCfwaeRp2677UdhrAJ0FDolN8MuE/0=",
"ef7d27d5-4651-47c2-a346-5b351f9584c8","MOAB_025.basePlot.vst","2018-08-23","vst_MOAB_2018","D13","MOAB","MOAB_025",,"NEON.PLA.D13.MOAB.00567","ok","sapling","Live, disease damaged",,,0.3,,,,,,,,2.1,10,,,"Many blisters; completely decumbant","789xkq58z1GJuS14wfKvU8hTMuwfWaPhtmYGxFTQNkU=","tlMoIdYkoo6J0NCfwaeRp2677UdhrAJ0FDolN8MuE/0=",
"d2101f73-cf45-4ca4-a11b-f40160e93189","MOAB_025.basePlot.vst","2018-08-23","vst_MOAB_2018","D13","MOAB","MOAB_025",,"NEON.PLA.D13.MOAB.00578B","ok","multi-bole tree","Live",5.0,130,2.7,,,,3.2,2.3,"Partially shaded",,,,,,,"789xkq58z1GJuS14wfKvU8hTMuwfWaPhtmYGxFTQNkU=","tlMoIdYkoo6J0NCfwaeRp2677UdhrAJ0FDolN8MuE/0=",
"0f21d60b-1934-4d95-93da-4cc39e717103","MOAB_025.basePlot.vst","2018-08-23","vst_MOAB_2018","D13","MOAB","MOAB_025",,"NEON.PLA.D13.MOAB.00601","ok","small shrub","Standing dead",,,0.8,,,,1.4,1.3,,"oblate half-sphere",2.4,10,,,,"789xkq58z1GJuS14wfKvU8hTMuwfWaPhtmYGxFTQNkU=","tlMoIdYkoo6J0NCfwaeRp2677UdhrAJ0FDolN8MuE/0=",
"e336cfb9-2649-4acc-8103-2a66020ba8d7","MOAB_025.basePlot.vst","2018-08-23","vst_MOAB_2018","D13","MOAB","MOAB_025",,"NEON.PLA.D13.MOAB.00626","ok","small shrub","Live",,,0.8,,,,1.1,0.8,,"half-sphere",1.6,11,,,,"789xkq58z1GJuS14wfKvU8hTMuwfWaPhtmYGxFTQNkU=","tlMoIdYkoo6J0NCfwaeRp2677UdhrAJ0FDolN8MuE/0=",
"d9226fe1-3214-4b27-8a14-a69518e01da8","MOAB_025.basePlot.vst","2018-08-23","vst_MOAB_2018","D13","MOAB","MOAB_025",,"NEON.PLA.D13.MOAB.00610","ok","small tree","Live, disease damaged",6.1,130,2.4,,,,1.9,1.8,,,,,,,"Blisters","789xkq58z1GJuS14wfKvU8hTMuwfWaPhtmYGxFTQNkU=","tlMoIdYkoo6J0NCfwaeRp2677UdhrAJ0FDolN8MuE/0=",
"e18bf74c-76bd-4397-97c6-8e06ade7c6ea","MOAB_025.basePlot.vst","2018-08-23","vst_MOAB_2018","D13","MOAB","MOAB_025",,"NEON.PLA.D13.MOAB.00614","ok","multi-bole tree","Live",10.8,130,2.1,,,,3.3,1.8,"Partially shaded",,,,,,,"789xkq58z1GJuS14wfKvU8hTMuwfWaPhtmYGxFTQNkU=","tlMoIdYkoo6J0NCfwaeRp2677UdhrAJ0FDolN8MuE/0=",
"d810b922-afd7-4c87-8c22-30fca2d0ac83","MOAB_025.basePlot.vst","2018-08-23","vst_MOAB_2018","D13","MOAB","MOAB_025",,"NEON.PLA.D13.MOAB.00620","ok","small shrub","Live",,,1.0,,,,2.0,2.0,,"oblate half-sphere",4.5,10,,,,"789xkq58z1GJuS14wfKvU8hTMuwfWaPhtmYGxFTQNkU=","tlMoIdYkoo6J0NCfwaeRp2677UdhrAJ0FDolN8MuE/0=",
"46440a3f-b614-446a-84ff-86a246f7e3a5","MOAB_025.basePlot.vst","2018-08-23","vst_MOAB_2018","D13","MOAB","MOAB_025",,"NEON.PLA.D13.MOAB.00601","ok","small shrub","Standing dead",,,0.8,,,,1.4,1.3,,"oblate half-sphere",5.7,10,,,,"789xkq58z1GJuS14wfKvU8hTMuwfWaPhtmYGxFTQNkU=","tlMoIdYkoo6J0NCfwaeRp2677UdhrAJ0FDolN8MuE/0=",
"3fed1606-191d-4665-a0cb-b7517c718c19","MOAB_025.basePlot.vst","2018-08-23","vst_MOAB_2018","D13","MOAB","MOAB_025",,"NEON.PLA.D13.MOAB.00599","ok","small shrub","Live",,,0.9,0.1,,,1.9,1.3,,"ellipsoid or sphere",17.5,10,,,,"789xkq58z1GJuS14wfKvU8hTMuwfWaPhtmYGxFTQNkU=","tlMoIdYkoo6J0NCfwaeRp2677UdhrAJ0FDolN8MuE/0=",
"b54243f6-c744-4964-8584-a8f588bef0af","MOAB_025.basePlot.vst","2018-08-23","vst_MOAB_2018","D13","MOAB","MOAB_025",,"NEON.PLA.D13.MOAB.00575","ok","small shrub","Live",,,1.4,0.5,,,1.6,0.6,,"ellipsoid or sphere",6.4,10,,,,"789xkq58z1GJuS14wfKvU8hTMuwfWaPhtmYGxFTQNkU=","tlMoIdYkoo6J0NCfwaeRp2677UdhrAJ0FDolN8MuE/0=",
"698c8671-306e-4160-bcaa-fcb68190e715","MOAB_025.basePlot.vst","2018-08-23","vst_MOAB_2018","D13","MOAB","MOAB_025",,"NEON.PLA.D13.MOAB.00579","ok","sapling","Live, disease damaged",,,1.2,,,,,,,,3.4,10,,,"Blisters","789xkq58z1GJuS14wfKvU8hTMuwfWaPhtmYGxFTQNkU=","tlMoIdYkoo6J0NCfwaeRp2677UdhrAJ0FDolN8MuE/0=",
"a56bc34d-9c7e-4c51-8a87-c070c8cdf686","MOAB_025.basePlot.vst","2018-08-23","vst_MOAB_2018","D13","MOAB","MOAB_025",,"NEON.PLA.D13.MOAB.00602","ok","small tree","Live, disease damaged",6.2,130,2.6,,,,1.7,1.6,,,,,,,"Blisters","789xkq58z1GJuS14wfKvU8hTMuwfWaPhtmYGxFTQNkU=","tlMoIdYkoo6J0NCfwaeRp2677UdhrAJ0FDolN8MuE/0=",
"627ded15-b1a8-4639-8332-046ebab10d61","MOAB_025.basePlot.vst","2018-08-23","vst_MOAB_2018","D13","MOAB","MOAB_025",,"NEON.PLA.D13.MOAB.00608","ok","sapling","Live",,,0.4,,,,,,,,1.3,10,,,,"789xkq58z1GJuS14wfKvU8hTMuwfWaPhtmYGxFTQNkU=","tlMoIdYkoo6J0NCfwaeRp2677UdhrAJ0FDolN8MuE/0=",
"5dc2da13-1a47-4a23-a8fc-0e679a5e24e1","MOAB_025.basePlot.vst","2018-08-23","vst_MOAB_2018","D13","MOAB","MOAB_025",,"NEON.PLA.D13.MOAB.00570","ok","small tree","Live",4.5,130,2.3,,,,2.9,2.3,,,,,,,,"789xkq58z1GJuS14wfKvU8hTMuwfWaPhtmYGxFTQNkU=","tlMoIdYkoo6J0NCfwaeRp2677UdhrAJ0FDolN8MuE/0=",
"cab73a4e-a55c-46ce-8a90-7a3059396de0","MOAB_025.basePlot.vst","2018-08-23","vst_MOAB_2018","D13","MOAB","MOAB_025",,"NEON.PLA.D13.MOAB.00566A","ok","multi-bole tree","Live, physically damaged",11.4,130,3.8,,,,5.2,2.9,"Full sun",,,,,,"Woodpeckers","789xkq58z1GJuS14wfKvU8hTMuwfWaPhtmYGxFTQNkU=","tlMoIdYkoo6J0NCfwaeRp2677UdhrAJ0FDolN8MuE/0=",
"242c4ae3-0af4-4abf-93ea-b4f742bdb68a","MOAB_025.basePlot.vst","2018-08-23","vst_MOAB_2018","D13","MOAB","MOAB_025",,"NEON.PLA.D13.MOAB.00593","ok","single bole tree","Live, disease damaged",9.8,130,2.6,,,,4.0,2.0,"Partially shaded",,,,,,"Blisters","789xkq58z1GJuS14wfKvU8hTMuwfWaPhtmYGxFTQNkU=","tlMoIdYkoo6J0NCfwaeRp2677UdhrAJ0FDolN8MuE/0=",
"21b87209-f1f6-49c1-92f1-a2b96601f12f","MOAB_025.basePlot.vst","2018-08-23","vst_MOAB_2018","D13","MOAB","MOAB_025",,"NEON.PLA.D13.MOAB.00570","ok","small tree","Live",4.2,130,2.3,,,,2.9,2.3,,,,,,,,"789xkq58z1GJuS14wfKvU8hTMuwfWaPhtmYGxFTQNkU=","tlMoIdYkoo6J0NCfwaeRp2677UdhrAJ0FDolN8MuE/0=",
"bbad9f28-e737-4d22-87c1-1d509e0beb2a","MOAB_025.basePlot.vst","2018-08-23","vst_MOAB_2018","D13","MOAB","MOAB_025",,"NEON.PLA.D13.MOAB.00613","ok","small tree","Live, disease damaged",5.3,130,2.5,,,,2.0,2.0,,,,,,,"Blisters","789xkq58z1GJuS14wfKvU8hTMuwfWaPhtmYGxFTQNkU=","tlMoIdYkoo6J0NCfwaeRp2677UdhrAJ0FDolN8MuE/0=",
"5d8adc2f-73f1-4fcd-b8ff-21da401f3f67","MOAB_025.basePlot.vst","2018-08-23","vst_MOAB_2018","D13","MOAB","MOAB_025",,"NEON.PLA.D13.MOAB.00612","ok","small shrub","Live",,,1.2,0.1,,,1.2,0.7,,"ellipsoid or sphere",6.6,10,,,,"789xkq58z1GJuS14wfKvU8hTMuwfWaPhtmYGxFTQNkU=","tlMoIdYkoo6J0NCfwaeRp2677UdhrAJ0FDolN8MuE/0=",
"e1934170-e06d-4b79-a687-9ed1fc76114e","MOAB_025.basePlot.vst","2018-08-23","vst_MOAB_2018","D13","MOAB","MOAB_025",,"NEON.PLA.D13.MOAB.00616","ok","small tree","Live, disease damaged",9.0,130,1.6,,,,2.2,1.9,,,,,,,"Blisters","789xkq58z1GJuS14wfKvU8hTMuwfWaPhtmYGxFTQNkU=","tlMoIdYkoo6J0NCfwaeRp2677UdhrAJ0FDolN8MuE/0=",
"ee5d3d7d-783f-4c0a-a6c2-f644feff5070","MOAB_025.basePlot.vst","2018-08-23","vst_MOAB_2018","D13","MOAB","MOAB_025",,"NEON.PLA.D13.MOAB.00621","ok","small shrub","Live",,,0.8,,,,1.7,1.2,,"oblate half-sphere",7.1,10,,,,"789xkq58z1GJuS14wfKvU8hTMuwfWaPhtmYGxFTQNkU=","tlMoIdYkoo6J0NCfwaeRp2677UdhrAJ0FDolN8MuE/0=",
"7b1f2aaa-7e43-4da2-b37d-4a903a968602","MOAB_025.basePlot.vst","2018-08-23","vst_MOAB_2018","D13","MOAB","MOAB_025",,"NEON.PLA.D13.MOAB.00609","ok","small shrub","Standing dead",,,0.8,,,,1.0,1.0,,"half-sphere",2.2,10,,,,"789xkq58z1GJuS14wfKvU8hTMuwfWaPhtmYGxFTQNkU=","tlMoIdYkoo6J0NCfwaeRp2677UdhrAJ0FDolN8MuE/0=",
"5ee97276-9f56-4e48-809d-89284ebf4db7","MOAB_025.basePlot.vst","2018-08-23","vst_MOAB_2018","D13","MOAB","MOAB_025",,"NEON.PLA.D13.MOAB.00620","ok","small shrub","Live",,,1.0,,,,2.0,2.0,,"oblate half-sphere",5.2,10,,,,"789xkq58z1GJuS14wfKvU8hTMuwfWaPhtmYGxFTQNkU=","tlMoIdYkoo6J0NCfwaeRp2677UdhrAJ0FDolN8MuE/0=",
"fb55864d-3328-4a88-ae5e-8c9e5e900cb0","MOAB_025.basePlot.vst","2018-08-23","vst_MOAB_2018","D13","MOAB","MOAB_025",,"NEON.PLA.D13.MOAB.00581","ok","single bole tree","Live, insect damaged",18.4,130,3.6,,,,5.0,3.4,"Full sun",,,,,,"Galls","789xkq58z1GJuS14wfKvU8hTMuwfWaPhtmYGxFTQNkU=","tlMoIdYkoo6J0NCfwaeRp2677UdhrAJ0FDolN8MuE/0=",
"d7346c99-b8c7-453f-901f-fde35eb04bf6","MOAB_025.basePlot.vst","2018-08-23","vst_MOAB_2018","D13","MOAB","MOAB_025",,"NEON.PLA.D13.MOAB.00589","ok","small tree","Live, disease damaged",3.0,130,2.6,,,,1.4,1.2,,,,,,,,"789xkq58z1GJuS14wfKvU8hTMuwfWaPhtmYGxFTQNkU=","tlMoIdYkoo6J0NCfwaeRp2677UdhrAJ0FDolN8MuE/0=",
"3e08722c-7eab-4f5c-9c4b-0a19fe175125","MOAB_025.basePlot.vst","2018-08-23","vst_MOAB_2018","D13","MOAB","MOAB_025",,"NEON.PLA.D13.MOAB.00609","ok","small shrub","Standing dead",,,0.8,,,,1.0,1.0,,"half-sphere",2.8,10,,,,"789xkq58z1GJuS14wfKvU8hTMuwfWaPhtmYGxFTQNkU=","tlMoIdYkoo6J0NCfwaeRp2677UdhrAJ0FDolN8MuE/0=",
"31b15748-9d42-4ad2-98c7-7190ac0ee6ba","MOAB_025.basePlot.vst","2018-08-23","vst_MOAB_2018","D13","MOAB","MOAB_025",,"NEON.PLA.D13.MOAB.00626","ok","small shrub","Live",,,0.8,,,,1.1,0.8,,"half-sphere",1.2,10,,,,"789xkq58z1GJuS14wfKvU8hTMuwfWaPhtmYGxFTQNkU=","tlMoIdYkoo6J0NCfwaeRp2677UdhrAJ0FDolN8MuE/0=",
"f1134770-7b7a-4666-9bc5-7574b8c16f3d","MOAB_025.basePlot.vst","2018-08-23","vst_MOAB_2018","D13","MOAB","MOAB_025",,"NEON.PLA.D13.MOAB.00596","ok","small shrub","Standing dead",,,1.2,,,,1.8,1.8,,"oblate half-sphere",4.7,10,,,,"789xkq58z1GJuS14wfKvU8hTMuwfWaPhtmYGxFTQNkU=","tlMoIdYkoo6J0NCfwaeRp2677UdhrAJ0FDolN8MuE/0=",
"52415d9a-a2ee-4b85-a311-ead111605ae2","MOAB_025.basePlot.vst","2018-08-23","vst_MOAB_2018","D13","MOAB","MOAB_025",,"NEON.PLA.D13.MOAB.00584","ok","single shrub","Live",2.0,130,1.5,,,,2.4,0.7,,"oblate half-sphere",12.0,10,,,,"789xkq58z1GJuS14wfKvU8hTMuwfWaPhtmYGxFTQNkU=","tlMoIdYkoo6J0NCfwaeRp2677UdhrAJ0FDolN8MuE/0=",
"ab78afca-f4bc-457e-a63e-8682231faa67","MOAB_025.basePlot.vst","2018-08-23","vst_MOAB_2018","D13","MOAB","MOAB_025",,"NEON.PLA.D13.MOAB.00573","ok","single bole tree","Standing dead",11.8,130,1.9,,,,3.0,2.5,,,,,,,,"789xkq58z1GJuS14wfKvU8hTMuwfWaPhtmYGxFTQNkU=","tlMoIdYkoo6J0NCfwaeRp2677UdhrAJ0FDolN8MuE/0=",
"fc111a88-9d6a-4252-9a7d-a0a3da2f6da0","MOAB_025.basePlot.vst","2018-08-23","vst_MOAB_2018","D13","MOAB","MOAB_025",,"NEON.PLA.D13.MOAB.00590","ok","small tree","Live",1.2,130,1.7,,,,1.0,0.9,,,,,,,,"789xkq58z1GJuS14wfKvU8hTMuwfWaPhtmYGxFTQNkU=","tlMoIdYkoo6J0NCfwaeRp2677UdhrAJ0FDolN8MuE/0=",
"09181388-49d5-4ebb-9c94-ea85acc4b6e6","MOAB_025.basePlot.vst","2018-08-23","vst_MOAB_2018","D13","MOAB","MOAB_025",,"NEON.PLA.D13.MOAB.00618","ok","small shrub","Live",,,1.2,,,,1.7,1.5,,"oblate half-sphere",5.8,10,,,,"789xkq58z1GJuS14wfKvU8hTMuwfWaPhtmYGxFTQNkU=","tlMoIdYkoo6J0NCfwaeRp2677UdhrAJ0FDolN8MuE/0=",
"19db4a96-2009-4fd0-aab6-e51015c42e46","MOAB_025.basePlot.vst","2018-08-23","vst_MOAB_2018","D13","MOAB","MOAB_025",,"NEON.PLA.D13.MOAB.00624","ok","small shrub","Live",,,1.2,,,,0.8,0.8,,"oblate half-sphere",1.6,10,,,,"789xkq58z1GJuS14wfKvU8hTMuwfWaPhtmYGxFTQNkU=","tlMoIdYkoo6J0NCfwaeRp2677UdhrAJ0FDolN8MuE/0=",
"fc1dea1d-7224-43b2-bdeb-8e57b0ccd167","MOAB_025.basePlot.vst","2018-08-23","vst_MOAB_2018","D13","MOAB","MOAB_025",,"NEON.PLA.D13.MOAB.00626","ok","small shrub","Live",,,0.8,,,,1.1,0.8,,"half-sphere",1.5,10,,,,"789xkq58z1GJuS14wfKvU8hTMuwfWaPhtmYGxFTQNkU=","tlMoIdYkoo6J0NCfwaeRp2677UdhrAJ0FDolN8MuE/0=",
"838d9d4f-b9ac-4e71-8903-f0a60a976d95","MOAB_025.basePlot.vst","2018-08-23","vst_MOAB_2018","D13","MOAB","MOAB_025",,"NEON.PLA.D13.MOAB.00600A","ok","multi-bole tree","Standing dead",11.6,130,2.1,,,,5.0,2.3,"Partially shaded",,,,,,,"789xkq58z1GJuS14wfKvU8hTMuwfWaPhtmYGxFTQNkU=","tlMoIdYkoo6J0NCfwaeRp2677UdhrAJ0FDolN8MuE/0=",
"87ad8ad5-2795-45f9-857c-075dbc846809","MOAB_025.basePlot.vst","2018-08-23","vst_MOAB_2018","D13","MOAB","MOAB_025",,"NEON.PLA.D13.MOAB.00585","ok","sapling","Live, disease damaged",,,1.4,,,,,,,,7.3,10,,,"Blisters","789xkq58z1GJuS14wfKvU8hTMuwfWaPhtmYGxFTQNkU=","tlMoIdYkoo6J0NCfwaeRp2677UdhrAJ0FDolN8MuE/0=",
"f034f083-27ff-45ed-9fff-424e551c98fc","MOAB_025.basePlot.vst","2018-08-23","vst_MOAB_2018","D13","MOAB","MOAB_025",,"NEON.PLA.D13.MOAB.00566B","ok","multi-bole tree","Live, physically damaged",10.8,175,3.8,,,,5.2,2.9,"Full sun",,,,,,"Woodpeckers","789xkq58z1GJuS14wfKvU8hTMuwfWaPhtmYGxFTQNkU=","tlMoIdYkoo6J0NCfwaeRp2677UdhrAJ0FDolN8MuE/0=",
"aa54a2ac-f0d3-4e12-8464-6e1f5e10a931","MOAB_025.basePlot.vst","2018-08-23","vst_MOAB_2018","D13","MOAB","MOAB_025",,"NEON.PLA.D13.MOAB.00578A","ok","multi-bole tree","Live",13.5,130,2.7,,,,3.2,2.3,"Partially shaded",,,,,,,"789xkq58z1GJuS14wfKvU8hTMuwfWaPhtmYGxFTQNkU=","tlMoIdYkoo6J0NCfwaeRp2677UdhrAJ0FDolN8MuE/0=",
"731115f2-dc67-4a1f-a264-1293369b75a0","MOAB_025.basePlot.vst","2018-08-23","vst_MOAB_2018","D13","MOAB","MOAB_025",,"NEON.PLA.D13.MOAB.00597","ok","small tree","Live, disease damaged",3.6,130,1.2,,,,1.3,1.2,,,,,,,"Blisters","789xkq58z1GJuS14wfKvU8hTMuwfWaPhtmYGxFTQNkU=","tlMoIdYkoo6J0NCfwaeRp2677UdhrAJ0FDolN8MuE/0=",
"c50f7275-de90-4d2d-ae8c-8847d91643a6","MOAB_025.basePlot.vst","2018-08-23","vst_MOAB_2018","D13","MOAB","MOAB_025",,"NEON.PLA.D13.MOAB.00604","ok","small shrub","Live",,,1.5,0.1,,,2.0,1.9,,"ellipsoid or sphere",6.1,10,,,,"789xkq58z1GJuS14wfKvU8hTMuwfWaPhtmYGxFTQNkU=","tlMoIdYkoo6J0NCfwaeRp2677UdhrAJ0FDolN8MuE/0=",
"5a4537c8-b0ab-4bd0-a26a-b42d98a19843","MOAB_025.basePlot.vst","2018-08-23","vst_MOAB_2018","D13","MOAB","MOAB_025",,"NEON.PLA.D13.MOAB.00568","ok","small tree","Live, disease damaged",7.7,130,3.0,,,,1.5,0.9,,,,,,,"Many blisters","789xkq58z1GJuS14wfKvU8hTMuwfWaPhtmYGxFTQNkU=","tlMoIdYkoo6J0NCfwaeRp2677UdhrAJ0FDolN8MuE/0=",
"cbb4e89a-f903-49e2-9203-c667b6143706","MOAB_025.basePlot.vst","2018-08-23","vst_MOAB_2018","D13","MOAB","MOAB_025",,"NEON.PLA.D13.MOAB.00578","ok","multi-bole tree","Live",14.9,130,2.7,,,,3.2,2.3,"Partially shaded",,,,,,,"789xkq58z1GJuS14wfKvU8hTMuwfWaPhtmYGxFTQNkU=","tlMoIdYkoo6J0NCfwaeRp2677UdhrAJ0FDolN8MuE/0=",
"a7710736-aa1a-4b6f-a1f1-9bd8f4d097ef","MOAB_025.basePlot.vst","2018-08-23","vst_MOAB_2018","D13","MOAB","MOAB_025",,"NEON.PLA.D13.MOAB.00586B","ok","multi-bole tree","Live",9.3,130,1.6,,,,3.2,2.2,"Open grown",,,,,,,"789xkq58z1GJuS14wfKvU8hTMuwfWaPhtmYGxFTQNkU=","tlMoIdYkoo6J0NCfwaeRp2677UdhrAJ0FDolN8MuE/0=",
"b226e4ed-3426-4320-a4cc-1bffc265add6","MOAB_025.basePlot.vst","2018-08-23","vst_MOAB_2018","D13","MOAB","MOAB_025",,"NEON.PLA.D13.MOAB.00591","ok","small tree","Live, disease damaged",6.5,130,2.3,,,,1.8,1.8,,,,,,,"Blisters","789xkq58z1GJuS14wfKvU8hTMuwfWaPhtmYGxFTQNkU=","tlMoIdYkoo6J0NCfwaeRp2677UdhrAJ0FDolN8MuE/0=",
"733fcab5-045e-4960-b298-818e9442f77b","MOAB_025.basePlot.vst","2018-08-23","vst_MOAB_2018","D13","MOAB","MOAB_025",,"NEON.PLA.D13.MOAB.00606","ok","sapling","Live",,,0.5,,,,,,,,1.4,10,,,,"789xkq58z1GJuS14wfKvU8hTMuwfWaPhtmYGxFTQNkU=","tlMoIdYkoo6J0NCfwaeRp2677UdhrAJ0FDolN8MuE/0=",
"a191097d-5395-4d78-82f9-c7c3bc307647","MOAB_025.basePlot.vst","2018-08-23","vst_MOAB_2018","D13","MOAB","MOAB_025",,"NEON.PLA.D13.MOAB.00627","ok","small shrub","Live",,,0.8,,,,1.0,0.9,,"half-sphere",2.0,10,,,,"789xkq58z1GJuS14wfKvU8hTMuwfWaPhtmYGxFTQNkU=","tlMoIdYkoo6J0NCfwaeRp2677UdhrAJ0FDolN8MuE/0=",
"a07e69f9-e1d2-41c7-ad48-baba588d786e","MOAB_004.basePlot.vst","2018-08-24","vst_MOAB_2018","D13","MOAB","MOAB_004",,"NEON.PLA.D13.MOAB.00204","ok","small shrub","Live",,,0.6,0.1,,,0.7,0.5,,"ellipsoid or sphere",2.3,10,,,,"tlMoIdYkoo6J0NCfwaeRp2677UdhrAJ0FDolN8MuE/0=","789xkq58z1GJuS14wfKvU8hTMuwfWaPhtmYGxFTQNkU=",
"e2418e08-3ce9-44a5-b8f5-1355ead5c4af","MOAB_004.basePlot.vst","2018-08-24","vst_MOAB_2018","D13","MOAB","MOAB_004",,"NEON.PLA.D13.MOAB.00202","ok","small shrub","Live",,,0.4,,,,0.5,0.4,,"half-sphere",4.0,10,,,"Main stem dead- resprouts","tlMoIdYkoo6J0NCfwaeRp2677UdhrAJ0FDolN8MuE/0=","789xkq58z1GJuS14wfKvU8hTMuwfWaPhtmYGxFTQNkU=",
"3c8e4c5d-dbd7-4869-8b6e-2a859dcc1d8c","MOAB_004.basePlot.vst","2018-08-24","vst_MOAB_2018","D13","MOAB","MOAB_004",,"NEON.PLA.D13.MOAB.00201","ok","small shrub","Standing dead",,,0.4,,,,0.4,0.3,,"cylinder",2.4,10,,,,"tlMoIdYkoo6J0NCfwaeRp2677UdhrAJ0FDolN8MuE/0=","789xkq58z1GJuS14wfKvU8hTMuwfWaPhtmYGxFTQNkU=",
"4d52826f-dbff-4ab2-9ef7-e0a2e50402cc","MOAB_004.basePlot.vst","2018-08-24","vst_MOAB_2018","D13","MOAB","MOAB_004",,"NEON.PLA.D13.MOAB.00207","ok","small shrub","Live",,,0.7,,,,0.5,0.4,,"half-sphere",2.3,10,,,,"tlMoIdYkoo6J0NCfwaeRp2677UdhrAJ0FDolN8MuE/0=","789xkq58z1GJuS14wfKvU8hTMuwfWaPhtmYGxFTQNkU=",
"b6c130d3-5fa1-4180-9a39-95bda69c740b","MOAB_004.basePlot.vst","2018-08-24","vst_MOAB_2018","D13","MOAB","MOAB_004",,"NEON.PLA.D13.MOAB.00205","ok","small shrub","Standing dead",,,0.6,,,,0.7,0.5,,"half-sphere",3.4,10,,,,"tlMoIdYkoo6J0NCfwaeRp2677UdhrAJ0FDolN8MuE/0=","789xkq58z1GJuS14wfKvU8hTMuwfWaPhtmYGxFTQNkU=",
"b5e4ec2f-f2d1-4dec-af84-eb1d30c7f463","MOAB_004.basePlot.vst","2018-08-24","vst_MOAB_2018","D13","MOAB","MOAB_004",,"NEON.PLA.D13.MOAB.00206","replaced","small shrub","Standing dead",,,0.6,0.1,,,0.6,0.4,,"ellipsoid or sphere",2.3,10,,,,"tlMoIdYkoo6J0NCfwaeRp2677UdhrAJ0FDolN8MuE/0=","789xkq58z1GJuS14wfKvU8hTMuwfWaPhtmYGxFTQNkU=",
"71abd986-b50b-4600-ad5c-b13fc00e4078","MOAB_004.basePlot.vst","2018-08-24","vst_MOAB_2018","D13","MOAB","MOAB_004",,"NEON.PLA.D13.MOAB.00203","ok","small shrub","Standing dead",,,0.5,,,,0.7,0.3,,"oblate half-sphere",1.5,10,,,,"tlMoIdYkoo6J0NCfwaeRp2677UdhrAJ0FDolN8MuE/0=","789xkq58z1GJuS14wfKvU8hTMuwfWaPhtmYGxFTQNkU=",
"b84c3f5a-7720-4107-9795-1eeb48069b04","MOAB_004.basePlot.vst","2018-08-24","vst_MOAB_2018","D13","MOAB","MOAB_004",,"NEON.PLA.D13.MOAB.00207","ok","small shrub","Live",,,0.7,,,,0.5,0.4,,"half-sphere",1.0,10,,,,"tlMoIdYkoo6J0NCfwaeRp2677UdhrAJ0FDolN8MuE/0=","789xkq58z1GJuS14wfKvU8hTMuwfWaPhtmYGxFTQNkU=",
"c8c0ebf4-c839-45cf-8ce2-8939cadcb4f3","MOAB_004.basePlot.vst","2018-08-24","vst_MOAB_2018","D13","MOAB","MOAB_004",,"NEON.PLA.D13.MOAB.00207","ok","small shrub","Standing dead",,,0.7,,,,0.5,0.4,,"half-sphere",1.6,10,,,,"tlMoIdYkoo6J0NCfwaeRp2677UdhrAJ0FDolN8MuE/0=","789xkq58z1GJuS14wfKvU8hTMuwfWaPhtmYGxFTQNkU=",
"7d4fdb77-aaeb-4302-ba6c-0a85d3093f9e","MOAB_004.basePlot.vst","2018-08-24","vst_MOAB_2018","D13","MOAB","MOAB_004",,"NEON.PLA.D13.MOAB.00206","replaced","small shrub","Standing dead",,,0.6,0.1,,,0.6,0.4,,"ellipsoid or sphere",2.9,10,,,,"tlMoIdYkoo6J0NCfwaeRp2677UdhrAJ0FDolN8MuE/0=","789xkq58z1GJuS14wfKvU8hTMuwfWaPhtmYGxFTQNkU=",
"df151ec3-370b-4ba5-b47f-551f27a98428","MOAB_004.basePlot.vst","2018-08-24","vst_MOAB_2018","D13","MOAB","MOAB_004",,"NEON.PLA.D13.MOAB.00203","ok","small shrub","Live",,,0.5,,,,0.7,0.3,,"oblate half-sphere",1.5,10,,,,"tlMoIdYkoo6J0NCfwaeRp2677UdhrAJ0FDolN8MuE/0=","789xkq58z1GJuS14wfKvU8hTMuwfWaPhtmYGxFTQNkU=",
"041de4bf-ef88-4ca0-a650-12507b8e81a3","MOAB_004.basePlot.vst","2018-08-24","vst_MOAB_2018","D13","MOAB","MOAB_004",,"NEON.PLA.D13.MOAB.00204","ok","small shrub","Live",,,0.6,0.1,,,0.7,0.5,,"ellipsoid or sphere",1.6,10,,,,"tlMoIdYkoo6J0NCfwaeRp2677UdhrAJ0FDolN8MuE/0=","789xkq58z1GJuS14wfKvU8hTMuwfWaPhtmYGxFTQNkU=",
"92353d58-ca97-466c-8a73-1b19a51f747b","MOAB_004.basePlot.vst","2018-08-24","vst_MOAB_2018","D13","MOAB","MOAB_004",,"NEON.PLA.D13.MOAB.00207","ok","small shrub","Standing dead",,,0.7,,,,0.5,0.4,,"half-sphere",1.7,10,,,,"tlMoIdYkoo6J0NCfwaeRp2677UdhrAJ0FDolN8MuE/0=","789xkq58z1GJuS14wfKvU8hTMuwfWaPhtmYGxFTQNkU=",
"180851b0-1c47-44e3-b5b1-f7b190e6ff81","MOAB_004.basePlot.vst","2018-08-24","vst_MOAB_2018","D13","MOAB","MOAB_004",,"NEON.PLA.D13.MOAB.00207","ok","small shrub","Standing dead",,,0.7,,,,0.5,0.4,,"half-sphere",1.5,10,,,,"tlMoIdYkoo6J0NCfwaeRp2677UdhrAJ0FDolN8MuE/0=","789xkq58z1GJuS14wfKvU8hTMuwfWaPhtmYGxFTQNkU=",
"6bd164e4-2479-4cf2-9134-8ac3ef408bfd","MOAB_004.basePlot.vst","2018-08-24","vst_MOAB_2018","D13","MOAB","MOAB_004",,"NEON.PLA.D13.MOAB.00201","ok","small shrub","Standing dead",,,0.4,,,,0.4,0.3,,"cylinder",1.9,10,,,,"tlMoIdYkoo6J0NCfwaeRp2677UdhrAJ0FDolN8MuE/0=","789xkq58z1GJuS14wfKvU8hTMuwfWaPhtmYGxFTQNkU=",
"f54bb29c-10e4-4495-a65d-f6035536e501","MOAB_004.basePlot.vst","2018-08-24","vst_MOAB_2018","D13","MOAB","MOAB_004",,"NEON.PLA.D13.MOAB.00207","ok","small shrub","Standing dead",,,0.7,,,,0.5,0.4,,"half-sphere",2.0,10,,,,"tlMoIdYkoo6J0NCfwaeRp2677UdhrAJ0FDolN8MuE/0=","789xkq58z1GJuS14wfKvU8hTMuwfWaPhtmYGxFTQNkU=",
"26ca0d6b-5789-4c82-81dd-38f0456284ca","MOAB_004.basePlot.vst","2018-08-24","vst_MOAB_2018","D13","MOAB","MOAB_004",,"NEON.PLA.D13.MOAB.00203","ok","small shrub","Live",,,0.5,,,,0.7,0.3,,"oblate half-sphere",1.4,10,,,,"tlMoIdYkoo6J0NCfwaeRp2677UdhrAJ0FDolN8MuE/0=","789xkq58z1GJuS14wfKvU8hTMuwfWaPhtmYGxFTQNkU=",
"e3638702-6215-4a8b-afcc-1c50846bfc63","MOAB_004.basePlot.vst","2018-08-24","vst_MOAB_2018","D13","MOAB","MOAB_004",,"NEON.PLA.D13.MOAB.00203","ok","small shrub","Live",,,0.5,,,,0.7,0.3,,"oblate half-sphere",1.7,10,,,,"tlMoIdYkoo6J0NCfwaeRp2677UdhrAJ0FDolN8MuE/0=","789xkq58z1GJuS14wfKvU8hTMuwfWaPhtmYGxFTQNkU=",
"c537b009-e68a-43e5-be99-47ddd1c8ea1c","MOAB_014.basePlot.vst","2018-08-25","vst_MOAB_2018","D13","MOAB","MOAB_014",,"NEON.PLA.D13.MOAB.00324","ok","small shrub","Standing dead",,,0.3,,,,0.5,0.3,,"half-sphere",2.4,10,,,,"789xkq58z1GJuS14wfKvU8hTMuwfWaPhtmYGxFTQNkU=","tlMoIdYkoo6J0NCfwaeRp2677UdhrAJ0FDolN8MuE/0=",
"58dfbf63-5815-4c46-949c-1a8f0509d272","MOAB_014.basePlot.vst","2018-08-25","vst_MOAB_2018","D13","MOAB","MOAB_014",,"NEON.PLA.D13.MOAB.00327","ok","small shrub","Standing dead",,,0.9,,,,1.3,0.7,,"half-sphere",3.0,10,,,,"789xkq58z1GJuS14wfKvU8hTMuwfWaPhtmYGxFTQNkU=","tlMoIdYkoo6J0NCfwaeRp2677UdhrAJ0FDolN8MuE/0=",
"c44ea302-4731-4faf-8275-4a467fb3238e","MOAB_014.basePlot.vst","2018-08-25","vst_MOAB_2018","D13","MOAB","MOAB_014",,"NEON.PLA.D13.MOAB.00331","ok","small shrub","Live, physically damaged",,,0.9,,,,0.5,0.4,,"cylinder",5.1,10,,,"Many broken branches","789xkq58z1GJuS14wfKvU8hTMuwfWaPhtmYGxFTQNkU=","tlMoIdYkoo6J0NCfwaeRp2677UdhrAJ0FDolN8MuE/0=",
"1cee8920-a5b5-413a-a419-b61c04a2e43a","MOAB_014.basePlot.vst","2018-08-25","vst_MOAB_2018","D13","MOAB","MOAB_014",,"NEON.PLA.D13.MOAB.00323","ok","small shrub","Live, physically damaged",,,0.5,,,,0.3,0.3,,"cylinder",1.6,10,,,"Trampled","789xkq58z1GJuS14wfKvU8hTMuwfWaPhtmYGxFTQNkU=","tlMoIdYkoo6J0NCfwaeRp2677UdhrAJ0FDolN8MuE/0=",
"0f52856c-c577-4a89-b3ce-08770ad4a361","MOAB_014.basePlot.vst","2018-08-25","vst_MOAB_2018","D13","MOAB","MOAB_014",,"NEON.PLA.D13.MOAB.00326","ok",,"Lost, presumed dead",,,,,,,,,,,,,,,"Kicked out of the ground","789xkq58z1GJuS14wfKvU8hTMuwfWaPhtmYGxFTQNkU=","tlMoIdYkoo6J0NCfwaeRp2677UdhrAJ0FDolN8MuE/0=",
"00c96f66-4b37-43e3-8df2-7013d6159ea4","MOAB_014.basePlot.vst","2018-08-25","vst_MOAB_2018","D13","MOAB","MOAB_014",,"NEON.PLA.D13.MOAB.00328","ok","small shrub","Standing dead",,,0.4,0.2,,,0.4,0.3,,"ellipsoid or sphere",5.4,10,,,"Trampled","789xkq58z1GJuS14wfKvU8hTMuwfWaPhtmYGxFTQNkU=","tlMoIdYkoo6J0NCfwaeRp2677UdhrAJ0FDolN8MuE/0=",
"227ac7e8-bda5-419a-a7c7-704f2c834afc","MOAB_014.basePlot.vst","2018-08-25","vst_MOAB_2018","D13","MOAB","MOAB_014",,"NEON.PLA.D13.MOAB.00333","ok","small shrub","Standing dead",,,0.3,,,,0.4,0.4,,"half-sphere",1.2,10,,,,"789xkq58z1GJuS14wfKvU8hTMuwfWaPhtmYGxFTQNkU=","tlMoIdYkoo6J0NCfwaeRp2677UdhrAJ0FDolN8MuE/0=",
"7cb5e0fa-6843-4b98-863a-485c206a5c70","MOAB_014.basePlot.vst","2018-08-25","vst_MOAB_2018","D13","MOAB","MOAB_014",,"NEON.PLA.D13.MOAB.00323","ok","small shrub","Standing dead",,,0.5,,,,0.3,0.3,,"cylinder",1.1,10,,,,"789xkq58z1GJuS14wfKvU8hTMuwfWaPhtmYGxFTQNkU=","tlMoIdYkoo6J0NCfwaeRp2677UdhrAJ0FDolN8MuE/0=",
"bc8fedd9-d260-4903-b7e0-5d436bedf67e","MOAB_014.basePlot.vst","2018-08-25","vst_MOAB_2018","D13","MOAB","MOAB_014",,"NEON.PLA.D13.MOAB.00327","ok","small shrub","Live, physically damaged",,,0.9,,,,1.3,0.7,,"half-sphere",3.1,10,,,"Trampled","789xkq58z1GJuS14wfKvU8hTMuwfWaPhtmYGxFTQNkU=","tlMoIdYkoo6J0NCfwaeRp2677UdhrAJ0FDolN8MuE/0=",
"b0f95076-843b-4448-9a88-c61f8d4f5d15","MOAB_014.basePlot.vst","2018-08-25","vst_MOAB_2018","D13","MOAB","MOAB_014",,"NEON.PLA.D13.MOAB.00325","ok","small shrub","Standing dead",,,0.4,,,,0.5,0.4,,"oblate half-sphere",3.2,10,,,,"789xkq58z1GJuS14wfKvU8hTMuwfWaPhtmYGxFTQNkU=","tlMoIdYkoo6J0NCfwaeRp2677UdhrAJ0FDolN8MuE/0=",
"4e14279e-2eaf-4d9d-bf8b-7b3d2e7732a8","MOAB_014.basePlot.vst","2018-08-25","vst_MOAB_2018","D13","MOAB","MOAB_014",,"NEON.PLA.D13.MOAB.00329","ok","small shrub","Standing dead",,,0.4,,,,0.4,0.3,,"half-sphere",4.7,10,,,,"789xkq58z1GJuS14wfKvU8hTMuwfWaPhtmYGxFTQNkU=","tlMoIdYkoo6J0NCfwaeRp2677UdhrAJ0FDolN8MuE/0=",
"075d1a7a-2c84-4b67-b5dc-f3cd89b252b6","MOAB_014.basePlot.vst","2018-08-25","vst_MOAB_2018","D13","MOAB","MOAB_014",,"NEON.PLA.D13.MOAB.00332","ok","small shrub","Live, physically damaged",,,0.5,,,,0.2,0.1,,"cylinder",1.0,1,,,"Many broken branches - trampled","789xkq58z1GJuS14wfKvU8hTMuwfWaPhtmYGxFTQNkU=","tlMoIdYkoo6J0NCfwaeRp2677UdhrAJ0FDolN8MuE/0=",
"b7b2d867-0f51-4fd4-9e48-f10f43a9dc32","MOAB_014.basePlot.vst","2018-08-25","vst_MOAB_2018","D13","MOAB","MOAB_014",,"NEON.PLA.D13.MOAB.00325","ok","small shrub","Live",,,0.4,,,,0.5,0.4,,"oblate half-sphere",4.0,10,,,,"789xkq58z1GJuS14wfKvU8hTMuwfWaPhtmYGxFTQNkU=","tlMoIdYkoo6J0NCfwaeRp2677UdhrAJ0FDolN8MuE/0=",
"34aa0480-5af1-4946-b47f-56ed9111693c","MOAB_014.basePlot.vst","2018-08-25","vst_MOAB_2018","D13","MOAB","MOAB_014",,"NEON.PLA.D13.MOAB.00331","ok","small shrub","Standing dead",,,0.9,,,,0.5,0.4,,"cylinder",2.6,10,,,"Many broken branches","789xkq58z1GJuS14wfKvU8hTMuwfWaPhtmYGxFTQNkU=","tlMoIdYkoo6J0NCfwaeRp2677UdhrAJ0FDolN8MuE/0=",
"da04dc59-fb0f-4d28-a51e-b46142324d28","MOAB_014.basePlot.vst","2018-08-25","vst_MOAB_2018","D13","MOAB","MOAB_014",,"NEON.PLA.D13.MOAB.00327","ok","small shrub","Live, physically damaged",,,0.9,,,,1.3,0.7,,"half-sphere",3.5,10,,,"Trampled","789xkq58z1GJuS14wfKvU8hTMuwfWaPhtmYGxFTQNkU=","tlMoIdYkoo6J0NCfwaeRp2677UdhrAJ0FDolN8MuE/0=",
"07de46c4-063d-42b3-851a-6d6bdafc8a68","MOAB_014.basePlot.vst","2018-08-25","vst_MOAB_2018","D13","MOAB","MOAB_014",,"NEON.PLA.D13.MOAB.00327","ok","small shrub","Live, physically damaged",,,0.9,,,,1.3,0.7,,"half-sphere",6.7,10,,,"Trampled","789xkq58z1GJuS14wfKvU8hTMuwfWaPhtmYGxFTQNkU=","tlMoIdYkoo6J0NCfwaeRp2677UdhrAJ0FDolN8MuE/0=",
"bfc17b60-6ca1-40a7-92ad-d211f5b94693","MOAB_014.basePlot.vst","2018-08-25","vst_MOAB_2018","D13","MOAB","MOAB_014",,"NEON.PLA.D13.MOAB.00327","ok","small shrub","Live, disease damaged",,,0.9,,,,1.3,0.7,,"half-sphere",5.5,10,,,"Trampled","789xkq58z1GJuS14wfKvU8hTMuwfWaPhtmYGxFTQNkU=","tlMoIdYkoo6J0NCfwaeRp2677UdhrAJ0FDolN8MuE/0=",
"d264921b-df96-418c-8d16-7eb998dda3ff","MOAB_014.basePlot.vst","2018-08-25","vst_MOAB_2018","D13","MOAB","MOAB_014",,"NEON.PLA.D13.MOAB.00325","ok","small shrub","Live",,,0.4,,,,0.5,0.4,,"oblate half-sphere",3.5,10,,,,"789xkq58z1GJuS14wfKvU8hTMuwfWaPhtmYGxFTQNkU=","tlMoIdYkoo6J0NCfwaeRp2677UdhrAJ0FDolN8MuE/0=",
"9cfbcc5d-64be-4787-a8c4-c1a6cb2e2552","MOAB_014.basePlot.vst","2018-08-25","vst_MOAB_2018","D13","MOAB","MOAB_014",,"NEON.PLA.D13.MOAB.00330","ok","small shrub","Standing dead",,,0.3,,,,0.3,0.2,,"half-sphere",2.3,10,,,"Many broken branches","789xkq58z1GJuS14wfKvU8hTMuwfWaPhtmYGxFTQNkU=","tlMoIdYkoo6J0NCfwaeRp2677UdhrAJ0FDolN8MuE/0=",
"8ddba3bd-e3d5-44d7-a435-833dfb62a5a2","MOAB_014.basePlot.vst","2018-08-25","vst_MOAB_2018","D13","MOAB","MOAB_014",,"NEON.PLA.D13.MOAB.00330","ok","small shrub","Standing dead",,,0.3,,,,0.3,0.2,,"half-sphere",2.5,10,,,,"789xkq58z1GJuS14wfKvU8hTMuwfWaPhtmYGxFTQNkU=","tlMoIdYkoo6J0NCfwaeRp2677UdhrAJ0FDolN8MuE/0=",
"0aa810f8-9621-4c5c-b7d0-e8c27cfd2b84","MOAB_013.basePlot.vst","2018-08-25","vst_MOAB_2018","D13","MOAB","MOAB_013",,"NEON.PLA.D13.MOAB.00281","ok","small shrub","Live, physically damaged",,,0.3,,,,0.4,0.4,,"half-sphere",1.6,10,,,"Many broken branches - trampled","tlMoIdYkoo6J0NCfwaeRp2677UdhrAJ0FDolN8MuE/0=","789xkq58z1GJuS14wfKvU8hTMuwfWaPhtmYGxFTQNkU=",
"2fd44958-1f5a-41d4-8d5c-056da071845e","MOAB_013.basePlot.vst","2018-08-25","vst_MOAB_2018","D13","MOAB","MOAB_013",,"NEON.PLA.D13.MOAB.00282","ok","small shrub","Standing dead",,,0.1,,,,0.2,0.2,,"half-sphere",1.4,10,,,,"tlMoIdYkoo6J0NCfwaeRp2677UdhrAJ0FDolN8MuE/0=","789xkq58z1GJuS14wfKvU8hTMuwfWaPhtmYGxFTQNkU=",
"aad7e818-8718-4f9f-952b-c89d3a2eaa8a","MOAB_018.basePlot.vst","2018-08-25","vst_MOAB_2018","D13","MOAB","MOAB_018",,"NEON.PLA.D13.MOAB.00284","ok","small shrub","Live",,,0.9,,,,1.0,0.7,,"oblate half-sphere",4.8,10,,,"Include stems to North","tlMoIdYkoo6J0NCfwaeRp2677UdhrAJ0FDolN8MuE/0=","789xkq58z1GJuS14wfKvU8hTMuwfWaPhtmYGxFTQNkU=",
"9f1d26ab-c9ba-4b9d-81f7-26c5e3302393","MOAB_018.basePlot.vst","2018-08-25","vst_MOAB_2018","D13","MOAB","MOAB_018",,"NEON.PLA.D13.MOAB.00289","ok","small shrub","Standing dead",,,0.4,0.2,,,0.5,0.2,,"ellipsoid or sphere",1.4,10,,,,"tlMoIdYkoo6J0NCfwaeRp2677UdhrAJ0FDolN8MuE/0=","789xkq58z1GJuS14wfKvU8hTMuwfWaPhtmYGxFTQNkU=",
"3c78875c-c2d5-42d2-81d6-f5252dd61b27","MOAB_018.basePlot.vst","2018-08-25","vst_MOAB_2018","D13","MOAB","MOAB_018",,"NEON.PLA.D13.MOAB.00284","ok","small shrub","Live",,,0.9,,,,1.0,0.7,,"oblate half-sphere",3.1,10,,,,"tlMoIdYkoo6J0NCfwaeRp2677UdhrAJ0FDolN8MuE/0=","789xkq58z1GJuS14wfKvU8hTMuwfWaPhtmYGxFTQNkU=",
"2a5015f7-e21f-4efe-9989-93bdbbaa7683","MOAB_018.basePlot.vst","2018-08-25","vst_MOAB_2018","D13","MOAB","MOAB_018",,"NEON.PLA.D13.MOAB.00366","ok","small shrub","Standing dead",,,0.4,,,,0.7,0.5,,"oblate half-sphere",5.4,10,,,,"tlMoIdYkoo6J0NCfwaeRp2677UdhrAJ0FDolN8MuE/0=","789xkq58z1GJuS14wfKvU8hTMuwfWaPhtmYGxFTQNkU=",
"ad5d8ae6-1299-44ec-afe4-c0aa92e37033","MOAB_018.basePlot.vst","2018-08-25","vst_MOAB_2018","D13","MOAB","MOAB_018",,"NEON.PLA.D13.MOAB.00287","ok","small shrub","Standing dead",,,0.6,,,,0.6,0.5,,"cylinder",1.4,10,,,,"tlMoIdYkoo6J0NCfwaeRp2677UdhrAJ0FDolN8MuE/0=","789xkq58z1GJuS14wfKvU8hTMuwfWaPhtmYGxFTQNkU=",
"be7820cc-959f-4318-9dc0-bd3b38c71c8a","MOAB_018.basePlot.vst","2018-08-25","vst_MOAB_2018","D13","MOAB","MOAB_018",,"NEON.PLA.D13.MOAB.00286","ok","small shrub","Live",,,0.7,0.1,,,0.8,0.5,,"ellipsoid or sphere",2.3,10,,,,"tlMoIdYkoo6J0NCfwaeRp2677UdhrAJ0FDolN8MuE/0=","789xkq58z1GJuS14wfKvU8hTMuwfWaPhtmYGxFTQNkU=",
"3d468f58-8f4a-4ad0-974e-116fb827b1d1","MOAB_018.basePlot.vst","2018-08-25","vst_MOAB_2018","D13","MOAB","MOAB_018",,"NEON.PLA.D13.MOAB.00285","ok","small shrub","Standing dead",,,0.3,,,,0.4,0.3,,"oblate half-sphere",3.5,10,,,,"tlMoIdYkoo6J0NCfwaeRp2677UdhrAJ0FDolN8MuE/0=","789xkq58z1GJuS14wfKvU8hTMuwfWaPhtmYGxFTQNkU=",
"29912e3d-b2fc-4caa-8b16-32c65afb37e5","MOAB_018.basePlot.vst","2018-08-25","vst_MOAB_2018","D13","MOAB","MOAB_018",,"NEON.PLA.D13.MOAB.00290","ok",,"Lost, presumed dead",,,,,,,,,,,,,,,"Kicked out of the ground","tlMoIdYkoo6J0NCfwaeRp2677UdhrAJ0FDolN8MuE/0=","789xkq58z1GJuS14wfKvU8hTMuwfWaPhtmYGxFTQNkU=",
"133a05be-9923-4ccc-8946-83975ed6f266","MOAB_018.basePlot.vst","2018-08-25","vst_MOAB_2018","D13","MOAB","MOAB_018",,"NEON.PLA.D13.MOAB.00288","ok","small shrub","Standing dead",,,0.9,,,,1.3,0.6,,"oblate half-sphere",1.8,10,,,,"tlMoIdYkoo6J0NCfwaeRp2677UdhrAJ0FDolN8MuE/0=","789xkq58z1GJuS14wfKvU8hTMuwfWaPhtmYGxFTQNkU=",
"146c2a1a-6204-4396-9b78-0de8de1b4f54","MOAB_018.basePlot.vst","2018-08-25","vst_MOAB_2018","D13","MOAB","MOAB_018",,"NEON.PLA.D13.MOAB.00287","ok","small shrub","Live",,,0.6,,,,0.6,0.5,,"cylinder",1.7,10,,,,"tlMoIdYkoo6J0NCfwaeRp2677UdhrAJ0FDolN8MuE/0=","789xkq58z1GJuS14wfKvU8hTMuwfWaPhtmYGxFTQNkU=",
"e0cb2c58-d67c-43b6-84f6-fb577f1ed88a","MOAB_018.basePlot.vst","2018-08-25","vst_MOAB_2018","D13","MOAB","MOAB_018",,"NEON.PLA.D13.MOAB.00288","ok","small shrub","Standing dead",,,0.9,,,,1.3,0.6,,"oblate half-sphere",8.7,10,,,,"tlMoIdYkoo6J0NCfwaeRp2677UdhrAJ0FDolN8MuE/0=","789xkq58z1GJuS14wfKvU8hTMuwfWaPhtmYGxFTQNkU=",
"89f6763e-99f0-43c5-a91e-86b90ee978a0","MOAB_018.basePlot.vst","2018-08-25","vst_MOAB_2018","D13","MOAB","MOAB_018",,"NEON.PLA.D13.MOAB.00284","ok","small shrub","Live",,,0.9,,,,1.0,0.7,,"oblate half-sphere",3.7,10,,,,"tlMoIdYkoo6J0NCfwaeRp2677UdhrAJ0FDolN8MuE/0=","789xkq58z1GJuS14wfKvU8hTMuwfWaPhtmYGxFTQNkU=",
"254f3ec7-3806-481c-8ae3-fc099198959d","MOAB_018.basePlot.vst","2018-08-25","vst_MOAB_2018","D13","MOAB","MOAB_018",,"NEON.PLA.D13.MOAB.00287","ok","small shrub","Live",,,0.6,,,,0.6,0.5,,"cylinder",1.6,10,,,,"tlMoIdYkoo6J0NCfwaeRp2677UdhrAJ0FDolN8MuE/0=","789xkq58z1GJuS14wfKvU8hTMuwfWaPhtmYGxFTQNkU=",
"39300e07-d271-419a-b72f-fe2e819c28ad","MOAB_018.basePlot.vst","2018-08-25","vst_MOAB_2018","D13","MOAB","MOAB_018",,"NEON.PLA.D13.MOAB.00286","ok","small shrub","Live",,,0.7,0.1,,,0.8,0.5,,"ellipsoid or sphere",4.6,10,,,,"tlMoIdYkoo6J0NCfwaeRp2677UdhrAJ0FDolN8MuE/0=","789xkq58z1GJuS14wfKvU8hTMuwfWaPhtmYGxFTQNkU=",
"a5a20f89-5f53-476a-ab3e-9c652fb73c99","MOAB_018.basePlot.vst","2018-08-25","vst_MOAB_2018","D13","MOAB","MOAB_018",,"NEON.PLA.D13.MOAB.00283","ok","small shrub","Live",,,0.8,0.1,,,0.8,0.8,,"ellipsoid or sphere",3.4,10,,,,"tlMoIdYkoo6J0NCfwaeRp2677UdhrAJ0FDolN8MuE/0=","789xkq58z1GJuS14wfKvU8hTMuwfWaPhtmYGxFTQNkU=",
"2f521580-7dfa-4f6e-a490-240a3bcbb8cf","MOAB_018.basePlot.vst","2018-08-25","vst_MOAB_2018","D13","MOAB","MOAB_018",,"NEON.PLA.D13.MOAB.00365","ok","small shrub","Live",,,0.4,,,,0.2,0.2,,"cylinder",1.2,10,,,,"tlMoIdYkoo6J0NCfwaeRp2677UdhrAJ0FDolN8MuE/0=","789xkq58z1GJuS14wfKvU8hTMuwfWaPhtmYGxFTQNkU=",
"8cb3e341-eb4f-46e9-80a8-b0350a2ba9c9","MOAB_018.basePlot.vst","2018-08-25","vst_MOAB_2018","D13","MOAB","MOAB_018",,"NEON.PLA.D13.MOAB.00283","ok","small shrub","Live",,,0.8,0.1,,,0.8,0.8,,"ellipsoid or sphere",4.8,10,,,,"tlMoIdYkoo6J0NCfwaeRp2677UdhrAJ0FDolN8MuE/0=","789xkq58z1GJuS14wfKvU8hTMuwfWaPhtmYGxFTQNkU=",
"865f12d3-6275-41fb-9cd9-fd5887142871","MOAB_018.basePlot.vst","2018-08-25","vst_MOAB_2018","D13","MOAB","MOAB_018",,"NEON.PLA.D13.MOAB.00288","ok","small shrub","Live",,,0.9,,,,1.3,0.6,,"oblate half-sphere",4.6,10,,,,"tlMoIdYkoo6J0NCfwaeRp2677UdhrAJ0FDolN8MuE/0=","789xkq58z1GJuS14wfKvU8hTMuwfWaPhtmYGxFTQNkU=",
"6caed914-2bdf-44a9-b135-a111bab21711","MOAB_018.basePlot.vst","2018-08-25","vst_MOAB_2018","D13","MOAB","MOAB_018",,"NEON.PLA.D13.MOAB.00289","ok","small shrub","Standing dead",,,0.4,0.2,,,0.5,0.2,,"ellipsoid or sphere",1.0,10,,,,"tlMoIdYkoo6J0NCfwaeRp2677UdhrAJ0FDolN8MuE/0=","789xkq58z1GJuS14wfKvU8hTMuwfWaPhtmYGxFTQNkU=",
"412d0a60-7698-4319-8037-acb750400f36","MOAB_018.basePlot.vst","2018-08-25","vst_MOAB_2018","D13","MOAB","MOAB_018",,"NEON.PLA.D13.MOAB.00286","ok","small shrub","Live",,,0.7,0.1,,,0.8,0.5,,"ellipsoid or sphere",1.4,10,,,,"tlMoIdYkoo6J0NCfwaeRp2677UdhrAJ0FDolN8MuE/0=","789xkq58z1GJuS14wfKvU8hTMuwfWaPhtmYGxFTQNkU=",
"8bd3146c-0743-431f-90cb-8df32673e988","MOAB_018.basePlot.vst","2018-08-25","vst_MOAB_2018","D13","MOAB","MOAB_018",,"NEON.PLA.D13.MOAB.00289","ok","small shrub","Standing dead",,,0.4,0.2,,,0.5,0.2,,"ellipsoid or sphere",1.8,10,,,,"tlMoIdYkoo6J0NCfwaeRp2677UdhrAJ0FDolN8MuE/0=","789xkq58z1GJuS14wfKvU8hTMuwfWaPhtmYGxFTQNkU=",
"4c634986-d5e9-45dd-b5a4-b5f70369e53f","MOAB_018.basePlot.vst","2018-08-25","vst_MOAB_2018","D13","MOAB","MOAB_018",,"NEON.PLA.D13.MOAB.00288","ok","small shrub","Standing dead",,,0.9,,,,1.3,0.6,,"oblate half-sphere",2.5,10,,,,"tlMoIdYkoo6J0NCfwaeRp2677UdhrAJ0FDolN8MuE/0=","789xkq58z1GJuS14wfKvU8hTMuwfWaPhtmYGxFTQNkU=",
"13321297-747d-4334-a0c2-37ea99f7f94c","MOAB_018.basePlot.vst","2018-08-25","vst_MOAB_2018","D13","MOAB","MOAB_018",,"NEON.PLA.D13.MOAB.00366","ok","small shrub","Standing dead",,,0.4,,,,0.7,0.5,,"oblate half-sphere",3.2,10,,,"Trampled","tlMoIdYkoo6J0NCfwaeRp2677UdhrAJ0FDolN8MuE/0=","789xkq58z1GJuS14wfKvU8hTMuwfWaPhtmYGxFTQNkU=",
"38d31c72-f3c7-4acf-866b-6799b2d0ae14","MOAB_018.basePlot.vst","2018-08-25","vst_MOAB_2018","D13","MOAB","MOAB_018",,"NEON.PLA.D13.MOAB.00283","ok","small shrub","Live",,,0.8,0.1,,,0.8,0.8,,"ellipsoid or sphere",3.3,10,,,,"tlMoIdYkoo6J0NCfwaeRp2677UdhrAJ0FDolN8MuE/0=","789xkq58z1GJuS14wfKvU8hTMuwfWaPhtmYGxFTQNkU=",
"07ce6c44-e5c4-44c1-88ca-d25c3ebe5ca5","MOAB_018.basePlot.vst","2018-08-25","vst_MOAB_2018","D13","MOAB","MOAB_018",,"NEON.PLA.D13.MOAB.00366","ok","small shrub","Standing dead",,,0.4,,,,0.7,0.5,,"oblate half-sphere",3.7,10,,,,"tlMoIdYkoo6J0NCfwaeRp2677UdhrAJ0FDolN8MuE/0=","789xkq58z1GJuS14wfKvU8hTMuwfWaPhtmYGxFTQNkU=",
"cab2d7cb-76e5-48cf-a990-dc7bc4e2fb48","MOAB_018.basePlot.vst","2018-08-25","vst_MOAB_2018","D13","MOAB","MOAB_018",,"NEON.PLA.D13.MOAB.00286","ok","small shrub","Standing dead",,,0.7,0.1,,,0.8,0.5,,"ellipsoid or sphere",1.2,10,,,,"tlMoIdYkoo6J0NCfwaeRp2677UdhrAJ0FDolN8MuE/0=","789xkq58z1GJuS14wfKvU8hTMuwfWaPhtmYGxFTQNkU=",
