uid,namedLocation,domainID,siteID,plotID,plotType,nlcdClass,decimalLatitude,decimalLongitude,geodeticDatum,coordinateUncertainty,elevation,elevationUncertainty,collectDate,eventID,sampleID,sampleCode,samplingMethod,totalSampledArea,targetTaxaPresent,adultCount,nymphCount,larvaCount,sampleCondition,samplingProtocolVersion,measuredBy,remarks
"92b1c189-0dd1-44b9-860f-94bb42ffdf3d","JERC_002.tickPlot.tck","D03","JERC","JERC_002","distributed","evergreenForest",31.194065,-84.461537,"WGS84",20.3,56.0,0.5,"2016-07-20T11:20Z","JERC.2016.29",,,"drag",165,"N",0,0,0,"No known compromise","NEON.DOC.014045vG","uc/Ogwu/d/aC0/FyeYgRy91eQH6E3aLH",
"ac27f3ea-be1a-4839-8470-098c6adde111","JERC_004.tickPlot.tck","D03","JERC","JERC_004","distributed","cultivatedCrops",31.190115,-84.467381,"WGS84",20.1,43.6,0.2,"2016-07-20T13:06Z","JERC.2016.29",,,"drag and flag",162,"N",0,0,0,"No known compromise","NEON.DOC.014045vG","Rxv8FKFfd/ciZf8CWk7KdeVazLIhBZVm",
"ff06b15c-5f26-4e39-8347-401df453f76c","JERC_005.tickPlot.tck","D03","JERC","JERC_005","distributed","evergreenForest",31.194878,-84.452157,"WGS84",20.3,48.1,0.4,"2016-07-20T13:40Z","JERC.2016.29",,,"drag and flag",160,"N",0,0,0,"No known compromise","NEON.DOC.014045vG","2EBh6slBfcgXvhNEW2gGpl4tV5DIo+4Q",
"2f3c7ee9-4b60-48b8-941a-c74b70260681","JERC_011.tickPlot.tck","D03","JERC","JERC_011","distributed","evergreenForest",31.184787,-84.466700,"WGS84",20.1,40.0,0.1,"2016-07-20T14:20Z","JERC.2016.29",,,"drag and flag",160,"N",0,0,0,"No known compromise","NEON.DOC.014045vG","uc/Ogwu/d/aC0/FyeYgRy91eQH6E3aLH",
"d4ff9c91-0dd4-4015-b5b3-83b725d81b16","JERC_010.tickPlot.tck","D03","JERC","JERC_010","distributed","deciduousForest",31.209219,-84.470530,"WGS84",20.2,40.5,0.5,"2016-07-20T15:00Z","JERC.2016.29",,,"drag",160,"N",0,0,0,"No known compromise","NEON.DOC.014045vG","Rxv8FKFfd/ciZf8CWk7KdeVazLIhBZVm",
"17de77b8-58ff-4ccb-9f3f-8ef33e34779b","JERC_044.tickPlot.tck","D03","JERC","JERC_044","distributed","mixedForest",31.195549,-84.482479,"WGS84",20.1,42.5,0.1,"2016-07-20T16:21Z","JERC.2016.29",,,"drag and flag",160,"N",0,0,0,"No known compromise","NEON.DOC.014045vG","2EBh6slBfcgXvhNEW2gGpl4tV5DIo+4Q",
"be89cc05-176d-4941-8c83-1bb6679c3327","JERC_034.tickPlot.tck","D03","JERC","JERC_034","distributed","deciduousForest",31.198824,-84.491213,"WGS84",20.1,44.9,0.2,"2016-07-20T16:50Z","JERC.2016.29",,,"drag and flag",160,"N",0,0,0,"No known compromise","NEON.DOC.014045vG","Rxv8FKFfd/ciZf8CWk7KdeVazLIhBZVm",
