uid,namedLocation,plotID,collectDate,identifiedDate,sampleID,subsampleID,scientificName,acceptedTaxonID,taxonRank,family,subfamily,tribe,subtribe,genus,subgenus,specificEpithet,infraspecificEpithet,identificationQualifier,identificationReferences,identificationProtocolVersion,scientificNameAuthorship,sexOrAge,individualCount,sampleCondition,archiveMedium,archiveFacilityID,deprecatedVialID,identifiedBy,laboratoryName,remarks
"523cf03d-8282-4d9c-893f-0eb91bdb2732","HARV_022.tickPlot.tck","HARV_022","2017-10-02T13:50Z","2017-10-20T16:00Z","HARV_022.20171002","HARV_022.20171002.IXOSP.L","Ixodidae sp.","IXOSP","family","Ixodidae",,,,,,"sp.",,,,"GSU_tickIdentification_SOP_2016-11-01.pdf",,"Larva",1,"OK","90% ethanol","USNMENT01358827","HARV_022.20171002.L","Guy Hobbs","Georgia Southern University",
"ef44eb3e-9619-4c62-9be9-e28b27f27f1b","HARV_006.tickPlot.tck","HARV_006","2017-10-02T14:50Z","2017-10-20T16:00Z","HARV_006.20171002","HARV_006.20171002.IXOSP.L","Ixodidae sp.","IXOSP","family","Ixodidae",,,,,,"sp.",,,,"GSU_tickIdentification_SOP_2016-11-01.pdf",,"Larva",1,"OK","90% ethanol","USNMENT01358826","HARV_006.20171002.L","Guy Hobbs","Georgia Southern University",
"3cd88ca3-73e9-4e6c-803c-800e93642fb6","HARV_026.tickPlot.tck","HARV_026","2017-10-02T15:32Z","2017-10-20T16:00Z","HARV_026.20171002","HARV_026.20171002.IXOSP.L","Ixodidae sp.","IXOSP","family","Ixodidae",,,,,,"sp.",,,,"GSU_tickIdentification_SOP_2016-11-01.pdf",,"Larva",1,"OK","90% ethanol","USNMENT01358825","HARV_026.20171002.L","Guy Hobbs","Georgia Southern University",
"d7b862c9-228b-4fc3-9e89-72e479c8f363","HARV_001.tickPlot.tck","HARV_001","2017-10-02T16:22Z","2018-01-20T17:00Z","HARV_001.20171002","HARV_001.20171002.IXOSCA.N","Ixodes scapularis","IXOSCA","species","Ixodidae",,,,"Ixodes",,"scapularis",,,"Cooley, R. A. and G. M. Kohls. 1945. The genus Ixodes in North America. National Institute of Health Bulletin, 184.","GSU_tickIdentification_SOP_2016-11-01.pdf","Say","Nymph",1,"OK","90% ethanol","USNMENT01358824","HARV_001.20171002.IXOSCA.N","Lorenza Beati","Georgia Southern University",
"91597820-078c-4fb9-9b08-83a9f3c5bff3","HARV_004.tickPlot.tck","HARV_004","2017-10-02T17:09Z","2018-01-20T17:00Z","HARV_004.20171002","HARV_004.20171002.IXOSCA.N","Ixodes scapularis","IXOSCA","species","Ixodidae",,,,"Ixodes",,"scapularis",,,"Cooley, R. A. and G. M. Kohls. 1945. The genus Ixodes in North America. National Institute of Health Bulletin, 184.","GSU_tickIdentification_SOP_2016-11-01.pdf","Say","Nymph",1,"OK","90% ethanol","USNMENT01358823","HARV_004.20171002.IXOSCA.N","Lorenza Beati","Georgia Southern University",
"92982099-7d14-4854-ac90-21c9182d8d28","HARV_020.tickPlot.tck","HARV_020","2017-10-02T17:39Z","2017-10-20T16:00Z","HARV_020.20171002","HARV_020.20171002.IXOSP.L","Ixodidae sp.","IXOSP","family","Ixodidae",,,,,,"sp.",,,,"GSU_tickIdentification_SOP_2016-11-01.pdf",,"Larva",1,"OK","90% ethanol","USNMENT01358822","HARV_020.20171002.L","Guy Hobbs","Georgia Southern University",
