uid,namedLocation,domainID,siteID,plotID,plotType,nlcdClass,decimalLatitude,decimalLongitude,geodeticDatum,coordinateUncertainty,elevation,elevationUncertainty,collectDate,eventID,sampleID,sampleCode,samplingMethod,totalSampledArea,targetTaxaPresent,adultCount,nymphCount,larvaCount,sampleCondition,samplingProtocolVersion,measuredBy,remarks
"c0da89bd-6823-4237-9e61-42c5f2a2c6c4","HARV_022.tickPlot.tck","D01","HARV","HARV_022","distributed","evergreenForest",42.435462,-72.199291,"WGS84",20.3,186.3,0.3,"2017-10-02T13:50Z","HARV.2017.41","HARV_022.20171002",,"drag and flag",160,"Y",0,0,3,"No known compromise","NEON.DOC.014045vH","9rtYv6x/bdfO4wEJK3R6BxlDDClSKivng1Q1vdwmSg4=",
"891c2379-5981-416a-9436-32975424030b","HARV_006.tickPlot.tck","D01","HARV","HARV_006","distributed","deciduousForest",42.401938,-72.252716,"WGS84",20.2,190.4,0.3,"2017-10-02T14:50Z","HARV.2017.41","HARV_006.20171002",,"drag",160,"Y",0,0,34,"No known compromise","NEON.DOC.014045vH","9rtYv6x/bdfO4wEJK3R6BxlDDClSKivng1Q1vdwmSg4=",
"ab187fb2-f776-43ac-971f-2ec4dd93c365","HARV_026.tickPlot.tck","D01","HARV","HARV_026","distributed","evergreenForest",42.412068,-72.246529,"WGS84",20.2,185.7,0.3,"2017-10-02T15:32Z","HARV.2017.41","HARV_026.20171002",,"drag and flag",160,"Y",0,0,1,"No known compromise","NEON.DOC.014045vH","9rtYv6x/bdfO4wEJK3R6BxlDDClSKivng1Q1vdwmSg4=",
"b31fddb8-610e-41ac-aae1-7f752bdf01b0","HARV_001.tickPlot.tck","D01","HARV","HARV_001","distributed","deciduousForest",42.424227,-72.260097,"WGS84",20.2,201.1,0.3,"2017-10-02T16:22Z","HARV.2017.41","HARV_001.20171002",,"drag and flag",160,"Y",0,1,0,"No known compromise","NEON.DOC.014045vH","YsQRNf3o1m+XRfINiKJP3KR+B/+BD58arPkIK33NF6E=",
"95b1c338-985a-4a70-a760-25797f1b2e2b","HARV_004.tickPlot.tck","D01","HARV","HARV_004","distributed","mixedForest",42.426878,-72.227943,"WGS84",20.3,185.9,0.3,"2017-10-02T17:09Z","HARV.2017.41","HARV_004.20171002",,"drag and flag",160,"Y",0,1,0,"No known compromise","NEON.DOC.014045vH","YsQRNf3o1m+XRfINiKJP3KR+B/+BD58arPkIK33NF6E=",
"288025cf-3e44-46aa-a630-e4a3b70e6e49","HARV_020.tickPlot.tck","D01","HARV","HARV_020","distributed","woodyWetlands",42.438157,-72.228923,"WGS84",20.2,228.3,0.3,"2017-10-02T17:39Z","HARV.2017.41","HARV_020.20171002",,"drag and flag",157,"Y",0,1,0,"No known compromise","NEON.DOC.014045vH","YsQRNf3o1m+XRfINiKJP3KR+B/+BD58arPkIK33NF6E=",
