uid,namedLocation,domainID,siteID,plotID,plotType,nlcdClass,decimalLatitude,decimalLongitude,geodeticDatum,coordinateUncertainty,elevation,elevationUncertainty,collectDate,eventID,sampleID,sampleCode,samplingMethod,totalSampledArea,targetTaxaPresent,adultCount,nymphCount,larvaCount,sampleCondition,samplingProtocolVersion,measuredBy,remarks
"defcab57-196e-41e0-b3c7-c84d9bfc54d0","CLBJ_036.tickPlot.tck","D11","CLBJ","CLBJ_036","distributed","grasslandHerbaceous",33.396494,-97.580919,"WGS84",20.1,289.5,0.1,"2016-12-20T14:36Z","CLBJ.2016.51",,,"drag",160,"N",0,0,0,"No known compromise","NEON.DOC.014045vG","cJ8Mt89MTxlqOnAc6pDp/DoDhz6eIepx",
"2bfda23c-77c4-4b8d-a1fa-98d65e7f90b0","CLBJ_034.tickPlot.tck","D11","CLBJ","CLBJ_034","distributed","grasslandHerbaceous",33.320090,-97.578537,"WGS84",20.0,325.2,0.0,"2016-12-20T14:52Z","CLBJ.2016.51",,,"drag and flag",130,"N",0,0,0,"No known compromise","NEON.DOC.014045vG","IjazmSQBojWK8GwK3uYgHEOxqS1i0b6w","30m taken off due to water fence and greenbriar"
"79de960d-22a3-4c7b-9412-99e217a60096","CLBJ_032.tickPlot.tck","D11","CLBJ","CLBJ_032","distributed","grasslandHerbaceous",33.405176,-97.595129,"WGS84",20.1,294.7,0.1,"2016-12-20T15:19Z","CLBJ.2016.51",,,"drag",160,"N",0,0,0,"No known compromise","NEON.DOC.014045vG","cJ8Mt89MTxlqOnAc6pDp/DoDhz6eIepx",
"6061f74f-346f-4903-bec7-3e56021688c4","CLBJ_033.tickPlot.tck","D11","CLBJ","CLBJ_033","distributed","deciduousForest",33.382288,-97.619783,"WGS84",20.1,305.5,0.1,"2016-12-20T15:41Z","CLBJ.2016.51",,,"drag and flag",130,"N",0,0,0,"No known compromise","NEON.DOC.014045vG","IjazmSQBojWK8GwK3uYgHEOxqS1i0b6w","Deviated 15m due to greenbriar and trees"
"6d21dd77-3d38-4bc8-81c4-28794d852be8","CLBJ_043.tickPlot.tck","D11","CLBJ","CLBJ_043","distributed","deciduousForest",33.410406,-97.593713,"WGS84",20.1,285.9,0.1,"2016-12-20T15:44Z","CLBJ.2016.51",,,"drag and flag",175,"N",0,0,0,"No known compromise","NEON.DOC.014045vG","cJ8Mt89MTxlqOnAc6pDp/DoDhz6eIepx","3m deviation on west side for trees and sumac. 12m deviation on north side for trees."
"ccaf5d21-3721-4efa-82fc-1c4f14df619f","CLBJ_040.tickPlot.tck","D11","CLBJ","CLBJ_040","distributed","deciduousForest",33.377571,-97.647238,"WGS84",20.1,328.9,0.1,"2016-12-20T16:23Z","CLBJ.2016.51",,,"drag and flag",100,"N",0,0,0,"No known compromise","NEON.DOC.014045vG","IjazmSQBojWK8GwK3uYgHEOxqS1i0b6w","60m taken off due to Greenbriar and trees"
