uid,namedLocation,domainID,siteID,plotID,plotType,nlcdClass,decimalLatitude,decimalLongitude,geodeticDatum,coordinateUncertainty,elevation,elevationUncertainty,collectDate,eventID,sampleID,sampleCode,samplingMethod,totalSampledArea,targetTaxaPresent,adultCount,nymphCount,larvaCount,sampleCondition,samplingProtocolVersion,measuredBy,remarks
"4c30e32c-f26e-4f0d-b2fc-ea8b84fa7061","UNDE_013.tickPlot.tck","D05","UNDE","UNDE_013","distributed","deciduousForest",46.227776,-89.535166,"WGS84",20.2,510.3,0.3,"2018-06-11T13:40Z","UNDE.2018.24",,,"drag and flag",158,"N",0,0,0,,"NEON.DOC.014045vJ","KHFso3BTMGX7Dgup0TZcU6UPybtTgQZvd7+v7nD+zw4=","2 meter skipped for standing water"
"d7dce5bb-9416-47c9-8aed-a816885c3b8f","UNDE_011.tickPlot.tck","D05","UNDE","UNDE_011","distributed","woodyWetlands",46.213935,-89.505950,"WGS84",20.3,507.7,0.4,"2018-06-11T15:31Z","UNDE.2018.24",,,"drag and flag",167,"N",0,0,0,,"NEON.DOC.014045vJ","AhZsviUviMNoNqEyyPr85yIRwM2ADy+TTr0X6Ji0aLk=",
"316ed3ce-8512-4ef1-9a1f-8eab419842b4","UNDE_017.tickPlot.tck","D05","UNDE","UNDE_017","distributed","mixedForest",46.236736,-89.497054,"WGS84",20.1,518.8,0.2,"2018-06-11T17:15Z","UNDE.2018.24",,,"drag and flag",160,"N",0,0,0,,"NEON.DOC.014045vJ","AhZsviUviMNoNqEyyPr85yIRwM2ADy+TTr0X6Ji0aLk=",
"8748a208-998a-481d-b793-34805e019e9c","UNDE_999.tickPlot.tck","D05","UNDE","UNDE_999","distributed","woodyWetlands",46.256243,-89.534200,"WGS84",20.2,507.1,0.3,"2018-06-11T19:07Z","UNDE.2018.24",,,"drag and flag",162,"N",0,0,0,,"NEON.DOC.014045vJ","AhZsviUviMNoNqEyyPr85yIRwM2ADy+TTr0X6Ji0aLk=",
"f5ada8bf-93c5-4bfc-821b-370fb08b65e6","UNDE_002.tickPlot.tck","D05","UNDE","UNDE_002","distributed","woodyWetlands",46.242285,-89.543255,"WGS84",20.3,506.2,0.4,"2018-06-11T20:25Z","UNDE.2018.24",,,"drag and flag",166,"N",0,0,0,,"NEON.DOC.014045vJ","AhZsviUviMNoNqEyyPr85yIRwM2ADy+TTr0X6Ji0aLk=",
"f13ad8d8-aa18-4eb0-8d65-ec1b8a7ea763","UNDE_019.tickPlot.tck","D05","UNDE","UNDE_019","distributed","deciduousForest",46.257425,-89.542054,"WGS84",20.2,519.0,0.2,"2018-06-14T20:12Z","UNDE.2018.24",,,"flag",160,"N",0,0,0,,"NEON.DOC.014045vJ","UrIrVULjX6rksC5Bv8RX5xSv+khuOcTHtU/lAp2t5w8=",
