uid,namedLocation,date,eventID,domainID,siteID,plotID,subplotID,nestedSubplotID,groupID,taxonID,scientificName,taxonRank,identificationReferences,identificationQualifier,volumePercent,livePercent,deadPercent,canopyArea,meanHeight,remarks,measuredBy,recordedBy,dataQF
"77cdd0bf-31a5-44e4-ad1c-31ccf75c30da","SJER_059.basePlot.vst","2016-11-17","vst_SJER_2016","D17","SJER","SJER_059","23",,"23_01","CECU","Ceanothus cuneatus (Hook.) Nutt.","species",,"cf. species",100,0,100,8.5,1.10,,"/okdeQQFj3ok0YrB9sbbCIk0Gya2xtkj","V5rt+BKIicJ6EBjqe3TMuRqHR0FOIj8d",
"0b57b68c-ff4a-4d44-b8dd-970b617723a9","SJER_059.basePlot.vst","2016-11-17","vst_SJER_2016","D17","SJER","SJER_059","21",,"21_01","CECU","Ceanothus cuneatus (Hook.) Nutt.","species",,,100,60,40,22.5,2.68,,"/okdeQQFj3ok0YrB9sbbCIk0Gya2xtkj","V5rt+BKIicJ6EBjqe3TMuRqHR0FOIj8d",
"cb2966dc-d8e4-47ab-8660-6943eb2a8e4f","SJER_047.basePlot.vst","2016-11-23","vst_SJER_2016","D17","SJER","SJER_047","39",,"39_01","TODI","Toxicodendron diversilobum (Torr. & A. Gray) Greene","species",,,100,75,25,6.5,1.92,,"V5rt+BKIicJ6EBjqe3TMuRqHR0FOIj8d","6O4GMD80+R1PwLk+7ZFzI0Tp2lwP64pOoX80OgdCeqE=",
"6a5a4703-c367-466b-9506-c345af73f05e","SJER_047.basePlot.vst","2016-11-23","vst_SJER_2016","D17","SJER","SJER_047","39",,"39_02","TODI","Toxicodendron diversilobum (Torr. & A. Gray) Greene","species",,,100,75,25,4.0,1.00,,"V5rt+BKIicJ6EBjqe3TMuRqHR0FOIj8d","6O4GMD80+R1PwLk+7ZFzI0Tp2lwP64pOoX80OgdCeqE=",
"a1cbc654-e4df-4018-91d6-615270b44ea6","SJER_052.basePlot.vst","2016-11-28","vst_SJER_2016","D17","SJER","SJER_052","23",,"23_01","FRCAC7","Frangula californica (Eschsch.) A. Gray ssp. cuspidata (Greene) Kartesz & Gandhi","subspecies",,,100,0,100,35.0,2.46,,"lX3vzM5VjEiL5o0+CewjLCbxe6oT8o7B","6O4GMD80+R1PwLk+7ZFzI0Tp2lwP64pOoX80OgdCeqE=",
