uid,namedLocation,domainID,siteID,plotID,plotType,nlcdClass,decimalLatitude,decimalLongitude,geodeticDatum,coordinateUncertainty,elevation,elevationUncertainty,collectDate,eventID,sampleID,sampleCode,samplingMethod,totalSampledArea,targetTaxaPresent,adultCount,nymphCount,larvaCount,sampleCondition,samplingProtocolVersion,measuredBy,remarks
"333610f0-776d-44a7-904a-16c20e80d2de","STEI_029.tickPlot.tck","D05","STEI","STEI_029","distributed","mixedForest",45.832878,-90.075489,"WGS84",20.1,492.2,0.2,"2016-06-03T14:59Z","STEI.2016.22",,,"flag",152,"N",0,0,0,"No known compromise","NEON.DOC.014045vG","YuW/faeE8CA0LPruU4mWPAB1f1hSTbIk",
"7a91eebc-9cc9-4ee4-b969-055fbbe24914","STEI_003.tickPlot.tck","D05","STEI","STEI_003","distributed","deciduousForest",45.824086,-90.071058,"WGS84",20.3,510.1,0.5,"2016-06-03T16:10Z","STEI.2016.22",,,"drag and flag",160,"N",0,0,0,"No known compromise","NEON.DOC.014045vG","ivTX0o97qsvQmuujGuWrKq4nHA2L9cNp",
"2f9969a1-a294-46a3-97c1-5b1e5f3ce81b","STEI_023.tickPlot.tck","D05","STEI","STEI_023","distributed","woodyWetlands",45.824017,-90.096171,"WGS84",20.2,480.4,0.3,"2016-06-03T17:59Z","STEI.2016.22",,,"flag",149,"N",0,0,0,"No known compromise","NEON.DOC.014045vG","YuW/faeE8CA0LPruU4mWPAB1f1hSTbIk","Cloth became damp after falling in stream."
"27595551-e170-46aa-aafc-0d573472e614","STEI_005.tickPlot.tck","D05","STEI","STEI_005","distributed","deciduousForest",45.825112,-90.085882,"WGS84",20.3,509.9,0.5,"2016-06-03T19:08Z","STEI.2016.22",,,"drag and flag",161,"N",0,0,0,"No known compromise","NEON.DOC.014045vG","ivTX0o97qsvQmuujGuWrKq4nHA2L9cNp","Rain started 3/4 of the way through but still finished because ground wasn't too wet."
"4c9b79a1-e50b-40cb-aa83-d7fccb7ae641","STEI_001.tickPlot.tck","D05","STEI","STEI_001","distributed","deciduousForest",45.812978,-90.091123,"WGS84",20.3,509.3,0.4,"2016-06-09T20:42Z","STEI.2016.23",,,"drag and flag",153,"N",0,0,0,"No known compromise","NEON.DOC.014045vG","YuW/faeE8CA0LPruU4mWPAB1f1hSTbIk",
"aad6e312-85d4-40da-bf8b-1e86672b2e19","STEI_002.tickPlot.tck","D05","STEI","STEI_002","distributed","deciduousForest",45.796166,-90.091452,"WGS84",20.2,520.3,0.4,"2016-06-09T21:51Z","STEI.2016.23",,,"drag",160,"N",0,0,0,"No known compromise","NEON.DOC.014045vG","bb/0nw3bOcDdIINNEekggWc/vmHGQ31/",
"438d1393-1fce-4b45-a131-37bc795a7945","STEI_005.tickPlot.tck","D05","STEI","STEI_005","distributed","deciduousForest",45.825112,-90.085882,"WGS84",20.3,509.9,0.5,"2016-06-20T06:21Z","STEI.2016.25",,,"drag and flag",166,"N",0,0,0,"No known compromise","NEON.DOC.014045vG","ENeP0aOc3IJKOzpx0s21WjiUy0VSbDmm",
"91510555-ec60-4d53-9b41-9f04c74c141e","STEI_029.tickPlot.tck","D05","STEI","STEI_029","distributed","mixedForest",45.832878,-90.075489,"WGS84",20.1,492.2,0.2,"2016-06-20T15:22Z","STEI.2016.25","STEI_029.20160620",,"flag",158,"Y",1,0,0,"No known compromise","NEON.DOC.014045vG","ENeP0aOc3IJKOzpx0s21WjiUy0VSbDmm","Shorter sampling time the result of two teams dragging in opposite directions"
"ec411d8f-13eb-4308-94eb-b425c85838dd","STEI_003.tickPlot.tck","D05","STEI","STEI_003","distributed","deciduousForest",45.824086,-90.071058,"WGS84",20.3,510.1,0.5,"2016-06-20T16:40Z","STEI.2016.25",,,"drag and flag",159,"N",0,0,0,"No known compromise","NEON.DOC.014045vG","SSLLKilYJ59gPsiuTY4/MOP/9OOiD+bT",
"f0031224-07b4-44a0-828e-81e8b880c887","STEI_023.tickPlot.tck","D05","STEI","STEI_023","distributed","woodyWetlands",45.824017,-90.096171,"WGS84",20.2,480.4,0.3,"2016-06-20T16:43Z","STEI.2016.25","STEI_023.20160620",,"flag",164,"Y",0,2,0,"No known compromise","NEON.DOC.014045vG","Syw2LXB/pj+fmGCuwdgBGVryVUmYhw3g",
"3d77bb7a-1755-4675-b9b4-8b4f00941cad","STEI_001.tickPlot.tck","D05","STEI","STEI_001","distributed","deciduousForest",45.812978,-90.091123,"WGS84",20.3,509.3,0.4,"2016-06-20T18:25Z","STEI.2016.25",,,"drag and flag",140,"N",0,0,0,"No known compromise","NEON.DOC.014045vG","YuW/faeE8CA0LPruU4mWPAB1f1hSTbIk",
"99d3a620-4402-401f-a1c5-fb87fdb80752","STEI_002.tickPlot.tck","D05","STEI","STEI_002","distributed","deciduousForest",45.796166,-90.091452,"WGS84",20.2,520.3,0.4,"2016-06-20T19:22Z","STEI.2016.25",,,"drag and flag",160,"N",0,0,0,"No known compromise","NEON.DOC.014045vG","SSLLKilYJ59gPsiuTY4/MOP/9OOiD+bT",
