uid,namedLocation,plotID,collectDate,identifiedDate,sampleID,subsampleID,scientificName,acceptedTaxonID,taxonRank,family,subfamily,tribe,subtribe,genus,subgenus,specificEpithet,infraspecificEpithet,identificationQualifier,identificationReferences,identificationProtocolVersion,scientificNameAuthorship,sexOrAge,individualCount,sampleCondition,archiveMedium,archiveFacilityID,deprecatedVialID,identifiedBy,laboratoryName,remarks
"e3f551bf-d75b-4bb3-a4b9-48f4e0e5d135","TALL_002.tickPlot.tck","TALL_002","2015-06-03T13:39Z","2016-08-02T16:00Z","TALL_002.20150603","TALL_002.20150603.AMBAME.F","Amblyomma americanum","AMBAME","species","Ixodidae",,,,"Amblyomma",,"americanum",,,"Cooley, R. A. and G. M. Kohls. 1944. The genus Amblyomma (ixodidae) in the United States. The Journal of Parasitology, 30(2):77-111.","GSU_tickIdentification_SOP_2016-11-01.pdf","Linnaeus","Female",2,"OK","90% ethanol","127003",,"L. Beati","Georgia Southern University",
"bf6d8220-5563-4e18-90fc-3191398660e3","TALL_002.tickPlot.tck","TALL_002","2015-06-03T13:39Z","2016-08-02T12:00Z","TALL_002.20150603","TALL_002.20150603.AMBAME.N","Amblyomma americanum","AMBAME","species","Ixodidae",,,,"Amblyomma",,"americanum",,,"Cooley, R. A. and G. M. Kohls. 1944. The genus Amblyomma (ixodidae) in the United States. The Journal of Parasitology, 30(2):77-111.","GSU_tickIdentification_SOP_2016-11-01.pdf","Linnaeus","Nymph",10,"OK","95% ethanol","127003",,"L. Beati","Georgia Southern University",
"67b71da8-f187-4800-acee-a8dd5de8cd3f","TALL_002.tickPlot.tck","TALL_002","2015-06-03T13:39Z","2016-08-02T16:00Z","TALL_002.20150603","TALL_002.20150603.AMBAME.M","Amblyomma americanum","AMBAME","species","Ixodidae",,,,"Amblyomma",,"americanum",,,"Cooley, R. A. and G. M. Kohls. 1944. The genus Amblyomma (ixodidae) in the United States. The Journal of Parasitology, 30(2):77-111.","GSU_tickIdentification_SOP_2016-11-01.pdf","Linnaeus","Male",1,"OK","90% ethanol","127003",,"L. Beati","Georgia Southern University",
"e6785274-4994-4f7b-907d-78b956acde44","TALL_001.tickPlot.tck","TALL_001","2015-06-03T13:58Z","2016-08-03T12:00Z","TALL_001.20150603","TALL_001.20150603.AMBAME.N","Amblyomma americanum","AMBAME","species","Ixodidae",,,,"Amblyomma",,"americanum",,,"Cooley, R. A. and G. M. Kohls. 1944. The genus Amblyomma (ixodidae) in the United States. The Journal of Parasitology, 30(2):77-111.","GSU_tickIdentification_SOP_2016-11-01.pdf","Linnaeus","Nymph",3,"OK","95% ethanol","127002",,"L. Beati","Georgia Southern University",
"41972443-e0ba-4522-a5b7-5cfacebf2f58","TALL_001.tickPlot.tck","TALL_001","2015-06-03T13:58Z","2016-08-03T16:00Z","TALL_001.20150603","TALL_001.20150603.AMBAME.M","Amblyomma americanum","AMBAME","species","Ixodidae",,,,"Amblyomma",,"americanum",,,"Cooley, R. A. and G. M. Kohls. 1944. The genus Amblyomma (ixodidae) in the United States. The Journal of Parasitology, 30(2):77-111.","GSU_tickIdentification_SOP_2016-11-01.pdf","Linnaeus","Male",1,"OK","90% ethanol","127002",,"L. Beati","Georgia Southern University",
"72d074ad-7630-4d58-9c73-5155671f82bb","TALL_008.tickPlot.tck","TALL_008","2015-06-03T15:19Z","2016-08-03T16:00Z","TALL_008.20150603","TALL_008.20150603.AMBAME.F","Amblyomma americanum","AMBAME","species","Ixodidae",,,,"Amblyomma",,"americanum",,,"Cooley, R. A. and G. M. Kohls. 1944. The genus Amblyomma (ixodidae) in the United States. The Journal of Parasitology, 30(2):77-111.","GSU_tickIdentification_SOP_2016-11-01.pdf","Linnaeus","Female",2,"OK","90% ethanol","127006",,"L. Beati","Georgia Southern University",
"0aa6ce4c-3c6a-4271-be73-d7e236585a65","TALL_008.tickPlot.tck","TALL_008","2015-06-03T15:19Z","2016-08-03T12:00Z","TALL_008.20150603","TALL_008.20150603.AMBAME.N","Amblyomma americanum","AMBAME","species","Ixodidae",,,,"Amblyomma",,"americanum",,,"Cooley, R. A. and G. M. Kohls. 1944. The genus Amblyomma (ixodidae) in the United States. The Journal of Parasitology, 30(2):77-111.","GSU_tickIdentification_SOP_2016-11-01.pdf","Linnaeus","Nymph",36,"OK","95% ethanol","127006",,"L. Beati","Georgia Southern University",
"dd95d1e5-ae8e-43b5-9894-8540884e4620","TALL_008.tickPlot.tck","TALL_008","2015-06-03T15:19Z","2016-08-03T16:00Z","TALL_008.20150603","TALL_008.20150603.AMBAME.M","Amblyomma americanum","AMBAME","species","Ixodidae",,,,"Amblyomma",,"americanum",,,"Cooley, R. A. and G. M. Kohls. 1944. The genus Amblyomma (ixodidae) in the United States. The Journal of Parasitology, 30(2):77-111.","GSU_tickIdentification_SOP_2016-11-01.pdf","Linnaeus","Male",2,"OK","90% ethanol","127006",,"L. Beati","Georgia Southern University",
"a4a81c11-2d0e-431a-b6e0-6d3f84b5752d","TALL_016.tickPlot.tck","TALL_016","2015-06-03T15:50Z","2016-08-03T12:00Z","TALL_016.20150603","TALL_016.20150603.AMBAME.N","Amblyomma americanum","AMBAME","species","Ixodidae",,,,"Amblyomma",,"americanum",,,"Cooley, R. A. and G. M. Kohls. 1944. The genus Amblyomma (ixodidae) in the United States. The Journal of Parasitology, 30(2):77-111.","GSU_tickIdentification_SOP_2016-11-01.pdf","Linnaeus","Nymph",2,"OK","95% ethanol","127007",,"L. Beati","Georgia Southern University",
"ed9cd47f-263b-4040-b6b4-702b1e6dacc3","TALL_006.tickPlot.tck","TALL_006","2015-06-03T17:33Z","2016-08-03T12:00Z","TALL_006.20150603","TALL_006.20150603.AMBAME.N","Amblyomma americanum","AMBAME","species","Ixodidae",,,,"Amblyomma",,"americanum",,,"Cooley, R. A. and G. M. Kohls. 1944. The genus Amblyomma (ixodidae) in the United States. The Journal of Parasitology, 30(2):77-111.","GSU_tickIdentification_SOP_2016-11-01.pdf","Linnaeus","Nymph",5,"OK","95% ethanol","127005",,"L. Beati","Georgia Southern University",
"8e4413d2-c3fe-493d-adc4-3605de66cea4","TALL_003.tickPlot.tck","TALL_003","2015-06-03T17:38Z","2016-08-04T16:00Z","TALL_003.20150603","TALL_003.20150603.DERVAR.M","Dermacentor variabilis","DERVAR","species","Ixodidae",,,,"Dermacentor",,"variabilis",,,,"GSU_tickIdentification_SOP_2016-11-01.pdf","Say","Male",1,"OK","90% ethanol","127004",,"L. Beati","Georgia Southern University",
"873abce3-c25f-4b80-b528-a823c1c59e60","TALL_003.tickPlot.tck","TALL_003","2015-06-03T17:38Z","2016-08-04T12:00Z","TALL_003.20150603","TALL_003.20150603.AMBAME.N","Amblyomma americanum","AMBAME","species","Ixodidae",,,,"Amblyomma",,"americanum",,,"Cooley, R. A. and G. M. Kohls. 1944. The genus Amblyomma (ixodidae) in the United States. The Journal of Parasitology, 30(2):77-111.","GSU_tickIdentification_SOP_2016-11-01.pdf","Linnaeus","Nymph",5,"OK","95% ethanol","127004",,"L. Beati","Georgia Southern University",
"86b98065-34de-4073-b062-96f76472d1e1","TALL_008.tickPlot.tck","TALL_008","2015-06-22T12:25Z","2016-08-04T12:00Z","TALL_008.20150622","TALL_008.20150622.AMBAME.N","Amblyomma americanum","AMBAME","species","Ixodidae",,,,"Amblyomma",,"americanum",,,"Cooley, R. A. and G. M. Kohls. 1944. The genus Amblyomma (ixodidae) in the United States. The Journal of Parasitology, 30(2):77-111.","GSU_tickIdentification_SOP_2016-11-01.pdf","Linnaeus","Nymph",18,"OK","95% ethanol","127012",,"L. Beati","Georgia Southern University",
"7dfd1c0e-cad6-4783-814f-4bce54d51d0d","TALL_002.tickPlot.tck","TALL_002","2015-06-22T13:48Z","2016-08-02T16:00Z","TALL_002.20150622","TALL_002.20150622.AMBAME.M","Amblyomma americanum","AMBAME","species","Ixodidae",,,,"Amblyomma",,"americanum",,,"Cooley, R. A. and G. M. Kohls. 1944. The genus Amblyomma (ixodidae) in the United States. The Journal of Parasitology, 30(2):77-111.","GSU_tickIdentification_SOP_2016-11-01.pdf","Linnaeus","Male",1,"OK","90% ethanol","127009",,"L. Beati","Georgia Southern University",
"ee5dbbf4-b241-4dcf-96fd-f3b8294e680f","TALL_002.tickPlot.tck","TALL_002","2015-06-22T13:48Z","2016-08-02T16:00Z","TALL_002.20150622","TALL_002.20150622.IXOSCA.N","Ixodes scapularis","IXOSCA","species","Ixodidae",,,,"Ixodes",,"scapularis",,,"Keirans, J. E., and C. M. Clifford. 1978. The genus Ixodes in the United States: a scanning electron microscope study and key to the adults. Journal of Medical Entomology, 15(Supplement 2):1-38.","GSU_tickIdentification_SOP_2016-11-01.pdf","Say","Nymph",1,"OK","90% ethanol","127009",,"L. Beati","Georgia Southern University",
"be43b877-4a13-4540-95fe-99b9204dbd2d","TALL_002.tickPlot.tck","TALL_002","2015-06-22T13:48Z","2016-08-02T12:00Z","TALL_002.20150622","TALL_002.20150622.AMBAME.N","Amblyomma americanum","AMBAME","species","Ixodidae",,,,"Amblyomma",,"americanum",,,"Cooley, R. A. and G. M. Kohls. 1944. The genus Amblyomma (ixodidae) in the United States. The Journal of Parasitology, 30(2):77-111.","GSU_tickIdentification_SOP_2016-11-01.pdf","Linnaeus","Nymph",5,"OK","95% ethanol","127009",,"L. Beati","Georgia Southern University",
"ed287b5b-b648-4fac-a163-fc1bba9a98a6","TALL_002.tickPlot.tck","TALL_002","2015-06-22T13:48Z","2016-08-02T16:00Z","TALL_002.20150622","TALL_002.20150622.AMBAME.F","Amblyomma americanum","AMBAME","species","Ixodidae",,,,"Amblyomma",,"americanum",,,"Cooley, R. A. and G. M. Kohls. 1944. The genus Amblyomma (ixodidae) in the United States. The Journal of Parasitology, 30(2):77-111.","GSU_tickIdentification_SOP_2016-11-01.pdf","Linnaeus","Female",1,"OK","90% ethanol","127009",,"L. Beati","Georgia Southern University",
"24e61001-000d-465a-826b-b2d4e40a379e","TALL_003.tickPlot.tck","TALL_003","2015-06-22T15:16Z","2016-08-04T16:00Z","TALL_003.20150622","TALL_003.20150622.AMBAME.M","Amblyomma americanum","AMBAME","species","Ixodidae",,,,"Amblyomma",,"americanum",,,"Cooley, R. A. and G. M. Kohls. 1944. The genus Amblyomma (ixodidae) in the United States. The Journal of Parasitology, 30(2):77-111.","GSU_tickIdentification_SOP_2016-11-01.pdf","Linnaeus","Male",2,"OK","90% ethanol","127010",,"L. Beati","Georgia Southern University",
"0a95ce49-3340-407d-9138-13c2ddb56a49","TALL_003.tickPlot.tck","TALL_003","2015-06-22T15:16Z","2016-08-04T12:00Z","TALL_003.20150622","TALL_003.20150622.AMBAME.N","Amblyomma americanum","AMBAME","species","Ixodidae",,,,"Amblyomma",,"americanum",,,"Cooley, R. A. and G. M. Kohls. 1944. The genus Amblyomma (ixodidae) in the United States. The Journal of Parasitology, 30(2):77-111.","GSU_tickIdentification_SOP_2016-11-01.pdf","Linnaeus","Nymph",7,"OK","95% ethanol","127010",,"L. Beati","Georgia Southern University",
"732c9fcb-864a-4444-9f75-e0f616bf3354","TALL_006.tickPlot.tck","TALL_006","2015-06-22T16:28Z","2016-08-04T16:00Z","TALL_006.20150622","TALL_006.20150622.AMBAME.F","Amblyomma americanum","AMBAME","species","Ixodidae",,,,"Amblyomma",,"americanum",,,"Cooley, R. A. and G. M. Kohls. 1944. The genus Amblyomma (ixodidae) in the United States. The Journal of Parasitology, 30(2):77-111.","GSU_tickIdentification_SOP_2016-11-01.pdf","Linnaeus","Female",1,"OK","90% ethanol","127011",,"L. Beati","Georgia Southern University",
"088bf1e6-1235-4552-83c7-c9bb029d9d6d","TALL_001.tickPlot.tck","TALL_001","2015-06-22T18:03Z","2016-08-02T16:00Z","TALL_001.20150622","TALL_001.20150622.AMBAME.F","Amblyomma americanum","AMBAME","species","Ixodidae",,,,"Amblyomma",,"americanum",,,"Cooley, R. A. and G. M. Kohls. 1944. The genus Amblyomma (ixodidae) in the United States. The Journal of Parasitology, 30(2):77-111.","GSU_tickIdentification_SOP_2016-11-01.pdf","Linnaeus","Female",2,"OK","90% ethanol","127008",,"L. Beati","Georgia Southern University",
"5af22399-b4f8-4a71-985a-fa47c5ff8903","TALL_001.tickPlot.tck","TALL_001","2015-06-22T18:03Z","2016-08-02T16:00Z","TALL_001.20150622","TALL_001.20150622.DERVAR.M","Dermacentor variabilis","DERVAR","species","Ixodidae",,,,"Dermacentor",,"variabilis",,,,"GSU_tickIdentification_SOP_2016-11-01.pdf","Say","Male",1,"OK","90% ethanol","127008",,"L. Beati","Georgia Southern University",
"9f789f68-ff51-41c3-b35a-958bf0d581e5","TALL_001.tickPlot.tck","TALL_001","2015-06-22T18:03Z","2016-08-02T12:00Z","TALL_001.20150622","TALL_001.20150622.AMBAME.N","Amblyomma americanum","AMBAME","species","Ixodidae",,,,"Amblyomma",,"americanum",,,"Cooley, R. A. and G. M. Kohls. 1944. The genus Amblyomma (ixodidae) in the United States. The Journal of Parasitology, 30(2):77-111.","GSU_tickIdentification_SOP_2016-11-01.pdf","Linnaeus","Nymph",6,"OK","95% ethanol","127008",,"L. Beati","Georgia Southern University",
"acaae9d9-bea9-4d55-b20a-405fe57f7041","TALL_001.tickPlot.tck","TALL_001","2015-06-22T18:03Z","2016-08-02T16:00Z","TALL_001.20150622","TALL_001.20150622.AMBAME.M","Amblyomma americanum","AMBAME","species","Ixodidae",,,,"Amblyomma",,"americanum",,,"Cooley, R. A. and G. M. Kohls. 1944. The genus Amblyomma (ixodidae) in the United States. The Journal of Parasitology, 30(2):77-111.","GSU_tickIdentification_SOP_2016-11-01.pdf","Linnaeus","Male",1,"OK","90% ethanol","127008",,"L. Beati","Georgia Southern University",
"bdce302b-158e-452d-8b33-383f5e471181","TALL_016.tickPlot.tck","TALL_016","2015-06-22T19:33Z","2016-08-04T16:00Z","TALL_016.20150622","TALL_016.20150622.AMBAME.N","Amblyomma americanum","AMBAME","species","Ixodidae",,,,"Amblyomma",,"americanum",,,"Cooley, R. A. and G. M. Kohls. 1944. The genus Amblyomma (ixodidae) in the United States. The Journal of Parasitology, 30(2):77-111.","GSU_tickIdentification_SOP_2016-11-01.pdf","Linnaeus","Nymph",1,"OK","90% ethanol","127013",,"L. Beati","Georgia Southern University",
