uid,namedLocation,domainID,siteID,plotID,plotType,nlcdClass,decimalLatitude,decimalLongitude,geodeticDatum,coordinateUncertainty,elevation,elevationUncertainty,collectDate,eventID,sampleID,sampleCode,samplingMethod,totalSampledArea,targetTaxaPresent,adultCount,nymphCount,larvaCount,sampleCondition,samplingProtocolVersion,measuredBy,remarks
"d5e3ee32-31ed-4ec1-92bc-0915459c6475","TALL_002.tickPlot.tck","D08","TALL","TALL_002","distributed","mixedForest",32.920823,-87.428955,"WGS84",20.3,104.0,0.4,"2015-06-03T13:39Z","TALL.2015.22","TALL_002.20150603",,"drag and flag",161,"Y",3,10,,"No known compromise","NEON.DOC.014045vF","9NpSOfdMh8lijcaKJO/PGvrTe+m1fKRQ",
"cb54a0d9-b886-44c5-8e26-bf01046b7327","TALL_001.tickPlot.tck","D08","TALL","TALL_001","distributed","deciduousForest",32.976370,-87.432184,"WGS84",20.2,114.6,0.1,"2015-06-03T13:58Z","TALL.2015.22","TALL_001.20150603",,"drag and flag",166,"Y",1,3,,"No known compromise","NEON.DOC.014045vF","v7wRdnV1gD6DA7NUoRhtXNeAYtN2k0WN",
"f24848a0-bef3-4571-aaa7-7587586b848b","TALL_008.tickPlot.tck","D08","TALL","TALL_008","distributed","deciduousForest",32.922874,-87.434097,"WGS84",20.2,127.5,0.2,"2015-06-03T15:19Z","TALL.2015.22","TALL_008.20150603",,"drag and flag",160,"Y",4,36,,"No known compromise","NEON.DOC.014045vF","9NpSOfdMh8lijcaKJO/PGvrTe+m1fKRQ",
"ea12b5f0-d2e8-49e5-987a-c2fc66aa0198","TALL_016.tickPlot.tck","D08","TALL","TALL_016","distributed","evergreenForest",32.971553,-87.415845,"WGS84",20.1,138.9,0.1,"2015-06-03T15:50Z","TALL.2015.22","TALL_016.20150603",,"drag and flag",169,"Y",0,2,,"No known compromise","NEON.DOC.014045vF","v7wRdnV1gD6DA7NUoRhtXNeAYtN2k0WN",
"163e0357-e48c-4a5b-9760-452b692b1c07","TALL_006.tickPlot.tck","D08","TALL","TALL_006","distributed","evergreenForest",32.899144,-87.444571,"WGS84",20.3,108.6,0.3,"2015-06-03T17:33Z","TALL.2015.22","TALL_006.20150603",,"drag and flag",148,"Y",0,5,,"No known compromise","NEON.DOC.014045vF","v7wRdnV1gD6DA7NUoRhtXNeAYtN2k0WN",
"d7dd8a69-b9d6-4507-adcb-8ff4803ded44","TALL_003.tickPlot.tck","D08","TALL","TALL_003","distributed","mixedForest",32.894415,-87.416532,"WGS84",20.2,121.9,0.2,"2015-06-03T17:38Z","TALL.2015.22","TALL_003.20150603",,"drag and flag",160,"Y",1,5,,"No known compromise","NEON.DOC.014045vF","9NpSOfdMh8lijcaKJO/PGvrTe+m1fKRQ",
"5c655619-c72a-4969-8661-7a4f6dc28f12","TALL_008.tickPlot.tck","D08","TALL","TALL_008","distributed","deciduousForest",32.922874,-87.434097,"WGS84",20.2,127.5,0.2,"2015-06-22T12:25Z","TALL.2015.25","TALL_008.20150622",,"drag",165,"Y",0,20,,"No known compromise","NEON.DOC.014045vF","XIk3CMH/VT2ztcDIBBKNwssfFUwUsihU",
"7cc9683f-1209-43f9-bef4-6b8bc3fa9943","TALL_002.tickPlot.tck","D08","TALL","TALL_002","distributed","mixedForest",32.920823,-87.428955,"WGS84",20.3,104.0,0.4,"2015-06-22T13:48Z","TALL.2015.25","TALL_002.20150622",,"drag",165,"Y",2,6,,"No known compromise","NEON.DOC.014045vF","0ygyTA3URVoNp+waZjN2Lu+zP0lNl3v9",
"d231ab36-c675-4784-a780-a6de4dd41579","TALL_003.tickPlot.tck","D08","TALL","TALL_003","distributed","mixedForest",32.894415,-87.416532,"WGS84",20.2,121.9,0.2,"2015-06-22T15:16Z","TALL.2015.25","TALL_003.20150622",,"drag and flag",168,"Y",2,8,,"No known compromise","NEON.DOC.014045vF","XIk3CMH/VT2ztcDIBBKNwssfFUwUsihU",
"02398b36-dce9-453f-a202-9b0d5e064a4b","TALL_006.tickPlot.tck","D08","TALL","TALL_006","distributed","evergreenForest",32.899144,-87.444571,"WGS84",20.3,108.6,0.3,"2015-06-22T16:28Z","TALL.2015.25","TALL_006.20150622",,"drag and flag",164,"Y",1,1,,"No known compromise","NEON.DOC.014045vF","0ygyTA3URVoNp+waZjN2Lu+zP0lNl3v9",
"0326cbbc-68ae-4025-81e8-34615eed7d1d","TALL_001.tickPlot.tck","D08","TALL","TALL_001","distributed","deciduousForest",32.976370,-87.432184,"WGS84",20.2,114.6,0.1,"2015-06-22T18:03Z","TALL.2015.25","TALL_001.20150622",,"drag and flag",160,"Y",4,6,,"No known compromise","NEON.DOC.014045vF","XIk3CMH/VT2ztcDIBBKNwssfFUwUsihU",
"414fd03e-f556-49eb-b827-a84051cad038","TALL_016.tickPlot.tck","D08","TALL","TALL_016","distributed","evergreenForest",32.971553,-87.415845,"WGS84",20.1,138.9,0.1,"2015-06-22T19:33Z","TALL.2015.25","TALL_016.20150622",,"drag and flag",161,"Y",0,1,,"No known compromise","NEON.DOC.014045vF","XIk3CMH/VT2ztcDIBBKNwssfFUwUsihU",
