uid,namedLocation,domainID,siteID,plotID,plotType,nlcdClass,decimalLatitude,decimalLongitude,geodeticDatum,coordinateUncertainty,elevation,elevationUncertainty,collectDate,eventID,sampleID,sampleCode,samplingMethod,totalSampledArea,targetTaxaPresent,adultCount,nymphCount,larvaCount,sampleCondition,samplingProtocolVersion,measuredBy,remarks
"2e7500e5-f1fa-4347-b6bf-ca174e2d219d","CPER_002.tickPlot.tck","D10","CPER","CPER_002","distributed","grasslandHerbaceous",40.811446,-104.727626,"WGS84",20.1,1645.8,0.1,"2017-05-11T16:44Z","CPER.2017.20",,,"drag",160,"N",0,0,0,"No known compromise","NEON.DOC.014045vG","fWHghMULgzyLQT5uSQt1ttIq3KHhEA0M",
"3522ff27-e633-4994-b7bd-5d0a207f999a","CPER_004.tickPlot.tck","D10","CPER","CPER_004","distributed","grasslandHerbaceous",40.814104,-104.696817,"WGS84",20.1,1617.2,0.1,"2017-05-11T17:43Z","CPER.2017.20",,,"drag",160,"N",0,0,0,"No known compromise","NEON.DOC.014045vG","fWHghMULgzyLQT5uSQt1ttIq3KHhEA0M",
"c1944062-37e3-4144-b713-27b5d8fe31af","CPER_003.tickPlot.tck","D10","CPER","CPER_003","distributed","grasslandHerbaceous",40.819808,-104.707147,"WGS84",20.1,1625.7,0.1,"2017-05-11T18:35Z","CPER.2017.20",,,"drag",160,"N",0,0,0,"No known compromise","NEON.DOC.014045vG","gtcF6SkwFMwZhyumG8ZbjdKb4NrzWNwXCYvjmSW8HQQ=",
"639554c5-b4fc-42ba-aea5-d5b38343ad7e","CPER_005.tickPlot.tck","D10","CPER","CPER_005","distributed","grasslandHerbaceous",40.852571,-104.726331,"WGS84",20.1,1662.6,0.1,"2017-05-11T19:27Z","CPER.2017.20",,,"drag",170,"N",0,0,0,"No known compromise","NEON.DOC.014045vG","gtcF6SkwFMwZhyumG8ZbjdKb4NrzWNwXCYvjmSW8HQQ=",
"81081869-37eb-4083-a435-8ac707946e34","CPER_001.tickPlot.tck","D10","CPER","CPER_001","distributed","grasslandHerbaceous",40.851012,-104.701302,"WGS84",20.1,1639.1,0.1,"2017-05-11T20:46Z","CPER.2017.20",,,"drag",160,"N",0,0,0,"No known compromise","NEON.DOC.014045vG","gtcF6SkwFMwZhyumG8ZbjdKb4NrzWNwXCYvjmSW8HQQ=",
"197f6ac6-af3f-416a-afc9-802e0f8bd38c","CPER_007.tickPlot.tck","D10","CPER","CPER_007","distributed","grasslandHerbaceous",40.860878,-104.684952,"WGS84",20.1,1646.7,0.1,"2017-05-11T21:24Z","CPER.2017.20",,,"drag",160,"N",0,0,0,"No known compromise","NEON.DOC.014045vG","gtcF6SkwFMwZhyumG8ZbjdKb4NrzWNwXCYvjmSW8HQQ=",
