uid,namedLocation,domainID,siteID,plotID,plotType,nlcdClass,decimalLatitude,decimalLongitude,geodeticDatum,coordinateUncertainty,elevation,elevationUncertainty,collectDate,eventID,sampleID,sampleCode,samplingMethod,totalSampledArea,targetTaxaPresent,adultCount,nymphCount,larvaCount,sampleCondition,samplingProtocolVersion,measuredBy,remarks
"8a8a5e91-9370-4d6e-96e5-66a8c78ba336","CLBJ_040.tickPlot.tck","D11","CLBJ","CLBJ_040","distributed","deciduousForest",33.377571,-97.647238,"WGS84",20.1,328.9,0.1,"2016-07-08T13:53Z","CLBJ.2016.27",,,"drag and flag",140,"N",0,0,0,"No known compromise","NEON.DOC.014045vG","ZV/5ZCyQ97/imqcQJs+kYiJZn7Xilrs7","Sampling was delayed 3 days due to thunderstorms"
"4a123c38-14d8-4df6-bc1e-c2130121fe92","CLBJ_033.tickPlot.tck","D11","CLBJ","CLBJ_033","distributed","deciduousForest",33.382288,-97.619783,"WGS84",20.1,305.5,0.1,"2016-07-08T15:17Z","CLBJ.2016.27",,,"drag and flag",137,"N",0,0,0,"No known compromise","NEON.DOC.014045vG","CVnMNfVieiNXnLLoZrkRa2vFnn6ZyEMX","Sampling was delayed 3 days due to thunderstorms"
"0bdfa9b6-3a07-4478-8c39-dbefb85e5c78","CLBJ_032.tickPlot.tck","D11","CLBJ","CLBJ_032","distributed","grasslandHerbaceous",33.405176,-97.595129,"WGS84",20.1,294.7,0.1,"2016-07-08T16:48Z","CLBJ.2016.27",,,"drag",160,"N",0,0,0,"No known compromise","NEON.DOC.014045vG","ZV/5ZCyQ97/imqcQJs+kYiJZn7Xilrs7","Sampling was delayed 3 days due to thunderstorms"
"2139d934-45e6-4c45-8bf6-20bb6af243d6","CLBJ_043.tickPlot.tck","D11","CLBJ","CLBJ_043","distributed","deciduousForest",33.410406,-97.593713,"WGS84",20.1,285.9,0.1,"2016-07-08T17:36Z","CLBJ.2016.27",,,"drag and flag",178,"N",0,0,0,"No known compromise","NEON.DOC.014045vG","ZV/5ZCyQ97/imqcQJs+kYiJZn7Xilrs7","Sampling was delayed 3 days due to thunderstorms"
"7449a021-d5f4-4e17-9113-0bb503a29ca0","CLBJ_036.tickPlot.tck","D11","CLBJ","CLBJ_036","distributed","grasslandHerbaceous",33.396494,-97.580919,"WGS84",20.1,289.5,0.1,"2016-07-08T19:03Z","CLBJ.2016.27",,,"drag",160,"N",0,0,0,"No known compromise","NEON.DOC.014045vG","CVnMNfVieiNXnLLoZrkRa2vFnn6ZyEMX","Sampling was delayed 3 days due to thunderstorms"
"cac9ef80-c933-4d16-be59-bd87ea5a4bde","CLBJ_034.tickPlot.tck","D11","CLBJ","CLBJ_034","distributed","grasslandHerbaceous",33.320090,-97.578537,"WGS84",20.0,325.2,0.0,"2016-07-08T20:02Z","CLBJ.2016.27",,,"drag",155,"N",0,0,0,"No known compromise","NEON.DOC.014045vG","CVnMNfVieiNXnLLoZrkRa2vFnn6ZyEMX","Sampling was delayed 3 days due to thunderstorms"
