uid,namedLocation,date,domainID,siteID,plotID,plotType,nlcdClass,decimalLatitude,decimalLongitude,geodeticDatum,coordinateUncertainty,easting,northing,utmZone,elevation,elevationUncertainty,eventID,samplingProtocolVersion,treesPresent,treesAbsentList,shrubsPresent,shrubsAbsentList,lianasPresent,lianasAbsentList,nestedSubplotAreaShrubSapling,nestedSubplotAreaLiana,totalSampledAreaTrees,totalSampledAreaShrubSapling,totalSampledAreaLiana,remarks,measuredBy,recordedBy,dataQF
"32475b07-ee13-4764-9105-57365ad65cc1","LENO_066.basePlot.vst","2016-11-01","D08","LENO","LENO_066","tower","deciduousForest",31.853773,-88.161978,"WGS84",20.2,390067.77,3524816.07,"16N",14.8,0.3,"vst_LENO_2016","NEON.DOC.000987vE",,,,,,,"25","noneSelected",800,100,800,,"i++YfdKxcrxXYVscbSnlRu1P6zrsNmWH","gKlTR8ZroBmVFSkzxA4yQazmYWlx7WaI",
"2e23ef9e-c4c5-4911-b016-9752e895e201","LENO_067.basePlot.vst","2016-11-01","D08","LENO","LENO_067","tower","woodyWetlands",31.857067,-88.159155,"WGS84",20.2,390338.77,3525178.36,"16N",20.5,0.3,"vst_LENO_2016","NEON.DOC.000987vE",,,,,,,"25","noneSelected",800,100,800,,"i++YfdKxcrxXYVscbSnlRu1P6zrsNmWH","gKlTR8ZroBmVFSkzxA4yQazmYWlx7WaI",
"9dd3ee9b-90a3-477e-887c-3c21ec6e7387","LENO_069.basePlot.vst","2016-11-01","D08","LENO","LENO_069","tower","woodyWetlands",31.852664,-88.163256,"WGS84",20.2,389945.54,3524694.44,"16N",14.4,0.3,"vst_LENO_2016","NEON.DOC.000987vE",,,,,,,"25","noneSelected",800,100,800,,"i++YfdKxcrxXYVscbSnlRu1P6zrsNmWH","gKlTR8ZroBmVFSkzxA4yQazmYWlx7WaI",
"65bd8a90-996a-4055-a796-a24cba63ce1a","LENO_062.basePlot.vst","2016-11-02","D08","LENO","LENO_062","tower","woodyWetlands",31.857053,-88.161742,"WGS84",20.2,390093.99,3525179.42,"16N",11.3,0.3,"vst_LENO_2016","NEON.DOC.000987vE",,,,,,,"25","noneSelected",800,100,800,,"i++YfdKxcrxXYVscbSnlRu1P6zrsNmWH","LnIDmrEQmAUtwQFMbC1CIKUZraB/NwPgV6cB6TW941k=",
"c4cbb392-dab0-41a3-b12c-e8e46a8e6025","LENO_063.basePlot.vst","2016-11-02","D08","LENO","LENO_063","tower","deciduousForest",31.855410,-88.160398,"WGS84",20.2,390219.20,3524995.94,"16N",12.1,0.3,"vst_LENO_2016","NEON.DOC.000987vE",,,,,,,"25","noneSelected",800,100,800,,"i++YfdKxcrxXYVscbSnlRu1P6zrsNmWH","gKlTR8ZroBmVFSkzxA4yQazmYWlx7WaI",
"c2a0a99b-94c8-4f16-bb75-7f3cb382552d","LENO_061.basePlot.vst","2016-11-03","D08","LENO","LENO_061","tower","woodyWetlands",31.857548,-88.163273,"WGS84",20.2,389949.73,3525235.85,"16N",13.7,0.4,"vst_LENO_2016","NEON.DOC.000987vE",,,,,,,"25","noneSelected",800,100,800,,"i++YfdKxcrxXYVscbSnlRu1P6zrsNmWH","gKlTR8ZroBmVFSkzxA4yQazmYWlx7WaI",
"c13b954e-0422-427a-97cb-852243643b9d","LENO_068.basePlot.vst","2016-11-08","D08","LENO","LENO_068","tower","deciduousForest",31.856751,-88.160450,"WGS84",20.2,390215.87,3525144.64,"16N",13.2,0.2,"vst_LENO_2016","NEON.DOC.000987vE",,,,,,,"100","noneSelected",800,400,800,,"i++YfdKxcrxXYVscbSnlRu1P6zrsNmWH","gKlTR8ZroBmVFSkzxA4yQazmYWlx7WaI",
