uid,namedLocation,domainID,siteID,plotID,plotType,nlcdClass,decimalLatitude,decimalLongitude,geodeticDatum,coordinateUncertainty,elevation,elevationUncertainty,collectDate,eventID,sampleID,sampleCode,samplingMethod,totalSampledArea,targetTaxaPresent,adultCount,nymphCount,larvaCount,sampleCondition,samplingProtocolVersion,measuredBy,remarks
"1fa9bcb0-37f4-4fbc-bfc4-2c0ab135547d","UNDE_002.tickPlot.tck","D05","UNDE","UNDE_002","distributed","woodyWetlands",46.242285,-89.543255,"WGS84",20.3,506.2,0.4,"2015-09-30T16:08Z","UNDE.2015.40",,,"drag and flag",150,"N",0,0,0,"No known compromise","NEON.DOC.014045vG","jl5ueYXmA2S8wOJE6I37zW0D24VQO1U4",
"3968ecc8-22a3-462e-811a-163546a3298d","UNDE_013.tickPlot.tck","D05","UNDE","UNDE_013","distributed","deciduousForest",46.227776,-89.535166,"WGS84",20.2,510.3,0.3,"2015-09-30T18:25Z","UNDE.2015.40",,,"drag",160,"N",0,0,0,"No known compromise","NEON.DOC.014045vG","lLQBQVfayhr3D1tZaVTYCAmpRMui4lXg/r98CgvafXs=",
"be4d1142-5ee5-4477-8a77-75c9f405312e","UNDE_019.tickPlot.tck","D05","UNDE","UNDE_019","distributed","deciduousForest",46.257425,-89.542054,"WGS84",20.2,519.0,0.2,"2015-09-30T19:19Z","UNDE.2015.40",,,"drag and flag",160,"N",0,0,0,"No known compromise","NEON.DOC.014045vG","jl5ueYXmA2S8wOJE6I37zW0D24VQO1U4",
"ddaab2aa-9991-444b-9953-fd8a350922f7","UNDE_017.tickPlot.tck","D05","UNDE","UNDE_017","distributed","mixedForest",46.236736,-89.497054,"WGS84",20.1,518.8,0.2,"2015-09-30T20:05Z","UNDE.2015.40",,,"drag and flag",160,"N",0,0,0,"No known compromise","NEON.DOC.014045vG","lLQBQVfayhr3D1tZaVTYCAmpRMui4lXg/r98CgvafXs=",
"e43cf039-6ed2-4ef4-a3f5-5b35d60639be","UNDE_011.tickPlot.tck","D05","UNDE","UNDE_011","distributed","woodyWetlands",46.213935,-89.505950,"WGS84",20.3,507.7,0.4,"2015-09-30T20:40Z","UNDE.2015.40",,,"drag and flag",150,"N",0,0,0,"Tick count estimated (error and instar specified in remarks)","NEON.DOC.014045vG","jl5ueYXmA2S8wOJE6I37zW0D24VQO1U4",
"e8d00a81-9c2f-4074-859c-574e741f5496","UNDE_999.tickPlot.tck","D05","UNDE","UNDE_999","distributed","woodyWetlands",46.256243,-89.534200,"WGS84",20.2,507.1,0.3,"2015-09-30T21:50Z","UNDE.2015.40",,,"drag and flag",165,"N",0,0,0,"No known compromise","NEON.DOC.014045vG","lLQBQVfayhr3D1tZaVTYCAmpRMui4lXg/r98CgvafXs=",
