uid,namedLocation,date,domainID,siteID,plotID,plotType,nlcdClass,decimalLatitude,decimalLongitude,geodeticDatum,coordinateUncertainty,easting,northing,utmZone,elevation,elevationUncertainty,eventID,samplingProtocolVersion,treesPresent,treesAbsentList,shrubsPresent,shrubsAbsentList,lianasPresent,lianasAbsentList,nestedSubplotAreaShrubSapling,nestedSubplotAreaLiana,totalSampledAreaTrees,totalSampledAreaShrubSapling,totalSampledAreaLiana,remarks,measuredBy,recordedBy,dataQF
"8d7edc48-2ebf-4e6d-bcd4-b447df558ef6","GUAN_052.basePlot.vst","2016-06-15","D04","GUAN","GUAN_052","tower","evergreenForest",17.968041,-66.867130,"WGS84",20.1,725874.37,1987947.08,"19N",111.7,0.1,"vst_GUAN_2016","NEON.DOC.000987vE","Y",,"Y",,"Y",,"10","noneSelected",800,40,800,,"fiApssCEcSVZh4fTchGlfQK3pYYnYQUQ","zPBe+8pzAK0B2URIObnv4uYPPEuv017obsOPc+5Qw/c=","legacyData"
"b336f9c1-227c-4091-adab-b6018c4f113d","GUAN_052.basePlot.vst","2016-06-15","D04","GUAN","GUAN_052","tower","evergreenForest",17.968041,-66.867130,"WGS84",20.1,725874.37,1987947.08,"19N",111.7,0.1,"vst_GUAN_2016","NEON.DOC.000987vE","Y",,"Y",,"Y",,"10","noneSelected",800,40,800,,"fiApssCEcSVZh4fTchGlfQK3pYYnYQUQ","zPBe+8pzAK0B2URIObnv4uYPPEuv017obsOPc+5Qw/c=",
"8e73aa4f-7f1b-454a-b54a-4ccbd45790f5","GUAN_043.basePlot.vst","2016-06-21","D04","GUAN","GUAN_043","tower","evergreenForest",17.968869,-66.867682,"WGS84",20.1,725814.84,1988038.07,"19N",115.9,0.1,"vst_GUAN_2016","NEON.DOC.000987vE","Y",,"Y",,"Y",,"10","100",800,40,400,,"fiApssCEcSVZh4fTchGlfQK3pYYnYQUQ","dkUVz+Ep9mjwe8AKJjPrCYTGVeHZyOun","legacyData"
"2cacecd5-b8e8-4c53-bc99-cb20e305775f","GUAN_043.basePlot.vst","2016-06-21","D04","GUAN","GUAN_043","tower","evergreenForest",17.968869,-66.867682,"WGS84",20.1,725814.84,1988038.07,"19N",115.9,0.1,"vst_GUAN_2016","NEON.DOC.000987vE","Y",,"Y",,"Y",,"10","100",800,40,400,,"fiApssCEcSVZh4fTchGlfQK3pYYnYQUQ","dkUVz+Ep9mjwe8AKJjPrCYTGVeHZyOun",
