uid,namedLocation,date,eventID,domainID,siteID,plotID,subplotID,individualID,tagStatus,growthForm,plantStatus,stemDiameter,measurementHeight,height,baseCrownHeight,breakHeight,breakDiameter,maxCrownDiameter,ninetyCrownDiameter,canopyPosition,shape,basalStemDiameter,basalStemDiameterMsrmntHeight,maxBaseCrownDiameter,ninetyBaseCrownDiameter,remarks,recordedBy,measuredBy,dataQF
"7353ad55-dd8b-424e-8921-691d1ae5a111","BONA_086.basePlot.vst","2016-07-01","vst_BONA_2016","D19","BONA","BONA_086",,"NEON.PLA.D19.BONA.01248",,"sapling","Live",1.1,10,,,,,,,"Partially shaded",,,,,,,"SokTyoGA+6APyZfSnvtpvn1BWuCQb10t","IpFAbfDBgacaNA5nRzoYJQ/IcVdu5TBEvGEOKGMshXA=","legacyData | noMapTagData"
"1a433636-c864-4261-8f8b-2b8bea80bd5d","BONA_086.basePlot.vst","2016-07-01","vst_BONA_2016","D19","BONA","BONA_086",,"NEON.PLA.D19.BONA.01282",,"small shrub","Live",1.5,10,1.1,,,,0.5,0.3,"Partially shaded","cylinder",,,,,,"SokTyoGA+6APyZfSnvtpvn1BWuCQb10t","IpFAbfDBgacaNA5nRzoYJQ/IcVdu5TBEvGEOKGMshXA=","legacyData | noMapTagData"
"be3c3e15-3a64-4182-a8d6-4b40fa56d337","BONA_086.basePlot.vst","2016-07-01","vst_BONA_2016","D19","BONA","BONA_086",,"NEON.PLA.D19.BONA.01286",,"small tree","Live",2.7,130,,,,,,,"Partially shaded",,,,,,,"SokTyoGA+6APyZfSnvtpvn1BWuCQb10t","IpFAbfDBgacaNA5nRzoYJQ/IcVdu5TBEvGEOKGMshXA=","legacyData | noMapTagData"
"4306393e-ebe7-4a7a-8d7d-5c57addd461d","BONA_086.basePlot.vst","2016-07-01","vst_BONA_2016","D19","BONA","BONA_086",,"NEON.PLA.D19.BONA.01327",,"single bole tree","Live",12.1,130,,,,,,,"Full sun",,,,,,,"PHb/Riyi9nx310auzC+tXvk8GTQOn+tkd9EZV6QI8To=","B5gK1LhWHHoCNP5ojZ7H35VcUg/XF0oiX67UYqY2lLc=","legacyData | noMapTagData"
"87724ebb-5c26-4d2c-af1d-78d12f7de4ef","BONA_086.basePlot.vst","2016-07-01","vst_BONA_2016","D19","BONA","BONA_086",,"NEON.PLA.D19.BONA.01276",,"sapling","Live",2.5,10,,,,,,,"Partially shaded",,,,,,,"SokTyoGA+6APyZfSnvtpvn1BWuCQb10t","IpFAbfDBgacaNA5nRzoYJQ/IcVdu5TBEvGEOKGMshXA=","legacyData | noMapTagData"
"c2e1b015-3356-4858-9697-464366ebca6a","BONA_086.basePlot.vst","2016-07-01","vst_BONA_2016","D19","BONA","BONA_086",,"NEON.PLA.D19.BONA.01335",,"small tree","Standing dead",3.7,10,,,,,,,"Partially shaded",,,,,,"Broken bole","PHb/Riyi9nx310auzC+tXvk8GTQOn+tkd9EZV6QI8To=","B5gK1LhWHHoCNP5ojZ7H35VcUg/XF0oiX67UYqY2lLc=","legacyData | noMapTagData"
"fbb41bbd-ab33-4877-a98f-e38004e0f23d","BONA_086.basePlot.vst","2016-07-01","vst_BONA_2016","D19","BONA","BONA_086",,"NEON.PLA.D19.BONA.01339",,"small tree","Live",1.8,130,,,,,,,"Partially shaded",,,,,,,"PHb/Riyi9nx310auzC+tXvk8GTQOn+tkd9EZV6QI8To=","B5gK1LhWHHoCNP5ojZ7H35VcUg/XF0oiX67UYqY2lLc=","legacyData | noMapTagData"
"93b18e08-4100-4982-b306-0da98ce081bf","BONA_086.basePlot.vst","2016-07-01","vst_BONA_2016","D19","BONA","BONA_086",,"NEON.PLA.D19.BONA.01288",,"small shrub","Live",2.0,10,2.0,,,,0.4,0.3,"Partially shaded","cylinder",,,,,,"SokTyoGA+6APyZfSnvtpvn1BWuCQb10t","IpFAbfDBgacaNA5nRzoYJQ/IcVdu5TBEvGEOKGMshXA=","legacyData | noMapTagData"
"ae49593d-1de8-40a7-9260-f3b278ae3bf0","BONA_086.basePlot.vst","2016-07-01","vst_BONA_2016","D19","BONA","BONA_086",,"NEON.PLA.D19.BONA.01246",,"small tree","Live",4.1,130,,,,,,,"Full sun",,,,,,,"SokTyoGA+6APyZfSnvtpvn1BWuCQb10t","IpFAbfDBgacaNA5nRzoYJQ/IcVdu5TBEvGEOKGMshXA=","legacyData | noMapTagData"
"8998476f-4552-4f55-8e67-df4569a79031","BONA_086.basePlot.vst","2016-07-01","vst_BONA_2016","D19","BONA","BONA_086",,"NEON.PLA.D19.BONA.01242",,"sapling","Live",1.3,10,,,,,,,"Partially shaded",,,,,,,"SokTyoGA+6APyZfSnvtpvn1BWuCQb10t","IpFAbfDBgacaNA5nRzoYJQ/IcVdu5TBEvGEOKGMshXA=","legacyData | noMapTagData"
"01fa1526-cc9f-44d2-a8b9-3eae0d618c37","BONA_086.basePlot.vst","2016-07-01","vst_BONA_2016","D19","BONA","BONA_086",,"NEON.PLA.D19.BONA.01330",,"single bole tree","Live",12.5,130,,,,,,,"Full sun",,,,,,,"PHb/Riyi9nx310auzC+tXvk8GTQOn+tkd9EZV6QI8To=","B5gK1LhWHHoCNP5ojZ7H35VcUg/XF0oiX67UYqY2lLc=","legacyData | noMapTagData"
"e75fb55f-e2f4-43cf-b517-afe619a952af","BONA_086.basePlot.vst","2016-07-01","vst_BONA_2016","D19","BONA","BONA_086",,"NEON.PLA.D19.BONA.01333",,"single bole tree","Live",12.1,130,,,,,,,"Full sun",,,,,,,"PHb/Riyi9nx310auzC+tXvk8GTQOn+tkd9EZV6QI8To=","B5gK1LhWHHoCNP5ojZ7H35VcUg/XF0oiX67UYqY2lLc=","legacyData | noMapTagData"
"1617a17d-f162-4571-9f71-99ec571144b2","BONA_086.basePlot.vst","2016-07-01","vst_BONA_2016","D19","BONA","BONA_086",,"NEON.PLA.D19.BONA.01267",,"single bole tree","Live",15.1,130,,,,,,,"Open grown",,,,,,,"PHb/Riyi9nx310auzC+tXvk8GTQOn+tkd9EZV6QI8To=","B5gK1LhWHHoCNP5ojZ7H35VcUg/XF0oiX67UYqY2lLc=","legacyData | noMapTagData"
"88281692-ecd2-41bc-ad9b-ea4386d6e742","BONA_086.basePlot.vst","2016-07-01","vst_BONA_2016","D19","BONA","BONA_086",,"NEON.PLA.D19.BONA.01336",,"small tree","Standing dead",5.7,10,,,,,,,"Partially shaded",,,,,,"Broken bole","PHb/Riyi9nx310auzC+tXvk8GTQOn+tkd9EZV6QI8To=","B5gK1LhWHHoCNP5ojZ7H35VcUg/XF0oiX67UYqY2lLc=","legacyData | noMapTagData"
"94807724-126c-432d-8ac7-08478db9b1d8","BONA_086.basePlot.vst","2016-07-01","vst_BONA_2016","D19","BONA","BONA_086",,"NEON.PLA.D19.BONA.01337",,"small shrub","Live",1.1,10,0.8,,,,0.3,0.3,"Mostly shaded","cylinder",,,,,,"PHb/Riyi9nx310auzC+tXvk8GTQOn+tkd9EZV6QI8To=","B5gK1LhWHHoCNP5ojZ7H35VcUg/XF0oiX67UYqY2lLc=","legacyData | noMapTagData"
"cdab9ba2-d459-470b-affa-0cdba724185e","BONA_086.basePlot.vst","2016-07-01","vst_BONA_2016","D19","BONA","BONA_086",,"NEON.PLA.D19.BONA.01338",,"small shrub","Live",1.1,10,1.6,,,,1.8,1.1,"Partially shaded","oblate half-sphere",,,,,,"PHb/Riyi9nx310auzC+tXvk8GTQOn+tkd9EZV6QI8To=","B5gK1LhWHHoCNP5ojZ7H35VcUg/XF0oiX67UYqY2lLc=","legacyData | noMapTagData"
"9361f6d1-0d7b-4d84-adc8-0eca6711220a","BONA_086.basePlot.vst","2016-07-01","vst_BONA_2016","D19","BONA","BONA_086",,"NEON.PLA.D19.BONA.01328",,"single bole tree","Standing dead",10.2,130,,,,,,,"Full sun",,,,,,,"PHb/Riyi9nx310auzC+tXvk8GTQOn+tkd9EZV6QI8To=","B5gK1LhWHHoCNP5ojZ7H35VcUg/XF0oiX67UYqY2lLc=","legacyData | noMapTagData"
"392dffcb-4aae-4462-a590-8bf53165d604","BONA_086.basePlot.vst","2016-07-01","vst_BONA_2016","D19","BONA","BONA_086",,"NEON.PLA.D19.BONA.01326",,"single bole tree","Live",13.1,130,,,,,,,"Full sun",,,,,,,"PHb/Riyi9nx310auzC+tXvk8GTQOn+tkd9EZV6QI8To=","B5gK1LhWHHoCNP5ojZ7H35VcUg/XF0oiX67UYqY2lLc=","legacyData | noMapTagData"
"196131ba-6d91-49b6-93c2-1d72f1c411e1","BONA_086.basePlot.vst","2016-07-01","vst_BONA_2016","D19","BONA","BONA_086",,"NEON.PLA.D19.BONA.01334",,"sapling","Live",1.0,10,,,,,,,"Mostly shaded",,,,,,"QC0","PHb/Riyi9nx310auzC+tXvk8GTQOn+tkd9EZV6QI8To=","B5gK1LhWHHoCNP5ojZ7H35VcUg/XF0oiX67UYqY2lLc=","legacyData | noMapTagData"
"a61c0238-204f-4a0d-a506-904eab30fef1","BONA_086.basePlot.vst","2016-07-01","vst_BONA_2016","D19","BONA","BONA_086",,"NEON.PLA.D19.BONA.01298",,"small shrub","Live",1.9,10,1.1,,,,0.4,0.3,"Partially shaded","cylinder",,,,,,"SokTyoGA+6APyZfSnvtpvn1BWuCQb10t","IpFAbfDBgacaNA5nRzoYJQ/IcVdu5TBEvGEOKGMshXA=","legacyData | noMapTagData"
"f42f97ed-6a26-4e7d-9e53-df20dcfce9ec","BONA_086.basePlot.vst","2016-07-01","vst_BONA_2016","D19","BONA","BONA_086",,"NEON.PLA.D19.BONA.01347",,"sapling","Live",1.4,10,,,,,,,"Mostly shaded",,,,,,,"PHb/Riyi9nx310auzC+tXvk8GTQOn+tkd9EZV6QI8To=","B5gK1LhWHHoCNP5ojZ7H35VcUg/XF0oiX67UYqY2lLc=","legacyData | noMapTagData"
"3a7b1986-f366-4fe9-a806-6637cfafde25","BONA_086.basePlot.vst","2016-07-01","vst_BONA_2016","D19","BONA","BONA_086",,"NEON.PLA.D19.BONA.01325",,"single bole tree","Live",11.9,130,,,,,,,"Full sun",,,,,,,"PHb/Riyi9nx310auzC+tXvk8GTQOn+tkd9EZV6QI8To=","B5gK1LhWHHoCNP5ojZ7H35VcUg/XF0oiX67UYqY2lLc=","legacyData | noMapTagData"
"f4ab80b1-523c-434b-acaf-205e76cc1216","BONA_086.basePlot.vst","2016-07-01","vst_BONA_2016","D19","BONA","BONA_086",,"NEON.PLA.D19.BONA.01331",,"single bole tree","Standing dead",13.9,130,,,,,,,"Full sun",,,,,,,"PHb/Riyi9nx310auzC+tXvk8GTQOn+tkd9EZV6QI8To=","B5gK1LhWHHoCNP5ojZ7H35VcUg/XF0oiX67UYqY2lLc=","legacyData | noMapTagData"
"8fe87e54-29a5-4441-b18f-c448d81c0f44","BONA_086.basePlot.vst","2016-07-01","vst_BONA_2016","D19","BONA","BONA_086",,"NEON.PLA.D19.BONA.01332",,"single bole tree","Live",12.0,130,,,,,,,"Full sun",,,,,,,"PHb/Riyi9nx310auzC+tXvk8GTQOn+tkd9EZV6QI8To=","B5gK1LhWHHoCNP5ojZ7H35VcUg/XF0oiX67UYqY2lLc=","legacyData | noMapTagData"
"f40df3da-d2b3-4437-89f3-75b7920ae8d5","BONA_086.basePlot.vst","2016-07-01","vst_BONA_2016","D19","BONA","BONA_086",,"NEON.PLA.D19.BONA.01289",,"single shrub","Live",1.1,10,1.4,,,,0.7,0.7,"Full sun","cylinder",,,,,"QC0","SokTyoGA+6APyZfSnvtpvn1BWuCQb10t","IpFAbfDBgacaNA5nRzoYJQ/IcVdu5TBEvGEOKGMshXA=","legacyData | noMapTagData"
"463b3646-6841-414f-a45e-78e04fba2014","BONA_086.basePlot.vst","2016-07-01","vst_BONA_2016","D19","BONA","BONA_086",,"NEON.PLA.D19.BONA.01342",,"sapling","Live",1.4,10,,,,,,,"Mostly shaded",,,,,,,"PHb/Riyi9nx310auzC+tXvk8GTQOn+tkd9EZV6QI8To=","B5gK1LhWHHoCNP5ojZ7H35VcUg/XF0oiX67UYqY2lLc=","legacyData | noMapTagData"
"1ccf3caf-f406-4a90-8e90-491d9db9813b","BONA_086.basePlot.vst","2016-07-01","vst_BONA_2016","D19","BONA","BONA_086",,"NEON.PLA.D19.BONA.01284",,"small shrub","Live",2.6,10,1.1,,,,0.5,0.4,"Partially shaded","cylinder",,,,,,"SokTyoGA+6APyZfSnvtpvn1BWuCQb10t","IpFAbfDBgacaNA5nRzoYJQ/IcVdu5TBEvGEOKGMshXA=","legacyData | noMapTagData"
"36795aa5-5885-4962-b45e-6c83e9520362","BONA_086.basePlot.vst","2016-07-01","vst_BONA_2016","D19","BONA","BONA_086",,"NEON.PLA.D19.BONA.01101",,"sapling","Live",1.9,10,,,,,,,"Partially shaded",,,,,,,"SokTyoGA+6APyZfSnvtpvn1BWuCQb10t","IpFAbfDBgacaNA5nRzoYJQ/IcVdu5TBEvGEOKGMshXA=","legacyData | noMapTagData"
"2274ce88-4f6d-4a85-b8c8-ca239fb35310","BONA_086.basePlot.vst","2016-07-01","vst_BONA_2016","D19","BONA","BONA_086",,"NEON.PLA.D19.BONA.01200",,"small shrub","Live",1.4,10,1.4,,,,0.5,0.3,"Partially shaded","cylinder",,,,,"QC0","SokTyoGA+6APyZfSnvtpvn1BWuCQb10t","IpFAbfDBgacaNA5nRzoYJQ/IcVdu5TBEvGEOKGMshXA=","legacyData | noMapTagData"
"e9e33530-8f77-414a-8c27-8b937dc83ecf","BONA_086.basePlot.vst","2016-07-01","vst_BONA_2016","D19","BONA","BONA_086",,"NEON.PLA.D19.BONA.01504",,"single bole tree","Live",15.2,130,,,,,,,"Open grown",,,,,,"QC0","SokTyoGA+6APyZfSnvtpvn1BWuCQb10t","IpFAbfDBgacaNA5nRzoYJQ/IcVdu5TBEvGEOKGMshXA=","legacyData | noMapTagData"
"815193cd-5796-4ada-86f0-1ec7a8442516","BONA_086.basePlot.vst","2016-07-01","vst_BONA_2016","D19","BONA","BONA_086",,"NEON.PLA.D19.BONA.01344",,"sapling","Live",3.1,10,,,,,,,"Partially shaded",,,,,,,"PHb/Riyi9nx310auzC+tXvk8GTQOn+tkd9EZV6QI8To=","B5gK1LhWHHoCNP5ojZ7H35VcUg/XF0oiX67UYqY2lLc=","legacyData | noMapTagData"
"b4e223c7-a428-48e0-a857-901f9c3a663a","BONA_086.basePlot.vst","2016-07-01","vst_BONA_2016","D19","BONA","BONA_086",,"NEON.PLA.D19.BONA.01346",,"sapling","Live",2.2,10,,,,,,,"Mostly shaded",,,,,,"QC0","PHb/Riyi9nx310auzC+tXvk8GTQOn+tkd9EZV6QI8To=","B5gK1LhWHHoCNP5ojZ7H35VcUg/XF0oiX67UYqY2lLc=","legacyData | noMapTagData"
"72704fcb-db33-43d4-b4c4-2ddad51378ca","BONA_086.basePlot.vst","2016-07-01","vst_BONA_2016","D19","BONA","BONA_086",,"NEON.PLA.D19.BONA.01329",,"single bole tree","Live",10.5,130,,,,,,,"Full sun",,,,,,,"PHb/Riyi9nx310auzC+tXvk8GTQOn+tkd9EZV6QI8To=","B5gK1LhWHHoCNP5ojZ7H35VcUg/XF0oiX67UYqY2lLc=","legacyData | noMapTagData"
"d49c0e7f-fba8-42cb-a59f-8521d794c464","BONA_086.basePlot.vst","2016-07-01","vst_BONA_2016","D19","BONA","BONA_086",,"NEON.PLA.D19.BONA.01296",,"small shrub","Live",1.6,10,1.6,,,,0.7,0.6,"Partially shaded","cylinder",,,,,,"SokTyoGA+6APyZfSnvtpvn1BWuCQb10t","IpFAbfDBgacaNA5nRzoYJQ/IcVdu5TBEvGEOKGMshXA=","legacyData | noMapTagData"
"a56fa5a5-203e-4e3f-b12e-9c5682de1011","BONA_086.basePlot.vst","2016-07-01","vst_BONA_2016","D19","BONA","BONA_086",,"NEON.PLA.D19.BONA.01294",,"sapling","Live",1.3,10,,,,,,,"Partially shaded",,,,,,,"SokTyoGA+6APyZfSnvtpvn1BWuCQb10t","IpFAbfDBgacaNA5nRzoYJQ/IcVdu5TBEvGEOKGMshXA=","legacyData | noMapTagData"
"473898cd-0c83-403f-b0da-c287a87ee266","BONA_086.basePlot.vst","2016-07-01","vst_BONA_2016","D19","BONA","BONA_086",,"NEON.PLA.D19.BONA.01343",,"small shrub","Live",1.2,10,1.1,,,,0.9,0.7,"Mostly shaded","oblate half-sphere",,,,,"QC0","PHb/Riyi9nx310auzC+tXvk8GTQOn+tkd9EZV6QI8To=","B5gK1LhWHHoCNP5ojZ7H35VcUg/XF0oiX67UYqY2lLc=","legacyData | noMapTagData"
"4a4c1ac6-9016-4272-985d-f7136fe88382","BONA_086.basePlot.vst","2016-07-01","vst_BONA_2016","D19","BONA","BONA_086",,"NEON.PLA.D19.BONA.01297",,"small shrub","Live",1.2,10,0.9,,,,1.1,0.7,"Partially shaded","half-sphere",,,,,,"SokTyoGA+6APyZfSnvtpvn1BWuCQb10t","IpFAbfDBgacaNA5nRzoYJQ/IcVdu5TBEvGEOKGMshXA=","legacyData | noMapTagData"
"4ca5e943-2bef-4b18-b7bc-9aee34a7e331","BONA_086.basePlot.vst","2016-07-01","vst_BONA_2016","D19","BONA","BONA_086",,"NEON.PLA.D19.BONA.01299",,"sapling","Standing dead",1.4,10,,,,,,,"Partially shaded",,,,,,,"SokTyoGA+6APyZfSnvtpvn1BWuCQb10t","IpFAbfDBgacaNA5nRzoYJQ/IcVdu5TBEvGEOKGMshXA=","legacyData | noMapTagData"
"9334d056-7dc8-4b57-9d54-70fbdcc838d9","BONA_086.basePlot.vst","2016-07-01","vst_BONA_2016","D19","BONA","BONA_086",,"NEON.PLA.D19.BONA.01249",,"small shrub","Live",1.6,10,0.6,,,,0.4,0.3,"Partially shaded","cylinder",,,,,,"SokTyoGA+6APyZfSnvtpvn1BWuCQb10t","IpFAbfDBgacaNA5nRzoYJQ/IcVdu5TBEvGEOKGMshXA=","legacyData | noMapTagData"
"96e53dd2-89ed-48c7-bb86-bf54f291be74","BONA_086.basePlot.vst","2016-07-01","vst_BONA_2016","D19","BONA","BONA_086",,"NEON.PLA.D19.BONA.01287",,"small shrub","Live",1.1,10,1.3,,,,0.6,0.5,"Partially shaded","half-sphere",,,,,,"SokTyoGA+6APyZfSnvtpvn1BWuCQb10t","IpFAbfDBgacaNA5nRzoYJQ/IcVdu5TBEvGEOKGMshXA=","legacyData | noMapTagData"
"e401d5de-e1cc-4e0d-8b16-1a72bf93a9ce","BONA_086.basePlot.vst","2016-07-01","vst_BONA_2016","D19","BONA","BONA_086",,"NEON.PLA.D19.BONA.01198",,"small shrub","Live",1.2,10,0.7,,,,0.6,0.5,"Partially shaded","half-sphere",,,,,,"SokTyoGA+6APyZfSnvtpvn1BWuCQb10t","IpFAbfDBgacaNA5nRzoYJQ/IcVdu5TBEvGEOKGMshXA=","legacyData | noMapTagData"
"56efb0d9-542e-41cf-aacb-20164697992c","BONA_086.basePlot.vst","2016-07-01","vst_BONA_2016","D19","BONA","BONA_086",,"NEON.PLA.D19.BONA.01341",,"sapling","Live",1.1,10,,,,,,,"Mostly shaded",,,,,,,"PHb/Riyi9nx310auzC+tXvk8GTQOn+tkd9EZV6QI8To=","B5gK1LhWHHoCNP5ojZ7H35VcUg/XF0oiX67UYqY2lLc=","legacyData | noMapTagData"
"b263734d-5672-4ba4-9f24-5e4cb26e0fcd","BONA_086.basePlot.vst","2016-07-01","vst_BONA_2016","D19","BONA","BONA_086",,"NEON.PLA.D19.BONA.01245",,"small shrub","Live",1.9,10,1.5,,,,0.4,0.3,"Partially shaded","cylinder",,,,,"QC0","SokTyoGA+6APyZfSnvtpvn1BWuCQb10t","IpFAbfDBgacaNA5nRzoYJQ/IcVdu5TBEvGEOKGMshXA=","legacyData | noMapTagData"
"63d03cdf-19c7-4c66-a4d7-173771af022f","BONA_086.basePlot.vst","2016-07-01","vst_BONA_2016","D19","BONA","BONA_086",,"NEON.PLA.D19.BONA.01300",,"single shrub","Live",1.7,10,1.3,,,,1.5,1.0,"Full sun","half-sphere",,,,,,"SokTyoGA+6APyZfSnvtpvn1BWuCQb10t","IpFAbfDBgacaNA5nRzoYJQ/IcVdu5TBEvGEOKGMshXA=","legacyData | noMapTagData"
"d92764ee-1c75-4ff7-8f38-fcbb576b6b5d","BONA_086.basePlot.vst","2016-07-01","vst_BONA_2016","D19","BONA","BONA_086",,"NEON.PLA.D19.BONA.01283",,"small shrub","Live,  other damage",1.4,10,,,,,,,"Partially shaded",,,,,,,"SokTyoGA+6APyZfSnvtpvn1BWuCQb10t","IpFAbfDBgacaNA5nRzoYJQ/IcVdu5TBEvGEOKGMshXA=","legacyData | noMapTagData"
"a26549b2-b004-443e-b11b-627d451db35b","BONA_086.basePlot.vst","2016-07-01","vst_BONA_2016","D19","BONA","BONA_086",,"NEON.PLA.D19.BONA.01247",,"small tree","Live",4.7,130,,,,,,,"Full sun",,,,,,,"SokTyoGA+6APyZfSnvtpvn1BWuCQb10t","IpFAbfDBgacaNA5nRzoYJQ/IcVdu5TBEvGEOKGMshXA=","legacyData | noMapTagData"
"642270dd-276c-4810-9e9e-928cf6d707d1","BONA_086.basePlot.vst","2016-07-01","vst_BONA_2016","D19","BONA","BONA_086",,"NEON.PLA.D19.BONA.01243",,"small shrub","Live",1.0,10,0.8,,,,0.6,0.4,"Partially shaded","half-sphere",,,,,"QC0","SokTyoGA+6APyZfSnvtpvn1BWuCQb10t","IpFAbfDBgacaNA5nRzoYJQ/IcVdu5TBEvGEOKGMshXA=","legacyData | noMapTagData"
"ffdba42f-daf2-41f9-9f6f-7dc125674384","BONA_086.basePlot.vst","2016-07-01","vst_BONA_2016","D19","BONA","BONA_086",,"NEON.PLA.D19.BONA.01293",,"small shrub","Live,  other damage",1.4,10,1.0,,,,0.3,0.3,"Partially shaded","half-sphere",,,,,,"SokTyoGA+6APyZfSnvtpvn1BWuCQb10t","IpFAbfDBgacaNA5nRzoYJQ/IcVdu5TBEvGEOKGMshXA=","legacyData | noMapTagData"
"c03278e5-bfeb-4f17-b2ad-34d5b09cc6e7","BONA_086.basePlot.vst","2016-07-01","vst_BONA_2016","D19","BONA","BONA_086",,"NEON.PLA.D19.BONA.01290",,"single shrub","Standing dead",4.1,10,3.2,,,,3.9,2.6,"Full sun",,,,,,,"SokTyoGA+6APyZfSnvtpvn1BWuCQb10t","IpFAbfDBgacaNA5nRzoYJQ/IcVdu5TBEvGEOKGMshXA=","legacyData | noMapTagData"
"aba92a97-b038-46bf-be4b-455cd089d5ae","BONA_086.basePlot.vst","2016-07-01","vst_BONA_2016","D19","BONA","BONA_086",,"NEON.PLA.D19.BONA.01340",,"small tree","Live",1.0,130,,,,,,,"Partially shaded",,,,,,,"PHb/Riyi9nx310auzC+tXvk8GTQOn+tkd9EZV6QI8To=","B5gK1LhWHHoCNP5ojZ7H35VcUg/XF0oiX67UYqY2lLc=","legacyData | noMapTagData"
