uid,namedLocation,plotID,collectDate,identifiedDate,sampleID,subsampleID,scientificName,acceptedTaxonID,taxonRank,family,subfamily,tribe,subtribe,genus,subgenus,specificEpithet,infraspecificEpithet,identificationQualifier,identificationReferences,identificationProtocolVersion,scientificNameAuthorship,sexOrAge,individualCount,sampleCondition,archiveMedium,archiveFacilityID,deprecatedVialID,identifiedBy,laboratoryName,remarks
"a4b52d3d-1316-4e93-a474-9fb18d8c5033","SCBI_006.tickPlot.tck","SCBI_006","2016-08-01T16:02Z","2017-04-26T16:00Z","SCBI_006.20160801","SCBI_006.20160801.DERVAR.F","Dermacentor variabilis","DERVAR","species","Ixodidae",,,,"Dermacentor",,"variabilis",,,"Yunker, C. E., Keirans, J. E., Clifford, C. M., and E. R. Easton. 1986. Dermacentor ticks (Acari: Ixodoidea: Ixodidae) of the New World: a scanning electron microscope atlas. Proceedings of the Entomological Society of Washington, 88(4):609-627.","GSU_tickIdentification_SOP_2016-11-01.pdf","Say","Female",5,"OK","RNA stabilization buffer","USNMENT00984442","SCBI_006.20160801.01.DERVAR.F","Guy Hobbs","Georgia Southern University",
"95b6a4bf-2cdc-48ef-a31f-9a5886952569","SCBI_039.tickPlot.tck","SCBI_039","2016-08-01T16:44Z","2017-04-26T16:00Z","SCBI_039.20160801","SCBI_039.20160801.DERVAR.F","Dermacentor variabilis","DERVAR","species","Ixodidae",,,,"Dermacentor",,"variabilis",,,"Yunker, C. E., Keirans, J. E., Clifford, C. M., and E. R. Easton. 1986. Dermacentor ticks (Acari: Ixodoidea: Ixodidae) of the New World: a scanning electron microscope atlas. Proceedings of the Entomological Society of Washington, 88(4):609-627.","GSU_tickIdentification_SOP_2016-11-01.pdf","Say","Female",3,"OK","RNA stabilization buffer","USNMENT00984444","SCBI_039.20160801.01.DERVAR.F","Guy Hobbs","Georgia Southern University",
"34510509-b94b-4221-81a4-e2472aebad41","SCBI_039.tickPlot.tck","SCBI_039","2016-08-01T16:44Z","2017-04-26T16:00Z","SCBI_039.20160801","SCBI_039.20160801.DERVAR.M","Dermacentor variabilis","DERVAR","species","Ixodidae",,,,"Dermacentor",,"variabilis",,,"Yunker, C. E., Keirans, J. E., Clifford, C. M., and E. R. Easton. 1986. Dermacentor ticks (Acari: Ixodoidea: Ixodidae) of the New World: a scanning electron microscope atlas. Proceedings of the Entomological Society of Washington, 88(4):609-627.","GSU_tickIdentification_SOP_2016-11-01.pdf","Say","Male",1,"OK","RNA stabilization buffer","USNMENT00984443","SCBI_039.20160801.01.DERVAR.M","Guy Hobbs","Georgia Southern University",
"bba92683-34c2-4955-99fd-25a66ff06011","SCBI_002.tickPlot.tck","SCBI_002","2016-08-01T17:40Z","2017-04-25T16:00Z","SCBI_002.20160801","SCBI_002.20160801.IXOSP.L","Ixodidae sp.","IXOSP","family","Ixodidae",,,,,,"sp.",,,,"GSU_tickIdentification_SOP_2016-11-01.pdf",,"Larva",1,"OK","RNA stabilization buffer","USNMENT00984441","SCBI_002.20160801.01.L","Guy Hobbs","Georgia Southern University",
"bd30c6c0-07f7-419a-bb4e-7ad3e878576d","SCBI_007.tickPlot.tck","SCBI_007","2016-08-04T15:41Z","2017-04-26T16:00Z","SCBI_007.20160804","SCBI_007.20160804.IXOSP.L","Ixodidae sp.","IXOSP","family","Ixodidae",,,,,,"sp.",,,,"GSU_tickIdentification_SOP_2016-11-01.pdf",,"Larva",1,"OK","RNA stabilization buffer","USNMENT00984445","SCBI_007.20160804.01.L","Guy Hobbs","Georgia Southern University",
"58b6a4fc-a2cd-43b3-a5db-64101fd490a5","SCBI_013.tickPlot.tck","SCBI_013","2016-08-04T17:41Z","2017-04-26T16:00Z","SCBI_013.20160804","SCBI_013.20160804.IXOSP.L","Ixodidae sp.","IXOSP","family","Ixodidae",,,,,,"sp.",,,,"GSU_tickIdentification_SOP_2016-11-01.pdf",,"Larva",1,"OK","RNA stabilization buffer","USNMENT00984446","SCBI_013.20160804.01.L","Guy Hobbs","Georgia Southern University",
"2fbbae94-be36-4227-91cd-9bc3bd76c554","SCBI_013.tickPlot.tck","SCBI_013","2016-08-04T17:41Z","2017-05-17T16:00Z","SCBI_013.20160804","SCBI_013.20160804.IXOSCA.N","Ixodes scapularis","IXOSCA","species","Ixodidae",,,,"Ixodes",,"scapularis",,,"Cooley, R. A. and G. M. Kohls. 1945. The genus Ixodes in North America. National Institute of Health Bulletin, 184.","GSU_tickIdentification_SOP_2016-11-01.pdf","Say","Nymph",4,"OK","RNA stabilization buffer","USNMENT00984447","SCBI_013.20160804.01.IXOSCA.N","Lorenza Beati","Georgia Southern University",
"0e86366f-611c-41a9-bb54-bfdece9cf997","SCBI_005.tickPlot.tck","SCBI_005","2016-08-08T18:30Z","2017-05-17T16:00Z","SCBI_005.20160808","SCBI_005.20160808.IXOSCA.N","Ixodes scapularis","IXOSCA","species","Ixodidae",,,,"Ixodes",,"scapularis",,,"Cooley, R. A. and G. M. Kohls. 1945. The genus Ixodes in North America. National Institute of Health Bulletin, 184.","GSU_tickIdentification_SOP_2016-11-01.pdf","Say","Nymph",1,"OK","RNA stabilization buffer","USNMENT00984449","SCBI_005.20160808.01.IXOSCA.N","Lorenza Beati","Georgia Southern University",
"2daee1db-9b29-48d5-bf9c-68d9305e9794","SCBI_005.tickPlot.tck","SCBI_005","2016-08-08T18:30Z","2017-05-17T16:00Z","SCBI_005.20160808","SCBI_005.20160808.DERVAR.F","Dermacentor variabilis","DERVAR","species","Ixodidae",,,,"Dermacentor",,"variabilis",,,"Yunker, C. E., Keirans, J. E., Clifford, C. M., and E. R. Easton. 1986. Dermacentor ticks (Acari: Ixodoidea: Ixodidae) of the New World: a scanning electron microscope atlas. Proceedings of the Entomological Society of Washington, 88(4):609-627.","GSU_tickIdentification_SOP_2016-11-01.pdf","Say","Female",1,"OK","RNA stabilization buffer","USNMENT00984448","SCBI_005.20160808.01.DERVAR.F","Lorenza Beati","Georgia Southern University",
"5af7e953-4ae9-4dcf-82bf-1d06c4d9cb12","SCBI_002.tickPlot.tck","SCBI_002","2016-08-22T14:40Z","2017-05-03T16:00Z","SCBI_002.20160822","SCBI_002.20160822.IXOSP.L","Ixodidae sp.","IXOSP","family","Ixodidae",,,,,,"sp.",,,,"GSU_tickIdentification_SOP_2016-11-01.pdf",,"Larva",1,"OK","RNA stabilization buffer","USNMENT00984507","SCBI_002.20160822.01.L","Guy Hobbs","Georgia Southern University",
"90616b44-0194-405b-a0ad-c396a12585a7","SCBI_039.tickPlot.tck","SCBI_039","2016-08-22T17:37Z","2017-05-05T16:00Z","SCBI_039.20160822","SCBI_039.20160822.DERVAR.M","Dermacentor variabilis","DERVAR","species","Ixodidae",,,,"Dermacentor",,"variabilis",,,"Yunker, C. E., Keirans, J. E., Clifford, C. M., and E. R. Easton. 1986. Dermacentor ticks (Acari: Ixodoidea: Ixodidae) of the New World: a scanning electron microscope atlas. Proceedings of the Entomological Society of Washington, 88(4):609-627.","GSU_tickIdentification_SOP_2016-11-01.pdf","Say","Male",1,"OK","RNA stabilization buffer","USNMENT00984546","SCBI_039.20160822.01.DERVAR.M","Guy Hobbs","Georgia Southern University",
"d4d45360-0f66-4cf7-a1ad-9c4fb8ee06ee","SCBI_039.tickPlot.tck","SCBI_039","2016-08-22T17:37Z","2017-05-05T16:00Z","SCBI_039.20160822","SCBI_039.20160822.IXOSP.L","Ixodidae sp.","IXOSP","family","Ixodidae",,,,,,"sp.",,,,"GSU_tickIdentification_SOP_2016-11-01.pdf",,"Larva",1,"OK","RNA stabilization buffer","USNMENT00984550","SCBI_039.20160822.02.L","Guy Hobbs","Georgia Southern University",
"c4540f72-8b8c-4c3a-84d4-b4b0f1c32d3a","SCBI_013.tickPlot.tck","SCBI_013","2016-08-24T15:16Z","2017-05-17T16:00Z","SCBI_013.20160824","SCBI_013.20160824.AMBAME.N","Amblyomma americanum","AMBAME","species","Ixodidae",,,,"Amblyomma",,"americanum",,,"Cooley, R. A. and G. M. Kohls. 1944. The genus Amblyomma (ixodidae) in the United States. The Journal of Parasitology, 30(2):77-111.","GSU_tickIdentification_SOP_2016-11-01.pdf","Linnaeus","Nymph",1,"OK","RNA stabilization buffer","USNMENT00984509","SCBI_013.20160824.01.AMBAME.N","Lorenza Beati","Georgia Southern University",
