uid,namedLocation,domainID,siteID,plotID,plotType,nlcdClass,decimalLatitude,decimalLongitude,geodeticDatum,coordinateUncertainty,elevation,elevationUncertainty,collectDate,eventID,sampleID,sampleCode,samplingMethod,totalSampledArea,targetTaxaPresent,adultCount,nymphCount,larvaCount,sampleCondition,samplingProtocolVersion,measuredBy,remarks
"55684a61-d284-4f9b-b383-e90f93c2c258","SCBI_006.tickPlot.tck","D02","SCBI","SCBI_006","distributed","pastureHay",38.897080,-78.150277,"WGS84",20.1,277.1,0.1,"2016-08-01T16:02Z","SCBI.2016.31","SCBI_006.20160801",,"drag",160,"Y",5,0,0,"No known compromise","NEON.DOC.014045vG","Ctsq6XD9tFCB0DsTMwePiY235aSh3IrY",
"9129705c-ae55-4507-9551-e3c9223542af","SCBI_039.tickPlot.tck","D02","SCBI","SCBI_039","distributed","pastureHay",38.896433,-78.166542,"WGS84",20.1,330.8,0.1,"2016-08-01T16:44Z","SCBI.2016.31","SCBI_039.20160801",,"drag and flag",145,"Y",4,0,0,"No known compromise","NEON.DOC.014045vG","p8WKbOBZs5/CRPjq/1HrITk8Sf0GvCtj",
"f2057406-b5a9-46ed-a47b-9bdfb704cb4d","SCBI_002.tickPlot.tck","D02","SCBI","SCBI_002","distributed","deciduousForest",38.893863,-78.142704,"WGS84",20.2,327.7,0.2,"2016-08-01T17:40Z","SCBI.2016.31","SCBI_002.20160801",,"drag",160,"Y",0,0,602,"No known compromise","NEON.DOC.014045vG","WQSmqluTsPZ9nYYvkzHj3E4O8Iswtugz",
"739e4196-0334-4ca8-aef8-0c3b27ba800a","SCBI_007.tickPlot.tck","D02","SCBI","SCBI_007","distributed","deciduousForest",38.886013,-78.129365,"WGS84",20.2,428.3,0.2,"2016-08-04T15:41Z","SCBI.2016.31","SCBI_007.20160804",,"drag",127,"Y",0,0,3,"No known compromise","NEON.DOC.014045vG","65MrXCKZ6BZHMIpBwLFSzI3B2iyqckQKC2QVdjxfI44=",
"9509c5bc-32b7-4fac-be18-e8f3c0f7b9c9","SCBI_013.tickPlot.tck","D02","SCBI","SCBI_013","distributed","deciduousForest",38.873041,-78.163313,"WGS84",20.2,361.3,0.3,"2016-08-04T17:41Z","SCBI.2016.31","SCBI_013.20160804",,"drag",160,"Y",0,4,1,"No known compromise","NEON.DOC.014045vG","65MrXCKZ6BZHMIpBwLFSzI3B2iyqckQKC2QVdjxfI44=",
"6b682ac8-f91d-42a9-8766-097a398473a0","SCBI_005.tickPlot.tck","D02","SCBI","SCBI_005","distributed","deciduousForest",38.901859,-78.161940,"WGS84",20.2,263.6,0.3,"2016-08-08T18:30Z","SCBI.2016.32","SCBI_005.20160808",,"drag",133,"Y",1,1,0,"No known compromise","NEON.DOC.014045vG","65MrXCKZ6BZHMIpBwLFSzI3B2iyqckQKC2QVdjxfI44=",
"333dc138-d116-4cf5-baad-1ad753c32f87","SCBI_002.tickPlot.tck","D02","SCBI","SCBI_002","distributed","deciduousForest",38.893863,-78.142704,"WGS84",20.2,327.7,0.2,"2016-08-22T14:40Z","SCBI.2016.34","SCBI_002.20160822",,"drag",159,"Y",0,0,195,"No known compromise","NEON.DOC.014045vG","p8WKbOBZs5/CRPjq/1HrITk8Sf0GvCtj",
"c4d260e8-438f-4b02-9799-35efb9bbc473","SCBI_007.tickPlot.tck","D02","SCBI","SCBI_007","distributed","deciduousForest",38.886013,-78.129365,"WGS84",20.2,428.3,0.2,"2016-08-22T15:24Z","SCBI.2016.34","SCBI_007.20160822",,"drag",149,"Y",0,0,805,"No known compromise","NEON.DOC.014045vG","esNjjubcI51hdInmRHEEIrFR4+oIJtuN",
"a51f7291-cb82-46ea-b7b9-4c4cab5e620e","SCBI_006.tickPlot.tck","D02","SCBI","SCBI_006","distributed","pastureHay",38.897080,-78.150277,"WGS84",20.1,277.1,0.1,"2016-08-22T15:53Z","SCBI.2016.34",,,"drag",150,"N",0,0,0,"No known compromise","NEON.DOC.014045vG","p8WKbOBZs5/CRPjq/1HrITk8Sf0GvCtj",
"9fe9906e-82fd-4a66-83a6-ec8a9855488b","SCBI_039.tickPlot.tck","D02","SCBI","SCBI_039","distributed","pastureHay",38.896433,-78.166542,"WGS84",20.1,330.8,0.1,"2016-08-22T17:37Z","SCBI.2016.34","SCBI_039.20160822",,"drag",165,"Y",1,0,11,"No known compromise","NEON.DOC.014045vG","esNjjubcI51hdInmRHEEIrFR4+oIJtuN",
"2dfb3459-9a6f-42c6-8cfb-887ccb9feee1","SCBI_013.tickPlot.tck","D02","SCBI","SCBI_013","distributed","deciduousForest",38.873041,-78.163313,"WGS84",20.2,361.3,0.3,"2016-08-24T15:16Z","SCBI.2016.34","SCBI_013.20160824",,"drag",160,"Y",0,1,96,"No known compromise","NEON.DOC.014045vG","esNjjubcI51hdInmRHEEIrFR4+oIJtuN",
"1527671c-414a-453d-9984-9d8c09901a53","SCBI_005.tickPlot.tck","D02","SCBI","SCBI_005","distributed","deciduousForest",38.901859,-78.161940,"WGS84",20.2,263.6,0.3,"2016-08-24T17:40Z","SCBI.2016.34",,,"drag",158,"N",0,0,0,"No known compromise","NEON.DOC.014045vG","esNjjubcI51hdInmRHEEIrFR4+oIJtuN",
