uid,namedLocation,date,domainID,siteID,plotID,plotType,nlcdClass,decimalLatitude,decimalLongitude,geodeticDatum,coordinateUncertainty,easting,northing,utmZone,elevation,elevationUncertainty,eventID,samplingProtocolVersion,treesPresent,treesAbsentList,shrubsPresent,shrubsAbsentList,lianasPresent,lianasAbsentList,nestedSubplotAreaShrubSapling,nestedSubplotAreaLiana,totalSampledAreaTrees,totalSampledAreaShrubSapling,totalSampledAreaLiana,remarks,measuredBy,recordedBy,dataQF
"f1db2e0d-5fa5-49c5-86c9-36c252699f32","MLBS_064.basePlot.vst","2015-09-28","D07","MLBS","MLBS_064","tower","deciduousForest",37.375560,-80.520162,"WGS84",20.2,542483.33,4136643.77,"17N",1179.4,0.2,"vst_MLBS_2015","NEON.DOC.000987vE",,,,,,,"100","noneSelected",800,400,800,,,"nWRBOaU124b01Rs+iLGaSLZBvwgmQ5i5","legacyData"
"0ec5657b-ac40-49a1-82c0-3b5988f1b6b2","MLBS_061.basePlot.vst","2015-09-28","D07","MLBS","MLBS_061","tower","deciduousForest",37.376621,-80.519800,"WGS84",20.2,542514.78,4136761.65,"17N",1170.0,0.3,"vst_MLBS_2015","NEON.DOC.000987vE",,,,,,,"100","noneSelected",800,400,800,,,"FII5NHkrIeQI4f+soqpivO/xVBSahwuJ","legacyData"
"fbc908c3-d74e-4df3-88ad-0b3584c09c95","MLBS_061.basePlot.vst","2015-09-28","D07","MLBS","MLBS_061","tower","deciduousForest",37.376621,-80.519800,"WGS84",20.2,542514.78,4136761.65,"17N",1170.0,0.3,"vst_MLBS_2015","NEON.DOC.000987vD",,,,,,,"100","noneSelected",800,400,800,,,"FII5NHkrIeQI4f+soqpivO/xVBSahwuJ","legacyData"
"2a315116-b27c-4447-84c2-38fc336ce346","MLBS_076.basePlot.vst","2015-09-28","D07","MLBS","MLBS_076","tower","deciduousForest",37.376386,-80.521186,"WGS84",20.3,542392.21,4136734.95,"17N",1172.0,0.3,"vst_MLBS_2015","NEON.DOC.000987vD",,,,,,,"noneSelected","noneSelected",800,800,800,,,"xvXXx2YfvliZ3zsHMcdXOaIt4dnvXIe8wSogS8jrnDA=","legacyData"
"73854e86-7190-4b19-8afe-b9eea00f4d76","MLBS_062.basePlot.vst","2015-09-29","D07","MLBS","MLBS_062","tower","deciduousForest",37.374217,-80.526231,"WGS84",20.3,541946.75,4136492.07,"17N",1175.5,0.6,"vst_MLBS_2015","NEON.DOC.000987vE",,,,,,,"100","noneSelected",800,400,800,,,"FII5NHkrIeQI4f+soqpivO/xVBSahwuJ","legacyData"
"634abf59-724e-4588-8a69-a8666841bd61","MLBS_065.basePlot.vst","2015-09-29","D07","MLBS","MLBS_065","tower","deciduousForest",37.373413,-80.524934,"WGS84",20.2,542062.03,4136403.45,"17N",1166.4,0.2,"vst_MLBS_2015","NEON.DOC.000987vE",,,,,,,"noneSelected","noneSelected",800,800,800,,,"xvXXx2YfvliZ3zsHMcdXOaIt4dnvXIe8wSogS8jrnDA=","legacyData"
"80faffcc-2c6a-4c68-8bff-bdbb07d4cc04","MLBS_062.basePlot.vst","2015-09-29","D07","MLBS","MLBS_062","tower","deciduousForest",37.374217,-80.526231,"WGS84",20.3,541946.75,4136492.07,"17N",1175.5,0.6,"vst_MLBS_2015","NEON.DOC.000987vD",,,,,,,"100","noneSelected",800,400,800,,,"FII5NHkrIeQI4f+soqpivO/xVBSahwuJ","legacyData"
"ffc4f831-bc53-4649-a0d4-ff5f8e3a4be4","MLBS_075.basePlot.vst","2015-09-29","D07","MLBS","MLBS_075","tower","deciduousForest",37.373399,-80.523552,"WGS84",20.1,542184.40,4136402.51,"17N",1171.7,0.1,"vst_MLBS_2015","NEON.DOC.000987vD",,,,,,,"100","noneSelected",800,400,800,,,"vEvVLxmZ4KgjcDZj0PuqDb8k7/+li+6G","legacyData"
"dfa8160c-ab6a-4c40-9de7-9106b6d1c364","MLBS_074.basePlot.vst","2015-09-30","D07","MLBS","MLBS_074","tower","deciduousForest",37.377761,-80.524585,"WGS84",20.1,542090.50,4136885.97,"17N",1174.2,0.2,"vst_MLBS_2015","NEON.DOC.000987vD",,,,,,,"noneSelected","noneSelected",800,800,800,,,"FII5NHkrIeQI4f+soqpivO/xVBSahwuJ","legacyData"
"1dc63361-ee82-429b-9046-112b1477008e","MLBS_066.basePlot.vst","2015-09-30","D07","MLBS","MLBS_066","tower","deciduousForest",37.376908,-80.525885,"WGS84",20.2,541975.88,4136790.76,"17N",1175.3,0.3,"vst_MLBS_2015","NEON.DOC.000987vD",,,,,,,"noneSelected","noneSelected",800,800,800,,,"FII5NHkrIeQI4f+soqpivO/xVBSahwuJ","legacyData"
"0f9b72e8-4f82-46c9-9bf3-971e6e300731","MLBS_066.basePlot.vst","2015-09-30","D07","MLBS","MLBS_066","tower","deciduousForest",37.376908,-80.525885,"WGS84",20.2,541975.88,4136790.76,"17N",1175.3,0.3,"vst_MLBS_2015","NEON.DOC.000987vD",,,,,,,"100","noneSelected",800,400,800,,,"FII5NHkrIeQI4f+soqpivO/xVBSahwuJ","legacyData"
"7e317089-2933-49e7-a5b8-74c2dc0d6348","MLBS_063.basePlot.vst","2015-09-30","D07","MLBS","MLBS_063","tower","deciduousForest",37.377487,-80.527932,"WGS84",20.2,541794.33,4136854.09,"17N",1176.6,0.3,"vst_MLBS_2015","NEON.DOC.000987vE",,,,,,,"100","noneSelected",800,400,800,,,"FII5NHkrIeQI4f+soqpivO/xVBSahwuJ","legacyData"
"064bb21e-365c-4508-9276-6d4731622bd7","MLBS_074.basePlot.vst","2015-09-30","D07","MLBS","MLBS_074","tower","deciduousForest",37.377761,-80.524585,"WGS84",20.1,542090.50,4136885.97,"17N",1174.2,0.2,"vst_MLBS_2015","NEON.DOC.000987vE",,,,,,,"noneSelected","noneSelected",800,800,800,,,"FII5NHkrIeQI4f+soqpivO/xVBSahwuJ","legacyData"
"ed66d64b-3b52-4e29-a05f-6799d9c553f7","MLBS_063.basePlot.vst","2015-09-30","D07","MLBS","MLBS_063","tower","deciduousForest",37.377487,-80.527932,"WGS84",20.2,541794.33,4136854.09,"17N",1176.6,0.3,"vst_MLBS_2015","NEON.DOC.000987vD",,,,,,,"100","noneSelected",800,400,800,,,"FII5NHkrIeQI4f+soqpivO/xVBSahwuJ","legacyData"
"f55e49de-52f5-4138-8257-7dcd0ef17af1","MLBS_067.basePlot.vst","2015-09-30","D07","MLBS","MLBS_067","tower","deciduousForest",37.378560,-80.527270,"WGS84",20.2,541852.34,4136973.42,"17N",1171.6,0.4,"vst_MLBS_2015","NEON.DOC.000987vE",,,,,,,"noneSelected","noneSelected",800,800,800,,,"FII5NHkrIeQI4f+soqpivO/xVBSahwuJ","legacyData"
"2fbf5b95-b58a-4197-8350-519747b3e822","MLBS_067.basePlot.vst","2015-09-30","D07","MLBS","MLBS_067","tower","deciduousForest",37.378560,-80.527270,"WGS84",20.2,541852.34,4136973.42,"17N",1171.6,0.4,"vst_MLBS_2015","NEON.DOC.000987vD",,,,,,,"100","noneSelected",800,400,800,,,"FII5NHkrIeQI4f+soqpivO/xVBSahwuJ","legacyData"
"0648ebc2-0bf8-4fe3-80f7-7f4252697144","MLBS_073.basePlot.vst","2015-09-30","D07","MLBS","MLBS_073","tower","deciduousForest",37.378011,-80.525919,"WGS84",20.2,541972.26,4136913.12,"17N",1173.2,0.2,"vst_MLBS_2015","NEON.DOC.000987vD",,,,,,,"noneSelected","noneSelected",800,800,800,,,"vEvVLxmZ4KgjcDZj0PuqDb8k7/+li+6G","legacyData"
"1cc14ce8-fae8-4a9a-96e5-fd1d80feb7d7","MLBS_069.basePlot.vst","2015-09-30","D07","MLBS","MLBS_069","tower","deciduousForest",37.377731,-80.522844,"WGS84",20.2,542244.66,4136883.42,"17N",1171.9,0.3,"vst_MLBS_2015","NEON.DOC.000987vE",,,,,,,"100","noneSelected",800,400,800,,,"nWRBOaU124b01Rs+iLGaSLZBvwgmQ5i5","legacyData"
