uid,namedLocation,domainID,siteID,plotID,plotType,nlcdClass,decimalLatitude,decimalLongitude,geodeticDatum,coordinateUncertainty,elevation,elevationUncertainty,collectDate,eventID,sampleID,sampleCode,samplingMethod,totalSampledArea,targetTaxaPresent,adultCount,nymphCount,larvaCount,sampleCondition,samplingProtocolVersion,measuredBy,remarks
"b3b2631e-47f8-48f5-8053-bbd38260d0a6","STEI_029.tickPlot.tck","D05","STEI","STEI_029","distributed","mixedForest",45.832878,-90.075489,"WGS84",20.1,492.2,0.2,"2017-06-05T15:28Z","STEI.2017.24","STEI_029.20170605",,"drag and flag",137,"Y",0,2,13,"No known compromise","NEON.DOC.014045vH","Syw2LXB/pj+fmGCuwdgBGVryVUmYhw3g",
"8041fc72-2c2b-463f-9e02-c4192618e20b","STEI_002.tickPlot.tck","D05","STEI","STEI_002","distributed","deciduousForest",45.796166,-90.091452,"WGS84",20.2,520.3,0.4,"2017-06-05T16:33Z","STEI.2017.24","STEI_002.20170605",,"drag",160,"Y",1,0,2,"No known compromise","NEON.DOC.014045vH","wk4JgrKBAQOS7vHUr1IuL6Y+Safneo7GcsG8sSgcnaM=",
"0efaa52a-bb46-4900-aad4-7f18d11bdfc2","STEI_023.tickPlot.tck","D05","STEI","STEI_023","distributed","woodyWetlands",45.824017,-90.096171,"WGS84",20.2,480.4,0.3,"2017-06-05T16:43Z","STEI.2017.24",,,"drag and flag",149,"N",0,0,0,,"NEON.DOC.014045vG","ryPwirbLIGP0z95AI2Ix9nYd6s942sQlUAwVL4UApoo=",
"678efb57-0b2c-42fb-98db-e4cb1bcd3501","STEI_001.tickPlot.tck","D05","STEI","STEI_001","distributed","deciduousForest",45.812978,-90.091123,"WGS84",20.3,509.3,0.4,"2017-06-05T18:02Z","STEI.2017.24",,,"flag",155,"N",0,0,0,,"NEON.DOC.014045vH","wk4JgrKBAQOS7vHUr1IuL6Y+Safneo7GcsG8sSgcnaM=",
"9da48e0d-ca5a-4f86-bb70-9731910255b0","STEI_005.tickPlot.tck","D05","STEI","STEI_005","distributed","deciduousForest",45.825112,-90.085882,"WGS84",20.3,509.9,0.5,"2017-06-05T18:10Z","STEI.2017.24","STEI_005.20170605",,"drag and flag",161,"Y",0,1,0,"No known compromise","NEON.DOC.014045vG","ryPwirbLIGP0z95AI2Ix9nYd6s942sQlUAwVL4UApoo=",
"41cf2da3-7c2c-4195-8e5e-f4d030fd2971","STEI_003.tickPlot.tck","D05","STEI","STEI_003","distributed","deciduousForest",45.824086,-90.071058,"WGS84",20.3,510.1,0.5,"2017-06-05T19:23Z","STEI.2017.24","STEI_003.20170605",,"flag",160,"Y",1,0,0,"No known compromise","NEON.DOC.014045vH","wk4JgrKBAQOS7vHUr1IuL6Y+Safneo7GcsG8sSgcnaM=",
"29e87e5c-5737-4ae5-8ed4-3f877681f7c4","STEI_002.tickPlot.tck","D05","STEI","STEI_002","distributed","deciduousForest",45.796166,-90.091452,"WGS84",20.2,520.3,0.4,"2017-06-27T15:20Z","STEI.2017.27","STEI_002.20170627",,"drag and flag",162,"Y",2,1,0,"No known compromise","NEON.DOC.014045vH","ARejzCBrb6CRpGj0oWJ3lcNFFJLhhdyHL/qtSIEd/o0=",
"1b55062a-1a84-4573-ae61-4582c60365cd","STEI_001.tickPlot.tck","D05","STEI","STEI_001","distributed","deciduousForest",45.812978,-90.091123,"WGS84",20.3,509.3,0.4,"2017-06-27T16:29Z","STEI.2017.27",,,"drag and flag",159,"N",0,0,0,,"NEON.DOC.014045vH","U7RagQbUX4u+dLtUkT/w+eKoYvmR7sAlnCu38Rw8Rm0=",
"8c816e7b-4cd0-4804-bbd3-e51e487e4d96","STEI_003.tickPlot.tck","D05","STEI","STEI_003","distributed","deciduousForest",45.824086,-90.071058,"WGS84",20.3,510.1,0.5,"2017-06-27T17:58Z","STEI.2017.27",,,"drag and flag",158,"N",0,0,0,,"NEON.DOC.014045vH","ARejzCBrb6CRpGj0oWJ3lcNFFJLhhdyHL/qtSIEd/o0=",
"f592dc79-ccdb-430c-a22f-fa94cee58112","STEI_029.tickPlot.tck","D05","STEI","STEI_029","distributed","mixedForest",45.832878,-90.075489,"WGS84",20.1,492.2,0.2,"2017-06-27T19:00Z","STEI.2017.27",,,"drag and flag",150,"N",0,0,0,,"NEON.DOC.014045vH","U7RagQbUX4u+dLtUkT/w+eKoYvmR7sAlnCu38Rw8Rm0=",
"318fd15e-9cdd-4de3-84ae-89b415a7fed0","STEI_005.tickPlot.tck","D05","STEI","STEI_005","distributed","deciduousForest",45.825112,-90.085882,"WGS84",20.3,509.9,0.5,"2017-06-27T20:10Z","STEI.2017.27",,,"drag and flag",160,"N",0,0,0,,"NEON.DOC.014045vH","ARejzCBrb6CRpGj0oWJ3lcNFFJLhhdyHL/qtSIEd/o0=",
