uid,namedLocation,plotID,collectDate,identifiedDate,sampleID,subsampleID,scientificName,acceptedTaxonID,taxonRank,family,subfamily,tribe,subtribe,genus,subgenus,specificEpithet,infraspecificEpithet,identificationQualifier,identificationReferences,identificationProtocolVersion,scientificNameAuthorship,sexOrAge,individualCount,sampleCondition,archiveMedium,archiveFacilityID,deprecatedVialID,identifiedBy,laboratoryName,remarks
"48ddfeeb-6322-4fb7-9e58-55c700ca699f","STEI_029.tickPlot.tck","STEI_029","2017-06-05T15:28Z","2018-01-13T17:00Z","STEI_029.20170605","STEI_029.20170605.IXOSCA.N","Ixodes scapularis","IXOSCA","species","Ixodidae",,,,"Ixodes",,"scapularis",,,"Cooley, R. A. and G. M. Kohls. 1945. The genus Ixodes in North America. National Institute of Health Bulletin, 184.","GSU_tickIdentification_SOP_2016-11-01.pdf","Say","Nymph",2,"OK","90% ethanol","USNMENT01358180","STEI_029.20170605.IXOSCA.N","Lorenza Beati","Georgia Southern University",
"ed68a970-a7be-410d-8d83-20eab09ea33b","STEI_029.tickPlot.tck","STEI_029","2017-06-05T15:28Z","2017-07-13T16:00Z","STEI_029.20170605","STEI_029.20170605.IXOSP.L","Ixodidae sp.","IXOSP","family","Ixodidae",,,,,,"sp.",,,,"GSU_tickIdentification_SOP_2016-11-01.pdf",,"Larva",1,"OK","90% ethanol","USNMENT01358181","STEI_029.20170605.L","Guy Hobbs","Georgia Southern University",
"ec417ab9-e97d-4138-9412-30067de90dc9","STEI_002.tickPlot.tck","STEI_002","2017-06-05T16:33Z","2018-01-13T17:00Z","STEI_002.20170605","STEI_002.20170605.DERVAR.F","Dermacentor variabilis","DERVAR","species","Ixodidae",,,,"Dermacentor",,"variabilis",,,"Yunker, C. E., Keirans, J. E., Clifford, C. M., and E. R. Easton. 1986. Dermacentor ticks (Acari: Ixodoidea: Ixodidae) of the New World: a scanning electron microscope atlas. Proceedings of the Entomological Society of Washington, 88(4):609-627.","GSU_tickIdentification_SOP_2016-11-01.pdf","Say","Female",1,"OK","90% ethanol","USNMENT01358177","STEI_002.20170605.DERVAR.F","Lorenza Beati","Georgia Southern University","TO PAULA"
"ddf775cb-b45a-4afc-a546-e8c9a2d4b234","STEI_005.tickPlot.tck","STEI_005","2017-06-05T18:10Z","2018-01-13T17:00Z","STEI_005.20170605","STEI_005.20170605.IXOSCA.N","Ixodes scapularis","IXOSCA","species","Ixodidae",,,,"Ixodes",,"scapularis",,,"Cooley, R. A. and G. M. Kohls. 1945. The genus Ixodes in North America. National Institute of Health Bulletin, 184.","GSU_tickIdentification_SOP_2016-11-01.pdf","Say","Nymph",1,"OK","90% ethanol","USNMENT01358179","STEI_005.20170605.IXOSCA.N","Lorenza Beati","Georgia Southern University",
"798b5d68-3921-4140-b3ab-4910cf35ff7f","STEI_003.tickPlot.tck","STEI_003","2017-06-05T19:23Z","2018-01-13T17:00Z","STEI_003.20170605","STEI_003.20170605.IXOSCA.F","Ixodes scapularis","IXOSCA","species","Ixodidae",,,,"Ixodes",,"scapularis",,,"Cooley, R. A. and G. M. Kohls. 1945. The genus Ixodes in North America. National Institute of Health Bulletin, 184.","GSU_tickIdentification_SOP_2016-11-01.pdf","Say","Female",1,"OK","90% ethanol","USNMENT01358178","STEI_003.20170605.IXOSCA.F","Lorenza Beati","Georgia Southern University",
"f25e116a-fc7a-4fbc-98b6-2b8e1efd5baf","STEI_002.tickPlot.tck","STEI_002","2017-06-27T15:20Z","2018-03-10T17:00Z","STEI_002.20170627","STEI_002.20170627.DERVAR.F","Dermacentor variabilis","DERVAR","species","Ixodidae",,,,"Dermacentor",,"variabilis",,,"Yunker, C. E., Keirans, J. E., Clifford, C. M., and E. R. Easton. 1986. Dermacentor ticks (Acari: Ixodoidea: Ixodidae) of the New World: a scanning electron microscope atlas. Proceedings of the Entomological Society of Washington, 88(4):609-627.","GSU_tickIdentification_SOP_2016-11-01.pdf","Say","Female",2,"OK","90% ethanol","USNMENT01430180","STEI_002.20170627.DERVAR.F","Lorenza Beati","Georgia Southern University",
"49122eaa-fe89-449c-a991-38835c4317ea","STEI_002.tickPlot.tck","STEI_002","2017-06-27T15:20Z","2018-03-10T17:00Z","STEI_002.20170627","STEI_002.20170627.IXOSCA.N","Ixodes scapularis","IXOSCA","species","Ixodidae",,,,"Ixodes",,"scapularis",,,"Cooley, R. A. and G. M. Kohls. 1945. The genus Ixodes in North America. National Institute of Health Bulletin, 184.","GSU_tickIdentification_SOP_2016-11-01.pdf","Say","Nymph",1,"OK","90% ethanol","USNMENT01430175","STEI_002.20170627.IXOSCA.N","Lorenza Beati","Georgia Southern University",
