uid,namedLocation,domainID,siteID,plotID,plotType,nlcdClass,decimalLatitude,decimalLongitude,geodeticDatum,coordinateUncertainty,elevation,elevationUncertainty,collectDate,eventID,sampleID,sampleCode,samplingMethod,totalSampledArea,targetTaxaPresent,adultCount,nymphCount,larvaCount,sampleCondition,samplingProtocolVersion,measuredBy,remarks
"0c9a64ec-e9a2-4712-9353-a12eb6065756","WOOD_001.tickPlot.tck","D09","WOOD","WOOD_001","distributed","grasslandHerbaceous",47.127200,-99.256464,"WGS84",20.1,593.8,0.2,"2016-11-09T08:32Z","WOOD.2016.45",,,"drag",160,"N",0,0,0,"No known compromise","NEON.DOC.014045vG","MfODK+JJmcLqkB6yRFBuRyUZt7q1nY/W",
"0cc508fe-6857-4eec-82d1-229325129bb2","WOOD_024.tickPlot.tck","D09","WOOD","WOOD_024","distributed","emergentHerbaceousWetlands",47.150784,-99.260836,"WGS84",20.1,586.1,0.2,"2016-11-09T16:33Z","WOOD.2016.45",,,"flag",160,"N",0,0,0,"No known compromise","NEON.DOC.014045vG","MfODK+JJmcLqkB6yRFBuRyUZt7q1nY/W",
"938c62c5-5511-4b77-bfb6-bb983fda71fb","WOOD_009.tickPlot.tck","D09","WOOD","WOOD_009","distributed","grasslandHerbaceous",47.144534,-99.231072,"WGS84",20.1,573.5,0.2,"2016-11-09T17:21Z","WOOD.2016.45",,,"drag",160,"N",0,0,0,"No known compromise","NEON.DOC.014045vG","Y5z6Fmrws3jA1BVsC0w+H9mBsn34g2gg",
"d9ed2e8f-027a-4df6-938c-a0d7ff69bec0","WOOD_002.tickPlot.tck","D09","WOOD","WOOD_002","distributed","grasslandHerbaceous",47.136802,-99.234546,"WGS84",20.1,578.3,0.1,"2016-11-09T17:56Z","WOOD.2016.45",,,"drag",165,"N",0,0,0,"No known compromise","NEON.DOC.014045vG","MfODK+JJmcLqkB6yRFBuRyUZt7q1nY/W",
"62da2f76-7dbd-4d5e-bf7c-aff70500c7b3","WOOD_006.tickPlot.tck","D09","WOOD","WOOD_006","distributed","grasslandHerbaceous",47.141023,-99.248055,"WGS84",20.1,587.2,0.1,"2016-11-09T18:52Z","WOOD.2016.45",,,"drag and flag",160,"N",0,0,0,"No known compromise","NEON.DOC.014045vG","MfODK+JJmcLqkB6yRFBuRyUZt7q1nY/W",
"afaa00b4-43a5-4e00-b8a5-2cb9a31be8e4","WOOD_007.tickPlot.tck","D09","WOOD","WOOD_007","distributed","grasslandHerbaceous",47.133887,-99.251357,"WGS84",20.4,593.6,0.3,"2016-11-09T21:18Z","WOOD.2016.45",,,"drag and flag",160,"N",0,0,0,"No known compromise","NEON.DOC.014045vG","Y5z6Fmrws3jA1BVsC0w+H9mBsn34g2gg",
