uid,namedLocation,domainID,siteID,plotID,plotType,nlcdClass,decimalLatitude,decimalLongitude,geodeticDatum,coordinateUncertainty,elevation,elevationUncertainty,collectDate,eventID,sampleID,sampleCode,samplingMethod,totalSampledArea,targetTaxaPresent,adultCount,nymphCount,larvaCount,sampleCondition,samplingProtocolVersion,measuredBy,remarks
"2403dfe2-285e-484f-b75e-67ee7d663146","WOOD_009.tickPlot.tck","D09","WOOD","WOOD_009","distributed","grasslandHerbaceous",47.144534,-99.231072,"WGS84",20.1,573.5,0.2,"2014-08-04T16:45Z","WOOD.2014.31","WOOD_009.20140804",,"drag",160,"Y",1,0,0,"No known compromise","NEON.DOC.014045vD","kG/1AxPobKjgdYAdSrmzKg==","NO TRANSCRIPTION ERRORS FOUND."
"b3d5da72-f3ac-493f-9e48-82320d6b29a6","WOOD_002.tickPlot.tck","D09","WOOD","WOOD_002","distributed","grasslandHerbaceous",47.136802,-99.234546,"WGS84",20.1,578.3,0.1,"2014-08-04T17:38Z","WOOD.2014.31","WOOD_002.20140804",,"drag",160,"Y",3,0,0,"No known compromise","NEON.DOC.014045vD","kG/1AxPobKjgdYAdSrmzKg==","NO TRANSCRIPTION ERRORS FOUND."
"dce6ea5b-f320-4641-8a7e-084281e075a4","WOOD_006.tickPlot.tck","D09","WOOD","WOOD_006","distributed","grasslandHerbaceous",47.141023,-99.248055,"WGS84",20.1,587.2,0.1,"2014-08-04T18:26Z","WOOD.2014.31","WOOD_006.20140804",,"drag and flag",158,"Y",6,0,0,"No known compromise","NEON.DOC.014045vD","kG/1AxPobKjgdYAdSrmzKg==","NO TRANSCRIPTION ERRORS FOUND."
"a98f2a8b-e0ca-4d01-bbb6-3a6955d8e635","WOOD_007.tickPlot.tck","D09","WOOD","WOOD_007","distributed","grasslandHerbaceous",47.133887,-99.251357,"WGS84",20.4,593.6,0.3,"2014-08-04T19:10Z","WOOD.2014.31","WOOD_007.20140804",,"drag and flag",160,"Y",1,0,0,"No known compromise","NEON.DOC.014045vD","kG/1AxPobKjgdYAdSrmzKg==","NO TRANSCRIPTION ERRORS FOUND."
"c8682af0-f44e-4ea5-a2b8-0e203e21908d","WOOD_001.tickPlot.tck","D09","WOOD","WOOD_001","distributed","grasslandHerbaceous",47.127200,-99.256464,"WGS84",20.1,593.8,0.2,"2014-08-04T19:57Z","WOOD.2014.31",,,"drag",160,"N",0,0,0,,"NEON.DOC.014045vD","kG/1AxPobKjgdYAdSrmzKg==","NO TRANSCRIPTION ERRORS FOUND."
"1734b1da-0b62-49f7-a8ea-a7dc7f77f68a","WOOD_009.tickPlot.tck","D09","WOOD","WOOD_009","distributed","grasslandHerbaceous",47.144534,-99.231072,"WGS84",20.1,573.5,0.2,"2014-08-25T19:23Z","WOOD.2014.34",,,"drag",165,"N",0,0,0,,"NEON.DOC.014045vD","kG/1AxPobKjgdYAdSrmzKg==","No transcription errors found. High winds."
"af6cafe5-e870-4c53-b04f-8df8fc0bd690","WOOD_002.tickPlot.tck","D09","WOOD","WOOD_002","distributed","grasslandHerbaceous",47.136802,-99.234546,"WGS84",20.1,578.3,0.1,"2014-08-25T20:03Z","WOOD.2014.34",,,"drag",160,"N",0,0,0,,"NEON.DOC.014045vD","kG/1AxPobKjgdYAdSrmzKg==","High winds."
"737494ae-b97a-4c00-a5d0-c6485bd83b40","WOOD_007.tickPlot.tck","D09","WOOD","WOOD_007","distributed","grasslandHerbaceous",47.133887,-99.251357,"WGS84",20.4,593.6,0.3,"2014-08-25T21:05Z","WOOD.2014.34",,,"drag and flag",160,"N",0,0,0,,"NEON.DOC.014045vD","kG/1AxPobKjgdYAdSrmzKg==","High winds. Flagged for 30m, dragged the rest."
"df1f4d42-d71a-43e3-9135-915412be8a78","WOOD_001.tickPlot.tck","D09","WOOD","WOOD_001","distributed","grasslandHerbaceous",47.127200,-99.256464,"WGS84",20.1,593.8,0.2,"2014-08-26T17:05Z","WOOD.2014.34",,,"drag",160,"N",0,0,0,,"NEON.DOC.014045vD","kG/1AxPobKjgdYAdSrmzKg==",
"cb99032d-6e15-49a8-990f-d709828a4a33","WOOD_006.tickPlot.tck","D09","WOOD","WOOD_006","distributed","grasslandHerbaceous",47.141023,-99.248055,"WGS84",20.1,587.2,0.1,"2014-08-26T17:50Z","WOOD.2014.34",,,"drag and flag",162,"N",0,0,0,,"NEON.DOC.014045vD","kG/1AxPobKjgdYAdSrmzKg==","No transcription errors found."
