uid,namedLocation,domainID,siteID,plotID,plotType,nlcdClass,decimalLatitude,decimalLongitude,geodeticDatum,coordinateUncertainty,elevation,elevationUncertainty,collectDate,eventID,sampleID,sampleCode,samplingMethod,totalSampledArea,targetTaxaPresent,adultCount,nymphCount,larvaCount,sampleCondition,samplingProtocolVersion,measuredBy,remarks
"4ad84e26-ec1c-4eca-9663-559ae5cd5b43","OSBS_002.tickPlot.tck","D03","OSBS","OSBS_002","distributed","evergreenForest",29.703661,-81.958365,"WGS84",20.1,35.8,0.2,"2018-05-22T13:46Z","OSBS.2018.21",,,"drag and flag",160,"N",0,0,0,,"NEON.DOC.014045vJ","q+sogNxuTpaaq3nt4H3feKdAxSnPr68l",
"1516071f-eb48-4604-88ce-6dfe76df1fce","OSBS_004.tickPlot.tck","D03","OSBS","OSBS_004","distributed","evergreenForest",29.683402,-81.960449,"WGS84",20.3,42.4,0.4,"2018-05-22T14:35Z","OSBS.2018.21","OSBS_004.20180522","A00000004090","drag and flag",160,"Y",0,1,0,"No known compromise","NEON.DOC.014045vJ","q+sogNxuTpaaq3nt4H3feKdAxSnPr68l",
"3b919d84-d1f4-469b-a616-8db30ac3b916","OSBS_048.tickPlot.tck","D03","OSBS","OSBS_048","distributed","evergreenForest",29.678818,-81.947790,"WGS84",20.2,36.8,0.4,"2018-05-22T15:20Z","OSBS.2018.21","OSBS_048.20180522","A00000004093","drag and flag",160,"Y",1,2,0,"No known compromise","NEON.DOC.014045vJ","q+sogNxuTpaaq3nt4H3feKdAxSnPr68l",
"1c7e9cf2-8527-4d7c-a97a-06d9926aacd9","OSBS_001.tickPlot.tck","D03","OSBS","OSBS_001","distributed","woodyWetlands",29.704063,-82.008061,"WGS84",20.3,34.4,0.3,"2018-05-23T14:30Z","OSBS.2018.21","OSBS_001.20180523","A00000004215","drag and flag",170,"Y",11,25,22,"No known compromise","NEON.DOC.014045vJ","WvXSfWD4ehCPp4x6qnD3+p3dnwrzoU8uG8F7IbYmNWU=",
