uid,namedLocation,plotID,collectDate,identifiedDate,sampleID,subsampleID,scientificName,acceptedTaxonID,taxonRank,family,subfamily,tribe,subtribe,genus,subgenus,specificEpithet,infraspecificEpithet,identificationQualifier,identificationReferences,identificationProtocolVersion,scientificNameAuthorship,sexOrAge,individualCount,sampleCondition,archiveMedium,archiveFacilityID,deprecatedVialID,identifiedBy,laboratoryName,remarks
"1ae9297f-0fee-414f-ace4-695829f66ba6","OSBS_004.tickPlot.tck","OSBS_004","2018-05-22T14:35Z","2018-09-26T16:00Z","OSBS_004.20180522","OSBS_004.20180522.AMBAME.N","Amblyomma americanum","AMBAME","species","Ixodidae",,,,"Amblyomma",,"americanum",,,"Cooley, R. A. and G. M. Kohls. 1944. The genus Amblyomma (ixodidae) in the United States. The Journal of Parasitology, 30(2):77-111.","GSU_tickIdentification_SOP_2016-11-01.pdf","Linnaeus","Nymph",1,"OK","90% ethanol","USNMENT01482201",,"Lorenza Beati","Georgia Southern University",
"ca5458b4-172f-4e62-a027-5b705876ae43","OSBS_048.tickPlot.tck","OSBS_048","2018-05-22T15:20Z","2018-09-26T16:00Z","OSBS_048.20180522","OSBS_048.20180522.AMBAME.N","Amblyomma americanum","AMBAME","species","Ixodidae",,,,"Amblyomma",,"americanum",,,"Cooley, R. A. and G. M. Kohls. 1944. The genus Amblyomma (ixodidae) in the United States. The Journal of Parasitology, 30(2):77-111.","GSU_tickIdentification_SOP_2016-11-01.pdf","Linnaeus","Nymph",2,"OK","90% ethanol","USNMENT01482199",,"Lorenza Beati","Georgia Southern University",
"5cf39899-6681-4057-a56e-17dc85c2bc0b","OSBS_048.tickPlot.tck","OSBS_048","2018-05-22T15:20Z","2018-09-19T16:00Z","OSBS_048.20180522","OSBS_048.20180522.AMBAME.F","Amblyomma americanum","AMBAME","species","Ixodidae",,,,"Amblyomma",,"americanum",,,"Cooley, R. A. and G. M. Kohls. 1944. The genus Amblyomma (ixodidae) in the United States. The Journal of Parasitology, 30(2):77-111.","GSU_tickIdentification_SOP_2016-11-01.pdf","Linnaeus","Female",1,"OK","90% ethanol","USNMENT01482200",,"Arianna Gibbs","Georgia Southern University",
"27baef54-e8e3-4cc1-809f-ceaf0601300a","OSBS_001.tickPlot.tck","OSBS_001","2018-05-23T14:30Z","2018-09-19T16:00Z","OSBS_001.20180523","OSBS_001.20180523.L","Ixodida sp.","IXOSP2","order",,,,,,,"sp.",,,,"GSU_tickIdentification_SOP_2016-11-01.pdf",,"Larva",22,"OK","90% ethanol","USNMENT01482196",,"Arianna Gibbs","Georgia Southern University",
"fb690d85-77bc-4f8a-8a6a-88394100b5f0","OSBS_001.tickPlot.tck","OSBS_001","2018-05-23T14:30Z","2018-09-19T16:00Z","OSBS_001.20180523","OSBS_001.20180523.AMBAME.F","Amblyomma americanum","AMBAME","species","Ixodidae",,,,"Amblyomma",,"americanum",,,"Cooley, R. A. and G. M. Kohls. 1944. The genus Amblyomma (ixodidae) in the United States. The Journal of Parasitology, 30(2):77-111.","GSU_tickIdentification_SOP_2016-11-01.pdf","Linnaeus","Female",6,"OK","90% ethanol","USNMENT01428197",,"Arianna Gibbs","Georgia Southern University",
"46b3f29d-c792-4c9f-8d80-67d1041bcf00","OSBS_001.tickPlot.tck","OSBS_001","2018-05-23T14:30Z","2018-09-26T16:00Z","OSBS_001.20180523","OSBS_001.20180523.AMBAME.N","Amblyomma americanum","AMBAME","species","Ixodidae",,,,"Amblyomma",,"americanum",,,"Cooley, R. A. and G. M. Kohls. 1944. The genus Amblyomma (ixodidae) in the United States. The Journal of Parasitology, 30(2):77-111.","GSU_tickIdentification_SOP_2016-11-01.pdf","Linnaeus","Nymph",24,"OK","90% ethanol","USNMENT01428195",,"Lorenza Beati","Georgia Southern University",
"e819d72a-c299-4f39-8228-f08836d92c44","OSBS_001.tickPlot.tck","OSBS_001","2018-05-23T14:30Z","2018-09-19T16:00Z","OSBS_001.20180523","OSBS_001.20180523.AMBAME.M","Amblyomma americanum","AMBAME","species","Ixodidae",,,,"Amblyomma",,"americanum",,,"Cooley, R. A. and G. M. Kohls. 1944. The genus Amblyomma (ixodidae) in the United States. The Journal of Parasitology, 30(2):77-111.","GSU_tickIdentification_SOP_2016-11-01.pdf","Linnaeus","Male",5,"OK","90% ethanol","USNMENT01482198",,"Arianna Gibbs","Georgia Southern University",
