uid,namedLocation,plotID,collectDate,identifiedDate,sampleID,subsampleID,scientificName,acceptedTaxonID,taxonRank,family,subfamily,tribe,subtribe,genus,subgenus,specificEpithet,infraspecificEpithet,identificationQualifier,identificationReferences,identificationProtocolVersion,scientificNameAuthorship,sexOrAge,individualCount,sampleCondition,archiveMedium,archiveFacilityID,deprecatedVialID,identifiedBy,laboratoryName,remarks
"135d6681-0121-4f00-a997-ed28765d504e","LENO_015.tickPlot.tck","LENO_015","2017-08-01T14:36Z","2017-09-19T16:00Z","LENO_015.20170801","LENO_015.20170801.IXOSP.L","Ixodidae sp.","IXOSP","family","Ixodidae",,,,,,"sp.",,,,"GSU_tickIdentification_SOP_2016-11-01.pdf",,"Larva",1,"OK","90% ethanol","USNMENT01358619","LENO_015.20170801.L","Arianna Gibbs","Georgia Southern University",
"7bd0cffa-831b-4dc4-a9aa-3f03ae116821","LENO_004.tickPlot.tck","LENO_004","2017-08-01T15:33Z","2017-12-18T17:00Z","LENO_004.20170801","LENO_004.20170801.IXOSCA.N","Ixodes scapularis","IXOSCA","species","Ixodidae",,,,"Ixodes",,"scapularis",,,"Cooley, R. A. and G. M. Kohls. 1945. The genus Ixodes in North America. National Institute of Health Bulletin, 184.","GSU_tickIdentification_SOP_2016-11-01.pdf","Say","Nymph",2,"OK","90% ethanol","USNMENT01358616","LENO_004.20170801.IXOSCA.N","Lorenza Beati","Georgia Southern University",
"93924fe4-7feb-412f-a680-b057b6f0840a","LENO_004.tickPlot.tck","LENO_004","2017-08-01T15:33Z","2017-09-19T16:00Z","LENO_004.20170801","LENO_004.20170801.IXOSP.L","Ixodidae sp.","IXOSP","family","Ixodidae",,,,,,"sp.",,,,"GSU_tickIdentification_SOP_2016-11-01.pdf",,"Larva",1,"OK","90% ethanol","USNMENT01358617","LENO_004.20170801.L","Arianna Gibbs","Georgia Southern University",
"9d2bd9d3-1ebc-4de8-958b-9d91d5679c7d","LENO_023.tickPlot.tck","LENO_023","2017-08-01T18:56Z","2017-12-18T17:00Z","LENO_023.20170801","LENO_023.20170801.AMBAME.N","Amblyomma americanum","AMBAME","species","Ixodidae",,,,"Amblyomma",,"americanum",,,"Cooley, R. A. and G. M. Kohls. 1944. The genus Amblyomma (ixodidae) in the United States. The Journal of Parasitology, 30(2):77-111.","GSU_tickIdentification_SOP_2016-11-01.pdf","Linnaeus","Nymph",2,"OK","90% ethanol","USNMENT01358618","LENO_023.20170801.AMBAME.N","Lorenza Beati","Georgia Southern University",
"043442f0-0d43-4f50-a7ad-1ff4c276a723","LENO_004.tickPlot.tck","LENO_004","2017-08-21T15:04Z","2017-09-20T16:00Z","LENO_004.20170821","LENO_004.20170821.IXOSP.L","Ixodidae sp.","IXOSP","family","Ixodidae",,,,,,"sp.",,,,"GSU_tickIdentification_SOP_2016-11-01.pdf",,"Larva",1,"OK","90% ethanol","USNMENT01358623","LENO_004.20170821.L","Arianna Gibbs","Georgia Southern University",
"f634d25c-07ef-49d3-ad7f-2c58ef515dea","LENO_042.tickPlot.tck","LENO_042","2017-08-21T16:00Z","2017-12-18T17:00Z","LENO_042.20170821","LENO_042.20170821.AMBAME.N","Amblyomma americanum","AMBAME","species","Ixodidae",,,,"Amblyomma",,"americanum",,,"Cooley, R. A. and G. M. Kohls. 1944. The genus Amblyomma (ixodidae) in the United States. The Journal of Parasitology, 30(2):77-111.","GSU_tickIdentification_SOP_2016-11-01.pdf","Linnaeus","Nymph",1,"OK","90% ethanol","USNMENT01358622","LENO_042.20170821.AMBAME.N","Lorenza Beati","Georgia Southern University",
"51f693d1-df56-427a-bbbd-fb4faa3b7dc2","LENO_042.tickPlot.tck","LENO_042","2017-08-21T16:00Z","2017-09-20T16:00Z","LENO_042.20170821","LENO_042.20170821.IXOSP.N","Ixodidae sp.","IXOSP","family","Ixodidae",,,,,,"sp.",,,,"GSU_tickIdentification_SOP_2016-11-01.pdf",,"Nymph",1,"OK","90% ethanol","USNMENT01358621","LENO_042.20170821.N","Arianna Gibbs","Georgia Southern University",
"614c4071-cdee-4311-b9fb-f7bffc5f7e33","LENO_023.tickPlot.tck","LENO_023","2017-08-21T16:41Z","2017-09-20T16:00Z","LENO_023.20170821","LENO_023.20170821.IXOSP.L","Ixodidae sp.","IXOSP","family","Ixodidae",,,,,,"sp.",,,,"GSU_tickIdentification_SOP_2016-11-01.pdf",,"Larva",1,"OK","90% ethanol","USNMENT01358625","LENO_023.20170821.L","Arianna Gibbs","Georgia Southern University",
"ea0d9cf7-6b90-4218-8173-26f4e913c050","LENO_023.tickPlot.tck","LENO_023","2017-08-21T16:41Z","2017-12-18T17:00Z","LENO_023.20170821","LENO_023.20170821.AMBAME.N","Amblyomma americanum","AMBAME","species","Ixodidae",,,,"Amblyomma",,"americanum",,,"Cooley, R. A. and G. M. Kohls. 1944. The genus Amblyomma (ixodidae) in the United States. The Journal of Parasitology, 30(2):77-111.","GSU_tickIdentification_SOP_2016-11-01.pdf","Linnaeus","Nymph",4,"OK","90% ethanol","USNMENT01358624","LENO_023.20170821.AMBAME.N","Lorenza Beati","Georgia Southern University",
"81535220-c4bd-47c1-b5f0-d8d855c4fa0c","LENO_002.tickPlot.tck","LENO_002","2017-08-21T18:50Z","2017-09-20T16:00Z","LENO_002.20170821","LENO_002.20170821.IXOSP.L","Ixodidae sp.","IXOSP","family","Ixodidae",,,,,,"sp.",,,,"GSU_tickIdentification_SOP_2016-11-01.pdf",,"Larva",1,"OK","90% ethanol","USNMENT01358620","LENO_002.20170821.L","Arianna Gibbs","Georgia Southern University",
