uid,namedLocation,domainID,siteID,plotID,plotType,nlcdClass,decimalLatitude,decimalLongitude,geodeticDatum,coordinateUncertainty,elevation,elevationUncertainty,collectDate,eventID,sampleID,sampleCode,samplingMethod,totalSampledArea,targetTaxaPresent,adultCount,nymphCount,larvaCount,sampleCondition,samplingProtocolVersion,measuredBy,remarks
"7afc2732-44eb-4c67-a0b9-fcacf4ee8de6","LENO_015.tickPlot.tck","D08","LENO","LENO_015","distributed","woodyWetlands",31.817299,-88.191485,"WGS84",20.5,14.2,0.8,"2017-08-01T14:36Z","LENO.2017.32","LENO_015.20170801",,"drag",160,"Y",0,0,21,"No known compromise","NEON.DOC.014045vH","VlGS9knfep4oIPmMdzrYPvhmhmcAnEWcmbTWayWKGyM=",
"6a251ec5-18f5-495e-be8c-fe72890d32fa","LENO_004.tickPlot.tck","D08","LENO","LENO_004","distributed","woodyWetlands",31.822376,-88.181956,"WGS84",20.2,12.5,0.2,"2017-08-01T15:33Z","LENO.2017.32","LENO_004.20170801",,"drag",157,"Y",0,2,13,"No known compromise","NEON.DOC.014045vH","pdRHVIvaG2xBaIyJIrbJo5saUxJZYt3gI9+TGAO0URM=",
"31fc7ff5-7df0-4a02-a781-9290d1301f93","LENO_023.tickPlot.tck","D08","LENO","LENO_023","distributed","deciduousForest",31.809463,-88.181417,"WGS84",20.2,11.6,0.2,"2017-08-01T18:56Z","LENO.2017.32","LENO_023.20170801",,"drag",130,"Y",0,2,0,"No known compromise","NEON.DOC.014045vH","BDzq2IAJfRwsrXnG+WJfFzkBkbtaDALAaR+O7WZv4cM=",
"a5698ab9-8c07-458a-85bf-e1f610d1048c","LENO_003.tickPlot.tck","D08","LENO","LENO_003","distributed","deciduousForest",31.809581,-88.187553,"WGS84",20.2,15.4,0.4,"2017-08-01T19:39Z","LENO.2017.32",,,"drag",150,"N",0,0,0,,"NEON.DOC.014045vH","BDzq2IAJfRwsrXnG+WJfFzkBkbtaDALAaR+O7WZv4cM=",
"7908ad3b-4b9a-44ea-8e19-d94b34ef36fe","LENO_002.tickPlot.tck","D08","LENO","LENO_002","distributed","woodyWetlands",31.806282,-88.195216,"WGS84",20.2,16.8,0.2,"2017-08-01T20:20Z","LENO.2017.32",,,"drag",160,"N",0,0,0,,"NEON.DOC.014045vH","BDzq2IAJfRwsrXnG+WJfFzkBkbtaDALAaR+O7WZv4cM=",
"33ed1351-f7be-4bbf-b3e6-6e14171b709b","LENO_042.tickPlot.tck","D08","LENO","LENO_042","distributed","woodyWetlands",31.817825,-88.182881,"WGS84",20.2,14.6,0.3,"2017-08-01T21:12Z","LENO.2017.32",,,"drag and flag",100,"N",0,0,0,,"NEON.DOC.014045vH","BDzq2IAJfRwsrXnG+WJfFzkBkbtaDALAaR+O7WZv4cM=",
"4cd6bec0-bb90-4b35-8345-fa6bd50247ef","LENO_004.tickPlot.tck","D08","LENO","LENO_004","distributed","woodyWetlands",31.822376,-88.181956,"WGS84",20.2,12.5,0.2,"2017-08-21T15:04Z","LENO.2017.35","LENO_004.20170821",,"drag and flag",150,"Y",0,0,57,"No known compromise","NEON.DOC.014045vH","LVAPgAv6xh19C/3VJQSXPdnCeq509g5NN3aoB1Pgu+U=",
"dcc62fd8-df56-4844-b1cd-29feae9e2b27","LENO_042.tickPlot.tck","D08","LENO","LENO_042","distributed","woodyWetlands",31.817825,-88.182881,"WGS84",20.2,14.6,0.3,"2017-08-21T16:00Z","LENO.2017.35","LENO_042.20170821",,"drag and flag",95,"Y",0,2,0,"No known compromise","NEON.DOC.014045vH","LVAPgAv6xh19C/3VJQSXPdnCeq509g5NN3aoB1Pgu+U=",
"67a4f108-183b-4fe8-81a1-fcbd629d2ee1","LENO_023.tickPlot.tck","D08","LENO","LENO_023","distributed","deciduousForest",31.809463,-88.181417,"WGS84",20.2,11.6,0.2,"2017-08-21T16:41Z","LENO.2017.35","LENO_023.20170821",,"drag",130,"Y",0,4,2,"No known compromise","NEON.DOC.014045vH","LVAPgAv6xh19C/3VJQSXPdnCeq509g5NN3aoB1Pgu+U=",
"afb8c491-d5d8-4db1-89cd-b5f01faf8312","LENO_003.tickPlot.tck","D08","LENO","LENO_003","distributed","deciduousForest",31.809581,-88.187553,"WGS84",20.2,15.4,0.4,"2017-08-21T17:18Z","LENO.2017.35",,,"drag",160,"N",0,0,0,,"NEON.DOC.014045vH","KKNuFX5dge7mCdak4zDwt3YSZKmfGLU1bCRmDnOYr9Q=",
"34f7c85f-9c79-45d0-afd1-d4a94ca7bef2","LENO_015.tickPlot.tck","D08","LENO","LENO_015","distributed","woodyWetlands",31.817299,-88.191485,"WGS84",20.5,14.2,0.8,"2017-08-21T18:00Z","LENO.2017.35",,,"drag",120,"N",0,0,0,,"NEON.DOC.014045vH","KKNuFX5dge7mCdak4zDwt3YSZKmfGLU1bCRmDnOYr9Q=",
"6d0a5e12-1327-43cf-80c7-f3dd4022591e","LENO_002.tickPlot.tck","D08","LENO","LENO_002","distributed","woodyWetlands",31.806282,-88.195216,"WGS84",20.2,16.8,0.2,"2017-08-21T18:50Z","LENO.2017.35","LENO_002.20170821",,"drag",160,"Y",0,0,65,"No known compromise","NEON.DOC.014045vH","KKNuFX5dge7mCdak4zDwt3YSZKmfGLU1bCRmDnOYr9Q=",
