uid,namedLocation,date,domainID,siteID,plotID,plotType,nlcdClass,decimalLatitude,decimalLongitude,geodeticDatum,coordinateUncertainty,easting,northing,utmZone,elevation,elevationUncertainty,eventID,samplingProtocolVersion,treesPresent,treesAbsentList,shrubsPresent,shrubsAbsentList,lianasPresent,lianasAbsentList,nestedSubplotAreaShrubSapling,nestedSubplotAreaLiana,totalSampledAreaTrees,totalSampledAreaShrubSapling,totalSampledAreaLiana,remarks,measuredBy,recordedBy,dataQF
"c8019c53-ca27-48a2-86e9-ee388c1d1cce","HEAL_072.basePlot.vst","2015-05-14","D19","HEAL","HEAL_072","tower","shrubScrub",63.874970,-149.217767,"WGS84",10.1,391056.41,7084975.22,"6N",682.8,0.1,"vst_HEAL_2015","NEON.DOC.000987vD",,,,,,,"10","noneSelected",400,80,400,,,"UdgDjQtJX07DZeqMKH1Q7KfO+VF4a2jv","legacyData"
"9d0e66e6-79db-4a7c-b337-b9b6326b5c98","HEAL_063.basePlot.vst","2015-05-18","D19","HEAL","HEAL_063","tower","dwarfScrub",63.874772,-149.213460,"WGS84",10.1,391267.16,7084945.82,"6N",680.7,0.1,"vst_HEAL_2015","NEON.DOC.000987vD",,,,,,,"noneSelected","noneSelected",400,400,400,,,"zbE96DuRlskYMD4y0DQVeK1rP8HOL1uC","legacyData"
"09ee2091-0c11-4bc0-9999-9e00bee2f12e","HEAL_070.basePlot.vst","2015-05-19","D19","HEAL","HEAL_070","tower","dwarfScrub",63.874539,-149.210386,"WGS84",10.1,391417.22,7084914.64,"6N",680.2,0.1,"vst_HEAL_2015","NEON.DOC.000987vD",,,,,,,"noneSelected","noneSelected",400,400,400,,,"zbE96DuRlskYMD4y0DQVeK1rP8HOL1uC","legacyData"
"2ad9ae58-8192-4f7d-9348-db123870ee47","HEAL_060.basePlot.vst","2015-05-19","D19","HEAL","HEAL_060","tower","dwarfScrub",63.874303,-149.208550,"WGS84",10.1,391506.47,7084885.23,"6N",679.8,0.1,"vst_HEAL_2015","NEON.DOC.000987vD",,,,,,,"noneSelected","noneSelected",400,400,400,,,"zbE96DuRlskYMD4y0DQVeK1rP8HOL1uC","legacyData"
"06a01ad8-bda4-4187-b28a-e7b4afd45711","HEAL_071.basePlot.vst","2015-05-20","D19","HEAL","HEAL_071","tower","dwarfScrub",63.874602,-149.207344,"WGS84",10.1,391566.85,7084916.48,"6N",677.8,0.1,"vst_HEAL_2015","NEON.DOC.000987vD",,,,,,,"noneSelected","noneSelected",400,400,400,,,"UdgDjQtJX07DZeqMKH1Q7KfO+VF4a2jv","legacyData"
"c374f7c4-0373-40ab-9871-93ea89870a30","HEAL_067.basePlot.vst","2015-05-20","D19","HEAL","HEAL_067","tower","dwarfScrub",63.872125,-149.210226,"WGS84",10.1,391415.76,7084645.49,"6N",693.6,0.1,"vst_HEAL_2015","NEON.DOC.000987vD",,,,,,,"noneSelected","noneSelected",400,400,400,,,"zbE96DuRlskYMD4y0DQVeK1rP8HOL1uC","legacyData"
"31fb3e28-ba3f-46bd-ba09-8996b9ada1a9","HEAL_050.basePlot.vst","2015-05-20","D19","HEAL","HEAL_050","tower","dwarfScrub",63.874352,-149.206114,"WGS84",10.1,391626.29,7084886.55,"6N",677.9,0.1,"vst_HEAL_2015","NEON.DOC.000987vD",,,,,,,"noneSelected","noneSelected",400,400,400,,,"zbE96DuRlskYMD4y0DQVeK1rP8HOL1uC","legacyData"
"870fc50d-3754-4f13-b13f-096f1143a57f","HEAL_068.basePlot.vst","2015-05-21","D19","HEAL","HEAL_068","tower","shrubScrub",63.874888,-149.204963,"WGS84",10.1,391684.88,7084944.29,"6N",674.1,0.1,"vst_HEAL_2015","NEON.DOC.000987vD",,,,,,,"10","noneSelected",400,80,400,,,"zbE96DuRlskYMD4y0DQVeK1rP8HOL1uC","legacyData"
"d31a78cb-0ee2-4abf-a29c-c578280379f6","HEAL_064.basePlot.vst","2015-05-21","D19","HEAL","HEAL_064","tower","dwarfScrub",63.874100,-149.204268,"WGS84",10.1,391715.98,7084855.34,"6N",676.5,0.1,"vst_HEAL_2015","NEON.DOC.000987vD",,,,,,,"noneSelected","noneSelected",400,400,400,,,"IpFAbfDBgacaNA5nRzoYJQ/IcVdu5TBEvGEOKGMshXA=","legacyData"
"ea24e715-7e06-4c82-ae6d-1e6145339300","HEAL_062.basePlot.vst","2015-05-26","D19","HEAL","HEAL_062","tower","dwarfScrub",63.872948,-149.209053,"WGS84",10.1,391476.54,7084735.16,"6N",686.6,0.1,"vst_HEAL_2015","NEON.DOC.000987vD",,,,,,,"noneSelected","noneSelected",400,400,400,,,"zbE96DuRlskYMD4y0DQVeK1rP8HOL1uC","legacyData"
"ad6862b2-97f6-47d7-94b8-818a8d1a46fe","HEAL_052.basePlot.vst","2015-05-27","D19","HEAL","HEAL_052","tower","dwarfScrub",63.872083,-149.212669,"WGS84",10.1,391295.61,7084644.98,"6N",693.9,0.1,"vst_HEAL_2015","NEON.DOC.000987vD",,,,,,,"noneSelected","noneSelected",400,400,400,,,"zbE96DuRlskYMD4y0DQVeK1rP8HOL1uC","legacyData"
"1762d561-2daf-42ee-9dcc-48dd72df23c3","HEAL_061.basePlot.vst","2015-05-27","D19","HEAL","HEAL_061","tower","shrubScrub",63.871260,-149.213820,"WGS84",10.1,391235.90,7084555.27,"6N",698.6,0.1,"vst_HEAL_2015","NEON.DOC.000987vD",,,,,,,"1","noneSelected",400,8,400,,,"zbE96DuRlskYMD4y0DQVeK1rP8HOL1uC","legacyData"
"76bfd753-2f9c-4aa5-9d9e-8f15b837b5e8","HEAL_073.basePlot.vst","2015-05-27","D19","HEAL","HEAL_073","tower","shrubScrub",63.872604,-149.213928,"WGS84",10.1,391235.79,7084705.15,"6N",692.1,0.1,"vst_HEAL_2015","NEON.DOC.000987vD",,,,,,,"10","noneSelected",400,80,400,,,"UdgDjQtJX07DZeqMKH1Q7KfO+VF4a2jv","legacyData"
"9ddcc45b-1777-442a-9a16-960140299a2d","HEAL_066.basePlot.vst","2015-05-28","D19","HEAL","HEAL_066","tower","shrubScrub",63.872049,-149.215105,"WGS84",10.1,391175.84,7084645.34,"6N",696.6,0.1,"vst_HEAL_2015","NEON.DOC.000987vD",,,,,,,"10","noneSelected",400,80,400,,,"IpFAbfDBgacaNA5nRzoYJQ/IcVdu5TBEvGEOKGMshXA=","legacyData"
"40d68c97-5d67-4b60-a8eb-1f11e71bc100","HEAL_069.basePlot.vst","2015-05-29","D19","HEAL","HEAL_069","tower","shrubScrub",63.873407,-149.215191,"WGS84",10.1,391176.87,7084796.74,"6N",689.2,0.1,"vst_HEAL_2015","NEON.DOC.000987vD",,,,,,,"10","noneSelected",400,80,400,,,"zbE96DuRlskYMD4y0DQVeK1rP8HOL1uC","legacyData"
"73500eac-8a7e-4ccc-8ddd-bb7925871ba1","HEAL_058.basePlot.vst","2015-05-29","D19","HEAL","HEAL_058","tower","dwarfScrub",63.873692,-149.213388,"WGS84",10.1,391266.52,7084825.41,"6N",687.0,0.1,"vst_HEAL_2015","NEON.DOC.000987vD",,,,,,,"25","noneSelected",400,200,400,,,"zbE96DuRlskYMD4y0DQVeK1rP8HOL1uC","legacyData"
