uid,namedLocation,date,domainID,siteID,plotID,plotType,nlcdClass,decimalLatitude,decimalLongitude,geodeticDatum,coordinateUncertainty,easting,northing,utmZone,elevation,elevationUncertainty,eventID,samplingProtocolVersion,treesPresent,treesAbsentList,shrubsPresent,shrubsAbsentList,lianasPresent,lianasAbsentList,nestedSubplotAreaShrubSapling,nestedSubplotAreaLiana,totalSampledAreaTrees,totalSampledAreaShrubSapling,totalSampledAreaLiana,remarks,measuredBy,recordedBy,dataQF
"ffa813fb-9f76-4828-9afe-cdc9d8589348","JERC_065.basePlot.vst","2016-11-07","D03","JERC","JERC_065","tower","evergreenForest",31.200286,-84.465274,"WGS84",20.1,741509.85,3454567.50,"16N",40.2,0.2,"vst_JERC_2016","NEON.DOC.000987vE","Y","presentInAll","Y","presentInAll","N",,"noneSelected","noneSelected",800,800,800,"multiple apparent individuals killed by fire","IaXfrbXr6GQAKfG/Thmkj2xXG2gxDgR+","YK5ulgcjQA5M6hxjAkVbmv4a8AjznrKv",
"77e1c6ef-9afa-4a23-afcb-e68cea6fdb6a","JERC_049.basePlot.vst","2016-11-08","D03","JERC","JERC_049","tower","evergreenForest",31.196492,-84.464109,"WGS84",20.2,741630.53,3454149.38,"16N",46.5,0.3,"vst_JERC_2016","NEON.DOC.000987vE","Y",,"Y",,"N",,"100","noneSelected",800,400,800,,"9FGGVOw93jfS5aOA3dpabjU14a/sOVS4","qwd4SsQjkwojVAYuvLRi2I6c493EEc9K",
"4d151705-665c-4c64-961e-a850a0c04513","JERC_059.basePlot.vst","2016-11-09","D03","JERC","JERC_059","tower","evergreenForest",31.198067,-84.462491,"WGS84",20.1,741780.74,3454327.55,"16N",42.3,0.2,"vst_JERC_2016","NEON.DOC.000987vE","Y","presentInAll","Y","presentInAll","N",,"100","noneSelected",800,400,800,,"qwd4SsQjkwojVAYuvLRi2I6c493EEc9K","9FGGVOw93jfS5aOA3dpabjU14a/sOVS4",
"1ad663b0-db6a-49d8-bf84-0d170793499a","JERC_058.basePlot.vst","2016-11-09","D03","JERC","JERC_058","tower","evergreenForest",31.194554,-84.462283,"WGS84",20.1,741809.51,3453938.49,"16N",47.5,0.2,"vst_JERC_2016","NEON.DOC.000987vE","Y","presentInAll","Y","presentInAll","N",,"100","noneSelected",800,400,800,,"IaXfrbXr6GQAKfG/Thmkj2xXG2gxDgR+","9FGGVOw93jfS5aOA3dpabjU14a/sOVS4",
"4ec6d890-94ba-42f8-827b-17b05d537744","JERC_048.basePlot.vst","2016-11-15","D03","JERC","JERC_048","tower","evergreenForest",31.196457,-84.461913,"WGS84",20.2,741839.93,3454150.30,"16N",46.8,0.3,"vst_JERC_2016","NEON.DOC.000987vE","Y","presentInAll","Y","presentInAll","N",,"100","noneSelected",800,400,800,,"YK5ulgcjQA5M6hxjAkVbmv4a8AjznrKv","IaXfrbXr6GQAKfG/Thmkj2xXG2gxDgR+",
"8acecbbb-b75e-4e9a-bf43-ec43c025b000","JERC_061.basePlot.vst","2016-11-16","D03","JERC","JERC_061","tower","evergreenForest",31.195444,-84.465400,"WGS84",20.2,741510.15,3454030.35,"16N",50.4,0.3,"vst_JERC_2016","NEON.DOC.000987vE","Y","presentInAll","Y","presentInAll","N",,"25","noneSelected",800,100,800,,"qwd4SsQjkwojVAYuvLRi2I6c493EEc9K","q+sogNxuTpaaq3nt4H3feKdAxSnPr68l",
"78931d78-cc08-4c03-a204-b594b83054ac","JERC_066.basePlot.vst","2016-11-16","D03","JERC","JERC_066","tower","evergreenForest",31.197554,-84.463759,"WGS84",20.2,741661.19,3454267.89,"16N",42.6,0.2,"vst_JERC_2016","NEON.DOC.000987vE","Y","presentInAll","Y","presentInAll","N",,"noneSelected","noneSelected",800,800,800,,"YK5ulgcjQA5M6hxjAkVbmv4a8AjznrKv","IaXfrbXr6GQAKfG/Thmkj2xXG2gxDgR+",
"281781b5-eb71-4eff-8dab-004e3cf3aaf0","JERC_063.basePlot.vst","2016-11-17","D03","JERC","JERC_063","tower","evergreenForest",31.195656,-84.462880,"WGS84",20.1,741749.80,3454059.37,"16N",46.5,0.2,"vst_JERC_2016","NEON.DOC.000987vE","Y","presentInAll","Y","presentInAll","N",,"100","noneSelected",800,400,800,,"YK5ulgcjQA5M6hxjAkVbmv4a8AjznrKv","IaXfrbXr6GQAKfG/Thmkj2xXG2gxDgR+",
