uid,namedLocation,plotID,collectDate,identifiedDate,sampleID,subsampleID,scientificName,acceptedTaxonID,taxonRank,family,subfamily,tribe,subtribe,genus,subgenus,specificEpithet,infraspecificEpithet,identificationQualifier,identificationReferences,identificationProtocolVersion,scientificNameAuthorship,sexOrAge,individualCount,sampleCondition,archiveMedium,archiveFacilityID,deprecatedVialID,identifiedBy,laboratoryName,remarks
"9391852c-724c-48b4-bc22-421e32bc69d3","OSBS_003.tickPlot.tck","OSBS_003","2016-08-04T15:40Z","2017-06-12T16:00Z","OSBS_003.20160804","OSBS_003.20160804.AMBAME.F","Amblyomma americanum","AMBAME","species","Ixodidae",,,,"Amblyomma",,"americanum",,,"Cooley, R. A. and G. M. Kohls. 1944. The genus Amblyomma (ixodidae) in the United States. The Journal of Parasitology, 30(2):77-111.","GSU_tickIdentification_SOP_2016-11-01.pdf","Linnaeus","Female",1,"OK","RNA stabilization buffer","USNMENT00984739","OSBS_003.20160804.AMBAME.F","Lorenza Beati","Georgia Southern University",
"49a8dd31-77ff-463c-a3b9-72119fe3f7ac","OSBS_003.tickPlot.tck","OSBS_003","2016-08-04T15:40Z","2017-05-26T16:00Z","OSBS_003.20160804","OSBS_003.20160804.IXOSP.N","Ixodidae sp.","IXOSP","family","Ixodidae",,,,,,"sp.",,,,"GSU_tickIdentification_SOP_2016-11-01.pdf",,"Nymph",1,"OK","RNA stabilization buffer","USNMENT00984740","OSBS_003.20160804.N","Guy Hobbs","Georgia Southern University","Over invoice limit, will not be billed."
"a04ab4cc-cb43-43d5-9c58-ad694484603d","OSBS_004.tickPlot.tck","OSBS_004","2016-08-04T17:20Z","2017-06-12T16:00Z","OSBS_004.20160804","OSBS_004.20160804.AMBAME.F","Amblyomma americanum","AMBAME","species","Ixodidae",,,,"Amblyomma",,"americanum",,,"Cooley, R. A. and G. M. Kohls. 1944. The genus Amblyomma (ixodidae) in the United States. The Journal of Parasitology, 30(2):77-111.","GSU_tickIdentification_SOP_2016-11-01.pdf","Linnaeus","Female",1,"OK","RNA stabilization buffer","USNMENT00984741","OSBS_004.20160804.AMBAME.F","Lorenza Beati","Georgia Southern University",
"fc1a45ce-9b1d-41c0-b2cb-7248c3c2e22d","OSBS_001.tickPlot.tck","OSBS_001","2016-08-04T19:10Z","2017-06-09T16:00Z","OSBS_001.20160804","OSBS_001.20160804.IXOSP.L","Ixodidae sp.","IXOSP","family","Ixodidae",,,,,,"sp.",,,,"GSU_tickIdentification_SOP_2016-11-01.pdf",,"Larva",1,"OK","RNA stabilization buffer","USNMENT00984753","OSBS_001.20160804.L","Lorenza Beati","Georgia Southern University","Over invoice limit, will not be billed."
"ffd0a05f-a215-400b-b697-1d727d9d9359","OSBS_001.tickPlot.tck","OSBS_001","2016-08-04T19:10Z","2017-06-09T16:00Z","OSBS_001.20160804","OSBS_001.20160804.AMBAME.N","Amblyomma americanum","AMBAME","species","Ixodidae",,,,"Amblyomma",,"americanum",,,"Cooley, R. A. and G. M. Kohls. 1944. The genus Amblyomma (ixodidae) in the United States. The Journal of Parasitology, 30(2):77-111.","GSU_tickIdentification_SOP_2016-11-01.pdf","Linnaeus","Nymph",5,"OK","RNA stabilization buffer","USNMENT00984742","OSBS_001.20160804.AMBAME.N","Lorenza Beati","Georgia Southern University",
"38b39d1f-6cd2-49fd-b0e2-40a1065c5b10","OSBS_005.tickPlot.tck","OSBS_005","2016-08-04T20:30Z","2017-05-26T16:00Z","OSBS_005.20160804","OSBS_005.20160804.IXOSP.F","Ixodidae sp.","IXOSP","family","Ixodidae",,,,,,"sp.",,,,"GSU_tickIdentification_SOP_2016-11-01.pdf",,"Female",2,"OK","RNA stabilization buffer","USNMENT00984738","OSBS_005.20160804.F","Guy Hobbs","Georgia Southern University","Over invoice limit, will not be billed."
"d5b1bcfe-0cad-4625-8170-01f8d16023cc","OSBS_005.tickPlot.tck","OSBS_005","2016-08-04T20:30Z","2017-05-26T16:00Z","OSBS_005.20160804","OSBS_005.20160804.IXOSP.L","Ixodidae sp.","IXOSP","family","Ixodidae",,,,,,"sp.",,,,"GSU_tickIdentification_SOP_2016-11-01.pdf",,"Larva",1,"OK","RNA stabilization buffer","USNMENT00984748","OSBS_005.20160804.L","Lorenza Beati","Georgia Southern University","Over invoice limit, will not be billed."
"c3bcdc25-845b-468a-9f4c-87c805c0660e","OSBS_005.tickPlot.tck","OSBS_005","2016-08-04T20:30Z","2017-05-26T16:00Z","OSBS_005.20160804","OSBS_005.20160804.IXOSP.N","Ixodidae sp.","IXOSP","family","Ixodidae",,,,,,"sp.",,,,"GSU_tickIdentification_SOP_2016-11-01.pdf",,"Nymph",5,"OK","RNA stabilization buffer","USNMENT00984737","OSBS_005.20160804.N","Guy Hobbs","Georgia Southern University","Over invoice limit, will not be billed."
"fced54a0-1a13-4536-b1bc-353959a5abe2","OSBS_003.tickPlot.tck","OSBS_003","2016-08-24T15:46Z","2017-06-12T16:00Z","OSBS_003.20160824","OSBS_003.20160824.AMBAME.F","Amblyomma americanum","AMBAME","species","Ixodidae",,,,"Amblyomma",,"americanum",,,"Cooley, R. A. and G. M. Kohls. 1944. The genus Amblyomma (ixodidae) in the United States. The Journal of Parasitology, 30(2):77-111.","GSU_tickIdentification_SOP_2016-11-01.pdf","Linnaeus","Female",3,"OK","RNA stabilization buffer","USNMENT00984678","OSBS_003.20160824.AMBAME.F","Lorenza Beati","Georgia Southern University",
"3318574c-24c7-4112-bd78-c5a19c9eac17","OSBS_003.tickPlot.tck","OSBS_003","2016-08-24T15:46Z","2017-06-12T16:00Z","OSBS_003.20160824","OSBS_003.20160824.AMBAME.N","Amblyomma americanum","AMBAME","species","Ixodidae",,,,"Amblyomma",,"americanum",,,"Cooley, R. A. and G. M. Kohls. 1944. The genus Amblyomma (ixodidae) in the United States. The Journal of Parasitology, 30(2):77-111.","GSU_tickIdentification_SOP_2016-11-01.pdf","Linnaeus","Nymph",8,"OK","RNA stabilization buffer","USNMENT00984679","OSBS_003.20160824.AMBAME.N","Lorenza Beati","Georgia Southern University",
"71280158-408b-4c80-8c2f-71caa9b3b8c3","OSBS_003.tickPlot.tck","OSBS_003","2016-08-24T15:46Z","2017-05-19T16:00Z","OSBS_003.20160824","OSBS_003.20160824.IXOSP.L","Ixodidae sp.","IXOSP","family","Ixodidae",,,,,,"sp.",,,,"GSU_tickIdentification_SOP_2016-11-01.pdf",,"Larva",1,"OK","RNA stabilization buffer","USNMENT00984680","OSBS_003.20160824.L","Guy Hobbs","Georgia Southern University","Over invoice limit, will not be billed."
"a1ff4af1-69b0-4628-b55f-d178b0c4cb74","OSBS_005.tickPlot.tck","OSBS_005","2016-08-24T18:08Z","2017-06-09T16:00Z","OSBS_005.20160824","OSBS_005.20160824.AMBAME.N","Amblyomma americanum","AMBAME","species","Ixodidae",,,,"Amblyomma",,"americanum",,,"Cooley, R. A. and G. M. Kohls. 1944. The genus Amblyomma (ixodidae) in the United States. The Journal of Parasitology, 30(2):77-111.","GSU_tickIdentification_SOP_2016-11-01.pdf","Linnaeus","Nymph",40,"OK","RNA stabilization buffer","USNMENT00984695","OSBS_005.20160824.AMBAME.N","Lorenza Beati","Georgia Southern University",
"3b2dbfce-073d-41c7-9cd9-6e8cdd8e4c7a","OSBS_001.tickPlot.tck","OSBS_001","2016-08-24T19:03Z","2017-05-19T16:00Z","OSBS_001.20160824","OSBS_001.20160824.IXOSP.L","Ixodidae sp.","IXOSP","family","Ixodidae",,,,,,"sp.",,,,"GSU_tickIdentification_SOP_2016-11-01.pdf",,"Larva",1,"OK","RNA stabilization buffer","USNMENT00984677","OSBS_001.20160824.L","Guy Hobbs","Georgia Southern University","Over invoice limit, will not be billed."
"e62f6f9c-4a7c-4869-98c9-6d068a2d478d","OSBS_001.tickPlot.tck","OSBS_001","2016-08-24T19:03Z","2017-06-09T16:00Z","OSBS_001.20160824","OSBS_001.20160824.AMBAME.M","Amblyomma americanum","AMBAME","species","Ixodidae",,,,"Amblyomma",,"americanum",,,"Cooley, R. A. and G. M. Kohls. 1944. The genus Amblyomma (ixodidae) in the United States. The Journal of Parasitology, 30(2):77-111.","GSU_tickIdentification_SOP_2016-11-01.pdf","Linnaeus","Male",2,"OK","RNA stabilization buffer","USNMENT00984675","OSBS_001.20160824.AMBAME.M","Lorenza Beati","Georgia Southern University",
"29fea2e0-05cc-4dcf-b21d-8c516c5d3fd9","OSBS_001.tickPlot.tck","OSBS_001","2016-08-24T19:03Z","2017-06-09T16:00Z","OSBS_001.20160824","OSBS_001.20160824.AMBAME.N","Amblyomma americanum","AMBAME","species","Ixodidae",,,,"Amblyomma",,"americanum",,,"Cooley, R. A. and G. M. Kohls. 1944. The genus Amblyomma (ixodidae) in the United States. The Journal of Parasitology, 30(2):77-111.","GSU_tickIdentification_SOP_2016-11-01.pdf","Linnaeus","Nymph",14,"OK","RNA stabilization buffer","USNMENT00984676","OSBS_001.20160824.AMBAME.N","Lorenza Beati","Georgia Southern University",
