uid,namedLocation,domainID,siteID,plotID,plotType,nlcdClass,decimalLatitude,decimalLongitude,geodeticDatum,coordinateUncertainty,elevation,elevationUncertainty,collectDate,eventID,sampleID,sampleCode,samplingMethod,totalSampledArea,targetTaxaPresent,adultCount,nymphCount,larvaCount,sampleCondition,samplingProtocolVersion,measuredBy,remarks
"59657f0d-b3aa-41c8-811c-7da403b599bf","OSBS_002.tickPlot.tck","D03","OSBS","OSBS_002","distributed","evergreenForest",29.703661,-81.958365,"WGS84",20.1,35.8,0.2,"2016-08-04T14:28Z","OSBS.2016.31",,,"drag and flag",160,"N",0,0,0,"No known compromise","NEON.DOC.014045vG","KvMXXPVfKIu9I2dUXfZf1kfhypuW2KXY",
"07fe3663-dc07-4364-a2fb-a49b1b99188a","OSBS_003.tickPlot.tck","D03","OSBS","OSBS_003","distributed","evergreenForest",29.693693,-81.947010,"WGS84",20.3,38.2,0.5,"2016-08-04T15:40Z","OSBS.2016.31","OSBS_003.20160804",,"drag and flag",160,"Y",1,1,0,"No known compromise","NEON.DOC.014045vG","KvMXXPVfKIu9I2dUXfZf1kfhypuW2KXY",
"52ff6add-dd09-40c6-be9d-fc0c6e09f031","OSBS_004.tickPlot.tck","D03","OSBS","OSBS_004","distributed","evergreenForest",29.683402,-81.960449,"WGS84",20.3,42.4,0.4,"2016-08-04T17:20Z","OSBS.2016.31","OSBS_004.20160804",,"drag and flag",160,"Y",1,0,0,"No known compromise","NEON.DOC.014045vG","a+fcOOAiz+7pYTGAZM5S9oWOFHn4va6d",
"8593963e-6e3b-4584-9324-c42ff95587b3","OSBS_022.tickPlot.tck","D03","OSBS","OSBS_022","distributed","emergentHerbaceousWetlands",29.688309,-81.961968,"WGS84",20.1,24.3,0.1,"2016-08-04T18:07Z","OSBS.2016.31",,,"drag",160,"N",0,0,0,"No known compromise","NEON.DOC.014045vG","a+fcOOAiz+7pYTGAZM5S9oWOFHn4va6d",
"d79fcdd9-a4bf-495f-972a-bacdbd0ee2ba","OSBS_001.tickPlot.tck","D03","OSBS","OSBS_001","distributed","woodyWetlands",29.704063,-82.008061,"WGS84",20.3,34.4,0.3,"2016-08-04T19:10Z","OSBS.2016.31","OSBS_001.20160804",,"drag and flag",160,"Y",0,5,500,"No known compromise","NEON.DOC.014045vG","a+fcOOAiz+7pYTGAZM5S9oWOFHn4va6d",
"09c513ce-24d9-4c46-9a72-8bab94ecf859","OSBS_005.tickPlot.tck","D03","OSBS","OSBS_005","distributed","woodyWetlands",29.697923,-82.025623,"WGS84",20.4,36.0,1.2,"2016-08-04T20:30Z","OSBS.2016.31","OSBS_005.20160804",,"drag and flag",160,"Y",2,5,331,"No known compromise","NEON.DOC.014045vG","a+fcOOAiz+7pYTGAZM5S9oWOFHn4va6d",
"88d14364-7b64-478e-9ca1-f20ffe626cf9","OSBS_002.tickPlot.tck","D03","OSBS","OSBS_002","distributed","evergreenForest",29.703661,-81.958365,"WGS84",20.1,35.8,0.2,"2016-08-24T15:05Z","OSBS.2016.34",,,"drag and flag",162,"N",0,0,0,"No known compromise","NEON.DOC.014045vG","8YC3Y9ZJ1p2WQnDU0EvHJsy+mRHbhnVQ",
"b6720e8f-01bd-4dc8-8063-bbf8c521d2ea","OSBS_003.tickPlot.tck","D03","OSBS","OSBS_003","distributed","evergreenForest",29.693693,-81.947010,"WGS84",20.3,38.2,0.5,"2016-08-24T15:46Z","OSBS.2016.34","OSBS_003.20160824",,"drag and flag",165,"Y",3,9,81,"No known compromise","NEON.DOC.014045vG","PbNu4t/t/O1BAZriMiaA3VbsZD9KatgX",
"d5ec1d00-9ae0-44bd-8577-cc97db4a521c","OSBS_004.tickPlot.tck","D03","OSBS","OSBS_004","distributed","evergreenForest",29.683402,-81.960449,"WGS84",20.3,42.4,0.4,"2016-08-24T16:49Z","OSBS.2016.34",,,"drag and flag",160,"N",0,0,0,"No known compromise","NEON.DOC.014045vG","8YC3Y9ZJ1p2WQnDU0EvHJsy+mRHbhnVQ",
"b93874f5-08c2-423b-a98c-4650b5dab8bc","OSBS_022.tickPlot.tck","D03","OSBS","OSBS_022","distributed","emergentHerbaceousWetlands",29.688309,-81.961968,"WGS84",20.1,24.3,0.1,"2016-08-24T17:20Z","OSBS.2016.34",,,"drag and flag",167,"N",0,0,0,"No known compromise","NEON.DOC.014045vG","PbNu4t/t/O1BAZriMiaA3VbsZD9KatgX",
"d5dacca2-0b9e-48d5-befd-c840c8ea1b81","OSBS_005.tickPlot.tck","D03","OSBS","OSBS_005","distributed","woodyWetlands",29.697923,-82.025623,"WGS84",20.4,36.0,1.2,"2016-08-24T18:08Z","OSBS.2016.34","OSBS_005.20160824",,"drag and flag",161,"Y",0,23,924,"No known compromise","NEON.DOC.014045vG","8YC3Y9ZJ1p2WQnDU0EvHJsy+mRHbhnVQ",
"f0e1b17c-2962-4e37-bf22-05a3c88200bc","OSBS_001.tickPlot.tck","D03","OSBS","OSBS_001","distributed","woodyWetlands",29.704063,-82.008061,"WGS84",20.3,34.4,0.3,"2016-08-24T19:03Z","OSBS.2016.34","OSBS_001.20160824",,"drag and flag",164,"Y",2,12,109,"No known compromise","NEON.DOC.014045vG","PbNu4t/t/O1BAZriMiaA3VbsZD9KatgX",
