uid,namedLocation,domainID,siteID,plotID,plotType,nlcdClass,decimalLatitude,decimalLongitude,geodeticDatum,coordinateUncertainty,elevation,elevationUncertainty,collectDate,eventID,sampleID,sampleCode,samplingMethod,totalSampledArea,targetTaxaPresent,adultCount,nymphCount,larvaCount,sampleCondition,samplingProtocolVersion,measuredBy,remarks
"d81fc632-9837-4260-8702-56bc94b1e613","BLAN_002.tickPlot.tck","D02","BLAN","BLAN_002","distributed","pastureHay",39.091474,-77.982149,"WGS84",20.1,145.6,0.1,"2018-03-15T13:33Z","BLAN.2018.11",,,"drag",160,"N",0,0,0,"No known compromise","NEON.DOC.014045vJ","y91HGrHLk0lZr/DPX16cTMD5ZLTOKHZ4wAmahG5mA10=","windy sunny and mid 40s F"
"4adb1541-711a-48cb-9495-9d2fc331d3c6","BLAN_005.tickPlot.tck","D02","BLAN","BLAN_005","distributed","deciduousForest",39.086223,-77.972729,"WGS84",20.2,169.1,0.3,"2018-03-15T14:34Z","BLAN.2018.11",,,"drag",175,"N",0,0,0,"No known compromise","NEON.DOC.014045vJ","y91HGrHLk0lZr/DPX16cTMD5ZLTOKHZ4wAmahG5mA10=","windy sunny mid-40s F"
"574e996a-65c2-49d5-afdb-fbf70ec421a1","BLAN_004.tickPlot.tck","D02","BLAN","BLAN_004","distributed","pastureHay",39.088416,-77.961331,"WGS84",20.1,123.7,0.1,"2018-03-15T15:18Z","BLAN.2018.11",,,"drag",160,"N",0,0,0,"No known compromise","NEON.DOC.014045vJ","y91HGrHLk0lZr/DPX16cTMD5ZLTOKHZ4wAmahG5mA10=","windy sunny mid-40s F"
"30a8808d-6a8a-4b52-9d7b-f877cbd02e5e","BLAN_008.tickPlot.tck","D02","BLAN","BLAN_008","distributed","pastureHay",39.083870,-77.966320,"WGS84",20.4,159.6,0.5,"2018-03-15T15:41Z","BLAN.2018.11",,,"drag",160,"N",0,0,0,"No known compromise","NEON.DOC.014045vJ","y91HGrHLk0lZr/DPX16cTMD5ZLTOKHZ4wAmahG5mA10=","windy sunny mid-40s F"
"b8cc41e0-cee0-4ffd-9a30-24a3a90dadf9","BLAN_012.tickPlot.tck","D02","BLAN","BLAN_012","distributed","deciduousForest",39.082720,-77.959589,"WGS84",20.2,135.1,0.2,"2018-03-15T16:10Z","BLAN.2018.11",,,"drag",166,"N",0,0,0,"No known compromise","NEON.DOC.014045vJ","y91HGrHLk0lZr/DPX16cTMD5ZLTOKHZ4wAmahG5mA10=","windy sunny mid-40s"
"31b99b8c-129a-480f-895b-64ca6d95a08e","BLAN_015.tickPlot.tck","D02","BLAN","BLAN_015","distributed","deciduousForest",39.088728,-77.955494,"WGS84",20.2,125.9,0.2,"2018-03-15T16:48Z","BLAN.2018.11",,,"drag",168,"N",0,0,0,"No known compromise","NEON.DOC.014045vJ","y91HGrHLk0lZr/DPX16cTMD5ZLTOKHZ4wAmahG5mA10=","windy sunny mid-40s"
