uid,namedLocation,domainID,siteID,plotID,plotType,nlcdClass,decimalLatitude,decimalLongitude,geodeticDatum,coordinateUncertainty,elevation,elevationUncertainty,collectDate,eventID,sampleID,sampleCode,samplingMethod,totalSampledArea,targetTaxaPresent,adultCount,nymphCount,larvaCount,sampleCondition,samplingProtocolVersion,measuredBy,remarks
"fc3b311a-3d7b-4d30-b542-f5290238719d","OAES_008.tickPlot.tck","D11","OAES","OAES_008","distributed","grasslandHerbaceous",35.394019,-99.063159,"WGS84",20.1,492.6,0.1,"2016-06-07T13:06Z","OAES.2016.23",,,"drag and flag",160,"N",0,0,0,"No known compromise","NEON.DOC.014045vG","QdDed2kyCx5LTIjY8suUSYoTxxTo4svl",
"a3e29789-6f2f-4e8c-946d-41333bc6e1a1","OAES_007.tickPlot.tck","D11","OAES","OAES_007","distributed","shrubScrub",35.421328,-99.057210,"WGS84",20.1,521.6,0.1,"2016-06-07T14:12Z","OAES.2016.23","OAES_007.20160607",,"drag and flag",160,"Y",1,0,0,"No known compromise","NEON.DOC.014045vG","QdDed2kyCx5LTIjY8suUSYoTxxTo4svl",
"890f64c8-06aa-4732-87dd-d5d18d7ecff6","OAES_003.tickPlot.tck","D11","OAES","OAES_003","distributed","grasslandHerbaceous",35.412134,-99.068027,"WGS84",20.2,512.2,0.2,"2016-06-07T15:05Z","OAES.2016.23",,,"drag",168,"N",0,0,0,"No known compromise","NEON.DOC.014045vG","QdDed2kyCx5LTIjY8suUSYoTxxTo4svl","Detoured 8m for cacti"
"c1edb0a8-1828-45d6-94e4-9ff870fe1815","OAES_021.tickPlot.tck","D11","OAES","OAES_021","distributed","shrubScrub",35.413211,-99.074301,"WGS84",20.1,501.7,0.1,"2016-06-07T15:52Z","OAES.2016.23",,,"drag",85,"N",0,0,0,"No known compromise","NEON.DOC.014045vG","QdDed2kyCx5LTIjY8suUSYoTxxTo4svl",
"24d035eb-cb54-4bb1-b539-9c652e8e1c5e","OAES_004.tickPlot.tck","D11","OAES","OAES_004","distributed","grasslandHerbaceous",35.411159,-99.084234,"WGS84",20.1,507.6,0.1,"2016-06-07T16:30Z","OAES.2016.23","OAES_004.20160607",,"drag",160,"Y",1,0,0,"No known compromise","NEON.DOC.014045vG","QdDed2kyCx5LTIjY8suUSYoTxxTo4svl",
"4dd596e7-d319-4211-8506-0889d9e837aa","OAES_005.tickPlot.tck","D11","OAES","OAES_005","distributed","grasslandHerbaceous",35.402926,-99.080346,"WGS84",20.1,509.4,0.1,"2016-06-07T17:15Z","OAES.2016.23",,,"drag",160,"N",0,0,0,"No known compromise","NEON.DOC.014045vG","QdDed2kyCx5LTIjY8suUSYoTxxTo4svl",
"66b71986-93fc-4026-8794-3d3547741032","OAES_008.tickPlot.tck","D11","OAES","OAES_008","distributed","grasslandHerbaceous",35.394019,-99.063159,"WGS84",20.1,492.6,0.1,"2016-06-28T19:20Z","OAES.2016.26",,,"drag and flag",160,"N",0,0,0,"No known compromise","NEON.DOC.014045vG","CVnMNfVieiNXnLLoZrkRa2vFnn6ZyEMX",
"099ab1b4-774e-4e36-8a08-0a929f0c7ff9","OAES_007.tickPlot.tck","D11","OAES","OAES_007","distributed","shrubScrub",35.421328,-99.057210,"WGS84",20.1,521.6,0.1,"2016-06-28T20:45Z","OAES.2016.26",,,"drag",159,"N",0,0,0,"No known compromise","NEON.DOC.014045vG","QdDed2kyCx5LTIjY8suUSYoTxxTo4svl","Deviated 1m due to cactus"
"5fa2abf9-1d89-4256-9603-8b8f05d80fb1","OAES_005.tickPlot.tck","D11","OAES","OAES_005","distributed","grasslandHerbaceous",35.402926,-99.080346,"WGS84",20.1,509.4,0.1,"2016-06-28T21:28Z","OAES.2016.26",,,"drag",160,"N",0,0,0,"No known compromise","NEON.DOC.014045vG","CVnMNfVieiNXnLLoZrkRa2vFnn6ZyEMX",
"4c59e3cd-0052-4514-bb2d-57ab959f3dec","OAES_004.tickPlot.tck","D11","OAES","OAES_004","distributed","grasslandHerbaceous",35.411159,-99.084234,"WGS84",20.1,507.6,0.1,"2016-06-29T18:32Z","OAES.2016.26",,,"drag",160,"N",0,0,0,"No known compromise","NEON.DOC.014045vG","CVnMNfVieiNXnLLoZrkRa2vFnn6ZyEMX","Sampling delayed 1 day due to heat"
"3e631fec-93be-404a-8f55-2c2f3de47f42","OAES_021.tickPlot.tck","D11","OAES","OAES_021","distributed","shrubScrub",35.413211,-99.074301,"WGS84",20.1,501.7,0.1,"2016-06-29T19:59Z","OAES.2016.26",,,"drag",110,"N",0,0,0,"No known compromise","NEON.DOC.014045vG","QdDed2kyCx5LTIjY8suUSYoTxxTo4svl","Short due to sumac, sampling delayed 1 day due to heat"
"6aaf7235-70a0-4a2e-9a76-9115f6d077c5","OAES_003.tickPlot.tck","D11","OAES","OAES_003","distributed","grasslandHerbaceous",35.412134,-99.068027,"WGS84",20.2,512.2,0.2,"2016-06-29T21:35Z","OAES.2016.26",,,"drag",165,"N",0,0,0,"No known compromise","NEON.DOC.014045vG","CVnMNfVieiNXnLLoZrkRa2vFnn6ZyEMX","Deviated due to cactus, sampling delayed 1 day due to heat"
