uid,namedLocation,date,eventID,domainID,siteID,plotID,subplotID,individualID,tagStatus,growthForm,plantStatus,stemDiameter,measurementHeight,height,baseCrownHeight,breakHeight,breakDiameter,maxCrownDiameter,ninetyCrownDiameter,canopyPosition,shape,basalStemDiameter,basalStemDiameterMsrmntHeight,maxBaseCrownDiameter,ninetyBaseCrownDiameter,remarks,recordedBy,measuredBy,dataQF
"59343692-6c25-46cd-b4ee-dfecd304d793","LAJA_015.basePlot.vst","2016-10-31","vst_LAJA_2016","D04","LAJA","LAJA_015",,"NEON.PLA.D04.LAJA.05309","ok","single shrub","Live",2.0,130,3.8,,,,2.5,2.0,,,,,,,,"fiApssCEcSVZh4fTchGlfQK3pYYnYQUQ","8rHzSbnDOXjpaitjHXu3bvZcWZBazBT3Z6JypCrOTws=","legacyData"
"f3f823ff-c535-4f03-b2cb-f493bcc0896d","LAJA_015.basePlot.vst","2016-10-31","vst_LAJA_2016","D04","LAJA","LAJA_015",,"NEON.PLA.D04.LAJA.08242","ok","small tree","Live",3.8,130,3.2,,,,,,,,,,,,,"fiApssCEcSVZh4fTchGlfQK3pYYnYQUQ","8rHzSbnDOXjpaitjHXu3bvZcWZBazBT3Z6JypCrOTws=","legacyData"
"f0b8a90f-5bbf-4ada-b04f-a28a676ecf35","LAJA_015.basePlot.vst","2016-10-31","vst_LAJA_2016","D04","LAJA","LAJA_015",,"NEON.PLA.D04.LAJA.08288","ok","small tree","Live",5.8,130,3.8,,,,,,,,,,,,,"fiApssCEcSVZh4fTchGlfQK3pYYnYQUQ","8rHzSbnDOXjpaitjHXu3bvZcWZBazBT3Z6JypCrOTws=","legacyData"
"2dea1ed5-93c4-43e7-b6b5-d464d92531dd","LAJA_015.basePlot.vst","2016-10-31","vst_LAJA_2016","D04","LAJA","LAJA_015",,"NEON.PLA.D04.LAJA.08246","ok","single shrub","Live, insect damaged",1.5,130,4.4,,,,2.8,1.7,,"cylinder",2.6,30,,,,"fiApssCEcSVZh4fTchGlfQK3pYYnYQUQ","8rHzSbnDOXjpaitjHXu3bvZcWZBazBT3Z6JypCrOTws=","legacyData"
"7e264f36-f0a9-4880-b6f3-7e151a0872dd","LAJA_015.basePlot.vst","2016-10-31","vst_LAJA_2016","D04","LAJA","LAJA_015",,"NEON.PLA.D04.LAJA.08243","ok","single bole tree","Live, insect damaged",51.3,130,10.1,,,,13.8,12.3,"Open grown",,,,,,,"fiApssCEcSVZh4fTchGlfQK3pYYnYQUQ","8rHzSbnDOXjpaitjHXu3bvZcWZBazBT3Z6JypCrOTws=","legacyData"
"cba924b0-d6a2-434b-85c1-9f47eebdfb0d","LAJA_015.basePlot.vst","2016-10-31","vst_LAJA_2016","D04","LAJA","LAJA_015",,"NEON.PLA.D04.LAJA.05377","ok","sapling","Live",,,2.0,,,,,,,,1.9,10,,,,"fiApssCEcSVZh4fTchGlfQK3pYYnYQUQ","8rHzSbnDOXjpaitjHXu3bvZcWZBazBT3Z6JypCrOTws=","legacyData"
"f4d91e2d-e6da-46e9-acda-d09b24340a70","LAJA_015.basePlot.vst","2016-10-31","vst_LAJA_2016","D04","LAJA","LAJA_015",,"NEON.PLA.D04.LAJA.08265","ok","small tree","Live",8.0,130,4.7,,,,,,,,,,,,,"fiApssCEcSVZh4fTchGlfQK3pYYnYQUQ","8rHzSbnDOXjpaitjHXu3bvZcWZBazBT3Z6JypCrOTws=","legacyData"
"d6349333-ab52-46b6-ad23-7a9d9ce5b8cb","LAJA_015.basePlot.vst","2016-10-31","vst_LAJA_2016","D04","LAJA","LAJA_015",,"NEON.PLA.D04.LAJA.05307","ok","small shrub","Live",,,1.3,,,,1.0,0.8,,"cylinder",1.5,10,,,,"fiApssCEcSVZh4fTchGlfQK3pYYnYQUQ","8rHzSbnDOXjpaitjHXu3bvZcWZBazBT3Z6JypCrOTws=","legacyData"
"2d1c99db-ee69-4d95-9391-90bf031ab58c","LAJA_015.basePlot.vst","2016-10-31","vst_LAJA_2016","D04","LAJA","LAJA_015",,"NEON.PLA.D04.LAJA.08249","ok","small shrub","Live",,,1.3,,,,0.8,0.5,,"cylinder",1.5,10,,,,"fiApssCEcSVZh4fTchGlfQK3pYYnYQUQ","8rHzSbnDOXjpaitjHXu3bvZcWZBazBT3Z6JypCrOTws=","legacyData"
"1f55b564-1aad-4ee2-be26-3ed800a7ecfe","LAJA_015.basePlot.vst","2016-10-31","vst_LAJA_2016","D04","LAJA","LAJA_015",,"NEON.PLA.D04.LAJA.05463","ok","small shrub","Live",,,2.0,,,,1.9,1.6,,"cylinder",4.8,10,,,,"fiApssCEcSVZh4fTchGlfQK3pYYnYQUQ","8rHzSbnDOXjpaitjHXu3bvZcWZBazBT3Z6JypCrOTws=","legacyData"
"07c0d29d-ed4e-47c1-afac-20c3ace8dfea","LAJA_015.basePlot.vst","2016-10-31","vst_LAJA_2016","D04","LAJA","LAJA_015",,"NEON.PLA.D04.LAJA.08247","ok","single shrub","Live",7.5,130,4.4,,,,3.0,2.0,,"cylinder",9.6,10,,,,"fiApssCEcSVZh4fTchGlfQK3pYYnYQUQ","8rHzSbnDOXjpaitjHXu3bvZcWZBazBT3Z6JypCrOTws=","legacyData"
"31bd6c14-2be4-48a0-bbb8-4e108e66fa10","LAJA_015.basePlot.vst","2016-10-31","vst_LAJA_2016","D04","LAJA","LAJA_015",,"NEON.PLA.D04.LAJA.08285","ok","single shrub","Live",3.1,130,4.1,,,,3.1,3.0,,"cylinder",17.0,10,,,,"fiApssCEcSVZh4fTchGlfQK3pYYnYQUQ","8rHzSbnDOXjpaitjHXu3bvZcWZBazBT3Z6JypCrOTws=","legacyData"
"47b9c947-7afc-43df-8e5d-9431cc1b16d3","LAJA_015.basePlot.vst","2016-10-31","vst_LAJA_2016","D04","LAJA","LAJA_015",,"NEON.PLA.D04.LAJA.08468A","ok","multi-bole tree","Live",23.7,150,8.1,,,,12.1,9.2,"Open grown",,,,,,,"fiApssCEcSVZh4fTchGlfQK3pYYnYQUQ","8rHzSbnDOXjpaitjHXu3bvZcWZBazBT3Z6JypCrOTws=","legacyData"
"1187947c-381d-481b-8ff2-cf4cfefbf515","LAJA_015.basePlot.vst","2016-10-31","vst_LAJA_2016","D04","LAJA","LAJA_015",,"NEON.PLA.D04.LAJA.08475","ok","single shrub","Live",2.1,130,4.2,,,,4.0,2.6,,"cylinder",3.0,10,,,,"fiApssCEcSVZh4fTchGlfQK3pYYnYQUQ","8rHzSbnDOXjpaitjHXu3bvZcWZBazBT3Z6JypCrOTws=","legacyData"
"d346cd9f-199e-4df5-a1ff-38a59c5eb8bd","LAJA_015.basePlot.vst","2016-10-31","vst_LAJA_2016","D04","LAJA","LAJA_015",,"NEON.PLA.D04.LAJA.08269","ok","small shrub","Live",,,1.7,,,,1.8,1.4,,"cylinder",2.0,10,,,,"fiApssCEcSVZh4fTchGlfQK3pYYnYQUQ","8rHzSbnDOXjpaitjHXu3bvZcWZBazBT3Z6JypCrOTws=","legacyData"
"fff6bd9f-42bf-4286-bd21-049143ce7bd8","LAJA_015.basePlot.vst","2016-10-31","vst_LAJA_2016","D04","LAJA","LAJA_015",,"NEON.PLA.D04.LAJA.08259","ok","small tree","Live",5.0,130,3.4,,,,,,,,,,,,,"fiApssCEcSVZh4fTchGlfQK3pYYnYQUQ","8rHzSbnDOXjpaitjHXu3bvZcWZBazBT3Z6JypCrOTws=","legacyData"
"99518acc-07b2-49c4-92e4-04fc688a86fd","LAJA_015.basePlot.vst","2016-10-31","vst_LAJA_2016","D04","LAJA","LAJA_015",,"NEON.PLA.D04.LAJA.05333","ok","single shrub","Live",1.9,130,3.4,,,,2.7,1.7,,"cylinder",1.9,10,,,,"fiApssCEcSVZh4fTchGlfQK3pYYnYQUQ","8rHzSbnDOXjpaitjHXu3bvZcWZBazBT3Z6JypCrOTws=","legacyData"
"50fd71ee-03ef-46e3-8e5c-e4e74736eb89","LAJA_015.basePlot.vst","2016-10-31","vst_LAJA_2016","D04","LAJA","LAJA_015",,"NEON.PLA.D04.LAJA.08299","ok","sapling","Live",,,1.0,,,,,,,,1.7,10,,,,"fiApssCEcSVZh4fTchGlfQK3pYYnYQUQ","8rHzSbnDOXjpaitjHXu3bvZcWZBazBT3Z6JypCrOTws=","legacyData"
"ad400a32-8e8e-4323-be14-2a59b310fc5f","LAJA_015.basePlot.vst","2016-10-31","vst_LAJA_2016","D04","LAJA","LAJA_015",,"NEON.PLA.D04.LAJA.05324","ok","single shrub","Live",1.1,130,2.1,,,,1.7,1.3,,"cylinder",1.3,10,,,,"fiApssCEcSVZh4fTchGlfQK3pYYnYQUQ","8rHzSbnDOXjpaitjHXu3bvZcWZBazBT3Z6JypCrOTws=","legacyData"
"63389c35-9180-4bd2-91ef-3fa037a6e987","LAJA_015.basePlot.vst","2016-10-31","vst_LAJA_2016","D04","LAJA","LAJA_015",,"NEON.PLA.D04.LAJA.08468","ok","multi-bole tree","Live",25.0,150,8.1,,,,12.1,9.2,"Open grown",,,,,,,"fiApssCEcSVZh4fTchGlfQK3pYYnYQUQ","8rHzSbnDOXjpaitjHXu3bvZcWZBazBT3Z6JypCrOTws=","legacyData"
"82c20e69-66da-4b2e-a27e-08f8d88ceb7b","LAJA_015.basePlot.vst","2016-10-31","vst_LAJA_2016","D04","LAJA","LAJA_015",,"NEON.PLA.D04.LAJA.08246","ok","single shrub","Live, insect damaged",4.5,140,4.4,,,,2.8,1.7,,"cylinder",6.5,30,,,,"fiApssCEcSVZh4fTchGlfQK3pYYnYQUQ","8rHzSbnDOXjpaitjHXu3bvZcWZBazBT3Z6JypCrOTws=","legacyData"
"d0a08417-b257-422e-9e1a-260d10168846","LAJA_015.basePlot.vst","2016-10-31","vst_LAJA_2016","D04","LAJA","LAJA_015",,"NEON.PLA.D04.LAJA.05355","ok","sapling","Live",,,1.4,,,,,,,,2.5,10,,,,"fiApssCEcSVZh4fTchGlfQK3pYYnYQUQ","8rHzSbnDOXjpaitjHXu3bvZcWZBazBT3Z6JypCrOTws=","legacyData"
"48be4d4b-dc53-430e-a874-bdbf233846b2","LAJA_015.basePlot.vst","2016-10-31","vst_LAJA_2016","D04","LAJA","LAJA_015",,"NEON.PLA.D04.LAJA.05329","ok","small tree","Live",1.4,130,1.7,,,,,,,,,,,,,"fiApssCEcSVZh4fTchGlfQK3pYYnYQUQ","8rHzSbnDOXjpaitjHXu3bvZcWZBazBT3Z6JypCrOTws=","legacyData"
"c24e601f-a9d3-4088-911b-9008ef82bd08","LAJA_015.basePlot.vst","2016-10-31","vst_LAJA_2016","D04","LAJA","LAJA_015",,"NEON.PLA.D04.LAJA.08475","ok","single shrub","Live",2.8,130,4.2,,,,4.0,2.6,,"cylinder",5.9,10,,,,"fiApssCEcSVZh4fTchGlfQK3pYYnYQUQ","8rHzSbnDOXjpaitjHXu3bvZcWZBazBT3Z6JypCrOTws=","legacyData"
"2eb4e375-c1b2-4e25-893f-db2ef5229bb3","LAJA_015.basePlot.vst","2016-10-31","vst_LAJA_2016","D04","LAJA","LAJA_015",,"NEON.PLA.D04.LAJA.05438","ok","small tree","Live",2.6,130,3.2,,,,,,,,,,,,,"fiApssCEcSVZh4fTchGlfQK3pYYnYQUQ","8rHzSbnDOXjpaitjHXu3bvZcWZBazBT3Z6JypCrOTws=","legacyData"
"c6d95ef5-1a0b-477e-971f-12adbfc0d3f0","LAJA_015.basePlot.vst","2016-10-31","vst_LAJA_2016","D04","LAJA","LAJA_015",,"NEON.PLA.D04.LAJA.05324","ok","single shrub","Live",1.4,130,2.1,,,,1.7,1.3,,"cylinder",3.0,10,,,,"fiApssCEcSVZh4fTchGlfQK3pYYnYQUQ","8rHzSbnDOXjpaitjHXu3bvZcWZBazBT3Z6JypCrOTws=","legacyData"
"1c729453-c3af-445f-9bf4-4c9033eff1f1","LAJA_015.basePlot.vst","2016-10-31","vst_LAJA_2016","D04","LAJA","LAJA_015",,"NEON.PLA.D04.LAJA.05309","ok","single shrub","Live",2.1,130,3.8,,,,2.5,2.0,,"cylinder",3.4,10,,,,"fiApssCEcSVZh4fTchGlfQK3pYYnYQUQ","8rHzSbnDOXjpaitjHXu3bvZcWZBazBT3Z6JypCrOTws=","legacyData"
"12062677-6767-4b90-a91b-aafcd4b136df","LAJA_015.basePlot.vst","2016-10-31","vst_LAJA_2016","D04","LAJA","LAJA_015",,"NEON.PLA.D04.LAJA.05429","ok","small tree","Live",6.2,130,3.3,,,,,,,,,,,,,"fiApssCEcSVZh4fTchGlfQK3pYYnYQUQ","8rHzSbnDOXjpaitjHXu3bvZcWZBazBT3Z6JypCrOTws=","legacyData"
"598cc840-eaca-4f98-97dd-af0ff263fb96","LAJA_015.basePlot.vst","2016-10-31","vst_LAJA_2016","D04","LAJA","LAJA_015",,"NEON.PLA.D04.LAJA.08274","ok","small tree","Live",1.9,130,3.2,,,,,,,,,,,,,"fiApssCEcSVZh4fTchGlfQK3pYYnYQUQ","8rHzSbnDOXjpaitjHXu3bvZcWZBazBT3Z6JypCrOTws=","legacyData"
"27ed7cc0-a9f0-44be-827f-c8f53a4e1fc9","LAJA_015.basePlot.vst","2016-10-31","vst_LAJA_2016","D04","LAJA","LAJA_015",,"NEON.PLA.D04.LAJA.05477","ok","sapling","Live",,,1.0,,,,,,,,2.0,10,,,,"fiApssCEcSVZh4fTchGlfQK3pYYnYQUQ","8rHzSbnDOXjpaitjHXu3bvZcWZBazBT3Z6JypCrOTws=","legacyData"
"fa0d2bae-1b0f-45ae-afe4-a01a2f8e19eb","LAJA_015.basePlot.vst","2016-10-31","vst_LAJA_2016","D04","LAJA","LAJA_015",,"NEON.PLA.D04.LAJA.08245","ok","single shrub","Live",4.6,130,4.4,,,,3.0,2.3,,"cylinder",6.7,10,,,,"fiApssCEcSVZh4fTchGlfQK3pYYnYQUQ","8rHzSbnDOXjpaitjHXu3bvZcWZBazBT3Z6JypCrOTws=","legacyData"
"1caf1383-dd17-45db-a8d7-717694709403","LAJA_015.basePlot.vst","2016-10-31","vst_LAJA_2016","D04","LAJA","LAJA_015",,"NEON.PLA.D04.LAJA.08241","ok","single shrub","Live",3.5,130,4.1,,,,2.9,2.6,,"cylinder",6.7,20,,,,"fiApssCEcSVZh4fTchGlfQK3pYYnYQUQ","8rHzSbnDOXjpaitjHXu3bvZcWZBazBT3Z6JypCrOTws=","legacyData"
"be21c2d0-1cc0-4dbf-a92d-d5f9a7d9f0f9","LAJA_015.basePlot.vst","2016-10-31","vst_LAJA_2016","D04","LAJA","LAJA_015",,"NEON.PLA.D04.LAJA.08998","ok","single shrub","Live",2.9,130,3.7,,,,2.0,1.3,,"cylinder",4.8,10,,,,"fiApssCEcSVZh4fTchGlfQK3pYYnYQUQ","8rHzSbnDOXjpaitjHXu3bvZcWZBazBT3Z6JypCrOTws=","legacyData"
"751f123f-4909-4113-824a-7e66ccda5deb","LAJA_015.basePlot.vst","2016-10-31","vst_LAJA_2016","D04","LAJA","LAJA_015",,"NEON.PLA.D04.LAJA.08244A","ok","multi-bole tree","Live",20.7,180,8.6,,,,10.2,9.3,"Open grown",,,,,,,"fiApssCEcSVZh4fTchGlfQK3pYYnYQUQ","8rHzSbnDOXjpaitjHXu3bvZcWZBazBT3Z6JypCrOTws=","legacyData"
"73645118-2b33-43a2-bd79-fc63b6669286","LAJA_015.basePlot.vst","2016-10-31","vst_LAJA_2016","D04","LAJA","LAJA_015",,"NEON.PLA.D04.LAJA.08287","ok","small shrub","Live",,,2.2,,,,2.3,1.5,,"cylinder",1.7,10,,,,"fiApssCEcSVZh4fTchGlfQK3pYYnYQUQ","8rHzSbnDOXjpaitjHXu3bvZcWZBazBT3Z6JypCrOTws=","legacyData"
"24b4b963-147a-4eaa-bddc-bd1df4528f49","LAJA_015.basePlot.vst","2016-10-31","vst_LAJA_2016","D04","LAJA","LAJA_015",,"NEON.PLA.D04.LAJA.08264","ok","small tree","Live",3.7,140,3.3,,,,,,,,,,,,,"fiApssCEcSVZh4fTchGlfQK3pYYnYQUQ","8rHzSbnDOXjpaitjHXu3bvZcWZBazBT3Z6JypCrOTws=","legacyData"
"f70902c3-dcc9-4f73-bd25-61f961b0a131","LAJA_015.basePlot.vst","2016-10-31","vst_LAJA_2016","D04","LAJA","LAJA_015",,"NEON.PLA.D04.LAJA.05309","ok","single shrub","Live",1.9,130,3.8,,,,2.5,2.0,,"cylinder",4.4,10,,,,"fiApssCEcSVZh4fTchGlfQK3pYYnYQUQ","8rHzSbnDOXjpaitjHXu3bvZcWZBazBT3Z6JypCrOTws=","legacyData"
"e5a6c30b-81bd-474d-975d-21b3608885b9","LAJA_015.basePlot.vst","2016-10-31","vst_LAJA_2016","D04","LAJA","LAJA_015",,"NEON.PLA.D04.LAJA.08244","ok","multi-bole tree","Live",23.4,180,8.6,,,,10.2,9.3,"Open grown",,,,,,,"fiApssCEcSVZh4fTchGlfQK3pYYnYQUQ","8rHzSbnDOXjpaitjHXu3bvZcWZBazBT3Z6JypCrOTws=","legacyData"
