uid,namedLocation,domainID,siteID,plotID,plotType,nlcdClass,decimalLatitude,decimalLongitude,geodeticDatum,coordinateUncertainty,elevation,elevationUncertainty,collectDate,eventID,sampleID,sampleCode,samplingMethod,totalSampledArea,targetTaxaPresent,adultCount,nymphCount,larvaCount,sampleCondition,samplingProtocolVersion,measuredBy,remarks
"0100b612-2d47-4f48-a232-116f82cd24db","CLBJ_043.tickPlot.tck","D11","CLBJ","CLBJ_043","distributed","deciduousForest",33.410406,-97.593713,"WGS84",20.1,285.9,0.1,"2016-11-15T16:30Z","CLBJ.2016.46",,,"drag and flag",170,"N",0,0,0,"No known compromise","NEON.DOC.014045vG","cJ8Mt89MTxlqOnAc6pDp/DoDhz6eIepx","Deviated ~10 meters due to trees. Sampling was originally scheduled for 20161108 but was pushed back due to wet conditions"
"3cddc128-037a-48f0-a112-5d1214a1af1d","CLBJ_032.tickPlot.tck","D11","CLBJ","CLBJ_032","distributed","grasslandHerbaceous",33.405176,-97.595129,"WGS84",20.1,294.7,0.1,"2016-11-15T17:11Z","CLBJ.2016.46",,,"drag and flag",160,"N",0,0,0,"No known compromise","NEON.DOC.014045vG","cJ8Mt89MTxlqOnAc6pDp/DoDhz6eIepx","Sampling was originally scheduled for 20161108 but was pushed back due to wet conditions"
"11ed2621-3416-475d-9787-372401451e10","CLBJ_036.tickPlot.tck","D11","CLBJ","CLBJ_036","distributed","grasslandHerbaceous",33.396494,-97.580919,"WGS84",20.1,289.5,0.1,"2016-11-15T17:35Z","CLBJ.2016.46",,,"drag",160,"N",0,0,0,"No known compromise","NEON.DOC.014045vG","cJ8Mt89MTxlqOnAc6pDp/DoDhz6eIepx","Sampling was originally scheduled for 20161108 but was pushed back due to wet conditions"
"c7dacf56-afb3-46fc-a743-c2f231902424","CLBJ_033.tickPlot.tck","D11","CLBJ","CLBJ_033","distributed","deciduousForest",33.382288,-97.619783,"WGS84",20.1,305.5,0.1,"2016-11-15T17:42Z","CLBJ.2016.46",,,"drag and flag",110,"N",0,0,0,"No known compromise","NEON.DOC.014045vG","jrpOJzTntmXy0Hq0KXCTNE1a7gqPknkI","50 meter deviation due to trees and Greenbriar. Sampling was originally scheduled for 20161108 but was pushed back due to wet conditions"
"90e879da-9818-4984-adae-73355e24e688","CLBJ_040.tickPlot.tck","D11","CLBJ","CLBJ_040","distributed","deciduousForest",33.377571,-97.647238,"WGS84",20.1,328.9,0.1,"2016-11-15T18:18Z","CLBJ.2016.46",,,"drag and flag",90,"N",0,0,0,"No known compromise","NEON.DOC.014045vG","s0qfufVOE4SuSKa3K+0eH9/2W3pqTiur","Sampling was originally scheduled for 20161108 but was pushed back due to wet conditions. 70 meter deviation due to large dense patch of sumac and Greenbriar ."
"10fdb39f-b4de-4105-9124-5c825449c74d","CLBJ_034.tickPlot.tck","D11","CLBJ","CLBJ_034","distributed","grasslandHerbaceous",33.320090,-97.578537,"WGS84",20.0,325.2,0.0,"2016-11-15T18:35Z","CLBJ.2016.46",,,"drag and flag",100,"N",0,0,0,"No known compromise","NEON.DOC.014045vG","jrpOJzTntmXy0Hq0KXCTNE1a7gqPknkI","60 meter deviation due to wet ground. Sampling originally scheduled for 20161108 but was pushed back due to wet conditions"
"ffbce905-b775-4b29-aed9-4f5e5ab71e06","CLBJ_034.tickPlot.tck","D11","CLBJ","CLBJ_034","distributed","grasslandHerbaceous",33.320090,-97.578537,"WGS84",20.0,325.2,0.0,"2016-11-29T14:57Z","CLBJ.2016.48",,,"drag",140,"N",0,0,0,"No known compromise","NEON.DOC.014045vG","cJ8Mt89MTxlqOnAc6pDp/DoDhz6eIepx","deviated due to trees and water"
"9d6d375b-b2ca-4763-894a-b53324bed46c","CLBJ_036.tickPlot.tck","D11","CLBJ","CLBJ_036","distributed","grasslandHerbaceous",33.396494,-97.580919,"WGS84",20.1,289.5,0.1,"2016-11-29T15:39Z","CLBJ.2016.48",,,"drag",160,"N",0,0,0,"No known compromise","NEON.DOC.014045vG","YvxfKx9PhZKcpyRUl2HPSGWrrvBoMwJ+",
"0c62bb5b-fdd6-4029-a86e-797b03e980a9","CLBJ_032.tickPlot.tck","D11","CLBJ","CLBJ_032","distributed","grasslandHerbaceous",33.405176,-97.595129,"WGS84",20.1,294.7,0.1,"2016-11-29T16:25Z","CLBJ.2016.48",,,"drag",160,"N",0,0,0,"No known compromise","NEON.DOC.014045vG","cJ8Mt89MTxlqOnAc6pDp/DoDhz6eIepx",
"56adac86-0dfb-4c9c-ac6d-30d0aaf3c6f6","CLBJ_043.tickPlot.tck","D11","CLBJ","CLBJ_043","distributed","deciduousForest",33.410406,-97.593713,"WGS84",20.1,285.9,0.1,"2016-11-29T16:52Z","CLBJ.2016.48",,,"drag and flag",170,"N",0,0,0,"No known compromise","NEON.DOC.014045vG","cJ8Mt89MTxlqOnAc6pDp/DoDhz6eIepx","deviated due to trees"
"0a4f2907-6fe2-4023-b4d2-6d461932c906","CLBJ_033.tickPlot.tck","D11","CLBJ","CLBJ_033","distributed","deciduousForest",33.382288,-97.619783,"WGS84",20.1,305.5,0.1,"2016-11-29T17:29Z","CLBJ.2016.48",,,"drag and flag",150,"N",0,0,0,"No known compromise","NEON.DOC.014045vG","cJ8Mt89MTxlqOnAc6pDp/DoDhz6eIepx","deviated due to trees and sumac"
"e889b31f-7c2f-4d8a-bc45-632827bdbbdf","CLBJ_040.tickPlot.tck","D11","CLBJ","CLBJ_040","distributed","deciduousForest",33.377571,-97.647238,"WGS84",20.1,328.9,0.1,"2016-11-29T18:12Z","CLBJ.2016.48",,,"drag and flag",110,"N",0,0,0,"No known compromise","NEON.DOC.014045vG","cJ8Mt89MTxlqOnAc6pDp/DoDhz6eIepx","deviated due to trees and sumac"
