uid,namedLocation,domainID,siteID,plotID,plotType,nlcdClass,decimalLatitude,decimalLongitude,geodeticDatum,coordinateUncertainty,elevation,elevationUncertainty,collectDate,eventID,sampleID,sampleCode,samplingMethod,totalSampledArea,targetTaxaPresent,adultCount,nymphCount,larvaCount,sampleCondition,samplingProtocolVersion,measuredBy,remarks
"9b42e4e9-1a65-44eb-951f-d5ee8f3e35ff","SERC_023.tickPlot.tck","D02","SERC","SERC_023","distributed","cultivatedCrops",38.873978,-76.535925,"WGS84",20.1,6.7,0.1,"2015-07-20T15:30Z","SERC.2015.29",,,"drag",160,"N",0,0,,,"NEON.DOC.014045vF","fhqXNoOkfxgX2h02muvP11Fl/AXBdM0Q1u8a+qeHrI0=",
"69e9d302-1434-45e0-8037-8aef8cbbcea3","SERC_001.tickPlot.tck","D02","SERC","SERC_001","distributed","deciduousForest",38.868186,-76.535306,"WGS84",20.2,2.1,0.2,"2015-07-21T13:23Z","SERC.2015.29","SERC_001.20150721",,"drag",145,"Y",1,8,116,"No known compromise","NEON.DOC.014045vF","fhqXNoOkfxgX2h02muvP11Fl/AXBdM0Q1u8a+qeHrI0=","15 meters skipped because of moisture"
"0bba97c7-3e80-497e-a850-323e2f04c588","SERC_006.tickPlot.tck","D02","SERC","SERC_006","distributed","deciduousForest",38.880025,-76.548376,"WGS84",20.2,2.6,0.3,"2015-07-21T15:23Z","SERC.2015.29","SERC_006.20150721",,"drag",160,"Y",1,9,16,"No known compromise","NEON.DOC.014045vF","fhqXNoOkfxgX2h02muvP11Fl/AXBdM0Q1u8a+qeHrI0=",
"6340e5d5-47ef-47c9-acb4-ab7189dcc86e","SERC_005.tickPlot.tck","D02","SERC","SERC_005","distributed","deciduousForest",38.894060,-76.546307,"WGS84",20.3,8.5,0.5,"2015-07-21T17:13Z","SERC.2015.29","SERC_005.20150721",,"drag",143,"Y",1,3,7,"No known compromise","NEON.DOC.014045vF","fhqXNoOkfxgX2h02muvP11Fl/AXBdM0Q1u8a+qeHrI0=","17m skipped due to moisture"
"eb00d1c2-377b-4ce5-8c29-212903681aae","SERC_002.tickPlot.tck","D02","SERC","SERC_002","distributed","deciduousForest",38.896262,-76.558166,"WGS84",20.2,17.0,0.3,"2015-07-21T18:45Z","SERC.2015.29","SERC_002.20150721",,"drag and flag",160,"Y",0,42,1096,"No known compromise","NEON.DOC.014045vF","fhqXNoOkfxgX2h02muvP11Fl/AXBdM0Q1u8a+qeHrI0=",
"9c5ec77a-a811-412d-9ed2-6a47e58af851","SERC_012.tickPlot.tck","D02","SERC","SERC_012","distributed","deciduousForest",38.880010,-76.561648,"WGS84",20.2,20.1,0.2,"2015-07-22T12:20Z","SERC.2015.29","SERC_012.20150722",,"drag",148,"Y",0,4,49,"No known compromise","NEON.DOC.014045vF","fhqXNoOkfxgX2h02muvP11Fl/AXBdM0Q1u8a+qeHrI0=","12m skipped due to moisture"
