uid,namedLocation,date,eventID,domainID,siteID,plotID,subplotID,individualID,tagStatus,growthForm,plantStatus,stemDiameter,measurementHeight,height,baseCrownHeight,breakHeight,breakDiameter,maxCrownDiameter,ninetyCrownDiameter,canopyPosition,shape,basalStemDiameter,basalStemDiameterMsrmntHeight,maxBaseCrownDiameter,ninetyBaseCrownDiameter,remarks,recordedBy,measuredBy,dataQF
"ccc2c63d-df82-4303-9742-fd019266ea1a","GUAN_047.basePlot.vst","2017-03-03","vst_GUAN_2017","D04","GUAN","GUAN_047",,"NEON.PLA.D04.GUAN.01249","ok","single bole tree","Live",13.0,130,6.3,,,,,,,,,,,,,"BUWuBJizbbqJ1SVYbs0wjmnYdl8b9NIq1adFzCQuvl8=","8rHzSbnDOXjpaitjHXu3bvZcWZBazBT3Z6JypCrOTws=","legacyData"
"847af2e0-8e5e-46a3-8d17-0f08e8e325e7","GUAN_047.basePlot.vst","2017-03-03","vst_GUAN_2017","D04","GUAN","GUAN_047",,"NEON.PLA.D04.GUAN.01252","ok","single shrub","Live",2.9,130,5.2,,,,3.7,3.5,,"cylinder",3.6,10,,,,"BUWuBJizbbqJ1SVYbs0wjmnYdl8b9NIq1adFzCQuvl8=","8rHzSbnDOXjpaitjHXu3bvZcWZBazBT3Z6JypCrOTws=","legacyData"
"95e05f9c-1006-497c-9094-d4a2b1560346","GUAN_047.basePlot.vst","2017-03-03","vst_GUAN_2017","D04","GUAN","GUAN_047",,"NEON.PLA.D04.GUAN.01735","ok","liana","Live",1.2,130,,,,,,,,,,,,,,"BUWuBJizbbqJ1SVYbs0wjmnYdl8b9NIq1adFzCQuvl8=","8rHzSbnDOXjpaitjHXu3bvZcWZBazBT3Z6JypCrOTws=","legacyData"
"d8529714-fdc3-4e6b-b146-77e375041d2e","GUAN_047.basePlot.vst","2017-03-03","vst_GUAN_2017","D04","GUAN","GUAN_047",,"NEON.PLA.D04.GUAN.01236","untagged",,"No longer qualifies",,,,,,,,,,,,,,,"USDA classification is shrub. Not a tree","BUWuBJizbbqJ1SVYbs0wjmnYdl8b9NIq1adFzCQuvl8=","8rHzSbnDOXjpaitjHXu3bvZcWZBazBT3Z6JypCrOTws=","legacyData"
"081ae79c-e501-43c8-9393-b086ecaca23b","GUAN_047.basePlot.vst","2017-03-03","vst_GUAN_2017","D04","GUAN","GUAN_047",,"NEON.PLA.D04.GUAN.01644","ok","small shrub","Live",,,2.1,,,,0.1,0.1,,"cylinder",1.2,10,,,,"BUWuBJizbbqJ1SVYbs0wjmnYdl8b9NIq1adFzCQuvl8=","8rHzSbnDOXjpaitjHXu3bvZcWZBazBT3Z6JypCrOTws=","legacyData"
"b2ef04ac-5556-4fb2-8517-17bb05f7980b","GUAN_047.basePlot.vst","2017-03-03","vst_GUAN_2017","D04","GUAN","GUAN_047",,"NEON.PLA.D04.GUAN.01728","ok","liana","Live",1.1,130,,,,,,,,,,,,,,"BUWuBJizbbqJ1SVYbs0wjmnYdl8b9NIq1adFzCQuvl8=","8rHzSbnDOXjpaitjHXu3bvZcWZBazBT3Z6JypCrOTws=","legacyData"
"fc1abbd7-e9c0-4dbe-a840-8cffc09949b7","GUAN_047.basePlot.vst","2017-03-03","vst_GUAN_2017","D04","GUAN","GUAN_047",,"NEON.PLA.D04.GUAN.01639","ok","single shrub","Live",2.8,130,4.2,,,,1.9,1.4,,"cylinder",3.1,10,,,,"BUWuBJizbbqJ1SVYbs0wjmnYdl8b9NIq1adFzCQuvl8=","8rHzSbnDOXjpaitjHXu3bvZcWZBazBT3Z6JypCrOTws=","legacyData"
"592b8c3b-e030-4b6a-94bb-01b0550ef2a3","GUAN_047.basePlot.vst","2017-03-03","vst_GUAN_2017","D04","GUAN","GUAN_047",,"NEON.PLA.D04.GUAN.01228","untagged",,"No longer qualifies",,,,,,,,,,,,,,,"USDA classification as shrub. Not a tree.","BUWuBJizbbqJ1SVYbs0wjmnYdl8b9NIq1adFzCQuvl8=","8rHzSbnDOXjpaitjHXu3bvZcWZBazBT3Z6JypCrOTws=","legacyData"
"29d06f5b-b843-4850-9f3f-cea5818cc22f","GUAN_047.basePlot.vst","2017-03-03","vst_GUAN_2017","D04","GUAN","GUAN_047",,"NEON.PLA.D04.GUAN.01237","untagged",,"No longer qualifies",,,,,,,,,,,,,,,"USDA classification is shrub. Not a tree","BUWuBJizbbqJ1SVYbs0wjmnYdl8b9NIq1adFzCQuvl8=","8rHzSbnDOXjpaitjHXu3bvZcWZBazBT3Z6JypCrOTws=","legacyData"
"fd47781f-2b04-443c-8c38-91a53115b33b","GUAN_047.basePlot.vst","2017-03-03","vst_GUAN_2017","D04","GUAN","GUAN_047",,"NEON.PLA.D04.GUAN.01645","ok","small tree","Live",2.7,130,3.9,,,,,,,,,,,,,"BUWuBJizbbqJ1SVYbs0wjmnYdl8b9NIq1adFzCQuvl8=","8rHzSbnDOXjpaitjHXu3bvZcWZBazBT3Z6JypCrOTws=","legacyData"
"0225acb6-5c66-4bf2-9eeb-32e17c01f53f","GUAN_047.basePlot.vst","2017-03-03","vst_GUAN_2017","D04","GUAN","GUAN_047",,"NEON.PLA.D04.GUAN.01247","ok","single bole tree","Live",18.7,130,6.8,,,,,,,,,,,,,"BUWuBJizbbqJ1SVYbs0wjmnYdl8b9NIq1adFzCQuvl8=","8rHzSbnDOXjpaitjHXu3bvZcWZBazBT3Z6JypCrOTws=","legacyData"
"31285e1d-5234-4ec0-bfd2-751d813bd672","GUAN_047.basePlot.vst","2017-03-03","vst_GUAN_2017","D04","GUAN","GUAN_047",,"NEON.PLA.D04.GUAN.01231","ok","multi-bole tree","Live",18.0,130,5.5,,,,,,,,,,,,,"BUWuBJizbbqJ1SVYbs0wjmnYdl8b9NIq1adFzCQuvl8=","8rHzSbnDOXjpaitjHXu3bvZcWZBazBT3Z6JypCrOTws=","legacyData"
"46e7198f-7f66-4585-805f-86a4fde61add","GUAN_047.basePlot.vst","2017-03-03","vst_GUAN_2017","D04","GUAN","GUAN_047",,"NEON.PLA.D04.GUAN.01255","ok","small shrub","Live",,,1.1,,,,1.1,0.6,,"cylinder",1.2,10,,,,"BUWuBJizbbqJ1SVYbs0wjmnYdl8b9NIq1adFzCQuvl8=","8rHzSbnDOXjpaitjHXu3bvZcWZBazBT3Z6JypCrOTws=","legacyData"
"b4db0606-933e-42fd-b72a-8e1efd0967b6","GUAN_047.basePlot.vst","2017-03-03","vst_GUAN_2017","D04","GUAN","GUAN_047",,"NEON.PLA.D04.GUAN.01248","ok","single bole tree","Live",13.4,140,7.8,,,,,,,,,,,,,"BUWuBJizbbqJ1SVYbs0wjmnYdl8b9NIq1adFzCQuvl8=","8rHzSbnDOXjpaitjHXu3bvZcWZBazBT3Z6JypCrOTws=","legacyData"
"b6415d92-4c88-4b3b-a3a5-a24e7483215e","GUAN_047.basePlot.vst","2017-03-03","vst_GUAN_2017","D04","GUAN","GUAN_047",,"NEON.PLA.D04.GUAN.01641","ok","single shrub","Live",4.1,130,4.6,,,,2.8,2.2,,"cylinder",6.8,10,,,,"BUWuBJizbbqJ1SVYbs0wjmnYdl8b9NIq1adFzCQuvl8=","8rHzSbnDOXjpaitjHXu3bvZcWZBazBT3Z6JypCrOTws=","legacyData"
"34dc2c17-18cb-41d4-81fa-a4807ea763ba","GUAN_047.basePlot.vst","2017-03-03","vst_GUAN_2017","D04","GUAN","GUAN_047",,"NEON.PLA.D04.GUAN.01256","ok","small tree","Standing dead",1.6,130,,,,,,,,,,,,,,"BUWuBJizbbqJ1SVYbs0wjmnYdl8b9NIq1adFzCQuvl8=","8rHzSbnDOXjpaitjHXu3bvZcWZBazBT3Z6JypCrOTws=","legacyData"
"c1dedc71-312a-4758-b158-3822f1dc7f2b","GUAN_047.basePlot.vst","2017-03-03","vst_GUAN_2017","D04","GUAN","GUAN_047",,"NEON.PLA.D04.GUAN.01642","ok","single shrub","Live",3.0,130,4.1,,,,3.0,2.1,,"cylinder",3.3,10,,,,"BUWuBJizbbqJ1SVYbs0wjmnYdl8b9NIq1adFzCQuvl8=","8rHzSbnDOXjpaitjHXu3bvZcWZBazBT3Z6JypCrOTws=","legacyData"
"4a1e5fe3-5ad7-46aa-a71a-9fead7238b75","GUAN_047.basePlot.vst","2017-03-03","vst_GUAN_2017","D04","GUAN","GUAN_047",,"NEON.PLA.D04.GUAN.08106","ok","liana","Live",1.4,130,,,,,,,,,,,,,,"BUWuBJizbbqJ1SVYbs0wjmnYdl8b9NIq1adFzCQuvl8=","8rHzSbnDOXjpaitjHXu3bvZcWZBazBT3Z6JypCrOTws=","legacyData"
"a33685a5-c253-4c4d-8eae-eb27fc3cd289","GUAN_047.basePlot.vst","2017-03-03","vst_GUAN_2017","D04","GUAN","GUAN_047",,"NEON.PLA.D04.GUAN.01647","ok","small tree","Live",1.5,130,3.8,,,,,,,,,,,,,"BUWuBJizbbqJ1SVYbs0wjmnYdl8b9NIq1adFzCQuvl8=","8rHzSbnDOXjpaitjHXu3bvZcWZBazBT3Z6JypCrOTws=","legacyData"
"6b2cbb21-088d-4a5a-b7be-79561c8a4d77","GUAN_047.basePlot.vst","2017-03-03","vst_GUAN_2017","D04","GUAN","GUAN_047",,"NEON.PLA.D04.GUAN.01252","ok","single shrub","Live",4.7,130,5.2,,,,3.7,3.5,,"cylinder",6.2,10,,,,"BUWuBJizbbqJ1SVYbs0wjmnYdl8b9NIq1adFzCQuvl8=","8rHzSbnDOXjpaitjHXu3bvZcWZBazBT3Z6JypCrOTws=","legacyData"
"7e62938e-b3ef-4842-a719-ca4885c74987","GUAN_047.basePlot.vst","2017-03-03","vst_GUAN_2017","D04","GUAN","GUAN_047",,"NEON.PLA.D04.GUAN.01234","ok","single bole tree","Live",12.7,130,5.0,,,,,,,,,,,,,"BUWuBJizbbqJ1SVYbs0wjmnYdl8b9NIq1adFzCQuvl8=","8rHzSbnDOXjpaitjHXu3bvZcWZBazBT3Z6JypCrOTws=","legacyData"
"f10ba4f6-3611-4f66-b9a0-d5d4baf65b78","GUAN_047.basePlot.vst","2017-03-03","vst_GUAN_2017","D04","GUAN","GUAN_047",,"NEON.PLA.D04.GUAN.01646","ok","small tree","Standing dead",3.9,130,4.0,,,,,,,,,,,,,"BUWuBJizbbqJ1SVYbs0wjmnYdl8b9NIq1adFzCQuvl8=","8rHzSbnDOXjpaitjHXu3bvZcWZBazBT3Z6JypCrOTws=","legacyData"
"a9e712a3-2e55-43e5-8c3f-c6bcb84742c4","GUAN_047.basePlot.vst","2017-03-03","vst_GUAN_2017","D04","GUAN","GUAN_047",,"NEON.PLA.D04.GUAN.01722","ok","liana","Live",1.0,130,,,,,,,,,,,,,,"BUWuBJizbbqJ1SVYbs0wjmnYdl8b9NIq1adFzCQuvl8=","8rHzSbnDOXjpaitjHXu3bvZcWZBazBT3Z6JypCrOTws=","legacyData"
"889e837c-311c-4b2c-8dcd-44dcef7baf51","GUAN_047.basePlot.vst","2017-03-03","vst_GUAN_2017","D04","GUAN","GUAN_047",,"NEON.PLA.D04.GUAN.01246","ok","single bole tree","Live",11.8,130,8.0,,,,,,,,,,,,,"BUWuBJizbbqJ1SVYbs0wjmnYdl8b9NIq1adFzCQuvl8=","8rHzSbnDOXjpaitjHXu3bvZcWZBazBT3Z6JypCrOTws=","legacyData"
"28d2e866-8479-4b52-acbe-bf2d037957d7","GUAN_047.basePlot.vst","2017-03-03","vst_GUAN_2017","D04","GUAN","GUAN_047",,"NEON.PLA.D04.GUAN.01258","ok","small tree","Live",1.6,130,3.5,,,,,,,,,,,,,"BUWuBJizbbqJ1SVYbs0wjmnYdl8b9NIq1adFzCQuvl8=","8rHzSbnDOXjpaitjHXu3bvZcWZBazBT3Z6JypCrOTws=","legacyData"
"d2e1053c-38b2-46ae-9aca-f5ef51df500f","GUAN_047.basePlot.vst","2017-03-03","vst_GUAN_2017","D04","GUAN","GUAN_047",,"NEON.PLA.D04.GUAN.01734","ok","liana","Live",1.8,130,,,,,,,,,,,,,,"BUWuBJizbbqJ1SVYbs0wjmnYdl8b9NIq1adFzCQuvl8=","8rHzSbnDOXjpaitjHXu3bvZcWZBazBT3Z6JypCrOTws=","legacyData"
"d99398b7-b5b6-4e97-87e6-c3905ec52a3f","GUAN_047.basePlot.vst","2017-03-03","vst_GUAN_2017","D04","GUAN","GUAN_047",,"NEON.PLA.D04.GUAN.01640","ok","single shrub","Live",2.7,130,4.1,,,,2.6,1.6,,"cylinder",3.3,10,,,,"BUWuBJizbbqJ1SVYbs0wjmnYdl8b9NIq1adFzCQuvl8=","8rHzSbnDOXjpaitjHXu3bvZcWZBazBT3Z6JypCrOTws=","legacyData"
"f9564d9e-3190-47d0-9789-0580892722db","GUAN_047.basePlot.vst","2017-03-03","vst_GUAN_2017","D04","GUAN","GUAN_047",,"NEON.PLA.D04.GUAN.01250","ok","single shrub","Live",1.4,130,2.8,,,,1.1,0.8,,"cylinder",2.8,10,,,,"BUWuBJizbbqJ1SVYbs0wjmnYdl8b9NIq1adFzCQuvl8=","8rHzSbnDOXjpaitjHXu3bvZcWZBazBT3Z6JypCrOTws=","legacyData"
"ba0ed3a3-8dae-4ec7-a52c-e193cf85ad7a","GUAN_047.basePlot.vst","2017-03-03","vst_GUAN_2017","D04","GUAN","GUAN_047",,"NEON.PLA.D04.GUAN.01238","untagged",,"No longer qualifies",,,,,,,,,,,,,,,"USDA classification is shrub. Not a tree","BUWuBJizbbqJ1SVYbs0wjmnYdl8b9NIq1adFzCQuvl8=","8rHzSbnDOXjpaitjHXu3bvZcWZBazBT3Z6JypCrOTws=","legacyData"
"d00a0ae2-1a85-4e87-9e30-1baee76d206b","GUAN_047.basePlot.vst","2017-03-03","vst_GUAN_2017","D04","GUAN","GUAN_047",,"NEON.PLA.D04.GUAN.01257","ok","small tree","Standing dead",1.8,130,2.3,,,,,,,,,,,,,"BUWuBJizbbqJ1SVYbs0wjmnYdl8b9NIq1adFzCQuvl8=","8rHzSbnDOXjpaitjHXu3bvZcWZBazBT3Z6JypCrOTws=","legacyData"
"d101c1fc-96f6-40dc-a46d-7f1b4c415dd6","GUAN_047.basePlot.vst","2017-03-03","vst_GUAN_2017","D04","GUAN","GUAN_047",,"NEON.PLA.D04.GUAN.01251","ok","single shrub","Live",3.4,130,5.7,,,,3.9,3.4,,"cylinder",3.9,10,,,,"BUWuBJizbbqJ1SVYbs0wjmnYdl8b9NIq1adFzCQuvl8=","8rHzSbnDOXjpaitjHXu3bvZcWZBazBT3Z6JypCrOTws=","legacyData"
"d2c1da57-3196-41c0-aa10-3c65069fa9e8","GUAN_047.basePlot.vst","2017-03-03","vst_GUAN_2017","D04","GUAN","GUAN_047",,"NEON.PLA.D04.GUAN.01259","ok","small shrub","Live",,,1.9,,,,0.8,0.6,,"cylinder",1.2,10,,,,"BUWuBJizbbqJ1SVYbs0wjmnYdl8b9NIq1adFzCQuvl8=","8rHzSbnDOXjpaitjHXu3bvZcWZBazBT3Z6JypCrOTws=","legacyData"
"c43473a2-6cbd-45c6-b15f-8b0026d37026","GUAN_047.basePlot.vst","2017-03-03","vst_GUAN_2017","D04","GUAN","GUAN_047",,"NEON.PLA.D04.GUAN.01239","ok","single bole tree","Standing dead",10.0,130,,,,,,,,,,,,,,"BUWuBJizbbqJ1SVYbs0wjmnYdl8b9NIq1adFzCQuvl8=","8rHzSbnDOXjpaitjHXu3bvZcWZBazBT3Z6JypCrOTws=","legacyData"
"10189152-356b-4d21-bd24-d391aa4adf08","GUAN_047.basePlot.vst","2017-03-03","vst_GUAN_2017","D04","GUAN","GUAN_047",,"NEON.PLA.D04.GUAN.01251","ok","single shrub","Live",5.2,130,5.7,,,,3.9,3.4,,"cylinder",6.4,10,,,,"BUWuBJizbbqJ1SVYbs0wjmnYdl8b9NIq1adFzCQuvl8=","8rHzSbnDOXjpaitjHXu3bvZcWZBazBT3Z6JypCrOTws=","legacyData"
"1c511d22-d142-462c-b9c3-0285cc66220f","GUAN_047.basePlot.vst","2017-03-03","vst_GUAN_2017","D04","GUAN","GUAN_047",,"NEON.PLA.D04.GUAN.01242","ok",,"No longer qualifies",,,,,,,,,,,,,,,"USDA classification is shrub. Not a tree.","BUWuBJizbbqJ1SVYbs0wjmnYdl8b9NIq1adFzCQuvl8=","8rHzSbnDOXjpaitjHXu3bvZcWZBazBT3Z6JypCrOTws=","legacyData"
"72aa4999-0a91-44b5-8651-e941d5f46995","GUAN_047.basePlot.vst","2017-03-03","vst_GUAN_2017","D04","GUAN","GUAN_047",,"NEON.PLA.D04.GUAN.01253","ok","small shrub","Live",,,1.6,,,,0.5,0.5,,"cylinder",1.7,10,,,,"BUWuBJizbbqJ1SVYbs0wjmnYdl8b9NIq1adFzCQuvl8=","8rHzSbnDOXjpaitjHXu3bvZcWZBazBT3Z6JypCrOTws=","legacyData"
"3e7fea47-4aad-48be-959e-4348ddb5ea13","GUAN_047.basePlot.vst","2017-03-03","vst_GUAN_2017","D04","GUAN","GUAN_047",,"NEON.PLA.D04.GUAN.01729","ok","liana","Live",1.1,130,,,,,,,,,,,,,,"BUWuBJizbbqJ1SVYbs0wjmnYdl8b9NIq1adFzCQuvl8=","8rHzSbnDOXjpaitjHXu3bvZcWZBazBT3Z6JypCrOTws=","legacyData"
"89b3dcaf-5f1b-467c-b793-51be6c09a7f8","GUAN_047.basePlot.vst","2017-03-03","vst_GUAN_2017","D04","GUAN","GUAN_047",,"NEON.PLA.D04.GUAN.01733","ok","liana","Live",1.0,130,,,,,,,,,,,,,,"BUWuBJizbbqJ1SVYbs0wjmnYdl8b9NIq1adFzCQuvl8=","8rHzSbnDOXjpaitjHXu3bvZcWZBazBT3Z6JypCrOTws=","legacyData"
"35854108-b5e2-4b7b-ba3c-a647c24d8fd3","GUAN_047.basePlot.vst","2017-03-03","vst_GUAN_2017","D04","GUAN","GUAN_047",,"NEON.PLA.D04.GUAN.01231A","ok","multi-bole tree","Live",14.2,130,5.5,,,,,,,,,,,,,"BUWuBJizbbqJ1SVYbs0wjmnYdl8b9NIq1adFzCQuvl8=","8rHzSbnDOXjpaitjHXu3bvZcWZBazBT3Z6JypCrOTws=","legacyData"
"34db84d7-0226-4e56-9b25-8194ae00bb00","GUAN_047.basePlot.vst","2017-03-03","vst_GUAN_2017","D04","GUAN","GUAN_047",,"NEON.PLA.D04.GUAN.01737","ok","liana","Live",2.5,130,,,,,,,,,,,,,,"BUWuBJizbbqJ1SVYbs0wjmnYdl8b9NIq1adFzCQuvl8=","8rHzSbnDOXjpaitjHXu3bvZcWZBazBT3Z6JypCrOTws=","legacyData"
"997d4c0c-2a00-4099-a4fb-0c88a010a19e","GUAN_047.basePlot.vst","2017-03-03","vst_GUAN_2017","D04","GUAN","GUAN_047",,"NEON.PLA.D04.GUAN.01730","ok","liana","Live",1.1,130,,,,,,,,,,,,,,"BUWuBJizbbqJ1SVYbs0wjmnYdl8b9NIq1adFzCQuvl8=","8rHzSbnDOXjpaitjHXu3bvZcWZBazBT3Z6JypCrOTws=","legacyData"
"d965ba9a-b68d-475f-a3b7-dd02eddb77bd","GUAN_047.basePlot.vst","2017-03-03","vst_GUAN_2017","D04","GUAN","GUAN_047",,"NEON.PLA.D04.GUAN.01244","untagged",,"No longer qualifies",,,,,,,,,,,,,,,"USDA classification is shrub. Not a tree.","BUWuBJizbbqJ1SVYbs0wjmnYdl8b9NIq1adFzCQuvl8=","8rHzSbnDOXjpaitjHXu3bvZcWZBazBT3Z6JypCrOTws=","legacyData"
"a157df2a-44b7-430f-87fc-1c1d59ec2f93","GUAN_047.basePlot.vst","2017-03-03","vst_GUAN_2017","D04","GUAN","GUAN_047",,"NEON.PLA.D04.GUAN.01254","ok","single shrub","Live",2.6,130,5.2,,,,1.6,1.2,,"cylinder",3.4,10,,,,"BUWuBJizbbqJ1SVYbs0wjmnYdl8b9NIq1adFzCQuvl8=","8rHzSbnDOXjpaitjHXu3bvZcWZBazBT3Z6JypCrOTws=","legacyData"
"e61cfa5d-a4df-4052-9f33-bf549eb22440","GUAN_047.basePlot.vst","2017-03-03","vst_GUAN_2017","D04","GUAN","GUAN_047",,"NEON.PLA.D04.GUAN.01643","ok","single shrub","Live",1.9,130,4.0,,,,1.9,1.2,,"cylinder",2.2,10,,,,"BUWuBJizbbqJ1SVYbs0wjmnYdl8b9NIq1adFzCQuvl8=","8rHzSbnDOXjpaitjHXu3bvZcWZBazBT3Z6JypCrOTws=","legacyData"
"b436bcec-6d2d-4466-94ef-c42d131955a8","GUAN_047.basePlot.vst","2017-03-03","vst_GUAN_2017","D04","GUAN","GUAN_047",,"NEON.PLA.D04.GUAN.01648","ok","small shrub","Live",,,1.5,,,,1.9,1.7,,"cylinder",2.2,10,,,,"BUWuBJizbbqJ1SVYbs0wjmnYdl8b9NIq1adFzCQuvl8=","8rHzSbnDOXjpaitjHXu3bvZcWZBazBT3Z6JypCrOTws=","legacyData"
"a75f8660-0668-407a-be5f-c9dc7e8aaa84","GUAN_047.basePlot.vst","2017-03-14","vst_GUAN_2017","D04","GUAN","GUAN_047",,"NEON.PLA.D04.GUAN.01241B","ok","multi-bole tree","Live",12.0,130,5.8,,,,,,,,,,,,,"BUWuBJizbbqJ1SVYbs0wjmnYdl8b9NIq1adFzCQuvl8=","8rHzSbnDOXjpaitjHXu3bvZcWZBazBT3Z6JypCrOTws=","legacyData"
"4a79904e-d6ba-4ff2-9536-35052e46a84a","GUAN_047.basePlot.vst","2017-03-14","vst_GUAN_2017","D04","GUAN","GUAN_047",,"NEON.PLA.D04.GUAN.09458","ok","liana","Live",1.4,130,,,,,,,,,,,,,,"BUWuBJizbbqJ1SVYbs0wjmnYdl8b9NIq1adFzCQuvl8=","8rHzSbnDOXjpaitjHXu3bvZcWZBazBT3Z6JypCrOTws=","legacyData"
"67fedd62-535c-483e-9a06-df3e339fdfac","GUAN_047.basePlot.vst","2017-03-14","vst_GUAN_2017","D04","GUAN","GUAN_047",,"NEON.PLA.D04.GUAN.01388","ok","liana","Live",1.1,130,,,,,,,,,,,,,,"BUWuBJizbbqJ1SVYbs0wjmnYdl8b9NIq1adFzCQuvl8=","8rHzSbnDOXjpaitjHXu3bvZcWZBazBT3Z6JypCrOTws=","legacyData"
"7f5e7ca1-90d1-4162-98b2-f345b28f7094","GUAN_047.basePlot.vst","2017-03-14","vst_GUAN_2017","D04","GUAN","GUAN_047",,"NEON.PLA.D04.GUAN.08082","ok","liana","Live",1.1,130,,,,,,,,,,,,,,"BUWuBJizbbqJ1SVYbs0wjmnYdl8b9NIq1adFzCQuvl8=","8rHzSbnDOXjpaitjHXu3bvZcWZBazBT3Z6JypCrOTws=","legacyData"
"7b12fd2e-4b52-4274-bcdf-d7eaf1b1331b","GUAN_047.basePlot.vst","2017-03-14","vst_GUAN_2017","D04","GUAN","GUAN_047",,"NEON.PLA.D04.GUAN.01385","ok","liana","Live",1.2,130,,,,,,,,,,,,,,"BUWuBJizbbqJ1SVYbs0wjmnYdl8b9NIq1adFzCQuvl8=","8rHzSbnDOXjpaitjHXu3bvZcWZBazBT3Z6JypCrOTws=","legacyData"
"d63a29e1-84ed-41a1-87c4-a516f3ba1f79","GUAN_047.basePlot.vst","2017-03-14","vst_GUAN_2017","D04","GUAN","GUAN_047",,"NEON.PLA.D04.GUAN.01738","ok","liana","Live",1.3,130,,,,,,,,,,,,,,"BUWuBJizbbqJ1SVYbs0wjmnYdl8b9NIq1adFzCQuvl8=","8rHzSbnDOXjpaitjHXu3bvZcWZBazBT3Z6JypCrOTws=","legacyData"
"0ba19fda-f824-40cd-bb45-511287da009f","GUAN_047.basePlot.vst","2017-03-14","vst_GUAN_2017","D04","GUAN","GUAN_047",,"NEON.PLA.D04.GUAN.01243",,,"No longer qualifies",,,,,,,,,,,,,,,"Tag status: removed. USDA classification as shrub; not tree.","BUWuBJizbbqJ1SVYbs0wjmnYdl8b9NIq1adFzCQuvl8=","8rHzSbnDOXjpaitjHXu3bvZcWZBazBT3Z6JypCrOTws=","legacyData"
"24b9efd9-b51b-4595-bbd7-be205ee2c3b8","GUAN_047.basePlot.vst","2017-03-14","vst_GUAN_2017","D04","GUAN","GUAN_047",,"NEON.PLA.D04.GUAN.01721","ok","liana","Live, insect damaged",1.1,130,,,,,,,,,,,,,,"BUWuBJizbbqJ1SVYbs0wjmnYdl8b9NIq1adFzCQuvl8=","8rHzSbnDOXjpaitjHXu3bvZcWZBazBT3Z6JypCrOTws=","legacyData"
"c34eb1d1-96d0-47cd-9adc-f411feea581a","GUAN_047.basePlot.vst","2017-03-14","vst_GUAN_2017","D04","GUAN","GUAN_047",,"NEON.PLA.D04.GUAN.01719","ok","liana","Live",1.4,130,,,,,,,,,,,,,,"BUWuBJizbbqJ1SVYbs0wjmnYdl8b9NIq1adFzCQuvl8=","8rHzSbnDOXjpaitjHXu3bvZcWZBazBT3Z6JypCrOTws=","legacyData"
"603f8548-b3fb-449f-97bb-440dd3a0716c","GUAN_047.basePlot.vst","2017-03-14","vst_GUAN_2017","D04","GUAN","GUAN_047",,"NEON.PLA.D04.GUAN.08102","ok","liana","Live",1.0,130,,,,,,,,,,,,,,"BUWuBJizbbqJ1SVYbs0wjmnYdl8b9NIq1adFzCQuvl8=","8rHzSbnDOXjpaitjHXu3bvZcWZBazBT3Z6JypCrOTws=","legacyData"
"f0e22b14-0ee6-4183-a69b-3b820ca318af","GUAN_047.basePlot.vst","2017-03-14","vst_GUAN_2017","D04","GUAN","GUAN_047",,"NEON.PLA.D04.GUAN.01389","ok","liana","Live",1.6,130,,,,,,,,,,,,,,"BUWuBJizbbqJ1SVYbs0wjmnYdl8b9NIq1adFzCQuvl8=","8rHzSbnDOXjpaitjHXu3bvZcWZBazBT3Z6JypCrOTws=","legacyData"
"5ba29204-55f6-49a5-baa4-95d59d269ada","GUAN_047.basePlot.vst","2017-03-14","vst_GUAN_2017","D04","GUAN","GUAN_047",,"NEON.PLA.D04.GUAN.01731","ok","liana","Live",2.0,130,,,,,,,,,,,,,,"BUWuBJizbbqJ1SVYbs0wjmnYdl8b9NIq1adFzCQuvl8=","8rHzSbnDOXjpaitjHXu3bvZcWZBazBT3Z6JypCrOTws=","legacyData"
"59dae900-18d5-472a-b4c8-d928ca692324","GUAN_047.basePlot.vst","2017-03-14","vst_GUAN_2017","D04","GUAN","GUAN_047",,"NEON.PLA.D04.GUAN.09472","ok","single bole tree","Live, insect damaged",21.3,130,6.4,,,,,,,,,,,,,"BUWuBJizbbqJ1SVYbs0wjmnYdl8b9NIq1adFzCQuvl8=","8rHzSbnDOXjpaitjHXu3bvZcWZBazBT3Z6JypCrOTws=","legacyData"
"b0eec74d-5ce5-43a2-83c2-fa5fd96f77f3","GUAN_047.basePlot.vst","2017-03-14","vst_GUAN_2017","D04","GUAN","GUAN_047",,"NEON.PLA.D04.GUAN.09474","ok","liana","Live",1.0,130,,,,,,,,,,,,,,"BUWuBJizbbqJ1SVYbs0wjmnYdl8b9NIq1adFzCQuvl8=","8rHzSbnDOXjpaitjHXu3bvZcWZBazBT3Z6JypCrOTws=","legacyData"
"8615b400-abf9-4a93-b4fc-1c08651166ad","GUAN_047.basePlot.vst","2017-03-14","vst_GUAN_2017","D04","GUAN","GUAN_047",,"NEON.PLA.D04.GUAN.09468","ok","liana","Live",1.3,130,,,,,,,,,,,,,,"BUWuBJizbbqJ1SVYbs0wjmnYdl8b9NIq1adFzCQuvl8=","8rHzSbnDOXjpaitjHXu3bvZcWZBazBT3Z6JypCrOTws=","legacyData"
"e70a27cb-79d1-448e-8b23-f02b37f6c136","GUAN_047.basePlot.vst","2017-03-14","vst_GUAN_2017","D04","GUAN","GUAN_047",,"NEON.PLA.D04.GUAN.01720","ok","liana","Live",1.5,130,,,,,,,,,,,,,,"BUWuBJizbbqJ1SVYbs0wjmnYdl8b9NIq1adFzCQuvl8=","8rHzSbnDOXjpaitjHXu3bvZcWZBazBT3Z6JypCrOTws=","legacyData"
"ce5eb16d-1605-4c98-9116-b6ab9f4a93c1","GUAN_047.basePlot.vst","2017-03-14","vst_GUAN_2017","D04","GUAN","GUAN_047",,"NEON.PLA.D04.GUAN.01235",,,"No longer qualifies",,,,,,,,,,,,,,,"Tag status: removed. USDA classification as shrub; not tree.","BUWuBJizbbqJ1SVYbs0wjmnYdl8b9NIq1adFzCQuvl8=","8rHzSbnDOXjpaitjHXu3bvZcWZBazBT3Z6JypCrOTws=","legacyData"
"76446b5e-2c18-4526-bcee-ece83bfd5a55","GUAN_047.basePlot.vst","2017-03-14","vst_GUAN_2017","D04","GUAN","GUAN_047",,"NEON.PLA.D04.GUAN.09451","ok","liana","Live",1.1,130,,,,,,,,,,,,,,"BUWuBJizbbqJ1SVYbs0wjmnYdl8b9NIq1adFzCQuvl8=","8rHzSbnDOXjpaitjHXu3bvZcWZBazBT3Z6JypCrOTws=","legacyData"
"8bd13335-0f36-4659-8d3c-7e29c56b1f8f","GUAN_047.basePlot.vst","2017-03-14","vst_GUAN_2017","D04","GUAN","GUAN_047",,"NEON.PLA.D04.GUAN.01232A","ok","multi-bole tree","Live, insect damaged",8.8,130,3.3,,,,,,,,,,,,,"BUWuBJizbbqJ1SVYbs0wjmnYdl8b9NIq1adFzCQuvl8=","8rHzSbnDOXjpaitjHXu3bvZcWZBazBT3Z6JypCrOTws=","legacyData"
"53666301-80b9-49c0-afa6-ac72d63c1b88","GUAN_047.basePlot.vst","2017-03-14","vst_GUAN_2017","D04","GUAN","GUAN_047",,"NEON.PLA.D04.GUAN.01241","ok","multi-bole tree","Standing dead",15.5,130,5.8,,,,,,,,,,,,,"BUWuBJizbbqJ1SVYbs0wjmnYdl8b9NIq1adFzCQuvl8=","8rHzSbnDOXjpaitjHXu3bvZcWZBazBT3Z6JypCrOTws=","legacyData"
"728401c9-b846-4c06-9b25-84a87db6dab0","GUAN_047.basePlot.vst","2017-03-14","vst_GUAN_2017","D04","GUAN","GUAN_047",,"NEON.PLA.D04.GUAN.09457","ok","liana","Live",1.0,130,,,,,,,,,,,,,,"BUWuBJizbbqJ1SVYbs0wjmnYdl8b9NIq1adFzCQuvl8=","8rHzSbnDOXjpaitjHXu3bvZcWZBazBT3Z6JypCrOTws=","legacyData"
"e91a65cc-fc0c-43b0-b7e2-af64740daf15","GUAN_047.basePlot.vst","2017-03-14","vst_GUAN_2017","D04","GUAN","GUAN_047",,"NEON.PLA.D04.GUAN.01229A","ok","multi-bole tree","Live, insect damaged",11.5,120,5.0,,,,,,,,,,,,,"BUWuBJizbbqJ1SVYbs0wjmnYdl8b9NIq1adFzCQuvl8=","8rHzSbnDOXjpaitjHXu3bvZcWZBazBT3Z6JypCrOTws=","legacyData"
"1945bbf8-311e-4005-9ed2-3b7e340934fe","GUAN_047.basePlot.vst","2017-03-14","vst_GUAN_2017","D04","GUAN","GUAN_047",,"NEON.PLA.D04.GUAN.01233","ok","single bole tree","Live",11.5,130,4.8,,,,,,,,,,,,,"BUWuBJizbbqJ1SVYbs0wjmnYdl8b9NIq1adFzCQuvl8=","8rHzSbnDOXjpaitjHXu3bvZcWZBazBT3Z6JypCrOTws=","legacyData"
"2572f840-2131-477e-a2b9-a4b3a215ec45","GUAN_047.basePlot.vst","2017-03-14","vst_GUAN_2017","D04","GUAN","GUAN_047",,"NEON.PLA.D04.GUAN.01393","ok","liana","Standing dead",1.8,130,,,,,,,,,,,,,,"BUWuBJizbbqJ1SVYbs0wjmnYdl8b9NIq1adFzCQuvl8=","8rHzSbnDOXjpaitjHXu3bvZcWZBazBT3Z6JypCrOTws=","legacyData"
"2bd7538d-4ae2-41a2-b73e-e03f2a5bf500","GUAN_047.basePlot.vst","2017-03-14","vst_GUAN_2017","D04","GUAN","GUAN_047",,"NEON.PLA.D04.GUAN.01230","ok","multi-bole tree","Live",10.0,170,5.0,,,,,,,,,,,,,"BUWuBJizbbqJ1SVYbs0wjmnYdl8b9NIq1adFzCQuvl8=","8rHzSbnDOXjpaitjHXu3bvZcWZBazBT3Z6JypCrOTws=","legacyData"
"008349e6-386d-4db5-be72-a67705bc87e0","GUAN_047.basePlot.vst","2017-03-14","vst_GUAN_2017","D04","GUAN","GUAN_047",,"NEON.PLA.D04.GUAN.01726","ok","liana","Live, insect damaged",1.3,130,,,,,,,,,,,,,,"BUWuBJizbbqJ1SVYbs0wjmnYdl8b9NIq1adFzCQuvl8=","8rHzSbnDOXjpaitjHXu3bvZcWZBazBT3Z6JypCrOTws=","legacyData"
"02fe49f8-8def-4916-96b6-b0ef9502e685","GUAN_047.basePlot.vst","2017-03-14","vst_GUAN_2017","D04","GUAN","GUAN_047",,"NEON.PLA.D04.GUAN.01300","ok","single bole tree","Live",11.9,130,7.5,,,,,,,,,,,,,"BUWuBJizbbqJ1SVYbs0wjmnYdl8b9NIq1adFzCQuvl8=","8rHzSbnDOXjpaitjHXu3bvZcWZBazBT3Z6JypCrOTws=","legacyData"
"79488482-6cf1-4d21-85e8-e50782032a88","GUAN_047.basePlot.vst","2017-03-14","vst_GUAN_2017","D04","GUAN","GUAN_047",,"NEON.PLA.D04.GUAN.03880","ok","liana","Live",1.2,130,,,,,,,,,,,,,,"BUWuBJizbbqJ1SVYbs0wjmnYdl8b9NIq1adFzCQuvl8=","8rHzSbnDOXjpaitjHXu3bvZcWZBazBT3Z6JypCrOTws=","legacyData"
"c39facfd-0d9b-4d8f-92e3-ded8c403f423","GUAN_047.basePlot.vst","2017-03-14","vst_GUAN_2017","D04","GUAN","GUAN_047",,"NEON.PLA.D04.GUAN.08179","ok","single bole tree","Live",11.8,140,3.8,,,,,,,,,,,,,"BUWuBJizbbqJ1SVYbs0wjmnYdl8b9NIq1adFzCQuvl8=","8rHzSbnDOXjpaitjHXu3bvZcWZBazBT3Z6JypCrOTws=","legacyData"
"f7afcc5b-2825-42c9-a8b2-965ab98d0ea1","GUAN_047.basePlot.vst","2017-03-14","vst_GUAN_2017","D04","GUAN","GUAN_047",,"NEON.PLA.D04.GUAN.01725","ok","liana","Live",1.0,130,,,,,,,,,,,,,,"BUWuBJizbbqJ1SVYbs0wjmnYdl8b9NIq1adFzCQuvl8=","8rHzSbnDOXjpaitjHXu3bvZcWZBazBT3Z6JypCrOTws=","legacyData"
"a9f01721-ee7e-47ca-b4eb-ea384f9364c2","GUAN_047.basePlot.vst","2017-03-14","vst_GUAN_2017","D04","GUAN","GUAN_047",,"NEON.PLA.D04.GUAN.01391","ok","liana","Live",1.0,130,,,,,,,,,,,,,,"BUWuBJizbbqJ1SVYbs0wjmnYdl8b9NIq1adFzCQuvl8=","8rHzSbnDOXjpaitjHXu3bvZcWZBazBT3Z6JypCrOTws=","legacyData"
"0c13b79d-199b-4f8a-b253-68b52f6e20d6","GUAN_047.basePlot.vst","2017-03-14","vst_GUAN_2017","D04","GUAN","GUAN_047",,"NEON.PLA.D04.GUAN.01394","ok","liana","Live",1.5,130,,,,,,,,,,,,,,"BUWuBJizbbqJ1SVYbs0wjmnYdl8b9NIq1adFzCQuvl8=","8rHzSbnDOXjpaitjHXu3bvZcWZBazBT3Z6JypCrOTws=","legacyData"
"68cd8c12-8caf-4a1d-ad14-f4576a87b11d","GUAN_047.basePlot.vst","2017-03-14","vst_GUAN_2017","D04","GUAN","GUAN_047",,"NEON.PLA.D04.GUAN.01392","ok","liana","Live",1.4,130,,,,,,,,,,,,,,"BUWuBJizbbqJ1SVYbs0wjmnYdl8b9NIq1adFzCQuvl8=","8rHzSbnDOXjpaitjHXu3bvZcWZBazBT3Z6JypCrOTws=","legacyData"
"e8466ea8-7b1d-48d4-875f-d35b38fcfc26","GUAN_047.basePlot.vst","2017-03-14","vst_GUAN_2017","D04","GUAN","GUAN_047",,"NEON.PLA.D04.GUAN.01736","ok","liana","Live",1.1,130,,,,,,,,,,,,,,"BUWuBJizbbqJ1SVYbs0wjmnYdl8b9NIq1adFzCQuvl8=","8rHzSbnDOXjpaitjHXu3bvZcWZBazBT3Z6JypCrOTws=","legacyData"
"8f6e28b2-2860-45b0-bd0e-06a24b3ccb76","GUAN_047.basePlot.vst","2017-03-14","vst_GUAN_2017","D04","GUAN","GUAN_047",,"NEON.PLA.D04.GUAN.01386","ok","liana","Live",2.8,130,,,,,,,,,,,,,,"BUWuBJizbbqJ1SVYbs0wjmnYdl8b9NIq1adFzCQuvl8=","8rHzSbnDOXjpaitjHXu3bvZcWZBazBT3Z6JypCrOTws=","legacyData"
"807b5353-6d46-4634-b1b3-95f80098bf12","GUAN_047.basePlot.vst","2017-03-14","vst_GUAN_2017","D04","GUAN","GUAN_047",,"NEON.PLA.D04.GUAN.01727","ok","liana","Live, insect damaged",2.6,130,,,,,,,,,,,,,,"BUWuBJizbbqJ1SVYbs0wjmnYdl8b9NIq1adFzCQuvl8=","8rHzSbnDOXjpaitjHXu3bvZcWZBazBT3Z6JypCrOTws=","legacyData"
"12699228-c7cf-4a47-89bb-acad55fd6a36","GUAN_047.basePlot.vst","2017-03-14","vst_GUAN_2017","D04","GUAN","GUAN_047",,"NEON.PLA.D04.GUAN.01232","ok","multi-bole tree","Live, insect damaged",13.3,110,3.3,,,,,,,,,,,,,"BUWuBJizbbqJ1SVYbs0wjmnYdl8b9NIq1adFzCQuvl8=","8rHzSbnDOXjpaitjHXu3bvZcWZBazBT3Z6JypCrOTws=","legacyData"
"a45837c5-4f69-4939-bed3-7c803ce285ef","GUAN_047.basePlot.vst","2017-03-14","vst_GUAN_2017","D04","GUAN","GUAN_047",,"NEON.PLA.D04.GUAN.01390","ok","liana","Live",1.0,130,,,,,,,,,,,,,,"BUWuBJizbbqJ1SVYbs0wjmnYdl8b9NIq1adFzCQuvl8=","8rHzSbnDOXjpaitjHXu3bvZcWZBazBT3Z6JypCrOTws=","legacyData"
"15bbd3fe-96ca-47b3-8574-cc73463266ae","GUAN_047.basePlot.vst","2017-03-14","vst_GUAN_2017","D04","GUAN","GUAN_047",,"NEON.PLA.D04.GUAN.01227","ok",,"No longer qualifies",,,,,,,,,,,,,,,"Tag not removed; may qualify in the future.","BUWuBJizbbqJ1SVYbs0wjmnYdl8b9NIq1adFzCQuvl8=","8rHzSbnDOXjpaitjHXu3bvZcWZBazBT3Z6JypCrOTws=","legacyData"
"350644e7-d37e-4213-a01a-eee784010798","GUAN_047.basePlot.vst","2017-03-14","vst_GUAN_2017","D04","GUAN","GUAN_047",,"NEON.PLA.D04.GUAN.01240","ok","single bole tree","Live",10.2,130,3.9,,,,,,,,,,,,,"BUWuBJizbbqJ1SVYbs0wjmnYdl8b9NIq1adFzCQuvl8=","8rHzSbnDOXjpaitjHXu3bvZcWZBazBT3Z6JypCrOTws=","legacyData"
"4ebbefae-a3c1-4966-9b57-938b9bf7686d","GUAN_047.basePlot.vst","2017-03-14","vst_GUAN_2017","D04","GUAN","GUAN_047",,"NEON.PLA.D04.GUAN.01229","ok","multi-bole tree","Live, insect damaged",13.8,130,5.0,,,,,,,,,,,,,"BUWuBJizbbqJ1SVYbs0wjmnYdl8b9NIq1adFzCQuvl8=","8rHzSbnDOXjpaitjHXu3bvZcWZBazBT3Z6JypCrOTws=","legacyData"
"a69efe9a-8948-433c-9c04-8ba78bb4a306","GUAN_047.basePlot.vst","2017-03-14","vst_GUAN_2017","D04","GUAN","GUAN_047",,"NEON.PLA.D04.GUAN.01467A","ok","multi-bole tree","Live",6.9,140,6.4,,,,,,,,,,,,,"BUWuBJizbbqJ1SVYbs0wjmnYdl8b9NIq1adFzCQuvl8=","8rHzSbnDOXjpaitjHXu3bvZcWZBazBT3Z6JypCrOTws=","legacyData"
"1aecfe57-6211-44d7-a922-265bf385e161","GUAN_047.basePlot.vst","2017-03-14","vst_GUAN_2017","D04","GUAN","GUAN_047",,"NEON.PLA.D04.GUAN.01230A","ok","multi-bole tree","Live",8.8,170,5.0,,,,,,,,,,,,,"BUWuBJizbbqJ1SVYbs0wjmnYdl8b9NIq1adFzCQuvl8=","8rHzSbnDOXjpaitjHXu3bvZcWZBazBT3Z6JypCrOTws=","legacyData"
"4054ad0f-6239-4d44-9f9d-e005d764dd9d","GUAN_047.basePlot.vst","2017-03-14","vst_GUAN_2017","D04","GUAN","GUAN_047",,"NEON.PLA.D04.GUAN.01467","ok","multi-bole tree","Live",15.5,130,6.4,,,,,,,,,,,,,"BUWuBJizbbqJ1SVYbs0wjmnYdl8b9NIq1adFzCQuvl8=","8rHzSbnDOXjpaitjHXu3bvZcWZBazBT3Z6JypCrOTws=","legacyData"
"e1e95bf6-5e1e-44b0-b1ea-e7937474a5b1","GUAN_047.basePlot.vst","2017-03-14","vst_GUAN_2017","D04","GUAN","GUAN_047",,"NEON.PLA.D04.GUAN.01241A","ok","multi-bole tree","Live, insect damaged",13.4,150,5.8,,,,,,,,,,,,,"BUWuBJizbbqJ1SVYbs0wjmnYdl8b9NIq1adFzCQuvl8=","8rHzSbnDOXjpaitjHXu3bvZcWZBazBT3Z6JypCrOTws=","legacyData"
"efbc9d7f-0a09-4a96-a941-d8ac5bbad35f","GUAN_047.basePlot.vst","2017-03-14","vst_GUAN_2017","D04","GUAN","GUAN_047",,"NEON.PLA.D04.GUAN.01724","ok","liana","Live",1.0,130,,,,,,,,,,,,,,"BUWuBJizbbqJ1SVYbs0wjmnYdl8b9NIq1adFzCQuvl8=","8rHzSbnDOXjpaitjHXu3bvZcWZBazBT3Z6JypCrOTws=","legacyData"
"966262d2-49b3-4ebf-b4d4-dad7b7cb398d","GUAN_047.basePlot.vst","2017-03-14","vst_GUAN_2017","D04","GUAN","GUAN_047",,"NEON.PLA.D04.GUAN.01732","ok","liana","Live",1.8,130,,,,,,,,,,,,,,"BUWuBJizbbqJ1SVYbs0wjmnYdl8b9NIq1adFzCQuvl8=","8rHzSbnDOXjpaitjHXu3bvZcWZBazBT3Z6JypCrOTws=","legacyData"
"65387ef7-8a28-417c-a68a-1cfca44c2825","GUAN_047.basePlot.vst","2017-03-14","vst_GUAN_2017","D04","GUAN","GUAN_047",,"NEON.PLA.D04.GUAN.01387","ok","liana","Live, insect damaged",1.1,130,,,,,,,,,,,,,,"BUWuBJizbbqJ1SVYbs0wjmnYdl8b9NIq1adFzCQuvl8=","8rHzSbnDOXjpaitjHXu3bvZcWZBazBT3Z6JypCrOTws=","legacyData"
