uid,namedLocation,date,domainID,siteID,plotID,plotType,nlcdClass,decimalLatitude,decimalLongitude,geodeticDatum,coordinateUncertainty,easting,northing,utmZone,elevation,elevationUncertainty,eventID,samplingProtocolVersion,treesPresent,treesAbsentList,shrubsPresent,shrubsAbsentList,lianasPresent,lianasAbsentList,nestedSubplotAreaShrubSapling,nestedSubplotAreaLiana,totalSampledAreaTrees,totalSampledAreaShrubSapling,totalSampledAreaLiana,remarks,measuredBy,recordedBy,dataQF
"44dab702-d50a-4d9a-bc9f-61e950ccdd61","JERC_051.basePlot.vst","2015-09-01","D03","JERC","JERC_051","tower","evergreenForest",31.199489,-84.464343,"WGS84",20.2,741600.61,3454481.17,"16N",41.5,0.2,"vst_JERC_2015","NEON.DOC.000987vD",,,,,,,"noneSelected","noneSelected",800,800,800,,"tuy26TKnYHd+FtkfhB+9QYm9M1+Ym6+P","F0OBrKFXXmZ8aUzIQU1wSVTXyT0KDtd2","legacyData"
"2b7c6aa6-f603-415c-a4b1-f77fac462a8f","JERC_051.basePlot.vst","2015-09-01","D03","JERC","JERC_051","tower","evergreenForest",31.199489,-84.464343,"WGS84",20.2,741600.61,3454481.17,"16N",41.5,0.2,"vst_JERC_2015","NEON.DOC.000987vD",,,,,,,"1","noneSelected",800,4,800,,"tuy26TKnYHd+FtkfhB+9QYm9M1+Ym6+P","F0OBrKFXXmZ8aUzIQU1wSVTXyT0KDtd2","legacyData"
"4a18b5a4-9411-4c92-bc7e-7eb64dea3d8c","JERC_060.basePlot.vst","2015-09-02","D03","JERC","JERC_060","tower","evergreenForest",31.198667,-84.465311,"WGS84",20.2,741510.44,3454387.91,"16N",41.7,0.4,"vst_JERC_2015","NEON.DOC.000987vD",,,,,,,"noneSelected","noneSelected",800,800,800,,"tuy26TKnYHd+FtkfhB+9QYm9M1+Ym6+P","F0OBrKFXXmZ8aUzIQU1wSVTXyT0KDtd2","legacyData"
"627c4a34-540a-4e6d-83c4-b74ff3ebcc0c","JERC_060.basePlot.vst","2015-09-02","D03","JERC","JERC_060","tower","evergreenForest",31.198667,-84.465311,"WGS84",20.2,741510.44,3454387.91,"16N",41.7,0.4,"vst_JERC_2015","NEON.DOC.000987vD",,,,,,,"noneSelected","noneSelected",800,800,800,,"tuy26TKnYHd+FtkfhB+9QYm9M1+Ym6+P","wotzsmcGfDFGz7NWBrAUn7dLZE1v2DNq","legacyData"
"c33f2305-287e-42c7-b222-c24e9c116c9c","JERC_057.basePlot.vst","2015-09-03","D03","JERC","JERC_057","tower","mixedForest",31.200937,-84.469655,"WGS84",20.1,741090.64,3454630.12,"16N",33.6,0.2,"vst_JERC_2015","NEON.DOC.000987vD",,,,,,,"noneSelected","noneSelected",800,800,800,,"tuy26TKnYHd+FtkfhB+9QYm9M1+Ym6+P","F0OBrKFXXmZ8aUzIQU1wSVTXyT0KDtd2","legacyData"
"b289a0f1-2390-42c4-b402-a4c2a8acf668","JERC_057.basePlot.vst","2015-09-03","D03","JERC","JERC_057","tower","mixedForest",31.200937,-84.469655,"WGS84",20.1,741090.64,3454630.12,"16N",33.6,0.2,"vst_JERC_2015","NEON.DOC.000987vD",,,,,,,"noneSelected","noneSelected",800,800,800,"no transcription errors","tuy26TKnYHd+FtkfhB+9QYm9M1+Ym6+P","F0OBrKFXXmZ8aUzIQU1wSVTXyT0KDtd2","legacyData"
"8046ef97-b181-436d-bc42-ab068ee5b26f","JERC_065.basePlot.vst","2015-09-03","D03","JERC","JERC_065","tower","evergreenForest",31.200286,-84.465274,"WGS84",20.1,741509.85,3454567.50,"16N",40.2,0.2,"vst_JERC_2015","NEON.DOC.000987vD",,,,,,,"noneSelected","noneSelected",800,800,800,,"tuy26TKnYHd+FtkfhB+9QYm9M1+Ym6+P","F0OBrKFXXmZ8aUzIQU1wSVTXyT0KDtd2","legacyData"
"26c41f3b-c67c-491c-a4d5-3a62c331212c","JERC_065.basePlot.vst","2015-09-03","D03","JERC","JERC_065","tower","evergreenForest",31.200286,-84.465274,"WGS84",20.1,741509.85,3454567.50,"16N",40.2,0.2,"vst_JERC_2015","NEON.DOC.000987vD",,,,,,,"noneSelected","noneSelected",800,800,800,,"tuy26TKnYHd+FtkfhB+9QYm9M1+Ym6+P","wotzsmcGfDFGz7NWBrAUn7dLZE1v2DNq","legacyData"
"167d60b6-23ab-47a5-ac59-8387440f8b1b","JERC_057.basePlot.vst","2015-09-03","D03","JERC","JERC_057","tower","mixedForest",31.200937,-84.469655,"WGS84",20.1,741090.64,3454630.12,"16N",33.6,0.2,"vst_JERC_2015","NEON.DOC.000987vD",,,,,,,"25","noneSelected",800,100,800,,"tuy26TKnYHd+FtkfhB+9QYm9M1+Ym6+P","F0OBrKFXXmZ8aUzIQU1wSVTXyT0KDtd2","legacyData"
"8e8236d6-bf7c-4051-a25c-a78fa8511b08","JERC_052.basePlot.vst","2015-09-09","D03","JERC","JERC_052","tower","evergreenForest",31.195408,-84.464141,"WGS84",20.2,741630.24,3454029.11,"16N",46.1,0.2,"vst_JERC_2015","NEON.DOC.000987vD",,,,,,,"noneSelected","100",800,800,400,,"IaXfrbXr6GQAKfG/Thmkj2xXG2gxDgR+","wotzsmcGfDFGz7NWBrAUn7dLZE1v2DNq","legacyData"
"620dfa1b-c8de-4d71-92a2-30372d57f34e","JERC_049.basePlot.vst","2015-09-09","D03","JERC","JERC_049","tower","evergreenForest",31.196492,-84.464109,"WGS84",20.2,741630.53,3454149.38,"16N",46.5,0.3,"vst_JERC_2015","NEON.DOC.000987vD",,,,,,,"noneSelected","100",800,800,400,,"IaXfrbXr6GQAKfG/Thmkj2xXG2gxDgR+","wotzsmcGfDFGz7NWBrAUn7dLZE1v2DNq","legacyData"
"2b3f75cd-c5c0-48dc-b82f-fc787a34302a","JERC_049.basePlot.vst","2015-09-09","D03","JERC","JERC_049","tower","evergreenForest",31.196492,-84.464109,"WGS84",20.2,741630.53,3454149.38,"16N",46.5,0.3,"vst_JERC_2015","NEON.DOC.000987vD",,,,,,,"noneSelected","noneSelected",800,800,800,,"IaXfrbXr6GQAKfG/Thmkj2xXG2gxDgR+","wotzsmcGfDFGz7NWBrAUn7dLZE1v2DNq","legacyData"
"91d93169-8fb8-48d8-818e-2b296fed3c33","JERC_059.basePlot.vst","2015-09-09","D03","JERC","JERC_059","tower","evergreenForest",31.198067,-84.462491,"WGS84",20.1,741780.74,3454327.55,"16N",42.3,0.2,"vst_JERC_2015","NEON.DOC.000987vD",,,,,,,"noneSelected","100",800,800,400,,"7ZsG8s1cQijU1p7CX6b9FNrZuRO+/rX6","wotzsmcGfDFGz7NWBrAUn7dLZE1v2DNq","legacyData"
"717a075d-73d7-4362-ab71-036dfcdeebd4","JERC_049.basePlot.vst","2015-09-09","D03","JERC","JERC_049","tower","evergreenForest",31.196492,-84.464109,"WGS84",20.2,741630.53,3454149.38,"16N",46.5,0.3,"vst_JERC_2015","NEON.DOC.000987vD",,,,,,,"noneSelected","noneSelected",800,800,800,,"IaXfrbXr6GQAKfG/Thmkj2xXG2gxDgR+","F0OBrKFXXmZ8aUzIQU1wSVTXyT0KDtd2","legacyData"
"1c282fd6-fdcd-46ee-b92f-526ad2d0f604","JERC_058.basePlot.vst","2015-09-16","D03","JERC","JERC_058","tower","evergreenForest",31.194554,-84.462283,"WGS84",20.1,741809.51,3453938.49,"16N",47.5,0.2,"vst_JERC_2015","NEON.DOC.000987vD",,,,,,,"noneSelected","100",800,800,400,,"7ZsG8s1cQijU1p7CX6b9FNrZuRO+/rX6","wotzsmcGfDFGz7NWBrAUn7dLZE1v2DNq","legacyData"
"4a130b42-83a0-4d73-98e0-cd77de0a249c","JERC_048.basePlot.vst","2015-09-17","D03","JERC","JERC_048","tower","evergreenForest",31.196457,-84.461913,"WGS84",20.2,741839.93,3454150.30,"16N",46.8,0.3,"vst_JERC_2015","NEON.DOC.000987vD",,,,,,,"noneSelected","100",800,800,400,,"7ZsG8s1cQijU1p7CX6b9FNrZuRO+/rX6","wotzsmcGfDFGz7NWBrAUn7dLZE1v2DNq","legacyData"
"fcdb963c-bbef-42dd-84ea-33cc9dc002ab","JERC_066.basePlot.vst","2015-09-17","D03","JERC","JERC_066","tower","evergreenForest",31.197554,-84.463759,"WGS84",20.2,741661.19,3454267.89,"16N",42.6,0.2,"vst_JERC_2015","NEON.DOC.000987vD",,,,,,,"noneSelected","noneSelected",800,800,800,,"7ZsG8s1cQijU1p7CX6b9FNrZuRO+/rX6","F0OBrKFXXmZ8aUzIQU1wSVTXyT0KDtd2","legacyData"
"957d1444-860d-49ec-8734-26dc03cf293f","JERC_061.basePlot.vst","2015-09-22","D03","JERC","JERC_061","tower","evergreenForest",31.195444,-84.465400,"WGS84",20.2,741510.15,3454030.35,"16N",50.4,0.3,"vst_JERC_2015","NEON.DOC.000987vD",,,,,,,"25","noneSelected",800,100,800,,"tuy26TKnYHd+FtkfhB+9QYm9M1+Ym6+P","qwd4SsQjkwojVAYuvLRi2I6c493EEc9K","legacyData"
"d8389ab5-55c9-4eb1-89cb-5dfdc914c237","JERC_063.basePlot.vst","2015-09-22","D03","JERC","JERC_063","tower","evergreenForest",31.195656,-84.462880,"WGS84",20.1,741749.80,3454059.37,"16N",46.5,0.2,"vst_JERC_2015","NEON.DOC.000987vD",,,,,,,"noneSelected","noneSelected",800,800,800,,"tuy26TKnYHd+FtkfhB+9QYm9M1+Ym6+P","F0OBrKFXXmZ8aUzIQU1wSVTXyT0KDtd2","legacyData"
"160d53e2-76b0-40cd-8b4b-21035e023a1d","JERC_061.basePlot.vst","2015-09-22","D03","JERC","JERC_061","tower","evergreenForest",31.195444,-84.465400,"WGS84",20.2,741510.15,3454030.35,"16N",50.4,0.3,"vst_JERC_2015","NEON.DOC.000987vD",,,,,,,"noneSelected","25",800,800,100,,"M/rpjoWAoNdguH/7tUF+rPGaLQvKIjg3","wotzsmcGfDFGz7NWBrAUn7dLZE1v2DNq","legacyData"
