uid,namedLocation,domainID,siteID,plotID,plotType,nlcdClass,decimalLatitude,decimalLongitude,geodeticDatum,coordinateUncertainty,elevation,elevationUncertainty,collectDate,eventID,sampleID,sampleCode,samplingMethod,totalSampledArea,targetTaxaPresent,adultCount,nymphCount,larvaCount,sampleCondition,samplingProtocolVersion,measuredBy,remarks
"024c9818-f3ae-4e3a-8bae-bfde23ad15b1","BART_011.tickPlot.tck","D01","BART","BART_011","distributed","mixedForest",44.048783,-71.295353,"WGS84",20.2,399.5,0.2,"2017-06-07T12:28Z","BART.2017.24",,,"drag and flag",157,"N",0,0,0,,"NEON.DOC.014045vH","EnfWGZJaKllpnxJgbtB7wmPYkDAkiJvk1pu/08v0i7k=",
"e40c532d-5dce-48a5-ada5-516209442241","BART_029.tickPlot.tck","D01","BART","BART_029","distributed","evergreenForest",44.058948,-71.289336,"WGS84",20.2,291.7,0.3,"2017-06-07T13:45Z","BART.2017.24",,,"drag and flag",140,"N",0,0,0,,"NEON.DOC.014045vH","EnfWGZJaKllpnxJgbtB7wmPYkDAkiJvk1pu/08v0i7k=",
"d7a84e62-bf23-42de-9ab6-c4001b691d8b","BART_019.tickPlot.tck","D01","BART","BART_019","distributed","mixedForest",44.069350,-71.288001,"WGS84",20.2,231.8,0.2,"2017-06-07T14:50Z","BART.2017.24",,,"drag and flag",152,"N",0,0,0,,"NEON.DOC.014045vH","9rtYv6x/bdfO4wEJK3R6BxlDDClSKivng1Q1vdwmSg4=",
"d345db79-5950-493e-b2b1-6c50b1eab663","BART_002.tickPlot.tck","D01","BART","BART_002","distributed","deciduousForest",44.035231,-71.274674,"WGS84",20.2,502.6,0.3,"2017-06-07T17:22Z","BART.2017.24",,,"drag and flag",155,"N",0,0,0,,"NEON.DOC.014045vH","9rtYv6x/bdfO4wEJK3R6BxlDDClSKivng1Q1vdwmSg4=",
"e510fdbf-1c8e-4c04-bd2d-f9afe91fe18a","BART_015.tickPlot.tck","D01","BART","BART_015","distributed","mixedForest",44.042149,-71.271603,"WGS84",20.3,455.0,0.5,"2017-06-07T18:57Z","BART.2017.24",,,"drag and flag",157,"N",0,0,0,,"NEON.DOC.014045vH","9rtYv6x/bdfO4wEJK3R6BxlDDClSKivng1Q1vdwmSg4=",
"c3046ffc-600b-4462-ab48-3944e0312792","BART_010.tickPlot.tck","D01","BART","BART_010","distributed","deciduousForest",44.051100,-71.267766,"WGS84",20.2,413.0,0.4,"2017-06-07T20:24Z","BART.2017.24",,,"drag and flag",156,"N",0,0,0,,"NEON.DOC.014045vH","EnfWGZJaKllpnxJgbtB7wmPYkDAkiJvk1pu/08v0i7k=",
