uid,namedLocation,domainID,siteID,plotID,plotType,nlcdClass,decimalLatitude,decimalLongitude,geodeticDatum,coordinateUncertainty,elevation,elevationUncertainty,collectDate,eventID,sampleID,sampleCode,samplingMethod,totalSampledArea,targetTaxaPresent,adultCount,nymphCount,larvaCount,sampleCondition,samplingProtocolVersion,measuredBy,remarks
"ac714e78-fcc6-481a-aeb8-8119e59f557b","NOGP_006.tickPlot.tck","D09","NOGP","NOGP_006","distributed","grasslandHerbaceous",46.768522,-100.918874,"WGS84",20.1,588.6,0.1,"2017-07-12T15:27Z","NOGP.2017.29",,,"drag",160,"N",0,0,0,"No known compromise","NEON.DOC.014045vH","zSK20cKpys+7Fz2Bf0o84F0+THuIq6d+5PJc+FcM4i4=",
"c7ccb3ef-a7d7-4fd0-87bf-5c3323049b2c","NOGP_008.tickPlot.tck","D09","NOGP","NOGP_008","distributed","grasslandHerbaceous",46.783500,-100.905977,"WGS84",20.1,562.0,0.1,"2017-07-12T16:37Z","NOGP.2017.29",,,"drag",160,"N",0,0,0,"No known compromise","NEON.DOC.014045vH","zSK20cKpys+7Fz2Bf0o84F0+THuIq6d+5PJc+FcM4i4=","No SE or NE corner markers."
"7ca90104-de01-491a-badb-771f70103433","NOGP_005.tickPlot.tck","D09","NOGP","NOGP_005","distributed","grasslandHerbaceous",46.787576,-100.916830,"WGS84",20.0,564.6,0.0,"2017-07-12T17:22Z","NOGP.2017.29",,,"drag",160,"N",0,0,0,"No known compromise","NEON.DOC.014045vH","n4oaPelR/mmbsiw8RZkCK6Tq1eA1eJSCrLM3aq0KIzk=",
"5af96604-f4b9-4cd5-9391-4736e0ebd12a","NOGP_002.tickPlot.tck","D09","NOGP","NOGP_002","distributed","grasslandHerbaceous",46.797460,-100.910668,"WGS84",20.1,544.6,0.1,"2017-07-12T18:05Z","NOGP.2017.29","NOGP_002.20170712",,"drag",160,"Y",1,0,0,"No known compromise","NEON.DOC.014045vH","n4oaPelR/mmbsiw8RZkCK6Tq1eA1eJSCrLM3aq0KIzk=",
"3743d8f2-5636-4ced-ba6b-e869c8ce03c5","NOGP_001.tickPlot.tck","D09","NOGP","NOGP_001","distributed","grasslandHerbaceous",46.804811,-100.916048,"WGS84",20.0,530.7,0.0,"2017-07-12T18:51Z","NOGP.2017.29",,,"drag",160,"N",0,0,0,"No known compromise","NEON.DOC.014045vH","zSK20cKpys+7Fz2Bf0o84F0+THuIq6d+5PJc+FcM4i4=",
"799a5cc9-be47-40b4-8916-676a7f5f2214","NOGP_007.tickPlot.tck","D09","NOGP","NOGP_007","distributed","grasslandHerbaceous",46.813251,-100.903783,"WGS84",20.0,527.7,0.0,"2017-07-12T19:23Z","NOGP.2017.29",,,"drag and flag",160,"N",0,0,0,"No known compromise","NEON.DOC.014045vH","n4oaPelR/mmbsiw8RZkCK6Tq1eA1eJSCrLM3aq0KIzk=",
