uid,namedLocation,plotID,collectDate,identifiedDate,sampleID,subsampleID,scientificName,acceptedTaxonID,taxonRank,family,subfamily,tribe,subtribe,genus,subgenus,specificEpithet,infraspecificEpithet,identificationQualifier,identificationReferences,identificationProtocolVersion,scientificNameAuthorship,sexOrAge,individualCount,sampleCondition,archiveMedium,archiveFacilityID,deprecatedVialID,identifiedBy,laboratoryName,remarks
"44321af9-f277-4822-8a9b-0e8529a9884d","OSBS_003.tickPlot.tck","OSBS_003","2017-04-19T14:11Z","2017-12-13T17:00Z","OSBS_003.20170419","OSBS_003.20170419.AMBAME.F","Amblyomma americanum","AMBAME","species","Ixodidae",,,,"Amblyomma",,"americanum",,,"Cooley, R. A. and G. M. Kohls. 1944. The genus Amblyomma (ixodidae) in the United States. The Journal of Parasitology, 30(2):77-111.","GSU_tickIdentification_SOP_2016-11-01.pdf","Linnaeus","Female",4,"OK","90% ethanol","USNMENT01358147","OSBS_003.20170419.01.AMBAME.F","Lorenza Beati","Georgia Southern University",
"68ac8523-e684-42d7-b144-af4623494d91","OSBS_003.tickPlot.tck","OSBS_003","2017-04-19T14:11Z","2017-12-13T17:00Z","OSBS_003.20170419","OSBS_003.20170419.AMBAME.N","Amblyomma americanum","AMBAME","species","Ixodidae",,,,"Amblyomma",,"americanum",,,"Cooley, R. A. and G. M. Kohls. 1944. The genus Amblyomma (ixodidae) in the United States. The Journal of Parasitology, 30(2):77-111.","GSU_tickIdentification_SOP_2016-11-01.pdf","Linnaeus","Nymph",38,"OK","90% ethanol","USNMENT01358145","OSBS_003.20170419.01.AMBAME.N","Lorenza Beati","Georgia Southern University",
"91be8051-2171-4654-8478-04bd1223f385","OSBS_003.tickPlot.tck","OSBS_003","2017-04-19T14:11Z","2017-12-13T17:00Z","OSBS_003.20170419","OSBS_003.20170419.AMBAME.M","Amblyomma americanum","AMBAME","species","Ixodidae",,,,"Amblyomma",,"americanum",,,"Cooley, R. A. and G. M. Kohls. 1944. The genus Amblyomma (ixodidae) in the United States. The Journal of Parasitology, 30(2):77-111.","GSU_tickIdentification_SOP_2016-11-01.pdf","Linnaeus","Male",6,"OK","90% ethanol","USNMENT01358146","OSBS_003.20170419.01.AMBAME.M","Lorenza Beati","Georgia Southern University",
"d1689c4a-0367-440b-a974-f5885e92c6d7","OSBS_004.tickPlot.tck","OSBS_004","2017-04-19T15:15Z","2017-12-13T17:00Z","OSBS_004.20170419","OSBS_004.20170419.AMBAME.N","Amblyomma americanum","AMBAME","species","Ixodidae",,,,"Amblyomma",,"americanum",,,"Cooley, R. A. and G. M. Kohls. 1944. The genus Amblyomma (ixodidae) in the United States. The Journal of Parasitology, 30(2):77-111.","GSU_tickIdentification_SOP_2016-11-01.pdf","Linnaeus","Nymph",3,"OK","90% ethanol","USNMENT01358144","OSBS_004.20170419.01.AMBAME.N","Lorenza Beati","Georgia Southern University",
"a911ae15-90cd-41c8-91b4-b549943ed658","OSBS_022.tickPlot.tck","OSBS_022","2017-04-19T15:49Z","2017-07-13T16:00Z","OSBS_022.20170419","OSBS_022.20170419.IXOSP.N","Ixodidae sp.","IXOSP","family","Ixodidae",,,,,,"sp.",,,,"GSU_tickIdentification_SOP_2016-11-01.pdf",,"Nymph",1,"OK","90% ethanol","USNMENT01358148","OSBS_022.20170419.01.N","Guy Hobbs","Georgia Southern University","Over invoice limit, will not be billed."
"ea550400-3c82-42dc-8c12-cca2c84d14ab","OSBS_001.tickPlot.tck","OSBS_001","2017-04-19T16:42Z","2017-07-13T16:00Z","OSBS_001.20170419","OSBS_001.20170419.IXOSP.N","Ixodidae sp.","IXOSP","family","Ixodidae",,,,,,"sp.",,,,"GSU_tickIdentification_SOP_2016-11-01.pdf",,"Nymph",20,"OK","90% ethanol","USNMENT01358141","OSBS_001.20170419.01.N","Guy Hobbs","Georgia Southern University","Over invoice limit, will not be billed."
"341e152f-4067-4014-a04f-53135629ecc5","OSBS_001.tickPlot.tck","OSBS_001","2017-04-19T16:42Z","2017-12-13T17:00Z","OSBS_001.20170419","OSBS_001.20170419.AMBAME.F","Amblyomma americanum","AMBAME","species","Ixodidae",,,,"Amblyomma",,"americanum",,,"Cooley, R. A. and G. M. Kohls. 1944. The genus Amblyomma (ixodidae) in the United States. The Journal of Parasitology, 30(2):77-111.","GSU_tickIdentification_SOP_2016-11-01.pdf","Linnaeus","Female",4,"OK","90% ethanol","USNMENT01358143","OSBS_001.20170419.01.AMBAME.F","Lorenza Beati","Georgia Southern University",
"cacb7e63-468b-4e0f-b12d-c33bc9091319","OSBS_001.tickPlot.tck","OSBS_001","2017-04-19T16:42Z","2017-12-13T17:00Z","OSBS_001.20170419","OSBS_001.20170419.AMBAME.M","Amblyomma americanum","AMBAME","species","Ixodidae",,,,"Amblyomma",,"americanum",,,"Cooley, R. A. and G. M. Kohls. 1944. The genus Amblyomma (ixodidae) in the United States. The Journal of Parasitology, 30(2):77-111.","GSU_tickIdentification_SOP_2016-11-01.pdf","Linnaeus","Male",3,"OK","90% ethanol","USNMENT01358142","OSBS_001.20170419.01.AMBAME.M","Lorenza Beati","Georgia Southern University",
"bd0a4cff-9fc3-4013-ad0d-760ff06b5997","OSBS_005.tickPlot.tck","OSBS_005","2017-04-19T17:47Z","2017-07-07T16:00Z","OSBS_005.20170419","OSBS_005.20170419.IXOSP.N","Ixodidae sp.","IXOSP","family","Ixodidae",,,,,,"sp.",,,,"GSU_tickIdentification_SOP_2016-11-01.pdf",,"Nymph",221,"OK","90% ethanol","USNMENT01358137","OSBS_005.20170419.02.N","Guy Hobbs","Georgia Southern University","Over invoice limit, will not be billed."
"48e5011d-6472-49b2-a101-a86c5d6df081","OSBS_005.tickPlot.tck","OSBS_005","2017-04-19T17:47Z","2017-07-07T16:00Z","OSBS_005.20170419","OSBS_005.20170419.IXOSP.L","Ixodidae sp.","IXOSP","family","Ixodidae",,,,,,"sp.",,,,"GSU_tickIdentification_SOP_2016-11-01.pdf",,"Larva",1,"OK","90% ethanol","USNMENT01358140","OSBS_005.20170419.01.L","Guy Hobbs","Georgia Southern University",
"0efdc6f3-c1ee-421b-906c-8d5ee420e900","OSBS_005.tickPlot.tck","OSBS_005","2017-04-19T17:47Z","2017-12-07T17:00Z","OSBS_005.20170419","OSBS_005.20170419.AMBAME.M","Amblyomma americanum","AMBAME","species","Ixodidae",,,,"Amblyomma",,"americanum",,,"Cooley, R. A. and G. M. Kohls. 1944. The genus Amblyomma (ixodidae) in the United States. The Journal of Parasitology, 30(2):77-111.","GSU_tickIdentification_SOP_2016-11-01.pdf","Linnaeus","Male",17,"OK","90% ethanol","USNMENT01358138","OSBS_005.20170419.02.AMBAME.M","Lorenza Beati","Georgia Southern University",
"ca1e95c5-be3f-42ca-bcde-4dac1f00f746","OSBS_005.tickPlot.tck","OSBS_005","2017-04-19T17:47Z","2017-12-07T17:00Z","OSBS_005.20170419","OSBS_005.20170419.AMBAME.F","Amblyomma americanum","AMBAME","species","Ixodidae",,,,"Amblyomma",,"americanum",,,"Cooley, R. A. and G. M. Kohls. 1944. The genus Amblyomma (ixodidae) in the United States. The Journal of Parasitology, 30(2):77-111.","GSU_tickIdentification_SOP_2016-11-01.pdf","Linnaeus","Female",17,"OK","90% ethanol","USNMENT01358139","OSBS_005.20170419.02.AMBAME.F","Lorenza Beati","Georgia Southern University",
