uid,namedLocation,domainID,siteID,plotID,plotType,nlcdClass,decimalLatitude,decimalLongitude,geodeticDatum,coordinateUncertainty,elevation,elevationUncertainty,collectDate,eventID,sampleID,sampleCode,samplingMethod,totalSampledArea,targetTaxaPresent,adultCount,nymphCount,larvaCount,sampleCondition,samplingProtocolVersion,measuredBy,remarks
"c0c97677-1b9b-47dd-9dfa-698e3a7cfbd4","OSBS_002.tickPlot.tck","D03","OSBS","OSBS_002","distributed","evergreenForest",29.703661,-81.958365,"WGS84",20.1,35.8,0.2,"2017-04-19T13:30Z","OSBS.2017.16",,,"drag and flag",160,"N",0,0,0,"No known compromise","NEON.DOC.014045vG","PbNu4t/t/O1BAZriMiaA3VbsZD9KatgX",
"29af830a-c107-4ad2-9e75-aecb0855cd1b","OSBS_003.tickPlot.tck","D03","OSBS","OSBS_003","distributed","evergreenForest",29.693693,-81.947010,"WGS84",20.3,38.2,0.5,"2017-04-19T14:11Z","OSBS.2017.16","OSBS_003.20170419",,"drag and flag",166,"Y",10,37,0,"No known compromise","NEON.DOC.014045vG","PbNu4t/t/O1BAZriMiaA3VbsZD9KatgX",
"296a85eb-3260-487b-990c-762ca2033f38","OSBS_004.tickPlot.tck","D03","OSBS","OSBS_004","distributed","evergreenForest",29.683402,-81.960449,"WGS84",20.3,42.4,0.4,"2017-04-19T15:15Z","OSBS.2017.16","OSBS_004.20170419",,"drag",160,"Y",0,3,0,"No known compromise","NEON.DOC.014045vG","PbNu4t/t/O1BAZriMiaA3VbsZD9KatgX",
"09332342-c26e-499b-8d34-1f64470d85cb","OSBS_022.tickPlot.tck","D03","OSBS","OSBS_022","distributed","emergentHerbaceousWetlands",29.688309,-81.961968,"WGS84",20.1,24.3,0.1,"2017-04-19T15:49Z","OSBS.2017.16","OSBS_022.20170419",,"drag and flag",166,"Y",0,1,0,"No known compromise","NEON.DOC.014045vG","K9OTaQ0zZCLKuSI2a22zmxo5JPNK03YOJDKl7AdSUww=",
"12dcd030-4209-4c0a-89ea-4b4d46fb06ff","OSBS_001.tickPlot.tck","D03","OSBS","OSBS_001","distributed","woodyWetlands",29.704063,-82.008061,"WGS84",20.3,34.4,0.3,"2017-04-19T16:42Z","OSBS.2017.16","OSBS_001.20170419",,"drag and flag",162,"Y",4,3,20,"No known compromise","NEON.DOC.014045vG","PbNu4t/t/O1BAZriMiaA3VbsZD9KatgX",
"924f57af-0f6f-43d6-a4cf-f41031c27bfe","OSBS_005.tickPlot.tck","D03","OSBS","OSBS_005","distributed","woodyWetlands",29.697923,-82.025623,"WGS84",20.4,36.0,1.2,"2017-04-19T17:47Z","OSBS.2017.16","OSBS_005.20170419",,"drag and flag",164,"Y",34,211,158,"No known compromise","NEON.DOC.014045vG","K9OTaQ0zZCLKuSI2a22zmxo5JPNK03YOJDKl7AdSUww=",
