uid,namedLocation,plotID,collectDate,identifiedDate,sampleID,subsampleID,scientificName,acceptedTaxonID,taxonRank,family,subfamily,tribe,subtribe,genus,subgenus,specificEpithet,infraspecificEpithet,identificationQualifier,identificationReferences,identificationProtocolVersion,scientificNameAuthorship,sexOrAge,individualCount,sampleCondition,archiveMedium,archiveFacilityID,deprecatedVialID,identifiedBy,laboratoryName,remarks
"0335419f-32d7-40cb-b2ab-96d91d9da01e","UKFS_001.tickPlot.tck","UKFS_001","2017-05-05T14:48Z","2017-12-14T17:00Z","UKFS_001.20170505","UKFS_001.20170505.AMBSP.N","Amblyomma sp.","AMBSP","genus","Ixodidae",,,,"Amblyomma",,"sp.",,,,"GSU_tickIdentification_SOP_2016-11-01.pdf",,"Nymph",83,"OK","90% ethanol","1358217","UKFS_001.20170505.AMB.N","Lorenza Beati","Georgia Southern University","Over invoice limit, will not be billed."
"d0e0dce3-8888-4625-ad39-cd1375165c47","UKFS_001.tickPlot.tck","UKFS_001","2017-05-05T14:48Z","2017-12-14T17:00Z","UKFS_001.20170505","UKFS_001.20170505.AMBAME.F","Amblyomma americanum","AMBAME","species","Ixodidae",,,,"Amblyomma",,"americanum",,,"Cooley, R. A. and G. M. Kohls. 1944. The genus Amblyomma (ixodidae) in the United States. The Journal of Parasitology, 30(2):77-111.","GSU_tickIdentification_SOP_2016-11-01.pdf","Linnaeus","Female",13,"OK","90% ethanol","1358215","UKFS_001.20170505.AMBAME.F","Lorenza Beati","Georgia Southern University","TO PAULA"
"a9afed9e-bdf5-410e-8863-6d546f9f43fe","UKFS_001.tickPlot.tck","UKFS_001","2017-05-05T14:48Z","2017-12-14T17:00Z","UKFS_001.20170505","UKFS_001.20170505.AMBAME.M","Amblyomma americanum","AMBAME","species","Ixodidae",,,,"Amblyomma",,"americanum",,,"Cooley, R. A. and G. M. Kohls. 1944. The genus Amblyomma (ixodidae) in the United States. The Journal of Parasitology, 30(2):77-111.","GSU_tickIdentification_SOP_2016-11-01.pdf","Linnaeus","Male",19,"OK","90% ethanol","1358216","UKFS_001.20170505.AMBAME.M","Lorenza Beati","Georgia Southern University","TO PAULA"
"e37301d7-08d8-44b7-9802-3271a615bc62","UKFS_018.tickPlot.tck","UKFS_018","2017-05-05T16:31Z","2017-12-17T17:00Z","UKFS_018.20170505","UKFS_018.20170505.AMBSP.N","Amblyomma sp.","AMBSP","genus","Ixodidae",,,,"Amblyomma",,"sp.",,,,"GSU_tickIdentification_SOP_2016-11-01.pdf",,"Nymph",1,"OK","90% ethanol","1358261","UKFS_018.20170505.AMB.N","Lorenza Beati","Georgia Southern University","Over invoice limit, will not be billed."
"a0359b99-081f-4e08-af9d-d33d3be2699e","UKFS_003.tickPlot.tck","UKFS_003","2017-05-05T17:05Z","2017-12-21T17:00Z","UKFS_003.20170505","UKFS_003.20170505.AMBAME.F","Amblyomma americanum","AMBAME","species","Ixodidae",,,,"Amblyomma",,"americanum",,,"Cooley, R. A. and G. M. Kohls. 1944. The genus Amblyomma (ixodidae) in the United States. The Journal of Parasitology, 30(2):77-111.","GSU_tickIdentification_SOP_2016-11-01.pdf","Linnaeus","Female",7,"OK","90% ethanol","1358264","UKFS_003.20170505.AMBAME.F","Lorenza Beati","Georgia Southern University","TO PAULA"
"ebb7a1e6-c56f-4561-80cc-f76fa75c3ec4","UKFS_003.tickPlot.tck","UKFS_003","2017-05-05T17:05Z","2017-12-21T17:00Z","UKFS_003.20170505","UKFS_003.20170505.AMBAME.N","Amblyomma americanum","AMBAME","species","Ixodidae",,,,"Amblyomma",,"americanum",,,"Cooley, R. A. and G. M. Kohls. 1944. The genus Amblyomma (ixodidae) in the United States. The Journal of Parasitology, 30(2):77-111.","GSU_tickIdentification_SOP_2016-11-01.pdf","Linnaeus","Nymph",42,"OK","90% ethanol","1358262","UKFS_003.20170505.AMBAME.N","Lorenza Beati","Georgia Southern University",
"ace8096e-2364-4b73-b770-a0c79252a47b","UKFS_003.tickPlot.tck","UKFS_003","2017-05-05T17:05Z","2017-12-21T17:00Z","UKFS_003.20170505","UKFS_003.20170505.AMBSP.M","Amblyomma sp.","AMBSP","genus","Ixodidae",,,,"Amblyomma",,"sp.",,,,"GSU_tickIdentification_SOP_2016-11-01.pdf",,"Male",13,"OK","90% ethanol","1358263","UKFS_003.20170505.AMB.M","Lorenza Beati","Georgia Southern University","Over invoice limit, will not be billed."
"9c381caa-fa2e-4f6e-b9ed-ac9fd4a95602","UKFS_003.tickPlot.tck","UKFS_003","2017-05-05T17:05Z","2017-12-21T17:00Z","UKFS_003.20170505","UKFS_003.20170505.DERVAR.F","Dermacentor variabilis","DERVAR","species","Ixodidae",,,,"Dermacentor",,"variabilis",,,"Yunker, C. E., Keirans, J. E., Clifford, C. M., and E. R. Easton. 1986. Dermacentor ticks (Acari: Ixodoidea: Ixodidae) of the New World: a scanning electron microscope atlas. Proceedings of the Entomological Society of Washington, 88(4):609-627.","GSU_tickIdentification_SOP_2016-11-01.pdf","Say","Female",3,"OK","90% ethanol","1358265","UKFS_003.20170505.DERVAR.F","Lorenza Beati","Georgia Southern University","TO PAULA"
"4d1891ae-528e-4acd-8f32-5622f8795324","UKFS_004.tickPlot.tck","UKFS_004","2017-05-05T18:43Z","2017-12-21T17:00Z","UKFS_004.20170505","UKFS_004.20170505.AMBSP.N","Amblyomma sp.","AMBSP","genus","Ixodidae",,,,"Amblyomma",,"sp.",,,,"GSU_tickIdentification_SOP_2016-11-01.pdf",,"Nymph",29,"OK","90% ethanol","1358266","UKFS_004.20170505.AMB.N","Lorenza Beati","Georgia Southern University","Over invoice limit, will not be billed."
"9271a815-246c-441e-86ea-1bfe246aa653","UKFS_004.tickPlot.tck","UKFS_004","2017-05-05T18:43Z","2017-12-21T17:00Z","UKFS_004.20170505","UKFS_004.20170505.AMBAME.M","Amblyomma americanum","AMBAME","species","Ixodidae",,,,"Amblyomma",,"americanum",,,"Cooley, R. A. and G. M. Kohls. 1944. The genus Amblyomma (ixodidae) in the United States. The Journal of Parasitology, 30(2):77-111.","GSU_tickIdentification_SOP_2016-11-01.pdf","Linnaeus","Male",12,"OK","90% ethanol","1358267","UKFS_004.20170505.AMBAME.M","Lorenza Beati","Georgia Southern University",
"b7e0154a-f25a-4781-8a50-b78b1394b3d4","UKFS_004.tickPlot.tck","UKFS_004","2017-05-05T18:43Z","2017-12-21T17:00Z","UKFS_004.20170505","UKFS_004.20170505.AMBAME.F","Amblyomma americanum","AMBAME","species","Ixodidae",,,,"Amblyomma",,"americanum",,,"Cooley, R. A. and G. M. Kohls. 1944. The genus Amblyomma (ixodidae) in the United States. The Journal of Parasitology, 30(2):77-111.","GSU_tickIdentification_SOP_2016-11-01.pdf","Linnaeus","Female",3,"OK","90% ethanol","1358268","UKFS_004.20170505.AMBAME.F","Lorenza Beati","Georgia Southern University",
"97be353a-49ed-47b0-a403-9503644753d1","UKFS_030.tickPlot.tck","UKFS_030","2017-05-05T20:29Z","2017-12-17T17:00Z","UKFS_030.20170505","UKFS_030.20170505.AMBAME.N","Amblyomma americanum","AMBAME","species","Ixodidae",,,,"Amblyomma",,"americanum",,,"Cooley, R. A. and G. M. Kohls. 1944. The genus Amblyomma (ixodidae) in the United States. The Journal of Parasitology, 30(2):77-111.","GSU_tickIdentification_SOP_2016-11-01.pdf","Linnaeus","Nymph",3,"OK","90% ethanol","1358260","UKFS_030.20170505.AMBAME.N","Lorenza Beati","Georgia Southern University",
"0f4e4ad0-e3a6-4ace-b4a7-eef50936779d","UKFS_030.tickPlot.tck","UKFS_030","2017-05-05T20:29Z","2017-12-17T17:00Z","UKFS_030.20170505","UKFS_030.20170505.AMBSP.M","Amblyomma sp.","AMBSP","genus","Ixodidae",,,,"Amblyomma",,"sp.",,,,"GSU_tickIdentification_SOP_2016-11-01.pdf",,"Male",4,"OK","90% ethanol","1358259","UKFS_030.20170505.AMB.M","Lorenza Beati","Georgia Southern University","Over invoice limit, will not be billed."
"29ab02c0-07da-4cc7-8f96-03abd41b8598","UKFS_030.tickPlot.tck","UKFS_030","2017-05-05T20:29Z","2017-12-17T17:00Z","UKFS_030.20170505","UKFS_030.20170505.AMBSP.F","Amblyomma sp.","AMBSP","genus","Ixodidae",,,,"Amblyomma",,"sp.",,,,"GSU_tickIdentification_SOP_2016-11-01.pdf",,"Female",1,"OK","90% ethanol","1358258","UKFS_030.20170505.AMB.F","Lorenza Beati","Georgia Southern University","Over invoice limit, will not be billed."
"bad9dacb-c506-4a37-9521-b0167b2015cc","UKFS_018.tickPlot.tck","UKFS_018","2017-05-23T14:39Z","2017-12-14T17:00Z","UKFS_018.20170523","UKFS_018.20170523.AMBSP.F","Amblyomma sp.","AMBSP","genus","Ixodidae",,,,"Amblyomma",,"sp.",,,,"GSU_tickIdentification_SOP_2016-11-01.pdf",,"Female",1,"OK","90% ethanol","1358223","UKFS_018.20170523.AMB.F","Lorenza Beati","Georgia Southern University","Over invoice limit, will not be billed."
"0c547522-99db-47f7-b111-b6d50323a79d","UKFS_003.tickPlot.tck","UKFS_003","2017-05-23T15:20Z","2017-12-14T17:00Z","UKFS_003.20170523","UKFS_003.20170523.AMBSP.M","Amblyomma sp.","AMBSP","genus","Ixodidae",,,,"Amblyomma",,"sp.",,,,"GSU_tickIdentification_SOP_2016-11-01.pdf",,"Male",5,"OK","90% ethanol","1358227","UKFS_003.20170523.AMB.M","Lorenza Beati","Georgia Southern University","Over invoice limit, will not be billed."
"0531c310-195c-4deb-8c5b-efceefc5a41d","UKFS_003.tickPlot.tck","UKFS_003","2017-05-23T15:20Z","2017-12-14T17:00Z","UKFS_003.20170523","UKFS_003.20170523.AMBSP.N","Amblyomma sp.","AMBSP","genus","Ixodidae",,,,"Amblyomma",,"sp.",,,,"GSU_tickIdentification_SOP_2016-11-01.pdf",,"Nymph",2,"OK","90% ethanol","1358220","UKFS_003.20170523.AMB.N","Lorenza Beati","Georgia Southern University","Over invoice limit, will not be billed."
"fd4de6c0-8ba6-43d2-a1ea-0ca042191abc","UKFS_003.tickPlot.tck","UKFS_003","2017-05-23T15:20Z","2017-12-14T17:00Z","UKFS_003.20170523","UKFS_003.20170523.AMBSP.F","Amblyomma sp.","AMBSP","genus","Ixodidae",,,,"Amblyomma",,"sp.",,,,"GSU_tickIdentification_SOP_2016-11-01.pdf",,"Female",2,"OK","90% ethanol","1358228","UKFS_003.20170523.AMB.F","Lorenza Beati","Georgia Southern University","Over invoice limit, will not be billed."
"7797f586-5f75-4684-9bdf-ab0b4f474992","UKFS_003.tickPlot.tck","UKFS_003","2017-05-23T15:20Z","2017-12-14T17:00Z","UKFS_003.20170523","UKFS_003.20170523.DERVAR.F","Dermacentor variabilis","DERVAR","species","Ixodidae",,,,"Dermacentor",,"variabilis",,,"Yunker, C. E., Keirans, J. E., Clifford, C. M., and E. R. Easton. 1986. Dermacentor ticks (Acari: Ixodoidea: Ixodidae) of the New World: a scanning electron microscope atlas. Proceedings of the Entomological Society of Washington, 88(4):609-627.","GSU_tickIdentification_SOP_2016-11-01.pdf","Say","Female",1,"OK","90% ethanol","1358229","UKFS_003.20170523.DERVAR.F","Lorenza Beati","Georgia Southern University","TO PAULA"
"326eb838-c865-4ba8-8aa1-8b4e6030e391","UKFS_004.tickPlot.tck","UKFS_004","2017-05-23T16:43Z","2017-12-14T17:00Z","UKFS_004.20170523","UKFS_004.20170523.AMBAME.N","Amblyomma americanum","AMBAME","species","Ixodidae",,,,"Amblyomma",,"americanum",,,"Cooley, R. A. and G. M. Kohls. 1944. The genus Amblyomma (ixodidae) in the United States. The Journal of Parasitology, 30(2):77-111.","GSU_tickIdentification_SOP_2016-11-01.pdf","Linnaeus","Nymph",5,"OK","90% ethanol","1358222","UKFS_004.20170523.AMBAME.N","Lorenza Beati","Georgia Southern University",
"51a38634-ad53-4d4c-9ba1-80c52c36c407","UKFS_004.tickPlot.tck","UKFS_004","2017-05-23T16:43Z","2017-12-14T17:00Z","UKFS_004.20170523","UKFS_004.20170523.AMBSP.F","Amblyomma sp.","AMBSP","genus","Ixodidae",,,,"Amblyomma",,"sp.",,,,"GSU_tickIdentification_SOP_2016-11-01.pdf",,"Female",1,"OK","90% ethanol","1358221","UKFS_004.20170523.AMB.F","Lorenza Beati","Georgia Southern University","Over invoice limit, will not be billed."
"9b9a3fa6-a977-41e9-8a55-f4f980e63d98","UKFS_030.tickPlot.tck","UKFS_030","2017-05-23T17:57Z","2017-12-14T17:00Z","UKFS_030.20170523","UKFS_030.20170523.AMBSP.M","Amblyomma sp.","AMBSP","genus","Ixodidae",,,,"Amblyomma",,"sp.",,,,"GSU_tickIdentification_SOP_2016-11-01.pdf",,"Male",2,"OK","90% ethanol","1358224","UKFS_030.20170523.AMB.M","Lorenza Beati","Georgia Southern University","Over invoice limit, will not be billed."
"73b60a70-e4d6-4f5e-bcc5-56d1395faac0","UKFS_002.tickPlot.tck","UKFS_002","2017-05-23T18:18Z","2017-12-14T17:00Z","UKFS_002.20170523","UKFS_002.20170523.AMBSP.M","Amblyomma sp.","AMBSP","genus","Ixodidae",,,,"Amblyomma",,"sp.",,,,"GSU_tickIdentification_SOP_2016-11-01.pdf",,"Male",1,"OK","90% ethanol","1358234","UKFS_002.20170523.AMB.M","Lorenza Beati","Georgia Southern University","Over invoice limit, will not be billed."
"ff97ceca-9211-4717-b71c-1b77936d308d","UKFS_002.tickPlot.tck","UKFS_002","2017-05-23T18:18Z","2017-12-14T17:00Z","UKFS_002.20170523","UKFS_002.20170523.AMBAME.N","Amblyomma americanum","AMBAME","species","Ixodidae",,,,"Amblyomma",,"americanum",,,"Cooley, R. A. and G. M. Kohls. 1944. The genus Amblyomma (ixodidae) in the United States. The Journal of Parasitology, 30(2):77-111.","GSU_tickIdentification_SOP_2016-11-01.pdf","Linnaeus","Nymph",4,"OK","90% ethanol","1358226","UKFS_002.20170523.AMBAME.N","Lorenza Beati","Georgia Southern University",
"85bfdc79-c49a-4a1b-b8f5-c6372c96316e","UKFS_002.tickPlot.tck","UKFS_002","2017-05-23T18:18Z","2017-12-14T17:00Z","UKFS_002.20170523","UKFS_002.20170523.AMBSP.F","Amblyomma sp.","AMBSP","genus","Ixodidae",,,,"Amblyomma",,"sp.",,,,"GSU_tickIdentification_SOP_2016-11-01.pdf",,"Female",2,"OK","90% ethanol","1358225","UKFS_002.20170523.AMB.F","Lorenza Beati","Georgia Southern University","Over invoice limit, will not be billed."
"a4925012-0eae-4a92-b4fb-45f4a7bef268","UKFS_001.tickPlot.tck","UKFS_001","2017-05-23T19:20Z","2017-12-14T17:00Z","UKFS_001.20170523","UKFS_001.20170523.AMBSP.M","Amblyomma sp.","AMBSP","genus","Ixodidae",,,,"Amblyomma",,"sp.",,,,"GSU_tickIdentification_SOP_2016-11-01.pdf",,"Male",1,"OK","90% ethanol","1358233","UKFS_001.20170523.AMB.M","Lorenza Beati","Georgia Southern University","Over invoice limit, will not be billed."
"0e0f98e7-63df-44c6-9d58-d5bab01fbf69","UKFS_001.tickPlot.tck","UKFS_001","2017-05-23T19:20Z","2017-12-14T17:00Z","UKFS_001.20170523","UKFS_001.20170523.AMBAME.N","Amblyomma americanum","AMBAME","species","Ixodidae",,,,"Amblyomma",,"americanum",,,"Cooley, R. A. and G. M. Kohls. 1944. The genus Amblyomma (ixodidae) in the United States. The Journal of Parasitology, 30(2):77-111.","GSU_tickIdentification_SOP_2016-11-01.pdf","Linnaeus","Nymph",26,"OK","90% ethanol","1358231","UKFS_001.20170523.AMBAME.N","Lorenza Beati","Georgia Southern University",
"2a5dd831-f400-4b09-a985-ec7d5ac5d006","UKFS_001.tickPlot.tck","UKFS_001","2017-05-23T19:20Z","2017-12-14T17:00Z","UKFS_001.20170523","UKFS_001.20170523.AMBAME.F","Amblyomma americanum","AMBAME","species","Ixodidae",,,,"Amblyomma",,"americanum",,,"Cooley, R. A. and G. M. Kohls. 1944. The genus Amblyomma (ixodidae) in the United States. The Journal of Parasitology, 30(2):77-111.","GSU_tickIdentification_SOP_2016-11-01.pdf","Linnaeus","Female",3,"OK","90% ethanol","1358232","UKFS_001.20170523.AMBAME.F","Lorenza Beati","Georgia Southern University",
