uid,namedLocation,domainID,siteID,plotID,plotType,nlcdClass,decimalLatitude,decimalLongitude,geodeticDatum,coordinateUncertainty,elevation,elevationUncertainty,collectDate,eventID,sampleID,sampleCode,samplingMethod,totalSampledArea,targetTaxaPresent,adultCount,nymphCount,larvaCount,sampleCondition,samplingProtocolVersion,measuredBy,remarks
"dbb9a9f8-3275-408b-a4e6-fcc7e40bafea","UKFS_001.tickPlot.tck","D06","UKFS","UKFS_001","distributed","deciduousForest",39.037238,-95.198631,"WGS84",20.1,322.7,0.1,"2017-05-05T14:48Z","UKFS.2017.19","UKFS_001.20170505",,"flag",160,"Y",32,82,0,"No known compromise","NEON.DOC.014045vH","UiQJ6NC02X5uZEcYqJAeU1eiGY+Ji5h+",
"9a72b59f-b5c8-4470-9fa9-f3b993b88bb4","UKFS_018.tickPlot.tck","D06","UKFS","UKFS_018","distributed","grasslandHerbaceous",39.053205,-95.194659,"WGS84",20.1,325.8,0.1,"2017-05-05T16:31Z","UKFS.2017.19","UKFS_018.20170505",,"drag",160,"Y",0,1,0,"No known compromise","NEON.DOC.014045vH","UiQJ6NC02X5uZEcYqJAeU1eiGY+Ji5h+",
"92a21e95-4c35-423b-960e-543c277a13e4","UKFS_003.tickPlot.tck","D06","UKFS","UKFS_003","distributed","deciduousForest",39.053769,-95.187084,"WGS84",20.1,323.1,0.1,"2017-05-05T17:05Z","UKFS.2017.19","UKFS_003.20170505",,"drag and flag",160,"Y",23,42,1,"Tick count estimated (error and instar specified in remarks)","NEON.DOC.014045vH","UiQJ6NC02X5uZEcYqJAeU1eiGY+Ji5h+","The vial spilled and some collection was lost."
"550354fd-dd3e-48c2-ba5b-6e6b596f219c","UKFS_004.tickPlot.tck","D06","UKFS","UKFS_004","distributed","deciduousForest",39.043188,-95.201000,"WGS84",20.1,320.0,0.2,"2017-05-05T18:43Z","UKFS.2017.19","UKFS_004.20170505",,"drag and flag",160,"Y",15,28,1,"No known compromise","NEON.DOC.014045vH","UiQJ6NC02X5uZEcYqJAeU1eiGY+Ji5h+",
"64899406-ebf3-484b-ad24-18d42eb36155","UKFS_002.tickPlot.tck","D06","UKFS","UKFS_002","distributed","deciduousForest",39.045892,-95.207026,"WGS84",20.1,316.0,0.2,"2017-05-05T19:48Z","UKFS.2017.19","UKFS_002.20170505",,"drag and flag",160,"Y",4,9,0,"No known compromise","NEON.DOC.014045vH","UiQJ6NC02X5uZEcYqJAeU1eiGY+Ji5h+",
"a5d5771a-3973-4a5e-a951-ba9db9947f90","UKFS_030.tickPlot.tck","D06","UKFS","UKFS_030","distributed","grasslandHerbaceous",39.045115,-95.213433,"WGS84",20.1,321.9,0.1,"2017-05-05T20:29Z","UKFS.2017.19","UKFS_030.20170505",,"drag",160,"Y",5,3,0,"No known compromise","NEON.DOC.014045vH","UiQJ6NC02X5uZEcYqJAeU1eiGY+Ji5h+",
"d735f2eb-d13d-44b0-ac62-d05da7cbb022","UKFS_018.tickPlot.tck","D06","UKFS","UKFS_018","distributed","grasslandHerbaceous",39.053205,-95.194659,"WGS84",20.1,325.8,0.1,"2017-05-23T14:39Z","UKFS.2017.22","UKFS_018.20170523",,"drag",160,"Y",1,0,0,"Other (described in remarks)","NEON.DOC.014045vH","BzXmPCNcOOHl9ws4JG7MP7BkkCvctwH+","Cloth a little wet from vegetation"
"3cbbda07-41c3-4010-9246-09a5e80608fd","UKFS_003.tickPlot.tck","D06","UKFS","UKFS_003","distributed","deciduousForest",39.053769,-95.187084,"WGS84",20.1,323.1,0.1,"2017-05-23T15:20Z","UKFS.2017.22","UKFS_003.20170523",,"drag and flag",160,"Y",8,2,0,"Other (described in remarks)","NEON.DOC.014045vH","BzXmPCNcOOHl9ws4JG7MP7BkkCvctwH+","Cloth got soaked from wet vegetation"
"a73c6f49-b39e-40d6-981a-f69593c0b6dc","UKFS_004.tickPlot.tck","D06","UKFS","UKFS_004","distributed","deciduousForest",39.043188,-95.201000,"WGS84",20.1,320.0,0.2,"2017-05-23T16:43Z","UKFS.2017.22","UKFS_004.20170523",,"drag and flag",160,"Y",1,5,0,"No known compromise","NEON.DOC.014045vH","BzXmPCNcOOHl9ws4JG7MP7BkkCvctwH+",
"811c82dc-a65d-4790-8f16-4741ec607b6a","UKFS_030.tickPlot.tck","D06","UKFS","UKFS_030","distributed","grasslandHerbaceous",39.045115,-95.213433,"WGS84",20.1,321.9,0.1,"2017-05-23T17:57Z","UKFS.2017.22","UKFS_030.20170523",,"drag",160,"Y",2,0,0,"No known compromise","NEON.DOC.014045vH","dcM8u/BhP7UbDDvxSpMzrlrnTorUEUOxkTJsGqUfT1M=",
"67c49ca8-43f0-4cbc-a3cb-a009b82439b6","UKFS_002.tickPlot.tck","D06","UKFS","UKFS_002","distributed","deciduousForest",39.045892,-95.207026,"WGS84",20.1,316.0,0.2,"2017-05-23T18:18Z","UKFS.2017.22","UKFS_002.20170523",,"drag and flag",150,"Y",3,4,0,"No known compromise","NEON.DOC.014045vH","dcM8u/BhP7UbDDvxSpMzrlrnTorUEUOxkTJsGqUfT1M=",
"e2a03dfa-93a4-4184-8625-da5166fac3ac","UKFS_001.tickPlot.tck","D06","UKFS","UKFS_001","distributed","deciduousForest",39.037238,-95.198631,"WGS84",20.1,322.7,0.1,"2017-05-23T19:20Z","UKFS.2017.22","UKFS_001.20170523",,"drag and flag",160,"Y",4,27,0,"No known compromise","NEON.DOC.014045vH","dcM8u/BhP7UbDDvxSpMzrlrnTorUEUOxkTJsGqUfT1M=",
