uid,namedLocation,domainID,siteID,plotID,plotType,nlcdClass,decimalLatitude,decimalLongitude,geodeticDatum,coordinateUncertainty,elevation,elevationUncertainty,collectDate,eventID,sampleID,sampleCode,samplingMethod,totalSampledArea,targetTaxaPresent,adultCount,nymphCount,larvaCount,sampleCondition,samplingProtocolVersion,measuredBy,remarks
"3a23c03c-c722-44b4-8a09-a9b8a7532521","NIWO_006.tickPlot.tck","D13","NIWO","NIWO_006","distributed","grasslandHerbaceous",40.055786,-105.563006,"WGS84",20.1,3455.0,0.1,"2017-08-14T16:10Z","NIWO.2017.34",,,"drag",160,"N",0,0,0,,"NEON.DOC.014045vH","M7EpIfYzzITs8Y5PIRNBZjG1wPJDljoZp5tr4GwKmKc=",
"68f277d6-f992-4b26-af33-4511d3d8cffe","NIWO_003.tickPlot.tck","D13","NIWO","NIWO_003","distributed","grasslandHerbaceous",40.050268,-105.566230,"WGS84",20.1,3460.4,0.1,"2017-08-14T17:02Z","NIWO.2017.34",,,"drag",160,"N",0,0,0,,"NEON.DOC.014045vH","Ne7LtlcAgVHozr+SsPOIOZoFzcjDz+abn7yKrDCSsF4=",
"e180c605-6c30-466d-a52e-cb7b00fe2ec4","NIWO_005.tickPlot.tck","D13","NIWO","NIWO_005","distributed","evergreenForest",40.043842,-105.571603,"WGS84",20.3,3285.9,0.4,"2017-08-14T18:54Z","NIWO.2017.34",,,"drag and flag",157,"N",0,0,0,,"NEON.DOC.014045vH","M7EpIfYzzITs8Y5PIRNBZjG1wPJDljoZp5tr4GwKmKc=",
"fc3fe090-c4fd-4d1a-ba4e-0e20c9560283","NIWO_017.tickPlot.tck","D13","NIWO","NIWO_017","distributed","evergreenForest",40.042252,-105.565951,"WGS84",20.2,3263.7,0.2,"2017-08-17T14:43Z","NIWO.2017.34",,,"drag and flag",160,"N",0,0,0,,"NEON.DOC.014045vH","rvm51PK74p7XDWPCBsSsYgrFDvT+8W3dGarf3CO9Jiw=",
"980139a0-ee3a-43b5-8403-7b1549dcbf2c","NIWO_011.tickPlot.tck","D13","NIWO","NIWO_011","distributed","evergreenForest",40.035326,-105.554902,"WGS84",20.4,3103.3,0.4,"2017-08-17T15:48Z","NIWO.2017.34",,,"drag and flag",160,"N",0,0,0,,"NEON.DOC.014045vH","sDKl9GV3fCcrZ/AIr+SBDCOZEAPPBQLz",
"1a389bd1-58f2-4189-9ae3-aa8f1e0af75f","NIWO_021.tickPlot.tck","D13","NIWO","NIWO_021","distributed","evergreenForest",40.041022,-105.541760,"WGS84",20.1,2976.6,0.1,"2017-08-17T16:40Z","NIWO.2017.34",,,"drag",160,"N",0,0,0,,"NEON.DOC.014045vH","rvm51PK74p7XDWPCBsSsYgrFDvT+8W3dGarf3CO9Jiw=",
