uid,namedLocation,domainID,siteID,plotID,plotType,nlcdClass,decimalLatitude,decimalLongitude,geodeticDatum,coordinateUncertainty,elevation,elevationUncertainty,collectDate,eventID,sampleID,sampleCode,samplingMethod,totalSampledArea,targetTaxaPresent,adultCount,nymphCount,larvaCount,sampleCondition,samplingProtocolVersion,measuredBy,remarks
"ae944b94-9372-41c3-8a90-533889b77e97","DELA_014.tickPlot.tck","D08","DELA","DELA_014","distributed","evergreenForest",32.530627,-87.819367,"WGS84",20.2,33.0,0.2,"2017-09-14T13:01Z","DELA.2017.38",,,"drag",160,"N",0,0,0,,"NEON.DOC.014045vH","Ty5ktdGiRSqkqUWm9Npw4JAlXmlUMfF/XyCnO5fUs8Q=",
"e1eb4d76-b559-428c-b2a4-352e2546cc55","DELA_005.tickPlot.tck","D08","DELA","DELA_005","distributed","woodyWetlands",32.524379,-87.813851,"WGS84",20.1,27.0,0.3,"2017-09-14T13:45Z","DELA.2017.38",,,"drag",160,"N",0,0,0,,"NEON.DOC.014045vH","Ty5ktdGiRSqkqUWm9Npw4JAlXmlUMfF/XyCnO5fUs8Q=",
"cb2c9cb3-a973-4cbb-844c-9e61821f3787","DELA_001.tickPlot.tck","D08","DELA","DELA_001","distributed","woodyWetlands",32.533269,-87.805425,"WGS84",20.2,27.5,0.3,"2017-09-14T14:43Z","DELA.2017.38",,,"drag",130,"N",0,0,0,,"NEON.DOC.014045vH","LVAPgAv6xh19C/3VJQSXPdnCeq509g5NN3aoB1Pgu+U=",
"31b3e7c6-2ee6-4648-9bec-6efeb6af6c95","DELA_016.tickPlot.tck","D08","DELA","DELA_016","distributed","evergreenForest",32.536850,-87.806995,"WGS84",20.2,23.6,0.3,"2017-09-14T15:17Z","DELA.2017.38",,,"drag",160,"N",0,0,0,,"NEON.DOC.014045vH","LVAPgAv6xh19C/3VJQSXPdnCeq509g5NN3aoB1Pgu+U=",
"baa59697-9613-4b5d-bc04-415bdacdf51d","DELA_008.tickPlot.tck","D08","DELA","DELA_008","distributed","woodyWetlands",32.538884,-87.814145,"WGS84",20.1,24.5,0.2,"2017-09-14T15:53Z","DELA.2017.38",,,"drag and flag",160,"N",0,0,0,,"NEON.DOC.014045vH","BDzq2IAJfRwsrXnG+WJfFzkBkbtaDALAaR+O7WZv4cM=",
"48fe2d02-402d-4a39-ba0e-ed8c87825d0e","DELA_007.tickPlot.tck","D08","DELA","DELA_007","distributed","woodyWetlands",32.538957,-87.799922,"WGS84",20.2,25.7,0.2,"2017-09-14T16:42Z","DELA.2017.38",,,"drag and flag",160,"N",0,0,0,,"NEON.DOC.014045vH","BDzq2IAJfRwsrXnG+WJfFzkBkbtaDALAaR+O7WZv4cM=",
