uid,namedLocation,domainID,siteID,plotID,plotType,nlcdClass,decimalLatitude,decimalLongitude,geodeticDatum,coordinateUncertainty,elevation,elevationUncertainty,collectDate,eventID,sampleID,sampleCode,samplingMethod,totalSampledArea,targetTaxaPresent,adultCount,nymphCount,larvaCount,sampleCondition,samplingProtocolVersion,measuredBy,remarks
"e04274c7-5dd5-4c2d-af1b-4eae86ebc93c","SERC_002.tickPlot.tck","D02","SERC","SERC_002","distributed","deciduousForest",38.896262,-76.558166,"WGS84",20.2,17.0,0.3,"2016-12-01T18:34Z","SERC.2016.48","SERC_002.20161201",,"drag",161,"Y",0,0,1,"No known compromise","NEON.DOC.014045vG","vEBCcEQSSh8r9pJtyJMpi8WPWOrf6mR2",
"4a8b8f76-2d49-4ce6-bd42-18f496ef9104","SERC_012.tickPlot.tck","D02","SERC","SERC_012","distributed","deciduousForest",38.880010,-76.561648,"WGS84",20.2,20.1,0.2,"2016-12-01T19:35Z","SERC.2016.48",,,"drag",160,"N",0,0,0,"No known compromise","NEON.DOC.014045vG","vEBCcEQSSh8r9pJtyJMpi8WPWOrf6mR2",
"b51389ed-65d8-410a-915a-1f355eedbce5","SERC_001.tickPlot.tck","D02","SERC","SERC_001","distributed","deciduousForest",38.868186,-76.535306,"WGS84",20.2,2.1,0.2,"2016-12-01T20:19Z","SERC.2016.48",,,"drag",160,"N",0,0,0,"No known compromise","NEON.DOC.014045vG","vEBCcEQSSh8r9pJtyJMpi8WPWOrf6mR2",
"7cd81a16-1ef4-472f-a5ce-3bf848b6a740","SERC_023.tickPlot.tck","D02","SERC","SERC_023","distributed","cultivatedCrops",38.873978,-76.535925,"WGS84",20.1,6.7,0.1,"2016-12-01T20:58Z","SERC.2016.48",,,"drag",162,"N",0,0,0,"No known compromise","NEON.DOC.014045vG","vEBCcEQSSh8r9pJtyJMpi8WPWOrf6mR2","soybeans harvested recently; very little vegetation remaining"
"ed02d2b4-b0c4-4e49-a178-de5123568f09","SERC_006.tickPlot.tck","D02","SERC","SERC_006","distributed","deciduousForest",38.880025,-76.548376,"WGS84",20.2,2.6,0.3,"2016-12-02T14:33Z","SERC.2016.48","SERC_006.20161202",,"drag",159,"Y",2,0,0,"No known compromise","NEON.DOC.014045vG","vEBCcEQSSh8r9pJtyJMpi8WPWOrf6mR2",
"e8b6ca8c-9a0e-410c-8d00-edc4efca2db0","SERC_005.tickPlot.tck","D02","SERC","SERC_005","distributed","deciduousForest",38.894060,-76.546307,"WGS84",20.3,8.5,0.5,"2016-12-02T15:24Z","SERC.2016.48",,,"drag",116,"N",0,0,0,"No known compromise","NEON.DOC.014045vG","vEBCcEQSSh8r9pJtyJMpi8WPWOrf6mR2",
