uid,namedLocation,date,eventID,domainID,siteID,plotID,subplotID,individualID,tagStatus,growthForm,plantStatus,stemDiameter,measurementHeight,height,baseCrownHeight,breakHeight,breakDiameter,maxCrownDiameter,ninetyCrownDiameter,canopyPosition,shape,basalStemDiameter,basalStemDiameterMsrmntHeight,maxBaseCrownDiameter,ninetyBaseCrownDiameter,remarks,recordedBy,measuredBy,dataQF
"430e8f46-28d9-43fc-ad17-15b52685fa28","ABBY_065.basePlot.vst","2016-11-03","vst_ABBY_2016","D16","ABBY","ABBY_065",,"NEON.PLA.D16.ABBY.00957","ok","single shrub","Live",,,2.3,0.5,,,1.6,1.4,,"ellipsoid or sphere",2.9,10,,,,"XZoPj1u9UmznO7Lakic/e+h3MMLMvbQt","Mvo1bt03JMQGnUSOZfuCuKiPzECGjdoQ","legacyData"
"2720e255-b8dc-439e-b16b-979dc094ed08","ABBY_065.basePlot.vst","2016-11-03","vst_ABBY_2016","D16","ABBY","ABBY_065",,"NEON.PLA.D16.ABBY.00593","ok","sapling","Live",,,1.2,,,,,,,,1.8,10,,,,"XZoPj1u9UmznO7Lakic/e+h3MMLMvbQt","Mvo1bt03JMQGnUSOZfuCuKiPzECGjdoQ","legacyData"
"f4f59c96-671c-4bb5-8546-fe9d2b4e4721","ABBY_065.basePlot.vst","2016-11-03","vst_ABBY_2016","D16","ABBY","ABBY_065",,"NEON.PLA.D16.ABBY.01116","ok","single shrub","Live",,,3.8,,,,1.3,1.1,,"inverted cone",2.1,10,0.60,0.60,,"AXuY4z5ddzGYVtlYIFbF04ZbSE1d77qu","44cxFOBMZI22hWVpb15dHmbzDXzecVK4","legacyData"
"97bfab22-334d-4e57-aa1a-649cd43760ab","ABBY_065.basePlot.vst","2016-11-03","vst_ABBY_2016","D16","ABBY","ABBY_065",,"NEON.PLA.D16.ABBY.00983","ok","single shrub","Live",,,1.9,0.6,,,1.6,0.0,,"ellipsoid or sphere",1.1,10,,,,"XZoPj1u9UmznO7Lakic/e+h3MMLMvbQt","Mvo1bt03JMQGnUSOZfuCuKiPzECGjdoQ","legacyData"
"6b248ed5-a04f-431b-80c6-656329ab3c81","ABBY_065.basePlot.vst","2016-11-03","vst_ABBY_2016","D16","ABBY","ABBY_065",,"NEON.PLA.D16.ABBY.00592","ok","sapling","Live",,,1.5,,,,,,,,1.8,10,,,,"XZoPj1u9UmznO7Lakic/e+h3MMLMvbQt","Mvo1bt03JMQGnUSOZfuCuKiPzECGjdoQ","legacyData"
"3132d96c-6b49-44fd-8fe9-50ba6ca43627","ABBY_065.basePlot.vst","2016-11-03","vst_ABBY_2016","D16","ABBY","ABBY_065",,"NEON.PLA.D16.ABBY.01106","ok","sapling","Live",,,2.1,,,,,,,,1.8,10,,,,"AXuY4z5ddzGYVtlYIFbF04ZbSE1d77qu","44cxFOBMZI22hWVpb15dHmbzDXzecVK4","legacyData"
"b263cd0d-1ebd-4771-9fa1-36c439625d0f","ABBY_065.basePlot.vst","2016-11-03","vst_ABBY_2016","D16","ABBY","ABBY_065",,"NEON.PLA.D16.ABBY.00596","ok","sapling","Live",,,0.9,,,,,,,,1.1,10,,,,"AXuY4z5ddzGYVtlYIFbF04ZbSE1d77qu","44cxFOBMZI22hWVpb15dHmbzDXzecVK4","legacyData"
"06746c59-1f05-4183-819d-637e48b1e60d","ABBY_065.basePlot.vst","2016-11-03","vst_ABBY_2016","D16","ABBY","ABBY_065",,"NEON.PLA.D16.ABBY.01113","ok","small shrub","Live",,,1.5,,,,0.9,0.7,,"inverted cone",1.1,10,0.70,0.50,,"AXuY4z5ddzGYVtlYIFbF04ZbSE1d77qu","44cxFOBMZI22hWVpb15dHmbzDXzecVK4","legacyData"
"9b3646d7-5b05-4127-8743-5e0a4c14c468","ABBY_065.basePlot.vst","2016-11-03","vst_ABBY_2016","D16","ABBY","ABBY_065",,"NEON.PLA.D16.ABBY.00590","ok","small tree","Live",6.2,130,5.0,,,,1.8,,,,1.8,,,,,"XZoPj1u9UmznO7Lakic/e+h3MMLMvbQt","Mvo1bt03JMQGnUSOZfuCuKiPzECGjdoQ","legacyData"
"97d891aa-ee97-43cb-b51a-895fa412915d","ABBY_065.basePlot.vst","2016-11-03","vst_ABBY_2016","D16","ABBY","ABBY_065",,"NEON.PLA.D16.ABBY.00981","ok","sapling","Live",,,1.4,,,,,,,,1.3,10,,,,"XZoPj1u9UmznO7Lakic/e+h3MMLMvbQt","Mvo1bt03JMQGnUSOZfuCuKiPzECGjdoQ","legacyData"
"d20cc738-25d4-433b-b4ae-9b1c59abe507","ABBY_065.basePlot.vst","2016-11-03","vst_ABBY_2016","D16","ABBY","ABBY_065",,"NEON.PLA.D16.ABBY.01116","ok","single shrub","Live",1.4,130,3.8,,,,1.3,1.1,,"inverted cone",2.7,10,0.60,0.60,,"AXuY4z5ddzGYVtlYIFbF04ZbSE1d77qu","44cxFOBMZI22hWVpb15dHmbzDXzecVK4","legacyData"
"8955daa9-67fe-49ce-9c9f-90b57de5ddb0","ABBY_065.basePlot.vst","2016-11-03","vst_ABBY_2016","D16","ABBY","ABBY_065",,"NEON.PLA.D16.ABBY.00983","ok","single shrub","Live",1.0,130,1.9,0.6,,,1.6,0.0,,"ellipsoid or sphere",1.6,,,,,"XZoPj1u9UmznO7Lakic/e+h3MMLMvbQt","Mvo1bt03JMQGnUSOZfuCuKiPzECGjdoQ","legacyData"
"9404f331-3111-436d-a485-9113aff1fd85","ABBY_065.basePlot.vst","2016-11-03","vst_ABBY_2016","D16","ABBY","ABBY_065",,"NEON.PLA.D16.ABBY.01106","ok","sapling","Live",,,2.1,,,,,,,,2.4,10,,,,"AXuY4z5ddzGYVtlYIFbF04ZbSE1d77qu","44cxFOBMZI22hWVpb15dHmbzDXzecVK4","legacyData"
"9ba68c74-36c3-469a-b5de-15288cd97071","ABBY_065.basePlot.vst","2016-11-03","vst_ABBY_2016","D16","ABBY","ABBY_065",,"NEON.PLA.D16.ABBY.00594","ok","sapling","Live",,,1.7,,,,,,,,2.5,10,,,,"AXuY4z5ddzGYVtlYIFbF04ZbSE1d77qu","44cxFOBMZI22hWVpb15dHmbzDXzecVK4","legacyData"
"cb3e8fd6-c948-41e2-a573-1181e11c820a","ABBY_065.basePlot.vst","2016-11-03","vst_ABBY_2016","D16","ABBY","ABBY_065",,"NEON.PLA.D16.ABBY.00960","ok","small shrub","Live",,,1.4,0.3,,,0.8,0.5,,"ellipsoid or sphere",1.0,10,,,,"XZoPj1u9UmznO7Lakic/e+h3MMLMvbQt","Mvo1bt03JMQGnUSOZfuCuKiPzECGjdoQ","legacyData"
"4def6eac-b21c-4f38-9cda-6634ee8cdfbe","ABBY_065.basePlot.vst","2016-11-03","vst_ABBY_2016","D16","ABBY","ABBY_065",,"NEON.PLA.D16.ABBY.00961","ok","small tree","Live",1.5,135,2.2,,,,,,,,,,,,,"XZoPj1u9UmznO7Lakic/e+h3MMLMvbQt","Mvo1bt03JMQGnUSOZfuCuKiPzECGjdoQ","legacyData"
"c455266a-2df7-4e6d-957e-cf72582501fb","ABBY_065.basePlot.vst","2016-11-03","vst_ABBY_2016","D16","ABBY","ABBY_065",,"NEON.PLA.D16.ABBY.01118","ok","small tree","Live",6.3,130,5.0,,,,,,,,,,,,,"AXuY4z5ddzGYVtlYIFbF04ZbSE1d77qu","44cxFOBMZI22hWVpb15dHmbzDXzecVK4","legacyData"
"f822e9c8-488a-4e62-9923-23deecb8c34c","ABBY_065.basePlot.vst","2016-11-03","vst_ABBY_2016","D16","ABBY","ABBY_065",,"NEON.PLA.D16.ABBY.01108","ok","small tree","Live",5.6,130,4.5,,,,,,,,,,,,,"AXuY4z5ddzGYVtlYIFbF04ZbSE1d77qu","44cxFOBMZI22hWVpb15dHmbzDXzecVK4","legacyData"
"a9b35664-283f-4a77-8e3c-c4dbab5cb5c9","ABBY_065.basePlot.vst","2016-11-03","vst_ABBY_2016","D16","ABBY","ABBY_065",,"NEON.PLA.D16.ABBY.01111","ok","sapling","Live",,,1.2,,,,,,,,1.1,10,,,,"AXuY4z5ddzGYVtlYIFbF04ZbSE1d77qu","44cxFOBMZI22hWVpb15dHmbzDXzecVK4","legacyData"
"2ce3f4cb-7ab6-4af2-a59d-17c9c1a639db","ABBY_065.basePlot.vst","2016-11-03","vst_ABBY_2016","D16","ABBY","ABBY_065",,"NEON.PLA.D16.ABBY.00957","ok","single shrub","Live",,,2.3,0.5,,,1.6,1.4,,"ellipsoid or sphere",1.5,10,,,,"XZoPj1u9UmznO7Lakic/e+h3MMLMvbQt","Mvo1bt03JMQGnUSOZfuCuKiPzECGjdoQ","legacyData"
"a75f3075-0bf2-49d2-8f1d-6fa9623ca1d8","ABBY_065.basePlot.vst","2016-11-03","vst_ABBY_2016","D16","ABBY","ABBY_065",,"NEON.PLA.D16.ABBY.00958","ok","sapling","Live",,,1.2,,,,,,,,1.3,10,,,,"XZoPj1u9UmznO7Lakic/e+h3MMLMvbQt","Mvo1bt03JMQGnUSOZfuCuKiPzECGjdoQ","legacyData"
"68f9b291-ae7b-446d-916e-29005dc8faf8","ABBY_065.basePlot.vst","2016-11-03","vst_ABBY_2016","D16","ABBY","ABBY_065",,"NEON.PLA.D16.ABBY.01113","ok","small shrub","Live",,,1.5,,,,0.9,0.7,,"inverted cone",1.1,10,0.70,0.50,,"AXuY4z5ddzGYVtlYIFbF04ZbSE1d77qu","44cxFOBMZI22hWVpb15dHmbzDXzecVK4","legacyData"
"b8e4e1a3-5c14-4634-a15f-2f5271df4f2d","ABBY_065.basePlot.vst","2016-11-03","vst_ABBY_2016","D16","ABBY","ABBY_065",,"NEON.PLA.D16.ABBY.00957","ok","single shrub","Live",,,2.3,0.5,,,1.6,1.4,,"ellipsoid or sphere",2.1,10,,,,"XZoPj1u9UmznO7Lakic/e+h3MMLMvbQt","Mvo1bt03JMQGnUSOZfuCuKiPzECGjdoQ","legacyData"
"e8c310d8-dcd6-4a82-9de2-3ac53c6f1748","ABBY_065.basePlot.vst","2016-11-03","vst_ABBY_2016","D16","ABBY","ABBY_065",,"NEON.PLA.D16.ABBY.01115","ok","small shrub","Live",,,1.6,,,,0.6,0.4,,"cylinder",1.1,10,,,,"AXuY4z5ddzGYVtlYIFbF04ZbSE1d77qu","44cxFOBMZI22hWVpb15dHmbzDXzecVK4","legacyData"
"08531bdc-6a16-4f1a-8a00-8bf704f0312f","ABBY_065.basePlot.vst","2016-11-03","vst_ABBY_2016","D16","ABBY","ABBY_065",,"NEON.PLA.D16.ABBY.01113","ok","small shrub","Live",,,1.5,,,,0.9,0.7,,"inverted cone",1.0,10,0.70,0.50,,"AXuY4z5ddzGYVtlYIFbF04ZbSE1d77qu","44cxFOBMZI22hWVpb15dHmbzDXzecVK4","legacyData"
"ae331a4c-3c99-499e-ab6f-23eaa40f5652","ABBY_065.basePlot.vst","2016-11-03","vst_ABBY_2016","D16","ABBY","ABBY_065",,"NEON.PLA.D16.ABBY.00983","ok","single shrub","Live",,,1.9,0.6,,,1.6,0.0,,"ellipsoid or sphere",1.3,10,,,,"XZoPj1u9UmznO7Lakic/e+h3MMLMvbQt","Mvo1bt03JMQGnUSOZfuCuKiPzECGjdoQ","legacyData"
"0e5fb678-5d13-44d5-abcb-339f9b9eb394","ABBY_065.basePlot.vst","2016-11-03","vst_ABBY_2016","D16","ABBY","ABBY_065",,"NEON.PLA.D16.ABBY.00957","ok","single shrub","Live",,,2.3,0.5,,,1.6,1.4,,"ellipsoid or sphere",1.7,10,,,,"XZoPj1u9UmznO7Lakic/e+h3MMLMvbQt","Mvo1bt03JMQGnUSOZfuCuKiPzECGjdoQ","legacyData"
"4e8c77a9-1279-4c02-bb50-d96140eec418","ABBY_065.basePlot.vst","2016-11-03","vst_ABBY_2016","D16","ABBY","ABBY_065",,"NEON.PLA.D16.ABBY.01113","ok","small shrub","Live",,,1.5,,,,0.9,0.7,,"inverted cone",1.2,10,0.70,0.50,,"AXuY4z5ddzGYVtlYIFbF04ZbSE1d77qu","44cxFOBMZI22hWVpb15dHmbzDXzecVK4","legacyData"
"3041c318-9326-49c8-98c1-b403b25fa38c","ABBY_065.basePlot.vst","2016-11-03","vst_ABBY_2016","D16","ABBY","ABBY_065",,"NEON.PLA.D16.ABBY.01122","ok","small tree","Live",2.1,130,3.2,,,,,,,,,,,,,"AXuY4z5ddzGYVtlYIFbF04ZbSE1d77qu","44cxFOBMZI22hWVpb15dHmbzDXzecVK4","legacyData"
"faa4de6c-42c8-4981-be14-39afc7eb0837","ABBY_065.basePlot.vst","2016-11-03","vst_ABBY_2016","D16","ABBY","ABBY_065",,"NEON.PLA.D16.ABBY.00957","ok","single shrub","Live",1.2,130,2.3,0.5,,,1.6,1.4,,"ellipsoid or sphere",1.9,10,,,,"XZoPj1u9UmznO7Lakic/e+h3MMLMvbQt","Mvo1bt03JMQGnUSOZfuCuKiPzECGjdoQ","legacyData"
"83435a21-3bcc-4cdc-b7c4-632f339c9d3a","ABBY_065.basePlot.vst","2016-11-03","vst_ABBY_2016","D16","ABBY","ABBY_065",,"NEON.PLA.D16.ABBY.00980","ok","sapling","Live",,,1.5,,,,,,,,1.5,10,,,,"XZoPj1u9UmznO7Lakic/e+h3MMLMvbQt","Mvo1bt03JMQGnUSOZfuCuKiPzECGjdoQ","legacyData"
"8c8d31c7-899b-4132-9a76-ce8b48786ac1","ABBY_065.basePlot.vst","2016-11-03","vst_ABBY_2016","D16","ABBY","ABBY_065",,"NEON.PLA.D16.ABBY.00984","ok","small tree","Live",1.1,130,2.8,,,,,,,,,,,,,"XZoPj1u9UmznO7Lakic/e+h3MMLMvbQt","Mvo1bt03JMQGnUSOZfuCuKiPzECGjdoQ","legacyData"
"5346e23f-b6b8-4f58-87e4-d344fef07716","ABBY_065.basePlot.vst","2016-11-03","vst_ABBY_2016","D16","ABBY","ABBY_065",,"NEON.PLA.D16.ABBY.01106","ok","sapling","Live",,,2.1,,,,,,,,1.8,10,,,,"AXuY4z5ddzGYVtlYIFbF04ZbSE1d77qu","44cxFOBMZI22hWVpb15dHmbzDXzecVK4","legacyData"
"581ea29b-38d1-42fd-93fc-bf4749250a4e","ABBY_065.basePlot.vst","2016-11-03","vst_ABBY_2016","D16","ABBY","ABBY_065",,"NEON.PLA.D16.ABBY.01112","ok","sapling","Live",,,1.2,,,,,,,,1.7,10,,,,"AXuY4z5ddzGYVtlYIFbF04ZbSE1d77qu","44cxFOBMZI22hWVpb15dHmbzDXzecVK4","legacyData"
"bf17982d-48fe-4336-9b33-77cd0013b3e1","ABBY_065.basePlot.vst","2016-11-03","vst_ABBY_2016","D16","ABBY","ABBY_065",,"NEON.PLA.D16.ABBY.01116","ok","single shrub","Live",,,3.8,,,,1.3,1.1,,"inverted cone",2.6,10,0.60,0.60,,"AXuY4z5ddzGYVtlYIFbF04ZbSE1d77qu","44cxFOBMZI22hWVpb15dHmbzDXzecVK4","legacyData"
"ffd9e90f-ed39-4796-be89-d39d64b7bf75","ABBY_065.basePlot.vst","2016-11-03","vst_ABBY_2016","D16","ABBY","ABBY_065",,"NEON.PLA.D16.ABBY.00959","ok","sapling","Live",,,1.4,,,,,,,,1.4,10,,,,"XZoPj1u9UmznO7Lakic/e+h3MMLMvbQt","Mvo1bt03JMQGnUSOZfuCuKiPzECGjdoQ","legacyData"
"2d98d779-4fe9-41a8-83f2-cddb3cecdca6","ABBY_065.basePlot.vst","2016-11-03","vst_ABBY_2016","D16","ABBY","ABBY_065",,"NEON.PLA.D16.ABBY.00463","ok","small tree","Live",2.6,130,2.7,,,,,,,,,,,,,"XZoPj1u9UmznO7Lakic/e+h3MMLMvbQt","Mvo1bt03JMQGnUSOZfuCuKiPzECGjdoQ","legacyData"
"2b4fd8e2-0a34-4ae1-9980-e651e1f856ff","ABBY_065.basePlot.vst","2016-11-03","vst_ABBY_2016","D16","ABBY","ABBY_065",,"NEON.PLA.D16.ABBY.00957","ok","single shrub","Live",,,2.3,0.5,,,1.6,1.4,,"ellipsoid or sphere",1.3,,,,,"XZoPj1u9UmznO7Lakic/e+h3MMLMvbQt","Mvo1bt03JMQGnUSOZfuCuKiPzECGjdoQ","legacyData"
"6062618c-980b-47ac-ae39-226062d59b66","ABBY_065.basePlot.vst","2016-11-03","vst_ABBY_2016","D16","ABBY","ABBY_065",,"NEON.PLA.D16.ABBY.01117","ok","sapling","Live",,,1.5,,,,,,,,1.8,10,,,,"AXuY4z5ddzGYVtlYIFbF04ZbSE1d77qu","44cxFOBMZI22hWVpb15dHmbzDXzecVK4","legacyData"
"50806d54-0908-4265-886b-98ad447b444c","ABBY_065.basePlot.vst","2016-11-03","vst_ABBY_2016","D16","ABBY","ABBY_065",,"NEON.PLA.D16.ABBY.01120","ok","small tree","Live",2.1,130,3.2,,,,,,,,,,,,,"AXuY4z5ddzGYVtlYIFbF04ZbSE1d77qu","44cxFOBMZI22hWVpb15dHmbzDXzecVK4","legacyData"
"3d96b36b-c034-4607-bd6d-78746bc00354","ABBY_065.basePlot.vst","2016-11-03","vst_ABBY_2016","D16","ABBY","ABBY_065",,"NEON.PLA.D16.ABBY.01110","ok","small tree","Live",1.9,130,2.8,,,,,,,,,,,,,"AXuY4z5ddzGYVtlYIFbF04ZbSE1d77qu","44cxFOBMZI22hWVpb15dHmbzDXzecVK4","legacyData"
"e601b78f-9f1a-4b06-9924-6100726c981b","ABBY_065.basePlot.vst","2016-11-03","vst_ABBY_2016","D16","ABBY","ABBY_065",,"NEON.PLA.D16.ABBY.01114","ok","sapling","Live",,,0.9,,,,,,,,2.6,10,,,,"AXuY4z5ddzGYVtlYIFbF04ZbSE1d77qu","44cxFOBMZI22hWVpb15dHmbzDXzecVK4","legacyData"
"fa779837-9986-4615-bb60-55a4d3eded23","ABBY_065.basePlot.vst","2016-11-03","vst_ABBY_2016","D16","ABBY","ABBY_065",,"NEON.PLA.D16.ABBY.00591","ok","small tree","Live",2.3,130,2.7,,,,,,,,,,,,,"XZoPj1u9UmznO7Lakic/e+h3MMLMvbQt","Mvo1bt03JMQGnUSOZfuCuKiPzECGjdoQ","legacyData"
"99744ccb-9e79-4e6f-b2c6-24208865c30b","ABBY_065.basePlot.vst","2016-11-03","vst_ABBY_2016","D16","ABBY","ABBY_065",,"NEON.PLA.D16.ABBY.01107","ok","sapling","Live",,,1.1,,,,,,,,1.0,10,,,,"AXuY4z5ddzGYVtlYIFbF04ZbSE1d77qu","44cxFOBMZI22hWVpb15dHmbzDXzecVK4","legacyData"
"cbb6c74b-ef58-4746-ab3a-0803afa1c343","ABBY_065.basePlot.vst","2016-11-03","vst_ABBY_2016","D16","ABBY","ABBY_065",,"NEON.PLA.D16.ABBY.01109","ok","small tree","Live",5.5,130,4.4,,,,,,,,,,,,,"AXuY4z5ddzGYVtlYIFbF04ZbSE1d77qu","44cxFOBMZI22hWVpb15dHmbzDXzecVK4","legacyData"
"cf32e510-c3fb-4e40-941f-b3d5fb46096a","ABBY_065.basePlot.vst","2016-11-03","vst_ABBY_2016","D16","ABBY","ABBY_065",,"NEON.PLA.D16.ABBY.00595","ok","small tree","Live",5.2,130,4.3,,,,,,,,,,,,,"AXuY4z5ddzGYVtlYIFbF04ZbSE1d77qu","44cxFOBMZI22hWVpb15dHmbzDXzecVK4","legacyData"
"9fa907bf-599a-41ff-a00f-b2e557110879","ABBY_065.basePlot.vst","2016-11-03","vst_ABBY_2016","D16","ABBY","ABBY_065",,"NEON.PLA.D16.ABBY.01121","ok","small tree","Live",3.1,130,3.3,,,,,,,,,,,,,"AXuY4z5ddzGYVtlYIFbF04ZbSE1d77qu","44cxFOBMZI22hWVpb15dHmbzDXzecVK4","legacyData"
"89d7bdc0-ea8b-4e81-a2e8-a9477c138e3d","ABBY_065.basePlot.vst","2016-11-03","vst_ABBY_2016","D16","ABBY","ABBY_065",,"NEON.PLA.D16.ABBY.00957","ok","single shrub","Live",,,2.3,0.5,,,1.6,1.4,,"ellipsoid or sphere",1.0,10,,,,"XZoPj1u9UmznO7Lakic/e+h3MMLMvbQt","Mvo1bt03JMQGnUSOZfuCuKiPzECGjdoQ","legacyData"
"f093b7ae-165d-402b-b216-816089de5490","ABBY_065.basePlot.vst","2016-11-03","vst_ABBY_2016","D16","ABBY","ABBY_065",,"NEON.PLA.D16.ABBY.00982","ok","sapling","Live",,,0.6,,,,1.5,,,,1.5,10,,,,"XZoPj1u9UmznO7Lakic/e+h3MMLMvbQt","Mvo1bt03JMQGnUSOZfuCuKiPzECGjdoQ","legacyData"
"a1b92a65-f8a5-40b0-af3f-f0cb8a1032fa","ABBY_065.basePlot.vst","2016-11-03","vst_ABBY_2016","D16","ABBY","ABBY_065",,"NEON.PLA.D16.ABBY.00983","ok","single shrub","Live",,,1.9,0.6,,,1.6,0.0,,"ellipsoid or sphere",1.2,10,,,,"XZoPj1u9UmznO7Lakic/e+h3MMLMvbQt","Mvo1bt03JMQGnUSOZfuCuKiPzECGjdoQ","legacyData"
"749cf361-f1e7-4d12-9d65-6b34b5ac0e5a","ABBY_065.basePlot.vst","2016-11-03","vst_ABBY_2016","D16","ABBY","ABBY_065",,"NEON.PLA.D16.ABBY.00597","ok","small tree","Live",6.0,130,4.9,,,,,,,,,,,,,"AXuY4z5ddzGYVtlYIFbF04ZbSE1d77qu","44cxFOBMZI22hWVpb15dHmbzDXzecVK4","legacyData"
"a92fa139-c088-4e12-ac00-8b8aa383653c","ABBY_065.basePlot.vst","2016-11-03","vst_ABBY_2016","D16","ABBY","ABBY_065",,"NEON.PLA.D16.ABBY.00957","ok","single shrub","Live",,,2.3,0.5,,,1.6,1.4,,"ellipsoid or sphere",1.2,10,,,,"XZoPj1u9UmznO7Lakic/e+h3MMLMvbQt","Mvo1bt03JMQGnUSOZfuCuKiPzECGjdoQ","legacyData"
"c6042409-a000-498f-9835-849a0cd51c2b","ABBY_065.basePlot.vst","2016-11-03","vst_ABBY_2016","D16","ABBY","ABBY_065",,"NEON.PLA.D16.ABBY.01113","ok","small shrub","Live",,,1.5,,,,0.9,0.7,,"inverted cone",1.0,10,0.70,0.50,,"AXuY4z5ddzGYVtlYIFbF04ZbSE1d77qu","44cxFOBMZI22hWVpb15dHmbzDXzecVK4","legacyData"
"bd591fc2-ae97-4a06-a921-b0d670704542","ABBY_065.basePlot.vst","2016-11-03","vst_ABBY_2016","D16","ABBY","ABBY_065",,"NEON.PLA.D16.ABBY.00983","ok","single shrub","Live",,,1.9,0.6,,,1.6,0.0,,"ellipsoid or sphere",1.5,10,,,,"XZoPj1u9UmznO7Lakic/e+h3MMLMvbQt","Mvo1bt03JMQGnUSOZfuCuKiPzECGjdoQ","legacyData"
"930532c0-736c-4119-b5de-4c6906dbd433","ABBY_065.basePlot.vst","2016-11-04","vst_ABBY_2016","D16","ABBY","ABBY_065",,"NEON.PLA.D16.ABBY.01124","ok","sapling","Live",,,0.7,,,,,,,,1.7,10,,,,"AXuY4z5ddzGYVtlYIFbF04ZbSE1d77qu","XZoPj1u9UmznO7Lakic/e+h3MMLMvbQt","legacyData"
"e56d41f6-398c-4c24-8db7-ca41bb5ebaac","ABBY_065.basePlot.vst","2016-11-04","vst_ABBY_2016","D16","ABBY","ABBY_065",,"NEON.PLA.D16.ABBY.01193","ok","small tree","Live",1.1,130,1.9,,,,,,,,,,,,,"AXuY4z5ddzGYVtlYIFbF04ZbSE1d77qu","XZoPj1u9UmznO7Lakic/e+h3MMLMvbQt","legacyData"
"a7bc8f8f-a884-42eb-8c11-8c3b08dff500","ABBY_065.basePlot.vst","2016-11-04","vst_ABBY_2016","D16","ABBY","ABBY_065",,"NEON.PLA.D16.ABBY.00985","ok","small tree","Live",1.0,130,2.0,,,,,,,,,,,,,"AXuY4z5ddzGYVtlYIFbF04ZbSE1d77qu","XZoPj1u9UmznO7Lakic/e+h3MMLMvbQt","legacyData"
"7fd8e212-3ed2-433e-8efe-fc2c7b7f8da9","ABBY_065.basePlot.vst","2016-11-04","vst_ABBY_2016","D16","ABBY","ABBY_065",,"NEON.PLA.D16.ABBY.01132","ok","small tree","Live",9.0,130,5.9,,,,,,,,,,,,,"AXuY4z5ddzGYVtlYIFbF04ZbSE1d77qu","XZoPj1u9UmznO7Lakic/e+h3MMLMvbQt","legacyData"
"4139a62d-33bd-4b91-b2c1-1031833d9ffb","ABBY_065.basePlot.vst","2016-11-04","vst_ABBY_2016","D16","ABBY","ABBY_065",,"NEON.PLA.D16.ABBY.01131","ok","small shrub","Live",,,1.7,,,,0.7,0.6,,"inverted cone",1.5,10,0.60,0.40,,"AXuY4z5ddzGYVtlYIFbF04ZbSE1d77qu","XZoPj1u9UmznO7Lakic/e+h3MMLMvbQt","legacyData"
"d2293e54-07a5-4bec-bfb6-ebebbe606fc0","ABBY_065.basePlot.vst","2016-11-04","vst_ABBY_2016","D16","ABBY","ABBY_065",,"NEON.PLA.D16.ABBY.01119","ok","single shrub","Live",1.7,130,3.1,,,,2.0,1.8,,"inverted cone",3.0,10,1.10,1.10,,"AXuY4z5ddzGYVtlYIFbF04ZbSE1d77qu","XZoPj1u9UmznO7Lakic/e+h3MMLMvbQt","legacyData"
"5df4cc10-e6d0-49bd-adfe-7ca1e0ac78d7","ABBY_065.basePlot.vst","2016-11-04","vst_ABBY_2016","D16","ABBY","ABBY_065",,"NEON.PLA.D16.ABBY.01119","ok","single shrub","Live",1.0,130,3.1,,,,2.0,1.8,,"inverted cone",1.6,10,1.10,1.10,,"AXuY4z5ddzGYVtlYIFbF04ZbSE1d77qu","XZoPj1u9UmznO7Lakic/e+h3MMLMvbQt","legacyData"
"527b0997-8c7a-47ab-ae1a-4b8ca6164ba8","ABBY_065.basePlot.vst","2016-11-04","vst_ABBY_2016","D16","ABBY","ABBY_065",,"NEON.PLA.D16.ABBY.01119","ok","single shrub","Live",1.4,130,3.1,,,,2.0,1.8,,"inverted cone",2.5,10,1.10,1.10,,"AXuY4z5ddzGYVtlYIFbF04ZbSE1d77qu","XZoPj1u9UmznO7Lakic/e+h3MMLMvbQt","legacyData"
"5f56cf8a-7857-44fc-a73a-ed2c767e4a2c","ABBY_065.basePlot.vst","2016-11-04","vst_ABBY_2016","D16","ABBY","ABBY_065",,"NEON.PLA.D16.ABBY.00985","ok","small tree","Live",1.4,10,2.0,,,,,,,,,,,,,"AXuY4z5ddzGYVtlYIFbF04ZbSE1d77qu","XZoPj1u9UmznO7Lakic/e+h3MMLMvbQt","legacyData"
"c390f7f5-7c86-4dc9-a873-ce860d2e5a11","ABBY_065.basePlot.vst","2016-11-04","vst_ABBY_2016","D16","ABBY","ABBY_065",,"NEON.PLA.D16.ABBY.01187","ok","small shrub","Live",,,1.7,0.6,,,0.9,0.5,,"ellipsoid or sphere",1.2,10,,,,"AXuY4z5ddzGYVtlYIFbF04ZbSE1d77qu","XZoPj1u9UmznO7Lakic/e+h3MMLMvbQt","legacyData"
"1e2adbac-9005-4d63-b125-982fa274b2cc","ABBY_065.basePlot.vst","2016-11-04","vst_ABBY_2016","D16","ABBY","ABBY_065",,"NEON.PLA.D16.ABBY.00985","ok","small tree","Live",1.2,130,2.0,,,,,,,,,,,,,"AXuY4z5ddzGYVtlYIFbF04ZbSE1d77qu","XZoPj1u9UmznO7Lakic/e+h3MMLMvbQt","legacyData"
"4f55f10c-3b04-47c5-9cd3-da8fba84f2e4","ABBY_065.basePlot.vst","2016-11-04","vst_ABBY_2016","D16","ABBY","ABBY_065",,"NEON.PLA.D16.ABBY.01189","ok","sapling","Live",,,1.5,,,,,,,,1.8,10,,,,"AXuY4z5ddzGYVtlYIFbF04ZbSE1d77qu","XZoPj1u9UmznO7Lakic/e+h3MMLMvbQt","legacyData"
"86afae95-2e88-4cbc-9e5e-f88d214ecacc","ABBY_065.basePlot.vst","2016-11-04","vst_ABBY_2016","D16","ABBY","ABBY_065",,"NEON.PLA.D16.ABBY.00985","ok","small tree","Live",1.2,10,2.0,,,,,,,,,,,,,"AXuY4z5ddzGYVtlYIFbF04ZbSE1d77qu","XZoPj1u9UmznO7Lakic/e+h3MMLMvbQt","legacyData"
"41c47f02-c2d5-4339-b3e1-5abedb49cd3c","ABBY_065.basePlot.vst","2016-11-04","vst_ABBY_2016","D16","ABBY","ABBY_065",,"NEON.PLA.D16.ABBY.01119","ok","single shrub","Live",,,3.1,,,,2.0,1.8,,"inverted cone",1.5,10,1.10,1.10,,"AXuY4z5ddzGYVtlYIFbF04ZbSE1d77qu","XZoPj1u9UmznO7Lakic/e+h3MMLMvbQt","legacyData"
"5608886d-0f28-48bc-9e33-7959388f21aa","ABBY_065.basePlot.vst","2016-11-04","vst_ABBY_2016","D16","ABBY","ABBY_065",,"NEON.PLA.D16.ABBY.00985","ok","small tree","Live",1.0,130,2.0,,,,,,,,,,,,,"AXuY4z5ddzGYVtlYIFbF04ZbSE1d77qu","XZoPj1u9UmznO7Lakic/e+h3MMLMvbQt","legacyData"
"ec7ef88d-8edf-4dd9-97fe-69b6300d14f6","ABBY_065.basePlot.vst","2016-11-04","vst_ABBY_2016","D16","ABBY","ABBY_065",,"NEON.PLA.D16.ABBY.01182","ok","sapling","Live",,,0.6,,,,,,,,1.9,10,,,,"AXuY4z5ddzGYVtlYIFbF04ZbSE1d77qu","XZoPj1u9UmznO7Lakic/e+h3MMLMvbQt","legacyData"
"7347baad-1a40-4510-9487-59e094c8df1a","ABBY_065.basePlot.vst","2016-11-04","vst_ABBY_2016","D16","ABBY","ABBY_065",,"NEON.PLA.D16.ABBY.00985","ok","small tree","Live",1.0,130,2.0,,,,,,,,,,,,,"AXuY4z5ddzGYVtlYIFbF04ZbSE1d77qu","XZoPj1u9UmznO7Lakic/e+h3MMLMvbQt","legacyData"
"084bf08f-23d0-40f5-adce-b1048d5f7d41","ABBY_065.basePlot.vst","2016-11-04","vst_ABBY_2016","D16","ABBY","ABBY_065",,"NEON.PLA.D16.ABBY.01127","ok","small shrub","Live",,,1.4,,,,1.4,0.6,,"oblate half-sphere",1.1,10,,,,"AXuY4z5ddzGYVtlYIFbF04ZbSE1d77qu","XZoPj1u9UmznO7Lakic/e+h3MMLMvbQt","legacyData"
"a0414f7c-2dc1-493c-a9b6-1fd4d99f6b5d","ABBY_065.basePlot.vst","2016-11-04","vst_ABBY_2016","D16","ABBY","ABBY_065",,"NEON.PLA.D16.ABBY.00985","ok","small tree","Live",1.0,10,2.0,,,,,,,,,,,,,"AXuY4z5ddzGYVtlYIFbF04ZbSE1d77qu","XZoPj1u9UmznO7Lakic/e+h3MMLMvbQt","legacyData"
"6cf255b1-cba0-4a0f-8aac-082fab947fa7","ABBY_065.basePlot.vst","2016-11-04","vst_ABBY_2016","D16","ABBY","ABBY_065",,"NEON.PLA.D16.ABBY.00589","ok","single bole tree","Live",67.1,130,47.0,,,,,,,,,,,,,"AXuY4z5ddzGYVtlYIFbF04ZbSE1d77qu","Mvo1bt03JMQGnUSOZfuCuKiPzECGjdoQ","legacyData"
"bf81f9ea-296b-4d15-b99c-54194104de46","ABBY_065.basePlot.vst","2016-11-04","vst_ABBY_2016","D16","ABBY","ABBY_065",,"NEON.PLA.D16.ABBY.00985","ok","small tree","Live",1.2,130,2.0,,,,,,,,,,,,,"AXuY4z5ddzGYVtlYIFbF04ZbSE1d77qu","XZoPj1u9UmznO7Lakic/e+h3MMLMvbQt","legacyData"
"5e8743e5-df14-4345-bd24-9e7f566afec9","ABBY_065.basePlot.vst","2016-11-04","vst_ABBY_2016","D16","ABBY","ABBY_065",,"NEON.PLA.D16.ABBY.01129","ok","small tree","Live",1.3,130,2.3,,,,,,,,,,,,,"AXuY4z5ddzGYVtlYIFbF04ZbSE1d77qu","XZoPj1u9UmznO7Lakic/e+h3MMLMvbQt","legacyData"
"e67163ae-e9bf-4ee8-b5e5-5007fe55b536","ABBY_065.basePlot.vst","2016-11-04","vst_ABBY_2016","D16","ABBY","ABBY_065",,"NEON.PLA.D16.ABBY.01123","ok","sapling","Live, physically damaged",,,0.5,,,,,,,,1.0,15,,,"No remarks recorded","AXuY4z5ddzGYVtlYIFbF04ZbSE1d77qu","XZoPj1u9UmznO7Lakic/e+h3MMLMvbQt","legacyData"
"fc433b5e-c7f3-43f0-bfeb-9bad35d68c2c","ABBY_065.basePlot.vst","2016-11-04","vst_ABBY_2016","D16","ABBY","ABBY_065",,"NEON.PLA.D16.ABBY.01119","ok","single shrub","Live",1.7,130,3.1,,,,2.0,1.8,,"inverted cone",3.6,10,1.10,1.10,,"AXuY4z5ddzGYVtlYIFbF04ZbSE1d77qu","XZoPj1u9UmznO7Lakic/e+h3MMLMvbQt","legacyData"
"e6fa2652-bf0b-4792-be63-1a6fc5ad0f64","ABBY_065.basePlot.vst","2016-11-04","vst_ABBY_2016","D16","ABBY","ABBY_065",,"NEON.PLA.D16.ABBY.01188","ok","sapling","Live",,,1.4,,,,,,,,1.7,10,,,,"AXuY4z5ddzGYVtlYIFbF04ZbSE1d77qu","XZoPj1u9UmznO7Lakic/e+h3MMLMvbQt","legacyData"
"1b1b4195-4cbb-4bfb-8c87-8a2a8a24dd5a","ABBY_065.basePlot.vst","2016-11-04","vst_ABBY_2016","D16","ABBY","ABBY_065",,"NEON.PLA.D16.ABBY.01131","ok","small shrub","Live",,,1.7,,,,0.7,0.6,,"inverted cone",1.2,10,0.60,0.40,,"AXuY4z5ddzGYVtlYIFbF04ZbSE1d77qu","XZoPj1u9UmznO7Lakic/e+h3MMLMvbQt","legacyData"
"6017af6c-cf4c-4559-8a12-d687be3a26f0","ABBY_065.basePlot.vst","2016-11-04","vst_ABBY_2016","D16","ABBY","ABBY_065",,"NEON.PLA.D16.ABBY.00985","ok","small tree","Live",1.1,10,2.0,,,,,,,,,,,,,"AXuY4z5ddzGYVtlYIFbF04ZbSE1d77qu","XZoPj1u9UmznO7Lakic/e+h3MMLMvbQt","legacyData"
"350d395a-8290-449e-a531-b9b5fc589dea","ABBY_065.basePlot.vst","2016-11-04","vst_ABBY_2016","D16","ABBY","ABBY_065",,"NEON.PLA.D16.ABBY.00985","ok","small tree","Live",1.0,130,2.0,,,,,,,,,,,,,"AXuY4z5ddzGYVtlYIFbF04ZbSE1d77qu","XZoPj1u9UmznO7Lakic/e+h3MMLMvbQt","legacyData"
"e6fcc40b-1636-4287-9c4d-e4fa7a89797b","ABBY_065.basePlot.vst","2016-11-04","vst_ABBY_2016","D16","ABBY","ABBY_065",,"NEON.PLA.D16.ABBY.01119","ok","single shrub","Live",2.0,130,3.1,,,,2.0,1.8,,"inverted cone",3.2,10,1.10,1.10,,"AXuY4z5ddzGYVtlYIFbF04ZbSE1d77qu","XZoPj1u9UmznO7Lakic/e+h3MMLMvbQt","legacyData"
"97f64b6e-7123-4854-b036-839cb74888f7","ABBY_065.basePlot.vst","2016-11-04","vst_ABBY_2016","D16","ABBY","ABBY_065",,"NEON.PLA.D16.ABBY.00985","ok","small tree","Live",1.1,130,2.0,,,,,,,,,,,,,"AXuY4z5ddzGYVtlYIFbF04ZbSE1d77qu","XZoPj1u9UmznO7Lakic/e+h3MMLMvbQt","legacyData"
"4996b184-dbdf-4177-97c8-6b68ad9381f2","ABBY_065.basePlot.vst","2016-11-04","vst_ABBY_2016","D16","ABBY","ABBY_065",,"NEON.PLA.D16.ABBY.00985","ok","small tree","Live",1.2,10,2.0,,,,,,,,,,,,,"AXuY4z5ddzGYVtlYIFbF04ZbSE1d77qu","XZoPj1u9UmznO7Lakic/e+h3MMLMvbQt","legacyData"
"130b3f85-41fa-441c-9b98-fefc8afab4db","ABBY_065.basePlot.vst","2016-11-04","vst_ABBY_2016","D16","ABBY","ABBY_065",,"NEON.PLA.D16.ABBY.01130","ok","small tree","Live",5.8,130,5.7,,,,,,,,,,,,,"AXuY4z5ddzGYVtlYIFbF04ZbSE1d77qu","XZoPj1u9UmznO7Lakic/e+h3MMLMvbQt","legacyData"
"344f5f5b-324b-4a8f-a52a-af977864a9ba","ABBY_065.basePlot.vst","2016-11-04","vst_ABBY_2016","D16","ABBY","ABBY_065",,"NEON.PLA.D16.ABBY.01191","ok","small tree","Live",6.8,130,5.8,,,,,,,,,,,,,"AXuY4z5ddzGYVtlYIFbF04ZbSE1d77qu","XZoPj1u9UmznO7Lakic/e+h3MMLMvbQt","legacyData"
"e56c4396-bdc3-4c1d-ab44-9e21086db275","ABBY_065.basePlot.vst","2016-11-04","vst_ABBY_2016","D16","ABBY","ABBY_065",,"NEON.PLA.D16.ABBY.01185","ok","small tree","Live",1.3,130,2.0,,,,,,,,,,,,"Basal stem diameter measured a 1 cm; recorded as 1.4 cm","AXuY4z5ddzGYVtlYIFbF04ZbSE1d77qu","XZoPj1u9UmznO7Lakic/e+h3MMLMvbQt","legacyData"
"9ce2b246-5510-451d-b778-86d27194c40e","ABBY_065.basePlot.vst","2016-11-04","vst_ABBY_2016","D16","ABBY","ABBY_065",,"NEON.PLA.D16.ABBY.01194","ok","small tree","Live",1.7,130,2.5,,,,,,,,,,,,,"AXuY4z5ddzGYVtlYIFbF04ZbSE1d77qu","XZoPj1u9UmznO7Lakic/e+h3MMLMvbQt","legacyData"
"1cc0c349-c099-4773-b4ed-4b1e87434541","ABBY_065.basePlot.vst","2016-11-04","vst_ABBY_2016","D16","ABBY","ABBY_065",,"NEON.PLA.D16.ABBY.00985","ok","small tree","Live",1.2,130,2.0,,,,,,,,,,,,,"AXuY4z5ddzGYVtlYIFbF04ZbSE1d77qu","XZoPj1u9UmznO7Lakic/e+h3MMLMvbQt","legacyData"
"2f8e7291-dc0c-4976-9b0e-4eb799e2fb63","ABBY_065.basePlot.vst","2016-11-04","vst_ABBY_2016","D16","ABBY","ABBY_065",,"NEON.PLA.D16.ABBY.00985","ok","small tree","Live",1.0,130,2.0,,,,,,,,,,,,,"AXuY4z5ddzGYVtlYIFbF04ZbSE1d77qu","XZoPj1u9UmznO7Lakic/e+h3MMLMvbQt","legacyData"
"6b4b4047-32f4-4dd6-923b-aead2eef3d64","ABBY_065.basePlot.vst","2016-11-04","vst_ABBY_2016","D16","ABBY","ABBY_065",,"NEON.PLA.D16.ABBY.00985","ok","small tree","Live",1.1,10,2.0,,,,,,,,,,,,,"AXuY4z5ddzGYVtlYIFbF04ZbSE1d77qu","XZoPj1u9UmznO7Lakic/e+h3MMLMvbQt","legacyData"
"d018131a-1b13-4d46-a96c-50b1a82ddd37","ABBY_065.basePlot.vst","2016-11-04","vst_ABBY_2016","D16","ABBY","ABBY_065",,"NEON.PLA.D16.ABBY.01186","ok","small tree","Live",9.4,130,7.2,,,,,,,,,,,,,"AXuY4z5ddzGYVtlYIFbF04ZbSE1d77qu","XZoPj1u9UmznO7Lakic/e+h3MMLMvbQt","legacyData"
"82a6184d-8b63-4521-a42d-bb074b9bf11a","ABBY_065.basePlot.vst","2016-11-04","vst_ABBY_2016","D16","ABBY","ABBY_065",,"NEON.PLA.D16.ABBY.01126","ok","sapling","Live",,,1.4,,,,,,,,1.4,10,,,,"AXuY4z5ddzGYVtlYIFbF04ZbSE1d77qu","XZoPj1u9UmznO7Lakic/e+h3MMLMvbQt","legacyData"
"408f23c5-d95f-48ba-8ac7-e5613f006387","ABBY_065.basePlot.vst","2016-11-04","vst_ABBY_2016","D16","ABBY","ABBY_065",,"NEON.PLA.D16.ABBY.01133","ok","small tree","Live",6.7,130,5.3,,,,,,,,,,,,,"AXuY4z5ddzGYVtlYIFbF04ZbSE1d77qu","XZoPj1u9UmznO7Lakic/e+h3MMLMvbQt","legacyData"
"7dcf9aae-9042-4584-beb2-7c33fd15852f","ABBY_065.basePlot.vst","2016-11-04","vst_ABBY_2016","D16","ABBY","ABBY_065",,"NEON.PLA.D16.ABBY.01128","ok","small tree","Live",1.5,130,2.4,,,,,,,,,,,,,"AXuY4z5ddzGYVtlYIFbF04ZbSE1d77qu","XZoPj1u9UmznO7Lakic/e+h3MMLMvbQt","legacyData"
"fcbf6520-0c78-4f89-b9f8-dfe3acad3cb8","ABBY_065.basePlot.vst","2016-11-04","vst_ABBY_2016","D16","ABBY","ABBY_065",,"NEON.PLA.D16.ABBY.01119","ok","single shrub","Live",1.6,130,3.1,,,,2.0,1.8,,"inverted cone",2.9,10,1.10,1.10,,"AXuY4z5ddzGYVtlYIFbF04ZbSE1d77qu","XZoPj1u9UmznO7Lakic/e+h3MMLMvbQt","legacyData"
"15ce1250-7e2b-49b3-9a8e-f23873cb3424","ABBY_065.basePlot.vst","2016-11-04","vst_ABBY_2016","D16","ABBY","ABBY_065",,"NEON.PLA.D16.ABBY.00985","ok","small tree","Live",1.5,10,2.0,,,,,,,,,,,,,"AXuY4z5ddzGYVtlYIFbF04ZbSE1d77qu","XZoPj1u9UmznO7Lakic/e+h3MMLMvbQt","legacyData"
"7d70d147-9111-4ba8-b3f5-514b857e8f59","ABBY_065.basePlot.vst","2016-11-04","vst_ABBY_2016","D16","ABBY","ABBY_065",,"NEON.PLA.D16.ABBY.00985","ok","small tree","Live",1.0,130,2.0,,,,,,,,,,,,,"AXuY4z5ddzGYVtlYIFbF04ZbSE1d77qu","XZoPj1u9UmznO7Lakic/e+h3MMLMvbQt","legacyData"
"45b26f4e-4341-4472-8d33-3ab930614563","ABBY_065.basePlot.vst","2016-11-04","vst_ABBY_2016","D16","ABBY","ABBY_065",,"NEON.PLA.D16.ABBY.00462","ok","small shrub","Live",,,1.4,,,,0.9,0.8,,"cylinder",1.1,10,,,,"AXuY4z5ddzGYVtlYIFbF04ZbSE1d77qu","Mvo1bt03JMQGnUSOZfuCuKiPzECGjdoQ","legacyData"
"55258ad9-f311-4094-9637-d5bae9fa213c","ABBY_065.basePlot.vst","2016-11-04","vst_ABBY_2016","D16","ABBY","ABBY_065",,"NEON.PLA.D16.ABBY.01119","ok","single shrub","Live",1.8,130,3.1,,,,2.0,1.8,,"inverted cone",3.2,10,1.10,1.10,,"AXuY4z5ddzGYVtlYIFbF04ZbSE1d77qu","XZoPj1u9UmznO7Lakic/e+h3MMLMvbQt","legacyData"
"d933925e-7a49-402c-a5b4-c033a7df184f","ABBY_065.basePlot.vst","2016-11-04","vst_ABBY_2016","D16","ABBY","ABBY_065",,"NEON.PLA.D16.ABBY.00985","ok","small tree","Live",1.0,130,2.0,,,,,,,,,,,,,"AXuY4z5ddzGYVtlYIFbF04ZbSE1d77qu","XZoPj1u9UmznO7Lakic/e+h3MMLMvbQt","legacyData"
"7b467249-62e8-41b6-949c-a53abd1802cc","ABBY_065.basePlot.vst","2016-11-04","vst_ABBY_2016","D16","ABBY","ABBY_065",,"NEON.PLA.D16.ABBY.01184","ok","small tree","Live",1.6,130,2.5,,,,,,,,,,,,,"AXuY4z5ddzGYVtlYIFbF04ZbSE1d77qu","XZoPj1u9UmznO7Lakic/e+h3MMLMvbQt","legacyData"
"0742ba00-e0ef-426a-b2a7-8efbbacc61ad","ABBY_065.basePlot.vst","2016-11-04","vst_ABBY_2016","D16","ABBY","ABBY_065",,"NEON.PLA.D16.ABBY.01125","ok","sapling","Live",,,1.8,,,,,,,,2.0,10,,,,"AXuY4z5ddzGYVtlYIFbF04ZbSE1d77qu","XZoPj1u9UmznO7Lakic/e+h3MMLMvbQt","legacyData"
"7ec3f59f-7bd0-4c0b-b2f8-a7eb79c4d3f6","ABBY_065.basePlot.vst","2016-11-04","vst_ABBY_2016","D16","ABBY","ABBY_065",,"NEON.PLA.D16.ABBY.01190","ok","small tree","Live",1.4,130,2.6,,,,,,,,,,,,,"AXuY4z5ddzGYVtlYIFbF04ZbSE1d77qu","XZoPj1u9UmznO7Lakic/e+h3MMLMvbQt","legacyData"
"4809d9ec-4ac3-4f95-a236-e3dc8d0e096a","ABBY_065.basePlot.vst","2016-11-04","vst_ABBY_2016","D16","ABBY","ABBY_065",,"NEON.PLA.D16.ABBY.00985","ok","small tree","Live",1.4,130,2.0,,,,,,,,,,,,,"AXuY4z5ddzGYVtlYIFbF04ZbSE1d77qu","XZoPj1u9UmznO7Lakic/e+h3MMLMvbQt","legacyData"
"2ffb6b6d-d1d1-446d-bc77-108cd9b03efc","ABBY_065.basePlot.vst","2016-11-08","vst_ABBY_2016","D16","ABBY","ABBY_065",,"NEON.PLA.D16.ABBY.01209","ok","small tree","Live",5.9,130,5.1,,,,,,,,,,,,,"j5ydqg5LbAPQjAQeKL7rI9pJrz/8aJyT","AXuY4z5ddzGYVtlYIFbF04ZbSE1d77qu","legacyData"
"8e928174-1c9b-4ec8-858e-264f389ff605","ABBY_065.basePlot.vst","2016-11-08","vst_ABBY_2016","D16","ABBY","ABBY_065",,"NEON.PLA.D16.ABBY.00575","ok","single bole tree","Live",26.5,130,21.9,,,,,,,,,,,,,"j5ydqg5LbAPQjAQeKL7rI9pJrz/8aJyT","AXuY4z5ddzGYVtlYIFbF04ZbSE1d77qu","legacyData"
"4f217554-5ea8-43f2-9756-e3a6ec6a2001","ABBY_065.basePlot.vst","2016-11-08","vst_ABBY_2016","D16","ABBY","ABBY_065",,"NEON.PLA.D16.ABBY.01148","ok","single shrub","Live",,,2.3,,,,1.8,1.4,,"cylinder",1.7,10,,,,"XZoPj1u9UmznO7Lakic/e+h3MMLMvbQt","Mvo1bt03JMQGnUSOZfuCuKiPzECGjdoQ","legacyData"
"52df5bc5-0c9d-4d29-a793-2860028c9e7f","ABBY_065.basePlot.vst","2016-11-08","vst_ABBY_2016","D16","ABBY","ABBY_065",,"NEON.PLA.D16.ABBY.01140","ok","small tree","Live",1.0,130,2.5,,,,,,,,,,,,,"XZoPj1u9UmznO7Lakic/e+h3MMLMvbQt","Mvo1bt03JMQGnUSOZfuCuKiPzECGjdoQ","legacyData"
"d2f6132a-3996-4bc1-b7ae-8a8cbb479af5","ABBY_065.basePlot.vst","2016-11-08","vst_ABBY_2016","D16","ABBY","ABBY_065",,"NEON.PLA.D16.ABBY.01224","ok","small shrub","Live",,,0.9,,,,1.0,0.7,,"half-sphere",1.2,10,,,,"j5ydqg5LbAPQjAQeKL7rI9pJrz/8aJyT","AXuY4z5ddzGYVtlYIFbF04ZbSE1d77qu","legacyData"
"6dd905a3-40b7-4cda-8aca-087ab3097511","ABBY_065.basePlot.vst","2016-11-08","vst_ABBY_2016","D16","ABBY","ABBY_065",,"NEON.PLA.D16.ABBY.01164","ok","single shrub","Live",,,4.5,0.6,,,2.1,1.6,,"ellipsoid or sphere",1.2,10,,,,"XZoPj1u9UmznO7Lakic/e+h3MMLMvbQt","Mvo1bt03JMQGnUSOZfuCuKiPzECGjdoQ","legacyData"
"d9c20d8b-6842-41fa-ac34-f6a618eb19a4","ABBY_065.basePlot.vst","2016-11-08","vst_ABBY_2016","D16","ABBY","ABBY_065",,"NEON.PLA.D16.ABBY.01148","ok","single shrub","Live",1.0,130,2.3,,,,1.8,1.4,,"cylinder",2.2,10,,,,"XZoPj1u9UmznO7Lakic/e+h3MMLMvbQt","Mvo1bt03JMQGnUSOZfuCuKiPzECGjdoQ","legacyData"
"e770ef0a-f806-4c93-8f63-8a5ede26a18b","ABBY_065.basePlot.vst","2016-11-08","vst_ABBY_2016","D16","ABBY","ABBY_065",,"NEON.PLA.D16.ABBY.01163","ok","single shrub","Live",1.3,130,4.6,,,,5.0,2.8,,"oblate half-sphere",2.6,10,,,,"XZoPj1u9UmznO7Lakic/e+h3MMLMvbQt","Mvo1bt03JMQGnUSOZfuCuKiPzECGjdoQ","legacyData"
"61993a47-2774-46d2-ac7c-6f817e223eb4","ABBY_065.basePlot.vst","2016-11-08","vst_ABBY_2016","D16","ABBY","ABBY_065",,"NEON.PLA.D16.ABBY.01204","ok","sapling","Live",,,1.4,,,,,,,,1.6,10,,,,"j5ydqg5LbAPQjAQeKL7rI9pJrz/8aJyT","AXuY4z5ddzGYVtlYIFbF04ZbSE1d77qu","legacyData"
"2408f070-bcda-4d67-bbdd-637f930f75e3","ABBY_065.basePlot.vst","2016-11-08","vst_ABBY_2016","D16","ABBY","ABBY_065",,"NEON.PLA.D16.ABBY.01163","ok","single shrub","Live",1.5,130,4.6,,,,5.0,2.8,,"oblate half-sphere",3.5,10,,,,"XZoPj1u9UmznO7Lakic/e+h3MMLMvbQt","Mvo1bt03JMQGnUSOZfuCuKiPzECGjdoQ","legacyData"
"bb3c6692-4df2-423d-818d-7e5a8de972e6","ABBY_065.basePlot.vst","2016-11-08","vst_ABBY_2016","D16","ABBY","ABBY_065",,"NEON.PLA.D16.ABBY.01142","ok","sapling","Live",,,1.6,,,,,,,,1.3,10,,,,"XZoPj1u9UmznO7Lakic/e+h3MMLMvbQt","Mvo1bt03JMQGnUSOZfuCuKiPzECGjdoQ","legacyData"
"df59972b-b89a-4019-9a4c-d18c776ec977","ABBY_065.basePlot.vst","2016-11-08","vst_ABBY_2016","D16","ABBY","ABBY_065",,"NEON.PLA.D16.ABBY.01220","ok","small tree","Live",1.0,130,2.4,,,,,,,,,,,,,"j5ydqg5LbAPQjAQeKL7rI9pJrz/8aJyT","AXuY4z5ddzGYVtlYIFbF04ZbSE1d77qu","legacyData"
"5935e337-3a24-4089-8643-5576ab92c674","ABBY_065.basePlot.vst","2016-11-08","vst_ABBY_2016","D16","ABBY","ABBY_065",,"NEON.PLA.D16.ABBY.00588","unknown",,"Lost, fate unknown",,,,,,,,,,,,,,,"Did not find this individual","XZoPj1u9UmznO7Lakic/e+h3MMLMvbQt","Mvo1bt03JMQGnUSOZfuCuKiPzECGjdoQ","legacyData"
"a2dd6a8e-3e6a-412d-a1a1-e7ea8ede5c27","ABBY_065.basePlot.vst","2016-11-08","vst_ABBY_2016","D16","ABBY","ABBY_065",,"NEON.PLA.D16.ABBY.01140","ok","small tree","Live",2.2,10,2.5,,,,,,,,,,,,,"XZoPj1u9UmznO7Lakic/e+h3MMLMvbQt","Mvo1bt03JMQGnUSOZfuCuKiPzECGjdoQ","legacyData"
"a226fc71-a59a-415c-8711-49a0f1c175a1","ABBY_065.basePlot.vst","2016-11-08","vst_ABBY_2016","D16","ABBY","ABBY_065",,"NEON.PLA.D16.ABBY.01138","ok","sapling","Live",,,1.8,,,,,,,,1.2,10,,,,"XZoPj1u9UmznO7Lakic/e+h3MMLMvbQt","Mvo1bt03JMQGnUSOZfuCuKiPzECGjdoQ","legacyData"
"cb0c0ff7-37f7-48ca-9d8f-06ac8a5a8a95","ABBY_065.basePlot.vst","2016-11-08","vst_ABBY_2016","D16","ABBY","ABBY_065",,"NEON.PLA.D16.ABBY.01154","ok","small tree","Live",1.1,130,2.0,,,,,,,,,,,,,"XZoPj1u9UmznO7Lakic/e+h3MMLMvbQt","Mvo1bt03JMQGnUSOZfuCuKiPzECGjdoQ","legacyData"
"517da7ec-596a-4519-978f-844896824397","ABBY_065.basePlot.vst","2016-11-08","vst_ABBY_2016","D16","ABBY","ABBY_065",,"NEON.PLA.D16.ABBY.01223","ok","sapling","Live",,,1.8,,,,,,,,1.5,10,,,,"j5ydqg5LbAPQjAQeKL7rI9pJrz/8aJyT","AXuY4z5ddzGYVtlYIFbF04ZbSE1d77qu","legacyData"
"b6bb9ad3-1355-4b2c-b02e-950e01e858d0","ABBY_065.basePlot.vst","2016-11-08","vst_ABBY_2016","D16","ABBY","ABBY_065",,"NEON.PLA.D16.ABBY.01220","ok","small tree","Live",1.6,130,2.4,,,,,,,,,,,,,"j5ydqg5LbAPQjAQeKL7rI9pJrz/8aJyT","AXuY4z5ddzGYVtlYIFbF04ZbSE1d77qu","legacyData"
"82def330-b0d1-4745-9cc9-0d6760ff6225","ABBY_065.basePlot.vst","2016-11-08","vst_ABBY_2016","D16","ABBY","ABBY_065",,"NEON.PLA.D16.ABBY.01218","removed",,"No longer qualifies",,,0.8,,,,0.9,0.8,,"half-sphere",1.1,10,,,"2017 nestedSubplotShrubSapling changed from 100 m2 to 25m2 this tag removed.","j5ydqg5LbAPQjAQeKL7rI9pJrz/8aJyT","AXuY4z5ddzGYVtlYIFbF04ZbSE1d77qu","legacyData"
"e732c4b7-8bcf-46c3-8b03-762140056976","ABBY_065.basePlot.vst","2016-11-08","vst_ABBY_2016","D16","ABBY","ABBY_065",,"NEON.PLA.D16.ABBY.01161","ok","single shrub","Live",2.1,130,4.2,,,,2.1,1.7,,"inverted cone",3.9,10,0.90,0.60,,"XZoPj1u9UmznO7Lakic/e+h3MMLMvbQt","Mvo1bt03JMQGnUSOZfuCuKiPzECGjdoQ","legacyData"
"3982c281-aa3f-44f0-bb06-4de2a4996dff","ABBY_065.basePlot.vst","2016-11-08","vst_ABBY_2016","D16","ABBY","ABBY_065",,"NEON.PLA.D16.ABBY.01150","ok","small tree","Live",1.9,130,2.4,,,,,,,,,,,,"This stem was found on 20161110","XZoPj1u9UmznO7Lakic/e+h3MMLMvbQt","Mvo1bt03JMQGnUSOZfuCuKiPzECGjdoQ","legacyData"
"ea6884d3-77e2-4918-8064-ded77fa59060","ABBY_065.basePlot.vst","2016-11-08","vst_ABBY_2016","D16","ABBY","ABBY_065",,"NEON.PLA.D16.ABBY.01205","ok","small tree","Live",1.3,130,2.3,,,,,,,,,,,,,"j5ydqg5LbAPQjAQeKL7rI9pJrz/8aJyT","AXuY4z5ddzGYVtlYIFbF04ZbSE1d77qu","legacyData"
"f461d28a-cad4-4c6f-94ce-1e89fcb2ee1f","ABBY_065.basePlot.vst","2016-11-08","vst_ABBY_2016","D16","ABBY","ABBY_065",,"NEON.PLA.D16.ABBY.01161","ok","single shrub","Live",1.9,130,4.2,,,,2.1,1.7,,"inverted cone",3.5,10,0.90,0.60,,"XZoPj1u9UmznO7Lakic/e+h3MMLMvbQt","Mvo1bt03JMQGnUSOZfuCuKiPzECGjdoQ","legacyData"
"acbde715-9572-4265-95a7-3379abe57e3e","ABBY_065.basePlot.vst","2016-11-08","vst_ABBY_2016","D16","ABBY","ABBY_065",,"NEON.PLA.D16.ABBY.01222","ok","small tree","Live, physically damaged",5.6,130,3.0,,,,,,,,,,,,"No remarks recorded","j5ydqg5LbAPQjAQeKL7rI9pJrz/8aJyT","AXuY4z5ddzGYVtlYIFbF04ZbSE1d77qu","legacyData"
"6dd259ac-45a9-4ffb-8c8f-16f69d6ab63f","ABBY_065.basePlot.vst","2016-11-08","vst_ABBY_2016","D16","ABBY","ABBY_065",,"NEON.PLA.D16.ABBY.01213","removed",,"No longer qualifies",1.0,130,2.0,,,,,,,,,,,,"2017 nestedSubplotShrubSapling changed from 100 m2 to 25m2 this tag removed.","j5ydqg5LbAPQjAQeKL7rI9pJrz/8aJyT","AXuY4z5ddzGYVtlYIFbF04ZbSE1d77qu","legacyData"
"3eb934c8-7625-4285-b9d8-8649488535b5","ABBY_065.basePlot.vst","2016-11-08","vst_ABBY_2016","D16","ABBY","ABBY_065",,"NEON.PLA.D16.ABBY.01161","ok","single shrub","Live",1.9,130,4.2,,,,2.1,1.7,,"inverted cone",2.9,10,0.90,0.60,,"XZoPj1u9UmznO7Lakic/e+h3MMLMvbQt","Mvo1bt03JMQGnUSOZfuCuKiPzECGjdoQ","legacyData"
"63f2cd94-5f5d-4e3e-9e02-7e118327186d","ABBY_065.basePlot.vst","2016-11-08","vst_ABBY_2016","D16","ABBY","ABBY_065",,"NEON.PLA.D16.ABBY.01150","ok","small tree","Live, physically damaged",1.6,10,2.4,,,,,,,,,,,,"this stem appears to be browsed on by an animal","XZoPj1u9UmznO7Lakic/e+h3MMLMvbQt","Mvo1bt03JMQGnUSOZfuCuKiPzECGjdoQ","legacyData"
"9c9a0539-5d4e-4657-9264-43e9e12a8b1e","ABBY_065.basePlot.vst","2016-11-08","vst_ABBY_2016","D16","ABBY","ABBY_065",,"NEON.PLA.D16.ABBY.01220","ok","small tree","Live",1.1,10,2.4,,,,,,,,,,,,,"j5ydqg5LbAPQjAQeKL7rI9pJrz/8aJyT","AXuY4z5ddzGYVtlYIFbF04ZbSE1d77qu","legacyData"
"4cf415ac-4118-4f0b-a56f-75bb4d83ca87","ABBY_065.basePlot.vst","2016-11-08","vst_ABBY_2016","D16","ABBY","ABBY_065",,"NEON.PLA.D16.ABBY.01140","ok","small tree","Live",1.2,130,2.5,,,,,,,,,,,,,"XZoPj1u9UmznO7Lakic/e+h3MMLMvbQt","Mvo1bt03JMQGnUSOZfuCuKiPzECGjdoQ","legacyData"
"b14a7524-cc8f-4ea6-90c5-43642ae4f098","ABBY_065.basePlot.vst","2016-11-08","vst_ABBY_2016","D16","ABBY","ABBY_065",,"NEON.PLA.D16.ABBY.01163","ok","single shrub","Live",2.7,130,4.6,,,,5.0,2.8,,"oblate half-sphere",3.3,10,,,,"XZoPj1u9UmznO7Lakic/e+h3MMLMvbQt","Mvo1bt03JMQGnUSOZfuCuKiPzECGjdoQ","legacyData"
"e01e7397-e1aa-4b5d-bb76-5c84c1898ff6","ABBY_065.basePlot.vst","2016-11-08","vst_ABBY_2016","D16","ABBY","ABBY_065",,"NEON.PLA.D16.ABBY.01144","ok","single shrub","Live",1.3,130,2.9,0.7,,,1.5,1.2,,"ellipsoid or sphere",1.6,10,,,,"XZoPj1u9UmznO7Lakic/e+h3MMLMvbQt","Mvo1bt03JMQGnUSOZfuCuKiPzECGjdoQ","legacyData"
"3759271f-4c5f-4648-a57f-bee703bc1f59","ABBY_065.basePlot.vst","2016-11-08","vst_ABBY_2016","D16","ABBY","ABBY_065",,"NEON.PLA.D16.ABBY.01167","ok","single shrub","Live",2.4,130,4.8,0.8,,,1.7,1.6,,"ellipsoid or sphere",3.4,10,,,,"XZoPj1u9UmznO7Lakic/e+h3MMLMvbQt","Mvo1bt03JMQGnUSOZfuCuKiPzECGjdoQ","legacyData"
"3bd2823e-355a-46e8-a4af-50d5eb92045e","ABBY_065.basePlot.vst","2016-11-08","vst_ABBY_2016","D16","ABBY","ABBY_065",,"NEON.PLA.D16.ABBY.01140","ok","small tree","Live",1.4,10,2.5,,,,,,,,,,,,,"XZoPj1u9UmznO7Lakic/e+h3MMLMvbQt","Mvo1bt03JMQGnUSOZfuCuKiPzECGjdoQ","legacyData"
"6746e58e-346c-4993-a42a-5300a7ca9584","ABBY_065.basePlot.vst","2016-11-08","vst_ABBY_2016","D16","ABBY","ABBY_065",,"NEON.PLA.D16.ABBY.01221","ok","small tree","Live",4.9,130,5.6,,,,,,,,,,,,,"j5ydqg5LbAPQjAQeKL7rI9pJrz/8aJyT","AXuY4z5ddzGYVtlYIFbF04ZbSE1d77qu","legacyData"
"848d3774-ca14-4278-ba0d-b15319aec1f0","ABBY_065.basePlot.vst","2016-11-08","vst_ABBY_2016","D16","ABBY","ABBY_065",,"NEON.PLA.D16.ABBY.01210","ok","small tree","Live",5.5,130,4.0,,,,,,,,,,,,,"j5ydqg5LbAPQjAQeKL7rI9pJrz/8aJyT","AXuY4z5ddzGYVtlYIFbF04ZbSE1d77qu","legacyData"
"7b96e2e7-8849-45a4-a9b4-21a5030fa4fa","ABBY_065.basePlot.vst","2016-11-08","vst_ABBY_2016","D16","ABBY","ABBY_065",,"NEON.PLA.D16.ABBY.01220","ok","small tree","Live",1.1,130,2.4,,,,,,,,,,,,,"j5ydqg5LbAPQjAQeKL7rI9pJrz/8aJyT","AXuY4z5ddzGYVtlYIFbF04ZbSE1d77qu","legacyData"
"ed917036-8616-4884-89a5-38ce27f9860f","ABBY_065.basePlot.vst","2016-11-08","vst_ABBY_2016","D16","ABBY","ABBY_065",,"NEON.PLA.D16.ABBY.01164","ok","single shrub","Live",2.0,130,4.5,0.6,,,2.1,1.6,,"ellipsoid or sphere",3.0,10,,,,"XZoPj1u9UmznO7Lakic/e+h3MMLMvbQt","Mvo1bt03JMQGnUSOZfuCuKiPzECGjdoQ","legacyData"
"bc82c165-60a0-445b-a0e2-c2930aed1888","ABBY_065.basePlot.vst","2016-11-08","vst_ABBY_2016","D16","ABBY","ABBY_065",,"NEON.PLA.D16.ABBY.01150","ok","small tree","Live, physically damaged",2.2,10,2.4,,,,,,,,,,,,"stem appears to be browse by an animal","XZoPj1u9UmznO7Lakic/e+h3MMLMvbQt","Mvo1bt03JMQGnUSOZfuCuKiPzECGjdoQ","legacyData"
"2d398fbb-b527-4134-a12a-2a43ada74485","ABBY_065.basePlot.vst","2016-11-08","vst_ABBY_2016","D16","ABBY","ABBY_065",,"NEON.PLA.D16.ABBY.01149","ok","sapling","Live",,,1.3,,,,,,,,2.0,10,,,,"XZoPj1u9UmznO7Lakic/e+h3MMLMvbQt","Mvo1bt03JMQGnUSOZfuCuKiPzECGjdoQ","legacyData"
"fe7ba617-b83d-42c5-a9c6-b04794ebf2e1","ABBY_065.basePlot.vst","2016-11-08","vst_ABBY_2016","D16","ABBY","ABBY_065",,"NEON.PLA.D16.ABBY.01165","ok","small shrub","Live",,,1.0,0.7,,,0.7,0.4,,"ellipsoid or sphere",1.8,10,,,,"XZoPj1u9UmznO7Lakic/e+h3MMLMvbQt","Mvo1bt03JMQGnUSOZfuCuKiPzECGjdoQ","legacyData"
"192cae8e-a3b3-4501-bc0a-34a52fb84d9c","ABBY_065.basePlot.vst","2016-11-08","vst_ABBY_2016","D16","ABBY","ABBY_065",,"NEON.PLA.D16.ABBY.01140","ok","small tree","Live",1.2,10,2.5,,,,,,,,,,,,,"XZoPj1u9UmznO7Lakic/e+h3MMLMvbQt","Mvo1bt03JMQGnUSOZfuCuKiPzECGjdoQ","legacyData"
"b185612f-a1c7-462d-8b1d-4d2f8aa6556f","ABBY_065.basePlot.vst","2016-11-08","vst_ABBY_2016","D16","ABBY","ABBY_065",,"NEON.PLA.D16.ABBY.01157","ok","single shrub","Live",1.3,130,3.4,1.4,,,0.7,0.6,,"ellipsoid or sphere",2.4,10,,,,"XZoPj1u9UmznO7Lakic/e+h3MMLMvbQt","Mvo1bt03JMQGnUSOZfuCuKiPzECGjdoQ","legacyData"
"75ffaee0-2c83-446f-84a2-d554c816d423","ABBY_065.basePlot.vst","2016-11-08","vst_ABBY_2016","D16","ABBY","ABBY_065",,"NEON.PLA.D16.ABBY.01159","ok","single shrub","Live",1.4,130,3.7,1.4,,,0.7,0.6,,"ellipsoid or sphere",2.4,10,,,,"XZoPj1u9UmznO7Lakic/e+h3MMLMvbQt","Mvo1bt03JMQGnUSOZfuCuKiPzECGjdoQ","legacyData"
"e5e48d13-d6b5-4c96-bb74-a808726796d0","ABBY_065.basePlot.vst","2016-11-08","vst_ABBY_2016","D16","ABBY","ABBY_065",,"NEON.PLA.D16.ABBY.00582","ok","single bole tree","Dead, broken bole",19.0,130,4.7,,2.5,0.2,,,,,,,,,,"j5ydqg5LbAPQjAQeKL7rI9pJrz/8aJyT","AXuY4z5ddzGYVtlYIFbF04ZbSE1d77qu","legacyData"
"7f8c45d7-1c81-4d80-acdd-3013391134c0","ABBY_065.basePlot.vst","2016-11-08","vst_ABBY_2016","D16","ABBY","ABBY_065",,"NEON.PLA.D16.ABBY.01151","ok","sapling","Live",,,2.0,,,,,,,,1.9,10,,,,"XZoPj1u9UmznO7Lakic/e+h3MMLMvbQt","Mvo1bt03JMQGnUSOZfuCuKiPzECGjdoQ","legacyData"
"e3a288f3-9e0a-4cfe-a0a1-be9a8e840a65","ABBY_065.basePlot.vst","2016-11-08","vst_ABBY_2016","D16","ABBY","ABBY_065",,"NEON.PLA.D16.ABBY.01155","ok","small tree","Live",1.5,130,3.1,,,,,,,,,,,,,"XZoPj1u9UmznO7Lakic/e+h3MMLMvbQt","Mvo1bt03JMQGnUSOZfuCuKiPzECGjdoQ","legacyData"
"959dea2c-72df-4e67-80a4-6cbae88bcd5d","ABBY_065.basePlot.vst","2016-11-08","vst_ABBY_2016","D16","ABBY","ABBY_065",,"NEON.PLA.D16.ABBY.01155","ok","small tree","Live",1.1,130,3.1,,,,,,,,,,,,,"XZoPj1u9UmznO7Lakic/e+h3MMLMvbQt","Mvo1bt03JMQGnUSOZfuCuKiPzECGjdoQ","legacyData"
"823129f7-5b33-4ab4-8d69-f3abf86588c1","ABBY_065.basePlot.vst","2016-11-08","vst_ABBY_2016","D16","ABBY","ABBY_065",,"NEON.PLA.D16.ABBY.01163","ok","single shrub","Live",1.9,130,4.6,,,,5.0,2.8,,"oblate half-sphere",2.9,10,,,,"XZoPj1u9UmznO7Lakic/e+h3MMLMvbQt","Mvo1bt03JMQGnUSOZfuCuKiPzECGjdoQ","legacyData"
"6422571c-f712-4ddf-b052-dd7abee1cdf1","ABBY_065.basePlot.vst","2016-11-08","vst_ABBY_2016","D16","ABBY","ABBY_065",,"NEON.PLA.D16.ABBY.01164","ok","single shrub","Live",2.8,130,4.5,0.6,,,2.1,1.6,,"ellipsoid or sphere",3.1,10,,,,"XZoPj1u9UmznO7Lakic/e+h3MMLMvbQt","Mvo1bt03JMQGnUSOZfuCuKiPzECGjdoQ","legacyData"
"5f8e8184-f748-4f77-ae82-3e795d895ac5","ABBY_065.basePlot.vst","2016-11-08","vst_ABBY_2016","D16","ABBY","ABBY_065",,"NEON.PLA.D16.ABBY.01164","ok","single shrub","Live",1.2,130,4.5,0.6,,,2.1,1.6,,"ellipsoid or sphere",1.9,10,,,,"XZoPj1u9UmznO7Lakic/e+h3MMLMvbQt","Mvo1bt03JMQGnUSOZfuCuKiPzECGjdoQ","legacyData"
"8aa8a6a0-e08a-4759-bfeb-35b5bf985a7b","ABBY_065.basePlot.vst","2016-11-08","vst_ABBY_2016","D16","ABBY","ABBY_065",,"NEON.PLA.D16.ABBY.01166","ok","single shrub","Live",2.3,130,4.2,0.9,,,2.4,2.1,,"ellipsoid or sphere",3.7,,,,,"XZoPj1u9UmznO7Lakic/e+h3MMLMvbQt","Mvo1bt03JMQGnUSOZfuCuKiPzECGjdoQ","legacyData"
"3c2eaa7c-6ebe-4b51-b64d-8fd1177e7bfd","ABBY_065.basePlot.vst","2016-11-08","vst_ABBY_2016","D16","ABBY","ABBY_065",,"NEON.PLA.D16.ABBY.01219","removed",,"No longer qualifies",,,1.7,,,,,,,,1.5,,,,"2017 nestedSubplotShrubSapling changed from 100 m2 to 25m2 this tag removed.","j5ydqg5LbAPQjAQeKL7rI9pJrz/8aJyT","AXuY4z5ddzGYVtlYIFbF04ZbSE1d77qu","legacyData"
"fa97c0a8-2d85-4714-a5b7-f90a0d698805","ABBY_065.basePlot.vst","2016-11-08","vst_ABBY_2016","D16","ABBY","ABBY_065",,"NEON.PLA.D16.ABBY.01221","ok","small tree","Live",1.5,10,5.6,,,,,,,,,,,,,"j5ydqg5LbAPQjAQeKL7rI9pJrz/8aJyT","AXuY4z5ddzGYVtlYIFbF04ZbSE1d77qu","legacyData"
"35676f60-5bfd-430a-bc0f-1a5ba7338fba","ABBY_065.basePlot.vst","2016-11-08","vst_ABBY_2016","D16","ABBY","ABBY_065",,"NEON.PLA.D16.ABBY.01211","removed",,"No longer qualifies",,,1.7,,,,,,,,1.2,10,,,"2017 nestedSubplotShrubSapling changed from 100 m2 to 25m2 this tag removed.","j5ydqg5LbAPQjAQeKL7rI9pJrz/8aJyT","AXuY4z5ddzGYVtlYIFbF04ZbSE1d77qu","legacyData"
"1ef4122b-f6a9-44fc-98b9-111551031827","ABBY_065.basePlot.vst","2016-11-08","vst_ABBY_2016","D16","ABBY","ABBY_065",,"NEON.PLA.D16.ABBY.01152","ok","small tree","Live",1.9,130,2.9,,,,,,,,,,,,,"XZoPj1u9UmznO7Lakic/e+h3MMLMvbQt","Mvo1bt03JMQGnUSOZfuCuKiPzECGjdoQ","legacyData"
"db7a00ef-a293-409c-8ac0-cf543d1e00ef","ABBY_065.basePlot.vst","2016-11-08","vst_ABBY_2016","D16","ABBY","ABBY_065",,"NEON.PLA.D16.ABBY.01139","ok","sapling","Live",,,2.0,,,,,,,,1.4,10,,,,"XZoPj1u9UmznO7Lakic/e+h3MMLMvbQt","Mvo1bt03JMQGnUSOZfuCuKiPzECGjdoQ","legacyData"
"9642482b-5f19-4c1d-9f2f-a1912647558b","ABBY_065.basePlot.vst","2016-11-08","vst_ABBY_2016","D16","ABBY","ABBY_065",,"NEON.PLA.D16.ABBY.01228","removed",,"No longer qualifies",,,1.6,,,,,,,,1.6,10,,,"2017 nestedSubplotShrubSapling changed from 100 m2 to 25m2 this tag removed.","j5ydqg5LbAPQjAQeKL7rI9pJrz/8aJyT","AXuY4z5ddzGYVtlYIFbF04ZbSE1d77qu","legacyData"
"876bd498-f381-4223-8dca-ff38ad4b952b","ABBY_065.basePlot.vst","2016-11-08","vst_ABBY_2016","D16","ABBY","ABBY_065",,"NEON.PLA.D16.ABBY.01205","ok","small tree","Live",1.6,130,2.3,,,,,,,,,,,,,"j5ydqg5LbAPQjAQeKL7rI9pJrz/8aJyT","AXuY4z5ddzGYVtlYIFbF04ZbSE1d77qu","legacyData"
"16da9dca-2926-48a7-84e5-8c8dfdd1e2ba","ABBY_065.basePlot.vst","2016-11-08","vst_ABBY_2016","D16","ABBY","ABBY_065",,"NEON.PLA.D16.ABBY.01221","ok","small tree","Live",2.6,130,5.6,,,,,,,,,,,,,"j5ydqg5LbAPQjAQeKL7rI9pJrz/8aJyT","AXuY4z5ddzGYVtlYIFbF04ZbSE1d77qu","legacyData"
"e3e0bf4b-85e1-4d86-85ec-49c3d928bc0c","ABBY_065.basePlot.vst","2016-11-08","vst_ABBY_2016","D16","ABBY","ABBY_065",,"NEON.PLA.D16.ABBY.01223","ok","sapling","Live",,,1.8,,,,,,,,1.7,10,,,,"j5ydqg5LbAPQjAQeKL7rI9pJrz/8aJyT","AXuY4z5ddzGYVtlYIFbF04ZbSE1d77qu","legacyData"
"84399d38-56c8-4e33-b4cc-0f3323b63740","ABBY_065.basePlot.vst","2016-11-08","vst_ABBY_2016","D16","ABBY","ABBY_065",,"NEON.PLA.D16.ABBY.01141","ok","small tree","Live",1.2,130,2.6,,,,,,,,,,,,,"XZoPj1u9UmznO7Lakic/e+h3MMLMvbQt","Mvo1bt03JMQGnUSOZfuCuKiPzECGjdoQ","legacyData"
"b8451026-25eb-4d64-b514-4c87c039cb0c","ABBY_065.basePlot.vst","2016-11-08","vst_ABBY_2016","D16","ABBY","ABBY_065",,"NEON.PLA.D16.ABBY.01167","ok","single shrub","Live",,,4.8,0.8,,,1.7,1.6,,"ellipsoid or sphere",1.5,10,,,,"XZoPj1u9UmznO7Lakic/e+h3MMLMvbQt","Mvo1bt03JMQGnUSOZfuCuKiPzECGjdoQ","legacyData"
"977d0501-e164-40e2-a987-1952f2712f2c","ABBY_065.basePlot.vst","2016-11-08","vst_ABBY_2016","D16","ABBY","ABBY_065",,"NEON.PLA.D16.ABBY.01222","ok","small tree","Live, physically damaged",1.8,130,3.0,,,,,,,,,,,,"No remarks recorded","j5ydqg5LbAPQjAQeKL7rI9pJrz/8aJyT","AXuY4z5ddzGYVtlYIFbF04ZbSE1d77qu","legacyData"
"bb07adea-88ed-4c31-ab14-1f6879cc9e8f","ABBY_065.basePlot.vst","2016-11-08","vst_ABBY_2016","D16","ABBY","ABBY_065",,"NEON.PLA.D16.ABBY.01217","removed",,"No longer qualifies",,,1.0,,,,0.8,0.7,,"half-sphere",1.1,10,,,"2017 nestedSubplotShrubSapling changed from 100 m2 to 25m2 this tag removed.","j5ydqg5LbAPQjAQeKL7rI9pJrz/8aJyT","AXuY4z5ddzGYVtlYIFbF04ZbSE1d77qu","legacyData"
"90020d4a-64a2-4690-a409-8d98a49365fb","ABBY_065.basePlot.vst","2016-11-08","vst_ABBY_2016","D16","ABBY","ABBY_065",,"NEON.PLA.D16.ABBY.01227","removed",,"No longer qualifies",,,1.3,,,,,,,,1.5,10,,,"2017 nestedSubplotShrubSapling changed from 100 m2 to 25m2 this tag removed.","j5ydqg5LbAPQjAQeKL7rI9pJrz/8aJyT","AXuY4z5ddzGYVtlYIFbF04ZbSE1d77qu","legacyData"
"f6078be8-d0ff-4c2b-a650-db4afca71f27","ABBY_065.basePlot.vst","2016-11-08","vst_ABBY_2016","D16","ABBY","ABBY_065",,"NEON.PLA.D16.ABBY.01148","ok","single shrub","Live",,,2.3,,,,1.8,1.4,,"cylinder",1.2,10,,,,"XZoPj1u9UmznO7Lakic/e+h3MMLMvbQt","Mvo1bt03JMQGnUSOZfuCuKiPzECGjdoQ","legacyData"
"297103f9-479b-40d0-af5f-edd693218073","ABBY_065.basePlot.vst","2016-11-08","vst_ABBY_2016","D16","ABBY","ABBY_065",,"NEON.PLA.D16.ABBY.01148","ok","single shrub","Live",,,2.3,,,,1.8,1.4,,"cylinder",1.1,10,,,,"XZoPj1u9UmznO7Lakic/e+h3MMLMvbQt","Mvo1bt03JMQGnUSOZfuCuKiPzECGjdoQ","legacyData"
"37e551eb-640f-49ec-bdef-7f0f1d334b3f","ABBY_065.basePlot.vst","2016-11-08","vst_ABBY_2016","D16","ABBY","ABBY_065",,"NEON.PLA.D16.ABBY.01207","removed",,"No longer qualifies",1.6,130,2.7,,,,2.3,1.7,,"inverted cone",,,,,"2017 nestedSubplotShrubSapling changed from 100 m2 to 25m2 this tag removed.","j5ydqg5LbAPQjAQeKL7rI9pJrz/8aJyT","AXuY4z5ddzGYVtlYIFbF04ZbSE1d77qu","legacyData"
"3e77e2a6-93df-40a5-9797-5084c8d40ed2","ABBY_065.basePlot.vst","2016-11-08","vst_ABBY_2016","D16","ABBY","ABBY_065",,"NEON.PLA.D16.ABBY.01144","ok","single shrub","Live",1.4,130,2.9,0.7,,,1.5,1.2,,"ellipsoid or sphere",1.6,10,,,,"XZoPj1u9UmznO7Lakic/e+h3MMLMvbQt","Mvo1bt03JMQGnUSOZfuCuKiPzECGjdoQ","legacyData"
"0ede5bab-f716-4a82-a05f-d54d698fcfbe","ABBY_065.basePlot.vst","2016-11-08","vst_ABBY_2016","D16","ABBY","ABBY_065",,"NEON.PLA.D16.ABBY.01221","ok","small tree","Live",1.8,130,5.6,,,,,,,,,,,,,"j5ydqg5LbAPQjAQeKL7rI9pJrz/8aJyT","AXuY4z5ddzGYVtlYIFbF04ZbSE1d77qu","legacyData"
"4859036b-52d0-46a8-b2cd-10e3eae0f027","ABBY_065.basePlot.vst","2016-11-08","vst_ABBY_2016","D16","ABBY","ABBY_065",,"NEON.PLA.D16.ABBY.01163","ok","single shrub","Live",1.5,130,4.6,,,,5.0,2.8,,"oblate half-sphere",3.2,10,,,,"XZoPj1u9UmznO7Lakic/e+h3MMLMvbQt","Mvo1bt03JMQGnUSOZfuCuKiPzECGjdoQ","legacyData"
"cf3c89bb-3786-4a0f-adcd-aa3aafc7a969","ABBY_065.basePlot.vst","2016-11-08","vst_ABBY_2016","D16","ABBY","ABBY_065",,"NEON.PLA.D16.ABBY.01148","ok","single shrub","Live",,,2.3,,,,1.8,1.4,,"cylinder",1.4,10,,,,"XZoPj1u9UmznO7Lakic/e+h3MMLMvbQt","Mvo1bt03JMQGnUSOZfuCuKiPzECGjdoQ","legacyData"
"780ab1e4-3637-4882-9b0a-e13ceb4178a6","ABBY_065.basePlot.vst","2016-11-08","vst_ABBY_2016","D16","ABBY","ABBY_065",,"NEON.PLA.D16.ABBY.01156","ok","single shrub","Live",2.5,130,4.9,0.8,,,2.4,1.1,,"ellipsoid or sphere",4.6,10,,,,"XZoPj1u9UmznO7Lakic/e+h3MMLMvbQt","Mvo1bt03JMQGnUSOZfuCuKiPzECGjdoQ","legacyData"
"dd18f973-2982-4d46-a883-85d6e5c6092c","ABBY_065.basePlot.vst","2016-11-08","vst_ABBY_2016","D16","ABBY","ABBY_065",,"NEON.PLA.D16.ABBY.01152","ok","small tree","Live",1.8,130,2.9,,,,,,,,,,,,,"XZoPj1u9UmznO7Lakic/e+h3MMLMvbQt","Mvo1bt03JMQGnUSOZfuCuKiPzECGjdoQ","legacyData"
"1271b8f8-30a5-41ea-8a51-dfe3d18a6fd3","ABBY_065.basePlot.vst","2016-11-08","vst_ABBY_2016","D16","ABBY","ABBY_065",,"NEON.PLA.D16.ABBY.01229","removed",,"No longer qualifies",,,1.4,,,,,,,,1.3,10,,,"2017 nestedSubplotShrubSapling changed from 100 m2 to 25m2 this tag removed.","j5ydqg5LbAPQjAQeKL7rI9pJrz/8aJyT","AXuY4z5ddzGYVtlYIFbF04ZbSE1d77qu","legacyData"
"4c9082b1-e739-4bb0-b03d-33a4d9fa5de0","ABBY_065.basePlot.vst","2016-11-08","vst_ABBY_2016","D16","ABBY","ABBY_065",,"NEON.PLA.D16.ABBY.01164","ok","single shrub","Live",,,4.5,0.6,,,2.1,1.6,,"ellipsoid or sphere",1.0,10,,,,"XZoPj1u9UmznO7Lakic/e+h3MMLMvbQt","Mvo1bt03JMQGnUSOZfuCuKiPzECGjdoQ","legacyData"
"b2f1cde8-f9b0-41f9-9934-c0c2b05a0955","ABBY_065.basePlot.vst","2016-11-08","vst_ABBY_2016","D16","ABBY","ABBY_065",,"NEON.PLA.D16.ABBY.01145","ok","small shrub","Live",,,1.2,0.7,,,0.6,0.5,,"ellipsoid or sphere",1.4,10,,,,"XZoPj1u9UmznO7Lakic/e+h3MMLMvbQt","Mvo1bt03JMQGnUSOZfuCuKiPzECGjdoQ","legacyData"
"8895a474-fb51-4096-8c44-90978fcdd3cf","ABBY_065.basePlot.vst","2016-11-08","vst_ABBY_2016","D16","ABBY","ABBY_065",,"NEON.PLA.D16.ABBY.01208","removed",,"No longer qualifies",,,1.2,,,,,,,,1.4,10,,,"2017 nestedSubplotShrubSapling changed from 100 m2 to 25m2 this tag removed.","j5ydqg5LbAPQjAQeKL7rI9pJrz/8aJyT","AXuY4z5ddzGYVtlYIFbF04ZbSE1d77qu","legacyData"
"b530a58a-3cf1-4716-94e0-415f97bb9709","ABBY_065.basePlot.vst","2016-11-08","vst_ABBY_2016","D16","ABBY","ABBY_065",,"NEON.PLA.D16.ABBY.01143","ok","small tree","Live",3.4,130,3.4,,,,,,,,,,,,,"XZoPj1u9UmznO7Lakic/e+h3MMLMvbQt","Mvo1bt03JMQGnUSOZfuCuKiPzECGjdoQ","legacyData"
"d5e1fa05-9200-4eb4-91f3-954bec637be3","ABBY_065.basePlot.vst","2016-11-08","vst_ABBY_2016","D16","ABBY","ABBY_065",,"NEON.PLA.D16.ABBY.01220","ok","small tree","Live",1.6,10,2.4,,,,,,,,,,,,,"j5ydqg5LbAPQjAQeKL7rI9pJrz/8aJyT","AXuY4z5ddzGYVtlYIFbF04ZbSE1d77qu","legacyData"
"2303f35c-8acf-4c7e-8041-3d7d9559af55","ABBY_065.basePlot.vst","2016-11-08","vst_ABBY_2016","D16","ABBY","ABBY_065",,"NEON.PLA.D16.ABBY.01140","ok","small tree","Live",1.5,130,2.5,,,,,,,,,,,,,"XZoPj1u9UmznO7Lakic/e+h3MMLMvbQt","Mvo1bt03JMQGnUSOZfuCuKiPzECGjdoQ","legacyData"
"0c7df3b9-5c72-442c-9049-c26e1cb3eec8","ABBY_065.basePlot.vst","2016-11-08","vst_ABBY_2016","D16","ABBY","ABBY_065",,"NEON.PLA.D16.ABBY.01160","ok","single shrub","Live",1.9,130,3.6,1.2,,,2.5,1.1,,"ellipsoid or sphere",2.6,,,,,"XZoPj1u9UmznO7Lakic/e+h3MMLMvbQt","Mvo1bt03JMQGnUSOZfuCuKiPzECGjdoQ","legacyData"
"f89a581f-65ee-44b9-85a9-2ab771dd32ce","ABBY_065.basePlot.vst","2016-11-08","vst_ABBY_2016","D16","ABBY","ABBY_065",,"NEON.PLA.D16.ABBY.01156","ok","single shrub","Live",2.7,130,4.9,0.8,,,2.4,1.1,,"ellipsoid or sphere",3.4,10,,,,"XZoPj1u9UmznO7Lakic/e+h3MMLMvbQt","Mvo1bt03JMQGnUSOZfuCuKiPzECGjdoQ","legacyData"
"0f330f80-01ff-473b-9bf5-52c79feb270d","ABBY_065.basePlot.vst","2016-11-08","vst_ABBY_2016","D16","ABBY","ABBY_065",,"NEON.PLA.D16.ABBY.01163","ok","single shrub","Live",2.0,130,4.6,,,,5.0,2.8,,"oblate half-sphere",3.4,10,,,,"XZoPj1u9UmznO7Lakic/e+h3MMLMvbQt","Mvo1bt03JMQGnUSOZfuCuKiPzECGjdoQ","legacyData"
"7b30a675-303a-46e4-9efe-eb4e8115a890","ABBY_065.basePlot.vst","2016-11-08","vst_ABBY_2016","D16","ABBY","ABBY_065",,"NEON.PLA.D16.ABBY.01224","ok","small shrub","Live",,,0.9,,,,1.0,0.7,,"half-sphere",1.2,10,,,,"j5ydqg5LbAPQjAQeKL7rI9pJrz/8aJyT","AXuY4z5ddzGYVtlYIFbF04ZbSE1d77qu","legacyData"
"bdfa0593-9471-4e80-a84d-180c00930bb0","ABBY_065.basePlot.vst","2016-11-08","vst_ABBY_2016","D16","ABBY","ABBY_065",,"NEON.PLA.D16.ABBY.01144","ok","single shrub","Live",1.6,130,2.9,0.7,,,1.5,1.2,,"ellipsoid or sphere",2.1,10,,,,"XZoPj1u9UmznO7Lakic/e+h3MMLMvbQt","Mvo1bt03JMQGnUSOZfuCuKiPzECGjdoQ","legacyData"
"9eb84912-4778-490d-8dff-de6bebe4b2fb","ABBY_065.basePlot.vst","2016-11-08","vst_ABBY_2016","D16","ABBY","ABBY_065",,"NEON.PLA.D16.ABBY.01160","ok","single shrub","Live",1.5,130,3.6,1.2,,,2.5,1.1,,"ellipsoid or sphere",2.2,10,,,,"XZoPj1u9UmznO7Lakic/e+h3MMLMvbQt","Mvo1bt03JMQGnUSOZfuCuKiPzECGjdoQ","legacyData"
"a0fb5122-f0e1-4e26-ba8b-ee5286afe713","ABBY_065.basePlot.vst","2016-11-08","vst_ABBY_2016","D16","ABBY","ABBY_065",,"NEON.PLA.D16.ABBY.01206","ok","sapling","Live",,,1.3,,,,,,,,1.6,10,,,,"j5ydqg5LbAPQjAQeKL7rI9pJrz/8aJyT","AXuY4z5ddzGYVtlYIFbF04ZbSE1d77qu","legacyData"
"3b6a6a75-3242-41d9-b394-ae6781499d34","ABBY_065.basePlot.vst","2016-11-08","vst_ABBY_2016","D16","ABBY","ABBY_065",,"NEON.PLA.D16.ABBY.01225","removed",,"No longer qualifies",2.1,130,2.1,,,,2.0,0.7,,"cylinder",,,,,"2017 nestedSubplotShrubSapling changed from 100 m2 to 25m2 this tag removed.","j5ydqg5LbAPQjAQeKL7rI9pJrz/8aJyT","AXuY4z5ddzGYVtlYIFbF04ZbSE1d77qu","legacyData"
"9b885650-5de2-4566-b433-de786b0d9367","ABBY_065.basePlot.vst","2016-11-08","vst_ABBY_2016","D16","ABBY","ABBY_065",,"NEON.PLA.D16.ABBY.01216","removed",,"No longer qualifies",1.0,130,2.0,,,,,,,,,,,,"2017 nestedSubplotShrubSapling changed from 100 m2 to 25m2 this tag removed.","j5ydqg5LbAPQjAQeKL7rI9pJrz/8aJyT","AXuY4z5ddzGYVtlYIFbF04ZbSE1d77qu","legacyData"
"6b9f002f-9e52-49fa-9b46-182135c7d4ff","ABBY_065.basePlot.vst","2016-11-08","vst_ABBY_2016","D16","ABBY","ABBY_065",,"NEON.PLA.D16.ABBY.01150","ok","small tree","Live",5.5,130,2.4,,,,,,,,,,,,"there is a large bole that runs parallel to the ground","XZoPj1u9UmznO7Lakic/e+h3MMLMvbQt","Mvo1bt03JMQGnUSOZfuCuKiPzECGjdoQ","legacyData"
"35b8ad60-e35a-43ed-a6d7-7e7ea8ef998e","ABBY_065.basePlot.vst","2016-11-08","vst_ABBY_2016","D16","ABBY","ABBY_065",,"NEON.PLA.D16.ABBY.01140","ok","small tree","Live",1.9,10,2.5,,,,,,,,,,,,,"XZoPj1u9UmznO7Lakic/e+h3MMLMvbQt","Mvo1bt03JMQGnUSOZfuCuKiPzECGjdoQ","legacyData"
"9232a778-9bbf-4365-af35-a621d50cd151","ABBY_065.basePlot.vst","2016-11-08","vst_ABBY_2016","D16","ABBY","ABBY_065",,"NEON.PLA.D16.ABBY.01162","ok","small shrub","Live",,,1.4,0.5,,,0.7,0.6,,"ellipsoid or sphere",1.4,10,,,,"XZoPj1u9UmznO7Lakic/e+h3MMLMvbQt","Mvo1bt03JMQGnUSOZfuCuKiPzECGjdoQ","legacyData"
"187a3be5-4a79-494e-8a89-ebf4dd8437b9","ABBY_065.basePlot.vst","2016-11-08","vst_ABBY_2016","D16","ABBY","ABBY_065",,"NEON.PLA.D16.ABBY.01215","removed",,"No longer qualifies",,,0.9,,,,0.5,0.3,,"ellipsoid or sphere",1.0,10,,,"2017 nestedSubplotShrubSapling changed from 100 m2 to 25m2 this tag removed.","j5ydqg5LbAPQjAQeKL7rI9pJrz/8aJyT","AXuY4z5ddzGYVtlYIFbF04ZbSE1d77qu","legacyData"
"dd573602-1dbb-4cc3-bf61-b8d0856f4733","ABBY_065.basePlot.vst","2016-11-08","vst_ABBY_2016","D16","ABBY","ABBY_065",,"NEON.PLA.D16.ABBY.01226","removed",,"No longer qualifies",,,1.3,,,,0.2,0.2,,"cylinder",1.4,10,,,"2017 nestedSubplotShrubSapling changed from 100 m2 to 25m2 this tag removed.","j5ydqg5LbAPQjAQeKL7rI9pJrz/8aJyT","AXuY4z5ddzGYVtlYIFbF04ZbSE1d77qu","legacyData"
"4766d2c3-8dfb-49c7-a068-5c9010c9e1b7","ABBY_065.basePlot.vst","2016-11-08","vst_ABBY_2016","D16","ABBY","ABBY_065",,"NEON.PLA.D16.ABBY.01161","ok","single shrub","Live",2.3,130,4.2,,,,2.1,1.7,,"inverted cone",3.5,10,0.90,0.60,,"XZoPj1u9UmznO7Lakic/e+h3MMLMvbQt","Mvo1bt03JMQGnUSOZfuCuKiPzECGjdoQ","legacyData"
"748c20da-bed2-4ad0-8da7-c845ba14a76c","ABBY_065.basePlot.vst","2016-11-08","vst_ABBY_2016","D16","ABBY","ABBY_065",,"NEON.PLA.D16.ABBY.01230","ok","sapling","Live",,,1.8,,,,,,,,2.0,10,,,,"j5ydqg5LbAPQjAQeKL7rI9pJrz/8aJyT","AXuY4z5ddzGYVtlYIFbF04ZbSE1d77qu","legacyData"
"911dbb5e-9e82-4ca4-bef1-328a6a27a1dd","ABBY_065.basePlot.vst","2016-11-08","vst_ABBY_2016","D16","ABBY","ABBY_065",,"NEON.PLA.D16.ABBY.01139","ok","sapling","Live",,,2.0,,,,,,,,1.6,10,,,,"XZoPj1u9UmznO7Lakic/e+h3MMLMvbQt","Mvo1bt03JMQGnUSOZfuCuKiPzECGjdoQ","legacyData"
"b208fa24-4123-4d35-ae3d-ed7e014921c4","ABBY_065.basePlot.vst","2016-11-08","vst_ABBY_2016","D16","ABBY","ABBY_065",,"NEON.PLA.D16.ABBY.01147","ok","single shrub","Live",1.6,130,3.6,0.5,,,1.7,0.7,,"ellipsoid or sphere",2.9,10,,,,"XZoPj1u9UmznO7Lakic/e+h3MMLMvbQt","Mvo1bt03JMQGnUSOZfuCuKiPzECGjdoQ","legacyData"
"b47e58de-5f3a-4381-92fb-55945a9ad79c","ABBY_065.basePlot.vst","2016-11-08","vst_ABBY_2016","D16","ABBY","ABBY_065",,"NEON.PLA.D16.ABBY.01161","ok","single shrub","Live",2.4,130,4.2,,,,2.1,1.7,,"inverted cone",3.2,10,0.90,0.60,,"XZoPj1u9UmznO7Lakic/e+h3MMLMvbQt","Mvo1bt03JMQGnUSOZfuCuKiPzECGjdoQ","legacyData"
"f70b662b-d8bc-44d6-8cfb-62018344db4e","ABBY_065.basePlot.vst","2016-11-08","vst_ABBY_2016","D16","ABBY","ABBY_065",,"NEON.PLA.D16.ABBY.01148","ok","single shrub","Live",,,2.3,,,,1.8,1.4,,"cylinder",1.4,10,,,,"XZoPj1u9UmznO7Lakic/e+h3MMLMvbQt","Mvo1bt03JMQGnUSOZfuCuKiPzECGjdoQ","legacyData"
"497bbdec-27fa-4295-864a-82e27c649831","ABBY_065.basePlot.vst","2016-11-08","vst_ABBY_2016","D16","ABBY","ABBY_065",,"NEON.PLA.D16.ABBY.01232","removed",,"No longer qualifies",1.5,130,2.6,,,,,,,,,,,,"2017 nestedSubplotShrubSapling changed from 100 m2 to 25m2 this tag removed.","j5ydqg5LbAPQjAQeKL7rI9pJrz/8aJyT","AXuY4z5ddzGYVtlYIFbF04ZbSE1d77qu","legacyData"
"92de6eff-6e54-4eac-8d5b-7fed234ab441","ABBY_065.basePlot.vst","2016-11-08","vst_ABBY_2016","D16","ABBY","ABBY_065",,"NEON.PLA.D16.ABBY.01204","ok","sapling","Live",,,1.4,,,,,,,,1.1,10,,,,"j5ydqg5LbAPQjAQeKL7rI9pJrz/8aJyT","AXuY4z5ddzGYVtlYIFbF04ZbSE1d77qu","legacyData"
"8a35c058-ee5c-46ba-a65f-60483eba6ba7","ABBY_065.basePlot.vst","2016-11-08","vst_ABBY_2016","D16","ABBY","ABBY_065",,"NEON.PLA.D16.ABBY.01231","removed",,"No longer qualifies",5.0,130,2.1,,,,,,,,,,,,"2017 nestedSubplotShrubSapling changed from 100 m2 to 25m2 this tag removed.","j5ydqg5LbAPQjAQeKL7rI9pJrz/8aJyT","AXuY4z5ddzGYVtlYIFbF04ZbSE1d77qu","legacyData"
"d20ca5af-8469-406f-92c0-289ea872c4c9","ABBY_065.basePlot.vst","2016-11-08","vst_ABBY_2016","D16","ABBY","ABBY_065",,"NEON.PLA.D16.ABBY.01204","ok","sapling","Live",,,1.4,,,,,,,,1.1,10,,,,"j5ydqg5LbAPQjAQeKL7rI9pJrz/8aJyT","AXuY4z5ddzGYVtlYIFbF04ZbSE1d77qu","legacyData"
"618cc6bc-1771-44d5-ab21-6424d31d54e0","ABBY_065.basePlot.vst","2016-11-08","vst_ABBY_2016","D16","ABBY","ABBY_065",,"NEON.PLA.D16.ABBY.01153","ok","small tree","Live",1.1,130,2.2,,,,,,,,,,,,,"XZoPj1u9UmznO7Lakic/e+h3MMLMvbQt","Mvo1bt03JMQGnUSOZfuCuKiPzECGjdoQ","legacyData"
"20a9f7fe-95e2-452d-9c16-d932c0a18210","ABBY_065.basePlot.vst","2016-11-08","vst_ABBY_2016","D16","ABBY","ABBY_065",,"NEON.PLA.D16.ABBY.00533","ok","single bole tree","Dead, broken bole",17.8,130,2.2,,2.2,0.8,,,,,,,,,,"j5ydqg5LbAPQjAQeKL7rI9pJrz/8aJyT","AXuY4z5ddzGYVtlYIFbF04ZbSE1d77qu","legacyData"
"53b3f92b-57ba-4423-8be4-cfab8c4d86fa","ABBY_065.basePlot.vst","2016-11-08","vst_ABBY_2016","D16","ABBY","ABBY_065",,"NEON.PLA.D16.ABBY.01163","ok","single shrub","Live",2.0,130,4.6,,,,5.0,2.8,,"oblate half-sphere",3.2,10,,,,"XZoPj1u9UmznO7Lakic/e+h3MMLMvbQt","Mvo1bt03JMQGnUSOZfuCuKiPzECGjdoQ","legacyData"
"15f1b549-3af6-4a18-8aef-220de439a38b","ABBY_065.basePlot.vst","2016-11-08","vst_ABBY_2016","D16","ABBY","ABBY_065",,"NEON.PLA.D16.ABBY.01212","removed",,"No longer qualifies",,,1.5,,,,,,,,1.4,10,,,"2017 nestedSubplotShrubSapling changed from 100 m2 to 25m2 this tag removed.","j5ydqg5LbAPQjAQeKL7rI9pJrz/8aJyT","AXuY4z5ddzGYVtlYIFbF04ZbSE1d77qu","legacyData"
"0a6fa42f-6529-43e6-ba49-0d021d9664a8","ABBY_065.basePlot.vst","2016-11-08","vst_ABBY_2016","D16","ABBY","ABBY_065",,"NEON.PLA.D16.ABBY.01204","ok","sapling","Live",,,1.4,,,,,,,,1.3,10,,,,"j5ydqg5LbAPQjAQeKL7rI9pJrz/8aJyT","AXuY4z5ddzGYVtlYIFbF04ZbSE1d77qu","legacyData"
"8e2e3cd3-cf1a-4e47-a43e-7adcc0255196","ABBY_065.basePlot.vst","2016-11-08","vst_ABBY_2016","D16","ABBY","ABBY_065",,"NEON.PLA.D16.ABBY.00576","ok","single bole tree","Live",58.5,130,38.3,,,,,,,,,,,,,"j5ydqg5LbAPQjAQeKL7rI9pJrz/8aJyT","AXuY4z5ddzGYVtlYIFbF04ZbSE1d77qu","legacyData"
"315d108e-20b0-4aa0-a4c0-963414997c78","ABBY_065.basePlot.vst","2016-11-08","vst_ABBY_2016","D16","ABBY","ABBY_065",,"NEON.PLA.D16.ABBY.01150","ok","small tree","Live, physically damaged",1.8,10,2.4,,,,,,,,,,,,"this stem appears to be browsed on by an animal","XZoPj1u9UmznO7Lakic/e+h3MMLMvbQt","Mvo1bt03JMQGnUSOZfuCuKiPzECGjdoQ","legacyData"
"d0f9a8cc-1fa0-43dd-b291-9d15e34d444e","ABBY_065.basePlot.vst","2016-11-08","vst_ABBY_2016","D16","ABBY","ABBY_065",,"NEON.PLA.D16.ABBY.01142","ok","sapling","Live",,,1.6,,,,,,,,1.8,10,,,,"XZoPj1u9UmznO7Lakic/e+h3MMLMvbQt","Mvo1bt03JMQGnUSOZfuCuKiPzECGjdoQ","legacyData"
"3e800e03-d43b-40e9-bc6e-2b0f2c6eb643","ABBY_065.basePlot.vst","2016-11-08","vst_ABBY_2016","D16","ABBY","ABBY_065",,"NEON.PLA.D16.ABBY.01167","ok","single shrub","Live",2.6,130,4.8,0.8,,,1.7,1.6,,"ellipsoid or sphere",3.5,10,,,,"XZoPj1u9UmznO7Lakic/e+h3MMLMvbQt","Mvo1bt03JMQGnUSOZfuCuKiPzECGjdoQ","legacyData"
"61146398-7d9c-4b46-922d-804f701972c7","ABBY_065.basePlot.vst","2016-11-08","vst_ABBY_2016","D16","ABBY","ABBY_065",,"NEON.PLA.D16.ABBY.01146","ok","small shrub","Live",,,1.2,0.7,,,0.7,0.3,,"ellipsoid or sphere",1.3,10,,,,"XZoPj1u9UmznO7Lakic/e+h3MMLMvbQt","Mvo1bt03JMQGnUSOZfuCuKiPzECGjdoQ","legacyData"
"e8fe9d11-c0b0-41a4-ae5a-f774e215826f","ABBY_065.basePlot.vst","2016-11-08","vst_ABBY_2016","D16","ABBY","ABBY_065",,"NEON.PLA.D16.ABBY.01214","removed",,"No longer qualifies",,,0.9,,,,1.0,0.7,,"half-sphere",1.2,20,,,"2017 nestedSubplotShrubSapling changed from 100 m2 to 25m2 this tag removed.","j5ydqg5LbAPQjAQeKL7rI9pJrz/8aJyT","AXuY4z5ddzGYVtlYIFbF04ZbSE1d77qu","legacyData"
"7d7262ac-b27d-429d-8361-041e38890ba2","ABBY_065.basePlot.vst","2016-11-08","vst_ABBY_2016","D16","ABBY","ABBY_065",,"NEON.PLA.D16.ABBY.01161","ok","single shrub","Live",1.1,130,4.2,,,,2.1,1.7,,"inverted cone",2.1,10,0.90,0.60,,"XZoPj1u9UmznO7Lakic/e+h3MMLMvbQt","Mvo1bt03JMQGnUSOZfuCuKiPzECGjdoQ","legacyData"
"08afca8e-0db1-4ff8-a432-6ed5cd5def9d","ABBY_065.basePlot.vst","2016-11-08","vst_ABBY_2016","D16","ABBY","ABBY_065",,"NEON.PLA.D16.ABBY.01148","ok","single shrub","Live",,,2.3,,,,1.8,1.4,,"cylinder",1.5,10,,,,"XZoPj1u9UmznO7Lakic/e+h3MMLMvbQt","Mvo1bt03JMQGnUSOZfuCuKiPzECGjdoQ","legacyData"
"8e60c670-cfeb-4172-88f6-169600fbc588","ABBY_065.basePlot.vst","2016-11-08","vst_ABBY_2016","D16","ABBY","ABBY_065",,"NEON.PLA.D16.ABBY.01158","ok","single shrub","Live",2.2,130,4.0,1.5,,,1.6,1.3,,"ellipsoid or sphere",3.5,10,,,,"XZoPj1u9UmznO7Lakic/e+h3MMLMvbQt","Mvo1bt03JMQGnUSOZfuCuKiPzECGjdoQ","legacyData"
"aa08fd6b-1f63-406d-8b47-dcc34127c34d","ABBY_065.basePlot.vst","2016-11-08","vst_ABBY_2016","D16","ABBY","ABBY_065",,"NEON.PLA.D16.ABBY.01230","ok","sapling","Live",,,1.8,,,,,,,,1.1,10,,,,"j5ydqg5LbAPQjAQeKL7rI9pJrz/8aJyT","AXuY4z5ddzGYVtlYIFbF04ZbSE1d77qu","legacyData"
"ac790952-8d61-4cb5-b498-6ba4db703b82","ABBY_065.basePlot.vst","2016-11-10","vst_ABBY_2016","D16","ABBY","ABBY_065",,"NEON.PLA.D16.ABBY.01171","ok","single shrub","Live",,,3.7,,,,3.0,2.8,,"half-sphere",2.7,10,,,,"XZoPj1u9UmznO7Lakic/e+h3MMLMvbQt","Mvo1bt03JMQGnUSOZfuCuKiPzECGjdoQ","legacyData"
"73447daa-0e62-47c3-8a18-871426b353b5","ABBY_065.basePlot.vst","2016-11-10","vst_ABBY_2016","D16","ABBY","ABBY_065",,"NEON.PLA.D16.ABBY.01171","ok","single shrub","Live",1.0,130,3.7,,,,3.0,2.8,,"half-sphere",1.4,10,,,,"XZoPj1u9UmznO7Lakic/e+h3MMLMvbQt","Mvo1bt03JMQGnUSOZfuCuKiPzECGjdoQ","legacyData"
"bd1429ef-7f68-46b4-8055-334063ae0e69","ABBY_065.basePlot.vst","2016-11-10","vst_ABBY_2016","D16","ABBY","ABBY_065",,"NEON.PLA.D16.ABBY.01176","ok","single shrub","Live",,,6.1,,,,5.4,3.9,,"half-sphere",1.1,10,,,,"XZoPj1u9UmznO7Lakic/e+h3MMLMvbQt","Mvo1bt03JMQGnUSOZfuCuKiPzECGjdoQ","legacyData"
"fae70403-80fe-4431-8570-4d0b4e88e260","ABBY_065.basePlot.vst","2016-11-10","vst_ABBY_2016","D16","ABBY","ABBY_065",,"NEON.PLA.D16.ABBY.01177","ok","small tree","Live",2.3,130,3.3,,,,,,,,,,,,,"XZoPj1u9UmznO7Lakic/e+h3MMLMvbQt","Mvo1bt03JMQGnUSOZfuCuKiPzECGjdoQ","legacyData"
"0d8c25bb-90b4-44a2-b471-de2fcdec8375","ABBY_065.basePlot.vst","2016-11-10","vst_ABBY_2016","D16","ABBY","ABBY_065",,"NEON.PLA.D16.ABBY.01179","ok","small tree","Live, physically damaged",1.1,130,2.3,,,,,,,,,,,,"Broken bole; appears to have been grazed on by an animal","XZoPj1u9UmznO7Lakic/e+h3MMLMvbQt","Mvo1bt03JMQGnUSOZfuCuKiPzECGjdoQ","legacyData"
"8d7ac299-ce08-40cf-b19e-38ad173b3c48","ABBY_065.basePlot.vst","2016-11-10","vst_ABBY_2016","D16","ABBY","ABBY_065",,"NEON.PLA.D16.ABBY.01178","ok","sapling","Live",,,0.9,,,,,,,,10.0,2,,,,"XZoPj1u9UmznO7Lakic/e+h3MMLMvbQt","Mvo1bt03JMQGnUSOZfuCuKiPzECGjdoQ","legacyData"
"bc5927c4-bb2f-45fc-8fb8-10af18da25ce","ABBY_065.basePlot.vst","2016-11-10","vst_ABBY_2016","D16","ABBY","ABBY_065",,"NEON.PLA.D16.ABBY.01176","ok","single shrub","Live",2.4,130,6.1,,,,5.4,3.9,,"half-sphere",4.6,10,,,,"XZoPj1u9UmznO7Lakic/e+h3MMLMvbQt","Mvo1bt03JMQGnUSOZfuCuKiPzECGjdoQ","legacyData"
"38859ca0-e9de-404c-828c-52b97b97a7eb","ABBY_065.basePlot.vst","2016-11-10","vst_ABBY_2016","D16","ABBY","ABBY_065",,"NEON.PLA.D16.ABBY.01233","ok","small tree","Live",6.6,130,4.2,,,,,,,,,,,,,"XZoPj1u9UmznO7Lakic/e+h3MMLMvbQt","Mvo1bt03JMQGnUSOZfuCuKiPzECGjdoQ","legacyData"
"6b9da026-7a36-4170-8d1b-b42a1fd76bcb","ABBY_065.basePlot.vst","2016-11-10","vst_ABBY_2016","D16","ABBY","ABBY_065",,"NEON.PLA.D16.ABBY.01176","ok","single shrub","Live",3.2,130,6.1,,,,5.4,3.9,,"half-sphere",3.7,10,,,,"XZoPj1u9UmznO7Lakic/e+h3MMLMvbQt","Mvo1bt03JMQGnUSOZfuCuKiPzECGjdoQ","legacyData"
"810cd0e8-518b-473b-ad41-c7def77a33c1","ABBY_065.basePlot.vst","2016-11-10","vst_ABBY_2016","D16","ABBY","ABBY_065",,"NEON.PLA.D16.ABBY.01168","ok","small shrub","Live",,,1.5,0.6,,,0.8,0.6,,"ellipsoid or sphere",2.6,10,,,,"XZoPj1u9UmznO7Lakic/e+h3MMLMvbQt","Mvo1bt03JMQGnUSOZfuCuKiPzECGjdoQ","legacyData"
"2a15c6b4-26ac-40e2-8819-f5020729c9ad","ABBY_065.basePlot.vst","2016-11-10","vst_ABBY_2016","D16","ABBY","ABBY_065",,"NEON.PLA.D16.ABBY.01173","ok","single shrub","Live",1.4,130,2.8,1.2,,,2.0,0.9,,"ellipsoid or sphere",2.3,10,,,,"XZoPj1u9UmznO7Lakic/e+h3MMLMvbQt","Mvo1bt03JMQGnUSOZfuCuKiPzECGjdoQ","legacyData"
"c655f922-5d64-4acd-8869-840f522f3649","ABBY_065.basePlot.vst","2016-11-10","vst_ABBY_2016","D16","ABBY","ABBY_065",,"NEON.PLA.D16.ABBY.01233","ok","small tree","Live",1.7,130,4.2,,,,,,,,,,,,,"XZoPj1u9UmznO7Lakic/e+h3MMLMvbQt","Mvo1bt03JMQGnUSOZfuCuKiPzECGjdoQ","legacyData"
"74775834-1a91-4185-a11f-7c95269bc6c2","ABBY_065.basePlot.vst","2016-11-10","vst_ABBY_2016","D16","ABBY","ABBY_065",,"NEON.PLA.D16.ABBY.01172","ok","single shrub","Live",1.5,130,3.2,0.9,,,1.1,0.8,,"ellipsoid or sphere",2.1,10,,,,"XZoPj1u9UmznO7Lakic/e+h3MMLMvbQt","Mvo1bt03JMQGnUSOZfuCuKiPzECGjdoQ","legacyData"
"81b63c61-7084-4fa0-b17c-30efb68511fb","ABBY_065.basePlot.vst","2016-11-10","vst_ABBY_2016","D16","ABBY","ABBY_065",,"NEON.PLA.D16.ABBY.01176","ok","single shrub","Live",1.5,130,6.1,,,,5.4,3.9,,"half-sphere",1.7,10,,,,"XZoPj1u9UmznO7Lakic/e+h3MMLMvbQt","Mvo1bt03JMQGnUSOZfuCuKiPzECGjdoQ","legacyData"
"9299dbb8-ed45-4de1-b56f-159576bd73a4","ABBY_065.basePlot.vst","2016-11-10","vst_ABBY_2016","D16","ABBY","ABBY_065",,"NEON.PLA.D16.ABBY.01234","ok","small tree","Live",1.2,130,2.2,,,,,,,,,,,,,"XZoPj1u9UmznO7Lakic/e+h3MMLMvbQt","Mvo1bt03JMQGnUSOZfuCuKiPzECGjdoQ","legacyData"
"e46d63e9-b234-4fbc-92e4-63bbe1d0f71e","ABBY_065.basePlot.vst","2016-11-10","vst_ABBY_2016","D16","ABBY","ABBY_065",,"NEON.PLA.D16.ABBY.01233","ok","small tree","Live",2.3,130,4.2,,,,,,,,,,,,,"XZoPj1u9UmznO7Lakic/e+h3MMLMvbQt","Mvo1bt03JMQGnUSOZfuCuKiPzECGjdoQ","legacyData"
"b4875453-ac13-4a84-8d52-015831f6f810","ABBY_065.basePlot.vst","2016-11-10","vst_ABBY_2016","D16","ABBY","ABBY_065",,"NEON.PLA.D16.ABBY.01171","ok","single shrub","Live",1.3,130,3.7,,,,3.0,2.8,,"half-sphere",2.1,10,,,,"XZoPj1u9UmznO7Lakic/e+h3MMLMvbQt","Mvo1bt03JMQGnUSOZfuCuKiPzECGjdoQ","legacyData"
"a9282044-2b15-4354-9a58-19a16cc1898c","ABBY_065.basePlot.vst","2016-11-10","vst_ABBY_2016","D16","ABBY","ABBY_065",,"NEON.PLA.D16.ABBY.01171","ok","single shrub","Live",1.5,130,3.7,,,,3.0,2.8,,"half-sphere",2.8,10,,,,"XZoPj1u9UmznO7Lakic/e+h3MMLMvbQt","Mvo1bt03JMQGnUSOZfuCuKiPzECGjdoQ","legacyData"
"1e621388-19ae-4b5f-87e3-293b63334f59","ABBY_065.basePlot.vst","2016-11-10","vst_ABBY_2016","D16","ABBY","ABBY_065",,"NEON.PLA.D16.ABBY.01171","ok","single shrub","Live",1.0,130,3.7,,,,3.0,2.8,,"half-sphere",2.1,10,,,,"XZoPj1u9UmznO7Lakic/e+h3MMLMvbQt","Mvo1bt03JMQGnUSOZfuCuKiPzECGjdoQ","legacyData"
"7370bded-d609-48af-b32a-1c4c003841c3","ABBY_065.basePlot.vst","2016-11-10","vst_ABBY_2016","D16","ABBY","ABBY_065",,"NEON.PLA.D16.ABBY.01178","ok","sapling","Live",,,0.9,,,,,,,,1.7,10,,,,"XZoPj1u9UmznO7Lakic/e+h3MMLMvbQt","Mvo1bt03JMQGnUSOZfuCuKiPzECGjdoQ","legacyData"
"bf72749f-360c-4f7d-98f4-d982c98732fa","ABBY_065.basePlot.vst","2016-11-10","vst_ABBY_2016","D16","ABBY","ABBY_065",,"NEON.PLA.D16.ABBY.01233","ok","small tree","Live",3.3,130,4.2,,,,,,,,,,,,,"XZoPj1u9UmznO7Lakic/e+h3MMLMvbQt","Mvo1bt03JMQGnUSOZfuCuKiPzECGjdoQ","legacyData"
"f3cf304d-7461-418b-846c-d0b6229888af","ABBY_065.basePlot.vst","2016-11-10","vst_ABBY_2016","D16","ABBY","ABBY_065",,"NEON.PLA.D16.ABBY.01176","ok","single shrub","Live",2.7,130,6.1,,,,5.4,3.9,,"half-sphere",3.2,10,,,,"XZoPj1u9UmznO7Lakic/e+h3MMLMvbQt","Mvo1bt03JMQGnUSOZfuCuKiPzECGjdoQ","legacyData"
"10f28199-8642-4c5e-9c0e-87a0cd1ee9b6","ABBY_065.basePlot.vst","2016-11-10","vst_ABBY_2016","D16","ABBY","ABBY_065",,"NEON.PLA.D16.ABBY.01176","ok","single shrub","Live",2.9,130,6.1,,,,5.4,3.9,,"half-sphere",2.6,10,,,,"XZoPj1u9UmznO7Lakic/e+h3MMLMvbQt","Mvo1bt03JMQGnUSOZfuCuKiPzECGjdoQ","legacyData"
"b2f7e9f9-7311-49e4-aa8f-503583d96f8f","ABBY_065.basePlot.vst","2016-11-10","vst_ABBY_2016","D16","ABBY","ABBY_065",,"NEON.PLA.D16.ABBY.01235","ok","single bole tree","Dead, broken bole",18.3,130,4.7,,4.7,18.3,,,,,,,,,,"XZoPj1u9UmznO7Lakic/e+h3MMLMvbQt","Mvo1bt03JMQGnUSOZfuCuKiPzECGjdoQ","legacyData"
"93327f6d-5bb6-42e8-ab79-5c78397d5d5d","ABBY_065.basePlot.vst","2016-11-10","vst_ABBY_2016","D16","ABBY","ABBY_065",,"NEON.PLA.D16.ABBY.01176","ok","single shrub","Live",3.9,130,6.1,,,,5.4,3.9,,"half-sphere",5.0,10,,,,"XZoPj1u9UmznO7Lakic/e+h3MMLMvbQt","Mvo1bt03JMQGnUSOZfuCuKiPzECGjdoQ","legacyData"
"9c883d16-0072-4ecb-a9de-f71b6afbfde9","ABBY_065.basePlot.vst","2016-11-10","vst_ABBY_2016","D16","ABBY","ABBY_065",,"NEON.PLA.D16.ABBY.01176","ok","single shrub","Live",2.7,130,6.1,,,,5.4,3.9,,"half-sphere",3.8,10,,,,"XZoPj1u9UmznO7Lakic/e+h3MMLMvbQt","Mvo1bt03JMQGnUSOZfuCuKiPzECGjdoQ","legacyData"
"2d4642f8-3d0d-42c6-b6d4-33ac23c2d0fc","ABBY_065.basePlot.vst","2016-11-10","vst_ABBY_2016","D16","ABBY","ABBY_065",,"NEON.PLA.D16.ABBY.01171","ok","single shrub","Live",1.4,130,3.7,,,,3.0,2.8,,"half-sphere",3.6,10,,,,"XZoPj1u9UmznO7Lakic/e+h3MMLMvbQt","Mvo1bt03JMQGnUSOZfuCuKiPzECGjdoQ","legacyData"
"eeebfe5c-12ad-4457-b498-6887d9a89f59","ABBY_065.basePlot.vst","2016-11-10","vst_ABBY_2016","D16","ABBY","ABBY_065",,"NEON.PLA.D16.ABBY.01175","ok","small shrub","Live",,,1.5,0.6,,,0.7,0.5,,"ellipsoid or sphere",1.0,,,,,"XZoPj1u9UmznO7Lakic/e+h3MMLMvbQt","Mvo1bt03JMQGnUSOZfuCuKiPzECGjdoQ","legacyData"
"f6133fc4-988e-41f6-8ba1-0faf57ca3d96","ABBY_065.basePlot.vst","2016-11-10","vst_ABBY_2016","D16","ABBY","ABBY_065",,"NEON.PLA.D16.ABBY.01181","ok","small tree","Live",1.8,130,2.8,,,,,,,,,,,,,"XZoPj1u9UmznO7Lakic/e+h3MMLMvbQt","Mvo1bt03JMQGnUSOZfuCuKiPzECGjdoQ","legacyData"
"700896da-59e7-4454-b9e9-53f3f8358abb","ABBY_065.basePlot.vst","2016-11-10","vst_ABBY_2016","D16","ABBY","ABBY_065",,"NEON.PLA.D16.ABBY.01171","ok","single shrub","Live",1.2,130,3.7,,,,3.0,2.8,,"half-sphere",2.4,10,,,,"XZoPj1u9UmznO7Lakic/e+h3MMLMvbQt","Mvo1bt03JMQGnUSOZfuCuKiPzECGjdoQ","legacyData"
"cded5672-8703-4b98-b4fb-8f1bdb7a90ac","ABBY_065.basePlot.vst","2016-11-10","vst_ABBY_2016","D16","ABBY","ABBY_065",,"NEON.PLA.D16.ABBY.01233","ok","small tree","Live",2.3,130,4.2,,,,,,,,,,,,,"XZoPj1u9UmznO7Lakic/e+h3MMLMvbQt","Mvo1bt03JMQGnUSOZfuCuKiPzECGjdoQ","legacyData"
"91a81c13-3479-45d3-b432-698827694457","ABBY_065.basePlot.vst","2016-11-10","vst_ABBY_2016","D16","ABBY","ABBY_065",,"NEON.PLA.D16.ABBY.01171","ok","single shrub","Live",1.2,130,3.7,,,,3.0,2.8,,"half-sphere",2.5,10,,,,"XZoPj1u9UmznO7Lakic/e+h3MMLMvbQt","Mvo1bt03JMQGnUSOZfuCuKiPzECGjdoQ","legacyData"
"77506974-4a08-4e13-bf6d-b6c45df84135","ABBY_065.basePlot.vst","2016-11-10","vst_ABBY_2016","D16","ABBY","ABBY_065",,"NEON.PLA.D16.ABBY.01169","ok","single shrub","Live",2.2,130,4.1,1.3,,,1.9,1.8,,"ellipsoid or sphere",4.5,10,,,,"XZoPj1u9UmznO7Lakic/e+h3MMLMvbQt","Mvo1bt03JMQGnUSOZfuCuKiPzECGjdoQ","legacyData"
"5b5d3759-53b1-44f6-8ecf-35653f3b3d89","ABBY_065.basePlot.vst","2016-11-10","vst_ABBY_2016","D16","ABBY","ABBY_065",,"NEON.PLA.D16.ABBY.01174","ok","single shrub","Live",2.3,130,3.9,0.6,,,1.2,0.9,,"ellipsoid or sphere",2.9,10,,,,"XZoPj1u9UmznO7Lakic/e+h3MMLMvbQt","Mvo1bt03JMQGnUSOZfuCuKiPzECGjdoQ","legacyData"
"4dab583a-9d36-4536-9e54-6d430e71b748","ABBY_065.basePlot.vst","2016-11-10","vst_ABBY_2016","D16","ABBY","ABBY_065",,"NEON.PLA.D16.ABBY.01179","ok","small tree","Live, physically damaged",2.4,10,2.3,,,,,,,,,,,,"Broken bole; appears to have been grazed on by an animal","XZoPj1u9UmznO7Lakic/e+h3MMLMvbQt","Mvo1bt03JMQGnUSOZfuCuKiPzECGjdoQ","legacyData"
"92c7e78d-4899-4b62-87b2-510985a1c8da","ABBY_065.basePlot.vst","2016-11-10","vst_ABBY_2016","D16","ABBY","ABBY_065",,"NEON.PLA.D16.ABBY.01171","ok","single shrub","Live",1.3,130,3.7,,,,3.0,2.8,,"half-sphere",1.9,10,,,,"XZoPj1u9UmznO7Lakic/e+h3MMLMvbQt","Mvo1bt03JMQGnUSOZfuCuKiPzECGjdoQ","legacyData"
"2389a368-75bb-4477-9cbf-e1c2974ada05","ABBY_065.basePlot.vst","2016-11-10","vst_ABBY_2016","D16","ABBY","ABBY_065",,"NEON.PLA.D16.ABBY.01170","ok","sapling","Live",,,2.1,,,,,,,,2.1,10,,,,"XZoPj1u9UmznO7Lakic/e+h3MMLMvbQt","Mvo1bt03JMQGnUSOZfuCuKiPzECGjdoQ","legacyData"
"8481cabf-2d99-43eb-b8d1-4b3c8d9492ca","ABBY_065.basePlot.vst","2016-11-10","vst_ABBY_2016","D16","ABBY","ABBY_065",,"NEON.PLA.D16.ABBY.01178","ok","sapling","Live",,,0.9,,,,,,,,2.0,10,,,,"XZoPj1u9UmznO7Lakic/e+h3MMLMvbQt","Mvo1bt03JMQGnUSOZfuCuKiPzECGjdoQ","legacyData"
"df4d1011-e3e2-407f-8afc-f31411f69722","ABBY_065.basePlot.vst","2016-11-10","vst_ABBY_2016","D16","ABBY","ABBY_065",,"NEON.PLA.D16.ABBY.01233","ok","small tree","Live",8.2,130,4.2,,,,,,,,,,,,,"XZoPj1u9UmznO7Lakic/e+h3MMLMvbQt","Mvo1bt03JMQGnUSOZfuCuKiPzECGjdoQ","legacyData"
"f2341ad0-33e6-44de-bdb2-b2e7a2d8a605","ABBY_065.basePlot.vst","2016-11-10","vst_ABBY_2016","D16","ABBY","ABBY_065",,"NEON.PLA.D16.ABBY.01178","ok","sapling","Live",,,0.9,,,,,,,,1.5,10,,,,"XZoPj1u9UmznO7Lakic/e+h3MMLMvbQt","Mvo1bt03JMQGnUSOZfuCuKiPzECGjdoQ","legacyData"
"41fc085a-d91b-4eb0-9ed6-250d4f8f2c17","ABBY_065.basePlot.vst","2016-11-10","vst_ABBY_2016","D16","ABBY","ABBY_065",,"NEON.PLA.D16.ABBY.01176","ok","single shrub","Live",1.8,130,6.1,,,,5.4,3.9,,"half-sphere",2.7,10,,,,"XZoPj1u9UmznO7Lakic/e+h3MMLMvbQt","Mvo1bt03JMQGnUSOZfuCuKiPzECGjdoQ","legacyData"
"7a3ac3f2-59e3-4a50-9f07-da6b672ac4b4","ABBY_065.basePlot.vst","2016-11-10","vst_ABBY_2016","D16","ABBY","ABBY_065",,"NEON.PLA.D16.ABBY.01176","ok","single shrub","Live",2.2,130,6.1,,,,5.4,3.9,,"half-sphere",3.1,10,,,,"XZoPj1u9UmznO7Lakic/e+h3MMLMvbQt","Mvo1bt03JMQGnUSOZfuCuKiPzECGjdoQ","legacyData"
"8eaf3264-ae3b-4e7d-ad8a-b7885410c877","ABBY_065.basePlot.vst","2016-11-10","vst_ABBY_2016","D16","ABBY","ABBY_065",,"NEON.PLA.D16.ABBY.01176","ok","single shrub","Live",1.9,130,6.1,,,,5.4,3.9,,"half-sphere",2.3,10,,,,"XZoPj1u9UmznO7Lakic/e+h3MMLMvbQt","Mvo1bt03JMQGnUSOZfuCuKiPzECGjdoQ","legacyData"
"01d731a3-4c35-47f2-b5aa-df75c4b8e00f","ABBY_065.basePlot.vst","2016-11-10","vst_ABBY_2016","D16","ABBY","ABBY_065",,"NEON.PLA.D16.ABBY.01171","ok","single shrub","Live",1.3,130,3.7,,,,3.0,2.8,,"half-sphere",2.1,10,,,,"XZoPj1u9UmznO7Lakic/e+h3MMLMvbQt","Mvo1bt03JMQGnUSOZfuCuKiPzECGjdoQ","legacyData"
"fd9ae880-e3c5-4929-a0cb-19ca7337d69b","ABBY_065.basePlot.vst","2016-11-10","vst_ABBY_2016","D16","ABBY","ABBY_065",,"NEON.PLA.D16.ABBY.01178","ok","sapling","Live",,,0.9,,,,,,,,1.5,10,,,,"XZoPj1u9UmznO7Lakic/e+h3MMLMvbQt","Mvo1bt03JMQGnUSOZfuCuKiPzECGjdoQ","legacyData"
"5b84c683-601d-4f1d-bcc4-6aa118cfeada","ABBY_065.basePlot.vst","2016-11-10","vst_ABBY_2016","D16","ABBY","ABBY_065",,"NEON.PLA.D16.ABBY.01234","ok","small tree","Live",1.4,130,2.2,,,,,,,,,,,,,"XZoPj1u9UmznO7Lakic/e+h3MMLMvbQt","Mvo1bt03JMQGnUSOZfuCuKiPzECGjdoQ","legacyData"
"8c6c5d48-cb33-4c85-8c0d-651e50ea9b14","ABBY_065.basePlot.vst","2016-11-10","vst_ABBY_2016","D16","ABBY","ABBY_065",,"NEON.PLA.D16.ABBY.01176","ok","single shrub","Live",3.5,130,6.1,,,,5.4,3.9,,"half-sphere",4.5,10,,,,"XZoPj1u9UmznO7Lakic/e+h3MMLMvbQt","Mvo1bt03JMQGnUSOZfuCuKiPzECGjdoQ","legacyData"
"fce9e594-cc96-4a86-b074-68f82917763b","ABBY_065.basePlot.vst","2016-11-10","vst_ABBY_2016","D16","ABBY","ABBY_065",,"NEON.PLA.D16.ABBY.01180","ok","small tree","Live",1.8,130,2.9,,,,,,,,,,,,,"XZoPj1u9UmznO7Lakic/e+h3MMLMvbQt","Mvo1bt03JMQGnUSOZfuCuKiPzECGjdoQ","legacyData"
"bd28df48-016f-47f9-a147-67293263d8eb","ABBY_065.basePlot.vst","2016-11-10","vst_ABBY_2016","D16","ABBY","ABBY_065",,"NEON.PLA.D16.ABBY.01234","ok","small tree","Live",1.1,130,2.2,,,,,,,,,,,,,"XZoPj1u9UmznO7Lakic/e+h3MMLMvbQt","Mvo1bt03JMQGnUSOZfuCuKiPzECGjdoQ","legacyData"
"d3dc934c-809f-483e-8366-7030bce6f6cf","ABBY_065.basePlot.vst","2016-11-10","vst_ABBY_2016","D16","ABBY","ABBY_065",,"NEON.PLA.D16.ABBY.01171","ok","single shrub","Live",1.3,130,3.7,,,,3.0,2.8,,"half-sphere",2.6,10,,,,"XZoPj1u9UmznO7Lakic/e+h3MMLMvbQt","Mvo1bt03JMQGnUSOZfuCuKiPzECGjdoQ","legacyData"
"602944ea-e828-4ba3-8b25-6abb10e2279a","ABBY_065.basePlot.vst","2016-11-10","vst_ABBY_2016","D16","ABBY","ABBY_065",,"NEON.PLA.D16.ABBY.01175","ok","small shrub","Live",,,1.5,0.6,,,0.7,0.5,,"ellipsoid or sphere",1.3,10,,,,"XZoPj1u9UmznO7Lakic/e+h3MMLMvbQt","Mvo1bt03JMQGnUSOZfuCuKiPzECGjdoQ","legacyData"
