uid,namedLocation,domainID,siteID,plotID,plotType,nlcdClass,decimalLatitude,decimalLongitude,geodeticDatum,coordinateUncertainty,elevation,elevationUncertainty,collectDate,eventID,sampleID,sampleCode,samplingMethod,totalSampledArea,targetTaxaPresent,adultCount,nymphCount,larvaCount,sampleCondition,samplingProtocolVersion,measuredBy,remarks
"559f8a54-80f0-40fc-ae8f-ad96e23d3787","DELA_001.tickPlot.tck","D08","DELA","DELA_001","distributed","woodyWetlands",32.533269,-87.805425,"WGS84",20.2,27.5,0.3,"2017-08-02T14:35Z","DELA.2017.32","DELA_001.20170802",,"drag",105,"Y",0,1,0,"No known compromise","NEON.DOC.014045vH","Ty5ktdGiRSqkqUWm9Npw4JAlXmlUMfF/XyCnO5fUs8Q=",
"37782aaf-ea0e-4df7-a3b2-071a2c827b52","DELA_008.tickPlot.tck","D08","DELA","DELA_008","distributed","woodyWetlands",32.538884,-87.814145,"WGS84",20.1,24.5,0.2,"2017-08-02T15:04Z","DELA.2017.32",,,"drag and flag",90,"N",0,0,0,,"NEON.DOC.014045vH","nDk3u3/Gyje+hKaTCMqqjsY5CgZT7s9cLLilPZHkLiA=",
"c75b9ae5-6e08-427f-afaf-76e393824591","DELA_016.tickPlot.tck","D08","DELA","DELA_016","distributed","evergreenForest",32.536850,-87.806995,"WGS84",20.2,23.6,0.3,"2017-08-02T15:13Z","DELA.2017.32",,,"drag and flag",160,"N",0,0,0,,"NEON.DOC.014045vH","KKNuFX5dge7mCdak4zDwt3YSZKmfGLU1bCRmDnOYr9Q=",
"de9ee5a7-1415-493d-bf07-c7d825d83235","DELA_007.tickPlot.tck","D08","DELA","DELA_007","distributed","woodyWetlands",32.538957,-87.799922,"WGS84",20.2,25.7,0.2,"2017-08-02T16:08Z","DELA.2017.32",,,"drag",100,"N",0,0,0,,"NEON.DOC.014045vH","KKNuFX5dge7mCdak4zDwt3YSZKmfGLU1bCRmDnOYr9Q=",
"e3441904-1601-4ff2-a87e-9a7fdc7b4e74","DELA_005.tickPlot.tck","D08","DELA","DELA_005","distributed","woodyWetlands",32.524379,-87.813851,"WGS84",20.1,27.0,0.3,"2017-08-02T16:31Z","DELA.2017.32",,,"drag",160,"N",0,0,0,,"NEON.DOC.014045vH","nDk3u3/Gyje+hKaTCMqqjsY5CgZT7s9cLLilPZHkLiA=",
"19a60571-397c-4a3c-995f-b5b0b3daaba4","DELA_014.tickPlot.tck","D08","DELA","DELA_014","distributed","evergreenForest",32.530627,-87.819367,"WGS84",20.2,33.0,0.2,"2017-08-02T17:36Z","DELA.2017.32",,,"drag",160,"N",0,0,0,,"NEON.DOC.014045vH","nDk3u3/Gyje+hKaTCMqqjsY5CgZT7s9cLLilPZHkLiA=",
"50e3b29c-5722-4f31-8ce2-d55c8ec1013c","DELA_001.tickPlot.tck","D08","DELA","DELA_001","distributed","woodyWetlands",32.533269,-87.805425,"WGS84",20.2,27.5,0.3,"2017-08-24T13:49Z","DELA.2017.35",,,"drag and flag",120,"N",0,0,0,,"NEON.DOC.014045vH","LVAPgAv6xh19C/3VJQSXPdnCeq509g5NN3aoB1Pgu+U=",
"9eb0409b-8f0a-45a7-a5a8-ffb9ab5e4725","DELA_005.tickPlot.tck","D08","DELA","DELA_005","distributed","woodyWetlands",32.524379,-87.813851,"WGS84",20.1,27.0,0.3,"2017-08-24T14:03Z","DELA.2017.35",,,"drag and flag",160,"N",0,0,0,,"NEON.DOC.014045vH","e4mK0Nb933ORoTt9P0Pn8vNjKiO14aziQXlYMjv7H1k=",
"502ab661-d255-42a8-ab3e-d68d642f4ab5","DELA_007.tickPlot.tck","D08","DELA","DELA_007","distributed","woodyWetlands",32.538957,-87.799922,"WGS84",20.2,25.7,0.2,"2017-08-24T14:41Z","DELA.2017.35","DELA_007.20170824",,"drag and flag",140,"Y",0,2,0,"No known compromise","NEON.DOC.014045vH","LVAPgAv6xh19C/3VJQSXPdnCeq509g5NN3aoB1Pgu+U=",
"5103aba0-0ede-48a7-8f86-4f35f3425d14","DELA_014.tickPlot.tck","D08","DELA","DELA_014","distributed","evergreenForest",32.530627,-87.819367,"WGS84",20.2,33.0,0.2,"2017-08-24T15:05Z","DELA.2017.35","DELA_014.20170824",,"drag and flag",160,"Y",0,2,0,"No known compromise","NEON.DOC.014045vH","e4mK0Nb933ORoTt9P0Pn8vNjKiO14aziQXlYMjv7H1k=",
"9b7fc6a4-3788-44d2-8d94-618cd325bd35","DELA_008.tickPlot.tck","D08","DELA","DELA_008","distributed","woodyWetlands",32.538884,-87.814145,"WGS84",20.1,24.5,0.2,"2017-08-24T16:44Z","DELA.2017.35",,,"drag and flag",160,"N",0,0,0,"No known compromise","NEON.DOC.014045vH","cJDN8FQ+G8BHe8OkvD5PMz1h/kcM7qXCzeFqTpXsSj4=",
"fe83dfcc-b8d4-417b-b975-57cc38da3622","DELA_016.tickPlot.tck","D08","DELA","DELA_016","distributed","evergreenForest",32.536850,-87.806995,"WGS84",20.2,23.6,0.3,"2017-08-24T17:37Z","DELA.2017.35",,,"drag and flag",160,"N",0,0,0,"No known compromise","NEON.DOC.014045vH","cJDN8FQ+G8BHe8OkvD5PMz1h/kcM7qXCzeFqTpXsSj4=",
