uid,namedLocation,plotID,collectDate,identifiedDate,sampleID,subsampleID,scientificName,acceptedTaxonID,taxonRank,family,subfamily,tribe,subtribe,genus,subgenus,specificEpithet,infraspecificEpithet,identificationQualifier,identificationReferences,identificationProtocolVersion,scientificNameAuthorship,sexOrAge,individualCount,sampleCondition,archiveMedium,archiveFacilityID,deprecatedVialID,identifiedBy,laboratoryName,remarks
"c9bb3d0e-1ff0-41f2-9003-147e93ab135b","ORNL_009.tickPlot.tck","ORNL_009","2015-08-17T12:55Z","2016-10-28T16:00Z","ORNL_009.20150817","ORNL_009.20150817.IXOSP.L","Ixodidae sp.","IXOSP","family","Ixodidae",,,,,,"sp.",,,,"GSU_tickIdentification_SOP_2016-11-01.pdf",,"Larva",1,"OK","90% ethanol","USNMENT00865002","ORNL_009.20150817.6.1.larvae","L. Beati","Georgia Southern University",
"e2e73191-ca23-4290-83eb-c57d6680f98a","ORNL_009.tickPlot.tck","ORNL_009","2015-08-17T12:55Z","2016-10-28T16:00Z","ORNL_009.20150817","ORNL_009.20150817.AMBAME.N","Amblyomma americanum","AMBAME","species","Ixodidae",,,,"Amblyomma",,"americanum",,,"Cooley, R. A. and G. M. Kohls. 1944. The genus Amblyomma (ixodidae) in the United States. The Journal of Parasitology, 30(2):77-111.","GSU_tickIdentification_SOP_2016-11-01.pdf","Linnaeus","Nymph",6,"OK","90% ethanol","USNMENT00865003","ORNL_009.20150817.6.1.Nymph","L. Beati","Georgia Southern University",
"8da2e964-8a9a-495d-9a03-f07b2c675abc","ORNL_040.tickPlot.tck","ORNL_040","2015-08-17T12:59Z","2016-10-28T16:00Z","ORNL_040.20150817","ORNL_040.20150817.IXOSP.L","Ixodidae sp.","IXOSP","family","Ixodidae",,,,,,"sp.",,,,"GSU_tickIdentification_SOP_2016-11-01.pdf",,"Larva",1,"OK","90% ethanol","USNMENT00865067","ORNL_040.20150817.6.1.larvae","L. Beati","Georgia Southern University",
"f8faf33a-0fd0-4828-a364-feec85e6ecbf","ORNL_040.tickPlot.tck","ORNL_040","2015-08-17T12:59Z","2016-10-28T16:00Z","ORNL_040.20150817","ORNL_040.20150817.AMBAME.N","Amblyomma americanum","AMBAME","species","Ixodidae",,,,"Amblyomma",,"americanum",,,"Cooley, R. A. and G. M. Kohls. 1944. The genus Amblyomma (ixodidae) in the United States. The Journal of Parasitology, 30(2):77-111.","GSU_tickIdentification_SOP_2016-11-01.pdf","Linnaeus","Nymph",1,"OK","90% ethanol","USNMENT00865068","ORNL_040.20150817.6.1.Nymph","L. Beati","Georgia Southern University",
"222bbd9c-dd5b-4092-bee0-55853f2f34d8","ORNL_008.tickPlot.tck","ORNL_008","2015-08-17T14:20Z","2016-10-28T16:00Z","ORNL_008.20150817","ORNL_008.20150817.AMBAME.N","Amblyomma americanum","AMBAME","species","Ixodidae",,,,"Amblyomma",,"americanum",,,"Cooley, R. A. and G. M. Kohls. 1944. The genus Amblyomma (ixodidae) in the United States. The Journal of Parasitology, 30(2):77-111.","GSU_tickIdentification_SOP_2016-11-01.pdf","Linnaeus","Nymph",2,"OK","90% ethanol","USNMENT00865176","ORNL_008.20150817.6.1.Nymph","L. Beati","Georgia Southern University",
"fb627121-4e56-4172-ba65-5aaa49f3e53b","ORNL_008.tickPlot.tck","ORNL_008","2015-08-17T14:20Z","2016-10-28T16:00Z","ORNL_008.20150817","ORNL_008.20150817.IXOSP.L","Ixodidae sp.","IXOSP","family","Ixodidae",,,,,,"sp.",,,,"GSU_tickIdentification_SOP_2016-11-01.pdf",,"Larva",1,"OK","90% ethanol","USNMENT00865175","ORNL_008.20150817.6.1.larvae","L. Beati","Georgia Southern University",
"f66a8b8b-a88d-4a72-9bc0-80166b986c7b","ORNL_002.tickPlot.tck","ORNL_002","2015-08-17T14:45Z","2016-10-28T16:00Z","ORNL_002.20150817","ORNL_002.20150817.AMBAME.N","Amblyomma americanum","AMBAME","species","Ixodidae",,,,"Amblyomma",,"americanum",,,"Cooley, R. A. and G. M. Kohls. 1944. The genus Amblyomma (ixodidae) in the United States. The Journal of Parasitology, 30(2):77-111.","GSU_tickIdentification_SOP_2016-11-01.pdf","Linnaeus","Nymph",19,"Other","90% ethanol","USNMENT00865070","ORNL_002.20150817.6.1.Nymph","L. Beati","Georgia Southern University","4 slightly damaged"
"5929b4e8-625d-426a-af96-f288fe1453df","ORNL_002.tickPlot.tck","ORNL_002","2015-08-17T14:45Z","2016-10-28T16:00Z","ORNL_002.20150817","ORNL_002.20150817.IXOSP.L","Ixodidae sp.","IXOSP","family","Ixodidae",,,,,,"sp.",,,,"GSU_tickIdentification_SOP_2016-11-01.pdf",,"Larva",1,"OK","90% ethanol","USNMENT00865054","ORNL_002.20150817.6.1.larvae","L. Beati","Georgia Southern University",
"aeabc058-d71a-406e-83c0-d892e5751990","ORNL_007.tickPlot.tck","ORNL_007","2015-08-17T15:46Z","2016-10-28T16:00Z","ORNL_007.20150817","ORNL_007.20150817.IXOSP.L","Ixodidae sp.","IXOSP","family","Ixodidae",,,,,,"sp.",,,,"GSU_tickIdentification_SOP_2016-11-01.pdf",,"Larva",1,"OK","90% ethanol","USNMENT00865069","ORNL_007.20150817.6.1.larvae","L. Beati","Georgia Southern University",
"7cda354a-7636-4a57-9335-1cbf1fcb5c77","ORNL_007.tickPlot.tck","ORNL_007","2015-08-17T15:46Z","2016-10-28T16:00Z","ORNL_007.20150817","ORNL_007.20150817.IXOSCA.N","Ixodes scapularis","IXOSCA","species","Ixodidae",,,,"Ixodes",,"scapularis",,,"Keirans, J. E., and C. M. Clifford. 1978. The genus Ixodes in the United States: a scanning electron microscope study and key to the adults. Journal of Medical Entomology, 15(Supplement 2):1-38.","GSU_tickIdentification_SOP_2016-11-01.pdf","Say","Nymph",1,"OK","90% ethanol","USNMENT00865001","ORNL_007.20150817.6.1.Nymph","L. Beati","Georgia Southern University",
"8338e787-c58f-43e1-b5ea-1c2b06d72ee2","ORNL_007.tickPlot.tck","ORNL_007","2015-08-17T15:46Z","2016-10-28T16:00Z","ORNL_007.20150817","ORNL_007.20150817.AMBAME.N","Amblyomma americanum","AMBAME","species","Ixodidae",,,,"Amblyomma",,"americanum",,,"Cooley, R. A. and G. M. Kohls. 1944. The genus Amblyomma (ixodidae) in the United States. The Journal of Parasitology, 30(2):77-111.","GSU_tickIdentification_SOP_2016-11-01.pdf","Linnaeus","Nymph",8,"OK","90% ethanol","USNMENT00865000","ORNL_007.20150817.6.1.Nymph","L. Beati","Georgia Southern University",
