uid,namedLocation,domainID,siteID,plotID,plotType,nlcdClass,decimalLatitude,decimalLongitude,geodeticDatum,coordinateUncertainty,elevation,elevationUncertainty,collectDate,eventID,sampleID,sampleCode,samplingMethod,totalSampledArea,targetTaxaPresent,adultCount,nymphCount,larvaCount,sampleCondition,samplingProtocolVersion,measuredBy,remarks
"befa157f-08a0-4a0b-a784-dd52800249ed","ORNL_009.tickPlot.tck","D07","ORNL","ORNL_009","distributed","deciduousForest",35.974902,-84.226630,"WGS84",20.2,337.1,0.2,"2015-08-17T12:55Z","ORNL.2015.33","ORNL_009.20150817",,"drag and flag",160,"Y",0,6,177,"No known compromise","NEON.DOC.014045vF","xvXXx2YfvliZ3zsHMcdXOaIt4dnvXIe8wSogS8jrnDA=",
"bc5c853f-e13e-4ab5-b4eb-4d62b9e5dc43","ORNL_040.tickPlot.tck","D07","ORNL","ORNL_040","distributed","evergreenForest",35.975525,-84.305103,"WGS84",20.2,273.2,0.2,"2015-08-17T12:59Z","ORNL.2015.33","ORNL_040.20150817",,"drag and flag",160,"Y",0,1,8,"No known compromise","NEON.DOC.014045vF","nWRBOaU124b01Rs+iLGaSLZBvwgmQ5i5",
"882378f1-3832-42f6-8645-2d7f2ac1687b","ORNL_008.tickPlot.tck","D07","ORNL","ORNL_008","distributed","deciduousForest",35.933531,-84.334016,"WGS84",20.3,322.7,0.3,"2015-08-17T14:20Z","ORNL.2015.33","ORNL_008.20150817",,"drag",160,"Y",0,2,84,"No known compromise","NEON.DOC.014045vF","nWRBOaU124b01Rs+iLGaSLZBvwgmQ5i5",
"4902209f-acb8-41d4-af3b-a9215df575be","ORNL_002.tickPlot.tck","D07","ORNL","ORNL_002","distributed","deciduousForest",35.983090,-84.211654,"WGS84",20.3,338.6,0.5,"2015-08-17T14:45Z","ORNL.2015.33","ORNL_002.20150817",,"drag and flag",160,"Y",0,18,100,"No known compromise","NEON.DOC.014045vF","xvXXx2YfvliZ3zsHMcdXOaIt4dnvXIe8wSogS8jrnDA=",
"0c861d03-27ac-4f3f-b905-b98224c2ff5c","ORNL_007.tickPlot.tck","D07","ORNL","ORNL_007","distributed","deciduousForest",35.925843,-84.328420,"WGS84",20.2,279.4,0.5,"2015-08-17T15:46Z","ORNL.2015.33","ORNL_007.20150817",,"drag",160,"Y",0,9,29,"No known compromise","NEON.DOC.014045vF","nWRBOaU124b01Rs+iLGaSLZBvwgmQ5i5",
