uid,namedLocation,plotID,collectDate,identifiedDate,sampleID,subsampleID,scientificName,acceptedTaxonID,taxonRank,family,subfamily,tribe,subtribe,genus,subgenus,specificEpithet,infraspecificEpithet,identificationQualifier,identificationReferences,identificationProtocolVersion,scientificNameAuthorship,sexOrAge,individualCount,sampleCondition,archiveMedium,archiveFacilityID,deprecatedVialID,identifiedBy,laboratoryName,remarks
"7453bb75-bff0-44f0-89ae-5b4db5902d3d","OAES_004.tickPlot.tck","OAES_004","2017-08-08T13:40Z","2018-01-19T17:00Z","OAES_004.20170808","OAES_004.20170808.DERVAR.F","Dermacentor variabilis","DERVAR","species","Ixodidae",,,,"Dermacentor",,"variabilis",,,"Yunker, C. E., Keirans, J. E., Clifford, C. M., and E. R. Easton. 1986. Dermacentor ticks (Acari: Ixodoidea: Ixodidae) of the New World: a scanning electron microscope atlas. Proceedings of the Entomological Society of Washington, 88(4):609-627.","GSU_tickIdentification_SOP_2016-11-01.pdf","Say","Female",1,"OK","90% ethanol","USNMENT01358799","OAES_004.20170808.DERVAR.F","Lorenza Beati","Georgia Southern University","TO PAULA"
"bafdef93-168d-43cf-aa79-8d9fedf0fdf1","OAES_021.tickPlot.tck","OAES_021","2017-08-08T14:30Z","2018-01-19T17:00Z","OAES_021.20170808","OAES_021.20170808.DERVAR.F","Dermacentor variabilis","DERVAR","species","Ixodidae",,,,"Dermacentor",,"variabilis",,,"Yunker, C. E., Keirans, J. E., Clifford, C. M., and E. R. Easton. 1986. Dermacentor ticks (Acari: Ixodoidea: Ixodidae) of the New World: a scanning electron microscope atlas. Proceedings of the Entomological Society of Washington, 88(4):609-627.","GSU_tickIdentification_SOP_2016-11-01.pdf","Say","Female",1,"OK","90% ethanol","USNMENT01358804","OAES_021.20170808.DERVAR.F","Lorenza Beati","Georgia Southern University",
"b6969daf-dca8-4b63-88e7-0e802b429977","OAES_008.tickPlot.tck","OAES_008","2017-08-08T16:14Z","2018-01-19T17:00Z","OAES_008.20170808","OAES_008.20170808.DERVAR.M","Dermacentor variabilis","DERVAR","species","Ixodidae",,,,"Dermacentor",,"variabilis",,,"Yunker, C. E., Keirans, J. E., Clifford, C. M., and E. R. Easton. 1986. Dermacentor ticks (Acari: Ixodoidea: Ixodidae) of the New World: a scanning electron microscope atlas. Proceedings of the Entomological Society of Washington, 88(4):609-627.","GSU_tickIdentification_SOP_2016-11-01.pdf","Say","Male",1,"OK","90% ethanol","USNMENT01358810","OAES_008.20170808.DERVAR.M","Lorenza Beati","Georgia Southern University","TO PAULA"
"d760b742-4210-44e0-9c3c-6536a00286b9","OAES_007.tickPlot.tck","OAES_007","2017-08-28T20:51Z","2018-01-19T17:00Z","OAES_007.20170828","OAES_007.20170828.DERVAR.M","Dermacentor variabilis","DERVAR","species","Ixodidae",,,,"Dermacentor",,"variabilis",,,"Yunker, C. E., Keirans, J. E., Clifford, C. M., and E. R. Easton. 1986. Dermacentor ticks (Acari: Ixodoidea: Ixodidae) of the New World: a scanning electron microscope atlas. Proceedings of the Entomological Society of Washington, 88(4):609-627.","GSU_tickIdentification_SOP_2016-11-01.pdf","Say","Male",1,"OK","90% ethanol","USNMENT01358821","OAES_007.20170828.DERVAR.M","Lorenza Beati","Georgia Southern University",
