uid,namedLocation,domainID,siteID,plotID,plotType,nlcdClass,decimalLatitude,decimalLongitude,geodeticDatum,coordinateUncertainty,elevation,elevationUncertainty,collectDate,eventID,sampleID,sampleCode,samplingMethod,totalSampledArea,targetTaxaPresent,adultCount,nymphCount,larvaCount,sampleCondition,samplingProtocolVersion,measuredBy,remarks
"5075278f-94d9-404d-8865-beee212b718f","OAES_005.tickPlot.tck","D11","OAES","OAES_005","distributed","grasslandHerbaceous",35.402926,-99.080346,"WGS84",20.1,509.4,0.1,"2017-08-08T13:00Z","OAES.2017.33",,,"drag",160,"N",0,0,0,,"NEON.DOC.014045vH","Nn+eKtNyUTQC2f/fb2VCAwmtrkFByQ6sAXmgGDPq3Og=","Sampling pushed back 7 days to wet conditions"
"472980e9-a7f5-4652-8c2b-e91aefe4caa4","OAES_004.tickPlot.tck","D11","OAES","OAES_004","distributed","grasslandHerbaceous",35.411159,-99.084234,"WGS84",20.1,507.6,0.1,"2017-08-08T13:40Z","OAES.2017.33","OAES_004.20170808",,"drag and flag",160,"Y",1,0,0,"No known compromise","NEON.DOC.014045vH","Nn+eKtNyUTQC2f/fb2VCAwmtrkFByQ6sAXmgGDPq3Og=","Sampling pushed back 7 days to wet conditions"
"89f7caff-7ddb-4781-ad6b-5eb243bda379","OAES_021.tickPlot.tck","D11","OAES","OAES_021","distributed","shrubScrub",35.413211,-99.074301,"WGS84",20.1,501.7,0.1,"2017-08-08T14:30Z","OAES.2017.33","OAES_021.20170808",,"drag and flag",170,"Y",1,0,0,"No known compromise","NEON.DOC.014045vH","Nn+eKtNyUTQC2f/fb2VCAwmtrkFByQ6sAXmgGDPq3Og=","Sampling pushed back 7 days to wet conditions"
"8592ba82-e71e-4e77-8815-f8a71057f0f7","OAES_003.tickPlot.tck","D11","OAES","OAES_003","distributed","grasslandHerbaceous",35.412134,-99.068027,"WGS84",20.2,512.2,0.2,"2017-08-08T15:12Z","OAES.2017.33",,,"drag",160,"N",0,0,0,,"NEON.DOC.014045vH","Nn+eKtNyUTQC2f/fb2VCAwmtrkFByQ6sAXmgGDPq3Og=","Sampling pushed back 7 days to wet conditions"
"904d3291-2f8c-4d47-8e89-bcaf7c11d014","OAES_007.tickPlot.tck","D11","OAES","OAES_007","distributed","shrubScrub",35.421328,-99.057210,"WGS84",20.1,521.6,0.1,"2017-08-08T15:42Z","OAES.2017.33",,,"drag and flag",160,"N",0,0,0,,"NEON.DOC.014045vH","Nn+eKtNyUTQC2f/fb2VCAwmtrkFByQ6sAXmgGDPq3Og=","Sampling pushed back 7 days to wet conditions"
"d698122a-b780-4576-8d85-061ab851007e","OAES_008.tickPlot.tck","D11","OAES","OAES_008","distributed","grasslandHerbaceous",35.394019,-99.063159,"WGS84",20.1,492.6,0.1,"2017-08-08T16:14Z","OAES.2017.33","OAES_008.20170808",,"drag and flag",160,"Y",1,0,0,"No known compromise","NEON.DOC.014045vH","Nn+eKtNyUTQC2f/fb2VCAwmtrkFByQ6sAXmgGDPq3Og=","Sampling pushed back 7 days to wet conditions"
"81ca4c75-292e-42c7-9f98-db181408cd08","OAES_005.tickPlot.tck","D11","OAES","OAES_005","distributed","grasslandHerbaceous",35.402926,-99.080346,"WGS84",20.1,509.4,0.1,"2017-08-22T18:36Z","OAES.2017.35",,,"drag",160,"N",0,0,0,,"NEON.DOC.014045vH","xP4KKGihqFI0UU/zU9+Tjib2xvnmUUFCVPHurDTMPoA=",
"16ed1a08-ac6a-4932-b90a-d750b076b2b8","OAES_004.tickPlot.tck","D11","OAES","OAES_004","distributed","grasslandHerbaceous",35.411159,-99.084234,"WGS84",20.1,507.6,0.1,"2017-08-22T19:12Z","OAES.2017.35",,,"drag",160,"N",0,0,0,,"NEON.DOC.014045vH","xP4KKGihqFI0UU/zU9+Tjib2xvnmUUFCVPHurDTMPoA=",
"e7724a65-e4e4-4e37-ab63-c7f121bbb4c5","OAES_021.tickPlot.tck","D11","OAES","OAES_021","distributed","shrubScrub",35.413211,-99.074301,"WGS84",20.1,501.7,0.1,"2017-08-22T19:49Z","OAES.2017.35",,,"drag and flag",130,"N",0,0,0,,"NEON.DOC.014045vH","xP4KKGihqFI0UU/zU9+Tjib2xvnmUUFCVPHurDTMPoA=","Deviated due to vegetation"
"70ae1d63-f931-4b54-8cb9-b55493912dde","OAES_003.tickPlot.tck","D11","OAES","OAES_003","distributed","grasslandHerbaceous",35.412134,-99.068027,"WGS84",20.2,512.2,0.2,"2017-08-22T20:17Z","OAES.2017.35",,,"drag",160,"N",0,0,0,,"NEON.DOC.014045vH","xP4KKGihqFI0UU/zU9+Tjib2xvnmUUFCVPHurDTMPoA=",
"06b49cb8-3933-4c5f-bf5c-91be757acd2f","OAES_008.tickPlot.tck","D11","OAES","OAES_008","distributed","grasslandHerbaceous",35.394019,-99.063159,"WGS84",20.1,492.6,0.1,"2017-08-28T19:35Z","OAES.2017.36",,,"drag",140,"N",0,0,0,,"NEON.DOC.014045vH","LSZWSTVV0z7oKiovbKzMeaRuYCo7u+MNQjEB6Tx1qFE=",
"5c86166b-9458-4eb2-96d6-22e99cb73257","OAES_007.tickPlot.tck","D11","OAES","OAES_007","distributed","shrubScrub",35.421328,-99.057210,"WGS84",20.1,521.6,0.1,"2017-08-28T20:51Z","OAES.2017.36","OAES_007.20170828",,"drag",160,"Y",1,0,0,"No known compromise","NEON.DOC.014045vH","xP4KKGihqFI0UU/zU9+Tjib2xvnmUUFCVPHurDTMPoA=","Started to rain and thunder ended after 80 meter on 8/22-plot redone on 8/28"
