uid,namedLocation,domainID,siteID,plotID,plotType,nlcdClass,decimalLatitude,decimalLongitude,geodeticDatum,coordinateUncertainty,elevation,elevationUncertainty,collectDate,eventID,sampleID,sampleCode,samplingMethod,totalSampledArea,targetTaxaPresent,adultCount,nymphCount,larvaCount,sampleCondition,samplingProtocolVersion,measuredBy,remarks
"ec36e808-fecf-4b5f-8048-76cc3d258299","TALL_003.tickPlot.tck","D08","TALL","TALL_003","distributed","mixedForest",32.894415,-87.416532,"WGS84",20.2,121.9,0.2,"2014-09-08T13:00Z","TALL.2014.36","TALL_003.20140908",,"drag",160,"Y",0,25,0,"No known compromise","NEON.DOC.014045vD","gQQ1x6kdLD0hCSQmErv0BA==","No transcription errors"
"8e9bd813-f350-4c6c-9d4c-7e387cf3d7dd","TALL_006.tickPlot.tck","D08","TALL","TALL_006","distributed","evergreenForest",32.899144,-87.444571,"WGS84",20.3,108.6,0.3,"2014-09-08T13:50Z","TALL.2014.36","TALL_006.20140908",,"drag",160,"Y",0,2,0,"No known compromise","NEON.DOC.014045vD","gQQ1x6kdLD0hCSQmErv0BA==","No transcription errors"
"b1e68fd5-84e7-4968-b350-6da0e7353026","TALL_008.tickPlot.tck","D08","TALL","TALL_008","distributed","deciduousForest",32.922874,-87.434097,"WGS84",20.2,127.5,0.2,"2014-09-08T14:55Z","TALL.2014.36","TALL_008.20140908",,"drag",160,"Y",0,3,0,"No known compromise","NEON.DOC.014045vD","gQQ1x6kdLD0hCSQmErv0BA==","No transcription errors"
"530ad17f-8f2c-40bd-b3fa-c39ed0d8e028","TALL_002.tickPlot.tck","D08","TALL","TALL_002","distributed","mixedForest",32.920823,-87.428955,"WGS84",20.3,104.0,0.4,"2014-09-08T15:35Z","TALL.2014.36","TALL_002.20140908",,"drag",160,"Y",1,9,0,"No known compromise","NEON.DOC.014045vD","gQQ1x6kdLD0hCSQmErv0BA==","No transcription errors"
"bf4d44e0-d00a-487a-b2fb-0bcfefd8b00b","TALL_016.tickPlot.tck","D08","TALL","TALL_016","distributed","evergreenForest",32.971553,-87.415845,"WGS84",20.1,138.9,0.1,"2014-09-08T16:55Z","TALL.2014.36",,,"drag",160,"N",0,0,0,,"NEON.DOC.014045vD","gQQ1x6kdLD0hCSQmErv0BA==","No transcription errors"
"17790af7-104f-4bf7-b57f-399a3132b56b","TALL_001.tickPlot.tck","D08","TALL","TALL_001","distributed","deciduousForest",32.976370,-87.432184,"WGS84",20.2,114.6,0.1,"2014-09-08T17:45Z","TALL.2014.36","TALL_001.20140908",,"drag",170,"Y",0,3,0,"No known compromise","NEON.DOC.014045vD","gQQ1x6kdLD0hCSQmErv0BA==","No transcription errors"
