uid,namedLocation,domainID,siteID,plotID,plotType,nlcdClass,decimalLatitude,decimalLongitude,geodeticDatum,coordinateUncertainty,elevation,elevationUncertainty,collectDate,eventID,sampleID,sampleCode,samplingMethod,totalSampledArea,targetTaxaPresent,adultCount,nymphCount,larvaCount,sampleCondition,samplingProtocolVersion,measuredBy,remarks
"35824493-b619-40e2-8253-5d451e06db71","WOOD_006.tickPlot.tck","D09","WOOD","WOOD_006","distributed","grasslandHerbaceous",47.141023,-99.248055,"WGS84",20.1,587.2,0.1,"2017-08-11T18:11Z","WOOD.2017.33",,,"drag and flag",160,"N",0,0,0,,"NEON.DOC.014045vH","1cKKWBegdXd3XTLCQDj8XQBzY4nMiWUz8d+l9IasVs0=",
"e14dfc0d-6312-4312-855b-f7b2eb5e2edc","WOOD_024.tickPlot.tck","D09","WOOD","WOOD_024","distributed","emergentHerbaceousWetlands",47.150784,-99.260836,"WGS84",20.1,586.1,0.2,"2017-08-17T16:52Z","WOOD.2017.34",,,"flag",160,"N",0,0,0,,"NEON.DOC.014045vH","q5FmdU0F+THRYNd6neW4Qym5ZB6unFc38NywBzh4PlI=",
"ca4cb788-047c-4515-8b32-a09950f8c7f2","WOOD_009.tickPlot.tck","D09","WOOD","WOOD_009","distributed","grasslandHerbaceous",47.144534,-99.231072,"WGS84",20.1,573.5,0.2,"2017-08-17T17:35Z","WOOD.2017.34",,,"drag",160,"N",0,0,0,,"NEON.DOC.014045vH","q5FmdU0F+THRYNd6neW4Qym5ZB6unFc38NywBzh4PlI=",
"052d44f0-1e80-45e1-b467-bed88f087f8f","WOOD_007.tickPlot.tck","D09","WOOD","WOOD_007","distributed","grasslandHerbaceous",47.133887,-99.251357,"WGS84",20.4,593.6,0.3,"2017-08-17T18:43Z","WOOD.2017.34",,,"drag and flag",160,"N",0,0,0,,"NEON.DOC.014045vH","q5FmdU0F+THRYNd6neW4Qym5ZB6unFc38NywBzh4PlI=",
"5595cd06-9075-484c-a217-1438d050846f","WOOD_001.tickPlot.tck","D09","WOOD","WOOD_001","distributed","grasslandHerbaceous",47.127200,-99.256464,"WGS84",20.1,593.8,0.2,"2017-08-17T19:22Z","WOOD.2017.34",,,"drag",160,"N",0,0,0,,"NEON.DOC.014045vH","q5FmdU0F+THRYNd6neW4Qym5ZB6unFc38NywBzh4PlI=",
"0da5b996-c0dd-45a4-ab7d-5dfa52061565","WOOD_002.tickPlot.tck","D09","WOOD","WOOD_002","distributed","grasslandHerbaceous",47.136802,-99.234546,"WGS84",20.1,578.3,0.1,"2017-08-17T20:05Z","WOOD.2017.34",,,"drag",160,"N",0,0,0,,"NEON.DOC.014045vH","q5FmdU0F+THRYNd6neW4Qym5ZB6unFc38NywBzh4PlI=",
