uid,namedLocation,domainID,siteID,plotID,plotType,nlcdClass,decimalLatitude,decimalLongitude,geodeticDatum,coordinateUncertainty,elevation,elevationUncertainty,collectDate,eventID,sampleID,sampleCode,samplingMethod,totalSampledArea,targetTaxaPresent,adultCount,nymphCount,larvaCount,sampleCondition,samplingProtocolVersion,measuredBy,remarks
"2e5d49bd-931d-4fa4-a560-2bcc407bc7b3","STEI_029.tickPlot.tck","D05","STEI","STEI_029","distributed","mixedForest",45.832878,-90.075489,"WGS84",20.1,492.2,0.2,"2016-11-14T15:53Z","STEI.2016.46",,,"drag and flag",160,"N",0,0,0,"No known compromise","NEON.DOC.014045vG","bhyqAGH4uRkcir9xDj7d5wq9Q3xNnOdK",
"5ff79b76-5e2b-4eb0-9979-8a2c43e6f857","STEI_023.tickPlot.tck","D05","STEI","STEI_023","distributed","woodyWetlands",45.824017,-90.096171,"WGS84",20.2,480.4,0.3,"2016-11-14T16:58Z","STEI.2016.46",,,"drag and flag",160,"N",0,0,0,"No known compromise","NEON.DOC.014045vG","HRQ2qSmGm8w8Hpt9UYCeWTEDSajtVjQn",
"2826b761-5768-4bb2-b242-a13ea9b3ed5c","STEI_005.tickPlot.tck","D05","STEI","STEI_005","distributed","deciduousForest",45.825112,-90.085882,"WGS84",20.3,509.9,0.5,"2016-11-14T18:13Z","STEI.2016.46",,,"drag",160,"N",0,0,0,"No known compromise","NEON.DOC.014045vG","bhyqAGH4uRkcir9xDj7d5wq9Q3xNnOdK",
"57587851-097b-41bc-bfea-dd40f4eb0135","STEI_003.tickPlot.tck","D05","STEI","STEI_003","distributed","deciduousForest",45.824086,-90.071058,"WGS84",20.3,510.1,0.5,"2016-11-14T19:04Z","STEI.2016.46",,,"drag and flag",160,"N",0,0,0,"No known compromise","NEON.DOC.014045vG","HRQ2qSmGm8w8Hpt9UYCeWTEDSajtVjQn",
"c596bf32-08fb-4c8a-a078-ca32b31493f6","STEI_001.tickPlot.tck","D05","STEI","STEI_001","distributed","deciduousForest",45.812978,-90.091123,"WGS84",20.3,509.3,0.4,"2016-11-14T19:55Z","STEI.2016.46",,,"drag and flag",159,"N",0,0,0,"No known compromise","NEON.DOC.014045vG","bhyqAGH4uRkcir9xDj7d5wq9Q3xNnOdK",
"c384dd12-59a5-4ba1-a313-6de6d5d0350b","STEI_002.tickPlot.tck","D05","STEI","STEI_002","distributed","deciduousForest",45.796166,-90.091452,"WGS84",20.2,520.3,0.4,"2016-11-14T20:35Z","STEI.2016.46",,,"drag",160,"N",0,0,0,"No known compromise","NEON.DOC.014045vG","HRQ2qSmGm8w8Hpt9UYCeWTEDSajtVjQn",
