uid,namedLocation,domainID,siteID,plotID,plotType,nlcdClass,decimalLatitude,decimalLongitude,geodeticDatum,coordinateUncertainty,elevation,elevationUncertainty,collectDate,eventID,sampleID,sampleCode,samplingMethod,totalSampledArea,targetTaxaPresent,adultCount,nymphCount,larvaCount,sampleCondition,samplingProtocolVersion,measuredBy,remarks
"b9bad3f5-a5ea-499c-8c57-229ecb50fc44","LENO_004.tickPlot.tck","D08","LENO","LENO_004","distributed","woodyWetlands",31.822376,-88.181956,"WGS84",20.2,12.5,0.2,"2016-05-31T15:57Z","LENO.2016.22","LENO_004.20160531",,"drag and flag",160,"Y",0,2,0,"No known compromise","NEON.DOC.014045vG","Z8ZjOdYSUdFcy3JLIHElhGfjZRi6soXiWPP5GbsCcNo=",
"a879d288-1b31-403a-9757-a8305aff1274","LENO_015.tickPlot.tck","D08","LENO","LENO_015","distributed","woodyWetlands",31.817299,-88.191485,"WGS84",20.5,14.2,0.8,"2016-05-31T16:54Z","LENO.2016.22",,,"drag",160,"N",0,0,0,"No known compromise","NEON.DOC.014045vG","Bw3luEmt/EBXrQHhVu/bZXxTa02TtXvY",
"d5f26e52-2fc8-4c95-b40c-658c008c8205","LENO_042.tickPlot.tck","D08","LENO","LENO_042","distributed","woodyWetlands",31.817825,-88.182881,"WGS84",20.2,14.6,0.3,"2016-05-31T18:03Z","LENO.2016.22","LENO_042.20160531",,"drag",160,"Y",0,1,0,"No known compromise","NEON.DOC.014045vG","Z8ZjOdYSUdFcy3JLIHElhGfjZRi6soXiWPP5GbsCcNo=",
"824f82c6-0f7d-48dd-a927-d1f0642a11e1","LENO_023.tickPlot.tck","D08","LENO","LENO_023","distributed","deciduousForest",31.809463,-88.181417,"WGS84",20.2,11.6,0.2,"2016-05-31T18:49Z","LENO.2016.22",,,"drag",155,"N",0,0,0,"No known compromise","NEON.DOC.014045vG","Bw3luEmt/EBXrQHhVu/bZXxTa02TtXvY",
"721c3d4b-6bde-4e6b-b7f3-03684e6ecc37","LENO_003.tickPlot.tck","D08","LENO","LENO_003","distributed","deciduousForest",31.809581,-88.187553,"WGS84",20.2,15.4,0.4,"2016-05-31T19:32Z","LENO.2016.22","LENO_003.20160531",,"drag and flag",160,"Y",0,3,0,"No known compromise","NEON.DOC.014045vG","Z8ZjOdYSUdFcy3JLIHElhGfjZRi6soXiWPP5GbsCcNo=",
"58553950-4437-4a7b-9d3c-66fe28bc52d9","LENO_002.tickPlot.tck","D08","LENO","LENO_002","distributed","woodyWetlands",31.806282,-88.195216,"WGS84",20.2,16.8,0.2,"2016-05-31T20:28Z","LENO.2016.22","LENO_002.20160531",,"drag",160,"Y",0,2,0,"No known compromise","NEON.DOC.014045vG","Bw3luEmt/EBXrQHhVu/bZXxTa02TtXvY",
