uid,namedLocation,plotID,collectDate,identifiedDate,sampleID,subsampleID,scientificName,acceptedTaxonID,taxonRank,family,subfamily,tribe,subtribe,genus,subgenus,specificEpithet,infraspecificEpithet,identificationQualifier,identificationReferences,identificationProtocolVersion,scientificNameAuthorship,sexOrAge,individualCount,sampleCondition,archiveMedium,archiveFacilityID,deprecatedVialID,identifiedBy,laboratoryName,remarks
"143b5827-8a53-4a97-ac28-ad4174274949","LENO_004.tickPlot.tck","LENO_004","2016-05-31T15:57Z","2017-06-01T16:00Z","LENO_004.20160531","LENO_004.20160531.IXOSCA.N","Ixodes scapularis","IXOSCA","species","Ixodidae",,,,"Ixodes",,"scapularis",,,"Cooley, R. A. and G. M. Kohls. 1945. The genus Ixodes in North America. National Institute of Health Bulletin, 184.","GSU_tickIdentification_SOP_2016-11-01.pdf","Say","Nymph",2,"OK","RNA stabilization buffer","USNMENT00984176","LENO_004.20160531.01.IXOSCA.N","Lorenza Beati","Georgia Southern University",
"78894685-69bd-4fc4-abe1-12bfe9b44026","LENO_042.tickPlot.tck","LENO_042","2016-05-31T18:03Z","2017-06-05T16:00Z","LENO_042.20160531","LENO_042.20160531.AMBAME.N","Amblyomma americanum","AMBAME","species","Ixodidae",,,,"Amblyomma",,"americanum",,,"Cooley, R. A. and G. M. Kohls. 1944. The genus Amblyomma (ixodidae) in the United States. The Journal of Parasitology, 30(2):77-111.","GSU_tickIdentification_SOP_2016-11-01.pdf","Linnaeus","Nymph",1,"OK","RNA stabilization buffer","USNMENT00984175","LENO_042.20160531.01.AMBAME.N","Lorenza Beati","Georgia Southern University",
"6ce22498-f106-44b3-a916-1dc36af18832","LENO_003.tickPlot.tck","LENO_003","2016-05-31T19:32Z","2017-06-01T16:00Z","LENO_003.20160531","LENO_003.20160531.AMBAME.N","Amblyomma americanum","AMBAME","species","Ixodidae",,,,"Amblyomma",,"americanum",,,"Cooley, R. A. and G. M. Kohls. 1944. The genus Amblyomma (ixodidae) in the United States. The Journal of Parasitology, 30(2):77-111.","GSU_tickIdentification_SOP_2016-11-01.pdf","Linnaeus","Nymph",3,"OK","RNA stabilization buffer","USNMENT00984159","LENO_003.20160531.01.AMBAME.N","Lorenza Beati","Georgia Southern University",
"39828b36-0d8d-47af-8990-b3797dcb8644","LENO_002.tickPlot.tck","LENO_002","2016-05-31T20:28Z","2017-06-01T16:00Z","LENO_002.20160531","LENO_002.20160531.AMBAME.N","Amblyomma americanum","AMBAME","species","Ixodidae",,,,"Amblyomma",,"americanum",,,"Cooley, R. A. and G. M. Kohls. 1944. The genus Amblyomma (ixodidae) in the United States. The Journal of Parasitology, 30(2):77-111.","GSU_tickIdentification_SOP_2016-11-01.pdf","Linnaeus","Nymph",2,"OK","RNA stabilization buffer","USNMENT00984161","LENO_002.20160531.01.AMBAME.N","Lorenza Beati","Georgia Southern University",
