uid,namedLocation,domainID,siteID,plotID,plotType,nlcdClass,decimalLatitude,decimalLongitude,geodeticDatum,coordinateUncertainty,elevation,elevationUncertainty,collectDate,eventID,sampleID,sampleCode,samplingMethod,totalSampledArea,targetTaxaPresent,adultCount,nymphCount,larvaCount,sampleCondition,samplingProtocolVersion,measuredBy,remarks
"5a1f31d2-9151-497b-9e98-c1979cb3ddc2","HEAL_001.tickPlot.tck","D19","HEAL","HEAL_001","distributed","dwarfScrub",63.889470,-149.202952,"WGS84",20.1,595.7,0.1,"2017-08-08T19:34Z","HEAL.2017.33",,,"drag",160,"N",0,0,0,,"NEON.DOC.014045vH","1qKvRidwzehueJav3mTYCWDwMtQ2mvYDbYlmQkEZz8c=",
"12ecb028-ff43-4176-9b5c-c82b23ed5ee4","HEAL_026.tickPlot.tck","D19","HEAL","HEAL_026","distributed","evergreenForest",63.886145,-149.192747,"WGS84",20.1,597.6,0.1,"2017-08-08T20:15Z","HEAL.2017.33",,,"drag and flag",168,"N",0,0,0,,"NEON.DOC.014045vH","mBJxlAYbbGTroI8U1cqmMangHVXpuZ3Yx3uRxz/5Rb8=","NE corner post was lying on the ground. We couldn't find the hole and had no way to measure accurately so we approximated by standing 28m from the centroid."
"8093c7b1-7658-4e35-8098-8a916ce85bb7","HEAL_014.tickPlot.tck","D19","HEAL","HEAL_014","distributed","shrubScrub",63.887214,-149.270823,"WGS84",20.1,671.2,0.1,"2017-08-08T22:17Z","HEAL.2017.33",,,"drag and flag",164,"N",0,0,0,,"NEON.DOC.014045vH","mBJxlAYbbGTroI8U1cqmMangHVXpuZ3Yx3uRxz/5Rb8=",
"19ba506b-de8c-4747-9c58-58ee94ae4a12","HEAL_010.tickPlot.tck","D19","HEAL","HEAL_010","distributed","shrubScrub",63.877193,-149.260797,"WGS84",20.1,666.7,0.1,"2017-08-08T23:02Z","HEAL.2017.33",,,"drag and flag",163,"N",0,0,0,,"NEON.DOC.014045vH","1qKvRidwzehueJav3mTYCWDwMtQ2mvYDbYlmQkEZz8c=",
