uid,namedLocation,domainID,siteID,plotID,plotType,nlcdClass,decimalLatitude,decimalLongitude,geodeticDatum,coordinateUncertainty,elevation,elevationUncertainty,collectDate,eventID,sampleID,sampleCode,samplingMethod,totalSampledArea,targetTaxaPresent,adultCount,nymphCount,larvaCount,sampleCondition,samplingProtocolVersion,measuredBy,remarks
"350822bd-15e9-43ea-a267-fcd452641c6e","DSNY_001.tickPlot.tck","D03","DSNY","DSNY_001","distributed","woodyWetlands",28.098062,-81.418561,"WGS84",20.1,20.3,0.1,"2014-05-06T12:45Z","DSNY.2014.18",,,"drag",160,"N",0,0,0,,"NEON.DOC.014045vD","jUWyM5bF7kNh53fULjdLag==","plot recently burned remember to bring stakes and flags to reflag"
"6e88ade4-ac6e-49fa-86d5-853ec4cc280a","DSNY_004.tickPlot.tck","D03","DSNY","DSNY_004","distributed","woodyWetlands",28.101022,-81.399501,"WGS84",20.1,18.7,0.1,"2014-05-06T13:40Z","DSNY.2014.18",,,"drag and flag",160,"N",0,0,0,,"NEON.DOC.014045vD","jUWyM5bF7kNh53fULjdLag==","ground almost entirely covered with saw palmetto"
"02d44cb9-5a07-47c1-ab8a-fb3d1fc89821","DSNY_006.tickPlot.tck","D03","DSNY","DSNY_006","distributed","woodyWetlands",28.093704,-81.398045,"WGS84",20.1,20.1,0.1,"2014-05-06T14:00Z","DSNY.2014.18",,,"drag and flag",160,"N",0,0,0,,"NEON.DOC.014045vD","jUWyM5bF7kNh53fULjdLag==","no transcription errors"
"3602c7c5-0968-454e-b7b1-1d7d88f59464","DSNY_005.tickPlot.tck","D03","DSNY","DSNY_005","distributed","woodyWetlands",28.040497,-81.394482,"WGS84",20.1,16.6,0.1,"2014-05-07T14:10Z","DSNY.2014.18",,,"drag and flag",162,"N",0,0,0,,"NEON.DOC.014045vD","jUWyM5bF7kNh53fULjdLag==","almost 50% flagging"
"b5514947-62bf-4f72-a296-0e211f07d263","DSNY_005.tickPlot.tck","D03","DSNY","DSNY_005","distributed","woodyWetlands",28.040497,-81.394482,"WGS84",20.1,16.6,0.1,"2014-05-28T20:48Z","DSNY.2014.21",,,"drag and flag",160,"N",0,0,0,,"NEON.DOC.014045vD","2t72ZTnX2NAzk9fZPf3BdA==","NO TRANSCRIPTION ERROR FOUND"
"2eb6f8ce-0752-47ef-b1b4-bfece7608e2a","DSNY_006.tickPlot.tck","D03","DSNY","DSNY_006","distributed","woodyWetlands",28.093704,-81.398045,"WGS84",20.1,20.1,0.1,"2014-05-28T21:10Z","DSNY.2014.21",,,"drag and flag",170,"N",0,0,0,,"NEON.DOC.014045vD","784IxgP7tZFSOZGOMDEJ9w==","No ticks collected"
"724bca4d-10cc-4259-891b-2e1fae35bd06","DSNY_004.tickPlot.tck","D03","DSNY","DSNY_004","distributed","woodyWetlands",28.101022,-81.399501,"WGS84",20.1,18.7,0.1,"2014-05-28T21:22Z","DSNY.2014.21",,,"drag and flag",167,"N",0,0,0,,"NEON.DOC.014045vD","784IxgP7tZFSOZGOMDEJ9w==","No ticks collected"
"1a2ad05a-8d82-4a60-8468-765d32caa605","DSNY_002.tickPlot.tck","D03","DSNY","DSNY_002","distributed","woodyWetlands",28.048725,-81.415426,"WGS84",20.1,17.2,0.1,"2014-05-28T21:38Z","DSNY.2014.21",,,"drag and flag",160,"N",0,0,0,,"NEON.DOC.014045vD","2t72ZTnX2NAzk9fZPf3BdA==","No ticks collected"
