uid,namedLocation,date,eventID,domainID,siteID,plotID,subplotID,individualID,tagStatus,growthForm,plantStatus,stemDiameter,measurementHeight,height,baseCrownHeight,breakHeight,breakDiameter,maxCrownDiameter,ninetyCrownDiameter,canopyPosition,shape,basalStemDiameter,basalStemDiameterMsrmntHeight,maxBaseCrownDiameter,ninetyBaseCrownDiameter,remarks,recordedBy,measuredBy,dataQF
"bf321382-1e9c-490e-8880-fbb92c3aa57d","RMNP_043.basePlot.vst","2018-08-28","vst_RMNP_2017","D10","RMNP","RMNP_043",,"NEON.PLA.D10.RMNP.02135","ok","small shrub","Live",,,0.5,,,,2.3,1.8,,"oblate half-sphere",1.0,10,,,,"epRSxzuPA5t48lVqzG8Zzpe6SXlOzIpEf2AuVe0brkA=","rqshhe/SUgyPwdITr9NIwpYRUtT2h3qGluL++bNJ7qY=","legacyData"
"36f164b3-77ab-4af6-90f8-73f247d3f6ee","RMNP_043.basePlot.vst","2018-08-28","vst_RMNP_2017","D10","RMNP","RMNP_043",,"NEON.PLA.D10.RMNP.02311","ok","single bole tree","Live",33.6,130,12.6,,,,,,,,,,,,,"rqshhe/SUgyPwdITr9NIwpYRUtT2h3qGluL++bNJ7qY=","epRSxzuPA5t48lVqzG8Zzpe6SXlOzIpEf2AuVe0brkA=","legacyData"
"a7570b74-440d-4659-ada2-30826fb2370b","RMNP_043.basePlot.vst","2018-08-28","vst_RMNP_2017","D10","RMNP","RMNP_043",,"NEON.PLA.D10.RMNP.02134","ok","small shrub","Live",,,0.4,,,,2.5,2.1,,"oblate half-sphere",1.0,10,,,,"epRSxzuPA5t48lVqzG8Zzpe6SXlOzIpEf2AuVe0brkA=","rqshhe/SUgyPwdITr9NIwpYRUtT2h3qGluL++bNJ7qY=","legacyData"
"25bf7163-ad3c-4c69-9d54-93f5b1f4089d","RMNP_043.basePlot.vst","2018-08-28","vst_RMNP_2017","D10","RMNP","RMNP_043",,"NEON.PLA.D10.RMNP.02146","ok","sapling","Live",,,1.1,,,,,,,,2.2,10,,,,"epRSxzuPA5t48lVqzG8Zzpe6SXlOzIpEf2AuVe0brkA=","rqshhe/SUgyPwdITr9NIwpYRUtT2h3qGluL++bNJ7qY=","legacyData"
"0cf5b744-de2b-41d2-af28-67d27af8e71a","RMNP_043.basePlot.vst","2018-08-28","vst_RMNP_2017","D10","RMNP","RMNP_043",,"NEON.PLA.D10.RMNP.02136","ok","small shrub","Live",,,0.3,,,,1.5,1.2,,"oblate half-sphere",1.3,10,,,,"epRSxzuPA5t48lVqzG8Zzpe6SXlOzIpEf2AuVe0brkA=","rqshhe/SUgyPwdITr9NIwpYRUtT2h3qGluL++bNJ7qY=","legacyData"
"39cf83d3-49a6-4b95-b049-559365516ad3","RMNP_043.basePlot.vst","2018-08-28","vst_RMNP_2017","D10","RMNP","RMNP_043",,"NEON.PLA.D10.RMNP.04103","ok","small shrub","Live",,,0.4,,,,1.3,0.8,,"oblate half-sphere",1.1,10,,,,"epRSxzuPA5t48lVqzG8Zzpe6SXlOzIpEf2AuVe0brkA=","rqshhe/SUgyPwdITr9NIwpYRUtT2h3qGluL++bNJ7qY=","legacyData"
"8b062857-56d5-435c-9cf4-f4590b1c0f98","RMNP_043.basePlot.vst","2018-08-28","vst_RMNP_2017","D10","RMNP","RMNP_043",,"NEON.PLA.D10.RMNP.02140","ok","small shrub","Live",,,0.6,,,,3.6,3.1,,"oblate half-sphere",1.1,10,,,,"epRSxzuPA5t48lVqzG8Zzpe6SXlOzIpEf2AuVe0brkA=","rqshhe/SUgyPwdITr9NIwpYRUtT2h3qGluL++bNJ7qY=","legacyData"
"f4c8cd6f-e873-4676-8dd1-0ba78a05e4a7","RMNP_043.basePlot.vst","2018-08-28","vst_RMNP_2017","D10","RMNP","RMNP_043",,"NEON.PLA.D10.RMNP.02142","ok","small shrub","Live",,,0.4,,,,1.9,1.7,,"oblate half-sphere",1.2,10,,,,"epRSxzuPA5t48lVqzG8Zzpe6SXlOzIpEf2AuVe0brkA=","rqshhe/SUgyPwdITr9NIwpYRUtT2h3qGluL++bNJ7qY=","legacyData"
"3344b0b1-040f-4d49-a04f-1ab6b56254a5","RMNP_043.basePlot.vst","2018-08-28","vst_RMNP_2017","D10","RMNP","RMNP_043",,"NEON.PLA.D10.RMNP.02140","ok","small shrub","Live",,,0.6,,,,3.6,3.1,,"oblate half-sphere",1.5,10,,,,"epRSxzuPA5t48lVqzG8Zzpe6SXlOzIpEf2AuVe0brkA=","rqshhe/SUgyPwdITr9NIwpYRUtT2h3qGluL++bNJ7qY=","legacyData"
"cebe40c0-cb21-459f-b362-05b6273e4384","RMNP_043.basePlot.vst","2018-08-28","vst_RMNP_2017","D10","RMNP","RMNP_043",,"NEON.PLA.D10.RMNP.02327","ok","small shrub","Live",,,0.4,,,,1.7,1.7,,"half-sphere",1.1,10,,,,"rqshhe/SUgyPwdITr9NIwpYRUtT2h3qGluL++bNJ7qY=","epRSxzuPA5t48lVqzG8Zzpe6SXlOzIpEf2AuVe0brkA=","legacyData"
"960c9b2e-29b9-4024-a3e5-48ad68eac83a","RMNP_043.basePlot.vst","2018-08-28","vst_RMNP_2017","D10","RMNP","RMNP_043",,"NEON.PLA.D10.RMNP.02140","ok","small shrub","Live",,,0.6,,,,3.6,3.1,,"oblate half-sphere",1.5,10,,,,"epRSxzuPA5t48lVqzG8Zzpe6SXlOzIpEf2AuVe0brkA=","rqshhe/SUgyPwdITr9NIwpYRUtT2h3qGluL++bNJ7qY=","legacyData"
"5ce79475-d29e-482c-9244-cb2f545d6d25","RMNP_043.basePlot.vst","2018-08-28","vst_RMNP_2017","D10","RMNP","RMNP_043",,"NEON.PLA.D10.RMNP.02140","ok","small shrub","Live",,,0.6,,,,3.6,3.1,,"oblate half-sphere",1.6,10,,,,"epRSxzuPA5t48lVqzG8Zzpe6SXlOzIpEf2AuVe0brkA=","rqshhe/SUgyPwdITr9NIwpYRUtT2h3qGluL++bNJ7qY=","legacyData"
"a285086f-18fd-4b90-964c-fc6564ad0976","RMNP_043.basePlot.vst","2018-08-28","vst_RMNP_2017","D10","RMNP","RMNP_043",,"NEON.PLA.D10.RMNP.02328","ok","small shrub","Live",,,0.5,,,,2.4,1.8,,"oblate half-sphere",1.0,10,,,,"rqshhe/SUgyPwdITr9NIwpYRUtT2h3qGluL++bNJ7qY=","epRSxzuPA5t48lVqzG8Zzpe6SXlOzIpEf2AuVe0brkA=","legacyData"
"d398a25c-a79a-42b1-8f5f-18d9f1e4183e","RMNP_043.basePlot.vst","2018-08-28","vst_RMNP_2017","D10","RMNP","RMNP_043",,"NEON.PLA.D10.RMNP.02135","ok","small shrub","Live",,,0.5,,,,2.3,1.8,,"oblate half-sphere",1.3,10,,,,"epRSxzuPA5t48lVqzG8Zzpe6SXlOzIpEf2AuVe0brkA=","rqshhe/SUgyPwdITr9NIwpYRUtT2h3qGluL++bNJ7qY=","legacyData"
"396dd9e7-87e6-4916-9a05-8bd9718e4157","RMNP_043.basePlot.vst","2018-08-28","vst_RMNP_2017","D10","RMNP","RMNP_043",,"NEON.PLA.D10.RMNP.02137","ok","small shrub","Live",,,0.5,,,,1.3,1.0,,"oblate half-sphere",1.4,10,,,,"epRSxzuPA5t48lVqzG8Zzpe6SXlOzIpEf2AuVe0brkA=","rqshhe/SUgyPwdITr9NIwpYRUtT2h3qGluL++bNJ7qY=","legacyData"
"bc336710-e973-42d2-9c2b-8afc7a8b1e5d","RMNP_043.basePlot.vst","2018-08-28","vst_RMNP_2017","D10","RMNP","RMNP_043",,"NEON.PLA.D10.RMNP.04102","ok","small shrub","Live",,,0.3,,,,1.9,1.4,,"half-sphere",1.0,10,,,,"epRSxzuPA5t48lVqzG8Zzpe6SXlOzIpEf2AuVe0brkA=","rqshhe/SUgyPwdITr9NIwpYRUtT2h3qGluL++bNJ7qY=","legacyData"
"151e8da5-6221-4aa0-a0cd-ae3c5b0065e8","RMNP_043.basePlot.vst","2018-08-28","vst_RMNP_2017","D10","RMNP","RMNP_043",,"NEON.PLA.D10.RMNP.02321","ok","single bole tree","Live",28.2,130,12.7,,,,,,,,,,,,,"rqshhe/SUgyPwdITr9NIwpYRUtT2h3qGluL++bNJ7qY=","epRSxzuPA5t48lVqzG8Zzpe6SXlOzIpEf2AuVe0brkA=","legacyData"
"6fcc1898-a70a-452d-8aa1-8442347ed2fb","RMNP_043.basePlot.vst","2018-08-28","vst_RMNP_2017","D10","RMNP","RMNP_043",,"NEON.PLA.D10.RMNP.02140","ok","small shrub","Live",,,0.6,,,,3.6,3.1,,"oblate half-sphere",1.6,10,,,,"epRSxzuPA5t48lVqzG8Zzpe6SXlOzIpEf2AuVe0brkA=","rqshhe/SUgyPwdITr9NIwpYRUtT2h3qGluL++bNJ7qY=","legacyData"
"07770cad-7721-470d-8f3f-8e0c9de9c3e9","RMNP_043.basePlot.vst","2018-08-28","vst_RMNP_2017","D10","RMNP","RMNP_043",,"NEON.PLA.D10.RMNP.02328","ok","small shrub","Live",,,0.5,,,,2.4,1.8,,"oblate half-sphere",1.0,10,,,,"rqshhe/SUgyPwdITr9NIwpYRUtT2h3qGluL++bNJ7qY=","epRSxzuPA5t48lVqzG8Zzpe6SXlOzIpEf2AuVe0brkA=","legacyData"
"d550a567-2238-44a0-82ef-a03bb1b120ea","RMNP_043.basePlot.vst","2018-08-28","vst_RMNP_2017","D10","RMNP","RMNP_043",,"NEON.PLA.D10.RMNP.02128","ok","single bole tree","Standing dead",29.9,130,14.2,,,,,,,,,,,,"Unknown cause of death","epRSxzuPA5t48lVqzG8Zzpe6SXlOzIpEf2AuVe0brkA=","rqshhe/SUgyPwdITr9NIwpYRUtT2h3qGluL++bNJ7qY=","legacyData"
"4d86604e-9869-4f82-a2b5-e0929855942d","RMNP_043.basePlot.vst","2018-08-28","vst_RMNP_2017","D10","RMNP","RMNP_043",,"NEON.PLA.D10.RMNP.02327","ok","small shrub","Live",,,0.4,,,,1.7,1.7,,"half-sphere",1.1,10,,,,"rqshhe/SUgyPwdITr9NIwpYRUtT2h3qGluL++bNJ7qY=","epRSxzuPA5t48lVqzG8Zzpe6SXlOzIpEf2AuVe0brkA=","legacyData"
"bd510bcc-d82b-4df6-983b-ea2f4ca30340","RMNP_043.basePlot.vst","2018-08-28","vst_RMNP_2017","D10","RMNP","RMNP_043",,"NEON.PLA.D10.RMNP.02140","ok","small shrub","Live",,,0.6,,,,3.6,3.1,,"oblate half-sphere",1.1,10,,,,"epRSxzuPA5t48lVqzG8Zzpe6SXlOzIpEf2AuVe0brkA=","rqshhe/SUgyPwdITr9NIwpYRUtT2h3qGluL++bNJ7qY=","legacyData"
"1d95c431-a615-48bd-834e-5eda81f11d30","RMNP_043.basePlot.vst","2018-08-28","vst_RMNP_2017","D10","RMNP","RMNP_043",,"NEON.PLA.D10.RMNP.02143","ok","small shrub","Live",,,0.5,,,,1.4,0.9,,"oblate half-sphere",1.2,10,,,,"epRSxzuPA5t48lVqzG8Zzpe6SXlOzIpEf2AuVe0brkA=","rqshhe/SUgyPwdITr9NIwpYRUtT2h3qGluL++bNJ7qY=","legacyData"
"c9b1163f-b53e-4aa2-b946-a99e161eda3f","RMNP_043.basePlot.vst","2018-08-28","vst_RMNP_2017","D10","RMNP","RMNP_043",,"NEON.PLA.D10.RMNP.02306","ok","single bole tree","Live",31.1,130,12.5,,,,,,,,,,,,,"rqshhe/SUgyPwdITr9NIwpYRUtT2h3qGluL++bNJ7qY=","epRSxzuPA5t48lVqzG8Zzpe6SXlOzIpEf2AuVe0brkA=","legacyData"
"50a9a792-7b8b-483a-8804-b3c85d8826e2","RMNP_043.basePlot.vst","2018-08-28","vst_RMNP_2017","D10","RMNP","RMNP_043",,"NEON.PLA.D10.RMNP.02305","ok","single bole tree","Live",37.0,130,13.8,,,,,,,,,,,,,"rqshhe/SUgyPwdITr9NIwpYRUtT2h3qGluL++bNJ7qY=","epRSxzuPA5t48lVqzG8Zzpe6SXlOzIpEf2AuVe0brkA=","legacyData"
"d7416d04-0743-483a-987d-70c2fd0e9cba","RMNP_043.basePlot.vst","2018-08-28","vst_RMNP_2017","D10","RMNP","RMNP_043",,"NEON.PLA.D10.RMNP.02141","ok","small shrub","Live",,,0.5,,,,0.6,0.4,,"half-sphere",1.2,10,,,,"epRSxzuPA5t48lVqzG8Zzpe6SXlOzIpEf2AuVe0brkA=","rqshhe/SUgyPwdITr9NIwpYRUtT2h3qGluL++bNJ7qY=","legacyData"
"042b6104-a8e5-4753-9a83-90e05748fb45","RMNP_043.basePlot.vst","2018-08-28","vst_RMNP_2017","D10","RMNP","RMNP_043",,"NEON.PLA.D10.RMNP.02140","ok","small shrub","Live",,,0.6,,,,3.6,3.1,,"oblate half-sphere",1.8,10,,,,"epRSxzuPA5t48lVqzG8Zzpe6SXlOzIpEf2AuVe0brkA=","rqshhe/SUgyPwdITr9NIwpYRUtT2h3qGluL++bNJ7qY=","legacyData"
"e50e96f8-01e3-4f65-9eb7-d40f8ef8062d","RMNP_043.basePlot.vst","2018-08-28","vst_RMNP_2017","D10","RMNP","RMNP_043",,"NEON.PLA.D10.RMNP.02148","ok","small shrub","Live",,,0.4,,,,0.9,0.3,,"oblate half-sphere",1.0,10,,,,"epRSxzuPA5t48lVqzG8Zzpe6SXlOzIpEf2AuVe0brkA=","rqshhe/SUgyPwdITr9NIwpYRUtT2h3qGluL++bNJ7qY=","legacyData"
"7bd0eab2-a509-47a4-8552-775c8a827717","RMNP_043.basePlot.vst","2018-08-28","vst_RMNP_2017","D10","RMNP","RMNP_043",,"NEON.PLA.D10.RMNP.02327","ok","small shrub","Live",,,0.4,,,,1.7,1.7,,"half-sphere",1.0,10,,,,"rqshhe/SUgyPwdITr9NIwpYRUtT2h3qGluL++bNJ7qY=","epRSxzuPA5t48lVqzG8Zzpe6SXlOzIpEf2AuVe0brkA=","legacyData"
"04a1d77c-a3ba-4444-9923-44b8aa63c112","RMNP_043.basePlot.vst","2018-08-28","vst_RMNP_2017","D10","RMNP","RMNP_043",,"NEON.PLA.D10.RMNP.02331","ok","small shrub","Live",,,0.4,,,,2.3,2.2,,"oblate half-sphere",1.3,10,,,,"rqshhe/SUgyPwdITr9NIwpYRUtT2h3qGluL++bNJ7qY=","epRSxzuPA5t48lVqzG8Zzpe6SXlOzIpEf2AuVe0brkA=","legacyData"
"8bd4b349-c2bc-4c04-bb6e-0376cfc7d307","RMNP_043.basePlot.vst","2018-08-28","vst_RMNP_2017","D10","RMNP","RMNP_043",,"NEON.PLA.D10.RMNP.02142","ok","small shrub","Live",,,0.4,,,,1.9,1.7,,"oblate half-sphere",1.5,10,,,,"epRSxzuPA5t48lVqzG8Zzpe6SXlOzIpEf2AuVe0brkA=","rqshhe/SUgyPwdITr9NIwpYRUtT2h3qGluL++bNJ7qY=","legacyData"
"a5040595-1803-4421-bc9c-3bf6aa1124f7","RMNP_043.basePlot.vst","2018-08-28","vst_RMNP_2017","D10","RMNP","RMNP_043",,"NEON.PLA.D10.RMNP.02137","ok","small shrub","Live",,,0.5,,,,1.3,1.0,,"oblate half-sphere",1.4,10,,,,"epRSxzuPA5t48lVqzG8Zzpe6SXlOzIpEf2AuVe0brkA=","rqshhe/SUgyPwdITr9NIwpYRUtT2h3qGluL++bNJ7qY=","legacyData"
"5144f4fa-f1a3-4cba-9596-cbaaa327b100","RMNP_043.basePlot.vst","2018-08-28","vst_RMNP_2017","D10","RMNP","RMNP_043",,"NEON.PLA.D10.RMNP.02134","ok","small shrub","Live",,,0.4,,,,2.5,2.1,,"oblate half-sphere",1.1,10,,,,"epRSxzuPA5t48lVqzG8Zzpe6SXlOzIpEf2AuVe0brkA=","rqshhe/SUgyPwdITr9NIwpYRUtT2h3qGluL++bNJ7qY=","legacyData"
"85ffbbc9-e5f5-4602-a84a-bf8dc0fa8507","RMNP_043.basePlot.vst","2018-08-28","vst_RMNP_2017","D10","RMNP","RMNP_043",,"NEON.PLA.D10.RMNP.02118","ok","single bole tree","Live",27.4,130,11.6,,,,,,,,,,,,,"epRSxzuPA5t48lVqzG8Zzpe6SXlOzIpEf2AuVe0brkA=","rqshhe/SUgyPwdITr9NIwpYRUtT2h3qGluL++bNJ7qY=","legacyData"
"0d3c38d8-1e3e-4e81-97fc-6e432835d6e6","RMNP_043.basePlot.vst","2018-08-28","vst_RMNP_2017","D10","RMNP","RMNP_043",,"NEON.PLA.D10.RMNP.04101","ok","small shrub","Live",,,0.3,,,,0.5,0.3,,"oblate half-sphere",1.0,10,,,,"epRSxzuPA5t48lVqzG8Zzpe6SXlOzIpEf2AuVe0brkA=","rqshhe/SUgyPwdITr9NIwpYRUtT2h3qGluL++bNJ7qY=","legacyData"
"adcf4924-df36-48ef-8ab1-0701b1b62340","RMNP_043.basePlot.vst","2018-08-28","vst_RMNP_2017","D10","RMNP","RMNP_043",,"NEON.PLA.D10.RMNP.02138","ok","small shrub","Live",,,0.4,,,,1.7,1.5,,"oblate half-sphere",1.3,10,,,,"epRSxzuPA5t48lVqzG8Zzpe6SXlOzIpEf2AuVe0brkA=","rqshhe/SUgyPwdITr9NIwpYRUtT2h3qGluL++bNJ7qY=","legacyData"
"f6c4c811-86c2-408d-b65c-09eb3ce6613a","RMNP_043.basePlot.vst","2018-08-28","vst_RMNP_2017","D10","RMNP","RMNP_043",,"NEON.PLA.D10.RMNP.02140","ok","small shrub","Live",,,0.6,,,,3.6,3.1,,"oblate half-sphere",1.2,10,,,,"epRSxzuPA5t48lVqzG8Zzpe6SXlOzIpEf2AuVe0brkA=","rqshhe/SUgyPwdITr9NIwpYRUtT2h3qGluL++bNJ7qY=","legacyData"
"1868e676-0822-449a-b582-9821f0975f97","RMNP_043.basePlot.vst","2018-08-28","vst_RMNP_2017","D10","RMNP","RMNP_043",,"NEON.PLA.D10.RMNP.02135","ok","small shrub","Live",,,0.5,,,,2.3,1.8,,"oblate half-sphere",1.1,10,,,,"epRSxzuPA5t48lVqzG8Zzpe6SXlOzIpEf2AuVe0brkA=","rqshhe/SUgyPwdITr9NIwpYRUtT2h3qGluL++bNJ7qY=","legacyData"
"cbcd2b62-2106-4a8e-8e3d-9aab92ce3a70","RMNP_043.basePlot.vst","2018-08-28","vst_RMNP_2017","D10","RMNP","RMNP_043",,"NEON.PLA.D10.RMNP.02131","ok","single bole tree","Live",21.0,130,14.4,,,,,,,,,,,,,"epRSxzuPA5t48lVqzG8Zzpe6SXlOzIpEf2AuVe0brkA=","rqshhe/SUgyPwdITr9NIwpYRUtT2h3qGluL++bNJ7qY=","legacyData"
"871fc647-f166-43a3-933a-1ddebbe83237","RMNP_043.basePlot.vst","2018-08-28","vst_RMNP_2017","D10","RMNP","RMNP_043",,"NEON.PLA.D10.RMNP.02328","ok","small shrub","Live",,,0.5,,,,2.4,1.8,,"oblate half-sphere",1.1,10,,,,"rqshhe/SUgyPwdITr9NIwpYRUtT2h3qGluL++bNJ7qY=","epRSxzuPA5t48lVqzG8Zzpe6SXlOzIpEf2AuVe0brkA=","legacyData"
"33bd8eb1-adec-46f6-89bc-f4a1bb80fb39","RMNP_043.basePlot.vst","2018-08-28","vst_RMNP_2017","D10","RMNP","RMNP_043",,"NEON.PLA.D10.RMNP.04102","ok","small shrub","Live",,,0.3,,,,1.9,1.4,,"half-sphere",1.0,10,,,,"epRSxzuPA5t48lVqzG8Zzpe6SXlOzIpEf2AuVe0brkA=","rqshhe/SUgyPwdITr9NIwpYRUtT2h3qGluL++bNJ7qY=","legacyData"
"be945196-33c3-414e-9516-240b4f348d6a","RMNP_043.basePlot.vst","2018-08-28","vst_RMNP_2017","D10","RMNP","RMNP_043",,"NEON.PLA.D10.RMNP.02134","ok","small shrub","Live",,,0.4,,,,2.5,2.1,,"oblate half-sphere",1.0,10,,,,"epRSxzuPA5t48lVqzG8Zzpe6SXlOzIpEf2AuVe0brkA=","rqshhe/SUgyPwdITr9NIwpYRUtT2h3qGluL++bNJ7qY=","legacyData"
"6f014ef3-2da3-451b-99a0-f6d44ac067fe","RMNP_043.basePlot.vst","2018-08-28","vst_RMNP_2017","D10","RMNP","RMNP_043",,"NEON.PLA.D10.RMNP.02127","ok","single bole tree","Standing dead",28.0,130,13.4,,,,,,,,,,,,"Unknown cause of death","epRSxzuPA5t48lVqzG8Zzpe6SXlOzIpEf2AuVe0brkA=","rqshhe/SUgyPwdITr9NIwpYRUtT2h3qGluL++bNJ7qY=","legacyData"
"5c536fe6-ae59-44cc-88e2-1866b8c62ffe","RMNP_043.basePlot.vst","2018-08-28","vst_RMNP_2017","D10","RMNP","RMNP_043",,"NEON.PLA.D10.RMNP.04103","ok","small shrub","Live",,,0.4,,,,1.3,0.8,,"oblate half-sphere",1.1,10,,,,"epRSxzuPA5t48lVqzG8Zzpe6SXlOzIpEf2AuVe0brkA=","rqshhe/SUgyPwdITr9NIwpYRUtT2h3qGluL++bNJ7qY=","legacyData"
"fd81cd63-193d-4c1d-a8df-0e69bc376f2d","RMNP_043.basePlot.vst","2018-08-28","vst_RMNP_2017","D10","RMNP","RMNP_043",,"NEON.PLA.D10.RMNP.02140","ok","small shrub","Live",,,0.6,,,,3.6,3.1,,"oblate half-sphere",1.8,10,,,,"epRSxzuPA5t48lVqzG8Zzpe6SXlOzIpEf2AuVe0brkA=","rqshhe/SUgyPwdITr9NIwpYRUtT2h3qGluL++bNJ7qY=","legacyData"
"4585f717-e6ab-4621-a434-8e1135adde43","RMNP_043.basePlot.vst","2018-08-28","vst_RMNP_2017","D10","RMNP","RMNP_043",,"NEON.PLA.D10.RMNP.02140","ok","small shrub","Live",,,0.6,,,,3.6,3.1,,"oblate half-sphere",1.4,10,,,,"epRSxzuPA5t48lVqzG8Zzpe6SXlOzIpEf2AuVe0brkA=","rqshhe/SUgyPwdITr9NIwpYRUtT2h3qGluL++bNJ7qY=","legacyData"
"70e1fa95-75b4-4581-a6ae-3e8be97907bb","RMNP_043.basePlot.vst","2018-08-28","vst_RMNP_2017","D10","RMNP","RMNP_043",,"NEON.PLA.D10.RMNP.02327","ok","small shrub","Live",,,0.4,,,,1.7,1.7,,"half-sphere",1.0,10,,,,"rqshhe/SUgyPwdITr9NIwpYRUtT2h3qGluL++bNJ7qY=","epRSxzuPA5t48lVqzG8Zzpe6SXlOzIpEf2AuVe0brkA=","legacyData"
"c104ae21-4c76-4a87-8b85-79aa4fd318c7","RMNP_043.basePlot.vst","2018-08-28","vst_RMNP_2017","D10","RMNP","RMNP_043",,"NEON.PLA.D10.RMNP.02140","ok","small shrub","Live",,,0.6,,,,3.6,3.1,,"oblate half-sphere",1.4,10,,,,"epRSxzuPA5t48lVqzG8Zzpe6SXlOzIpEf2AuVe0brkA=","rqshhe/SUgyPwdITr9NIwpYRUtT2h3qGluL++bNJ7qY=","legacyData"
"7e2c3790-a934-4a81-ab59-9d3e204225a5","RMNP_043.basePlot.vst","2018-08-28","vst_RMNP_2017","D10","RMNP","RMNP_043",,"NEON.PLA.D10.RMNP.02310","ok","single bole tree","Live",34.1,130,13.7,,,,,,,,,,,,,"rqshhe/SUgyPwdITr9NIwpYRUtT2h3qGluL++bNJ7qY=","epRSxzuPA5t48lVqzG8Zzpe6SXlOzIpEf2AuVe0brkA=","legacyData"
"625c432b-87ea-407c-8f58-af398be3daf2","RMNP_043.basePlot.vst","2018-08-28","vst_RMNP_2017","D10","RMNP","RMNP_043",,"NEON.PLA.D10.RMNP.02125","ok","single bole tree","Standing dead",25.3,130,10.7,,,,,,,,,,,,"Unknown cause of death","epRSxzuPA5t48lVqzG8Zzpe6SXlOzIpEf2AuVe0brkA=","rqshhe/SUgyPwdITr9NIwpYRUtT2h3qGluL++bNJ7qY=","legacyData"
"6feb50db-0803-4b1e-828c-1cd0ef8e9bf9","RMNP_043.basePlot.vst","2018-08-28","vst_RMNP_2017","D10","RMNP","RMNP_043",,"NEON.PLA.D10.RMNP.02122","ok","single bole tree","Live",27.1,130,13.0,,,,,,,,,,,,,"epRSxzuPA5t48lVqzG8Zzpe6SXlOzIpEf2AuVe0brkA=","rqshhe/SUgyPwdITr9NIwpYRUtT2h3qGluL++bNJ7qY=","legacyData"
"bba4b847-bc06-44fc-8c8d-992ace1bb76a","RMNP_043.basePlot.vst","2018-08-28","vst_RMNP_2017","D10","RMNP","RMNP_043",,"NEON.PLA.D10.RMNP.02135","ok","small shrub","Live",,,0.5,,,,2.3,1.8,,"oblate half-sphere",1.1,10,,,,"epRSxzuPA5t48lVqzG8Zzpe6SXlOzIpEf2AuVe0brkA=","rqshhe/SUgyPwdITr9NIwpYRUtT2h3qGluL++bNJ7qY=","legacyData"
"404c82b4-5024-41a5-8b24-5c61e87b6e0d","RMNP_043.basePlot.vst","2018-08-28","vst_RMNP_2017","D10","RMNP","RMNP_043",,"NEON.PLA.D10.RMNP.02330","ok","sapling","Live",,,0.5,,,,,,,,1.1,10,,,,"rqshhe/SUgyPwdITr9NIwpYRUtT2h3qGluL++bNJ7qY=","epRSxzuPA5t48lVqzG8Zzpe6SXlOzIpEf2AuVe0brkA=","legacyData"
"2392cd47-69ab-4a55-8831-570b5b61d67e","RMNP_043.basePlot.vst","2018-08-28","vst_RMNP_2017","D10","RMNP","RMNP_043",,"NEON.PLA.D10.RMNP.02145","ok","small shrub","Live",,,0.5,,,,1.4,1.0,,"oblate half-sphere",1.2,10,,,"Tag missing- Confident of individual replaced tag","epRSxzuPA5t48lVqzG8Zzpe6SXlOzIpEf2AuVe0brkA=","rqshhe/SUgyPwdITr9NIwpYRUtT2h3qGluL++bNJ7qY=","legacyData"
"c8c88e94-b3e7-431d-be47-9e5e46d295e5","RMNP_043.basePlot.vst","2018-08-28","vst_RMNP_2017","D10","RMNP","RMNP_043",,"NEON.PLA.D10.RMNP.02130","ok","single bole tree","Live",26.6,130,12.9,,,,,,,,,,,,,"epRSxzuPA5t48lVqzG8Zzpe6SXlOzIpEf2AuVe0brkA=","rqshhe/SUgyPwdITr9NIwpYRUtT2h3qGluL++bNJ7qY=","legacyData"
"4c9e59fd-f179-4919-a065-b48b2f8a8055","RMNP_043.basePlot.vst","2018-08-28","vst_RMNP_2017","D10","RMNP","RMNP_043",,"NEON.PLA.D10.RMNP.02116","ok","single bole tree","Live",32.9,130,14.7,,,,,,,,,,,,,"epRSxzuPA5t48lVqzG8Zzpe6SXlOzIpEf2AuVe0brkA=","rqshhe/SUgyPwdITr9NIwpYRUtT2h3qGluL++bNJ7qY=","legacyData"
"0314ad01-eae6-4637-9650-bb237957bb88","RMNP_043.basePlot.vst","2018-08-28","vst_RMNP_2017","D10","RMNP","RMNP_043",,"NEON.PLA.D10.RMNP.02133","ok","small shrub","Live",,,0.4,,,,4.1,3.4,,"oblate half-sphere",1.8,10,,,,"epRSxzuPA5t48lVqzG8Zzpe6SXlOzIpEf2AuVe0brkA=","rqshhe/SUgyPwdITr9NIwpYRUtT2h3qGluL++bNJ7qY=","legacyData"
"7813290b-1873-41bd-b638-564ef0c45d4e","RMNP_043.basePlot.vst","2018-08-28","vst_RMNP_2017","D10","RMNP","RMNP_043",,"NEON.PLA.D10.RMNP.02140","ok","small shrub","Live",,,0.6,,,,3.6,3.1,,"oblate half-sphere",1.0,10,,,,"epRSxzuPA5t48lVqzG8Zzpe6SXlOzIpEf2AuVe0brkA=","rqshhe/SUgyPwdITr9NIwpYRUtT2h3qGluL++bNJ7qY=","legacyData"
"3219aa2d-dd35-4c15-9809-6ab117c34fa9","RMNP_043.basePlot.vst","2018-08-28","vst_RMNP_2017","D10","RMNP","RMNP_043",,"NEON.PLA.D10.RMNP.02147","ok","sapling","Live",,,0.8,,,,,,,,1.5,10,,,,"epRSxzuPA5t48lVqzG8Zzpe6SXlOzIpEf2AuVe0brkA=","rqshhe/SUgyPwdITr9NIwpYRUtT2h3qGluL++bNJ7qY=","legacyData"
"cdec7355-c50b-498c-8419-34c72bc4ac0b","RMNP_043.basePlot.vst","2018-08-28","vst_RMNP_2017","D10","RMNP","RMNP_043",,"NEON.PLA.D10.RMNP.02134","ok","small shrub","Live",,,0.4,,,,2.5,2.1,,"oblate half-sphere",1.1,10,,,,"epRSxzuPA5t48lVqzG8Zzpe6SXlOzIpEf2AuVe0brkA=","rqshhe/SUgyPwdITr9NIwpYRUtT2h3qGluL++bNJ7qY=","legacyData"
"22e3bfd2-af5f-400a-82d0-a22ea93a5e96","RMNP_043.basePlot.vst","2018-08-28","vst_RMNP_2017","D10","RMNP","RMNP_043",,"NEON.PLA.D10.RMNP.02140","ok","small shrub","Live",,,0.6,,,,3.6,3.1,,"oblate half-sphere",1.6,10,,,,"epRSxzuPA5t48lVqzG8Zzpe6SXlOzIpEf2AuVe0brkA=","rqshhe/SUgyPwdITr9NIwpYRUtT2h3qGluL++bNJ7qY=","legacyData"
"dcc0da9b-1e35-4ebb-9e65-d3c288b6bc73","RMNP_043.basePlot.vst","2018-08-28","vst_RMNP_2017","D10","RMNP","RMNP_043",,"NEON.PLA.D10.RMNP.02307","ok","single bole tree","Live",37.1,130,14.6,,,,,,,,,,,,,"rqshhe/SUgyPwdITr9NIwpYRUtT2h3qGluL++bNJ7qY=","epRSxzuPA5t48lVqzG8Zzpe6SXlOzIpEf2AuVe0brkA=","legacyData"
"4d79de7d-7d8a-4b42-9861-aebac549891d","RMNP_043.basePlot.vst","2018-08-28","vst_RMNP_2017","D10","RMNP","RMNP_043",,"NEON.PLA.D10.RMNP.02331","ok","small shrub","Live",,,0.4,,,,2.3,2.2,,"oblate half-sphere",1.4,10,,,,"rqshhe/SUgyPwdITr9NIwpYRUtT2h3qGluL++bNJ7qY=","epRSxzuPA5t48lVqzG8Zzpe6SXlOzIpEf2AuVe0brkA=","legacyData"
"6d44e04b-e5e2-421e-941b-b702943a374c","RMNP_043.basePlot.vst","2018-08-28","vst_RMNP_2017","D10","RMNP","RMNP_043",,"NEON.PLA.D10.RMNP.02134","ok","small shrub","Live",,,0.4,,,,2.5,2.1,,"oblate half-sphere",1.4,10,,,,"epRSxzuPA5t48lVqzG8Zzpe6SXlOzIpEf2AuVe0brkA=","rqshhe/SUgyPwdITr9NIwpYRUtT2h3qGluL++bNJ7qY=","legacyData"
"19e057a4-9ef9-4d5d-82f2-b08964369b7c","RMNP_043.basePlot.vst","2018-08-28","vst_RMNP_2017","D10","RMNP","RMNP_043",,"NEON.PLA.D10.RMNP.02329","ok","small shrub","Live",,,0.2,,,,0.7,0.4,,"oblate half-sphere",1.0,10,,,,"rqshhe/SUgyPwdITr9NIwpYRUtT2h3qGluL++bNJ7qY=","epRSxzuPA5t48lVqzG8Zzpe6SXlOzIpEf2AuVe0brkA=","legacyData"
"f08f4389-85e5-49a1-bd36-a6a30ba88e90","RMNP_043.basePlot.vst","2018-08-28","vst_RMNP_2017","D10","RMNP","RMNP_043",,"NEON.PLA.D10.RMNP.02135","ok","small shrub","Live",,,0.5,,,,2.3,1.8,,"oblate half-sphere",1.2,10,,,,"epRSxzuPA5t48lVqzG8Zzpe6SXlOzIpEf2AuVe0brkA=","rqshhe/SUgyPwdITr9NIwpYRUtT2h3qGluL++bNJ7qY=","legacyData"
"a60ca291-ac04-4e9b-86b4-9c31ed74d9fc","RMNP_043.basePlot.vst","2018-08-28","vst_RMNP_2017","D10","RMNP","RMNP_043",,"NEON.PLA.D10.RMNP.02140","ok","small shrub","Live",,,0.6,,,,3.6,3.1,,"oblate half-sphere",1.7,10,,,,"epRSxzuPA5t48lVqzG8Zzpe6SXlOzIpEf2AuVe0brkA=","rqshhe/SUgyPwdITr9NIwpYRUtT2h3qGluL++bNJ7qY=","legacyData"
"755e0a0f-3a65-420d-88c3-1ea54bf94d7c","RMNP_043.basePlot.vst","2018-08-28","vst_RMNP_2017","D10","RMNP","RMNP_043",,"NEON.PLA.D10.RMNP.02135","ok","small shrub","Live",,,0.5,,,,2.3,1.8,,"oblate half-sphere",1.7,10,,,,"epRSxzuPA5t48lVqzG8Zzpe6SXlOzIpEf2AuVe0brkA=","rqshhe/SUgyPwdITr9NIwpYRUtT2h3qGluL++bNJ7qY=","legacyData"
"cfbb2340-c932-4c15-81a7-be2e19bc8f73","RMNP_043.basePlot.vst","2018-08-28","vst_RMNP_2017","D10","RMNP","RMNP_043",,"NEON.PLA.D10.RMNP.02142","ok","small shrub","Live",,,0.4,,,,1.9,1.7,,"oblate half-sphere",1.3,10,,,,"epRSxzuPA5t48lVqzG8Zzpe6SXlOzIpEf2AuVe0brkA=","rqshhe/SUgyPwdITr9NIwpYRUtT2h3qGluL++bNJ7qY=","legacyData"
"a84e31a8-a860-4566-9b9b-83e626dd28a0","RMNP_043.basePlot.vst","2018-08-28","vst_RMNP_2017","D10","RMNP","RMNP_043",,"NEON.PLA.D10.RMNP.02328","ok","small shrub","Live",,,0.5,,,,2.4,1.8,,"oblate half-sphere",1.3,10,,,,"rqshhe/SUgyPwdITr9NIwpYRUtT2h3qGluL++bNJ7qY=","epRSxzuPA5t48lVqzG8Zzpe6SXlOzIpEf2AuVe0brkA=","legacyData"
"643ddf5e-3e19-46e3-949a-4056102a3974","RMNP_043.basePlot.vst","2018-08-28","vst_RMNP_2017","D10","RMNP","RMNP_043",,"NEON.PLA.D10.RMNP.02327","ok","small shrub","Live",,,0.4,,,,1.7,1.7,,"half-sphere",2.1,10,,,,"rqshhe/SUgyPwdITr9NIwpYRUtT2h3qGluL++bNJ7qY=","epRSxzuPA5t48lVqzG8Zzpe6SXlOzIpEf2AuVe0brkA=","legacyData"
"d52e994d-e9c8-4e1f-8e54-a6a04b06c843","RMNP_043.basePlot.vst","2018-08-28","vst_RMNP_2017","D10","RMNP","RMNP_043",,"NEON.PLA.D10.RMNP.02150","ok","sapling","Live",,,1.0,,,,,,,,2.6,10,,,,"epRSxzuPA5t48lVqzG8Zzpe6SXlOzIpEf2AuVe0brkA=","rqshhe/SUgyPwdITr9NIwpYRUtT2h3qGluL++bNJ7qY=","legacyData"
"e3b32e6b-0bd6-466b-a66e-ec4654de48af","RMNP_043.basePlot.vst","2018-08-28","vst_RMNP_2017","D10","RMNP","RMNP_043",,"NEON.PLA.D10.RMNP.02140","ok","small shrub","Live",,,0.6,,,,3.6,3.1,,"oblate half-sphere",2.0,10,,,,"epRSxzuPA5t48lVqzG8Zzpe6SXlOzIpEf2AuVe0brkA=","rqshhe/SUgyPwdITr9NIwpYRUtT2h3qGluL++bNJ7qY=","legacyData"
"ad0a84e3-76cf-4be9-84fe-5a2579727ea2","RMNP_043.basePlot.vst","2018-08-28","vst_RMNP_2017","D10","RMNP","RMNP_043",,"NEON.PLA.D10.RMNP.02117","ok","single bole tree","Standing dead",27.3,130,13.4,,,,,,,,,,,,"Unknown cause of death","epRSxzuPA5t48lVqzG8Zzpe6SXlOzIpEf2AuVe0brkA=","rqshhe/SUgyPwdITr9NIwpYRUtT2h3qGluL++bNJ7qY=","legacyData"
"7d3e3ad0-004c-4dcf-aa08-e6cb1027a365","RMNP_043.basePlot.vst","2018-08-28","vst_RMNP_2017","D10","RMNP","RMNP_043",,"NEON.PLA.D10.RMNP.02142","ok","small shrub","Live",,,0.4,,,,1.9,1.7,,"oblate half-sphere",1.0,10,,,,"epRSxzuPA5t48lVqzG8Zzpe6SXlOzIpEf2AuVe0brkA=","rqshhe/SUgyPwdITr9NIwpYRUtT2h3qGluL++bNJ7qY=","legacyData"
"a310927c-2bb2-4a3b-9a2f-b08894a27518","RMNP_043.basePlot.vst","2018-08-28","vst_RMNP_2017","D10","RMNP","RMNP_043",,"NEON.PLA.D10.RMNP.02323","ok","sapling","Live",,,0.7,,,,,,,,1.5,10,,,,"rqshhe/SUgyPwdITr9NIwpYRUtT2h3qGluL++bNJ7qY=","epRSxzuPA5t48lVqzG8Zzpe6SXlOzIpEf2AuVe0brkA=","legacyData"
"5d920919-c77a-4dd9-b119-b7e36202f5f7","RMNP_043.basePlot.vst","2018-08-28","vst_RMNP_2017","D10","RMNP","RMNP_043",,"NEON.PLA.D10.RMNP.02135","ok","small shrub","Live",,,0.5,,,,2.3,1.8,,"oblate half-sphere",1.1,10,,,,"epRSxzuPA5t48lVqzG8Zzpe6SXlOzIpEf2AuVe0brkA=","rqshhe/SUgyPwdITr9NIwpYRUtT2h3qGluL++bNJ7qY=","legacyData"
"f47435ad-6f69-4ecf-8d8a-01d6fe1c8c0d","RMNP_043.basePlot.vst","2018-08-28","vst_RMNP_2017","D10","RMNP","RMNP_043",,"NEON.PLA.D10.RMNP.02134","ok","small shrub","Live",,,0.4,,,,2.5,2.1,,"oblate half-sphere",1.2,10,,,,"epRSxzuPA5t48lVqzG8Zzpe6SXlOzIpEf2AuVe0brkA=","rqshhe/SUgyPwdITr9NIwpYRUtT2h3qGluL++bNJ7qY=","legacyData"
"d85cff76-935e-408d-b2c9-18035512bcb3","RMNP_043.basePlot.vst","2018-08-28","vst_RMNP_2017","D10","RMNP","RMNP_043",,"NEON.PLA.D10.RMNP.02147","ok","sapling","Live",,,0.8,,,,,,,,1.4,10,,,,"epRSxzuPA5t48lVqzG8Zzpe6SXlOzIpEf2AuVe0brkA=","rqshhe/SUgyPwdITr9NIwpYRUtT2h3qGluL++bNJ7qY=","legacyData"
"bdaac05e-68dd-4d75-a61d-0d19512d7350","RMNP_043.basePlot.vst","2018-08-28","vst_RMNP_2017","D10","RMNP","RMNP_043",,"NEON.PLA.D10.RMNP.04102","ok","small shrub","Live",,,0.3,,,,1.9,1.4,,"half-sphere",1.0,10,,,,"epRSxzuPA5t48lVqzG8Zzpe6SXlOzIpEf2AuVe0brkA=","rqshhe/SUgyPwdITr9NIwpYRUtT2h3qGluL++bNJ7qY=","legacyData"
"9dad0759-9794-4b24-8bb7-e35f835a20f4","RMNP_043.basePlot.vst","2018-08-28","vst_RMNP_2017","D10","RMNP","RMNP_043",,"NEON.PLA.D10.RMNP.02328","ok","small shrub","Live",,,0.5,,,,2.4,1.8,,"oblate half-sphere",1.1,10,,,,"rqshhe/SUgyPwdITr9NIwpYRUtT2h3qGluL++bNJ7qY=","epRSxzuPA5t48lVqzG8Zzpe6SXlOzIpEf2AuVe0brkA=","legacyData"
"0b8cc0d6-f210-4bbc-9f79-955299997365","RMNP_043.basePlot.vst","2018-08-28","vst_RMNP_2017","D10","RMNP","RMNP_043",,"NEON.PLA.D10.RMNP.02135","ok","small shrub","Live",,,0.5,,,,2.3,1.8,,"oblate half-sphere",1.8,10,,,,"epRSxzuPA5t48lVqzG8Zzpe6SXlOzIpEf2AuVe0brkA=","rqshhe/SUgyPwdITr9NIwpYRUtT2h3qGluL++bNJ7qY=","legacyData"
"492a2dad-0c20-4e92-8fd8-334c74f40a2e","RMNP_043.basePlot.vst","2018-08-28","vst_RMNP_2017","D10","RMNP","RMNP_043",,"NEON.PLA.D10.RMNP.02140","ok","small shrub","Live",,,0.6,,,,3.6,3.1,,"oblate half-sphere",1.6,10,,,,"epRSxzuPA5t48lVqzG8Zzpe6SXlOzIpEf2AuVe0brkA=","rqshhe/SUgyPwdITr9NIwpYRUtT2h3qGluL++bNJ7qY=","legacyData"
"5042b18a-9746-489a-9cd6-bb5dd767f449","RMNP_043.basePlot.vst","2018-08-28","vst_RMNP_2017","D10","RMNP","RMNP_043",,"NEON.PLA.D10.RMNP.02136","ok","small shrub","Live",,,0.3,,,,1.5,1.2,,"oblate half-sphere",1.0,10,,,,"epRSxzuPA5t48lVqzG8Zzpe6SXlOzIpEf2AuVe0brkA=","rqshhe/SUgyPwdITr9NIwpYRUtT2h3qGluL++bNJ7qY=","legacyData"
"0b19c202-c0f8-4598-8ee6-dde1382373ce","RMNP_043.basePlot.vst","2018-08-28","vst_RMNP_2017","D10","RMNP","RMNP_043",,"NEON.PLA.D10.RMNP.02137","ok","small shrub","Live",,,0.5,,,,1.3,1.0,,"oblate half-sphere",1.5,10,,,,"epRSxzuPA5t48lVqzG8Zzpe6SXlOzIpEf2AuVe0brkA=","rqshhe/SUgyPwdITr9NIwpYRUtT2h3qGluL++bNJ7qY=","legacyData"
"e76fd925-5aa0-49ce-94d9-2f6ae0ac5817","RMNP_043.basePlot.vst","2018-08-28","vst_RMNP_2017","D10","RMNP","RMNP_043",,"NEON.PLA.D10.RMNP.02326","ok","sapling","Live",,,0.6,,,,,,,,1.8,10,,,,"rqshhe/SUgyPwdITr9NIwpYRUtT2h3qGluL++bNJ7qY=","epRSxzuPA5t48lVqzG8Zzpe6SXlOzIpEf2AuVe0brkA=","legacyData"
"7b3f214f-b65e-4205-bc0a-a25b8b7205ba","RMNP_043.basePlot.vst","2018-08-28","vst_RMNP_2017","D10","RMNP","RMNP_043",,"NEON.PLA.D10.RMNP.02138","ok","small shrub","Live",,,0.4,,,,1.7,1.5,,"oblate half-sphere",1.8,10,,,,"epRSxzuPA5t48lVqzG8Zzpe6SXlOzIpEf2AuVe0brkA=","rqshhe/SUgyPwdITr9NIwpYRUtT2h3qGluL++bNJ7qY=","legacyData"
"6fe3162e-2328-4fba-b659-5d3a5e68fbf9","RMNP_043.basePlot.vst","2018-08-28","vst_RMNP_2017","D10","RMNP","RMNP_043",,"NEON.PLA.D10.RMNP.02133","ok","small shrub","Live",,,0.4,,,,4.1,3.4,,"oblate half-sphere",1.4,10,,,,"epRSxzuPA5t48lVqzG8Zzpe6SXlOzIpEf2AuVe0brkA=","rqshhe/SUgyPwdITr9NIwpYRUtT2h3qGluL++bNJ7qY=","legacyData"
"137f0e95-451e-4360-9fd5-4f7982060eb1","RMNP_043.basePlot.vst","2018-08-28","vst_RMNP_2017","D10","RMNP","RMNP_043",,"NEON.PLA.D10.RMNP.02133","ok","small shrub","Live",,,0.4,,,,4.1,3.4,,"oblate half-sphere",1.5,10,,,,"epRSxzuPA5t48lVqzG8Zzpe6SXlOzIpEf2AuVe0brkA=","rqshhe/SUgyPwdITr9NIwpYRUtT2h3qGluL++bNJ7qY=","legacyData"
"89a84ff5-186c-428e-9da4-effeabf8e011","RMNP_043.basePlot.vst","2018-08-28","vst_RMNP_2017","D10","RMNP","RMNP_043",,"NEON.PLA.D10.RMNP.02145","ok","small shrub","Live",,,0.5,,,,1.4,1.0,,"oblate half-sphere",1.6,10,,,"Tag missing- Confident of individual replaced tag","epRSxzuPA5t48lVqzG8Zzpe6SXlOzIpEf2AuVe0brkA=","rqshhe/SUgyPwdITr9NIwpYRUtT2h3qGluL++bNJ7qY=","legacyData"
"58ac3602-45cb-4367-93e7-9f2456ddb050","RMNP_043.basePlot.vst","2018-08-28","vst_RMNP_2017","D10","RMNP","RMNP_043",,"NEON.PLA.D10.RMNP.02324","ok","sapling","Live",,,1.1,,,,,,,,4.0,10,,,,"rqshhe/SUgyPwdITr9NIwpYRUtT2h3qGluL++bNJ7qY=","epRSxzuPA5t48lVqzG8Zzpe6SXlOzIpEf2AuVe0brkA=","legacyData"
"bc456850-a9a4-4a78-af49-ad5d817aaa9f","RMNP_043.basePlot.vst","2018-08-28","vst_RMNP_2017","D10","RMNP","RMNP_043",,"NEON.PLA.D10.RMNP.02139","ok","small shrub","Live",,,0.5,0.2,,,0.5,0.4,,"ellipsoid or sphere",1.5,10,,,,"epRSxzuPA5t48lVqzG8Zzpe6SXlOzIpEf2AuVe0brkA=","rqshhe/SUgyPwdITr9NIwpYRUtT2h3qGluL++bNJ7qY=","legacyData"
"dcb4069e-a27c-45c2-8134-abc45d5c2049","RMNP_043.basePlot.vst","2018-08-28","vst_RMNP_2017","D10","RMNP","RMNP_043",,"NEON.PLA.D10.RMNP.02132","ok","single bole tree","Live",33.7,130,13.4,,,,,,,,,,,,,"epRSxzuPA5t48lVqzG8Zzpe6SXlOzIpEf2AuVe0brkA=","rqshhe/SUgyPwdITr9NIwpYRUtT2h3qGluL++bNJ7qY=","legacyData"
"6a93e999-0b6d-494a-bff2-e6f7e0963373","RMNP_043.basePlot.vst","2018-08-28","vst_RMNP_2017","D10","RMNP","RMNP_043",,"NEON.PLA.D10.RMNP.02133","ok","small shrub","Live",,,0.4,,,,4.1,3.4,,"oblate half-sphere",1.1,10,,,,"epRSxzuPA5t48lVqzG8Zzpe6SXlOzIpEf2AuVe0brkA=","rqshhe/SUgyPwdITr9NIwpYRUtT2h3qGluL++bNJ7qY=","legacyData"
"9e2bd7ca-d18d-4ff1-a5f9-511a6e52f239","RMNP_043.basePlot.vst","2018-08-28","vst_RMNP_2017","D10","RMNP","RMNP_043",,"NEON.PLA.D10.RMNP.04102","ok","small shrub","Live",,,0.3,,,,1.9,1.4,,"half-sphere",1.0,10,,,,"epRSxzuPA5t48lVqzG8Zzpe6SXlOzIpEf2AuVe0brkA=","rqshhe/SUgyPwdITr9NIwpYRUtT2h3qGluL++bNJ7qY=","legacyData"
"e27d9f9d-17d9-413b-b19d-fc2f50c70f75","RMNP_043.basePlot.vst","2018-08-28","vst_RMNP_2017","D10","RMNP","RMNP_043",,"NEON.PLA.D10.RMNP.02140","ok","small shrub","Live",,,0.6,,,,3.6,3.1,,"oblate half-sphere",2.0,10,,,,"epRSxzuPA5t48lVqzG8Zzpe6SXlOzIpEf2AuVe0brkA=","rqshhe/SUgyPwdITr9NIwpYRUtT2h3qGluL++bNJ7qY=","legacyData"
"039fb115-99c4-47c8-a631-54dc5d1c1743","RMNP_043.basePlot.vst","2018-08-28","vst_RMNP_2017","D10","RMNP","RMNP_043",,"NEON.PLA.D10.RMNP.02313","ok","single bole tree","Live",32.8,130,16.6,,,,,,,,,,,,,"rqshhe/SUgyPwdITr9NIwpYRUtT2h3qGluL++bNJ7qY=","epRSxzuPA5t48lVqzG8Zzpe6SXlOzIpEf2AuVe0brkA=","legacyData"
"2855e1d1-7bbc-406a-a949-cb2ec92b06d3","RMNP_043.basePlot.vst","2018-08-28","vst_RMNP_2017","D10","RMNP","RMNP_043",,"NEON.PLA.D10.RMNP.02133","ok","small shrub","Live",,,0.4,,,,4.1,3.4,,"oblate half-sphere",1.6,10,,,,"epRSxzuPA5t48lVqzG8Zzpe6SXlOzIpEf2AuVe0brkA=","rqshhe/SUgyPwdITr9NIwpYRUtT2h3qGluL++bNJ7qY=","legacyData"
"619e45b4-7e85-4f14-b49e-2e57254daf61","RMNP_043.basePlot.vst","2018-08-28","vst_RMNP_2017","D10","RMNP","RMNP_043",,"NEON.PLA.D10.RMNP.02327","ok","small shrub","Live",,,0.4,,,,1.7,1.7,,"half-sphere",1.0,10,,,,"rqshhe/SUgyPwdITr9NIwpYRUtT2h3qGluL++bNJ7qY=","epRSxzuPA5t48lVqzG8Zzpe6SXlOzIpEf2AuVe0brkA=","legacyData"
"7b6eed86-abf1-4226-a0b8-7cfb12e69c85","RMNP_043.basePlot.vst","2018-08-28","vst_RMNP_2017","D10","RMNP","RMNP_043",,"NEON.PLA.D10.RMNP.02133","ok","small shrub","Live",,,0.4,,,,4.1,3.4,,"oblate half-sphere",1.2,10,,,,"epRSxzuPA5t48lVqzG8Zzpe6SXlOzIpEf2AuVe0brkA=","rqshhe/SUgyPwdITr9NIwpYRUtT2h3qGluL++bNJ7qY=","legacyData"
"b0df415b-ed10-4a63-94b0-654a09c6d71e","RMNP_043.basePlot.vst","2018-08-28","vst_RMNP_2017","D10","RMNP","RMNP_043",,"NEON.PLA.D10.RMNP.02115","ok","single bole tree","Live",29.4,130,14.3,,,,,,,,,,,,,"epRSxzuPA5t48lVqzG8Zzpe6SXlOzIpEf2AuVe0brkA=","rqshhe/SUgyPwdITr9NIwpYRUtT2h3qGluL++bNJ7qY=","legacyData"
"d846b6b4-fac8-4ac5-9410-12412a37fa45","RMNP_043.basePlot.vst","2018-08-28","vst_RMNP_2017","D10","RMNP","RMNP_043",,"NEON.PLA.D10.RMNP.02149","ok","small tree","Live",1.7,130,2.0,,,,,,,,,,,,,"epRSxzuPA5t48lVqzG8Zzpe6SXlOzIpEf2AuVe0brkA=","rqshhe/SUgyPwdITr9NIwpYRUtT2h3qGluL++bNJ7qY=","legacyData"
"ba4d8dc5-2ec3-4a25-968b-7c8cc3d91a5a","RMNP_043.basePlot.vst","2018-08-28","vst_RMNP_2017","D10","RMNP","RMNP_043",,"NEON.PLA.D10.RMNP.02129","ok","single bole tree","Dead, broken bole",41.1,130,3.4,,3.4,35.9,,,,,,,,,"Unknown cause of break","epRSxzuPA5t48lVqzG8Zzpe6SXlOzIpEf2AuVe0brkA=","rqshhe/SUgyPwdITr9NIwpYRUtT2h3qGluL++bNJ7qY=","legacyData"
"1760e97f-6bbf-4111-bbcc-162c62569bec","RMNP_043.basePlot.vst","2018-08-28","vst_RMNP_2017","D10","RMNP","RMNP_043",,"NEON.PLA.D10.RMNP.02320","ok","single bole tree","Live",35.0,130,14.5,,,,,,,,,,,,,"rqshhe/SUgyPwdITr9NIwpYRUtT2h3qGluL++bNJ7qY=","epRSxzuPA5t48lVqzG8Zzpe6SXlOzIpEf2AuVe0brkA=","legacyData"
"9eaf44e6-6825-4c29-b8ad-5d2b7d7be4a1","RMNP_043.basePlot.vst","2018-08-28","vst_RMNP_2017","D10","RMNP","RMNP_043",,"NEON.PLA.D10.RMNP.02151","ok","sapling","Live",,,0.5,,,,,,,,1.4,10,,,,"epRSxzuPA5t48lVqzG8Zzpe6SXlOzIpEf2AuVe0brkA=","rqshhe/SUgyPwdITr9NIwpYRUtT2h3qGluL++bNJ7qY=","legacyData"
"a7bde796-9624-435c-9e55-72ccf777acbf","RMNP_043.basePlot.vst","2018-08-28","vst_RMNP_2017","D10","RMNP","RMNP_043",,"NEON.PLA.D10.RMNP.02322","ok","sapling","Live",,,0.5,,,,,,,,1.0,10,,,,"rqshhe/SUgyPwdITr9NIwpYRUtT2h3qGluL++bNJ7qY=","epRSxzuPA5t48lVqzG8Zzpe6SXlOzIpEf2AuVe0brkA=","legacyData"
"5f8055ba-edef-4bef-bdee-8ef385f3bc4c","RMNP_043.basePlot.vst","2018-08-28","vst_RMNP_2017","D10","RMNP","RMNP_043",,"NEON.PLA.D10.RMNP.02140","ok","small shrub","Live",,,0.6,,,,3.6,3.1,,"oblate half-sphere",2.2,10,,,,"epRSxzuPA5t48lVqzG8Zzpe6SXlOzIpEf2AuVe0brkA=","rqshhe/SUgyPwdITr9NIwpYRUtT2h3qGluL++bNJ7qY=","legacyData"
"607a7475-6f02-4a56-bdbe-15835abab9e3","RMNP_043.basePlot.vst","2018-08-28","vst_RMNP_2017","D10","RMNP","RMNP_043",,"NEON.PLA.D10.RMNP.02134","ok","small shrub","Live",,,0.4,,,,2.5,2.1,,"oblate half-sphere",1.0,10,,,,"epRSxzuPA5t48lVqzG8Zzpe6SXlOzIpEf2AuVe0brkA=","rqshhe/SUgyPwdITr9NIwpYRUtT2h3qGluL++bNJ7qY=","legacyData"
"23121814-cae6-4f85-bf30-668cb274d3d5","RMNP_043.basePlot.vst","2018-08-28","vst_RMNP_2017","D10","RMNP","RMNP_043",,"NEON.PLA.D10.RMNP.02133","ok","small shrub","Live",,,0.4,,,,4.1,3.4,,"oblate half-sphere",1.5,10,,,,"epRSxzuPA5t48lVqzG8Zzpe6SXlOzIpEf2AuVe0brkA=","rqshhe/SUgyPwdITr9NIwpYRUtT2h3qGluL++bNJ7qY=","legacyData"
"1372f733-46ba-451b-981b-18158b83908e","RMNP_043.basePlot.vst","2018-08-28","vst_RMNP_2017","D10","RMNP","RMNP_043",,"NEON.PLA.D10.RMNP.02140","ok","small shrub","Live",,,0.6,,,,3.6,3.1,,"oblate half-sphere",1.2,10,,,,"epRSxzuPA5t48lVqzG8Zzpe6SXlOzIpEf2AuVe0brkA=","rqshhe/SUgyPwdITr9NIwpYRUtT2h3qGluL++bNJ7qY=","legacyData"
"c5b4ce41-9c24-4a13-836b-eeef7e6c3ce6","RMNP_043.basePlot.vst","2018-08-28","vst_RMNP_2017","D10","RMNP","RMNP_043",,"NEON.PLA.D10.RMNP.02140","ok","small shrub","Live",,,0.6,,,,3.6,3.1,,"oblate half-sphere",1.0,10,,,,"epRSxzuPA5t48lVqzG8Zzpe6SXlOzIpEf2AuVe0brkA=","rqshhe/SUgyPwdITr9NIwpYRUtT2h3qGluL++bNJ7qY=","legacyData"
"d9016c70-093f-46a8-a1bf-0a8dbfaec074","RMNP_043.basePlot.vst","2018-08-28","vst_RMNP_2017","D10","RMNP","RMNP_043",,"NEON.PLA.D10.RMNP.02140","ok","small shrub","Live",,,0.6,,,,3.6,3.1,,"oblate half-sphere",2.2,10,,,,"epRSxzuPA5t48lVqzG8Zzpe6SXlOzIpEf2AuVe0brkA=","rqshhe/SUgyPwdITr9NIwpYRUtT2h3qGluL++bNJ7qY=","legacyData"
"c0d2556e-2b3f-4aa7-918d-27cdcf599d93","RMNP_043.basePlot.vst","2018-08-28","vst_RMNP_2017","D10","RMNP","RMNP_043",,"NEON.PLA.D10.RMNP.02124","ok","single bole tree","Standing dead",33.2,130,16.6,,,,,,,,,,,,"Unknown cause of death","epRSxzuPA5t48lVqzG8Zzpe6SXlOzIpEf2AuVe0brkA=","rqshhe/SUgyPwdITr9NIwpYRUtT2h3qGluL++bNJ7qY=","legacyData"
"b47f8aa0-f65b-4e46-a70f-02d1382c56ea","RMNP_043.basePlot.vst","2018-08-28","vst_RMNP_2017","D10","RMNP","RMNP_043",,"NEON.PLA.D10.RMNP.02140","ok","small shrub","Live",,,0.6,,,,3.6,3.1,,"oblate half-sphere",2.3,10,,,,"epRSxzuPA5t48lVqzG8Zzpe6SXlOzIpEf2AuVe0brkA=","rqshhe/SUgyPwdITr9NIwpYRUtT2h3qGluL++bNJ7qY=","legacyData"
"de9da608-ae28-47e2-880b-61ca1fcb9d78","RMNP_043.basePlot.vst","2018-08-28","vst_RMNP_2017","D10","RMNP","RMNP_043",,"NEON.PLA.D10.RMNP.02138","ok","small shrub","Live",,,0.4,,,,1.7,1.5,,"oblate half-sphere",1.4,10,,,,"epRSxzuPA5t48lVqzG8Zzpe6SXlOzIpEf2AuVe0brkA=","rqshhe/SUgyPwdITr9NIwpYRUtT2h3qGluL++bNJ7qY=","legacyData"
"b9c97e9d-8b37-43ce-92a5-0ecb5e496993","RMNP_043.basePlot.vst","2018-08-28","vst_RMNP_2017","D10","RMNP","RMNP_043",,"NEON.PLA.D10.RMNP.02140","ok","small shrub","Live",,,0.6,,,,3.6,3.1,,"oblate half-sphere",2.1,10,,,,"epRSxzuPA5t48lVqzG8Zzpe6SXlOzIpEf2AuVe0brkA=","rqshhe/SUgyPwdITr9NIwpYRUtT2h3qGluL++bNJ7qY=","legacyData"
"d08dfa5a-a806-4eba-ba51-9b80bd6f518f","RMNP_043.basePlot.vst","2018-08-28","vst_RMNP_2017","D10","RMNP","RMNP_043",,"NEON.PLA.D10.RMNP.02331","ok","small shrub","Live",,,0.4,,,,2.3,2.2,,"oblate half-sphere",1.4,10,,,,"rqshhe/SUgyPwdITr9NIwpYRUtT2h3qGluL++bNJ7qY=","epRSxzuPA5t48lVqzG8Zzpe6SXlOzIpEf2AuVe0brkA=","legacyData"
"4adf8ba6-0ce9-40f8-b7c2-92a024718e93","RMNP_043.basePlot.vst","2018-08-28","vst_RMNP_2017","D10","RMNP","RMNP_043",,"NEON.PLA.D10.RMNP.02138","ok","small shrub","Live",,,0.4,,,,1.7,1.5,,"oblate half-sphere",1.8,10,,,,"epRSxzuPA5t48lVqzG8Zzpe6SXlOzIpEf2AuVe0brkA=","rqshhe/SUgyPwdITr9NIwpYRUtT2h3qGluL++bNJ7qY=","legacyData"
"cbe70c7f-b685-4b69-9f2a-af955993f8bd","RMNP_043.basePlot.vst","2018-08-28","vst_RMNP_2017","D10","RMNP","RMNP_043",,"NEON.PLA.D10.RMNP.02318","ok","single bole tree","Live",29.8,130,13.9,,,,,,,,,,,,,"rqshhe/SUgyPwdITr9NIwpYRUtT2h3qGluL++bNJ7qY=","epRSxzuPA5t48lVqzG8Zzpe6SXlOzIpEf2AuVe0brkA=","legacyData"
"ae02f515-329a-4e92-9172-afc620e5243e","RMNP_043.basePlot.vst","2018-08-28","vst_RMNP_2017","D10","RMNP","RMNP_043",,"NEON.PLA.D10.RMNP.02140","ok","small shrub","Live",,,0.6,,,,3.6,3.1,,"oblate half-sphere",1.8,10,,,,"epRSxzuPA5t48lVqzG8Zzpe6SXlOzIpEf2AuVe0brkA=","rqshhe/SUgyPwdITr9NIwpYRUtT2h3qGluL++bNJ7qY=","legacyData"
"bdffe02d-a419-41dc-a11c-9f0161e32f32","RMNP_043.basePlot.vst","2018-08-28","vst_RMNP_2017","D10","RMNP","RMNP_043",,"NEON.PLA.D10.RMNP.02327","ok","small shrub","Live",,,0.4,,,,1.7,1.7,,"half-sphere",1.1,10,,,,"rqshhe/SUgyPwdITr9NIwpYRUtT2h3qGluL++bNJ7qY=","epRSxzuPA5t48lVqzG8Zzpe6SXlOzIpEf2AuVe0brkA=","legacyData"
"d9cf406e-205e-46f9-bb33-01e32bd23859","RMNP_043.basePlot.vst","2018-08-28","vst_RMNP_2017","D10","RMNP","RMNP_043",,"NEON.PLA.D10.RMNP.02331","ok","small shrub","Live",,,0.4,,,,2.3,2.2,,"oblate half-sphere",1.3,10,,,,"rqshhe/SUgyPwdITr9NIwpYRUtT2h3qGluL++bNJ7qY=","epRSxzuPA5t48lVqzG8Zzpe6SXlOzIpEf2AuVe0brkA=","legacyData"
"41b82c3c-b3d2-478f-afbb-e23eea1d9113","RMNP_043.basePlot.vst","2018-08-28","vst_RMNP_2017","D10","RMNP","RMNP_043",,"NEON.PLA.D10.RMNP.02120","ok","single bole tree","Live",33.5,130,14.5,,,,,,,,,,,,,"epRSxzuPA5t48lVqzG8Zzpe6SXlOzIpEf2AuVe0brkA=","rqshhe/SUgyPwdITr9NIwpYRUtT2h3qGluL++bNJ7qY=","legacyData"
"5bf46c4f-26cd-4872-a764-58193e0bbe2b","RMNP_043.basePlot.vst","2018-08-28","vst_RMNP_2017","D10","RMNP","RMNP_043",,"NEON.PLA.D10.RMNP.02140","ok","small shrub","Live",,,0.6,,,,3.6,3.1,,"oblate half-sphere",1.5,10,,,,"epRSxzuPA5t48lVqzG8Zzpe6SXlOzIpEf2AuVe0brkA=","rqshhe/SUgyPwdITr9NIwpYRUtT2h3qGluL++bNJ7qY=","legacyData"
"6a2745a5-aa8c-4abb-8158-d2c9db63b0fc","RMNP_043.basePlot.vst","2018-08-28","vst_RMNP_2017","D10","RMNP","RMNP_043",,"NEON.PLA.D10.RMNP.02331","ok","small shrub","Live",,,0.4,,,,2.3,2.2,,"oblate half-sphere",1.5,10,,,,"rqshhe/SUgyPwdITr9NIwpYRUtT2h3qGluL++bNJ7qY=","epRSxzuPA5t48lVqzG8Zzpe6SXlOzIpEf2AuVe0brkA=","legacyData"
"1cbaeef0-09ff-432b-b54e-bfe5c8aa213b","RMNP_043.basePlot.vst","2018-08-28","vst_RMNP_2017","D10","RMNP","RMNP_043",,"NEON.PLA.D10.RMNP.02140","ok","small shrub","Live",,,0.6,,,,3.6,3.1,,"oblate half-sphere",2.1,10,,,,"epRSxzuPA5t48lVqzG8Zzpe6SXlOzIpEf2AuVe0brkA=","rqshhe/SUgyPwdITr9NIwpYRUtT2h3qGluL++bNJ7qY=","legacyData"
"86b522bc-c58f-4086-b600-7787afdc9c08","RMNP_043.basePlot.vst","2018-08-28","vst_RMNP_2017","D10","RMNP","RMNP_043",,"NEON.PLA.D10.RMNP.02135","ok","small shrub","Live",,,0.5,,,,2.3,1.8,,"oblate half-sphere",1.0,10,,,,"epRSxzuPA5t48lVqzG8Zzpe6SXlOzIpEf2AuVe0brkA=","rqshhe/SUgyPwdITr9NIwpYRUtT2h3qGluL++bNJ7qY=","legacyData"
"a2e71d02-3120-4b2d-ae57-9af9eb4a9edc","RMNP_043.basePlot.vst","2018-08-28","vst_RMNP_2017","D10","RMNP","RMNP_043",,"NEON.PLA.D10.RMNP.02140","ok","small shrub","Live",,,0.6,,,,3.6,3.1,,"oblate half-sphere",1.7,10,,,,"epRSxzuPA5t48lVqzG8Zzpe6SXlOzIpEf2AuVe0brkA=","rqshhe/SUgyPwdITr9NIwpYRUtT2h3qGluL++bNJ7qY=","legacyData"
"338ef05f-5180-499e-84e0-f68cd32c0748","RMNP_043.basePlot.vst","2018-08-28","vst_RMNP_2017","D10","RMNP","RMNP_043",,"NEON.PLA.D10.RMNP.02133","ok","small shrub","Live",,,0.4,,,,4.1,3.4,,"oblate half-sphere",1.4,10,,,,"epRSxzuPA5t48lVqzG8Zzpe6SXlOzIpEf2AuVe0brkA=","rqshhe/SUgyPwdITr9NIwpYRUtT2h3qGluL++bNJ7qY=","legacyData"
"9d1f9666-f9fc-4155-a6b3-ace51f8e2d11","RMNP_043.basePlot.vst","2018-08-28","vst_RMNP_2017","D10","RMNP","RMNP_043",,"NEON.PLA.D10.RMNP.02309","ok","single bole tree","Live",35.6,130,10.7,,,,,,,,,,,,,"rqshhe/SUgyPwdITr9NIwpYRUtT2h3qGluL++bNJ7qY=","epRSxzuPA5t48lVqzG8Zzpe6SXlOzIpEf2AuVe0brkA=","legacyData"
"8e1923f6-6138-45a0-865a-ade4d5a6bca1","RMNP_043.basePlot.vst","2018-08-28","vst_RMNP_2017","D10","RMNP","RMNP_043",,"NEON.PLA.D10.RMNP.02145","ok","small shrub","Live",,,0.5,,,,1.4,1.0,,"oblate half-sphere",1.2,10,,,"Tag missing- Confident of individual replaced tag","epRSxzuPA5t48lVqzG8Zzpe6SXlOzIpEf2AuVe0brkA=","rqshhe/SUgyPwdITr9NIwpYRUtT2h3qGluL++bNJ7qY=","legacyData"
"da2f2177-a02c-4a05-a325-dc8afb8ffe65","RMNP_043.basePlot.vst","2018-08-28","vst_RMNP_2017","D10","RMNP","RMNP_043",,"NEON.PLA.D10.RMNP.02317","ok","single bole tree","Live",39.0,130,15.7,,,,,,,,,,,,,"rqshhe/SUgyPwdITr9NIwpYRUtT2h3qGluL++bNJ7qY=","epRSxzuPA5t48lVqzG8Zzpe6SXlOzIpEf2AuVe0brkA=","legacyData"
"23eb7f1c-40af-43b7-98c5-64965053cb50","RMNP_043.basePlot.vst","2018-08-28","vst_RMNP_2017","D10","RMNP","RMNP_043",,"NEON.PLA.D10.RMNP.02121","ok","single bole tree","Live",34.6,130,16.0,,,,,,,,,,,,,"epRSxzuPA5t48lVqzG8Zzpe6SXlOzIpEf2AuVe0brkA=","rqshhe/SUgyPwdITr9NIwpYRUtT2h3qGluL++bNJ7qY=","legacyData"
"95a16ca7-1c61-47f3-871d-07f09000b3bb","RMNP_043.basePlot.vst","2018-08-28","vst_RMNP_2017","D10","RMNP","RMNP_043",,"NEON.PLA.D10.RMNP.02140","ok","small shrub","Live",,,0.6,,,,3.6,3.1,,"oblate half-sphere",1.6,10,,,,"epRSxzuPA5t48lVqzG8Zzpe6SXlOzIpEf2AuVe0brkA=","rqshhe/SUgyPwdITr9NIwpYRUtT2h3qGluL++bNJ7qY=","legacyData"
"8072e151-a784-4817-aaa5-4eeab4aeb0e6","RMNP_043.basePlot.vst","2018-08-28","vst_RMNP_2017","D10","RMNP","RMNP_043",,"NEON.PLA.D10.RMNP.02331","ok","small shrub","Live",,,0.4,,,,2.3,2.2,,"oblate half-sphere",1.1,10,,,,"rqshhe/SUgyPwdITr9NIwpYRUtT2h3qGluL++bNJ7qY=","epRSxzuPA5t48lVqzG8Zzpe6SXlOzIpEf2AuVe0brkA=","legacyData"
"d8ee308c-5e9d-4ede-80fc-eccb36107855","RMNP_043.basePlot.vst","2018-08-28","vst_RMNP_2017","D10","RMNP","RMNP_043",,"NEON.PLA.D10.RMNP.04103","ok","small shrub","Live",,,0.4,,,,1.3,0.8,,"oblate half-sphere",1.1,10,,,,"epRSxzuPA5t48lVqzG8Zzpe6SXlOzIpEf2AuVe0brkA=","rqshhe/SUgyPwdITr9NIwpYRUtT2h3qGluL++bNJ7qY=","legacyData"
"9605632f-3637-429b-92b9-c92b2449845e","RMNP_043.basePlot.vst","2018-08-28","vst_RMNP_2017","D10","RMNP","RMNP_043",,"NEON.PLA.D10.RMNP.02135","ok","small shrub","Live",,,0.5,,,,2.3,1.8,,"oblate half-sphere",2.0,10,,,,"epRSxzuPA5t48lVqzG8Zzpe6SXlOzIpEf2AuVe0brkA=","rqshhe/SUgyPwdITr9NIwpYRUtT2h3qGluL++bNJ7qY=","legacyData"
"7cece64a-139f-422f-ba8b-50e218415c46","RMNP_043.basePlot.vst","2018-08-28","vst_RMNP_2017","D10","RMNP","RMNP_043",,"NEON.PLA.D10.RMNP.02133","ok","small shrub","Live",,,0.4,,,,4.1,3.4,,"oblate half-sphere",2.3,10,,,,"epRSxzuPA5t48lVqzG8Zzpe6SXlOzIpEf2AuVe0brkA=","rqshhe/SUgyPwdITr9NIwpYRUtT2h3qGluL++bNJ7qY=","legacyData"
"f5c750d7-4e18-4b55-99fd-33f41d089355","RMNP_043.basePlot.vst","2018-08-28","vst_RMNP_2017","D10","RMNP","RMNP_043",,"NEON.PLA.D10.RMNP.02140","ok","small shrub","Live",,,0.6,,,,3.6,3.1,,"oblate half-sphere",1.1,10,,,,"epRSxzuPA5t48lVqzG8Zzpe6SXlOzIpEf2AuVe0brkA=","rqshhe/SUgyPwdITr9NIwpYRUtT2h3qGluL++bNJ7qY=","legacyData"
"4ab8c4af-45bb-498f-a01b-aea908a797b2","RMNP_043.basePlot.vst","2018-08-28","vst_RMNP_2017","D10","RMNP","RMNP_043",,"NEON.PLA.D10.RMNP.02315","ok","single bole tree","Live",45.9,140,15.6,,,,,,,,,,,,"Anomaly at 130cm","rqshhe/SUgyPwdITr9NIwpYRUtT2h3qGluL++bNJ7qY=","epRSxzuPA5t48lVqzG8Zzpe6SXlOzIpEf2AuVe0brkA=","legacyData"
"dcfc6bb2-dfc8-4a60-9322-f1dd5d93d4cb","RMNP_043.basePlot.vst","2018-08-28","vst_RMNP_2017","D10","RMNP","RMNP_043",,"NEON.PLA.D10.RMNP.02327","ok","small shrub","Live",,,0.4,,,,1.7,1.7,,"half-sphere",1.6,10,,,,"rqshhe/SUgyPwdITr9NIwpYRUtT2h3qGluL++bNJ7qY=","epRSxzuPA5t48lVqzG8Zzpe6SXlOzIpEf2AuVe0brkA=","legacyData"
"39e6cbf8-7175-49da-b08d-deb085c2a383","RMNP_043.basePlot.vst","2018-08-28","vst_RMNP_2017","D10","RMNP","RMNP_043",,"NEON.PLA.D10.RMNP.02133","ok","small shrub","Live",,,0.4,,,,4.1,3.4,,"oblate half-sphere",1.3,10,,,,"epRSxzuPA5t48lVqzG8Zzpe6SXlOzIpEf2AuVe0brkA=","rqshhe/SUgyPwdITr9NIwpYRUtT2h3qGluL++bNJ7qY=","legacyData"
"58f21efc-8c89-4fe8-86da-671270b18589","RMNP_043.basePlot.vst","2018-08-28","vst_RMNP_2017","D10","RMNP","RMNP_043",,"NEON.PLA.D10.RMNP.02135","ok","small shrub","Live",,,0.5,,,,2.3,1.8,,"oblate half-sphere",1.0,10,,,,"epRSxzuPA5t48lVqzG8Zzpe6SXlOzIpEf2AuVe0brkA=","rqshhe/SUgyPwdITr9NIwpYRUtT2h3qGluL++bNJ7qY=","legacyData"
"568a3328-031a-4a3e-bd33-ef108ea07b6f","RMNP_043.basePlot.vst","2018-08-28","vst_RMNP_2017","D10","RMNP","RMNP_043",,"NEON.PLA.D10.RMNP.02142","ok","small shrub","Live",,,0.4,,,,1.9,1.7,,"oblate half-sphere",1.0,10,,,,"epRSxzuPA5t48lVqzG8Zzpe6SXlOzIpEf2AuVe0brkA=","rqshhe/SUgyPwdITr9NIwpYRUtT2h3qGluL++bNJ7qY=","legacyData"
"f3dd19e4-c1dd-4b99-b632-1791b562b782","RMNP_043.basePlot.vst","2018-08-28","vst_RMNP_2017","D10","RMNP","RMNP_043",,"NEON.PLA.D10.RMNP.02328","ok","small shrub","Live",,,0.5,,,,2.4,1.8,,"oblate half-sphere",1.7,10,,,,"rqshhe/SUgyPwdITr9NIwpYRUtT2h3qGluL++bNJ7qY=","epRSxzuPA5t48lVqzG8Zzpe6SXlOzIpEf2AuVe0brkA=","legacyData"
"0dc02249-63f0-4ea7-a74d-6c4863b9b7fd","RMNP_043.basePlot.vst","2018-08-28","vst_RMNP_2017","D10","RMNP","RMNP_043",,"NEON.PLA.D10.RMNP.02135","ok","small shrub","Live",,,0.5,,,,2.3,1.8,,"oblate half-sphere",1.3,10,,,,"epRSxzuPA5t48lVqzG8Zzpe6SXlOzIpEf2AuVe0brkA=","rqshhe/SUgyPwdITr9NIwpYRUtT2h3qGluL++bNJ7qY=","legacyData"
"1c3064bd-0c0a-4c34-8f04-988502dc05a0","RMNP_043.basePlot.vst","2018-08-28","vst_RMNP_2017","D10","RMNP","RMNP_043",,"NEON.PLA.D10.RMNP.02136","ok","small shrub","Live",,,0.3,,,,1.5,1.2,,"oblate half-sphere",1.0,10,,,,"epRSxzuPA5t48lVqzG8Zzpe6SXlOzIpEf2AuVe0brkA=","rqshhe/SUgyPwdITr9NIwpYRUtT2h3qGluL++bNJ7qY=","legacyData"
"cfa95b5d-57c2-4201-a4dd-01b0e1f44612","RMNP_043.basePlot.vst","2018-08-28","vst_RMNP_2017","D10","RMNP","RMNP_043",,"NEON.PLA.D10.RMNP.02327","ok","small shrub","Live",,,0.4,,,,1.7,1.7,,"half-sphere",1.0,10,,,,"rqshhe/SUgyPwdITr9NIwpYRUtT2h3qGluL++bNJ7qY=","epRSxzuPA5t48lVqzG8Zzpe6SXlOzIpEf2AuVe0brkA=","legacyData"
"71b4a3d1-d096-4acf-b51a-750a00f3b030","RMNP_043.basePlot.vst","2018-08-28","vst_RMNP_2017","D10","RMNP","RMNP_043",,"NEON.PLA.D10.RMNP.02328","ok","small shrub","Standing dead",,,0.5,,,,2.4,1.8,,"oblate half-sphere",1.6,10,,,"Cause of death unknown","rqshhe/SUgyPwdITr9NIwpYRUtT2h3qGluL++bNJ7qY=","epRSxzuPA5t48lVqzG8Zzpe6SXlOzIpEf2AuVe0brkA=","legacyData"
"9e25bc68-3934-4489-b42b-1d2cde7cbba2","RMNP_043.basePlot.vst","2018-08-28","vst_RMNP_2017","D10","RMNP","RMNP_043",,"NEON.PLA.D10.RMNP.02133","ok","small shrub","Live",,,0.4,,,,4.1,3.4,,"oblate half-sphere",1.9,10,,,,"epRSxzuPA5t48lVqzG8Zzpe6SXlOzIpEf2AuVe0brkA=","rqshhe/SUgyPwdITr9NIwpYRUtT2h3qGluL++bNJ7qY=","legacyData"
"c7ec0e0f-43f5-43ff-931b-f25d2209c20a","RMNP_043.basePlot.vst","2018-08-28","vst_RMNP_2017","D10","RMNP","RMNP_043",,"NEON.PLA.D10.RMNP.02328","ok","small shrub","Live",,,0.5,,,,2.4,1.8,,"oblate half-sphere",2.1,10,,,,"rqshhe/SUgyPwdITr9NIwpYRUtT2h3qGluL++bNJ7qY=","epRSxzuPA5t48lVqzG8Zzpe6SXlOzIpEf2AuVe0brkA=","legacyData"
"ddbdcb08-1944-45af-b9fa-0cc39a66bbd8","RMNP_043.basePlot.vst","2018-08-28","vst_RMNP_2017","D10","RMNP","RMNP_043",,"NEON.PLA.D10.RMNP.02148","ok","small shrub","Live",,,0.4,,,,0.9,0.3,,"oblate half-sphere",1.2,10,,,,"epRSxzuPA5t48lVqzG8Zzpe6SXlOzIpEf2AuVe0brkA=","rqshhe/SUgyPwdITr9NIwpYRUtT2h3qGluL++bNJ7qY=","legacyData"
"f9c550ed-2ba0-4f6c-978d-8e429673c826","RMNP_043.basePlot.vst","2018-08-28","vst_RMNP_2017","D10","RMNP","RMNP_043",,"NEON.PLA.D10.RMNP.02325","ok","sapling","Live",,,1.0,,,,,,,,2.0,10,,,,"rqshhe/SUgyPwdITr9NIwpYRUtT2h3qGluL++bNJ7qY=","epRSxzuPA5t48lVqzG8Zzpe6SXlOzIpEf2AuVe0brkA=","legacyData"
"4ea1b086-7f23-4d32-9df0-d523ca8df25b","RMNP_043.basePlot.vst","2018-08-28","vst_RMNP_2017","D10","RMNP","RMNP_043",,"NEON.PLA.D10.RMNP.02133","ok","small shrub","Standing dead",,,0.4,,,,4.1,3.4,,"oblate half-sphere",1.0,10,,,"Cause of death unknown","epRSxzuPA5t48lVqzG8Zzpe6SXlOzIpEf2AuVe0brkA=","rqshhe/SUgyPwdITr9NIwpYRUtT2h3qGluL++bNJ7qY=","legacyData"
"fd3e645b-8225-4a1b-ac39-f8d4717e35b6","RMNP_043.basePlot.vst","2018-08-28","vst_RMNP_2017","D10","RMNP","RMNP_043",,"NEON.PLA.D10.RMNP.02308","ok","single bole tree","Live",27.6,130,12.7,,,,,,,,,,,,,"rqshhe/SUgyPwdITr9NIwpYRUtT2h3qGluL++bNJ7qY=","epRSxzuPA5t48lVqzG8Zzpe6SXlOzIpEf2AuVe0brkA=","legacyData"
"5301c5fc-54bc-49d0-a33f-9feaf65270a4","RMNP_043.basePlot.vst","2018-08-28","vst_RMNP_2017","D10","RMNP","RMNP_043",,"NEON.PLA.D10.RMNP.02133","ok","small shrub","Live",,,0.4,,,,4.1,3.4,,"oblate half-sphere",1.6,10,,,,"epRSxzuPA5t48lVqzG8Zzpe6SXlOzIpEf2AuVe0brkA=","rqshhe/SUgyPwdITr9NIwpYRUtT2h3qGluL++bNJ7qY=","legacyData"
"1ae7e3a7-7dd7-48bc-93c4-30508afbbbcd","RMNP_043.basePlot.vst","2018-08-28","vst_RMNP_2017","D10","RMNP","RMNP_043",,"NEON.PLA.D10.RMNP.02133","ok","small shrub","Live",,,0.4,,,,4.1,3.4,,"oblate half-sphere",1.3,10,,,,"epRSxzuPA5t48lVqzG8Zzpe6SXlOzIpEf2AuVe0brkA=","rqshhe/SUgyPwdITr9NIwpYRUtT2h3qGluL++bNJ7qY=","legacyData"
"323d9ce8-70b8-4095-8e90-6d30a0ea6374","RMNP_043.basePlot.vst","2018-08-28","vst_RMNP_2017","D10","RMNP","RMNP_043",,"NEON.PLA.D10.RMNP.02144","ok","small tree","Live",2.7,130,2.6,,,,,,,,,,,,,"epRSxzuPA5t48lVqzG8Zzpe6SXlOzIpEf2AuVe0brkA=","rqshhe/SUgyPwdITr9NIwpYRUtT2h3qGluL++bNJ7qY=","legacyData"
"5807d193-04d2-40c6-8282-8ad3e4808ca6","RMNP_043.basePlot.vst","2018-08-28","vst_RMNP_2017","D10","RMNP","RMNP_043",,"NEON.PLA.D10.RMNP.02123","ok","single bole tree","Live",30.8,130,16.4,,,,,,,,,,,,,"epRSxzuPA5t48lVqzG8Zzpe6SXlOzIpEf2AuVe0brkA=","rqshhe/SUgyPwdITr9NIwpYRUtT2h3qGluL++bNJ7qY=","legacyData"
"447e1605-a8b1-4420-8bac-3151d6aaca77","RMNP_043.basePlot.vst","2018-08-28","vst_RMNP_2017","D10","RMNP","RMNP_043",,"NEON.PLA.D10.RMNP.02140","ok","small shrub","Live",,,0.6,,,,3.6,3.1,,"oblate half-sphere",1.3,10,,,,"epRSxzuPA5t48lVqzG8Zzpe6SXlOzIpEf2AuVe0brkA=","rqshhe/SUgyPwdITr9NIwpYRUtT2h3qGluL++bNJ7qY=","legacyData"
"4392125b-4fad-4c74-b68c-f42a1a8d8e17","RMNP_043.basePlot.vst","2018-08-28","vst_RMNP_2017","D10","RMNP","RMNP_043",,"NEON.PLA.D10.RMNP.02142","ok","small shrub","Live",,,0.4,,,,1.9,1.7,,"oblate half-sphere",1.0,10,,,,"epRSxzuPA5t48lVqzG8Zzpe6SXlOzIpEf2AuVe0brkA=","rqshhe/SUgyPwdITr9NIwpYRUtT2h3qGluL++bNJ7qY=","legacyData"
"a5585326-6c50-4e8a-9365-c1baa7dcddda","RMNP_043.basePlot.vst","2018-08-28","vst_RMNP_2017","D10","RMNP","RMNP_043",,"NEON.PLA.D10.RMNP.02135","ok","small shrub","Live",,,0.5,,,,2.3,1.8,,"oblate half-sphere",1.1,10,,,,"epRSxzuPA5t48lVqzG8Zzpe6SXlOzIpEf2AuVe0brkA=","rqshhe/SUgyPwdITr9NIwpYRUtT2h3qGluL++bNJ7qY=","legacyData"
"87ae7feb-b777-4c17-9bb3-bba70bee9ad1","RMNP_043.basePlot.vst","2018-08-28","vst_RMNP_2017","D10","RMNP","RMNP_043",,"NEON.PLA.D10.RMNP.02319","ok","single bole tree","Live, broken bole",26.3,130,7.0,,6.6,22.4,,,,,,,,,"Potentially wind damaged","rqshhe/SUgyPwdITr9NIwpYRUtT2h3qGluL++bNJ7qY=","epRSxzuPA5t48lVqzG8Zzpe6SXlOzIpEf2AuVe0brkA=","legacyData"
"acdda6df-a050-4557-8f1a-07dc59f71867","RMNP_043.basePlot.vst","2018-08-28","vst_RMNP_2017","D10","RMNP","RMNP_043",,"NEON.PLA.D10.RMNP.02328","ok","small shrub","Live",,,0.5,,,,2.4,1.8,,"oblate half-sphere",1.0,10,,,,"rqshhe/SUgyPwdITr9NIwpYRUtT2h3qGluL++bNJ7qY=","epRSxzuPA5t48lVqzG8Zzpe6SXlOzIpEf2AuVe0brkA=","legacyData"
"9e63e8d4-a237-4473-9cf1-1da906ed884c","RMNP_043.basePlot.vst","2018-08-28","vst_RMNP_2017","D10","RMNP","RMNP_043",,"NEON.PLA.D10.RMNP.02134","ok","small shrub","Live",,,0.4,,,,2.5,2.1,,"oblate half-sphere",1.2,10,,,,"epRSxzuPA5t48lVqzG8Zzpe6SXlOzIpEf2AuVe0brkA=","rqshhe/SUgyPwdITr9NIwpYRUtT2h3qGluL++bNJ7qY=","legacyData"
"e8d08416-0a0f-4fe9-9abb-5ad6eb7325ba","RMNP_043.basePlot.vst","2018-08-28","vst_RMNP_2017","D10","RMNP","RMNP_043",,"NEON.PLA.D10.RMNP.02314","ok","single bole tree","Live",22.4,130,11.6,,,,,,,,,,,,,"rqshhe/SUgyPwdITr9NIwpYRUtT2h3qGluL++bNJ7qY=","epRSxzuPA5t48lVqzG8Zzpe6SXlOzIpEf2AuVe0brkA=","legacyData"
"98d4f4a6-8b46-4296-9759-2ba77639e9ce","RMNP_043.basePlot.vst","2018-08-28","vst_RMNP_2017","D10","RMNP","RMNP_043",,"NEON.PLA.D10.RMNP.02133","ok","small shrub","Live",,,0.4,,,,4.1,3.4,,"oblate half-sphere",1.8,10,,,,"epRSxzuPA5t48lVqzG8Zzpe6SXlOzIpEf2AuVe0brkA=","rqshhe/SUgyPwdITr9NIwpYRUtT2h3qGluL++bNJ7qY=","legacyData"
"4605f58a-0e75-49df-a702-9d7e5669e000","RMNP_043.basePlot.vst","2018-08-28","vst_RMNP_2017","D10","RMNP","RMNP_043",,"NEON.PLA.D10.RMNP.02140","ok","small shrub","Live",,,0.6,,,,3.6,3.1,,"oblate half-sphere",1.4,10,,,,"epRSxzuPA5t48lVqzG8Zzpe6SXlOzIpEf2AuVe0brkA=","rqshhe/SUgyPwdITr9NIwpYRUtT2h3qGluL++bNJ7qY=","legacyData"
"0c594b6d-8c24-4035-8a4c-d2efd94cee61","RMNP_043.basePlot.vst","2018-08-28","vst_RMNP_2017","D10","RMNP","RMNP_043",,"NEON.PLA.D10.RMNP.02145","replaced","small shrub","Live",,,0.5,,,,1.4,1.0,,"oblate half-sphere",1.5,10,,,"Tag missing- Confident of individual replaced tag","epRSxzuPA5t48lVqzG8Zzpe6SXlOzIpEf2AuVe0brkA=","rqshhe/SUgyPwdITr9NIwpYRUtT2h3qGluL++bNJ7qY=","legacyData"
"715906af-4a2b-49b0-b230-9d5b7f8bb4fc","RMNP_043.basePlot.vst","2018-08-28","vst_RMNP_2017","D10","RMNP","RMNP_043",,"NEON.PLA.D10.RMNP.02140","ok","small shrub","Live",,,0.6,,,,3.6,3.1,,"oblate half-sphere",2.1,10,,,,"epRSxzuPA5t48lVqzG8Zzpe6SXlOzIpEf2AuVe0brkA=","rqshhe/SUgyPwdITr9NIwpYRUtT2h3qGluL++bNJ7qY=","legacyData"
"721d8026-b133-4a3d-b371-6fce73adb8df","RMNP_043.basePlot.vst","2018-08-28","vst_RMNP_2017","D10","RMNP","RMNP_043",,"NEON.PLA.D10.RMNP.02140","ok","small shrub","Live",,,0.6,,,,3.6,3.1,,"oblate half-sphere",1.1,10,,,,"epRSxzuPA5t48lVqzG8Zzpe6SXlOzIpEf2AuVe0brkA=","rqshhe/SUgyPwdITr9NIwpYRUtT2h3qGluL++bNJ7qY=","legacyData"
"ebb50f5c-f849-4958-813d-023a8371494e","RMNP_043.basePlot.vst","2018-08-28","vst_RMNP_2017","D10","RMNP","RMNP_043",,"NEON.PLA.D10.RMNP.02316","ok","single bole tree","Live",37.0,130,14.6,,,,,,,,,,,,,"rqshhe/SUgyPwdITr9NIwpYRUtT2h3qGluL++bNJ7qY=","epRSxzuPA5t48lVqzG8Zzpe6SXlOzIpEf2AuVe0brkA=","legacyData"
"6dc8df90-a221-4159-9cde-538830fb17f9","RMNP_043.basePlot.vst","2018-08-28","vst_RMNP_2017","D10","RMNP","RMNP_043",,"NEON.PLA.D10.RMNP.02119","ok","single bole tree","Live",25.6,130,14.2,,,,,,,,,,,,,"epRSxzuPA5t48lVqzG8Zzpe6SXlOzIpEf2AuVe0brkA=","rqshhe/SUgyPwdITr9NIwpYRUtT2h3qGluL++bNJ7qY=","legacyData"
"4ed79af8-c0f0-410a-8648-21851b9c23d3","RMNP_043.basePlot.vst","2018-08-28","vst_RMNP_2017","D10","RMNP","RMNP_043",,"NEON.PLA.D10.RMNP.02327","ok","small shrub","Live",,,0.4,,,,1.7,1.7,,"half-sphere",1.4,10,,,,"rqshhe/SUgyPwdITr9NIwpYRUtT2h3qGluL++bNJ7qY=","epRSxzuPA5t48lVqzG8Zzpe6SXlOzIpEf2AuVe0brkA=","legacyData"
"b6a1b33e-f8f3-489d-b58e-fde9eb0aadbc","RMNP_043.basePlot.vst","2018-08-28","vst_RMNP_2017","D10","RMNP","RMNP_043",,"NEON.PLA.D10.RMNP.02140","ok","small shrub","Live",,,0.6,,,,3.6,3.1,,"oblate half-sphere",1.5,10,,,,"epRSxzuPA5t48lVqzG8Zzpe6SXlOzIpEf2AuVe0brkA=","rqshhe/SUgyPwdITr9NIwpYRUtT2h3qGluL++bNJ7qY=","legacyData"
"931521fe-2235-40cc-adb8-ef71f8e83b39","RMNP_043.basePlot.vst","2018-08-28","vst_RMNP_2017","D10","RMNP","RMNP_043",,"NEON.PLA.D10.RMNP.02328","ok","small shrub","Live",,,0.5,,,,2.4,1.8,,"oblate half-sphere",1.5,10,,,,"rqshhe/SUgyPwdITr9NIwpYRUtT2h3qGluL++bNJ7qY=","epRSxzuPA5t48lVqzG8Zzpe6SXlOzIpEf2AuVe0brkA=","legacyData"
"f913f443-7f0b-444b-bbf5-c40f2ac9e615","RMNP_043.basePlot.vst","2018-08-28","vst_RMNP_2017","D10","RMNP","RMNP_043",,"NEON.PLA.D10.RMNP.02140","ok","small shrub","Live",,,0.6,,,,3.6,3.1,,"oblate half-sphere",1.8,10,,,,"epRSxzuPA5t48lVqzG8Zzpe6SXlOzIpEf2AuVe0brkA=","rqshhe/SUgyPwdITr9NIwpYRUtT2h3qGluL++bNJ7qY=","legacyData"
"3a5d481a-2e50-42d2-968c-fb51794caeef","RMNP_043.basePlot.vst","2018-08-28","vst_RMNP_2017","D10","RMNP","RMNP_043",,"NEON.PLA.D10.RMNP.02312","ok","single bole tree","Live",37.0,130,13.0,,,,,,,,,,,,,"rqshhe/SUgyPwdITr9NIwpYRUtT2h3qGluL++bNJ7qY=","epRSxzuPA5t48lVqzG8Zzpe6SXlOzIpEf2AuVe0brkA=","legacyData"
"9620e253-449d-4079-b9ec-c0e4d4f6ce0e","RMNP_043.basePlot.vst","2018-08-28","vst_RMNP_2017","D10","RMNP","RMNP_043",,"NEON.PLA.D10.RMNP.02126","ok","single bole tree","Live",25.0,130,13.1,,,,,,,,,,,,,"epRSxzuPA5t48lVqzG8Zzpe6SXlOzIpEf2AuVe0brkA=","rqshhe/SUgyPwdITr9NIwpYRUtT2h3qGluL++bNJ7qY=","legacyData"
"fa863fe1-e5c5-45c8-b67f-0948d374f2c5","RMNP_043.basePlot.vst","2018-08-28","vst_RMNP_2017","D10","RMNP","RMNP_043",,"NEON.PLA.D10.RMNP.02133","ok","small shrub","Live",,,0.4,,,,4.1,3.4,,"oblate half-sphere",1.1,10,,,,"epRSxzuPA5t48lVqzG8Zzpe6SXlOzIpEf2AuVe0brkA=","rqshhe/SUgyPwdITr9NIwpYRUtT2h3qGluL++bNJ7qY=","legacyData"
"22d86564-0ba2-475a-8eb5-224af59e8635","RMNP_043.basePlot.vst","2018-08-28","vst_RMNP_2017","D10","RMNP","RMNP_043",,"NEON.PLA.D10.RMNP.02140","ok","small shrub","Live",,,0.6,,,,3.6,3.1,,"oblate half-sphere",2.1,10,,,,"epRSxzuPA5t48lVqzG8Zzpe6SXlOzIpEf2AuVe0brkA=","rqshhe/SUgyPwdITr9NIwpYRUtT2h3qGluL++bNJ7qY=","legacyData"
"2650883d-de7c-4d11-b1ad-87cf0e5c12fa","RMNP_043.basePlot.vst","2018-08-28","vst_RMNP_2017","D10","RMNP","RMNP_043",,"NEON.PLA.D10.RMNP.02143","ok","small shrub","Live",,,0.5,,,,1.4,0.9,,"oblate half-sphere",1.4,10,,,,"epRSxzuPA5t48lVqzG8Zzpe6SXlOzIpEf2AuVe0brkA=","rqshhe/SUgyPwdITr9NIwpYRUtT2h3qGluL++bNJ7qY=","legacyData"
"0f3378f9-d4e3-4437-8319-33d3431d8cad","RMNP_042.basePlot.vst","2018-08-29","vst_RMNP_2017","D10","RMNP","RMNP_042",,"NEON.PLA.D10.RMNP.02616","ok","sapling","Live",,,0.4,,,,,,,,1.0,10,,,,"rqshhe/SUgyPwdITr9NIwpYRUtT2h3qGluL++bNJ7qY=","epRSxzuPA5t48lVqzG8Zzpe6SXlOzIpEf2AuVe0brkA=","legacyData"
"82fa7d08-f937-4196-829c-871275f73ee0","RMNP_042.basePlot.vst","2018-08-29","vst_RMNP_2017","D10","RMNP","RMNP_042",,"NEON.PLA.D10.RMNP.02362","ok","small shrub","Live",,,0.4,,,,3.1,2.5,,"oblate half-sphere",1.6,10,,,,"rqshhe/SUgyPwdITr9NIwpYRUtT2h3qGluL++bNJ7qY=","epRSxzuPA5t48lVqzG8Zzpe6SXlOzIpEf2AuVe0brkA=","legacyData"
"ca20a735-a334-4970-bcbf-779ed95fcc8e","RMNP_042.basePlot.vst","2018-08-29","vst_RMNP_2017","D10","RMNP","RMNP_042",,"NEON.PLA.D10.RMNP.02349","ok","sapling","Live",,,1.1,,,,,,,,1.5,10,,,,"rqshhe/SUgyPwdITr9NIwpYRUtT2h3qGluL++bNJ7qY=","epRSxzuPA5t48lVqzG8Zzpe6SXlOzIpEf2AuVe0brkA=","legacyData"
"4fbdce29-0282-47e1-9afb-f49a831e58e6","RMNP_042.basePlot.vst","2018-08-29","vst_RMNP_2017","D10","RMNP","RMNP_042",,"NEON.PLA.D10.RMNP.02366","ok","sapling","Live",,,0.7,,,,,,,,1.0,10,,,,"rqshhe/SUgyPwdITr9NIwpYRUtT2h3qGluL++bNJ7qY=","epRSxzuPA5t48lVqzG8Zzpe6SXlOzIpEf2AuVe0brkA=","legacyData"
"401cd750-970b-4e4d-a823-1de9a5c0f47f","RMNP_042.basePlot.vst","2018-08-29","vst_RMNP_2017","D10","RMNP","RMNP_042",,"NEON.PLA.D10.RMNP.02348","ok","sapling","Live",,,0.9,,,,,,,,1.5,10,,,,"rqshhe/SUgyPwdITr9NIwpYRUtT2h3qGluL++bNJ7qY=","epRSxzuPA5t48lVqzG8Zzpe6SXlOzIpEf2AuVe0brkA=","legacyData"
"0bd0ca0c-e0a7-430f-8771-8fdf41994ef8","RMNP_042.basePlot.vst","2018-08-29","vst_RMNP_2017","D10","RMNP","RMNP_042",,"NEON.PLA.D10.RMNP.02168","ok","single bole tree","Live, physically damaged",22.5,130,11.5,,,,,,,,,,,,"Scar- cause unknown","rqshhe/SUgyPwdITr9NIwpYRUtT2h3qGluL++bNJ7qY=","epRSxzuPA5t48lVqzG8Zzpe6SXlOzIpEf2AuVe0brkA=","legacyData"
"1c2ed996-4c8b-4ae7-b482-7a52bed00efe","RMNP_042.basePlot.vst","2018-08-29","vst_RMNP_2017","D10","RMNP","RMNP_042",,"NEON.PLA.D10.RMNP.02606","ok","sapling","Live",,,0.7,,,,,,,,1.1,10,,,,"rqshhe/SUgyPwdITr9NIwpYRUtT2h3qGluL++bNJ7qY=","epRSxzuPA5t48lVqzG8Zzpe6SXlOzIpEf2AuVe0brkA=","legacyData"
"2f8f1f66-c595-4528-9105-d4161b3a969a","RMNP_042.basePlot.vst","2018-08-29","vst_RMNP_2017","D10","RMNP","RMNP_042",,"NEON.PLA.D10.RMNP.02345","ok","sapling","Standing dead",,,0.8,,,,,,,,1.0,10,,,"Unknown cause of death","rqshhe/SUgyPwdITr9NIwpYRUtT2h3qGluL++bNJ7qY=","epRSxzuPA5t48lVqzG8Zzpe6SXlOzIpEf2AuVe0brkA=","legacyData"
"430a3a20-23b5-49aa-b419-a870ae5ce04a","RMNP_042.basePlot.vst","2018-08-29","vst_RMNP_2017","D10","RMNP","RMNP_042",,"NEON.PLA.D10.RMNP.02602","removed",,"Lost, fate unknown",,,,,,,,,,,,,,,"Cannot locate tag","rqshhe/SUgyPwdITr9NIwpYRUtT2h3qGluL++bNJ7qY=","epRSxzuPA5t48lVqzG8Zzpe6SXlOzIpEf2AuVe0brkA=","legacyData"
"81f687a6-724b-4154-9dad-5de1abc6f381","RMNP_042.basePlot.vst","2018-08-29","vst_RMNP_2017","D10","RMNP","RMNP_042",,"NEON.PLA.D10.RMNP.02171","ok","single bole tree","Live",17.8,130,11.9,,,,,,,,,,,,,"rqshhe/SUgyPwdITr9NIwpYRUtT2h3qGluL++bNJ7qY=","epRSxzuPA5t48lVqzG8Zzpe6SXlOzIpEf2AuVe0brkA=","legacyData"
"f3ef27d2-7fcf-42aa-b0d8-1da2d3091f0d","RMNP_042.basePlot.vst","2018-08-29","vst_RMNP_2017","D10","RMNP","RMNP_042",,"NEON.PLA.D10.RMNP.02603","ok","small tree","Live",3.6,130,2.3,,,,,,,,,,,,,"rqshhe/SUgyPwdITr9NIwpYRUtT2h3qGluL++bNJ7qY=","epRSxzuPA5t48lVqzG8Zzpe6SXlOzIpEf2AuVe0brkA=","legacyData"
"756bdf46-04e3-4d9c-967a-98ba4f7e03c1","RMNP_042.basePlot.vst","2018-08-29","vst_RMNP_2017","D10","RMNP","RMNP_042",,"NEON.PLA.D10.RMNP.02334","ok","single bole tree","Live",22.9,130,9.3,,,,,,,,,,,,,"rqshhe/SUgyPwdITr9NIwpYRUtT2h3qGluL++bNJ7qY=","epRSxzuPA5t48lVqzG8Zzpe6SXlOzIpEf2AuVe0brkA=","legacyData"
"d4b094d7-39d7-4008-be0e-1f425042e27f","RMNP_042.basePlot.vst","2018-08-29","vst_RMNP_2017","D10","RMNP","RMNP_042",,"NEON.PLA.D10.RMNP.02342","ok","small tree","Live",6.8,130,5.9,,,,,,,,,,,,,"rqshhe/SUgyPwdITr9NIwpYRUtT2h3qGluL++bNJ7qY=","epRSxzuPA5t48lVqzG8Zzpe6SXlOzIpEf2AuVe0brkA=","legacyData"
"6ff2411c-2b2f-4d7d-b075-6099028896b6","RMNP_042.basePlot.vst","2018-08-29","vst_RMNP_2017","D10","RMNP","RMNP_042",,"NEON.PLA.D10.RMNP.02353","ok","sapling","Live",,,1.0,,,,,,,,1.2,10,,,,"rqshhe/SUgyPwdITr9NIwpYRUtT2h3qGluL++bNJ7qY=","epRSxzuPA5t48lVqzG8Zzpe6SXlOzIpEf2AuVe0brkA=","legacyData"
"45b8faa2-a85e-409d-a974-5b703712a2a9","RMNP_042.basePlot.vst","2018-08-29","vst_RMNP_2017","D10","RMNP","RMNP_042",,"NEON.PLA.D10.RMNP.03801","ok","sapling","Standing dead",,,0.7,,,,,,,,1.0,10,,,"Cause of death unknown","rqshhe/SUgyPwdITr9NIwpYRUtT2h3qGluL++bNJ7qY=","epRSxzuPA5t48lVqzG8Zzpe6SXlOzIpEf2AuVe0brkA=","legacyData"
"b9d19771-f9fe-4263-a956-861494b6f0b8","RMNP_042.basePlot.vst","2018-08-29","vst_RMNP_2017","D10","RMNP","RMNP_042",,"NEON.PLA.D10.RMNP.02343","removed",,"Downed",,,,,,,,,,,,,,,"Base of stem snapped- lying on ground","rqshhe/SUgyPwdITr9NIwpYRUtT2h3qGluL++bNJ7qY=","epRSxzuPA5t48lVqzG8Zzpe6SXlOzIpEf2AuVe0brkA=","legacyData"
"53b7fea1-44f2-47e3-92c0-1e770e2f9b17","RMNP_042.basePlot.vst","2018-08-29","vst_RMNP_2017","D10","RMNP","RMNP_042",,"NEON.PLA.D10.RMNP.02608","ok","sapling","Live",,,0.6,,,,,,,,1.3,10,,,,"rqshhe/SUgyPwdITr9NIwpYRUtT2h3qGluL++bNJ7qY=","epRSxzuPA5t48lVqzG8Zzpe6SXlOzIpEf2AuVe0brkA=","legacyData"
"0b8d8257-cfe9-4b2b-89fc-a321a1e93e88","RMNP_042.basePlot.vst","2018-08-29","vst_RMNP_2017","D10","RMNP","RMNP_042",,"NEON.PLA.D10.RMNP.02615","ok","sapling","Live",,,0.4,,,,,,,,1.0,10,,,,"rqshhe/SUgyPwdITr9NIwpYRUtT2h3qGluL++bNJ7qY=","epRSxzuPA5t48lVqzG8Zzpe6SXlOzIpEf2AuVe0brkA=","legacyData"
"b621bfef-2e3a-4819-ba00-27e85cd14cec","RMNP_042.basePlot.vst","2018-08-29","vst_RMNP_2017","D10","RMNP","RMNP_042",,"NEON.PLA.D10.RMNP.02368","ok","sapling","Live",,,0.8,,,,,,,,1.2,10,,,,"rqshhe/SUgyPwdITr9NIwpYRUtT2h3qGluL++bNJ7qY=","epRSxzuPA5t48lVqzG8Zzpe6SXlOzIpEf2AuVe0brkA=","legacyData"
"d2c6d829-a7cd-491c-a0e5-bf97c8bb6378","RMNP_042.basePlot.vst","2018-08-29","vst_RMNP_2017","D10","RMNP","RMNP_042",,"NEON.PLA.D10.RMNP.02172","ok","single bole tree","Live",24.6,130,13.2,,,,,,,,,,,,,"rqshhe/SUgyPwdITr9NIwpYRUtT2h3qGluL++bNJ7qY=","epRSxzuPA5t48lVqzG8Zzpe6SXlOzIpEf2AuVe0brkA=","legacyData"
"b54e359f-806c-47e9-a76c-710b97723059","RMNP_042.basePlot.vst","2018-08-29","vst_RMNP_2017","D10","RMNP","RMNP_042",,"NEON.PLA.D10.RMNP.02333","ok","multi-bole tree","Standing dead",28.5,130,13.5,,,,,,,,,,,,"Unknown cause of death","rqshhe/SUgyPwdITr9NIwpYRUtT2h3qGluL++bNJ7qY=","epRSxzuPA5t48lVqzG8Zzpe6SXlOzIpEf2AuVe0brkA=","legacyData"
"5bf74393-d024-4197-98d6-85033dfb5a5c","RMNP_042.basePlot.vst","2018-08-29","vst_RMNP_2017","D10","RMNP","RMNP_042",,"NEON.PLA.D10.RMNP.02179","ok","single bole tree","Live, physically damaged",41.0,130,14.6,,,,,,,,,,,,"Scar- cause unknown","rqshhe/SUgyPwdITr9NIwpYRUtT2h3qGluL++bNJ7qY=","epRSxzuPA5t48lVqzG8Zzpe6SXlOzIpEf2AuVe0brkA=","legacyData"
"f8ab1239-26ea-403e-b371-32f43f4b8883","RMNP_042.basePlot.vst","2018-08-29","vst_RMNP_2017","D10","RMNP","RMNP_042",,"NEON.PLA.D10.RMNP.02361","ok","sapling","Live",,,1.3,,,,,,,,1.3,10,,,,"rqshhe/SUgyPwdITr9NIwpYRUtT2h3qGluL++bNJ7qY=","epRSxzuPA5t48lVqzG8Zzpe6SXlOzIpEf2AuVe0brkA=","legacyData"
"872664b4-d96d-4875-9308-f7b572ed2846","RMNP_042.basePlot.vst","2018-08-29","vst_RMNP_2017","D10","RMNP","RMNP_042",,"NEON.PLA.D10.RMNP.04108","ok","small shrub","Live",,,0.2,,,,1.1,0.6,,"oblate half-sphere",1.0,10,,,,"rqshhe/SUgyPwdITr9NIwpYRUtT2h3qGluL++bNJ7qY=","epRSxzuPA5t48lVqzG8Zzpe6SXlOzIpEf2AuVe0brkA=","legacyData"
"a32513c8-edc5-4b85-b2ce-65faa29a7422","RMNP_042.basePlot.vst","2018-08-29","vst_RMNP_2017","D10","RMNP","RMNP_042",,"NEON.PLA.D10.RMNP.02612","ok","sapling","Live",,,0.5,,,,,,,,1.3,10,,,,"rqshhe/SUgyPwdITr9NIwpYRUtT2h3qGluL++bNJ7qY=","epRSxzuPA5t48lVqzG8Zzpe6SXlOzIpEf2AuVe0brkA=","legacyData"
"7845b907-4a5b-4104-889c-ea03de522f75","RMNP_042.basePlot.vst","2018-08-29","vst_RMNP_2017","D10","RMNP","RMNP_042",,"NEON.PLA.D10.RMNP.04108","ok","small shrub","Live",,,0.2,,,,1.1,0.6,,"oblate half-sphere",1.7,10,,,,"rqshhe/SUgyPwdITr9NIwpYRUtT2h3qGluL++bNJ7qY=","epRSxzuPA5t48lVqzG8Zzpe6SXlOzIpEf2AuVe0brkA=","legacyData"
"4702ba19-1d83-44c2-88ed-fbcd00c848c1","RMNP_042.basePlot.vst","2018-08-29","vst_RMNP_2017","D10","RMNP","RMNP_042",,"NEON.PLA.D10.RMNP.02187","ok","small shrub","Live",,,0.4,,,,1.5,1.1,,"oblate half-sphere",2.2,10,,,,"rqshhe/SUgyPwdITr9NIwpYRUtT2h3qGluL++bNJ7qY=","epRSxzuPA5t48lVqzG8Zzpe6SXlOzIpEf2AuVe0brkA=","legacyData"
"d92b267d-e85f-45be-968c-aae4b8f5c618","RMNP_042.basePlot.vst","2018-08-29","vst_RMNP_2017","D10","RMNP","RMNP_042",,"NEON.PLA.D10.RMNP.02360","ok","small shrub","Live",,,0.3,,,,1.4,0.8,,"oblate half-sphere",1.7,10,,,,"rqshhe/SUgyPwdITr9NIwpYRUtT2h3qGluL++bNJ7qY=","epRSxzuPA5t48lVqzG8Zzpe6SXlOzIpEf2AuVe0brkA=","legacyData"
"f09ebac8-0a29-4c9f-b717-e196f13fb826","RMNP_042.basePlot.vst","2018-08-29","vst_RMNP_2017","D10","RMNP","RMNP_042",,"NEON.PLA.D10.RMNP.02356","ok","sapling","Live",,,0.9,,,,,,,,2.8,10,,,,"rqshhe/SUgyPwdITr9NIwpYRUtT2h3qGluL++bNJ7qY=","epRSxzuPA5t48lVqzG8Zzpe6SXlOzIpEf2AuVe0brkA=","legacyData"
"7b1b6048-a0d0-42fc-ad07-0f8af08d082b","RMNP_042.basePlot.vst","2018-08-29","vst_RMNP_2017","D10","RMNP","RMNP_042",,"NEON.PLA.D10.RMNP.02346","ok","sapling","Live",,,0.8,,,,,,,,1.5,10,,,,"rqshhe/SUgyPwdITr9NIwpYRUtT2h3qGluL++bNJ7qY=","epRSxzuPA5t48lVqzG8Zzpe6SXlOzIpEf2AuVe0brkA=","legacyData"
"277c0b4a-e5e9-4389-a490-915b718a7d13","RMNP_042.basePlot.vst","2018-08-29","vst_RMNP_2017","D10","RMNP","RMNP_042",,"NEON.PLA.D10.RMNP.02339","ok","single bole tree","Live",19.1,130,8.2,,,,,,,,,,,,,"rqshhe/SUgyPwdITr9NIwpYRUtT2h3qGluL++bNJ7qY=","epRSxzuPA5t48lVqzG8Zzpe6SXlOzIpEf2AuVe0brkA=","legacyData"
"c9bad878-54d9-4ddb-902d-d6ec9d6b250f","RMNP_042.basePlot.vst","2018-08-29","vst_RMNP_2017","D10","RMNP","RMNP_042",,"NEON.PLA.D10.RMNP.02370","ok","sapling","Standing dead",,,1.2,,,,,,,,1.9,10,,,"Unknown cause of death","rqshhe/SUgyPwdITr9NIwpYRUtT2h3qGluL++bNJ7qY=","epRSxzuPA5t48lVqzG8Zzpe6SXlOzIpEf2AuVe0brkA=","legacyData"
"13f26b3a-a339-4db4-8f51-9a30416d4c11","RMNP_042.basePlot.vst","2018-08-29","vst_RMNP_2017","D10","RMNP","RMNP_042",,"NEON.PLA.D10.RMNP.04104","ok","sapling","Live",,,1.2,,,,,,,,3.2,10,,,,"rqshhe/SUgyPwdITr9NIwpYRUtT2h3qGluL++bNJ7qY=","epRSxzuPA5t48lVqzG8Zzpe6SXlOzIpEf2AuVe0brkA=","legacyData"
"cfdd8d82-b3ec-4951-87fd-2472a1d70924","RMNP_042.basePlot.vst","2018-08-29","vst_RMNP_2017","D10","RMNP","RMNP_042",,"NEON.PLA.D10.RMNP.02174","ok","single bole tree","Live, physically damaged",21.8,130,10.8,,,,,,,,,,,,"Scar- cause unknown","rqshhe/SUgyPwdITr9NIwpYRUtT2h3qGluL++bNJ7qY=","epRSxzuPA5t48lVqzG8Zzpe6SXlOzIpEf2AuVe0brkA=","legacyData"
"5b61aeed-e8e7-458f-9237-322da91269e9","RMNP_042.basePlot.vst","2018-08-29","vst_RMNP_2017","D10","RMNP","RMNP_042",,"NEON.PLA.D10.RMNP.02184","ok","single bole tree","Live, physically damaged",28.8,130,12.7,,,,,,,,,,,,"Scar- cause unknown","rqshhe/SUgyPwdITr9NIwpYRUtT2h3qGluL++bNJ7qY=","epRSxzuPA5t48lVqzG8Zzpe6SXlOzIpEf2AuVe0brkA=","legacyData"
"8a94c85f-6dde-440f-9823-f09d2751d09f","RMNP_042.basePlot.vst","2018-08-29","vst_RMNP_2017","D10","RMNP","RMNP_042",,"NEON.PLA.D10.RMNP.02163","ok","single bole tree","Live",24.9,130,13.4,,,,,,,,,,,,,"rqshhe/SUgyPwdITr9NIwpYRUtT2h3qGluL++bNJ7qY=","epRSxzuPA5t48lVqzG8Zzpe6SXlOzIpEf2AuVe0brkA=","legacyData"
"3615a627-531d-4e3c-bb03-8bcceafa6e5f","RMNP_042.basePlot.vst","2018-08-29","vst_RMNP_2017","D10","RMNP","RMNP_042",,"NEON.PLA.D10.RMNP.02186","ok","sapling","Live",,,0.6,,,,,,,,1.3,10,,,,"rqshhe/SUgyPwdITr9NIwpYRUtT2h3qGluL++bNJ7qY=","epRSxzuPA5t48lVqzG8Zzpe6SXlOzIpEf2AuVe0brkA=","legacyData"
"c4f9cfc2-7cf7-4c27-ac01-7698641023ac","RMNP_042.basePlot.vst","2018-08-29","vst_RMNP_2017","D10","RMNP","RMNP_042",,"NEON.PLA.D10.RMNP.02180","ok","single bole tree","Live, physically damaged",15.6,130,8.1,,,,,,,,,,,,"Scar- cause unknown","rqshhe/SUgyPwdITr9NIwpYRUtT2h3qGluL++bNJ7qY=","epRSxzuPA5t48lVqzG8Zzpe6SXlOzIpEf2AuVe0brkA=","legacyData"
"0f0c7221-e6dc-4075-94c2-2fab101c5845","RMNP_042.basePlot.vst","2018-08-29","vst_RMNP_2017","D10","RMNP","RMNP_042",,"NEON.PLA.D10.RMNP.02359","ok","sapling","Live",,,1.1,,,,,,,,1.5,10,,,,"rqshhe/SUgyPwdITr9NIwpYRUtT2h3qGluL++bNJ7qY=","epRSxzuPA5t48lVqzG8Zzpe6SXlOzIpEf2AuVe0brkA=","legacyData"
"6ba5d686-c1a1-4518-9f5a-2c0f4a0e9e26","RMNP_042.basePlot.vst","2018-08-29","vst_RMNP_2017","D10","RMNP","RMNP_042",,"NEON.PLA.D10.RMNP.02607","ok","sapling","Live",,,0.4,,,,,,,,1.0,10,,,,"rqshhe/SUgyPwdITr9NIwpYRUtT2h3qGluL++bNJ7qY=","epRSxzuPA5t48lVqzG8Zzpe6SXlOzIpEf2AuVe0brkA=","legacyData"
"426a3d17-8821-485c-aa37-111c261108fe","RMNP_042.basePlot.vst","2018-08-29","vst_RMNP_2017","D10","RMNP","RMNP_042",,"NEON.PLA.D10.RMNP.02362","ok","small shrub","Live",,,0.4,,,,3.1,2.5,,"oblate half-sphere",1.5,10,,,,"rqshhe/SUgyPwdITr9NIwpYRUtT2h3qGluL++bNJ7qY=","epRSxzuPA5t48lVqzG8Zzpe6SXlOzIpEf2AuVe0brkA=","legacyData"
"a622e2df-8811-4726-a362-10987ef91c80","RMNP_042.basePlot.vst","2018-08-29","vst_RMNP_2017","D10","RMNP","RMNP_042",,"NEON.PLA.D10.RMNP.02358","ok","sapling","Live",,,1.4,,,,,,,,1.6,10,,,,"rqshhe/SUgyPwdITr9NIwpYRUtT2h3qGluL++bNJ7qY=","epRSxzuPA5t48lVqzG8Zzpe6SXlOzIpEf2AuVe0brkA=","legacyData"
"c0fb8da0-c5b3-494f-ae38-73a56fef8fbf","RMNP_042.basePlot.vst","2018-08-29","vst_RMNP_2017","D10","RMNP","RMNP_042",,"NEON.PLA.D10.RMNP.02195","ok","single bole tree","Live",18.1,130,10.2,,,,,,,,,,,,,"rqshhe/SUgyPwdITr9NIwpYRUtT2h3qGluL++bNJ7qY=","epRSxzuPA5t48lVqzG8Zzpe6SXlOzIpEf2AuVe0brkA=","legacyData"
"8a53ad7b-f752-491d-b374-ede3bbd63377","RMNP_042.basePlot.vst","2018-08-29","vst_RMNP_2017","D10","RMNP","RMNP_042",,"NEON.PLA.D10.RMNP.02185","ok","small shrub","Live",,,0.5,,,,0.8,0.8,,"half-sphere",1.5,10,,,,"rqshhe/SUgyPwdITr9NIwpYRUtT2h3qGluL++bNJ7qY=","epRSxzuPA5t48lVqzG8Zzpe6SXlOzIpEf2AuVe0brkA=","legacyData"
"c9a74775-e812-4ce3-a476-3f34e1fd89c7","RMNP_042.basePlot.vst","2018-08-29","vst_RMNP_2017","D10","RMNP","RMNP_042",,"NEON.PLA.D10.RMNP.02618","ok","sapling","Live",,,0.8,,,,,,,,1.4,10,,,,"rqshhe/SUgyPwdITr9NIwpYRUtT2h3qGluL++bNJ7qY=","epRSxzuPA5t48lVqzG8Zzpe6SXlOzIpEf2AuVe0brkA=","legacyData"
"2ae1ff25-9540-4d10-b1d0-5f96b8531643","RMNP_042.basePlot.vst","2018-08-29","vst_RMNP_2017","D10","RMNP","RMNP_042",,"NEON.PLA.D10.RMNP.02333A","ok","multi-bole tree","Live",22.0,130,13.5,,,,,,,,,,,,,"rqshhe/SUgyPwdITr9NIwpYRUtT2h3qGluL++bNJ7qY=","epRSxzuPA5t48lVqzG8Zzpe6SXlOzIpEf2AuVe0brkA=","legacyData"
"f71a0463-e7db-404e-b4b8-ba2031ed6ed4","RMNP_042.basePlot.vst","2018-08-29","vst_RMNP_2017","D10","RMNP","RMNP_042",,"NEON.PLA.D10.RMNP.02177","ok","single bole tree","Live, physically damaged",16.5,130,10.8,,,,,,,,,,,,"Scar- cause unknown","rqshhe/SUgyPwdITr9NIwpYRUtT2h3qGluL++bNJ7qY=","epRSxzuPA5t48lVqzG8Zzpe6SXlOzIpEf2AuVe0brkA=","legacyData"
"33e5f335-db3d-4ea7-8da7-dd014ec5842b","RMNP_042.basePlot.vst","2018-08-29","vst_RMNP_2017","D10","RMNP","RMNP_042",,"NEON.PLA.D10.RMNP.02369","ok","sapling","Live",,,1.0,,,,,,,,2.8,10,,,,"rqshhe/SUgyPwdITr9NIwpYRUtT2h3qGluL++bNJ7qY=","epRSxzuPA5t48lVqzG8Zzpe6SXlOzIpEf2AuVe0brkA=","legacyData"
"fa815e01-ae78-467a-bd23-65215b63eed2","RMNP_042.basePlot.vst","2018-08-29","vst_RMNP_2017","D10","RMNP","RMNP_042",,"NEON.PLA.D10.RMNP.02344","ok","sapling","Live",,,0.9,,,,,,,,1.2,10,,,,"rqshhe/SUgyPwdITr9NIwpYRUtT2h3qGluL++bNJ7qY=","epRSxzuPA5t48lVqzG8Zzpe6SXlOzIpEf2AuVe0brkA=","legacyData"
"f5ebbc6a-3f77-4a75-b78c-24a091ab2808","RMNP_042.basePlot.vst","2018-08-29","vst_RMNP_2017","D10","RMNP","RMNP_042",,"NEON.PLA.D10.RMNP.02362","ok","small shrub","Live",,,0.4,,,,3.1,2.5,,"oblate half-sphere",1.7,10,,,,"rqshhe/SUgyPwdITr9NIwpYRUtT2h3qGluL++bNJ7qY=","epRSxzuPA5t48lVqzG8Zzpe6SXlOzIpEf2AuVe0brkA=","legacyData"
"399aba39-ca88-41ae-b451-ca5f16cefcc6","RMNP_042.basePlot.vst","2018-08-29","vst_RMNP_2017","D10","RMNP","RMNP_042",,"NEON.PLA.D10.RMNP.02355","ok","sapling","Live",,,0.6,,,,,,,,1.8,10,,,,"rqshhe/SUgyPwdITr9NIwpYRUtT2h3qGluL++bNJ7qY=","epRSxzuPA5t48lVqzG8Zzpe6SXlOzIpEf2AuVe0brkA=","legacyData"
"35eac3a2-6416-4802-8bc0-f81481cefae1","RMNP_042.basePlot.vst","2018-08-29","vst_RMNP_2017","D10","RMNP","RMNP_042",,"NEON.PLA.D10.RMNP.04105","ok","sapling","Live",,,0.3,,,,,,,,1.0,10,,,,"rqshhe/SUgyPwdITr9NIwpYRUtT2h3qGluL++bNJ7qY=","epRSxzuPA5t48lVqzG8Zzpe6SXlOzIpEf2AuVe0brkA=","legacyData"
"8bcc2314-dc4f-4e0c-9591-fde60847e653","RMNP_042.basePlot.vst","2018-08-29","vst_RMNP_2017","D10","RMNP","RMNP_042",,"NEON.PLA.D10.RMNP.04109","ok","sapling","Live",,,0.4,,,,,,,,1.9,10,,,,"rqshhe/SUgyPwdITr9NIwpYRUtT2h3qGluL++bNJ7qY=","epRSxzuPA5t48lVqzG8Zzpe6SXlOzIpEf2AuVe0brkA=","legacyData"
"0be5acff-fde2-445e-a3a5-4a274fdec5ea","RMNP_042.basePlot.vst","2018-08-29","vst_RMNP_2017","D10","RMNP","RMNP_042",,"NEON.PLA.D10.RMNP.02169","ok","single bole tree","Live",30.7,130,12.3,,,,,,,,,,,,,"rqshhe/SUgyPwdITr9NIwpYRUtT2h3qGluL++bNJ7qY=","epRSxzuPA5t48lVqzG8Zzpe6SXlOzIpEf2AuVe0brkA=","legacyData"
"28a7d3cd-2e53-4bbc-81a6-4b4219c13e4e","RMNP_042.basePlot.vst","2018-08-29","vst_RMNP_2017","D10","RMNP","RMNP_042",,"NEON.PLA.D10.RMNP.02367","ok","sapling","Standing dead",,,1.0,,,,,,,,1.1,10,,,"Unknown cause of death","rqshhe/SUgyPwdITr9NIwpYRUtT2h3qGluL++bNJ7qY=","epRSxzuPA5t48lVqzG8Zzpe6SXlOzIpEf2AuVe0brkA=","legacyData"
"1b5e984b-5529-494d-9fd9-eab9283ab8dc","RMNP_042.basePlot.vst","2018-08-29","vst_RMNP_2017","D10","RMNP","RMNP_042",,"NEON.PLA.D10.RMNP.02614","ok","sapling","Live",,,0.7,,,,,,,,1.4,10,,,,"rqshhe/SUgyPwdITr9NIwpYRUtT2h3qGluL++bNJ7qY=","epRSxzuPA5t48lVqzG8Zzpe6SXlOzIpEf2AuVe0brkA=","legacyData"
"0b84779c-9a65-4cfd-9b00-a6275a768d62","RMNP_042.basePlot.vst","2018-08-29","vst_RMNP_2017","D10","RMNP","RMNP_042",,"NEON.PLA.D10.RMNP.02164","ok","single bole tree","Live",26.2,130,11.6,,,,,,,,,,,,,"rqshhe/SUgyPwdITr9NIwpYRUtT2h3qGluL++bNJ7qY=","epRSxzuPA5t48lVqzG8Zzpe6SXlOzIpEf2AuVe0brkA=","legacyData"
"3807e405-bde5-4f48-8a65-e8c4dda13906","RMNP_042.basePlot.vst","2018-08-29","vst_RMNP_2017","D10","RMNP","RMNP_042",,"NEON.PLA.D10.RMNP.02362","ok","small shrub","Live",,,0.4,,,,3.1,2.5,,"oblate half-sphere",2.2,10,,,,"rqshhe/SUgyPwdITr9NIwpYRUtT2h3qGluL++bNJ7qY=","epRSxzuPA5t48lVqzG8Zzpe6SXlOzIpEf2AuVe0brkA=","legacyData"
"aa17602a-5fc3-4c29-b259-fa22a32a63e6","RMNP_042.basePlot.vst","2018-08-29","vst_RMNP_2017","D10","RMNP","RMNP_042",,"NEON.PLA.D10.RMNP.02605","ok","small shrub","Live",,,0.3,,,,0.9,0.5,,"oblate half-sphere",1.1,10,,,,"rqshhe/SUgyPwdITr9NIwpYRUtT2h3qGluL++bNJ7qY=","epRSxzuPA5t48lVqzG8Zzpe6SXlOzIpEf2AuVe0brkA=","legacyData"
"09f0e2b6-fec6-425f-8846-3368b38fc448","RMNP_042.basePlot.vst","2018-08-29","vst_RMNP_2017","D10","RMNP","RMNP_042",,"NEON.PLA.D10.RMNP.02362","ok","small shrub","Live",,,0.4,,,,3.1,2.5,,"oblate half-sphere",2.1,10,,,,"rqshhe/SUgyPwdITr9NIwpYRUtT2h3qGluL++bNJ7qY=","epRSxzuPA5t48lVqzG8Zzpe6SXlOzIpEf2AuVe0brkA=","legacyData"
"f57b20ce-a801-40e8-95d1-ef3d4f261384","RMNP_042.basePlot.vst","2018-08-29","vst_RMNP_2017","D10","RMNP","RMNP_042",,"NEON.PLA.D10.RMNP.02187","ok","small shrub","Live",,,0.4,,,,1.5,1.1,,"oblate half-sphere",1.2,10,,,,"rqshhe/SUgyPwdITr9NIwpYRUtT2h3qGluL++bNJ7qY=","epRSxzuPA5t48lVqzG8Zzpe6SXlOzIpEf2AuVe0brkA=","legacyData"
"65af6577-e529-4698-a1bc-c84752c1b693","RMNP_042.basePlot.vst","2018-08-29","vst_RMNP_2017","D10","RMNP","RMNP_042",,"NEON.PLA.D10.RMNP.02365","removed",,"Removed",,,,,,,,,,,,,,,"Tag removed- land clearing","rqshhe/SUgyPwdITr9NIwpYRUtT2h3qGluL++bNJ7qY=","epRSxzuPA5t48lVqzG8Zzpe6SXlOzIpEf2AuVe0brkA=","legacyData"
"14cf70f7-6cbf-4515-bfb3-7c5ca25b83af","RMNP_042.basePlot.vst","2018-08-29","vst_RMNP_2017","D10","RMNP","RMNP_042",,"NEON.PLA.D10.RMNP.02191","ok","single bole tree","Live",20.9,130,12.0,,,,,,,,,,,,,"rqshhe/SUgyPwdITr9NIwpYRUtT2h3qGluL++bNJ7qY=","epRSxzuPA5t48lVqzG8Zzpe6SXlOzIpEf2AuVe0brkA=","legacyData"
"31021ae1-9f73-485d-b3f9-b513916ac42a","RMNP_042.basePlot.vst","2018-08-29","vst_RMNP_2017","D10","RMNP","RMNP_042",,"NEON.PLA.D10.RMNP.02170","ok","single bole tree","Live, physically damaged",21.5,130,11.9,,,,,,,,,,,,"Scar- cause unknown","rqshhe/SUgyPwdITr9NIwpYRUtT2h3qGluL++bNJ7qY=","epRSxzuPA5t48lVqzG8Zzpe6SXlOzIpEf2AuVe0brkA=","legacyData"
"893a607f-5e30-47ec-bbf1-72f5588d7f2d","RMNP_042.basePlot.vst","2018-08-29","vst_RMNP_2017","D10","RMNP","RMNP_042",,"NEON.PLA.D10.RMNP.02175","ok","single bole tree","Live",23.4,130,13.4,,,,,,,,,,,,,"rqshhe/SUgyPwdITr9NIwpYRUtT2h3qGluL++bNJ7qY=","epRSxzuPA5t48lVqzG8Zzpe6SXlOzIpEf2AuVe0brkA=","legacyData"
"dc1cd5b0-7409-4778-8c5d-8c61fab57520","RMNP_042.basePlot.vst","2018-08-29","vst_RMNP_2017","D10","RMNP","RMNP_042",,"NEON.PLA.D10.RMNP.02360","ok","small shrub","Live",,,0.3,,,,1.4,0.8,,"oblate half-sphere",1.4,10,,,,"rqshhe/SUgyPwdITr9NIwpYRUtT2h3qGluL++bNJ7qY=","epRSxzuPA5t48lVqzG8Zzpe6SXlOzIpEf2AuVe0brkA=","legacyData"
"50fd758c-cee9-4431-93fd-e0f2df52f09f","RMNP_042.basePlot.vst","2018-08-29","vst_RMNP_2017","D10","RMNP","RMNP_042",,"NEON.PLA.D10.RMNP.02192","ok","single bole tree","Live",18.7,130,9.3,,,,,,,,,,,,,"rqshhe/SUgyPwdITr9NIwpYRUtT2h3qGluL++bNJ7qY=","epRSxzuPA5t48lVqzG8Zzpe6SXlOzIpEf2AuVe0brkA=","legacyData"
"f64bdc47-27d5-4ab6-b85a-f056b50612db","RMNP_042.basePlot.vst","2018-08-29","vst_RMNP_2017","D10","RMNP","RMNP_042",,"NEON.PLA.D10.RMNP.02359","ok","sapling","Live",,,1.1,,,,,,,,1.7,10,,,,"rqshhe/SUgyPwdITr9NIwpYRUtT2h3qGluL++bNJ7qY=","epRSxzuPA5t48lVqzG8Zzpe6SXlOzIpEf2AuVe0brkA=","legacyData"
"42726d3f-c283-4b44-b77d-30260b824c35","RMNP_042.basePlot.vst","2018-08-29","vst_RMNP_2017","D10","RMNP","RMNP_042",,"NEON.PLA.D10.RMNP.02351","ok","sapling","Live",,,1.2,,,,,,,,1.1,10,,,,"rqshhe/SUgyPwdITr9NIwpYRUtT2h3qGluL++bNJ7qY=","epRSxzuPA5t48lVqzG8Zzpe6SXlOzIpEf2AuVe0brkA=","legacyData"
"df79c27d-7e6e-4053-8a61-97e225c78ea4","RMNP_042.basePlot.vst","2018-08-29","vst_RMNP_2017","D10","RMNP","RMNP_042",,"NEON.PLA.D10.RMNP.02354","ok","sapling","Live",,,1.2,,,,,,,,1.1,10,,,,"rqshhe/SUgyPwdITr9NIwpYRUtT2h3qGluL++bNJ7qY=","epRSxzuPA5t48lVqzG8Zzpe6SXlOzIpEf2AuVe0brkA=","legacyData"
"2878c8b9-3dac-4abc-942a-a408676f90de","RMNP_042.basePlot.vst","2018-08-29","vst_RMNP_2017","D10","RMNP","RMNP_042",,"NEON.PLA.D10.RMNP.02362","ok","small shrub","Live",,,0.4,,,,3.1,2.5,,"oblate half-sphere",2.1,10,,,,"rqshhe/SUgyPwdITr9NIwpYRUtT2h3qGluL++bNJ7qY=","epRSxzuPA5t48lVqzG8Zzpe6SXlOzIpEf2AuVe0brkA=","legacyData"
"feec478a-6bda-4a55-9988-c794e8c19361","RMNP_042.basePlot.vst","2018-08-29","vst_RMNP_2017","D10","RMNP","RMNP_042",,"NEON.PLA.D10.RMNP.02193","ok","single bole tree","Live",17.0,130,10.4,,,,,,,,,,,,,"rqshhe/SUgyPwdITr9NIwpYRUtT2h3qGluL++bNJ7qY=","epRSxzuPA5t48lVqzG8Zzpe6SXlOzIpEf2AuVe0brkA=","legacyData"
"b03f42c1-39a6-41a1-aa92-9d67077ce4d0","RMNP_042.basePlot.vst","2018-08-29","vst_RMNP_2017","D10","RMNP","RMNP_042",,"NEON.PLA.D10.RMNP.02359","ok","sapling","Live",,,1.1,,,,,,,,1.2,10,,,,"rqshhe/SUgyPwdITr9NIwpYRUtT2h3qGluL++bNJ7qY=","epRSxzuPA5t48lVqzG8Zzpe6SXlOzIpEf2AuVe0brkA=","legacyData"
"71366ac4-cd19-46b8-bf3d-e1886624183c","RMNP_042.basePlot.vst","2018-08-29","vst_RMNP_2017","D10","RMNP","RMNP_042",,"NEON.PLA.D10.RMNP.02359","ok","sapling","Live",,,1.1,,,,,,,,1.4,10,,,,"rqshhe/SUgyPwdITr9NIwpYRUtT2h3qGluL++bNJ7qY=","epRSxzuPA5t48lVqzG8Zzpe6SXlOzIpEf2AuVe0brkA=","legacyData"
"2368ce78-d577-4dbb-b93c-ad6a186de2ca","RMNP_042.basePlot.vst","2018-08-29","vst_RMNP_2017","D10","RMNP","RMNP_042",,"NEON.PLA.D10.RMNP.02605","ok","small shrub","Live",,,0.3,,,,0.9,0.5,,"oblate half-sphere",1.0,10,,,,"rqshhe/SUgyPwdITr9NIwpYRUtT2h3qGluL++bNJ7qY=","epRSxzuPA5t48lVqzG8Zzpe6SXlOzIpEf2AuVe0brkA=","legacyData"
"750bcfdc-1a81-49bc-907b-db7d2a4fcfdd","RMNP_042.basePlot.vst","2018-08-29","vst_RMNP_2017","D10","RMNP","RMNP_042",,"NEON.PLA.D10.RMNP.02341","ok","small tree","Live",7.2,130,7.1,,,,,,,,,,,,,"rqshhe/SUgyPwdITr9NIwpYRUtT2h3qGluL++bNJ7qY=","epRSxzuPA5t48lVqzG8Zzpe6SXlOzIpEf2AuVe0brkA=","legacyData"
"d9310172-34e3-4f39-82a0-f584a2bd203f","RMNP_042.basePlot.vst","2018-08-29","vst_RMNP_2017","D10","RMNP","RMNP_042",,"NEON.PLA.D10.RMNP.02176","ok","single bole tree","Live",19.8,130,10.3,,,,,,,,,,,,,"rqshhe/SUgyPwdITr9NIwpYRUtT2h3qGluL++bNJ7qY=","epRSxzuPA5t48lVqzG8Zzpe6SXlOzIpEf2AuVe0brkA=","legacyData"
"98e959b5-8462-4e5c-a563-a355eea1645c","RMNP_042.basePlot.vst","2018-08-29","vst_RMNP_2017","D10","RMNP","RMNP_042",,"NEON.PLA.D10.RMNP.02167","ok","single bole tree","Live, physically damaged",23.0,130,11.0,,,,,,,,,,,,"Scar- cause unknown","rqshhe/SUgyPwdITr9NIwpYRUtT2h3qGluL++bNJ7qY=","epRSxzuPA5t48lVqzG8Zzpe6SXlOzIpEf2AuVe0brkA=","legacyData"
"ebff30b0-035a-4e5c-964d-524da6a9b278","RMNP_042.basePlot.vst","2018-08-29","vst_RMNP_2017","D10","RMNP","RMNP_042",,"NEON.PLA.D10.RMNP.02336","ok","single bole tree","Live",26.6,130,12.6,,,,,,,,,,,,,"rqshhe/SUgyPwdITr9NIwpYRUtT2h3qGluL++bNJ7qY=","epRSxzuPA5t48lVqzG8Zzpe6SXlOzIpEf2AuVe0brkA=","legacyData"
"5842a290-f965-4ae8-83ca-fe6539d74ed5","RMNP_042.basePlot.vst","2018-08-29","vst_RMNP_2017","D10","RMNP","RMNP_042",,"NEON.PLA.D10.RMNP.02349","ok","sapling","Live",,,1.1,,,,,,,,1.8,10,,,,"rqshhe/SUgyPwdITr9NIwpYRUtT2h3qGluL++bNJ7qY=","epRSxzuPA5t48lVqzG8Zzpe6SXlOzIpEf2AuVe0brkA=","legacyData"
"09f53981-d1ee-4f8d-8d6b-2920b9e5c54d","RMNP_042.basePlot.vst","2018-08-29","vst_RMNP_2017","D10","RMNP","RMNP_042",,"NEON.PLA.D10.RMNP.02362","ok","small shrub","Live",,,0.4,,,,3.1,2.5,,"oblate half-sphere",1.5,10,,,,"rqshhe/SUgyPwdITr9NIwpYRUtT2h3qGluL++bNJ7qY=","epRSxzuPA5t48lVqzG8Zzpe6SXlOzIpEf2AuVe0brkA=","legacyData"
"6af81f66-d45e-4278-8949-8f2acacd97d6","RMNP_042.basePlot.vst","2018-08-29","vst_RMNP_2017","D10","RMNP","RMNP_042",,"NEON.PLA.D10.RMNP.02610","ok","sapling","Live",,,0.6,,,,,,,,1.6,10,,,,"rqshhe/SUgyPwdITr9NIwpYRUtT2h3qGluL++bNJ7qY=","epRSxzuPA5t48lVqzG8Zzpe6SXlOzIpEf2AuVe0brkA=","legacyData"
"37d8bfa7-8bde-4299-8852-118566759671","RMNP_042.basePlot.vst","2018-08-29","vst_RMNP_2017","D10","RMNP","RMNP_042",,"NEON.PLA.D10.RMNP.02361","ok","sapling","Live",,,1.3,,,,,,,,1.1,10,,,,"rqshhe/SUgyPwdITr9NIwpYRUtT2h3qGluL++bNJ7qY=","epRSxzuPA5t48lVqzG8Zzpe6SXlOzIpEf2AuVe0brkA=","legacyData"
"282f4fc0-9661-49fd-903a-765daf2abad7","RMNP_042.basePlot.vst","2018-08-29","vst_RMNP_2017","D10","RMNP","RMNP_042",,"NEON.PLA.D10.RMNP.02348","ok","sapling","Live",,,0.9,,,,,,,,1.2,10,,,,"rqshhe/SUgyPwdITr9NIwpYRUtT2h3qGluL++bNJ7qY=","epRSxzuPA5t48lVqzG8Zzpe6SXlOzIpEf2AuVe0brkA=","legacyData"
"ca014459-a964-472d-86bc-6c676e2231bc","RMNP_042.basePlot.vst","2018-08-29","vst_RMNP_2017","D10","RMNP","RMNP_042",,"NEON.PLA.D10.RMNP.02360","ok","small shrub","Live",,,0.3,,,,1.4,0.8,,"oblate half-sphere",1.6,10,,,,"rqshhe/SUgyPwdITr9NIwpYRUtT2h3qGluL++bNJ7qY=","epRSxzuPA5t48lVqzG8Zzpe6SXlOzIpEf2AuVe0brkA=","legacyData"
"d89df0fd-4090-4f82-b8f1-3ca78d505177","RMNP_042.basePlot.vst","2018-08-29","vst_RMNP_2017","D10","RMNP","RMNP_042",,"NEON.PLA.D10.RMNP.02364","ok","sapling","Live",,,0.6,,,,,,,,1.5,10,,,,"rqshhe/SUgyPwdITr9NIwpYRUtT2h3qGluL++bNJ7qY=","epRSxzuPA5t48lVqzG8Zzpe6SXlOzIpEf2AuVe0brkA=","legacyData"
"e1636b69-a557-4fa9-949e-c51fe2bc92ef","RMNP_042.basePlot.vst","2018-08-29","vst_RMNP_2017","D10","RMNP","RMNP_042",,"NEON.PLA.D10.RMNP.02604","ok","sapling","Live",,,0.8,,,,,,,,2.3,10,,,,"rqshhe/SUgyPwdITr9NIwpYRUtT2h3qGluL++bNJ7qY=","epRSxzuPA5t48lVqzG8Zzpe6SXlOzIpEf2AuVe0brkA=","legacyData"
"a1ec3527-daa2-450e-9c89-c47fa0834149","RMNP_042.basePlot.vst","2018-08-29","vst_RMNP_2017","D10","RMNP","RMNP_042",,"NEON.PLA.D10.RMNP.02348","ok","sapling","Live",,,0.9,,,,,,,,1.2,10,,,,"rqshhe/SUgyPwdITr9NIwpYRUtT2h3qGluL++bNJ7qY=","epRSxzuPA5t48lVqzG8Zzpe6SXlOzIpEf2AuVe0brkA=","legacyData"
"fa0a13f1-b684-49a8-9d5b-de2b734832c5","RMNP_042.basePlot.vst","2018-08-29","vst_RMNP_2017","D10","RMNP","RMNP_042",,"NEON.PLA.D10.RMNP.02601","ok","small tree","Standing dead",3.1,130,2.8,,,,,,,,,,,,"Unknown cause of death","rqshhe/SUgyPwdITr9NIwpYRUtT2h3qGluL++bNJ7qY=","epRSxzuPA5t48lVqzG8Zzpe6SXlOzIpEf2AuVe0brkA=","legacyData"
"dc4995be-d204-4e1c-a723-8d079b579ce1","RMNP_042.basePlot.vst","2018-08-29","vst_RMNP_2017","D10","RMNP","RMNP_042",,"NEON.PLA.D10.RMNP.02352","ok","sapling","Standing dead",,,0.6,,,,,,,,1.4,10,,,"Unknown cause of death- top of stem broken","rqshhe/SUgyPwdITr9NIwpYRUtT2h3qGluL++bNJ7qY=","epRSxzuPA5t48lVqzG8Zzpe6SXlOzIpEf2AuVe0brkA=","legacyData"
"80baea2d-e0fa-4bc3-90f6-68933a41c2ea","RMNP_042.basePlot.vst","2018-08-29","vst_RMNP_2017","D10","RMNP","RMNP_042",,"NEON.PLA.D10.RMNP.02363","ok","sapling","Live",,,1.0,,,,,,,,1.6,10,,,,"rqshhe/SUgyPwdITr9NIwpYRUtT2h3qGluL++bNJ7qY=","epRSxzuPA5t48lVqzG8Zzpe6SXlOzIpEf2AuVe0brkA=","legacyData"
"2c316a5c-5096-4852-8065-899bbe65bd9b","RMNP_042.basePlot.vst","2018-08-29","vst_RMNP_2017","D10","RMNP","RMNP_042",,"NEON.PLA.D10.RMNP.02194","ok","single bole tree","Live",19.4,130,9.0,,,,,,,,,,,,,"rqshhe/SUgyPwdITr9NIwpYRUtT2h3qGluL++bNJ7qY=","epRSxzuPA5t48lVqzG8Zzpe6SXlOzIpEf2AuVe0brkA=","legacyData"
"1fde4308-6c16-41e7-99d0-2c0155877b1a","RMNP_042.basePlot.vst","2018-08-29","vst_RMNP_2017","D10","RMNP","RMNP_042",,"NEON.PLA.D10.RMNP.02345","ok","sapling","Standing dead",,,0.8,,,,,,,,1.4,10,,,"Unknown cause of death","rqshhe/SUgyPwdITr9NIwpYRUtT2h3qGluL++bNJ7qY=","epRSxzuPA5t48lVqzG8Zzpe6SXlOzIpEf2AuVe0brkA=","legacyData"
"97af8146-640a-42b1-b780-dc824e371105","RMNP_042.basePlot.vst","2018-08-29","vst_RMNP_2017","D10","RMNP","RMNP_042",,"NEON.PLA.D10.RMNP.02178","ok","single bole tree","Live, physically damaged",23.9,154,9.0,,,,,,,,,,,,"Scar- cause unknown; Abnormality at 130cm","rqshhe/SUgyPwdITr9NIwpYRUtT2h3qGluL++bNJ7qY=","epRSxzuPA5t48lVqzG8Zzpe6SXlOzIpEf2AuVe0brkA=","legacyData"
"4cd6b79c-2ae8-4bf9-9100-afd053dd675b","RMNP_042.basePlot.vst","2018-08-29","vst_RMNP_2017","D10","RMNP","RMNP_042",,"NEON.PLA.D10.RMNP.02357","ok","sapling","Live",,,1.2,,,,,,,,1.4,10,,,,"rqshhe/SUgyPwdITr9NIwpYRUtT2h3qGluL++bNJ7qY=","epRSxzuPA5t48lVqzG8Zzpe6SXlOzIpEf2AuVe0brkA=","legacyData"
"a96132eb-1877-48a7-8731-b66bd0ca2539","RMNP_042.basePlot.vst","2018-08-29","vst_RMNP_2017","D10","RMNP","RMNP_042",,"NEON.PLA.D10.RMNP.02351","ok","sapling","Live",,,1.2,,,,,,,,1.1,10,,,,"rqshhe/SUgyPwdITr9NIwpYRUtT2h3qGluL++bNJ7qY=","epRSxzuPA5t48lVqzG8Zzpe6SXlOzIpEf2AuVe0brkA=","legacyData"
"c8c685be-2060-468b-b87b-66b608c4209a","RMNP_042.basePlot.vst","2018-08-29","vst_RMNP_2017","D10","RMNP","RMNP_042",,"NEON.PLA.D10.RMNP.02183","ok","single bole tree","Live",24.5,130,13.1,,,,,,,,,,,,,"rqshhe/SUgyPwdITr9NIwpYRUtT2h3qGluL++bNJ7qY=","epRSxzuPA5t48lVqzG8Zzpe6SXlOzIpEf2AuVe0brkA=","legacyData"
"e23ff8f5-51ff-4ac2-8601-c274af057cc2","RMNP_042.basePlot.vst","2018-08-29","vst_RMNP_2017","D10","RMNP","RMNP_042",,"NEON.PLA.D10.RMNP.02609","ok","sapling","Live",,,0.6,,,,,,,,1.5,10,,,,"rqshhe/SUgyPwdITr9NIwpYRUtT2h3qGluL++bNJ7qY=","epRSxzuPA5t48lVqzG8Zzpe6SXlOzIpEf2AuVe0brkA=","legacyData"
"1a3a27e3-af52-4c9b-9cb5-49356fbcb4ed","RMNP_042.basePlot.vst","2018-08-29","vst_RMNP_2017","D10","RMNP","RMNP_042",,"NEON.PLA.D10.RMNP.02347","ok","sapling","Live",,,1.1,,,,,,,,1.7,10,,,,"rqshhe/SUgyPwdITr9NIwpYRUtT2h3qGluL++bNJ7qY=","epRSxzuPA5t48lVqzG8Zzpe6SXlOzIpEf2AuVe0brkA=","legacyData"
"cfdd5355-d3da-439b-90d8-19b77b93a94a","RMNP_042.basePlot.vst","2018-08-29","vst_RMNP_2017","D10","RMNP","RMNP_042",,"NEON.PLA.D10.RMNP.02362","ok","small shrub","Live",,,0.4,,,,3.1,2.5,,"oblate half-sphere",1.9,10,,,,"rqshhe/SUgyPwdITr9NIwpYRUtT2h3qGluL++bNJ7qY=","epRSxzuPA5t48lVqzG8Zzpe6SXlOzIpEf2AuVe0brkA=","legacyData"
"118470b2-fee1-44dc-b796-3a9958f4dbd7","RMNP_042.basePlot.vst","2018-08-29","vst_RMNP_2017","D10","RMNP","RMNP_042",,"NEON.PLA.D10.RMNP.02349","ok","sapling","Live",,,1.1,,,,,,,,1.4,10,,,,"rqshhe/SUgyPwdITr9NIwpYRUtT2h3qGluL++bNJ7qY=","epRSxzuPA5t48lVqzG8Zzpe6SXlOzIpEf2AuVe0brkA=","legacyData"
"a066820b-3bef-49da-81d0-0e241b32850c","RMNP_042.basePlot.vst","2018-08-29","vst_RMNP_2017","D10","RMNP","RMNP_042",,"NEON.PLA.D10.RMNP.02360","ok","small shrub","Live",,,0.3,,,,1.4,0.8,,"oblate half-sphere",1.0,10,,,,"rqshhe/SUgyPwdITr9NIwpYRUtT2h3qGluL++bNJ7qY=","epRSxzuPA5t48lVqzG8Zzpe6SXlOzIpEf2AuVe0brkA=","legacyData"
"456b39b6-7b8a-40e3-a676-d928c285a497","RMNP_042.basePlot.vst","2018-08-29","vst_RMNP_2017","D10","RMNP","RMNP_042",,"NEON.PLA.D10.RMNP.02190","ok","single bole tree","Live",33.8,130,11.5,,,,,,,,,,,,,"rqshhe/SUgyPwdITr9NIwpYRUtT2h3qGluL++bNJ7qY=","epRSxzuPA5t48lVqzG8Zzpe6SXlOzIpEf2AuVe0brkA=","legacyData"
"d10ffb54-4628-48aa-b7a3-e61ce68e20ad","RMNP_042.basePlot.vst","2018-08-29","vst_RMNP_2017","D10","RMNP","RMNP_042",,"NEON.PLA.D10.RMNP.02332","ok","single bole tree","Live",28.9,130,11.8,,,,,,,,,,,,,"rqshhe/SUgyPwdITr9NIwpYRUtT2h3qGluL++bNJ7qY=","epRSxzuPA5t48lVqzG8Zzpe6SXlOzIpEf2AuVe0brkA=","legacyData"
"8dcd7e0e-8d5a-47ef-93cc-7a5994ca1a3b","RMNP_042.basePlot.vst","2018-08-29","vst_RMNP_2017","D10","RMNP","RMNP_042",,"NEON.PLA.D10.RMNP.04110","ok","sapling","Live",,,0.4,,,,,,,,1.0,10,,,,"rqshhe/SUgyPwdITr9NIwpYRUtT2h3qGluL++bNJ7qY=","epRSxzuPA5t48lVqzG8Zzpe6SXlOzIpEf2AuVe0brkA=","legacyData"
"87259561-5552-44dd-90b9-39a41337b32c","RMNP_042.basePlot.vst","2018-08-29","vst_RMNP_2017","D10","RMNP","RMNP_042",,"NEON.PLA.D10.RMNP.02611","ok","small tree","Live",1.3,130,1.7,,,,,,,,,,,,,"rqshhe/SUgyPwdITr9NIwpYRUtT2h3qGluL++bNJ7qY=","epRSxzuPA5t48lVqzG8Zzpe6SXlOzIpEf2AuVe0brkA=","legacyData"
"a35afdd0-e4bc-4649-a796-db32396213cf","RMNP_042.basePlot.vst","2018-08-29","vst_RMNP_2017","D10","RMNP","RMNP_042",,"NEON.PLA.D10.RMNP.02335","ok","single bole tree","Live",17.1,130,8.4,,,,,,,,,,,,,"rqshhe/SUgyPwdITr9NIwpYRUtT2h3qGluL++bNJ7qY=","epRSxzuPA5t48lVqzG8Zzpe6SXlOzIpEf2AuVe0brkA=","legacyData"
"7055b7e6-8ebe-49c0-80ba-102ee60c2536","RMNP_042.basePlot.vst","2018-08-29","vst_RMNP_2017","D10","RMNP","RMNP_042",,"NEON.PLA.D10.RMNP.02165","ok","single bole tree","Live, physically damaged",24.2,130,10.9,,,,,,,,,,,,"Scar- cause unknown","rqshhe/SUgyPwdITr9NIwpYRUtT2h3qGluL++bNJ7qY=","epRSxzuPA5t48lVqzG8Zzpe6SXlOzIpEf2AuVe0brkA=","legacyData"
"66d008ac-829b-4610-adef-dbc02da38300","RMNP_042.basePlot.vst","2018-08-29","vst_RMNP_2017","D10","RMNP","RMNP_042",,"NEON.PLA.D10.RMNP.02166","ok","single bole tree","Live",24.4,130,12.1,,,,,,,,,,,,,"rqshhe/SUgyPwdITr9NIwpYRUtT2h3qGluL++bNJ7qY=","epRSxzuPA5t48lVqzG8Zzpe6SXlOzIpEf2AuVe0brkA=","legacyData"
"c02e083c-b8ae-44b6-8783-bd0000acf44c","RMNP_042.basePlot.vst","2018-08-29","vst_RMNP_2017","D10","RMNP","RMNP_042",,"NEON.PLA.D10.RMNP.01800","ok","single bole tree","Live",22.1,130,11.9,,,,,,,,,,,,,"rqshhe/SUgyPwdITr9NIwpYRUtT2h3qGluL++bNJ7qY=","epRSxzuPA5t48lVqzG8Zzpe6SXlOzIpEf2AuVe0brkA=","legacyData"
"9a76ada7-49bf-4993-a4ed-88833eca9492","RMNP_042.basePlot.vst","2018-08-29","vst_RMNP_2017","D10","RMNP","RMNP_042",,"NEON.PLA.D10.RMNP.04106","ok","sapling","Live",,,0.8,,,,,,,,1.1,10,,,,"rqshhe/SUgyPwdITr9NIwpYRUtT2h3qGluL++bNJ7qY=","epRSxzuPA5t48lVqzG8Zzpe6SXlOzIpEf2AuVe0brkA=","legacyData"
"f7b4109a-9e53-44c8-81d4-4e387165029b","RMNP_042.basePlot.vst","2018-08-29","vst_RMNP_2017","D10","RMNP","RMNP_042",,"NEON.PLA.D10.RMNP.02173","ok","single bole tree","Live, physically damaged",14.9,130,9.7,,,,,,,,,,,,"Scar- cause unknown","rqshhe/SUgyPwdITr9NIwpYRUtT2h3qGluL++bNJ7qY=","epRSxzuPA5t48lVqzG8Zzpe6SXlOzIpEf2AuVe0brkA=","legacyData"
"31cacc3e-cf33-454a-ab7c-a5b0e74cf012","RMNP_042.basePlot.vst","2018-08-29","vst_RMNP_2017","D10","RMNP","RMNP_042",,"NEON.PLA.D10.RMNP.01670","ok","single bole tree","Live",16.4,130,10.1,,,,,,,,,,,,,"rqshhe/SUgyPwdITr9NIwpYRUtT2h3qGluL++bNJ7qY=","epRSxzuPA5t48lVqzG8Zzpe6SXlOzIpEf2AuVe0brkA=","legacyData"
"e1d4f441-4b8c-4b99-bb90-4107f0299561","RMNP_042.basePlot.vst","2018-08-29","vst_RMNP_2017","D10","RMNP","RMNP_042",,"NEON.PLA.D10.RMNP.02182","ok","single bole tree","Live, physically damaged",29.9,130,11.5,,,,,,,,,,,,"Scar- cause unknown","rqshhe/SUgyPwdITr9NIwpYRUtT2h3qGluL++bNJ7qY=","epRSxzuPA5t48lVqzG8Zzpe6SXlOzIpEf2AuVe0brkA=","legacyData"
"aaac5a4a-c0fb-4e28-961f-71934af8c058","RMNP_042.basePlot.vst","2018-08-29","vst_RMNP_2017","D10","RMNP","RMNP_042",,"NEON.PLA.D10.RMNP.02181","ok","single bole tree","Live, physically damaged",22.2,130,12.2,,,,,,,,,,,,"Scar- cause unknown","rqshhe/SUgyPwdITr9NIwpYRUtT2h3qGluL++bNJ7qY=","epRSxzuPA5t48lVqzG8Zzpe6SXlOzIpEf2AuVe0brkA=","legacyData"
"4cd4cd19-36e2-4063-a45a-6073bded6cef","RMNP_042.basePlot.vst","2018-08-29","vst_RMNP_2017","D10","RMNP","RMNP_042",,"NEON.PLA.D10.RMNP.02188","ok","sapling","Live",,,0.6,,,,,,,,1.0,10,,,,"rqshhe/SUgyPwdITr9NIwpYRUtT2h3qGluL++bNJ7qY=","epRSxzuPA5t48lVqzG8Zzpe6SXlOzIpEf2AuVe0brkA=","legacyData"
"06f49a08-d7f4-467d-bffa-405ef580fc26","RMNP_042.basePlot.vst","2018-08-29","vst_RMNP_2017","D10","RMNP","RMNP_042",,"NEON.PLA.D10.RMNP.02189","ok","sapling","Standing dead",,,0.4,,,,,,,,2.0,10,,,"Cause of death unknown","rqshhe/SUgyPwdITr9NIwpYRUtT2h3qGluL++bNJ7qY=","epRSxzuPA5t48lVqzG8Zzpe6SXlOzIpEf2AuVe0brkA=","legacyData"
"9866f247-4488-4770-8daa-523155dc1f2d","RMNP_042.basePlot.vst","2018-08-29","vst_RMNP_2017","D10","RMNP","RMNP_042",,"NEON.PLA.D10.RMNP.02345","ok","sapling","Live",,,0.8,,,,,,,,1.1,10,,,,"rqshhe/SUgyPwdITr9NIwpYRUtT2h3qGluL++bNJ7qY=","epRSxzuPA5t48lVqzG8Zzpe6SXlOzIpEf2AuVe0brkA=","legacyData"
"a8731c07-cb9a-4dea-8645-c1c1ddee53bd","RMNP_042.basePlot.vst","2018-08-29","vst_RMNP_2017","D10","RMNP","RMNP_042",,"NEON.PLA.D10.RMNP.02337","ok","single bole tree","Live",25.2,130,11.4,,,,,,,,,,,,,"rqshhe/SUgyPwdITr9NIwpYRUtT2h3qGluL++bNJ7qY=","epRSxzuPA5t48lVqzG8Zzpe6SXlOzIpEf2AuVe0brkA=","legacyData"
"7118fd7d-5155-40f0-8131-d4b5793daddf","RMNP_042.basePlot.vst","2018-08-29","vst_RMNP_2017","D10","RMNP","RMNP_042",,"NEON.PLA.D10.RMNP.02613","ok","sapling","Live",,,0.8,,,,,,,,1.0,10,,,,"rqshhe/SUgyPwdITr9NIwpYRUtT2h3qGluL++bNJ7qY=","epRSxzuPA5t48lVqzG8Zzpe6SXlOzIpEf2AuVe0brkA=","legacyData"
"151b08b0-1c9f-4828-bd93-28eed808ee50","RMNP_042.basePlot.vst","2018-08-29","vst_RMNP_2017","D10","RMNP","RMNP_042",,"NEON.PLA.D10.RMNP.02617","ok","sapling","Live",,,0.9,,,,,,,,1.4,10,,,,"rqshhe/SUgyPwdITr9NIwpYRUtT2h3qGluL++bNJ7qY=","epRSxzuPA5t48lVqzG8Zzpe6SXlOzIpEf2AuVe0brkA=","legacyData"
"db8e2a87-762e-4cae-848e-ef89a3101e58","RMNP_042.basePlot.vst","2018-08-29","vst_RMNP_2017","D10","RMNP","RMNP_042",,"NEON.PLA.D10.RMNP.02362","ok","small shrub","Live",,,0.4,,,,3.1,2.5,,"oblate half-sphere",2.2,10,,,,"rqshhe/SUgyPwdITr9NIwpYRUtT2h3qGluL++bNJ7qY=","epRSxzuPA5t48lVqzG8Zzpe6SXlOzIpEf2AuVe0brkA=","legacyData"
"e4ff663f-90ee-481a-9ef4-6648fba91382","RMNP_042.basePlot.vst","2018-08-29","vst_RMNP_2017","D10","RMNP","RMNP_042",,"NEON.PLA.D10.RMNP.02340","ok","single bole tree","Live",28.9,130,11.9,,,,,,,,,,,,,"rqshhe/SUgyPwdITr9NIwpYRUtT2h3qGluL++bNJ7qY=","epRSxzuPA5t48lVqzG8Zzpe6SXlOzIpEf2AuVe0brkA=","legacyData"
"b5db569e-e1f6-4a0c-8323-9a2ef4017d73","RMNP_042.basePlot.vst","2018-08-29","vst_RMNP_2017","D10","RMNP","RMNP_042",,"NEON.PLA.D10.RMNP.02362","ok","small shrub","Live",,,0.4,,,,3.1,2.5,,"oblate half-sphere",1.2,10,,,,"rqshhe/SUgyPwdITr9NIwpYRUtT2h3qGluL++bNJ7qY=","epRSxzuPA5t48lVqzG8Zzpe6SXlOzIpEf2AuVe0brkA=","legacyData"
"566e84f2-1519-44da-b86f-12ca582b4690","RMNP_042.basePlot.vst","2018-08-29","vst_RMNP_2017","D10","RMNP","RMNP_042",,"NEON.PLA.D10.RMNP.02338","ok","single bole tree","Live",14.0,130,6.4,,,,,,,,,,,,,"rqshhe/SUgyPwdITr9NIwpYRUtT2h3qGluL++bNJ7qY=","epRSxzuPA5t48lVqzG8Zzpe6SXlOzIpEf2AuVe0brkA=","legacyData"
"184ae50b-2e8f-40c0-9118-a75581299f25","RMNP_042.basePlot.vst","2018-08-29","vst_RMNP_2017","D10","RMNP","RMNP_042",,"NEON.PLA.D10.RMNP.02350","ok","sapling","Live, broken bole",,,0.4,,,,,,,,2.2,10,,,"Top of stem snapped","rqshhe/SUgyPwdITr9NIwpYRUtT2h3qGluL++bNJ7qY=","epRSxzuPA5t48lVqzG8Zzpe6SXlOzIpEf2AuVe0brkA=","legacyData"
"b3034dd3-c6b9-4702-89f4-d6ed679a7119","RMNP_042.basePlot.vst","2018-08-29","vst_RMNP_2017","D10","RMNP","RMNP_042",,"NEON.PLA.D10.RMNP.04107","ok","sapling","Live",,,0.9,,,,,,,,1.2,10,,,,"rqshhe/SUgyPwdITr9NIwpYRUtT2h3qGluL++bNJ7qY=","epRSxzuPA5t48lVqzG8Zzpe6SXlOzIpEf2AuVe0brkA=","legacyData"
