uid,namedLocation,domainID,siteID,plotID,plotType,nlcdClass,decimalLatitude,decimalLongitude,geodeticDatum,coordinateUncertainty,elevation,elevationUncertainty,collectDate,eventID,sampleID,sampleCode,samplingMethod,totalSampledArea,targetTaxaPresent,adultCount,nymphCount,larvaCount,sampleCondition,samplingProtocolVersion,measuredBy,remarks
"4b814c86-899c-475f-b215-0353c0c9b859","CLBJ_034.tickPlot.tck","D11","CLBJ","CLBJ_034","distributed","grasslandHerbaceous",33.320090,-97.578537,"WGS84",20.0,325.2,0.0,"2016-09-27T13:40Z","CLBJ.2016.39",,,"drag and flag",130,"N",0,0,0,"No known compromise","NEON.DOC.014045vG","jrpOJzTntmXy0Hq0KXCTNE1a7gqPknkI",
"0d6f8252-7b05-4838-9084-270edcd45a82","CLBJ_036.tickPlot.tck","D11","CLBJ","CLBJ_036","distributed","grasslandHerbaceous",33.396494,-97.580919,"WGS84",20.1,289.5,0.1,"2016-09-27T14:30Z","CLBJ.2016.39",,,"drag and flag",160,"N",0,0,0,"No known compromise","NEON.DOC.014045vG","jrpOJzTntmXy0Hq0KXCTNE1a7gqPknkI",
"ae65856c-35db-4799-897a-1c9b9a92ec6d","CLBJ_032.tickPlot.tck","D11","CLBJ","CLBJ_032","distributed","grasslandHerbaceous",33.405176,-97.595129,"WGS84",20.1,294.7,0.1,"2016-09-27T15:05Z","CLBJ.2016.39",,,"drag",160,"N",0,0,0,"No known compromise","NEON.DOC.014045vG","jrpOJzTntmXy0Hq0KXCTNE1a7gqPknkI",
"cf8d63c6-02bb-435e-82f7-64adbb10f045","CLBJ_043.tickPlot.tck","D11","CLBJ","CLBJ_043","distributed","deciduousForest",33.410406,-97.593713,"WGS84",20.1,285.9,0.1,"2016-09-27T15:32Z","CLBJ.2016.39",,,"drag and flag",160,"N",0,0,0,"No known compromise","NEON.DOC.014045vG","+iQvVZ4QDC/6AZ19AJv4/Z5pPlRFlUUb",
"848cfb50-dc6b-43aa-a7dd-50a3d3fb3425","CLBJ_033.tickPlot.tck","D11","CLBJ","CLBJ_033","distributed","deciduousForest",33.382288,-97.619783,"WGS84",20.1,305.5,0.1,"2016-09-27T16:14Z","CLBJ.2016.39",,,"drag and flag",145,"N",0,0,0,"No known compromise","NEON.DOC.014045vG","+iQvVZ4QDC/6AZ19AJv4/Z5pPlRFlUUb",
"0b574b23-f7b4-48ac-b86b-69bfabbd54df","CLBJ_040.tickPlot.tck","D11","CLBJ","CLBJ_040","distributed","deciduousForest",33.377571,-97.647238,"WGS84",20.1,328.9,0.1,"2016-09-27T16:47Z","CLBJ.2016.39",,,"drag and flag",100,"N",0,0,0,"No known compromise","NEON.DOC.014045vG","+iQvVZ4QDC/6AZ19AJv4/Z5pPlRFlUUb",
