uid,namedLocation,domainID,siteID,plotID,plotType,nlcdClass,decimalLatitude,decimalLongitude,geodeticDatum,coordinateUncertainty,elevation,elevationUncertainty,collectDate,eventID,sampleID,sampleCode,samplingMethod,totalSampledArea,targetTaxaPresent,adultCount,nymphCount,larvaCount,sampleCondition,samplingProtocolVersion,measuredBy,remarks
"c6a2fbc5-4fdf-4841-8354-6d546c60cf62","OSBS_022.tickPlot.tck","D03","OSBS","OSBS_022","distributed","emergentHerbaceousWetlands",29.688309,-81.961968,"WGS84",20.1,24.3,0.1,"2016-07-12T15:06Z","OSBS.2016.28","OSBS_022.20160712",,"drag and flag",160,"Y",1,0,0,"No known compromise","NEON.DOC.014045vG","SZd6jJU+PWukgvziuyetpzviWNuM2FzT",
"3064b29f-fb53-44da-888a-6a8ce9f8eeef","OSBS_004.tickPlot.tck","D03","OSBS","OSBS_004","distributed","evergreenForest",29.683402,-81.960449,"WGS84",20.3,42.4,0.4,"2016-07-12T15:38Z","OSBS.2016.28",,,"drag",160,"N",0,0,0,"No known compromise","NEON.DOC.014045vG","K+tJSr1+vfakLzRtMceLFR7MVx1xGtUA",
"6e80bd43-6521-498e-8349-0614beea7f33","OSBS_002.tickPlot.tck","D03","OSBS","OSBS_002","distributed","evergreenForest",29.703661,-81.958365,"WGS84",20.1,35.8,0.2,"2016-07-12T16:20Z","OSBS.2016.28","OSBS_002.20160712",,"drag and flag",160,"Y",1,0,0,"No known compromise","NEON.DOC.014045vG","SZd6jJU+PWukgvziuyetpzviWNuM2FzT",
"181bbfee-915f-4005-85a6-dd054dc84e99","OSBS_003.tickPlot.tck","D03","OSBS","OSBS_003","distributed","evergreenForest",29.693693,-81.947010,"WGS84",20.3,38.2,0.5,"2016-07-12T17:02Z","OSBS.2016.28","OSBS_003.20160712",,"drag and flag",160,"Y",1,8,167,"No known compromise","NEON.DOC.014045vG","K+tJSr1+vfakLzRtMceLFR7MVx1xGtUA",
"07bca2e2-60f1-46ab-ab78-7e38cb58191c","OSBS_005.tickPlot.tck","D03","OSBS","OSBS_005","distributed","woodyWetlands",29.697923,-82.025623,"WGS84",20.4,36.0,1.2,"2016-07-12T18:25Z","OSBS.2016.28","OSBS_005.20160712",,"drag and flag",180,"Y",1,22,19,"No known compromise","NEON.DOC.014045vG","SZd6jJU+PWukgvziuyetpzviWNuM2FzT",
"dbdbf7c9-fa9c-4d5f-a43d-b332cdfe5200","OSBS_001.tickPlot.tck","D03","OSBS","OSBS_001","distributed","woodyWetlands",29.704063,-82.008061,"WGS84",20.3,34.4,0.3,"2016-07-13T14:43Z","OSBS.2016.28","OSBS_001.20160713",,"drag and flag",160,"Y",1,12,43,"No known compromise","NEON.DOC.014045vG","K+tJSr1+vfakLzRtMceLFR7MVx1xGtUA","unable to complete on 20160712 due to time restrictions"
