uid,namedLocation,plotID,collectDate,identifiedDate,sampleID,subsampleID,scientificName,acceptedTaxonID,taxonRank,family,subfamily,tribe,subtribe,genus,subgenus,specificEpithet,infraspecificEpithet,identificationQualifier,identificationReferences,identificationProtocolVersion,scientificNameAuthorship,sexOrAge,individualCount,sampleCondition,archiveMedium,archiveFacilityID,deprecatedVialID,identifiedBy,laboratoryName,remarks
"70cf2e50-1f1e-4473-b9e3-80cdf81286ff","OSBS_022.tickPlot.tck","OSBS_022","2016-07-12T15:06Z","2017-06-09T16:00Z","OSBS_022.20160712","OSBS_022.20160712.AMBAME.F","Amblyomma americanum","AMBAME","species","Ixodidae",,,,"Amblyomma",,"americanum",,,"Cooley, R. A. and G. M. Kohls. 1944. The genus Amblyomma (ixodidae) in the United States. The Journal of Parasitology, 30(2):77-111.","GSU_tickIdentification_SOP_2016-11-01.pdf","Linnaeus","Female",1,"OK","RNA stabilization buffer","USNMENT00984659","OSBS_022.20160712.AMBAME.F","Lorenza Beati","Georgia Southern University",
"584a669d-69da-4329-a9e0-57113ed43365","OSBS_002.tickPlot.tck","OSBS_002","2016-07-12T16:20Z","2017-05-19T16:00Z","OSBS_002.20160712","OSBS_002.20160712.IXOSP.F","Ixodidae sp.","IXOSP","family","Ixodidae",,,,,,"sp.",,,,"GSU_tickIdentification_SOP_2016-11-01.pdf",,"Female",1,"OK","RNA stabilization buffer","USNMENT00984668","OSBS_002.20160712.F","Guy Hobbs","Georgia Southern University","Over invoice limit, will not be billed."
"51524248-3c81-4dce-9e12-e41732881a60","OSBS_003.tickPlot.tck","OSBS_003","2016-07-12T17:02Z","2017-06-12T16:00Z","OSBS_003.20160712","OSBS_003.20160712.AMBAME.N","Amblyomma americanum","AMBAME","species","Ixodidae",,,,"Amblyomma",,"americanum",,,"Cooley, R. A. and G. M. Kohls. 1944. The genus Amblyomma (ixodidae) in the United States. The Journal of Parasitology, 30(2):77-111.","GSU_tickIdentification_SOP_2016-11-01.pdf","Linnaeus","Nymph",9,"OK","RNA stabilization buffer","USNMENT00984670","OSBS_003.20160712.AMBAME.N","Lorenza Beati","Georgia Southern University",
"56b9eea8-d75b-4b9b-bdb9-d8de89e70e28","OSBS_003.tickPlot.tck","OSBS_003","2016-07-12T17:02Z","2017-06-12T16:00Z","OSBS_003.20160712","OSBS_003.20160712.AMBAME.F","Amblyomma americanum","AMBAME","species","Ixodidae",,,,"Amblyomma",,"americanum",,,"Cooley, R. A. and G. M. Kohls. 1944. The genus Amblyomma (ixodidae) in the United States. The Journal of Parasitology, 30(2):77-111.","GSU_tickIdentification_SOP_2016-11-01.pdf","Linnaeus","Female",1,"OK","RNA stabilization buffer","USNMENT00984671","OSBS_003.20160712.AMBAME.F","Lorenza Beati","Georgia Southern University",
"76e7b15a-4369-4879-a9e0-0ce61b5b6743","OSBS_003.tickPlot.tck","OSBS_003","2016-07-12T17:02Z","2017-05-19T16:00Z","OSBS_003.20160712","OSBS_003.20160712.IXOSP.L","Ixodidae sp.","IXOSP","family","Ixodidae",,,,,,"sp.",,,,"GSU_tickIdentification_SOP_2016-11-01.pdf",,"Larva",1,"OK","RNA stabilization buffer","USNMENT00984669","OSBS_003.20160712.L","Guy Hobbs","Georgia Southern University","Over invoice limit, will not be billed."
"36c75d9d-76e4-41bc-ab9e-3b42d1fba096","OSBS_005.tickPlot.tck","OSBS_005","2016-07-12T18:25Z","2017-06-09T16:00Z","OSBS_005.20160712","OSBS_005.20160712.AMBAME.N","Amblyomma americanum","AMBAME","species","Ixodidae",,,,"Amblyomma",,"americanum",,,"Cooley, R. A. and G. M. Kohls. 1944. The genus Amblyomma (ixodidae) in the United States. The Journal of Parasitology, 30(2):77-111.","GSU_tickIdentification_SOP_2016-11-01.pdf","Linnaeus","Nymph",23,"OK","RNA stabilization buffer","USNMENT00984673","OSBS_005.20160712.AMBAME.N","Lorenza Beati","Georgia Southern University","barcode switched? Contained 10 nymphs, Over invoice limit, will not be billed."
"50bb2817-258d-46de-b729-aead4617226f","OSBS_005.tickPlot.tck","OSBS_005","2016-07-12T18:25Z","2017-06-09T16:00Z","OSBS_005.20160712","OSBS_005.20160712.AMBAME.M","Amblyomma americanum","AMBAME","species","Ixodidae",,,,"Amblyomma",,"americanum",,,"Cooley, R. A. and G. M. Kohls. 1944. The genus Amblyomma (ixodidae) in the United States. The Journal of Parasitology, 30(2):77-111.","GSU_tickIdentification_SOP_2016-11-01.pdf","Linnaeus","Male",1,"OK","RNA stabilization buffer","USNMENT00984674","OSBS_005.20160712.AMBAME.M","Lorenza Beati","Georgia Southern University",
"3d5f14e5-eed1-48e3-afd1-66a4f3fe377d","OSBS_005.tickPlot.tck","OSBS_005","2016-07-12T18:25Z","2017-05-17T16:00Z","OSBS_005.20160712","OSBS_005.20160712.IXOSP.L","Ixodidae sp.","IXOSP","family","Ixodidae",,,,,,"sp.",,,,"GSU_tickIdentification_SOP_2016-11-01.pdf",,"Larva",1,"OK","RNA stabilization buffer","USNMENT00984672","OSBS_005.20160712.L","Guy Hobbs","Georgia Southern University","Over invoice limit, will not be billed."
"4e08c949-b43a-4263-a8e0-2e7a162f2e28","OSBS_001.tickPlot.tck","OSBS_001","2016-07-13T14:43Z","2017-05-19T16:00Z","OSBS_001.20160713","OSBS_001.20160713.IXOSP.M","Ixodidae sp.","IXOSP","family","Ixodidae",,,,,,"sp.",,,,"GSU_tickIdentification_SOP_2016-11-01.pdf",,"Male",1,"OK","RNA stabilization buffer","USNMENT00984665","OSBS_001.20160713.M","Guy Hobbs","Georgia Southern University","Over invoice limit, will not be billed."
"e151cbe8-fcd3-4347-940b-17d1da8e74a2","OSBS_001.tickPlot.tck","OSBS_001","2016-07-13T14:43Z","2017-05-19T16:00Z","OSBS_001.20160713","OSBS_001.20160713.IXOSP.L","Ixodidae sp.","IXOSP","family","Ixodidae",,,,,,"sp.",,,,"GSU_tickIdentification_SOP_2016-11-01.pdf",,"Larva",1,"OK","RNA stabilization buffer","USNMENT00984667","OSBS_001.20160713.L","Guy Hobbs","Georgia Southern University","Over invoice limit, will not be billed."
"2e6ae98a-599d-4702-9f77-86ed9a8023ea","OSBS_001.tickPlot.tck","OSBS_001","2016-07-13T14:43Z","2017-05-19T16:00Z","OSBS_001.20160713","OSBS_001.20160713.AMBAME.N","Amblyomma americanum","AMBAME","species","Ixodidae",,,,"Amblyomma",,"americanum",,,"Cooley, R. A. and G. M. Kohls. 1944. The genus Amblyomma (ixodidae) in the United States. The Journal of Parasitology, 30(2):77-111.","GSU_tickIdentification_SOP_2016-11-01.pdf","Linnaeus","Nymph",11,"OK","RNA stabilization buffer","USNMENT00984666","OSBS_001.20160713.AMBAME.N","Lorenza Beati","Georgia Southern University","barcode switched? Contained 23 nymphs, Over invoice limit, will not be billed."
