uid,namedLocation,domainID,siteID,plotID,plotType,nlcdClass,decimalLatitude,decimalLongitude,geodeticDatum,coordinateUncertainty,elevation,elevationUncertainty,collectDate,eventID,sampleID,sampleCode,samplingMethod,totalSampledArea,targetTaxaPresent,adultCount,nymphCount,larvaCount,sampleCondition,samplingProtocolVersion,measuredBy,remarks
"23c924f7-5422-4d68-8624-fa601f45cf5b","TALL_001.tickPlot.tck","D08","TALL","TALL_001","distributed","deciduousForest",32.976370,-87.432184,"WGS84",20.2,114.6,0.1,"2017-03-15T14:18Z","TALL.2017.11",,,"drag",160,"N",0,0,0,"No known compromise","NEON.DOC.014045vG","71MfCy+FRstpZer5T0iw8M+PBSzABHAbojUJO96sh64=",
"afbf5b2d-b1b0-47e9-9ac1-5cd490626424","TALL_002.tickPlot.tck","D08","TALL","TALL_002","distributed","mixedForest",32.920823,-87.428955,"WGS84",20.3,104.0,0.4,"2017-03-15T14:21Z","TALL.2017.11","TALL_002.20170315",,"drag",160,"Y",0,2,0,"No known compromise","NEON.DOC.014045vG","qv2hryw2aAHcRZnU/CeJIVfNxxJegRBH",
"14def88a-548a-4ff8-87c9-78bf8acd035e","TALL_016.tickPlot.tck","D08","TALL","TALL_016","distributed","evergreenForest",32.971553,-87.415845,"WGS84",20.1,138.9,0.1,"2017-03-15T15:31Z","TALL.2017.11",,,"drag",160,"N",0,0,0,"No known compromise","NEON.DOC.014045vG","VlGS9knfep4oIPmMdzrYPvhmhmcAnEWcmbTWayWKGyM=",
"0d58ae8d-f017-4509-bd0a-fcca0525f32e","TALL_008.tickPlot.tck","D08","TALL","TALL_008","distributed","deciduousForest",32.922874,-87.434097,"WGS84",20.2,127.5,0.2,"2017-03-15T15:31Z","TALL.2017.11",,,"drag",160,"N",0,0,0,"No known compromise","NEON.DOC.014045vG","qv2hryw2aAHcRZnU/CeJIVfNxxJegRBH",
"e2f667ad-6b03-41ba-a130-1121fc09ab64","TALL_003.tickPlot.tck","D08","TALL","TALL_003","distributed","mixedForest",32.894415,-87.416532,"WGS84",20.2,121.9,0.2,"2017-03-15T16:39Z","TALL.2017.11",,,"drag",160,"N",0,0,0,"No known compromise","NEON.DOC.014045vG","qv2hryw2aAHcRZnU/CeJIVfNxxJegRBH",
"081c36eb-ba1d-4782-b047-4b15793655cf","TALL_006.tickPlot.tck","D08","TALL","TALL_006","distributed","evergreenForest",32.899144,-87.444571,"WGS84",20.3,108.6,0.3,"2017-03-15T17:59Z","TALL.2017.11",,,"drag and flag",160,"N",0,0,0,"No known compromise","NEON.DOC.014045vG","Ty5ktdGiRSp05LT6y3oRIJX9t8YK1JGMhptSFXGHZWc=",
