uid,namedLocation,date,eventID,domainID,siteID,plotID,subplotID,individualID,tagStatus,growthForm,plantStatus,stemDiameter,measurementHeight,height,baseCrownHeight,breakHeight,breakDiameter,maxCrownDiameter,ninetyCrownDiameter,canopyPosition,shape,basalStemDiameter,basalStemDiameterMsrmntHeight,maxBaseCrownDiameter,ninetyBaseCrownDiameter,remarks,recordedBy,measuredBy,dataQF
"37ed1305-b463-4f86-b672-912258157aee","MOAB_067.basePlot.vst","2014-04-20","vst_MOAB_2014","D13","MOAB","MOAB_067",,"NEON.PLA.D13.MOAB.00015",,"small shrub","Live",,,0.7,,,,0.9,0.3,"Open grown","oblate half-sphere",,,,,,"SVlrLvG6MQgHNcX9a6cN9XT/1zjcedhM","tlMoIdYkoo4/frSr+TOZz6pAAC/bv59I","legacyData"
"8365cd27-2b63-4783-ae19-c10b217895d5","MOAB_067.basePlot.vst","2014-04-20","vst_MOAB_2014","D13","MOAB","MOAB_067",,"NEON.PLA.D13.MOAB.00011",,"small shrub","Live",,,0.4,,,,0.5,0.4,"Open grown","half-sphere",,,,,,"SVlrLvG6MQgHNcX9a6cN9XT/1zjcedhM","tlMoIdYkoo4/frSr+TOZz6pAAC/bv59I","legacyData"
"010ccad6-ee71-457c-8000-b11718661b02","MOAB_067.basePlot.vst","2014-04-20","vst_MOAB_2014","D13","MOAB","MOAB_067",,"NEON.PLA.D13.MOAB.00013",,"small shrub","Live,  other damage",,,1.3,,,,2.9,1.4,"Open grown","oblate half-sphere",,,,,,"SVlrLvG6MQgHNcX9a6cN9XT/1zjcedhM","tlMoIdYkoo4/frSr+TOZz6pAAC/bv59I","legacyData"
"0d52e818-f729-46cc-9d04-164dcfb6c88b","MOAB_067.basePlot.vst","2014-04-20","vst_MOAB_2014","D13","MOAB","MOAB_067",,"NEON.PLA.D13.MOAB.00012",,"small shrub","Live,  other damage",,,0.8,,,,2.5,1.5,"Open grown","oblate half-sphere",,,,,,"SVlrLvG6MQgHNcX9a6cN9XT/1zjcedhM","tlMoIdYkoo4/frSr+TOZz6pAAC/bv59I","legacyData"
"c1a83aed-0f10-411f-b336-c71af9d2259f","MOAB_067.basePlot.vst","2014-04-20","vst_MOAB_2014","D13","MOAB","MOAB_067",,"NEON.PLA.D13.MOAB.00014",,"small shrub","Live",,,0.9,,,,0.7,0.5,"Open grown","half-sphere",,,,,,"SVlrLvG6MQgHNcX9a6cN9XT/1zjcedhM","tlMoIdYkoo4/frSr+TOZz6pAAC/bv59I","legacyData"
