uid,namedLocation,domainID,siteID,plotID,plotType,nlcdClass,decimalLatitude,decimalLongitude,geodeticDatum,coordinateUncertainty,elevation,elevationUncertainty,collectDate,eventID,sampleID,sampleCode,samplingMethod,totalSampledArea,targetTaxaPresent,adultCount,nymphCount,larvaCount,sampleCondition,samplingProtocolVersion,measuredBy,remarks
"deb375c7-d8a1-44ac-806e-1b3be72321ca","DSNY_006.tickPlot.tck","D03","DSNY","DSNY_006","distributed","woodyWetlands",28.093704,-81.398045,"WGS84",20.1,20.1,0.1,"2015-06-18T15:25Z","DSNY.2015.24",,,"drag and flag",138,"N",0,0,,,"NEON.DOC.014045vF","PO+gLcqpgG7cwX7jzRiLiaHduufjdnRW",
"88df8c64-bd1f-42e0-b548-d2dfe20a15fc","DSNY_004.tickPlot.tck","D03","DSNY","DSNY_004","distributed","woodyWetlands",28.101022,-81.399501,"WGS84",20.1,18.7,0.1,"2015-06-18T16:15Z","DSNY.2015.24",,,"drag and flag",156,"N",0,0,,,"NEON.DOC.014045vF","PO+gLcqpgG7cwX7jzRiLiaHduufjdnRW",
"df2881d1-d83a-4e16-bd45-3a44dd46532b","DSNY_001.tickPlot.tck","D03","DSNY","DSNY_001","distributed","woodyWetlands",28.098062,-81.418561,"WGS84",20.1,20.3,0.1,"2015-06-18T17:17Z","DSNY.2015.24",,,"drag and flag",144,"N",0,0,,,"NEON.DOC.014045vF","PO+gLcqpgG7cwX7jzRiLiaHduufjdnRW",
"77cc0d56-1cbc-4b4c-bffa-a0cc3eaa546b","DSNY_014.tickPlot.tck","D03","DSNY","DSNY_014","distributed","woodyWetlands",28.063947,-81.427139,"WGS84",20.2,17.7,0.2,"2015-06-18T20:40Z","DSNY.2015.24",,,"drag and flag",130,"N",0,0,,,"NEON.DOC.014045vF","PO+gLcqpgG7cwX7jzRiLiaHduufjdnRW",
"a7127385-238b-47c0-8df1-8c5ddc692f87","DSNY_008.tickPlot.tck","D03","DSNY","DSNY_008","distributed","woodyWetlands",28.047337,-81.403204,"WGS84",20.1,18.8,0.1,"2015-06-18T22:20Z","DSNY.2015.24",,,"drag and flag",166,"N",0,0,,,"NEON.DOC.014045vF","PO+gLcqpgG7cwX7jzRiLiaHduufjdnRW",
