uid,namedLocation,domainID,siteID,plotID,plotType,nlcdClass,decimalLatitude,decimalLongitude,geodeticDatum,coordinateUncertainty,elevation,elevationUncertainty,collectDate,eventID,sampleID,sampleCode,samplingMethod,totalSampledArea,targetTaxaPresent,adultCount,nymphCount,larvaCount,sampleCondition,samplingProtocolVersion,measuredBy,remarks
"c83cfdd8-93f5-4fb9-818e-20545195d911","MOAB_001.tickPlot.tck","D13","MOAB","MOAB_001","distributed","shrubScrub",38.258888,-109.413897,"WGS84",20.1,1804.0,0.1,"2016-09-08T08:23Z","MOAB.2016.36",,,"drag and flag",165,"N",0,0,0,"No known compromise","NEON.DOC.014045vG","f8IsU9r3wsV/xEx/MhT4lhzyIc4pDu8r",
"a1635c9d-9a40-4546-a1b6-e7b9e8990552","MOAB_003.tickPlot.tck","D13","MOAB","MOAB_003","distributed","evergreenForest",38.261626,-109.347802,"WGS84",20.2,2013.4,0.5,"2016-09-08T14:00Z","MOAB.2016.36",,,"drag and flag",164,"N",0,0,0,"No known compromise","NEON.DOC.014045vG","sxK1eMW53CxRI/0OI2rpx5YWCMgwt0VV",
"548769e2-ab58-4018-87da-fabb3a605ab5","MOAB_005.tickPlot.tck","D13","MOAB","MOAB_005","distributed","shrubScrub",38.210851,-109.402026,"WGS84",20.1,1763.5,0.1,"2016-09-08T15:38Z","MOAB.2016.36",,,"drag and flag",163,"N",0,0,0,"No known compromise","NEON.DOC.014045vG","sxK1eMW53CxRI/0OI2rpx5YWCMgwt0VV",
"f904806c-eeba-48e0-8d3b-6c025661129a","MOAB_002.tickPlot.tck","D13","MOAB","MOAB_002","distributed","shrubScrub",38.211659,-109.413380,"WGS84",20.1,1770.3,0.1,"2016-09-08T17:00Z","MOAB.2016.36",,,"drag and flag",162,"N",0,0,0,"No known compromise","NEON.DOC.014045vG","f8IsU9r3wsV/xEx/MhT4lhzyIc4pDu8r",
"81fb777d-b60c-4a05-ace0-6bcf481af3d2","MOAB_006.tickPlot.tck","D13","MOAB","MOAB_006","distributed","shrubScrub",38.235080,-109.406067,"WGS84",20.1,1759.8,0.1,"2016-09-08T18:40Z","MOAB.2016.36",,,"drag and flag",162,"N",0,0,0,"No known compromise","NEON.DOC.014045vG","DNdu0A4LGDcvp4VdeZYOWbz/wmYJi1nh",
"345993ff-4bd8-4eff-995a-15a9d4e97115","MOAB_004.tickPlot.tck","D13","MOAB","MOAB_004","distributed","shrubScrub",38.234505,-109.398111,"WGS84",20.1,1763.9,0.1,"2016-09-08T19:20Z","MOAB.2016.36",,,"drag and flag",161,"N",0,0,0,"No known compromise","NEON.DOC.014045vG","f8IsU9r3wsV/xEx/MhT4lhzyIc4pDu8r",
