uid,namedLocation,domainID,siteID,plotID,plotType,nlcdClass,decimalLatitude,decimalLongitude,geodeticDatum,coordinateUncertainty,elevation,elevationUncertainty,collectDate,eventID,sampleID,sampleCode,samplingMethod,totalSampledArea,targetTaxaPresent,adultCount,nymphCount,larvaCount,sampleCondition,samplingProtocolVersion,measuredBy,remarks
"abc388c2-c66a-4aaf-91d9-cacdaee97250","GUAN_031.tickPlot.tck","D04","GUAN","GUAN_031","distributed","evergreenForest",17.962171,-66.844084,"WGS84",6.4,43.4,0.1,"2018-04-18T12:38Z","GUAN.2018.16",,,"drag and flag",116,"N",0,0,0,,"NEON.DOC.014045vJ","llBB5GilomiL3H9rNtINJeX8UHMAu+L47sXe3XmgpK0=",
"5761440a-d974-4d05-b6b1-02d40ed4150f","GUAN_064.tickPlot.tck","D04","GUAN","GUAN_064","distributed","evergreenForest",17.969936,-66.850735,"WGS84",7.1,117.7,2.6,"2018-04-18T13:45Z","GUAN.2018.16",,,"drag and flag",160,"N",0,0,0,,"NEON.DOC.014045vJ","zPBe+8pzAK3Kf4/L2qJV36CjLL5KpYr+dJur8mfsxKJSqtDZzH3Glg==",
"e880449d-d104-4ee7-b4d4-a7692ae3d14e","GUAN_065.tickPlot.tck","D04","GUAN","GUAN_065","distributed","evergreenForest",17.972714,-66.873134,"WGS84",6.6,187.3,0.5,"2018-04-18T14:40Z","GUAN.2018.16",,,"drag and flag",148,"N",0,0,0,,"NEON.DOC.014045vJ","llBB5GilomiL3H9rNtINJeX8UHMAu+L47sXe3XmgpK0=",
"bb76e986-384b-41ca-a584-b7a3adb19e39","GUAN_002.tickPlot.tck","D04","GUAN","GUAN_002","distributed","evergreenForest",17.972295,-66.826103,"WGS84",6.6,87.8,0.3,"2018-04-20T12:21Z","GUAN.2018.16",,,"flag",118,"N",0,0,0,,"NEON.DOC.014045vJ","QjwsLT3YRXx+TelENx9vJ7FMic9R92PL+RnliRZlh40MgCJEP1oVEw==",
"0cb0d979-bf0c-4ef5-910b-8af32e3a3fa0","GUAN_006.tickPlot.tck","D04","GUAN","GUAN_006","distributed","evergreenForest",17.964057,-66.875100,"WGS84",6.5,84.5,0.3,"2018-04-20T13:53Z","GUAN.2018.16",,,"drag",160,"N",0,0,0,,"NEON.DOC.014045vJ","QjwsLT3YRXx+TelENx9vJ7FMic9R92PL+RnliRZlh40MgCJEP1oVEw==",
"bca0f338-8b1e-4dd3-8030-36b138e618ef","GUAN_066.tickPlot.tck","D04","GUAN","GUAN_066","distributed","evergreenForest",17.974132,-66.879606,"WGS84",6.5,197.3,0.2,"2018-04-20T14:40Z","GUAN.2018.16",,,"drag",160,"N",0,0,0,,"NEON.DOC.014045vJ","QjwsLT3YRXx+TelENx9vJ7FMic9R92PL+RnliRZlh40MgCJEP1oVEw==",
