uid,namedLocation,domainID,siteID,plotID,plotType,nlcdClass,decimalLatitude,decimalLongitude,geodeticDatum,coordinateUncertainty,elevation,elevationUncertainty,collectDate,eventID,sampleID,sampleCode,samplingMethod,totalSampledArea,targetTaxaPresent,adultCount,nymphCount,larvaCount,sampleCondition,samplingProtocolVersion,measuredBy,remarks
"0f655bd9-9997-4e44-83a4-848e80e29347","ORNL_002.tickPlot.tck","D07","ORNL","ORNL_002","distributed","deciduousForest",35.983090,-84.211654,"WGS84",20.3,338.6,0.5,"2015-12-10T17:00Z","ORNL.2015.49","ORNL_002.20151210",,"drag and flag",160,"Y",1,0,5,"No known compromise","NEON.DOC.014045vF","WmAojBj4q9lPhur9nwi+LcYtlz/DsGor",
"23399b4a-12a5-4d6a-8935-b628474976e4","ORNL_040.tickPlot.tck","D07","ORNL","ORNL_040","distributed","evergreenForest",35.975525,-84.305103,"WGS84",20.2,273.2,0.2,"2015-12-10T17:13Z","ORNL.2015.49","ORNL_040.20151210",,"drag",165,"Y",0,0,68,"No known compromise","NEON.DOC.014045vF","EY6DvO8NpI5lJHYW3QnRiw31VQzGQ6ke",
"5e745c2f-b382-482e-a455-d686fc725b82","ORNL_009.tickPlot.tck","D07","ORNL","ORNL_009","distributed","deciduousForest",35.974902,-84.226630,"WGS84",20.2,337.1,0.2,"2015-12-10T17:50Z","ORNL.2015.49",,,"drag",150,"N",0,0,,,"NEON.DOC.014045vF","WmAojBj4q9lPhur9nwi+LcYtlz/DsGor",
"afa61d48-0817-400b-a6c7-e68be022ef3b","ORNL_008.tickPlot.tck","D07","ORNL","ORNL_008","distributed","deciduousForest",35.933531,-84.334016,"WGS84",20.3,322.7,0.3,"2015-12-10T18:00Z","ORNL.2015.49",,,"drag",160,"N",0,0,,,"NEON.DOC.014045vF","EY6DvO8NpI5lJHYW3QnRiw31VQzGQ6ke",
"aff17f1e-efed-47d8-9b03-fe014da2b0c5","ORNL_007.tickPlot.tck","D07","ORNL","ORNL_007","distributed","deciduousForest",35.925843,-84.328420,"WGS84",20.2,279.4,0.5,"2015-12-10T18:30Z","ORNL.2015.49","ORNL_007.20151210",,"drag and flag",165,"Y",3,1,,"No known compromise","NEON.DOC.014045vF","EY6DvO8NpI5lJHYW3QnRiw31VQzGQ6ke",
"a451b2fa-0a90-4096-b01d-d2f56ca02a34","ORNL_003.tickPlot.tck","D07","ORNL","ORNL_003","distributed","deciduousForest",35.967011,-84.229849,"WGS84",20.2,275.5,0.2,"2015-12-10T18:30Z","ORNL.2015.49",,,"drag and flag",140,"N",0,0,,,"NEON.DOC.014045vF","WmAojBj4q9lPhur9nwi+LcYtlz/DsGor",
