uid,namedLocation,plotID,collectDate,identifiedDate,sampleID,subsampleID,scientificName,acceptedTaxonID,taxonRank,family,subfamily,tribe,subtribe,genus,subgenus,specificEpithet,infraspecificEpithet,identificationQualifier,identificationReferences,identificationProtocolVersion,scientificNameAuthorship,sexOrAge,individualCount,sampleCondition,archiveMedium,archiveFacilityID,deprecatedVialID,identifiedBy,laboratoryName,remarks
"062919c2-9205-4c1e-a919-ea6b0e0508a6","ORNL_002.tickPlot.tck","ORNL_002","2015-12-10T17:00Z","2016-10-31T16:00Z","ORNL_002.20151210","ORNL_002.20151210.IXOSCA.M","Ixodes scapularis","IXOSCA","species","Ixodidae",,,,"Ixodes",,"scapularis",,,"Keirans, J. E., and C. M. Clifford. 1978. The genus Ixodes in the United States: a scanning electron microscope study and key to the adults. Journal of Medical Entomology, 15(Supplement 2):1-38.","GSU_tickIdentification_SOP_2016-11-01.pdf","Say","Male",1,"OK","90% ethanol","USNMENT00865217","ORNL_002.20151210.11.1.male","L. Beati","Georgia Southern University",
"e5fddd4c-1fa6-4051-8477-f51761b06b69","ORNL_002.tickPlot.tck","ORNL_002","2015-12-10T17:00Z","2016-10-31T16:00Z","ORNL_002.20151210","ORNL_002.20151210.IXOSP.L","Ixodidae sp.","IXOSP","family","Ixodidae",,,,,,"sp.",,,,"GSU_tickIdentification_SOP_2016-11-01.pdf",,"Larva",1,"OK","90% ethanol","USNMENT00865216","ORNL_002.20151210.11.1.larvae","L. Beati","Georgia Southern University",
"73f91030-ca4d-4c1e-abf7-cf0a500dbe8c","ORNL_007.tickPlot.tck","ORNL_007","2015-12-10T18:30Z","2016-10-31T16:00Z","ORNL_007.20151210","ORNL_007.20151210.IXOSCA.M","Ixodes scapularis","IXOSCA","species","Ixodidae",,,,"Ixodes",,"scapularis",,,"Keirans, J. E., and C. M. Clifford. 1978. The genus Ixodes in the United States: a scanning electron microscope study and key to the adults. Journal of Medical Entomology, 15(Supplement 2):1-38.","GSU_tickIdentification_SOP_2016-11-01.pdf","Say","Male",2,"OK","90% ethanol","USNMENT00865277","ORNL_007.20151210.11.1.male","L. Beati","Georgia Southern University",
"86c7041a-192a-49e0-9400-722f6fb94ba0","ORNL_007.tickPlot.tck","ORNL_007","2015-12-10T18:30Z","2016-10-31T16:00Z","ORNL_007.20151210","ORNL_007.20151210.IXOSCA.N","Ixodes scapularis","IXOSCA","species","Ixodidae",,,,"Ixodes",,"scapularis",,,"Keirans, J. E., and C. M. Clifford. 1978. The genus Ixodes in the United States: a scanning electron microscope study and key to the adults. Journal of Medical Entomology, 15(Supplement 2):1-38.","GSU_tickIdentification_SOP_2016-11-01.pdf","Say","Nymph",1,"OK","90% ethanol","USNMENT00865276","ORNL_007.20151210.11.1.Nymph","L. Beati","Georgia Southern University",
