uid,namedLocation,domainID,siteID,plotID,plotType,nlcdClass,decimalLatitude,decimalLongitude,geodeticDatum,coordinateUncertainty,elevation,elevationUncertainty,collectDate,eventID,sampleID,sampleCode,samplingMethod,totalSampledArea,targetTaxaPresent,adultCount,nymphCount,larvaCount,sampleCondition,samplingProtocolVersion,measuredBy,remarks
"77e68a76-81fe-4166-84d6-bc51310a5d5a","ABBY_005.tickPlot.tck","D16","ABBY","ABBY_005","distributed","shrubScrub",45.771976,-122.388089,"WGS84",20.1,492.2,0.1,"2018-06-01T17:07Z","ABBY.2018.22",,,"drag and flag",140,"N",0,0,0,,"NEON.DOC.014045vJ","9MpvHR97FuJo4gsLwNb5xoR0ZKgI4SjpD6yX9wK3zYo=","Plot poorly marked went wrong direction around obstruction"
"194d76c5-5f6f-436a-ab77-9e4c941117ca","ABBY_003.tickPlot.tck","D16","ABBY","ABBY_003","distributed","evergreenForest",45.760799,-122.371290,"WGS84",20.1,626.2,0.1,"2018-06-01T18:26Z","ABBY.2018.22",,,"drag and flag",160,"N",0,0,0,,"NEON.DOC.014045vJ","9MpvHR97FuJo4gsLwNb5xoR0ZKgI4SjpD6yX9wK3zYo=",
"db602d20-31be-4792-b185-133c93f46820","ABBY_023.tickPlot.tck","D16","ABBY","ABBY_023","distributed","mixedForest",45.745006,-122.383498,"WGS84",20.1,478.7,0.1,"2018-06-01T19:41Z","ABBY.2018.22",,,"drag and flag",140,"N",0,0,0,,"NEON.DOC.014045vJ","9MpvHR97FuJo4gsLwNb5xoR0ZKgI4SjpD6yX9wK3zYo=","Stream and behive blocking portions of plot line"
"771f6a4d-256c-4fd7-b71a-c0004d3c4ff8","ABBY_005.tickPlot.tck","D16","ABBY","ABBY_005","distributed","shrubScrub",45.771976,-122.388089,"WGS84",20.1,492.2,0.1,"2018-06-20T16:26Z","ABBY.2018.25","ABBY_005.20180620","D00000001967","drag and flag",160,"Y",1,0,0,"No known compromise","NEON.DOC.014045vJ","9MpvHR97FuJo4gsLwNb5xoR0ZKgI4SjpD6yX9wK3zYo=",
"b827cd19-29ca-4a09-a3d4-0f03c74cd812","ABBY_003.tickPlot.tck","D16","ABBY","ABBY_003","distributed","evergreenForest",45.760799,-122.371290,"WGS84",20.1,626.2,0.1,"2018-06-20T17:35Z","ABBY.2018.25",,,"drag and flag",160,"N",0,0,0,,"NEON.DOC.014045vJ","OUClN2UflHHWu9qdFpY9D1dsJ1ySIC5b4ekqpB1v1WA=",
"b1a939ad-d552-4036-9412-4a2c4d6875bf","ABBY_023.tickPlot.tck","D16","ABBY","ABBY_023","distributed","mixedForest",45.745006,-122.383498,"WGS84",20.1,478.7,0.1,"2018-06-20T18:46Z","ABBY.2018.25","ABBY_023.20180620","D00000001965","drag and flag",140,"Y",0,1,0,"No known compromise","NEON.DOC.014045vJ","OUClN2UflHHWu9qdFpY9D1dsJ1ySIC5b4ekqpB1v1WA=","Avoided stream and bees nest"
"9b14bf3a-456c-4ef2-b859-c66feae3191b","ABBY_002.tickPlot.tck","D16","ABBY","ABBY_002","distributed","grasslandHerbaceous",45.737854,-122.308292,"WGS84",20.1,651.1,0.1,"2018-06-20T20:40Z","ABBY.2018.25",,,"drag and flag",160,"N",0,0,0,,"NEON.DOC.014045vJ","OUClN2UflHHWu9qdFpY9D1dsJ1ySIC5b4ekqpB1v1WA=",
"aa26b377-d7bb-456e-ad29-126551ea4cbb","ABBY_001.tickPlot.tck","D16","ABBY","ABBY_001","distributed","evergreenForest",45.773172,-122.348101,"WGS84",20.1,294.3,0.2,"2018-06-20T21:38Z","ABBY.2018.25","ABBY_001.20180620","D00000001961","drag and flag",160,"Y",0,2,0,"No known compromise","NEON.DOC.014045vJ","9MpvHR97FuJo4gsLwNb5xoR0ZKgI4SjpD6yX9wK3zYo=",
"eb5bd78b-4ad4-4fc4-bace-9cfda6e1891d","ABBY_006.tickPlot.tck","D16","ABBY","ABBY_006","distributed","evergreenForest",45.752800,-122.297903,"WGS84",20.3,576.4,0.4,"2018-06-20T23:09Z","ABBY.2018.25","ABBY_006.20180620",,"drag and flag",160,"Y",0,1,0,"No known compromise","NEON.DOC.014045vJ","OUClN2UflHHWu9qdFpY9D1dsJ1ySIC5b4ekqpB1v1WA=",
