uid,namedLocation,domainID,siteID,plotID,plotType,nlcdClass,decimalLatitude,decimalLongitude,geodeticDatum,coordinateUncertainty,elevation,elevationUncertainty,collectDate,eventID,sampleID,sampleCode,samplingMethod,totalSampledArea,targetTaxaPresent,adultCount,nymphCount,larvaCount,sampleCondition,samplingProtocolVersion,measuredBy,remarks
"b9e4c865-ee64-4064-b94f-8f8a1a0f57e3","SJER_009.tickPlot.tck","D17","SJER","SJER_009","distributed","grasslandHerbaceous",37.118203,-119.740038,"WGS84",20.1,460.7,0.1,"2018-03-27T15:18Z","SJER.2018.13",,,"drag and flag",160,"N",0,0,0,,"NEON.DOC.014045vJ","Z4e9Ne7rk/uTNoVJ9k9lSxdHOctw66RHiXpD/hKXWu4=",
"5e2ad0f1-a8dc-437a-a548-40bdf89ac6da","SJER_008.tickPlot.tck","D17","SJER","SJER_008","distributed","evergreenForest",37.106830,-119.716047,"WGS84",20.1,420.6,0.1,"2018-03-27T16:30Z","SJER.2018.13",,,"drag and flag",160,"N",0,0,0,,"NEON.DOC.014045vJ","Z4e9Ne7rk/uTNoVJ9k9lSxdHOctw66RHiXpD/hKXWu4=",
"699fc597-7d65-4388-9b58-7e69e2870685","SJER_001.tickPlot.tck","D17","SJER","SJER_001","distributed","grasslandHerbaceous",37.107348,-119.721732,"WGS84",20.1,415.5,0.1,"2018-03-27T17:05Z","SJER.2018.13",,,"drag and flag",160,"N",0,0,0,,"NEON.DOC.014045vJ","Z4e9Ne7rk/uTNoVJ9k9lSxdHOctw66RHiXpD/hKXWu4=",
"f80d9418-6a6a-4f7a-a0f0-7f9123b5a9a5","SJER_002.tickPlot.tck","D17","SJER","SJER_002","distributed","grasslandHerbaceous",37.082062,-119.744707,"WGS84",20.1,327.7,0.1,"2018-03-27T18:14Z","SJER.2018.13",,,"drag",160,"N",0,0,0,,"NEON.DOC.014045vJ","ufHJAbfzMfx10DV1PRIUIKYPZTMI5iGzg3KtGl4bfKs=",
"b15a486a-a5c3-474f-a17a-2ab9d9192b90","SJER_025.tickPlot.tck","D17","SJER","SJER_025","distributed","shrubScrub",37.128253,-119.760989,"WGS84",20.1,425.6,0.1,"2018-03-27T19:05Z","SJER.2018.13",,,"drag and flag",160,"N",0,0,0,,"NEON.DOC.014045vJ","ufHJAbfzMfx10DV1PRIUIKYPZTMI5iGzg3KtGl4bfKs=",
"92cc5528-56ee-4cb7-9bef-b1c041b590af","SJER_007.tickPlot.tck","D17","SJER","SJER_007","distributed","grasslandHerbaceous",37.112815,-119.752224,"WGS84",20.1,419.1,0.1,"2018-03-27T19:52Z","SJER.2018.13",,,"drag and flag",160,"N",0,0,0,,"NEON.DOC.014045vJ","ufHJAbfzMfx10DV1PRIUIKYPZTMI5iGzg3KtGl4bfKs=",
