uid,namedLocation,domainID,siteID,plotID,plotType,nlcdClass,decimalLatitude,decimalLongitude,geodeticDatum,coordinateUncertainty,elevation,elevationUncertainty,collectDate,eventID,sampleID,sampleCode,samplingMethod,totalSampledArea,targetTaxaPresent,adultCount,nymphCount,larvaCount,sampleCondition,samplingProtocolVersion,measuredBy,remarks
"36ca45ff-35ac-4493-9a2c-755453784717","MOAB_003.tickPlot.tck","D13","MOAB","MOAB_003","distributed","evergreenForest",38.261626,-109.347802,"WGS84",20.2,2013.4,0.5,"2015-10-26T16:09Z","MOAB.2015.44",,,"drag and flag",165,"N",0,0,0,"No known compromise","NEON.DOC.014045vG","ce8X945k45orsD7Op+A1R0VZDTNjIA3X","Dev: 0.5 +0.5 +0.5 +0.5 +2.0 +0.5=4.5, Flag = 1.5m +1.0 +1.0 +3.0 +2.5 +3.0 +1.0 +0.5 +2.0 +0.5 +2.5 +0.25 +1.0+ 4.0=23.75m"
"d846560e-a21f-4a69-9722-1b96bb256941","MOAB_004.tickPlot.tck","D13","MOAB","MOAB_004","distributed","shrubScrub",38.234505,-109.398111,"WGS84",20.1,1763.9,0.1,"2015-10-26T17:31Z","MOAB.2015.44",,,"drag and flag",161,"N",0,0,0,"No known compromise","NEON.DOC.014045vG","ce8X945k45orsD7Op+A1R0VZDTNjIA3X","Dev: 0.5m, Flag: 0.25m"
"14865660-4cd4-471d-9cf0-28b0ad7f3c2a","MOAB_006.tickPlot.tck","D13","MOAB","MOAB_006","distributed","shrubScrub",38.235080,-109.406067,"WGS84",20.1,1759.8,0.1,"2015-10-26T18:32Z","MOAB.2015.44",,,"drag and flag",167,"N",0,0,0,"No known compromise","NEON.DOC.014045vG","ce8X945k45orsD7Op+A1R0VZDTNjIA3X","Dev: 0.5, 0.5, 1.5, 2.0, 1.0, 0.5, 1.0=7.0m Flag: 0.5m +0.25=0.75m"
"fce8ec84-2f3d-40dd-867a-325d14e51215","MOAB_001.tickPlot.tck","D13","MOAB","MOAB_001","distributed","shrubScrub",38.258888,-109.413897,"WGS84",20.1,1804.0,0.1,"2015-10-26T18:40Z","MOAB.2015.44",,,"drag and flag",166,"N",0,0,0,"No known compromise","NEON.DOC.014045vG","ce8X945k45orsD7Op+A1R0VZDTNjIA3X","Dev: 1.0 +1.0 +1.0 +1.5 +1.0= 5.5m, Flag= 1.0m"
"71a89bcb-e7fa-44e5-a204-3b25f2156613","MOAB_005.tickPlot.tck","D13","MOAB","MOAB_005","distributed","shrubScrub",38.210851,-109.402026,"WGS84",20.1,1763.5,0.1,"2015-10-26T20:06Z","MOAB.2015.44",,,"drag and flag",165,"N",0,0,0,"No known compromise","NEON.DOC.014045vG","ce8X945k45orsD7Op+A1R0VZDTNjIA3X","Dev: 0.25, 1.50, 1.75, 1.0=4.5m, Flag=1.0m"
"8f571f39-b959-4f8d-b016-6fb75999f7bb","MOAB_002.tickPlot.tck","D13","MOAB","MOAB_002","distributed","shrubScrub",38.211659,-109.413380,"WGS84",20.1,1770.3,0.1,"2015-10-26T20:42Z","MOAB.2015.44",,,"drag and flag",162,"N",0,0,0,"No known compromise","NEON.DOC.014045vG","ce8X945k45orsD7Op+A1R0VZDTNjIA3X","Dev: 1.5m, Flag=0.5m"
