uid,namedLocation,date,domainID,siteID,plotID,plotType,nlcdClass,decimalLatitude,decimalLongitude,geodeticDatum,coordinateUncertainty,easting,northing,utmZone,elevation,elevationUncertainty,eventID,samplingProtocolVersion,treesPresent,treesAbsentList,shrubsPresent,shrubsAbsentList,lianasPresent,lianasAbsentList,nestedSubplotAreaShrubSapling,nestedSubplotAreaLiana,totalSampledAreaTrees,totalSampledAreaShrubSapling,totalSampledAreaLiana,remarks,measuredBy,recordedBy,dataQF
"3ae420c3-cab4-42cf-9c8e-a947f359bb30","ONAQ_068.basePlot.vst","2015-09-02","D15","ONAQ","ONAQ_068","tower","grasslandHerbaceous",40.173227,-112.452820,"WGS84",10.1,376299.41,4447995.84,"12N",1650.6,0.1,"vst_ONAQ_2015","NEON.DOC.000987vE",,,,,,,"noneSelected","noneSelected",400,400,400,,"xk22LUDoIkx8gpNSpjdXxdRmCsOAfDIV","4xgP2ihFxS8SUdaV5FMFkFb4YPVRN1yP",
"020d8ce1-43b9-4dff-a237-32583ee4c4d7","ONAQ_070.basePlot.vst","2015-09-03","D15","ONAQ","ONAQ_070","tower","shrubScrub",40.174037,-112.451755,"WGS84",10.1,376391.56,4448084.27,"12N",1648.7,0.1,"vst_ONAQ_2015","NEON.DOC.000987vE",,,,,,,"10","noneSelected",400,80,400,,"tlMoIdYkoo4/frSr+TOZz6pAAC/bv59I","Ymvu50svVai947RgaYoGNGTwjbYtyuA7",
"08d01957-cc6a-4ef9-8e02-9ef29b2c59ed","ONAQ_065.basePlot.vst","2015-09-03","D15","ONAQ","ONAQ_065","tower","grasslandHerbaceous",40.172683,-112.453165,"WGS84",10.1,376269.04,4447935.94,"12N",1651.2,0.1,"vst_ONAQ_2015","NEON.DOC.000987vE",,,,,,,"noneSelected","noneSelected",400,400,400,"No woody stems in plot","xk22LUDoIkx8gpNSpjdXxdRmCsOAfDIV","SVlrLvG6MQgHNcX9a6cN9XT/1zjcedhM",
"b9f96a20-fa91-4b37-99be-19a9dd66088e","ONAQ_066.basePlot.vst","2015-09-08","D15","ONAQ","ONAQ_066","tower","shrubScrub",40.175617,-112.455700,"WGS84",10.1,376058.53,4448265.15,"12N",1659.8,0.1,"vst_ONAQ_2015","NEON.DOC.000987vE",,,,,,,"10","noneSelected",400,80,400,,"xk22LUDoIkx8gpNSpjdXxdRmCsOAfDIV","SVlrLvG6MQgHNcX9a6cN9XT/1zjcedhM",
"3a333b06-44af-49be-91cd-e51216e50560","ONAQ_067.basePlot.vst","2015-09-16","D15","ONAQ","ONAQ_067","tower","shrubScrub",40.176672,-112.457483,"WGS84",10.1,375908.64,4448384.74,"12N",1665.9,0.1,"vst_ONAQ_2014","NEON.DOC.000987vE",,,,,,,"10","noneSelected",400,80,400,,"SVlrLvG6MQgHNcX9a6cN9XT/1zjcedhM","A/RRczOckiFbJrdMEJZwjJHC/MRxlxtigTsfvXI6kYE=",
"eb5b1a5a-19cc-4b65-bfdb-4a992491c207","ONAQ_069.basePlot.vst","2015-09-17","D15","ONAQ","ONAQ_069","tower","shrubScrub",40.176946,-112.456091,"WGS84",10.1,376027.66,4448413.21,"12N",1663.4,0.1,"vst_ONAQ_2015","NEON.DOC.000987vE",,,,,,,"10","noneSelected",400,80,400,,"4xgP2ihFxS8SUdaV5FMFkFb4YPVRN1yP","wcMB+uWhN6DlxgYb80zZ5eNIhcO7pIW7",
"de83b011-f741-4dbc-ac1e-8dbaee849577","ONAQ_064.basePlot.vst","2015-09-28","D15","ONAQ","ONAQ_064","tower","shrubScrub",40.174241,-112.456716,"WGS84",10.1,375969.52,4448113.83,"12N",1660.0,0.1,"vst_ONAQ_2015","NEON.DOC.000987vE",,,,,,,"10","noneSelected",400,80,400,,"4xgP2ihFxS8SUdaV5FMFkFb4YPVRN1yP","SVlrLvG6MQgHNcX9a6cN9XT/1zjcedhM",
