uid,namedLocation,domainID,siteID,plotID,plotType,nlcdClass,decimalLatitude,decimalLongitude,geodeticDatum,coordinateUncertainty,elevation,elevationUncertainty,collectDate,eventID,sampleID,sampleCode,samplingMethod,totalSampledArea,targetTaxaPresent,adultCount,nymphCount,larvaCount,sampleCondition,samplingProtocolVersion,measuredBy,remarks
"36ca5395-ca4f-499a-b3b2-bc11a2e6860f","MOAB_003.tickPlot.tck","D13","MOAB","MOAB_003","distributed","evergreenForest",38.261626,-109.347802,"WGS84",20.2,2013.4,0.5,"2018-09-06T14:52Z","MOAB.2018.36",,,"drag and flag",163,"N",0,0,0,,"NEON.DOC.014045vJ","wZHtOqaqtZlqgJsyhA9Al7PULfNbpd9QkQwIml/uQxQ=",
"7f0a9d2a-5bbc-4d1e-93c8-0a7b5c0056af","MOAB_005.tickPlot.tck","D13","MOAB","MOAB_005","distributed","shrubScrub",38.210851,-109.402026,"WGS84",20.1,1763.5,0.1,"2018-09-06T17:02Z","MOAB.2018.36",,,"drag and flag",160,"N",0,0,0,,"NEON.DOC.014045vJ","wZHtOqaqtZlqgJsyhA9Al7PULfNbpd9QkQwIml/uQxQ=",
"278dc004-aaa6-45d8-8877-257385c9b7ef","MOAB_002.tickPlot.tck","D13","MOAB","MOAB_002","distributed","shrubScrub",38.211659,-109.413380,"WGS84",20.1,1770.3,0.1,"2018-09-06T17:47Z","MOAB.2018.36",,,"drag and flag",160,"N",0,0,0,,"NEON.DOC.014045vJ","wZHtOqaqtZlqgJsyhA9Al7PULfNbpd9QkQwIml/uQxQ=",
"59eefb7e-e755-41f8-807c-892dcaa8c535","MOAB_006.tickPlot.tck","D13","MOAB","MOAB_006","distributed","shrubScrub",38.235080,-109.406067,"WGS84",20.1,1759.8,0.1,"2018-09-06T18:46Z","MOAB.2018.36",,,"drag and flag",160,"N",0,0,0,,"NEON.DOC.014045vJ","wZHtOqaqtZlqgJsyhA9Al7PULfNbpd9QkQwIml/uQxQ=",
"3e45ef7d-9dd0-403e-8149-d2de1a760499","MOAB_004.tickPlot.tck","D13","MOAB","MOAB_004","distributed","shrubScrub",38.234505,-109.398111,"WGS84",20.1,1763.9,0.1,"2018-09-06T19:21Z","MOAB.2018.36",,,"drag and flag",160,"N",0,0,0,,"NEON.DOC.014045vJ","MO01YutZZxkP+xObSuuMirjbB114kc+9DCzukz8AcNM=",
"6a91a2f4-ba18-4539-889b-6292ed06f06d","MOAB_001.tickPlot.tck","D13","MOAB","MOAB_001","distributed","shrubScrub",38.258888,-109.413897,"WGS84",20.1,1804.0,0.1,"2018-09-06T20:01Z","MOAB.2018.36",,,"drag and flag",160,"N",0,0,0,,"NEON.DOC.014045vJ","wZHtOqaqtZlqgJsyhA9Al7PULfNbpd9QkQwIml/uQxQ=",
