uid,namedLocation,domainID,siteID,plotID,plotType,nlcdClass,decimalLatitude,decimalLongitude,geodeticDatum,coordinateUncertainty,elevation,elevationUncertainty,collectDate,eventID,sampleID,sampleCode,samplingMethod,totalSampledArea,targetTaxaPresent,adultCount,nymphCount,larvaCount,sampleCondition,samplingProtocolVersion,measuredBy,remarks
"c890141b-6356-4e4e-b2d6-a1dcd8ff1cfa","MLBS_006.tickPlot.tck","D07","MLBS","MLBS_006","distributed","deciduousForest",37.427058,-80.562386,"WGS84",20.1,785.7,0.2,"2018-09-05T13:45Z","MLBS.2018.36",,,"drag",165,"N",0,0,0,,"NEON.DOC.014045vJ","B9317J5RLcG8ho9rZvN8VTErYUV9iw3eJP8v50V0Cu4=",
"e1af586e-6a84-4364-a9ad-0dadd6a93b2f","MLBS_004.tickPlot.tck","D07","MLBS","MLBS_004","distributed","deciduousForest",37.429068,-80.510286,"WGS84",20.1,890.2,0.1,"2018-09-05T14:33Z","MLBS.2018.36",,,"drag",180,"N",0,0,0,,"NEON.DOC.014045vJ","B9317J5RLcG8ho9rZvN8VTErYUV9iw3eJP8v50V0Cu4=",
"a92e47cf-48fa-4856-a19c-e3f19ac89810","MLBS_005.tickPlot.tck","D07","MLBS","MLBS_005","distributed","deciduousForest",37.363061,-80.519779,"WGS84",20.1,1277.4,0.2,"2018-09-05T16:05Z","MLBS.2018.36",,,"drag",165,"N",0,0,0,,"NEON.DOC.014045vJ","cLunHzhvGfyh4/99Zy5JARRg4syPOOJJIwaOkawWhT8=",
"3c7f68a6-3c1e-40d5-bbde-fb81ec8451b0","MLBS_002.tickPlot.tck","D07","MLBS","MLBS_002","distributed","deciduousForest",37.371693,-80.525877,"WGS84",20.2,1187.0,0.3,"2018-09-05T16:53Z","MLBS.2018.36",,,"drag",160,"N",0,0,0,,"NEON.DOC.014045vJ","cLunHzhvGfyh4/99Zy5JARRg4syPOOJJIwaOkawWhT8=",
"1a218a02-0e3e-42d7-8f15-759387d7ed38","MLBS_003.tickPlot.tck","D07","MLBS","MLBS_003","distributed","deciduousForest",37.367221,-80.526898,"WGS84",20.1,1235.7,0.2,"2018-09-05T17:23Z","MLBS.2018.36",,,"drag",165,"N",0,0,0,,"NEON.DOC.014045vJ","cLunHzhvGfyh4/99Zy5JARRg4syPOOJJIwaOkawWhT8=",
"37e672cb-d330-47ac-bd14-cdf86e8daf51","MLBS_009.tickPlot.tck","D07","MLBS","MLBS_009","distributed","deciduousForest",37.374340,-80.516549,"WGS84",20.2,1165.7,0.3,"2018-09-05T18:19Z","MLBS.2018.36",,,"drag",160,"N",0,0,0,,"NEON.DOC.014045vJ","B9317J5RLcG8ho9rZvN8VTErYUV9iw3eJP8v50V0Cu4=",
"9caa929d-f672-4f7b-a0f6-18c53c043c79","MLBS_009.tickPlot.tck","D07","MLBS","MLBS_009","distributed","deciduousForest",37.374340,-80.516549,"WGS84",20.2,1165.7,0.3,"2018-09-26T13:05Z","MLBS.2018.39",,,"drag and flag",163,"N",0,0,0,"No known compromise","NEON.DOC.014045vJ","ntMKYxYUttiqg+M2We4SbKWIfDoMDecaAZhfwjEr5Eo=",
"cb652a19-a1b2-42a2-8603-a395ad6ccddd","MLBS_005.tickPlot.tck","D07","MLBS","MLBS_005","distributed","deciduousForest",37.363061,-80.519779,"WGS84",20.1,1277.4,0.2,"2018-09-26T14:31Z","MLBS.2018.39",,,"drag and flag",160,"N",0,0,0,,"NEON.DOC.014045vJ","ntMKYxYUttiqg+M2We4SbKWIfDoMDecaAZhfwjEr5Eo=",
"40b2dc63-d915-4aa9-9800-0e9f87858b06","MLBS_003.tickPlot.tck","D07","MLBS","MLBS_003","distributed","deciduousForest",37.367221,-80.526898,"WGS84",20.1,1235.7,0.2,"2018-09-26T15:37Z","MLBS.2018.39",,,"drag and flag",161,"N",0,0,0,,"NEON.DOC.014045vJ","ntMKYxYUttiqg+M2We4SbKWIfDoMDecaAZhfwjEr5Eo=",
"6480cfe3-5739-4131-8406-bc7436f88468","MLBS_002.tickPlot.tck","D07","MLBS","MLBS_002","distributed","deciduousForest",37.371693,-80.525877,"WGS84",20.2,1187.0,0.3,"2018-09-26T16:24Z","MLBS.2018.39",,,"drag and flag",160,"N",0,0,0,,"NEON.DOC.014045vJ","ntMKYxYUttiqg+M2We4SbKWIfDoMDecaAZhfwjEr5Eo=",
