uid,namedLocation,domainID,siteID,plotID,plotType,nlcdClass,decimalLatitude,decimalLongitude,geodeticDatum,coordinateUncertainty,elevation,elevationUncertainty,collectDate,eventID,sampleID,sampleCode,samplingMethod,totalSampledArea,targetTaxaPresent,adultCount,nymphCount,larvaCount,sampleCondition,samplingProtocolVersion,measuredBy,remarks
"3b37c5f8-a241-4c6c-a362-b026293cceab","JORN_004.tickPlot.tck","D14","JORN","JORN_004","distributed","shrubScrub",32.629997,-106.859194,"WGS84",20.1,1332.6,0.1,"2017-06-20T13:45Z","JORN.2017.26",,,"drag and flag",169,"N",0,0,0,,"NEON.DOC.014045vH","U4kvMG6rGRhAGF6ux0lJOMuhNa/DRZZ9PaodSBi6fAA=",
"6d6d35d1-c8be-4277-b308-e9830de45698","JORN_006.tickPlot.tck","D14","JORN","JORN_006","distributed","shrubScrub",32.591754,-106.825128,"WGS84",20.1,1323.4,0.1,"2017-06-20T14:10Z","JORN.2017.26",,,"drag and flag",170,"N",0,0,0,,"NEON.DOC.014045vH","47fmII3dmbwIJec1dxdwyBiGTksx4UMrFdhMVXVxQHE=","Ten meters"
"36f6e872-a364-4fbb-8d44-2691ac9c0b6b","JORN_003.tickPlot.tck","D14","JORN","JORN_003","distributed","shrubScrub",32.599768,-106.839372,"WGS84",20.1,1321.1,0.1,"2017-06-20T15:40Z","JORN.2017.26",,,"drag and flag",165,"N",0,0,0,,"NEON.DOC.014045vH","m3h4L7yw9sjYHsfELjQerJ1VehBDk9VOsmMYvrNsbko=","Added five meters"
"401cecc8-e0dc-4221-90ef-0f29ee5a49f3","JORN_005.tickPlot.tck","D14","JORN","JORN_005","distributed","shrubScrub",32.575619,-106.801784,"WGS84",20.1,1324.8,0.2,"2017-06-20T16:27Z","JORN.2017.26",,,"drag and flag",165,"N",0,0,0,,"NEON.DOC.014045vH","47fmII3dmbwIJec1dxdwyBiGTksx4UMrFdhMVXVxQHE=","5 meters"
"66b0af04-df11-469d-94aa-0e9e56314587","JORN_002.tickPlot.tck","D14","JORN","JORN_002","distributed","shrubScrub",32.612341,-106.827225,"WGS84",20.1,1328.9,0.1,"2017-06-20T17:34Z","JORN.2017.26",,,"drag and flag",169,"N",0,0,0,,"NEON.DOC.014045vH","U4kvMG6rGRhAGF6ux0lJOMuhNa/DRZZ9PaodSBi6fAA=",
