uid,namedLocation,date,domainID,siteID,plotID,plotType,nlcdClass,decimalLatitude,decimalLongitude,geodeticDatum,coordinateUncertainty,easting,northing,utmZone,elevation,elevationUncertainty,eventID,samplingProtocolVersion,treesPresent,treesAbsentList,shrubsPresent,shrubsAbsentList,lianasPresent,lianasAbsentList,nestedSubplotAreaShrubSapling,nestedSubplotAreaLiana,totalSampledAreaTrees,totalSampledAreaShrubSapling,totalSampledAreaLiana,remarks,measuredBy,recordedBy,dataQF
"8c322f0f-8b8a-4248-a2c6-6dfe7455c384","SJER_047.basePlot.vst","2015-05-07","D17","SJER","SJER_047","tower","evergreenForest",37.101659,-119.734563,"WGS84",20.1,256988.30,4109649.57,"11N",377.2,0.1,"vst_SJER_2015","NEON.DOC.000987vD",,,,,,,"noneSelected","noneSelected",800,800,800,,,"kTmoXw+1QjTAe/87Nrd2rFGyDR4JHaop","legacyData"
"8acb7be5-64aa-41bc-ae72-90a23609b169","SJER_045.basePlot.vst","2015-05-07","D17","SJER","SJER_045","tower","evergreenForest",37.112827,-119.731615,"WGS84",20.1,257286.01,4110881.33,"11N",412.8,0.1,"vst_SJER_2015","NEON.DOC.000987vD",,,,,,,"noneSelected","noneSelected",800,800,800,,,"kTmoXw+1QjTAe/87Nrd2rFGyDR4JHaop","legacyData"
"be4990b9-b69d-461f-873d-1ba304c0fba4","SJER_045.basePlot.vst","2015-05-07","D17","SJER","SJER_045","tower","evergreenForest",37.112827,-119.731615,"WGS84",20.1,257286.01,4110881.33,"11N",412.8,0.1,"vst_SJER_2015","NEON.DOC.000987vD",,,,,,,"noneSelected","noneSelected",800,800,800,"2 groups measured in this plot",,"kTmoXw+1QjTAe/87Nrd2rFGyDR4JHaop","legacyData"
"6d0e8ca6-c184-49c8-8f9a-8090242d596b","SJER_047.basePlot.vst","2015-05-07","D17","SJER","SJER_047","tower","evergreenForest",37.101659,-119.734563,"WGS84",20.1,256988.30,4109649.57,"11N",377.2,0.1,"vst_SJER_2015","NEON.DOC.000987vD",,,,,,,"noneSelected","noneSelected",800,800,800,,,"kTmoXw+1QjTAe/87Nrd2rFGyDR4JHaop","legacyData"
"58956a04-2393-42f2-b96f-9b1c71a949da","SJER_045.basePlot.vst","2015-05-07","D17","SJER","SJER_045","tower","evergreenForest",37.112827,-119.731615,"WGS84",20.1,257286.01,4110881.33,"11N",412.8,0.1,"vst_SJER_2015","NEON.DOC.000987vD",,,,,,,"noneSelected","noneSelected",800,800,800,"2 groups measured in this plot",,"kTmoXw+1QjTAe/87Nrd2rFGyDR4JHaop","legacyData"
"59df26e9-db62-4cb9-a238-057cbbd24bb2","SJER_045.basePlot.vst","2015-05-07","D17","SJER","SJER_045","tower","evergreenForest",37.112827,-119.731615,"WGS84",20.1,257286.01,4110881.33,"11N",412.8,0.1,"vst_SJER_2015","NEON.DOC.000987vD",,,,,,,"noneSelected","noneSelected",800,800,800,,,"kTmoXw+1QjTAe/87Nrd2rFGyDR4JHaop","legacyData"
"3e61f63e-40c5-45c1-8981-5b91bb5faf2a","SJER_045.basePlot.vst","2015-05-07","D17","SJER","SJER_045","tower","evergreenForest",37.112827,-119.731615,"WGS84",20.1,257286.01,4110881.33,"11N",412.8,0.1,"vst_SJER_2015","NEON.DOC.000987vD",,,,,,,"noneSelected","noneSelected",800,800,800,"2 groups measured in this plot",,"kTmoXw+1QjTAe/87Nrd2rFGyDR4JHaop","legacyData"
"3d76cb27-4cf8-405e-93ee-3b7f7667912c","SJER_045.basePlot.vst","2015-05-07","D17","SJER","SJER_045","tower","evergreenForest",37.112827,-119.731615,"WGS84",20.1,257286.01,4110881.33,"11N",412.8,0.1,"vst_SJER_2015","NEON.DOC.000987vD",,,,,,,"noneSelected","noneSelected",800,800,800,"2 groups measured in this plot",,"kTmoXw+1QjTAe/87Nrd2rFGyDR4JHaop","legacyData"
