uid,namedLocation,date,eventID,domainID,siteID,plotID,subplotID,individualID,tagStatus,growthForm,plantStatus,stemDiameter,measurementHeight,height,baseCrownHeight,breakHeight,breakDiameter,maxCrownDiameter,ninetyCrownDiameter,canopyPosition,shape,basalStemDiameter,basalStemDiameterMsrmntHeight,maxBaseCrownDiameter,ninetyBaseCrownDiameter,remarks,recordedBy,measuredBy,dataQF
"6df3bed1-22ad-4575-bc46-779d9b2fe257","SJER_045.basePlot.vst","2015-05-07","vst_SJER_2015","D17","SJER","SJER_045",,"NEON.PLA.D17.SJER.00207A",,,"Live",13.6,130,,,,,,,"Full sun",,,,,,,"nmgXO4EtL3dCkwsunPG1iytaBjNqL40q","PGfyKY6L05v7VgRZCNFqFMvusBXcTkJ/","legacyData"
"f2069500-4fc3-4bcf-b2f4-3c30628c6798","SJER_045.basePlot.vst","2015-05-07","vst_SJER_2015","D17","SJER","SJER_045",,"NEON.PLA.D17.SJER.00122",,"single shrub","Live",,,4.2,,,,6.1,5.6,,"inverted cone",,,29.00,25.00,,"3fh8ZWGiUyNPW/cfWo4MvcGcAV2rECSC","bx2IzDOX0PRWxL2qYNwW0cIx2hiD7oH8","legacyData"
"8a562fbc-1eec-4036-851c-56a527866c3b","SJER_045.basePlot.vst","2015-05-07","vst_SJER_2015","D17","SJER","SJER_045",,"NEON.PLA.D17.SJER.00210",,"multi-bole tree","Live",,,3.2,,,,5.5,4.8,,"half-sphere",,,,,"unsure of what growth form to assign","nmgXO4EtL3dCkwsunPG1iytaBjNqL40q","PGfyKY6L05v7VgRZCNFqFMvusBXcTkJ/","legacyData"
"2c523281-a2fd-42c2-ba1d-d88f0deb304e","SJER_045.basePlot.vst","2015-05-07","vst_SJER_2015","D17","SJER","SJER_045",,"NEON.PLA.D17.SJER.00123",,"single shrub","Live,  other damage",,,2.5,,,,5.5,4.9,,"half-sphere",,,,,,"3fh8ZWGiUyNPW/cfWo4MvcGcAV2rECSC","bx2IzDOX0PRWxL2qYNwW0cIx2hiD7oH8","legacyData"
"d4e54472-beeb-425a-8b3c-d17bb689c70e","SJER_045.basePlot.vst","2015-05-07","vst_SJER_2015","D17","SJER","SJER_045",,"NEON.PLA.D17.SJER.00110",,"small tree","Standing dead",3.3,130,,,,,,,,,,,,,,"nmgXO4EtL3dCkwsunPG1iytaBjNqL40q","PGfyKY6L05v7VgRZCNFqFMvusBXcTkJ/","legacyData"
"ada59631-5959-4114-b858-affac175c5a5","SJER_045.basePlot.vst","2015-05-07","vst_SJER_2015","D17","SJER","SJER_045",,"NEON.PLA.D17.SJER.00107",,"single shrub","Standing dead",,,2.9,,,,6.7,4.6,,"oblate half-sphere",,,,,,"nmgXO4EtL3dCkwsunPG1iytaBjNqL40q","PGfyKY6L05v7VgRZCNFqFMvusBXcTkJ/","legacyData"
"11f71424-57fb-4fae-86cc-d0588ebeaa40","SJER_045.basePlot.vst","2015-05-07","vst_SJER_2015","D17","SJER","SJER_045",,"NEON.PLA.D17.SJER.00099",,"single shrub","Standing dead",,,0.7,,,,2.7,1.7,,"oblate half-sphere",,,,,,"nmgXO4EtL3dCkwsunPG1iytaBjNqL40q","PGfyKY6L05v7VgRZCNFqFMvusBXcTkJ/","legacyData"
"85fe0bfa-27a8-433f-b53e-a6c3f99524ed","SJER_045.basePlot.vst","2015-05-07","vst_SJER_2015","D17","SJER","SJER_045",,"NEON.PLA.D17.SJER.00120",,"small shrub","Standing dead",,,0.3,,,,2.6,0.7,,"cylinder",,,,,,"nmgXO4EtL3dCkwsunPG1iytaBjNqL40q","PGfyKY6L05v7VgRZCNFqFMvusBXcTkJ/","legacyData"
"52b02e36-8b18-4db7-aada-af0f1a57b2d1","SJER_045.basePlot.vst","2015-05-07","vst_SJER_2015","D17","SJER","SJER_045",,"NEON.PLA.D17.SJER.00100",,"sapling","Standing dead",,,0.8,,,,,,,,,,,,,"nmgXO4EtL3dCkwsunPG1iytaBjNqL40q","PGfyKY6L05v7VgRZCNFqFMvusBXcTkJ/","legacyData"
"c81dc83f-45c5-4d10-a0fd-9d700e1ac16c","SJER_045.basePlot.vst","2015-05-07","vst_SJER_2015","D17","SJER","SJER_045",,"NEON.PLA.D17.SJER.00129",,"single shrub","Standing dead",,,1.9,,,,4.1,2.9,,"oblate half-sphere",,,,,,"3fh8ZWGiUyNPW/cfWo4MvcGcAV2rECSC","bx2IzDOX0PRWxL2qYNwW0cIx2hiD7oH8","legacyData"
"eb599f86-1f10-476d-82e9-216aa546d089","SJER_047.basePlot.vst","2015-05-07","vst_SJER_2015","D17","SJER","SJER_047",,"NEON.PLA.D17.SJER.00157",,"single shrub","Live",,,3.5,,,,5.6,4.8,,"inverted cone",,,37.00,34.00,,"nmgXO4EtL3dCkwsunPG1iytaBjNqL40q","GwW6lIGoNlKBqEwavw5VFfscAPozym5i","legacyData"
"95cb5472-c369-40ac-aef4-7f399588ef2d","SJER_045.basePlot.vst","2015-05-07","vst_SJER_2015","D17","SJER","SJER_045",,"NEON.PLA.D17.SJER.00134",,"single bole tree","Live",38.0,130,,,,,,,,,,,,,,"3fh8ZWGiUyNPW/cfWo4MvcGcAV2rECSC","bx2IzDOX0PRWxL2qYNwW0cIx2hiD7oH8","legacyData"
"d29e32b6-4ba7-44f2-a9ab-880d5946cf14","SJER_045.basePlot.vst","2015-05-07","vst_SJER_2015","D17","SJER","SJER_045",,"NEON.PLA.D17.SJER.00127",,"single shrub","Standing dead",,,1.0,,,,4.0,2.7,,"inverted cone",,,31.00,21.00,,"3fh8ZWGiUyNPW/cfWo4MvcGcAV2rECSC","bx2IzDOX0PRWxL2qYNwW0cIx2hiD7oH8","legacyData"
"e0baa571-5d7a-4afd-be28-39c1e126ee0c","SJER_045.basePlot.vst","2015-05-07","vst_SJER_2015","D17","SJER","SJER_045",,"NEON.PLA.D17.SJER.00117",,"sapling","Standing dead",,,0.3,,,,,,,,,,,,,"nmgXO4EtL3dCkwsunPG1iytaBjNqL40q","PGfyKY6L05v7VgRZCNFqFMvusBXcTkJ/","legacyData"
"97e0be4b-538e-4eeb-a49e-a4381fdf38dd","SJER_045.basePlot.vst","2015-05-07","vst_SJER_2015","D17","SJER","SJER_045",,"NEON.PLA.D17.SJER.00118",,"small tree","Standing dead",4.9,130,2.8,,,,,,,,,,,,,"nmgXO4EtL3dCkwsunPG1iytaBjNqL40q","PGfyKY6L05v7VgRZCNFqFMvusBXcTkJ/","legacyData"
"c57002a4-e5b9-40f9-99c5-2ed17244b67d","SJER_045.basePlot.vst","2015-05-07","vst_SJER_2015","D17","SJER","SJER_045",,"NEON.PLA.D17.SJER.00132A",,,"Live",11.4,130,,,,,,,,,,,,,,"3fh8ZWGiUyNPW/cfWo4MvcGcAV2rECSC","bx2IzDOX0PRWxL2qYNwW0cIx2hiD7oH8","legacyData"
"1a90449d-1375-48be-87c0-bfa3c0563b6b","SJER_045.basePlot.vst","2015-05-07","vst_SJER_2015","D17","SJER","SJER_045",,"NEON.PLA.D17.SJER.00103",,"sapling","Standing dead",,,0.2,,,,,,,,,,,,,"nmgXO4EtL3dCkwsunPG1iytaBjNqL40q","PGfyKY6L05v7VgRZCNFqFMvusBXcTkJ/","legacyData"
"07048caf-23d3-4187-9e4f-f382fa5489b8","SJER_045.basePlot.vst","2015-05-07","vst_SJER_2015","D17","SJER","SJER_045",,"NEON.PLA.D17.SJER.00126",,"single shrub","Live",,,4.1,,,,6.3,6.1,,"half-sphere",,,,,,"3fh8ZWGiUyNPW/cfWo4MvcGcAV2rECSC","bx2IzDOX0PRWxL2qYNwW0cIx2hiD7oH8","legacyData"
"f42080d2-a3ba-4610-b384-02d3fb4857d1","SJER_047.basePlot.vst","2015-05-07","vst_SJER_2015","D17","SJER","SJER_047",,"NEON.PLA.D17.SJER.00219",,"multi-bole tree","Live",15.8,125,,,,,,,,,,,,,,"nmgXO4EtL3dCkwsunPG1iytaBjNqL40q","GwW6lIGoNlKBqEwavw5VFfscAPozym5i","legacyData"
"e78cb2b9-5f66-4b23-bf0e-fe6fc331ca2e","SJER_045.basePlot.vst","2015-05-07","vst_SJER_2015","D17","SJER","SJER_045",,"NEON.PLA.D17.SJER.00212",,"small tree","Live",,,1.6,,,,,,,,,,,,,"nmgXO4EtL3dCkwsunPG1iytaBjNqL40q","PGfyKY6L05v7VgRZCNFqFMvusBXcTkJ/","legacyData"
"486de76e-3786-4306-80e1-d40bb547adf7","SJER_045.basePlot.vst","2015-05-07","vst_SJER_2015","D17","SJER","SJER_045",,"NEON.PLA.D17.SJER.00208",,"single shrub","Standing dead",,,2.1,,,,3.0,1.7,,"inverted cone",,,35.00,28.00,,"nmgXO4EtL3dCkwsunPG1iytaBjNqL40q","PGfyKY6L05v7VgRZCNFqFMvusBXcTkJ/","legacyData"
"9efab496-cedd-4289-a0f4-75bd427e3be9","SJER_045.basePlot.vst","2015-05-07","vst_SJER_2015","D17","SJER","SJER_045",,"NEON.PLA.D17.SJER.00136",,"sapling","Standing dead",,,0.9,,,,,,,,,,,,,"3fh8ZWGiUyNPW/cfWo4MvcGcAV2rECSC","bx2IzDOX0PRWxL2qYNwW0cIx2hiD7oH8","legacyData"
"7ba8fcea-2643-4ee1-acae-26479b85bc86","SJER_045.basePlot.vst","2015-05-07","vst_SJER_2015","D17","SJER","SJER_045",,"NEON.PLA.D17.SJER.00104",,"small tree","Standing dead",5.5,130,1.3,,,,,,,,,,,,,"nmgXO4EtL3dCkwsunPG1iytaBjNqL40q","PGfyKY6L05v7VgRZCNFqFMvusBXcTkJ/","legacyData"
"7db2fd11-ed39-4259-906c-24ecaac97c89","SJER_045.basePlot.vst","2015-05-07","vst_SJER_2015","D17","SJER","SJER_045",,"NEON.PLA.D17.SJER.00133",,"single shrub","Live",,,2.8,,,,2.3,2.1,,"inverted cone",,,9.00,10.00,,"3fh8ZWGiUyNPW/cfWo4MvcGcAV2rECSC","bx2IzDOX0PRWxL2qYNwW0cIx2hiD7oH8","legacyData"
"577c17c3-d631-483a-b93a-dab2e2d54afb","SJER_047.basePlot.vst","2015-05-07","vst_SJER_2015","D17","SJER","SJER_047",,"NEON.PLA.D17.SJER.00293",,"single shrub","Live",,,1.1,,,,2.6,2.3,,"inverted cone",,,12.00,9.00,,"nmgXO4EtL3dCkwsunPG1iytaBjNqL40q","GwW6lIGoNlKBqEwavw5VFfscAPozym5i","legacyData"
"c8eee7d4-1d26-4933-a8f2-ef0ff9c852f3","SJER_047.basePlot.vst","2015-05-07","vst_SJER_2015","D17","SJER","SJER_047",,"NEON.PLA.D17.SJER.00158",,"sapling","Live",,,1.6,,,,,,,,,,,,,"nmgXO4EtL3dCkwsunPG1iytaBjNqL40q","GwW6lIGoNlKBqEwavw5VFfscAPozym5i","legacyData"
"d05fae4c-2df8-4c1d-8c9f-026594841ea4","SJER_045.basePlot.vst","2015-05-07","vst_SJER_2015","D17","SJER","SJER_045",,"NEON.PLA.D17.SJER.00207B",,,"Live",10.9,130,,,,,,,"Full sun",,,,,,,"nmgXO4EtL3dCkwsunPG1iytaBjNqL40q","PGfyKY6L05v7VgRZCNFqFMvusBXcTkJ/","legacyData"
"5bd9b90d-6900-4b1f-93cf-539cee26343b","SJER_045.basePlot.vst","2015-05-07","vst_SJER_2015","D17","SJER","SJER_045",,"NEON.PLA.D17.SJER.00097",,"sapling","Standing dead",,,0.2,,,,,,,"cylinder",,,,,,"nmgXO4EtL3dCkwsunPG1iytaBjNqL40q","PGfyKY6L05v7VgRZCNFqFMvusBXcTkJ/","legacyData"
"400e1414-2e95-4a66-bc3e-bf9b8836cba0","SJER_045.basePlot.vst","2015-05-07","vst_SJER_2015","D17","SJER","SJER_045",,"NEON.PLA.D17.SJER.00209",,"single shrub","Standing dead",,,0.7,,,,1.9,0.9,,"half-sphere",,,,,,"nmgXO4EtL3dCkwsunPG1iytaBjNqL40q","PGfyKY6L05v7VgRZCNFqFMvusBXcTkJ/","legacyData"
"bfff1b32-63c6-4432-af77-6c91910ef3ec","SJER_047.basePlot.vst","2015-05-07","vst_SJER_2015","D17","SJER","SJER_047",,"NEON.PLA.D17.SJER.00160",,"single shrub","Live,  other damage",,,2.8,,,,3.7,2.7,,"inverted cone",,,32.00,19.00,,"nmgXO4EtL3dCkwsunPG1iytaBjNqL40q","GwW6lIGoNlKBqEwavw5VFfscAPozym5i","legacyData"
"f4da38d7-4c8f-4e6f-961f-f860a5c74efc","SJER_045.basePlot.vst","2015-05-07","vst_SJER_2015","D17","SJER","SJER_045",,"NEON.PLA.D17.SJER.00121",,"single shrub","Live",,,2.6,,,,6.0,4.4,,"oblate half-sphere",,,,,,"3fh8ZWGiUyNPW/cfWo4MvcGcAV2rECSC","bx2IzDOX0PRWxL2qYNwW0cIx2hiD7oH8","legacyData"
"ef18d676-4c05-4f4d-9a4a-eb30f8e8c9b2","SJER_045.basePlot.vst","2015-05-07","vst_SJER_2015","D17","SJER","SJER_045",,"NEON.PLA.D17.SJER.00211",,"small shrub","Standing dead",,,1.0,,,,31.0,28.0,,"cylinder",,,,,"101.0 cm ht from uphill, 107.0 cm height from downhill","nmgXO4EtL3dCkwsunPG1iytaBjNqL40q","PGfyKY6L05v7VgRZCNFqFMvusBXcTkJ/","legacyData"
"ff28f423-a455-49b5-b605-512c3dde154e","SJER_047.basePlot.vst","2015-05-07","vst_SJER_2015","D17","SJER","SJER_047",,"NEON.PLA.D17.SJER.00292",,"single shrub","Live",,,1.3,,,,2.7,2.1,,"half-sphere",,,,,,"nmgXO4EtL3dCkwsunPG1iytaBjNqL40q","GwW6lIGoNlKBqEwavw5VFfscAPozym5i","legacyData"
"3ed7a926-741a-40e8-a36a-2d2456b557dd","SJER_045.basePlot.vst","2015-05-07","vst_SJER_2015","D17","SJER","SJER_045",,"NEON.PLA.D17.SJER.00096",,"small tree","Standing dead",8.1,130,1.6,,,,,,,,,,,,,"nmgXO4EtL3dCkwsunPG1iytaBjNqL40q","PGfyKY6L05v7VgRZCNFqFMvusBXcTkJ/","legacyData"
"634d6f89-78bd-4376-b535-40ab3365c913","SJER_045.basePlot.vst","2015-05-07","vst_SJER_2015","D17","SJER","SJER_045",,"NEON.PLA.D17.SJER.00137",,"sapling","Standing dead",,,0.3,,,,,,,,,,,,,"3fh8ZWGiUyNPW/cfWo4MvcGcAV2rECSC","bx2IzDOX0PRWxL2qYNwW0cIx2hiD7oH8","legacyData"
"6592fe4b-52f2-4f49-b537-6cbc061d310c","SJER_045.basePlot.vst","2015-05-07","vst_SJER_2015","D17","SJER","SJER_045",,"NEON.PLA.D17.SJER.00102",,"sapling","Standing dead",,,0.3,,,,,,,,,,,,,"nmgXO4EtL3dCkwsunPG1iytaBjNqL40q","PGfyKY6L05v7VgRZCNFqFMvusBXcTkJ/","legacyData"
"b2ad8111-63ae-4cb4-a0c8-0063e18b7e49","SJER_045.basePlot.vst","2015-05-07","vst_SJER_2015","D17","SJER","SJER_045",,"NEON.PLA.D17.SJER.00114A",,,"Live",16.3,76,,,,,,,,,,,,,,"nmgXO4EtL3dCkwsunPG1iytaBjNqL40q","PGfyKY6L05v7VgRZCNFqFMvusBXcTkJ/","legacyData | noMapTagData"
"bea85108-e492-442c-87d1-721c24fc28d6","SJER_045.basePlot.vst","2015-05-07","vst_SJER_2015","D17","SJER","SJER_045",,"NEON.PLA.D17.SJER.00132",,"multi-bole tree","Live",13.9,130,,,,,,,,,,,,,,"3fh8ZWGiUyNPW/cfWo4MvcGcAV2rECSC","bx2IzDOX0PRWxL2qYNwW0cIx2hiD7oH8","legacyData"
"a4874fef-88db-4b79-bd53-6af5ced186a7","SJER_045.basePlot.vst","2015-05-07","vst_SJER_2015","D17","SJER","SJER_045",,"NEON.PLA.D17.SJER.00098",,"single shrub","Standing dead",,,1.0,,,,3.4,2.5,,"oblate half-sphere",,,,,,"nmgXO4EtL3dCkwsunPG1iytaBjNqL40q","PGfyKY6L05v7VgRZCNFqFMvusBXcTkJ/","legacyData"
"c2ffb57f-1229-42f3-810e-70f89445f24d","SJER_045.basePlot.vst","2015-05-07","vst_SJER_2015","D17","SJER","SJER_045",,"NEON.PLA.D17.SJER.00207D",,,"Live",48.3,15,,,,,,,"Full sun",,,,,,,"nmgXO4EtL3dCkwsunPG1iytaBjNqL40q","PGfyKY6L05v7VgRZCNFqFMvusBXcTkJ/","legacyData"
"fed54835-ead5-48ad-a64d-f8d54f74f8f0","SJER_045.basePlot.vst","2015-05-07","vst_SJER_2015","D17","SJER","SJER_045",,"NEON.PLA.D17.SJER.00115",,"single bole tree","Live",10.9,130,,,,,,,,,,,,,,"nmgXO4EtL3dCkwsunPG1iytaBjNqL40q","PGfyKY6L05v7VgRZCNFqFMvusBXcTkJ/","legacyData"
"2afc4376-1bab-42c5-9912-7fdcf03033fa","SJER_045.basePlot.vst","2015-05-07","vst_SJER_2015","D17","SJER","SJER_045",,"NEON.PLA.D17.SJER.00119",,"single shrub","Standing dead",,,2.6,,,,4.9,4.8,,"inverted cone",,,30.00,20.00,,"nmgXO4EtL3dCkwsunPG1iytaBjNqL40q","PGfyKY6L05v7VgRZCNFqFMvusBXcTkJ/","legacyData"
"83f46261-93dd-4817-a898-b02ca8ebcb89","SJER_045.basePlot.vst","2015-05-07","vst_SJER_2015","D17","SJER","SJER_045",,"NEON.PLA.D17.SJER.00135",,"single shrub","Live",,,1.6,,,,2.5,2.3,,"inverted cone",,,37.00,15.00,,"3fh8ZWGiUyNPW/cfWo4MvcGcAV2rECSC","bx2IzDOX0PRWxL2qYNwW0cIx2hiD7oH8","legacyData"
"92895b1c-6089-495e-9fc8-4b0821e46def","SJER_045.basePlot.vst","2015-05-07","vst_SJER_2015","D17","SJER","SJER_045",,"NEON.PLA.D17.SJER.00116",,"single shrub","Standing dead",,,1.8,,,,3.4,2.5,,"oblate half-sphere",,,,,,"nmgXO4EtL3dCkwsunPG1iytaBjNqL40q","PGfyKY6L05v7VgRZCNFqFMvusBXcTkJ/","legacyData"
"6e98574a-5f60-47ee-b174-0b9efb059105","SJER_045.basePlot.vst","2015-05-07","vst_SJER_2015","D17","SJER","SJER_045",,"NEON.PLA.D17.SJER.00131",,"single shrub","Live",,,2.5,,,,3.1,2.9,,"inverted cone",,,8.00,8.00,,"3fh8ZWGiUyNPW/cfWo4MvcGcAV2rECSC","bx2IzDOX0PRWxL2qYNwW0cIx2hiD7oH8","legacyData"
"e3ebc9a1-672b-4fc6-8942-5d7ff36b73d3","SJER_045.basePlot.vst","2015-05-07","vst_SJER_2015","D17","SJER","SJER_045",,"NEON.PLA.D17.SJER.00111",,"small tree","Standing dead",8.2,130,,,,,,,,,,,,,,"nmgXO4EtL3dCkwsunPG1iytaBjNqL40q","PGfyKY6L05v7VgRZCNFqFMvusBXcTkJ/","legacyData"
"6a81c908-071e-4172-be40-c1fd712cc2b7","SJER_045.basePlot.vst","2015-05-07","vst_SJER_2015","D17","SJER","SJER_045",,"NEON.PLA.D17.SJER.00138",,"single shrub","Standing dead",,,2.4,,,,4.4,3.5,,"inverted cone",,,35.00,32.00,,"3fh8ZWGiUyNPW/cfWo4MvcGcAV2rECSC","bx2IzDOX0PRWxL2qYNwW0cIx2hiD7oH8","legacyData"
"9a0641e9-ec52-43bd-970b-bb2e18ffbaf3","SJER_045.basePlot.vst","2015-05-07","vst_SJER_2015","D17","SJER","SJER_045",,"NEON.PLA.D17.SJER.00109",,"sapling","No longer qualifies",,,6.5,,,,,,,,,,,,"14.0 cm ht from downhill side, 6.5 cm from uphill side","nmgXO4EtL3dCkwsunPG1iytaBjNqL40q","PGfyKY6L05v7VgRZCNFqFMvusBXcTkJ/","legacyData"
"6703ea45-dd18-41c9-8027-f83c79d260d0","SJER_047.basePlot.vst","2015-05-07","vst_SJER_2015","D17","SJER","SJER_047",,"NEON.PLA.D17.SJER.00156",,"single shrub","Standing dead",,,1.9,,,,3.4,1.5,,"half-sphere",,,,,,"nmgXO4EtL3dCkwsunPG1iytaBjNqL40q","GwW6lIGoNlKBqEwavw5VFfscAPozym5i","legacyData"
"41f5adbf-5bbd-4a6e-8ff0-03ff322a525d","SJER_045.basePlot.vst","2015-05-07","vst_SJER_2015","D17","SJER","SJER_045",,"NEON.PLA.D17.SJER.00101",,"multi-bole tree","Live,  other damage",20.9,80,,,,,,,,,,,,,,"nmgXO4EtL3dCkwsunPG1iytaBjNqL40q","PGfyKY6L05v7VgRZCNFqFMvusBXcTkJ/","legacyData"
"bb1a6621-4ad0-4130-8a92-83518625755e","SJER_045.basePlot.vst","2015-05-07","vst_SJER_2015","D17","SJER","SJER_045",,"NEON.PLA.D17.SJER.00106",,"small tree","Standing dead",5.8,130,1.4,,,,,,,,,,,,,"nmgXO4EtL3dCkwsunPG1iytaBjNqL40q","PGfyKY6L05v7VgRZCNFqFMvusBXcTkJ/","legacyData"
"e9d865ff-8026-4c91-8760-b449f78c22e8","SJER_045.basePlot.vst","2015-05-07","vst_SJER_2015","D17","SJER","SJER_045",,"NEON.PLA.D17.SJER.00113",,"single shrub","Live",,,5.1,,,,5.5,5.3,,"inverted cone",,,47.00,32.00,,"nmgXO4EtL3dCkwsunPG1iytaBjNqL40q","PGfyKY6L05v7VgRZCNFqFMvusBXcTkJ/","legacyData"
"d1c26fac-a4d6-4784-bffb-59ba04b197d7","SJER_045.basePlot.vst","2015-05-07","vst_SJER_2015","D17","SJER","SJER_045",,"NEON.PLA.D17.SJER.00112",,"sapling","Standing dead",,,16.5,,,,,,,,,,,,"16.5 cm ht from uphill side, 20.0 cm from downhill side","nmgXO4EtL3dCkwsunPG1iytaBjNqL40q","PGfyKY6L05v7VgRZCNFqFMvusBXcTkJ/","legacyData"
"f086dbc0-9dd9-4414-b24b-8d4d38a18d10","SJER_045.basePlot.vst","2015-05-07","vst_SJER_2015","D17","SJER","SJER_045",,"NEON.PLA.D17.SJER.00105",,"small tree","Standing dead",2.5,130,1.4,,,,,,,,,,,,,"nmgXO4EtL3dCkwsunPG1iytaBjNqL40q","PGfyKY6L05v7VgRZCNFqFMvusBXcTkJ/","legacyData"
"6390e0db-5fd7-4346-936a-3cca9d73a365","SJER_045.basePlot.vst","2015-05-07","vst_SJER_2015","D17","SJER","SJER_045",,"NEON.PLA.D17.SJER.00108",,"single shrub","Live",,,3.8,,,,5.2,5.2,,"oblate half-sphere",,,,,,"nmgXO4EtL3dCkwsunPG1iytaBjNqL40q","PGfyKY6L05v7VgRZCNFqFMvusBXcTkJ/","legacyData"
"4f98a4b7-a905-454f-ad73-b34391eb00ec","SJER_045.basePlot.vst","2015-05-07","vst_SJER_2015","D17","SJER","SJER_045",,"NEON.PLA.D17.SJER.00207C",,,"Live",36.5,40,,,,,,,"Full sun",,,,,,,"nmgXO4EtL3dCkwsunPG1iytaBjNqL40q","PGfyKY6L05v7VgRZCNFqFMvusBXcTkJ/","legacyData"
"a9e81234-7487-459d-8efd-e3b9cf32e296","SJER_045.basePlot.vst","2015-05-07","vst_SJER_2015","D17","SJER","SJER_045",,"NEON.PLA.D17.SJER.00207E",,,"Live",15.4,130,,,,,,,"Full sun",,,,,,,"nmgXO4EtL3dCkwsunPG1iytaBjNqL40q","PGfyKY6L05v7VgRZCNFqFMvusBXcTkJ/","legacyData"
"2e27facc-a3c4-4bbb-a5b2-64e0e6392fdc","SJER_045.basePlot.vst","2015-05-07","vst_SJER_2015","D17","SJER","SJER_045",,"NEON.PLA.D17.SJER.00207",,"multi-bole tree","Live",36.1,60,,,,,,,"Full sun",,,,,,,"nmgXO4EtL3dCkwsunPG1iytaBjNqL40q","PGfyKY6L05v7VgRZCNFqFMvusBXcTkJ/","legacyData"
"b06e36fc-8fb9-4888-a514-8a9e0c7d351d","SJER_047.basePlot.vst","2015-05-07","vst_SJER_2015","D17","SJER","SJER_047",,"NEON.PLA.D17.SJER.00289",,"single bole tree","Live",47.1,130,,,,,,,,,,,,,,"nmgXO4EtL3dCkwsunPG1iytaBjNqL40q","GwW6lIGoNlKBqEwavw5VFfscAPozym5i","legacyData"
"cf3a73f3-885d-410c-a5a0-f47ce0ece3b1","SJER_047.basePlot.vst","2015-05-07","vst_SJER_2015","D17","SJER","SJER_047",,"NEON.PLA.D17.SJER.00294",,"single shrub","Live",,,1.5,,,,1.8,1.4,,"half-sphere",,,,,,"nmgXO4EtL3dCkwsunPG1iytaBjNqL40q","GwW6lIGoNlKBqEwavw5VFfscAPozym5i","legacyData"
"c008f07e-5775-4dd3-a966-8930fef3f535","SJER_047.basePlot.vst","2015-05-07","vst_SJER_2015","D17","SJER","SJER_047",,"NEON.PLA.D17.SJER.00290",,"single bole tree","Live",41.3,85,,,,,,,,,,,,,,"nmgXO4EtL3dCkwsunPG1iytaBjNqL40q","GwW6lIGoNlKBqEwavw5VFfscAPozym5i","legacyData"
"405d4744-7857-4027-8140-da7ee2944e3d","SJER_045.basePlot.vst","2015-05-07","vst_SJER_2015","D17","SJER","SJER_045",,"NEON.PLA.D17.SJER.00128",,"single shrub","Live",,,3.3,,,,5.0,4.7,,"inverted cone",,,26.00,19.00,,"3fh8ZWGiUyNPW/cfWo4MvcGcAV2rECSC","bx2IzDOX0PRWxL2qYNwW0cIx2hiD7oH8","legacyData"
"eae401b1-b1b6-4ead-b4fa-07e9f410cd4e","SJER_047.basePlot.vst","2015-05-07","vst_SJER_2015","D17","SJER","SJER_047",,"NEON.PLA.D17.SJER.00155",,"single bole tree","Live",65.0,130,,,,,,,,,,,,,,"nmgXO4EtL3dCkwsunPG1iytaBjNqL40q","GwW6lIGoNlKBqEwavw5VFfscAPozym5i","legacyData"
"8346d623-7875-40b9-880e-1c292e8170bd","SJER_045.basePlot.vst","2015-05-07","vst_SJER_2015","D17","SJER","SJER_045",,"NEON.PLA.D17.SJER.00114B",,,"Live",163.0,76,,,,,,,,,,,,,,"nmgXO4EtL3dCkwsunPG1iytaBjNqL40q","PGfyKY6L05v7VgRZCNFqFMvusBXcTkJ/","legacyData | noMapTagData"
"1dbf4b9c-099c-41bf-b134-e43454e0e547","SJER_045.basePlot.vst","2015-05-07","vst_SJER_2015","D17","SJER","SJER_045",,"NEON.PLA.D17.SJER.00130",,"single shrub","Live",,,3.9,,,,4.6,3.8,,"inverted cone",,,30.00,21.00,,"3fh8ZWGiUyNPW/cfWo4MvcGcAV2rECSC","bx2IzDOX0PRWxL2qYNwW0cIx2hiD7oH8","legacyData"
"08e8e992-afad-49f7-af59-75ef9b7ea64e","SJER_045.basePlot.vst","2015-05-07","vst_SJER_2015","D17","SJER","SJER_045",,"NEON.PLA.D17.SJER.00114",,"multi-bole tree","Live",11.5,130,,,,,,,,,,,,,,"nmgXO4EtL3dCkwsunPG1iytaBjNqL40q","PGfyKY6L05v7VgRZCNFqFMvusBXcTkJ/","legacyData"
"43cdb4ee-8809-41d0-8cd8-5ab0fa43d716","SJER_047.basePlot.vst","2015-05-07","vst_SJER_2015","D17","SJER","SJER_047",,"NEON.PLA.D17.SJER.00159",,"sapling","Live,  other damage",,,1.4,,,,,,,,,,,,,"nmgXO4EtL3dCkwsunPG1iytaBjNqL40q","GwW6lIGoNlKBqEwavw5VFfscAPozym5i","legacyData"
"63ba11b3-814a-4dab-b394-6ccfae80ece2","SJER_045.basePlot.vst","2015-05-07","vst_SJER_2015","D17","SJER","SJER_045",,"NEON.PLA.D17.SJER.00124",,"single shrub","Live,  other damage",,,2.7,,,,3.3,2.9,,"half-sphere",,,,,,"3fh8ZWGiUyNPW/cfWo4MvcGcAV2rECSC","bx2IzDOX0PRWxL2qYNwW0cIx2hiD7oH8","legacyData"
"9eed14cc-10f3-4b48-ad8a-68a887fb9e06","SJER_045.basePlot.vst","2015-05-07","vst_SJER_2015","D17","SJER","SJER_045",,"NEON.PLA.D17.SJER.00097",,"sapling","Standing dead",,,0.2,,,,,,,"cylinder",,,,,,"nmgXO4EtL3dCkwsunPG1iytaBjNqL40q","PGfyKY6L05v7VgRZCNFqFMvusBXcTkJ/","legacyData"
"d2f22344-5896-44bb-829e-2b71965006c7","SJER_045.basePlot.vst","2015-05-07","vst_SJER_2015","D17","SJER","SJER_045",,"NEON.PLA.D17.SJER.00133",,"single shrub","Live",,,2.8,,,,2.3,2.1,,"inverted cone",,,10.00,9.00,,"3fh8ZWGiUyNPW/cfWo4MvcGcAV2rECSC","bx2IzDOX0PRWxL2qYNwW0cIx2hiD7oH8","legacyData"
"3d5b0061-35f6-41a3-91d5-4b9aeef75500","SJER_045.basePlot.vst","2015-05-07","vst_SJER_2015","D17","SJER","SJER_045",,"NEON.PLA.D17.SJER.00099",,"single shrub","Standing dead",,,0.7,,,,2.7,1.7,,"oblate half-sphere",,,,,,"nmgXO4EtL3dCkwsunPG1iytaBjNqL40q","PGfyKY6L05v7VgRZCNFqFMvusBXcTkJ/","legacyData"
"e96dbb73-f5f2-4137-b703-42abcada5408","SJER_045.basePlot.vst","2015-05-07","vst_SJER_2015","D17","SJER","SJER_045",,"NEON.PLA.D17.SJER.00098",,"single shrub","Standing dead",,,1.0,,,,3.4,2.5,,"oblate half-sphere",,,,,,"nmgXO4EtL3dCkwsunPG1iytaBjNqL40q","PGfyKY6L05v7VgRZCNFqFMvusBXcTkJ/","legacyData"
"c3a924ec-4ad0-4906-876d-b7ab416423d3","SJER_045.basePlot.vst","2015-05-07","vst_SJER_2015","D17","SJER","SJER_045",,"NEON.PLA.D17.SJER.00096",,"small tree","Standing dead",8.1,130,1.6,,,,,,,,,,,,,"nmgXO4EtL3dCkwsunPG1iytaBjNqL40q","PGfyKY6L05v7VgRZCNFqFMvusBXcTkJ/","legacyData"
"d91efda7-7ae7-4e40-996f-a3c44582f9de","SJER_047.basePlot.vst","2015-05-07","vst_SJER_2015","D17","SJER","SJER_047",,"NEON.PLA.D17.SJER.00289",,"single bole tree","Live",47.1,130,,,,,,,,,,,,,,"nmgXO4EtL3dCkwsunPG1iytaBjNqL40q","GwW6lIGoNlKBqEwavw5VFfscAPozym5i","legacyData"
"90188a56-d035-4b6c-b84a-5d7b0559596a","SJER_047.basePlot.vst","2015-05-07","vst_SJER_2015","D17","SJER","SJER_047",,"NEON.PLA.D17.SJER.00290",,"single bole tree","Live",41.3,85,,,,,,,,,,,,,,"nmgXO4EtL3dCkwsunPG1iytaBjNqL40q","GwW6lIGoNlKBqEwavw5VFfscAPozym5i","legacyData"
"2189c682-9a57-4dbb-9ce6-f359c467a076","SJER_047.basePlot.vst","2015-05-07","vst_SJER_2015","D17","SJER","SJER_047",,"NEON.PLA.D17.SJER.00292",,"single shrub","Live",,,1.3,,,,2.7,2.1,,"half-sphere",,,,,,"nmgXO4EtL3dCkwsunPG1iytaBjNqL40q","GwW6lIGoNlKBqEwavw5VFfscAPozym5i","legacyData"
"c05ba764-e188-4b10-96cb-14b6cac886a2","SJER_047.basePlot.vst","2015-05-07","vst_SJER_2015","D17","SJER","SJER_047",,"NEON.PLA.D17.SJER.00293",,"single shrub","Live",,,1.1,,,,2.6,2.3,,"inverted cone",,,12.00,9.00,,"nmgXO4EtL3dCkwsunPG1iytaBjNqL40q","GwW6lIGoNlKBqEwavw5VFfscAPozym5i","legacyData"
"007e7ec0-1a6b-4ae5-893e-4607b55d9066","SJER_047.basePlot.vst","2015-05-07","vst_SJER_2015","D17","SJER","SJER_047",,"NEON.PLA.D17.SJER.00294",,"single shrub","Live",,,1.5,,,,1.8,1.4,,"half-sphere",,,,,,"nmgXO4EtL3dCkwsunPG1iytaBjNqL40q","GwW6lIGoNlKBqEwavw5VFfscAPozym5i","legacyData"
"5186c54c-4e99-4592-bdb4-92153e7622d4","SJER_045.basePlot.vst","2015-05-07","vst_SJER_2015","D17","SJER","SJER_045",,"NEON.PLA.D17.SJER.00211",,"small shrub","Standing dead",,,1.0,,,,31.0,28.0,,"cylinder",,,,,"101.0 cm ht from uphill, 107.0 cm height from downhill","nmgXO4EtL3dCkwsunPG1iytaBjNqL40q","PGfyKY6L05v7VgRZCNFqFMvusBXcTkJ/","legacyData"
"f08b5507-f042-4dbd-8d75-d2700317ec7a","SJER_045.basePlot.vst","2015-05-07","vst_SJER_2015","D17","SJER","SJER_045",,"NEON.PLA.D17.SJER.00208",,"single shrub","Standing dead",,,2.1,,,,3.0,1.7,,"inverted cone",,,35.00,28.00,,"nmgXO4EtL3dCkwsunPG1iytaBjNqL40q","PGfyKY6L05v7VgRZCNFqFMvusBXcTkJ/","legacyData"
"5d242965-1e73-4485-b750-fbed941c2da7","SJER_045.basePlot.vst","2015-05-07","vst_SJER_2015","D17","SJER","SJER_045",,"NEON.PLA.D17.SJER.00207A",,,"Live",13.6,130,,,,,,,"Full sun",,,,,,,"nmgXO4EtL3dCkwsunPG1iytaBjNqL40q","PGfyKY6L05v7VgRZCNFqFMvusBXcTkJ/","legacyData"
"930936ea-8c94-4c9f-bf6d-16b6241cbe95","SJER_045.basePlot.vst","2015-05-07","vst_SJER_2015","D17","SJER","SJER_045",,"NEON.PLA.D17.SJER.00210",,"multi-bole tree","Live",,,3.2,,,,5.5,4.8,,"half-sphere",,,,,"unsure of what growth form to assign","nmgXO4EtL3dCkwsunPG1iytaBjNqL40q","PGfyKY6L05v7VgRZCNFqFMvusBXcTkJ/","legacyData"
"a1909efe-8619-458f-968d-875b0c8d3667","SJER_045.basePlot.vst","2015-05-07","vst_SJER_2015","D17","SJER","SJER_045",,"NEON.PLA.D17.SJER.00212",,"small tree","Live",,,1.6,,,,,,,,,,,,,"nmgXO4EtL3dCkwsunPG1iytaBjNqL40q","PGfyKY6L05v7VgRZCNFqFMvusBXcTkJ/","legacyData"
"b013e71c-38e1-41d5-94eb-8819d57636ba","SJER_045.basePlot.vst","2015-05-07","vst_SJER_2015","D17","SJER","SJER_045",,"NEON.PLA.D17.SJER.00207E",,,"Live",15.4,130,,,,,,,"Full sun",,,,,,,"nmgXO4EtL3dCkwsunPG1iytaBjNqL40q","PGfyKY6L05v7VgRZCNFqFMvusBXcTkJ/","legacyData"
"c0517676-78ed-4671-82eb-2bbff90817fa","SJER_045.basePlot.vst","2015-05-07","vst_SJER_2015","D17","SJER","SJER_045",,"NEON.PLA.D17.SJER.00209",,"single shrub","Standing dead",,,0.7,,,,1.9,0.9,,"half-sphere",,,,,,"nmgXO4EtL3dCkwsunPG1iytaBjNqL40q","PGfyKY6L05v7VgRZCNFqFMvusBXcTkJ/","legacyData"
"427e64a2-4bca-420d-b8a9-0562a80a7a45","SJER_045.basePlot.vst","2015-05-07","vst_SJER_2015","D17","SJER","SJER_045",,"NEON.PLA.D17.SJER.00207C",,,"Live",36.5,40,,,,,,,"Full sun",,,,,,,"nmgXO4EtL3dCkwsunPG1iytaBjNqL40q","PGfyKY6L05v7VgRZCNFqFMvusBXcTkJ/","legacyData"
"593b2dab-543e-4e4c-a580-ff476a1c2ad2","SJER_045.basePlot.vst","2015-05-07","vst_SJER_2015","D17","SJER","SJER_045",,"NEON.PLA.D17.SJER.00207B",,,"Live",10.9,130,,,,,,,"Full sun",,,,,,,"nmgXO4EtL3dCkwsunPG1iytaBjNqL40q","PGfyKY6L05v7VgRZCNFqFMvusBXcTkJ/","legacyData"
"098e2279-bc13-46d9-be33-3fcff89cc9a4","SJER_045.basePlot.vst","2015-05-07","vst_SJER_2015","D17","SJER","SJER_045",,"NEON.PLA.D17.SJER.00207",,"multi-bole tree","Live",36.1,60,,,,,,,"Full sun",,,,,,,"nmgXO4EtL3dCkwsunPG1iytaBjNqL40q","PGfyKY6L05v7VgRZCNFqFMvusBXcTkJ/","legacyData"
"660045b3-272b-4dac-999a-523340a417b0","SJER_047.basePlot.vst","2015-05-07","vst_SJER_2015","D17","SJER","SJER_047",,"NEON.PLA.D17.SJER.00160",,"single shrub","Live,  other damage",,,2.8,,,,3.7,2.7,,"inverted cone",,,32.00,19.00,,"nmgXO4EtL3dCkwsunPG1iytaBjNqL40q","GwW6lIGoNlKBqEwavw5VFfscAPozym5i","legacyData"
"1f97d554-1299-42d0-a57f-de1fa235d38c","SJER_047.basePlot.vst","2015-05-07","vst_SJER_2015","D17","SJER","SJER_047",,"NEON.PLA.D17.SJER.00156",,"single shrub","Standing dead",,,1.9,,,,3.4,1.5,,"half-sphere",,,,,,"nmgXO4EtL3dCkwsunPG1iytaBjNqL40q","GwW6lIGoNlKBqEwavw5VFfscAPozym5i","legacyData"
"85df0f3f-dd33-433e-81f0-aafbaa9fb614","SJER_047.basePlot.vst","2015-05-07","vst_SJER_2015","D17","SJER","SJER_047",,"NEON.PLA.D17.SJER.00155",,"single bole tree","Live",65.0,130,,,,,,,,,,,,,,"nmgXO4EtL3dCkwsunPG1iytaBjNqL40q","GwW6lIGoNlKBqEwavw5VFfscAPozym5i","legacyData"
"488d9f7f-44a2-4da5-b5cc-f1725918d9a5","SJER_047.basePlot.vst","2015-05-07","vst_SJER_2015","D17","SJER","SJER_047",,"NEON.PLA.D17.SJER.00219",,"multi-bole tree","Live",15.8,125,,,,,,,,,,,,,,"nmgXO4EtL3dCkwsunPG1iytaBjNqL40q","GwW6lIGoNlKBqEwavw5VFfscAPozym5i","legacyData"
"d7d6961e-e0a2-4c7f-b52c-b7201adf8ed9","SJER_047.basePlot.vst","2015-05-07","vst_SJER_2015","D17","SJER","SJER_047",,"NEON.PLA.D17.SJER.00157",,"single shrub","Live",,,3.5,,,,5.6,4.8,,"inverted cone",,,37.00,34.00,,"nmgXO4EtL3dCkwsunPG1iytaBjNqL40q","GwW6lIGoNlKBqEwavw5VFfscAPozym5i","legacyData"
"640420e7-d04c-4b9b-8848-8eb73e5d0e3b","SJER_045.basePlot.vst","2015-05-07","vst_SJER_2015","D17","SJER","SJER_045",,"NEON.PLA.D17.SJER.00207D",,,"Live",48.3,15,,,,,,,"Full sun",,,,,,,"nmgXO4EtL3dCkwsunPG1iytaBjNqL40q","PGfyKY6L05v7VgRZCNFqFMvusBXcTkJ/","legacyData"
"9fec83f4-4e4a-46ac-96d1-5a318c818f28","SJER_047.basePlot.vst","2015-05-07","vst_SJER_2015","D17","SJER","SJER_047",,"NEON.PLA.D17.SJER.00158",,"sapling","Live",,,1.6,,,,,,,,,,,,,"nmgXO4EtL3dCkwsunPG1iytaBjNqL40q","GwW6lIGoNlKBqEwavw5VFfscAPozym5i","legacyData"
"d83c5700-175f-4c73-a35d-51c0bc7f5ea5","SJER_047.basePlot.vst","2015-05-07","vst_SJER_2015","D17","SJER","SJER_047",,"NEON.PLA.D17.SJER.00159",,"sapling","Live,  other damage",,,1.4,,,,,,,,,,,,,"nmgXO4EtL3dCkwsunPG1iytaBjNqL40q","GwW6lIGoNlKBqEwavw5VFfscAPozym5i","legacyData"
"3a10e691-c44a-4ec5-b6ef-6a98d54cb22e","SJER_045.basePlot.vst","2015-05-07","vst_SJER_2015","D17","SJER","SJER_045",,"NEON.PLA.D17.SJER.00127",,"single shrub","Standing dead",,,1.0,,,,4.0,2.7,,"inverted cone",,,31.00,21.00,,"3fh8ZWGiUyNPW/cfWo4MvcGcAV2rECSC","bx2IzDOX0PRWxL2qYNwW0cIx2hiD7oH8","legacyData"
"d52331b7-266e-4cc9-8003-ba758d16267b","SJER_045.basePlot.vst","2015-05-07","vst_SJER_2015","D17","SJER","SJER_045",,"NEON.PLA.D17.SJER.00130",,"single shrub","Live",,,3.9,,,,4.6,3.8,,"inverted cone",,,30.00,21.00,,"3fh8ZWGiUyNPW/cfWo4MvcGcAV2rECSC","bx2IzDOX0PRWxL2qYNwW0cIx2hiD7oH8","legacyData"
"15777b84-a1f7-4719-a0ca-5789b6b1f6c7","SJER_045.basePlot.vst","2015-05-07","vst_SJER_2015","D17","SJER","SJER_045",,"NEON.PLA.D17.SJER.00137",,"sapling","Standing dead",,,0.3,,,,,,,,,,,,,"3fh8ZWGiUyNPW/cfWo4MvcGcAV2rECSC","bx2IzDOX0PRWxL2qYNwW0cIx2hiD7oH8","legacyData"
"c39145a3-76c1-415a-8c73-bd355d2434b6","SJER_045.basePlot.vst","2015-05-07","vst_SJER_2015","D17","SJER","SJER_045",,"NEON.PLA.D17.SJER.00126",,"single shrub","Live",,,4.1,,,,6.3,6.1,,"half-sphere",,,,,,"3fh8ZWGiUyNPW/cfWo4MvcGcAV2rECSC","bx2IzDOX0PRWxL2qYNwW0cIx2hiD7oH8","legacyData"
"e7047772-a1ca-42f1-9bca-f5e74c9d75b6","SJER_045.basePlot.vst","2015-05-07","vst_SJER_2015","D17","SJER","SJER_045",,"NEON.PLA.D17.SJER.00128",,"single shrub","Live",,,3.3,,,,5.0,4.7,,"inverted cone",,,26.00,19.00,,"3fh8ZWGiUyNPW/cfWo4MvcGcAV2rECSC","bx2IzDOX0PRWxL2qYNwW0cIx2hiD7oH8","legacyData"
"b2faebee-a042-4854-951a-e57ab86f1639","SJER_045.basePlot.vst","2015-05-07","vst_SJER_2015","D17","SJER","SJER_045",,"NEON.PLA.D17.SJER.00120",,"small shrub","Standing dead",,,0.3,,,,2.6,0.7,,"cylinder",,,,,,"nmgXO4EtL3dCkwsunPG1iytaBjNqL40q","PGfyKY6L05v7VgRZCNFqFMvusBXcTkJ/","legacyData"
"24648d37-b838-4a81-9fd4-4ffb52174dd8","SJER_045.basePlot.vst","2015-05-07","vst_SJER_2015","D17","SJER","SJER_045",,"NEON.PLA.D17.SJER.00136",,"sapling","Standing dead",,,0.9,,,,,,,,,,,,,"3fh8ZWGiUyNPW/cfWo4MvcGcAV2rECSC","bx2IzDOX0PRWxL2qYNwW0cIx2hiD7oH8","legacyData"
"2ab1c3e2-acfa-41cd-80c8-2a51a45d61d2","SJER_045.basePlot.vst","2015-05-07","vst_SJER_2015","D17","SJER","SJER_045",,"NEON.PLA.D17.SJER.00138",,"single shrub","Standing dead",,,2.4,,,,4.4,3.5,,"inverted cone",,,35.00,32.00,,"3fh8ZWGiUyNPW/cfWo4MvcGcAV2rECSC","bx2IzDOX0PRWxL2qYNwW0cIx2hiD7oH8","legacyData"
"032fbade-d6f5-42f3-beb7-44db0ec43d45","SJER_045.basePlot.vst","2015-05-07","vst_SJER_2015","D17","SJER","SJER_045",,"NEON.PLA.D17.SJER.00124",,"single shrub","Live,  other damage",,,2.7,,,,3.3,2.9,,"half-sphere",,,,,,"3fh8ZWGiUyNPW/cfWo4MvcGcAV2rECSC","bx2IzDOX0PRWxL2qYNwW0cIx2hiD7oH8","legacyData"
"6c1df17f-2bea-4a01-822a-9bbc9c74412a","SJER_045.basePlot.vst","2015-05-07","vst_SJER_2015","D17","SJER","SJER_045",,"NEON.PLA.D17.SJER.00135",,"single shrub","Live",,,1.6,,,,2.5,2.3,,"inverted cone",,,37.00,15.00,,"3fh8ZWGiUyNPW/cfWo4MvcGcAV2rECSC","bx2IzDOX0PRWxL2qYNwW0cIx2hiD7oH8","legacyData"
"f15dd322-a960-460b-a027-aa604207821b","SJER_045.basePlot.vst","2015-05-07","vst_SJER_2015","D17","SJER","SJER_045",,"NEON.PLA.D17.SJER.00132",,"multi-bole tree","Live",13.9,130,,,,,,,,,,,,,,"3fh8ZWGiUyNPW/cfWo4MvcGcAV2rECSC","bx2IzDOX0PRWxL2qYNwW0cIx2hiD7oH8","legacyData"
"0dad4848-68ff-4328-9af3-9bab52f7b32d","SJER_045.basePlot.vst","2015-05-07","vst_SJER_2015","D17","SJER","SJER_045",,"NEON.PLA.D17.SJER.00123",,"single shrub","Live,  other damage",,,2.5,,,,5.5,4.9,,"half-sphere",,,,,,"3fh8ZWGiUyNPW/cfWo4MvcGcAV2rECSC","bx2IzDOX0PRWxL2qYNwW0cIx2hiD7oH8","legacyData"
"50b8de8a-d492-4bab-af3e-5f61ed7fe1ef","SJER_045.basePlot.vst","2015-05-07","vst_SJER_2015","D17","SJER","SJER_045",,"NEON.PLA.D17.SJER.00129",,"single shrub","Standing dead",,,1.9,,,,4.1,2.9,,"oblate half-sphere",,,,,,"3fh8ZWGiUyNPW/cfWo4MvcGcAV2rECSC","bx2IzDOX0PRWxL2qYNwW0cIx2hiD7oH8","legacyData"
"2d9f8e24-d8e4-49f2-8d07-a83af5c79345","SJER_045.basePlot.vst","2015-05-07","vst_SJER_2015","D17","SJER","SJER_045",,"NEON.PLA.D17.SJER.00121",,"single shrub","Live",,,2.6,,,,6.0,4.4,,"oblate half-sphere",,,,,,"3fh8ZWGiUyNPW/cfWo4MvcGcAV2rECSC","bx2IzDOX0PRWxL2qYNwW0cIx2hiD7oH8","legacyData"
"95bcce12-ba11-491d-b046-11b3c23a1b32","SJER_045.basePlot.vst","2015-05-07","vst_SJER_2015","D17","SJER","SJER_045",,"NEON.PLA.D17.SJER.00131",,"single shrub","Live",,,2.5,,,,3.1,2.9,,"inverted cone",,,8.00,8.00,,"3fh8ZWGiUyNPW/cfWo4MvcGcAV2rECSC","bx2IzDOX0PRWxL2qYNwW0cIx2hiD7oH8","legacyData"
"0dfb692a-5393-4476-9b68-7bf9d79f6a20","SJER_045.basePlot.vst","2015-05-07","vst_SJER_2015","D17","SJER","SJER_045",,"NEON.PLA.D17.SJER.00122",,"single shrub","Live",,,4.2,,,,6.1,5.6,,"inverted cone",,,29.00,25.00,,"3fh8ZWGiUyNPW/cfWo4MvcGcAV2rECSC","bx2IzDOX0PRWxL2qYNwW0cIx2hiD7oH8","legacyData"
"4c731f60-d5f5-4236-a66a-c2d777591357","SJER_045.basePlot.vst","2015-05-07","vst_SJER_2015","D17","SJER","SJER_045",,"NEON.PLA.D17.SJER.00134",,"single bole tree","Live",38.0,130,,,,,,,,,,,,,,"3fh8ZWGiUyNPW/cfWo4MvcGcAV2rECSC","bx2IzDOX0PRWxL2qYNwW0cIx2hiD7oH8","legacyData"
"6be3c364-8a96-498b-8b9f-55aa231be09c","SJER_045.basePlot.vst","2015-05-07","vst_SJER_2015","D17","SJER","SJER_045",,"NEON.PLA.D17.SJER.00119",,"single shrub","Standing dead",,,2.6,,,,4.9,4.8,,"inverted cone",,,30.00,20.00,,"nmgXO4EtL3dCkwsunPG1iytaBjNqL40q","PGfyKY6L05v7VgRZCNFqFMvusBXcTkJ/","legacyData"
"36b5ef0f-0abd-45fc-810d-f6a0472dfabe","SJER_045.basePlot.vst","2015-05-07","vst_SJER_2015","D17","SJER","SJER_045",,"NEON.PLA.D17.SJER.00105",,"small tree","Standing dead",2.5,130,1.4,,,,,,,,,,,,,"nmgXO4EtL3dCkwsunPG1iytaBjNqL40q","PGfyKY6L05v7VgRZCNFqFMvusBXcTkJ/","legacyData"
"0eb4a0ed-551b-48ce-9caf-eda473489ee9","SJER_045.basePlot.vst","2015-05-07","vst_SJER_2015","D17","SJER","SJER_045",,"NEON.PLA.D17.SJER.00100",,"sapling","Standing dead",,,0.8,,,,,,,,,,,,,"nmgXO4EtL3dCkwsunPG1iytaBjNqL40q","PGfyKY6L05v7VgRZCNFqFMvusBXcTkJ/","legacyData"
"f66a88f3-666d-4c33-8b09-be5b23a6e2e6","SJER_045.basePlot.vst","2015-05-07","vst_SJER_2015","D17","SJER","SJER_045",,"NEON.PLA.D17.SJER.00114",,"multi-bole tree","Live",11.5,130,,,,,,,,,,,,,,"nmgXO4EtL3dCkwsunPG1iytaBjNqL40q","PGfyKY6L05v7VgRZCNFqFMvusBXcTkJ/","legacyData"
"c132fdc4-18bb-46a7-8a7e-847d29a47274","SJER_045.basePlot.vst","2015-05-07","vst_SJER_2015","D17","SJER","SJER_045",,"NEON.PLA.D17.SJER.00113",,"single shrub","Live",,,5.1,,,,5.5,5.3,,"inverted cone",,,47.00,32.00,,"nmgXO4EtL3dCkwsunPG1iytaBjNqL40q","PGfyKY6L05v7VgRZCNFqFMvusBXcTkJ/","legacyData"
"1d2c2666-67e6-4138-9a53-cd59faae17f5","SJER_045.basePlot.vst","2015-05-07","vst_SJER_2015","D17","SJER","SJER_045",,"NEON.PLA.D17.SJER.00104",,"small tree","Standing dead",5.5,130,1.3,,,,,,,,,,,,,"nmgXO4EtL3dCkwsunPG1iytaBjNqL40q","PGfyKY6L05v7VgRZCNFqFMvusBXcTkJ/","legacyData"
"4e19c5b5-bc22-434c-ac9e-5ac0aacb4e53","SJER_045.basePlot.vst","2015-05-07","vst_SJER_2015","D17","SJER","SJER_045",,"NEON.PLA.D17.SJER.00118",,"small tree","Standing dead",4.9,130,2.8,,,,,,,,,,,,,"nmgXO4EtL3dCkwsunPG1iytaBjNqL40q","PGfyKY6L05v7VgRZCNFqFMvusBXcTkJ/","legacyData"
"4d2b6023-ba0e-4c4b-91a5-3c589d5b987d","SJER_045.basePlot.vst","2015-05-07","vst_SJER_2015","D17","SJER","SJER_045",,"NEON.PLA.D17.SJER.00107",,"single shrub","Standing dead",,,2.9,,,,6.7,4.6,,"oblate half-sphere",,,,,,"nmgXO4EtL3dCkwsunPG1iytaBjNqL40q","PGfyKY6L05v7VgRZCNFqFMvusBXcTkJ/","legacyData"
"282833f4-edd0-4485-9c8d-53149bc670fe","SJER_045.basePlot.vst","2015-05-07","vst_SJER_2015","D17","SJER","SJER_045",,"NEON.PLA.D17.SJER.00108",,"single shrub","Live",,,3.8,,,,5.2,5.2,,"oblate half-sphere",,,,,,"nmgXO4EtL3dCkwsunPG1iytaBjNqL40q","PGfyKY6L05v7VgRZCNFqFMvusBXcTkJ/","legacyData"
"8f883eed-7e10-45fa-8a58-dec9f0b7e1a9","SJER_045.basePlot.vst","2015-05-07","vst_SJER_2015","D17","SJER","SJER_045",,"NEON.PLA.D17.SJER.00101",,"multi-bole tree","Live,  other damage",20.9,80,,,,,,,,,,,,,,"nmgXO4EtL3dCkwsunPG1iytaBjNqL40q","PGfyKY6L05v7VgRZCNFqFMvusBXcTkJ/","legacyData"
"fee6897e-8046-4881-98bf-b368c2809ce2","SJER_045.basePlot.vst","2015-05-07","vst_SJER_2015","D17","SJER","SJER_045",,"NEON.PLA.D17.SJER.00102",,"sapling","Standing dead",,,0.3,,,,,,,,,,,,,"nmgXO4EtL3dCkwsunPG1iytaBjNqL40q","PGfyKY6L05v7VgRZCNFqFMvusBXcTkJ/","legacyData"
"d272821b-f2ad-4498-951c-2d557882f73c","SJER_045.basePlot.vst","2015-05-07","vst_SJER_2015","D17","SJER","SJER_045",,"NEON.PLA.D17.SJER.00111",,"small tree","Standing dead",8.2,130,,,,,,,,,,,,,,"nmgXO4EtL3dCkwsunPG1iytaBjNqL40q","PGfyKY6L05v7VgRZCNFqFMvusBXcTkJ/","legacyData"
"87397021-6db0-4307-87d1-1e6f92432341","SJER_045.basePlot.vst","2015-05-07","vst_SJER_2015","D17","SJER","SJER_045",,"NEON.PLA.D17.SJER.00117",,"sapling","Standing dead",,,0.3,,,,,,,,,,,,,"nmgXO4EtL3dCkwsunPG1iytaBjNqL40q","PGfyKY6L05v7VgRZCNFqFMvusBXcTkJ/","legacyData"
"dd173131-2b93-4181-ad5e-519441e2ba60","SJER_045.basePlot.vst","2015-05-07","vst_SJER_2015","D17","SJER","SJER_045",,"NEON.PLA.D17.SJER.00115",,"single bole tree","Live",10.9,130,,,,,,,,,,,,,,"nmgXO4EtL3dCkwsunPG1iytaBjNqL40q","PGfyKY6L05v7VgRZCNFqFMvusBXcTkJ/","legacyData"
"187a555a-2e28-44a5-ad7c-c3f6ad0fb24b","SJER_045.basePlot.vst","2015-05-07","vst_SJER_2015","D17","SJER","SJER_045",,"NEON.PLA.D17.SJER.00112",,"sapling","Standing dead",,,16.5,,,,,,,,,,,,"16.5 cm ht from uphill side, 20.0 cm from downhill side","nmgXO4EtL3dCkwsunPG1iytaBjNqL40q","PGfyKY6L05v7VgRZCNFqFMvusBXcTkJ/","legacyData"
"ae62ffb8-0a8a-4d5b-942c-25cf47d84e57","SJER_045.basePlot.vst","2015-05-07","vst_SJER_2015","D17","SJER","SJER_045",,"NEON.PLA.D17.SJER.00103",,"sapling","Standing dead",,,0.2,,,,,,,,,,,,,"nmgXO4EtL3dCkwsunPG1iytaBjNqL40q","PGfyKY6L05v7VgRZCNFqFMvusBXcTkJ/","legacyData"
"8f509200-f35c-465d-a384-6d36dae990cd","SJER_045.basePlot.vst","2015-05-07","vst_SJER_2015","D17","SJER","SJER_045",,"NEON.PLA.D17.SJER.00110",,"small tree","Standing dead",3.3,130,,,,,,,,,,,,,,"nmgXO4EtL3dCkwsunPG1iytaBjNqL40q","PGfyKY6L05v7VgRZCNFqFMvusBXcTkJ/","legacyData"
"45f13325-f0d9-49b1-8c16-12aa7634ab57","SJER_045.basePlot.vst","2015-05-07","vst_SJER_2015","D17","SJER","SJER_045",,"NEON.PLA.D17.SJER.00106",,"small tree","Standing dead",5.8,130,1.4,,,,,,,,,,,,,"nmgXO4EtL3dCkwsunPG1iytaBjNqL40q","PGfyKY6L05v7VgRZCNFqFMvusBXcTkJ/","legacyData"
"41a87ce8-cb58-409d-b177-f60c7fcaf52d","SJER_045.basePlot.vst","2015-05-07","vst_SJER_2015","D17","SJER","SJER_045",,"NEON.PLA.D17.SJER.00116",,"single shrub","Standing dead",,,1.8,,,,3.4,2.5,,"oblate half-sphere",,,,,,"nmgXO4EtL3dCkwsunPG1iytaBjNqL40q","PGfyKY6L05v7VgRZCNFqFMvusBXcTkJ/","legacyData"
"ea7e8558-1620-4e97-969a-5f2229cdf8fc","SJER_045.basePlot.vst","2015-05-07","vst_SJER_2015","D17","SJER","SJER_045",,"NEON.PLA.D17.SJER.00109",,"sapling","No longer qualifies",,,6.5,,,,,,,,,,,,"14.0 cm ht from downhill side, 6.5 cm from uphill side","nmgXO4EtL3dCkwsunPG1iytaBjNqL40q","PGfyKY6L05v7VgRZCNFqFMvusBXcTkJ/","legacyData"
