uid,namedLocation,date,eventID,domainID,siteID,plotID,subplotID,nestedSubplotID,groupID,taxonID,scientificName,taxonRank,identificationReferences,identificationQualifier,volumePercent,livePercent,deadPercent,canopyArea,meanHeight,remarks,measuredBy,recordedBy,dataQF
"c579ede4-b954-4ebc-808b-7597a85c68c8","GUAN_008.basePlot.vst","2016-03-31","vst_GUAN_2016","D04","GUAN","GUAN_008","32","2","32_02","EUXE","Eugenia xerophytica Britton","species",,,75,90,10,8.0,2.68,,"fiApssCEcSVZh4fTchGlfQK3pYYnYQUQ","fiApssCEcSVZh4fTchGlfQK3pYYnYQUQ",
"4595040f-5a3a-4292-95eb-fd7770abe9b7","GUAN_008.basePlot.vst","2016-03-31","vst_GUAN_2016","D04","GUAN","GUAN_008","32","2","32_01","EUFO3","Eugenia foetida Pers.","species",,,25,100,0,2.5,0.82,,"fiApssCEcSVZh4fTchGlfQK3pYYnYQUQ","fiApssCEcSVZh4fTchGlfQK3pYYnYQUQ",
"b97f109e-cccd-42a0-832d-a15c98b65c74","GUAN_008.basePlot.vst","2016-03-31","vst_GUAN_2016","D04","GUAN","GUAN_008","32","4","32_03","GYLU","Gymnanthes lucida Sw.","species",,,40,100,0,4.5,2.27,,"fiApssCEcSVZh4fTchGlfQK3pYYnYQUQ","fiApssCEcSVZh4fTchGlfQK3pYYnYQUQ",
"e2749785-e494-4e33-8091-6b605d07be19","GUAN_008.basePlot.vst","2016-03-31","vst_GUAN_2016","D04","GUAN","GUAN_008","32","2","32_04","EUXE","Eugenia xerophytica Britton","species",,,60,95,5,5.5,3.08,,"fiApssCEcSVZh4fTchGlfQK3pYYnYQUQ","fiApssCEcSVZh4fTchGlfQK3pYYnYQUQ",
