uid,namedLocation,date,domainID,siteID,plotID,plotType,nlcdClass,decimalLatitude,decimalLongitude,geodeticDatum,coordinateUncertainty,easting,northing,utmZone,elevation,elevationUncertainty,eventID,samplingProtocolVersion,treesPresent,treesAbsentList,shrubsPresent,shrubsAbsentList,lianasPresent,lianasAbsentList,nestedSubplotAreaShrubSapling,nestedSubplotAreaLiana,totalSampledAreaTrees,totalSampledAreaShrubSapling,totalSampledAreaLiana,remarks,measuredBy,recordedBy,dataQF
"cd157dc1-3bb3-4679-bc01-3c791166e8b2","BART_072.basePlot.vst","2015-09-01","D01","BART","BART_072","tower","deciduousForest",44.060736,-71.286195,"WGS84",20.2,316891.76,4881159.86,"19N",296.6,0.3,"vst_BART_2015","NEON.DOC.000987vD",,,,,,,"10","noneSelected",800,40,800,,"bWvVSKjgptV89BwHA3h10JNaeV+PHmDU","jRr6tAEXvh/2EP2nqxILjbvMaL6VMLwf","legacyData"
"921b4fb9-bbf8-473c-bea8-ae81763a73dd","BART_072.basePlot.vst","2015-09-01","D01","BART","BART_072","tower","deciduousForest",44.060736,-71.286195,"WGS84",20.2,316891.76,4881159.86,"19N",296.6,0.3,"vst_BART_2015","NEON.DOC.000987vD",,,,,,,"10","noneSelected",800,40,800,,"6HzkzFDdLaNgPi31AaqxNPsuI5nRHqWu","jRr6tAEXvh/2EP2nqxILjbvMaL6VMLwf","legacyData"
"d0f92e16-bab7-47fb-a37f-4dc79aeb16df","BART_036.basePlot.vst","2015-09-01","D01","BART","BART_036","tower","deciduousForest",44.062080,-71.285876,"WGS84",20.2,316921.46,4881308.43,"19N",293.2,0.3,"vst_BART_2015","NEON.DOC.000987vD",,,,,,,"25","noneSelected",800,100,800,,"jRr6tAEXvh/2EP2nqxILjbvMaL6VMLwf","xLZ+YqMrzOOIoCWuzuptWcn+zeO8dPFj","legacyData"
"d648a24e-d881-4d23-a8da-68ae7f4eef0f","BART_046.basePlot.vst","2015-09-01","D01","BART","BART_046","tower","deciduousForest",44.059946,-71.285410,"WGS84",20.2,316952.20,4881070.37,"19N",304.7,0.3,"vst_BART_2015","NEON.DOC.000987vD",,,,,,,"100","noneSelected",800,400,800,,"aJjM6Ib7Q/GDLb8JyiXIxXYT9Z/r85Ze","MRgCvwP2WueoGZahvpQXNZ+be1CYdCGm","legacyData"
"fe372149-689e-4f50-a33e-377d47cd1656","BART_040.basePlot.vst","2015-09-02","D01","BART","BART_040","tower","deciduousForest",44.065761,-71.291993,"WGS84",20.2,316442.91,4881730.91,"19N",260.5,0.3,"vst_BART_2015","NEON.DOC.000987vD",,,,,,,"25","noneSelected",800,100,800,,"6HzkzFDdLaNgPi31AaqxNPsuI5nRHqWu","XdV86USKkiYZfb6rmwpnK/f2Yah5qnQO","legacyData"
"823853cb-636b-463c-a33a-96bf78413758","BART_041.basePlot.vst","2015-09-02","D01","BART","BART_041","tower","deciduousForest",44.065340,-71.285606,"WGS84",20.3,316953.13,4881669.93,"19N",260.7,0.4,"vst_BART_2015","NEON.DOC.000987vD",,,,,,,"100","noneSelected",800,400,800,,"FXeeUI9aIn8X0VAR1BEIFKA+Tv3GsCYT","XdV86USKkiYZfb6rmwpnK/f2Yah5qnQO","legacyData"
"11695098-432a-43f3-81e6-2efb2a097249","BART_051.basePlot.vst","2015-09-02","D01","BART","BART_051","tower","deciduousForest",44.062849,-71.287737,"WGS84",20.3,316774.78,4881397.99,"19N",280.0,0.4,"vst_BART_2015","NEON.DOC.000987vD",,,,,,,"25","noneSelected",800,100,800,,"jRr6tAEXvh/2EP2nqxILjbvMaL6VMLwf","jRr6tAEXvh/2EP2nqxILjbvMaL6VMLwf","legacyData"
"c0df5461-5b71-4ca2-a752-c52b33639cd1","BART_039.basePlot.vst","2015-09-02","D01","BART","BART_039","tower","deciduousForest",44.063683,-71.288953,"WGS84",20.2,316679.96,4881493.33,"19N",274.1,0.2,"vst_BART_2015","NEON.DOC.000987vD",,,,,,,"25","noneSelected",800,100,800,,"jRr6tAEXvh/2EP2nqxILjbvMaL6VMLwf","jRr6tAEXvh/2EP2nqxILjbvMaL6VMLwf","legacyData"
"947821bc-9a35-4125-9f0b-39c405ab70a8","BART_050.basePlot.vst","2015-09-02","D01","BART","BART_050","tower","mixedForest",44.061507,-71.287700,"WGS84",20.2,316773.60,4881248.85,"19N",287.8,0.2,"vst_BART_2015","NEON.DOC.000987vD",,,,,,,"100","noneSelected",800,400,800,,"bWvVSKjgptV89BwHA3h10JNaeV+PHmDU","XdV86USKkiYZfb6rmwpnK/f2Yah5qnQO","legacyData"
"90b0bd3e-d039-4904-84ff-0be17fe54c0e","BART_050.basePlot.vst","2015-09-02","D01","BART","BART_050","tower","mixedForest",44.061507,-71.287700,"WGS84",20.2,316773.60,4881248.85,"19N",287.8,0.2,"vst_BART_2015","NEON.DOC.000987vD",,,,,,,"100","noneSelected",800,400,800,,"jRr6tAEXvh/2EP2nqxILjbvMaL6VMLwf","afMynumrDJcbQNK5ece65stvlBUGBI24","legacyData"
"82c4df3a-b902-48f8-b4cd-510dd81eae22","BART_041.basePlot.vst","2015-09-02","D01","BART","BART_041","tower","deciduousForest",44.065340,-71.285606,"WGS84",20.3,316953.13,4881669.93,"19N",260.7,0.4,"vst_BART_2015","NEON.DOC.000987vD",,,,,,,"100","noneSelected",800,400,800,,"FXeeUI9aIn8X0VAR1BEIFKA+Tv3GsCYT","afMynumrDJcbQNK5ece65stvlBUGBI24","legacyData"
"829bb8d9-11ed-4320-b479-fed7d40ef05f","BART_047.basePlot.vst","2015-09-02","D01","BART","BART_047","tower","deciduousForest",44.064958,-71.290866,"WGS84",20.2,316530.69,4881639.21,"19N",266.9,0.3,"vst_BART_2015","NEON.DOC.000987vD",,,,,,,"100","noneSelected",800,400,800,,"FXeeUI9aIn8X0VAR1BEIFKA+Tv3GsCYT","XdV86USKkiYZfb6rmwpnK/f2Yah5qnQO","legacyData"
"ecdf17c1-d9f5-46c2-84b2-eeff103417cf","BART_034.basePlot.vst","2015-09-02","D01","BART","BART_034","tower","mixedForest",44.064283,-71.285609,"WGS84",20.2,316949.64,4881552.53,"19N",267.5,0.3,"vst_BART_2015","NEON.DOC.000987vD",,,,,,,"100","noneSelected",800,400,800,,"zODC+zTh3jdHKFo7lDoQcuNYRkWsGu3I","jRr6tAEXvh/2EP2nqxILjbvMaL6VMLwf","legacyData"
"7c0d9cde-fb68-4ada-a0e4-0d98f8289217","BART_033.basePlot.vst","2015-09-03","D01","BART","BART_033","tower","deciduousForest",44.063204,-71.283666,"WGS84",20.2,317101.93,4881428.37,"19N",273.5,0.2,"vst_BART_2015","NEON.DOC.000987vD",,,,,,,"25","noneSelected",800,100,800,,"jRr6tAEXvh/2EP2nqxILjbvMaL6VMLwf","MRgCvwP2WueoGZahvpQXNZ+be1CYdCGm","legacyData"
"92ce0f04-f4a0-4faf-b552-f57eda276b05","BART_047.basePlot.vst","2015-09-03","D01","BART","BART_047","tower","deciduousForest",44.064958,-71.290866,"WGS84",20.2,316530.69,4881639.21,"19N",266.9,0.3,"vst_BART_2015","NEON.DOC.000987vD",,,,,,,"100","noneSelected",800,400,800,,"FXeeUI9aIn8X0VAR1BEIFKA+Tv3GsCYT","MRgCvwP2WueoGZahvpQXNZ+be1CYdCGm","legacyData"
"b6a1ed81-499b-4cbd-9e95-f6d16fcd99cf","BART_070.basePlot.vst","2015-09-03","D01","BART","BART_070","tower","mixedForest",44.064339,-71.281445,"WGS84",20.2,317283.30,4881549.50,"19N",249.8,0.2,"vst_BART_2015","NEON.DOC.000987vD",,,,,,,"100","noneSelected",800,400,800,,"6HzkzFDdLaNgPi31AaqxNPsuI5nRHqWu","6HzkzFDdLaNgPi31AaqxNPsuI5nRHqWu","legacyData"
"2d588902-b970-4bbb-9085-0a7d252bf304","BART_032.basePlot.vst","2015-09-03","D01","BART","BART_032","tower","deciduousForest",44.067479,-71.287582,"WGS84",20.2,316801.48,4881911.91,"19N",245.4,0.3,"vst_BART_2015","NEON.DOC.000987vD",,,,,,,"25","noneSelected",800,100,800,,"FXeeUI9aIn8X0VAR1BEIFKA+Tv3GsCYT","0BaChJNzD1Pxkb0KnkmK1zh8NvLNU8MM","legacyData"
"3ff6e9ce-4f65-493d-90ba-6f6372706697","BART_071.basePlot.vst","2015-09-03","D01","BART","BART_071","tower","mixedForest",44.067946,-71.290620,"WGS84",20.2,316559.62,4881970.54,"19N",256.5,0.2,"vst_BART_2015","NEON.DOC.000987vD",,,,,,,"noneSelected","noneSelected",800,800,800,,"FXeeUI9aIn8X0VAR1BEIFKA+Tv3GsCYT","FXeeUI9aIn8X0VAR1BEIFKA+Tv3GsCYT","legacyData"
"febb6616-8cc3-42ff-9e70-6679f6a8da53","BART_032.basePlot.vst","2015-09-04","D01","BART","BART_032","tower","deciduousForest",44.067479,-71.287582,"WGS84",20.2,316801.48,4881911.91,"19N",245.4,0.3,"vst_BART_2015","NEON.DOC.000987vD",,,,,,,"25","noneSelected",800,100,800,,"FXeeUI9aIn8X0VAR1BEIFKA+Tv3GsCYT","FXeeUI9aIn8X0VAR1BEIFKA+Tv3GsCYT","legacyData"
