uid,namedLocation,domainID,siteID,plotID,plotType,nlcdClass,decimalLatitude,decimalLongitude,geodeticDatum,coordinateUncertainty,elevation,elevationUncertainty,collectDate,eventID,sampleID,sampleCode,samplingMethod,totalSampledArea,targetTaxaPresent,adultCount,nymphCount,larvaCount,sampleCondition,samplingProtocolVersion,measuredBy,remarks
"a19da487-2472-4163-82dd-2605ff2f5632","SOAP_006.tickPlot.tck","D17","SOAP","SOAP_006","distributed","evergreenForest",37.024700,-119.283060,"WGS84",20.1,1313.8,0.1,"2018-04-09T16:45Z","SOAP.2018.15",,,"drag and flag",160,"N",0,0,0,,"NEON.DOC.014045vJ","ufHJAbfzMfx10DV1PRIUIKYPZTMI5iGzg3KtGl4bfKs=","Used pacing and direction to find point NE 40."
"dd1984aa-6139-4f38-b768-f6c55d426b4e","SOAP_026.tickPlot.tck","D17","SOAP","SOAP_026","distributed","shrubScrub",37.029413,-119.271386,"WGS84",20.1,1262.1,0.1,"2018-04-09T18:18Z","SOAP.2018.15",,,"drag and flag",160,"N",0,0,0,,"NEON.DOC.014045vJ","ufHJAbfzMfx10DV1PRIUIKYPZTMI5iGzg3KtGl4bfKs=",
"ecafe2f8-af37-4eb4-9b88-9c580549aa2d","SOAP_005.tickPlot.tck","D17","SOAP","SOAP_005","distributed","evergreenForest",37.031309,-119.264582,"WGS84",20.1,1199.8,0.1,"2018-04-09T19:20Z","SOAP.2018.15",,,"drag and flag",167,"N",0,0,0,,"NEON.DOC.014045vJ","ufHJAbfzMfx10DV1PRIUIKYPZTMI5iGzg3KtGl4bfKs=",
"9128d625-394e-44b9-bb82-c9d6c24d8202","SOAP_004.tickPlot.tck","D17","SOAP","SOAP_004","distributed","evergreenForest",37.038478,-119.268390,"WGS84",20.1,1148.8,0.1,"2018-04-09T20:18Z","SOAP.2018.15",,,"drag and flag",164,"N",0,0,0,,"NEON.DOC.014045vJ","ufHJAbfzMfx10DV1PRIUIKYPZTMI5iGzg3KtGl4bfKs=",
"c3727dee-dab1-4dce-be75-5655ff5e9615","SOAP_009.tickPlot.tck","D17","SOAP","SOAP_009","distributed","shrubScrub",37.038727,-119.257989,"WGS84",20.1,1083.7,0.1,"2018-04-09T21:28Z","SOAP.2018.15",,,"drag and flag",163,"N",0,0,0,,"NEON.DOC.014045vJ","ufHJAbfzMfx10DV1PRIUIKYPZTMI5iGzg3KtGl4bfKs=",
"f16b4599-eaff-4738-880c-4a8513bf3712","SOAP_003.tickPlot.tck","D17","SOAP","SOAP_003","distributed","evergreenForest",37.032980,-119.249660,"WGS84",20.2,1139.9,0.3,"2018-04-09T22:20Z","SOAP.2018.15",,,"drag and flag",162,"N",0,0,0,,"NEON.DOC.014045vJ","ufHJAbfzMfx10DV1PRIUIKYPZTMI5iGzg3KtGl4bfKs=",
