uid,namedLocation,domainID,siteID,plotID,plotType,nlcdClass,decimalLatitude,decimalLongitude,geodeticDatum,coordinateUncertainty,elevation,elevationUncertainty,collectDate,eventID,sampleID,sampleCode,samplingMethod,totalSampledArea,targetTaxaPresent,adultCount,nymphCount,larvaCount,sampleCondition,samplingProtocolVersion,measuredBy,remarks
"a62464c8-2c9a-438b-891d-29f62f53e3a0","SCBI_039.tickPlot.tck","D02","SCBI","SCBI_039","distributed","pastureHay",38.896433,-78.166542,"WGS84",20.1,330.8,0.1,"2016-12-07T18:37Z","SCBI.2016.49",,,"drag",158,"N",0,0,0,"No known compromise","NEON.DOC.014045vG","esNjjubcI51hdInmRHEEIrFR4+oIJtuN",
"9e8e10d4-5b57-45b9-9f06-604a1b2cb737","SCBI_006.tickPlot.tck","D02","SCBI","SCBI_006","distributed","pastureHay",38.897080,-78.150277,"WGS84",20.1,277.1,0.1,"2016-12-07T19:18Z","SCBI.2016.49",,,"drag",160,"N",0,0,0,"No known compromise","NEON.DOC.014045vG","esNjjubcI51hdInmRHEEIrFR4+oIJtuN",
"84087340-ffcb-4d3b-9b4a-7941c97f4d63","SCBI_002.tickPlot.tck","D02","SCBI","SCBI_002","distributed","deciduousForest",38.893863,-78.142704,"WGS84",20.2,327.7,0.2,"2016-12-09T13:57Z","SCBI.2016.49",,,"drag",162,"N",0,0,0,"No known compromise","NEON.DOC.014045vG","wYCqaZcA+7tKZqVSOMaNBCcRKvQIOBzP","temps in the 20s"
"72ccb1ab-5362-484a-b881-e42d35703a63","SCBI_007.tickPlot.tck","D02","SCBI","SCBI_007","distributed","deciduousForest",38.886013,-78.129365,"WGS84",20.2,428.3,0.2,"2016-12-09T14:47Z","SCBI.2016.49",,,"drag",121,"N",0,0,0,"No known compromise","NEON.DOC.014045vG","esNjjubcI51hdInmRHEEIrFR4+oIJtuN",
"851aa6ff-7fa1-4046-9078-9b447c132927","SCBI_005.tickPlot.tck","D02","SCBI","SCBI_005","distributed","deciduousForest",38.901859,-78.161940,"WGS84",20.2,263.6,0.3,"2016-12-09T15:46Z","SCBI.2016.49",,,"drag",158,"N",0,0,0,"No known compromise","NEON.DOC.014045vG","wYCqaZcA+7tKZqVSOMaNBCcRKvQIOBzP",
"678e9297-de7d-41c0-8250-168767234e9d","SCBI_013.tickPlot.tck","D02","SCBI","SCBI_013","distributed","deciduousForest",38.873041,-78.163313,"WGS84",20.2,361.3,0.3,"2016-12-09T16:42Z","SCBI.2016.49",,,"drag",80,"N",0,0,0,"No known compromise","NEON.DOC.014045vG","esNjjubcI51hdInmRHEEIrFR4+oIJtuN","only did half as forgot dowel and rope"
