uid,namedLocation,domainID,siteID,plotID,plotType,nlcdClass,decimalLatitude,decimalLongitude,geodeticDatum,coordinateUncertainty,elevation,elevationUncertainty,collectDate,eventID,sampleID,sampleCode,samplingMethod,totalSampledArea,targetTaxaPresent,adultCount,nymphCount,larvaCount,sampleCondition,samplingProtocolVersion,measuredBy,remarks
"c68f8f17-898d-4f03-8666-02a5d0f41ac2","TALL_008.tickPlot.tck","D08","TALL","TALL_008","distributed","deciduousForest",32.922874,-87.434097,"WGS84",20.2,127.5,0.2,"2016-09-14T13:25Z","TALL.2016.37","TALL_008.20160914",,"drag",160,"Y",0,3,0,"No known compromise","NEON.DOC.014045vG","71MfCy+FRstpZer5T0iw8M+PBSzABHAbojUJO96sh64=",
"2c694c47-a24d-465a-9592-3934fefb1146","TALL_001.tickPlot.tck","D08","TALL","TALL_001","distributed","deciduousForest",32.976370,-87.432184,"WGS84",20.2,114.6,0.1,"2016-09-14T14:30Z","TALL.2016.37","TALL_001.20160914",,"drag and flag",160,"Y",0,7,1639,"No known compromise","NEON.DOC.014045vG","LnIDmrEQmAUtwQFMbC1CIKUZraB/NwPgV6cB6TW941k=","Vial 1 has 532 of the 1639 larval ticks, in a 10 ml vial in RNA solution. The other 1107 larval ticks were discarded. The 7 nymph ticks are in a cryo vial with RNA stabilization buffer"
"cdc1a9f7-cd4e-47da-b263-f0279a6fbd0f","TALL_002.tickPlot.tck","D08","TALL","TALL_002","distributed","mixedForest",32.920823,-87.428955,"WGS84",20.3,104.0,0.4,"2016-09-14T15:00Z","TALL.2016.37","TALL_002.20160914",,"drag",160,"Y",0,48,509,"No known compromise","NEON.DOC.014045vG","71MfCy+FRstpZer5T0iw8M+PBSzABHAbojUJO96sh64=","Vial 1: 12 nymphs, 1 larval in RNA stabilization solution. Vial 2: 36 nymphs, 508 larvals. Ticks in vial 2 were stored in 95% ethanol then transferred to RNA stabilization solution. Due to the large number, some ticks (at least 1, but up to 3-5 nymphs) escaped during collection by falling off the tick cloth."
"331b383f-4521-4672-bc48-b913b7c7c58b","TALL_016.tickPlot.tck","D08","TALL","TALL_016","distributed","evergreenForest",32.971553,-87.415845,"WGS84",20.1,138.9,0.1,"2016-09-14T16:20Z","TALL.2016.37",,,"drag",160,"N",0,0,0,"No known compromise","NEON.DOC.014045vG","LnIDmrEQmAUtwQFMbC1CIKUZraB/NwPgV6cB6TW941k=",
"bd94861e-c2f3-46d2-a03a-6f49e10fec02","TALL_003.tickPlot.tck","D08","TALL","TALL_003","distributed","mixedForest",32.894415,-87.416532,"WGS84",20.2,121.9,0.2,"2016-09-14T17:30Z","TALL.2016.37",,,"drag",160,"N",0,0,0,"No known compromise","NEON.DOC.014045vG","LnIDmrEQmAUtwQFMbC1CIKUZraB/NwPgV6cB6TW941k=",
"e67894dc-b7b1-4c14-bad9-79e6d393d217","TALL_006.tickPlot.tck","D08","TALL","TALL_006","distributed","evergreenForest",32.899144,-87.444571,"WGS84",20.3,108.6,0.3,"2016-09-14T18:28Z","TALL.2016.37","TALL_006.20160914",,"drag and flag",160,"Y",0,3,7,"No known compromise","NEON.DOC.014045vG","Ty5ktdGiRSp05LT6y3oRIJX9t8YK1JGMhptSFXGHZWc=","Due to time constraints, this plot was measured and recorded by 2 teams of 2. Each team measured 80 meters."
"435ed5aa-0a70-45bb-945b-83a6bdc503fa","TALL_008.tickPlot.tck","D08","TALL","TALL_008","distributed","deciduousForest",32.922874,-87.434097,"WGS84",20.2,127.5,0.2,"2016-09-28T13:33Z","TALL.2016.39","TALL_008.20160928",,"drag",160,"Y",0,8,0,"No known compromise","NEON.DOC.014045vG","qHOagdXN4gWZ2ImQsYe21kOoNSbv5P6a",
"c2817c6c-7fe7-4784-91e2-f3569d9ce7a3","TALL_002.tickPlot.tck","D08","TALL","TALL_002","distributed","mixedForest",32.920823,-87.428955,"WGS84",20.3,104.0,0.4,"2016-09-28T14:53Z","TALL.2016.39","TALL_002.20160928",,"drag",160,"Y",0,5,1469,"No known compromise","NEON.DOC.014045vG","qHOagdXN4gWZ2ImQsYe21kOoNSbv5P6a","Vial 1 consists of nymph ticks only. Vial 2 has 500 of 1469 larval ticks which were stored in EtOH and then transferred to RNA"
"7c8bbb85-10dc-426b-aa37-976ff5132e64","TALL_003.tickPlot.tck","D08","TALL","TALL_003","distributed","mixedForest",32.894415,-87.416532,"WGS84",20.2,121.9,0.2,"2016-09-28T15:10Z","TALL.2016.39",,,"drag and flag",160,"N",0,0,0,"No known compromise","NEON.DOC.014045vG","Ec+cMQWmrZ6oUw8Lk421QEcKgRrZc//E",
"933f7e0f-02c5-47ad-b97d-a4960684a0b9","TALL_006.tickPlot.tck","D08","TALL","TALL_006","distributed","evergreenForest",32.899144,-87.444571,"WGS84",20.3,108.6,0.3,"2016-09-28T16:50Z","TALL.2016.39","TALL_006.20160928",,"drag and flag",175,"Y",0,1,0,"No known compromise","NEON.DOC.014045vG","Ec+cMQWmrZ6oUw8Lk421QEcKgRrZc//E",
"41646503-1433-450e-a32e-9b675692ca22","TALL_001.tickPlot.tck","D08","TALL","TALL_001","distributed","deciduousForest",32.976370,-87.432184,"WGS84",20.2,114.6,0.1,"2016-09-28T18:05Z","TALL.2016.39","TALL_001.20160928",,"drag",140,"Y",0,0,1,"No known compromise","NEON.DOC.014045vG","qHOagdXN4gWZ2ImQsYe21kOoNSbv5P6a",
"aa5c043d-3a75-4d92-814e-fa031ce9766c","TALL_016.tickPlot.tck","D08","TALL","TALL_016","distributed","evergreenForest",32.971553,-87.415845,"WGS84",20.1,138.9,0.1,"2016-09-28T18:12Z","TALL.2016.39","TALL_016.20160928",,"drag and flag",160,"Y",0,0,69,"No known compromise","NEON.DOC.014045vG","Ec+cMQWmrZ6oUw8Lk421QEcKgRrZc//E",
