uid,namedLocation,plotID,collectDate,identifiedDate,sampleID,subsampleID,scientificName,acceptedTaxonID,taxonRank,family,subfamily,tribe,subtribe,genus,subgenus,specificEpithet,infraspecificEpithet,identificationQualifier,identificationReferences,identificationProtocolVersion,scientificNameAuthorship,sexOrAge,individualCount,sampleCondition,archiveMedium,archiveFacilityID,deprecatedVialID,identifiedBy,laboratoryName,remarks
"4d61b4f8-3626-4606-ac26-d09306e1dec2","TALL_008.tickPlot.tck","TALL_008","2016-09-14T13:25Z","2017-06-06T16:00Z","TALL_008.20160914","TALL_008.20160914.AMBAME.N","Amblyomma americanum","AMBAME","species","Ixodidae",,,,"Amblyomma",,"americanum",,,"Cooley, R. A. and G. M. Kohls. 1944. The genus Amblyomma (ixodidae) in the United States. The Journal of Parasitology, 30(2):77-111.","GSU_tickIdentification_SOP_2016-11-01.pdf","Linnaeus","Nymph",3,"OK","RNA stabilization buffer","USNMENT00294218","TALL_008.20160914.01.AMBAME.N","Lorenza Beati","Georgia Southern University",
"488f7d81-0d8a-4f29-9252-7e0db76c16c6","TALL_001.tickPlot.tck","TALL_001","2016-09-14T14:30Z","2017-04-10T16:00Z","TALL_001.20160914","TALL_001.20160914.IXOSP.L","Ixodidae sp.","IXOSP","family","Ixodidae",,,,,,"sp.",,,,"GSU_tickIdentification_SOP_2016-11-01.pdf",,"Larva",1,"OK","RNA stabilization buffer","USNMENT00984290","TALL_001.20160914.01.L","Arianna Gibbs","Georgia Southern University",
"63bb622b-be75-4c6f-b1c6-e24defd37144","TALL_001.tickPlot.tck","TALL_001","2016-09-14T14:30Z","2017-06-05T16:00Z","TALL_001.20160914","TALL_001.20160914.AMBAME.N","Amblyomma americanum","AMBAME","species","Ixodidae",,,,"Amblyomma",,"americanum",,,"Cooley, R. A. and G. M. Kohls. 1944. The genus Amblyomma (ixodidae) in the United States. The Journal of Parasitology, 30(2):77-111.","GSU_tickIdentification_SOP_2016-11-01.pdf","Linnaeus","Nymph",9,"OK","RNA stabilization buffer","USNMENT00984219","TALL_001.20160914.02.AMBAME.N","Lorenza Beati","Georgia Southern University",
"0155deb5-e71a-47aa-a83d-eb68b35500b2","TALL_006.tickPlot.tck","TALL_006","2016-09-14T18:28Z","2017-06-06T16:00Z","TALL_006.20160914","TALL_006.20160914.AMBAME.N","Amblyomma americanum","AMBAME","species","Ixodidae",,,,"Amblyomma",,"americanum",,,"Cooley, R. A. and G. M. Kohls. 1944. The genus Amblyomma (ixodidae) in the United States. The Journal of Parasitology, 30(2):77-111.","GSU_tickIdentification_SOP_2016-11-01.pdf","Linnaeus","Nymph",3,"OK","RNA stabilization buffer","USNMENT00984213","TALL_006.20160914.01.AMBAME.N","Lorenza Beati","Georgia Southern University",
"786c6c34-01c1-4669-bb74-3def07722e28","TALL_006.tickPlot.tck","TALL_006","2016-09-14T18:28Z","2017-04-06T16:00Z","TALL_006.20160914","TALL_006.20160914.IXOSP.L","Ixodidae sp.","IXOSP","family","Ixodidae",,,,,,"sp.",,,,"GSU_tickIdentification_SOP_2016-11-01.pdf",,"Larva",1,"OK","RNA stabilization buffer","USNMENT00984215","TALL_006.20160914.01.L","Arianna Gibbs","Georgia Southern University",
"2d69f15a-640c-4b9e-8466-3a5588c856da","TALL_008.tickPlot.tck","TALL_008","2016-09-28T13:33Z","2017-06-06T16:00Z","TALL_008.20160928","TALL_008.20160928.AMBAME.N","Amblyomma americanum","AMBAME","species","Ixodidae",,,,"Amblyomma",,"americanum",,,"Cooley, R. A. and G. M. Kohls. 1944. The genus Amblyomma (ixodidae) in the United States. The Journal of Parasitology, 30(2):77-111.","GSU_tickIdentification_SOP_2016-11-01.pdf","Linnaeus","Nymph",8,"OK","RNA stabilization buffer","USNMENT00984291","TALL_008.20160928.01.AMBAME.N","Lorenza Beati","Georgia Southern University",
"9ba5e0cc-3ab5-48fb-896a-d0cff7c4ae04","TALL_002.tickPlot.tck","TALL_002","2016-09-28T14:53Z","2017-06-06T16:00Z","TALL_002.20160928","TALL_002.20160928.AMBAME.N","Amblyomma americanum","AMBAME","species","Ixodidae",,,,"Amblyomma",,"americanum",,,"Cooley, R. A. and G. M. Kohls. 1944. The genus Amblyomma (ixodidae) in the United States. The Journal of Parasitology, 30(2):77-111.","GSU_tickIdentification_SOP_2016-11-01.pdf","Linnaeus","Nymph",6,"OK","RNA stabilization buffer","USNMENT00984296","TALL_002.20160928.01.AMBAME.N","Lorenza Beati","Georgia Southern University",
"a1c16693-8db3-41e0-ad16-962555682936","TALL_002.tickPlot.tck","TALL_002","2016-09-28T14:53Z","2017-04-11T16:00Z","TALL_002.20160928","TALL_002.20160928.IXOSP.L","Ixodidae sp.","IXOSP","family","Ixodidae",,,,,,"sp.",,,,"GSU_tickIdentification_SOP_2016-11-01.pdf",,"Larva",1,"OK","RNA stabilization buffer","USNMENT00984299","TALL_002.20160928.02.L","Arianna Gibbs","Georgia Southern University",
"1adcb157-b2d4-4f67-a1fc-cf6411e14f8d","TALL_006.tickPlot.tck","TALL_006","2016-09-28T16:50Z","2017-06-06T16:00Z","TALL_006.20160928","TALL_006.20160928.AMBAME.N","Amblyomma americanum","AMBAME","species","Ixodidae",,,,"Amblyomma",,"americanum",,,"Cooley, R. A. and G. M. Kohls. 1944. The genus Amblyomma (ixodidae) in the United States. The Journal of Parasitology, 30(2):77-111.","GSU_tickIdentification_SOP_2016-11-01.pdf","Linnaeus","Nymph",1,"OK","RNA stabilization buffer","USNMENT00984292","TALL_006.20160928.01.AMBAME.N","Lorenza Beati","Georgia Southern University",
"08a177ae-c491-436a-bdf9-281126d03ee7","TALL_001.tickPlot.tck","TALL_001","2016-09-28T18:05Z","2017-04-11T16:00Z","TALL_001.20160928","TALL_001.20160928.IXOSP.L","Ixodidae sp.","IXOSP","family","Ixodidae",,,,,,"sp.",,,,"GSU_tickIdentification_SOP_2016-11-01.pdf",,"Larva",1,"OK","RNA stabilization buffer","USNMENT00984293","TALL_001.20160928.01.L","Arianna Gibbs","Georgia Southern University",
"b2779416-57ff-4f5c-9b3c-23e4400b8915","TALL_016.tickPlot.tck","TALL_016","2016-09-28T18:12Z","2017-04-11T16:00Z","TALL_016.20160928","TALL_016.20160928.IXOSP.L","Ixodidae sp.","IXOSP","family","Ixodidae",,,,,,"sp.",,,,"GSU_tickIdentification_SOP_2016-11-01.pdf",,"Larva",1,"OK","RNA stabilization buffer","USNMENT00984295","TALL_016.20160928.01.L","Arianna Gibbs","Georgia Southern University",
