uid,namedLocation,date,eventID,domainID,siteID,plotID,subplotID,individualID,tagStatus,growthForm,plantStatus,stemDiameter,measurementHeight,height,baseCrownHeight,breakHeight,breakDiameter,maxCrownDiameter,ninetyCrownDiameter,canopyPosition,shape,basalStemDiameter,basalStemDiameterMsrmntHeight,maxBaseCrownDiameter,ninetyBaseCrownDiameter,remarks,recordedBy,measuredBy,dataQF
"cf03429f-2209-4ce2-977b-cdd6e17b5e66","SOAP_059.basePlot.vst","2015-09-01","vst_SOAP_2015","D17","SOAP","SOAP_059",,"NEON.PLA.D17.SOAP.00927",,"multi-bole tree","Live",55.3,130,,,,,,,"Full sun",,,,,,,"2GSwrdD8dTCUM8OMtX2xVCKMWrr4ktyi","nmgXO4EtL3dCkwsunPG1iytaBjNqL40q","legacyData"
"96b3dca4-dae3-43f0-aa8f-902f8510d904","SOAP_059.basePlot.vst","2015-09-01","vst_SOAP_2015","D17","SOAP","SOAP_059",,"NEON.PLA.D17.SOAP.00920",,"single shrub","Live",,,2.1,,,,2.9,2.5,"Mostly shaded","inverted cone",,,44.00,11.00,,"2GSwrdD8dTCUM8OMtX2xVCKMWrr4ktyi","nmgXO4EtL3dCkwsunPG1iytaBjNqL40q","legacyData"
"905e46bb-8c20-42c8-95df-88b291ed0bfe","SOAP_059.basePlot.vst","2015-09-01","vst_SOAP_2015","D17","SOAP","SOAP_059",,"NEON.PLA.D17.SOAP.00937",,"sapling","Live",,,1.4,,,,,,"Full shade",,,,,,,"2GSwrdD8dTCUM8OMtX2xVCKMWrr4ktyi","nmgXO4EtL3dCkwsunPG1iytaBjNqL40q","legacyData"
"2e03ec1a-cf6e-40db-9031-04266e1b9b98","SOAP_059.basePlot.vst","2015-09-01","vst_SOAP_2015","D17","SOAP","SOAP_059",,"NEON.PLA.D17.SOAP.00926",,"single bole tree","Live,  other damage",21.0,130,,,,,,,"Partially shaded",,,,,,,"2GSwrdD8dTCUM8OMtX2xVCKMWrr4ktyi","nmgXO4EtL3dCkwsunPG1iytaBjNqL40q","legacyData"
"b1fe087a-2706-44fe-a94a-6ecdf1b0a0d4","SOAP_059.basePlot.vst","2015-09-01","vst_SOAP_2015","D17","SOAP","SOAP_059",,"NEON.PLA.D17.SOAP.00936",,"single bole tree","Live",51.2,130,,,,,,,"Partially shaded",,,,,,,"2GSwrdD8dTCUM8OMtX2xVCKMWrr4ktyi","nmgXO4EtL3dCkwsunPG1iytaBjNqL40q","legacyData"
"4091daa4-626c-49a5-9b67-ac217aa9caf9","SOAP_059.basePlot.vst","2015-09-01","vst_SOAP_2015","D17","SOAP","SOAP_059",,"NEON.PLA.D17.SOAP.00932",,"small shrub","Live",,,1.6,,,,0.8,0.7,"Full shade","inverted cone",,,6.00,6.00,,"2GSwrdD8dTCUM8OMtX2xVCKMWrr4ktyi","nmgXO4EtL3dCkwsunPG1iytaBjNqL40q","legacyData"
"b909807f-6816-4ce8-827a-19d119468ba6","SOAP_059.basePlot.vst","2015-09-01","vst_SOAP_2015","D17","SOAP","SOAP_059",,"NEON.PLA.D17.SOAP.00927A",,,"Live,  other damage",27.5,130,,,,,,,,,,,,,,"2GSwrdD8dTCUM8OMtX2xVCKMWrr4ktyi","nmgXO4EtL3dCkwsunPG1iytaBjNqL40q","legacyData"
"86b85e62-b3d7-44d0-9d36-5f00a3fd3f05","SOAP_059.basePlot.vst","2015-09-01","vst_SOAP_2015","D17","SOAP","SOAP_059",,"NEON.PLA.D17.SOAP.00929",,"single bole tree","Live",10.7,130,,,,,,,"Mostly shaded",,,,,,,"2GSwrdD8dTCUM8OMtX2xVCKMWrr4ktyi","nmgXO4EtL3dCkwsunPG1iytaBjNqL40q","legacyData"
"ead668cd-acfa-4a91-91bf-e64de9d08b97","SOAP_059.basePlot.vst","2015-09-01","vst_SOAP_2015","D17","SOAP","SOAP_059",,"NEON.PLA.D17.SOAP.01746",,,"Live,  other damage",27.5,130,,,,,,,,,,,,,,"2GSwrdD8dTCUM8OMtX2xVCKMWrr4ktyi","nmgXO4EtL3dCkwsunPG1iytaBjNqL40q","legacyData | noMapTagData"
"854be904-49cc-480f-bb3b-a5f9fc6ffa20","SOAP_059.basePlot.vst","2015-09-01","vst_SOAP_2015","D17","SOAP","SOAP_059",,"NEON.PLA.D17.SOAP.00934",,"single bole tree","Live",61.2,130,,,,,,,"Partially shaded",,,,,,,"2GSwrdD8dTCUM8OMtX2xVCKMWrr4ktyi","nmgXO4EtL3dCkwsunPG1iytaBjNqL40q","legacyData"
"96a9685f-ef28-4e68-80dc-8df1ec86e466","SOAP_059.basePlot.vst","2015-09-01","vst_SOAP_2015","D17","SOAP","SOAP_059",,"NEON.PLA.D17.SOAP.00928",,"single bole tree","Live",21.4,130,,,,,,,"Partially shaded",,,,,,,"2GSwrdD8dTCUM8OMtX2xVCKMWrr4ktyi","nmgXO4EtL3dCkwsunPG1iytaBjNqL40q","legacyData"
"c1417937-51b8-463a-b619-fb3cb7c94a0d","SOAP_059.basePlot.vst","2015-09-01","vst_SOAP_2015","D17","SOAP","SOAP_059",,"NEON.PLA.D17.SOAP.00930",,"sapling","Live",,,1.0,,,,,,"Full shade",,,,,,"proofed and no errors","2GSwrdD8dTCUM8OMtX2xVCKMWrr4ktyi","nmgXO4EtL3dCkwsunPG1iytaBjNqL40q","legacyData"
"c5784cab-2061-48ed-a4cb-b61f17828add","SOAP_059.basePlot.vst","2015-09-01","vst_SOAP_2015","D17","SOAP","SOAP_059",,"NEON.PLA.D17.SOAP.00931",,"sapling","Live",,,0.7,,,,,,"Full shade",,,,,,,"2GSwrdD8dTCUM8OMtX2xVCKMWrr4ktyi","nmgXO4EtL3dCkwsunPG1iytaBjNqL40q","legacyData"
"71644d66-b2ac-4d3f-9e90-016561af195b","SOAP_059.basePlot.vst","2015-09-01","vst_SOAP_2015","D17","SOAP","SOAP_059",,"NEON.PLA.D17.SOAP.00924",,"single shrub","Live",,,2.3,,,,2.3,1.8,"Mostly shaded","inverted cone",,,16.00,14.00,,"2GSwrdD8dTCUM8OMtX2xVCKMWrr4ktyi","nmgXO4EtL3dCkwsunPG1iytaBjNqL40q","legacyData"
"d73a7c54-6bed-43a3-962e-fbb5633e76e5","SOAP_059.basePlot.vst","2015-09-01","vst_SOAP_2015","D17","SOAP","SOAP_059",,"NEON.PLA.D17.SOAP.00925",,"single bole tree","Live,  other damage",30.4,130,,,,,,,"Partially shaded",,,,,,,"2GSwrdD8dTCUM8OMtX2xVCKMWrr4ktyi","nmgXO4EtL3dCkwsunPG1iytaBjNqL40q","legacyData"
"e8810dfe-dd1b-42ce-8e4f-91f42c1e9950","SOAP_059.basePlot.vst","2015-09-01","vst_SOAP_2015","D17","SOAP","SOAP_059",,"NEON.PLA.D17.SOAP.00935",,"single bole tree","Live",21.5,130,,,,,,,"Mostly shaded",,,,,,,"2GSwrdD8dTCUM8OMtX2xVCKMWrr4ktyi","nmgXO4EtL3dCkwsunPG1iytaBjNqL40q","legacyData"
"f3adf37f-d683-4b9b-b077-de6cda2a3362","SOAP_043.basePlot.vst","2015-09-10","vst_SOAP_2015","D17","SOAP","SOAP_043",,"NEON.PLA.D17.SOAP.02572",,"sapling","Live",,,1.2,,,,,,"Full shade",,,,,,,"nmgXO4EtL3dCkwsunPG1iytaBjNqL40q","2GSwrdD8dTCUM8OMtX2xVCKMWrr4ktyi","legacyData"
"39ced578-eeb3-486e-9fa2-a76ae4e3c09b","SOAP_043.basePlot.vst","2015-09-10","vst_SOAP_2015","D17","SOAP","SOAP_043",,"NEON.PLA.D17.SOAP.02561",,"sapling","Live",,,1.5,,,,,,"Full shade",,,,,,,"nmgXO4EtL3dCkwsunPG1iytaBjNqL40q","2GSwrdD8dTCUM8OMtX2xVCKMWrr4ktyi","legacyData"
"13159de8-247e-40cd-bed9-8c5d5f8815b1","SOAP_043.basePlot.vst","2015-09-10","vst_SOAP_2015","D17","SOAP","SOAP_043",,"NEON.PLA.D17.SOAP.02581",,"sapling","Live",,,1.1,,,,,,"Full shade",,,,,,,"nmgXO4EtL3dCkwsunPG1iytaBjNqL40q","2GSwrdD8dTCUM8OMtX2xVCKMWrr4ktyi","legacyData"
"86d24319-137b-42c1-900a-aebbc3191521","SOAP_043.basePlot.vst","2015-09-10","vst_SOAP_2015","D17","SOAP","SOAP_043",,"NEON.PLA.D17.SOAP.02547",,"small shrub","Live",,,0.5,,,,0.7,0.6,"Full shade","cylinder",,,,,,"nmgXO4EtL3dCkwsunPG1iytaBjNqL40q","2GSwrdD8dTCUM8OMtX2xVCKMWrr4ktyi","legacyData"
"be3e5e28-3d17-4123-9e99-4abebe5b1610","SOAP_043.basePlot.vst","2015-09-10","vst_SOAP_2015","D17","SOAP","SOAP_043",,"NEON.PLA.D17.SOAP.02563",,"sapling","Live",,,0.9,,,,,,"Full shade",,,,,,,"nmgXO4EtL3dCkwsunPG1iytaBjNqL40q","2GSwrdD8dTCUM8OMtX2xVCKMWrr4ktyi","legacyData"
"b2781528-1403-4632-acc7-4d699a99443d","SOAP_043.basePlot.vst","2015-09-10","vst_SOAP_2015","D17","SOAP","SOAP_043",,"NEON.PLA.D17.SOAP.02555",,"small shrub","Live",,,1.7,,,,1.3,0.8,"Full shade","inverted cone",,,7.00,5.00,,"nmgXO4EtL3dCkwsunPG1iytaBjNqL40q","2GSwrdD8dTCUM8OMtX2xVCKMWrr4ktyi","legacyData"
"831cb207-7e3f-45a5-baa5-d21fcf6ac046","SOAP_043.basePlot.vst","2015-09-10","vst_SOAP_2015","D17","SOAP","SOAP_043",,"NEON.PLA.D17.SOAP.02579",,"sapling","Live",,,1.4,,,,,,"Full shade",,,,,,,"nmgXO4EtL3dCkwsunPG1iytaBjNqL40q","2GSwrdD8dTCUM8OMtX2xVCKMWrr4ktyi","legacyData"
"9b9880e3-6600-4d47-b531-0e95ca5e3414","SOAP_043.basePlot.vst","2015-09-10","vst_SOAP_2015","D17","SOAP","SOAP_043",,"NEON.PLA.D17.SOAP.02568",,"sapling","Live",,,0.9,,,,,,"Full shade",,,,,,,"nmgXO4EtL3dCkwsunPG1iytaBjNqL40q","2GSwrdD8dTCUM8OMtX2xVCKMWrr4ktyi","legacyData"
"abb2c4a6-4995-4b7b-9f0a-aabb4da72225","SOAP_043.basePlot.vst","2015-09-10","vst_SOAP_2015","D17","SOAP","SOAP_043",,"NEON.PLA.D17.SOAP.02554",,"single bole tree","Live",13.9,130,,,,,,,"Partially shaded",,,,,,,"nmgXO4EtL3dCkwsunPG1iytaBjNqL40q","2GSwrdD8dTCUM8OMtX2xVCKMWrr4ktyi","legacyData"
"d52461c1-960a-45ff-bdc6-d1159fe719fb","SOAP_043.basePlot.vst","2015-09-10","vst_SOAP_2015","D17","SOAP","SOAP_043",,"NEON.PLA.D17.SOAP.02571",,"sapling","Live",,,1.2,,,,,,"Full shade",,,,,,,"nmgXO4EtL3dCkwsunPG1iytaBjNqL40q","2GSwrdD8dTCUM8OMtX2xVCKMWrr4ktyi","legacyData"
"0d5e966f-19fb-45eb-a67e-550f112fb730","SOAP_043.basePlot.vst","2015-09-10","vst_SOAP_2015","D17","SOAP","SOAP_043",,"NEON.PLA.D17.SOAP.02573",,"sapling","Live",,,1.1,,,,,,"Full shade",,,,,,,"nmgXO4EtL3dCkwsunPG1iytaBjNqL40q","2GSwrdD8dTCUM8OMtX2xVCKMWrr4ktyi","legacyData"
"e0958e63-ae55-42d6-987f-006e27a9e7d0","SOAP_043.basePlot.vst","2015-09-10","vst_SOAP_2015","D17","SOAP","SOAP_043",,"NEON.PLA.D17.SOAP.02575",,"sapling","Live",,,1.0,,,,,,"Full shade",,,,,,,"nmgXO4EtL3dCkwsunPG1iytaBjNqL40q","2GSwrdD8dTCUM8OMtX2xVCKMWrr4ktyi","legacyData"
"d119a12b-0ab4-4c2e-b91a-fa54d1597916","SOAP_043.basePlot.vst","2015-09-10","vst_SOAP_2015","D17","SOAP","SOAP_043",,"NEON.PLA.D17.SOAP.02552",,"single bole tree","Live, physically damaged",11.5,130,,,,,,,"Mostly shaded",,,,,,"fire damaged","nmgXO4EtL3dCkwsunPG1iytaBjNqL40q","2GSwrdD8dTCUM8OMtX2xVCKMWrr4ktyi","legacyData"
"ee09bb53-6b0a-4dad-882f-0ca16f0a2b8e","SOAP_043.basePlot.vst","2015-09-10","vst_SOAP_2015","D17","SOAP","SOAP_043",,"NEON.PLA.D17.SOAP.02550",,"sapling","Live",,,1.2,,,,,,"Full shade",,,,,,,"nmgXO4EtL3dCkwsunPG1iytaBjNqL40q","2GSwrdD8dTCUM8OMtX2xVCKMWrr4ktyi","legacyData"
"09c20a6e-ed98-46e3-8582-58457221acac","SOAP_043.basePlot.vst","2015-09-10","vst_SOAP_2015","D17","SOAP","SOAP_043",,"NEON.PLA.D17.SOAP.02567",,"sapling","Live",,,1.0,,,,,,"Full shade",,,,,,,"nmgXO4EtL3dCkwsunPG1iytaBjNqL40q","2GSwrdD8dTCUM8OMtX2xVCKMWrr4ktyi","legacyData"
"33d1fc14-f6ea-4152-9d7c-f9d79da51edc","SOAP_043.basePlot.vst","2015-09-10","vst_SOAP_2015","D17","SOAP","SOAP_043",,"NEON.PLA.D17.SOAP.02580",,"sapling","Live",,,1.3,,,,,,"Full shade",,,,,,,"nmgXO4EtL3dCkwsunPG1iytaBjNqL40q","2GSwrdD8dTCUM8OMtX2xVCKMWrr4ktyi","legacyData"
"8b871e83-a19f-4951-b178-75f5224aed3e","SOAP_043.basePlot.vst","2015-09-10","vst_SOAP_2015","D17","SOAP","SOAP_043",,"NEON.PLA.D17.SOAP.02566",,"single bole tree","Live",,,0.9,,,,,,"Full shade",,,,,,,"nmgXO4EtL3dCkwsunPG1iytaBjNqL40q","2GSwrdD8dTCUM8OMtX2xVCKMWrr4ktyi","legacyData"
"78a6800f-a9b6-4aa0-8774-f0db5414f114","SOAP_043.basePlot.vst","2015-09-10","vst_SOAP_2015","D17","SOAP","SOAP_043",,"NEON.PLA.D17.SOAP.02546",,"single bole tree","Standing dead",50.0,130,,,,,,,"Full shade",,,,,,"dead and hollow charred shell from fire","nmgXO4EtL3dCkwsunPG1iytaBjNqL40q","2GSwrdD8dTCUM8OMtX2xVCKMWrr4ktyi","legacyData"
"990d0d5c-ffaa-4fd8-b1fa-abc36c7bde20","SOAP_043.basePlot.vst","2015-09-10","vst_SOAP_2015","D17","SOAP","SOAP_043",,"NEON.PLA.D17.SOAP.02548",,"small tree","Standing dead",6.0,130,2.2,,,,,,"Full shade",,,,,,,"nmgXO4EtL3dCkwsunPG1iytaBjNqL40q","2GSwrdD8dTCUM8OMtX2xVCKMWrr4ktyi","legacyData"
"9c40f0c5-6c7a-473e-943e-30068cb764b4","SOAP_043.basePlot.vst","2015-09-10","vst_SOAP_2015","D17","SOAP","SOAP_043",,"NEON.PLA.D17.SOAP.02577",,"sapling","Live",,,1.1,,,,,,"Full shade",,,,,,,"nmgXO4EtL3dCkwsunPG1iytaBjNqL40q","2GSwrdD8dTCUM8OMtX2xVCKMWrr4ktyi","legacyData"
"3e9df2c4-bc05-47ca-9bfc-6354ba22ddd5","SOAP_043.basePlot.vst","2015-09-10","vst_SOAP_2015","D17","SOAP","SOAP_043",,"NEON.PLA.D17.SOAP.02570",,"sapling","Live",,,1.1,,,,,,"Full shade",,,,,,,"nmgXO4EtL3dCkwsunPG1iytaBjNqL40q","2GSwrdD8dTCUM8OMtX2xVCKMWrr4ktyi","legacyData"
"00c62bbf-fd9f-407b-a866-1ac6ff2def00","SOAP_043.basePlot.vst","2015-09-10","vst_SOAP_2015","D17","SOAP","SOAP_043",,"NEON.PLA.D17.SOAP.02578",,"sapling","Live",,,1.3,,,,,,"Full shade",,,,,,,"nmgXO4EtL3dCkwsunPG1iytaBjNqL40q","2GSwrdD8dTCUM8OMtX2xVCKMWrr4ktyi","legacyData"
"c4654eca-5dbc-4b70-a54a-b7d19ccd27b2","SOAP_043.basePlot.vst","2015-09-10","vst_SOAP_2015","D17","SOAP","SOAP_043",,"NEON.PLA.D17.SOAP.02576",,"sapling","Live",,,1.2,,,,,,"Full shade",,,,,,,"nmgXO4EtL3dCkwsunPG1iytaBjNqL40q","2GSwrdD8dTCUM8OMtX2xVCKMWrr4ktyi","legacyData"
"d3b4e9ab-ed87-43e4-bfbb-38f08844be78","SOAP_043.basePlot.vst","2015-09-10","vst_SOAP_2015","D17","SOAP","SOAP_043",,"NEON.PLA.D17.SOAP.02562",,"sapling","Live",,,0.5,,,,,,"Full shade",,,,,,,"nmgXO4EtL3dCkwsunPG1iytaBjNqL40q","2GSwrdD8dTCUM8OMtX2xVCKMWrr4ktyi","legacyData"
"e0200e05-e0ec-49b9-ae6b-ed3a6c718590","SOAP_043.basePlot.vst","2015-09-10","vst_SOAP_2015","D17","SOAP","SOAP_043",,"NEON.PLA.D17.SOAP.02569",,"sapling","Live",,,1.4,,,,,,"Full shade",,,,,,,"nmgXO4EtL3dCkwsunPG1iytaBjNqL40q","2GSwrdD8dTCUM8OMtX2xVCKMWrr4ktyi","legacyData"
"0e746022-0a65-4727-a6fb-280ee1bc8625","SOAP_043.basePlot.vst","2015-09-10","vst_SOAP_2015","D17","SOAP","SOAP_043",,"NEON.PLA.D17.SOAP.02559",,"single bole tree","Live",10.4,130,,,,,,,"Partially shaded",,,,,,,"nmgXO4EtL3dCkwsunPG1iytaBjNqL40q","2GSwrdD8dTCUM8OMtX2xVCKMWrr4ktyi","legacyData"
"ce0fe2cf-1918-49f1-92aa-301b8b76c120","SOAP_043.basePlot.vst","2015-09-10","vst_SOAP_2015","D17","SOAP","SOAP_043",,"NEON.PLA.D17.SOAP.02549",,"small shrub","Live",,,0.4,,,,0.7,0.5,"Full shade","cylinder",,,,,,"nmgXO4EtL3dCkwsunPG1iytaBjNqL40q","2GSwrdD8dTCUM8OMtX2xVCKMWrr4ktyi","legacyData"
"bfa7ead9-50a1-4ff2-9319-030cf30daf30","SOAP_043.basePlot.vst","2015-09-10","vst_SOAP_2015","D17","SOAP","SOAP_043",,"NEON.PLA.D17.SOAP.02574",,"sapling","Live",,,1.3,,,,,,"Full shade",,,,,,"proofed and no errors","nmgXO4EtL3dCkwsunPG1iytaBjNqL40q","2GSwrdD8dTCUM8OMtX2xVCKMWrr4ktyi","legacyData"
"131adc5b-0a6f-4001-bc24-2a459fbde142","SOAP_043.basePlot.vst","2015-09-10","vst_SOAP_2015","D17","SOAP","SOAP_043",,"NEON.PLA.D17.SOAP.02545",,"single bole tree","Live",22.1,130,,,,,,,"Partially shaded",,,,,,,"nmgXO4EtL3dCkwsunPG1iytaBjNqL40q","2GSwrdD8dTCUM8OMtX2xVCKMWrr4ktyi","legacyData"
"5b9532dc-1f29-4b29-815c-f33331892ea7","SOAP_043.basePlot.vst","2015-09-10","vst_SOAP_2015","D17","SOAP","SOAP_043",,"NEON.PLA.D17.SOAP.02558",,"small tree","Standing dead",9.7,130,3.1,,,,,,"Partially shaded",,,,,,,"nmgXO4EtL3dCkwsunPG1iytaBjNqL40q","2GSwrdD8dTCUM8OMtX2xVCKMWrr4ktyi","legacyData"
"bd44dcc6-0925-4df2-be3c-a087302b47a8","SOAP_043.basePlot.vst","2015-09-10","vst_SOAP_2015","D17","SOAP","SOAP_043",,"NEON.PLA.D17.SOAP.02556",,,"Live",18.6,130,,,,,,,"Partially shaded",,,,,,,"nmgXO4EtL3dCkwsunPG1iytaBjNqL40q","2GSwrdD8dTCUM8OMtX2xVCKMWrr4ktyi","legacyData | noMapTagData"
"d56942d8-f26f-410c-a122-80c6b69265cf","SOAP_043.basePlot.vst","2015-09-10","vst_SOAP_2015","D17","SOAP","SOAP_043",,"NEON.PLA.D17.SOAP.02564",,"sapling","Live",,,0.9,,,,,,"Full shade",,,,,,"proofed and no errors","nmgXO4EtL3dCkwsunPG1iytaBjNqL40q","2GSwrdD8dTCUM8OMtX2xVCKMWrr4ktyi","legacyData"
"d318f172-3dfb-46b2-8f17-f58dd88dd123","SOAP_043.basePlot.vst","2015-09-10","vst_SOAP_2015","D17","SOAP","SOAP_043",,"NEON.PLA.D17.SOAP.02551",,"single bole tree","Standing dead",10.7,130,,,,,,,"Mostly shaded",,,,,,"proofed and no errors","nmgXO4EtL3dCkwsunPG1iytaBjNqL40q","2GSwrdD8dTCUM8OMtX2xVCKMWrr4ktyi","legacyData"
"c2de2828-ceac-452e-acef-5131832b9d99","SOAP_043.basePlot.vst","2015-09-10","vst_SOAP_2015","D17","SOAP","SOAP_043",,"NEON.PLA.D17.SOAP.02560",,"single bole tree","Live",78.0,130,,,,,,,"Full sun",,,,,,,"nmgXO4EtL3dCkwsunPG1iytaBjNqL40q","2GSwrdD8dTCUM8OMtX2xVCKMWrr4ktyi","legacyData"
"8bb4ea7d-87ea-477c-8669-a113b8dec37f","SOAP_043.basePlot.vst","2015-09-10","vst_SOAP_2015","D17","SOAP","SOAP_043",,"NEON.PLA.D17.SOAP.02565",,"sapling","Live",,,1.2,,,,,,"Full shade",,,,,,,"nmgXO4EtL3dCkwsunPG1iytaBjNqL40q","2GSwrdD8dTCUM8OMtX2xVCKMWrr4ktyi","legacyData"
"02680846-b7a6-4683-aed9-dc8b75f4a8e9","SOAP_043.basePlot.vst","2015-09-10","vst_SOAP_2015","D17","SOAP","SOAP_043",,"NEON.PLA.D17.SOAP.02582",,"single bole tree","Standing dead",12.4,130,,,,,,,"Full shade",,,,,,,"nmgXO4EtL3dCkwsunPG1iytaBjNqL40q","2GSwrdD8dTCUM8OMtX2xVCKMWrr4ktyi","legacyData"
"85a6264d-1746-49c6-bb4e-46ebaf003826","SOAP_043.basePlot.vst","2015-09-10","vst_SOAP_2015","D17","SOAP","SOAP_043",,"NEON.PLA.D17.SOAP.02557",,"single bole tree","Standing dead",13.5,130,,,,,,,"Mostly shaded",,,,,,,"nmgXO4EtL3dCkwsunPG1iytaBjNqL40q","2GSwrdD8dTCUM8OMtX2xVCKMWrr4ktyi","legacyData"
"e7d7d6eb-4d49-4481-9b85-3336171b12b3","SOAP_043.basePlot.vst","2015-09-10","vst_SOAP_2015","D17","SOAP","SOAP_043",,"NEON.PLA.D17.SOAP.02553",,"small tree","Standing dead",3.1,130,3.0,,,,,,"Mostly shaded",,,,,,,"nmgXO4EtL3dCkwsunPG1iytaBjNqL40q","2GSwrdD8dTCUM8OMtX2xVCKMWrr4ktyi","legacyData"
"e0e37bb7-a40e-4b49-af7f-cbbf74df5088","SOAP_057.basePlot.vst","2015-09-22","vst_SOAP_2015","D17","SOAP","SOAP_057",,"NEON.PLA.D17.SOAP.00991",,"small shrub","Live",,,1.0,,,,0.9,0.6,"Full shade","inverted cone",,,27.00,23.00,,"nmgXO4EtL3dCkwsunPG1iytaBjNqL40q","/okdeQQFj3ok0YrB9sbbCIk0Gya2xtkj","legacyData"
"51319929-25b0-4d1b-aa2b-7418e3ae84bd","SOAP_057.basePlot.vst","2015-09-22","vst_SOAP_2015","D17","SOAP","SOAP_057",,"NEON.PLA.D17.SOAP.00970",,"small shrub","Standing dead",,,1.2,,,,1.5,1.1,"Full shade","inverted cone",,,33.00,8.00,,"nmgXO4EtL3dCkwsunPG1iytaBjNqL40q","/okdeQQFj3ok0YrB9sbbCIk0Gya2xtkj","legacyData"
"a97d24e3-277a-4df1-9df8-6c43f0bedb47","SOAP_057.basePlot.vst","2015-09-22","vst_SOAP_2015","D17","SOAP","SOAP_057",,"NEON.PLA.D17.SOAP.00975",,"single bole tree","Standing dead",40.3,130,,,,,,,"Partially shaded",,,,,,,"nmgXO4EtL3dCkwsunPG1iytaBjNqL40q","/okdeQQFj3ok0YrB9sbbCIk0Gya2xtkj","legacyData"
"95b8ffdb-7677-4090-b52d-8a20f027ee5b","SOAP_057.basePlot.vst","2015-09-22","vst_SOAP_2015","D17","SOAP","SOAP_057",,"NEON.PLA.D17.SOAP.00949",,"single bole tree","Live, physically damaged",76.3,130,,,,,,,"Full sun",,,,,,"fire damaged","nmgXO4EtL3dCkwsunPG1iytaBjNqL40q","/okdeQQFj3ok0YrB9sbbCIk0Gya2xtkj","legacyData"
"fc80a70d-695f-46f4-b845-1cdf1127cb33","SOAP_057.basePlot.vst","2015-09-22","vst_SOAP_2015","D17","SOAP","SOAP_057",,"NEON.PLA.D17.SOAP.00957",,"sapling","Live",,,0.5,,,,,,"Full shade",,,,,,,"nmgXO4EtL3dCkwsunPG1iytaBjNqL40q","/okdeQQFj3ok0YrB9sbbCIk0Gya2xtkj","legacyData"
"fb93e688-3305-419a-80e6-0e8a927ba389","SOAP_057.basePlot.vst","2015-09-22","vst_SOAP_2015","D17","SOAP","SOAP_057",,"NEON.PLA.D17.SOAP.00948",,"sapling","Standing dead",,,0.3,,,,,,"Full shade",,,,,,,"nmgXO4EtL3dCkwsunPG1iytaBjNqL40q","/okdeQQFj3ok0YrB9sbbCIk0Gya2xtkj","legacyData"
"18fab980-121c-4db8-997d-664ffd038878","SOAP_057.basePlot.vst","2015-09-22","vst_SOAP_2015","D17","SOAP","SOAP_057",,"NEON.PLA.D17.SOAP.00987",,"small shrub","Live",,,0.9,,,,1.6,0.6,"Full shade","inverted cone",,,25.00,16.00,,"nmgXO4EtL3dCkwsunPG1iytaBjNqL40q","/okdeQQFj3ok0YrB9sbbCIk0Gya2xtkj","legacyData"
"e745dea0-e9ee-41a1-899c-9eb20e1b6c16","SOAP_057.basePlot.vst","2015-09-22","vst_SOAP_2015","D17","SOAP","SOAP_057",,"NEON.PLA.D17.SOAP.00982",,"single bole tree","Live, physically damaged",59.3,130,,,,,,,"Full sun",,,,,,"fire damaged; proofed and no errors","nmgXO4EtL3dCkwsunPG1iytaBjNqL40q","/okdeQQFj3ok0YrB9sbbCIk0Gya2xtkj","legacyData"
"401eb4b0-19ed-4b41-b595-2eaccd886ae4","SOAP_057.basePlot.vst","2015-09-22","vst_SOAP_2015","D17","SOAP","SOAP_057",,"NEON.PLA.D17.SOAP.00969",,"single bole tree","Live, physically damaged",59.4,130,,,,,,,"Full sun",,,,,,"fire damaged; proofed and no errors","nmgXO4EtL3dCkwsunPG1iytaBjNqL40q","/okdeQQFj3ok0YrB9sbbCIk0Gya2xtkj","legacyData"
"94d46b98-c36e-4ff8-b3fe-95d4f652b398","SOAP_057.basePlot.vst","2015-09-22","vst_SOAP_2015","D17","SOAP","SOAP_057",,"NEON.PLA.D17.SOAP.00951",,"sapling","Live",,,0.8,,,,,,"Full shade",,,,,,,"nmgXO4EtL3dCkwsunPG1iytaBjNqL40q","/okdeQQFj3ok0YrB9sbbCIk0Gya2xtkj","legacyData"
"82f1fcf5-1e25-4f05-8908-05e1f3a09be0","SOAP_057.basePlot.vst","2015-09-22","vst_SOAP_2015","D17","SOAP","SOAP_057",,"NEON.PLA.D17.SOAP.00976",,"single bole tree","Standing dead",56.0,130,,,,,,,"Full sun",,,,,,,"nmgXO4EtL3dCkwsunPG1iytaBjNqL40q","/okdeQQFj3ok0YrB9sbbCIk0Gya2xtkj","legacyData"
"d5e367ee-9d6a-4190-acd9-95da5da2486d","SOAP_057.basePlot.vst","2015-09-22","vst_SOAP_2015","D17","SOAP","SOAP_057",,"NEON.PLA.D17.SOAP.00989",,"single bole tree","Live, physically damaged",72.1,130,,,,,,,"Full sun",,,,,,"fire damaged","nmgXO4EtL3dCkwsunPG1iytaBjNqL40q","/okdeQQFj3ok0YrB9sbbCIk0Gya2xtkj","legacyData"
"9dbd44e1-afd1-4e2f-9211-b3c6ccbb3fcd","SOAP_057.basePlot.vst","2015-09-22","vst_SOAP_2015","D17","SOAP","SOAP_057",,"NEON.PLA.D17.SOAP.00961",,"single bole tree","Standing dead",13.0,130,,,,,,,"Mostly shaded",,,,,,"proofed and no errors","nmgXO4EtL3dCkwsunPG1iytaBjNqL40q","/okdeQQFj3ok0YrB9sbbCIk0Gya2xtkj","legacyData"
"e4f66c27-eec7-4bd1-aaac-18bdd79baaeb","SOAP_057.basePlot.vst","2015-09-22","vst_SOAP_2015","D17","SOAP","SOAP_057",,"NEON.PLA.D17.SOAP.01000",,"single bole tree","Live, physically damaged",70.1,130,,,,,,,"Full sun",,,,,,"fire damaged","nmgXO4EtL3dCkwsunPG1iytaBjNqL40q","/okdeQQFj3ok0YrB9sbbCIk0Gya2xtkj","legacyData"
"389dd969-5610-4b65-a0b7-a87d2fef5a0e","SOAP_057.basePlot.vst","2015-09-22","vst_SOAP_2015","D17","SOAP","SOAP_057",,"NEON.PLA.D17.SOAP.00988",,"single bole tree","Live, physically damaged",35.0,130,,,,,,,"Partially shaded",,,,,,"fire damaged","nmgXO4EtL3dCkwsunPG1iytaBjNqL40q","/okdeQQFj3ok0YrB9sbbCIk0Gya2xtkj","legacyData"
"9cda43d1-e261-48fb-91c7-c4097cae16a2","SOAP_057.basePlot.vst","2015-09-22","vst_SOAP_2015","D17","SOAP","SOAP_057",,"NEON.PLA.D17.SOAP.00956",,"small shrub","Live",,,0.9,,,,0.8,0.6,"Full shade","half-sphere",,,,,,"nmgXO4EtL3dCkwsunPG1iytaBjNqL40q","/okdeQQFj3ok0YrB9sbbCIk0Gya2xtkj","legacyData"
"ee30607b-3bf6-4ed8-9dc3-3af610374e61","SOAP_057.basePlot.vst","2015-09-22","vst_SOAP_2015","D17","SOAP","SOAP_057",,"NEON.PLA.D17.SOAP.00978",,"single bole tree","Live, physically damaged",63.2,130,,,,,,,"Full sun",,,,,,"fire damaged","nmgXO4EtL3dCkwsunPG1iytaBjNqL40q","/okdeQQFj3ok0YrB9sbbCIk0Gya2xtkj","legacyData"
"dc62a970-925d-40ff-8e95-7b649ce925b8","SOAP_057.basePlot.vst","2015-09-22","vst_SOAP_2015","D17","SOAP","SOAP_057",,"NEON.PLA.D17.SOAP.00980",,"single bole tree","Live, physically damaged",35.1,130,,,,,,,"Partially shaded",,,,,,"fire damaged","nmgXO4EtL3dCkwsunPG1iytaBjNqL40q","/okdeQQFj3ok0YrB9sbbCIk0Gya2xtkj","legacyData"
"42d17321-7238-44c1-ae2e-b7920ab46fce","SOAP_057.basePlot.vst","2015-09-22","vst_SOAP_2015","D17","SOAP","SOAP_057",,"NEON.PLA.D17.SOAP.00977",,"small shrub","Live",,,0.9,,,,1.1,0.9,"Full shade","half-sphere",,,,,,"nmgXO4EtL3dCkwsunPG1iytaBjNqL40q","/okdeQQFj3ok0YrB9sbbCIk0Gya2xtkj","legacyData"
"7a3eb8dc-c0a3-4814-ae24-ca7beb4c6f1d","SOAP_057.basePlot.vst","2015-09-22","vst_SOAP_2015","D17","SOAP","SOAP_057",,"NEON.PLA.D17.SOAP.00952",,"small shrub","Live",,,0.8,,,,0.9,0.6,"Full shade","half-sphere",,,,,"proofed and no errors","nmgXO4EtL3dCkwsunPG1iytaBjNqL40q","/okdeQQFj3ok0YrB9sbbCIk0Gya2xtkj","legacyData"
"bdec4ae7-cfb7-44cd-9c0b-b985eb497509","SOAP_057.basePlot.vst","2015-09-22","vst_SOAP_2015","D17","SOAP","SOAP_057",,"NEON.PLA.D17.SOAP.00963",,"single shrub","Live",,,3.2,,,,5.5,5.4,"Full shade","inverted cone",,,120.00,51.00,,"nmgXO4EtL3dCkwsunPG1iytaBjNqL40q","/okdeQQFj3ok0YrB9sbbCIk0Gya2xtkj","legacyData"
"91cd99ef-0403-41f4-99cf-23b2a9e2506f","SOAP_057.basePlot.vst","2015-09-22","vst_SOAP_2015","D17","SOAP","SOAP_057",,"NEON.PLA.D17.SOAP.00986",,"sapling","Standing dead",,,0.9,,,,,,"Full shade",,,,,,,"nmgXO4EtL3dCkwsunPG1iytaBjNqL40q","/okdeQQFj3ok0YrB9sbbCIk0Gya2xtkj","legacyData"
"7cfb865c-56b1-4c97-a0d5-8b9853dd5f00","SOAP_057.basePlot.vst","2015-09-22","vst_SOAP_2015","D17","SOAP","SOAP_057",,"NEON.PLA.D17.SOAP.03084",,,"Standing dead",21.0,130,,,,,,,,,,,,,,"nmgXO4EtL3dCkwsunPG1iytaBjNqL40q","/okdeQQFj3ok0YrB9sbbCIk0Gya2xtkj","legacyData | noMapTagData"
"f25b9c6c-266b-47b8-9797-75f5282f045c","SOAP_057.basePlot.vst","2015-09-22","vst_SOAP_2015","D17","SOAP","SOAP_057",,"NEON.PLA.D17.SOAP.00962",,"small tree","Standing dead",5.1,130,1.9,,,,,,"Full shade",,,,,,"proofed and no errors","nmgXO4EtL3dCkwsunPG1iytaBjNqL40q","/okdeQQFj3ok0YrB9sbbCIk0Gya2xtkj","legacyData"
"cd4cb3a6-aa23-4b77-9df4-b846ebfebc59","SOAP_057.basePlot.vst","2015-09-22","vst_SOAP_2015","D17","SOAP","SOAP_057",,"NEON.PLA.D17.SOAP.00972",,"sapling","Standing dead",,,0.7,,,,,,,,,,,,,"nmgXO4EtL3dCkwsunPG1iytaBjNqL40q","/okdeQQFj3ok0YrB9sbbCIk0Gya2xtkj","legacyData"
"3b575c85-af0c-4041-adac-dc01ab6cd616","SOAP_057.basePlot.vst","2015-09-22","vst_SOAP_2015","D17","SOAP","SOAP_057",,"NEON.PLA.D17.SOAP.00985",,"small shrub","Live",,,0.8,,,,1.2,0.9,"Full shade","inverted cone",,,19.00,15.00,,"nmgXO4EtL3dCkwsunPG1iytaBjNqL40q","/okdeQQFj3ok0YrB9sbbCIk0Gya2xtkj","legacyData"
"c8452f07-8a27-4664-984d-f7ceac1dfc5e","SOAP_057.basePlot.vst","2015-09-22","vst_SOAP_2015","D17","SOAP","SOAP_057",,"NEON.PLA.D17.SOAP.00958",,"sapling","Live",,,0.5,,,,,,"Full shade",,,,,,,"nmgXO4EtL3dCkwsunPG1iytaBjNqL40q","/okdeQQFj3ok0YrB9sbbCIk0Gya2xtkj","legacyData"
"019ad3fc-a7cc-4ffc-94e9-99feded1da56","SOAP_057.basePlot.vst","2015-09-22","vst_SOAP_2015","D17","SOAP","SOAP_057",,"NEON.PLA.D17.SOAP.01007",,"small shrub","Live",,,1.1,,,,1.3,0.6,"Full shade","half-sphere",,,,,"dead smt with sms live resprouts. Recorded measurements for both but only gave one tag","nmgXO4EtL3dCkwsunPG1iytaBjNqL40q","/okdeQQFj3ok0YrB9sbbCIk0Gya2xtkj","legacyData"
"3c251e59-8e58-4915-8b04-4f32bd5ad04a","SOAP_057.basePlot.vst","2015-09-22","vst_SOAP_2015","D17","SOAP","SOAP_057",,"NEON.PLA.D17.SOAP.00971",,"single bole tree","Standing dead",28.8,130,,,,,,,"Partially shaded",,,,,,,"nmgXO4EtL3dCkwsunPG1iytaBjNqL40q","/okdeQQFj3ok0YrB9sbbCIk0Gya2xtkj","legacyData"
"93e5e170-e634-4534-8155-2f9f358750bd","SOAP_057.basePlot.vst","2015-09-22","vst_SOAP_2015","D17","SOAP","SOAP_057",,"NEON.PLA.D17.SOAP.00997",,"single bole tree","Live, physically damaged",25.5,130,,,,,,,"Partially shaded",,,,,,"fire damaged","nmgXO4EtL3dCkwsunPG1iytaBjNqL40q","/okdeQQFj3ok0YrB9sbbCIk0Gya2xtkj","legacyData"
"cc72bcf6-1023-48eb-9faf-92dc5773d317","SOAP_057.basePlot.vst","2015-09-22","vst_SOAP_2015","D17","SOAP","SOAP_057",,"NEON.PLA.D17.SOAP.00966",,"small shrub","Live",,,1.1,,,,1.3,1.1,"Full shade","inverted cone",,,26.00,20.00,,"nmgXO4EtL3dCkwsunPG1iytaBjNqL40q","/okdeQQFj3ok0YrB9sbbCIk0Gya2xtkj","legacyData"
"a25b5da8-3d38-4f8a-bee6-798bf044fd67","SOAP_057.basePlot.vst","2015-09-22","vst_SOAP_2015","D17","SOAP","SOAP_057",,"NEON.PLA.D17.SOAP.00968",,"sapling","Live",,,0.6,,,,,,"Full shade",,,,,,,"nmgXO4EtL3dCkwsunPG1iytaBjNqL40q","/okdeQQFj3ok0YrB9sbbCIk0Gya2xtkj","legacyData"
"3050bc4d-5c7c-4aca-9124-f30d0371dd05","SOAP_057.basePlot.vst","2015-09-22","vst_SOAP_2015","D17","SOAP","SOAP_057",,"NEON.PLA.D17.SOAP.00990",,"single bole tree","Live, physically damaged",38.1,130,,,,,,,"Partially shaded",,,,,,"fire damaged","nmgXO4EtL3dCkwsunPG1iytaBjNqL40q","/okdeQQFj3ok0YrB9sbbCIk0Gya2xtkj","legacyData"
"1d24e846-facf-44ee-af0e-c030f48fbd69","SOAP_057.basePlot.vst","2015-09-22","vst_SOAP_2015","D17","SOAP","SOAP_057",,"NEON.PLA.D17.SOAP.00994",,"single bole tree","Live, physically damaged",29.4,130,,,,,,,"Partially shaded",,,,,,"fire damaged","nmgXO4EtL3dCkwsunPG1iytaBjNqL40q","/okdeQQFj3ok0YrB9sbbCIk0Gya2xtkj","legacyData"
"54c9b023-d05c-400a-a225-de7bc49ecb86","SOAP_057.basePlot.vst","2015-09-22","vst_SOAP_2015","D17","SOAP","SOAP_057",,"NEON.PLA.D17.SOAP.01003",,"small shrub","Live",,,1.1,,,,0.9,0.7,"Full shade","inverted cone",,,17.00,12.00,,"nmgXO4EtL3dCkwsunPG1iytaBjNqL40q","/okdeQQFj3ok0YrB9sbbCIk0Gya2xtkj","legacyData"
"9b12382b-b37e-46ef-b573-aefaad0fb265","SOAP_057.basePlot.vst","2015-09-22","vst_SOAP_2015","D17","SOAP","SOAP_057",,"NEON.PLA.D17.SOAP.00999",,"small shrub","Live",,,2.0,,,,1.3,1.1,"Full shade","cylinder",,,,,,"nmgXO4EtL3dCkwsunPG1iytaBjNqL40q","/okdeQQFj3ok0YrB9sbbCIk0Gya2xtkj","legacyData"
"ef01edad-c614-481d-ac4d-b398edf4faa9","SOAP_057.basePlot.vst","2015-09-22","vst_SOAP_2015","D17","SOAP","SOAP_057",,"NEON.PLA.D17.SOAP.01006A",,,"Live, physically damaged",31.2,130,,,,,,,,,,,,,"fire damaged","nmgXO4EtL3dCkwsunPG1iytaBjNqL40q","/okdeQQFj3ok0YrB9sbbCIk0Gya2xtkj","legacyData"
"177f7923-4195-43e9-90f4-6ec24d1f8f48","SOAP_057.basePlot.vst","2015-09-22","vst_SOAP_2015","D17","SOAP","SOAP_057",,"NEON.PLA.D17.SOAP.01005",,"sapling","Standing dead",,,0.6,,,,,,"Full shade",,,,,,,"nmgXO4EtL3dCkwsunPG1iytaBjNqL40q","/okdeQQFj3ok0YrB9sbbCIk0Gya2xtkj","legacyData"
"73813038-0077-40d7-a229-0dde72f8a3b2","SOAP_057.basePlot.vst","2015-09-22","vst_SOAP_2015","D17","SOAP","SOAP_057",,"NEON.PLA.D17.SOAP.00959",,"sapling","Live",,,0.7,,,,,,"Full shade",,,,,,,"nmgXO4EtL3dCkwsunPG1iytaBjNqL40q","/okdeQQFj3ok0YrB9sbbCIk0Gya2xtkj","legacyData"
"fe381569-3a8a-45ce-84f1-ff64348223b4","SOAP_057.basePlot.vst","2015-09-22","vst_SOAP_2015","D17","SOAP","SOAP_057",,"NEON.PLA.D17.SOAP.01006B",,,"Standing dead",21.0,130,,,,,,,,,,,,,,"nmgXO4EtL3dCkwsunPG1iytaBjNqL40q","/okdeQQFj3ok0YrB9sbbCIk0Gya2xtkj","legacyData"
"37c26699-50fd-4b39-8163-02a6bd5300c5","SOAP_057.basePlot.vst","2015-09-22","vst_SOAP_2015","D17","SOAP","SOAP_057",,"NEON.PLA.D17.SOAP.00964",,"single bole tree","Live, physically damaged",15.9,130,,,,,,,"Partially shaded",,,,,,"fire damaged","nmgXO4EtL3dCkwsunPG1iytaBjNqL40q","/okdeQQFj3ok0YrB9sbbCIk0Gya2xtkj","legacyData"
"f1a523bc-ea8e-4896-9270-93e0cdaacf27","SOAP_057.basePlot.vst","2015-09-22","vst_SOAP_2015","D17","SOAP","SOAP_057",,"NEON.PLA.D17.SOAP.00998",,"single bole tree","Live, physically damaged",55.5,130,,,,,,,"Partially shaded",,,,,,"fire damaged","nmgXO4EtL3dCkwsunPG1iytaBjNqL40q","/okdeQQFj3ok0YrB9sbbCIk0Gya2xtkj","legacyData"
"cc227217-d3dc-47ea-8ffe-5a49a6196c5d","SOAP_057.basePlot.vst","2015-09-22","vst_SOAP_2015","D17","SOAP","SOAP_057",,"NEON.PLA.D17.SOAP.00967",,"sapling","Standing dead",,,0.8,,,,,,"Full shade",,,,,,,"nmgXO4EtL3dCkwsunPG1iytaBjNqL40q","/okdeQQFj3ok0YrB9sbbCIk0Gya2xtkj","legacyData"
"e4deb1af-6189-4e5c-9cc6-150ad5de748c","SOAP_057.basePlot.vst","2015-09-22","vst_SOAP_2015","D17","SOAP","SOAP_057",,"NEON.PLA.D17.SOAP.00992",,"single bole tree","Live, physically damaged",22.9,130,,,,,,,"Partially shaded",,,,,,"fire damaged; proofed and errors corrected","nmgXO4EtL3dCkwsunPG1iytaBjNqL40q","/okdeQQFj3ok0YrB9sbbCIk0Gya2xtkj","legacyData"
"a6e5f622-fb0b-44b5-b526-f5b1363068c4","SOAP_057.basePlot.vst","2015-09-22","vst_SOAP_2015","D17","SOAP","SOAP_057",,"NEON.PLA.D17.SOAP.03334",,"small tree","Live, physically damaged",31.2,130,,,,,,,,,,,,,"fire damaged","nmgXO4EtL3dCkwsunPG1iytaBjNqL40q","/okdeQQFj3ok0YrB9sbbCIk0Gya2xtkj","legacyData"
"81459c3d-ca02-440b-adba-3b25779e3a04","SOAP_057.basePlot.vst","2015-09-22","vst_SOAP_2015","D17","SOAP","SOAP_057",,"NEON.PLA.D17.SOAP.00965",,"small shrub","Live",,,1.0,,,,1.4,0.7,"Full shade","inverted cone",,,13.00,12.00,,"nmgXO4EtL3dCkwsunPG1iytaBjNqL40q","/okdeQQFj3ok0YrB9sbbCIk0Gya2xtkj","legacyData"
"a954061d-ecbe-4d07-b72a-e1637a5366a9","SOAP_057.basePlot.vst","2015-09-22","vst_SOAP_2015","D17","SOAP","SOAP_057",,"NEON.PLA.D17.SOAP.01001",,"small shrub","Live",,,1.5,,,,1.6,1.2,"Full shade","oblate half-sphere",,,,,,"nmgXO4EtL3dCkwsunPG1iytaBjNqL40q","/okdeQQFj3ok0YrB9sbbCIk0Gya2xtkj","legacyData"
"43745d12-8fc4-47c3-85db-1a55138690fe","SOAP_057.basePlot.vst","2015-09-22","vst_SOAP_2015","D17","SOAP","SOAP_057",,"NEON.PLA.D17.SOAP.01006",,"multi-bole tree","Live, physically damaged",34.5,130,,,,,,,"Partially shaded",,,,,,"fire damaged","nmgXO4EtL3dCkwsunPG1iytaBjNqL40q","/okdeQQFj3ok0YrB9sbbCIk0Gya2xtkj","legacyData"
"c7abd939-6f56-4811-8827-3a3b1fd54850","SOAP_057.basePlot.vst","2015-09-22","vst_SOAP_2015","D17","SOAP","SOAP_057",,"NEON.PLA.D17.SOAP.00973",,"single bole tree","Standing dead",28.0,130,,,,,,,"Partially shaded",,,,,,,"nmgXO4EtL3dCkwsunPG1iytaBjNqL40q","/okdeQQFj3ok0YrB9sbbCIk0Gya2xtkj","legacyData"
"1f3564a3-d923-49c7-adfd-67bc995a7bf7","SOAP_057.basePlot.vst","2015-09-22","vst_SOAP_2015","D17","SOAP","SOAP_057",,"NEON.PLA.D17.SOAP.00983",,"single bole tree","Live",65.4,130,,,,,,,"Partially shaded",,,,,,,"nmgXO4EtL3dCkwsunPG1iytaBjNqL40q","/okdeQQFj3ok0YrB9sbbCIk0Gya2xtkj","legacyData"
"28331e73-bf45-48f9-a055-827830256173","SOAP_057.basePlot.vst","2015-09-22","vst_SOAP_2015","D17","SOAP","SOAP_057",,"NEON.PLA.D17.SOAP.00954",,"sapling","Standing dead",,,0.6,,,,,,"Full shade",,,,,,"smaller non-qualifying live sprouts around dead sapling","nmgXO4EtL3dCkwsunPG1iytaBjNqL40q","/okdeQQFj3ok0YrB9sbbCIk0Gya2xtkj","legacyData"
"dee61a21-4c03-4a0e-b189-0f48d686a40e","SOAP_057.basePlot.vst","2015-09-22","vst_SOAP_2015","D17","SOAP","SOAP_057",,"NEON.PLA.D17.SOAP.00995",,"small shrub","Live",,,1.1,,,,1.6,1.4,"Full shade","oblate half-sphere",,,,,,"nmgXO4EtL3dCkwsunPG1iytaBjNqL40q","/okdeQQFj3ok0YrB9sbbCIk0Gya2xtkj","legacyData"
"5b71a454-5603-42f0-9c14-1bc3fb78da62","SOAP_057.basePlot.vst","2015-09-22","vst_SOAP_2015","D17","SOAP","SOAP_057",,"NEON.PLA.D17.SOAP.00996",,"single bole tree","Live, physically damaged",40.0,130,,,,,,,"Partially shaded",,,,,,"fire damaged","nmgXO4EtL3dCkwsunPG1iytaBjNqL40q","/okdeQQFj3ok0YrB9sbbCIk0Gya2xtkj","legacyData"
"c06d054a-ef8f-427f-a9ed-4353a6a4fe4f","SOAP_057.basePlot.vst","2015-09-22","vst_SOAP_2015","D17","SOAP","SOAP_057",,"NEON.PLA.D17.SOAP.01008",,"sapling","Live",,,0.8,,,,,,"Full shade",,,,,,,"nmgXO4EtL3dCkwsunPG1iytaBjNqL40q","/okdeQQFj3ok0YrB9sbbCIk0Gya2xtkj","legacyData"
"355c4833-7deb-4286-b392-7ae2791acadf","SOAP_057.basePlot.vst","2015-09-22","vst_SOAP_2015","D17","SOAP","SOAP_057",,"NEON.PLA.D17.SOAP.00950",,"single bole tree","Live, physically damaged",41.6,130,,,,,,,"Full sun",,,,,,"fire damaged","nmgXO4EtL3dCkwsunPG1iytaBjNqL40q","/okdeQQFj3ok0YrB9sbbCIk0Gya2xtkj","legacyData"
"5046785b-6e1e-4192-be91-8383073b5ce0","SOAP_057.basePlot.vst","2015-09-22","vst_SOAP_2015","D17","SOAP","SOAP_057",,"NEON.PLA.D17.SOAP.00953",,"small tree","Standing dead",6.5,130,1.3,,,,,,"Full shade",,,,,,"dead smt with live sms resprouts. Recorded measurements for both but only gave one tag.","nmgXO4EtL3dCkwsunPG1iytaBjNqL40q","/okdeQQFj3ok0YrB9sbbCIk0Gya2xtkj","legacyData"
"3cc614c7-fee8-4842-9fa0-0a151897f7eb","SOAP_057.basePlot.vst","2015-09-22","vst_SOAP_2015","D17","SOAP","SOAP_057",,"NEON.PLA.D17.SOAP.00955",,"single bole tree","Live, physically damaged",38.6,130,,,,,,,"Full sun",,,,,,"fire damaged","nmgXO4EtL3dCkwsunPG1iytaBjNqL40q","/okdeQQFj3ok0YrB9sbbCIk0Gya2xtkj","legacyData"
"20911de9-145e-4562-bead-325f137d4b0f","SOAP_057.basePlot.vst","2015-09-22","vst_SOAP_2015","D17","SOAP","SOAP_057",,"NEON.PLA.D17.SOAP.00979",,"small shrub","Live",,,1.1,,,,1.2,0.9,"Full shade","half-sphere",,,,,,"nmgXO4EtL3dCkwsunPG1iytaBjNqL40q","/okdeQQFj3ok0YrB9sbbCIk0Gya2xtkj","legacyData"
"68c7d76c-0f36-457e-a340-5bb895f64788","SOAP_057.basePlot.vst","2015-09-22","vst_SOAP_2015","D17","SOAP","SOAP_057",,"NEON.PLA.D17.SOAP.00993",,"small shrub","Live",,,1.0,,,,0.4,0.4,"Full shade","cylinder",,,,,,"nmgXO4EtL3dCkwsunPG1iytaBjNqL40q","/okdeQQFj3ok0YrB9sbbCIk0Gya2xtkj","legacyData"
"407c027e-8a02-4042-a22a-b58869200117","SOAP_057.basePlot.vst","2015-09-22","vst_SOAP_2015","D17","SOAP","SOAP_057",,"NEON.PLA.D17.SOAP.00981",,"single bole tree","Live, physically damaged",29.5,130,,,,,,,"Partially shaded",,,,,,"fire damaged","nmgXO4EtL3dCkwsunPG1iytaBjNqL40q","/okdeQQFj3ok0YrB9sbbCIk0Gya2xtkj","legacyData"
"a1f9c06d-62f4-488d-a614-ef5323a76ae2","SOAP_057.basePlot.vst","2015-09-22","vst_SOAP_2015","D17","SOAP","SOAP_057",,"NEON.PLA.D17.SOAP.00960",,"single bole tree","Live, physically damaged",26.9,130,,,,,,,"Partially shaded",,,,,,"fire damaged","nmgXO4EtL3dCkwsunPG1iytaBjNqL40q","/okdeQQFj3ok0YrB9sbbCIk0Gya2xtkj","legacyData"
"aa5b7cf3-9082-4b04-b02a-c0f4618ade87","SOAP_057.basePlot.vst","2015-09-22","vst_SOAP_2015","D17","SOAP","SOAP_057",,"NEON.PLA.D17.SOAP.01002",,"small shrub","Live",,,1.1,,,,1.2,1.2,"Full shade","inverted cone",,,29.00,18.00,"proofed and no errors","nmgXO4EtL3dCkwsunPG1iytaBjNqL40q","/okdeQQFj3ok0YrB9sbbCIk0Gya2xtkj","legacyData"
"5959b803-a905-45cb-a771-e13c00f31e1d","SOAP_057.basePlot.vst","2015-09-22","vst_SOAP_2015","D17","SOAP","SOAP_057",,"NEON.PLA.D17.SOAP.00974",,"single bole tree","Live, physically damaged",46.1,130,,,,,,,"Partially shaded",,,,,,"fire damaged","nmgXO4EtL3dCkwsunPG1iytaBjNqL40q","/okdeQQFj3ok0YrB9sbbCIk0Gya2xtkj","legacyData"
"10adec2f-ffbb-4600-b2e7-747a66f2d850","SOAP_057.basePlot.vst","2015-09-22","vst_SOAP_2015","D17","SOAP","SOAP_057",,"NEON.PLA.D17.SOAP.00984",,"single bole tree","Live, physically damaged",54.6,130,,,,,,,"Full sun",,,,,,"fire damaged","nmgXO4EtL3dCkwsunPG1iytaBjNqL40q","/okdeQQFj3ok0YrB9sbbCIk0Gya2xtkj","legacyData"
"f784354f-a36d-4739-95f7-626a14093694","SOAP_057.basePlot.vst","2015-09-22","vst_SOAP_2015","D17","SOAP","SOAP_057",,"NEON.PLA.D17.SOAP.01004",,"sapling","Live",,,0.6,,,,,,"Full shade",,,,,,,"nmgXO4EtL3dCkwsunPG1iytaBjNqL40q","/okdeQQFj3ok0YrB9sbbCIk0Gya2xtkj","legacyData"
"163eb771-de97-401d-bf67-150caf906eaf","SOAP_051.basePlot.vst","2015-09-28","vst_SOAP_2015","D17","SOAP","SOAP_051",,"NEON.PLA.D17.SOAP.01019A",,,"Live",10.9,130,,,,,,,,,,,,,,"3fh8ZWGiUyNPW/cfWo4MvcGcAV2rECSC","/okdeQQFj3ok0YrB9sbbCIk0Gya2xtkj","legacyData"
"a0e2668f-223f-4d4c-b9aa-ccaae7e9a65f","SOAP_051.basePlot.vst","2015-09-28","vst_SOAP_2015","D17","SOAP","SOAP_051",,"NEON.PLA.D17.SOAP.01035",,"single shrub","Live",,,2.2,,,,2.8,2.6,"Full shade","half-sphere",,,,,,"3fh8ZWGiUyNPW/cfWo4MvcGcAV2rECSC","/okdeQQFj3ok0YrB9sbbCIk0Gya2xtkj","legacyData"
"a74eada3-705d-4e90-9e28-4265f9afd90e","SOAP_051.basePlot.vst","2015-09-28","vst_SOAP_2015","D17","SOAP","SOAP_051",,"NEON.PLA.D17.SOAP.01019",,"multi-bole tree","Live",13.8,120,,,,,,,"Mostly shaded",,,,,,,"3fh8ZWGiUyNPW/cfWo4MvcGcAV2rECSC","/okdeQQFj3ok0YrB9sbbCIk0Gya2xtkj","legacyData"
"138d2461-efc0-44ce-a99d-745054246c52","SOAP_051.basePlot.vst","2015-09-28","vst_SOAP_2015","D17","SOAP","SOAP_051",,"NEON.PLA.D17.SOAP.02121",,,"Live",11.4,130,,,,,,,,,,,,,,"3fh8ZWGiUyNPW/cfWo4MvcGcAV2rECSC","/okdeQQFj3ok0YrB9sbbCIk0Gya2xtkj","legacyData | noMapTagData"
"0ef712da-2570-441a-9f43-63479698bcf3","SOAP_051.basePlot.vst","2015-09-28","vst_SOAP_2015","D17","SOAP","SOAP_051",,"NEON.PLA.D17.SOAP.02120",,,"Live",13.4,130,,,,,,,,,,,,,,"3fh8ZWGiUyNPW/cfWo4MvcGcAV2rECSC","/okdeQQFj3ok0YrB9sbbCIk0Gya2xtkj","legacyData | noMapTagData"
"3b6abb2e-527c-4a10-b9d9-9afa188159d9","SOAP_051.basePlot.vst","2015-09-28","vst_SOAP_2015","D17","SOAP","SOAP_051",,"NEON.PLA.D17.SOAP.01023",,"single shrub","Live",,,2.5,,,,2.2,1.8,"Full shade","inverted cone",,,12.00,8.00,,"3fh8ZWGiUyNPW/cfWo4MvcGcAV2rECSC","/okdeQQFj3ok0YrB9sbbCIk0Gya2xtkj","legacyData"
"901ec087-51fc-4cdd-a4e5-bbaa8b46bbc6","SOAP_051.basePlot.vst","2015-09-28","vst_SOAP_2015","D17","SOAP","SOAP_051",,"NEON.PLA.D17.SOAP.01009",,"single shrub","Live",,,2.4,,,,3.0,2.4,"Full shade","half-sphere",,,,,,"3fh8ZWGiUyNPW/cfWo4MvcGcAV2rECSC","/okdeQQFj3ok0YrB9sbbCIk0Gya2xtkj","legacyData"
"e45137c5-1c8b-4ebe-9c37-052b41191ccf","SOAP_051.basePlot.vst","2015-09-28","vst_SOAP_2015","D17","SOAP","SOAP_051",,"NEON.PLA.D17.SOAP.01038",,"small shrub","Standing dead",,,0.8,,,,1.3,0.8,"Full shade","inverted cone",,,15.00,13.00,,"3fh8ZWGiUyNPW/cfWo4MvcGcAV2rECSC","/okdeQQFj3ok0YrB9sbbCIk0Gya2xtkj","legacyData"
"655b8e07-f1a7-4020-96a7-dd7a7472c497","SOAP_051.basePlot.vst","2015-09-28","vst_SOAP_2015","D17","SOAP","SOAP_051",,"NEON.PLA.D17.SOAP.01037",,"single shrub","Live",,,2.4,,,,3.0,3.0,"Full shade","half-sphere",,,,,,"3fh8ZWGiUyNPW/cfWo4MvcGcAV2rECSC","/okdeQQFj3ok0YrB9sbbCIk0Gya2xtkj","legacyData"
"22a3c013-9320-4af5-99ef-0bdd7a2cbbe0","SOAP_051.basePlot.vst","2015-09-28","vst_SOAP_2015","D17","SOAP","SOAP_051",,"NEON.PLA.D17.SOAP.01019B",,,"Live",13.4,130,,,,,,,,,,,,,,"3fh8ZWGiUyNPW/cfWo4MvcGcAV2rECSC","/okdeQQFj3ok0YrB9sbbCIk0Gya2xtkj","legacyData"
"46152e42-6e64-412b-8270-f4240e73c6a8","SOAP_051.basePlot.vst","2015-09-28","vst_SOAP_2015","D17","SOAP","SOAP_051",,"NEON.PLA.D17.SOAP.02119",,,"Live",10.9,130,,,,,,,,,,,,,,"3fh8ZWGiUyNPW/cfWo4MvcGcAV2rECSC","/okdeQQFj3ok0YrB9sbbCIk0Gya2xtkj","legacyData | noMapTagData"
"b7ef80cc-1e08-4acd-92b5-16859ab14dee","SOAP_051.basePlot.vst","2015-09-28","vst_SOAP_2015","D17","SOAP","SOAP_051",,"NEON.PLA.D17.SOAP.01016B",,,"Live",16.9,130,,,,,,,,,,,,,"proofed and no errors","3fh8ZWGiUyNPW/cfWo4MvcGcAV2rECSC","/okdeQQFj3ok0YrB9sbbCIk0Gya2xtkj","legacyData"
"7797a6f8-bf35-4498-9659-07ca451000f0","SOAP_051.basePlot.vst","2015-09-28","vst_SOAP_2015","D17","SOAP","SOAP_051",,"NEON.PLA.D17.SOAP.01030",,"single shrub","Live",,,1.7,,,,0.9,0.8,"Full shade","inverted cone",,,17.00,13.00,"proofed and no errors","3fh8ZWGiUyNPW/cfWo4MvcGcAV2rECSC","/okdeQQFj3ok0YrB9sbbCIk0Gya2xtkj","legacyData"
"97f12db6-d524-42ea-80d0-77ed3a674445","SOAP_051.basePlot.vst","2015-09-28","vst_SOAP_2015","D17","SOAP","SOAP_051",,"NEON.PLA.D17.SOAP.01013",,"single shrub","Live",,,2.1,,,,2.6,2.2,"Full shade","half-sphere",,,,,,"3fh8ZWGiUyNPW/cfWo4MvcGcAV2rECSC","/okdeQQFj3ok0YrB9sbbCIk0Gya2xtkj","legacyData"
"b381d813-60e5-4a93-82a9-171069df2fd8","SOAP_051.basePlot.vst","2015-09-28","vst_SOAP_2015","D17","SOAP","SOAP_051",,"NEON.PLA.D17.SOAP.01042",,"small shrub","Live",,,2.1,,,,1.4,1.2,"Full shade","cylinder",,,,,,"3fh8ZWGiUyNPW/cfWo4MvcGcAV2rECSC","/okdeQQFj3ok0YrB9sbbCIk0Gya2xtkj","legacyData"
"7a2828bb-c77c-4ecc-85d2-00101440b316","SOAP_051.basePlot.vst","2015-09-28","vst_SOAP_2015","D17","SOAP","SOAP_051",,"NEON.PLA.D17.SOAP.01016A",,,"Live",16.0,130,,,,,,,,,,,,,,"3fh8ZWGiUyNPW/cfWo4MvcGcAV2rECSC","/okdeQQFj3ok0YrB9sbbCIk0Gya2xtkj","legacyData"
"2b0eedb5-f5df-4a1e-bf0e-d16710f06a7e","SOAP_051.basePlot.vst","2015-09-28","vst_SOAP_2015","D17","SOAP","SOAP_051",,"NEON.PLA.D17.SOAP.01021",,"small tree","Live",3.6,130,2.1,,,,,,"Full shade",,,,,,,"3fh8ZWGiUyNPW/cfWo4MvcGcAV2rECSC","/okdeQQFj3ok0YrB9sbbCIk0Gya2xtkj","legacyData"
"1c517b29-09fa-43e9-bc7e-d455660b1c20","SOAP_051.basePlot.vst","2015-09-28","vst_SOAP_2015","D17","SOAP","SOAP_051",,"NEON.PLA.D17.SOAP.01025",,"single shrub","Live",,,2.1,,,,2.1,1.4,"Full shade","inverted cone",,,20.00,15.00,,"3fh8ZWGiUyNPW/cfWo4MvcGcAV2rECSC","/okdeQQFj3ok0YrB9sbbCIk0Gya2xtkj","legacyData"
"c722e139-2898-42db-be39-880ed02870b2","SOAP_051.basePlot.vst","2015-09-28","vst_SOAP_2015","D17","SOAP","SOAP_051",,"NEON.PLA.D17.SOAP.01041",,"single shrub","Live",,,1.8,,,,3.8,2.9,"Full shade","half-sphere",,,,,,"3fh8ZWGiUyNPW/cfWo4MvcGcAV2rECSC","/okdeQQFj3ok0YrB9sbbCIk0Gya2xtkj","legacyData"
"cd43376a-86ec-430b-8810-20d0fa3ae857","SOAP_051.basePlot.vst","2015-09-28","vst_SOAP_2015","D17","SOAP","SOAP_051",,"NEON.PLA.D17.SOAP.01015",,"single shrub","Live",,,1.8,,,,2.2,1.6,"Full shade","inverted cone",,,7.00,6.00,,"3fh8ZWGiUyNPW/cfWo4MvcGcAV2rECSC","/okdeQQFj3ok0YrB9sbbCIk0Gya2xtkj","legacyData"
"614beb05-14a1-4dcd-8b39-45afa7829c2a","SOAP_051.basePlot.vst","2015-09-28","vst_SOAP_2015","D17","SOAP","SOAP_051",,"NEON.PLA.D17.SOAP.01029",,"single shrub","Live",,,1.6,,,,1.7,0.9,"Full shade","inverted cone",,,17.00,16.00,,"3fh8ZWGiUyNPW/cfWo4MvcGcAV2rECSC","/okdeQQFj3ok0YrB9sbbCIk0Gya2xtkj","legacyData"
"444ddcfb-1926-43a7-ab5e-e04ab758e44a","SOAP_051.basePlot.vst","2015-09-28","vst_SOAP_2015","D17","SOAP","SOAP_051",,"NEON.PLA.D17.SOAP.01039",,"single shrub","Live",,,2.3,,,,3.4,1.5,"Full shade","oblate half-sphere",,,,,,"3fh8ZWGiUyNPW/cfWo4MvcGcAV2rECSC","/okdeQQFj3ok0YrB9sbbCIk0Gya2xtkj","legacyData"
"ffff84ba-28df-4c3c-a6e5-b9f73fa4e57a","SOAP_051.basePlot.vst","2015-09-28","vst_SOAP_2015","D17","SOAP","SOAP_051",,"NEON.PLA.D17.SOAP.01031",,"single shrub","Live",,,1.8,,,,1.8,1.0,"Full shade","inverted cone",,,13.00,12.00,,"3fh8ZWGiUyNPW/cfWo4MvcGcAV2rECSC","/okdeQQFj3ok0YrB9sbbCIk0Gya2xtkj","legacyData"
"78f3d2ab-6661-462a-86ff-6cf18d152ec8","SOAP_051.basePlot.vst","2015-09-28","vst_SOAP_2015","D17","SOAP","SOAP_051",,"NEON.PLA.D17.SOAP.01022",,"single shrub","Live",,,1.8,,,,2.7,1.1,"Full shade","inverted cone",,,13.00,7.00,,"3fh8ZWGiUyNPW/cfWo4MvcGcAV2rECSC","/okdeQQFj3ok0YrB9sbbCIk0Gya2xtkj","legacyData"
"9e276c25-c3de-4741-889a-d886b28bd4cb","SOAP_051.basePlot.vst","2015-09-28","vst_SOAP_2015","D17","SOAP","SOAP_051",,"NEON.PLA.D17.SOAP.02579",,"sapling","Live",12.4,130,,,,,,,,,,,,,,"3fh8ZWGiUyNPW/cfWo4MvcGcAV2rECSC","/okdeQQFj3ok0YrB9sbbCIk0Gya2xtkj","legacyData"
"53d36fb6-7471-469f-91d4-a1365a090475","SOAP_051.basePlot.vst","2015-09-28","vst_SOAP_2015","D17","SOAP","SOAP_051",,"NEON.PLA.D17.SOAP.02444",,"single bole tree","Live",13.1,130,,,,,,,,,,,,,,"3fh8ZWGiUyNPW/cfWo4MvcGcAV2rECSC","/okdeQQFj3ok0YrB9sbbCIk0Gya2xtkj","legacyData"
"d1199399-6b2c-43de-9885-fa39c3bc788f","SOAP_051.basePlot.vst","2015-09-28","vst_SOAP_2015","D17","SOAP","SOAP_051",,"NEON.PLA.D17.SOAP.01019C",,,"Live",11.4,130,,,,,,,,,,,,,,"3fh8ZWGiUyNPW/cfWo4MvcGcAV2rECSC","/okdeQQFj3ok0YrB9sbbCIk0Gya2xtkj","legacyData"
"f95fa39c-19fa-468f-8914-d2625c631ee5","SOAP_051.basePlot.vst","2015-09-28","vst_SOAP_2015","D17","SOAP","SOAP_051",,"NEON.PLA.D17.SOAP.01016",,"multi-bole tree","Live",17.3,130,,,,,,,"Mostly shaded",,,,,,,"3fh8ZWGiUyNPW/cfWo4MvcGcAV2rECSC","/okdeQQFj3ok0YrB9sbbCIk0Gya2xtkj","legacyData"
"b9e788ed-b19f-4838-b6bf-dfd98d40ef1e","SOAP_051.basePlot.vst","2015-09-28","vst_SOAP_2015","D17","SOAP","SOAP_051",,"NEON.PLA.D17.SOAP.01027",,"single shrub","Live",,,2.0,,,,2.4,1.9,"Full shade","half-sphere",,,,,,"3fh8ZWGiUyNPW/cfWo4MvcGcAV2rECSC","/okdeQQFj3ok0YrB9sbbCIk0Gya2xtkj","legacyData"
"190cafc7-433c-4d7f-8216-6619a819a954","SOAP_051.basePlot.vst","2015-09-28","vst_SOAP_2015","D17","SOAP","SOAP_051",,"NEON.PLA.D17.SOAP.02114",,,"Live",16.0,130,,,,,,,,,,,,,,"3fh8ZWGiUyNPW/cfWo4MvcGcAV2rECSC","/okdeQQFj3ok0YrB9sbbCIk0Gya2xtkj","legacyData | noMapTagData"
"95476d92-4a41-4686-9337-b06dd6ac47d7","SOAP_051.basePlot.vst","2015-09-28","vst_SOAP_2015","D17","SOAP","SOAP_051",,"NEON.PLA.D17.SOAP.01019F",,,"Live",10.7,130,,,,,,,,,,,,,,"3fh8ZWGiUyNPW/cfWo4MvcGcAV2rECSC","/okdeQQFj3ok0YrB9sbbCIk0Gya2xtkj","legacyData"
"e5372dec-f7d4-46db-ac3b-5a410d1ca2e8","SOAP_051.basePlot.vst","2015-09-28","vst_SOAP_2015","D17","SOAP","SOAP_051",,"NEON.PLA.D17.SOAP.01012",,"small shrub","Live",,,1.8,,,,2.1,2.1,"Full shade","half-sphere",,,,,,"3fh8ZWGiUyNPW/cfWo4MvcGcAV2rECSC","/okdeQQFj3ok0YrB9sbbCIk0Gya2xtkj","legacyData"
"a76dd993-7270-4ad2-aad9-e94ac9dafbb5","SOAP_051.basePlot.vst","2015-09-28","vst_SOAP_2015","D17","SOAP","SOAP_051",,"NEON.PLA.D17.SOAP.01018",,"single bole tree","Live",12.1,130,,,,,,,"Mostly shaded",,,,,,,"3fh8ZWGiUyNPW/cfWo4MvcGcAV2rECSC","/okdeQQFj3ok0YrB9sbbCIk0Gya2xtkj","legacyData"
"ac8aadd4-8c1b-4300-a4f6-b276614b8dad","SOAP_051.basePlot.vst","2015-09-28","vst_SOAP_2015","D17","SOAP","SOAP_051",,"NEON.PLA.D17.SOAP.01034",,"single shrub","Live",,,2.2,,,,2.6,2.4,"Full shade","half-sphere",,,,,,"3fh8ZWGiUyNPW/cfWo4MvcGcAV2rECSC","/okdeQQFj3ok0YrB9sbbCIk0Gya2xtkj","legacyData"
"702773ea-4423-4a1f-94bf-ebb73fa3db8c","SOAP_051.basePlot.vst","2015-09-28","vst_SOAP_2015","D17","SOAP","SOAP_051",,"NEON.PLA.D17.SOAP.01019E",,,"Live",13.1,130,,,,,,,,,,,,,,"3fh8ZWGiUyNPW/cfWo4MvcGcAV2rECSC","/okdeQQFj3ok0YrB9sbbCIk0Gya2xtkj","legacyData"
"c427b249-f7b0-4b6d-8a6b-ba5131a659ea","SOAP_051.basePlot.vst","2015-09-28","vst_SOAP_2015","D17","SOAP","SOAP_051",,"NEON.PLA.D17.SOAP.01032",,"small shrub","Live",,,0.9,,,,1.0,0.5,"Full shade","inverted cone",,,8.00,3.00,,"3fh8ZWGiUyNPW/cfWo4MvcGcAV2rECSC","/okdeQQFj3ok0YrB9sbbCIk0Gya2xtkj","legacyData"
"45a4c1e8-248c-46dc-aaa3-1f3c7b3d7f06","SOAP_051.basePlot.vst","2015-09-28","vst_SOAP_2015","D17","SOAP","SOAP_051",,"NEON.PLA.D17.SOAP.03447",,"small shrub","Live",10.7,130,,,,,,,,,,,,,,"3fh8ZWGiUyNPW/cfWo4MvcGcAV2rECSC","/okdeQQFj3ok0YrB9sbbCIk0Gya2xtkj","legacyData"
"131a7db5-dce2-4d4a-9551-b8fd87d7e997","SOAP_051.basePlot.vst","2015-09-28","vst_SOAP_2015","D17","SOAP","SOAP_051",,"NEON.PLA.D17.SOAP.01014",,"single shrub","Live",,,1.6,,,,3.1,2.0,"Full shade","oblate half-sphere",,,,,,"3fh8ZWGiUyNPW/cfWo4MvcGcAV2rECSC","/okdeQQFj3ok0YrB9sbbCIk0Gya2xtkj","legacyData"
"a91b8f42-a8e6-4804-b454-8281c95c85d6","SOAP_051.basePlot.vst","2015-09-28","vst_SOAP_2015","D17","SOAP","SOAP_051",,"NEON.PLA.D17.SOAP.01017",,"single bole tree","Live",12.6,130,,,,,,,"Mostly shaded",,,,,,,"3fh8ZWGiUyNPW/cfWo4MvcGcAV2rECSC","/okdeQQFj3ok0YrB9sbbCIk0Gya2xtkj","legacyData"
"4ec15007-6010-4e83-898b-f2ff9c9eba72","SOAP_051.basePlot.vst","2015-09-28","vst_SOAP_2015","D17","SOAP","SOAP_051",,"NEON.PLA.D17.SOAP.01024",,"sapling","Live",,,1.0,,,,,,"Full shade",,,,,,,"3fh8ZWGiUyNPW/cfWo4MvcGcAV2rECSC","/okdeQQFj3ok0YrB9sbbCIk0Gya2xtkj","legacyData"
"e070afe6-dd8d-41bf-87f6-0a9cfcaa63a0","SOAP_051.basePlot.vst","2015-09-28","vst_SOAP_2015","D17","SOAP","SOAP_051",,"NEON.PLA.D17.SOAP.01033",,"single shrub","Live",,,2.2,,,,4.0,2.8,"Full shade","half-sphere",,,,,,"3fh8ZWGiUyNPW/cfWo4MvcGcAV2rECSC","/okdeQQFj3ok0YrB9sbbCIk0Gya2xtkj","legacyData"
"47a9e5b3-bea1-4ed8-9439-afc591982122","SOAP_051.basePlot.vst","2015-09-28","vst_SOAP_2015","D17","SOAP","SOAP_051",,"NEON.PLA.D17.SOAP.01043",,"single shrub","Live",,,2.5,,,,4.7,4.5,"Full shade","half-sphere",,,,,"shrub shape is hsp but half of sis is dead on the ground","3fh8ZWGiUyNPW/cfWo4MvcGcAV2rECSC","/okdeQQFj3ok0YrB9sbbCIk0Gya2xtkj","legacyData"
"db7ffbf1-921d-42e8-9b37-4014bf4adfe5","SOAP_051.basePlot.vst","2015-09-28","vst_SOAP_2015","D17","SOAP","SOAP_051",,"NEON.PLA.D17.SOAP.02113",,,"Live",16.9,130,,,,,,,,,,,,,"proofed and no errors","3fh8ZWGiUyNPW/cfWo4MvcGcAV2rECSC","/okdeQQFj3ok0YrB9sbbCIk0Gya2xtkj","legacyData | noMapTagData"
"2ec0388f-6c9c-4840-94b6-a5b691263d50","SOAP_051.basePlot.vst","2015-09-28","vst_SOAP_2015","D17","SOAP","SOAP_051",,"NEON.PLA.D17.SOAP.01036",,"single shrub","Live",,,2.2,,,,2.7,2.3,"Full shade","inverted cone",,,50.00,25.00,,"3fh8ZWGiUyNPW/cfWo4MvcGcAV2rECSC","/okdeQQFj3ok0YrB9sbbCIk0Gya2xtkj","legacyData"
"886c87a4-e8ad-4315-8472-f410266a86da","SOAP_051.basePlot.vst","2015-09-28","vst_SOAP_2015","D17","SOAP","SOAP_051",,"NEON.PLA.D17.SOAP.01020",,"single shrub","Live",,,3.1,,,,4.0,2.5,"Full shade","inverted cone",,,55.00,26.00,"proofed and no errors","3fh8ZWGiUyNPW/cfWo4MvcGcAV2rECSC","/okdeQQFj3ok0YrB9sbbCIk0Gya2xtkj","legacyData"
"fff3e536-44b8-4005-8d41-cc8b3e578579","SOAP_051.basePlot.vst","2015-09-28","vst_SOAP_2015","D17","SOAP","SOAP_051",,"NEON.PLA.D17.SOAP.01028",,"single shrub","Live",,,2.2,,,,1.6,0.8,"Full shade","inverted cone",,,17.00,15.00,,"3fh8ZWGiUyNPW/cfWo4MvcGcAV2rECSC","/okdeQQFj3ok0YrB9sbbCIk0Gya2xtkj","legacyData"
"a08522b0-7a21-43af-8793-b5c1215ba7a3","SOAP_051.basePlot.vst","2015-09-28","vst_SOAP_2015","D17","SOAP","SOAP_051",,"NEON.PLA.D17.SOAP.01044",,"single shrub","Live",,,2.5,,,,3.7,3.5,"Full shade","half-sphere",,,,,,"3fh8ZWGiUyNPW/cfWo4MvcGcAV2rECSC","/okdeQQFj3ok0YrB9sbbCIk0Gya2xtkj","legacyData"
"4c395a47-a3a5-4621-aa3f-50c4aa99ce6a","SOAP_051.basePlot.vst","2015-09-28","vst_SOAP_2015","D17","SOAP","SOAP_051",,"NEON.PLA.D17.SOAP.01040",,"single shrub","Live",,,2.3,,,,3.8,3.0,"Full shade","half-sphere",,,,,"proofed and no errors","3fh8ZWGiUyNPW/cfWo4MvcGcAV2rECSC","/okdeQQFj3ok0YrB9sbbCIk0Gya2xtkj","legacyData"
"7d811516-5071-47cd-bca6-04350b9522e0","SOAP_051.basePlot.vst","2015-09-28","vst_SOAP_2015","D17","SOAP","SOAP_051",,"NEON.PLA.D17.SOAP.01026",,"single shrub","Live",,,2.0,,,,2.7,2.2,"Full shade","half-sphere",,,,,,"3fh8ZWGiUyNPW/cfWo4MvcGcAV2rECSC","/okdeQQFj3ok0YrB9sbbCIk0Gya2xtkj","legacyData"
"b1f3c63b-62d3-44dd-9cab-9936acdf381c","SOAP_051.basePlot.vst","2015-09-28","vst_SOAP_2015","D17","SOAP","SOAP_051",,"NEON.PLA.D17.SOAP.01010",,"single shrub","Live",,,2.7,,,,3.0,2.9,"Full shade","half-sphere",,,,,,"3fh8ZWGiUyNPW/cfWo4MvcGcAV2rECSC","/okdeQQFj3ok0YrB9sbbCIk0Gya2xtkj","legacyData"
"d80718be-c8c3-4fb3-aab2-59719e80728a","SOAP_051.basePlot.vst","2015-09-28","vst_SOAP_2015","D17","SOAP","SOAP_051",,"NEON.PLA.D17.SOAP.01011",,"single shrub","Live",,,1.8,,,,3.0,2.4,"Full shade","oblate half-sphere",,,,,,"3fh8ZWGiUyNPW/cfWo4MvcGcAV2rECSC","/okdeQQFj3ok0YrB9sbbCIk0Gya2xtkj","legacyData"
"45c8a428-262a-4e69-abba-df20bef15c35","SOAP_051.basePlot.vst","2015-09-28","vst_SOAP_2015","D17","SOAP","SOAP_051",,"NEON.PLA.D17.SOAP.01019D",,,"Live",12.4,130,,,,,,,,,,,,,,"3fh8ZWGiUyNPW/cfWo4MvcGcAV2rECSC","/okdeQQFj3ok0YrB9sbbCIk0Gya2xtkj","legacyData"
"cfccfb69-9b84-4ae1-8196-e45640206251","SOAP_048.basePlot.vst","2015-09-30","vst_SOAP_2015","D17","SOAP","SOAP_048",,"NEON.PLA.D17.SOAP.02442",,"single bole tree","Live",15.2,130,,,,,,,"Partially shaded",,,,,,,"3fh8ZWGiUyNPW/cfWo4MvcGcAV2rECSC","nmgXO4EtL3dCkwsunPG1iytaBjNqL40q","legacyData"
"e5d9f137-5543-4bd7-840f-dacb9b10f022","SOAP_048.basePlot.vst","2015-09-30","vst_SOAP_2015","D17","SOAP","SOAP_048",,"NEON.PLA.D17.SOAP.02432",,"single bole tree","Live",28.0,130,,,,,,,"Partially shaded",,,,,,,"3fh8ZWGiUyNPW/cfWo4MvcGcAV2rECSC","nmgXO4EtL3dCkwsunPG1iytaBjNqL40q","legacyData"
"330a9810-fb24-42fc-b5fc-996ed11e685d","SOAP_048.basePlot.vst","2015-09-30","vst_SOAP_2015","D17","SOAP","SOAP_048",,"NEON.PLA.D17.SOAP.02455",,"single bole tree","Standing dead",12.8,130,,,,,,,"Mostly shaded",,,,,,"proofed and no errors","3fh8ZWGiUyNPW/cfWo4MvcGcAV2rECSC","nmgXO4EtL3dCkwsunPG1iytaBjNqL40q","legacyData"
"fa1321be-c2e4-4514-baf5-8adc8eae7473","SOAP_048.basePlot.vst","2015-09-30","vst_SOAP_2015","D17","SOAP","SOAP_048",,"NEON.PLA.D17.SOAP.02430",,"single bole tree","Live",25.2,130,,,,,,,"Partially shaded",,,,,,,"3fh8ZWGiUyNPW/cfWo4MvcGcAV2rECSC","nmgXO4EtL3dCkwsunPG1iytaBjNqL40q","legacyData"
"4249b2c6-0f65-412e-bde7-1676f9d86562","SOAP_048.basePlot.vst","2015-09-30","vst_SOAP_2015","D17","SOAP","SOAP_048",,"NEON.PLA.D17.SOAP.01055",,"single bole tree","Live",33.2,130,,,,,,,"Partially shaded",,,,,,,"nmgXO4EtL3dCkwsunPG1iytaBjNqL40q","/okdeQQFj3ok0YrB9sbbCIk0Gya2xtkj","legacyData"
"94b4b6f0-b29a-4a52-917d-37e219209e8b","SOAP_048.basePlot.vst","2015-09-30","vst_SOAP_2015","D17","SOAP","SOAP_048",,"NEON.PLA.D17.SOAP.01098",,"sapling","Live",,,0.6,,,,,,"Full shade",,,,,,,"nmgXO4EtL3dCkwsunPG1iytaBjNqL40q","/okdeQQFj3ok0YrB9sbbCIk0Gya2xtkj","legacyData"
"6bd66571-8561-4cd2-9a66-331f0f490a74","SOAP_048.basePlot.vst","2015-09-30","vst_SOAP_2015","D17","SOAP","SOAP_048",,"NEON.PLA.D17.SOAP.01088",,"single bole tree","Live",11.8,130,,,,,,,"Partially shaded",,,,,,,"nmgXO4EtL3dCkwsunPG1iytaBjNqL40q","/okdeQQFj3ok0YrB9sbbCIk0Gya2xtkj","legacyData"
"6334c700-e5b2-4e84-8efc-246acf00e0eb","SOAP_048.basePlot.vst","2015-09-30","vst_SOAP_2015","D17","SOAP","SOAP_048",,"NEON.PLA.D17.SOAP.01095",,"sapling","Live",,,0.4,,,,,,"Full shade",,,,,,"proofed and no errors","nmgXO4EtL3dCkwsunPG1iytaBjNqL40q","/okdeQQFj3ok0YrB9sbbCIk0Gya2xtkj","legacyData"
"3c4c8178-fca0-44ee-a042-848bde549e1e","SOAP_048.basePlot.vst","2015-09-30","vst_SOAP_2015","D17","SOAP","SOAP_048",,"NEON.PLA.D17.SOAP.02413",,"multi-bole tree","Live",66.0,130,,,,,,,"Partially shaded",,,,,,,"nmgXO4EtL3dCkwsunPG1iytaBjNqL40q","/okdeQQFj3ok0YrB9sbbCIk0Gya2xtkj","legacyData"
"ca379a19-adc0-4fd6-bc0a-6361ae4a57c5","SOAP_048.basePlot.vst","2015-09-30","vst_SOAP_2015","D17","SOAP","SOAP_048",,"NEON.PLA.D17.SOAP.01075",,"sapling","Live",,,0.9,,,,,,"Full shade",,,,,,,"nmgXO4EtL3dCkwsunPG1iytaBjNqL40q","/okdeQQFj3ok0YrB9sbbCIk0Gya2xtkj","legacyData"
"8f8c3fe7-218e-4b16-ab7f-595483c939b2","SOAP_048.basePlot.vst","2015-09-30","vst_SOAP_2015","D17","SOAP","SOAP_048",,"NEON.PLA.D17.SOAP.01059",,"single bole tree","Live",55.9,130,,,,,,,"Full sun",,,,,,,"nmgXO4EtL3dCkwsunPG1iytaBjNqL40q","/okdeQQFj3ok0YrB9sbbCIk0Gya2xtkj","legacyData"
"cee70f64-168b-4d51-bed6-f14b4504e47a","SOAP_048.basePlot.vst","2015-09-30","vst_SOAP_2015","D17","SOAP","SOAP_048",,"NEON.PLA.D17.SOAP.01070",,"single bole tree","Live",18.6,130,,,,,,,"Partially shaded",,,,,,,"nmgXO4EtL3dCkwsunPG1iytaBjNqL40q","/okdeQQFj3ok0YrB9sbbCIk0Gya2xtkj","legacyData"
"4005417e-0471-432b-a7d3-ead9d7329339","SOAP_048.basePlot.vst","2015-09-30","vst_SOAP_2015","D17","SOAP","SOAP_048",,"NEON.PLA.D17.SOAP.01049",,"single bole tree","Live",23.9,130,,,,,,,"Partially shaded",,,,,,,"nmgXO4EtL3dCkwsunPG1iytaBjNqL40q","/okdeQQFj3ok0YrB9sbbCIk0Gya2xtkj","legacyData"
"dca8f517-0253-415a-8078-b29651b3bd24","SOAP_048.basePlot.vst","2015-09-30","vst_SOAP_2015","D17","SOAP","SOAP_048",,"NEON.PLA.D17.SOAP.01045",,"single bole tree","Live",22.0,130,,,,,,,"Partially shaded",,,,,,,"nmgXO4EtL3dCkwsunPG1iytaBjNqL40q","/okdeQQFj3ok0YrB9sbbCIk0Gya2xtkj","legacyData"
"1ba9ee06-4cbb-46c5-8310-5fc82dcd500c","SOAP_048.basePlot.vst","2015-09-30","vst_SOAP_2015","D17","SOAP","SOAP_048",,"NEON.PLA.D17.SOAP.02414",,"single bole tree","Live",24.2,130,,,,,,,"Partially shaded",,,,,,"proofed and no errors","nmgXO4EtL3dCkwsunPG1iytaBjNqL40q","/okdeQQFj3ok0YrB9sbbCIk0Gya2xtkj","legacyData"
"c2f02786-4a5e-40ba-bf51-7a93791441e4","SOAP_048.basePlot.vst","2015-09-30","vst_SOAP_2015","D17","SOAP","SOAP_048",,"NEON.PLA.D17.SOAP.01093",,"single bole tree","Live",25.4,130,,,,,,,"Partially shaded",,,,,,,"nmgXO4EtL3dCkwsunPG1iytaBjNqL40q","/okdeQQFj3ok0YrB9sbbCIk0Gya2xtkj","legacyData"
"8abe771d-b66d-4a76-a2dd-a12b4581634e","SOAP_048.basePlot.vst","2015-09-30","vst_SOAP_2015","D17","SOAP","SOAP_048",,"NEON.PLA.D17.SOAP.01099",,"sapling","Live",,,0.7,,,,,,"Full shade",,,,,,,"nmgXO4EtL3dCkwsunPG1iytaBjNqL40q","/okdeQQFj3ok0YrB9sbbCIk0Gya2xtkj","legacyData"
"b0b2806c-e8bd-476e-b8e9-cec4bd40126f","SOAP_048.basePlot.vst","2015-09-30","vst_SOAP_2015","D17","SOAP","SOAP_048",,"NEON.PLA.D17.SOAP.02435",,"single bole tree","Live",26.7,130,,,,,,,"Partially shaded",,,,,,"proofed and no errors","3fh8ZWGiUyNPW/cfWo4MvcGcAV2rECSC","nmgXO4EtL3dCkwsunPG1iytaBjNqL40q","legacyData"
"d51e131c-0332-4fc2-8057-b3a910a35ded","SOAP_048.basePlot.vst","2015-09-30","vst_SOAP_2015","D17","SOAP","SOAP_048",,"NEON.PLA.D17.SOAP.02419",,"single bole tree","Live,  other damage",14.8,130,,,,,,,"Partially shaded",,,,,,,"nmgXO4EtL3dCkwsunPG1iytaBjNqL40q","/okdeQQFj3ok0YrB9sbbCIk0Gya2xtkj","legacyData"
"2e91a742-cd0f-412a-8a6f-1ed764d90689","SOAP_048.basePlot.vst","2015-09-30","vst_SOAP_2015","D17","SOAP","SOAP_048",,"NEON.PLA.D17.SOAP.01053",,"single bole tree","Live",39.4,130,,,,,,,"Partially shaded",,,,,,,"nmgXO4EtL3dCkwsunPG1iytaBjNqL40q","/okdeQQFj3ok0YrB9sbbCIk0Gya2xtkj","legacyData"
"990eae83-2db9-4949-bcf3-b6d10e3b6efc","SOAP_048.basePlot.vst","2015-09-30","vst_SOAP_2015","D17","SOAP","SOAP_048",,"NEON.PLA.D17.SOAP.02420A",,,"Live, physically damaged",23.6,130,,,,,,,"Partially shaded",,,,,,,"nmgXO4EtL3dCkwsunPG1iytaBjNqL40q","/okdeQQFj3ok0YrB9sbbCIk0Gya2xtkj","legacyData"
"3b60bc24-b144-4287-9ff0-44f72bde5df2","SOAP_048.basePlot.vst","2015-09-30","vst_SOAP_2015","D17","SOAP","SOAP_048",,"NEON.PLA.D17.SOAP.01071",,"small tree","Standing dead",2.8,130,1.8,,,,,,"Full shade",,,,,,,"nmgXO4EtL3dCkwsunPG1iytaBjNqL40q","/okdeQQFj3ok0YrB9sbbCIk0Gya2xtkj","legacyData"
"8f2ec367-91e9-44c5-aa78-8bb117a441ae","SOAP_048.basePlot.vst","2015-09-30","vst_SOAP_2015","D17","SOAP","SOAP_048",,"NEON.PLA.D17.SOAP.01054",,"single bole tree","Live",56.8,130,,,,,,,"Partially shaded",,,,,,,"nmgXO4EtL3dCkwsunPG1iytaBjNqL40q","/okdeQQFj3ok0YrB9sbbCIk0Gya2xtkj","legacyData"
"21d927fa-4f6c-4b07-9c22-4eeb9900f995","SOAP_048.basePlot.vst","2015-09-30","vst_SOAP_2015","D17","SOAP","SOAP_048",,"NEON.PLA.D17.SOAP.02404",,"sapling","Live",,,0.7,,,,,,"Full shade",,,,,,,"nmgXO4EtL3dCkwsunPG1iytaBjNqL40q","/okdeQQFj3ok0YrB9sbbCIk0Gya2xtkj","legacyData"
"aec45fc1-8003-4597-92cc-07aac308cc77","SOAP_048.basePlot.vst","2015-09-30","vst_SOAP_2015","D17","SOAP","SOAP_048",,"NEON.PLA.D17.SOAP.01072",,"sapling","Standing dead",,,1.2,,,,,,"Full shade",,,,,,,"nmgXO4EtL3dCkwsunPG1iytaBjNqL40q","/okdeQQFj3ok0YrB9sbbCIk0Gya2xtkj","legacyData"
"efab4aed-e597-46bd-89d1-8a260f9ab109","SOAP_048.basePlot.vst","2015-09-30","vst_SOAP_2015","D17","SOAP","SOAP_048",,"NEON.PLA.D17.SOAP.02452",,"single bole tree","Live",62.0,130,,,,,,,"Full sun",,,,,,,"3fh8ZWGiUyNPW/cfWo4MvcGcAV2rECSC","nmgXO4EtL3dCkwsunPG1iytaBjNqL40q","legacyData"
"c155222c-9262-4c16-a0c9-933e8e71d15b","SOAP_048.basePlot.vst","2015-09-30","vst_SOAP_2015","D17","SOAP","SOAP_048",,"NEON.PLA.D17.SOAP.02443",,"single bole tree","Standing dead",21.5,130,,,,,,,"Mostly shaded",,,,,,,"3fh8ZWGiUyNPW/cfWo4MvcGcAV2rECSC","nmgXO4EtL3dCkwsunPG1iytaBjNqL40q","legacyData"
"398b9570-8c3a-4d46-a275-bd4ead826027","SOAP_048.basePlot.vst","2015-09-30","vst_SOAP_2015","D17","SOAP","SOAP_048",,"NEON.PLA.D17.SOAP.02440",,"single bole tree","Live",19.2,130,,,,,,,"Partially shaded",,,,,,,"3fh8ZWGiUyNPW/cfWo4MvcGcAV2rECSC","nmgXO4EtL3dCkwsunPG1iytaBjNqL40q","legacyData"
"a99e32f2-cd52-46f7-8a3f-9557f4d53a7e","SOAP_048.basePlot.vst","2015-09-30","vst_SOAP_2015","D17","SOAP","SOAP_048",,"NEON.PLA.D17.SOAP.02451",,"single bole tree","Live",28.2,130,,,,,,,"Partially shaded",,,,,,,"3fh8ZWGiUyNPW/cfWo4MvcGcAV2rECSC","nmgXO4EtL3dCkwsunPG1iytaBjNqL40q","legacyData"
"26fe269c-02b2-454e-97a2-4d40dc32b07f","SOAP_048.basePlot.vst","2015-09-30","vst_SOAP_2015","D17","SOAP","SOAP_048",,"NEON.PLA.D17.SOAP.02410",,"single bole tree","Live",17.6,130,,,,,,,"Partially shaded",,,,,,,"nmgXO4EtL3dCkwsunPG1iytaBjNqL40q","/okdeQQFj3ok0YrB9sbbCIk0Gya2xtkj","legacyData"
"f27f886c-3eb0-403a-a5db-321d027c5abe","SOAP_048.basePlot.vst","2015-09-30","vst_SOAP_2015","D17","SOAP","SOAP_048",,"NEON.PLA.D17.SOAP.02417",,"single bole tree","Live",22.0,130,,,,,,,"Partially shaded",,,,,,,"nmgXO4EtL3dCkwsunPG1iytaBjNqL40q","/okdeQQFj3ok0YrB9sbbCIk0Gya2xtkj","legacyData"
"91127028-4a6c-4021-a4b3-fba4d7801ece","SOAP_048.basePlot.vst","2015-09-30","vst_SOAP_2015","D17","SOAP","SOAP_048",,"NEON.PLA.D17.SOAP.02467",,"single bole tree","Live",37.6,130,,,,,,,"Partially shaded",,,,,,,"3fh8ZWGiUyNPW/cfWo4MvcGcAV2rECSC","nmgXO4EtL3dCkwsunPG1iytaBjNqL40q","legacyData"
"f905dfab-d7d6-4bfa-98c1-83c5f4cd4c57","SOAP_048.basePlot.vst","2015-09-30","vst_SOAP_2015","D17","SOAP","SOAP_048",,"NEON.PLA.D17.SOAP.01057",,"single bole tree","Live",21.3,130,,,,,,,"Partially shaded",,,,,,,"nmgXO4EtL3dCkwsunPG1iytaBjNqL40q","/okdeQQFj3ok0YrB9sbbCIk0Gya2xtkj","legacyData"
"0a814b36-99c9-4e72-a30a-4767e56d0e47","SOAP_048.basePlot.vst","2015-09-30","vst_SOAP_2015","D17","SOAP","SOAP_048",,"NEON.PLA.D17.SOAP.01058",,"single bole tree","Live",24.7,130,,,,,,,"Partially shaded",,,,,,"proofed and no errors","nmgXO4EtL3dCkwsunPG1iytaBjNqL40q","/okdeQQFj3ok0YrB9sbbCIk0Gya2xtkj","legacyData"
"8be8abea-d2eb-41a7-a433-5db0c7e57343","SOAP_048.basePlot.vst","2015-09-30","vst_SOAP_2015","D17","SOAP","SOAP_048",,"NEON.PLA.D17.SOAP.02461",,"sapling","Live",,,1.4,,,,,,"Full shade",,,,,,,"3fh8ZWGiUyNPW/cfWo4MvcGcAV2rECSC","nmgXO4EtL3dCkwsunPG1iytaBjNqL40q","legacyData"
"fdfbb9c4-2300-44d8-bc90-e47450af89f5","SOAP_048.basePlot.vst","2015-09-30","vst_SOAP_2015","D17","SOAP","SOAP_048",,"NEON.PLA.D17.SOAP.02450",,"single bole tree","Live",18.6,130,,,,,,,"Mostly shaded",,,,,,,"3fh8ZWGiUyNPW/cfWo4MvcGcAV2rECSC","nmgXO4EtL3dCkwsunPG1iytaBjNqL40q","legacyData"
"c1519d34-4b45-44f0-a8c7-f1215e5aa2e7","SOAP_048.basePlot.vst","2015-09-30","vst_SOAP_2015","D17","SOAP","SOAP_048",,"NEON.PLA.D17.SOAP.01077",,"single bole tree","Live",14.5,130,,,,,,,"Partially shaded",,,,,,,"nmgXO4EtL3dCkwsunPG1iytaBjNqL40q","/okdeQQFj3ok0YrB9sbbCIk0Gya2xtkj","legacyData"
"b6d545d3-53c3-48bc-9c25-755a44a42b8f","SOAP_048.basePlot.vst","2015-09-30","vst_SOAP_2015","D17","SOAP","SOAP_048",,"NEON.PLA.D17.SOAP.02444",,"single bole tree","Live",15.2,130,,,,,,,"Mostly shaded",,,,,,,"3fh8ZWGiUyNPW/cfWo4MvcGcAV2rECSC","nmgXO4EtL3dCkwsunPG1iytaBjNqL40q","legacyData"
"2da33125-7414-4944-85be-8b122f9fe531","SOAP_048.basePlot.vst","2015-09-30","vst_SOAP_2015","D17","SOAP","SOAP_048",,"NEON.PLA.D17.SOAP.02416",,"single bole tree","Live,  other damage",11.4,130,,,,,,,"Partially shaded",,,,,,,"nmgXO4EtL3dCkwsunPG1iytaBjNqL40q","/okdeQQFj3ok0YrB9sbbCIk0Gya2xtkj","legacyData"
"03c2f6c0-3ab1-4d2d-9ab6-d0611b617bea","SOAP_048.basePlot.vst","2015-09-30","vst_SOAP_2015","D17","SOAP","SOAP_048",,"NEON.PLA.D17.SOAP.01082",,"single bole tree","Live",35.7,130,,,,,,,"Partially shaded",,,,,,,"nmgXO4EtL3dCkwsunPG1iytaBjNqL40q","/okdeQQFj3ok0YrB9sbbCIk0Gya2xtkj","legacyData"
"0e0dd5f3-52de-45b1-9f37-162fce607314","SOAP_048.basePlot.vst","2015-09-30","vst_SOAP_2015","D17","SOAP","SOAP_048",,"NEON.PLA.D17.SOAP.02433",,"single bole tree","Live",29.1,130,,,,,,,"Partially shaded",,,,,,"proofed and no errors","3fh8ZWGiUyNPW/cfWo4MvcGcAV2rECSC","nmgXO4EtL3dCkwsunPG1iytaBjNqL40q","legacyData"
"edd4b98b-6107-4bc9-94ee-bf588da048c7","SOAP_048.basePlot.vst","2015-09-30","vst_SOAP_2015","D17","SOAP","SOAP_048",,"NEON.PLA.D17.SOAP.02402",,"sapling","Live",,,1.0,,,,,,"Full shade",,,,,,,"nmgXO4EtL3dCkwsunPG1iytaBjNqL40q","/okdeQQFj3ok0YrB9sbbCIk0Gya2xtkj","legacyData"
"36582aea-b45e-4ddc-a013-602c5d593c22","SOAP_048.basePlot.vst","2015-09-30","vst_SOAP_2015","D17","SOAP","SOAP_048",,"NEON.PLA.D17.SOAP.01097",,"sapling","Live",,,1.5,,,,,,"Full shade",,,,,,,"nmgXO4EtL3dCkwsunPG1iytaBjNqL40q","/okdeQQFj3ok0YrB9sbbCIk0Gya2xtkj","legacyData"
"90735725-f559-4fb5-b608-46efc99b627d","SOAP_048.basePlot.vst","2015-09-30","vst_SOAP_2015","D17","SOAP","SOAP_048",,"NEON.PLA.D17.SOAP.02425",,"single bole tree","Live",17.3,130,,,,,,,"Partially shaded",,,,,,,"3fh8ZWGiUyNPW/cfWo4MvcGcAV2rECSC","nmgXO4EtL3dCkwsunPG1iytaBjNqL40q","legacyData"
"281deada-6202-49e8-afbb-e265ee34098a","SOAP_048.basePlot.vst","2015-09-30","vst_SOAP_2015","D17","SOAP","SOAP_048",,"NEON.PLA.D17.SOAP.01047",,"single bole tree","Standing dead",14.5,130,,,,,,,"Mostly shaded",,,,,,,"nmgXO4EtL3dCkwsunPG1iytaBjNqL40q","/okdeQQFj3ok0YrB9sbbCIk0Gya2xtkj","legacyData"
"a91cd479-2153-42f7-b815-b9cafb41bd8e","SOAP_048.basePlot.vst","2015-09-30","vst_SOAP_2015","D17","SOAP","SOAP_048",,"NEON.PLA.D17.SOAP.02448",,"single bole tree","Live",20.0,130,,,,,,,"Partially shaded",,,,,,,"3fh8ZWGiUyNPW/cfWo4MvcGcAV2rECSC","nmgXO4EtL3dCkwsunPG1iytaBjNqL40q","legacyData"
"eff75bc4-e6ce-41e9-9f87-1a64d7d808cc","SOAP_048.basePlot.vst","2015-09-30","vst_SOAP_2015","D17","SOAP","SOAP_048",,"NEON.PLA.D17.SOAP.01663",,,"Standing dead",56.4,130,,,,,,,"Partially shaded",,,,,,"bole A is broken off, hollow and decomposing","nmgXO4EtL3dCkwsunPG1iytaBjNqL40q","/okdeQQFj3ok0YrB9sbbCIk0Gya2xtkj","legacyData | noMapTagData"
"9745b7f5-4583-450f-886f-32ccc01cf472","SOAP_048.basePlot.vst","2015-09-30","vst_SOAP_2015","D17","SOAP","SOAP_048",,"NEON.PLA.D17.SOAP.01073",,"single bole tree","Live",21.6,130,,,,,,,"Partially shaded",,,,,,,"nmgXO4EtL3dCkwsunPG1iytaBjNqL40q","/okdeQQFj3ok0YrB9sbbCIk0Gya2xtkj","legacyData"
"574f174b-4e0a-491a-a4a5-f5e87e8e868c","SOAP_048.basePlot.vst","2015-09-30","vst_SOAP_2015","D17","SOAP","SOAP_048",,"NEON.PLA.D17.SOAP.02445",,"single bole tree","Live",32.1,130,,,,,,,"Full sun",,,,,,"proofed and no errors","3fh8ZWGiUyNPW/cfWo4MvcGcAV2rECSC","nmgXO4EtL3dCkwsunPG1iytaBjNqL40q","legacyData"
"fb79c50b-ba12-4a57-9586-103c5eccc0a6","SOAP_048.basePlot.vst","2015-09-30","vst_SOAP_2015","D17","SOAP","SOAP_048",,"NEON.PLA.D17.SOAP.02405",,"sapling","Live",,,1.1,,,,,,"Full shade",,,,,,"proofed and no errors","nmgXO4EtL3dCkwsunPG1iytaBjNqL40q","/okdeQQFj3ok0YrB9sbbCIk0Gya2xtkj","legacyData"
"de41e891-78fb-494f-a2f5-49dd86a4a74a","SOAP_048.basePlot.vst","2015-09-30","vst_SOAP_2015","D17","SOAP","SOAP_048",,"NEON.PLA.D17.SOAP.02462",,"sapling","Live",,,1.4,,,,,,"Full shade",,,,,,,"3fh8ZWGiUyNPW/cfWo4MvcGcAV2rECSC","nmgXO4EtL3dCkwsunPG1iytaBjNqL40q","legacyData"
"6e8638f1-7518-4601-9d1f-c2e8ec0165dd","SOAP_048.basePlot.vst","2015-09-30","vst_SOAP_2015","D17","SOAP","SOAP_048",,"NEON.PLA.D17.SOAP.02447",,"single bole tree","Live",20.4,130,,,,,,,"Partially shaded",,,,,,,"3fh8ZWGiUyNPW/cfWo4MvcGcAV2rECSC","nmgXO4EtL3dCkwsunPG1iytaBjNqL40q","legacyData"
"7a80c335-75b2-449f-819f-fe72b1d5ebdc","SOAP_048.basePlot.vst","2015-09-30","vst_SOAP_2015","D17","SOAP","SOAP_048",,"NEON.PLA.D17.SOAP.01068",,"single bole tree","Live",20.5,130,,,,,,,"Partially shaded",,,,,,"proofed and no errors","nmgXO4EtL3dCkwsunPG1iytaBjNqL40q","/okdeQQFj3ok0YrB9sbbCIk0Gya2xtkj","legacyData"
"f5a92adc-a494-4184-a54b-38dcda5de0d3","SOAP_048.basePlot.vst","2015-09-30","vst_SOAP_2015","D17","SOAP","SOAP_048",,"NEON.PLA.D17.SOAP.02456",,"single bole tree","Live",19.4,130,,,,,,,"Partially shaded",,,,,,,"3fh8ZWGiUyNPW/cfWo4MvcGcAV2rECSC","nmgXO4EtL3dCkwsunPG1iytaBjNqL40q","legacyData"
"f5eeafb8-0a16-4e1b-8137-d21165ed6d72","SOAP_048.basePlot.vst","2015-09-30","vst_SOAP_2015","D17","SOAP","SOAP_048",,"NEON.PLA.D17.SOAP.02403",,"sapling","Live",,,1.1,,,,,,"Full shade",,,,,,,"nmgXO4EtL3dCkwsunPG1iytaBjNqL40q","/okdeQQFj3ok0YrB9sbbCIk0Gya2xtkj","legacyData"
"b757e0e0-fc82-4994-9e4a-15b11c393d0e","SOAP_048.basePlot.vst","2015-09-30","vst_SOAP_2015","D17","SOAP","SOAP_048",,"NEON.PLA.D17.SOAP.01052",,"single bole tree","Standing dead",24.0,130,,,,,,,"Mostly shaded",,,,,,,"nmgXO4EtL3dCkwsunPG1iytaBjNqL40q","/okdeQQFj3ok0YrB9sbbCIk0Gya2xtkj","legacyData"
"e7646e15-6031-4816-90c9-9a9703cc1073","SOAP_048.basePlot.vst","2015-09-30","vst_SOAP_2015","D17","SOAP","SOAP_048",,"NEON.PLA.D17.SOAP.02436",,"single bole tree","Live",36.8,130,,,,,,,"Partially shaded",,,,,,,"3fh8ZWGiUyNPW/cfWo4MvcGcAV2rECSC","nmgXO4EtL3dCkwsunPG1iytaBjNqL40q","legacyData"
"5b3a3a35-2c62-4a4e-adc9-4867e358fd31","SOAP_048.basePlot.vst","2015-09-30","vst_SOAP_2015","D17","SOAP","SOAP_048",,"NEON.PLA.D17.SOAP.02418",,"single bole tree","Live,  other damage",18.5,130,,,,,,,"Partially shaded",,,,,,,"nmgXO4EtL3dCkwsunPG1iytaBjNqL40q","/okdeQQFj3ok0YrB9sbbCIk0Gya2xtkj","legacyData"
"7e45247c-b107-4192-a722-4766b586bca6","SOAP_048.basePlot.vst","2015-09-30","vst_SOAP_2015","D17","SOAP","SOAP_048",,"NEON.PLA.D17.SOAP.02407",,"single bole tree","Live",25.5,130,,,,,,,"Partially shaded",,,,,,,"nmgXO4EtL3dCkwsunPG1iytaBjNqL40q","/okdeQQFj3ok0YrB9sbbCIk0Gya2xtkj","legacyData"
"fc452f63-b714-4c40-8b86-ee171c21bb23","SOAP_048.basePlot.vst","2015-09-30","vst_SOAP_2015","D17","SOAP","SOAP_048",,"NEON.PLA.D17.SOAP.01089",,"single bole tree","Standing dead",10.7,130,,,,,,,"Mostly shaded",,,,,,,"nmgXO4EtL3dCkwsunPG1iytaBjNqL40q","/okdeQQFj3ok0YrB9sbbCIk0Gya2xtkj","legacyData"
"0f68a134-42d1-4176-a4e9-2a25b8a638f3","SOAP_048.basePlot.vst","2015-09-30","vst_SOAP_2015","D17","SOAP","SOAP_048",,"NEON.PLA.D17.SOAP.02411",,"single bole tree","Live",10.8,130,,,,,,,"Partially shaded",,,,,,,"nmgXO4EtL3dCkwsunPG1iytaBjNqL40q","/okdeQQFj3ok0YrB9sbbCIk0Gya2xtkj","legacyData"
"d00d14a2-83ed-42a9-8fc2-883dacea1469","SOAP_048.basePlot.vst","2015-09-30","vst_SOAP_2015","D17","SOAP","SOAP_048",,"NEON.PLA.D17.SOAP.02401",,"sapling","Live",,,1.4,,,,,,"Full shade",,,,,,,"nmgXO4EtL3dCkwsunPG1iytaBjNqL40q","/okdeQQFj3ok0YrB9sbbCIk0Gya2xtkj","legacyData"
"de65ab5b-280b-43fb-a95c-ff044bed4601","SOAP_048.basePlot.vst","2015-09-30","vst_SOAP_2015","D17","SOAP","SOAP_048",,"NEON.PLA.D17.SOAP.01046",,"single bole tree","Live",14.3,130,,,,,,,"Mostly shaded",,,,,,,"nmgXO4EtL3dCkwsunPG1iytaBjNqL40q","/okdeQQFj3ok0YrB9sbbCIk0Gya2xtkj","legacyData"
"024d4504-ddfa-4973-8df6-9681332b70b9","SOAP_048.basePlot.vst","2015-09-30","vst_SOAP_2015","D17","SOAP","SOAP_048",,"NEON.PLA.D17.SOAP.01083",,"single bole tree","Live",16.4,130,,,,,,,"Mostly shaded",,,,,,,"nmgXO4EtL3dCkwsunPG1iytaBjNqL40q","/okdeQQFj3ok0YrB9sbbCIk0Gya2xtkj","legacyData"
"1e791f4d-cc04-4712-addf-aea640160537","SOAP_048.basePlot.vst","2015-09-30","vst_SOAP_2015","D17","SOAP","SOAP_048",,"NEON.PLA.D17.SOAP.01067",,"single bole tree","Standing dead",25.0,130,,,,,,,"Partially shaded",,,,,,,"nmgXO4EtL3dCkwsunPG1iytaBjNqL40q","/okdeQQFj3ok0YrB9sbbCIk0Gya2xtkj","legacyData"
"1cbe6b0c-d3a6-42dd-8516-4db7cd50f771","SOAP_048.basePlot.vst","2015-09-30","vst_SOAP_2015","D17","SOAP","SOAP_048",,"NEON.PLA.D17.SOAP.02429",,"single bole tree","Live",15.7,130,,,,,,,"Mostly shaded",,,,,,,"3fh8ZWGiUyNPW/cfWo4MvcGcAV2rECSC","nmgXO4EtL3dCkwsunPG1iytaBjNqL40q","legacyData"
"8e624d32-b19a-4faf-a699-1aa3cb7116a5","SOAP_048.basePlot.vst","2015-09-30","vst_SOAP_2015","D17","SOAP","SOAP_048",,"NEON.PLA.D17.SOAP.02465",,"small tree","Standing dead",3.4,130,2.2,,,,,,"Full shade",,,,,,"proofed and no errors","3fh8ZWGiUyNPW/cfWo4MvcGcAV2rECSC","nmgXO4EtL3dCkwsunPG1iytaBjNqL40q","legacyData"
"5874f923-86ca-46bc-859f-12ab23158755","SOAP_048.basePlot.vst","2015-09-30","vst_SOAP_2015","D17","SOAP","SOAP_048",,"NEON.PLA.D17.SOAP.02427",,"single bole tree","Live",24.2,130,,,,,,,"Partially shaded",,,,,,,"3fh8ZWGiUyNPW/cfWo4MvcGcAV2rECSC","nmgXO4EtL3dCkwsunPG1iytaBjNqL40q","legacyData"
"5d6e1272-128b-460c-8d42-429dad249f20","SOAP_048.basePlot.vst","2015-09-30","vst_SOAP_2015","D17","SOAP","SOAP_048",,"NEON.PLA.D17.SOAP.01081",,"small tree","Standing dead",3.4,130,1.9,,,,,,"Mostly shaded",,,,,,,"nmgXO4EtL3dCkwsunPG1iytaBjNqL40q","/okdeQQFj3ok0YrB9sbbCIk0Gya2xtkj","legacyData"
"c57d5b55-437e-4660-8e96-efbb0c833ae2","SOAP_048.basePlot.vst","2015-09-30","vst_SOAP_2015","D17","SOAP","SOAP_048",,"NEON.PLA.D17.SOAP.02423",,"sapling","Live",,,0.7,,,,,,"Full shade",,,,,,"proofed and no errors","3fh8ZWGiUyNPW/cfWo4MvcGcAV2rECSC","nmgXO4EtL3dCkwsunPG1iytaBjNqL40q","legacyData"
"f2e06e92-e47f-4d3c-871c-b8f26e1e3696","SOAP_048.basePlot.vst","2015-09-30","vst_SOAP_2015","D17","SOAP","SOAP_048",,"NEON.PLA.D17.SOAP.01084",,"single bole tree","Standing dead",10.9,130,,,,,,,"Mostly shaded",,,,,,,"nmgXO4EtL3dCkwsunPG1iytaBjNqL40q","/okdeQQFj3ok0YrB9sbbCIk0Gya2xtkj","legacyData"
"b379b0eb-dc62-4152-a63b-a9630b3a26cc","SOAP_048.basePlot.vst","2015-09-30","vst_SOAP_2015","D17","SOAP","SOAP_048",,"NEON.PLA.D17.SOAP.01079",,"small tree","Standing dead",3.5,130,2.0,,,,,,"Mostly shaded",,,,,,,"nmgXO4EtL3dCkwsunPG1iytaBjNqL40q","/okdeQQFj3ok0YrB9sbbCIk0Gya2xtkj","legacyData"
"c1507115-57ee-438a-8f34-a146cef3ea04","SOAP_048.basePlot.vst","2015-09-30","vst_SOAP_2015","D17","SOAP","SOAP_048",,"NEON.PLA.D17.SOAP.01063",,"single bole tree","Live",13.9,130,,,,,,,"Partially shaded",,,,,,,"nmgXO4EtL3dCkwsunPG1iytaBjNqL40q","/okdeQQFj3ok0YrB9sbbCIk0Gya2xtkj","legacyData"
"e0fe595e-8664-4618-a315-40695ed3c6cd","SOAP_048.basePlot.vst","2015-09-30","vst_SOAP_2015","D17","SOAP","SOAP_048",,"NEON.PLA.D17.SOAP.02458",,"sapling","Live",,,1.0,,,,,,"Full shade",,,,,,,"3fh8ZWGiUyNPW/cfWo4MvcGcAV2rECSC","nmgXO4EtL3dCkwsunPG1iytaBjNqL40q","legacyData"
"98a0bdfa-f27d-4530-84af-4558f6fd8a05","SOAP_048.basePlot.vst","2015-09-30","vst_SOAP_2015","D17","SOAP","SOAP_048",,"NEON.PLA.D17.SOAP.02420",,"multi-bole tree","Live, physically damaged",31.5,130,,,,,,,"Partially shaded",,,,,,,"nmgXO4EtL3dCkwsunPG1iytaBjNqL40q","/okdeQQFj3ok0YrB9sbbCIk0Gya2xtkj","legacyData"
"1d52c46b-38bd-4584-8d83-8ed4da77e1a9","SOAP_048.basePlot.vst","2015-09-30","vst_SOAP_2015","D17","SOAP","SOAP_048",,"NEON.PLA.D17.SOAP.02457",,"sapling","Live",,,1.0,,,,,,"Full shade",,,,,,,"3fh8ZWGiUyNPW/cfWo4MvcGcAV2rECSC","nmgXO4EtL3dCkwsunPG1iytaBjNqL40q","legacyData"
"f2498a7d-2f96-4fd8-b8bb-11892160f586","SOAP_048.basePlot.vst","2015-09-30","vst_SOAP_2015","D17","SOAP","SOAP_048",,"NEON.PLA.D17.SOAP.02453",,"single bole tree","Standing dead",20.7,130,,,,,,,"Partially shaded",,,,,,,"3fh8ZWGiUyNPW/cfWo4MvcGcAV2rECSC","nmgXO4EtL3dCkwsunPG1iytaBjNqL40q","legacyData"
"971ed868-3e79-4f56-9004-2c3c38d34ccc","SOAP_048.basePlot.vst","2015-09-30","vst_SOAP_2015","D17","SOAP","SOAP_048",,"NEON.PLA.D17.SOAP.01066",,"single bole tree","Live,  other damage",14.0,130,,,,,,,"Partially shaded",,,,,,"fire damaged","nmgXO4EtL3dCkwsunPG1iytaBjNqL40q","/okdeQQFj3ok0YrB9sbbCIk0Gya2xtkj","legacyData"
"9828b359-ce17-4573-a6ef-2c9461617a9e","SOAP_048.basePlot.vst","2015-09-30","vst_SOAP_2015","D17","SOAP","SOAP_048",,"NEON.PLA.D17.SOAP.02463",,"sapling","Live",,,0.8,,,,,,"Full shade",,,,,,,"3fh8ZWGiUyNPW/cfWo4MvcGcAV2rECSC","nmgXO4EtL3dCkwsunPG1iytaBjNqL40q","legacyData"
"f28def10-cd7f-46f4-877d-d99c9a376966","SOAP_048.basePlot.vst","2015-09-30","vst_SOAP_2015","D17","SOAP","SOAP_048",,"NEON.PLA.D17.SOAP.01090",,"sapling","Live",,,1.2,,,,,,"Full shade",,,,,,,"nmgXO4EtL3dCkwsunPG1iytaBjNqL40q","/okdeQQFj3ok0YrB9sbbCIk0Gya2xtkj","legacyData"
"5912c4c5-8917-482a-aa4e-4af444f21da1","SOAP_048.basePlot.vst","2015-09-30","vst_SOAP_2015","D17","SOAP","SOAP_048",,"NEON.PLA.D17.SOAP.02454",,"single bole tree","Live",36.2,130,,,,,,,"Mostly shaded",,,,,,,"3fh8ZWGiUyNPW/cfWo4MvcGcAV2rECSC","nmgXO4EtL3dCkwsunPG1iytaBjNqL40q","legacyData"
"104f0bb1-5511-4530-840f-dd02159f3264","SOAP_048.basePlot.vst","2015-09-30","vst_SOAP_2015","D17","SOAP","SOAP_048",,"NEON.PLA.D17.SOAP.01050",,"single bole tree","Live",31.5,130,,,,,,,"Partially shaded",,,,,,,"nmgXO4EtL3dCkwsunPG1iytaBjNqL40q","/okdeQQFj3ok0YrB9sbbCIk0Gya2xtkj","legacyData"
"b7a74398-46e8-4419-aa05-bb82c303ba7c","SOAP_048.basePlot.vst","2015-09-30","vst_SOAP_2015","D17","SOAP","SOAP_048",,"NEON.PLA.D17.SOAP.01086",,"single bole tree","Live",16.1,130,,,,,,,"Mostly shaded",,,,,,,"nmgXO4EtL3dCkwsunPG1iytaBjNqL40q","/okdeQQFj3ok0YrB9sbbCIk0Gya2xtkj","legacyData"
"193dbdd3-d236-49b4-af66-f960f0a98113","SOAP_048.basePlot.vst","2015-09-30","vst_SOAP_2015","D17","SOAP","SOAP_048",,"NEON.PLA.D17.SOAP.01096",,"sapling","Live",,,1.5,,,,,,"Full shade",,,,,,,"nmgXO4EtL3dCkwsunPG1iytaBjNqL40q","/okdeQQFj3ok0YrB9sbbCIk0Gya2xtkj","legacyData"
"c6c3a337-3691-4d51-b7d8-26ed0c9c9035","SOAP_048.basePlot.vst","2015-09-30","vst_SOAP_2015","D17","SOAP","SOAP_048",,"NEON.PLA.D17.SOAP.01100",,"sapling","Live",,,1.9,,,,,,"Full shade",,,,,,,"nmgXO4EtL3dCkwsunPG1iytaBjNqL40q","/okdeQQFj3ok0YrB9sbbCIk0Gya2xtkj","legacyData"
"ae1cb91c-2a34-4ed3-a4fb-7c0fec21a292","SOAP_048.basePlot.vst","2015-09-30","vst_SOAP_2015","D17","SOAP","SOAP_048",,"NEON.PLA.D17.SOAP.01080",,"small tree","Standing dead",3.0,130,1.6,,,,,,"Mostly shaded",,,,,,,"nmgXO4EtL3dCkwsunPG1iytaBjNqL40q","/okdeQQFj3ok0YrB9sbbCIk0Gya2xtkj","legacyData"
"c0c0aaa6-496d-4488-a1a9-1abc1df62a3e","SOAP_048.basePlot.vst","2015-09-30","vst_SOAP_2015","D17","SOAP","SOAP_048",,"NEON.PLA.D17.SOAP.02408",,"single bole tree","Standing dead",14.7,130,,,,,,,"Partially shaded",,,,,,,"nmgXO4EtL3dCkwsunPG1iytaBjNqL40q","/okdeQQFj3ok0YrB9sbbCIk0Gya2xtkj","legacyData"
"2f881123-e287-4998-a278-fc1eae3d0155","SOAP_048.basePlot.vst","2015-09-30","vst_SOAP_2015","D17","SOAP","SOAP_048",,"NEON.PLA.D17.SOAP.02426",,"single bole tree","Standing dead",17.2,130,,,,,,,"Mostly shaded",,,,,,,"3fh8ZWGiUyNPW/cfWo4MvcGcAV2rECSC","nmgXO4EtL3dCkwsunPG1iytaBjNqL40q","legacyData"
"f08f82b5-8d36-42f2-9b94-17825a47eadd","SOAP_048.basePlot.vst","2015-09-30","vst_SOAP_2015","D17","SOAP","SOAP_048",,"NEON.PLA.D17.SOAP.01091",,"single bole tree","Live",26.9,130,,,,,,,"Partially shaded",,,,,,,"nmgXO4EtL3dCkwsunPG1iytaBjNqL40q","/okdeQQFj3ok0YrB9sbbCIk0Gya2xtkj","legacyData"
"73b358cd-ea44-4c26-ba01-33c7120a4d11","SOAP_048.basePlot.vst","2015-09-30","vst_SOAP_2015","D17","SOAP","SOAP_048",,"NEON.PLA.D17.SOAP.02413A",,,"Standing dead",56.4,130,,,,,,,"Partially shaded",,,,,,"bole A is broken off, hollow and decomposing","nmgXO4EtL3dCkwsunPG1iytaBjNqL40q","/okdeQQFj3ok0YrB9sbbCIk0Gya2xtkj","legacyData"
"23460db2-48d4-4021-b445-b98d37ad63ec","SOAP_048.basePlot.vst","2015-09-30","vst_SOAP_2015","D17","SOAP","SOAP_048",,"NEON.PLA.D17.SOAP.01092",,"single bole tree","Live",19.3,130,,,,,,,"Partially shaded",,,,,,,"nmgXO4EtL3dCkwsunPG1iytaBjNqL40q","/okdeQQFj3ok0YrB9sbbCIk0Gya2xtkj","legacyData"
"535962d9-39aa-4002-a30b-737b2dfbc797","SOAP_048.basePlot.vst","2015-09-30","vst_SOAP_2015","D17","SOAP","SOAP_048",,"NEON.PLA.D17.SOAP.02431",,"single bole tree","Live",13.9,130,,,,,,,"Partially shaded",,,,,,,"3fh8ZWGiUyNPW/cfWo4MvcGcAV2rECSC","nmgXO4EtL3dCkwsunPG1iytaBjNqL40q","legacyData"
"bc383de4-4b23-4da4-9505-e58405a7900c","SOAP_048.basePlot.vst","2015-09-30","vst_SOAP_2015","D17","SOAP","SOAP_048",,"NEON.PLA.D17.SOAP.01085",,"single bole tree","Live,  other damage",19.0,130,,,,,,,"Mostly shaded",,,,,,"proofed and no errors","nmgXO4EtL3dCkwsunPG1iytaBjNqL40q","/okdeQQFj3ok0YrB9sbbCIk0Gya2xtkj","legacyData"
"6c8bf3ac-86f9-4541-8d38-6917cf00d593","SOAP_048.basePlot.vst","2015-09-30","vst_SOAP_2015","D17","SOAP","SOAP_048",,"NEON.PLA.D17.SOAP.02438",,"single bole tree","Live",19.2,130,,,,,,,"Partially shaded",,,,,,,"3fh8ZWGiUyNPW/cfWo4MvcGcAV2rECSC","nmgXO4EtL3dCkwsunPG1iytaBjNqL40q","legacyData"
"cf1bf5cf-6060-452a-9573-a1906b6bee3c","SOAP_048.basePlot.vst","2015-09-30","vst_SOAP_2015","D17","SOAP","SOAP_048",,"NEON.PLA.D17.SOAP.02415",,"single bole tree","Live,  other damage",12.8,130,,,,,,,"Partially shaded",,,,,,,"nmgXO4EtL3dCkwsunPG1iytaBjNqL40q","/okdeQQFj3ok0YrB9sbbCIk0Gya2xtkj","legacyData"
"9b9ae895-54c9-4645-83b3-a1e9f3a38da8","SOAP_048.basePlot.vst","2015-09-30","vst_SOAP_2015","D17","SOAP","SOAP_048",,"NEON.PLA.D17.SOAP.01069",,"single bole tree","Live",17.2,130,,,,,,,"Partially shaded",,,,,,,"nmgXO4EtL3dCkwsunPG1iytaBjNqL40q","/okdeQQFj3ok0YrB9sbbCIk0Gya2xtkj","legacyData"
"fe6ee694-2713-419e-90ac-c1465c30f7cd","SOAP_048.basePlot.vst","2015-09-30","vst_SOAP_2015","D17","SOAP","SOAP_048",,"NEON.PLA.D17.SOAP.02412",,"single bole tree","Live,  other damage",10.8,130,,,,,,,"Partially shaded",,,,,,,"nmgXO4EtL3dCkwsunPG1iytaBjNqL40q","/okdeQQFj3ok0YrB9sbbCIk0Gya2xtkj","legacyData"
"d977317d-c5b0-4e46-a8c5-087c774b0fb7","SOAP_048.basePlot.vst","2015-09-30","vst_SOAP_2015","D17","SOAP","SOAP_048",,"NEON.PLA.D17.SOAP.02409",,"single bole tree","Live",14.6,130,,,,,,,"Partially shaded",,,,,,,"nmgXO4EtL3dCkwsunPG1iytaBjNqL40q","/okdeQQFj3ok0YrB9sbbCIk0Gya2xtkj","legacyData"
"b1fb1e0d-48fe-43e7-bd78-e3bc48cbe2fb","SOAP_048.basePlot.vst","2015-09-30","vst_SOAP_2015","D17","SOAP","SOAP_048",,"NEON.PLA.D17.SOAP.01076",,"small shrub","Live",,,2.0,,,,1.0,0.8,"Full shade","cylinder",,,,,,"nmgXO4EtL3dCkwsunPG1iytaBjNqL40q","/okdeQQFj3ok0YrB9sbbCIk0Gya2xtkj","legacyData"
"67055331-bc8d-45b9-b237-081fff874170","SOAP_048.basePlot.vst","2015-09-30","vst_SOAP_2015","D17","SOAP","SOAP_048",,"NEON.PLA.D17.SOAP.02434",,"single bole tree","Live",41.0,130,,,,,,,"Partially shaded",,,,,,,"3fh8ZWGiUyNPW/cfWo4MvcGcAV2rECSC","nmgXO4EtL3dCkwsunPG1iytaBjNqL40q","legacyData"
"c8ce0cd4-5ce8-40e0-b906-98f23ae5ad49","SOAP_048.basePlot.vst","2015-09-30","vst_SOAP_2015","D17","SOAP","SOAP_048",,"NEON.PLA.D17.SOAP.01094",,"sapling","Live",,,1.9,,,,,,"Full shade",,,,,,,"nmgXO4EtL3dCkwsunPG1iytaBjNqL40q","/okdeQQFj3ok0YrB9sbbCIk0Gya2xtkj","legacyData"
"c0ad0675-52e8-4873-9629-2f1580629a4d","SOAP_048.basePlot.vst","2015-09-30","vst_SOAP_2015","D17","SOAP","SOAP_048",,"NEON.PLA.D17.SOAP.01056",,"single bole tree","Standing dead",10.0,130,,,,,,,"Mostly shaded",,,,,,,"nmgXO4EtL3dCkwsunPG1iytaBjNqL40q","/okdeQQFj3ok0YrB9sbbCIk0Gya2xtkj","legacyData"
"f2f61545-1675-4748-9ef4-222b5dd85d15","SOAP_048.basePlot.vst","2015-09-30","vst_SOAP_2015","D17","SOAP","SOAP_048",,"NEON.PLA.D17.SOAP.01064",,"single bole tree","Standing dead",12.0,120,,,,,,,"Partially shaded",,,,,,,"nmgXO4EtL3dCkwsunPG1iytaBjNqL40q","/okdeQQFj3ok0YrB9sbbCIk0Gya2xtkj","legacyData"
"4469c4c1-3820-4e38-bc0d-9df263988cc6","SOAP_048.basePlot.vst","2015-09-30","vst_SOAP_2015","D17","SOAP","SOAP_048",,"NEON.PLA.D17.SOAP.01062",,"single bole tree","Live, physically damaged",19.1,130,,,,,,,"Mostly shaded",,,,,,"tree growing at an angle but still alive","nmgXO4EtL3dCkwsunPG1iytaBjNqL40q","/okdeQQFj3ok0YrB9sbbCIk0Gya2xtkj","legacyData"
"63d3ae62-34f6-4113-a7e9-073b624798b2","SOAP_048.basePlot.vst","2015-09-30","vst_SOAP_2015","D17","SOAP","SOAP_048",,"NEON.PLA.D17.SOAP.02459",,"small tree","Standing dead",7.6,130,3.4,,,,,,"Mostly shaded",,,,,,,"3fh8ZWGiUyNPW/cfWo4MvcGcAV2rECSC","nmgXO4EtL3dCkwsunPG1iytaBjNqL40q","legacyData"
"0597ce73-8443-45e0-a777-e71b508cbc37","SOAP_048.basePlot.vst","2015-09-30","vst_SOAP_2015","D17","SOAP","SOAP_048",,"NEON.PLA.D17.SOAP.02406",,"sapling","Live",,,1.1,,,,,,"Full shade",,,,,,,"nmgXO4EtL3dCkwsunPG1iytaBjNqL40q","/okdeQQFj3ok0YrB9sbbCIk0Gya2xtkj","legacyData"
"29ecc15c-f464-4654-b8d4-5a5a2d1681a0","SOAP_048.basePlot.vst","2015-09-30","vst_SOAP_2015","D17","SOAP","SOAP_048",,"NEON.PLA.D17.SOAP.01087",,"single bole tree","Standing dead",15.0,130,,,,,,,"Mostly shaded",,,,,,,"nmgXO4EtL3dCkwsunPG1iytaBjNqL40q","/okdeQQFj3ok0YrB9sbbCIk0Gya2xtkj","legacyData"
"26a53672-84f3-4879-a8fe-475b18fd6481","SOAP_048.basePlot.vst","2015-09-30","vst_SOAP_2015","D17","SOAP","SOAP_048",,"NEON.PLA.D17.SOAP.01074",,"small tree","Standing dead",7.3,130,3.2,,,,,,"Mostly shaded",,,,,,,"nmgXO4EtL3dCkwsunPG1iytaBjNqL40q","/okdeQQFj3ok0YrB9sbbCIk0Gya2xtkj","legacyData"
"ec299b6e-d9fc-4719-ad3a-8fab990d3dc8","SOAP_048.basePlot.vst","2015-09-30","vst_SOAP_2015","D17","SOAP","SOAP_048",,"NEON.PLA.D17.SOAP.02441",,"single bole tree","Standing dead",11.3,130,,,,,,,"Mostly shaded",,,,,,,"3fh8ZWGiUyNPW/cfWo4MvcGcAV2rECSC","nmgXO4EtL3dCkwsunPG1iytaBjNqL40q","legacyData"
"b5964af3-d08c-43f0-9ab7-facdeeeca795","SOAP_048.basePlot.vst","2015-09-30","vst_SOAP_2015","D17","SOAP","SOAP_048",,"NEON.PLA.D17.SOAP.02446",,"single bole tree","Standing dead",14.3,130,,,,,,,"Partially shaded",,,,,,,"3fh8ZWGiUyNPW/cfWo4MvcGcAV2rECSC","nmgXO4EtL3dCkwsunPG1iytaBjNqL40q","legacyData"
"c5386bda-5dac-470d-8f3c-610a45dfa570","SOAP_048.basePlot.vst","2015-09-30","vst_SOAP_2015","D17","SOAP","SOAP_048",,"NEON.PLA.D17.SOAP.02437",,"single bole tree","Live",52.5,130,,,,,,,"Full sun",,,,,,,"3fh8ZWGiUyNPW/cfWo4MvcGcAV2rECSC","nmgXO4EtL3dCkwsunPG1iytaBjNqL40q","legacyData"
"090ea7fb-3a92-4c84-b633-acd3271eaeb0","SOAP_048.basePlot.vst","2015-09-30","vst_SOAP_2015","D17","SOAP","SOAP_048",,"NEON.PLA.D17.SOAP.02424",,"sapling","Live",,,1.0,,,,,,"Full shade",,,,,,,"3fh8ZWGiUyNPW/cfWo4MvcGcAV2rECSC","nmgXO4EtL3dCkwsunPG1iytaBjNqL40q","legacyData"
"96d26df7-65b6-40d6-82f4-dc0fdd4addca","SOAP_048.basePlot.vst","2015-09-30","vst_SOAP_2015","D17","SOAP","SOAP_048",,"NEON.PLA.D17.SOAP.01061",,"single bole tree","Live",19.3,130,,,,,,,"Partially shaded",,,,,,,"nmgXO4EtL3dCkwsunPG1iytaBjNqL40q","/okdeQQFj3ok0YrB9sbbCIk0Gya2xtkj","legacyData"
"8417f271-9ff6-495b-84ef-3325705c6e19","SOAP_048.basePlot.vst","2015-09-30","vst_SOAP_2015","D17","SOAP","SOAP_048",,"NEON.PLA.D17.SOAP.02428",,"single bole tree","Live",25.7,130,,,,,,,"Partially shaded",,,,,,,"3fh8ZWGiUyNPW/cfWo4MvcGcAV2rECSC","nmgXO4EtL3dCkwsunPG1iytaBjNqL40q","legacyData"
"d605c988-fada-4bf7-80b7-35ffa9f57a6a","SOAP_048.basePlot.vst","2015-09-30","vst_SOAP_2015","D17","SOAP","SOAP_048",,"NEON.PLA.D17.SOAP.01078",,"single bole tree","Standing dead",12.3,130,,,,,,,"Partially shaded",,,,,,,"nmgXO4EtL3dCkwsunPG1iytaBjNqL40q","/okdeQQFj3ok0YrB9sbbCIk0Gya2xtkj","legacyData"
"b27cbcdc-b81f-4722-b5c8-69061fd721bd","SOAP_048.basePlot.vst","2015-09-30","vst_SOAP_2015","D17","SOAP","SOAP_048",,"NEON.PLA.D17.SOAP.01060",,"single bole tree","Standing dead",12.5,130,,,,,,,"Mostly shaded",,,,,,,"nmgXO4EtL3dCkwsunPG1iytaBjNqL40q","/okdeQQFj3ok0YrB9sbbCIk0Gya2xtkj","legacyData"
"03a26d49-5e57-4e33-b25e-bbdd07169def","SOAP_048.basePlot.vst","2015-09-30","vst_SOAP_2015","D17","SOAP","SOAP_048",,"NEON.PLA.D17.SOAP.02464",,"small shrub","Live",,,2.2,,,,1.3,1.2,"Full shade","inverted cone",,,10.00,9.00,,"3fh8ZWGiUyNPW/cfWo4MvcGcAV2rECSC","nmgXO4EtL3dCkwsunPG1iytaBjNqL40q","legacyData"
"3693cf95-e24e-454f-85d1-28f0ddeb63f7","SOAP_048.basePlot.vst","2015-09-30","vst_SOAP_2015","D17","SOAP","SOAP_048",,"NEON.PLA.D17.SOAP.01048",,"single bole tree","Standing dead",14.3,130,,,,,,,"Mostly shaded",,,,,,,"nmgXO4EtL3dCkwsunPG1iytaBjNqL40q","/okdeQQFj3ok0YrB9sbbCIk0Gya2xtkj","legacyData"
"6a806cf6-e610-4150-b941-cef99a3176e9","SOAP_048.basePlot.vst","2015-09-30","vst_SOAP_2015","D17","SOAP","SOAP_048",,"NEON.PLA.D17.SOAP.01065",,"single bole tree","Live",15.3,130,,,,,,,"Partially shaded",,,,,,,"nmgXO4EtL3dCkwsunPG1iytaBjNqL40q","/okdeQQFj3ok0YrB9sbbCIk0Gya2xtkj","legacyData"
"7a10e301-477f-4e52-8e49-316e31d71f34","SOAP_048.basePlot.vst","2015-09-30","vst_SOAP_2015","D17","SOAP","SOAP_048",,"NEON.PLA.D17.SOAP.02460",,"small shrub","Live",,,1.1,,,,0.7,0.6,"Full shade","inverted cone",,,6.00,5.00,,"3fh8ZWGiUyNPW/cfWo4MvcGcAV2rECSC","nmgXO4EtL3dCkwsunPG1iytaBjNqL40q","legacyData"
"1a0d870c-322d-4433-9f13-9ab21f9de138","SOAP_048.basePlot.vst","2015-09-30","vst_SOAP_2015","D17","SOAP","SOAP_048",,"NEON.PLA.D17.SOAP.02449",,"single bole tree","Live",32.7,130,,,,,,,"Partially shaded",,,,,,,"3fh8ZWGiUyNPW/cfWo4MvcGcAV2rECSC","nmgXO4EtL3dCkwsunPG1iytaBjNqL40q","legacyData"
"14b6e970-7d8d-4162-8827-a38e07e6e692","SOAP_048.basePlot.vst","2015-09-30","vst_SOAP_2015","D17","SOAP","SOAP_048",,"NEON.PLA.D17.SOAP.01051",,"single bole tree","Standing dead",10.9,130,,,,,,,"Mostly shaded",,,,,,"proofed and no errors","nmgXO4EtL3dCkwsunPG1iytaBjNqL40q","/okdeQQFj3ok0YrB9sbbCIk0Gya2xtkj","legacyData"
"4453d1d2-f589-4ab5-836f-27e0ace8168e","SOAP_048.basePlot.vst","2015-09-30","vst_SOAP_2015","D17","SOAP","SOAP_048",,"NEON.PLA.D17.SOAP.05693",,,"Live, physically damaged",23.6,130,,,,,,,"Partially shaded",,,,,,,"nmgXO4EtL3dCkwsunPG1iytaBjNqL40q","/okdeQQFj3ok0YrB9sbbCIk0Gya2xtkj","legacyData | noMapTagData"
"9d8c1439-d9ef-4d6f-a1d3-35437b9a2dd8","SOAP_048.basePlot.vst","2015-09-30","vst_SOAP_2015","D17","SOAP","SOAP_048",,"NEON.PLA.D17.SOAP.02466",,"sapling","Live",,,1.4,,,,,,"Full shade",,,,,,,"3fh8ZWGiUyNPW/cfWo4MvcGcAV2rECSC","nmgXO4EtL3dCkwsunPG1iytaBjNqL40q","legacyData"
"7f165829-c6bc-499e-a70f-1ed8f5147f9c","SOAP_048.basePlot.vst","2015-09-30","vst_SOAP_2015","D17","SOAP","SOAP_048",,"NEON.PLA.D17.SOAP.02422",,"single bole tree","Live",34.5,130,,,,,,,"Partially shaded",,,,,,,"3fh8ZWGiUyNPW/cfWo4MvcGcAV2rECSC","nmgXO4EtL3dCkwsunPG1iytaBjNqL40q","legacyData"
"19564936-0c4d-4ec2-9743-b5fb3110ee09","SOAP_048.basePlot.vst","2015-09-30","vst_SOAP_2015","D17","SOAP","SOAP_048",,"NEON.PLA.D17.SOAP.02439",,"single bole tree","Live",11.8,130,,,,,,,"Partially shaded",,,,,,,"3fh8ZWGiUyNPW/cfWo4MvcGcAV2rECSC","nmgXO4EtL3dCkwsunPG1iytaBjNqL40q","legacyData"
