uid,namedLocation,date,eventID,domainID,siteID,plotID,subplotID,nestedSubplotID,groupID,taxonID,scientificName,taxonRank,identificationReferences,identificationQualifier,volumePercent,livePercent,deadPercent,canopyArea,meanHeight,remarks,measuredBy,recordedBy,dataQF
"67a6e8c5-fca3-4c64-890d-309e9a05683a","SOAP_057.basePlot.vst","2015-09-22","vst_SOAP_2015","D17","SOAP","SOAP_057","39",,"39_01","CEMOG","Cercocarpus montanus Raf. var. glaber (S. Watson) F.L. Martin","variety",,,30,98,2,2.0,2.04,,"/okdeQQFj3ok0YrB9sbbCIk0Gya2xtkj","nmgXO4EtL3dCkwsunPG1iytaBjNqL40q","legacyData"
"e0b78529-96f6-4276-bbca-fb66345b4645","SOAP_057.basePlot.vst","2015-09-22","vst_SOAP_2015","D17","SOAP","SOAP_057","39",,"39 _0","CEMOG","Cercocarpus montanus Raf. var. glaber (S. Watson) F.L. Martin","variety",,,30,98,2,2.0,2.04,,"/okdeQQFj3ok0YrB9sbbCIk0Gya2xtkj","nmgXO4EtL3dCkwsunPG1iytaBjNqL40q","legacyData"
"d16e62e8-b0f1-4f49-8beb-b779d44e6af1","SOAP_057.basePlot.vst","2015-09-22","vst_SOAP_2015","D17","SOAP","SOAP_057","39",,"39 _0","QUCH2","Quercus chrysolepis Liebm.","species",,,70,90,10,2.0,2.04,"proofed and no errors","/okdeQQFj3ok0YrB9sbbCIk0Gya2xtkj","nmgXO4EtL3dCkwsunPG1iytaBjNqL40q","legacyData"
"ee1517cd-fc6d-45bf-a0dd-90fbd39f9709","SOAP_057.basePlot.vst","2015-09-22","vst_SOAP_2015","D17","SOAP","SOAP_057","39",,"39_01","QUCH2","Quercus chrysolepis Liebm.","species",,,70,90,10,2.0,2.20,"proofed and no errors","/okdeQQFj3ok0YrB9sbbCIk0Gya2xtkj","nmgXO4EtL3dCkwsunPG1iytaBjNqL40q","legacyData"
"cfc0c633-ff2a-4505-ab81-cb863d77e5b1","SOAP_051.basePlot.vst","2015-09-28","vst_SOAP_2015","D17","SOAP","SOAP_051","39","3","39 _0","LOIN4","Lonicera interrupta Benth.","species",,,2,70,30,16.0,2.76,,"/okdeQQFj3ok0YrB9sbbCIk0Gya2xtkj","3fh8ZWGiUyNPW/cfWo4MvcGcAV2rECSC","legacyData"
"7eb267c3-7e93-4478-8299-5ae8e9d1a626","SOAP_051.basePlot.vst","2015-09-28","vst_SOAP_2015","D17","SOAP","SOAP_051","39","1","39 _0","FRCA6","Fremontodendron californicum (Torr.) Coville","species",,,97,85,15,16.0,2.18,,"/okdeQQFj3ok0YrB9sbbCIk0Gya2xtkj","3fh8ZWGiUyNPW/cfWo4MvcGcAV2rECSC","legacyData"
"1df7e211-e5e7-4086-a349-5818e9395754","SOAP_051.basePlot.vst","2015-09-28","vst_SOAP_2015","D17","SOAP","SOAP_051","39","1","39 _0","ARVIM","Arctostaphylos viscida Parry ssp. mariposa (Dudley) P.V. Wells","subspecies",,,60,95,5,16.0,2.48,,"/okdeQQFj3ok0YrB9sbbCIk0Gya2xtkj","3fh8ZWGiUyNPW/cfWo4MvcGcAV2rECSC","legacyData"
"2ebda6df-f84f-42cf-8439-08771fcb9d82","SOAP_051.basePlot.vst","2015-09-28","vst_SOAP_2015","D17","SOAP","SOAP_051","21","1","21 _0","LOIN4","Lonicera interrupta Benth.","species",,,30,5,95,4.0,1.68,,"/okdeQQFj3ok0YrB9sbbCIk0Gya2xtkj","3fh8ZWGiUyNPW/cfWo4MvcGcAV2rECSC","legacyData"
"5c96beaa-34f3-4d2e-96b4-b4fc31f10ddf","SOAP_051.basePlot.vst","2015-09-28","vst_SOAP_2015","D17","SOAP","SOAP_051","39","3","39 _0","ARVIM","Arctostaphylos viscida Parry ssp. mariposa (Dudley) P.V. Wells","subspecies",,,68,85,15,16.0,2.76,,"/okdeQQFj3ok0YrB9sbbCIk0Gya2xtkj","3fh8ZWGiUyNPW/cfWo4MvcGcAV2rECSC","legacyData"
"4550ac1c-4cdf-4a20-b0be-fea5556c5001","SOAP_051.basePlot.vst","2015-09-28","vst_SOAP_2015","D17","SOAP","SOAP_051","39","1","39 _0","CECU","Ceanothus cuneatus (Hook.) Nutt.","species",,,40,70,30,16.0,2.48,,"/okdeQQFj3ok0YrB9sbbCIk0Gya2xtkj","3fh8ZWGiUyNPW/cfWo4MvcGcAV2rECSC","legacyData"
"2134ba43-9805-439d-abc5-11aa0c3a1dc3","SOAP_051.basePlot.vst","2015-09-28","vst_SOAP_2015","D17","SOAP","SOAP_051","39","3","39 _0","FRCA6","Fremontodendron californicum (Torr.) Coville","species",,,75,90,10,16.0,2.44,,"/okdeQQFj3ok0YrB9sbbCIk0Gya2xtkj","3fh8ZWGiUyNPW/cfWo4MvcGcAV2rECSC","legacyData"
"878a476a-d06d-4e3d-ba79-b39029c02d92","SOAP_051.basePlot.vst","2015-09-28","vst_SOAP_2015","D17","SOAP","SOAP_051","39","3","39 _0","ARVIM","Arctostaphylos viscida Parry ssp. mariposa (Dudley) P.V. Wells","subspecies",,,100,0,100,16.0,2.34,"proofed and no errors","/okdeQQFj3ok0YrB9sbbCIk0Gya2xtkj","3fh8ZWGiUyNPW/cfWo4MvcGcAV2rECSC","legacyData"
"1c6476a3-3e8a-4003-b12f-d1700b6695d1","SOAP_051.basePlot.vst","2015-09-28","vst_SOAP_2015","D17","SOAP","SOAP_051","39","3","39 _0","LOIN4","Lonicera interrupta Benth.","species",,,25,60,40,16.0,2.44,,"/okdeQQFj3ok0YrB9sbbCIk0Gya2xtkj","3fh8ZWGiUyNPW/cfWo4MvcGcAV2rECSC","legacyData"
"159b22b9-0eb7-4282-af78-6e6a26460f6d","SOAP_051.basePlot.vst","2015-09-28","vst_SOAP_2015","D17","SOAP","SOAP_051","39","3","39_03","ARVIM","Arctostaphylos viscida Parry ssp. mariposa (Dudley) P.V. Wells","subspecies",,,68,85,15,29.0,2.68,,"/okdeQQFj3ok0YrB9sbbCIk0Gya2xtkj","3fh8ZWGiUyNPW/cfWo4MvcGcAV2rECSC","legacyData"
"7af3bc6d-408e-48d2-a25e-0f3d3611f733","SOAP_051.basePlot.vst","2015-09-28","vst_SOAP_2015","D17","SOAP","SOAP_051","39",,"39_02","LOIN4","Lonicera interrupta Benth.","species",,,25,60,40,2.0,2.00,,"/okdeQQFj3ok0YrB9sbbCIk0Gya2xtkj","3fh8ZWGiUyNPW/cfWo4MvcGcAV2rECSC","legacyData"
"0d101d3c-fc40-4040-9d91-c2b6e083574b","SOAP_051.basePlot.vst","2015-09-28","vst_SOAP_2015","D17","SOAP","SOAP_051","21","1","21_01","LOIN4","Lonicera interrupta Benth.","species",,,30,5,95,4.0,2.00,,"/okdeQQFj3ok0YrB9sbbCIk0Gya2xtkj","3fh8ZWGiUyNPW/cfWo4MvcGcAV2rECSC","legacyData"
"47373c2c-1f3a-40db-8da4-1afa10ef4179","SOAP_051.basePlot.vst","2015-09-28","vst_SOAP_2015","D17","SOAP","SOAP_051","39","3","39_02","FRCA6","Fremontodendron californicum (Torr.) Coville","species",,,75,90,10,2.0,2.14,,"/okdeQQFj3ok0YrB9sbbCIk0Gya2xtkj","3fh8ZWGiUyNPW/cfWo4MvcGcAV2rECSC","legacyData"
"d790d521-76a8-44c1-be14-9af8572a7354","SOAP_051.basePlot.vst","2015-09-28","vst_SOAP_2015","D17","SOAP","SOAP_051","39","1","39_05","FRCA6","Fremontodendron californicum (Torr.) Coville","species",,,97,85,15,6.0,1.88,,"/okdeQQFj3ok0YrB9sbbCIk0Gya2xtkj","3fh8ZWGiUyNPW/cfWo4MvcGcAV2rECSC","legacyData"
"fd065558-3a14-48fc-8358-e31cf170d3e7","SOAP_051.basePlot.vst","2015-09-28","vst_SOAP_2015","D17","SOAP","SOAP_051","39","3","39_01","CECU","Ceanothus cuneatus (Hook.) Nutt.","species",,,80,70,30,16.0,3.50,,"/okdeQQFj3ok0YrB9sbbCIk0Gya2xtkj","3fh8ZWGiUyNPW/cfWo4MvcGcAV2rECSC","legacyData"
"75ab8949-333e-4812-84c5-2a693d2fab19","SOAP_051.basePlot.vst","2015-09-28","vst_SOAP_2015","D17","SOAP","SOAP_051","39",,"39_03","CECU","Ceanothus cuneatus (Hook.) Nutt.","species",,,30,80,20,29.0,3.10,,"/okdeQQFj3ok0YrB9sbbCIk0Gya2xtkj","3fh8ZWGiUyNPW/cfWo4MvcGcAV2rECSC","legacyData"
"6083f189-c32b-41d4-b76b-e3ad24ec11f6","SOAP_051.basePlot.vst","2015-09-28","vst_SOAP_2015","D17","SOAP","SOAP_051","39",,"39_06","CECU","Ceanothus cuneatus (Hook.) Nutt.","species",,,40,70,30,3.0,2.30,,"/okdeQQFj3ok0YrB9sbbCIk0Gya2xtkj","3fh8ZWGiUyNPW/cfWo4MvcGcAV2rECSC","legacyData"
"ae64a56d-0dd1-4e1c-9de5-7325753d17a7","SOAP_051.basePlot.vst","2015-09-28","vst_SOAP_2015","D17","SOAP","SOAP_051","39",,"39_05","LOIN4","Lonicera interrupta Benth.","species",,,3,75,25,6.0,2.00,,"/okdeQQFj3ok0YrB9sbbCIk0Gya2xtkj","3fh8ZWGiUyNPW/cfWo4MvcGcAV2rECSC","legacyData"
"3cb75875-f35e-420e-b6aa-a7135acb4e8a","SOAP_051.basePlot.vst","2015-09-28","vst_SOAP_2015","D17","SOAP","SOAP_051","39",,"39_03","LOIN4","Lonicera interrupta Benth.","species",,,2,70,30,29.0,3.10,,"/okdeQQFj3ok0YrB9sbbCIk0Gya2xtkj","3fh8ZWGiUyNPW/cfWo4MvcGcAV2rECSC","legacyData"
"f4cabe5d-c3f6-409f-94a7-553501b0538b","SOAP_051.basePlot.vst","2015-09-28","vst_SOAP_2015","D17","SOAP","SOAP_051","39",,"39_01","ARVIM","Arctostaphylos viscida Parry ssp. mariposa (Dudley) P.V. Wells","subspecies",,,20,80,20,16.0,3.50,,"/okdeQQFj3ok0YrB9sbbCIk0Gya2xtkj","3fh8ZWGiUyNPW/cfWo4MvcGcAV2rECSC","legacyData"
"204292d8-b867-4100-9490-1d06cdee50ca","SOAP_051.basePlot.vst","2015-09-28","vst_SOAP_2015","D17","SOAP","SOAP_051","39","3","39_04","ARVIM","Arctostaphylos viscida Parry ssp. mariposa (Dudley) P.V. Wells","subspecies",,,100,0,100,1.0,2.06,"proofed and no errors","/okdeQQFj3ok0YrB9sbbCIk0Gya2xtkj","3fh8ZWGiUyNPW/cfWo4MvcGcAV2rECSC","legacyData"
"6a0e647c-8f43-4b1e-9e03-aef96fae8219","SOAP_051.basePlot.vst","2015-09-28","vst_SOAP_2015","D17","SOAP","SOAP_051","21","1","21_01","CECU","Ceanothus cuneatus (Hook.) Nutt.","species",,,70,10,90,4.0,1.68,,"/okdeQQFj3ok0YrB9sbbCIk0Gya2xtkj","3fh8ZWGiUyNPW/cfWo4MvcGcAV2rECSC","legacyData"
"134e9acb-7308-4692-8f12-c4082437628c","SOAP_051.basePlot.vst","2015-09-28","vst_SOAP_2015","D17","SOAP","SOAP_051","39","1","39_06","ARVIM","Arctostaphylos viscida Parry ssp. mariposa (Dudley) P.V. Wells","subspecies",,,60,95,5,3.0,2.24,,"/okdeQQFj3ok0YrB9sbbCIk0Gya2xtkj","3fh8ZWGiUyNPW/cfWo4MvcGcAV2rECSC","legacyData"
"a1620103-d2a8-4117-bedb-f919a252647c","SOAP_051.basePlot.vst","2015-09-28","vst_SOAP_2015","D17","SOAP","SOAP_051","21","1","21 _0","CECU","Ceanothus cuneatus (Hook.) Nutt.","species",,,70,10,90,4.0,1.68,,"/okdeQQFj3ok0YrB9sbbCIk0Gya2xtkj","3fh8ZWGiUyNPW/cfWo4MvcGcAV2rECSC","legacyData"
"93ed8743-053d-4c29-a3de-3d06362cf037","SOAP_051.basePlot.vst","2015-09-28","vst_SOAP_2015","D17","SOAP","SOAP_051","39","1","39 _0","LOIN4","Lonicera interrupta Benth.","species",,,3,75,25,16.0,2.18,,"/okdeQQFj3ok0YrB9sbbCIk0Gya2xtkj","3fh8ZWGiUyNPW/cfWo4MvcGcAV2rECSC","legacyData"
"91821811-9a99-458e-b7ab-51dbdc203674","SOAP_051.basePlot.vst","2015-09-28","vst_SOAP_2015","D17","SOAP","SOAP_051","39","3","39 _0","CECU","Ceanothus cuneatus (Hook.) Nutt.","species",,,30,80,20,16.0,2.76,,"/okdeQQFj3ok0YrB9sbbCIk0Gya2xtkj","3fh8ZWGiUyNPW/cfWo4MvcGcAV2rECSC","legacyData"
"1fd39e24-ce1b-4fd3-b471-587c5b0ba375","SOAP_051.basePlot.vst","2015-09-28","vst_SOAP_2015","D17","SOAP","SOAP_051","39","3","39 _0","ARVIM","Arctostaphylos viscida Parry ssp. mariposa (Dudley) P.V. Wells","subspecies",,,20,80,20,16.0,3.50,,"/okdeQQFj3ok0YrB9sbbCIk0Gya2xtkj","3fh8ZWGiUyNPW/cfWo4MvcGcAV2rECSC","legacyData"
"b28a55a3-f7ee-451e-bdf3-699ba5d314fe","SOAP_051.basePlot.vst","2015-09-28","vst_SOAP_2015","D17","SOAP","SOAP_051","39","3","39 _0","CECU","Ceanothus cuneatus (Hook.) Nutt.","species",,,80,70,30,16.0,3.50,,"/okdeQQFj3ok0YrB9sbbCIk0Gya2xtkj","3fh8ZWGiUyNPW/cfWo4MvcGcAV2rECSC","legacyData"
