uid,namedLocation,date,domainID,siteID,plotID,plotType,nlcdClass,decimalLatitude,decimalLongitude,geodeticDatum,coordinateUncertainty,easting,northing,utmZone,elevation,elevationUncertainty,eventID,samplingProtocolVersion,treesPresent,treesAbsentList,shrubsPresent,shrubsAbsentList,lianasPresent,lianasAbsentList,nestedSubplotAreaShrubSapling,nestedSubplotAreaLiana,totalSampledAreaTrees,totalSampledAreaShrubSapling,totalSampledAreaLiana,remarks,measuredBy,recordedBy,dataQF
"bf91f9cb-a003-4b84-90db-45605a6ac952","DELA_037.basePlot.vst","2017-10-19","D08","DELA","DELA_037","tower","woodyWetlands",32.539626,-87.801969,"WGS84",20.2,424695.71,3600535.20,"16N",27.7,0.2,"vst_DELA_2017","NEON.DOC.000987vG","Y",,"N",,"Y",,"25","noneSelected",800,100,800,,"bmECNxKFORJ43CkPOK/jz5baIMG9fVgNDZtuMGOxgY0=","wUBWszgu2lHQd7NU26k95uDbEkzOz0zmn9by+DXEi6M=",
"5018ede6-b574-4767-8baf-7d425e70b1d6","DELA_039.basePlot.vst","2017-10-23","D08","DELA","DELA_039","tower","woodyWetlands",32.542583,-87.805845,"WGS84",20.2,424334.22,3600865.75,"16N",24.8,0.2,"vst_DELA_2017","NEON.DOC.000987vG",,,,,,,"25","noneSelected",800,100,800,,"bmECNxKFORJ43CkPOK/jz5baIMG9fVgNDZtuMGOxgY0=","udEaWw53Elxvp6M7t/PsCdorGPHBPkzcd4HRbmIkprI=",
"0d93563c-242c-428d-84a9-ad4c760bdd5c","DELA_038.basePlot.vst","2017-10-24","D08","DELA","DELA_038","tower","woodyWetlands",32.542291,-87.806805,"WGS84",20.1,424243.83,3600834.07,"16N",25.6,0.1,"vst_DELA_2017","NEON.DOC.000987vE",,,,,,,"100","25",800,400,100,,"VlGS9knfep4oIPmMdzrYPvhmhmcAnEWcmbTWayWKGyM=","bmECNxKFORJ43CkPOK/jz5baIMG9fVgNDZtuMGOxgY0=",
"07b27c6f-0261-4bc7-a171-64b5458b66e0","DELA_041.basePlot.vst","2017-10-25","D08","DELA","DELA_041","tower","deciduousForest",32.540703,-87.807742,"WGS84",20.1,424154.52,3600658.69,"16N",23.9,0.2,"vst_DELA_2017","NEON.DOC.000987vE",,,,,,,"noneSelected","noneSelected",800,800,800,,"VlGS9knfep4oIPmMdzrYPvhmhmcAnEWcmbTWayWKGyM=","wUBWszgu2lHQd7NU26k95uDbEkzOz0zmn9by+DXEi6M=",
"9b116f40-1926-462a-8a82-fda69cd0af58","DELA_040.basePlot.vst","2017-10-25","D08","DELA","DELA_040","tower","woodyWetlands",32.538810,-87.804512,"WGS84",20.1,424456.23,3600446.55,"16N",33.9,0.2,"vst_DELA_2017","NEON.DOC.000987vE",,,,,,,"noneSelected","noneSelected",800,800,800,,"VlGS9knfep4oIPmMdzrYPvhmhmcAnEWcmbTWayWKGyM=","wUBWszgu2lHQd7NU26k95uDbEkzOz0zmn9by+DXEi6M=",
"9a9de950-1623-4f2f-8dab-7456a5fa3823","DELA_042.basePlot.vst","2017-10-26","D08","DELA","DELA_042","tower","deciduousForest",32.541787,-87.805204,"WGS84",20.2,424393.75,3600777.06,"16N",24.4,0.2,"vst_DELA_2017","NEON.DOC.000987vG",,,,,,,"10","noneSelected",800,40,800,,"cJDN8FQ+G8BHe8OkvD5PMz1h/kcM7qXCzeFqTpXsSj4=","udEaWw53Elxvp6M7t/PsCdorGPHBPkzcd4HRbmIkprI=",
"bc465274-8acb-48f3-9665-88f5a7dc308f","DELA_043.basePlot.vst","2017-10-26","D08","DELA","DELA_043","tower","deciduousForest",32.539604,-87.806783,"WGS84",20.2,424243.64,3600536.18,"16N",27.1,0.2,"vst_DELA_2017","NEON.DOC.000987vG",,,,,,,"25","100",800,100,400,,"cJDN8FQ+G8BHe8OkvD5PMz1h/kcM7qXCzeFqTpXsSj4=","udEaWw53Elxvp6M7t/PsCdorGPHBPkzcd4HRbmIkprI=",
