uid,namedLocation,date,eventID,domainID,siteID,plotID,subplotID,nestedSubplotID,groupID,taxonID,scientificName,taxonRank,identificationReferences,identificationQualifier,volumePercent,livePercent,deadPercent,canopyArea,meanHeight,remarks,measuredBy,recordedBy,dataQF
"0f757cda-08ab-4e50-9f4c-f74d13276633","JORN_062.basePlot.vst","2016-10-05","vst_JORN_2016","D14","JORN","JORN_062","40",,"40_01","PRGL2","Prosopis glandulosa Torr.","species",,,100,80,20,9.0,1.42,,"4oiYddzo72NZyz4nMH16IHRs3xHjOIFa","zN0aj0xTw7AIaNa9aVKX3zK98kS5EuZCt81qbW+nFv0=",
"57de6e27-a72e-481d-8ce7-cbbd37ff596d","JORN_054.basePlot.vst","2016-10-05","vst_JORN_2016","D14","JORN","JORN_054","32",,"32_01","PRGL2","Prosopis glandulosa Torr.","species",,,85,90,10,6.0,0.92,,"h4cnM1FImy0O1yRkPnGyOQFSRP/gNije","j8Qlsy+mKIFpPXmlKY7NH5kCBm442+nv",
"cd671252-be52-4a07-b653-58c43c807bee","JORN_060.basePlot.vst","2016-10-05","vst_JORN_2016","D14","JORN","JORN_060","32",,"32_01","PRGL2","Prosopis glandulosa Torr.","species",,,100,90,10,9.0,1.04,,"4oiYddzo72NZyz4nMH16IHRs3xHjOIFa","zN0aj0xTw7AIaNa9aVKX3zK98kS5EuZCt81qbW+nFv0=",
"9f6d8e3b-b9b0-478c-92d6-26458f692941","JORN_054.basePlot.vst","2016-10-05","vst_JORN_2016","D14","JORN","JORN_054","32",,"32_01","GUSA2","Gutierrezia sarothrae (Pursh) Britton & Rusby","species",,,15,95,5,6.0,0.92,,"h4cnM1FImy0O1yRkPnGyOQFSRP/gNije","j8Qlsy+mKIFpPXmlKY7NH5kCBm442+nv",
"ff84ba4e-1a72-4423-acd9-c6ab2e672154","JORN_052.basePlot.vst","2016-10-06","vst_JORN_2016","D14","JORN","JORN_052","31",,"31_01","PRGL2","Prosopis glandulosa Torr.","species",,,100,97,3,4.0,1.14,,"h4cnM1FImy0O1yRkPnGyOQFSRP/gNije","j8Qlsy+mKIFpPXmlKY7NH5kCBm442+nv",
"9e950159-6f81-431c-b142-9e846cddc0c3","JORN_052.basePlot.vst","2016-10-06","vst_JORN_2016","D14","JORN","JORN_052","32",,"32_01","PRGL2","Prosopis glandulosa Torr.","species",,,100,93,7,5.0,0.74,,"h4cnM1FImy0O1yRkPnGyOQFSRP/gNije","j8Qlsy+mKIFpPXmlKY7NH5kCBm442+nv",
"d6656b42-0943-43d9-8a89-24a10f19e5d4","JORN_067.basePlot.vst","2016-10-06","vst_JORN_2016","D14","JORN","JORN_067","31",,"31_01","PRGL2","Prosopis glandulosa Torr.","species",,,100,80,20,13.0,0.92,,"zN0aj0xTw7AIaNa9aVKX3zK98kS5EuZCt81qbW+nFv0=","4oiYddzo72NZyz4nMH16IHRs3xHjOIFa",
"b171257d-72dd-4cd7-8e16-fdbcaf423061","JORN_048.basePlot.vst","2016-10-06","vst_JORN_2016","D14","JORN","JORN_048","32",,"32_01","PRGL2","Prosopis glandulosa Torr.","species",,,100,75,25,7.0,0.76,,"j8Qlsy+mKIFpPXmlKY7NH5kCBm442+nv","j8Qlsy+mKIFpPXmlKY7NH5kCBm442+nv",
"14d30229-3307-47ff-a4fd-16e1b7d93828","JORN_069.basePlot.vst","2016-10-06","vst_JORN_2016","D14","JORN","JORN_069","40",,"40_01","PRGL2","Prosopis glandulosa Torr.","species",,,100,75,25,7.0,1.36,,"4oiYddzo72NZyz4nMH16IHRs3xHjOIFa","zN0aj0xTw7AIaNa9aVKX3zK98kS5EuZCt81qbW+nFv0=",
"5241146c-3647-49d6-a735-e9c5646d046d","JORN_044.basePlot.vst","2016-10-06","vst_JORN_2016","D14","JORN","JORN_044","41",,"41_01","PRGL2","Prosopis glandulosa Torr.","species",,,100,90,10,4.0,0.98,,"zN0aj0xTw7AIaNa9aVKX3zK98kS5EuZCt81qbW+nFv0=","4oiYddzo72NZyz4nMH16IHRs3xHjOIFa",
"b374aeae-a0f4-49b7-947a-8e0fe1757bea","JORN_056.basePlot.vst","2016-10-06","vst_JORN_2016","D14","JORN","JORN_056","31",,"31_01","PRGL2","Prosopis glandulosa Torr.","species",,,100,95,5,3.5,0.58,,"h4cnM1FImy0O1yRkPnGyOQFSRP/gNije","h4cnM1FImy0O1yRkPnGyOQFSRP/gNije",
"f3db4b2d-2e25-4c3a-bb78-307a4dab8d2c","JORN_046.basePlot.vst","2016-10-07","vst_JORN_2016","D14","JORN","JORN_046","31",,"31_01","PRGL2","Prosopis glandulosa Torr.","species",,,100,97,3,2.0,0.44,,"j8Qlsy+mKIFpPXmlKY7NH5kCBm442+nv","1jPgPLJsI1yDGXXXpUXDbv0ukXnnNL8m",
"8ad36872-3fcb-4061-bbdf-b08aa250c71e","JORN_066.basePlot.vst","2016-10-07","vst_JORN_2016","D14","JORN","JORN_066","41",,"41_01","PRGL2","Prosopis glandulosa Torr.","species",,,100,80,20,16.0,1.36,,"Ncz1KKFwJgVK4q0Om8WkZm0sx/qYnpfhodjXk7LImkM=","1jPgPLJsI1yDGXXXpUXDbv0ukXnnNL8m",
"a526e13e-bf56-4c31-9eb1-f1a3b97037e7","JORN_058.basePlot.vst","2016-10-07","vst_JORN_2016","D14","JORN","JORN_058","32",,"32_01","PRGL2","Prosopis glandulosa Torr.","species",,,100,70,30,5.0,0.74,,"zN0aj0xTw7AIaNa9aVKX3zK98kS5EuZCt81qbW+nFv0=","4oiYddzo72NZyz4nMH16IHRs3xHjOIFa",
"b8abaa0d-fe42-4a12-b2a2-b545ff9f86c2","JORN_057.basePlot.vst","2016-10-07","vst_JORN_2016","D14","JORN","JORN_057","32",,"32_01","PRGL2","Prosopis glandulosa Torr.","species",,,100,80,20,3.0,0.54,,"zN0aj0xTw7AIaNa9aVKX3zK98kS5EuZCt81qbW+nFv0=","4oiYddzo72NZyz4nMH16IHRs3xHjOIFa",
"c5f8c87e-bd20-4911-8c8a-204b98fcc344","JORN_049.basePlot.vst","2016-10-07","vst_JORN_2016","D14","JORN","JORN_049","40",,"40_01","PRGL2","Prosopis glandulosa Torr.","species",,,100,90,10,14.0,1.16,,"1jPgPLJsI1yDGXXXpUXDbv0ukXnnNL8m","j8Qlsy+mKIFpPXmlKY7NH5kCBm442+nv",
"c520e9ca-6f73-4b57-841a-4be03ad176d4","JORN_049.basePlot.vst","2016-10-07","vst_JORN_2016","D14","JORN","JORN_049","32",,"32_02","PRGL2","Prosopis glandulosa Torr.","species",,,100,95,5,4.0,0.94,,"1jPgPLJsI1yDGXXXpUXDbv0ukXnnNL8m","j8Qlsy+mKIFpPXmlKY7NH5kCBm442+nv",
"10e198bd-56b8-4666-928e-7c969017258e","JORN_046.basePlot.vst","2016-10-07","vst_JORN_2016","D14","JORN","JORN_046","40",,"40_01","PRGL2","Prosopis glandulosa Torr.","species",,,100,87,13,22.0,1.26,,"j8Qlsy+mKIFpPXmlKY7NH5kCBm442+nv","1jPgPLJsI1yDGXXXpUXDbv0ukXnnNL8m",
"13be61d1-8e33-496a-a603-c40791567cfe","JORN_046.basePlot.vst","2016-10-07","vst_JORN_2016","D14","JORN","JORN_046","32",,"32_01","PRGL2","Prosopis glandulosa Torr.","species",,,100,96,4,4.0,0.88,,"j8Qlsy+mKIFpPXmlKY7NH5kCBm442+nv","1jPgPLJsI1yDGXXXpUXDbv0ukXnnNL8m",
"65fa1f5b-a1db-4f79-8b99-95638ac8991c","JORN_046.basePlot.vst","2016-10-07","vst_JORN_2016","D14","JORN","JORN_046","41",,"41_02","PRGL2","Prosopis glandulosa Torr.","species",,,100,97,3,6.0,0.76,,"j8Qlsy+mKIFpPXmlKY7NH5kCBm442+nv","1jPgPLJsI1yDGXXXpUXDbv0ukXnnNL8m",
"c9ca8eae-379f-4c6e-8cb4-4e6e3db1feb6","JORN_046.basePlot.vst","2016-10-07","vst_JORN_2016","D14","JORN","JORN_046","41",,"41_01","PRGL2","Prosopis glandulosa Torr.","species",,,100,85,15,7.0,1.16,,"j8Qlsy+mKIFpPXmlKY7NH5kCBm442+nv","1jPgPLJsI1yDGXXXpUXDbv0ukXnnNL8m",
"6add06da-b185-484d-981d-bb513c921afb","JORN_057.basePlot.vst","2016-10-07","vst_JORN_2016","D14","JORN","JORN_057","40",,"40_02","PRGL2","Prosopis glandulosa Torr.","species",,,100,90,10,11.0,1.06,,"zN0aj0xTw7AIaNa9aVKX3zK98kS5EuZCt81qbW+nFv0=","4oiYddzo72NZyz4nMH16IHRs3xHjOIFa",
"eff47b81-dbb7-4621-99b1-568a56aea2dd","JORN_059.basePlot.vst","2016-10-07","vst_JORN_2016","D14","JORN","JORN_059","32",,"32_01","PRGL2","Prosopis glandulosa Torr.","species",,,100,80,20,5.0,0.70,,"4oiYddzo72NZyz4nMH16IHRs3xHjOIFa","zN0aj0xTw7AIaNa9aVKX3zK98kS5EuZCt81qbW+nFv0=",
"4562c1e3-07f0-4aaf-b238-1682a14a7880","JORN_061.basePlot.vst","2016-10-07","vst_JORN_2016","D14","JORN","JORN_061","32",,"32_01","PRGL2","Prosopis glandulosa Torr.","species",,,100,90,10,7.0,0.90,,"cyBtucnFNGpJI8jm2+Rz1Zm1rXj26jk9","cyBtucnFNGpJI8jm2+Rz1Zm1rXj26jk9",
"004daabe-980f-4684-843d-ef23594b8371","JORN_049.basePlot.vst","2016-10-07","vst_JORN_2016","D14","JORN","JORN_049","40",,"40_02","PRGL2","Prosopis glandulosa Torr.","species",,,100,95,5,11.0,0.92,,"1jPgPLJsI1yDGXXXpUXDbv0ukXnnNL8m","j8Qlsy+mKIFpPXmlKY7NH5kCBm442+nv",
"aa8c3ef3-03ce-4395-8ae3-02fd44204e4a","JORN_059.basePlot.vst","2016-10-07","vst_JORN_2016","D14","JORN","JORN_059","32",,"32_02","PRGL2","Prosopis glandulosa Torr.","species",,,100,75,25,4.0,0.84,,"1jPgPLJsI1yDGXXXpUXDbv0ukXnnNL8m","zN0aj0xTw7AIaNa9aVKX3zK98kS5EuZCt81qbW+nFv0=",
"c9b22025-ec78-4ca0-ae17-746974c5930d","JORN_064.basePlot.vst","2016-10-08","vst_JORN_2016","D14","JORN","JORN_064","31",,"31_02","PRGL2","Prosopis glandulosa Torr.","species",,,100,75,25,16.0,0.82,,"4oiYddzo72NZyz4nMH16IHRs3xHjOIFa","zN0aj0xTw7AIaNa9aVKX3zK98kS5EuZCt81qbW+nFv0=",
"9463a799-90ac-447b-afc8-9be49f2f1116","JORN_043.basePlot.vst","2016-10-08","vst_JORN_2016","D14","JORN","JORN_043","32",,"32_01","PRGL2","Prosopis glandulosa Torr.","species",,,100,10,90,9.0,0.80,,"j8Qlsy+mKIFpPXmlKY7NH5kCBm442+nv","1jPgPLJsI1yDGXXXpUXDbv0ukXnnNL8m",
"797bb44d-be07-4be4-bbd4-337414f5f404","JORN_051.basePlot.vst","2016-10-08","vst_JORN_2016","D14","JORN","JORN_051","41",,"41_01","PRGL2","Prosopis glandulosa Torr.","species",,,100,95,5,4.0,0.72,,"4oiYddzo72NZyz4nMH16IHRs3xHjOIFa","zN0aj0xTw7AIaNa9aVKX3zK98kS5EuZCt81qbW+nFv0=",
"96b4714f-c824-474a-bbe9-8c7e33b37ff7","JORN_051.basePlot.vst","2016-10-08","vst_JORN_2016","D14","JORN","JORN_051","31",,"31_01","PRGL2","Prosopis glandulosa Torr.","species",,,100,85,15,6.0,0.92,,"4oiYddzo72NZyz4nMH16IHRs3xHjOIFa","zN0aj0xTw7AIaNa9aVKX3zK98kS5EuZCt81qbW+nFv0=",
"1fb39c3f-9436-43bd-81b8-0bcb08cc33f1","JORN_051.basePlot.vst","2016-10-08","vst_JORN_2016","D14","JORN","JORN_051","40",,"40_01","PRGL2","Prosopis glandulosa Torr.","species",,,100,85,15,4.0,0.72,,"4oiYddzo72NZyz4nMH16IHRs3xHjOIFa","zN0aj0xTw7AIaNa9aVKX3zK98kS5EuZCt81qbW+nFv0=",
"fceeb947-407c-4d35-b1f9-8ecc6845188d","JORN_068.basePlot.vst","2016-10-08","vst_JORN_2016","D14","JORN","JORN_068","40",,"40_01","PRGL2","Prosopis glandulosa Torr.","species",,,100,93,7,4.0,0.66,,"j8Qlsy+mKIFpPXmlKY7NH5kCBm442+nv","1jPgPLJsI1yDGXXXpUXDbv0ukXnnNL8m",
"2eb076e5-e705-48cd-ad57-c68106413687","JORN_051.basePlot.vst","2016-10-08","vst_JORN_2016","D14","JORN","JORN_051","31",,"31_02","PRGL2","Prosopis glandulosa Torr.","species",,,100,85,15,11.0,1.00,,"4oiYddzo72NZyz4nMH16IHRs3xHjOIFa","zN0aj0xTw7AIaNa9aVKX3zK98kS5EuZCt81qbW+nFv0=",
"f0ebe3fc-5f72-497e-b369-0564e94a3083","JORN_051.basePlot.vst","2016-10-08","vst_JORN_2016","D14","JORN","JORN_051","40",,"40_02","PRGL2","Prosopis glandulosa Torr.","species",,,100,80,20,4.0,0.78,,"4oiYddzo72NZyz4nMH16IHRs3xHjOIFa","zN0aj0xTw7AIaNa9aVKX3zK98kS5EuZCt81qbW+nFv0=",
"f122f612-e32b-4fd4-917f-fc85aeb00d9b","JORN_051.basePlot.vst","2016-10-08","vst_JORN_2016","D14","JORN","JORN_051","32",,"32_01","PRGL2","Prosopis glandulosa Torr.","species",,,100,75,25,17.0,0.90,,"4oiYddzo72NZyz4nMH16IHRs3xHjOIFa","zN0aj0xTw7AIaNa9aVKX3zK98kS5EuZCt81qbW+nFv0=",
"f66ce48d-9779-4ec7-a328-93c263c88aae","JORN_065.basePlot.vst","2016-10-08","vst_JORN_2016","D14","JORN","JORN_065","41",,"41_01","PRGL2","Prosopis glandulosa Torr.","species",,,100,90,10,3.0,0.56,,"zN0aj0xTw7AIaNa9aVKX3zK98kS5EuZCt81qbW+nFv0=","4oiYddzo72NZyz4nMH16IHRs3xHjOIFa",
"3c0eca34-a126-4656-aa7c-aa39ac91527b","JORN_064.basePlot.vst","2016-10-08","vst_JORN_2016","D14","JORN","JORN_064","41",,"41_01","PRGL2","Prosopis glandulosa Torr.","species",,,100,85,15,5.0,0.64,,"4oiYddzo72NZyz4nMH16IHRs3xHjOIFa","zN0aj0xTw7AIaNa9aVKX3zK98kS5EuZCt81qbW+nFv0=",
"c0e3118a-49f0-424f-981c-0bb66a525660","JORN_068.basePlot.vst","2016-10-08","vst_JORN_2016","D14","JORN","JORN_068","31",,"31_01","PRGL2","Prosopis glandulosa Torr.","species",,,100,98,2,3.0,0.66,,"j8Qlsy+mKIFpPXmlKY7NH5kCBm442+nv","1jPgPLJsI1yDGXXXpUXDbv0ukXnnNL8m",
"c92581e3-9976-4c89-b886-930a9e3554c4","JORN_068.basePlot.vst","2016-10-08","vst_JORN_2016","D14","JORN","JORN_068","40",,"40_02","PRGL2","Prosopis glandulosa Torr.","species",,,100,90,10,6.0,0.74,,"j8Qlsy+mKIFpPXmlKY7NH5kCBm442+nv","1jPgPLJsI1yDGXXXpUXDbv0ukXnnNL8m",
"add6087b-bffd-49a0-b278-c221af491ee3","JORN_064.basePlot.vst","2016-10-08","vst_JORN_2016","D14","JORN","JORN_064","31",,"31_01","PRGL2","Prosopis glandulosa Torr.","species",,,100,80,20,9.0,1.12,,"4oiYddzo72NZyz4nMH16IHRs3xHjOIFa","zN0aj0xTw7AIaNa9aVKX3zK98kS5EuZCt81qbW+nFv0=",
"f030056a-ff22-4b94-af98-b61472377f2f","JORN_055.basePlot.vst","2016-10-09","vst_JORN_2016","D14","JORN","JORN_055","32",,"32_01","PRGL2","Prosopis glandulosa Torr.","species",,,100,85,15,7.0,0.88,,"j8Qlsy+mKIFpPXmlKY7NH5kCBm442+nv","4oiYddzo72NZyz4nMH16IHRs3xHjOIFa",
