uid,namedLocation,date,domainID,siteID,plotID,plotType,nlcdClass,decimalLatitude,decimalLongitude,geodeticDatum,coordinateUncertainty,easting,northing,utmZone,elevation,elevationUncertainty,eventID,samplingProtocolVersion,treesPresent,treesAbsentList,shrubsPresent,shrubsAbsentList,lianasPresent,lianasAbsentList,nestedSubplotAreaShrubSapling,nestedSubplotAreaLiana,totalSampledAreaTrees,totalSampledAreaShrubSapling,totalSampledAreaLiana,remarks,measuredBy,recordedBy,dataQF
"c5ebfe86-2168-4393-843c-ede20326fb6b","JORN_042.basePlot.vst","2016-10-05","D14","JORN","JORN_042","tower","shrubScrub",32.590028,-106.840435,"WGS84",20.1,327270.95,3607333.45,"13N",1320.0,0.1,"vst_JORN_2016","NEON.DOC.000987vE","N",,"Y",,"N",,"noneSelected","noneSelected",400,400,400,,"j8Qlsy+mKIFpPXmlKY7NH5kCBm442+nv","zN0aj0xTw7AIaNa9aVKX3zK98kS5EuZCt81qbW+nFv0=",
"c50824ce-4858-4d42-a71a-91f9cbae537c","JORN_050.basePlot.vst","2016-10-05","D14","JORN","JORN_050","tower","shrubScrub",32.589742,-106.842024,"WGS84",10.1,327121.25,3607304.32,"13N",1323.0,0.2,"vst_JORN_2016","NEON.DOC.000987vE","N",,"Y","41","N",,"noneSelected","noneSelected",400,400,400,,"h4cnM1FImy0O1yRkPnGyOQFSRP/gNije","1jPgPLJsI1yDGXXXpUXDbv0ukXnnNL8m",
"ff279ee4-3b64-4e61-a070-f85dff10115d","JORN_060.basePlot.vst","2016-10-05","D14","JORN","JORN_060","tower","shrubScrub",32.589481,-106.839474,"WGS84",10.1,327360.11,3607271.24,"13N",1321.8,0.1,"vst_JORN_2016","NEON.DOC.000987vE","N",,"Y",,"N",,"noneSelected","noneSelected",400,400,400,,"4oiYddzo72NZyz4nMH16IHRs3xHjOIFa","zN0aj0xTw7AIaNa9aVKX3zK98kS5EuZCt81qbW+nFv0=",
"dbd6efcf-10c2-47fe-84db-67a7e899be56","JORN_062.basePlot.vst","2016-10-05","D14","JORN","JORN_062","tower","shrubScrub",32.590027,-106.841069,"WGS84",10.1,327211.44,3607334.37,"13N",1320.6,0.2,"vst_JORN_2016","NEON.DOC.000987vE","N",,"Y",,"N",,"noneSelected","noneSelected",400,400,400,,"4oiYddzo72NZyz4nMH16IHRs3xHjOIFa","zN0aj0xTw7AIaNa9aVKX3zK98kS5EuZCt81qbW+nFv0=",
"11685c7d-7cb4-47c8-a01d-dab13426d148","JORN_054.basePlot.vst","2016-10-05","D14","JORN","JORN_054","tower","shrubScrub",32.588932,-106.841054,"WGS84",10.2,327210.74,3607212.93,"13N",1323.6,0.3,"vst_JORN_2016","NEON.DOC.000987vE","N",,"Y","41","N",,"noneSelected","noneSelected",400,400,400,,"h4cnM1FImy0O1yRkPnGyOQFSRP/gNije","j8Qlsy+mKIFpPXmlKY7NH5kCBm442+nv",
"b2af0aa0-8449-441d-a9bf-083112a18694","JORN_053.basePlot.vst","2016-10-06","D14","JORN","JORN_053","tower","shrubScrub",32.591098,-106.841728,"WGS84",10.2,327151.64,3607454.19,"13N",1317.0,0.2,"vst_JORN_2016","NEON.DOC.000987vE","N",,"Y",,"N",,"noneSelected","noneSelected",400,400,400,,"1jPgPLJsI1yDGXXXpUXDbv0ukXnnNL8m","h4cnM1FImy0O1yRkPnGyOQFSRP/gNije",
"b9b1a718-2680-4dd2-a815-a3b918f29cb9","JORN_056.basePlot.vst","2016-10-06","D14","JORN","JORN_056","tower","shrubScrub",32.588388,-106.841368,"WGS84",10.1,327180.22,3607153.13,"13N",1323.7,0.2,"vst_JORN_2016","NEON.DOC.000987vE","N",,"Y",,"N",,"noneSelected","noneSelected",400,400,400,,"h4cnM1FImy0O1yRkPnGyOQFSRP/gNije","j8Qlsy+mKIFpPXmlKY7NH5kCBm442+nv",
"dff2baf8-10f1-4bce-b39e-3c2776d46de0","JORN_048.basePlot.vst","2016-10-06","D14","JORN","JORN_048","tower","shrubScrub",32.588660,-106.842327,"WGS84",10.1,327090.73,3607184.85,"13N",1322.5,0.2,"vst_JORN_2016","NEON.DOC.000987vE","N",,"Y",,"N",,"noneSelected","noneSelected",400,400,400,,"h4cnM1FImy0O1yRkPnGyOQFSRP/gNije","1jPgPLJsI1yDGXXXpUXDbv0ukXnnNL8m",
"ae6f221d-187b-4ef6-bdd0-bd71b5ef5a77","JORN_069.basePlot.vst","2016-10-06","D14","JORN","JORN_069","tower","shrubScrub",32.589200,-106.842011,"WGS84",10.1,327121.43,3607244.21,"13N",1323.2,0.2,"vst_JORN_2016","NEON.DOC.000987vE","N",,"Y",,"N",,"noneSelected","noneSelected",400,400,400,,"4oiYddzo72NZyz4nMH16IHRs3xHjOIFa","zN0aj0xTw7AIaNa9aVKX3zK98kS5EuZCt81qbW+nFv0=",
"3b46dc75-e35b-4ec8-91b7-a6d6b651d5bc","JORN_044.basePlot.vst","2016-10-06","D14","JORN","JORN_044","tower","shrubScrub",32.589481,-106.841383,"WGS84",20.1,327180.92,3607274.34,"13N",1323.2,0.2,"vst_JORN_2016","NEON.DOC.000987vE","N",,"Y",,"N",,"noneSelected","noneSelected",400,400,400,,"zN0aj0xTw7AIaNa9aVKX3zK98kS5EuZCt81qbW+nFv0=","4oiYddzo72NZyz4nMH16IHRs3xHjOIFa",
"c5dada7e-e072-4c81-88e4-ec64335dd8b5","JORN_047.basePlot.vst","2016-10-06","D14","JORN","JORN_047","tower","shrubScrub",32.591348,-106.843322,"WGS84",20.1,327002.50,3607484.50,"13N",1322.6,0.2,"vst_JORN_2016","NEON.DOC.000987vE","N",,"Y",,"N",,"noneSelected","noneSelected",400,400,400,,"4oiYddzo72NZyz4nMH16IHRs3xHjOIFa","zN0aj0xTw7AIaNa9aVKX3zK98kS5EuZCt81qbW+nFv0=",
"2169672a-4dc7-4685-82d0-714978bead76","JORN_067.basePlot.vst","2016-10-06","D14","JORN","JORN_067","tower","shrubScrub",32.589495,-106.840094,"WGS84",10.1,327301.94,3607273.80,"13N",1321.8,0.1,"vst_JORN_2016","NEON.DOC.000987vE","N",,"Y",,"N",,"noneSelected","noneSelected",400,400,400,,"zN0aj0xTw7AIaNa9aVKX3zK98kS5EuZCt81qbW+nFv0=","4oiYddzo72NZyz4nMH16IHRs3xHjOIFa",
"0abfd2f0-acec-471a-8728-1f80cebeb59f","JORN_052.basePlot.vst","2016-10-06","D14","JORN","JORN_052","tower","shrubScrub",32.588660,-106.840415,"WGS84",10.1,327270.20,3607181.74,"13N",1324.2,0.2,"vst_JORN_2016","NEON.DOC.000987vE","N",,"Y",,"N",,"noneSelected","noneSelected",400,400,400,,"h4cnM1FImy0O1yRkPnGyOQFSRP/gNije","j8Qlsy+mKIFpPXmlKY7NH5kCBm442+nv",
"11c59139-3a86-466a-8c7e-3053f5e4dd58","JORN_061.basePlot.vst","2016-10-07","D14","JORN","JORN_061","tower","shrubScrub",32.591079,-106.842674,"WGS84",10.1,327062.80,3607453.62,"13N",1321.6,0.2,"vst_JORN_2016","NEON.DOC.000987vE","N",,"Y",,"N",,"noneSelected","noneSelected",400,400,400,,"4oiYddzo72NZyz4nMH16IHRs3xHjOIFa","zN0aj0xTw7AIaNa9aVKX3zK98kS5EuZCt81qbW+nFv0=",
"0df0df69-3a04-4705-b27a-fe4e105f4ccb","JORN_057.basePlot.vst","2016-10-07","D14","JORN","JORN_057","tower","shrubScrub",32.590589,-106.841085,"WGS84",10.1,327211.01,3607396.71,"13N",1317.8,0.2,"vst_JORN_2016","NEON.DOC.000987vE",,,,,,,"noneSelected","noneSelected",400,400,400,,"zN0aj0xTw7AIaNa9aVKX3zK98kS5EuZCt81qbW+nFv0=","4oiYddzo72NZyz4nMH16IHRs3xHjOIFa",
"d62b91a3-3b7e-4e0a-aac8-31fde8c5d6f3","JORN_059.basePlot.vst","2016-10-07","D14","JORN","JORN_059","tower","shrubScrub",32.592969,-106.844006,"WGS84",10.1,326941.41,3607665.35,"13N",1321.9,0.1,"vst_JORN_2016","NEON.DOC.000987vE","N",,"Y","31","N",,"noneSelected","noneSelected",400,400,400,,"1jPgPLJsI1yDGXXXpUXDbv0ukXnnNL8m","j8Qlsy+mKIFpPXmlKY7NH5kCBm442+nv",
"1127f9f6-aca1-4802-b49f-51348fb4497f","JORN_046.basePlot.vst","2016-10-07","D14","JORN","JORN_046","tower","shrubScrub",32.593501,-106.842416,"WGS84",10.1,327091.67,3607721.75,"13N",1317.8,0.1,"vst_JORN_2016","NEON.DOC.000987vE","N",,"Y",,"N",,"noneSelected","noneSelected",400,400,400,,"j8Qlsy+mKIFpPXmlKY7NH5kCBm442+nv","1jPgPLJsI1yDGXXXpUXDbv0ukXnnNL8m",
"9f348e6f-e8b9-4a9c-ba2e-0849b6475284","JORN_066.basePlot.vst","2016-10-07","D14","JORN","JORN_066","tower","shrubScrub",32.592174,-106.842711,"WGS84",10.1,327061.44,3607575.09,"13N",1318.8,0.2,"vst_JORN_2016","NEON.DOC.000987vE","N",,"Y","32","N",,"noneSelected","noneSelected",400,400,400,,"zN0aj0xTw7AIaNa9aVKX3zK98kS5EuZCt81qbW+nFv0=","4oiYddzo72NZyz4nMH16IHRs3xHjOIFa",
"8a03e518-3374-47a1-968d-388c69c9cf65","JORN_049.basePlot.vst","2016-10-07","D14","JORN","JORN_049","tower","shrubScrub",32.593517,-106.843048,"WGS84",10.1,327032.38,3607724.55,"13N",1317.6,0.1,"vst_JORN_2016","NEON.DOC.000987vE","N",,"Y",,"N",,"noneSelected","noneSelected",400,400,400,,"1jPgPLJsI1yDGXXXpUXDbv0ukXnnNL8m","j8Qlsy+mKIFpPXmlKY7NH5kCBm442+nv",
"c5592711-37f5-4381-b34c-5b76f059649e","JORN_068.basePlot.vst","2016-10-08","D14","JORN","JORN_068","tower","shrubScrub",32.591391,-106.839824,"WGS84",10.1,327330.92,3607483.58,"13N",1316.8,0.1,"vst_JORN_2016","NEON.DOC.000987vE","N",,"N",,"N",,"noneSelected","noneSelected",400,400,400,,"1jPgPLJsI1yDGXXXpUXDbv0ukXnnNL8m","j8Qlsy+mKIFpPXmlKY7NH5kCBm442+nv",
"0ae7d278-e683-4a3a-8f52-f898455d72c4","JORN_043.basePlot.vst","2016-10-08","D14","JORN","JORN_043","tower","shrubScrub",32.591931,-106.839841,"WGS84",10.2,327330.36,3607543.48,"13N",1318.3,0.4,"vst_JORN_2016","NEON.DOC.000987vE","N",,"Y",,"N",,"noneSelected","noneSelected",400,400,400,,"j8Qlsy+mKIFpPXmlKY7NH5kCBm442+nv","1jPgPLJsI1yDGXXXpUXDbv0ukXnnNL8m",
"c4cab2a4-f520-41fc-91b0-672c19ca0742","JORN_070.basePlot.vst","2016-10-08","D14","JORN","JORN_070","tower","grasslandHerbaceous",32.589491,-106.840734,"WGS84",10.2,327241.85,3607274.39,"13N",1322.7,0.2,"vst_JORN_2016","NEON.DOC.000987vE","N",,"Y",,"N",,"noneSelected","noneSelected",400,400,400,,"1jPgPLJsI1yDGXXXpUXDbv0ukXnnNL8m","j8Qlsy+mKIFpPXmlKY7NH5kCBm442+nv",
"89bd834f-62a3-47ae-a9ab-751dc12873eb","JORN_065.basePlot.vst","2016-10-08","D14","JORN","JORN_065","tower","shrubScrub",32.592207,-106.840473,"WGS84",10.1,327271.57,3607575.11,"13N",1317.6,0.2,"vst_JORN_2016","NEON.DOC.000987vE","N",,"Y",,"N",,"noneSelected","noneSelected",400,400,400,,"zN0aj0xTw7AIaNa9aVKX3zK98kS5EuZCt81qbW+nFv0=","4oiYddzo72NZyz4nMH16IHRs3xHjOIFa",
"ee616059-931c-40ab-a36b-c076a8af0407","JORN_064.basePlot.vst","2016-10-08","D14","JORN","JORN_064","tower","shrubScrub",32.592698,-106.844653,"WGS84",10.1,326880.16,3607636.35,"13N",1323.6,0.1,"vst_JORN_2016","NEON.DOC.000987vE","N",,"Y",,"N",,"noneSelected","noneSelected",400,400,400,,"4oiYddzo72NZyz4nMH16IHRs3xHjOIFa","zN0aj0xTw7AIaNa9aVKX3zK98kS5EuZCt81qbW+nFv0=",
"2cb530e1-63c5-4133-a28d-18f5d2852fe1","JORN_051.basePlot.vst","2016-10-08","D14","JORN","JORN_051","tower","shrubScrub",32.592948,-106.843359,"WGS84",10.1,327002.10,3607661.97,"13N",1318.9,0.1,"vst_JORN_2016","NEON.DOC.000987vE","N",,"Y","32","N",,"noneSelected","noneSelected",400,400,400,,"4oiYddzo72NZyz4nMH16IHRs3xHjOIFa","zN0aj0xTw7AIaNa9aVKX3zK98kS5EuZCt81qbW+nFv0=",
"7f963ca4-f640-4865-9562-89edc24f0038","JORN_071.basePlot.vst","2016-10-08","D14","JORN","JORN_071","tower","shrubScrub",32.588114,-106.841997,"WGS84",10.1,327120.66,3607123.77,"13N",1323.5,0.1,"vst_JORN_2016","NEON.DOC.000987vE","N",,"Y",,"N",,"noneSelected","noneSelected",400,400,400,,"j8Qlsy+mKIFpPXmlKY7NH5kCBm442+nv","1jPgPLJsI1yDGXXXpUXDbv0ukXnnNL8m",
"7a96887a-b8a7-474f-9cfc-69e3d5103d12","JORN_063.basePlot.vst","2016-10-08","D14","JORN","JORN_063","tower","shrubScrub",32.592451,-106.841109,"WGS84",10.1,327212.34,3607603.20,"13N",1317.4,0.1,"vst_JORN_2016","NEON.DOC.000987vE","N",,"Y",,"N",,"noneSelected","noneSelected",400,400,400,,"4oiYddzo72NZyz4nMH16IHRs3xHjOIFa","zN0aj0xTw7AIaNa9aVKX3zK98kS5EuZCt81qbW+nFv0=",
"98984796-a31f-4096-877f-01c3726c8dca","JORN_045.basePlot.vst","2016-10-09","D14","JORN","JORN_045","tower","shrubScrub",32.592144,-106.843340,"WGS84",20.1,327002.34,3607572.79,"13N",1321.9,0.1,"vst_JORN_2016","NEON.DOC.000987vE","N",,"Y","32","N",,"noneSelected","noneSelected",400,400,400,,"4oiYddzo72NZyz4nMH16IHRs3xHjOIFa","j8Qlsy+mKIFpPXmlKY7NH5kCBm442+nv",
"bd2c2a24-16fb-49c5-bad1-4c90bcf39c2b","JORN_055.basePlot.vst","2016-10-09","D14","JORN","JORN_055","tower","shrubScrub",32.591615,-106.842695,"WGS84",10.1,327061.86,3607513.09,"13N",1319.9,0.2,"vst_JORN_2016","NEON.DOC.000987vE","N",,"Y",,"N",,"noneSelected","noneSelected",400,400,400,,"j8Qlsy+mKIFpPXmlKY7NH5kCBm442+nv","4oiYddzo72NZyz4nMH16IHRs3xHjOIFa",
