uid,namedLocation,plotID,collectDate,identifiedDate,sampleID,subsampleID,scientificName,acceptedTaxonID,taxonRank,family,subfamily,tribe,subtribe,genus,subgenus,specificEpithet,infraspecificEpithet,identificationQualifier,identificationReferences,identificationProtocolVersion,scientificNameAuthorship,sexOrAge,individualCount,sampleCondition,archiveMedium,archiveFacilityID,deprecatedVialID,identifiedBy,laboratoryName,remarks
"f6f16640-3b9d-4cce-9a5f-5bee3210a75b","HARV_020.tickPlot.tck","HARV_020","2017-07-10T06:42Z","2018-01-27T17:00Z","HARV_020.20170710","HARV_020.20170710.DERVAR.M","Dermacentor variabilis","DERVAR","species","Ixodidae",,,,"Dermacentor",,"variabilis",,,"Yunker, C. E., Keirans, J. E., Clifford, C. M., and E. R. Easton. 1986. Dermacentor ticks (Acari: Ixodoidea: Ixodidae) of the New World: a scanning electron microscope atlas. Proceedings of the Entomological Society of Washington, 88(4):609-627.","GSU_tickIdentification_SOP_2016-11-01.pdf","Say","Male",2,"OK","90% ethanol","USNMENT01358863","HARV_020.20170710.DERVAR.M","Lorenza Beati","Georgia Southern University","TO PAULA"
"4670219c-623d-41fe-a1a5-54f95ed002cd","HARV_020.tickPlot.tck","HARV_020","2017-07-10T06:42Z","2018-01-27T17:00Z","HARV_020.20170710","HARV_020.20170710.IXOSCA.N","Ixodes scapularis","IXOSCA","species","Ixodidae",,,,"Ixodes",,"scapularis",,,"Cooley, R. A. and G. M. Kohls. 1945. The genus Ixodes in North America. National Institute of Health Bulletin, 184.","GSU_tickIdentification_SOP_2016-11-01.pdf","Say","Nymph",3,"OK","90% ethanol","USNMENT01358862","HARV_020.20170710.IXOSCA.N","Lorenza Beati","Georgia Southern University",
"c7058641-237e-4990-b357-209747dbb9a9","HARV_022.tickPlot.tck","HARV_022","2017-07-10T12:12Z","2017-10-22T16:00Z","HARV_022.20170710","HARV_022.20170710.IXOSP.L","Ixodidae sp.","IXOSP","family","Ixodidae",,,,,,"sp.",,,,"GSU_tickIdentification_SOP_2016-11-01.pdf",,"Larva",1,"OK","90% ethanol","USNMENT01358858","HARV_022.20170710.L","Guy Hobbs","Georgia Southern University",
"296d8b47-f32f-457e-960a-85aad4474776","HARV_022.tickPlot.tck","HARV_022","2017-07-10T12:12Z","2018-01-22T17:00Z","HARV_022.20170710","HARV_022.20170710.IXOSCA.N","Ixodes scapularis","IXOSCA","species","Ixodidae",,,,"Ixodes",,"scapularis",,,"Cooley, R. A. and G. M. Kohls. 1945. The genus Ixodes in North America. National Institute of Health Bulletin, 184.","GSU_tickIdentification_SOP_2016-11-01.pdf","Say","Nymph",7,"OK","90% ethanol","USNMENT01358859","HARV_022.20170710.IXOSCA.N","Lorenza Beati","Georgia Southern University",
"a758d839-10dd-47d6-bbe1-6e3fee93e2c3","HARV_006.tickPlot.tck","HARV_006","2017-07-10T14:00Z","2018-01-22T17:00Z","HARV_006.20170710","HARV_006.20170710.IXOSCA.N","Ixodes scapularis","IXOSCA","species","Ixodidae",,,,"Ixodes",,"scapularis",,,"Cooley, R. A. and G. M. Kohls. 1945. The genus Ixodes in North America. National Institute of Health Bulletin, 184.","GSU_tickIdentification_SOP_2016-11-01.pdf","Say","Nymph",2,"OK","90% ethanol","USNMENT01358857","HARV_006.20170710.IXOSCA.N","Lorenza Beati","Georgia Southern University",
"5c372eee-1459-42ec-9c56-a1559a5e7655","HARV_006.tickPlot.tck","HARV_006","2017-07-10T14:00Z","2018-01-22T17:00Z","HARV_006.20170710","HARV_006.20170710.DERVAR.F","Dermacentor variabilis","DERVAR","species","Ixodidae",,,,"Dermacentor",,"variabilis",,,"Yunker, C. E., Keirans, J. E., Clifford, C. M., and E. R. Easton. 1986. Dermacentor ticks (Acari: Ixodoidea: Ixodidae) of the New World: a scanning electron microscope atlas. Proceedings of the Entomological Society of Washington, 88(4):609-627.","GSU_tickIdentification_SOP_2016-11-01.pdf","Say","Female",1,"OK","90% ethanol","USNMENT01358856","HARV_006.20170710.DERVAR.F","Lorenza Beati","Georgia Southern University","TO PAULA"
"a1b1be59-d812-43a6-b288-33d8f1ac7a13","HARV_026.tickPlot.tck","HARV_026","2017-07-10T15:03Z","2018-01-22T17:00Z","HARV_026.20170710","HARV_026.20170710.IXOSCA.M","Ixodes scapularis","IXOSCA","species","Ixodidae",,,,"Ixodes",,"scapularis",,,"Cooley, R. A. and G. M. Kohls. 1945. The genus Ixodes in North America. National Institute of Health Bulletin, 184.","GSU_tickIdentification_SOP_2016-11-01.pdf","Say","Male",1,"OK","90% ethanol","USNMENT01358852","HARV_026.20170710.IXOSCA.M","Lorenza Beati","Georgia Southern University",
"15bbef13-745c-4999-96da-b308cd374318","HARV_026.tickPlot.tck","HARV_026","2017-07-10T15:03Z","2018-01-22T17:00Z","HARV_026.20170710","HARV_026.20170710.IXOSCA.N","Ixodes scapularis","IXOSCA","species","Ixodidae",,,,"Ixodes",,"scapularis",,,"Cooley, R. A. and G. M. Kohls. 1945. The genus Ixodes in North America. National Institute of Health Bulletin, 184.","GSU_tickIdentification_SOP_2016-11-01.pdf","Say","Nymph",2,"OK","90% ethanol","USNMENT01358853","HARV_026.20170710.IXOSCA.N","Lorenza Beati","Georgia Southern University",
"ee3b0d63-623a-4b62-ae16-239101e7044b","HARV_001.tickPlot.tck","HARV_001","2017-07-10T16:30Z","2018-01-22T17:00Z","HARV_001.20170710","HARV_001.20170710.IXOSCA.N","Ixodes scapularis","IXOSCA","species","Ixodidae",,,,"Ixodes",,"scapularis",,,"Cooley, R. A. and G. M. Kohls. 1945. The genus Ixodes in North America. National Institute of Health Bulletin, 184.","GSU_tickIdentification_SOP_2016-11-01.pdf","Say","Nymph",8,"OK","90% ethanol","USNMENT01358854","HARV_001.20170710.IXOSCA.N","Lorenza Beati","Georgia Southern University",
"00ba3453-d7b7-49d5-b385-7213a49e4af6","HARV_001.tickPlot.tck","HARV_001","2017-07-10T16:30Z","2018-01-22T17:00Z","HARV_001.20170710","HARV_001.20170710.DERVAR.F","Dermacentor variabilis","DERVAR","species","Ixodidae",,,,"Dermacentor",,"variabilis",,,"Yunker, C. E., Keirans, J. E., Clifford, C. M., and E. R. Easton. 1986. Dermacentor ticks (Acari: Ixodoidea: Ixodidae) of the New World: a scanning electron microscope atlas. Proceedings of the Entomological Society of Washington, 88(4):609-627.","GSU_tickIdentification_SOP_2016-11-01.pdf","Say","Female",1,"OK","90% ethanol","USNMENT01358855","HARV_001.20170710.DERVAR.F","Lorenza Beati","Georgia Southern University","TO PAULA"
"9d4859fd-662e-4664-9612-c622cc1c9294","HARV_004.tickPlot.tck","HARV_004","2017-07-10T17:40Z","2018-01-22T17:00Z","HARV_004.20170710","HARV_004.20170710.DERVAR.F","Dermacentor variabilis","DERVAR","species","Ixodidae",,,,"Dermacentor",,"variabilis",,,"Yunker, C. E., Keirans, J. E., Clifford, C. M., and E. R. Easton. 1986. Dermacentor ticks (Acari: Ixodoidea: Ixodidae) of the New World: a scanning electron microscope atlas. Proceedings of the Entomological Society of Washington, 88(4):609-627.","GSU_tickIdentification_SOP_2016-11-01.pdf","Say","Female",1,"OK","90% ethanol","USNMENT01358860","HARV_004.20170710.DERVAR.F","Lorenza Beati","Georgia Southern University","TO PAULA"
"21d2287e-55e0-481e-a94a-3d5bcff87a4d","HARV_004.tickPlot.tck","HARV_004","2017-07-10T17:40Z","2018-01-22T17:00Z","HARV_004.20170710","HARV_004.20170710.IXOSCA.N","Ixodes scapularis","IXOSCA","species","Ixodidae",,,,"Ixodes",,"scapularis",,,"Cooley, R. A. and G. M. Kohls. 1945. The genus Ixodes in North America. National Institute of Health Bulletin, 184.","GSU_tickIdentification_SOP_2016-11-01.pdf","Say","Nymph",6,"OK","90% ethanol","USNMENT01358861","HARV_004.20170710.IXOSCA.N","Lorenza Beati","Georgia Southern University",
"cd2276f1-f432-4400-8b65-f6da87df46fe","HARV_022.tickPlot.tck","HARV_022","2017-07-31T13:53Z","2018-01-22T17:00Z","HARV_022.20170731","HARV_022.20170731.IXOSCA.N","Ixodes scapularis","IXOSCA","species","Ixodidae",,,,"Ixodes",,"scapularis",,,"Cooley, R. A. and G. M. Kohls. 1945. The genus Ixodes in North America. National Institute of Health Bulletin, 184.","GSU_tickIdentification_SOP_2016-11-01.pdf","Say","Nymph",2,"OK","90% ethanol","USNMENT01358847","HARV_022.20170731.IXOSCA.N","Lorenza Beati","Georgia Southern University",
"236b566d-b201-448f-99c8-7e4047623432","HARV_020.tickPlot.tck","HARV_020","2017-07-31T15:07Z","2018-01-22T17:00Z","HARV_020.20170731","HARV_020.20170731.DERVAR.M","Dermacentor variabilis","DERVAR","species","Ixodidae",,,,"Dermacentor",,"variabilis",,,"Yunker, C. E., Keirans, J. E., Clifford, C. M., and E. R. Easton. 1986. Dermacentor ticks (Acari: Ixodoidea: Ixodidae) of the New World: a scanning electron microscope atlas. Proceedings of the Entomological Society of Washington, 88(4):609-627.","GSU_tickIdentification_SOP_2016-11-01.pdf","Say","Male",2,"OK","90% ethanol","USNMENT01358848","HARV_020.20170731.DERVAR.M","Lorenza Beati","Georgia Southern University","TO PAULA"
"20250170-cc23-4432-ba9c-0ac20d470198","HARV_020.tickPlot.tck","HARV_020","2017-07-31T15:07Z","2018-01-22T17:00Z","HARV_020.20170731","HARV_020.20170731.IXOSCA.N","Ixodes scapularis","IXOSCA","species","Ixodidae",,,,"Ixodes",,"scapularis",,,"Cooley, R. A. and G. M. Kohls. 1945. The genus Ixodes in North America. National Institute of Health Bulletin, 184.","GSU_tickIdentification_SOP_2016-11-01.pdf","Say","Nymph",3,"OK","90% ethanol","USNMENT01358849","HARV_020.20170731.IXOSCA.N","Lorenza Beati","Georgia Southern University",
"5990e1d8-71e2-4db0-a975-547f47ae3ec0","HARV_004.tickPlot.tck","HARV_004","2017-07-31T16:05Z","2018-01-22T17:00Z","HARV_004.20170731","HARV_004.20170731.DERVAR.M","Dermacentor variabilis","DERVAR","species","Ixodidae",,,,"Dermacentor",,"variabilis",,,"Yunker, C. E., Keirans, J. E., Clifford, C. M., and E. R. Easton. 1986. Dermacentor ticks (Acari: Ixodoidea: Ixodidae) of the New World: a scanning electron microscope atlas. Proceedings of the Entomological Society of Washington, 88(4):609-627.","GSU_tickIdentification_SOP_2016-11-01.pdf","Say","Male",1,"OK","90% ethanol","USNMENT01358850","HARV_004.20170731.DERVAR.M","Lorenza Beati","Georgia Southern University","TO PAULA"
"7fa35829-5c78-4db2-9cd3-ea626f7d3753","HARV_004.tickPlot.tck","HARV_004","2017-07-31T16:05Z","2018-01-22T17:00Z","HARV_004.20170731","HARV_004.20170731.IXOSCA.N","Ixodes scapularis","IXOSCA","species","Ixodidae",,,,"Ixodes",,"scapularis",,,"Cooley, R. A. and G. M. Kohls. 1945. The genus Ixodes in North America. National Institute of Health Bulletin, 184.","GSU_tickIdentification_SOP_2016-11-01.pdf","Say","Nymph",2,"OK","90% ethanol","USNMENT01358851","HARV_004.20170731.IXOSCA.N","Lorenza Beati","Georgia Southern University",
"df51e354-92fb-4a8a-b437-9f5a697feb5b","HARV_001.tickPlot.tck","HARV_001","2017-07-31T17:08Z","2018-01-20T17:00Z","HARV_001.20170731","HARV_001.20170731.IXOSCA.N","Ixodes scapularis","IXOSCA","species","Ixodidae",,,,"Ixodes",,"scapularis",,,"Cooley, R. A. and G. M. Kohls. 1945. The genus Ixodes in North America. National Institute of Health Bulletin, 184.","GSU_tickIdentification_SOP_2016-11-01.pdf","Say","Nymph",6,"OK","90% ethanol","USNMENT01358846","HARV_001.20170731.IXOSCA.N","Lorenza Beati","Georgia Southern University",
