uid,namedLocation,domainID,siteID,plotID,plotType,nlcdClass,decimalLatitude,decimalLongitude,geodeticDatum,coordinateUncertainty,elevation,elevationUncertainty,collectDate,eventID,sampleID,sampleCode,samplingMethod,totalSampledArea,targetTaxaPresent,adultCount,nymphCount,larvaCount,sampleCondition,samplingProtocolVersion,measuredBy,remarks
"1727ee97-1f2f-4235-bf21-bc7caaef0166","HARV_020.tickPlot.tck","D01","HARV","HARV_020","distributed","woodyWetlands",42.438157,-72.228923,"WGS84",20.2,228.3,0.3,"2017-07-10T06:42Z","HARV.2017.29","HARV_020.20170710",,"drag and flag",150,"Y",2,3,0,"No known compromise","NEON.DOC.014045vH","WpjRY8GW8JsMZ1qjoOr+GjftXlcOiAEj3+a3s/CS4Mw=",
"450d4551-41ee-4ab3-869d-06bbd20b45d0","HARV_022.tickPlot.tck","D01","HARV","HARV_022","distributed","evergreenForest",42.435462,-72.199291,"WGS84",20.3,186.3,0.3,"2017-07-10T12:12Z","HARV.2017.29","HARV_022.20170710",,"drag and flag",160,"Y",0,7,3,"No known compromise","NEON.DOC.014045vH","9rtYv6x/bdfO4wEJK3R6BxlDDClSKivng1Q1vdwmSg4=",
"266c65d7-360d-4aae-89f7-243450249fc3","HARV_006.tickPlot.tck","D01","HARV","HARV_006","distributed","deciduousForest",42.401938,-72.252716,"WGS84",20.2,190.4,0.3,"2017-07-10T14:00Z","HARV.2017.29","HARV_006.20170710",,"drag and flag",160,"Y",1,2,0,"No known compromise","NEON.DOC.014045vH","WpjRY8GW8JsMZ1qjoOr+GjftXlcOiAEj3+a3s/CS4Mw=",
"ed5aa48f-ebbd-428f-8868-73e4bdc757d9","HARV_026.tickPlot.tck","D01","HARV","HARV_026","distributed","evergreenForest",42.412068,-72.246529,"WGS84",20.2,185.7,0.3,"2017-07-10T15:03Z","HARV.2017.29","HARV_026.20170710",,"drag and flag",160,"Y",1,2,0,"No known compromise","NEON.DOC.014045vH","9rtYv6x/bdfO4wEJK3R6BxlDDClSKivng1Q1vdwmSg4=",
"5b76cece-9e2a-456a-bfc8-71d428ea7b5f","HARV_001.tickPlot.tck","D01","HARV","HARV_001","distributed","deciduousForest",42.424227,-72.260097,"WGS84",20.2,201.1,0.3,"2017-07-10T16:30Z","HARV.2017.29","HARV_001.20170710",,"drag and flag",160,"Y",1,9,0,"No known compromise","NEON.DOC.014045vH","WpjRY8GW8JsMZ1qjoOr+GjftXlcOiAEj3+a3s/CS4Mw=",
"673657cb-14b4-425c-9b71-801226251fda","HARV_004.tickPlot.tck","D01","HARV","HARV_004","distributed","mixedForest",42.426878,-72.227943,"WGS84",20.3,185.9,0.3,"2017-07-10T17:40Z","HARV.2017.29","HARV_004.20170710",,"drag and flag",160,"Y",1,6,0,"No known compromise","NEON.DOC.014045vH","9rtYv6x/bdfO4wEJK3R6BxlDDClSKivng1Q1vdwmSg4=",
"7aa6d9aa-73e9-408c-81b7-2f106e492393","HARV_022.tickPlot.tck","D01","HARV","HARV_022","distributed","evergreenForest",42.435462,-72.199291,"WGS84",20.3,186.3,0.3,"2017-07-31T13:53Z","HARV.2017.32","HARV_022.20170731",,"drag and flag",160,"Y",0,2,0,"No known compromise","NEON.DOC.014045vH","Y2eaC7kOodtvF5at3+Kw8mTeqKt2X6vNva5c0wOgyFM=",
"2e660614-641b-4b49-adae-f7d059a2167b","HARV_020.tickPlot.tck","D01","HARV","HARV_020","distributed","woodyWetlands",42.438157,-72.228923,"WGS84",20.2,228.3,0.3,"2017-07-31T15:07Z","HARV.2017.32","HARV_020.20170731",,"drag",149,"Y",2,3,0,"No known compromise","NEON.DOC.014045vH","9rtYv6x/bdfO4wEJK3R6BxlDDClSKivng1Q1vdwmSg4=",
"042b5dd4-853b-45f4-8ca8-bc360c3e2f38","HARV_004.tickPlot.tck","D01","HARV","HARV_004","distributed","mixedForest",42.426878,-72.227943,"WGS84",20.3,185.9,0.3,"2017-07-31T16:05Z","HARV.2017.32","HARV_004.20170731",,"drag",160,"Y",1,2,0,"No known compromise","NEON.DOC.014045vH","Y2eaC7kOodtvF5at3+Kw8mTeqKt2X6vNva5c0wOgyFM=",
"7642a650-1ea2-4ed0-b710-9949f2c67197","HARV_001.tickPlot.tck","D01","HARV","HARV_001","distributed","deciduousForest",42.424227,-72.260097,"WGS84",20.2,201.1,0.3,"2017-07-31T17:08Z","HARV.2017.32","HARV_001.20170731",,"drag and flag",160,"Y",0,6,0,"No known compromise","NEON.DOC.014045vH","9rtYv6x/bdfO4wEJK3R6BxlDDClSKivng1Q1vdwmSg4=",
