uid,namedLocation,domainID,siteID,plotID,plotType,nlcdClass,decimalLatitude,decimalLongitude,geodeticDatum,coordinateUncertainty,elevation,elevationUncertainty,collectDate,eventID,sampleID,sampleCode,samplingMethod,totalSampledArea,targetTaxaPresent,adultCount,nymphCount,larvaCount,sampleCondition,samplingProtocolVersion,measuredBy,remarks
"ededa241-b57c-4074-9fd4-6a3f57db8778","ONAQ_011.tickPlot.tck","D15","ONAQ","ONAQ_011","distributed","shrubScrub",40.152051,-112.455478,"WGS84",20.1,1617.0,0.1,"2018-07-19T13:35Z","ONAQ.2018.29",,,"drag and flag",160,"N",0,0,0,,"NEON.DOC.014045vJ","p2UN2HDPf58ITmcd3ellSheGBidP8jg2GYGJTpVj6IE=",
"eb91698d-4c1a-41d1-b1f4-9f5650af8f18","ONAQ_009.tickPlot.tck","D15","ONAQ","ONAQ_009","distributed","shrubScrub",40.160581,-112.469377,"WGS84",20.1,1668.8,0.1,"2018-07-19T15:03Z","ONAQ.2018.29",,,"drag and flag",160,"N",0,0,0,,"NEON.DOC.014045vJ","p2UN2HDPf58ITmcd3ellSheGBidP8jg2GYGJTpVj6IE=",
"2e19033a-8829-4543-8345-7ef1397fcccb","ONAQ_023.tickPlot.tck","D15","ONAQ","ONAQ_023","distributed","evergreenForest",40.193985,-112.507206,"WGS84",20.1,1860.6,0.1,"2018-07-19T16:49Z","ONAQ.2018.29",,,"drag and flag",161,"N",0,0,0,,"NEON.DOC.014045vJ","p2UN2HDPf58ITmcd3ellSheGBidP8jg2GYGJTpVj6IE=",
"90fe1648-e88e-44fe-a23e-8047ce046411","ONAQ_004.tickPlot.tck","D15","ONAQ","ONAQ_004","distributed","shrubScrub",40.187291,-112.471870,"WGS84",,1710.4,,"2018-07-19T18:34Z","ONAQ.2018.29",,,"drag and flag",160,"N",0,0,0,,"NEON.DOC.014045vJ","p2UN2HDPf58ITmcd3ellSheGBidP8jg2GYGJTpVj6IE=",
"e36c8a0a-49ac-4e1d-bfa5-51b09d0530c1","ONAQ_016.tickPlot.tck","D15","ONAQ","ONAQ_016","distributed","shrubScrub",40.175449,-112.444448,"WGS84",20.1,1635.3,0.1,"2018-07-19T19:44Z","ONAQ.2018.29",,,"drag and flag",160,"N",0,0,0,,"NEON.DOC.014045vJ","p2UN2HDPf58ITmcd3ellSheGBidP8jg2GYGJTpVj6IE=",
"3da1ee46-ff38-4151-93bd-dde3f5f6df21","ONAQ_005.tickPlot.tck","D15","ONAQ","ONAQ_005","distributed","shrubScrub",40.181926,-112.432741,"WGS84",20.1,1617.2,0.1,"2018-07-19T20:44Z","ONAQ.2018.29",,,"drag and flag",160,"N",0,0,0,,"NEON.DOC.014045vJ","ZXsbnkkpsPerbvY/H8Ld7+Mgmi4uYSwzH0dAcOmXSSw=",
