uid,namedLocation,domainID,siteID,plotID,plotType,nlcdClass,decimalLatitude,decimalLongitude,geodeticDatum,coordinateUncertainty,elevation,elevationUncertainty,collectDate,eventID,sampleID,sampleCode,samplingMethod,totalSampledArea,targetTaxaPresent,adultCount,nymphCount,larvaCount,sampleCondition,samplingProtocolVersion,measuredBy,remarks
"cf839a0f-4226-4d67-9605-876cf99b2fae","CLBJ_040.tickPlot.tck","D11","CLBJ","CLBJ_040","distributed","deciduousForest",33.377571,-97.647238,"WGS84",20.1,328.9,0.1,"2018-05-10T14:22Z","CLBJ.2018.19",,,"drag and flag",130,"N",0,0,0,"No known compromise","NEON.DOC.014045vJ","Fq9eMe8kkDPg5iRc/YQoJnekW1I/cbYeNpQ8H6H0vzw=","Only 1 pole. Needs plot maintenance."
"acf886e3-27b8-45c6-9e4a-cf04dcc95da1","CLBJ_033.tickPlot.tck","D11","CLBJ","CLBJ_033","distributed","deciduousForest",33.382288,-97.619783,"WGS84",20.1,305.5,0.1,"2018-05-10T14:52Z","CLBJ.2018.19",,,"drag and flag",160,"N",0,0,0,"No known compromise","NEON.DOC.014045vJ","Fq9eMe8kkDPg5iRc/YQoJnekW1I/cbYeNpQ8H6H0vzw=",
"2286f6d4-8214-4582-a04f-ec77388fffec","CLBJ_032.tickPlot.tck","D11","CLBJ","CLBJ_032","distributed","grasslandHerbaceous",33.405176,-97.595129,"WGS84",20.1,294.7,0.1,"2018-05-10T15:37Z","CLBJ.2018.19",,,"drag",160,"N",0,0,0,,"NEON.DOC.014045vJ","Fq9eMe8kkDPg5iRc/YQoJnekW1I/cbYeNpQ8H6H0vzw=",
"0a088990-31de-4e67-add6-db2638c179f4","CLBJ_043.tickPlot.tck","D11","CLBJ","CLBJ_043","distributed","deciduousForest",33.410406,-97.593713,"WGS84",20.1,285.9,0.1,"2018-05-10T16:00Z","CLBJ.2018.19",,,"drag and flag",154,"N",0,0,0,,"NEON.DOC.014045vJ","Fq9eMe8kkDPg5iRc/YQoJnekW1I/cbYeNpQ8H6H0vzw=",
"15e8c1bd-e9b8-4209-98c1-6803b6a33d17","CLBJ_036.tickPlot.tck","D11","CLBJ","CLBJ_036","distributed","grasslandHerbaceous",33.396494,-97.580919,"WGS84",20.1,289.5,0.1,"2018-05-10T16:36Z","CLBJ.2018.19",,,"drag",160,"N",0,0,0,"No known compromise","NEON.DOC.014045vJ","Fq9eMe8kkDPg5iRc/YQoJnekW1I/cbYeNpQ8H6H0vzw=",
"74ccffc3-b4ba-42bf-8218-391aa81d8384","CLBJ_034.tickPlot.tck","D11","CLBJ","CLBJ_034","distributed","grasslandHerbaceous",33.320090,-97.578537,"WGS84",20.0,325.2,0.0,"2018-05-10T17:08Z","CLBJ.2018.19",,,"drag and flag",170,"N",0,0,0,"No known compromise","NEON.DOC.014045vJ","Fq9eMe8kkDPg5iRc/YQoJnekW1I/cbYeNpQ8H6H0vzw=",
"c7e089ed-bce2-4705-b1d8-aa7ba29b801e","CLBJ_040.tickPlot.tck","D11","CLBJ","CLBJ_040","distributed","deciduousForest",33.377571,-97.647238,"WGS84",20.1,328.9,0.1,"2018-05-31T14:00Z","CLBJ.2018.22","CLBJ_040.20180531",,"drag and flag",140,"Y",1,0,0,"No known compromise","NEON.DOC.014045vJ","GX867jzl2LPd3HlUZbuiNfXOAtWi8JLtNMOknIxXArE=",
"6c6c19e6-2a9c-4c28-a3f0-962ac25ff81d","CLBJ_033.tickPlot.tck","D11","CLBJ","CLBJ_033","distributed","deciduousForest",33.382288,-97.619783,"WGS84",20.1,305.5,0.1,"2018-05-31T14:28Z","CLBJ.2018.22",,,"drag and flag",140,"N",0,0,0,"No known compromise","NEON.DOC.014045vJ","GX867jzl2LPd3HlUZbuiNfXOAtWi8JLtNMOknIxXArE=",
"fa4a338a-d436-4d54-945b-e3b0a7141742","CLBJ_036.tickPlot.tck","D11","CLBJ","CLBJ_036","distributed","grasslandHerbaceous",33.396494,-97.580919,"WGS84",20.1,289.5,0.1,"2018-05-31T14:55Z","CLBJ.2018.22",,,"drag",160,"N",0,0,0,"No known compromise","NEON.DOC.014045vJ","GX867jzl2LPd3HlUZbuiNfXOAtWi8JLtNMOknIxXArE=",
"da877278-a5d0-4d3f-8199-a5f3bafee0ae","CLBJ_043.tickPlot.tck","D11","CLBJ","CLBJ_043","distributed","deciduousForest",33.410406,-97.593713,"WGS84",20.1,285.9,0.1,"2018-05-31T15:18Z","CLBJ.2018.22",,,"drag and flag",160,"N",0,0,0,"No known compromise","NEON.DOC.014045vJ","GX867jzl2LPd3HlUZbuiNfXOAtWi8JLtNMOknIxXArE=",
"0ccafec9-0747-4c59-a232-e462df8feef8","CLBJ_032.tickPlot.tck","D11","CLBJ","CLBJ_032","distributed","grasslandHerbaceous",33.405176,-97.595129,"WGS84",20.1,294.7,0.1,"2018-05-31T15:32Z","CLBJ.2018.22",,,"drag",160,"N",0,0,0,"No known compromise","NEON.DOC.014045vJ","GX867jzl2LPd3HlUZbuiNfXOAtWi8JLtNMOknIxXArE=",
"0ca70f26-fce8-4caa-80ac-082c6dd78931","CLBJ_034.tickPlot.tck","D11","CLBJ","CLBJ_034","distributed","grasslandHerbaceous",33.320090,-97.578537,"WGS84",20.0,325.2,0.0,"2018-05-31T16:19Z","CLBJ.2018.22",,,"drag",150,"N",0,0,0,"No known compromise","NEON.DOC.014045vJ","GX867jzl2LPd3HlUZbuiNfXOAtWi8JLtNMOknIxXArE=",
