uid,namedLocation,domainID,siteID,plotID,plotType,nlcdClass,decimalLatitude,decimalLongitude,geodeticDatum,coordinateUncertainty,elevation,elevationUncertainty,collectDate,eventID,sampleID,sampleCode,samplingMethod,totalSampledArea,targetTaxaPresent,adultCount,nymphCount,larvaCount,sampleCondition,samplingProtocolVersion,measuredBy,remarks
"bbd83a6b-59bd-4f6a-a28b-07d7260672db","MLBS_005.tickPlot.tck","D07","MLBS","MLBS_005","distributed","deciduousForest",37.363061,-80.519779,"WGS84",20.1,1277.4,0.2,"2018-07-05T13:26Z","MLBS.2018.27",,,"drag and flag",160,"N",0,0,0,,"NEON.DOC.014045vJ","01CGT3wgmyhk8ju68sLWvKMg+1LBE0qlVRvi09peaa+n6pRik4oh8g==",
"dfea5568-dcb6-4c3c-8bd2-9eb86102f174","MLBS_003.tickPlot.tck","D07","MLBS","MLBS_003","distributed","deciduousForest",37.367221,-80.526898,"WGS84",20.1,1235.7,0.2,"2018-07-05T14:26Z","MLBS.2018.27",,,"drag and flag",160,"N",0,0,0,,"NEON.DOC.014045vJ","ntMKYxYUttiqg+M2We4SbKWIfDoMDecaAZhfwjEr5Eo=",
"dd121ba2-b62c-4829-96a3-440f68827496","MLBS_002.tickPlot.tck","D07","MLBS","MLBS_002","distributed","deciduousForest",37.371693,-80.525877,"WGS84",20.2,1187.0,0.3,"2018-07-05T15:07Z","MLBS.2018.27",,,"drag and flag",160,"N",0,0,0,,"NEON.DOC.014045vJ","01CGT3wgmyhk8ju68sLWvKMg+1LBE0qlVRvi09peaa+n6pRik4oh8g==",
"63f1e9f5-a367-472c-a502-131f08b804ed","MLBS_009.tickPlot.tck","D07","MLBS","MLBS_009","distributed","deciduousForest",37.374340,-80.516549,"WGS84",20.2,1165.7,0.3,"2018-07-05T16:57Z","MLBS.2018.27",,,"drag and flag",160,"N",0,0,0,,"NEON.DOC.014045vJ","01CGT3wgmyhk8ju68sLWvKMg+1LBE0qlVRvi09peaa+n6pRik4oh8g==",
"e5090230-ff46-4a23-9a13-01395e3e19a8","MLBS_004.tickPlot.tck","D07","MLBS","MLBS_004","distributed","deciduousForest",37.429068,-80.510286,"WGS84",20.1,890.2,0.1,"2018-07-05T18:26Z","MLBS.2018.27","MLBS_004.20180705","A00000012554","drag and flag",160,"Y",0,2,0,"No known compromise","NEON.DOC.014045vJ","01CGT3wgmyhk8ju68sLWvKMg+1LBE0qlVRvi09peaa+n6pRik4oh8g==",
"9f68145b-a96a-45cd-8142-2c2ab94e78df","MLBS_006.tickPlot.tck","D07","MLBS","MLBS_006","distributed","deciduousForest",37.427058,-80.562386,"WGS84",20.1,785.7,0.2,"2018-07-05T19:35Z","MLBS.2018.27",,,"drag and flag",160,"N",0,0,0,,"NEON.DOC.014045vJ","ntMKYxYUttiqg+M2We4SbKWIfDoMDecaAZhfwjEr5Eo=",
