uid,namedLocation,domainID,siteID,plotID,plotType,nlcdClass,decimalLatitude,decimalLongitude,geodeticDatum,coordinateUncertainty,elevation,elevationUncertainty,collectDate,eventID,sampleID,sampleCode,samplingMethod,totalSampledArea,targetTaxaPresent,adultCount,nymphCount,larvaCount,sampleCondition,samplingProtocolVersion,measuredBy,remarks
"c259b0c2-3320-4536-a9c6-ab369a40c3ea","LENO_004.tickPlot.tck","D08","LENO","LENO_004","distributed","woodyWetlands",31.822376,-88.181956,"WGS84",20.2,12.5,0.2,"2017-09-13T19:02Z","LENO.2017.38","LENO_004.20170913",,"drag and flag",155,"Y",0,1,330,"No known compromise","NEON.DOC.014045vH","pdRHVIvaG2xBaIyJIrbJo5saUxJZYt3gI9+TGAO0URM=",
"a1aa2f49-a7ef-4e8a-91ce-94bc5cc620b6","LENO_002.tickPlot.tck","D08","LENO","LENO_002","distributed","woodyWetlands",31.806282,-88.195216,"WGS84",20.2,16.8,0.2,"2017-09-14T13:38Z","LENO.2017.38","LENO_002.20170914",,"drag and flag",160,"Y",0,0,3,"No known compromise","NEON.DOC.014045vH","pdRHVIvaG2xBaIyJIrbJo5saUxJZYt3gI9+TGAO0URM=",
"22311cf9-4b62-4b7c-9f5d-2e443342340c","LENO_003.tickPlot.tck","D08","LENO","LENO_003","distributed","deciduousForest",31.809581,-88.187553,"WGS84",20.2,15.4,0.4,"2017-09-14T14:16Z","LENO.2017.38","LENO_003.20170914",,"drag and flag",150,"Y",0,3,0,"No known compromise","NEON.DOC.014045vH","71MfCy+FRsto69311gQJvR+pq8mHvc/9aCd1qcCUSbo=",
"c0fd49f1-8827-4ec9-9a26-9c5c9fa03651","LENO_023.tickPlot.tck","D08","LENO","LENO_023","distributed","deciduousForest",31.809463,-88.181417,"WGS84",20.2,11.6,0.2,"2017-09-14T15:01Z","LENO.2017.38","LENO_023.20170914",,"drag and flag",160,"Y",0,2,0,"No known compromise","NEON.DOC.014045vH","pdRHVIvaG2xBaIyJIrbJo5saUxJZYt3gI9+TGAO0URM=",
"6dc22eb4-8799-445a-8348-732a60e7e51c","LENO_042.tickPlot.tck","D08","LENO","LENO_042","distributed","woodyWetlands",31.817825,-88.182881,"WGS84",20.2,14.6,0.3,"2017-09-14T15:54Z","LENO.2017.38","LENO_042.20170914",,"drag and flag",160,"Y",0,3,0,"No known compromise","NEON.DOC.014045vH","71MfCy+FRsto69311gQJvR+pq8mHvc/9aCd1qcCUSbo=",
"920e43e7-8959-46fd-b6bd-07e21987cec1","LENO_015.tickPlot.tck","D08","LENO","LENO_015","distributed","woodyWetlands",31.817299,-88.191485,"WGS84",20.5,14.2,0.8,"2017-09-14T16:41Z","LENO.2017.38","LENO_015.20170914",,"drag",160,"Y",0,1,0,"No known compromise","NEON.DOC.014045vH","pdRHVIvaG2xBaIyJIrbJo5saUxJZYt3gI9+TGAO0URM=",
