uid,namedLocation,plotID,collectDate,identifiedDate,sampleID,subsampleID,scientificName,acceptedTaxonID,taxonRank,family,subfamily,tribe,subtribe,genus,subgenus,specificEpithet,infraspecificEpithet,identificationQualifier,identificationReferences,identificationProtocolVersion,scientificNameAuthorship,sexOrAge,individualCount,sampleCondition,archiveMedium,archiveFacilityID,deprecatedVialID,identifiedBy,laboratoryName,remarks
"2837ef7e-63ea-4b21-8b72-205de8b07099","LENO_004.tickPlot.tck","LENO_004","2017-09-13T19:02Z","2017-10-30T16:00Z","LENO_004.20170913","LENO_004.20170913.IXOSP.L","Ixodidae sp.","IXOSP","family","Ixodidae",,,,,,"sp.",,,,"GSU_tickIdentification_SOP_2016-11-01.pdf",,"Larva",1,"OK","90% ethanol","USNMENT01358896","LENO_004.20170913.L","Guy Hobbs","Georgia Southern University",
"e465c3b4-6a09-42df-b65d-7100d891b10d","LENO_004.tickPlot.tck","LENO_004","2017-09-13T19:02Z","2017-12-30T17:00Z","LENO_004.20170913","LENO_004.20170913.AMBAME.N","Amblyomma americanum","AMBAME","species","Ixodidae",,,,"Amblyomma",,"americanum",,,"Cooley, R. A. and G. M. Kohls. 1944. The genus Amblyomma (ixodidae) in the United States. The Journal of Parasitology, 30(2):77-111.","GSU_tickIdentification_SOP_2016-11-01.pdf","Linnaeus","Nymph",1,"OK","90% ethanol","USNMENT01358897","LENO_004.20170913.AMBAME.N","Lorenza Beati","Georgia Southern University",
"ba663a2f-d580-4898-a79c-2c39774e11a3","LENO_002.tickPlot.tck","LENO_002","2017-09-14T13:38Z","2017-10-30T16:00Z","LENO_002.20170914","LENO_002.20170914.IXOSP.L","Ixodidae sp.","IXOSP","family","Ixodidae",,,,,,"sp.",,,,"GSU_tickIdentification_SOP_2016-11-01.pdf",,"Larva",1,"OK","90% ethanol","USNMENT01358898","LENO_002.20170914.L","Guy Hobbs","Georgia Southern University",
"32240311-6ee8-41d0-9cf7-5ccf57618c4a","LENO_003.tickPlot.tck","LENO_003","2017-09-14T14:16Z","2017-12-30T17:00Z","LENO_003.20170914","LENO_003.20170914.IXOSCA.N","Ixodes scapularis","IXOSCA","species","Ixodidae",,,,"Ixodes",,"scapularis",,,"Cooley, R. A. and G. M. Kohls. 1945. The genus Ixodes in North America. National Institute of Health Bulletin, 184.","GSU_tickIdentification_SOP_2016-11-01.pdf","Say","Nymph",1,"OK","90% ethanol","USNMENT01358900","LENO_003.20170914.IXOSCA.N","Lorenza Beati","Georgia Southern University",
"0f7a7924-4baf-4846-bb44-625d706291e3","LENO_003.tickPlot.tck","LENO_003","2017-09-14T14:16Z","2017-12-30T17:00Z","LENO_003.20170914","LENO_003.20170914.AMBAME.N","Amblyomma americanum","AMBAME","species","Ixodidae",,,,"Amblyomma",,"americanum",,,"Cooley, R. A. and G. M. Kohls. 1944. The genus Amblyomma (ixodidae) in the United States. The Journal of Parasitology, 30(2):77-111.","GSU_tickIdentification_SOP_2016-11-01.pdf","Linnaeus","Nymph",2,"OK","90% ethanol","USNMENT01358899","LENO_003.20170914.AMBAME.N","Lorenza Beati","Georgia Southern University",
"80826793-d854-40b5-a0cd-64b41ca5bd41","LENO_023.tickPlot.tck","LENO_023","2017-09-14T15:01Z","2017-12-30T17:00Z","LENO_023.20170914","LENO_023.20170914.AMBAME.N","Amblyomma americanum","AMBAME","species","Ixodidae",,,,"Amblyomma",,"americanum",,,"Cooley, R. A. and G. M. Kohls. 1944. The genus Amblyomma (ixodidae) in the United States. The Journal of Parasitology, 30(2):77-111.","GSU_tickIdentification_SOP_2016-11-01.pdf","Linnaeus","Nymph",1,"OK","90% ethanol","USNMENT01358902","LENO_023.20170914.AMBAME.N","Lorenza Beati","Georgia Southern University",
"778a33ab-4574-41ec-afb2-8ed9084d0554","LENO_023.tickPlot.tck","LENO_023","2017-09-14T15:01Z","2017-12-30T17:00Z","LENO_023.20170914","LENO_023.20170914.IXOAFF.N","Ixodes affinis","IXOAFF","species","Ixodidae",,,,"Ixodes",,"affinis",,,"Keirans, J. E., and C. M. Clifford. 1978. The genus Ixodes in the United States: a scanning electron microscope study and key to the adults. Journal of Medical Entomology, 15(Supplement 2):1-38.","GSU_tickIdentification_SOP_2016-11-01.pdf","Neumann","Nymph",1,"OK","90% ethanol","USNMENT01358903","LENO_023.20170914.IXOAFF.N","Lorenza Beati","Georgia Southern University",
"e6f29448-eceb-429e-86ee-01504fc9c11f","LENO_042.tickPlot.tck","LENO_042","2017-09-14T15:54Z","2017-12-30T17:00Z","LENO_042.20170914","LENO_042.20170914.AMBAME.N","Amblyomma americanum","AMBAME","species","Ixodidae",,,,"Amblyomma",,"americanum",,,"Cooley, R. A. and G. M. Kohls. 1944. The genus Amblyomma (ixodidae) in the United States. The Journal of Parasitology, 30(2):77-111.","GSU_tickIdentification_SOP_2016-11-01.pdf","Linnaeus","Nymph",3,"OK","90% ethanol","USNMENT01358904","LENO_042.20170914.AMBAME.N","Lorenza Beati","Georgia Southern University",
"af848b1d-ca92-441f-a9cb-29ce614b9014","LENO_015.tickPlot.tck","LENO_015","2017-09-14T16:41Z","2017-12-30T17:00Z","LENO_015.20170914","LENO_015.20170914.AMBAME.N","Amblyomma americanum","AMBAME","species","Ixodidae",,,,"Amblyomma",,"americanum",,,"Cooley, R. A. and G. M. Kohls. 1944. The genus Amblyomma (ixodidae) in the United States. The Journal of Parasitology, 30(2):77-111.","GSU_tickIdentification_SOP_2016-11-01.pdf","Linnaeus","Nymph",1,"OK","90% ethanol","USNMENT01358901","LENO_015.20170914.AMBAME.N","Lorenza Beati","Georgia Southern University",
