uid,namedLocation,domainID,siteID,plotID,plotType,nlcdClass,decimalLatitude,decimalLongitude,geodeticDatum,coordinateUncertainty,elevation,elevationUncertainty,collectDate,eventID,sampleID,sampleCode,samplingMethod,totalSampledArea,targetTaxaPresent,adultCount,nymphCount,larvaCount,sampleCondition,samplingProtocolVersion,measuredBy,remarks
"84450104-834d-47f5-8b33-2bd6251ce5fa","SCBI_005.tickPlot.tck","D02","SCBI","SCBI_005","distributed","deciduousForest",38.901859,-78.161940,"WGS84",20.2,263.6,0.3,"2018-08-06T16:55Z","SCBI.2018.32","SCBI_005.20180806","A00000003321","drag",130,"Y",1,1,101,"No known compromise","NEON.DOC.014045vJ","gUkNgXXWwVfyyvmNuuhPHfl+ngDS46AHNocWtty9mqU=",
"adc18e80-2d27-47d8-9213-9bb3b87efc13","SCBI_002.tickPlot.tck","D02","SCBI","SCBI_002","distributed","deciduousForest",38.893863,-78.142704,"WGS84",20.2,327.7,0.2,"2018-08-06T18:00Z","SCBI.2018.32","SCBI_002.20180806","A00000003077","drag",166,"Y",0,2,547,"No known compromise","NEON.DOC.014045vJ","gUkNgXXWwVfyyvmNuuhPHfl+ngDS46AHNocWtty9mqU=","Time estimated; data lost"
"f49d6ab9-ed69-4029-92f9-2d44368263d0","SCBI_007.tickPlot.tck","D02","SCBI","SCBI_007","distributed","deciduousForest",38.886013,-78.129365,"WGS84",20.2,428.3,0.2,"2018-08-23T13:50Z","SCBI.2018.34","SCBI_007.20180823","A00000001617","drag",130,"Y",0,0,280,"No known compromise","NEON.DOC.014045vJ","y91HGrHLk0lZr/DPX16cTMD5ZLTOKHZ4wAmahG5mA10=",
"2c324653-319e-4de0-97ba-76ec6e845d6d","SCBI_005.tickPlot.tck","D02","SCBI","SCBI_005","distributed","deciduousForest",38.901859,-78.161940,"WGS84",20.2,263.6,0.3,"2018-08-23T14:42Z","SCBI.2018.34",,,"drag",106,"N",0,0,0,,"NEON.DOC.014045vJ","cJDN8FQ+G8BHe8OkvD5PMz1h/kcM7qXCzeFqTpXsSj4=","Wet and muddy"
"a7bf58de-2be7-46e0-bb8a-626bc6be70d4","SCBI_002.tickPlot.tck","D02","SCBI","SCBI_002","distributed","deciduousForest",38.893863,-78.142704,"WGS84",20.2,327.7,0.2,"2018-08-23T15:29Z","SCBI.2018.34","SCBI_002.20180823","A00000001362","drag",160,"Y",0,2,195,"No known compromise","NEON.DOC.014045vJ","y91HGrHLk0lZr/DPX16cTMD5ZLTOKHZ4wAmahG5mA10=",
"1f0215b9-cf22-4062-b924-c20d683d3834","SCBI_039.tickPlot.tck","D02","SCBI","SCBI_039","distributed","pastureHay",38.896433,-78.166542,"WGS84",20.1,330.8,0.1,"2018-08-23T16:13Z","SCBI.2018.34",,,"drag",145,"N",0,0,0,,"NEON.DOC.014045vJ","cJDN8FQ+G8BHe8OkvD5PMz1h/kcM7qXCzeFqTpXsSj4=",
"421d7ae0-5e35-4ee5-acd4-a77ed55a2c1e","SCBI_006.tickPlot.tck","D02","SCBI","SCBI_006","distributed","pastureHay",38.897080,-78.150277,"WGS84",20.1,277.1,0.1,"2018-08-23T16:49Z","SCBI.2018.34","SCBI_006.20180823","A00000001623","drag",160,"Y",0,0,26,"No known compromise","NEON.DOC.014045vJ","cJDN8FQ+G8BHe8OkvD5PMz1h/kcM7qXCzeFqTpXsSj4=",
"dcc5f7b4-6e38-48e7-b0d4-cab0b4713499","SCBI_013.tickPlot.tck","D02","SCBI","SCBI_013","distributed","deciduousForest",38.873041,-78.163313,"WGS84",20.2,361.3,0.3,"2018-08-24T15:35Z","SCBI.2018.34","SCBI_013.20180824","A00000003170","drag",160,"Y",0,2,6,"No known compromise","NEON.DOC.014045vJ","cJDN8FQ+G8BHe8OkvD5PMz1h/kcM7qXCzeFqTpXsSj4=",
