uid,namedLocation,domainID,siteID,plotID,plotType,nlcdClass,decimalLatitude,decimalLongitude,geodeticDatum,coordinateUncertainty,elevation,elevationUncertainty,collectDate,eventID,sampleID,sampleCode,samplingMethod,totalSampledArea,targetTaxaPresent,adultCount,nymphCount,larvaCount,sampleCondition,samplingProtocolVersion,measuredBy,remarks
"d2aa7fb0-0c98-44dd-80fc-2359922efd55","TREE_015.tickPlot.tck","D05","TREE","TREE_015","distributed","mixedForest",45.485626,-89.554320,"WGS84",20.3,462.1,0.6,"2017-08-15T16:25Z","TREE.2017.34",,,"drag and flag",160,"N",0,0,0,,"NEON.DOC.014045vH","ARejzCBrb6CRpGj0oWJ3lcNFFJLhhdyHL/qtSIEd/o0=",
"94354274-da0d-4525-8fb0-712ad83ea496","TREE_005.tickPlot.tck","D05","TREE","TREE_005","distributed","woodyWetlands",45.482307,-89.557299,"WGS84",20.1,447.6,0.2,"2017-08-15T16:58Z","TREE.2017.34",,,"drag and flag",137,"N",0,0,0,,"NEON.DOC.014045vH","ARejzCBrb6CRpGj0oWJ3lcNFFJLhhdyHL/qtSIEd/o0=",
"edbbe9ae-71ce-424b-aefc-4bc02aabcc37","TREE_017.tickPlot.tck","D05","TREE","TREE_017","distributed","deciduousForest",45.493376,-89.575729,"WGS84",20.1,466.2,0.2,"2017-08-15T19:31Z","TREE.2017.34","TREE_017.20170815",,"drag and flag",165,"Y",0,2,0,"No known compromise","NEON.DOC.014045vH","ARejzCBrb6CRpGj0oWJ3lcNFFJLhhdyHL/qtSIEd/o0=",
"6bb0458a-57f1-4926-a116-fad784354b09","TREE_019.tickPlot.tck","D05","TREE","TREE_019","distributed","mixedForest",45.494788,-89.575812,"WGS84",20.3,466.2,0.5,"2017-08-16T15:09Z","TREE.2017.34","TREE_019.20170816",,"drag and flag",160,"Y",1,5,16,"No known compromise","NEON.DOC.014045vH","KHFso3BTMGX7Dgup0TZcU6UPybtTgQZvd7+v7nD+zw4=",
"64eb1bf4-ed7e-49db-871c-788d3e632655","TREE_022.tickPlot.tck","D05","TREE","TREE_022","distributed","evergreenForest",45.494513,-89.551239,"WGS84",20.2,458.4,0.2,"2017-08-16T16:22Z","TREE.2017.34","TREE_022.20170816",,"drag and flag",160,"Y",0,2,0,"No known compromise","NEON.DOC.014045vH","KHFso3BTMGX7Dgup0TZcU6UPybtTgQZvd7+v7nD+zw4=",
"cc825d11-1130-42cc-bd8f-2b6e0d9b93c1","TREE_007.tickPlot.tck","D05","TREE","TREE_007","distributed","deciduousForest",45.496399,-89.559231,"WGS84",20.2,461.3,0.3,"2017-08-16T17:30Z","TREE.2017.34",,,"drag and flag",160,"N",0,0,0,,"NEON.DOC.014045vH","KHFso3BTMGX7Dgup0TZcU6UPybtTgQZvd7+v7nD+zw4=",
