uid,namedLocation,plotID,collectDate,identifiedDate,sampleID,subsampleID,scientificName,acceptedTaxonID,taxonRank,family,subfamily,tribe,subtribe,genus,subgenus,specificEpithet,infraspecificEpithet,identificationQualifier,identificationReferences,identificationProtocolVersion,scientificNameAuthorship,sexOrAge,individualCount,sampleCondition,archiveMedium,archiveFacilityID,deprecatedVialID,identifiedBy,laboratoryName,remarks
"de0f64d7-0c40-47e3-88a7-c0c89d3f8edb","TREE_017.tickPlot.tck","TREE_017","2017-08-15T19:31Z","2018-03-11T16:00Z","TREE_017.20170815","TREE_017.20170815.IXOSCA.N","Ixodes scapularis","IXOSCA","species","Ixodidae",,,,"Ixodes",,"scapularis",,,"Cooley, R. A. and G. M. Kohls. 1945. The genus Ixodes in North America. National Institute of Health Bulletin, 184.","GSU_tickIdentification_SOP_2016-11-01.pdf","Say","Nymph",2,"OK","90% ethanol","USNMENT01430135","TREE_017.20170815.IXOSCA.N","Lorenza Beati","Georgia Southern University",
"a49c793a-146c-4077-9abd-5f570e7cefbc","TREE_019.tickPlot.tck","TREE_019","2017-08-16T15:09Z","2018-03-12T16:00Z","TREE_019.20170816","TREE_019.20170816.IXOMAR1.N","Ixodes marxi","IXOMAR1","species","Ixodidae",,,,"Ixodes",,"marxi",,,"Keirans, J. E., and C. M. Clifford. 1978. The genus Ixodes in the United States: a scanning electron microscope study and key to the adults. Journal of Medical Entomology, 15(Supplement 2):1-38.","GSU_tickIdentification_SOP_2016-11-01.pdf","Banks","Nymph",1,"OK","90% ethanol","USNMENT01430118","TREE_019.20170816.IXOMAR.N","Lorenza Beati","Georgia Southern University",
"eaca8428-208d-4f5f-a037-72fb706f0f35","TREE_019.tickPlot.tck","TREE_019","2017-08-16T15:09Z","2018-03-10T17:00Z","TREE_019.20170816","TREE_019.20170816.IXOSP.L","Ixodidae sp.","IXOSP","family","Ixodidae",,,,,,"sp.",,,,"GSU_tickIdentification_SOP_2016-11-01.pdf",,"Larva",1,"OK","90% ethanol","USNMENT01430115","TREE_019.20170816.L","Lorenza Beati","Georgia Southern University","larvae very damaged, with fragments possibly belonging to the same tick floating aorund"
"ec8f40b8-1eac-4e81-be6f-68d7ded98500","TREE_019.tickPlot.tck","TREE_019","2017-08-16T15:09Z","2018-03-10T17:00Z","TREE_019.20170816","TREE_019.20170816.IXOSCA.N","Ixodes scapularis","IXOSCA","species","Ixodidae",,,,"Ixodes",,"scapularis",,,"Cooley, R. A. and G. M. Kohls. 1945. The genus Ixodes in North America. National Institute of Health Bulletin, 184.","GSU_tickIdentification_SOP_2016-11-01.pdf","Say","Nymph",6,"OK","90% ethanol","USNMENT01430110","TREE_019.20170816.IXOSCA.N","Lorenza Beati","Georgia Southern University",
"78b6c8b9-3d92-408a-9476-a0aad057fa85","TREE_019.tickPlot.tck","TREE_019","2017-08-16T15:09Z","2018-03-10T17:00Z","TREE_019.20170816","TREE_019.20170816.DERVAR.M","Dermacentor variabilis","DERVAR","species","Ixodidae",,,,"Dermacentor",,"variabilis",,,"Yunker, C. E., Keirans, J. E., Clifford, C. M., and E. R. Easton. 1986. Dermacentor ticks (Acari: Ixodoidea: Ixodidae) of the New World: a scanning electron microscope atlas. Proceedings of the Entomological Society of Washington, 88(4):609-627.","GSU_tickIdentification_SOP_2016-11-01.pdf","Say","Male",1,"OK","90% ethanol","USNMENT01430120","TREE_019.20170816.DERVAR.M","Lorenza Beati","Georgia Southern University",
"fefb44f5-7936-43c6-a68d-ce03004b87f1","TREE_022.tickPlot.tck","TREE_022","2017-08-16T16:22Z","2018-03-10T17:00Z","TREE_022.20170816","TREE_022.20170816.IXOSCA.N","Ixodes scapularis","IXOSCA","species","Ixodidae",,,,"Ixodes",,"scapularis",,,"Cooley, R. A. and G. M. Kohls. 1945. The genus Ixodes in North America. National Institute of Health Bulletin, 184.","GSU_tickIdentification_SOP_2016-11-01.pdf","Say","Nymph",2,"OK","90% ethanol","USNMENT01430196","TREE_022.20170816.IXOSCA.N","Lorenza Beati","Georgia Southern University",
