uid,namedLocation,domainID,siteID,plotID,plotType,nlcdClass,decimalLatitude,decimalLongitude,geodeticDatum,coordinateUncertainty,elevation,elevationUncertainty,collectDate,eventID,sampleID,sampleCode,samplingMethod,totalSampledArea,targetTaxaPresent,adultCount,nymphCount,larvaCount,sampleCondition,samplingProtocolVersion,measuredBy,remarks
"f570d88f-b08d-4dbd-9ba9-4776a8e6f183","SERC_005.tickPlot.tck","D02","SERC","SERC_005","distributed","deciduousForest",38.894060,-76.546307,"WGS84",20.3,8.5,0.5,"2018-03-27T12:22Z","SERC.2018.13",,,"drag",147,"N",0,0,0,"No known compromise","NEON.DOC.014045vJ","y91HGrHLk0lZr/DPX16cTMD5ZLTOKHZ4wAmahG5mA10=","Snow 1 week prior"
"25a08346-1742-475b-814a-0cc68868c84a","SERC_006.tickPlot.tck","D02","SERC","SERC_006","distributed","deciduousForest",38.880025,-76.548376,"WGS84",20.2,2.6,0.3,"2018-03-27T13:08Z","SERC.2018.13",,,"drag",165,"N",0,0,0,"No known compromise","NEON.DOC.014045vJ","y91HGrHLk0lZr/DPX16cTMD5ZLTOKHZ4wAmahG5mA10=","Snow 1 week prior"
"76878f97-3740-4af3-bb6b-0fd0cf9c3caf","SERC_002.tickPlot.tck","D02","SERC","SERC_002","distributed","deciduousForest",38.896262,-76.558166,"WGS84",20.2,17.0,0.3,"2018-03-27T14:03Z","SERC.2018.13","SERC_002.20180327","A00000003313","drag",175,"Y",2,0,0,"No known compromise","NEON.DOC.014045vJ","y91HGrHLk0lZr/DPX16cTMD5ZLTOKHZ4wAmahG5mA10=","Snow 1 week prior"
"4a94d161-3a47-45d1-abcf-02e499e40b5a","SERC_001.tickPlot.tck","D02","SERC","SERC_001","distributed","deciduousForest",38.868186,-76.535306,"WGS84",20.2,2.1,0.2,"2018-03-27T15:11Z","SERC.2018.13","SERC_001.20180327","A00000003298","drag",165,"Y",1,0,0,"No known compromise","NEON.DOC.014045vJ","y91HGrHLk0lZr/DPX16cTMD5ZLTOKHZ4wAmahG5mA10=","Snow 1 week prior"
"44ea80b3-4ba8-49a2-a1c4-37f8977f31e2","SERC_023.tickPlot.tck","D02","SERC","SERC_023","distributed","cultivatedCrops",38.873978,-76.535925,"WGS84",20.1,6.7,0.1,"2018-03-27T15:46Z","SERC.2018.13",,,"drag",160,"N",0,0,0,"No known compromise","NEON.DOC.014045vJ","y91HGrHLk0lZr/DPX16cTMD5ZLTOKHZ4wAmahG5mA10=","Snow 1 week prior; field mostly bare sand; some short grass and mowed dead soybean stems"
"e068bc15-225c-4f42-89db-4d93fffe4da1","SERC_012.tickPlot.tck","D02","SERC","SERC_012","distributed","deciduousForest",38.880010,-76.561648,"WGS84",20.2,20.1,0.2,"2018-03-27T16:16Z","SERC.2018.13","SERC_012.20180327","A00000003266","drag",160,"Y",2,0,0,"No known compromise","NEON.DOC.014045vJ","y91HGrHLk0lZr/DPX16cTMD5ZLTOKHZ4wAmahG5mA10=","Snow 1 week prior"
