uid,namedLocation,domainID,siteID,plotID,plotType,nlcdClass,decimalLatitude,decimalLongitude,geodeticDatum,coordinateUncertainty,elevation,elevationUncertainty,collectDate,eventID,sampleID,sampleCode,samplingMethod,totalSampledArea,targetTaxaPresent,adultCount,nymphCount,larvaCount,sampleCondition,samplingProtocolVersion,measuredBy,remarks
"4787ac2e-663f-46a1-aba4-426694afe684","CPER_002.tickPlot.tck","D10","CPER","CPER_002","distributed","grasslandHerbaceous",40.811446,-104.727626,"WGS84",20.1,1645.8,0.1,"2018-09-10T15:45Z","CPER.2018.37",,,"drag",160,"N",0,0,0,,"NEON.DOC.014045vJ","mmEckVtOkg8Ppw/emT+oh05tZj304sIopqY7hcdK2W4=",
"434d05f6-6e87-4081-a344-c9c059151160","CPER_004.tickPlot.tck","D10","CPER","CPER_004","distributed","grasslandHerbaceous",40.814104,-104.696817,"WGS84",20.1,1617.2,0.1,"2018-09-10T16:40Z","CPER.2018.37",,,"drag",160,"N",0,0,0,,"NEON.DOC.014045vJ","dMVZgSbiazUlqT6ETAQDme6D1YfxDk7ceUDtWOFdgrI=",
"b118c3ea-ad8b-402c-987f-2c4bedbccae6","CPER_003.tickPlot.tck","D10","CPER","CPER_003","distributed","grasslandHerbaceous",40.819808,-104.707147,"WGS84",20.1,1625.7,0.1,"2018-09-10T17:33Z","CPER.2018.37",,,"drag",160,"N",0,0,0,,"NEON.DOC.014045vJ","dMVZgSbiazUlqT6ETAQDme6D1YfxDk7ceUDtWOFdgrI=",
"cd1ff628-675d-46bf-bb2a-965dd1561fff","CPER_005.tickPlot.tck","D10","CPER","CPER_005","distributed","grasslandHerbaceous",40.852571,-104.726331,"WGS84",20.1,1662.6,0.1,"2018-09-10T18:40Z","CPER.2018.37",,,"drag",160,"N",0,0,0,,"NEON.DOC.014045vJ","dMVZgSbiazUlqT6ETAQDme6D1YfxDk7ceUDtWOFdgrI=",
"fdfba979-411c-47b1-b534-8ebdda433470","CPER_001.tickPlot.tck","D10","CPER","CPER_001","distributed","grasslandHerbaceous",40.851012,-104.701302,"WGS84",20.1,1639.1,0.1,"2018-09-10T19:47Z","CPER.2018.37",,,"drag",160,"N",0,0,0,,"NEON.DOC.014045vJ","dMVZgSbiazUlqT6ETAQDme6D1YfxDk7ceUDtWOFdgrI=",
"8a1a31ae-c533-41e3-81f3-23ea5d89020e","CPER_007.tickPlot.tck","D10","CPER","CPER_007","distributed","grasslandHerbaceous",40.860878,-104.684952,"WGS84",20.1,1646.7,0.1,"2018-09-10T20:35Z","CPER.2018.37",,,"drag",160,"N",0,0,0,,"NEON.DOC.014045vJ","dMVZgSbiazUlqT6ETAQDme6D1YfxDk7ceUDtWOFdgrI=",
