uid,namedLocation,date,domainID,siteID,plotID,plotType,nlcdClass,decimalLatitude,decimalLongitude,geodeticDatum,coordinateUncertainty,easting,northing,utmZone,elevation,elevationUncertainty,eventID,samplingProtocolVersion,treesPresent,treesAbsentList,shrubsPresent,shrubsAbsentList,lianasPresent,lianasAbsentList,nestedSubplotAreaShrubSapling,nestedSubplotAreaLiana,totalSampledAreaTrees,totalSampledAreaShrubSapling,totalSampledAreaLiana,remarks,measuredBy,recordedBy,dataQF
"7bc02d5c-f316-4e0b-a140-109b6590743b","GUAN_055.basePlot.vst","2016-07-07","D04","GUAN","GUAN_055","tower","evergreenForest",17.969688,-66.867651,"WGS84",20.1,725817.08,1988128.77,"19N",116.7,0.1,"vst_GUAN_2016","NEON.DOC.000987vE","Y",,"Y",,"Y",,"10","100",800,40,400,,"8rHzSbnDOXjpaitjHXu3bvZcWZBazBT3Z6JypCrOTws=","bLuA32XSwhQ1UEFOt6rO3xlOtBx7Ppbg","legacyData"
"a128ee52-899e-4faf-90da-fcc916e745ad","GUAN_055.basePlot.vst","2016-07-07","D04","GUAN","GUAN_055","tower","evergreenForest",17.969688,-66.867651,"WGS84",20.1,725817.08,1988128.77,"19N",116.7,0.1,"vst_GUAN_2016","NEON.DOC.000987vE","Y",,"Y",,"Y",,"10","100",800,40,400,,"8rHzSbnDOXjpaitjHXu3bvZcWZBazBT3Z6JypCrOTws=","bLuA32XSwhQ1UEFOt6rO3xlOtBx7Ppbg",
"e55b8064-97ff-4c76-930b-73a8dd725201","GUAN_054.basePlot.vst","2016-07-18","D04","GUAN","GUAN_054","tower","evergreenForest",17.968868,-66.866561,"WGS84",20.1,725933.60,1988039.32,"19N",111.4,0.1,"vst_GUAN_2016","NEON.DOC.000987vE","Y",,"Y",,"Y",,"10","100",800,40,400,,"fiApssCEcSVZh4fTchGlfQK3pYYnYQUQ","8rHzSbnDOXjpaitjHXu3bvZcWZBazBT3Z6JypCrOTws=","legacyData"
"d87e01fe-d220-4ab5-b483-665d9e088452","GUAN_054.basePlot.vst","2016-07-18","D04","GUAN","GUAN_054","tower","evergreenForest",17.968868,-66.866561,"WGS84",20.1,725933.60,1988039.32,"19N",111.4,0.1,"vst_GUAN_2016","NEON.DOC.000987vE","Y",,"Y",,"Y",,"10","100",800,40,400,,"fiApssCEcSVZh4fTchGlfQK3pYYnYQUQ","8rHzSbnDOXjpaitjHXu3bvZcWZBazBT3Z6JypCrOTws=",
"73770871-c0fc-42a5-93f8-fea73b9d4f36","GUAN_058.basePlot.vst","2016-07-20","D04","GUAN","GUAN_058","tower","evergreenForest",17.970233,-66.866809,"WGS84",20.1,725905.59,1988190.12,"19N",121.6,0.1,"vst_GUAN_2016","NEON.DOC.000987vE","Y",,"Y",,"Y",,"10","25",800,40,100,,"8rHzSbnDOXjpaitjHXu3bvZcWZBazBT3Z6JypCrOTws=","bLuA32XSwhQ1UEFOt6rO3xlOtBx7Ppbg","legacyData"
"b1cc1c6f-fbe6-4b76-9b8e-ff17af13c724","GUAN_058.basePlot.vst","2016-07-20","D04","GUAN","GUAN_058","tower","evergreenForest",17.970233,-66.866809,"WGS84",20.1,725905.59,1988190.12,"19N",121.6,0.1,"vst_GUAN_2016","NEON.DOC.000987vE","Y",,"Y",,"Y",,"10","25",800,40,100,,"8rHzSbnDOXjpaitjHXu3bvZcWZBazBT3Z6JypCrOTws=","bLuA32XSwhQ1UEFOt6rO3xlOtBx7Ppbg",
