uid,namedLocation,domainID,siteID,plotID,plotType,nlcdClass,decimalLatitude,decimalLongitude,geodeticDatum,coordinateUncertainty,elevation,elevationUncertainty,collectDate,eventID,sampleID,sampleCode,samplingMethod,totalSampledArea,targetTaxaPresent,adultCount,nymphCount,larvaCount,sampleCondition,samplingProtocolVersion,measuredBy,remarks
"ff38bd58-6bb0-45d1-8b9b-e040f2af4ccc","TREE_022.tickPlot.tck","D05","TREE","TREE_022","distributed","evergreenForest",45.494513,-89.551239,"WGS84",20.2,458.4,0.2,"2018-06-20T13:48Z","TREE.2018.25",,,"flag",160,"N",0,0,0,,"NEON.DOC.014045vJ","AhZsviUviMNoNqEyyPr85yIRwM2ADy+TTr0X6Ji0aLk=",
"478a9a6a-6706-47e7-9fd5-5c61d066df7d","TREE_007.tickPlot.tck","D05","TREE","TREE_007","distributed","deciduousForest",45.496399,-89.559231,"WGS84",20.2,461.3,0.3,"2018-06-21T13:42Z","TREE.2018.25","TREE_007.20180621","A00000001152","flag",160,"Y",2,18,49,"No known compromise","NEON.DOC.014045vJ","Syw2LXB/pj+fmGCuwdgBGVryVUmYhw3g",
"10715158-bc27-46b3-819e-702735ad6f51","TREE_019.tickPlot.tck","D05","TREE","TREE_019","distributed","mixedForest",45.494788,-89.575812,"WGS84",20.3,466.2,0.5,"2018-06-22T15:21Z","TREE.2018.25","TREE_019.20180622","A00000008926","flag",160,"Y",6,12,100,"No known compromise","NEON.DOC.014045vJ","2Li2TmTZ1dmTCu9unJAMhJSXNkcRpdMMg0Aw45oBndk=",
"409473a7-70ca-419d-bdd6-cfa14c4c9ebf","TREE_017.tickPlot.tck","D05","TREE","TREE_017","distributed","deciduousForest",45.493376,-89.575729,"WGS84",20.1,466.2,0.2,"2018-06-22T17:17Z","TREE.2018.25","TREE_017.20180622","A00000001153","flag",157,"Y",1,28,335,"No known compromise","NEON.DOC.014045vJ","2Li2TmTZ1dmTCu9unJAMhJSXNkcRpdMMg0Aw45oBndk=",
"2f39a5e5-1214-4380-bf6f-867ebf2d92ea","TREE_015.tickPlot.tck","D05","TREE","TREE_015","distributed","mixedForest",45.485626,-89.554320,"WGS84",20.3,462.1,0.6,"2018-06-22T20:09Z","TREE.2018.25","TREE_015.20180622","A00000001175","flag",160,"Y",3,6,16,"No known compromise","NEON.DOC.014045vJ","kQbLUH0KxIjHPVBCwBwO/Yp6WLfQ273hfuJp3b6XsqQ=",
"890da103-b2b2-4f4e-8f74-6bc60eeaefcb","TREE_005.tickPlot.tck","D05","TREE","TREE_005","distributed","woodyWetlands",45.482307,-89.557299,"WGS84",20.1,447.6,0.2,"2018-06-22T21:18Z","TREE.2018.25","TREE_005.20180622","A00000001159","flag",103,"Y",1,0,2,"No known compromise","NEON.DOC.014045vJ","kQbLUH0KxIjHPVBCwBwO/Yp6WLfQ273hfuJp3b6XsqQ=",
