uid,namedLocation,domainID,siteID,plotID,plotType,nlcdClass,decimalLatitude,decimalLongitude,geodeticDatum,coordinateUncertainty,elevation,elevationUncertainty,collectDate,eventID,sampleID,sampleCode,samplingMethod,totalSampledArea,targetTaxaPresent,adultCount,nymphCount,larvaCount,sampleCondition,samplingProtocolVersion,measuredBy,remarks
"659f649d-1551-4833-8185-19bd29697578","SRER_007.tickPlot.tck","D14","SRER","SRER_007","distributed","shrubScrub",31.898810,-110.874149,"WGS84",20.1,934.9,0.1,"2016-07-05T15:06Z","SRER.2016.27",,,"drag and flag",170,"N",0,0,0,"No known compromise","NEON.DOC.014045vG","6/MDNjBdx91fPJzKzkLVIEjCDrbXanj2LXB+Tl9Dya8=",
"070d9ed3-2f42-4c9f-964f-48d6770a349e","SRER_002.tickPlot.tck","D14","SRER","SRER_002","distributed","shrubScrub",31.871226,-110.855454,"WGS84",20.1,1032.1,0.1,"2016-07-05T16:38Z","SRER.2016.27",,,"drag and flag",169,"N",0,0,0,"No known compromise","NEON.DOC.014045vG","JQNbCmphkBC7cMsM/CUEZhabYz0czz6M",
"95ef68de-c0fa-43a4-bc7a-d6bd83d0126c","SRER_004.tickPlot.tck","D14","SRER","SRER_004","distributed","shrubScrub",31.908022,-110.816123,"WGS84",20.0,1039.1,0.0,"2016-07-05T18:36Z","SRER.2016.27",,,"drag and flag",169,"N",0,0,0,"No known compromise","NEON.DOC.014045vG","6/MDNjBdx91fPJzKzkLVIEjCDrbXanj2LXB+Tl9Dya8=",
"5678fbba-e329-4cd4-a27e-1bc9663ad25f","SRER_008.tickPlot.tck","D14","SRER","SRER_008","distributed","shrubScrub",31.868129,-110.813836,"WGS84",20.1,1172.7,0.1,"2016-07-05T20:35Z","SRER.2016.27",,,"drag and flag",167,"N",0,0,0,"No known compromise","NEON.DOC.014045vG","JQNbCmphkBC7cMsM/CUEZhabYz0czz6M",
"ae41aa36-ab22-4dee-8ea3-7a66d8bd6612","SRER_006.tickPlot.tck","D14","SRER","SRER_006","distributed","shrubScrub",31.797005,-110.910555,"WGS84",20.1,1046.3,0.1,"2016-07-05T21:40Z","SRER.2016.27",,,"drag and flag",167,"N",0,0,0,"No known compromise","NEON.DOC.014045vG","6/MDNjBdx91fPJzKzkLVIEjCDrbXanj2LXB+Tl9Dya8=",
"283e5a95-88d1-4675-ac00-6b40a725a7ee","SRER_003.tickPlot.tck","D14","SRER","SRER_003","distributed","shrubScrub",31.840004,-110.915794,"WGS84",20.1,977.6,0.1,"2016-07-05T22:47Z","SRER.2016.27",,,"drag and flag",164,"N",0,0,0,"No known compromise","NEON.DOC.014045vG","JQNbCmphkBC7cMsM/CUEZhabYz0czz6M",
