uid,namedLocation,domainID,siteID,plotID,plotType,nlcdClass,decimalLatitude,decimalLongitude,geodeticDatum,coordinateUncertainty,elevation,elevationUncertainty,collectDate,eventID,sampleID,sampleCode,samplingMethod,totalSampledArea,targetTaxaPresent,adultCount,nymphCount,larvaCount,sampleCondition,samplingProtocolVersion,measuredBy,remarks
"63cebf2c-a9ab-4436-bd36-15b1270a23e5","NOGP_005.tickPlot.tck","D09","NOGP","NOGP_005","distributed","grasslandHerbaceous",46.787576,-100.916830,"WGS84",20.0,564.6,0.0,"2017-04-19T16:40Z","NOGP.2017.16",,,"drag",160,"N",0,0,0,"No known compromise","NEON.DOC.014045vG","78OoQjBVd0oB5KziJD4ELOf8rXjNMV+Pg7W5D5oLtMc=",
"3feeb41f-387b-4427-8d05-a352881e5c08","NOGP_002.tickPlot.tck","D09","NOGP","NOGP_002","distributed","grasslandHerbaceous",46.797460,-100.910668,"WGS84",20.1,544.6,0.1,"2017-04-19T17:24Z","NOGP.2017.16",,,"drag",160,"N",0,0,0,"No known compromise","NEON.DOC.014045vG","78OoQjBVd0oB5KziJD4ELOf8rXjNMV+Pg7W5D5oLtMc=",
"8be46169-7052-41a0-b4c5-6e29c29249dd","NOGP_006.tickPlot.tck","D09","NOGP","NOGP_006","distributed","grasslandHerbaceous",46.768522,-100.918874,"WGS84",20.1,588.6,0.1,"2017-04-19T18:00Z","NOGP.2017.16",,,"drag",160,"N",0,0,0,"No known compromise","NEON.DOC.014045vG","78OoQjBVd0oB5KziJD4ELOf8rXjNMV+Pg7W5D5oLtMc=",
"0eaae484-1e2a-4e17-a67b-f396d16b93b2","NOGP_008.tickPlot.tck","D09","NOGP","NOGP_008","distributed","grasslandHerbaceous",46.783500,-100.905977,"WGS84",20.1,562.0,0.1,"2017-04-19T18:37Z","NOGP.2017.16",,,"drag",160,"N",0,0,0,"No known compromise","NEON.DOC.014045vG","MfODK+JJmcLqkB6yRFBuRyUZt7q1nY/W",
"0d677173-ea03-4f12-bb43-283fa716f0d3","NOGP_001.tickPlot.tck","D09","NOGP","NOGP_001","distributed","grasslandHerbaceous",46.804811,-100.916048,"WGS84",20.0,530.7,0.0,"2017-04-19T19:14Z","NOGP.2017.16",,,"drag",160,"N",0,0,0,"No known compromise","NEON.DOC.014045vG","MfODK+JJmcLqkB6yRFBuRyUZt7q1nY/W","End time estimated"
"23f31729-05c3-4e72-9798-ef0d911dd65f","NOGP_007.tickPlot.tck","D09","NOGP","NOGP_007","distributed","grasslandHerbaceous",46.813251,-100.903783,"WGS84",20.0,527.7,0.0,"2017-04-19T19:37Z","NOGP.2017.16",,,"drag",160,"N",0,0,0,"No known compromise","NEON.DOC.014045vG","Y5z6Fmrws3jA1BVsC0w+H9mBsn34g2gg",
