uid,namedLocation,date,domainID,siteID,plotID,plotType,nlcdClass,decimalLatitude,decimalLongitude,geodeticDatum,coordinateUncertainty,easting,northing,utmZone,elevation,elevationUncertainty,eventID,samplingProtocolVersion,treesPresent,treesAbsentList,shrubsPresent,shrubsAbsentList,lianasPresent,lianasAbsentList,nestedSubplotAreaShrubSapling,nestedSubplotAreaLiana,totalSampledAreaTrees,totalSampledAreaShrubSapling,totalSampledAreaLiana,remarks,measuredBy,recordedBy,dataQF
"c0c98dc3-629f-4fe6-903d-f34fd2d516fe","BART_012.basePlot.vst","2014-08-05","D01","BART","BART_012","distributed","deciduousForest",44.046089,-71.316317,"WGS84",20.3,314433.40,4879600.41,"19N",558.9,0.4,"vst_BART_2014","NEON.DOC.000987vD",,,,,,,"10","noneSelected",400,80,400,,"r9TmJceGQn9Mas2gKsHx4g==",,"legacyData"
"7192ffab-6318-47bd-a6b7-c9a80d7d8376","BART_012.basePlot.vst","2014-08-05","D01","BART","BART_012","distributed","deciduousForest",44.046089,-71.316317,"WGS84",20.3,314433.40,4879600.41,"19N",558.9,0.4,"vst_BART_2014","NEON.DOC.000987vD",,,,,,,"10","noneSelected",400,80,400,"QC: NO ERRORS","4lql1spsNJQU4WwqBAD1Kg==",,"legacyData"
"47a1433f-3312-42bf-a5b7-d04a6d2df50c","BART_001.basePlot.vst","2014-08-13","D01","BART","BART_001","distributed","mixedForest",44.047077,-71.306658,"WGS84",20.2,315210.30,4879688.44,"19N",468.8,0.3,"vst_BART_2014","NEON.DOC.000987vD",,,,,,,"noneSelected","noneSelected",400,400,400,"QC: NO ERRORS","BHAH1QQ9NalAcMsoHIVjdA==",,"legacyData"
"0aff5c4e-1c93-4fc1-a984-169cdb4353d4","BART_005.basePlot.vst","2014-08-27","D01","BART","BART_005","distributed","mixedForest",44.054620,-71.282199,"WGS84",20.2,317193.00,4880471.67,"19N",304.9,0.3,"vst_BART_2014","NEON.DOC.000987vD",,,,,,,"noneSelected","noneSelected",400,400,400,,"r9TmJceGQn9Mas2gKsHx4g==",,"legacyData"
