uid,namedLocation,domainID,siteID,plotID,plotType,nlcdClass,decimalLatitude,decimalLongitude,geodeticDatum,coordinateUncertainty,elevation,elevationUncertainty,collectDate,eventID,sampleID,sampleCode,samplingMethod,totalSampledArea,targetTaxaPresent,adultCount,nymphCount,larvaCount,sampleCondition,samplingProtocolVersion,measuredBy,remarks
"38b98f00-5f0c-4a3b-89a6-55d92bd113a2","DELA_001.tickPlot.tck","D08","DELA","DELA_001","distributed","woodyWetlands",32.533269,-87.805425,"WGS84",20.2,27.5,0.3,"2016-09-15T13:38Z","DELA.2016.37",,,"drag",120,"N",0,0,0,"No known compromise","NEON.DOC.014045vG","71MfCy+FRstpZer5T0iw8M+PBSzABHAbojUJO96sh64=",
"f2d04652-d30a-4ec6-8722-2257fa150825","DELA_008.tickPlot.tck","D08","DELA","DELA_008","distributed","woodyWetlands",32.538884,-87.814145,"WGS84",20.1,24.5,0.2,"2016-09-15T13:41Z","DELA.2016.37","DELA_008.20160915",,"drag and flag",155,"Y",0,2,0,"No known compromise","NEON.DOC.014045vG","qv2hryw2aAHcRZnU/CeJIVfNxxJegRBH",
"72457095-d9a3-4bb0-8bbe-9c7255c355ff","DELA_016.tickPlot.tck","D08","DELA","DELA_016","distributed","evergreenForest",32.536850,-87.806995,"WGS84",20.2,23.6,0.3,"2016-09-15T14:38Z","DELA.2016.37",,,"drag and flag",160,"N",0,0,0,"No known compromise","NEON.DOC.014045vG","LnIDmrEQmAUtwQFMbC1CIKUZraB/NwPgV6cB6TW941k=",
"bd7ad660-924e-458c-9463-5f368a8eea93","DELA_005.tickPlot.tck","D08","DELA","DELA_005","distributed","woodyWetlands",32.524379,-87.813851,"WGS84",20.1,27.0,0.3,"2016-09-15T14:52Z","DELA.2016.37","DELA_005.20160915",,"drag",170,"Y",0,2,0,"No known compromise","NEON.DOC.014045vG","qv2hryw2aAHcRZnU/CeJIVfNxxJegRBH",
"d0262547-8022-4b4d-bfd3-d7c70f30466d","DELA_007.tickPlot.tck","D08","DELA","DELA_007","distributed","woodyWetlands",32.538957,-87.799922,"WGS84",20.2,25.7,0.2,"2016-09-15T15:38Z","DELA.2016.37",,,"drag",160,"N",0,0,0,"No known compromise","NEON.DOC.014045vG","LnIDmrEQmAUtwQFMbC1CIKUZraB/NwPgV6cB6TW941k=",
"dd3db0fa-0baf-46cb-83f7-cf27a71bd60a","DELA_014.tickPlot.tck","D08","DELA","DELA_014","distributed","evergreenForest",32.530627,-87.819367,"WGS84",20.2,33.0,0.2,"2016-09-15T16:08Z","DELA.2016.37",,,"drag",160,"N",0,0,0,"No known compromise","NEON.DOC.014045vG","ADzqoWOfwevQ2rrllzoCJTnDjie0NTbT",
