uid,namedLocation,domainID,siteID,plotID,plotType,nlcdClass,decimalLatitude,decimalLongitude,geodeticDatum,coordinateUncertainty,elevation,elevationUncertainty,collectDate,eventID,sampleID,sampleCode,samplingMethod,totalSampledArea,targetTaxaPresent,adultCount,nymphCount,larvaCount,sampleCondition,samplingProtocolVersion,measuredBy,remarks
"ee975e4f-d13e-4800-aaae-6a94f39ebabd","JERC_010.tickPlot.tck","D03","JERC","JERC_010","distributed","deciduousForest",31.209219,-84.470530,"WGS84",20.2,40.5,0.5,"2016-11-01T15:10Z","JERC.2016.44",,,"drag and flag",160,"N",0,0,0,"No known compromise","NEON.DOC.014045vG","vlJc9UmbktF8NTcilA9tKrVjUrZIPTa3",
"ef698eb1-b553-4830-9328-8966dbfe11e9","JERC_044.tickPlot.tck","D03","JERC","JERC_044","distributed","mixedForest",31.195549,-84.482479,"WGS84",20.1,42.5,0.1,"2016-11-01T16:24Z","JERC.2016.44",,,"drag and flag",145,"N",0,0,0,"No known compromise","NEON.DOC.014045vG","q+sogNxuTpaaq3nt4H3feKdAxSnPr68l",
"5846995b-09e6-44d7-9b74-347badc51d93","JERC_004.tickPlot.tck","D03","JERC","JERC_004","distributed","cultivatedCrops",31.190115,-84.467381,"WGS84",20.1,43.6,0.2,"2016-11-01T17:24Z","JERC.2016.44",,,"drag",160,"N",0,0,0,"No known compromise","NEON.DOC.014045vG","a+fcOOAiz+7pYTGAZM5S9oWOFHn4va6d",
"d3dc3289-b6cd-48ad-b3b9-55349230abf0","JERC_002.tickPlot.tck","D03","JERC","JERC_002","distributed","evergreenForest",31.194065,-84.461537,"WGS84",20.3,56.0,0.5,"2016-11-01T18:04Z","JERC.2016.44",,,"drag and flag",158,"N",0,0,0,"No known compromise","NEON.DOC.014045vG","q+sogNxuTpaaq3nt4H3feKdAxSnPr68l",
"2124f722-4415-4752-b97b-84f6fe31302d","JERC_034.tickPlot.tck","D03","JERC","JERC_034","distributed","deciduousForest",31.198824,-84.491213,"WGS84",20.1,44.9,0.2,"2016-11-01T19:05Z","JERC.2016.44",,,"drag and flag",160,"N",0,0,0,"No known compromise","NEON.DOC.014045vG","a+fcOOAiz+7pYTGAZM5S9oWOFHn4va6d",
"c9c8d7f0-761e-4b17-9c0a-a36cb7bc2a10","JERC_011.tickPlot.tck","D03","JERC","JERC_011","distributed","evergreenForest",31.184787,-84.466700,"WGS84",20.1,40.0,0.1,"2016-11-01T20:00Z","JERC.2016.44",,,"drag and flag",157,"N",0,0,0,"No known compromise","NEON.DOC.014045vG","vlJc9UmbktF8NTcilA9tKrVjUrZIPTa3",
"c163d1de-fbba-480a-aa15-a99733fb4057","JERC_034.tickPlot.tck","D03","JERC","JERC_034","distributed","deciduousForest",31.198824,-84.491213,"WGS84",20.1,44.9,0.2,"2016-11-21T19:00Z","JERC.2016.47",,,"drag and flag",156,"N",0,0,0,"No known compromise","NEON.DOC.014045vG","cfnhyGSqXKc3516bF+Ud/jaLDXEcTOrF","Rubus in transect; sample distance cut short"
"1d4bf713-c31c-4d1d-ad24-d7a864085daf","JERC_044.tickPlot.tck","D03","JERC","JERC_044","distributed","mixedForest",31.195549,-84.482479,"WGS84",20.1,42.5,0.1,"2016-11-21T20:07Z","JERC.2016.47",,,"drag and flag",166,"N",0,0,0,"No known compromise","NEON.DOC.014045vG","dQ1vinbEFchEmTyUrQj1wJMzRbyIYmox",
"4bb25bdb-c95f-49b3-bd9e-da640a5966a9","JERC_010.tickPlot.tck","D03","JERC","JERC_010","distributed","deciduousForest",31.209219,-84.470530,"WGS84",20.2,40.5,0.5,"2016-11-21T20:39Z","JERC.2016.47",,,"drag",160,"N",0,0,0,"No known compromise","NEON.DOC.014045vG","cfnhyGSqXKc3516bF+Ud/jaLDXEcTOrF",
"73ce133c-43f2-4423-9a97-6b521ab55442","JERC_004.tickPlot.tck","D03","JERC","JERC_004","distributed","cultivatedCrops",31.190115,-84.467381,"WGS84",20.1,43.6,0.2,"2016-11-21T21:09Z","JERC.2016.47",,,"drag",160,"N",0,0,0,"No known compromise","NEON.DOC.014045vG","dQ1vinbEFchEmTyUrQj1wJMzRbyIYmox",
"f2c83165-6cee-4d52-9eaf-c1cac0ffd225","JERC_002.tickPlot.tck","D03","JERC","JERC_002","distributed","evergreenForest",31.194065,-84.461537,"WGS84",20.3,56.0,0.5,"2016-11-22T13:28Z","JERC.2016.47",,,"drag and flag",160,"N",0,0,0,"No known compromise","NEON.DOC.014045vG","cfnhyGSqXKc3516bF+Ud/jaLDXEcTOrF",
"4ff4b35d-a5b0-4343-ae0b-bca1568c43b5","JERC_011.tickPlot.tck","D03","JERC","JERC_011","distributed","evergreenForest",31.184787,-84.466700,"WGS84",20.1,40.0,0.1,"2016-11-22T14:03Z","JERC.2016.47",,,"drag and flag",170,"N",0,0,0,"No known compromise","NEON.DOC.014045vG","dQ1vinbEFchEmTyUrQj1wJMzRbyIYmox",
