uid,namedLocation,plotID,collectDate,identifiedDate,sampleID,subsampleID,scientificName,acceptedTaxonID,taxonRank,family,subfamily,tribe,subtribe,genus,subgenus,specificEpithet,infraspecificEpithet,identificationQualifier,identificationReferences,identificationProtocolVersion,scientificNameAuthorship,sexOrAge,individualCount,sampleCondition,archiveMedium,archiveFacilityID,deprecatedVialID,identifiedBy,laboratoryName,remarks
"5885601d-2ce4-4ef1-86da-fdbe15ea8316","ORNL_003.tickPlot.tck","ORNL_003","2017-09-07T07:15Z","2017-12-02T17:00Z","ORNL_003.20170907","ORNL_003.20170907.AMBAME.N","Amblyomma americanum","AMBAME","species","Ixodidae",,,,"Amblyomma",,"americanum",,,"Cooley, R. A. and G. M. Kohls. 1944. The genus Amblyomma (ixodidae) in the United States. The Journal of Parasitology, 30(2):77-111.","GSU_tickIdentification_SOP_2016-11-01.pdf","Linnaeus","Nymph",3,"OK","90% ethanol","USNMENT01358974","ORNL_003.20170907.AMBAME.N","Lorenza Beati","Georgia Southern University",
"4f551496-186a-404f-b3c2-887eb5a0602f","ORNL_003.tickPlot.tck","ORNL_003","2017-09-07T07:15Z","2017-11-03T16:00Z","ORNL_003.20170907","ORNL_003.20170907.IXOSP.L","Ixodidae sp.","IXOSP","family","Ixodidae",,,,,,"sp.",,,,"GSU_tickIdentification_SOP_2016-11-01.pdf",,"Larva",1,"OK","90% ethanol","USNMENT01358975","ORNL_003.20170907.L","Arianna Gibbs","Georgia Southern University",
"ee84d990-1ced-4b35-b1a8-b6c2fa5e2b56","ORNL_002.tickPlot.tck","ORNL_002","2017-09-07T17:12Z","2017-12-02T17:00Z","ORNL_002.20170907","ORNL_002.20170907.IXOSCA.N","Ixodes scapularis","IXOSCA","species","Ixodidae",,,,"Ixodes",,"scapularis",,,"Cooley, R. A. and G. M. Kohls. 1945. The genus Ixodes in North America. National Institute of Health Bulletin, 184.","GSU_tickIdentification_SOP_2016-11-01.pdf","Say","Nymph",1,"OK","90% ethanol","USNMENT01358977","ORNL_002.20170907.IXOSCA.N","Lorenza Beati","Georgia Southern University",
"66505f0f-875d-4d2d-94a5-cbd7fdde1d1a","ORNL_002.tickPlot.tck","ORNL_002","2017-09-07T17:12Z","2017-11-03T16:00Z","ORNL_002.20170907","ORNL_002.20170907.IXOSP.L","Ixodidae sp.","IXOSP","family","Ixodidae",,,,,,"sp.",,,,"GSU_tickIdentification_SOP_2016-11-01.pdf",,"Larva",1,"OK","90% ethanol","USNMENT01358979","ORNL_002.20170907.L","Arianna Gibbs","Georgia Southern University",
"19b94d93-bfdd-4ab8-ac18-311a443e4940","ORNL_002.tickPlot.tck","ORNL_002","2017-09-07T17:12Z","2017-12-02T17:00Z","ORNL_002.20170907","ORNL_002.20170907.AMBAME.N","Amblyomma americanum","AMBAME","species","Ixodidae",,,,"Amblyomma",,"americanum",,,"Cooley, R. A. and G. M. Kohls. 1944. The genus Amblyomma (ixodidae) in the United States. The Journal of Parasitology, 30(2):77-111.","GSU_tickIdentification_SOP_2016-11-01.pdf","Linnaeus","Nymph",3,"OK","90% ethanol","USNMENT01358978","ORNL_002.20170907.AMBAME.N","Lorenza Beati","Georgia Southern University",
"ad44761c-c624-4af0-9009-74c383a24170","ORNL_040.tickPlot.tck","ORNL_040","2017-09-07T17:18Z","2017-12-02T17:00Z","ORNL_040.20170907","ORNL_040.20170907.AMBAME.N","Amblyomma americanum","AMBAME","species","Ixodidae",,,,"Amblyomma",,"americanum",,,"Cooley, R. A. and G. M. Kohls. 1944. The genus Amblyomma (ixodidae) in the United States. The Journal of Parasitology, 30(2):77-111.","GSU_tickIdentification_SOP_2016-11-01.pdf","Linnaeus","Nymph",3,"OK","90% ethanol","USNMENT01358976","ORNL_040.20170907.AMBAME.N","Lorenza Beati","Georgia Southern University",
"c536b4cc-3f01-42e2-82a1-1893c9e62884","ORNL_008.tickPlot.tck","ORNL_008","2017-09-07T18:24Z","2017-11-03T16:00Z","ORNL_008.20170907","ORNL_008.20170907.IXOSP.L","Ixodidae sp.","IXOSP","family","Ixodidae",,,,,,"sp.",,,,"GSU_tickIdentification_SOP_2016-11-01.pdf",,"Larva",1,"OK","90% ethanol","USNMENT01358982","ORNL_008.20170907.L","Arianna Gibbs","Georgia Southern University",
"bdbd3877-1283-43ca-a67d-43e286462255","ORNL_009.tickPlot.tck","ORNL_009","2017-09-07T18:31Z","2017-11-03T16:00Z","ORNL_009.20170907","ORNL_009.20170907.IXOSP.L","Ixodidae sp.","IXOSP","family","Ixodidae",,,,,,"sp.",,,,"GSU_tickIdentification_SOP_2016-11-01.pdf",,"Larva",1,"OK","90% ethanol","USNMENT01358973","ORNL_009.20170907.L","Arianna Gibbs","Georgia Southern University","Over invoice limit, will not be billed."
"b1b97765-3b38-459a-a48c-1d9aa3cc2fc3","ORNL_009.tickPlot.tck","ORNL_009","2017-09-07T18:31Z","2017-12-02T17:00Z","ORNL_009.20170907","ORNL_009.20170907.AMBAME.N","Amblyomma americanum","AMBAME","species","Ixodidae",,,,"Amblyomma",,"americanum",,,"Cooley, R. A. and G. M. Kohls. 1944. The genus Amblyomma (ixodidae) in the United States. The Journal of Parasitology, 30(2):77-111.","GSU_tickIdentification_SOP_2016-11-01.pdf","Linnaeus","Nymph",2,"OK","90% ethanol","USNMENT01358972","ORNL_009.20170907.AMBAME.N","Lorenza Beati","Georgia Southern University",
"e0d26763-1a7f-4b90-a1fe-b0af81b4093e","ORNL_007.tickPlot.tck","ORNL_007","2017-09-07T19:20Z","2017-11-03T16:00Z","ORNL_007.20170907","ORNL_007.20170907.IXOSP.L","Ixodidae sp.","IXOSP","family","Ixodidae",,,,,,"sp.",,,,"GSU_tickIdentification_SOP_2016-11-01.pdf",,"Larva",1,"OK","90% ethanol","USNMENT01358981","ORNL_007.20170907.L","Arianna Gibbs","Georgia Southern University",
"4cf733e6-4d96-4b3b-8bb9-3a4ab2d9e4ff","ORNL_007.tickPlot.tck","ORNL_007","2017-09-07T19:20Z","2017-12-02T17:00Z","ORNL_007.20170907","ORNL_007.20170907.AMBAME.N","Amblyomma americanum","AMBAME","species","Ixodidae",,,,"Amblyomma",,"americanum",,,"Cooley, R. A. and G. M. Kohls. 1944. The genus Amblyomma (ixodidae) in the United States. The Journal of Parasitology, 30(2):77-111.","GSU_tickIdentification_SOP_2016-11-01.pdf","Linnaeus","Nymph",3,"OK","90% ethanol","USNMENT01358980","ORNL_007.20170907.AMBAME.N","Lorenza Beati","Georgia Southern University",
"a618e24c-3357-4e9a-b63e-a9985ad76ade","ORNL_002.tickPlot.tck","ORNL_002","2017-09-28T13:50Z","2017-11-01T16:00Z","ORNL_002.20170928","ORNL_002.20170928.IXOSP.L","Ixodidae sp.","IXOSP","family","Ixodidae",,,,,,"sp.",,,,"GSU_tickIdentification_SOP_2016-11-01.pdf",,"Larva",1,"OK","90% ethanol","USNMENT01358946","ORNL_002.20170928.L","Arianna Gibbs","Georgia Southern University",
"f5172402-b0b8-46b4-b36a-caff459440c8","ORNL_002.tickPlot.tck","ORNL_002","2017-09-28T13:50Z","2017-12-01T17:00Z","ORNL_002.20170928","ORNL_002.20170928.AMBAME.N","Amblyomma americanum","AMBAME","species","Ixodidae",,,,"Amblyomma",,"americanum",,,"Cooley, R. A. and G. M. Kohls. 1944. The genus Amblyomma (ixodidae) in the United States. The Journal of Parasitology, 30(2):77-111.","GSU_tickIdentification_SOP_2016-11-01.pdf","Linnaeus","Nymph",2,"OK","90% ethanol","USNMENT01358945","ORNL_002.20170928.AMBAME.N","Lorenza Beati","Georgia Southern University",
"b19d27b3-7b39-425a-a81d-69d31b002fc9","ORNL_040.tickPlot.tck","ORNL_040","2017-09-28T14:06Z","2017-12-01T17:00Z","ORNL_040.20170928","ORNL_040.20170928.AMBAME.N","Amblyomma americanum","AMBAME","species","Ixodidae",,,,"Amblyomma",,"americanum",,,"Cooley, R. A. and G. M. Kohls. 1944. The genus Amblyomma (ixodidae) in the United States. The Journal of Parasitology, 30(2):77-111.","GSU_tickIdentification_SOP_2016-11-01.pdf","Linnaeus","Nymph",3,"OK","90% ethanol","USNMENT01358944","ORNL_040.20170928.AMBAME.N","Lorenza Beati","Georgia Southern University",
"6af05b36-5e91-43d2-8657-16c6bd2b86d0","ORNL_008.tickPlot.tck","ORNL_008","2017-09-28T14:56Z","2017-11-01T16:00Z","ORNL_008.20170928","ORNL_008.20170928.IXOSP.L","Ixodidae sp.","IXOSP","family","Ixodidae",,,,,,"sp.",,,,"GSU_tickIdentification_SOP_2016-11-01.pdf",,"Larva",1,"OK","90% ethanol","USNMENT01358943","ORNL_008.20170928.L","Arianna Gibbs","Georgia Southern University","Over invoice limit, will not be billed."
"7816e8c7-8421-491a-9599-b0eea8ba4f04","ORNL_009.tickPlot.tck","ORNL_009","2017-09-28T15:00Z","2017-11-01T16:00Z","ORNL_009.20170928","ORNL_009.20170928.IXOSP.L","Ixodidae sp.","IXOSP","family","Ixodidae",,,,,,"sp.",,,,"GSU_tickIdentification_SOP_2016-11-01.pdf",,"Larva",1,"OK","90% ethanol","USNMENT01358950","ORNL_009.20170928.L","Arianna Gibbs","Georgia Southern University","Over invoice limit, will not be billed."
"72b7d0fc-c6d6-4fba-b537-772fbac891fc","ORNL_007.tickPlot.tck","ORNL_007","2017-09-28T15:38Z","2017-11-01T16:00Z","ORNL_007.20170928","ORNL_007.20170928.IXOSP.L","Ixodidae sp.","IXOSP","family","Ixodidae",,,,,,"sp.",,,,"GSU_tickIdentification_SOP_2016-11-01.pdf",,"Larva",1,"OK","90% ethanol","USNMENT01358947","ORNL_007.20170928.L","Arianna Gibbs","Georgia Southern University",
"3cb8ed95-1c50-4196-ba98-31718855380c","ORNL_003.tickPlot.tck","ORNL_003","2017-09-28T16:22Z","2017-11-01T16:00Z","ORNL_003.20170928","ORNL_003.20170928.IXOSP.L","Ixodidae sp.","IXOSP","family","Ixodidae",,,,,,"sp.",,,,"GSU_tickIdentification_SOP_2016-11-01.pdf",,"Larva",1,"OK","90% ethanol","USNMENT01358949","ORNL_003.20170928.L","Arianna Gibbs","Georgia Southern University",
"9f3785bf-4e05-40aa-b638-52127d5c1f9a","ORNL_003.tickPlot.tck","ORNL_003","2017-09-28T16:22Z","2017-12-01T17:00Z","ORNL_003.20170928","ORNL_003.20170928.AMBAME.N","Amblyomma americanum","AMBAME","species","Ixodidae",,,,"Amblyomma",,"americanum",,,"Cooley, R. A. and G. M. Kohls. 1944. The genus Amblyomma (ixodidae) in the United States. The Journal of Parasitology, 30(2):77-111.","GSU_tickIdentification_SOP_2016-11-01.pdf","Linnaeus","Nymph",3,"OK","90% ethanol","USNMENT01358948","ORNL_003.20170928.AMBAME.N","Lorenza Beati","Georgia Southern University",
