uid,namedLocation,domainID,siteID,plotID,plotType,nlcdClass,decimalLatitude,decimalLongitude,geodeticDatum,coordinateUncertainty,elevation,elevationUncertainty,collectDate,eventID,sampleID,sampleCode,samplingMethod,totalSampledArea,targetTaxaPresent,adultCount,nymphCount,larvaCount,sampleCondition,samplingProtocolVersion,measuredBy,remarks
"113bac54-c736-4ee2-b235-6a500cceb708","ORNL_003.tickPlot.tck","D07","ORNL","ORNL_003","distributed","deciduousForest",35.967011,-84.229849,"WGS84",20.2,275.5,0.2,"2017-09-07T07:15Z","ORNL.2017.37","ORNL_003.20170907",,"drag and flag",163,"Y",0,2,50,"No known compromise","NEON.DOC.014045vH","2EQFOoUV8jVjNE1BpwGY8Orlr2HW2VdBHIxr/sxWvp0=",
"32286f60-fac5-473a-a252-b40a6edf2805","ORNL_002.tickPlot.tck","D07","ORNL","ORNL_002","distributed","deciduousForest",35.983090,-84.211654,"WGS84",20.3,338.6,0.5,"2017-09-07T17:12Z","ORNL.2017.37","ORNL_002.20170907",,"drag",160,"Y",0,4,386,"No known compromise","NEON.DOC.014045vH","2EQFOoUV8jVjNE1BpwGY8Orlr2HW2VdBHIxr/sxWvp0=",
"ff751f45-e92e-47a3-bcf4-a4b82ffbd462","ORNL_040.tickPlot.tck","D07","ORNL","ORNL_040","distributed","evergreenForest",35.975525,-84.305103,"WGS84",20.2,273.2,0.2,"2017-09-07T17:18Z","ORNL.2017.37","ORNL_040.20170907",,"drag",160,"Y",0,3,0,"No known compromise","NEON.DOC.014045vH","r06MDBPxfayB7LqY7uL+NgRmLXQ/kzw+W2LWlW0d8tk=",
"6881894e-71d5-41b3-b26d-df009f0e7615","ORNL_008.tickPlot.tck","D07","ORNL","ORNL_008","distributed","deciduousForest",35.933531,-84.334016,"WGS84",20.3,322.7,0.3,"2017-09-07T18:24Z","ORNL.2017.37","ORNL_008.20170907",,"drag",160,"Y",0,0,392,"No known compromise","NEON.DOC.014045vH","B89Z/IeBZxWLIW3Z9xXJ10X7Hm8jgTUapi15Hp4Dy9Q=",
"d1b81e64-2522-439b-8eef-5c3cf88fde5f","ORNL_009.tickPlot.tck","D07","ORNL","ORNL_009","distributed","deciduousForest",35.974902,-84.226630,"WGS84",20.2,337.1,0.2,"2017-09-07T18:31Z","ORNL.2017.37","ORNL_009.20170907",,"drag and flag",161,"Y",0,2,176,"No known compromise","NEON.DOC.014045vH","2EQFOoUV8jVjNE1BpwGY8Orlr2HW2VdBHIxr/sxWvp0=",
"e3c2f154-cb57-4a99-83ef-e843c4b904bf","ORNL_007.tickPlot.tck","D07","ORNL","ORNL_007","distributed","deciduousForest",35.925843,-84.328420,"WGS84",20.2,279.4,0.5,"2017-09-07T19:20Z","ORNL.2017.37","ORNL_007.20170907",,"drag and flag",160,"Y",0,3,137,"No known compromise","NEON.DOC.014045vH","r06MDBPxfayB7LqY7uL+NgRmLXQ/kzw+W2LWlW0d8tk=",
"b87e909a-328e-48a0-a5ae-bd8e2b697cf8","ORNL_002.tickPlot.tck","D07","ORNL","ORNL_002","distributed","deciduousForest",35.983090,-84.211654,"WGS84",20.3,338.6,0.5,"2017-09-28T13:50Z","ORNL.2017.40","ORNL_002.20170928",,"drag and flag",160,"Y",0,2,108,"No known compromise","NEON.DOC.014045vH","BmUhXJih24blUY53upISnoNLs4g/+M7UdL+C2k0z8MI=",
"432d6ed3-038d-434f-a84a-e9ac4fc21bd2","ORNL_040.tickPlot.tck","D07","ORNL","ORNL_040","distributed","evergreenForest",35.975525,-84.305103,"WGS84",20.2,273.2,0.2,"2017-09-28T14:06Z","ORNL.2017.40","ORNL_040.20170928",,"drag",160,"Y",0,3,0,"No known compromise","NEON.DOC.014045vH","B89Z/IeBZxWLIW3Z9xXJ10X7Hm8jgTUapi15Hp4Dy9Q=",
"d8625fb3-ff39-4ab6-b8a1-b112067b8fee","ORNL_008.tickPlot.tck","D07","ORNL","ORNL_008","distributed","deciduousForest",35.933531,-84.334016,"WGS84",20.3,322.7,0.3,"2017-09-28T14:56Z","ORNL.2017.40","ORNL_008.20170928",,"drag",160,"Y",0,0,262,"No known compromise","NEON.DOC.014045vH","B89Z/IeBZxWLIW3Z9xXJ10X7Hm8jgTUapi15Hp4Dy9Q=",
"8637f50a-f95d-4f1b-acc5-3b388670c458","ORNL_009.tickPlot.tck","D07","ORNL","ORNL_009","distributed","deciduousForest",35.974902,-84.226630,"WGS84",20.2,337.1,0.2,"2017-09-28T15:00Z","ORNL.2017.40","ORNL_009.20170928",,"drag and flag",159,"Y",0,0,770,"No known compromise","NEON.DOC.014045vH","BmUhXJih24blUY53upISnoNLs4g/+M7UdL+C2k0z8MI=",
"24e86215-acf2-4490-a37e-1da8401a5277","ORNL_007.tickPlot.tck","D07","ORNL","ORNL_007","distributed","deciduousForest",35.925843,-84.328420,"WGS84",20.2,279.4,0.5,"2017-09-28T15:38Z","ORNL.2017.40","ORNL_007.20170928",,"drag",160,"Y",0,0,8,"No known compromise","NEON.DOC.014045vH","B89Z/IeBZxWLIW3Z9xXJ10X7Hm8jgTUapi15Hp4Dy9Q=",
"35c566e1-fa06-4e4f-aa59-eec33915cac6","ORNL_003.tickPlot.tck","D07","ORNL","ORNL_003","distributed","deciduousForest",35.967011,-84.229849,"WGS84",20.2,275.5,0.2,"2017-09-28T16:22Z","ORNL.2017.40","ORNL_003.20170928",,"drag and flag",159,"Y",0,3,78,"No known compromise","NEON.DOC.014045vH","BmUhXJih24blUY53upISnoNLs4g/+M7UdL+C2k0z8MI=",
