uid,namedLocation,plotID,collectDate,identifiedDate,sampleID,subsampleID,scientificName,acceptedTaxonID,taxonRank,family,subfamily,tribe,subtribe,genus,subgenus,specificEpithet,infraspecificEpithet,identificationQualifier,identificationReferences,identificationProtocolVersion,scientificNameAuthorship,sexOrAge,individualCount,sampleCondition,archiveMedium,archiveFacilityID,deprecatedVialID,identifiedBy,laboratoryName,remarks
"b325839f-aaa8-44f1-b14e-a00ba1dd390d","BLAN_002.tickPlot.tck","BLAN_002","2016-04-25T13:35Z","2017-05-17T16:00Z","BLAN_002.20160425","BLAN_002.20160425.AMBAME.N","Amblyomma americanum","AMBAME","species","Ixodidae",,,,"Amblyomma",,"americanum",,,"Cooley, R. A. and G. M. Kohls. 1944. The genus Amblyomma (ixodidae) in the United States. The Journal of Parasitology, 30(2):77-111.","GSU_tickIdentification_SOP_2016-11-01.pdf","Linnaeus","Nymph",1,"OK","RNA stabilization buffer","USNMENT00984125","BLAN_002.20160425.1.AMBAME.N","Lorenza Beati","Georgia Southern University",
"9d8df8b8-dcf9-4e33-aef8-69cc6e74724b","BLAN_012.tickPlot.tck","BLAN_012","2016-04-25T16:55Z","2017-05-17T16:00Z","BLAN_012.20160425","BLAN_012.20160425.IXOSCA.N","Ixodes scapularis","IXOSCA","species","Ixodidae",,,,"Ixodes",,"scapularis",,,"Cooley, R. A. and G. M. Kohls. 1945. The genus Ixodes in North America. National Institute of Health Bulletin, 184.","GSU_tickIdentification_SOP_2016-11-01.pdf","Say","Nymph",1,"OK","RNA stabilization buffer","USNMENT00984117","BLAN_012.20160425.1.IXOSCA.N","Lorenza Beati","Georgia Southern University",
"c0b70f84-dcdc-4b17-80cd-8c875bd2f950","BLAN_012.tickPlot.tck","BLAN_012","2016-04-25T16:55Z","2017-05-17T16:00Z","BLAN_012.20160425","BLAN_012.20160425.DERVAR.M","Dermacentor variabilis","DERVAR","species","Ixodidae",,,,"Dermacentor",,"variabilis",,,"Yunker, C. E., Keirans, J. E., Clifford, C. M., and E. R. Easton. 1986. Dermacentor ticks (Acari: Ixodoidea: Ixodidae) of the New World: a scanning electron microscope atlas. Proceedings of the Entomological Society of Washington, 88(4):609-627.","GSU_tickIdentification_SOP_2016-11-01.pdf","Say","Male",1,"OK","RNA stabilization buffer","USNMENT00984118","BLAN_012.20160425.1.DERVAR.M","Lorenza Beati","Georgia Southern University",
"2a27ff4b-22d0-4d88-ad47-aca92d8966b7","BLAN_005.tickPlot.tck","BLAN_005","2016-04-25T18:15Z","2017-05-17T16:00Z","BLAN_005.20160425","BLAN_005.20160425.AMBAME.N","Amblyomma americanum","AMBAME","species","Ixodidae",,,,"Amblyomma",,"americanum",,,"Cooley, R. A. and G. M. Kohls. 1944. The genus Amblyomma (ixodidae) in the United States. The Journal of Parasitology, 30(2):77-111.","GSU_tickIdentification_SOP_2016-11-01.pdf","Linnaeus","Nymph",1,"OK","RNA stabilization buffer","USNMENT00984126","BLAN_005.20160425.1.AMBAME.N","Lorenza Beati","Georgia Southern University",
