uid,namedLocation,domainID,siteID,plotID,plotType,nlcdClass,decimalLatitude,decimalLongitude,geodeticDatum,coordinateUncertainty,elevation,elevationUncertainty,collectDate,eventID,sampleID,sampleCode,samplingMethod,totalSampledArea,targetTaxaPresent,adultCount,nymphCount,larvaCount,sampleCondition,samplingProtocolVersion,measuredBy,remarks
"1995b8d3-b3b0-4a96-8c98-3fe957476477","BLAN_008.tickPlot.tck","D02","BLAN","BLAN_008","distributed","pastureHay",39.083870,-77.966320,"WGS84",20.4,159.6,0.5,"2016-04-04T05:08Z","BLAN.2016.14",,,"drag",160,"N",0,0,0,"No known compromise","NEON.DOC.014045vG","esNjjubcI51hdInmRHEEIrFR4+oIJtuN","Clay pigeons near post, SW needs replacement"
"b7f5169d-0183-4ecb-953b-8e8ad011fb3d","BLAN_002.tickPlot.tck","D02","BLAN","BLAN_002","distributed","pastureHay",39.091474,-77.982149,"WGS84",20.1,145.6,0.1,"2016-04-04T14:30Z","BLAN.2016.14",,,"drag",162,"N",0,0,0,"No known compromise","NEON.DOC.014045vG","esNjjubcI51hdInmRHEEIrFR4+oIJtuN",
"1a6e4a27-858b-40d4-adb7-7005eebc1b43","BLAN_005.tickPlot.tck","D02","BLAN","BLAN_005","distributed","deciduousForest",39.086223,-77.972729,"WGS84",20.2,169.1,0.3,"2016-04-04T15:24Z","BLAN.2016.14",,,"drag",166,"N",0,0,0,"No known compromise","NEON.DOC.014045vG","esNjjubcI51hdInmRHEEIrFR4+oIJtuN",
"43b0eb3a-9668-4478-bb66-26fcbefc5206","BLAN_004.tickPlot.tck","D02","BLAN","BLAN_004","distributed","pastureHay",39.088416,-77.961331,"WGS84",20.1,123.7,0.1,"2016-04-04T16:24Z","BLAN.2016.14",,,"drag",160,"N",0,0,0,"No known compromise","NEON.DOC.014045vG","esNjjubcI51hdInmRHEEIrFR4+oIJtuN",
"4b55a46b-549d-4751-ae7d-608308ea1dc1","BLAN_012.tickPlot.tck","D02","BLAN","BLAN_012","distributed","deciduousForest",39.082720,-77.959589,"WGS84",20.2,135.1,0.2,"2016-04-04T17:40Z","BLAN.2016.14",,,"drag",172,"N",0,0,0,"No known compromise","NEON.DOC.014045vG","esNjjubcI51hdInmRHEEIrFR4+oIJtuN",
"c52d6dda-905d-466f-9f1c-6e4bdea8cf4f","BLAN_015.tickPlot.tck","D02","BLAN","BLAN_015","distributed","deciduousForest",39.088728,-77.955494,"WGS84",20.2,125.9,0.2,"2016-04-06T15:10Z","BLAN.2016.14",,,"drag",166,"N",0,0,0,"No known compromise","NEON.DOC.014045vG","Z0zx9vuZ1Z+oMkbp/mYlhlQlWiPsh1e/",
"83a06667-52c5-42bc-a5f1-10683f192af3","BLAN_002.tickPlot.tck","D02","BLAN","BLAN_002","distributed","pastureHay",39.091474,-77.982149,"WGS84",20.1,145.6,0.1,"2016-04-25T13:35Z","BLAN.2016.17","BLAN_002.20160425",,"drag",162,"Y",0,1,0,"No known compromise","NEON.DOC.014045vG","ena7GLJui5s1h8moQAQPw3Qj2+mVdivS",
"ae3187f6-7c97-4a4b-acee-dbab7c3247dd","BLAN_008.tickPlot.tck","D02","BLAN","BLAN_008","distributed","pastureHay",39.083870,-77.966320,"WGS84",20.4,159.6,0.5,"2016-04-25T14:34Z","BLAN.2016.17",,,"drag",160,"N",0,0,0,"No known compromise","NEON.DOC.014045vG","ena7GLJui5s1h8moQAQPw3Qj2+mVdivS",
"95c75e65-a02c-49c8-bed0-742a223258f5","BLAN_004.tickPlot.tck","D02","BLAN","BLAN_004","distributed","pastureHay",39.088416,-77.961331,"WGS84",20.1,123.7,0.1,"2016-04-25T15:03Z","BLAN.2016.17",,,"drag",160,"N",0,0,0,"No known compromise","NEON.DOC.014045vG","ena7GLJui5s1h8moQAQPw3Qj2+mVdivS",
"b969c966-b500-4f52-8af1-bc37bf824258","BLAN_015.tickPlot.tck","D02","BLAN","BLAN_015","distributed","deciduousForest",39.088728,-77.955494,"WGS84",20.2,125.9,0.2,"2016-04-25T15:37Z","BLAN.2016.17",,,"drag",161,"N",0,0,0,"No known compromise","NEON.DOC.014045vG","ena7GLJui5s1h8moQAQPw3Qj2+mVdivS",
"9b75b6c5-ebe2-4492-8b26-1bb61237fa25","BLAN_012.tickPlot.tck","D02","BLAN","BLAN_012","distributed","deciduousForest",39.082720,-77.959589,"WGS84",20.2,135.1,0.2,"2016-04-25T16:55Z","BLAN.2016.17","BLAN_012.20160425",,"drag",167,"Y",1,1,0,"No known compromise","NEON.DOC.014045vG","ena7GLJui5s1h8moQAQPw3Qj2+mVdivS",
"4717a323-ad6c-40f9-aeb4-35a790eeb95b","BLAN_005.tickPlot.tck","D02","BLAN","BLAN_005","distributed","deciduousForest",39.086223,-77.972729,"WGS84",20.2,169.1,0.3,"2016-04-25T18:15Z","BLAN.2016.17","BLAN_005.20160425",,"drag",165,"Y",0,1,0,"No known compromise","NEON.DOC.014045vG","ena7GLJui5s1h8moQAQPw3Qj2+mVdivS",
