uid,namedLocation,domainID,siteID,plotID,plotType,nlcdClass,decimalLatitude,decimalLongitude,geodeticDatum,coordinateUncertainty,elevation,elevationUncertainty,collectDate,eventID,sampleID,sampleCode,samplingMethod,totalSampledArea,targetTaxaPresent,adultCount,nymphCount,larvaCount,sampleCondition,samplingProtocolVersion,measuredBy,remarks
"f39066fe-55a5-4751-a80d-e44845e3fada","BLAN_002.tickPlot.tck","D02","BLAN","BLAN_002","distributed","pastureHay",39.091474,-77.982149,"WGS84",20.1,145.6,0.1,"2018-05-14T15:12Z","BLAN.2018.20",,,"drag",160,"N",0,0,0,,"NEON.DOC.014045vJ","ciinOn2RW7IuiYFzws3I7RiE3SCYtfO0vt+xtLe1Bko=",
"3eaf62d0-3b3f-4ae6-9c81-75707bf33515","BLAN_008.tickPlot.tck","D02","BLAN","BLAN_008","distributed","pastureHay",39.083870,-77.966320,"WGS84",20.4,159.6,0.5,"2018-05-14T16:12Z","BLAN.2018.20",,,"drag",160,"N",0,0,0,,"NEON.DOC.014045vJ","M7EpIfYzzITs8Y5PIRNBZjG1wPJDljoZp5tr4GwKmKc=",
"5df79dda-8844-4c97-9a57-118157cf1903","BLAN_012.tickPlot.tck","D02","BLAN","BLAN_012","distributed","deciduousForest",39.082720,-77.959589,"WGS84",20.2,135.1,0.2,"2018-05-14T16:47Z","BLAN.2018.20",,,"drag and flag",163,"N",0,0,0,,"NEON.DOC.014045vJ","M7EpIfYzzITs8Y5PIRNBZjG1wPJDljoZp5tr4GwKmKc=",
"cbc62f0d-6ccf-447e-b147-39e4ad3143cd","BLAN_004.tickPlot.tck","D02","BLAN","BLAN_004","distributed","pastureHay",39.088416,-77.961331,"WGS84",20.1,123.7,0.1,"2018-05-14T17:34Z","BLAN.2018.20",,,"drag",160,"N",0,0,0,,"NEON.DOC.014045vJ","M7EpIfYzzITs8Y5PIRNBZjG1wPJDljoZp5tr4GwKmKc=",
"c178e436-39ed-4600-812f-1f27bc4df5f9","BLAN_015.tickPlot.tck","D02","BLAN","BLAN_015","distributed","deciduousForest",39.088728,-77.955494,"WGS84",20.2,125.9,0.2,"2018-05-14T18:05Z","BLAN.2018.20",,,"drag",110,"N",0,0,0,,"NEON.DOC.014045vJ","ciinOn2RW7IuiYFzws3I7RiE3SCYtfO0vt+xtLe1Bko=",
"4ac76d78-9725-40bb-a59d-c8831d7017fd","BLAN_005.tickPlot.tck","D02","BLAN","BLAN_005","distributed","deciduousForest",39.086223,-77.972729,"WGS84",20.2,169.1,0.3,"2018-05-14T18:53Z","BLAN.2018.20","BLAN_005.20180514","A00000003277","drag",160,"Y",0,7,0,"No known compromise","NEON.DOC.014045vJ","M7EpIfYzzITs8Y5PIRNBZjG1wPJDljoZp5tr4GwKmKc=",
