uid,namedLocation,domainID,siteID,plotID,plotType,nlcdClass,decimalLatitude,decimalLongitude,geodeticDatum,coordinateUncertainty,elevation,elevationUncertainty,collectDate,eventID,sampleID,sampleCode,samplingMethod,totalSampledArea,targetTaxaPresent,adultCount,nymphCount,larvaCount,sampleCondition,samplingProtocolVersion,measuredBy,remarks
"16c67fe3-d683-494c-bad2-fecd4d5d991c","HARV_022.tickPlot.tck","D01","HARV","HARV_022","distributed","evergreenForest",42.435462,-72.199291,"WGS84",20.3,186.3,0.3,"2018-06-06T13:11Z","HARV.2018.23","HARV_022.20180606","D00000006870","drag and flag",165,"Y",3,9,34,"No known compromise","NEON.DOC.014045vJ","wmmfBNHVICRk+vu5Kic/H9F6Ms5NPrTF+cFo4m84lg0=",
"ee4bbf97-518b-41ae-90eb-3433bc35082a","HARV_006.tickPlot.tck","D01","HARV","HARV_006","distributed","deciduousForest",42.401938,-72.252716,"WGS84",20.2,190.4,0.3,"2018-06-06T15:15Z","HARV.2018.23","HARV_006.20180606","D00000006858","drag and flag",170,"Y",3,2,3,"No known compromise","NEON.DOC.014045vJ","kTEpSRbe1TOTj0psovHkfbrdgsBZd6I/BFigIgOa6Fk=",
"0a9cffad-25ca-4d60-9447-73f27941f719","HARV_026.tickPlot.tck","D01","HARV","HARV_026","distributed","evergreenForest",42.412068,-72.246529,"WGS84",20.2,185.7,0.3,"2018-06-06T16:26Z","HARV.2018.23","HARV_026.20180606","D00000006869","drag and flag",170,"Y",0,1,20,"No known compromise","NEON.DOC.014045vJ","kTEpSRbe1TOTj0psovHkfbrdgsBZd6I/BFigIgOa6Fk=",
"94a5a763-4438-4560-9478-a9dc0696bac8","HARV_001.tickPlot.tck","D01","HARV","HARV_001","distributed","deciduousForest",42.424227,-72.260097,"WGS84",20.2,201.1,0.3,"2018-06-06T17:48Z","HARV.2018.23","HARV_001.20180606","D00000006868","drag and flag",165,"Y",3,1,1,"No known compromise","NEON.DOC.014045vJ","kTEpSRbe1TOTj0psovHkfbrdgsBZd6I/BFigIgOa6Fk=",
"01056a4c-dc91-4e79-b371-f41f4de9586b","HARV_004.tickPlot.tck","D01","HARV","HARV_004","distributed","mixedForest",42.426878,-72.227943,"WGS84",20.3,185.9,0.3,"2018-06-06T19:06Z","HARV.2018.23","HARV_004.20180606","D00000006867","drag and flag",164,"Y",2,0,0,"No known compromise","NEON.DOC.014045vJ","wmmfBNHVICRk+vu5Kic/H9F6Ms5NPrTF+cFo4m84lg0=",
"43f0741f-6964-410f-9306-cb9dbfc3366b","HARV_002.tickPlot.tck","D01","HARV","HARV_002","distributed","deciduousForest",42.477246,-72.259443,"WGS84",20.2,183.2,0.3,"2018-06-07T13:54Z","HARV.2018.23","HARV_002.20180607","D00000006856","drag and flag",160,"Y",8,0,0,"No known compromise","NEON.DOC.014045vJ","i645/depOZPdWFnqctuXyl+W6KvXxKYQTAsrRF8Rfso=",
"ed506763-3e78-46d4-b4ce-115ec658169f","HARV_001.tickPlot.tck","D01","HARV","HARV_001","distributed","deciduousForest",42.424227,-72.260097,"WGS84",20.2,201.1,0.3,"2018-06-25T15:31Z","HARV.2018.26","HARV_001.20180625","D00000006851","drag and flag",160,"Y",0,1,0,"No known compromise","NEON.DOC.014045vJ","Of2DEjUKv6sdi3UIa48w5IijLRJmWKKvKox8AGrnqQo=",
"f6e522c8-6d58-4a18-b016-788356459f81","HARV_006.tickPlot.tck","D01","HARV","HARV_006","distributed","deciduousForest",42.401938,-72.252716,"WGS84",20.2,190.4,0.3,"2018-06-25T16:57Z","HARV.2018.26","HARV_006.20180625","D00000006852","drag and flag",160,"Y",0,1,0,"No known compromise","NEON.DOC.014045vJ","Of2DEjUKv6sdi3UIa48w5IijLRJmWKKvKox8AGrnqQo=",
"3c3dd0da-2306-4322-9b70-ac2f20c9fc98","HARV_022.tickPlot.tck","D01","HARV","HARV_022","distributed","evergreenForest",42.435462,-72.199291,"WGS84",20.3,186.3,0.3,"2018-06-25T18:08Z","HARV.2018.26","HARV_022.20180625","B00000006854","drag and flag",160,"Y",0,9,4,"No known compromise","NEON.DOC.014045vJ","9rtYv6x/bdfO4wEJK3R6BxlDDClSKivng1Q1vdwmSg4=",
"c0ca9055-9c51-44d1-885c-7eb986b5e902","HARV_002.tickPlot.tck","D01","HARV","HARV_002","distributed","deciduousForest",42.477246,-72.259443,"WGS84",20.2,183.2,0.3,"2018-06-26T14:03Z","HARV.2018.26","HARV_002.20180626","D00000006838","drag and flag",160,"Y",3,3,7,"No known compromise","NEON.DOC.014045vJ","Of2DEjUKv6sdi3UIa48w5IijLRJmWKKvKox8AGrnqQo=",
"21067fe0-8be4-4f3c-a5e2-54e84b520bd6","HARV_004.tickPlot.tck","D01","HARV","HARV_004","distributed","mixedForest",42.426878,-72.227943,"WGS84",20.3,185.9,0.3,"2018-06-26T15:17Z","HARV.2018.26","HARV_004.20180626","D00000006857","drag and flag",159,"Y",1,1,0,"No known compromise","NEON.DOC.014045vJ","9rtYv6x/bdfO4wEJK3R6BxlDDClSKivng1Q1vdwmSg4=",
"7cbcb397-8cb5-49e8-8f57-9a1f55282863","HARV_026.tickPlot.tck","D01","HARV","HARV_026","distributed","evergreenForest",42.412068,-72.246529,"WGS84",20.2,185.7,0.3,"2018-06-27T19:23Z","HARV.2018.26","HARV_026.20180627","D00000007211","drag and flag",160,"Y",4,2,0,"No known compromise","NEON.DOC.014045vJ","9rtYv6x/bdfO4wEJK3R6BxlDDClSKivng1Q1vdwmSg4=",
