uid,namedLocation,domainID,siteID,plotID,plotType,nlcdClass,decimalLatitude,decimalLongitude,geodeticDatum,coordinateUncertainty,elevation,elevationUncertainty,collectDate,eventID,sampleID,sampleCode,samplingMethod,totalSampledArea,targetTaxaPresent,adultCount,nymphCount,larvaCount,sampleCondition,samplingProtocolVersion,measuredBy,remarks
"f941ecf4-13c3-4c2d-8dab-c06edd9d974a","STEI_002.tickPlot.tck","D05","STEI","STEI_002","distributed","deciduousForest",45.796166,-90.091452,"WGS84",20.2,520.3,0.4,"2017-09-01T17:32Z","STEI.2017.36",,,"drag",160,"N",0,0,0,,"NEON.DOC.014045vH","WXmC7HijdM2NsP75v+4sQyVqwIMmMBb8",
"07fba79f-3e7d-4190-ae0d-fa7d0d0c2c2d","STEI_001.tickPlot.tck","D05","STEI","STEI_001","distributed","deciduousForest",45.812978,-90.091123,"WGS84",20.3,509.3,0.4,"2017-09-01T18:13Z","STEI.2017.36",,,"drag and flag",160,"N",0,0,0,,"NEON.DOC.014045vH","WXmC7HijdM2NsP75v+4sQyVqwIMmMBb8",
"e0357432-a4a3-4ff0-b839-4e224b2b0ae9","STEI_003.tickPlot.tck","D05","STEI","STEI_003","distributed","deciduousForest",45.824086,-90.071058,"WGS84",20.3,510.1,0.5,"2017-09-01T19:20Z","STEI.2017.36",,,"drag and flag",160,"N",0,0,0,,"NEON.DOC.014045vH","WXmC7HijdM2NsP75v+4sQyVqwIMmMBb8",
"219f432a-690c-496f-8604-abe06a0722c0","STEI_029.tickPlot.tck","D05","STEI","STEI_029","distributed","mixedForest",45.832878,-90.075489,"WGS84",20.1,492.2,0.2,"2017-09-01T20:04Z","STEI.2017.36",,,"flag",161,"N",0,0,0,,"NEON.DOC.014045vH","WXmC7HijdM2NsP75v+4sQyVqwIMmMBb8",
"1ac0ed34-6d76-49a2-b22f-ee393e26f156","STEI_005.tickPlot.tck","D05","STEI","STEI_005","distributed","deciduousForest",45.825112,-90.085882,"WGS84",20.3,509.9,0.5,"2017-09-01T20:55Z","STEI.2017.36",,,"flag",160,"N",0,0,0,,"NEON.DOC.014045vH","WXmC7HijdM2NsP75v+4sQyVqwIMmMBb8",
