uid,namedLocation,domainID,siteID,plotID,plotType,nlcdClass,decimalLatitude,decimalLongitude,geodeticDatum,coordinateUncertainty,elevation,elevationUncertainty,collectDate,eventID,sampleID,sampleCode,samplingMethod,totalSampledArea,targetTaxaPresent,adultCount,nymphCount,larvaCount,sampleCondition,samplingProtocolVersion,measuredBy,remarks
"1295a970-0f84-45d5-95c0-26ec1fd98285","JERC_034.tickPlot.tck","D03","JERC","JERC_034","distributed","deciduousForest",31.198824,-84.491213,"WGS84",20.1,44.9,0.2,"2017-08-28T14:22Z","JERC.2017.36",,,"drag and flag",170,"N",0,0,0,,"NEON.DOC.014045vH","PeMFT7qqOQEd16b16hQ1mHIk6ClEPN9Prl+j30tuZrY=",
"f93f5d25-81f7-4c85-b1a0-85d9d8dd210f","JERC_044.tickPlot.tck","D03","JERC","JERC_044","distributed","mixedForest",31.195549,-84.482479,"WGS84",20.1,42.5,0.1,"2017-08-28T14:53Z","JERC.2017.36",,,"drag and flag",160,"N",0,0,0,,"NEON.DOC.014045vH","K9OTaQ0zZCLKuSI2a22zmxo5JPNK03YOJDKl7AdSUww=",
"5ad94c95-9ecc-4105-8f56-647de23848b4","JERC_010.tickPlot.tck","D03","JERC","JERC_010","distributed","deciduousForest",31.209219,-84.470530,"WGS84",20.2,40.5,0.5,"2017-08-28T15:10Z","JERC.2017.36",,,"drag and flag",160,"N",0,0,0,,"NEON.DOC.014045vH","PeMFT7qqOQEd16b16hQ1mHIk6ClEPN9Prl+j30tuZrY=",
"be945bfb-c36d-4310-b6cf-a30f153f75dc","JERC_011.tickPlot.tck","D03","JERC","JERC_011","distributed","evergreenForest",31.184787,-84.466700,"WGS84",20.1,40.0,0.1,"2017-08-28T16:07Z","JERC.2017.36",,,"drag and flag",165,"N",0,0,0,,"NEON.DOC.014045vH","K9OTaQ0zZCLKuSI2a22zmxo5JPNK03YOJDKl7AdSUww=",
"9d4c124f-798a-4f1a-9725-fae6f3b98f64","JERC_004.tickPlot.tck","D03","JERC","JERC_004","distributed","cultivatedCrops",31.190115,-84.467381,"WGS84",20.1,43.6,0.2,"2017-08-28T16:24Z","JERC.2017.36",,,"drag and flag",162,"N",0,0,0,,"NEON.DOC.014045vH","K9OTaQ0zZCLKuSI2a22zmxo5JPNK03YOJDKl7AdSUww=",
"d3543277-f57a-4328-8c2f-39e6e6896ba2","JERC_002.tickPlot.tck","D03","JERC","JERC_002","distributed","evergreenForest",31.194065,-84.461537,"WGS84",20.3,56.0,0.5,"2017-08-28T22:38Z","JERC.2017.36",,,"drag and flag",160,"N",0,0,0,,"NEON.DOC.014045vH","K9OTaQ0zZCLKuSI2a22zmxo5JPNK03YOJDKl7AdSUww=",
