uid,namedLocation,domainID,siteID,plotID,plotType,nlcdClass,decimalLatitude,decimalLongitude,geodeticDatum,coordinateUncertainty,elevation,elevationUncertainty,collectDate,eventID,sampleID,sampleCode,samplingMethod,totalSampledArea,targetTaxaPresent,adultCount,nymphCount,larvaCount,sampleCondition,samplingProtocolVersion,measuredBy,remarks
"1e490bd8-5403-4a4d-91a1-2b02475a830b","TALL_001.tickPlot.tck","D08","TALL","TALL_001","distributed","deciduousForest",32.976370,-87.432184,"WGS84",20.2,114.6,0.1,"2016-08-22T12:29Z","TALL.2016.34",,,"drag",160,"N",0,0,0,"No known compromise","NEON.DOC.014045vG","ivIRHNyZLcsR/EGAdnc8sn41967l5+h5",
"2ac0f675-2018-4710-bdd6-b50b8e513cf6","TALL_003.tickPlot.tck","D08","TALL","TALL_003","distributed","mixedForest",32.894415,-87.416532,"WGS84",20.2,121.9,0.2,"2016-08-22T14:09Z","TALL.2016.34",,,"drag",160,"N",0,0,0,"No known compromise","NEON.DOC.014045vG","Bw3luEmt/EBXrQHhVu/bZXxTa02TtXvY",
"8c46c548-8a2b-418f-990b-b505c409abaf","TALL_016.tickPlot.tck","D08","TALL","TALL_016","distributed","evergreenForest",32.971553,-87.415845,"WGS84",20.1,138.9,0.1,"2016-08-22T14:30Z","TALL.2016.34",,,"drag and flag",160,"N",0,0,0,"No known compromise","NEON.DOC.014045vG","ivIRHNyZLcsR/EGAdnc8sn41967l5+h5",
"60edd033-c31e-4d04-a398-33d4a56938f7","TALL_008.tickPlot.tck","D08","TALL","TALL_008","distributed","deciduousForest",32.922874,-87.434097,"WGS84",20.2,127.5,0.2,"2016-08-22T15:25Z","TALL.2016.34","TALL_008.20160822",,"drag",160,"Y",0,14,0,"No known compromise","NEON.DOC.014045vG","Bw3luEmt/EBXrQHhVu/bZXxTa02TtXvY",
"1baa12f4-f660-4736-b687-69f42182b5cb","TALL_006.tickPlot.tck","D08","TALL","TALL_006","distributed","evergreenForest",32.899144,-87.444571,"WGS84",20.3,108.6,0.3,"2016-08-22T16:15Z","TALL.2016.34","TALL_006.20160822",,"drag and flag",165,"Y",1,7,0,"No known compromise","NEON.DOC.014045vG","Z8ZjOdYSUdFcy3JLIHElhGfjZRi6soXiWPP5GbsCcNo=",
"36a8d36c-ab2c-4e9e-939b-4c19ceea9138","TALL_002.tickPlot.tck","D08","TALL","TALL_002","distributed","mixedForest",32.920823,-87.428955,"WGS84",20.3,104.0,0.4,"2016-08-22T16:48Z","TALL.2016.34","TALL_002.20160822",,"drag",140,"Y",0,5,12,"No known compromise","NEON.DOC.014045vG","Bw3luEmt/EBXrQHhVu/bZXxTa02TtXvY","Started raining before we could finish"
