uid,namedLocation,plotID,collectDate,identifiedDate,sampleID,subsampleID,scientificName,acceptedTaxonID,taxonRank,family,subfamily,tribe,subtribe,genus,subgenus,specificEpithet,infraspecificEpithet,identificationQualifier,identificationReferences,identificationProtocolVersion,scientificNameAuthorship,sexOrAge,individualCount,sampleCondition,archiveMedium,archiveFacilityID,deprecatedVialID,identifiedBy,laboratoryName,remarks
"c199f488-3cab-4796-8eb9-f7031074024f","TALL_008.tickPlot.tck","TALL_008","2016-08-22T15:25Z","2017-06-06T16:00Z","TALL_008.20160822","TALL_008.20160822.AMBAME.N","Amblyomma americanum","AMBAME","species","Ixodidae",,,,"Amblyomma",,"americanum",,,"Cooley, R. A. and G. M. Kohls. 1944. The genus Amblyomma (ixodidae) in the United States. The Journal of Parasitology, 30(2):77-111.","GSU_tickIdentification_SOP_2016-11-01.pdf","Linnaeus","Nymph",15,"OK","RNA stabilization buffer","USNMENT00984364","TALL_008.20160822.01.AMBAME.N","Lorenza Beati","Georgia Southern University",
"a43180bf-03af-4a2c-9864-1f8ad06232fd","TALL_006.tickPlot.tck","TALL_006","2016-08-22T16:15Z","2017-06-06T16:00Z","TALL_006.20160822","TALL_006.20160822.AMBAME.N","Amblyomma americanum","AMBAME","species","Ixodidae",,,,"Amblyomma",,"americanum",,,"Cooley, R. A. and G. M. Kohls. 1944. The genus Amblyomma (ixodidae) in the United States. The Journal of Parasitology, 30(2):77-111.","GSU_tickIdentification_SOP_2016-11-01.pdf","Linnaeus","Nymph",7,"OK","RNA stabilization buffer","USNMENT00984366","TALL_006.20160822.01.AMBAME.N","Lorenza Beati","Georgia Southern University",
"35608093-df80-438d-9810-790e3a6aac44","TALL_006.tickPlot.tck","TALL_006","2016-08-22T16:15Z","2017-06-06T16:00Z","TALL_006.20160822","TALL_006.20160822.AMBAME.M","Amblyomma americanum","AMBAME","species","Ixodidae",,,,"Amblyomma",,"americanum",,,"Cooley, R. A. and G. M. Kohls. 1944. The genus Amblyomma (ixodidae) in the United States. The Journal of Parasitology, 30(2):77-111.","GSU_tickIdentification_SOP_2016-11-01.pdf","Linnaeus","Male",1,"OK","RNA stabilization buffer","USNMENT00984365","TALL_006.20160822.01.AMBAME.M","Lorenza Beati","Georgia Southern University",
"25b3439a-8357-4027-bc3c-1047512e9dff","TALL_002.tickPlot.tck","TALL_002","2016-08-22T16:48Z","2017-06-05T16:00Z","TALL_002.20160822","TALL_002.20160822.AMBAME.N","Amblyomma americanum","AMBAME","species","Ixodidae",,,,"Amblyomma",,"americanum",,,"Cooley, R. A. and G. M. Kohls. 1944. The genus Amblyomma (ixodidae) in the United States. The Journal of Parasitology, 30(2):77-111.","GSU_tickIdentification_SOP_2016-11-01.pdf","Linnaeus","Nymph",5,"OK","RNA stabilization buffer","USNMENT00984367","TALL_002.20160822.01.AMBAME.N","Lorenza Beati","Georgia Southern University",
"d17eb487-b9ae-43b9-bd77-8cdc30dfa8f0","TALL_002.tickPlot.tck","TALL_002","2016-08-22T16:48Z","2017-04-19T16:00Z","TALL_002.20160822","TALL_002.20160822.IXOSP.L","Ixodidae sp.","IXOSP","family","Ixodidae",,,,,,"sp.",,,,"GSU_tickIdentification_SOP_2016-11-01.pdf",,"Larva",1,"OK","RNA stabilization buffer","USNMENT00984368","TALL_002.20160822.01.L","Arianna Gibbs","Georgia Southern University",
