uid,namedLocation,date,domainID,siteID,plotID,plotType,nlcdClass,decimalLatitude,decimalLongitude,geodeticDatum,coordinateUncertainty,easting,northing,utmZone,elevation,elevationUncertainty,eventID,samplingProtocolVersion,treesPresent,treesAbsentList,shrubsPresent,shrubsAbsentList,lianasPresent,lianasAbsentList,nestedSubplotAreaShrubSapling,nestedSubplotAreaLiana,totalSampledAreaTrees,totalSampledAreaShrubSapling,totalSampledAreaLiana,remarks,measuredBy,recordedBy,dataQF
"38eb4d48-fe17-4f9d-bdc3-fe53454017b4","RMNP_043.basePlot.vst","2017-09-26","D10","RMNP","RMNP_043","tower","evergreenForest",40.276827,-105.545384,"WGS84",20.1,453634.61,4458625.71,"13N",2740.4,0.1,"vst_RMNP_2017","NEON.DOC.000987vG","Y",,"Y",,"N",,"noneSelected","noneSelected",800,800,800,,"AQUJlCeoJAbJqq6CUTKAJmaE6a374PfEpRUQjFatmrA=","rqshhe/SUgyPwdITr9NIwpYRUtT2h3qGluL++bNJ7qY=",
"803aaf67-84fb-4827-ab59-0050e0b4406f","RMNP_043.basePlot.vst","2017-09-26","D10","RMNP","RMNP_043","tower","evergreenForest",40.276827,-105.545384,"WGS84",20.1,453634.61,4458625.71,"13N",2740.4,0.1,"vst_RMNP_2017","NEON.DOC.000987vG","Y",,"Y",,"N",,"noneSelected","noneSelected",800,800,800,,"Xlq171H9ZZbsZilyMy0m6M6FP0arYawWChcBok1JiV8=","3uEnvnvqYXbO9JBJS6RXERXAwcfMg4u8JGudOnO+j4Y=",
"0c160462-abf0-4c47-a114-de098fd8637b","RMNP_042.basePlot.vst","2017-09-27","D10","RMNP","RMNP_042","tower","evergreenForest",40.276375,-105.546345,"WGS84",20.1,453552.60,4458576.04,"13N",2747.6,0.2,"vst_RMNP_2017","NEON.DOC.000987vG",,,,,,,"noneSelected","noneSelected",800,800,800,,"om/8VwYPvXpscp/aa6cESufiFOo8HGVf0ytawe5BDhM=","fWHghMULgzydjDlBKdRJnn+LrnIOOPluX0H9MFosrfc=",
"3f734192-3387-420e-96ec-32e54a7103ff","RMNP_041.basePlot.vst","2017-09-27","D10","RMNP","RMNP_041","tower","evergreenForest",40.275899,-105.546756,"WGS84",20.2,453517.33,4458523.42,"13N",2749.4,0.3,"vst_RMNP_2017","NEON.DOC.000987vG","Y",,"Y",,"N",,"noneSelected","noneSelected",800,800,800,,"Xlq171H9ZZbsZilyMy0m6M6FP0arYawWChcBok1JiV8=","3uEnvnvqYXbO9JBJS6RXERXAwcfMg4u8JGudOnO+j4Y=",
"b6fe6065-2be7-42ff-8e6d-654ff428025d","RMNP_048.basePlot.vst","2017-09-28","D10","RMNP","RMNP_048","tower","evergreenForest",40.278475,-105.545649,"WGS84",20.1,453613.20,4458808.77,"13N",2745.2,0.1,"vst_RMNP_2017","NEON.DOC.000987vG","Y",,"Y",,"N",,"noneSelected","noneSelected",800,800,800,,"rqshhe/SUgyPwdITr9NIwpYRUtT2h3qGluL++bNJ7qY=","fWHghMULgzydjDlBKdRJnn+LrnIOOPluX0H9MFosrfc=",
