uid,namedLocation,date,domainID,siteID,plotID,plotType,nlcdClass,decimalLatitude,decimalLongitude,geodeticDatum,coordinateUncertainty,easting,northing,utmZone,elevation,elevationUncertainty,eventID,samplingProtocolVersion,treesPresent,treesAbsentList,shrubsPresent,shrubsAbsentList,lianasPresent,lianasAbsentList,nestedSubplotAreaShrubSapling,nestedSubplotAreaLiana,totalSampledAreaTrees,totalSampledAreaShrubSapling,totalSampledAreaLiana,remarks,measuredBy,recordedBy,dataQF
"71d72b11-b017-42c6-8d13-727dcbff9c6e","NOGP_073.basePlot.vst","2015-10-26","D09","NOGP","NOGP_073","tower","grasslandHerbaceous",46.769905,-100.916479,"WGS84",10.1,353675.91,5181378.37,"14N",588.6,0.1,"vst_NOGP_2015","NEON.DOC.000987vD",,,,,,,"noneSelected","noneSelected",400,400,400,"Target taxa present: Y",,"Q97LKb9yzbP7tOLkuD+tPeCj3Bww5R2I","legacyData"
"4f5192c2-748c-4fe2-ac97-9b014b8a33a4","NOGP_064.basePlot.vst","2015-10-26","D09","NOGP","NOGP_064","tower","grasslandHerbaceous",46.770749,-100.913769,"WGS84",20.1,353885.09,5181467.11,"14N",585.6,0.1,"vst_NOGP_2015","NEON.DOC.000987vD",,,,,,,"noneSelected","noneSelected",400,400,400,"Target taxa present: Y",,"Q97LKb9yzbP7tOLkuD+tPeCj3Bww5R2I","legacyData"
"67969abe-af86-4444-b1b5-83a4d186ab69","NOGP_077.basePlot.vst","2015-10-26","D09","NOGP","NOGP_077","tower","shrubScrub",46.769949,-100.914135,"WGS84",10.0,353854.99,5181378.90,"14N",586.7,0.0,"vst_NOGP_2015","NEON.DOC.000987vD",,,,,,,"noneSelected","noneSelected",400,400,400,"Target taxa present: Y",,"Q97LKb9yzbP7tOLkuD+tPeCj3Bww5R2I","legacyData"
"9cd5b4ea-0817-4873-b0fe-d0a1e80a40dd","NOGP_085.basePlot.vst","2015-10-26","D09","NOGP","NOGP_085","tower","grasslandHerbaceous",46.769385,-100.913708,"WGS84",10.1,353886.06,5181315.44,"14N",585.0,0.1,"vst_NOGP_2015","NEON.DOC.000987vD",,,,,,,"noneSelected","noneSelected",400,400,400,"Target taxa present: N",,"Q97LKb9yzbP7tOLkuD+tPeCj3Bww5R2I","legacyData"
