uid,namedLocation,date,eventID,domainID,siteID,plotID,subplotID,individualID,tagStatus,growthForm,plantStatus,stemDiameter,measurementHeight,height,baseCrownHeight,breakHeight,breakDiameter,maxCrownDiameter,ninetyCrownDiameter,canopyPosition,shape,basalStemDiameter,basalStemDiameterMsrmntHeight,maxBaseCrownDiameter,ninetyBaseCrownDiameter,remarks,recordedBy,measuredBy,dataQF
"950d61b1-60af-4197-84b5-fe1dc4d3ad29","NOGP_064.basePlot.vst","2015-10-26","vst_NOGP_2015","D09","NOGP","NOGP_064",,"NEON.PLA.D09.NOGP.00001",,"sapling","Live",1.1,10,0.7,,,,,,"Full sun",,,,,,,"eE6kvSR3uoy9zdn7o7etq88/xsP7F3Qo","Q97LKb9yzbP7tOLkuD+tPeCj3Bww5R2I","legacyData"
"a015c579-751f-46a5-bd33-023fbe8ac31b","NOGP_064.basePlot.vst","2015-10-26","vst_NOGP_2015","D09","NOGP","NOGP_064",,"NEON.PLA.D09.NOGP.00002",,"sapling","Live",1.1,10,0.8,,,,,,"Full sun",,,,,,,"eE6kvSR3uoy9zdn7o7etq88/xsP7F3Qo","Q97LKb9yzbP7tOLkuD+tPeCj3Bww5R2I","legacyData"
"2fc59cfb-b605-49d2-abf8-5e2ba6b27362","NOGP_073.basePlot.vst","2015-10-26","vst_NOGP_2015","D09","NOGP","NOGP_073",,"NEON.PLA.D09.NOGP.00005",,"sapling","Live",1.1,10,0.8,,,,,,"Full sun",,,,,,,"eE6kvSR3uoy9zdn7o7etq88/xsP7F3Qo","Q97LKb9yzbP7tOLkuD+tPeCj3Bww5R2I","legacyData"
"e88f4670-93d8-456d-9942-b5808022e375","NOGP_077.basePlot.vst","2015-10-26","vst_NOGP_2015","D09","NOGP","NOGP_077",,"NEON.PLA.D09.NOGP.00003",,"sapling","Live",1.1,10,0.9,,,,,,"Full sun",,,,,,,"eE6kvSR3uoy9zdn7o7etq88/xsP7F3Qo","Q97LKb9yzbP7tOLkuD+tPeCj3Bww5R2I","legacyData"
"6207f6e0-abb2-4e7d-a802-7160aa25cdb2","NOGP_073.basePlot.vst","2015-10-26","vst_NOGP_2015","D09","NOGP","NOGP_073",,"NEON.PLA.D09.NOGP.00006",,"sapling","Live",1.1,10,0.7,,,,,,"Open grown",,,,,,,"eE6kvSR3uoy9zdn7o7etq88/xsP7F3Qo","Q97LKb9yzbP7tOLkuD+tPeCj3Bww5R2I","legacyData"
