uid,namedLocation,date,domainID,siteID,plotID,plotType,nlcdClass,decimalLatitude,decimalLongitude,geodeticDatum,coordinateUncertainty,easting,northing,utmZone,elevation,elevationUncertainty,eventID,samplingProtocolVersion,treesPresent,treesAbsentList,shrubsPresent,shrubsAbsentList,lianasPresent,lianasAbsentList,nestedSubplotAreaShrubSapling,nestedSubplotAreaLiana,totalSampledAreaTrees,totalSampledAreaShrubSapling,totalSampledAreaLiana,remarks,measuredBy,recordedBy,dataQF
"88bd2b30-cb66-4dd8-8d08-a9c47162a71b","GRSM_053.basePlot.vst","2015-06-01","D07","GRSM","GRSM_053","tower","deciduousForest",35.685026,-83.500254,"WGS84",20.2,273742.26,3951894.93,"17N",619.9,0.3,"vst_GRSM_2015","NEON.DOC.000987vE",,,,,,,"100","noneSelected",800,400,800,"nested subplot sizes not recorded at time of measurement. Inferred from 2016 and 2017 plot metadata.",,,"legacyData"
"a46e737b-cfa4-49c4-ac0e-f3afd3fe8539","GRSM_062.basePlot.vst","2015-06-02","D07","GRSM","GRSM_062","tower","deciduousForest",35.693342,-83.502845,"WGS84",20.1,273531.27,3952823.51,"17N",579.0,0.1,"vst_GRSM_2015","NEON.DOC.000987vE",,,,,,,"25","noneSelected",800,100,800,"nested subplot sizes not recorded at time of measurement. Inferred from 2016 and 2017 plot metadata.",,,"legacyData"
"b18dc7e7-3cf1-4775-835c-098d4d08175d","GRSM_060.basePlot.vst","2015-06-08","D07","GRSM","GRSM_060","tower","deciduousForest",35.686007,-83.503986,"WGS84",20.2,273407.24,3952012.37,"17N",639.1,0.3,"vst_GRSM_2015","NEON.DOC.000987vE",,,,,,,"100","noneSelected",800,400,800,"nested subplot sizes not recorded at time of measurement. Inferred from 2016 plot metadata.",,,"legacyData"
"e5c5ea82-5d7b-4a6f-9996-575cf874920f","GRSM_050.basePlot.vst","2015-06-08","D07","GRSM","GRSM_050","tower","deciduousForest",35.684969,-83.503885,"WGS84",20.2,273413.45,3951896.98,"17N",673.0,0.3,"vst_GRSM_2015","NEON.DOC.000987vE",,,,,,,"100","noneSelected",800,400,800,"nested subplot sizes not recorded at time of measurement. Inferred from 2016 and 2017 plot metadata.",,,"legacyData"
"7959ff15-1a8a-4119-bacd-297a59445d33","GRSM_051.basePlot.vst","2015-06-09","D07","GRSM","GRSM_051","tower","deciduousForest",35.688413,-83.507293,"WGS84",20.1,273114.74,3952286.94,"17N",657.4,0.3,"vst_GRSM_2015","NEON.DOC.000987vE",,,,,,,"10","noneSelected",800,40,800,"nested subplot sizes not recorded at time of measurement. Inferred from 2016 and 2017 plot metadata.",,,"legacyData"
"debbf5b0-e49e-42dd-aad8-5b27c2698ef3","GRSM_064.basePlot.vst","2015-06-26","D07","GRSM","GRSM_064","tower","deciduousForest",35.689831,-83.503034,"WGS84",20.2,273504.23,3952434.42,"17N",565.6,0.2,"vst_GRSM_2015","NEON.DOC.000987vE",,,,,,,"100","noneSelected",800,400,800,"nested subplot sizes not recorded at time of measurement. Inferred from 2016 and 2017 plot metadata.",,,"legacyData"
