uid,namedLocation,plotID,collectDate,identifiedDate,sampleID,subsampleID,scientificName,acceptedTaxonID,taxonRank,family,subfamily,tribe,subtribe,genus,subgenus,specificEpithet,infraspecificEpithet,identificationQualifier,identificationReferences,identificationProtocolVersion,scientificNameAuthorship,sexOrAge,individualCount,sampleCondition,archiveMedium,archiveFacilityID,deprecatedVialID,identifiedBy,laboratoryName,remarks
"a22b6376-a7a3-4e89-93ea-7aa95a0e93f7","UKFS_004.tickPlot.tck","UKFS_004","2017-09-06T16:15Z","2017-12-07T17:00Z","UKFS_004.20170906","UKFS_004.20170906.AMBAME.N","Amblyomma americanum","AMBAME","species","Ixodidae",,,,"Amblyomma",,"americanum",,,"Cooley, R. A. and G. M. Kohls. 1944. The genus Amblyomma (ixodidae) in the United States. The Journal of Parasitology, 30(2):77-111.","GSU_tickIdentification_SOP_2016-11-01.pdf","Linnaeus","Nymph",13,"OK","90% ethanol","1430028","UKFS_004.20170906.AMBAME.N","Lorenza Beati","Georgia Southern University",
"fbef92e8-186e-4271-9e66-2d984f6336a2","UKFS_004.tickPlot.tck","UKFS_004","2017-09-06T16:15Z","2017-11-09T17:00Z","UKFS_004.20170906","UKFS_004.20170906.IXOSP.L","Ixodidae sp.","IXOSP","family","Ixodidae",,,,,,"sp.",,,,"GSU_tickIdentification_SOP_2016-11-01.pdf",,"Larva",1,"OK","90% ethanol","1430029","UKFS_004.20170906.L","Arianna Gibbs","Georgia Southern University","Over invoice limit, will not be billed."
"e36a52fd-75bc-4c68-9186-e971a3e1a9f1","UKFS_001.tickPlot.tck","UKFS_001","2017-09-06T17:52Z","2017-09-08T16:00Z","UKFS_001.20170906","UKFS_001.20170906.IXOSP.L","Ixodidae sp.","IXOSP","family","Ixodidae",,,,,,"sp.",,,,"GSU_tickIdentification_SOP_2016-11-01.pdf",,"Larva",1,"OK","90% ethanol","1430030","UKFS_001.20170906.L","Guy Hobbs","Georgia Southern University","Over invoice limit, will not be billed."
"df99b633-cff2-43c5-a266-351ca2cd37d6","UKFS_001.tickPlot.tck","UKFS_001","2017-09-06T17:52Z","2017-12-08T17:00Z","UKFS_001.20170906","UKFS_001.20170906.AMBAME.N","Amblyomma americanum","AMBAME","species","Ixodidae",,,,"Amblyomma",,"americanum",,,"Cooley, R. A. and G. M. Kohls. 1944. The genus Amblyomma (ixodidae) in the United States. The Journal of Parasitology, 30(2):77-111.","GSU_tickIdentification_SOP_2016-11-01.pdf","Linnaeus","Nymph",9,"OK","90% ethanol","1430031","UKFS_001.20170906.AMBAME.N","Lorenza Beati","Georgia Southern University",
"f949e16c-fa55-470d-9799-dde6b56bfe04","UKFS_002.tickPlot.tck","UKFS_002","2017-09-06T18:51Z","2017-12-08T17:00Z","UKFS_002.20170906","UKFS_002.20170906.AMBAME.N","Amblyomma americanum","AMBAME","species","Ixodidae",,,,"Amblyomma",,"americanum",,,"Cooley, R. A. and G. M. Kohls. 1944. The genus Amblyomma (ixodidae) in the United States. The Journal of Parasitology, 30(2):77-111.","GSU_tickIdentification_SOP_2016-11-01.pdf","Linnaeus","Nymph",1,"OK","90% ethanol","1430037","UKFS_002.20170906.AMBAME.N","Lorenza Beati","Georgia Southern University",
"62c3346f-ca1d-4356-a660-39e9b7a85658","UKFS_002.tickPlot.tck","UKFS_002","2017-09-06T18:51Z","2017-09-08T16:00Z","UKFS_002.20170906","UKFS_002.20170906.IXOSP.L","Ixodidae sp.","IXOSP","family","Ixodidae",,,,,,"sp.",,,,"GSU_tickIdentification_SOP_2016-11-01.pdf",,"Larva",1,"OK","90% ethanol","1430036","UKFS_002.20170906.L","Guy Hobbs","Georgia Southern University","Over invoice limit, will not be billed."
"b14ab8da-2624-48eb-b061-e2fb9a1e5e65","UKFS_030.tickPlot.tck","UKFS_030","2017-09-06T20:00Z","2017-10-06T16:00Z","UKFS_030.20170906","UKFS_030.20170906.IXOSP.L","Ixodidae sp.","IXOSP","family","Ixodidae",,,,,,"sp.",,,,"GSU_tickIdentification_SOP_2016-11-01.pdf",,"Larva",1,"OK","90% ethanol","1430019","UKFS_030.20170906.L","Guy Hobbs","Georgia Southern University","Over invoice limit, will not be billed."
"4306dfce-989a-4a5d-ad6a-0db9c15f5697","UKFS_003.tickPlot.tck","UKFS_003","2017-09-06T20:52Z","2017-12-08T17:00Z","UKFS_003.20170906","UKFS_003.20170906.AMBAME.N","Amblyomma americanum","AMBAME","species","Ixodidae",,,,"Amblyomma",,"americanum",,,"Cooley, R. A. and G. M. Kohls. 1944. The genus Amblyomma (ixodidae) in the United States. The Journal of Parasitology, 30(2):77-111.","GSU_tickIdentification_SOP_2016-11-01.pdf","Linnaeus","Nymph",17,"OK","90% ethanol","1430038","UKFS_003.20170906.AMBAME.N","Lorenza Beati","Georgia Southern University",
"fccd6027-f36c-411b-b2aa-d02a353a9a02","UKFS_003.tickPlot.tck","UKFS_003","2017-09-06T20:52Z","2017-09-08T16:00Z","UKFS_003.20170906","UKFS_003.20170906.IXOSP.L","Ixodidae sp.","IXOSP","family","Ixodidae",,,,,,"sp.",,,,"GSU_tickIdentification_SOP_2016-11-01.pdf",,"Larva",1,"OK","90% ethanol","1430039","UKFS_003.20170906.L","Lorenza Beati","Georgia Southern University","Over invoice limit, will not be billed."
"6e957173-ee64-4e73-b8ac-7a3b38006f0b","UKFS_003.tickPlot.tck","UKFS_003","2017-09-06T20:52Z","2017-12-07T17:00Z","UKFS_003.20170906","UKFS_003.20170906.AMBMAC.M","Amblyomma maculatum","AMBMAC","species","Ixodidae",,,,"Amblyomma",,"maculatum",,,"Cooley, R. A. and G. M. Kohls. 1944. The genus Amblyomma (ixodidae) in the United States. The Journal of Parasitology, 30(2):77-111.","GSU_tickIdentification_SOP_2016-11-01.pdf","Koch","Male",1,"OK","90% ethanol","1430027","UKFS_003.20170906.AMBMAC.M","Lorenza Beati","Georgia Southern University",
"b34f07f8-667d-4204-9a52-ed098108a79d","UKFS_018.tickPlot.tck","UKFS_018","2017-09-06T23:21Z","2017-12-07T17:00Z","UKFS_018.20170906","UKFS_018.20170906.AMBAME.N","Amblyomma americanum","AMBAME","species","Ixodidae",,,,"Amblyomma",,"americanum",,,"Cooley, R. A. and G. M. Kohls. 1944. The genus Amblyomma (ixodidae) in the United States. The Journal of Parasitology, 30(2):77-111.","GSU_tickIdentification_SOP_2016-11-01.pdf","Linnaeus","Nymph",1,"OK","90% ethanol","1430018","UKFS_018.20170906.AMBAME.N","Lorenza Beati","Georgia Southern University",
"ec6b69a5-b98f-48d6-b0f8-b654723ac0bb","UKFS_004.tickPlot.tck","UKFS_004","2017-09-25T14:50Z","2017-11-10T17:00Z","UKFS_004.20170925","UKFS_004.20170925.IXOSP.L","Ixodidae sp.","IXOSP","family","Ixodidae",,,,,,"sp.",,,,"GSU_tickIdentification_SOP_2016-11-01.pdf",,"Larva",1,"OK","90% ethanol","1430044","UKFS_004.20170925.L","Arianna Gibbs","Georgia Southern University","Over invoice limit, will not be billed."
"e0400e98-baf4-4639-8486-bb94f127d08f","UKFS_004.tickPlot.tck","UKFS_004","2017-09-25T14:50Z","2017-12-07T17:00Z","UKFS_004.20170925","UKFS_004.20170925.AMBAME.N","Amblyomma americanum","AMBAME","species","Ixodidae",,,,"Amblyomma",,"americanum",,,"Cooley, R. A. and G. M. Kohls. 1944. The genus Amblyomma (ixodidae) in the United States. The Journal of Parasitology, 30(2):77-111.","GSU_tickIdentification_SOP_2016-11-01.pdf","Linnaeus","Nymph",6,"OK","90% ethanol","1430043","UKFS_004.20170925.AMBAME.N","Lorenza Beati","Georgia Southern University",
"c0bdc23d-ab4a-4ea2-868d-d4624a5db680","UKFS_003.tickPlot.tck","UKFS_003","2017-09-25T14:50Z","2018-01-12T17:00Z","UKFS_003.20170925","UKFS_003.20170925.AMBAME.N","Amblyomma americanum","AMBAME","species","Ixodidae",,,,"Amblyomma",,"americanum",,,"Cooley, R. A. and G. M. Kohls. 1944. The genus Amblyomma (ixodidae) in the United States. The Journal of Parasitology, 30(2):77-111.","GSU_tickIdentification_SOP_2016-11-01.pdf","Linnaeus","Nymph",10,"OK","90% ethanol","1430046","UKFS_003.20170925.AMBAME.N","Lorenza Beati","Georgia Southern University",
"be070812-2350-424f-8168-c2f71d5c5184","UKFS_003.tickPlot.tck","UKFS_003","2017-09-25T14:50Z","2018-01-12T17:00Z","UKFS_003.20170925","UKFS_003.20170925.IXOSP.L","Ixodidae sp.","IXOSP","family","Ixodidae",,,,,,"sp.",,,,"GSU_tickIdentification_SOP_2016-11-01.pdf",,"Larva",1,"OK","90% ethanol","USNMENT01430047","UKFS_003.20170925.L","Lorenza Beati","Georgia Southern University","Over invoice limit, will not be billed."
"f4dc3031-6849-483d-86c9-c2e869e3d251","UKFS_002.tickPlot.tck","UKFS_002","2017-09-25T16:49Z","2017-11-10T17:00Z","UKFS_002.20170925","UKFS_002.20170925.IXOSP.L","Ixodidae sp.","IXOSP","family","Ixodidae",,,,,,"sp.",,,,"GSU_tickIdentification_SOP_2016-11-01.pdf",,"Larva",1,"OK","90% ethanol","1430045","UKFS_002.20170925.L","Lorenza Beati","Georgia Southern University","Over invoice limit, will not be billed."
"6fbc8481-2f6c-4556-a5d4-db94d08286fd","UKFS_030.tickPlot.tck","UKFS_030","2017-09-25T17:48Z","2018-01-12T17:00Z","UKFS_030.20170925","UKFS_030.20170925.IXOSP.L","Ixodidae sp.","IXOSP","family","Ixodidae",,,,,,"sp.",,,,"GSU_tickIdentification_SOP_2016-11-01.pdf",,"Larva",1,"OK","90% ethanol","1430040","UKFS_030.20170925.L","Guy Hobbs","Georgia Southern University","Over invoice limit, will not be billed."
"7d41fedd-d74c-43ca-b9b1-4a9071fd2a25","UKFS_001.tickPlot.tck","UKFS_001","2017-09-25T18:15Z","2018-01-12T17:00Z","UKFS_001.20170925","UKFS_001.20170925.IXOSP.L","Ixodidae sp.","IXOSP","family","Ixodidae",,,,,,"sp.",,,,"GSU_tickIdentification_SOP_2016-11-01.pdf",,"Larva",1,"OK","90% ethanol","1430041","UKFS_001.20170925.L","Guy Hobbs","Georgia Southern University","Over invoice limit, will not be billed."
"6485cf9d-3ad6-498e-a981-eea9f16bdabe","UKFS_001.tickPlot.tck","UKFS_001","2017-09-25T18:15Z","2018-01-12T17:00Z","UKFS_001.20170925","UKFS_001.20170925.AMBAME.N","Amblyomma americanum","AMBAME","species","Ixodidae",,,,"Amblyomma",,"americanum",,,"Cooley, R. A. and G. M. Kohls. 1944. The genus Amblyomma (ixodidae) in the United States. The Journal of Parasitology, 30(2):77-111.","GSU_tickIdentification_SOP_2016-11-01.pdf","Linnaeus","Nymph",4,"OK","90% ethanol","1430042","UKFS_001.20170925.AMBAME.N","Lorenza Beati","Georgia Southern University",
