uid,namedLocation,domainID,siteID,plotID,plotType,nlcdClass,decimalLatitude,decimalLongitude,geodeticDatum,coordinateUncertainty,elevation,elevationUncertainty,collectDate,eventID,sampleID,sampleCode,samplingMethod,totalSampledArea,targetTaxaPresent,adultCount,nymphCount,larvaCount,sampleCondition,samplingProtocolVersion,measuredBy,remarks
"ef9d5cb0-9a82-4a87-91d2-76507fdc57db","UKFS_004.tickPlot.tck","D06","UKFS","UKFS_004","distributed","deciduousForest",39.043188,-95.201000,"WGS84",20.1,320.0,0.2,"2017-09-06T16:15Z","UKFS.2017.37","UKFS_004.20170906",,"drag and flag",160,"Y",0,13,3869,"No known compromise","NEON.DOC.014045vH","DKQZyyZ0MOuyIDXmOVOZikLgcjtaVUUutAOFpiMfgY4=",
"28757b97-0655-4a58-9757-8c3b43625949","UKFS_001.tickPlot.tck","D06","UKFS","UKFS_001","distributed","deciduousForest",39.037238,-95.198631,"WGS84",20.1,322.7,0.1,"2017-09-06T17:52Z","UKFS.2017.37","UKFS_001.20170906",,"drag and flag",160,"Y",0,9,7118,"No known compromise","NEON.DOC.014045vH","BzXmPCNcOOHl9ws4JG7MP7BkkCvctwH+",
"a7e660cf-6c63-4c9f-bb88-99bdcedc2471","UKFS_002.tickPlot.tck","D06","UKFS","UKFS_002","distributed","deciduousForest",39.045892,-95.207026,"WGS84",20.1,316.0,0.2,"2017-09-06T18:51Z","UKFS.2017.37","UKFS_002.20170906",,"drag and flag",160,"Y",0,1,677,"No known compromise","NEON.DOC.014045vH","DKQZyyZ0MOuyIDXmOVOZikLgcjtaVUUutAOFpiMfgY4=",
"91c3263b-795a-41e0-baa2-ba914e671822","UKFS_030.tickPlot.tck","D06","UKFS","UKFS_030","distributed","grasslandHerbaceous",39.045115,-95.213433,"WGS84",20.1,321.9,0.1,"2017-09-06T20:00Z","UKFS.2017.37","UKFS_030.20170906",,"drag",160,"Y",0,0,3,"No known compromise","NEON.DOC.014045vH","DKQZyyZ0MOuyIDXmOVOZikLgcjtaVUUutAOFpiMfgY4=",
"c857ee40-9576-4357-a32b-27941f6d2d5f","UKFS_003.tickPlot.tck","D06","UKFS","UKFS_003","distributed","deciduousForest",39.053769,-95.187084,"WGS84",20.1,323.1,0.1,"2017-09-06T20:52Z","UKFS.2017.37","UKFS_003.20170906",,"drag and flag",160,"Y",1,17,5592,"No known compromise","NEON.DOC.014045vH","BzXmPCNcOOHl9ws4JG7MP7BkkCvctwH+",
"a37fb861-840c-4caf-98f8-b9056bf39d13","UKFS_018.tickPlot.tck","D06","UKFS","UKFS_018","distributed","grasslandHerbaceous",39.053205,-95.194659,"WGS84",20.1,325.8,0.1,"2017-09-06T23:21Z","UKFS.2017.37","UKFS_018.20170906",,"drag and flag",160,"Y",0,1,0,"No known compromise","NEON.DOC.014045vH","BzXmPCNcOOHl9ws4JG7MP7BkkCvctwH+",
"04f7204c-26f8-4646-9f98-498fa90264f0","UKFS_004.tickPlot.tck","D06","UKFS","UKFS_004","distributed","deciduousForest",39.043188,-95.201000,"WGS84",20.1,320.0,0.2,"2017-09-25T14:50Z","UKFS.2017.40","UKFS_004.20170925",,"flag",160,"Y",0,9,5007,"No known compromise","NEON.DOC.014045vH","aWsnnbx5JV4fkcC9io0n2tyuYS6o2YAv2EcLrE/IqiX/78dmluZuVQ==",
"c76c6267-3e09-4fde-9087-7a1f6686a96a","UKFS_003.tickPlot.tck","D06","UKFS","UKFS_003","distributed","deciduousForest",39.053769,-95.187084,"WGS84",20.1,323.1,0.1,"2017-09-25T14:50Z","UKFS.2017.40","UKFS_003.20170925",,"drag and flag",160,"Y",0,10,4921,"No known compromise","NEON.DOC.014045vH","UiQJ6NC02X5uZEcYqJAeU1eiGY+Ji5h+",
"c45943e2-2d2f-40f6-ac47-d22f8259e06d","UKFS_002.tickPlot.tck","D06","UKFS","UKFS_002","distributed","deciduousForest",39.045892,-95.207026,"WGS84",20.1,316.0,0.2,"2017-09-25T16:49Z","UKFS.2017.40","UKFS_002.20170925",,"drag and flag",160,"Y",0,0,810,"No known compromise","NEON.DOC.014045vH","aWsnnbx5JV4fkcC9io0n2tyuYS6o2YAv2EcLrE/IqiX/78dmluZuVQ==",
"e269de2a-5e19-4c2f-aa5b-49dcfd27e5e8","UKFS_018.tickPlot.tck","D06","UKFS","UKFS_018","distributed","grasslandHerbaceous",39.053205,-95.194659,"WGS84",20.1,325.8,0.1,"2017-09-25T17:28Z","UKFS.2017.40",,,"drag",160,"N",0,0,0,"No known compromise","NEON.DOC.014045vH","UiQJ6NC02X5uZEcYqJAeU1eiGY+Ji5h+",
"9e792ed1-2159-43ff-9c82-754b92c196ed","UKFS_030.tickPlot.tck","D06","UKFS","UKFS_030","distributed","grasslandHerbaceous",39.045115,-95.213433,"WGS84",20.1,321.9,0.1,"2017-09-25T17:48Z","UKFS.2017.40","UKFS_030.20170925",,"drag",160,"Y",0,0,7,"No known compromise","NEON.DOC.014045vH","aWsnnbx5JV4fkcC9io0n2tyuYS6o2YAv2EcLrE/IqiX/78dmluZuVQ==",
"d39d1d3d-b211-4c9f-8e7e-d4ea0b172f40","UKFS_001.tickPlot.tck","D06","UKFS","UKFS_001","distributed","deciduousForest",39.037238,-95.198631,"WGS84",20.1,322.7,0.1,"2017-09-25T18:15Z","UKFS.2017.40","UKFS_001.20170925",,"drag and flag",160,"Y",0,4,1321,"No known compromise","NEON.DOC.014045vH","0QknftH/249Fzeup5XgxDmRFrswKMEXrpdiqA+dT0Pw=",
