uid,namedLocation,date,domainID,siteID,plotID,plotType,nlcdClass,decimalLatitude,decimalLongitude,geodeticDatum,coordinateUncertainty,easting,northing,utmZone,elevation,elevationUncertainty,eventID,samplingProtocolVersion,treesPresent,treesAbsentList,shrubsPresent,shrubsAbsentList,lianasPresent,lianasAbsentList,nestedSubplotAreaShrubSapling,nestedSubplotAreaLiana,totalSampledAreaTrees,totalSampledAreaShrubSapling,totalSampledAreaLiana,remarks,measuredBy,recordedBy,dataQF
"bd878859-b216-48d9-af65-331aa3392cc4","SCBI_051.basePlot.vst","2017-11-02","D02","SCBI","SCBI_051","tower","deciduousForest",38.892471,-78.142806,"WGS84",20.3,747805.43,4308725.25,"17N",312.2,0.3,"vst_SCBI_2017","NEON.DOC.000987vG","Y","presentInAll","Y","presentInAll","Y","presentInAll","25","noneSelected",800,100,800,,"HwrR06bjl3TqPXYD/ecX4LA/iftMi41T","GRwvwbiSPMj1NaUhvL1kyVbfYNVH3Sr0UuCJMFnR3bg=",
"315bb858-af6d-4f05-ae91-e94bd7f0ca82","SCBI_050.basePlot.vst","2017-11-03","D02","SCBI","SCBI_050","tower","deciduousForest",38.890602,-78.142227,"WGS84",20.1,747862.16,4308519.37,"17N",346.0,0.2,"vst_SCBI_2017","NEON.DOC.000987vG","Y","presentInAll","Y","presentInAll","Y","presentInAll","10","noneSelected",800,40,800,,"F1aLHfHLM4qaIk0WIP5D+6fDrn//30Wj","cSNmYLv76T0gVgR+nHwb5XPF8fxAhgwD5+PP/u5QMFs=",
"470b2ec3-6c54-4854-8bdd-57bf8824b1c5","SCBI_058.basePlot.vst","2017-11-08","D02","SCBI","SCBI_058","tower","deciduousForest",38.889714,-78.138472,"WGS84",20.1,748190.99,4308431.02,"17N",347.1,0.2,"vst_SCBI_2017","NEON.DOC.000987vG","Y","presentInAll","Y","39_3","Y","presentInAll","10","100",800,40,400,,"F1aLHfHLM4qaIk0WIP5D+6fDrn//30Wj","cSNmYLv76T0gVgR+nHwb5XPF8fxAhgwD5+PP/u5QMFs=",
"33b1255b-4a0e-47a6-b4d4-dfdad9393a88","SCBI_052.basePlot.vst","2017-11-08","D02","SCBI","SCBI_052","tower","deciduousForest",38.889137,-78.137096,"WGS84",20.1,748312.37,4308370.72,"17N",350.3,0.2,"vst_SCBI_2017","NEON.DOC.000987vG","Y","presentInAll","Y","presentInAll","Y","presentInAll","25","100",800,100,400,,"F1aLHfHLM4qaIk0WIP5D+6fDrn//30Wj","cSNmYLv76T0gVgR+nHwb5XPF8fxAhgwD5+PP/u5QMFs=",
"08c16fe0-964a-4f89-b472-8c29950a9466","SCBI_061.basePlot.vst","2017-11-20","D02","SCBI","SCBI_061","tower","evergreenForest",38.889507,-78.142209,"WGS84",20.3,747867.53,4308397.87,"17N",326.7,0.5,"vst_SCBI_2017","NEON.DOC.000987vG","Y",,"Y",,"Y",,"10","100",800,40,400,,"HwrR06bjl3TqPXYD/ecX4LA/iftMi41T","i3SDxFb/lMMZxDIw/9OBsZ3OfckbEDnA",
"2e753a50-54f8-45f9-a30e-7081e174c52d","SCBI_056.basePlot.vst","2017-11-20","D02","SCBI","SCBI_056","tower","deciduousForest",38.890350,-78.143600,"WGS84",20.2,747743.93,4308487.66,"17N",334.9,0.2,"vst_SCBI_2017","NEON.DOC.000987vG","Y","presentInAll","Y","presentInAll","Y","presentInAll","25","noneSelected",800,100,800,,"i3SDxFb/lMMZxDIw/9OBsZ3OfckbEDnA","HwrR06bjl3TqPXYD/ecX4LA/iftMi41T",
"7b8d9c1e-2f86-431a-a7b3-46c6cb56e794","SCBI_057.basePlot.vst","2017-11-30","D02","SCBI","SCBI_057","tower","deciduousForest",38.891377,-78.141161,"WGS84",20.1,747951.93,4308608.29,"17N",335.3,0.2,"vst_SCBI_2017","NEON.DOC.000987vG","Y","presentInAll","Y","presentInAll","Y","23","25","noneSelected",800,100,800,,"HwrR06bjl3TqPXYD/ecX4LA/iftMi41T","F1aLHfHLM4qaIk0WIP5D+6fDrn//30Wj",
