uid,namedLocation,date,eventID,domainID,siteID,plotID,subplotID,nestedSubplotID,groupID,taxonID,scientificName,taxonRank,identificationReferences,identificationQualifier,volumePercent,livePercent,deadPercent,canopyArea,meanHeight,remarks,measuredBy,recordedBy,dataQF
"55d87322-7e3d-4760-b1bf-e8f7e43fd277","SCBI_051.basePlot.vst","2017-11-02","vst_SCBI_2017","D02","SCBI","SCBI_051","39","1","39_02","ROMU","Rosa multiflora Thunb.","species",,,93,100,0,5.3,1.70,"Some ROMU may not be in nested subplot or may not qualify at ddh","HwrR06bjl3TqPXYD/ecX4LA/iftMi41T","GRwvwbiSPMj1NaUhvL1kyVbfYNVH3Sr0UuCJMFnR3bg=",
"32a2161c-dec2-4d4c-b6a3-5d07ee3ae8fb","SCBI_051.basePlot.vst","2017-11-02","vst_SCBI_2017","D02","SCBI","SCBI_051","39","1","39_01","LIBE3","Lindera benzoin (L.) Blume","species",,,5,100,0,2.8,1.64,,"HwrR06bjl3TqPXYD/ecX4LA/iftMi41T","GRwvwbiSPMj1NaUhvL1kyVbfYNVH3Sr0UuCJMFnR3bg=",
"7137b322-0dab-4428-9edf-7ddf3926ba14","SCBI_051.basePlot.vst","2017-11-02","vst_SCBI_2017","D02","SCBI","SCBI_051","39","1","39_02","LIBE3","Lindera benzoin (L.) Blume","species",,,7,100,0,5.3,1.70,"Some ROMU may not be in nested subplot or may not qualify at ddh","HwrR06bjl3TqPXYD/ecX4LA/iftMi41T","GRwvwbiSPMj1NaUhvL1kyVbfYNVH3Sr0UuCJMFnR3bg=",
"34167df9-0efc-4cb1-9484-1154e11d98f0","SCBI_051.basePlot.vst","2017-11-02","vst_SCBI_2017","D02","SCBI","SCBI_051","39","1","39_01","BETH","Berberis thunbergii DC.","species",,,95,100,0,2.8,1.64,,"HwrR06bjl3TqPXYD/ecX4LA/iftMi41T","GRwvwbiSPMj1NaUhvL1kyVbfYNVH3Sr0UuCJMFnR3bg=",
