uid,namedLocation,domainID,siteID,plotID,plotType,nlcdClass,decimalLatitude,decimalLongitude,geodeticDatum,coordinateUncertainty,elevation,elevationUncertainty,collectDate,eventID,sampleID,sampleCode,samplingMethod,totalSampledArea,targetTaxaPresent,adultCount,nymphCount,larvaCount,sampleCondition,samplingProtocolVersion,measuredBy,remarks
"538d7586-8f34-49b9-bebf-7f9587c75467","DEJU_014.tickPlot.tck","D19","DEJU","DEJU_014","distributed","evergreenForest",63.830553,-145.745544,"WGS84",20.3,544.1,0.3,"2017-06-01T23:52Z","DEJU.2017.23",,,"drag and flag",175,"N",0,0,0,,"NEON.DOC.014045vH","Rrox/5DLJhW4X3GMJF1uErPrG19WF5LaQN5/6q2QGf0=",
"2c8588e2-dc20-4dd8-9f7d-e49a841f5870","DEJU_044.tickPlot.tck","D19","DEJU","DEJU_044","distributed","evergreenForest",63.835516,-145.745056,"WGS84",20.1,538.2,0.1,"2017-06-02T00:32Z","DEJU.2017.23",,,"drag and flag",172,"N",0,0,0,,"NEON.DOC.014045vH","Rrox/5DLJhW4X3GMJF1uErPrG19WF5LaQN5/6q2QGf0=",
"79ecc45a-073b-47e8-943f-223d9413ad84","DEJU_003.tickPlot.tck","D19","DEJU","DEJU_003","distributed","shrubScrub",63.931557,-145.753452,"WGS84",20.1,450.5,0.1,"2017-06-02T01:50Z","DEJU.2017.23",,,"drag and flag",180,"N",0,0,0,,"NEON.DOC.014045vH","Rrox/5DLJhW4X3GMJF1uErPrG19WF5LaQN5/6q2QGf0=",
"66837146-7e9c-4470-86c2-9f25b2164b29","DEJU_015.tickPlot.tck","D19","DEJU","DEJU_015","distributed","woodyWetlands",63.873814,-145.744346,"WGS84",20.1,521.6,0.1,"2017-06-02T19:01Z","DEJU.2017.23",,,"flag",162,"N",0,0,0,,"NEON.DOC.014045vH","Rrox/5DLJhW4X3GMJF1uErPrG19WF5LaQN5/6q2QGf0=",
"38044383-eec0-4267-b375-d5317e064122","DEJU_009.tickPlot.tck","D19","DEJU","DEJU_009","distributed","evergreenForest",63.853075,-145.763773,"WGS84",21.0,574.3,0.8,"2017-06-02T22:28Z","DEJU.2017.23",,,"drag and flag",169,"N",0,0,0,,"NEON.DOC.014045vH","Rrox/5DLJhW4X3GMJF1uErPrG19WF5LaQN5/6q2QGf0=",
"20600193-414b-4fa0-a435-dda87194ea7d","DEJU_001.tickPlot.tck","D19","DEJU","DEJU_001","distributed","shrubScrub",63.893653,-145.770599,"WGS84",20.1,492.5,0.1,"2017-06-03T00:14Z","DEJU.2017.23",,,"drag and flag",168,"N",0,0,0,,"NEON.DOC.014045vH","Rrox/5DLJhW4X3GMJF1uErPrG19WF5LaQN5/6q2QGf0=",
