uid,namedLocation,domainID,siteID,plotID,plotType,nlcdClass,decimalLatitude,decimalLongitude,geodeticDatum,coordinateUncertainty,elevation,elevationUncertainty,collectDate,eventID,sampleID,sampleCode,samplingMethod,totalSampledArea,targetTaxaPresent,adultCount,nymphCount,larvaCount,sampleCondition,samplingProtocolVersion,measuredBy,remarks
"3827dcb3-cffd-4625-94e3-a95646e9f5a1","LENO_004.tickPlot.tck","D08","LENO","LENO_004","distributed","woodyWetlands",31.822376,-88.181956,"WGS84",20.2,12.5,0.2,"2016-10-11T15:10Z","LENO.2016.41","LENO_004.20161011",,"drag",165,"Y",1,0,0,"No known compromise","NEON.DOC.014045vG","ADzqoWOfwevQ2rrllzoCJTnDjie0NTbT",
"ee5804a3-4415-4222-9715-bca4cde2d680","LENO_042.tickPlot.tck","D08","LENO","LENO_042","distributed","woodyWetlands",31.817825,-88.182881,"WGS84",20.2,14.6,0.3,"2016-10-11T16:09Z","LENO.2016.41","LENO_042.20161011",,"drag",160,"Y",0,1,0,"No known compromise","NEON.DOC.014045vG","i++YfdKxcrxXYVscbSnlRu1P6zrsNmWH",
"6d3edec5-da35-4610-ba80-b4861fc78c39","LENO_015.tickPlot.tck","D08","LENO","LENO_015","distributed","woodyWetlands",31.817299,-88.191485,"WGS84",20.5,14.2,0.8,"2016-10-11T16:51Z","LENO.2016.41",,,"drag",160,"N",0,0,0,"No known compromise","NEON.DOC.014045vG","ADzqoWOfwevQ2rrllzoCJTnDjie0NTbT",
"a97adc49-2f93-4e5d-9670-0d1e8c121138","LENO_002.tickPlot.tck","D08","LENO","LENO_002","distributed","woodyWetlands",31.806282,-88.195216,"WGS84",20.2,16.8,0.2,"2016-10-11T17:35Z","LENO.2016.41",,,"drag",160,"N",0,0,0,"No known compromise","NEON.DOC.014045vG","i++YfdKxcrxXYVscbSnlRu1P6zrsNmWH",
"1e9ae1e2-50b8-468e-aad2-6a93cb345b60","LENO_003.tickPlot.tck","D08","LENO","LENO_003","distributed","deciduousForest",31.809581,-88.187553,"WGS84",20.2,15.4,0.4,"2016-10-11T18:26Z","LENO.2016.41","LENO_003.20161011",,"drag",160,"Y",0,2,0,"No known compromise","NEON.DOC.014045vG","ADzqoWOfwevQ2rrllzoCJTnDjie0NTbT",
"6e2233df-cb8b-4481-8ca9-38daf6e1d251","LENO_023.tickPlot.tck","D08","LENO","LENO_023","distributed","deciduousForest",31.809463,-88.181417,"WGS84",20.2,11.6,0.2,"2016-10-11T19:18Z","LENO.2016.41",,,"drag",160,"N",0,0,0,"No known compromise","NEON.DOC.014045vG","i++YfdKxcrxXYVscbSnlRu1P6zrsNmWH",
