uid,namedLocation,domainID,siteID,plotID,plotType,nlcdClass,decimalLatitude,decimalLongitude,geodeticDatum,coordinateUncertainty,elevation,elevationUncertainty,collectDate,eventID,sampleID,sampleCode,samplingMethod,totalSampledArea,targetTaxaPresent,adultCount,nymphCount,larvaCount,sampleCondition,samplingProtocolVersion,measuredBy,remarks
"428c9ded-1b44-4713-a3ba-b97029bd8072","UKFS_002.tickPlot.tck","D06","UKFS","UKFS_002","distributed","deciduousForest",39.045892,-95.207026,"WGS84",20.1,316.0,0.2,"2017-08-15T18:57Z","UKFS.2017.34","UKFS_002.20170815",,"drag and flag",160,"Y",0,11,1807,"No known compromise","NEON.DOC.014045vH","aWsnnbx5JV4fkcC9io0n2tyuYS6o2YAv2EcLrE/IqiX/78dmluZuVQ==",
"ff241e59-faec-404b-bb29-0ce0ac4e65f2","UKFS_018.tickPlot.tck","D06","UKFS","UKFS_018","distributed","grasslandHerbaceous",39.053205,-95.194659,"WGS84",20.1,325.8,0.1,"2017-08-15T19:03Z","UKFS.2017.34","UKFS_018.20170815",,"drag and flag",160,"Y",1,0,0,"No known compromise","NEON.DOC.014045vH","0QknftH/249Fzeup5XgxDmRFrswKMEXrpdiqA+dT0Pw=",
"957e9be8-7c8a-4928-853b-fe62a217ffba","UKFS_001.tickPlot.tck","D06","UKFS","UKFS_001","distributed","deciduousForest",39.037238,-95.198631,"WGS84",20.1,322.7,0.1,"2017-08-15T20:03Z","UKFS.2017.34","UKFS_001.20170815",,"drag and flag",160,"Y",0,6,741,"No known compromise","NEON.DOC.014045vH","0QknftH/249Fzeup5XgxDmRFrswKMEXrpdiqA+dT0Pw=",
"c4be38c3-28fc-4ae8-b5ec-857c3d0ab714","UKFS_030.tickPlot.tck","D06","UKFS","UKFS_030","distributed","grasslandHerbaceous",39.045115,-95.213433,"WGS84",20.1,321.9,0.1,"2017-08-15T20:38Z","UKFS.2017.34","UKFS_030.20170815",,"drag and flag",160,"Y",0,0,18,"No known compromise","NEON.DOC.014045vH","aWsnnbx5JV4fkcC9io0n2tyuYS6o2YAv2EcLrE/IqiX/78dmluZuVQ==",
"382a419e-20ef-47d0-935a-b08197f3a43d","UKFS_004.tickPlot.tck","D06","UKFS","UKFS_004","distributed","deciduousForest",39.043188,-95.201000,"WGS84",20.1,320.0,0.2,"2017-08-15T21:55Z","UKFS.2017.34","UKFS_004.20170815",,"drag and flag",160,"Y",0,19,4116,"No known compromise","NEON.DOC.014045vH","aWsnnbx5JV4fkcC9io0n2tyuYS6o2YAv2EcLrE/IqiX/78dmluZuVQ==",
"32f9f4cf-64cd-45c5-a18e-b31becfa3a87","UKFS_003.tickPlot.tck","D06","UKFS","UKFS_003","distributed","deciduousForest",39.053769,-95.187084,"WGS84",20.1,323.1,0.1,"2017-08-15T22:12Z","UKFS.2017.34","UKFS_003.20170815",,"drag and flag",160,"Y",0,23,8713,"No known compromise","NEON.DOC.014045vH","0QknftH/249Fzeup5XgxDmRFrswKMEXrpdiqA+dT0Pw=",
