uid,namedLocation,plotID,collectDate,identifiedDate,sampleID,subsampleID,scientificName,acceptedTaxonID,taxonRank,family,subfamily,tribe,subtribe,genus,subgenus,specificEpithet,infraspecificEpithet,identificationQualifier,identificationReferences,identificationProtocolVersion,scientificNameAuthorship,sexOrAge,individualCount,sampleCondition,archiveMedium,archiveFacilityID,deprecatedVialID,identifiedBy,laboratoryName,remarks
"a22af262-06c0-4b24-bd51-c1ec2c4e8bb3","UKFS_018.tickPlot.tck","UKFS_018","2017-08-15T19:03Z","2017-12-05T17:00Z","UKFS_018.20170815","UKFS_018.20170815.AMBMAC.M","Amblyomma maculatum","AMBMAC","species","Ixodidae",,,,"Amblyomma",,"maculatum",,,"Cooley, R. A. and G. M. Kohls. 1944. The genus Amblyomma (ixodidae) in the United States. The Journal of Parasitology, 30(2):77-111.","GSU_tickIdentification_SOP_2016-11-01.pdf","Koch","Male",1,"OK","90% ethanol","1430007","UKFS_018.20170815.AMBMAC.M","Lorenza Beati","Georgia Southern University",
"3c28e893-f26f-4b0e-9b3e-01aedce41146","UKFS_001.tickPlot.tck","UKFS_001","2017-08-15T20:03Z","2017-09-06T16:00Z","UKFS_001.20170815","UKFS_001.20170815.IXOSP.L","Ixodidae sp.","IXOSP","family","Ixodidae",,,,,,"sp.",,,,"GSU_tickIdentification_SOP_2016-11-01.pdf",,"Larva",1,"OK","90% ethanol","1430020","UKFS_001.20170815.L","Guy Hobbs","Georgia Southern University","Over invoice limit, will not be billed."
"547c96fc-ba12-4401-a435-ad28232482c8","UKFS_001.tickPlot.tck","UKFS_001","2017-08-15T20:03Z","2017-12-07T17:00Z","UKFS_001.20170815","UKFS_001.20170815.AMBAME.N","Amblyomma americanum","AMBAME","species","Ixodidae",,,,"Amblyomma",,"americanum",,,"Cooley, R. A. and G. M. Kohls. 1944. The genus Amblyomma (ixodidae) in the United States. The Journal of Parasitology, 30(2):77-111.","GSU_tickIdentification_SOP_2016-11-01.pdf","Linnaeus","Nymph",6,"OK","90% ethanol","1430021","UKFS_001.20170815.AMBAME.N","Lorenza Beati","Georgia Southern University",
"20f4e2c5-9595-44a6-8cc7-0dec58b46b76","UKFS_030.tickPlot.tck","UKFS_030","2017-08-15T20:38Z","2017-11-07T17:00Z","UKFS_030.20170815","UKFS_030.20170815.IXOSP.L","Ixodidae sp.","IXOSP","family","Ixodidae",,,,,,"sp.",,,,"GSU_tickIdentification_SOP_2016-11-01.pdf",,"Larva",1,"OK","90% ethanol","1430026","UKFS_030.20170815.L","Arianna Gibbs","Georgia Southern University","Over invoice limit, will not be billed."
"1582ea3f-f8ae-4a96-956d-890a46150ccd","UKFS_004.tickPlot.tck","UKFS_004","2017-08-15T21:55Z","2017-12-05T17:00Z","UKFS_004.20170815","UKFS_004.20170815.IXOSP.N","Ixodidae sp.","IXOSP","family","Ixodidae",,,,,,"sp.",,,,"GSU_tickIdentification_SOP_2016-11-01.pdf",,"Nymph",17,"OK","90% ethanol","1430008","UKFS_004.20170815.N","Lorenza Beati","Georgia Southern University","Over invoice limit, will not be billed."
"7ef1e609-8fb1-4014-a7ba-e959114e470f","UKFS_004.tickPlot.tck","UKFS_004","2017-08-15T21:55Z","2017-11-05T17:00Z","UKFS_004.20170815","UKFS_004.20170815.IXOSP.L","Ixodidae sp.","IXOSP","family","Ixodidae",,,,,,"sp.",,,,"GSU_tickIdentification_SOP_2016-11-01.pdf",,"Larva",1,"OK","90% ethanol","1430009","UKFS_004.20170815.L","Arianna Gibbs","Georgia Southern University","Over invoice limit, will not be billed."
"6985bb61-4f88-4b42-8970-4daafd1c4160","UKFS_003.tickPlot.tck","UKFS_003","2017-08-15T22:12Z","2017-12-07T17:00Z","UKFS_003.20170815","UKFS_003.20170815.AMBAME.N","Amblyomma americanum","AMBAME","species","Ixodidae",,,,"Amblyomma",,"americanum",,,"Cooley, R. A. and G. M. Kohls. 1944. The genus Amblyomma (ixodidae) in the United States. The Journal of Parasitology, 30(2):77-111.","GSU_tickIdentification_SOP_2016-11-01.pdf","Linnaeus","Nymph",23,"OK","90% ethanol","1430024","UKFS_003.20170815.AMBAME.N","Lorenza Beati","Georgia Southern University",
"bded674c-6b21-4bb4-8066-e22f24db6171","UKFS_003.tickPlot.tck","UKFS_003","2017-08-15T22:12Z","2017-11-07T17:00Z","UKFS_003.20170815","UKFS_003.20170815.IXOSP.L","Ixodidae sp.","IXOSP","family","Ixodidae",,,,,,"sp.",,,,"GSU_tickIdentification_SOP_2016-11-01.pdf",,"Larva",1,"OK","90% ethanol","1430025","UKFS_003.20170815.L","Arianna Gibbs","Georgia Southern University","Over invoice limit, will not be billed."
