uid,namedLocation,plotID,collectDate,identifiedDate,sampleID,subsampleID,scientificName,acceptedTaxonID,taxonRank,family,subfamily,tribe,subtribe,genus,subgenus,specificEpithet,infraspecificEpithet,identificationQualifier,identificationReferences,identificationProtocolVersion,scientificNameAuthorship,sexOrAge,individualCount,sampleCondition,archiveMedium,archiveFacilityID,deprecatedVialID,identifiedBy,laboratoryName,remarks
"79d4df6a-7039-48d2-a375-e3f5cf0dda57","BLAN_012.tickPlot.tck","BLAN_012","2016-08-08T16:56Z","2017-04-25T16:00Z","BLAN_012.20160808","BLAN_012.20160808.IXOSP.L","Ixodidae sp.","IXOSP","family","Ixodidae",,,,,,"sp.",,,,"GSU_tickIdentification_SOP_2016-11-01.pdf",,"Larva",1,"OK","RNA stabilization buffer","USNMENT00984438","BLAN_012.20160808.01.L","Guy Hobbs","Georgia Southern University",
"01288da6-8520-4185-a24c-0f62705e28dd","BLAN_015.tickPlot.tck","BLAN_015","2016-08-08T18:11Z","2017-04-25T16:00Z","BLAN_015.20160808","BLAN_015.20160808.IXOSP.L","Ixodidae sp.","IXOSP","family","Ixodidae",,,,,,"sp.",,,,"GSU_tickIdentification_SOP_2016-11-01.pdf",,"Larva",1,"OK","RNA stabilization buffer","USNMENT00984439","BLAN_015.20160808.01.L","Guy Hobbs","Georgia Southern University",
"13178acb-1fd5-4b45-b21c-ec55ac195afa","BLAN_005.tickPlot.tck","BLAN_005","2016-08-08T19:47Z","2017-05-18T16:00Z","BLAN_005.20160808","BLAN_005.20160808.IXOSCA.N","Ixodes scapularis","IXOSCA","species","Ixodidae",,,,"Ixodes",,"scapularis",,,"Cooley, R. A. and G. M. Kohls. 1945. The genus Ixodes in North America. National Institute of Health Bulletin, 184.","GSU_tickIdentification_SOP_2016-11-01.pdf","Say","Nymph",4,"OK","RNA stabilization buffer","USNMENT00984420","BLAN_005.20160808.01.IXOSCA.N","Lorenza Beati","Georgia Southern University",
"f2e84a10-cd7e-4c57-b386-6ef11138d974","BLAN_005.tickPlot.tck","BLAN_005","2016-08-08T19:47Z","2017-04-24T16:00Z","BLAN_005.20160808","BLAN_005.20160808.IXOSP.L","Ixodidae sp.","IXOSP","family","Ixodidae",,,,,,"sp.",,,,"GSU_tickIdentification_SOP_2016-11-01.pdf",,"Larva",1,"OK","RNA stabilization buffer","USNMENT00984419","BLAN_005.20160808.01.L","Guy Hobbs","Georgia Southern University",
"69b1ed49-45d6-4a44-9dae-3958260219c3","BLAN_015.tickPlot.tck","BLAN_015","2016-08-29T16:12Z","2017-04-26T16:00Z","BLAN_015.20160829","BLAN_015.20160829.IXOSP.L","Ixodidae sp.","IXOSP","family","Ixodidae",,,,,,"sp.",,,,"GSU_tickIdentification_SOP_2016-11-01.pdf",,"Larva",1,"OK","RNA stabilization buffer","USNMENT00984455","BLAN_015.20160829.01.L","Guy Hobbs","Georgia Southern University",
"63b328fd-1a9b-451a-89f4-e07e390615b5","BLAN_012.tickPlot.tck","BLAN_012","2016-08-29T17:04Z","2017-04-26T16:00Z","BLAN_012.20160829","BLAN_012.20160829.IXOSP.L","Ixodidae sp.","IXOSP","family","Ixodidae",,,,,,"sp.",,,,"GSU_tickIdentification_SOP_2016-11-01.pdf",,"Larva",1,"OK","RNA stabilization buffer","USNMENT00984451","BLAN_012.20160829.01.L","Guy Hobbs","Georgia Southern University",
"7f48b1bd-e51c-4725-9704-40fed0e93c1c","BLAN_012.tickPlot.tck","BLAN_012","2016-08-29T17:04Z","2017-05-17T16:00Z","BLAN_012.20160829","BLAN_012.20160829.IXOSCA.N","Ixodes scapularis","IXOSCA","species","Ixodidae",,,,"Ixodes",,"scapularis",,,"Cooley, R. A. and G. M. Kohls. 1945. The genus Ixodes in North America. National Institute of Health Bulletin, 184.","GSU_tickIdentification_SOP_2016-11-01.pdf","Say","Nymph",1,"OK","RNA stabilization buffer","USNMENT00984450","BLAN_012.20160829.01.IXOSCA.N","Lorenza Beati","Georgia Southern University",
"cd864ac2-c1db-4e81-9912-5cab4b7706f3","BLAN_005.tickPlot.tck","BLAN_005","2016-08-29T17:58Z","2017-05-17T16:00Z","BLAN_005.20160829","BLAN_005.20160829.IXOSCA.N","Ixodes scapularis","IXOSCA","species","Ixodidae",,,,"Ixodes",,"scapularis",,,"Cooley, R. A. and G. M. Kohls. 1945. The genus Ixodes in North America. National Institute of Health Bulletin, 184.","GSU_tickIdentification_SOP_2016-11-01.pdf","Say","Nymph",3,"OK","RNA stabilization buffer","USNMENT00984453","BLAN_005.20160829.01.IXOSCA.N","Lorenza Beati","Georgia Southern University",
"be819480-bffe-40aa-a5df-c696d0eb5ced","BLAN_005.tickPlot.tck","BLAN_005","2016-08-29T17:58Z","2017-05-17T16:00Z","BLAN_005.20160829","BLAN_005.20160829.AMBAME.N","Amblyomma americanum","AMBAME","species","Ixodidae",,,,"Amblyomma",,"americanum",,,"Cooley, R. A. and G. M. Kohls. 1944. The genus Amblyomma (ixodidae) in the United States. The Journal of Parasitology, 30(2):77-111.","GSU_tickIdentification_SOP_2016-11-01.pdf","Linnaeus","Nymph",1,"OK","RNA stabilization buffer","USNMENT00864588","BLAN_005.20160829.01.AMBAME.N","Lorenza Beati","Georgia Southern University",
