uid,namedLocation,domainID,siteID,plotID,plotType,nlcdClass,decimalLatitude,decimalLongitude,geodeticDatum,coordinateUncertainty,elevation,elevationUncertainty,collectDate,eventID,sampleID,sampleCode,samplingMethod,totalSampledArea,targetTaxaPresent,adultCount,nymphCount,larvaCount,sampleCondition,samplingProtocolVersion,measuredBy,remarks
"eaec5a1b-55f4-499a-986f-fdb18419f4b5","BLAN_002.tickPlot.tck","D02","BLAN","BLAN_002","distributed","pastureHay",39.091474,-77.982149,"WGS84",20.1,145.6,0.1,"2016-08-08T16:10Z","BLAN.2016.32",,,"drag",160,"N",0,0,0,"No known compromise","NEON.DOC.014045vG","mp8anvyHTMxgSfzrnILEromrcsyUQO3e",
"2de7e460-a2a6-4469-86b6-78393ec08cb6","BLAN_012.tickPlot.tck","D02","BLAN","BLAN_012","distributed","deciduousForest",39.082720,-77.959589,"WGS84",20.2,135.1,0.2,"2016-08-08T16:56Z","BLAN.2016.32","BLAN_012.20160808",,"drag",164,"Y",0,0,3,"No known compromise","NEON.DOC.014045vG","/AhbGCCF27wHz9TggrmS1nLN8zUO+zcB",
"988b17cc-59ee-4d1d-8526-dae0ee6768fd","BLAN_004.tickPlot.tck","D02","BLAN","BLAN_004","distributed","pastureHay",39.088416,-77.961331,"WGS84",20.1,123.7,0.1,"2016-08-08T17:19Z","BLAN.2016.32",,,"drag",160,"N",0,0,0,"No known compromise","NEON.DOC.014045vG","mp8anvyHTMxgSfzrnILEromrcsyUQO3e",
"5e3d1f4d-7180-47d8-8d12-d5f975579aca","BLAN_008.tickPlot.tck","D02","BLAN","BLAN_008","distributed","pastureHay",39.083870,-77.966320,"WGS84",20.4,159.6,0.5,"2016-08-08T18:00Z","BLAN.2016.32",,,"drag",160,"N",0,0,0,"No known compromise","NEON.DOC.014045vG","mp8anvyHTMxgSfzrnILEromrcsyUQO3e",
"5253087b-ceb2-439a-aa16-c186e4270823","BLAN_015.tickPlot.tck","D02","BLAN","BLAN_015","distributed","deciduousForest",39.088728,-77.955494,"WGS84",20.2,125.9,0.2,"2016-08-08T18:11Z","BLAN.2016.32","BLAN_015.20160808",,"drag",162,"Y",0,0,20,"No known compromise","NEON.DOC.014045vG","/AhbGCCF27wHz9TggrmS1nLN8zUO+zcB",
"a4a02ee4-93c6-4a52-9035-6c53706a867a","BLAN_005.tickPlot.tck","D02","BLAN","BLAN_005","distributed","deciduousForest",39.086223,-77.972729,"WGS84",20.2,169.1,0.3,"2016-08-08T19:47Z","BLAN.2016.32","BLAN_005.20160808",,"drag",163,"Y",0,4,176,"No known compromise","NEON.DOC.014045vG","/AhbGCCF27wHz9TggrmS1nLN8zUO+zcB","Vial spilled in field, recounted in lab"
"a5bff89a-7602-47a1-a147-0a5ab0938165","BLAN_002.tickPlot.tck","D02","BLAN","BLAN_002","distributed","pastureHay",39.091474,-77.982149,"WGS84",20.1,145.6,0.1,"2016-08-29T14:28Z","BLAN.2016.35",,,"drag",160,"N",0,0,0,"No known compromise","NEON.DOC.014045vG","miG9Pp4as+lPDpzAikTzOwpEym5atXOk",
"d43ef5a3-cecf-4d94-a3d3-daf882b1641e","BLAN_008.tickPlot.tck","D02","BLAN","BLAN_008","distributed","pastureHay",39.083870,-77.966320,"WGS84",20.4,159.6,0.5,"2016-08-29T15:07Z","BLAN.2016.35",,,"drag",162,"N",0,0,0,"No known compromise","NEON.DOC.014045vG","miG9Pp4as+lPDpzAikTzOwpEym5atXOk",
"0cf1f62e-d3b7-426c-83c3-d93d1cc802ef","BLAN_004.tickPlot.tck","D02","BLAN","BLAN_004","distributed","pastureHay",39.088416,-77.961331,"WGS84",20.1,123.7,0.1,"2016-08-29T15:31Z","BLAN.2016.35",,,"drag",160,"N",0,0,0,"No known compromise","NEON.DOC.014045vG","miG9Pp4as+lPDpzAikTzOwpEym5atXOk",
"e36499b6-a8b6-438d-8aad-8112149aaeb7","BLAN_015.tickPlot.tck","D02","BLAN","BLAN_015","distributed","deciduousForest",39.088728,-77.955494,"WGS84",20.2,125.9,0.2,"2016-08-29T16:12Z","BLAN.2016.35","BLAN_015.20160829",,"drag",160,"Y",0,0,4,"No known compromise","NEON.DOC.014045vG","miG9Pp4as+lPDpzAikTzOwpEym5atXOk",
"c88a1aa4-a334-466c-ab98-aaffd49b414e","BLAN_012.tickPlot.tck","D02","BLAN","BLAN_012","distributed","deciduousForest",39.082720,-77.959589,"WGS84",20.2,135.1,0.2,"2016-08-29T17:04Z","BLAN.2016.35","BLAN_012.20160829",,"drag",162,"Y",0,1,2,"No known compromise","NEON.DOC.014045vG","miG9Pp4as+lPDpzAikTzOwpEym5atXOk",
"f6f089f0-eedf-4189-a7a5-07ddefdb4996","BLAN_005.tickPlot.tck","D02","BLAN","BLAN_005","distributed","deciduousForest",39.086223,-77.972729,"WGS84",20.2,169.1,0.3,"2016-08-29T17:58Z","BLAN.2016.35","BLAN_005.20160829",,"drag",160,"Y",0,3,74,"No known compromise","NEON.DOC.014045vG","miG9Pp4as+lPDpzAikTzOwpEym5atXOk","Larval processing was needed. Dropped 1 larval. 58 larvae in vial 01 and 16 larvae in vial 02 (processed from ethanol vial)."
