uid,namedLocation,domainID,siteID,plotID,plotType,nlcdClass,decimalLatitude,decimalLongitude,geodeticDatum,coordinateUncertainty,elevation,elevationUncertainty,collectDate,eventID,sampleID,sampleCode,samplingMethod,totalSampledArea,targetTaxaPresent,adultCount,nymphCount,larvaCount,sampleCondition,samplingProtocolVersion,measuredBy,remarks
"73c6e2ba-c2b9-4339-90e7-c4778a82556b","STEI_023.tickPlot.tck","D05","STEI","STEI_023","distributed","woodyWetlands",45.824017,-90.096171,"WGS84",20.2,480.4,0.3,"2018-08-07T16:36Z","STEI.2018.32",,,"drag and flag",151,"N",0,0,0,,"NEON.DOC.014045vJ","UrIrVULjX6rksC5Bv8RX5xSv+khuOcTHtU/lAp2t5w8=",
"1f053d4c-0ba3-4475-98c2-6e167bc9b1da","STEI_029.tickPlot.tck","D05","STEI","STEI_029","distributed","mixedForest",45.832878,-90.075489,"WGS84",20.1,492.2,0.2,"2018-08-07T18:15Z","STEI.2018.32",,,"drag and flag",160,"N",0,0,0,,"NEON.DOC.014045vJ","AhZsviUviMNoNqEyyPr85yIRwM2ADy+TTr0X6Ji0aLk=",
"c6fb4f46-a325-4675-b9d3-1f4c38a46533","STEI_003.tickPlot.tck","D05","STEI","STEI_003","distributed","deciduousForest",45.824086,-90.071058,"WGS84",20.3,510.1,0.5,"2018-08-09T18:45Z","STEI.2018.32",,,"drag and flag",160,"N",0,0,0,,"NEON.DOC.014045vJ","DoyoJGaaI+hHB0330K9yhKmijjCWUazfDv/1tiwM+bI=",
"1799edd1-ccf1-49cf-9348-26f46ce58196","STEI_005.tickPlot.tck","D05","STEI","STEI_005","distributed","deciduousForest",45.825112,-90.085882,"WGS84",20.3,509.9,0.5,"2018-08-09T20:00Z","STEI.2018.32",,,"drag",80,"N",0,0,0,,"NEON.DOC.014045vJ","J4gztqMdLf0q1UA9iNDYKjIDa0NBJAOfeqnAdg1Dr6Q=","Began raining. Had to abort"
"52fb2cbd-b478-4fd7-8f57-ed64be6435b3","STEI_002.tickPlot.tck","D05","STEI","STEI_002","distributed","deciduousForest",45.796166,-90.091452,"WGS84",20.2,520.3,0.4,"2018-08-30T17:06Z","STEI.2018.35",,,"drag and flag",160,"N",0,0,0,,"NEON.DOC.014045vJ","PTJV+Na8q5rXlc2VdpDZym+v0CyW08ED+5D+SsP87wo=",
"7679218e-1e6b-46e8-b8eb-25e00ab76cd3","STEI_001.tickPlot.tck","D05","STEI","STEI_001","distributed","deciduousForest",45.812978,-90.091123,"WGS84",20.3,509.3,0.4,"2018-08-30T17:10Z","STEI.2018.35","STEI_001.20180830","A00000007189","flag",160,"Y",0,1,0,"No known compromise","NEON.DOC.014045vJ","AhZsviUviMNoNqEyyPr85yIRwM2ADy+TTr0X6Ji0aLk=",
"23f55847-e8aa-44ce-b44c-8ba3923779cb","STEI_003.tickPlot.tck","D05","STEI","STEI_003","distributed","deciduousForest",45.824086,-90.071058,"WGS84",20.3,510.1,0.5,"2018-08-30T18:09Z","STEI.2018.35","STEI_003.20180830","A00000007462","drag and flag",160,"Y",0,0,1,"No known compromise","NEON.DOC.014045vJ","J4gztqMdLf0q1UA9iNDYKjIDa0NBJAOfeqnAdg1Dr6Q=",
"59d48806-669d-494c-a420-f86b26d061e7","STEI_023.tickPlot.tck","D05","STEI","STEI_023","distributed","woodyWetlands",45.824017,-90.096171,"WGS84",20.2,480.4,0.3,"2018-08-30T18:22Z","STEI.2018.35",,,"flag",134,"N",0,0,0,,"NEON.DOC.014045vJ","AhZsviUviMNoNqEyyPr85yIRwM2ADy+TTr0X6Ji0aLk=",
"e07a8475-a6e1-4fbd-be7d-5c33cf798219","STEI_029.tickPlot.tck","D05","STEI","STEI_029","distributed","mixedForest",45.832878,-90.075489,"WGS84",20.1,492.2,0.2,"2018-08-30T19:14Z","STEI.2018.35","STEI_029.20180830","A00000001155","drag and flag",160,"Y",0,0,3,"No known compromise","NEON.DOC.014045vJ","PTJV+Na8q5rXlc2VdpDZym+v0CyW08ED+5D+SsP87wo=",
"155f1a14-40c3-4b49-bc0b-f6205c52f520","STEI_005.tickPlot.tck","D05","STEI","STEI_005","distributed","deciduousForest",45.825112,-90.085882,"WGS84",20.3,509.9,0.5,"2018-08-30T19:42Z","STEI.2018.35",,,"flag",160,"N",0,0,0,,"NEON.DOC.014045vJ","AhZsviUviMNoNqEyyPr85yIRwM2ADy+TTr0X6Ji0aLk=",
