uid,namedLocation,domainID,siteID,plotID,plotType,nlcdClass,decimalLatitude,decimalLongitude,geodeticDatum,coordinateUncertainty,elevation,elevationUncertainty,collectDate,eventID,sampleID,sampleCode,samplingMethod,totalSampledArea,targetTaxaPresent,adultCount,nymphCount,larvaCount,sampleCondition,samplingProtocolVersion,measuredBy,remarks
"15852f3f-a3a1-4405-a079-ec72736a2e51","BART_002.tickPlot.tck","D01","BART","BART_002","distributed","deciduousForest",44.035231,-71.274674,"WGS84",20.2,502.6,0.3,"2015-06-10T12:30Z","BART.2015.23",,,"drag and flag",160,"N",0,0,,,"NEON.DOC.014045vF","rTrwg79OFAN4zo7wch7oTB8DPk9DtrZz","Zero capture; no sample collected. No data transcription errors found"
"3fe789e1-63cf-44e7-b45b-8d44d8bbf660","BART_015.tickPlot.tck","D01","BART","BART_015","distributed","mixedForest",44.042149,-71.271603,"WGS84",20.3,455.0,0.5,"2015-06-10T14:03Z","BART.2015.23",,,"drag and flag",160,"N",0,0,,,"NEON.DOC.014045vF","rTrwg79OFAN4zo7wch7oTB8DPk9DtrZz","Zero capture; no sample collected. No data transcription errors found"
"037fb77f-d5f4-4f62-810f-3f62c399b172","BART_010.tickPlot.tck","D01","BART","BART_010","distributed","deciduousForest",44.051100,-71.267766,"WGS84",20.2,413.0,0.4,"2015-06-10T15:20Z","BART.2015.23",,,"drag and flag",158,"N",0,0,,,"NEON.DOC.014045vF","rTrwg79OFAN4zo7wch7oTB8DPk9DtrZz","Zero capture; no sample collected. No data transcription errors found"
"fe5e4935-03d5-4665-828a-c30366a052bf","BART_011.tickPlot.tck","D01","BART","BART_011","distributed","mixedForest",44.048783,-71.295353,"WGS84",20.2,399.5,0.2,"2015-06-10T16:55Z","BART.2015.23",,,"drag and flag",160,"N",0,0,,,"NEON.DOC.014045vF","rTrwg79OFAN4zo7wch7oTB8DPk9DtrZz","Zero capture; no sample collected. No data transcription errors found"
"b9891874-da80-4abf-a277-10f554fb366b","BART_029.tickPlot.tck","D01","BART","BART_029","distributed","evergreenForest",44.058948,-71.289336,"WGS84",20.2,291.7,0.3,"2015-06-10T18:10Z","BART.2015.23",,,"drag and flag",130,"N",0,0,,,"NEON.DOC.014045vF","rTrwg79OFAN4zo7wch7oTB8DPk9DtrZz","Zero capture; no sample collected. No data transcription errors found"
"7287d74c-73e0-4632-9696-24ad858e4b61","BART_019.tickPlot.tck","D01","BART","BART_019","distributed","mixedForest",44.069350,-71.288001,"WGS84",20.2,231.8,0.2,"2015-06-10T19:03Z","BART.2015.23",,,"drag and flag",153,"N",0,0,,,"NEON.DOC.014045vF","rTrwg79OFAN4zo7wch7oTB8DPk9DtrZz","Zero capture; no sample collected. No data transcription errors found"
"f71d53e0-9012-4d27-b95f-dcacfafc6f6f","BART_029.tickPlot.tck","D01","BART","BART_029","distributed","evergreenForest",44.058948,-71.289336,"WGS84",20.2,291.7,0.3,"2015-06-29T15:11Z","BART.2015.26",,,"drag and flag",145,"N",0,0,,,"NEON.DOC.014045vF","Py+ZzXoQAhNiZLMUhePVy0KW1AyjvubF","Zero capture; no sample collected. No data transcription errors found"
"c8f8d1ed-2b8a-4f5c-b180-b8b124dabe55","BART_019.tickPlot.tck","D01","BART","BART_019","distributed","mixedForest",44.069350,-71.288001,"WGS84",20.2,231.8,0.2,"2015-06-29T17:30Z","BART.2015.26",,,"drag and flag",156,"N",0,0,,,"NEON.DOC.014045vF","Py+ZzXoQAhNiZLMUhePVy0KW1AyjvubF","Zero capture; no sample collected. No data transcription errors found"
"ebe86373-ae7c-4706-803d-19a584e7e37f","BART_011.tickPlot.tck","D01","BART","BART_011","distributed","mixedForest",44.048783,-71.295353,"WGS84",20.2,399.5,0.2,"2015-06-30T13:21Z","BART.2015.26",,,"drag and flag",160,"N",0,0,,,"NEON.DOC.014045vF","Py+ZzXoQAhNiZLMUhePVy0KW1AyjvubF","Zero capture; no sample collected. No data transcription errors found"
"e15823d3-c297-4b75-95e5-e03f19277b26","BART_002.tickPlot.tck","D01","BART","BART_002","distributed","deciduousForest",44.035231,-71.274674,"WGS84",20.2,502.6,0.3,"2015-06-30T15:22Z","BART.2015.26",,,"drag and flag",160,"N",0,0,,,"NEON.DOC.014045vF","Py+ZzXoQAhNiZLMUhePVy0KW1AyjvubF","Zero capture; no sample collected. No data transcription errors found"
"2e543063-b985-4988-8623-b15898b1ac8b","BART_015.tickPlot.tck","D01","BART","BART_015","distributed","mixedForest",44.042149,-71.271603,"WGS84",20.3,455.0,0.5,"2015-06-30T17:25Z","BART.2015.26",,,"drag and flag",160,"N",0,0,,,"NEON.DOC.014045vF","Py+ZzXoQAhNiZLMUhePVy0KW1AyjvubF","Zero capture; no sample collected. No data transcription errors found"
"834f4c4e-4092-4a68-9369-b890eda19ac8","BART_010.tickPlot.tck","D01","BART","BART_010","distributed","deciduousForest",44.051100,-71.267766,"WGS84",20.2,413.0,0.4,"2015-06-30T19:00Z","BART.2015.26",,,"drag and flag",159,"N",0,0,,,"NEON.DOC.014045vF","Py+ZzXoQAhNiZLMUhePVy0KW1AyjvubF","Zero capture; no sample collected. No data transcription errors found"
