uid,namedLocation,domainID,siteID,plotID,plotType,nlcdClass,decimalLatitude,decimalLongitude,geodeticDatum,coordinateUncertainty,elevation,elevationUncertainty,collectDate,eventID,sampleID,sampleCode,samplingMethod,totalSampledArea,targetTaxaPresent,adultCount,nymphCount,larvaCount,sampleCondition,samplingProtocolVersion,measuredBy,remarks
"02cfdbae-219e-4974-b5a3-ab41368db7a9","UKFS_003.tickPlot.tck","D06","UKFS","UKFS_003","distributed","deciduousForest",39.053769,-95.187084,"WGS84",20.1,323.1,0.1,"2018-06-12T13:43Z","UKFS.2018.24",,,"drag and flag",175,"N",0,0,0,,"NEON.DOC.014045vJ","kkbwkCoDsA6KGEHVdDf/jWkh+6A9lNBAX0snNK7CGzQ=",
"a5b967da-7892-4875-92ca-7f41c4994f38","UKFS_001.tickPlot.tck","D06","UKFS","UKFS_001","distributed","deciduousForest",39.037238,-95.198631,"WGS84",20.1,322.7,0.1,"2018-06-12T13:46Z","UKFS.2018.24","UKFS_001.20180612","B00000015951","drag and flag",160,"Y",4,7,0,"No known compromise","NEON.DOC.014045vJ","BzXmPCNcOOHN+4WoRH/YOLtfE/2IfrpjmP4lUHCqM3E=",
"07bfd3a1-1d63-4da3-a2bc-84217ad1417b","UKFS_018.tickPlot.tck","D06","UKFS","UKFS_018","distributed","grasslandHerbaceous",39.053205,-95.194659,"WGS84",20.1,325.8,0.1,"2018-06-12T14:28Z","UKFS.2018.24",,,"drag",160,"N",0,0,0,,"NEON.DOC.014045vJ","kkbwkCoDsA6KGEHVdDf/jWkh+6A9lNBAX0snNK7CGzQ=",
"17e57674-3fd3-4c9d-9dab-47a50bb2abc7","UKFS_004.tickPlot.tck","D06","UKFS","UKFS_004","distributed","deciduousForest",39.043188,-95.201000,"WGS84",20.1,320.0,0.2,"2018-06-12T14:53Z","UKFS.2018.24","UKFS_004.20180612","B00000016170","drag and flag",130,"Y",1,4,0,"No known compromise","NEON.DOC.014045vJ","kkbwkCoDsA6KGEHVdDf/jWkh+6A9lNBAX0snNK7CGzQ=",
"7499e82f-e227-4a3c-96d6-b0b73588ec30","UKFS_030.tickPlot.tck","D06","UKFS","UKFS_030","distributed","grasslandHerbaceous",39.045115,-95.213433,"WGS84",20.1,321.9,0.1,"2018-06-12T14:55Z","UKFS.2018.24","UKFS_030.20180612","B00000015958","drag",160,"Y",0,1,0,"No known compromise","NEON.DOC.014045vJ","BzXmPCNcOOHN+4WoRH/YOLtfE/2IfrpjmP4lUHCqM3E=",
"3567ab52-1112-4c91-9050-c3a8603d748f","UKFS_002.tickPlot.tck","D06","UKFS","UKFS_002","distributed","deciduousForest",39.045892,-95.207026,"WGS84",20.1,316.0,0.2,"2018-06-12T15:22Z","UKFS.2018.24","UKFS_002.20180612","B00000015945","drag",160,"Y",0,1,0,"No known compromise","NEON.DOC.014045vJ","BzXmPCNcOOHN+4WoRH/YOLtfE/2IfrpjmP4lUHCqM3E=",
