uid,namedLocation,domainID,siteID,plotID,plotType,nlcdClass,decimalLatitude,decimalLongitude,geodeticDatum,coordinateUncertainty,elevation,elevationUncertainty,collectDate,eventID,sampleID,sampleCode,samplingMethod,totalSampledArea,targetTaxaPresent,adultCount,nymphCount,larvaCount,sampleCondition,samplingProtocolVersion,measuredBy,remarks
"fb2f3c71-6b5e-4187-ad76-2b6a55369727","ABBY_005.tickPlot.tck","D16","ABBY","ABBY_005","distributed","shrubScrub",45.771976,-122.388089,"WGS84",20.1,492.2,0.1,"2017-07-19T16:26Z","ABBY.2017.30",,,"drag and flag",159,"N",0,0,0,,"NEON.DOC.014045vH","s/lmw0PcTzTZ4XfKEf8KqKw+DAg4XZhpYqIPpOx3wng=",
"084a8d1b-6d72-49f1-b61b-8593b31fda4d","ABBY_003.tickPlot.tck","D16","ABBY","ABBY_003","distributed","evergreenForest",45.760799,-122.371290,"WGS84",20.1,626.2,0.1,"2017-07-19T17:51Z","ABBY.2017.30",,,"drag and flag",163,"N",0,0,0,,"NEON.DOC.014045vH","s/lmw0PcTzTZ4XfKEf8KqKw+DAg4XZhpYqIPpOx3wng=",
"ba19959c-95b9-4433-857d-e0a569799b0e","ABBY_006.tickPlot.tck","D16","ABBY","ABBY_006","distributed","evergreenForest",45.752800,-122.297903,"WGS84",20.3,576.4,0.4,"2017-07-19T18:30Z","ABBY.2017.30",,,"drag and flag",160,"N",0,0,0,,"NEON.DOC.014045vH","ek73KqIvQF8RhLDCLTKMoAaxRWZ9yW3gVzCev5Zm+/g=",
"7bf86a97-8a99-4a01-be70-df09554e6931","ABBY_023.tickPlot.tck","D16","ABBY","ABBY_023","distributed","mixedForest",45.745006,-122.383498,"WGS84",20.1,478.7,0.1,"2017-07-19T19:48Z","ABBY.2017.30",,,"drag and flag",136,"N",0,0,0,,"NEON.DOC.014045vH","s/lmw0PcTzTZ4XfKEf8KqKw+DAg4XZhpYqIPpOx3wng=","Fell over log and broke dowel but taped it back together"
"aea50fca-f057-473e-81cc-ff12ab60e747","ABBY_001.tickPlot.tck","D16","ABBY","ABBY_001","distributed","evergreenForest",45.773172,-122.348101,"WGS84",20.1,294.3,0.2,"2017-07-19T20:21Z","ABBY.2017.30",,,"drag and flag",160,"N",0,0,0,,"NEON.DOC.014045vH","48hv/AdwGIWPxDZycz1ek5cEK4FFchT/Bxrpsdm6akk=",
"54ac8a93-7030-4047-a43d-365fc2274c3a","ABBY_002.tickPlot.tck","D16","ABBY","ABBY_002","distributed","grasslandHerbaceous",45.737854,-122.308292,"WGS84",20.1,651.1,0.1,"2017-07-19T21:39Z","ABBY.2017.30",,,"drag and flag",160,"N",0,0,0,,"NEON.DOC.014045vH","s/lmw0PcTzTZ4XfKEf8KqKw+DAg4XZhpYqIPpOx3wng=",
