uid,namedLocation,domainID,siteID,plotID,plotType,nlcdClass,decimalLatitude,decimalLongitude,geodeticDatum,coordinateUncertainty,elevation,elevationUncertainty,collectDate,eventID,sampleID,sampleCode,samplingMethod,totalSampledArea,targetTaxaPresent,adultCount,nymphCount,larvaCount,sampleCondition,samplingProtocolVersion,measuredBy,remarks
"bd11c8d1-e350-45ee-b36c-1be3db37799e","GUAN_002.tickPlot.tck","D04","GUAN","GUAN_002","distributed","evergreenForest",17.972295,-66.826103,"WGS84",6.6,87.8,0.3,"2017-07-05T12:35Z","GUAN.2017.28",,,"drag and flag",126,"N",0,0,0,,"NEON.DOC.014045vH","llBB5GilomiL3H9rNtINJeX8UHMAu+L47sXe3XmgpK0=",
"1d223bb5-34e7-4b8d-a320-149765f21def","GUAN_031.tickPlot.tck","D04","GUAN","GUAN_031","distributed","evergreenForest",17.962171,-66.844084,"WGS84",6.4,43.4,0.1,"2017-07-05T14:05Z","GUAN.2017.28",,,"drag",116,"N",0,0,0,,"NEON.DOC.014045vH","GpwpAYpsrfUvg3+I3K3jEJjzqQmzqOEvAG0zyeYqDlc=",
"993da194-7759-4e8b-8255-be2dd552cbbc","GUAN_004.tickPlot.tck","D04","GUAN","GUAN_004","distributed","evergreenForest",17.968031,-66.853366,"WGS84",20.1,149.4,0.1,"2017-07-05T15:45Z","GUAN.2017.28",,,"drag",160,"N",0,0,0,,"NEON.DOC.014045vH","GpwpAYpsrfUvg3+I3K3jEJjzqQmzqOEvAG0zyeYqDlc=",
"5bde82fc-4a01-4381-8723-79949eab6cb7","GUAN_065.tickPlot.tck","D04","GUAN","GUAN_065","distributed","evergreenForest",17.972714,-66.873134,"WGS84",6.6,187.3,0.5,"2017-07-06T12:00Z","GUAN.2017.28",,,"drag and flag",158,"N",0,0,0,,"NEON.DOC.014045vH","llBB5GilomiL3H9rNtINJeX8UHMAu+L47sXe3XmgpK0=",
"7ae9abff-f658-40bc-af4e-591ae50d173e","GUAN_066.tickPlot.tck","D04","GUAN","GUAN_066","distributed","evergreenForest",17.974132,-66.879606,"WGS84",6.5,197.3,0.2,"2017-07-06T13:05Z","GUAN.2017.28",,,"drag",160,"N",0,0,0,,"NEON.DOC.014045vH","zPBe+8pzAK3Kf4/L2qJV36CjLL5KpYr+dJur8mfsxKJSqtDZzH3Glg==",
"622cc745-5807-4440-b498-58be675540ea","GUAN_006.tickPlot.tck","D04","GUAN","GUAN_006","distributed","evergreenForest",17.964057,-66.875100,"WGS84",6.5,84.5,0.3,"2017-07-06T14:50Z","GUAN.2017.28",,,"drag and flag",160,"N",0,0,0,,"NEON.DOC.014045vH","zPBe+8pzAK3Kf4/L2qJV36CjLL5KpYr+dJur8mfsxKJSqtDZzH3Glg==",
