uid,namedLocation,domainID,siteID,plotID,plotType,nlcdClass,decimalLatitude,decimalLongitude,geodeticDatum,coordinateUncertainty,elevation,elevationUncertainty,collectDate,eventID,sampleID,sampleCode,samplingMethod,totalSampledArea,targetTaxaPresent,adultCount,nymphCount,larvaCount,sampleCondition,samplingProtocolVersion,measuredBy,remarks
"80bb47b5-d7f0-4789-b9cc-b92aee0fcf32","KONZ_002.tickPlot.tck","D06","KONZ","KONZ_002","distributed","grasslandHerbaceous",39.118977,-96.547146,"WGS84",20.0,394.4,0.0,"2016-09-08T15:24Z","KONZ.2016.36","KONZ_002.20160908",,"drag and flag",160,"Y",0,5,0,"No known compromise","NEON.DOC.014045vG","fGNQi10tuSaT85ySoLLlkEg4DsEqwVGv",
"8e9a5500-2fec-46d1-ad8a-06468025558b","KONZ_004.tickPlot.tck","D06","KONZ","KONZ_004","distributed","grasslandHerbaceous",39.109647,-96.551370,"WGS84",20.0,371.9,0.0,"2016-09-08T16:30Z","KONZ.2016.36",,,"drag",160,"N",0,0,0,"No known compromise","NEON.DOC.014045vG","fGNQi10tuSaT85ySoLLlkEg4DsEqwVGv",
"fdd13f42-7b8a-49c9-a9c8-7ae69209b152","KONZ_007.tickPlot.tck","D06","KONZ","KONZ_007","distributed","grasslandHerbaceous",39.087937,-96.545919,"WGS84",20.1,434.0,0.1,"2016-09-08T17:35Z","KONZ.2016.36",,,"drag",160,"N",0,0,0,"No known compromise","NEON.DOC.014045vG","fGNQi10tuSaT85ySoLLlkEg4DsEqwVGv",
"a67aaeb2-73cd-41a5-87db-e5c44a6da9e8","KONZ_001.tickPlot.tck","D06","KONZ","KONZ_001","distributed","grasslandHerbaceous",39.074114,-96.557107,"WGS84",20.0,423.7,0.0,"2016-09-08T18:15Z","KONZ.2016.36",,,"drag",160,"N",0,0,0,"No known compromise","NEON.DOC.014045vG","fGNQi10tuSaT85ySoLLlkEg4DsEqwVGv",
"08e88277-8462-4e8f-9ab2-3db63f0bd520","KONZ_009.tickPlot.tck","D06","KONZ","KONZ_009","distributed","grasslandHerbaceous",39.107902,-96.584438,"WGS84",20.1,391.9,0.1,"2016-09-08T19:38Z","KONZ.2016.36",,,"drag",160,"N",0,0,0,"No known compromise","NEON.DOC.014045vG","fGNQi10tuSaT85ySoLLlkEg4DsEqwVGv",
"8cd0c33b-f748-476c-9221-e7bf0dbffe44","KONZ_025.tickPlot.tck","D06","KONZ","KONZ_025","distributed","deciduousForest",39.103714,-96.597832,"WGS84",20.1,337.3,0.1,"2016-09-08T20:25Z","KONZ.2016.36","KONZ_025.20160908",,"drag",160,"Y",0,0,129,"No known compromise","NEON.DOC.014045vG","fGNQi10tuSaT85ySoLLlkEg4DsEqwVGv",
"b18bc41c-6328-45f8-a64e-87a89dbe535d","KONZ_002.tickPlot.tck","D06","KONZ","KONZ_002","distributed","grasslandHerbaceous",39.118977,-96.547146,"WGS84",20.0,394.4,0.0,"2016-09-29T13:41Z","KONZ.2016.39","KONZ_002.20160929",,"drag and flag",160,"Y",0,1,0,"No known compromise","NEON.DOC.014045vG","UiQJ6NC02X5uZEcYqJAeU1eiGY+Ji5h+",
"f7200f1f-0ea3-43b9-8377-54bfcee4dab3","KONZ_004.tickPlot.tck","D06","KONZ","KONZ_004","distributed","grasslandHerbaceous",39.109647,-96.551370,"WGS84",20.0,371.9,0.0,"2016-09-29T14:52Z","KONZ.2016.39",,,"drag",160,"N",0,0,0,"No known compromise","NEON.DOC.014045vG","UiQJ6NC02X5uZEcYqJAeU1eiGY+Ji5h+",
"fd8656f4-a61a-48db-adb3-b4823112b435","KONZ_007.tickPlot.tck","D06","KONZ","KONZ_007","distributed","grasslandHerbaceous",39.087937,-96.545919,"WGS84",20.1,434.0,0.1,"2016-09-29T15:45Z","KONZ.2016.39",,,"drag and flag",160,"N",0,0,0,"No known compromise","NEON.DOC.014045vG","Oad2LKJFK3B2dDlh7YO8Pa8zgFdkkUNN",
"148f5d67-d5e5-45f1-b5f5-7fa15d2c6376","KONZ_001.tickPlot.tck","D06","KONZ","KONZ_001","distributed","grasslandHerbaceous",39.074114,-96.557107,"WGS84",20.0,423.7,0.0,"2016-09-29T16:31Z","KONZ.2016.39",,,"drag",160,"N",0,0,0,"No known compromise","NEON.DOC.014045vG","UiQJ6NC02X5uZEcYqJAeU1eiGY+Ji5h+",
"5e49a857-ab48-47ed-9f5f-bf8c3556abec","KONZ_009.tickPlot.tck","D06","KONZ","KONZ_009","distributed","grasslandHerbaceous",39.107902,-96.584438,"WGS84",20.1,391.9,0.1,"2016-09-29T18:53Z","KONZ.2016.39",,,"drag",160,"N",0,0,0,"No known compromise","NEON.DOC.014045vG","UiQJ6NC02X5uZEcYqJAeU1eiGY+Ji5h+",
"a611b6aa-7ea6-47ed-b15f-0c311fabc753","KONZ_025.tickPlot.tck","D06","KONZ","KONZ_025","distributed","deciduousForest",39.103714,-96.597832,"WGS84",20.1,337.3,0.1,"2016-09-29T19:40Z","KONZ.2016.39","KONZ_025.20160929",,"drag and flag",160,"Y",0,0,1,"No known compromise","NEON.DOC.014045vG","Oad2LKJFK3B2dDlh7YO8Pa8zgFdkkUNN",
