uid,namedLocation,plotID,collectDate,identifiedDate,sampleID,subsampleID,scientificName,acceptedTaxonID,taxonRank,family,subfamily,tribe,subtribe,genus,subgenus,specificEpithet,infraspecificEpithet,identificationQualifier,identificationReferences,identificationProtocolVersion,scientificNameAuthorship,sexOrAge,individualCount,sampleCondition,archiveMedium,archiveFacilityID,deprecatedVialID,identifiedBy,laboratoryName,remarks
"b4027c40-70b8-4f77-8acd-a2660469ca0d","KONZ_002.tickPlot.tck","KONZ_002","2016-09-08T15:24Z","2017-06-27T16:00Z","KONZ_002.20160908","KONZ_002.20160908.AMBAME.N","Amblyomma americanum","AMBAME","species","Ixodidae",,,,"Amblyomma",,"americanum",,,"Cooley, R. A. and G. M. Kohls. 1944. The genus Amblyomma (ixodidae) in the United States. The Journal of Parasitology, 30(2):77-111.","GSU_tickIdentification_SOP_2016-11-01.pdf","Linnaeus","Nymph",5,"OK","RNA stabilization buffer","USNMENT00984915","KONZ_002.20160908.AMBAME.N","Lorenza Beati","Georgia Southern University",
"c1cd155d-ba04-449e-8296-a976e2fa613d","KONZ_025.tickPlot.tck","KONZ_025","2016-09-08T20:25Z","2017-03-16T16:00Z","KONZ_025.20160908","KONZ_025.20160908.IXOSP.L","Ixodidae sp.","IXOSP","family","Ixodidae",,,,,,"sp.",,,,"GSU_tickIdentification_SOP_2016-11-01.pdf",,"Larva",1,"OK","RNA stabilization buffer","USNMENT01358049","KONZ_025.20160908.L","Lorenza Beati","Georgia Southern University","over invoice limit, will not be billed"
"abc86e94-06ff-407e-87fc-c766fe3ae1bd","KONZ_002.tickPlot.tck","KONZ_002","2016-09-29T13:41Z","2017-06-27T16:00Z","KONZ_002.20160929","KONZ_002.20160929.AMBAME.N","Amblyomma americanum","AMBAME","species","Ixodidae",,,,"Amblyomma",,"americanum",,,"Cooley, R. A. and G. M. Kohls. 1944. The genus Amblyomma (ixodidae) in the United States. The Journal of Parasitology, 30(2):77-111.","GSU_tickIdentification_SOP_2016-11-01.pdf","Linnaeus","Nymph",1,"OK","RNA stabilization buffer","USNMENT00984914","KONZ_002.20160929.AMBAME.N","Lorenza Beati","Georgia Southern University",
"7342d71d-5f1d-40d4-8614-8cae5157e86c","KONZ_025.tickPlot.tck","KONZ_025","2016-09-29T19:40Z","2017-06-27T16:00Z","KONZ_025.20160929","KONZ_025.20160929.IXOSP.L","Ixodidae sp.","IXOSP","family","Ixodidae",,,,,,"sp.",,,,"GSU_tickIdentification_SOP_2016-11-01.pdf",,"Larva",1,"OK","RNA stabilization buffer","USNMENT01358038","KONZ_025.20160929.L","Lorenza Beati","Georgia Southern University","over invoice limit, will not be billed"
