uid,namedLocation,domainID,siteID,plotID,plotType,nlcdClass,decimalLatitude,decimalLongitude,geodeticDatum,coordinateUncertainty,elevation,elevationUncertainty,collectDate,eventID,sampleID,sampleCode,samplingMethod,totalSampledArea,targetTaxaPresent,adultCount,nymphCount,larvaCount,sampleCondition,samplingProtocolVersion,measuredBy,remarks
"03827d70-0b69-4906-9f25-12d206b4c276","TALL_001.tickPlot.tck","D08","TALL","TALL_001","distributed","deciduousForest",32.976370,-87.432184,"WGS84",20.2,114.6,0.1,"2017-05-18T14:35Z","TALL.2017.21","TALL_001.20170518",,"drag and flag",160,"Y",2,7,0,"No known compromise","NEON.DOC.014045vH","yIE0BehrAzU+GvY23xj6a6hQom7g/sMMQWQ+CkJ2hGs=",
"a8fa2d71-9f57-4af3-b420-7733469cdb5f","TALL_003.tickPlot.tck","D08","TALL","TALL_003","distributed","mixedForest",32.894415,-87.416532,"WGS84",20.2,121.9,0.2,"2017-05-18T14:49Z","TALL.2017.21",,,"drag",160,"N",0,0,0,"No known compromise","NEON.DOC.014045vH","LVAPgAv6xh19C/3VJQSXPdnCeq509g5NN3aoB1Pgu+U=",
"667e0d0a-23c7-42e4-be2c-9991a4f553bf","TALL_006.tickPlot.tck","D08","TALL","TALL_006","distributed","evergreenForest",32.899144,-87.444571,"WGS84",20.3,108.6,0.3,"2017-05-18T15:43Z","TALL.2017.21","TALL_006.20170518",,"drag and flag",160,"Y",0,6,0,"No known compromise","NEON.DOC.014045vH","Ty5ktdGiRSqkqUWm9Npw4JAlXmlUMfF/XyCnO5fUs8Q=",
"0c594e1b-ff01-4722-b311-efd53cadfa1b","TALL_016.tickPlot.tck","D08","TALL","TALL_016","distributed","evergreenForest",32.971553,-87.415845,"WGS84",20.1,138.9,0.1,"2017-05-18T16:11Z","TALL.2017.21","TALL_016.20170518",,"drag and flag",160,"Y",1,1,0,"No known compromise","NEON.DOC.014045vH","nDk3u3/Gyje+hKaTCMqqjsY5CgZT7s9cLLilPZHkLiA=",
"f043cf32-e74e-493b-ae10-c8f84a431391","TALL_002.tickPlot.tck","D08","TALL","TALL_002","distributed","mixedForest",32.920823,-87.428955,"WGS84",20.3,104.0,0.4,"2017-05-18T17:06Z","TALL.2017.21","TALL_002.20170518",,"drag and flag",160,"Y",11,35,0,"No known compromise","NEON.DOC.014045vH","nDk3u3/Gyje+hKaTCMqqjsY5CgZT7s9cLLilPZHkLiA=",
"ea41c78d-d1c9-4904-b612-0bfc2a17eb66","TALL_008.tickPlot.tck","D08","TALL","TALL_008","distributed","deciduousForest",32.922874,-87.434097,"WGS84",20.2,127.5,0.2,"2017-05-18T19:10Z","TALL.2017.21","TALL_008.20170518",,"drag and flag",160,"Y",4,26,0,"No known compromise","NEON.DOC.014045vH","yIE0BehrAzU+GvY23xj6a6hQom7g/sMMQWQ+CkJ2hGs=",
