uid,namedLocation,plotID,collectDate,identifiedDate,sampleID,subsampleID,scientificName,acceptedTaxonID,taxonRank,family,subfamily,tribe,subtribe,genus,subgenus,specificEpithet,infraspecificEpithet,identificationQualifier,identificationReferences,identificationProtocolVersion,scientificNameAuthorship,sexOrAge,individualCount,sampleCondition,archiveMedium,archiveFacilityID,deprecatedVialID,identifiedBy,laboratoryName,remarks
"07237971-c815-4418-8096-ba3d40c9ee07","TALL_001.tickPlot.tck","TALL_001","2017-05-18T14:35Z","2017-12-14T17:00Z","TALL_001.20170518","TALL_001.20170518.AMBAME.N","Amblyomma americanum","AMBAME","species","Ixodidae",,,,"Amblyomma",,"americanum",,,"Cooley, R. A. and G. M. Kohls. 1944. The genus Amblyomma (ixodidae) in the United States. The Journal of Parasitology, 30(2):77-111.","GSU_tickIdentification_SOP_2016-11-01.pdf","Linnaeus","Nymph",7,"OK","90% ethanol","USNMENT01358336","TALL_001.20170518.AMBAME.N","Lorenza Beati","Georgia Southern University",
"4984041d-bc42-4d65-9467-6dfdc560df86","TALL_001.tickPlot.tck","TALL_001","2017-05-18T14:35Z","2017-12-14T17:00Z","TALL_001.20170518","TALL_001.20170518.AMBAME.F","Amblyomma americanum","AMBAME","species","Ixodidae",,,,"Amblyomma",,"americanum",,,"Cooley, R. A. and G. M. Kohls. 1944. The genus Amblyomma (ixodidae) in the United States. The Journal of Parasitology, 30(2):77-111.","GSU_tickIdentification_SOP_2016-11-01.pdf","Linnaeus","Female",1,"OK","90% ethanol","USNMENT01358337","TALL_001.20170518.AMBAME.F","Lorenza Beati","Georgia Southern University",
"da83970b-068d-43e8-80ac-1c00381834fd","TALL_001.tickPlot.tck","TALL_001","2017-05-18T14:35Z","2017-12-14T17:00Z","TALL_001.20170518","TALL_001.20170518.AMBAME.M","Amblyomma americanum","AMBAME","species","Ixodidae",,,,"Amblyomma",,"americanum",,,"Cooley, R. A. and G. M. Kohls. 1944. The genus Amblyomma (ixodidae) in the United States. The Journal of Parasitology, 30(2):77-111.","GSU_tickIdentification_SOP_2016-11-01.pdf","Linnaeus","Male",1,"OK","90% ethanol","USNMENT01358335","TALL_001.20170518.AMBAME.M","Lorenza Beati","Georgia Southern University",
"cb14fe9b-6ad4-447f-a0ce-68946343cbfe","TALL_006.tickPlot.tck","TALL_006","2017-05-18T15:43Z","2017-12-14T17:00Z","TALL_006.20170518","TALL_006.20170518.AMBAME.N","Amblyomma americanum","AMBAME","species","Ixodidae",,,,"Amblyomma",,"americanum",,,"Cooley, R. A. and G. M. Kohls. 1944. The genus Amblyomma (ixodidae) in the United States. The Journal of Parasitology, 30(2):77-111.","GSU_tickIdentification_SOP_2016-11-01.pdf","Linnaeus","Nymph",6,"OK","90% ethanol","USNMENT01358341","TALL_006.20170518.AMBAME.N","Lorenza Beati","Georgia Southern University",
"4eef3404-6260-43e3-b2a1-4033c17b335f","TALL_016.tickPlot.tck","TALL_016","2017-05-18T16:11Z","2017-12-14T17:00Z","TALL_016.20170518","TALL_016.20170518.AMBAME.F","Amblyomma americanum","AMBAME","species","Ixodidae",,,,"Amblyomma",,"americanum",,,"Cooley, R. A. and G. M. Kohls. 1944. The genus Amblyomma (ixodidae) in the United States. The Journal of Parasitology, 30(2):77-111.","GSU_tickIdentification_SOP_2016-11-01.pdf","Linnaeus","Female",1,"OK","90% ethanol","USNMENT01358345","TALL_016.20170518.AMBAME.F","Lorenza Beati","Georgia Southern University",
"f987d52d-90a3-4596-8ede-058cff31fade","TALL_016.tickPlot.tck","TALL_016","2017-05-18T16:11Z","2017-12-14T17:00Z","TALL_016.20170518","TALL_016.20170518.AMBAME.N","Amblyomma americanum","AMBAME","species","Ixodidae",,,,"Amblyomma",,"americanum",,,"Cooley, R. A. and G. M. Kohls. 1944. The genus Amblyomma (ixodidae) in the United States. The Journal of Parasitology, 30(2):77-111.","GSU_tickIdentification_SOP_2016-11-01.pdf","Linnaeus","Nymph",1,"OK","90% ethanol","USNMENT01358346","TALL_016.20170518.AMBAME.N","Lorenza Beati","Georgia Southern University",
"db32fe8b-b43a-4ea9-ae95-882eb93bc794","TALL_002.tickPlot.tck","TALL_002","2017-05-18T17:06Z","2017-12-14T17:00Z","TALL_002.20170518","TALL_002.20170518.AMBAME.F","Amblyomma americanum","AMBAME","species","Ixodidae",,,,"Amblyomma",,"americanum",,,"Cooley, R. A. and G. M. Kohls. 1944. The genus Amblyomma (ixodidae) in the United States. The Journal of Parasitology, 30(2):77-111.","GSU_tickIdentification_SOP_2016-11-01.pdf","Linnaeus","Female",8,"OK","90% ethanol","USNMENT01358338","TALL_002.20170518.AMBAME.F","Lorenza Beati","Georgia Southern University","TO PAULA"
"9af6d498-f273-40b9-9407-f3e6ef5eca24","TALL_002.tickPlot.tck","TALL_002","2017-05-18T17:06Z","2017-12-14T17:00Z","TALL_002.20170518","TALL_002.20170518.AMBAME.M","Amblyomma americanum","AMBAME","species","Ixodidae",,,,"Amblyomma",,"americanum",,,"Cooley, R. A. and G. M. Kohls. 1944. The genus Amblyomma (ixodidae) in the United States. The Journal of Parasitology, 30(2):77-111.","GSU_tickIdentification_SOP_2016-11-01.pdf","Linnaeus","Male",3,"OK","90% ethanol","USNMENT01358339","TALL_002.20170518.AMBAME.M","Lorenza Beati","Georgia Southern University",
"f772c305-8d4f-476c-bb60-1d20d2a80543","TALL_002.tickPlot.tck","TALL_002","2017-05-18T17:06Z","2017-12-14T17:00Z","TALL_002.20170518","TALL_002.20170518.AMBAME.N","Amblyomma americanum","AMBAME","species","Ixodidae",,,,"Amblyomma",,"americanum",,,"Cooley, R. A. and G. M. Kohls. 1944. The genus Amblyomma (ixodidae) in the United States. The Journal of Parasitology, 30(2):77-111.","GSU_tickIdentification_SOP_2016-11-01.pdf","Linnaeus","Nymph",36,"OK","90% ethanol","USNMENT01358340","TALL_002.20170518.AMBAME.N","Lorenza Beati","Georgia Southern University",
"0f4eadb8-6f7c-4559-bf2b-e58170bd9b76","TALL_008.tickPlot.tck","TALL_008","2017-05-18T19:10Z","2017-12-14T17:00Z","TALL_008.20170518","TALL_008.20170518.AMBAME.M","Amblyomma americanum","AMBAME","species","Ixodidae",,,,"Amblyomma",,"americanum",,,"Cooley, R. A. and G. M. Kohls. 1944. The genus Amblyomma (ixodidae) in the United States. The Journal of Parasitology, 30(2):77-111.","GSU_tickIdentification_SOP_2016-11-01.pdf","Linnaeus","Male",3,"OK","90% ethanol","USNMENT01358342","TALL_008.20170518.AMBAME.M","Lorenza Beati","Georgia Southern University",
"4b98a3b3-ceeb-43fe-abc0-f15f6281ba7e","TALL_008.tickPlot.tck","TALL_008","2017-05-18T19:10Z","2017-12-14T17:00Z","TALL_008.20170518","TALL_008.20170518.AMBAME.F","Amblyomma americanum","AMBAME","species","Ixodidae",,,,"Amblyomma",,"americanum",,,"Cooley, R. A. and G. M. Kohls. 1944. The genus Amblyomma (ixodidae) in the United States. The Journal of Parasitology, 30(2):77-111.","GSU_tickIdentification_SOP_2016-11-01.pdf","Linnaeus","Female",1,"OK","90% ethanol","USNMENT01358343","TALL_008.20170518.AMBAME.F","Lorenza Beati","Georgia Southern University",
"82b7f119-7da6-4583-b75b-2c8afd9daf9d","TALL_008.tickPlot.tck","TALL_008","2017-05-18T19:10Z","2017-12-14T17:00Z","TALL_008.20170518","TALL_008.20170518.AMBAME.N","Amblyomma americanum","AMBAME","species","Ixodidae",,,,"Amblyomma",,"americanum",,,"Cooley, R. A. and G. M. Kohls. 1944. The genus Amblyomma (ixodidae) in the United States. The Journal of Parasitology, 30(2):77-111.","GSU_tickIdentification_SOP_2016-11-01.pdf","Linnaeus","Nymph",28,"OK","90% ethanol","USNMENT01358344","TALL_008.20170518.AMBAME.N","Lorenza Beati","Georgia Southern University",
