uid,namedLocation,domainID,siteID,plotID,plotType,nlcdClass,decimalLatitude,decimalLongitude,geodeticDatum,coordinateUncertainty,elevation,elevationUncertainty,collectDate,eventID,sampleID,sampleCode,samplingMethod,totalSampledArea,targetTaxaPresent,adultCount,nymphCount,larvaCount,sampleCondition,samplingProtocolVersion,measuredBy,remarks
"5b286fc2-2831-48ac-bf74-43f8d630fc93","MLBS_006.tickPlot.tck","D07","MLBS","MLBS_006","distributed","deciduousForest",37.427058,-80.562386,"WGS84",20.1,785.7,0.2,"2018-05-23T14:50Z","MLBS.2018.21",,,"drag and flag",165,"N",0,0,0,,"NEON.DOC.014045vJ","5Ek0n6gchfIDPsOP0jKEohdVx5tVu8KFxKxo4oqalpg=",
"190a0e50-f052-45c7-beaf-f9ab3ded82ba","MLBS_009.tickPlot.tck","D07","MLBS","MLBS_009","distributed","deciduousForest",37.374340,-80.516549,"WGS84",20.2,1165.7,0.3,"2018-05-23T17:00Z","MLBS.2018.21",,,"drag and flag",165,"N",0,0,0,,"NEON.DOC.014045vJ","5Ek0n6gchfIDPsOP0jKEohdVx5tVu8KFxKxo4oqalpg=",
"8c38fcbd-a3fd-4dc7-b164-ffbbab0799f9","MLBS_004.tickPlot.tck","D07","MLBS","MLBS_004","distributed","deciduousForest",37.429068,-80.510286,"WGS84",20.1,890.2,0.1,"2018-05-23T18:07Z","MLBS.2018.21",,,"drag and flag",170,"N",0,0,0,,"NEON.DOC.014045vJ","5Ek0n6gchfIDPsOP0jKEohdVx5tVu8KFxKxo4oqalpg=",
"d6545594-b131-44f6-8f80-307da61d85af","MLBS_002.tickPlot.tck","D07","MLBS","MLBS_002","distributed","deciduousForest",37.371693,-80.525877,"WGS84",20.2,1187.0,0.3,"2018-05-23T19:26Z","MLBS.2018.21",,,"drag and flag",160,"N",0,0,0,,"NEON.DOC.014045vJ","5Ek0n6gchfIDPsOP0jKEohdVx5tVu8KFxKxo4oqalpg=",
"d8f5ac22-091c-4447-8d7c-1a22234ffd04","MLBS_003.tickPlot.tck","D07","MLBS","MLBS_003","distributed","deciduousForest",37.367221,-80.526898,"WGS84",20.1,1235.7,0.2,"2018-05-23T20:07Z","MLBS.2018.21","MLBS_003.20180523",,"drag and flag",160,"Y",0,1,0,"No known compromise","NEON.DOC.014045vJ","5Ek0n6gchfIDPsOP0jKEohdVx5tVu8KFxKxo4oqalpg=",
"6704a162-9a6e-4daa-b79e-5985a2650bda","MLBS_005.tickPlot.tck","D07","MLBS","MLBS_005","distributed","deciduousForest",37.363061,-80.519779,"WGS84",20.1,1277.4,0.2,"2018-05-23T20:47Z","MLBS.2018.21",,,"drag and flag",170,"N",0,0,0,,"NEON.DOC.014045vJ","5Ek0n6gchfIDPsOP0jKEohdVx5tVu8KFxKxo4oqalpg=",
