uid,namedLocation,plotID,collectDate,identifiedDate,sampleID,subsampleID,scientificName,acceptedTaxonID,taxonRank,family,subfamily,tribe,subtribe,genus,subgenus,specificEpithet,infraspecificEpithet,identificationQualifier,identificationReferences,identificationProtocolVersion,scientificNameAuthorship,sexOrAge,individualCount,sampleCondition,archiveMedium,archiveFacilityID,deprecatedVialID,identifiedBy,laboratoryName,remarks
"549ae834-952e-4622-aa39-37aebb7a1277","LENO_023.tickPlot.tck","LENO_023","2017-04-17T15:28Z","2017-12-28T17:00Z","LENO_023.20170417","LENO_023.20170417.AMBAME.M","Amblyomma americanum","AMBAME","species","Ixodidae",,,,"Amblyomma",,"americanum",,,"Cooley, R. A. and G. M. Kohls. 1944. The genus Amblyomma (ixodidae) in the United States. The Journal of Parasitology, 30(2):77-111.","GSU_tickIdentification_SOP_2016-11-01.pdf","Linnaeus","Male",1,"OK","90% ethanol","USNMENT01358355","LENO_023.20170417.AMBAME.M","Lorenza Beati","Georgia Southern University",
"fcd7dff4-9c90-47b0-aa9b-ca766136c6cf","LENO_023.tickPlot.tck","LENO_023","2017-04-17T15:28Z","2017-12-28T17:00Z","LENO_023.20170417","LENO_023.20170417.AMBAME.N","Amblyomma americanum","AMBAME","species","Ixodidae",,,,"Amblyomma",,"americanum",,,"Cooley, R. A. and G. M. Kohls. 1944. The genus Amblyomma (ixodidae) in the United States. The Journal of Parasitology, 30(2):77-111.","GSU_tickIdentification_SOP_2016-11-01.pdf","Linnaeus","Nymph",1,"OK","90% ethanol","USNMENT01358356","LENO_023.20170417.AMBAME.N","Lorenza Beati","Georgia Southern University",
"ef5f0ec6-7dcf-444b-a989-5b7b51d0d0cc","LENO_004.tickPlot.tck","LENO_004","2017-04-17T16:28Z","2017-12-28T17:00Z","LENO_004.20170417","LENO_004.20170417.AMBAME.N","Amblyomma americanum","AMBAME","species","Ixodidae",,,,"Amblyomma",,"americanum",,,"Cooley, R. A. and G. M. Kohls. 1944. The genus Amblyomma (ixodidae) in the United States. The Journal of Parasitology, 30(2):77-111.","GSU_tickIdentification_SOP_2016-11-01.pdf","Linnaeus","Nymph",1,"OK","90% ethanol","USNMENT01358353","LENO_004.20170417.AMBAME.N","Lorenza Beati","Georgia Southern University",
"967e714a-1389-426c-9b00-ebb9ed713344","LENO_004.tickPlot.tck","LENO_004","2017-04-17T16:28Z","2017-12-28T17:00Z","LENO_004.20170417","LENO_004.20170417.AMBAME.F","Amblyomma americanum","AMBAME","species","Ixodidae",,,,"Amblyomma",,"americanum",,,"Cooley, R. A. and G. M. Kohls. 1944. The genus Amblyomma (ixodidae) in the United States. The Journal of Parasitology, 30(2):77-111.","GSU_tickIdentification_SOP_2016-11-01.pdf","Linnaeus","Female",1,"OK","90% ethanol","USNMENT01358352","LENO_004.20170417.AMBAME.F","Lorenza Beati","Georgia Southern University",
"d4e12db6-faba-4205-84ff-160d4c66503c","LENO_015.tickPlot.tck","LENO_015","2017-04-17T18:08Z","2017-12-28T17:00Z","LENO_015.20170417","LENO_015.20170417.AMBAME.F","Amblyomma americanum","AMBAME","species","Ixodidae",,,,"Amblyomma",,"americanum",,,"Cooley, R. A. and G. M. Kohls. 1944. The genus Amblyomma (ixodidae) in the United States. The Journal of Parasitology, 30(2):77-111.","GSU_tickIdentification_SOP_2016-11-01.pdf","Linnaeus","Female",1,"OK","90% ethanol","USNMENT01358354","LENO_015.20170417.AMBAME.F","Lorenza Beati","Georgia Southern University",
"6e9d945c-134b-49ea-af3b-94b74a4d85e2","LENO_003.tickPlot.tck","LENO_003","2017-04-19T21:32Z","2017-12-28T17:00Z","LENO_003.20170419","LENO_003.20170419.AMBAME.F","Amblyomma americanum","AMBAME","species","Ixodidae",,,,"Amblyomma",,"americanum",,,"Cooley, R. A. and G. M. Kohls. 1944. The genus Amblyomma (ixodidae) in the United States. The Journal of Parasitology, 30(2):77-111.","GSU_tickIdentification_SOP_2016-11-01.pdf","Linnaeus","Female",1,"OK","90% ethanol","USNMENT01358351","LENO_003.20170419.AMBAME.F","Lorenza Beati","Georgia Southern University",
