uid,namedLocation,domainID,siteID,plotID,plotType,nlcdClass,decimalLatitude,decimalLongitude,geodeticDatum,coordinateUncertainty,elevation,elevationUncertainty,collectDate,eventID,sampleID,sampleCode,samplingMethod,totalSampledArea,targetTaxaPresent,adultCount,nymphCount,larvaCount,sampleCondition,samplingProtocolVersion,measuredBy,remarks
"19b94ef4-f880-419e-be5e-7cd678aaf2c5","LENO_023.tickPlot.tck","D08","LENO","LENO_023","distributed","deciduousForest",31.809463,-88.181417,"WGS84",20.2,11.6,0.2,"2017-04-17T15:28Z","LENO.2017.17","LENO_023.20170417",,"drag",100,"Y",1,1,0,"No known compromise","NEON.DOC.014045vG","cJDN8FQ+G8BHe8OkvD5PMz1h/kcM7qXCzeFqTpXsSj4=",
"624c18ee-31b7-4201-9025-c9b68d54f28c","LENO_004.tickPlot.tck","D08","LENO","LENO_004","distributed","woodyWetlands",31.822376,-88.181956,"WGS84",20.2,12.5,0.2,"2017-04-17T16:28Z","LENO.2017.17","LENO_004.20170417",,"drag and flag",150,"Y",1,1,0,"No known compromise","NEON.DOC.014045vG","cJDN8FQ+G8BHe8OkvD5PMz1h/kcM7qXCzeFqTpXsSj4=",
"ce8ce709-61b3-4326-a0c4-4dcb03e429bc","LENO_042.tickPlot.tck","D08","LENO","LENO_042","distributed","woodyWetlands",31.817825,-88.182881,"WGS84",20.2,14.6,0.3,"2017-04-17T17:28Z","LENO.2017.17",,,"drag and flag",120,"N",0,0,0,"No known compromise","NEON.DOC.014045vG","cJDN8FQ+G8BHe8OkvD5PMz1h/kcM7qXCzeFqTpXsSj4=",
"44934078-4cc1-4703-a3e4-a4c4f002670e","LENO_015.tickPlot.tck","D08","LENO","LENO_015","distributed","woodyWetlands",31.817299,-88.191485,"WGS84",20.5,14.2,0.8,"2017-04-17T18:08Z","LENO.2017.17","LENO_015.20170417",,"drag",160,"Y",1,0,0,"No known compromise","NEON.DOC.014045vG","cJDN8FQ+G8BHe8OkvD5PMz1h/kcM7qXCzeFqTpXsSj4=",
"3cef8edc-a788-47ad-af11-a1d88ca658eb","LENO_003.tickPlot.tck","D08","LENO","LENO_003","distributed","deciduousForest",31.809581,-88.187553,"WGS84",20.2,15.4,0.4,"2017-04-19T21:32Z","LENO.2017.17","LENO_003.20170419",,"flag",165,"Y",1,0,0,"No known compromise","NEON.DOC.014045vG","0CMTNH3k2YWPv92k8XQ959CdVlvuY1O8",
