uid,namedLocation,domainID,siteID,plotID,plotType,nlcdClass,decimalLatitude,decimalLongitude,geodeticDatum,coordinateUncertainty,elevation,elevationUncertainty,collectDate,eventID,sampleID,sampleCode,samplingMethod,totalSampledArea,targetTaxaPresent,adultCount,nymphCount,larvaCount,sampleCondition,samplingProtocolVersion,measuredBy,remarks
"926042ab-35eb-4027-8bcd-a537aa980503","ORNL_002.tickPlot.tck","D07","ORNL","ORNL_002","distributed","deciduousForest",35.983090,-84.211654,"WGS84",20.3,338.6,0.5,"2015-05-06T12:45Z","ORNL.2015.18","ORNL_002.20150506",,"drag and flag",170,"Y",1,4,,"No known compromise","NEON.DOC.014045vF","FII5NHkrIeQI4f+soqpivO/xVBSahwuJ",
"454ae7ce-94d0-489d-90e8-e857d5cd9ab9","ORNL_007.tickPlot.tck","D07","ORNL","ORNL_007","distributed","deciduousForest",35.925843,-84.328420,"WGS84",20.2,279.4,0.5,"2015-05-06T13:15Z","ORNL.2015.18","ORNL_007.20150506",,"drag and flag",160,"Y",1,8,,"No known compromise","NEON.DOC.014045vF","nAKPQvGWPz3w50pS9SF/Wg/TlEjgxRE8",
"96d79276-d77a-443d-9785-3babb00eb07c","ORNL_009.tickPlot.tck","D07","ORNL","ORNL_009","distributed","deciduousForest",35.974902,-84.226630,"WGS84",20.2,337.1,0.2,"2015-05-06T14:30Z","ORNL.2015.18","ORNL_009.20150506",,"drag and flag",160,"Y",1,2,,"No known compromise","NEON.DOC.014045vF","FII5NHkrIeQI4f+soqpivO/xVBSahwuJ","QA'ed Sthomason 0 error 20150622"
"a3a6f9b5-9464-431a-b41e-cc7e7efc3929","ORNL_008.tickPlot.tck","D07","ORNL","ORNL_008","distributed","deciduousForest",35.933531,-84.334016,"WGS84",20.3,322.7,0.3,"2015-05-06T14:59Z","ORNL.2015.18","ORNL_008.20150506",,"drag and flag",160,"Y",0,4,,"No known compromise","NEON.DOC.014045vF","nAKPQvGWPz3w50pS9SF/Wg/TlEjgxRE8",
"d7883fa0-b1f9-43f5-a9a1-23b6788c84d0","ORNL_040.tickPlot.tck","D07","ORNL","ORNL_040","distributed","evergreenForest",35.975525,-84.305103,"WGS84",20.2,273.2,0.2,"2015-05-06T16:23Z","ORNL.2015.18","ORNL_040.20150506",,"drag and flag",160,"Y",5,5,,"No known compromise","NEON.DOC.014045vF","nAKPQvGWPz3w50pS9SF/Wg/TlEjgxRE8",
"7770ee30-97c5-4b73-a9aa-1fa453c5fbda","ORNL_003.tickPlot.tck","D07","ORNL","ORNL_003","distributed","deciduousForest",35.967011,-84.229849,"WGS84",20.2,275.5,0.2,"2015-05-06T16:50Z","ORNL.2015.18","ORNL_003.20150506",,"drag and flag",160,"Y",1,1,,"No known compromise","NEON.DOC.014045vF","FII5NHkrIeQI4f+soqpivO/xVBSahwuJ",
"81a27733-261f-4d2e-9aed-bf9f83c8d639","ORNL_007.tickPlot.tck","D07","ORNL","ORNL_007","distributed","deciduousForest",35.925843,-84.328420,"WGS84",20.2,279.4,0.5,"2015-05-29T12:59Z","ORNL.2015.21","ORNL_007.20150529",,"drag and flag",140,"Y",0,8,,"No known compromise","NEON.DOC.014045vF","nAKPQvGWPz3w50pS9SF/Wg/TlEjgxRE8","plot was thick with sapplings, downed trees, and vines making it difficult to drag the full 160 meters"
"a0e9acce-51f2-4e48-8fe1-b349dc52696d","ORNL_002.tickPlot.tck","D07","ORNL","ORNL_002","distributed","deciduousForest",35.983090,-84.211654,"WGS84",20.3,338.6,0.5,"2015-05-29T13:15Z","ORNL.2015.21","ORNL_002.20150529",,"drag and flag",80,"Y",1,8,,"No known compromise","NEON.DOC.014045vF","49LI6M3+jMtxRtYmbfgyO+9Rpwup30X0","Corner flags were missing so had to pace the perimeter of the plot. Accidentally paced a 20x20m sized plot."
"0f0c89b6-b3ca-46ba-8b91-19cced7e71ca","ORNL_008.tickPlot.tck","D07","ORNL","ORNL_008","distributed","deciduousForest",35.933531,-84.334016,"WGS84",20.3,322.7,0.3,"2015-05-29T14:16Z","ORNL.2015.21","ORNL_008.20150529",,"drag and flag",160,"Y",1,8,,"No known compromise","NEON.DOC.014045vF","nAKPQvGWPz3w50pS9SF/Wg/TlEjgxRE8",
"4f17ca83-25fc-44b1-b136-d5826fe3a6ce","ORNL_009.tickPlot.tck","D07","ORNL","ORNL_009","distributed","deciduousForest",35.974902,-84.226630,"WGS84",20.2,337.1,0.2,"2015-05-29T14:20Z","ORNL.2015.21","ORNL_009.20150529",,"drag and flag",160,"Y",0,9,91,"No known compromise","NEON.DOC.014045vF","49LI6M3+jMtxRtYmbfgyO+9Rpwup30X0",
"55a9e607-3d3a-42c8-8b72-7e82d698630b","ORNL_040.tickPlot.tck","D07","ORNL","ORNL_040","distributed","evergreenForest",35.975525,-84.305103,"WGS84",20.2,273.2,0.2,"2015-05-29T15:24Z","ORNL.2015.21","ORNL_040.20150529",,"drag and flag",160,"Y",4,12,,"No known compromise","NEON.DOC.014045vF","nAKPQvGWPz3w50pS9SF/Wg/TlEjgxRE8",
"8c5f3d18-c4fa-4d5f-835c-628970f107cd","ORNL_003.tickPlot.tck","D07","ORNL","ORNL_003","distributed","deciduousForest",35.967011,-84.229849,"WGS84",20.2,275.5,0.2,"2015-05-29T16:15Z","ORNL.2015.21","ORNL_003.20150529",,"drag and flag",165,"Y",0,3,,"No known compromise","NEON.DOC.014045vF","49LI6M3+jMtxRtYmbfgyO+9Rpwup30X0",
