uid,namedLocation,plotID,collectDate,identifiedDate,sampleID,subsampleID,scientificName,acceptedTaxonID,taxonRank,family,subfamily,tribe,subtribe,genus,subgenus,specificEpithet,infraspecificEpithet,identificationQualifier,identificationReferences,identificationProtocolVersion,scientificNameAuthorship,sexOrAge,individualCount,sampleCondition,archiveMedium,archiveFacilityID,deprecatedVialID,identifiedBy,laboratoryName,remarks
"fd6efe91-6284-4ec2-bc9c-553ad9887076","ORNL_007.tickPlot.tck","ORNL_007","2015-05-06T13:15Z","2016-10-21T16:00Z","ORNL_007.20150506","ORNL_007.20150506.AMBAME.N","Amblyomma americanum","AMBAME","species","Ixodidae",,,,"Amblyomma",,"americanum",,,"Cooley, R. A. and G. M. Kohls. 1944. The genus Amblyomma (ixodidae) in the United States. The Journal of Parasitology, 30(2):77-111.","GSU_tickIdentification_SOP_2016-11-01.pdf","Linnaeus","Nymph",8,"OK","90% ethanol","USNMENT00865072","ORNL_007.20150506.1.1.Nymph","L. Beati","Georgia Southern University",
"c12e10e4-ad20-420c-9304-80f7ec5201ee","ORNL_007.tickPlot.tck","ORNL_007","2015-05-06T13:15Z","2016-10-21T16:00Z","ORNL_007.20150506","ORNL_007.20150506.AMBAME.M","Amblyomma americanum","AMBAME","species","Ixodidae",,,,"Amblyomma",,"americanum",,,"Cooley, R. A. and G. M. Kohls. 1944. The genus Amblyomma (ixodidae) in the United States. The Journal of Parasitology, 30(2):77-111.","GSU_tickIdentification_SOP_2016-11-01.pdf","Linnaeus","Male",1,"OK","90% ethanol","USNMENT00865071","ORNL_007.20150506.1.1.male","L. Beati","Georgia Southern University",
"80a2ea87-3335-4cfd-96c8-274f863fd365","ORNL_009.tickPlot.tck","ORNL_009","2015-05-06T14:30Z","2016-10-21T16:00Z","ORNL_009.20150506","ORNL_009.20150506.AMBAME.N","Amblyomma americanum","AMBAME","species","Ixodidae",,,,"Amblyomma",,"americanum",,,"Cooley, R. A. and G. M. Kohls. 1944. The genus Amblyomma (ixodidae) in the United States. The Journal of Parasitology, 30(2):77-111.","GSU_tickIdentification_SOP_2016-11-01.pdf","Linnaeus","Nymph",2,"OK","90% ethanol","USNMENT00865066","ORNL_009.20150506.1.1.Nymph","L. Beati","Georgia Southern University",
"3af7a399-6897-464e-9cbe-63b37e80cf24","ORNL_009.tickPlot.tck","ORNL_009","2015-05-06T14:30Z","2016-10-21T16:00Z","ORNL_009.20150506","ORNL_009.20150506.IXOSP.L","Ixodidae sp.","IXOSP","family","Ixodidae",,,,,,"sp.",,,,"GSU_tickIdentification_SOP_2016-11-01.pdf",,"Larva",1,"OK","90% ethanol","USNMENT00865065","ORNL_009.20150506.1.1.larvae","L. Beati","Georgia Southern University",
"aa681f71-d48f-4db2-a22a-1dfca760b211","ORNL_009.tickPlot.tck","ORNL_009","2015-05-06T14:30Z","2016-10-21T16:00Z","ORNL_009.20150506","ORNL_009.20150506.AMBAME.F","Amblyomma americanum","AMBAME","species","Ixodidae",,,,"Amblyomma",,"americanum",,,"Cooley, R. A. and G. M. Kohls. 1944. The genus Amblyomma (ixodidae) in the United States. The Journal of Parasitology, 30(2):77-111.","GSU_tickIdentification_SOP_2016-11-01.pdf","Linnaeus","Female",1,"OK","90% ethanol","USNMENT00865229","ORNL_009.20150506.1.1.Female","L. Beati","Georgia Southern University",
"f31751ed-7938-4f78-b260-8859eded1123","ORNL_040.tickPlot.tck","ORNL_040","2015-05-06T16:23Z","2016-10-21T16:00Z","ORNL_040.20150506","ORNL_040.20150506.AMBAME.N","Amblyomma americanum","AMBAME","species","Ixodidae",,,,"Amblyomma",,"americanum",,,"Cooley, R. A. and G. M. Kohls. 1944. The genus Amblyomma (ixodidae) in the United States. The Journal of Parasitology, 30(2):77-111.","GSU_tickIdentification_SOP_2016-11-01.pdf","Linnaeus","Nymph",2,"OK","90% ethanol","USNMENT00865050","ORNL_040.20150506.1.1.Nymph","L. Beati","Georgia Southern University",
"31d14842-4d01-4fbc-9e77-3e85885c0a2d","ORNL_040.tickPlot.tck","ORNL_040","2015-05-06T16:23Z","2016-10-21T16:00Z","ORNL_040.20150506","ORNL_040.20150506.IXOSCA.N","Ixodes scapularis","IXOSCA","species","Ixodidae",,,,"Ixodes",,"scapularis",,,"Keirans, J. E., and C. M. Clifford. 1978. The genus Ixodes in the United States: a scanning electron microscope study and key to the adults. Journal of Medical Entomology, 15(Supplement 2):1-38.","GSU_tickIdentification_SOP_2016-11-01.pdf","Say","Nymph",3,"OK","90% ethanol","USNMENT00865051","ORNL_040.20150506.1.1.Nymph","L. Beati","Georgia Southern University",
"2cdb2021-2dc7-4f34-93ed-620c6cdce99c","ORNL_040.tickPlot.tck","ORNL_040","2015-05-06T16:23Z","2016-10-21T16:00Z","ORNL_040.20150506","ORNL_040.20150506.AMBAME.F","Amblyomma americanum","AMBAME","species","Ixodidae",,,,"Amblyomma",,"americanum",,,"Cooley, R. A. and G. M. Kohls. 1944. The genus Amblyomma (ixodidae) in the United States. The Journal of Parasitology, 30(2):77-111.","GSU_tickIdentification_SOP_2016-11-01.pdf","Linnaeus","Female",2,"OK","90% ethanol","USNMENT00862235","ORNL_040.20150506.1.1.Female","L. Beati","Georgia Southern University",
"b859c0de-0b93-4f7d-b0d4-294e8e6171c4","ORNL_040.tickPlot.tck","ORNL_040","2015-05-06T16:23Z","2016-10-21T16:00Z","ORNL_040.20150506","ORNL_040.20150506.AMBAME.M","Amblyomma americanum","AMBAME","species","Ixodidae",,,,"Amblyomma",,"americanum",,,"Cooley, R. A. and G. M. Kohls. 1944. The genus Amblyomma (ixodidae) in the United States. The Journal of Parasitology, 30(2):77-111.","GSU_tickIdentification_SOP_2016-11-01.pdf","Linnaeus","Male",3,"OK","90% ethanol","USNMENT00865004","ORNL_040.20150506.1.1.Male","L. Beati","Georgia Southern University",
"2112c29f-16bb-4f76-96b9-7db703f9d299","ORNL_003.tickPlot.tck","ORNL_003","2015-05-06T16:50Z","2016-10-21T16:00Z","ORNL_003.20150506","ORNL_003.20150506.AMBAME.M","Amblyomma americanum","AMBAME","species","Ixodidae",,,,"Amblyomma",,"americanum",,,"Cooley, R. A. and G. M. Kohls. 1944. The genus Amblyomma (ixodidae) in the United States. The Journal of Parasitology, 30(2):77-111.","GSU_tickIdentification_SOP_2016-11-01.pdf","Linnaeus","Male",1,"OK","90% ethanol","USNMENT00865073","ORNL_003.20150506.1.1.male","L. Beati","Georgia Southern University",
"23236f0d-8c0b-435b-8a07-3bff055e7f83","ORNL_003.tickPlot.tck","ORNL_003","2015-05-06T16:50Z","2016-10-21T16:00Z","ORNL_003.20150506","ORNL_003.20150506.AMBAME.N","Amblyomma americanum","AMBAME","species","Ixodidae",,,,"Amblyomma",,"americanum",,,"Cooley, R. A. and G. M. Kohls. 1944. The genus Amblyomma (ixodidae) in the United States. The Journal of Parasitology, 30(2):77-111.","GSU_tickIdentification_SOP_2016-11-01.pdf","Linnaeus","Nymph",1,"OK","90% ethanol","USNMENT00865074","ORNL_003.20150506.1.1.Nymph","L. Beati","Georgia Southern University",
"cb98c6a1-6107-4abf-9a70-6d3f57c47e50","ORNL_007.tickPlot.tck","ORNL_007","2015-05-29T12:59Z","2016-10-21T16:00Z","ORNL_007.20150529","ORNL_007.20150529.AMBAME.N","Amblyomma americanum","AMBAME","species","Ixodidae",,,,"Amblyomma",,"americanum",,,"Cooley, R. A. and G. M. Kohls. 1944. The genus Amblyomma (ixodidae) in the United States. The Journal of Parasitology, 30(2):77-111.","GSU_tickIdentification_SOP_2016-11-01.pdf","Linnaeus","Nymph",8,"OK","90% ethanol","USNMENT00865178","ORNL_007.20150529.2.1.Nymph","L. Beati","Georgia Southern University",
"4f1f05b3-804e-4f94-b037-f53b26f62651","ORNL_002.tickPlot.tck","ORNL_002","2015-05-29T13:15Z","2016-10-24T16:00Z","ORNL_002.20150529","ORNL_002.20150529.AMBAME.F","Amblyomma americanum","AMBAME","species","Ixodidae",,,,"Amblyomma",,"americanum",,,"Cooley, R. A. and G. M. Kohls. 1944. The genus Amblyomma (ixodidae) in the United States. The Journal of Parasitology, 30(2):77-111.","GSU_tickIdentification_SOP_2016-11-01.pdf","Linnaeus","Female",1,"OK","90% ethanol","USNMENT00865350","ORNL_002.20150529.2.1.Female","L. Beati","Georgia Southern University",
"1c4091b2-08df-4842-b751-c734f477d985","ORNL_002.tickPlot.tck","ORNL_002","2015-05-29T13:15Z","2016-10-24T16:00Z","ORNL_002.20150529","ORNL_002.20150529.AMBAME.N","Amblyomma americanum","AMBAME","species","Ixodidae",,,,"Amblyomma",,"americanum",,,"Cooley, R. A. and G. M. Kohls. 1944. The genus Amblyomma (ixodidae) in the United States. The Journal of Parasitology, 30(2):77-111.","GSU_tickIdentification_SOP_2016-11-01.pdf","Linnaeus","Nymph",8,"OK","90% ethanol","USNMENT00865351","ORNL_002.20150529.2.1.Nymph","L. Beati","Georgia Southern University",
"4cabc500-9e27-4f85-917c-d7784565f97f","ORNL_008.tickPlot.tck","ORNL_008","2015-05-29T14:16Z","2016-10-24T16:00Z","ORNL_008.20150529","ORNL_008.20150529.AMBAME.N","Amblyomma americanum","AMBAME","species","Ixodidae",,,,"Amblyomma",,"americanum",,,"Cooley, R. A. and G. M. Kohls. 1944. The genus Amblyomma (ixodidae) in the United States. The Journal of Parasitology, 30(2):77-111.","GSU_tickIdentification_SOP_2016-11-01.pdf","Linnaeus","Nymph",8,"OK","90% ethanol","USNMENT00865389","ORNL_008.20150529.2.1.Nymph","L. Beati","Georgia Southern University",
"921fe5fb-f34b-4c51-9e0a-870c9b7c47ae","ORNL_009.tickPlot.tck","ORNL_009","2015-05-29T14:20Z","2016-10-24T16:00Z","ORNL_009.20150529","ORNL_009.20150529.AMBAME.N","Amblyomma americanum","AMBAME","species","Ixodidae",,,,"Amblyomma",,"americanum",,,"Cooley, R. A. and G. M. Kohls. 1944. The genus Amblyomma (ixodidae) in the United States. The Journal of Parasitology, 30(2):77-111.","GSU_tickIdentification_SOP_2016-11-01.pdf","Linnaeus","Nymph",9,"OK","90% ethanol","USNMENT00865354","ORNL_009.20150529.2.1.Nymph","L. Beati","Georgia Southern University",
"b95ff393-9e25-41a7-8660-ed2b833e1820","ORNL_009.tickPlot.tck","ORNL_009","2015-05-29T14:20Z","2016-10-24T16:00Z","ORNL_009.20150529","ORNL_009.20150529.IXOSP.L","Ixodidae sp.","IXOSP","family","Ixodidae",,,,,,"sp.",,,,"GSU_tickIdentification_SOP_2016-11-01.pdf",,"Larva",1,"OK","90% ethanol","USNMENT00865275","ORNL_009.20150529.2.1.larvae","L. Beati","Georgia Southern University",
"885572f5-47a2-46f4-b055-1c3c8b51057e","ORNL_040.tickPlot.tck","ORNL_040","2015-05-29T15:24Z","2016-10-24T16:00Z","ORNL_040.20150529","ORNL_040.20150529.IXOSCA.N","Ixodes scapularis","IXOSCA","species","Ixodidae",,,,"Ixodes",,"scapularis",,,"Keirans, J. E., and C. M. Clifford. 1978. The genus Ixodes in the United States: a scanning electron microscope study and key to the adults. Journal of Medical Entomology, 15(Supplement 2):1-38.","GSU_tickIdentification_SOP_2016-11-01.pdf","Say","Nymph",3,"OK","90% ethanol","USNMENT00865008","ORNL_040.20150529.2.1.Nymph","L. Beati","Georgia Southern University",
"9348361d-5fea-41e3-966e-03ed152eb869","ORNL_040.tickPlot.tck","ORNL_040","2015-05-29T15:24Z","2016-10-24T16:00Z","ORNL_040.20150529","ORNL_040.20150529.AMBAME.F","Amblyomma americanum","AMBAME","species","Ixodidae",,,,"Amblyomma",,"americanum",,,"Cooley, R. A. and G. M. Kohls. 1944. The genus Amblyomma (ixodidae) in the United States. The Journal of Parasitology, 30(2):77-111.","GSU_tickIdentification_SOP_2016-11-01.pdf","Linnaeus","Female",3,"OK","90% ethanol","USNMENT00862299","ORNL_040.20150529.2.1.Female","L. Beati","Georgia Southern University",
"7df158cc-5d91-466b-af45-c779bf5d4efe","ORNL_040.tickPlot.tck","ORNL_040","2015-05-29T15:24Z","2016-10-24T16:00Z","ORNL_040.20150529","ORNL_040.20150529.AMBAME.M","Amblyomma americanum","AMBAME","species","Ixodidae",,,,"Amblyomma",,"americanum",,,"Cooley, R. A. and G. M. Kohls. 1944. The genus Amblyomma (ixodidae) in the United States. The Journal of Parasitology, 30(2):77-111.","GSU_tickIdentification_SOP_2016-11-01.pdf","Linnaeus","Male",1,"OK","90% ethanol","USNMENT00865006","ORNL_040.20150529.2.1.male","L. Beati","Georgia Southern University",
"80560c02-0d3f-4a60-a18c-9d1d213a38c1","ORNL_040.tickPlot.tck","ORNL_040","2015-05-29T15:24Z","2016-10-24T16:00Z","ORNL_040.20150529","ORNL_040.20150529.AMBAME.N","Amblyomma americanum","AMBAME","species","Ixodidae",,,,"Amblyomma",,"americanum",,,"Cooley, R. A. and G. M. Kohls. 1944. The genus Amblyomma (ixodidae) in the United States. The Journal of Parasitology, 30(2):77-111.","GSU_tickIdentification_SOP_2016-11-01.pdf","Linnaeus","Nymph",9,"OK","90% ethanol","USNMENT00865007","ORNL_040.20150529.2.1.Nymph","L. Beati","Georgia Southern University",
"5521555a-dd24-4f82-9f88-cafb89a4c68e","ORNL_003.tickPlot.tck","ORNL_003","2015-05-29T16:15Z","2016-10-24T16:00Z","ORNL_003.20150529","ORNL_003.20150529.IXOSCA.N","Ixodes scapularis","IXOSCA","species","Ixodidae",,,,"Ixodes",,"scapularis",,,"Keirans, J. E., and C. M. Clifford. 1978. The genus Ixodes in the United States: a scanning electron microscope study and key to the adults. Journal of Medical Entomology, 15(Supplement 2):1-38.","GSU_tickIdentification_SOP_2016-11-01.pdf","Say","Nymph",2,"OK","90% ethanol","USNMENT00865179","ORNL_003.20150529.2.1.Nymph","L. Beati","Georgia Southern University",
"79ab853e-30ef-4e17-a1bc-55a27b27b3f7","ORNL_003.tickPlot.tck","ORNL_003","2015-05-29T16:15Z","2016-10-24T16:00Z","ORNL_003.20150529","ORNL_003.20150529.AMBAME.N","Amblyomma americanum","AMBAME","species","Ixodidae",,,,"Amblyomma",,"americanum",,,"Cooley, R. A. and G. M. Kohls. 1944. The genus Amblyomma (ixodidae) in the United States. The Journal of Parasitology, 30(2):77-111.","GSU_tickIdentification_SOP_2016-11-01.pdf","Linnaeus","Nymph",1,"OK","90% ethanol","USNMENT00865040","ORNL_003.20150529.2.1.Nymph","L. Beati","Georgia Southern University",
