uid,namedLocation,domainID,siteID,plotID,plotType,nlcdClass,decimalLatitude,decimalLongitude,geodeticDatum,coordinateUncertainty,elevation,elevationUncertainty,collectDate,eventID,sampleID,sampleCode,samplingMethod,totalSampledArea,targetTaxaPresent,adultCount,nymphCount,larvaCount,sampleCondition,samplingProtocolVersion,measuredBy,remarks
"14c25411-bf65-433e-808c-e2f97903cc7c","JERC_002.tickPlot.tck","D03","JERC","JERC_002","distributed","evergreenForest",31.194065,-84.461537,"WGS84",20.3,56.0,0.5,"2016-08-10T20:13Z","JERC.2016.32",,,"drag",160,"N",0,0,0,"No known compromise","NEON.DOC.014045vG","cMb2B+jx12AMjNtsEA8t48GND5R87ks/",
"2e8a8b19-bc6e-4142-9389-351eef4d985c","JERC_004.tickPlot.tck","D03","JERC","JERC_004","distributed","cultivatedCrops",31.190115,-84.467381,"WGS84",20.1,43.6,0.2,"2016-08-10T20:50Z","JERC.2016.32",,,"drag and flag",160,"N",0,0,0,"No known compromise","NEON.DOC.014045vG","KvMXXPVfKIu9I2dUXfZf1kfhypuW2KXY",
"4ba810e0-df22-4a39-948b-659675aa844f","JERC_011.tickPlot.tck","D03","JERC","JERC_011","distributed","evergreenForest",31.184787,-84.466700,"WGS84",20.1,40.0,0.1,"2016-08-10T21:53Z","JERC.2016.32",,,"drag and flag",160,"N",0,0,0,"No known compromise","NEON.DOC.014045vG","cMb2B+jx12AMjNtsEA8t48GND5R87ks/",
"a22b7258-c35f-481d-bb5e-b004bdf2cb48","JERC_010.tickPlot.tck","D03","JERC","JERC_010","distributed","deciduousForest",31.209219,-84.470530,"WGS84",20.2,40.5,0.5,"2016-08-10T22:48Z","JERC.2016.32",,,"drag and flag",160,"N",0,0,0,"No known compromise","NEON.DOC.014045vG","KvMXXPVfKIu9I2dUXfZf1kfhypuW2KXY",
"28561c53-6a04-42ed-a238-2f4ea24ebe10","JERC_044.tickPlot.tck","D03","JERC","JERC_044","distributed","mixedForest",31.195549,-84.482479,"WGS84",20.1,42.5,0.1,"2016-08-10T23:23Z","JERC.2016.32",,,"drag and flag",157,"N",0,0,0,"No known compromise","NEON.DOC.014045vG","cMb2B+jx12AMjNtsEA8t48GND5R87ks/",
"c8d058d3-26ba-4ad3-bc1c-f71f4b927bde","JERC_034.tickPlot.tck","D03","JERC","JERC_034","distributed","deciduousForest",31.198824,-84.491213,"WGS84",20.1,44.9,0.2,"2016-08-11T00:03Z","JERC.2016.32",,,"drag and flag",160,"N",0,0,0,"No known compromise","NEON.DOC.014045vG","KvMXXPVfKIu9I2dUXfZf1kfhypuW2KXY",
"fb767056-593c-4a00-95f7-d701f53d8d82","JERC_044.tickPlot.tck","D03","JERC","JERC_044","distributed","mixedForest",31.195549,-84.482479,"WGS84",20.1,42.5,0.1,"2016-08-31T16:41Z","JERC.2016.35",,,"drag and flag",175,"N",0,0,0,"No known compromise","NEON.DOC.014045vG","SZd6jJU+PWukgvziuyetpzviWNuM2FzT",
"04e41dcb-5992-4797-af59-9d28b253eb35","JERC_034.tickPlot.tck","D03","JERC","JERC_034","distributed","deciduousForest",31.198824,-84.491213,"WGS84",20.1,44.9,0.2,"2016-08-31T17:14Z","JERC.2016.35",,,"drag and flag",160,"N",0,0,0,"No known compromise","NEON.DOC.014045vG","K+tJSr1+vfakLzRtMceLFR7MVx1xGtUA",
"5353f961-148a-4344-8129-ec80356176dd","JERC_010.tickPlot.tck","D03","JERC","JERC_010","distributed","deciduousForest",31.209219,-84.470530,"WGS84",20.2,40.5,0.5,"2016-08-31T18:09Z","JERC.2016.35",,,"drag and flag",160,"N",0,0,0,"No known compromise","NEON.DOC.014045vG","SZd6jJU+PWukgvziuyetpzviWNuM2FzT",
"4c3eed9f-d3a0-4546-93b0-e66f4241e4c5","JERC_002.tickPlot.tck","D03","JERC","JERC_002","distributed","evergreenForest",31.194065,-84.461537,"WGS84",20.3,56.0,0.5,"2016-08-31T18:48Z","JERC.2016.35",,,"drag and flag",160,"N",0,0,0,"No known compromise","NEON.DOC.014045vG","SZd6jJU+PWukgvziuyetpzviWNuM2FzT",
"fa1ffa1c-9ee0-462e-8193-778a7e5f12ca","JERC_011.tickPlot.tck","D03","JERC","JERC_011","distributed","evergreenForest",31.184787,-84.466700,"WGS84",20.1,40.0,0.1,"2016-08-31T19:13Z","JERC.2016.35",,,"drag and flag",160,"N",0,0,0,"No known compromise","NEON.DOC.014045vG","K+tJSr1+vfakLzRtMceLFR7MVx1xGtUA",
"140a99b3-46f9-45ce-8265-7396d3a7c559","JERC_004.tickPlot.tck","D03","JERC","JERC_004","distributed","cultivatedCrops",31.190115,-84.467381,"WGS84",20.1,43.6,0.2,"2016-08-31T19:44Z","JERC.2016.35",,,"drag and flag",160,"N",0,0,0,"No known compromise","NEON.DOC.014045vG","K+tJSr1+vfakLzRtMceLFR7MVx1xGtUA",
