uid,namedLocation,domainID,siteID,plotID,plotType,nlcdClass,decimalLatitude,decimalLongitude,geodeticDatum,coordinateUncertainty,elevation,elevationUncertainty,collectDate,eventID,sampleID,sampleCode,samplingMethod,totalSampledArea,targetTaxaPresent,adultCount,nymphCount,larvaCount,sampleCondition,samplingProtocolVersion,measuredBy,remarks
"ead4fbe3-45b3-4e9e-9782-19bb1ff3ef3d","TALL_008.tickPlot.tck","D08","TALL","TALL_008","distributed","deciduousForest",32.922874,-87.434097,"WGS84",20.2,127.5,0.2,"2014-08-18T13:20Z","TALL.2014.33","TALL_008.20140818",,"drag",160,"Y",0,7,0,"No known compromise","NEON.DOC.014045vD","CZpLfGnK5rlNWpMoI7gNMw==",
"93f9e083-4f00-4545-b6fd-1d5fc8fb4922","TALL_002.tickPlot.tck","D08","TALL","TALL_002","distributed","mixedForest",32.920823,-87.428955,"WGS84",20.3,104.0,0.4,"2014-08-18T14:40Z","TALL.2014.33","TALL_002.20140818",,"drag",160,"Y",0,14,2,"No known compromise","NEON.DOC.014045vD","CZpLfGnK5rlNWpMoI7gNMw==",
"cb93dac4-7724-4a13-a41b-2d276db62ff6","TALL_003.tickPlot.tck","D08","TALL","TALL_003","distributed","mixedForest",32.894415,-87.416532,"WGS84",20.2,121.9,0.2,"2014-08-18T16:18Z","TALL.2014.33","TALL_003.20140818",,"drag",160,"Y",0,16,262,"No known compromise","NEON.DOC.014045vD","CZpLfGnK5rlNWpMoI7gNMw==",
"dac12867-1ba7-4cf5-900f-1f2c8a26325d","TALL_006.tickPlot.tck","D08","TALL","TALL_006","distributed","evergreenForest",32.899144,-87.444571,"WGS84",20.3,108.6,0.3,"2014-08-18T17:08Z","TALL.2014.33","TALL_006.20140818",,"drag",160,"Y",0,10,0,"No known compromise","NEON.DOC.014045vD","CZpLfGnK5rlNWpMoI7gNMw==",
"2a67ac84-c6dc-4024-b380-49b2835288b6","TALL_016.tickPlot.tck","D08","TALL","TALL_016","distributed","evergreenForest",32.971553,-87.415845,"WGS84",20.1,138.9,0.1,"2014-08-19T16:35Z","TALL.2014.33",,,"drag",160,"N",0,0,0,,"NEON.DOC.014045vD","CZpLfGnK5rlNWpMoI7gNMw==","No trancription errors"
"9c2f1554-13be-4938-9ba1-c801a0c28641","TALL_001.tickPlot.tck","D08","TALL","TALL_001","distributed","deciduousForest",32.976370,-87.432184,"WGS84",20.2,114.6,0.1,"2014-08-19T17:28Z","TALL.2014.33","TALL_001.20140819",,"drag",160,"Y",0,11,0,"No known compromise","NEON.DOC.014045vD","CZpLfGnK5rlNWpMoI7gNMw==","No transcriptin errors"
