uid,namedLocation,date,eventID,domainID,siteID,plotID,subplotID,individualID,tagStatus,growthForm,plantStatus,stemDiameter,measurementHeight,height,baseCrownHeight,breakHeight,breakDiameter,maxCrownDiameter,ninetyCrownDiameter,canopyPosition,shape,basalStemDiameter,basalStemDiameterMsrmntHeight,maxBaseCrownDiameter,ninetyBaseCrownDiameter,remarks,recordedBy,measuredBy,dataQF
"03ab4c5f-3cb8-4ba4-a56a-6921ae2f1462","DSNY_020.basePlot.vst","2018-05-01","vst_DSNY_2017","D03","DSNY","DSNY_020",,"NEON.PLA.D03.DSNY.02304","ok","small shrub","Live",,,1.5,0.8,,,0.5,0.4,,"ellipsoid or sphere",1.0,10,,,,"cMb2B+jx12AMjNtsEA8t48GND5R87ks/","XHDcovp85mKKhOyBJRCCG9BrUnGU9ms3Kfo1BikqVt4=","legacyData"
"56edcfa5-2d6a-471e-b9ba-05b23c6bd996","DSNY_020.basePlot.vst","2018-05-01","vst_DSNY_2017","D03","DSNY","DSNY_020",,"NEON.PLA.D03.DSNY.02182","ok","small shrub","Live",,,0.7,,,,0.6,0.5,,"half-sphere",1.0,10,,,,"cMb2B+jx12AMjNtsEA8t48GND5R87ks/","XHDcovp85mKKhOyBJRCCG9BrUnGU9ms3Kfo1BikqVt4=","legacyData"
"8178f7d6-16f7-497f-ac33-d2343f265c41","DSNY_020.basePlot.vst","2018-05-01","vst_DSNY_2017","D03","DSNY","DSNY_020",,"NEON.PLA.D03.DSNY.02183","ok","small shrub","Live",,,1.4,,,,0.5,0.5,,"cylinder",1.4,10,,,,"cMb2B+jx12AMjNtsEA8t48GND5R87ks/","XHDcovp85mKKhOyBJRCCG9BrUnGU9ms3Kfo1BikqVt4=","legacyData"
"dd6b7d2f-77c8-4643-aaa0-905b8fcfbc72","DSNY_020.basePlot.vst","2018-05-01","vst_DSNY_2017","D03","DSNY","DSNY_020",,"NEON.PLA.D03.DSNY.02190","ok","small shrub","Live",,,1.2,,,,0.5,0.4,,"cylinder",1.0,10,,,,"cMb2B+jx12AMjNtsEA8t48GND5R87ks/","XHDcovp85mKKhOyBJRCCG9BrUnGU9ms3Kfo1BikqVt4=","legacyData"
"9310325b-db73-4e04-8739-fdd1cf07ef1f","DSNY_020.basePlot.vst","2018-05-01","vst_DSNY_2017","D03","DSNY","DSNY_020",,"NEON.PLA.D03.DSNY.02173","ok","small shrub","Live",,,1.7,0.9,,,0.8,0.6,,"ellipsoid or sphere",1.4,10,,,,"cMb2B+jx12AMjNtsEA8t48GND5R87ks/","XHDcovp85mKKhOyBJRCCG9BrUnGU9ms3Kfo1BikqVt4=","legacyData"
"31776436-c938-49a7-823a-1708056e6c8d","DSNY_020.basePlot.vst","2018-05-01","vst_DSNY_2017","D03","DSNY","DSNY_020",,"NEON.PLA.D03.DSNY.02152","ok","small shrub","Live",,,1.3,0.5,,,0.5,0.4,,"ellipsoid or sphere",1.1,10,,,,"cMb2B+jx12AMjNtsEA8t48GND5R87ks/","XHDcovp85mKKhOyBJRCCG9BrUnGU9ms3Kfo1BikqVt4=","legacyData"
"feb649d2-01e2-43fc-ac6f-57c4c4c600a3","DSNY_020.basePlot.vst","2018-05-01","vst_DSNY_2017","D03","DSNY","DSNY_020",,"NEON.PLA.D03.DSNY.02194","ok","small shrub","Live",,,1.2,,,,0.6,0.4,,"cylinder",1.1,10,,,,"cMb2B+jx12AMjNtsEA8t48GND5R87ks/","XHDcovp85mKKhOyBJRCCG9BrUnGU9ms3Kfo1BikqVt4=","legacyData"
"9ccb514e-9df3-4e52-b8e3-9c2505d38b77","DSNY_020.basePlot.vst","2018-05-01","vst_DSNY_2017","D03","DSNY","DSNY_020",,"NEON.PLA.D03.DSNY.02161","ok","small shrub","Live",,,1.8,0.7,,,1.0,0.9,,"ellipsoid or sphere",1.0,10,,,,"cMb2B+jx12AMjNtsEA8t48GND5R87ks/","XHDcovp85mKKhOyBJRCCG9BrUnGU9ms3Kfo1BikqVt4=","legacyData"
"97eaf878-4ada-4b1d-96c8-94cf38b77132","DSNY_020.basePlot.vst","2018-05-01","vst_DSNY_2017","D03","DSNY","DSNY_020",,"NEON.PLA.D03.DSNY.02160","ok","small shrub","Live",,,2.0,,,,1.4,1.4,,"cylinder",2.1,10,,,,"cMb2B+jx12AMjNtsEA8t48GND5R87ks/","XHDcovp85mKKhOyBJRCCG9BrUnGU9ms3Kfo1BikqVt4=","legacyData"
"5645f332-1333-4af0-b253-9e8bfa7e45cf","DSNY_020.basePlot.vst","2018-05-01","vst_DSNY_2017","D03","DSNY","DSNY_020",,"NEON.PLA.D03.DSNY.02306","ok","small shrub","Live",,,1.4,0.7,,,0.4,0.4,,"ellipsoid or sphere",1.1,10,,,,"cMb2B+jx12AMjNtsEA8t48GND5R87ks/","XHDcovp85mKKhOyBJRCCG9BrUnGU9ms3Kfo1BikqVt4=","legacyData"
"c309dc56-2289-48c9-9190-9a7f64f4abf8","DSNY_020.basePlot.vst","2018-05-01","vst_DSNY_2017","D03","DSNY","DSNY_020",,"NEON.PLA.D03.DSNY.02160","ok","small shrub","Live",,,2.0,,,,1.4,1.4,,"cylinder",1.6,10,,,,"cMb2B+jx12AMjNtsEA8t48GND5R87ks/","XHDcovp85mKKhOyBJRCCG9BrUnGU9ms3Kfo1BikqVt4=","legacyData"
"0b993076-f094-4f7b-8fb3-0a99354d27c1","DSNY_020.basePlot.vst","2018-05-01","vst_DSNY_2017","D03","DSNY","DSNY_020",,"NEON.PLA.D03.DSNY.02175","ok","small shrub","Live",,,1.2,0.3,,,0.7,0.5,,"ellipsoid or sphere",1.1,10,,,,"cMb2B+jx12AMjNtsEA8t48GND5R87ks/","XHDcovp85mKKhOyBJRCCG9BrUnGU9ms3Kfo1BikqVt4=","legacyData"
"78785f39-a346-448c-846d-7eb3b3f4e23a","DSNY_020.basePlot.vst","2018-05-01","vst_DSNY_2017","D03","DSNY","DSNY_020",,"NEON.PLA.D03.DSNY.02302","ok","small shrub","Live",,,1.5,0.7,,,0.4,0.4,,"ellipsoid or sphere",1.2,10,,,,"cMb2B+jx12AMjNtsEA8t48GND5R87ks/","XHDcovp85mKKhOyBJRCCG9BrUnGU9ms3Kfo1BikqVt4=","legacyData"
"6df51d39-47f6-4e44-b585-88318f1bf75a","DSNY_020.basePlot.vst","2018-05-01","vst_DSNY_2017","D03","DSNY","DSNY_020",,"NEON.PLA.D03.DSNY.02198","ok","small shrub","Live",,,1.6,0.6,,,0.7,0.5,,"ellipsoid or sphere",1.7,10,,,,"cMb2B+jx12AMjNtsEA8t48GND5R87ks/","XHDcovp85mKKhOyBJRCCG9BrUnGU9ms3Kfo1BikqVt4=","legacyData"
"db78ef09-294b-4590-b712-105fb65b0250","DSNY_020.basePlot.vst","2018-05-01","vst_DSNY_2017","D03","DSNY","DSNY_020",,"NEON.PLA.D03.DSNY.02199","ok","small shrub","Live",,,1.6,0.7,,,0.7,0.6,,"ellipsoid or sphere",1.5,10,,,,"cMb2B+jx12AMjNtsEA8t48GND5R87ks/","XHDcovp85mKKhOyBJRCCG9BrUnGU9ms3Kfo1BikqVt4=","legacyData"
"82a9428f-eec6-4046-adc3-a564ca1d0adb","DSNY_020.basePlot.vst","2018-05-01","vst_DSNY_2017","D03","DSNY","DSNY_020",,"NEON.PLA.D03.DSNY.02195","ok","small shrub","Live",,,1.1,,,,0.1,0.1,,"cylinder",1.0,10,,,,"cMb2B+jx12AMjNtsEA8t48GND5R87ks/","XHDcovp85mKKhOyBJRCCG9BrUnGU9ms3Kfo1BikqVt4=","legacyData"
"ca9f71d7-b2fe-4883-9b1f-70d66f3f15f1","DSNY_020.basePlot.vst","2018-05-01","vst_DSNY_2017","D03","DSNY","DSNY_020",,"NEON.PLA.D03.DSNY.02178","ok","small shrub","Live",,,1.9,,,,0.5,0.2,,"cylinder",2.4,10,,,,"cMb2B+jx12AMjNtsEA8t48GND5R87ks/","XHDcovp85mKKhOyBJRCCG9BrUnGU9ms3Kfo1BikqVt4=","legacyData"
"e04e4df9-6b41-44b1-83cf-25248b0cb46e","DSNY_020.basePlot.vst","2018-05-01","vst_DSNY_2017","D03","DSNY","DSNY_020",,"NEON.PLA.D03.DSNY.02184","ok","small shrub","Live",,,1.3,0.5,,,0.4,0.4,,"ellipsoid or sphere",1.2,10,,,,"cMb2B+jx12AMjNtsEA8t48GND5R87ks/","XHDcovp85mKKhOyBJRCCG9BrUnGU9ms3Kfo1BikqVt4=","legacyData"
"e9b7c4dd-18e9-4f87-8052-b179b813610b","DSNY_020.basePlot.vst","2018-05-01","vst_DSNY_2017","D03","DSNY","DSNY_020",,"NEON.PLA.D03.DSNY.02305","ok","small shrub","Live",,,1.5,0.5,,,0.6,0.4,,"ellipsoid or sphere",1.2,10,,,,"cMb2B+jx12AMjNtsEA8t48GND5R87ks/","XHDcovp85mKKhOyBJRCCG9BrUnGU9ms3Kfo1BikqVt4=","legacyData"
"4c260821-27fd-4f10-845d-d7f5cb39c498","DSNY_020.basePlot.vst","2018-05-01","vst_DSNY_2017","D03","DSNY","DSNY_020",,"NEON.PLA.D03.DSNY.02186","ok","small shrub","Live",,,1.4,0.4,,,0.3,0.2,,"ellipsoid or sphere",1.1,10,,,,"cMb2B+jx12AMjNtsEA8t48GND5R87ks/","XHDcovp85mKKhOyBJRCCG9BrUnGU9ms3Kfo1BikqVt4=","legacyData"
"519cdcd5-24c1-42ca-919c-95a09c171f04","DSNY_020.basePlot.vst","2018-05-01","vst_DSNY_2017","D03","DSNY","DSNY_020",,"NEON.PLA.D03.DSNY.02154","ok","small shrub","Live",,,1.1,,,,0.7,0.6,,"cylinder",1.1,10,,,,"cMb2B+jx12AMjNtsEA8t48GND5R87ks/","XHDcovp85mKKhOyBJRCCG9BrUnGU9ms3Kfo1BikqVt4=","legacyData"
"0cb036b4-3be7-4fe2-be29-00284f9302a7","DSNY_020.basePlot.vst","2018-05-01","vst_DSNY_2017","D03","DSNY","DSNY_020",,"NEON.PLA.D03.DSNY.02164","ok","small shrub","Live",,,1.7,0.5,,,1.7,1.1,,"ellipsoid or sphere",1.3,10,,,,"cMb2B+jx12AMjNtsEA8t48GND5R87ks/","XHDcovp85mKKhOyBJRCCG9BrUnGU9ms3Kfo1BikqVt4=","legacyData"
"8a1f07f9-ea92-49e3-aadf-b3da859c32c6","DSNY_020.basePlot.vst","2018-05-01","vst_DSNY_2017","D03","DSNY","DSNY_020",,"NEON.PLA.D03.DSNY.02172","ok","single shrub","Live",1.1,130,2.1,0.9,,,0.9,0.8,,"ellipsoid or sphere",2.1,10,,,,"cMb2B+jx12AMjNtsEA8t48GND5R87ks/","XHDcovp85mKKhOyBJRCCG9BrUnGU9ms3Kfo1BikqVt4=","legacyData"
"079ff7e1-eb3b-4189-8ded-18e77019d4f0","DSNY_020.basePlot.vst","2018-05-01","vst_DSNY_2017","D03","DSNY","DSNY_020",,"NEON.PLA.D03.DSNY.02165","ok","single shrub","Live",1.1,130,2.2,0.7,,,1.0,1.0,,"ellipsoid or sphere",2.4,10,,,,"cMb2B+jx12AMjNtsEA8t48GND5R87ks/","XHDcovp85mKKhOyBJRCCG9BrUnGU9ms3Kfo1BikqVt4=","legacyData"
"7d457b3a-872e-442f-9b11-dbf668fcceae","DSNY_020.basePlot.vst","2018-05-01","vst_DSNY_2017","D03","DSNY","DSNY_020",,"NEON.PLA.D03.DSNY.02187","ok","small shrub","Live",,,1.5,0.8,,,0.5,0.4,,"ellipsoid or sphere",1.1,10,,,,"cMb2B+jx12AMjNtsEA8t48GND5R87ks/","XHDcovp85mKKhOyBJRCCG9BrUnGU9ms3Kfo1BikqVt4=","legacyData"
"20634291-e368-4ef5-9900-c6e0725ec7cf","DSNY_020.basePlot.vst","2018-05-01","vst_DSNY_2017","D03","DSNY","DSNY_020",,"NEON.PLA.D03.DSNY.02176","ok","small shrub","Live",,,1.8,,,,1.2,0.8,,"cylinder",1.7,10,,,,"cMb2B+jx12AMjNtsEA8t48GND5R87ks/","XHDcovp85mKKhOyBJRCCG9BrUnGU9ms3Kfo1BikqVt4=","legacyData"
"b3a958c4-76ab-4db4-98cd-dae3a79a9293","DSNY_020.basePlot.vst","2018-05-01","vst_DSNY_2017","D03","DSNY","DSNY_020",,"NEON.PLA.D03.DSNY.02158","ok","small shrub","Live",,,1.9,,,,0.6,0.6,,"cylinder",1.5,10,,,,"cMb2B+jx12AMjNtsEA8t48GND5R87ks/","XHDcovp85mKKhOyBJRCCG9BrUnGU9ms3Kfo1BikqVt4=","legacyData"
"0c63b2df-19b3-435d-97c8-51edc06332f7","DSNY_020.basePlot.vst","2018-05-01","vst_DSNY_2017","D03","DSNY","DSNY_020",,"NEON.PLA.D03.DSNY.02197","ok","small shrub","Live",,,1.8,0.5,,,0.7,0.5,,"ellipsoid or sphere",1.4,10,,,,"cMb2B+jx12AMjNtsEA8t48GND5R87ks/","XHDcovp85mKKhOyBJRCCG9BrUnGU9ms3Kfo1BikqVt4=","legacyData"
"9efcc0ad-ab60-49cd-b83a-4c3e8d2aff7c","DSNY_020.basePlot.vst","2018-05-01","vst_DSNY_2017","D03","DSNY","DSNY_020",,"NEON.PLA.D03.DSNY.02196","ok","small shrub","Live",,,1.5,0.6,,,0.7,0.5,,"ellipsoid or sphere",1.8,10,,,,"cMb2B+jx12AMjNtsEA8t48GND5R87ks/","XHDcovp85mKKhOyBJRCCG9BrUnGU9ms3Kfo1BikqVt4=","legacyData"
"00c2e0e3-59ef-46b1-b2bb-14dea8a79417","DSNY_020.basePlot.vst","2018-05-01","vst_DSNY_2017","D03","DSNY","DSNY_020",,"NEON.PLA.D03.DSNY.02156","ok","small shrub","Live",,,1.8,0.7,,,0.7,0.7,,"ellipsoid or sphere",1.3,10,,,,"cMb2B+jx12AMjNtsEA8t48GND5R87ks/","XHDcovp85mKKhOyBJRCCG9BrUnGU9ms3Kfo1BikqVt4=","legacyData"
"4d24a785-3dcd-4171-8010-87a9c75bc150","DSNY_020.basePlot.vst","2018-05-01","vst_DSNY_2017","D03","DSNY","DSNY_020",,"NEON.PLA.D03.DSNY.02162","ok","small shrub","Live",,,1.6,0.9,,,1.1,0.8,,"ellipsoid or sphere",1.0,10,,,,"cMb2B+jx12AMjNtsEA8t48GND5R87ks/","XHDcovp85mKKhOyBJRCCG9BrUnGU9ms3Kfo1BikqVt4=","legacyData"
"e7616775-48aa-488e-9532-fd951320fadc","DSNY_020.basePlot.vst","2018-05-01","vst_DSNY_2017","D03","DSNY","DSNY_020",,"NEON.PLA.D03.DSNY.02161","ok","small shrub","Live",,,1.8,0.7,,,1.0,0.9,,"ellipsoid or sphere",1.8,10,,,,"cMb2B+jx12AMjNtsEA8t48GND5R87ks/","XHDcovp85mKKhOyBJRCCG9BrUnGU9ms3Kfo1BikqVt4=","legacyData"
"ede7a54b-64fc-47c8-a619-4847417bd814","DSNY_020.basePlot.vst","2018-05-01","vst_DSNY_2017","D03","DSNY","DSNY_020",,"NEON.PLA.D03.DSNY.02169","ok","small shrub","Live",,,1.8,0.5,,,1.4,0.7,,"ellipsoid or sphere",1.0,10,,,,"cMb2B+jx12AMjNtsEA8t48GND5R87ks/","XHDcovp85mKKhOyBJRCCG9BrUnGU9ms3Kfo1BikqVt4=","legacyData"
"17ea798f-fbc6-43f9-98be-eacee24f71e3","DSNY_020.basePlot.vst","2018-05-01","vst_DSNY_2017","D03","DSNY","DSNY_020",,"NEON.PLA.D03.DSNY.02163","ok","small shrub","Live",,,1.7,0.9,,,0.6,0.6,,"ellipsoid or sphere",1.5,10,,,,"cMb2B+jx12AMjNtsEA8t48GND5R87ks/","XHDcovp85mKKhOyBJRCCG9BrUnGU9ms3Kfo1BikqVt4=","legacyData"
"9b41ff91-b800-4ae2-9eb1-265b661ebf7b","DSNY_020.basePlot.vst","2018-05-01","vst_DSNY_2017","D03","DSNY","DSNY_020",,"NEON.PLA.D03.DSNY.02185","ok","small shrub","Live",,,1.3,,,,0.5,0.5,,"cylinder",1.0,10,,,,"cMb2B+jx12AMjNtsEA8t48GND5R87ks/","XHDcovp85mKKhOyBJRCCG9BrUnGU9ms3Kfo1BikqVt4=","legacyData"
"68b8e9b6-2198-4fad-b66f-57ee2a2164db","DSNY_020.basePlot.vst","2018-05-01","vst_DSNY_2017","D03","DSNY","DSNY_020",,"NEON.PLA.D03.DSNY.02191","ok","small shrub","Live",,,1.2,,,,0.4,0.3,,"cylinder",1.1,10,,,,"cMb2B+jx12AMjNtsEA8t48GND5R87ks/","XHDcovp85mKKhOyBJRCCG9BrUnGU9ms3Kfo1BikqVt4=","legacyData"
"f7fd673c-5464-4326-bba4-86008181bd22","DSNY_020.basePlot.vst","2018-05-01","vst_DSNY_2017","D03","DSNY","DSNY_020",,"NEON.PLA.D03.DSNY.02169","ok","small shrub","Live",,,1.8,0.5,,,1.4,0.7,,"ellipsoid or sphere",1.1,10,,,,"cMb2B+jx12AMjNtsEA8t48GND5R87ks/","XHDcovp85mKKhOyBJRCCG9BrUnGU9ms3Kfo1BikqVt4=","legacyData"
"e29114b3-6b4a-472a-ae36-86644900008a","DSNY_020.basePlot.vst","2018-05-01","vst_DSNY_2017","D03","DSNY","DSNY_020",,"NEON.PLA.D03.DSNY.02189","ok","small shrub","Live",,,1.3,0.6,,,0.4,0.2,,"ellipsoid or sphere",1.0,10,,,,"cMb2B+jx12AMjNtsEA8t48GND5R87ks/","XHDcovp85mKKhOyBJRCCG9BrUnGU9ms3Kfo1BikqVt4=","legacyData"
"ce4d8dcb-1cfd-447d-a792-1bdc6ce829bf","DSNY_020.basePlot.vst","2018-05-01","vst_DSNY_2017","D03","DSNY","DSNY_020",,"NEON.PLA.D03.DSNY.02180","ok","small shrub","Live",,,1.0,,,,0.4,0.3,,"cylinder",1.1,10,,,,"cMb2B+jx12AMjNtsEA8t48GND5R87ks/","XHDcovp85mKKhOyBJRCCG9BrUnGU9ms3Kfo1BikqVt4=","legacyData"
"4c32e65b-91ab-4028-ade9-2c5e7db52ce4","DSNY_020.basePlot.vst","2018-05-01","vst_DSNY_2017","D03","DSNY","DSNY_020",,"NEON.PLA.D03.DSNY.02151","ok","small shrub","Live",,,1.1,0.9,,,0.3,0.1,,"ellipsoid or sphere",1.0,10,,,,"cMb2B+jx12AMjNtsEA8t48GND5R87ks/","XHDcovp85mKKhOyBJRCCG9BrUnGU9ms3Kfo1BikqVt4=","legacyData"
"d26ac512-5242-4ae0-af77-5f75b951c5ed","DSNY_020.basePlot.vst","2018-05-01","vst_DSNY_2017","D03","DSNY","DSNY_020",,"NEON.PLA.D03.DSNY.02174","ok","small shrub","Live",,,2.1,0.9,,,0.8,0.6,,"ellipsoid or sphere",1.9,10,,,,"cMb2B+jx12AMjNtsEA8t48GND5R87ks/","XHDcovp85mKKhOyBJRCCG9BrUnGU9ms3Kfo1BikqVt4=","legacyData"
"561bc27a-ff80-4d58-bcd7-d97149763759","DSNY_020.basePlot.vst","2018-05-01","vst_DSNY_2017","D03","DSNY","DSNY_020",,"NEON.PLA.D03.DSNY.02155","ok","small shrub","Live",,,1.2,,,,0.6,0.4,,"cylinder",1.1,10,,,,"cMb2B+jx12AMjNtsEA8t48GND5R87ks/","XHDcovp85mKKhOyBJRCCG9BrUnGU9ms3Kfo1BikqVt4=","legacyData"
"d1ffc49a-4f8f-491d-b26c-b88cdbd3cfe8","DSNY_020.basePlot.vst","2018-05-01","vst_DSNY_2017","D03","DSNY","DSNY_020",,"NEON.PLA.D03.DSNY.02192","ok","small shrub","Live",,,1.0,0.4,,,0.6,0.4,,"ellipsoid or sphere",1.0,10,,,,"cMb2B+jx12AMjNtsEA8t48GND5R87ks/","XHDcovp85mKKhOyBJRCCG9BrUnGU9ms3Kfo1BikqVt4=","legacyData"
"7ace8844-8416-4f0e-b6b9-802e7946c89c","DSNY_020.basePlot.vst","2018-05-01","vst_DSNY_2017","D03","DSNY","DSNY_020",,"NEON.PLA.D03.DSNY.02193","ok","small shrub","Live",,,1.3,0.6,,,0.6,0.4,,"ellipsoid or sphere",1.1,10,,,,"cMb2B+jx12AMjNtsEA8t48GND5R87ks/","XHDcovp85mKKhOyBJRCCG9BrUnGU9ms3Kfo1BikqVt4=","legacyData"
"fec74363-a155-4e36-8cce-92d4db610b3e","DSNY_020.basePlot.vst","2018-05-01","vst_DSNY_2017","D03","DSNY","DSNY_020",,"NEON.PLA.D03.DSNY.02157","ok","single shrub","Live",1.0,130,2.1,0.6,,,1.1,0.7,,"ellipsoid or sphere",2.4,10,,,,"cMb2B+jx12AMjNtsEA8t48GND5R87ks/","XHDcovp85mKKhOyBJRCCG9BrUnGU9ms3Kfo1BikqVt4=","legacyData"
"69c8cacd-dc71-4d4d-a110-6c5314556b8e","DSNY_020.basePlot.vst","2018-05-01","vst_DSNY_2017","D03","DSNY","DSNY_020",,"NEON.PLA.D03.DSNY.02162","ok","small shrub","Live",,,1.6,0.9,,,1.1,0.8,,"ellipsoid or sphere",1.2,10,,,,"cMb2B+jx12AMjNtsEA8t48GND5R87ks/","XHDcovp85mKKhOyBJRCCG9BrUnGU9ms3Kfo1BikqVt4=","legacyData"
"5e6afc52-3e53-4bb7-98ce-34a5d60ec31c","DSNY_020.basePlot.vst","2018-05-01","vst_DSNY_2017","D03","DSNY","DSNY_020",,"NEON.PLA.D03.DSNY.02181","ok","small shrub","Live",,,1.2,0.5,,,0.7,0.6,,"ellipsoid or sphere",1.0,10,,,,"cMb2B+jx12AMjNtsEA8t48GND5R87ks/","XHDcovp85mKKhOyBJRCCG9BrUnGU9ms3Kfo1BikqVt4=","legacyData"
"22437a93-1045-40ac-b837-8991a82febb7","DSNY_020.basePlot.vst","2018-05-01","vst_DSNY_2017","D03","DSNY","DSNY_020",,"NEON.PLA.D03.DSNY.02160","ok","small shrub","Live",,,2.0,,,,1.4,1.4,,"cylinder",2.1,10,,,,"cMb2B+jx12AMjNtsEA8t48GND5R87ks/","XHDcovp85mKKhOyBJRCCG9BrUnGU9ms3Kfo1BikqVt4=","legacyData"
"b4f7a421-db07-4039-ae87-0f3d930da53d","DSNY_020.basePlot.vst","2018-05-01","vst_DSNY_2017","D03","DSNY","DSNY_020",,"NEON.PLA.D03.DSNY.02179","ok","small shrub","Live",,,0.9,,,,0.5,0.3,,"cylinder",1.0,10,,,,"cMb2B+jx12AMjNtsEA8t48GND5R87ks/","XHDcovp85mKKhOyBJRCCG9BrUnGU9ms3Kfo1BikqVt4=","legacyData"
"792e3318-3f8d-4392-ade2-c1aa48e61308","DSNY_020.basePlot.vst","2018-05-01","vst_DSNY_2017","D03","DSNY","DSNY_020",,"NEON.PLA.D03.DSNY.02175","ok","small shrub","Live",,,1.2,0.3,,,0.7,0.5,,"ellipsoid or sphere",1.0,10,,,,"cMb2B+jx12AMjNtsEA8t48GND5R87ks/","XHDcovp85mKKhOyBJRCCG9BrUnGU9ms3Kfo1BikqVt4=","legacyData"
"ecfd46aa-03fa-4a79-b58f-ca311ac633a1","DSNY_020.basePlot.vst","2018-05-01","vst_DSNY_2017","D03","DSNY","DSNY_020",,"NEON.PLA.D03.DSNY.02162","ok","small shrub","Live",,,1.6,0.9,,,1.1,0.8,,"ellipsoid or sphere",1.3,10,,,,"cMb2B+jx12AMjNtsEA8t48GND5R87ks/","XHDcovp85mKKhOyBJRCCG9BrUnGU9ms3Kfo1BikqVt4=","legacyData"
"30b921f8-fc7a-4bbd-8780-70fee0fbabbe","DSNY_020.basePlot.vst","2018-05-01","vst_DSNY_2017","D03","DSNY","DSNY_020",,"NEON.PLA.D03.DSNY.02167","ok","small shrub","Live",,,1.7,0.7,,,0.8,0.7,,"ellipsoid or sphere",1.5,10,,,,"cMb2B+jx12AMjNtsEA8t48GND5R87ks/","XHDcovp85mKKhOyBJRCCG9BrUnGU9ms3Kfo1BikqVt4=","legacyData"
"0a536c8c-79b9-4129-aa87-8876dad39704","DSNY_020.basePlot.vst","2018-05-01","vst_DSNY_2017","D03","DSNY","DSNY_020",,"NEON.PLA.D03.DSNY.02200","ok","small shrub","Live",,,1.3,0.5,,,0.6,0.3,,"ellipsoid or sphere",1.2,10,,,,"cMb2B+jx12AMjNtsEA8t48GND5R87ks/","XHDcovp85mKKhOyBJRCCG9BrUnGU9ms3Kfo1BikqVt4=","legacyData"
"c99962cb-2b69-4b96-82b8-6e3be254afb7","DSNY_020.basePlot.vst","2018-05-01","vst_DSNY_2017","D03","DSNY","DSNY_020",,"NEON.PLA.D03.DSNY.02176","ok","small shrub","Live",,,1.8,,,,1.2,0.8,,"cylinder",1.8,10,,,,"cMb2B+jx12AMjNtsEA8t48GND5R87ks/","XHDcovp85mKKhOyBJRCCG9BrUnGU9ms3Kfo1BikqVt4=","legacyData"
"71684ee0-c277-49d7-b163-0be1b8220bc0","DSNY_020.basePlot.vst","2018-05-01","vst_DSNY_2017","D03","DSNY","DSNY_020",,"NEON.PLA.D03.DSNY.02177","ok","small shrub","Standing dead",,,1.0,,,,0.5,0.2,,"cylinder",1.0,10,,,,"cMb2B+jx12AMjNtsEA8t48GND5R87ks/","XHDcovp85mKKhOyBJRCCG9BrUnGU9ms3Kfo1BikqVt4=","legacyData"
"7418825a-a23c-48ab-9c32-b5b3230e031f","DSNY_020.basePlot.vst","2018-05-01","vst_DSNY_2017","D03","DSNY","DSNY_020",,"NEON.PLA.D03.DSNY.02307","ok","small shrub","Standing dead",,,1.4,0.7,,,0.4,0.3,,"ellipsoid or sphere",1.1,10,,,,"cMb2B+jx12AMjNtsEA8t48GND5R87ks/","XHDcovp85mKKhOyBJRCCG9BrUnGU9ms3Kfo1BikqVt4=","legacyData"
"f794432d-244b-4db0-9b7d-b3fbfd3a04c7","DSNY_020.basePlot.vst","2018-05-01","vst_DSNY_2017","D03","DSNY","DSNY_020",,"NEON.PLA.D03.DSNY.02303","ok","small shrub","Live",,,1.5,0.4,,,0.5,0.3,,"ellipsoid or sphere",1.2,10,,,,"cMb2B+jx12AMjNtsEA8t48GND5R87ks/","XHDcovp85mKKhOyBJRCCG9BrUnGU9ms3Kfo1BikqVt4=","legacyData"
"82efb1c6-5f52-429a-9e27-f03f686d0cfd","DSNY_020.basePlot.vst","2018-05-01","vst_DSNY_2017","D03","DSNY","DSNY_020",,"NEON.PLA.D03.DSNY.02166","ok","small shrub","Live",,,1.1,,,,0.9,0.7,,"cylinder",1.0,10,,,,"cMb2B+jx12AMjNtsEA8t48GND5R87ks/","XHDcovp85mKKhOyBJRCCG9BrUnGU9ms3Kfo1BikqVt4=","legacyData"
"24bbd94d-d7d1-47d5-92d0-7e3c96071b0d","DSNY_020.basePlot.vst","2018-05-01","vst_DSNY_2017","D03","DSNY","DSNY_020",,"NEON.PLA.D03.DSNY.02164","ok","small shrub","Live",,,1.7,0.5,,,1.7,1.1,,"ellipsoid or sphere",1.6,10,,,,"cMb2B+jx12AMjNtsEA8t48GND5R87ks/","XHDcovp85mKKhOyBJRCCG9BrUnGU9ms3Kfo1BikqVt4=","legacyData"
"c27f70d8-d615-463f-90ed-0b44d9919b16","DSNY_020.basePlot.vst","2018-05-01","vst_DSNY_2017","D03","DSNY","DSNY_020",,"NEON.PLA.D03.DSNY.02153","ok","small shrub","Live",,,1.3,,,,0.4,0.3,,"cylinder",1.0,10,,,,"cMb2B+jx12AMjNtsEA8t48GND5R87ks/","XHDcovp85mKKhOyBJRCCG9BrUnGU9ms3Kfo1BikqVt4=","legacyData"
"ee5c1b4e-9fb6-47eb-815d-047f1f4e826f","DSNY_020.basePlot.vst","2018-05-01","vst_DSNY_2017","D03","DSNY","DSNY_020",,"NEON.PLA.D03.DSNY.02170","ok","small shrub","Live",,,1.9,,,,0.7,0.5,,"cylinder",1.3,10,,,,"cMb2B+jx12AMjNtsEA8t48GND5R87ks/","XHDcovp85mKKhOyBJRCCG9BrUnGU9ms3Kfo1BikqVt4=","legacyData"
"5f05ea2f-846a-4280-a881-8f5e115ad1cf","DSNY_020.basePlot.vst","2018-05-01","vst_DSNY_2017","D03","DSNY","DSNY_020",,"NEON.PLA.D03.DSNY.02171","ok","small shrub","Live",,,1.5,,,,0.7,0.4,,"cylinder",1.0,10,,,,"cMb2B+jx12AMjNtsEA8t48GND5R87ks/","XHDcovp85mKKhOyBJRCCG9BrUnGU9ms3Kfo1BikqVt4=","legacyData"
"536d8544-d573-40b5-a804-319be61ad8f1","DSNY_020.basePlot.vst","2018-05-01","vst_DSNY_2017","D03","DSNY","DSNY_020",,"NEON.PLA.D03.DSNY.00045","ok","single bole tree","Standing dead",13.0,130,4.2,,,,0.4,0.3,,,,,,,,"cMb2B+jx12AMjNtsEA8t48GND5R87ks/","XHDcovp85mKKhOyBJRCCG9BrUnGU9ms3Kfo1BikqVt4=","legacyData"
"f70bdf63-a689-4966-aafb-3fcd926bdf11","DSNY_020.basePlot.vst","2018-05-01","vst_DSNY_2017","D03","DSNY","DSNY_020",,"NEON.PLA.D03.DSNY.02176","ok","small shrub","Live",,,1.8,,,,1.2,0.8,,"cylinder",2.2,10,,,,"cMb2B+jx12AMjNtsEA8t48GND5R87ks/","XHDcovp85mKKhOyBJRCCG9BrUnGU9ms3Kfo1BikqVt4=","legacyData"
"93d4037a-8e22-4e7b-83c7-0a2966e1f96e","DSNY_020.basePlot.vst","2018-05-01","vst_DSNY_2017","D03","DSNY","DSNY_020",,"NEON.PLA.D03.DSNY.02159","ok","single shrub","Live",1.4,130,2.0,,,,1.0,1.0,,"cylinder",3.0,10,,,,"cMb2B+jx12AMjNtsEA8t48GND5R87ks/","XHDcovp85mKKhOyBJRCCG9BrUnGU9ms3Kfo1BikqVt4=","legacyData"
"05147c8e-7248-4056-87f5-5cd416ef2eab","DSNY_020.basePlot.vst","2018-05-01","vst_DSNY_2017","D03","DSNY","DSNY_020",,"NEON.PLA.D03.DSNY.02188","ok","small shrub","Live",,,1.3,,,,0.4,0.3,,"cylinder",1.0,10,,,,"cMb2B+jx12AMjNtsEA8t48GND5R87ks/","XHDcovp85mKKhOyBJRCCG9BrUnGU9ms3Kfo1BikqVt4=","legacyData"
"37e09478-894c-46b5-a16d-600810570423","DSNY_020.basePlot.vst","2018-05-01","vst_DSNY_2017","D03","DSNY","DSNY_020",,"NEON.PLA.D03.DSNY.02168","ok","small shrub","Standing dead",,,1.8,1.0,,,0.7,0.6,,"ellipsoid or sphere",1.3,10,,,,"cMb2B+jx12AMjNtsEA8t48GND5R87ks/","XHDcovp85mKKhOyBJRCCG9BrUnGU9ms3Kfo1BikqVt4=","legacyData"
"6fc82b09-9f3d-46c6-99a4-84596ee8ea3a","DSNY_020.basePlot.vst","2018-05-01","vst_DSNY_2017","D03","DSNY","DSNY_020",,"NEON.PLA.D03.DSNY.02168","ok","small shrub","Standing dead",,,1.8,1.0,,,0.7,0.6,,"ellipsoid or sphere",1.6,10,,,,"cMb2B+jx12AMjNtsEA8t48GND5R87ks/","XHDcovp85mKKhOyBJRCCG9BrUnGU9ms3Kfo1BikqVt4=","legacyData"
"beaf21d5-963a-4cfd-a25a-738eb0585b56","DSNY_020.basePlot.vst","2018-05-01","vst_DSNY_2017","D03","DSNY","DSNY_020",,"NEON.PLA.D03.DSNY.02199","ok","small shrub","Live",,,1.6,0.7,,,0.7,0.6,,"ellipsoid or sphere",1.1,10,,,,"cMb2B+jx12AMjNtsEA8t48GND5R87ks/","XHDcovp85mKKhOyBJRCCG9BrUnGU9ms3Kfo1BikqVt4=","legacyData"
"5d7e0fd3-bbbc-4fb1-a5bf-6bf7cb73197b","DSNY_019.basePlot.vst","2018-05-02","vst_DSNY_2017","D03","DSNY","DSNY_019",,"NEON.PLA.D03.DSNY.01277","ok","small tree","Live",5.8,130,3.3,,,,,,,,2.0,,,,,"uQ3flT+jLrW85u7nE+3riIGajIA12ojXUYMflWmsZYI=","XHDcovp85mKKhOyBJRCCG9BrUnGU9ms3Kfo1BikqVt4=","legacyData"
"5dd1e52f-9036-4ccc-bcc5-9d2f14669e87","DSNY_019.basePlot.vst","2018-05-02","vst_DSNY_2017","D03","DSNY","DSNY_019",,"NEON.PLA.D03.DSNY.02322","ok","small tree","Live",9.7,130,5.8,,,,,,,,,,,,,"uQ3flT+jLrW85u7nE+3riIGajIA12ojXUYMflWmsZYI=","XHDcovp85mKKhOyBJRCCG9BrUnGU9ms3Kfo1BikqVt4=","legacyData"
"bb66cb82-e6a6-44ce-875a-5a6b4e8ffae0","DSNY_019.basePlot.vst","2018-05-02","vst_DSNY_2017","D03","DSNY","DSNY_019",,"NEON.PLA.D03.DSNY.02320","ok","small shrub","Live",,,1.4,,,,1.2,0.7,,"inverted cone",1.4,10,0.20,0.20,,"uQ3flT+jLrW85u7nE+3riIGajIA12ojXUYMflWmsZYI=","XHDcovp85mKKhOyBJRCCG9BrUnGU9ms3Kfo1BikqVt4=","legacyData"
"8c9d1dd5-a23c-461a-a53c-3907f4637137","DSNY_019.basePlot.vst","2018-05-02","vst_DSNY_2017","D03","DSNY","DSNY_019",,"NEON.PLA.D03.DSNY.02313","ok","small shrub","Live",,,1.1,,,,1.3,1.0,,"half-sphere",1.1,10,,,,"uQ3flT+jLrW85u7nE+3riIGajIA12ojXUYMflWmsZYI=","XHDcovp85mKKhOyBJRCCG9BrUnGU9ms3Kfo1BikqVt4=","legacyData"
"967eeb2b-1bde-4452-af3a-b06b5473633a","DSNY_019.basePlot.vst","2018-05-02","vst_DSNY_2017","D03","DSNY","DSNY_019",,"NEON.PLA.D03.DSNY.01274","ok","small tree","Live",7.2,130,4.2,,,,,,,,,,,,,"uQ3flT+jLrW85u7nE+3riIGajIA12ojXUYMflWmsZYI=","XHDcovp85mKKhOyBJRCCG9BrUnGU9ms3Kfo1BikqVt4=","legacyData"
"d9e62891-fb4b-4d50-8b66-9c1b5ab0a918","DSNY_019.basePlot.vst","2018-05-02","vst_DSNY_2017","D03","DSNY","DSNY_019",,"NEON.PLA.D03.DSNY.02311","ok","small shrub","Live",,,1.3,,,,0.4,0.4,,"cylinder",1.5,10,,,,"uQ3flT+jLrW85u7nE+3riIGajIA12ojXUYMflWmsZYI=","XHDcovp85mKKhOyBJRCCG9BrUnGU9ms3Kfo1BikqVt4=","legacyData"
"36c15104-37d7-4727-b6ed-4a97970d306d","DSNY_019.basePlot.vst","2018-05-02","vst_DSNY_2017","D03","DSNY","DSNY_019",,"NEON.PLA.D03.DSNY.02314","ok","small shrub","Live",,,0.9,0.3,,,0.5,0.4,,"ellipsoid or sphere",1.1,10,,,,"uQ3flT+jLrW85u7nE+3riIGajIA12ojXUYMflWmsZYI=","XHDcovp85mKKhOyBJRCCG9BrUnGU9ms3Kfo1BikqVt4=","legacyData"
"f1abfc6a-16bd-4450-90c7-11e2cd4b4673","DSNY_019.basePlot.vst","2018-05-02","vst_DSNY_2017","D03","DSNY","DSNY_019",,"NEON.PLA.D03.DSNY.02321","ok","single bole tree","Live",10.8,130,5.9,,,,,,"Full sun",,,,,,,"uQ3flT+jLrW85u7nE+3riIGajIA12ojXUYMflWmsZYI=","XHDcovp85mKKhOyBJRCCG9BrUnGU9ms3Kfo1BikqVt4=","legacyData"
"418c473d-ed4b-44da-82e1-44c8f73e4eeb","DSNY_019.basePlot.vst","2018-05-02","vst_DSNY_2017","D03","DSNY","DSNY_019",,"NEON.PLA.D03.DSNY.01280","ok","single bole tree","Live",10.1,130,5.8,,,,,,"Full sun",,,,,,,"uQ3flT+jLrW85u7nE+3riIGajIA12ojXUYMflWmsZYI=","XHDcovp85mKKhOyBJRCCG9BrUnGU9ms3Kfo1BikqVt4=","legacyData"
"ae952ce6-e4f3-40f0-8b5e-564698f39121","DSNY_019.basePlot.vst","2018-05-02","vst_DSNY_2017","D03","DSNY","DSNY_019",,"NEON.PLA.D03.DSNY.02320","ok","small shrub","Live",,,1.4,,,,1.2,0.7,,"inverted cone",1.4,10,0.20,0.20,,"uQ3flT+jLrW85u7nE+3riIGajIA12ojXUYMflWmsZYI=","XHDcovp85mKKhOyBJRCCG9BrUnGU9ms3Kfo1BikqVt4=","legacyData"
"99f0cb64-937c-46aa-ba47-b0a83d7364cb","DSNY_019.basePlot.vst","2018-05-02","vst_DSNY_2017","D03","DSNY","DSNY_019",,"NEON.PLA.D03.DSNY.01278","ok","small tree","Live",9.4,130,7.4,,,,,,,,,,,,,"uQ3flT+jLrW85u7nE+3riIGajIA12ojXUYMflWmsZYI=","XHDcovp85mKKhOyBJRCCG9BrUnGU9ms3Kfo1BikqVt4=","legacyData"
"00b49d04-2a9d-4673-a054-5f0d469dd948","DSNY_019.basePlot.vst","2018-05-02","vst_DSNY_2017","D03","DSNY","DSNY_019",,"NEON.PLA.D03.DSNY.02317","ok","sapling","Live",,,0.8,,,,,,,,1.0,10,,,,"uQ3flT+jLrW85u7nE+3riIGajIA12ojXUYMflWmsZYI=","XHDcovp85mKKhOyBJRCCG9BrUnGU9ms3Kfo1BikqVt4=","legacyData"
"65e094ad-b596-4253-9995-d0948521628d","DSNY_019.basePlot.vst","2018-05-02","vst_DSNY_2017","D03","DSNY","DSNY_019",,"NEON.PLA.D03.DSNY.02316","ok","small shrub","Live",,,1.3,,,,1.2,1.1,,"cylinder",1.6,10,,,,"uQ3flT+jLrW85u7nE+3riIGajIA12ojXUYMflWmsZYI=","XHDcovp85mKKhOyBJRCCG9BrUnGU9ms3Kfo1BikqVt4=","legacyData"
"0617c70f-0b5e-4d2b-9d39-1ff33c3eca0a","DSNY_019.basePlot.vst","2018-05-02","vst_DSNY_2017","D03","DSNY","DSNY_019",,"NEON.PLA.D03.DSNY.01282","ok","single shrub","Live",1.0,130,2.0,,,,2.0,1.7,,"half-sphere",1.7,10,,,,"uQ3flT+jLrW85u7nE+3riIGajIA12ojXUYMflWmsZYI=","XHDcovp85mKKhOyBJRCCG9BrUnGU9ms3Kfo1BikqVt4=","legacyData"
"08f7f168-a1c6-4d9e-ba27-21110c6369a3","DSNY_019.basePlot.vst","2018-05-02","vst_DSNY_2017","D03","DSNY","DSNY_019",,"NEON.PLA.D03.DSNY.02320","ok","small shrub","Live",,,1.4,,,,1.2,0.7,,"inverted cone",2.0,10,0.20,0.20,,"uQ3flT+jLrW85u7nE+3riIGajIA12ojXUYMflWmsZYI=","XHDcovp85mKKhOyBJRCCG9BrUnGU9ms3Kfo1BikqVt4=","legacyData"
"d2fdf712-f809-44f1-8843-164aec018c06","DSNY_019.basePlot.vst","2018-05-02","vst_DSNY_2017","D03","DSNY","DSNY_019",,"NEON.PLA.D03.DSNY.01273","ok","small tree","Live",5.7,130,3.7,,,,,,,,,,,,,"uQ3flT+jLrW85u7nE+3riIGajIA12ojXUYMflWmsZYI=","XHDcovp85mKKhOyBJRCCG9BrUnGU9ms3Kfo1BikqVt4=","legacyData"
"c8ee868a-a014-40d1-8b02-eaaac992547d","DSNY_019.basePlot.vst","2018-05-02","vst_DSNY_2017","D03","DSNY","DSNY_019",,"NEON.PLA.D03.DSNY.02312","ok","small shrub","Live",,,1.0,,,,0.9,0.9,,"half-sphere",1.0,10,,,,"uQ3flT+jLrW85u7nE+3riIGajIA12ojXUYMflWmsZYI=","XHDcovp85mKKhOyBJRCCG9BrUnGU9ms3Kfo1BikqVt4=","legacyData"
"3ba58025-dd65-4acd-99fd-8f6287879e72","DSNY_019.basePlot.vst","2018-05-02","vst_DSNY_2017","D03","DSNY","DSNY_019",,"NEON.PLA.D03.DSNY.02309","ok","small shrub","Live",,,1.2,,,,1.0,0.8,,"inverted cone",1.4,10,0.20,0.10,,"uQ3flT+jLrW85u7nE+3riIGajIA12ojXUYMflWmsZYI=","XHDcovp85mKKhOyBJRCCG9BrUnGU9ms3Kfo1BikqVt4=","legacyData"
"094696a3-074c-4893-b373-459f771f1b8b","DSNY_019.basePlot.vst","2018-05-02","vst_DSNY_2017","D03","DSNY","DSNY_019",,"NEON.PLA.D03.DSNY.02310","ok","small shrub","Live",,,1.3,,,,1.3,0.7,,"inverted cone",1.2,10,0.20,0.10,,"uQ3flT+jLrW85u7nE+3riIGajIA12ojXUYMflWmsZYI=","XHDcovp85mKKhOyBJRCCG9BrUnGU9ms3Kfo1BikqVt4=","legacyData"
"582e7b4c-cb90-4620-8b19-c0bd41acad1c","DSNY_019.basePlot.vst","2018-05-02","vst_DSNY_2017","D03","DSNY","DSNY_019",,"NEON.PLA.D03.DSNY.02316","ok","small shrub","Live",,,1.3,,,,1.2,1.1,,"cylinder",1.6,10,,,,"uQ3flT+jLrW85u7nE+3riIGajIA12ojXUYMflWmsZYI=","XHDcovp85mKKhOyBJRCCG9BrUnGU9ms3Kfo1BikqVt4=","legacyData"
"3c1cbdb7-7bae-4334-bec4-7cce4b9c6129","DSNY_019.basePlot.vst","2018-05-02","vst_DSNY_2017","D03","DSNY","DSNY_019",,"NEON.PLA.D03.DSNY.02308","ok","small shrub","Live",,,1.1,,,,1.3,0.7,,"half-sphere",1.4,10,,,,"uQ3flT+jLrW85u7nE+3riIGajIA12ojXUYMflWmsZYI=","XHDcovp85mKKhOyBJRCCG9BrUnGU9ms3Kfo1BikqVt4=","legacyData"
"7d91cec3-e982-49f8-8d00-49a7cc2150da","DSNY_019.basePlot.vst","2018-05-02","vst_DSNY_2017","D03","DSNY","DSNY_019",,"NEON.PLA.D03.DSNY.02312","ok","small shrub","Live",,,1.0,,,,0.9,0.9,,"half-sphere",1.1,10,,,,"uQ3flT+jLrW85u7nE+3riIGajIA12ojXUYMflWmsZYI=","XHDcovp85mKKhOyBJRCCG9BrUnGU9ms3Kfo1BikqVt4=","legacyData"
"a90e675a-e544-4db9-9534-0ea42f98f029","DSNY_019.basePlot.vst","2018-05-02","vst_DSNY_2017","D03","DSNY","DSNY_019",,"NEON.PLA.D03.DSNY.02316","ok","small shrub","Live",,,1.3,,,,1.2,1.1,,"cylinder",1.4,10,,,,"uQ3flT+jLrW85u7nE+3riIGajIA12ojXUYMflWmsZYI=","XHDcovp85mKKhOyBJRCCG9BrUnGU9ms3Kfo1BikqVt4=","legacyData"
"dddd3f70-710c-4189-939b-8b84363a4d84","DSNY_019.basePlot.vst","2018-05-02","vst_DSNY_2017","D03","DSNY","DSNY_019",,"NEON.PLA.D03.DSNY.02315","ok","small shrub","Live",,,0.8,0.2,,,0.5,0.3,,"ellipsoid or sphere",1.0,10,,,,"uQ3flT+jLrW85u7nE+3riIGajIA12ojXUYMflWmsZYI=","XHDcovp85mKKhOyBJRCCG9BrUnGU9ms3Kfo1BikqVt4=","legacyData"
"1baa222e-4ad9-4569-a9a2-9d72c51549a1","DSNY_019.basePlot.vst","2018-05-02","vst_DSNY_2017","D03","DSNY","DSNY_019",,"NEON.PLA.D03.DSNY.01279","ok","single bole tree","Live",10.5,130,6.4,,,,,,"Full sun",,,,,,,"uQ3flT+jLrW85u7nE+3riIGajIA12ojXUYMflWmsZYI=","XHDcovp85mKKhOyBJRCCG9BrUnGU9ms3Kfo1BikqVt4=","legacyData"
"2a294289-9771-4cf6-9e48-bc58cf9e58d6","DSNY_019.basePlot.vst","2018-05-02","vst_DSNY_2017","D03","DSNY","DSNY_019",,"NEON.PLA.D03.DSNY.02313","ok","small shrub","Live",,,1.1,,,,1.3,1.0,,"half-sphere",1.2,10,,,,"uQ3flT+jLrW85u7nE+3riIGajIA12ojXUYMflWmsZYI=","XHDcovp85mKKhOyBJRCCG9BrUnGU9ms3Kfo1BikqVt4=","legacyData"
"9aeb64b1-33f3-4801-aada-d6c77b40148b","DSNY_019.basePlot.vst","2018-05-02","vst_DSNY_2017","D03","DSNY","DSNY_019",,"NEON.PLA.D03.DSNY.02310","ok","small shrub","Live",,,1.3,,,,1.3,0.7,,"inverted cone",1.3,10,0.20,0.10,,"uQ3flT+jLrW85u7nE+3riIGajIA12ojXUYMflWmsZYI=","XHDcovp85mKKhOyBJRCCG9BrUnGU9ms3Kfo1BikqVt4=","legacyData"
"71af2fee-0998-46ca-a1b8-cb27fb43e68d","DSNY_019.basePlot.vst","2018-05-02","vst_DSNY_2017","D03","DSNY","DSNY_019",,"NEON.PLA.D03.DSNY.01276","ok","small tree","Live",9.1,130,5.6,,,,,,,,,,,,,"uQ3flT+jLrW85u7nE+3riIGajIA12ojXUYMflWmsZYI=","XHDcovp85mKKhOyBJRCCG9BrUnGU9ms3Kfo1BikqVt4=","legacyData"
"0a2d72ee-58ef-49a1-860c-e3583a519d68","DSNY_019.basePlot.vst","2018-05-02","vst_DSNY_2017","D03","DSNY","DSNY_019",,"NEON.PLA.D03.DSNY.02318","ok","sapling","Live",,,0.8,,,,,,,,1.1,10,,,,"uQ3flT+jLrW85u7nE+3riIGajIA12ojXUYMflWmsZYI=","XHDcovp85mKKhOyBJRCCG9BrUnGU9ms3Kfo1BikqVt4=","legacyData"
"60ed8a08-8acf-4815-8e16-7a4bb77ad7ba","DSNY_019.basePlot.vst","2018-05-02","vst_DSNY_2017","D03","DSNY","DSNY_019",,"NEON.PLA.D03.DSNY.02319","ok","sapling","Live",,,0.8,,,,,,,,1.1,10,,,,"uQ3flT+jLrW85u7nE+3riIGajIA12ojXUYMflWmsZYI=","XHDcovp85mKKhOyBJRCCG9BrUnGU9ms3Kfo1BikqVt4=","legacyData"
