uid,namedLocation,domainID,siteID,plotID,plotType,nlcdClass,decimalLatitude,decimalLongitude,geodeticDatum,coordinateUncertainty,elevation,elevationUncertainty,collectDate,eventID,sampleID,sampleCode,samplingMethod,totalSampledArea,targetTaxaPresent,adultCount,nymphCount,larvaCount,sampleCondition,samplingProtocolVersion,measuredBy,remarks
"2caf28dd-8a85-43b8-a4aa-0d469545f909","KONZ_009.tickPlot.tck","D06","KONZ","KONZ_009","distributed","grasslandHerbaceous",39.107902,-96.584438,"WGS84",20.1,391.9,0.1,"2015-09-02T13:55Z","KONZ.2015.35",,,"drag",160,"N",0,0,,,"NEON.DOC.014045vF","77todYjt/jkEGWUHO3SI0BRlGpUHn9Xh",
"e8223687-bf95-4791-943d-543210505f89","KONZ_025.tickPlot.tck","D06","KONZ","KONZ_025","distributed","deciduousForest",39.103714,-96.597832,"WGS84",20.1,337.3,0.1,"2015-09-02T14:57Z","KONZ.2015.35","KONZ_025.20150902",,"drag",160,"Y",0,3,102,"No known compromise","NEON.DOC.014045vF","77todYjt/jkEGWUHO3SI0BRlGpUHn9Xh",
"de90b758-cba2-4880-b1d6-23e8dfde09c9","KONZ_001.tickPlot.tck","D06","KONZ","KONZ_001","distributed","grasslandHerbaceous",39.074114,-96.557107,"WGS84",20.0,423.7,0.0,"2015-09-02T16:10Z","KONZ.2015.35",,,"drag",160,"N",0,0,,,"NEON.DOC.014045vF","77todYjt/jkEGWUHO3SI0BRlGpUHn9Xh",
"21a9d70b-e245-4d5d-92d6-16f837947f60","KONZ_007.tickPlot.tck","D06","KONZ","KONZ_007","distributed","grasslandHerbaceous",39.087937,-96.545919,"WGS84",20.1,434.0,0.1,"2015-09-02T16:45Z","KONZ.2015.35",,,"drag",160,"N",0,0,,,"NEON.DOC.014045vF","77todYjt/jkEGWUHO3SI0BRlGpUHn9Xh",
"02dda61d-bebe-4018-8caa-a95e25abb70c","KONZ_004.tickPlot.tck","D06","KONZ","KONZ_004","distributed","grasslandHerbaceous",39.109647,-96.551370,"WGS84",20.0,371.9,0.0,"2015-09-02T17:40Z","KONZ.2015.35",,,"drag",160,"N",0,0,,,"NEON.DOC.014045vF","77todYjt/jkEGWUHO3SI0BRlGpUHn9Xh",
"5cc001cd-b589-4e8e-ac5b-500141f2e3dc","KONZ_002.tickPlot.tck","D06","KONZ","KONZ_002","distributed","grasslandHerbaceous",39.118977,-96.547146,"WGS84",20.0,394.4,0.0,"2015-09-02T18:43Z","KONZ.2015.35",,,"drag and flag",160,"N",0,0,,,"NEON.DOC.014045vF","77todYjt/jkEGWUHO3SI0BRlGpUHn9Xh",
"b87c1b14-4858-4ee8-9167-b1799d3a084d","KONZ_009.tickPlot.tck","D06","KONZ","KONZ_009","distributed","grasslandHerbaceous",39.107902,-96.584438,"WGS84",20.1,391.9,0.1,"2015-09-23T13:57Z","KONZ.2015.38",,,"drag",160,"N",0,0,,,"NEON.DOC.014045vF","/sVzRO01Fu+91IQNMsKeUEFazyktd0rY","No ticks collected"
"090c5cf7-88b1-4815-a650-3ae5db1ff1ce","KONZ_025.tickPlot.tck","D06","KONZ","KONZ_025","distributed","deciduousForest",39.103714,-96.597832,"WGS84",20.1,337.3,0.1,"2015-09-23T14:56Z","KONZ.2015.38","KONZ_025.20150923",,"drag",160,"Y",0,2,22,"No known compromise","NEON.DOC.014045vF","/sVzRO01Fu+91IQNMsKeUEFazyktd0rY",
"0eb10b98-3713-49ef-9539-8775ba055e6c","KONZ_007.tickPlot.tck","D06","KONZ","KONZ_007","distributed","grasslandHerbaceous",39.087937,-96.545919,"WGS84",20.1,434.0,0.1,"2015-09-23T16:58Z","KONZ.2015.38",,,"drag",160,"N",0,0,,,"NEON.DOC.014045vF","/sVzRO01Fu+91IQNMsKeUEFazyktd0rY","No ticks collected"
"e2cf721e-feae-4edc-a4aa-7d999391453a","KONZ_002.tickPlot.tck","D06","KONZ","KONZ_002","distributed","grasslandHerbaceous",39.118977,-96.547146,"WGS84",20.0,394.4,0.0,"2015-09-23T18:16Z","KONZ.2015.38",,,"drag and flag",160,"N",0,0,,,"NEON.DOC.014045vF","/sVzRO01Fu+91IQNMsKeUEFazyktd0rY","No ticks collected"
"88c963f8-80d8-4f25-b059-6bef837ae364","KONZ_004.tickPlot.tck","D06","KONZ","KONZ_004","distributed","grasslandHerbaceous",39.109647,-96.551370,"WGS84",20.0,371.9,0.0,"2015-09-23T19:17Z","KONZ.2015.38",,,"drag",160,"N",0,0,,,"NEON.DOC.014045vF","/sVzRO01Fu+91IQNMsKeUEFazyktd0rY","No ticks collected"
"ee3ecb7d-dfb1-4694-a42a-0051c4e0975d","KONZ_001.tickPlot.tck","D06","KONZ","KONZ_001","distributed","grasslandHerbaceous",39.074114,-96.557107,"WGS84",20.0,423.7,0.0,"2015-09-23T19:59Z","KONZ.2015.38",,,"drag",160,"N",0,0,,,"NEON.DOC.014045vF","/sVzRO01Fu+91IQNMsKeUEFazyktd0rY",
