uid,namedLocation,plotID,collectDate,identifiedDate,sampleID,subsampleID,scientificName,acceptedTaxonID,taxonRank,family,subfamily,tribe,subtribe,genus,subgenus,specificEpithet,infraspecificEpithet,identificationQualifier,identificationReferences,identificationProtocolVersion,scientificNameAuthorship,sexOrAge,individualCount,sampleCondition,archiveMedium,archiveFacilityID,deprecatedVialID,identifiedBy,laboratoryName,remarks
"3b9882e8-6424-4f37-8c90-b51d16f87a0a","KONZ_025.tickPlot.tck","KONZ_025","2015-09-02T14:57Z","2016-06-27T16:00Z","KONZ_025.20150902","KONZ_025.20150902.AMBAME.L","Amblyomma americanum","AMBAME","species","Ixodidae",,,,"Amblyomma",,"americanum",,,"Cooley, R. A. and G. M. Kohls. 1944. The genus Amblyomma (ixodidae) in the United States. The Journal of Parasitology, 30(2):77-111.","GSU_tickIdentification_SOP_2016-11-01.pdf","Linnaeus","Larva",1,"OK","90% ethanol","127076",,"L. Beati","Georgia Southern University",
"6383749f-c685-427c-bee7-ae31fa26a8c1","KONZ_025.tickPlot.tck","KONZ_025","2015-09-02T14:57Z","2016-06-27T12:00Z","KONZ_025.20150902","KONZ_025.20150902.AMBAME.N","Amblyomma americanum","AMBAME","species","Ixodidae",,,,"Amblyomma",,"americanum",,,"Cooley, R. A. and G. M. Kohls. 1944. The genus Amblyomma (ixodidae) in the United States. The Journal of Parasitology, 30(2):77-111.","GSU_tickIdentification_SOP_2016-11-01.pdf","Linnaeus","Nymph",3,"OK","95% ethanol","127076",,"L. Beati","Georgia Southern University",
"528c1e88-551c-474c-bfa7-1da85ec76477","KONZ_025.tickPlot.tck","KONZ_025","2015-09-23T14:56Z","2016-06-27T16:00Z","KONZ_025.20150923","KONZ_025.20150923.AMBAME.L","Amblyomma americanum","AMBAME","species","Ixodidae",,,,"Amblyomma",,"americanum",,,"Cooley, R. A. and G. M. Kohls. 1944. The genus Amblyomma (ixodidae) in the United States. The Journal of Parasitology, 30(2):77-111.","GSU_tickIdentification_SOP_2016-11-01.pdf","Linnaeus","Larva",1,"OK","90% ethanol","127081",,"L. Beati","Georgia Southern University",
"9879699e-434c-4e51-ba99-18986b91ef1b","KONZ_025.tickPlot.tck","KONZ_025","2015-09-23T14:56Z","2016-06-27T12:00Z","KONZ_025.20150923","KONZ_025.20150923.AMBAME.N","Amblyomma americanum","AMBAME","species","Ixodidae",,,,"Amblyomma",,"americanum",,,"Cooley, R. A. and G. M. Kohls. 1944. The genus Amblyomma (ixodidae) in the United States. The Journal of Parasitology, 30(2):77-111.","GSU_tickIdentification_SOP_2016-11-01.pdf","Linnaeus","Nymph",2,"OK","95% ethanol","127081",,"L. Beati","Georgia Southern University",
