uid,namedLocation,domainID,siteID,plotID,plotType,nlcdClass,decimalLatitude,decimalLongitude,geodeticDatum,coordinateUncertainty,elevation,elevationUncertainty,collectDate,eventID,sampleID,sampleCode,samplingMethod,totalSampledArea,targetTaxaPresent,adultCount,nymphCount,larvaCount,sampleCondition,samplingProtocolVersion,measuredBy,remarks
"97c2b582-85e4-4524-8390-4ab1fd14dcb4","OAES_007.tickPlot.tck","D11","OAES","OAES_007","distributed","shrubScrub",35.421328,-99.057210,"WGS84",20.1,521.6,0.1,"2018-07-17T13:09Z","OAES.2018.29","OAES_007.20180717","A00000020757","drag and flag",160,"Y",1,0,0,"No known compromise","NEON.DOC.014045vJ","8G7vUQMzZK9zBmE4wxPrbelrEQU9/yG7Kxg0E4NflNA=",
"8be84305-ea66-482a-b0b7-fb4f2591c6ed","OAES_003.tickPlot.tck","D11","OAES","OAES_003","distributed","grasslandHerbaceous",35.412134,-99.068027,"WGS84",20.2,512.2,0.2,"2018-07-17T13:59Z","OAES.2018.29",,,"drag",160,"N",0,0,0,"No known compromise","NEON.DOC.014045vJ","8G7vUQMzZK9zBmE4wxPrbelrEQU9/yG7Kxg0E4NflNA=",
"2a74eb8a-8699-44ad-abad-ec6443f6f46e","OAES_021.tickPlot.tck","D11","OAES","OAES_021","distributed","shrubScrub",35.413211,-99.074301,"WGS84",20.1,501.7,0.1,"2018-07-17T14:28Z","OAES.2018.29",,,"drag and flag",140,"N",0,0,0,"Distance estimated (described in remarks)","NEON.DOC.014045vJ","8G7vUQMzZK9zBmE4wxPrbelrEQU9/yG7Kxg0E4NflNA=","Delineated due to dense vegetation"
"64dcf477-60a8-4379-b3df-cc9cd56b9aea","OAES_004.tickPlot.tck","D11","OAES","OAES_004","distributed","grasslandHerbaceous",35.411159,-99.084234,"WGS84",20.1,507.6,0.1,"2018-07-17T15:02Z","OAES.2018.29","OAES_004.20180717","A00000020758","drag",160,"Y",0,1,0,"No known compromise","NEON.DOC.014045vJ","8G7vUQMzZK9zBmE4wxPrbelrEQU9/yG7Kxg0E4NflNA=",
"83e83166-b6cb-48dc-b01e-750fe20a4125","OAES_005.tickPlot.tck","D11","OAES","OAES_005","distributed","grasslandHerbaceous",35.402926,-99.080346,"WGS84",20.1,509.4,0.1,"2018-07-17T15:39Z","OAES.2018.29","OAES_005.20180717","A00000020743","drag",160,"Y",1,0,0,"No known compromise","NEON.DOC.014045vJ","8G7vUQMzZK9zBmE4wxPrbelrEQU9/yG7Kxg0E4NflNA=",
"d882eae9-9af0-4ffa-a144-1fd8040783a6","OAES_008.tickPlot.tck","D11","OAES","OAES_008","distributed","grasslandHerbaceous",35.394019,-99.063159,"WGS84",20.1,492.6,0.1,"2018-07-17T15:58Z","OAES.2018.29",,,"drag",160,"N",0,0,0,,"NEON.DOC.014045vJ","8G7vUQMzZK9zBmE4wxPrbelrEQU9/yG7Kxg0E4NflNA=",
