uid,namedLocation,domainID,siteID,plotID,plotType,nlcdClass,decimalLatitude,decimalLongitude,geodeticDatum,coordinateUncertainty,elevation,elevationUncertainty,collectDate,eventID,sampleID,sampleCode,samplingMethod,totalSampledArea,targetTaxaPresent,adultCount,nymphCount,larvaCount,sampleCondition,samplingProtocolVersion,measuredBy,remarks
"e92014a8-68e1-4616-b25f-421013908c3f","ONAQ_004.tickPlot.tck","D15","ONAQ","ONAQ_004","distributed","shrubScrub",40.187291,-112.471870,"WGS84",,1710.4,,"2014-06-09T16:00Z","ONAQ.2014.23",,,"drag and flag",160,"N",0,0,0,,"NEON.DOC.014045vD","YPYOWaEm2rUn1SoNE33jhw==","137/160 meters required flagging; no transcription errors found"
"2bcd13dd-6924-4a5c-850d-689dc82efd98","ONAQ_008.tickPlot.tck","D15","ONAQ","ONAQ_008","distributed","evergreenForest",40.159824,-112.522071,"WGS84",20.3,1815.0,0.4,"2014-06-09T16:15Z","ONAQ.2014.23",,,"drag and flag",165,"N",0,0,0,,"NEON.DOC.014045vD","PVmYg2abrdalVXtmWTIReA==","Mistakenly sampled associated distributed base plots (instead of 40 x 40 m Tick plots). No ticks founds."
"9a73be42-85f6-4546-90e8-79e362851980","ONAQ_003.tickPlot.tck","D15","ONAQ","ONAQ_003","distributed","shrubScrub",40.204804,-112.431028,"WGS84",20.1,1613.1,0.2,"2014-06-09T19:10Z","ONAQ.2014.23",,,"drag and flag",160,"N",0,0,0,,"NEON.DOC.014045vD","PVmYg2abrdalVXtmWTIReA==","we flagged >50% of the plot perimeter. Mistakenly sampled associated distributed base plots (instead of 40 x 40 m Tick plots). No ticks founds."
"43bd9be8-92c7-4348-8fd2-885b27045449","ONAQ_005.tickPlot.tck","D15","ONAQ","ONAQ_005","distributed","shrubScrub",40.181926,-112.432741,"WGS84",20.1,1617.2,0.1,"2014-06-09T19:45Z","ONAQ.2014.23",,,"drag and flag",160,"N",0,0,0,,"NEON.DOC.014045vD","YPYOWaEm2rUn1SoNE33jhw==","140/160 meters required flagging"
"148673e2-52e6-4b39-8aa8-6e228b3885f5","ONAQ_010.tickPlot.tck","D15","ONAQ","ONAQ_010","distributed","evergreenForest",40.202290,-112.497759,"WGS84",20.1,1892.4,0.1,"2014-06-10T17:40Z","ONAQ.2014.23",,,"drag and flag",176,"N",0,0,0,,"NEON.DOC.014045vD","PVmYg2abrdalVXtmWTIReA==","Mistakenly sampled associated distributed base plots (instead of 40 x 40 m Tick plots). No ticks founds."
"d237a9d3-0e59-47df-8152-50d9c89ae10d","ONAQ_009.tickPlot.tck","D15","ONAQ","ONAQ_009","distributed","shrubScrub",40.160581,-112.469377,"WGS84",20.1,1668.8,0.1,"2014-06-10T21:10Z","ONAQ.2014.23",,,"drag and flag",164,"N",0,0,0,,"NEON.DOC.014045vD","PVmYg2abrdalVXtmWTIReA==","we flagged >50% of the plot perimeter; no transcription errors found. Mistakenly sampled associated distributed base plots (instead of 40 x 40 m Tick plots). No ticks founds."
