uid,namedLocation,domainID,siteID,plotID,plotType,nlcdClass,decimalLatitude,decimalLongitude,geodeticDatum,coordinateUncertainty,elevation,elevationUncertainty,collectDate,eventID,sampleID,sampleCode,samplingMethod,totalSampledArea,targetTaxaPresent,adultCount,nymphCount,larvaCount,sampleCondition,samplingProtocolVersion,measuredBy,remarks
"105a898e-b374-4471-aa6c-95d8a8877e3b","TREE_007.tickPlot.tck","D05","TREE","TREE_007","distributed","deciduousForest",45.496399,-89.559231,"WGS84",20.2,461.3,0.3,"2016-10-13T16:33Z","TREE.2016.41",,,"flag",160,"N",0,0,0,"No known compromise","NEON.DOC.014045vG","HRQ2qSmGm8w8Hpt9UYCeWTEDSajtVjQn",
"069c8487-8269-4edb-b8e1-5dbf4267d6e3","TREE_022.tickPlot.tck","D05","TREE","TREE_022","distributed","evergreenForest",45.494513,-89.551239,"WGS84",20.2,458.4,0.2,"2016-10-13T17:45Z","TREE.2016.41","TREE_022.20161013",,"flag",160,"Y",0,1,0,"No known compromise","NEON.DOC.014045vG","WXmC7HijdM2NsP75v+4sQyVqwIMmMBb8","Caught 1 nymph tick that was on a techs pants at the end of the drag. Before we could collect it it escaped."
"cb552ac6-2ec1-42b4-aae5-50a02bb5d510","TREE_015.tickPlot.tck","D05","TREE","TREE_015","distributed","mixedForest",45.485626,-89.554320,"WGS84",20.3,462.1,0.6,"2016-10-13T18:42Z","TREE.2016.41",,,"drag and flag",160,"N",0,0,0,"No known compromise","NEON.DOC.014045vG","HRQ2qSmGm8w8Hpt9UYCeWTEDSajtVjQn",
"d265c1d7-29b3-4c1b-87e6-7b3bc9df83e1","TREE_019.tickPlot.tck","D05","TREE","TREE_019","distributed","mixedForest",45.494788,-89.575812,"WGS84",20.3,466.2,0.5,"2016-10-13T19:41Z","TREE.2016.41","TREE_019.20161013",,"flag",160,"Y",1,0,0,"No known compromise","NEON.DOC.014045vG","WXmC7HijdM2NsP75v+4sQyVqwIMmMBb8","Caught an adult tick on the drag cloth. Fell off of cloth before we could collect it."
"60f3a64c-2038-44e1-8f6c-7ea0ab08dde9","TREE_017.tickPlot.tck","D05","TREE","TREE_017","distributed","deciduousForest",45.493376,-89.575729,"WGS84",20.1,466.2,0.2,"2016-10-13T20:23Z","TREE.2016.41","TREE_017.20161013",,"flag",178,"Y",2,0,0,"No known compromise","NEON.DOC.014045vG","WXmC7HijdM2NsP75v+4sQyVqwIMmMBb8",
"b5d72cc9-8ae3-4c68-b777-500e41effe6b","TREE_005.tickPlot.tck","D05","TREE","TREE_005","distributed","woodyWetlands",45.482307,-89.557299,"WGS84",20.1,447.6,0.2,"2016-10-31T15:13Z","TREE.2016.45",,,"drag and flag",147,"N",0,0,0,"No known compromise","NEON.DOC.014045vG","bhyqAGH4uRkcir9xDj7d5wq9Q3xNnOdK",
"b4e8fe8c-1eca-42f1-a5be-0c9cbc9ba52b","TREE_015.tickPlot.tck","D05","TREE","TREE_015","distributed","mixedForest",45.485626,-89.554320,"WGS84",20.3,462.1,0.6,"2016-10-31T16:04Z","TREE.2016.45",,,"drag and flag",160,"N",0,0,0,"No known compromise","NEON.DOC.014045vG","HRQ2qSmGm8w8Hpt9UYCeWTEDSajtVjQn",
"aa0e3a0a-9f47-4e44-8fd1-fc09165e38d1","TREE_022.tickPlot.tck","D05","TREE","TREE_022","distributed","evergreenForest",45.494513,-89.551239,"WGS84",20.2,458.4,0.2,"2016-10-31T16:53Z","TREE.2016.45","TREE_022.20161031",,"drag and flag",159,"Y",1,0,0,"No known compromise","NEON.DOC.014045vG","HRQ2qSmGm8w8Hpt9UYCeWTEDSajtVjQn",
"440957c7-bf37-44ae-8100-84bed764f823","TREE_007.tickPlot.tck","D05","TREE","TREE_007","distributed","deciduousForest",45.496399,-89.559231,"WGS84",20.2,461.3,0.3,"2016-10-31T18:05Z","TREE.2016.45",,,"drag and flag",160,"N",0,0,0,"No known compromise","NEON.DOC.014045vG","bhyqAGH4uRkcir9xDj7d5wq9Q3xNnOdK",
"7266ec6a-152c-47a5-8b3d-54f8308dfaa9","TREE_017.tickPlot.tck","D05","TREE","TREE_017","distributed","deciduousForest",45.493376,-89.575729,"WGS84",20.1,466.2,0.2,"2016-10-31T19:00Z","TREE.2016.45","TREE_017.20161031",,"drag and flag",160,"Y",0,1,0,"No known compromise","NEON.DOC.014045vG","HRQ2qSmGm8w8Hpt9UYCeWTEDSajtVjQn",
"ff00f356-5e73-4362-8224-335cda53b5b1","TREE_019.tickPlot.tck","D05","TREE","TREE_019","distributed","mixedForest",45.494788,-89.575812,"WGS84",20.3,466.2,0.5,"2016-10-31T19:54Z","TREE.2016.45",,,"drag and flag",160,"N",0,0,0,"No known compromise","NEON.DOC.014045vG","bhyqAGH4uRkcir9xDj7d5wq9Q3xNnOdK",
