uid,namedLocation,domainID,siteID,plotID,plotType,nlcdClass,decimalLatitude,decimalLongitude,geodeticDatum,coordinateUncertainty,elevation,elevationUncertainty,collectDate,eventID,sampleID,sampleCode,samplingMethod,totalSampledArea,targetTaxaPresent,adultCount,nymphCount,larvaCount,sampleCondition,samplingProtocolVersion,measuredBy,remarks
"fe2f75f7-0521-4535-b8b4-525b3ed7e565","UKFS_018.tickPlot.tck","D06","UKFS","UKFS_018","distributed","grasslandHerbaceous",39.053205,-95.194659,"WGS84",20.1,325.8,0.1,"2018-04-10T14:52Z","UKFS.2018.15",,,"drag",160,"N",0,0,0,"No known compromise","NEON.DOC.014045vJ","BzXmPCNcOOHl9ws4JG7MP7BkkCvctwH+",
"5b6e58b6-414a-492f-bce2-ae044bd1a220","UKFS_003.tickPlot.tck","D06","UKFS","UKFS_003","distributed","deciduousForest",39.053769,-95.187084,"WGS84",20.1,323.1,0.1,"2018-04-10T15:34Z","UKFS.2018.15",,,"drag and flag",160,"N",0,0,0,,"NEON.DOC.014045vJ","0QknftH/249Fzeup5XgxDmRFrswKMEXrpdiqA+dT0Pw=",
"31dda616-87b0-429e-964c-bb1fd056e48c","UKFS_004.tickPlot.tck","D06","UKFS","UKFS_004","distributed","deciduousForest",39.043188,-95.201000,"WGS84",20.1,320.0,0.2,"2018-04-10T16:12Z","UKFS.2018.15",,,"drag and flag",160,"N",0,0,0,,"NEON.DOC.014045vJ","BzXmPCNcOOHl9ws4JG7MP7BkkCvctwH+",
"913db745-afd6-425d-b699-27d60b69294c","UKFS_030.tickPlot.tck","D06","UKFS","UKFS_030","distributed","grasslandHerbaceous",39.045115,-95.213433,"WGS84",20.1,321.9,0.1,"2018-04-10T16:55Z","UKFS.2018.15",,,"drag",160,"N",0,0,0,,"NEON.DOC.014045vJ","0QknftH/249Fzeup5XgxDmRFrswKMEXrpdiqA+dT0Pw=",
"88398222-ee64-4bd2-91db-298da1f2c832","UKFS_002.tickPlot.tck","D06","UKFS","UKFS_002","distributed","deciduousForest",39.045892,-95.207026,"WGS84",20.1,316.0,0.2,"2018-04-10T17:12Z","UKFS.2018.15",,,"drag and flag",160,"N",0,0,0,,"NEON.DOC.014045vJ","0QknftH/249Fzeup5XgxDmRFrswKMEXrpdiqA+dT0Pw=",
"77c5e2f9-3cee-4fcb-a252-bc3d4698b9e0","UKFS_001.tickPlot.tck","D06","UKFS","UKFS_001","distributed","deciduousForest",39.037238,-95.198631,"WGS84",20.1,322.7,0.1,"2018-04-10T18:19Z","UKFS.2018.15",,,"drag and flag",160,"N",0,0,0,,"NEON.DOC.014045vJ","0QknftH/249Fzeup5XgxDmRFrswKMEXrpdiqA+dT0Pw=",
