uid,namedLocation,date,eventID,domainID,siteID,plotID,subplotID,individualID,tagStatus,growthForm,plantStatus,stemDiameter,measurementHeight,height,baseCrownHeight,breakHeight,breakDiameter,maxCrownDiameter,ninetyCrownDiameter,canopyPosition,shape,basalStemDiameter,basalStemDiameterMsrmntHeight,maxBaseCrownDiameter,ninetyBaseCrownDiameter,remarks,recordedBy,measuredBy,dataQF
"3249e889-1581-4b36-9472-e9ee02559b3e","CPER_014.basePlot.vst","2014-10-01","vst_CPER_2014","D10","CPER","CPER_014",,"NEON.PLA.D10.CPER.00147",,"small shrub","Live",2.9,10,0.7,,,,1.2,0.7,"Partially shaded","half-sphere",,,,,,,,"legacyData"
"683142d7-8add-4924-ae3e-89f23dc79e77","CPER_014.basePlot.vst","2014-10-01","vst_CPER_2014","D10","CPER","CPER_014",,"NEON.PLA.D10.CPER.00149",,"small shrub","Live",2.1,10,0.8,,,,0.9,0.7,"Open grown","half-sphere",,,,,,,,"legacyData"
"e50a6647-665e-4e12-800f-c1a79aa41325","CPER_014.basePlot.vst","2014-10-01","vst_CPER_2014","D10","CPER","CPER_014",,"NEON.PLA.D10.CPER.00167",,"small shrub","Live",2.1,10,0.7,,,,1.2,1.1,"Partially shaded","half-sphere",,,,,,,,"legacyData"
"ab77a4ed-cb15-42ae-bf0c-295cb82af22d","CPER_014.basePlot.vst","2014-10-01","vst_CPER_2014","D10","CPER","CPER_014",,"NEON.PLA.D10.CPER.00164",,"small shrub","Live",1.4,10,0.6,,,,0.5,0.4,"Partially shaded","inverted cone",,,0.10,0.10,,,,"legacyData"
"b832ff72-c117-44c4-8e16-c9b2ad14485b","CPER_014.basePlot.vst","2014-10-01","vst_CPER_2014","D10","CPER","CPER_014",,"NEON.PLA.D10.CPER.00176",,"small shrub","Live",2.2,10,0.8,,,,1.5,1.2,"Open grown","half-sphere",,,,,,,,"legacyData"
"8743993e-5261-442f-a3f4-23e44ec942a9","CPER_014.basePlot.vst","2014-10-01","vst_CPER_2014","D10","CPER","CPER_014",,"NEON.PLA.D10.CPER.00155",,"small shrub","Live",2.2,10,0.5,,,,0.7,0.7,"Partially shaded","half-sphere",,,,,,,,"legacyData"
"464fa245-6dfa-49f8-8282-0a4f2a0e7010","CPER_014.basePlot.vst","2014-10-01","vst_CPER_2014","D10","CPER","CPER_014",,"NEON.PLA.D10.CPER.00154",,"small shrub","Live",1.2,10,0.7,,,,1.2,1.0,"Open grown","half-sphere",,,,,,,,"legacyData"
"6a2ec7c2-aa64-4304-9cd7-34634a3a5084","CPER_014.basePlot.vst","2014-10-01","vst_CPER_2014","D10","CPER","CPER_014",,"NEON.PLA.D10.CPER.00150",,"small shrub","Live",2.5,10,1.0,,,,1.7,1.2,"Partially shaded","half-sphere",,,,,,,,"legacyData"
"3fb4724a-bceb-4f81-b318-25ddbe508694","CPER_014.basePlot.vst","2014-10-01","vst_CPER_2014","D10","CPER","CPER_014",,"NEON.PLA.D10.CPER.00153",,"small shrub","Live",1.7,10,0.6,,,,1.0,0.7,"Open grown","half-sphere",,,,,,,,"legacyData"
"2d57fa35-093c-4625-b9d7-9ab5d500417f","CPER_014.basePlot.vst","2014-10-01","vst_CPER_2014","D10","CPER","CPER_014",,"NEON.PLA.D10.CPER.00163",,"small shrub","Live",1.1,10,0.5,,,,0.8,0.7,"Partially shaded","half-sphere",,,,,,,,"legacyData"
"ae35cf31-5de2-4b47-b06a-4163b00ab309","CPER_014.basePlot.vst","2014-10-01","vst_CPER_2014","D10","CPER","CPER_014",,"NEON.PLA.D10.CPER.00169",,"small shrub","Live",2.7,10,0.7,,,,1.5,1.2,"Partially shaded","half-sphere",,,,,,,,"legacyData"
"6ef6baff-ff9e-40f1-ad7d-de70bbf16001","CPER_014.basePlot.vst","2014-10-01","vst_CPER_2014","D10","CPER","CPER_014",,"NEON.PLA.D10.CPER.00158",,"small shrub","Live",1.5,10,0.4,,,,0.5,0.2,"Mostly shaded","oblate half-sphere",,,,,,,,"legacyData"
"7700a1ce-174c-4a1d-a579-d732833a583e","CPER_014.basePlot.vst","2014-10-01","vst_CPER_2014","D10","CPER","CPER_014",,"NEON.PLA.D10.CPER.00166",,"small shrub","Live",2.7,10,0.6,,,,1.0,0.6,"Partially shaded","half-sphere",,,,,,,,"legacyData"
"04c89d62-afce-4cb7-a720-f02ad99d3309","CPER_014.basePlot.vst","2014-10-01","vst_CPER_2014","D10","CPER","CPER_014",,"NEON.PLA.D10.CPER.00162",,"small shrub","Live",3.6,10,0.9,,,,1.7,1.5,"Open grown","oblate half-sphere",,,,,,,,"legacyData"
"0ef2d1f7-b545-4e4d-9f7f-d3fc30cffa6a","CPER_014.basePlot.vst","2014-10-01","vst_CPER_2014","D10","CPER","CPER_014",,"NEON.PLA.D10.CPER.00159",,"small shrub","Live",1.9,10,0.7,,,,1.1,1.1,"Open grown","half-sphere",,,,,,,,"legacyData"
"f3f00147-6c5e-4d76-b3f9-04a494d1003d","CPER_014.basePlot.vst","2014-10-01","vst_CPER_2014","D10","CPER","CPER_014",,"NEON.PLA.D10.CPER.00171",,"small shrub","Live",1.8,10,0.8,,,,1.1,0.8,"Partially shaded","oblate half-sphere",,,,,,,,"legacyData"
"d5f62360-94f7-4b1a-85bb-055eb580479a","CPER_014.basePlot.vst","2014-10-01","vst_CPER_2014","D10","CPER","CPER_014",,"NEON.PLA.D10.CPER.00161",,"small shrub","Live",5.0,10,0.6,,,,1.0,0.8,"Open grown","half-sphere",,,,,,,,"legacyData"
"989aa453-d01d-4539-b087-f43abbec335f","CPER_014.basePlot.vst","2014-10-01","vst_CPER_2014","D10","CPER","CPER_014",,"NEON.PLA.D10.CPER.00168",,"small shrub","Live",1.3,10,0.6,,,,1.3,0.8,"Open grown","half-sphere",,,,,,,,"legacyData"
"2852e8eb-b562-4a41-9818-e7c2d4cb5282","CPER_014.basePlot.vst","2014-10-01","vst_CPER_2014","D10","CPER","CPER_014",,"NEON.PLA.D10.CPER.00156",,"small shrub","Live",1.5,10,0.7,,,,1.0,0.6,"Partially shaded","half-sphere",,,,,,,,"legacyData"
"18d9aa03-52ce-4b27-8ea0-9af52e766b65","CPER_014.basePlot.vst","2014-10-01","vst_CPER_2014","D10","CPER","CPER_014",,"NEON.PLA.D10.CPER.00145",,"small shrub","Live",2.4,10,0.7,,,,1.2,0.7,"Open grown","oblate half-sphere",,,,,,,,"legacyData"
"4d3270cb-2a1f-4457-8d02-ac8be7a0ab8e","CPER_014.basePlot.vst","2014-10-01","vst_CPER_2014","D10","CPER","CPER_014",,"NEON.PLA.D10.CPER.00160",,"small shrub","Live",4.7,10,0.9,,,,0.8,0.6,"Partially shaded","half-sphere",,,,,,,,"legacyData"
"72dca865-ef34-4823-a79d-9d5911a7af21","CPER_014.basePlot.vst","2014-10-01","vst_CPER_2014","D10","CPER","CPER_014",,"NEON.PLA.D10.CPER.00174",,"small shrub","Live",2.9,10,0.6,,,,0.9,0.5,"Open grown","oblate half-sphere",,,,,,,,"legacyData"
"9bc6472e-9ab5-4204-b364-6b337bab056f","CPER_014.basePlot.vst","2014-10-01","vst_CPER_2014","D10","CPER","CPER_014",,"NEON.PLA.D10.CPER.00146",,"small shrub","Live",2.0,10,0.5,,,,0.9,0.8,"Partially shaded","half-sphere",,,,,,,,"legacyData"
"a2ada61e-6018-4504-b31d-80317be52263","CPER_014.basePlot.vst","2014-10-01","vst_CPER_2014","D10","CPER","CPER_014",,"NEON.PLA.D10.CPER.00175",,"small shrub","Live",1.4,10,0.8,,,,1.0,1.0,"Partially shaded","half-sphere",,,,,,,,"legacyData"
"74ff44cc-acde-4021-8ace-67aa3ba9d0b0","CPER_014.basePlot.vst","2014-10-01","vst_CPER_2014","D10","CPER","CPER_014",,"NEON.PLA.D10.CPER.00173",,"small shrub","Live",1.8,10,0.6,,,,0.7,0.5,"Full sun","half-sphere",,,,,,,,"legacyData"
"4dad6054-f40a-4a21-b6e5-b02edcb1a1c1","CPER_014.basePlot.vst","2014-10-01","vst_CPER_2014","D10","CPER","CPER_014",,"NEON.PLA.D10.CPER.00151",,"small shrub","Live",1.7,10,0.5,,,,0.8,0.6,"Open grown","half-sphere",,,,,,,,"legacyData"
"be615cb3-10a9-49af-ac62-bd182a342ca4","CPER_014.basePlot.vst","2014-10-01","vst_CPER_2014","D10","CPER","CPER_014",,"NEON.PLA.D10.CPER.00148",,"small shrub","Live",4.2,10,0.7,,,,1.3,1.0,"Open grown","half-sphere",,,,,,,,"legacyData"
"2a5861f8-467a-456e-abdf-f20b9934c9a3","CPER_014.basePlot.vst","2014-10-01","vst_CPER_2014","D10","CPER","CPER_014",,"NEON.PLA.D10.CPER.00157",,"small shrub","Live",1.7,10,0.6,,,,1.4,0.7,"Partially shaded","oblate half-sphere",,,,,,,,"legacyData"
"4afec10e-6543-4d06-bb06-dab77d9ba50f","CPER_014.basePlot.vst","2014-10-01","vst_CPER_2014","D10","CPER","CPER_014",,"NEON.PLA.D10.CPER.00172",,"small shrub","Live",4.2,10,0.3,,,,0.5,0.2,"Mostly shaded","half-sphere",,,,,,,,"legacyData"
"00cac110-6045-4723-a45a-a87229e4b6dc","CPER_014.basePlot.vst","2014-10-01","vst_CPER_2014","D10","CPER","CPER_014",,"NEON.PLA.D10.CPER.00170",,"small shrub","Live",3.0,10,0.8,,,,1.7,1.5,"Open grown","half-sphere",,,,,,,,"legacyData"
"c19c51de-29f7-47e1-a09e-824d6467bb03","CPER_014.basePlot.vst","2014-10-01","vst_CPER_2014","D10","CPER","CPER_014",,"NEON.PLA.D10.CPER.00177",,"small shrub","Live",4.3,10,0.6,,,,1.4,1.3,"Open grown","half-sphere",,,,,,,,"legacyData"
"a682596a-257d-4b44-b0d6-8760195d22bb","CPER_014.basePlot.vst","2014-10-01","vst_CPER_2014","D10","CPER","CPER_014",,"NEON.PLA.D10.CPER.00152",,"small shrub","Live",2.0,10,0.6,,,,0.8,0.5,"Open grown","half-sphere",,,,,,,,"legacyData"
"b3f5afc8-ace1-4d91-b537-1be5d2fe9ee8","CPER_014.basePlot.vst","2014-10-01","vst_CPER_2014","D10","CPER","CPER_014",,"NEON.PLA.D10.CPER.00165",,"small shrub","Standing dead",2.6,10,0.6,,,,0.8,0.6,"Partially shaded","half-sphere",,,,,,,,"legacyData"
"4d664a6b-2214-44ee-a918-e31fc848bbfb","CPER_005.basePlot.vst","2014-10-06","vst_CPER_2014","D10","CPER","CPER_005",,"NEON.PLA.D10.CPER.00230",,"small shrub","Live",1.0,10,0.7,,,,1.4,1.1,"Open grown","half-sphere",,,,,,,,"legacyData"
"5f3db351-ad01-4113-8f96-dd0d89a9340a","CPER_005.basePlot.vst","2014-10-06","vst_CPER_2014","D10","CPER","CPER_005",,"NEON.PLA.D10.CPER.00217",,"small shrub","Live",1.2,10,0.6,,,,1.3,0.9,"Partially shaded","oblate half-sphere",,,,,,,,"legacyData"
"43c00c51-9ad0-4fcf-b386-aae5c67e25e5","CPER_005.basePlot.vst","2014-10-06","vst_CPER_2014","D10","CPER","CPER_005",,"NEON.PLA.D10.CPER.00197",,"small shrub","Live",1.1,10,0.8,,,,1.4,0.8,"Open grown","half-sphere",,,,,,,,"legacyData"
"ae38b591-05a4-4738-bf04-7ed9c5c2fc79","CPER_005.basePlot.vst","2014-10-06","vst_CPER_2014","D10","CPER","CPER_005",,"NEON.PLA.D10.CPER.00211",,"small shrub","Live",1.8,10,0.6,,,,1.0,0.8,"Partially shaded","half-sphere",,,,,,,,"legacyData"
"01b93d73-dc6c-4c62-b85c-6e5e1add42be","CPER_005.basePlot.vst","2014-10-06","vst_CPER_2014","D10","CPER","CPER_005",,"NEON.PLA.D10.CPER.00202",,"small shrub","Live",1.1,10,0.6,,,,1.2,0.8,"Open grown","half-sphere",,,,,,,,"legacyData"
"3b1be646-a7db-4696-a971-54784e8c6690","CPER_005.basePlot.vst","2014-10-06","vst_CPER_2014","D10","CPER","CPER_005",,"NEON.PLA.D10.CPER.00234",,"small shrub","Live",1.0,10,0.5,,,,0.7,0.6,"Partially shaded","half-sphere",,,,,,,,"legacyData"
"e8754d33-06c7-4b80-9b6c-5e1c825aaff7","CPER_005.basePlot.vst","2014-10-06","vst_CPER_2014","D10","CPER","CPER_005",,"NEON.PLA.D10.CPER.00206",,"small shrub","Live",1.3,10,0.6,,,,0.5,0.4,"Partially shaded","half-sphere",,,,,,,,"legacyData"
"0038711b-35df-468d-82ec-a0f646b26c3d","CPER_005.basePlot.vst","2014-10-06","vst_CPER_2014","D10","CPER","CPER_005",,"NEON.PLA.D10.CPER.00212",,"small shrub","Live",1.3,10,0.6,,,,0.9,0.8,"Open grown","half-sphere",,,,,,,,"legacyData"
"48eae7f9-e1ff-46e1-be77-ee16000192d5","CPER_005.basePlot.vst","2014-10-06","vst_CPER_2014","D10","CPER","CPER_005",,"NEON.PLA.D10.CPER.00204",,"small shrub","Live",2.0,10,0.7,,,,0.7,0.7,"Partially shaded","half-sphere",,,,,,,,"legacyData"
"b0c48754-45c3-4c16-8795-658fe14f5ec7","CPER_005.basePlot.vst","2014-10-06","vst_CPER_2014","D10","CPER","CPER_005",,"NEON.PLA.D10.CPER.00199",,"small shrub","Live",1.0,10,0.5,,,,0.5,0.4,"Open grown","half-sphere",,,,,,,,"legacyData"
"584a8c10-cbf7-4209-a056-dad979f01572","CPER_005.basePlot.vst","2014-10-06","vst_CPER_2014","D10","CPER","CPER_005",,"NEON.PLA.D10.CPER.00229",,"small shrub","Live",1.4,10,0.8,,,,1.3,1.2,"Open grown","half-sphere",,,,,,,,"legacyData"
"9b531094-b01c-4fc1-a774-12462f51777f","CPER_005.basePlot.vst","2014-10-06","vst_CPER_2014","D10","CPER","CPER_005",,"NEON.PLA.D10.CPER.00205",,"small shrub","Live",3.0,10,0.8,,,,0.9,0.8,"Partially shaded","half-sphere",,,,,,,,"legacyData"
"feb94a10-04fb-45d7-afab-3413d98d8f7f","CPER_005.basePlot.vst","2014-10-06","vst_CPER_2014","D10","CPER","CPER_005",,"NEON.PLA.D10.CPER.00216",,"small shrub","Live",1.4,10,0.6,,,,0.6,0.5,"Partially shaded","half-sphere",,,,,,,,"legacyData"
"bd1edca4-c030-4061-b23a-bfffc6ba7375","CPER_005.basePlot.vst","2014-10-06","vst_CPER_2014","D10","CPER","CPER_005",,"NEON.PLA.D10.CPER.00201",,"small shrub","Live,  other damage",1.4,10,0.2,,,,0.3,0.1,"Partially shaded","oblate half-sphere",,,,,,,,"legacyData"
"99ba9af9-7163-4099-b136-b5816319c0c9","CPER_005.basePlot.vst","2014-10-06","vst_CPER_2014","D10","CPER","CPER_005",,"NEON.PLA.D10.CPER.00203",,"small shrub","Live",1.0,10,0.6,,,,0.7,0.5,"Open grown","half-sphere",,,,,,,,"legacyData"
"4a890a6a-bc0b-421e-98eb-a43cddba5136","CPER_005.basePlot.vst","2014-10-06","vst_CPER_2014","D10","CPER","CPER_005",,"NEON.PLA.D10.CPER.00209",,"small shrub","Live",1.6,10,0.8,,,,1.2,0.9,"Open grown","half-sphere",,,,,,,,"legacyData"
"067ed48a-fcfd-483f-ba80-7095ed0ad063","CPER_005.basePlot.vst","2014-10-06","vst_CPER_2014","D10","CPER","CPER_005",,"NEON.PLA.D10.CPER.00239",,"small shrub","Live",1.0,10,0.8,,,,1.2,0.8,"Partially shaded","oblate half-sphere",,,,,,,,"legacyData"
"0749a7eb-6eed-4ec0-a53e-a23915f44a33","CPER_005.basePlot.vst","2014-10-06","vst_CPER_2014","D10","CPER","CPER_005",,"NEON.PLA.D10.CPER.00244",,"small shrub","Live",1.1,10,0.7,,,,1.3,1.0,"Open grown","half-sphere",,,,,,,,"legacyData"
"480a1827-24b9-401a-9645-6b1c6a4b3039","CPER_005.basePlot.vst","2014-10-06","vst_CPER_2014","D10","CPER","CPER_005",,"NEON.PLA.D10.CPER.00208",,"small shrub","Live",1.3,10,0.8,,,,1.2,0.9,"Open grown","half-sphere",,,,,,,,"legacyData"
"cb9cf83c-3979-4741-8d94-4444f1f89006","CPER_005.basePlot.vst","2014-10-06","vst_CPER_2014","D10","CPER","CPER_005",,"NEON.PLA.D10.CPER.00233",,"small shrub","Live",1.5,10,0.5,,,,0.8,0.6,"Partially shaded","half-sphere",,,,,,,,"legacyData"
"fdfc37a4-c699-4fe7-8428-da30a4f06ffe","CPER_015.basePlot.vst","2014-10-06","vst_CPER_2014","D10","CPER","CPER_015",,"NEON.PLA.D10.CPER.00196",,"small shrub","Standing dead",1.5,10,0.3,,,,0.4,0.1,"Partially shaded","oblate half-sphere",,,,,,,,"legacyData"
"f0599d9c-5523-45a4-9be6-2898e32f8d48","CPER_005.basePlot.vst","2014-10-06","vst_CPER_2014","D10","CPER","CPER_005",,"NEON.PLA.D10.CPER.00210",,"small shrub","Live",1.3,10,0.8,,,,1.0,0.9,"Partially shaded","half-sphere",,,,,,,,"legacyData"
"f25c53db-b902-4147-8444-476b50589a39","CPER_005.basePlot.vst","2014-10-06","vst_CPER_2014","D10","CPER","CPER_005",,"NEON.PLA.D10.CPER.00241",,"small shrub","Live",2.3,10,0.7,,,,0.9,0.8,"Partially shaded","half-sphere",,,,,,,,"legacyData"
"5c8868a8-0286-4494-807d-538bcc66ab67","CPER_005.basePlot.vst","2014-10-06","vst_CPER_2014","D10","CPER","CPER_005",,"NEON.PLA.D10.CPER.00238",,"small shrub","Standing dead",1.2,10,0.4,,,,0.5,0.3,"Open grown","half-sphere",,,,,,,,"legacyData"
"05d6ec76-3b1c-4e62-bce7-c8ec7682ed3d","CPER_005.basePlot.vst","2014-10-06","vst_CPER_2014","D10","CPER","CPER_005",,"NEON.PLA.D10.CPER.00198",,"small shrub","Live",2.1,10,0.5,,,,1.2,1.1,"Open grown","half-sphere",,,,,,,,"legacyData"
"bedbda08-b46a-4690-9ffc-b515dde90632","CPER_005.basePlot.vst","2014-10-06","vst_CPER_2014","D10","CPER","CPER_005",,"NEON.PLA.D10.CPER.00231",,"small shrub","Live",1.3,10,0.5,,,,0.9,0.7,"Open grown","half-sphere",,,,,,,,"legacyData"
"081736ca-41da-445f-bb59-6d34a5421632","CPER_005.basePlot.vst","2014-10-06","vst_CPER_2014","D10","CPER","CPER_005",,"NEON.PLA.D10.CPER.00243",,"small shrub","Live",1.2,10,0.6,,,,1.3,0.8,"Open grown","oblate half-sphere",,,,,,,,"legacyData"
"0ec2e09c-f493-4b42-91c8-793c2bf3843f","CPER_005.basePlot.vst","2014-10-06","vst_CPER_2014","D10","CPER","CPER_005",,"NEON.PLA.D10.CPER.00207",,"small shrub","Live",1.0,10,0.7,,,,1.1,1.0,"Open grown","half-sphere",,,,,,,,"legacyData"
"de7689cf-d57a-4cce-b4c3-2e04b625b2b2","CPER_005.basePlot.vst","2014-10-06","vst_CPER_2014","D10","CPER","CPER_005",,"NEON.PLA.D10.CPER.00236",,"small shrub","Live",1.8,10,0.8,,,,1.3,0.8,"Partially shaded","half-sphere",,,,,,,,"legacyData"
"e3bf596d-2693-4c9c-9289-3a0182788337","CPER_005.basePlot.vst","2014-10-06","vst_CPER_2014","D10","CPER","CPER_005",,"NEON.PLA.D10.CPER.00214",,"small shrub","Live",1.1,10,0.7,,,,0.9,0.8,"Partially shaded","half-sphere",,,,,,,,"legacyData"
"17e7a1ec-792a-42c6-ad2a-2713bb1e8c75","CPER_005.basePlot.vst","2014-10-06","vst_CPER_2014","D10","CPER","CPER_005",,"NEON.PLA.D10.CPER.00215",,"small shrub","Live",3.2,10,0.7,,,,1.5,1.0,"Open grown","oblate half-sphere",,,,,,,,"legacyData"
"2a27fa85-27cc-449c-ae10-c7821523dab5","CPER_005.basePlot.vst","2014-10-06","vst_CPER_2014","D10","CPER","CPER_005",,"NEON.PLA.D10.CPER.00240",,"small shrub","Live",2.4,10,0.7,,,,1.1,0.7,"Partially shaded","half-sphere",,,,,,,,"legacyData"
"12d3bb52-13e2-4fb2-a58a-4c25bd066cc4","CPER_005.basePlot.vst","2014-10-06","vst_CPER_2014","D10","CPER","CPER_005",,"NEON.PLA.D10.CPER.00235",,"small shrub","Live",1.2,10,1.0,,,,1.0,1.0,"Partially shaded","half-sphere",,,,,,,,"legacyData"
"7c1c3628-79f5-412a-9778-c20b751d9cf8","CPER_005.basePlot.vst","2014-10-06","vst_CPER_2014","D10","CPER","CPER_005",,"NEON.PLA.D10.CPER.00242",,"small shrub","Live",1.3,10,0.7,,,,1.1,1.0,"Open grown","half-sphere",,,,,,,,"legacyData"
"ea5a8c45-65cb-4e4d-af0e-7aa760df72d4","CPER_005.basePlot.vst","2014-10-06","vst_CPER_2014","D10","CPER","CPER_005",,"NEON.PLA.D10.CPER.00218",,"small shrub","Live,  other damage",1.1,10,0.6,,,,0.7,0.4,"Open grown","oblate half-sphere",,,,,,,,"legacyData"
"743461a7-b942-4c39-81b8-45d36e26e9f4","CPER_005.basePlot.vst","2014-10-06","vst_CPER_2014","D10","CPER","CPER_005",,"NEON.PLA.D10.CPER.00237",,"small shrub","Live",1.3,10,0.7,,,,0.9,0.7,"Open grown","half-sphere",,,,,,,,"legacyData"
"4923d112-8c24-4d4c-838f-9c2fd1c868fd","CPER_005.basePlot.vst","2014-10-06","vst_CPER_2014","D10","CPER","CPER_005",,"NEON.PLA.D10.CPER.00200",,"small shrub","Live",1.8,10,0.5,,,,1.0,0.9,"Open grown","half-sphere",,,,,,,,"legacyData"
"1e214d89-fc9e-4f9c-a7b9-a182607e7e80","CPER_005.basePlot.vst","2014-10-06","vst_CPER_2014","D10","CPER","CPER_005",,"NEON.PLA.D10.CPER.00213",,"small shrub","Live",1.3,10,0.5,,,,0.3,0.2,"Partially shaded","half-sphere",,,,,,,,"legacyData"
"002c8c1e-b965-48c1-a814-6ffae73f56fd","CPER_005.basePlot.vst","2014-10-06","vst_CPER_2014","D10","CPER","CPER_005",,"NEON.PLA.D10.CPER.00232",,"small shrub","Live",1.0,10,0.4,,,,0.7,0.6,"Open grown","half-sphere",,,,,,,,"legacyData"
"d1d9a953-7e89-4554-a2ee-1129ac88eecb","CPER_003.basePlot.vst","2014-10-07","vst_CPER_2014","D10","CPER","CPER_003",,"NEON.PLA.D10.CPER.00225",,"small shrub","Live",1.8,10,0.5,,,,1.3,1.0,"Open grown","half-sphere",,,,,,,,"legacyData"
"2ca85c62-9c64-4038-8d8e-0003fced6024","CPER_003.basePlot.vst","2014-10-07","vst_CPER_2014","D10","CPER","CPER_003",,"NEON.PLA.D10.CPER.00221",,"small shrub","Live",3.5,10,0.6,,,,1.4,1.2,"Open grown","half-sphere",,,,,,,,"legacyData"
"2830b0bf-5a54-4584-ac43-f4a2d44cbdf4","CPER_003.basePlot.vst","2014-10-07","vst_CPER_2014","D10","CPER","CPER_003",,"NEON.PLA.D10.CPER.00222",,"small shrub","Live",1.2,10,0.7,,,,1.4,1.1,"Open grown","half-sphere",,,,,,,,"legacyData"
"2808fadd-6e11-40fb-b322-e33b237fa784","CPER_003.basePlot.vst","2014-10-07","vst_CPER_2014","D10","CPER","CPER_003",,"NEON.PLA.D10.CPER.00227",,"small shrub","Live",1.6,10,0.4,,,,0.8,0.6,"Open grown","half-sphere",,,,,,,,"legacyData"
"0ddadf61-1c8c-416c-baf0-3c7a71c275dd","CPER_003.basePlot.vst","2014-10-07","vst_CPER_2014","D10","CPER","CPER_003",,"NEON.PLA.D10.CPER.00220",,"small shrub","Live",1.2,10,0.7,,,,1.6,1.5,"Open grown","half-sphere",,,,,,,,"legacyData"
"f1a9c20d-e1a8-4fcc-91ef-2d6acb82ce34","CPER_003.basePlot.vst","2014-10-07","vst_CPER_2014","D10","CPER","CPER_003",,"NEON.PLA.D10.CPER.00223",,"small shrub","Live",1.2,10,0.7,,,,1.2,1.0,"Open grown","half-sphere",,,,,,,,"legacyData"
"5bd481a4-0aee-4406-be24-dec1b188211d","CPER_003.basePlot.vst","2014-10-07","vst_CPER_2014","D10","CPER","CPER_003",,"NEON.PLA.D10.CPER.00226",,"small shrub","Live",1.3,10,0.6,,,,1.3,1.0,"Open grown","oblate half-sphere",,,,,,,,"legacyData"
"744a4944-2662-418b-92e0-9c1216fb153d","CPER_003.basePlot.vst","2014-10-07","vst_CPER_2014","D10","CPER","CPER_003",,"NEON.PLA.D10.CPER.00224",,"small shrub","Live",1.2,10,0.5,,,,1.0,1.0,"Open grown","half-sphere",,,,,,,,"legacyData"
"b425a07c-42ca-4a89-b7d1-c101dbfdf78d","CPER_003.basePlot.vst","2014-10-07","vst_CPER_2014","D10","CPER","CPER_003",,"NEON.PLA.D10.CPER.00228",,"small shrub","Live",1.0,10,0.5,,,,1.2,1.0,"Open grown","half-sphere",,,,,,,,"legacyData"
"9207ce83-0e3b-4ed3-b4d9-29d62251ffe1","CPER_003.basePlot.vst","2014-10-07","vst_CPER_2014","D10","CPER","CPER_003",,"NEON.PLA.D10.CPER.00219",,"small shrub","Live",1.6,10,0.5,,,,1.2,1.0,"Open grown","half-sphere",,,,,,,,"legacyData"
"df51900b-0537-4b67-8c58-2ad00fd19b4c","CPER_011.basePlot.vst","2014-10-09","vst_CPER_2014","D10","CPER","CPER_011",,"NEON.PLA.D10.CPER.00252",,"small shrub","Live",1.7,10,0.5,,,,0.8,0.6,"Open grown","half-sphere",,,,,,,,"legacyData"
"77be433d-21c3-49e5-a3df-40683293c766","CPER_011.basePlot.vst","2014-10-09","vst_CPER_2014","D10","CPER","CPER_011",,"NEON.PLA.D10.CPER.00246",,"small shrub","Live",1.4,10,0.7,,,,0.9,0.8,"Partially shaded","half-sphere",,,,,,,,"legacyData"
"ad7cb146-6ba0-4ba7-91b4-dbf9d8d5c1d0","CPER_011.basePlot.vst","2014-10-09","vst_CPER_2014","D10","CPER","CPER_011",,"NEON.PLA.D10.CPER.00254",,"small shrub","Live",1.0,10,0.2,,,,0.5,0.4,"Open grown","half-sphere",,,,,,,,"legacyData"
"dd0763d5-5b25-4b0d-bd8b-d29912fbc13a","CPER_011.basePlot.vst","2014-10-09","vst_CPER_2014","D10","CPER","CPER_011",,"NEON.PLA.D10.CPER.00247",,"small shrub","Live",1.3,10,0.4,,,,0.9,0.8,"Partially shaded","half-sphere",,,,,,,,"legacyData"
"8c10641b-d693-4b0a-81af-7745e7b9a27c","CPER_011.basePlot.vst","2014-10-09","vst_CPER_2014","D10","CPER","CPER_011",,"NEON.PLA.D10.CPER.00253",,"small shrub","Live",2.4,10,0.6,,,,1.4,1.2,"Open grown","half-sphere",,,,,,,,"legacyData"
"c49fbd85-8a14-4371-bd52-4baf7d7b53bb","CPER_011.basePlot.vst","2014-10-09","vst_CPER_2014","D10","CPER","CPER_011",,"NEON.PLA.D10.CPER.00249",,"small shrub","Live",1.1,10,0.4,,,,0.7,0.6,"Open grown","half-sphere",,,,,,,,"legacyData"
"eff16fbf-9fe3-4f0e-9fc0-09386a989299","CPER_011.basePlot.vst","2014-10-09","vst_CPER_2014","D10","CPER","CPER_011",,"NEON.PLA.D10.CPER.00245",,"small shrub","Live",1.1,10,0.6,,,,0.8,0.8,"Partially shaded","half-sphere",,,,,,,,"legacyData"
"c1b2f70f-d879-477f-b1aa-d77f79040d4d","CPER_011.basePlot.vst","2014-10-09","vst_CPER_2014","D10","CPER","CPER_011",,"NEON.PLA.D10.CPER.00248",,"small shrub","Live",1.1,10,0.3,,,,0.4,0.4,"Mostly shaded","half-sphere",,,,,,,,"legacyData"
"b21d7669-15ac-4753-8ea8-abf155c22020","CPER_011.basePlot.vst","2014-10-09","vst_CPER_2014","D10","CPER","CPER_011",,"NEON.PLA.D10.CPER.00251",,"small shrub","Live",1.5,10,0.5,,,,0.6,0.6,"Open grown","half-sphere",,,,,,,,"legacyData"
"92890986-3bb3-4f50-8956-d0cba6164065","CPER_011.basePlot.vst","2014-10-09","vst_CPER_2014","D10","CPER","CPER_011",,"NEON.PLA.D10.CPER.00250",,"small shrub","Standing dead",1.4,10,0.4,,,,0.6,0.6,"Open grown","half-sphere",,,,,,,,"legacyData"
