uid,namedLocation,domainID,siteID,plotID,plotType,nlcdClass,decimalLatitude,decimalLongitude,geodeticDatum,coordinateUncertainty,elevation,elevationUncertainty,collectDate,eventID,sampleID,sampleCode,samplingMethod,totalSampledArea,targetTaxaPresent,adultCount,nymphCount,larvaCount,sampleCondition,samplingProtocolVersion,measuredBy,remarks
"71c1dfcb-d4b4-43fd-beda-d163ffd28c3a","GRSM_009.tickPlot.tck","D07","GRSM","GRSM_009","distributed","deciduousForest",35.671874,-83.491180,"WGS84",20.2,820.9,0.2,"2016-11-02T14:33Z","GRSM.2016.44",,,"drag",160,"N",0,0,0,"No known compromise","NEON.DOC.014045vG","ntMKYxYUttgTR6u/j2bBWe+VSVcHK8QG",
"5648a557-18d7-447f-be3b-1bfa4bc55ea3","GRSM_005.tickPlot.tck","D07","GRSM","GRSM_005","distributed","deciduousForest",35.682740,-83.398124,"WGS84",20.2,731.0,0.4,"2016-11-02T15:28Z","GRSM.2016.44",,,"drag and flag",166,"N",0,0,0,"No known compromise","NEON.DOC.014045vG","zAuTdQ8TLTOCAVE+XhtWnklq56XAz8bt",
"e85aa311-5d20-457d-8784-bbc29242768f","GRSM_003.tickPlot.tck","D07","GRSM","GRSM_003","distributed","deciduousForest",35.676584,-83.476209,"WGS84",20.2,880.6,0.2,"2016-11-02T15:33Z","GRSM.2016.44",,,"drag",160,"N",0,0,0,"No known compromise","NEON.DOC.014045vG","ntMKYxYUttgTR6u/j2bBWe+VSVcHK8QG",
"a63d1731-28a8-4ace-b94a-adffa5e5aea3","GRSM_004.tickPlot.tck","D07","GRSM","GRSM_004","distributed","deciduousForest",35.688959,-83.535562,"WGS84",20.3,441.9,0.5,"2016-11-02T16:19Z","GRSM.2016.44",,,"drag",160,"N",0,0,0,"No known compromise","NEON.DOC.014045vG","ntMKYxYUttgTR6u/j2bBWe+VSVcHK8QG",
"474514c1-06ca-4f5b-aeff-4a773c5527dd","GRSM_010.tickPlot.tck","D07","GRSM","GRSM_010","distributed","deciduousForest",35.669242,-83.524579,"WGS84",20.2,510.4,0.3,"2016-11-02T16:47Z","GRSM.2016.44","GRSM_010.20161102",,"drag and flag",160,"Y",0,1,0,"No known compromise","NEON.DOC.014045vG","ntMKYxYUttgTR6u/j2bBWe+VSVcHK8QG",
"6ed2ec9e-8ab9-46aa-9c16-b8f93ec560fc","GRSM_006.tickPlot.tck","D07","GRSM","GRSM_006","distributed","deciduousForest",35.679072,-83.643678,"WGS84",20.2,533.6,0.2,"2016-11-03T15:10Z","GRSM.2016.44",,,"drag",162,"N",0,0,0,"No known compromise","NEON.DOC.014045vG","zAuTdQ8TLTOCAVE+XhtWnklq56XAz8bt",
