uid,namedLocation,date,domainID,siteID,plotID,plotType,nlcdClass,decimalLatitude,decimalLongitude,geodeticDatum,coordinateUncertainty,easting,northing,utmZone,elevation,elevationUncertainty,eventID,samplingProtocolVersion,treesPresent,treesAbsentList,shrubsPresent,shrubsAbsentList,lianasPresent,lianasAbsentList,nestedSubplotAreaShrubSapling,nestedSubplotAreaLiana,totalSampledAreaTrees,totalSampledAreaShrubSapling,totalSampledAreaLiana,remarks,measuredBy,recordedBy,dataQF
"20396a4f-1ed7-470f-b49b-6260a6cf1024","BONA_072.basePlot.vst","2016-06-13","D19","BONA","BONA_072","tower","deciduousForest",65.157144,-147.502132,"WGS84",20.2,476460.52,7226061.76,"6N",258.9,0.3,"vst_BONA_2016","NEON.DOC.000987vD",,,,,,,"25","noneSelected",800,100,800,,,"PHb/Riyi9nx310auzC+tXvk8GTQOn+tkd9EZV6QI8To=","legacyData"
"d4025276-2a81-4978-9300-7d706b48c101","BONA_070.basePlot.vst","2016-06-14","D19","BONA","BONA_070","tower","evergreenForest",65.153632,-147.509711,"WGS84",20.1,476102.07,7225673.20,"6N",235.6,0.1,"vst_BONA_2016","NEON.DOC.000987vD",,,,,,,"25","noneSelected",800,100,800,,,"SokTyoGA+6APyZfSnvtpvn1BWuCQb10t","legacyData"
"0d33d0ad-c471-42a3-9a8d-48ce68f76d9e","BONA_079.basePlot.vst","2016-06-15","D19","BONA","BONA_079","tower","deciduousForest",65.158470,-147.504710,"WGS84",20.2,476340.85,7226210.50,"6N",286.1,0.2,"vst_BONA_2016","NEON.DOC.000987vD",,,,,,,"100","noneSelected",800,400,800,,,"IpFAbfDBgacaNA5nRzoYJQ/IcVdu5TBEvGEOKGMshXA=","legacyData"
"ca41a6cb-e51d-4643-baaa-519a2d479847","BONA_075.basePlot.vst","2016-06-16","D19","BONA","BONA_075","tower","deciduousForest",65.158209,-147.507858,"WGS84",20.2,476193.05,7226182.60,"6N",297.6,0.2,"vst_BONA_2016","NEON.DOC.000987vD",,,,,,,"10","noneSelected",800,40,800,,,"IpFAbfDBgacaNA5nRzoYJQ/IcVdu5TBEvGEOKGMshXA=","legacyData"
"6f60fa75-7f42-4bb6-bd1a-881356f32a11","BONA_071.basePlot.vst","2016-06-16","D19","BONA","BONA_071","tower","evergreenForest",65.154975,-147.507198,"WGS84",20.2,476221.09,7225821.93,"6N",244.4,0.2,"vst_BONA_2016","NEON.DOC.000987vD",,,,,,,"10","noneSelected",800,40,800,,,"IpFAbfDBgacaNA5nRzoYJQ/IcVdu5TBEvGEOKGMshXA=","legacyData"
"ecaee431-bf6a-43a5-96bb-62bdfe46999e","BONA_078.basePlot.vst","2016-06-20","D19","BONA","BONA_078","tower","mixedForest",65.156593,-147.507858,"WGS84",20.2,476191.60,7226002.50,"6N",270.5,0.2,"vst_BONA_2016","NEON.DOC.000987vD",,,,,,,"25","noneSelected",800,100,800,,,"IpFAbfDBgacaNA5nRzoYJQ/IcVdu5TBEvGEOKGMshXA=","legacyData"
"433b0bc7-bd52-4c12-a68d-86fb49c974cb","BONA_076.basePlot.vst","2016-06-21","D19","BONA","BONA_076","tower","evergreenForest",65.155809,-147.502076,"WGS84",20.1,476461.96,7225912.96,"6N",243.7,0.1,"vst_BONA_2016","NEON.DOC.000987vD",,,,,,,"10","noneSelected",800,40,800,,,"PHb/Riyi9nx310auzC+tXvk8GTQOn+tkd9EZV6QI8To=","legacyData"
"c2d76b9d-3924-4907-a0cc-c5e571f83b41","BONA_082.basePlot.vst","2016-06-22","D19","BONA","BONA_082","tower","deciduousForest",65.156574,-147.512299,"WGS84",20.2,475983.39,7226002.06,"6N",287.4,0.3,"vst_BONA_2016","NEON.DOC.000987vD",,,,,,,"10","noneSelected",800,40,800,,,"PHb/Riyi9nx310auzC+tXvk8GTQOn+tkd9EZV6QI8To=","legacyData"
"2dd8af16-c245-468f-a20b-fac79e9325e1","BONA_087.basePlot.vst","2016-06-23","D19","BONA","BONA_087","tower","deciduousForest",65.158495,-147.502128,"WGS84",20.1,476461.91,7226212.32,"6N",270.1,0.1,"vst_BONA_2016","NEON.DOC.000987vD",,,,,,,"25","noneSelected",800,100,800,,,"PHb/Riyi9nx310auzC+tXvk8GTQOn+tkd9EZV6QI8To=","legacyData"
"992ef47a-7155-43e6-b192-232f221eec4f","BONA_084.basePlot.vst","2016-06-23","D19","BONA","BONA_084","tower","deciduousForest",65.155247,-147.512957,"WGS84",20.2,475951.35,7225854.42,"6N",263.5,0.2,"vst_BONA_2016","NEON.DOC.000987vD",,,,,,,"10","noneSelected",800,40,800,,,"we68UXc5Z4WrFAnthk67aZjSoC3i+EeI","legacyData"
"d3f5f6f0-622f-4b10-a717-8eeab6db2c3b","BONA_080.basePlot.vst","2016-06-24","D19","BONA","BONA_080","tower","evergreenForest",65.153889,-147.512285,"WGS84",20.1,475981.62,7225702.82,"6N",240.0,0.1,"vst_BONA_2016","NEON.DOC.000987vD",,,,,,,"25","noneSelected",800,100,800,"QC0",,"UdgDjQtJX07DZeqMKH1Q7KfO+VF4a2jv","legacyData"
