uid,namedLocation,domainID,siteID,plotID,plotType,nlcdClass,decimalLatitude,decimalLongitude,geodeticDatum,coordinateUncertainty,elevation,elevationUncertainty,collectDate,eventID,sampleID,sampleCode,samplingMethod,totalSampledArea,targetTaxaPresent,adultCount,nymphCount,larvaCount,sampleCondition,samplingProtocolVersion,measuredBy,remarks
"039dfd16-5f49-49dc-92bf-39ac1d86619c","JERC_011.tickPlot.tck","D03","JERC","JERC_011","distributed","evergreenForest",31.184787,-84.466700,"WGS84",20.1,40.0,0.1,"2018-07-25T12:59Z","JERC.2018.30",,,"drag and flag",155,"N",0,0,0,,"NEON.DOC.014045vJ","WvXSfWD4ehCPp4x6qnD3+p3dnwrzoU8uG8F7IbYmNWU=",
"612ee601-5b7a-456f-8122-7bc11ed3035d","JERC_004.tickPlot.tck","D03","JERC","JERC_004","distributed","cultivatedCrops",31.190115,-84.467381,"WGS84",20.1,43.6,0.2,"2018-07-25T14:32Z","JERC.2018.30",,,"drag and flag",160,"N",0,0,0,"No known compromise","NEON.DOC.014045vJ","v4CQRM1WiuyaapAk+GsVjPjrE0YAwaJYJdSVkUZJlCM=",
"b23d444c-41cc-49ed-8920-4d4fc2b352ce","JERC_002.tickPlot.tck","D03","JERC","JERC_002","distributed","evergreenForest",31.194065,-84.461537,"WGS84",20.3,56.0,0.5,"2018-07-25T15:02Z","JERC.2018.30","JERC_002.20180725","A00000005085","drag and flag",160,"Y",1,0,0,"No known compromise","NEON.DOC.014045vJ","WvXSfWD4ehCPp4x6qnD3+p3dnwrzoU8uG8F7IbYmNWU=",
"3b205195-7e9f-4c1b-bf0d-dfcd775d6810","JERC_010.tickPlot.tck","D03","JERC","JERC_010","distributed","deciduousForest",31.209219,-84.470530,"WGS84",20.2,40.5,0.5,"2018-07-25T15:43Z","JERC.2018.30",,,"drag and flag",160,"N",0,0,0,,"NEON.DOC.014045vJ","v4CQRM1WiuyaapAk+GsVjPjrE0YAwaJYJdSVkUZJlCM=",
"16774f65-8350-4e26-a8ce-a3204d5d322c","JERC_034.tickPlot.tck","D03","JERC","JERC_034","distributed","deciduousForest",31.198824,-84.491213,"WGS84",20.1,44.9,0.2,"2018-07-25T17:20Z","JERC.2018.30",,,"drag and flag",145,"N",0,0,0,,"NEON.DOC.014045vJ","WvXSfWD4ehCPp4x6qnD3+p3dnwrzoU8uG8F7IbYmNWU=",
"17ef0bd0-5f60-4000-bfca-e689e467fd35","JERC_044.tickPlot.tck","D03","JERC","JERC_044","distributed","mixedForest",31.195549,-84.482479,"WGS84",20.1,42.5,0.1,"2018-07-25T18:19Z","JERC.2018.30","JERC_044.20180725","A00000005069","drag and flag",145,"Y",1,0,0,"No known compromise","NEON.DOC.014045vJ","v4CQRM1WiuyaapAk+GsVjPjrE0YAwaJYJdSVkUZJlCM=",
