uid,namedLocation,domainID,siteID,plotID,plotType,nlcdClass,decimalLatitude,decimalLongitude,geodeticDatum,coordinateUncertainty,elevation,elevationUncertainty,collectDate,eventID,sampleID,sampleCode,samplingMethod,totalSampledArea,targetTaxaPresent,adultCount,nymphCount,larvaCount,sampleCondition,samplingProtocolVersion,measuredBy,remarks
"169598b2-3acd-47b0-a475-59b05e589447","CLBJ_034.tickPlot.tck","D11","CLBJ","CLBJ_034","distributed","grasslandHerbaceous",33.320090,-97.578537,"WGS84",20.0,325.2,0.0,"2017-07-18T14:01Z","CLBJ.2017.30",,,"drag",160,"N",0,0,0,,"NEON.DOC.014045vH","nLY7eam4tn5o7PNhyD6F+4DpGZ88PUC82m4cbyb2m60=",
"04e0c542-4618-4037-9cc7-5468f4fd6072","CLBJ_036.tickPlot.tck","D11","CLBJ","CLBJ_036","distributed","grasslandHerbaceous",33.396494,-97.580919,"WGS84",20.1,289.5,0.1,"2017-07-18T14:41Z","CLBJ.2017.30",,,"drag",160,"N",0,0,0,,"NEON.DOC.014045vH","nLY7eam4tn5o7PNhyD6F+4DpGZ88PUC82m4cbyb2m60=",
"f1e401e7-6c74-43a6-ab6c-9f657d73f336","CLBJ_032.tickPlot.tck","D11","CLBJ","CLBJ_032","distributed","grasslandHerbaceous",33.405176,-97.595129,"WGS84",20.1,294.7,0.1,"2017-07-18T15:28Z","CLBJ.2017.30",,,"drag",160,"N",0,0,0,,"NEON.DOC.014045vH","nLY7eam4tn5o7PNhyD6F+4DpGZ88PUC82m4cbyb2m60=",
"f975465c-94d7-4ec9-b458-b2e1f82651be","CLBJ_043.tickPlot.tck","D11","CLBJ","CLBJ_043","distributed","deciduousForest",33.410406,-97.593713,"WGS84",20.1,285.9,0.1,"2017-07-18T15:53Z","CLBJ.2017.30",,,"drag and flag",165,"N",0,0,0,,"NEON.DOC.014045vH","nLY7eam4tn5o7PNhyD6F+4DpGZ88PUC82m4cbyb2m60=","5 meter deviation on N side"
"6a7e96ce-beb1-459a-a02d-6076f86de6fd","CLBJ_033.tickPlot.tck","D11","CLBJ","CLBJ_033","distributed","deciduousForest",33.382288,-97.619783,"WGS84",20.1,305.5,0.1,"2017-07-18T16:44Z","CLBJ.2017.30",,,"drag and flag",140,"N",0,0,0,,"NEON.DOC.014045vH","nLY7eam4tn5o7PNhyD6F+4DpGZ88PUC82m4cbyb2m60=","Cut out 6 m S side 3 m E side 5 m N side deviated 2 m W side"
"f167ffd5-f6cc-410d-a342-c067d022dabe","CLBJ_040.tickPlot.tck","D11","CLBJ","CLBJ_040","distributed","deciduousForest",33.377571,-97.647238,"WGS84",20.1,328.9,0.1,"2017-07-18T17:26Z","CLBJ.2017.30",,,"drag and flag",130,"N",0,0,0,,"NEON.DOC.014045vH","nLY7eam4tn5o7PNhyD6F+4DpGZ88PUC82m4cbyb2m60=","10 m sampled S side 2 m deviation W side 4 m cut out N side"
