uid,namedLocation,domainID,siteID,plotID,plotType,nlcdClass,decimalLatitude,decimalLongitude,geodeticDatum,coordinateUncertainty,elevation,elevationUncertainty,collectDate,eventID,sampleID,sampleCode,samplingMethod,totalSampledArea,targetTaxaPresent,adultCount,nymphCount,larvaCount,sampleCondition,samplingProtocolVersion,measuredBy,remarks
"076216f5-821c-41b9-817d-5aa704913f38","SCBI_039.tickPlot.tck","D02","SCBI","SCBI_039","distributed","pastureHay",38.896433,-78.166542,"WGS84",20.1,330.8,0.1,"2014-11-03T13:34Z","SCBI.2014.44",,,"drag and flag",166,"N",0,0,0,,"NEON.DOC.014045vD","qO0Ifc/cCAY=","No transcription errors found"
"12306e43-8185-4f16-a6c1-853a94c4ddf8","SCBI_005.tickPlot.tck","D02","SCBI","SCBI_005","distributed","deciduousForest",38.901859,-78.161940,"WGS84",20.2,263.6,0.3,"2014-11-03T15:03Z","SCBI.2014.44",,,"drag",164,"N",0,0,0,,"NEON.DOC.014045vD","qO0Ifc/cCAY=",
"5e89efb0-e745-40d9-bf0c-f4999499689f","SCBI_007.tickPlot.tck","D02","SCBI","SCBI_007","distributed","deciduousForest",38.886013,-78.129365,"WGS84",20.2,428.3,0.2,"2014-11-03T16:30Z","SCBI.2014.44","SCBI_007.20141103",,"drag and flag",149,"Y",2,1,0,"No known compromise","NEON.DOC.014045vD","qO0Ifc/cCAY=",
"d03380f8-95c9-4ff2-9a32-f2e5a24d5787","SCBI_013.tickPlot.tck","D02","SCBI","SCBI_013","distributed","deciduousForest",38.873041,-78.163313,"WGS84",20.2,361.3,0.3,"2014-11-03T18:02Z","SCBI.2014.44","SCBI_013.20141103",,"drag",160,"Y",2,1,0,"No known compromise","NEON.DOC.014045vD","qO0Ifc/cCAY=","wavy leaf basketgrass seeds abundant and readily stick to drag cloth"
"f006e7b1-7ccc-493f-975a-42617ea977fa","SCBI_006.tickPlot.tck","D02","SCBI","SCBI_006","distributed","pastureHay",38.897080,-78.150277,"WGS84",20.1,277.1,0.1,"2014-11-04T14:23Z","SCBI.2014.44","SCBI_006.20141104",,"drag and flag",160,"Y",1,1,0,"No known compromise","NEON.DOC.014045vD","vG946HPdyCYIPTOGF2h38w==",
"ab08ce5f-c64c-44c1-9652-a715f68864b0","SCBI_002.tickPlot.tck","D02","SCBI","SCBI_002","distributed","deciduousForest",38.893863,-78.142704,"WGS84",20.2,327.7,0.2,"2014-11-04T15:36Z","SCBI.2014.44",,,"drag",160,"N",0,0,0,,"NEON.DOC.014045vD","vG946HPdyCYIPTOGF2h38w==",
