uid,namedLocation,plotID,collectDate,identifiedDate,sampleID,subsampleID,scientificName,acceptedTaxonID,taxonRank,family,subfamily,tribe,subtribe,genus,subgenus,specificEpithet,infraspecificEpithet,identificationQualifier,identificationReferences,identificationProtocolVersion,scientificNameAuthorship,sexOrAge,individualCount,sampleCondition,archiveMedium,archiveFacilityID,deprecatedVialID,identifiedBy,laboratoryName,remarks
"95caebb8-85a8-4d38-bc2f-9043b8715d3d","SCBI_007.tickPlot.tck","SCBI_007","2014-11-03T16:30Z","2016-09-20T16:00Z","SCBI_007.20141103","SCBI_007.20141103.IXOSCA.M","Ixodes scapularis","IXOSCA","species","Ixodidae",,,,"Ixodes",,"scapularis",,,"Keirans, J. E., and C. M. Clifford. 1978. The genus Ixodes in the United States: a scanning electron microscope study and key to the adults. Journal of Medical Entomology, 15(Supplement 2):1-38.","GSU_tickIdentification_SOP_2016-11-01.pdf","Say","Male",2,"OK","90% ethanol","USNMENT00865284",,"L. Beati","Georgia Southern University",
"e419b2f8-6bc5-4919-8ddd-13aceaa77bc0","SCBI_007.tickPlot.tck","SCBI_007","2014-11-03T16:30Z","2016-09-20T16:00Z","SCBI_007.20141103","SCBI_007.20141103.IXOSCA.N","Ixodes scapularis","IXOSCA","species","Ixodidae",,,,"Ixodes",,"scapularis",,,"Keirans, J. E., and C. M. Clifford. 1978. The genus Ixodes in the United States: a scanning electron microscope study and key to the adults. Journal of Medical Entomology, 15(Supplement 2):1-38.","GSU_tickIdentification_SOP_2016-11-01.pdf","Say","Nymph",1,"OK","90% ethanol","USNMENT00865284",,"L. Beati","Georgia Southern University",
"ef4ec6cc-092a-40a4-babc-63d4e773ccb5","SCBI_013.tickPlot.tck","SCBI_013","2014-11-03T18:02Z","2016-09-20T16:00Z","SCBI_013.20141103","SCBI_013.20141103.IXOSCA.M","Ixodes scapularis","IXOSCA","species","Ixodidae",,,,"Ixodes",,"scapularis",,,"Keirans, J. E., and C. M. Clifford. 1978. The genus Ixodes in the United States: a scanning electron microscope study and key to the adults. Journal of Medical Entomology, 15(Supplement 2):1-38.","GSU_tickIdentification_SOP_2016-11-01.pdf","Say","Male",1,"OK","90% ethanol","USNMENT00865287",,"L. Beati","Georgia Southern University",
"f976893d-f819-4169-bd0f-2462b96516e6","SCBI_013.tickPlot.tck","SCBI_013","2014-11-03T18:02Z","2016-09-21T16:00Z","SCBI_013.20141103","SCBI_013.20141103.IXOSP.L","Ixodidae sp.","IXOSP","family","Ixodidae",,,,,,"sp.",,,,"GSU_tickIdentification_SOP_2016-11-01.pdf",,"Larva",1,"OK","90% ethanol","USNMENT00865285",,"L. Beati","Georgia Southern University",
"a2fe674c-890e-4ce1-a5b8-916dc361b79f","SCBI_013.tickPlot.tck","SCBI_013","2014-11-03T18:02Z","2016-09-20T16:00Z","SCBI_013.20141103","SCBI_013.20141103.IXOSCA.F","Ixodes scapularis","IXOSCA","species","Ixodidae",,,,"Ixodes",,"scapularis",,,"Keirans, J. E., and C. M. Clifford. 1978. The genus Ixodes in the United States: a scanning electron microscope study and key to the adults. Journal of Medical Entomology, 15(Supplement 2):1-38.","GSU_tickIdentification_SOP_2016-11-01.pdf","Say","Female",1,"OK","90% ethanol","USNMENT00865287",,"L. Beati","Georgia Southern University",
"9a2e0567-cc18-4491-81d8-541fedc928d2","SCBI_006.tickPlot.tck","SCBI_006","2014-11-04T14:23Z","2016-09-21T16:00Z","SCBI_006.20141104","SCBI_006.20141104.IXOSP.L","Ixodidae sp.","IXOSP","family","Ixodidae",,,,,,"sp.",,,,"GSU_tickIdentification_SOP_2016-11-01.pdf",,"Larva",1,"OK","90% ethanol","USNMENT00865257",,"L. Beati","Georgia Southern University",
"bcaef70f-0f41-4ef8-9dca-69a92dcd2ddb","SCBI_006.tickPlot.tck","SCBI_006","2014-11-04T14:23Z","2016-09-20T16:00Z","SCBI_006.20141104","SCBI_006.20141104.IXOSCA.F","Ixodes scapularis","IXOSCA","species","Ixodidae",,,,"Ixodes",,"scapularis",,,"Keirans, J. E., and C. M. Clifford. 1978. The genus Ixodes in the United States: a scanning electron microscope study and key to the adults. Journal of Medical Entomology, 15(Supplement 2):1-38.","GSU_tickIdentification_SOP_2016-11-01.pdf","Say","Female",1,"OK","90% ethanol","USNMENT00865286",,"L. Beati","Georgia Southern University",
