uid,namedLocation,domainID,siteID,plotID,plotType,nlcdClass,decimalLatitude,decimalLongitude,geodeticDatum,coordinateUncertainty,elevation,elevationUncertainty,collectDate,eventID,sampleID,sampleCode,samplingMethod,totalSampledArea,targetTaxaPresent,adultCount,nymphCount,larvaCount,sampleCondition,samplingProtocolVersion,measuredBy,remarks
"1d8f143c-ac29-42c3-870e-288280b4b069","OAES_008.tickPlot.tck","D11","OAES","OAES_008","distributed","grasslandHerbaceous",35.394019,-99.063159,"WGS84",20.1,492.6,0.1,"2016-09-07T13:21Z","OAES.2016.36",,,"drag",160,"N",0,0,0,"No known compromise","NEON.DOC.014045vG","C9GzU2YIgNp6Vw0n+VOm12lcWzn+J9JF",
"db656eb7-6911-447a-9f9d-25acbd3f78ff","OAES_003.tickPlot.tck","D11","OAES","OAES_003","distributed","grasslandHerbaceous",35.412134,-99.068027,"WGS84",20.2,512.2,0.2,"2016-09-07T14:11Z","OAES.2016.36",,,"drag",160,"N",0,0,0,"No known compromise","NEON.DOC.014045vG","C9GzU2YIgNp6Vw0n+VOm12lcWzn+J9JF",
"02c5e62b-d1b5-4517-9326-bf1f8846f48a","OAES_021.tickPlot.tck","D11","OAES","OAES_021","distributed","shrubScrub",35.413211,-99.074301,"WGS84",20.1,501.7,0.1,"2016-09-07T14:58Z","OAES.2016.36",,,"drag and flag",100,"N",0,0,0,"No known compromise","NEON.DOC.014045vG","C9GzU2YIgNp6Vw0n+VOm12lcWzn+J9JF",
"7c004311-d579-4cbc-b3d8-8997af37e175","OAES_004.tickPlot.tck","D11","OAES","OAES_004","distributed","grasslandHerbaceous",35.411159,-99.084234,"WGS84",20.1,507.6,0.1,"2016-09-07T15:43Z","OAES.2016.36",,,"drag",160,"N",0,0,0,"No known compromise","NEON.DOC.014045vG","C9GzU2YIgNp6Vw0n+VOm12lcWzn+J9JF",
"5a2de6e5-caec-4225-93fe-b43f12c19254","OAES_005.tickPlot.tck","D11","OAES","OAES_005","distributed","grasslandHerbaceous",35.402926,-99.080346,"WGS84",20.1,509.4,0.1,"2016-09-07T16:43Z","OAES.2016.36","OAES_005.20160907",,"drag",160,"Y",1,0,0,"No known compromise","NEON.DOC.014045vG","C9GzU2YIgNp6Vw0n+VOm12lcWzn+J9JF","Caught on body after sampling"
"f8c67b74-d059-4788-9057-b1e7be1c9d42","OAES_007.tickPlot.tck","D11","OAES","OAES_007","distributed","shrubScrub",35.421328,-99.057210,"WGS84",20.1,521.6,0.1,"2016-09-07T17:15Z","OAES.2016.36",,,"drag and flag",160,"N",0,0,0,"No known compromise","NEON.DOC.014045vG","C9GzU2YIgNp6Vw0n+VOm12lcWzn+J9JF",
"86304b02-10a1-4e6f-a5f8-37567b455d58","OAES_007.tickPlot.tck","D11","OAES","OAES_007","distributed","shrubScrub",35.421328,-99.057210,"WGS84",20.1,521.6,0.1,"2016-09-20T15:08Z","OAES.2016.38",,,"drag",160,"N",0,0,0,"No known compromise","NEON.DOC.014045vG","zqzI6VPGJkqKrnUdkEIpiHhaRLZfA7fK",
"376f6358-c6b9-442d-99a9-831390c928c8","OAES_003.tickPlot.tck","D11","OAES","OAES_003","distributed","grasslandHerbaceous",35.412134,-99.068027,"WGS84",20.2,512.2,0.2,"2016-09-20T15:37Z","OAES.2016.38",,,"drag",160,"N",0,0,0,"No known compromise","NEON.DOC.014045vG","zqzI6VPGJkqKrnUdkEIpiHhaRLZfA7fK",
"6b60811c-e0f0-441b-a051-6e457323c780","OAES_021.tickPlot.tck","D11","OAES","OAES_021","distributed","shrubScrub",35.413211,-99.074301,"WGS84",20.1,501.7,0.1,"2016-09-20T15:56Z","OAES.2016.38",,,"drag",100,"N",0,0,0,"No known compromise","NEON.DOC.014045vG","zqzI6VPGJkqKrnUdkEIpiHhaRLZfA7fK",
"40b4dd47-6270-4b61-9769-595f783800ac","OAES_004.tickPlot.tck","D11","OAES","OAES_004","distributed","grasslandHerbaceous",35.411159,-99.084234,"WGS84",20.1,507.6,0.1,"2016-09-20T16:23Z","OAES.2016.38","OAES_004.20160920",,"drag",160,"Y",1,0,0,"No known compromise","NEON.DOC.014045vG","zqzI6VPGJkqKrnUdkEIpiHhaRLZfA7fK",
"43267c2c-d1d2-4a67-8698-cdd93dc54555","OAES_005.tickPlot.tck","D11","OAES","OAES_005","distributed","grasslandHerbaceous",35.402926,-99.080346,"WGS84",20.1,509.4,0.1,"2016-09-20T16:57Z","OAES.2016.38",,,"drag",160,"N",0,0,0,"No known compromise","NEON.DOC.014045vG","zqzI6VPGJkqKrnUdkEIpiHhaRLZfA7fK",
"4450bea8-060d-492a-84cc-0096df744213","OAES_008.tickPlot.tck","D11","OAES","OAES_008","distributed","grasslandHerbaceous",35.394019,-99.063159,"WGS84",20.1,492.6,0.1,"2016-09-20T17:21Z","OAES.2016.38",,,"drag",160,"N",0,0,0,"No known compromise","NEON.DOC.014045vG","zqzI6VPGJkqKrnUdkEIpiHhaRLZfA7fK",
