uid,namedLocation,domainID,siteID,plotID,plotType,nlcdClass,decimalLatitude,decimalLongitude,geodeticDatum,coordinateUncertainty,elevation,elevationUncertainty,collectDate,eventID,sampleID,sampleCode,samplingMethod,totalSampledArea,targetTaxaPresent,adultCount,nymphCount,larvaCount,sampleCondition,samplingProtocolVersion,measuredBy,remarks
"656dc67f-8c8f-4dd6-8765-ce6df9ff4c28","DEJU_001.tickPlot.tck","D19","DEJU","DEJU_001","distributed","shrubScrub",63.893653,-145.770599,"WGS84",20.1,492.5,0.1,"2017-07-12T21:00Z","DEJU.2017.29",,,"drag and flag",164,"N",0,0,0,,"NEON.DOC.014045vH","i575BWDZbosNTXpPm9anzPvRTzBucGmrhi22ncYL5iI=",
"542da209-5ab1-4124-ab9b-4c1c1918e4da","DEJU_003.tickPlot.tck","D19","DEJU","DEJU_003","distributed","shrubScrub",63.931557,-145.753452,"WGS84",20.1,450.5,0.1,"2017-07-12T21:50Z","DEJU.2017.29",,,"drag and flag",175,"N",0,0,0,,"NEON.DOC.014045vH","1qKvRidwzehueJav3mTYCWDwMtQ2mvYDbYlmQkEZz8c=",
"1d487ed4-f39b-495d-aaf3-9cf426612d7b","DEJU_009.tickPlot.tck","D19","DEJU","DEJU_009","distributed","evergreenForest",63.853075,-145.763773,"WGS84",21.0,574.3,0.8,"2017-07-13T00:55Z","DEJU.2017.29",,,"drag and flag",168,"N",0,0,0,,"NEON.DOC.014045vH","1qKvRidwzehueJav3mTYCWDwMtQ2mvYDbYlmQkEZz8c=",
"b7e0e0ae-9aa3-4ddb-afef-33dfdc244e63","DEJU_044.tickPlot.tck","D19","DEJU","DEJU_044","distributed","evergreenForest",63.835516,-145.745056,"WGS84",20.1,538.2,0.1,"2017-07-13T01:17Z","DEJU.2017.29",,,"drag and flag",123,"N",0,0,0,,"NEON.DOC.014045vH","W+tVjj28BtUCceKzTNQZi8t8og2aLD6wDCFkL6gHFWE=",
"a09b8522-20fe-4b39-91f3-32a7925e3413","DEJU_014.tickPlot.tck","D19","DEJU","DEJU_014","distributed","evergreenForest",63.830553,-145.745544,"WGS84",20.3,544.1,0.3,"2017-07-13T02:03Z","DEJU.2017.29",,,"drag and flag",165,"N",0,0,0,,"NEON.DOC.014045vH","i575BWDZbosNTXpPm9anzPvRTzBucGmrhi22ncYL5iI=",
"e7bc6a8e-6857-47ba-b7ce-dd16ceb38299","DEJU_015.tickPlot.tck","D19","DEJU","DEJU_015","distributed","woodyWetlands",63.873814,-145.744346,"WGS84",20.1,521.6,0.1,"2017-07-13T03:37Z","DEJU.2017.29",,,"drag and flag",165,"N",0,0,0,,"NEON.DOC.014045vH","1qKvRidwzehueJav3mTYCWDwMtQ2mvYDbYlmQkEZz8c=",
