uid,namedLocation,domainID,siteID,plotID,plotType,nlcdClass,decimalLatitude,decimalLongitude,geodeticDatum,coordinateUncertainty,elevation,elevationUncertainty,collectDate,eventID,sampleID,sampleCode,samplingMethod,totalSampledArea,targetTaxaPresent,adultCount,nymphCount,larvaCount,sampleCondition,samplingProtocolVersion,measuredBy,remarks
"a416f5b7-e486-463a-8934-bed4523ea592","KONZ_002.tickPlot.tck","D06","KONZ","KONZ_002","distributed","grasslandHerbaceous",39.118977,-96.547146,"WGS84",20.0,394.4,0.0,"2016-04-14T13:22Z","KONZ.2016.15","KONZ_002.20160414",,"drag and flag",160,"Y",1,0,0,"No known compromise","NEON.DOC.014045vG","SeHm/p1kDF60ZkXptf42Fn89RZuG4Wcj",
"b6c2d897-398c-4e1c-bc5c-97048c9f573a","KONZ_004.tickPlot.tck","D06","KONZ","KONZ_004","distributed","grasslandHerbaceous",39.109647,-96.551370,"WGS84",20.0,371.9,0.0,"2016-04-14T14:05Z","KONZ.2016.15",,,"drag",160,"N",0,0,0,"No known compromise","NEON.DOC.014045vG","SeHm/p1kDF60ZkXptf42Fn89RZuG4Wcj",
"c2479bd0-3617-4765-aa9c-68e3c641e865","KONZ_007.tickPlot.tck","D06","KONZ","KONZ_007","distributed","grasslandHerbaceous",39.087937,-96.545919,"WGS84",20.1,434.0,0.1,"2016-04-14T14:45Z","KONZ.2016.15",,,"drag",160,"N",0,0,0,"No known compromise","NEON.DOC.014045vG","SeHm/p1kDF60ZkXptf42Fn89RZuG4Wcj",
"f7fc8881-dc55-411d-8c76-55d195176ed3","KONZ_001.tickPlot.tck","D06","KONZ","KONZ_001","distributed","grasslandHerbaceous",39.074114,-96.557107,"WGS84",20.0,423.7,0.0,"2016-04-14T15:10Z","KONZ.2016.15",,,"drag",160,"N",0,0,0,"No known compromise","NEON.DOC.014045vG","SeHm/p1kDF60ZkXptf42Fn89RZuG4Wcj",
"9f184855-36be-4c96-9fdd-6cb9f12e34f9","KONZ_025.tickPlot.tck","D06","KONZ","KONZ_025","distributed","deciduousForest",39.103714,-96.597832,"WGS84",20.1,337.3,0.1,"2016-04-14T16:06Z","KONZ.2016.15",,,"drag",160,"N",0,0,0,"No known compromise","NEON.DOC.014045vG","SeHm/p1kDF60ZkXptf42Fn89RZuG4Wcj","Recently burned (20160413)"
"0969473d-ef17-4f5c-a869-94aa53a81138","KONZ_009.tickPlot.tck","D06","KONZ","KONZ_009","distributed","grasslandHerbaceous",39.107902,-96.584438,"WGS84",20.1,391.9,0.1,"2016-04-14T16:47Z","KONZ.2016.15",,,"drag",160,"N",0,0,0,"No known compromise","NEON.DOC.014045vG","SeHm/p1kDF60ZkXptf42Fn89RZuG4Wcj",
