uid,namedLocation,domainID,siteID,plotID,plotType,nlcdClass,decimalLatitude,decimalLongitude,geodeticDatum,coordinateUncertainty,elevation,elevationUncertainty,collectDate,eventID,sampleID,sampleCode,samplingMethod,totalSampledArea,targetTaxaPresent,adultCount,nymphCount,larvaCount,sampleCondition,samplingProtocolVersion,measuredBy,remarks
"48915f20-2a63-4d16-8c2e-ebe3030cfb02","DELA_005.tickPlot.tck","D08","DELA","DELA_005","distributed","woodyWetlands",32.524379,-87.813851,"WGS84",20.1,27.0,0.3,"2017-07-12T14:51Z","DELA.2017.29",,,"drag and flag",170,"N",0,0,0,,"NEON.DOC.014045vH","LVAPgAv6xh19C/3VJQSXPdnCeq509g5NN3aoB1Pgu+U=",
"8c6a3c22-a584-4e46-89a9-eb34ced07679","DELA_014.tickPlot.tck","D08","DELA","DELA_014","distributed","evergreenForest",32.530627,-87.819367,"WGS84",20.2,33.0,0.2,"2017-07-12T15:39Z","DELA.2017.29",,,"drag",160,"N",0,0,0,,"NEON.DOC.014045vH","LVAPgAv6xh19C/3VJQSXPdnCeq509g5NN3aoB1Pgu+U=",
"8194f18d-6f08-4f9e-b19b-df3ac67bfb02","DELA_007.tickPlot.tck","D08","DELA","DELA_007","distributed","woodyWetlands",32.538957,-87.799922,"WGS84",20.2,25.7,0.2,"2017-07-12T16:03Z","DELA.2017.29",,,"drag and flag",90,"N",0,0,0,,"NEON.DOC.014045vH","nDk3u3/Gyje+hKaTCMqqjsY5CgZT7s9cLLilPZHkLiA=",
"7d1223fe-5810-4e46-99c6-0cf9131391d7","DELA_016.tickPlot.tck","D08","DELA","DELA_016","distributed","evergreenForest",32.536850,-87.806995,"WGS84",20.2,23.6,0.3,"2017-07-12T16:50Z","DELA.2017.29",,,"drag and flag",160,"N",0,0,0,,"NEON.DOC.014045vH","nDk3u3/Gyje+hKaTCMqqjsY5CgZT7s9cLLilPZHkLiA=",
"23eb3aa2-0b57-4e89-9579-8015bedc64a2","DELA_008.tickPlot.tck","D08","DELA","DELA_008","distributed","woodyWetlands",32.538884,-87.814145,"WGS84",20.1,24.5,0.2,"2017-07-12T16:55Z","DELA.2017.29",,,"drag and flag",160,"N",0,0,0,,"NEON.DOC.014045vH","LVAPgAv6xh19C/3VJQSXPdnCeq509g5NN3aoB1Pgu+U=",
