uid,namedLocation,domainID,siteID,plotID,plotType,nlcdClass,decimalLatitude,decimalLongitude,geodeticDatum,coordinateUncertainty,elevation,elevationUncertainty,collectDate,eventID,sampleID,sampleCode,samplingMethod,totalSampledArea,targetTaxaPresent,adultCount,nymphCount,larvaCount,sampleCondition,samplingProtocolVersion,measuredBy,remarks
"d95f6c50-d892-47bb-989c-e346cdb9e09d","HARV_022.tickPlot.tck","D01","HARV","HARV_022","distributed","evergreenForest",42.435462,-72.199291,"WGS84",20.3,186.3,0.3,"2017-04-17T13:20Z","HARV.2017.16",,,"drag",160,"N",0,0,0,"No known compromise","NEON.DOC.014045vG","jRr6tAEXvh/2EP2nqxILjbvMaL6VMLwf",
"144d1edc-b258-432c-837a-fe3436009fc3","HARV_006.tickPlot.tck","D01","HARV","HARV_006","distributed","deciduousForest",42.401938,-72.252716,"WGS84",20.2,190.4,0.3,"2017-04-17T14:53Z","HARV.2017.16","HARV_006.20170417",,"drag",160,"Y",0,1,0,"No known compromise","NEON.DOC.014045vG","jRr6tAEXvh/2EP2nqxILjbvMaL6VMLwf",
"1dcde314-1624-435c-a548-3b7c2bf50440","HARV_026.tickPlot.tck","D01","HARV","HARV_026","distributed","evergreenForest",42.412068,-72.246529,"WGS84",20.2,185.7,0.3,"2017-04-17T16:34Z","HARV.2017.16",,,"drag and flag",160,"N",0,0,0,"No known compromise","NEON.DOC.014045vG","jRr6tAEXvh/2EP2nqxILjbvMaL6VMLwf",
"a2d66e69-9ac2-43af-a03a-def515bd24a8","HARV_001.tickPlot.tck","D01","HARV","HARV_001","distributed","deciduousForest",42.424227,-72.260097,"WGS84",20.2,201.1,0.3,"2017-04-17T18:34Z","HARV.2017.16",,,"drag and flag",160,"N",0,0,0,"No known compromise","NEON.DOC.014045vG","afMynumrDJfHOx0fI3vTk6VTT4ywvC8xHq+A1nEaa2s=",
"87b8b55c-cd19-49f8-b1bd-810301e16fde","HARV_004.tickPlot.tck","D01","HARV","HARV_004","distributed","mixedForest",42.426878,-72.227943,"WGS84",20.3,185.9,0.3,"2017-04-18T16:59Z","HARV.2017.16",,,"drag",160,"N",0,0,0,"No known compromise","NEON.DOC.014045vG","afMynumrDJfHOx0fI3vTk6VTT4ywvC8xHq+A1nEaa2s=",
"6515e880-ec4e-44c7-8942-b0b97655a170","HARV_020.tickPlot.tck","D01","HARV","HARV_020","distributed","woodyWetlands",42.438157,-72.228923,"WGS84",20.2,228.3,0.3,"2017-04-18T18:17Z","HARV.2017.16","HARV_020.20170418",,"drag and flag",150,"Y",1,1,0,"No known compromise","NEON.DOC.014045vG","afMynumrDJfHOx0fI3vTk6VTT4ywvC8xHq+A1nEaa2s=",
