uid,namedLocation,domainID,siteID,plotID,plotType,nlcdClass,decimalLatitude,decimalLongitude,geodeticDatum,coordinateUncertainty,elevation,elevationUncertainty,collectDate,eventID,sampleID,sampleCode,samplingMethod,totalSampledArea,targetTaxaPresent,adultCount,nymphCount,larvaCount,sampleCondition,samplingProtocolVersion,measuredBy,remarks
"61ce0e65-dbea-4271-88ea-8abc65a5301f","UKFS_003.tickPlot.tck","D06","UKFS","UKFS_003","distributed","deciduousForest",39.053769,-95.187084,"WGS84",20.1,323.1,0.1,"2018-07-03T13:39Z","UKFS.2018.27","UKFS_003.20180703","B00000016195","drag and flag",180,"Y",8,9,0,"No known compromise","NEON.DOC.014045vJ","ryPwirbLIGP0z95AI2Ix9nYd6s942sQlUAwVL4UApoo=",
"2cdf61fe-f07b-4845-819e-ab9b47f6f94a","UKFS_030.tickPlot.tck","D06","UKFS","UKFS_030","distributed","grasslandHerbaceous",39.045115,-95.213433,"WGS84",20.1,321.9,0.1,"2018-07-03T14:02Z","UKFS.2018.27","UKFS_030.20180703","B00000016172","drag",160,"Y",0,2,0,"No known compromise","NEON.DOC.014045vJ","0QknftH/249Fzeup5XgxDmRFrswKMEXrpdiqA+dT0Pw=",
"45c418f5-6b25-4285-9f93-998d6dff1c88","UKFS_018.tickPlot.tck","D06","UKFS","UKFS_018","distributed","grasslandHerbaceous",39.053205,-95.194659,"WGS84",20.1,325.8,0.1,"2018-07-03T14:29Z","UKFS.2018.27","UKFS_018.20180703","B00000016190","drag and flag",160,"Y",0,2,0,"No known compromise","NEON.DOC.014045vJ","ryPwirbLIGP0z95AI2Ix9nYd6s942sQlUAwVL4UApoo=",
"211eefbf-528c-43ef-ac30-6012b8a43992","UKFS_002.tickPlot.tck","D06","UKFS","UKFS_002","distributed","deciduousForest",39.045892,-95.207026,"WGS84",20.1,316.0,0.2,"2018-07-03T14:32Z","UKFS.2018.27","UKFS_002.20180703","B00000015942","drag and flag",160,"Y",1,11,120,"No known compromise","NEON.DOC.014045vJ","0QknftH/249Fzeup5XgxDmRFrswKMEXrpdiqA+dT0Pw=",
"295fad41-82b1-4a03-8e85-3497622249e0","UKFS_004.tickPlot.tck","D06","UKFS","UKFS_004","distributed","deciduousForest",39.043188,-95.201000,"WGS84",20.1,320.0,0.2,"2018-07-03T15:02Z","UKFS.2018.27","UKFS_004.20180703","B00000015878","drag and flag",167,"Y",4,16,640,"No known compromise","NEON.DOC.014045vJ","d3pHA2OuzLJG5kLE5SIdC8P8dp0tl3w8vNiLiYqYT2g=",
"a3845031-6bf1-4cbc-940a-566001902c1c","UKFS_001.tickPlot.tck","D06","UKFS","UKFS_001","distributed","deciduousForest",39.037238,-95.198631,"WGS84",20.1,322.7,0.1,"2018-07-03T15:40Z","UKFS.2018.27","UKFS_001.20180703","B00000015944","drag and flag",160,"Y",4,19,824,"No known compromise","NEON.DOC.014045vJ","0QknftH/249Fzeup5XgxDmRFrswKMEXrpdiqA+dT0Pw=",
"6499d3fd-e8fc-47b5-b03d-38bdd73c6a73","UKFS_018.tickPlot.tck","D06","UKFS","UKFS_018","distributed","grasslandHerbaceous",39.053205,-95.194659,"WGS84",20.1,325.8,0.1,"2018-07-23T13:53Z","UKFS.2018.30",,,"drag and flag",160,"N",0,0,0,,"NEON.DOC.014045vJ","d3pHA2OuzLJG5kLE5SIdC8P8dp0tl3w8vNiLiYqYT2g=",
"40459d64-972c-4382-83cd-9135b560c3d6","UKFS_001.tickPlot.tck","D06","UKFS","UKFS_001","distributed","deciduousForest",39.037238,-95.198631,"WGS84",20.1,322.7,0.1,"2018-07-23T14:08Z","UKFS.2018.30","UKFS_001.20180723","A00000010879","drag and flag",160,"Y",1,20,7215,"No known compromise","NEON.DOC.014045vJ","0QknftH/249Fzeup5XgxDmRFrswKMEXrpdiqA+dT0Pw=",
"dc59978d-d113-4bd8-b98c-33f2d00349a6","UKFS_003.tickPlot.tck","D06","UKFS","UKFS_003","distributed","deciduousForest",39.053769,-95.187084,"WGS84",20.1,323.1,0.1,"2018-07-23T14:23Z","UKFS.2018.30","UKFS_003.20180723","B00000015641","drag and flag",175,"Y",2,3,488,"No known compromise","NEON.DOC.014045vJ","d3pHA2OuzLJG5kLE5SIdC8P8dp0tl3w8vNiLiYqYT2g=",
"e2441c88-ea30-443d-bdf6-33620ec1c596","UKFS_004.tickPlot.tck","D06","UKFS","UKFS_004","distributed","deciduousForest",39.043188,-95.201000,"WGS84",20.1,320.0,0.2,"2018-07-23T15:59Z","UKFS.2018.30","UKFS_004.20180723","B00000016496","flag",160,"Y",0,12,3125,"No known compromise","NEON.DOC.014045vJ","kkbwkCoDsA6KGEHVdDf/jWkh+6A9lNBAX0snNK7CGzQ=",
"a58ba18b-9d23-43c4-b572-4f7e1ac2aef3","UKFS_030.tickPlot.tck","D06","UKFS","UKFS_030","distributed","grasslandHerbaceous",39.045115,-95.213433,"WGS84",20.1,321.9,0.1,"2018-07-23T16:43Z","UKFS.2018.30",,,"drag",160,"N",0,0,0,"No known compromise","NEON.DOC.014045vJ","V6tSHRQni+Wbmj3Admpr1k+RorxM22+8PfTKvpaRtsU=",
"1ba34980-bf26-4b04-bcd2-0e61bfb29f95","UKFS_002.tickPlot.tck","D06","UKFS","UKFS_002","distributed","deciduousForest",39.045892,-95.207026,"WGS84",20.1,316.0,0.2,"2018-07-23T17:03Z","UKFS.2018.30","UKFS_002.20180723","B00000015877","drag and flag",160,"Y",0,7,39,"No known compromise","NEON.DOC.014045vJ","V6tSHRQni+Wbmj3Admpr1k+RorxM22+8PfTKvpaRtsU=",
