uid,namedLocation,domainID,siteID,plotID,plotType,nlcdClass,decimalLatitude,decimalLongitude,geodeticDatum,coordinateUncertainty,elevation,elevationUncertainty,collectDate,eventID,sampleID,sampleCode,samplingMethod,totalSampledArea,targetTaxaPresent,adultCount,nymphCount,larvaCount,sampleCondition,samplingProtocolVersion,measuredBy,remarks
"dc80c7d5-513a-4f4a-9ad1-8123028b0c22","NOGP_005.tickPlot.tck","D09","NOGP","NOGP_005","distributed","grasslandHerbaceous",46.787576,-100.916830,"WGS84",20.0,564.6,0.0,"2018-06-13T16:19Z","NOGP.2018.24",,,"drag",160,"N",0,0,0,,"NEON.DOC.014045vJ","kgKC0n2jXl+KChnZj+ASFTdtKzbfWjgzPFcDxQqoSz0=","Typical rope used for dragging not used; long piece of duct tape used instead."
"5d98e5d5-4b45-46b0-a029-36033b3e22c5","NOGP_008.tickPlot.tck","D09","NOGP","NOGP_008","distributed","grasslandHerbaceous",46.783500,-100.905977,"WGS84",20.1,562.0,0.1,"2018-06-13T17:09Z","NOGP.2018.24",,,"drag",160,"N",0,0,0,,"NEON.DOC.014045vJ","1cKKWBegdXd3XTLCQDj8XQBzY4nMiWUz8d+l9IasVs0=","Typical rope used for dragging not used; long piece of duct tape used instead."
"d194e112-c4de-4126-aa19-c74036959f2f","NOGP_006.tickPlot.tck","D09","NOGP","NOGP_006","distributed","grasslandHerbaceous",46.768522,-100.918874,"WGS84",20.1,588.6,0.1,"2018-06-13T17:50Z","NOGP.2018.24",,,"drag",160,"N",0,0,0,,"NEON.DOC.014045vJ","kgKC0n2jXl+KChnZj+ASFTdtKzbfWjgzPFcDxQqoSz0=","Typical rope used for dragging not used; long piece of duct tape used instead."
"a6277a96-daec-4f70-977f-e609de682a68","NOGP_002.tickPlot.tck","D09","NOGP","NOGP_002","distributed","grasslandHerbaceous",46.797460,-100.910668,"WGS84",20.1,544.6,0.1,"2018-06-13T18:32Z","NOGP.2018.24",,,"drag",160,"N",0,0,0,,"NEON.DOC.014045vJ","1cKKWBegdXd3XTLCQDj8XQBzY4nMiWUz8d+l9IasVs0=","Typical rope used for dragging not used; long piece of duct tape used instead."
"98a6b0eb-ae59-49ba-bdfd-4c9d978e3d8a","NOGP_001.tickPlot.tck","D09","NOGP","NOGP_001","distributed","grasslandHerbaceous",46.804811,-100.916048,"WGS84",20.0,530.7,0.0,"2018-06-13T19:06Z","NOGP.2018.24",,,"drag",160,"N",0,0,0,,"NEON.DOC.014045vJ","kgKC0n2jXl+KChnZj+ASFTdtKzbfWjgzPFcDxQqoSz0=","Typical rope used for dragging not used; long piece of duct tape used instead."
"e092a220-6dbc-458a-a889-38681fb395ae","NOGP_007.tickPlot.tck","D09","NOGP","NOGP_007","distributed","grasslandHerbaceous",46.813251,-100.903783,"WGS84",20.0,527.7,0.0,"2018-06-13T19:43Z","NOGP.2018.24","NOGP_007.20180613","A00000016638","drag and flag",160,"Y",1,0,0,"No known compromise","NEON.DOC.014045vJ","1cKKWBegdXd3XTLCQDj8XQBzY4nMiWUz8d+l9IasVs0=","Typical rope used for dragging not used; long piece of duct tape used instead. Wind gusts 15 - 20 mph"
