uid,namedLocation,date,eventID,domainID,siteID,plotID,subplotID,individualID,tagStatus,growthForm,plantStatus,stemDiameter,measurementHeight,height,baseCrownHeight,breakHeight,breakDiameter,maxCrownDiameter,ninetyCrownDiameter,canopyPosition,shape,basalStemDiameter,basalStemDiameterMsrmntHeight,maxBaseCrownDiameter,ninetyBaseCrownDiameter,remarks,recordedBy,measuredBy,dataQF
"0994e5b9-a4ef-4299-b26c-42ba8adda292","DEJU_019.basePlot.vst","2016-12-13","vst_DEJU_2016","D19","DEJU","DEJU_019",,"NEON.PLA.D19.DEJU.01685","ok","sapling","Live",,,0.5,,,,,,,,1.1,10,,,,"vFz513UarrPtX5jtNkgZfzdWCB1a2UwB","jWX8R8ReoxKHrAOY+KMtUi+D6q73rNDR","legacyData"
"36424591-b2f8-48c2-89f0-255a9c807f80","DEJU_019.basePlot.vst","2016-12-13","vst_DEJU_2016","D19","DEJU","DEJU_019",,"NEON.PLA.D19.DEJU.01655","ok","sapling","Live",,,0.2,,,,,,,,1.0,10,,,,"vFz513UarrPtX5jtNkgZfzdWCB1a2UwB","jWX8R8ReoxKHrAOY+KMtUi+D6q73rNDR","legacyData"
"3e8c7fcf-498b-460f-92a1-2f15fc29279d","DEJU_019.basePlot.vst","2016-12-13","vst_DEJU_2016","D19","DEJU","DEJU_019",,"NEON.PLA.D19.DEJU.01635","ok","single bole tree","Live",11.2,130,6.3,,,,2.3,1.8,"Full sun",,,,,,,"vFz513UarrPtX5jtNkgZfzdWCB1a2UwB","jWX8R8ReoxKHrAOY+KMtUi+D6q73rNDR","legacyData"
"76e4126e-cc35-47bd-b6ca-424dd6a975e1","DEJU_019.basePlot.vst","2016-12-13","vst_DEJU_2016","D19","DEJU","DEJU_019",,"NEON.PLA.D19.DEJU.01648","ok","sapling","Standing dead",,,0.6,,,,,,,,1.3,10,,,,"vFz513UarrPtX5jtNkgZfzdWCB1a2UwB","jWX8R8ReoxKHrAOY+KMtUi+D6q73rNDR","legacyData"
"96f894cf-a6de-4355-ab01-70b2080e507f","DEJU_019.basePlot.vst","2016-12-13","vst_DEJU_2016","D19","DEJU","DEJU_019",,"NEON.PLA.D19.DEJU.01677","ok","small tree","Live",7.3,130,4.4,,,,,,,,,,,,,"vFz513UarrPtX5jtNkgZfzdWCB1a2UwB","jWX8R8ReoxKHrAOY+KMtUi+D6q73rNDR","legacyData"
"1caf6a57-a600-42b6-a069-b09f046df867","DEJU_019.basePlot.vst","2016-12-13","vst_DEJU_2016","D19","DEJU","DEJU_019",,"NEON.PLA.D19.DEJU.01696","ok","sapling","Live",,,0.5,,,,,,,,1.0,10,,,,"vFz513UarrPtX5jtNkgZfzdWCB1a2UwB","jWX8R8ReoxKHrAOY+KMtUi+D6q73rNDR","legacyData"
"464889ab-2a98-49bf-808b-3e6b85a511f0","DEJU_019.basePlot.vst","2016-12-13","vst_DEJU_2016","D19","DEJU","DEJU_019",,"NEON.PLA.D19.DEJU.01680","ok","small shrub","Live",,,0.5,,,,0.8,0.4,,"cylinder",1.0,10,,,,"vFz513UarrPtX5jtNkgZfzdWCB1a2UwB","jWX8R8ReoxKHrAOY+KMtUi+D6q73rNDR","legacyData"
"5986ea19-f011-41b1-9088-f4d53aa2577e","DEJU_019.basePlot.vst","2016-12-13","vst_DEJU_2016","D19","DEJU","DEJU_019",,"NEON.PLA.D19.DEJU.01698","ok","small shrub","Standing dead",,,1.0,,,,0.4,0.2,,"cylinder",1.7,10,,,,"vFz513UarrPtX5jtNkgZfzdWCB1a2UwB","jWX8R8ReoxKHrAOY+KMtUi+D6q73rNDR","legacyData"
"9b4abbbc-bdd0-4765-9fa3-16bba487595d","DEJU_019.basePlot.vst","2016-12-13","vst_DEJU_2016","D19","DEJU","DEJU_019",,"NEON.PLA.D19.DEJU.01653","ok","sapling","Standing dead",,,0.5,,,,,,,,1.2,10,,,,"vFz513UarrPtX5jtNkgZfzdWCB1a2UwB","jWX8R8ReoxKHrAOY+KMtUi+D6q73rNDR","legacyData"
"a9d59043-5c48-484c-abfe-c8226d7c4fea","DEJU_019.basePlot.vst","2016-12-13","vst_DEJU_2016","D19","DEJU","DEJU_019",,"NEON.PLA.D19.DEJU.01628","ok","single bole tree","Live",10.1,130,6.9,,,,1.2,1.1,"Full sun",,,,,,,"vFz513UarrPtX5jtNkgZfzdWCB1a2UwB","jWX8R8ReoxKHrAOY+KMtUi+D6q73rNDR","legacyData"
"c0a680ed-698b-4855-8bb5-8b964ba70130","DEJU_019.basePlot.vst","2016-12-13","vst_DEJU_2016","D19","DEJU","DEJU_019",,"NEON.PLA.D19.DEJU.01632","ok","single bole tree","Live",10.5,130,4.8,,,,1.8,1.5,"Full sun",,,,,,,"vFz513UarrPtX5jtNkgZfzdWCB1a2UwB","jWX8R8ReoxKHrAOY+KMtUi+D6q73rNDR","legacyData"
"ad1350c5-07b1-4577-b4ea-24f865c6bf1f","DEJU_019.basePlot.vst","2016-12-13","vst_DEJU_2016","D19","DEJU","DEJU_019",,"NEON.PLA.D19.DEJU.01674","ok","small tree","Live",4.5,130,2.9,,,,,,,,,,,,,"vFz513UarrPtX5jtNkgZfzdWCB1a2UwB","jWX8R8ReoxKHrAOY+KMtUi+D6q73rNDR","legacyData"
"58231f92-5f84-48f7-b7e3-8579340b200f","DEJU_019.basePlot.vst","2016-12-13","vst_DEJU_2016","D19","DEJU","DEJU_019",,"NEON.PLA.D19.DEJU.01646","ok","sapling","Standing dead",,,0.6,,,,,,,,1.6,10,,,,"vFz513UarrPtX5jtNkgZfzdWCB1a2UwB","jWX8R8ReoxKHrAOY+KMtUi+D6q73rNDR","legacyData"
"2266caf4-5764-4423-98ce-4b9c4b7513ca","DEJU_019.basePlot.vst","2016-12-13","vst_DEJU_2016","D19","DEJU","DEJU_019",,"NEON.PLA.D19.DEJU.01638","ok","small tree","Live",5.4,130,3.8,,,,,,,,,,,,,"vFz513UarrPtX5jtNkgZfzdWCB1a2UwB","jWX8R8ReoxKHrAOY+KMtUi+D6q73rNDR","legacyData"
"004443c4-7f6a-4654-96fa-630c0d451425","DEJU_019.basePlot.vst","2016-12-13","vst_DEJU_2016","D19","DEJU","DEJU_019",,"NEON.PLA.D19.DEJU.01627","ok","single bole tree","Live",14.0,130,6.9,,,,1.8,0.0,"Full sun",,,,,,,"vFz513UarrPtX5jtNkgZfzdWCB1a2UwB","jWX8R8ReoxKHrAOY+KMtUi+D6q73rNDR","legacyData"
"28b0e4d9-7b1c-491f-8673-272c12b55149","DEJU_019.basePlot.vst","2016-12-13","vst_DEJU_2016","D19","DEJU","DEJU_019",,"NEON.PLA.D19.DEJU.01668","ok","small tree","Live",1.7,130,1.7,,,,,,,,,,,,,"vFz513UarrPtX5jtNkgZfzdWCB1a2UwB","jWX8R8ReoxKHrAOY+KMtUi+D6q73rNDR","legacyData"
"8b61e2f0-ac44-4249-8662-a9b833f10d58","DEJU_019.basePlot.vst","2016-12-13","vst_DEJU_2016","D19","DEJU","DEJU_019",,"NEON.PLA.D19.DEJU.01671","ok","sapling","Live",,,0.4,,,,,,,,1.3,10,,,,"vFz513UarrPtX5jtNkgZfzdWCB1a2UwB","jWX8R8ReoxKHrAOY+KMtUi+D6q73rNDR","legacyData"
"287b3d40-2e0a-462c-b1cf-45d16785a582","DEJU_019.basePlot.vst","2016-12-13","vst_DEJU_2016","D19","DEJU","DEJU_019",,"NEON.PLA.D19.DEJU.01675","ok","small tree","Live",3.1,130,3.3,,,,,,,,,,,,,"vFz513UarrPtX5jtNkgZfzdWCB1a2UwB","jWX8R8ReoxKHrAOY+KMtUi+D6q73rNDR","legacyData"
"71853eab-7112-4720-b461-69498857cf9f","DEJU_019.basePlot.vst","2016-12-13","vst_DEJU_2016","D19","DEJU","DEJU_019",,"NEON.PLA.D19.DEJU.01700","ok","sapling","Live",,,1.2,,,,,,,,2.4,10,,,,"vFz513UarrPtX5jtNkgZfzdWCB1a2UwB","jWX8R8ReoxKHrAOY+KMtUi+D6q73rNDR","legacyData"
"2e837fa9-864e-4940-a149-0aea54cd8bb4","DEJU_019.basePlot.vst","2016-12-13","vst_DEJU_2016","D19","DEJU","DEJU_019",,"NEON.PLA.D19.DEJU.01680","ok","small shrub","Live",,,0.5,,,,0.8,0.4,,"cylinder",1.1,10,,,,"vFz513UarrPtX5jtNkgZfzdWCB1a2UwB","jWX8R8ReoxKHrAOY+KMtUi+D6q73rNDR","legacyData"
"652a45c8-e4d1-4914-9dd0-259bb3d9773c","DEJU_019.basePlot.vst","2016-12-13","vst_DEJU_2016","D19","DEJU","DEJU_019",,"NEON.PLA.D19.DEJU.01649","ok","small tree","Live",5.0,130,3.5,,,,,,,,,,,,,"vFz513UarrPtX5jtNkgZfzdWCB1a2UwB","jWX8R8ReoxKHrAOY+KMtUi+D6q73rNDR","legacyData"
"3315ccd7-88ae-4f2a-9a7f-c37bacf724e1","DEJU_019.basePlot.vst","2016-12-13","vst_DEJU_2016","D19","DEJU","DEJU_019",,"NEON.PLA.D19.DEJU.01667","ok","sapling","Live",,,0.5,,,,,,,,1.4,10,,,,"vFz513UarrPtX5jtNkgZfzdWCB1a2UwB","jWX8R8ReoxKHrAOY+KMtUi+D6q73rNDR","legacyData"
"6089dee7-02f0-4f37-8b0b-3f0eeec8d6e3","DEJU_019.basePlot.vst","2016-12-13","vst_DEJU_2016","D19","DEJU","DEJU_019",,"NEON.PLA.D19.DEJU.01656","ok","sapling","Live",,,0.6,,,,,,,,2.0,10,,,,"vFz513UarrPtX5jtNkgZfzdWCB1a2UwB","jWX8R8ReoxKHrAOY+KMtUi+D6q73rNDR","legacyData"
"1f8c2afc-31f9-4358-bb67-f062ecc6bcf0","DEJU_019.basePlot.vst","2016-12-13","vst_DEJU_2016","D19","DEJU","DEJU_019",,"NEON.PLA.D19.DEJU.01639","ok","small tree","Live",5.5,130,4.2,,,,,,,,,,,,,"vFz513UarrPtX5jtNkgZfzdWCB1a2UwB","jWX8R8ReoxKHrAOY+KMtUi+D6q73rNDR","legacyData"
"a6e70ef6-99a7-4fe0-9747-f0d384c2f80c","DEJU_019.basePlot.vst","2016-12-13","vst_DEJU_2016","D19","DEJU","DEJU_019",,"NEON.PLA.D19.DEJU.01672","ok","sapling","Live",,,0.7,,,,,,,,3.4,10,,,,"vFz513UarrPtX5jtNkgZfzdWCB1a2UwB","jWX8R8ReoxKHrAOY+KMtUi+D6q73rNDR","legacyData"
"75ce1b13-3481-44e9-a82c-d8ce6cf06d27","DEJU_019.basePlot.vst","2016-12-13","vst_DEJU_2016","D19","DEJU","DEJU_019",,"NEON.PLA.D19.DEJU.01664","ok","sapling","Live",,,0.9,,,,,,,,1.5,10,,,,"vFz513UarrPtX5jtNkgZfzdWCB1a2UwB","jWX8R8ReoxKHrAOY+KMtUi+D6q73rNDR","legacyData"
"3c11ee18-89d2-42a4-a1c1-3caf413573a9","DEJU_019.basePlot.vst","2016-12-13","vst_DEJU_2016","D19","DEJU","DEJU_019",,"NEON.PLA.D19.DEJU.01683","ok","sapling","Live",,,0.3,,,,,,,,2.2,10,,,,"vFz513UarrPtX5jtNkgZfzdWCB1a2UwB","jWX8R8ReoxKHrAOY+KMtUi+D6q73rNDR","legacyData"
"65c10298-1c41-4644-a81a-45bb273a0212","DEJU_019.basePlot.vst","2016-12-13","vst_DEJU_2016","D19","DEJU","DEJU_019",,"NEON.PLA.D19.DEJU.01652","ok","sapling","Live",,,0.6,,,,,,,,1.5,10,,,,"vFz513UarrPtX5jtNkgZfzdWCB1a2UwB","jWX8R8ReoxKHrAOY+KMtUi+D6q73rNDR","legacyData"
"0df4fbc1-1131-4cdd-892b-645824f16923","DEJU_019.basePlot.vst","2016-12-13","vst_DEJU_2016","D19","DEJU","DEJU_019",,"NEON.PLA.D19.DEJU.01699","ok","sapling","Live",,,0.8,,,,,,,,1.5,10,,,,"vFz513UarrPtX5jtNkgZfzdWCB1a2UwB","jWX8R8ReoxKHrAOY+KMtUi+D6q73rNDR","legacyData"
"bd2c69de-8149-4e6f-838d-88b74c08edc4","DEJU_019.basePlot.vst","2016-12-13","vst_DEJU_2016","D19","DEJU","DEJU_019",,"NEON.PLA.D19.DEJU.01651","ok","small tree","Live",5.1,130,3.0,,,,,,,,,,,,,"vFz513UarrPtX5jtNkgZfzdWCB1a2UwB","jWX8R8ReoxKHrAOY+KMtUi+D6q73rNDR","legacyData"
"42ad4fb8-c496-48aa-81bd-c9bd89e1d97e","DEJU_019.basePlot.vst","2016-12-13","vst_DEJU_2016","D19","DEJU","DEJU_019",,"NEON.PLA.D19.DEJU.01645","ok","sapling","Live",,,0.5,,,,,,,,1.0,10,,,,"vFz513UarrPtX5jtNkgZfzdWCB1a2UwB","jWX8R8ReoxKHrAOY+KMtUi+D6q73rNDR","legacyData"
"d18114b1-c5cc-4fc7-b97d-60f7c9733ea1","DEJU_019.basePlot.vst","2016-12-13","vst_DEJU_2016","D19","DEJU","DEJU_019",,"NEON.PLA.D19.DEJU.01663","ok","sapling","Live",,,0.3,,,,,,,,1.1,10,,,,"vFz513UarrPtX5jtNkgZfzdWCB1a2UwB","jWX8R8ReoxKHrAOY+KMtUi+D6q73rNDR","legacyData"
"da604430-dd87-4666-9116-df3794b892d7","DEJU_019.basePlot.vst","2016-12-13","vst_DEJU_2016","D19","DEJU","DEJU_019",,"NEON.PLA.D19.DEJU.01681","ok","small tree","Live",6.9,130,4.2,,,,,,,,,,,,,"vFz513UarrPtX5jtNkgZfzdWCB1a2UwB","jWX8R8ReoxKHrAOY+KMtUi+D6q73rNDR","legacyData"
"f3b3cd95-d6cc-41fb-8545-f3bd1d33f1e0","DEJU_019.basePlot.vst","2016-12-13","vst_DEJU_2016","D19","DEJU","DEJU_019",,"NEON.PLA.D19.DEJU.01665","ok","sapling","Standing dead",,,0.6,,,,,,,,1.2,10,,,,"vFz513UarrPtX5jtNkgZfzdWCB1a2UwB","jWX8R8ReoxKHrAOY+KMtUi+D6q73rNDR","legacyData"
"cac1c037-4541-4f65-9d07-e30f4a1b931f","DEJU_019.basePlot.vst","2016-12-13","vst_DEJU_2016","D19","DEJU","DEJU_019",,"NEON.PLA.D19.DEJU.01679","ok","sapling","Standing dead",,,0.8,,,,,,,,5.0,10,,,,"vFz513UarrPtX5jtNkgZfzdWCB1a2UwB","jWX8R8ReoxKHrAOY+KMtUi+D6q73rNDR","legacyData"
"a261e7a6-d8fd-425b-96e0-327b19d233d0","DEJU_019.basePlot.vst","2016-12-13","vst_DEJU_2016","D19","DEJU","DEJU_019",,"NEON.PLA.D19.DEJU.01676","ok","small tree","Live",5.3,130,4.2,,,,,,,,,,,,,"vFz513UarrPtX5jtNkgZfzdWCB1a2UwB","jWX8R8ReoxKHrAOY+KMtUi+D6q73rNDR","legacyData"
"3345c6f6-9ac4-4ad0-ba11-e8fc1bb329b9","DEJU_019.basePlot.vst","2016-12-13","vst_DEJU_2016","D19","DEJU","DEJU_019",,"NEON.PLA.D19.DEJU.01641","ok","small tree","Live",7.1,130,4.6,,,,,,,,,,,,,"vFz513UarrPtX5jtNkgZfzdWCB1a2UwB","jWX8R8ReoxKHrAOY+KMtUi+D6q73rNDR","legacyData"
"d2e8db75-6d4a-463c-b58b-ef75d94c99d9","DEJU_019.basePlot.vst","2016-12-13","vst_DEJU_2016","D19","DEJU","DEJU_019",,"NEON.PLA.D19.DEJU.01697","ok","sapling","Live",,,1.1,,,,,,,,2.4,10,,,,"vFz513UarrPtX5jtNkgZfzdWCB1a2UwB","jWX8R8ReoxKHrAOY+KMtUi+D6q73rNDR","legacyData"
"8892c935-d86a-45f2-a11b-de52a64414ad","DEJU_019.basePlot.vst","2016-12-13","vst_DEJU_2016","D19","DEJU","DEJU_019",,"NEON.PLA.D19.DEJU.01637","ok","single bole tree","Live,  other damage",11.2,130,4.0,,,,1.5,1.4,"Full sun",,,,,,,"vFz513UarrPtX5jtNkgZfzdWCB1a2UwB","jWX8R8ReoxKHrAOY+KMtUi+D6q73rNDR","legacyData"
"b4f6d024-c175-4997-b4c9-20cbead4af2a","DEJU_019.basePlot.vst","2016-12-13","vst_DEJU_2016","D19","DEJU","DEJU_019",,"NEON.PLA.D19.DEJU.01679","ok","sapling","Standing dead",,,0.8,,,,,,,,1.8,10,,,,"vFz513UarrPtX5jtNkgZfzdWCB1a2UwB","jWX8R8ReoxKHrAOY+KMtUi+D6q73rNDR","legacyData"
"70be43b3-aa4e-4f9c-8f9c-3831bdc371d5","DEJU_019.basePlot.vst","2016-12-13","vst_DEJU_2016","D19","DEJU","DEJU_019",,"NEON.PLA.D19.DEJU.01642","ok","small tree","Live",6.3,130,4.8,,,,,,,,,,,,,"vFz513UarrPtX5jtNkgZfzdWCB1a2UwB","jWX8R8ReoxKHrAOY+KMtUi+D6q73rNDR","legacyData"
"814f1abb-889b-4e87-9f25-ca2b566c463d","DEJU_019.basePlot.vst","2016-12-13","vst_DEJU_2016","D19","DEJU","DEJU_019",,"NEON.PLA.D19.DEJU.01644","ok","sapling","Live",,,0.6,,,,,,,,1.1,10,,,,"vFz513UarrPtX5jtNkgZfzdWCB1a2UwB","jWX8R8ReoxKHrAOY+KMtUi+D6q73rNDR","legacyData"
"935865c2-9854-495f-9f3f-1a64fe4446b9","DEJU_019.basePlot.vst","2016-12-13","vst_DEJU_2016","D19","DEJU","DEJU_019",,"NEON.PLA.D19.DEJU.01673","ok","sapling","Live",,,1.5,,,,,,,,4.9,10,,,,"vFz513UarrPtX5jtNkgZfzdWCB1a2UwB","jWX8R8ReoxKHrAOY+KMtUi+D6q73rNDR","legacyData"
"7d979bad-6ae0-45bd-894c-ae095877d27a","DEJU_019.basePlot.vst","2016-12-13","vst_DEJU_2016","D19","DEJU","DEJU_019",,"NEON.PLA.D19.DEJU.01670","ok","sapling","Live",,,0.4,,,,,,,,1.0,10,,,,"vFz513UarrPtX5jtNkgZfzdWCB1a2UwB","jWX8R8ReoxKHrAOY+KMtUi+D6q73rNDR","legacyData"
"99005101-df5f-498c-8689-2b3127ae4b6f","DEJU_019.basePlot.vst","2016-12-13","vst_DEJU_2016","D19","DEJU","DEJU_019",,"NEON.PLA.D19.DEJU.01630","ok","single bole tree","Live",14.0,127,6.3,,,,2.2,2.1,"Full sun",,,,,,,"vFz513UarrPtX5jtNkgZfzdWCB1a2UwB","jWX8R8ReoxKHrAOY+KMtUi+D6q73rNDR","legacyData"
"e892a956-e0b3-438d-adce-2469f833a3d8","DEJU_019.basePlot.vst","2016-12-13","vst_DEJU_2016","D19","DEJU","DEJU_019",,"NEON.PLA.D19.DEJU.01658","ok","small tree","Live",8.3,130,4.6,,,,,,,,,,,,,"vFz513UarrPtX5jtNkgZfzdWCB1a2UwB","jWX8R8ReoxKHrAOY+KMtUi+D6q73rNDR","legacyData"
"e237d9d8-bb40-4397-b1d5-ea6ddde58ba9","DEJU_019.basePlot.vst","2016-12-13","vst_DEJU_2016","D19","DEJU","DEJU_019",,"NEON.PLA.D19.DEJU.01657","ok","sapling","Live",,,0.7,,,,,,,,1.9,10,,,,"vFz513UarrPtX5jtNkgZfzdWCB1a2UwB","jWX8R8ReoxKHrAOY+KMtUi+D6q73rNDR","legacyData"
"424648ac-2dae-404a-93d3-7670a67eccdc","DEJU_019.basePlot.vst","2016-12-13","vst_DEJU_2016","D19","DEJU","DEJU_019",,"NEON.PLA.D19.DEJU.01647","ok","small shrub","Live",,,0.9,,,,0.4,0.3,,"cylinder",1.1,10,,,,"vFz513UarrPtX5jtNkgZfzdWCB1a2UwB","jWX8R8ReoxKHrAOY+KMtUi+D6q73rNDR","legacyData"
"b95fd3c9-a610-4d0d-9236-1d7c52baa703","DEJU_019.basePlot.vst","2016-12-13","vst_DEJU_2016","D19","DEJU","DEJU_019",,"NEON.PLA.D19.DEJU.01643","ok","small tree","Live",7.9,130,5.1,,,,,,,,,,,,,"vFz513UarrPtX5jtNkgZfzdWCB1a2UwB","jWX8R8ReoxKHrAOY+KMtUi+D6q73rNDR","legacyData"
"0250de5e-e68f-4e87-b119-8a3e1be28d27","DEJU_019.basePlot.vst","2016-12-13","vst_DEJU_2016","D19","DEJU","DEJU_019",,"NEON.PLA.D19.DEJU.01634","ok","single bole tree","Live",13.2,130,6.9,,,,2.3,1.9,"Full sun",,,,,,,"vFz513UarrPtX5jtNkgZfzdWCB1a2UwB","jWX8R8ReoxKHrAOY+KMtUi+D6q73rNDR","legacyData"
"e4b999ce-c383-4647-bb76-02736691d27c","DEJU_019.basePlot.vst","2016-12-13","vst_DEJU_2016","D19","DEJU","DEJU_019",,"NEON.PLA.D19.DEJU.01650","ok","small tree","Live",6.9,130,4.7,,,,,,,,,,,,,"vFz513UarrPtX5jtNkgZfzdWCB1a2UwB","jWX8R8ReoxKHrAOY+KMtUi+D6q73rNDR","legacyData"
"240da0cb-b5af-48b2-ae5b-0b84b8faa2d6","DEJU_019.basePlot.vst","2016-12-13","vst_DEJU_2016","D19","DEJU","DEJU_019",,"NEON.PLA.D19.DEJU.01660","ok","small tree","Live",1.1,130,1.6,,,,,,,,,,,,,"vFz513UarrPtX5jtNkgZfzdWCB1a2UwB","jWX8R8ReoxKHrAOY+KMtUi+D6q73rNDR","legacyData"
"2609327e-72e4-4fb6-8a10-4a97b96d6113","DEJU_019.basePlot.vst","2016-12-13","vst_DEJU_2016","D19","DEJU","DEJU_019",,"NEON.PLA.D19.DEJU.01636","ok","single bole tree","Live",11.7,130,6.2,,,,1.9,1.6,"Full sun",,,,,,,"vFz513UarrPtX5jtNkgZfzdWCB1a2UwB","jWX8R8ReoxKHrAOY+KMtUi+D6q73rNDR","legacyData"
"4e357703-50e6-479e-a8c7-59e61811dfb1","DEJU_019.basePlot.vst","2016-12-13","vst_DEJU_2016","D19","DEJU","DEJU_019",,"NEON.PLA.D19.DEJU.01661","ok","sapling","Live",,,1.0,,,,,,,,1.5,10,,,,"vFz513UarrPtX5jtNkgZfzdWCB1a2UwB","jWX8R8ReoxKHrAOY+KMtUi+D6q73rNDR","legacyData"
"af1894d5-97d5-442e-b929-d7589fbfabb7","DEJU_019.basePlot.vst","2016-12-13","vst_DEJU_2016","D19","DEJU","DEJU_019",,"NEON.PLA.D19.DEJU.01678","ok","small tree","Standing dead",1.3,130,1.9,,,,,,,,,,,,,"vFz513UarrPtX5jtNkgZfzdWCB1a2UwB","jWX8R8ReoxKHrAOY+KMtUi+D6q73rNDR","legacyData"
"c13aef7e-a795-4908-bd3e-e6fe0667055f","DEJU_019.basePlot.vst","2016-12-13","vst_DEJU_2016","D19","DEJU","DEJU_019",,"NEON.PLA.D19.DEJU.01669","ok","sapling","Live",,,1.0,,,,,,,,2.0,10,,,,"vFz513UarrPtX5jtNkgZfzdWCB1a2UwB","jWX8R8ReoxKHrAOY+KMtUi+D6q73rNDR","legacyData"
"072e403f-a8da-4ad9-a58a-b2514eccf9f2","DEJU_019.basePlot.vst","2016-12-13","vst_DEJU_2016","D19","DEJU","DEJU_019",,"NEON.PLA.D19.DEJU.01631","ok","single bole tree","Live",12.0,130,7.5,,,,2.0,1.9,"Full sun",,,,,,,"vFz513UarrPtX5jtNkgZfzdWCB1a2UwB","jWX8R8ReoxKHrAOY+KMtUi+D6q73rNDR","legacyData"
"8f14d68c-4e53-474f-9033-8cec36ae1f0a","DEJU_019.basePlot.vst","2016-12-13","vst_DEJU_2016","D19","DEJU","DEJU_019",,"NEON.PLA.D19.DEJU.01680","ok","small shrub","Live",,,0.5,,,,0.8,0.4,,"cylinder",1.0,10,,,,"vFz513UarrPtX5jtNkgZfzdWCB1a2UwB","jWX8R8ReoxKHrAOY+KMtUi+D6q73rNDR","legacyData"
"b0201211-24d7-43c3-8741-38d71df295e5","DEJU_019.basePlot.vst","2016-12-13","vst_DEJU_2016","D19","DEJU","DEJU_019",,"NEON.PLA.D19.DEJU.01666","ok","sapling","Live",,,1.3,,,,,,,,2.6,10,,,,"vFz513UarrPtX5jtNkgZfzdWCB1a2UwB","jWX8R8ReoxKHrAOY+KMtUi+D6q73rNDR","legacyData"
"20e9ed7f-098a-49aa-ae10-4e1df8f9098f","DEJU_019.basePlot.vst","2016-12-13","vst_DEJU_2016","D19","DEJU","DEJU_019",,"NEON.PLA.D19.DEJU.01662","ok","sapling","Standing dead",,,0.6,,,,,,,,2.5,10,,,,"vFz513UarrPtX5jtNkgZfzdWCB1a2UwB","jWX8R8ReoxKHrAOY+KMtUi+D6q73rNDR","legacyData"
"df3b8599-9414-48eb-8b3f-0926745ebc66","DEJU_019.basePlot.vst","2016-12-13","vst_DEJU_2016","D19","DEJU","DEJU_019",,"NEON.PLA.D19.DEJU.01640","ok","small tree","Live",7.1,130,5.0,,,,,,,,,,,,,"vFz513UarrPtX5jtNkgZfzdWCB1a2UwB","jWX8R8ReoxKHrAOY+KMtUi+D6q73rNDR","legacyData"
"bc316f7c-4f02-4db5-be6c-5efe682f1ffc","DEJU_019.basePlot.vst","2016-12-13","vst_DEJU_2016","D19","DEJU","DEJU_019",,"NEON.PLA.D19.DEJU.01682","ok","sapling","Live",,,1.0,,,,,,,,2.5,10,,,,"vFz513UarrPtX5jtNkgZfzdWCB1a2UwB","jWX8R8ReoxKHrAOY+KMtUi+D6q73rNDR","legacyData"
"c6de3084-a431-4a94-bd4f-b5f5d2c95a45","DEJU_019.basePlot.vst","2016-12-13","vst_DEJU_2016","D19","DEJU","DEJU_019",,"NEON.PLA.D19.DEJU.01684","ok","small tree","Live",4.6,130,3.0,,,,,,,,,,,,,"vFz513UarrPtX5jtNkgZfzdWCB1a2UwB","jWX8R8ReoxKHrAOY+KMtUi+D6q73rNDR","legacyData"
"25ade985-3cd2-4fd1-a165-b9dc07e4e890","DEJU_019.basePlot.vst","2016-12-13","vst_DEJU_2016","D19","DEJU","DEJU_019",,"NEON.PLA.D19.DEJU.01633","ok","single bole tree","Live",10.5,130,6.6,,,,2.0,1.9,"Full sun",,,,,,,"vFz513UarrPtX5jtNkgZfzdWCB1a2UwB","jWX8R8ReoxKHrAOY+KMtUi+D6q73rNDR","legacyData"
"14f1467a-d346-4048-806f-5b97dbc9ffe8","DEJU_019.basePlot.vst","2016-12-13","vst_DEJU_2016","D19","DEJU","DEJU_019",,"NEON.PLA.D19.DEJU.01629","ok","single bole tree","Live",12.5,130,6.3,,,,2.2,2.1,"Full sun",,,,,,,"vFz513UarrPtX5jtNkgZfzdWCB1a2UwB","jWX8R8ReoxKHrAOY+KMtUi+D6q73rNDR","legacyData"
"f01c7a0c-0465-4d56-a199-38c3cf51a62d","DEJU_019.basePlot.vst","2016-12-13","vst_DEJU_2016","D19","DEJU","DEJU_019",,"NEON.PLA.D19.DEJU.01659","ok","sapling","Live",,,0.7,,,,,,,,1.4,10,,,,"vFz513UarrPtX5jtNkgZfzdWCB1a2UwB","jWX8R8ReoxKHrAOY+KMtUi+D6q73rNDR","legacyData"
"8a620039-5f78-4449-bab8-7a4cf41761c9","DEJU_019.basePlot.vst","2016-12-13","vst_DEJU_2016","D19","DEJU","DEJU_019",,"NEON.PLA.D19.DEJU.01654","ok","sapling","Live",,,0.5,,,,,,,,1.5,10,,,,"vFz513UarrPtX5jtNkgZfzdWCB1a2UwB","jWX8R8ReoxKHrAOY+KMtUi+D6q73rNDR","legacyData"
