uid,namedLocation,domainID,siteID,plotID,plotType,nlcdClass,decimalLatitude,decimalLongitude,geodeticDatum,coordinateUncertainty,elevation,elevationUncertainty,collectDate,eventID,sampleID,sampleCode,samplingMethod,totalSampledArea,targetTaxaPresent,adultCount,nymphCount,larvaCount,sampleCondition,samplingProtocolVersion,measuredBy,remarks
"047beb23-9316-46a1-8c16-73ee91805b0f","OSBS_002.tickPlot.tck","D03","OSBS","OSBS_002","distributed","evergreenForest",29.703661,-81.958365,"WGS84",20.1,35.8,0.2,"2018-06-07T14:12Z","OSBS.2018.23",,,"drag and flag",160,"N",0,0,0,,"NEON.DOC.014045vH","0gyDWMZ83TTtiJPb974pZYJw8VbMzdWobhOfCYPJqh0=",
"6450580f-c7e0-4d9e-8024-5b40896239d3","OSBS_004.tickPlot.tck","D03","OSBS","OSBS_004","distributed","evergreenForest",29.683402,-81.960449,"WGS84",20.3,42.4,0.4,"2018-06-07T17:19Z","OSBS.2018.23","OSBS_004.20180607","A00000004505","drag",160,"Y",1,1,0,"No known compromise","NEON.DOC.014045vJ","swB/+pnc2VnF9Fa7wkygb+Kf1gKbJNlh/Nqtv62hWkY=","Adult tick sample lost"
"30359e55-2529-428a-8ef9-b8482a97ab25","OSBS_048.tickPlot.tck","D03","OSBS","OSBS_048","distributed","evergreenForest",29.678818,-81.947790,"WGS84",20.2,36.8,0.4,"2018-06-07T18:11Z","OSBS.2018.23","OSBS_048.20180607","A00000004508","drag and flag",162,"Y",1,1,0,"No known compromise","NEON.DOC.014045vJ","swB/+pnc2VnF9Fa7wkygb+Kf1gKbJNlh/Nqtv62hWkY=","Plot 48"
"683e5414-1cfa-4b3e-a63d-75a69522fa5a","OSBS_001.tickPlot.tck","D03","OSBS","OSBS_001","distributed","woodyWetlands",29.704063,-82.008061,"WGS84",20.3,34.4,0.3,"2018-06-07T19:42Z","OSBS.2018.23","OSBS_001.20180607","A00000004509","drag and flag",170,"Y",1,26,0,"No known compromise","NEON.DOC.014045vJ","0gyDWMZ83TTtiJPb974pZYJw8VbMzdWobhOfCYPJqh0=","Forgot to record end time."
"e27aed14-8d30-4060-892e-bfb7a83982fc","OSBS_002.tickPlot.tck","D03","OSBS","OSBS_002","distributed","evergreenForest",29.703661,-81.958365,"WGS84",20.1,35.8,0.2,"2018-06-28T13:27Z","OSBS.2018.26",,,"drag and flag",160,"N",0,0,0,,"NEON.DOC.014045vJ","ynlCDi/aRoeF6BxeXmk5TUsEOFhlSi+ySSVBZGaLz3U=",
"d0f4030f-f11d-469a-b6b1-f2c0ac3ad241","OSBS_048.tickPlot.tck","D03","OSBS","OSBS_048","distributed","evergreenForest",29.678818,-81.947790,"WGS84",20.2,36.8,0.4,"2018-06-28T15:05Z","OSBS.2018.26","OSBS_048.20180628","A00000004905","drag and flag",160,"Y",0,2,2,"No known compromise","NEON.DOC.014045vJ","ynlCDi/aRoeF6BxeXmk5TUsEOFhlSi+ySSVBZGaLz3U=",
"79e45253-63f4-4a46-a32a-f5ea11bfd708","OSBS_004.tickPlot.tck","D03","OSBS","OSBS_004","distributed","evergreenForest",29.683402,-81.960449,"WGS84",20.3,42.4,0.4,"2018-06-28T16:06Z","OSBS.2018.26",,,"drag",160,"N",0,0,0,,"NEON.DOC.014045vJ","ynlCDi/aRoeF6BxeXmk5TUsEOFhlSi+ySSVBZGaLz3U=",
"03bc98a7-2ac1-4bb3-a1a8-d6796064102a","OSBS_001.tickPlot.tck","D03","OSBS","OSBS_001","distributed","woodyWetlands",29.704063,-82.008061,"WGS84",20.3,34.4,0.3,"2018-06-28T17:24Z","OSBS.2018.26","OSBS_001.20180628","A00000004904","drag and flag",170,"Y",6,32,5,"No known compromise","NEON.DOC.014045vJ","ynlCDi/aRoeF6BxeXmk5TUsEOFhlSi+ySSVBZGaLz3U=",
