uid,namedLocation,plotID,collectDate,identifiedDate,sampleID,subsampleID,scientificName,acceptedTaxonID,taxonRank,family,subfamily,tribe,subtribe,genus,subgenus,specificEpithet,infraspecificEpithet,identificationQualifier,identificationReferences,identificationProtocolVersion,scientificNameAuthorship,sexOrAge,individualCount,sampleCondition,archiveMedium,archiveFacilityID,deprecatedVialID,identifiedBy,laboratoryName,remarks
"9da2f723-8ff2-4fb4-913e-99a03cca766a","OSBS_004.tickPlot.tck","OSBS_004","2018-06-07T17:19Z","2018-09-26T16:00Z","OSBS_004.20180607","OSBS_004.20180607.AMBAME.N","Amblyomma americanum","AMBAME","species","Ixodidae",,,,"Amblyomma",,"americanum",,,"Cooley, R. A. and G. M. Kohls. 1944. The genus Amblyomma (ixodidae) in the United States. The Journal of Parasitology, 30(2):77-111.","GSU_tickIdentification_SOP_2016-11-01.pdf","Linnaeus","Nymph",1,"OK","90% ethanol","USNMENT01482187",,"Lorenza Beati","Georgia Southern University",
"a2796196-155f-472a-9742-6ffe175c281a","OSBS_048.tickPlot.tck","OSBS_048","2018-06-07T18:11Z","2018-09-13T16:00Z","OSBS_048.20180607","OSBS_048.20180607.AMBAME.F","Amblyomma americanum","AMBAME","species","Ixodidae",,,,"Amblyomma",,"americanum",,,"Cooley, R. A. and G. M. Kohls. 1944. The genus Amblyomma (ixodidae) in the United States. The Journal of Parasitology, 30(2):77-111.","GSU_tickIdentification_SOP_2016-11-01.pdf","Linnaeus","Female",1,"OK","90% ethanol","USNMENT01482189",,"Arianna Gibbs","Georgia Southern University",
"a04da910-1020-46e7-98a0-1ca809a148e5","OSBS_048.tickPlot.tck","OSBS_048","2018-06-07T18:11Z","2018-09-26T16:00Z","OSBS_048.20180607","OSBS_048.20180607.AMBAME.N","Amblyomma americanum","AMBAME","species","Ixodidae",,,,"Amblyomma",,"americanum",,,"Cooley, R. A. and G. M. Kohls. 1944. The genus Amblyomma (ixodidae) in the United States. The Journal of Parasitology, 30(2):77-111.","GSU_tickIdentification_SOP_2016-11-01.pdf","Linnaeus","Nymph",1,"OK","90% ethanol","USNMENT01482188",,"Lorenza Beati","Georgia Southern University",
"69a1ce87-ae9f-4d45-8f13-70802588f147","OSBS_001.tickPlot.tck","OSBS_001","2018-06-07T19:42Z","2018-09-26T16:00Z","OSBS_001.20180607","OSBS_001.20180607.AMBAME.M","Amblyomma americanum","AMBAME","species","Ixodidae",,,,"Amblyomma",,"americanum",,,"Cooley, R. A. and G. M. Kohls. 1944. The genus Amblyomma (ixodidae) in the United States. The Journal of Parasitology, 30(2):77-111.","GSU_tickIdentification_SOP_2016-11-01.pdf","Linnaeus","Male",4,"OK","90% ethanol","USNMENT01482192",,"Lorenza Beati","Georgia Southern University",
"320abc48-a69e-42c0-a273-27ea041500ba","OSBS_001.tickPlot.tck","OSBS_001","2018-06-07T19:42Z","2018-09-26T16:00Z","OSBS_001.20180607","OSBS_001.20180607.AMBAME.N","Amblyomma americanum","AMBAME","species","Ixodidae",,,,"Amblyomma",,"americanum",,,"Cooley, R. A. and G. M. Kohls. 1944. The genus Amblyomma (ixodidae) in the United States. The Journal of Parasitology, 30(2):77-111.","GSU_tickIdentification_SOP_2016-11-01.pdf","Linnaeus","Nymph",22,"OK","90% ethanol","USNMENT01482190",,"Lorenza Beati","Georgia Southern University",
"71e9294b-ec60-4462-b451-8c7761202cfe","OSBS_001.tickPlot.tck","OSBS_001","2018-06-07T19:42Z","2018-09-13T16:00Z","OSBS_001.20180607","OSBS_001.20180607.AMBMAC.F","Amblyomma maculatum","AMBMAC","species","Ixodidae",,,,"Amblyomma",,"maculatum",,,"Cooley, R. A. and G. M. Kohls. 1944. The genus Amblyomma (ixodidae) in the United States. The Journal of Parasitology, 30(2):77-111.","GSU_tickIdentification_SOP_2016-11-01.pdf","Koch","Female",1,"OK","90% ethanol","USNMENT01482191",,"Arianna Gibbs","Georgia Southern University",
"c82a983e-c188-4de1-8273-ea27950b2853","OSBS_048.tickPlot.tck","OSBS_048","2018-06-28T15:05Z","2018-09-19T16:00Z","OSBS_048.20180628","OSBS_048.20180628.L","Ixodida sp.","IXOSP2","order",,,,,,,"sp.",,,,"GSU_tickIdentification_SOP_2016-11-01.pdf",,"Larva",2,"OK","90% ethanol","USNMENT01482214",,"Arianna Gibbs","Georgia Southern University",
"0997bad8-ed02-4918-854e-7eaa98b79a14","OSBS_048.tickPlot.tck","OSBS_048","2018-06-28T15:05Z","2018-09-26T16:00Z","OSBS_048.20180628","OSBS_048.20180628.AMBAME.N","Amblyomma americanum","AMBAME","species","Ixodidae",,,,"Amblyomma",,"americanum",,,"Cooley, R. A. and G. M. Kohls. 1944. The genus Amblyomma (ixodidae) in the United States. The Journal of Parasitology, 30(2):77-111.","GSU_tickIdentification_SOP_2016-11-01.pdf","Linnaeus","Nymph",2,"OK","90% ethanol","USNMENT01482213",,"Lorenza Beati","Georgia Southern University",
"e96948b3-e524-4dee-857a-4494c79ee2bf","OSBS_001.tickPlot.tck","OSBS_001","2018-06-28T17:24Z","2018-09-19T16:00Z","OSBS_001.20180628","OSBS_001.20180628.AMBAME.F","Amblyomma americanum","AMBAME","species","Ixodidae",,,,"Amblyomma",,"americanum",,,"Cooley, R. A. and G. M. Kohls. 1944. The genus Amblyomma (ixodidae) in the United States. The Journal of Parasitology, 30(2):77-111.","GSU_tickIdentification_SOP_2016-11-01.pdf","Linnaeus","Female",4,"OK","90% ethanol","USNMENT01482209",,"Arianna Gibbs","Georgia Southern University",
"596641e0-a032-4193-bca7-df16219ecbc0","OSBS_001.tickPlot.tck","OSBS_001","2018-06-28T17:24Z","2018-09-26T16:00Z","OSBS_001.20180628","OSBS_001.20180628.AMBAME.N","Amblyomma americanum","AMBAME","species","Ixodidae",,,,"Amblyomma",,"americanum",,,"Cooley, R. A. and G. M. Kohls. 1944. The genus Amblyomma (ixodidae) in the United States. The Journal of Parasitology, 30(2):77-111.","GSU_tickIdentification_SOP_2016-11-01.pdf","Linnaeus","Nymph",32,"OK","90% ethanol","USNMENT01482211",,"Lorenza Beati","Georgia Southern University",
"d96c22a5-68eb-4894-a30e-7726b9a2fce1","OSBS_001.tickPlot.tck","OSBS_001","2018-06-28T17:24Z","2018-09-19T16:00Z","OSBS_001.20180628","OSBS_001.20180628.AMBAME.M","Amblyomma americanum","AMBAME","species","Ixodidae",,,,"Amblyomma",,"americanum",,,"Cooley, R. A. and G. M. Kohls. 1944. The genus Amblyomma (ixodidae) in the United States. The Journal of Parasitology, 30(2):77-111.","GSU_tickIdentification_SOP_2016-11-01.pdf","Linnaeus","Male",2,"OK","90% ethanol","USNMENT01482210",,"Arianna Gibbs","Georgia Southern University",
"f6858184-3838-48c2-99fb-c4370e8e3f90","OSBS_001.tickPlot.tck","OSBS_001","2018-06-28T17:24Z","2018-09-19T16:00Z","OSBS_001.20180628","OSBS_001.20180628.L","Ixodida sp.","IXOSP2","order",,,,,,,"sp.",,,,"GSU_tickIdentification_SOP_2016-11-01.pdf",,"Larva",8,"OK","90% ethanol","USNMENT01482212",,"Arianna Gibbs","Georgia Southern University",
