uid,namedLocation,date,domainID,siteID,plotID,plotType,nlcdClass,decimalLatitude,decimalLongitude,geodeticDatum,coordinateUncertainty,easting,northing,utmZone,elevation,elevationUncertainty,eventID,samplingProtocolVersion,treesPresent,treesAbsentList,shrubsPresent,shrubsAbsentList,lianasPresent,lianasAbsentList,nestedSubplotAreaShrubSapling,nestedSubplotAreaLiana,totalSampledAreaTrees,totalSampledAreaShrubSapling,totalSampledAreaLiana,remarks,measuredBy,recordedBy,dataQF
"9b793651-c67f-43a8-8326-357f6a3d49b2","DEJU_010.basePlot.vst","2016-08-02","D19","DEJU","DEJU_010","distributed","shrubScrub",63.937523,-145.751463,"WGS84",20.1,561202.00,7090651.27,"6N",444.4,0.1,"vst_DEJU_2016","NEON.DOC.000987vF",,,,,,,"10","noneSelected",400,80,400,,"jWX8R8ReoxJFrY+DgVUlBQhuD+toSUWj0ebWbUVDxUk=","B5gK1LhWHHoCNP5ojZ7H35VcUg/XF0oiX67UYqY2lLc=",
"e64a5363-2f62-44ee-a21a-3ed05519e915","DEJU_055.basePlot.vst","2016-08-04","D19","DEJU","DEJU_055","tower","evergreenForest",63.876147,-145.756002,"WGS84",20.1,561112.88,7083808.70,"6N",517.4,0.1,"vst_DEJU_2016","NEON.DOC.000987vF","Y",,"Y",,"N",,"10","noneSelected",800,40,800,,"jWX8R8ReoxJFrY+DgVUlBQhuD+toSUWj0ebWbUVDxUk=","A9DxmZI2YtSGhBpBABwa9NKj1yVe8Wnq",
"309159ab-ce12-4399-b14c-3216e0f2f155","DEJU_003.basePlot.vst","2016-08-15","D19","DEJU","DEJU_003","distributed","shrubScrub",63.930794,-145.751133,"WGS84",20.1,561232.85,7089901.87,"6N",450.1,0.1,"vst_DEJU_2016","NEON.DOC.000987vF",,,,,,,"10","noneSelected",400,80,400,,"jWX8R8ReoxJFrY+DgVUlBQhuD+toSUWj0ebWbUVDxUk=","8sqgesUUCbyw7VYAarqGQUYzvsixPsaZAjBRFGFcfmE=",
"a090257c-d93d-4d58-bf93-7b9ae0601678","DEJU_023.basePlot.vst","2016-08-15","D19","DEJU","DEJU_023","distributed","evergreenForest",63.934644,-145.761389,"WGS84",20.1,560721.71,7090321.01,"6N",451.7,0.1,"vst_DEJU_2016","NEON.DOC.000987vF","Y",,"Y",,"N",,"10","noneSelected",400,80,400,,"B5gK1LhWHHoCNP5ojZ7H35VcUg/XF0oiX67UYqY2lLc=","vFz513UarrPtX5jtNkgZfzdWCB1a2UwB",
"3f05642d-6a6b-4e3a-81cc-3d0a373ab6e0","DEJU_004.basePlot.vst","2016-08-15","D19","DEJU","DEJU_004","distributed","shrubScrub",63.912331,-145.766038,"WGS84",20.1,560541.92,7087830.58,"6N",468.4,0.1,"vst_DEJU_2016","NEON.DOC.000987vF",,,,,,,"10","noneSelected",400,80,400,,"jWX8R8ReoxJFrY+DgVUlBQhuD+toSUWj0ebWbUVDxUk=","B5gK1LhWHHoCNP5ojZ7H35VcUg/XF0oiX67UYqY2lLc=",
"757a47e9-c338-456b-afe0-fd178c18b021","DEJU_008.basePlot.vst","2016-08-17","D19","DEJU","DEJU_008","distributed","shrubScrub",63.897474,-145.761176,"WGS84",20.1,560812.59,7086179.90,"6N",484.6,0.1,"vst_DEJU_2016","NEON.DOC.000987vF","Y",,"Y",,"N",,"10","noneSelected",400,80,400,,"B5gK1LhWHHoCNP5ojZ7H35VcUg/XF0oiX67UYqY2lLc=","qBekAeYD7Kwk15Nx0gP8YaLK4tvVZxs8",
"87df38fa-d732-4ba2-85be-89d75d80ef4e","DEJU_005.basePlot.vst","2016-08-17","D19","DEJU","DEJU_005","distributed","shrubScrub",63.896876,-145.753860,"WGS84",20.1,561172.99,7086120.27,"6N",484.2,0.1,"vst_DEJU_2016","NEON.DOC.000987vF",,,,,,,"10","noneSelected",400,80,400,,"jWX8R8ReoxJFrY+DgVUlBQhuD+toSUWj0ebWbUVDxUk=","vFz513UarrPtX5jtNkgZfzdWCB1a2UwB",
"873c1944-978b-4542-9b24-315bacc09b90","DEJU_019.basePlot.vst","2016-08-17","D19","DEJU","DEJU_019","distributed","evergreenForest",63.891194,-145.751050,"WGS84",20.1,561323.31,7085489.91,"6N",491.7,0.1,"vst_DEJU_2016","NEON.DOC.000987vF","Y",,"Y",,"N",,"10","noneSelected",400,80,400,,"jWX8R8ReoxKHrAOY+KMtUi+D6q73rNDR","vFz513UarrPtX5jtNkgZfzdWCB1a2UwB",
"4a945938-7683-46ee-b7a3-c348f8e29106","DEJU_001.basePlot.vst","2016-08-18","D19","DEJU","DEJU_001","distributed","shrubScrub",63.892440,-145.769965,"WGS84",20.1,560392.00,7085610.69,"6N",494.9,0.1,"vst_DEJU_2016","NEON.DOC.000987vF","Y",,"Y",,"N",,"10","noneSelected",400,80,400,,"SokTyoGA+6APyZfSnvtpvrHO0m90CZaI","A9DxmZI2YtSGhBpBABwa9NKj1yVe8Wnq",
"c285f0ce-1bda-474a-99d9-b013a2119fdd","DEJU_053.basePlot.vst","2016-08-22","D19","DEJU","DEJU_053","tower","evergreenForest",63.881614,-145.763712,"WGS84",20.1,560722.35,7084410.44,"6N",511.4,0.1,"vst_DEJU_2016","NEON.DOC.000987vF","Y",,"Y",,"N",,"10","noneSelected",800,40,800,,"B5gK1LhWHHoCNP5ojZ7H35VcUg/XF0oiX67UYqY2lLc=","rwLvYLhtocoLtnp2nQNBSTyRLeMuOpB2YiOiwXcbMoU=",
"f7c14825-e0f3-405b-bd53-b117ded8916e","DEJU_062.basePlot.vst","2016-08-22","D19","DEJU","DEJU_062","tower","evergreenForest",63.880191,-145.753398,"WGS84",20.1,561231.99,7084261.75,"6N",507.8,0.1,"vst_DEJU_2016","NEON.DOC.000987vF","Y",,"Y",,"N",,"10","noneSelected",800,40,800,,"jWX8R8ReoxJFrY+DgVUlBQhuD+toSUWj0ebWbUVDxUk=","qBekAeYD7Kwk15Nx0gP8YaLK4tvVZxs8",
"c2606479-1672-47c9-b2f2-58c4fad4e0ea","DEJU_050.basePlot.vst","2016-08-22","D19","DEJU","DEJU_050","tower","evergreenForest",63.880773,-145.757613,"WGS84",20.1,561023.71,7084322.56,"6N",509.1,0.1,"vst_DEJU_2016","NEON.DOC.000987vF","Y",,"Y",,"N",,"10","noneSelected",800,40,800,,"jWX8R8ReoxJFrY+DgVUlBQhuD+toSUWj0ebWbUVDxUk=","qBekAeYD7Kwk15Nx0gP8YaLK4tvVZxs8",
"70e07cd0-39c0-4534-8f82-6a2b51edc1fc","DEJU_059.basePlot.vst","2016-08-22","D19","DEJU","DEJU_059","tower","evergreenForest",63.881314,-145.760666,"WGS84",20.1,560872.60,7084379.92,"6N",509.5,0.1,"vst_DEJU_2016","NEON.DOC.000987vF","Y",,"Y",,"N",,"10","noneSelected",800,40,800,,"jWX8R8ReoxJFrY+DgVUlBQhuD+toSUWj0ebWbUVDxUk=","A9DxmZI2YtSGhBpBABwa9NKj1yVe8Wnq",
"f5eebfd4-a751-4495-938d-81e6f1653f77","DEJU_046.basePlot.vst","2016-08-23","D19","DEJU","DEJU_046","tower","evergreenForest",63.877756,-145.753497,"WGS84",20.1,561232.43,7083990.37,"6N",511.7,0.1,"vst_DEJU_2016","NEON.DOC.000987vF","Y",,"Y",,"N",,"10","noneSelected",800,40,800,,"jWX8R8ReoxJFrY+DgVUlBQhuD+toSUWj0ebWbUVDxUk=","A9DxmZI2YtSGhBpBABwa9NKj1yVe8Wnq",
"0a0f4fa3-f6e1-4319-ba00-c989569a7196","DEJU_063.basePlot.vst","2016-08-23","D19","DEJU","DEJU_063","tower","evergreenForest",63.877252,-145.756557,"WGS84",20.1,561083.22,7083931.28,"6N",513.3,0.1,"vst_DEJU_2016","NEON.DOC.000987vF","Y",,"Y",,"N",,"10","noneSelected",800,40,800,,"jWX8R8ReoxJFrY+DgVUlBQhuD+toSUWj0ebWbUVDxUk=","A9DxmZI2YtSGhBpBABwa9NKj1yVe8Wnq",
"85f703e4-b9ab-437f-831c-7781ff79e6df","DEJU_048.basePlot.vst","2016-08-23","D19","DEJU","DEJU_048","tower","evergreenForest",63.881243,-145.753351,"WGS84",20.1,561232.01,7084379.01,"6N",506.8,0.1,"vst_DEJU_2016","NEON.DOC.000987vF","Y",,"N",,"N",,"10","noneSelected",800,40,800,,"jWX8R8ReoxJFrY+DgVUlBQhuD+toSUWj0ebWbUVDxUk=","A9DxmZI2YtSGhBpBABwa9NKj1yVe8Wnq",
"9cecc473-592e-480e-9d68-2dbe459f5501","DEJU_064.basePlot.vst","2016-08-23","D19","DEJU","DEJU_064","tower","evergreenForest",63.880240,-145.759480,"WGS84",20.1,560933.17,7084261.39,"6N",510.8,0.1,"vst_DEJU_2016","NEON.DOC.000987vF","Y",,"Y",,"N",,"10","noneSelected",800,40,800,,"B5gK1LhWHHoCNP5ojZ7H35VcUg/XF0oiX67UYqY2lLc=","rwLvYLhtocoLtnp2nQNBSTyRLeMuOpB2YiOiwXcbMoU=",
"1357b60f-8a35-45f4-bdff-c319a471aa62","DEJU_051.basePlot.vst","2016-08-23","D19","DEJU","DEJU_051","tower","evergreenForest",63.878314,-145.756523,"WGS84",20.1,561082.58,7084049.63,"6N",511.9,0.1,"vst_DEJU_2016","NEON.DOC.000987vF","Y",,"Y",,"N",,"10","noneSelected",800,40,800,,"jWX8R8ReoxJFrY+DgVUlBQhuD+toSUWj0ebWbUVDxUk=","A9DxmZI2YtSGhBpBABwa9NKj1yVe8Wnq",
"c86c5584-fa88-4218-9d9d-1d64771f5aff","DEJU_054.basePlot.vst","2016-08-23","D19","DEJU","DEJU_054","tower","evergreenForest",63.878098,-145.761422,"WGS84",20.1,560842.42,7084020.89,"6N",514.6,0.1,"vst_DEJU_2016","NEON.DOC.000987vF","Y",,"Y",,"N",,"10","noneSelected",800,40,800,,"B5gK1LhWHHoCNP5ojZ7H35VcUg/XF0oiX67UYqY2lLc=","rwLvYLhtocoLtnp2nQNBSTyRLeMuOpB2YiOiwXcbMoU=",
"af4cd18b-8112-4299-a905-d02b047284ef","DEJU_045.basePlot.vst","2016-08-23","D19","DEJU","DEJU_045","tower","shrubScrub",63.880889,-145.742977,"WGS84",20.1,561742.28,7084349.56,"6N",509.1,0.1,"vst_DEJU_2016","NEON.DOC.000987vF",,,,,,,"25","noneSelected",800,100,800,,"jWX8R8ReoxJFrY+DgVUlBQhuD+toSUWj0ebWbUVDxUk=","rwLvYLhtocpzepToCilDQ8bTZFfMb3L7G6Pd/8PaUIA=",
"f9b8bc28-b621-43ca-a1eb-0e5debda637e","DEJU_057.basePlot.vst","2016-08-24","D19","DEJU","DEJU_057","tower","shrubScrub",63.878472,-145.741240,"WGS84",20.1,561832.90,7084081.96,"6N",511.0,0.1,"vst_DEJU_2016","NEON.DOC.000987vF","Y",,"Y",,"N",,"10","noneSelected",800,40,800,,"jWX8R8ReoxJFrY+DgVUlBQhuD+toSUWj0ebWbUVDxUk=","rwLvYLhtocoLtnp2nQNBSTyRLeMuOpB2YiOiwXcbMoU=",
"af2ae935-95a9-443c-9cc3-cc90cfcd21d2","DEJU_052.basePlot.vst","2016-08-24","D19","DEJU","DEJU_052","tower","evergreenForest",63.881972,-145.742293,"WGS84",20.1,561773.49,7084470.89,"6N",507.6,0.1,"vst_DEJU_2016","NEON.DOC.000987vF","Y",,"Y",,"N",,"10","noneSelected",800,40,800,,"B5gK1LhWHHp9Z0QBZTqVgC9whgpKqfPBM276tutrwzA=","qBekAeYD7Kwk15Nx0gP8YaLK4tvVZxs8",
"f5a2e83a-0676-4ba5-9701-ebd82916221a","DEJU_056.basePlot.vst","2016-08-24","D19","DEJU","DEJU_056","tower","evergreenForest",63.881203,-145.746585,"WGS84",20.1,561564.39,7084381.06,"6N",508.3,0.1,"vst_DEJU_2016","NEON.DOC.000987vF","Y",,"N",,"N",,"10","noneSelected",800,40,800,,"B5gK1LhWHHoCNP5ojZ7H35VcUg/XF0oiX67UYqY2lLc=","qBekAeYD7Kwk15Nx0gP8YaLK4tvVZxs8",
"6c67d847-ad62-42de-956d-950f8aa9182c","DEJU_061.basePlot.vst","2016-08-24","D19","DEJU","DEJU_061","tower","evergreenForest",63.879290,-145.744879,"WGS84",20.1,561652.37,7084169.57,"6N",511.1,0.1,"vst_DEJU_2016","NEON.DOC.000987vF","Y",,"Y",,"N",,"25","noneSelected",800,100,800,,"B5gK1LhWHHp9Z0QBZTqVgC9whgpKqfPBM276tutrwzA=","rwLvYLhtocpzepToCilDQ8bTZFfMb3L7G6Pd/8PaUIA=",
"e188a507-55a2-473f-9049-b17d17408d15","DEJU_058.basePlot.vst","2016-08-24","D19","DEJU","DEJU_058","tower","evergreenForest",63.876998,-145.759013,"WGS84",20.1,560963.13,7083900.63,"6N",514.8,0.2,"vst_DEJU_2016","NEON.DOC.000987vF","Y",,"Y",,"N",,"10","noneSelected",800,40,800,,"B5gK1LhWHHp9Z0QBZTqVgC9whgpKqfPBM276tutrwzA=","rwLvYLhtocoLtnp2nQNBSTyRLeMuOpB2YiOiwXcbMoU=",
"458ba64c-5b6a-4b9e-8c3a-19fe968af1ae","DEJU_060.basePlot.vst","2016-08-24","D19","DEJU","DEJU_060","tower","evergreenForest",63.879100,-145.754647,"WGS84",20.1,561173.02,7084139.00,"6N",510.0,0.1,"vst_DEJU_2016","NEON.DOC.000987vE","Y",,"N",,"N",,"10","noneSelected",800,40,800,,"B5gK1LhWHHoCNP5ojZ7H35VcUg/XF0oiX67UYqY2lLc=","qBekAeYD7Kwk15Nx0gP8YaLK4tvVZxs8",
