uid,namedLocation,domainID,siteID,plotID,plotType,nlcdClass,decimalLatitude,decimalLongitude,geodeticDatum,coordinateUncertainty,elevation,elevationUncertainty,collectDate,eventID,sampleID,sampleCode,samplingMethod,totalSampledArea,targetTaxaPresent,adultCount,nymphCount,larvaCount,sampleCondition,samplingProtocolVersion,measuredBy,remarks
"2ae03d01-3919-4bac-bd44-616f935084e8","UNDE_013.tickPlot.tck","D05","UNDE","UNDE_013","distributed","deciduousForest",46.227776,-89.535166,"WGS84",20.2,510.3,0.3,"2016-10-04T13:40Z","UNDE.2016.40",,,"drag and flag",158,"N",0,0,0,"No known compromise","NEON.DOC.014045vG","HRQ2qSmGm8w8Hpt9UYCeWTEDSajtVjQn",
"373fd536-c633-44e1-990c-d99a12ccaf4d","UNDE_002.tickPlot.tck","D05","UNDE","UNDE_002","distributed","woodyWetlands",46.242285,-89.543255,"WGS84",20.3,506.2,0.4,"2016-10-04T14:43Z","UNDE.2016.40",,,"drag and flag",144,"N",0,0,0,"No known compromise","NEON.DOC.014045vG","HRQ2qSmGm8w8Hpt9UYCeWTEDSajtVjQn",
"776a979a-b53f-48fe-aab3-87259a41a8a8","UNDE_019.tickPlot.tck","D05","UNDE","UNDE_019","distributed","deciduousForest",46.257425,-89.542054,"WGS84",20.2,519.0,0.2,"2016-10-04T16:06Z","UNDE.2016.40",,,"drag and flag",160,"N",0,0,0,"No known compromise","NEON.DOC.014045vG","HRQ2qSmGm8w8Hpt9UYCeWTEDSajtVjQn",
"398f328f-33ec-4be5-b03c-adcf838b5ecd","UNDE_999.tickPlot.tck","D05","UNDE","UNDE_999","distributed","woodyWetlands",46.256243,-89.534200,"WGS84",20.2,507.1,0.3,"2016-10-04T17:56Z","UNDE.2016.40",,,"drag and flag",161,"N",0,0,0,"No known compromise","NEON.DOC.014045vG","HRQ2qSmGm8w8Hpt9UYCeWTEDSajtVjQn",
"fb77fbe8-7a52-406e-91fc-e8910f8d2084","UNDE_017.tickPlot.tck","D05","UNDE","UNDE_017","distributed","mixedForest",46.236736,-89.497054,"WGS84",20.1,518.8,0.2,"2016-10-04T19:30Z","UNDE.2016.40",,,"flag",156,"N",0,0,0,"No known compromise","NEON.DOC.014045vG","HRQ2qSmGm8w8Hpt9UYCeWTEDSajtVjQn",
"0808ac7d-fecb-470f-81eb-45fbd40175e6","UNDE_011.tickPlot.tck","D05","UNDE","UNDE_011","distributed","woodyWetlands",46.213935,-89.505950,"WGS84",20.3,507.7,0.4,"2016-10-04T20:31Z","UNDE.2016.40",,,"drag and flag",122,"N",0,0,0,"No known compromise","NEON.DOC.014045vG","HRQ2qSmGm8w8Hpt9UYCeWTEDSajtVjQn",
"c90a804a-65db-47a3-8291-18b391e08762","UNDE_013.tickPlot.tck","D05","UNDE","UNDE_013","distributed","deciduousForest",46.227776,-89.535166,"WGS84",20.2,510.3,0.3,"2016-10-19T18:26Z","UNDE.2016.42",,,"drag and flag",160,"N",0,0,0,"No known compromise","NEON.DOC.014045vG","mhETSfOccVbhrLaqJSEZJxYSRd2RTZ13",
"d05a2104-1201-42f8-9eb3-20d4486efede","UNDE_002.tickPlot.tck","D05","UNDE","UNDE_002","distributed","woodyWetlands",46.242285,-89.543255,"WGS84",20.3,506.2,0.4,"2016-10-19T19:23Z","UNDE.2016.42",,,"drag and flag",139,"N",0,0,0,"No known compromise","NEON.DOC.014045vG","mhETSfOccVbhrLaqJSEZJxYSRd2RTZ13",
"9b6f685f-e625-4ca9-9d0c-6f6e4894b6cc","UNDE_019.tickPlot.tck","D05","UNDE","UNDE_019","distributed","deciduousForest",46.257425,-89.542054,"WGS84",20.2,519.0,0.2,"2016-10-19T20:45Z","UNDE.2016.42",,,"drag and flag",160,"N",0,0,0,"No known compromise","NEON.DOC.014045vG","mhETSfOccVbhrLaqJSEZJxYSRd2RTZ13",
"8638e733-a305-48ee-8659-054011f1ccc7","UNDE_999.tickPlot.tck","D05","UNDE","UNDE_999","distributed","woodyWetlands",46.256243,-89.534200,"WGS84",20.2,507.1,0.3,"2016-10-20T15:51Z","UNDE.2016.42",,,"drag and flag",154,"N",0,0,0,"No known compromise","NEON.DOC.014045vG","WXmC7HijdM2NsP75v+4sQyVqwIMmMBb8",
"24920950-990f-4e34-adfb-b146c2ff4eaf","UNDE_017.tickPlot.tck","D05","UNDE","UNDE_017","distributed","mixedForest",46.236736,-89.497054,"WGS84",20.1,518.8,0.2,"2016-10-20T17:10Z","UNDE.2016.42",,,"drag and flag",154,"N",0,0,0,"No known compromise","NEON.DOC.014045vG","WXmC7HijdM2NsP75v+4sQyVqwIMmMBb8",
"593387c5-a832-492b-b526-bb4dace6a474","UNDE_011.tickPlot.tck","D05","UNDE","UNDE_011","distributed","woodyWetlands",46.213935,-89.505950,"WGS84",20.3,507.7,0.4,"2016-10-20T18:04Z","UNDE.2016.42",,,"drag and flag",106,"N",0,0,0,"No known compromise","NEON.DOC.014045vG","WXmC7HijdM2NsP75v+4sQyVqwIMmMBb8",
