uid,namedLocation,plotID,collectDate,identifiedDate,sampleID,subsampleID,scientificName,acceptedTaxonID,taxonRank,family,subfamily,tribe,subtribe,genus,subgenus,specificEpithet,infraspecificEpithet,identificationQualifier,identificationReferences,identificationProtocolVersion,scientificNameAuthorship,sexOrAge,individualCount,sampleCondition,archiveMedium,archiveFacilityID,deprecatedVialID,identifiedBy,laboratoryName,remarks
"965c9347-fd0b-413a-ba68-ffaa02867b51","SCBI_007.tickPlot.tck","SCBI_007","2016-06-20T13:16Z","2017-05-18T16:00Z","SCBI_007.20160620","SCBI_007.20160620.DERVAR.F","Dermacentor variabilis","DERVAR","species","Ixodidae",,,,"Dermacentor",,"variabilis",,,"Yunker, C. E., Keirans, J. E., Clifford, C. M., and E. R. Easton. 1986. Dermacentor ticks (Acari: Ixodoidea: Ixodidae) of the New World: a scanning electron microscope atlas. Proceedings of the Entomological Society of Washington, 88(4):609-627.","GSU_tickIdentification_SOP_2016-11-01.pdf","Say","Female",1,"OK","RNA stabilization buffer","USNMENT00984266","SCBI_007.20160620.1.DERVAR.F","Lorenza Beati","Georgia Southern University",
"634b2257-3a98-43e8-a885-5cc4b6ad6893","SCBI_007.tickPlot.tck","SCBI_007","2016-06-20T13:16Z","2017-05-18T16:00Z","SCBI_007.20160620","SCBI_007.20160620.IXOSCA.N","Ixodes scapularis","IXOSCA","species","Ixodidae",,,,"Ixodes",,"scapularis",,,"Cooley, R. A. and G. M. Kohls. 1945. The genus Ixodes in North America. National Institute of Health Bulletin, 184.","GSU_tickIdentification_SOP_2016-11-01.pdf","Say","Nymph",5,"OK","RNA stabilization buffer","USNMENT00984264","SCBI_007.20160620.1.IXOSCA.N","Guy Hobbs","Georgia Southern University",
"3d4a69ed-0bce-4423-b1c2-21a70b20353a","SCBI_007.tickPlot.tck","SCBI_007","2016-06-20T13:16Z","2017-05-18T16:00Z","SCBI_007.20160620","SCBI_007.20160620.AMBAME.N","Amblyomma americanum","AMBAME","species","Ixodidae",,,,"Amblyomma",,"americanum",,,"Cooley, R. A. and G. M. Kohls. 1944. The genus Amblyomma (ixodidae) in the United States. The Journal of Parasitology, 30(2):77-111.","GSU_tickIdentification_SOP_2016-11-01.pdf","Linnaeus","Nymph",2,"OK","RNA stabilization buffer","USNMENT00864642","SCBI_007.20160620.1.AMBAME.N","Lorenza Beati","Georgia Southern University",
"fd2d9038-63ba-45d0-af5d-54b70a6a539d","SCBI_007.tickPlot.tck","SCBI_007","2016-06-20T13:16Z","2017-04-09T16:00Z","SCBI_007.20160620","SCBI_007.20160620.DERVAR.M","Dermacentor variabilis","DERVAR","species","Ixodidae",,,,"Dermacentor",,"variabilis",,,"Yunker, C. E., Keirans, J. E., Clifford, C. M., and E. R. Easton. 1986. Dermacentor ticks (Acari: Ixodoidea: Ixodidae) of the New World: a scanning electron microscope atlas. Proceedings of the Entomological Society of Washington, 88(4):609-627.","GSU_tickIdentification_SOP_2016-11-01.pdf","Say","Male",1,"OK","RNA stabilization buffer","USNMENT00984265","SCBI_007.20160620.1.DERVAR.M","Guy Hobbs","Georgia Southern University",
"7baf76c6-3dbf-4d10-b02e-369157b22160","SCBI_002.tickPlot.tck","SCBI_002","2016-06-20T14:29Z","2017-05-18T16:00Z","SCBI_002.20160620","SCBI_002.20160620.IXOSCA.N","Ixodes scapularis","IXOSCA","species","Ixodidae",,,,"Ixodes",,"scapularis",,,"Cooley, R. A. and G. M. Kohls. 1945. The genus Ixodes in North America. National Institute of Health Bulletin, 184.","GSU_tickIdentification_SOP_2016-11-01.pdf","Say","Nymph",6,"OK","RNA stabilization buffer","USNMENT00984263","SCBI_002.20160620.1.IXOSCA.N","Lorenza Beati","Georgia Southern University",
"f2c82998-cc5c-4fed-bb64-ba7ef3324119","SCBI_039.tickPlot.tck","SCBI_039","2016-06-20T16:46Z","2017-05-18T16:00Z","SCBI_039.20160620","SCBI_039.20160620.AMBAME.N","Amblyomma americanum","AMBAME","species","Ixodidae",,,,"Amblyomma",,"americanum",,,"Cooley, R. A. and G. M. Kohls. 1944. The genus Amblyomma (ixodidae) in the United States. The Journal of Parasitology, 30(2):77-111.","GSU_tickIdentification_SOP_2016-11-01.pdf","Linnaeus","Nymph",1,"OK","RNA stabilization buffer","USNMENT00984272","SCBI_039.20160620.1.AMBAME.N","Lorenza Beati","Georgia Southern University",
"8957d225-8cdb-4be5-82b9-c6158c526cf9","SCBI_039.tickPlot.tck","SCBI_039","2016-06-20T16:46Z","2017-05-19T16:00Z","SCBI_039.20160620","SCBI_039.20160620.DERVAR.M","Dermacentor variabilis","DERVAR","species","Ixodidae",,,,"Dermacentor",,"variabilis",,,"Yunker, C. E., Keirans, J. E., Clifford, C. M., and E. R. Easton. 1986. Dermacentor ticks (Acari: Ixodoidea: Ixodidae) of the New World: a scanning electron microscope atlas. Proceedings of the Entomological Society of Washington, 88(4):609-627.","GSU_tickIdentification_SOP_2016-11-01.pdf","Say","Male",1,"OK","RNA stabilization buffer","USNMENT00984273","SCBI_039.20160620.1.DERVAR.M","Lorenza Beati","Georgia Southern University",
"2203f0d7-9286-49e9-be2d-1e05baf2fe67","SCBI_005.tickPlot.tck","SCBI_005","2016-06-20T17:56Z","2017-04-09T16:00Z","SCBI_005.20160620","SCBI_005.20160620.DERVAR.F","Dermacentor variabilis","DERVAR","species","Ixodidae",,,,"Dermacentor",,"variabilis",,,"Yunker, C. E., Keirans, J. E., Clifford, C. M., and E. R. Easton. 1986. Dermacentor ticks (Acari: Ixodoidea: Ixodidae) of the New World: a scanning electron microscope atlas. Proceedings of the Entomological Society of Washington, 88(4):609-627.","GSU_tickIdentification_SOP_2016-11-01.pdf","Say","Female",1,"OK","RNA stabilization buffer","USNMENT00984268","SCBI_005.20160620.1.DERVAR.F","Guy Hobbs","Georgia Southern University",
"987bc280-024c-4ee2-97c6-5e968cb91573","SCBI_005.tickPlot.tck","SCBI_005","2016-06-20T17:56Z","2017-05-18T16:00Z","SCBI_005.20160620","SCBI_005.20160620.AMBAME.N","Amblyomma americanum","AMBAME","species","Ixodidae",,,,"Amblyomma",,"americanum",,,"Cooley, R. A. and G. M. Kohls. 1944. The genus Amblyomma (ixodidae) in the United States. The Journal of Parasitology, 30(2):77-111.","GSU_tickIdentification_SOP_2016-11-01.pdf","Linnaeus","Nymph",2,"OK","RNA stabilization buffer","USNMENT00984267","SCBI_005.20160620.1.AMBAME.N","Lorenza Beati","Georgia Southern University",
"e7d5427b-7c5d-4f1a-b4b3-8566678bae53","SCBI_013.tickPlot.tck","SCBI_013","2016-06-22T16:58Z","2017-04-09T16:00Z","SCBI_013.20160622","SCBI_013.20160622.DERVAR.F","Dermacentor variabilis","DERVAR","species","Ixodidae",,,,"Dermacentor",,"variabilis",,,"Yunker, C. E., Keirans, J. E., Clifford, C. M., and E. R. Easton. 1986. Dermacentor ticks (Acari: Ixodoidea: Ixodidae) of the New World: a scanning electron microscope atlas. Proceedings of the Entomological Society of Washington, 88(4):609-627.","GSU_tickIdentification_SOP_2016-11-01.pdf","Say","Female",1,"OK","RNA stabilization buffer","USNMENT00984270","SCBI_013.20160622.1.DERVAR.F","Guy Hobbs","Georgia Southern University",
"8129fe34-7c83-40b3-a949-3b93f8d00d87","SCBI_013.tickPlot.tck","SCBI_013","2016-06-22T16:58Z","2017-05-18T16:00Z","SCBI_013.20160622","SCBI_013.20160622.AMBAME.F","Amblyomma americanum","AMBAME","species","Ixodidae",,,,"Amblyomma",,"americanum",,,"Cooley, R. A. and G. M. Kohls. 1944. The genus Amblyomma (ixodidae) in the United States. The Journal of Parasitology, 30(2):77-111.","GSU_tickIdentification_SOP_2016-11-01.pdf","Linnaeus","Female",1,"OK","RNA stabilization buffer","USNMENT00984271","SCBI_013.20160622.1.AMBAME.F","Lorenza Beati","Georgia Southern University",
"c66a4611-bdfa-4ecd-950d-2f876050f49b","SCBI_013.tickPlot.tck","SCBI_013","2016-06-22T16:58Z","2017-05-18T16:00Z","SCBI_013.20160622","SCBI_013.20160622.IXOSCA.N","Ixodes scapularis","IXOSCA","species","Ixodidae",,,,"Ixodes",,"scapularis",,,"Cooley, R. A. and G. M. Kohls. 1945. The genus Ixodes in North America. National Institute of Health Bulletin, 184.","GSU_tickIdentification_SOP_2016-11-01.pdf","Say","Nymph",29,"OK","RNA stabilization buffer","USNMENT00984269","SCBI_013.20160622.1.IXOSCA.N","Lorenza Beati","Georgia Southern University",
"1a2781b4-60a3-4f71-82a6-1fa63eeefd2b","SCBI_013.tickPlot.tck","SCBI_013","2016-06-22T16:58Z","2017-05-18T16:00Z","SCBI_013.20160622","SCBI_013.20160622.AMBAME.N","Amblyomma americanum","AMBAME","species","Ixodidae",,,,"Amblyomma",,"americanum",,,"Cooley, R. A. and G. M. Kohls. 1944. The genus Amblyomma (ixodidae) in the United States. The Journal of Parasitology, 30(2):77-111.","GSU_tickIdentification_SOP_2016-11-01.pdf","Linnaeus","Nymph",3,"OK","RNA stabilization buffer","USNMENT00864649","SCBI_013.20160622.1.AMBAME.N","Lorenza Beati","Georgia Southern University",
