uid,namedLocation,domainID,siteID,plotID,plotType,nlcdClass,decimalLatitude,decimalLongitude,geodeticDatum,coordinateUncertainty,elevation,elevationUncertainty,collectDate,eventID,sampleID,sampleCode,samplingMethod,totalSampledArea,targetTaxaPresent,adultCount,nymphCount,larvaCount,sampleCondition,samplingProtocolVersion,measuredBy,remarks
"31d28f09-edbe-4270-b1db-bd50df851cc1","ONAQ_011.tickPlot.tck","D15","ONAQ","ONAQ_011","distributed","shrubScrub",40.152051,-112.455478,"WGS84",20.1,1617.0,0.1,"2017-03-16T15:05Z","ONAQ.2017.11","ONAQ_011.20170316",,"drag and flag",164,"Y",1,0,0,"No known compromise","NEON.DOC.014045vG","A/RRczOckiFbJrdMEJZwjJHC/MRxlxtigTsfvXI6kYE=",
"d8953ed7-35f3-4c81-ac06-3a1baa503517","ONAQ_009.tickPlot.tck","D15","ONAQ","ONAQ_009","distributed","shrubScrub",40.160581,-112.469377,"WGS84",20.1,1668.8,0.1,"2017-03-16T16:17Z","ONAQ.2017.11",,,"drag and flag",160,"N",0,0,0,"No known compromise","NEON.DOC.014045vG","9G96sOZHreW1zLx1Wn5Z/CXf862Qa/Lm",
"6dfe6711-05c0-4b8f-b5db-beed299188a7","ONAQ_023.tickPlot.tck","D15","ONAQ","ONAQ_023","distributed","evergreenForest",40.193985,-112.507206,"WGS84",20.1,1860.6,0.1,"2017-03-16T17:27Z","ONAQ.2017.11",,,"drag and flag",172,"N",0,0,0,"No known compromise","NEON.DOC.014045vG","9G96sOZHreW1zLx1Wn5Z/CXf862Qa/Lm",
"ed325e4e-515f-4c9a-853f-b825966c0183","ONAQ_004.tickPlot.tck","D15","ONAQ","ONAQ_004","distributed","shrubScrub",40.187291,-112.471870,"WGS84",,1710.4,,"2017-03-16T18:28Z","ONAQ.2017.11",,,"drag and flag",162,"N",0,0,0,"No known compromise","NEON.DOC.014045vG","9G96sOZHreW1zLx1Wn5Z/CXf862Qa/Lm",
"27063da7-29ab-4e79-aa9a-9f713e84989c","ONAQ_016.tickPlot.tck","D15","ONAQ","ONAQ_016","distributed","shrubScrub",40.175449,-112.444448,"WGS84",20.1,1635.3,0.1,"2017-03-16T19:16Z","ONAQ.2017.11",,,"drag and flag",160,"N",0,0,0,"No known compromise","NEON.DOC.014045vG","A/RRczOckiFbJrdMEJZwjJHC/MRxlxtigTsfvXI6kYE=",
"2057359a-b253-4295-add0-1e291cce1c20","ONAQ_005.tickPlot.tck","D15","ONAQ","ONAQ_005","distributed","shrubScrub",40.181926,-112.432741,"WGS84",20.1,1617.2,0.1,"2017-03-16T20:11Z","ONAQ.2017.11",,,"drag and flag",162,"N",0,0,0,"No known compromise","NEON.DOC.014045vG","9G96sOZHreW1zLx1Wn5Z/CXf862Qa/Lm",
