uid,namedLocation,date,eventID,domainID,siteID,plotID,subplotID,individualID,tagStatus,growthForm,plantStatus,stemDiameter,measurementHeight,height,baseCrownHeight,breakHeight,breakDiameter,maxCrownDiameter,ninetyCrownDiameter,canopyPosition,shape,basalStemDiameter,basalStemDiameterMsrmntHeight,maxBaseCrownDiameter,ninetyBaseCrownDiameter,remarks,recordedBy,measuredBy,dataQF
"c53d7abb-4fbf-4dba-8aea-15b2b71807bb","LENO_070.basePlot.vst","2016-10-26","vst_LENO_2016","D08","LENO","LENO_070",,"NEON.PLA.D08.LENO.08361","ok","single shrub","Live",1.7,130,4.0,,,,2.8,2.4,,"inverted cone",2.4,10,1.60,1.30,,"gKlTR8ZroBmVFSkzxA4yQazmYWlx7WaI","9y6NQSbuV6GzYP422liEmX9wFUt216Yv","legacyData"
"fdfc6d84-dfc4-4a0e-8e1d-7eec36ad2f51","LENO_070.basePlot.vst","2016-10-26","vst_LENO_2016","D08","LENO","LENO_070",,"NEON.PLA.D08.LENO.08409","ok","single bole tree","Live",14.7,130,7.8,,,,,,,,,,,,,"gKlTR8ZroBmVFSkzxA4yQazmYWlx7WaI","9y6NQSbuV6GzYP422liEmX9wFUt216Yv","legacyData"
"5841a4df-aba3-4d53-83d9-64559416b7d6","LENO_070.basePlot.vst","2016-10-26","vst_LENO_2016","D08","LENO","LENO_070",,"NEON.PLA.D08.LENO.08415","ok","single bole tree","Live",17.7,130,9.9,,,,,,,,,,,,,"gKlTR8ZroBmVFSkzxA4yQazmYWlx7WaI","9y6NQSbuV6GzYP422liEmX9wFUt216Yv","legacyData"
"86c7f5a2-7274-4f63-abfa-0bd786ccc313","LENO_070.basePlot.vst","2016-10-26","vst_LENO_2016","D08","LENO","LENO_070",,"NEON.PLA.D08.LENO.08383","ok","single bole tree","Live",23.2,130,15.0,,,,,,,,,,,,,"gKlTR8ZroBmVFSkzxA4yQazmYWlx7WaI","9y6NQSbuV6GzYP422liEmX9wFUt216Yv","legacyData"
"697ab660-c6d1-440f-a5af-2f5c9346cf58","LENO_070.basePlot.vst","2016-10-26","vst_LENO_2016","D08","LENO","LENO_070",,"NEON.PLA.D08.LENO.08406","ok","liana","Live",3.9,50,,,,,,,,,,,,,"CASE F","gKlTR8ZroBmVFSkzxA4yQazmYWlx7WaI","9y6NQSbuV6GzYP422liEmX9wFUt216Yv","legacyData"
"c9c18034-6170-4166-bfb0-67a05bc745ea","LENO_070.basePlot.vst","2016-10-26","vst_LENO_2016","D08","LENO","LENO_070",,"NEON.PLA.D08.LENO.08356","ok","small tree","Live",6.5,130,6.9,,,,,,,,,,,,,"gKlTR8ZroBmVFSkzxA4yQazmYWlx7WaI","9y6NQSbuV6GzYP422liEmX9wFUt216Yv","legacyData"
"1c503f32-71f1-43fc-a366-72983272f49b","LENO_070.basePlot.vst","2016-10-26","vst_LENO_2016","D08","LENO","LENO_070",,"NEON.PLA.D08.LENO.12303","ok","small tree","Live",1.6,130,3.8,,,,,,,,,,,,,"gKlTR8ZroBmVFSkzxA4yQazmYWlx7WaI","9y6NQSbuV6GzYP422liEmX9wFUt216Yv","legacyData"
"3aae2466-0a71-406a-b86c-2b3658379e7c","LENO_070.basePlot.vst","2016-10-26","vst_LENO_2016","D08","LENO","LENO_070",,"NEON.PLA.D08.LENO.12132","ok","liana","Live",1.5,130,,,,,,,,,,,,,"case a","gKlTR8ZroBmVFSkzxA4yQazmYWlx7WaI","9y6NQSbuV6GzYP422liEmX9wFUt216Yv","legacyData"
"f351cdea-94c6-4fc9-b6a0-d7bc63708686","LENO_070.basePlot.vst","2016-10-26","vst_LENO_2016","D08","LENO","LENO_070",,"NEON.PLA.D08.LENO.12374","ok","sapling","Live",,,1.2,,,,,,,,1.5,10,,,,"gKlTR8ZroBmVFSkzxA4yQazmYWlx7WaI","9y6NQSbuV6GzYP422liEmX9wFUt216Yv","legacyData"
"51fa222a-2e5c-4879-b407-ed3917cb9e5a","LENO_070.basePlot.vst","2016-10-26","vst_LENO_2016","D08","LENO","LENO_070",,"NEON.PLA.D08.LENO.08358","ok","single bole tree","Live",11.7,130,11.0,,,,,,,,,,,,,"gKlTR8ZroBmVFSkzxA4yQazmYWlx7WaI","9y6NQSbuV6GzYP422liEmX9wFUt216Yv","legacyData"
"b16e3889-85a9-4b79-90a2-92105cc3a315","LENO_070.basePlot.vst","2016-10-26","vst_LENO_2016","D08","LENO","LENO_070",,"NEON.PLA.D08.LENO.12124","ok","liana","Live",2.6,50,,,,,,,,,,,,,"CASE F","gKlTR8ZroBmVFSkzxA4yQazmYWlx7WaI","9y6NQSbuV6GzYP422liEmX9wFUt216Yv","legacyData"
"b51c8340-3fa1-4144-b071-adb0dd6732ae","LENO_070.basePlot.vst","2016-10-26","vst_LENO_2016","D08","LENO","LENO_070",,"NEON.PLA.D08.LENO.08363","ok","liana","Live",1.1,130,,,,,,,,,,,,,"case a","gKlTR8ZroBmVFSkzxA4yQazmYWlx7WaI","9y6NQSbuV6GzYP422liEmX9wFUt216Yv","legacyData"
"d4368848-e1ca-4d67-a51c-8f49cc3310d5","LENO_070.basePlot.vst","2016-10-26","vst_LENO_2016","D08","LENO","LENO_070",,"NEON.PLA.D08.LENO.08340","ok","single shrub","Live",1.1,130,3.2,,,,3.8,1.4,,"inverted cone",1.7,10,0.70,0.50,,"gKlTR8ZroBmVFSkzxA4yQazmYWlx7WaI","9y6NQSbuV6GzYP422liEmX9wFUt216Yv","legacyData"
"ee6c9e3d-6800-4232-a841-2e6e48862ed9","LENO_070.basePlot.vst","2016-10-26","vst_LENO_2016","D08","LENO","LENO_070",,"NEON.PLA.D08.LENO.12130","ok","liana","Live",1.9,130,,,,,,,,,,,,,"CASE A","gKlTR8ZroBmVFSkzxA4yQazmYWlx7WaI","9y6NQSbuV6GzYP422liEmX9wFUt216Yv","legacyData"
"49e2fc36-c4aa-49fe-9185-ddc9dd922efb","LENO_070.basePlot.vst","2016-10-26","vst_LENO_2016","D08","LENO","LENO_070",,"NEON.PLA.D08.LENO.08333","ok","single bole tree","Live",11.0,130,9.9,,,,,,,,,,,,,"gKlTR8ZroBmVFSkzxA4yQazmYWlx7WaI","9y6NQSbuV6GzYP422liEmX9wFUt216Yv","legacyData"
"376ea694-a8f5-4729-aad7-bbccaa4ff61a","LENO_070.basePlot.vst","2016-10-26","vst_LENO_2016","D08","LENO","LENO_070",,"NEON.PLA.D08.LENO.12111","ok","single bole tree","Live",59.9,130,27.8,,,,,,,,,,,,,"gKlTR8ZroBmVFSkzxA4yQazmYWlx7WaI","9y6NQSbuV6GzYP422liEmX9wFUt216Yv","legacyData"
"aeb3a9a5-b360-49c3-a537-0a85daf60dc3","LENO_070.basePlot.vst","2016-10-26","vst_LENO_2016","D08","LENO","LENO_070",,"NEON.PLA.D08.LENO.08365","ok","single bole tree","Live",23.8,130,16.2,,,,,,,,,,,,,"gKlTR8ZroBmVFSkzxA4yQazmYWlx7WaI","9y6NQSbuV6GzYP422liEmX9wFUt216Yv","legacyData"
"45087bb7-c81b-4b27-b3ce-0d1acfe93bad","LENO_070.basePlot.vst","2016-10-26","vst_LENO_2016","D08","LENO","LENO_070",,"NEON.PLA.D08.LENO.08329","ok","sapling","Live",,,2.3,,,,,,,,1.3,10,,,,"gKlTR8ZroBmVFSkzxA4yQazmYWlx7WaI","9y6NQSbuV6GzYP422liEmX9wFUt216Yv","legacyData"
"0e4907c9-9c46-49e0-8740-834476b7f504","LENO_070.basePlot.vst","2016-10-26","vst_LENO_2016","D08","LENO","LENO_070",,"NEON.PLA.D08.LENO.08322","ok","single shrub","Live",1.9,130,3.5,,,,2.8,2.4,,"inverted cone",3.4,10,0.70,0.40,,"gKlTR8ZroBmVFSkzxA4yQazmYWlx7WaI","9y6NQSbuV6GzYP422liEmX9wFUt216Yv","legacyData"
"1776d6d9-c86f-4143-9081-923f374a5429","LENO_070.basePlot.vst","2016-10-26","vst_LENO_2016","D08","LENO","LENO_070",,"NEON.PLA.D08.LENO.12306","ok","liana","Live",1.8,50,,,,,,,,,,,,,"CASE F","gKlTR8ZroBmVFSkzxA4yQazmYWlx7WaI","9y6NQSbuV6GzYP422liEmX9wFUt216Yv","legacyData"
"6b9d83f0-d291-4e8c-930a-c123897a7207","LENO_070.basePlot.vst","2016-10-26","vst_LENO_2016","D08","LENO","LENO_070",,"NEON.PLA.D08.LENO.08384","ok","liana","Live",1.9,50,,,,,,,,,,,,,"CASE F","gKlTR8ZroBmVFSkzxA4yQazmYWlx7WaI","9y6NQSbuV6GzYP422liEmX9wFUt216Yv","legacyData"
"ce9a6173-f018-412c-9cf1-11818ca76623","LENO_070.basePlot.vst","2016-10-26","vst_LENO_2016","D08","LENO","LENO_070",,"NEON.PLA.D08.LENO.14608","ok","single bole tree","Standing dead",11.5,130,4.3,,,,,,,,,,,,,"gKlTR8ZroBmVFSkzxA4yQazmYWlx7WaI","9y6NQSbuV6GzYP422liEmX9wFUt216Yv","legacyData"
"b380bfb4-fc3b-4b0b-83e0-1c7f575ea7fe","LENO_070.basePlot.vst","2016-10-26","vst_LENO_2016","D08","LENO","LENO_070",,"NEON.PLA.D08.LENO.08345","ok","single bole tree","Live",15.0,130,12.3,,,,,,,,,,,,,"gKlTR8ZroBmVFSkzxA4yQazmYWlx7WaI","9y6NQSbuV6GzYP422liEmX9wFUt216Yv","legacyData"
"94256a16-5ab7-4dda-9cbf-938093b2b64a","LENO_070.basePlot.vst","2016-10-26","vst_LENO_2016","D08","LENO","LENO_070",,"NEON.PLA.D08.LENO.12114","removed","sapling","Downed",,,,,,,,,,,,,,,,"gKlTR8ZroBmVFSkzxA4yQazmYWlx7WaI","9y6NQSbuV6GzYP422liEmX9wFUt216Yv","legacyData"
"5e1e3191-5ca9-4095-9638-88c57e95c585","LENO_070.basePlot.vst","2016-10-26","vst_LENO_2016","D08","LENO","LENO_070",,"NEON.PLA.D08.LENO.12126","ok","liana","Live",2.6,50,,,,,,,,,,,,,"case f","gKlTR8ZroBmVFSkzxA4yQazmYWlx7WaI","9y6NQSbuV6GzYP422liEmX9wFUt216Yv","legacyData"
"243f6078-766c-4772-935e-1c3aa6d066e3","LENO_070.basePlot.vst","2016-10-26","vst_LENO_2016","D08","LENO","LENO_070",,"NEON.PLA.D08.LENO.08411","ok","single bole tree","Live",29.1,130,19.2,,,,,,,,,,,,,"gKlTR8ZroBmVFSkzxA4yQazmYWlx7WaI","9y6NQSbuV6GzYP422liEmX9wFUt216Yv","legacyData"
"74b024a0-a514-4e87-bd46-7c0a56de6aff","LENO_070.basePlot.vst","2016-10-26","vst_LENO_2016","D08","LENO","LENO_070",,"NEON.PLA.D08.LENO.08366","ok","single bole tree","Live",13.5,130,10.3,,,,,,,,,,,,,"gKlTR8ZroBmVFSkzxA4yQazmYWlx7WaI","9y6NQSbuV6GzYP422liEmX9wFUt216Yv","legacyData"
"1b95dd2c-2fe5-4057-ae5f-492f34dee581","LENO_070.basePlot.vst","2016-10-26","vst_LENO_2016","D08","LENO","LENO_070",,"NEON.PLA.D08.LENO.08376","ok","small tree","Live",7.4,130,5.5,,,,,,,,,,,,,"gKlTR8ZroBmVFSkzxA4yQazmYWlx7WaI","9y6NQSbuV6GzYP422liEmX9wFUt216Yv","legacyData"
"6e69112e-af67-4639-90a6-b5ba30401d53","LENO_070.basePlot.vst","2016-10-26","vst_LENO_2016","D08","LENO","LENO_070",,"NEON.PLA.D08.LENO.12131","ok","liana","Live",3.0,130,,,,,,,,,,,,,"case a","gKlTR8ZroBmVFSkzxA4yQazmYWlx7WaI","9y6NQSbuV6GzYP422liEmX9wFUt216Yv","legacyData"
"02c1c33c-c358-4b7a-8231-e4f93d536f73","LENO_070.basePlot.vst","2016-10-26","vst_LENO_2016","D08","LENO","LENO_070",,"NEON.PLA.D08.LENO.08323","ok","small tree","Live",3.3,130,3.9,,,,,,,,,,,,,"gKlTR8ZroBmVFSkzxA4yQazmYWlx7WaI","9y6NQSbuV6GzYP422liEmX9wFUt216Yv","legacyData"
"ef7614a9-c153-4d9e-8f01-0cc6c2fa1653","LENO_070.basePlot.vst","2016-10-26","vst_LENO_2016","D08","LENO","LENO_070",,"NEON.PLA.D08.LENO.12135","ok","liana","Live",1.7,130,,,,,,,,,,,,,"case a","gKlTR8ZroBmVFSkzxA4yQazmYWlx7WaI","9y6NQSbuV6GzYP422liEmX9wFUt216Yv","legacyData"
"5a0be746-c842-4292-8be9-b2631630edb2","LENO_070.basePlot.vst","2016-10-26","vst_LENO_2016","D08","LENO","LENO_070",,"NEON.PLA.D08.LENO.12370","ok","single shrub","Live,  other damage",4.8,130,3.7,,,,4.1,2.5,,"inverted cone",5.9,10,1.40,1.20,,"gKlTR8ZroBmVFSkzxA4yQazmYWlx7WaI","9y6NQSbuV6GzYP422liEmX9wFUt216Yv","legacyData"
"082e93e3-d642-42fa-85cf-c26738dfe114","LENO_070.basePlot.vst","2016-10-26","vst_LENO_2016","D08","LENO","LENO_070",,"NEON.PLA.D08.LENO.08344","ok","small tree","Live",1.4,130,2.9,,,,,,,,,,,,,"gKlTR8ZroBmVFSkzxA4yQazmYWlx7WaI","9y6NQSbuV6GzYP422liEmX9wFUt216Yv","legacyData"
"c6991ee0-ba36-4c3d-880f-9de5035f6b0f","LENO_070.basePlot.vst","2016-10-26","vst_LENO_2016","D08","LENO","LENO_070",,"NEON.PLA.D08.LENO.08362","ok","liana","Live",5.1,50,,,,,,,,,,,,,"case f","gKlTR8ZroBmVFSkzxA4yQazmYWlx7WaI","9y6NQSbuV6GzYP422liEmX9wFUt216Yv","legacyData"
"5cf776ac-672d-4f55-bec9-b98c9be6e97d","LENO_070.basePlot.vst","2016-10-26","vst_LENO_2016","D08","LENO","LENO_070",,"NEON.PLA.D08.LENO.12315","ok","single shrub","Live",3.9,130,5.0,,,,6.3,3.9,,"inverted cone",4.8,10,0.50,0.30,,"gKlTR8ZroBmVFSkzxA4yQazmYWlx7WaI","9y6NQSbuV6GzYP422liEmX9wFUt216Yv","legacyData"
"da82aa10-7f9d-4f93-b6dc-a60fc9eb4dce","LENO_070.basePlot.vst","2016-10-26","vst_LENO_2016","D08","LENO","LENO_070",,"NEON.PLA.D08.LENO.08353","ok","single shrub","Live",5.4,130,8.1,,,,5.6,3.7,,"inverted cone",7.0,10,2.20,2.00,,"gKlTR8ZroBmVFSkzxA4yQazmYWlx7WaI","9y6NQSbuV6GzYP422liEmX9wFUt216Yv","legacyData"
"2a982309-4643-492c-a610-9fdbe9813e7e","LENO_070.basePlot.vst","2016-10-26","vst_LENO_2016","D08","LENO","LENO_070",,"NEON.PLA.D08.LENO.12315","ok","single shrub","Live",5.5,130,5.0,,,,6.3,3.9,,"inverted cone",6.4,10,0.50,0.30,,"gKlTR8ZroBmVFSkzxA4yQazmYWlx7WaI","9y6NQSbuV6GzYP422liEmX9wFUt216Yv","legacyData"
"c0f863b5-41cc-4d4f-8d15-6cfe3e8d115d","LENO_070.basePlot.vst","2016-10-26","vst_LENO_2016","D08","LENO","LENO_070",,"NEON.PLA.D08.LENO.08347","ok","small tree","Live",2.1,130,3.9,,,,,,,,,,,,,"gKlTR8ZroBmVFSkzxA4yQazmYWlx7WaI","9y6NQSbuV6GzYP422liEmX9wFUt216Yv","legacyData"
"a45b47c8-b841-4fab-9f9b-ff66a9e34342","LENO_070.basePlot.vst","2016-10-26","vst_LENO_2016","D08","LENO","LENO_070",,"NEON.PLA.D08.LENO.12129","ok","liana","Live",2.1,130,,,,,,,,,,,,,"CASE A","gKlTR8ZroBmVFSkzxA4yQazmYWlx7WaI","9y6NQSbuV6GzYP422liEmX9wFUt216Yv","legacyData"
"2039314d-bb25-4596-b5a5-e62822ec0417","LENO_070.basePlot.vst","2016-10-26","vst_LENO_2016","D08","LENO","LENO_070",,"NEON.PLA.D08.LENO.08340","ok","single shrub","Live",,,3.2,,,,3.8,1.4,,"inverted cone",1.2,10,0.70,0.50,,"gKlTR8ZroBmVFSkzxA4yQazmYWlx7WaI","9y6NQSbuV6GzYP422liEmX9wFUt216Yv","legacyData"
"462d5e40-f05b-427e-b5eb-285a8d0b10e4","LENO_070.basePlot.vst","2016-10-26","vst_LENO_2016","D08","LENO","LENO_070",,"NEON.PLA.D08.LENO.08389","ok","small tree","Live",6.2,130,7.8,,,,,,,,,,,,,"gKlTR8ZroBmVFSkzxA4yQazmYWlx7WaI","9y6NQSbuV6GzYP422liEmX9wFUt216Yv","legacyData"
"6d88b731-e78f-49da-a21b-a34b0e29c212","LENO_070.basePlot.vst","2016-10-26","vst_LENO_2016","D08","LENO","LENO_070",,"NEON.PLA.D08.LENO.12313","ok","small tree","Live",1.0,130,2.4,,,,,,,,,,,,,"gKlTR8ZroBmVFSkzxA4yQazmYWlx7WaI","9y6NQSbuV6GzYP422liEmX9wFUt216Yv","legacyData"
"d96e6508-40a0-4189-a362-2ac1bed00c3a","LENO_070.basePlot.vst","2016-10-26","vst_LENO_2016","D08","LENO","LENO_070",,"NEON.PLA.D08.LENO.08325","ok","small tree","Live",4.2,130,5.3,,,,,,,,,,,,,"gKlTR8ZroBmVFSkzxA4yQazmYWlx7WaI","9y6NQSbuV6GzYP422liEmX9wFUt216Yv","legacyData"
"4ba6ef72-d884-4ebc-9937-f4d3ad84df78","LENO_070.basePlot.vst","2016-10-26","vst_LENO_2016","D08","LENO","LENO_070",,"NEON.PLA.D08.LENO.12113","removed","single bole tree","Downed",,,,,,,,,,,,,,,,"gKlTR8ZroBmVFSkzxA4yQazmYWlx7WaI","9y6NQSbuV6GzYP422liEmX9wFUt216Yv","legacyData"
"f61151ab-1668-44c5-907d-b232053cb683","LENO_070.basePlot.vst","2016-10-26","vst_LENO_2016","D08","LENO","LENO_070",,"NEON.PLA.D08.LENO.08367","ok","single bole tree","Live",16.7,130,18.0,,,,,,,,,,,,,"gKlTR8ZroBmVFSkzxA4yQazmYWlx7WaI","9y6NQSbuV6GzYP422liEmX9wFUt216Yv","legacyData"
"630765d1-ab2e-4ea0-abc3-50e1c19e273f","LENO_070.basePlot.vst","2016-10-26","vst_LENO_2016","D08","LENO","LENO_070",,"NEON.PLA.D08.LENO.08408","removed","single bole tree","Downed",,,,,,,,,,,,,,,,"gKlTR8ZroBmVFSkzxA4yQazmYWlx7WaI","9y6NQSbuV6GzYP422liEmX9wFUt216Yv","legacyData"
"948a9ab3-5274-4ff7-90c6-b6d8a07db2b5","LENO_070.basePlot.vst","2016-10-26","vst_LENO_2016","D08","LENO","LENO_070",,"NEON.PLA.D08.LENO.14605","ok","sapling","Live",,,0.8,,,,,,,,1.2,10,,,,"gKlTR8ZroBmVFSkzxA4yQazmYWlx7WaI","9y6NQSbuV6GzYP422liEmX9wFUt216Yv","legacyData"
"86a2f129-0854-4849-be29-33a1b9c10d48","LENO_070.basePlot.vst","2016-10-26","vst_LENO_2016","D08","LENO","LENO_070",,"NEON.PLA.D08.LENO.12314","ok","small tree","Live",2.3,130,2.9,,,,,,,,,,,,,"gKlTR8ZroBmVFSkzxA4yQazmYWlx7WaI","9y6NQSbuV6GzYP422liEmX9wFUt216Yv","legacyData"
"1ec56ffa-8ef5-498c-b34a-44d48248949e","LENO_070.basePlot.vst","2016-10-26","vst_LENO_2016","D08","LENO","LENO_070",,"NEON.PLA.D08.LENO.12311","ok","single bole tree","Live",11.1,130,8.5,,,,,,,,,,,,,"gKlTR8ZroBmVFSkzxA4yQazmYWlx7WaI","9y6NQSbuV6GzYP422liEmX9wFUt216Yv","legacyData"
"1eae7dc7-b4a1-4613-93b3-ecd8c8d80318","LENO_070.basePlot.vst","2016-10-26","vst_LENO_2016","D08","LENO","LENO_070",,"NEON.PLA.D08.LENO.12348","ok","small tree","Live",1.3,130,2.5,,,,,,,,,,,,,"gKlTR8ZroBmVFSkzxA4yQazmYWlx7WaI","9y6NQSbuV6GzYP422liEmX9wFUt216Yv","legacyData"
"8df99ba7-3a83-4da2-b84a-3ab227bed85a","LENO_070.basePlot.vst","2016-10-26","vst_LENO_2016","D08","LENO","LENO_070",,"NEON.PLA.D08.LENO.08361","ok","single shrub","Live",3.4,130,4.0,,,,2.8,2.4,,"inverted cone",4.4,10,1.60,1.30,,"gKlTR8ZroBmVFSkzxA4yQazmYWlx7WaI","9y6NQSbuV6GzYP422liEmX9wFUt216Yv","legacyData"
"3bb58876-e3d3-4fb4-92d9-38c3f2e55d9c","LENO_070.basePlot.vst","2016-10-26","vst_LENO_2016","D08","LENO","LENO_070",,"NEON.PLA.D08.LENO.12307","ok","liana","Live",1.5,50,,,,,,,,,,,,,"CASE F","gKlTR8ZroBmVFSkzxA4yQazmYWlx7WaI","9y6NQSbuV6GzYP422liEmX9wFUt216Yv","legacyData"
"3318c4e0-1aee-4678-ba58-b7a519584ca5","LENO_070.basePlot.vst","2016-10-26","vst_LENO_2016","D08","LENO","LENO_070",,"NEON.PLA.D08.LENO.12118","removed","small tree","Downed",,,,,,,,,,,,,,,,"gKlTR8ZroBmVFSkzxA4yQazmYWlx7WaI","9y6NQSbuV6GzYP422liEmX9wFUt216Yv","legacyData"
"b4754289-d869-4d0b-9790-8ae9b762425e","LENO_070.basePlot.vst","2016-10-26","vst_LENO_2016","D08","LENO","LENO_070",,"NEON.PLA.D08.LENO.14609","ok","single bole tree","Standing dead",24.0,130,6.3,,,,,,,,,,,,,"gKlTR8ZroBmVFSkzxA4yQazmYWlx7WaI","9y6NQSbuV6GzYP422liEmX9wFUt216Yv","legacyData"
"cbc27548-f966-466f-9ee4-154ba85a2da4","LENO_070.basePlot.vst","2016-10-26","vst_LENO_2016","D08","LENO","LENO_070",,"NEON.PLA.D08.LENO.12362","ok","sapling","Live",,,1.4,,,,,,,,1.3,10,,,,"gKlTR8ZroBmVFSkzxA4yQazmYWlx7WaI","9y6NQSbuV6GzYP422liEmX9wFUt216Yv","legacyData"
"bf0fe307-ebb9-4c90-af8b-f4a431a53778","LENO_070.basePlot.vst","2016-10-26","vst_LENO_2016","D08","LENO","LENO_070",,"NEON.PLA.D08.LENO.08398","ok","liana","Live",1.7,50,,,,,,,,,,,,,"CASE F","gKlTR8ZroBmVFSkzxA4yQazmYWlx7WaI","9y6NQSbuV6GzYP422liEmX9wFUt216Yv","legacyData"
"66174ee2-7479-452a-9a16-9dd813cca934","LENO_070.basePlot.vst","2016-10-26","vst_LENO_2016","D08","LENO","LENO_070",,"NEON.PLA.D08.LENO.12316","ok","single shrub","Live",1.9,130,3.7,,,,3.3,2.6,,"inverted cone",3.4,10,0.60,0.50,,"gKlTR8ZroBmVFSkzxA4yQazmYWlx7WaI","9y6NQSbuV6GzYP422liEmX9wFUt216Yv","legacyData"
"442f6f31-8083-4f96-a08f-1a322157b242","LENO_070.basePlot.vst","2016-10-26","vst_LENO_2016","D08","LENO","LENO_070",,"NEON.PLA.D08.LENO.14604","ok","sapling","Live",,,1.3,,,,,,,,1.1,10,,,,"gKlTR8ZroBmVFSkzxA4yQazmYWlx7WaI","9y6NQSbuV6GzYP422liEmX9wFUt216Yv","legacyData"
"46c368be-c1fb-4bbb-ac1b-0db1f1f7e1c1","LENO_070.basePlot.vst","2016-10-26","vst_LENO_2016","D08","LENO","LENO_070",,"NEON.PLA.D08.LENO.08382","ok","small tree","Live",6.0,130,3.9,,,,,,,,,,,,,"gKlTR8ZroBmVFSkzxA4yQazmYWlx7WaI","9y6NQSbuV6GzYP422liEmX9wFUt216Yv","legacyData"
"3917e64e-09da-4b0e-a9a4-92a591f4d0b4","LENO_070.basePlot.vst","2016-10-26","vst_LENO_2016","D08","LENO","LENO_070",,"NEON.PLA.D08.LENO.08400","ok","single bole tree","Live",13.3,130,6.9,,,,,,,,,,,,,"gKlTR8ZroBmVFSkzxA4yQazmYWlx7WaI","9y6NQSbuV6GzYP422liEmX9wFUt216Yv","legacyData"
"a2b5b561-2ca0-4337-8581-43976444ccb0","LENO_070.basePlot.vst","2016-10-26","vst_LENO_2016","D08","LENO","LENO_070",,"NEON.PLA.D08.LENO.08348","ok","small tree","Live",7.3,150,9.0,,,,,,,,,,,,,"gKlTR8ZroBmVFSkzxA4yQazmYWlx7WaI","9y6NQSbuV6GzYP422liEmX9wFUt216Yv","legacyData"
"c5d000d6-9dd1-4ca1-b082-2c0440d2e8cc","LENO_070.basePlot.vst","2016-10-26","vst_LENO_2016","D08","LENO","LENO_070",,"NEON.PLA.D08.LENO.08374","ok","single shrub","Live,  other damage",7.5,130,23.8,,,,6.2,2.3,,"inverted cone",8.9,10,1.40,1.40,,"gKlTR8ZroBmVFSkzxA4yQazmYWlx7WaI","9y6NQSbuV6GzYP422liEmX9wFUt216Yv","legacyData"
"e401546c-03fe-422c-b193-0c8fed6a979f","LENO_070.basePlot.vst","2016-10-26","vst_LENO_2016","D08","LENO","LENO_070",,"NEON.PLA.D08.LENO.08390","ok","single shrub","Live",1.6,130,4.0,,,,3.4,1.9,,"inverted cone",3.9,10,0.80,0.50,,"gKlTR8ZroBmVFSkzxA4yQazmYWlx7WaI","9y6NQSbuV6GzYP422liEmX9wFUt216Yv","legacyData"
"262c2564-12e0-41fa-9fe6-fb658aa31228","LENO_070.basePlot.vst","2016-10-26","vst_LENO_2016","D08","LENO","LENO_070",,"NEON.PLA.D08.LENO.08410","ok","single bole tree","Live",23.5,130,15.3,,,,,,,,,,,,,"gKlTR8ZroBmVFSkzxA4yQazmYWlx7WaI","9y6NQSbuV6GzYP422liEmX9wFUt216Yv","legacyData"
"6e126d2a-067d-4962-81a3-6e3becde12f8","LENO_070.basePlot.vst","2016-10-26","vst_LENO_2016","D08","LENO","LENO_070",,"NEON.PLA.D08.LENO.08373","ok","small tree","Live",4.6,130,4.2,,,,,,,,,,,,,"gKlTR8ZroBmVFSkzxA4yQazmYWlx7WaI","9y6NQSbuV6GzYP422liEmX9wFUt216Yv","legacyData"
"77ae1e81-c32c-494b-9376-d4d8db342451","LENO_070.basePlot.vst","2016-10-26","vst_LENO_2016","D08","LENO","LENO_070",,"NEON.PLA.D08.LENO.08351","ok","small tree","Live",1.2,130,2.2,,,,,,,,,,,,,"gKlTR8ZroBmVFSkzxA4yQazmYWlx7WaI","9y6NQSbuV6GzYP422liEmX9wFUt216Yv","legacyData"
"57fa021e-4bd7-464f-819a-18832003bf5a","LENO_070.basePlot.vst","2016-10-26","vst_LENO_2016","D08","LENO","LENO_070",,"NEON.PLA.D08.LENO.12120","ok","sapling","Live",,,1.5,,,,,,,,2.0,10,,,,"gKlTR8ZroBmVFSkzxA4yQazmYWlx7WaI","9y6NQSbuV6GzYP422liEmX9wFUt216Yv","legacyData"
"49b8a318-bb65-43fc-a9a0-fb4d1e7264d5","LENO_070.basePlot.vst","2016-10-26","vst_LENO_2016","D08","LENO","LENO_070",,"NEON.PLA.D08.LENO.08397","ok","small tree","Live",1.8,130,3.6,,,,,,,,,,,,,"gKlTR8ZroBmVFSkzxA4yQazmYWlx7WaI","9y6NQSbuV6GzYP422liEmX9wFUt216Yv","legacyData"
"2310df00-2ec4-42d2-9659-401063f6d9a1","LENO_070.basePlot.vst","2016-10-26","vst_LENO_2016","D08","LENO","LENO_070",,"NEON.PLA.D08.LENO.08418","ok","single bole tree","Live",13.7,130,11.4,,,,,,,,,,,,,"gKlTR8ZroBmVFSkzxA4yQazmYWlx7WaI","9y6NQSbuV6GzYP422liEmX9wFUt216Yv","legacyData"
"dcc8e82b-dafd-444e-898d-407b7991a1c4","LENO_070.basePlot.vst","2016-10-26","vst_LENO_2016","D08","LENO","LENO_070",,"NEON.PLA.D08.LENO.12116","removed","single shrub","Downed",,,,,,,,,,,,,,,,"gKlTR8ZroBmVFSkzxA4yQazmYWlx7WaI","9y6NQSbuV6GzYP422liEmX9wFUt216Yv","legacyData"
"795a46f3-1848-4884-bf3b-0371beb2de73","LENO_070.basePlot.vst","2016-10-26","vst_LENO_2016","D08","LENO","LENO_070",,"NEON.PLA.D08.LENO.08401","ok","small tree","Live",2.1,130,3.6,,,,,,,,,,,,,"gKlTR8ZroBmVFSkzxA4yQazmYWlx7WaI","9y6NQSbuV6GzYP422liEmX9wFUt216Yv","legacyData"
"4c741dd4-bd23-4b5c-aa0a-e898058e116d","LENO_070.basePlot.vst","2016-10-26","vst_LENO_2016","D08","LENO","LENO_070",,"NEON.PLA.D08.LENO.08364","ok","small tree","Live",2.9,130,3.6,,,,,,,,,,,,,"gKlTR8ZroBmVFSkzxA4yQazmYWlx7WaI","9y6NQSbuV6GzYP422liEmX9wFUt216Yv","legacyData"
"7b389eab-cd01-463b-b5be-64d0e06890ae","LENO_070.basePlot.vst","2016-10-26","vst_LENO_2016","D08","LENO","LENO_070",,"NEON.PLA.D08.LENO.08331","ok","sapling","Live",,,2.3,,,,,,,,1.6,10,,,,"gKlTR8ZroBmVFSkzxA4yQazmYWlx7WaI","9y6NQSbuV6GzYP422liEmX9wFUt216Yv","legacyData"
"037f2233-c838-4b0b-a492-dddc920341f7","LENO_070.basePlot.vst","2016-10-26","vst_LENO_2016","D08","LENO","LENO_070",,"NEON.PLA.D08.LENO.08414","ok","single bole tree","Live",11.9,130,10.5,,,,,,,,,,,,,"gKlTR8ZroBmVFSkzxA4yQazmYWlx7WaI","9y6NQSbuV6GzYP422liEmX9wFUt216Yv","legacyData"
"1e118832-7c97-45c2-97ad-d7a6233218cb","LENO_070.basePlot.vst","2016-10-26","vst_LENO_2016","D08","LENO","LENO_070",,"NEON.PLA.D08.LENO.08339","ok","small tree","Live",3.2,130,3.4,,,,,,,,,,,,,"gKlTR8ZroBmVFSkzxA4yQazmYWlx7WaI","9y6NQSbuV6GzYP422liEmX9wFUt216Yv","legacyData"
"a473b89f-babc-4160-99cc-4722d81fff99","LENO_070.basePlot.vst","2016-10-26","vst_LENO_2016","D08","LENO","LENO_070",,"NEON.PLA.D08.LENO.12121","removed","small tree","Downed",,,,,,,,,,,,,,,,"gKlTR8ZroBmVFSkzxA4yQazmYWlx7WaI","9y6NQSbuV6GzYP422liEmX9wFUt216Yv","legacyData"
"26330ec3-4013-4433-bd6a-caa036939106","LENO_070.basePlot.vst","2016-10-26","vst_LENO_2016","D08","LENO","LENO_070",,"NEON.PLA.D08.LENO.14610","ok","single bole tree","Standing dead",18.1,130,3.9,,,,,,,,,,,,,"gKlTR8ZroBmVFSkzxA4yQazmYWlx7WaI","9y6NQSbuV6GzYP422liEmX9wFUt216Yv","legacyData"
"9df6cfc8-e6e8-4ec0-ae9f-e10cd0db09c5","LENO_070.basePlot.vst","2016-10-26","vst_LENO_2016","D08","LENO","LENO_070",,"NEON.PLA.D08.LENO.08376","ok","small tree","Live",4.6,130,5.5,,,,,,,,,,,,,"gKlTR8ZroBmVFSkzxA4yQazmYWlx7WaI","9y6NQSbuV6GzYP422liEmX9wFUt216Yv","legacyData"
"46965c9b-2f72-41ea-a6cd-89d4f2e0748b","LENO_070.basePlot.vst","2016-10-26","vst_LENO_2016","D08","LENO","LENO_070",,"NEON.PLA.D08.LENO.08387","ok","small tree","Live",3.7,130,5.8,,,,,,,,,,,,,"gKlTR8ZroBmVFSkzxA4yQazmYWlx7WaI","9y6NQSbuV6GzYP422liEmX9wFUt216Yv","legacyData"
"6cba9493-d432-43a6-b6b0-4a3ad2c270dc","LENO_070.basePlot.vst","2016-10-26","vst_LENO_2016","D08","LENO","LENO_070",,"NEON.PLA.D08.LENO.08379","ok","small tree","Live",1.1,130,2.4,,,,,,,,,,,,,"gKlTR8ZroBmVFSkzxA4yQazmYWlx7WaI","9y6NQSbuV6GzYP422liEmX9wFUt216Yv","legacyData"
"2908579d-0694-41e2-9e41-b58cc1223ede","LENO_070.basePlot.vst","2016-10-26","vst_LENO_2016","D08","LENO","LENO_070",,"NEON.PLA.D08.LENO.08391","ok","small tree","Live",2.5,130,3.8,,,,,,,,,,,,,"gKlTR8ZroBmVFSkzxA4yQazmYWlx7WaI","9y6NQSbuV6GzYP422liEmX9wFUt216Yv","legacyData"
"7053f7c3-e0cb-4f9e-b6d8-151164563e70","LENO_070.basePlot.vst","2016-10-26","vst_LENO_2016","D08","LENO","LENO_070",,"NEON.PLA.D08.LENO.12117","ok","sapling","Live",,,1.8,,,,,,,,2.6,10,,,,"gKlTR8ZroBmVFSkzxA4yQazmYWlx7WaI","9y6NQSbuV6GzYP422liEmX9wFUt216Yv","legacyData"
"bc04ef8c-91da-4fdd-873f-faebda4ee0d5","LENO_070.basePlot.vst","2016-10-26","vst_LENO_2016","D08","LENO","LENO_070",,"NEON.PLA.D08.LENO.12128","ok","liana","Live",5.9,130,,,,,,,,,,,,,"case a","gKlTR8ZroBmVFSkzxA4yQazmYWlx7WaI","9y6NQSbuV6GzYP422liEmX9wFUt216Yv","legacyData"
"0d944172-696e-4997-9182-bb75c5bb4b7a","LENO_070.basePlot.vst","2016-10-26","vst_LENO_2016","D08","LENO","LENO_070",,"NEON.PLA.D08.LENO.08326","ok","single bole tree","Live",24.1,130,20.7,,,,,,,,,,,,,"gKlTR8ZroBmVFSkzxA4yQazmYWlx7WaI","9y6NQSbuV6GzYP422liEmX9wFUt216Yv","legacyData"
"4a938953-1d4a-43ad-acf0-12f14ccd2e7b","LENO_070.basePlot.vst","2016-10-26","vst_LENO_2016","D08","LENO","LENO_070",,"NEON.PLA.D08.LENO.08357","ok","small tree","Live",4.4,130,4.4,,,,,,,,,,,,,"gKlTR8ZroBmVFSkzxA4yQazmYWlx7WaI","9y6NQSbuV6GzYP422liEmX9wFUt216Yv","legacyData"
"39a285a8-b0dc-4df9-a9a4-defc43994f6b","LENO_070.basePlot.vst","2016-10-26","vst_LENO_2016","D08","LENO","LENO_070",,"NEON.PLA.D08.LENO.08368","ok","single bole tree","Live",20.9,130,12.8,,,,,,,,,,,,,"gKlTR8ZroBmVFSkzxA4yQazmYWlx7WaI","9y6NQSbuV6GzYP422liEmX9wFUt216Yv","legacyData"
"0b637b22-ecd4-4ce1-a5a3-15450bf74a27","LENO_070.basePlot.vst","2016-10-26","vst_LENO_2016","D08","LENO","LENO_070",,"NEON.PLA.D08.LENO.08413","ok","single bole tree","Live",11.6,130,8.1,,,,,,,,,,,,,"gKlTR8ZroBmVFSkzxA4yQazmYWlx7WaI","9y6NQSbuV6GzYP422liEmX9wFUt216Yv","legacyData"
"7576ad55-052c-4a9f-aaba-cd562d706e2d","LENO_070.basePlot.vst","2016-10-26","vst_LENO_2016","D08","LENO","LENO_070",,"NEON.PLA.D08.LENO.14602","ok","sapling","Live",,,1.7,,,,,,,,1.4,10,,,,"gKlTR8ZroBmVFSkzxA4yQazmYWlx7WaI","9y6NQSbuV6GzYP422liEmX9wFUt216Yv","legacyData"
"5b395883-3fee-471f-9b78-f95ffe52bf67","LENO_070.basePlot.vst","2016-10-26","vst_LENO_2016","D08","LENO","LENO_070",,"NEON.PLA.D08.LENO.14606","ok","single bole tree","Standing dead",12.5,130,3.3,,,,,,,,,,,,,"gKlTR8ZroBmVFSkzxA4yQazmYWlx7WaI","9y6NQSbuV6GzYP422liEmX9wFUt216Yv","legacyData"
"db60c246-7da5-481b-ad60-20b3a8a35f1f","LENO_070.basePlot.vst","2016-10-26","vst_LENO_2016","D08","LENO","LENO_070",,"NEON.PLA.D08.LENO.08322","ok","single shrub","Live",2.4,130,3.5,,,,2.8,2.4,,"inverted cone",3.2,10,0.70,0.40,,"gKlTR8ZroBmVFSkzxA4yQazmYWlx7WaI","9y6NQSbuV6GzYP422liEmX9wFUt216Yv","legacyData"
"dbecf2d8-9cd2-431b-bca4-8d146658a97c","LENO_070.basePlot.vst","2016-10-26","vst_LENO_2016","D08","LENO","LENO_070",,"NEON.PLA.D08.LENO.12134","ok","liana","Live",5.2,130,,,,,,,,,,,,,"case a","gKlTR8ZroBmVFSkzxA4yQazmYWlx7WaI","9y6NQSbuV6GzYP422liEmX9wFUt216Yv","legacyData"
"c844653a-76e7-4ea2-9003-b7b3558b98e5","LENO_070.basePlot.vst","2016-10-26","vst_LENO_2016","D08","LENO","LENO_070",,"NEON.PLA.D08.LENO.08417","ok","single bole tree","Live",48.2,130,26.9,,,,,,,,,,,,,"gKlTR8ZroBmVFSkzxA4yQazmYWlx7WaI","9y6NQSbuV6GzYP422liEmX9wFUt216Yv","legacyData"
"0d3e5b0d-517a-4a92-ac1b-2f293845701a","LENO_070.basePlot.vst","2016-10-26","vst_LENO_2016","D08","LENO","LENO_070",,"NEON.PLA.D08.LENO.08330","ok","small tree","Live",1.3,130,2.5,,,,,,,,,,,,,"gKlTR8ZroBmVFSkzxA4yQazmYWlx7WaI","9y6NQSbuV6GzYP422liEmX9wFUt216Yv","legacyData"
"187998c9-3522-4658-9ddf-0c172456c67e","LENO_070.basePlot.vst","2016-10-26","vst_LENO_2016","D08","LENO","LENO_070",,"NEON.PLA.D08.LENO.08353","ok","single shrub","Live",3.2,130,8.1,,,,5.6,3.7,,"inverted cone",4.6,10,2.20,2.00,,"gKlTR8ZroBmVFSkzxA4yQazmYWlx7WaI","9y6NQSbuV6GzYP422liEmX9wFUt216Yv","legacyData"
"38d404a4-1ec8-4c0a-b793-3f639de90ce6","LENO_070.basePlot.vst","2016-10-26","vst_LENO_2016","D08","LENO","LENO_070",,"NEON.PLA.D08.LENO.12115","ok","sapling","Live",,,1.6,,,,,,,,1.6,10,,,,"gKlTR8ZroBmVFSkzxA4yQazmYWlx7WaI","9y6NQSbuV6GzYP422liEmX9wFUt216Yv","legacyData"
"b8282014-a6ae-4fd2-9e16-29e865425a0b","LENO_070.basePlot.vst","2016-10-26","vst_LENO_2016","D08","LENO","LENO_070",,"NEON.PLA.D08.LENO.08395","ok","small tree","Live",1.2,130,2.1,,,,,,,,,,,,,"gKlTR8ZroBmVFSkzxA4yQazmYWlx7WaI","9y6NQSbuV6GzYP422liEmX9wFUt216Yv","legacyData"
"24d74ae4-7443-4d18-890f-1d44d0bd5c19","LENO_070.basePlot.vst","2016-10-26","vst_LENO_2016","D08","LENO","LENO_070",,"NEON.PLA.D08.LENO.08381","ok","single bole tree","Live",36.6,130,23.0,,,,,,,,,,,,,"gKlTR8ZroBmVFSkzxA4yQazmYWlx7WaI","9y6NQSbuV6GzYP422liEmX9wFUt216Yv","legacyData"
"1db478e0-e6e5-4724-9b24-f5e4172c1018","LENO_070.basePlot.vst","2016-10-26","vst_LENO_2016","D08","LENO","LENO_070",,"NEON.PLA.D08.LENO.08374","ok","single shrub","Live",3.1,130,23.8,,,,6.2,2.3,,"inverted cone",3.8,10,1.40,1.40,,"gKlTR8ZroBmVFSkzxA4yQazmYWlx7WaI","9y6NQSbuV6GzYP422liEmX9wFUt216Yv","legacyData"
"8e9fc21a-b5cf-46ca-8330-eac66b13f2a3","LENO_070.basePlot.vst","2016-10-26","vst_LENO_2016","D08","LENO","LENO_070",,"NEON.PLA.D08.LENO.12305","ok","small tree","Live,  other damage",4.2,130,3.5,,,,,,,,,,,,,"gKlTR8ZroBmVFSkzxA4yQazmYWlx7WaI","9y6NQSbuV6GzYP422liEmX9wFUt216Yv","legacyData"
"036c68c8-7bec-46e0-b3a5-61e030344fe1","LENO_070.basePlot.vst","2016-10-26","vst_LENO_2016","D08","LENO","LENO_070",,"NEON.PLA.D08.LENO.12304","ok","small tree","Live",4.2,130,5.6,,,,,,,,,,,,,"gKlTR8ZroBmVFSkzxA4yQazmYWlx7WaI","9y6NQSbuV6GzYP422liEmX9wFUt216Yv","legacyData"
"51e9193a-d4a2-415f-829f-311bf5ea00cb","LENO_070.basePlot.vst","2016-10-26","vst_LENO_2016","D08","LENO","LENO_070",,"NEON.PLA.D08.LENO.08404","ok","small tree","Live",3.7,130,3.1,,,,,,,,,,,,,"gKlTR8ZroBmVFSkzxA4yQazmYWlx7WaI","9y6NQSbuV6GzYP422liEmX9wFUt216Yv","legacyData"
"629d440b-f73c-40c0-ba9f-1957e43b1b7e","LENO_070.basePlot.vst","2016-10-26","vst_LENO_2016","D08","LENO","LENO_070",,"NEON.PLA.D08.LENO.08390","ok","single shrub","Live",1.6,130,4.0,,,,3.4,1.9,,"inverted cone",2.2,10,0.80,0.50,,"gKlTR8ZroBmVFSkzxA4yQazmYWlx7WaI","9y6NQSbuV6GzYP422liEmX9wFUt216Yv","legacyData"
"7f04b246-41d1-4f0a-8ec8-3c152ddb7b6f","LENO_070.basePlot.vst","2016-10-26","vst_LENO_2016","D08","LENO","LENO_070",,"NEON.PLA.D08.LENO.12133","ok","liana","Live",5.4,50,,,,,,,,,,,,,"case f","gKlTR8ZroBmVFSkzxA4yQazmYWlx7WaI","9y6NQSbuV6GzYP422liEmX9wFUt216Yv","legacyData"
"1e956ae3-c820-4015-a214-337ff9c0b3fc","LENO_070.basePlot.vst","2016-10-26","vst_LENO_2016","D08","LENO","LENO_070",,"NEON.PLA.D08.LENO.08416","ok","single bole tree","Live",21.8,130,16.1,,,,,,,,,,,,,"gKlTR8ZroBmVFSkzxA4yQazmYWlx7WaI","9y6NQSbuV6GzYP422liEmX9wFUt216Yv","legacyData"
"47238bad-f938-4050-8337-84df5d824e49","LENO_070.basePlot.vst","2016-10-26","vst_LENO_2016","D08","LENO","LENO_070",,"NEON.PLA.D08.LENO.08412","ok","single bole tree","Live",13.8,130,7.4,,,,,,,,,,,,,"gKlTR8ZroBmVFSkzxA4yQazmYWlx7WaI","9y6NQSbuV6GzYP422liEmX9wFUt216Yv","legacyData"
"464bca01-c4e8-4626-9353-75092c5f132a","LENO_070.basePlot.vst","2016-10-26","vst_LENO_2016","D08","LENO","LENO_070",,"NEON.PLA.D08.LENO.08371","ok","single bole tree","Live",14.0,130,10.2,,,,,,,,,,,,,"gKlTR8ZroBmVFSkzxA4yQazmYWlx7WaI","9y6NQSbuV6GzYP422liEmX9wFUt216Yv","legacyData"
"14b70a5c-3500-4765-9618-eb1f25c6de15","LENO_070.basePlot.vst","2016-10-26","vst_LENO_2016","D08","LENO","LENO_070",,"NEON.PLA.D08.LENO.08402","ok","small tree","Live",2.8,130,4.6,,,,,,,,,,,,,"gKlTR8ZroBmVFSkzxA4yQazmYWlx7WaI","9y6NQSbuV6GzYP422liEmX9wFUt216Yv","legacyData"
"46f2b8a3-7883-41e2-9dbd-0eea8da5ef51","LENO_070.basePlot.vst","2016-10-26","vst_LENO_2016","D08","LENO","LENO_070",,"NEON.PLA.D08.LENO.08392","ok","small tree","Live",1.6,130,3.2,,,,,,,,,,,,,"gKlTR8ZroBmVFSkzxA4yQazmYWlx7WaI","9y6NQSbuV6GzYP422liEmX9wFUt216Yv","legacyData"
"28a74923-a547-4c37-b56f-b0301fe71bd4","LENO_070.basePlot.vst","2016-10-26","vst_LENO_2016","D08","LENO","LENO_070",,"NEON.PLA.D08.LENO.08399","ok","small tree","Live",2.1,130,4.6,,,,,,,,,,,,,"gKlTR8ZroBmVFSkzxA4yQazmYWlx7WaI","9y6NQSbuV6GzYP422liEmX9wFUt216Yv","legacyData"
"71caec32-8912-42aa-be08-cb5a642c907b","LENO_070.basePlot.vst","2016-10-26","vst_LENO_2016","D08","LENO","LENO_070",,"NEON.PLA.D08.LENO.08337","ok","single shrub","Live",4.6,130,4.8,,,,5.1,2.7,,"inverted cone",5.4,10,0.60,0.50,,"gKlTR8ZroBmVFSkzxA4yQazmYWlx7WaI","9y6NQSbuV6GzYP422liEmX9wFUt216Yv","legacyData"
"a1c242f3-7c7c-435e-ba32-3e02d78158dd","LENO_070.basePlot.vst","2016-10-26","vst_LENO_2016","D08","LENO","LENO_070",,"NEON.PLA.D08.LENO.08335","ok","single bole tree","Live",15.3,130,12.8,,,,,,,,,,,,,"gKlTR8ZroBmVFSkzxA4yQazmYWlx7WaI","9y6NQSbuV6GzYP422liEmX9wFUt216Yv","legacyData"
"9766000f-026e-4a86-aac8-3ce2ade3b525","LENO_070.basePlot.vst","2016-10-26","vst_LENO_2016","D08","LENO","LENO_070",,"NEON.PLA.D08.LENO.08359","ok","single bole tree","Live",46.0,130,32.9,,,,,,,,,,,,,"gKlTR8ZroBmVFSkzxA4yQazmYWlx7WaI","9y6NQSbuV6GzYP422liEmX9wFUt216Yv","legacyData"
"389c4f74-7f42-4418-bf09-5572a9d5a883","LENO_070.basePlot.vst","2016-10-26","vst_LENO_2016","D08","LENO","LENO_070",,"NEON.PLA.D08.LENO.08334","ok","single bole tree","Live",32.6,120,23.5,,,,,,,,,,,,,"gKlTR8ZroBmVFSkzxA4yQazmYWlx7WaI","9y6NQSbuV6GzYP422liEmX9wFUt216Yv","legacyData"
"8bf877f0-b45b-405b-aa7e-a8a481843b9a","LENO_070.basePlot.vst","2016-10-26","vst_LENO_2016","D08","LENO","LENO_070",,"NEON.PLA.D08.LENO.08332","ok","single shrub","Standing dead",2.2,130,2.4,,,,2.5,1.4,,"inverted cone",3.0,10,0.50,0.40,,"gKlTR8ZroBmVFSkzxA4yQazmYWlx7WaI","9y6NQSbuV6GzYP422liEmX9wFUt216Yv","legacyData"
"021e1188-5e6b-4cee-9a71-5279fae8f495","LENO_070.basePlot.vst","2016-10-26","vst_LENO_2016","D08","LENO","LENO_070",,"NEON.PLA.D08.LENO.08372","ok","single bole tree","Live",29.8,130,23.6,,,,,,,,,,,,,"gKlTR8ZroBmVFSkzxA4yQazmYWlx7WaI","9y6NQSbuV6GzYP422liEmX9wFUt216Yv","legacyData"
"f465cd58-55d2-42c2-a1e0-b22b931f7f79","LENO_070.basePlot.vst","2016-10-26","vst_LENO_2016","D08","LENO","LENO_070",,"NEON.PLA.D08.LENO.08393","ok","liana","Live",1.9,50,,,,,,,,,,,,,"CASE F","gKlTR8ZroBmVFSkzxA4yQazmYWlx7WaI","9y6NQSbuV6GzYP422liEmX9wFUt216Yv","legacyData"
"290e7b3e-3c87-4d96-b6dd-c18e5540ecf0","LENO_070.basePlot.vst","2016-10-26","vst_LENO_2016","D08","LENO","LENO_070",,"NEON.PLA.D08.LENO.08337","ok","single shrub","Live",2.1,130,4.8,,,,5.1,2.7,,"inverted cone",2.8,10,0.60,0.50,,"gKlTR8ZroBmVFSkzxA4yQazmYWlx7WaI","9y6NQSbuV6GzYP422liEmX9wFUt216Yv","legacyData"
"64f882f8-1d72-400c-aa96-4baf0119a495","LENO_070.basePlot.vst","2016-10-26","vst_LENO_2016","D08","LENO","LENO_070",,"NEON.PLA.D08.LENO.12309","ok","liana","Live",2.1,130,,,,,,,,,,,,,"case a","gKlTR8ZroBmVFSkzxA4yQazmYWlx7WaI","9y6NQSbuV6GzYP422liEmX9wFUt216Yv","legacyData"
"6b74b338-8538-4a43-910c-f65c34cdbe08","LENO_070.basePlot.vst","2016-10-26","vst_LENO_2016","D08","LENO","LENO_070",,"NEON.PLA.D08.LENO.08355","ok","single bole tree","Live",97.4,130,31.6,,,,,,,,,,,,,"gKlTR8ZroBmVFSkzxA4yQazmYWlx7WaI","9y6NQSbuV6GzYP422liEmX9wFUt216Yv","legacyData"
"2a355771-d46d-4c7e-9936-93b8af767974","LENO_070.basePlot.vst","2016-10-26","vst_LENO_2016","D08","LENO","LENO_070",,"NEON.PLA.D08.LENO.08328","ok","single shrub","Live",2.0,130,4.2,,,,2.9,1.8,,"inverted cone",2.8,10,0.40,0.30,,"gKlTR8ZroBmVFSkzxA4yQazmYWlx7WaI","9y6NQSbuV6GzYP422liEmX9wFUt216Yv","legacyData"
"413fe585-4fea-49b8-b937-fe8f00c3db7e","LENO_070.basePlot.vst","2016-10-26","vst_LENO_2016","D08","LENO","LENO_070",,"NEON.PLA.D08.LENO.08360","ok","single bole tree","Live",36.7,130,25.6,,,,,,,,,,,,,"gKlTR8ZroBmVFSkzxA4yQazmYWlx7WaI","9y6NQSbuV6GzYP422liEmX9wFUt216Yv","legacyData"
"c630e4fd-13e4-4f39-a855-b610aa9f6834","LENO_070.basePlot.vst","2016-10-26","vst_LENO_2016","D08","LENO","LENO_070",,"NEON.PLA.D08.LENO.14700","ok","liana","Live",1.4,50,,,,,,,,,,,,,"CASE F","gKlTR8ZroBmVFSkzxA4yQazmYWlx7WaI","9y6NQSbuV6GzYP422liEmX9wFUt216Yv","legacyData"
"d9714038-b1cf-4c42-810e-cdc1bcbb83d4","LENO_070.basePlot.vst","2016-10-26","vst_LENO_2016","D08","LENO","LENO_070",,"NEON.PLA.D08.LENO.12310","ok","liana","Live",1.2,130,,,,,,,,,,,,,"CASE A","gKlTR8ZroBmVFSkzxA4yQazmYWlx7WaI","9y6NQSbuV6GzYP422liEmX9wFUt216Yv","legacyData"
"441b44fa-cbb8-4fc6-9647-4e88d222f40f","LENO_070.basePlot.vst","2016-10-26","vst_LENO_2016","D08","LENO","LENO_070",,"NEON.PLA.D08.LENO.14607","ok","single bole tree","Live,  other damage",24.3,130,6.4,,,,,,,,,,,,,"gKlTR8ZroBmVFSkzxA4yQazmYWlx7WaI","9y6NQSbuV6GzYP422liEmX9wFUt216Yv","legacyData"
"1ace94bb-5417-4961-8207-716c48ee8aa1","LENO_070.basePlot.vst","2016-10-26","vst_LENO_2016","D08","LENO","LENO_070",,"NEON.PLA.D08.LENO.08343","ok","sapling","Live",,,2.0,,,,,,,,1.3,10,,,,"gKlTR8ZroBmVFSkzxA4yQazmYWlx7WaI","9y6NQSbuV6GzYP422liEmX9wFUt216Yv","legacyData"
"e53e4580-ee74-481a-8a94-f1b5feb08057","LENO_070.basePlot.vst","2016-10-26","vst_LENO_2016","D08","LENO","LENO_070",,"NEON.PLA.D08.LENO.14601","ok","single bole tree","Standing dead",10.0,130,2.7,,,,,,,,,,,,,"gKlTR8ZroBmVFSkzxA4yQazmYWlx7WaI","9y6NQSbuV6GzYP422liEmX9wFUt216Yv","legacyData"
"16b4423a-4a1e-48d4-86d0-d9ebc7948f07","LENO_070.basePlot.vst","2016-10-26","vst_LENO_2016","D08","LENO","LENO_070",,"NEON.PLA.D08.LENO.08380","ok","single bole tree","Live",11.7,130,5.6,,,,,,,,,,,,,"gKlTR8ZroBmVFSkzxA4yQazmYWlx7WaI","9y6NQSbuV6GzYP422liEmX9wFUt216Yv","legacyData"
"ef407063-0159-4dcb-9ecf-3d8026a25d66","LENO_070.basePlot.vst","2016-10-26","vst_LENO_2016","D08","LENO","LENO_070",,"NEON.PLA.D08.LENO.08388","ok","single bole tree","Live",33.5,130,25.2,,,,,,,,,,,,,"gKlTR8ZroBmVFSkzxA4yQazmYWlx7WaI","9y6NQSbuV6GzYP422liEmX9wFUt216Yv","legacyData"
"8f95b9e8-ea13-4571-9548-a30f0a832b6d","LENO_070.basePlot.vst","2016-10-26","vst_LENO_2016","D08","LENO","LENO_070",,"NEON.PLA.D08.LENO.08405","ok","liana","Live",3.0,50,,,,,,,,,,,,,"CASE F","gKlTR8ZroBmVFSkzxA4yQazmYWlx7WaI","9y6NQSbuV6GzYP422liEmX9wFUt216Yv","legacyData"
"79259903-e48a-4c55-a264-a8494f1f90be","LENO_070.basePlot.vst","2016-10-26","vst_LENO_2016","D08","LENO","LENO_070",,"NEON.PLA.D08.LENO.08332","ok","single shrub","Live",1.7,130,2.4,,,,2.5,1.4,,"inverted cone",2.6,10,0.50,0.40,,"gKlTR8ZroBmVFSkzxA4yQazmYWlx7WaI","9y6NQSbuV6GzYP422liEmX9wFUt216Yv","legacyData"
"36d0a96c-95fe-4ad9-a0c9-6a01f7b9e528","LENO_070.basePlot.vst","2016-10-26","vst_LENO_2016","D08","LENO","LENO_070",,"NEON.PLA.D08.LENO.08394","ok","liana","Live",2.4,50,,,,,,,,,,,,,"CASE F","gKlTR8ZroBmVFSkzxA4yQazmYWlx7WaI","9y6NQSbuV6GzYP422liEmX9wFUt216Yv","legacyData"
"5f80cdf6-3993-47ab-88f5-fa72f1578d30","LENO_070.basePlot.vst","2016-10-26","vst_LENO_2016","D08","LENO","LENO_070",,"NEON.PLA.D08.LENO.08350","ok","small tree","Live",3.2,130,5.8,,,,,,,,,,,,,"gKlTR8ZroBmVFSkzxA4yQazmYWlx7WaI","9y6NQSbuV6GzYP422liEmX9wFUt216Yv","legacyData"
"5abbc9e8-278e-449d-a6af-b590171ce793","LENO_070.basePlot.vst","2016-10-26","vst_LENO_2016","D08","LENO","LENO_070",,"NEON.PLA.D08.LENO.08352","ok","small tree","Live",1.9,130,3.0,,,,,,,,,,,,,"gKlTR8ZroBmVFSkzxA4yQazmYWlx7WaI","9y6NQSbuV6GzYP422liEmX9wFUt216Yv","legacyData"
"d577f615-9c9d-42f3-8a63-ba2cd773648e","LENO_070.basePlot.vst","2016-10-26","vst_LENO_2016","D08","LENO","LENO_070",,"NEON.PLA.D08.LENO.08396","ok","liana","Live",1.2,50,,,,,,,,,,,,,"CASE F","gKlTR8ZroBmVFSkzxA4yQazmYWlx7WaI","9y6NQSbuV6GzYP422liEmX9wFUt216Yv","legacyData"
"00e3f20d-206f-42a0-a7c1-51898a37c5ad","LENO_070.basePlot.vst","2016-10-26","vst_LENO_2016","D08","LENO","LENO_070",,"NEON.PLA.D08.LENO.14603","ok","small tree","Live",1.7,130,2.1,,,,,,,,,,,,,"gKlTR8ZroBmVFSkzxA4yQazmYWlx7WaI","9y6NQSbuV6GzYP422liEmX9wFUt216Yv","legacyData"
"c04c3189-a07a-4cdb-8e88-5b1a2e9ed32e","LENO_070.basePlot.vst","2016-10-26","vst_LENO_2016","D08","LENO","LENO_070",,"NEON.PLA.D08.LENO.12112","ok","single bole tree","Live",13.1,130,12.0,,,,,,,,,,,,,"gKlTR8ZroBmVFSkzxA4yQazmYWlx7WaI","9y6NQSbuV6GzYP422liEmX9wFUt216Yv","legacyData"
"72f3696f-84ef-4921-b562-58cd7a7a6b61","LENO_070.basePlot.vst","2016-10-26","vst_LENO_2016","D08","LENO","LENO_070",,"NEON.PLA.D08.LENO.08407","ok","small tree","Live",2.0,130,3.1,,,,,,,,,,,,,"gKlTR8ZroBmVFSkzxA4yQazmYWlx7WaI","9y6NQSbuV6GzYP422liEmX9wFUt216Yv","legacyData"
"ee5ba4d7-609a-4993-a104-9d2002dc3e67","LENO_070.basePlot.vst","2016-10-26","vst_LENO_2016","D08","LENO","LENO_070",,"NEON.PLA.D08.LENO.08378","ok","small tree","Live",1.5,130,2.5,,,,,,,,,,,,,"gKlTR8ZroBmVFSkzxA4yQazmYWlx7WaI","9y6NQSbuV6GzYP422liEmX9wFUt216Yv","legacyData"
"7efdaff9-e8c5-42da-9245-3d5b27e51719","LENO_070.basePlot.vst","2016-10-26","vst_LENO_2016","D08","LENO","LENO_070",,"NEON.PLA.D08.LENO.12372","ok","small tree","Live",2.1,130,2.9,,,,,,,,,,,,,"gKlTR8ZroBmVFSkzxA4yQazmYWlx7WaI","9y6NQSbuV6GzYP422liEmX9wFUt216Yv","legacyData"
"7c5ca633-671e-455a-959c-1f613c94fcd0","LENO_070.basePlot.vst","2016-10-26","vst_LENO_2016","D08","LENO","LENO_070",,"NEON.PLA.D08.LENO.08340","ok","single shrub","Standing dead",3.7,130,3.2,,,,3.8,1.4,,"inverted cone",3.9,10,0.70,0.50,,"gKlTR8ZroBmVFSkzxA4yQazmYWlx7WaI","9y6NQSbuV6GzYP422liEmX9wFUt216Yv","legacyData"
"b8c798be-0797-4953-837e-866464dc0bf6","LENO_070.basePlot.vst","2016-10-26","vst_LENO_2016","D08","LENO","LENO_070",,"NEON.PLA.D08.LENO.12127","ok","liana","Live",3.7,50,,,,,,,,,,,,,"case f","gKlTR8ZroBmVFSkzxA4yQazmYWlx7WaI","9y6NQSbuV6GzYP422liEmX9wFUt216Yv","legacyData"
"462d9674-57f0-43b3-9f94-4e780ee5e425","LENO_070.basePlot.vst","2016-10-26","vst_LENO_2016","D08","LENO","LENO_070",,"NEON.PLA.D08.LENO.12119","ok","sapling","Live",,,,,,,,,,,1.3,10,,,,"gKlTR8ZroBmVFSkzxA4yQazmYWlx7WaI","9y6NQSbuV6GzYP422liEmX9wFUt216Yv","legacyData"
"b43927fa-e58a-4702-a221-dcc7437150ba","LENO_070.basePlot.vst","2016-10-26","vst_LENO_2016","D08","LENO","LENO_070",,"NEON.PLA.D08.LENO.08353","ok","single shrub","Live",3.4,130,8.1,,,,5.6,3.7,,"inverted cone",4.7,10,2.20,2.00,,"gKlTR8ZroBmVFSkzxA4yQazmYWlx7WaI","9y6NQSbuV6GzYP422liEmX9wFUt216Yv","legacyData"
"dc6a33e2-2960-47a1-89d9-166cefb40636","LENO_070.basePlot.vst","2016-10-26","vst_LENO_2016","D08","LENO","LENO_070",,"NEON.PLA.D08.LENO.08324","ok","small tree","Live",9.1,130,7.3,,,,,,,,,,,,,"gKlTR8ZroBmVFSkzxA4yQazmYWlx7WaI","9y6NQSbuV6GzYP422liEmX9wFUt216Yv","legacyData"
"86634662-2f97-4325-9487-90865f47beba","LENO_070.basePlot.vst","2016-10-26","vst_LENO_2016","D08","LENO","LENO_070",,"NEON.PLA.D08.LENO.12370","ok","single shrub","Live,  other damage",5.7,130,3.7,,,,4.1,2.5,,"inverted cone",6.1,10,1.40,1.20,,"gKlTR8ZroBmVFSkzxA4yQazmYWlx7WaI","9y6NQSbuV6GzYP422liEmX9wFUt216Yv","legacyData"
"faed37f8-2f06-4369-94b8-3339f73f9881","LENO_070.basePlot.vst","2016-10-26","vst_LENO_2016","D08","LENO","LENO_070",,"NEON.PLA.D08.LENO.08353","ok","single shrub","Live",,,8.1,,,,5.6,3.7,,"inverted cone",1.7,10,2.20,2.00,,"gKlTR8ZroBmVFSkzxA4yQazmYWlx7WaI","9y6NQSbuV6GzYP422liEmX9wFUt216Yv","legacyData"
"9e80a7a7-32ac-49a4-a461-3dfa757933b2","LENO_070.basePlot.vst","2016-10-26","vst_LENO_2016","D08","LENO","LENO_070",,"NEON.PLA.D08.LENO.12122","ok","liana","Live",2.0,50,,,,,,,,,,,,,"CASE F","gKlTR8ZroBmVFSkzxA4yQazmYWlx7WaI","9y6NQSbuV6GzYP422liEmX9wFUt216Yv","legacyData"
"e0942718-209e-4e8e-b17d-4bf9b54f0551","LENO_070.basePlot.vst","2016-10-26","vst_LENO_2016","D08","LENO","LENO_070",,"NEON.PLA.D08.LENO.12316","ok","single shrub","Live",2.3,130,3.7,,,,3.3,2.6,,"inverted cone",3.2,10,0.60,0.50,,"gKlTR8ZroBmVFSkzxA4yQazmYWlx7WaI","9y6NQSbuV6GzYP422liEmX9wFUt216Yv","legacyData"
"b3fe1109-35db-4859-8854-3bbe07426e1a","LENO_070.basePlot.vst","2016-10-26","vst_LENO_2016","D08","LENO","LENO_070",,"NEON.PLA.D08.LENO.08386","ok","small tree","Live",1.0,130,1.9,,,,,,,,,,,,,"gKlTR8ZroBmVFSkzxA4yQazmYWlx7WaI","9y6NQSbuV6GzYP422liEmX9wFUt216Yv","legacyData"
"075484da-87c8-47c9-946b-ba1681fa071a","LENO_070.basePlot.vst","2016-10-26","vst_LENO_2016","D08","LENO","LENO_070",,"NEON.PLA.D08.LENO.08370","ok","single bole tree","Live",36.2,130,32.0,,,,,,,,,,,,,"gKlTR8ZroBmVFSkzxA4yQazmYWlx7WaI","9y6NQSbuV6GzYP422liEmX9wFUt216Yv","legacyData"
"b909bf94-6d80-457f-aaf0-bf994b27a839","LENO_070.basePlot.vst","2016-10-26","vst_LENO_2016","D08","LENO","LENO_070",,"NEON.PLA.D08.LENO.12125","ok","liana","Live",3.9,50,,,,,,,,,,,,,"case f","gKlTR8ZroBmVFSkzxA4yQazmYWlx7WaI","9y6NQSbuV6GzYP422liEmX9wFUt216Yv","legacyData"
"570bbde8-42f8-4abb-81f8-ccad88bc0062","LENO_070.basePlot.vst","2016-10-26","vst_LENO_2016","D08","LENO","LENO_070",,"NEON.PLA.D08.LENO.08353","ok","single shrub","Live",7.6,130,8.1,,,,5.6,3.7,,"inverted cone",9.9,10,2.20,2.00,,"gKlTR8ZroBmVFSkzxA4yQazmYWlx7WaI","9y6NQSbuV6GzYP422liEmX9wFUt216Yv","legacyData"
"f2de52a9-a64e-4db6-9d3d-8ecb02523ba1","LENO_070.basePlot.vst","2016-10-26","vst_LENO_2016","D08","LENO","LENO_070",,"NEON.PLA.D08.LENO.08377","ok","single bole tree","Live",18.5,130,19.1,,,,,,,,,,,,,"gKlTR8ZroBmVFSkzxA4yQazmYWlx7WaI","9y6NQSbuV6GzYP422liEmX9wFUt216Yv","legacyData"
"098c857f-c614-4db2-ae6c-49df19993d4e","LENO_070.basePlot.vst","2016-10-26","vst_LENO_2016","D08","LENO","LENO_070",,"NEON.PLA.D08.LENO.08403","ok","single bole tree","Live",10.7,130,9.1,,,,,,,,,,,,,"gKlTR8ZroBmVFSkzxA4yQazmYWlx7WaI","9y6NQSbuV6GzYP422liEmX9wFUt216Yv","legacyData"
"a8c72ab5-f31c-4290-8044-c9d785c0596f","LENO_070.basePlot.vst","2016-10-26","vst_LENO_2016","D08","LENO","LENO_070",,"NEON.PLA.D08.LENO.08346","ok","sapling","Live",,,2.0,,,,,,,,1.2,10,,,,"gKlTR8ZroBmVFSkzxA4yQazmYWlx7WaI","9y6NQSbuV6GzYP422liEmX9wFUt216Yv","legacyData"
"ad7af49a-16ac-4fe0-ad62-95f2315a8086","LENO_070.basePlot.vst","2016-10-26","vst_LENO_2016","D08","LENO","LENO_070",,"NEON.PLA.D08.LENO.08349","ok","single bole tree","Live",16.2,130,16.0,,,,,,,,,,,,,"gKlTR8ZroBmVFSkzxA4yQazmYWlx7WaI","9y6NQSbuV6GzYP422liEmX9wFUt216Yv","legacyData"
"a078ab23-9417-4ef9-a016-717af06179bf","LENO_070.basePlot.vst","2016-10-26","vst_LENO_2016","D08","LENO","LENO_070",,"NEON.PLA.D08.LENO.08385","ok","liana","Live",2.5,50,,,,,,,,,,,,,"CASE F","gKlTR8ZroBmVFSkzxA4yQazmYWlx7WaI","9y6NQSbuV6GzYP422liEmX9wFUt216Yv","legacyData"
"480de139-a7a8-442a-a850-e996b0777db7","LENO_070.basePlot.vst","2016-10-26","vst_LENO_2016","D08","LENO","LENO_070",,"NEON.PLA.D08.LENO.08327","ok","small tree","Live",1.5,130,2.6,,,,,,,,,,,,,"gKlTR8ZroBmVFSkzxA4yQazmYWlx7WaI","9y6NQSbuV6GzYP422liEmX9wFUt216Yv","legacyData"
"4b5e4beb-f054-4869-bda3-ea5c233953e4","LENO_070.basePlot.vst","2016-10-26","vst_LENO_2016","D08","LENO","LENO_070",,"NEON.PLA.D08.LENO.12317","ok","liana","Live",1.7,130,,,,,,,,,,,,,"case a","gKlTR8ZroBmVFSkzxA4yQazmYWlx7WaI","9y6NQSbuV6GzYP422liEmX9wFUt216Yv","legacyData"
"c8c42b24-4b2b-4625-860f-12aa5bd0e5ac","LENO_070.basePlot.vst","2016-10-26","vst_LENO_2016","D08","LENO","LENO_070",,"NEON.PLA.D08.LENO.12123","ok","liana","Live",1.3,50,,,,,,,,,,,,,"CASE F","gKlTR8ZroBmVFSkzxA4yQazmYWlx7WaI","9y6NQSbuV6GzYP422liEmX9wFUt216Yv","legacyData"
"f6834917-1491-4254-a43e-5b40104a5af3","LENO_070.basePlot.vst","2016-10-26","vst_LENO_2016","D08","LENO","LENO_070",,"NEON.PLA.D08.LENO.08369","ok","single bole tree","Live",35.7,130,32.6,,,,,,,,,,,,,"gKlTR8ZroBmVFSkzxA4yQazmYWlx7WaI","9y6NQSbuV6GzYP422liEmX9wFUt216Yv","legacyData"
"4053ba68-dd9e-4175-8c6d-eb55f2d4ae8d","LENO_064.basePlot.vst","2016-10-31","vst_LENO_2016","D08","LENO","LENO_064",,"NEON.PLA.D08.LENO.08159","ok","single bole tree","Live",23.0,130,23.2,,,,,,,,,,,,,"gKlTR8ZroBmVFSkzxA4yQazmYWlx7WaI","i++YfdKxcrxXYVscbSnlRu1P6zrsNmWH","legacyData"
"e1657208-315a-474f-a1f7-a0942533bffe","LENO_064.basePlot.vst","2016-10-31","vst_LENO_2016","D08","LENO","LENO_064",,"NEON.PLA.D08.LENO.08423","ok","small tree","Live",7.0,130,3.6,,,,,,,,,,,,,"gKlTR8ZroBmVFSkzxA4yQazmYWlx7WaI","i++YfdKxcrxXYVscbSnlRu1P6zrsNmWH","legacyData"
"522e577a-4092-481b-9376-b3eb0381e905","LENO_064.basePlot.vst","2016-10-31","vst_LENO_2016","D08","LENO","LENO_064",,"NEON.PLA.D08.LENO.08158","ok","small tree","Live",8.2,130,8.3,,,,,,,,,,,,,"gKlTR8ZroBmVFSkzxA4yQazmYWlx7WaI","i++YfdKxcrxXYVscbSnlRu1P6zrsNmWH","legacyData"
"2e0ff590-ffaf-4ff5-86ed-d2e3cf158072","LENO_064.basePlot.vst","2016-10-31","vst_LENO_2016","D08","LENO","LENO_064",,"NEON.PLA.D08.LENO.08174","ok","single bole tree","Live",14.2,130,13.7,,,,,,,,,,,,,"gKlTR8ZroBmVFSkzxA4yQazmYWlx7WaI","i++YfdKxcrxXYVscbSnlRu1P6zrsNmWH","legacyData"
"57b50aed-33c5-4d81-b47b-c00e13c1bb5e","LENO_064.basePlot.vst","2016-10-31","vst_LENO_2016","D08","LENO","LENO_064",,"NEON.PLA.D08.LENO.12081","ok","liana","Live",2.3,130,,,,,,,,,,,,,"case a","gKlTR8ZroBmVFSkzxA4yQazmYWlx7WaI","i++YfdKxcrxXYVscbSnlRu1P6zrsNmWH","legacyData"
"f1a9a1c7-2d35-4a65-bc9c-ed3897bac459","LENO_064.basePlot.vst","2016-10-31","vst_LENO_2016","D08","LENO","LENO_064",,"NEON.PLA.D08.LENO.08432","ok","single bole tree","Live",12.8,130,13.6,,,,,,,,,,,,,"gKlTR8ZroBmVFSkzxA4yQazmYWlx7WaI","i++YfdKxcrxXYVscbSnlRu1P6zrsNmWH","legacyData"
"ff893392-1fca-45a2-b811-9988c4cd0af6","LENO_064.basePlot.vst","2016-10-31","vst_LENO_2016","D08","LENO","LENO_064",,"NEON.PLA.D08.LENO.12034","removed","small tree","Downed",,,,,,,,,,,,,,,,"gKlTR8ZroBmVFSkzxA4yQazmYWlx7WaI","i++YfdKxcrxXYVscbSnlRu1P6zrsNmWH","legacyData"
"717b1dff-5318-4cc3-a90a-1910f005097f","LENO_064.basePlot.vst","2016-10-31","vst_LENO_2016","D08","LENO","LENO_064",,"NEON.PLA.D08.LENO.12071","ok","liana","Live",2.3,50,,,,,,,,,,,,,"case f","gKlTR8ZroBmVFSkzxA4yQazmYWlx7WaI","i++YfdKxcrxXYVscbSnlRu1P6zrsNmWH","legacyData"
"4ebb2b26-d518-4b8b-80cb-72ed2179a489","LENO_064.basePlot.vst","2016-10-31","vst_LENO_2016","D08","LENO","LENO_064",,"NEON.PLA.D08.LENO.12077","ok","liana","Live",1.8,130,,,,,,,,,,,,,,"gKlTR8ZroBmVFSkzxA4yQazmYWlx7WaI","i++YfdKxcrxXYVscbSnlRu1P6zrsNmWH","legacyData"
"0e4f7c46-00c7-4a4c-bbaf-f21f0841dc73","LENO_064.basePlot.vst","2016-10-31","vst_LENO_2016","D08","LENO","LENO_064",,"NEON.PLA.D08.LENO.08187A","ok","multi-bole tree","Standing dead",12.2,130,1.4,,,,,,,,,,,,"broken crown","gKlTR8ZroBmVFSkzxA4yQazmYWlx7WaI","i++YfdKxcrxXYVscbSnlRu1P6zrsNmWH","legacyData"
"342e3111-7bea-4c87-ab12-5d4e5e4b468e","LENO_064.basePlot.vst","2016-10-31","vst_LENO_2016","D08","LENO","LENO_064",,"NEON.PLA.D08.LENO.08454","ok","small tree","Live",1.0,130,2.1,,,,,,,,,,,,,"gKlTR8ZroBmVFSkzxA4yQazmYWlx7WaI","i++YfdKxcrxXYVscbSnlRu1P6zrsNmWH","legacyData"
"2088a543-eea2-46f8-aa1f-05c422c66594","LENO_064.basePlot.vst","2016-10-31","vst_LENO_2016","D08","LENO","LENO_064",,"NEON.PLA.D08.LENO.12076","ok","liana","Live",2.0,130,,,,,,,,,,,,,"case a","gKlTR8ZroBmVFSkzxA4yQazmYWlx7WaI","i++YfdKxcrxXYVscbSnlRu1P6zrsNmWH","legacyData"
"405b3a45-4def-431e-8bb1-75241e3faa26","LENO_064.basePlot.vst","2016-10-31","vst_LENO_2016","D08","LENO","LENO_064",,"NEON.PLA.D08.LENO.08178","ok","single bole tree","Live",19.1,130,12.4,,,,,,,,,,,,,"gKlTR8ZroBmVFSkzxA4yQazmYWlx7WaI","i++YfdKxcrxXYVscbSnlRu1P6zrsNmWH","legacyData"
"75aa79f3-e20a-4936-8edb-4b49488da106","LENO_064.basePlot.vst","2016-10-31","vst_LENO_2016","D08","LENO","LENO_064",,"NEON.PLA.D08.LENO.08153","ok","sapling","Live",,,1.5,,,,,,,,1.3,10,,,,"gKlTR8ZroBmVFSkzxA4yQazmYWlx7WaI","i++YfdKxcrxXYVscbSnlRu1P6zrsNmWH","legacyData"
"14138c6b-72a9-4ac5-8e98-950d045da9f1","LENO_064.basePlot.vst","2016-10-31","vst_LENO_2016","D08","LENO","LENO_064",,"NEON.PLA.D08.LENO.08450","ok","single shrub","Live",,130,4.1,,,,3.4,2.3,,"inverted cone",1.1,10,1.70,0.80,"stemDiameter (0.1 cm) 0.7","gKlTR8ZroBmVFSkzxA4yQazmYWlx7WaI","i++YfdKxcrxXYVscbSnlRu1P6zrsNmWH","legacyData"
"0edc0a26-29e8-4325-bcd0-e792136f25e7","LENO_064.basePlot.vst","2016-10-31","vst_LENO_2016","D08","LENO","LENO_064",,"NEON.PLA.D08.LENO.08430","ok","single bole tree","Live",26.9,130,22.6,,,,,,,,,,,,,"gKlTR8ZroBmVFSkzxA4yQazmYWlx7WaI","i++YfdKxcrxXYVscbSnlRu1P6zrsNmWH","legacyData"
"638f6282-bd5c-42bd-85f8-3b511faf87d6","LENO_064.basePlot.vst","2016-10-31","vst_LENO_2016","D08","LENO","LENO_064",,"NEON.PLA.D08.LENO.12084","ok","liana","Live",1.7,130,,,,,,,,,,,,,"case a","gKlTR8ZroBmVFSkzxA4yQazmYWlx7WaI","i++YfdKxcrxXYVscbSnlRu1P6zrsNmWH","legacyData"
"71653b68-0002-4b7c-b87a-434cf3806562","LENO_064.basePlot.vst","2016-10-31","vst_LENO_2016","D08","LENO","LENO_064",,"NEON.PLA.D08.LENO.12085","ok","liana","Live",1.6,130,,,,,,,,,,,,,"case a","gKlTR8ZroBmVFSkzxA4yQazmYWlx7WaI","i++YfdKxcrxXYVscbSnlRu1P6zrsNmWH","legacyData"
"d836e9cf-e48b-44cf-b3c8-18083b078bcf","LENO_064.basePlot.vst","2016-10-31","vst_LENO_2016","D08","LENO","LENO_064",,"NEON.PLA.D08.LENO.08176","ok","single bole tree","Live",11.0,130,10.7,,,,,,,,,,,,,"gKlTR8ZroBmVFSkzxA4yQazmYWlx7WaI","i++YfdKxcrxXYVscbSnlRu1P6zrsNmWH","legacyData"
"42076f33-6dde-4f74-876a-36015f6d3ec3","LENO_064.basePlot.vst","2016-10-31","vst_LENO_2016","D08","LENO","LENO_064",,"NEON.PLA.D08.LENO.12222","ok","single bole tree","Live",10.3,130,11.6,,,,,,,,,,,,,"gKlTR8ZroBmVFSkzxA4yQazmYWlx7WaI","i++YfdKxcrxXYVscbSnlRu1P6zrsNmWH","legacyData"
"8764e0c6-4b8d-40d4-ac12-2da2a5cf25d5","LENO_064.basePlot.vst","2016-10-31","vst_LENO_2016","D08","LENO","LENO_064",,"NEON.PLA.D08.LENO.14625","ok","liana","Live",3.4,130,,,,,,,,,,,,,"case a","gKlTR8ZroBmVFSkzxA4yQazmYWlx7WaI","i++YfdKxcrxXYVscbSnlRu1P6zrsNmWH","legacyData"
"f96ae7bc-4264-45e7-b20d-3745abcd02f7","LENO_064.basePlot.vst","2016-10-31","vst_LENO_2016","D08","LENO","LENO_064",,"NEON.PLA.D08.LENO.08424","ok","single bole tree","Live",10.9,130,11.6,,,,,,,,,,,,,"gKlTR8ZroBmVFSkzxA4yQazmYWlx7WaI","i++YfdKxcrxXYVscbSnlRu1P6zrsNmWH","legacyData"
"57120c80-8af0-492d-89d1-0f46a0ebda8d","LENO_064.basePlot.vst","2016-10-31","vst_LENO_2016","D08","LENO","LENO_064",,"NEON.PLA.D08.LENO.08443","ok","single bole tree","Live",20.2,130,17.9,,,,,,,,,,,,,"gKlTR8ZroBmVFSkzxA4yQazmYWlx7WaI","i++YfdKxcrxXYVscbSnlRu1P6zrsNmWH","legacyData"
"cfc43089-314b-4a79-a7d8-6832f8162256","LENO_064.basePlot.vst","2016-10-31","vst_LENO_2016","D08","LENO","LENO_064",,"NEON.PLA.D08.LENO.08441","ok","single bole tree","Standing dead",47.0,130,14.5,,,,,,,,,,,,,"gKlTR8ZroBmVFSkzxA4yQazmYWlx7WaI","i++YfdKxcrxXYVscbSnlRu1P6zrsNmWH","legacyData"
"258a7989-22bc-4b0f-8e2f-81c19820b667","LENO_064.basePlot.vst","2016-10-31","vst_LENO_2016","D08","LENO","LENO_064",,"NEON.PLA.D08.LENO.12048","removed","liana","Downed",,,,,,,,,,,,,,,,"gKlTR8ZroBmVFSkzxA4yQazmYWlx7WaI","i++YfdKxcrxXYVscbSnlRu1P6zrsNmWH","legacyData"
"b99603c1-6207-43c4-905e-d1e001bdeb3a","LENO_064.basePlot.vst","2016-10-31","vst_LENO_2016","D08","LENO","LENO_064",,"NEON.PLA.D08.LENO.08172","removed","small tree","Downed",,,,,,,,,,,,,,,,"gKlTR8ZroBmVFSkzxA4yQazmYWlx7WaI","i++YfdKxcrxXYVscbSnlRu1P6zrsNmWH","legacyData"
"f866ef04-b95b-4adf-b504-33692455c544","LENO_064.basePlot.vst","2016-10-31","vst_LENO_2016","D08","LENO","LENO_064",,"NEON.PLA.D08.LENO.12056","ok","liana","Live",1.7,50,,,,,,,,,,,,,"case f","gKlTR8ZroBmVFSkzxA4yQazmYWlx7WaI","i++YfdKxcrxXYVscbSnlRu1P6zrsNmWH","legacyData"
"b10408d8-9cdb-4748-a8e6-e418d9ae9827","LENO_064.basePlot.vst","2016-10-31","vst_LENO_2016","D08","LENO","LENO_064",,"NEON.PLA.D08.LENO.08458","ok","single bole tree","Live",39.0,130,23.0,,,,,,,,,,,,,"gKlTR8ZroBmVFSkzxA4yQazmYWlx7WaI","i++YfdKxcrxXYVscbSnlRu1P6zrsNmWH","legacyData"
"26ecf3fd-a7e9-401b-babf-94fb6be33ce4","LENO_064.basePlot.vst","2016-10-31","vst_LENO_2016","D08","LENO","LENO_064",,"NEON.PLA.D08.LENO.14624","ok","liana","Live",1.2,130,,,,,,,,,,,,,"case a","gKlTR8ZroBmVFSkzxA4yQazmYWlx7WaI","i++YfdKxcrxXYVscbSnlRu1P6zrsNmWH","legacyData"
"132df0ae-6191-404a-89a9-d9826e4865ee","LENO_064.basePlot.vst","2016-10-31","vst_LENO_2016","D08","LENO","LENO_064",,"NEON.PLA.D08.LENO.12086","ok","liana","Live",1.3,130,,,,,,,,,,,,,,"gKlTR8ZroBmVFSkzxA4yQazmYWlx7WaI","i++YfdKxcrxXYVscbSnlRu1P6zrsNmWH","legacyData"
"b274a35e-7428-49b8-a9ed-570c451eee3f","LENO_064.basePlot.vst","2016-10-31","vst_LENO_2016","D08","LENO","LENO_064",,"NEON.PLA.D08.LENO.12031","ok","single bole tree","Standing dead",13.1,130,4.0,,,,,,,,,,,,,"gKlTR8ZroBmVFSkzxA4yQazmYWlx7WaI","i++YfdKxcrxXYVscbSnlRu1P6zrsNmWH","legacyData"
"f900c0b8-03b2-4fb2-b0b9-32b584f71775","LENO_064.basePlot.vst","2016-10-31","vst_LENO_2016","D08","LENO","LENO_064",,"NEON.PLA.D08.LENO.08152","ok","sapling","Live",,,1.8,,,,,,,,1.2,10,,,,"gKlTR8ZroBmVFSkzxA4yQazmYWlx7WaI","i++YfdKxcrxXYVscbSnlRu1P6zrsNmWH","legacyData"
"99293e8f-db33-462d-8bd5-c603af66fe9a","LENO_064.basePlot.vst","2016-10-31","vst_LENO_2016","D08","LENO","LENO_064",,"NEON.PLA.D08.LENO.14626","ok","liana","Live",1.2,50,,,,,,,,,,,,,"case f","gKlTR8ZroBmVFSkzxA4yQazmYWlx7WaI","i++YfdKxcrxXYVscbSnlRu1P6zrsNmWH","legacyData"
"a853d0ce-ca3f-41cc-8c19-d967aecee64b","LENO_064.basePlot.vst","2016-10-31","vst_LENO_2016","D08","LENO","LENO_064",,"NEON.PLA.D08.LENO.14617","ok","sapling","Live",,,0.5,,,,,,,,1.1,10,,,,"gKlTR8ZroBmVFSkzxA4yQazmYWlx7WaI","i++YfdKxcrxXYVscbSnlRu1P6zrsNmWH","legacyData"
"7916e1cd-176d-4e32-a80d-8fbd032b6b55","LENO_064.basePlot.vst","2016-10-31","vst_LENO_2016","D08","LENO","LENO_064",,"NEON.PLA.D08.LENO.08431","ok","single bole tree","Standing dead",11.5,130,3.4,,,,,,,,,,,,,"gKlTR8ZroBmVFSkzxA4yQazmYWlx7WaI","i++YfdKxcrxXYVscbSnlRu1P6zrsNmWH","legacyData"
"40ff4a16-cbc8-4fe3-9289-1820eb4768ba","LENO_064.basePlot.vst","2016-10-31","vst_LENO_2016","D08","LENO","LENO_064",,"NEON.PLA.D08.LENO.12062","ok","liana","Live",4.8,130,,,,,,,,,,,,,"case a","gKlTR8ZroBmVFSkzxA4yQazmYWlx7WaI","i++YfdKxcrxXYVscbSnlRu1P6zrsNmWH","legacyData"
"1ad2b881-8a83-482a-9cc3-fcc714a7b864","LENO_064.basePlot.vst","2016-10-31","vst_LENO_2016","D08","LENO","LENO_064",,"NEON.PLA.D08.LENO.08188","ok","single bole tree","Live",13.5,130,11.2,,,,,,,,,,,,,"gKlTR8ZroBmVFSkzxA4yQazmYWlx7WaI","i++YfdKxcrxXYVscbSnlRu1P6zrsNmWH","legacyData"
"74fc7868-933b-48a0-baaa-26f7bdf3fd0a","LENO_064.basePlot.vst","2016-10-31","vst_LENO_2016","D08","LENO","LENO_064",,"NEON.PLA.D08.LENO.12224","ok","sapling","Live",,,1.0,,,,,,,,1.0,10,,,,"gKlTR8ZroBmVFSkzxA4yQazmYWlx7WaI","i++YfdKxcrxXYVscbSnlRu1P6zrsNmWH","legacyData"
"a3959401-ebfa-414f-8af9-5c8d2b5c1d9a","LENO_064.basePlot.vst","2016-10-31","vst_LENO_2016","D08","LENO","LENO_064",,"NEON.PLA.D08.LENO.12487","ok","small tree","Live",3.4,130,5.0,,,,,,,,,,,,,"gKlTR8ZroBmVFSkzxA4yQazmYWlx7WaI","i++YfdKxcrxXYVscbSnlRu1P6zrsNmWH","legacyData"
"4c0e4466-c31f-4b7f-9b5b-5f2c18c8560e","LENO_064.basePlot.vst","2016-10-31","vst_LENO_2016","D08","LENO","LENO_064",,"NEON.PLA.D08.LENO.08155","ok","small tree","Live",1.5,130,3.3,,,,,,,,,,,,,"gKlTR8ZroBmVFSkzxA4yQazmYWlx7WaI","i++YfdKxcrxXYVscbSnlRu1P6zrsNmWH","legacyData"
"360ff78f-3f7a-4b89-becb-c367627fe70a","LENO_064.basePlot.vst","2016-10-31","vst_LENO_2016","D08","LENO","LENO_064",,"NEON.PLA.D08.LENO.08428","ok","small tree","Live",1.9,130,4.1,,,,,,,,,,,,,"gKlTR8ZroBmVFSkzxA4yQazmYWlx7WaI","i++YfdKxcrxXYVscbSnlRu1P6zrsNmWH","legacyData"
"43c5cd7e-5434-499f-9fbb-6f9f98ef86a4","LENO_064.basePlot.vst","2016-10-31","vst_LENO_2016","D08","LENO","LENO_064",,"NEON.PLA.D08.LENO.08425","ok","single bole tree","Live",25.0,130,17.8,,,,,,,,,,,,,"gKlTR8ZroBmVFSkzxA4yQazmYWlx7WaI","i++YfdKxcrxXYVscbSnlRu1P6zrsNmWH","legacyData"
"eb2dd955-48f1-4d83-989e-bba14e215649","LENO_064.basePlot.vst","2016-10-31","vst_LENO_2016","D08","LENO","LENO_064",,"NEON.PLA.D08.LENO.08450","ok","single shrub","Live",2.2,130,4.1,,,,3.4,2.3,,"inverted cone",3.3,10,1.70,0.80,,"gKlTR8ZroBmVFSkzxA4yQazmYWlx7WaI","i++YfdKxcrxXYVscbSnlRu1P6zrsNmWH","legacyData"
"9a2ac4aa-75a6-4ec5-aef0-f52388346533","LENO_064.basePlot.vst","2016-10-31","vst_LENO_2016","D08","LENO","LENO_064",,"NEON.PLA.D08.LENO.12052","ok","liana","Live",1.3,130,,,,,,,,,,,,,"case a","gKlTR8ZroBmVFSkzxA4yQazmYWlx7WaI","i++YfdKxcrxXYVscbSnlRu1P6zrsNmWH","legacyData"
"c389d38e-385c-47bf-955b-58880c4d2a2e","LENO_064.basePlot.vst","2016-10-31","vst_LENO_2016","D08","LENO","LENO_064",,"NEON.PLA.D08.LENO.08175A","ok","multi-bole tree","Standing dead",23.0,130,2.1,,,,,,,,,,,,,"gKlTR8ZroBmVFSkzxA4yQazmYWlx7WaI","i++YfdKxcrxXYVscbSnlRu1P6zrsNmWH","legacyData"
"39e6b083-26ac-418f-aa50-8eda1aa554db","LENO_064.basePlot.vst","2016-10-31","vst_LENO_2016","D08","LENO","LENO_064",,"NEON.PLA.D08.LENO.12070","ok","liana","Live",1.1,130,,,,,,,,,,,,,"case a","gKlTR8ZroBmVFSkzxA4yQazmYWlx7WaI","i++YfdKxcrxXYVscbSnlRu1P6zrsNmWH","legacyData"
"2e4014f6-c972-43d5-9ce3-510f678e5180","LENO_064.basePlot.vst","2016-10-31","vst_LENO_2016","D08","LENO","LENO_064",,"NEON.PLA.D08.LENO.08180","ok","single bole tree","Live",12.0,130,11.8,,,,,,,,,,,,,"gKlTR8ZroBmVFSkzxA4yQazmYWlx7WaI","i++YfdKxcrxXYVscbSnlRu1P6zrsNmWH","legacyData"
"6744acc9-00db-4ae1-b03d-b0201a0558b4","LENO_064.basePlot.vst","2016-10-31","vst_LENO_2016","D08","LENO","LENO_064",,"NEON.PLA.D08.LENO.14623","ok","liana","Live",1.6,130,,,,,,,,,,,,,"case a","gKlTR8ZroBmVFSkzxA4yQazmYWlx7WaI","i++YfdKxcrxXYVscbSnlRu1P6zrsNmWH","legacyData"
"cf31348a-59a4-4e48-a118-60dcfc3129e0","LENO_064.basePlot.vst","2016-10-31","vst_LENO_2016","D08","LENO","LENO_064",,"NEON.PLA.D08.LENO.08445","ok","single bole tree","Live",43.5,130,28.5,,,,,,,,,,,,,"gKlTR8ZroBmVFSkzxA4yQazmYWlx7WaI","i++YfdKxcrxXYVscbSnlRu1P6zrsNmWH","legacyData"
"f2439bc1-909a-46ff-b8b4-3e3126af99ac","LENO_064.basePlot.vst","2016-10-31","vst_LENO_2016","D08","LENO","LENO_064",,"NEON.PLA.D08.LENO.08181","ok","single bole tree","Live",35.8,130,27.2,,,,,,,,,,,,,"gKlTR8ZroBmVFSkzxA4yQazmYWlx7WaI","i++YfdKxcrxXYVscbSnlRu1P6zrsNmWH","legacyData"
"f33ea02a-b8ce-4455-93d8-ae12dbca6803","LENO_064.basePlot.vst","2016-10-31","vst_LENO_2016","D08","LENO","LENO_064",,"NEON.PLA.D08.LENO.08436","ok","single bole tree","Live",11.5,130,12.9,,,,,,,,,,,,,"gKlTR8ZroBmVFSkzxA4yQazmYWlx7WaI","i++YfdKxcrxXYVscbSnlRu1P6zrsNmWH","legacyData"
"39b080e0-ee16-4e95-9237-5ee78eef5f3b","LENO_064.basePlot.vst","2016-10-31","vst_LENO_2016","D08","LENO","LENO_064",,"NEON.PLA.D08.LENO.14699","ok","liana","Live",1.4,130,,,,,,,,,,,,,"case a","gKlTR8ZroBmVFSkzxA4yQazmYWlx7WaI","i++YfdKxcrxXYVscbSnlRu1P6zrsNmWH","legacyData"
"52189cdf-8ffd-47ac-80df-5c64a6a1378f","LENO_064.basePlot.vst","2016-10-31","vst_LENO_2016","D08","LENO","LENO_064",,"NEON.PLA.D08.LENO.08151","ok","small tree","Live",1.4,130,2.6,,,,,,,,,,,,,"gKlTR8ZroBmVFSkzxA4yQazmYWlx7WaI","i++YfdKxcrxXYVscbSnlRu1P6zrsNmWH","legacyData"
"f5fd86c5-4f99-499b-ba8d-9c45eb686b43","LENO_064.basePlot.vst","2016-10-31","vst_LENO_2016","D08","LENO","LENO_064",,"NEON.PLA.D08.LENO.08439","ok","single bole tree","Live",16.8,130,15.9,,,,,,,,,,,,,"gKlTR8ZroBmVFSkzxA4yQazmYWlx7WaI","i++YfdKxcrxXYVscbSnlRu1P6zrsNmWH","legacyData"
"14cca0a5-095d-4d81-8a19-cb5f2273589c","LENO_064.basePlot.vst","2016-10-31","vst_LENO_2016","D08","LENO","LENO_064",,"NEON.PLA.D08.LENO.12069","ok","liana","Live",3.3,130,,,,,,,,,,,,,"case a","gKlTR8ZroBmVFSkzxA4yQazmYWlx7WaI","i++YfdKxcrxXYVscbSnlRu1P6zrsNmWH","legacyData"
"7a274144-0306-445e-bb70-28a7b7ca0eac","LENO_064.basePlot.vst","2016-10-31","vst_LENO_2016","D08","LENO","LENO_064",,"NEON.PLA.D08.LENO.14627","ok","single bole tree","Standing dead",12.5,130,1.4,,,,,,,,,,,,,"gKlTR8ZroBmVFSkzxA4yQazmYWlx7WaI","i++YfdKxcrxXYVscbSnlRu1P6zrsNmWH","legacyData"
"099f7230-7491-41de-8731-95df746d244a","LENO_064.basePlot.vst","2016-10-31","vst_LENO_2016","D08","LENO","LENO_064",,"NEON.PLA.D08.LENO.08453","ok","small tree","Live",1.4,130,2.0,,,,,,,,,,,,,"gKlTR8ZroBmVFSkzxA4yQazmYWlx7WaI","i++YfdKxcrxXYVscbSnlRu1P6zrsNmWH","legacyData"
"fa602ac7-369d-4158-8f6e-c0e1d55135dc","LENO_064.basePlot.vst","2016-10-31","vst_LENO_2016","D08","LENO","LENO_064",,"NEON.PLA.D08.LENO.08175","ok","multi-bole tree","Live",48.4,130,29.2,,,,,,,,,,,,,"gKlTR8ZroBmVFSkzxA4yQazmYWlx7WaI","i++YfdKxcrxXYVscbSnlRu1P6zrsNmWH","legacyData"
"20c10c77-eb1d-44f9-ac8b-14f18dd01743","LENO_064.basePlot.vst","2016-10-31","vst_LENO_2016","D08","LENO","LENO_064",,"NEON.PLA.D08.LENO.12038","removed","sapling","Downed",,,,,,,,,,,,,,,,"gKlTR8ZroBmVFSkzxA4yQazmYWlx7WaI","i++YfdKxcrxXYVscbSnlRu1P6zrsNmWH","legacyData"
"baff68c1-b58d-4c51-926a-4d728bc432c9","LENO_064.basePlot.vst","2016-10-31","vst_LENO_2016","D08","LENO","LENO_064",,"NEON.PLA.D08.LENO.12062","ok","liana","Live",1.9,130,,,,,,,,,,,,,"case a","gKlTR8ZroBmVFSkzxA4yQazmYWlx7WaI","i++YfdKxcrxXYVscbSnlRu1P6zrsNmWH","legacyData"
"5459c163-7c82-4131-9ca6-2cf2b5962751","LENO_064.basePlot.vst","2016-10-31","vst_LENO_2016","D08","LENO","LENO_064",,"NEON.PLA.D08.LENO.12064","ok","liana","Live",2.5,130,,,,,,,,,,,,,"case a","gKlTR8ZroBmVFSkzxA4yQazmYWlx7WaI","i++YfdKxcrxXYVscbSnlRu1P6zrsNmWH","legacyData"
"bf4172f4-fc9f-435e-93e8-cc3a5bb6184d","LENO_064.basePlot.vst","2016-10-31","vst_LENO_2016","D08","LENO","LENO_064",,"NEON.PLA.D08.LENO.08165","ok","single bole tree","Live",11.5,130,10.7,,,,,,,,,,,,,"gKlTR8ZroBmVFSkzxA4yQazmYWlx7WaI","i++YfdKxcrxXYVscbSnlRu1P6zrsNmWH","legacyData"
"7ac3f776-45ff-4f40-b23b-36f04752d3b6","LENO_064.basePlot.vst","2016-10-31","vst_LENO_2016","D08","LENO","LENO_064",,"NEON.PLA.D08.LENO.08156","ok","small tree","Live",1.1,130,1.8,,,,,,,,,,,,,"gKlTR8ZroBmVFSkzxA4yQazmYWlx7WaI","i++YfdKxcrxXYVscbSnlRu1P6zrsNmWH","legacyData"
"b54363a1-9923-4199-83e6-ba7b42d26670","LENO_064.basePlot.vst","2016-10-31","vst_LENO_2016","D08","LENO","LENO_064",,"NEON.PLA.D08.LENO.14614","ok","liana","Standing dead",1.7,130,,,,,,,,,,,,,"case a","gKlTR8ZroBmVFSkzxA4yQazmYWlx7WaI","i++YfdKxcrxXYVscbSnlRu1P6zrsNmWH","legacyData"
"7977cf8b-4efe-4776-bc49-30b41436db62","LENO_064.basePlot.vst","2016-10-31","vst_LENO_2016","D08","LENO","LENO_064",,"NEON.PLA.D08.LENO.08427","ok","single shrub","Live",2.5,130,3.9,,,,3.5,2.4,,"inverted cone",1.0,10,1.10,0.80,,"gKlTR8ZroBmVFSkzxA4yQazmYWlx7WaI","i++YfdKxcrxXYVscbSnlRu1P6zrsNmWH","legacyData"
"384dbc01-c425-4d8f-96ae-a83864ded558","LENO_064.basePlot.vst","2016-10-31","vst_LENO_2016","D08","LENO","LENO_064",,"NEON.PLA.D08.LENO.12090","ok","liana","Live",1.3,130,,,,,,,,,,,,,"case a","gKlTR8ZroBmVFSkzxA4yQazmYWlx7WaI","i++YfdKxcrxXYVscbSnlRu1P6zrsNmWH","legacyData"
"6a25253f-121f-4111-b67c-3af3361944e3","LENO_064.basePlot.vst","2016-10-31","vst_LENO_2016","D08","LENO","LENO_064",,"NEON.PLA.D08.LENO.08167","ok","single bole tree","Live",29.0,130,18.2,,,,,,,,,,,,,"gKlTR8ZroBmVFSkzxA4yQazmYWlx7WaI","i++YfdKxcrxXYVscbSnlRu1P6zrsNmWH","legacyData"
"392b9b2f-578d-43bc-bfeb-d43883908cf4","LENO_064.basePlot.vst","2016-10-31","vst_LENO_2016","D08","LENO","LENO_064",,"NEON.PLA.D08.LENO.14618","ok","small tree","Live,  other damage",1.2,130,1.1,,,,,,,,,,,,"damaged crown","gKlTR8ZroBmVFSkzxA4yQazmYWlx7WaI","i++YfdKxcrxXYVscbSnlRu1P6zrsNmWH","legacyData"
"91028bb4-f575-47a8-a31f-7ec4ef59bd7e","LENO_064.basePlot.vst","2016-10-31","vst_LENO_2016","D08","LENO","LENO_064",,"NEON.PLA.D08.LENO.12037","ok","small tree","Live",1.6,130,2.4,,,,,,,,,,,,,"gKlTR8ZroBmVFSkzxA4yQazmYWlx7WaI","i++YfdKxcrxXYVscbSnlRu1P6zrsNmWH","legacyData"
"01ba5467-3c82-4df7-8314-7662383a6d7b","LENO_064.basePlot.vst","2016-10-31","vst_LENO_2016","D08","LENO","LENO_064",,"NEON.PLA.D08.LENO.12046","removed","liana","Downed",,,,,,,,,,,,,,,,"gKlTR8ZroBmVFSkzxA4yQazmYWlx7WaI","i++YfdKxcrxXYVscbSnlRu1P6zrsNmWH","legacyData"
"bb308133-6b77-4ce5-9ce9-6322841cb22e","LENO_064.basePlot.vst","2016-10-31","vst_LENO_2016","D08","LENO","LENO_064",,"NEON.PLA.D08.LENO.12063","ok","liana","Live",1.8,130,,,,,,,,,,,,,,"gKlTR8ZroBmVFSkzxA4yQazmYWlx7WaI","i++YfdKxcrxXYVscbSnlRu1P6zrsNmWH","legacyData"
"0064b09d-4a33-48d1-ac78-5ba9ac96a1ae","LENO_064.basePlot.vst","2016-10-31","vst_LENO_2016","D08","LENO","LENO_064",,"NEON.PLA.D08.LENO.14615","ok","liana","Live",1.2,130,,,,,,,,,,,,,"case a","gKlTR8ZroBmVFSkzxA4yQazmYWlx7WaI","i++YfdKxcrxXYVscbSnlRu1P6zrsNmWH","legacyData"
"9d16e472-66f5-4830-af86-da59527f1955","LENO_064.basePlot.vst","2016-10-31","vst_LENO_2016","D08","LENO","LENO_064",,"NEON.PLA.D08.LENO.12073","ok","liana","Live",2.8,130,,,,,,,,,,,,,"case a","gKlTR8ZroBmVFSkzxA4yQazmYWlx7WaI","i++YfdKxcrxXYVscbSnlRu1P6zrsNmWH","legacyData"
"3a1b1770-9a5c-49a2-ba6b-0f0f3bfc8009","LENO_064.basePlot.vst","2016-10-31","vst_LENO_2016","D08","LENO","LENO_064",,"NEON.PLA.D08.LENO.08456","ok","single bole tree","Live",14.8,130,12.7,,,,,,,,,,,,,"gKlTR8ZroBmVFSkzxA4yQazmYWlx7WaI","i++YfdKxcrxXYVscbSnlRu1P6zrsNmWH","legacyData"
"9023cc79-681d-4d8a-b5e2-11084569260f","LENO_064.basePlot.vst","2016-10-31","vst_LENO_2016","D08","LENO","LENO_064",,"NEON.PLA.D08.LENO.12046","ok","liana","Downed",,,,,,,,,,,,,,,,"gKlTR8ZroBmVFSkzxA4yQazmYWlx7WaI","i++YfdKxcrxXYVscbSnlRu1P6zrsNmWH","legacyData"
"6221f340-e9c0-4ff2-b8e1-79310f3865d2","LENO_064.basePlot.vst","2016-10-31","vst_LENO_2016","D08","LENO","LENO_064",,"NEON.PLA.D08.LENO.12089","ok","liana","Live",2.8,130,,,,,,,,,,,,,"case a","gKlTR8ZroBmVFSkzxA4yQazmYWlx7WaI","i++YfdKxcrxXYVscbSnlRu1P6zrsNmWH","legacyData"
"7cc45089-c694-4448-bc70-f5f484509a2f","LENO_064.basePlot.vst","2016-10-31","vst_LENO_2016","D08","LENO","LENO_064",,"NEON.PLA.D08.LENO.12049","ok","liana","Live",2.2,130,,,,,,,,,,,,,"case a","gKlTR8ZroBmVFSkzxA4yQazmYWlx7WaI","i++YfdKxcrxXYVscbSnlRu1P6zrsNmWH","legacyData"
"8b47f62d-d0f5-4876-a502-3341921b30f4","LENO_064.basePlot.vst","2016-10-31","vst_LENO_2016","D08","LENO","LENO_064",,"NEON.PLA.D08.LENO.14620","ok","liana","Live",3.3,50,,,,,,,,,,,,,"case f","gKlTR8ZroBmVFSkzxA4yQazmYWlx7WaI","i++YfdKxcrxXYVscbSnlRu1P6zrsNmWH","legacyData"
"64513ca3-a9b2-4df5-a7a7-43eb0ec78b7b","LENO_064.basePlot.vst","2016-10-31","vst_LENO_2016","D08","LENO","LENO_064",,"NEON.PLA.D08.LENO.12068","ok","liana","Live",3.6,130,,,,,,,,,,,,,"case a","gKlTR8ZroBmVFSkzxA4yQazmYWlx7WaI","i++YfdKxcrxXYVscbSnlRu1P6zrsNmWH","legacyData"
"af4c2741-7d29-43b9-83d4-8963f1754cd0","LENO_064.basePlot.vst","2016-10-31","vst_LENO_2016","D08","LENO","LENO_064",,"NEON.PLA.D08.LENO.08426","ok","small tree","Live",1.1,130,2.1,,,,,,,,,,,,,"gKlTR8ZroBmVFSkzxA4yQazmYWlx7WaI","i++YfdKxcrxXYVscbSnlRu1P6zrsNmWH","legacyData"
"519d7783-5fbe-4b2d-af0a-388ca34881ee","LENO_064.basePlot.vst","2016-10-31","vst_LENO_2016","D08","LENO","LENO_064",,"NEON.PLA.D08.LENO.12227","ok","small tree","Live",4.2,130,4.6,,,,,,,,,,,,,"gKlTR8ZroBmVFSkzxA4yQazmYWlx7WaI","i++YfdKxcrxXYVscbSnlRu1P6zrsNmWH","legacyData"
"e8342c42-b3f5-4f26-91e3-fe4d2f5e1f17","LENO_064.basePlot.vst","2016-10-31","vst_LENO_2016","D08","LENO","LENO_064",,"NEON.PLA.D08.LENO.12230","ok","liana","Live",1.2,130,,,,,,,,,,,,,,"gKlTR8ZroBmVFSkzxA4yQazmYWlx7WaI","i++YfdKxcrxXYVscbSnlRu1P6zrsNmWH","legacyData"
"af301277-0192-4312-b776-2445eb559082","LENO_064.basePlot.vst","2016-10-31","vst_LENO_2016","D08","LENO","LENO_064",,"NEON.PLA.D08.LENO.12044","ok","sapling","Live",,,0.8,,,,,,,,1.0,10,,,,"gKlTR8ZroBmVFSkzxA4yQazmYWlx7WaI","i++YfdKxcrxXYVscbSnlRu1P6zrsNmWH","legacyData"
"084055db-6df0-40d7-a52e-b6a1a7720f72","LENO_064.basePlot.vst","2016-10-31","vst_LENO_2016","D08","LENO","LENO_064",,"NEON.PLA.D08.LENO.08162","ok","small tree","Live",2.6,130,2.7,,,,,,,,,,,,,"gKlTR8ZroBmVFSkzxA4yQazmYWlx7WaI","i++YfdKxcrxXYVscbSnlRu1P6zrsNmWH","legacyData"
"43ba2f4a-252a-4d9e-9fd8-52a385b5e721","LENO_064.basePlot.vst","2016-10-31","vst_LENO_2016","D08","LENO","LENO_064",,"NEON.PLA.D08.LENO.08438","ok","single bole tree","Live",11.8,130,12.4,,,,,,,,,,,,,"gKlTR8ZroBmVFSkzxA4yQazmYWlx7WaI","i++YfdKxcrxXYVscbSnlRu1P6zrsNmWH","legacyData"
"d953b8b0-9473-4414-8925-8f286c334100","LENO_064.basePlot.vst","2016-10-31","vst_LENO_2016","D08","LENO","LENO_064",,"NEON.PLA.D08.LENO.12228","ok","liana","Live",1.6,50,,,,,,,,,,,,,"case f","gKlTR8ZroBmVFSkzxA4yQazmYWlx7WaI","i++YfdKxcrxXYVscbSnlRu1P6zrsNmWH","legacyData"
"6eba635a-15b0-40a4-b7b1-bb1edf75787a","LENO_064.basePlot.vst","2016-10-31","vst_LENO_2016","D08","LENO","LENO_064",,"NEON.PLA.D08.LENO.08160","ok","small tree","Live",1.5,130,2.5,,,,,,,,,,,,,"gKlTR8ZroBmVFSkzxA4yQazmYWlx7WaI","i++YfdKxcrxXYVscbSnlRu1P6zrsNmWH","legacyData"
"5abe4f7a-cd93-4a59-94dd-5ddd29c29fb1","LENO_064.basePlot.vst","2016-10-31","vst_LENO_2016","D08","LENO","LENO_064",,"NEON.PLA.D08.LENO.08444","ok","single bole tree","Live",14.2,130,15.2,,,,,,,,,,,,,"gKlTR8ZroBmVFSkzxA4yQazmYWlx7WaI","i++YfdKxcrxXYVscbSnlRu1P6zrsNmWH","legacyData"
"416c2b28-cb1b-4e84-bbf2-98a53d6cdb25","LENO_064.basePlot.vst","2016-10-31","vst_LENO_2016","D08","LENO","LENO_064",,"NEON.PLA.D08.LENO.08422","ok","single bole tree","Live",16.6,130,12.1,,,,,,,,,,,,,"gKlTR8ZroBmVFSkzxA4yQazmYWlx7WaI","i++YfdKxcrxXYVscbSnlRu1P6zrsNmWH","legacyData"
"e3851ea0-21b7-4c5b-be70-8b32a838043f","LENO_064.basePlot.vst","2016-10-31","vst_LENO_2016","D08","LENO","LENO_064",,"NEON.PLA.D08.LENO.12079","ok","liana","Live",3.9,130,,,,,,,,,,,,,"case a","gKlTR8ZroBmVFSkzxA4yQazmYWlx7WaI","i++YfdKxcrxXYVscbSnlRu1P6zrsNmWH","legacyData"
"482291fd-475c-449b-8d3e-c945441c7b09","LENO_064.basePlot.vst","2016-10-31","vst_LENO_2016","D08","LENO","LENO_064",,"NEON.PLA.D08.LENO.14613","ok","liana","Live",1.2,50,,,,,,,,,,,,,"case f","gKlTR8ZroBmVFSkzxA4yQazmYWlx7WaI","i++YfdKxcrxXYVscbSnlRu1P6zrsNmWH","legacyData"
"21a455dc-1f5c-4899-9f4d-3173a740f45b","LENO_064.basePlot.vst","2016-10-31","vst_LENO_2016","D08","LENO","LENO_064",,"NEON.PLA.D08.LENO.14622","ok","liana","Live",1.4,130,,,,,,,,,,,,,"case a","gKlTR8ZroBmVFSkzxA4yQazmYWlx7WaI","i++YfdKxcrxXYVscbSnlRu1P6zrsNmWH","legacyData"
"fd6532cb-b9ad-492b-aa15-c4c04eec8127","LENO_064.basePlot.vst","2016-10-31","vst_LENO_2016","D08","LENO","LENO_064",,"NEON.PLA.D08.LENO.12225","ok","sapling","Live",,,2.1,,,,,,,,1.6,10,,,,"gKlTR8ZroBmVFSkzxA4yQazmYWlx7WaI","i++YfdKxcrxXYVscbSnlRu1P6zrsNmWH","legacyData"
"4e679619-6e78-4480-8e2c-6a3da8e59bae","LENO_064.basePlot.vst","2016-10-31","vst_LENO_2016","D08","LENO","LENO_064",,"NEON.PLA.D08.LENO.08459","ok","single bole tree","Live",40.0,130,27.7,,,,,,,,,,,,,"gKlTR8ZroBmVFSkzxA4yQazmYWlx7WaI","i++YfdKxcrxXYVscbSnlRu1P6zrsNmWH","legacyData"
"a7e646d2-9731-458c-80c5-cf48d9bbd056","LENO_064.basePlot.vst","2016-10-31","vst_LENO_2016","D08","LENO","LENO_064",,"NEON.PLA.D08.LENO.08429","ok","single bole tree","Live",24.5,130,2.9,,,,,,,,,,,,,"gKlTR8ZroBmVFSkzxA4yQazmYWlx7WaI","i++YfdKxcrxXYVscbSnlRu1P6zrsNmWH","legacyData"
"7e4fd9dd-db1f-4b2e-8d28-4a974107383b","LENO_064.basePlot.vst","2016-10-31","vst_LENO_2016","D08","LENO","LENO_064",,"NEON.PLA.D08.LENO.12059","ok","liana","Live",5.3,20,,,,,,,,,,,,,"case c","gKlTR8ZroBmVFSkzxA4yQazmYWlx7WaI","i++YfdKxcrxXYVscbSnlRu1P6zrsNmWH","legacyData"
"8640ea3d-d44a-4b4b-8d21-5100b9375ec7","LENO_064.basePlot.vst","2016-10-31","vst_LENO_2016","D08","LENO","LENO_064",,"NEON.PLA.D08.LENO.08457","ok","single bole tree","Live",22.1,130,20.8,,,,,,,,,,,,,"gKlTR8ZroBmVFSkzxA4yQazmYWlx7WaI","i++YfdKxcrxXYVscbSnlRu1P6zrsNmWH","legacyData"
"6292674c-bfe2-44bd-b688-f59c6c218557","LENO_064.basePlot.vst","2016-10-31","vst_LENO_2016","D08","LENO","LENO_064",,"NEON.PLA.D08.LENO.08183","ok","single bole tree","Live",13.9,130,16.7,,,,,,,,,,,,,"gKlTR8ZroBmVFSkzxA4yQazmYWlx7WaI","i++YfdKxcrxXYVscbSnlRu1P6zrsNmWH","legacyData"
"cb25e900-1b13-44fc-a34c-f06295f1b91a","LENO_064.basePlot.vst","2016-10-31","vst_LENO_2016","D08","LENO","LENO_064",,"NEON.PLA.D08.LENO.08434","ok","single bole tree","Live",13.6,130,13.3,,,,,,,,,,,,,"gKlTR8ZroBmVFSkzxA4yQazmYWlx7WaI","i++YfdKxcrxXYVscbSnlRu1P6zrsNmWH","legacyData"
"8af8b6de-be25-413e-9c78-c59873507959","LENO_064.basePlot.vst","2016-10-31","vst_LENO_2016","D08","LENO","LENO_064",,"NEON.PLA.D08.LENO.08455","ok","small tree","Standing dead",1.0,130,1.9,,,,,,,,,,,,,"gKlTR8ZroBmVFSkzxA4yQazmYWlx7WaI","i++YfdKxcrxXYVscbSnlRu1P6zrsNmWH","legacyData"
"03cf6ccf-59c0-4666-a45e-4736114d0b1d","LENO_064.basePlot.vst","2016-10-31","vst_LENO_2016","D08","LENO","LENO_064",,"NEON.PLA.D08.LENO.12066","ok","liana","Live",1.5,130,,,,,,,,,,,,,"case a","gKlTR8ZroBmVFSkzxA4yQazmYWlx7WaI","i++YfdKxcrxXYVscbSnlRu1P6zrsNmWH","legacyData"
"9462ad0f-cd3c-46c3-be48-beaf07c8fe20","LENO_064.basePlot.vst","2016-10-31","vst_LENO_2016","D08","LENO","LENO_064",,"NEON.PLA.D08.LENO.12078","ok","single bole tree","Live",23.8,130,16.0,,,,,,,,,,,,,"gKlTR8ZroBmVFSkzxA4yQazmYWlx7WaI","i++YfdKxcrxXYVscbSnlRu1P6zrsNmWH","legacyData"
"7bc6ebfd-e9ee-4389-a56b-cda39d984da3","LENO_064.basePlot.vst","2016-10-31","vst_LENO_2016","D08","LENO","LENO_064",,"NEON.PLA.D08.LENO.08171","ok","sapling","Live",,,1.0,,,,,,,,1.4,10,,,,"gKlTR8ZroBmVFSkzxA4yQazmYWlx7WaI","i++YfdKxcrxXYVscbSnlRu1P6zrsNmWH","legacyData"
"d4ddd06d-92d6-4ec7-8cea-c744ac5ce703","LENO_064.basePlot.vst","2016-10-31","vst_LENO_2016","D08","LENO","LENO_064",,"NEON.PLA.D08.LENO.12041","ok","small tree","Standing dead",1.8,130,3.4,,,,,,,,,,,,,"gKlTR8ZroBmVFSkzxA4yQazmYWlx7WaI","i++YfdKxcrxXYVscbSnlRu1P6zrsNmWH","legacyData"
"8b2e545e-f0df-4ca3-8acc-67d31f4c4a79","LENO_064.basePlot.vst","2016-10-31","vst_LENO_2016","D08","LENO","LENO_064",,"NEON.PLA.D08.LENO.12467","ok","small tree","Standing dead",1.6,130,2.1,,,,,,,,,,,,,"gKlTR8ZroBmVFSkzxA4yQazmYWlx7WaI","i++YfdKxcrxXYVscbSnlRu1P6zrsNmWH","legacyData"
"4ce03fbf-bc64-4e45-ad51-ac05db6486b0","LENO_064.basePlot.vst","2016-10-31","vst_LENO_2016","D08","LENO","LENO_064",,"NEON.PLA.D08.LENO.12075","ok","liana","Live",1.7,130,,,,,,,,,,,,,,"gKlTR8ZroBmVFSkzxA4yQazmYWlx7WaI","i++YfdKxcrxXYVscbSnlRu1P6zrsNmWH","legacyData"
"5ac6fc63-2f67-424f-9a01-f8bb08335c3d","LENO_064.basePlot.vst","2016-10-31","vst_LENO_2016","D08","LENO","LENO_064",,"NEON.PLA.D08.LENO.12088","ok","liana","Live",2.7,130,,,,,,,,,,,,,"case a","gKlTR8ZroBmVFSkzxA4yQazmYWlx7WaI","i++YfdKxcrxXYVscbSnlRu1P6zrsNmWH","legacyData"
"50271d98-c92c-460b-921a-a94cfae85128","LENO_064.basePlot.vst","2016-10-31","vst_LENO_2016","D08","LENO","LENO_064",,"NEON.PLA.D08.LENO.12092","ok","liana","Live",1.4,130,,,,,,,,,,,,,"case a","gKlTR8ZroBmVFSkzxA4yQazmYWlx7WaI","i++YfdKxcrxXYVscbSnlRu1P6zrsNmWH","legacyData"
"3d694be7-2890-4bf8-93fe-b0217d88d1d1","LENO_064.basePlot.vst","2016-10-31","vst_LENO_2016","D08","LENO","LENO_064",,"NEON.PLA.D08.LENO.08187","ok","multi-bole tree","Live",12.2,130,12.4,,,,,,,,,,,,,"gKlTR8ZroBmVFSkzxA4yQazmYWlx7WaI","i++YfdKxcrxXYVscbSnlRu1P6zrsNmWH","legacyData"
"f69bcf19-00d9-4022-8ca1-7efe74bf6585","LENO_064.basePlot.vst","2016-10-31","vst_LENO_2016","D08","LENO","LENO_064",,"NEON.PLA.D08.LENO.12080","ok","liana","Live",4.4,130,,,,,,,,,,,,,"case a","gKlTR8ZroBmVFSkzxA4yQazmYWlx7WaI","i++YfdKxcrxXYVscbSnlRu1P6zrsNmWH","legacyData"
"17cb6ca5-658a-420f-84a6-4bfa1b7e3ec1","LENO_064.basePlot.vst","2016-10-31","vst_LENO_2016","D08","LENO","LENO_064",,"NEON.PLA.D08.LENO.12043","ok","sapling","Live",,,2.0,,,,,,,,1.2,10,,,,"gKlTR8ZroBmVFSkzxA4yQazmYWlx7WaI","i++YfdKxcrxXYVscbSnlRu1P6zrsNmWH","legacyData"
"107d87f6-1ab5-4e0b-813c-5369b6e9c6ff","LENO_064.basePlot.vst","2016-10-31","vst_LENO_2016","D08","LENO","LENO_064",,"NEON.PLA.D08.LENO.12035","ok","small tree","Standing dead",1.6,130,0.7,,,,,,,,,,,,,"gKlTR8ZroBmVFSkzxA4yQazmYWlx7WaI","i++YfdKxcrxXYVscbSnlRu1P6zrsNmWH","legacyData"
"80847b28-32f3-4385-a896-b196f554340d","LENO_064.basePlot.vst","2016-10-31","vst_LENO_2016","D08","LENO","LENO_064",,"NEON.PLA.D08.LENO.12054","ok","liana","Live",2.0,50,,,,,,,,,,,,,"case f","gKlTR8ZroBmVFSkzxA4yQazmYWlx7WaI","i++YfdKxcrxXYVscbSnlRu1P6zrsNmWH","legacyData"
"7ad7e2b2-db71-406c-a64e-06a45c00decf","LENO_064.basePlot.vst","2016-10-31","vst_LENO_2016","D08","LENO","LENO_064",,"NEON.PLA.D08.LENO.08450","ok","single shrub","Live",3.5,130,4.1,,,,3.4,2.3,,"inverted cone",3.8,10,1.70,0.80,,"gKlTR8ZroBmVFSkzxA4yQazmYWlx7WaI","i++YfdKxcrxXYVscbSnlRu1P6zrsNmWH","legacyData"
"df94b2bb-1926-4cfb-8926-9eb78893300d","LENO_064.basePlot.vst","2016-10-31","vst_LENO_2016","D08","LENO","LENO_064",,"NEON.PLA.D08.LENO.12051","ok","liana","Live",3.6,130,,,,,,,,,,,,,"case a","gKlTR8ZroBmVFSkzxA4yQazmYWlx7WaI","i++YfdKxcrxXYVscbSnlRu1P6zrsNmWH","legacyData"
"f6c23198-3d1c-4509-8929-f0cc35b9481c","LENO_064.basePlot.vst","2016-10-31","vst_LENO_2016","D08","LENO","LENO_064",,"NEON.PLA.D08.LENO.12074","ok","liana","Live",2.6,130,,,,,,,,,,,,,"case a","gKlTR8ZroBmVFSkzxA4yQazmYWlx7WaI","i++YfdKxcrxXYVscbSnlRu1P6zrsNmWH","legacyData"
"ee29606f-9dce-4f69-8139-f1484d0c4b9a","LENO_064.basePlot.vst","2016-10-31","vst_LENO_2016","D08","LENO","LENO_064",,"NEON.PLA.D08.LENO.08419","ok","small tree","Live",4.8,130,4.6,,,,,,,,,,,,,"gKlTR8ZroBmVFSkzxA4yQazmYWlx7WaI","i++YfdKxcrxXYVscbSnlRu1P6zrsNmWH","legacyData"
"bdd0fa79-d284-4275-8ee3-f0de5d45c741","LENO_064.basePlot.vst","2016-10-31","vst_LENO_2016","D08","LENO","LENO_064",,"NEON.PLA.D08.LENO.08433","ok","single bole tree","Live",16.9,130,15.3,,,,,,,,,,,,,"gKlTR8ZroBmVFSkzxA4yQazmYWlx7WaI","i++YfdKxcrxXYVscbSnlRu1P6zrsNmWH","legacyData"
"3287e9bb-33d2-460d-8a56-93d5460850fb","LENO_064.basePlot.vst","2016-10-31","vst_LENO_2016","D08","LENO","LENO_064",,"NEON.PLA.D08.LENO.12067","ok","liana","Standing dead",1.1,130,,,,,,,,,,,,,"case a","gKlTR8ZroBmVFSkzxA4yQazmYWlx7WaI","i++YfdKxcrxXYVscbSnlRu1P6zrsNmWH","legacyData"
"69377cd3-eef7-4bbe-b58f-f7ddd2fcbfe6","LENO_064.basePlot.vst","2016-10-31","vst_LENO_2016","D08","LENO","LENO_064",,"NEON.PLA.D08.LENO.08447","ok","single bole tree","Live",13.0,130,11.2,,,,,,,,,,,,,"gKlTR8ZroBmVFSkzxA4yQazmYWlx7WaI","i++YfdKxcrxXYVscbSnlRu1P6zrsNmWH","legacyData"
"6bb45673-bf7e-4d35-93ae-5d648c77e3e4","LENO_064.basePlot.vst","2016-10-31","vst_LENO_2016","D08","LENO","LENO_064",,"NEON.PLA.D08.LENO.08150","ok","sapling","Live",,,2.0,,,,,,,,1.3,10,,,,"gKlTR8ZroBmVFSkzxA4yQazmYWlx7WaI","i++YfdKxcrxXYVscbSnlRu1P6zrsNmWH","legacyData"
"1a17cda8-7383-4c74-bac3-c8308868b30f","LENO_064.basePlot.vst","2016-10-31","vst_LENO_2016","D08","LENO","LENO_064",,"NEON.PLA.D08.LENO.08173","ok","single bole tree","Live",31.4,130,25.1,,,,,,,,,,,,,"gKlTR8ZroBmVFSkzxA4yQazmYWlx7WaI","i++YfdKxcrxXYVscbSnlRu1P6zrsNmWH","legacyData"
"5f525b15-35b4-4b23-ac60-ad113edff168","LENO_064.basePlot.vst","2016-10-31","vst_LENO_2016","D08","LENO","LENO_064",,"NEON.PLA.D08.LENO.08154","ok","small tree","Live",3.8,130,5.3,,,,,,,,,,,,,"gKlTR8ZroBmVFSkzxA4yQazmYWlx7WaI","i++YfdKxcrxXYVscbSnlRu1P6zrsNmWH","legacyData"
"65b0b472-5a19-4e59-832d-a53bc6f99369","LENO_064.basePlot.vst","2016-10-31","vst_LENO_2016","D08","LENO","LENO_064",,"NEON.PLA.D08.LENO.08186","ok","single bole tree","Live",44.6,130,28.8,,,,,,,,,,,,,"gKlTR8ZroBmVFSkzxA4yQazmYWlx7WaI","i++YfdKxcrxXYVscbSnlRu1P6zrsNmWH","legacyData"
"d5182ffb-b097-4f54-acf0-232251ed0339","LENO_064.basePlot.vst","2016-10-31","vst_LENO_2016","D08","LENO","LENO_064",,"NEON.PLA.D08.LENO.08435","ok","single bole tree","Live",59.5,130,31.3,,,,,,,,,,,,,"gKlTR8ZroBmVFSkzxA4yQazmYWlx7WaI","i++YfdKxcrxXYVscbSnlRu1P6zrsNmWH","legacyData"
"68e1fa0c-61fa-4984-9e78-082f6f4fd71a","LENO_064.basePlot.vst","2016-10-31","vst_LENO_2016","D08","LENO","LENO_064",,"NEON.PLA.D08.LENO.08177","ok","single bole tree","Live",57.3,130,30.1,,,,,,,,,,,,,"gKlTR8ZroBmVFSkzxA4yQazmYWlx7WaI","i++YfdKxcrxXYVscbSnlRu1P6zrsNmWH","legacyData"
"84d64b82-626e-48c6-8dec-1d876b5a6571","LENO_064.basePlot.vst","2016-10-31","vst_LENO_2016","D08","LENO","LENO_064",,"NEON.PLA.D08.LENO.08452","ok","small tree","Standing dead",2.4,130,4.5,,,,,,,,,,,,,"gKlTR8ZroBmVFSkzxA4yQazmYWlx7WaI","i++YfdKxcrxXYVscbSnlRu1P6zrsNmWH","legacyData"
"1ea6f923-71ed-40b6-bb71-453405624390","LENO_064.basePlot.vst","2016-10-31","vst_LENO_2016","D08","LENO","LENO_064",,"NEON.PLA.D08.LENO.12468","ok","small tree","Live",6.8,130,6.9,,,,,,,,,,,,,"gKlTR8ZroBmVFSkzxA4yQazmYWlx7WaI","i++YfdKxcrxXYVscbSnlRu1P6zrsNmWH","legacyData"
"bbc888f3-6e49-42e7-ae7c-9c73be8e137f","LENO_064.basePlot.vst","2016-10-31","vst_LENO_2016","D08","LENO","LENO_064",,"NEON.PLA.D08.LENO.14621","ok","liana","Live",1.5,130,,,,,,,,,,,,,"case a","gKlTR8ZroBmVFSkzxA4yQazmYWlx7WaI","i++YfdKxcrxXYVscbSnlRu1P6zrsNmWH","legacyData"
"d95d2280-1dd9-4d5c-92fe-9019bddea2a0","LENO_064.basePlot.vst","2016-10-31","vst_LENO_2016","D08","LENO","LENO_064",,"NEON.PLA.D08.LENO.12072","ok","liana","Live",1.4,130,,,,,,,,,,,,,"case a","gKlTR8ZroBmVFSkzxA4yQazmYWlx7WaI","i++YfdKxcrxXYVscbSnlRu1P6zrsNmWH","legacyData"
"06689218-9b09-43c9-9650-3b0347dd7dba","LENO_064.basePlot.vst","2016-10-31","vst_LENO_2016","D08","LENO","LENO_064",,"NEON.PLA.D08.LENO.12033","removed","small tree","Downed",,,,,,,,,,,,,,,,"gKlTR8ZroBmVFSkzxA4yQazmYWlx7WaI","i++YfdKxcrxXYVscbSnlRu1P6zrsNmWH","legacyData"
"d6a8d1bd-2691-4db5-8f6a-a34daacf5c86","LENO_064.basePlot.vst","2016-10-31","vst_LENO_2016","D08","LENO","LENO_064",,"NEON.PLA.D08.LENO.12083","ok","liana","Live",2.5,130,,,,,,,,,,,,,"case a","gKlTR8ZroBmVFSkzxA4yQazmYWlx7WaI","i++YfdKxcrxXYVscbSnlRu1P6zrsNmWH","legacyData"
"673b7833-f102-4284-b242-2707f9e59fa8","LENO_064.basePlot.vst","2016-10-31","vst_LENO_2016","D08","LENO","LENO_064",,"NEON.PLA.D08.LENO.12058","ok","liana","Live",1.1,130,,,,,,,,,,,,,"case a","gKlTR8ZroBmVFSkzxA4yQazmYWlx7WaI","i++YfdKxcrxXYVscbSnlRu1P6zrsNmWH","legacyData"
"4541df79-d83a-4b34-8cba-52e8c7a131b7","LENO_064.basePlot.vst","2016-10-31","vst_LENO_2016","D08","LENO","LENO_064",,"NEON.PLA.D08.LENO.14619","ok","liana","Live",1.0,130,,,,,,,,,,,,,"case a","gKlTR8ZroBmVFSkzxA4yQazmYWlx7WaI","i++YfdKxcrxXYVscbSnlRu1P6zrsNmWH","legacyData"
"9e0bfb6b-af56-4c3d-82f5-2754cfb700ef","LENO_064.basePlot.vst","2016-10-31","vst_LENO_2016","D08","LENO","LENO_064",,"NEON.PLA.D08.LENO.08179","ok","single bole tree","Live",21.2,130,12.4,,,,,,,,,,,,,"gKlTR8ZroBmVFSkzxA4yQazmYWlx7WaI","i++YfdKxcrxXYVscbSnlRu1P6zrsNmWH","legacyData"
"c97004e6-f897-46c0-aae7-b38131800899","LENO_064.basePlot.vst","2016-10-31","vst_LENO_2016","D08","LENO","LENO_064",,"NEON.PLA.D08.LENO.08190","ok","single bole tree","Live",52.6,130,31.7,,,,,,,,,,,,,"gKlTR8ZroBmVFSkzxA4yQazmYWlx7WaI","i++YfdKxcrxXYVscbSnlRu1P6zrsNmWH","legacyData"
"3a8ddbd9-d396-413e-9d67-0b2a6a473b75","LENO_064.basePlot.vst","2016-10-31","vst_LENO_2016","D08","LENO","LENO_064",,"NEON.PLA.D08.LENO.08197","ok","single bole tree","Live",11.4,130,12.3,,,,,,,,,,,,,"gKlTR8ZroBmVFSkzxA4yQazmYWlx7WaI","i++YfdKxcrxXYVscbSnlRu1P6zrsNmWH","legacyData"
"66850140-0ab9-4005-a6a3-cd63846f44fe","LENO_064.basePlot.vst","2016-10-31","vst_LENO_2016","D08","LENO","LENO_064",,"NEON.PLA.D08.LENO.12226","ok","sapling","Live",,,1.3,,,,,,,,1.0,10,,,,"gKlTR8ZroBmVFSkzxA4yQazmYWlx7WaI","i++YfdKxcrxXYVscbSnlRu1P6zrsNmWH","legacyData"
"f0d0b41c-b1d6-4a40-a01e-aea2ec69671d","LENO_064.basePlot.vst","2016-10-31","vst_LENO_2016","D08","LENO","LENO_064",,"NEON.PLA.D08.LENO.08440","ok","single bole tree","Live",15.5,130,14.2,,,,,,,,,,,,,"gKlTR8ZroBmVFSkzxA4yQazmYWlx7WaI","i++YfdKxcrxXYVscbSnlRu1P6zrsNmWH","legacyData"
"256c11da-1630-40f5-8aa6-f7295a08510f","LENO_064.basePlot.vst","2016-10-31","vst_LENO_2016","D08","LENO","LENO_064",,"NEON.PLA.D08.LENO.12065","ok","liana","Live",2.1,130,,,,,,,,,,,,,"case a","gKlTR8ZroBmVFSkzxA4yQazmYWlx7WaI","i++YfdKxcrxXYVscbSnlRu1P6zrsNmWH","legacyData"
"a47ad12c-7efe-4a03-ad3e-f2f4573a7eb4","LENO_064.basePlot.vst","2016-10-31","vst_LENO_2016","D08","LENO","LENO_064",,"NEON.PLA.D08.LENO.08437","ok","single bole tree","Live",33.7,130,25.8,,,,,,,,,,,,,"gKlTR8ZroBmVFSkzxA4yQazmYWlx7WaI","i++YfdKxcrxXYVscbSnlRu1P6zrsNmWH","legacyData"
"00a33a82-411d-4af4-84d9-9bc18db1844f","LENO_064.basePlot.vst","2016-10-31","vst_LENO_2016","D08","LENO","LENO_064",,"NEON.PLA.D08.LENO.12091","ok","liana","Live",1.8,50,,,,,,,,,,,,,"case f","gKlTR8ZroBmVFSkzxA4yQazmYWlx7WaI","i++YfdKxcrxXYVscbSnlRu1P6zrsNmWH","legacyData"
"35b2bc26-032d-467b-87af-4714039ca859","LENO_064.basePlot.vst","2016-10-31","vst_LENO_2016","D08","LENO","LENO_064",,"NEON.PLA.D08.LENO.12093","ok","liana","Live",2.7,130,,,,,,,,,,,,,"case a","gKlTR8ZroBmVFSkzxA4yQazmYWlx7WaI","i++YfdKxcrxXYVscbSnlRu1P6zrsNmWH","legacyData"
"e061eb2e-3cf8-4588-83a5-c315b342436d","LENO_064.basePlot.vst","2016-10-31","vst_LENO_2016","D08","LENO","LENO_064",,"NEON.PLA.D08.LENO.12040","ok","sapling","Standing dead",,,1.5,,,,,,,,1.2,10,,,,"gKlTR8ZroBmVFSkzxA4yQazmYWlx7WaI","i++YfdKxcrxXYVscbSnlRu1P6zrsNmWH","legacyData"
"88eac70c-5df1-417f-a274-f867e821dad6","LENO_064.basePlot.vst","2016-10-31","vst_LENO_2016","D08","LENO","LENO_064",,"NEON.PLA.D08.LENO.08427","ok","single shrub","Standing dead",2.5,130,3.9,,,,3.5,2.4,,"inverted cone",3.5,10,1.10,0.80,,"gKlTR8ZroBmVFSkzxA4yQazmYWlx7WaI","i++YfdKxcrxXYVscbSnlRu1P6zrsNmWH","legacyData"
"a76bd2b9-f946-4545-b19b-8e5906ad6535","LENO_064.basePlot.vst","2016-10-31","vst_LENO_2016","D08","LENO","LENO_064",,"NEON.PLA.D08.LENO.12087","ok","liana","Live",4.7,130,,,,,,,,,,,,,"case a","gKlTR8ZroBmVFSkzxA4yQazmYWlx7WaI","i++YfdKxcrxXYVscbSnlRu1P6zrsNmWH","legacyData"
"03299dc7-e4fd-4831-9050-600a34025526","LENO_064.basePlot.vst","2016-10-31","vst_LENO_2016","D08","LENO","LENO_064",,"NEON.PLA.D08.LENO.08170","untagged","small tree","No longer qualifies",,,,,,,,,,,,,,,,"gKlTR8ZroBmVFSkzxA4yQazmYWlx7WaI","i++YfdKxcrxXYVscbSnlRu1P6zrsNmWH","legacyData"
"4314b43b-4d7c-4a00-87ac-b4c4a824ea80","LENO_064.basePlot.vst","2016-10-31","vst_LENO_2016","D08","LENO","LENO_064",,"NEON.PLA.D08.LENO.08157","ok","small tree","Live",2.3,130,4.3,,,,,,,,,,,,,"gKlTR8ZroBmVFSkzxA4yQazmYWlx7WaI","i++YfdKxcrxXYVscbSnlRu1P6zrsNmWH","legacyData"
"201c717c-bb38-4705-b542-44b0afc07f2b","LENO_064.basePlot.vst","2016-10-31","vst_LENO_2016","D08","LENO","LENO_064",,"NEON.PLA.D08.LENO.08442","ok","single bole tree","Live",16.0,130,16.9,,,,,,,,,,,,,"gKlTR8ZroBmVFSkzxA4yQazmYWlx7WaI","i++YfdKxcrxXYVscbSnlRu1P6zrsNmWH","legacyData"
"efe67620-5108-4141-a3dc-f11d31a2486a","LENO_064.basePlot.vst","2016-10-31","vst_LENO_2016","D08","LENO","LENO_064",,"NEON.PLA.D08.LENO.12234","ok","single bole tree","Live",12.8,130,11.4,,,,,,,,,,,,,"gKlTR8ZroBmVFSkzxA4yQazmYWlx7WaI","i++YfdKxcrxXYVscbSnlRu1P6zrsNmWH","legacyData"
"a6912b1a-cb64-4b30-86fc-1799baf1514a","LENO_064.basePlot.vst","2016-10-31","vst_LENO_2016","D08","LENO","LENO_064",,"NEON.PLA.D08.LENO.08166","ok","single bole tree","Live",11.9,130,13.3,,,,,,,,,,,,,"gKlTR8ZroBmVFSkzxA4yQazmYWlx7WaI","i++YfdKxcrxXYVscbSnlRu1P6zrsNmWH","legacyData"
"6d0d7c58-9c67-449c-a58b-a365bd1e6f36","LENO_064.basePlot.vst","2016-10-31","vst_LENO_2016","D08","LENO","LENO_064",,"NEON.PLA.D08.LENO.08420","ok","small tree","Live",7.5,130,7.6,,,,,,,,,,,,,"gKlTR8ZroBmVFSkzxA4yQazmYWlx7WaI","i++YfdKxcrxXYVscbSnlRu1P6zrsNmWH","legacyData"
"9430bb5e-2011-4e49-af69-d2a3a01d4c1a","LENO_064.basePlot.vst","2016-10-31","vst_LENO_2016","D08","LENO","LENO_064",,"NEON.PLA.D08.LENO.12061","ok","liana","Live",1.3,130,,,,,,,,,,,,,"case a","gKlTR8ZroBmVFSkzxA4yQazmYWlx7WaI","i++YfdKxcrxXYVscbSnlRu1P6zrsNmWH","legacyData"
"d9dc0c88-c5d5-467b-95e7-e7dd8b512ada","LENO_064.basePlot.vst","2016-10-31","vst_LENO_2016","D08","LENO","LENO_064",,"NEON.PLA.D08.LENO.12042","untagged",,"No longer qualifies",,,,,,,,,,,,,,,,"gKlTR8ZroBmVFSkzxA4yQazmYWlx7WaI","i++YfdKxcrxXYVscbSnlRu1P6zrsNmWH","legacyData"
"38ab7c49-f347-469f-ac75-e77a8921e5dc","LENO_064.basePlot.vst","2016-10-31","vst_LENO_2016","D08","LENO","LENO_064",,"NEON.PLA.D08.LENO.12053","ok","liana","Live",3.8,130,,,,,,,,,,,,,"case a","gKlTR8ZroBmVFSkzxA4yQazmYWlx7WaI","i++YfdKxcrxXYVscbSnlRu1P6zrsNmWH","legacyData"
"bc52642f-4def-4dfc-a290-f5d4a93d6e97","LENO_064.basePlot.vst","2016-10-31","vst_LENO_2016","D08","LENO","LENO_064",,"NEON.PLA.D08.LENO.12223","ok","sapling","Live",,,1.6,,,,,,,,1.1,10,,,,"gKlTR8ZroBmVFSkzxA4yQazmYWlx7WaI","i++YfdKxcrxXYVscbSnlRu1P6zrsNmWH","legacyData"
"99edb464-f914-4029-a497-2af811d3c593","LENO_064.basePlot.vst","2016-10-31","vst_LENO_2016","D08","LENO","LENO_064",,"NEON.PLA.D08.LENO.08451","ok","small tree","Live",2.2,130,3.5,,,,,,,,,,,,,"gKlTR8ZroBmVFSkzxA4yQazmYWlx7WaI","i++YfdKxcrxXYVscbSnlRu1P6zrsNmWH","legacyData"
"05ec775c-a510-442c-ab4f-90eb3ef830f3","LENO_064.basePlot.vst","2016-10-31","vst_LENO_2016","D08","LENO","LENO_064",,"NEON.PLA.D08.LENO.12057","ok","liana","Live",1.7,50,,,,,,,,,,,,,"case f","gKlTR8ZroBmVFSkzxA4yQazmYWlx7WaI","i++YfdKxcrxXYVscbSnlRu1P6zrsNmWH","legacyData"
"f66323b6-e18d-45a2-8b52-87beec8cfbb0","LENO_064.basePlot.vst","2016-10-31","vst_LENO_2016","D08","LENO","LENO_064",,"NEON.PLA.D08.LENO.12039","ok","small tree","Standing dead",1.5,130,1.4,,,,,,,,,1,,,,"gKlTR8ZroBmVFSkzxA4yQazmYWlx7WaI","i++YfdKxcrxXYVscbSnlRu1P6zrsNmWH","legacyData"
"e9302180-6828-4a91-939e-62c402eb41df","LENO_064.basePlot.vst","2016-10-31","vst_LENO_2016","D08","LENO","LENO_064",,"NEON.PLA.D08.LENO.08168","ok","single bole tree","Live",11.8,130,11.7,,,,,,,,,,,,,"gKlTR8ZroBmVFSkzxA4yQazmYWlx7WaI","i++YfdKxcrxXYVscbSnlRu1P6zrsNmWH","legacyData"
"7c67e2f2-ca2f-45d6-a7d2-fdfcca1d00cb","LENO_064.basePlot.vst","2016-10-31","vst_LENO_2016","D08","LENO","LENO_064",,"NEON.PLA.D08.LENO.12047","removed","single bole tree","Downed",,,,,,,,,,,,,,,,"gKlTR8ZroBmVFSkzxA4yQazmYWlx7WaI","i++YfdKxcrxXYVscbSnlRu1P6zrsNmWH","legacyData"
"7e16a7aa-ffa9-4e35-9bc3-f0bd1da27178","LENO_064.basePlot.vst","2016-10-31","vst_LENO_2016","D08","LENO","LENO_064",,"NEON.PLA.D08.LENO.12060","ok","liana","Live",1.1,130,,,,,,,,,,,,,"case a","gKlTR8ZroBmVFSkzxA4yQazmYWlx7WaI","i++YfdKxcrxXYVscbSnlRu1P6zrsNmWH","legacyData"
"9efddd77-db67-4bc2-88b7-4dc4aeb44fae","LENO_064.basePlot.vst","2016-10-31","vst_LENO_2016","D08","LENO","LENO_064",,"NEON.PLA.D08.LENO.08448","ok","single bole tree","Live",14.2,130,7.6,,,,,,,,,,,,,"gKlTR8ZroBmVFSkzxA4yQazmYWlx7WaI","i++YfdKxcrxXYVscbSnlRu1P6zrsNmWH","legacyData"
"e50afb4f-daa4-4bda-a12b-13f30f6fa14e","LENO_064.basePlot.vst","2016-10-31","vst_LENO_2016","D08","LENO","LENO_064",,"NEON.PLA.D08.LENO.12045","ok","sapling","Standing dead",,,2.1,,,,,,,,1.8,10,,,,"gKlTR8ZroBmVFSkzxA4yQazmYWlx7WaI","i++YfdKxcrxXYVscbSnlRu1P6zrsNmWH","legacyData"
"43267364-db29-41fe-9676-85093418041f","LENO_064.basePlot.vst","2016-10-31","vst_LENO_2016","D08","LENO","LENO_064",,"NEON.PLA.D08.LENO.08149","ok","small tree","Live",2.2,130,1.5,,,,,,,,,,,,,"gKlTR8ZroBmVFSkzxA4yQazmYWlx7WaI","i++YfdKxcrxXYVscbSnlRu1P6zrsNmWH","legacyData"
"965f9d6c-d9ff-4454-8c5c-6c5b9ee46198","LENO_064.basePlot.vst","2016-10-31","vst_LENO_2016","D08","LENO","LENO_064",,"NEON.PLA.D08.LENO.12055","ok","liana","Live",1.4,50,,,,,,,,,,,,,"case f","gKlTR8ZroBmVFSkzxA4yQazmYWlx7WaI","i++YfdKxcrxXYVscbSnlRu1P6zrsNmWH","legacyData"
"1ba33782-6b34-4e22-bcdc-a8dfcb05e849","LENO_064.basePlot.vst","2016-10-31","vst_LENO_2016","D08","LENO","LENO_064",,"NEON.PLA.D08.LENO.08449","ok","small tree","Live",7.1,130,8.6,,,,,,,,,,,,,"gKlTR8ZroBmVFSkzxA4yQazmYWlx7WaI","i++YfdKxcrxXYVscbSnlRu1P6zrsNmWH","legacyData"
"10bf6fe1-9c77-4451-b4d6-f63349b0223e","LENO_064.basePlot.vst","2016-10-31","vst_LENO_2016","D08","LENO","LENO_064",,"NEON.PLA.D08.LENO.08446","ok","single bole tree","Live",11.5,130,8.6,,,,,,,,,,,,,"gKlTR8ZroBmVFSkzxA4yQazmYWlx7WaI","i++YfdKxcrxXYVscbSnlRu1P6zrsNmWH","legacyData"
"fc1d36a5-137b-406f-b5ba-0b97e1371294","LENO_064.basePlot.vst","2016-10-31","vst_LENO_2016","D08","LENO","LENO_064",,"NEON.PLA.D08.LENO.14616","ok","liana","Live",1.8,130,,,,,,,,,,,,,"case a","gKlTR8ZroBmVFSkzxA4yQazmYWlx7WaI","i++YfdKxcrxXYVscbSnlRu1P6zrsNmWH","legacyData"
"7638a728-b394-4529-bb96-3c798b52bf84","LENO_064.basePlot.vst","2016-10-31","vst_LENO_2016","D08","LENO","LENO_064",,"NEON.PLA.D08.LENO.08421","ok","small tree","Live",2.8,130,4.8,,,,,,,,,,,,,"gKlTR8ZroBmVFSkzxA4yQazmYWlx7WaI","i++YfdKxcrxXYVscbSnlRu1P6zrsNmWH","legacyData"
"c9e00470-d065-42e6-9f4b-95fe4063a270","LENO_064.basePlot.vst","2016-10-31","vst_LENO_2016","D08","LENO","LENO_064",,"NEON.PLA.D08.LENO.12050","ok","liana","Live",4.3,130,,,,,,,,,,,,,"case a","gKlTR8ZroBmVFSkzxA4yQazmYWlx7WaI","i++YfdKxcrxXYVscbSnlRu1P6zrsNmWH","legacyData"
"a4d202a1-3a05-4ff1-a8c1-ff4f862407ef","LENO_064.basePlot.vst","2016-10-31","vst_LENO_2016","D08","LENO","LENO_064",,"NEON.PLA.D08.LENO.08164","ok","sapling","Live",,,1.6,,,,,,,,1.1,10,,,,"gKlTR8ZroBmVFSkzxA4yQazmYWlx7WaI","i++YfdKxcrxXYVscbSnlRu1P6zrsNmWH","legacyData"
"ea748355-1a93-4cc4-a5ca-50123a827e7b","LENO_064.basePlot.vst","2016-10-31","vst_LENO_2016","D08","LENO","LENO_064",,"NEON.PLA.D08.LENO.12036","ok","sapling","Live",,,1.2,,,,,,,,1.3,10,,,,"gKlTR8ZroBmVFSkzxA4yQazmYWlx7WaI","i++YfdKxcrxXYVscbSnlRu1P6zrsNmWH","legacyData"
"11c6b125-d90a-45dd-a017-206b6eff9723","LENO_064.basePlot.vst","2016-10-31","vst_LENO_2016","D08","LENO","LENO_064",,"NEON.PLA.D08.LENO.12032","ok","single bole tree","Standing dead",46.0,130,3.9,,,,,,,,,,,,,"gKlTR8ZroBmVFSkzxA4yQazmYWlx7WaI","i++YfdKxcrxXYVscbSnlRu1P6zrsNmWH","legacyData"
