uid,namedLocation,domainID,siteID,plotID,plotType,nlcdClass,decimalLatitude,decimalLongitude,geodeticDatum,coordinateUncertainty,elevation,elevationUncertainty,collectDate,eventID,sampleID,sampleCode,samplingMethod,totalSampledArea,targetTaxaPresent,adultCount,nymphCount,larvaCount,sampleCondition,samplingProtocolVersion,measuredBy,remarks
"1cf3340c-12b8-48fe-8c2a-c3196b9a385e","WOOD_009.tickPlot.tck","D09","WOOD","WOOD_009","distributed","grasslandHerbaceous",47.144534,-99.231072,"WGS84",20.1,573.5,0.2,"2014-11-03T17:00Z","WOOD.2014.44",,,"drag",160,"N",0,0,0,,"NEON.DOC.014045vD","G1JmROxAbNQAy0yuQvHxrw==","NO TRANSCRIPTION ERRORS FOUND."
"b178dd6e-c167-42dc-b3b0-04bfe207f499","WOOD_002.tickPlot.tck","D09","WOOD","WOOD_002","distributed","grasslandHerbaceous",47.136802,-99.234546,"WGS84",20.1,578.3,0.1,"2014-11-03T17:31Z","WOOD.2014.44",,,"drag",160,"N",0,0,0,,"NEON.DOC.014045vD","G1JmROxAbNQAy0yuQvHxrw==","NO TRANSCRIPTION ERRORS FOUND."
"680d94a7-6d2a-4ef2-8391-d503a9e46a98","WOOD_006.tickPlot.tck","D09","WOOD","WOOD_006","distributed","grasslandHerbaceous",47.141023,-99.248055,"WGS84",20.1,587.2,0.1,"2014-11-03T17:54Z","WOOD.2014.44",,,"drag and flag",160,"N",0,0,0,,"NEON.DOC.014045vD","G1JmROxAbNQAy0yuQvHxrw==","NO TRANSCRIPTION ERRORS FOUND."
"5e753fa8-89b6-4b91-ad13-7631dd6ff0ad","WOOD_007.tickPlot.tck","D09","WOOD","WOOD_007","distributed","grasslandHerbaceous",47.133887,-99.251357,"WGS84",20.4,593.6,0.3,"2014-11-03T18:19Z","WOOD.2014.44",,,"drag and flag",160,"N",0,0,0,,"NEON.DOC.014045vD","G1JmROxAbNQAy0yuQvHxrw==","NO TRANSCRIPTION ERRORS FOUND."
"46f0c579-8a81-4d9b-8d89-a319d6a62200","WOOD_001.tickPlot.tck","D09","WOOD","WOOD_001","distributed","grasslandHerbaceous",47.127200,-99.256464,"WGS84",20.1,593.8,0.2,"2014-11-03T18:48Z","WOOD.2014.44",,,"drag",160,"N",0,0,0,,"NEON.DOC.014045vD","G1JmROxAbNQAy0yuQvHxrw==","NO TRANSCRIPTION ERRORS FOUND."
"94d4249c-ba36-4b23-bb07-2316bd84c576","WOOD_024.tickPlot.tck","D09","WOOD","WOOD_024","distributed","emergentHerbaceousWetlands",47.150784,-99.260836,"WGS84",20.1,586.1,0.2,"2014-11-03T19:32Z","WOOD.2014.44",,,"drag",152,"N",0,0,0,,"NEON.DOC.014045vD","G1JmROxAbNQAy0yuQvHxrw==","Water too deep on SE corner. NO TRANSCRIPTION ERRORS FOUND."
