uid,namedLocation,domainID,siteID,plotID,plotType,nlcdClass,decimalLatitude,decimalLongitude,geodeticDatum,coordinateUncertainty,elevation,elevationUncertainty,collectDate,eventID,sampleID,sampleCode,samplingMethod,totalSampledArea,targetTaxaPresent,adultCount,nymphCount,larvaCount,sampleCondition,samplingProtocolVersion,measuredBy,remarks
"3d7d18c7-f60c-49d5-b589-925bd222b893","BART_002.tickPlot.tck","D01","BART","BART_002","distributed","deciduousForest",44.035231,-71.274674,"WGS84",20.2,502.6,0.3,"2014-07-14T18:30Z","BART.2014.28",,,"drag and flag",160,"N",0,0,0,,"NEON.DOC.014045vD","67MigL3oyqAlMd7fongckA==","QC: NO ERROR"
"2bca1ea0-1509-4c44-b44c-b09f09295830","BART_010.tickPlot.tck","D01","BART","BART_010","distributed","deciduousForest",44.051100,-71.267766,"WGS84",20.2,413.0,0.4,"2014-07-14T18:40Z","BART.2014.28",,,"drag and flag",162,"N",0,0,0,,"NEON.DOC.014045vD","Dg/QAq2eeKwG8cAxmJD8dA==",
"57b27d4a-c9a5-4d20-b546-a11f07f766a5","BART_011.tickPlot.tck","D01","BART","BART_011","distributed","mixedForest",44.048783,-71.295353,"WGS84",20.2,399.5,0.2,"2014-07-14T20:06Z","BART.2014.28",,,"drag and flag",167,"N",0,0,0,,"NEON.DOC.014045vD","Dg/QAq2eeKwG8cAxmJD8dA==",
"c24a9613-6abc-4028-9d10-5646fc3468a7","BART_019.tickPlot.tck","D01","BART","BART_019","distributed","mixedForest",44.069350,-71.288001,"WGS84",20.2,231.8,0.2,"2014-07-14T21:17Z","BART.2014.28",,,"drag and flag",160,"N",0,0,0,,"NEON.DOC.014045vD","Dg/QAq2eeKwG8cAxmJD8dA==","QC: NO ERROR"
"7a420470-28bb-4314-9358-efe319deec00","BART_015.tickPlot.tck","D01","BART","BART_015","distributed","mixedForest",44.042149,-71.271603,"WGS84",20.3,455.0,0.5,"2014-07-17T20:40Z","BART.2014.28",,,"drag and flag",160,"N",0,0,0,,"NEON.DOC.014045vD","67MigL3oyqAlMd7fongckA==","possible tick collected; determined not to be a tick in the lab"
