uid,namedLocation,plotID,collectDate,identifiedDate,sampleID,subsampleID,scientificName,acceptedTaxonID,taxonRank,family,subfamily,tribe,subtribe,genus,subgenus,specificEpithet,infraspecificEpithet,identificationQualifier,identificationReferences,identificationProtocolVersion,scientificNameAuthorship,sexOrAge,individualCount,sampleCondition,archiveMedium,archiveFacilityID,deprecatedVialID,identifiedBy,laboratoryName,remarks
"1f90cf97-d088-4201-aa24-066ea6f47f2e","TALL_001.tickPlot.tck","TALL_001","2014-06-16T13:17Z","2015-02-11T12:00Z","TALL_001.20140616","TALL_001.20140616.AMBAME.N","Amblyomma americanum","AMBAME","species","Ixodidae",,,,"Amblyomma",,"americanum",,,"Cooley, R. A. and G. M. Kohls. 1944. The genus Amblyomma (ixodidae) in the United States. The Journal of Parasitology, 30(2):77-111.","GSU_tickIdentification_SOP_2016-11-01.pdf","Linnaeus","Nymph",10,"OK","95% ethanol","125247",,"Philip Panhorst","Georgia Southern University","desiccated remains of what appeared to be a nymph included in sample"
"3f39a09c-b3d4-4094-93a2-de27ff400d47","TALL_001.tickPlot.tck","TALL_001","2014-06-16T13:17Z","2015-02-11T17:00Z","TALL_001.20140616","TALL_001.20140616.AMBAME.F","Amblyomma americanum","AMBAME","species","Ixodidae",,,,"Amblyomma",,"americanum",,,"Cooley, R. A. and G. M. Kohls. 1944. The genus Amblyomma (ixodidae) in the United States. The Journal of Parasitology, 30(2):77-111.","GSU_tickIdentification_SOP_2016-11-01.pdf","Linnaeus","Female",1,"OK","90% ethanol","125247",,"Philip Panhorst","Georgia Southern University","desiccated remains of what appeared to be a nymph included in sample"
"2067a12d-5231-4e3d-80bf-70a5fec2c87b","TALL_001.tickPlot.tck","TALL_001","2014-06-16T13:17Z","2015-02-11T17:00Z","TALL_001.20140616","TALL_001.20140616.AMBAME.M","Amblyomma americanum","AMBAME","species","Ixodidae",,,,"Amblyomma",,"americanum",,,"Cooley, R. A. and G. M. Kohls. 1944. The genus Amblyomma (ixodidae) in the United States. The Journal of Parasitology, 30(2):77-111.","GSU_tickIdentification_SOP_2016-11-01.pdf","Linnaeus","Male",2,"OK","90% ethanol","125247",,"Philip Panhorst","Georgia Southern University","desiccated remains of what appeared to be a nymph included in sample"
"c8b9b9b6-6919-4f38-a237-f2c6be80dbed","TALL_016.tickPlot.tck","TALL_016","2014-06-16T14:43Z","2015-02-11T17:00Z","TALL_016.20140616","TALL_016.20140616.AMBAME.M","Amblyomma americanum","AMBAME","species","Ixodidae",,,,"Amblyomma",,"americanum",,,"Cooley, R. A. and G. M. Kohls. 1944. The genus Amblyomma (ixodidae) in the United States. The Journal of Parasitology, 30(2):77-111.","GSU_tickIdentification_SOP_2016-11-01.pdf","Linnaeus","Male",1,"OK","90% ethanol","125281",,"Philip Panhorst","Georgia Southern University",
"14703da0-0f81-484f-983c-dac21bee2175","TALL_016.tickPlot.tck","TALL_016","2014-06-16T14:43Z","2015-02-11T17:00Z","TALL_016.20140616","TALL_016.20140616.AMBAME.N","Amblyomma americanum","AMBAME","species","Ixodidae",,,,"Amblyomma",,"americanum",,,"Cooley, R. A. and G. M. Kohls. 1944. The genus Amblyomma (ixodidae) in the United States. The Journal of Parasitology, 30(2):77-111.","GSU_tickIdentification_SOP_2016-11-01.pdf","Linnaeus","Nymph",1,"OK","90% ethanol","125281",,"Philip Panhorst","Georgia Southern University",
"f09960f1-a579-4c3e-88bf-68366b98251e","TALL_003.tickPlot.tck","TALL_003","2014-06-16T15:44Z","2015-02-11T17:00Z","TALL_003.20140616","TALL_003.20140616.AMBAME.F","Amblyomma americanum","AMBAME","species","Ixodidae",,,,"Amblyomma",,"americanum",,,"Cooley, R. A. and G. M. Kohls. 1944. The genus Amblyomma (ixodidae) in the United States. The Journal of Parasitology, 30(2):77-111.","GSU_tickIdentification_SOP_2016-11-01.pdf","Linnaeus","Female",1,"OK","90% ethanol","125262",,"Philip Panhorst","Georgia Southern University",
"e6a839cc-a25f-405e-bbb2-a403f2be77fd","TALL_003.tickPlot.tck","TALL_003","2014-06-16T15:44Z","2015-02-11T12:00Z","TALL_003.20140616","TALL_003.20140616.AMBAME.N","Amblyomma americanum","AMBAME","species","Ixodidae",,,,"Amblyomma",,"americanum",,,"Cooley, R. A. and G. M. Kohls. 1944. The genus Amblyomma (ixodidae) in the United States. The Journal of Parasitology, 30(2):77-111.","GSU_tickIdentification_SOP_2016-11-01.pdf","Linnaeus","Nymph",25,"OK","95% ethanol","125262",,"Philip Panhorst","Georgia Southern University",
"eda8498f-690c-4bcc-ac79-13929b38dc15","TALL_003.tickPlot.tck","TALL_003","2014-06-16T15:44Z","2015-02-11T17:00Z","TALL_003.20140616","TALL_003.20140616.AMBAME.M","Amblyomma americanum","AMBAME","species","Ixodidae",,,,"Amblyomma",,"americanum",,,"Cooley, R. A. and G. M. Kohls. 1944. The genus Amblyomma (ixodidae) in the United States. The Journal of Parasitology, 30(2):77-111.","GSU_tickIdentification_SOP_2016-11-01.pdf","Linnaeus","Male",2,"OK","90% ethanol","125262",,"Philip Panhorst","Georgia Southern University",
"e11734c0-ee9a-4932-a5a8-244e4773e302","TALL_006.tickPlot.tck","TALL_006","2014-06-17T13:07Z","2015-02-13T12:00Z","TALL_006.20140617","TALL_006.20140617.AMBAME.N","Amblyomma americanum","AMBAME","species","Ixodidae",,,,"Amblyomma",,"americanum",,,"Cooley, R. A. and G. M. Kohls. 1944. The genus Amblyomma (ixodidae) in the United States. The Journal of Parasitology, 30(2):77-111.","GSU_tickIdentification_SOP_2016-11-01.pdf","Linnaeus","Nymph",6,"OK","95% ethanol","125270",,"Philip Panhorst","Georgia Southern University",
"b1a812bd-dfa9-4b5e-82ab-7927b075da42","TALL_006.tickPlot.tck","TALL_006","2014-06-17T13:07Z","2015-02-13T17:00Z","TALL_006.20140617","TALL_006.20140617.AMBAME.F","Amblyomma americanum","AMBAME","species","Ixodidae",,,,"Amblyomma",,"americanum",,,"Cooley, R. A. and G. M. Kohls. 1944. The genus Amblyomma (ixodidae) in the United States. The Journal of Parasitology, 30(2):77-111.","GSU_tickIdentification_SOP_2016-11-01.pdf","Linnaeus","Female",2,"OK","90% ethanol","125270",,"Philip Panhorst","Georgia Southern University",
"0df69ada-79d1-4395-a4a1-590a698c5373","TALL_008.tickPlot.tck","TALL_008","2014-06-17T14:37Z","2015-02-13T17:00Z","TALL_008.20140617","TALL_008.20140617.AMBAME.F","Amblyomma americanum","AMBAME","species","Ixodidae",,,,"Amblyomma",,"americanum",,,"Cooley, R. A. and G. M. Kohls. 1944. The genus Amblyomma (ixodidae) in the United States. The Journal of Parasitology, 30(2):77-111.","GSU_tickIdentification_SOP_2016-11-01.pdf","Linnaeus","Female",5,"OK","90% ethanol","125276",,"Philip Panhorst","Georgia Southern University",
"71f0b530-4283-4219-95d4-ea07135c3649","TALL_008.tickPlot.tck","TALL_008","2014-06-17T14:37Z","2015-02-13T17:00Z","TALL_008.20140617","TALL_008.20140617.AMBAME.M","Amblyomma americanum","AMBAME","species","Ixodidae",,,,"Amblyomma",,"americanum",,,"Cooley, R. A. and G. M. Kohls. 1944. The genus Amblyomma (ixodidae) in the United States. The Journal of Parasitology, 30(2):77-111.","GSU_tickIdentification_SOP_2016-11-01.pdf","Linnaeus","Male",2,"OK","90% ethanol","125276",,"Philip Panhorst","Georgia Southern University",
"11170080-3d95-4d82-8768-939380b6d4b8","TALL_008.tickPlot.tck","TALL_008","2014-06-17T14:37Z","2015-02-13T12:00Z","TALL_008.20140617","TALL_008.20140617.AMBAME.N","Amblyomma americanum","AMBAME","species","Ixodidae",,,,"Amblyomma",,"americanum",,,"Cooley, R. A. and G. M. Kohls. 1944. The genus Amblyomma (ixodidae) in the United States. The Journal of Parasitology, 30(2):77-111.","GSU_tickIdentification_SOP_2016-11-01.pdf","Linnaeus","Nymph",12,"OK","95% ethanol","125276",,"Philip Panhorst","Georgia Southern University",
"e1c4daca-f05c-4611-ad54-db1236369cd4","TALL_002.tickPlot.tck","TALL_002","2014-06-17T15:55Z","2015-02-16T12:00Z","TALL_002.20140617","TALL_002.20140617.AMBAME.N","Amblyomma americanum","AMBAME","species","Ixodidae",,,,"Amblyomma",,"americanum",,,"Cooley, R. A. and G. M. Kohls. 1944. The genus Amblyomma (ixodidae) in the United States. The Journal of Parasitology, 30(2):77-111.","GSU_tickIdentification_SOP_2016-11-01.pdf","Linnaeus","Nymph",47,"OK","95% ethanol","125253",,"Philip Panhorst","Georgia Southern University","A small spider removed from original sample"
"e30a0af9-bf88-460e-bf10-81cd5088dfef","TALL_002.tickPlot.tck","TALL_002","2014-06-17T15:55Z","2015-02-16T17:00Z","TALL_002.20140617","TALL_002.20140617.AMBAME.F","Amblyomma americanum","AMBAME","species","Ixodidae",,,,"Amblyomma",,"americanum",,,"Cooley, R. A. and G. M. Kohls. 1944. The genus Amblyomma (ixodidae) in the United States. The Journal of Parasitology, 30(2):77-111.","GSU_tickIdentification_SOP_2016-11-01.pdf","Linnaeus","Female",7,"OK","90% ethanol","125253",,"Philip Panhorst","Georgia Southern University","A small spider removed from original sample"
"1d4a83de-9ce6-4bd2-9b32-0dac6eb8921f","TALL_002.tickPlot.tck","TALL_002","2014-06-17T15:55Z","2015-02-16T17:00Z","TALL_002.20140617","TALL_002.20140617.AMBAME.M","Amblyomma americanum","AMBAME","species","Ixodidae",,,,"Amblyomma",,"americanum",,,"Cooley, R. A. and G. M. Kohls. 1944. The genus Amblyomma (ixodidae) in the United States. The Journal of Parasitology, 30(2):77-111.","GSU_tickIdentification_SOP_2016-11-01.pdf","Linnaeus","Male",2,"OK","90% ethanol","125253",,"Philip Panhorst","Georgia Southern University","A small spider removed from original sample"
