uid,namedLocation,domainID,siteID,plotID,plotType,nlcdClass,decimalLatitude,decimalLongitude,geodeticDatum,coordinateUncertainty,elevation,elevationUncertainty,collectDate,eventID,sampleID,sampleCode,samplingMethod,totalSampledArea,targetTaxaPresent,adultCount,nymphCount,larvaCount,sampleCondition,samplingProtocolVersion,measuredBy,remarks
"d4b8a445-3e36-47c9-8db6-3b0233ba7e93","TALL_001.tickPlot.tck","D08","TALL","TALL_001","distributed","deciduousForest",32.976370,-87.432184,"WGS84",20.2,114.6,0.1,"2014-06-16T13:17Z","TALL.2014.24","TALL_001.20140616",,"drag and flag",160,"Y",3,10,0,"No known compromise","NEON.DOC.014045vD","t7sySgyQt7gaGQ7jqVDbFA==","no transcription errors found"
"b83b0294-eb01-40f2-aa7c-1efbcb3d3d35","TALL_016.tickPlot.tck","D08","TALL","TALL_016","distributed","evergreenForest",32.971553,-87.415845,"WGS84",20.1,138.9,0.1,"2014-06-16T14:43Z","TALL.2014.24","TALL_016.20140616",,"drag and flag",160,"Y",1,1,0,"No known compromise","NEON.DOC.014045vD","t7sySgyQt7gaGQ7jqVDbFA==",
"660ae171-0fcd-49c4-a63f-5daaadeed0fc","TALL_003.tickPlot.tck","D08","TALL","TALL_003","distributed","mixedForest",32.894415,-87.416532,"WGS84",20.2,121.9,0.2,"2014-06-16T15:44Z","TALL.2014.24","TALL_003.20140616",,"drag",160,"Y",3,26,0,"No known compromise","NEON.DOC.014045vD","t7sySgyQt7gaGQ7jqVDbFA==",
"80d47fba-e842-414a-945b-48b4cce5c2f5","TALL_006.tickPlot.tck","D08","TALL","TALL_006","distributed","evergreenForest",32.899144,-87.444571,"WGS84",20.3,108.6,0.3,"2014-06-17T13:07Z","TALL.2014.24","TALL_006.20140617",,"drag and flag",160,"Y",2,5,0,"No known compromise","NEON.DOC.014045vD","t7sySgyQt7gaGQ7jqVDbFA==",
"8b8ce2e9-8c35-4274-95ef-e06b62d0cfd8","TALL_008.tickPlot.tck","D08","TALL","TALL_008","distributed","deciduousForest",32.922874,-87.434097,"WGS84",20.2,127.5,0.2,"2014-06-17T14:37Z","TALL.2014.24","TALL_008.20140617",,"drag",160,"Y",6,12,0,"No known compromise","NEON.DOC.014045vD","t7sySgyQt7gaGQ7jqVDbFA==",
"0747eb2c-13cb-4bbb-aecb-fd94f4fa2594","TALL_002.tickPlot.tck","D08","TALL","TALL_002","distributed","mixedForest",32.920823,-87.428955,"WGS84",20.3,104.0,0.4,"2014-06-17T15:55Z","TALL.2014.24","TALL_002.20140617",,"drag",160,"Y",7,49,0,"No known compromise","NEON.DOC.014045vD","t7sySgyQt7gaGQ7jqVDbFA==","no transcription errors found"
