uid,namedLocation,domainID,siteID,plotID,plotType,nlcdClass,decimalLatitude,decimalLongitude,geodeticDatum,coordinateUncertainty,elevation,elevationUncertainty,collectDate,eventID,sampleID,sampleCode,samplingMethod,totalSampledArea,targetTaxaPresent,adultCount,nymphCount,larvaCount,sampleCondition,samplingProtocolVersion,measuredBy,remarks
"0ee4708a-6f50-4cc4-803a-58b0bbee82f7","SRER_002.tickPlot.tck","D14","SRER","SRER_002","distributed","shrubScrub",31.871226,-110.855454,"WGS84",20.1,1032.1,0.1,"2018-09-11T16:20Z","SRER.2018.37",,,"drag and flag",153,"N",0,0,0,,"NEON.DOC.014045vJ","47fmII3dmbwIJec1dxdwyBiGTksx4UMrFdhMVXVxQHE=",
"2a6ec25b-4440-4c5b-bc21-83a9f76a16fc","SRER_004.tickPlot.tck","D14","SRER","SRER_004","distributed","shrubScrub",31.908022,-110.816123,"WGS84",20.0,1039.1,0.0,"2018-09-11T16:49Z","SRER.2018.37",,,"drag and flag",145,"N",0,0,0,,"NEON.DOC.014045vJ","wsPgf8Zw9fKLRGP+6ijleG+bHcabHnR0ZUzpfoJsmF4=",
"1b56f99d-bcd8-4a8b-a59b-79a3a82d68c8","SRER_003.tickPlot.tck","D14","SRER","SRER_003","distributed","shrubScrub",31.840004,-110.915794,"WGS84",20.1,977.6,0.1,"2018-09-11T18:00Z","SRER.2018.37",,,"drag and flag",160,"N",0,0,0,,"NEON.DOC.014045vJ","zN0aj0xTw7AIaNa9aVKX3zK98kS5EuZCt81qbW+nFv0=",
"39069d81-554d-4e37-899c-3c3031a91b67","SRER_008.tickPlot.tck","D14","SRER","SRER_008","distributed","shrubScrub",31.868129,-110.813836,"WGS84",20.1,1172.7,0.1,"2018-09-11T18:05Z","SRER.2018.37",,,"drag and flag",158,"N",0,0,0,,"NEON.DOC.014045vJ","wsPgf8Zw9fKLRGP+6ijleG+bHcabHnR0ZUzpfoJsmF4=",
"32442c93-0895-4514-92c4-bfbc3039ebc3","SRER_006.tickPlot.tck","D14","SRER","SRER_006","distributed","shrubScrub",31.797005,-110.910555,"WGS84",20.1,1046.3,0.1,"2018-09-11T19:19Z","SRER.2018.37",,,"drag and flag",162,"N",0,0,0,,"NEON.DOC.014045vJ","zN0aj0xTw7AIaNa9aVKX3zK98kS5EuZCt81qbW+nFv0=",
"59a65c2c-da7c-474d-801a-228354d9a699","SRER_007.tickPlot.tck","D14","SRER","SRER_007","distributed","shrubScrub",31.898810,-110.874149,"WGS84",20.1,934.9,0.1,"2018-09-11T19:21Z","SRER.2018.37",,,"drag and flag",161,"N",0,0,0,,"NEON.DOC.014045vJ","wsPgf8Zw9fKLRGP+6ijleG+bHcabHnR0ZUzpfoJsmF4=",
