uid,namedLocation,date,domainID,siteID,plotID,plotType,nlcdClass,decimalLatitude,decimalLongitude,geodeticDatum,coordinateUncertainty,easting,northing,utmZone,elevation,elevationUncertainty,eventID,samplingProtocolVersion,treesPresent,treesAbsentList,shrubsPresent,shrubsAbsentList,lianasPresent,lianasAbsentList,nestedSubplotAreaShrubSapling,nestedSubplotAreaLiana,totalSampledAreaTrees,totalSampledAreaShrubSapling,totalSampledAreaLiana,remarks,measuredBy,recordedBy,dataQF
"471dbd97-a782-4b8d-8cf6-f9f44164971d","LENO_064.basePlot.vst","2015-08-14","D08","LENO","LENO_064","tower","deciduousForest",31.854294,-88.160718,"WGS84",20.1,390187.60,3524872.55,"16N",12.4,0.1,"vst_LENO_2015","NEON.DOC.000987vD",,,,,,,"25","25",800,100,100,,,"5bNzYImeaOHtlXGPWGCPlX8bb2aM72iw","legacyData"
"5db6a4bf-4ae7-4b1a-9e28-15961778bc88","LENO_068.basePlot.vst","2015-08-18","D08","LENO","LENO_068","tower","deciduousForest",31.856751,-88.160450,"WGS84",20.2,390215.87,3525144.64,"16N",13.2,0.2,"vst_LENO_2015","NEON.DOC.000987vD",,,,,,,"100","100",800,400,400,,,"5bNzYImeaOHtlXGPWGCPlX8bb2aM72iw","legacyData"
"da4b14ec-dc4d-4e07-a73f-4895f939ea6a","LENO_063.basePlot.vst","2015-08-18","D08","LENO","LENO_063","tower","deciduousForest",31.855410,-88.160398,"WGS84",20.2,390219.20,3524995.94,"16N",12.1,0.3,"vst_LENO_2015","NEON.DOC.000987vD",,,,,,,"25","25",800,100,100,,,"5bNzYImeaOHtlXGPWGCPlX8bb2aM72iw","legacyData"
"028d9328-38a1-4438-baea-98f3e37e5abe","LENO_062.basePlot.vst","2015-08-19","D08","LENO","LENO_062","tower","woodyWetlands",31.857053,-88.161742,"WGS84",20.2,390093.99,3525179.42,"16N",11.3,0.3,"vst_LENO_2015","NEON.DOC.000987vD",,,,,,,"25","25",800,100,100,,,"5bNzYImeaOHtlXGPWGCPlX8bb2aM72iw","legacyData"
"56ce6958-1ec6-426f-9c54-4ae1426a1809","LENO_065.basePlot.vst","2015-08-20","D08","LENO","LENO_065","tower","deciduousForest",31.858088,-88.162382,"WGS84",20.2,390034.67,3525294.80,"16N",14.9,0.2,"vst_LENO_2015","NEON.DOC.000987vD",,,,,,,"10","10",800,40,40,,,"5bNzYImeaOHtlXGPWGCPlX8bb2aM72iw","legacyData"
"f824194a-38df-4e01-bbb0-67c35930047b","LENO_061.basePlot.vst","2015-08-20","D08","LENO","LENO_061","tower","woodyWetlands",31.857548,-88.163273,"WGS84",20.2,389949.73,3525235.85,"16N",13.7,0.4,"vst_LENO_2015","NEON.DOC.000987vD",,,,,,,"25","25",800,100,100,,,"5bNzYImeaOHtlXGPWGCPlX8bb2aM72iw","legacyData"
