uid,namedLocation,date,eventID,domainID,siteID,plotID,subplotID,individualID,tagStatus,growthForm,plantStatus,stemDiameter,measurementHeight,height,baseCrownHeight,breakHeight,breakDiameter,maxCrownDiameter,ninetyCrownDiameter,canopyPosition,shape,basalStemDiameter,basalStemDiameterMsrmntHeight,maxBaseCrownDiameter,ninetyBaseCrownDiameter,remarks,recordedBy,measuredBy,dataQF
"ec47ac55-c141-4f68-8f60-260b370a1f5a","UNDE_048.basePlot.vst","2017-09-20","vst_UNDE_2017","D05","UNDE","UNDE_048",,"NEON.PLA.D05.UNDE.05297","ok","sapling","Live",,,0.6,,,,,,,,1.3,10,,,,"2Li2TmTZ1dmTCu9unJAMhJSXNkcRpdMMg0Aw45oBndk=","e1I0NbzZcADnRcsMGeYsigd5XiUw63bbJX+fOzu7mIk=","legacyData"
"353fb077-0928-4319-9f81-65b30c1ef2ef","UNDE_048.basePlot.vst","2017-09-20","vst_UNDE_2017","D05","UNDE","UNDE_048",,"NEON.PLA.D05.UNDE.05122","ok","small shrub","Live",,,1.2,0.9,,,1.7,0.9,,"inverted cone",1.3,10,0.10,0.10,,"2Li2TmTZ1dmTCu9unJAMhJSXNkcRpdMMg0Aw45oBndk=","e1I0NbzZcADnRcsMGeYsigd5XiUw63bbJX+fOzu7mIk=","legacyData"
"e7c5b662-75c8-4751-9b0a-1ebe361acf8d","UNDE_048.basePlot.vst","2017-09-20","vst_UNDE_2017","D05","UNDE","UNDE_048",,"NEON.PLA.D05.UNDE.00321","ok","single bole tree","Live",26.0,130,11.9,,,,,,,,,,,,,"2Li2TmTZ1dmTCu9unJAMhJSXNkcRpdMMg0Aw45oBndk=","e1I0NbzZcADnRcsMGeYsigd5XiUw63bbJX+fOzu7mIk=","legacyData"
"c3103b5c-e2cf-41ab-a1ea-5ac4ba037f39","UNDE_048.basePlot.vst","2017-09-20","vst_UNDE_2017","D05","UNDE","UNDE_048",,"NEON.PLA.D05.UNDE.01423","ok","single bole tree","Live",10.2,130,9.0,,,,,,,,,,,,,"2Li2TmTZ1dmTCu9unJAMhJSXNkcRpdMMg0Aw45oBndk=","e1I0NbzZcADnRcsMGeYsigd5XiUw63bbJX+fOzu7mIk=","legacyData"
"b8d83747-ceec-45de-8eae-14f29b5e465d","UNDE_048.basePlot.vst","2017-09-20","vst_UNDE_2017","D05","UNDE","UNDE_048",,"NEON.PLA.D05.UNDE.00908","ok","single bole tree","Dead, broken bole",29.0,130,2.4,,2.4,,,,,,,,,,,"2Li2TmTZ1dmTCu9unJAMhJSXNkcRpdMMg0Aw45oBndk=","e1I0NbzZcADnRcsMGeYsigd5XiUw63bbJX+fOzu7mIk=","legacyData"
"c3107e52-e6a7-4a0a-8a20-cdc77d3dee07","UNDE_048.basePlot.vst","2017-09-20","vst_UNDE_2017","D05","UNDE","UNDE_048",,"NEON.PLA.D05.UNDE.02593","ok","small tree","Live",3.7,130,3.0,,,,,,,,,,,,,"2Li2TmTZ1dmTCu9unJAMhJSXNkcRpdMMg0Aw45oBndk=","e1I0NbzZcADnRcsMGeYsigd5XiUw63bbJX+fOzu7mIk=","legacyData"
"3342fb16-2741-4934-8f65-2da0d1050743","UNDE_048.basePlot.vst","2017-09-20","vst_UNDE_2017","D05","UNDE","UNDE_048",,"NEON.PLA.D05.UNDE.01278","ok","small tree","Live",4.2,130,5.7,,,,,,,,,,,,,"2Li2TmTZ1dmTCu9unJAMhJSXNkcRpdMMg0Aw45oBndk=","e1I0NbzZcADnRcsMGeYsigd5XiUw63bbJX+fOzu7mIk=","legacyData"
"837e9ab9-2ba9-4e2f-82f6-1998f92b06a8","UNDE_048.basePlot.vst","2017-09-20","vst_UNDE_2017","D05","UNDE","UNDE_048",,"NEON.PLA.D05.UNDE.01047","ok","small tree","Live",1.3,130,1.9,,,,,,,,,,,,,"2Li2TmTZ1dmTCu9unJAMhJSXNkcRpdMMg0Aw45oBndk=","e1I0NbzZcADnRcsMGeYsigd5XiUw63bbJX+fOzu7mIk=","legacyData"
"a941ec47-1bb5-4029-a058-65b51bde1f21","UNDE_048.basePlot.vst","2017-09-20","vst_UNDE_2017","D05","UNDE","UNDE_048",,"NEON.PLA.D05.UNDE.01314","ok","small tree","Live",4.5,130,3.2,,,,,,,,,,,,,"2Li2TmTZ1dmTCu9unJAMhJSXNkcRpdMMg0Aw45oBndk=","e1I0NbzZcADnRcsMGeYsigd5XiUw63bbJX+fOzu7mIk=","legacyData"
"bbd13f3b-3f69-4bc1-9a81-a2bf2ed02edd","UNDE_048.basePlot.vst","2017-09-20","vst_UNDE_2017","D05","UNDE","UNDE_048",,"NEON.PLA.D05.UNDE.04197","ok","single bole tree","Live",38.7,130,19.4,,,,,,,,,,,,,"2Li2TmTZ1dmTCu9unJAMhJSXNkcRpdMMg0Aw45oBndk=","e1I0NbzZcADnRcsMGeYsigd5XiUw63bbJX+fOzu7mIk=","legacyData"
"f13d1cf3-44da-4446-99de-20dbfe2ed003","UNDE_048.basePlot.vst","2017-09-20","vst_UNDE_2017","D05","UNDE","UNDE_048",,"NEON.PLA.D05.UNDE.02580","ok","small tree","Live",1.7,130,1.8,,,,,,,,,,,,,"2Li2TmTZ1dmTCu9unJAMhJSXNkcRpdMMg0Aw45oBndk=","e1I0NbzZcADnRcsMGeYsigd5XiUw63bbJX+fOzu7mIk=","legacyData"
"6d295e94-2e37-4e67-bb74-2c9ac44e4b0a","UNDE_048.basePlot.vst","2017-09-20","vst_UNDE_2017","D05","UNDE","UNDE_048",,"NEON.PLA.D05.UNDE.02584","ok","small tree","Live",6.4,130,4.1,,,,,,,,,,,,,"2Li2TmTZ1dmTCu9unJAMhJSXNkcRpdMMg0Aw45oBndk=","e1I0NbzZcADnRcsMGeYsigd5XiUw63bbJX+fOzu7mIk=","legacyData"
"962b7167-25e5-4af2-9943-17e4fccd3006","UNDE_048.basePlot.vst","2017-09-20","vst_UNDE_2017","D05","UNDE","UNDE_048",,"NEON.PLA.D05.UNDE.01822","ok","single bole tree","Live",11.9,130,9.9,,,,,,,,,,,,,"2Li2TmTZ1dmTCu9unJAMhJSXNkcRpdMMg0Aw45oBndk=","e1I0NbzZcADnRcsMGeYsigd5XiUw63bbJX+fOzu7mIk=","legacyData"
"8bf574bb-279a-436b-90a0-837dd6ba85f1","UNDE_048.basePlot.vst","2017-09-20","vst_UNDE_2017","D05","UNDE","UNDE_048",,"NEON.PLA.D05.UNDE.01289","ok","sapling","Live",,,1.6,,,,,,,,2.4,10,,,,"2Li2TmTZ1dmTCu9unJAMhJSXNkcRpdMMg0Aw45oBndk=","e1I0NbzZcADnRcsMGeYsigd5XiUw63bbJX+fOzu7mIk=","legacyData"
"ed4dd737-c761-4788-8f87-9d8c92e4b245","UNDE_048.basePlot.vst","2017-09-20","vst_UNDE_2017","D05","UNDE","UNDE_048",,"NEON.PLA.D05.UNDE.00932","ok","single bole tree","Live",14.5,130,16.1,,,,,,,,,,,,,"2Li2TmTZ1dmTCu9unJAMhJSXNkcRpdMMg0Aw45oBndk=","e1I0NbzZcADnRcsMGeYsigd5XiUw63bbJX+fOzu7mIk=","legacyData"
"9df4b7f4-f9fa-43d7-a8a5-4c7ddc824a87","UNDE_048.basePlot.vst","2017-09-20","vst_UNDE_2017","D05","UNDE","UNDE_048",,"NEON.PLA.D05.UNDE.05466","ok","sapling","Live",,,0.7,,,,,,,,1.4,10,,,,"2Li2TmTZ1dmTCu9unJAMhJSXNkcRpdMMg0Aw45oBndk=","e1I0NbzZcADnRcsMGeYsigd5XiUw63bbJX+fOzu7mIk=","legacyData"
"97fc712e-2358-4043-88b3-e63b9975bdfb","UNDE_048.basePlot.vst","2017-09-20","vst_UNDE_2017","D05","UNDE","UNDE_048",,"NEON.PLA.D05.UNDE.01074","ok","single bole tree","Live",20.5,130,19.3,,,,,,,,,,,,,"2Li2TmTZ1dmTCu9unJAMhJSXNkcRpdMMg0Aw45oBndk=","e1I0NbzZcADnRcsMGeYsigd5XiUw63bbJX+fOzu7mIk=","legacyData"
"e0163021-2cae-4c9c-9005-ec24f8de3321","UNDE_048.basePlot.vst","2017-09-20","vst_UNDE_2017","D05","UNDE","UNDE_048",,"NEON.PLA.D05.UNDE.00958","ok","single bole tree","Live",21.5,130,15.8,,,,,,,,,,,,,"2Li2TmTZ1dmTCu9unJAMhJSXNkcRpdMMg0Aw45oBndk=","e1I0NbzZcADnRcsMGeYsigd5XiUw63bbJX+fOzu7mIk=","legacyData"
"f4d71d5f-349d-4386-880c-197efc22701a","UNDE_048.basePlot.vst","2017-09-20","vst_UNDE_2017","D05","UNDE","UNDE_048",,"NEON.PLA.D05.UNDE.00955","ok","single bole tree","Dead, broken bole",23.8,130,5.0,,,,,,,,,,,,,"2Li2TmTZ1dmTCu9unJAMhJSXNkcRpdMMg0Aw45oBndk=","e1I0NbzZcADnRcsMGeYsigd5XiUw63bbJX+fOzu7mIk=","legacyData"
"a949f0ea-1097-49ac-a3ff-348ae4862798","UNDE_048.basePlot.vst","2017-09-20","vst_UNDE_2017","D05","UNDE","UNDE_048",,"NEON.PLA.D05.UNDE.05481","ok","sapling","Live",,,0.4,,,,,,,,1.5,10,,,,"2Li2TmTZ1dmTCu9unJAMhJSXNkcRpdMMg0Aw45oBndk=","e1I0NbzZcADnRcsMGeYsigd5XiUw63bbJX+fOzu7mIk=","legacyData"
"1916ffeb-a7b8-4e22-bc8a-94d50c09e7ec","UNDE_048.basePlot.vst","2017-09-20","vst_UNDE_2017","D05","UNDE","UNDE_048",,"NEON.PLA.D05.UNDE.01919","ok","single bole tree","Live",32.5,130,18.1,,,,,,,,,,,,,"2Li2TmTZ1dmTCu9unJAMhJSXNkcRpdMMg0Aw45oBndk=","e1I0NbzZcADnRcsMGeYsigd5XiUw63bbJX+fOzu7mIk=","legacyData"
"00ac5a42-58c2-48ff-a398-97bcb5e8c869","UNDE_048.basePlot.vst","2017-09-20","vst_UNDE_2017","D05","UNDE","UNDE_048",,"NEON.PLA.D05.UNDE.04190","ok","single bole tree","Live",11.9,130,9.8,,,,,,,,,,,,,"2Li2TmTZ1dmTCu9unJAMhJSXNkcRpdMMg0Aw45oBndk=","e1I0NbzZcADnRcsMGeYsigd5XiUw63bbJX+fOzu7mIk=","legacyData"
"243666b8-4162-432f-8e33-b8ebcc6973da","UNDE_048.basePlot.vst","2017-09-20","vst_UNDE_2017","D05","UNDE","UNDE_048",,"NEON.PLA.D05.UNDE.03040","ok","single bole tree","Live",16.8,130,16.5,,,,,,,,,,,,,"2Li2TmTZ1dmTCu9unJAMhJSXNkcRpdMMg0Aw45oBndk=","e1I0NbzZcADnRcsMGeYsigd5XiUw63bbJX+fOzu7mIk=","legacyData"
"ac7d420f-3428-46bc-9b43-72f6375007ad","UNDE_048.basePlot.vst","2017-09-20","vst_UNDE_2017","D05","UNDE","UNDE_048",,"NEON.PLA.D05.UNDE.01515","ok","single bole tree","Live",13.0,130,11.5,,,,,,,,,,,,,"2Li2TmTZ1dmTCu9unJAMhJSXNkcRpdMMg0Aw45oBndk=","e1I0NbzZcADnRcsMGeYsigd5XiUw63bbJX+fOzu7mIk=","legacyData"
"0a144c2e-99e9-4af9-9442-0a1b38a95b4c","UNDE_048.basePlot.vst","2017-09-20","vst_UNDE_2017","D05","UNDE","UNDE_048",,"NEON.PLA.D05.UNDE.01270","ok","sapling","Live",,,1.0,,,,,,,,1.1,10,,,,"2Li2TmTZ1dmTCu9unJAMhJSXNkcRpdMMg0Aw45oBndk=","e1I0NbzZcADnRcsMGeYsigd5XiUw63bbJX+fOzu7mIk=","legacyData"
"fc13591a-882f-4458-8fc9-9cb63c7c9b54","UNDE_048.basePlot.vst","2017-09-20","vst_UNDE_2017","D05","UNDE","UNDE_048",,"NEON.PLA.D05.UNDE.05191","ok","single bole tree","Live",19.0,130,18.5,,,,,,,,,,,,,"2Li2TmTZ1dmTCu9unJAMhJSXNkcRpdMMg0Aw45oBndk=","e1I0NbzZcADnRcsMGeYsigd5XiUw63bbJX+fOzu7mIk=","legacyData"
"e01f3c6a-e8ea-452d-b891-3f9c08fdc67e","UNDE_048.basePlot.vst","2017-09-20","vst_UNDE_2017","D05","UNDE","UNDE_048",,"NEON.PLA.D05.UNDE.05922","ok","sapling","Live",,,1.7,,,,,,,,1.5,10,,,,"2Li2TmTZ1dmTCu9unJAMhJSXNkcRpdMMg0Aw45oBndk=","e1I0NbzZcADnRcsMGeYsigd5XiUw63bbJX+fOzu7mIk=","legacyData"
"7e492eb8-0189-4fda-9b07-0edc3c1b8c64","UNDE_048.basePlot.vst","2017-09-20","vst_UNDE_2017","D05","UNDE","UNDE_048",,"NEON.PLA.D05.UNDE.05980","ok","small tree","Live",6.0,130,5.5,,,,,,,,,,,,,"2Li2TmTZ1dmTCu9unJAMhJSXNkcRpdMMg0Aw45oBndk=","e1I0NbzZcADnRcsMGeYsigd5XiUw63bbJX+fOzu7mIk=","legacyData"
"810334c4-ac8d-4ad0-99f1-092c028a4ca8","UNDE_048.basePlot.vst","2017-09-20","vst_UNDE_2017","D05","UNDE","UNDE_048",,"NEON.PLA.D05.UNDE.01082","ok","single bole tree","Live",20.1,130,18.7,,,,,,,,,,,,,"2Li2TmTZ1dmTCu9unJAMhJSXNkcRpdMMg0Aw45oBndk=","e1I0NbzZcADnRcsMGeYsigd5XiUw63bbJX+fOzu7mIk=","legacyData"
"4890a13e-b46e-4b80-bf14-85e2adf98ed8","UNDE_048.basePlot.vst","2017-09-20","vst_UNDE_2017","D05","UNDE","UNDE_048",,"NEON.PLA.D05.UNDE.05801","ok","sapling","Standing dead",,,1.0,,,,,,,,1.3,10,,,,"2Li2TmTZ1dmTCu9unJAMhJSXNkcRpdMMg0Aw45oBndk=","e1I0NbzZcADnRcsMGeYsigd5XiUw63bbJX+fOzu7mIk=","legacyData"
"44231513-22c0-4c06-bb1d-e276b086cdcd","UNDE_048.basePlot.vst","2017-09-20","vst_UNDE_2017","D05","UNDE","UNDE_048",,"NEON.PLA.D05.UNDE.05106","ok","small tree","Live",3.9,130,7.0,,,,,,,,,,,,,"2Li2TmTZ1dmTCu9unJAMhJSXNkcRpdMMg0Aw45oBndk=","e1I0NbzZcADnRcsMGeYsigd5XiUw63bbJX+fOzu7mIk=","legacyData"
"d789c9e5-e880-4267-a215-35c004c548ef","UNDE_048.basePlot.vst","2017-09-20","vst_UNDE_2017","D05","UNDE","UNDE_048",,"NEON.PLA.D05.UNDE.01333","ok","small tree","Live",8.5,130,8.3,,,,,,,,,,,,,"2Li2TmTZ1dmTCu9unJAMhJSXNkcRpdMMg0Aw45oBndk=","e1I0NbzZcADnRcsMGeYsigd5XiUw63bbJX+fOzu7mIk=","legacyData"
"86c430d2-17c6-4b3c-84e5-aedb5374bdd1","UNDE_048.basePlot.vst","2017-09-20","vst_UNDE_2017","D05","UNDE","UNDE_048",,"NEON.PLA.D05.UNDE.01304","ok","small tree","Live",4.5,130,5.0,,,,,,,,,,,,,"2Li2TmTZ1dmTCu9unJAMhJSXNkcRpdMMg0Aw45oBndk=","e1I0NbzZcADnRcsMGeYsigd5XiUw63bbJX+fOzu7mIk=","legacyData"
"29fa0ea9-d164-4e97-b8c5-9159fa19e99f","UNDE_048.basePlot.vst","2017-09-20","vst_UNDE_2017","D05","UNDE","UNDE_048",,"NEON.PLA.D05.UNDE.01635B","ok","multi-bole tree","Live",13.6,130,11.7,,,,,,,,,,,,,"2Li2TmTZ1dmTCu9unJAMhJSXNkcRpdMMg0Aw45oBndk=","e1I0NbzZcADnRcsMGeYsigd5XiUw63bbJX+fOzu7mIk=","legacyData"
"bf309e99-b978-4355-9f3b-d7b5f0dfa3b2","UNDE_048.basePlot.vst","2017-09-20","vst_UNDE_2017","D05","UNDE","UNDE_048",,"NEON.PLA.D05.UNDE.01016","ok","small shrub","Live",,,1.8,0.8,,,1.0,0.9,,"inverted cone",1.3,10,0.50,0.50,,"2Li2TmTZ1dmTCu9unJAMhJSXNkcRpdMMg0Aw45oBndk=","e1I0NbzZcADnRcsMGeYsigd5XiUw63bbJX+fOzu7mIk=","legacyData"
"f31872ff-2e51-4eea-9505-16af5360fb81","UNDE_048.basePlot.vst","2017-09-20","vst_UNDE_2017","D05","UNDE","UNDE_048",,"NEON.PLA.D05.UNDE.05937","ok","small tree","Live",9.7,130,8.2,,,,,,,,,,,,,"2Li2TmTZ1dmTCu9unJAMhJSXNkcRpdMMg0Aw45oBndk=","e1I0NbzZcADnRcsMGeYsigd5XiUw63bbJX+fOzu7mIk=","legacyData"
"b76a64f4-8f56-4050-81c0-eae991dce998","UNDE_048.basePlot.vst","2017-09-20","vst_UNDE_2017","D05","UNDE","UNDE_048",,"NEON.PLA.D05.UNDE.05755","ok","small tree","Live",1.6,130,2.2,,,,,,,,,,,,,"2Li2TmTZ1dmTCu9unJAMhJSXNkcRpdMMg0Aw45oBndk=","e1I0NbzZcADnRcsMGeYsigd5XiUw63bbJX+fOzu7mIk=","legacyData"
"9a0b9538-4a39-4c9b-ba5a-669c35128526","UNDE_048.basePlot.vst","2017-09-20","vst_UNDE_2017","D05","UNDE","UNDE_048",,"NEON.PLA.D05.UNDE.01442","ok","single bole tree","Live",22.2,130,18.0,,,,,,,,,,,,,"2Li2TmTZ1dmTCu9unJAMhJSXNkcRpdMMg0Aw45oBndk=","e1I0NbzZcADnRcsMGeYsigd5XiUw63bbJX+fOzu7mIk=","legacyData"
"fe6fa855-4b3f-45ae-9c49-37c45e5f21d8","UNDE_048.basePlot.vst","2017-09-20","vst_UNDE_2017","D05","UNDE","UNDE_048",,"NEON.PLA.D05.UNDE.05173","ok","small tree","Live",3.2,130,5.0,,,,,,,,,,,,,"2Li2TmTZ1dmTCu9unJAMhJSXNkcRpdMMg0Aw45oBndk=","e1I0NbzZcADnRcsMGeYsigd5XiUw63bbJX+fOzu7mIk=","legacyData"
"4171a6a0-5898-4f90-895b-82d27d7bfce6","UNDE_048.basePlot.vst","2017-09-20","vst_UNDE_2017","D05","UNDE","UNDE_048",,"NEON.PLA.D05.UNDE.05182","ok","small tree","Live",7.1,130,5.8,,,,,,,,,,,,,"2Li2TmTZ1dmTCu9unJAMhJSXNkcRpdMMg0Aw45oBndk=","e1I0NbzZcADnRcsMGeYsigd5XiUw63bbJX+fOzu7mIk=","legacyData"
"86c1966d-e77c-431e-94e4-14f197f9e9c2","UNDE_048.basePlot.vst","2017-09-20","vst_UNDE_2017","D05","UNDE","UNDE_048",,"NEON.PLA.D05.UNDE.02316","ok","single bole tree","Live",10.6,130,7.0,,,,,,,,,,,,,"2Li2TmTZ1dmTCu9unJAMhJSXNkcRpdMMg0Aw45oBndk=","e1I0NbzZcADnRcsMGeYsigd5XiUw63bbJX+fOzu7mIk=","legacyData"
"4a852e2c-b241-4fa2-8a76-2201fc8a4eec","UNDE_048.basePlot.vst","2017-09-20","vst_UNDE_2017","D05","UNDE","UNDE_048",,"NEON.PLA.D05.UNDE.00423","ok","single bole tree","Live",11.6,130,9.3,,,,,,,,,,,,,"2Li2TmTZ1dmTCu9unJAMhJSXNkcRpdMMg0Aw45oBndk=","e1I0NbzZcADnRcsMGeYsigd5XiUw63bbJX+fOzu7mIk=","legacyData"
"486434c8-1e2a-4563-9833-1fe8f9b9e2fc","UNDE_048.basePlot.vst","2017-09-20","vst_UNDE_2017","D05","UNDE","UNDE_048",,"NEON.PLA.D05.UNDE.05476","ok","single bole tree","Live",11.1,130,10.2,,,,,,,,,,,,,"2Li2TmTZ1dmTCu9unJAMhJSXNkcRpdMMg0Aw45oBndk=","e1I0NbzZcADnRcsMGeYsigd5XiUw63bbJX+fOzu7mIk=","legacyData"
"c2915844-236b-4181-8f3a-5bb2ffb14957","UNDE_048.basePlot.vst","2017-09-20","vst_UNDE_2017","D05","UNDE","UNDE_048",,"NEON.PLA.D05.UNDE.00940","ok","single bole tree","Live",13.8,130,16.5,,,,,,,,,,,,,"2Li2TmTZ1dmTCu9unJAMhJSXNkcRpdMMg0Aw45oBndk=","e1I0NbzZcADnRcsMGeYsigd5XiUw63bbJX+fOzu7mIk=","legacyData"
"1f45f49a-710d-4072-8d38-7de24c6b5373","UNDE_048.basePlot.vst","2017-09-20","vst_UNDE_2017","D05","UNDE","UNDE_048",,"NEON.PLA.D05.UNDE.01080","ok","small tree","Live",5.4,130,4.8,,,,,,,,,,,,,"2Li2TmTZ1dmTCu9unJAMhJSXNkcRpdMMg0Aw45oBndk=","e1I0NbzZcADnRcsMGeYsigd5XiUw63bbJX+fOzu7mIk=","legacyData"
"4131c0ee-f3cd-493f-bc5b-591515266cfa","UNDE_048.basePlot.vst","2017-09-20","vst_UNDE_2017","D05","UNDE","UNDE_048",,"NEON.PLA.D05.UNDE.01266","ok","sapling","Live",,,1.4,,,,,,,,1.8,10,,,,"2Li2TmTZ1dmTCu9unJAMhJSXNkcRpdMMg0Aw45oBndk=","e1I0NbzZcADnRcsMGeYsigd5XiUw63bbJX+fOzu7mIk=","legacyData"
"5f9d59dc-c429-4a50-892a-8c46aee47166","UNDE_048.basePlot.vst","2017-09-20","vst_UNDE_2017","D05","UNDE","UNDE_048",,"NEON.PLA.D05.UNDE.05004","ok","small tree","Live",6.1,130,7.6,,,,,,,,,,,,,"2Li2TmTZ1dmTCu9unJAMhJSXNkcRpdMMg0Aw45oBndk=","e1I0NbzZcADnRcsMGeYsigd5XiUw63bbJX+fOzu7mIk=","legacyData"
"44840f86-e7f1-45ff-820c-a3a2466452f5","UNDE_048.basePlot.vst","2017-09-20","vst_UNDE_2017","D05","UNDE","UNDE_048",,"NEON.PLA.D05.UNDE.01603","ok","single bole tree","Live",30.8,130,16.0,,,,,,,,,,,,,"2Li2TmTZ1dmTCu9unJAMhJSXNkcRpdMMg0Aw45oBndk=","e1I0NbzZcADnRcsMGeYsigd5XiUw63bbJX+fOzu7mIk=","legacyData"
"d809b955-122a-44fb-9542-f49c56be9990","UNDE_048.basePlot.vst","2017-09-20","vst_UNDE_2017","D05","UNDE","UNDE_048",,"NEON.PLA.D05.UNDE.02556","ok","sapling","Live",,,1.4,,,,,,,,1.6,10,,,,"2Li2TmTZ1dmTCu9unJAMhJSXNkcRpdMMg0Aw45oBndk=","e1I0NbzZcADnRcsMGeYsigd5XiUw63bbJX+fOzu7mIk=","legacyData"
"14550c42-8e90-4047-b2d9-62668eeaf5cb","UNDE_048.basePlot.vst","2017-09-20","vst_UNDE_2017","D05","UNDE","UNDE_048",,"NEON.PLA.D05.UNDE.01025","ok","small tree","Live",6.8,130,6.5,,,,,,,,,,,,,"2Li2TmTZ1dmTCu9unJAMhJSXNkcRpdMMg0Aw45oBndk=","e1I0NbzZcADnRcsMGeYsigd5XiUw63bbJX+fOzu7mIk=","legacyData"
"37cc39f9-b8c8-4fb6-855f-115c7aaee7e6","UNDE_048.basePlot.vst","2017-09-20","vst_UNDE_2017","D05","UNDE","UNDE_048",,"NEON.PLA.D05.UNDE.01016","ok","small shrub","Live",,,1.8,0.8,,,1.0,0.7,,"inverted cone",1.2,10,0.50,0.50,,"2Li2TmTZ1dmTCu9unJAMhJSXNkcRpdMMg0Aw45oBndk=","e1I0NbzZcADnRcsMGeYsigd5XiUw63bbJX+fOzu7mIk=","legacyData"
"426e9a09-a6f6-4e90-a999-d2677fa21b14","UNDE_048.basePlot.vst","2017-09-20","vst_UNDE_2017","D05","UNDE","UNDE_048",,"NEON.PLA.D05.UNDE.01651","ok","single bole tree","Live",14.0,130,10.9,,,,,,,,,,,,,"2Li2TmTZ1dmTCu9unJAMhJSXNkcRpdMMg0Aw45oBndk=","e1I0NbzZcADnRcsMGeYsigd5XiUw63bbJX+fOzu7mIk=","legacyData"
"7a13a256-7b48-4108-918f-c68f9fdd244f","UNDE_048.basePlot.vst","2017-09-20","vst_UNDE_2017","D05","UNDE","UNDE_048",,"NEON.PLA.D05.UNDE.05470","ok","single bole tree","No longer qualifies",,,,,,,,,,,,,,,,"2Li2TmTZ1dmTCu9unJAMhJSXNkcRpdMMg0Aw45oBndk=","e1I0NbzZcADnRcsMGeYsigd5XiUw63bbJX+fOzu7mIk=","legacyData"
"0828f453-0f44-49f0-9c08-0ebdd89609e0","UNDE_048.basePlot.vst","2017-09-20","vst_UNDE_2017","D05","UNDE","UNDE_048",,"NEON.PLA.D05.UNDE.00951","ok","single bole tree","Live",10.4,130,9.4,,,,,,,,,,,,,"2Li2TmTZ1dmTCu9unJAMhJSXNkcRpdMMg0Aw45oBndk=","e1I0NbzZcADnRcsMGeYsigd5XiUw63bbJX+fOzu7mIk=","legacyData"
"110ce369-33f4-4fa1-862f-0514060224ce","UNDE_048.basePlot.vst","2017-09-20","vst_UNDE_2017","D05","UNDE","UNDE_048",,"NEON.PLA.D05.UNDE.01089","ok","small tree","Live",3.5,130,3.4,,,,,,,,,,,,,"2Li2TmTZ1dmTCu9unJAMhJSXNkcRpdMMg0Aw45oBndk=","e1I0NbzZcADnRcsMGeYsigd5XiUw63bbJX+fOzu7mIk=","legacyData"
"e456d121-f9fc-4950-83c2-c290acfcb58b","UNDE_048.basePlot.vst","2017-09-20","vst_UNDE_2017","D05","UNDE","UNDE_048",,"NEON.PLA.D05.UNDE.05760","ok","small tree","Live",1.6,130,2.0,,,,,,,,,,,,,"2Li2TmTZ1dmTCu9unJAMhJSXNkcRpdMMg0Aw45oBndk=","e1I0NbzZcADnRcsMGeYsigd5XiUw63bbJX+fOzu7mIk=","legacyData"
"0e39fdb4-22c6-4ea1-97bf-ac023ccf38f8","UNDE_048.basePlot.vst","2017-09-20","vst_UNDE_2017","D05","UNDE","UNDE_048",,"NEON.PLA.D05.UNDE.05938","ok","sapling","Live",,,1.4,,,,,,,,2.3,10,,,,"2Li2TmTZ1dmTCu9unJAMhJSXNkcRpdMMg0Aw45oBndk=","e1I0NbzZcADnRcsMGeYsigd5XiUw63bbJX+fOzu7mIk=","legacyData"
"9caca3a6-9dc6-4439-869c-bfe25d3b5ebd","UNDE_048.basePlot.vst","2017-09-20","vst_UNDE_2017","D05","UNDE","UNDE_048",,"NEON.PLA.D05.UNDE.01337A","ok","multi-bole tree","Live",8.7,140,11.5,,,,,,,,,,,,,"2Li2TmTZ1dmTCu9unJAMhJSXNkcRpdMMg0Aw45oBndk=","e1I0NbzZcADnRcsMGeYsigd5XiUw63bbJX+fOzu7mIk=","legacyData"
"e83c7b3c-546b-4f4d-bde0-23cea40f4437","UNDE_048.basePlot.vst","2017-09-20","vst_UNDE_2017","D05","UNDE","UNDE_048",,"NEON.PLA.D05.UNDE.00896","ok","single bole tree","Live",12.1,130,13.0,,,,,,,,,,,,,"2Li2TmTZ1dmTCu9unJAMhJSXNkcRpdMMg0Aw45oBndk=","e1I0NbzZcADnRcsMGeYsigd5XiUw63bbJX+fOzu7mIk=","legacyData"
"71f1ad7c-dab9-4ff0-be59-9a833bb92c7d","UNDE_048.basePlot.vst","2017-09-20","vst_UNDE_2017","D05","UNDE","UNDE_048",,"NEON.PLA.D05.UNDE.00801","ok","single bole tree","Live",13.7,130,12.5,,,,,,,,,,,,,"2Li2TmTZ1dmTCu9unJAMhJSXNkcRpdMMg0Aw45oBndk=","e1I0NbzZcADnRcsMGeYsigd5XiUw63bbJX+fOzu7mIk=","legacyData"
"79b7a336-9373-4694-8b54-844be0f2ead8","UNDE_048.basePlot.vst","2017-09-20","vst_UNDE_2017","D05","UNDE","UNDE_048",,"NEON.PLA.D05.UNDE.01031","ok","small shrub","Live",,,1.3,0.8,,,1.5,1.0,,"inverted cone",1.5,10,1.00,0.70,,"2Li2TmTZ1dmTCu9unJAMhJSXNkcRpdMMg0Aw45oBndk=","e1I0NbzZcADnRcsMGeYsigd5XiUw63bbJX+fOzu7mIk=","legacyData"
"fceaed1b-0aeb-476d-b715-1517b2ce5dd1","UNDE_048.basePlot.vst","2017-09-20","vst_UNDE_2017","D05","UNDE","UNDE_048",,"NEON.PLA.D05.UNDE.02570","ok","small tree","Live",1.6,130,,,,,,,,,,,,,,"2Li2TmTZ1dmTCu9unJAMhJSXNkcRpdMMg0Aw45oBndk=","e1I0NbzZcADnRcsMGeYsigd5XiUw63bbJX+fOzu7mIk=","legacyData"
"fd0f4374-3189-49e2-bd81-3184af02ef4e","UNDE_048.basePlot.vst","2017-09-20","vst_UNDE_2017","D05","UNDE","UNDE_048",,"NEON.PLA.D05.UNDE.01087","ok","small shrub","Live",,,1.7,0.4,,,1.5,1.1,,"inverted cone",1.4,10,0.30,0.20,,"2Li2TmTZ1dmTCu9unJAMhJSXNkcRpdMMg0Aw45oBndk=","e1I0NbzZcADnRcsMGeYsigd5XiUw63bbJX+fOzu7mIk=","legacyData"
"932ff332-f5ef-4f9f-9274-dfcdf446f714","UNDE_048.basePlot.vst","2017-09-20","vst_UNDE_2017","D05","UNDE","UNDE_048",,"NEON.PLA.D05.UNDE.01273","ok","sapling","Live",,,1.3,,,,,,,,1.3,10,,,,"2Li2TmTZ1dmTCu9unJAMhJSXNkcRpdMMg0Aw45oBndk=","e1I0NbzZcADnRcsMGeYsigd5XiUw63bbJX+fOzu7mIk=","legacyData"
"89269938-5ea7-4ebc-9395-fd93bff755b6","UNDE_048.basePlot.vst","2017-09-20","vst_UNDE_2017","D05","UNDE","UNDE_048",,"NEON.PLA.D05.UNDE.00953","ok","single bole tree","Live",11.6,130,11.7,,,,,,,,,,,,,"2Li2TmTZ1dmTCu9unJAMhJSXNkcRpdMMg0Aw45oBndk=","e1I0NbzZcADnRcsMGeYsigd5XiUw63bbJX+fOzu7mIk=","legacyData"
"126da314-694c-45a4-ae6a-2a45bd43d0f5","UNDE_048.basePlot.vst","2017-09-20","vst_UNDE_2017","D05","UNDE","UNDE_048",,"NEON.PLA.D05.UNDE.05111","ok","single bole tree","Live",13.1,130,12.2,,,,,,,,,,,,,"2Li2TmTZ1dmTCu9unJAMhJSXNkcRpdMMg0Aw45oBndk=","e1I0NbzZcADnRcsMGeYsigd5XiUw63bbJX+fOzu7mIk=","legacyData"
"fde01b2a-5799-42d7-a5b1-14e6e58a0a51","UNDE_048.basePlot.vst","2017-09-20","vst_UNDE_2017","D05","UNDE","UNDE_048",,"NEON.PLA.D05.UNDE.00362","ok","single bole tree","Live",19.0,130,18.3,,,,,,,,,,,,,"2Li2TmTZ1dmTCu9unJAMhJSXNkcRpdMMg0Aw45oBndk=","e1I0NbzZcADnRcsMGeYsigd5XiUw63bbJX+fOzu7mIk=","legacyData"
"003695e0-5714-4013-aca8-90f22db58467","UNDE_048.basePlot.vst","2017-09-20","vst_UNDE_2017","D05","UNDE","UNDE_048",,"NEON.PLA.D05.UNDE.01654","ok","single bole tree","Live",20.3,130,14.3,,,,,,,,,,,,,"2Li2TmTZ1dmTCu9unJAMhJSXNkcRpdMMg0Aw45oBndk=","e1I0NbzZcADnRcsMGeYsigd5XiUw63bbJX+fOzu7mIk=","legacyData"
"4239db6e-4d87-4cb1-9d87-355120598420","UNDE_048.basePlot.vst","2017-09-20","vst_UNDE_2017","D05","UNDE","UNDE_048",,"NEON.PLA.D05.UNDE.01437","ok","single bole tree","Live",14.5,130,14.4,,,,,,,,,,,,,"2Li2TmTZ1dmTCu9unJAMhJSXNkcRpdMMg0Aw45oBndk=","e1I0NbzZcADnRcsMGeYsigd5XiUw63bbJX+fOzu7mIk=","legacyData"
"7a9c3d67-b923-4cad-88a0-2d8035177e08","UNDE_048.basePlot.vst","2017-09-20","vst_UNDE_2017","D05","UNDE","UNDE_048",,"NEON.PLA.D05.UNDE.01062","ok","sapling","Live",,,2.3,,,,,,,,1.6,10,,,,"2Li2TmTZ1dmTCu9unJAMhJSXNkcRpdMMg0Aw45oBndk=","e1I0NbzZcADnRcsMGeYsigd5XiUw63bbJX+fOzu7mIk=","legacyData"
"80f86b05-5aeb-45e8-98f0-96ee9bb36abf","UNDE_048.basePlot.vst","2017-09-20","vst_UNDE_2017","D05","UNDE","UNDE_048",,"NEON.PLA.D05.UNDE.00954","ok","single bole tree","Live",11.4,130,12.2,,,,,,,,,,,,,"2Li2TmTZ1dmTCu9unJAMhJSXNkcRpdMMg0Aw45oBndk=","e1I0NbzZcADnRcsMGeYsigd5XiUw63bbJX+fOzu7mIk=","legacyData"
"8cba468a-e77d-4ad2-8e3c-dc49d2cbf05b","UNDE_048.basePlot.vst","2017-09-20","vst_UNDE_2017","D05","UNDE","UNDE_048",,"NEON.PLA.D05.UNDE.01438B","ok","multi-bole tree","Live",29.7,130,16.9,,,,,,,,,,,,,"2Li2TmTZ1dmTCu9unJAMhJSXNkcRpdMMg0Aw45oBndk=","e1I0NbzZcADnRcsMGeYsigd5XiUw63bbJX+fOzu7mIk=","legacyData"
"8fdcfbe9-9507-41f5-b6c4-17094b333dc7","UNDE_048.basePlot.vst","2017-09-20","vst_UNDE_2017","D05","UNDE","UNDE_048",,"NEON.PLA.D05.UNDE.00924","ok","single bole tree","No longer qualifies",,,,,,,,,,,,,,,,"2Li2TmTZ1dmTCu9unJAMhJSXNkcRpdMMg0Aw45oBndk=","e1I0NbzZcADnRcsMGeYsigd5XiUw63bbJX+fOzu7mIk=","legacyData"
"e5bb90fb-b20e-458f-9350-4ec5978fc43a","UNDE_048.basePlot.vst","2017-09-20","vst_UNDE_2017","D05","UNDE","UNDE_048",,"NEON.PLA.D05.UNDE.01287","ok","small tree","Live",9.0,130,7.3,,,,,,,,,,,,,"2Li2TmTZ1dmTCu9unJAMhJSXNkcRpdMMg0Aw45oBndk=","e1I0NbzZcADnRcsMGeYsigd5XiUw63bbJX+fOzu7mIk=","legacyData"
"ca1b6ab5-6c55-4017-8299-fe8f2bed5a05","UNDE_048.basePlot.vst","2017-09-20","vst_UNDE_2017","D05","UNDE","UNDE_048",,"NEON.PLA.D05.UNDE.01511","ok","multi-bole tree","Live",28.4,140,14.1,,,,,,,,,,,,,"2Li2TmTZ1dmTCu9unJAMhJSXNkcRpdMMg0Aw45oBndk=","e1I0NbzZcADnRcsMGeYsigd5XiUw63bbJX+fOzu7mIk=","legacyData"
"5ef4bd09-a394-483a-8c54-4a835efdfe7c","UNDE_048.basePlot.vst","2017-09-20","vst_UNDE_2017","D05","UNDE","UNDE_048",,"NEON.PLA.D05.UNDE.01268","ok","small shrub","Live",,,1.4,0.9,,,1.7,1.6,,"inverted cone",1.4,10,0.10,0.10,,"2Li2TmTZ1dmTCu9unJAMhJSXNkcRpdMMg0Aw45oBndk=","e1I0NbzZcADnRcsMGeYsigd5XiUw63bbJX+fOzu7mIk=","legacyData"
"2ef32bb8-cc7b-4199-9335-ad8ebb8a06bf","UNDE_048.basePlot.vst","2017-09-20","vst_UNDE_2017","D05","UNDE","UNDE_048",,"NEON.PLA.D05.UNDE.01052","ok","single bole tree","Live",11.0,130,11.8,,,,,,,,,,,,,"2Li2TmTZ1dmTCu9unJAMhJSXNkcRpdMMg0Aw45oBndk=","e1I0NbzZcADnRcsMGeYsigd5XiUw63bbJX+fOzu7mIk=","legacyData"
"482e43a1-5f18-4f2f-9bbb-325879cb60a5","UNDE_048.basePlot.vst","2017-09-20","vst_UNDE_2017","D05","UNDE","UNDE_048",,"NEON.PLA.D05.UNDE.05905","ok","small tree","Live",1.2,130,1.7,,,,,,,,,,,,,"2Li2TmTZ1dmTCu9unJAMhJSXNkcRpdMMg0Aw45oBndk=","e1I0NbzZcADnRcsMGeYsigd5XiUw63bbJX+fOzu7mIk=","legacyData"
"555fba1d-fbdb-446b-b590-4c5a85590b3d","UNDE_048.basePlot.vst","2017-09-20","vst_UNDE_2017","D05","UNDE","UNDE_048",,"NEON.PLA.D05.UNDE.01928","ok","single bole tree","Dead, broken bole",10.6,130,3.4,,3.4,,,,,,,,,,,"2Li2TmTZ1dmTCu9unJAMhJSXNkcRpdMMg0Aw45oBndk=","e1I0NbzZcADnRcsMGeYsigd5XiUw63bbJX+fOzu7mIk=","legacyData"
"e7fcbb92-dce9-4a9c-b480-b3b055c1e4e1","UNDE_048.basePlot.vst","2017-09-20","vst_UNDE_2017","D05","UNDE","UNDE_048",,"NEON.PLA.D05.UNDE.05774","ok","small tree","Live",5.2,130,5.1,,,,,,,,,,,,,"2Li2TmTZ1dmTCu9unJAMhJSXNkcRpdMMg0Aw45oBndk=","e1I0NbzZcADnRcsMGeYsigd5XiUw63bbJX+fOzu7mIk=","legacyData"
"3ad77947-f72f-4538-907d-bb26120d79d0","UNDE_048.basePlot.vst","2017-09-20","vst_UNDE_2017","D05","UNDE","UNDE_048",,"NEON.PLA.D05.UNDE.01511A","ok","multi-bole tree","Live",19.4,130,14.3,,,,,,,,,,,,,"2Li2TmTZ1dmTCu9unJAMhJSXNkcRpdMMg0Aw45oBndk=","e1I0NbzZcADnRcsMGeYsigd5XiUw63bbJX+fOzu7mIk=","legacyData"
"4b0369fe-63e6-45a7-9de6-971e6e1cc65b","UNDE_048.basePlot.vst","2017-09-20","vst_UNDE_2017","D05","UNDE","UNDE_048",,"NEON.PLA.D05.UNDE.01015","ok","small tree","Live",2.2,130,,,,,,,,,,,,,,"2Li2TmTZ1dmTCu9unJAMhJSXNkcRpdMMg0Aw45oBndk=","e1I0NbzZcADnRcsMGeYsigd5XiUw63bbJX+fOzu7mIk=","legacyData"
"e6c9d17f-a6e6-4916-8154-29177a79192b","UNDE_048.basePlot.vst","2017-09-20","vst_UNDE_2017","D05","UNDE","UNDE_048",,"NEON.PLA.D05.UNDE.01327","ok","sapling","Live",,,1.6,,,,,,,,2.2,10,,,,"2Li2TmTZ1dmTCu9unJAMhJSXNkcRpdMMg0Aw45oBndk=","e1I0NbzZcADnRcsMGeYsigd5XiUw63bbJX+fOzu7mIk=","legacyData"
"00a0b039-0b23-402b-a9ac-1d40d78f189d","UNDE_048.basePlot.vst","2017-09-20","vst_UNDE_2017","D05","UNDE","UNDE_048",,"NEON.PLA.D05.UNDE.01949","ok","single bole tree","Dead, broken bole",30.3,130,,,,,,,,,,,,,,"2Li2TmTZ1dmTCu9unJAMhJSXNkcRpdMMg0Aw45oBndk=","e1I0NbzZcADnRcsMGeYsigd5XiUw63bbJX+fOzu7mIk=","legacyData"
"8f5bf0d5-8f7a-4abf-a960-aff8fa642487","UNDE_048.basePlot.vst","2017-09-20","vst_UNDE_2017","D05","UNDE","UNDE_048",,"NEON.PLA.D05.UNDE.05756","ok","small shrub","Live",,,1.2,0.8,,,1.5,0.8,,"inverted cone",1.2,10,0.50,0.20,,"2Li2TmTZ1dmTCu9unJAMhJSXNkcRpdMMg0Aw45oBndk=","e1I0NbzZcADnRcsMGeYsigd5XiUw63bbJX+fOzu7mIk=","legacyData"
"871e88fc-cf92-4562-981e-d08b06d2bd7b","UNDE_048.basePlot.vst","2017-09-20","vst_UNDE_2017","D05","UNDE","UNDE_048",,"NEON.PLA.D05.UNDE.01453","ok","single bole tree","Live",11.7,130,8.0,,,,,,,,,,,,,"2Li2TmTZ1dmTCu9unJAMhJSXNkcRpdMMg0Aw45oBndk=","e1I0NbzZcADnRcsMGeYsigd5XiUw63bbJX+fOzu7mIk=","legacyData"
"84ba9841-d589-43b3-9c48-aee797938003","UNDE_048.basePlot.vst","2017-09-20","vst_UNDE_2017","D05","UNDE","UNDE_048",,"NEON.PLA.D05.UNDE.04196","ok","single bole tree","Live",18.4,130,16.3,,,,,,,,,,,,,"2Li2TmTZ1dmTCu9unJAMhJSXNkcRpdMMg0Aw45oBndk=","e1I0NbzZcADnRcsMGeYsigd5XiUw63bbJX+fOzu7mIk=","legacyData"
"09b134ca-f098-4680-9a64-9074cc14a494","UNDE_048.basePlot.vst","2017-09-20","vst_UNDE_2017","D05","UNDE","UNDE_048",,"NEON.PLA.D05.UNDE.00933","ok","single bole tree","Live",21.4,130,14.0,,,,,,,,,,,,,"2Li2TmTZ1dmTCu9unJAMhJSXNkcRpdMMg0Aw45oBndk=","e1I0NbzZcADnRcsMGeYsigd5XiUw63bbJX+fOzu7mIk=","legacyData"
"4e6ea3e3-3851-425c-9534-1f918e3a2bde","UNDE_048.basePlot.vst","2017-09-20","vst_UNDE_2017","D05","UNDE","UNDE_048",,"NEON.PLA.D05.UNDE.01438C","ok","multi-bole tree","Dead, broken bole",14.0,130,1.4,,1.4,,,,,,,,,,,"2Li2TmTZ1dmTCu9unJAMhJSXNkcRpdMMg0Aw45oBndk=","e1I0NbzZcADnRcsMGeYsigd5XiUw63bbJX+fOzu7mIk=","legacyData"
"8b922d0c-a2c8-4ece-bef7-3eb89fadedd4","UNDE_048.basePlot.vst","2017-09-20","vst_UNDE_2017","D05","UNDE","UNDE_048",,"NEON.PLA.D05.UNDE.02587","ok","sapling","Live",,,1.4,,,,,,,,2.2,10,,,,"2Li2TmTZ1dmTCu9unJAMhJSXNkcRpdMMg0Aw45oBndk=","e1I0NbzZcADnRcsMGeYsigd5XiUw63bbJX+fOzu7mIk=","legacyData"
"657caf25-cf86-44c4-9cc7-b25f432aa93b","UNDE_048.basePlot.vst","2017-09-20","vst_UNDE_2017","D05","UNDE","UNDE_048",,"NEON.PLA.D05.UNDE.01922","ok","single bole tree","Live",15.4,130,11.8,,,,,,,,,,,,,"2Li2TmTZ1dmTCu9unJAMhJSXNkcRpdMMg0Aw45oBndk=","e1I0NbzZcADnRcsMGeYsigd5XiUw63bbJX+fOzu7mIk=","legacyData"
"de26079e-95ca-44b6-9edd-fde60416106d","UNDE_048.basePlot.vst","2017-09-20","vst_UNDE_2017","D05","UNDE","UNDE_048",,"NEON.PLA.D05.UNDE.05768","ok","small tree","Live",1.8,130,2.3,,,,,,,,,,,,,"2Li2TmTZ1dmTCu9unJAMhJSXNkcRpdMMg0Aw45oBndk=","e1I0NbzZcADnRcsMGeYsigd5XiUw63bbJX+fOzu7mIk=","legacyData"
"003206a8-b389-44d2-bef0-2c40777010e3","UNDE_048.basePlot.vst","2017-09-20","vst_UNDE_2017","D05","UNDE","UNDE_048",,"NEON.PLA.D05.UNDE.05757","ok","sapling","Live",,,1.2,,,,,,,,1.8,10,,,,"2Li2TmTZ1dmTCu9unJAMhJSXNkcRpdMMg0Aw45oBndk=","e1I0NbzZcADnRcsMGeYsigd5XiUw63bbJX+fOzu7mIk=","legacyData"
"e446ce8c-7d43-4488-87a1-306a46855ebe","UNDE_048.basePlot.vst","2017-09-20","vst_UNDE_2017","D05","UNDE","UNDE_048",,"NEON.PLA.D05.UNDE.01811","ok","single bole tree","Live",30.4,130,18.8,,,,,,,,,,,,,"2Li2TmTZ1dmTCu9unJAMhJSXNkcRpdMMg0Aw45oBndk=","e1I0NbzZcADnRcsMGeYsigd5XiUw63bbJX+fOzu7mIk=","legacyData"
"ba914f75-3d8a-46e2-9896-8de93ff7ab8e","UNDE_048.basePlot.vst","2017-09-20","vst_UNDE_2017","D05","UNDE","UNDE_048",,"NEON.PLA.D05.UNDE.01706","ok","multi-bole tree","Live",22.0,130,16.1,,,,,,,,,,,,,"2Li2TmTZ1dmTCu9unJAMhJSXNkcRpdMMg0Aw45oBndk=","e1I0NbzZcADnRcsMGeYsigd5XiUw63bbJX+fOzu7mIk=","legacyData"
"127c5565-b478-47cf-866f-cec750f00fb4","UNDE_048.basePlot.vst","2017-09-20","vst_UNDE_2017","D05","UNDE","UNDE_048",,"NEON.PLA.D05.UNDE.04195","ok","single bole tree","Live",27.2,130,18.7,,,,,,,,,,,,,"2Li2TmTZ1dmTCu9unJAMhJSXNkcRpdMMg0Aw45oBndk=","e1I0NbzZcADnRcsMGeYsigd5XiUw63bbJX+fOzu7mIk=","legacyData"
"a4b73398-a316-49fc-8433-3343fac13d82","UNDE_048.basePlot.vst","2017-09-20","vst_UNDE_2017","D05","UNDE","UNDE_048",,"NEON.PLA.D05.UNDE.01635D","ok","multi-bole tree","Live",10.8,130,10.4,,,,,,,,,,,,,"2Li2TmTZ1dmTCu9unJAMhJSXNkcRpdMMg0Aw45oBndk=","e1I0NbzZcADnRcsMGeYsigd5XiUw63bbJX+fOzu7mIk=","legacyData"
"9b83a07e-4b03-4ab7-baec-0e122cf10cd2","UNDE_048.basePlot.vst","2017-09-20","vst_UNDE_2017","D05","UNDE","UNDE_048",,"NEON.PLA.D05.UNDE.05906","ok","single bole tree","Live",14.5,130,14.8,,,,,,,,,,,,,"2Li2TmTZ1dmTCu9unJAMhJSXNkcRpdMMg0Aw45oBndk=","e1I0NbzZcADnRcsMGeYsigd5XiUw63bbJX+fOzu7mIk=","legacyData"
"4b13cb80-9bad-49a0-897e-71e8549cbf68","UNDE_048.basePlot.vst","2017-09-20","vst_UNDE_2017","D05","UNDE","UNDE_048",,"NEON.PLA.D05.UNDE.02112","ok","single bole tree","Live",13.0,130,14.6,,,,,,,,,,,,,"2Li2TmTZ1dmTCu9unJAMhJSXNkcRpdMMg0Aw45oBndk=","e1I0NbzZcADnRcsMGeYsigd5XiUw63bbJX+fOzu7mIk=","legacyData"
"5eec439a-bfbb-4924-96c7-12e59fd5b086","UNDE_048.basePlot.vst","2017-09-20","vst_UNDE_2017","D05","UNDE","UNDE_048",,"NEON.PLA.D05.UNDE.05982","ok","sapling","Live",,,0.7,,,,,,,,1.3,10,,,,"2Li2TmTZ1dmTCu9unJAMhJSXNkcRpdMMg0Aw45oBndk=","e1I0NbzZcADnRcsMGeYsigd5XiUw63bbJX+fOzu7mIk=","legacyData"
"1ec392af-b85f-4a54-98b7-9617dd2eade3","UNDE_048.basePlot.vst","2017-09-20","vst_UNDE_2017","D05","UNDE","UNDE_048",,"NEON.PLA.D05.UNDE.01512","ok","single bole tree","Live",10.5,130,8.0,,,,,,,,,,,,,"2Li2TmTZ1dmTCu9unJAMhJSXNkcRpdMMg0Aw45oBndk=","e1I0NbzZcADnRcsMGeYsigd5XiUw63bbJX+fOzu7mIk=","legacyData"
"1e478dfa-2ca6-4bf8-b935-1066a38b04ba","UNDE_048.basePlot.vst","2017-09-20","vst_UNDE_2017","D05","UNDE","UNDE_048",,"NEON.PLA.D05.UNDE.05966","ok","sapling","Live",,,1.2,,,,,,,,1.2,10,,,,"2Li2TmTZ1dmTCu9unJAMhJSXNkcRpdMMg0Aw45oBndk=","e1I0NbzZcADnRcsMGeYsigd5XiUw63bbJX+fOzu7mIk=","legacyData"
"a56dcc48-d181-427e-bf0f-2f33f195b73e","UNDE_048.basePlot.vst","2017-09-20","vst_UNDE_2017","D05","UNDE","UNDE_048",,"NEON.PLA.D05.UNDE.01511B","ok","multi-bole tree","Live",24.6,130,13.1,,,,,,,,,,,,,"2Li2TmTZ1dmTCu9unJAMhJSXNkcRpdMMg0Aw45oBndk=","e1I0NbzZcADnRcsMGeYsigd5XiUw63bbJX+fOzu7mIk=","legacyData"
"a4909527-564e-495e-ac34-042b780d4323","UNDE_048.basePlot.vst","2017-09-20","vst_UNDE_2017","D05","UNDE","UNDE_048",,"NEON.PLA.D05.UNDE.01084","ok","small tree","Live",1.1,130,1.6,,,,,,,,,,,,,"2Li2TmTZ1dmTCu9unJAMhJSXNkcRpdMMg0Aw45oBndk=","e1I0NbzZcADnRcsMGeYsigd5XiUw63bbJX+fOzu7mIk=","legacyData"
"e2d335ef-c3f0-44a8-a8f2-bb2b1cf4cb3a","UNDE_048.basePlot.vst","2017-09-20","vst_UNDE_2017","D05","UNDE","UNDE_048",,"NEON.PLA.D05.UNDE.01635C","ok","multi-bole tree","Live",10.6,140,10.5,,,,,,,,,,,,,"2Li2TmTZ1dmTCu9unJAMhJSXNkcRpdMMg0Aw45oBndk=","e1I0NbzZcADnRcsMGeYsigd5XiUw63bbJX+fOzu7mIk=","legacyData"
"563e0b1a-8730-4756-8795-e366658db178","UNDE_048.basePlot.vst","2017-09-20","vst_UNDE_2017","D05","UNDE","UNDE_048",,"NEON.PLA.D05.UNDE.01518","ok","small tree","Live",2.3,130,2.2,,,,,,,,,,,,,"2Li2TmTZ1dmTCu9unJAMhJSXNkcRpdMMg0Aw45oBndk=","e1I0NbzZcADnRcsMGeYsigd5XiUw63bbJX+fOzu7mIk=","legacyData"
"6fe3bb90-65b6-43c1-9c90-85ec5b6a4f8a","UNDE_048.basePlot.vst","2017-09-20","vst_UNDE_2017","D05","UNDE","UNDE_048",,"NEON.PLA.D05.UNDE.01087","ok","small shrub","Live",,,1.7,0.6,,,0.7,0.7,,"inverted cone",1.1,10,0.30,0.20,,"2Li2TmTZ1dmTCu9unJAMhJSXNkcRpdMMg0Aw45oBndk=","e1I0NbzZcADnRcsMGeYsigd5XiUw63bbJX+fOzu7mIk=","legacyData"
"7853e52f-e941-4594-9cf5-c03ce6c58605","UNDE_048.basePlot.vst","2017-09-20","vst_UNDE_2017","D05","UNDE","UNDE_048",,"NEON.PLA.D05.UNDE.01058","ok","single bole tree","Live",25.8,130,11.4,,,,,,,,,,,,,"2Li2TmTZ1dmTCu9unJAMhJSXNkcRpdMMg0Aw45oBndk=","e1I0NbzZcADnRcsMGeYsigd5XiUw63bbJX+fOzu7mIk=","legacyData"
"fc094ac1-9310-45dd-bc6a-9a8fa1284556","UNDE_048.basePlot.vst","2017-09-20","vst_UNDE_2017","D05","UNDE","UNDE_048",,"NEON.PLA.D05.UNDE.01438","ok","multi-bole tree","Live",24.7,130,16.3,,,,,,,,,,,,,"2Li2TmTZ1dmTCu9unJAMhJSXNkcRpdMMg0Aw45oBndk=","e1I0NbzZcADnRcsMGeYsigd5XiUw63bbJX+fOzu7mIk=","legacyData"
"c0d5bbfd-8a5d-4476-969b-e041dd815176","UNDE_048.basePlot.vst","2017-09-20","vst_UNDE_2017","D05","UNDE","UNDE_048",,"NEON.PLA.D05.UNDE.01706A","ok","multi-bole tree","Dead, broken bole",15.0,130,1.4,,1.4,,,,,,,,,,,"2Li2TmTZ1dmTCu9unJAMhJSXNkcRpdMMg0Aw45oBndk=","e1I0NbzZcADnRcsMGeYsigd5XiUw63bbJX+fOzu7mIk=","legacyData"
"feef3413-45e1-4e31-87c3-fe94f9d1efac","UNDE_048.basePlot.vst","2017-09-20","vst_UNDE_2017","D05","UNDE","UNDE_048",,"NEON.PLA.D05.UNDE.01510","ok","single bole tree","Live",13.0,130,10.4,,,,,,,,,,,,,"2Li2TmTZ1dmTCu9unJAMhJSXNkcRpdMMg0Aw45oBndk=","e1I0NbzZcADnRcsMGeYsigd5XiUw63bbJX+fOzu7mIk=","legacyData"
"756935a7-103d-493a-976f-837aa6d3cd57","UNDE_048.basePlot.vst","2017-09-20","vst_UNDE_2017","D05","UNDE","UNDE_048",,"NEON.PLA.D05.UNDE.05494","ok","small tree","Live",5.2,140,5.6,,,,,,,,,,,,,"2Li2TmTZ1dmTCu9unJAMhJSXNkcRpdMMg0Aw45oBndk=","e1I0NbzZcADnRcsMGeYsigd5XiUw63bbJX+fOzu7mIk=","legacyData"
"d31084f5-448f-4e35-a40d-49585df2f778","UNDE_048.basePlot.vst","2017-09-20","vst_UNDE_2017","D05","UNDE","UNDE_048",,"NEON.PLA.D05.UNDE.01635A","ok","multi-bole tree","Live",20.6,130,16.6,,,,,,,,,,,,,"2Li2TmTZ1dmTCu9unJAMhJSXNkcRpdMMg0Aw45oBndk=","e1I0NbzZcADnRcsMGeYsigd5XiUw63bbJX+fOzu7mIk=","legacyData"
"7db8fb1f-414f-4c13-8bf7-20b9be4b427c","UNDE_048.basePlot.vst","2017-09-20","vst_UNDE_2017","D05","UNDE","UNDE_048",,"NEON.PLA.D05.UNDE.01501","ok","single bole tree","Dead, broken bole",15.3,130,4.0,,4.0,,,,,,,,,,,"2Li2TmTZ1dmTCu9unJAMhJSXNkcRpdMMg0Aw45oBndk=","e1I0NbzZcADnRcsMGeYsigd5XiUw63bbJX+fOzu7mIk=","legacyData"
"d507ca8e-e63c-42d6-be2a-18df0c761b45","UNDE_048.basePlot.vst","2017-09-20","vst_UNDE_2017","D05","UNDE","UNDE_048",,"NEON.PLA.D05.UNDE.01709","ok","single bole tree","Dead, broken bole",13.2,130,5.9,,5.9,,,,,,,,,,,"2Li2TmTZ1dmTCu9unJAMhJSXNkcRpdMMg0Aw45oBndk=","e1I0NbzZcADnRcsMGeYsigd5XiUw63bbJX+fOzu7mIk=","legacyData"
"a38975c3-12c7-4666-8662-8ac941f309fe","UNDE_048.basePlot.vst","2017-09-20","vst_UNDE_2017","D05","UNDE","UNDE_048",,"NEON.PLA.D05.UNDE.01306","ok","sapling","Live",,,1.1,,,,,,,,2.6,10,,,,"2Li2TmTZ1dmTCu9unJAMhJSXNkcRpdMMg0Aw45oBndk=","e1I0NbzZcADnRcsMGeYsigd5XiUw63bbJX+fOzu7mIk=","legacyData"
"f3b2fd4a-c127-4ecc-8314-c05ea1767641","UNDE_048.basePlot.vst","2017-09-20","vst_UNDE_2017","D05","UNDE","UNDE_048",,"NEON.PLA.D05.UNDE.04177","ok","single bole tree","Live",19.0,130,15.5,,,,,,,,,,,,,"2Li2TmTZ1dmTCu9unJAMhJSXNkcRpdMMg0Aw45oBndk=","e1I0NbzZcADnRcsMGeYsigd5XiUw63bbJX+fOzu7mIk=","legacyData"
"73836ed1-3289-48ea-a085-f71ae736029f","UNDE_048.basePlot.vst","2017-09-20","vst_UNDE_2017","D05","UNDE","UNDE_048",,"NEON.PLA.D05.UNDE.05337","ok","single bole tree","Live",12.7,130,10.0,,,,,,,,,,,,,"2Li2TmTZ1dmTCu9unJAMhJSXNkcRpdMMg0Aw45oBndk=","e1I0NbzZcADnRcsMGeYsigd5XiUw63bbJX+fOzu7mIk=","legacyData"
"97add414-2f69-4d66-ac35-aeb4a0cc8df0","UNDE_048.basePlot.vst","2017-09-20","vst_UNDE_2017","D05","UNDE","UNDE_048",,"NEON.PLA.D05.UNDE.01438A","ok","multi-bole tree","Live",24.6,130,17.8,,,,,,,,,,,,,"2Li2TmTZ1dmTCu9unJAMhJSXNkcRpdMMg0Aw45oBndk=","e1I0NbzZcADnRcsMGeYsigd5XiUw63bbJX+fOzu7mIk=","legacyData"
"8c10b3da-5f05-4dfe-912d-fc5d682f7ea5","UNDE_048.basePlot.vst","2017-09-20","vst_UNDE_2017","D05","UNDE","UNDE_048",,"NEON.PLA.D05.UNDE.01602","ok","single bole tree","Live",16.7,130,17.6,,,,,,,,,,,,,"2Li2TmTZ1dmTCu9unJAMhJSXNkcRpdMMg0Aw45oBndk=","e1I0NbzZcADnRcsMGeYsigd5XiUw63bbJX+fOzu7mIk=","legacyData"
"bfa3f203-13d0-4e4f-be9c-b049defa9611","UNDE_048.basePlot.vst","2017-09-20","vst_UNDE_2017","D05","UNDE","UNDE_048",,"NEON.PLA.D05.UNDE.05237","ok","small tree","Live",5.8,130,4.2,,,,,,,,,,,,,"2Li2TmTZ1dmTCu9unJAMhJSXNkcRpdMMg0Aw45oBndk=","e1I0NbzZcADnRcsMGeYsigd5XiUw63bbJX+fOzu7mIk=","legacyData"
"f5f9a25f-397a-4057-8940-248eda616fc8","UNDE_048.basePlot.vst","2017-09-20","vst_UNDE_2017","D05","UNDE","UNDE_048",,"NEON.PLA.D05.UNDE.01337","ok","multi-bole tree","Live",17.1,130,15.5,,,,,,,,,,,,,"2Li2TmTZ1dmTCu9unJAMhJSXNkcRpdMMg0Aw45oBndk=","e1I0NbzZcADnRcsMGeYsigd5XiUw63bbJX+fOzu7mIk=","legacyData"
"5c48c0e8-d7e8-4cb9-8994-cdb456a48310","UNDE_048.basePlot.vst","2017-09-20","vst_UNDE_2017","D05","UNDE","UNDE_048",,"NEON.PLA.D05.UNDE.01418","ok","small shrub","Live",,,1.6,0.7,,,0.5,0.3,,"cylinder",1.1,10,,,,"2Li2TmTZ1dmTCu9unJAMhJSXNkcRpdMMg0Aw45oBndk=","e1I0NbzZcADnRcsMGeYsigd5XiUw63bbJX+fOzu7mIk=","legacyData"
"617d41e8-09c3-4ab6-8952-5665d5dea713","UNDE_048.basePlot.vst","2017-09-20","vst_UNDE_2017","D05","UNDE","UNDE_048",,"NEON.PLA.D05.UNDE.00915","ok","single bole tree","Live",14.5,130,12.0,,,,,,,,,,,,,"2Li2TmTZ1dmTCu9unJAMhJSXNkcRpdMMg0Aw45oBndk=","e1I0NbzZcADnRcsMGeYsigd5XiUw63bbJX+fOzu7mIk=","legacyData"
"749f542c-93af-4780-87b9-50039f3d1f6c","UNDE_048.basePlot.vst","2017-09-20","vst_UNDE_2017","D05","UNDE","UNDE_048",,"NEON.PLA.D05.UNDE.00937","ok","single bole tree","Live",11.6,130,12.0,,,,,,,,,,,,,"2Li2TmTZ1dmTCu9unJAMhJSXNkcRpdMMg0Aw45oBndk=","e1I0NbzZcADnRcsMGeYsigd5XiUw63bbJX+fOzu7mIk=","legacyData"
"b54cd80c-aafe-457a-beea-ff9ca2e5c237","UNDE_048.basePlot.vst","2017-09-20","vst_UNDE_2017","D05","UNDE","UNDE_048",,"NEON.PLA.D05.UNDE.01533","ok","small tree","Live",4.9,130,3.4,,,,,,,,,,,,,"2Li2TmTZ1dmTCu9unJAMhJSXNkcRpdMMg0Aw45oBndk=","e1I0NbzZcADnRcsMGeYsigd5XiUw63bbJX+fOzu7mIk=","legacyData"
"4fb8bb9c-fc45-4634-b4e4-861d26cb094b","UNDE_048.basePlot.vst","2017-09-20","vst_UNDE_2017","D05","UNDE","UNDE_048",,"NEON.PLA.D05.UNDE.05475","ok","small shrub","Live",,,0.8,0.4,,,1.2,0.5,,"inverted cone",1.0,10,0.10,0.10,,"2Li2TmTZ1dmTCu9unJAMhJSXNkcRpdMMg0Aw45oBndk=","e1I0NbzZcADnRcsMGeYsigd5XiUw63bbJX+fOzu7mIk=","legacyData"
"4756b492-c1da-4a7c-b5f3-864f2f777790","UNDE_048.basePlot.vst","2017-09-20","vst_UNDE_2017","D05","UNDE","UNDE_048",,"NEON.PLA.D05.UNDE.01907","ok","single bole tree","Live",16.1,130,17.7,,,,,,,,,,,,,"2Li2TmTZ1dmTCu9unJAMhJSXNkcRpdMMg0Aw45oBndk=","e1I0NbzZcADnRcsMGeYsigd5XiUw63bbJX+fOzu7mIk=","legacyData"
"a228b533-9599-4f26-8117-2883b0f18d04","UNDE_048.basePlot.vst","2017-09-20","vst_UNDE_2017","D05","UNDE","UNDE_048",,"NEON.PLA.D05.UNDE.04200","ok","single bole tree","Live",18.9,130,14.7,,,,,,,,,,,,,"2Li2TmTZ1dmTCu9unJAMhJSXNkcRpdMMg0Aw45oBndk=","e1I0NbzZcADnRcsMGeYsigd5XiUw63bbJX+fOzu7mIk=","legacyData"
"a3f721a7-a777-409a-b1f2-c777b54d9698","UNDE_048.basePlot.vst","2017-09-20","vst_UNDE_2017","D05","UNDE","UNDE_048",,"NEON.PLA.D05.UNDE.02581","ok","small tree","Live",3.0,130,,,,,,,,,,,,,"How to measure height???","2Li2TmTZ1dmTCu9unJAMhJSXNkcRpdMMg0Aw45oBndk=","e1I0NbzZcADnRcsMGeYsigd5XiUw63bbJX+fOzu7mIk=","legacyData"
"cab418dd-67c8-49a5-b60d-a3a71f4da2fd","UNDE_048.basePlot.vst","2017-09-20","vst_UNDE_2017","D05","UNDE","UNDE_048",,"NEON.PLA.D05.UNDE.05263","ok","single shrub","Live",1.1,130,1.8,0.9,,,1.4,1.0,,"cylinder",1.8,10,,,,"2Li2TmTZ1dmTCu9unJAMhJSXNkcRpdMMg0Aw45oBndk=","e1I0NbzZcADnRcsMGeYsigd5XiUw63bbJX+fOzu7mIk=","legacyData"
"fbbbd41c-a1e4-4da8-a6d9-520b74878e25","UNDE_048.basePlot.vst","2017-09-20","vst_UNDE_2017","D05","UNDE","UNDE_048",,"NEON.PLA.D05.UNDE.01330","ok","sapling","Live",,,1.6,,,,,,,,1.7,10,,,,"2Li2TmTZ1dmTCu9unJAMhJSXNkcRpdMMg0Aw45oBndk=","e1I0NbzZcADnRcsMGeYsigd5XiUw63bbJX+fOzu7mIk=","legacyData"
"b4886da9-b83f-41fe-9352-b00f17077ff6","UNDE_048.basePlot.vst","2017-09-20","vst_UNDE_2017","D05","UNDE","UNDE_048",,"NEON.PLA.D05.UNDE.05295","ok","sapling","Live",,,1.4,,,,,,,,1.3,10,,,,"2Li2TmTZ1dmTCu9unJAMhJSXNkcRpdMMg0Aw45oBndk=","e1I0NbzZcADnRcsMGeYsigd5XiUw63bbJX+fOzu7mIk=","legacyData"
"081ca76a-df39-4c66-a43a-dd6521aa8a54","UNDE_048.basePlot.vst","2017-09-20","vst_UNDE_2017","D05","UNDE","UNDE_048",,"NEON.PLA.D05.UNDE.00921","ok","single bole tree","Live",12.7,130,14.7,,,,,,,,,,,,,"2Li2TmTZ1dmTCu9unJAMhJSXNkcRpdMMg0Aw45oBndk=","e1I0NbzZcADnRcsMGeYsigd5XiUw63bbJX+fOzu7mIk=","legacyData"
"e2b69cf0-c8d4-4718-b4b6-8bd5ca3c6c03","UNDE_048.basePlot.vst","2017-09-20","vst_UNDE_2017","D05","UNDE","UNDE_048",,"NEON.PLA.D05.UNDE.00325","ok","single bole tree","Dead, broken bole",13.0,130,,,,,,,,,,,,,,"2Li2TmTZ1dmTCu9unJAMhJSXNkcRpdMMg0Aw45oBndk=","e1I0NbzZcADnRcsMGeYsigd5XiUw63bbJX+fOzu7mIk=","legacyData"
"c8a34887-c005-4567-b8dd-fc19e2a227f7","UNDE_048.basePlot.vst","2017-09-20","vst_UNDE_2017","D05","UNDE","UNDE_048",,"NEON.PLA.D05.UNDE.00934","ok","single bole tree","Live",17.0,130,13.0,,,,,,,,,,,,,"2Li2TmTZ1dmTCu9unJAMhJSXNkcRpdMMg0Aw45oBndk=","e1I0NbzZcADnRcsMGeYsigd5XiUw63bbJX+fOzu7mIk=","legacyData"
"b8ae1a01-902c-4c4b-a051-59dbf8211536","UNDE_048.basePlot.vst","2017-09-20","vst_UNDE_2017","D05","UNDE","UNDE_048",,"NEON.PLA.D05.UNDE.01635","ok","multi-bole tree","Live",27.5,130,19.2,,,,,,,,,,,,,"2Li2TmTZ1dmTCu9unJAMhJSXNkcRpdMMg0Aw45oBndk=","e1I0NbzZcADnRcsMGeYsigd5XiUw63bbJX+fOzu7mIk=","legacyData"
"3bfc6f4e-b29a-4e5d-9290-5d5b4a0f7b4b","UNDE_048.basePlot.vst","2017-09-20","vst_UNDE_2017","D05","UNDE","UNDE_048",,"NEON.PLA.D05.UNDE.05278","ok","small tree","Live",2.9,130,3.7,,,,,,,,,,,,,"2Li2TmTZ1dmTCu9unJAMhJSXNkcRpdMMg0Aw45oBndk=","e1I0NbzZcADnRcsMGeYsigd5XiUw63bbJX+fOzu7mIk=","legacyData"
"b359347a-76be-4318-acd1-cee2eda8023a","UNDE_048.basePlot.vst","2017-09-20","vst_UNDE_2017","D05","UNDE","UNDE_048",,"NEON.PLA.D05.UNDE.05901","ok","single bole tree","Live",25.0,130,18.3,,,,,,,,,,,,,"2Li2TmTZ1dmTCu9unJAMhJSXNkcRpdMMg0Aw45oBndk=","e1I0NbzZcADnRcsMGeYsigd5XiUw63bbJX+fOzu7mIk=","legacyData"
"51a63b91-c672-49a4-a884-13e2594060a6","UNDE_048.basePlot.vst","2017-09-20","vst_UNDE_2017","D05","UNDE","UNDE_048",,"NEON.PLA.D05.UNDE.04191","ok","single bole tree","Live",12.1,130,13.0,,,,,,,,,,,,,"2Li2TmTZ1dmTCu9unJAMhJSXNkcRpdMMg0Aw45oBndk=","e1I0NbzZcADnRcsMGeYsigd5XiUw63bbJX+fOzu7mIk=","legacyData"
"f8fec46c-74bb-4423-9d37-84fb59fa92af","UNDE_048.basePlot.vst","2017-09-20","vst_UNDE_2017","D05","UNDE","UNDE_048",,"NEON.PLA.D05.UNDE.05275","ok","sapling","Live",,,1.1,,,,,,,,1.6,10,,,,"2Li2TmTZ1dmTCu9unJAMhJSXNkcRpdMMg0Aw45oBndk=","e1I0NbzZcADnRcsMGeYsigd5XiUw63bbJX+fOzu7mIk=","legacyData"
"d71c12a3-7100-43bb-8d2e-d278acec2e2a","UNDE_048.basePlot.vst","2017-09-20","vst_UNDE_2017","D05","UNDE","UNDE_048",,"NEON.PLA.D05.UNDE.01024","ok","small shrub","Live",,,1.5,0.7,,,1.2,0.9,,"inverted cone",1.2,10,0.60,0.20,,"2Li2TmTZ1dmTCu9unJAMhJSXNkcRpdMMg0Aw45oBndk=","e1I0NbzZcADnRcsMGeYsigd5XiUw63bbJX+fOzu7mIk=","legacyData"
"07da66fa-8167-478a-bc6c-73b4eb263e43","UNDE_048.basePlot.vst","2017-09-20","vst_UNDE_2017","D05","UNDE","UNDE_048",,"NEON.PLA.D05.UNDE.05769","ok","small tree","Live",1.1,130,1.7,,,,,,,,,,,,,"2Li2TmTZ1dmTCu9unJAMhJSXNkcRpdMMg0Aw45oBndk=","e1I0NbzZcADnRcsMGeYsigd5XiUw63bbJX+fOzu7mIk=","legacyData"
"cb45ab62-3add-4539-a708-a24110acad1c","UNDE_048.basePlot.vst","2017-09-20","vst_UNDE_2017","D05","UNDE","UNDE_048",,"NEON.PLA.D05.UNDE.01440","ok","single bole tree","Live",26.3,130,16.4,,,,,,,,,,,,,"2Li2TmTZ1dmTCu9unJAMhJSXNkcRpdMMg0Aw45oBndk=","e1I0NbzZcADnRcsMGeYsigd5XiUw63bbJX+fOzu7mIk=","legacyData"
"91f71b16-ee97-4e63-91ac-0e84d7a2f26a","UNDE_048.basePlot.vst","2017-09-20","vst_UNDE_2017","D05","UNDE","UNDE_048",,"NEON.PLA.D05.UNDE.00962","ok","single bole tree","Live",24.0,130,15.9,,,,,,,,,,,,,"2Li2TmTZ1dmTCu9unJAMhJSXNkcRpdMMg0Aw45oBndk=","e1I0NbzZcADnRcsMGeYsigd5XiUw63bbJX+fOzu7mIk=","legacyData"
"b5656acf-8460-452f-9be7-4f22e384a0df","UNDE_055.basePlot.vst","2017-09-21","vst_UNDE_2017","D05","UNDE","UNDE_055",,"NEON.PLA.D05.UNDE.01182","ok","single shrub","Live",1.0,130,1.8,,,,1.2,0.9,,"inverted cone",1.6,10,0.10,0.10,,"GqvoKDJSHekBNGWHKra8t3oi2TFkp+GcJ0KOFJjxYKI=","GqvoKDJSHekBNGWHKra8t3oi2TFkp+GcJ0KOFJjxYKI=","legacyData"
"f68f16b3-00d4-49b9-b39b-87d764a41188","UNDE_055.basePlot.vst","2017-09-21","vst_UNDE_2017","D05","UNDE","UNDE_055",,"NEON.PLA.D05.UNDE.01782","ok","single bole tree","Live",12.5,130,8.9,,,,,,,,,,,,,"GqvoKDJSHekBNGWHKra8t3oi2TFkp+GcJ0KOFJjxYKI=","GqvoKDJSHekBNGWHKra8t3oi2TFkp+GcJ0KOFJjxYKI=","legacyData"
"469c9d4b-01e6-4e80-b861-0ba2011c5122","UNDE_055.basePlot.vst","2017-09-21","vst_UNDE_2017","D05","UNDE","UNDE_055",,"NEON.PLA.D05.UNDE.03836","ok","small shrub","Live",,,1.7,1.0,,,1.5,1.4,,"ellipsoid or sphere",1.7,10,,,,"GqvoKDJSHekBNGWHKra8t3oi2TFkp+GcJ0KOFJjxYKI=","GqvoKDJSHekBNGWHKra8t3oi2TFkp+GcJ0KOFJjxYKI=","legacyData"
"4d850b83-24a3-4a30-bc8c-54f97e614aa1","UNDE_055.basePlot.vst","2017-09-21","vst_UNDE_2017","D05","UNDE","UNDE_055",,"NEON.PLA.D05.UNDE.01548","ok","single bole tree","Live",16.4,130,15.2,,,,,,,,,,,,,"GqvoKDJSHekBNGWHKra8t3oi2TFkp+GcJ0KOFJjxYKI=","GqvoKDJSHekBNGWHKra8t3oi2TFkp+GcJ0KOFJjxYKI=","legacyData"
"6b81e600-089f-49ef-b513-7f3878601fad","UNDE_055.basePlot.vst","2017-09-21","vst_UNDE_2017","D05","UNDE","UNDE_055",,"NEON.PLA.D05.UNDE.03745","ok","single bole tree","Live",16.2,130,15.7,,,,,,,,,,,,,"GqvoKDJSHekBNGWHKra8t3oi2TFkp+GcJ0KOFJjxYKI=","GqvoKDJSHekBNGWHKra8t3oi2TFkp+GcJ0KOFJjxYKI=","legacyData"
"28cb9e1e-26ea-42e9-b802-a61ff2bbf734","UNDE_055.basePlot.vst","2017-09-21","vst_UNDE_2017","D05","UNDE","UNDE_055",,"NEON.PLA.D05.UNDE.03511","ok","single bole tree","Live",14.2,130,9.3,,,,,,,,,,,,,"GqvoKDJSHekBNGWHKra8t3oi2TFkp+GcJ0KOFJjxYKI=","GqvoKDJSHekBNGWHKra8t3oi2TFkp+GcJ0KOFJjxYKI=","legacyData"
"3f0af675-b511-4f05-9d65-a9d429b7f8d5","UNDE_055.basePlot.vst","2017-09-21","vst_UNDE_2017","D05","UNDE","UNDE_055",,"NEON.PLA.D05.UNDE.01740","ok","single bole tree","Live",15.0,130,10.2,,,,,,,,,,,,,"GqvoKDJSHekBNGWHKra8t3oi2TFkp+GcJ0KOFJjxYKI=","GqvoKDJSHekBNGWHKra8t3oi2TFkp+GcJ0KOFJjxYKI=","legacyData"
"630fe0ac-dfb0-480b-8939-20906015f4da","UNDE_055.basePlot.vst","2017-09-21","vst_UNDE_2017","D05","UNDE","UNDE_055",,"NEON.PLA.D05.UNDE.00214","ok","small shrub","Live",,,1.0,0.6,,,1.1,1.0,,"ellipsoid or sphere",1.2,10,,,,"GqvoKDJSHekBNGWHKra8t3oi2TFkp+GcJ0KOFJjxYKI=","GqvoKDJSHekBNGWHKra8t3oi2TFkp+GcJ0KOFJjxYKI=","legacyData"
"ac122d55-9249-4d7b-8e19-4589e684c93d","UNDE_055.basePlot.vst","2017-09-21","vst_UNDE_2017","D05","UNDE","UNDE_055",,"NEON.PLA.D05.UNDE.01592","ok","single bole tree","Live",35.6,130,15.0,,,,,,,,,,,,,"GqvoKDJSHekBNGWHKra8t3oi2TFkp+GcJ0KOFJjxYKI=","GqvoKDJSHekBNGWHKra8t3oi2TFkp+GcJ0KOFJjxYKI=","legacyData"
"499c53ff-09a5-4fc9-83e1-9ab480a90f83","UNDE_055.basePlot.vst","2017-09-21","vst_UNDE_2017","D05","UNDE","UNDE_055",,"NEON.PLA.D05.UNDE.03662","ok","single bole tree","Live",32.0,130,13.5,,,,,,,,,,,,,"GqvoKDJSHekBNGWHKra8t3oi2TFkp+GcJ0KOFJjxYKI=","GqvoKDJSHekBNGWHKra8t3oi2TFkp+GcJ0KOFJjxYKI=","legacyData"
"8a82af69-660c-46a9-b378-4435ccffab6e","UNDE_055.basePlot.vst","2017-09-21","vst_UNDE_2017","D05","UNDE","UNDE_055",,"NEON.PLA.D05.UNDE.00647","ok","sapling","Live",,,1.4,,,,,,,,1.5,10,,,,"GqvoKDJSHekBNGWHKra8t3oi2TFkp+GcJ0KOFJjxYKI=","GqvoKDJSHekBNGWHKra8t3oi2TFkp+GcJ0KOFJjxYKI=","legacyData"
"22c855ec-191a-44fe-91e4-5486a254ff00","UNDE_055.basePlot.vst","2017-09-21","vst_UNDE_2017","D05","UNDE","UNDE_055",,"NEON.PLA.D05.UNDE.01180","ok","small shrub","Live",,,1.1,,,,0.8,0.6,,"inverted cone",1.0,10,0.10,0.10,,"GqvoKDJSHekBNGWHKra8t3oi2TFkp+GcJ0KOFJjxYKI=","GqvoKDJSHekBNGWHKra8t3oi2TFkp+GcJ0KOFJjxYKI=","legacyData"
"aa882c6c-99f3-45a0-b77a-15075d61ca77","UNDE_055.basePlot.vst","2017-09-21","vst_UNDE_2017","D05","UNDE","UNDE_055",,"NEON.PLA.D05.UNDE.03645","ok","small tree","Live",5.0,130,6.9,,,,,,,,,,,,,"GqvoKDJSHekBNGWHKra8t3oi2TFkp+GcJ0KOFJjxYKI=","GqvoKDJSHekBNGWHKra8t3oi2TFkp+GcJ0KOFJjxYKI=","legacyData"
"bd5fe514-ff9e-45c2-a86a-44d9c60219e8","UNDE_055.basePlot.vst","2017-09-21","vst_UNDE_2017","D05","UNDE","UNDE_055",,"NEON.PLA.D05.UNDE.03699","ok","sapling","Live",,,0.6,,,,,,,,1.0,10,,,,"GqvoKDJSHekBNGWHKra8t3oi2TFkp+GcJ0KOFJjxYKI=","GqvoKDJSHekBNGWHKra8t3oi2TFkp+GcJ0KOFJjxYKI=","legacyData"
"4fe6ce2c-5c30-40b4-9dd7-af869bbfc682","UNDE_055.basePlot.vst","2017-09-21","vst_UNDE_2017","D05","UNDE","UNDE_055",,"NEON.PLA.D05.UNDE.03945","ok","single bole tree","Live",11.3,130,11.0,,,,,,,,,,,,,"GqvoKDJSHekBNGWHKra8t3oi2TFkp+GcJ0KOFJjxYKI=","GqvoKDJSHekBNGWHKra8t3oi2TFkp+GcJ0KOFJjxYKI=","legacyData"
"2b061b47-e552-4085-bda0-4e5e5b3b9267","UNDE_055.basePlot.vst","2017-09-21","vst_UNDE_2017","D05","UNDE","UNDE_055",,"NEON.PLA.D05.UNDE.00209","ok","single bole tree","Live",12.7,130,9.1,,,,,,,,,,,,,"GqvoKDJSHekBNGWHKra8t3oi2TFkp+GcJ0KOFJjxYKI=","GqvoKDJSHekBNGWHKra8t3oi2TFkp+GcJ0KOFJjxYKI=","legacyData"
"5b8ef590-b754-4fbe-be8e-c6ce73ab0236","UNDE_055.basePlot.vst","2017-09-21","vst_UNDE_2017","D05","UNDE","UNDE_055",,"NEON.PLA.D05.UNDE.00627","ok","sapling","Live",,,0.7,,,,,,,,1.1,10,,,,"GqvoKDJSHekBNGWHKra8t3oi2TFkp+GcJ0KOFJjxYKI=","GqvoKDJSHekBNGWHKra8t3oi2TFkp+GcJ0KOFJjxYKI=","legacyData"
"bc6b7344-0287-488b-8818-6da01ddb8b66","UNDE_055.basePlot.vst","2017-09-21","vst_UNDE_2017","D05","UNDE","UNDE_055",,"NEON.PLA.D05.UNDE.03885","ok","sapling","Live",,,0.5,,,,,,,,1.1,10,,,,"GqvoKDJSHekBNGWHKra8t3oi2TFkp+GcJ0KOFJjxYKI=","GqvoKDJSHekBNGWHKra8t3oi2TFkp+GcJ0KOFJjxYKI=","legacyData"
"7e7a6ffa-17e6-4620-8cd2-1b44c9002b48","UNDE_055.basePlot.vst","2017-09-21","vst_UNDE_2017","D05","UNDE","UNDE_055",,"NEON.PLA.D05.UNDE.02396","ok","single bole tree","Live",13.8,130,12.0,,,,,,,,,,,,,"GqvoKDJSHekBNGWHKra8t3oi2TFkp+GcJ0KOFJjxYKI=","GqvoKDJSHekBNGWHKra8t3oi2TFkp+GcJ0KOFJjxYKI=","legacyData"
"18e17059-bd71-4cab-bfc7-8fbb17c78402","UNDE_055.basePlot.vst","2017-09-21","vst_UNDE_2017","D05","UNDE","UNDE_055",,"NEON.PLA.D05.UNDE.01581","ok","single bole tree","Live",13.1,130,10.9,,,,,,,,,,,,,"GqvoKDJSHekBNGWHKra8t3oi2TFkp+GcJ0KOFJjxYKI=","GqvoKDJSHekBNGWHKra8t3oi2TFkp+GcJ0KOFJjxYKI=","legacyData"
"80816c3b-e0b4-4005-9b10-e8cbf8699528","UNDE_055.basePlot.vst","2017-09-21","vst_UNDE_2017","D05","UNDE","UNDE_055",,"NEON.PLA.D05.UNDE.00630","ok","sapling","Live",,,0.4,,,,,,,,1.0,10,,,,"GqvoKDJSHekBNGWHKra8t3oi2TFkp+GcJ0KOFJjxYKI=","GqvoKDJSHekBNGWHKra8t3oi2TFkp+GcJ0KOFJjxYKI=","legacyData"
"58d47794-72d8-4c32-b108-4f3990a84d2e","UNDE_055.basePlot.vst","2017-09-21","vst_UNDE_2017","D05","UNDE","UNDE_055",,"NEON.PLA.D05.UNDE.01655","ok","single bole tree","Live",13.1,130,10.2,,,,,,,,,,,,,"GqvoKDJSHekBNGWHKra8t3oi2TFkp+GcJ0KOFJjxYKI=","GqvoKDJSHekBNGWHKra8t3oi2TFkp+GcJ0KOFJjxYKI=","legacyData"
"1ddb9256-a2d8-47cf-b840-2488d1682268","UNDE_055.basePlot.vst","2017-09-21","vst_UNDE_2017","D05","UNDE","UNDE_055",,"NEON.PLA.D05.UNDE.01574","ok","single bole tree","Live",11.8,130,9.3,,,,,,,,,,,,,"GqvoKDJSHekBNGWHKra8t3oi2TFkp+GcJ0KOFJjxYKI=","GqvoKDJSHekBNGWHKra8t3oi2TFkp+GcJ0KOFJjxYKI=","legacyData"
"da917e2b-3116-4904-bde0-5a5ab016cc81","UNDE_055.basePlot.vst","2017-09-21","vst_UNDE_2017","D05","UNDE","UNDE_055",,"NEON.PLA.D05.UNDE.05393","ok","multi-bole tree","Live",13.3,140,12.3,,,,,,,,,,,,,"GqvoKDJSHekBNGWHKra8t3oi2TFkp+GcJ0KOFJjxYKI=","GqvoKDJSHekBNGWHKra8t3oi2TFkp+GcJ0KOFJjxYKI=","legacyData"
"bf9c783b-3c95-476a-a2ff-37ae3aa41b49","UNDE_055.basePlot.vst","2017-09-21","vst_UNDE_2017","D05","UNDE","UNDE_055",,"NEON.PLA.D05.UNDE.03641","ok","single bole tree","Live",12.2,130,10.2,,,,,,,,,,,,,"GqvoKDJSHekBNGWHKra8t3oi2TFkp+GcJ0KOFJjxYKI=","GqvoKDJSHekBNGWHKra8t3oi2TFkp+GcJ0KOFJjxYKI=","legacyData"
"5b52cf03-2c4b-4d72-9702-737c415904c1","UNDE_055.basePlot.vst","2017-09-21","vst_UNDE_2017","D05","UNDE","UNDE_055",,"NEON.PLA.D05.UNDE.01649","ok","small tree","Standing dead",2.8,130,2.9,,,,,,,,,,,,,"GqvoKDJSHekBNGWHKra8t3oi2TFkp+GcJ0KOFJjxYKI=","GqvoKDJSHekBNGWHKra8t3oi2TFkp+GcJ0KOFJjxYKI=","legacyData"
"e8bd54af-b27f-41b7-b3c1-b9a48323059a","UNDE_055.basePlot.vst","2017-09-21","vst_UNDE_2017","D05","UNDE","UNDE_055",,"NEON.PLA.D05.UNDE.01380","ok","sapling","Live",,,0.8,,,,,,,,1.1,10,,,,"GqvoKDJSHekBNGWHKra8t3oi2TFkp+GcJ0KOFJjxYKI=","GqvoKDJSHekBNGWHKra8t3oi2TFkp+GcJ0KOFJjxYKI=","legacyData"
"7ef3e548-638d-4b0d-a2b6-e09902d0d313","UNDE_055.basePlot.vst","2017-09-21","vst_UNDE_2017","D05","UNDE","UNDE_055",,"NEON.PLA.D05.UNDE.01780","ok","single bole tree","Live",11.7,130,11.0,,,,,,,,,,,,,"GqvoKDJSHekBNGWHKra8t3oi2TFkp+GcJ0KOFJjxYKI=","GqvoKDJSHekBNGWHKra8t3oi2TFkp+GcJ0KOFJjxYKI=","legacyData"
"2df3095e-16d6-4e26-93d9-14b6e55c10f5","UNDE_055.basePlot.vst","2017-09-21","vst_UNDE_2017","D05","UNDE","UNDE_055",,"NEON.PLA.D05.UNDE.03668","ok","small tree","Live",3.2,130,2.4,,,,,,,,,,,,,"GqvoKDJSHekBNGWHKra8t3oi2TFkp+GcJ0KOFJjxYKI=","GqvoKDJSHekBNGWHKra8t3oi2TFkp+GcJ0KOFJjxYKI=","legacyData"
"c85773e9-d006-461e-9810-6ac91648a4e4","UNDE_055.basePlot.vst","2017-09-21","vst_UNDE_2017","D05","UNDE","UNDE_055",,"NEON.PLA.D05.UNDE.01550","ok","single bole tree","Live",12.8,130,10.9,,,,,,,,,,,,,"GqvoKDJSHekBNGWHKra8t3oi2TFkp+GcJ0KOFJjxYKI=","GqvoKDJSHekBNGWHKra8t3oi2TFkp+GcJ0KOFJjxYKI=","legacyData"
"d2e286a5-dffe-4331-a8b2-c36bd09cbc64","UNDE_055.basePlot.vst","2017-09-21","vst_UNDE_2017","D05","UNDE","UNDE_055",,"NEON.PLA.D05.UNDE.05393A","ok","multi-bole tree","Dead, broken bole",11.1,130,,,3.2,,,,,,,,,,,"GqvoKDJSHekBNGWHKra8t3oi2TFkp+GcJ0KOFJjxYKI=","GqvoKDJSHekBNGWHKra8t3oi2TFkp+GcJ0KOFJjxYKI=","legacyData"
"ae96d57a-d342-447f-8862-a306d623f740","UNDE_055.basePlot.vst","2017-09-21","vst_UNDE_2017","D05","UNDE","UNDE_055",,"NEON.PLA.D05.UNDE.00993","ok","single bole tree","Live",15.9,130,10.8,,,,,,,,,,,,,"GqvoKDJSHekBNGWHKra8t3oi2TFkp+GcJ0KOFJjxYKI=","GqvoKDJSHekBNGWHKra8t3oi2TFkp+GcJ0KOFJjxYKI=","legacyData"
"9735a617-a867-4fd3-bc44-36fe9d428c28","UNDE_055.basePlot.vst","2017-09-21","vst_UNDE_2017","D05","UNDE","UNDE_055",,"NEON.PLA.D05.UNDE.01594","ok","small shrub","Live",,,1.7,,,,0.5,0.4,,"inverted cone",1.2,10,0.10,0.10,,"GqvoKDJSHekBNGWHKra8t3oi2TFkp+GcJ0KOFJjxYKI=","GqvoKDJSHekBNGWHKra8t3oi2TFkp+GcJ0KOFJjxYKI=","legacyData"
"6872dc19-9c38-4971-8c4c-df01c8e18bb9","UNDE_055.basePlot.vst","2017-09-21","vst_UNDE_2017","D05","UNDE","UNDE_055",,"NEON.PLA.D05.UNDE.03360","ok","sapling","Live",,,0.7,,,,,,,,1.3,10,,,,"GqvoKDJSHekBNGWHKra8t3oi2TFkp+GcJ0KOFJjxYKI=","GqvoKDJSHekBNGWHKra8t3oi2TFkp+GcJ0KOFJjxYKI=","legacyData"
"792d4e66-ee7f-423c-a1a6-4932f58a40da","UNDE_055.basePlot.vst","2017-09-21","vst_UNDE_2017","D05","UNDE","UNDE_055",,"NEON.PLA.D05.UNDE.03924","ok","sapling","Live",,,0.9,,,,,,,,1.8,10,,,,"GqvoKDJSHekBNGWHKra8t3oi2TFkp+GcJ0KOFJjxYKI=","GqvoKDJSHekBNGWHKra8t3oi2TFkp+GcJ0KOFJjxYKI=","legacyData"
"2c63421d-250e-4de8-a9b6-b3cf82b23e41","UNDE_055.basePlot.vst","2017-09-21","vst_UNDE_2017","D05","UNDE","UNDE_055",,"NEON.PLA.D05.UNDE.05670","ok","small tree","Live",7.8,130,6.4,,,,,,,,,,,,,"GqvoKDJSHekBNGWHKra8t3oi2TFkp+GcJ0KOFJjxYKI=","GqvoKDJSHekBNGWHKra8t3oi2TFkp+GcJ0KOFJjxYKI=","legacyData"
"3e62e8a6-7eda-46c8-95de-6b29584a2d2b","UNDE_055.basePlot.vst","2017-09-21","vst_UNDE_2017","D05","UNDE","UNDE_055",,"NEON.PLA.D05.UNDE.01584A","ok","multi-bole tree","Live",12.6,130,,,,,,,,,,,,,,"GqvoKDJSHekBNGWHKra8t3oi2TFkp+GcJ0KOFJjxYKI=","GqvoKDJSHekBNGWHKra8t3oi2TFkp+GcJ0KOFJjxYKI=","legacyData"
"b1534730-a474-423f-9307-a2f0a13dc83a","UNDE_055.basePlot.vst","2017-09-21","vst_UNDE_2017","D05","UNDE","UNDE_055",,"NEON.PLA.D05.UNDE.03865","ok","sapling","Live",,,0.6,,,,,,,,1.2,10,,,,"GqvoKDJSHekBNGWHKra8t3oi2TFkp+GcJ0KOFJjxYKI=","GqvoKDJSHekBNGWHKra8t3oi2TFkp+GcJ0KOFJjxYKI=","legacyData"
"36dd4530-946d-4da3-9eac-c4a91397b278","UNDE_055.basePlot.vst","2017-09-21","vst_UNDE_2017","D05","UNDE","UNDE_055",,"NEON.PLA.D05.UNDE.01543A","ok","multi-bole tree","Live",17.1,130,14.0,,,,,,,,,,,,,"GqvoKDJSHekBNGWHKra8t3oi2TFkp+GcJ0KOFJjxYKI=","GqvoKDJSHekBNGWHKra8t3oi2TFkp+GcJ0KOFJjxYKI=","legacyData"
"5fcdf1ec-5caa-4733-95ae-3c8b90d9e21a","UNDE_055.basePlot.vst","2017-09-21","vst_UNDE_2017","D05","UNDE","UNDE_055",,"NEON.PLA.D05.UNDE.03690","ok","single bole tree","Live",31.7,130,19.3,,,,,,,,,,,,,"GqvoKDJSHekBNGWHKra8t3oi2TFkp+GcJ0KOFJjxYKI=","GqvoKDJSHekBNGWHKra8t3oi2TFkp+GcJ0KOFJjxYKI=","legacyData"
"62baeb4b-a085-4a48-ad72-a83976e60f93","UNDE_055.basePlot.vst","2017-09-21","vst_UNDE_2017","D05","UNDE","UNDE_055",,"NEON.PLA.D05.UNDE.03927","ok","small shrub","Live",,,2.0,,,,1.0,1.0,,"inverted cone",1.2,10,0.10,0.10,,"GqvoKDJSHekBNGWHKra8t3oi2TFkp+GcJ0KOFJjxYKI=","GqvoKDJSHekBNGWHKra8t3oi2TFkp+GcJ0KOFJjxYKI=","legacyData"
"d7b02e03-e0e8-44bd-846d-a184ab5ae6a8","UNDE_055.basePlot.vst","2017-09-21","vst_UNDE_2017","D05","UNDE","UNDE_055",,"NEON.PLA.D05.UNDE.03928","ok","single bole tree","Live",10.3,130,7.7,,,,,,,,,,,,,"GqvoKDJSHekBNGWHKra8t3oi2TFkp+GcJ0KOFJjxYKI=","GqvoKDJSHekBNGWHKra8t3oi2TFkp+GcJ0KOFJjxYKI=","legacyData"
"67c5b992-064f-448f-82af-728bf180fac2","UNDE_055.basePlot.vst","2017-09-21","vst_UNDE_2017","D05","UNDE","UNDE_055",,"NEON.PLA.D05.UNDE.01521","ok","small tree","Live",6.9,130,6.8,,,,,,,,,,,,,"GqvoKDJSHekBNGWHKra8t3oi2TFkp+GcJ0KOFJjxYKI=","GqvoKDJSHekBNGWHKra8t3oi2TFkp+GcJ0KOFJjxYKI=","legacyData"
"f4d6f35e-bc31-4763-ace6-3dd182030721","UNDE_055.basePlot.vst","2017-09-21","vst_UNDE_2017","D05","UNDE","UNDE_055",,"NEON.PLA.D05.UNDE.01743","ok","multi-bole tree","Live",46.3,130,11.9,,,,,,,,,,,,,"GqvoKDJSHekBNGWHKra8t3oi2TFkp+GcJ0KOFJjxYKI=","GqvoKDJSHekBNGWHKra8t3oi2TFkp+GcJ0KOFJjxYKI=","legacyData"
"d3481dbb-404c-4f05-aa47-fa63c8e3cf22","UNDE_055.basePlot.vst","2017-09-21","vst_UNDE_2017","D05","UNDE","UNDE_055",,"NEON.PLA.D05.UNDE.03656","ok","small shrub","Live",,,1.8,,,,1.1,0.8,,"inverted cone",1.1,10,0.10,0.10,,"GqvoKDJSHekBNGWHKra8t3oi2TFkp+GcJ0KOFJjxYKI=","GqvoKDJSHekBNGWHKra8t3oi2TFkp+GcJ0KOFJjxYKI=","legacyData"
"f5d52d99-c6d6-4390-a52c-099b92d243e9","UNDE_055.basePlot.vst","2017-09-21","vst_UNDE_2017","D05","UNDE","UNDE_055",,"NEON.PLA.D05.UNDE.03557","ok","small tree","Live",4.3,130,5.4,,,,,,,,,,,,,"GqvoKDJSHekBNGWHKra8t3oi2TFkp+GcJ0KOFJjxYKI=","GqvoKDJSHekBNGWHKra8t3oi2TFkp+GcJ0KOFJjxYKI=","legacyData"
"e34a7fa3-3741-4882-b585-653d265b896b","UNDE_055.basePlot.vst","2017-09-21","vst_UNDE_2017","D05","UNDE","UNDE_055",,"NEON.PLA.D05.UNDE.01790","ok","single bole tree","Live",25.9,130,15.8,,,,,,,,,,,,,"GqvoKDJSHekBNGWHKra8t3oi2TFkp+GcJ0KOFJjxYKI=","GqvoKDJSHekBNGWHKra8t3oi2TFkp+GcJ0KOFJjxYKI=","legacyData"
"9f00ea5e-4adc-4a38-8a95-c85872f78c8f","UNDE_055.basePlot.vst","2017-09-21","vst_UNDE_2017","D05","UNDE","UNDE_055",,"NEON.PLA.D05.UNDE.03749","ok","single bole tree","Live",16.7,130,13.8,,,,,,,,,,,,,"GqvoKDJSHekBNGWHKra8t3oi2TFkp+GcJ0KOFJjxYKI=","GqvoKDJSHekBNGWHKra8t3oi2TFkp+GcJ0KOFJjxYKI=","legacyData"
"947e829b-b6de-40d1-aaf4-c4c0fbdb9231","UNDE_055.basePlot.vst","2017-09-21","vst_UNDE_2017","D05","UNDE","UNDE_055",,"NEON.PLA.D05.UNDE.01787","ok","single bole tree","Live",13.1,130,11.5,,,,,,,,,,,,,"GqvoKDJSHekBNGWHKra8t3oi2TFkp+GcJ0KOFJjxYKI=","GqvoKDJSHekBNGWHKra8t3oi2TFkp+GcJ0KOFJjxYKI=","legacyData"
"47ed756f-1cc6-4617-a5bb-6fee53d028c7","UNDE_055.basePlot.vst","2017-09-21","vst_UNDE_2017","D05","UNDE","UNDE_055",,"NEON.PLA.D05.UNDE.01582","ok","single bole tree","Dead, broken bole",17.8,130,5.2,,5.2,,,,,,,,,,,"GqvoKDJSHekBNGWHKra8t3oi2TFkp+GcJ0KOFJjxYKI=","GqvoKDJSHekBNGWHKra8t3oi2TFkp+GcJ0KOFJjxYKI=","legacyData"
"643d01e3-19ed-43b3-a1c4-61db94971239","UNDE_055.basePlot.vst","2017-09-21","vst_UNDE_2017","D05","UNDE","UNDE_055",,"NEON.PLA.D05.UNDE.03649","ok","small tree","Live",3.4,130,3.0,,,,,,,,,,,,,"GqvoKDJSHekBNGWHKra8t3oi2TFkp+GcJ0KOFJjxYKI=","GqvoKDJSHekBNGWHKra8t3oi2TFkp+GcJ0KOFJjxYKI=","legacyData"
"a9a87dd0-75a8-420a-8194-e3244dd134da","UNDE_055.basePlot.vst","2017-09-21","vst_UNDE_2017","D05","UNDE","UNDE_055",,"NEON.PLA.D05.UNDE.01600","ok","single bole tree","Live",15.3,130,10.0,,,,,,,,,,,,,"GqvoKDJSHekBNGWHKra8t3oi2TFkp+GcJ0KOFJjxYKI=","GqvoKDJSHekBNGWHKra8t3oi2TFkp+GcJ0KOFJjxYKI=","legacyData"
"fcc23f9a-ec50-48f2-9371-fb925a926615","UNDE_055.basePlot.vst","2017-09-21","vst_UNDE_2017","D05","UNDE","UNDE_055",,"NEON.PLA.D05.UNDE.03796","ok","single bole tree","Live",39.2,130,20.6,,,,,,,,,,,,,"GqvoKDJSHekBNGWHKra8t3oi2TFkp+GcJ0KOFJjxYKI=","GqvoKDJSHekBNGWHKra8t3oi2TFkp+GcJ0KOFJjxYKI=","legacyData"
"c7f0e7e6-739c-42af-9070-8adadff54d6e","UNDE_055.basePlot.vst","2017-09-21","vst_UNDE_2017","D05","UNDE","UNDE_055",,"NEON.PLA.D05.UNDE.00202","ok","single bole tree","Live",25.4,130,17.5,,,,,,,,,,,,,"GqvoKDJSHekBNGWHKra8t3oi2TFkp+GcJ0KOFJjxYKI=","GqvoKDJSHekBNGWHKra8t3oi2TFkp+GcJ0KOFJjxYKI=","legacyData"
"7f6f1f85-c64c-4e19-be9d-72dec4544c02","UNDE_055.basePlot.vst","2017-09-21","vst_UNDE_2017","D05","UNDE","UNDE_055",,"NEON.PLA.D05.UNDE.01599","ok","single bole tree","Live",30.8,130,18.3,,,,,,,,,,,,,"GqvoKDJSHekBNGWHKra8t3oi2TFkp+GcJ0KOFJjxYKI=","GqvoKDJSHekBNGWHKra8t3oi2TFkp+GcJ0KOFJjxYKI=","legacyData"
"8c88130e-5b18-4d5f-9c5a-41da217db27a","UNDE_055.basePlot.vst","2017-09-21","vst_UNDE_2017","D05","UNDE","UNDE_055",,"NEON.PLA.D05.UNDE.01527","ok","single bole tree","Live",27.6,130,19.2,,,,,,,,,,,,,"GqvoKDJSHekBNGWHKra8t3oi2TFkp+GcJ0KOFJjxYKI=","GqvoKDJSHekBNGWHKra8t3oi2TFkp+GcJ0KOFJjxYKI=","legacyData"
"7ce363e3-a5da-453f-8770-3781db781a28","UNDE_055.basePlot.vst","2017-09-21","vst_UNDE_2017","D05","UNDE","UNDE_055",,"NEON.PLA.D05.UNDE.05654","ok","single bole tree","Live",18.6,130,17.6,,,,,,,,,,,,,"GqvoKDJSHekBNGWHKra8t3oi2TFkp+GcJ0KOFJjxYKI=","GqvoKDJSHekBNGWHKra8t3oi2TFkp+GcJ0KOFJjxYKI=","legacyData"
"9a491a27-feb7-4e55-8d2b-e5d3af884d78","UNDE_055.basePlot.vst","2017-09-21","vst_UNDE_2017","D05","UNDE","UNDE_055",,"NEON.PLA.D05.UNDE.01650","ok","single bole tree","Live",22.1,130,17.4,,,,,,,,,,,,,"GqvoKDJSHekBNGWHKra8t3oi2TFkp+GcJ0KOFJjxYKI=","GqvoKDJSHekBNGWHKra8t3oi2TFkp+GcJ0KOFJjxYKI=","legacyData"
"b97049c0-c04b-41d1-b0b8-1e830adfd4a1","UNDE_055.basePlot.vst","2017-09-21","vst_UNDE_2017","D05","UNDE","UNDE_055",,"NEON.PLA.D05.UNDE.05719","ok","single bole tree","Live",12.7,130,13.0,,,,,,,,,,,,,"GqvoKDJSHekBNGWHKra8t3oi2TFkp+GcJ0KOFJjxYKI=","GqvoKDJSHekBNGWHKra8t3oi2TFkp+GcJ0KOFJjxYKI=","legacyData"
"75f46592-90ac-4658-81a6-bfb95cccc4b3","UNDE_055.basePlot.vst","2017-09-21","vst_UNDE_2017","D05","UNDE","UNDE_055",,"NEON.PLA.D05.UNDE.00203","ok","single bole tree","Live",14.8,130,13.7,,,,,,,,,,,,,"GqvoKDJSHekBNGWHKra8t3oi2TFkp+GcJ0KOFJjxYKI=","GqvoKDJSHekBNGWHKra8t3oi2TFkp+GcJ0KOFJjxYKI=","legacyData"
"ee0a3714-28ce-4756-afeb-6b7bd994dd50","UNDE_055.basePlot.vst","2017-09-21","vst_UNDE_2017","D05","UNDE","UNDE_055",,"NEON.PLA.D05.UNDE.00206","ok","single bole tree","Live",12.2,130,11.0,,,,,,,,,,,,,"GqvoKDJSHekBNGWHKra8t3oi2TFkp+GcJ0KOFJjxYKI=","GqvoKDJSHekBNGWHKra8t3oi2TFkp+GcJ0KOFJjxYKI=","legacyData"
"076b1f48-4d0b-4845-8a0b-9051128549f5","UNDE_055.basePlot.vst","2017-09-21","vst_UNDE_2017","D05","UNDE","UNDE_055",,"NEON.PLA.D05.UNDE.01520","ok","small shrub","Live",,,,,,,,,,"ellipsoid or sphere",1.2,10,,,,"GqvoKDJSHekBNGWHKra8t3oi2TFkp+GcJ0KOFJjxYKI=","GqvoKDJSHekBNGWHKra8t3oi2TFkp+GcJ0KOFJjxYKI=","legacyData"
"2ffbb6b2-4a2b-40d8-acee-3a12beaa05b2","UNDE_055.basePlot.vst","2017-09-21","vst_UNDE_2017","D05","UNDE","UNDE_055",,"NEON.PLA.D05.UNDE.05867","ok","small tree","Live",5.5,130,3.6,,,,,,,,,,,,,"GqvoKDJSHekBNGWHKra8t3oi2TFkp+GcJ0KOFJjxYKI=","GqvoKDJSHekBNGWHKra8t3oi2TFkp+GcJ0KOFJjxYKI=","legacyData"
"cb4580ef-c97d-4d2b-96f7-8cf3f257afac","UNDE_055.basePlot.vst","2017-09-21","vst_UNDE_2017","D05","UNDE","UNDE_055",,"NEON.PLA.D05.UNDE.01765","ok","small tree","Live",4.6,130,2.8,,,,,,,,,,,,,"GqvoKDJSHekBNGWHKra8t3oi2TFkp+GcJ0KOFJjxYKI=","GqvoKDJSHekBNGWHKra8t3oi2TFkp+GcJ0KOFJjxYKI=","legacyData"
"fea570b3-d906-4573-9110-bd2c20e37d07","UNDE_055.basePlot.vst","2017-09-21","vst_UNDE_2017","D05","UNDE","UNDE_055",,"NEON.PLA.D05.UNDE.01586","ok","single bole tree","Live",10.6,130,10.9,,,,,,,,,,,,,"GqvoKDJSHekBNGWHKra8t3oi2TFkp+GcJ0KOFJjxYKI=","GqvoKDJSHekBNGWHKra8t3oi2TFkp+GcJ0KOFJjxYKI=","legacyData"
"7f4d139d-96d7-483f-8338-be13b22fec72","UNDE_055.basePlot.vst","2017-09-21","vst_UNDE_2017","D05","UNDE","UNDE_055",,"NEON.PLA.D05.UNDE.01531","ok","single bole tree","Live",16.4,130,14.9,,,,,,,,,,,,,"GqvoKDJSHekBNGWHKra8t3oi2TFkp+GcJ0KOFJjxYKI=","GqvoKDJSHekBNGWHKra8t3oi2TFkp+GcJ0KOFJjxYKI=","legacyData"
"23110b03-d4cd-4164-8301-b855356968f0","UNDE_055.basePlot.vst","2017-09-21","vst_UNDE_2017","D05","UNDE","UNDE_055",,"NEON.PLA.D05.UNDE.01591A","ok","multi-bole tree","Live",13.2,130,11.0,,,,,,,,,,,,,"GqvoKDJSHekBNGWHKra8t3oi2TFkp+GcJ0KOFJjxYKI=","GqvoKDJSHekBNGWHKra8t3oi2TFkp+GcJ0KOFJjxYKI=","legacyData"
"78e89d71-06ad-458e-9025-133ff846a8b1","UNDE_055.basePlot.vst","2017-09-21","vst_UNDE_2017","D05","UNDE","UNDE_055",,"NEON.PLA.D05.UNDE.03971","ok","small tree","Live",3.8,130,2.7,,,,,,,,,,,,,"GqvoKDJSHekBNGWHKra8t3oi2TFkp+GcJ0KOFJjxYKI=","GqvoKDJSHekBNGWHKra8t3oi2TFkp+GcJ0KOFJjxYKI=","legacyData"
"f6411e52-518d-40ec-810a-e3930b0e35b9","UNDE_055.basePlot.vst","2017-09-21","vst_UNDE_2017","D05","UNDE","UNDE_055",,"NEON.PLA.D05.UNDE.01788","ok","single bole tree","Live",20.5,130,16.5,,,,,,,,,,,,,"GqvoKDJSHekBNGWHKra8t3oi2TFkp+GcJ0KOFJjxYKI=","GqvoKDJSHekBNGWHKra8t3oi2TFkp+GcJ0KOFJjxYKI=","legacyData"
"eb89e659-bcb7-42c9-86db-fbd8bebaf221","UNDE_055.basePlot.vst","2017-09-21","vst_UNDE_2017","D05","UNDE","UNDE_055",,"NEON.PLA.D05.UNDE.03642","ok","single bole tree","Live",10.4,130,7.4,,,,,,,,,,,,,"GqvoKDJSHekBNGWHKra8t3oi2TFkp+GcJ0KOFJjxYKI=","GqvoKDJSHekBNGWHKra8t3oi2TFkp+GcJ0KOFJjxYKI=","legacyData"
"2220082d-e6e1-4ed3-bb04-da0aa77265e0","UNDE_055.basePlot.vst","2017-09-21","vst_UNDE_2017","D05","UNDE","UNDE_055",,"NEON.PLA.D05.UNDE.03926","ok","sapling","Live",,,1.2,,,,,,,,1.9,10,,,,"GqvoKDJSHekBNGWHKra8t3oi2TFkp+GcJ0KOFJjxYKI=","GqvoKDJSHekBNGWHKra8t3oi2TFkp+GcJ0KOFJjxYKI=","legacyData"
"d06e7bee-039d-47c0-868d-f4be2d018ec7","UNDE_055.basePlot.vst","2017-09-21","vst_UNDE_2017","D05","UNDE","UNDE_055",,"NEON.PLA.D05.UNDE.01794","ok","small tree","Live",6.1,130,9.8,,,,,,,,,,,,,"GqvoKDJSHekBNGWHKra8t3oi2TFkp+GcJ0KOFJjxYKI=","GqvoKDJSHekBNGWHKra8t3oi2TFkp+GcJ0KOFJjxYKI=","legacyData"
"9475dcbf-bcd2-4a74-9871-171b8c306382","UNDE_055.basePlot.vst","2017-09-21","vst_UNDE_2017","D05","UNDE","UNDE_055",,"NEON.PLA.D05.UNDE.00649","ok","single bole tree","Live",10.2,130,9.9,,,,,,,,,,,,,"GqvoKDJSHekBNGWHKra8t3oi2TFkp+GcJ0KOFJjxYKI=","GqvoKDJSHekBNGWHKra8t3oi2TFkp+GcJ0KOFJjxYKI=","legacyData"
"60382a12-5d89-423e-a80e-bfbe49f9fbd0","UNDE_055.basePlot.vst","2017-09-21","vst_UNDE_2017","D05","UNDE","UNDE_055",,"NEON.PLA.D05.UNDE.01573","ok","single shrub","Live",1.2,130,2.7,1.2,,,3.0,2.9,,"ellipsoid or sphere",2.0,10,,,,"GqvoKDJSHekBNGWHKra8t3oi2TFkp+GcJ0KOFJjxYKI=","GqvoKDJSHekBNGWHKra8t3oi2TFkp+GcJ0KOFJjxYKI=","legacyData"
"dc3bf515-d278-417b-97d0-8417c9344233","UNDE_055.basePlot.vst","2017-09-21","vst_UNDE_2017","D05","UNDE","UNDE_055",,"NEON.PLA.D05.UNDE.01717","ok","sapling","Live",,,0.8,,,,,,,,1.3,10,,,,"GqvoKDJSHekBNGWHKra8t3oi2TFkp+GcJ0KOFJjxYKI=","GqvoKDJSHekBNGWHKra8t3oi2TFkp+GcJ0KOFJjxYKI=","legacyData"
"7410bd64-669d-4a1f-a740-566471645695","UNDE_055.basePlot.vst","2017-09-21","vst_UNDE_2017","D05","UNDE","UNDE_055",,"NEON.PLA.D05.UNDE.01666","ok","small tree","Live",2.2,130,2.3,,,,,,,,,,,,,"GqvoKDJSHekBNGWHKra8t3oi2TFkp+GcJ0KOFJjxYKI=","GqvoKDJSHekBNGWHKra8t3oi2TFkp+GcJ0KOFJjxYKI=","legacyData"
"dcbf4cd4-27a1-4c6c-bf25-2f6f2a624e9f","UNDE_055.basePlot.vst","2017-09-21","vst_UNDE_2017","D05","UNDE","UNDE_055",,"NEON.PLA.D05.UNDE.00629","ok","small shrub","Live",,,1.0,0.4,,,0.5,0.5,,"ellipsoid or sphere",1.0,10,,,,"GqvoKDJSHekBNGWHKra8t3oi2TFkp+GcJ0KOFJjxYKI=","GqvoKDJSHekBNGWHKra8t3oi2TFkp+GcJ0KOFJjxYKI=","legacyData"
"aed86c29-b234-4a2d-aa9e-8dcd670cac35","UNDE_055.basePlot.vst","2017-09-21","vst_UNDE_2017","D05","UNDE","UNDE_055",,"NEON.PLA.D05.UNDE.01580","ok","single bole tree","Live",40.1,130,21.1,,,,,,,,,,,,,"GqvoKDJSHekBNGWHKra8t3oi2TFkp+GcJ0KOFJjxYKI=","GqvoKDJSHekBNGWHKra8t3oi2TFkp+GcJ0KOFJjxYKI=","legacyData"
"045fb5a3-28a9-4328-99e4-2242d3e3d0ad","UNDE_055.basePlot.vst","2017-09-21","vst_UNDE_2017","D05","UNDE","UNDE_055",,"NEON.PLA.D05.UNDE.03516","ok","sapling","Live",,,1.2,,,,,,,,2.5,10,,,,"GqvoKDJSHekBNGWHKra8t3oi2TFkp+GcJ0KOFJjxYKI=","GqvoKDJSHekBNGWHKra8t3oi2TFkp+GcJ0KOFJjxYKI=","legacyData"
"e605490f-821e-4517-a58d-ebc7da1a6ea2","UNDE_055.basePlot.vst","2017-09-21","vst_UNDE_2017","D05","UNDE","UNDE_055",,"NEON.PLA.D05.UNDE.00918A","ok","multi-bole tree","Live",9.8,130,,,,,,,,,,,,,,"GqvoKDJSHekBNGWHKra8t3oi2TFkp+GcJ0KOFJjxYKI=","GqvoKDJSHekBNGWHKra8t3oi2TFkp+GcJ0KOFJjxYKI=","legacyData"
"63dc37f5-7eaa-4785-9fac-b95996d64982","UNDE_055.basePlot.vst","2017-09-21","vst_UNDE_2017","D05","UNDE","UNDE_055",,"NEON.PLA.D05.UNDE.01755","ok","small shrub","Live",,,1.1,0.4,,,1.0,1.0,,"ellipsoid or sphere",1.1,10,,,,"GqvoKDJSHekBNGWHKra8t3oi2TFkp+GcJ0KOFJjxYKI=","GqvoKDJSHekBNGWHKra8t3oi2TFkp+GcJ0KOFJjxYKI=","legacyData"
"15d345c8-a40a-42aa-82f0-4e962393fb4c","UNDE_055.basePlot.vst","2017-09-21","vst_UNDE_2017","D05","UNDE","UNDE_055",,"NEON.PLA.D05.UNDE.03929","ok","small tree","Live",4.5,130,3.9,,,,,,,,,,,,,"GqvoKDJSHekBNGWHKra8t3oi2TFkp+GcJ0KOFJjxYKI=","GqvoKDJSHekBNGWHKra8t3oi2TFkp+GcJ0KOFJjxYKI=","legacyData"
"63cb8dc6-79e2-40df-a00c-b9e37a721bb2","UNDE_055.basePlot.vst","2017-09-21","vst_UNDE_2017","D05","UNDE","UNDE_055",,"NEON.PLA.D05.UNDE.01752","ok","small shrub","Live",,,2.3,,,,1.8,0.9,,"inverted cone",2.5,10,0.10,0.10,,"GqvoKDJSHekBNGWHKra8t3oi2TFkp+GcJ0KOFJjxYKI=","GqvoKDJSHekBNGWHKra8t3oi2TFkp+GcJ0KOFJjxYKI=","legacyData"
"0098d40f-b8a3-4e76-b664-7f6f609a546b","UNDE_055.basePlot.vst","2017-09-21","vst_UNDE_2017","D05","UNDE","UNDE_055",,"NEON.PLA.D05.UNDE.01524","ok","single bole tree","Live",11.0,130,10.3,,,,,,,,,,,,,"GqvoKDJSHekBNGWHKra8t3oi2TFkp+GcJ0KOFJjxYKI=","GqvoKDJSHekBNGWHKra8t3oi2TFkp+GcJ0KOFJjxYKI=","legacyData"
"f460cb7c-1760-40f5-84d0-1372c64d9f2a","UNDE_055.basePlot.vst","2017-09-21","vst_UNDE_2017","D05","UNDE","UNDE_055",,"NEON.PLA.D05.UNDE.03524","ok","sapling","Live",,,1.1,,,,,,,,1.9,10,,,,"GqvoKDJSHekBNGWHKra8t3oi2TFkp+GcJ0KOFJjxYKI=","GqvoKDJSHekBNGWHKra8t3oi2TFkp+GcJ0KOFJjxYKI=","legacyData"
"7c775ec5-8516-4bf2-940d-ffcf6dce7781","UNDE_055.basePlot.vst","2017-09-21","vst_UNDE_2017","D05","UNDE","UNDE_055",,"NEON.PLA.D05.UNDE.01772","ok","small shrub","Standing dead",,,0.8,,,,,,,"ellipsoid or sphere",0.9,10,,,,"GqvoKDJSHekBNGWHKra8t3oi2TFkp+GcJ0KOFJjxYKI=","GqvoKDJSHekBNGWHKra8t3oi2TFkp+GcJ0KOFJjxYKI=","legacyData"
"4ed26a1e-eef6-402a-8ab5-72093ad67672","UNDE_055.basePlot.vst","2017-09-21","vst_UNDE_2017","D05","UNDE","UNDE_055",,"NEON.PLA.D05.UNDE.03519","ok","small shrub","Live",,,1.6,,,,1.1,1.1,,"inverted cone",1.4,10,0.10,0.10,,"GqvoKDJSHekBNGWHKra8t3oi2TFkp+GcJ0KOFJjxYKI=","GqvoKDJSHekBNGWHKra8t3oi2TFkp+GcJ0KOFJjxYKI=","legacyData"
"fb4265c4-e21b-4f49-98aa-c377c179159b","UNDE_055.basePlot.vst","2017-09-21","vst_UNDE_2017","D05","UNDE","UNDE_055",,"NEON.PLA.D05.UNDE.01587","ok","single bole tree","Live",10.6,130,9.5,,,,,,,,,,,,,"GqvoKDJSHekBNGWHKra8t3oi2TFkp+GcJ0KOFJjxYKI=","GqvoKDJSHekBNGWHKra8t3oi2TFkp+GcJ0KOFJjxYKI=","legacyData"
"116a7c26-4a5b-4619-bf6e-ed64e8143412","UNDE_055.basePlot.vst","2017-09-21","vst_UNDE_2017","D05","UNDE","UNDE_055",,"NEON.PLA.D05.UNDE.00917","ok","single bole tree","Live",12.1,130,10.4,,,,,,,,,,,,,"GqvoKDJSHekBNGWHKra8t3oi2TFkp+GcJ0KOFJjxYKI=","GqvoKDJSHekBNGWHKra8t3oi2TFkp+GcJ0KOFJjxYKI=","legacyData"
"8b5cfa8f-5c5d-4706-b711-020c93152d34","UNDE_055.basePlot.vst","2017-09-21","vst_UNDE_2017","D05","UNDE","UNDE_055",,"NEON.PLA.D05.UNDE.03923","ok","single bole tree","Live",17.8,130,14.6,,,,,,,,,,,,,"GqvoKDJSHekBNGWHKra8t3oi2TFkp+GcJ0KOFJjxYKI=","GqvoKDJSHekBNGWHKra8t3oi2TFkp+GcJ0KOFJjxYKI=","legacyData"
"562ed937-e449-4a42-8c85-83dc1da547b5","UNDE_055.basePlot.vst","2017-09-21","vst_UNDE_2017","D05","UNDE","UNDE_055",,"NEON.PLA.D05.UNDE.01194","ok","single bole tree","Live",12.7,130,8.4,,,,,,,,,,,,,"GqvoKDJSHekBNGWHKra8t3oi2TFkp+GcJ0KOFJjxYKI=","GqvoKDJSHekBNGWHKra8t3oi2TFkp+GcJ0KOFJjxYKI=","legacyData"
"ff547401-60ec-4854-8767-8feff0d952cf","UNDE_055.basePlot.vst","2017-09-21","vst_UNDE_2017","D05","UNDE","UNDE_055",,"NEON.PLA.D05.UNDE.03916","ok","small shrub","Live",,,2.2,,,,1.3,1.0,,"inverted cone",1.3,10,0.10,0.10,,"GqvoKDJSHekBNGWHKra8t3oi2TFkp+GcJ0KOFJjxYKI=","GqvoKDJSHekBNGWHKra8t3oi2TFkp+GcJ0KOFJjxYKI=","legacyData"
"d3c38160-4150-4e4c-8de6-a3e43e0f5ddb","UNDE_055.basePlot.vst","2017-09-21","vst_UNDE_2017","D05","UNDE","UNDE_055",,"NEON.PLA.D05.UNDE.03634","ok","single shrub","Live",1.1,130,2.5,,,,1.0,0.9,,"inverted cone",1.4,10,0.10,0.10,,"GqvoKDJSHekBNGWHKra8t3oi2TFkp+GcJ0KOFJjxYKI=","GqvoKDJSHekBNGWHKra8t3oi2TFkp+GcJ0KOFJjxYKI=","legacyData"
"695f686c-d1b7-4cab-8b64-8eb9c7594dd7","UNDE_055.basePlot.vst","2017-09-21","vst_UNDE_2017","D05","UNDE","UNDE_055",,"NEON.PLA.D05.UNDE.03510","ok","single bole tree","Live",27.4,130,15.8,,,,,,,,,,,,,"GqvoKDJSHekBNGWHKra8t3oi2TFkp+GcJ0KOFJjxYKI=","GqvoKDJSHekBNGWHKra8t3oi2TFkp+GcJ0KOFJjxYKI=","legacyData"
"cd334035-f716-4937-b46d-7105d43ecbe3","UNDE_055.basePlot.vst","2017-09-21","vst_UNDE_2017","D05","UNDE","UNDE_055",,"NEON.PLA.D05.UNDE.01184","ok","small tree","Live",5.5,130,4.3,,,,,,,,,,,,,"GqvoKDJSHekBNGWHKra8t3oi2TFkp+GcJ0KOFJjxYKI=","GqvoKDJSHekBNGWHKra8t3oi2TFkp+GcJ0KOFJjxYKI=","legacyData"
"d988ae7c-e11d-42b2-87c2-ac5112974a5f","UNDE_055.basePlot.vst","2017-09-21","vst_UNDE_2017","D05","UNDE","UNDE_055",,"NEON.PLA.D05.UNDE.02844","ok","multi-bole tree","Standing dead",12.6,130,6.7,,,,,,,,,,,,,"GqvoKDJSHekBNGWHKra8t3oi2TFkp+GcJ0KOFJjxYKI=","GqvoKDJSHekBNGWHKra8t3oi2TFkp+GcJ0KOFJjxYKI=","legacyData"
"6d164e50-c178-4836-b970-461d3e340627","UNDE_055.basePlot.vst","2017-09-21","vst_UNDE_2017","D05","UNDE","UNDE_055",,"NEON.PLA.D05.UNDE.01187","ok","single bole tree","Live",20.9,130,17.6,,,,,,,,,,,,,"GqvoKDJSHekBNGWHKra8t3oi2TFkp+GcJ0KOFJjxYKI=","GqvoKDJSHekBNGWHKra8t3oi2TFkp+GcJ0KOFJjxYKI=","legacyData"
"e6839c80-6881-4d9f-a0b9-c0c354ea47a8","UNDE_055.basePlot.vst","2017-09-21","vst_UNDE_2017","D05","UNDE","UNDE_055",,"NEON.PLA.D05.UNDE.01529","ok","small tree","Standing dead",1.9,130,2.1,,,,,,,,,,,,,"GqvoKDJSHekBNGWHKra8t3oi2TFkp+GcJ0KOFJjxYKI=","GqvoKDJSHekBNGWHKra8t3oi2TFkp+GcJ0KOFJjxYKI=","legacyData"
"7bd37106-1e2a-46ff-9134-b27a1913be1e","UNDE_055.basePlot.vst","2017-09-21","vst_UNDE_2017","D05","UNDE","UNDE_055",,"NEON.PLA.D05.UNDE.01561","ok","small shrub","Live",,,1.0,0.4,,,1.5,1.4,,"ellipsoid or sphere",2.4,10,,,,"GqvoKDJSHekBNGWHKra8t3oi2TFkp+GcJ0KOFJjxYKI=","GqvoKDJSHekBNGWHKra8t3oi2TFkp+GcJ0KOFJjxYKI=","legacyData"
"86afc239-4e0c-46ee-aab8-0e97e7456848","UNDE_055.basePlot.vst","2017-09-21","vst_UNDE_2017","D05","UNDE","UNDE_055",,"NEON.PLA.D05.UNDE.01597","ok","single bole tree","Live",14.0,130,12.3,,,,,,,,,,,,,"GqvoKDJSHekBNGWHKra8t3oi2TFkp+GcJ0KOFJjxYKI=","GqvoKDJSHekBNGWHKra8t3oi2TFkp+GcJ0KOFJjxYKI=","legacyData"
"ccab3b59-bd59-4c03-94c1-60371ec38a00","UNDE_055.basePlot.vst","2017-09-21","vst_UNDE_2017","D05","UNDE","UNDE_055",,"NEON.PLA.D05.UNDE.03696","ok","small tree","Live",5.3,130,4.2,,,,,,,,,,,,,"GqvoKDJSHekBNGWHKra8t3oi2TFkp+GcJ0KOFJjxYKI=","GqvoKDJSHekBNGWHKra8t3oi2TFkp+GcJ0KOFJjxYKI=","legacyData"
"acc6bfe4-36a8-41da-a947-30144c9fe4cc","UNDE_055.basePlot.vst","2017-09-21","vst_UNDE_2017","D05","UNDE","UNDE_055",,"NEON.PLA.D05.UNDE.03927","ok","small shrub","Live",,,2.0,,,,1.0,1.0,,"inverted cone",1.2,10,0.10,0.10,,"GqvoKDJSHekBNGWHKra8t3oi2TFkp+GcJ0KOFJjxYKI=","GqvoKDJSHekBNGWHKra8t3oi2TFkp+GcJ0KOFJjxYKI=","legacyData"
"0d9ce2d1-fe34-4466-8129-56866a316bed","UNDE_055.basePlot.vst","2017-09-21","vst_UNDE_2017","D05","UNDE","UNDE_055",,"NEON.PLA.D05.UNDE.03691","ok","single bole tree","Live",10.8,130,8.7,,,,,,,,,,,,,"GqvoKDJSHekBNGWHKra8t3oi2TFkp+GcJ0KOFJjxYKI=","GqvoKDJSHekBNGWHKra8t3oi2TFkp+GcJ0KOFJjxYKI=","legacyData"
"bdeffae4-c24c-4be3-8185-cfcb0e5d7835","UNDE_055.basePlot.vst","2017-09-21","vst_UNDE_2017","D05","UNDE","UNDE_055",,"NEON.PLA.D05.UNDE.01783","ok","small tree","Live",1.6,130,4.1,,,,,,,,,,,,,"GqvoKDJSHekBNGWHKra8t3oi2TFkp+GcJ0KOFJjxYKI=","GqvoKDJSHekBNGWHKra8t3oi2TFkp+GcJ0KOFJjxYKI=","legacyData"
"e30952cf-df78-424d-84ac-0ef55f774864","UNDE_055.basePlot.vst","2017-09-21","vst_UNDE_2017","D05","UNDE","UNDE_055",,"NEON.PLA.D05.UNDE.01675","ok","single shrub","Live",1.4,130,2.5,0.5,,,1.0,0.9,,"ellipsoid or sphere",3.4,10,,,,"GqvoKDJSHekBNGWHKra8t3oi2TFkp+GcJ0KOFJjxYKI=","GqvoKDJSHekBNGWHKra8t3oi2TFkp+GcJ0KOFJjxYKI=","legacyData"
"f5701bf2-537a-43a6-b670-b0b3360f3c47","UNDE_055.basePlot.vst","2017-09-21","vst_UNDE_2017","D05","UNDE","UNDE_055",,"NEON.PLA.D05.UNDE.05662","ok","single bole tree","Live",31.6,130,15.2,,,,,,,,,,,,,"GqvoKDJSHekBNGWHKra8t3oi2TFkp+GcJ0KOFJjxYKI=","GqvoKDJSHekBNGWHKra8t3oi2TFkp+GcJ0KOFJjxYKI=","legacyData"
"aec639aa-d3f1-44f2-bb98-16e72fa0fcfb","UNDE_055.basePlot.vst","2017-09-21","vst_UNDE_2017","D05","UNDE","UNDE_055",,"NEON.PLA.D05.UNDE.01541","ok","single bole tree","Live",22.5,130,8.6,,,,,,,,,,,,,"GqvoKDJSHekBNGWHKra8t3oi2TFkp+GcJ0KOFJjxYKI=","GqvoKDJSHekBNGWHKra8t3oi2TFkp+GcJ0KOFJjxYKI=","legacyData"
"0bb81de4-e003-4afa-a686-ed56c5730490","UNDE_055.basePlot.vst","2017-09-21","vst_UNDE_2017","D05","UNDE","UNDE_055",,"NEON.PLA.D05.UNDE.03925","ok","sapling","Live",,,1.1,,,,,,,,1.6,10,,,,"GqvoKDJSHekBNGWHKra8t3oi2TFkp+GcJ0KOFJjxYKI=","GqvoKDJSHekBNGWHKra8t3oi2TFkp+GcJ0KOFJjxYKI=","legacyData"
"e1dddb32-1713-4b6e-a78a-65c2b8599ef0","UNDE_055.basePlot.vst","2017-09-21","vst_UNDE_2017","D05","UNDE","UNDE_055",,"NEON.PLA.D05.UNDE.00761","ok","single bole tree","Live",12.4,130,12.6,,,,,,,,,,,,,"GqvoKDJSHekBNGWHKra8t3oi2TFkp+GcJ0KOFJjxYKI=","GqvoKDJSHekBNGWHKra8t3oi2TFkp+GcJ0KOFJjxYKI=","legacyData"
"32afae72-d987-46fc-8a7e-430dd60616da","UNDE_055.basePlot.vst","2017-09-21","vst_UNDE_2017","D05","UNDE","UNDE_055",,"NEON.PLA.D05.UNDE.03846","ok","single bole tree","Live",19.8,130,16.4,,,,,,,,,,,,,"GqvoKDJSHekBNGWHKra8t3oi2TFkp+GcJ0KOFJjxYKI=","GqvoKDJSHekBNGWHKra8t3oi2TFkp+GcJ0KOFJjxYKI=","legacyData"
"a6191e1d-f008-4ba4-b9b2-527ae6562429","UNDE_055.basePlot.vst","2017-09-21","vst_UNDE_2017","D05","UNDE","UNDE_055",,"NEON.PLA.D05.UNDE.00391","ok","small tree","Live",1.6,130,2.0,,,,,,,,,,,,,"GqvoKDJSHekBNGWHKra8t3oi2TFkp+GcJ0KOFJjxYKI=","GqvoKDJSHekBNGWHKra8t3oi2TFkp+GcJ0KOFJjxYKI=","legacyData"
"2eedb369-f925-426d-9337-d2386f14dd12","UNDE_055.basePlot.vst","2017-09-21","vst_UNDE_2017","D05","UNDE","UNDE_055",,"NEON.PLA.D05.UNDE.00622","ok","sapling","Live",,,1.5,,,,,,,,1.5,10,,,,"GqvoKDJSHekBNGWHKra8t3oi2TFkp+GcJ0KOFJjxYKI=","GqvoKDJSHekBNGWHKra8t3oi2TFkp+GcJ0KOFJjxYKI=","legacyData"
"c0917ec3-06b8-48c7-b4ff-c4ebd6bce1ca","UNDE_055.basePlot.vst","2017-09-21","vst_UNDE_2017","D05","UNDE","UNDE_055",,"NEON.PLA.D05.UNDE.01571","ok","single bole tree","Live",16.4,130,12.9,,,,,,,,,,,,,"GqvoKDJSHekBNGWHKra8t3oi2TFkp+GcJ0KOFJjxYKI=","GqvoKDJSHekBNGWHKra8t3oi2TFkp+GcJ0KOFJjxYKI=","legacyData"
"673de9fb-b15d-45c2-8a04-631727b8305b","UNDE_055.basePlot.vst","2017-09-21","vst_UNDE_2017","D05","UNDE","UNDE_055",,"NEON.PLA.D05.UNDE.03916","ok","small shrub","Live",,,2.2,,,,1.3,1.0,,"inverted cone",1.4,10,0.10,0.10,,"GqvoKDJSHekBNGWHKra8t3oi2TFkp+GcJ0KOFJjxYKI=","GqvoKDJSHekBNGWHKra8t3oi2TFkp+GcJ0KOFJjxYKI=","legacyData"
"8f28548e-d550-4adf-b439-f2028fc04d40","UNDE_055.basePlot.vst","2017-09-21","vst_UNDE_2017","D05","UNDE","UNDE_055",,"NEON.PLA.D05.UNDE.01779","ok","single bole tree","Dead, broken bole",11.0,130,2.8,,2.8,,,,,,,,,,,"GqvoKDJSHekBNGWHKra8t3oi2TFkp+GcJ0KOFJjxYKI=","GqvoKDJSHekBNGWHKra8t3oi2TFkp+GcJ0KOFJjxYKI=","legacyData"
"3a57f269-bebb-4c85-9262-c33c18d86013","UNDE_055.basePlot.vst","2017-09-21","vst_UNDE_2017","D05","UNDE","UNDE_055",,"NEON.PLA.D05.UNDE.03867","ok","single bole tree","Live",14.8,130,18.2,,,,,,,,,,,,,"GqvoKDJSHekBNGWHKra8t3oi2TFkp+GcJ0KOFJjxYKI=","GqvoKDJSHekBNGWHKra8t3oi2TFkp+GcJ0KOFJjxYKI=","legacyData"
"27589aec-5692-4c7a-8f62-4e893d4f062f","UNDE_055.basePlot.vst","2017-09-21","vst_UNDE_2017","D05","UNDE","UNDE_055",,"NEON.PLA.D05.UNDE.03656","ok","small shrub","Live",,,1.8,,,,1.1,0.8,,"inverted cone",1.5,10,0.10,0.10,,"GqvoKDJSHekBNGWHKra8t3oi2TFkp+GcJ0KOFJjxYKI=","GqvoKDJSHekBNGWHKra8t3oi2TFkp+GcJ0KOFJjxYKI=","legacyData"
"b6713e2c-51f8-45a5-95da-4331f8871bc6","UNDE_055.basePlot.vst","2017-09-21","vst_UNDE_2017","D05","UNDE","UNDE_055",,"NEON.PLA.D05.UNDE.01185","ok","small shrub","Live",,,1.3,,,,0.6,0.1,,"inverted cone",1.2,10,0.10,0.10,,"GqvoKDJSHekBNGWHKra8t3oi2TFkp+GcJ0KOFJjxYKI=","GqvoKDJSHekBNGWHKra8t3oi2TFkp+GcJ0KOFJjxYKI=","legacyData"
"66ea7a41-a145-4e7c-bb29-95cbd4d2790d","UNDE_055.basePlot.vst","2017-09-21","vst_UNDE_2017","D05","UNDE","UNDE_055",,"NEON.PLA.D05.UNDE.01569","ok","small tree","Live",1.5,130,2.2,,,,,,,,,,,,,"GqvoKDJSHekBNGWHKra8t3oi2TFkp+GcJ0KOFJjxYKI=","GqvoKDJSHekBNGWHKra8t3oi2TFkp+GcJ0KOFJjxYKI=","legacyData"
"ec5e0d7e-3951-4ede-a466-2bd5a429a601","UNDE_055.basePlot.vst","2017-09-21","vst_UNDE_2017","D05","UNDE","UNDE_055",,"NEON.PLA.D05.UNDE.00621","ok","small shrub","Live",,,2.0,,,,1.3,1.1,,"inverted cone",1.1,10,0.10,0.10,,"GqvoKDJSHekBNGWHKra8t3oi2TFkp+GcJ0KOFJjxYKI=","GqvoKDJSHekBNGWHKra8t3oi2TFkp+GcJ0KOFJjxYKI=","legacyData"
"8f9c3aa6-b834-4697-bbd0-5e8d21dd8406","UNDE_055.basePlot.vst","2017-09-21","vst_UNDE_2017","D05","UNDE","UNDE_055",,"NEON.PLA.D05.UNDE.02844A","ok","multi-bole tree","Standing dead",11.3,130,6.3,,,,,,,,,,,,,"GqvoKDJSHekBNGWHKra8t3oi2TFkp+GcJ0KOFJjxYKI=","GqvoKDJSHekBNGWHKra8t3oi2TFkp+GcJ0KOFJjxYKI=","legacyData"
"43bd0a7e-e60f-4ff2-b3ac-0bdb0205870f","UNDE_055.basePlot.vst","2017-09-21","vst_UNDE_2017","D05","UNDE","UNDE_055",,"NEON.PLA.D05.UNDE.01591","ok","multi-bole tree","Live",24.3,130,17.1,,,,,,,,,,,,,"GqvoKDJSHekBNGWHKra8t3oi2TFkp+GcJ0KOFJjxYKI=","GqvoKDJSHekBNGWHKra8t3oi2TFkp+GcJ0KOFJjxYKI=","legacyData"
"6a22dd22-99dc-40c4-aab5-dcdd27212eb7","UNDE_055.basePlot.vst","2017-09-21","vst_UNDE_2017","D05","UNDE","UNDE_055",,"NEON.PLA.D05.UNDE.00688","ok","single bole tree","Live",48.4,110,15.8,,,,,,,,,,,,,"GqvoKDJSHekBNGWHKra8t3oi2TFkp+GcJ0KOFJjxYKI=","GqvoKDJSHekBNGWHKra8t3oi2TFkp+GcJ0KOFJjxYKI=","legacyData"
"52eebcbb-8586-441a-8f8d-707804bc91f4","UNDE_055.basePlot.vst","2017-09-21","vst_UNDE_2017","D05","UNDE","UNDE_055",,"NEON.PLA.D05.UNDE.01584","ok","multi-bole tree","Live",15.5,130,12.4,,,,,,,,,,,,,"GqvoKDJSHekBNGWHKra8t3oi2TFkp+GcJ0KOFJjxYKI=","GqvoKDJSHekBNGWHKra8t3oi2TFkp+GcJ0KOFJjxYKI=","legacyData"
"d8cb1ea9-0577-4110-98e4-aa52737f1e51","UNDE_055.basePlot.vst","2017-09-21","vst_UNDE_2017","D05","UNDE","UNDE_055",,"NEON.PLA.D05.UNDE.02000","ok","single bole tree","Live",12.2,130,9.9,,,,,,,,,,,,,"GqvoKDJSHekBNGWHKra8t3oi2TFkp+GcJ0KOFJjxYKI=","GqvoKDJSHekBNGWHKra8t3oi2TFkp+GcJ0KOFJjxYKI=","legacyData"
"1b34938b-da95-44ec-b626-2a37be47fafc","UNDE_055.basePlot.vst","2017-09-21","vst_UNDE_2017","D05","UNDE","UNDE_055",,"NEON.PLA.D05.UNDE.01543","ok","multi-bole tree","Live",20.3,130,16.3,,,,,,,,,,,,,"GqvoKDJSHekBNGWHKra8t3oi2TFkp+GcJ0KOFJjxYKI=","GqvoKDJSHekBNGWHKra8t3oi2TFkp+GcJ0KOFJjxYKI=","legacyData"
"6d9bf52a-6f0a-4f65-9394-6b87f4e8602e","UNDE_055.basePlot.vst","2017-09-21","vst_UNDE_2017","D05","UNDE","UNDE_055",,"NEON.PLA.D05.UNDE.00979","ok","small tree","Dead, broken bole",7.4,130,4.3,,4.3,,,,,,,,,,,"GqvoKDJSHekBNGWHKra8t3oi2TFkp+GcJ0KOFJjxYKI=","GqvoKDJSHekBNGWHKra8t3oi2TFkp+GcJ0KOFJjxYKI=","legacyData"
"8ac240f9-5396-4cdd-8884-1af066434a0d","UNDE_055.basePlot.vst","2017-09-21","vst_UNDE_2017","D05","UNDE","UNDE_055",,"NEON.PLA.D05.UNDE.01596","ok","single bole tree","Live",20.1,130,17.3,,,,,,,,,,,,,"GqvoKDJSHekBNGWHKra8t3oi2TFkp+GcJ0KOFJjxYKI=","GqvoKDJSHekBNGWHKra8t3oi2TFkp+GcJ0KOFJjxYKI=","legacyData"
"ad765ecf-4273-4864-9788-651afbbcb758","UNDE_055.basePlot.vst","2017-09-21","vst_UNDE_2017","D05","UNDE","UNDE_055",,"NEON.PLA.D05.UNDE.01673","ok","single bole tree","Live, broken bole",26.6,130,8.0,,8.0,,,,,,,,,,,"GqvoKDJSHekBNGWHKra8t3oi2TFkp+GcJ0KOFJjxYKI=","GqvoKDJSHekBNGWHKra8t3oi2TFkp+GcJ0KOFJjxYKI=","legacyData"
"da5eb8ca-3ef0-4d10-8232-974dcf9c072d","UNDE_055.basePlot.vst","2017-09-21","vst_UNDE_2017","D05","UNDE","UNDE_055",,"NEON.PLA.D05.UNDE.00918B","ok","multi-bole tree","Live, physically damaged",7.9,130,,,,,,,,,,,,,,"GqvoKDJSHekBNGWHKra8t3oi2TFkp+GcJ0KOFJjxYKI=","GqvoKDJSHekBNGWHKra8t3oi2TFkp+GcJ0KOFJjxYKI=","legacyData"
"8e4aaa14-9539-49e3-8b48-0ae49c1ac002","UNDE_055.basePlot.vst","2017-09-21","vst_UNDE_2017","D05","UNDE","UNDE_055",,"NEON.PLA.D05.UNDE.05672","ok","single bole tree","Live",12.2,130,15.4,,,,,,,,,,,,,"GqvoKDJSHekBNGWHKra8t3oi2TFkp+GcJ0KOFJjxYKI=","GqvoKDJSHekBNGWHKra8t3oi2TFkp+GcJ0KOFJjxYKI=","legacyData"
"67b19b80-cb6c-49b5-adfc-a5e76f601786","UNDE_055.basePlot.vst","2017-09-21","vst_UNDE_2017","D05","UNDE","UNDE_055",,"NEON.PLA.D05.UNDE.03914","ok","small tree","Live",7.2,130,4.6,,,,,,,,,,,,,"GqvoKDJSHekBNGWHKra8t3oi2TFkp+GcJ0KOFJjxYKI=","GqvoKDJSHekBNGWHKra8t3oi2TFkp+GcJ0KOFJjxYKI=","legacyData"
"e52c4dcc-a0e7-454b-9ba9-f894e67c3031","UNDE_055.basePlot.vst","2017-09-21","vst_UNDE_2017","D05","UNDE","UNDE_055",,"NEON.PLA.D05.UNDE.01553","ok","single bole tree","Live",22.9,130,20.1,,,,,,,,,,,,,"GqvoKDJSHekBNGWHKra8t3oi2TFkp+GcJ0KOFJjxYKI=","GqvoKDJSHekBNGWHKra8t3oi2TFkp+GcJ0KOFJjxYKI=","legacyData"
"f493fa4c-fcd6-477d-910b-eb41fce96973","UNDE_055.basePlot.vst","2017-09-21","vst_UNDE_2017","D05","UNDE","UNDE_055",,"NEON.PLA.D05.UNDE.00918","ok","multi-bole tree","Live",15.6,130,12.2,,,,,,,,,,,,,"GqvoKDJSHekBNGWHKra8t3oi2TFkp+GcJ0KOFJjxYKI=","GqvoKDJSHekBNGWHKra8t3oi2TFkp+GcJ0KOFJjxYKI=","legacyData"
"9a713511-4881-4ebf-b19a-db77feedf36c","UNDE_055.basePlot.vst","2017-09-21","vst_UNDE_2017","D05","UNDE","UNDE_055",,"NEON.PLA.D05.UNDE.01725","ok","small tree","Live",6.5,130,5.4,,,,,,,,,,,,,"GqvoKDJSHekBNGWHKra8t3oi2TFkp+GcJ0KOFJjxYKI=","GqvoKDJSHekBNGWHKra8t3oi2TFkp+GcJ0KOFJjxYKI=","legacyData"
"50ebdf3c-8f24-4cfe-8a08-5a083aee3592","UNDE_055.basePlot.vst","2017-09-21","vst_UNDE_2017","D05","UNDE","UNDE_055",,"NEON.PLA.D05.UNDE.05723","ok","single bole tree","Live",35.1,130,13.4,,,,,,,,,,,,,"GqvoKDJSHekBNGWHKra8t3oi2TFkp+GcJ0KOFJjxYKI=","GqvoKDJSHekBNGWHKra8t3oi2TFkp+GcJ0KOFJjxYKI=","legacyData"
"242f40fe-5856-44f5-afc9-0fc68331dbb7","UNDE_055.basePlot.vst","2017-09-21","vst_UNDE_2017","D05","UNDE","UNDE_055",,"NEON.PLA.D05.UNDE.05669","ok","single bole tree","Live",18.8,130,13.3,,,,,,,,,,,,,"GqvoKDJSHekBNGWHKra8t3oi2TFkp+GcJ0KOFJjxYKI=","GqvoKDJSHekBNGWHKra8t3oi2TFkp+GcJ0KOFJjxYKI=","legacyData"
