uid,namedLocation,domainID,siteID,plotID,plotType,nlcdClass,decimalLatitude,decimalLongitude,geodeticDatum,coordinateUncertainty,elevation,elevationUncertainty,collectDate,eventID,sampleID,sampleCode,samplingMethod,totalSampledArea,targetTaxaPresent,adultCount,nymphCount,larvaCount,sampleCondition,samplingProtocolVersion,measuredBy,remarks
"0dbaef82-b2e5-4bed-b264-50834b7ebb3d","TALL_006.tickPlot.tck","D08","TALL","TALL_006","distributed","evergreenForest",32.899144,-87.444571,"WGS84",20.3,108.6,0.3,"2018-07-03T14:32Z","TALL.2018.27",,,"drag",160,"N",0,0,0,,"NEON.DOC.014045vJ","EKdNizS+3kOSaN4xEB1UW9XHhDFEO0UoYMAU6YiiakM=",
"17a839ca-d395-43db-8b98-5c7bc956a8f1","TALL_003.tickPlot.tck","D08","TALL","TALL_003","distributed","mixedForest",32.894415,-87.416532,"WGS84",20.2,121.9,0.2,"2018-07-03T15:19Z","TALL.2018.27",,,"drag and flag",145,"N",0,0,0,,"NEON.DOC.014045vJ","VlGS9knfep4oIPmMdzrYPvhmhmcAnEWcmbTWayWKGyM=",
"0957c58d-e092-45e5-9712-4f9a9053eaf5","TALL_016.tickPlot.tck","D08","TALL","TALL_016","distributed","evergreenForest",32.971553,-87.415845,"WGS84",20.1,138.9,0.1,"2018-07-03T16:11Z","TALL.2018.27",,,"drag and flag",160,"N",0,0,0,,"NEON.DOC.014045vJ","EKdNizS+3kOSaN4xEB1UW9XHhDFEO0UoYMAU6YiiakM=",
"f386b6ed-cc19-4876-8963-eb28154d73aa","TALL_001.tickPlot.tck","D08","TALL","TALL_001","distributed","deciduousForest",32.976370,-87.432184,"WGS84",20.2,114.6,0.1,"2018-07-03T16:17Z","TALL.2018.27","TALL_001.20180703","B00000003269","drag and flag",160,"Y",6,7,0,"No known compromise","NEON.DOC.014045vJ","VlGS9knfep4oIPmMdzrYPvhmhmcAnEWcmbTWayWKGyM=",
"23236562-c523-45f5-b8c6-b9e8607ae688","TALL_008.tickPlot.tck","D08","TALL","TALL_008","distributed","deciduousForest",32.922874,-87.434097,"WGS84",20.2,127.5,0.2,"2018-07-05T15:07Z","TALL.2018.27","TALL_008.20180705","A00000015285","drag",162,"Y",0,8,262,"No known compromise","NEON.DOC.014045vJ","EKdNizS+3kOSaN4xEB1UW9XHhDFEO0UoYMAU6YiiakM=","curved outside the plot on 1 side . Ticks included in sample."
"b81edb9b-06da-4bb0-a717-137100e861ef","TALL_002.tickPlot.tck","D08","TALL","TALL_002","distributed","mixedForest",32.920823,-87.428955,"WGS84",20.3,104.0,0.4,"2018-07-05T16:45Z","TALL.2018.27","TALL_002.20180705","A00000013436","drag",160,"Y",4,10,0,"No known compromise","NEON.DOC.014045vJ","EKdNizS+3kOSaN4xEB1UW9XHhDFEO0UoYMAU6YiiakM=",
"0ee66e06-1ff5-4f47-85f6-18a1cbd3902e","TALL_006.tickPlot.tck","D08","TALL","TALL_006","distributed","evergreenForest",32.899144,-87.444571,"WGS84",20.3,108.6,0.3,"2018-07-26T13:10Z","TALL.2018.30",,,"drag",160,"N",0,0,0,,"NEON.DOC.014045vJ","64poQFGJhhoGk+ViS/sbZSFJ9fXNQZFjip4PFFWHEAg=",
"2c435b06-e4ef-41e0-8291-7dd37cacdf2e","TALL_008.tickPlot.tck","D08","TALL","TALL_008","distributed","deciduousForest",32.922874,-87.434097,"WGS84",20.2,127.5,0.2,"2018-07-26T13:25Z","TALL.2018.30","TALL_008.20180726","A00000013941","drag",160,"Y",0,9,325,"No known compromise","NEON.DOC.014045vJ","71MfCy+FRsto69311gQJvR+pq8mHvc/9aCd1qcCUSbo=",
"44fc9ac0-9a63-46fd-9211-cfba8e80550d","TALL_016.tickPlot.tck","D08","TALL","TALL_016","distributed","evergreenForest",32.971553,-87.415845,"WGS84",20.1,138.9,0.1,"2018-07-26T14:28Z","TALL.2018.30",,,"drag and flag",160,"N",0,0,0,,"NEON.DOC.014045vJ","64poQFGJhhoGk+ViS/sbZSFJ9fXNQZFjip4PFFWHEAg=",
"1437b076-69d9-4d16-b501-aa0058aa5aee","TALL_002.tickPlot.tck","D08","TALL","TALL_002","distributed","mixedForest",32.920823,-87.428955,"WGS84",20.3,104.0,0.4,"2018-07-26T14:44Z","TALL.2018.30","TALL_002.20180726","A00000013954","drag",160,"Y",1,9,6,"No known compromise","NEON.DOC.014045vJ","71MfCy+FRsto69311gQJvR+pq8mHvc/9aCd1qcCUSbo=",
"15fb2fa4-1412-4f6c-b704-59acb33a0363","TALL_001.tickPlot.tck","D08","TALL","TALL_001","distributed","deciduousForest",32.976370,-87.432184,"WGS84",20.2,114.6,0.1,"2018-07-26T16:08Z","TALL.2018.30","TALL_001.20180726","A00000013963","drag and flag",160,"Y",0,4,0,"No known compromise","NEON.DOC.014045vJ","5xnpZY6RWQXfIcA73Yt35xUCFBfitt36GhvlLe6b6lWMQTOe3VOuNA==",
"3a8c4198-d6f3-4840-8753-23e365c3bfca","TALL_003.tickPlot.tck","D08","TALL","TALL_003","distributed","mixedForest",32.894415,-87.416532,"WGS84",20.2,121.9,0.2,"2018-07-26T16:20Z","TALL.2018.30",,,"drag",160,"N",0,0,0,,"NEON.DOC.014045vJ","71MfCy+FRsto69311gQJvR+pq8mHvc/9aCd1qcCUSbo=",
