uid,namedLocation,domainID,siteID,plotID,plotType,nlcdClass,decimalLatitude,decimalLongitude,geodeticDatum,coordinateUncertainty,elevation,elevationUncertainty,collectDate,eventID,sampleID,sampleCode,samplingMethod,totalSampledArea,targetTaxaPresent,adultCount,nymphCount,larvaCount,sampleCondition,samplingProtocolVersion,measuredBy,remarks
"babe93fe-e556-4662-a9b6-4dd157a2c77c","HARV_022.tickPlot.tck","D01","HARV","HARV_022","distributed","evergreenForest",42.435462,-72.199291,"WGS84",20.3,186.3,0.3,"2018-09-17T12:34Z","HARV.2018.38","HARV_022.20180917","D00000006842","drag and flag",160,"Y",0,1,32,"No known compromise","NEON.DOC.014045vJ","IchdSUvEujr74OCkHV8AJLS68Jq8lF4diJSDT+YtveYPkiEW+UD2ag==",
"7d21550e-7a0f-48e1-9cef-bafdde3507cb","HARV_006.tickPlot.tck","D01","HARV","HARV_006","distributed","deciduousForest",42.401938,-72.252716,"WGS84",20.2,190.4,0.3,"2018-09-17T14:08Z","HARV.2018.38","HARV_006.20180917","D00000006839","drag and flag",160,"Y",0,0,34,"No known compromise","NEON.DOC.014045vJ","Of2DEjUKv6sdi3UIa48w5IijLRJmWKKvKox8AGrnqQo=",
"57a94786-5ba1-4419-b765-4b3d27c5c4a5","HARV_026.tickPlot.tck","D01","HARV","HARV_026","distributed","evergreenForest",42.412068,-72.246529,"WGS84",20.2,185.7,0.3,"2018-09-17T15:24Z","HARV.2018.38","HARV_026.20180917","D00000007212","drag and flag",160,"Y",0,0,7,"No known compromise","NEON.DOC.014045vJ","IchdSUvEujr74OCkHV8AJLS68Jq8lF4diJSDT+YtveYPkiEW+UD2ag==",
"1957290f-10f9-4012-9ad9-788fceeb7246","HARV_001.tickPlot.tck","D01","HARV","HARV_001","distributed","deciduousForest",42.424227,-72.260097,"WGS84",20.2,201.1,0.3,"2018-09-17T16:46Z","HARV.2018.38","HARV_001.20180917","D00000006849","drag and flag",160,"Y",0,0,2,"No known compromise","NEON.DOC.014045vJ","Of2DEjUKv6sdi3UIa48w5IijLRJmWKKvKox8AGrnqQo=",
"d01a80df-02a1-472c-aca8-4956100e8e24","HARV_004.tickPlot.tck","D01","HARV","HARV_004","distributed","mixedForest",42.426878,-72.227943,"WGS84",20.3,185.9,0.3,"2018-09-17T17:58Z","HARV.2018.38","HARV_004.20180917","D00000006848","drag and flag",160,"Y",0,1,22,"No known compromise","NEON.DOC.014045vJ","IchdSUvEujr74OCkHV8AJLS68Jq8lF4diJSDT+YtveYPkiEW+UD2ag==",
"d92e313f-f50a-4249-8ed4-207ef43f5863","HARV_002.tickPlot.tck","D01","HARV","HARV_002","distributed","deciduousForest",42.477246,-72.259443,"WGS84",20.2,183.2,0.3,"2018-09-20T14:10Z","HARV.2018.38","HARV_002.20180920","D00000006846","drag and flag",153,"Y",0,2,37,"No known compromise","NEON.DOC.014045vJ","/dwGrywvzxQmxYLZ73Qnwj2Jgo0jl/eDV/V+PJTyuCY=","5 meter distance reduction due to water puddling"
