uid,namedLocation,domainID,siteID,plotID,plotType,nlcdClass,decimalLatitude,decimalLongitude,geodeticDatum,coordinateUncertainty,elevation,elevationUncertainty,collectDate,eventID,sampleID,sampleCode,samplingMethod,totalSampledArea,targetTaxaPresent,adultCount,nymphCount,larvaCount,sampleCondition,samplingProtocolVersion,measuredBy,remarks
"b326bea1-6b3f-404f-b77f-f6360c1bd331","GRSM_006.tickPlot.tck","D07","GRSM","GRSM_006","distributed","deciduousForest",35.679072,-83.643678,"WGS84",20.2,533.6,0.2,"2018-09-20T13:05Z","GRSM.2018.38",,,"drag and flag",160,"N",0,0,0,,"NEON.DOC.014045vJ","5Ek0n6gchfIDPsOP0jKEohdVx5tVu8KFxKxo4oqalpg=",
"65e68e76-8568-435a-afe5-10a0f385490e","GRSM_015.tickPlot.tck","D07","GRSM","GRSM_015","distributed","deciduousForest",35.729089,-83.408061,"WGS84",20.2,448.3,0.2,"2018-09-20T14:15Z","GRSM.2018.38",,,"drag and flag",162,"N",0,0,0,,"NEON.DOC.014045vJ","2H55su/YJR5LPFmvOFXSwF0uMtbHyYnwq0ApKEkczBw=",
"e0cac5b9-83f1-41e8-9998-d004a0e0da5e","GRSM_010.tickPlot.tck","D07","GRSM","GRSM_010","distributed","deciduousForest",35.669242,-83.524579,"WGS84",20.2,510.4,0.3,"2018-09-20T14:27Z","GRSM.2018.38",,,"drag and flag",160,"N",0,0,0,,"NEON.DOC.014045vJ","5Ek0n6gchfIDPsOP0jKEohdVx5tVu8KFxKxo4oqalpg=",
"b88d8f38-4ed2-469c-b229-2c283af925d5","GRSM_010.tickPlot.tck","D07","GRSM","GRSM_010","distributed","deciduousForest",35.669242,-83.524579,"WGS84",20.2,510.4,0.3,"2018-09-20T15:21Z","GRSM.2018.38",,,"drag and flag",170,"N",0,0,0,,"NEON.DOC.014045vJ","5Ek0n6gchfIDPsOP0jKEohdVx5tVu8KFxKxo4oqalpg=",
"e3a5095e-045a-410b-931e-f69634d6735d","GRSM_009.tickPlot.tck","D07","GRSM","GRSM_009","distributed","deciduousForest",35.671874,-83.491180,"WGS84",20.2,820.9,0.2,"2018-09-20T16:00Z","GRSM.2018.38",,,"drag and flag",162,"N",0,0,0,,"NEON.DOC.014045vJ","2H55su/YJR5LPFmvOFXSwF0uMtbHyYnwq0ApKEkczBw=",
"52fdee83-51d6-4521-97b0-10e258ce1760","GRSM_009.tickPlot.tck","D07","GRSM","GRSM_009","distributed","deciduousForest",35.671874,-83.491180,"WGS84",20.2,820.9,0.2,"2018-09-20T17:01Z","GRSM.2018.38",,,"drag and flag",161,"N",0,0,0,,"NEON.DOC.014045vJ","2H55su/YJR5LPFmvOFXSwF0uMtbHyYnwq0ApKEkczBw=",
