uid,namedLocation,domainID,siteID,plotID,plotType,nlcdClass,decimalLatitude,decimalLongitude,geodeticDatum,coordinateUncertainty,elevation,elevationUncertainty,collectDate,eventID,sampleID,sampleCode,samplingMethod,totalSampledArea,targetTaxaPresent,adultCount,nymphCount,larvaCount,sampleCondition,samplingProtocolVersion,measuredBy,remarks
"4ec70865-6b91-4c10-b4e3-e9c042890636","OAES_008.tickPlot.tck","D11","OAES","OAES_008","distributed","grasslandHerbaceous",35.394019,-99.063159,"WGS84",20.1,492.6,0.1,"2015-10-13T12:28Z","OAES.2015.41",,,"drag and flag",160,"N",0,0,,,"NEON.DOC.014045vF","nLY7eam4tn5KvmhUGKXYjL1ERBP4294P",
"22eda0b6-3f1c-44b8-80d0-9550a1b4571e","OAES_007.tickPlot.tck","D11","OAES","OAES_007","distributed","shrubScrub",35.421328,-99.057210,"WGS84",20.1,521.6,0.1,"2015-10-13T13:21Z","OAES.2015.41",,,"drag and flag",160,"N",0,0,,,"NEON.DOC.014045vF","C9GzU2YIgNp6Vw0n+VOm12lcWzn+J9JF",
"0be8d727-ab60-41b1-9915-e184a96048fd","OAES_003.tickPlot.tck","D11","OAES","OAES_003","distributed","grasslandHerbaceous",35.412134,-99.068027,"WGS84",20.2,512.2,0.2,"2015-10-13T14:40Z","OAES.2015.41",,,"drag and flag",160,"N",0,0,,,"NEON.DOC.014045vF","nLY7eam4tn5KvmhUGKXYjL1ERBP4294P","1 m diversion (cacti)"
"5caa8c0f-d37d-4af2-99b0-6dda7738a27f","OAES_021.tickPlot.tck","D11","OAES","OAES_021","distributed","shrubScrub",35.413211,-99.074301,"WGS84",20.1,501.7,0.1,"2015-10-13T15:32Z","OAES.2015.41",,,"drag and flag",100,"N",0,0,,,"NEON.DOC.014045vF","C9GzU2YIgNp6Vw0n+VOm12lcWzn+J9JF","sumac and tree line too thick to drag, W side not dragged"
"5057f09f-ec62-4a16-ba25-9d5107d7f096","OAES_004.tickPlot.tck","D11","OAES","OAES_004","distributed","grasslandHerbaceous",35.411159,-99.084234,"WGS84",20.1,507.6,0.1,"2015-10-13T16:11Z","OAES.2015.41",,,"drag",160,"N",0,0,,,"NEON.DOC.014045vF","nLY7eam4tn5KvmhUGKXYjL1ERBP4294P",
"6b5ebe8f-43b7-45e0-a18a-9a14297da01f","OAES_005.tickPlot.tck","D11","OAES","OAES_005","distributed","grasslandHerbaceous",35.402926,-99.080346,"WGS84",20.1,509.4,0.1,"2015-10-13T16:48Z","OAES.2015.41",,,"drag",160,"N",0,0,,,"NEON.DOC.014045vF","C9GzU2YIgNp6Vw0n+VOm12lcWzn+J9JF",
