uid,namedLocation,domainID,siteID,plotID,plotType,nlcdClass,decimalLatitude,decimalLongitude,geodeticDatum,coordinateUncertainty,elevation,elevationUncertainty,collectDate,eventID,sampleID,sampleCode,samplingMethod,totalSampledArea,targetTaxaPresent,adultCount,nymphCount,larvaCount,sampleCondition,samplingProtocolVersion,measuredBy,remarks
"8a8dc305-85c9-455a-a999-6dd91a196a75","KONZ_001.tickPlot.tck","D06","KONZ","KONZ_001","distributed","grasslandHerbaceous",39.074114,-96.557107,"WGS84",20.0,423.7,0.0,"2016-05-05T13:44Z","KONZ.2016.18","KONZ_001.20160505",,"drag",160,"Y",0,1,0,"No known compromise","NEON.DOC.014045vG","fGNQi10tuSaT85ySoLLlkEg4DsEqwVGv","Plot burned on 20160504"
"22396768-b447-46ff-9635-20400701ad00","KONZ_007.tickPlot.tck","D06","KONZ","KONZ_007","distributed","grasslandHerbaceous",39.087937,-96.545919,"WGS84",20.1,434.0,0.1,"2016-05-05T14:31Z","KONZ.2016.18",,,"drag",160,"N",0,0,0,"No known compromise","NEON.DOC.014045vG","fGNQi10tuSaT85ySoLLlkEg4DsEqwVGv",
"fbce95ef-4018-4536-b655-ec2717c77f94","KONZ_004.tickPlot.tck","D06","KONZ","KONZ_004","distributed","grasslandHerbaceous",39.109647,-96.551370,"WGS84",20.0,371.9,0.0,"2016-05-05T15:38Z","KONZ.2016.18",,,"drag",160,"N",0,0,0,"No known compromise","NEON.DOC.014045vG","fGNQi10tuSaT85ySoLLlkEg4DsEqwVGv",
"52c4a066-d6db-4b2f-90e6-499da5ae03a8","KONZ_002.tickPlot.tck","D06","KONZ","KONZ_002","distributed","grasslandHerbaceous",39.118977,-96.547146,"WGS84",20.0,394.4,0.0,"2016-05-05T16:58Z","KONZ.2016.18","KONZ_002.20160505",,"drag and flag",160,"Y",0,1,0,"No known compromise","NEON.DOC.014045vG","SeHm/p1kDF60ZkXptf42Fn89RZuG4Wcj",
"252fd179-ceb8-4bad-a1a2-136898e16438","KONZ_025.tickPlot.tck","D06","KONZ","KONZ_025","distributed","deciduousForest",39.103714,-96.597832,"WGS84",20.1,337.3,0.1,"2016-05-05T18:16Z","KONZ.2016.18","KONZ_025.20160505",,"drag",160,"Y",3,21,0,"No known compromise","NEON.DOC.014045vG","SeHm/p1kDF60ZkXptf42Fn89RZuG4Wcj",
"64b63b93-585a-4582-bf6a-0bc0fedb88c6","KONZ_009.tickPlot.tck","D06","KONZ","KONZ_009","distributed","grasslandHerbaceous",39.107902,-96.584438,"WGS84",20.1,391.9,0.1,"2016-05-05T19:22Z","KONZ.2016.18","KONZ_009.20160505",,"drag",160,"Y",0,6,0,"No known compromise","NEON.DOC.014045vG","SeHm/p1kDF60ZkXptf42Fn89RZuG4Wcj",
"afc8f13c-f777-497d-9a37-ac8bb2129e43","KONZ_001.tickPlot.tck","D06","KONZ","KONZ_001","distributed","grasslandHerbaceous",39.074114,-96.557107,"WGS84",20.0,423.7,0.0,"2016-05-26T12:34Z","KONZ.2016.21","KONZ_001.20160526",,"drag",160,"Y",0,2,0,"No known compromise","NEON.DOC.014045vG","5c4b6Epnn3o5NtvCKrksAcB1XzQbM/5p",
"ef855c8b-3fc4-4032-9864-049db9ff7b5e","KONZ_007.tickPlot.tck","D06","KONZ","KONZ_007","distributed","grasslandHerbaceous",39.087937,-96.545919,"WGS84",20.1,434.0,0.1,"2016-05-26T14:10Z","KONZ.2016.21","KONZ_007.20160526",,"drag and flag",160,"Y",1,0,0,"No known compromise","NEON.DOC.014045vG","fGNQi10tuSaT85ySoLLlkEg4DsEqwVGv",
"67a54594-7276-42fd-9814-32bb15711525","KONZ_004.tickPlot.tck","D06","KONZ","KONZ_004","distributed","grasslandHerbaceous",39.109647,-96.551370,"WGS84",20.0,371.9,0.0,"2016-05-26T15:41Z","KONZ.2016.21",,,"drag",140,"N",0,0,0,"No known compromise","NEON.DOC.014045vG","5c4b6Epnn3o5NtvCKrksAcB1XzQbM/5p","Flags along transect missing"
"1622eb97-2e21-495d-a2df-964304cef77f","KONZ_002.tickPlot.tck","D06","KONZ","KONZ_002","distributed","grasslandHerbaceous",39.118977,-96.547146,"WGS84",20.0,394.4,0.0,"2016-05-26T17:08Z","KONZ.2016.21","KONZ_002.20160526",,"drag and flag",160,"Y",1,2,0,"No known compromise","NEON.DOC.014045vG","fGNQi10tuSaT85ySoLLlkEg4DsEqwVGv",
"6ee2d5a2-1159-4667-b928-e0990418c212","KONZ_009.tickPlot.tck","D06","KONZ","KONZ_009","distributed","grasslandHerbaceous",39.107902,-96.584438,"WGS84",20.1,391.9,0.1,"2016-05-26T18:36Z","KONZ.2016.21",,,"drag",160,"N",0,0,0,"No known compromise","NEON.DOC.014045vG","5c4b6Epnn3o5NtvCKrksAcB1XzQbM/5p",
"051de33b-3828-4f54-983a-29c083770caa","KONZ_025.tickPlot.tck","D06","KONZ","KONZ_025","distributed","deciduousForest",39.103714,-96.597832,"WGS84",20.1,337.3,0.1,"2016-05-26T19:20Z","KONZ.2016.21","KONZ_025.20160526",,"drag",160,"Y",3,31,0,"No known compromise","NEON.DOC.014045vG","5c4b6Epnn3o5NtvCKrksAcB1XzQbM/5p",
