uid,namedLocation,plotID,collectDate,identifiedDate,sampleID,subsampleID,scientificName,acceptedTaxonID,taxonRank,family,subfamily,tribe,subtribe,genus,subgenus,specificEpithet,infraspecificEpithet,identificationQualifier,identificationReferences,identificationProtocolVersion,scientificNameAuthorship,sexOrAge,individualCount,sampleCondition,archiveMedium,archiveFacilityID,deprecatedVialID,identifiedBy,laboratoryName,remarks
"8e8ea81f-e45a-43a6-8d8a-15c1358fe6d0","KONZ_001.tickPlot.tck","KONZ_001","2016-05-05T13:44Z","2017-06-27T16:00Z","KONZ_001.20160505","KONZ_001.20160505.AMBAME.N","Amblyomma americanum","AMBAME","species","Ixodidae",,,,"Amblyomma",,"americanum",,,"Cooley, R. A. and G. M. Kohls. 1944. The genus Amblyomma (ixodidae) in the United States. The Journal of Parasitology, 30(2):77-111.","GSU_tickIdentification_SOP_2016-11-01.pdf","Linnaeus","Nymph",1,"OK","RNA stabilization buffer","USNMENT01358016","KONZ_001.20160505.01.AMBAME.N","Lorenza Beati","Georgia Southern University",
"991b55a9-7328-4f2c-bed5-64fcf3206ffe","KONZ_002.tickPlot.tck","KONZ_002","2016-05-05T16:58Z","2017-06-27T16:00Z","KONZ_002.20160505","KONZ_002.20160505.AMBAME.N","Amblyomma americanum","AMBAME","species","Ixodidae",,,,"Amblyomma",,"americanum",,,"Cooley, R. A. and G. M. Kohls. 1944. The genus Amblyomma (ixodidae) in the United States. The Journal of Parasitology, 30(2):77-111.","GSU_tickIdentification_SOP_2016-11-01.pdf","Linnaeus","Nymph",1,"OK","RNA stabilization buffer","USNMENT01358017","KONZ_002.20160505.01.AMBAME.N","Lorenza Beati","Georgia Southern University",
"8f959f93-c1b3-4850-a3fb-24d13d8570fb","KONZ_025.tickPlot.tck","KONZ_025","2016-05-05T18:16Z","2017-06-27T16:00Z","KONZ_025.20160505","KONZ_025.20160505.AMBAME.F","Amblyomma americanum","AMBAME","species","Ixodidae",,,,"Amblyomma",,"americanum",,,"Cooley, R. A. and G. M. Kohls. 1944. The genus Amblyomma (ixodidae) in the United States. The Journal of Parasitology, 30(2):77-111.","GSU_tickIdentification_SOP_2016-11-01.pdf","Linnaeus","Female",1,"OK","RNA stabilization buffer","USNMENT01358019","KONZ_025.20160505.01.AMBAME.F","Lorenza Beati","Georgia Southern University",
"3397fdd0-2bd8-44d7-9990-5dc686c798d9","KONZ_025.tickPlot.tck","KONZ_025","2016-05-05T18:16Z","2017-06-27T16:00Z","KONZ_025.20160505","KONZ_025.20160505.AMBAME.N","Amblyomma americanum","AMBAME","species","Ixodidae",,,,"Amblyomma",,"americanum",,,"Cooley, R. A. and G. M. Kohls. 1944. The genus Amblyomma (ixodidae) in the United States. The Journal of Parasitology, 30(2):77-111.","GSU_tickIdentification_SOP_2016-11-01.pdf","Linnaeus","Nymph",21,"OK","RNA stabilization buffer","USNMENT01358020","KONZ_025.20160505.01.AMBAME.N","Lorenza Beati","Georgia Southern University",
"b8683cb8-da0c-41a3-aa26-a9a4ec1e91ac","KONZ_025.tickPlot.tck","KONZ_025","2016-05-05T18:16Z","2017-06-27T16:00Z","KONZ_025.20160505","KONZ_025.20160505.AMBAME.M","Amblyomma americanum","AMBAME","species","Ixodidae",,,,"Amblyomma",,"americanum",,,"Cooley, R. A. and G. M. Kohls. 1944. The genus Amblyomma (ixodidae) in the United States. The Journal of Parasitology, 30(2):77-111.","GSU_tickIdentification_SOP_2016-11-01.pdf","Linnaeus","Male",2,"OK","RNA stabilization buffer","USNMENT01358018","KONZ_025.20160505.01.AMBAME.M","Lorenza Beati","Georgia Southern University",
"a6c48d22-c102-4279-91e7-7ec47f3a9507","KONZ_009.tickPlot.tck","KONZ_009","2016-05-05T19:22Z","2017-06-27T16:00Z","KONZ_009.20160505","KONZ_009.20160505.AMBAME.N","Amblyomma americanum","AMBAME","species","Ixodidae",,,,"Amblyomma",,"americanum",,,"Cooley, R. A. and G. M. Kohls. 1944. The genus Amblyomma (ixodidae) in the United States. The Journal of Parasitology, 30(2):77-111.","GSU_tickIdentification_SOP_2016-11-01.pdf","Linnaeus","Nymph",7,"OK","RNA stabilization buffer","USNMENT01358021","KONZ_009.20160505.01.AMBAME.N","Lorenza Beati","Georgia Southern University",
"dcc4314d-0a1a-4961-897a-149e5acbf243","KONZ_001.tickPlot.tck","KONZ_001","2016-05-26T12:34Z","2017-06-27T16:00Z","KONZ_001.20160526","KONZ_001.20160526.AMBAME.N","Amblyomma americanum","AMBAME","species","Ixodidae",,,,"Amblyomma",,"americanum",,,"Cooley, R. A. and G. M. Kohls. 1944. The genus Amblyomma (ixodidae) in the United States. The Journal of Parasitology, 30(2):77-111.","GSU_tickIdentification_SOP_2016-11-01.pdf","Linnaeus","Nymph",2,"OK","RNA stabilization buffer","USNMENT00984932","KONZ_001.20160526.01.AMBAME.N","Lorenza Beati","Georgia Southern University",
"2168dbe1-e076-4758-8e89-22789b1fe350","KONZ_007.tickPlot.tck","KONZ_007","2016-05-26T14:10Z","2017-06-27T16:00Z","KONZ_007.20160526","KONZ_007.20160526.AMBMAC.M","Amblyomma maculatum","AMBMAC","species","Ixodidae",,,,"Amblyomma",,"maculatum",,,"Cooley, R. A. and G. M. Kohls. 1944. The genus Amblyomma (ixodidae) in the United States. The Journal of Parasitology, 30(2):77-111.","GSU_tickIdentification_SOP_2016-11-01.pdf","Koch","Male",1,"OK","RNA stabilization buffer","USNMENT00984935","KONZ_007.20160526.01.AMB.MAC.M","Lorenza Beati","Georgia Southern University",
"1e1def1c-caba-4ee0-86ad-fde5eb26eea0","KONZ_002.tickPlot.tck","KONZ_002","2016-05-26T17:08Z","2017-06-27T16:00Z","KONZ_002.20160526","KONZ_002.20160526.AMBAME.M","Amblyomma americanum","AMBAME","species","Ixodidae",,,,"Amblyomma",,"americanum",,,"Cooley, R. A. and G. M. Kohls. 1944. The genus Amblyomma (ixodidae) in the United States. The Journal of Parasitology, 30(2):77-111.","GSU_tickIdentification_SOP_2016-11-01.pdf","Linnaeus","Male",1,"OK","RNA stabilization buffer","USNMENT00984934","KONZ_002.20160526.01.AMBAME.M","Lorenza Beati","Georgia Southern University",
"f6571add-a028-4298-b797-860bbe606b6c","KONZ_002.tickPlot.tck","KONZ_002","2016-05-26T17:08Z","2017-06-27T16:00Z","KONZ_002.20160526","KONZ_002.20160526.AMBAME.N","Amblyomma americanum","AMBAME","species","Ixodidae",,,,"Amblyomma",,"americanum",,,"Cooley, R. A. and G. M. Kohls. 1944. The genus Amblyomma (ixodidae) in the United States. The Journal of Parasitology, 30(2):77-111.","GSU_tickIdentification_SOP_2016-11-01.pdf","Linnaeus","Nymph",2,"OK","RNA stabilization buffer","USNMENT00984933","KONZ_002.20160526.01.AMBAME.N","Lorenza Beati","Georgia Southern University",
"4cf76461-9335-4a19-a61f-485b5c95ab36","KONZ_025.tickPlot.tck","KONZ_025","2016-05-26T19:20Z","2017-06-27T16:00Z","KONZ_025.20160526","KONZ_025.20160526.AMBAME.F","Amblyomma americanum","AMBAME","species","Ixodidae",,,,"Amblyomma",,"americanum",,,"Cooley, R. A. and G. M. Kohls. 1944. The genus Amblyomma (ixodidae) in the United States. The Journal of Parasitology, 30(2):77-111.","GSU_tickIdentification_SOP_2016-11-01.pdf","Linnaeus","Female",1,"OK","RNA stabilization buffer","USNMENT00984938","KONZ_025.20160526.01.AMBAME.F","Lorenza Beati","Georgia Southern University",
"059d2bb9-7d5c-4131-91ff-e9a0c419f151","KONZ_025.tickPlot.tck","KONZ_025","2016-05-26T19:20Z","2017-06-27T16:00Z","KONZ_025.20160526","KONZ_025.20160526.AMBAME.M","Amblyomma americanum","AMBAME","species","Ixodidae",,,,"Amblyomma",,"americanum",,,"Cooley, R. A. and G. M. Kohls. 1944. The genus Amblyomma (ixodidae) in the United States. The Journal of Parasitology, 30(2):77-111.","GSU_tickIdentification_SOP_2016-11-01.pdf","Linnaeus","Male",2,"OK","RNA stabilization buffer","USNMENT00984937","KONZ_025.20160526.01.AMBAME.M","Lorenza Beati","Georgia Southern University",
"d2411ff5-461b-4ab3-bef0-a81a88001f19","KONZ_025.tickPlot.tck","KONZ_025","2016-05-26T19:20Z","2017-06-27T16:00Z","KONZ_025.20160526","KONZ_025.20160526.AMBAME.N","Amblyomma americanum","AMBAME","species","Ixodidae",,,,"Amblyomma",,"americanum",,,"Cooley, R. A. and G. M. Kohls. 1944. The genus Amblyomma (ixodidae) in the United States. The Journal of Parasitology, 30(2):77-111.","GSU_tickIdentification_SOP_2016-11-01.pdf","Linnaeus","Nymph",31,"OK","RNA stabilization buffer","USNMENT00984936","KONZ_025.20160526.01.AMBAME.N","Lorenza Beati","Georgia Southern University",
