uid,namedLocation,domainID,siteID,plotID,plotType,nlcdClass,decimalLatitude,decimalLongitude,geodeticDatum,coordinateUncertainty,elevation,elevationUncertainty,collectDate,eventID,sampleID,sampleCode,samplingMethod,totalSampledArea,targetTaxaPresent,adultCount,nymphCount,larvaCount,sampleCondition,samplingProtocolVersion,measuredBy,remarks
"e764c5e1-af46-48de-80ec-0f09f6515eeb","NOGP_002.tickPlot.tck","D09","NOGP","NOGP_002","distributed","grasslandHerbaceous",46.797460,-100.910668,"WGS84",20.1,544.6,0.1,"2016-08-10T06:00Z","NOGP.2016.32",,,"drag",160,"N",0,0,0,"No known compromise","NEON.DOC.014045vG","62fl6f7RhOrHuWsa16zJtHZ8eiAg71yu",
"a25ab827-b8f7-4035-a4e2-7113cc2f0ef6","NOGP_001.tickPlot.tck","D09","NOGP","NOGP_001","distributed","grasslandHerbaceous",46.804811,-100.916048,"WGS84",20.0,530.7,0.0,"2016-08-10T06:49Z","NOGP.2016.32",,,"drag",160,"N",0,0,0,"No known compromise","NEON.DOC.014045vG","62fl6f7RhOrHuWsa16zJtHZ8eiAg71yu",
"c6ba9bd4-ad80-4008-a93c-0ec841144133","NOGP_006.tickPlot.tck","D09","NOGP","NOGP_006","distributed","grasslandHerbaceous",46.768522,-100.918874,"WGS84",20.1,588.6,0.1,"2016-08-10T15:51Z","NOGP.2016.32",,,"drag",160,"N",0,0,0,"No known compromise","NEON.DOC.014045vG","62fl6f7RhOrHuWsa16zJtHZ8eiAg71yu","Could not find SE corner, estimated"
"28b3d1a4-6ec3-450a-9386-6c34660ea86a","NOGP_008.tickPlot.tck","D09","NOGP","NOGP_008","distributed","grasslandHerbaceous",46.783500,-100.905977,"WGS84",20.1,562.0,0.1,"2016-08-10T16:32Z","NOGP.2016.32",,,"drag",160,"N",0,0,0,"No known compromise","NEON.DOC.014045vG","62fl6f7RhOrHuWsa16zJtHZ8eiAg71yu",
"e284cb7d-7451-4b32-aa82-f301faef97c3","NOGP_005.tickPlot.tck","D09","NOGP","NOGP_005","distributed","grasslandHerbaceous",46.787576,-100.916830,"WGS84",20.0,564.6,0.0,"2016-08-10T17:14Z","NOGP.2016.32",,,"drag",160,"N",0,0,0,"No known compromise","NEON.DOC.014045vG","62fl6f7RhOrHuWsa16zJtHZ8eiAg71yu",
"a2af0792-0198-4760-a080-28790f1225db","NOGP_007.tickPlot.tck","D09","NOGP","NOGP_007","distributed","grasslandHerbaceous",46.813251,-100.903783,"WGS84",20.0,527.7,0.0,"2016-08-10T19:40Z","NOGP.2016.32",,,"drag",162,"N",0,0,0,"No known compromise","NEON.DOC.014045vG","62fl6f7RhOrHuWsa16zJtHZ8eiAg71yu",
