uid,namedLocation,domainID,siteID,plotID,plotType,nlcdClass,decimalLatitude,decimalLongitude,geodeticDatum,coordinateUncertainty,elevation,elevationUncertainty,collectDate,eventID,sampleID,sampleCode,samplingMethod,totalSampledArea,targetTaxaPresent,adultCount,nymphCount,larvaCount,sampleCondition,samplingProtocolVersion,measuredBy,remarks
"e5f20a0d-1b43-4d8c-9a83-ade090d8e3d4","SERC_023.tickPlot.tck","D02","SERC","SERC_023","distributed","cultivatedCrops",38.873978,-76.535925,"WGS84",20.1,6.7,0.1,"2016-06-13T15:45Z","SERC.2016.24",,,"drag",160,"N",0,0,0,"No known compromise","NEON.DOC.014045vG","p8WKbOBZs5/CRPjq/1HrITk8Sf0GvCtj",
"f584897f-94c0-43f3-817d-5a6cafc80769","SERC_001.tickPlot.tck","D02","SERC","SERC_001","distributed","deciduousForest",38.868186,-76.535306,"WGS84",20.2,2.1,0.2,"2016-06-13T16:39Z","SERC.2016.24","SERC_001.20160613",,"drag",155,"Y",0,19,0,"No known compromise","NEON.DOC.014045vG","p8WKbOBZs5/CRPjq/1HrITk8Sf0GvCtj","1 nymph dropped that would have made a total of 20"
"3642eb18-db09-490e-b011-7b931161b1e2","SERC_012.tickPlot.tck","D02","SERC","SERC_012","distributed","deciduousForest",38.880010,-76.561648,"WGS84",20.2,20.1,0.2,"2016-06-13T18:25Z","SERC.2016.24","SERC_012.20160613",,"drag",156,"Y",0,11,0,"No known compromise","NEON.DOC.014045vG","p8WKbOBZs5/CRPjq/1HrITk8Sf0GvCtj",
"af2cc4da-5082-4185-a650-b82370d86449","SERC_006.tickPlot.tck","D02","SERC","SERC_006","distributed","deciduousForest",38.880025,-76.548376,"WGS84",20.2,2.6,0.3,"2016-06-13T19:45Z","SERC.2016.24","SERC_006.20160613",,"drag",164,"Y",1,14,0,"No known compromise","NEON.DOC.014045vG","p8WKbOBZs5/CRPjq/1HrITk8Sf0GvCtj",
"2a090bc4-fcb1-4635-9665-415ded06e328","SERC_002.tickPlot.tck","D02","SERC","SERC_002","distributed","deciduousForest",38.896262,-76.558166,"WGS84",20.2,17.0,0.3,"2016-06-14T12:46Z","SERC.2016.24","SERC_002.20160614",,"drag and flag",155,"Y",2,72,0,"No known compromise","NEON.DOC.014045vG","p8WKbOBZs5/CRPjq/1HrITk8Sf0GvCtj","2 nymphs dropped"
"f3265ca5-ae90-4637-811e-48b234cf1fa5","SERC_005.tickPlot.tck","D02","SERC","SERC_005","distributed","deciduousForest",38.894060,-76.546307,"WGS84",20.3,8.5,0.5,"2016-06-14T14:38Z","SERC.2016.24","SERC_005.20160614",,"drag and flag",130,"Y",0,11,0,"No known compromise","NEON.DOC.014045vG","p8WKbOBZs5/CRPjq/1HrITk8Sf0GvCtj",
