uid,namedLocation,plotID,collectDate,identifiedDate,sampleID,subsampleID,scientificName,acceptedTaxonID,taxonRank,family,subfamily,tribe,subtribe,genus,subgenus,specificEpithet,infraspecificEpithet,identificationQualifier,identificationReferences,identificationProtocolVersion,scientificNameAuthorship,sexOrAge,individualCount,sampleCondition,archiveMedium,archiveFacilityID,deprecatedVialID,identifiedBy,laboratoryName,remarks
"58e9b0b5-2e6f-453d-9af6-a4c65f17512d","SERC_001.tickPlot.tck","SERC_001","2016-06-13T16:39Z","2017-05-17T16:00Z","SERC_001.20160613","SERC_001.20160613.IXOSCA.N","Ixodes scapularis","IXOSCA","species","Ixodidae",,,,"Ixodes",,"scapularis",,,"Cooley, R. A. and G. M. Kohls. 1945. The genus Ixodes in North America. National Institute of Health Bulletin, 184.","GSU_tickIdentification_SOP_2016-11-01.pdf","Say","Nymph",9,"OK","RNA stabilization buffer","USNMENT00984170","SERC_001.20160613.1.IXOSCA.N","Lorenza Beati","Georgia Southern University",
"af4fb7dd-f222-4c12-a9d6-856df266efd8","SERC_001.tickPlot.tck","SERC_001","2016-06-13T16:39Z","2017-05-17T16:00Z","SERC_001.20160613","SERC_001.20160613.AMBAME.N","Amblyomma americanum","AMBAME","species","Ixodidae",,,,"Amblyomma",,"americanum",,,"Cooley, R. A. and G. M. Kohls. 1944. The genus Amblyomma (ixodidae) in the United States. The Journal of Parasitology, 30(2):77-111.","GSU_tickIdentification_SOP_2016-11-01.pdf","Linnaeus","Nymph",11,"OK","RNA stabilization buffer","USNMENT00864589","SERC_001.20160613.1.AMBAME.N","Lorenza Beati","Georgia Southern University",
"9ce9e860-6d9a-4015-9438-8c692e689a51","SERC_012.tickPlot.tck","SERC_012","2016-06-13T18:25Z","2017-05-17T16:00Z","SERC_012.20160613","SERC_012.20160613.AMBAME.N","Amblyomma americanum","AMBAME","species","Ixodidae",,,,"Amblyomma",,"americanum",,,"Cooley, R. A. and G. M. Kohls. 1944. The genus Amblyomma (ixodidae) in the United States. The Journal of Parasitology, 30(2):77-111.","GSU_tickIdentification_SOP_2016-11-01.pdf","Linnaeus","Nymph",3,"OK","RNA stabilization buffer","USNMENT00864596","SERC_012.20160613.1.AMBAME.N","Lorenza Beati","Georgia Southern University",
"0c03f228-dced-427d-b149-a1e45192587a","SERC_012.tickPlot.tck","SERC_012","2016-06-13T18:25Z","2017-05-17T16:00Z","SERC_012.20160613","SERC_012.20160613.IXOSCA.N","Ixodes scapularis","IXOSCA","species","Ixodidae",,,,"Ixodes",,"scapularis",,,"Cooley, R. A. and G. M. Kohls. 1945. The genus Ixodes in North America. National Institute of Health Bulletin, 184.","GSU_tickIdentification_SOP_2016-11-01.pdf","Say","Nymph",7,"OK","RNA stabilization buffer","USNMENT00984165","SERC_012.20160613.1.IXOSCA.N","Lorenza Beati","Georgia Southern University",
"4245af14-9c6d-4086-9313-f7f5d0203225","SERC_006.tickPlot.tck","SERC_006","2016-06-13T19:45Z","2017-05-17T16:00Z","SERC_006.20160613","SERC_006.20160613.AMBAME.F","Amblyomma americanum","AMBAME","species","Ixodidae",,,,"Amblyomma",,"americanum",,,"Cooley, R. A. and G. M. Kohls. 1944. The genus Amblyomma (ixodidae) in the United States. The Journal of Parasitology, 30(2):77-111.","GSU_tickIdentification_SOP_2016-11-01.pdf","Linnaeus","Female",1,"OK","RNA stabilization buffer","USNMENT00984164","SERC_006.20160613.1.AMBAME.F","Lorenza Beati","Georgia Southern University",
"b29a8388-8cbb-4736-9e0a-5ae5dcd62622","SERC_006.tickPlot.tck","SERC_006","2016-06-13T19:45Z","2017-05-17T16:00Z","SERC_006.20160613","SERC_006.20160613.AMBAME.N","Amblyomma americanum","AMBAME","species","Ixodidae",,,,"Amblyomma",,"americanum",,,"Cooley, R. A. and G. M. Kohls. 1944. The genus Amblyomma (ixodidae) in the United States. The Journal of Parasitology, 30(2):77-111.","GSU_tickIdentification_SOP_2016-11-01.pdf","Linnaeus","Nymph",3,"OK","RNA stabilization buffer","USNMENT00864591","SERC_006.20160613.1.AMBAME.N","Lorenza Beati","Georgia Southern University",
"bf43815f-8611-4987-a0dd-bc0db682bac0","SERC_006.tickPlot.tck","SERC_006","2016-06-13T19:45Z","2017-05-17T16:00Z","SERC_006.20160613","SERC_006.20160613.IXOSCA.N","Ixodes scapularis","IXOSCA","species","Ixodidae",,,,"Ixodes",,"scapularis",,,"Cooley, R. A. and G. M. Kohls. 1945. The genus Ixodes in North America. National Institute of Health Bulletin, 184.","GSU_tickIdentification_SOP_2016-11-01.pdf","Say","Nymph",10,"OK","RNA stabilization buffer","USNMENT00984163","SERC_006.20160613.1.IXOSCA.N","Lorenza Beati","Georgia Southern University",
"29bd8a9d-7abe-4155-83d9-08af5e648d70","SERC_002.tickPlot.tck","SERC_002","2016-06-14T12:46Z","2017-05-17T16:00Z","SERC_002.20160614","SERC_002.20160614.AMBAME.M","Amblyomma americanum","AMBAME","species","Ixodidae",,,,"Amblyomma",,"americanum",,,"Cooley, R. A. and G. M. Kohls. 1944. The genus Amblyomma (ixodidae) in the United States. The Journal of Parasitology, 30(2):77-111.","GSU_tickIdentification_SOP_2016-11-01.pdf","Linnaeus","Male",1,"OK","RNA stabilization buffer","USNMENT00984167","SERC_002.20160614.1.AMBAME.M","Lorenza Beati","Georgia Southern University",
"74d7f77c-e407-47ca-9367-dc7c24812e62","SERC_002.tickPlot.tck","SERC_002","2016-06-14T12:46Z","2017-04-04T16:00Z","SERC_002.20160614","SERC_002.20160614.AMBAME.F","Amblyomma americanum","AMBAME","species","Ixodidae",,,,"Amblyomma",,"americanum",,,"Cooley, R. A. and G. M. Kohls. 1944. The genus Amblyomma (ixodidae) in the United States. The Journal of Parasitology, 30(2):77-111.","GSU_tickIdentification_SOP_2016-11-01.pdf","Linnaeus","Female",1,"OK","RNA stabilization buffer","USNMENT00984169","SERC_002.20160614.2.AMBAME.F","Guy Hobbs","Georgia Southern University",
"804cb7a9-a20e-4d19-ae0c-7696556c874b","SERC_005.tickPlot.tck","SERC_005","2016-06-14T14:38Z","2017-05-19T16:00Z","SERC_005.20160614","SERC_005.20160614.IXOSCA.N","Ixodes scapularis","IXOSCA","species","Ixodidae",,,,"Ixodes",,"scapularis",,,"Cooley, R. A. and G. M. Kohls. 1945. The genus Ixodes in North America. National Institute of Health Bulletin, 184.","GSU_tickIdentification_SOP_2016-11-01.pdf","Say","Nymph",9,"OK","RNA stabilization buffer","USNMENT00984171","SERC_005.20160614.1.IXOSCA.N","Lorenza Beati","Georgia Southern University",
"b41ca97f-b16f-46ab-9c43-6e163606394d","SERC_005.tickPlot.tck","SERC_005","2016-06-14T14:38Z","2017-05-19T16:00Z","SERC_005.20160614","SERC_005.20160614.AMBAME.N","Amblyomma americanum","AMBAME","species","Ixodidae",,,,"Amblyomma",,"americanum",,,"Cooley, R. A. and G. M. Kohls. 1944. The genus Amblyomma (ixodidae) in the United States. The Journal of Parasitology, 30(2):77-111.","GSU_tickIdentification_SOP_2016-11-01.pdf","Linnaeus","Nymph",2,"OK","RNA stabilization buffer","USNMENT00864660","SERC_005.20160614.1.AMBAME.N","Lorenza Beati","Georgia Southern University",
