uid,namedLocation,domainID,siteID,plotID,plotType,nlcdClass,decimalLatitude,decimalLongitude,geodeticDatum,coordinateUncertainty,elevation,elevationUncertainty,collectDate,eventID,sampleID,sampleCode,samplingMethod,totalSampledArea,targetTaxaPresent,adultCount,nymphCount,larvaCount,sampleCondition,samplingProtocolVersion,measuredBy,remarks
"84b28e74-8fbf-4647-8253-a809bf9e6fa3","HARV_022.tickPlot.tck","D01","HARV","HARV_022","distributed","evergreenForest",42.435462,-72.199291,"WGS84",20.3,186.3,0.3,"2014-08-04T13:32Z","HARV.2014.31","HARV_022.20140804",,"drag and flag",160,"Y",0,5,0,"No known compromise","NEON.DOC.014045vD","hj7Xm3r1ztpJ3/urJLAfrQ==",
"90fb7f4c-4d1b-4d01-ad6c-fab4c22d5dbc","HARV_026.tickPlot.tck","D01","HARV","HARV_026","distributed","evergreenForest",42.412068,-72.246529,"WGS84",20.2,185.7,0.3,"2014-08-04T14:49Z","HARV.2014.31","HARV_026.20140804",,"drag and flag",160,"Y",0,1,0,"No known compromise","NEON.DOC.014045vD","hj7Xm3r1ztpJ3/urJLAfrQ==",
"bcde663e-533d-41e5-9635-ac5a379ef712","HARV_006.tickPlot.tck","D01","HARV","HARV_006","distributed","deciduousForest",42.401938,-72.252716,"WGS84",20.2,190.4,0.3,"2014-08-04T15:31Z","HARV.2014.31",,,"drag and flag",162,"N",0,0,0,,"NEON.DOC.014045vD","hj7Xm3r1ztpJ3/urJLAfrQ==","QC: no error EM"
"b7e9966a-fa05-4d85-8658-e811a0c6a414","HARV_001.tickPlot.tck","D01","HARV","HARV_001","distributed","deciduousForest",42.424227,-72.260097,"WGS84",20.2,201.1,0.3,"2014-08-04T16:37Z","HARV.2014.31","HARV_001.20140804",,"drag and flag",160,"Y",0,2,0,"No known compromise","NEON.DOC.014045vD","hj7Xm3r1ztpJ3/urJLAfrQ==",
"8dddb59f-8d5b-46e7-a0ef-ee3e97dc8c04","HARV_020.tickPlot.tck","D01","HARV","HARV_020","distributed","woodyWetlands",42.438157,-72.228923,"WGS84",20.2,228.3,0.3,"2014-08-04T18:13Z","HARV.2014.31","HARV_020.20140804",,"drag and flag",160,"Y",0,1,0,"No known compromise","NEON.DOC.014045vD","hj7Xm3r1ztpJ3/urJLAfrQ==","QC: no error EM"
"9c5eeb70-3d78-4cbe-b341-031cf624c44f","HARV_004.tickPlot.tck","D01","HARV","HARV_004","distributed","mixedForest",42.426878,-72.227943,"WGS84",20.3,185.9,0.3,"2014-08-04T19:09Z","HARV.2014.31","HARV_004.20140804",,"drag and flag",162,"Y",0,2,0,"No known compromise","NEON.DOC.014045vD","hj7Xm3r1ztpJ3/urJLAfrQ==","QC: no error EM"
"61ed00c2-0c99-48bb-b70a-9fc2780420af","HARV_006.tickPlot.tck","D01","HARV","HARV_006","distributed","deciduousForest",42.401938,-72.252716,"WGS84",20.2,190.4,0.3,"2014-08-25T14:00Z","HARV.2014.34","HARV_006.20140825",,"drag and flag",160,"Y",0,1,0,"No known compromise","NEON.DOC.014045vD","/3bcEKq5VKxtZhnURtKeew==","QC: No error EME"
"614930c1-a826-4a6c-a127-df4f786c73e1","HARV_026.tickPlot.tck","D01","HARV","HARV_026","distributed","evergreenForest",42.412068,-72.246529,"WGS84",20.2,185.7,0.3,"2014-08-25T14:55Z","HARV.2014.34","HARV_026.20140825",,"drag and flag",165,"Y",0,1,2,"No known compromise","NEON.DOC.014045vD","5njDI51jv+VDHrY+nvUpKw==",
"fb2410c2-956d-4741-95c6-cd24f8811489","HARV_001.tickPlot.tck","D01","HARV","HARV_001","distributed","deciduousForest",42.424227,-72.260097,"WGS84",20.2,201.1,0.3,"2014-08-25T16:53Z","HARV.2014.34",,,"drag and flag",160,"N",0,0,0,,"NEON.DOC.014045vD","/3bcEKq5VKxtZhnURtKeew==",
"f380c7ee-04c5-47fe-9719-560a518f4436","HARV_022.tickPlot.tck","D01","HARV","HARV_022","distributed","evergreenForest",42.435462,-72.199291,"WGS84",20.3,186.3,0.3,"2014-08-26T13:20Z","HARV.2014.34","HARV_022.20140826",,"drag",165,"Y",0,6,0,"No known compromise","NEON.DOC.014045vD","5njDI51jv+VDHrY+nvUpKw==",
"7402dcdc-231e-47e4-9e9f-77a879e756d4","HARV_004.tickPlot.tck","D01","HARV","HARV_004","distributed","mixedForest",42.426878,-72.227943,"WGS84",20.3,185.9,0.3,"2014-08-26T14:33Z","HARV.2014.34","HARV_004.20140826",,"drag and flag",160,"Y",0,2,0,"No known compromise","NEON.DOC.014045vD","ugEd8ikOwpl+mQMB7FjZiw==",
"31d58d15-24e7-428a-961b-194dfa196eac","HARV_020.tickPlot.tck","D01","HARV","HARV_020","distributed","woodyWetlands",42.438157,-72.228923,"WGS84",20.2,228.3,0.3,"2014-08-26T15:30Z","HARV.2014.34","HARV_020.20140826",,"drag and flag",173,"Y",0,4,4,"No known compromise","NEON.DOC.014045vD","5njDI51jv+VDHrY+nvUpKw==","QC: No error EME"
