uid,namedLocation,plotID,collectDate,identifiedDate,sampleID,subsampleID,scientificName,acceptedTaxonID,taxonRank,family,subfamily,tribe,subtribe,genus,subgenus,specificEpithet,infraspecificEpithet,identificationQualifier,identificationReferences,identificationProtocolVersion,scientificNameAuthorship,sexOrAge,individualCount,sampleCondition,archiveMedium,archiveFacilityID,deprecatedVialID,identifiedBy,laboratoryName,remarks
"2006c509-f6f6-41be-8767-5b3fd0f351b0","HARV_022.tickPlot.tck","HARV_022","2014-08-04T13:32Z","2015-09-26T16:00Z","HARV_022.20140804","HARV_022.20140804.IXOSCA.N","Ixodes scapularis","IXOSCA","species","Ixodidae",,,,"Ixodes",,"scapularis",,,"Keirans, J. E., and C. M. Clifford. 1978. The genus Ixodes in the United States: a scanning electron microscope study and key to the adults. Journal of Medical Entomology, 15(Supplement 2):1-38.","GSU_tickIdentification_SOP_2016-11-01.pdf","Say","Nymph",5,"OK","90% ethanol","125432",,"P.Panhorst/L. Beati","Georgia Southern University",
"a4e0b14d-8c23-47de-8324-bd0e03603cae","HARV_026.tickPlot.tck","HARV_026","2014-08-04T14:49Z","2015-09-27T16:00Z","HARV_026.20140804","HARV_026.20140804.IXOSCA.N","Ixodes scapularis","IXOSCA","species","Ixodidae",,,,"Ixodes",,"scapularis",,,"Keirans, J. E., and C. M. Clifford. 1978. The genus Ixodes in the United States: a scanning electron microscope study and key to the adults. Journal of Medical Entomology, 15(Supplement 2):1-38.","GSU_tickIdentification_SOP_2016-11-01.pdf","Say","Nymph",1,"OK","90% ethanol","125444",,"M. Bishof/L. Beati","Georgia Southern University",
"e1ac9c12-4679-41c0-8a8b-df4352155c26","HARV_001.tickPlot.tck","HARV_001","2014-08-04T16:37Z","2015-09-22T16:00Z","HARV_001.20140804","HARV_001.20140804.IXOSCA.N","Ixodes scapularis","IXOSCA","species","Ixodidae",,,,"Ixodes",,"scapularis",,,"Keirans, J. E., and C. M. Clifford. 1978. The genus Ixodes in the United States: a scanning electron microscope study and key to the adults. Journal of Medical Entomology, 15(Supplement 2):1-38.","GSU_tickIdentification_SOP_2016-11-01.pdf","Say","Nymph",2,"OK","90% ethanol","125396",,"P.Panhorst/L. Beati","Georgia Southern University",
"0ae59950-06b9-4146-83e2-de2fd69dcf5c","HARV_020.tickPlot.tck","HARV_020","2014-08-04T18:13Z","2015-09-26T16:00Z","HARV_020.20140804","HARV_020.20140804.IXOSCA.N","Ixodes scapularis","IXOSCA","species","Ixodidae",,,,"Ixodes",,"scapularis",,,"Keirans, J. E., and C. M. Clifford. 1978. The genus Ixodes in the United States: a scanning electron microscope study and key to the adults. Journal of Medical Entomology, 15(Supplement 2):1-38.","GSU_tickIdentification_SOP_2016-11-01.pdf","Say","Nymph",1,"OK","90% ethanol","125422",,"P.Panhorst/L. Beati","Georgia Southern University",
"518e6963-405e-42e4-8aa6-9f678106cdac","HARV_004.tickPlot.tck","HARV_004","2014-08-04T19:09Z","2015-09-22T16:00Z","HARV_004.20140804","HARV_004.20140804.IXOSCA.N","Ixodes scapularis","IXOSCA","species","Ixodidae",,,,"Ixodes",,"scapularis",,,"Keirans, J. E., and C. M. Clifford. 1978. The genus Ixodes in the United States: a scanning electron microscope study and key to the adults. Journal of Medical Entomology, 15(Supplement 2):1-38.","GSU_tickIdentification_SOP_2016-11-01.pdf","Say","Nymph",2,"OK","90% ethanol","125402",,"P.Panhorst/L. Beati","Georgia Southern University",
"92b86221-1584-4be9-a47d-a09bf4ef708c","HARV_006.tickPlot.tck","HARV_006","2014-08-25T14:00Z","2015-09-18T16:00Z","HARV_006.20140825","HARV_006.20140825.IXOSCA.N","Ixodes scapularis","IXOSCA","species","Ixodidae",,,,"Ixodes",,"scapularis",,,"Keirans, J. E., and C. M. Clifford. 1978. The genus Ixodes in the United States: a scanning electron microscope study and key to the adults. Journal of Medical Entomology, 15(Supplement 2):1-38.","GSU_tickIdentification_SOP_2016-11-01.pdf","Say","Nymph",1,"OK","90% ethanol","125411",,"P.Panhorst/L. Beati","Georgia Southern University",
"90dd4ee2-a282-4b49-908c-96c314e51fa4","HARV_026.tickPlot.tck","HARV_026","2014-08-25T14:55Z","2015-09-27T16:00Z","HARV_026.20140825","HARV_026.20140825.IXOSCA.L","Ixodes scapularis","IXOSCA","species","Ixodidae",,,,"Ixodes",,"scapularis",,,"Keirans, J. E., and C. M. Clifford. 1978. The genus Ixodes in the United States: a scanning electron microscope study and key to the adults. Journal of Medical Entomology, 15(Supplement 2):1-38.","GSU_tickIdentification_SOP_2016-11-01.pdf","Say","Larva",1,"OK","90% ethanol","125445",,"M. Bishof/L. Beati","Georgia Southern University",
"0eccf11d-95a8-4e73-a4ec-149b4c87778e","HARV_026.tickPlot.tck","HARV_026","2014-08-25T14:55Z","2015-09-27T16:00Z","HARV_026.20140825","HARV_026.20140825.IXOSCA.N","Ixodes scapularis","IXOSCA","species","Ixodidae",,,,"Ixodes",,"scapularis",,,"Keirans, J. E., and C. M. Clifford. 1978. The genus Ixodes in the United States: a scanning electron microscope study and key to the adults. Journal of Medical Entomology, 15(Supplement 2):1-38.","GSU_tickIdentification_SOP_2016-11-01.pdf","Say","Nymph",2,"OK","90% ethanol","125446",,"M. Bishof/L. Beati","Georgia Southern University",
"cbdbd4ed-ca83-4d78-a030-13f60a4905bf","HARV_022.tickPlot.tck","HARV_022","2014-08-26T13:20Z","2015-09-26T16:00Z","HARV_022.20140826","HARV_022.20140826.IXOSCA.N","Ixodes scapularis","IXOSCA","species","Ixodidae",,,,"Ixodes",,"scapularis",,,"Keirans, J. E., and C. M. Clifford. 1978. The genus Ixodes in the United States: a scanning electron microscope study and key to the adults. Journal of Medical Entomology, 15(Supplement 2):1-38.","GSU_tickIdentification_SOP_2016-11-01.pdf","Say","Nymph",6,"OK","90% ethanol","125433",,"P.Panhorst/L. Beati","Georgia Southern University",
"bd72e648-17d0-40e7-b2d2-e070f187179d","HARV_004.tickPlot.tck","HARV_004","2014-08-26T14:33Z","2015-09-18T16:00Z","HARV_004.20140826","HARV_004.20140826.IXOSCA.N","Ixodes scapularis","IXOSCA","species","Ixodidae",,,,"Ixodes",,"scapularis",,,,"GSU_tickIdentification_SOP_2016-11-01.pdf","Say","Nymph",2,"OK","90% ethanol","125403",,"P.Panhorst/L. Beati","Georgia Southern University",
"71f44c69-a53d-4bd8-b59d-c72af5cb4161","HARV_020.tickPlot.tck","HARV_020","2014-08-26T15:30Z","2015-09-26T16:00Z","HARV_020.20140826","HARV_020.20140826.IXOSP.L","Ixodidae sp.","IXOSP","family","Ixodidae",,,,,,"sp.",,,,"GSU_tickIdentification_SOP_2016-11-01.pdf",,"Larva",1,"OK","90% ethanol","125423",,"Lorenza Beati","Georgia Southern University",
"f7535793-354a-4334-9a97-b7e42af151b1","HARV_020.tickPlot.tck","HARV_020","2014-08-26T15:30Z","2015-09-26T16:00Z","HARV_020.20140826","HARV_020.20140826.IXOSCA.N","Ixodes scapularis","IXOSCA","species","Ixodidae",,,,"Ixodes",,"scapularis",,,"Keirans, J. E., and C. M. Clifford. 1978. The genus Ixodes in the United States: a scanning electron microscope study and key to the adults. Journal of Medical Entomology, 15(Supplement 2):1-38.","GSU_tickIdentification_SOP_2016-11-01.pdf","Say","Nymph",4,"OK","90% ethanol","125425",,"P.Panhorst/L. Beati","Georgia Southern University",
