uid,namedLocation,domainID,siteID,plotID,plotType,nlcdClass,decimalLatitude,decimalLongitude,geodeticDatum,coordinateUncertainty,elevation,elevationUncertainty,collectDate,eventID,sampleID,sampleCode,samplingMethod,totalSampledArea,targetTaxaPresent,adultCount,nymphCount,larvaCount,sampleCondition,samplingProtocolVersion,measuredBy,remarks
"de1227f2-10c5-424a-915e-9a7b3716c8d9","WOOD_001.tickPlot.tck","D09","WOOD","WOOD_001","distributed","grasslandHerbaceous",47.127200,-99.256464,"WGS84",20.1,593.8,0.2,"2018-07-12T15:06Z","WOOD.2018.28","WOOD_001.20180712","A00000016649","drag",160,"Y",24,0,0,"No known compromise","NEON.DOC.014045vJ","kgKC0n2jXl+KChnZj+ASFTdtKzbfWjgzPFcDxQqoSz0=",
"f980a789-bf8d-4334-af1f-67312017d7b9","WOOD_007.tickPlot.tck","D09","WOOD","WOOD_007","distributed","grasslandHerbaceous",47.133887,-99.251357,"WGS84",20.4,593.6,0.3,"2018-07-12T15:59Z","WOOD.2018.28","WOOD_007.20180712","A00000016652","drag and flag",160,"Y",4,0,0,"No known compromise","NEON.DOC.014045vJ","n4oaPelR/mmbsiw8RZkCK6Tq1eA1eJSCrLM3aq0KIzk=",
"ffdfae6f-a843-42ef-a9da-1a0b58233ba4","WOOD_006.tickPlot.tck","D09","WOOD","WOOD_006","distributed","grasslandHerbaceous",47.141023,-99.248055,"WGS84",20.1,587.2,0.1,"2018-07-12T16:34Z","WOOD.2018.28","WOOD_006.20180712","A00000016456","drag and flag",160,"Y",3,2,0,"No known compromise","NEON.DOC.014045vJ","kgKC0n2jXl+KChnZj+ASFTdtKzbfWjgzPFcDxQqoSz0=",
"3a92cab7-cc83-4d4d-8f82-5231f5c76e0a","WOOD_002.tickPlot.tck","D09","WOOD","WOOD_002","distributed","grasslandHerbaceous",47.136802,-99.234546,"WGS84",20.1,578.3,0.1,"2018-07-12T17:15Z","WOOD.2018.28",,,"drag",160,"N",0,0,0,"No known compromise","NEON.DOC.014045vJ","n4oaPelR/mmbsiw8RZkCK6Tq1eA1eJSCrLM3aq0KIzk=",
"daec62a7-1780-49d6-8133-6f4c107a1199","WOOD_009.tickPlot.tck","D09","WOOD","WOOD_009","distributed","grasslandHerbaceous",47.144534,-99.231072,"WGS84",20.1,573.5,0.2,"2018-07-12T17:55Z","WOOD.2018.28",,,"drag",160,"N",0,0,0,"No known compromise","NEON.DOC.014045vJ","kgKC0n2jXl+KChnZj+ASFTdtKzbfWjgzPFcDxQqoSz0=",
"fe5da01d-c946-48d5-b5ba-24a79cc7a49d","WOOD_024.tickPlot.tck","D09","WOOD","WOOD_024","distributed","emergentHerbaceousWetlands",47.150784,-99.260836,"WGS84",20.1,586.1,0.2,"2018-07-12T18:42Z","WOOD.2018.28",,,"flag",160,"N",0,0,0,"No known compromise","NEON.DOC.014045vJ","n4oaPelR/mmbsiw8RZkCK6Tq1eA1eJSCrLM3aq0KIzk=",
"0f7e06ec-efda-4998-903b-20d5501133e8","WOOD_024.tickPlot.tck","D09","WOOD","WOOD_024","distributed","emergentHerbaceousWetlands",47.150784,-99.260836,"WGS84",20.1,586.1,0.2,"2018-07-30T14:39Z","WOOD.2018.31",,,"flag",160,"N",0,0,0,"No known compromise","NEON.DOC.014045vJ","zSK20cKpys+7Fz2Bf0o84F0+THuIq6d+5PJc+FcM4i4=",
"7a67ee9a-3656-41e8-8885-6db3420bc088","WOOD_001.tickPlot.tck","D09","WOOD","WOOD_001","distributed","grasslandHerbaceous",47.127200,-99.256464,"WGS84",20.1,593.8,0.2,"2018-07-30T16:14Z","WOOD.2018.31","WOOD_001.20180730","A00000016639","drag",160,"Y",8,0,0,"No known compromise","NEON.DOC.014045vJ","zSK20cKpys+7Fz2Bf0o84F0+THuIq6d+5PJc+FcM4i4=",
"35265014-ad46-4b6a-a34e-8ac9eabd30e8","WOOD_007.tickPlot.tck","D09","WOOD","WOOD_007","distributed","grasslandHerbaceous",47.133887,-99.251357,"WGS84",20.4,593.6,0.3,"2018-07-30T17:08Z","WOOD.2018.31","WOOD_007.20180730","A00000016645","drag",160,"Y",1,0,0,"No known compromise","NEON.DOC.014045vJ","zSK20cKpys+7Fz2Bf0o84F0+THuIq6d+5PJc+FcM4i4=",
"47ac2392-5080-4bc0-87dd-c38a8d5ebd00","WOOD_006.tickPlot.tck","D09","WOOD","WOOD_006","distributed","grasslandHerbaceous",47.141023,-99.248055,"WGS84",20.1,587.2,0.1,"2018-07-30T18:00Z","WOOD.2018.31","WOOD_006.20180730","A00000016643","drag and flag",160,"Y",1,0,0,"No known compromise","NEON.DOC.014045vJ","Z69tjmbbf+Yh2IC/GcCabe9MQTjYeG7xbP79Ui/1J5I=",
"b79f0381-bb95-46c1-88eb-cdf519a0f120","WOOD_002.tickPlot.tck","D09","WOOD","WOOD_002","distributed","grasslandHerbaceous",47.136802,-99.234546,"WGS84",20.1,578.3,0.1,"2018-07-30T18:42Z","WOOD.2018.31",,,"drag",160,"N",0,0,0,,"NEON.DOC.014045vJ","zSK20cKpys+7Fz2Bf0o84F0+THuIq6d+5PJc+FcM4i4=",
"16b90986-16c4-4d9f-b151-8955318e8205","WOOD_009.tickPlot.tck","D09","WOOD","WOOD_009","distributed","grasslandHerbaceous",47.144534,-99.231072,"WGS84",20.1,573.5,0.2,"2018-07-30T19:21Z","WOOD.2018.31",,,"drag",160,"N",0,0,0,,"NEON.DOC.014045vJ","zSK20cKpys+7Fz2Bf0o84F0+THuIq6d+5PJc+FcM4i4=",
