uid,namedLocation,plotID,collectDate,identifiedDate,sampleID,subsampleID,scientificName,acceptedTaxonID,taxonRank,family,subfamily,tribe,subtribe,genus,subgenus,specificEpithet,infraspecificEpithet,identificationQualifier,identificationReferences,identificationProtocolVersion,scientificNameAuthorship,sexOrAge,individualCount,sampleCondition,archiveMedium,archiveFacilityID,deprecatedVialID,identifiedBy,laboratoryName,remarks
"a2ba9109-8029-4aae-9911-064f892c14d1","WOOD_001.tickPlot.tck","WOOD_001","2018-07-12T15:06Z","2018-09-06T16:00Z","WOOD_001.20180712","WOOD_001.20180712.DERVAR.M","Dermacentor variabilis","DERVAR","species","Ixodidae",,,,"Dermacentor",,"variabilis",,,"Yunker, C. E., Keirans, J. E., Clifford, C. M., and E. R. Easton. 1986. Dermacentor ticks (Acari: Ixodoidea: Ixodidae) of the New World: a scanning electron microscope atlas. Proceedings of the Entomological Society of Washington, 88(4):609-627.","GSU_tickIdentification_SOP_2016-11-01.pdf","Say","Male",12,"OK","90% ethanol","USNMENT01482073",,"Lorenza Beati","Georgia Southern University",
"538f8526-6bab-41c8-aad6-0d96ad31abb2","WOOD_001.tickPlot.tck","WOOD_001","2018-07-12T15:06Z","2018-09-06T16:00Z","WOOD_001.20180712","WOOD_001.20180712.DERVAR.F","Dermacentor variabilis","DERVAR","species","Ixodidae",,,,"Dermacentor",,"variabilis",,,"Yunker, C. E., Keirans, J. E., Clifford, C. M., and E. R. Easton. 1986. Dermacentor ticks (Acari: Ixodoidea: Ixodidae) of the New World: a scanning electron microscope atlas. Proceedings of the Entomological Society of Washington, 88(4):609-627.","GSU_tickIdentification_SOP_2016-11-01.pdf","Say","Female",10,"OK","90% ethanol","USNMENT01482065",,"Lorenza Beati","Georgia Southern University",
"87d25d41-d49e-4e11-b125-4b29cbdda8f6","WOOD_007.tickPlot.tck","WOOD_007","2018-07-12T15:59Z","2018-09-06T16:00Z","WOOD_007.20180712","WOOD_007.20180712.DERVAR.F","Dermacentor variabilis","DERVAR","species","Ixodidae",,,,"Dermacentor",,"variabilis",,,"Yunker, C. E., Keirans, J. E., Clifford, C. M., and E. R. Easton. 1986. Dermacentor ticks (Acari: Ixodoidea: Ixodidae) of the New World: a scanning electron microscope atlas. Proceedings of the Entomological Society of Washington, 88(4):609-627.","GSU_tickIdentification_SOP_2016-11-01.pdf","Say","Female",3,"OK","90% ethanol","USNMENT01482120",,"Lorenza Beati","Georgia Southern University",
"ecc5fc71-bdd4-4609-a7ce-506436b81e44","WOOD_007.tickPlot.tck","WOOD_007","2018-07-12T15:59Z","2018-09-06T16:00Z","WOOD_007.20180712","WOOD_007.20180712.DERVAR.M","Dermacentor variabilis","DERVAR","species","Ixodidae",,,,"Dermacentor",,"variabilis",,,"Yunker, C. E., Keirans, J. E., Clifford, C. M., and E. R. Easton. 1986. Dermacentor ticks (Acari: Ixodoidea: Ixodidae) of the New World: a scanning electron microscope atlas. Proceedings of the Entomological Society of Washington, 88(4):609-627.","GSU_tickIdentification_SOP_2016-11-01.pdf","Say","Male",1,"OK","90% ethanol","USNMENT01482125",,"Lorenza Beati","Georgia Southern University",
"8a2cb6d5-486d-4f8f-9f04-e172c74ab0a3","WOOD_006.tickPlot.tck","WOOD_006","2018-07-12T16:34Z","2018-09-06T16:00Z","WOOD_006.20180712","WOOD_006.20180712.DERVAR.F","Dermacentor variabilis","DERVAR","species","Ixodidae",,,,"Dermacentor",,"variabilis",,,"Yunker, C. E., Keirans, J. E., Clifford, C. M., and E. R. Easton. 1986. Dermacentor ticks (Acari: Ixodoidea: Ixodidae) of the New World: a scanning electron microscope atlas. Proceedings of the Entomological Society of Washington, 88(4):609-627.","GSU_tickIdentification_SOP_2016-11-01.pdf","Say","Female",2,"OK","90% ethanol","USNMENT01482138",,"Lorenza Beati","Georgia Southern University",
"e366217c-d647-4733-a1ce-34490b4de554","WOOD_006.tickPlot.tck","WOOD_006","2018-07-12T16:34Z","2018-09-06T16:00Z","WOOD_006.20180712","WOOD_006.20180712.DERVAR.M","Dermacentor variabilis","DERVAR","species","Ixodidae",,,,"Dermacentor",,"variabilis",,,"Yunker, C. E., Keirans, J. E., Clifford, C. M., and E. R. Easton. 1986. Dermacentor ticks (Acari: Ixodoidea: Ixodidae) of the New World: a scanning electron microscope atlas. Proceedings of the Entomological Society of Washington, 88(4):609-627.","GSU_tickIdentification_SOP_2016-11-01.pdf","Say","Male",3,"OK","90% ethanol","USNMENT01482136",,"Lorenza Beati","Georgia Southern University",
"6437dcde-24ba-464a-bdb6-0079976d914a","WOOD_001.tickPlot.tck","WOOD_001","2018-07-30T16:14Z","2018-09-06T16:00Z","WOOD_001.20180730","WOOD_001.20180730.DERVAR.F","Dermacentor variabilis","DERVAR","species","Ixodidae",,,,"Dermacentor",,"variabilis",,,"Yunker, C. E., Keirans, J. E., Clifford, C. M., and E. R. Easton. 1986. Dermacentor ticks (Acari: Ixodoidea: Ixodidae) of the New World: a scanning electron microscope atlas. Proceedings of the Entomological Society of Washington, 88(4):609-627.","GSU_tickIdentification_SOP_2016-11-01.pdf","Say","Female",1,"OK","90% ethanol","USNMENT01482048",,"Lorenza Beati","Georgia Southern University",
"bd802e62-71ac-491c-aefe-8a5d19427deb","WOOD_001.tickPlot.tck","WOOD_001","2018-07-30T16:14Z","2018-09-06T16:00Z","WOOD_001.20180730","WOOD_001.20180730.DERVAR.M","Dermacentor variabilis","DERVAR","species","Ixodidae",,,,"Dermacentor",,"variabilis",,,"Yunker, C. E., Keirans, J. E., Clifford, C. M., and E. R. Easton. 1986. Dermacentor ticks (Acari: Ixodoidea: Ixodidae) of the New World: a scanning electron microscope atlas. Proceedings of the Entomological Society of Washington, 88(4):609-627.","GSU_tickIdentification_SOP_2016-11-01.pdf","Say","Male",7,"OK","90% ethanol","USNMENT01482081",,"Lorenza Beati","Georgia Southern University",
"e5934db4-0d6f-4266-ae99-81a5febe99a7","WOOD_007.tickPlot.tck","WOOD_007","2018-07-30T17:08Z","2018-09-06T16:00Z","WOOD_007.20180730","WOOD_007.20180730.DERVAR.F","Dermacentor variabilis","DERVAR","species","Ixodidae",,,,"Dermacentor",,"variabilis",,,"Yunker, C. E., Keirans, J. E., Clifford, C. M., and E. R. Easton. 1986. Dermacentor ticks (Acari: Ixodoidea: Ixodidae) of the New World: a scanning electron microscope atlas. Proceedings of the Entomological Society of Washington, 88(4):609-627.","GSU_tickIdentification_SOP_2016-11-01.pdf","Say","Female",1,"OK","90% ethanol","USNMENT01482135",,"Lorenza Beati","Georgia Southern University",
"f357be46-d7e5-425d-a8cd-f6790c0b9ec9","WOOD_006.tickPlot.tck","WOOD_006","2018-07-30T18:00Z","2018-09-06T16:00Z","WOOD_006.20180730","WOOD_006.20180730.DERVAR.M","Dermacentor variabilis","DERVAR","species","Ixodidae",,,,"Dermacentor",,"variabilis",,,"Yunker, C. E., Keirans, J. E., Clifford, C. M., and E. R. Easton. 1986. Dermacentor ticks (Acari: Ixodoidea: Ixodidae) of the New World: a scanning electron microscope atlas. Proceedings of the Entomological Society of Washington, 88(4):609-627.","GSU_tickIdentification_SOP_2016-11-01.pdf","Say","Male",1,"OK","90% ethanol","USNMENT01482127",,"Lorenza Beati","Georgia Southern University",
