uid,namedLocation,domainID,siteID,plotID,plotType,nlcdClass,decimalLatitude,decimalLongitude,geodeticDatum,coordinateUncertainty,elevation,elevationUncertainty,collectDate,eventID,sampleID,sampleCode,samplingMethod,totalSampledArea,targetTaxaPresent,adultCount,nymphCount,larvaCount,sampleCondition,samplingProtocolVersion,measuredBy,remarks
"405b9910-e4f0-4716-88ac-ff0279efcb7e","TALL_001.tickPlot.tck","D08","TALL","TALL_001","distributed","deciduousForest",32.976370,-87.432184,"WGS84",20.2,114.6,0.1,"2014-05-27T14:35Z","TALL.2014.21","TALL_001.20140527",,"drag",160,"Y",2,17,0,"No known compromise","NEON.DOC.014045vD","0JtiNFwhnxvQnvzQuG9MqQ==",
"bed7dedc-03dd-4ed7-814e-bb14b6a55ab5","TALL_008.tickPlot.tck","D08","TALL","TALL_008","distributed","deciduousForest",32.922874,-87.434097,"WGS84",20.2,127.5,0.2,"2014-05-27T16:37Z","TALL.2014.21","TALL_008.20140527",,"drag",160,"Y",2,6,0,"No known compromise","NEON.DOC.014045vD","0JtiNFwhnxvQnvzQuG9MqQ==","no transcription errors found"
"09a2a15c-91b1-4e92-8d00-5aaae20f95bb","TALL_002.tickPlot.tck","D08","TALL","TALL_002","distributed","mixedForest",32.920823,-87.428955,"WGS84",20.3,104.0,0.4,"2014-05-27T18:11Z","TALL.2014.21","TALL_002.20140527",,"drag",160,"Y",6,59,0,"No known compromise","NEON.DOC.014045vD","0JtiNFwhnxvQnvzQuG9MqQ==",
"1d732081-8c40-44fd-ba78-db3075bddeed","TALL_006.tickPlot.tck","D08","TALL","TALL_006","distributed","evergreenForest",32.899144,-87.444571,"WGS84",20.3,108.6,0.3,"2014-05-28T13:49Z","TALL.2014.21","TALL_006.20140528",,"drag",160,"Y",0,6,0,"No known compromise","NEON.DOC.014045vD","0JtiNFwhnxvQnvzQuG9MqQ==",
"487050c8-e52d-4a6b-b5ca-6d1b71994908","TALL_003.tickPlot.tck","D08","TALL","TALL_003","distributed","mixedForest",32.894415,-87.416532,"WGS84",20.2,121.9,0.2,"2014-05-28T15:05Z","TALL.2014.21","TALL_003.20140528",,"drag and flag",160,"Y",0,42,0,"No known compromise","NEON.DOC.014045vD","0JtiNFwhnxvQnvzQuG9MqQ==",
