uid,namedLocation,plotID,collectDate,identifiedDate,sampleID,subsampleID,scientificName,acceptedTaxonID,taxonRank,family,subfamily,tribe,subtribe,genus,subgenus,specificEpithet,infraspecificEpithet,identificationQualifier,identificationReferences,identificationProtocolVersion,scientificNameAuthorship,sexOrAge,individualCount,sampleCondition,archiveMedium,archiveFacilityID,deprecatedVialID,identifiedBy,laboratoryName,remarks
"e29ee058-bde8-4a7f-bad2-f0b146e82dff","TALL_001.tickPlot.tck","TALL_001","2014-05-27T14:35Z","2015-02-02T17:00Z","TALL_001.20140527","TALL_001.20140527.AMBAME.M","Amblyomma americanum","AMBAME","species","Ixodidae",,,,"Amblyomma",,"americanum",,,"Cooley, R. A. and G. M. Kohls. 1944. The genus Amblyomma (ixodidae) in the United States. The Journal of Parasitology, 30(2):77-111.","GSU_tickIdentification_SOP_2016-11-01.pdf","Linnaeus","Male",1,"OK","90% ethanol","125246",,"Philip Panhorst","Georgia Southern University",
"445fc884-32b4-44cc-8633-a93af560e6d1","TALL_001.tickPlot.tck","TALL_001","2014-05-27T14:35Z","2015-02-02T17:00Z","TALL_001.20140527","TALL_001.20140527.AMBAME.F","Amblyomma americanum","AMBAME","species","Ixodidae",,,,"Amblyomma",,"americanum",,,"Cooley, R. A. and G. M. Kohls. 1944. The genus Amblyomma (ixodidae) in the United States. The Journal of Parasitology, 30(2):77-111.","GSU_tickIdentification_SOP_2016-11-01.pdf","Linnaeus","Female",1,"OK","90% ethanol","125246",,"Philip Panhorst","Georgia Southern University",
"dbc1710e-0aff-48a0-95fd-a6a438e48849","TALL_001.tickPlot.tck","TALL_001","2014-05-27T14:35Z","2015-02-02T17:00Z","TALL_001.20140527","TALL_001.20140527.AMBAME.N","Amblyomma americanum","AMBAME","species","Ixodidae",,,,"Amblyomma",,"americanum",,,"Cooley, R. A. and G. M. Kohls. 1944. The genus Amblyomma (ixodidae) in the United States. The Journal of Parasitology, 30(2):77-111.","GSU_tickIdentification_SOP_2016-11-01.pdf","Linnaeus","Nymph",17,"OK","90% ethanol","125246",,"Philip Panhorst","Georgia Southern University",
"c8ff146d-d8dd-426b-b699-e3368d65117c","TALL_008.tickPlot.tck","TALL_008","2014-05-27T16:37Z","2015-02-02T17:00Z","TALL_008.20140527","TALL_008.20140527.DERVAR.F","Dermacentor variabilis","DERVAR","species","Ixodidae",,,,"Dermacentor",,"variabilis",,,"Yunker, C. E., Keirans, J. E., Clifford, C. M., and E. R. Easton. 1986. Dermacentor ticks (Acari: Ixodoidea: Ixodidae) of the New World: a scanning electron microscope atlas. Proceedings of the Entomological Society of Washington, 88(4):609-627.","GSU_tickIdentification_SOP_2016-11-01.pdf","Say","Female",1,"OK","90% ethanol","124275",,"Philip Panhorst","Georgia Southern University",
"2408bb24-c639-49a7-9e66-13b243134611","TALL_008.tickPlot.tck","TALL_008","2014-05-27T16:37Z","2015-02-02T17:00Z","TALL_008.20140527","TALL_008.20140527.AMBAME.F","Amblyomma americanum","AMBAME","species","Ixodidae",,,,"Amblyomma",,"americanum",,,"Cooley, R. A. and G. M. Kohls. 1944. The genus Amblyomma (ixodidae) in the United States. The Journal of Parasitology, 30(2):77-111.","GSU_tickIdentification_SOP_2016-11-01.pdf","Linnaeus","Female",1,"OK","90% ethanol","124275",,"Philip Panhorst","Georgia Southern University",
"67530c1c-1fc8-4f29-bf96-e5db3b80522f","TALL_008.tickPlot.tck","TALL_008","2014-05-27T16:37Z","2015-02-02T17:00Z","TALL_008.20140527","TALL_008.20140527.AMBAME.N","Amblyomma americanum","AMBAME","species","Ixodidae",,,,"Amblyomma",,"americanum",,,"Cooley, R. A. and G. M. Kohls. 1944. The genus Amblyomma (ixodidae) in the United States. The Journal of Parasitology, 30(2):77-111.","GSU_tickIdentification_SOP_2016-11-01.pdf","Linnaeus","Nymph",6,"OK","90% ethanol","124275",,"Philip Panhorst","Georgia Southern University",
"0e186c88-7d81-49af-b5ad-9e85f05d8921","TALL_002.tickPlot.tck","TALL_002","2014-05-27T18:11Z","2015-02-05T17:00Z","TALL_002.20140527","TALL_002.20140527.AMBAME.M","Amblyomma americanum","AMBAME","species","Ixodidae",,,,"Amblyomma",,"americanum",,,"Cooley, R. A. and G. M. Kohls. 1944. The genus Amblyomma (ixodidae) in the United States. The Journal of Parasitology, 30(2):77-111.","GSU_tickIdentification_SOP_2016-11-01.pdf","Linnaeus","Male",3,"OK","90% ethanol","125252",,"Philip Panhorst","Georgia Southern University",
"469f1149-94b7-4dfc-bf5a-05971c4ad71f","TALL_002.tickPlot.tck","TALL_002","2014-05-27T18:11Z","2015-02-05T17:00Z","TALL_002.20140527","TALL_002.20140527.AMBAME.F","Amblyomma americanum","AMBAME","species","Ixodidae",,,,"Amblyomma",,"americanum",,,"Cooley, R. A. and G. M. Kohls. 1944. The genus Amblyomma (ixodidae) in the United States. The Journal of Parasitology, 30(2):77-111.","GSU_tickIdentification_SOP_2016-11-01.pdf","Linnaeus","Female",3,"OK","90% ethanol","125252",,"Philip Panhorst","Georgia Southern University",
"297dd908-1e35-4b87-8f25-fed10d15abe5","TALL_002.tickPlot.tck","TALL_002","2014-05-27T18:11Z","2015-02-05T12:00Z","TALL_002.20140527","TALL_002.20140527.AMBAME.N","Amblyomma americanum","AMBAME","species","Ixodidae",,,,"Amblyomma",,"americanum",,,"Cooley, R. A. and G. M. Kohls. 1944. The genus Amblyomma (ixodidae) in the United States. The Journal of Parasitology, 30(2):77-111.","GSU_tickIdentification_SOP_2016-11-01.pdf","Linnaeus","Nymph",59,"OK","95% ethanol","125252",,"Philip Panhorst","Georgia Southern University",
"b5196dec-189d-4d06-85cd-8ed105d6c281","TALL_006.tickPlot.tck","TALL_006","2014-05-28T13:49Z","2015-02-09T17:00Z","TALL_006.20140528","TALL_006.20140528.AMBSPP.N","Amblyomma spp.","AMBSPP","genus","Ixodidae",,,,"Amblyomma",,"spp.",,,"Keirans, J. E., and L. A. Durden. 1998. Illustrated Key to Nymphs of the Tick Genus Amblyomma (Acari: Ixodidae) Found in the United States. Journal of Medical Entomology, 35:489–495.","GSU_tickIdentification_SOP_2016-11-01.pdf",,"Nymph",6,"OK","90% ethanol","125269",,"Lorenza Beati","Georgia Southern University",
"c177e39a-a565-4d63-ad0f-7d8d5a7c10a1","TALL_003.tickPlot.tck","TALL_003","2014-05-28T15:05Z","2015-02-09T17:00Z","TALL_003.20140528","TALL_003.20140528.AMBSPP.N","Amblyomma spp.","AMBSPP","genus","Ixodidae",,,,"Amblyomma",,"spp.",,,"Keirans, J. E., and L. A. Durden. 1998. Illustrated Key to Nymphs of the Tick Genus Amblyomma (Acari: Ixodidae) Found in the United States. Journal of Medical Entomology, 35:489–495.","GSU_tickIdentification_SOP_2016-11-01.pdf",,"Nymph",41,"OK","90% ethanol","125261",,"Lorenza Beati","Georgia Southern University",
