uid,namedLocation,date,domainID,siteID,plotID,plotType,nlcdClass,decimalLatitude,decimalLongitude,geodeticDatum,coordinateUncertainty,easting,northing,utmZone,elevation,elevationUncertainty,eventID,samplingProtocolVersion,treesPresent,treesAbsentList,shrubsPresent,shrubsAbsentList,lianasPresent,lianasAbsentList,nestedSubplotAreaShrubSapling,nestedSubplotAreaLiana,totalSampledAreaTrees,totalSampledAreaShrubSapling,totalSampledAreaLiana,remarks,measuredBy,recordedBy,dataQF
"68664438-d385-4d6e-9708-472191347ce3","SCBI_066.basePlot.vst","2015-09-02","D02","SCBI","SCBI_066","tower","deciduousForest",38.893509,-78.138971,"WGS84",20.2,748134.48,4308850.90,"17N",365.5,0.3,"vst_SCBI_2015","NEON.DOC.000987vD",,,,,,,"25","noneSelected",800,100,800,"Lianas present measure entire subplot","MAihFV9ECLSNBg1HSBddqS0ZUZa4DTjtYmYfVx1TOr0=","vG946HPdyCak4YNcquSpnhDyztG1jnbiCP4A7p87kck=","legacyData"
"bf6e5f6f-2fb3-491a-8e98-684afc51d3f5","SCBI_064.basePlot.vst","2015-09-02","D02","SCBI","SCBI_064","tower","deciduousForest",38.891613,-78.139038,"WGS84",20.2,748135.28,4308640.26,"17N",357.4,0.2,"vst_SCBI_2015","NEON.DOC.000987vD",,,,,,,"25","noneSelected",800,100,800,"Lianas present measure entire subplot","MAihFV9ECLSNBg1HSBddqS0ZUZa4DTjtYmYfVx1TOr0=","vG946HPdyCak4YNcquSpnhDyztG1jnbiCP4A7p87kck=","legacyData"
"c098290f-e056-470b-9d58-a12772c12f0b","SCBI_052.basePlot.vst","2015-09-02","D02","SCBI","SCBI_052","tower","deciduousForest",38.889137,-78.137096,"WGS84",20.1,748312.37,4308370.72,"17N",350.3,0.2,"vst_SCBI_2015","NEON.DOC.000987vD",,,,,,,"25","100",800,100,400,,"otzZ09yzQEzFIIPcpdl9PUakADElVpVu","vG946HPdyCak4YNcquSpnhDyztG1jnbiCP4A7p87kck=","legacyData"
"6ead727b-deed-4b91-a65c-6e946e6e456b","SCBI_054.basePlot.vst","2015-09-03","D02","SCBI","SCBI_054","tower","deciduousForest",38.890803,-78.137674,"WGS84",20.2,748256.42,4308554.07,"17N",369.4,0.4,"vst_SCBI_2015","NEON.DOC.000987vD",,,,,,,"25","100",800,100,400,,"otzZ09yzQEzFIIPcpdl9PUakADElVpVu","vG946HPdyCak4YNcquSpnhDyztG1jnbiCP4A7p87kck=","legacyData"
"fddc1798-3644-4369-8f77-2d1f0976707e","SCBI_049.basePlot.vst","2015-09-25","D02","SCBI","SCBI_049","tower","deciduousForest",38.894615,-78.139640,"WGS84",20.2,748072.60,4308971.84,"17N",365.1,0.2,"vst_SCBI_2015","NEON.DOC.000987vD",,,,,,,"noneSelected","noneSelected",800,800,800,"Entire subplot measured for ShrubSapling; check for liana recruitment","eKRxmJ+OahVw4L1aaFLQ5F4jScv5L+cZfiRMaoN16dA=","HwrR06bjl3TqPXYD/ecX4LA/iftMi41T","legacyData"
"48a69538-d453-4bf8-b158-e1dc38453684","SCBI_046.basePlot.vst","2015-09-25","D02","SCBI","SCBI_046","tower","deciduousForest",38.893831,-78.140758,"WGS84",20.2,747978.35,4308881.78,"17N",354.4,0.3,"vst_SCBI_2015","NEON.DOC.000987vD",,,,,,,"noneSelected","noneSelected",800,800,800,"Lianas present measure entire subplot; entire subplot measured for ShrubSapling","otzZ09yzQEzFIIPcpdl9PUakADElVpVu","HwrR06bjl3TqPXYD/ecX4LA/iftMi41T","legacyData"
"3e63cd39-741b-4386-a977-b210aa263780","SCBI_046.basePlot.vst","2015-09-25","D02","SCBI","SCBI_046","tower","deciduousForest",38.893831,-78.140758,"WGS84",20.2,747978.35,4308881.78,"17N",354.4,0.3,"vst_SCBI_2015","NEON.DOC.000987vD",,,,,,,"noneSelected","noneSelected",800,800,800,"Lianas present measure entire subplot; entire subplot measured for ShrubSapling","eKRxmJ+OahVw4L1aaFLQ5F4jScv5L+cZfiRMaoN16dA=","HwrR06bjl3TqPXYD/ecX4LA/iftMi41T","legacyData"
"e5a2cfa0-b264-44f0-beb9-e15a2bff3d64","SCBI_049.basePlot.vst","2015-09-25","D02","SCBI","SCBI_049","tower","deciduousForest",38.894615,-78.139640,"WGS84",20.2,748072.60,4308971.84,"17N",365.1,0.2,"vst_SCBI_2015","NEON.DOC.000987vD",,,,,,,"noneSelected","noneSelected",800,800,800,"Entire subplot measured for ShrubSapling; check for liana recruitment","otzZ09yzQEzFIIPcpdl9PUakADElVpVu","HwrR06bjl3TqPXYD/ecX4LA/iftMi41T","legacyData"
"f69b2114-09cb-4c42-bcb0-587b5e61ae25","SCBI_063.basePlot.vst","2015-09-29","D02","SCBI","SCBI_063","tower","deciduousForest",38.896180,-78.138517,"WGS84",20.1,748164.56,4309148.61,"17N",358.2,0.2,"vst_SCBI_2015","NEON.DOC.000987vD",,,,,,,"100","noneSelected",800,400,800,"Check for liana recruitment","otzZ09yzQEzFIIPcpdl9PUakADElVpVu","TvKK6huzmJvQSYcm7w44HKEZTya+DeuysFTWAgNPmiU=","legacyData"
