uid,namedLocation,date,domainID,siteID,plotID,plotType,nlcdClass,decimalLatitude,decimalLongitude,geodeticDatum,coordinateUncertainty,easting,northing,utmZone,elevation,elevationUncertainty,eventID,samplingProtocolVersion,treesPresent,treesAbsentList,shrubsPresent,shrubsAbsentList,lianasPresent,lianasAbsentList,nestedSubplotAreaShrubSapling,nestedSubplotAreaLiana,totalSampledAreaTrees,totalSampledAreaShrubSapling,totalSampledAreaLiana,remarks,measuredBy,recordedBy,dataQF
"777a6afe-a376-44ef-9a87-ab415955652a","UKFS_031.basePlot.vst","2016-09-23","D06","UKFS","UKFS_031","tower","deciduousForest",39.036611,-95.192039,"WGS84",20.2,310275.69,4323125.75,"15N",283.3,0.2,"vst_UKFS_2016","NEON.DOC.000987vE","Y",,"Y",,"Y","39","noneSelected","noneSelected",800,800,800,,"iq7r+K7zVrnuv4AA404AgFzhbma7sELOneHM1T36pZk=","g5rJEq0k/0nNX+T4moJmV2YbYul0bP1VmhFSJXZUo2Y=",
"e4106893-b29a-4b0b-b440-ff2e5954ca07","UKFS_047.basePlot.vst","2016-09-26","D06","UKFS","UKFS_047","tower","deciduousForest",39.040155,-95.190753,"WGS84",20.1,310396.48,4323516.41,"15N",316.6,0.2,"vst_UKFS_2016","NEON.DOC.000987vE","Y","presentInAll","Y","presentInAll","N",,"100","noneSelected",800,400,800,,"g5rJEq0k/0nNX+T4moJmV2YbYul0bP1VmhFSJXZUo2Y=","iq7r+K7zVrnuv4AA404AgFzhbma7sELOneHM1T36pZk=",
"803cfddb-7846-4610-bcb0-e1be0a17db77","UKFS_051.basePlot.vst","2016-09-27","D06","UKFS","UKFS_051","tower","evergreenForest",39.043336,-95.193274,"WGS84",20.1,310186.79,4323874.73,"15N",324.4,0.1,"vst_UKFS_2016","NEON.DOC.000987vE","Y","presentInAll","N",,"Y","21","25","noneSelected",800,100,800,,"g5rJEq0k/0nNX+T4moJmV2YbYul0bP1VmhFSJXZUo2Y=","e0g/DT/hi4sj5NO5YzyRB72hjYLFyy85",
"910f5db9-8c3c-4e5b-9ff5-8c1ccd5f9276","UKFS_055.basePlot.vst","2016-09-28","D06","UKFS","UKFS_055","tower","deciduousForest",39.044352,-95.197127,"WGS84",20.1,309856.03,4323995.55,"15N",306.0,0.1,"vst_UKFS_2016","NEON.DOC.000987vE","Y","presentInAll","Y",,"Y","presentInAll","25","noneSelected",800,100,800,,"g5rJEq0k/0nNX+T4moJmV2YbYul0bP1VmhFSJXZUo2Y=","e0g/DT/hi4sj5NO5YzyRB72hjYLFyy85",
"b3ee5bf5-9c61-4e83-ad0d-08d06260e58e","UKFS_060.basePlot.vst","2016-09-28","D06","UKFS","UKFS_060","tower","deciduousForest",39.043014,-95.197093,"WGS84",20.2,309855.38,4323846.97,"15N",300.5,0.2,"vst_UKFS_2016","NEON.DOC.000987vE","Y","presentInAll","Y","presentInAll","Y","presentInAll","100","noneSelected",800,400,800,,"5iWmXCGg+z2BZwm+dzHZsOHJLaNEsURY","p+l0R7+o0BMujrOEuQuJxVYKsiOTKnpJ",
"db4d6bce-2883-4e86-a559-2452c4deb1f3","UKFS_057.basePlot.vst","2016-09-28","D06","UKFS","UKFS_057","tower","mixedForest",39.042534,-95.193596,"WGS84",20.1,310156.77,4323786.39,"15N",321.5,0.1,"vst_UKFS_2016","NEON.DOC.000987vE","Y","presentInAll","N",,"Y","39","25","noneSelected",800,100,800,,"iq7r+K7zVrnuv4AA404AgFzhbma7sELOneHM1T36pZk=","Rrox/5DLJhV/NBTC7vrZFFNsjMpjyJvE",
