uid,namedLocation,plotID,collectDate,identifiedDate,sampleID,subsampleID,scientificName,acceptedTaxonID,taxonRank,family,subfamily,tribe,subtribe,genus,subgenus,specificEpithet,infraspecificEpithet,identificationQualifier,identificationReferences,identificationProtocolVersion,scientificNameAuthorship,sexOrAge,individualCount,sampleCondition,archiveMedium,archiveFacilityID,deprecatedVialID,identifiedBy,laboratoryName,remarks
"09c1edcc-b4d9-4767-a5e2-1bab6660ed44","UKFS_003.tickPlot.tck","UKFS_003","2016-08-04T14:16Z","2017-06-27T16:00Z","UKFS_003.20160804","UKFS_003.20160804.AMBAME.N","Amblyomma americanum","AMBAME","species","Ixodidae",,,,"Amblyomma",,"americanum",,,"Cooley, R. A. and G. M. Kohls. 1944. The genus Amblyomma (ixodidae) in the United States. The Journal of Parasitology, 30(2):77-111.","GSU_tickIdentification_SOP_2016-11-01.pdf","Linnaeus","Nymph",4,"OK","RNA stabilization buffer","USNMENT00984874","UKFS_003.20160804.AMBAME.N","Lorenza Beati","Georgia Southern University",
"17f82090-4700-40c7-be4b-2600abaa5b69","UKFS_003.tickPlot.tck","UKFS_003","2016-08-04T14:16Z","2017-06-27T16:00Z","UKFS_003.20160804","UKFS_003.20160804.IXOSP.L","Ixodidae sp.","IXOSP","family","Ixodidae",,,,,,"sp.",,,,"GSU_tickIdentification_SOP_2016-11-01.pdf",,"Larva",1,"OK","RNA stabilization buffer","USNMENT01358063","UKFS_003.20160804.L","Lorenza Beati","Georgia Southern University","over invoice limit, will not be billed"
"5df541d6-5991-4a85-b242-6fd74715e11b","UKFS_002.tickPlot.tck","UKFS_002","2016-08-04T15:28Z","2017-06-27T16:00Z","UKFS_002.20160804","UKFS_002.20160804.AMBAME.N","Amblyomma americanum","AMBAME","species","Ixodidae",,,,"Amblyomma",,"americanum",,,"Cooley, R. A. and G. M. Kohls. 1944. The genus Amblyomma (ixodidae) in the United States. The Journal of Parasitology, 30(2):77-111.","GSU_tickIdentification_SOP_2016-11-01.pdf","Linnaeus","Nymph",5,"OK","RNA stabilization buffer","USNMENT00984875","UKFS_002.20160804.AMBAME.N","Lorenza Beati","Georgia Southern University",
"c86cdfc6-1e33-4d1a-91b1-9909cbf7e8ed","UKFS_002.tickPlot.tck","UKFS_002","2016-08-04T15:28Z","2017-06-27T16:00Z","UKFS_002.20160804","UKFS_002.20160804.DERVAR.F","Dermacentor variabilis","DERVAR","species","Ixodidae",,,,"Dermacentor",,"variabilis",,,"Yunker, C. E., Keirans, J. E., Clifford, C. M., and E. R. Easton. 1986. Dermacentor ticks (Acari: Ixodoidea: Ixodidae) of the New World: a scanning electron microscope atlas. Proceedings of the Entomological Society of Washington, 88(4):609-627.","GSU_tickIdentification_SOP_2016-11-01.pdf","Say","Female",1,"OK","RNA stabilization buffer","USNMENT00984876","UKFS_002.20160804.DERVAR.F","Lorenza Beati","Georgia Southern University",
"cec04492-1098-4b47-83dc-1bcb93f78cd8","UKFS_002.tickPlot.tck","UKFS_002","2016-08-04T15:28Z","2017-06-27T16:00Z","UKFS_002.20160804","UKFS_002.20160804.IXOSP.L","Ixodidae sp.","IXOSP","family","Ixodidae",,,,,,"sp.",,,,"GSU_tickIdentification_SOP_2016-11-01.pdf",,"Larva",1,"OK","RNA stabilization buffer","USNMENT01358062","UKFS_002.20160804.L","Lorenza Beati","Georgia Southern University","over invoice limit, will not be billed"
"365a4258-39e5-4282-a5ad-a272b8a502cc","UKFS_004.tickPlot.tck","UKFS_004","2016-08-04T15:59Z","2017-06-27T16:00Z","UKFS_004.20160804","UKFS_004.20160804.IXOSP.L","Ixodidae sp.","IXOSP","family","Ixodidae",,,,,,"sp.",,,,"GSU_tickIdentification_SOP_2016-11-01.pdf",,"Larva",1,"OK","RNA stabilization buffer","USNMENT01358064","UKFS_004.20160804.L","Lorenza Beati","Georgia Southern University","over invoice limit, will not be billed"
"0042c06a-3c47-406a-a147-d9a874e544b0","UKFS_004.tickPlot.tck","UKFS_004","2016-08-04T15:59Z","2017-06-27T16:00Z","UKFS_004.20160804","UKFS_004.20160804.AMBAME.N","Amblyomma americanum","AMBAME","species","Ixodidae",,,,"Amblyomma",,"americanum",,,"Cooley, R. A. and G. M. Kohls. 1944. The genus Amblyomma (ixodidae) in the United States. The Journal of Parasitology, 30(2):77-111.","GSU_tickIdentification_SOP_2016-11-01.pdf","Linnaeus","Nymph",24,"OK","RNA stabilization buffer","USNMENT00984872","UKFS_004.20160804.AMBAME.N","Lorenza Beati","Georgia Southern University",
"e9dbd9a0-7319-44f0-bd52-06e56bcb76f2","UKFS_001.tickPlot.tck","UKFS_001","2016-08-04T16:58Z","2017-06-27T16:00Z","UKFS_001.20160804","UKFS_001.20160804.IXOSP.L","Ixodidae sp.","IXOSP","family","Ixodidae",,,,,,"sp.",,,,"GSU_tickIdentification_SOP_2016-11-01.pdf",,"Larva",1,"OK","RNA stabilization buffer","USNMENT01358061","UKFS_001.20160804.L","Lorenza Beati","Georgia Southern University","over invoice limit, will not be billed"
"e411224d-3a80-4d44-8b30-0cb072a69979","UKFS_001.tickPlot.tck","UKFS_001","2016-08-04T16:58Z","2017-06-27T16:00Z","UKFS_001.20160804","UKFS_001.20160804.AMBAME.N","Amblyomma americanum","AMBAME","species","Ixodidae",,,,"Amblyomma",,"americanum",,,"Cooley, R. A. and G. M. Kohls. 1944. The genus Amblyomma (ixodidae) in the United States. The Journal of Parasitology, 30(2):77-111.","GSU_tickIdentification_SOP_2016-11-01.pdf","Linnaeus","Nymph",50,"OK","RNA stabilization buffer","USNMENT00984873","UKFS_001.20160804.AMBAME.N","Lorenza Beati","Georgia Southern University",
"6f1aac57-8945-40d9-8e47-940274b9b2b9","UKFS_003.tickPlot.tck","UKFS_003","2016-08-30T08:42Z","2017-06-27T16:00Z","UKFS_003.20160830","UKFS_003.20160830.IXOSP.L","Ixodidae sp.","IXOSP","family","Ixodidae",,,,,,"sp.",,,,"GSU_tickIdentification_SOP_2016-11-01.pdf",,"Larva",1,"OK","RNA stabilization buffer","USNMENT01358044","UKFS_003.20160830.L","Lorenza Beati","Georgia Southern University","over invoice limit, will not be billed"
"5f0cfacd-5624-4ff8-82c8-eb4f072ba89c","UKFS_003.tickPlot.tck","UKFS_003","2016-08-30T08:42Z","2017-06-27T16:00Z","UKFS_003.20160830","UKFS_003.20160830.AMBAME.N","Amblyomma americanum","AMBAME","species","Ixodidae",,,,"Amblyomma",,"americanum",,,"Cooley, R. A. and G. M. Kohls. 1944. The genus Amblyomma (ixodidae) in the United States. The Journal of Parasitology, 30(2):77-111.","GSU_tickIdentification_SOP_2016-11-01.pdf","Linnaeus","Nymph",24,"OK","RNA stabilization buffer","USNMENT00984918","UKFS_003.20160830.AMBAME.N","Lorenza Beati","Georgia Southern University",
