uid,namedLocation,domainID,siteID,plotID,plotType,nlcdClass,decimalLatitude,decimalLongitude,geodeticDatum,coordinateUncertainty,elevation,elevationUncertainty,collectDate,eventID,sampleID,sampleCode,samplingMethod,totalSampledArea,targetTaxaPresent,adultCount,nymphCount,larvaCount,sampleCondition,samplingProtocolVersion,measuredBy,remarks
"e0b8da9f-3de0-4b09-9f23-3a7fcd64c936","UKFS_018.tickPlot.tck","D06","UKFS","UKFS_018","distributed","grasslandHerbaceous",39.053205,-95.194659,"WGS84",20.1,325.8,0.1,"2016-08-04T13:38Z","UKFS.2016.31",,,"drag",160,"N",0,0,0,"No known compromise","NEON.DOC.014045vG","gzW2igUkp5dN6MoX5kqtYpCrrT6ULL1j",
"84b92c30-2bf7-47b0-999b-b5f193d36f59","UKFS_003.tickPlot.tck","D06","UKFS","UKFS_003","distributed","deciduousForest",39.053769,-95.187084,"WGS84",20.1,323.1,0.1,"2016-08-04T14:16Z","UKFS.2016.31","UKFS_003.20160804",,"drag and flag",145,"Y",0,4,63,"No known compromise","NEON.DOC.014045vG","62Mazf0BSE5dDlxfIR32DemoNx72dBy7",
"a87eccbf-6f4e-4a34-bd93-dbecfd61a8fb","UKFS_030.tickPlot.tck","D06","UKFS","UKFS_030","distributed","grasslandHerbaceous",39.045115,-95.213433,"WGS84",20.1,321.9,0.1,"2016-08-04T14:50Z","UKFS.2016.31",,,"drag",160,"N",0,0,0,"No known compromise","NEON.DOC.014045vG","ijn3KHaIUtV0sWekGETx2NQD751nHxr3",
"7e3c2948-4d3f-4d34-9b2f-b4887282a377","UKFS_002.tickPlot.tck","D06","UKFS","UKFS_002","distributed","deciduousForest",39.045892,-95.207026,"WGS84",20.1,316.0,0.2,"2016-08-04T15:28Z","UKFS.2016.31","UKFS_002.20160804",,"drag and flag",160,"Y",1,5,169,"No known compromise","NEON.DOC.014045vG","ijn3KHaIUtV0sWekGETx2NQD751nHxr3",
"0d51a2e9-55a0-4aef-9619-6296907ee610","UKFS_004.tickPlot.tck","D06","UKFS","UKFS_004","distributed","deciduousForest",39.043188,-95.201000,"WGS84",20.1,320.0,0.2,"2016-08-04T15:59Z","UKFS.2016.31","UKFS_004.20160804",,"drag and flag",150,"Y",0,23,55,"No known compromise","NEON.DOC.014045vG","62Mazf0BSE5dDlxfIR32DemoNx72dBy7",
"9dfd268d-3c70-43f7-b261-a06a1c0940c3","UKFS_001.tickPlot.tck","D06","UKFS","UKFS_001","distributed","deciduousForest",39.037238,-95.198631,"WGS84",20.1,322.7,0.1,"2016-08-04T16:58Z","UKFS.2016.31","UKFS_001.20160804",,"drag and flag",160,"Y",0,48,2892,"No known compromise","NEON.DOC.014045vG","ijn3KHaIUtV0sWekGETx2NQD751nHxr3",
"2ca5e5f9-4907-4417-aad6-552c3216633c","UKFS_018.tickPlot.tck","D06","UKFS","UKFS_018","distributed","grasslandHerbaceous",39.053205,-95.194659,"WGS84",20.1,325.8,0.1,"2016-08-30T07:53Z","UKFS.2016.35",,,"drag and flag",160,"N",0,0,0,"No known compromise","NEON.DOC.014045vG","5c4b6Epnn3o5NtvCKrksAcB1XzQbM/5p",
"85b9ca51-a49e-4d05-b550-8e9dc396e321","UKFS_003.tickPlot.tck","D06","UKFS","UKFS_003","distributed","deciduousForest",39.053769,-95.187084,"WGS84",20.1,323.1,0.1,"2016-08-30T08:42Z","UKFS.2016.35","UKFS_003.20160830",,"drag and flag",80,"Y",0,24,2913,"No known compromise","NEON.DOC.014045vG","fGNQi10tuSaT85ySoLLlkEg4DsEqwVGv",
