uid,namedLocation,domainID,siteID,plotID,plotType,nlcdClass,decimalLatitude,decimalLongitude,geodeticDatum,coordinateUncertainty,elevation,elevationUncertainty,collectDate,eventID,sampleID,sampleCode,samplingMethod,totalSampledArea,targetTaxaPresent,adultCount,nymphCount,larvaCount,sampleCondition,samplingProtocolVersion,measuredBy,remarks
"b2395191-3ef4-4610-94a6-17fb8597e6d7","UKFS_030.tickPlot.tck","D06","UKFS","UKFS_030","distributed","grasslandHerbaceous",39.045115,-95.213433,"WGS84",20.1,321.9,0.1,"2018-08-21T13:57Z","UKFS.2018.34",,,"drag",160,"N",0,0,0,,"NEON.DOC.014045vJ","d3pHA2OuzLJG5kLE5SIdC8P8dp0tl3w8vNiLiYqYT2g=",
"1ce4938c-637f-4b99-a7e4-b20904775354","UKFS_002.tickPlot.tck","D06","UKFS","UKFS_002","distributed","deciduousForest",39.045892,-95.207026,"WGS84",20.1,316.0,0.2,"2018-08-21T14:19Z","UKFS.2018.34","UKFS_002.20180821","B00000016470","drag and flag",160,"Y",0,5,1958,"No known compromise","NEON.DOC.014045vJ","d3pHA2OuzLJG5kLE5SIdC8P8dp0tl3w8vNiLiYqYT2g=",
"a1b1ae92-5987-456b-a6c3-2122072dd765","UKFS_001.tickPlot.tck","D06","UKFS","UKFS_001","distributed","deciduousForest",39.037238,-95.198631,"WGS84",20.1,322.7,0.1,"2018-08-21T15:54Z","UKFS.2018.34","UKFS_001.20180821","B00000016493","flag",160,"Y",0,15,9498,"No known compromise","NEON.DOC.014045vJ","0QknftH/249Fzeup5XgxDmRFrswKMEXrpdiqA+dT0Pw=",
"4034088d-24aa-405c-a55f-bc4887d73105","UKFS_004.tickPlot.tck","D06","UKFS","UKFS_004","distributed","deciduousForest",39.043188,-95.201000,"WGS84",20.1,320.0,0.2,"2018-08-22T14:00Z","UKFS.2018.34","UKFS_004.20180822","B00000016494","drag and flag",165,"Y",0,11,4132,"No known compromise","NEON.DOC.014045vJ","kkbwkCoDsA6KGEHVdDf/jWkh+6A9lNBAX0snNK7CGzQ=",
"6463b503-9302-4107-99fa-2c7e76a36f31","UKFS_018.tickPlot.tck","D06","UKFS","UKFS_018","distributed","grasslandHerbaceous",39.053205,-95.194659,"WGS84",20.1,325.8,0.1,"2018-08-22T15:20Z","UKFS.2018.34",,,"drag and flag",160,"N",0,0,0,,"NEON.DOC.014045vJ","d3pHA2OuzLJG5kLE5SIdC8P8dp0tl3w8vNiLiYqYT2g=",
"dcd912aa-db1d-45ff-bfa9-d8fc1332c805","UKFS_003.tickPlot.tck","D06","UKFS","UKFS_003","distributed","deciduousForest",39.053769,-95.187084,"WGS84",20.1,323.1,0.1,"2018-08-22T15:59Z","UKFS.2018.34","UKFS_003.20180822","B00000016507","drag and flag",166,"Y",0,9,14246,"No known compromise","NEON.DOC.014045vJ","d3pHA2OuzLJG5kLE5SIdC8P8dp0tl3w8vNiLiYqYT2g=",
