uid,namedLocation,domainID,siteID,plotID,plotType,nlcdClass,decimalLatitude,decimalLongitude,geodeticDatum,coordinateUncertainty,elevation,elevationUncertainty,collectDate,eventID,sampleID,sampleCode,samplingMethod,totalSampledArea,targetTaxaPresent,adultCount,nymphCount,larvaCount,sampleCondition,samplingProtocolVersion,measuredBy,remarks
"0bed4d08-fc2c-412a-a1f8-ddb94753cc48","CLBJ_034.tickPlot.tck","D11","CLBJ","CLBJ_034","distributed","grasslandHerbaceous",33.320090,-97.578537,"WGS84",20.0,325.2,0.0,"2018-09-17T13:57Z","CLBJ.2018.38",,,"drag",154,"N",0,0,0,,"NEON.DOC.014045vJ","Nn+eKtNyUTQC2f/fb2VCAwmtrkFByQ6sAXmgGDPq3Og=",
"7439d682-db93-46b7-9059-604cd4f6512a","CLBJ_043.tickPlot.tck","D11","CLBJ","CLBJ_043","distributed","deciduousForest",33.410406,-97.593713,"WGS84",20.1,285.9,0.1,"2018-09-17T15:07Z","CLBJ.2018.38",,,"drag and flag",142,"N",0,0,0,,"NEON.DOC.014045vJ","/VkA3yjugMF8nnUbC6d+dh/hTYhVmzgYtPB78jE5mRs=",
"55e4acf0-3798-43a6-85ff-277505e8cc9b","CLBJ_033.tickPlot.tck","D11","CLBJ","CLBJ_033","distributed","deciduousForest",33.382288,-97.619783,"WGS84",20.1,305.5,0.1,"2018-09-17T15:15Z","CLBJ.2018.38",,,"drag and flag",140,"N",0,0,0,,"NEON.DOC.014045vJ","Fq9eMe8kkDPg5iRc/YQoJnekW1I/cbYeNpQ8H6H0vzw=","Deviated due to thick vegetation"
"8c35be92-9b15-43f7-8b3b-4d4a51273deb","CLBJ_032.tickPlot.tck","D11","CLBJ","CLBJ_032","distributed","grasslandHerbaceous",33.405176,-97.595129,"WGS84",20.1,294.7,0.1,"2018-09-17T15:41Z","CLBJ.2018.38",,,"drag",160,"N",0,0,0,,"NEON.DOC.014045vJ","OC+NKp63wP0BWVIaaFvsOT5gwOIZab7a+U4IG8VxOxA=",
"f5e7a17c-4031-4913-bbaf-bb8db9428405","CLBJ_040.tickPlot.tck","D11","CLBJ","CLBJ_040","distributed","deciduousForest",33.377571,-97.647238,"WGS84",20.1,328.9,0.1,"2018-09-17T16:02Z","CLBJ.2018.38",,,"drag and flag",104,"N",0,0,0,,"NEON.DOC.014045vJ","Fq9eMe8kkDPg5iRc/YQoJnekW1I/cbYeNpQ8H6H0vzw=",
"3b36b860-2407-4fd5-b328-a329a977f2fa","CLBJ_036.tickPlot.tck","D11","CLBJ","CLBJ_036","distributed","grasslandHerbaceous",33.396494,-97.580919,"WGS84",20.1,289.5,0.1,"2018-09-17T16:20Z","CLBJ.2018.38",,,"drag",160,"N",0,0,0,,"NEON.DOC.014045vJ","/VkA3yjugMF8nnUbC6d+dh/hTYhVmzgYtPB78jE5mRs=",
