uid,namedLocation,date,domainID,siteID,plotID,plotType,nlcdClass,decimalLatitude,decimalLongitude,geodeticDatum,coordinateUncertainty,easting,northing,utmZone,elevation,elevationUncertainty,eventID,samplingProtocolVersion,treesPresent,treesAbsentList,shrubsPresent,shrubsAbsentList,lianasPresent,lianasAbsentList,nestedSubplotAreaShrubSapling,nestedSubplotAreaLiana,totalSampledAreaTrees,totalSampledAreaShrubSapling,totalSampledAreaLiana,remarks,measuredBy,recordedBy,dataQF
"af249923-08bd-411c-b481-69336e94899c","STEI_058.basePlot.vst","2015-08-11","D05","STEI","STEI_058","tower","deciduousForest",45.503500,-89.587311,"WGS84",20.3,297875.31,5042141.69,"16N",473.8,0.5,"vst_STEI_2015","NEON.DOC.000987vD",,,,,,,"10","noneSelected",800,40,800,,,"pFrwQTwEWJN+GiFv8r3h8Z0vAfADqHPd","legacyData"
"b5a9d600-93b5-45aa-9060-50cb274f9014","STEI_051.basePlot.vst","2015-08-11","D05","STEI","STEI_051","tower","deciduousForest",45.503823,-89.585000,"WGS84",20.2,298057.00,5042171.76,"16N",471.6,0.3,"vst_STEI_2015","NEON.DOC.000987vD",,,,,,,"10","noneSelected",800,40,800,,,"pFrwQTwEWJN+GiFv8r3h8Z0vAfADqHPd","legacyData"
"1817aeeb-b4b4-4e3d-95bb-a55484041fee","STEI_046.basePlot.vst","2015-08-12","D05","STEI","STEI_046","tower","deciduousForest",45.504594,-89.586592,"WGS84",20.1,297935.40,5042261.42,"16N",470.9,0.2,"vst_STEI_2015","NEON.DOC.000987vD",,,,,,,"25","noneSelected",800,100,800,,,"pFrwQTwEWJN+GiFv8r3h8Z0vAfADqHPd","legacyData"
"474ed373-6e8b-47e6-96a3-223bce25c105","STEI_056.basePlot.vst","2015-08-12","D05","STEI","STEI_056","tower","deciduousForest",45.507519,-89.587882,"WGS84",20.2,297845.10,5042589.62,"16N",478.3,0.3,"vst_STEI_2015","NEON.DOC.000987vD",,,,,,,"10","noneSelected",800,40,800,,,"pFrwQTwEWJN+GiFv8r3h8Z0vAfADqHPd","legacyData"
"807c3823-eb1d-48ee-a0f6-dd840a241350","STEI_061.basePlot.vst","2015-08-12","D05","STEI","STEI_061","tower","mixedForest",45.505170,-89.584700,"WGS84",20.2,298085.26,5042320.65,"16N",469.7,0.3,"vst_STEI_2015","NEON.DOC.000987vD",,,,,,,"25","noneSelected",800,100,800,,,"pFrwQTwEWJN+GiFv8r3h8Z0vAfADqHPd","legacyData"
"bb6d96bc-17fd-40bc-b0bb-69a2b35f2f4f","STEI_062.basePlot.vst","2015-08-13","D05","STEI","STEI_062","tower","deciduousForest",45.505974,-89.585482,"WGS84",20.2,298027.05,5042411.94,"16N",472.9,0.3,"vst_STEI_2015","NEON.DOC.000987vD",,,,,,,"10","noneSelected",800,40,800,,,"pFrwQTwEWJN+GiFv8r3h8Z0vAfADqHPd","legacyData"
"a2e60fe9-61b9-4c74-8327-3b8288d85480","STEI_055.basePlot.vst","2015-08-17","D05","STEI","STEI_055","tower","deciduousForest",45.504020,-89.588862,"WGS84",20.2,297756.01,5042203.37,"16N",468.0,0.3,"vst_STEI_2015","NEON.DOC.000987vD",,,,,,,"10","noneSelected",800,40,800,,,"pFrwQTwEWJN+GiFv8r3h8Z0vAfADqHPd","legacyData"
"3b87a83c-2560-4972-892b-4256ccd62251","STEI_052.basePlot.vst","2015-08-17","D05","STEI","STEI_052","tower","deciduousForest",45.505085,-89.588542,"WGS84",20.1,297784.82,5042320.88,"16N",467.9,0.2,"vst_STEI_2015","NEON.DOC.000987vD",,,,,,,"10","noneSelected",800,40,800,,,"pFrwQTwEWJN+GiFv8r3h8Z0vAfADqHPd","legacyData"
"70d20ea4-4a50-403d-ad8f-7954f2264ecd","STEI_048.basePlot.vst","2015-08-18","D05","STEI","STEI_048","tower","deciduousForest",45.509454,-89.587198,"WGS84",20.2,297905.46,5042802.87,"16N",474.3,0.3,"vst_STEI_2015","NEON.DOC.000987vD",,,,,,,"10","noneSelected",800,40,800,,,"pFrwQTwEWJN+GiFv8r3h8Z0vAfADqHPd","legacyData"
"ea55f6f9-8ba5-4cf9-9934-097e4e97393d","STEI_060.basePlot.vst","2015-08-18","D05","STEI","STEI_060","tower","deciduousForest",45.506757,-89.587060,"WGS84",20.2,297906.58,5042502.90,"16N",472.4,0.3,"vst_STEI_2015","NEON.DOC.000987vD",,,,,,,"10","noneSelected",800,40,800,,,"pFrwQTwEWJN+GiFv8r3h8Z0vAfADqHPd","legacyData"
"9320950f-d87a-467d-b12e-fa3c4afce7ed","STEI_053.basePlot.vst","2015-08-18","D05","STEI","STEI_053","tower","deciduousForest",45.505662,-89.587395,"WGS84",20.2,297876.49,5042382.09,"16N",472.1,0.3,"vst_STEI_2015","NEON.DOC.000987vD",,,,,,,"10","noneSelected",800,40,800,,,"pFrwQTwEWJN+GiFv8r3h8Z0vAfADqHPd","legacyData"
"55323859-5d6a-4360-9d39-6fd11eca7ce7","STEI_057.basePlot.vst","2015-08-18","D05","STEI","STEI_057","tower","deciduousForest",45.507077,-89.584791,"WGS84",20.2,298084.97,5042532.74,"16N",474.1,0.3,"vst_STEI_2015","NEON.DOC.000987vD",,,,,,,"10","noneSelected",800,40,800,,,"pFrwQTwEWJN+GiFv8r3h8Z0vAfADqHPd","legacyData"
"a1edb1c5-1005-432a-8776-bc913cc3179b","STEI_047.basePlot.vst","2015-08-18","D05","STEI","STEI_047","tower","deciduousForest",45.506171,-89.588579,"WGS84",20.2,297785.82,5042441.62,"16N",473.4,0.4,"vst_STEI_2015","NEON.DOC.000987vD",,,,,,,"10","noneSelected",800,40,800,,,"pFrwQTwEWJN+GiFv8r3h8Z0vAfADqHPd","legacyData"
"35563682-a3f2-4424-9500-65647ec11eaf","STEI_054.basePlot.vst","2015-08-18","D05","STEI","STEI_054","tower","deciduousForest",45.509972,-89.585671,"WGS84",20.2,298026.59,5042856.57,"16N",477.1,0.3,"vst_STEI_2015","NEON.DOC.000987vD",,,,,,,"10","noneSelected",800,40,800,,,"pFrwQTwEWJN+GiFv8r3h8Z0vAfADqHPd","legacyData"
"85a535e5-192d-42d8-a40e-82133431c682","STEI_049.basePlot.vst","2015-08-18","D05","STEI","STEI_049","tower","deciduousForest",45.507858,-89.585575,"WGS84",20.2,298026.52,5042621.48,"16N",475.5,0.3,"vst_STEI_2015","NEON.DOC.000987vD",,,,,,,"10","noneSelected",800,40,800,,,"pFrwQTwEWJN+GiFv8r3h8Z0vAfADqHPd","legacyData"
"3a15cfdd-918b-4fb8-b037-b274964a28b1","STEI_050.basePlot.vst","2015-08-19","D05","STEI","STEI_050","tower","deciduousForest",45.508958,-89.584867,"WGS84",20.1,298085.76,5042741.90,"16N",475.1,0.3,"vst_STEI_2015","NEON.DOC.000987vD",,,,,,,"10","noneSelected",800,40,800,,,"pFrwQTwEWJN+GiFv8r3h8Z0vAfADqHPd","legacyData"
"2de54b23-e7e0-4adf-8614-c31f600f9cef","STEI_059.basePlot.vst","2015-08-20","D05","STEI","STEI_059","tower","deciduousForest",45.508883,-89.588327,"WGS84",20.2,297815.22,5042742.28,"16N",474.5,0.2,"vst_STEI_2015","NEON.DOC.000987vD",,,,,,,"10","noneSelected",800,40,800,,,"pFrwQTwEWJN+GiFv8r3h8Z0vAfADqHPd","legacyData"
