uid,namedLocation,date,domainID,siteID,plotID,plotType,nlcdClass,decimalLatitude,decimalLongitude,geodeticDatum,coordinateUncertainty,easting,northing,utmZone,elevation,elevationUncertainty,eventID,samplingProtocolVersion,treesPresent,treesAbsentList,shrubsPresent,shrubsAbsentList,lianasPresent,lianasAbsentList,nestedSubplotAreaShrubSapling,nestedSubplotAreaLiana,totalSampledAreaTrees,totalSampledAreaShrubSapling,totalSampledAreaLiana,remarks,measuredBy,recordedBy,dataQF
"8bf7dea0-9105-4c83-bec1-515ba546edf8","UKFS_031.basePlot.vst","2017-09-21","D06","UKFS","UKFS_031","tower","deciduousForest",39.036611,-95.192039,"WGS84",20.2,310275.69,4323125.75,"15N",283.3,0.2,"vst_UKFS_2017","NEON.DOC.000987vG","Y","presentInAll","Y","presentInAll","Y","41","noneSelected","noneSelected",800,800,800,,"iq7r+K7zVrnuv4AA404AgFzhbma7sELOneHM1T36pZk=","bNd/Qxa4VKM2c3FF1xbrUPpiolK4yI12+UiiY/1MUS0=",
"3135daa9-f848-42af-b756-980646335d01","UKFS_031.basePlot.vst","2017-09-21","D06","UKFS","UKFS_031","tower","deciduousForest",39.036611,-95.192039,"WGS84",20.2,310275.69,4323125.75,"15N",283.3,0.2,"vst_UKFS_2017","NEON.DOC.000987vG","Y","presentInAll","Y","presentInAll","Y","39","noneSelected","noneSelected",800,800,800,,"ktisF30i+OHSPQOHleewkDjAGHelU8L5C9vkbPUJizk=","iq7r+K7zVrnuv4AA404AgFzhbma7sELOneHM1T36pZk=",
"a59178a7-475e-44e7-a98f-d3f3e29f5639","UKFS_032.basePlot.vst","2017-09-26","D06","UKFS","UKFS_032","tower","deciduousForest",39.041659,-95.197031,"WGS84",20.1,309857.12,4323696.45,"15N",302.5,0.2,"vst_UKFS_2017","NEON.DOC.000987vG","Y","presentInAll","Y","presentInAll","Y","23","100","noneSelected",800,400,800,,"dcM8u/BhP7UbDDvxSpMzrlrnTorUEUOxkTJsGqUfT1M=","bNd/Qxa4VKM2c3FF1xbrUPpiolK4yI12+UiiY/1MUS0=",
"354a6d76-0844-46b5-83f9-eab8dcb8f82d","UKFS_045.basePlot.vst","2017-09-27","D06","UKFS","UKFS_045","tower","deciduousForest",39.037634,-95.194836,"WGS84",20.2,310036.32,4323245.13,"15N",318.1,0.2,"vst_UKFS_2017","NEON.DOC.000987vG","Y","presentInAll","Y","21","Y","presentInAll","noneSelected","noneSelected",800,800,800,,"iq7r+K7zVrnuv4AA404AgFzhbma7sELOneHM1T36pZk=","ai5I5UyNUR1jWImByWEmtG2PbFA0mWae6raL0iZDntc=",
"0812679f-0a57-4551-9a6e-b5f027aa8e42","UKFS_050.basePlot.vst","2017-09-28","D06","UKFS","UKFS_050","tower","deciduousForest",39.035960,-95.197909,"WGS84",20.2,309765.83,4323065.76,"15N",324.5,0.2,"vst_UKFS_2017","NEON.DOC.000987vG","Y","presentInAll","Y","23_4","Y","presentInAll","10","noneSelected",800,40,800,,"iq7r+K7zVrnuv4AA404AgFzhbma7sELOneHM1T36pZk=","+dlVn2xhXeeLfBuyGTIjh79FJvEhfdjXWAKxqMA8YJ4=",
"77d7ae63-ee9a-4294-a333-6b13fc18e1b8","UKFS_046.basePlot.vst","2017-09-29","D06","UKFS","UKFS_046","tower","deciduousForest",39.034931,-95.195800,"WGS84",20.1,309945.63,4322947.14,"15N",311.1,0.1,"vst_UKFS_2017","NEON.DOC.000987vG","Y","presentInAll","Y","39_3","Y","presentInAll","100","noneSelected",800,400,800,,"ktisF30i+OHSPQOHleewkDjAGHelU8L5C9vkbPUJizk=","sYrV+BI+v9kHEwoFL57IDVz9AwQUWLqs",
