uid,namedLocation,domainID,siteID,plotID,plotType,nlcdClass,decimalLatitude,decimalLongitude,geodeticDatum,coordinateUncertainty,elevation,elevationUncertainty,collectDate,eventID,sampleID,sampleCode,samplingMethod,totalSampledArea,targetTaxaPresent,adultCount,nymphCount,larvaCount,sampleCondition,samplingProtocolVersion,measuredBy,remarks
"06d2db8f-aea5-4d1f-b759-c8250be51068","CPER_001.tickPlot.tck","D10","CPER","CPER_001","distributed","grasslandHerbaceous",40.851012,-104.701302,"WGS84",20.1,1639.1,0.1,"2014-04-02T18:51Z","CPER.2014.13",,,"drag",160,"N",0,0,0,,"NEON.DOC.014045vD","2coQEYj5B4jyZLqI8rh4cw==",
"16455154-5c60-4619-ad48-4840565c7e1e","CPER_007.tickPlot.tck","D10","CPER","CPER_007","distributed","grasslandHerbaceous",40.860878,-104.684952,"WGS84",20.1,1646.7,0.1,"2014-04-02T19:43Z","CPER.2014.13",,,"drag",160,"N",0,0,0,,"NEON.DOC.014045vD","G3MboO703H8TL3FEQQ8g4g==",
"07cdd299-1574-4260-9ed3-e4be127deb08","CPER_005.tickPlot.tck","D10","CPER","CPER_005","distributed","grasslandHerbaceous",40.852571,-104.726331,"WGS84",20.1,1662.6,0.1,"2014-04-04T16:27Z","CPER.2014.13",,,"drag",165,"N",0,0,0,,"NEON.DOC.014045vD","JwCDBolqHYosEbkRrLq63Q==",
"a691453d-e184-4c6b-805b-a09c522118ae","CPER_003.tickPlot.tck","D10","CPER","CPER_003","distributed","grasslandHerbaceous",40.819808,-104.707147,"WGS84",20.1,1625.7,0.1,"2014-04-04T17:28Z","CPER.2014.13",,,"drag",160,"N",0,0,0,,"NEON.DOC.014045vD","JwCDBolqHYosEbkRrLq63Q==",
"c85cbc2f-ab32-4607-96fc-c7ce3ec40988","CPER_004.tickPlot.tck","D10","CPER","CPER_004","distributed","grasslandHerbaceous",40.814104,-104.696817,"WGS84",20.1,1617.2,0.1,"2014-04-04T18:34Z","CPER.2014.13",,,"drag",160,"N",0,0,0,,"NEON.DOC.014045vD","JwCDBolqHYosEbkRrLq63Q==",
"b5d3a766-5258-473e-b2b1-1337f315f759","CPER_002.tickPlot.tck","D10","CPER","CPER_002","distributed","grasslandHerbaceous",40.811446,-104.727626,"WGS84",20.1,1645.8,0.1,"2014-04-04T19:05Z","CPER.2014.13",,,"drag",160,"N",0,0,0,,"NEON.DOC.014045vD","JwCDBolqHYosEbkRrLq63Q==",
