uid,namedLocation,plotID,collectDate,identifiedDate,sampleID,subsampleID,scientificName,acceptedTaxonID,taxonRank,family,subfamily,tribe,subtribe,genus,subgenus,specificEpithet,infraspecificEpithet,identificationQualifier,identificationReferences,identificationProtocolVersion,scientificNameAuthorship,sexOrAge,individualCount,sampleCondition,archiveMedium,archiveFacilityID,deprecatedVialID,identifiedBy,laboratoryName,remarks
"df1e32e8-1a61-4313-864c-9c5b8dde432d","ABBY_023.tickPlot.tck","ABBY_023","2017-05-03T22:29Z","2018-01-27T17:00Z","ABBY_023.20170503","ABBY_023.20170503.IXOPAC.M","Ixodes pacificus","IXOPAC","species","Ixodidae",,,,"Ixodes",,"pacificus",,,"Keirans, J. E., and C. M. Clifford. 1978. The genus Ixodes in the United States: a scanning electron microscope study and key to the adults. Journal of Medical Entomology, 15(Supplement 2):1-38.","GSU_tickIdentification_SOP_2016-11-01.pdf","Cooley & Kohls","Male",1,"OK","90% ethanol","USNMENT01358874","ABBY_023.20170503.IXOPAC.M","Lorenza Beati","Georgia Southern University",
"8677e92f-f9ee-47a3-a470-0a3618ae6b5f","ABBY_001.tickPlot.tck","ABBY_001","2017-05-18T21:16Z","2018-01-27T17:00Z","ABBY_001.20170518","ABBY_001.20170518.IXOANG.F","Ixodes angustus","IXOANG","species","Ixodidae",,,,"Ixodes",,"angustus",,,"Keirans, J. E., and C. M. Clifford. 1978. The genus Ixodes in the United States: a scanning electron microscope study and key to the adults. Journal of Medical Entomology, 15(Supplement 2):1-38.","GSU_tickIdentification_SOP_2016-11-01.pdf","Neumann","Female",1,"OK","90% ethanol","USNMENT01358875","ABBY_001.20170518.IXOANG.F","Lorenza Beati","Georgia Southern University",
"34c52ab9-e213-4396-bfdf-70f66228bab9","ABBY_023.tickPlot.tck","ABBY_023","2017-05-19T19:21Z","2018-01-27T17:00Z","ABBY_023.20170519","ABBY_023.20170519.IXOPAC.M","Ixodes pacificus","IXOPAC","species","Ixodidae",,,,"Ixodes",,"pacificus",,,"Keirans, J. E., and C. M. Clifford. 1978. The genus Ixodes in the United States: a scanning electron microscope study and key to the adults. Journal of Medical Entomology, 15(Supplement 2):1-38.","GSU_tickIdentification_SOP_2016-11-01.pdf","Cooley & Kohls","Male",2,"OK","90% ethanol","USNMENT01430209","ABBY_023.20170519.IXOPAC.M","Lorenza Beati","Georgia Southern University",
"554056d9-68c7-46a2-a3ec-18a2a37bf75f","ABBY_023.tickPlot.tck","ABBY_023","2017-05-19T19:21Z","2018-01-27T17:00Z","ABBY_023.20170519","ABBY_023.20170519.IXOANG.M","Ixodes angustus","IXOANG","species","Ixodidae",,,,"Ixodes",,"angustus",,,"Keirans, J. E., and C. M. Clifford. 1978. The genus Ixodes in the United States: a scanning electron microscope study and key to the adults. Journal of Medical Entomology, 15(Supplement 2):1-38.","GSU_tickIdentification_SOP_2016-11-01.pdf","Neumann","Male",1,"OK","90% ethanol","USNMENT01358877","ABBY_023.20170519.IXOANG.M","Lorenza Beati","Georgia Southern University",
"c00693a1-2765-45a9-bc4f-cda701400240","ABBY_023.tickPlot.tck","ABBY_023","2017-05-19T19:21Z","2018-01-27T17:00Z","ABBY_023.20170519","ABBY_023.20170519.IXOANG.F","Ixodes angustus","IXOANG","species","Ixodidae",,,,"Ixodes",,"angustus",,,"Keirans, J. E., and C. M. Clifford. 1978. The genus Ixodes in the United States: a scanning electron microscope study and key to the adults. Journal of Medical Entomology, 15(Supplement 2):1-38.","GSU_tickIdentification_SOP_2016-11-01.pdf","Neumann","Female",1,"OK","90% ethanol","USNMENT01430204","ABBY_023.20170519.IXOANG.F","Lorenza Beati","Georgia Southern University",
"79b78464-8e6c-4b59-acf4-372b678e4967","ABBY_023.tickPlot.tck","ABBY_023","2017-05-19T19:21Z","2018-01-27T17:00Z","ABBY_023.20170519","ABBY_023.20170519.IXOPAC.F","Ixodes pacificus","IXOPAC","species","Ixodidae",,,,"Ixodes",,"pacificus",,,"Keirans, J. E., and C. M. Clifford. 1978. The genus Ixodes in the United States: a scanning electron microscope study and key to the adults. Journal of Medical Entomology, 15(Supplement 2):1-38.","GSU_tickIdentification_SOP_2016-11-01.pdf","Cooley & Kohls","Female",1,"OK","90% ethanol","USNMENT01358876","ABBY_023.20170519.IXOPAC.F","Lorenza Beati","Georgia Southern University",
