uid,namedLocation,domainID,siteID,plotID,plotType,nlcdClass,decimalLatitude,decimalLongitude,geodeticDatum,coordinateUncertainty,elevation,elevationUncertainty,collectDate,eventID,sampleID,sampleCode,samplingMethod,totalSampledArea,targetTaxaPresent,adultCount,nymphCount,larvaCount,sampleCondition,samplingProtocolVersion,measuredBy,remarks
"78678195-743a-4306-818a-b1d4b67e84e6","ABBY_003.tickPlot.tck","D16","ABBY","ABBY_003","distributed","evergreenForest",45.760799,-122.371290,"WGS84",20.1,626.2,0.1,"2017-05-03T08:08Z","ABBY.2017.19",,,"drag and flag",180,"N",0,0,0,"Distance estimated (described in remarks)","NEON.DOC.014045vH","a/0SlN26fEtmJ3LLysIxkaRUfZvckIBE","Overshot corner"
"6c7d2bc1-e1f0-43bd-983f-4cc0aa7ff415","ABBY_005.tickPlot.tck","D16","ABBY","ABBY_005","distributed","shrubScrub",45.771976,-122.388089,"WGS84",20.1,492.2,0.1,"2017-05-03T19:06Z","ABBY.2017.19",,,"drag and flag",160,"N",0,0,0,"No known compromise","NEON.DOC.014045vH","48hv/AdwGIWPxDZycz1ek5cEK4FFchT/Bxrpsdm6akk=",
"6d4d2672-0ccf-4bb7-80a4-19a918c44110","ABBY_023.tickPlot.tck","D16","ABBY","ABBY_023","distributed","mixedForest",45.745006,-122.383498,"WGS84",20.1,478.7,0.1,"2017-05-03T22:29Z","ABBY.2017.19","ABBY_023.20170503",,"drag and flag",152,"Y",0,1,0,"No known compromise","NEON.DOC.014045vH","48hv/AdwGIWPxDZycz1ek5cEK4FFchT/Bxrpsdm6akk=",
"02558ae8-8768-45ab-b54f-533c0599160a","ABBY_001.tickPlot.tck","D16","ABBY","ABBY_001","distributed","evergreenForest",45.773172,-122.348101,"WGS84",20.1,294.3,0.2,"2017-05-04T00:25Z","ABBY.2017.19",,,"drag and flag",152,"N",0,0,0,"No known compromise","NEON.DOC.014045vH","48hv/AdwGIWPxDZycz1ek5cEK4FFchT/Bxrpsdm6akk=",
"e6f46c81-3807-49e9-ac79-f60a45e921cd","ABBY_002.tickPlot.tck","D16","ABBY","ABBY_002","distributed","grasslandHerbaceous",45.737854,-122.308292,"WGS84",20.1,651.1,0.1,"2017-05-18T19:52Z","ABBY.2017.21",,,"drag and flag",160,"N",0,0,0,"No known compromise","NEON.DOC.014045vH","ek73KqIvQF8RhLDCLTKMoAaxRWZ9yW3gVzCev5Zm+/g=",
"bba073e2-c602-40e7-a1fe-29b7672f308b","ABBY_001.tickPlot.tck","D16","ABBY","ABBY_001","distributed","evergreenForest",45.773172,-122.348101,"WGS84",20.1,294.3,0.2,"2017-05-18T21:16Z","ABBY.2017.21","ABBY_001.20170518",,"drag and flag",151,"Y",0,1,0,"No known compromise","NEON.DOC.014045vG","XF7+6w3ZdG4dkrdZbAxOAZtdZV1tlY7Km4jqFmsFyAs=","9.5 meters in the NE corner not sampled because of stream."
"3b87247a-b021-43be-9bcc-ff1f757c7e7a","ABBY_006.tickPlot.tck","D16","ABBY","ABBY_006","distributed","evergreenForest",45.752800,-122.297903,"WGS84",20.3,576.4,0.4,"2017-05-18T23:17Z","ABBY.2017.21",,,"drag and flag",160,"N",0,0,0,"No known compromise","NEON.DOC.014045vH","XF7+6w3ZdG4dkrdZbAxOAZtdZV1tlY7Km4jqFmsFyAs=",
"090e26df-72c7-4392-92ad-8d58692b497e","ABBY_005.tickPlot.tck","D16","ABBY","ABBY_005","distributed","shrubScrub",45.771976,-122.388089,"WGS84",20.1,492.2,0.1,"2017-05-19T16:06Z","ABBY.2017.21",,,"drag and flag",160,"N",0,0,0,"No known compromise","NEON.DOC.014045vH","48hv/AdwGIWPxDZycz1ek5cEK4FFchT/Bxrpsdm6akk=",
"b629027f-0faf-4fc5-a9c3-a60e211d8276","ABBY_003.tickPlot.tck","D16","ABBY","ABBY_003","distributed","evergreenForest",45.760799,-122.371290,"WGS84",20.1,626.2,0.1,"2017-05-19T17:40Z","ABBY.2017.21",,,"drag and flag",160,"N",0,0,0,"No known compromise","NEON.DOC.014045vH","9MpvHR97FuJo4gsLwNb5xoR0ZKgI4SjpD6yX9wK3zYo=",
"07e1e1a0-0376-49c9-9038-0896581eda2b","ABBY_023.tickPlot.tck","D16","ABBY","ABBY_023","distributed","mixedForest",45.745006,-122.383498,"WGS84",20.1,478.7,0.1,"2017-05-19T19:21Z","ABBY.2017.21","ABBY_023.20170519",,"drag and flag",156,"Y",1,4,0,"Distance estimated (described in remarks)","NEON.DOC.014045vH","9MpvHR97FuJo4gsLwNb5xoR0ZKgI4SjpD6yX9wK3zYo=","Stream through plot"
