uid,namedLocation,date,domainID,siteID,plotID,plotType,nlcdClass,decimalLatitude,decimalLongitude,geodeticDatum,coordinateUncertainty,easting,northing,utmZone,elevation,elevationUncertainty,eventID,samplingProtocolVersion,treesPresent,treesAbsentList,shrubsPresent,shrubsAbsentList,lianasPresent,lianasAbsentList,nestedSubplotAreaShrubSapling,nestedSubplotAreaLiana,totalSampledAreaTrees,totalSampledAreaShrubSapling,totalSampledAreaLiana,remarks,measuredBy,recordedBy,dataQF
"c79f5ea9-a5f6-4537-89f3-0d9dffaa45a4","HEAL_058.basePlot.vst","2016-09-01","D19","HEAL","HEAL_058","tower","dwarfScrub",63.873692,-149.213388,"WGS84",10.1,391266.52,7084825.41,"6N",687.0,0.1,"vst_HEAL_2016","NEON.DOC.000987vF","Y",,"Y",,"N",,"10","noneSelected",400,80,400,,"rwLvYLhtocoLtnp2nQNBSTyRLeMuOpB2YiOiwXcbMoU=","8ztuKrLr9oOTeiphr8PU4vtbSfFqLt1m",
"dc154785-de27-4fd6-8cc7-ae77454fd2dc","HEAL_054.basePlot.vst","2016-09-01","D19","HEAL","HEAL_054","tower","dwarfScrub",63.875398,-149.206228,"WGS84",10.1,391624.72,7085003.24,"6N",673.9,0.1,"vst_HEAL_2016","NEON.DOC.000987vF","N",,"Y",,"N",,"10","noneSelected",400,80,400,,"UdgDjQtJX07DZeqMKH1Q7KfO+VF4a2jv","GuT3Oze5fRKeTxiWTxeYw32ptmOMDX3l0FACxkPwi/Y=",
"1aa566a8-5f04-41a6-aad9-8d1c6976283d","HEAL_063.basePlot.vst","2016-09-01","D19","HEAL","HEAL_063","tower","dwarfScrub",63.874772,-149.213460,"WGS84",10.1,391267.16,7084945.82,"6N",680.7,0.1,"vst_HEAL_2016","NEON.DOC.000987vF",,,,,,,"10","noneSelected",400,80,400,,"UdgDjQtJX07DZeqMKH1Q7KfO+VF4a2jv","GuT3Oze5fRKeTxiWTxeYw32ptmOMDX3l0FACxkPwi/Y=",
"fd636f3d-61a7-44a0-b27b-0696af74cb72","HEAL_068.basePlot.vst","2016-09-06","D19","HEAL","HEAL_068","tower","shrubScrub",63.874888,-149.204963,"WGS84",10.1,391684.88,7084944.29,"6N",674.1,0.1,"vst_HEAL_2016","NEON.DOC.000987vF","Y",,,,"N",,"1","noneSelected",400,8,400,,"jWX8R8ReoxJFrY+DgVUlBQhuD+toSUWj0ebWbUVDxUk=","qBekAeYD7Kwk15Nx0gP8YaLK4tvVZxs8",
"8a0f85ef-8ece-4db9-9317-fe168bafc6de","HEAL_073.basePlot.vst","2016-09-07","D19","HEAL","HEAL_073","tower","shrubScrub",63.872604,-149.213928,"WGS84",10.1,391235.79,7084705.15,"6N",692.1,0.1,"vst_HEAL_2016","NEON.DOC.000987vF","Y",,"Y",,"N",,"noneSelected","noneSelected",400,400,400,,"rwLvYLhtocoLtnp2nQNBSTyRLeMuOpB2YiOiwXcbMoU=","MeAdgD9GMcAND8ZfQlU8wsL2WyDvsAxatkbBowrKiAc=",
"04c50fb0-d11a-46db-b0df-fdad8bbf39be","HEAL_069.basePlot.vst","2016-09-07","D19","HEAL","HEAL_069","tower","shrubScrub",63.873407,-149.215191,"WGS84",10.1,391176.87,7084796.74,"6N",689.2,0.1,"vst_HEAL_2016","NEON.DOC.000987vF",,,,,,,"1","noneSelected",400,8,400,,"rwLvYLhtocoLtnp2nQNBSTyRLeMuOpB2YiOiwXcbMoU=","MeAdgD9GMcAND8ZfQlU8wsL2WyDvsAxatkbBowrKiAc=",
"2c9a5e17-f977-40b7-b7d9-e3f6c4b9d85d","HEAL_049.basePlot.vst","2016-09-07","D19","HEAL","HEAL_049","tower","dwarfScrub",63.873742,-149.210328,"WGS84",10.1,391416.99,7084825.77,"6N",683.9,0.1,"vst_HEAL_2016","NEON.DOC.000987vF","N",,"Y",,"N",,"noneSelected","noneSelected",400,400,400,,"jWX8R8ReoxJFrY+DgVUlBQhuD+toSUWj0ebWbUVDxUk=","8ztuKrLr9oOTeiphr8PU4vtbSfFqLt1m",
"e4ef5780-ae50-4ba4-a462-58759c4a5947","HEAL_071.basePlot.vst","2016-09-07","D19","HEAL","HEAL_071","tower","dwarfScrub",63.874602,-149.207344,"WGS84",10.1,391566.85,7084916.48,"6N",677.8,0.1,"vst_HEAL_2016","NEON.DOC.000987vF","Y",,"Y",,"N",,"noneSelected","noneSelected",400,400,400,,"rwLvYLhtocoLtnp2nQNBSTyRLeMuOpB2YiOiwXcbMoU=","MeAdgD9GMcAND8ZfQlU8wsL2WyDvsAxatkbBowrKiAc=",
"f8b63312-c9f3-434e-ad46-fa819426a23f","HEAL_064.basePlot.vst","2016-09-07","D19","HEAL","HEAL_064","tower","dwarfScrub",63.874100,-149.204268,"WGS84",10.1,391715.98,7084855.34,"6N",676.5,0.1,"vst_HEAL_2016","NEON.DOC.000987vF","Y",,"Y",,"N",,"10","noneSelected",400,80,400,,"jWX8R8ReoxJFrY+DgVUlBQhuD+toSUWj0ebWbUVDxUk=","8ztuKrLr9oOTeiphr8PU4vtbSfFqLt1m",
