uid,namedLocation,date,domainID,siteID,plotID,plotType,nlcdClass,decimalLatitude,decimalLongitude,geodeticDatum,coordinateUncertainty,easting,northing,utmZone,elevation,elevationUncertainty,eventID,samplingProtocolVersion,treesPresent,treesAbsentList,shrubsPresent,shrubsAbsentList,lianasPresent,lianasAbsentList,nestedSubplotAreaShrubSapling,nestedSubplotAreaLiana,totalSampledAreaTrees,totalSampledAreaShrubSapling,totalSampledAreaLiana,remarks,measuredBy,recordedBy,dataQF
"ce955bae-5584-42d5-b286-b7646e9cf911","GUAN_061.basePlot.vst","2015-07-01","D04","GUAN","GUAN_061","tower","evergreenForest",17.966929,-66.863728,"WGS84",20.1,726236.20,1987828.13,"19N",104.3,0.1,"vst_GUAN_2015","NEON.DOC.000987vD",,,,,,,"10","noneSelected",800,40,800,"Lianas were measured in the 400m^2.","bhzZP3Y0xKGj5tQFevjoL+R4w3pzou9sdiXBb+6MDKGP9g1GlMSAzTaRHPVxwI3b+6Hw1pBRngmXEDU004xFKgWtlMNZ2Vfn/UIlMQ0PcsDaFzDDq3dB5VR2ITAUsnoF+ix907pEmiw=","fiApssCEcSVZh4fTchGlfTQOnKA5SjZYeqLLdlmgcNPaOyKK71+Nlg3AqWQ0C3Gl9zp+akUSaCU=","legacyData"
"5fd578c6-e80c-4386-bb0d-3f856acf0965","GUAN_054.basePlot.vst","2015-07-03","D04","GUAN","GUAN_054","tower","evergreenForest",17.968868,-66.866561,"WGS84",20.1,725933.60,1988039.32,"19N",111.4,0.1,"vst_GUAN_2015","NEON.DOC.000987vD",,,,,,,"noneSelected","noneSelected",800,800,800,"Nested area for other was 400m^2","VgRfkWGhIvw7Lc3BZsfq46duR9Pzwglz","g9AObJQf3eYkUFZYJaxA4ygWnVX2Kjzk","legacyData"
"18ec3ca6-4821-4efb-b38e-b06eb25b0af3","GUAN_049.basePlot.vst","2015-07-03","D04","GUAN","GUAN_049","tower","evergreenForest",17.967743,-66.864300,"WGS84",20.1,726174.57,1987917.54,"19N",124.8,0.1,"vst_GUAN_2015","NEON.DOC.000987vD",,,,,,,"10","100",800,40,400,,"bhzZP3Y0xKGj5tQFevjoL+R4w3pzou9sQcOMY/3BMYp+7KkWd7DaPyJEEKCE1ciLyorHYa8mNKG3L+lTeGQmM24SM7hw8s2m8cyWgWoXdlHZKemHaSElePcmxIeIehNnNwYutdP74hSJbyrvD5dP9Q==","8rHzSbnDOXhpq1RB6lSoH2hgWBtav0Er+l7J4eGrW0TF+799NqR1C3UUBAxi72FUg+JBJhOxUOE=","legacyData"
"74b0e387-58d9-4d19-8737-cd03d5046c3e","GUAN_058.basePlot.vst","2015-07-03","D04","GUAN","GUAN_058","tower","evergreenForest",17.970233,-66.866809,"WGS84",20.1,725905.59,1988190.12,"19N",121.6,0.1,"vst_GUAN_2015","NEON.DOC.000987vD",,,,,,,"noneSelected","noneSelected",800,800,800,"400m^2 (other sampling)","fiApssCEcSVZh4fTchGlfQK3pYYnYQUQ","g9AObJQf3eYkUFZYJaxA4ygWnVX2Kjzk","legacyData"
"53a29b2d-7dae-4c72-b83f-7a67cc063957","GUAN_058.basePlot.vst","2015-07-03","D04","GUAN","GUAN_058","tower","evergreenForest",17.970233,-66.866809,"WGS84",20.1,725905.59,1988190.12,"19N",121.6,0.1,"vst_GUAN_2015","NEON.DOC.000987vD",,,,,,,"noneSelected","noneSelected",800,800,800,,"fiApssCEcSVZh4fTchGlfQK3pYYnYQUQ","g9AObJQf3eYkUFZYJaxA4ygWnVX2Kjzk","legacyData"
"2be44aeb-e890-489e-8d9d-df6e6b594dac","GUAN_055.basePlot.vst","2015-07-03","D04","GUAN","GUAN_055","tower","evergreenForest",17.969688,-66.867651,"WGS84",20.1,725817.08,1988128.77,"19N",116.7,0.1,"vst_GUAN_2015","NEON.DOC.000987vD",,,,,,,"noneSelected","noneSelected",800,800,800,"nested subplot area 400m^2","fiApssCEcSVZh4fTchGlfQK3pYYnYQUQ","g9AObJQf3eYkUFZYJaxA4ygWnVX2Kjzk","legacyData"
"cf64d229-49c3-47e2-82a4-e77a3ce712d0","GUAN_049.basePlot.vst","2015-07-03","D04","GUAN","GUAN_049","tower","evergreenForest",17.967743,-66.864300,"WGS84",20.1,726174.57,1987917.54,"19N",124.8,0.1,"vst_GUAN_2015","NEON.DOC.000987vD",,,,,,,"noneSelected","noneSelected",800,800,800,,"bhzZP3Y0xKGj5tQFevjoL8SD9yIOx3Ri","bhzZP3Y0xKGj5tQFevjoL8SD9yIOx3Ri","legacyData"
"1dc0f7ad-e83a-4370-b0b0-9cfcf871db99","GUAN_054.basePlot.vst","2015-07-03","D04","GUAN","GUAN_054","tower","evergreenForest",17.968868,-66.866561,"WGS84",20.1,725933.60,1988039.32,"19N",111.4,0.1,"vst_GUAN_2015","NEON.DOC.000987vD",,,,,,,"noneSelected","noneSelected",800,800,800,"nested subplot area for others was 400m^2","VgRfkWGhIvw7Lc3BZsfq46duR9Pzwglz","g9AObJQf3eYkUFZYJaxA4ygWnVX2Kjzk","legacyData"
"aff66a24-45de-46fd-9481-8cb7ddef01d7","GUAN_049.basePlot.vst","2015-07-03","D04","GUAN","GUAN_049","tower","evergreenForest",17.967743,-66.864300,"WGS84",20.1,726174.57,1987917.54,"19N",124.8,0.1,"vst_GUAN_2015","NEON.DOC.000987vD",,,,,,,"10","100",800,40,400,,"C+LPJQfkOls/0xhKnTfDWFPPhreeGjs3pwDNdyh7I+NapWncpjBSGTT4VD9vHAOZ8npaE8rt57P+BvMuHMa5K9brmpS69KBgh16+D9o0TRzkaYdQKSe3vqbsaeTmQbR2JMDcjUv/OPFdNgfPMySdbA==","8rHzSbnDOXhpq1RB6lSoH2hgWBtav0Er+l7J4eGrW0TF+799NqR1C3UUBAxi72FUg+JBJhOxUOE=","legacyData"
"d2f7e570-02c1-4176-92da-8df981937414","GUAN_043.basePlot.vst","2015-07-07","D04","GUAN","GUAN_043","tower","evergreenForest",17.968869,-66.867682,"WGS84",20.1,725814.84,1988038.07,"19N",115.9,0.1,"vst_GUAN_2015","NEON.DOC.000987vD",,,,,,,"noneSelected","noneSelected",800,800,800,"Nested subplot area for other was 400m^2","VgRfkWGhIvw7Lc3BZsfq46duR9Pzwglz","g9AObJQf3eYkUFZYJaxA40G3YSavS+6m9bzxhkzQFryBfGkt5HOQ5DB45xoDJX1p1rHTRkiiAGs=","legacyData"
"957b6ee9-5508-4d8e-97e8-5a01483032fc","GUAN_049.basePlot.vst","2015-07-07","D04","GUAN","GUAN_049","tower","evergreenForest",17.967743,-66.864300,"WGS84",20.1,726174.57,1987917.54,"19N",124.8,0.1,"vst_GUAN_2015","NEON.DOC.000987vD",,,,,,,"10","100",800,40,400,,"g9AObJQf3eYkUFZYJaxA4ygWnVX2Kjzk","g9AObJQf3eYkUFZYJaxA4ygWnVX2Kjzk","legacyData"
"18e6877c-109f-4136-a2ba-d52035ef3a26","GUAN_057.basePlot.vst","2015-07-08","D04","GUAN","GUAN_057","tower","evergreenForest",17.968570,-66.865136,"WGS84",20.1,726084.95,1988008.07,"19N",127.6,0.1,"vst_GUAN_2015","NEON.DOC.000987vD",,,,,,,"10","100",800,40,400,,"VgRfkWGhIvw7Lc3BZsfq46duR9Pzwglz","g9AObJQf3eYkUFZYJaxA4ygWnVX2Kjzk","legacyData"
"bf409034-0520-4e04-8580-39c5c66e2d22","GUAN_057.basePlot.vst","2015-07-09","D04","GUAN","GUAN_057","tower","evergreenForest",17.968570,-66.865136,"WGS84",20.1,726084.95,1988008.07,"19N",127.6,0.1,"vst_GUAN_2015","NEON.DOC.000987vD",,,,,,,"100","10",800,400,40,,"fiApssCEcSVZh4fTchGlfT77p5ASl9TnfR4VqzIsNPqVXwlmdOF3h2NZCxVwyvaX8FC/oiFOXCE6Nf4a+AB/h8UGksdJec6p","8rHzSbnDOXhpq1RB6lSoH2hgWBtav0ErlRGPB+twq8M=","legacyData"
"a8e50da0-477d-4515-a87e-f0a1054de3b9","GUAN_047.basePlot.vst","2015-07-15","D04","GUAN","GUAN_047","tower","evergreenForest",17.973185,-66.866786,"WGS84",20.2,725904.27,1988516.93,"19N",159.8,0.2,"vst_GUAN_2015","NEON.DOC.000987vD",,,,,,,"10","noneSelected",800,40,800,"Lianas were measure in a 400 m^2 area","g9AObJQf3eYkUFZYJaxA46LHKiBGP7/6CmLspijslZyB6G/mo9ecDBE0ox+eeAsT3xsD4AfH5ezJ44IDjqTm1/rHkBE9sjgiZM+n4bm2czHZwviQTmvesFiTMWhaJK0snn+xUaQKjtWOVm70Ii6FAPB5BY2KTWJ/","8rHzSbnDOXhpq1RB6lSoH2hgWBtav0ErlRGPB+twq8M=","legacyData"
"e528d25c-c0bf-4209-9b91-3916353a5798","GUAN_047.basePlot.vst","2015-07-16","D04","GUAN","GUAN_047","tower","evergreenForest",17.973185,-66.866786,"WGS84",20.2,725904.27,1988516.93,"19N",159.8,0.2,"vst_GUAN_2015","NEON.DOC.000987vD",,,,,,,"10","noneSelected",800,40,800,"nested subplot rea of lianas 400 m^2","VgRfkWGhIvw7Lc3BZsfq47rYNjkDAdrBm8SRpjkO46zxhNYXotcaOHt6JU+SXTJUiSjRt+vXq3hHA+gphWtyP0oTogLqv8lh","bhzZP3Y0xKGj5tQFevjoL+R4w3pzou9sI9WbAe3ey0Sc1Omq/hO5DqeZEyyMeHGwkf1WgKvhA60=","legacyData"
"c398f6a8-3452-4163-8137-c2ec99e24eda","GUAN_056.basePlot.vst","2015-07-17","D04","GUAN","GUAN_056","tower","evergreenForest",17.971008,-66.865387,"WGS84",20.1,726055.25,1988277.64,"19N",143.7,0.1,"vst_GUAN_2015","NEON.DOC.000987vD",,,,,,,"10","noneSelected",800,40,800,"Liana area- 400m^2","8rHzSbnDOXhpq1RB6lSoH2hgWBtav0ErlRGPB+twq8M=","g9AObJQf3eYkUFZYJaxA4ygWnVX2Kjzk","legacyData"
"11bb4f2f-166d-41d6-841e-18819e254abe","GUAN_056.basePlot.vst","2015-07-20","D04","GUAN","GUAN_056","tower","evergreenForest",17.971008,-66.865387,"WGS84",20.1,726055.25,1988277.64,"19N",143.7,0.1,"vst_GUAN_2015","NEON.DOC.000987vD",,,,,,,"noneSelected","10",800,800,40,"Liana nested subplot area 400m^2","g9AObJQf3eYkUFZYJaxA4ygWnVX2Kjzk","g9AObJQf3eYkUFZYJaxA4ygWnVX2Kjzk","legacyData"
"2e9de770-f135-4cad-b4e8-48347267222a","GUAN_051.basePlot.vst","2015-07-27","D04","GUAN","GUAN_051","tower","evergreenForest",17.969091,-66.863147,"WGS84",20.1,726295.00,1988068.17,"19N",132.7,0.2,"vst_GUAN_2015","NEON.DOC.000987vD",,,,,,,"10","noneSelected",800,40,800,,"g9AObJQf3eYkUFZYJaxA4ygWnVX2Kjzk","g9AObJQf3eYkUFZYJaxA4ygWnVX2Kjzk","legacyData"
"6280c53f-c733-43aa-bef1-4f3df0e5fa0b","GUAN_051.basePlot.vst","2015-07-27","D04","GUAN","GUAN_051","tower","evergreenForest",17.969091,-66.863147,"WGS84",20.1,726295.00,1988068.17,"19N",132.7,0.2,"vst_GUAN_2015","NEON.DOC.000987vD",,,,,,,"10","noneSelected",800,40,800,,"ZPZlrLzh6rXBfy+C2AwxHwz7izO+Lbvm","g9AObJQf3eYkUFZYJaxA4ygWnVX2Kjzk","legacyData"
"fdb5d8f7-b282-42bf-b69a-166c0ac7f401","GUAN_051.basePlot.vst","2015-07-29","D04","GUAN","GUAN_051","tower","evergreenForest",17.969091,-66.863147,"WGS84",20.1,726295.00,1988068.17,"19N",132.7,0.2,"vst_GUAN_2015","NEON.DOC.000987vD",,,,,,,"10","100",800,40,400,,"y1QO9thBhxixvSCdrtjBxNKxwylBi33/","g9AObJQf3eYkUFZYJaxA4ygWnVX2Kjzk","legacyData"
