uid,namedLocation,plotID,collectDate,identifiedDate,sampleID,subsampleID,scientificName,acceptedTaxonID,taxonRank,family,subfamily,tribe,subtribe,genus,subgenus,specificEpithet,infraspecificEpithet,identificationQualifier,identificationReferences,identificationProtocolVersion,scientificNameAuthorship,sexOrAge,individualCount,sampleCondition,archiveMedium,archiveFacilityID,deprecatedVialID,identifiedBy,laboratoryName,remarks
"7729b4fc-be72-4977-98e1-afeadafbdb5d","SERC_001.tickPlot.tck","SERC_001","2016-11-07T15:30Z","2017-05-03T16:00Z","SERC_001.20161107","SERC_001.20161107.IXOSCA.M","Ixodes scapularis","IXOSCA","species","Ixodidae",,,,"Ixodes",,"scapularis",,,"Cooley, R. A. and G. M. Kohls. 1945. The genus Ixodes in North America. National Institute of Health Bulletin, 184.","GSU_tickIdentification_SOP_2016-11-01.pdf","Say","Male",1,"OK","RNA stabilization buffer","USNMENT00984502","SERC_001.20161107.01.IXOSCA.M","Guy Hobbs","Georgia Southern University",
"8bf71ab5-e096-4102-883e-df82360a757f","SERC_001.tickPlot.tck","SERC_001","2016-11-07T15:30Z","2017-05-03T16:00Z","SERC_001.20161107","SERC_001.20161107.IXOSCA.F","Ixodes scapularis","IXOSCA","species","Ixodidae",,,,"Ixodes",,"scapularis",,,"Cooley, R. A. and G. M. Kohls. 1945. The genus Ixodes in North America. National Institute of Health Bulletin, 184.","GSU_tickIdentification_SOP_2016-11-01.pdf","Say","Female",1,"OK","RNA stabilization buffer","USNMENT00984501","SERC_001.20161107.01.IXOSCA.F","Guy Hobbs","Georgia Southern University",
"fb98c37e-994f-466c-b260-571d6ee4ccc1","SERC_002.tickPlot.tck","SERC_002","2016-11-07T18:00Z","2017-04-26T16:00Z","SERC_002.20161107","SERC_002.20161107.IXOSCA.M","Ixodes scapularis","IXOSCA","species","Ixodidae",,,,"Ixodes",,"scapularis",,,"Cooley, R. A. and G. M. Kohls. 1945. The genus Ixodes in North America. National Institute of Health Bulletin, 184.","GSU_tickIdentification_SOP_2016-11-01.pdf","Say","Male",1,"OK","RNA stabilization buffer","USNMENT00984458","SERC_002.20161107.01.IXOSCA.M","Guy Hobbs","Georgia Southern University",
"2884324d-8aad-4b67-bff1-a9805b58133e","SERC_002.tickPlot.tck","SERC_002","2016-11-07T18:00Z","2017-04-26T16:00Z","SERC_002.20161107","SERC_002.20161107.IXOSP.L","Ixodidae sp.","IXOSP","family","Ixodidae",,,,,,"sp.",,,,"GSU_tickIdentification_SOP_2016-11-01.pdf",,"Larva",1,"OK","RNA stabilization buffer","USNMENT00984457","SERC_002.20161107.01.L","Guy Hobbs","Georgia Southern University",
"7d10eff5-8de0-477f-92e7-31f459c4e8c6","SERC_006.tickPlot.tck","SERC_006","2016-11-07T19:18Z","2017-05-17T16:00Z","SERC_006.20161107","SERC_006.20161107.IXOSCA.N","Ixodes scapularis","IXOSCA","species","Ixodidae",,,,"Ixodes",,"scapularis",,,"Cooley, R. A. and G. M. Kohls. 1945. The genus Ixodes in North America. National Institute of Health Bulletin, 184.","GSU_tickIdentification_SOP_2016-11-01.pdf","Say","Nymph",1,"OK","RNA stabilization buffer","USNMENT00984456","SERC_006.20161107.01.IXOSCA.N","Lorenza Beati","Georgia Southern University",
