uid,namedLocation,domainID,siteID,plotID,plotType,nlcdClass,decimalLatitude,decimalLongitude,geodeticDatum,coordinateUncertainty,elevation,elevationUncertainty,collectDate,eventID,sampleID,sampleCode,samplingMethod,totalSampledArea,targetTaxaPresent,adultCount,nymphCount,larvaCount,sampleCondition,samplingProtocolVersion,measuredBy,remarks
"3b289c82-5b2b-4fbc-a056-113bbad0d232","SERC_001.tickPlot.tck","D02","SERC","SERC_001","distributed","deciduousForest",38.868186,-76.535306,"WGS84",20.2,2.1,0.2,"2016-11-07T15:30Z","SERC.2016.45","SERC_001.20161107",,"drag",160,"Y",2,0,0,"No known compromise","NEON.DOC.014045vG","esNjjubcI51hdInmRHEEIrFR4+oIJtuN",
"3e0e525c-9c18-4607-aebc-062daa1fb8d4","SERC_023.tickPlot.tck","D02","SERC","SERC_023","distributed","cultivatedCrops",38.873978,-76.535925,"WGS84",20.1,6.7,0.1,"2016-11-07T16:19Z","SERC.2016.45",,,"drag",160,"N",0,0,0,"No known compromise","NEON.DOC.014045vG","esNjjubcI51hdInmRHEEIrFR4+oIJtuN","Soybeans dead and rigid making dragging difficult"
"1e1e8fe3-4a89-41b5-ab57-00ca594eedf8","SERC_012.tickPlot.tck","D02","SERC","SERC_012","distributed","deciduousForest",38.880010,-76.561648,"WGS84",20.2,20.1,0.2,"2016-11-07T17:05Z","SERC.2016.45",,,"drag",160,"N",0,0,0,"No known compromise","NEON.DOC.014045vG","esNjjubcI51hdInmRHEEIrFR4+oIJtuN",
"7075ae76-08d9-476e-8122-8925134ec96b","SERC_002.tickPlot.tck","D02","SERC","SERC_002","distributed","deciduousForest",38.896262,-76.558166,"WGS84",20.2,17.0,0.3,"2016-11-07T18:00Z","SERC.2016.45","SERC_002.20161107",,"drag",160,"Y",1,0,10,"No known compromise","NEON.DOC.014045vG","esNjjubcI51hdInmRHEEIrFR4+oIJtuN",
"d7e7e9a8-6810-4d24-92dd-cb30d77b5ed7","SERC_006.tickPlot.tck","D02","SERC","SERC_006","distributed","deciduousForest",38.880025,-76.548376,"WGS84",20.2,2.6,0.3,"2016-11-07T19:18Z","SERC.2016.45","SERC_006.20161107",,"drag",160,"Y",0,1,0,"No known compromise","NEON.DOC.014045vG","esNjjubcI51hdInmRHEEIrFR4+oIJtuN",
"ddd44f58-5d51-4096-9e3b-2fa4895ed1cb","SERC_005.tickPlot.tck","D02","SERC","SERC_005","distributed","deciduousForest",38.894060,-76.546307,"WGS84",20.3,8.5,0.5,"2016-11-07T20:01Z","SERC.2016.45",,,"drag",116,"N",0,0,0,"No known compromise","NEON.DOC.014045vG","esNjjubcI51hdInmRHEEIrFR4+oIJtuN",
