uid,namedLocation,domainID,siteID,plotID,plotType,nlcdClass,decimalLatitude,decimalLongitude,geodeticDatum,coordinateUncertainty,elevation,elevationUncertainty,collectDate,eventID,sampleID,sampleCode,samplingMethod,totalSampledArea,targetTaxaPresent,adultCount,nymphCount,larvaCount,sampleCondition,samplingProtocolVersion,measuredBy,remarks
"1792346b-2289-4e78-b77a-1b69d0b35efc","ORNL_007.tickPlot.tck","D07","ORNL","ORNL_007","distributed","deciduousForest",35.925843,-84.328420,"WGS84",20.2,279.4,0.5,"2018-04-18T12:50Z","ORNL.2018.16","ORNL_007.20180418","B00000025122","drag and flag",163,"Y",4,2,0,"No known compromise","NEON.DOC.014045vJ","bj8+IJTPpK9B+X2rN/KZV03LBpX6wb7cr0Ettjp1m08=",
"7fdbadb1-c61c-4908-b216-1e8a9c47e892","ORNL_002.tickPlot.tck","D07","ORNL","ORNL_002","distributed","deciduousForest",35.983090,-84.211654,"WGS84",20.3,338.6,0.5,"2018-04-18T12:57Z","ORNL.2018.16","ORNL_002.20180418","B00000025098","drag and flag",162,"Y",1,9,0,"No known compromise","NEON.DOC.014045vJ","nAKPQvGWPz3rFv4/63mKy/6PZ3ONZ0BTbNHKq62JfrI=",
"16351dbd-800c-45a3-b07c-e18f55f1e8ea","ORNL_008.tickPlot.tck","D07","ORNL","ORNL_008","distributed","deciduousForest",35.933531,-84.334016,"WGS84",20.3,322.7,0.3,"2018-04-18T13:52Z","ORNL.2018.16","ORNL_008.20180418","B00000025094","drag and flag",162,"Y",0,1,0,"No known compromise","NEON.DOC.014045vJ","dUo4y+35fYMLf84WQKENwuHL/E92G+BZoT7HeQZOdG4=",
"bbf9952e-3491-412f-ae59-5f28aeac17c2","ORNL_009.tickPlot.tck","D07","ORNL","ORNL_009","distributed","deciduousForest",35.974902,-84.226630,"WGS84",20.2,337.1,0.2,"2018-04-18T14:41Z","ORNL.2018.16","ORNL_009.20180418","B00000025115","drag and flag",169,"Y",3,4,0,"No known compromise","NEON.DOC.014045vJ","nAKPQvGWPz3rFv4/63mKy/6PZ3ONZ0BTbNHKq62JfrI=",
"54225dbd-a471-4f02-9309-b9efa7108717","ORNL_040.tickPlot.tck","D07","ORNL","ORNL_040","distributed","evergreenForest",35.975525,-84.305103,"WGS84",20.2,273.2,0.2,"2018-04-18T14:56Z","ORNL.2018.16","ORNL_040.20180418","B00000025123","drag and flag",165,"Y",2,0,0,"No known compromise","NEON.DOC.014045vJ","bj8+IJTPpK9B+X2rN/KZV03LBpX6wb7cr0Ettjp1m08=",
"8be345ea-b044-4263-92ea-47511c0f131b","ORNL_003.tickPlot.tck","D07","ORNL","ORNL_003","distributed","deciduousForest",35.967011,-84.229849,"WGS84",20.2,275.5,0.2,"2018-04-18T16:17Z","ORNL.2018.16","ORNL_003.20180418","B00000025097","drag and flag",164,"Y",2,0,0,"No known compromise","NEON.DOC.014045vJ","nAKPQvGWPz3rFv4/63mKy/6PZ3ONZ0BTbNHKq62JfrI=",
