uid,namedLocation,domainID,siteID,plotID,plotType,nlcdClass,decimalLatitude,decimalLongitude,geodeticDatum,coordinateUncertainty,elevation,elevationUncertainty,collectDate,eventID,sampleID,sampleCode,samplingMethod,totalSampledArea,targetTaxaPresent,adultCount,nymphCount,larvaCount,sampleCondition,samplingProtocolVersion,measuredBy,remarks
"716db9ac-2f63-4542-a271-57e6182c34ca","SRER_007.tickPlot.tck","D14","SRER","SRER_007","distributed","shrubScrub",31.898810,-110.874149,"WGS84",20.1,934.9,0.1,"2016-09-29T16:29Z","SRER.2016.39",,,"drag and flag",165,"N",0,0,0,"No known compromise","NEON.DOC.014045vG","rT3Yl3ajt10V8w40mB+1aaiQYfD/eF32",
"a44645a7-62e2-4265-af48-0a185ca94651","SRER_008.tickPlot.tck","D14","SRER","SRER_008","distributed","shrubScrub",31.868129,-110.813836,"WGS84",20.1,1172.7,0.1,"2016-09-29T17:20Z","SRER.2016.39",,,"drag and flag",165,"N",0,0,0,"No known compromise","NEON.DOC.014045vG","rT3Yl3ajt10V8w40mB+1aaiQYfD/eF32",
"89de3d32-7de6-4a7d-a5cb-d4f6034f9c8d","SRER_004.tickPlot.tck","D14","SRER","SRER_004","distributed","shrubScrub",31.908022,-110.816123,"WGS84",20.0,1039.1,0.0,"2016-09-29T18:45Z","SRER.2016.39",,,"drag and flag",165,"N",0,0,0,"No known compromise","NEON.DOC.014045vG","rT3Yl3ajt10V8w40mB+1aaiQYfD/eF32",
"84702690-239f-4e28-a389-3f4cb8d9f43c","SRER_002.tickPlot.tck","D14","SRER","SRER_002","distributed","shrubScrub",31.871226,-110.855454,"WGS84",20.1,1032.1,0.1,"2016-09-29T19:12Z","SRER.2016.39",,,"drag and flag",170,"N",0,0,0,"No known compromise","NEON.DOC.014045vG","jsTjq759p0sW6l4HEM4a2vh3YQ8Sowis",
"07d7114e-72eb-4c4d-8fb1-23093d06307c","SRER_003.tickPlot.tck","D14","SRER","SRER_003","distributed","shrubScrub",31.840004,-110.915794,"WGS84",20.1,977.6,0.1,"2016-09-29T21:05Z","SRER.2016.39",,,"drag and flag",174,"N",0,0,0,"No known compromise","NEON.DOC.014045vG","4oiYddzo72NZyz4nMH16IHRs3xHjOIFa",
"3cd4a4c0-838b-4bb7-bd5e-e54063aac8ed","SRER_006.tickPlot.tck","D14","SRER","SRER_006","distributed","shrubScrub",31.797005,-110.910555,"WGS84",20.1,1046.3,0.1,"2016-09-29T22:44Z","SRER.2016.39",,,"drag and flag",166,"N",0,0,0,"No known compromise","NEON.DOC.014045vG","jsTjq759p0sW6l4HEM4a2vh3YQ8Sowis","N"
