uid,namedLocation,domainID,siteID,plotID,plotType,nlcdClass,decimalLatitude,decimalLongitude,geodeticDatum,coordinateUncertainty,elevation,elevationUncertainty,collectDate,eventID,sampleID,sampleCode,samplingMethod,totalSampledArea,targetTaxaPresent,adultCount,nymphCount,larvaCount,sampleCondition,samplingProtocolVersion,measuredBy,remarks
"00f0152d-66f0-4b50-9161-c6b4cba2fd91","JERC_011.tickPlot.tck","D03","JERC","JERC_011","distributed","evergreenForest",31.184787,-84.466700,"WGS84",20.1,40.0,0.1,"2017-07-13T12:44Z","JERC.2017.29",,,"drag and flag",166,"N",0,0,0,,"NEON.DOC.014045vH","PeMFT7qqOQEd16b16hQ1mHIk6ClEPN9Prl+j30tuZrY=",
"9eec6d01-3095-4f1a-bb6b-802d817a3239","JERC_004.tickPlot.tck","D03","JERC","JERC_004","distributed","cultivatedCrops",31.190115,-84.467381,"WGS84",20.1,43.6,0.2,"2017-07-13T13:09Z","JERC.2017.29",,,"drag and flag",160,"N",0,0,0,,"NEON.DOC.014045vH","PeMFT7qqOQEd16b16hQ1mHIk6ClEPN9Prl+j30tuZrY=",
"759a9521-d7eb-41b5-b862-8e950776c83d","JERC_002.tickPlot.tck","D03","JERC","JERC_002","distributed","evergreenForest",31.194065,-84.461537,"WGS84",20.3,56.0,0.5,"2017-07-13T13:30Z","JERC.2017.29",,,"drag and flag",160,"N",0,0,0,,"NEON.DOC.014045vH","PeMFT7qqOQEd16b16hQ1mHIk6ClEPN9Prl+j30tuZrY=",
"bc311f9e-07a7-49c4-96e3-e084b1a0c14b","JERC_034.tickPlot.tck","D03","JERC","JERC_034","distributed","deciduousForest",31.198824,-84.491213,"WGS84",20.1,44.9,0.2,"2017-07-13T21:35Z","JERC.2017.29",,,"drag and flag",165,"N",0,0,0,,"NEON.DOC.014045vH","PeMFT7qqOQEd16b16hQ1mHIk6ClEPN9Prl+j30tuZrY=",
"8bba3bfd-09da-405f-aae5-03c6fd6c83e6","JERC_044.tickPlot.tck","D03","JERC","JERC_044","distributed","mixedForest",31.195549,-84.482479,"WGS84",20.1,42.5,0.1,"2017-07-13T22:36Z","JERC.2017.29",,,"drag and flag",175,"N",0,0,0,,"NEON.DOC.014045vH","K9OTaQ0zZCLKuSI2a22zmxo5JPNK03YOJDKl7AdSUww=","Needs flags"
"a74fe8f6-9dba-44b1-bb1c-c06ccba30fae","JERC_010.tickPlot.tck","D03","JERC","JERC_010","distributed","deciduousForest",31.209219,-84.470530,"WGS84",20.2,40.5,0.5,"2017-07-13T23:09Z","JERC.2017.29",,,"drag and flag",165,"N",0,0,0,,"NEON.DOC.014045vH","PeMFT7qqOQEd16b16hQ1mHIk6ClEPN9Prl+j30tuZrY=",
