uid,namedLocation,domainID,siteID,plotID,plotType,nlcdClass,decimalLatitude,decimalLongitude,geodeticDatum,coordinateUncertainty,elevation,elevationUncertainty,collectDate,eventID,sampleID,sampleCode,samplingMethod,totalSampledArea,targetTaxaPresent,adultCount,nymphCount,larvaCount,sampleCondition,samplingProtocolVersion,measuredBy,remarks
"9bfd9665-8d6c-4478-99d3-0c471ee33a0f","DSNY_001.tickPlot.tck","D03","DSNY","DSNY_001","distributed","woodyWetlands",28.098062,-81.418561,"WGS84",20.1,20.3,0.1,"2016-03-17T13:07Z","DSNY.2016.11",,,"drag and flag",162,"N",0,0,0,"No known compromise","NEON.DOC.014045vG","q+sogNxuTpaaq3nt4H3feKdAxSnPr68l","Hogs seen in plot - possible introduction of ticks"
"b9ac43f5-f7c6-4eee-8ebd-c224bfff94f7","DSNY_006.tickPlot.tck","D03","DSNY","DSNY_006","distributed","woodyWetlands",28.093704,-81.398045,"WGS84",20.1,20.1,0.1,"2016-03-17T14:40Z","DSNY.2016.11",,,"drag and flag",166,"N",0,0,0,"No known compromise","NEON.DOC.014045vG","q+sogNxuTpaaq3nt4H3feKdAxSnPr68l",
"68778169-3146-4552-bd88-919c3d48f3b2","DSNY_004.tickPlot.tck","D03","DSNY","DSNY_004","distributed","woodyWetlands",28.101022,-81.399501,"WGS84",20.1,18.7,0.1,"2016-03-17T15:26Z","DSNY.2016.11",,,"drag and flag",160,"N",0,0,0,"No known compromise","NEON.DOC.014045vG","q+sogNxuTpaaq3nt4H3feKdAxSnPr68l",
"7b79bd92-4519-4b03-8a96-1d3052db59b2","DSNY_005.tickPlot.tck","D03","DSNY","DSNY_005","distributed","woodyWetlands",28.040497,-81.394482,"WGS84",20.1,16.6,0.1,"2016-03-17T17:32Z","DSNY.2016.11",,,"drag and flag",164,"N",0,0,0,"No known compromise","NEON.DOC.014045vG","q+sogNxuTpaaq3nt4H3feKdAxSnPr68l",
"9181a3bd-bb88-4a0e-b10e-3b174b2bf612","DSNY_008.tickPlot.tck","D03","DSNY","DSNY_008","distributed","woodyWetlands",28.047337,-81.403204,"WGS84",20.1,18.8,0.1,"2016-03-17T18:28Z","DSNY.2016.11",,,"drag and flag",160,"N",0,0,0,"No known compromise","NEON.DOC.014045vG","q+sogNxuTpaaq3nt4H3feKdAxSnPr68l",
"9942382d-1573-4f56-b59d-087b26e0c24b","DSNY_006.tickPlot.tck","D03","DSNY","DSNY_006","distributed","woodyWetlands",28.093704,-81.398045,"WGS84",20.1,20.1,0.1,"2016-03-22T13:56Z","DSNY.2016.12",,,"drag and flag",155,"N",0,0,0,"No known compromise","NEON.DOC.014045vG","q+sogNxuTpaaq3nt4H3feKdAxSnPr68l",
"ceab97cf-3a6f-4df4-b667-96875b355bd2","DSNY_004.tickPlot.tck","D03","DSNY","DSNY_004","distributed","woodyWetlands",28.101022,-81.399501,"WGS84",20.1,18.7,0.1,"2016-03-22T14:58Z","DSNY.2016.12",,,"drag and flag",158,"N",0,0,0,"No known compromise","NEON.DOC.014045vG","TOZQayAMhMZRD4kxPUTuha2EAq0RqctX2rc6ti+FmZY=",
"b347271f-97f6-4b54-8556-a9bea39821e0","DSNY_001.tickPlot.tck","D03","DSNY","DSNY_001","distributed","woodyWetlands",28.098062,-81.418561,"WGS84",20.1,20.3,0.1,"2016-03-22T16:18Z","DSNY.2016.12",,,"drag and flag",160,"N",0,0,0,"No known compromise","NEON.DOC.014045vG","TOZQayAMhMZRD4kxPUTuha2EAq0RqctX2rc6ti+FmZY=",
"e089fb14-534e-4a2c-b5bc-f5a450b3a4c5","DSNY_021.tickPlot.tck","D03","DSNY","DSNY_021","distributed","pastureHay",28.053635,-81.392353,"WGS84",20.1,17.1,0.1,"2016-03-22T18:18Z","DSNY.2016.12",,,"drag and flag",160,"N",0,0,0,"No known compromise","NEON.DOC.014045vG","q+sogNxuTpaaq3nt4H3feKdAxSnPr68l",
"2e734df9-2ea2-49fd-8e55-30c80f556ef4","DSNY_008.tickPlot.tck","D03","DSNY","DSNY_008","distributed","woodyWetlands",28.047337,-81.403204,"WGS84",20.1,18.8,0.1,"2016-03-22T19:11Z","DSNY.2016.12",,,"drag and flag",160,"N",0,0,0,"No known compromise","NEON.DOC.014045vG","q+sogNxuTpaaq3nt4H3feKdAxSnPr68l",
"8fd6f9d0-21be-4f3a-a2ce-cd6cd6b28b97","DSNY_005.tickPlot.tck","D03","DSNY","DSNY_005","distributed","woodyWetlands",28.040497,-81.394482,"WGS84",20.1,16.6,0.1,"2016-03-22T20:33Z","DSNY.2016.12",,,"drag and flag",160,"N",0,0,0,"No known compromise","NEON.DOC.014045vG","TOZQayAMhMZRD4kxPUTuha2EAq0RqctX2rc6ti+FmZY=",
