uid,namedLocation,domainID,siteID,plotID,plotType,nlcdClass,decimalLatitude,decimalLongitude,geodeticDatum,coordinateUncertainty,elevation,elevationUncertainty,collectDate,eventID,sampleID,sampleCode,samplingMethod,totalSampledArea,targetTaxaPresent,adultCount,nymphCount,larvaCount,sampleCondition,samplingProtocolVersion,measuredBy,remarks
"f7601476-7710-4891-8854-704461d21c8e","ORNL_002.tickPlot.tck","D07","ORNL","ORNL_002","distributed","deciduousForest",35.983090,-84.211654,"WGS84",20.3,338.6,0.5,"2018-06-05T14:30Z","ORNL.2018.23","ORNL_002.20180605","B00000025301","drag",160,"Y",4,87,0,"No known compromise","NEON.DOC.014045vJ","ntMKYxYUttiqg+M2We4SbKWIfDoMDecaAZhfwjEr5Eo=",
"2ddfd73d-4f56-487c-9d13-910f33eaecfe","ORNL_007.tickPlot.tck","D07","ORNL","ORNL_007","distributed","deciduousForest",35.925843,-84.328420,"WGS84",20.2,279.4,0.5,"2018-06-05T14:50Z","ORNL.2018.23","ORNL_007.20180605","B00000025296","drag and flag",162,"Y",7,18,0,"No known compromise","NEON.DOC.014045vJ","2H55su/YJR5LPFmvOFXSwF0uMtbHyYnwq0ApKEkczBw=",
"5e2dc3d0-e929-4bbb-b278-fbaa41c55932","ORNL_009.tickPlot.tck","D07","ORNL","ORNL_009","distributed","deciduousForest",35.974902,-84.226630,"WGS84",20.2,337.1,0.2,"2018-06-05T16:10Z","ORNL.2018.23","ORNL_009.20180605","A00000012562","drag and flag",160,"Y",0,42,14,"No known compromise","NEON.DOC.014045vJ","o8zDrSGfNRHXTwkNXPAdRAjPrJVp6LTtS+vSpO9tqxI=",
"ffce73db-6371-4630-915a-48d8d262450b","ORNL_008.tickPlot.tck","D07","ORNL","ORNL_008","distributed","deciduousForest",35.933531,-84.334016,"WGS84",20.3,322.7,0.3,"2018-06-05T16:25Z","ORNL.2018.23","ORNL_008.20180605","B00000025300","drag and flag",160,"Y",7,31,0,"No known compromise","NEON.DOC.014045vJ","2H55su/YJR5LPFmvOFXSwF0uMtbHyYnwq0ApKEkczBw=",
"7033c932-eaae-4a59-9af1-4c54009534b5","ORNL_003.tickPlot.tck","D07","ORNL","ORNL_003","distributed","deciduousForest",35.967011,-84.229849,"WGS84",20.2,275.5,0.2,"2018-06-05T17:22Z","ORNL.2018.23","ORNL_003.20180605","A00000012559","drag and flag",160,"Y",5,9,0,"No known compromise","NEON.DOC.014045vJ","o8zDrSGfNRHXTwkNXPAdRAjPrJVp6LTtS+vSpO9tqxI=",
"597f37d7-e51e-44d3-89e2-0613e4f77e42","ORNL_040.tickPlot.tck","D07","ORNL","ORNL_040","distributed","evergreenForest",35.975525,-84.305103,"WGS84",20.2,273.2,0.2,"2018-06-05T18:06Z","ORNL.2018.23","ORNL_040.20180605","B00000025298","drag and flag",160,"Y",0,7,0,"No known compromise","NEON.DOC.014045vJ","2H55su/YJR5LPFmvOFXSwF0uMtbHyYnwq0ApKEkczBw=",
"0cf75d20-dcac-4b60-a749-29c2c11cb2c1","ORNL_003.tickPlot.tck","D07","ORNL","ORNL_003","distributed","deciduousForest",35.967011,-84.229849,"WGS84",20.2,275.5,0.2,"2018-06-20T12:52Z","ORNL.2018.25","ORNL_003.20180620","A00000012563","drag and flag",158,"Y",6,16,117,"No known compromise","NEON.DOC.014045vJ","o8zDrSGfNRHXTwkNXPAdRAjPrJVp6LTtS+vSpO9tqxI=",
"7fdc5fb1-031c-4f20-a364-22ba3d87c9cb","ORNL_009.tickPlot.tck","D07","ORNL","ORNL_009","distributed","deciduousForest",35.974902,-84.226630,"WGS84",20.2,337.1,0.2,"2018-06-20T14:19Z","ORNL.2018.25","ORNL_009.20180620",,"drag and flag",157,"Y",0,85,75,"No known compromise","NEON.DOC.014045vJ","Df3XArx6T5f9nbaZWebSwPkd+oyrM9g+PMkG0Wv0Y6I=",
"4b61fd5a-753c-4074-a7ae-170a3bf7fe60","ORNL_002.tickPlot.tck","D07","ORNL","ORNL_002","distributed","deciduousForest",35.983090,-84.211654,"WGS84",20.3,338.6,0.5,"2018-06-20T15:56Z","ORNL.2018.25","ORNL_002.20180620","A00000012152","drag",160,"Y",1,159,8,"No known compromise","NEON.DOC.014045vJ","o8zDrSGfNRHXTwkNXPAdRAjPrJVp6LTtS+vSpO9tqxI=",
