uid,namedLocation,domainID,siteID,plotID,plotType,nlcdClass,decimalLatitude,decimalLongitude,geodeticDatum,coordinateUncertainty,elevation,elevationUncertainty,collectDate,eventID,sampleID,sampleCode,samplingMethod,totalSampledArea,targetTaxaPresent,adultCount,nymphCount,larvaCount,sampleCondition,samplingProtocolVersion,measuredBy,remarks
"69058cb5-3ac9-4008-9b3a-84c0c7406d99","UNDE_013.tickPlot.tck","D05","UNDE","UNDE_013","distributed","deciduousForest",46.227776,-89.535166,"WGS84",20.2,510.3,0.3,"2017-09-11T13:31Z","UNDE.2017.38",,,"drag and flag",152,"N",0,0,0,,"NEON.DOC.014045vH","U7RagQbUX4u+dLtUkT/w+eKoYvmR7sAlnCu38Rw8Rm0=",
"10aa1acc-096d-42c4-b6ba-0f670dd3a34f","UNDE_002.tickPlot.tck","D05","UNDE","UNDE_002","distributed","woodyWetlands",46.242285,-89.543255,"WGS84",20.3,506.2,0.4,"2017-09-11T14:36Z","UNDE.2017.38",,,"drag and flag",146,"N",0,0,0,,"NEON.DOC.014045vH","U7RagQbUX4u+dLtUkT/w+eKoYvmR7sAlnCu38Rw8Rm0=",
"f5b97811-6aee-4d6f-961d-2c0d0bbba413","UNDE_999.tickPlot.tck","D05","UNDE","UNDE_999","distributed","woodyWetlands",46.256243,-89.534200,"WGS84",20.2,507.1,0.3,"2017-09-11T15:52Z","UNDE.2017.38",,,"drag and flag",149,"N",0,0,0,,"NEON.DOC.014045vH","U7RagQbUX4u+dLtUkT/w+eKoYvmR7sAlnCu38Rw8Rm0=",
"c7ccbb6e-3e9d-4a0f-9a0e-ff6f148775f7","UNDE_019.tickPlot.tck","D05","UNDE","UNDE_019","distributed","deciduousForest",46.257425,-89.542054,"WGS84",20.2,519.0,0.2,"2017-09-11T17:31Z","UNDE.2017.38",,,"drag and flag",160,"N",0,0,0,,"NEON.DOC.014045vH","U7RagQbUX4u+dLtUkT/w+eKoYvmR7sAlnCu38Rw8Rm0=",
"8addab57-3929-4f07-a955-ac5cae57efbe","UNDE_017.tickPlot.tck","D05","UNDE","UNDE_017","distributed","mixedForest",46.236736,-89.497054,"WGS84",20.1,518.8,0.2,"2017-09-11T18:42Z","UNDE.2017.38",,,"drag and flag",160,"N",0,0,0,,"NEON.DOC.014045vH","U7RagQbUX4u+dLtUkT/w+eKoYvmR7sAlnCu38Rw8Rm0=",
"abf48f0d-6ec3-440e-8687-14cc7fc2217d","UNDE_011.tickPlot.tck","D05","UNDE","UNDE_011","distributed","woodyWetlands",46.213935,-89.505950,"WGS84",20.3,507.7,0.4,"2017-09-11T19:43Z","UNDE.2017.38",,,"drag and flag",91,"N",0,0,0,,"NEON.DOC.014045vH","U7RagQbUX4u+dLtUkT/w+eKoYvmR7sAlnCu38Rw8Rm0=",
