uid,namedLocation,domainID,siteID,plotID,plotType,nlcdClass,decimalLatitude,decimalLongitude,geodeticDatum,coordinateUncertainty,elevation,elevationUncertainty,collectDate,eventID,sampleID,sampleCode,samplingMethod,totalSampledArea,targetTaxaPresent,adultCount,nymphCount,larvaCount,sampleCondition,samplingProtocolVersion,measuredBy,remarks
"6cee070a-510d-46bc-894d-1afdba04c3b0","BLAN_002.tickPlot.tck","D02","BLAN","BLAN_002","distributed","pastureHay",39.091474,-77.982149,"WGS84",20.1,145.6,0.1,"2016-07-18T13:26Z","BLAN.2016.29",,,"drag",162,"N",0,0,0,"No known compromise","NEON.DOC.014045vG","ena7GLJui5s1h8moQAQPw3Qj2+mVdivS",
"af4e6741-66a0-40a4-8bf6-7794a53f97fd","BLAN_004.tickPlot.tck","D02","BLAN","BLAN_004","distributed","pastureHay",39.088416,-77.961331,"WGS84",20.1,123.7,0.1,"2016-07-18T14:10Z","BLAN.2016.29",,,"drag",164,"N",0,0,0,"No known compromise","NEON.DOC.014045vG","/AhbGCCF27wHz9TggrmS1nLN8zUO+zcB",
"8ceb9504-8089-4155-8575-10bca348a539","BLAN_008.tickPlot.tck","D02","BLAN","BLAN_008","distributed","pastureHay",39.083870,-77.966320,"WGS84",20.4,159.6,0.5,"2016-07-18T14:54Z","BLAN.2016.29",,,"drag",160,"N",0,0,0,"No known compromise","NEON.DOC.014045vG","ena7GLJui5s1h8moQAQPw3Qj2+mVdivS",
"876f70af-62d0-4f31-a4d5-c393150030bf","BLAN_012.tickPlot.tck","D02","BLAN","BLAN_012","distributed","deciduousForest",39.082720,-77.959589,"WGS84",20.2,135.1,0.2,"2016-07-18T15:38Z","BLAN.2016.29",,,"drag",162,"N",0,0,0,"No known compromise","NEON.DOC.014045vG","/AhbGCCF27wHz9TggrmS1nLN8zUO+zcB",
"dfc4f5aa-d550-45ef-8da3-f6b0f79d4007","BLAN_015.tickPlot.tck","D02","BLAN","BLAN_015","distributed","deciduousForest",39.088728,-77.955494,"WGS84",20.2,125.9,0.2,"2016-07-18T16:51Z","BLAN.2016.29","BLAN_015.20160718",,"drag",164,"Y",0,0,83,"No known compromise","NEON.DOC.014045vG","/AhbGCCF27wHz9TggrmS1nLN8zUO+zcB","16 larvae in vial .01; 67 larvae in vial .02"
"4179b5d9-9164-47bd-a2b6-da569d453e4e","BLAN_005.tickPlot.tck","D02","BLAN","BLAN_005","distributed","deciduousForest",39.086223,-77.972729,"WGS84",20.2,169.1,0.3,"2016-07-18T18:30Z","BLAN.2016.29","BLAN_005.20160718",,"drag",87,"Y",0,3,349,"No known compromise","NEON.DOC.014045vG","/AhbGCCF27wHz9TggrmS1nLN8zUO+zcB","6 larvae in vial .01; 343 larvae in vial .02"
