uid,namedLocation,domainID,siteID,plotID,plotType,nlcdClass,decimalLatitude,decimalLongitude,geodeticDatum,coordinateUncertainty,elevation,elevationUncertainty,collectDate,eventID,sampleID,sampleCode,samplingMethod,totalSampledArea,targetTaxaPresent,adultCount,nymphCount,larvaCount,sampleCondition,samplingProtocolVersion,measuredBy,remarks
"ec09d569-a290-4b79-bce0-717848560114","MOAB_003.tickPlot.tck","D13","MOAB","MOAB_003","distributed","evergreenForest",38.261626,-109.347802,"WGS84",20.2,2013.4,0.5,"2016-06-16T14:30Z","MOAB.2016.24",,,"drag and flag",168,"N",0,0,0,"No known compromise","NEON.DOC.014045vG","DNdu0A4LGDcvp4VdeZYOWbz/wmYJi1nh","Deviation: 0.5m, 0.5m, 2.0m, 0.5m, 1.0m, 1.5m, 1.0m, 1.0m"
"ddd85600-97d6-4a8c-94fd-73ca614fbc3f","MOAB_005.tickPlot.tck","D13","MOAB","MOAB_005","distributed","shrubScrub",38.210851,-109.402026,"WGS84",20.1,1763.5,0.1,"2016-06-16T16:50Z","MOAB.2016.24",,,"drag and flag",163,"N",0,0,0,"No known compromise","NEON.DOC.014045vG","ce8X945k45orsD7Op+A1R0VZDTNjIA3X","Deviation: 0.5m, 2.0m, 2.0m"
"ca279955-0e97-4a69-b3aa-066cb3931ba4","MOAB_002.tickPlot.tck","D13","MOAB","MOAB_002","distributed","shrubScrub",38.211659,-109.413380,"WGS84",20.1,1770.3,0.1,"2016-06-16T17:43Z","MOAB.2016.24",,,"drag and flag",163,"N",0,0,0,"No known compromise","NEON.DOC.014045vG","DNdu0A4LGDcvp4VdeZYOWbz/wmYJi1nh","Deviation: 1.5m, 1.5m"
"502b0d6d-7f75-461d-8fd0-ff5403f9ec35","MOAB_006.tickPlot.tck","D13","MOAB","MOAB_006","distributed","shrubScrub",38.235080,-109.406067,"WGS84",20.1,1759.8,0.1,"2016-06-16T18:59Z","MOAB.2016.24",,,"drag and flag",172,"N",0,0,0,"No known compromise","NEON.DOC.014045vG","DNdu0A4LGDcvp4VdeZYOWbz/wmYJi1nh","Deviation: 1.5m, 0.5m, 0.5m, 1.5m, 2.0m, 1.0m, 1.0m, 2.0m, 2.0m"
"64d06f9c-0e41-410d-8eb8-9cc5bfbd1cd2","MOAB_004.tickPlot.tck","D13","MOAB","MOAB_004","distributed","shrubScrub",38.234505,-109.398111,"WGS84",20.1,1763.9,0.1,"2016-06-16T19:53Z","MOAB.2016.24",,,"drag and flag",161,"N",0,0,0,"No known compromise","NEON.DOC.014045vG","DNdu0A4LGDcvp4VdeZYOWbz/wmYJi1nh",
"20f721db-b6e8-4807-b308-2eefd1ce9693","MOAB_001.tickPlot.tck","D13","MOAB","MOAB_001","distributed","shrubScrub",38.258888,-109.413897,"WGS84",20.1,1804.0,0.1,"2016-06-16T21:04Z","MOAB.2016.24",,,"drag and flag",166,"N",0,0,0,"No known compromise","NEON.DOC.014045vG","DNdu0A4LGDcvp4VdeZYOWbz/wmYJi1nh",
