uid,namedLocation,domainID,siteID,plotID,plotType,nlcdClass,decimalLatitude,decimalLongitude,geodeticDatum,coordinateUncertainty,elevation,elevationUncertainty,collectDate,eventID,sampleID,sampleCode,samplingMethod,totalSampledArea,targetTaxaPresent,adultCount,nymphCount,larvaCount,sampleCondition,samplingProtocolVersion,measuredBy,remarks
"10c2c9b3-d7f6-4211-91e1-157931675c3b","HEAL_004.tickPlot.tck","D19","HEAL","HEAL_004","distributed","shrubScrub",63.864020,-149.276678,"WGS84",20.1,675.5,0.1,"2018-05-22T17:58Z","HEAL.2018.21",,,"drag",90,"N",0,0,0,,"NEON.DOC.014045vJ","lZ4H5l+LEreVoHhq6y4bByOpdKqn1otgASU4FB/BTwE=",
"ce196040-4ea6-45bb-87cf-da6ada5a21e4","HEAL_010.tickPlot.tck","D19","HEAL","HEAL_010","distributed","shrubScrub",63.877193,-149.260797,"WGS84",20.1,666.7,0.1,"2018-05-22T19:14Z","HEAL.2018.21",,,"drag and flag",160,"N",0,0,0,,"NEON.DOC.014045vJ","lZ4H5l+LEreVoHhq6y4bByOpdKqn1otgASU4FB/BTwE=",
"e1f2d2eb-c1f2-44e2-95eb-b6ce302e2430","HEAL_026.tickPlot.tck","D19","HEAL","HEAL_026","distributed","evergreenForest",63.886145,-149.192747,"WGS84",20.1,597.6,0.1,"2018-05-22T20:07Z","HEAL.2018.21",,,"flag",160,"N",0,0,0,,"NEON.DOC.014045vJ","lZ4H5l+LEreVoHhq6y4bByOpdKqn1otgASU4FB/BTwE=",
"1ebe05ae-7e62-47dd-af9b-a62c95e44413","HEAL_001.tickPlot.tck","D19","HEAL","HEAL_001","distributed","dwarfScrub",63.889470,-149.202952,"WGS84",20.1,595.7,0.1,"2018-05-22T20:38Z","HEAL.2018.21",,,"drag",160,"N",0,0,0,,"NEON.DOC.014045vJ","lZ4H5l+LEreVoHhq6y4bByOpdKqn1otgASU4FB/BTwE=",
"f301258c-3e8d-4ecd-b70b-52f3f824a4ea","HEAL_014.tickPlot.tck","D19","HEAL","HEAL_014","distributed","shrubScrub",63.887214,-149.270823,"WGS84",20.1,671.2,0.1,"2018-05-23T18:56Z","HEAL.2018.21",,,"drag",160,"N",0,0,0,,"NEON.DOC.014045vJ","tgsoy72LPYsJPB7IfFj5EMAMiXWPGObWgpwNHuOQs3c=",
"5b7c8f03-a2ed-44fa-8e6e-ebd88c68dafc","HEAL_011.tickPlot.tck","D19","HEAL","HEAL_011","distributed","shrubScrub",63.885895,-149.302351,"WGS84",20.1,649.7,0.1,"2018-05-30T18:40Z","HEAL.2018.22",,,"drag and flag",86,"N",0,0,0,,"NEON.DOC.014045vJ","s2uDESL1j+AW3Q2Q0IlT2c/WFAdKqXr0DT83SmWL7KI=",
