uid,namedLocation,domainID,siteID,plotID,plotType,nlcdClass,decimalLatitude,decimalLongitude,geodeticDatum,coordinateUncertainty,elevation,elevationUncertainty,collectDate,eventID,sampleID,sampleCode,samplingMethod,totalSampledArea,targetTaxaPresent,adultCount,nymphCount,larvaCount,sampleCondition,samplingProtocolVersion,measuredBy,remarks
"79be297d-2d8a-4129-8417-dd0157013f8c","STER_006.tickPlot.tck","D10","STER","STER_006","distributed","cultivatedCrops",40.465644,-103.032824,"WGS84",20.1,1361.1,0.1,"2016-04-26T17:20Z","STER.2016.17",,,"drag",160,"N",0,0,0,"No known compromise","NEON.DOC.014045vG","XZc4otxvw81jUcPDZ6F4g30QzOP3GO9L",
"dce2774e-ba94-4e72-a789-e9c95c5fa823","STER_029.tickPlot.tck","D10","STER","STER_029","distributed","cultivatedCrops",40.469400,-103.010366,"WGS84",20.2,1352.6,0.3,"2016-04-26T19:25Z","STER.2016.17",,,"drag",160,"N",0,0,0,"No known compromise","NEON.DOC.014045vG","XZc4otxvw81jUcPDZ6F4g30QzOP3GO9L",
"01da97f6-2803-4d90-9f6d-8334edec04f9","STER_028.tickPlot.tck","D10","STER","STER_028","distributed","cultivatedCrops",40.472367,-103.017002,"WGS84",20.2,1358.2,0.3,"2016-04-26T20:21Z","STER.2016.17",,,"drag",160,"N",0,0,0,"No known compromise","NEON.DOC.014045vG","OE7fE2MbD40vJF+z5GY7/dr5RHm2eaOH",
"6940c8f7-b739-4227-a0ee-069e98f06897","STER_026.tickPlot.tck","D10","STER","STER_026","distributed","cultivatedCrops",40.474857,-103.022558,"WGS84",20.2,1358.2,0.2,"2016-04-26T21:10Z","STER.2016.17",,,"drag",160,"N",0,0,0,"No known compromise","NEON.DOC.014045vG","OE7fE2MbD40vJF+z5GY7/dr5RHm2eaOH",
"02aef115-edb9-44b3-85f7-e746a2b0a561","STER_027.tickPlot.tck","D10","STER","STER_027","distributed","cultivatedCrops",40.480002,-103.017416,"WGS84",20.2,1365.6,0.2,"2016-04-27T14:42Z","STER.2016.17",,,"drag",164,"N",0,0,0,"No known compromise","NEON.DOC.014045vG","XZc4otxvw81jUcPDZ6F4g30QzOP3GO9L",
"db14d777-9eb9-4ee5-8628-230c0e027a65","STER_033.tickPlot.tck","D10","STER","STER_033","distributed","cultivatedCrops",40.476290,-103.010114,"WGS84",20.2,1355.1,0.2,"2016-04-27T15:37Z","STER.2016.17",,,"drag",160,"N",0,0,0,"No known compromise","NEON.DOC.014045vG","OE7fE2MbD40vJF+z5GY7/dr5RHm2eaOH",
