uid,namedLocation,date,domainID,siteID,plotID,plotType,nlcdClass,decimalLatitude,decimalLongitude,geodeticDatum,coordinateUncertainty,easting,northing,utmZone,elevation,elevationUncertainty,eventID,samplingProtocolVersion,treesPresent,treesAbsentList,shrubsPresent,shrubsAbsentList,lianasPresent,lianasAbsentList,nestedSubplotAreaShrubSapling,nestedSubplotAreaLiana,totalSampledAreaTrees,totalSampledAreaShrubSapling,totalSampledAreaLiana,remarks,measuredBy,recordedBy,dataQF
"ffcf9a2b-eac4-4b6c-bae7-a38c9ed0a1c7","SRER_044.basePlot.vst","2016-10-18","D14","SRER","SRER_044","tower","shrubScrub",31.912792,-110.837172,"WGS84",20.1,515394.52,3530780.97,"12N",989.7,0.1,"vst_SRER_2016","NEON.DOC.000987vE","N",,"Y","presentInAll","N",,"100","noneSelected",800,400,800,,"j8Qlsy+mKIFpPXmlKY7NH5kCBm442+nv","4oiYddzo72NZyz4nMH16IHRs3xHjOIFa",
"fd4d61f5-7165-4617-8f75-ece6f29a66f5","SRER_046.basePlot.vst","2016-10-19","D14","SRER","SRER_046","tower","shrubScrub",31.911420,-110.837484,"WGS84",20.0,515365.25,3530628.86,"12N",990.9,0.0,"vst_SRER_2016","NEON.DOC.000987vE","N",,"Y","presentInAll","N",,"25","noneSelected",800,100,800,,"j8Qlsy+mKIFpPXmlKY7NH5kCBm442+nv","jsTjq759p0sW6l4HEM4a2vh3YQ8Sowis",
"bf9c54e6-8373-4642-aba0-38ce0e7737d3","SRER_043.basePlot.vst","2016-10-20","D14","SRER","SRER_043","tower","shrubScrub",31.910099,-110.837175,"WGS84",20.0,515394.69,3530482.48,"12N",993.4,0.0,"vst_SRER_2016","NEON.DOC.000987vE","N",,"Y","presentInAll","N",,"25","noneSelected",800,100,800,,"4oiYddzo72NZyz4nMH16IHRs3xHjOIFa","j8Qlsy+mKIFpPXmlKY7NH5kCBm442+nv",
"459233ca-951a-45c6-86be-1a212e9290a2","SRER_048.basePlot.vst","2016-10-26","D14","SRER","SRER_048","tower","shrubScrub",31.912989,-110.835872,"WGS84",20.1,515517.40,3530803.00,"12N",991.1,0.1,"vst_SRER_2016","NEON.DOC.000987vE","N",,"Y","presentInAll","N",,"100","noneSelected",800,400,800,,"j8Qlsy+mKIFpPXmlKY7NH5kCBm442+nv","h4cnM1FImy0O1yRkPnGyOQFSRP/gNije",
"fe9eac87-783b-4268-ac68-8289c945bbad","SRER_057.basePlot.vst","2016-10-31","D14","SRER","SRER_057","tower","shrubScrub",31.911574,-110.835883,"WGS84",20.1,515516.60,3530646.15,"12N",994.1,0.1,"vst_SRER_2016","NEON.DOC.000987vE","N",,"Y","presentInAll","N",,"25","noneSelected",800,100,800,,"jsTjq759p0sW6l4HEM4a2vh3YQ8Sowis","j8Qlsy+mKIFpPXmlKY7NH5kCBm442+nv",
