uid,namedLocation,domainID,siteID,plotID,plotType,nlcdClass,decimalLatitude,decimalLongitude,geodeticDatum,coordinateUncertainty,elevation,elevationUncertainty,collectDate,eventID,sampleID,sampleCode,samplingMethod,totalSampledArea,targetTaxaPresent,adultCount,nymphCount,larvaCount,sampleCondition,samplingProtocolVersion,measuredBy,remarks
"36359713-fe50-4021-8a95-e1e2a157e7cc","GRSM_009.tickPlot.tck","D07","GRSM","GRSM_009","distributed","deciduousForest",35.671874,-83.491180,"WGS84",20.2,820.9,0.2,"2016-06-08T12:09Z","GRSM.2016.23",,,"drag and flag",180,"N",0,0,0,"No known compromise","NEON.DOC.014045vG","qUVO/nUAMfdJop3kv4Cvwz9twxCm+mTQqC6nCO2BLeA=",
"e4ccb0db-3f0b-4a89-a7ed-30a917e5302b","GRSM_005.tickPlot.tck","D07","GRSM","GRSM_005","distributed","deciduousForest",35.682740,-83.398124,"WGS84",20.2,731.0,0.4,"2016-06-08T21:57Z","GRSM.2016.23",,,"drag and flag",180,"N",0,0,0,"No known compromise","NEON.DOC.014045vG","qUVO/nUAMfdJop3kv4Cvwz9twxCm+mTQqC6nCO2BLeA=",
"f7bff6ec-d052-4362-8cd0-b9e84ad0a94a","GRSM_003.tickPlot.tck","D07","GRSM","GRSM_003","distributed","deciduousForest",35.676584,-83.476209,"WGS84",20.2,880.6,0.2,"2016-06-09T14:15Z","GRSM.2016.23",,,"drag",162,"N",0,0,0,"No known compromise","NEON.DOC.014045vG","pYDsgXGI2SVHY1uVQZC7VoDfrhm/qvNY",
"3703e3fc-fba4-44ea-9548-988be39f3bd8","GRSM_006.tickPlot.tck","D07","GRSM","GRSM_006","distributed","deciduousForest",35.679072,-83.643678,"WGS84",20.2,533.6,0.2,"2016-06-09T19:12Z","GRSM.2016.23",,,"drag",162,"N",0,0,0,"No known compromise","NEON.DOC.014045vG","zAuTdQ8TLTOCAVE+XhtWnklq56XAz8bt",
"b3409096-1926-4211-85ff-4d3f1ad41b61","GRSM_004.tickPlot.tck","D07","GRSM","GRSM_004","distributed","deciduousForest",35.688959,-83.535562,"WGS84",20.3,441.9,0.5,"2016-06-09T19:25Z","GRSM.2016.23",,,"drag and flag",160,"N",0,0,0,"No known compromise","NEON.DOC.014045vG","nAKPQvGWPz3w50pS9SF/Wg/TlEjgxRE8",
"70107fe3-7c8a-4791-93b9-9fd2f9593d5d","GRSM_010.tickPlot.tck","D07","GRSM","GRSM_010","distributed","deciduousForest",35.669242,-83.524579,"WGS84",20.2,510.4,0.3,"2016-06-09T20:09Z","GRSM.2016.23","GRSM_010.20160609",,"drag",160,"Y",1,0,0,"No known compromise","NEON.DOC.014045vG","nAKPQvGWPz3w50pS9SF/Wg/TlEjgxRE8",
"4131eade-ea3a-4553-850b-7f20e2976e3b","GRSM_005.tickPlot.tck","D07","GRSM","GRSM_005","distributed","deciduousForest",35.682740,-83.398124,"WGS84",20.2,731.0,0.4,"2016-06-28T17:41Z","GRSM.2016.26",,,"drag",160,"N",0,0,0,"No known compromise","NEON.DOC.014045vG","KeiTLHEbiMjaDPgOwG0WGFZqdsUtDWAc",
"44b71ad7-4ead-41bd-aa54-b0313b4a1068","GRSM_004.tickPlot.tck","D07","GRSM","GRSM_004","distributed","deciduousForest",35.688959,-83.535562,"WGS84",20.3,441.9,0.5,"2016-06-29T14:15Z","GRSM.2016.26",,,"drag",162,"N",0,0,0,"No known compromise","NEON.DOC.014045vG","ktRKgJeRnoh1rL5n3N9BOHkk+vTddkEy",
"6dee12e4-ec0e-4ace-8a68-753f0234891c","GRSM_009.tickPlot.tck","D07","GRSM","GRSM_009","distributed","deciduousForest",35.671874,-83.491180,"WGS84",20.2,820.9,0.2,"2016-06-29T14:40Z","GRSM.2016.26",,,"drag",167,"N",0,0,0,"No known compromise","NEON.DOC.014045vG","KeiTLHEbiMjaDPgOwG0WGFZqdsUtDWAc",
"712c1ee1-95b2-46bc-ba37-b0a6cda7889a","GRSM_010.tickPlot.tck","D07","GRSM","GRSM_010","distributed","deciduousForest",35.669242,-83.524579,"WGS84",20.2,510.4,0.3,"2016-06-29T14:50Z","GRSM.2016.26",,,"drag",160,"N",0,0,0,"No known compromise","NEON.DOC.014045vG","ktRKgJeRnoh1rL5n3N9BOHkk+vTddkEy",
"55055f71-b7a1-46ea-bb8a-54aa0b11ea09","GRSM_003.tickPlot.tck","D07","GRSM","GRSM_003","distributed","deciduousForest",35.676584,-83.476209,"WGS84",20.2,880.6,0.2,"2016-06-29T15:24Z","GRSM.2016.26",,,"drag and flag",164,"N",0,0,0,"No known compromise","NEON.DOC.014045vG","KeiTLHEbiMjaDPgOwG0WGFZqdsUtDWAc",
"4d86dec7-29dc-4822-ba31-b437682ceb2b","GRSM_006.tickPlot.tck","D07","GRSM","GRSM_006","distributed","deciduousForest",35.679072,-83.643678,"WGS84",20.2,533.6,0.2,"2016-06-29T16:00Z","GRSM.2016.26",,,"drag",160,"N",0,0,0,"No known compromise","NEON.DOC.014045vG","ktRKgJeRnoh1rL5n3N9BOHkk+vTddkEy",
