uid,namedLocation,date,domainID,siteID,plotID,plotType,nlcdClass,decimalLatitude,decimalLongitude,geodeticDatum,coordinateUncertainty,easting,northing,utmZone,elevation,elevationUncertainty,eventID,samplingProtocolVersion,treesPresent,treesAbsentList,shrubsPresent,shrubsAbsentList,lianasPresent,lianasAbsentList,nestedSubplotAreaShrubSapling,nestedSubplotAreaLiana,totalSampledAreaTrees,totalSampledAreaShrubSapling,totalSampledAreaLiana,remarks,measuredBy,recordedBy,dataQF
"d46d99a9-1d18-4fc2-bc01-3ad0f13959b1","PUUM_041.basePlot.vst","2018-04-02","D20","PUUM","PUUM_041","tower","evergreenForest",19.553178,-155.316025,"WGS84",10.2,257003.73,2163681.55,"5N",1684.9,0.3,"vst_PUUM_2018","NEON.DOC.000987vG","Y","presentInAll","Y","presentInAll","Y","presentInAll","10","noneSelected",400,80,400,,"7b09tKNMSr/wOeeCXM11rXP6e8wTwK5T0tBo3Wt2uFY=","789xkq58z1GJuS14wfKvU8hTMuwfWaPhtmYGxFTQNkU=",
"51e29f91-a464-433c-9240-ba9831fdb8fc","PUUM_039.basePlot.vst","2018-04-03","D20","PUUM","PUUM_039","tower","evergreenForest",19.553784,-155.311175,"WGS84",10.1,257513.71,2163741.76,"5N",1637.1,0.1,"vst_PUUM_2018","NEON.DOC.000987vG",,,,,,,"10","noneSelected",400,80,400,"Other sampling area is tbd","jWmRYp6330DMjUrdbTka8pQm26lT/m4FxwHxE+lph3I=","4nR8a7TVv3/B8DkU6j9FzB2/cNAm3Ecaro4vtQcdNwc=",
"3757993f-30bf-4e01-9746-700103d79e93","PUUM_045.basePlot.vst","2018-04-04","D20","PUUM","PUUM_045","tower","evergreenForest",19.552627,-155.315184,"WGS84",10.1,257091.18,2163619.34,"5N",1673.6,0.1,"vst_PUUM_2018","NEON.DOC.000987vG",,,,,,,"3","noneSelected",400,24,400,,"7b09tKNMSr/wOeeCXM11rXP6e8wTwK5T0tBo3Wt2uFY=","4nR8a7TVv3/B8DkU6j9FzB2/cNAm3Ecaro4vtQcdNwc=",
"688d01ae-d40e-477d-b093-c4e0abf54364","PUUM_040.basePlot.vst","2018-04-09","D20","PUUM","PUUM_040","tower","evergreenForest",19.552827,-155.319745,"WGS84",10.2,256612.74,2163647.97,"5N",1723.1,0.3,"vst_PUUM_2018","NEON.DOC.000987vG","Y","presentInAll","Y","presentInAll","Y",,"3","100",400,24,800,,"7b09tKNMSr/wOeeCXM11rXP6e8wTwK5T0tBo3Wt2uFY=","TMxCm91ndAnfOpD6M/XyoAyhNi1lNXRsuRZ0KUomQx0=",
"e416db14-c31b-4573-8d99-88bf7a723d7b","PUUM_050.basePlot.vst","2018-04-10","D20","PUUM","PUUM_050","tower","evergreenForest",19.551983,-155.320326,"WGS84",10.2,256550.48,2163555.35,"5N",1735.2,0.3,"vst_PUUM_2018","NEON.DOC.000987vG","Y","presentInAll","Y","presentInAll","N",,"3","100",400,24,800,,"T+PBpFGEtzlBTPAlO04Zc0fAMPhuORWv4Zdy90mvmEg=","jWmRYp6330DMjUrdbTka8pQm26lT/m4FxwHxE+lph3I=",
"a040c778-08bb-48ff-97c0-beefa8f87bdf","PUUM_047.basePlot.vst","2018-04-10","D20","PUUM","PUUM_047","tower","evergreenForest",19.552044,-155.318899,"WGS84",10.2,256700.36,2163560.07,"5N",1707.3,0.3,"vst_PUUM_2018","NEON.DOC.000987vG","Y","presentInAll","Y","presentInAll","Y","presentInAll","3","noneSelected",400,24,400,,"T+PBpFGEtzlBTPAlO04Zc0fAMPhuORWv4Zdy90mvmEg=","jWmRYp6330DMjUrdbTka8pQm26lT/m4FxwHxE+lph3I=",
