uid,namedLocation,date,eventID,domainID,siteID,plotID,subplotID,individualID,tagStatus,growthForm,plantStatus,stemDiameter,measurementHeight,height,baseCrownHeight,breakHeight,breakDiameter,maxCrownDiameter,ninetyCrownDiameter,canopyPosition,shape,basalStemDiameter,basalStemDiameterMsrmntHeight,maxBaseCrownDiameter,ninetyBaseCrownDiameter,remarks,recordedBy,measuredBy,dataQF
"2718a6a5-3bcf-4dfd-8d09-ffe1543716a1","PUUM_036.basePlot.vst","2018-04-24","vst_PUUM_2018","D20","PUUM","PUUM_036",,"NEON.PLA.D20.PUUM.00407","ok","single bole tree","Live",19.8,110,1.5,,,,,,,,,,,,"Irregular at 130 and above","7b09tKNMSr/wOeeCXM11rXP6e8wTwK5T0tBo3Wt2uFY=","jWmRYp6330DMjUrdbTka8pQm26lT/m4FxwHxE+lph3I=",
"cb0a8ccf-cabb-4cce-9846-a48eaee4b114","PUUM_036.basePlot.vst","2018-04-24","vst_PUUM_2018","D20","PUUM","PUUM_036",,"NEON.PLA.D20.PUUM.00409","ok","single bole tree","Live",44.0,130,16.3,,,,,,,,,,,,,"7b09tKNMSr/wOeeCXM11rXP6e8wTwK5T0tBo3Wt2uFY=","jWmRYp6330DMjUrdbTka8pQm26lT/m4FxwHxE+lph3I=",
"29a8f1ee-ae32-437d-a58c-693952286695","PUUM_048.basePlot.vst","2018-04-24","vst_PUUM_2018","D20","PUUM","PUUM_048",,"NEON.PLA.D20.PUUM.00464","ok","single bole tree","Live",12.5,130,8.2,,,,,,,,,,,,,"7b09tKNMSr/wOeeCXM11rXP6e8wTwK5T0tBo3Wt2uFY=","jWmRYp6330DMjUrdbTka8pQm26lT/m4FxwHxE+lph3I=",
"e42252b8-b0ae-4da1-a64c-2524a4252cb0","PUUM_036.basePlot.vst","2018-04-24","vst_PUUM_2018","D20","PUUM","PUUM_036",,"NEON.PLA.D20.PUUM.00335","ok","small tree","Live",7.0,130,5.4,,,,,,,,,,,,,"7b09tKNMSr/wOeeCXM11rXP6e8wTwK5T0tBo3Wt2uFY=","jWmRYp6330DMjUrdbTka8pQm26lT/m4FxwHxE+lph3I=",
"b8e5ef58-5536-4d2b-8b4f-bdaf7757ed88","PUUM_048.basePlot.vst","2018-04-24","vst_PUUM_2018","D20","PUUM","PUUM_048",,"NEON.PLA.D20.PUUM.00446","ok","multi-bole tree","Dead, broken bole",11.7,130,4.6,,0.1,,,,,,,,,,,"7b09tKNMSr/wOeeCXM11rXP6e8wTwK5T0tBo3Wt2uFY=","jWmRYp6330DMjUrdbTka8pQm26lT/m4FxwHxE+lph3I=",
"d365e712-7bdb-4f88-b78c-3bf662bdb316","PUUM_036.basePlot.vst","2018-04-24","vst_PUUM_2018","D20","PUUM","PUUM_036",,"NEON.PLA.D20.PUUM.00405","ok","single bole tree","Live",30.5,140,2.0,,,,,,,,,,,,,"7b09tKNMSr/wOeeCXM11rXP6e8wTwK5T0tBo3Wt2uFY=","jWmRYp6330DMjUrdbTka8pQm26lT/m4FxwHxE+lph3I=",
"dbb8cd59-d15a-4d88-aca2-0d9ce3022f88","PUUM_036.basePlot.vst","2018-04-24","vst_PUUM_2018","D20","PUUM","PUUM_036",,"NEON.PLA.D20.PUUM.00390A","ok","multi-bole tree","Live",7.4,130,,,,,,,,,,,,,,"7b09tKNMSr/wOeeCXM11rXP6e8wTwK5T0tBo3Wt2uFY=","jWmRYp6330DMjUrdbTka8pQm26lT/m4FxwHxE+lph3I=",
"9715ce47-754d-4a06-84c5-de8d73a8a864","PUUM_036.basePlot.vst","2018-04-24","vst_PUUM_2018","D20","PUUM","PUUM_036",,"NEON.PLA.D20.PUUM.00330","ok","small tree","Live,  other damage",1.5,130,3.3,,,,,,,,,,,,,"7b09tKNMSr/wOeeCXM11rXP6e8wTwK5T0tBo3Wt2uFY=","jWmRYp6330DMjUrdbTka8pQm26lT/m4FxwHxE+lph3I=",
"018a259a-e38f-454f-b9f2-5ab8559a10fe","PUUM_036.basePlot.vst","2018-04-24","vst_PUUM_2018","D20","PUUM","PUUM_036",,"NEON.PLA.D20.PUUM.00417","ok","single bole tree","Live",11.7,130,7.4,,,,,,,,,,,,,"7b09tKNMSr/wOeeCXM11rXP6e8wTwK5T0tBo3Wt2uFY=","jWmRYp6330DMjUrdbTka8pQm26lT/m4FxwHxE+lph3I=",
"8c5d0261-260e-464a-b377-eab0b1d0d2b8","PUUM_036.basePlot.vst","2018-04-24","vst_PUUM_2018","D20","PUUM","PUUM_036",,"NEON.PLA.D20.PUUM.00406","ok","single bole tree","Live",22.9,130,16.6,,,,,,,,,,,,"Aerial roots divide bole below 130cm","7b09tKNMSr/wOeeCXM11rXP6e8wTwK5T0tBo3Wt2uFY=","jWmRYp6330DMjUrdbTka8pQm26lT/m4FxwHxE+lph3I=",
"f8728d6d-7781-42d4-a30a-44034ffd253e","PUUM_036.basePlot.vst","2018-04-24","vst_PUUM_2018","D20","PUUM","PUUM_036",,"NEON.PLA.D20.PUUM.00328","ok","sapling","Live",,,0.9,,,,,,,,6.0,10,,,,"7b09tKNMSr/wOeeCXM11rXP6e8wTwK5T0tBo3Wt2uFY=","jWmRYp6330DMjUrdbTka8pQm26lT/m4FxwHxE+lph3I=",
"4da21bc2-cc1b-4fe9-9461-936e880ee23c","PUUM_036.basePlot.vst","2018-04-24","vst_PUUM_2018","D20","PUUM","PUUM_036",,"NEON.PLA.D20.PUUM.00329","ok","small tree","Live",8.5,130,1.6,,,,,,,,,,,,,"7b09tKNMSr/wOeeCXM11rXP6e8wTwK5T0tBo3Wt2uFY=","jWmRYp6330DMjUrdbTka8pQm26lT/m4FxwHxE+lph3I=",
"e6098822-47ce-41df-9f76-464f832312bc","PUUM_036.basePlot.vst","2018-04-24","vst_PUUM_2018","D20","PUUM","PUUM_036",,"NEON.PLA.D20.PUUM.00399","ok","single bole tree","Live",26.7,130,1.5,,,,,,,,,,,,,"7b09tKNMSr/wOeeCXM11rXP6e8wTwK5T0tBo3Wt2uFY=","jWmRYp6330DMjUrdbTka8pQm26lT/m4FxwHxE+lph3I=",
"439e8896-63f3-4f50-853f-ec9408b6533f","PUUM_036.basePlot.vst","2018-04-24","vst_PUUM_2018","D20","PUUM","PUUM_036",,"NEON.PLA.D20.PUUM.00418","ok","single bole tree","Live",21.7,80,1.7,,,,,,,,,,,,"Irregular at 130 and above","7b09tKNMSr/wOeeCXM11rXP6e8wTwK5T0tBo3Wt2uFY=","jWmRYp6330DMjUrdbTka8pQm26lT/m4FxwHxE+lph3I=",
"170d7063-ffb0-4ef5-97c2-f99ebf2355c0","PUUM_036.basePlot.vst","2018-04-24","vst_PUUM_2018","D20","PUUM","PUUM_036",,"NEON.PLA.D20.PUUM.00425","ok","single bole tree","Live",21.0,130,18.0,,,,,,,,,,,,,"7b09tKNMSr/wOeeCXM11rXP6e8wTwK5T0tBo3Wt2uFY=","jWmRYp6330DMjUrdbTka8pQm26lT/m4FxwHxE+lph3I=",
"a68aeb12-c690-44c2-b720-1c35b3a6149c","PUUM_048.basePlot.vst","2018-04-24","vst_PUUM_2018","D20","PUUM","PUUM_048",,"NEON.PLA.D20.PUUM.00462","ok","single bole tree","Live",10.5,130,7.2,,,,,,,,,,,,,"7b09tKNMSr/wOeeCXM11rXP6e8wTwK5T0tBo3Wt2uFY=","jWmRYp6330DMjUrdbTka8pQm26lT/m4FxwHxE+lph3I=",
"63c95ebc-0ecb-49c5-adfe-09438771dc47","PUUM_048.basePlot.vst","2018-04-24","vst_PUUM_2018","D20","PUUM","PUUM_048",,"NEON.PLA.D20.PUUM.00457","ok","single bole tree","Live",26.5,130,10.1,,,,,,,,,,,,,"7b09tKNMSr/wOeeCXM11rXP6e8wTwK5T0tBo3Wt2uFY=","jWmRYp6330DMjUrdbTka8pQm26lT/m4FxwHxE+lph3I=",
"16515078-af74-4769-b22c-e58b499ffcaf","PUUM_048.basePlot.vst","2018-04-24","vst_PUUM_2018","D20","PUUM","PUUM_048",,"NEON.PLA.D20.PUUM.00379","ok","small tree","Live",5.4,130,4.6,,,,,,,,,,,,,"7b09tKNMSr/wOeeCXM11rXP6e8wTwK5T0tBo3Wt2uFY=","jWmRYp6330DMjUrdbTka8pQm26lT/m4FxwHxE+lph3I=",
"3fc7eee9-c4cb-4296-8f88-e08a408ada03","PUUM_048.basePlot.vst","2018-04-24","vst_PUUM_2018","D20","PUUM","PUUM_048",,"NEON.PLA.D20.PUUM.00477","ok","single bole tree","Live",18.0,130,10.9,,,,,,,,,,,,,"7b09tKNMSr/wOeeCXM11rXP6e8wTwK5T0tBo3Wt2uFY=","jWmRYp6330DMjUrdbTka8pQm26lT/m4FxwHxE+lph3I=",
"4ddf2c9e-e972-4473-b035-fbb9f56097c4","PUUM_048.basePlot.vst","2018-04-24","vst_PUUM_2018","D20","PUUM","PUUM_048",,"NEON.PLA.D20.PUUM.00439","ok","small shrub","Live",,,1.4,,,,0.7,0.6,,"inverted cone",1.0,10,0.20,0.20,,"7b09tKNMSr/wOeeCXM11rXP6e8wTwK5T0tBo3Wt2uFY=","jWmRYp6330DMjUrdbTka8pQm26lT/m4FxwHxE+lph3I=",
"606417f0-fc4b-4ecb-80a6-bf3b08334702","PUUM_048.basePlot.vst","2018-04-24","vst_PUUM_2018","D20","PUUM","PUUM_048",,"NEON.PLA.D20.PUUM.00448","ok","single bole tree","Live",13.7,130,9.2,,,,,,,,,,,,,"7b09tKNMSr/wOeeCXM11rXP6e8wTwK5T0tBo3Wt2uFY=","jWmRYp6330DMjUrdbTka8pQm26lT/m4FxwHxE+lph3I=",
"94169823-f9a0-4465-aea2-7ba332517f13","PUUM_048.basePlot.vst","2018-04-24","vst_PUUM_2018","D20","PUUM","PUUM_048",,"NEON.PLA.D20.PUUM.00450","ok","single bole tree","Live",20.5,130,11.3,,,,,,,,,,,,,"7b09tKNMSr/wOeeCXM11rXP6e8wTwK5T0tBo3Wt2uFY=","jWmRYp6330DMjUrdbTka8pQm26lT/m4FxwHxE+lph3I=",
"c00d8fb0-35c6-4e18-93c2-18f981996766","PUUM_048.basePlot.vst","2018-04-24","vst_PUUM_2018","D20","PUUM","PUUM_048",,"NEON.PLA.D20.PUUM.00373","ok","small shrub","Live",,,1.0,,,,0.9,0.7,,"cylinder",3.2,10,,,,"7b09tKNMSr/wOeeCXM11rXP6e8wTwK5T0tBo3Wt2uFY=","jWmRYp6330DMjUrdbTka8pQm26lT/m4FxwHxE+lph3I=",
"fa1b5f97-2c36-4c08-bf04-0f778283ac9d","PUUM_048.basePlot.vst","2018-04-24","vst_PUUM_2018","D20","PUUM","PUUM_048",,"NEON.PLA.D20.PUUM.00445","ok","single bole tree","Live",29.6,138,10.6,,,,,,,,,,,,,"7b09tKNMSr/wOeeCXM11rXP6e8wTwK5T0tBo3Wt2uFY=","jWmRYp6330DMjUrdbTka8pQm26lT/m4FxwHxE+lph3I=",
"31602501-8b74-4ac0-b6e7-aa9ec223613e","PUUM_048.basePlot.vst","2018-04-24","vst_PUUM_2018","D20","PUUM","PUUM_048",,"NEON.PLA.D20.PUUM.00372","ok","small shrub","Standing dead",,,1.6,,,,1.2,0.9,,"oblate half-sphere",3.3,10,,,,"7b09tKNMSr/wOeeCXM11rXP6e8wTwK5T0tBo3Wt2uFY=","jWmRYp6330DMjUrdbTka8pQm26lT/m4FxwHxE+lph3I=",
"4af43189-f137-4cad-975b-37e2fe61cab0","PUUM_048.basePlot.vst","2018-04-24","vst_PUUM_2018","D20","PUUM","PUUM_048",,"NEON.PLA.D20.PUUM.00463","ok","single bole tree","Live",21.9,130,10.4,,,,,,,,,,,,,"7b09tKNMSr/wOeeCXM11rXP6e8wTwK5T0tBo3Wt2uFY=","jWmRYp6330DMjUrdbTka8pQm26lT/m4FxwHxE+lph3I=",
"270ed7f0-f038-4148-b134-7c5444a5e23d","PUUM_048.basePlot.vst","2018-04-24","vst_PUUM_2018","D20","PUUM","PUUM_048",,"NEON.PLA.D20.PUUM.00476","ok","single bole tree","Live",13.2,130,8.8,,,,,,,,,,,,,"7b09tKNMSr/wOeeCXM11rXP6e8wTwK5T0tBo3Wt2uFY=","jWmRYp6330DMjUrdbTka8pQm26lT/m4FxwHxE+lph3I=",
"4d4fd681-6d0b-4cb6-9488-5626f92ff0fa","PUUM_036.basePlot.vst","2018-04-24","vst_PUUM_2018","D20","PUUM","PUUM_036",,"NEON.PLA.D20.PUUM.00402","ok","single bole tree","Live",38.4,130,19.7,,,,,,,,,,,,,"7b09tKNMSr/wOeeCXM11rXP6e8wTwK5T0tBo3Wt2uFY=","jWmRYp6330DMjUrdbTka8pQm26lT/m4FxwHxE+lph3I=",
"04884ef2-751a-499a-95a1-7f6842101094","PUUM_036.basePlot.vst","2018-04-24","vst_PUUM_2018","D20","PUUM","PUUM_036",,"NEON.PLA.D20.PUUM.00435","ok","single bole tree","Live",18.7,130,13.8,,,,,,,,,,,,,"7b09tKNMSr/wOeeCXM11rXP6e8wTwK5T0tBo3Wt2uFY=","jWmRYp6330DMjUrdbTka8pQm26lT/m4FxwHxE+lph3I=",
"d5246402-7d9d-43b7-9620-b641f85be3a3","PUUM_036.basePlot.vst","2018-04-24","vst_PUUM_2018","D20","PUUM","PUUM_036",,"NEON.PLA.D20.PUUM.00336","ok","sapling","Live",,,0.5,,,,,,,,8.0,10,,,,"7b09tKNMSr/wOeeCXM11rXP6e8wTwK5T0tBo3Wt2uFY=","jWmRYp6330DMjUrdbTka8pQm26lT/m4FxwHxE+lph3I=",
"335731c5-bec6-4c82-9e48-bd8b9b69c331","PUUM_036.basePlot.vst","2018-04-24","vst_PUUM_2018","D20","PUUM","PUUM_036",,"NEON.PLA.D20.PUUM.00326","ok","sapling","Live",,,0.4,,,,,,,,16.5,10,,,"I","7b09tKNMSr/wOeeCXM11rXP6e8wTwK5T0tBo3Wt2uFY=","jWmRYp6330DMjUrdbTka8pQm26lT/m4FxwHxE+lph3I=",
"bb194b94-edad-49f6-bf8c-2863297789a1","PUUM_048.basePlot.vst","2018-04-24","vst_PUUM_2018","D20","PUUM","PUUM_048",,"NEON.PLA.D20.PUUM.00376","ok","sapling","Live",,,1.6,,,,,,,,1.7,10,,,,"7b09tKNMSr/wOeeCXM11rXP6e8wTwK5T0tBo3Wt2uFY=","jWmRYp6330DMjUrdbTka8pQm26lT/m4FxwHxE+lph3I=",
"15aea60c-4581-4821-9689-a4984f2b916f","PUUM_048.basePlot.vst","2018-04-24","vst_PUUM_2018","D20","PUUM","PUUM_048",,"NEON.PLA.D20.PUUM.00375","ok","single shrub","Live",2.1,130,2.5,,,,2.5,2.5,,"oblate half-sphere",4.0,10,,,,"7b09tKNMSr/wOeeCXM11rXP6e8wTwK5T0tBo3Wt2uFY=","jWmRYp6330DMjUrdbTka8pQm26lT/m4FxwHxE+lph3I=",
"b7bde7cb-a5ab-42b5-aa4f-209cbef1ec80","PUUM_048.basePlot.vst","2018-04-24","vst_PUUM_2018","D20","PUUM","PUUM_048",,"NEON.PLA.D20.PUUM.00369","ok","small tree","Live",4.0,130,3.5,,,,,,,,,,,,,"7b09tKNMSr/wOeeCXM11rXP6e8wTwK5T0tBo3Wt2uFY=","jWmRYp6330DMjUrdbTka8pQm26lT/m4FxwHxE+lph3I=",
"4ec5ac37-3969-4e2f-8a82-1fc9a0368443","PUUM_048.basePlot.vst","2018-04-24","vst_PUUM_2018","D20","PUUM","PUUM_048",,"NEON.PLA.D20.PUUM.00465","ok","multi-bole tree","Live",15.3,130,9.5,,,,,,,,,,,,,"7b09tKNMSr/wOeeCXM11rXP6e8wTwK5T0tBo3Wt2uFY=","jWmRYp6330DMjUrdbTka8pQm26lT/m4FxwHxE+lph3I=",
"59437962-e38a-4532-aed7-02215263b3f3","PUUM_048.basePlot.vst","2018-04-24","vst_PUUM_2018","D20","PUUM","PUUM_048",,"NEON.PLA.D20.PUUM.00465A","ok","multi-bole tree","Live",7.3,130,,,,,,,,,,,,,,"7b09tKNMSr/wOeeCXM11rXP6e8wTwK5T0tBo3Wt2uFY=","jWmRYp6330DMjUrdbTka8pQm26lT/m4FxwHxE+lph3I=",
"6f487c96-45f9-4d1b-a54d-bf0ead4e5f93","PUUM_048.basePlot.vst","2018-04-24","vst_PUUM_2018","D20","PUUM","PUUM_048",,"NEON.PLA.D20.PUUM.00472","ok","single bole tree","Live",17.8,140,11.4,,,,,,,,,,,,,"7b09tKNMSr/wOeeCXM11rXP6e8wTwK5T0tBo3Wt2uFY=","jWmRYp6330DMjUrdbTka8pQm26lT/m4FxwHxE+lph3I=",
"a39ab2e1-737c-488f-9ddb-e4f420c74fdd","PUUM_048.basePlot.vst","2018-04-24","vst_PUUM_2018","D20","PUUM","PUUM_048",,"NEON.PLA.D20.PUUM.00455A","ok","multi-bole tree","Live",10.2,130,,,,,,,,,,,,,,"7b09tKNMSr/wOeeCXM11rXP6e8wTwK5T0tBo3Wt2uFY=","jWmRYp6330DMjUrdbTka8pQm26lT/m4FxwHxE+lph3I=",
"6e294d2d-e819-42b2-8213-5a5e14543cfd","PUUM_048.basePlot.vst","2018-04-24","vst_PUUM_2018","D20","PUUM","PUUM_048",,"NEON.PLA.D20.PUUM.00459","ok","single bole tree","Live",11.9,130,6.6,,,,,,,,,,,,,"7b09tKNMSr/wOeeCXM11rXP6e8wTwK5T0tBo3Wt2uFY=","jWmRYp6330DMjUrdbTka8pQm26lT/m4FxwHxE+lph3I=",
"77605a18-243d-4a9c-afac-679f89235cb8","PUUM_036.basePlot.vst","2018-04-24","vst_PUUM_2018","D20","PUUM","PUUM_036",,"NEON.PLA.D20.PUUM.00338","ok","small tree","Live",1.2,130,3.1,,,,,,,,,,,,,"7b09tKNMSr/wOeeCXM11rXP6e8wTwK5T0tBo3Wt2uFY=","jWmRYp6330DMjUrdbTka8pQm26lT/m4FxwHxE+lph3I=",
"22125ec6-8071-4c3d-8894-41c40ebd2e8a","PUUM_048.basePlot.vst","2018-04-24","vst_PUUM_2018","D20","PUUM","PUUM_048",,"NEON.PLA.D20.PUUM.00441","ok","single bole tree","Live",18.4,130,10.3,,,,,,,,,,,,,"7b09tKNMSr/wOeeCXM11rXP6e8wTwK5T0tBo3Wt2uFY=","jWmRYp6330DMjUrdbTka8pQm26lT/m4FxwHxE+lph3I=",
"47d87356-6b36-4e3b-a781-d3fd1c7f4063","PUUM_036.basePlot.vst","2018-04-24","vst_PUUM_2018","D20","PUUM","PUUM_036",,"NEON.PLA.D20.PUUM.00411","ok","single bole tree","Standing dead",10.8,130,5.8,,,,,,,,,,,,,"7b09tKNMSr/wOeeCXM11rXP6e8wTwK5T0tBo3Wt2uFY=","jWmRYp6330DMjUrdbTka8pQm26lT/m4FxwHxE+lph3I=",
"fa0b9647-9e91-4697-96b6-db57e8fb6fde","PUUM_036.basePlot.vst","2018-04-24","vst_PUUM_2018","D20","PUUM","PUUM_036",,"NEON.PLA.D20.PUUM.00429","ok","single bole tree","Live",26.0,130,10.6,,,,,,,,,,,,,"7b09tKNMSr/wOeeCXM11rXP6e8wTwK5T0tBo3Wt2uFY=","jWmRYp6330DMjUrdbTka8pQm26lT/m4FxwHxE+lph3I=",
"1bf33f1a-85da-4178-94c1-acec62b64651","PUUM_036.basePlot.vst","2018-04-24","vst_PUUM_2018","D20","PUUM","PUUM_036",,"NEON.PLA.D20.PUUM.00386","ok","single bole tree","Live",28.6,120,1.3,,,,,,,,,,,,,"7b09tKNMSr/wOeeCXM11rXP6e8wTwK5T0tBo3Wt2uFY=","jWmRYp6330DMjUrdbTka8pQm26lT/m4FxwHxE+lph3I=",
"4be7c36a-e94d-45dc-87ae-e864be697e50","PUUM_036.basePlot.vst","2018-04-24","vst_PUUM_2018","D20","PUUM","PUUM_036",,"NEON.PLA.D20.PUUM.00328","ok","sapling","Live",,,0.9,,,,,,,,7.0,10,,,,"7b09tKNMSr/wOeeCXM11rXP6e8wTwK5T0tBo3Wt2uFY=","jWmRYp6330DMjUrdbTka8pQm26lT/m4FxwHxE+lph3I=",
"d41b4e0a-0543-4aec-a671-4b34c2d69305","PUUM_036.basePlot.vst","2018-04-24","vst_PUUM_2018","D20","PUUM","PUUM_036",,"NEON.PLA.D20.PUUM.00328","ok","sapling","Live",,,0.9,,,,,,,,5.0,10,,,,"7b09tKNMSr/wOeeCXM11rXP6e8wTwK5T0tBo3Wt2uFY=","jWmRYp6330DMjUrdbTka8pQm26lT/m4FxwHxE+lph3I=",
"824364fc-8e09-4f1e-ab22-492e63278442","PUUM_048.basePlot.vst","2018-04-24","vst_PUUM_2018","D20","PUUM","PUUM_048",,"NEON.PLA.D20.PUUM.00371","ok","sapling","Live",,,2.1,,,,,,,,1.1,10,,,,"7b09tKNMSr/wOeeCXM11rXP6e8wTwK5T0tBo3Wt2uFY=","jWmRYp6330DMjUrdbTka8pQm26lT/m4FxwHxE+lph3I=",
"6cc75b10-4f2f-4434-a965-a6b0e3ff3c8c","PUUM_048.basePlot.vst","2018-04-24","vst_PUUM_2018","D20","PUUM","PUUM_048",,"NEON.PLA.D20.PUUM.00432","ok","small tree","Live",3.3,130,3.7,,,,,,,,,,,,,"7b09tKNMSr/wOeeCXM11rXP6e8wTwK5T0tBo3Wt2uFY=","jWmRYp6330DMjUrdbTka8pQm26lT/m4FxwHxE+lph3I=",
"0339546d-dfd7-4185-8b31-a3910d9f0165","PUUM_048.basePlot.vst","2018-04-24","vst_PUUM_2018","D20","PUUM","PUUM_048",,"NEON.PLA.D20.PUUM.00470","ok","single bole tree","Live",15.0,130,11.8,,,,,,,,,,,,,"7b09tKNMSr/wOeeCXM11rXP6e8wTwK5T0tBo3Wt2uFY=","jWmRYp6330DMjUrdbTka8pQm26lT/m4FxwHxE+lph3I=",
"1813c642-3749-4b93-990d-1ad9683d87d5","PUUM_036.basePlot.vst","2018-04-24","vst_PUUM_2018","D20","PUUM","PUUM_036",,"NEON.PLA.D20.PUUM.00430","ok","single bole tree","Live",15.3,130,9.7,,,,,,,,,,,,,"7b09tKNMSr/wOeeCXM11rXP6e8wTwK5T0tBo3Wt2uFY=","jWmRYp6330DMjUrdbTka8pQm26lT/m4FxwHxE+lph3I=",
"f8173131-da47-4a08-a861-b05d0f288b23","PUUM_048.basePlot.vst","2018-04-24","vst_PUUM_2018","D20","PUUM","PUUM_048",,"NEON.PLA.D20.PUUM.00370","ok","small tree","Standing dead",4.2,130,2.6,,,,,,,,,,,,,"7b09tKNMSr/wOeeCXM11rXP6e8wTwK5T0tBo3Wt2uFY=","jWmRYp6330DMjUrdbTka8pQm26lT/m4FxwHxE+lph3I=",
"f7e1ef39-f184-43ff-ab55-a8847b779921","PUUM_048.basePlot.vst","2018-04-24","vst_PUUM_2018","D20","PUUM","PUUM_048",,"NEON.PLA.D20.PUUM.00443","ok","single bole tree","Live",12.1,130,12.4,,,,,,,,,,,,,"7b09tKNMSr/wOeeCXM11rXP6e8wTwK5T0tBo3Wt2uFY=","jWmRYp6330DMjUrdbTka8pQm26lT/m4FxwHxE+lph3I=",
"5cad6e1a-94c9-4f70-8c18-95cc3facc49c","PUUM_048.basePlot.vst","2018-04-24","vst_PUUM_2018","D20","PUUM","PUUM_048",,"NEON.PLA.D20.PUUM.00446A","ok","multi-bole tree","Dead, broken bole",9.6,130,,,,,,,,,,,,,,"7b09tKNMSr/wOeeCXM11rXP6e8wTwK5T0tBo3Wt2uFY=","jWmRYp6330DMjUrdbTka8pQm26lT/m4FxwHxE+lph3I=",
"505d0c10-1c8d-44ad-bfca-16d631176b29","PUUM_048.basePlot.vst","2018-04-24","vst_PUUM_2018","D20","PUUM","PUUM_048",,"NEON.PLA.D20.PUUM.00456","ok","single bole tree","Live",12.7,130,8.5,,,,,,,,,,,,,"7b09tKNMSr/wOeeCXM11rXP6e8wTwK5T0tBo3Wt2uFY=","jWmRYp6330DMjUrdbTka8pQm26lT/m4FxwHxE+lph3I=",
"509b66d0-8745-481b-9a7c-9caac92e1bdc","PUUM_048.basePlot.vst","2018-04-24","vst_PUUM_2018","D20","PUUM","PUUM_048",,"NEON.PLA.D20.PUUM.00380","ok","single shrub","Live",3.5,130,3.8,,,,0.9,0.6,,"half-sphere",7.3,10,,,,"7b09tKNMSr/wOeeCXM11rXP6e8wTwK5T0tBo3Wt2uFY=","jWmRYp6330DMjUrdbTka8pQm26lT/m4FxwHxE+lph3I=",
"4bc9db39-ad98-4c61-8b02-03fb3a87e064","PUUM_036.basePlot.vst","2018-04-24","vst_PUUM_2018","D20","PUUM","PUUM_036",,"NEON.PLA.D20.PUUM.00333","ok","single shrub","Live",4.1,130,3.2,,,,3.0,1.0,,"inverted cone",7.0,10,0.20,0.10,,"7b09tKNMSr/wOeeCXM11rXP6e8wTwK5T0tBo3Wt2uFY=","jWmRYp6330DMjUrdbTka8pQm26lT/m4FxwHxE+lph3I=",
"e4a91199-502b-4527-bb50-36b74ff2bc21","PUUM_048.basePlot.vst","2018-04-24","vst_PUUM_2018","D20","PUUM","PUUM_048",,"NEON.PLA.D20.PUUM.00447","ok","single bole tree","Live",17.3,130,12.7,,,,,,,,,,,,,"7b09tKNMSr/wOeeCXM11rXP6e8wTwK5T0tBo3Wt2uFY=","jWmRYp6330DMjUrdbTka8pQm26lT/m4FxwHxE+lph3I=",
"d4267714-588b-4445-8037-ffa2f826315f","PUUM_036.basePlot.vst","2018-04-24","vst_PUUM_2018","D20","PUUM","PUUM_036",,"NEON.PLA.D20.PUUM.00364","ok","small tree","Dead, broken bole",8.5,130,4.9,,0.1,,,,,,,,,,,"7b09tKNMSr/wOeeCXM11rXP6e8wTwK5T0tBo3Wt2uFY=","jWmRYp6330DMjUrdbTka8pQm26lT/m4FxwHxE+lph3I=",
"5f0ea824-b2d7-4c39-996d-51bf5a50bfa7","PUUM_036.basePlot.vst","2018-04-24","vst_PUUM_2018","D20","PUUM","PUUM_036",,"NEON.PLA.D20.PUUM.00403","ok","single bole tree","Live",15.7,130,17.3,,,,,,,,,,,,,"7b09tKNMSr/wOeeCXM11rXP6e8wTwK5T0tBo3Wt2uFY=","jWmRYp6330DMjUrdbTka8pQm26lT/m4FxwHxE+lph3I=",
"734339b1-b7ee-4207-97d5-85122074abb3","PUUM_048.basePlot.vst","2018-04-24","vst_PUUM_2018","D20","PUUM","PUUM_048",,"NEON.PLA.D20.PUUM.00437","ok","single shrub","Live",1.1,130,3.7,,,,3.0,2.0,,"inverted cone",3.1,15,0.60,0.60,,"7b09tKNMSr/wOeeCXM11rXP6e8wTwK5T0tBo3Wt2uFY=","jWmRYp6330DMjUrdbTka8pQm26lT/m4FxwHxE+lph3I=",
"da39a2c3-2820-4bc7-9f32-547c229d35c2","PUUM_036.basePlot.vst","2018-04-24","vst_PUUM_2018","D20","PUUM","PUUM_036",,"NEON.PLA.D20.PUUM.00426","ok","single bole tree","Live",32.0,90,1.7,,,,,,,,,,,,"Irregular at 130 and above","7b09tKNMSr/wOeeCXM11rXP6e8wTwK5T0tBo3Wt2uFY=","jWmRYp6330DMjUrdbTka8pQm26lT/m4FxwHxE+lph3I=",
"705f397e-b002-42ec-a928-9e926daf0fcc","PUUM_048.basePlot.vst","2018-04-24","vst_PUUM_2018","D20","PUUM","PUUM_048",,"NEON.PLA.D20.PUUM.00453","ok","single bole tree","Live",4.8,130,6.0,,,,,,,,,,,,,"7b09tKNMSr/wOeeCXM11rXP6e8wTwK5T0tBo3Wt2uFY=","jWmRYp6330DMjUrdbTka8pQm26lT/m4FxwHxE+lph3I=",
"d84571c6-a9e9-4629-9e0d-b71f36dc231d","PUUM_048.basePlot.vst","2018-04-24","vst_PUUM_2018","D20","PUUM","PUUM_048",,"NEON.PLA.D20.PUUM.00474","ok","single bole tree","Live",18.1,130,10.3,,,,,,,,,,,,,"7b09tKNMSr/wOeeCXM11rXP6e8wTwK5T0tBo3Wt2uFY=","jWmRYp6330DMjUrdbTka8pQm26lT/m4FxwHxE+lph3I=",
"507d96cd-4943-429e-8746-513fab2fc76f","PUUM_048.basePlot.vst","2018-04-24","vst_PUUM_2018","D20","PUUM","PUUM_048",,"NEON.PLA.D20.PUUM.00469B","ok","multi-bole tree","Live",14.7,165,,,,,,,,,,,,,,"7b09tKNMSr/wOeeCXM11rXP6e8wTwK5T0tBo3Wt2uFY=","jWmRYp6330DMjUrdbTka8pQm26lT/m4FxwHxE+lph3I=",
"fb50725f-60e4-42f5-a345-7beacb0ee604","PUUM_048.basePlot.vst","2018-04-24","vst_PUUM_2018","D20","PUUM","PUUM_048",,"NEON.PLA.D20.PUUM.00437","ok","single shrub","Live",3.4,130,3.7,,,,3.0,2.0,,"inverted cone",4.8,15,0.60,0.60,,"7b09tKNMSr/wOeeCXM11rXP6e8wTwK5T0tBo3Wt2uFY=","jWmRYp6330DMjUrdbTka8pQm26lT/m4FxwHxE+lph3I=",
"7bcd6d9b-9a41-4324-8e19-707524431e12","PUUM_048.basePlot.vst","2018-04-24","vst_PUUM_2018","D20","PUUM","PUUM_048",,"NEON.PLA.D20.PUUM.00382","ok","small tree","Live",1.4,130,3.3,,,,,,,,,,,,,"7b09tKNMSr/wOeeCXM11rXP6e8wTwK5T0tBo3Wt2uFY=","jWmRYp6330DMjUrdbTka8pQm26lT/m4FxwHxE+lph3I=",
"1e14a2b2-4f8b-4c22-a6f8-c08189110a1a","PUUM_048.basePlot.vst","2018-04-24","vst_PUUM_2018","D20","PUUM","PUUM_048",,"NEON.PLA.D20.PUUM.00434A","ok","multi-bole tree","Standing dead",9.7,145,6.1,,,,,,,,,,,,,"7b09tKNMSr/wOeeCXM11rXP6e8wTwK5T0tBo3Wt2uFY=","jWmRYp6330DMjUrdbTka8pQm26lT/m4FxwHxE+lph3I=",
"fedda00f-fb87-41fa-b140-dfa6717b89c6","PUUM_048.basePlot.vst","2018-04-24","vst_PUUM_2018","D20","PUUM","PUUM_048",,"NEON.PLA.D20.PUUM.00384","ok","small tree","Live",6.8,130,5.7,,,,,,,,,,,,,"7b09tKNMSr/wOeeCXM11rXP6e8wTwK5T0tBo3Wt2uFY=","jWmRYp6330DMjUrdbTka8pQm26lT/m4FxwHxE+lph3I=",
"a1d193f8-4df6-4b49-b517-802105dec7a5","PUUM_036.basePlot.vst","2018-04-24","vst_PUUM_2018","D20","PUUM","PUUM_036",,"NEON.PLA.D20.PUUM.00398","ok","single bole tree","Live",31.0,100,0.8,,,,,,,,,,,,,"7b09tKNMSr/wOeeCXM11rXP6e8wTwK5T0tBo3Wt2uFY=","jWmRYp6330DMjUrdbTka8pQm26lT/m4FxwHxE+lph3I=",
"61d877dc-c5ad-4a8d-8d1d-0d07c4455a5f","PUUM_048.basePlot.vst","2018-04-24","vst_PUUM_2018","D20","PUUM","PUUM_048",,"NEON.PLA.D20.PUUM.00442","ok","single bole tree","Live",22.3,130,12.6,,,,,,,,,,,,,"7b09tKNMSr/wOeeCXM11rXP6e8wTwK5T0tBo3Wt2uFY=","jWmRYp6330DMjUrdbTka8pQm26lT/m4FxwHxE+lph3I=",
"2c1521a4-f338-48b2-a330-da405278d6f6","PUUM_036.basePlot.vst","2018-04-24","vst_PUUM_2018","D20","PUUM","PUUM_036",,"NEON.PLA.D20.PUUM.00427","ok","single bole tree","Live",12.7,130,10.9,,,,,,,,,,,,,"7b09tKNMSr/wOeeCXM11rXP6e8wTwK5T0tBo3Wt2uFY=","jWmRYp6330DMjUrdbTka8pQm26lT/m4FxwHxE+lph3I=",
"440b43c4-6407-4d21-9d06-5048c439e202","PUUM_036.basePlot.vst","2018-04-24","vst_PUUM_2018","D20","PUUM","PUUM_036",,"NEON.PLA.D20.PUUM.00397A","ok","multi-bole tree","Live",28.2,130,2.0,,,,,,,,,,,,,"7b09tKNMSr/wOeeCXM11rXP6e8wTwK5T0tBo3Wt2uFY=","jWmRYp6330DMjUrdbTka8pQm26lT/m4FxwHxE+lph3I=",
"558ee06d-f397-4e08-b2f3-7f29b4dc6772","PUUM_036.basePlot.vst","2018-04-24","vst_PUUM_2018","D20","PUUM","PUUM_036",,"NEON.PLA.D20.PUUM.00389","ok","single bole tree","Live",12.4,130,9.4,,,,,,,,,,,,,"7b09tKNMSr/wOeeCXM11rXP6e8wTwK5T0tBo3Wt2uFY=","jWmRYp6330DMjUrdbTka8pQm26lT/m4FxwHxE+lph3I=",
"375745fc-1b45-4f9a-88fc-3a12d9e026e5","PUUM_036.basePlot.vst","2018-04-24","vst_PUUM_2018","D20","PUUM","PUUM_036",,"NEON.PLA.D20.PUUM.00390B","ok","multi-bole tree","Live",5.4,130,,,,,,,,,,,,,,"7b09tKNMSr/wOeeCXM11rXP6e8wTwK5T0tBo3Wt2uFY=","jWmRYp6330DMjUrdbTka8pQm26lT/m4FxwHxE+lph3I=",
"2bb1ebb6-fc97-4f18-915e-c908a7a32445","PUUM_036.basePlot.vst","2018-04-24","vst_PUUM_2018","D20","PUUM","PUUM_036",,"NEON.PLA.D20.PUUM.00390","ok","multi-bole tree","Live",11.2,130,7.5,,,,,,,,,,,,,"7b09tKNMSr/wOeeCXM11rXP6e8wTwK5T0tBo3Wt2uFY=","jWmRYp6330DMjUrdbTka8pQm26lT/m4FxwHxE+lph3I=",
"e5d96c9b-a3a1-4468-8cc8-111f72632536","PUUM_036.basePlot.vst","2018-04-24","vst_PUUM_2018","D20","PUUM","PUUM_036",,"NEON.PLA.D20.PUUM.00332","ok","small tree","Live",7.5,130,8.8,,,,,,,,,,,,,"7b09tKNMSr/wOeeCXM11rXP6e8wTwK5T0tBo3Wt2uFY=","jWmRYp6330DMjUrdbTka8pQm26lT/m4FxwHxE+lph3I=",
"46d49de7-75a7-40c1-b7aa-87719dc11f54","PUUM_048.basePlot.vst","2018-04-24","vst_PUUM_2018","D20","PUUM","PUUM_048",,"NEON.PLA.D20.PUUM.00452","ok","single bole tree","Live",17.8,130,11.5,,,,,,,,,,,,,"7b09tKNMSr/wOeeCXM11rXP6e8wTwK5T0tBo3Wt2uFY=","jWmRYp6330DMjUrdbTka8pQm26lT/m4FxwHxE+lph3I=",
"e783fef2-c80b-48bc-8419-eaea31c89d16","PUUM_048.basePlot.vst","2018-04-24","vst_PUUM_2018","D20","PUUM","PUUM_048",,"NEON.PLA.D20.PUUM.00471","ok","single bole tree","Live",13.9,130,12.2,,,,,,,,,,,,,"7b09tKNMSr/wOeeCXM11rXP6e8wTwK5T0tBo3Wt2uFY=","jWmRYp6330DMjUrdbTka8pQm26lT/m4FxwHxE+lph3I=",
"bf953fcd-19e0-4e8e-a517-5c4a21a8a2a7","PUUM_048.basePlot.vst","2018-04-24","vst_PUUM_2018","D20","PUUM","PUUM_048",,"NEON.PLA.D20.PUUM.00437","ok","single shrub","Live",1.4,130,3.7,,,,3.0,2.0,,"inverted cone",3.2,10,0.60,0.60,,"7b09tKNMSr/wOeeCXM11rXP6e8wTwK5T0tBo3Wt2uFY=","jWmRYp6330DMjUrdbTka8pQm26lT/m4FxwHxE+lph3I=",
"c14d8c4f-6b99-4d00-ba66-f3db294b0998","PUUM_048.basePlot.vst","2018-04-24","vst_PUUM_2018","D20","PUUM","PUUM_048",,"NEON.PLA.D20.PUUM.00444","ok","single bole tree","Live",11.3,130,5.2,,,,,,,,,,,,,"7b09tKNMSr/wOeeCXM11rXP6e8wTwK5T0tBo3Wt2uFY=","jWmRYp6330DMjUrdbTka8pQm26lT/m4FxwHxE+lph3I=",
"3b8815b3-621e-4533-b661-3025912fa514","PUUM_036.basePlot.vst","2018-04-24","vst_PUUM_2018","D20","PUUM","PUUM_036",,"NEON.PLA.D20.PUUM.00436","ok","single bole tree","Live",29.4,130,2.5,,,,,,,,,,,,,"7b09tKNMSr/wOeeCXM11rXP6e8wTwK5T0tBo3Wt2uFY=","jWmRYp6330DMjUrdbTka8pQm26lT/m4FxwHxE+lph3I=",
"fe606ff6-c193-4102-bcca-0f005eb5ba40","PUUM_048.basePlot.vst","2018-04-24","vst_PUUM_2018","D20","PUUM","PUUM_048",,"NEON.PLA.D20.PUUM.00468","ok","single bole tree","Live",13.6,130,7.9,,,,,,,,,,,,,"7b09tKNMSr/wOeeCXM11rXP6e8wTwK5T0tBo3Wt2uFY=","jWmRYp6330DMjUrdbTka8pQm26lT/m4FxwHxE+lph3I=",
"6e806417-b0ab-418a-b4b0-08f51daeb951","PUUM_036.basePlot.vst","2018-04-24","vst_PUUM_2018","D20","PUUM","PUUM_036",,"NEON.PLA.D20.PUUM.00337","ok","sapling","Live",,,2.4,,,,,,,,1.2,10,,,,"7b09tKNMSr/wOeeCXM11rXP6e8wTwK5T0tBo3Wt2uFY=","jWmRYp6330DMjUrdbTka8pQm26lT/m4FxwHxE+lph3I=",
"342ce56f-0920-492e-a140-e3c983d72ad0","PUUM_036.basePlot.vst","2018-04-24","vst_PUUM_2018","D20","PUUM","PUUM_036",,"NEON.PLA.D20.PUUM.00397","ok","multi-bole tree","Live",27.8,130,2.0,,,,,,,,,,,,,"7b09tKNMSr/wOeeCXM11rXP6e8wTwK5T0tBo3Wt2uFY=","jWmRYp6330DMjUrdbTka8pQm26lT/m4FxwHxE+lph3I=",
"4f7bae9f-bb14-4eee-90ae-c7fa49cd3f51","PUUM_036.basePlot.vst","2018-04-24","vst_PUUM_2018","D20","PUUM","PUUM_036",,"NEON.PLA.D20.PUUM.00400","ok","single bole tree","Live",14.8,130,15.5,,,,,,,,,,,,,"7b09tKNMSr/wOeeCXM11rXP6e8wTwK5T0tBo3Wt2uFY=","jWmRYp6330DMjUrdbTka8pQm26lT/m4FxwHxE+lph3I=",
"0a7ee41d-2a4f-49c1-a24f-5c8fa37f8823","PUUM_048.basePlot.vst","2018-04-24","vst_PUUM_2018","D20","PUUM","PUUM_048",,"NEON.PLA.D20.PUUM.00455","ok","multi-bole tree","Live",26.9,130,11.6,,,,,,,,,,,,,"7b09tKNMSr/wOeeCXM11rXP6e8wTwK5T0tBo3Wt2uFY=","jWmRYp6330DMjUrdbTka8pQm26lT/m4FxwHxE+lph3I=",
"b962abe4-e145-4840-9eb9-f6737912c6c8","PUUM_036.basePlot.vst","2018-04-24","vst_PUUM_2018","D20","PUUM","PUUM_036",,"NEON.PLA.D20.PUUM.00421","ok","single bole tree","Standing dead",12.8,130,5.3,,,,,,,,,,,,"Irregular throughout lower bole","7b09tKNMSr/wOeeCXM11rXP6e8wTwK5T0tBo3Wt2uFY=","jWmRYp6330DMjUrdbTka8pQm26lT/m4FxwHxE+lph3I=",
"cedf2fa7-a5a0-4fe0-9227-d9baea6a470d","PUUM_048.basePlot.vst","2018-04-24","vst_PUUM_2018","D20","PUUM","PUUM_048",,"NEON.PLA.D20.PUUM.00434","ok","multi-bole tree","Live",12.9,140,9.0,,,,,,,,,,,,,"7b09tKNMSr/wOeeCXM11rXP6e8wTwK5T0tBo3Wt2uFY=","jWmRYp6330DMjUrdbTka8pQm26lT/m4FxwHxE+lph3I=",
"63a6a21b-bac8-48f8-8b84-c9f2898087c9","PUUM_048.basePlot.vst","2018-04-24","vst_PUUM_2018","D20","PUUM","PUUM_048",,"NEON.PLA.D20.PUUM.00378","ok","single shrub","Live",3.5,130,4.1,,,,0.8,0.5,,"half-sphere",5.1,10,,,,"7b09tKNMSr/wOeeCXM11rXP6e8wTwK5T0tBo3Wt2uFY=","jWmRYp6330DMjUrdbTka8pQm26lT/m4FxwHxE+lph3I=",
"d7c3eed0-c3a6-4785-8e1c-b975624a8b9b","PUUM_036.basePlot.vst","2018-04-24","vst_PUUM_2018","D20","PUUM","PUUM_036",,"NEON.PLA.D20.PUUM.00413","ok","single bole tree","Live",31.1,110,3.4,,,,,,,,,,,,"Irregular at 130 and above","7b09tKNMSr/wOeeCXM11rXP6e8wTwK5T0tBo3Wt2uFY=","jWmRYp6330DMjUrdbTka8pQm26lT/m4FxwHxE+lph3I=",
"4a809b43-9e1e-4432-8e16-7932c6c396b3","PUUM_036.basePlot.vst","2018-04-24","vst_PUUM_2018","D20","PUUM","PUUM_036",,"NEON.PLA.D20.PUUM.00387","ok","single bole tree","Live",28.1,130,1.7,,,,,,,,,,,,,"7b09tKNMSr/wOeeCXM11rXP6e8wTwK5T0tBo3Wt2uFY=","jWmRYp6330DMjUrdbTka8pQm26lT/m4FxwHxE+lph3I=",
"e7f626e2-813f-4bb5-93bb-df86d9f29140","PUUM_048.basePlot.vst","2018-04-24","vst_PUUM_2018","D20","PUUM","PUUM_048",,"NEON.PLA.D20.PUUM.00458","ok","single bole tree","Live",14.3,130,8.3,,,,,,,,,,,,,"7b09tKNMSr/wOeeCXM11rXP6e8wTwK5T0tBo3Wt2uFY=","jWmRYp6330DMjUrdbTka8pQm26lT/m4FxwHxE+lph3I=",
"fb74272d-3c86-4012-9cb5-6f6c51ed69f0","PUUM_036.basePlot.vst","2018-04-24","vst_PUUM_2018","D20","PUUM","PUUM_036",,"NEON.PLA.D20.PUUM.00392","ok","single bole tree","Live",31.7,130,0.4,,,,,,,,,,,,,"7b09tKNMSr/wOeeCXM11rXP6e8wTwK5T0tBo3Wt2uFY=","jWmRYp6330DMjUrdbTka8pQm26lT/m4FxwHxE+lph3I=",
"7914ba6e-33f2-448f-a6fd-366d5efe0a04","PUUM_036.basePlot.vst","2018-04-24","vst_PUUM_2018","D20","PUUM","PUUM_036",,"NEON.PLA.D20.PUUM.00395","ok","single bole tree","Live",113.2,130,22.8,,,,,,,,,,,,"130 from southern side","7b09tKNMSr/wOeeCXM11rXP6e8wTwK5T0tBo3Wt2uFY=","jWmRYp6330DMjUrdbTka8pQm26lT/m4FxwHxE+lph3I=",
"c75b80dd-a188-4a97-b371-91b35ea91c7e","PUUM_036.basePlot.vst","2018-04-24","vst_PUUM_2018","D20","PUUM","PUUM_036",,"NEON.PLA.D20.PUUM.00401","ok","single bole tree","Live",32.2,110,3.0,,,,,,,,,,,,"Irregular at 130cm","7b09tKNMSr/wOeeCXM11rXP6e8wTwK5T0tBo3Wt2uFY=","jWmRYp6330DMjUrdbTka8pQm26lT/m4FxwHxE+lph3I=",
"5377618d-852d-4cbd-ba2e-af0c3a2a2568","PUUM_048.basePlot.vst","2018-04-24","vst_PUUM_2018","D20","PUUM","PUUM_048",,"NEON.PLA.D20.PUUM.00467","ok","single bole tree","Live",13.0,130,9.5,,,,,,,,,,,,,"7b09tKNMSr/wOeeCXM11rXP6e8wTwK5T0tBo3Wt2uFY=","jWmRYp6330DMjUrdbTka8pQm26lT/m4FxwHxE+lph3I=",
"c0c7d477-c2a8-4d65-b9b6-ebb6c11f0a4c","PUUM_048.basePlot.vst","2018-04-24","vst_PUUM_2018","D20","PUUM","PUUM_048",,"NEON.PLA.D20.PUUM.00454","ok","single bole tree","Live",19.8,130,10.2,,,,,,,,,,,,,"7b09tKNMSr/wOeeCXM11rXP6e8wTwK5T0tBo3Wt2uFY=","jWmRYp6330DMjUrdbTka8pQm26lT/m4FxwHxE+lph3I=",
"85a7b6d3-a2e1-4b1c-985a-dff28308469b","PUUM_048.basePlot.vst","2018-04-24","vst_PUUM_2018","D20","PUUM","PUUM_048",,"NEON.PLA.D20.PUUM.00438","ok","small shrub","Live, physically damaged",,,2.0,,,,1.5,0.6,,"inverted cone",2.7,10,0.20,0.10,,"7b09tKNMSr/wOeeCXM11rXP6e8wTwK5T0tBo3Wt2uFY=","jWmRYp6330DMjUrdbTka8pQm26lT/m4FxwHxE+lph3I=",
"567e9778-faa1-404b-97c3-d7de4c04c52d","PUUM_048.basePlot.vst","2018-04-24","vst_PUUM_2018","D20","PUUM","PUUM_048",,"NEON.PLA.D20.PUUM.00451","ok","single bole tree","Live",10.3,130,6.0,,,,,,,,,,,,,"7b09tKNMSr/wOeeCXM11rXP6e8wTwK5T0tBo3Wt2uFY=","jWmRYp6330DMjUrdbTka8pQm26lT/m4FxwHxE+lph3I=",
"5ebb7fbd-4a89-403a-853e-ada1fa501b1c","PUUM_036.basePlot.vst","2018-04-24","vst_PUUM_2018","D20","PUUM","PUUM_036",,"NEON.PLA.D20.PUUM.00367","ok","small tree","Live",2.5,130,4.4,,,,,,,,,,,,,"7b09tKNMSr/wOeeCXM11rXP6e8wTwK5T0tBo3Wt2uFY=","jWmRYp6330DMjUrdbTka8pQm26lT/m4FxwHxE+lph3I=",
"1ca3d370-538c-4228-a59f-6d74373c7d6a","PUUM_036.basePlot.vst","2018-04-24","vst_PUUM_2018","D20","PUUM","PUUM_036",,"NEON.PLA.D20.PUUM.00424","ok","single bole tree","Live",31.8,130,12.5,,,,,,,,,,,,,"7b09tKNMSr/wOeeCXM11rXP6e8wTwK5T0tBo3Wt2uFY=","jWmRYp6330DMjUrdbTka8pQm26lT/m4FxwHxE+lph3I=",
"5973d83f-d541-46dc-a4ca-0feef990458b","PUUM_036.basePlot.vst","2018-04-24","vst_PUUM_2018","D20","PUUM","PUUM_036",,"NEON.PLA.D20.PUUM.00422","ok","single bole tree","Live",13.5,130,8.0,,,,,,,,,,,,,"7b09tKNMSr/wOeeCXM11rXP6e8wTwK5T0tBo3Wt2uFY=","jWmRYp6330DMjUrdbTka8pQm26lT/m4FxwHxE+lph3I=",
"3a13a990-8682-4b9b-b6ee-0ae96b9e26b2","PUUM_036.basePlot.vst","2018-04-24","vst_PUUM_2018","D20","PUUM","PUUM_036",,"NEON.PLA.D20.PUUM.00415","ok","single bole tree","Live,  other damage",29.5,130,2.5,,,,,,,,,,,,"Appears unhealthy; very few fronds","7b09tKNMSr/wOeeCXM11rXP6e8wTwK5T0tBo3Wt2uFY=","jWmRYp6330DMjUrdbTka8pQm26lT/m4FxwHxE+lph3I=",
"05201429-6550-461a-9b9e-bde65d650cd0","PUUM_036.basePlot.vst","2018-04-24","vst_PUUM_2018","D20","PUUM","PUUM_036",,"NEON.PLA.D20.PUUM.00394","ok","single bole tree","Live",33.9,100,1.3,,,,,,,,,,,,,"7b09tKNMSr/wOeeCXM11rXP6e8wTwK5T0tBo3Wt2uFY=","jWmRYp6330DMjUrdbTka8pQm26lT/m4FxwHxE+lph3I=",
"b2cecb3e-c2ba-41ec-bf58-187de0c2bfd4","PUUM_036.basePlot.vst","2018-04-24","vst_PUUM_2018","D20","PUUM","PUUM_036",,"NEON.PLA.D20.PUUM.00327","ok","sapling","Live",,,0.4,,,,,,,,15.0,10,,,,"7b09tKNMSr/wOeeCXM11rXP6e8wTwK5T0tBo3Wt2uFY=","jWmRYp6330DMjUrdbTka8pQm26lT/m4FxwHxE+lph3I=",
"f7beba19-a79d-4fbe-b0fe-2ffb0936d0ae","PUUM_036.basePlot.vst","2018-04-24","vst_PUUM_2018","D20","PUUM","PUUM_036",,"NEON.PLA.D20.PUUM.00366","ok","small shrub","Live",,,1.1,,,,1.2,0.4,,"oblate half-sphere",1.2,10,,,,"7b09tKNMSr/wOeeCXM11rXP6e8wTwK5T0tBo3Wt2uFY=","jWmRYp6330DMjUrdbTka8pQm26lT/m4FxwHxE+lph3I=",
"1d402f8c-5ee3-47ff-8821-7fc224fc8a22","PUUM_036.basePlot.vst","2018-04-24","vst_PUUM_2018","D20","PUUM","PUUM_036",,"NEON.PLA.D20.PUUM.00428","ok","single bole tree","Live, physically damaged",77.9,130,16.4,,,,,,,,,,,,"Supporting unreachable tree tag 00434 CHTR3; crown damage large broken stem; bole damage hollow bole; bole irregular throughout","7b09tKNMSr/wOeeCXM11rXP6e8wTwK5T0tBo3Wt2uFY=","jWmRYp6330DMjUrdbTka8pQm26lT/m4FxwHxE+lph3I=",
"177dace6-2d4a-4155-9417-da6489efaed3","PUUM_048.basePlot.vst","2018-04-24","vst_PUUM_2018","D20","PUUM","PUUM_048",,"NEON.PLA.D20.PUUM.00461","ok","single bole tree","Live",14.1,130,7.7,,,,,,,,,,,,,"7b09tKNMSr/wOeeCXM11rXP6e8wTwK5T0tBo3Wt2uFY=","jWmRYp6330DMjUrdbTka8pQm26lT/m4FxwHxE+lph3I=",
"e51d0c55-d0a7-4822-9e15-120d3fb2666b","PUUM_036.basePlot.vst","2018-04-24","vst_PUUM_2018","D20","PUUM","PUUM_036",,"NEON.PLA.D20.PUUM.00393","ok","single bole tree","Live",27.2,130,1.0,,,,,,,,,,,,"VdApexOffSet","7b09tKNMSr/wOeeCXM11rXP6e8wTwK5T0tBo3Wt2uFY=","jWmRYp6330DMjUrdbTka8pQm26lT/m4FxwHxE+lph3I=",
"3e1024de-40cc-430a-b7fc-74c9cd9a1299","PUUM_048.basePlot.vst","2018-04-24","vst_PUUM_2018","D20","PUUM","PUUM_048",,"NEON.PLA.D20.PUUM.00460","ok","single bole tree","Live",14.0,150,8.4,,,,,,,,,,,,,"7b09tKNMSr/wOeeCXM11rXP6e8wTwK5T0tBo3Wt2uFY=","jWmRYp6330DMjUrdbTka8pQm26lT/m4FxwHxE+lph3I=",
"eca3cfc2-e81a-4969-8c20-a64854bf73f0","PUUM_048.basePlot.vst","2018-04-24","vst_PUUM_2018","D20","PUUM","PUUM_048",,"NEON.PLA.D20.PUUM.00449","ok","single bole tree","Live",16.1,130,10.8,,,,,,,,,,,,,"7b09tKNMSr/wOeeCXM11rXP6e8wTwK5T0tBo3Wt2uFY=","jWmRYp6330DMjUrdbTka8pQm26lT/m4FxwHxE+lph3I=",
"27a81964-9393-4038-8852-75937f48e87e","PUUM_048.basePlot.vst","2018-04-24","vst_PUUM_2018","D20","PUUM","PUUM_048",,"NEON.PLA.D20.PUUM.00377","ok","sapling","Live",,,1.3,,,,,,,,1.1,10,,,,"7b09tKNMSr/wOeeCXM11rXP6e8wTwK5T0tBo3Wt2uFY=","jWmRYp6330DMjUrdbTka8pQm26lT/m4FxwHxE+lph3I=",
"dec8cd57-3185-4462-9e57-be3376312f98","PUUM_036.basePlot.vst","2018-04-24","vst_PUUM_2018","D20","PUUM","PUUM_036",,"NEON.PLA.D20.PUUM.00325","ok","small shrub","Live",,,0.8,,,,2.0,0.5,,"oblate half-sphere",1.1,10,,,,"7b09tKNMSr/wOeeCXM11rXP6e8wTwK5T0tBo3Wt2uFY=","jWmRYp6330DMjUrdbTka8pQm26lT/m4FxwHxE+lph3I=",
"b645fcb3-3c25-4f6b-b133-0c434df86658","PUUM_036.basePlot.vst","2018-04-24","vst_PUUM_2018","D20","PUUM","PUUM_036",,"NEON.PLA.D20.PUUM.00363","ok","small shrub","Live",,,1.6,,,,1.3,0.8,,"half-sphere",1.0,10,,,,"7b09tKNMSr/wOeeCXM11rXP6e8wTwK5T0tBo3Wt2uFY=","jWmRYp6330DMjUrdbTka8pQm26lT/m4FxwHxE+lph3I=",
"5b513f1a-b91f-4ecc-a39c-29da009c4dd7","PUUM_036.basePlot.vst","2018-04-24","vst_PUUM_2018","D20","PUUM","PUUM_036",,"NEON.PLA.D20.PUUM.00404","ok","sapling","Live",,,120.0,,,,,,,,21.0,10,,,,"7b09tKNMSr/wOeeCXM11rXP6e8wTwK5T0tBo3Wt2uFY=","jWmRYp6330DMjUrdbTka8pQm26lT/m4FxwHxE+lph3I=",
"10ba7437-04c6-4816-83ba-77dc03aaec60","PUUM_036.basePlot.vst","2018-04-24","vst_PUUM_2018","D20","PUUM","PUUM_036",,"NEON.PLA.D20.PUUM.00331","ok","small tree","Live",1.2,130,3.1,,,,,,,,,,,,,"7b09tKNMSr/wOeeCXM11rXP6e8wTwK5T0tBo3Wt2uFY=","jWmRYp6330DMjUrdbTka8pQm26lT/m4FxwHxE+lph3I=",
"aafb7877-d8a4-4e8e-b318-e5a253cff103","PUUM_048.basePlot.vst","2018-04-24","vst_PUUM_2018","D20","PUUM","PUUM_048",,"NEON.PLA.D20.PUUM.00423","ok","single shrub","Live, physically damaged",4.5,130,5.1,,,,5.0,4.0,,"oblate half-sphere",13.3,10,,,,"7b09tKNMSr/wOeeCXM11rXP6e8wTwK5T0tBo3Wt2uFY=","jWmRYp6330DMjUrdbTka8pQm26lT/m4FxwHxE+lph3I=",
"6d7c3427-0926-4780-9994-412e30f38081","PUUM_036.basePlot.vst","2018-04-24","vst_PUUM_2018","D20","PUUM","PUUM_036",,"NEON.PLA.D20.PUUM.00334","ok","sapling","Live",,,0.5,,,,,,,,17.1,10,,,,"7b09tKNMSr/wOeeCXM11rXP6e8wTwK5T0tBo3Wt2uFY=","jWmRYp6330DMjUrdbTka8pQm26lT/m4FxwHxE+lph3I=",
"3ff16835-c2e8-4101-a0e2-a3fa3b174169","PUUM_036.basePlot.vst","2018-04-24","vst_PUUM_2018","D20","PUUM","PUUM_036",,"NEON.PLA.D20.PUUM.00408","ok","single bole tree","Live",35.5,130,19.5,,,,,,,,,,,,,"7b09tKNMSr/wOeeCXM11rXP6e8wTwK5T0tBo3Wt2uFY=","jWmRYp6330DMjUrdbTka8pQm26lT/m4FxwHxE+lph3I=",
"31f65643-5b73-4b4f-acd7-f3b220d2c7db","PUUM_036.basePlot.vst","2018-04-24","vst_PUUM_2018","D20","PUUM","PUUM_036",,"NEON.PLA.D20.PUUM.00431","ok","single bole tree","Live",40.6,130,17.5,,,,,,,,,,,,,"7b09tKNMSr/wOeeCXM11rXP6e8wTwK5T0tBo3Wt2uFY=","jWmRYp6330DMjUrdbTka8pQm26lT/m4FxwHxE+lph3I=",
"bd428f05-cf33-41a0-8c5f-b011478b0294","PUUM_036.basePlot.vst","2018-04-24","vst_PUUM_2018","D20","PUUM","PUUM_036",,"NEON.PLA.D20.PUUM.00368","ok","small tree","Live",1.2,130,2.0,,,,,,,,,,,,,"7b09tKNMSr/wOeeCXM11rXP6e8wTwK5T0tBo3Wt2uFY=","jWmRYp6330DMjUrdbTka8pQm26lT/m4FxwHxE+lph3I=",
"4b9204bc-2577-4042-8e41-ae9b4be471f0","PUUM_036.basePlot.vst","2018-04-24","vst_PUUM_2018","D20","PUUM","PUUM_036",,"NEON.PLA.D20.PUUM.00414","ok","single bole tree","Live",38.7,130,4.3,,,,,,,,,,,,,"7b09tKNMSr/wOeeCXM11rXP6e8wTwK5T0tBo3Wt2uFY=","jWmRYp6330DMjUrdbTka8pQm26lT/m4FxwHxE+lph3I=",
"b919d792-2bb0-4bc1-bf4c-15974064a152","PUUM_036.basePlot.vst","2018-04-24","vst_PUUM_2018","D20","PUUM","PUUM_036",,"NEON.PLA.D20.PUUM.00396","ok","single bole tree","Live",31.3,130,0.5,,,,,,,,,,,,,"7b09tKNMSr/wOeeCXM11rXP6e8wTwK5T0tBo3Wt2uFY=","jWmRYp6330DMjUrdbTka8pQm26lT/m4FxwHxE+lph3I=",
"76e68e6c-e278-46e1-b70f-7e32889c1173","PUUM_036.basePlot.vst","2018-04-24","vst_PUUM_2018","D20","PUUM","PUUM_036",,"NEON.PLA.D20.PUUM.00416","ok","single bole tree","Live",30.3,130,18.4,,,,,,,,,,,,,"7b09tKNMSr/wOeeCXM11rXP6e8wTwK5T0tBo3Wt2uFY=","jWmRYp6330DMjUrdbTka8pQm26lT/m4FxwHxE+lph3I=",
"10b28912-8bf5-4430-97a4-c06f2997390f","PUUM_036.basePlot.vst","2018-04-24","vst_PUUM_2018","D20","PUUM","PUUM_036",,"NEON.PLA.D20.PUUM.00391","ok","single bole tree","Live",13.0,130,12.1,,,,,,,,,,,,,"7b09tKNMSr/wOeeCXM11rXP6e8wTwK5T0tBo3Wt2uFY=","jWmRYp6330DMjUrdbTka8pQm26lT/m4FxwHxE+lph3I=",
"d34ee613-41b9-434b-8a7f-b1f4c7a8d31a","PUUM_048.basePlot.vst","2018-04-24","vst_PUUM_2018","D20","PUUM","PUUM_048",,"NEON.PLA.D20.PUUM.00374","ok","sapling","Live",,,2.0,,,,,,,,1.1,10,,,,"7b09tKNMSr/wOeeCXM11rXP6e8wTwK5T0tBo3Wt2uFY=","jWmRYp6330DMjUrdbTka8pQm26lT/m4FxwHxE+lph3I=",
"4e162a35-556d-4730-9e49-311cece6330a","PUUM_048.basePlot.vst","2018-04-24","vst_PUUM_2018","D20","PUUM","PUUM_048",,"NEON.PLA.D20.PUUM.00381","ok","sapling","Live",,,1.8,,,,,,,,1.4,10,,,,"7b09tKNMSr/wOeeCXM11rXP6e8wTwK5T0tBo3Wt2uFY=","jWmRYp6330DMjUrdbTka8pQm26lT/m4FxwHxE+lph3I=",
"6deb7dce-4131-483f-877d-90b6007740d7","PUUM_048.basePlot.vst","2018-04-24","vst_PUUM_2018","D20","PUUM","PUUM_048",,"NEON.PLA.D20.PUUM.00478","ok","single bole tree","Live",12.3,130,12.2,,,,,,,,,,,,,"7b09tKNMSr/wOeeCXM11rXP6e8wTwK5T0tBo3Wt2uFY=","jWmRYp6330DMjUrdbTka8pQm26lT/m4FxwHxE+lph3I=",
"55b1c691-0aef-4ac1-9d97-9c70c4207772","PUUM_048.basePlot.vst","2018-04-24","vst_PUUM_2018","D20","PUUM","PUUM_048",,"NEON.PLA.D20.PUUM.00473","ok","single bole tree","Live",15.1,130,11.7,,,,,,,,,,,,,"7b09tKNMSr/wOeeCXM11rXP6e8wTwK5T0tBo3Wt2uFY=","jWmRYp6330DMjUrdbTka8pQm26lT/m4FxwHxE+lph3I=",
"92e5afb5-c4ad-4041-a0e1-52b0805e7118","PUUM_048.basePlot.vst","2018-04-24","vst_PUUM_2018","D20","PUUM","PUUM_048",,"NEON.PLA.D20.PUUM.00433","ok","small tree","Live",1.8,130,3.2,,,,,,,,,,,,,"7b09tKNMSr/wOeeCXM11rXP6e8wTwK5T0tBo3Wt2uFY=","jWmRYp6330DMjUrdbTka8pQm26lT/m4FxwHxE+lph3I=",
"324d00a0-0fab-4db9-baa8-3e60bb7d430e","PUUM_048.basePlot.vst","2018-04-24","vst_PUUM_2018","D20","PUUM","PUUM_048",,"NEON.PLA.D20.PUUM.00378","ok","single shrub","Standing dead",3.5,130,4.1,,,,0.8,0.5,,"half-sphere",5.7,10,,,,"7b09tKNMSr/wOeeCXM11rXP6e8wTwK5T0tBo3Wt2uFY=","jWmRYp6330DMjUrdbTka8pQm26lT/m4FxwHxE+lph3I=",
"6b81af70-6a9f-4eb4-8816-4ad99c9bcf0d","PUUM_048.basePlot.vst","2018-04-24","vst_PUUM_2018","D20","PUUM","PUUM_048",,"NEON.PLA.D20.PUUM.00469A","ok","multi-bole tree","Live",20.5,165,,,,,,,,,,,,,,"7b09tKNMSr/wOeeCXM11rXP6e8wTwK5T0tBo3Wt2uFY=","jWmRYp6330DMjUrdbTka8pQm26lT/m4FxwHxE+lph3I=",
"13054cf7-e7d3-4b05-a75a-dcd3ff49416f","PUUM_048.basePlot.vst","2018-04-24","vst_PUUM_2018","D20","PUUM","PUUM_048",,"NEON.PLA.D20.PUUM.00469","ok","multi-bole tree","Live",17.6,130,11.8,,,,,,,,,,,,,"7b09tKNMSr/wOeeCXM11rXP6e8wTwK5T0tBo3Wt2uFY=","jWmRYp6330DMjUrdbTka8pQm26lT/m4FxwHxE+lph3I=",
"26002909-0612-4c20-b11d-40c90884260d","PUUM_048.basePlot.vst","2018-04-24","vst_PUUM_2018","D20","PUUM","PUUM_048",,"NEON.PLA.D20.PUUM.00466","ok","single bole tree","Live",11.9,155,9.9,,,,,,,,,,,,,"7b09tKNMSr/wOeeCXM11rXP6e8wTwK5T0tBo3Wt2uFY=","jWmRYp6330DMjUrdbTka8pQm26lT/m4FxwHxE+lph3I=",
"7355c78f-7fab-48b2-8518-c5445870530a","PUUM_036.basePlot.vst","2018-04-24","vst_PUUM_2018","D20","PUUM","PUUM_036",,"NEON.PLA.D20.PUUM.00365","ok","small tree","Live",1.0,130,2.7,,,,,,,,,,,,,"7b09tKNMSr/wOeeCXM11rXP6e8wTwK5T0tBo3Wt2uFY=","jWmRYp6330DMjUrdbTka8pQm26lT/m4FxwHxE+lph3I=",
"8d11260c-0ba5-47b1-b16e-7c893ad80c5b","PUUM_036.basePlot.vst","2018-04-24","vst_PUUM_2018","D20","PUUM","PUUM_036",,"NEON.PLA.D20.PUUM.00410","ok","single bole tree","Live",11.3,130,7.7,,,,,,,,,,,,,"7b09tKNMSr/wOeeCXM11rXP6e8wTwK5T0tBo3Wt2uFY=","jWmRYp6330DMjUrdbTka8pQm26lT/m4FxwHxE+lph3I=",
"7f0b0c82-db4b-4182-bf6d-070adb96e231","PUUM_036.basePlot.vst","2018-04-24","vst_PUUM_2018","D20","PUUM","PUUM_036",,"NEON.PLA.D20.PUUM.00385","ok","single bole tree","Live",22.3,120,1.3,,,,,,,,,,,,,"7b09tKNMSr/wOeeCXM11rXP6e8wTwK5T0tBo3Wt2uFY=","jWmRYp6330DMjUrdbTka8pQm26lT/m4FxwHxE+lph3I=",
"e36d953a-e319-4bc5-a6f3-d06d8c64f24f","PUUM_048.basePlot.vst","2018-04-24","vst_PUUM_2018","D20","PUUM","PUUM_048",,"NEON.PLA.D20.PUUM.00383","ok","sapling","Live",,,3.2,,,,,,,,1.1,10,,,,"7b09tKNMSr/wOeeCXM11rXP6e8wTwK5T0tBo3Wt2uFY=","jWmRYp6330DMjUrdbTka8pQm26lT/m4FxwHxE+lph3I=",
"16c1150e-d19d-49ef-a1ca-943ebdc6a4a6","PUUM_036.basePlot.vst","2018-04-24","vst_PUUM_2018","D20","PUUM","PUUM_036",,"NEON.PLA.D20.PUUM.00419","ok","single bole tree","Live",20.1,130,7.0,,,,,,,,,,,,,"7b09tKNMSr/wOeeCXM11rXP6e8wTwK5T0tBo3Wt2uFY=","jWmRYp6330DMjUrdbTka8pQm26lT/m4FxwHxE+lph3I=",
"82c1af4a-8862-4a25-b8fd-84872e195784","PUUM_048.basePlot.vst","2018-04-24","vst_PUUM_2018","D20","PUUM","PUUM_048",,"NEON.PLA.D20.PUUM.00440","ok","small tree","Live",4.3,130,6.4,,,,,,,,,,,,,"7b09tKNMSr/wOeeCXM11rXP6e8wTwK5T0tBo3Wt2uFY=","jWmRYp6330DMjUrdbTka8pQm26lT/m4FxwHxE+lph3I=",
"d061e5eb-158f-4448-918d-7299240a7655","PUUM_048.basePlot.vst","2018-04-24","vst_PUUM_2018","D20","PUUM","PUUM_048",,"NEON.PLA.D20.PUUM.00480","ok","single bole tree","Live",12.2,130,11.4,,,,,,,,,,,,,"7b09tKNMSr/wOeeCXM11rXP6e8wTwK5T0tBo3Wt2uFY=","jWmRYp6330DMjUrdbTka8pQm26lT/m4FxwHxE+lph3I=",
"71ed51a2-260d-4ddd-b0d4-225671bc202e","PUUM_036.basePlot.vst","2018-04-24","vst_PUUM_2018","D20","PUUM","PUUM_036",,"NEON.PLA.D20.PUUM.00388","ok","single bole tree","Dead, broken bole",10.5,130,9.2,,0.1,,,,,,,,,,,"7b09tKNMSr/wOeeCXM11rXP6e8wTwK5T0tBo3Wt2uFY=","jWmRYp6330DMjUrdbTka8pQm26lT/m4FxwHxE+lph3I=",
"561a7eb4-d8a1-4c8b-aec0-d91c8af05930","PUUM_048.basePlot.vst","2018-04-24","vst_PUUM_2018","D20","PUUM","PUUM_048",,"NEON.PLA.D20.PUUM.00479","ok","single bole tree","Live",31.5,130,15.8,,,,,,,,,,,,,"7b09tKNMSr/wOeeCXM11rXP6e8wTwK5T0tBo3Wt2uFY=","jWmRYp6330DMjUrdbTka8pQm26lT/m4FxwHxE+lph3I=",
"a75b17c5-8b1d-4a34-a624-0e1212d6e00c","PUUM_048.basePlot.vst","2018-04-24","vst_PUUM_2018","D20","PUUM","PUUM_048",,"NEON.PLA.D20.PUUM.00423","ok","single shrub","Live, physically damaged",2.4,130,5.1,,,,5.0,4.0,,"oblate half-sphere",3.5,25,,,,"7b09tKNMSr/wOeeCXM11rXP6e8wTwK5T0tBo3Wt2uFY=","jWmRYp6330DMjUrdbTka8pQm26lT/m4FxwHxE+lph3I=",
"8b89e94c-7b87-4f98-b9e0-cef7f0ab9c3c","PUUM_036.basePlot.vst","2018-04-24","vst_PUUM_2018","D20","PUUM","PUUM_036",,"NEON.PLA.D20.PUUM.00412","ok","single bole tree","Live",13.7,130,10.6,,,,,,,,,,,,,"7b09tKNMSr/wOeeCXM11rXP6e8wTwK5T0tBo3Wt2uFY=","jWmRYp6330DMjUrdbTka8pQm26lT/m4FxwHxE+lph3I=",
