uid,namedLocation,domainID,siteID,plotID,plotType,nlcdClass,decimalLatitude,decimalLongitude,geodeticDatum,coordinateUncertainty,elevation,elevationUncertainty,collectDate,eventID,sampleID,sampleCode,samplingMethod,totalSampledArea,targetTaxaPresent,adultCount,nymphCount,larvaCount,sampleCondition,samplingProtocolVersion,measuredBy,remarks
"0b52346d-9bdb-4fc3-bbd6-ccda0bf18726","HARV_004.tickPlot.tck","D01","HARV","HARV_004","distributed","mixedForest",42.426878,-72.227943,"WGS84",20.3,185.9,0.3,"2016-11-07T14:52Z","HARV.2016.45","HARV_004.20161107",,"drag",160,"Y",2,0,0,"No known compromise","NEON.DOC.014045vG","jRr6tAEXvh/2EP2nqxILjbvMaL6VMLwf",
"a2219372-4281-4c95-a14a-b7762dd70814","HARV_020.tickPlot.tck","D01","HARV","HARV_020","distributed","woodyWetlands",42.438157,-72.228923,"WGS84",20.2,228.3,0.3,"2016-11-07T15:50Z","HARV.2016.45",,,"drag",160,"N",0,0,0,"No known compromise","NEON.DOC.014045vG","jRr6tAEXvh/2EP2nqxILjbvMaL6VMLwf",
"cbb0d6c9-bf57-4379-8965-04314a51f54f","HARV_026.tickPlot.tck","D01","HARV","HARV_026","distributed","evergreenForest",42.412068,-72.246529,"WGS84",20.2,185.7,0.3,"2016-11-07T16:44Z","HARV.2016.45","HARV_026.20161107",,"drag and flag",160,"Y",3,1,0,"No known compromise","NEON.DOC.014045vG","jRr6tAEXvh/2EP2nqxILjbvMaL6VMLwf",
"17b7c452-1522-431b-97da-23aec8c5e653","HARV_006.tickPlot.tck","D01","HARV","HARV_006","distributed","deciduousForest",42.401938,-72.252716,"WGS84",20.2,190.4,0.3,"2016-11-07T17:40Z","HARV.2016.45","HARV_006.20161107",,"drag",160,"Y",0,0,45,"No known compromise","NEON.DOC.014045vG","jRr6tAEXvh/2EP2nqxILjbvMaL6VMLwf",
"a676433d-bcc3-4b95-a947-9d744039be69","HARV_001.tickPlot.tck","D01","HARV","HARV_001","distributed","deciduousForest",42.424227,-72.260097,"WGS84",20.2,201.1,0.3,"2016-11-07T19:00Z","HARV.2016.45",,,"drag",160,"N",0,0,0,"No known compromise","NEON.DOC.014045vG","jRr6tAEXvh/2EP2nqxILjbvMaL6VMLwf",
"5e9cdee6-04e8-4357-b810-f65d6af42afe","HARV_022.tickPlot.tck","D01","HARV","HARV_022","distributed","evergreenForest",42.435462,-72.199291,"WGS84",20.3,186.3,0.3,"2016-11-07T20:10Z","HARV.2016.45",,,"drag and flag",160,"N",0,0,0,"No known compromise","NEON.DOC.014045vG","jRr6tAEXvh/2EP2nqxILjbvMaL6VMLwf",
