uid,namedLocation,date,eventID,domainID,siteID,plotID,subplotID,individualID,tagStatus,growthForm,plantStatus,stemDiameter,measurementHeight,height,baseCrownHeight,breakHeight,breakDiameter,maxCrownDiameter,ninetyCrownDiameter,canopyPosition,shape,basalStemDiameter,basalStemDiameterMsrmntHeight,maxBaseCrownDiameter,ninetyBaseCrownDiameter,remarks,recordedBy,measuredBy,dataQF
"e022de31-c933-4707-baa6-592038a2e2ba","KONZ_068.basePlot.vst","2015-11-05","vst_KONZ_2015","D06","KONZ","KONZ_068",,"NEON.PLA.D06.KONZ.01824",,"sapling","Live",1.1,10,0.6,,,,,,"Open grown","cylinder",,,,,,"IwiAeKKpgyDNoYNXo7Ff5Z9mnt7Mfl5M","uXSN77Q7x9cACyt+x8PEhxuBjTDRBKZV","legacyData"
"e543124c-a369-49f2-a729-a26426d6cbc2","KONZ_051.basePlot.vst","2015-11-05","vst_KONZ_2015","D06","KONZ","KONZ_051",,"NEON.PLA.D06.KONZ.02898",,"small shrub","Live",1.1,10,1.3,,,,0.3,0.3,"Open grown","cylinder",,,,,,"IwiAeKKpgyDNoYNXo7Ff5Z9mnt7Mfl5M","uXSN77Q7x9cACyt+x8PEhxuBjTDRBKZV","legacyData"
"88911510-af6b-4012-879b-a3ef9e003962","KONZ_068.basePlot.vst","2015-11-05","vst_KONZ_2015","D06","KONZ","KONZ_068",,"NEON.PLA.D06.KONZ.01829",,"small shrub","Live",1.2,10,1.1,,,,0.4,0.2,"Open grown","cylinder",,,,,,"IwiAeKKpgyDNoYNXo7Ff5Z9mnt7Mfl5M","uXSN77Q7x9cACyt+x8PEhxuBjTDRBKZV","legacyData"
"1507f033-b507-4abe-bce8-696e72eab6e6","KONZ_068.basePlot.vst","2015-11-05","vst_KONZ_2015","D06","KONZ","KONZ_068",,"NEON.PLA.D06.KONZ.01830",,"sapling","Live",1.0,10,1.0,,,,,,"Open grown",,,,,,,"IwiAeKKpgyDNoYNXo7Ff5Z9mnt7Mfl5M","uXSN77Q7x9cACyt+x8PEhxuBjTDRBKZV","legacyData"
"246351bd-df81-46ef-a4a6-d66fa77ae729","KONZ_068.basePlot.vst","2015-11-05","vst_KONZ_2015","D06","KONZ","KONZ_068",,"NEON.PLA.D06.KONZ.01820",,"small shrub","Live",1.3,10,1.7,,,,0.3,0.2,"Open grown","cylinder",,,,,"several dead stems","IwiAeKKpgyDNoYNXo7Ff5Z9mnt7Mfl5M","uXSN77Q7x9cACyt+x8PEhxuBjTDRBKZV","legacyData"
"06e3b35b-3718-420b-a9b6-a7be0f2e47eb","KONZ_068.basePlot.vst","2015-11-05","vst_KONZ_2015","D06","KONZ","KONZ_068",,"NEON.PLA.D06.KONZ.01826",,"small shrub","Live",1.0,10,1.1,,,,0.4,0.3,"Open grown","cylinder",,,,,,"IwiAeKKpgyDNoYNXo7Ff5Z9mnt7Mfl5M","uXSN77Q7x9cACyt+x8PEhxuBjTDRBKZV","legacyData"
"b0bdfaa0-e365-4267-a91b-f74af70b4679","KONZ_068.basePlot.vst","2015-11-05","vst_KONZ_2015","D06","KONZ","KONZ_068",,"NEON.PLA.D06.KONZ.01816",,"small shrub","Live",1.0,10,1.1,,,,0.3,0.3,"Open grown","cylinder",,,,,,"IwiAeKKpgyDNoYNXo7Ff5Z9mnt7Mfl5M","uXSN77Q7x9cACyt+x8PEhxuBjTDRBKZV","legacyData"
"f2dc79df-adbc-4a32-b025-71c16d50d385","KONZ_068.basePlot.vst","2015-11-05","vst_KONZ_2015","D06","KONZ","KONZ_068",,"NEON.PLA.D06.KONZ.01825",,"small shrub","Live",1.1,10,1.1,,,,0.4,0.2,"Open grown","cylinder",,,,,,"IwiAeKKpgyDNoYNXo7Ff5Z9mnt7Mfl5M","uXSN77Q7x9cACyt+x8PEhxuBjTDRBKZV","legacyData"
"8cc6149f-f1a9-40f5-a1ca-376e1edfd234","KONZ_068.basePlot.vst","2015-11-05","vst_KONZ_2015","D06","KONZ","KONZ_068",,"NEON.PLA.D06.KONZ.01832",,"small shrub","Live",1.2,10,1.5,,,,0.4,0.4,"Open grown","cylinder",,,,,,"IwiAeKKpgyDNoYNXo7Ff5Z9mnt7Mfl5M","uXSN77Q7x9cACyt+x8PEhxuBjTDRBKZV","legacyData"
"4fb2021d-96d2-45c6-beb3-a33f4cf7dbc0","KONZ_068.basePlot.vst","2015-11-05","vst_KONZ_2015","D06","KONZ","KONZ_068",,"NEON.PLA.D06.KONZ.01818",,"small shrub","Live",1.0,10,1.3,,,,0.3,0.2,"Open grown","cylinder",,,,,,"IwiAeKKpgyDNoYNXo7Ff5Z9mnt7Mfl5M","uXSN77Q7x9cACyt+x8PEhxuBjTDRBKZV","legacyData"
"c1400394-560d-46f5-b09f-7ef2eee746dc","KONZ_051.basePlot.vst","2015-11-05","vst_KONZ_2015","D06","KONZ","KONZ_051",,"NEON.PLA.D06.KONZ.02900",,"small shrub","Live",1.0,10,1.0,,,,0.6,0.4,"Open grown","cylinder",,,,,,"IwiAeKKpgyDNoYNXo7Ff5Z9mnt7Mfl5M","uXSN77Q7x9cACyt+x8PEhxuBjTDRBKZV","legacyData"
"96af0553-64fa-4dbd-b04d-50891e838e5c","KONZ_068.basePlot.vst","2015-11-05","vst_KONZ_2015","D06","KONZ","KONZ_068",,"NEON.PLA.D06.KONZ.01817",,"small shrub","Live",1.2,10,0.8,,,,0.6,0.5,"Open grown","cylinder",,,,,,"IwiAeKKpgyDNoYNXo7Ff5Z9mnt7Mfl5M","uXSN77Q7x9cACyt+x8PEhxuBjTDRBKZV","legacyData"
"789d588b-71c9-4c17-8da4-fcefe6f6ff84","KONZ_068.basePlot.vst","2015-11-05","vst_KONZ_2015","D06","KONZ","KONZ_068",,"NEON.PLA.D06.KONZ.01822",,"sapling","Live",1.1,10,0.7,,,,,,"Open grown",,,,,,,"IwiAeKKpgyDNoYNXo7Ff5Z9mnt7Mfl5M","uXSN77Q7x9cACyt+x8PEhxuBjTDRBKZV","legacyData"
"fae38f8e-09c5-46c7-a50e-8ab074138595","KONZ_068.basePlot.vst","2015-11-05","vst_KONZ_2015","D06","KONZ","KONZ_068",,"NEON.PLA.D06.KONZ.01828",,"small shrub","Live",1.1,10,1.0,,,,0.4,0.2,"Open grown","cylinder",,,,,,"IwiAeKKpgyDNoYNXo7Ff5Z9mnt7Mfl5M","uXSN77Q7x9cACyt+x8PEhxuBjTDRBKZV","legacyData"
"a8720ef2-5712-4c9c-95ad-09f634b72df3","KONZ_051.basePlot.vst","2015-11-05","vst_KONZ_2015","D06","KONZ","KONZ_051",,"NEON.PLA.D06.KONZ.02897",,"small shrub","Live",1.2,10,1.3,,,,0.7,0.3,"Open grown","cylinder",,,,,"QC: no transcription errors","IwiAeKKpgyDNoYNXo7Ff5Z9mnt7Mfl5M","uXSN77Q7x9cACyt+x8PEhxuBjTDRBKZV","legacyData"
"d655e268-6ff7-454c-9d52-94bc8ad89af5","KONZ_068.basePlot.vst","2015-11-05","vst_KONZ_2015","D06","KONZ","KONZ_068",,"NEON.PLA.D06.KONZ.01831",,"sapling","Live",1.1,10,1.3,,,,,,"Open grown",,,,,,"QC: no transcription errors","IwiAeKKpgyDNoYNXo7Ff5Z9mnt7Mfl5M","uXSN77Q7x9cACyt+x8PEhxuBjTDRBKZV","legacyData"
"dd7ae841-75ea-40c6-a5ef-2867d44aa829","KONZ_068.basePlot.vst","2015-11-05","vst_KONZ_2015","D06","KONZ","KONZ_068",,"NEON.PLA.D06.KONZ.01823",,"small shrub","Live",1.0,10,1.2,,,,0.5,0.2,"Open grown","cylinder",,,,,,"IwiAeKKpgyDNoYNXo7Ff5Z9mnt7Mfl5M","uXSN77Q7x9cACyt+x8PEhxuBjTDRBKZV","legacyData"
"c9e37e85-a12a-4e72-a19f-6c619b021de4","KONZ_068.basePlot.vst","2015-11-05","vst_KONZ_2015","D06","KONZ","KONZ_068",,"NEON.PLA.D06.KONZ.01827",,"sapling","Live",1.1,10,1.2,,,,,,"Open grown",,,,,,,"IwiAeKKpgyDNoYNXo7Ff5Z9mnt7Mfl5M","uXSN77Q7x9cACyt+x8PEhxuBjTDRBKZV","legacyData"
"a1efe23d-cb4d-46c4-a7d2-0bf51375ac4f","KONZ_051.basePlot.vst","2015-11-05","vst_KONZ_2015","D06","KONZ","KONZ_051",,"NEON.PLA.D06.KONZ.02899",,"small shrub","Live",1.1,10,1.1,,,,0.4,0.3,"Open grown","cylinder",,,,,,"IwiAeKKpgyDNoYNXo7Ff5Z9mnt7Mfl5M","uXSN77Q7x9cACyt+x8PEhxuBjTDRBKZV","legacyData"
"bb91ce27-1ed1-4027-9953-3042210b2b7f","KONZ_051.basePlot.vst","2015-11-05","vst_KONZ_2015","D06","KONZ","KONZ_051",,"NEON.PLA.D06.KONZ.02896",,"small shrub","Live",1.0,10,1.1,,,,0.3,0.3,"Open grown","cylinder",,,,,,"IwiAeKKpgyDNoYNXo7Ff5Z9mnt7Mfl5M","uXSN77Q7x9cACyt+x8PEhxuBjTDRBKZV","legacyData"
"8abaf977-a826-4f7b-a66f-b02c4cba5b97","KONZ_068.basePlot.vst","2015-11-05","vst_KONZ_2015","D06","KONZ","KONZ_068",,"NEON.PLA.D06.KONZ.01821",,"small shrub","Live",1.1,10,0.7,,,,0.2,0.1,"Open grown","cylinder",,,,,,"IwiAeKKpgyDNoYNXo7Ff5Z9mnt7Mfl5M","uXSN77Q7x9cACyt+x8PEhxuBjTDRBKZV","legacyData"
"7dabdf83-df32-4d11-b3cf-9cb92378a01c","KONZ_068.basePlot.vst","2015-11-05","vst_KONZ_2015","D06","KONZ","KONZ_068",,"NEON.PLA.D06.KONZ.01819",,"small shrub","Live",1.0,10,1.0,,,,0.3,0.2,"Open grown","cylinder",,,,,,"IwiAeKKpgyDNoYNXo7Ff5Z9mnt7Mfl5M","uXSN77Q7x9cACyt+x8PEhxuBjTDRBKZV","legacyData"
"e3652c90-aabc-4535-890b-5d95d94afcb9","KONZ_068.basePlot.vst","2015-11-05","vst_KONZ_2015","D06","KONZ","KONZ_068",,"NEON.PLA.D06.KONZ.01815",,"small shrub","Live",1.0,10,1.4,,,,0.2,0.2,"Open grown","cylinder",,,,,"QC: no transcription errors","IwiAeKKpgyDNoYNXo7Ff5Z9mnt7Mfl5M","uXSN77Q7x9cACyt+x8PEhxuBjTDRBKZV","legacyData"
"a2df5c88-6e20-4f7b-bfdc-3caf767142c2","KONZ_042.basePlot.vst","2015-11-09","vst_KONZ_2015","D06","KONZ","KONZ_042",,"NEON.PLA.D06.KONZ.01813",,"small shrub","Live",1.2,10,1.4,,,,0.3,0.2,"Open grown","cylinder",,,,,,"IwiAeKKpgyDNoYNXo7Ff5Z9mnt7Mfl5M","uXSN77Q7x9cACyt+x8PEhxuBjTDRBKZV","legacyData"
"869ce818-5469-4c2a-a855-1d87a3f15bae","KONZ_042.basePlot.vst","2015-11-09","vst_KONZ_2015","D06","KONZ","KONZ_042",,"NEON.PLA.D06.KONZ.01811",,"small shrub","Live",1.1,10,1.3,,,,0.5,0.2,"Open grown","cylinder",,,,,,"IwiAeKKpgyDNoYNXo7Ff5Z9mnt7Mfl5M","uXSN77Q7x9cACyt+x8PEhxuBjTDRBKZV","legacyData"
"28c58cd2-2566-49ae-b50e-f5da17a2d409","KONZ_042.basePlot.vst","2015-11-09","vst_KONZ_2015","D06","KONZ","KONZ_042",,"NEON.PLA.D06.KONZ.01807",,"small shrub","Live,  other damage",1.1,10,1.1,,,,0.3,0.2,"Open grown","cylinder",,,,,,"IwiAeKKpgyDNoYNXo7Ff5Z9mnt7Mfl5M","uXSN77Q7x9cACyt+x8PEhxuBjTDRBKZV","legacyData"
"c22e89c1-56db-4fd4-8e63-55b2c9661e8f","KONZ_042.basePlot.vst","2015-11-09","vst_KONZ_2015","D06","KONZ","KONZ_042",,"NEON.PLA.D06.KONZ.01808",,"small shrub","Live,  other damage",1.1,10,1.1,,,,0.4,0.3,"Open grown","cylinder",,,,,,"IwiAeKKpgyDNoYNXo7Ff5Z9mnt7Mfl5M","uXSN77Q7x9cACyt+x8PEhxuBjTDRBKZV","legacyData"
"219b6591-34d6-4df7-bf3a-fa7cbed5f657","KONZ_042.basePlot.vst","2015-11-09","vst_KONZ_2015","D06","KONZ","KONZ_042",,"NEON.PLA.D06.KONZ.01812",,"small shrub","Live",1.0,10,1.3,,,,0.3,0.2,"Open grown","cylinder",,,,,,"IwiAeKKpgyDNoYNXo7Ff5Z9mnt7Mfl5M","uXSN77Q7x9cACyt+x8PEhxuBjTDRBKZV","legacyData"
"39893f53-c03e-4d38-b121-4ea39704f917","KONZ_042.basePlot.vst","2015-11-09","vst_KONZ_2015","D06","KONZ","KONZ_042",,"NEON.PLA.D06.KONZ.01803",,"small shrub","Live",1.0,10,1.0,,,,0.3,0.3,"Open grown","cylinder",,,,,,"IwiAeKKpgyDNoYNXo7Ff5Z9mnt7Mfl5M","uXSN77Q7x9cACyt+x8PEhxuBjTDRBKZV","legacyData"
"0e3d032a-625a-45ab-a305-b8db359e94b7","KONZ_042.basePlot.vst","2015-11-09","vst_KONZ_2015","D06","KONZ","KONZ_042",,"NEON.PLA.D06.KONZ.01814",,"small shrub","Live",1.1,10,1.5,,,,0.4,0.2,"Open grown","cylinder",,,,,,"IwiAeKKpgyDNoYNXo7Ff5Z9mnt7Mfl5M","uXSN77Q7x9cACyt+x8PEhxuBjTDRBKZV","legacyData"
"5bfc9f08-d5c3-40d8-98ec-58d65f52b04b","KONZ_042.basePlot.vst","2015-11-09","vst_KONZ_2015","D06","KONZ","KONZ_042",,"NEON.PLA.D06.KONZ.01806",,"small shrub","Live",1.0,10,1.1,,,,0.4,0.2,"Open grown","cylinder",,,,,,"IwiAeKKpgyDNoYNXo7Ff5Z9mnt7Mfl5M","uXSN77Q7x9cACyt+x8PEhxuBjTDRBKZV","legacyData"
"140f2644-7741-42e2-af6c-dafaf44b3ec7","KONZ_042.basePlot.vst","2015-11-09","vst_KONZ_2015","D06","KONZ","KONZ_042",,"NEON.PLA.D06.KONZ.01805",,"small shrub","Live",1.3,10,0.6,,,,0.2,0.1,"Open grown","cylinder",,,,,,"IwiAeKKpgyDNoYNXo7Ff5Z9mnt7Mfl5M","uXSN77Q7x9cACyt+x8PEhxuBjTDRBKZV","legacyData"
"3be15d01-3dc4-4fe0-9a1b-760c7caece5f","KONZ_042.basePlot.vst","2015-11-09","vst_KONZ_2015","D06","KONZ","KONZ_042",,"NEON.PLA.D06.KONZ.01809",,"sapling","Live",1.0,10,1.5,,,,,,"Open grown",,,,,,,"IwiAeKKpgyDNoYNXo7Ff5Z9mnt7Mfl5M","uXSN77Q7x9cACyt+x8PEhxuBjTDRBKZV","legacyData"
"b201a0f2-96b8-4c92-8f9b-4987cb05d8d5","KONZ_042.basePlot.vst","2015-11-09","vst_KONZ_2015","D06","KONZ","KONZ_042",,"NEON.PLA.D06.KONZ.01804",,"small shrub","Live",1.0,10,1.1,,,,0.4,0.3,"Open grown","cylinder",,,,,,"IwiAeKKpgyDNoYNXo7Ff5Z9mnt7Mfl5M","uXSN77Q7x9cACyt+x8PEhxuBjTDRBKZV","legacyData"
"17050b38-3335-4147-a4f1-45bfb5a79f62","KONZ_042.basePlot.vst","2015-11-09","vst_KONZ_2015","D06","KONZ","KONZ_042",,"NEON.PLA.D06.KONZ.01810",,"small shrub","Live",1.0,10,1.2,,,,0.4,0.3,"Open grown","cylinder",,,,,,"IwiAeKKpgyDNoYNXo7Ff5Z9mnt7Mfl5M","uXSN77Q7x9cACyt+x8PEhxuBjTDRBKZV","legacyData"
"ce869067-ae2e-4309-a8ef-51947f223011","KONZ_057.basePlot.vst","2015-11-10","vst_KONZ_2015","D06","KONZ","KONZ_057",,"NEON.PLA.D06.KONZ.02893",,"small shrub","Live",1.0,10,1.4,,,,0.3,0.2,"Open grown","cylinder",,,,,,"uXSN77Q7x9cACyt+x8PEhxuBjTDRBKZV","uXSN77Q7x9cACyt+x8PEhxuBjTDRBKZV","legacyData"
"2535bc71-e784-4081-aa50-2df554f979c4","KONZ_043.basePlot.vst","2015-11-10","vst_KONZ_2015","D06","KONZ","KONZ_043",,"NEON.PLA.D06.KONZ.01625",,"small shrub","Live",1.0,10,1.3,,,,0.4,0.2,"Open grown","cylinder",,,,,,"uXSN77Q7x9cACyt+x8PEhxuBjTDRBKZV","uXSN77Q7x9cACyt+x8PEhxuBjTDRBKZV","legacyData"
"766e011a-fed3-4d12-8d2e-818d32173529","KONZ_057.basePlot.vst","2015-11-10","vst_KONZ_2015","D06","KONZ","KONZ_057",,"NEON.PLA.D06.KONZ.02894",,"small shrub","Live,  other damage",1.0,10,1.1,,,,0.7,0.4,"Open grown","cylinder",,,,,,"uXSN77Q7x9cACyt+x8PEhxuBjTDRBKZV","uXSN77Q7x9cACyt+x8PEhxuBjTDRBKZV","legacyData"
"70d5dcca-0e35-4eab-b869-ce83e0488d08","KONZ_057.basePlot.vst","2015-11-10","vst_KONZ_2015","D06","KONZ","KONZ_057",,"NEON.PLA.D06.KONZ.01629",,"small shrub","Live",1.1,10,1.3,,,,0.5,0.4,"Open grown","cylinder",,,,,"QC: no transcription errors","IwiAeKKpgyDNoYNXo7Ff5Z9mnt7Mfl5M","IwiAeKKpgyDNoYNXo7Ff5Z9mnt7Mfl5M","legacyData"
"56ad5dc2-2c66-4815-b5e6-51aec25c481a","KONZ_043.basePlot.vst","2015-11-10","vst_KONZ_2015","D06","KONZ","KONZ_043",,"NEON.PLA.D06.KONZ.01618",,"small shrub","Live",1.1,10,1.3,,,,0.3,0.2,"Open grown","cylinder",,,,,"QC: no transcription errors","uXSN77Q7x9cACyt+x8PEhxuBjTDRBKZV","uXSN77Q7x9cACyt+x8PEhxuBjTDRBKZV","legacyData"
"fda9639f-d2fe-4397-8da5-ddc2f683f529","KONZ_043.basePlot.vst","2015-11-10","vst_KONZ_2015","D06","KONZ","KONZ_043",,"NEON.PLA.D06.KONZ.02883",,"small shrub","Live",1.2,10,0.7,,,,0.5,0.1,"Open grown","cylinder",,,,,,"uXSN77Q7x9cACyt+x8PEhxuBjTDRBKZV","uXSN77Q7x9cACyt+x8PEhxuBjTDRBKZV","legacyData"
"ff5dda76-f19e-45bf-8a1b-2e92ddcc6ca6","KONZ_043.basePlot.vst","2015-11-10","vst_KONZ_2015","D06","KONZ","KONZ_043",,"NEON.PLA.D06.KONZ.02884",,"sapling","Live",1.0,10,0.6,,,,,,"Open grown",,,,,,,"uXSN77Q7x9cACyt+x8PEhxuBjTDRBKZV","uXSN77Q7x9cACyt+x8PEhxuBjTDRBKZV","legacyData"
"86b8c907-c31f-4479-b25b-8be67b7ac93a","KONZ_057.basePlot.vst","2015-11-10","vst_KONZ_2015","D06","KONZ","KONZ_057",,"NEON.PLA.D06.KONZ.02895",,"small shrub","Live",1.1,10,1.2,,,,0.3,0.3,"Open grown","cylinder",,,,,,"uXSN77Q7x9cACyt+x8PEhxuBjTDRBKZV","uXSN77Q7x9cACyt+x8PEhxuBjTDRBKZV","legacyData"
"81186361-f49c-445f-b0a0-42e48d8a88b9","KONZ_043.basePlot.vst","2015-11-10","vst_KONZ_2015","D06","KONZ","KONZ_043",,"NEON.PLA.D06.KONZ.01613",,"sapling","Live",1.2,10,0.5,,,,,,"Open grown",,,,,,,"uXSN77Q7x9cACyt+x8PEhxuBjTDRBKZV","uXSN77Q7x9cACyt+x8PEhxuBjTDRBKZV","legacyData"
"02bb74dd-160a-4b26-86b5-54660a50e0cc","KONZ_057.basePlot.vst","2015-11-10","vst_KONZ_2015","D06","KONZ","KONZ_057",,"NEON.PLA.D06.KONZ.01630",,"sapling","Live",1.1,10,0.6,,,,,,"Open grown",,,,,,,"IwiAeKKpgyDNoYNXo7Ff5Z9mnt7Mfl5M","IwiAeKKpgyDNoYNXo7Ff5Z9mnt7Mfl5M","legacyData"
"cc4a26e5-8681-4054-b3b5-75442a44973b","KONZ_057.basePlot.vst","2015-11-10","vst_KONZ_2015","D06","KONZ","KONZ_057",,"NEON.PLA.D06.KONZ.01628",,"sapling","Live,  other damage",1.1,10,0.4,,,,,,"Open grown",,,,,,,"IwiAeKKpgyDNoYNXo7Ff5Z9mnt7Mfl5M","IwiAeKKpgyDNoYNXo7Ff5Z9mnt7Mfl5M","legacyData"
"5f75b8da-f4b7-47da-a2ef-e4951e15e8a2","KONZ_043.basePlot.vst","2015-11-10","vst_KONZ_2015","D06","KONZ","KONZ_043",,"NEON.PLA.D06.KONZ.01614",,"small shrub","Live",1.2,10,1.1,,,,0.4,0.3,"Open grown","cylinder",,,,,,"uXSN77Q7x9cACyt+x8PEhxuBjTDRBKZV","uXSN77Q7x9cACyt+x8PEhxuBjTDRBKZV","legacyData"
"522f9548-f361-4d52-8acc-e4951291a5ff","KONZ_043.basePlot.vst","2015-11-10","vst_KONZ_2015","D06","KONZ","KONZ_043",,"NEON.PLA.D06.KONZ.01616",,"small shrub","Live",1.0,10,1.1,,,,0.4,0.2,"Open grown","cylinder",,,,,,"uXSN77Q7x9cACyt+x8PEhxuBjTDRBKZV","uXSN77Q7x9cACyt+x8PEhxuBjTDRBKZV","legacyData"
"eafd760d-4179-48d3-a689-b7f16c65acff","KONZ_043.basePlot.vst","2015-11-10","vst_KONZ_2015","D06","KONZ","KONZ_043",,"NEON.PLA.D06.KONZ.01607",,"small shrub","Live",1.1,10,0.6,,,,0.2,0.1,"Open grown","cylinder",,,,,,"uXSN77Q7x9cACyt+x8PEhxuBjTDRBKZV","uXSN77Q7x9cACyt+x8PEhxuBjTDRBKZV","legacyData"
"b0ae0667-6924-4967-a668-7e8e777184ee","KONZ_057.basePlot.vst","2015-11-10","vst_KONZ_2015","D06","KONZ","KONZ_057",,"NEON.PLA.D06.KONZ.02891",,"small shrub","Live",1.0,10,1.1,,,,0.4,0.2,"Open grown","cylinder",,,,,,"uXSN77Q7x9cACyt+x8PEhxuBjTDRBKZV","uXSN77Q7x9cACyt+x8PEhxuBjTDRBKZV","legacyData"
"52573658-871c-4e2b-b86f-f6deba1aed00","KONZ_043.basePlot.vst","2015-11-10","vst_KONZ_2015","D06","KONZ","KONZ_043",,"NEON.PLA.D06.KONZ.01621",,"small shrub","Live",1.0,10,1.3,,,,0.4,0.2,"Open grown","cylinder",,,,,,"uXSN77Q7x9cACyt+x8PEhxuBjTDRBKZV","uXSN77Q7x9cACyt+x8PEhxuBjTDRBKZV","legacyData"
"c6816b51-9e6a-479e-a30c-5580109c2ff6","KONZ_043.basePlot.vst","2015-11-10","vst_KONZ_2015","D06","KONZ","KONZ_043",,"NEON.PLA.D06.KONZ.01624",,"small shrub","Live",1.1,10,1.4,,,,0.3,0.3,"Open grown","cylinder",,,,,,"uXSN77Q7x9cACyt+x8PEhxuBjTDRBKZV","uXSN77Q7x9cACyt+x8PEhxuBjTDRBKZV","legacyData"
"1939be81-9730-4feb-9ed7-bcae93300eba","KONZ_043.basePlot.vst","2015-11-10","vst_KONZ_2015","D06","KONZ","KONZ_043",,"NEON.PLA.D06.KONZ.01611",,"sapling","Live",1.2,10,0.6,,,,,,"Open grown",,,,,,,"uXSN77Q7x9cACyt+x8PEhxuBjTDRBKZV","uXSN77Q7x9cACyt+x8PEhxuBjTDRBKZV","legacyData"
"a1da5aac-3ce4-46ab-bb95-8a3285dcaec3","KONZ_043.basePlot.vst","2015-11-10","vst_KONZ_2015","D06","KONZ","KONZ_043",,"NEON.PLA.D06.KONZ.01623",,"small shrub","Live",1.1,10,1.4,,,,0.4,0.2,"Open grown","cylinder",,,,,,"uXSN77Q7x9cACyt+x8PEhxuBjTDRBKZV","uXSN77Q7x9cACyt+x8PEhxuBjTDRBKZV","legacyData"
"bf070af0-29cd-419b-a29b-f6f07ac5a7cb","KONZ_043.basePlot.vst","2015-11-10","vst_KONZ_2015","D06","KONZ","KONZ_043",,"NEON.PLA.D06.KONZ.02885",,"sapling","Live",1.0,10,0.7,,,,,,"Open grown",,,,,,"QC: no transcription errors","uXSN77Q7x9cACyt+x8PEhxuBjTDRBKZV","uXSN77Q7x9cACyt+x8PEhxuBjTDRBKZV","legacyData"
"56762447-8a1b-4bd0-9020-f97df53d547b","KONZ_043.basePlot.vst","2015-11-10","vst_KONZ_2015","D06","KONZ","KONZ_043",,"NEON.PLA.D06.KONZ.01619",,"small shrub","Live",1.0,10,1.0,,,,0.7,0.5,"Open grown","cylinder",,,,,,"uXSN77Q7x9cACyt+x8PEhxuBjTDRBKZV","uXSN77Q7x9cACyt+x8PEhxuBjTDRBKZV","legacyData"
"39267523-7c1e-4689-acc3-c94b63ab3ea2","KONZ_043.basePlot.vst","2015-11-10","vst_KONZ_2015","D06","KONZ","KONZ_043",,"NEON.PLA.D06.KONZ.01626",,"small shrub","Live",1.0,10,1.4,,,,0.3,0.3,"Open grown","cylinder",,,,,,"uXSN77Q7x9cACyt+x8PEhxuBjTDRBKZV","uXSN77Q7x9cACyt+x8PEhxuBjTDRBKZV","legacyData"
"b96bf426-6ab9-4a32-9671-00ecac8949ed","KONZ_057.basePlot.vst","2015-11-10","vst_KONZ_2015","D06","KONZ","KONZ_057",,"NEON.PLA.D06.KONZ.02892",,"small shrub","Live",1.0,10,1.1,,,,0.3,0.3,"Open grown","cylinder",,,,,,"uXSN77Q7x9cACyt+x8PEhxuBjTDRBKZV","uXSN77Q7x9cACyt+x8PEhxuBjTDRBKZV","legacyData"
"4e986086-a0f2-4c60-a3c1-979cbe70dbb3","KONZ_043.basePlot.vst","2015-11-10","vst_KONZ_2015","D06","KONZ","KONZ_043",,"NEON.PLA.D06.KONZ.01615",,"small shrub","Live",1.1,10,1.0,,,,0.3,0.2,"Open grown","cylinder",,,,,,"uXSN77Q7x9cACyt+x8PEhxuBjTDRBKZV","uXSN77Q7x9cACyt+x8PEhxuBjTDRBKZV","legacyData"
"62124684-9906-4814-86a7-8987d1541a66","KONZ_043.basePlot.vst","2015-11-10","vst_KONZ_2015","D06","KONZ","KONZ_043",,"NEON.PLA.D06.KONZ.02888",,"small shrub","Live",1.1,10,0.5,,,,0.3,0.1,"Open grown","cylinder",,,,,,"uXSN77Q7x9cACyt+x8PEhxuBjTDRBKZV","uXSN77Q7x9cACyt+x8PEhxuBjTDRBKZV","legacyData"
"9652eb9b-e076-45df-87b4-cdf18d5f8228","KONZ_057.basePlot.vst","2015-11-10","vst_KONZ_2015","D06","KONZ","KONZ_057",,"NEON.PLA.D06.KONZ.01631",,"small shrub","Live",1.0,10,1.0,,,,0.3,0.3,"Open grown","cylinder",,,,,,"IwiAeKKpgyDNoYNXo7Ff5Z9mnt7Mfl5M","IwiAeKKpgyDNoYNXo7Ff5Z9mnt7Mfl5M","legacyData"
"59e3476d-08b1-4ffb-a2d4-db6229c5420b","KONZ_043.basePlot.vst","2015-11-10","vst_KONZ_2015","D06","KONZ","KONZ_043",,"NEON.PLA.D06.KONZ.01627",,"small shrub","Live",1.0,10,1.2,,,,0.2,0.2,"Open grown","cylinder",,,,,,"uXSN77Q7x9cACyt+x8PEhxuBjTDRBKZV","uXSN77Q7x9cACyt+x8PEhxuBjTDRBKZV","legacyData"
"d9613a4e-8a30-4d8a-9a0a-33e7cdecef75","KONZ_043.basePlot.vst","2015-11-10","vst_KONZ_2015","D06","KONZ","KONZ_043",,"NEON.PLA.D06.KONZ.01622",,"small shrub","Live",1.3,10,1.4,,,,0.2,0.2,"Open grown","cylinder",,,,,,"uXSN77Q7x9cACyt+x8PEhxuBjTDRBKZV","uXSN77Q7x9cACyt+x8PEhxuBjTDRBKZV","legacyData"
"d1570267-32c3-4029-974f-37e6f014290a","KONZ_043.basePlot.vst","2015-11-10","vst_KONZ_2015","D06","KONZ","KONZ_043",,"NEON.PLA.D06.KONZ.02887",,"small shrub","Live",1.0,10,0.6,,,,0.1,0.1,"Open grown","cylinder",,,,,,"uXSN77Q7x9cACyt+x8PEhxuBjTDRBKZV","uXSN77Q7x9cACyt+x8PEhxuBjTDRBKZV","legacyData"
"e0035598-a917-474f-b748-3f88f525430b","KONZ_043.basePlot.vst","2015-11-10","vst_KONZ_2015","D06","KONZ","KONZ_043",,"NEON.PLA.D06.KONZ.01617",,"small shrub","Live",1.2,10,1.2,,,,0.5,0.4,"Open grown","cylinder",,,,,,"uXSN77Q7x9cACyt+x8PEhxuBjTDRBKZV","uXSN77Q7x9cACyt+x8PEhxuBjTDRBKZV","legacyData"
"d1f91282-ada9-4d28-aae8-bef0db27d0ca","KONZ_043.basePlot.vst","2015-11-10","vst_KONZ_2015","D06","KONZ","KONZ_043",,"NEON.PLA.D06.KONZ.02886",,"small shrub","Live",1.1,10,1.2,,,,0.3,0.3,"Open grown","cylinder",,,,,,"uXSN77Q7x9cACyt+x8PEhxuBjTDRBKZV","uXSN77Q7x9cACyt+x8PEhxuBjTDRBKZV","legacyData"
"7c091a6e-e64f-42ce-89a4-87e24d80e736","KONZ_043.basePlot.vst","2015-11-10","vst_KONZ_2015","D06","KONZ","KONZ_043",,"NEON.PLA.D06.KONZ.02882",,"small shrub","Live",1.2,10,0.6,,,,0.2,0.1,"Open grown","cylinder",,,,,,"uXSN77Q7x9cACyt+x8PEhxuBjTDRBKZV","uXSN77Q7x9cACyt+x8PEhxuBjTDRBKZV","legacyData"
"34c68e73-9344-470c-bba5-4533b75a5cce","KONZ_043.basePlot.vst","2015-11-10","vst_KONZ_2015","D06","KONZ","KONZ_043",,"NEON.PLA.D06.KONZ.02889",,"small shrub","Live",1.4,10,0.7,,,,0.1,0.1,"Open grown","cylinder",,,,,,"uXSN77Q7x9cACyt+x8PEhxuBjTDRBKZV","uXSN77Q7x9cACyt+x8PEhxuBjTDRBKZV","legacyData"
"82c39490-2e24-476d-8f37-98b0b67a9f27","KONZ_043.basePlot.vst","2015-11-10","vst_KONZ_2015","D06","KONZ","KONZ_043",,"NEON.PLA.D06.KONZ.01620",,"small shrub","Live",1.0,10,1.2,,,,0.4,0.3,"Open grown","cylinder",,,,,,"uXSN77Q7x9cACyt+x8PEhxuBjTDRBKZV","uXSN77Q7x9cACyt+x8PEhxuBjTDRBKZV","legacyData"
"a9adacad-c2d4-4518-8191-b53b75d41173","KONZ_043.basePlot.vst","2015-11-10","vst_KONZ_2015","D06","KONZ","KONZ_043",,"NEON.PLA.D06.KONZ.01608",,"sapling","Live",1.2,10,0.6,,,,,,"Open grown",,,,,,,"uXSN77Q7x9cACyt+x8PEhxuBjTDRBKZV","uXSN77Q7x9cACyt+x8PEhxuBjTDRBKZV","legacyData"
"fed1f704-38ea-4c0f-a8f4-bebb55739e71","KONZ_043.basePlot.vst","2015-11-10","vst_KONZ_2015","D06","KONZ","KONZ_043",,"NEON.PLA.D06.KONZ.01612",,"sapling","Live",1.0,10,0.4,,,,,,"Open grown",,,,,,,"uXSN77Q7x9cACyt+x8PEhxuBjTDRBKZV","uXSN77Q7x9cACyt+x8PEhxuBjTDRBKZV","legacyData"
"2e3d647d-18d3-473a-ae21-46d0454d3101","KONZ_043.basePlot.vst","2015-11-10","vst_KONZ_2015","D06","KONZ","KONZ_043",,"NEON.PLA.D06.KONZ.01610",,"sapling","Live",1.0,10,0.5,,,,,,"Open grown",,,,,,"QC: no transcription errors","uXSN77Q7x9cACyt+x8PEhxuBjTDRBKZV","uXSN77Q7x9cACyt+x8PEhxuBjTDRBKZV","legacyData"
"94dec288-a195-438a-9ff5-6becc198e067","KONZ_062.basePlot.vst","2015-11-12","vst_KONZ_2015","D06","KONZ","KONZ_062",,"NEON.PLA.D06.KONZ.01768",,"small shrub","Live",1.0,10,0.6,,,,0.3,0.1,"Open grown","cylinder",,,,,,"uXSN77Q7x9cACyt+x8PEhxuBjTDRBKZV","uXSN77Q7x9cACyt+x8PEhxuBjTDRBKZV","legacyData"
"a14f80e7-55f4-4eb1-b328-6cbb8cb76997","KONZ_062.basePlot.vst","2015-11-12","vst_KONZ_2015","D06","KONZ","KONZ_062",,"NEON.PLA.D06.KONZ.02876",,"sapling","Live,  other damage",1.1,10,0.6,,,,,,"Open grown",,,,,,,"IwiAeKKpgyDNoYNXo7Ff5Z9mnt7Mfl5M","IwiAeKKpgyDNoYNXo7Ff5Z9mnt7Mfl5M","legacyData"
"838d5c9c-c524-4f53-8097-a0b86c157dae","KONZ_062.basePlot.vst","2015-11-12","vst_KONZ_2015","D06","KONZ","KONZ_062",,"NEON.PLA.D06.KONZ.02877",,"sapling","Live,  other damage",1.2,10,0.6,,,,,,"Open grown",,,,,,,"IwiAeKKpgyDNoYNXo7Ff5Z9mnt7Mfl5M","IwiAeKKpgyDNoYNXo7Ff5Z9mnt7Mfl5M","legacyData"
"227a1354-1e54-435c-b2d0-98bf7875b2a3","KONZ_062.basePlot.vst","2015-11-12","vst_KONZ_2015","D06","KONZ","KONZ_062",,"NEON.PLA.D06.KONZ.01785",,"sapling","Live",1.4,10,,,,,,,"Open grown",,,,,,,"uXSN77Q7x9cACyt+x8PEhxuBjTDRBKZV","uXSN77Q7x9cACyt+x8PEhxuBjTDRBKZV","legacyData"
"aedc76dc-522f-432c-8fd6-ab5b4c81aec0","KONZ_062.basePlot.vst","2015-11-12","vst_KONZ_2015","D06","KONZ","KONZ_062",,"NEON.PLA.D06.KONZ.02865",,"sapling","Live",1.3,10,0.5,,,,,,"Open grown",,,,,,,"IwiAeKKpgyDNoYNXo7Ff5Z9mnt7Mfl5M","IwiAeKKpgyDNoYNXo7Ff5Z9mnt7Mfl5M","legacyData"
"233fa209-8a85-4146-9171-b9629b966808","KONZ_062.basePlot.vst","2015-11-12","vst_KONZ_2015","D06","KONZ","KONZ_062",,"NEON.PLA.D06.KONZ.01761",,"small shrub","Live",1.1,10,0.6,,,,0.3,0.1,"Open grown","cylinder",,,,,,"uXSN77Q7x9cACyt+x8PEhxuBjTDRBKZV","uXSN77Q7x9cACyt+x8PEhxuBjTDRBKZV","legacyData"
"b659c515-b9f1-403b-8001-ee39f297c375","KONZ_062.basePlot.vst","2015-11-12","vst_KONZ_2015","D06","KONZ","KONZ_062",,"NEON.PLA.D06.KONZ.01754",,"small shrub","Live",1.4,10,0.8,,,,0.2,0.1,"Open grown","cylinder",,,,,,"uXSN77Q7x9cACyt+x8PEhxuBjTDRBKZV","uXSN77Q7x9cACyt+x8PEhxuBjTDRBKZV","legacyData"
"c47afd5c-fbc9-48b8-a791-1d1b44c7c0d4","KONZ_062.basePlot.vst","2015-11-12","vst_KONZ_2015","D06","KONZ","KONZ_062",,"NEON.PLA.D06.KONZ.01758",,"sapling","Live",1.2,10,0.5,,,,,,"Open grown","cylinder",,,,,,"uXSN77Q7x9cACyt+x8PEhxuBjTDRBKZV","uXSN77Q7x9cACyt+x8PEhxuBjTDRBKZV","legacyData"
"3209701c-13c4-45ad-a487-7d6dc912a46e","KONZ_062.basePlot.vst","2015-11-12","vst_KONZ_2015","D06","KONZ","KONZ_062",,"NEON.PLA.D06.KONZ.02890",,"sapling","Live",1.1,10,0.4,,,,,,"Open grown",,,,,,,"IwiAeKKpgyDNoYNXo7Ff5Z9mnt7Mfl5M","IwiAeKKpgyDNoYNXo7Ff5Z9mnt7Mfl5M","legacyData"
"40653949-8877-4703-b4ed-8538d24f22a2","KONZ_062.basePlot.vst","2015-11-12","vst_KONZ_2015","D06","KONZ","KONZ_062",,"NEON.PLA.D06.KONZ.01771",,"sapling","Live",1.0,10,0.4,,,,,,"Open grown",,,,,,,"uXSN77Q7x9cACyt+x8PEhxuBjTDRBKZV","uXSN77Q7x9cACyt+x8PEhxuBjTDRBKZV","legacyData"
"b6e3f8f0-fa16-41aa-8198-4086d35bc3d0","KONZ_062.basePlot.vst","2015-11-12","vst_KONZ_2015","D06","KONZ","KONZ_062",,"NEON.PLA.D06.KONZ.01752",,"sapling","Live",1.1,10,0.5,,,,,,"Open grown",,,,,,,"uXSN77Q7x9cACyt+x8PEhxuBjTDRBKZV","uXSN77Q7x9cACyt+x8PEhxuBjTDRBKZV","legacyData"
"4baabb69-19ea-4a9c-8192-724f907cea24","KONZ_062.basePlot.vst","2015-11-12","vst_KONZ_2015","D06","KONZ","KONZ_062",,"NEON.PLA.D06.KONZ.02858",,"sapling","Live",1.0,10,0.6,,,,,,"Open grown",,,,,,,"IwiAeKKpgyDNoYNXo7Ff5Z9mnt7Mfl5M","IwiAeKKpgyDNoYNXo7Ff5Z9mnt7Mfl5M","legacyData"
"6b650637-7330-44f9-891b-c597ab74429f","KONZ_062.basePlot.vst","2015-11-12","vst_KONZ_2015","D06","KONZ","KONZ_062",,"NEON.PLA.D06.KONZ.02880",,"small shrub","Live,  other damage",1.3,10,0.6,,,,0.5,0.2,"Open grown","cylinder",,,,,,"IwiAeKKpgyDNoYNXo7Ff5Z9mnt7Mfl5M","IwiAeKKpgyDNoYNXo7Ff5Z9mnt7Mfl5M","legacyData"
"e62dfb2c-220e-4473-a6a8-f187217099fc","KONZ_062.basePlot.vst","2015-11-12","vst_KONZ_2015","D06","KONZ","KONZ_062",,"NEON.PLA.D06.KONZ.01753",,"sapling","Live",1.3,10,0.7,,,,,,"Open grown",,,,,,,"uXSN77Q7x9cACyt+x8PEhxuBjTDRBKZV","uXSN77Q7x9cACyt+x8PEhxuBjTDRBKZV","legacyData"
"98107c8c-5748-4279-ad89-b66a926678e6","KONZ_062.basePlot.vst","2015-11-12","vst_KONZ_2015","D06","KONZ","KONZ_062",,"NEON.PLA.D06.KONZ.02878",,"sapling","Live,  other damage",1.5,10,0.7,,,,,,"Open grown",,,,,,,"IwiAeKKpgyDNoYNXo7Ff5Z9mnt7Mfl5M","IwiAeKKpgyDNoYNXo7Ff5Z9mnt7Mfl5M","legacyData"
"67e0def8-3e65-4b98-99d7-d6f163a092a2","KONZ_062.basePlot.vst","2015-11-12","vst_KONZ_2015","D06","KONZ","KONZ_062",,"NEON.PLA.D06.KONZ.01769",,"sapling","Live",1.0,10,0.4,,,,,,"Open grown",,,,,,,"uXSN77Q7x9cACyt+x8PEhxuBjTDRBKZV","uXSN77Q7x9cACyt+x8PEhxuBjTDRBKZV","legacyData"
"ebda81fd-25ef-4cb7-a62f-e9a674cc9757","KONZ_062.basePlot.vst","2015-11-12","vst_KONZ_2015","D06","KONZ","KONZ_062",,"NEON.PLA.D06.KONZ.01763",,"sapling","Live",1.3,10,0.6,,,,,,"Open grown",,,,,,,"uXSN77Q7x9cACyt+x8PEhxuBjTDRBKZV","uXSN77Q7x9cACyt+x8PEhxuBjTDRBKZV","legacyData"
"9c8aaf38-36bd-420f-a26d-b832ce6c866f","KONZ_062.basePlot.vst","2015-11-12","vst_KONZ_2015","D06","KONZ","KONZ_062",,"NEON.PLA.D06.KONZ.02864",,"sapling","Live",1.2,10,0.4,,,,,,"Open grown",,,,,,,"IwiAeKKpgyDNoYNXo7Ff5Z9mnt7Mfl5M","IwiAeKKpgyDNoYNXo7Ff5Z9mnt7Mfl5M","legacyData"
"b62801da-7eb2-4077-b3f4-51d2e4596089","KONZ_062.basePlot.vst","2015-11-12","vst_KONZ_2015","D06","KONZ","KONZ_062",,"NEON.PLA.D06.KONZ.02871",,"small shrub","Live,  other damage",1.5,10,0.7,,,,0.3,0.1,"Open grown","cylinder",,,,,,"IwiAeKKpgyDNoYNXo7Ff5Z9mnt7Mfl5M","IwiAeKKpgyDNoYNXo7Ff5Z9mnt7Mfl5M","legacyData"
"1d68c4b8-6708-48a8-a615-981122308ec0","KONZ_062.basePlot.vst","2015-11-12","vst_KONZ_2015","D06","KONZ","KONZ_062",,"NEON.PLA.D06.KONZ.02867",,"small shrub","Live",1.2,10,0.6,,,,0.6,0.3,"Open grown","cylinder",,,,,"2 qual stems","IwiAeKKpgyDNoYNXo7Ff5Z9mnt7Mfl5M","IwiAeKKpgyDNoYNXo7Ff5Z9mnt7Mfl5M","legacyData"
"6517c218-6c89-4de4-ac45-87426a147585","KONZ_062.basePlot.vst","2015-11-12","vst_KONZ_2015","D06","KONZ","KONZ_062",,"NEON.PLA.D06.KONZ.02874",,"small shrub","Live,  other damage",1.1,10,0.4,,,,0.2,0.2,"Open grown","cylinder",,,,,,"IwiAeKKpgyDNoYNXo7Ff5Z9mnt7Mfl5M","IwiAeKKpgyDNoYNXo7Ff5Z9mnt7Mfl5M","legacyData"
"7fcca18d-9803-40d4-b2d7-560b3173125e","KONZ_062.basePlot.vst","2015-11-12","vst_KONZ_2015","D06","KONZ","KONZ_062",,"NEON.PLA.D06.KONZ.02859",,"sapling","Live",1.4,10,0.5,,,,,,"Open grown",,,,,,,"IwiAeKKpgyDNoYNXo7Ff5Z9mnt7Mfl5M","IwiAeKKpgyDNoYNXo7Ff5Z9mnt7Mfl5M","legacyData"
"a8615e2c-02b9-469b-bb42-77838c6d089d","KONZ_062.basePlot.vst","2015-11-12","vst_KONZ_2015","D06","KONZ","KONZ_062",,"NEON.PLA.D06.KONZ.02860",,"small shrub","Live",1.6,10,0.6,,,,0.6,0.4,"Open grown","cylinder",,,,,,"IwiAeKKpgyDNoYNXo7Ff5Z9mnt7Mfl5M","IwiAeKKpgyDNoYNXo7Ff5Z9mnt7Mfl5M","legacyData"
"e7b39410-2651-4601-9b9d-97113b205c1a","KONZ_062.basePlot.vst","2015-11-12","vst_KONZ_2015","D06","KONZ","KONZ_062",,"NEON.PLA.D06.KONZ.01760",,"small shrub","Live",1.5,10,0.7,,,,0.3,0.2,"Open grown","cylinder",,,,,,"uXSN77Q7x9cACyt+x8PEhxuBjTDRBKZV","uXSN77Q7x9cACyt+x8PEhxuBjTDRBKZV","legacyData"
"7bba9f3c-85a8-44b3-a254-69f7a9b40425","KONZ_062.basePlot.vst","2015-11-12","vst_KONZ_2015","D06","KONZ","KONZ_062",,"NEON.PLA.D06.KONZ.01606",,"small shrub","Live",1.0,10,0.5,,,,0.1,0.1,"Open grown","cylinder",,,,,,"uXSN77Q7x9cACyt+x8PEhxuBjTDRBKZV","uXSN77Q7x9cACyt+x8PEhxuBjTDRBKZV","legacyData"
"a2eae167-2964-418d-b338-d642df96a4b2","KONZ_062.basePlot.vst","2015-11-12","vst_KONZ_2015","D06","KONZ","KONZ_062",,"NEON.PLA.D06.KONZ.01787",,"sapling","Live,  other damage",1.1,10,0.4,,,,,,"Open grown",,,,,,,"IwiAeKKpgyDNoYNXo7Ff5Z9mnt7Mfl5M","IwiAeKKpgyDNoYNXo7Ff5Z9mnt7Mfl5M","legacyData"
"b7f9b2dc-4c1a-4766-b67f-0485e36ea5f6","KONZ_062.basePlot.vst","2015-11-12","vst_KONZ_2015","D06","KONZ","KONZ_062",,"NEON.PLA.D06.KONZ.01762",,"sapling","Live",1.1,10,0.6,,,,,,"Open grown",,,,,,,"uXSN77Q7x9cACyt+x8PEhxuBjTDRBKZV","uXSN77Q7x9cACyt+x8PEhxuBjTDRBKZV","legacyData"
"df14aa1a-09d9-4151-b4c8-8760ba75f07a","KONZ_062.basePlot.vst","2015-11-12","vst_KONZ_2015","D06","KONZ","KONZ_062",,"NEON.PLA.D06.KONZ.01756",,"small shrub","Live",1.5,10,0.7,,,,0.4,0.4,"Open grown","cylinder",,,,,,"uXSN77Q7x9cACyt+x8PEhxuBjTDRBKZV","uXSN77Q7x9cACyt+x8PEhxuBjTDRBKZV","legacyData"
"8dc37c1b-c8f0-485f-861b-f5e62a29d02a","KONZ_062.basePlot.vst","2015-11-12","vst_KONZ_2015","D06","KONZ","KONZ_062",,"NEON.PLA.D06.KONZ.02868",,"sapling","Live",1.3,15,0.6,,,,,,"Open grown",,,,,,"Anomaly at 10 cm, measured 5 cm up stem","IwiAeKKpgyDNoYNXo7Ff5Z9mnt7Mfl5M","IwiAeKKpgyDNoYNXo7Ff5Z9mnt7Mfl5M","legacyData"
"555dfff6-27b0-481f-9bb3-86edb84d28e0","KONZ_062.basePlot.vst","2015-11-12","vst_KONZ_2015","D06","KONZ","KONZ_062",,"NEON.PLA.D06.KONZ.02863",,"sapling","Live",1.3,10,0.5,,,,,,"Open grown",,,,,,,"IwiAeKKpgyDNoYNXo7Ff5Z9mnt7Mfl5M","IwiAeKKpgyDNoYNXo7Ff5Z9mnt7Mfl5M","legacyData"
"f729be43-17fd-40f8-bd61-f9035a9ca812","KONZ_062.basePlot.vst","2015-11-12","vst_KONZ_2015","D06","KONZ","KONZ_062",,"NEON.PLA.D06.KONZ.02866",,"sapling","Live",1.4,10,0.5,,,,,,"Open grown",,,,,,,"IwiAeKKpgyDNoYNXo7Ff5Z9mnt7Mfl5M","IwiAeKKpgyDNoYNXo7Ff5Z9mnt7Mfl5M","legacyData"
"ffe3c7a8-bd59-4541-b0b7-921751a59ed5","KONZ_062.basePlot.vst","2015-11-12","vst_KONZ_2015","D06","KONZ","KONZ_062",,"NEON.PLA.D06.KONZ.02881",,"sapling","Live,  other damage",1.1,10,0.4,,,,,,"Open grown",,,,,,,"IwiAeKKpgyDNoYNXo7Ff5Z9mnt7Mfl5M","IwiAeKKpgyDNoYNXo7Ff5Z9mnt7Mfl5M","legacyData"
"8496564b-7499-4b82-b4f8-45b62855d9ac","KONZ_062.basePlot.vst","2015-11-12","vst_KONZ_2015","D06","KONZ","KONZ_062",,"NEON.PLA.D06.KONZ.01609",,"small shrub","Live",1.4,10,0.7,,,,0.3,0.2,"Open grown","cylinder",,,,,,"uXSN77Q7x9cACyt+x8PEhxuBjTDRBKZV","uXSN77Q7x9cACyt+x8PEhxuBjTDRBKZV","legacyData"
"515b165a-8ef5-47fc-a033-a247ed4138b3","KONZ_062.basePlot.vst","2015-11-12","vst_KONZ_2015","D06","KONZ","KONZ_062",,"NEON.PLA.D06.KONZ.01603",,"small shrub","Live",1.4,10,0.6,,,,0.3,0.2,"Open grown","cylinder",,,,,,"uXSN77Q7x9cACyt+x8PEhxuBjTDRBKZV","uXSN77Q7x9cACyt+x8PEhxuBjTDRBKZV","legacyData"
"339d1a27-b9d9-4f68-9f73-5e20162a8aba","KONZ_062.basePlot.vst","2015-11-12","vst_KONZ_2015","D06","KONZ","KONZ_062",,"NEON.PLA.D06.KONZ.01755",,"small shrub","Live",1.6,10,0.8,,,,0.2,0.1,"Open grown","cylinder",,,,,,"uXSN77Q7x9cACyt+x8PEhxuBjTDRBKZV","uXSN77Q7x9cACyt+x8PEhxuBjTDRBKZV","legacyData"
"88aa4ad8-4dd4-44d8-9392-974b27d90b39","KONZ_062.basePlot.vst","2015-11-12","vst_KONZ_2015","D06","KONZ","KONZ_062",,"NEON.PLA.D06.KONZ.01604",,"small shrub","Live",1.9,10,0.9,,,,0.4,0.2,"Open grown","cylinder",,,,,,"uXSN77Q7x9cACyt+x8PEhxuBjTDRBKZV","uXSN77Q7x9cACyt+x8PEhxuBjTDRBKZV","legacyData"
"90a5ecb4-5fb4-4118-afb4-9f0904670703","KONZ_062.basePlot.vst","2015-11-12","vst_KONZ_2015","D06","KONZ","KONZ_062",,"NEON.PLA.D06.KONZ.02870",,"small shrub","Live,  other damage",1.1,10,0.4,,,,0.2,0.1,"Open grown","cylinder",,,,,,"IwiAeKKpgyDNoYNXo7Ff5Z9mnt7Mfl5M","IwiAeKKpgyDNoYNXo7Ff5Z9mnt7Mfl5M","legacyData"
"83ccd1ba-874b-4898-96f1-49b1e63f36b3","KONZ_062.basePlot.vst","2015-11-12","vst_KONZ_2015","D06","KONZ","KONZ_062",,"NEON.PLA.D06.KONZ.02875",,"small shrub","Live,  other damage",1.2,10,0.5,,,,0.3,0.2,"Open grown","cylinder",,,,,,"IwiAeKKpgyDNoYNXo7Ff5Z9mnt7Mfl5M","IwiAeKKpgyDNoYNXo7Ff5Z9mnt7Mfl5M","legacyData"
"ebd13cc5-ddac-4af2-9b70-5139ea0a8c09","KONZ_062.basePlot.vst","2015-11-12","vst_KONZ_2015","D06","KONZ","KONZ_062",,"NEON.PLA.D06.KONZ.02873",,"small shrub","Live",1.1,10,0.3,,,,0.2,0.1,"Open grown","cylinder",,,,,,"IwiAeKKpgyDNoYNXo7Ff5Z9mnt7Mfl5M","IwiAeKKpgyDNoYNXo7Ff5Z9mnt7Mfl5M","legacyData"
"0025ac5f-0c4f-4a63-9afe-152db9dbf278","KONZ_062.basePlot.vst","2015-11-12","vst_KONZ_2015","D06","KONZ","KONZ_062",,"NEON.PLA.D06.KONZ.01759",,"small shrub","Live",1.7,10,0.8,,,,0.2,0.2,"Open grown","cylinder",,,,,,"uXSN77Q7x9cACyt+x8PEhxuBjTDRBKZV","uXSN77Q7x9cACyt+x8PEhxuBjTDRBKZV","legacyData"
"485d8e77-9520-4bfd-a980-a5d1ee48bc1b","KONZ_062.basePlot.vst","2015-11-12","vst_KONZ_2015","D06","KONZ","KONZ_062",,"NEON.PLA.D06.KONZ.01605",,"small shrub","Live",1.5,10,0.8,,,,0.3,0.1,"Open grown","cylinder",,,,,,"uXSN77Q7x9cACyt+x8PEhxuBjTDRBKZV","uXSN77Q7x9cACyt+x8PEhxuBjTDRBKZV","legacyData"
"5fb77116-ddad-4e7d-9c20-ea376f0a3639","KONZ_062.basePlot.vst","2015-11-12","vst_KONZ_2015","D06","KONZ","KONZ_062",,"NEON.PLA.D06.KONZ.01770",,"sapling","Live",1.4,10,0.7,,,,,,"Open grown",,,,,,,"uXSN77Q7x9cACyt+x8PEhxuBjTDRBKZV","uXSN77Q7x9cACyt+x8PEhxuBjTDRBKZV","legacyData"
"8af7f496-a0fe-49d2-81ad-0979072b307f","KONZ_062.basePlot.vst","2015-11-12","vst_KONZ_2015","D06","KONZ","KONZ_062",,"NEON.PLA.D06.KONZ.01764",,"sapling","Live",1.1,10,0.4,,,,,,"Open grown",,,,,,,"uXSN77Q7x9cACyt+x8PEhxuBjTDRBKZV","uXSN77Q7x9cACyt+x8PEhxuBjTDRBKZV","legacyData"
"8472aa65-81f5-4a79-b10e-bd184aa5461f","KONZ_062.basePlot.vst","2015-11-12","vst_KONZ_2015","D06","KONZ","KONZ_062",,"NEON.PLA.D06.KONZ.01601",,"small shrub","Live",1.5,10,0.8,,,,0.4,0.1,"Open grown","cylinder",,,,,,"uXSN77Q7x9cACyt+x8PEhxuBjTDRBKZV","uXSN77Q7x9cACyt+x8PEhxuBjTDRBKZV","legacyData"
"b9bf6276-0f0c-4486-9853-a20f29c4fd83","KONZ_062.basePlot.vst","2015-11-12","vst_KONZ_2015","D06","KONZ","KONZ_062",,"NEON.PLA.D06.KONZ.01602",,"small shrub","Live",1.4,10,0.7,,,,0.2,0.1,"Open grown","cylinder",,,,,,"uXSN77Q7x9cACyt+x8PEhxuBjTDRBKZV","uXSN77Q7x9cACyt+x8PEhxuBjTDRBKZV","legacyData"
"1cc9f94f-5629-4476-acc8-04350e60ce47","KONZ_062.basePlot.vst","2015-11-12","vst_KONZ_2015","D06","KONZ","KONZ_062",,"NEON.PLA.D06.KONZ.02857",,"sapling","Live",1.0,10,0.4,,,,,,"Open grown",,,,,,,"IwiAeKKpgyDNoYNXo7Ff5Z9mnt7Mfl5M","IwiAeKKpgyDNoYNXo7Ff5Z9mnt7Mfl5M","legacyData"
"11631256-c00c-4282-aa2d-3930d7b52d54","KONZ_062.basePlot.vst","2015-11-12","vst_KONZ_2015","D06","KONZ","KONZ_062",,"NEON.PLA.D06.KONZ.01767",,"sapling","Live",1.1,10,,,,,,,"Open grown",,,,,,,"uXSN77Q7x9cACyt+x8PEhxuBjTDRBKZV","uXSN77Q7x9cACyt+x8PEhxuBjTDRBKZV","legacyData"
"cc8c4315-2307-4fdc-8be6-c71b3eec5641","KONZ_062.basePlot.vst","2015-11-12","vst_KONZ_2015","D06","KONZ","KONZ_062",,"NEON.PLA.D06.KONZ.02862",,"sapling","Live",1.3,10,0.5,,,,,,"Open grown",,,,,,,"IwiAeKKpgyDNoYNXo7Ff5Z9mnt7Mfl5M","IwiAeKKpgyDNoYNXo7Ff5Z9mnt7Mfl5M","legacyData"
"dace683a-dc0e-4352-94d2-7948a1b1fc6b","KONZ_062.basePlot.vst","2015-11-12","vst_KONZ_2015","D06","KONZ","KONZ_062",,"NEON.PLA.D06.KONZ.01766",,"sapling","Live",1.2,10,0.4,,,,,,"Open grown",,,,,,,"uXSN77Q7x9cACyt+x8PEhxuBjTDRBKZV","uXSN77Q7x9cACyt+x8PEhxuBjTDRBKZV","legacyData"
"63cf7980-6a56-4bf8-847a-0517709b75f6","KONZ_062.basePlot.vst","2015-11-12","vst_KONZ_2015","D06","KONZ","KONZ_062",,"NEON.PLA.D06.KONZ.01772",,"sapling","Live",1.4,10,0.4,,,,,,"Open grown",,,,,,,"uXSN77Q7x9cACyt+x8PEhxuBjTDRBKZV","uXSN77Q7x9cACyt+x8PEhxuBjTDRBKZV","legacyData"
"d24e0d9f-d6f5-4e5d-b7a2-2f527f9c09a5","KONZ_062.basePlot.vst","2015-11-12","vst_KONZ_2015","D06","KONZ","KONZ_062",,"NEON.PLA.D06.KONZ.02872",,"sapling","Live,  other damage",1.6,10,0.7,,,,,,"Open grown",,,,,,,"IwiAeKKpgyDNoYNXo7Ff5Z9mnt7Mfl5M","IwiAeKKpgyDNoYNXo7Ff5Z9mnt7Mfl5M","legacyData"
"3aac43d2-d007-44fc-ab04-d210db631274","KONZ_062.basePlot.vst","2015-11-12","vst_KONZ_2015","D06","KONZ","KONZ_062",,"NEON.PLA.D06.KONZ.02879",,"sapling","Live",1.0,10,0.4,,,,,,"Open grown",,,,,,,"IwiAeKKpgyDNoYNXo7Ff5Z9mnt7Mfl5M","IwiAeKKpgyDNoYNXo7Ff5Z9mnt7Mfl5M","legacyData"
"bf736f49-706a-4551-856c-b3d1c943789f","KONZ_062.basePlot.vst","2015-11-12","vst_KONZ_2015","D06","KONZ","KONZ_062",,"NEON.PLA.D06.KONZ.01751",,"sapling","Live",1.0,10,0.4,,,,,,"Open grown",,,,,,,"uXSN77Q7x9cACyt+x8PEhxuBjTDRBKZV","uXSN77Q7x9cACyt+x8PEhxuBjTDRBKZV","legacyData"
"e3b1e800-3e59-4bc3-99a5-9b203a7ca408","KONZ_062.basePlot.vst","2015-11-12","vst_KONZ_2015","D06","KONZ","KONZ_062",,"NEON.PLA.D06.KONZ.02856",,"small shrub","Live",1.0,10,0.5,,,,0.4,0.1,"Open grown","cylinder",,,,,,"IwiAeKKpgyDNoYNXo7Ff5Z9mnt7Mfl5M","IwiAeKKpgyDNoYNXo7Ff5Z9mnt7Mfl5M","legacyData"
"832d7f75-2215-41d1-885f-28cf357be744","KONZ_062.basePlot.vst","2015-11-12","vst_KONZ_2015","D06","KONZ","KONZ_062",,"NEON.PLA.D06.KONZ.02861",,"small shrub","Live",1.0,10,0.4,,,,0.1,0.1,"Open grown","cylinder",,,,,,"IwiAeKKpgyDNoYNXo7Ff5Z9mnt7Mfl5M","IwiAeKKpgyDNoYNXo7Ff5Z9mnt7Mfl5M","legacyData"
"e7dec1a5-ea0b-428b-a5e8-6248e486df8c","KONZ_062.basePlot.vst","2015-11-12","vst_KONZ_2015","D06","KONZ","KONZ_062",,"NEON.PLA.D06.KONZ.02869",,"sapling","Live",1.2,10,0.4,,,,,,"Open grown",,,,,,,"IwiAeKKpgyDNoYNXo7Ff5Z9mnt7Mfl5M","IwiAeKKpgyDNoYNXo7Ff5Z9mnt7Mfl5M","legacyData"
"68b7e18e-ca48-4d3a-8764-735923f0755a","KONZ_062.basePlot.vst","2015-11-12","vst_KONZ_2015","D06","KONZ","KONZ_062",,"NEON.PLA.D06.KONZ.01765",,"sapling","Live",1.3,10,0.6,,,,,,"Open grown",,,,,,,"uXSN77Q7x9cACyt+x8PEhxuBjTDRBKZV","uXSN77Q7x9cACyt+x8PEhxuBjTDRBKZV","legacyData"
"e62af1a6-6d33-4731-aab8-c3e124c402ba","KONZ_062.basePlot.vst","2015-11-12","vst_KONZ_2015","D06","KONZ","KONZ_062",,"NEON.PLA.D06.KONZ.01757",,"sapling","Live",1.7,10,0.6,,,,,,"Open grown",,,,,,,"uXSN77Q7x9cACyt+x8PEhxuBjTDRBKZV","uXSN77Q7x9cACyt+x8PEhxuBjTDRBKZV","legacyData"
"24a5b438-74e7-410d-ac28-16d8f7340270","KONZ_071.basePlot.vst","2015-11-13","vst_KONZ_2015","D06","KONZ","KONZ_071",,"NEON.PLA.D06.KONZ.01742",,"small shrub","Live",1.8,10,0.9,,,,0.4,0.3,"Open grown","cylinder",,,,,"2 qualifying stems","IwiAeKKpgyDNoYNXo7Ff5Z9mnt7Mfl5M","IwiAeKKpgyDNoYNXo7Ff5Z9mnt7Mfl5M","legacyData"
"fa8868d6-eeae-4b4c-9a3a-0a0cfc03cee6","KONZ_071.basePlot.vst","2015-11-13","vst_KONZ_2015","D06","KONZ","KONZ_071",,"NEON.PLA.D06.KONZ.02851",,"sapling","Live",1.2,10,0.7,,,,,,"Open grown",,,,,,,"uXSN77Q7x9cACyt+x8PEhxuBjTDRBKZV","yflgGJSDzM61EqS0AZiOQQRoV4Q86Tv3","legacyData"
"7682f02f-f87b-4623-a332-327fbbe66b3a","KONZ_071.basePlot.vst","2015-11-13","vst_KONZ_2015","D06","KONZ","KONZ_071",,"NEON.PLA.D06.KONZ.01738",,"small shrub","Live",1.1,10,0.8,,,,0.6,0.1,"Open grown","cylinder",,,,,"2 qualifing stems","IwiAeKKpgyDNoYNXo7Ff5Z9mnt7Mfl5M","IwiAeKKpgyDNoYNXo7Ff5Z9mnt7Mfl5M","legacyData"
"7e48a519-496e-48c5-b48a-23f4445319f0","KONZ_071.basePlot.vst","2015-11-13","vst_KONZ_2015","D06","KONZ","KONZ_071",,"NEON.PLA.D06.KONZ.02843",,"sapling","Live",1.2,10,0.9,,,,,,"Open grown",,,,,,,"uXSN77Q7x9cACyt+x8PEhxuBjTDRBKZV","yflgGJSDzM61EqS0AZiOQQRoV4Q86Tv3","legacyData"
"bb03e33c-65dd-4392-9334-35ea7c672a56","KONZ_071.basePlot.vst","2015-11-13","vst_KONZ_2015","D06","KONZ","KONZ_071",,"NEON.PLA.D06.KONZ.02844",,"sapling","Live",1.0,10,,,,,0.6,,"Open grown",,,,,,,"uXSN77Q7x9cACyt+x8PEhxuBjTDRBKZV","yflgGJSDzM61EqS0AZiOQQRoV4Q86Tv3","legacyData"
"6226d0b9-c1f2-4e88-adff-f3291433a540","KONZ_071.basePlot.vst","2015-11-13","vst_KONZ_2015","D06","KONZ","KONZ_071",,"NEON.PLA.D06.KONZ.01746",,"small shrub","Live",1.5,10,0.9,,,,0.6,0.3,"Open grown","cylinder",,,,,"3 qualifying stems","IwiAeKKpgyDNoYNXo7Ff5Z9mnt7Mfl5M","IwiAeKKpgyDNoYNXo7Ff5Z9mnt7Mfl5M","legacyData"
"80bd400d-cd34-4bf8-89f5-646440cf96f9","KONZ_071.basePlot.vst","2015-11-13","vst_KONZ_2015","D06","KONZ","KONZ_071",,"NEON.PLA.D06.KONZ.02836",,"small shrub","Live",1.1,10,0.5,,,,0.1,0.1,"Open grown","cylinder",,,,,,"uXSN77Q7x9cACyt+x8PEhxuBjTDRBKZV","yflgGJSDzM61EqS0AZiOQQRoV4Q86Tv3","legacyData"
"3f066692-10e3-43ca-8d41-5219fa5838d0","KONZ_071.basePlot.vst","2015-11-13","vst_KONZ_2015","D06","KONZ","KONZ_071",,"NEON.PLA.D06.KONZ.01749",,"small shrub","Live",1.0,10,0.5,,,,0.1,0.1,"Open grown","cylinder",,,,,,"IwiAeKKpgyDNoYNXo7Ff5Z9mnt7Mfl5M","IwiAeKKpgyDNoYNXo7Ff5Z9mnt7Mfl5M","legacyData"
"febd586f-2b0a-4e62-8983-0c1708458df9","KONZ_071.basePlot.vst","2015-11-13","vst_KONZ_2015","D06","KONZ","KONZ_071",,"NEON.PLA.D06.KONZ.02854",,"small shrub","Live",1.2,10,0.7,,,,0.2,0.1,"Open grown","cylinder",,,,,,"uXSN77Q7x9cACyt+x8PEhxuBjTDRBKZV","yflgGJSDzM61EqS0AZiOQQRoV4Q86Tv3","legacyData"
"7948897b-5113-42e2-a3de-0b03b3dedecc","KONZ_071.basePlot.vst","2015-11-13","vst_KONZ_2015","D06","KONZ","KONZ_071",,"NEON.PLA.D06.KONZ.01731",,"small shrub","Live",1.7,10,1.1,,,,0.7,0.4,"Open grown","cylinder",,,,,"3 qualifying stems","IwiAeKKpgyDNoYNXo7Ff5Z9mnt7Mfl5M","IwiAeKKpgyDNoYNXo7Ff5Z9mnt7Mfl5M","legacyData"
"8c81cc50-73c7-4d75-963d-851337a083e6","KONZ_071.basePlot.vst","2015-11-13","vst_KONZ_2015","D06","KONZ","KONZ_071",,"NEON.PLA.D06.KONZ.02855",,"small shrub","Live",1.2,10,0.8,,,,0.2,0.1,"Open grown","cylinder",,,,,,"uXSN77Q7x9cACyt+x8PEhxuBjTDRBKZV","yflgGJSDzM61EqS0AZiOQQRoV4Q86Tv3","legacyData"
"15e461f7-9333-47ce-b050-bb122922fbc2","KONZ_071.basePlot.vst","2015-11-13","vst_KONZ_2015","D06","KONZ","KONZ_071",,"NEON.PLA.D06.KONZ.01736",,"small shrub","Live",1.7,10,1.1,,,,0.4,0.2,"Open grown","cylinder",,,,,"2 qualifying stems","IwiAeKKpgyDNoYNXo7Ff5Z9mnt7Mfl5M","IwiAeKKpgyDNoYNXo7Ff5Z9mnt7Mfl5M","legacyData"
"96194cc7-7d78-4be3-8f24-dbc0ba0b27d3","KONZ_071.basePlot.vst","2015-11-13","vst_KONZ_2015","D06","KONZ","KONZ_071",,"NEON.PLA.D06.KONZ.01750",,"small shrub","Live",1.2,10,0.7,,,,0.2,0.1,"Open grown","cylinder",,,,,,"IwiAeKKpgyDNoYNXo7Ff5Z9mnt7Mfl5M","IwiAeKKpgyDNoYNXo7Ff5Z9mnt7Mfl5M","legacyData"
"63650359-6f1d-4c45-9dd3-7f20af079507","KONZ_071.basePlot.vst","2015-11-13","vst_KONZ_2015","D06","KONZ","KONZ_071",,"NEON.PLA.D06.KONZ.02835",,"small shrub","Live",1.0,10,0.5,,,,0.3,0.1,"Open grown","cylinder",,,,,,"uXSN77Q7x9cACyt+x8PEhxuBjTDRBKZV","yflgGJSDzM61EqS0AZiOQQRoV4Q86Tv3","legacyData"
"895e7400-d287-41ea-bb1f-fbbfb193aabc","KONZ_071.basePlot.vst","2015-11-13","vst_KONZ_2015","D06","KONZ","KONZ_071",,"NEON.PLA.D06.KONZ.01737",,"small shrub","Live",1.8,10,1.0,,,,0.3,0.2,"Open grown","cylinder",,,,,,"IwiAeKKpgyDNoYNXo7Ff5Z9mnt7Mfl5M","IwiAeKKpgyDNoYNXo7Ff5Z9mnt7Mfl5M","legacyData"
"cd281d72-fbf9-4ab8-94ec-6278879f16f8","KONZ_071.basePlot.vst","2015-11-13","vst_KONZ_2015","D06","KONZ","KONZ_071",,"NEON.PLA.D06.KONZ.02832",,"sapling","Live",1.1,10,0.5,,,,,,"Open grown",,,,,,,"uXSN77Q7x9cACyt+x8PEhxuBjTDRBKZV","yflgGJSDzM61EqS0AZiOQQRoV4Q86Tv3","legacyData"
"67108782-c6ad-4f2f-94ec-2d26bdf4faa6","KONZ_071.basePlot.vst","2015-11-13","vst_KONZ_2015","D06","KONZ","KONZ_071",,"NEON.PLA.D06.KONZ.01729",,"sapling","Live",14.0,10,0.6,,,,,,"Open grown",,,,,,,"IwiAeKKpgyDNoYNXo7Ff5Z9mnt7Mfl5M","IwiAeKKpgyDNoYNXo7Ff5Z9mnt7Mfl5M","legacyData"
"3d125df1-6605-4f5c-96b5-5e44355d4eea","KONZ_071.basePlot.vst","2015-11-13","vst_KONZ_2015","D06","KONZ","KONZ_071",,"NEON.PLA.D06.KONZ.02839",,"small shrub","Live",1.0,10,0.5,,,,0.1,0.1,"Open grown","cylinder",,,,,,"uXSN77Q7x9cACyt+x8PEhxuBjTDRBKZV","yflgGJSDzM61EqS0AZiOQQRoV4Q86Tv3","legacyData"
"ec9a30ac-f139-46ba-9c40-b8dd2c85496a","KONZ_071.basePlot.vst","2015-11-13","vst_KONZ_2015","D06","KONZ","KONZ_071",,"NEON.PLA.D06.KONZ.02828",,"small shrub","Live",1.3,10,0.6,,,,0.3,0.1,"Open grown","cylinder",,,,,,"uXSN77Q7x9cACyt+x8PEhxuBjTDRBKZV","yflgGJSDzM61EqS0AZiOQQRoV4Q86Tv3","legacyData"
"5ef7d81c-9211-4cc9-bb05-e6e361d16e36","KONZ_071.basePlot.vst","2015-11-13","vst_KONZ_2015","D06","KONZ","KONZ_071",,"NEON.PLA.D06.KONZ.01727",,"small shrub","Live",2.0,10,1.2,,,,1.2,1.2,"Open grown","half-sphere",,,,,"7 qualifying stems - only this primary stem tagged, but all surrounding stems included as sms","IwiAeKKpgyDNoYNXo7Ff5Z9mnt7Mfl5M","IwiAeKKpgyDNoYNXo7Ff5Z9mnt7Mfl5M","legacyData"
"df8dea5e-2800-44f9-8641-fdd817efb76f","KONZ_071.basePlot.vst","2015-11-13","vst_KONZ_2015","D06","KONZ","KONZ_071",,"NEON.PLA.D06.KONZ.02837",,"small shrub","Live",1.1,10,0.6,,,,0.3,0.1,"Open grown","cylinder",,,,,,"uXSN77Q7x9cACyt+x8PEhxuBjTDRBKZV","yflgGJSDzM61EqS0AZiOQQRoV4Q86Tv3","legacyData"
"ed4cae64-f006-42b7-8a4b-48c3bdf2c184","KONZ_071.basePlot.vst","2015-11-13","vst_KONZ_2015","D06","KONZ","KONZ_071",,"NEON.PLA.D06.KONZ.01725",,"small shrub","Live",1.4,10,0.7,,,,0.4,0.1,"Open grown","cylinder",,,,,,"IwiAeKKpgyDNoYNXo7Ff5Z9mnt7Mfl5M","IwiAeKKpgyDNoYNXo7Ff5Z9mnt7Mfl5M","legacyData"
"4ba0a618-1a7e-417e-94c5-d01bd258da3d","KONZ_071.basePlot.vst","2015-11-13","vst_KONZ_2015","D06","KONZ","KONZ_071",,"NEON.PLA.D06.KONZ.02826",,"small shrub","Live",1.8,10,0.9,,,,0.4,0.1,"Open grown","cylinder",,,,,,"uXSN77Q7x9cACyt+x8PEhxuBjTDRBKZV","yflgGJSDzM61EqS0AZiOQQRoV4Q86Tv3","legacyData"
"3158b27f-1ccc-41a7-b583-386e480dd1b1","KONZ_071.basePlot.vst","2015-11-13","vst_KONZ_2015","D06","KONZ","KONZ_071",,"NEON.PLA.D06.KONZ.01744",,"sapling","Live",1.1,10,0.6,,,,,,"Open grown",,,,,,,"IwiAeKKpgyDNoYNXo7Ff5Z9mnt7Mfl5M","IwiAeKKpgyDNoYNXo7Ff5Z9mnt7Mfl5M","legacyData"
"af3144a1-0f61-4a85-8e65-9fa921f3b10c","KONZ_071.basePlot.vst","2015-11-13","vst_KONZ_2015","D06","KONZ","KONZ_071",,"NEON.PLA.D06.KONZ.02831",,"small shrub","Live",1.5,10,0.9,,,,0.7,0.2,"Open grown","cylinder",,,,,,"uXSN77Q7x9cACyt+x8PEhxuBjTDRBKZV","yflgGJSDzM61EqS0AZiOQQRoV4Q86Tv3","legacyData"
"b1fc6003-673f-492d-9cb6-4ce4a35e01f0","KONZ_071.basePlot.vst","2015-11-13","vst_KONZ_2015","D06","KONZ","KONZ_071",,"NEON.PLA.D06.KONZ.01726",,"sapling","Live",1.5,10,0.8,,,,,,"Open grown",,,,,,,"IwiAeKKpgyDNoYNXo7Ff5Z9mnt7Mfl5M","IwiAeKKpgyDNoYNXo7Ff5Z9mnt7Mfl5M","legacyData"
"9dedcb69-ab9a-4d0c-a3ae-7351cd72251a","KONZ_071.basePlot.vst","2015-11-13","vst_KONZ_2015","D06","KONZ","KONZ_071",,"NEON.PLA.D06.KONZ.01739",,"small shrub","Live",1.1,10,0.7,,,,0.2,0.1,"Open grown","cylinder",,,,,,"IwiAeKKpgyDNoYNXo7Ff5Z9mnt7Mfl5M","IwiAeKKpgyDNoYNXo7Ff5Z9mnt7Mfl5M","legacyData"
"e29903ee-f50a-43bd-bf07-69ad667dfd2b","KONZ_071.basePlot.vst","2015-11-13","vst_KONZ_2015","D06","KONZ","KONZ_071",,"NEON.PLA.D06.KONZ.02827",,"sapling","Live",1.3,10,0.7,,,,,,"Open grown",,,,,,,"uXSN77Q7x9cACyt+x8PEhxuBjTDRBKZV","yflgGJSDzM61EqS0AZiOQQRoV4Q86Tv3","legacyData"
"4964ac8a-1be9-40fd-bf83-e9b6cddc07ce","KONZ_071.basePlot.vst","2015-11-13","vst_KONZ_2015","D06","KONZ","KONZ_071",,"NEON.PLA.D06.KONZ.01745",,"small shrub","Live",1.3,10,0.8,,,,0.6,0.2,"Open grown","cylinder",,,,,"3 qualifying stems","IwiAeKKpgyDNoYNXo7Ff5Z9mnt7Mfl5M","IwiAeKKpgyDNoYNXo7Ff5Z9mnt7Mfl5M","legacyData"
"b9febf9a-1d5c-41ca-99c7-81288603ba52","KONZ_071.basePlot.vst","2015-11-13","vst_KONZ_2015","D06","KONZ","KONZ_071",,"NEON.PLA.D06.KONZ.02848",,"sapling","Live",1.3,10,0.8,,,,,,"Open grown",,,,,,,"uXSN77Q7x9cACyt+x8PEhxuBjTDRBKZV","yflgGJSDzM61EqS0AZiOQQRoV4Q86Tv3","legacyData"
"3df10559-6136-4069-99a1-dcf6f437804c","KONZ_071.basePlot.vst","2015-11-13","vst_KONZ_2015","D06","KONZ","KONZ_071",,"NEON.PLA.D06.KONZ.02850",,"small shrub","Live",1.4,10,0.9,,,,0.7,0.5,"Open grown","cylinder",,,,,,"uXSN77Q7x9cACyt+x8PEhxuBjTDRBKZV","yflgGJSDzM61EqS0AZiOQQRoV4Q86Tv3","legacyData"
"bc668b56-b3c3-4deb-bf3b-28da07f2ec7b","KONZ_071.basePlot.vst","2015-11-13","vst_KONZ_2015","D06","KONZ","KONZ_071",,"NEON.PLA.D06.KONZ.02845",,"small shrub","Live",1.5,10,1.0,,,,0.5,0.2,"Open grown","cylinder",,,,,,"uXSN77Q7x9cACyt+x8PEhxuBjTDRBKZV","yflgGJSDzM61EqS0AZiOQQRoV4Q86Tv3","legacyData"
"65e378d8-8aea-47f5-add2-4b83b049db19","KONZ_071.basePlot.vst","2015-11-13","vst_KONZ_2015","D06","KONZ","KONZ_071",,"NEON.PLA.D06.KONZ.01747",,"sapling","Live",1.2,10,0.7,,,,,,"Open grown",,,,,,,"IwiAeKKpgyDNoYNXo7Ff5Z9mnt7Mfl5M","IwiAeKKpgyDNoYNXo7Ff5Z9mnt7Mfl5M","legacyData"
"f4cad9ac-846e-4e84-b22f-eaf6be9b23d0","KONZ_071.basePlot.vst","2015-11-13","vst_KONZ_2015","D06","KONZ","KONZ_071",,"NEON.PLA.D06.KONZ.01743",,"small shrub","Live",1.7,10,1.0,,,,0.4,0.3,"Open grown","cylinder",,,,,"2 qualifying stems","IwiAeKKpgyDNoYNXo7Ff5Z9mnt7Mfl5M","IwiAeKKpgyDNoYNXo7Ff5Z9mnt7Mfl5M","legacyData"
"54762761-1bf6-4b9a-ada7-577372c4a901","KONZ_071.basePlot.vst","2015-11-13","vst_KONZ_2015","D06","KONZ","KONZ_071",,"NEON.PLA.D06.KONZ.02841",,"sapling","Live",1.2,10,0.8,,,,,,"Open grown",,,,,,,"uXSN77Q7x9cACyt+x8PEhxuBjTDRBKZV","yflgGJSDzM61EqS0AZiOQQRoV4Q86Tv3","legacyData"
"f40f1b1c-4080-4821-a609-32219c2dd29d","KONZ_071.basePlot.vst","2015-11-13","vst_KONZ_2015","D06","KONZ","KONZ_071",,"NEON.PLA.D06.KONZ.02849",,"small shrub","Live",1.3,10,0.8,,,,0.9,0.4,"Open grown","cylinder",,,,,,"uXSN77Q7x9cACyt+x8PEhxuBjTDRBKZV","yflgGJSDzM61EqS0AZiOQQRoV4Q86Tv3","legacyData"
"36e3e7a4-f16f-4c94-a23b-8674a7412560","KONZ_071.basePlot.vst","2015-11-13","vst_KONZ_2015","D06","KONZ","KONZ_071",,"NEON.PLA.D06.KONZ.02852",,"sapling","Live",1.2,10,0.7,,,,,,"Open grown",,,,,,,"uXSN77Q7x9cACyt+x8PEhxuBjTDRBKZV","yflgGJSDzM61EqS0AZiOQQRoV4Q86Tv3","legacyData"
"92ff397c-6bd8-4a1f-94e3-ff579ee7bc81","KONZ_071.basePlot.vst","2015-11-13","vst_KONZ_2015","D06","KONZ","KONZ_071",,"NEON.PLA.D06.KONZ.01740",,"small shrub","Live",1.5,10,0.9,,,,0.6,0.4,"Open grown","cylinder",,,,,"3 qualifying stems","IwiAeKKpgyDNoYNXo7Ff5Z9mnt7Mfl5M","IwiAeKKpgyDNoYNXo7Ff5Z9mnt7Mfl5M","legacyData"
"32343e59-802a-4e5e-88ae-b952dd6684d4","KONZ_071.basePlot.vst","2015-11-13","vst_KONZ_2015","D06","KONZ","KONZ_071",,"NEON.PLA.D06.KONZ.01735",,"sapling","Live",1.6,10,0.9,,,,,,,,,,,,,"IwiAeKKpgyDNoYNXo7Ff5Z9mnt7Mfl5M","IwiAeKKpgyDNoYNXo7Ff5Z9mnt7Mfl5M","legacyData"
"ddd8fefa-5dfd-49cd-b9ef-e168c8898bcc","KONZ_071.basePlot.vst","2015-11-13","vst_KONZ_2015","D06","KONZ","KONZ_071",,"NEON.PLA.D06.KONZ.01732",,"sapling","Live",1.0,10,0.5,,,,,,"Open grown",,,,,,,"IwiAeKKpgyDNoYNXo7Ff5Z9mnt7Mfl5M","IwiAeKKpgyDNoYNXo7Ff5Z9mnt7Mfl5M","legacyData"
"1c9e7757-7003-450b-bb71-cba9a62525e7","KONZ_071.basePlot.vst","2015-11-13","vst_KONZ_2015","D06","KONZ","KONZ_071",,"NEON.PLA.D06.KONZ.02838",,"sapling","Live",1.1,10,0.6,,,,,,"Open grown",,,,,,,"uXSN77Q7x9cACyt+x8PEhxuBjTDRBKZV","yflgGJSDzM61EqS0AZiOQQRoV4Q86Tv3","legacyData"
"9fd4c645-aa20-45f9-a7c7-08c0ae6316d0","KONZ_071.basePlot.vst","2015-11-13","vst_KONZ_2015","D06","KONZ","KONZ_071",,"NEON.PLA.D06.KONZ.01734",,"sapling","Live",1.3,10,0.7,,,,,,"Open grown",,,,,,,"IwiAeKKpgyDNoYNXo7Ff5Z9mnt7Mfl5M","IwiAeKKpgyDNoYNXo7Ff5Z9mnt7Mfl5M","legacyData"
"be5ac8b8-7695-4b34-b332-cfbe39b15ab3","KONZ_071.basePlot.vst","2015-11-13","vst_KONZ_2015","D06","KONZ","KONZ_071",,"NEON.PLA.D06.KONZ.02830",,"small shrub","Live",1.4,10,0.7,,,,0.2,0.1,"Open grown","cylinder",,,,,,"uXSN77Q7x9cACyt+x8PEhxuBjTDRBKZV","yflgGJSDzM61EqS0AZiOQQRoV4Q86Tv3","legacyData"
"da11c645-f88c-4c69-b5e1-cf2f6096cc19","KONZ_071.basePlot.vst","2015-11-13","vst_KONZ_2015","D06","KONZ","KONZ_071",,"NEON.PLA.D06.KONZ.01741",,"small shrub","Live",1.1,10,0.6,,,,0.4,0.1,"Open grown","cylinder",,,,,,"IwiAeKKpgyDNoYNXo7Ff5Z9mnt7Mfl5M","IwiAeKKpgyDNoYNXo7Ff5Z9mnt7Mfl5M","legacyData"
"16f7e927-50ce-4327-891b-7bdd95268d1f","KONZ_071.basePlot.vst","2015-11-13","vst_KONZ_2015","D06","KONZ","KONZ_071",,"NEON.PLA.D06.KONZ.01733",,"small shrub","Live",1.4,10,0.8,,,,0.4,0.3,"Open grown","cylinder",,,,,"2 qualifying stems","IwiAeKKpgyDNoYNXo7Ff5Z9mnt7Mfl5M","IwiAeKKpgyDNoYNXo7Ff5Z9mnt7Mfl5M","legacyData"
"22cfd940-9974-4ae7-9b08-5e54b2de7511","KONZ_071.basePlot.vst","2015-11-13","vst_KONZ_2015","D06","KONZ","KONZ_071",,"NEON.PLA.D06.KONZ.01730",,"small shrub","Live",1.1,10,1.4,,,,0.5,0.4,"Open grown","cylinder",,,,,,"IwiAeKKpgyDNoYNXo7Ff5Z9mnt7Mfl5M","IwiAeKKpgyDNoYNXo7Ff5Z9mnt7Mfl5M","legacyData"
"667cfb69-2781-41e1-ae05-9b7c6d0aea0d","KONZ_071.basePlot.vst","2015-11-13","vst_KONZ_2015","D06","KONZ","KONZ_071",,"NEON.PLA.D06.KONZ.02853",,"small shrub","Live",1.2,10,0.6,,,,0.3,0.1,"Open grown","cylinder",,,,,,"uXSN77Q7x9cACyt+x8PEhxuBjTDRBKZV","yflgGJSDzM61EqS0AZiOQQRoV4Q86Tv3","legacyData"
"60444243-f4d4-4504-a56e-65ab0f358813","KONZ_071.basePlot.vst","2015-11-13","vst_KONZ_2015","D06","KONZ","KONZ_071",,"NEON.PLA.D06.KONZ.02834",,"small shrub","Live",1.2,10,0.5,,,,0.1,0.1,"Open grown","cylinder",,,,,,"uXSN77Q7x9cACyt+x8PEhxuBjTDRBKZV","yflgGJSDzM61EqS0AZiOQQRoV4Q86Tv3","legacyData"
"fa9fdb7e-9954-4e25-b6fc-f25045027c59","KONZ_071.basePlot.vst","2015-11-13","vst_KONZ_2015","D06","KONZ","KONZ_071",,"NEON.PLA.D06.KONZ.02829",,"sapling","Live",1.2,10,0.7,,,,,,"Open grown",,,,,,,"uXSN77Q7x9cACyt+x8PEhxuBjTDRBKZV","yflgGJSDzM61EqS0AZiOQQRoV4Q86Tv3","legacyData"
"e4ab9fe7-0fc3-46c8-8d76-38d9f68ce851","KONZ_071.basePlot.vst","2015-11-13","vst_KONZ_2015","D06","KONZ","KONZ_071",,"NEON.PLA.D06.KONZ.02833",,"sapling","Live",1.2,10,0.6,,,,,,"Open grown",,,,,,,"uXSN77Q7x9cACyt+x8PEhxuBjTDRBKZV","yflgGJSDzM61EqS0AZiOQQRoV4Q86Tv3","legacyData"
"fe71efbf-6744-4d17-ab3a-b7ac2dd294a7","KONZ_071.basePlot.vst","2015-11-13","vst_KONZ_2015","D06","KONZ","KONZ_071",,"NEON.PLA.D06.KONZ.02846",,"small shrub","Live",1.0,10,1.5,,,,0.3,0.2,"Open grown","cylinder",,,,,,"uXSN77Q7x9cACyt+x8PEhxuBjTDRBKZV","yflgGJSDzM61EqS0AZiOQQRoV4Q86Tv3","legacyData"
"25567758-b352-42ca-b5a9-f63a8f0c67ec","KONZ_071.basePlot.vst","2015-11-13","vst_KONZ_2015","D06","KONZ","KONZ_071",,"NEON.PLA.D06.KONZ.02847",,"small shrub","Live",1.2,10,0.9,,,,0.3,0.2,"Open grown","cylinder",,,,,,"uXSN77Q7x9cACyt+x8PEhxuBjTDRBKZV","yflgGJSDzM61EqS0AZiOQQRoV4Q86Tv3","legacyData"
"a83dc00d-2fc5-4398-ace7-01acf33f09c3","KONZ_071.basePlot.vst","2015-11-13","vst_KONZ_2015","D06","KONZ","KONZ_071",,"NEON.PLA.D06.KONZ.02840",,"sapling","Live",1.1,10,0.6,,,,,,"Open grown",,,,,,,"uXSN77Q7x9cACyt+x8PEhxuBjTDRBKZV","yflgGJSDzM61EqS0AZiOQQRoV4Q86Tv3","legacyData"
"dbe300c2-2f51-4233-96ff-f731d4005431","KONZ_047.basePlot.vst","2015-11-13","vst_KONZ_2015","D06","KONZ","KONZ_047",,"NEON.PLA.D06.KONZ.01724",,"small shrub","Live",1.3,10,1.0,,,,0.5,0.5,"Open grown","cylinder",,,,,,"uXSN77Q7x9cACyt+x8PEhxuBjTDRBKZV","IwiAeKKpgyDNoYNXo7Ff5Z9mnt7Mfl5M","legacyData"
"d1008780-8a79-4ba4-b43b-ee1fbe7cb50d","KONZ_071.basePlot.vst","2015-11-13","vst_KONZ_2015","D06","KONZ","KONZ_071",,"NEON.PLA.D06.KONZ.01728",,"small shrub","Live",1.0,10,0.5,,,,0.3,0.2,"Open grown","cylinder",,,,,"2 qualifying stems","IwiAeKKpgyDNoYNXo7Ff5Z9mnt7Mfl5M","IwiAeKKpgyDNoYNXo7Ff5Z9mnt7Mfl5M","legacyData"
"908e44e5-6b65-4ffc-838d-f54c183c74f3","KONZ_071.basePlot.vst","2015-11-13","vst_KONZ_2015","D06","KONZ","KONZ_071",,"NEON.PLA.D06.KONZ.02842",,"sapling","Live",1.2,10,0.9,,,,,,"Open grown",,,,,,,"uXSN77Q7x9cACyt+x8PEhxuBjTDRBKZV","yflgGJSDzM61EqS0AZiOQQRoV4Q86Tv3","legacyData"
"5592db76-f978-4e99-abc2-91ebad5ee70a","KONZ_071.basePlot.vst","2015-11-13","vst_KONZ_2015","D06","KONZ","KONZ_071",,"NEON.PLA.D06.KONZ.01748",,"sapling","Live",1.8,10,0.8,,,,,,"Open grown",,,,,,,"IwiAeKKpgyDNoYNXo7Ff5Z9mnt7Mfl5M","IwiAeKKpgyDNoYNXo7Ff5Z9mnt7Mfl5M","legacyData"
