uid,namedLocation,date,eventID,domainID,siteID,plotID,subplotID,nestedSubplotID,groupID,taxonID,scientificName,taxonRank,identificationReferences,identificationQualifier,volumePercent,livePercent,deadPercent,canopyArea,meanHeight,remarks,measuredBy,recordedBy,dataQF
"4a9f0d1f-a21a-40ec-a974-4190ffb2a1fc","KONZ_051.basePlot.vst","2015-11-05","vst_KONZ_2015","D06","KONZ","KONZ_051","31",,"31 _0","RHAR4","Rhus aromatica Aiton","species",,,100,90,10,2.0,0.78,"QC: no transcription errors","uXSN77Q7x9cACyt+x8PEhxuBjTDRBKZV","IwiAeKKpgyDNoYNXo7Ff5Z9mnt7Mfl5M","legacyData"
"8db84c64-4ed1-4af8-84e2-a9e2ef0242b4","KONZ_068.basePlot.vst","2015-11-05","vst_KONZ_2015","D06","KONZ","KONZ_068","40",,"40 _0","RHAR4","Rhus aromatica Aiton","species",,,80,100,0,0.5,0.94,,"uXSN77Q7x9cACyt+x8PEhxuBjTDRBKZV","IwiAeKKpgyDNoYNXo7Ff5Z9mnt7Mfl5M","legacyData"
"a0ea90c1-3663-49f9-9561-ad248bec45b8","KONZ_042.basePlot.vst","2015-11-05","vst_KONZ_2015","D06","KONZ","KONZ_042","31",,"31 _0","RHAR4","Rhus aromatica Aiton","species",,,65,80,20,15.0,1.46,,"uXSN77Q7x9cACyt+x8PEhxuBjTDRBKZV","IwiAeKKpgyDNoYNXo7Ff5Z9mnt7Mfl5M","legacyData"
"2ac6f873-ca67-4ba3-bb05-d7368bb4381f","KONZ_042.basePlot.vst","2015-11-05","vst_KONZ_2015","D06","KONZ","KONZ_042","31",,"31 _0","CODR","Cornus drummondii C.A. Mey.","species",,,35,95,5,15.0,1.46,,"uXSN77Q7x9cACyt+x8PEhxuBjTDRBKZV","IwiAeKKpgyDNoYNXo7Ff5Z9mnt7Mfl5M","legacyData"
"1adbea76-94e9-473b-bda3-f4595319e3fc","KONZ_068.basePlot.vst","2015-11-05","vst_KONZ_2015","D06","KONZ","KONZ_068","40",,"40 _0","CODR","Cornus drummondii C.A. Mey.","species",,,20,100,0,0.5,0.94,,"uXSN77Q7x9cACyt+x8PEhxuBjTDRBKZV","IwiAeKKpgyDNoYNXo7Ff5Z9mnt7Mfl5M","legacyData"
"bafcf27c-8c92-4881-9ee0-319ca28d8952","KONZ_057.basePlot.vst","2015-11-10","vst_KONZ_2015","D06","KONZ","KONZ_057","31",,"31 _0","CODR","Cornus drummondii C.A. Mey.","species",,,8,60,40,1.0,1.06,,"IwiAeKKpgyDNoYNXo7Ff5Z9mnt7Mfl5M","IwiAeKKpgyDNoYNXo7Ff5Z9mnt7Mfl5M","legacyData"
"61f0e5d5-96e2-4545-80a6-17867f4b2c0b","KONZ_057.basePlot.vst","2015-11-10","vst_KONZ_2015","D06","KONZ","KONZ_057","31",,"31 _0","RHAR4","Rhus aromatica Aiton","species",,,92,75,25,1.0,1.06,,"IwiAeKKpgyDNoYNXo7Ff5Z9mnt7Mfl5M","IwiAeKKpgyDNoYNXo7Ff5Z9mnt7Mfl5M","legacyData"
"051866f1-1f69-4141-be06-bc38316b4970","KONZ_071.basePlot.vst","2015-11-13","vst_KONZ_2015","D06","KONZ","KONZ_071","40",,"40 _0","CECA4","Cercis canadensis L.","species",,,100,100,0,2.0,1.84,,"IwiAeKKpgyDNoYNXo7Ff5Z9mnt7Mfl5M","uXSN77Q7x9cACyt+x8PEhxuBjTDRBKZV","legacyData"
