uid,namedLocation,domainID,siteID,plotID,plotType,nlcdClass,decimalLatitude,decimalLongitude,geodeticDatum,coordinateUncertainty,elevation,elevationUncertainty,collectDate,eventID,sampleID,sampleCode,samplingMethod,totalSampledArea,targetTaxaPresent,adultCount,nymphCount,larvaCount,sampleCondition,samplingProtocolVersion,measuredBy,remarks
"2be42c9c-b04a-49fa-9493-d8d936d66a6b","LAJA_005.tickPlot.tck","D04","LAJA","LAJA_005","distributed","pastureHay",18.026834,-67.085519,"WGS84",20.1,21.3,0.1,"2017-08-23T14:40Z","LAJA.2017.35",,,"drag",160,"N",0,0,0,,"NEON.DOC.014045vH","GpwpAYpsrfXOb1jQ7wslzb+kf5M1gj7AeRGYQcqcQec=","Skipped 20 meters due to high grass and sunflowers."
"7a5425c2-ae0d-4d8a-abce-f35f2d978903","LAJA_003.tickPlot.tck","D04","LAJA","LAJA_003","distributed","pastureHay",18.024566,-67.081257,"WGS84",20.1,19.8,0.1,"2017-08-23T16:30Z","LAJA.2017.35",,,"flag",80,"N",0,0,0,,"NEON.DOC.014045vH","GpwpAYpsrfXOb1jQ7wslzb+kf5M1gj7AeRGYQcqcQec=","Skipped 80 meter due to high grass and sunflowers"
"cb709475-8c96-4931-86a7-4572c03d856d","LAJA_001.tickPlot.tck","D04","LAJA","LAJA_001","distributed","grasslandHerbaceous",18.025778,-67.076305,"WGS84",20.1,21.9,0.1,"2017-08-24T13:11Z","LAJA.2017.35",,,"drag",160,"N",0,0,0,,"NEON.DOC.014045vH","llBB5GilomiL3H9rNtINJeX8UHMAu+L47sXe3XmgpK0=",
"376892ca-d25b-49c5-830d-e4cd7aa7d000","LAJA_002.tickPlot.tck","D04","LAJA","LAJA_002","distributed","cultivatedCrops",18.034056,-67.073646,"WGS84",20.1,30.6,0.1,"2017-08-24T14:05Z","LAJA.2017.35",,,"drag",160,"N",0,0,0,,"NEON.DOC.014045vH","zPBe+8pzAK3Kf4/L2qJV36CjLL5KpYr+dJur8mfsxKJSqtDZzH3Glg==",
"4150a328-d636-4fd9-90e8-1f2b01cd044b","LAJA_030.tickPlot.tck","D04","LAJA","LAJA_030","distributed","evergreenForest",18.038595,-67.070394,"WGS84",20.1,31.1,0.1,"2017-08-24T15:20Z","LAJA.2017.35",,,"drag",148,"N",0,0,0,,"NEON.DOC.014045vH","zPBe+8pzAK3Kf4/L2qJV36CjLL5KpYr+dJur8mfsxKJSqtDZzH3Glg==","Skipped 12 meters due to dense vegetation."
