uid,namedLocation,domainID,siteID,plotID,plotType,nlcdClass,decimalLatitude,decimalLongitude,geodeticDatum,coordinateUncertainty,elevation,elevationUncertainty,collectDate,eventID,sampleID,sampleCode,samplingMethod,totalSampledArea,targetTaxaPresent,adultCount,nymphCount,larvaCount,sampleCondition,samplingProtocolVersion,measuredBy,remarks
"2ce54d38-1e80-42c5-9eaa-87d0bca07f05","SERC_006.tickPlot.tck","D02","SERC","SERC_006","distributed","deciduousForest",38.880025,-76.548376,"WGS84",20.2,2.6,0.3,"2016-09-07T15:52Z","SERC.2016.36","SERC_006.20160907",,"drag",163,"Y",0,1,15,"No known compromise","NEON.DOC.014045vG","/AhbGCCF27wHz9TggrmS1nLN8zUO+zcB","~16 larval ticks in ethanol - needs lab processing"
"674a1ff2-b65a-4cd4-999a-3b18d6cd7e6f","SERC_005.tickPlot.tck","D02","SERC","SERC_005","distributed","deciduousForest",38.894060,-76.546307,"WGS84",20.3,8.5,0.5,"2016-09-07T17:05Z","SERC.2016.36","SERC_005.20160907",,"drag",132,"Y",0,1,22,"No known compromise","NEON.DOC.014045vG","ena7GLJui5s1h8moQAQPw3Qj2+mVdivS","Needs lab processing"
"5143e436-d9c0-4ceb-9c3b-44eb2faefbe1","SERC_023.tickPlot.tck","D02","SERC","SERC_023","distributed","cultivatedCrops",38.873978,-76.535925,"WGS84",20.1,6.7,0.1,"2016-09-07T18:32Z","SERC.2016.36",,,"drag",160,"N",0,0,0,"No known compromise","NEON.DOC.014045vG","/AhbGCCF27wHz9TggrmS1nLN8zUO+zcB",
"37a017ed-8656-4a0e-b9fe-98771a5663b4","SERC_001.tickPlot.tck","D02","SERC","SERC_001","distributed","deciduousForest",38.868186,-76.535306,"WGS84",20.2,2.1,0.2,"2016-09-07T19:35Z","SERC.2016.36","SERC_001.20160907",,"drag",163,"Y",0,0,75,"No known compromise","NEON.DOC.014045vG","ena7GLJui5s1h8moQAQPw3Qj2+mVdivS","Needs lab processing"
"a325c447-7b58-4372-8485-300e6e2bc678","SERC_012.tickPlot.tck","D02","SERC","SERC_012","distributed","deciduousForest",38.880010,-76.561648,"WGS84",20.2,20.1,0.2,"2016-09-08T15:25Z","SERC.2016.36","SERC_012.20160908",,"drag",158,"Y",0,0,873,"No known compromise","NEON.DOC.014045vG","/AhbGCCF27wHz9TggrmS1nLN8zUO+zcB","Needs lab processing"
"eeebf475-110e-4a8b-985c-c7140b95acc6","SERC_002.tickPlot.tck","D02","SERC","SERC_002","distributed","deciduousForest",38.896262,-76.558166,"WGS84",20.2,17.0,0.3,"2016-09-08T21:24Z","SERC.2016.36","SERC_002.20160908",,"drag",141,"Y",0,6,967,"No known compromise","NEON.DOC.014045vG","/AhbGCCF27wHz9TggrmS1nLN8zUO+zcB","Needs lab processing"
"75891c4f-885c-4a3f-b32b-ebbe3a6e1bde","SERC_006.tickPlot.tck","D02","SERC","SERC_006","distributed","deciduousForest",38.880025,-76.548376,"WGS84",20.2,2.6,0.3,"2016-09-26T17:56Z","SERC.2016.39","SERC_006.20160926",,"drag",163,"Y",0,0,8,"No known compromise","NEON.DOC.014045vG","vEBCcEQSSh8r9pJtyJMpi8WPWOrf6mR2",
"0cc61c3a-d645-4397-a42e-5adccd45216f","SERC_005.tickPlot.tck","D02","SERC","SERC_005","distributed","deciduousForest",38.894060,-76.546307,"WGS84",20.3,8.5,0.5,"2016-09-26T19:05Z","SERC.2016.39","SERC_005.20160926",,"drag",135,"Y",0,1,509,"No known compromise","NEON.DOC.014045vG","YJ2A+OwoGUUtJLNxPkxhEPyEeY8sOiMA","Needs processing"
