uid,namedLocation,plotID,collectDate,identifiedDate,sampleID,subsampleID,scientificName,acceptedTaxonID,taxonRank,family,subfamily,tribe,subtribe,genus,subgenus,specificEpithet,infraspecificEpithet,identificationQualifier,identificationReferences,identificationProtocolVersion,scientificNameAuthorship,sexOrAge,individualCount,sampleCondition,archiveMedium,archiveFacilityID,deprecatedVialID,identifiedBy,laboratoryName,remarks
"cc2afe6b-6c04-4477-8112-e069541b2b42","SERC_006.tickPlot.tck","SERC_006","2016-09-07T15:52Z","2017-05-10T16:00Z","SERC_006.20160907","SERC_006.20160907.IXOSP.L","Ixodidae sp.","IXOSP","family","Ixodidae",,,,,,"sp.",,,,"GSU_tickIdentification_SOP_2016-11-01.pdf",,"Larva",1,"OK","RNA stabilization buffer","USNMENT00984594","SERC_006.20160907.02.L","Guy Hobbs","Georgia Southern University",
"808c129b-829e-4083-b71d-2b40c425358c","SERC_006.tickPlot.tck","SERC_006","2016-09-07T15:52Z","2017-05-17T16:00Z","SERC_006.20160907","SERC_006.20160907.IXOSCA.N","Ixodes scapularis","IXOSCA","species","Ixodidae",,,,"Ixodes",,"scapularis",,,"Cooley, R. A. and G. M. Kohls. 1945. The genus Ixodes in North America. National Institute of Health Bulletin, 184.","GSU_tickIdentification_SOP_2016-11-01.pdf","Say","Nymph",1,"OK","RNA stabilization buffer","USNMENT00984595","SERC_006.20160907.01.IXOSCA.N","Lorenza Beati","Georgia Southern University",
"9b451bdb-190c-4d01-8b21-10990da27c57","SERC_005.tickPlot.tck","SERC_005","2016-09-07T17:05Z","2017-05-10T16:00Z","SERC_005.20160907","SERC_005.20160907.IXOSP.L","Ixodidae sp.","IXOSP","family","Ixodidae",,,,,,"sp.",,,,"GSU_tickIdentification_SOP_2016-11-01.pdf",,"Larva",1,"OK","RNA stabilization buffer","USNMENT00984596","SERC_005.20160907.02.L","Guy Hobbs","Georgia Southern University",
"64caf0e6-f2d6-4abe-b26f-ebbb5cf4ca24","SERC_005.tickPlot.tck","SERC_005","2016-09-07T17:05Z","2017-05-17T16:00Z","SERC_005.20160907","SERC_005.20160907.AMBAME.N","Amblyomma americanum","AMBAME","species","Ixodidae",,,,"Amblyomma",,"americanum",,,"Cooley, R. A. and G. M. Kohls. 1944. The genus Amblyomma (ixodidae) in the United States. The Journal of Parasitology, 30(2):77-111.","GSU_tickIdentification_SOP_2016-11-01.pdf","Linnaeus","Nymph",1,"OK","RNA stabilization buffer","USNMENT00984597","SERC_005.20160907.01.AMBAME.N","Lorenza Beati","Georgia Southern University",
"c08e0a0c-9208-47d7-8f8a-8f6c82ee3893","SERC_001.tickPlot.tck","SERC_001","2016-09-07T19:35Z","2017-05-11T16:00Z","SERC_001.20160907","SERC_001.20160907.IXOSP.L","Ixodidae sp.","IXOSP","family","Ixodidae",,,,,,"sp.",,,,"GSU_tickIdentification_SOP_2016-11-01.pdf",,"Larva",1,"OK","RNA stabilization buffer","USNMENT00984599","SERC_001.20160907.01.L","Guy Hobbs","Georgia Southern University",
"a8a68bd1-7e3b-4888-8e8f-86738a4dd484","SERC_012.tickPlot.tck","SERC_012","2016-09-08T15:25Z","2017-05-11T16:00Z","SERC_012.20160908","SERC_012.20160908.IXOSP.L","Ixodidae sp.","IXOSP","family","Ixodidae",,,,,,"sp.",,,,"GSU_tickIdentification_SOP_2016-11-01.pdf",,"Larva",1,"OK","RNA stabilization buffer","USNMENT00984601","SERC_012.20160908.01.L","Guy Hobbs","Georgia Southern University",
"98e84e55-893a-4ac6-ba75-bbfeed0620d8","SERC_002.tickPlot.tck","SERC_002","2016-09-08T21:24Z","2017-05-11T16:00Z","SERC_002.20160908","SERC_002.20160908.IXOSP.L","Ixodidae sp.","IXOSP","family","Ixodidae",,,,,,"sp.",,,,"GSU_tickIdentification_SOP_2016-11-01.pdf",,"Larva",1,"OK","RNA stabilization buffer","USNMENT00984600","SERC_002.20160908.02.L","Guy Hobbs","Georgia Southern University",
"87e03b74-085f-4acd-97a0-5ce1741e087e","SERC_002.tickPlot.tck","SERC_002","2016-09-08T21:24Z","2017-05-17T16:00Z","SERC_002.20160908","SERC_002.20160908.AMBAME.N","Amblyomma americanum","AMBAME","species","Ixodidae",,,,"Amblyomma",,"americanum",,,"Cooley, R. A. and G. M. Kohls. 1944. The genus Amblyomma (ixodidae) in the United States. The Journal of Parasitology, 30(2):77-111.","GSU_tickIdentification_SOP_2016-11-01.pdf","Linnaeus","Nymph",6,"OK","RNA stabilization buffer","USNMENT00984598","SERC_002.20160908.01.AMBAME.N","Lorenza Beati","Georgia Southern University",
"379bf7c1-ba48-4853-aca9-144d5ae52bb6","SERC_006.tickPlot.tck","SERC_006","2016-09-26T17:56Z","2017-05-05T16:00Z","SERC_006.20160926","SERC_006.20160926.IXOSP.L","Ixodidae sp.","IXOSP","family","Ixodidae",,,,,,"sp.",,,,"GSU_tickIdentification_SOP_2016-11-01.pdf",,"Larva",1,"OK","RNA stabilization buffer","USNMENT00984590","SERC_006.20160926.01.L","Guy Hobbs","Georgia Southern University",
"d6a1deec-2167-41f7-8d0e-0758fc68391a","SERC_005.tickPlot.tck","SERC_005","2016-09-26T19:05Z","2017-05-05T16:00Z","SERC_005.20160926","SERC_005.20160926.IXOSP.L","Ixodidae sp.","IXOSP","family","Ixodidae",,,,,,"sp.",,,,"GSU_tickIdentification_SOP_2016-11-01.pdf",,"Larva",1,"OK","RNA stabilization buffer","USNMENT00984593","SERC_005.20160926.02.L","Guy Hobbs","Georgia Southern University",
