uid,namedLocation,domainID,siteID,plotID,plotType,nlcdClass,decimalLatitude,decimalLongitude,geodeticDatum,coordinateUncertainty,elevation,elevationUncertainty,collectDate,eventID,sampleID,sampleCode,samplingMethod,totalSampledArea,targetTaxaPresent,adultCount,nymphCount,larvaCount,sampleCondition,samplingProtocolVersion,measuredBy,remarks
"c1680a96-f6fd-4f89-a2e4-2e7a382f10ac","WOOD_024.tickPlot.tck","D09","WOOD","WOOD_024","distributed","emergentHerbaceousWetlands",47.150784,-99.260836,"WGS84",20.1,586.1,0.2,"2018-08-23T13:39Z","WOOD.2018.34",,,"flag",160,"N",0,0,0,,"NEON.DOC.014045vJ","Z69tjmbbf+Yh2IC/GcCabe9MQTjYeG7xbP79Ui/1J5I=",
"6d8e58fc-3b5f-422a-9726-356cb850d733","WOOD_009.tickPlot.tck","D09","WOOD","WOOD_009","distributed","grasslandHerbaceous",47.144534,-99.231072,"WGS84",20.1,573.5,0.2,"2018-08-23T14:38Z","WOOD.2018.34",,,"drag",160,"N",0,0,0,,"NEON.DOC.014045vJ","Z69tjmbbf+Yh2IC/GcCabe9MQTjYeG7xbP79Ui/1J5I=",
"437fb20d-4397-4ffc-9d8c-a8a423b95031","WOOD_002.tickPlot.tck","D09","WOOD","WOOD_002","distributed","grasslandHerbaceous",47.136802,-99.234546,"WGS84",20.1,578.3,0.1,"2018-08-23T15:16Z","WOOD.2018.34",,,"drag",160,"N",0,0,0,,"NEON.DOC.014045vJ","Z69tjmbbf+Yh2IC/GcCabe9MQTjYeG7xbP79Ui/1J5I=",
"ac9c37df-fbcb-40b1-8f16-65a97059806c","WOOD_001.tickPlot.tck","D09","WOOD","WOOD_001","distributed","grasslandHerbaceous",47.127200,-99.256464,"WGS84",20.1,593.8,0.2,"2018-08-23T16:07Z","WOOD.2018.34",,,"drag",160,"N",0,0,0,,"NEON.DOC.014045vJ","Z69tjmbbf+Yh2IC/GcCabe9MQTjYeG7xbP79Ui/1J5I=",
"737a0027-7cd7-40c4-8f89-d12b735abcc6","WOOD_007.tickPlot.tck","D09","WOOD","WOOD_007","distributed","grasslandHerbaceous",47.133887,-99.251357,"WGS84",20.4,593.6,0.3,"2018-08-23T17:10Z","WOOD.2018.34","WOOD_007.20180823","B00000027923","drag and flag",160,"Y",1,0,0,"No known compromise","NEON.DOC.014045vJ","Z69tjmbbf+Yh2IC/GcCabe9MQTjYeG7xbP79Ui/1J5I=",
"67a8e591-7769-4253-aa14-89cec6e374d7","WOOD_006.tickPlot.tck","D09","WOOD","WOOD_006","distributed","grasslandHerbaceous",47.141023,-99.248055,"WGS84",20.1,587.2,0.1,"2018-08-23T17:41Z","WOOD.2018.34",,,"drag and flag",160,"N",0,0,0,,"NEON.DOC.014045vJ","Z69tjmbbf+Yh2IC/GcCabe9MQTjYeG7xbP79Ui/1J5I=",
