uid,namedLocation,domainID,siteID,plotID,plotType,nlcdClass,decimalLatitude,decimalLongitude,geodeticDatum,coordinateUncertainty,elevation,elevationUncertainty,collectDate,eventID,sampleID,sampleCode,samplingMethod,totalSampledArea,targetTaxaPresent,adultCount,nymphCount,larvaCount,sampleCondition,samplingProtocolVersion,measuredBy,remarks
"22111410-60ca-4f12-b806-4e98eac289aa","DCFS_004.tickPlot.tck","D09","DCFS","DCFS_004","distributed","grasslandHerbaceous",47.171933,-99.053166,"WGS84",20.2,505.0,0.8,"2018-06-06T14:31Z","DCFS.2018.23",,,"drag",160,"N",0,0,0,,"NEON.DOC.014045vJ","owlm7HrBU0gmASRyqYXeAkBnA+WkTWw0KkrW9v2Nj1I=",
"b7f1d8dc-b078-43c9-8d8d-a0954bdc1632","DCFS_007.tickPlot.tck","D09","DCFS","DCFS_007","distributed","grasslandHerbaceous",47.162946,-99.113801,"WGS84",20.1,567.7,0.2,"2018-06-06T15:07Z","DCFS.2018.23",,,"drag",160,"N",0,0,0,,"NEON.DOC.014045vJ","zSK20cKpys+7Fz2Bf0o84F0+THuIq6d+5PJc+FcM4i4=",
"077adcd6-1c17-449d-8995-3238d154a70f","DCFS_005.tickPlot.tck","D09","DCFS","DCFS_005","distributed","grasslandHerbaceous",47.199469,-99.166739,"WGS84",20.1,564.6,0.1,"2018-06-06T16:12Z","DCFS.2018.23","DCFS_005.20180606","A00000016636","drag",160,"Y",2,0,0,"No known compromise","NEON.DOC.014045vJ","owlm7HrBU0gmASRyqYXeAkBnA+WkTWw0KkrW9v2Nj1I=",
"078b9be2-209d-4d4a-8a04-9f1ff36c6ff5","DCFS_003.tickPlot.tck","D09","DCFS","DCFS_003","distributed","grasslandHerbaceous",47.207478,-99.183538,"WGS84",20.1,591.2,0.2,"2018-06-06T17:17Z","DCFS.2018.23","DCFS_003.20180606","A00000016615","drag and flag",160,"Y",4,0,0,"No known compromise","NEON.DOC.014045vJ","zSK20cKpys+7Fz2Bf0o84F0+THuIq6d+5PJc+FcM4i4=",
"35f27b5d-e223-4f14-8908-4a82aa5db9e2","DCFS_001.tickPlot.tck","D09","DCFS","DCFS_001","distributed","grasslandHerbaceous",47.209008,-99.165875,"WGS84",20.2,575.5,0.3,"2018-06-06T17:52Z","DCFS.2018.23","DCFS_001.20180606","A00000016786","drag",160,"Y",7,0,0,"No known compromise","NEON.DOC.014045vJ","owlm7HrBU0gmASRyqYXeAkBnA+WkTWw0KkrW9v2Nj1I=",
"2d432f67-eb68-49ae-a35f-32104cae1bdb","DCFS_010.tickPlot.tck","D09","DCFS","DCFS_010","distributed","grasslandHerbaceous",47.209874,-99.173926,"WGS84",20.1,578.4,0.2,"2018-06-06T18:24Z","DCFS.2018.23","DCFS_010.20180606","A00000016637","drag",160,"Y",5,0,0,"No known compromise","NEON.DOC.014045vJ","zSK20cKpys+7Fz2Bf0o84F0+THuIq6d+5PJc+FcM4i4=",
"c158701b-39ac-4b1f-be15-ada1ce8067d1","DCFS_004.tickPlot.tck","D09","DCFS","DCFS_004","distributed","grasslandHerbaceous",47.171933,-99.053166,"WGS84",20.2,505.0,0.8,"2018-06-27T15:35Z","DCFS.2018.26",,,"drag",160,"N",0,0,0,"No known compromise","NEON.DOC.014045vJ","fvR+k5UR8zJMZTn3BMxECTLsw0cwGlZf/IHfr4oVObA=",
"97ff0f1a-b452-423d-9d9a-d23fdab624dd","DCFS_007.tickPlot.tck","D09","DCFS","DCFS_007","distributed","grasslandHerbaceous",47.162946,-99.113801,"WGS84",20.1,567.7,0.2,"2018-06-27T16:22Z","DCFS.2018.26","DCFS_007.20180627","A00000016787","drag",160,"Y",1,0,0,"No known compromise","NEON.DOC.014045vJ","zSK20cKpys+7Fz2Bf0o84F0+THuIq6d+5PJc+FcM4i4=",
"4fd821d6-d9ae-4fd1-9b8d-1cd1662a047b","DCFS_001.tickPlot.tck","D09","DCFS","DCFS_001","distributed","grasslandHerbaceous",47.209008,-99.165875,"WGS84",20.2,575.5,0.3,"2018-06-27T17:50Z","DCFS.2018.26","DCFS_001.20180627","A00000016621","drag",160,"Y",5,0,0,"No known compromise","NEON.DOC.014045vJ","fvR+k5UR8zJMZTn3BMxECTLsw0cwGlZf/IHfr4oVObA=",
"7608094b-3d4c-4a9b-82de-812922bff27f","DCFS_010.tickPlot.tck","D09","DCFS","DCFS_010","distributed","grasslandHerbaceous",47.209874,-99.173926,"WGS84",20.1,578.4,0.2,"2018-06-27T18:26Z","DCFS.2018.26","DCFS_010.20180627","A00000016623","drag",160,"Y",3,2,0,"No known compromise","NEON.DOC.014045vJ","zSK20cKpys+7Fz2Bf0o84F0+THuIq6d+5PJc+FcM4i4=",
"c30b9250-faed-445f-8147-177fcc44e752","DCFS_003.tickPlot.tck","D09","DCFS","DCFS_003","distributed","grasslandHerbaceous",47.207478,-99.183538,"WGS84",20.1,591.2,0.2,"2018-06-27T19:02Z","DCFS.2018.26","DCFS_003.20180627","A00000016646","drag and flag",160,"Y",5,0,0,"No known compromise","NEON.DOC.014045vJ","fvR+k5UR8zJMZTn3BMxECTLsw0cwGlZf/IHfr4oVObA=",
"41df71d2-657d-4207-a06b-609c86a53e68","DCFS_005.tickPlot.tck","D09","DCFS","DCFS_005","distributed","grasslandHerbaceous",47.199469,-99.166739,"WGS84",20.1,564.6,0.1,"2018-06-27T19:52Z","DCFS.2018.26","DCFS_005.20180627","A00000016783","drag",160,"Y",2,0,0,"No known compromise","NEON.DOC.014045vJ","zSK20cKpys+7Fz2Bf0o84F0+THuIq6d+5PJc+FcM4i4=",
