uid,namedLocation,plotID,collectDate,identifiedDate,sampleID,subsampleID,scientificName,acceptedTaxonID,taxonRank,family,subfamily,tribe,subtribe,genus,subgenus,specificEpithet,infraspecificEpithet,identificationQualifier,identificationReferences,identificationProtocolVersion,scientificNameAuthorship,sexOrAge,individualCount,sampleCondition,archiveMedium,archiveFacilityID,deprecatedVialID,identifiedBy,laboratoryName,remarks
"c979b16c-5982-4c92-ae9a-5c67b3253780","DCFS_005.tickPlot.tck","DCFS_005","2018-06-06T16:12Z","2018-09-07T16:00Z","DCFS_005.20180606","DCFS_005.20180606.DERVAR.F","Dermacentor variabilis","DERVAR","species","Ixodidae",,,,"Dermacentor",,"variabilis",,,"Yunker, C. E., Keirans, J. E., Clifford, C. M., and E. R. Easton. 1986. Dermacentor ticks (Acari: Ixodoidea: Ixodidae) of the New World: a scanning electron microscope atlas. Proceedings of the Entomological Society of Washington, 88(4):609-627.","GSU_tickIdentification_SOP_2016-11-01.pdf","Say","Female",1,"OK","90% ethanol","USNMENT01482180",,"Lorenza Beati","Georgia Southern University",
"89036400-2790-4675-b0f1-c05bc699b8ac","DCFS_005.tickPlot.tck","DCFS_005","2018-06-06T16:12Z","2018-09-07T16:00Z","DCFS_005.20180606","DCFS_005.20180606.DERVAR.M","Dermacentor variabilis","DERVAR","species","Ixodidae",,,,"Dermacentor",,"variabilis",,,"Yunker, C. E., Keirans, J. E., Clifford, C. M., and E. R. Easton. 1986. Dermacentor ticks (Acari: Ixodoidea: Ixodidae) of the New World: a scanning electron microscope atlas. Proceedings of the Entomological Society of Washington, 88(4):609-627.","GSU_tickIdentification_SOP_2016-11-01.pdf","Say","Male",1,"OK","90% ethanol","USNMENT01482145",,"Lorenza Beati","Georgia Southern University",
"24220a15-e332-4fd6-ac33-007b13a76437","DCFS_003.tickPlot.tck","DCFS_003","2018-06-06T17:17Z","2018-09-07T16:00Z","DCFS_003.20180606","DCFS_003.20180606.DERVAR.M","Dermacentor variabilis","DERVAR","species","Ixodidae",,,,"Dermacentor",,"variabilis",,,"Yunker, C. E., Keirans, J. E., Clifford, C. M., and E. R. Easton. 1986. Dermacentor ticks (Acari: Ixodoidea: Ixodidae) of the New World: a scanning electron microscope atlas. Proceedings of the Entomological Society of Washington, 88(4):609-627.","GSU_tickIdentification_SOP_2016-11-01.pdf","Say","Male",1,"OK","90% ethanol","USNMENT01482140",,"Lorenza Beati","Georgia Southern University",
"0e77e484-09b9-44d9-8e2d-54e424532648","DCFS_003.tickPlot.tck","DCFS_003","2018-06-06T17:17Z","2018-09-07T16:00Z","DCFS_003.20180606","DCFS_003.20180606.DERVAR.F","Dermacentor variabilis","DERVAR","species","Ixodidae",,,,"Dermacentor",,"variabilis",,,"Yunker, C. E., Keirans, J. E., Clifford, C. M., and E. R. Easton. 1986. Dermacentor ticks (Acari: Ixodoidea: Ixodidae) of the New World: a scanning electron microscope atlas. Proceedings of the Entomological Society of Washington, 88(4):609-627.","GSU_tickIdentification_SOP_2016-11-01.pdf","Say","Female",3,"OK","90% ethanol","USNMENT01482179",,"Lorenza Beati","Georgia Southern University",
"2387d758-d3a1-4639-adfe-71996aebcc52","DCFS_001.tickPlot.tck","DCFS_001","2018-06-06T17:52Z","2018-09-07T16:00Z","DCFS_001.20180606","DCFS_001.20180606.DERVAR.F","Dermacentor variabilis","DERVAR","species","Ixodidae",,,,"Dermacentor",,"variabilis",,,"Yunker, C. E., Keirans, J. E., Clifford, C. M., and E. R. Easton. 1986. Dermacentor ticks (Acari: Ixodoidea: Ixodidae) of the New World: a scanning electron microscope atlas. Proceedings of the Entomological Society of Washington, 88(4):609-627.","GSU_tickIdentification_SOP_2016-11-01.pdf","Say","Female",2,"OK","90% ethanol","USNMENT01482118",,"Lorenza Beati","Georgia Southern University",
"52d8ba50-0344-4923-8ad1-0b83a170f9fd","DCFS_001.tickPlot.tck","DCFS_001","2018-06-06T17:52Z","2018-09-07T16:00Z","DCFS_001.20180606","DCFS_001.20180606.DERVAR.M","Dermacentor variabilis","DERVAR","species","Ixodidae",,,,"Dermacentor",,"variabilis",,,"Yunker, C. E., Keirans, J. E., Clifford, C. M., and E. R. Easton. 1986. Dermacentor ticks (Acari: Ixodoidea: Ixodidae) of the New World: a scanning electron microscope atlas. Proceedings of the Entomological Society of Washington, 88(4):609-627.","GSU_tickIdentification_SOP_2016-11-01.pdf","Say","Male",5,"OK","90% ethanol","USNMENT01482123",,"Lorenza Beati","Georgia Southern University",
"1562faa4-9ee1-4d01-bca3-9fa878744632","DCFS_010.tickPlot.tck","DCFS_010","2018-06-06T18:24Z","2018-09-07T16:00Z","DCFS_010.20180606","DCFS_010.20180606.DERVAR.M","Dermacentor variabilis","DERVAR","species","Ixodidae",,,,"Dermacentor",,"variabilis",,,"Yunker, C. E., Keirans, J. E., Clifford, C. M., and E. R. Easton. 1986. Dermacentor ticks (Acari: Ixodoidea: Ixodidae) of the New World: a scanning electron microscope atlas. Proceedings of the Entomological Society of Washington, 88(4):609-627.","GSU_tickIdentification_SOP_2016-11-01.pdf","Say","Male",1,"OK","90% ethanol","USNMENT01482164",,"Lorenza Beati","Georgia Southern University",
"2404d3a0-641a-40e7-9bf5-d76d45d7e91e","DCFS_010.tickPlot.tck","DCFS_010","2018-06-06T18:24Z","2018-09-07T16:00Z","DCFS_010.20180606","DCFS_010.20180606.DERVAR.F","Dermacentor variabilis","DERVAR","species","Ixodidae",,,,"Dermacentor",,"variabilis",,,"Yunker, C. E., Keirans, J. E., Clifford, C. M., and E. R. Easton. 1986. Dermacentor ticks (Acari: Ixodoidea: Ixodidae) of the New World: a scanning electron microscope atlas. Proceedings of the Entomological Society of Washington, 88(4):609-627.","GSU_tickIdentification_SOP_2016-11-01.pdf","Say","Female",4,"OK","90% ethanol","USNMENT01482164",,"Lorenza Beati","Georgia Southern University",
"731a60f6-d218-4f5f-beb1-9209998ad71a","DCFS_007.tickPlot.tck","DCFS_007","2018-06-27T16:22Z","2018-09-07T16:00Z","DCFS_007.20180627","DCFS_007.20180627.DERVAR.F","Dermacentor variabilis","DERVAR","species","Ixodidae",,,,"Dermacentor",,"variabilis",,,"Yunker, C. E., Keirans, J. E., Clifford, C. M., and E. R. Easton. 1986. Dermacentor ticks (Acari: Ixodoidea: Ixodidae) of the New World: a scanning electron microscope atlas. Proceedings of the Entomological Society of Washington, 88(4):609-627.","GSU_tickIdentification_SOP_2016-11-01.pdf","Say","Female",1,"OK","90% ethanol","USNMENT01482178",,"Lorenza Beati","Georgia Southern University",
"058d1aa5-968d-4568-8aab-eebe1d298952","DCFS_001.tickPlot.tck","DCFS_001","2018-06-27T17:50Z","2018-09-07T16:00Z","DCFS_001.20180627","DCFS_001.20180627.DERVAR.F","Dermacentor variabilis","DERVAR","species","Ixodidae",,,,"Dermacentor",,"variabilis",,,"Yunker, C. E., Keirans, J. E., Clifford, C. M., and E. R. Easton. 1986. Dermacentor ticks (Acari: Ixodoidea: Ixodidae) of the New World: a scanning electron microscope atlas. Proceedings of the Entomological Society of Washington, 88(4):609-627.","GSU_tickIdentification_SOP_2016-11-01.pdf","Say","Female",3,"OK","90% ethanol","USNMENT01482165",,"Lorenza Beati","Georgia Southern University",
"a75763ee-5601-45e1-9b17-11025705dd9b","DCFS_001.tickPlot.tck","DCFS_001","2018-06-27T17:50Z","2018-09-07T16:00Z","DCFS_001.20180627","DCFS_001.20180627.DERVAR.M","Dermacentor variabilis","DERVAR","species","Ixodidae",,,,"Dermacentor",,"variabilis",,,"Yunker, C. E., Keirans, J. E., Clifford, C. M., and E. R. Easton. 1986. Dermacentor ticks (Acari: Ixodoidea: Ixodidae) of the New World: a scanning electron microscope atlas. Proceedings of the Entomological Society of Washington, 88(4):609-627.","GSU_tickIdentification_SOP_2016-11-01.pdf","Say","Male",3,"OK","90% ethanol","USNMENT01482155",,"Lorenza Beati","Georgia Southern University",
"3e13bb19-116d-4ae8-9694-3fe7b1676d24","DCFS_010.tickPlot.tck","DCFS_010","2018-06-27T18:26Z","2018-09-07T16:00Z","DCFS_010.20180627","DCFS_010.20180627.DERVAR.F","Dermacentor variabilis","DERVAR","species","Ixodidae",,,,"Dermacentor",,"variabilis",,,"Yunker, C. E., Keirans, J. E., Clifford, C. M., and E. R. Easton. 1986. Dermacentor ticks (Acari: Ixodoidea: Ixodidae) of the New World: a scanning electron microscope atlas. Proceedings of the Entomological Society of Washington, 88(4):609-627.","GSU_tickIdentification_SOP_2016-11-01.pdf","Say","Female",1,"OK","90% ethanol","USNMENT01482174",,"Lorenza Beati","Georgia Southern University",
"023cae3e-efde-456d-b6d4-0178666ab539","DCFS_010.tickPlot.tck","DCFS_010","2018-06-27T18:26Z","2018-09-07T16:00Z","DCFS_010.20180627","DCFS_010.20180627.DERVAR.M","Dermacentor variabilis","DERVAR","species","Ixodidae",,,,"Dermacentor",,"variabilis",,,"Yunker, C. E., Keirans, J. E., Clifford, C. M., and E. R. Easton. 1986. Dermacentor ticks (Acari: Ixodoidea: Ixodidae) of the New World: a scanning electron microscope atlas. Proceedings of the Entomological Society of Washington, 88(4):609-627.","GSU_tickIdentification_SOP_2016-11-01.pdf","Say","Male",4,"OK","90% ethanol","USNMENT01482154",,"Lorenza Beati","Georgia Southern University",
"0993ace3-8e66-4932-8c96-796466cffaeb","DCFS_003.tickPlot.tck","DCFS_003","2018-06-27T19:02Z","2018-09-07T16:00Z","DCFS_003.20180627","DCFS_003.20180627.DERVAR.F","Dermacentor variabilis","DERVAR","species","Ixodidae",,,,"Dermacentor",,"variabilis",,,"Yunker, C. E., Keirans, J. E., Clifford, C. M., and E. R. Easton. 1986. Dermacentor ticks (Acari: Ixodoidea: Ixodidae) of the New World: a scanning electron microscope atlas. Proceedings of the Entomological Society of Washington, 88(4):609-627.","GSU_tickIdentification_SOP_2016-11-01.pdf","Say","Female",1,"OK","90% ethanol","USNMENT01482142",,"Lorenza Beati","Georgia Southern University",
"a9091f7a-85e8-4367-af23-00b591d1b9b3","DCFS_003.tickPlot.tck","DCFS_003","2018-06-27T19:02Z","2018-09-07T16:00Z","DCFS_003.20180627","DCFS_003.20180627.DERVAR.M","Dermacentor variabilis","DERVAR","species","Ixodidae",,,,"Dermacentor",,"variabilis",,,"Yunker, C. E., Keirans, J. E., Clifford, C. M., and E. R. Easton. 1986. Dermacentor ticks (Acari: Ixodoidea: Ixodidae) of the New World: a scanning electron microscope atlas. Proceedings of the Entomological Society of Washington, 88(4):609-627.","GSU_tickIdentification_SOP_2016-11-01.pdf","Say","Male",4,"OK","90% ethanol","USNMENT01482144",,"Lorenza Beati","Georgia Southern University",
"2cacca77-5987-48bf-ab1a-7233b31a690e","DCFS_005.tickPlot.tck","DCFS_005","2018-06-27T19:52Z","2018-09-07T16:00Z","DCFS_005.20180627","DCFS_005.20180627.DERVAR.M","Dermacentor variabilis","DERVAR","species","Ixodidae",,,,"Dermacentor",,"variabilis",,,"Yunker, C. E., Keirans, J. E., Clifford, C. M., and E. R. Easton. 1986. Dermacentor ticks (Acari: Ixodoidea: Ixodidae) of the New World: a scanning electron microscope atlas. Proceedings of the Entomological Society of Washington, 88(4):609-627.","GSU_tickIdentification_SOP_2016-11-01.pdf","Say","Male",1,"OK","90% ethanol","USNMENT01482184",,"Lorenza Beati","Georgia Southern University",
"c06f61a6-04f7-433d-83a1-94c56f37bc29","DCFS_005.tickPlot.tck","DCFS_005","2018-06-27T19:52Z","2018-09-07T16:00Z","DCFS_005.20180627","DCFS_005.20180627.DERVAR.F","Dermacentor variabilis","DERVAR","species","Ixodidae",,,,"Dermacentor",,"variabilis",,,"Yunker, C. E., Keirans, J. E., Clifford, C. M., and E. R. Easton. 1986. Dermacentor ticks (Acari: Ixodoidea: Ixodidae) of the New World: a scanning electron microscope atlas. Proceedings of the Entomological Society of Washington, 88(4):609-627.","GSU_tickIdentification_SOP_2016-11-01.pdf","Say","Female",1,"OK","90% ethanol","USNMENT01482175",,"Lorenza Beati","Georgia Southern University",
