uid,namedLocation,domainID,siteID,plotID,plotType,nlcdClass,decimalLatitude,decimalLongitude,geodeticDatum,coordinateUncertainty,elevation,elevationUncertainty,collectDate,eventID,sampleID,sampleCode,samplingMethod,totalSampledArea,targetTaxaPresent,adultCount,nymphCount,larvaCount,sampleCondition,samplingProtocolVersion,measuredBy,remarks
"56a7aa9c-ea1d-4ade-a8c6-26cbd08a18ba","SERC_005.tickPlot.tck","D02","SERC","SERC_005","distributed","deciduousForest",38.894060,-76.546307,"WGS84",20.3,8.5,0.5,"2015-05-04T15:50Z","SERC.2015.18","SERC_005.20150504",,"drag and flag",161,"Y",3,1,,"No known compromise","NEON.DOC.014045vF","wYCqaZcA+7slXlj5N/mM6vobrh4QDptp",
"2d362eb7-e712-4fbc-acaf-8a51f55ca45d","SERC_006.tickPlot.tck","D02","SERC","SERC_006","distributed","deciduousForest",38.880025,-76.548376,"WGS84",20.2,2.6,0.3,"2015-05-04T17:22Z","SERC.2015.18","SERC_006.20150504",,"drag and flag",165,"Y",2,0,,"No known compromise","NEON.DOC.014045vF","wYCqaZcA+7slXlj5N/mM6vobrh4QDptp",
"3045f89f-0c71-4327-9ea7-a43a54b9fbcc","SERC_002.tickPlot.tck","D02","SERC","SERC_002","distributed","deciduousForest",38.896262,-76.558166,"WGS84",20.2,17.0,0.3,"2015-05-04T18:28Z","SERC.2015.18","SERC_002.20150504",,"drag and flag",175,"Y",6,3,,"No known compromise","NEON.DOC.014045vF","wYCqaZcA+7slXlj5N/mM6vobrh4QDptp",
"997c424d-06c7-488b-80c9-8c103845c1c6","SERC_012.tickPlot.tck","D02","SERC","SERC_012","distributed","deciduousForest",38.880010,-76.561648,"WGS84",20.2,20.1,0.2,"2015-05-04T19:34Z","SERC.2015.18",,,"drag",160,"N",0,0,,,"NEON.DOC.014045vF","wYCqaZcA+7slXlj5N/mM6vobrh4QDptp",
"ff54fa9c-ab18-48e7-be2e-c36036f16be6","SERC_001.tickPlot.tck","D02","SERC","SERC_001","distributed","deciduousForest",38.868186,-76.535306,"WGS84",20.2,2.1,0.2,"2015-05-04T20:26Z","SERC.2015.18","SERC_001.20150504",,"drag and flag",163,"Y",2,9,,"No known compromise","NEON.DOC.014045vF","wYCqaZcA+7slXlj5N/mM6vobrh4QDptp",
"13c08b84-b97a-4c2c-a2e9-1fe61848408a","SERC_023.tickPlot.tck","D02","SERC","SERC_023","distributed","cultivatedCrops",38.873978,-76.535925,"WGS84",20.1,6.7,0.1,"2015-05-05T12:45Z","SERC.2015.18","SERC_023.20150505",,"drag",160,"Y",0,1,,"No known compromise","NEON.DOC.014045vF","wYCqaZcA+7slXlj5N/mM6vobrh4QDptp",
"141048f4-b25c-4285-b7a4-eefe708c142a","SERC_012.tickPlot.tck","D02","SERC","SERC_012","distributed","deciduousForest",38.880010,-76.561648,"WGS84",20.2,20.1,0.2,"2015-05-18T16:10Z","SERC.2015.20","SERC_012.20150518",,"drag",162,"Y",1,12,,"No known compromise","NEON.DOC.014045vF","MAihFV9ECLR9nYMm4TqtEdhgufslevt1EaD+j+u+VEc=",
"59fd9326-5325-478f-a64f-373059b5648a","SERC_006.tickPlot.tck","D02","SERC","SERC_006","distributed","deciduousForest",38.880025,-76.548376,"WGS84",20.2,2.6,0.3,"2015-05-18T17:19Z","SERC.2015.20","SERC_006.20150518",,"drag and flag",164,"Y",3,23,,"No known compromise","NEON.DOC.014045vF","wYCqaZcA+7u27D51Jl1kBrbZnYGv2DDh","started raining for last 20 meters but not much water reached forest floor"
"fb67c802-348e-4dd0-a825-e37756a1c307","SERC_023.tickPlot.tck","D02","SERC","SERC_023","distributed","cultivatedCrops",38.873978,-76.535925,"WGS84",20.1,6.7,0.1,"2015-05-19T19:30Z","SERC.2015.20","SERC_023.20150519",,"drag",160,"Y",0,2,,"No known compromise","NEON.DOC.014045vF","UPKVQ90CmewX9vOGBMiPV2gMtRUi+WUd",
"1207ed10-9bd8-4027-98bf-e2f51f9ece17","SERC_001.tickPlot.tck","D02","SERC","SERC_001","distributed","deciduousForest",38.868186,-76.535306,"WGS84",20.2,2.1,0.2,"2015-05-19T20:20Z","SERC.2015.20","SERC_001.20150519",,"drag and flag",160,"Y",3,0,,"No known compromise","NEON.DOC.014045vF","UPKVQ90CmewX9vOGBMiPV2gMtRUi+WUd",
"c99f0935-a946-4de4-aa6f-06b5b1d0898c","SERC_002.tickPlot.tck","D02","SERC","SERC_002","distributed","deciduousForest",38.896262,-76.558166,"WGS84",20.2,17.0,0.3,"2015-05-19T20:31Z","SERC.2015.20","SERC_002.20150519",,"drag and flag",165,"Y",5,46,,"No known compromise","NEON.DOC.014045vF","wYCqaZcA+7u27D51Jl1kBrbZnYGv2DDh",
