uid,namedLocation,plotID,collectDate,identifiedDate,sampleID,subsampleID,scientificName,acceptedTaxonID,taxonRank,family,subfamily,tribe,subtribe,genus,subgenus,specificEpithet,infraspecificEpithet,identificationQualifier,identificationReferences,identificationProtocolVersion,scientificNameAuthorship,sexOrAge,individualCount,sampleCondition,archiveMedium,archiveFacilityID,deprecatedVialID,identifiedBy,laboratoryName,remarks
"fb9311f5-aac1-4f65-a88e-3e51c2dd9b98","SERC_005.tickPlot.tck","SERC_005","2015-05-04T15:50Z","2016-10-13T16:00Z","SERC_005.20150504","SERC_005.20150504.DERVAR.M","Dermacentor variabilis","DERVAR","species","Ixodidae",,,,"Dermacentor",,"variabilis",,,"Yunker, C. E., Keirans, J. E., Clifford, C. M., and E. R. Easton. 1986. Dermacentor ticks (Acari: Ixodoidea: Ixodidae) of the New World: a scanning electron microscope atlas. Proceedings of the Entomological Society of Washington, 88(4):609-627.","GSU_tickIdentification_SOP_2016-11-01.pdf","Say","Male",1,"OK","90% ethanol","USNMENT00865304","SERC_005.20150504.1.01.male","L. Beati","Georgia Southern University",
"59bc34c7-ae7d-4209-82fa-276ade9b1d9d","SERC_005.tickPlot.tck","SERC_005","2015-05-04T15:50Z","2016-10-13T16:00Z","SERC_005.20150504","SERC_005.20150504.AMBAME.M","Amblyomma americanum","AMBAME","species","Ixodidae",,,,"Amblyomma",,"americanum",,,"Cooley, R. A. and G. M. Kohls. 1944. The genus Amblyomma (ixodidae) in the United States. The Journal of Parasitology, 30(2):77-111.","GSU_tickIdentification_SOP_2016-11-01.pdf","Linnaeus","Male",2,"OK","90% ethanol","USNMENT00865303","SERC_005.20150504.1.01.male","L. Beati","Georgia Southern University",
"83ce6447-58e3-418f-ba96-700a96f322a0","SERC_002.tickPlot.tck","SERC_002","2015-05-04T18:28Z","2016-10-13T16:00Z","SERC_002.20150504","SERC_002.20150504.AMBAME.M","Amblyomma americanum","AMBAME","species","Ixodidae",,,,"Amblyomma",,"americanum",,,"Cooley, R. A. and G. M. Kohls. 1944. The genus Amblyomma (ixodidae) in the United States. The Journal of Parasitology, 30(2):77-111.","GSU_tickIdentification_SOP_2016-11-01.pdf","Linnaeus","Male",4,"OK","90% ethanol","USNMENT00865300","SERC_002.20150504.1.01.male","L. Beati","Georgia Southern University",
"4337ecb3-df3b-4f79-b4d4-1ff4fab86e94","SERC_002.tickPlot.tck","SERC_002","2015-05-04T18:28Z","2016-10-13T16:00Z","SERC_002.20150504","SERC_002.20150504.AMBAME.N","Amblyomma americanum","AMBAME","species","Ixodidae",,,,"Amblyomma",,"americanum",,,"Cooley, R. A. and G. M. Kohls. 1944. The genus Amblyomma (ixodidae) in the United States. The Journal of Parasitology, 30(2):77-111.","GSU_tickIdentification_SOP_2016-11-01.pdf","Linnaeus","Nymph",2,"OK","90% ethanol","USNMENT00865301","SERC_002.20150504.1.01.nymph","L. Beati","Georgia Southern University",
"c7274c8e-a823-4b9e-bcba-f810802b3fe9","SERC_002.tickPlot.tck","SERC_002","2015-05-04T18:28Z","2016-10-13T16:00Z","SERC_002.20150504","SERC_002.20150504.AMBAME.F","Amblyomma americanum","AMBAME","species","Ixodidae",,,,"Amblyomma",,"americanum",,,"Cooley, R. A. and G. M. Kohls. 1944. The genus Amblyomma (ixodidae) in the United States. The Journal of Parasitology, 30(2):77-111.","GSU_tickIdentification_SOP_2016-11-01.pdf","Linnaeus","Female",2,"OK","90% ethanol","USNMENT00862256","SERC_002.20150504.1.01.female","L. Beati","Georgia Southern University",
"e1c4cb56-457b-4d65-b55d-1bc8d12c96b3","SERC_002.tickPlot.tck","SERC_002","2015-05-04T18:28Z","2016-10-13T16:00Z","SERC_002.20150504","SERC_002.20150504.IXOSCA.N","Ixodes scapularis","IXOSCA","species","Ixodidae",,,,"Ixodes",,"scapularis",,,"Keirans, J. E., and C. M. Clifford. 1978. The genus Ixodes in the United States: a scanning electron microscope study and key to the adults. Journal of Medical Entomology, 15(Supplement 2):1-38.","GSU_tickIdentification_SOP_2016-11-01.pdf","Say","Nymph",1,"OK","90% ethanol","USNMENT00865302","SERC_002.20150504.1.01.nymph","L. Beati","Georgia Southern University",
"d9df2dfe-4e50-4330-b06a-c919540b0862","SERC_001.tickPlot.tck","SERC_001","2015-05-04T20:26Z","2016-10-13T16:00Z","SERC_001.20150504","SERC_001.20150504.AMBAME.M","Amblyomma americanum","AMBAME","species","Ixodidae",,,,"Amblyomma",,"americanum",,,"Cooley, R. A. and G. M. Kohls. 1944. The genus Amblyomma (ixodidae) in the United States. The Journal of Parasitology, 30(2):77-111.","GSU_tickIdentification_SOP_2016-11-01.pdf","Linnaeus","Male",1,"OK","90% ethanol","USNMENT00865430","SERC_001.20150504.1.01.male","L. Beati","Georgia Southern University",
"8c5b9e96-b41e-4d5d-abee-23d227b05862","SERC_001.tickPlot.tck","SERC_001","2015-05-04T20:26Z","2016-10-13T16:00Z","SERC_001.20150504","SERC_001.20150504.IXOSCA.N","Ixodes scapularis","IXOSCA","species","Ixodidae",,,,"Ixodes",,"scapularis",,,"Keirans, J. E., and C. M. Clifford. 1978. The genus Ixodes in the United States: a scanning electron microscope study and key to the adults. Journal of Medical Entomology, 15(Supplement 2):1-38.","GSU_tickIdentification_SOP_2016-11-01.pdf","Say","Nymph",1,"OK","90% ethanol","USNMENT00865432","SERC_001.20150504.1.01.nymph","L. Beati","Georgia Southern University",
"49c0f304-5f75-4ef5-a32e-7934a91b87b1","SERC_001.tickPlot.tck","SERC_001","2015-05-04T20:26Z","2016-10-13T16:00Z","SERC_001.20150504","SERC_001.20150504.AMBAME.N","Amblyomma americanum","AMBAME","species","Ixodidae",,,,"Amblyomma",,"americanum",,,"Cooley, R. A. and G. M. Kohls. 1944. The genus Amblyomma (ixodidae) in the United States. The Journal of Parasitology, 30(2):77-111.","GSU_tickIdentification_SOP_2016-11-01.pdf","Linnaeus","Nymph",8,"OK","90% ethanol","USNMENT00865431","SERC_001.20150504.1.01.nymph","L. Beati","Georgia Southern University",
"e414070a-07a9-4afd-8d4c-a44f0ddbb3bb","SERC_001.tickPlot.tck","SERC_001","2015-05-04T20:26Z","2016-10-13T16:00Z","SERC_001.20150504","SERC_001.20150504.AMBAME.F","Amblyomma americanum","AMBAME","species","Ixodidae",,,,"Amblyomma",,"americanum",,,"Cooley, R. A. and G. M. Kohls. 1944. The genus Amblyomma (ixodidae) in the United States. The Journal of Parasitology, 30(2):77-111.","GSU_tickIdentification_SOP_2016-11-01.pdf","Linnaeus","Female",1,"OK","90% ethanol","USNMENT00862255","SERC_001.20150504.1.01.female","L. Beati","Georgia Southern University",
"4b14b7ee-42ef-4d5b-8b4e-46931726d658","SERC_006.tickPlot.tck","SERC_006","2015-05-18T17:19Z","2016-10-13T16:00Z","SERC_006.20150518","SERC_006.20150518.IXOSCA.N","Ixodes scapularis","IXOSCA","species","Ixodidae",,,,"Ixodes",,"scapularis",,,"Keirans, J. E., and C. M. Clifford. 1978. The genus Ixodes in the United States: a scanning electron microscope study and key to the adults. Journal of Medical Entomology, 15(Supplement 2):1-38.","GSU_tickIdentification_SOP_2016-11-01.pdf","Say","Nymph",10,"OK","90% ethanol","USNMENT00865029","SERC_006.20150518.2.01.nymph","L. Beati","Georgia Southern University",
"2a923a3c-9ee5-45a7-8a4b-1a37bc3f95d5","SERC_006.tickPlot.tck","SERC_006","2015-05-18T17:19Z","2016-10-13T16:00Z","SERC_006.20150518","SERC_006.20150518.AMBAME.N","Amblyomma americanum","AMBAME","species","Ixodidae",,,,"Amblyomma",,"americanum",,,"Cooley, R. A. and G. M. Kohls. 1944. The genus Amblyomma (ixodidae) in the United States. The Journal of Parasitology, 30(2):77-111.","GSU_tickIdentification_SOP_2016-11-01.pdf","Linnaeus","Nymph",14,"OK","90% ethanol","USNMENT00865149","SERC_006.20150518.2.01.nymph","L. Beati","Georgia Southern University",
"7b2b9bea-865c-432a-9b20-51a8d0453070","SERC_006.tickPlot.tck","SERC_006","2015-05-18T17:19Z","2016-10-13T16:00Z","SERC_006.20150518","SERC_006.20150518.AMBAME.F","Amblyomma americanum","AMBAME","species","Ixodidae",,,,"Amblyomma",,"americanum",,,"Cooley, R. A. and G. M. Kohls. 1944. The genus Amblyomma (ixodidae) in the United States. The Journal of Parasitology, 30(2):77-111.","GSU_tickIdentification_SOP_2016-11-01.pdf","Linnaeus","Female",1,"OK","90% ethanol","USNMENT00865147","SERC_006.20150518.2.01.female","L. Beati","Georgia Southern University",
"0c5589ce-9e86-43b1-befb-2ba4a59342da","SERC_006.tickPlot.tck","SERC_006","2015-05-18T17:19Z","2016-10-13T16:00Z","SERC_006.20150518","SERC_006.20150518.IXOSCA.F","Ixodes scapularis","IXOSCA","species","Ixodidae",,,,"Ixodes",,"scapularis",,,"Keirans, J. E., and C. M. Clifford. 1978. The genus Ixodes in the United States: a scanning electron microscope study and key to the adults. Journal of Medical Entomology, 15(Supplement 2):1-38.","GSU_tickIdentification_SOP_2016-11-01.pdf","Say","Female",2,"OK","90% ethanol","USNMENT00865148","SERC_006.20150518.2.01.female","L. Beati","Georgia Southern University",
"bab1b86a-6631-43f6-a368-c4d1a7861961","SERC_002.tickPlot.tck","SERC_002","2015-05-19T20:31Z","2016-10-17T16:00Z","SERC_002.20150519","SERC_002.20150519.IXOSCA.N","Ixodes scapularis","IXOSCA","species","Ixodidae",,,,"Ixodes",,"scapularis",,,"Keirans, J. E., and C. M. Clifford. 1978. The genus Ixodes in the United States: a scanning electron microscope study and key to the adults. Journal of Medical Entomology, 15(Supplement 2):1-38.","GSU_tickIdentification_SOP_2016-11-01.pdf","Say","Nymph",32,"OK","90% ethanol","USNMENT00865092","SERC_002.20150519.2.01.nymph","L. Beati","Georgia Southern University",
"1d55af81-550e-4b95-aa8b-ee82ea799986","SERC_002.tickPlot.tck","SERC_002","2015-05-19T20:31Z","2016-10-17T16:00Z","SERC_002.20150519","SERC_002.20150519.AMBAME.F","Amblyomma americanum","AMBAME","species","Ixodidae",,,,"Amblyomma",,"americanum",,,"Cooley, R. A. and G. M. Kohls. 1944. The genus Amblyomma (ixodidae) in the United States. The Journal of Parasitology, 30(2):77-111.","GSU_tickIdentification_SOP_2016-11-01.pdf","Linnaeus","Female",1,"OK","90% ethanol","USNMENT00862257","SERC_002.20150519.2.01.female","L. Beati","Georgia Southern University",
"98ed9880-9410-4ea6-a736-6aac5d60bd65","SERC_002.tickPlot.tck","SERC_002","2015-05-19T20:31Z","2016-10-17T16:00Z","SERC_002.20150519","SERC_002.20150519.AMBAME.M","Amblyomma americanum","AMBAME","species","Ixodidae",,,,"Amblyomma",,"americanum",,,"Cooley, R. A. and G. M. Kohls. 1944. The genus Amblyomma (ixodidae) in the United States. The Journal of Parasitology, 30(2):77-111.","GSU_tickIdentification_SOP_2016-11-01.pdf","Linnaeus","Male",3,"OK","90% ethanol","USNMENT00865090","SERC_002.20150519.2.01.male","L. Beati","Georgia Southern University",
"bf1c01bd-25ba-400a-81a4-7dc1edb38c8e","SERC_002.tickPlot.tck","SERC_002","2015-05-19T20:31Z","2016-10-17T16:00Z","SERC_002.20150519","SERC_002.20150519.AMBAME.N","Amblyomma americanum","AMBAME","species","Ixodidae",,,,"Amblyomma",,"americanum",,,"Cooley, R. A. and G. M. Kohls. 1944. The genus Amblyomma (ixodidae) in the United States. The Journal of Parasitology, 30(2):77-111.","GSU_tickIdentification_SOP_2016-11-01.pdf","Linnaeus","Nymph",16,"OK","90% ethanol","USNMENT00865091","SERC_002.20150519.2.01.nymph","L. Beati","Georgia Southern University",
