uid,namedLocation,domainID,siteID,plotID,plotType,nlcdClass,decimalLatitude,decimalLongitude,geodeticDatum,coordinateUncertainty,elevation,elevationUncertainty,collectDate,eventID,sampleID,sampleCode,samplingMethod,totalSampledArea,targetTaxaPresent,adultCount,nymphCount,larvaCount,sampleCondition,samplingProtocolVersion,measuredBy,remarks
"8b7b5b2d-2814-4a9d-aa71-a4e4d067fd4e","GRSM_009.tickPlot.tck","D07","GRSM","GRSM_009","distributed","deciduousForest",35.671874,-83.491180,"WGS84",20.2,820.9,0.2,"2015-06-22T15:20Z","GRSM.2015.25",,,"drag and flag",160,"N",0,0,,,"NEON.DOC.014045vF","EY6DvO8NpI5lJHYW3QnRiw31VQzGQ6ke","original plot markers were missing. Paced out new corners and replaced markers."
"400addaf-32db-4e82-8caf-23fb5a2a4412","GRSM_003.tickPlot.tck","D07","GRSM","GRSM_003","distributed","deciduousForest",35.676584,-83.476209,"WGS84",20.2,880.6,0.2,"2015-06-22T16:55Z","GRSM.2015.25",,,"drag and flag",160,"N",0,0,,,"NEON.DOC.014045vF","EY6DvO8NpI5lJHYW3QnRiw31VQzGQ6ke",
"2bde9f03-fb66-4aea-bfdd-78c1a2dfa902","GRSM_004.tickPlot.tck","D07","GRSM","GRSM_004","distributed","deciduousForest",35.688959,-83.535562,"WGS84",20.3,441.9,0.5,"2015-06-22T19:03Z","GRSM.2015.25",,,"drag and flag",160,"N",0,0,,,"NEON.DOC.014045vF","EY6DvO8NpI5lJHYW3QnRiw31VQzGQ6ke","QAQC: Sthomason 20150806 0/90 0% error"
"f9cc7ec3-b8cf-48ce-b8b2-ed55a816b9c3","GRSM_005.tickPlot.tck","D07","GRSM","GRSM_005","distributed","deciduousForest",35.682740,-83.398124,"WGS84",20.2,731.0,0.4,"2015-06-23T14:20Z","GRSM.2015.25",,,"drag and flag",160,"N",0,0,,,"NEON.DOC.014045vF","EY6DvO8NpI5lJHYW3QnRiw31VQzGQ6ke",
"4a58383b-18e1-4d65-9cc0-50a480e4beb3","GRSM_010.tickPlot.tck","D07","GRSM","GRSM_010","distributed","deciduousForest",35.669242,-83.524579,"WGS84",20.2,510.4,0.3,"2015-06-23T17:00Z","GRSM.2015.25",,,"drag and flag",160,"N",0,0,,,"NEON.DOC.014045vF","EY6DvO8NpI5lJHYW3QnRiw31VQzGQ6ke",
"12dac0bb-5483-4f82-a350-dbcb75043f4c","GRSM_006.tickPlot.tck","D07","GRSM","GRSM_006","distributed","deciduousForest",35.679072,-83.643678,"WGS84",20.2,533.6,0.2,"2015-06-23T19:00Z","GRSM.2015.25",,,"drag and flag",160,"N",0,0,,,"NEON.DOC.014045vF","EY6DvO8NpI5lJHYW3QnRiw31VQzGQ6ke","lots of hog damge, rooting in the plot"
