uid,namedLocation,plotID,collectDate,identifiedDate,sampleID,subsampleID,scientificName,acceptedTaxonID,taxonRank,family,subfamily,tribe,subtribe,genus,subgenus,specificEpithet,infraspecificEpithet,identificationQualifier,identificationReferences,identificationProtocolVersion,scientificNameAuthorship,sexOrAge,individualCount,sampleCondition,archiveMedium,archiveFacilityID,deprecatedVialID,identifiedBy,laboratoryName,remarks
"4d73d3d3-281a-4e0f-9211-bc8f70d6e6c8","UKFS_003.tickPlot.tck","UKFS_003","2016-03-31T15:50Z","2017-06-16T16:00Z","UKFS_003.20160331","UKFS_003.20160331.IXOSP.N","Ixodidae sp.","IXOSP","family","Ixodidae",,,,,,"sp.",,,,"GSU_tickIdentification_SOP_2016-11-01.pdf",,"Nymph",2,"OK","RNA stabilization buffer","USNMENT00984921","UKFS_003.20160331.01.N","Guy Hobbs","Georgia Southern University","over invoice limit, will not be billed"
"00a2ba37-e5b3-419e-9d51-4ae07ac0e914","UKFS_003.tickPlot.tck","UKFS_003","2016-03-31T15:50Z","2017-06-16T16:00Z","UKFS_003.20160331","UKFS_003.20160331.IXOSP.M","Ixodidae sp.","IXOSP","family","Ixodidae",,,,,,"sp.",,,,"GSU_tickIdentification_SOP_2016-11-01.pdf",,"Male",1,"OK","RNA stabilization buffer","USNMENT00984922","UKFS_003.20160331.01.M","Guy Hobbs","Georgia Southern University","over invoice limit, will not be billed"
"6408236e-1911-4774-bfd5-74df618edfa9","UKFS_003.tickPlot.tck","UKFS_003","2016-03-31T15:50Z","2017-06-16T16:00Z","UKFS_003.20160331","UKFS_003.20160331.IXOSP.F","Ixodidae sp.","IXOSP","family","Ixodidae",,,,,,"sp.",,,,"GSU_tickIdentification_SOP_2016-11-01.pdf",,"Female",1,"OK","RNA stabilization buffer","USNMENT00984923","UKFS_003.20160331.01.F","Guy Hobbs","Georgia Southern University","over invoice limit, will not be billed"
"424d9385-9dd1-4ffe-944f-436655c678bf","UKFS_004.tickPlot.tck","UKFS_004","2016-03-31T16:31Z","2017-06-16T16:00Z","UKFS_004.20160331","UKFS_004.20160331.IXOSP.M","Ixodidae sp.","IXOSP","family","Ixodidae",,,,,,"sp.",,,,"GSU_tickIdentification_SOP_2016-11-01.pdf",,"Male",2,"OK","RNA stabilization buffer","USNMENT00984925","UKFS_004.20160331.01.M","Guy Hobbs","Georgia Southern University","over invoice limit, will not be billed"
"16bd8ab0-e905-49c9-9310-d0e48599bf5d","UKFS_004.tickPlot.tck","UKFS_004","2016-03-31T16:31Z","2017-06-16T16:00Z","UKFS_004.20160331","UKFS_004.20160331.IXOSP.N","Ixodidae sp.","IXOSP","family","Ixodidae",,,,,,"sp.",,,,"GSU_tickIdentification_SOP_2016-11-01.pdf",,"Nymph",1,"OK","RNA stabilization buffer","USNMENT00984924","UKFS_004.20160331.01.N","Guy Hobbs","Georgia Southern University","over invoice limit, will not be billed"
"c5d35de7-8623-4bd5-89f3-7ad41326b623","UKFS_002.tickPlot.tck","UKFS_002","2016-03-31T17:26Z","2017-06-16T16:00Z","UKFS_002.20160331","UKFS_002.20160331.IXOSP.M","Ixodidae sp.","IXOSP","family","Ixodidae",,,,,,"sp.",,,,"GSU_tickIdentification_SOP_2016-11-01.pdf",,"Male",1,"OK","RNA stabilization buffer","USNMENT00984926","UKFS_002.20160331.01.M","Guy Hobbs","Georgia Southern University","over invoice limit, will not be billed"
"b070df1d-6659-48b2-a15d-457cfabda503","UKFS_002.tickPlot.tck","UKFS_002","2016-03-31T17:26Z","2017-06-16T16:00Z","UKFS_002.20160331","UKFS_002.20160331.IXOSP.F","Ixodidae sp.","IXOSP","family","Ixodidae",,,,,,"sp.",,,,"GSU_tickIdentification_SOP_2016-11-01.pdf",,"Female",1,"OK","RNA stabilization buffer","USNMENT00984927","UKFS_002.20160331.01.F","Guy Hobbs","Georgia Southern University","over invoice limit, will not be billed"
"1190317c-7f44-4a56-8942-a590f416423f","UKFS_030.tickPlot.tck","UKFS_030","2016-03-31T18:16Z","2017-06-16T16:00Z","UKFS_030.20160331","UKFS_030.20160331.IXOSP.M","Ixodidae sp.","IXOSP","family","Ixodidae",,,,,,"sp.",,,,"GSU_tickIdentification_SOP_2016-11-01.pdf",,"Male",2,"OK","RNA stabilization buffer","USNMENT00984928","UKFS_030.20160331.01.M","Guy Hobbs","Georgia Southern University","over invoice limit, will not be billed"
"e3e4cf12-6db5-4f71-9708-09bbc5362f00","UKFS_001.tickPlot.tck","UKFS_001","2016-03-31T19:04Z","2017-06-16T16:00Z","UKFS_001.20160331","UKFS_001.20160331.IXOSP.N","Ixodidae sp.","IXOSP","family","Ixodidae",,,,,,"sp.",,,,"GSU_tickIdentification_SOP_2016-11-01.pdf",,"Nymph",1,"OK","RNA stabilization buffer","USNMENT00984931","UKFS_001.20160331.01.N","Guy Hobbs","Georgia Southern University","over invoice limit, will not be billed"
"957734ea-ba4d-428d-93f8-46ea3be4e812","UKFS_001.tickPlot.tck","UKFS_001","2016-03-31T19:04Z","2017-06-16T16:00Z","UKFS_001.20160331","UKFS_001.20160331.IXOSP.F","Ixodidae sp.","IXOSP","family","Ixodidae",,,,,,"sp.",,,,"GSU_tickIdentification_SOP_2016-11-01.pdf",,"Female",2,"OK","RNA stabilization buffer","USNMENT00984930","UKFS_001.20160331.01.F","Guy Hobbs","Georgia Southern University","over invoice limit, will not be billed"
"dce30d45-bf7a-4a6b-9b5d-f55c8725991f","UKFS_001.tickPlot.tck","UKFS_001","2016-03-31T19:04Z","2017-06-16T16:00Z","UKFS_001.20160331","UKFS_001.20160331.IXOSP.M","Ixodidae sp.","IXOSP","family","Ixodidae",,,,,,"sp.",,,,"GSU_tickIdentification_SOP_2016-11-01.pdf",,"Male",2,"OK","RNA stabilization buffer","USNMENT00984929","UKFS_001.20160331.01.M","Guy Hobbs","Georgia Southern University","over invoice limit, will not be billed"
