uid,namedLocation,domainID,siteID,plotID,plotType,nlcdClass,decimalLatitude,decimalLongitude,geodeticDatum,coordinateUncertainty,elevation,elevationUncertainty,collectDate,eventID,sampleID,sampleCode,samplingMethod,totalSampledArea,targetTaxaPresent,adultCount,nymphCount,larvaCount,sampleCondition,samplingProtocolVersion,measuredBy,remarks
"7501b981-83cc-4fca-9e5b-362f9126337b","UKFS_018.tickPlot.tck","D06","UKFS","UKFS_018","distributed","grasslandHerbaceous",39.053205,-95.194659,"WGS84",20.1,325.8,0.1,"2016-03-10T15:40Z","UKFS.2016.10",,,"drag and flag",160,"N",0,0,0,"No known compromise","NEON.DOC.014045vG","JGWJZ1XW1agSnvj4BXBgaByExANCyS2s",
"ce707fe3-e4ad-4d8d-80fa-6ebfc781994c","UKFS_003.tickPlot.tck","D06","UKFS","UKFS_003","distributed","deciduousForest",39.053769,-95.187084,"WGS84",20.1,323.1,0.1,"2016-03-10T16:18Z","UKFS.2016.10","UKFS_003.20160310",,"drag and flag",160,"Y",2,0,0,"No known compromise","NEON.DOC.014045vG","asla+bxtaeNcz6OySAThxEhfRzp1xz36",
"fe99c88c-8a8d-40e2-a75c-74ca3265895d","UKFS_002.tickPlot.tck","D06","UKFS","UKFS_002","distributed","deciduousForest",39.045892,-95.207026,"WGS84",20.1,316.0,0.2,"2016-03-10T17:45Z","UKFS.2016.10","UKFS_002.20160310",,"drag and flag",160,"Y",2,0,0,"No known compromise","NEON.DOC.014045vG","9Na0Eupfy7pnnigtC7KpGXWClnvLiwz1",
"0110282c-15e7-43a2-8f88-2142a77fd13c","UKFS_030.tickPlot.tck","D06","UKFS","UKFS_030","distributed","grasslandHerbaceous",39.045115,-95.213433,"WGS84",20.1,321.9,0.1,"2016-03-10T18:36Z","UKFS.2016.10",,,"drag",160,"N",0,0,0,"No known compromise","NEON.DOC.014045vG","asla+bxtaeNcz6OySAThxEhfRzp1xz36",
"04fd02cb-3e95-4ec2-a24e-20ee1e4d0aae","UKFS_004.tickPlot.tck","D06","UKFS","UKFS_004","distributed","deciduousForest",39.043188,-95.201000,"WGS84",20.1,320.0,0.2,"2016-03-10T19:15Z","UKFS.2016.10","UKFS_004.20160310",,"drag and flag",160,"Y",2,2,0,"No known compromise","NEON.DOC.014045vG","JGWJZ1XW1agSnvj4BXBgaByExANCyS2s",
"1d051e7e-2484-47df-9516-2cfc101b346b","UKFS_001.tickPlot.tck","D06","UKFS","UKFS_001","distributed","deciduousForest",39.037238,-95.198631,"WGS84",20.1,322.7,0.1,"2016-03-10T20:06Z","UKFS.2016.10","UKFS_001.20160310",,"drag and flag",160,"Y",7,2,0,"No known compromise","NEON.DOC.014045vG","9Na0Eupfy7pnnigtC7KpGXWClnvLiwz1",
"bdd6ccee-4487-47ae-91a5-cc4cd76755f5","UKFS_001.tickPlot.tck","D06","UKFS","UKFS_001","distributed","deciduousForest",39.037238,-95.198631,"WGS84",20.1,322.7,0.1,"2016-03-21T14:30Z","UKFS.2016.12","UKFS_001.20160321",,"drag and flag",160,"Y",3,0,0,"No known compromise","NEON.DOC.014045vG","9Na0Eupfy7pnnigtC7KpGXWClnvLiwz1","Tick on field tech pants; jumped off before we could collect;1 adult; not included in county"
"34c0a29f-729d-4774-8d79-b63fafc92f96","UKFS_018.tickPlot.tck","D06","UKFS","UKFS_018","distributed","grasslandHerbaceous",39.053205,-95.194659,"WGS84",20.1,325.8,0.1,"2016-03-31T15:11Z","UKFS.2016.13",,,"drag and flag",160,"N",0,0,0,"No known compromise","NEON.DOC.014045vG","JGWJZ1XW1agSnvj4BXBgaByExANCyS2s","Very windy; weights used; Plot burned since last sampling bout"
"fed67f88-8b1c-4f1c-a9cd-a7765078adb6","UKFS_003.tickPlot.tck","D06","UKFS","UKFS_003","distributed","deciduousForest",39.053769,-95.187084,"WGS84",20.1,323.1,0.1,"2016-03-31T15:50Z","UKFS.2016.13","UKFS_003.20160331",,"drag and flag",158,"Y",2,2,0,"No known compromise","NEON.DOC.014045vG","JGWJZ1XW1agSnvj4BXBgaByExANCyS2s","Windy; weights used"
"39f5a94d-bc0b-4bc6-b4de-b9987d42d01e","UKFS_004.tickPlot.tck","D06","UKFS","UKFS_004","distributed","deciduousForest",39.043188,-95.201000,"WGS84",20.1,320.0,0.2,"2016-03-31T16:31Z","UKFS.2016.13","UKFS_004.20160331",,"drag and flag",160,"Y",2,1,0,"No known compromise","NEON.DOC.014045vG","uXSN77Q7x9cACyt+x8PEhxuBjTDRBKZV",
"d0d85a6e-039c-4f89-bbe0-cd2cb3f39909","UKFS_002.tickPlot.tck","D06","UKFS","UKFS_002","distributed","deciduousForest",39.045892,-95.207026,"WGS84",20.1,316.0,0.2,"2016-03-31T17:26Z","UKFS.2016.13","UKFS_002.20160331",,"drag and flag",160,"Y",2,0,0,"No known compromise","NEON.DOC.014045vG","9Na0Eupfy7pnnigtC7KpGXWClnvLiwz1",
"6825e335-65d1-49d0-aed7-32fb50d8d25b","UKFS_030.tickPlot.tck","D06","UKFS","UKFS_030","distributed","grasslandHerbaceous",39.045115,-95.213433,"WGS84",20.1,321.9,0.1,"2016-03-31T18:16Z","UKFS.2016.13","UKFS_030.20160331",,"drag",160,"Y",2,0,0,"No known compromise","NEON.DOC.014045vG","9Na0Eupfy7pnnigtC7KpGXWClnvLiwz1",
"6d42dca5-91ad-4136-88a3-60635c8076db","UKFS_001.tickPlot.tck","D06","UKFS","UKFS_001","distributed","deciduousForest",39.037238,-95.198631,"WGS84",20.1,322.7,0.1,"2016-03-31T19:04Z","UKFS.2016.13","UKFS_001.20160331",,"drag and flag",160,"Y",4,1,0,"No known compromise","NEON.DOC.014045vG","9Na0Eupfy7pnnigtC7KpGXWClnvLiwz1",
