uid,namedLocation,domainID,siteID,plotID,plotType,nlcdClass,decimalLatitude,decimalLongitude,geodeticDatum,coordinateUncertainty,elevation,elevationUncertainty,collectDate,eventID,sampleID,sampleCode,samplingMethod,totalSampledArea,targetTaxaPresent,adultCount,nymphCount,larvaCount,sampleCondition,samplingProtocolVersion,measuredBy,remarks
"1e69fc1f-f835-4779-9069-4f4a6614bfe4","GRSM_006.tickPlot.tck","D07","GRSM","GRSM_006","distributed","deciduousForest",35.679072,-83.643678,"WGS84",20.2,533.6,0.2,"2015-08-03T12:47Z","GRSM.2015.31",,,"drag and flag",160,"N",0,0,,,"NEON.DOC.014045vF","nWRBOaU124b01Rs+iLGaSLZBvwgmQ5i5",
"77613e1a-a3b0-4b20-af9e-e1e88084feec","GRSM_009.tickPlot.tck","D07","GRSM","GRSM_009","distributed","deciduousForest",35.671874,-83.491180,"WGS84",20.2,820.9,0.2,"2015-08-03T13:30Z","GRSM.2015.31",,,"drag and flag",160,"N",0,0,,,"NEON.DOC.014045vF","FII5NHkrIeQI4f+soqpivO/xVBSahwuJ",
"77e7c670-2178-4177-b2ab-3f4bfb4a25b0","GRSM_010.tickPlot.tck","D07","GRSM","GRSM_010","distributed","deciduousForest",35.669242,-83.524579,"WGS84",20.2,510.4,0.3,"2015-08-03T14:24Z","GRSM.2015.31",,,"drag and flag",160,"N",0,0,,,"NEON.DOC.014045vF","nWRBOaU124b01Rs+iLGaSLZBvwgmQ5i5",
"c44a7f38-143f-41ff-b5f4-2e19845af2f0","GRSM_003.tickPlot.tck","D07","GRSM","GRSM_003","distributed","deciduousForest",35.676584,-83.476209,"WGS84",20.2,880.6,0.2,"2015-08-03T15:20Z","GRSM.2015.31",,,"drag and flag",160,"N",0,0,,,"NEON.DOC.014045vF","FII5NHkrIeQI4f+soqpivO/xVBSahwuJ",
"83c14387-9440-4381-865e-bf5b355661ab","GRSM_004.tickPlot.tck","D07","GRSM","GRSM_004","distributed","deciduousForest",35.688959,-83.535562,"WGS84",20.3,441.9,0.5,"2015-08-03T16:10Z","GRSM.2015.31",,,"drag and flag",160,"N",0,0,,,"NEON.DOC.014045vF","49LI6M3+jMtxRtYmbfgyO+9Rpwup30X0",
"f49e0e89-6df7-48ef-b2ca-65de2632a3d9","GRSM_005.tickPlot.tck","D07","GRSM","GRSM_005","distributed","deciduousForest",35.682740,-83.398124,"WGS84",20.2,731.0,0.4,"2015-08-03T17:30Z","GRSM.2015.31",,,"drag and flag",160,"N",0,0,,,"NEON.DOC.014045vF","nAKPQvGWPz3w50pS9SF/Wg/TlEjgxRE8",
