uid,namedLocation,date,domainID,siteID,plotID,plotType,nlcdClass,decimalLatitude,decimalLongitude,geodeticDatum,coordinateUncertainty,easting,northing,utmZone,elevation,elevationUncertainty,eventID,samplingProtocolVersion,treesPresent,treesAbsentList,shrubsPresent,shrubsAbsentList,lianasPresent,lianasAbsentList,nestedSubplotAreaShrubSapling,nestedSubplotAreaLiana,totalSampledAreaTrees,totalSampledAreaShrubSapling,totalSampledAreaLiana,remarks,measuredBy,recordedBy,dataQF
"420ac439-cfc1-4c1e-a638-baaa7cebfbf0","CLBJ_026.basePlot.vst","2016-03-14","D11","CLBJ","CLBJ_026","tower","deciduousForest",33.403422,-97.569543,"WGS84",10.1,633021.38,3696926.08,"14N",266.9,0.1,"vst_CLBJ_2016","NEON.DOC.000987vD",,,,,,,"10","noneSelected",400,80,400,,,"nLY7eam4tn5KvmhUGKXYjL1ERBP4294P","legacyData"
"3807c118-72be-47ec-98a1-6ad1e2f590fd","CLBJ_026.basePlot.vst","2016-03-14","D11","CLBJ","CLBJ_026","tower","deciduousForest",33.403422,-97.569543,"WGS84",10.1,633021.38,3696926.08,"14N",266.9,0.1,"vst_CLBJ_2016","NEON.DOC.000987vD",,,,,,,"10","noneSelected",400,80,400,,,"nLY7eam4tn5KvmhUGKXYjL1ERBP4294P","legacyData"
"ce02c2cd-2db9-4375-b34c-7a3cb5029d2a","CLBJ_019.basePlot.vst","2016-03-15","D11","CLBJ","CLBJ_019","tower","grasslandHerbaceous",33.395844,-97.569673,"WGS84",10.1,633020.84,3696085.65,"14N",283.0,0.1,"vst_CLBJ_2016","NEON.DOC.000987vD",,,,,,,"noneSelected","noneSelected",400,400,400,,,"YvxfKx9PhZKcpyRUl2HPSGWrrvBoMwJ+","legacyData"
"91efe8bd-20a5-4280-8c1a-0152197be00a","CLBJ_004.basePlot.vst","2016-03-15","D11","CLBJ","CLBJ_004","tower","deciduousForest",33.396904,-97.568989,"WGS84",10.1,633082.84,3696204.06,"14N",282.8,0.1,"vst_CLBJ_2016","NEON.DOC.000987vD",,,,,,,"noneSelected","noneSelected",400,400,400,,,"YvxfKx9PhZKcpyRUl2HPSGWrrvBoMwJ+","legacyData"
"c8fe10b0-b834-4bf2-8316-8afce0de61f5","CLBJ_025.basePlot.vst","2016-03-16","D11","CLBJ","CLBJ_025","tower","grasslandHerbaceous",33.397471,-97.569639,"WGS84",10.1,633021.52,3696266.10,"14N",282.6,0.1,"vst_CLBJ_2016","NEON.DOC.000987vD",,,,,,,"noneSelected","noneSelected",400,400,400,,,"YvxfKx9PhZKcpyRUl2HPSGWrrvBoMwJ+","legacyData"
"ec6a8e61-4ae5-40b8-8b3d-7f2480d5b535","CLBJ_024.basePlot.vst","2016-03-16","D11","CLBJ","CLBJ_024","tower","deciduousForest",33.396374,-97.569014,"WGS84",10.1,633081.32,3696145.26,"14N",281.3,0.1,"vst_CLBJ_2016","NEON.DOC.000987vD",,,,,,,"10","noneSelected",400,80,400,,,"won/tyUsFjCjTGqHBmGD3e54PFu+l8CW","legacyData"
"04312635-491f-4455-a647-a98008a6574f","CLBJ_013.basePlot.vst","2016-03-17","D11","CLBJ","CLBJ_013","tower","grasslandHerbaceous",33.397431,-97.567392,"WGS84",10.1,633230.57,3696264.54,"14N",278.7,0.1,"vst_CLBJ_2016","NEON.DOC.000987vD",,,,,,,"noneSelected","noneSelected",400,400,400,,,"YvxfKx9PhZKcpyRUl2HPSGWrrvBoMwJ+","legacyData"
"30ecc210-b676-460d-9440-8b1472cf202c","CLBJ_015.basePlot.vst","2016-03-21","D11","CLBJ","CLBJ_015","tower","deciduousForest",33.397741,-97.571244,"WGS84",10.1,632871.84,3696293.99,"14N",274.9,0.1,"vst_CLBJ_2016","NEON.DOC.000987vD",,,,,,,"10","noneSelected",400,80,400,,,"C9GzU2YIgNp6Vw0n+VOm12lcWzn+J9JF","legacyData"
"07402f9e-9f39-450c-bb9c-faa73e623259","CLBJ_015.basePlot.vst","2016-03-21","D11","CLBJ","CLBJ_015","tower","deciduousForest",33.397741,-97.571244,"WGS84",10.1,632871.84,3696293.99,"14N",274.9,0.1,"vst_CLBJ_2016","NEON.DOC.000987vD",,,,,,,"10","noneSelected",400,80,400,,,"C9GzU2YIgNp6Vw0n+VOm12lcWzn+J9JF","legacyData"
"9a30e304-7359-4c47-9096-50f201c54859","CLBJ_017.basePlot.vst","2016-03-21","D11","CLBJ","CLBJ_017","tower","deciduousForest",33.404538,-97.573713,"WGS84",10.1,632631.87,3697044.50,"14N",277.0,0.1,"vst_CLBJ_2016","NEON.DOC.000987vD",,,,,,,"10","noneSelected",400,80,400,,,"C9GzU2YIgNp6Vw0n+VOm12lcWzn+J9JF","legacyData"
"743237b9-1177-457e-b8bc-d851cf1e1908","CLBJ_015.basePlot.vst","2016-03-21","D11","CLBJ","CLBJ_015","tower","deciduousForest",33.397741,-97.571244,"WGS84",10.1,632871.84,3696293.99,"14N",274.9,0.1,"vst_CLBJ_2016","NEON.DOC.000987vD",,,,,,,"10","noneSelected",400,80,400,,,"C9GzU2YIgNp6Vw0n+VOm12lcWzn+J9JF","legacyData"
"cf9758a4-cc07-42a2-ae05-4045251cbe6f","CLBJ_023.basePlot.vst","2016-03-22","D11","CLBJ","CLBJ_023","tower","grasslandHerbaceous",33.397449,-97.568344,"WGS84",10.1,633142.00,3696265.32,"14N",280.3,0.1,"vst_CLBJ_2016","NEON.DOC.000987vD",,,,,,,"noneSelected","noneSelected",400,400,400,,,"nLY7eam4tn5KvmhUGKXYjL1ERBP4294P","legacyData"
"4bcfc803-8968-44dd-b0a3-45b1f2180dd8","CLBJ_002.basePlot.vst","2016-03-22","D11","CLBJ","CLBJ_002","tower","deciduousForest",33.403981,-97.571138,"WGS84",20.1,632872.19,3696986.02,"14N",264.3,0.1,"vst_CLBJ_2016","NEON.DOC.000987vD",,,,,,,"10","noneSelected",400,80,400,,,"nLY7eam4tn5KvmhUGKXYjL1ERBP4294P","legacyData"
"4d55f102-df6d-42bb-af2c-abba30e9cbbe","CLBJ_023.basePlot.vst","2016-03-22","D11","CLBJ","CLBJ_023","tower","grasslandHerbaceous",33.397449,-97.568344,"WGS84",10.1,633142.00,3696265.32,"14N",280.3,0.1,"vst_CLBJ_2016","NEON.DOC.000987vD",,,,,,,"noneSelected","noneSelected",400,400,400,,,"nLY7eam4tn5KvmhUGKXYjL1ERBP4294P","legacyData"
"09d069dc-eea6-4d5c-a138-46e2315ba6cb","CLBJ_005.basePlot.vst","2016-03-23","D11","CLBJ","CLBJ_005","tower","deciduousForest",33.403958,-97.570164,"WGS84",10.1,632962.81,3696984.71,"14N",258.3,0.1,"vst_CLBJ_2016","NEON.DOC.000987vD",,,,,,,"10","noneSelected",400,80,400,,,"nLY7eam4tn5KvmhUGKXYjL1ERBP4294P","legacyData"
"572e7106-2a18-40af-bbff-104c47e80ff5","CLBJ_012.basePlot.vst","2016-03-23","D11","CLBJ","CLBJ_012","tower","deciduousForest",33.402587,-97.569224,"WGS84",10.1,633052.32,3696833.90,"14N",271.8,0.1,"vst_CLBJ_2016","NEON.DOC.000987vD",,,,,,,"10","noneSelected",400,80,400,,,"nLY7eam4tn5KvmhUGKXYjL1ERBP4294P","legacyData"
"200505c1-c3ce-4bc7-b723-fd01b181f997","CLBJ_010.basePlot.vst","2016-03-28","D11","CLBJ","CLBJ_010","tower","deciduousForest",33.397139,-97.566099,"WGS84",10.1,633351.27,3696233.82,"14N",276.6,0.1,"vst_CLBJ_2016","NEON.DOC.000987vD",,,,,,,"noneSelected","noneSelected",400,400,400,"CLBJ_010 Controlled burn",,"YvxfKx9PhZKcpyRUl2HPSGWrrvBoMwJ+","legacyData"
"1561c25b-681c-4cb8-a1d9-1fb0bc52d831","CLBJ_012.basePlot.vst","2016-03-28","D11","CLBJ","CLBJ_012","tower","deciduousForest",33.402587,-97.569224,"WGS84",10.1,633052.32,3696833.90,"14N",271.8,0.1,"vst_CLBJ_2016","NEON.DOC.000987vD",,,,,,,"10","noneSelected",400,80,400,,,"nLY7eam4tn5KvmhUGKXYjL1ERBP4294P","legacyData"
"08e1028e-dd9e-463a-bbeb-0c54cca56ba4","CLBJ_005.basePlot.vst","2016-03-28","D11","CLBJ","CLBJ_005","tower","deciduousForest",33.403958,-97.570164,"WGS84",10.1,632962.81,3696984.71,"14N",258.3,0.1,"vst_CLBJ_2016","NEON.DOC.000987vD",,,,,,,"10","noneSelected",400,80,400,,,"nLY7eam4tn5KvmhUGKXYjL1ERBP4294P","legacyData"
"39bbb7ab-d654-432f-b3f1-213ccf8c6d95","CLBJ_020.basePlot.vst","2016-03-29","D11","CLBJ","CLBJ_020","tower","grasslandHerbaceous",33.396611,-97.567385,"WGS84",10.1,633232.47,3696173.63,"14N",278.6,0.1,"vst_CLBJ_2016","NEON.DOC.000987vD",,,,,,,"noneSelected","noneSelected",400,400,400,"CLBJ_020 Controlled burn",,"nLY7eam4tn5KvmhUGKXYjL1ERBP4294P","legacyData"
"c3709e64-d457-4d2b-adcc-153edbd5c37d","CLBJ_021.basePlot.vst","2016-03-29","D11","CLBJ","CLBJ_021","tower","deciduousForest",33.398815,-97.569922,"WGS84",10.1,632993.15,3696414.76,"14N",281.3,0.1,"vst_CLBJ_2016","NEON.DOC.000987vD",,,,,,,"noneSelected","noneSelected",400,400,400,"Plot recently burned within 5 days, still smoking.",,"YvxfKx9PhZKcpyRUl2HPSGWrrvBoMwJ+","legacyData"
"37ee28e0-b67b-45f8-bac3-52faed6be77e","CLBJ_020.basePlot.vst","2016-03-29","D11","CLBJ","CLBJ_020","tower","grasslandHerbaceous",33.396611,-97.567385,"WGS84",10.1,633232.47,3696173.63,"14N",278.6,0.1,"vst_CLBJ_2016","NEON.DOC.000987vD",,,,,,,"noneSelected","noneSelected",400,400,400,"CLBJ_020 Controlled burn",,"nLY7eam4tn5KvmhUGKXYjL1ERBP4294P","legacyData"
"49241018-1cca-4f66-bc27-844992a2f109","CLBJ_030.basePlot.vst","2016-03-29","D11","CLBJ","CLBJ_030","tower","grasslandHerbaceous",33.398512,-97.567356,"WGS84",10.1,633232.27,3696384.45,"14N",277.2,0.1,"vst_CLBJ_2016","NEON.DOC.000987vD",,,,,,,"noneSelected","noneSelected",400,400,400,,,"won/tyUsFjCjTGqHBmGD3e54PFu+l8CW","legacyData"
"0947e9b1-fae3-4033-a0f9-de19c491711f","CLBJ_021.basePlot.vst","2016-03-29","D11","CLBJ","CLBJ_021","tower","deciduousForest",33.398815,-97.569922,"WGS84",10.1,632993.15,3696414.76,"14N",281.3,0.1,"vst_CLBJ_2016","NEON.DOC.000987vD",,,,,,,"noneSelected","noneSelected",400,400,400,,,"DDYELCAMXhPc95sI0XQ1McC1ECMy6YbI","legacyData"
"20d72f9d-7d90-4fd1-ab42-2c79f12ffb3b","CLBJ_010.basePlot.vst","2016-03-29","D11","CLBJ","CLBJ_010","tower","deciduousForest",33.397139,-97.566099,"WGS84",10.1,633351.27,3696233.82,"14N",276.6,0.1,"vst_CLBJ_2016","NEON.DOC.000987vD",,,,,,,"noneSelected","noneSelected",400,400,400,"CLBJ_010 Controlled burn",,"YvxfKx9PhZKcpyRUl2HPSGWrrvBoMwJ+","legacyData"
"93de89a9-88d8-44fd-b5d5-b5cac6547093","CLBJ_029.basePlot.vst","2016-03-31","D11","CLBJ","CLBJ_029","tower","deciduousForest",33.399057,-97.568638,"WGS84",10.1,633112.20,3696443.24,"14N",279.7,0.1,"vst_CLBJ_2016","NEON.DOC.000987vD",,,,,,,"10","noneSelected",400,80,400,,,"LSZWSTVV0z5VZ7oh/S+B0ibtEIfDV0Jl","legacyData"
"6650a0d6-62de-48e1-b668-8c69a7bcf9e8","CLBJ_001.basePlot.vst","2016-03-31","D11","CLBJ","CLBJ_001","tower","deciduousForest",33.397987,-97.568339,"WGS84",20.1,633141.64,3696324.98,"14N",279.3,0.1,"vst_CLBJ_2016","NEON.DOC.000987vD",,,,,,,"noneSelected","noneSelected",400,400,400,,,"nLY7eam4tn5KvmhUGKXYjL1ERBP4294P","legacyData"
"81006d5e-b58d-4508-a230-6a14c242bd0b","CLBJ_008.basePlot.vst","2016-03-31","D11","CLBJ","CLBJ_008","tower","deciduousForest",33.399913,-97.569922,"WGS84",10.1,632991.48,3696536.51,"14N",273.0,0.1,"vst_CLBJ_2016","NEON.DOC.000987vD",,,,,,,"10","noneSelected",400,80,400,,,"LSZWSTVV0z5VZ7oh/S+B0ibtEIfDV0Jl","legacyData"
