uid,namedLocation,domainID,siteID,plotID,plotType,nlcdClass,decimalLatitude,decimalLongitude,geodeticDatum,coordinateUncertainty,elevation,elevationUncertainty,collectDate,eventID,sampleID,sampleCode,samplingMethod,totalSampledArea,targetTaxaPresent,adultCount,nymphCount,larvaCount,sampleCondition,samplingProtocolVersion,measuredBy,remarks
"05f09c19-e1cc-4490-bb32-b9ae55089a08","STEI_002.tickPlot.tck","D05","STEI","STEI_002","distributed","deciduousForest",45.796166,-90.091452,"WGS84",20.2,520.3,0.4,"2016-05-09T15:28Z","STEI.2016.19",,,"drag and flag",164,"N",0,0,0,"No known compromise","NEON.DOC.014045vG","iMRRFt6D4SnvT4gpprfYkcrBo2exp/j+",
"84fbd1c4-923e-4e80-9a0a-a4d0d430b247","STEI_001.tickPlot.tck","D05","STEI","STEI_001","distributed","deciduousForest",45.812978,-90.091123,"WGS84",20.3,509.3,0.4,"2016-05-09T16:29Z","STEI.2016.19",,,"drag and flag",163,"N",0,0,0,"No known compromise","NEON.DOC.014045vG","iMRRFt6D4SnvT4gpprfYkcrBo2exp/j+",
"68c629d3-9d04-43d8-a869-ce01bc3d774e","STEI_003.tickPlot.tck","D05","STEI","STEI_003","distributed","deciduousForest",45.824086,-90.071058,"WGS84",20.3,510.1,0.5,"2016-05-09T18:05Z","STEI.2016.19",,,"drag and flag",163,"N",0,0,0,"No known compromise","NEON.DOC.014045vG","iMRRFt6D4SnvT4gpprfYkcrBo2exp/j+",
"81919da2-ad2f-41e6-9ffe-dc0036ea0e1b","STEI_005.tickPlot.tck","D05","STEI","STEI_005","distributed","deciduousForest",45.825112,-90.085882,"WGS84",20.3,509.9,0.5,"2016-05-09T19:15Z","STEI.2016.19",,,"drag and flag",163,"N",0,0,0,"No known compromise","NEON.DOC.014045vG","iMRRFt6D4SnvT4gpprfYkcrBo2exp/j+",
"a7a3c1e1-98ce-4754-9801-cff6d46c648b","STEI_023.tickPlot.tck","D05","STEI","STEI_023","distributed","woodyWetlands",45.824017,-90.096171,"WGS84",20.2,480.4,0.3,"2016-05-09T20:22Z","STEI.2016.19","STEI_023.20160509",,"drag and flag",176,"Y",3,0,0,"No known compromise","NEON.DOC.014045vG","iMRRFt6D4SnvT4gpprfYkcrBo2exp/j+",
"2529f005-6459-4877-a6dc-f7e4270dafc1","STEI_029.tickPlot.tck","D05","STEI","STEI_029","distributed","mixedForest",45.832878,-90.075489,"WGS84",20.1,492.2,0.2,"2016-05-09T21:45Z","STEI.2016.19",,,"drag and flag",160,"N",0,0,0,"No known compromise","NEON.DOC.014045vG","iMRRFt6D4SnvT4gpprfYkcrBo2exp/j+",
