uid,namedLocation,plotID,collectDate,identifiedDate,sampleID,subsampleID,scientificName,acceptedTaxonID,taxonRank,family,subfamily,tribe,subtribe,genus,subgenus,specificEpithet,infraspecificEpithet,identificationQualifier,identificationReferences,identificationProtocolVersion,scientificNameAuthorship,sexOrAge,individualCount,sampleCondition,archiveMedium,archiveFacilityID,deprecatedVialID,identifiedBy,laboratoryName,remarks
"e76ca2e1-da44-47ac-97ff-246d0ec963b1","SCBI_002.tickPlot.tck","SCBI_002","2016-09-12T17:00Z","2017-05-11T16:00Z","SCBI_002.20160912","SCBI_002.20160912.IXOSP.L","Ixodidae sp.","IXOSP","family","Ixodidae",,,,,,"sp.",,,,"GSU_tickIdentification_SOP_2016-11-01.pdf",,"Larva",1,"OK","RNA stabilization buffer","USNMENT00984602","SCBI_002.20160912.01.L","Guy Hobbs","Georgia Southern University",
"177b3679-e205-4321-8e1c-a5bba7cd9af4","SCBI_006.tickPlot.tck","SCBI_006","2016-09-12T18:07Z","2017-05-11T16:00Z","SCBI_006.20160912","SCBI_006.20160912.IXOSP.L","Ixodidae sp.","IXOSP","family","Ixodidae",,,,,,"sp.",,,,"GSU_tickIdentification_SOP_2016-11-01.pdf",,"Larva",1,"OK","RNA stabilization buffer","USNMENT00984604","SCBI_006.20160912.01.L","Guy Hobbs","Georgia Southern University",
"edd0b5ff-cf1d-4dfa-89e9-39485cdf6a8b","SCBI_005.tickPlot.tck","SCBI_005","2016-09-12T19:09Z","2017-05-11T16:00Z","SCBI_005.20160912","SCBI_005.20160912.IXOSP.L","Ixodidae sp.","IXOSP","family","Ixodidae",,,,,,"sp.",,,,"GSU_tickIdentification_SOP_2016-11-01.pdf",,"Larva",1,"OK","RNA stabilization buffer","USNMENT00984603","SCBI_005.20160912.01.L","Guy Hobbs","Georgia Southern University",
"4d071bc5-7e73-42a8-a4c5-73e422ac30b3","SCBI_039.tickPlot.tck","SCBI_039","2016-09-12T20:12Z","2017-05-11T16:00Z","SCBI_039.20160912","SCBI_039.20160912.IXOSP.L","Ixodidae sp.","IXOSP","family","Ixodidae",,,,,,"sp.",,,,"GSU_tickIdentification_SOP_2016-11-01.pdf",,"Larva",1,"OK","RNA stabilization buffer","USNMENT00984606","SCBI_039.20160912.01.L","Guy Hobbs","Georgia Southern University",
