uid,namedLocation,domainID,siteID,plotID,plotType,nlcdClass,decimalLatitude,decimalLongitude,geodeticDatum,coordinateUncertainty,elevation,elevationUncertainty,collectDate,eventID,sampleID,sampleCode,samplingMethod,totalSampledArea,targetTaxaPresent,adultCount,nymphCount,larvaCount,sampleCondition,samplingProtocolVersion,measuredBy,remarks
"55e1ee21-c18a-451c-9d28-6cdff69539ea","SCBI_007.tickPlot.tck","D02","SCBI","SCBI_007","distributed","deciduousForest",38.886013,-78.129365,"WGS84",20.2,428.3,0.2,"2016-09-12T14:55Z","SCBI.2016.37","SCBI_007.20160912",,"drag",163,"Y",0,0,1120,"No known compromise","NEON.DOC.014045vG","ena7GLJui5s1h8moQAQPw3Qj2+mVdivS",
"eb0c450c-cfc9-4374-9886-149f18622471","SCBI_002.tickPlot.tck","D02","SCBI","SCBI_002","distributed","deciduousForest",38.893863,-78.142704,"WGS84",20.2,327.7,0.2,"2016-09-12T17:00Z","SCBI.2016.37","SCBI_002.20160912",,"drag",160,"Y",0,0,15,"No known compromise","NEON.DOC.014045vG","ena7GLJui5s1h8moQAQPw3Qj2+mVdivS","Dragged about 20 meters outside plot past corner. Ticks in vial 2 may have come from outside plot. These were not included in sample."
"f76ab155-4361-4052-95fa-2e716d1e882a","SCBI_006.tickPlot.tck","D02","SCBI","SCBI_006","distributed","pastureHay",38.897080,-78.150277,"WGS84",20.1,277.1,0.1,"2016-09-12T18:07Z","SCBI.2016.37","SCBI_006.20160912",,"drag",165,"Y",0,0,4,"No known compromise","NEON.DOC.014045vG","ena7GLJui5s1h8moQAQPw3Qj2+mVdivS",
"9b88db9f-b372-480b-9dd4-7f3bb64a5555","SCBI_005.tickPlot.tck","D02","SCBI","SCBI_005","distributed","deciduousForest",38.901859,-78.161940,"WGS84",20.2,263.6,0.3,"2016-09-12T19:09Z","SCBI.2016.37","SCBI_005.20160912",,"drag and flag",165,"Y",0,0,3,"No known compromise","NEON.DOC.014045vG","ena7GLJui5s1h8moQAQPw3Qj2+mVdivS",
"7efef9a6-e729-4439-b695-0c9927c341e6","SCBI_013.tickPlot.tck","D02","SCBI","SCBI_013","distributed","deciduousForest",38.873041,-78.163313,"WGS84",20.2,361.3,0.3,"2016-09-12T19:32Z","SCBI.2016.37",,,"drag",163,"N",0,0,0,"No known compromise","NEON.DOC.014045vG","WKwujoF6P3YAOkhzyJ/xP0/1URP18h18",
"a419c500-5f08-4b2b-a2b1-6c2242c843b3","SCBI_039.tickPlot.tck","D02","SCBI","SCBI_039","distributed","pastureHay",38.896433,-78.166542,"WGS84",20.1,330.8,0.1,"2016-09-12T20:12Z","SCBI.2016.37","SCBI_039.20160912",,"drag",146,"Y",0,0,2,"No known compromise","NEON.DOC.014045vG","ena7GLJui5s1h8moQAQPw3Qj2+mVdivS",
