uid,namedLocation,domainID,siteID,plotID,plotType,nlcdClass,decimalLatitude,decimalLongitude,geodeticDatum,coordinateUncertainty,elevation,elevationUncertainty,collectDate,eventID,sampleID,sampleCode,samplingMethod,totalSampledArea,targetTaxaPresent,adultCount,nymphCount,larvaCount,sampleCondition,samplingProtocolVersion,measuredBy,remarks
"54a39f89-5211-4fed-85ba-91a99c3d6101","SOAP_006.tickPlot.tck","D17","SOAP","SOAP_006","distributed","evergreenForest",37.024700,-119.283060,"WGS84",20.1,1313.8,0.1,"2018-05-24T16:32Z","SOAP.2018.21",,,"drag and flag",160,"N",0,0,0,,"NEON.DOC.014045vJ","/okdeQQFj3ok0YrB9sbbCIk0Gya2xtkj",
"c12f34bc-0161-4e3a-9b88-b0285d2bdb90","SOAP_003.tickPlot.tck","D17","SOAP","SOAP_003","distributed","evergreenForest",37.032980,-119.249660,"WGS84",20.2,1139.9,0.3,"2018-05-24T17:44Z","SOAP.2018.21",,,"drag and flag",160,"N",0,0,0,,"NEON.DOC.014045vJ","/okdeQQFj3ok0YrB9sbbCIk0Gya2xtkj",
"7cd38647-c8e3-405a-aa95-2da6bb55e585","SOAP_009.tickPlot.tck","D17","SOAP","SOAP_009","distributed","shrubScrub",37.038727,-119.257989,"WGS84",20.1,1083.7,0.1,"2018-05-24T18:40Z","SOAP.2018.21",,,"drag and flag",160,"N",0,0,0,,"NEON.DOC.014045vJ","/okdeQQFj3ok0YrB9sbbCIk0Gya2xtkj",
"1c4bd57a-3202-42fe-a60e-2da9eb0a8512","SOAP_004.tickPlot.tck","D17","SOAP","SOAP_004","distributed","evergreenForest",37.038478,-119.268390,"WGS84",20.1,1148.8,0.1,"2018-05-24T19:43Z","SOAP.2018.21","SOAP_004.20180524",,"drag and flag",170,"Y",1,0,0,"No known compromise","NEON.DOC.014045vJ","/okdeQQFj3ok0YrB9sbbCIk0Gya2xtkj",
"d9d81ca4-7483-49dd-8933-522c3cca4cb0","SOAP_005.tickPlot.tck","D17","SOAP","SOAP_005","distributed","evergreenForest",37.031309,-119.264582,"WGS84",20.1,1199.8,0.1,"2018-05-24T21:03Z","SOAP.2018.21",,,"drag and flag",160,"N",0,0,0,,"NEON.DOC.014045vJ","/okdeQQFj3ok0YrB9sbbCIk0Gya2xtkj",
"f1e6966a-bc36-4f96-8121-3d878c89a1fe","SOAP_026.tickPlot.tck","D17","SOAP","SOAP_026","distributed","shrubScrub",37.029413,-119.271386,"WGS84",20.1,1262.1,0.1,"2018-05-24T21:58Z","SOAP.2018.21",,,"drag and flag",180,"N",0,0,0,,"NEON.DOC.014045vJ","/okdeQQFj3ok0YrB9sbbCIk0Gya2xtkj",
