uid,namedLocation,date,eventID,domainID,siteID,plotID,subplotID,individualID,tagStatus,growthForm,plantStatus,stemDiameter,measurementHeight,height,baseCrownHeight,breakHeight,breakDiameter,maxCrownDiameter,ninetyCrownDiameter,canopyPosition,shape,basalStemDiameter,basalStemDiameterMsrmntHeight,maxBaseCrownDiameter,ninetyBaseCrownDiameter,remarks,recordedBy,measuredBy,dataQF
"69589f29-4c21-43c5-8a95-8f3af8deb0e3","KONZ_068.basePlot.vst","2016-12-12","vst_KONZ_2016","D06","KONZ","KONZ_068",,"NEON.PLA.D06.KONZ.01827","ok","small shrub","Standing dead",,,1.1,,,,0.3,0.3,,"cylinder",1.0,10,,,,"p+l0R7+o0BMujrOEuQuJxVYKsiOTKnpJ","Rrox/5DLJhV/NBTC7vrZFFNsjMpjyJvE","legacyData"
"b3637a9e-e020-486d-ac50-04aee4c1d086","KONZ_068.basePlot.vst","2016-12-12","vst_KONZ_2016","D06","KONZ","KONZ_068",,"NEON.PLA.D06.KONZ.01815","ok",,"No longer qualifies",,,,,,,,,,,,,,,"Too small","p+l0R7+o0BMujrOEuQuJxVYKsiOTKnpJ","Rrox/5DLJhV/NBTC7vrZFFNsjMpjyJvE","legacyData"
"d8fe1e0b-258a-4a2c-b4d0-c315b839f980","KONZ_068.basePlot.vst","2016-12-12","vst_KONZ_2016","D06","KONZ","KONZ_068",,"NEON.PLA.D06.KONZ.05675","ok","small shrub","Standing dead",,,0.7,,,,0.4,0.4,,"cylinder",1.0,10,,,,"p+l0R7+o0BMujrOEuQuJxVYKsiOTKnpJ","Rrox/5DLJhV/NBTC7vrZFFNsjMpjyJvE","legacyData"
"c4bcb3f0-d38a-48ab-90c8-8f34eab235f8","KONZ_068.basePlot.vst","2016-12-12","vst_KONZ_2016","D06","KONZ","KONZ_068",,"NEON.PLA.D06.KONZ.01824","ok",,"No longer qualifies",,,,,,,,,,,,,,,,"p+l0R7+o0BMujrOEuQuJxVYKsiOTKnpJ","Rrox/5DLJhV/NBTC7vrZFFNsjMpjyJvE","legacyData"
"87ff50da-c047-40e2-b970-5e5b686308ce","KONZ_068.basePlot.vst","2016-12-12","vst_KONZ_2016","D06","KONZ","KONZ_068",,"NEON.PLA.D06.KONZ.05667","ok","small shrub","Live",,,1.1,,,,0.7,0.4,,"half-sphere",1.2,10,,,,"p+l0R7+o0BMujrOEuQuJxVYKsiOTKnpJ","Rrox/5DLJhV/NBTC7vrZFFNsjMpjyJvE","legacyData"
"471938a7-872b-444c-a55e-971e4b25ec39","KONZ_068.basePlot.vst","2016-12-12","vst_KONZ_2016","D06","KONZ","KONZ_068",,"NEON.PLA.D06.KONZ.05674","ok","small shrub","Live",,,1.5,,,,1.4,0.9,,"half-sphere",1.4,10,,,,"p+l0R7+o0BMujrOEuQuJxVYKsiOTKnpJ","Rrox/5DLJhV/NBTC7vrZFFNsjMpjyJvE","legacyData"
"4bb1f33e-c005-49aa-91c4-68b17fd68c55","KONZ_068.basePlot.vst","2016-12-12","vst_KONZ_2016","D06","KONZ","KONZ_068",,"NEON.PLA.D06.KONZ.01821","ok",,"No longer qualifies",,,,,,,,,,,,,,,"Too small","p+l0R7+o0BMujrOEuQuJxVYKsiOTKnpJ","Rrox/5DLJhV/NBTC7vrZFFNsjMpjyJvE","legacyData"
"36aa1287-bdec-4dac-8ce3-b466825e2371","KONZ_068.basePlot.vst","2016-12-12","vst_KONZ_2016","D06","KONZ","KONZ_068",,"NEON.PLA.D06.KONZ.01832","ok","small shrub","Live",,,1.4,,,,0.5,0.3,,"cylinder",1.0,10,,,,"p+l0R7+o0BMujrOEuQuJxVYKsiOTKnpJ","Rrox/5DLJhV/NBTC7vrZFFNsjMpjyJvE","legacyData"
"c142ad0d-90f7-4f15-9d48-f8fd0da8e0a8","KONZ_068.basePlot.vst","2016-12-12","vst_KONZ_2016","D06","KONZ","KONZ_068",,"NEON.PLA.D06.KONZ.01828","ok",,"No longer qualifies",,,,,,,,,,,,,,,"Too small","p+l0R7+o0BMujrOEuQuJxVYKsiOTKnpJ","Rrox/5DLJhV/NBTC7vrZFFNsjMpjyJvE","legacyData"
"1f2784b1-b983-4afa-8159-2b87d0d7d212","KONZ_068.basePlot.vst","2016-12-12","vst_KONZ_2016","D06","KONZ","KONZ_068",,"NEON.PLA.D06.KONZ.05673","ok","small shrub","Standing dead",,,1.0,,,,0.9,0.7,,"cylinder",1.1,10,,,,"p+l0R7+o0BMujrOEuQuJxVYKsiOTKnpJ","Rrox/5DLJhV/NBTC7vrZFFNsjMpjyJvE","legacyData"
"3debec4a-8b23-4048-bf87-9cdb918f5646","KONZ_068.basePlot.vst","2016-12-12","vst_KONZ_2016","D06","KONZ","KONZ_068",,"NEON.PLA.D06.KONZ.01826","ok",,"No longer qualifies",,,,,,,,,,,,,,,"Too small","p+l0R7+o0BMujrOEuQuJxVYKsiOTKnpJ","Rrox/5DLJhV/NBTC7vrZFFNsjMpjyJvE","legacyData"
"0932df15-03cb-499c-b74f-09424d5e9e74","KONZ_068.basePlot.vst","2016-12-12","vst_KONZ_2016","D06","KONZ","KONZ_068",,"NEON.PLA.D06.KONZ.01820","ok","small shrub","Live",,,1.6,,,,0.5,0.4,,"cylinder",1.1,10,,,,"p+l0R7+o0BMujrOEuQuJxVYKsiOTKnpJ","Rrox/5DLJhV/NBTC7vrZFFNsjMpjyJvE","legacyData"
"8297a2f9-3e96-46f4-b850-763716aa974c","KONZ_068.basePlot.vst","2016-12-12","vst_KONZ_2016","D06","KONZ","KONZ_068",,"NEON.PLA.D06.KONZ.01816","ok",,"No longer qualifies",,,,,,,,,,,,,,,"Too small","p+l0R7+o0BMujrOEuQuJxVYKsiOTKnpJ","Rrox/5DLJhV/NBTC7vrZFFNsjMpjyJvE","legacyData"
"32beac6a-0f14-4dc7-8788-dfe01e66f250","KONZ_068.basePlot.vst","2016-12-12","vst_KONZ_2016","D06","KONZ","KONZ_068",,"NEON.PLA.D06.KONZ.01819","ok",,"Lost, tag damaged",,,,,,,,,,,,,,,,"p+l0R7+o0BMujrOEuQuJxVYKsiOTKnpJ","Rrox/5DLJhV/NBTC7vrZFFNsjMpjyJvE","legacyData"
"93be4e96-0e71-4140-948e-f9a8ca76e8a0","KONZ_068.basePlot.vst","2016-12-12","vst_KONZ_2016","D06","KONZ","KONZ_068",,"NEON.PLA.D06.KONZ.01822","ok",,"Lost, tag damaged",,,,,,,,,,,,,,,,"p+l0R7+o0BMujrOEuQuJxVYKsiOTKnpJ","Rrox/5DLJhV/NBTC7vrZFFNsjMpjyJvE","legacyData"
"205f6a43-1137-4357-aa85-6c86530e55b7","KONZ_068.basePlot.vst","2016-12-12","vst_KONZ_2016","D06","KONZ","KONZ_068",,"NEON.PLA.D06.KONZ.05674","ok","small shrub","Live",,,1.5,,,,1.4,0.9,,"half-sphere",1.3,10,,,,"p+l0R7+o0BMujrOEuQuJxVYKsiOTKnpJ","Rrox/5DLJhV/NBTC7vrZFFNsjMpjyJvE","legacyData"
"d43de513-b63e-4163-92a5-64d70f4205d5","KONZ_068.basePlot.vst","2016-12-12","vst_KONZ_2016","D06","KONZ","KONZ_068",,"NEON.PLA.D06.KONZ.05667","ok","small shrub","Live",,,1.1,,,,0.7,0.4,,"half-sphere",1.1,10,,,,"p+l0R7+o0BMujrOEuQuJxVYKsiOTKnpJ","Rrox/5DLJhV/NBTC7vrZFFNsjMpjyJvE","legacyData"
"82515c3a-5b1b-4dd1-b314-c853bec13374","KONZ_068.basePlot.vst","2016-12-12","vst_KONZ_2016","D06","KONZ","KONZ_068",,"NEON.PLA.D06.KONZ.05674","ok","small shrub","Live",,,1.5,,,,1.4,0.9,,"half-sphere",1.0,10,,,,"p+l0R7+o0BMujrOEuQuJxVYKsiOTKnpJ","Rrox/5DLJhV/NBTC7vrZFFNsjMpjyJvE","legacyData"
"dc6563b8-d897-4ffe-a012-a5d33516a964","KONZ_068.basePlot.vst","2016-12-12","vst_KONZ_2016","D06","KONZ","KONZ_068",,"NEON.PLA.D06.KONZ.01831","ok",,"No longer qualifies",,,,,,,,,,,,,,,"Too small","p+l0R7+o0BMujrOEuQuJxVYKsiOTKnpJ","Rrox/5DLJhV/NBTC7vrZFFNsjMpjyJvE","legacyData"
"75fdb609-383b-407c-8996-1d95b46eda10","KONZ_068.basePlot.vst","2016-12-12","vst_KONZ_2016","D06","KONZ","KONZ_068",,"NEON.PLA.D06.KONZ.01825","ok","small shrub","Standing dead",,,1.1,,,,0.2,0.1,,"cylinder",1.1,10,,,,"p+l0R7+o0BMujrOEuQuJxVYKsiOTKnpJ","Rrox/5DLJhV/NBTC7vrZFFNsjMpjyJvE","legacyData"
"92bb88ab-2641-4ab9-92a7-041178217b3a","KONZ_068.basePlot.vst","2016-12-12","vst_KONZ_2016","D06","KONZ","KONZ_068",,"NEON.PLA.D06.KONZ.01823","ok","small shrub","Standing dead",,,1.0,,,,0.2,0.2,,"cylinder",1.0,10,,,,"p+l0R7+o0BMujrOEuQuJxVYKsiOTKnpJ","Rrox/5DLJhV/NBTC7vrZFFNsjMpjyJvE","legacyData"
"960fa643-451e-4e3d-b57a-60f4681521c0","KONZ_068.basePlot.vst","2016-12-12","vst_KONZ_2016","D06","KONZ","KONZ_068",,"NEON.PLA.D06.KONZ.01818","ok",,"No longer qualifies",,,,,,,,,,,,,,,"Too small","p+l0R7+o0BMujrOEuQuJxVYKsiOTKnpJ","Rrox/5DLJhV/NBTC7vrZFFNsjMpjyJvE","legacyData"
"652f8bad-844a-4da1-8cfe-3b2659c0fc62","KONZ_068.basePlot.vst","2016-12-12","vst_KONZ_2016","D06","KONZ","KONZ_068",,"NEON.PLA.D06.KONZ.01817","ok",,"Lost, tag damaged",,,,,,,,,,,,,,,,"p+l0R7+o0BMujrOEuQuJxVYKsiOTKnpJ","Rrox/5DLJhV/NBTC7vrZFFNsjMpjyJvE","legacyData"
"d96dc97c-9e45-4d26-9ca6-2f8d261189ca","KONZ_068.basePlot.vst","2016-12-12","vst_KONZ_2016","D06","KONZ","KONZ_068",,"NEON.PLA.D06.KONZ.05667","ok","small shrub","Live",,,1.1,,,,0.7,0.4,,"half-sphere",1.0,10,,,,"p+l0R7+o0BMujrOEuQuJxVYKsiOTKnpJ","Rrox/5DLJhV/NBTC7vrZFFNsjMpjyJvE","legacyData"
"19b74b0c-3041-4144-b718-376b7b85cd23","KONZ_068.basePlot.vst","2016-12-12","vst_KONZ_2016","D06","KONZ","KONZ_068",,"NEON.PLA.D06.KONZ.01830","ok",,"Lost, tag damaged",,,,,,,,,,,,,,,,"p+l0R7+o0BMujrOEuQuJxVYKsiOTKnpJ","Rrox/5DLJhV/NBTC7vrZFFNsjMpjyJvE","legacyData"
"17632da2-5f40-48ae-a2be-85779121b793","KONZ_068.basePlot.vst","2016-12-12","vst_KONZ_2016","D06","KONZ","KONZ_068",,"NEON.PLA.D06.KONZ.01829","ok",,"No longer qualifies",,,,,,,,,,,,,,,"Too small","p+l0R7+o0BMujrOEuQuJxVYKsiOTKnpJ","Rrox/5DLJhV/NBTC7vrZFFNsjMpjyJvE","legacyData"
