uid,namedLocation,plotID,collectDate,identifiedDate,sampleID,subsampleID,scientificName,acceptedTaxonID,taxonRank,family,subfamily,tribe,subtribe,genus,subgenus,specificEpithet,infraspecificEpithet,identificationQualifier,identificationReferences,identificationProtocolVersion,scientificNameAuthorship,sexOrAge,individualCount,sampleCondition,archiveMedium,archiveFacilityID,deprecatedVialID,identifiedBy,laboratoryName,remarks
"8f960632-a4cc-47cd-a591-0e8e39062a3a","ORNL_007.tickPlot.tck","ORNL_007","2016-04-18T13:01Z","2017-06-23T16:00Z","ORNL_007.20160418","ORNL_007.20160418.AMBAME.N","Amblyomma americanum","AMBAME","species","Ixodidae",,,,"Amblyomma",,"americanum",,,"Cooley, R. A. and G. M. Kohls. 1944. The genus Amblyomma (ixodidae) in the United States. The Journal of Parasitology, 30(2):77-111.","GSU_tickIdentification_SOP_2016-11-01.pdf","Linnaeus","Nymph",5,"OK","RNA stabilization buffer","USNMENT00984549","ORNL_007.20160418.01.AMBAME.N","Lorenza Beati","Georgia Southern University",
"00f784f4-6387-479e-97f2-5dac46755f43","ORNL_007.tickPlot.tck","ORNL_007","2016-04-18T13:01Z","2017-06-23T16:00Z","ORNL_007.20160418","ORNL_007.20160418.IXOSCA.N","Ixodes scapularis","IXOSCA","species","Ixodidae",,,,"Ixodes",,"scapularis",,,"Cooley, R. A. and G. M. Kohls. 1945. The genus Ixodes in North America. National Institute of Health Bulletin, 184.","GSU_tickIdentification_SOP_2016-11-01.pdf","Say","Nymph",2,"OK","RNA stabilization buffer","USNMENT00984548","ORNL_007.20160418.01.IXOSCA.N","Lorenza Beati","Georgia Southern University",
"7f4403cb-d2c6-4b58-b903-0ca89d619980","ORNL_002.tickPlot.tck","ORNL_002","2016-04-18T13:05Z","2017-06-23T16:00Z","ORNL_002.20160418","ORNL_002.20160418.AMBAME.F","Amblyomma americanum","AMBAME","species","Ixodidae",,,,"Amblyomma",,"americanum",,,"Cooley, R. A. and G. M. Kohls. 1944. The genus Amblyomma (ixodidae) in the United States. The Journal of Parasitology, 30(2):77-111.","GSU_tickIdentification_SOP_2016-11-01.pdf","Linnaeus","Female",1,"OK","RNA stabilization buffer","USNMENT00984541","ORNL_002.20160418.01.AMBAME.F","Lorenza Beati","Georgia Southern University",
"41aebfa7-30d0-43c3-888a-6ea532fd8cb9","ORNL_002.tickPlot.tck","ORNL_002","2016-04-18T13:05Z","2017-06-23T16:00Z","ORNL_002.20160418","ORNL_002.20160418.DERVAR.M","Dermacentor variabilis","DERVAR","species","Ixodidae",,,,"Dermacentor",,"variabilis",,,"Yunker, C. E., Keirans, J. E., Clifford, C. M., and E. R. Easton. 1986. Dermacentor ticks (Acari: Ixodoidea: Ixodidae) of the New World: a scanning electron microscope atlas. Proceedings of the Entomological Society of Washington, 88(4):609-627.","GSU_tickIdentification_SOP_2016-11-01.pdf","Say","Male",1,"OK","RNA stabilization buffer","USNMENT00984542","ORNL_002.20160418.01.DERVAR.M","Lorenza Beati","Georgia Southern University",
"c5b159a5-43e3-4a9d-a5dc-51ac2596e342","ORNL_002.tickPlot.tck","ORNL_002","2016-04-18T13:05Z","2017-06-23T16:00Z","ORNL_002.20160418","ORNL_002.20160418.AMBAME.N","Amblyomma americanum","AMBAME","species","Ixodidae",,,,"Amblyomma",,"americanum",,,"Cooley, R. A. and G. M. Kohls. 1944. The genus Amblyomma (ixodidae) in the United States. The Journal of Parasitology, 30(2):77-111.","GSU_tickIdentification_SOP_2016-11-01.pdf","Linnaeus","Nymph",2,"OK","RNA stabilization buffer","USNMENT00984543","ORNL_002.20160418.01.AMBAME.N","Lorenza Beati","Georgia Southern University",
"fa8c6096-4827-4f3a-8ec7-a6d690b7ed92","ORNL_008.tickPlot.tck","ORNL_008","2016-04-18T14:08Z","2017-06-23T16:00Z","ORNL_008.20160418","ORNL_008.20160418.AMBAME.M","Amblyomma americanum","AMBAME","species","Ixodidae",,,,"Amblyomma",,"americanum",,,"Cooley, R. A. and G. M. Kohls. 1944. The genus Amblyomma (ixodidae) in the United States. The Journal of Parasitology, 30(2):77-111.","GSU_tickIdentification_SOP_2016-11-01.pdf","Linnaeus","Male",2,"OK","RNA stabilization buffer","USNMENT00984540","ORNL_008.20160418.01.AMBAME.M","Lorenza Beati","Georgia Southern University",
"63b1ff18-e03a-42d4-b9c8-e17225019216","ORNL_009.tickPlot.tck","ORNL_009","2016-04-18T14:21Z","2017-06-23T16:00Z","ORNL_009.20160418","ORNL_009.20160418.AMBAME.N","Amblyomma americanum","AMBAME","species","Ixodidae",,,,"Amblyomma",,"americanum",,,"Cooley, R. A. and G. M. Kohls. 1944. The genus Amblyomma (ixodidae) in the United States. The Journal of Parasitology, 30(2):77-111.","GSU_tickIdentification_SOP_2016-11-01.pdf","Linnaeus","Nymph",4,"OK","RNA stabilization buffer","USNMENT00984547","ORNL_009.20160418.01.AMBAME.N","Lorenza Beati","Georgia Southern University",
"1e9d772e-762f-4577-89fa-3be731b30d90","ORNL_040.tickPlot.tck","ORNL_040","2016-04-18T15:20Z","2017-06-23T16:00Z","ORNL_040.20160418","ORNL_040.20160418.AMBAME.N","Amblyomma americanum","AMBAME","species","Ixodidae",,,,"Amblyomma",,"americanum",,,"Cooley, R. A. and G. M. Kohls. 1944. The genus Amblyomma (ixodidae) in the United States. The Journal of Parasitology, 30(2):77-111.","GSU_tickIdentification_SOP_2016-11-01.pdf","Linnaeus","Nymph",3,"OK","RNA stabilization buffer","USNMENT00984544","ORNL_040.20160418.01.AMBAME.N","Lorenza Beati","Georgia Southern University",
