uid,namedLocation,plotID,collectDate,identifiedDate,sampleID,subsampleID,scientificName,acceptedTaxonID,taxonRank,family,subfamily,tribe,subtribe,genus,subgenus,specificEpithet,infraspecificEpithet,identificationQualifier,identificationReferences,identificationProtocolVersion,scientificNameAuthorship,sexOrAge,individualCount,sampleCondition,archiveMedium,archiveFacilityID,deprecatedVialID,identifiedBy,laboratoryName,remarks
"53ea7537-4b8e-4b6f-86aa-51ffb7454375","TALL_008.tickPlot.tck","TALL_008","2015-10-05T13:15Z","2016-08-09T16:00Z","TALL_008.20151005","TALL_008.20151005.IXOSP.L","Ixodidae sp.","IXOSP","family","Ixodidae",,,,,,"sp.",,,,"GSU_tickIdentification_SOP_2016-11-01.pdf",,"Larva",1,"OK","90% ethanol","127037",,"L. Beati","Georgia Southern University",
"dea100ca-545f-466a-8187-e780fc57d3d1","TALL_008.tickPlot.tck","TALL_008","2015-10-05T13:15Z","2016-08-09T12:00Z","TALL_008.20151005","TALL_008.20151005.AMBAME.N","Amblyomma americanum","AMBAME","species","Ixodidae",,,,"Amblyomma",,"americanum",,,"Cooley, R. A. and G. M. Kohls. 1944. The genus Amblyomma (ixodidae) in the United States. The Journal of Parasitology, 30(2):77-111.","GSU_tickIdentification_SOP_2016-11-01.pdf","Linnaeus","Nymph",7,"OK","95% ethanol","127037",,"L. Beati","Georgia Southern University",
"e28e4b50-3120-4e28-8c6d-12d9a2b75dab","TALL_002.tickPlot.tck","TALL_002","2015-10-05T14:20Z","2016-08-09T16:00Z","TALL_002.20151005","TALL_002.20151005.IXOSP.L","Ixodidae sp.","IXOSP","family","Ixodidae",,,,,,"sp.",,,,"GSU_tickIdentification_SOP_2016-11-01.pdf",,"Larva",1,"OK","90% ethanol","127034",,"L. Beati","Georgia Southern University",
"c1b6de1d-0434-4479-b872-a8655b74654b","TALL_006.tickPlot.tck","TALL_006","2015-10-05T15:45Z","2016-08-02T16:00Z","TALL_006.20151005","TALL_006.20151005.IXOSP.L","Ixodidae sp.","IXOSP","family","Ixodidae",,,,,,"sp.",,,,"GSU_tickIdentification_SOP_2016-11-01.pdf",,"Larva",1,"OK","90% ethanol","127036",,"L. Beati","Georgia Southern University",
"db3443d3-2c0c-4e63-88bc-ca525fd46c80","TALL_006.tickPlot.tck","TALL_006","2015-10-05T15:45Z","2016-08-02T16:00Z","TALL_006.20151005","TALL_006.20151005.AMBAME.N","Amblyomma americanum","AMBAME","species","Ixodidae",,,,"Amblyomma",,"americanum",,,"Cooley, R. A. and G. M. Kohls. 1944. The genus Amblyomma (ixodidae) in the United States. The Journal of Parasitology, 30(2):77-111.","GSU_tickIdentification_SOP_2016-11-01.pdf","Linnaeus","Nymph",1,"OK","90% ethanol","127036",,"L. Beati","Georgia Southern University",
"cfada1c7-154a-49f9-a9d9-e4c10e5724e3","TALL_003.tickPlot.tck","TALL_003","2015-10-05T16:45Z","2016-08-08T16:00Z","TALL_003.20151005","TALL_003.20151005.AMBAME.N","Amblyomma americanum","AMBAME","species","Ixodidae",,,,"Amblyomma",,"americanum",,,"Cooley, R. A. and G. M. Kohls. 1944. The genus Amblyomma (ixodidae) in the United States. The Journal of Parasitology, 30(2):77-111.","GSU_tickIdentification_SOP_2016-11-01.pdf","Linnaeus","Nymph",1,"OK","90% ethanol","127035",,"L. Beati","Georgia Southern University",
"d1f6ea8b-b426-4367-833a-28c9eea5c353","TALL_003.tickPlot.tck","TALL_003","2015-10-05T16:45Z","2016-08-08T16:00Z","TALL_003.20151005","TALL_003.20151005.IXOSCA.F","Ixodes scapularis","IXOSCA","species","Ixodidae",,,,"Ixodes",,"scapularis",,,"Keirans, J. E., and C. M. Clifford. 1978. The genus Ixodes in the United States: a scanning electron microscope study and key to the adults. Journal of Medical Entomology, 15(Supplement 2):1-38.","GSU_tickIdentification_SOP_2016-11-01.pdf","Say","Female",1,"OK","90% ethanol","127035",,"L. Beati","Georgia Southern University",
"72a02743-4a82-47c0-bc66-8fc3f85a4b68","TALL_003.tickPlot.tck","TALL_003","2015-10-05T16:45Z","2016-08-02T16:00Z","TALL_003.20151005","TALL_003.20151005.IXOSP.L","Ixodidae sp.","IXOSP","family","Ixodidae",,,,,,"sp.",,,,"GSU_tickIdentification_SOP_2016-11-01.pdf",,"Larva",1,"OK","90% ethanol","127035",,"L. Beati","Georgia Southern University",
