uid,namedLocation,domainID,siteID,plotID,plotType,nlcdClass,decimalLatitude,decimalLongitude,geodeticDatum,coordinateUncertainty,elevation,elevationUncertainty,collectDate,eventID,sampleID,sampleCode,samplingMethod,totalSampledArea,targetTaxaPresent,adultCount,nymphCount,larvaCount,sampleCondition,samplingProtocolVersion,measuredBy,remarks
"e164cf05-7533-41dd-a977-cff6b95072d6","TALL_008.tickPlot.tck","D08","TALL","TALL_008","distributed","deciduousForest",32.922874,-87.434097,"WGS84",20.2,127.5,0.2,"2015-10-05T13:15Z","TALL.2015.40","TALL_008.20151005",,"drag",160,"Y",0,8,1,"No known compromise","NEON.DOC.014045vF","XIk3CMH/VT2ztcDIBBKNwssfFUwUsihU",
"f8477896-5334-48b8-a49f-bdcbefce4259","TALL_016.tickPlot.tck","D08","TALL","TALL_016","distributed","evergreenForest",32.971553,-87.415845,"WGS84",20.1,138.9,0.1,"2015-10-05T13:47Z","TALL.2015.40",,,"drag and flag",162,"N",0,0,,,"NEON.DOC.014045vF","F649F+le3AHvC1s9mrBbdl/cL0oaCCMF",
"e52e6ef4-5eeb-4f99-b7d1-e2926bf88026","TALL_002.tickPlot.tck","D08","TALL","TALL_002","distributed","mixedForest",32.920823,-87.428955,"WGS84",20.3,104.0,0.4,"2015-10-05T14:20Z","TALL.2015.40","TALL_002.20151005",,"drag",160,"Y",0,0,142,"No known compromise","NEON.DOC.014045vF","XIk3CMH/VT2ztcDIBBKNwssfFUwUsihU",
"e26e1707-9893-41c3-81f7-437f30db8a0d","TALL_001.tickPlot.tck","D08","TALL","TALL_001","distributed","deciduousForest",32.976370,-87.432184,"WGS84",20.2,114.6,0.1,"2015-10-05T15:00Z","TALL.2015.40",,,"drag and flag",160,"N",0,0,,,"NEON.DOC.014045vF","F649F+le3AHvC1s9mrBbdl/cL0oaCCMF",
"0aeba654-9a7c-4704-8aa5-76f25b67894e","TALL_006.tickPlot.tck","D08","TALL","TALL_006","distributed","evergreenForest",32.899144,-87.444571,"WGS84",20.3,108.6,0.3,"2015-10-05T15:45Z","TALL.2015.40","TALL_006.20151005",,"drag and flag",160,"Y",0,1,3,"No known compromise","NEON.DOC.014045vF","XIk3CMH/VT2ztcDIBBKNwssfFUwUsihU",
"05fefe5b-a4e3-4ae5-a4cb-f1c0eb8b76e9","TALL_003.tickPlot.tck","D08","TALL","TALL_003","distributed","mixedForest",32.894415,-87.416532,"WGS84",20.2,121.9,0.2,"2015-10-05T16:45Z","TALL.2015.40","TALL_003.20151005",,"drag",160,"Y",1,1,300,"No known compromise","NEON.DOC.014045vF","XIk3CMH/VT2ztcDIBBKNwssfFUwUsihU",
"837d7695-0f15-4d68-b2b8-9213aadd34b5","TALL_008.tickPlot.tck","D08","TALL","TALL_008","distributed","deciduousForest",32.922874,-87.434097,"WGS84",20.2,127.5,0.2,"2015-10-30T15:14Z","TALL.2015.43",,,"drag",161,"N",0,0,,,"NEON.DOC.014045vF","XIk3CMH/VT2ztcDIBBKNwssfFUwUsihU",
"8d947931-762f-441c-aabb-ec85d0e55d83","TALL_001.tickPlot.tck","D08","TALL","TALL_001","distributed","deciduousForest",32.976370,-87.432184,"WGS84",20.2,114.6,0.1,"2015-10-30T15:20Z","TALL.2015.43",,,"drag and flag",160,"N",0,0,,,"NEON.DOC.014045vF","1BXlVo/+sgQnzGKl3MtQcn6rxZDFIa/f",
"b81fa275-aef6-4629-9407-735e6eb85e30","TALL_002.tickPlot.tck","D08","TALL","TALL_002","distributed","mixedForest",32.920823,-87.428955,"WGS84",20.3,104.0,0.4,"2015-10-30T16:16Z","TALL.2015.43","TALL_002.20151030",,"drag",162,"Y",0,1,,"No known compromise","NEON.DOC.014045vF","XIk3CMH/VT2ztcDIBBKNwssfFUwUsihU",
"255202c5-aea1-4d72-9546-22919a44c13f","TALL_016.tickPlot.tck","D08","TALL","TALL_016","distributed","evergreenForest",32.971553,-87.415845,"WGS84",20.1,138.9,0.1,"2015-10-30T16:20Z","TALL.2015.43",,,"drag and flag",155,"N",0,0,,,"NEON.DOC.014045vF","1BXlVo/+sgQnzGKl3MtQcn6rxZDFIa/f",
"7eea0729-e43e-41a5-8676-e0209ef5fd7a","TALL_006.tickPlot.tck","D08","TALL","TALL_006","distributed","evergreenForest",32.899144,-87.444571,"WGS84",20.3,108.6,0.3,"2015-10-30T17:23Z","TALL.2015.43",,,"drag and flag",153,"N",0,0,,,"NEON.DOC.014045vF","1BXlVo/+sgQnzGKl3MtQcn6rxZDFIa/f",
"99630d79-8c40-44ef-86dc-96b2144c7043","TALL_003.tickPlot.tck","D08","TALL","TALL_003","distributed","mixedForest",32.894415,-87.416532,"WGS84",20.2,121.9,0.2,"2015-10-30T17:53Z","TALL.2015.43",,,"drag and flag",157,"N",0,0,,,"NEON.DOC.014045vF","XIk3CMH/VT2ztcDIBBKNwssfFUwUsihU",
