uid,namedLocation,domainID,siteID,plotID,plotType,nlcdClass,decimalLatitude,decimalLongitude,geodeticDatum,coordinateUncertainty,elevation,elevationUncertainty,collectDate,eventID,sampleID,sampleCode,samplingMethod,totalSampledArea,targetTaxaPresent,adultCount,nymphCount,larvaCount,sampleCondition,samplingProtocolVersion,measuredBy,remarks
"17cab931-0d0a-4357-8cf6-873137edd29e","BART_002.tickPlot.tck","D01","BART","BART_002","distributed","deciduousForest",44.035231,-71.274674,"WGS84",20.2,502.6,0.3,"2016-09-06T17:10Z","BART.2016.36",,,"drag and flag",160,"N",0,0,0,"No known compromise","NEON.DOC.014045vG","9/lkABCL2n4b6r19n9Zi1qNJWAzd94Zk",
"079b07c8-c87b-47b3-bb42-993fd2e5e732","BART_010.tickPlot.tck","D01","BART","BART_010","distributed","deciduousForest",44.051100,-71.267766,"WGS84",20.2,413.0,0.4,"2016-09-06T18:36Z","BART.2016.36",,,"drag and flag",160,"N",0,0,0,"No known compromise","NEON.DOC.014045vG","9/lkABCL2n4b6r19n9Zi1qNJWAzd94Zk",
"6a268715-fbf0-4862-9abf-ab1f697b8563","BART_015.tickPlot.tck","D01","BART","BART_015","distributed","mixedForest",44.042149,-71.271603,"WGS84",20.3,455.0,0.5,"2016-09-06T19:50Z","BART.2016.36",,,"drag and flag",140,"N",0,0,0,"No known compromise","NEON.DOC.014045vG","9/lkABCL2n4b6r19n9Zi1qNJWAzd94Zk",
"0b5cd201-9db4-461b-86a9-45d7e980fe6d","BART_011.tickPlot.tck","D01","BART","BART_011","distributed","mixedForest",44.048783,-71.295353,"WGS84",20.2,399.5,0.2,"2016-09-07T12:00Z","BART.2016.36",,,"drag and flag",170,"N",0,0,0,"No known compromise","NEON.DOC.014045vG","/PQLg4xSyvY/C0l9NeCPJmfdKfB/PF5p",
"8f79f7fd-78f8-4524-8b9e-410ca836f87d","BART_029.tickPlot.tck","D01","BART","BART_029","distributed","evergreenForest",44.058948,-71.289336,"WGS84",20.2,291.7,0.3,"2016-09-07T13:00Z","BART.2016.36",,,"drag and flag",152,"N",0,0,0,"No known compromise","NEON.DOC.014045vG","/PQLg4xSyvY/C0l9NeCPJmfdKfB/PF5p",
"9bea1cad-ddad-4a1d-bab6-c660b3b15e69","BART_019.tickPlot.tck","D01","BART","BART_019","distributed","mixedForest",44.069350,-71.288001,"WGS84",20.2,231.8,0.2,"2016-09-07T13:52Z","BART.2016.36",,,"drag and flag",159,"N",0,0,0,"No known compromise","NEON.DOC.014045vG","/PQLg4xSyvY/C0l9NeCPJmfdKfB/PF5p",
"1224624f-f9b2-41dd-a814-5cd7a0293e12","BART_019.tickPlot.tck","D01","BART","BART_019","distributed","mixedForest",44.069350,-71.288001,"WGS84",20.2,231.8,0.2,"2016-09-26T05:36Z","BART.2016.39",,,"drag and flag",80,"N",0,0,0,"No known compromise","NEON.DOC.014045vG","/PQLg4xSyvY/C0l9NeCPJmfdKfB/PF5p",
"a9ced733-b17a-41a2-b49f-2dfb238937b4","BART_029.tickPlot.tck","D01","BART","BART_029","distributed","evergreenForest",44.058948,-71.289336,"WGS84",20.2,291.7,0.3,"2016-09-26T06:32Z","BART.2016.39",,,"drag and flag",80,"N",0,0,0,"No known compromise","NEON.DOC.014045vG","b2sefMLliJCkO7SpvYfxceoIH8TeWR8d",
"8ef5182c-e7b6-4637-bd8f-9eb80283df22","BART_010.tickPlot.tck","D01","BART","BART_010","distributed","deciduousForest",44.051100,-71.267766,"WGS84",20.2,413.0,0.4,"2016-09-26T08:21Z","BART.2016.39",,,"drag and flag",80,"N",0,0,0,"No known compromise","NEON.DOC.014045vG","b2sefMLliJCkO7SpvYfxceoIH8TeWR8d",
"3f6d16cb-d04a-49c0-9c9b-3dd4293ce7ec","BART_011.tickPlot.tck","D01","BART","BART_011","distributed","mixedForest",44.048783,-71.295353,"WGS84",20.2,399.5,0.2,"2016-09-26T19:18Z","BART.2016.39",,,"drag and flag",80,"N",0,0,0,"No known compromise","NEON.DOC.014045vG","b2sefMLliJCkO7SpvYfxceoIH8TeWR8d",
"675241da-913d-4bd9-8cd4-b405cdc25777","BART_002.tickPlot.tck","D01","BART","BART_002","distributed","deciduousForest",44.035231,-71.274674,"WGS84",20.2,502.6,0.3,"2016-09-29T12:00Z","BART.2016.39",,,"drag and flag",160,"N",0,0,0,"No known compromise","NEON.DOC.014045vG","4fwqTWf6TJUgX1b061gRBN/1LlNKYVNd",
"1e880cc0-2308-44ff-a1cf-b2e69dca1501","BART_015.tickPlot.tck","D01","BART","BART_015","distributed","mixedForest",44.042149,-71.271603,"WGS84",20.3,455.0,0.5,"2016-09-29T13:31Z","BART.2016.39",,,"drag and flag",160,"N",0,0,0,"No known compromise","NEON.DOC.014045vG","kfVy9isOqfxk0HFzxzD87c+cU7/cmmqz",
