uid,namedLocation,domainID,siteID,plotID,plotType,nlcdClass,decimalLatitude,decimalLongitude,geodeticDatum,coordinateUncertainty,elevation,elevationUncertainty,collectDate,eventID,sampleID,sampleCode,samplingMethod,totalSampledArea,targetTaxaPresent,adultCount,nymphCount,larvaCount,sampleCondition,samplingProtocolVersion,measuredBy,remarks
"d021f604-93f2-4ad2-9c3f-5a3ff320f3c2","SCBI_006.tickPlot.tck","D02","SCBI","SCBI_006","distributed","pastureHay",38.897080,-78.150277,"WGS84",20.1,277.1,0.1,"2017-09-05T15:00Z","SCBI.2017.37","SCBI_006.20170905",,"drag",155,"Y",0,0,1,"No known compromise","NEON.DOC.014045vH","kOhDPG1HgmOnKc/uLUKRTF9Cfiq4PjNYYqj1BDqnqz8=",
"1e430e86-6471-4964-8533-56741348de84","SCBI_039.tickPlot.tck","D02","SCBI","SCBI_039","distributed","pastureHay",38.896433,-78.166542,"WGS84",20.1,330.8,0.1,"2017-09-05T15:50Z","SCBI.2017.37","SCBI_039.20170905",,"drag",150,"Y",0,1,4,"No known compromise","NEON.DOC.014045vH","kOhDPG1HgmOnKc/uLUKRTF9Cfiq4PjNYYqj1BDqnqz8=",
"e425e49b-a3c4-41e8-839a-5346c700e6be","SCBI_007.tickPlot.tck","D02","SCBI","SCBI_007","distributed","deciduousForest",38.886013,-78.129365,"WGS84",20.2,428.3,0.2,"2017-09-05T17:02Z","SCBI.2017.37",,,"drag",109,"N",0,0,0,,"NEON.DOC.014045vH","kOhDPG1HgmOnKc/uLUKRTF9Cfiq4PjNYYqj1BDqnqz8=","Larval tick attached to tech's hand may have occurred before sampling; tick discarded"
"112fd875-67c7-435a-9bfe-931c775f537a","SCBI_002.tickPlot.tck","D02","SCBI","SCBI_002","distributed","deciduousForest",38.893863,-78.142704,"WGS84",20.2,327.7,0.2,"2017-09-05T18:30Z","SCBI.2017.37","SCBI_002.20170905",,"drag",160,"Y",0,1,8,"No known compromise","NEON.DOC.014045vH","kOhDPG1HgmOnKc/uLUKRTF9Cfiq4PjNYYqj1BDqnqz8=",
"e516ea6e-085c-432e-a9b7-603bbd230cd1","SCBI_005.tickPlot.tck","D02","SCBI","SCBI_005","distributed","deciduousForest",38.901859,-78.161940,"WGS84",20.2,263.6,0.3,"2017-09-08T14:32Z","SCBI.2017.37","SCBI_005.20170908",,"drag",161,"Y",0,0,11,"No known compromise","NEON.DOC.014045vH","y91HGrHLk0lZr/DPX16cTMD5ZLTOKHZ4wAmahG5mA10=","A tad damp"
"7d94c63d-18f7-49f1-ad1d-a349713805c8","SCBI_013.tickPlot.tck","D02","SCBI","SCBI_013","distributed","deciduousForest",38.873041,-78.163313,"WGS84",20.2,361.3,0.3,"2017-09-08T15:55Z","SCBI.2017.37","SCBI_013.20170908",,"drag",160,"Y",0,0,17,"No known compromise","NEON.DOC.014045vH","ena7GLJui5s1h8moQAQPw3Qj2+mVdivS",
"8ac1ee3e-6bed-442a-8e76-5582325d091d","SCBI_039.tickPlot.tck","D02","SCBI","SCBI_039","distributed","pastureHay",38.896433,-78.166542,"WGS84",20.1,330.8,0.1,"2017-09-25T14:50Z","SCBI.2017.40","SCBI_039.20170925",,"drag",149,"Y",0,1,29,"No known compromise","NEON.DOC.014045vH","vEBCcEQSSh/8g+5EygcyV8s9rq+AI0d+KECPnWYYvhY=",
"fca0345e-b7c2-460a-82d6-46ed1891f8e3","SCBI_006.tickPlot.tck","D02","SCBI","SCBI_006","distributed","pastureHay",38.897080,-78.150277,"WGS84",20.1,277.1,0.1,"2017-09-25T16:00Z","SCBI.2017.40",,,"drag",160,"N",0,0,0,"No known compromise","NEON.DOC.014045vH","vEBCcEQSSh/8g+5EygcyV8s9rq+AI0d+KECPnWYYvhY=",
"f723570f-4b02-452e-a4b1-7db861506f38","SCBI_002.tickPlot.tck","D02","SCBI","SCBI_002","distributed","deciduousForest",38.893863,-78.142704,"WGS84",20.2,327.7,0.2,"2017-09-25T17:01Z","SCBI.2017.40","SCBI_002.20170925",,"drag",161,"Y",0,0,8,"No known compromise","NEON.DOC.014045vH","vEBCcEQSSh/8g+5EygcyV8s9rq+AI0d+KECPnWYYvhY=",
"209cf19e-9ec1-47ce-8528-857df3d5626e","SCBI_007.tickPlot.tck","D02","SCBI","SCBI_007","distributed","deciduousForest",38.886013,-78.129365,"WGS84",20.2,428.3,0.2,"2017-09-25T18:14Z","SCBI.2017.40","SCBI_007.20170925",,"drag",120,"Y",0,0,2,"No known compromise","NEON.DOC.014045vH","vEBCcEQSSh/8g+5EygcyV8s9rq+AI0d+KECPnWYYvhY=",
"28bb94bb-f2cc-4643-afbd-ecd19fba50c1","SCBI_005.tickPlot.tck","D02","SCBI","SCBI_005","distributed","deciduousForest",38.901859,-78.161940,"WGS84",20.2,263.6,0.3,"2017-09-29T14:27Z","SCBI.2017.40",,,"drag",143,"N",0,0,0,"No known compromise","NEON.DOC.014045vH","/AhbGCCF27wHz9TggrmS1nLN8zUO+zcB","Overnight lows in the 40s F; about 20 m skipped due to wetness"
"3799f99d-a830-4857-8ce9-5668e143b38b","SCBI_013.tickPlot.tck","D02","SCBI","SCBI_013","distributed","deciduousForest",38.873041,-78.163313,"WGS84",20.2,361.3,0.3,"2017-09-29T15:42Z","SCBI.2017.40",,,"drag",160,"N",0,0,0,"No known compromise","NEON.DOC.014045vH","65MrXCKZ6BZHMIpBwLFSzI3B2iyqckQKC2QVdjxfI44=","Overnight lows in the 40s F"
