uid,namedLocation,plotID,collectDate,identifiedDate,sampleID,subsampleID,scientificName,acceptedTaxonID,taxonRank,family,subfamily,tribe,subtribe,genus,subgenus,specificEpithet,infraspecificEpithet,identificationQualifier,identificationReferences,identificationProtocolVersion,scientificNameAuthorship,sexOrAge,individualCount,sampleCondition,archiveMedium,archiveFacilityID,deprecatedVialID,identifiedBy,laboratoryName,remarks
"068f1dc0-35e8-4bdc-89f9-599cdc5dee4d","SCBI_006.tickPlot.tck","SCBI_006","2017-09-05T15:00Z","2017-11-28T17:00Z","SCBI_006.20170905","SCBI_006.20170905.IXOSP.L","Ixodidae sp.","IXOSP","family","Ixodidae",,,,,,"sp.",,,,"GSU_tickIdentification_SOP_2016-11-01.pdf",,"Larva",1,"OK","90% ethanol","USNMENT01430061","SCBI_006.20170905.L","Arianna Gibbs","Georgia Southern University",
"c689f3e7-084d-4feb-9f55-004588a95d1d","SCBI_039.tickPlot.tck","SCBI_039","2017-09-05T15:50Z","2017-11-28T17:00Z","SCBI_039.20170905","SCBI_039.20170905.IXOSP.L","Ixodidae sp.","IXOSP","family","Ixodidae",,,,,,"sp.",,,,"GSU_tickIdentification_SOP_2016-11-01.pdf",,"Larva",1,"OK","90% ethanol","USNMENT01430068","SCBI_039.20170905.L","Arianna Gibbs","Georgia Southern University",
"49baeaf3-b331-4390-b272-fc535c20c202","SCBI_039.tickPlot.tck","SCBI_039","2017-09-05T15:50Z","2018-01-28T17:00Z","SCBI_039.20170905","SCBI_039.20170905.AMBAME.N","Amblyomma americanum","AMBAME","species","Ixodidae",,,,"Amblyomma",,"americanum",,,"Cooley, R. A. and G. M. Kohls. 1944. The genus Amblyomma (ixodidae) in the United States. The Journal of Parasitology, 30(2):77-111.","GSU_tickIdentification_SOP_2016-11-01.pdf","Linnaeus","Nymph",1,"OK","90% ethanol","USNMENT01430067","SCBI_039.20170905.AMBAME.N","Lorenza Beati","Georgia Southern University",
"56bcc65b-bc24-485c-8705-70f976ee3228","SCBI_002.tickPlot.tck","SCBI_002","2017-09-05T18:30Z","2018-01-28T17:00Z","SCBI_002.20170905","SCBI_002.20170905.AMBAME.N","Amblyomma americanum","AMBAME","species","Ixodidae",,,,"Amblyomma",,"americanum",,,"Cooley, R. A. and G. M. Kohls. 1944. The genus Amblyomma (ixodidae) in the United States. The Journal of Parasitology, 30(2):77-111.","GSU_tickIdentification_SOP_2016-11-01.pdf","Linnaeus","Nymph",1,"OK","90% ethanol","USNMENT01430071","SCBI_002.20170905.AMBAME.N","Lorenza Beati","Georgia Southern University",
"e415544b-fde3-415f-a5a9-e3b28331f58d","SCBI_039.tickPlot.tck","SCBI_039","2017-09-25T14:50Z","2017-11-28T17:00Z","SCBI_039.20170925","SCBI_039.20170925.IXOSP.L","Ixodidae sp.","IXOSP","family","Ixodidae",,,,,,"sp.",,,,"GSU_tickIdentification_SOP_2016-11-01.pdf",,"Larva",1,"OK","90% ethanol","USNMENT01430064","SCBI_039.20170925.L","Arianna Gibbs","Georgia Southern University",
"e49a51d8-ad4c-45ff-b21c-d806cfdd6512","SCBI_039.tickPlot.tck","SCBI_039","2017-09-25T14:50Z","2018-09-15T17:00Z","SCBI_039.20170925","SCBI_039.20170925.HAELON.N","Haemaphysalis longicornis","HAELON","species","Ixodidae",,,,"Haemaphysalis",,"longicornis",,,,"GSU_tickIdentification_SOP_2016-11-01.pdf",,"Nymph",1,"OK","90% ethanol","USNMENT01430063","SCBI_039.20170925.HAELEP.N","Lorenza Beati","Georgia Southern University",
"9201c9e8-d4d1-4aa6-8923-163152d69a8a","SCBI_039.tickPlot.tck","SCBI_039","2017-09-25T14:50Z","2017-11-28T17:00Z","SCBI_039.20170925","SCBI_039.20170925.NOTICK",,,,,,,,,,,,,,"GSU_tickIdentification_SOP_2016-11-01.pdf",,,,"OK","90% ethanol","USNMENT01430062",,,"Georgia Southern University","NOT A TICK!"
"5b8048e7-c777-46b4-bf4d-aa656bd2e16c","SCBI_007.tickPlot.tck","SCBI_007","2017-09-25T18:14Z","2017-11-28T17:00Z","SCBI_007.20170925","SCBI_007.20170925.IXOSP.L","Ixodidae sp.","IXOSP","family","Ixodidae",,,,,,"sp.",,,,"GSU_tickIdentification_SOP_2016-11-01.pdf",,"Larva",1,"OK","90% ethanol","USNMENT01430058","SCBI_007.20170925.L","Arianna Gibbs","Georgia Southern University",
