uid,namedLocation,date,domainID,siteID,plotID,plotType,nlcdClass,decimalLatitude,decimalLongitude,geodeticDatum,coordinateUncertainty,easting,northing,utmZone,elevation,elevationUncertainty,eventID,samplingProtocolVersion,treesPresent,treesAbsentList,shrubsPresent,shrubsAbsentList,lianasPresent,lianasAbsentList,nestedSubplotAreaShrubSapling,nestedSubplotAreaLiana,totalSampledAreaTrees,totalSampledAreaShrubSapling,totalSampledAreaLiana,remarks,measuredBy,recordedBy,dataQF
"9b6abbc6-708c-494c-8898-e0d0090b0821","SERC_052.basePlot.vst","2015-05-04","D02","SERC","SERC_052","tower","deciduousForest",38.891367,-76.561547,"WGS84",20.2,364572.80,4305880.41,"18N",4.8,0.3,"vst_SERC_2015","NEON.DOC.000987vD",,,,,,,"25","noneSelected",800,100,800,"Lianas present measure entire subplot",,"0FfNr+0lWbo+uXUYZYVhxYKNrQHHRiMH","legacyData"
"34b95653-3a12-4a50-b85e-34815eb4fd5e","SERC_052.basePlot.vst","2015-05-04","D02","SERC","SERC_052","tower","deciduousForest",38.891367,-76.561547,"WGS84",20.2,364572.80,4305880.41,"18N",4.8,0.3,"vst_SERC_2015","NEON.DOC.000987vD",,,,,,,"25","noneSelected",800,100,800,"Lianas present measure entire subplot","HwrR06bjl3TqPXYD/ecX4LA/iftMi41T","0FfNr+0lWbo+uXUYZYVhxYKNrQHHRiMH","legacyData"
"9ca42ff4-36ca-43d7-bee7-cf9c90c9e637","SERC_052.basePlot.vst","2015-05-04","D02","SERC","SERC_052","tower","deciduousForest",38.891367,-76.561547,"WGS84",20.2,364572.80,4305880.41,"18N",4.8,0.3,"vst_SERC_2015","NEON.DOC.000987vD",,,,,,,"25","noneSelected",800,100,800,"Lianas present measure entire subplot","0FfNr+0lWbo+uXUYZYVhxYKNrQHHRiMH","0FfNr+0lWbo+uXUYZYVhxYKNrQHHRiMH","legacyData"
"4f67dc8e-26c1-4c97-919a-bf95d66ff393","SERC_052.basePlot.vst","2015-05-04","D02","SERC","SERC_052","tower","deciduousForest",38.891367,-76.561547,"WGS84",20.2,364572.80,4305880.41,"18N",4.8,0.3,"vst_SERC_2015","NEON.DOC.000987vD",,,,,,,"25","noneSelected",800,100,800,"Lianas present measure entire subplot",,"0FfNr+0lWbo+uXUYZYVhxYKNrQHHRiMH","legacyData"
"3f379b68-6fab-45f9-b0de-d1d6e07fae2d","SERC_043.basePlot.vst","2015-05-05","D02","SERC","SERC_043","tower","deciduousForest",38.892735,-76.562158,"WGS84",20.2,364522.41,4306033.13,"18N",14.0,0.3,"vst_SERC_2015","NEON.DOC.000987vD",,,,,,,"10","noneSelected",800,40,800,"Lianas present measure entire subplot","HwrR06bjl3TqPXYD/ecX4LA/iftMi41T","0FfNr+0lWbo+uXUYZYVhxYKNrQHHRiMH","legacyData"
"cfa00ce2-afd5-48b8-8969-61e51651151d","SERC_058.basePlot.vst","2015-05-05","D02","SERC","SERC_058","tower","deciduousForest",38.894243,-76.566570,"WGS84",20.2,364142.63,4306207.05,"18N",17.1,0.3,"vst_SERC_2015","NEON.DOC.000987vD",,,,,,,"10","noneSelected",800,40,800,"Lianas present measure entire subplot",,"0FfNr+0lWbo+uXUYZYVhxYKNrQHHRiMH","legacyData"
"26595b91-1ab6-4838-aa12-b22f91657845","SERC_043.basePlot.vst","2015-05-05","D02","SERC","SERC_043","tower","deciduousForest",38.892735,-76.562158,"WGS84",20.2,364522.41,4306033.13,"18N",14.0,0.3,"vst_SERC_2015","NEON.DOC.000987vD",,,,,,,"10","noneSelected",800,40,800,"Lianas present measure entire subplot","MAihFV9ECLSNBg1HSBddqS0ZUZa4DTjtYmYfVx1TOr0=","0FfNr+0lWbo+uXUYZYVhxYKNrQHHRiMH","legacyData"
"5139a02d-0c84-4a7a-85e0-f052421544db","SERC_043.basePlot.vst","2015-05-05","D02","SERC","SERC_043","tower","deciduousForest",38.892735,-76.562158,"WGS84",20.2,364522.41,4306033.13,"18N",14.0,0.3,"vst_SERC_2015","NEON.DOC.000987vD",,,,,,,"10","noneSelected",800,40,800,"Lianas present measure entire subplot",,"0FfNr+0lWbo+uXUYZYVhxYKNrQHHRiMH","legacyData"
"d2a2ddd2-1e89-4595-a3ed-3d2e2911df73","SERC_043.basePlot.vst","2015-05-05","D02","SERC","SERC_043","tower","deciduousForest",38.892735,-76.562158,"WGS84",20.2,364522.41,4306033.13,"18N",14.0,0.3,"vst_SERC_2015","NEON.DOC.000987vD",,,,,,,"10","noneSelected",800,40,800,"Lianas present measure entire subplot",,"0FfNr+0lWbo+uXUYZYVhxYKNrQHHRiMH","legacyData"
"bfc27c39-8db5-407f-ac88-e228df4ff886","SERC_058.basePlot.vst","2015-05-05","D02","SERC","SERC_058","tower","deciduousForest",38.894243,-76.566570,"WGS84",20.2,364142.63,4306207.05,"18N",17.1,0.3,"vst_SERC_2015","NEON.DOC.000987vD",,,,,,,"10","noneSelected",800,40,800,"Lianas present measure entire subplot","MAihFV9ECLSNBg1HSBddqS0ZUZa4DTjtYmYfVx1TOr0=","0FfNr+0lWbo+uXUYZYVhxYKNrQHHRiMH","legacyData"
"92055a77-6f8d-42a1-86e9-0ecedd5bfd64","SERC_058.basePlot.vst","2015-05-05","D02","SERC","SERC_058","tower","deciduousForest",38.894243,-76.566570,"WGS84",20.2,364142.63,4306207.05,"18N",17.1,0.3,"vst_SERC_2015","NEON.DOC.000987vD",,,,,,,"10","noneSelected",800,40,800,"Lianas present measure entire subplot","HwrR06bjl3TqPXYD/ecX4LA/iftMi41T","0FfNr+0lWbo+uXUYZYVhxYKNrQHHRiMH","legacyData"
"d3bf77d2-d9c7-48be-9f11-6e2843e570b9","SERC_058.basePlot.vst","2015-05-05","D02","SERC","SERC_058","tower","deciduousForest",38.894243,-76.566570,"WGS84",20.2,364142.63,4306207.05,"18N",17.1,0.3,"vst_SERC_2015","NEON.DOC.000987vD",,,,,,,"10","noneSelected",800,40,800,"Lianas present measure entire subplot",,"0FfNr+0lWbo+uXUYZYVhxYKNrQHHRiMH","legacyData"
"58a7e67b-4ce0-4930-a709-43e8948da0b5","SERC_048.basePlot.vst","2015-05-06","D02","SERC","SERC_048","tower","deciduousForest",38.893180,-76.566967,"WGS84",20.2,364106.17,4306089.67,"18N",12.5,0.3,"vst_SERC_2015","NEON.DOC.000987vD",,,,,,,"10","noneSelected",800,40,800,"Check for liana recruitment",,"2CALKs4JNjmK3iYT4PUVEer6DObkBehF","legacyData"
"9da7eeeb-7664-4144-bd45-874ff3638ab0","SERC_055.basePlot.vst","2015-05-06","D02","SERC","SERC_055","tower","deciduousForest",38.894328,-76.567942,"WGS84",20.2,364023.80,4306218.53,"18N",10.7,0.2,"vst_SERC_2015","NEON.DOC.000987vD",,,,,,,"10","100",800,40,400,,"eKRxmJ+OahVw4L1aaFLQ5F4jScv5L+cZfiRMaoN16dA=","2CALKs4JNjmK3iYT4PUVEer6DObkBehF","legacyData"
"c4efd5a3-a16a-4d32-84ae-1de642a3ee92","SERC_055.basePlot.vst","2015-05-06","D02","SERC","SERC_055","tower","deciduousForest",38.894328,-76.567942,"WGS84",20.2,364023.80,4306218.53,"18N",10.7,0.2,"vst_SERC_2015","NEON.DOC.000987vD",,,,,,,"10","100",800,40,400,,,"2CALKs4JNjmK3iYT4PUVEer6DObkBehF","legacyData"
"deed6850-5a5f-4685-9c44-242815d96ffa","SERC_055.basePlot.vst","2015-05-06","D02","SERC","SERC_055","tower","deciduousForest",38.894328,-76.567942,"WGS84",20.2,364023.80,4306218.53,"18N",10.7,0.2,"vst_SERC_2015","NEON.DOC.000987vD",,,,,,,"10","100",800,40,400,,"0FfNr+0lWbo+uXUYZYVhxYKNrQHHRiMH","2CALKs4JNjmK3iYT4PUVEer6DObkBehF","legacyData"
"2b2900c9-e253-45d0-a869-6fa1514ca7fd","SERC_055.basePlot.vst","2015-05-06","D02","SERC","SERC_055","tower","deciduousForest",38.894328,-76.567942,"WGS84",20.2,364023.80,4306218.53,"18N",10.7,0.2,"vst_SERC_2015","NEON.DOC.000987vD",,,,,,,"10","100",800,40,400,,,"2CALKs4JNjmK3iYT4PUVEer6DObkBehF","legacyData"
"f7526045-d5c8-412f-9724-ba517cb0dcb7","SERC_048.basePlot.vst","2015-05-06","D02","SERC","SERC_048","tower","deciduousForest",38.893180,-76.566967,"WGS84",20.2,364106.17,4306089.67,"18N",12.5,0.3,"vst_SERC_2015","NEON.DOC.000987vD",,,,,,,"10","noneSelected",800,40,800,"Check for liana recruitment",,"2CALKs4JNjmK3iYT4PUVEer6DObkBehF","legacyData"
"5698c58c-0c78-44d0-8ac1-12d13d927e21","SERC_048.basePlot.vst","2015-05-06","D02","SERC","SERC_048","tower","deciduousForest",38.893180,-76.566967,"WGS84",20.2,364106.17,4306089.67,"18N",12.5,0.3,"vst_SERC_2015","NEON.DOC.000987vD",,,,,,,"10","noneSelected",800,40,800,"Check for liana recruitment","MAihFV9ECLSNBg1HSBddqS0ZUZa4DTjtYmYfVx1TOr0=","2CALKs4JNjmK3iYT4PUVEer6DObkBehF","legacyData"
"493388b0-9897-44e8-b8f1-248561c170b8","SERC_048.basePlot.vst","2015-05-06","D02","SERC","SERC_048","tower","deciduousForest",38.893180,-76.566967,"WGS84",20.2,364106.17,4306089.67,"18N",12.5,0.3,"vst_SERC_2015","NEON.DOC.000987vD",,,,,,,"10","noneSelected",800,40,800,"Check for liana recruitment","0FfNr+0lWbo+uXUYZYVhxYKNrQHHRiMH","2CALKs4JNjmK3iYT4PUVEer6DObkBehF","legacyData"
"84a00911-949b-48de-8995-4264a686903b","SERC_060.basePlot.vst","2015-05-07","D02","SERC","SERC_060","tower","deciduousForest",38.893081,-76.564176,"WGS84",20.3,364348.04,4306074.53,"18N",7.9,0.3,"vst_SERC_2015","NEON.DOC.000987vD",,,,,,,"25","noneSelected",800,100,800,"Lianas present measure entire subplot","HwrR06bjl3TqPXYD/ecX4LA/iftMi41T","0FfNr+0lWbo+uXUYZYVhxYKNrQHHRiMH","legacyData"
"53d8c2be-3dcf-474c-8bfa-4a2296f74aca","SERC_060.basePlot.vst","2015-05-07","D02","SERC","SERC_060","tower","deciduousForest",38.893081,-76.564176,"WGS84",20.3,364348.04,4306074.53,"18N",7.9,0.3,"vst_SERC_2015","NEON.DOC.000987vD",,,,,,,"25","noneSelected",800,100,800,"Lianas present measure entire subplot",,"0FfNr+0lWbo+uXUYZYVhxYKNrQHHRiMH","legacyData"
"b69e8696-0a20-4a7d-afd4-f5abf315fafb","SERC_061.basePlot.vst","2015-05-08","D02","SERC","SERC_061","tower","deciduousForest",38.889743,-76.555114,"WGS84",20.3,365127.67,4305690.65,"18N",12.0,0.4,"vst_SERC_2015","NEON.DOC.000987vD",,,,,,,"10","noneSelected",800,40,800,"Lianas present measure entire subplot",,"MAihFV9ECLSNBg1HSBddqS0ZUZa4DTjtYmYfVx1TOr0=","legacyData"
"7523b6a2-c132-4849-824b-19f6280631a7","SERC_061.basePlot.vst","2015-05-08","D02","SERC","SERC_061","tower","deciduousForest",38.889743,-76.555114,"WGS84",20.3,365127.67,4305690.65,"18N",12.0,0.4,"vst_SERC_2015","NEON.DOC.000987vD",,,,,,,"10","noneSelected",800,40,800,"Lianas present measure entire subplot","MAihFV9ECLSNBg1HSBddqS0ZUZa4DTjtYmYfVx1TOr0=","MAihFV9ECLSNBg1HSBddqS0ZUZa4DTjtYmYfVx1TOr0=","legacyData"
"9118554c-9423-4434-864d-ec919c6e02f2","SERC_054.basePlot.vst","2015-05-08","D02","SERC","SERC_054","tower","deciduousForest",38.889274,-76.556464,"WGS84",20.2,365009.69,4305640.60,"18N",19.5,0.3,"vst_SERC_2015","NEON.DOC.000987vD",,,,,,,"noneSelected","noneSelected",800,800,800,"Lianas present measure entire subplot; entire subplot measured for ShrubSapling","2CALKs4JNjmK3iYT4PUVEer6DObkBehF","2CALKs4JNjmK3iYT4PUVEer6DObkBehF","legacyData"
"755b0070-c3f1-4e3c-9115-3c0e89609273","SERC_061.basePlot.vst","2015-05-08","D02","SERC","SERC_061","tower","deciduousForest",38.889743,-76.555114,"WGS84",20.3,365127.67,4305690.65,"18N",12.0,0.4,"vst_SERC_2015","NEON.DOC.000987vD",,,,,,,"10","noneSelected",800,40,800,"Lianas present measure entire subplot",,"MAihFV9ECLSNBg1HSBddqS0ZUZa4DTjtYmYfVx1TOr0=","legacyData"
"cf4e29f0-8a4c-4d71-b971-e8a361483f8e","SERC_061.basePlot.vst","2015-05-08","D02","SERC","SERC_061","tower","deciduousForest",38.889743,-76.555114,"WGS84",20.3,365127.67,4305690.65,"18N",12.0,0.4,"vst_SERC_2015","NEON.DOC.000987vD",,,,,,,"10","noneSelected",800,40,800,"Lianas present measure entire subplot","vG946HPdyCak4YNcquSpnhDyztG1jnbiCP4A7p87kck=","MAihFV9ECLSNBg1HSBddqS0ZUZa4DTjtYmYfVx1TOr0=","legacyData"
"9718161c-b259-4e90-8ef4-ab535b65e9c8","SERC_054.basePlot.vst","2015-05-08","D02","SERC","SERC_054","tower","deciduousForest",38.889274,-76.556464,"WGS84",20.2,365009.69,4305640.60,"18N",19.5,0.3,"vst_SERC_2015","NEON.DOC.000987vD",,,,,,,"noneSelected","noneSelected",800,800,800,"Lianas present measure entire subplot; entire subplot measured for ShrubSapling",,"2CALKs4JNjmK3iYT4PUVEer6DObkBehF","legacyData"
"4491e8bc-3fc7-4faa-886e-d428761d84d3","SERC_054.basePlot.vst","2015-05-08","D02","SERC","SERC_054","tower","deciduousForest",38.889274,-76.556464,"WGS84",20.2,365009.69,4305640.60,"18N",19.5,0.3,"vst_SERC_2015","NEON.DOC.000987vD",,,,,,,"noneSelected","noneSelected",800,800,800,"Lianas present measure entire subplot; entire subplot measured for ShrubSapling",,"2CALKs4JNjmK3iYT4PUVEer6DObkBehF","legacyData"
"e7c9da65-04f2-467a-aad9-8411255554ac","SERC_054.basePlot.vst","2015-05-08","D02","SERC","SERC_054","tower","deciduousForest",38.889274,-76.556464,"WGS84",20.2,365009.69,4305640.60,"18N",19.5,0.3,"vst_SERC_2015","NEON.DOC.000987vD",,,,,,,"noneSelected","noneSelected",800,800,800,"Lianas present measure entire subplot; entire subplot measured for ShrubSapling","MAihFV9ECLSNBg1HSBddqS0ZUZa4DTjtYmYfVx1TOr0=","2CALKs4JNjmK3iYT4PUVEer6DObkBehF","legacyData"
