uid,namedLocation,domainID,siteID,plotID,plotType,nlcdClass,decimalLatitude,decimalLongitude,geodeticDatum,coordinateUncertainty,elevation,elevationUncertainty,collectDate,eventID,sampleID,sampleCode,samplingMethod,totalSampledArea,targetTaxaPresent,adultCount,nymphCount,larvaCount,sampleCondition,samplingProtocolVersion,measuredBy,remarks
"790b8b21-12a5-4fe7-a675-7e3cf6e8d397","SJER_025.tickPlot.tck","D17","SJER","SJER_025","distributed","shrubScrub",37.128253,-119.760989,"WGS84",20.1,425.6,0.1,"2017-05-15T18:04Z","SJER.2017.21",,,"drag and flag",160,"N",0,0,0,"No known compromise","NEON.DOC.014045vH","lX3vzM5VjEiL5o0+CewjLCbxe6oT8o7B",
"d3abf5c6-f74a-4d87-a9e7-d2c6625776c8","SJER_007.tickPlot.tck","D17","SJER","SJER_007","distributed","grasslandHerbaceous",37.112815,-119.752224,"WGS84",20.1,419.1,0.1,"2017-05-15T19:17Z","SJER.2017.21",,,"drag",160,"N",0,0,0,"No known compromise","NEON.DOC.014045vH","SOXf0tqz++mupkanI90kGUnVqBnNCaxzMoVSL7Q+HuU=",
"76c19eb5-486e-4152-9a1e-7d09a2f6fa5d","SJER_009.tickPlot.tck","D17","SJER","SJER_009","distributed","grasslandHerbaceous",37.118203,-119.740038,"WGS84",20.1,460.7,0.1,"2017-05-15T20:40Z","SJER.2017.21",,,"drag",160,"N",0,0,0,"No known compromise","NEON.DOC.014045vH","lX3vzM5VjEiL5o0+CewjLCbxe6oT8o7B",
"64dbdd2a-886a-4b26-9cc0-bb9a56a7a894","SJER_001.tickPlot.tck","D17","SJER","SJER_001","distributed","grasslandHerbaceous",37.107348,-119.721732,"WGS84",20.1,415.5,0.1,"2017-05-15T21:34Z","SJER.2017.21",,,"drag and flag",160,"N",0,0,0,"No known compromise","NEON.DOC.014045vH","SOXf0tqz++mupkanI90kGUnVqBnNCaxzMoVSL7Q+HuU=",
"bd2f6f61-17c9-49cb-8c2b-73b4fd957f0b","SJER_008.tickPlot.tck","D17","SJER","SJER_008","distributed","evergreenForest",37.106830,-119.716047,"WGS84",20.1,420.6,0.1,"2017-05-15T22:17Z","SJER.2017.21",,,"drag",160,"N",0,0,0,"No known compromise","NEON.DOC.014045vH","lX3vzM5VjEiL5o0+CewjLCbxe6oT8o7B",
"994177c2-9981-47da-9948-69f05adf6ce9","SJER_002.tickPlot.tck","D17","SJER","SJER_002","distributed","grasslandHerbaceous",37.082062,-119.744707,"WGS84",20.1,327.7,0.1,"2017-05-16T17:39Z","SJER.2017.21",,,"drag",160,"N",0,0,0,"No known compromise","NEON.DOC.014045vG","SOXf0tqz++mupkanI90kGUnVqBnNCaxzMoVSL7Q+HuU=",
