uid,namedLocation,date,eventID,domainID,siteID,plotID,subplotID,individualID,tagStatus,growthForm,plantStatus,stemDiameter,measurementHeight,height,baseCrownHeight,breakHeight,breakDiameter,maxCrownDiameter,ninetyCrownDiameter,canopyPosition,shape,basalStemDiameter,basalStemDiameterMsrmntHeight,maxBaseCrownDiameter,ninetyBaseCrownDiameter,remarks,recordedBy,measuredBy,dataQF
"81ee7e2e-4d76-4d84-bd29-c17f3f1b3183","UNDE_056.basePlot.vst","2016-11-10","vst_UNDE_2016","D05","UNDE","UNDE_056",,"NEON.PLA.D05.UNDE.01838A","ok","multi-bole tree","Standing dead",5.0,130,,,,,,,,,,,,,,"hE8YqXO7sNiNpTQ8TwLBTEwXi3KL/fpp","UuiIeI4+6a4w2V3xx4xXIBtOUNDpdb+M","legacyData"
"f9714db2-960f-421d-bd83-f18a5a7d3ed4","UNDE_056.basePlot.vst","2016-11-10","vst_UNDE_2016","D05","UNDE","UNDE_056",,"NEON.PLA.D05.UNDE.01829","ok","single bole tree","Live",27.8,130,21.0,,,,,,,,,,,,,"hE8YqXO7sNiNpTQ8TwLBTEwXi3KL/fpp","UuiIeI4+6a4w2V3xx4xXIBtOUNDpdb+M","legacyData"
"146af928-4288-46d7-8855-9c8b5a7b2a04","UNDE_056.basePlot.vst","2016-11-10","vst_UNDE_2016","D05","UNDE","UNDE_056",,"NEON.PLA.D05.UNDE.01700","ok","small tree","Live",5.0,130,8.2,,,,,,,,,,,,,"hE8YqXO7sNiNpTQ8TwLBTEwXi3KL/fpp","UuiIeI4+6a4w2V3xx4xXIBtOUNDpdb+M","legacyData"
"e87e6d00-ff87-425b-a925-a140bf5bc10d","UNDE_056.basePlot.vst","2016-11-10","vst_UNDE_2016","D05","UNDE","UNDE_056",,"NEON.PLA.D05.UNDE.01697A","ok","multi-bole tree","Live",17.1,200,,,,,,,,,,,,,,"hE8YqXO7sNiNpTQ8TwLBTEwXi3KL/fpp","UuiIeI4+6a4w2V3xx4xXIBtOUNDpdb+M","legacyData"
"9810cd85-0c9d-4b3f-a324-95ebbf6b749c","UNDE_056.basePlot.vst","2016-11-10","vst_UNDE_2016","D05","UNDE","UNDE_056",,"NEON.PLA.D05.UNDE.00393","ok","small tree","Live",6.3,130,6.4,,,,,,,,,,,,,"hE8YqXO7sNiNpTQ8TwLBTEwXi3KL/fpp","UuiIeI4+6a4w2V3xx4xXIBtOUNDpdb+M","legacyData"
"2128e409-0d12-453f-a598-0ec1663b1e74","UNDE_056.basePlot.vst","2016-11-10","vst_UNDE_2016","D05","UNDE","UNDE_056",,"NEON.PLA.D05.UNDE.01827","ok","sapling","Live",,,1.5,,,,,,,,1.9,10,,,,"hE8YqXO7sNiNpTQ8TwLBTEwXi3KL/fpp","UuiIeI4+6a4w2V3xx4xXIBtOUNDpdb+M","legacyData"
"5a436810-1d74-4b74-b109-4fabfc94b701","UNDE_056.basePlot.vst","2016-11-10","vst_UNDE_2016","D05","UNDE","UNDE_056",,"NEON.PLA.D05.UNDE.03258","ok","small tree","Live",4.4,130,5.3,,,,,,,,,,,,,"hE8YqXO7sNiNpTQ8TwLBTEwXi3KL/fpp","UuiIeI4+6a4w2V3xx4xXIBtOUNDpdb+M","legacyData"
"51946a1e-9744-41bf-bd88-061f48149237","UNDE_056.basePlot.vst","2016-11-10","vst_UNDE_2016","D05","UNDE","UNDE_056",,"NEON.PLA.D05.UNDE.03148","ok","sapling","Live",,,1.4,,,,,,,,2.2,10,,,,"hE8YqXO7sNiNpTQ8TwLBTEwXi3KL/fpp","UuiIeI4+6a4w2V3xx4xXIBtOUNDpdb+M","legacyData"
"945804c4-66ce-40d3-acc4-69e52a156081","UNDE_056.basePlot.vst","2016-11-10","vst_UNDE_2016","D05","UNDE","UNDE_056",,"NEON.PLA.D05.UNDE.09101","ok","small shrub","Live",,,0.6,0.3,,,0.5,0.5,,"ellipsoid or sphere",1.1,10,,,,"hE8YqXO7sNiNpTQ8TwLBTEwXi3KL/fpp","UuiIeI4+6a4w2V3xx4xXIBtOUNDpdb+M","legacyData"
"1a9855b2-52f7-4a31-85f6-f7dff2830172","UNDE_056.basePlot.vst","2016-11-10","vst_UNDE_2016","D05","UNDE","UNDE_056",,"NEON.PLA.D05.UNDE.00324","ok","small tree","Live",1.9,130,3.8,,,,,,,,,,,,,"hE8YqXO7sNiNpTQ8TwLBTEwXi3KL/fpp","UuiIeI4+6a4w2V3xx4xXIBtOUNDpdb+M","legacyData"
"10da30b9-6193-4d8b-82af-773207f17c22","UNDE_056.basePlot.vst","2016-11-10","vst_UNDE_2016","D05","UNDE","UNDE_056",,"NEON.PLA.D05.UNDE.04488","ok","single bole tree","Live",17.5,130,15.6,,,,,,,,,,,,,"hE8YqXO7sNiNpTQ8TwLBTEwXi3KL/fpp","UuiIeI4+6a4w2V3xx4xXIBtOUNDpdb+M","legacyData"
"b36a3b17-133c-4c0c-b6d5-9ec9ca95affa","UNDE_056.basePlot.vst","2016-11-10","vst_UNDE_2016","D05","UNDE","UNDE_056",,"NEON.PLA.D05.UNDE.09194","ok","small shrub","Live",,,1.4,,,,0.8,0.5,,,1.1,10,,,,"hE8YqXO7sNiNpTQ8TwLBTEwXi3KL/fpp","UuiIeI4+6a4w2V3xx4xXIBtOUNDpdb+M","legacyData"
"6e6a1586-d0c2-49d9-bfda-98bb32cc2031","UNDE_056.basePlot.vst","2016-11-10","vst_UNDE_2016","D05","UNDE","UNDE_056",,"NEON.PLA.D05.UNDE.01966","ok","single bole tree","Live",13.6,130,15.0,,,,,,,,,,,,,"hE8YqXO7sNiNpTQ8TwLBTEwXi3KL/fpp","UuiIeI4+6a4w2V3xx4xXIBtOUNDpdb+M","legacyData"
"489eb69f-f40e-4ffe-819a-849d2a95abba","UNDE_056.basePlot.vst","2016-11-10","vst_UNDE_2016","D05","UNDE","UNDE_056",,"NEON.PLA.D05.UNDE.03228","ok","single bole tree","Live",15.9,130,18.0,,,,,,,,,,,,,"hE8YqXO7sNiNpTQ8TwLBTEwXi3KL/fpp","UuiIeI4+6a4w2V3xx4xXIBtOUNDpdb+M","legacyData"
"9f427b3f-6905-450f-bae4-e6156152d72f","UNDE_056.basePlot.vst","2016-11-10","vst_UNDE_2016","D05","UNDE","UNDE_056",,"NEON.PLA.D05.UNDE.03418C","ok","multi-bole tree","Live",11.8,130,,,,,,,,,,,,,,"hE8YqXO7sNiNpTQ8TwLBTEwXi3KL/fpp","UuiIeI4+6a4w2V3xx4xXIBtOUNDpdb+M","legacyData"
"3143851b-0d54-4f3f-a220-e7b68c9f7dce","UNDE_056.basePlot.vst","2016-11-10","vst_UNDE_2016","D05","UNDE","UNDE_056",,"NEON.PLA.D05.UNDE.04480","ok","single bole tree","Live",30.1,130,18.6,,,,,,,,,,,,,"hE8YqXO7sNiNpTQ8TwLBTEwXi3KL/fpp","UuiIeI4+6a4w2V3xx4xXIBtOUNDpdb+M","legacyData"
"65e5effa-0514-4c11-9fc5-8473b65d7b0e","UNDE_056.basePlot.vst","2016-11-10","vst_UNDE_2016","D05","UNDE","UNDE_056",,"NEON.PLA.D05.UNDE.02313","ok","single bole tree","Live",31.6,130,21.2,,,,,,,,,,,,,"hE8YqXO7sNiNpTQ8TwLBTEwXi3KL/fpp","UuiIeI4+6a4w2V3xx4xXIBtOUNDpdb+M","legacyData"
"705966d1-fed6-4046-adc0-a7d1d7148e06","UNDE_056.basePlot.vst","2016-11-10","vst_UNDE_2016","D05","UNDE","UNDE_056",,"NEON.PLA.D05.UNDE.00265A","ok","multi-bole tree","Standing dead",6.8,130,,,,,,,,,,,,,,"hE8YqXO7sNiNpTQ8TwLBTEwXi3KL/fpp","UuiIeI4+6a4w2V3xx4xXIBtOUNDpdb+M","legacyData"
"dd9d18f0-c568-4d89-b199-00899c31b1b2","UNDE_056.basePlot.vst","2016-11-10","vst_UNDE_2016","D05","UNDE","UNDE_056",,"NEON.PLA.D05.UNDE.03023","ok","single bole tree","Dead, broken bole",11.8,130,1.9,,1.9,11.1,,,,,,,,,,"hE8YqXO7sNiNpTQ8TwLBTEwXi3KL/fpp","UuiIeI4+6a4w2V3xx4xXIBtOUNDpdb+M","legacyData"
"66d49da6-7350-4a39-aa8d-eafd5d7118a6","UNDE_056.basePlot.vst","2016-11-10","vst_UNDE_2016","D05","UNDE","UNDE_056",,"NEON.PLA.D05.UNDE.02327","ok","small tree","Live",6.4,130,10.1,,,,,,,,,,,,,"hE8YqXO7sNiNpTQ8TwLBTEwXi3KL/fpp","UuiIeI4+6a4w2V3xx4xXIBtOUNDpdb+M","legacyData"
"01e65cb9-345e-45a8-920d-47d7442f8923","UNDE_056.basePlot.vst","2016-11-10","vst_UNDE_2016","D05","UNDE","UNDE_056",,"NEON.PLA.D05.UNDE.03129","ok","sapling","Live",,,0.6,,,,,,,,1.2,10,,,,"hE8YqXO7sNiNpTQ8TwLBTEwXi3KL/fpp","UuiIeI4+6a4w2V3xx4xXIBtOUNDpdb+M","legacyData"
"f84e9c56-6180-438e-b62d-85651ab9e3f2","UNDE_056.basePlot.vst","2016-11-10","vst_UNDE_2016","D05","UNDE","UNDE_056",,"NEON.PLA.D05.UNDE.00265","ok","multi-bole tree","Live",16.1,130,16.5,,,,,,,,,,,,,"hE8YqXO7sNiNpTQ8TwLBTEwXi3KL/fpp","UuiIeI4+6a4w2V3xx4xXIBtOUNDpdb+M","legacyData"
"005dd6b2-3b6d-48b6-a4f4-90a4f507e79d","UNDE_056.basePlot.vst","2016-11-10","vst_UNDE_2016","D05","UNDE","UNDE_056",,"NEON.PLA.D05.UNDE.01454","ok","single bole tree","Live",11.2,130,13.0,,,,,,,,,,,,,"hE8YqXO7sNiNpTQ8TwLBTEwXi3KL/fpp","UuiIeI4+6a4w2V3xx4xXIBtOUNDpdb+M","legacyData"
"6715c130-4d95-48e4-94c6-2ec7a336d91f","UNDE_056.basePlot.vst","2016-11-10","vst_UNDE_2016","D05","UNDE","UNDE_056",,"NEON.PLA.D05.UNDE.04489","ok","single bole tree","Dead, broken bole",16.9,130,6.2,,6.2,13.0,,,,,,,,,,"hE8YqXO7sNiNpTQ8TwLBTEwXi3KL/fpp","UuiIeI4+6a4w2V3xx4xXIBtOUNDpdb+M","legacyData"
"75a4501a-dc77-484b-9e67-b7854c58a966","UNDE_056.basePlot.vst","2016-11-10","vst_UNDE_2016","D05","UNDE","UNDE_056",,"NEON.PLA.D05.UNDE.03064","ok","single bole tree","Standing dead",38.1,130,17.9,,,,,,,,,,,,,"hE8YqXO7sNiNpTQ8TwLBTEwXi3KL/fpp","UuiIeI4+6a4w2V3xx4xXIBtOUNDpdb+M","legacyData"
"96c3b73f-8abf-4f7a-8adc-9e0f0daf9e89","UNDE_056.basePlot.vst","2016-11-10","vst_UNDE_2016","D05","UNDE","UNDE_056",,"NEON.PLA.D05.UNDE.02372","ok","small tree","Live",2.9,130,5.6,,,,,,,,,,,,,"hE8YqXO7sNiNpTQ8TwLBTEwXi3KL/fpp","UuiIeI4+6a4w2V3xx4xXIBtOUNDpdb+M","legacyData"
"b4507d32-45b0-4925-b022-bfe4405d4ef1","UNDE_056.basePlot.vst","2016-11-10","vst_UNDE_2016","D05","UNDE","UNDE_056",,"NEON.PLA.D05.UNDE.09195","ok","sapling","Live",,,2.6,,,,,,,,1.2,10,,,,"hE8YqXO7sNiNpTQ8TwLBTEwXi3KL/fpp","UuiIeI4+6a4w2V3xx4xXIBtOUNDpdb+M","legacyData"
"ac4e62d3-e740-4822-ac7b-cebc0ca7d618","UNDE_056.basePlot.vst","2016-11-10","vst_UNDE_2016","D05","UNDE","UNDE_056",,"NEON.PLA.D05.UNDE.00200","ok","single bole tree","Live",11.4,130,14.3,,,,,,,,,,,,,"hE8YqXO7sNiNpTQ8TwLBTEwXi3KL/fpp","UuiIeI4+6a4w2V3xx4xXIBtOUNDpdb+M","legacyData"
"4cc5dc83-2e08-4fd8-81b2-2e1802e2993c","UNDE_056.basePlot.vst","2016-11-10","vst_UNDE_2016","D05","UNDE","UNDE_056",,"NEON.PLA.D05.UNDE.09197","ok","sapling","Live",,,0.5,,,,,,,,1.2,10,,,,"hE8YqXO7sNiNpTQ8TwLBTEwXi3KL/fpp","UuiIeI4+6a4w2V3xx4xXIBtOUNDpdb+M","legacyData"
"f9915383-ffc4-4778-9224-6329f6358512","UNDE_056.basePlot.vst","2016-11-10","vst_UNDE_2016","D05","UNDE","UNDE_056",,"NEON.PLA.D05.UNDE.04457","ok","single bole tree","Live,  other damage",11.3,130,14.6,,,,,,,,,,,,,"hE8YqXO7sNiNpTQ8TwLBTEwXi3KL/fpp","UuiIeI4+6a4w2V3xx4xXIBtOUNDpdb+M","legacyData"
"ffe25754-7149-4f1e-84c1-968d032de526","UNDE_056.basePlot.vst","2016-11-10","vst_UNDE_2016","D05","UNDE","UNDE_056",,"NEON.PLA.D05.UNDE.03535","ok","small shrub","Live",,,1.5,,,,1.6,1.5,,,1.2,10,,,,"hE8YqXO7sNiNpTQ8TwLBTEwXi3KL/fpp","UuiIeI4+6a4w2V3xx4xXIBtOUNDpdb+M","legacyData"
"1c721168-ccb0-48e4-806f-91e2f49ab33f","UNDE_056.basePlot.vst","2016-11-10","vst_UNDE_2016","D05","UNDE","UNDE_056",,"NEON.PLA.D05.UNDE.03118","ok","single bole tree","Live",19.7,130,18.6,,,,,,,,,,,,,"hE8YqXO7sNiNpTQ8TwLBTEwXi3KL/fpp","UuiIeI4+6a4w2V3xx4xXIBtOUNDpdb+M","legacyData"
"8a1a42c2-7c2a-47f1-b585-19ac26db3fca","UNDE_056.basePlot.vst","2016-11-10","vst_UNDE_2016","D05","UNDE","UNDE_056",,"NEON.PLA.D05.UNDE.03058","ok","single bole tree","Live",13.3,130,17.8,,,,,,,,,,,,,"hE8YqXO7sNiNpTQ8TwLBTEwXi3KL/fpp","UuiIeI4+6a4w2V3xx4xXIBtOUNDpdb+M","legacyData"
"f9fb2694-43ad-41a2-b0e2-ac88af1a4f36","UNDE_056.basePlot.vst","2016-11-10","vst_UNDE_2016","D05","UNDE","UNDE_056",,"NEON.PLA.D05.UNDE.01626","ok","single bole tree","Live",14.1,130,13.5,,,,,,,,,,,,,"hE8YqXO7sNiNpTQ8TwLBTEwXi3KL/fpp","UuiIeI4+6a4w2V3xx4xXIBtOUNDpdb+M","legacyData"
"84983753-3246-44b4-a166-404c91542c21","UNDE_056.basePlot.vst","2016-11-10","vst_UNDE_2016","D05","UNDE","UNDE_056",,"NEON.PLA.D05.UNDE.03176","ok","single bole tree","Live,  other damage",41.9,130,21.2,,,,,,,,,,,,,"hE8YqXO7sNiNpTQ8TwLBTEwXi3KL/fpp","UuiIeI4+6a4w2V3xx4xXIBtOUNDpdb+M","legacyData"
"2051f214-83b5-4e4f-904f-8fe1186a972e","UNDE_056.basePlot.vst","2016-11-10","vst_UNDE_2016","D05","UNDE","UNDE_056",,"NEON.PLA.D05.UNDE.01499","ok","small tree","Live",1.5,130,3.7,,,,,,,,,,,,,"hE8YqXO7sNiNpTQ8TwLBTEwXi3KL/fpp","UuiIeI4+6a4w2V3xx4xXIBtOUNDpdb+M","legacyData"
"d16c1576-6c9a-4836-9963-27f68ed457f6","UNDE_056.basePlot.vst","2016-11-10","vst_UNDE_2016","D05","UNDE","UNDE_056",,"NEON.PLA.D05.UNDE.03418A","ok","multi-bole tree","Live",30.5,130,,,,,,,,,,,,,,"hE8YqXO7sNiNpTQ8TwLBTEwXi3KL/fpp","UuiIeI4+6a4w2V3xx4xXIBtOUNDpdb+M","legacyData"
"5f24a400-d943-4e07-85e7-59302a9208df","UNDE_056.basePlot.vst","2016-11-10","vst_UNDE_2016","D05","UNDE","UNDE_056",,"NEON.PLA.D05.UNDE.03410","ok","sapling","Live",,,1.1,,,,,,,,1.6,10,,,,"hE8YqXO7sNiNpTQ8TwLBTEwXi3KL/fpp","UuiIeI4+6a4w2V3xx4xXIBtOUNDpdb+M","legacyData"
"699fbea9-ed20-4a28-ae95-833061dc1f69","UNDE_056.basePlot.vst","2016-11-10","vst_UNDE_2016","D05","UNDE","UNDE_056",,"NEON.PLA.D05.UNDE.03133","ok","single bole tree","Live,  other damage",13.6,130,14.8,,,,,,,,,,,,,"hE8YqXO7sNiNpTQ8TwLBTEwXi3KL/fpp","UuiIeI4+6a4w2V3xx4xXIBtOUNDpdb+M","legacyData"
"52751717-be4a-4abd-8de3-18c9253d24ab","UNDE_056.basePlot.vst","2016-11-10","vst_UNDE_2016","D05","UNDE","UNDE_056",,"NEON.PLA.D05.UNDE.04478","ok","sapling","Live",,,0.8,,,,,,,,1.1,10,,,,"hE8YqXO7sNiNpTQ8TwLBTEwXi3KL/fpp","UuiIeI4+6a4w2V3xx4xXIBtOUNDpdb+M","legacyData"
"1a1f69d9-1b4d-47c8-a8ff-6a406d4cd3e2","UNDE_056.basePlot.vst","2016-11-10","vst_UNDE_2016","D05","UNDE","UNDE_056",,"NEON.PLA.D05.UNDE.01165","ok","single bole tree","Live",16.5,130,18.9,,,,,,,,,,,,,"hE8YqXO7sNiNpTQ8TwLBTEwXi3KL/fpp","UuiIeI4+6a4w2V3xx4xXIBtOUNDpdb+M","legacyData"
"51f68ebd-6cd8-4160-aca0-53f37ce7a7fb","UNDE_056.basePlot.vst","2016-11-10","vst_UNDE_2016","D05","UNDE","UNDE_056",,"NEON.PLA.D05.UNDE.04470","ok","single bole tree","Live",31.0,130,23.4,,,,,,,,,,,,,"hE8YqXO7sNiNpTQ8TwLBTEwXi3KL/fpp","UuiIeI4+6a4w2V3xx4xXIBtOUNDpdb+M","legacyData"
"692562a9-dde0-40de-a35f-0035ee2e4624","UNDE_056.basePlot.vst","2016-11-10","vst_UNDE_2016","D05","UNDE","UNDE_056",,"NEON.PLA.D05.UNDE.01698","ok","sapling","Live",,,1.0,,,,,,,,2.3,10,,,,"hE8YqXO7sNiNpTQ8TwLBTEwXi3KL/fpp","UuiIeI4+6a4w2V3xx4xXIBtOUNDpdb+M","legacyData"
"c533f827-8ec5-430d-b6fa-af6c58bc5e56","UNDE_056.basePlot.vst","2016-11-10","vst_UNDE_2016","D05","UNDE","UNDE_056",,"NEON.PLA.D05.UNDE.03260","ok","single bole tree","Live",14.1,130,12.0,,,,,,,,,,,,,"hE8YqXO7sNiNpTQ8TwLBTEwXi3KL/fpp","UuiIeI4+6a4w2V3xx4xXIBtOUNDpdb+M","legacyData"
"feecabec-5d52-4e1b-abee-77cde521e33c","UNDE_056.basePlot.vst","2016-11-10","vst_UNDE_2016","D05","UNDE","UNDE_056",,"NEON.PLA.D05.UNDE.01110","ok","single bole tree","Live",16.9,130,17.4,,,,,,,,,,,,,"hE8YqXO7sNiNpTQ8TwLBTEwXi3KL/fpp","UuiIeI4+6a4w2V3xx4xXIBtOUNDpdb+M","legacyData"
"663b0b41-8e1f-4bfa-90c7-a3d36f9c5686","UNDE_056.basePlot.vst","2016-11-10","vst_UNDE_2016","D05","UNDE","UNDE_056",,"NEON.PLA.D05.UNDE.03282","ok","sapling","Live",,,0.6,,,,,,,,1.1,10,,,,"hE8YqXO7sNiNpTQ8TwLBTEwXi3KL/fpp","UuiIeI4+6a4w2V3xx4xXIBtOUNDpdb+M","legacyData"
"aeae41b7-bd39-42f6-a3c4-fb8a2aa2a294","UNDE_056.basePlot.vst","2016-11-10","vst_UNDE_2016","D05","UNDE","UNDE_056",,"NEON.PLA.D05.UNDE.09198","ok","small shrub","Live",,,0.7,-1.6,,,0.5,0.3,,"ellipsoid or sphere",1.0,10,,,,"hE8YqXO7sNiNpTQ8TwLBTEwXi3KL/fpp","UuiIeI4+6a4w2V3xx4xXIBtOUNDpdb+M","legacyData"
"6edab444-166b-4e09-b9e5-983355ccb32d","UNDE_056.basePlot.vst","2016-11-10","vst_UNDE_2016","D05","UNDE","UNDE_056",,"NEON.PLA.D05.UNDE.00337","ok","single bole tree","Live",11.7,130,15.5,,,,,,,,,,,,,"hE8YqXO7sNiNpTQ8TwLBTEwXi3KL/fpp","UuiIeI4+6a4w2V3xx4xXIBtOUNDpdb+M","legacyData"
"727a6898-9e82-4344-ab2f-06b423e95289","UNDE_056.basePlot.vst","2016-11-10","vst_UNDE_2016","D05","UNDE","UNDE_056",,"NEON.PLA.D05.UNDE.03418B","ok","multi-bole tree","Live",12.0,130,,,,,,,,,,,,,,"hE8YqXO7sNiNpTQ8TwLBTEwXi3KL/fpp","UuiIeI4+6a4w2V3xx4xXIBtOUNDpdb+M","legacyData"
"0c5fa787-1828-4a46-a6e7-0345c56a9f7a","UNDE_056.basePlot.vst","2016-11-10","vst_UNDE_2016","D05","UNDE","UNDE_056",,"NEON.PLA.D05.UNDE.04456","ok","single bole tree","Live",32.7,130,21.8,,,,,,,,,,,,,"hE8YqXO7sNiNpTQ8TwLBTEwXi3KL/fpp","UuiIeI4+6a4w2V3xx4xXIBtOUNDpdb+M","legacyData"
"27402cd0-a228-4cb1-9536-bbe641f0c505","UNDE_056.basePlot.vst","2016-11-10","vst_UNDE_2016","D05","UNDE","UNDE_056",,"NEON.PLA.D05.UNDE.02317","ok","single bole tree","Live",17.2,130,12.5,,,,,,,,,,,,,"hE8YqXO7sNiNpTQ8TwLBTEwXi3KL/fpp","UuiIeI4+6a4w2V3xx4xXIBtOUNDpdb+M","legacyData"
"e9f3adf0-a657-4f2e-a53a-fb0b549a1671","UNDE_056.basePlot.vst","2016-11-10","vst_UNDE_2016","D05","UNDE","UNDE_056",,"NEON.PLA.D05.UNDE.01671","ok","single bole tree","Standing dead",28.7,130,12.2,,,,,,,,,,,,,"hE8YqXO7sNiNpTQ8TwLBTEwXi3KL/fpp","UuiIeI4+6a4w2V3xx4xXIBtOUNDpdb+M","legacyData"
"c80e46f8-4ba1-4b43-b84f-7cc3fcc1ebad","UNDE_056.basePlot.vst","2016-11-10","vst_UNDE_2016","D05","UNDE","UNDE_056",,"NEON.PLA.D05.UNDE.01844","ok","single bole tree","Standing dead",18.0,130,13.8,,,,,,,,,,,,,"hE8YqXO7sNiNpTQ8TwLBTEwXi3KL/fpp","UuiIeI4+6a4w2V3xx4xXIBtOUNDpdb+M","legacyData"
"06fe59ac-1b11-45a6-805b-a4e6e32af1b7","UNDE_056.basePlot.vst","2016-11-10","vst_UNDE_2016","D05","UNDE","UNDE_056",,"NEON.PLA.D05.UNDE.01605","ok","single bole tree","Live",19.2,130,20.1,,,,,,,,,,,,,"hE8YqXO7sNiNpTQ8TwLBTEwXi3KL/fpp","UuiIeI4+6a4w2V3xx4xXIBtOUNDpdb+M","legacyData"
"7e7e554c-2fe4-45a9-97e7-59fce60911a0","UNDE_056.basePlot.vst","2016-11-10","vst_UNDE_2016","D05","UNDE","UNDE_056",,"NEON.PLA.D05.UNDE.01838","ok","multi-bole tree","Live",13.3,130,14.2,,,,,,,,,,,,,"hE8YqXO7sNiNpTQ8TwLBTEwXi3KL/fpp","UuiIeI4+6a4w2V3xx4xXIBtOUNDpdb+M","legacyData"
"a8fbafdc-2d69-46d0-b39e-107838e9685d","UNDE_056.basePlot.vst","2016-11-10","vst_UNDE_2016","D05","UNDE","UNDE_056",,"NEON.PLA.D05.UNDE.03251","ok","small shrub","Live",,,1.0,,,,1.1,1.0,,,1.2,10,,,,"hE8YqXO7sNiNpTQ8TwLBTEwXi3KL/fpp","UuiIeI4+6a4w2V3xx4xXIBtOUNDpdb+M","legacyData"
"3947689b-4cf5-41a5-9bce-eddc4a15b741","UNDE_056.basePlot.vst","2016-11-10","vst_UNDE_2016","D05","UNDE","UNDE_056",,"NEON.PLA.D05.UNDE.02373","ok","single bole tree","Live",24.2,130,20.5,,,,,,,,,,,,,"hE8YqXO7sNiNpTQ8TwLBTEwXi3KL/fpp","UuiIeI4+6a4w2V3xx4xXIBtOUNDpdb+M","legacyData"
"edefb1fd-4f1c-459f-8cd4-a22828ae37fc","UNDE_056.basePlot.vst","2016-11-10","vst_UNDE_2016","D05","UNDE","UNDE_056",,"NEON.PLA.D05.UNDE.01869","ok","single bole tree","Live",19.5,130,18.0,,,,,,,,,,,,,"hE8YqXO7sNiNpTQ8TwLBTEwXi3KL/fpp","UuiIeI4+6a4w2V3xx4xXIBtOUNDpdb+M","legacyData"
"b32becbe-4f5b-4822-80ca-90148931f89c","UNDE_056.basePlot.vst","2016-11-10","vst_UNDE_2016","D05","UNDE","UNDE_056",,"NEON.PLA.D05.UNDE.03406","ok","single bole tree","Live",11.1,130,13.6,,,,,,,,,,,,,"hE8YqXO7sNiNpTQ8TwLBTEwXi3KL/fpp","UuiIeI4+6a4w2V3xx4xXIBtOUNDpdb+M","legacyData"
"334583ba-6196-413c-a65e-36b715bb18bb","UNDE_056.basePlot.vst","2016-11-10","vst_UNDE_2016","D05","UNDE","UNDE_056",,"NEON.PLA.D05.UNDE.00392","ok","single bole tree","Live",11.7,130,11.6,,,,,,,,,,,,,"hE8YqXO7sNiNpTQ8TwLBTEwXi3KL/fpp","UuiIeI4+6a4w2V3xx4xXIBtOUNDpdb+M","legacyData"
"80fd1c96-c62c-44d5-b94a-2b466368f2ee","UNDE_056.basePlot.vst","2016-11-10","vst_UNDE_2016","D05","UNDE","UNDE_056",,"NEON.PLA.D05.UNDE.01697","ok","multi-bole tree","Live",32.5,200,17.5,,,,,,,,,,,,,"hE8YqXO7sNiNpTQ8TwLBTEwXi3KL/fpp","UuiIeI4+6a4w2V3xx4xXIBtOUNDpdb+M","legacyData"
"3108e028-374d-45d8-b808-0acf23e4d6cf","UNDE_056.basePlot.vst","2016-11-10","vst_UNDE_2016","D05","UNDE","UNDE_056",,"NEON.PLA.D05.UNDE.00606","ok","single bole tree","Live",10.2,130,12.9,,,,,,,,,,,,,"hE8YqXO7sNiNpTQ8TwLBTEwXi3KL/fpp","UuiIeI4+6a4w2V3xx4xXIBtOUNDpdb+M","legacyData"
"f73d69a5-6496-4c7d-8b91-4da764e0af55","UNDE_056.basePlot.vst","2016-11-10","vst_UNDE_2016","D05","UNDE","UNDE_056",,"NEON.PLA.D05.UNDE.09193","ok","sapling","Live",,,0.7,,,,,,,,1.0,10,,,,"hE8YqXO7sNiNpTQ8TwLBTEwXi3KL/fpp","UuiIeI4+6a4w2V3xx4xXIBtOUNDpdb+M","legacyData"
"51e491aa-a278-4b96-a3f0-deb655ec9f22","UNDE_056.basePlot.vst","2016-11-10","vst_UNDE_2016","D05","UNDE","UNDE_056",,"NEON.PLA.D05.UNDE.09191","ok","sapling","Live",,,0.7,,,,,,,,1.1,10,,,,"hE8YqXO7sNiNpTQ8TwLBTEwXi3KL/fpp","UuiIeI4+6a4w2V3xx4xXIBtOUNDpdb+M","legacyData"
"4b77bec6-62d7-4310-8dff-c6c46ecea265","UNDE_056.basePlot.vst","2016-11-10","vst_UNDE_2016","D05","UNDE","UNDE_056",,"NEON.PLA.D05.UNDE.03252","ok","single bole tree","Live",13.5,130,14.5,,,,,,,,,,,,,"hE8YqXO7sNiNpTQ8TwLBTEwXi3KL/fpp","UuiIeI4+6a4w2V3xx4xXIBtOUNDpdb+M","legacyData"
"0e00a42d-f393-4767-9241-430918980688","UNDE_056.basePlot.vst","2016-11-10","vst_UNDE_2016","D05","UNDE","UNDE_056",,"NEON.PLA.D05.UNDE.03264","ok","single bole tree","Live",12.9,130,13.2,,,,,,,,,,,,,"hE8YqXO7sNiNpTQ8TwLBTEwXi3KL/fpp","UuiIeI4+6a4w2V3xx4xXIBtOUNDpdb+M","legacyData"
"58f80e5a-5de3-40cf-a388-a4983e18e3ba","UNDE_056.basePlot.vst","2016-11-10","vst_UNDE_2016","D05","UNDE","UNDE_056",,"NEON.PLA.D05.UNDE.03059","ok","single bole tree","Live",14.0,130,15.1,,,,,,,,,,,,,"hE8YqXO7sNiNpTQ8TwLBTEwXi3KL/fpp","UuiIeI4+6a4w2V3xx4xXIBtOUNDpdb+M","legacyData"
"4fb0d832-c6d6-4ee8-b1a6-ac4b8a3b9b6f","UNDE_056.basePlot.vst","2016-11-10","vst_UNDE_2016","D05","UNDE","UNDE_056",,"NEON.PLA.D05.UNDE.03535","ok","small shrub","Live",,,1.5,,,,1.6,1.5,,,1.1,10,,,,"hE8YqXO7sNiNpTQ8TwLBTEwXi3KL/fpp","UuiIeI4+6a4w2V3xx4xXIBtOUNDpdb+M","legacyData"
"74e9c49d-b710-4815-9edf-705ec4e4a07a","UNDE_056.basePlot.vst","2016-11-10","vst_UNDE_2016","D05","UNDE","UNDE_056",,"NEON.PLA.D05.UNDE.02077","ok","small shrub","Live",,,1.8,,,,1.6,1.4,,,1.6,10,,,,"hE8YqXO7sNiNpTQ8TwLBTEwXi3KL/fpp","UuiIeI4+6a4w2V3xx4xXIBtOUNDpdb+M","legacyData"
"fbaf7457-5286-4e2e-a78c-ddf93bb6f289","UNDE_056.basePlot.vst","2016-11-10","vst_UNDE_2016","D05","UNDE","UNDE_056",,"NEON.PLA.D05.UNDE.03056","ok","single bole tree","Live",13.3,130,14.2,,,,,,,,,,,,,"hE8YqXO7sNiNpTQ8TwLBTEwXi3KL/fpp","UuiIeI4+6a4w2V3xx4xXIBtOUNDpdb+M","legacyData"
"37a969e5-7495-4d0e-a836-accf6bf47e2e","UNDE_056.basePlot.vst","2016-11-10","vst_UNDE_2016","D05","UNDE","UNDE_056",,"NEON.PLA.D05.UNDE.01610","ok","single bole tree","Live",11.9,130,13.7,,,,,,,,,,,,,"hE8YqXO7sNiNpTQ8TwLBTEwXi3KL/fpp","UuiIeI4+6a4w2V3xx4xXIBtOUNDpdb+M","legacyData"
"1a0c5605-311b-435b-8021-05e28db32ca9","UNDE_056.basePlot.vst","2016-11-10","vst_UNDE_2016","D05","UNDE","UNDE_056",,"NEON.PLA.D05.UNDE.03158","ok","single bole tree","Dead, broken bole",12.8,135,2.6,,2.6,,,,,,,,,,,"hE8YqXO7sNiNpTQ8TwLBTEwXi3KL/fpp","UuiIeI4+6a4w2V3xx4xXIBtOUNDpdb+M","legacyData"
"ade040c0-6757-43b5-8dcd-e418a8daaf5c","UNDE_056.basePlot.vst","2016-11-10","vst_UNDE_2016","D05","UNDE","UNDE_056",,"NEON.PLA.D05.UNDE.03237","ok","sapling","Live",,,1.4,,,,,,,,1.9,10,0.80,0.50,,"hE8YqXO7sNiNpTQ8TwLBTEwXi3KL/fpp","UuiIeI4+6a4w2V3xx4xXIBtOUNDpdb+M","legacyData"
"ef7d0fdf-6051-4d15-9e51-2589a8749812","UNDE_056.basePlot.vst","2016-11-10","vst_UNDE_2016","D05","UNDE","UNDE_056",,"NEON.PLA.D05.UNDE.01611","ok","single bole tree","Live",20.3,130,13.8,,,,,,,,,,,,,"hE8YqXO7sNiNpTQ8TwLBTEwXi3KL/fpp","UuiIeI4+6a4w2V3xx4xXIBtOUNDpdb+M","legacyData"
"f801e3d2-48a1-47f0-b003-27a3a940cbc7","UNDE_056.basePlot.vst","2016-11-10","vst_UNDE_2016","D05","UNDE","UNDE_056",,"NEON.PLA.D05.UNDE.03036","ok","sapling","Live",,,0.9,,,,,,,,1.7,10,,,,"hE8YqXO7sNiNpTQ8TwLBTEwXi3KL/fpp","UuiIeI4+6a4w2V3xx4xXIBtOUNDpdb+M","legacyData"
"94929106-5cda-4682-89e0-06133963f6dd","UNDE_056.basePlot.vst","2016-11-10","vst_UNDE_2016","D05","UNDE","UNDE_056",,"NEON.PLA.D05.UNDE.00358","ok","single bole tree","Live",25.2,130,19.5,,,,,,,,,,,,,"hE8YqXO7sNiNpTQ8TwLBTEwXi3KL/fpp","UuiIeI4+6a4w2V3xx4xXIBtOUNDpdb+M","legacyData"
"c391525c-fbe8-4f44-acac-84876771f948","UNDE_056.basePlot.vst","2016-11-10","vst_UNDE_2016","D05","UNDE","UNDE_056",,"NEON.PLA.D05.UNDE.00377","ok","single bole tree","Live",10.8,130,14.5,,,,,,,,,,,,,"hE8YqXO7sNiNpTQ8TwLBTEwXi3KL/fpp","UuiIeI4+6a4w2V3xx4xXIBtOUNDpdb+M","legacyData"
"45fe424f-bdb3-4f7f-a156-d5d8f1454a9d","UNDE_056.basePlot.vst","2016-11-10","vst_UNDE_2016","D05","UNDE","UNDE_056",,"NEON.PLA.D05.UNDE.09192","ok","sapling","Live",,,0.7,,,,,,,,1.1,10,,,,"hE8YqXO7sNiNpTQ8TwLBTEwXi3KL/fpp","UuiIeI4+6a4w2V3xx4xXIBtOUNDpdb+M","legacyData"
"dbd6d9f6-f0b9-4edf-900d-df4fe8f19294","UNDE_056.basePlot.vst","2016-11-10","vst_UNDE_2016","D05","UNDE","UNDE_056",,"NEON.PLA.D05.UNDE.01495","ok","single bole tree","Live",18.0,130,14.9,,,,,,,,,,,,,"hE8YqXO7sNiNpTQ8TwLBTEwXi3KL/fpp","UuiIeI4+6a4w2V3xx4xXIBtOUNDpdb+M","legacyData"
"fa21891b-f647-40e7-b5ce-5e05120b94b8","UNDE_056.basePlot.vst","2016-11-10","vst_UNDE_2016","D05","UNDE","UNDE_056",,"NEON.PLA.D05.UNDE.00341","ok","single bole tree","Live",32.0,130,20.8,,,,,,,,,,,,,"hE8YqXO7sNiNpTQ8TwLBTEwXi3KL/fpp","UuiIeI4+6a4w2V3xx4xXIBtOUNDpdb+M","legacyData"
"a421dddc-255f-4aaf-9dd3-679183a400f1","UNDE_056.basePlot.vst","2016-11-10","vst_UNDE_2016","D05","UNDE","UNDE_056",,"NEON.PLA.D05.UNDE.09103","ok","small tree","Live",8.8,130,11.9,,,,,,,,,,,,,"hE8YqXO7sNiNpTQ8TwLBTEwXi3KL/fpp","UuiIeI4+6a4w2V3xx4xXIBtOUNDpdb+M","legacyData"
"862cb6d0-ec24-4ab3-9509-44ed462a2c3f","UNDE_056.basePlot.vst","2016-11-10","vst_UNDE_2016","D05","UNDE","UNDE_056",,"NEON.PLA.D05.UNDE.01615","ok","single bole tree","Live",14.0,130,14.7,,,,,,,,,,,,,"hE8YqXO7sNiNpTQ8TwLBTEwXi3KL/fpp","UuiIeI4+6a4w2V3xx4xXIBtOUNDpdb+M","legacyData"
"8aa34ef6-f96a-49fa-ade7-b5944a0f96f4","UNDE_056.basePlot.vst","2016-11-10","vst_UNDE_2016","D05","UNDE","UNDE_056",,"NEON.PLA.D05.UNDE.03053","ok","sapling","Live",,,1.4,,,,,,,,0.7,10,,,,"hE8YqXO7sNiNpTQ8TwLBTEwXi3KL/fpp","UuiIeI4+6a4w2V3xx4xXIBtOUNDpdb+M","legacyData"
"f215a067-f3dc-4b6c-ac13-af312a9eaf8e","UNDE_056.basePlot.vst","2016-11-10","vst_UNDE_2016","D05","UNDE","UNDE_056",,"NEON.PLA.D05.UNDE.01917A","ok","multi-bole tree","Live",7.4,130,,,,,,,,,,,,,,"hE8YqXO7sNiNpTQ8TwLBTEwXi3KL/fpp","UuiIeI4+6a4w2V3xx4xXIBtOUNDpdb+M","legacyData"
"1a70c39a-ac9e-4c49-b58b-dfa46eb0ef07","UNDE_056.basePlot.vst","2016-11-10","vst_UNDE_2016","D05","UNDE","UNDE_056",,"NEON.PLA.D05.UNDE.02888","ok","small tree","Standing dead",1.1,130,1.8,,,,,,,,,,,,,"hE8YqXO7sNiNpTQ8TwLBTEwXi3KL/fpp","UuiIeI4+6a4w2V3xx4xXIBtOUNDpdb+M","legacyData"
"ca53e6ae-19d1-4922-96a9-1e6ff4a723a2","UNDE_056.basePlot.vst","2016-11-10","vst_UNDE_2016","D05","UNDE","UNDE_056",,"NEON.PLA.D05.UNDE.03535","ok","small shrub","Live",,,1.5,,,,1.6,1.5,,,1.2,10,,,,"hE8YqXO7sNiNpTQ8TwLBTEwXi3KL/fpp","UuiIeI4+6a4w2V3xx4xXIBtOUNDpdb+M","legacyData"
"2e0d68db-4a6d-4612-9b78-1f4d7ff5c0df","UNDE_056.basePlot.vst","2016-11-10","vst_UNDE_2016","D05","UNDE","UNDE_056",,"NEON.PLA.D05.UNDE.01105","ok","single bole tree","Dead, broken bole",16.9,130,2.2,,2.2,16.1,2.0,,,,,,,,,"hE8YqXO7sNiNpTQ8TwLBTEwXi3KL/fpp","UuiIeI4+6a4w2V3xx4xXIBtOUNDpdb+M","legacyData"
"b9814676-c5db-4bf4-89dc-da757177fb07","UNDE_056.basePlot.vst","2016-11-10","vst_UNDE_2016","D05","UNDE","UNDE_056",,"NEON.PLA.D05.UNDE.03274","ok","single bole tree","Live",31.0,130,19.7,,,,,,,,,,,,,"hE8YqXO7sNiNpTQ8TwLBTEwXi3KL/fpp","UuiIeI4+6a4w2V3xx4xXIBtOUNDpdb+M","legacyData"
"cd30c76e-17e9-4bf4-bc3d-fa15f58928cb","UNDE_056.basePlot.vst","2016-11-10","vst_UNDE_2016","D05","UNDE","UNDE_056",,"NEON.PLA.D05.UNDE.03231","ok","single bole tree","Dead, broken bole",12.4,130,2.2,,2.2,11.7,,,,,,,,,,"hE8YqXO7sNiNpTQ8TwLBTEwXi3KL/fpp","UuiIeI4+6a4w2V3xx4xXIBtOUNDpdb+M","legacyData"
"0a7fc37e-9580-425e-9fe5-b747633a8f75","UNDE_056.basePlot.vst","2016-11-10","vst_UNDE_2016","D05","UNDE","UNDE_056",,"NEON.PLA.D05.UNDE.01457","ok","single bole tree","Live",10.6,130,11.8,,,,,,,,,,,,,"hE8YqXO7sNiNpTQ8TwLBTEwXi3KL/fpp","UuiIeI4+6a4w2V3xx4xXIBtOUNDpdb+M","legacyData"
"e4bef7ea-5e3a-4794-acc0-98e3ff6ef86c","UNDE_056.basePlot.vst","2016-11-10","vst_UNDE_2016","D05","UNDE","UNDE_056",,"NEON.PLA.D05.UNDE.03111","ok","small shrub","Live",,,1.4,,,,1.0,0.9,,,1.1,10,,,,"hE8YqXO7sNiNpTQ8TwLBTEwXi3KL/fpp","UuiIeI4+6a4w2V3xx4xXIBtOUNDpdb+M","legacyData"
"b299cf48-bd1c-4b07-9e1c-b53d98c82568","UNDE_056.basePlot.vst","2016-11-10","vst_UNDE_2016","D05","UNDE","UNDE_056",,"NEON.PLA.D05.UNDE.03418","ok","multi-bole tree","Live",29.0,130,17.7,,,,,,,,,,,,,"hE8YqXO7sNiNpTQ8TwLBTEwXi3KL/fpp","UuiIeI4+6a4w2V3xx4xXIBtOUNDpdb+M","legacyData"
"50e369c1-dcb6-40b0-85cd-2f830bb447a6","UNDE_056.basePlot.vst","2016-11-10","vst_UNDE_2016","D05","UNDE","UNDE_056",,"NEON.PLA.D05.UNDE.01607","ok","single bole tree","Live",28.4,130,17.0,,,,,,,,,,,,,"hE8YqXO7sNiNpTQ8TwLBTEwXi3KL/fpp","UuiIeI4+6a4w2V3xx4xXIBtOUNDpdb+M","legacyData"
"d292aaeb-47c4-422e-a339-ce3f8bd2ac1d","UNDE_056.basePlot.vst","2016-11-10","vst_UNDE_2016","D05","UNDE","UNDE_056",,"NEON.PLA.D05.UNDE.01863","ok","single bole tree","Live",37.1,130,22.6,,,,,,,,,,,,,"hE8YqXO7sNiNpTQ8TwLBTEwXi3KL/fpp","UuiIeI4+6a4w2V3xx4xXIBtOUNDpdb+M","legacyData"
"9ee3a43c-5960-4ff6-8448-e3b8ffa01d7d","UNDE_056.basePlot.vst","2016-11-10","vst_UNDE_2016","D05","UNDE","UNDE_056",,"NEON.PLA.D05.UNDE.02371","ok","single bole tree","Live",26.1,130,20.5,,,,,,,,,,,,,"hE8YqXO7sNiNpTQ8TwLBTEwXi3KL/fpp","UuiIeI4+6a4w2V3xx4xXIBtOUNDpdb+M","legacyData"
"a96689cf-549f-4352-9b53-adf4f8f25c6d","UNDE_056.basePlot.vst","2016-11-10","vst_UNDE_2016","D05","UNDE","UNDE_056",,"NEON.PLA.D05.UNDE.04435","ok","single bole tree","Live",20.1,130,14.4,,,,,,,,,,,,,"hE8YqXO7sNiNpTQ8TwLBTEwXi3KL/fpp","UuiIeI4+6a4w2V3xx4xXIBtOUNDpdb+M","legacyData"
"6090df1e-edcf-4b84-8955-84f9e720bef6","UNDE_056.basePlot.vst","2016-11-10","vst_UNDE_2016","D05","UNDE","UNDE_056",,"NEON.PLA.D05.UNDE.01620","ok","single bole tree","Live",5.0,130,7.3,,,,,,,,,,,,,"hE8YqXO7sNiNpTQ8TwLBTEwXi3KL/fpp","UuiIeI4+6a4w2V3xx4xXIBtOUNDpdb+M","legacyData"
"ca379b98-fe53-4d04-95dc-b429199a3691","UNDE_056.basePlot.vst","2016-11-10","vst_UNDE_2016","D05","UNDE","UNDE_056",,"NEON.PLA.D05.UNDE.03284","ok","single bole tree","Live",13.7,130,15.4,,,,,,,,,,,,,"hE8YqXO7sNiNpTQ8TwLBTEwXi3KL/fpp","UuiIeI4+6a4w2V3xx4xXIBtOUNDpdb+M","legacyData"
"177bdc53-caef-41a0-a220-56e8fc920027","UNDE_056.basePlot.vst","2016-11-10","vst_UNDE_2016","D05","UNDE","UNDE_056",,"NEON.PLA.D05.UNDE.03402","ok","single bole tree","Dead, broken bole",12.7,130,2.8,,2.8,10.6,,,,,,,,,,"hE8YqXO7sNiNpTQ8TwLBTEwXi3KL/fpp","UuiIeI4+6a4w2V3xx4xXIBtOUNDpdb+M","legacyData"
"70a98404-3288-42e2-8bef-28828ffee338","UNDE_056.basePlot.vst","2016-11-10","vst_UNDE_2016","D05","UNDE","UNDE_056",,"NEON.PLA.D05.UNDE.01917","ok","multi-bole tree","Live",11.2,130,13.0,,,,,,,,,,,,,"hE8YqXO7sNiNpTQ8TwLBTEwXi3KL/fpp","UuiIeI4+6a4w2V3xx4xXIBtOUNDpdb+M","legacyData"
"c4ac8554-1cbf-4197-bd0e-c2cdb4724b51","UNDE_056.basePlot.vst","2016-11-10","vst_UNDE_2016","D05","UNDE","UNDE_056",,"NEON.PLA.D05.UNDE.03226","ok","single bole tree","Live,  other damage",19.9,130,17.6,,,,,,,,,,,,,"hE8YqXO7sNiNpTQ8TwLBTEwXi3KL/fpp","UuiIeI4+6a4w2V3xx4xXIBtOUNDpdb+M","legacyData"
"323e2068-78eb-491f-9e55-945b5ba54a29","UNDE_056.basePlot.vst","2016-11-10","vst_UNDE_2016","D05","UNDE","UNDE_056",,"NEON.PLA.D05.UNDE.09196","ok","sapling","Live",,,0.6,,,,,,,,1.5,10,,,,"hE8YqXO7sNiNpTQ8TwLBTEwXi3KL/fpp","UuiIeI4+6a4w2V3xx4xXIBtOUNDpdb+M","legacyData"
"7e4ad395-ee57-4bed-95d5-84409e1e202c","UNDE_056.basePlot.vst","2016-11-10","vst_UNDE_2016","D05","UNDE","UNDE_056",,"NEON.PLA.D05.UNDE.01482","ok","small tree","Live",1.8,130,3.0,,,,,,,,,,,,,"hE8YqXO7sNiNpTQ8TwLBTEwXi3KL/fpp","UuiIeI4+6a4w2V3xx4xXIBtOUNDpdb+M","legacyData"
"6d4afd95-2fa5-4bd2-88ae-e6fb68fc3519","UNDE_056.basePlot.vst","2016-11-10","vst_UNDE_2016","D05","UNDE","UNDE_056",,"NEON.PLA.D05.UNDE.00291","ok","small shrub","Live",,,1.8,1.6,,,1.5,1.1,,"inverted cone",1.6,10,,,,"hE8YqXO7sNiNpTQ8TwLBTEwXi3KL/fpp","UuiIeI4+6a4w2V3xx4xXIBtOUNDpdb+M","legacyData"
"3275a337-2c23-48f2-ba3d-350e2fc7c278","UNDE_056.basePlot.vst","2016-11-10","vst_UNDE_2016","D05","UNDE","UNDE_056",,"NEON.PLA.D05.UNDE.04434","ok","small tree","Live",8.0,130,12.5,,,,,,,,,,,,,"hE8YqXO7sNiNpTQ8TwLBTEwXi3KL/fpp","UuiIeI4+6a4w2V3xx4xXIBtOUNDpdb+M","legacyData"
"9d69a6c9-968a-459c-b7c0-fae1815c3b40","UNDE_056.basePlot.vst","2016-11-10","vst_UNDE_2016","D05","UNDE","UNDE_056",,"NEON.PLA.D05.UNDE.04486","ok","single bole tree","Live,  other damage",18.5,130,13.9,,,,,,,,,,,,,"hE8YqXO7sNiNpTQ8TwLBTEwXi3KL/fpp","UuiIeI4+6a4w2V3xx4xXIBtOUNDpdb+M","legacyData"
"0ad81c6c-5d10-4e81-af57-28bfd47439c2","UNDE_056.basePlot.vst","2016-11-10","vst_UNDE_2016","D05","UNDE","UNDE_056",,"NEON.PLA.D05.UNDE.02375","ok","small tree","Live",2.2,130,3.2,,,,,,,,,,,,,"hE8YqXO7sNiNpTQ8TwLBTEwXi3KL/fpp","UuiIeI4+6a4w2V3xx4xXIBtOUNDpdb+M","legacyData"
"d51d6b97-4eeb-4d02-8576-8ec23dbc4225","UNDE_056.basePlot.vst","2016-11-10","vst_UNDE_2016","D05","UNDE","UNDE_056",,"NEON.PLA.D05.UNDE.03030","ok","single bole tree","Live",29.5,130,19.4,,,,,,,,,,,,,"hE8YqXO7sNiNpTQ8TwLBTEwXi3KL/fpp","UuiIeI4+6a4w2V3xx4xXIBtOUNDpdb+M","legacyData"
"17a62a92-7ebd-4108-8534-2dc1ec19ab6d","UNDE_056.basePlot.vst","2016-11-10","vst_UNDE_2016","D05","UNDE","UNDE_056",,"NEON.PLA.D05.UNDE.00340","ok","single bole tree","Live",24.5,130,14.4,,,,,,,,,,,,,"hE8YqXO7sNiNpTQ8TwLBTEwXi3KL/fpp","UuiIeI4+6a4w2V3xx4xXIBtOUNDpdb+M","legacyData"
"81fc4dea-e86a-44e4-953f-5110fc1f56fc","UNDE_056.basePlot.vst","2016-11-10","vst_UNDE_2016","D05","UNDE","UNDE_056",,"NEON.PLA.D05.UNDE.01857","ok","single bole tree","Live",33.2,130,21.0,,,,,,,,,,,,,"hE8YqXO7sNiNpTQ8TwLBTEwXi3KL/fpp","UuiIeI4+6a4w2V3xx4xXIBtOUNDpdb+M","legacyData"
"b62baa8d-e68b-466b-bf70-04da68bf4f0e","UNDE_056.basePlot.vst","2016-11-10","vst_UNDE_2016","D05","UNDE","UNDE_056",,"NEON.PLA.D05.UNDE.00275","ok","single bole tree","Live",20.7,150,19.7,,,,,,,,,,,,,"hE8YqXO7sNiNpTQ8TwLBTEwXi3KL/fpp","UuiIeI4+6a4w2V3xx4xXIBtOUNDpdb+M","legacyData"
"ec51ade0-60e7-451f-b0da-236f92ae3fb4","UNDE_056.basePlot.vst","2016-11-10","vst_UNDE_2016","D05","UNDE","UNDE_056",,"NEON.PLA.D05.UNDE.04360","ok","single bole tree","Live,  other damage",13.6,130,16.1,,,,,,,,,,,,,"hE8YqXO7sNiNpTQ8TwLBTEwXi3KL/fpp","UuiIeI4+6a4w2V3xx4xXIBtOUNDpdb+M","legacyData"
"fdb6c3d0-df9c-4d02-96ef-d1d8e66b6009","UNDE_056.basePlot.vst","2016-11-10","vst_UNDE_2016","D05","UNDE","UNDE_056",,"NEON.PLA.D05.UNDE.03269","ok","single bole tree","Live",12.8,140,13.2,,,,,,,,,,,,,"hE8YqXO7sNiNpTQ8TwLBTEwXi3KL/fpp","UuiIeI4+6a4w2V3xx4xXIBtOUNDpdb+M","legacyData"
"46ea5c17-46be-4a3d-af85-33b5288e4818","UNDE_056.basePlot.vst","2016-11-10","vst_UNDE_2016","D05","UNDE","UNDE_056",,"NEON.PLA.D05.UNDE.09102","ok","small shrub","Live",,,0.8,0.4,,,0.6,0.5,,"ellipsoid or sphere",1.3,10,,,,"hE8YqXO7sNiNpTQ8TwLBTEwXi3KL/fpp","UuiIeI4+6a4w2V3xx4xXIBtOUNDpdb+M","legacyData"
"a377115f-70c6-4f77-b69f-b0c24cd2ab5f","UNDE_056.basePlot.vst","2016-11-10","vst_UNDE_2016","D05","UNDE","UNDE_056",,"NEON.PLA.D05.UNDE.01878","ok","single bole tree","Live",13.0,130,14.9,,,,,,,,,,,,,"hE8YqXO7sNiNpTQ8TwLBTEwXi3KL/fpp","UuiIeI4+6a4w2V3xx4xXIBtOUNDpdb+M","legacyData"
"85bfc137-7370-4951-8be6-6b19f1a2aab8","UNDE_078.basePlot.vst","2016-11-14","vst_UNDE_2016","D05","UNDE","UNDE_078",,"NEON.PLA.D05.UNDE.09160","ok","small tree","Live",3.0,130,4.4,,,,,,,,,,,,,"hE8YqXO7sNiNpTQ8TwLBTEwXi3KL/fpp","UuiIeI4+6a4w2V3xx4xXIBtOUNDpdb+M","legacyData"
"8adac4b2-820b-41c0-854a-4929557ef982","UNDE_078.basePlot.vst","2016-11-14","vst_UNDE_2016","D05","UNDE","UNDE_078",,"NEON.PLA.D05.UNDE.09122","ok","single bole tree","Live",16.3,130,12.3,,,,,,,,,,,,,"hE8YqXO7sNiNpTQ8TwLBTEwXi3KL/fpp","UuiIeI4+6a4w2V3xx4xXIBtOUNDpdb+M","legacyData"
"c38674db-ef51-4e48-91cc-4be259a9a45a","UNDE_078.basePlot.vst","2016-11-14","vst_UNDE_2016","D05","UNDE","UNDE_078",,"NEON.PLA.D05.UNDE.09169","ok","small tree","Live",1.5,130,2.3,,,,,,,,,,,,,"hE8YqXO7sNiNpTQ8TwLBTEwXi3KL/fpp","UuiIeI4+6a4w2V3xx4xXIBtOUNDpdb+M","legacyData"
"ddfbd413-0f5e-4d4d-bd1a-0da09c447b87","UNDE_078.basePlot.vst","2016-11-14","vst_UNDE_2016","D05","UNDE","UNDE_078",,"NEON.PLA.D05.UNDE.09174","ok","single shrub","Live",1.2,130,2.1,0.5,,,1.2,1.1,,"ellipsoid or sphere",2.0,10,,,,"hE8YqXO7sNiNpTQ8TwLBTEwXi3KL/fpp","UuiIeI4+6a4w2V3xx4xXIBtOUNDpdb+M","legacyData"
"9da949ca-0577-4d7e-b529-a4b2fdd26550","UNDE_078.basePlot.vst","2016-11-14","vst_UNDE_2016","D05","UNDE","UNDE_078",,"NEON.PLA.D05.UNDE.09113","ok","single bole tree","Live",12.0,130,10.0,,,,,,,,,,,,,"hE8YqXO7sNiNpTQ8TwLBTEwXi3KL/fpp","UuiIeI4+6a4w2V3xx4xXIBtOUNDpdb+M","legacyData"
"5101da25-54fe-40f3-9e8d-1cd5a1d37814","UNDE_078.basePlot.vst","2016-11-14","vst_UNDE_2016","D05","UNDE","UNDE_078",,"NEON.PLA.D05.UNDE.09127","ok","multi-bole tree","Live",20.9,130,17.4,,,,,,,,,,,,,"hE8YqXO7sNiNpTQ8TwLBTEwXi3KL/fpp","UuiIeI4+6a4w2V3xx4xXIBtOUNDpdb+M","legacyData"
"726e563a-465b-4e2a-95e6-635d845557f1","UNDE_078.basePlot.vst","2016-11-14","vst_UNDE_2016","D05","UNDE","UNDE_078",,"NEON.PLA.D05.UNDE.09170","ok","sapling","Live",,,2.7,,,,,,,,1.3,10,,,,"hE8YqXO7sNiNpTQ8TwLBTEwXi3KL/fpp","UuiIeI4+6a4w2V3xx4xXIBtOUNDpdb+M","legacyData"
"ac9a7752-1ced-41f1-a30b-6642611acd4e","UNDE_078.basePlot.vst","2016-11-14","vst_UNDE_2016","D05","UNDE","UNDE_078",,"NEON.PLA.D05.UNDE.09167","ok","sapling","Live",,,1.5,,,,,,,,1.4,10,,,,"hE8YqXO7sNiNpTQ8TwLBTEwXi3KL/fpp","UuiIeI4+6a4w2V3xx4xXIBtOUNDpdb+M","legacyData"
"9c34e5d6-8a80-4975-87c3-0872124874ec","UNDE_078.basePlot.vst","2016-11-14","vst_UNDE_2016","D05","UNDE","UNDE_078",,"NEON.PLA.D05.UNDE.09138","ok","single bole tree","Live",24.3,130,16.1,,,,,,,,,,,,,"hE8YqXO7sNiNpTQ8TwLBTEwXi3KL/fpp","UuiIeI4+6a4w2V3xx4xXIBtOUNDpdb+M","legacyData"
"c04d2f01-b2ad-42a4-8419-06b6b29f2f87","UNDE_078.basePlot.vst","2016-11-14","vst_UNDE_2016","D05","UNDE","UNDE_078",,"NEON.PLA.D05.UNDE.09105","ok","single bole tree","Live",12.9,130,8.0,,,,,,,,,,,,,"hE8YqXO7sNiNpTQ8TwLBTEwXi3KL/fpp","UuiIeI4+6a4w2V3xx4xXIBtOUNDpdb+M","legacyData"
"bfe64382-e564-4aeb-b5bf-3995c82d33b0","UNDE_078.basePlot.vst","2016-11-14","vst_UNDE_2016","D05","UNDE","UNDE_078",,"NEON.PLA.D05.UNDE.09110A","ok","multi-bole tree","Dead, broken bole",15.2,130,6.0,,,,,,,,,,,,,"hE8YqXO7sNiNpTQ8TwLBTEwXi3KL/fpp","UuiIeI4+6a4w2V3xx4xXIBtOUNDpdb+M","legacyData"
"3ffa22a2-e7b5-4592-9ecb-1067ac11d989","UNDE_078.basePlot.vst","2016-11-14","vst_UNDE_2016","D05","UNDE","UNDE_078",,"NEON.PLA.D05.UNDE.09143","ok","single bole tree","Standing dead",19.0,130,10.1,,,,,,,,,,,,,"hE8YqXO7sNiNpTQ8TwLBTEwXi3KL/fpp","UuiIeI4+6a4w2V3xx4xXIBtOUNDpdb+M","legacyData"
"fb49557f-375e-4128-8048-fff8aaff37de","UNDE_078.basePlot.vst","2016-11-14","vst_UNDE_2016","D05","UNDE","UNDE_078",,"NEON.PLA.D05.UNDE.09156","ok","small tree","Live",1.7,130,3.0,,,,,,,,,,,,,"hE8YqXO7sNiNpTQ8TwLBTEwXi3KL/fpp","UuiIeI4+6a4w2V3xx4xXIBtOUNDpdb+M","legacyData"
"0b18e9b5-49b9-4471-a85f-04e1167ed045","UNDE_078.basePlot.vst","2016-11-14","vst_UNDE_2016","D05","UNDE","UNDE_078",,"NEON.PLA.D05.UNDE.09203","ok","small tree","Live",2.9,130,5.3,,,,,,,,,,,,,"hE8YqXO7sNiNpTQ8TwLBTEwXi3KL/fpp","UuiIeI4+6a4w2V3xx4xXIBtOUNDpdb+M","legacyData"
"6a2b8ade-ee4f-4acb-80f5-252e1fbd4c3a","UNDE_078.basePlot.vst","2016-11-14","vst_UNDE_2016","D05","UNDE","UNDE_078",,"NEON.PLA.D05.UNDE.09135","ok","single bole tree","Live",21.2,130,15.9,,,,,,,,,,,,,"hE8YqXO7sNiNpTQ8TwLBTEwXi3KL/fpp","UuiIeI4+6a4w2V3xx4xXIBtOUNDpdb+M","legacyData"
"16ab16c9-c694-41c2-99ad-54357f44adfe","UNDE_078.basePlot.vst","2016-11-14","vst_UNDE_2016","D05","UNDE","UNDE_078",,"NEON.PLA.D05.UNDE.09166","ok","small tree","Live",1.4,130,2.3,,,,,,,,,,,,,"hE8YqXO7sNiNpTQ8TwLBTEwXi3KL/fpp","UuiIeI4+6a4w2V3xx4xXIBtOUNDpdb+M","legacyData"
"ac8b6ca3-bb3e-481b-94d7-3708099c3c92","UNDE_078.basePlot.vst","2016-11-14","vst_UNDE_2016","D05","UNDE","UNDE_078",,"NEON.PLA.D05.UNDE.09189","ok","single bole tree","Dead, broken bole",49.9,130,2.3,,2.3,,,,,,,,,,,"hE8YqXO7sNiNpTQ8TwLBTEwXi3KL/fpp","UuiIeI4+6a4w2V3xx4xXIBtOUNDpdb+M","legacyData"
"8ba841b9-9a39-46f2-a31d-e8b5830f0ca4","UNDE_078.basePlot.vst","2016-11-14","vst_UNDE_2016","D05","UNDE","UNDE_078",,"NEON.PLA.D05.UNDE.09185","ok","small tree","Live",1.8,130,3.8,,,,,,,,,,,,,"hE8YqXO7sNiNpTQ8TwLBTEwXi3KL/fpp","UuiIeI4+6a4w2V3xx4xXIBtOUNDpdb+M","legacyData"
"dd001b40-77ba-44bb-bb12-be322f9644a8","UNDE_078.basePlot.vst","2016-11-14","vst_UNDE_2016","D05","UNDE","UNDE_078",,"NEON.PLA.D05.UNDE.09104","ok","single bole tree","Live",18.5,130,15.4,,,,,,,,,,,,,"hE8YqXO7sNiNpTQ8TwLBTEwXi3KL/fpp","UuiIeI4+6a4w2V3xx4xXIBtOUNDpdb+M","legacyData"
"cc90de38-67d9-4278-86fd-7988fda2fb3c","UNDE_078.basePlot.vst","2016-11-14","vst_UNDE_2016","D05","UNDE","UNDE_078",,"NEON.PLA.D05.UNDE.09205","ok","single shrub","Live",1.9,130,3.0,0.9,,,1.3,1.2,,"ellipsoid or sphere",3.4,10,,,,"hE8YqXO7sNiNpTQ8TwLBTEwXi3KL/fpp","UuiIeI4+6a4w2V3xx4xXIBtOUNDpdb+M","legacyData"
"c0cd3f92-94ee-429d-8347-9e1af8d4f53f","UNDE_078.basePlot.vst","2016-11-14","vst_UNDE_2016","D05","UNDE","UNDE_078",,"NEON.PLA.D05.UNDE.09132","ok","single bole tree","Live",10.1,130,6.5,,,,,,,,,,,,,"hE8YqXO7sNiNpTQ8TwLBTEwXi3KL/fpp","UuiIeI4+6a4w2V3xx4xXIBtOUNDpdb+M","legacyData"
"f21224b4-73c0-4461-9913-8768ee476052","UNDE_078.basePlot.vst","2016-11-14","vst_UNDE_2016","D05","UNDE","UNDE_078",,"NEON.PLA.D05.UNDE.09131","ok","single bole tree","Dead, broken bole",11.7,130,3.0,,3.0,11.0,,,,,,,,,,"hE8YqXO7sNiNpTQ8TwLBTEwXi3KL/fpp","UuiIeI4+6a4w2V3xx4xXIBtOUNDpdb+M","legacyData"
"a93c6be8-48ae-495c-90e6-a4eafa34f5b2","UNDE_078.basePlot.vst","2016-11-14","vst_UNDE_2016","D05","UNDE","UNDE_078",,"NEON.PLA.D05.UNDE.09153","ok","small tree","Live",3.0,130,5.2,,,,,,,,,,,,,"hE8YqXO7sNiNpTQ8TwLBTEwXi3KL/fpp","UuiIeI4+6a4w2V3xx4xXIBtOUNDpdb+M","legacyData"
"7fcca68f-57cf-487f-a08c-d3311e436c4a","UNDE_078.basePlot.vst","2016-11-14","vst_UNDE_2016","D05","UNDE","UNDE_078",,"NEON.PLA.D05.UNDE.09125","ok","multi-bole tree","Live",15.4,170,14.2,,,,,,,,,,,,,"hE8YqXO7sNiNpTQ8TwLBTEwXi3KL/fpp","UuiIeI4+6a4w2V3xx4xXIBtOUNDpdb+M","legacyData"
"48819df8-741e-4ce9-b122-1cc5325b88c3","UNDE_078.basePlot.vst","2016-11-14","vst_UNDE_2016","D05","UNDE","UNDE_078",,"NEON.PLA.D05.UNDE.09139","ok","single bole tree","Standing dead",23.7,130,15.4,,,,,,,,,,,,,"hE8YqXO7sNiNpTQ8TwLBTEwXi3KL/fpp","UuiIeI4+6a4w2V3xx4xXIBtOUNDpdb+M","legacyData"
"c0266bb6-85d7-488c-b3a8-30134f2cdd32","UNDE_078.basePlot.vst","2016-11-14","vst_UNDE_2016","D05","UNDE","UNDE_078",,"NEON.PLA.D05.UNDE.09162","ok","small shrub","Live",,,1.8,0.1,,,0.9,0.6,,"ellipsoid or sphere",1.1,10,,,,"hE8YqXO7sNiNpTQ8TwLBTEwXi3KL/fpp","UuiIeI4+6a4w2V3xx4xXIBtOUNDpdb+M","legacyData"
"b370b09e-8c78-4bfa-90db-8b06f112cb1f","UNDE_078.basePlot.vst","2016-11-14","vst_UNDE_2016","D05","UNDE","UNDE_078",,"NEON.PLA.D05.UNDE.09110","ok","multi-bole tree","Live",16.3,130,13.3,,,,,,,,,,,,,"hE8YqXO7sNiNpTQ8TwLBTEwXi3KL/fpp","UuiIeI4+6a4w2V3xx4xXIBtOUNDpdb+M","legacyData"
"0db339f7-9d4a-4a41-ada6-5c30dc253122","UNDE_078.basePlot.vst","2016-11-14","vst_UNDE_2016","D05","UNDE","UNDE_078",,"NEON.PLA.D05.UNDE.09147","ok","single bole tree","Live",15.1,130,10.1,,,,,,,,,,,,,"hE8YqXO7sNiNpTQ8TwLBTEwXi3KL/fpp","UuiIeI4+6a4w2V3xx4xXIBtOUNDpdb+M","legacyData"
"b8528d63-0f49-4613-b2b4-e3947dec6147","UNDE_078.basePlot.vst","2016-11-14","vst_UNDE_2016","D05","UNDE","UNDE_078",,"NEON.PLA.D05.UNDE.09111","ok","single bole tree","Live",39.6,130,20.3,,,,,,,,,,,,,"hE8YqXO7sNiNpTQ8TwLBTEwXi3KL/fpp","UuiIeI4+6a4w2V3xx4xXIBtOUNDpdb+M","legacyData"
"aa8ab3d5-b969-4d55-876a-9f5b954ee3b2","UNDE_078.basePlot.vst","2016-11-14","vst_UNDE_2016","D05","UNDE","UNDE_078",,"NEON.PLA.D05.UNDE.09165","ok","small tree","Live",1.7,130,2.9,,,,,,,,,,,,,"hE8YqXO7sNiNpTQ8TwLBTEwXi3KL/fpp","UuiIeI4+6a4w2V3xx4xXIBtOUNDpdb+M","legacyData"
"772ba672-493d-448f-8041-691c7a5d515e","UNDE_078.basePlot.vst","2016-11-14","vst_UNDE_2016","D05","UNDE","UNDE_078",,"NEON.PLA.D05.UNDE.09174","ok","single shrub","Live",1.1,130,2.1,0.5,,,1.2,1.1,,"ellipsoid or sphere",2.0,10,,,,"hE8YqXO7sNiNpTQ8TwLBTEwXi3KL/fpp","UuiIeI4+6a4w2V3xx4xXIBtOUNDpdb+M","legacyData"
"0f965cb4-988a-42e0-b804-0615b02e0b68","UNDE_078.basePlot.vst","2016-11-14","vst_UNDE_2016","D05","UNDE","UNDE_078",,"NEON.PLA.D05.UNDE.09136","ok","single bole tree","Live",11.2,130,9.1,,,,,,,,,,,,,"hE8YqXO7sNiNpTQ8TwLBTEwXi3KL/fpp","UuiIeI4+6a4w2V3xx4xXIBtOUNDpdb+M","legacyData"
"5a14b32d-e258-44b8-9100-825d5b99f874","UNDE_078.basePlot.vst","2016-11-14","vst_UNDE_2016","D05","UNDE","UNDE_078",,"NEON.PLA.D05.UNDE.09149","ok","single bole tree","Live",12.2,130,7.5,,,,,,,,,,,,,"hE8YqXO7sNiNpTQ8TwLBTEwXi3KL/fpp","UuiIeI4+6a4w2V3xx4xXIBtOUNDpdb+M","legacyData"
"672c8777-ee2c-42ef-89ef-9364367900a2","UNDE_078.basePlot.vst","2016-11-14","vst_UNDE_2016","D05","UNDE","UNDE_078",,"NEON.PLA.D05.UNDE.09184","ok","small tree","Standing dead",2.0,130,4.0,,,,,,,,,,,,,"hE8YqXO7sNiNpTQ8TwLBTEwXi3KL/fpp","UuiIeI4+6a4w2V3xx4xXIBtOUNDpdb+M","legacyData"
"65880142-9eac-47e4-bcf4-e1aed9f80ce1","UNDE_078.basePlot.vst","2016-11-14","vst_UNDE_2016","D05","UNDE","UNDE_078",,"NEON.PLA.D05.UNDE.09114","ok","single bole tree","Live",14.3,130,10.7,,,,,,,,,,,,,"hE8YqXO7sNiNpTQ8TwLBTEwXi3KL/fpp","UuiIeI4+6a4w2V3xx4xXIBtOUNDpdb+M","legacyData"
"b6e19db3-1f30-4153-80a8-7e6379dd738c","UNDE_078.basePlot.vst","2016-11-14","vst_UNDE_2016","D05","UNDE","UNDE_078",,"NEON.PLA.D05.UNDE.09171","ok","small tree","Live",1.5,130,2.8,,,,,,,,,,,,,"hE8YqXO7sNiNpTQ8TwLBTEwXi3KL/fpp","UuiIeI4+6a4w2V3xx4xXIBtOUNDpdb+M","legacyData"
"8ca7802e-5a70-4a14-ad98-b9800641eca1","UNDE_078.basePlot.vst","2016-11-14","vst_UNDE_2016","D05","UNDE","UNDE_078",,"NEON.PLA.D05.UNDE.09126","ok","single bole tree","Live",13.5,130,9.0,,,,,,,,,,,,,"hE8YqXO7sNiNpTQ8TwLBTEwXi3KL/fpp","UuiIeI4+6a4w2V3xx4xXIBtOUNDpdb+M","legacyData"
"f025795c-8cd1-4c5e-9b55-34c859a8d494","UNDE_078.basePlot.vst","2016-11-14","vst_UNDE_2016","D05","UNDE","UNDE_078",,"NEON.PLA.D05.UNDE.09109","ok","single bole tree","Standing dead",12.7,130,10.8,,,,,,,,,,,,,"hE8YqXO7sNiNpTQ8TwLBTEwXi3KL/fpp","UuiIeI4+6a4w2V3xx4xXIBtOUNDpdb+M","legacyData"
"3db2d169-74c5-4d90-8da2-1f9f63a9c6ee","UNDE_078.basePlot.vst","2016-11-14","vst_UNDE_2016","D05","UNDE","UNDE_078",,"NEON.PLA.D05.UNDE.09181","ok","sapling","Live",,,1.6,,,,,,,,1.3,10,,,,"hE8YqXO7sNiNpTQ8TwLBTEwXi3KL/fpp","UuiIeI4+6a4w2V3xx4xXIBtOUNDpdb+M","legacyData"
"9a490d3d-8944-4a64-9ad4-19d781d1fc52","UNDE_078.basePlot.vst","2016-11-14","vst_UNDE_2016","D05","UNDE","UNDE_078",,"NEON.PLA.D05.UNDE.09159","ok","small tree","Live",2.0,130,3.7,,,,,,,,,,,,,"hE8YqXO7sNiNpTQ8TwLBTEwXi3KL/fpp","UuiIeI4+6a4w2V3xx4xXIBtOUNDpdb+M","legacyData"
"41dd9ec8-7baf-4966-81de-1b35354596be","UNDE_078.basePlot.vst","2016-11-14","vst_UNDE_2016","D05","UNDE","UNDE_078",,"NEON.PLA.D05.UNDE.09206","ok","single shrub","Live",2.7,130,3.4,0.7,,,2.0,1.2,,"ellipsoid or sphere",3.9,10,,,,"hE8YqXO7sNiNpTQ8TwLBTEwXi3KL/fpp","UuiIeI4+6a4w2V3xx4xXIBtOUNDpdb+M","legacyData"
"b0cbae1c-71ec-427b-8d41-78127dedb057","UNDE_078.basePlot.vst","2016-11-14","vst_UNDE_2016","D05","UNDE","UNDE_078",,"NEON.PLA.D05.UNDE.09133","ok","single bole tree","Live",20.3,130,13.9,,,,,,,,,,,,,"hE8YqXO7sNiNpTQ8TwLBTEwXi3KL/fpp","UuiIeI4+6a4w2V3xx4xXIBtOUNDpdb+M","legacyData"
"cdc64a70-850e-49c7-8216-139d31dea2ae","UNDE_078.basePlot.vst","2016-11-14","vst_UNDE_2016","D05","UNDE","UNDE_078",,"NEON.PLA.D05.UNDE.09163","ok","small shrub","Live",,,1.9,0.4,,,1.1,1.0,,"ellipsoid or sphere",1.0,10,,,,"hE8YqXO7sNiNpTQ8TwLBTEwXi3KL/fpp","UuiIeI4+6a4w2V3xx4xXIBtOUNDpdb+M","legacyData"
"93bea71b-b3a4-4c3b-af91-3f1ba5cc7de0","UNDE_078.basePlot.vst","2016-11-14","vst_UNDE_2016","D05","UNDE","UNDE_078",,"NEON.PLA.D05.UNDE.09172","ok","sapling","Live",,,1.1,,,,,,,,1.3,10,,,,"hE8YqXO7sNiNpTQ8TwLBTEwXi3KL/fpp","UuiIeI4+6a4w2V3xx4xXIBtOUNDpdb+M","legacyData"
"6d3ee1a9-9696-42c3-b683-93499aa456df","UNDE_078.basePlot.vst","2016-11-14","vst_UNDE_2016","D05","UNDE","UNDE_078",,"NEON.PLA.D05.UNDE.09207","ok","sapling","Live",,,1.8,,,,,,,,1.9,10,,,,"hE8YqXO7sNiNpTQ8TwLBTEwXi3KL/fpp","UuiIeI4+6a4w2V3xx4xXIBtOUNDpdb+M","legacyData"
"62929e1d-6cc8-49a8-a036-ba50143c9e8e","UNDE_078.basePlot.vst","2016-11-14","vst_UNDE_2016","D05","UNDE","UNDE_078",,"NEON.PLA.D05.UNDE.09115","ok","multi-bole tree","Live",21.5,130,14.9,,,,,,,,,,,,,"hE8YqXO7sNiNpTQ8TwLBTEwXi3KL/fpp","UuiIeI4+6a4w2V3xx4xXIBtOUNDpdb+M","legacyData"
"d3dcad51-f45c-4a26-af44-70d136e0c904","UNDE_078.basePlot.vst","2016-11-14","vst_UNDE_2016","D05","UNDE","UNDE_078",,"NEON.PLA.D05.UNDE.09148","ok","single bole tree","Dead, broken bole",1.0,,2.0,,,,,,,,,,,,,"hE8YqXO7sNiNpTQ8TwLBTEwXi3KL/fpp","UuiIeI4+6a4w2V3xx4xXIBtOUNDpdb+M","legacyData"
"371bffcf-6e8f-460e-ae38-0d9e70527245","UNDE_078.basePlot.vst","2016-11-14","vst_UNDE_2016","D05","UNDE","UNDE_078",,"NEON.PLA.D05.UNDE.09176","ok","sapling","Live, physically damaged",,,1.3,,,,,,,,1.4,10,,,,"hE8YqXO7sNiNpTQ8TwLBTEwXi3KL/fpp","UuiIeI4+6a4w2V3xx4xXIBtOUNDpdb+M","legacyData"
"f0385416-819a-4190-b802-8d44e7dabe20","UNDE_078.basePlot.vst","2016-11-14","vst_UNDE_2016","D05","UNDE","UNDE_078",,"NEON.PLA.D05.UNDE.09164","ok","small tree","Live",1.7,130,2.8,,,,,,,,,,,,,"hE8YqXO7sNiNpTQ8TwLBTEwXi3KL/fpp","UuiIeI4+6a4w2V3xx4xXIBtOUNDpdb+M","legacyData"
"d35c7632-642a-424c-ab2a-7963353482ee","UNDE_078.basePlot.vst","2016-11-14","vst_UNDE_2016","D05","UNDE","UNDE_078",,"NEON.PLA.D05.UNDE.09112","ok","single bole tree","Standing dead",10.8,130,4.0,,,,,,,,,,,,,"hE8YqXO7sNiNpTQ8TwLBTEwXi3KL/fpp","UuiIeI4+6a4w2V3xx4xXIBtOUNDpdb+M","legacyData"
"9d2f38e5-69c9-41eb-9444-d7db12183814","UNDE_078.basePlot.vst","2016-11-14","vst_UNDE_2016","D05","UNDE","UNDE_078",,"NEON.PLA.D05.UNDE.09179","ok","small tree","Live",1.7,130,3.9,,,,,,,,,,,,,"hE8YqXO7sNiNpTQ8TwLBTEwXi3KL/fpp","UuiIeI4+6a4w2V3xx4xXIBtOUNDpdb+M","legacyData"
"33e9e778-212e-4d2d-a915-200e5d67a75d","UNDE_078.basePlot.vst","2016-11-14","vst_UNDE_2016","D05","UNDE","UNDE_078",,"NEON.PLA.D05.UNDE.09120","ok","single bole tree","Live",10.2,130,7.2,,,,,,,,,,,,,"hE8YqXO7sNiNpTQ8TwLBTEwXi3KL/fpp","UuiIeI4+6a4w2V3xx4xXIBtOUNDpdb+M","legacyData"
"cb7ddff8-7a65-4c83-a875-cd289b340224","UNDE_078.basePlot.vst","2016-11-14","vst_UNDE_2016","D05","UNDE","UNDE_078",,"NEON.PLA.D05.UNDE.09201","ok","small tree","Live",3.0,130,5.0,,,,,,,,,,,,,"hE8YqXO7sNiNpTQ8TwLBTEwXi3KL/fpp","UuiIeI4+6a4w2V3xx4xXIBtOUNDpdb+M","legacyData"
"30d89850-df99-4b21-9466-d8fdaee2cb6e","UNDE_078.basePlot.vst","2016-11-14","vst_UNDE_2016","D05","UNDE","UNDE_078",,"NEON.PLA.D05.UNDE.09108B","ok","multi-bole tree","Live",4.3,130,,,,,,,,,,,,,,"hE8YqXO7sNiNpTQ8TwLBTEwXi3KL/fpp","UuiIeI4+6a4w2V3xx4xXIBtOUNDpdb+M","legacyData"
"6ffc0494-e4d7-415f-b212-e8dfeb15858f","UNDE_078.basePlot.vst","2016-11-14","vst_UNDE_2016","D05","UNDE","UNDE_078",,"NEON.PLA.D05.UNDE.09150","ok","single bole tree","Live",11.3,130,9.1,,,,,,,,,,,,,"hE8YqXO7sNiNpTQ8TwLBTEwXi3KL/fpp","UuiIeI4+6a4w2V3xx4xXIBtOUNDpdb+M","legacyData"
"2d9510ff-e9c1-4f24-a59f-95d720bad6b3","UNDE_078.basePlot.vst","2016-11-14","vst_UNDE_2016","D05","UNDE","UNDE_078",,"NEON.PLA.D05.UNDE.09141","ok","multi-bole tree","Dead, broken bole",50.7,130,15.3,,,,,,,,,,,,,"hE8YqXO7sNiNpTQ8TwLBTEwXi3KL/fpp","UuiIeI4+6a4w2V3xx4xXIBtOUNDpdb+M","legacyData"
"15b55f57-5abc-424c-8bdc-ec3c5d885e6a","UNDE_078.basePlot.vst","2016-11-14","vst_UNDE_2016","D05","UNDE","UNDE_078",,"NEON.PLA.D05.UNDE.09116","ok","single bole tree","Live",14.9,130,8.0,,,,,,,,,,,,,"hE8YqXO7sNiNpTQ8TwLBTEwXi3KL/fpp","UuiIeI4+6a4w2V3xx4xXIBtOUNDpdb+M","legacyData"
"ec7a49af-f772-4583-b45b-1719f1cb8cd0","UNDE_078.basePlot.vst","2016-11-14","vst_UNDE_2016","D05","UNDE","UNDE_078",,"NEON.PLA.D05.UNDE.09177","ok","sapling","Live",,,1.3,,,,,,,,1.1,10,,,,"hE8YqXO7sNiNpTQ8TwLBTEwXi3KL/fpp","UuiIeI4+6a4w2V3xx4xXIBtOUNDpdb+M","legacyData"
"71b88ca2-b244-4db6-b5d5-ef9f2d0885c2","UNDE_078.basePlot.vst","2016-11-14","vst_UNDE_2016","D05","UNDE","UNDE_078",,"NEON.PLA.D05.UNDE.09137","ok","single bole tree","Live",12.7,130,8.2,,,,,0.0,,,,,,,,"hE8YqXO7sNiNpTQ8TwLBTEwXi3KL/fpp","UuiIeI4+6a4w2V3xx4xXIBtOUNDpdb+M","legacyData"
"a14c64b8-4c41-4310-a42e-a41b1b84cf95","UNDE_078.basePlot.vst","2016-11-14","vst_UNDE_2016","D05","UNDE","UNDE_078",,"NEON.PLA.D05.UNDE.09124","ok","single bole tree","Live",28.9,130,17.0,,,,,,,,,,,,,"hE8YqXO7sNiNpTQ8TwLBTEwXi3KL/fpp","UuiIeI4+6a4w2V3xx4xXIBtOUNDpdb+M","legacyData"
"dc10ca15-92a4-4837-9870-1a15e5eb2611","UNDE_078.basePlot.vst","2016-11-14","vst_UNDE_2016","D05","UNDE","UNDE_078",,"NEON.PLA.D05.UNDE.09129A","ok","multi-bole tree","Live",15.5,130,,,,,,,,,,,,,,"hE8YqXO7sNiNpTQ8TwLBTEwXi3KL/fpp","UuiIeI4+6a4w2V3xx4xXIBtOUNDpdb+M","legacyData"
"6c564126-e696-479b-ae7d-ddab50262390","UNDE_078.basePlot.vst","2016-11-14","vst_UNDE_2016","D05","UNDE","UNDE_078",,"NEON.PLA.D05.UNDE.09108A","ok","multi-bole tree","Standing dead",5.7,130,,,,,,,,,,,,,,"hE8YqXO7sNiNpTQ8TwLBTEwXi3KL/fpp","UuiIeI4+6a4w2V3xx4xXIBtOUNDpdb+M","legacyData"
"8d2ab916-8cc5-42ec-ae91-5821adf14f60","UNDE_078.basePlot.vst","2016-11-14","vst_UNDE_2016","D05","UNDE","UNDE_078",,"NEON.PLA.D05.UNDE.09146","ok","single bole tree","Standing dead",26.2,130,17.4,,,,,,,,,,,,,"hE8YqXO7sNiNpTQ8TwLBTEwXi3KL/fpp","UuiIeI4+6a4w2V3xx4xXIBtOUNDpdb+M","legacyData"
"3b9a6a48-12f1-4193-a384-1b041f6ef51d","UNDE_078.basePlot.vst","2016-11-14","vst_UNDE_2016","D05","UNDE","UNDE_078",,"NEON.PLA.D05.UNDE.09134","ok","single bole tree","Live",18.2,130,13.9,,,,,,,,,,,,,"hE8YqXO7sNiNpTQ8TwLBTEwXi3KL/fpp","UuiIeI4+6a4w2V3xx4xXIBtOUNDpdb+M","legacyData"
"bcb4f8e0-6638-4346-b727-992764996079","UNDE_078.basePlot.vst","2016-11-14","vst_UNDE_2016","D05","UNDE","UNDE_078",,"NEON.PLA.D05.UNDE.09145","ok","single bole tree","Standing dead",18.6,130,11.5,,,,,,,,,,,,,"hE8YqXO7sNiNpTQ8TwLBTEwXi3KL/fpp","UuiIeI4+6a4w2V3xx4xXIBtOUNDpdb+M","legacyData"
"83cb8c52-516f-43fd-be27-dd1c02204e84","UNDE_078.basePlot.vst","2016-11-14","vst_UNDE_2016","D05","UNDE","UNDE_078",,"NEON.PLA.D05.UNDE.09129","ok","multi-bole tree","Live",18.7,130,16.9,,,,,,,,,,,,,"hE8YqXO7sNiNpTQ8TwLBTEwXi3KL/fpp","UuiIeI4+6a4w2V3xx4xXIBtOUNDpdb+M","legacyData"
"dca886c1-e609-43a7-bad0-1c697bfcead8","UNDE_078.basePlot.vst","2016-11-14","vst_UNDE_2016","D05","UNDE","UNDE_078",,"NEON.PLA.D05.UNDE.09204","ok","single shrub","Live",1.1,130,2.2,0.9,,,2.0,1.5,,"ellipsoid or sphere",1.5,10,,,,"hE8YqXO7sNiNpTQ8TwLBTEwXi3KL/fpp","UuiIeI4+6a4w2V3xx4xXIBtOUNDpdb+M","legacyData"
"624f59d9-670a-4f4e-8ae0-e72a88995d38","UNDE_078.basePlot.vst","2016-11-14","vst_UNDE_2016","D05","UNDE","UNDE_078",,"NEON.PLA.D05.UNDE.09182","ok","small tree","Standing dead",1.4,130,1.6,,,,,,,,,,,,,"hE8YqXO7sNiNpTQ8TwLBTEwXi3KL/fpp","UuiIeI4+6a4w2V3xx4xXIBtOUNDpdb+M","legacyData"
"d3f02034-5410-4ee4-a4a8-6855df18b804","UNDE_078.basePlot.vst","2016-11-14","vst_UNDE_2016","D05","UNDE","UNDE_078",,"NEON.PLA.D05.UNDE.09123","ok","single bole tree","Live",18.2,130,16.7,,,,,,,,,,,,,"hE8YqXO7sNiNpTQ8TwLBTEwXi3KL/fpp","UuiIeI4+6a4w2V3xx4xXIBtOUNDpdb+M","legacyData"
"b9a9708f-28cd-4769-83ac-afa87deefae6","UNDE_078.basePlot.vst","2016-11-14","vst_UNDE_2016","D05","UNDE","UNDE_078",,"NEON.PLA.D05.UNDE.09118","ok","single bole tree","Live",12.0,130,8.1,,,,,,,,,,,,,"hE8YqXO7sNiNpTQ8TwLBTEwXi3KL/fpp","UuiIeI4+6a4w2V3xx4xXIBtOUNDpdb+M","legacyData"
"a78bfcac-85c2-4277-8833-86b4860549db","UNDE_078.basePlot.vst","2016-11-14","vst_UNDE_2016","D05","UNDE","UNDE_078",,"NEON.PLA.D05.UNDE.09163","ok","small shrub","Live",,,1.9,0.4,,,1.1,1.0,,"ellipsoid or sphere",1.4,10,,,,"hE8YqXO7sNiNpTQ8TwLBTEwXi3KL/fpp","UuiIeI4+6a4w2V3xx4xXIBtOUNDpdb+M","legacyData"
"faecd23f-889e-4ddd-9511-7cecd703ee12","UNDE_078.basePlot.vst","2016-11-14","vst_UNDE_2016","D05","UNDE","UNDE_078",,"NEON.PLA.D05.UNDE.09157","ok","single shrub","Live",1.3,130,3.1,1.0,,,1.3,1.2,,"ellipsoid or sphere",2.2,10,,,,"hE8YqXO7sNiNpTQ8TwLBTEwXi3KL/fpp","UuiIeI4+6a4w2V3xx4xXIBtOUNDpdb+M","legacyData"
"ba3dffce-6b1d-48a6-a85f-0eb14af3abc3","UNDE_078.basePlot.vst","2016-11-14","vst_UNDE_2016","D05","UNDE","UNDE_078",,"NEON.PLA.D05.UNDE.09121","ok","single bole tree","Live",15.1,130,11.7,,,,,,,,1.0,,,,,"hE8YqXO7sNiNpTQ8TwLBTEwXi3KL/fpp","UuiIeI4+6a4w2V3xx4xXIBtOUNDpdb+M","legacyData"
"5b5523e2-e7d1-4086-9576-022882843c11","UNDE_078.basePlot.vst","2016-11-14","vst_UNDE_2016","D05","UNDE","UNDE_078",,"NEON.PLA.D05.UNDE.09140","ok","single bole tree","Standing dead",23.5,130,15.2,,,,,,,,,,,,,"hE8YqXO7sNiNpTQ8TwLBTEwXi3KL/fpp","UuiIeI4+6a4w2V3xx4xXIBtOUNDpdb+M","legacyData"
"a45b6b2b-c423-41ce-8f97-28dbcc619047","UNDE_078.basePlot.vst","2016-11-14","vst_UNDE_2016","D05","UNDE","UNDE_078",,"NEON.PLA.D05.UNDE.09115A","ok","multi-bole tree","Live",8.9,130,,,,,,,,,,,,,,"hE8YqXO7sNiNpTQ8TwLBTEwXi3KL/fpp","UuiIeI4+6a4w2V3xx4xXIBtOUNDpdb+M","legacyData"
"a64c7de0-6e41-4422-a564-1daf397a4f76","UNDE_078.basePlot.vst","2016-11-14","vst_UNDE_2016","D05","UNDE","UNDE_078",,"NEON.PLA.D05.UNDE.09117","ok","single bole tree","Live",13.1,130,10.3,,,,,,,,,,,,,"hE8YqXO7sNiNpTQ8TwLBTEwXi3KL/fpp","UuiIeI4+6a4w2V3xx4xXIBtOUNDpdb+M","legacyData"
"e09d636c-3c10-4238-9a8e-a243a3843611","UNDE_078.basePlot.vst","2016-11-14","vst_UNDE_2016","D05","UNDE","UNDE_078",,"NEON.PLA.D05.UNDE.09186","ok","small tree","Live",2.9,130,4.4,,,,,,,,,,,,,"hE8YqXO7sNiNpTQ8TwLBTEwXi3KL/fpp","UuiIeI4+6a4w2V3xx4xXIBtOUNDpdb+M","legacyData"
"f714cc0a-b963-4f0d-bbcb-17fe35ffd3d3","UNDE_078.basePlot.vst","2016-11-14","vst_UNDE_2016","D05","UNDE","UNDE_078",,"NEON.PLA.D05.UNDE.09142","ok","single bole tree","Standing dead",21.2,130,7.2,,,,,,,,,,,,,"hE8YqXO7sNiNpTQ8TwLBTEwXi3KL/fpp","UuiIeI4+6a4w2V3xx4xXIBtOUNDpdb+M","legacyData"
"a3003d02-609d-411e-8959-f539028171bc","UNDE_078.basePlot.vst","2016-11-14","vst_UNDE_2016","D05","UNDE","UNDE_078",,"NEON.PLA.D05.UNDE.09119","ok","single bole tree","Live",16.4,130,13.5,,,,,,,,,,,,,"hE8YqXO7sNiNpTQ8TwLBTEwXi3KL/fpp","UuiIeI4+6a4w2V3xx4xXIBtOUNDpdb+M","legacyData"
"539ad683-a78c-4f87-b739-739a71d1c4ce","UNDE_078.basePlot.vst","2016-11-14","vst_UNDE_2016","D05","UNDE","UNDE_078",,"NEON.PLA.D05.UNDE.09127A","ok","multi-bole tree","Live",10.5,130,,,,,,,,,,,,,,"hE8YqXO7sNiNpTQ8TwLBTEwXi3KL/fpp","UuiIeI4+6a4w2V3xx4xXIBtOUNDpdb+M","legacyData"
"d56cb6fb-c631-411b-8abc-323ecf934ebc","UNDE_078.basePlot.vst","2016-11-14","vst_UNDE_2016","D05","UNDE","UNDE_078",,"NEON.PLA.D05.UNDE.09152","ok","small shrub","Live",,,2.4,0.6,,,1.2,0.9,,"ellipsoid or sphere",1.3,10,,,,"hE8YqXO7sNiNpTQ8TwLBTEwXi3KL/fpp","UuiIeI4+6a4w2V3xx4xXIBtOUNDpdb+M","legacyData"
"fe05e5d4-e970-4322-a418-036ddb2061d4","UNDE_078.basePlot.vst","2016-11-14","vst_UNDE_2016","D05","UNDE","UNDE_078",,"NEON.PLA.D05.UNDE.09175","ok","small shrub","Live",,,1.8,0.4,,,0.8,0.6,,"ellipsoid or sphere",1.2,10,,,,"hE8YqXO7sNiNpTQ8TwLBTEwXi3KL/fpp","UuiIeI4+6a4w2V3xx4xXIBtOUNDpdb+M","legacyData"
"910bfb4b-28f7-4d58-82d3-86a990e87593","UNDE_078.basePlot.vst","2016-11-14","vst_UNDE_2016","D05","UNDE","UNDE_078",,"NEON.PLA.D05.UNDE.09180","ok","sapling","Live",,,2.0,,,,,,,,1.7,10,,,,"hE8YqXO7sNiNpTQ8TwLBTEwXi3KL/fpp","UuiIeI4+6a4w2V3xx4xXIBtOUNDpdb+M","legacyData"
"d0114d23-3fc5-4b6a-aa68-f9ca8bd47697","UNDE_078.basePlot.vst","2016-11-14","vst_UNDE_2016","D05","UNDE","UNDE_078",,"NEON.PLA.D05.UNDE.09161","ok","small tree","Live",2.5,130,3.5,,,,,,,,,,,,,"hE8YqXO7sNiNpTQ8TwLBTEwXi3KL/fpp","UuiIeI4+6a4w2V3xx4xXIBtOUNDpdb+M","legacyData"
"979a5fbc-8c73-4775-af7d-010213939c52","UNDE_078.basePlot.vst","2016-11-14","vst_UNDE_2016","D05","UNDE","UNDE_078",,"NEON.PLA.D05.UNDE.09158","ok","small tree","Live",1.5,130,,,,,,,,,,,,,"height mistakenly not taken","hE8YqXO7sNiNpTQ8TwLBTEwXi3KL/fpp","UuiIeI4+6a4w2V3xx4xXIBtOUNDpdb+M","legacyData"
"cbc679ce-7dd9-4dcf-b1d1-daea88f04673","UNDE_078.basePlot.vst","2016-11-14","vst_UNDE_2016","D05","UNDE","UNDE_078",,"NEON.PLA.D05.UNDE.09151","ok","single bole tree","Live",14.3,130,13.5,,,,,,,,,,,,,"hE8YqXO7sNiNpTQ8TwLBTEwXi3KL/fpp","UuiIeI4+6a4w2V3xx4xXIBtOUNDpdb+M","legacyData"
"6ea466f2-c47d-4fcb-9644-fb8cd0189255","UNDE_078.basePlot.vst","2016-11-14","vst_UNDE_2016","D05","UNDE","UNDE_078",,"NEON.PLA.D05.UNDE.09128","ok","single bole tree","Live",25.3,130,16.8,,,,,,,,,,,,,"hE8YqXO7sNiNpTQ8TwLBTEwXi3KL/fpp","UuiIeI4+6a4w2V3xx4xXIBtOUNDpdb+M","legacyData"
"6d254c61-5638-4f30-a2f2-be311c2ab1a9","UNDE_078.basePlot.vst","2016-11-14","vst_UNDE_2016","D05","UNDE","UNDE_078",,"NEON.PLA.D05.UNDE.09141A","ok","multi-bole tree","Dead, broken bole",48.8,129,,,,,,,,,,,,,,"hE8YqXO7sNiNpTQ8TwLBTEwXi3KL/fpp","UuiIeI4+6a4w2V3xx4xXIBtOUNDpdb+M","legacyData"
"1cf66a64-2147-4dac-88c7-c8b010702c43","UNDE_078.basePlot.vst","2016-11-14","vst_UNDE_2016","D05","UNDE","UNDE_078",,"NEON.PLA.D05.UNDE.09125A","ok","multi-bole tree","Live",14.8,170,,,,,,,,,,,,,,"hE8YqXO7sNiNpTQ8TwLBTEwXi3KL/fpp","UuiIeI4+6a4w2V3xx4xXIBtOUNDpdb+M","legacyData"
"18b3dc62-de0a-4814-86c7-7290962342ad","UNDE_078.basePlot.vst","2016-11-14","vst_UNDE_2016","D05","UNDE","UNDE_078",,"NEON.PLA.D05.UNDE.09178","ok","sapling","Live",,,1.0,,,,,,,,1.1,10,,,,"hE8YqXO7sNiNpTQ8TwLBTEwXi3KL/fpp","UuiIeI4+6a4w2V3xx4xXIBtOUNDpdb+M","legacyData"
"b3a4aa93-1519-415e-b413-59ff74dbc597","UNDE_078.basePlot.vst","2016-11-14","vst_UNDE_2016","D05","UNDE","UNDE_078",,"NEON.PLA.D05.UNDE.09130","ok","single bole tree","Live",13.4,130,12.7,,,,,,,,,,,,,"hE8YqXO7sNiNpTQ8TwLBTEwXi3KL/fpp","UuiIeI4+6a4w2V3xx4xXIBtOUNDpdb+M","legacyData"
"1488794b-696f-4b9f-9b23-e8b720c3ffaa","UNDE_078.basePlot.vst","2016-11-14","vst_UNDE_2016","D05","UNDE","UNDE_078",,"NEON.PLA.D05.UNDE.09187","ok","small tree","Live",1.0,130,2.1,,,,,,,,,,,,,"hE8YqXO7sNiNpTQ8TwLBTEwXi3KL/fpp","UuiIeI4+6a4w2V3xx4xXIBtOUNDpdb+M","legacyData"
"3d235d49-d77c-4a20-a70d-c1919999402f","UNDE_078.basePlot.vst","2016-11-14","vst_UNDE_2016","D05","UNDE","UNDE_078",,"NEON.PLA.D05.UNDE.09107","ok","single bole tree","Live",12.0,130,9.8,,,,,,,,,,,,,"hE8YqXO7sNiNpTQ8TwLBTEwXi3KL/fpp","UuiIeI4+6a4w2V3xx4xXIBtOUNDpdb+M","legacyData"
"e54d0339-1da3-421e-8103-eb30df2b3eca","UNDE_078.basePlot.vst","2016-11-14","vst_UNDE_2016","D05","UNDE","UNDE_078",,"NEON.PLA.D05.UNDE.09154","ok","small tree","Live",5.0,130,6.2,,,,,,,,,,,,,"hE8YqXO7sNiNpTQ8TwLBTEwXi3KL/fpp","UuiIeI4+6a4w2V3xx4xXIBtOUNDpdb+M","legacyData"
"2f823289-d99d-4c6b-84c1-bfbe6f47d209","UNDE_078.basePlot.vst","2016-11-14","vst_UNDE_2016","D05","UNDE","UNDE_078",,"NEON.PLA.D05.UNDE.09168","ok","sapling","Live",,,1.4,,,,,,,,1.1,10,,,,"hE8YqXO7sNiNpTQ8TwLBTEwXi3KL/fpp","UuiIeI4+6a4w2V3xx4xXIBtOUNDpdb+M","legacyData"
"2e4feaf4-5000-4ec3-90ef-d6c46c482012","UNDE_078.basePlot.vst","2016-11-14","vst_UNDE_2016","D05","UNDE","UNDE_078",,"NEON.PLA.D05.UNDE.09174","ok","single shrub","Live",1.0,130,2.1,0.5,,,1.2,1.1,,"ellipsoid or sphere",2.0,10,,,,"hE8YqXO7sNiNpTQ8TwLBTEwXi3KL/fpp","UuiIeI4+6a4w2V3xx4xXIBtOUNDpdb+M","legacyData"
"c8c19404-344f-43dc-b307-52b43d5b3922","UNDE_078.basePlot.vst","2016-11-14","vst_UNDE_2016","D05","UNDE","UNDE_078",,"NEON.PLA.D05.UNDE.09144","ok","single bole tree","Dead, broken bole",51.8,130,10.2,,,,,,,,,,,,,"hE8YqXO7sNiNpTQ8TwLBTEwXi3KL/fpp","UuiIeI4+6a4w2V3xx4xXIBtOUNDpdb+M","legacyData"
"287f4829-3d22-406c-bf1e-0b5e2cfb8e3f","UNDE_078.basePlot.vst","2016-11-14","vst_UNDE_2016","D05","UNDE","UNDE_078",,"NEON.PLA.D05.UNDE.09183","ok","small tree","Live",1.5,130,3.2,,,,,,,,,,,,,"hE8YqXO7sNiNpTQ8TwLBTEwXi3KL/fpp","UuiIeI4+6a4w2V3xx4xXIBtOUNDpdb+M","legacyData"
"aecb79b6-1ca0-4d70-a288-b6b84e91aee4","UNDE_078.basePlot.vst","2016-11-14","vst_UNDE_2016","D05","UNDE","UNDE_078",,"NEON.PLA.D05.UNDE.09108","ok","multi-bole tree","Live",12.0,130,10.8,,,,,,,,,,,,,"hE8YqXO7sNiNpTQ8TwLBTEwXi3KL/fpp","UuiIeI4+6a4w2V3xx4xXIBtOUNDpdb+M","legacyData"
"f59d29fa-2fb0-460c-ad8c-5610c69b4707","UNDE_078.basePlot.vst","2016-11-14","vst_UNDE_2016","D05","UNDE","UNDE_078",,"NEON.PLA.D05.UNDE.09106","ok","single bole tree","Live",17.3,130,11.2,,,,,,,,,,,,,"hE8YqXO7sNiNpTQ8TwLBTEwXi3KL/fpp","UuiIeI4+6a4w2V3xx4xXIBtOUNDpdb+M","legacyData"
"8a5ca343-965d-486e-a727-d6ad50f698ea","UNDE_060.basePlot.vst","2016-11-15","vst_UNDE_2016","D05","UNDE","UNDE_060",,"NEON.PLA.D05.UNDE.03654","ok","small shrub","Live",,,2.0,0.7,,,1.7,1.1,,"ellipsoid or sphere",1.4,10,,,,"UuiIeI4+6a4w2V3xx4xXIBtOUNDpdb+M","B/1XguR/VImkpiciTImn0yyrFfzGHeqw","legacyData"
"3555e689-a32a-4caa-a2fc-d74b14b3e523","UNDE_060.basePlot.vst","2016-11-15","vst_UNDE_2016","D05","UNDE","UNDE_060",,"NEON.PLA.D05.UNDE.09190","ok","sapling","Live",,,0.6,,,,,,,,1.2,10,,,,"UuiIeI4+6a4w2V3xx4xXIBtOUNDpdb+M","B/1XguR/VImkpiciTImn0yyrFfzGHeqw","legacyData"
"ac905b25-cac9-4a63-a703-eb980dc3f09b","UNDE_060.basePlot.vst","2016-11-15","vst_UNDE_2016","D05","UNDE","UNDE_060",,"NEON.PLA.D05.UNDE.09188","ok","small shrub","Live",,,2.0,0.6,,,1.1,0.7,,"ellipsoid or sphere",1.5,10,,,,"UuiIeI4+6a4w2V3xx4xXIBtOUNDpdb+M","B/1XguR/VImkpiciTImn0yyrFfzGHeqw","legacyData"
"5ae69706-acf5-42fd-bd09-578e3f129ed5","UNDE_060.basePlot.vst","2016-11-15","vst_UNDE_2016","D05","UNDE","UNDE_060",,"NEON.PLA.D05.UNDE.03713","untagged",,"Removed",,,,,,,,,,,,,,,"fallen down and removed","UuiIeI4+6a4w2V3xx4xXIBtOUNDpdb+M","B/1XguR/VImkpiciTImn0yyrFfzGHeqw","legacyData"
"1aa7e8cd-b9b1-4ff9-9c91-bcfc305fb4e6","UNDE_060.basePlot.vst","2016-11-15","vst_UNDE_2016","D05","UNDE","UNDE_060",,"NEON.PLA.D05.UNDE.09300","ok","sapling","Live",,,0.6,,,,,,,,1.1,10,,,,"UuiIeI4+6a4w2V3xx4xXIBtOUNDpdb+M","B/1XguR/VImkpiciTImn0yyrFfzGHeqw","legacyData"
"9e7287c9-1c9b-4e44-90b1-80703e02a999","UNDE_060.basePlot.vst","2016-11-15","vst_UNDE_2016","D05","UNDE","UNDE_060",,"NEON.PLA.D05.UNDE.03868","ok","sapling","Live",,,0.7,,,,,,,,1.1,10,,,,"UuiIeI4+6a4w2V3xx4xXIBtOUNDpdb+M","B/1XguR/VImkpiciTImn0yyrFfzGHeqw","legacyData"
"d4039a9e-001b-4c5f-bf51-2434a8a291d8","UNDE_060.basePlot.vst","2016-11-15","vst_UNDE_2016","D05","UNDE","UNDE_060",,"NEON.PLA.D05.UNDE.03561","ok","sapling","Live",,,0.5,,,,,,,,1.6,10,,,,"UuiIeI4+6a4w2V3xx4xXIBtOUNDpdb+M","B/1XguR/VImkpiciTImn0yyrFfzGHeqw","legacyData"
"f77dd57e-4d66-44c5-a621-f2d889d4a9d8","UNDE_060.basePlot.vst","2016-11-15","vst_UNDE_2016","D05","UNDE","UNDE_060",,"NEON.PLA.D05.UNDE.03633","ok","single bole tree","Live",19.0,130,13.2,,,,,,,,,,,,,"UuiIeI4+6a4w2V3xx4xXIBtOUNDpdb+M","B/1XguR/VImkpiciTImn0yyrFfzGHeqw","legacyData"
"3706e0ef-02e4-4bdc-be96-6309e60754e5","UNDE_060.basePlot.vst","2016-11-15","vst_UNDE_2016","D05","UNDE","UNDE_060",,"NEON.PLA.D05.UNDE.03683","ok","single shrub","Live",2.2,130,6.0,,,,3.2,2.8,,"inverted cone",2.9,10,0.70,0.50,,"UuiIeI4+6a4w2V3xx4xXIBtOUNDpdb+M","B/1XguR/VImkpiciTImn0yyrFfzGHeqw","legacyData"
"0985faa8-6078-4bff-8e88-402887196d64","UNDE_060.basePlot.vst","2016-11-15","vst_UNDE_2016","D05","UNDE","UNDE_060",,"NEON.PLA.D05.UNDE.03188","ok","single bole tree","Live",15.1,130,11.3,,,,,,,,,,,,,"UuiIeI4+6a4w2V3xx4xXIBtOUNDpdb+M","B/1XguR/VImkpiciTImn0yyrFfzGHeqw","legacyData"
"e9fcb7d5-ccdf-4d22-a5ef-ada43cfa2c94","UNDE_060.basePlot.vst","2016-11-15","vst_UNDE_2016","D05","UNDE","UNDE_060",,"NEON.PLA.D05.UNDE.03850","ok","single shrub","Live",1.3,130,5.4,,,,4.8,3.7,,"inverted cone",1.9,10,0.50,0.40,,"UuiIeI4+6a4w2V3xx4xXIBtOUNDpdb+M","B/1XguR/VImkpiciTImn0yyrFfzGHeqw","legacyData"
"28b3f3d7-cfd5-4a40-a4ed-3f6c2fcd3b2d","UNDE_060.basePlot.vst","2016-11-15","vst_UNDE_2016","D05","UNDE","UNDE_060",,"NEON.PLA.D05.UNDE.03632","ok","single bole tree","Live",12.2,130,11.1,,,,,,,,,,,,,"UuiIeI4+6a4w2V3xx4xXIBtOUNDpdb+M","B/1XguR/VImkpiciTImn0yyrFfzGHeqw","legacyData"
"16b6ff05-3b2c-4526-a11e-fefcbea0ce25","UNDE_060.basePlot.vst","2016-11-15","vst_UNDE_2016","D05","UNDE","UNDE_060",,"NEON.PLA.D05.UNDE.03679","ok","sapling","Live",,,0.6,,,,,,,,1.1,10,,,,"UuiIeI4+6a4w2V3xx4xXIBtOUNDpdb+M","B/1XguR/VImkpiciTImn0yyrFfzGHeqw","legacyData"
"67319410-1609-4d10-971b-fe8b414dad6d","UNDE_060.basePlot.vst","2016-11-15","vst_UNDE_2016","D05","UNDE","UNDE_060",,"NEON.PLA.D05.UNDE.03716","ok","single bole tree","Live",12.3,130,10.5,,,,,,,,,,,,,"UuiIeI4+6a4w2V3xx4xXIBtOUNDpdb+M","B/1XguR/VImkpiciTImn0yyrFfzGHeqw","legacyData"
"868677d1-797e-4f01-9b26-9e7049871cc6","UNDE_060.basePlot.vst","2016-11-15","vst_UNDE_2016","D05","UNDE","UNDE_060",,"NEON.PLA.D05.UNDE.04000","ok","single shrub","Live",1.0,130,2.2,1.2,,,1.0,0.9,,"ellipsoid or sphere",1.6,10,,,,"UuiIeI4+6a4w2V3xx4xXIBtOUNDpdb+M","B/1XguR/VImkpiciTImn0yyrFfzGHeqw","legacyData"
"0ed34d73-50e4-47ed-a362-deb22f0ae2e5","UNDE_060.basePlot.vst","2016-11-15","vst_UNDE_2016","D05","UNDE","UNDE_060",,"NEON.PLA.D05.UNDE.03843","ok","small tree","Live",6.7,130,5.4,,,,,,,,,,,,,"UuiIeI4+6a4w2V3xx4xXIBtOUNDpdb+M","B/1XguR/VImkpiciTImn0yyrFfzGHeqw","legacyData"
"2a95db7a-bff5-44f2-a39c-0ec8ee7ae9ee","UNDE_060.basePlot.vst","2016-11-15","vst_UNDE_2016","D05","UNDE","UNDE_060",,"NEON.PLA.D05.UNDE.03595","ok","small shrub","Live",,,1.9,0.6,,,0.8,0.5,,"ellipsoid or sphere",1.3,10,,,,"UuiIeI4+6a4w2V3xx4xXIBtOUNDpdb+M","B/1XguR/VImkpiciTImn0yyrFfzGHeqw","legacyData"
"5a543073-f2c3-40d3-b045-17eba6da9b92","UNDE_060.basePlot.vst","2016-11-15","vst_UNDE_2016","D05","UNDE","UNDE_060",,"NEON.PLA.D05.UNDE.03850","ok","single shrub","Live",5.4,130,5.4,,,,4.8,3.7,,"inverted cone",7.1,10,0.50,0.40,,"UuiIeI4+6a4w2V3xx4xXIBtOUNDpdb+M","B/1XguR/VImkpiciTImn0yyrFfzGHeqw","legacyData"
"4226aa21-bd2c-4335-bdb0-24d3d232cf09","UNDE_060.basePlot.vst","2016-11-15","vst_UNDE_2016","D05","UNDE","UNDE_060",,"NEON.PLA.D05.UNDE.00313","ok","single bole tree","Live",10.5,130,8.9,,,,,,,,,,,,,"UuiIeI4+6a4w2V3xx4xXIBtOUNDpdb+M","B/1XguR/VImkpiciTImn0yyrFfzGHeqw","legacyData"
"edc4e5af-1fd1-4aaa-abcd-1b1e05061154","UNDE_060.basePlot.vst","2016-11-15","vst_UNDE_2016","D05","UNDE","UNDE_060",,"NEON.PLA.D05.UNDE.03900","ok","single bole tree","Live",17.7,130,11.4,,,,,,,,,,,,,"UuiIeI4+6a4w2V3xx4xXIBtOUNDpdb+M","B/1XguR/VImkpiciTImn0yyrFfzGHeqw","legacyData"
"d97d78d5-9a39-447e-9432-b55c3b2c6cb4","UNDE_060.basePlot.vst","2016-11-15","vst_UNDE_2016","D05","UNDE","UNDE_060",,"NEON.PLA.D05.UNDE.01720","ok","single bole tree","Live",16.2,130,13.2,,,,,,,,,,,,,"UuiIeI4+6a4w2V3xx4xXIBtOUNDpdb+M","B/1XguR/VImkpiciTImn0yyrFfzGHeqw","legacyData"
"3dc66899-0627-4a28-a710-f21938bd16bb","UNDE_060.basePlot.vst","2016-11-15","vst_UNDE_2016","D05","UNDE","UNDE_060",,"NEON.PLA.D05.UNDE.03043","ok",,"No longer qualifies",,,,,,,,,,,,,,,"no DBH but the tag wasnt removed yet. it should be removed next year.","UuiIeI4+6a4w2V3xx4xXIBtOUNDpdb+M","B/1XguR/VImkpiciTImn0yyrFfzGHeqw","legacyData"
"81a25641-3d4d-4700-a20c-0ab672e3e92c","UNDE_060.basePlot.vst","2016-11-15","vst_UNDE_2016","D05","UNDE","UNDE_060",,"NEON.PLA.D05.UNDE.03563","ok","single bole tree","Live",14.5,130,11.5,,,,,,,,,,,,,"UuiIeI4+6a4w2V3xx4xXIBtOUNDpdb+M","B/1XguR/VImkpiciTImn0yyrFfzGHeqw","legacyData"
"ea5e9218-5ad1-4acd-85c7-74a61e084e8b","UNDE_060.basePlot.vst","2016-11-15","vst_UNDE_2016","D05","UNDE","UNDE_060",,"NEON.PLA.D05.UNDE.03558","ok","single bole tree","Live",16.2,130,4.3,,,,,,,,,,,,,"UuiIeI4+6a4w2V3xx4xXIBtOUNDpdb+M","B/1XguR/VImkpiciTImn0yyrFfzGHeqw","legacyData"
"a9ed641e-29ab-40ff-8f08-0c3de43d019a","UNDE_060.basePlot.vst","2016-11-15","vst_UNDE_2016","D05","UNDE","UNDE_060",,"NEON.PLA.D05.UNDE.03567","ok","single bole tree","Live",25.3,130,11.6,,,,,,,,,,,,,"UuiIeI4+6a4w2V3xx4xXIBtOUNDpdb+M","B/1XguR/VImkpiciTImn0yyrFfzGHeqw","legacyData"
"c377300c-38b4-4f9a-acaa-239cf4b97a08","UNDE_060.basePlot.vst","2016-11-15","vst_UNDE_2016","D05","UNDE","UNDE_060",,"NEON.PLA.D05.UNDE.03683","ok","single shrub","Live",1.0,130,6.0,,,,3.2,2.8,,"inverted cone",1.8,10,0.70,0.50,,"UuiIeI4+6a4w2V3xx4xXIBtOUNDpdb+M","B/1XguR/VImkpiciTImn0yyrFfzGHeqw","legacyData"
"360e020c-b33e-4767-a5d8-2960b4378f8d","UNDE_060.basePlot.vst","2016-11-15","vst_UNDE_2016","D05","UNDE","UNDE_060",,"NEON.PLA.D05.UNDE.03782","ok","single bole tree","Live",11.8,130,9.8,,,,,,,,,,,,,"UuiIeI4+6a4w2V3xx4xXIBtOUNDpdb+M","B/1XguR/VImkpiciTImn0yyrFfzGHeqw","legacyData"
"23c5cc8b-964a-4300-a8b0-162046da9235","UNDE_060.basePlot.vst","2016-11-15","vst_UNDE_2016","D05","UNDE","UNDE_060",,"NEON.PLA.D05.UNDE.03574","ok","single bole tree","Live",31.7,130,19.5,,,,,,,,,,,,,"UuiIeI4+6a4w2V3xx4xXIBtOUNDpdb+M","B/1XguR/VImkpiciTImn0yyrFfzGHeqw","legacyData"
"8faafb23-f3e5-479e-8e53-c3de03955be2","UNDE_060.basePlot.vst","2016-11-15","vst_UNDE_2016","D05","UNDE","UNDE_060",,"NEON.PLA.D05.UNDE.03744","ok","single bole tree","Live",19.7,130,16.2,,,,,,,,,,,,,"UuiIeI4+6a4w2V3xx4xXIBtOUNDpdb+M","B/1XguR/VImkpiciTImn0yyrFfzGHeqw","legacyData"
"f61ad013-c491-4a72-8147-c7fcd420ba0a","UNDE_060.basePlot.vst","2016-11-15","vst_UNDE_2016","D05","UNDE","UNDE_060",,"NEON.PLA.D05.UNDE.03104","ok","single bole tree","Live,  other damage",35.7,130,16.6,,,,,,,,,,,,,"UuiIeI4+6a4w2V3xx4xXIBtOUNDpdb+M","B/1XguR/VImkpiciTImn0yyrFfzGHeqw","legacyData"
"5c1121dd-6d0f-48a9-af01-650df4b61565","UNDE_060.basePlot.vst","2016-11-15","vst_UNDE_2016","D05","UNDE","UNDE_060",,"NEON.PLA.D05.UNDE.03683","ok","single shrub","Live",1.3,130,6.0,,,,3.2,2.8,,"inverted cone",1.8,10,0.70,0.50,,"UuiIeI4+6a4w2V3xx4xXIBtOUNDpdb+M","B/1XguR/VImkpiciTImn0yyrFfzGHeqw","legacyData"
"2f0bc957-062d-45a6-b2bc-93a9e8007090","UNDE_060.basePlot.vst","2016-11-15","vst_UNDE_2016","D05","UNDE","UNDE_060",,"NEON.PLA.D05.UNDE.03661","ok","sapling","Live",,,0.8,,,,,,,,1.4,10,,,,"UuiIeI4+6a4w2V3xx4xXIBtOUNDpdb+M","B/1XguR/VImkpiciTImn0yyrFfzGHeqw","legacyData"
"8c56d920-49b1-47c4-8c9d-df1ed4fd5740","UNDE_060.basePlot.vst","2016-11-15","vst_UNDE_2016","D05","UNDE","UNDE_060",,"NEON.PLA.D05.UNDE.03681","ok","small shrub","Live",,,2.3,1.1,,,0.7,0.6,,"ellipsoid or sphere",1.5,10,,,,"UuiIeI4+6a4w2V3xx4xXIBtOUNDpdb+M","B/1XguR/VImkpiciTImn0yyrFfzGHeqw","legacyData"
"97e4efef-7b35-48e9-adaf-2fb61e14ccba","UNDE_060.basePlot.vst","2016-11-15","vst_UNDE_2016","D05","UNDE","UNDE_060",,"NEON.PLA.D05.UNDE.03754","ok","sapling","Live",,,0.9,,,,,,,,2.1,10,,,,"UuiIeI4+6a4w2V3xx4xXIBtOUNDpdb+M","B/1XguR/VImkpiciTImn0yyrFfzGHeqw","legacyData"
"dd4aeee2-1cc6-4eeb-bd77-a6387b8d2545","UNDE_060.basePlot.vst","2016-11-15","vst_UNDE_2016","D05","UNDE","UNDE_060",,"NEON.PLA.D05.UNDE.03683","ok","single shrub","Live",5.1,130,6.0,,,,3.2,2.8,,"inverted cone",6.4,10,0.70,0.50,,"UuiIeI4+6a4w2V3xx4xXIBtOUNDpdb+M","B/1XguR/VImkpiciTImn0yyrFfzGHeqw","legacyData"
"55682ff2-8d0c-4655-a2a4-84bc91a791be","UNDE_060.basePlot.vst","2016-11-15","vst_UNDE_2016","D05","UNDE","UNDE_060",,"NEON.PLA.D05.UNDE.03654","ok","small shrub","Live",,,2.0,0.7,,,1.7,1.1,,"ellipsoid or sphere",1.0,10,,,,"UuiIeI4+6a4w2V3xx4xXIBtOUNDpdb+M","B/1XguR/VImkpiciTImn0yyrFfzGHeqw","legacyData"
"805197d7-846c-44d8-a4a0-4e9672e98a35","UNDE_060.basePlot.vst","2016-11-15","vst_UNDE_2016","D05","UNDE","UNDE_060",,"NEON.PLA.D05.UNDE.03652","ok","single bole tree","Live, physically damaged",22.8,130,11.4,,,,,,,,,,,,,"UuiIeI4+6a4w2V3xx4xXIBtOUNDpdb+M","B/1XguR/VImkpiciTImn0yyrFfzGHeqw","legacyData"
"cc0c4a3c-fd99-444a-a576-576bf51c7dbe","UNDE_060.basePlot.vst","2016-11-15","vst_UNDE_2016","D05","UNDE","UNDE_060",,"NEON.PLA.D05.UNDE.03565","ok","small tree","Live",3.0,130,2.9,,,,,,,,,,,,,"UuiIeI4+6a4w2V3xx4xXIBtOUNDpdb+M","B/1XguR/VImkpiciTImn0yyrFfzGHeqw","legacyData"
"b5281cc8-63b2-4980-953c-da5b1a18f767","UNDE_060.basePlot.vst","2016-11-15","vst_UNDE_2016","D05","UNDE","UNDE_060",,"NEON.PLA.D05.UNDE.03659","ok","single bole tree","Live",27.7,130,15.9,,,,,,,,,,,,,"UuiIeI4+6a4w2V3xx4xXIBtOUNDpdb+M","B/1XguR/VImkpiciTImn0yyrFfzGHeqw","legacyData"
"2a9e3b15-16b1-4632-a9b8-fb7723dcc294","UNDE_060.basePlot.vst","2016-11-15","vst_UNDE_2016","D05","UNDE","UNDE_060",,"NEON.PLA.D05.UNDE.03800","ok","small tree","Live",2.9,130,6.1,,,,,,,,,,,,,"UuiIeI4+6a4w2V3xx4xXIBtOUNDpdb+M","B/1XguR/VImkpiciTImn0yyrFfzGHeqw","legacyData"
"2abe3043-0bbd-4fba-9114-ae8e1ce5f4f9","UNDE_060.basePlot.vst","2016-11-15","vst_UNDE_2016","D05","UNDE","UNDE_060",,"NEON.PLA.D05.UNDE.03639","ok","single shrub","Live, broken bole",2.0,130,4.8,,,,5.0,1.6,,"inverted cone",3.1,10,0.30,0.10,,"UuiIeI4+6a4w2V3xx4xXIBtOUNDpdb+M","B/1XguR/VImkpiciTImn0yyrFfzGHeqw","legacyData"
"310d05f1-c53e-4da6-b19f-32cbc5f1eff6","UNDE_060.basePlot.vst","2016-11-15","vst_UNDE_2016","D05","UNDE","UNDE_060",,"NEON.PLA.D05.UNDE.03746","ok","sapling","Live",,,1.2,,,,,,,,2.1,10,,,,"UuiIeI4+6a4w2V3xx4xXIBtOUNDpdb+M","B/1XguR/VImkpiciTImn0yyrFfzGHeqw","legacyData"
"7b994300-3aa3-48ee-bb94-d3e0ce29b40a","UNDE_060.basePlot.vst","2016-11-15","vst_UNDE_2016","D05","UNDE","UNDE_060",,"NEON.PLA.D05.UNDE.02891","ok","single bole tree","Live",14.3,130,6.8,,,,,,,,,,,,,"UuiIeI4+6a4w2V3xx4xXIBtOUNDpdb+M","B/1XguR/VImkpiciTImn0yyrFfzGHeqw","legacyData"
"e07fa6a7-949e-4fac-94f3-b79b97c086f8","UNDE_060.basePlot.vst","2016-11-15","vst_UNDE_2016","D05","UNDE","UNDE_060",,"NEON.PLA.D05.UNDE.03773","ok","single bole tree","Live",32.2,130,16.0,,,,,,,,,,,,,"UuiIeI4+6a4w2V3xx4xXIBtOUNDpdb+M","B/1XguR/VImkpiciTImn0yyrFfzGHeqw","legacyData"
"ae14a422-b650-416e-bd41-975a709c3eba","UNDE_060.basePlot.vst","2016-11-15","vst_UNDE_2016","D05","UNDE","UNDE_060",,"NEON.PLA.D05.UNDE.03985","ok","sapling","Live",,,0.9,,,,,,,,1.7,10,,,,"UuiIeI4+6a4w2V3xx4xXIBtOUNDpdb+M","B/1XguR/VImkpiciTImn0yyrFfzGHeqw","legacyData"
"5a899d88-7c2a-4825-94ea-5560757e8da5","UNDE_060.basePlot.vst","2016-11-15","vst_UNDE_2016","D05","UNDE","UNDE_060",,"NEON.PLA.D05.UNDE.03710","untagged",,"Removed",,,,,,,,,,,,,,,"removed because it was part of an apparent individual that was already tagged.","UuiIeI4+6a4w2V3xx4xXIBtOUNDpdb+M","B/1XguR/VImkpiciTImn0yyrFfzGHeqw","legacyData"
"dbce08b9-3b8c-44e9-a251-8f7d5eb402c6","UNDE_060.basePlot.vst","2016-11-15","vst_UNDE_2016","D05","UNDE","UNDE_060",,"NEON.PLA.D05.UNDE.03639","ok","single shrub","Live, broken bole",1.2,130,4.8,,,,5.0,1.6,,"inverted cone",1.6,10,0.30,0.10,,"UuiIeI4+6a4w2V3xx4xXIBtOUNDpdb+M","B/1XguR/VImkpiciTImn0yyrFfzGHeqw","legacyData"
"9aff4c5a-1c2a-4bd8-a0cc-f7719772b542","UNDE_060.basePlot.vst","2016-11-15","vst_UNDE_2016","D05","UNDE","UNDE_060",,"NEON.PLA.D05.UNDE.03794","ok","single bole tree","Live",14.2,130,11.2,,,,,,,,,,,,,"UuiIeI4+6a4w2V3xx4xXIBtOUNDpdb+M","B/1XguR/VImkpiciTImn0yyrFfzGHeqw","legacyData"
"90e716a1-bd27-4c59-a33f-672a444ef596","UNDE_060.basePlot.vst","2016-11-15","vst_UNDE_2016","D05","UNDE","UNDE_060",,"NEON.PLA.D05.UNDE.03866A","ok","multi-bole tree","Live",12.2,130,,,,,,,,,,,,,,"UuiIeI4+6a4w2V3xx4xXIBtOUNDpdb+M","B/1XguR/VImkpiciTImn0yyrFfzGHeqw","legacyData"
"ab6446be-7bce-4b3a-b4fc-95ea81c89de7","UNDE_060.basePlot.vst","2016-11-15","vst_UNDE_2016","D05","UNDE","UNDE_060",,"NEON.PLA.D05.UNDE.03785","ok","single bole tree","Live",13.4,130,9.9,,,,,,,,,,,,,"UuiIeI4+6a4w2V3xx4xXIBtOUNDpdb+M","B/1XguR/VImkpiciTImn0yyrFfzGHeqw","legacyData"
"aee3f405-36f6-436b-b8f5-629e739317b0","UNDE_060.basePlot.vst","2016-11-15","vst_UNDE_2016","D05","UNDE","UNDE_060",,"NEON.PLA.D05.UNDE.03706","ok","single bole tree","Live",34.6,130,16.7,,,,,,,,,,,,,"UuiIeI4+6a4w2V3xx4xXIBtOUNDpdb+M","B/1XguR/VImkpiciTImn0yyrFfzGHeqw","legacyData"
"91a93a1f-05a7-48f5-8690-87d2eee86aae","UNDE_060.basePlot.vst","2016-11-15","vst_UNDE_2016","D05","UNDE","UNDE_060",,"NEON.PLA.D05.UNDE.03639","ok","single shrub","Live",2.9,130,4.8,,,,5.0,1.6,,"inverted cone",3.8,10,0.30,0.10,,"UuiIeI4+6a4w2V3xx4xXIBtOUNDpdb+M","B/1XguR/VImkpiciTImn0yyrFfzGHeqw","legacyData"
"8a6d9caf-76f2-458a-a798-2cb4c5530c3a","UNDE_060.basePlot.vst","2016-11-15","vst_UNDE_2016","D05","UNDE","UNDE_060",,"NEON.PLA.D05.UNDE.03934","untagged",,"No longer qualifies",,,,,,,,,,,,,,,,"UuiIeI4+6a4w2V3xx4xXIBtOUNDpdb+M","B/1XguR/VImkpiciTImn0yyrFfzGHeqw","legacyData"
"2cc745d6-bc26-420a-bb15-4bc8cdb48c6e","UNDE_060.basePlot.vst","2016-11-15","vst_UNDE_2016","D05","UNDE","UNDE_060",,"NEON.PLA.D05.UNDE.03639","ok","single shrub","Live",2.2,130,4.8,,,,5.0,1.6,,"inverted cone",2.7,10,0.30,0.10,,"UuiIeI4+6a4w2V3xx4xXIBtOUNDpdb+M","B/1XguR/VImkpiciTImn0yyrFfzGHeqw","legacyData"
"7c6e2506-141a-40d7-bc30-2e8d5aec8d01","UNDE_060.basePlot.vst","2016-11-15","vst_UNDE_2016","D05","UNDE","UNDE_060",,"NEON.PLA.D05.UNDE.03637","ok","sapling","Live",,,0.5,,,,,,,,1.0,10,,,,"UuiIeI4+6a4w2V3xx4xXIBtOUNDpdb+M","B/1XguR/VImkpiciTImn0yyrFfzGHeqw","legacyData"
"3f4324bb-e5b7-4ccf-9165-cdef0cfb2672","UNDE_060.basePlot.vst","2016-11-15","vst_UNDE_2016","D05","UNDE","UNDE_060",,"NEON.PLA.D05.UNDE.09299","ok","sapling","Live",,,0.5,,,,,,,,1.0,10,,,,"UuiIeI4+6a4w2V3xx4xXIBtOUNDpdb+M","B/1XguR/VImkpiciTImn0yyrFfzGHeqw","legacyData"
"b2e92e90-96d5-485c-834c-47eeae7c6ea3","UNDE_060.basePlot.vst","2016-11-15","vst_UNDE_2016","D05","UNDE","UNDE_060",,"NEON.PLA.D05.UNDE.03636","ok","sapling","Live",,,0.4,,,,,,,,1.2,10,,,,"UuiIeI4+6a4w2V3xx4xXIBtOUNDpdb+M","B/1XguR/VImkpiciTImn0yyrFfzGHeqw","legacyData"
"2c6af37b-c37a-4381-8818-b31e649b4cb3","UNDE_060.basePlot.vst","2016-11-15","vst_UNDE_2016","D05","UNDE","UNDE_060",,"NEON.PLA.D05.UNDE.03875","ok","single bole tree","Live",16.2,140,10.1,,,,,,,,,,,,,"UuiIeI4+6a4w2V3xx4xXIBtOUNDpdb+M","B/1XguR/VImkpiciTImn0yyrFfzGHeqw","legacyData"
"0bdcf167-bea9-4317-a7af-7781f2c24f74","UNDE_060.basePlot.vst","2016-11-15","vst_UNDE_2016","D05","UNDE","UNDE_060",,"NEON.PLA.D05.UNDE.03121","ok","single bole tree","Live",13.2,130,12.1,,,,,,,,,,,,,"UuiIeI4+6a4w2V3xx4xXIBtOUNDpdb+M","B/1XguR/VImkpiciTImn0yyrFfzGHeqw","legacyData"
"3bc17697-a106-49b8-a49a-d7b5c1ec1ea2","UNDE_060.basePlot.vst","2016-11-15","vst_UNDE_2016","D05","UNDE","UNDE_060",,"NEON.PLA.D05.UNDE.03638","ok","single bole tree","Live",13.1,130,7.6,,,,,,,,,,,,,"UuiIeI4+6a4w2V3xx4xXIBtOUNDpdb+M","B/1XguR/VImkpiciTImn0yyrFfzGHeqw","legacyData"
"5cd7c5b0-e7d9-4119-b733-e71425f579a7","UNDE_060.basePlot.vst","2016-11-15","vst_UNDE_2016","D05","UNDE","UNDE_060",,"NEON.PLA.D05.UNDE.03757","ok","single bole tree","Live",35.7,130,16.6,,,,,,,,,,,,,"UuiIeI4+6a4w2V3xx4xXIBtOUNDpdb+M","B/1XguR/VImkpiciTImn0yyrFfzGHeqw","legacyData"
"bd140a5c-f987-4b36-862d-9916d4a246a1","UNDE_060.basePlot.vst","2016-11-15","vst_UNDE_2016","D05","UNDE","UNDE_060",,"NEON.PLA.D05.UNDE.03657","ok","single bole tree","Live",27.4,130,16.8,,,,,,,,,,,,,"UuiIeI4+6a4w2V3xx4xXIBtOUNDpdb+M","B/1XguR/VImkpiciTImn0yyrFfzGHeqw","legacyData"
"c7604aa1-c74c-479f-b998-9d9d548ad7e5","UNDE_060.basePlot.vst","2016-11-15","vst_UNDE_2016","D05","UNDE","UNDE_060",,"NEON.PLA.D05.UNDE.03989","ok","single bole tree","Live",33.8,130,10.8,,,,,,,,,,,,,"UuiIeI4+6a4w2V3xx4xXIBtOUNDpdb+M","B/1XguR/VImkpiciTImn0yyrFfzGHeqw","legacyData"
"c3c84134-9e62-4b9f-af97-12e9d061a4ff","UNDE_060.basePlot.vst","2016-11-15","vst_UNDE_2016","D05","UNDE","UNDE_060",,"NEON.PLA.D05.UNDE.00375","ok","small tree","Live",9.4,130,,,,,,,,,,,,,"heights not taken","UuiIeI4+6a4w2V3xx4xXIBtOUNDpdb+M","B/1XguR/VImkpiciTImn0yyrFfzGHeqw","legacyData"
"7ac380b9-db71-4a99-8afd-e719b359ccfd","UNDE_060.basePlot.vst","2016-11-15","vst_UNDE_2016","D05","UNDE","UNDE_060",,"NEON.PLA.D05.UNDE.09298","ok","single bole tree","Live",12.3,130,9.0,,,,,,,,,,,,,"UuiIeI4+6a4w2V3xx4xXIBtOUNDpdb+M","B/1XguR/VImkpiciTImn0yyrFfzGHeqw","legacyData"
"9b9340f8-64b0-4bbe-bfd1-97a53f335b0d","UNDE_060.basePlot.vst","2016-11-15","vst_UNDE_2016","D05","UNDE","UNDE_060",,"NEON.PLA.D05.UNDE.03951","ok","single bole tree","Live",14.5,160,8.8,,,,,,,,,,,,,"UuiIeI4+6a4w2V3xx4xXIBtOUNDpdb+M","B/1XguR/VImkpiciTImn0yyrFfzGHeqw","legacyData"
"42294812-2653-4006-aa94-6f7b6ca8b255","UNDE_060.basePlot.vst","2016-11-15","vst_UNDE_2016","D05","UNDE","UNDE_060",,"NEON.PLA.D05.UNDE.03850","ok","single shrub","Live",1.7,130,5.4,,,,4.8,3.7,,"inverted cone",2.1,10,0.50,0.40,,"UuiIeI4+6a4w2V3xx4xXIBtOUNDpdb+M","B/1XguR/VImkpiciTImn0yyrFfzGHeqw","legacyData"
"dd2b8bae-f612-4fc9-a793-aeb2ae72358e","UNDE_060.basePlot.vst","2016-11-15","vst_UNDE_2016","D05","UNDE","UNDE_060",,"NEON.PLA.D05.UNDE.03595","ok","small shrub","Live",,,1.9,0.6,,,0.8,0.5,,"ellipsoid or sphere",1.0,10,,,,"UuiIeI4+6a4w2V3xx4xXIBtOUNDpdb+M","B/1XguR/VImkpiciTImn0yyrFfzGHeqw","legacyData"
"68a8a1d2-c01b-4718-815b-fe52c4539d00","UNDE_060.basePlot.vst","2016-11-15","vst_UNDE_2016","D05","UNDE","UNDE_060",,"NEON.PLA.D05.UNDE.03715","ok","single bole tree","Live",14.9,130,11.1,,,,,,,,,,,,,"UuiIeI4+6a4w2V3xx4xXIBtOUNDpdb+M","B/1XguR/VImkpiciTImn0yyrFfzGHeqw","legacyData"
"5f3fc15c-2de0-4b94-b0b9-ef94a4427c40","UNDE_060.basePlot.vst","2016-11-15","vst_UNDE_2016","D05","UNDE","UNDE_060",,"NEON.PLA.D05.UNDE.03972","untagged",,"Removed",,,,,,,,,,,,,,,"was on a plant that was double tagged so this tag was removed.","UuiIeI4+6a4w2V3xx4xXIBtOUNDpdb+M","B/1XguR/VImkpiciTImn0yyrFfzGHeqw","legacyData"
"bac88349-7f81-42f9-b3ac-d8a2b8ca382f","UNDE_060.basePlot.vst","2016-11-15","vst_UNDE_2016","D05","UNDE","UNDE_060",,"NEON.PLA.D05.UNDE.03739","ok","sapling","Live",,,0.7,,,,,,,,1.1,10,,,,"UuiIeI4+6a4w2V3xx4xXIBtOUNDpdb+M","B/1XguR/VImkpiciTImn0yyrFfzGHeqw","legacyData"
"d814c6c5-29ad-4976-ae1c-e6cd1ca7516f","UNDE_060.basePlot.vst","2016-11-15","vst_UNDE_2016","D05","UNDE","UNDE_060",,"NEON.PLA.D05.UNDE.03654","ok","small shrub","Live",,,2.0,0.7,,,1.7,1.1,,"ellipsoid or sphere",1.0,10,,,,"UuiIeI4+6a4w2V3xx4xXIBtOUNDpdb+M","B/1XguR/VImkpiciTImn0yyrFfzGHeqw","legacyData"
"5e2ab87c-7130-4fd2-b36c-113f8dcfe94f","UNDE_060.basePlot.vst","2016-11-15","vst_UNDE_2016","D05","UNDE","UNDE_060",,"NEON.PLA.D05.UNDE.03783","ok","sapling","Live",,,1.0,,,,,,,,1.7,10,,,,"UuiIeI4+6a4w2V3xx4xXIBtOUNDpdb+M","B/1XguR/VImkpiciTImn0yyrFfzGHeqw","legacyData"
"6f85f98d-2c64-4bee-8003-891652295316","UNDE_060.basePlot.vst","2016-11-15","vst_UNDE_2016","D05","UNDE","UNDE_060",,"NEON.PLA.D05.UNDE.03664","ok","single bole tree","Live",14.0,130,10.5,,,,,,,,,,,,,"UuiIeI4+6a4w2V3xx4xXIBtOUNDpdb+M","B/1XguR/VImkpiciTImn0yyrFfzGHeqw","legacyData"
"9b6f17c2-7b62-4db4-8508-650f16daf15c","UNDE_060.basePlot.vst","2016-11-15","vst_UNDE_2016","D05","UNDE","UNDE_060",,"NEON.PLA.D05.UNDE.03411","ok","single bole tree","Live",14.9,130,11.6,,,,,,,,,,,,,"UuiIeI4+6a4w2V3xx4xXIBtOUNDpdb+M","B/1XguR/VImkpiciTImn0yyrFfzGHeqw","legacyData"
"c742d14b-e3b0-4860-a2af-caed020d4902","UNDE_060.basePlot.vst","2016-11-15","vst_UNDE_2016","D05","UNDE","UNDE_060",,"NEON.PLA.D05.UNDE.03866","ok","multi-bole tree","Live",18.8,130,12.3,,,,,,,,,,,,,"UuiIeI4+6a4w2V3xx4xXIBtOUNDpdb+M","B/1XguR/VImkpiciTImn0yyrFfzGHeqw","legacyData"
"9ebfc11b-594a-4a60-96ca-c5ebd8e9321d","UNDE_060.basePlot.vst","2016-11-15","vst_UNDE_2016","D05","UNDE","UNDE_060",,"NEON.PLA.D05.UNDE.03670","ok","single bole tree","Live",24.5,130,10.8,,,,,,,,,,,,,"UuiIeI4+6a4w2V3xx4xXIBtOUNDpdb+M","B/1XguR/VImkpiciTImn0yyrFfzGHeqw","legacyData"
"fe21a098-752b-4ee4-a383-0b3e3ebfb149","UNDE_060.basePlot.vst","2016-11-15","vst_UNDE_2016","D05","UNDE","UNDE_060",,"NEON.PLA.D05.UNDE.03655","ok","single bole tree","Live",15.4,130,12.8,,,,,,,,,,,,,"UuiIeI4+6a4w2V3xx4xXIBtOUNDpdb+M","B/1XguR/VImkpiciTImn0yyrFfzGHeqw","legacyData"
"7ef0aa60-6379-4c99-82b2-9da8b1a61ba0","UNDE_060.basePlot.vst","2016-11-15","vst_UNDE_2016","D05","UNDE","UNDE_060",,"NEON.PLA.D05.UNDE.03863","ok","single bole tree","Live",28.3,130,11.7,,,,,,,,,,,,,"UuiIeI4+6a4w2V3xx4xXIBtOUNDpdb+M","B/1XguR/VImkpiciTImn0yyrFfzGHeqw","legacyData"
"731f718e-55d5-4ea3-b84d-dc20dcf7f081","UNDE_060.basePlot.vst","2016-11-15","vst_UNDE_2016","D05","UNDE","UNDE_060",,"NEON.PLA.D05.UNDE.03038","ok","single bole tree","Dead, broken bole",36.7,130,6.6,,6.6,29.0,,,,,,,,,,"UuiIeI4+6a4w2V3xx4xXIBtOUNDpdb+M","B/1XguR/VImkpiciTImn0yyrFfzGHeqw","legacyData"
"68705744-9a30-47aa-b3d1-bc664753d8f6","UNDE_060.basePlot.vst","2016-11-15","vst_UNDE_2016","D05","UNDE","UNDE_060",,"NEON.PLA.D05.UNDE.03683","ok","single shrub","Live",2.8,130,6.0,,,,3.2,2.8,,"inverted cone",3.3,10,0.70,0.50,,"UuiIeI4+6a4w2V3xx4xXIBtOUNDpdb+M","B/1XguR/VImkpiciTImn0yyrFfzGHeqw","legacyData"
"290ff0bd-80a8-4419-82d7-ca286cbb6867","UNDE_060.basePlot.vst","2016-11-15","vst_UNDE_2016","D05","UNDE","UNDE_060",,"NEON.PLA.D05.UNDE.03789","untagged",,"Removed",,,,,,,,,,,,,,,"removed because it was part of an apparent individual that was already tagged.","UuiIeI4+6a4w2V3xx4xXIBtOUNDpdb+M","B/1XguR/VImkpiciTImn0yyrFfzGHeqw","legacyData"
"215e4587-bec9-40d2-ab3a-327fd9ede93f","UNDE_060.basePlot.vst","2016-11-15","vst_UNDE_2016","D05","UNDE","UNDE_060",,"NEON.PLA.D05.UNDE.03115","ok","single bole tree","Live",28.6,130,,,,,,,,,,,,,"height not able to be taken because of the full canopy.","UuiIeI4+6a4w2V3xx4xXIBtOUNDpdb+M","B/1XguR/VImkpiciTImn0yyrFfzGHeqw","legacyData"
"09b5d4a9-775f-4c46-b094-a03eb0c6a410","UNDE_060.basePlot.vst","2016-11-15","vst_UNDE_2016","D05","UNDE","UNDE_060",,"NEON.PLA.D05.UNDE.03890","ok","single bole tree","Live",24.0,130,13.4,,,,,,,,,,,,,"UuiIeI4+6a4w2V3xx4xXIBtOUNDpdb+M","B/1XguR/VImkpiciTImn0yyrFfzGHeqw","legacyData"
"d56bce92-6c30-42af-aa62-7a4cc3cccfaa","UNDE_060.basePlot.vst","2016-11-15","vst_UNDE_2016","D05","UNDE","UNDE_060",,"NEON.PLA.D05.UNDE.03877","ok","single bole tree","Live",14.5,140,8.2,,,,,,,,,,,,,"UuiIeI4+6a4w2V3xx4xXIBtOUNDpdb+M","B/1XguR/VImkpiciTImn0yyrFfzGHeqw","legacyData"
"baaca535-a6b7-4424-b1dc-20e2fedb19e0","UNDE_060.basePlot.vst","2016-11-15","vst_UNDE_2016","D05","UNDE","UNDE_060",,"NEON.PLA.D05.UNDE.03564","ok","single bole tree","Live",13.2,130,11.4,,,,,,,,,,,,,"UuiIeI4+6a4w2V3xx4xXIBtOUNDpdb+M","B/1XguR/VImkpiciTImn0yyrFfzGHeqw","legacyData"
"5492320a-49db-4244-ba6e-ba749f93c9cc","UNDE_060.basePlot.vst","2016-11-15","vst_UNDE_2016","D05","UNDE","UNDE_060",,"NEON.PLA.D05.UNDE.00520","ok","single shrub","Live",1.5,130,3.2,0.6,,,1.8,1.2,,"ellipsoid or sphere",2.3,10,,,,"UuiIeI4+6a4w2V3xx4xXIBtOUNDpdb+M","B/1XguR/VImkpiciTImn0yyrFfzGHeqw","legacyData"
"b70d9dee-b8d0-497b-933b-6fb2fe7bbc2a","UNDE_060.basePlot.vst","2016-11-15","vst_UNDE_2016","D05","UNDE","UNDE_060",,"NEON.PLA.D05.UNDE.03714","ok","single bole tree","Dead, broken bole",22.4,130,2.4,,2.4,20.3,,,,,,,,,,"UuiIeI4+6a4w2V3xx4xXIBtOUNDpdb+M","B/1XguR/VImkpiciTImn0yyrFfzGHeqw","legacyData"
"998f3fdb-db4e-414d-a645-fa9acadf8a81","UNDE_060.basePlot.vst","2016-11-15","vst_UNDE_2016","D05","UNDE","UNDE_060",,"NEON.PLA.D05.UNDE.03816","ok","single bole tree","Live",21.4,130,13.6,,,,,,,,,,,,,"UuiIeI4+6a4w2V3xx4xXIBtOUNDpdb+M","B/1XguR/VImkpiciTImn0yyrFfzGHeqw","legacyData"
"80ff5e74-217c-4081-8e35-658de14228bc","UNDE_060.basePlot.vst","2016-11-15","vst_UNDE_2016","D05","UNDE","UNDE_060",,"NEON.PLA.D05.UNDE.03681","ok","small shrub","Live",,,2.3,1.1,,,0.7,0.6,,"ellipsoid or sphere",1.2,10,,,,"UuiIeI4+6a4w2V3xx4xXIBtOUNDpdb+M","B/1XguR/VImkpiciTImn0yyrFfzGHeqw","legacyData"
"76b06dda-b987-46a8-82b0-b0a2b32138ef","UNDE_060.basePlot.vst","2016-11-15","vst_UNDE_2016","D05","UNDE","UNDE_060",,"NEON.PLA.D05.UNDE.03409","ok","single bole tree","Live",23.0,130,14.7,,,,,,,,,,,,,"UuiIeI4+6a4w2V3xx4xXIBtOUNDpdb+M","B/1XguR/VImkpiciTImn0yyrFfzGHeqw","legacyData"
"583b99a5-947d-405f-9424-5c21b0c84587","UNDE_060.basePlot.vst","2016-11-15","vst_UNDE_2016","D05","UNDE","UNDE_060",,"NEON.PLA.D05.UNDE.03160","ok","single bole tree","Live",11.3,180,8.3,,,,,,,,,,,,,"UuiIeI4+6a4w2V3xx4xXIBtOUNDpdb+M","B/1XguR/VImkpiciTImn0yyrFfzGHeqw","legacyData"
"6ff29e08-ff9b-46c5-a734-3195a72255ae","UNDE_060.basePlot.vst","2016-11-15","vst_UNDE_2016","D05","UNDE","UNDE_060",,"NEON.PLA.D05.UNDE.03993","ok","single bole tree","Live",11.9,130,8.1,,,,,,,,,,,,,"UuiIeI4+6a4w2V3xx4xXIBtOUNDpdb+M","B/1XguR/VImkpiciTImn0yyrFfzGHeqw","legacyData"
"4450f760-b9fe-4e18-90c1-c1f7edfea698","UNDE_060.basePlot.vst","2016-11-15","vst_UNDE_2016","D05","UNDE","UNDE_060",,"NEON.PLA.D05.UNDE.09188","ok","small shrub","Standing dead",,,2.0,0.6,,,1.1,0.7,,"ellipsoid or sphere",1.4,10,,,,"UuiIeI4+6a4w2V3xx4xXIBtOUNDpdb+M","B/1XguR/VImkpiciTImn0yyrFfzGHeqw","legacyData"
"69480302-c2f9-45db-aac0-261eb5dddd31","UNDE_060.basePlot.vst","2016-11-15","vst_UNDE_2016","D05","UNDE","UNDE_060",,"NEON.PLA.D05.UNDE.03683","ok","single shrub","Live",3.9,130,6.0,,,,3.2,2.8,,"inverted cone",4.8,10,0.70,0.50,,"UuiIeI4+6a4w2V3xx4xXIBtOUNDpdb+M","B/1XguR/VImkpiciTImn0yyrFfzGHeqw","legacyData"
