uid,namedLocation,date,domainID,siteID,plotID,plotType,nlcdClass,decimalLatitude,decimalLongitude,geodeticDatum,coordinateUncertainty,easting,northing,utmZone,elevation,elevationUncertainty,eventID,samplingProtocolVersion,treesPresent,treesAbsentList,shrubsPresent,shrubsAbsentList,lianasPresent,lianasAbsentList,nestedSubplotAreaShrubSapling,nestedSubplotAreaLiana,totalSampledAreaTrees,totalSampledAreaShrubSapling,totalSampledAreaLiana,remarks,measuredBy,recordedBy,dataQF
"3cfa19db-2a76-456f-9c48-3411ca285b69","UNDE_056.basePlot.vst","2016-11-10","D05","UNDE","UNDE_056","tower","deciduousForest",46.232061,-89.543162,"WGS84",20.1,303904.64,5122975.39,"16N",528.7,0.2,"vst_UNDE_2016","NEON.DOC.000987vE","Y","presentInAll","Y","presentInAll","N",,"25","noneSelected",800,100,800,"Ferns measured 2016-09-12","UuiIeI4+6a4w2V3xx4xXIBtOUNDpdb+M","n3FTqtv1XKCIEKvil+MbndY+c5Uay6s5",
"be35e010-0f11-41f2-a591-eb0c13556d48","UNDE_078.basePlot.vst","2016-11-14","D05","UNDE","UNDE_078","tower","mixedForest",46.234216,-89.531594,"WGS84",20.2,304804.23,5123186.28,"16N",506.5,0.3,"vst_UNDE_2016","NEON.DOC.000987vE","Y","presentInAll","Y","presentInAll","N",,"10","noneSelected",800,40,800,"Ferns measured 2016-09-08","UuiIeI4+6a4w2V3xx4xXIBtOUNDpdb+M","n3FTqtv1XKCIEKvil+MbndY+c5Uay6s5",
"fb38d9b0-b26f-4aba-b8ea-d40f12bf70ab","UNDE_060.basePlot.vst","2016-11-15","D05","UNDE","UNDE_060","tower","deciduousForest",46.231420,-89.535710,"WGS84",20.2,304476.95,5122885.76,"16N",507.9,0.3,"vst_UNDE_2016","NEON.DOC.000987vE","Y","presentInAll","Y","presentInAll","N",,"100","noneSelected",800,400,800,"Ferns measured 2016-09-12","UuiIeI4+6a4w2V3xx4xXIBtOUNDpdb+M","n3FTqtv1XKCIEKvil+MbndY+c5Uay6s5",
"f2fb2df7-ef26-4156-ac8a-09ba6f4ff2cb","UNDE_061.basePlot.vst","2016-11-15","D05","UNDE","UNDE_061","tower","deciduousForest",46.233351,-89.535041,"WGS84",20.2,304535.39,5123098.66,"16N",508.4,0.2,"vst_UNDE_2016","NEON.DOC.000987vE","Y","presentInAll","Y","presentInAll","N",,"10","noneSelected",800,40,800,"Ferns measured 2016-09-07","UuiIeI4+6a4w2V3xx4xXIBtOUNDpdb+M","n3FTqtv1XKCIEKvil+MbndY+c5Uay6s5",
