uid,namedLocation,domainID,siteID,plotID,plotType,nlcdClass,decimalLatitude,decimalLongitude,geodeticDatum,coordinateUncertainty,elevation,elevationUncertainty,collectDate,eventID,sampleID,sampleCode,samplingMethod,totalSampledArea,targetTaxaPresent,adultCount,nymphCount,larvaCount,sampleCondition,samplingProtocolVersion,measuredBy,remarks
"7e438c86-fd03-42f9-bd80-c79c52507627","UNDE_013.tickPlot.tck","D05","UNDE","UNDE_013","distributed","deciduousForest",46.227776,-89.535166,"WGS84",20.2,510.3,0.3,"2018-07-23T15:05Z","UNDE.2018.30",,,"drag and flag",151,"N",0,0,0,,"NEON.DOC.014045vJ","PTJV+Na8q5rXlc2VdpDZym+v0CyW08ED+5D+SsP87wo=",
"b0178799-43d7-4650-acde-994bf0a6833b","UNDE_002.tickPlot.tck","D05","UNDE","UNDE_002","distributed","woodyWetlands",46.242285,-89.543255,"WGS84",20.3,506.2,0.4,"2018-07-23T15:45Z","UNDE.2018.30",,,"drag and flag",155,"N",0,0,0,,"NEON.DOC.014045vJ","J4gztqMdLf0q1UA9iNDYKjIDa0NBJAOfeqnAdg1Dr6Q=",
"80fdfef9-a2be-4f93-9144-15a74f6284f0","UNDE_019.tickPlot.tck","D05","UNDE","UNDE_019","distributed","deciduousForest",46.257425,-89.542054,"WGS84",20.2,519.0,0.2,"2018-07-23T16:45Z","UNDE.2018.30",,,"flag",160,"N",0,0,0,,"NEON.DOC.014045vJ","PTJV+Na8q5rXlc2VdpDZym+v0CyW08ED+5D+SsP87wo=",
"b9b57da9-2209-4aa8-afc2-d4d1515c789b","UNDE_999.tickPlot.tck","D05","UNDE","UNDE_999","distributed","woodyWetlands",46.256243,-89.534200,"WGS84",20.2,507.1,0.3,"2018-07-23T17:45Z","UNDE.2018.30",,,"flag",168,"N",0,0,0,,"NEON.DOC.014045vJ","J4gztqMdLf0q1UA9iNDYKjIDa0NBJAOfeqnAdg1Dr6Q=",
"204589d3-3e24-4d7e-99b2-b090b40acbbb","UNDE_017.tickPlot.tck","D05","UNDE","UNDE_017","distributed","mixedForest",46.236736,-89.497054,"WGS84",20.1,518.8,0.2,"2018-07-23T18:40Z","UNDE.2018.30",,,"drag and flag",161,"N",0,0,0,,"NEON.DOC.014045vJ","PTJV+Na8q5rXlc2VdpDZym+v0CyW08ED+5D+SsP87wo=",
"929b4960-4ab0-4223-b620-08ff393e41ff","UNDE_011.tickPlot.tck","D05","UNDE","UNDE_011","distributed","woodyWetlands",46.213935,-89.505950,"WGS84",20.3,507.7,0.4,"2018-07-23T19:28Z","UNDE.2018.30",,,"flag",129,"N",0,0,0,,"NEON.DOC.014045vJ","J4gztqMdLf0q1UA9iNDYKjIDa0NBJAOfeqnAdg1Dr6Q=",
