uid,namedLocation,date,domainID,siteID,plotID,plotType,nlcdClass,decimalLatitude,decimalLongitude,geodeticDatum,coordinateUncertainty,easting,northing,utmZone,elevation,elevationUncertainty,eventID,samplingProtocolVersion,treesPresent,treesAbsentList,shrubsPresent,shrubsAbsentList,lianasPresent,lianasAbsentList,nestedSubplotAreaShrubSapling,nestedSubplotAreaLiana,totalSampledAreaTrees,totalSampledAreaShrubSapling,totalSampledAreaLiana,remarks,measuredBy,recordedBy,dataQF
"5efbea96-6f6f-4f42-bde0-84503b2399c5","ONAQ_021.basePlot.vst","2016-11-01","D15","ONAQ","ONAQ_021","distributed","evergreenForest",40.154245,-112.542595,"WGS84",20.1,368618.60,4446017.77,"12N",1903.6,0.1,"vst_ONAQ_2016","NEON.DOC.000987vE",,,,,,,"noneSelected","noneSelected",400,400,400,,"nxLuFUK5aIxeJAwod87f1JBZep10ySFS","f8IsU9r3wsV/xEx/MhT4lhzyIc4pDu8r",
"83db80d4-4705-48de-a8ce-77b4de5156df","ONAQ_012.basePlot.vst","2016-11-02","D15","ONAQ","ONAQ_012","distributed","evergreenForest",40.184944,-112.529543,"WGS84",20.1,369788.96,4449406.14,"12N",2054.5,0.1,"vst_ONAQ_2014","NEON.DOC.000987vE",,,,,,,"10","noneSelected",400,80,400,,"zfKUmaCw/fmMIyFtNIUAZaoavJKpjMmv","9G96sOZHreW1zLx1Wn5Z/CXf862Qa/Lm",
"9ae767b2-aa1f-4e26-9d1f-100bc10c313c","ONAQ_012.basePlot.vst","2016-11-02","D15","ONAQ","ONAQ_012","distributed","evergreenForest",40.184944,-112.529543,"WGS84",20.1,369788.96,4449406.14,"12N",2054.5,0.1,"vst_ONAQ_2016","NEON.DOC.000987vE","Y",,"Y",,"N",,"10","noneSelected",400,80,400,,"zfKUmaCw/fmMIyFtNIUAZaoavJKpjMmv","9G96sOZHreW1zLx1Wn5Z/CXf862Qa/Lm",
"0c67aa00-a9fa-4f9c-a953-8dc214e7c412","ONAQ_010.basePlot.vst","2016-11-03","D15","ONAQ","ONAQ_010","distributed","evergreenForest",40.201042,-112.497129,"WGS84",20.1,372578.64,4451145.98,"12N",1903.9,0.1,"vst_ONAQ_2016","NEON.DOC.000987vE","Y",,"Y",,"N",,"noneSelected","noneSelected",400,400,400,,"SVlrLvG6MQgHNcX9a6cN9XT/1zjcedhM","wBdmRgzUaOqlUR4U/8aDtZZLDGFFmW8H",
"d2867ba7-9d1f-4efa-bf24-09bfe739c818","ONAQ_021.basePlot.vst","2016-11-11","D15","ONAQ","ONAQ_021","distributed","evergreenForest",40.154245,-112.542595,"WGS84",20.1,368618.60,4446017.77,"12N",1903.6,0.1,"vst_ONAQ_2016","NEON.DOC.000987vE","N",,"Y",,"N",,"noneSelected","noneSelected",400,400,400,,"wBdmRgzUaOqlUR4U/8aDtZZLDGFFmW8H","W+a35C/f5OdAWRb04dAh0sw0TUBSwvpg",
