uid,namedLocation,date,domainID,siteID,plotID,plotType,nlcdClass,decimalLatitude,decimalLongitude,geodeticDatum,coordinateUncertainty,easting,northing,utmZone,elevation,elevationUncertainty,eventID,samplingProtocolVersion,treesPresent,treesAbsentList,shrubsPresent,shrubsAbsentList,lianasPresent,lianasAbsentList,nestedSubplotAreaShrubSapling,nestedSubplotAreaLiana,totalSampledAreaTrees,totalSampledAreaShrubSapling,totalSampledAreaLiana,remarks,measuredBy,recordedBy,dataQF
"c0a7cb8b-644d-4902-9111-0709ffb8872b","GRSM_048.basePlot.vst","2015-05-18","D07","GRSM","GRSM_048","tower","deciduousForest",35.685860,-83.498951,"WGS84",20.1,273862.55,3951984.45,"17N",602.9,0.2,"vst_GRSM_2015","NEON.DOC.000987vE",,,,,,,"100","noneSelected",800,400,800,"nested subplot sizes not recorded at time of measurement. Inferred from 2016 and 2017 plot metadata.",,,"legacyData"
"338158bb-0be8-4c9e-8d1f-3a3e1eff2706","GRSM_057.basePlot.vst","2015-05-18","D07","GRSM","GRSM_057","tower","deciduousForest",35.686589,-83.502284,"WGS84",20.3,273562.94,3952073.01,"17N",592.2,0.4,"vst_GRSM_2015","NEON.DOC.000987vE",,,,,,,"100","noneSelected",800,400,800,"nested subplot sizes not recorded at time of measurement. Inferred from 2016 and 2017 plot metadata.",,,"legacyData"
"37e523ec-9060-47ac-951f-f6ba3a71aabb","GRSM_059.basePlot.vst","2015-05-19","D07","GRSM","GRSM_059","tower","deciduousForest",35.686508,-83.506607,"WGS84",20.2,273171.43,3952074.01,"17N",655.0,0.3,"vst_GRSM_2015","NEON.DOC.000987vE",,,,,,,"25","noneSelected",800,100,800,"nested subplot sizes not recorded at time of measurement. Inferred from 2016 and 2017 plot metadata.",,,"legacyData"
"db2d0324-f6f2-4e88-a919-a2258e3f3342","GRSM_054.basePlot.vst","2015-05-20","D07","GRSM","GRSM_054","tower","deciduousForest",35.691476,-83.501738,"WGS84",20.2,273626.18,3952613.93,"17N",569.4,0.4,"vst_GRSM_2015","NEON.DOC.000987vE",,,,,,,"100","noneSelected",800,400,800,"nested subplot sizes not recorded at time of measurement. Inferred from 2016 and 2017 plot metadata.",,,"legacyData"
"3f97085e-ce0a-46cc-b498-356ee4195176","GRSM_049.basePlot.vst","2015-05-21","D07","GRSM","GRSM_049","tower","deciduousForest",35.687540,-83.497000,"WGS84",20.3,274043.88,3952166.34,"17N",643.2,0.3,"vst_GRSM_2015","NEON.DOC.000987vE",,,,,,,"25","noneSelected",800,100,800,"nested subplot sizes not recorded at time of measurement. Inferred from 2016 and 2017 plot metadata.",,,"legacyData"
"79502e8d-14d2-4592-a7c6-5062bf440e4e","GRSM_065.basePlot.vst","2015-05-26","D07","GRSM","GRSM_065","tower","deciduousForest",35.690919,-83.503412,"WGS84",20.2,273473.10,3952556.00,"17N",566.2,0.3,"vst_GRSM_2015","NEON.DOC.000987vE",,,,,,,"25","noneSelected",800,100,800,"nested subplot sizes not recorded at time of measurement. Inferred from 2016 and 2017 plot metadata.",,,"legacyData"
"aa5568ce-a62d-4201-a11c-2e27c09e14d0","GRSM_066.basePlot.vst","2015-05-26","D07","GRSM","GRSM_066","tower","deciduousForest",35.688774,-83.502676,"WGS84",20.1,273533.64,3952316.33,"17N",570.6,0.1,"vst_GRSM_2015","NEON.DOC.000987vE",,,,,,,"25","noneSelected",800,100,800,"nested subplot sizes not recorded at time of measurement. Inferred from 2016 plot metadata.",,,"legacyData"
"a0b1e96d-b98c-4890-8123-e48b658e2c3b","GRSM_047.basePlot.vst","2015-05-27","D07","GRSM","GRSM_047","tower","deciduousForest",35.687618,-83.506289,"WGS84",20.1,273203.36,3952196.42,"17N",657.3,0.1,"vst_GRSM_2015","NEON.DOC.000987vE",,,,,,,"25","noneSelected",800,100,800,"nested subplot sizes not recorded at time of measurement. Inferred from 2016 and 2017 plot metadata.",,,"legacyData"
"c22e9c9c-c1bf-46a3-90d3-de7d0de93946","GRSM_063.basePlot.vst","2015-05-28","D07","GRSM","GRSM_063","tower","deciduousForest",35.684768,-83.498909,"WGS84",20.2,273863.27,3951863.21,"17N",626.8,0.3,"vst_GRSM_2015","NEON.DOC.000987vE",,,,,,,"100","noneSelected",800,400,800,"nested subplot sizes not recorded at time of measurement. Inferred from 2016 and 2017 plot metadata.",,,"legacyData"
