uid,namedLocation,domainID,siteID,plotID,plotType,nlcdClass,decimalLatitude,decimalLongitude,geodeticDatum,coordinateUncertainty,elevation,elevationUncertainty,collectDate,eventID,sampleID,sampleCode,samplingMethod,totalSampledArea,targetTaxaPresent,adultCount,nymphCount,larvaCount,sampleCondition,samplingProtocolVersion,measuredBy,remarks
"c3c8d1a6-97de-43f1-a876-a8c13fa36e78","ORNL_007.tickPlot.tck","D07","ORNL","ORNL_007","distributed","deciduousForest",35.925843,-84.328420,"WGS84",20.2,279.4,0.5,"2018-05-07T13:08Z","ORNL.2018.19","ORNL_007.20180507","B00000025118","drag and flag",162,"Y",5,14,0,"No known compromise","NEON.DOC.014045vJ","bj8+IJTPpK9B+X2rN/KZV03LBpX6wb7cr0Ettjp1m08=",
"87224662-4f69-43d2-ab53-140409a5bdab","ORNL_009.tickPlot.tck","D07","ORNL","ORNL_009","distributed","deciduousForest",35.974902,-84.226630,"WGS84",20.2,337.1,0.2,"2018-05-07T13:34Z","ORNL.2018.19","ORNL_009.20180507","B00000025280","drag and flag",162,"Y",5,15,29,"No known compromise","NEON.DOC.014045vJ","lhrTpvYXj3opdQTe3UOFe82z+aK+OtX9ADmmzJkdsw4=",
"f038b735-7a60-4217-b2d1-4b5e1fbbd9d2","ORNL_008.tickPlot.tck","D07","ORNL","ORNL_008","distributed","deciduousForest",35.933531,-84.334016,"WGS84",20.3,322.7,0.3,"2018-05-07T14:13Z","ORNL.2018.19","ORNL_008.20180507","B00000025091","drag",161,"Y",6,10,0,"No known compromise","NEON.DOC.014045vJ","5Ek0n6gchfIDPsOP0jKEohdVx5tVu8KFxKxo4oqalpg=",
"ac3f449a-b9cb-46cd-8b1a-cfa98e06a59d","ORNL_003.tickPlot.tck","D07","ORNL","ORNL_003","distributed","deciduousForest",35.967011,-84.229849,"WGS84",20.2,275.5,0.2,"2018-05-07T15:08Z","ORNL.2018.19","ORNL_003.20180507","B00000025124","drag and flag",165,"Y",3,3,0,"No known compromise","NEON.DOC.014045vJ","01CGT3wgmyhk8ju68sLWvKMg+1LBE0qlVRvi09peaa+n6pRik4oh8g==",
"61d05dad-dae5-4f52-bc3a-4fb27866b43f","ORNL_040.tickPlot.tck","D07","ORNL","ORNL_040","distributed","evergreenForest",35.975525,-84.305103,"WGS84",20.2,273.2,0.2,"2018-05-07T15:22Z","ORNL.2018.19","ORNL_040.20180507","B00000025117","drag and flag",164,"Y",1,0,0,"No known compromise","NEON.DOC.014045vJ","bj8+IJTPpK9B+X2rN/KZV03LBpX6wb7cr0Ettjp1m08=",
"8a8787ab-6b03-4d05-b9ac-8c48f644cd96","ORNL_002.tickPlot.tck","D07","ORNL","ORNL_002","distributed","deciduousForest",35.983090,-84.211654,"WGS84",20.3,338.6,0.5,"2018-05-07T16:47Z","ORNL.2018.19","ORNL_002.20180507","A00000012984","drag and flag",160,"Y",0,25,0,"No known compromise","NEON.DOC.014045vJ","lhrTpvYXj3opdQTe3UOFe82z+aK+OtX9ADmmzJkdsw4=",
