uid,namedLocation,date,eventID,domainID,siteID,plotID,subplotID,nestedSubplotID,groupID,taxonID,scientificName,taxonRank,identificationReferences,identificationQualifier,volumePercent,livePercent,deadPercent,canopyArea,meanHeight,remarks,measuredBy,recordedBy,dataQF
"53d8963f-abdd-44ce-bc60-1725f55a5b28","SERC_003.basePlot.vst","2016-09-20","vst_SERC_2016","D02","SERC","SERC_003","32",,"32_01","ROMU","Rosa multiflora Thunb.","species",,,25,100,0,4.0,1.86,,"os5Rd6V2h58xLLGOni43wF5trHQqGKuw","7gABGk8/BIej00n4oJuY0fI2jXrGKpPT",
"882931ec-0c04-40d8-b689-e1be213b9219","SERC_003.basePlot.vst","2016-09-20","vst_SERC_2016","D02","SERC","SERC_003","32",,"32_01","BETH","Berberis thunbergii DC.","species",,,75,100,0,4.0,1.86,,"os5Rd6V2h58xLLGOni43wF5trHQqGKuw","7gABGk8/BIej00n4oJuY0fI2jXrGKpPT",
"7293a540-fb8b-4343-aba7-6316d7acdc61","SERC_003.basePlot.vst","2016-09-20","vst_SERC_2016","D02","SERC","SERC_003","41",,"41_01","BETH","Berberis thunbergii DC.","species",,,100,100,0,2.0,1.16,,"os5Rd6V2h58xLLGOni43wF5trHQqGKuw","7gABGk8/BIej00n4oJuY0fI2jXrGKpPT",
"c886c7dd-a676-4013-8927-5a6b56fb0703","SERC_003.basePlot.vst","2016-09-20","vst_SERC_2016","D02","SERC","SERC_003","31","1","31_01","RUAL","Rubus allegheniensis Porter","species",,"cf. species",100,40,60,7.0,2.24,,"os5Rd6V2h58xLLGOni43wF5trHQqGKuw","7gABGk8/BIej00n4oJuY0fI2jXrGKpPT",
