uid,namedLocation,date,domainID,siteID,plotID,plotType,nlcdClass,decimalLatitude,decimalLongitude,geodeticDatum,coordinateUncertainty,easting,northing,utmZone,elevation,elevationUncertainty,eventID,samplingProtocolVersion,treesPresent,treesAbsentList,shrubsPresent,shrubsAbsentList,lianasPresent,lianasAbsentList,nestedSubplotAreaShrubSapling,nestedSubplotAreaLiana,totalSampledAreaTrees,totalSampledAreaShrubSapling,totalSampledAreaLiana,remarks,measuredBy,recordedBy,dataQF
"d0aba948-bd85-45a6-9a57-b9bbab9c10ae","DELA_055.basePlot.vst","2016-09-07","D08","DELA","DELA_055","tower","deciduousForest",32.541758,-87.807767,"WGS84",20.3,424153.06,3600775.66,"16N",25.8,0.3,"vst_DELA_2016","NEON.DOC.000987vE",,,,,,,"25","10",800,100,40,,"2UFG2QdEDMcJxcx0vKz5FjHy9sBCqsDJ","gKlTR8ZroBmVFSkzxA4yQazmYWlx7WaI",
"a40ce58a-ce41-4fab-ab9d-aae6c41eab65","DELA_042.basePlot.vst","2016-09-08","D08","DELA","DELA_042","tower","deciduousForest",32.541787,-87.805204,"WGS84",20.2,424393.75,3600777.06,"16N",24.4,0.2,"vst_DELA_2016","NEON.DOC.000987vE",,,,,,,"100","10",800,400,40,,"LVSiyA6Tq3zB5gSTdDoChwEPCZrh3pEg","qHOagdXN4gWZ2ImQsYe21kOoNSbv5P6a",
"0ca0c647-ad90-4a73-8c36-6a13cf2cc197","DELA_046.basePlot.vst","2016-09-12","D08","DELA","DELA_046","tower","deciduousForest",32.537717,-87.805469,"WGS84",20.2,424365.45,3600326.06,"16N",27.2,0.3,"vst_DELA_2016","NEON.DOC.000987vE",,,,,,,"noneSelected","100",800,800,400,,"2UFG2QdEDMcJxcx0vKz5FjHy9sBCqsDJ","gKlTR8ZroBmVFSkzxA4yQazmYWlx7WaI",
"e54e6dbd-6875-44cd-9f09-409806d48147","DELA_040.basePlot.vst","2016-09-19","D08","DELA","DELA_040","tower","woodyWetlands",32.538810,-87.804512,"WGS84",20.1,424456.23,3600446.55,"16N",33.9,0.2,"vst_DELA_2016","NEON.DOC.000987vE",,,,,,,"noneSelected","noneSelected",800,800,800,,"udEaWw53Elxna9Fi6bPPxrNSXUeIiRlf","gKlTR8ZroBmVFSkzxA4yQazmYWlx7WaI",
"4fbf3e4f-e800-4608-9385-7d061b1e69e9","DELA_051.basePlot.vst","2016-09-20","D08","DELA","DELA_051","tower","deciduousForest",32.538534,-87.806139,"WGS84",20.1,424303.22,3600417.10,"16N",23.9,0.3,"vst_DELA_2016","NEON.DOC.000987vE","N",,"N",,"N",,"100","100",800,400,400,,"udEaWw53Elxna9Fi6bPPxrNSXUeIiRlf","gKlTR8ZroBmVFSkzxA4yQazmYWlx7WaI",
"1f665717-d781-4303-8717-3471c1346d4d","DELA_038.basePlot.vst","2016-09-21","D08","DELA","DELA_038","tower","woodyWetlands",32.542291,-87.806805,"WGS84",20.1,424243.83,3600834.07,"16N",25.6,0.1,"vst_DELA_2016","NEON.DOC.000987vE",,,,,,,"25","100",800,100,400,,"9y6NQSbuV6GzYP422liEmX9wFUt216Yv","qHOagdXN4gWZ2ImQsYe21kOoNSbv5P6a",
"bbb73b41-844c-4f01-91dd-9e23554e9927","DELA_037.basePlot.vst","2016-09-22","D08","DELA","DELA_037","tower","woodyWetlands",32.539626,-87.801969,"WGS84",20.2,424695.71,3600535.20,"16N",27.7,0.2,"vst_DELA_2016","NEON.DOC.000987vE",,,,,,,"noneSelected","25",800,800,100,,"2UFG2QdEDMcJxcx0vKz5FjHy9sBCqsDJ","gKlTR8ZroBmVFSkzxA4yQazmYWlx7WaI",
"d38d9e32-d4cf-4bb4-94bf-1f2ca4f3a2ba","DELA_041.basePlot.vst","2016-09-26","D08","DELA","DELA_041","tower","deciduousForest",32.540703,-87.807742,"WGS84",20.1,424154.52,3600658.69,"16N",23.9,0.2,"vst_DELA_2016","NEON.DOC.000987vE",,,,,,,"noneSelected","noneSelected",800,800,800,,"9y6NQSbuV6GzYP422liEmX9wFUt216Yv","gKlTR8ZroBmVFSkzxA4yQazmYWlx7WaI",
"8419ec32-cea4-420b-9e26-ea08bf8a208e","DELA_043.basePlot.vst","2016-09-27","D08","DELA","DELA_043","tower","deciduousForest",32.539604,-87.806783,"WGS84",20.2,424243.64,3600536.18,"16N",27.1,0.2,"vst_DELA_2016","NEON.DOC.000987vE",,,,,,,"25","100",800,100,400,,"2UFG2QdEDMcJxcx0vKz5FjHy9sBCqsDJ","gKlTR8ZroBmVFSkzxA4yQazmYWlx7WaI",
"cea8fdcd-a005-4791-9a26-2387a057af8d","DELA_044.basePlot.vst","2016-09-29","D08","DELA","DELA_044","tower","deciduousForest",32.540689,-87.806192,"WGS84",20.3,424300.05,3600656.04,"16N",27.8,0.4,"vst_DELA_2016","NEON.DOC.000987vE",,,,,,,"noneSelected","100",800,800,400,,"i++YfdKxcrxXYVscbSnlRu1P6zrsNmWH","9y6NQSbuV6GzYP422liEmX9wFUt216Yv",
"e1c228ac-f1f3-4d23-bc50-b299822ac6b9","DELA_039.basePlot.vst","2016-09-29","D08","DELA","DELA_039","tower","woodyWetlands",32.542583,-87.805845,"WGS84",20.2,424334.22,3600865.75,"16N",24.8,0.2,"vst_DELA_2016","NEON.DOC.000987vE",,,,,,,"noneSelected","25",800,800,100,,"Ec+cMQWmrZ6oUw8Lk421QEcKgRrZc//E","qHOagdXN4gWZ2ImQsYe21kOoNSbv5P6a",
