uid,namedLocation,domainID,siteID,plotID,plotType,nlcdClass,decimalLatitude,decimalLongitude,geodeticDatum,coordinateUncertainty,elevation,elevationUncertainty,collectDate,eventID,sampleID,sampleCode,samplingMethod,totalSampledArea,targetTaxaPresent,adultCount,nymphCount,larvaCount,sampleCondition,samplingProtocolVersion,measuredBy,remarks
"dd939bd7-2ce0-4d18-8afb-6b1848723e59","ORNL_003.tickPlot.tck","D07","ORNL","ORNL_003","distributed","deciduousForest",35.967011,-84.229849,"WGS84",20.2,275.5,0.2,"2016-05-12T16:00Z","ORNL.2016.19","ORNL_003.20160512",,"drag and flag",165,"Y",1,10,1,"No known compromise","NEON.DOC.014045vG","xvXXx2YfvliZ3zsHMcdXOaIt4dnvXIe8wSogS8jrnDA=",
"95676fc5-128d-4455-b3ba-dc88701e3379","ORNL_002.tickPlot.tck","D07","ORNL","ORNL_002","distributed","deciduousForest",35.983090,-84.211654,"WGS84",20.3,338.6,0.5,"2016-05-12T16:15Z","ORNL.2016.19","ORNL_002.20160512",,"drag and flag",165,"Y",1,28,0,"No known compromise","NEON.DOC.014045vG","Tka8agi6ymTlpY7IcnyRHQh3iSluqV4z",
"723c77ee-02a8-41e6-b6ba-f33882a1e054","ORNL_007.tickPlot.tck","D07","ORNL","ORNL_007","distributed","deciduousForest",35.925843,-84.328420,"WGS84",20.2,279.4,0.5,"2016-05-12T17:30Z","ORNL.2016.19","ORNL_007.20160512",,"drag and flag",165,"Y",3,18,0,"No known compromise","NEON.DOC.014045vG","3N/2Y8uyC8QiXJYH2uxv9fESwdLF7S/KKQgrEFvMikc=",
"81cef470-b869-4f89-a64a-bdb496597822","ORNL_009.tickPlot.tck","D07","ORNL","ORNL_009","distributed","deciduousForest",35.974902,-84.226630,"WGS84",20.2,337.1,0.2,"2016-05-12T17:50Z","ORNL.2016.19","ORNL_009.20160512",,"drag and flag",180,"Y",1,8,0,"No known compromise","NEON.DOC.014045vG","Tka8agi6ymTlpY7IcnyRHQh3iSluqV4z",
"7f8fac21-b00d-4afe-ba55-16b9a86bdd39","ORNL_008.tickPlot.tck","D07","ORNL","ORNL_008","distributed","deciduousForest",35.933531,-84.334016,"WGS84",20.3,322.7,0.3,"2016-05-13T16:33Z","ORNL.2016.19","ORNL_008.20160513",,"drag and flag",180,"Y",5,12,0,"No known compromise","NEON.DOC.014045vG","vwanwHDJcF+du0zc8hkzNKepTi1KIGtw","Tube was filled with EtOH not RNA solution. Switched at 15:20 in office."
"6a949227-6955-4e60-9d19-d8eedfb9b20d","ORNL_040.tickPlot.tck","D07","ORNL","ORNL_040","distributed","evergreenForest",35.975525,-84.305103,"WGS84",20.2,273.2,0.2,"2016-05-13T18:05Z","ORNL.2016.19","ORNL_040.20160513",,"drag and flag",170,"Y",6,2,0,"No known compromise","NEON.DOC.014045vG","vwanwHDJcF+du0zc8hkzNKepTi1KIGtw",
