uid,namedLocation,plotID,collectDate,identifiedDate,sampleID,subsampleID,scientificName,acceptedTaxonID,taxonRank,family,subfamily,tribe,subtribe,genus,subgenus,specificEpithet,infraspecificEpithet,identificationQualifier,identificationReferences,identificationProtocolVersion,scientificNameAuthorship,sexOrAge,individualCount,sampleCondition,archiveMedium,archiveFacilityID,deprecatedVialID,identifiedBy,laboratoryName,remarks
"dc1083fc-e64d-401e-acd9-b51303db8a84","ORNL_003.tickPlot.tck","ORNL_003","2016-05-12T16:00Z","2017-06-23T16:00Z","ORNL_003.20160512","ORNL_003.20160512.AMBAME.F","Amblyomma americanum","AMBAME","species","Ixodidae",,,,"Amblyomma",,"americanum",,,"Cooley, R. A. and G. M. Kohls. 1944. The genus Amblyomma (ixodidae) in the United States. The Journal of Parasitology, 30(2):77-111.","GSU_tickIdentification_SOP_2016-11-01.pdf","Linnaeus","Female",1,"OK","RNA stabilization buffer","USNMENT00984522","ORNL_003.20160512.01.AMBAME.F","Lorenza Beati","Georgia Southern University",
"d6cdd572-dd99-4578-80d8-5a8434f7b420","ORNL_003.tickPlot.tck","ORNL_003","2016-05-12T16:00Z","2017-06-23T16:00Z","ORNL_003.20160512","ORNL_003.20160512.AMBAME.N","Amblyomma americanum","AMBAME","species","Ixodidae",,,,"Amblyomma",,"americanum",,,"Cooley, R. A. and G. M. Kohls. 1944. The genus Amblyomma (ixodidae) in the United States. The Journal of Parasitology, 30(2):77-111.","GSU_tickIdentification_SOP_2016-11-01.pdf","Linnaeus","Nymph",9,"OK","RNA stabilization buffer","USNMENT00984524","ORNL_003.20160512.01.AMBAME.N","Lorenza Beati","Georgia Southern University",
"4c93f1fe-a522-41ff-b6d6-3cb3512722e2","ORNL_003.tickPlot.tck","ORNL_003","2016-05-12T16:00Z","2017-06-23T16:00Z","ORNL_003.20160512","ORNL_003.20160512.IXOSCA.N","Ixodes scapularis","IXOSCA","species","Ixodidae",,,,"Ixodes",,"scapularis",,,"Cooley, R. A. and G. M. Kohls. 1945. The genus Ixodes in North America. National Institute of Health Bulletin, 184.","GSU_tickIdentification_SOP_2016-11-01.pdf","Say","Nymph",1,"OK","RNA stabilization buffer","USNMENT00984523","ORNL_003.20160512.01.IXOSCA.N","Lorenza Beati","Georgia Southern University",
"56d4180a-fca2-4f83-97c3-fa8f17e60643","ORNL_003.tickPlot.tck","ORNL_003","2016-05-12T16:00Z","2017-06-23T16:00Z","ORNL_003.20160512","ORNL_003.20160512.IXOSP.L","Ixodidae sp.","IXOSP","family","Ixodidae",,,,,,"sp.",,,,"GSU_tickIdentification_SOP_2016-11-01.pdf",,"Larva",1,"OK","RNA stabilization buffer","USNMENT00864625","ORNL_003.20160512.01.L","Lorenza Beati","Georgia Southern University",
"e07dde17-8987-472f-8d07-74f3712a1b2f","ORNL_002.tickPlot.tck","ORNL_002","2016-05-12T16:15Z","2017-06-23T16:00Z","ORNL_002.20160512","ORNL_002.20160512.IXOSCA.N","Ixodes scapularis","IXOSCA","species","Ixodidae",,,,"Ixodes",,"scapularis",,,"Cooley, R. A. and G. M. Kohls. 1945. The genus Ixodes in North America. National Institute of Health Bulletin, 184.","GSU_tickIdentification_SOP_2016-11-01.pdf","Say","Nymph",3,"OK","RNA stabilization buffer","USNMENT00984520","ORNL_002.20160512.01.IXOSCA.N","Lorenza Beati","Georgia Southern University",
"c00b02c2-2cdc-43c1-959e-b6074be56007","ORNL_002.tickPlot.tck","ORNL_002","2016-05-12T16:15Z","2017-06-23T16:00Z","ORNL_002.20160512","ORNL_002.20160512.AMBAME.F","Amblyomma americanum","AMBAME","species","Ixodidae",,,,"Amblyomma",,"americanum",,,"Cooley, R. A. and G. M. Kohls. 1944. The genus Amblyomma (ixodidae) in the United States. The Journal of Parasitology, 30(2):77-111.","GSU_tickIdentification_SOP_2016-11-01.pdf","Linnaeus","Female",1,"OK","RNA stabilization buffer","USNMENT00984519","ORNL_002.20160512.01.AMBAME.F","Lorenza Beati","Georgia Southern University",
"241cc434-d699-4dac-8348-1ee0394d6f42","ORNL_002.tickPlot.tck","ORNL_002","2016-05-12T16:15Z","2017-06-23T16:00Z","ORNL_002.20160512","ORNL_002.20160512.AMBAME.N","Amblyomma americanum","AMBAME","species","Ixodidae",,,,"Amblyomma",,"americanum",,,"Cooley, R. A. and G. M. Kohls. 1944. The genus Amblyomma (ixodidae) in the United States. The Journal of Parasitology, 30(2):77-111.","GSU_tickIdentification_SOP_2016-11-01.pdf","Linnaeus","Nymph",26,"OK","RNA stabilization buffer","USNMENT00984521","ORNL_002.20160512.01.AMBAME.N","Lorenza Beati","Georgia Southern University",
"1c836ab6-fb25-4fa3-b6ef-434b052cc06b","ORNL_007.tickPlot.tck","ORNL_007","2016-05-12T17:30Z","2017-06-23T16:00Z","ORNL_007.20160512","ORNL_007.20160512.AMBAME.F","Amblyomma americanum","AMBAME","species","Ixodidae",,,,"Amblyomma",,"americanum",,,"Cooley, R. A. and G. M. Kohls. 1944. The genus Amblyomma (ixodidae) in the United States. The Journal of Parasitology, 30(2):77-111.","GSU_tickIdentification_SOP_2016-11-01.pdf","Linnaeus","Female",2,"OK","RNA stabilization buffer","USNMENT00984528","ORNL_007.20160512.01.AMBAME.F","Lorenza Beati","Georgia Southern University",
"b0b98558-459c-4543-8edf-13df55564ee1","ORNL_007.tickPlot.tck","ORNL_007","2016-05-12T17:30Z","2017-06-23T16:00Z","ORNL_007.20160512","ORNL_007.20160512.AMBAME.M","Amblyomma americanum","AMBAME","species","Ixodidae",,,,"Amblyomma",,"americanum",,,"Cooley, R. A. and G. M. Kohls. 1944. The genus Amblyomma (ixodidae) in the United States. The Journal of Parasitology, 30(2):77-111.","GSU_tickIdentification_SOP_2016-11-01.pdf","Linnaeus","Male",1,"OK","RNA stabilization buffer","USNMENT00864636","ORNL_007.20160512.01.AMBAME.M","Lorenza Beati","Georgia Southern University",
"c2d68ed0-7507-4a53-83d4-a767fc237205","ORNL_007.tickPlot.tck","ORNL_007","2016-05-12T17:30Z","2017-06-23T16:00Z","ORNL_007.20160512","ORNL_007.20160512.AMBAME.N","Amblyomma americanum","AMBAME","species","Ixodidae",,,,"Amblyomma",,"americanum",,,"Cooley, R. A. and G. M. Kohls. 1944. The genus Amblyomma (ixodidae) in the United States. The Journal of Parasitology, 30(2):77-111.","GSU_tickIdentification_SOP_2016-11-01.pdf","Linnaeus","Nymph",8,"OK","RNA stabilization buffer","USNMENT00984530","ORNL_007.20160512.01.AMBAME.N","Lorenza Beati","Georgia Southern University",
"1ef1cc6f-4ffb-4d65-92c4-42fa152f67c1","ORNL_007.tickPlot.tck","ORNL_007","2016-05-12T17:30Z","2017-06-23T16:00Z","ORNL_007.20160512","ORNL_007.20160512.IXOSCA.N","Ixodes scapularis","IXOSCA","species","Ixodidae",,,,"Ixodes",,"scapularis",,,"Cooley, R. A. and G. M. Kohls. 1945. The genus Ixodes in North America. National Institute of Health Bulletin, 184.","GSU_tickIdentification_SOP_2016-11-01.pdf","Say","Nymph",10,"OK","RNA stabilization buffer","USNMENT00984529","ORNL_007.20160512.01.IXOSCA.N","Lorenza Beati","Georgia Southern University",
"f7342dc2-77bb-4073-9f42-2c5f3ca157d7","ORNL_009.tickPlot.tck","ORNL_009","2016-05-12T17:50Z","2017-06-23T16:00Z","ORNL_009.20160512","ORNL_009.20160512.AMBAME.N","Amblyomma americanum","AMBAME","species","Ixodidae",,,,"Amblyomma",,"americanum",,,"Cooley, R. A. and G. M. Kohls. 1944. The genus Amblyomma (ixodidae) in the United States. The Journal of Parasitology, 30(2):77-111.","GSU_tickIdentification_SOP_2016-11-01.pdf","Linnaeus","Nymph",6,"OK","RNA stabilization buffer","USNMENT00984527","ORNL_009.20160512.01.AMBAME.N","Lorenza Beati","Georgia Southern University",
"ab9d5e86-de69-4daf-a5e6-877ca8bf7c85","ORNL_009.tickPlot.tck","ORNL_009","2016-05-12T17:50Z","2017-06-23T16:00Z","ORNL_009.20160512","ORNL_009.20160512.IXOSCA.N","Ixodes scapularis","IXOSCA","species","Ixodidae",,,,"Ixodes",,"scapularis",,,"Cooley, R. A. and G. M. Kohls. 1945. The genus Ixodes in North America. National Institute of Health Bulletin, 184.","GSU_tickIdentification_SOP_2016-11-01.pdf","Say","Nymph",3,"OK","RNA stabilization buffer","USNMENT00984526","ORNL_009.20160512.01.IXOSCA.N","Lorenza Beati","Georgia Southern University",
"59f8a36e-889e-427e-bf40-0f0310395af4","ORNL_009.tickPlot.tck","ORNL_009","2016-05-12T17:50Z","2017-06-23T16:00Z","ORNL_009.20160512","ORNL_009.20160512.AMBAME.F","Amblyomma americanum","AMBAME","species","Ixodidae",,,,"Amblyomma",,"americanum",,,"Cooley, R. A. and G. M. Kohls. 1944. The genus Amblyomma (ixodidae) in the United States. The Journal of Parasitology, 30(2):77-111.","GSU_tickIdentification_SOP_2016-11-01.pdf","Linnaeus","Female",1,"OK","RNA stabilization buffer","USNMENT00984525","ORNL_009.20160512.01.AMBAME.F","Lorenza Beati","Georgia Southern University",
"9fbce209-7ff6-4d70-88e3-d06e3754df5e","ORNL_008.tickPlot.tck","ORNL_008","2016-05-13T16:33Z","2017-06-26T16:00Z","ORNL_008.20160513","ORNL_008.20160513.IXOSCA.N","Ixodes scapularis","IXOSCA","species","Ixodidae",,,,"Ixodes",,"scapularis",,,"Cooley, R. A. and G. M. Kohls. 1945. The genus Ixodes in North America. National Institute of Health Bulletin, 184.","GSU_tickIdentification_SOP_2016-11-01.pdf","Say","Nymph",5,"OK","RNA stabilization buffer","USNMENT00984535","ORNL_008.20160513.01.IXOSCA.N","Lorenza Beati","Georgia Southern University",
"7643e798-2576-47eb-a3bc-b8be1f70cbb5","ORNL_008.tickPlot.tck","ORNL_008","2016-05-13T16:33Z","2017-06-26T16:00Z","ORNL_008.20160513","ORNL_008.20160513.IXOSCA.F","Ixodes scapularis","IXOSCA","species","Ixodidae",,,,"Ixodes",,"scapularis",,,"Cooley, R. A. and G. M. Kohls. 1945. The genus Ixodes in North America. National Institute of Health Bulletin, 184.","GSU_tickIdentification_SOP_2016-11-01.pdf","Say","Female",1,"OK","RNA stabilization buffer","USNMENT00984531","ORNL_008.20160513.01.IXOSCA.F","Lorenza Beati","Georgia Southern University",
"752c4042-a9b8-4b63-9795-99e2b5b9200c","ORNL_008.tickPlot.tck","ORNL_008","2016-05-13T16:33Z","2017-06-26T16:00Z","ORNL_008.20160513","ORNL_008.20160513.AMBAME.F","Amblyomma americanum","AMBAME","species","Ixodidae",,,,"Amblyomma",,"americanum",,,"Cooley, R. A. and G. M. Kohls. 1944. The genus Amblyomma (ixodidae) in the United States. The Journal of Parasitology, 30(2):77-111.","GSU_tickIdentification_SOP_2016-11-01.pdf","Linnaeus","Female",4,"OK","RNA stabilization buffer","USNMENT00984532","ORNL_008.20160513.01.AMBAME.F","Lorenza Beati","Georgia Southern University",
"83cb54c3-f762-4e53-835d-e965f8a50282","ORNL_008.tickPlot.tck","ORNL_008","2016-05-13T16:33Z","2017-06-26T16:00Z","ORNL_008.20160513","ORNL_008.20160513.AMBAME.M","Amblyomma americanum","AMBAME","species","Ixodidae",,,,"Amblyomma",,"americanum",,,"Cooley, R. A. and G. M. Kohls. 1944. The genus Amblyomma (ixodidae) in the United States. The Journal of Parasitology, 30(2):77-111.","GSU_tickIdentification_SOP_2016-11-01.pdf","Linnaeus","Male",1,"OK","RNA stabilization buffer","USNMENT00984533","ORNL_008.20160513.01.AMBAME.M","Lorenza Beati","Georgia Southern University",
"02cb7567-b8b0-40df-9ae3-40c83311c50e","ORNL_008.tickPlot.tck","ORNL_008","2016-05-13T16:33Z","2017-06-26T16:00Z","ORNL_008.20160513","ORNL_008.20160513.AMBAME.N","Amblyomma americanum","AMBAME","species","Ixodidae",,,,"Amblyomma",,"americanum",,,"Cooley, R. A. and G. M. Kohls. 1944. The genus Amblyomma (ixodidae) in the United States. The Journal of Parasitology, 30(2):77-111.","GSU_tickIdentification_SOP_2016-11-01.pdf","Linnaeus","Nymph",8,"OK","RNA stabilization buffer","USNMENT00984534","ORNL_008.20160513.01.AMBAME.N","Lorenza Beati","Georgia Southern University",
"049063ae-ec05-4f52-b6e0-c5d81f3bdec0","ORNL_040.tickPlot.tck","ORNL_040","2016-05-13T18:05Z","2017-06-26T16:00Z","ORNL_040.20160513","ORNL_040.20160513.AMBAME.N","Amblyomma americanum","AMBAME","species","Ixodidae",,,,"Amblyomma",,"americanum",,,"Cooley, R. A. and G. M. Kohls. 1944. The genus Amblyomma (ixodidae) in the United States. The Journal of Parasitology, 30(2):77-111.","GSU_tickIdentification_SOP_2016-11-01.pdf","Linnaeus","Nymph",3,"OK","RNA stabilization buffer","USNMENT00984538","ORNL_040.20160513.01.AMBAME.N","Lorenza Beati","Georgia Southern University",
"648caf83-60be-41c9-8e06-1d078db87421","ORNL_040.tickPlot.tck","ORNL_040","2016-05-13T18:05Z","2017-06-26T16:00Z","ORNL_040.20160513","ORNL_040.20160513.AMBAME.M","Amblyomma americanum","AMBAME","species","Ixodidae",,,,"Amblyomma",,"americanum",,,"Cooley, R. A. and G. M. Kohls. 1944. The genus Amblyomma (ixodidae) in the United States. The Journal of Parasitology, 30(2):77-111.","GSU_tickIdentification_SOP_2016-11-01.pdf","Linnaeus","Male",5,"OK","RNA stabilization buffer","USNMENT00984537","ORNL_040.20160513.01.AMBAME.M","Lorenza Beati","Georgia Southern University",
"5f73e0f6-5e41-44f4-bac0-3f3a13b8c8ef","ORNL_040.tickPlot.tck","ORNL_040","2016-05-13T18:05Z","2017-06-26T16:00Z","ORNL_040.20160513","ORNL_040.20160513.AMBAME.F","Amblyomma americanum","AMBAME","species","Ixodidae",,,,"Amblyomma",,"americanum",,,"Cooley, R. A. and G. M. Kohls. 1944. The genus Amblyomma (ixodidae) in the United States. The Journal of Parasitology, 30(2):77-111.","GSU_tickIdentification_SOP_2016-11-01.pdf","Linnaeus","Female",2,"OK","RNA stabilization buffer","USNMENT00984536","ORNL_040.20160513.01.AMBAME.F","Lorenza Beati","Georgia Southern University",
