uid,namedLocation,domainID,siteID,plotID,plotType,nlcdClass,decimalLatitude,decimalLongitude,geodeticDatum,coordinateUncertainty,elevation,elevationUncertainty,collectDate,eventID,sampleID,sampleCode,samplingMethod,totalSampledArea,targetTaxaPresent,adultCount,nymphCount,larvaCount,sampleCondition,samplingProtocolVersion,measuredBy,remarks
"79d2f274-5585-46cd-904a-7f08206a3ba2","GUAN_002.tickPlot.tck","D04","GUAN","GUAN_002","distributed","evergreenForest",17.972295,-66.826103,"WGS84",6.6,87.8,0.3,"2016-04-13T11:00Z","GUAN.2016.15",,,"drag and flag",126,"N",0,0,0,"No known compromise","NEON.DOC.014045vG","zPBe+8pzAK0B2URIObnv4uYPPEuv017obsOPc+5Qw/c=","0"
"9f41e9cb-3927-4c18-963b-ab726b3404d8","GUAN_031.tickPlot.tck","D04","GUAN","GUAN_031","distributed","evergreenForest",17.962171,-66.844084,"WGS84",6.4,43.4,0.1,"2016-04-13T12:30Z","GUAN.2016.15",,,"drag and flag",116,"N",0,0,0,"No known compromise","NEON.DOC.014045vG","zPBe+8pzAK0B2URIObnv4uYPPEuv017obsOPc+5Qw/c=","0"
"b4c0f686-545e-413f-aa04-77d964a52cb7","GUAN_064.tickPlot.tck","D04","GUAN","GUAN_064","distributed","evergreenForest",17.969936,-66.850735,"WGS84",7.1,117.7,2.6,"2016-04-13T13:25Z","GUAN.2016.15",,,"drag and flag",160,"N",0,0,0,"No known compromise","NEON.DOC.014045vG","2G6jL1xU09kc++3fEPpQLkA2cHzpx8zXwl+Jr/s/QvQ=",
"70496efc-6616-46cd-a30c-b56d416cd781","GUAN_006.tickPlot.tck","D04","GUAN","GUAN_006","distributed","evergreenForest",17.964057,-66.875100,"WGS84",6.5,84.5,0.3,"2016-04-13T14:39Z","GUAN.2016.15",,,"drag and flag",160,"N",0,0,0,"No known compromise","NEON.DOC.014045vG","zPBe+8pzAK0B2URIObnv4uYPPEuv017obsOPc+5Qw/c=","0"
"eb7587f8-51f0-45f7-a42b-57fd6b014c0e","GUAN_065.tickPlot.tck","D04","GUAN","GUAN_065","distributed","evergreenForest",17.972714,-66.873134,"WGS84",6.6,187.3,0.5,"2016-04-13T15:50Z","GUAN.2016.15",,,"drag and flag",158,"N",0,0,0,"No known compromise","NEON.DOC.014045vG","zPBe+8pzAK0B2URIObnv4uYPPEuv017obsOPc+5Qw/c=","0"
"398a579e-74fc-4da9-b611-69b0b4b19ca7","GUAN_066.tickPlot.tck","D04","GUAN","GUAN_066","distributed","evergreenForest",17.974132,-66.879606,"WGS84",6.5,197.3,0.2,"2016-04-13T16:55Z","GUAN.2016.15",,,"drag and flag",160,"N",0,0,0,"No known compromise","NEON.DOC.014045vG","zPBe+8pzAK0B2URIObnv4uYPPEuv017obsOPc+5Qw/c=",
