uid,namedLocation,domainID,siteID,plotID,plotType,nlcdClass,decimalLatitude,decimalLongitude,geodeticDatum,coordinateUncertainty,elevation,elevationUncertainty,collectDate,eventID,sampleID,sampleCode,samplingMethod,totalSampledArea,targetTaxaPresent,adultCount,nymphCount,larvaCount,sampleCondition,samplingProtocolVersion,measuredBy,remarks
"7b0204e8-064b-46ad-a751-b836a48970eb","DELA_005.tickPlot.tck","D08","DELA","DELA_005","distributed","woodyWetlands",32.524379,-87.813851,"WGS84",20.1,27.0,0.3,"2015-09-17T13:23Z","DELA.2015.37",,,"drag and flag",162,"N",0,0,,,"NEON.DOC.014045vF","9NpSOfdMh8lijcaKJO/PGvrTe+m1fKRQ",
"5364e4e5-aeb8-4bfb-b01a-fbbefafe0812","DELA_014.tickPlot.tck","D08","DELA","DELA_014","distributed","evergreenForest",32.530627,-87.819367,"WGS84",20.2,33.0,0.2,"2015-09-17T14:10Z","DELA.2015.37","DELA_014.20150917",,"drag",160,"Y",0,1,,"No known compromise","NEON.DOC.014045vF","9NpSOfdMh8lijcaKJO/PGvrTe+m1fKRQ",
"5452a897-2be8-45cb-aae3-f75a94a7be69","DELA_008.tickPlot.tck","D08","DELA","DELA_008","distributed","woodyWetlands",32.538884,-87.814145,"WGS84",20.1,24.5,0.2,"2015-09-17T14:58Z","DELA.2015.37","DELA_008.20150917",,"drag and flag",160,"Y",0,2,,"No known compromise","NEON.DOC.014045vF","9NpSOfdMh8lijcaKJO/PGvrTe+m1fKRQ",
"5d70a60e-d2d8-4f7e-b9f2-47c4855cfc7c","DELA_007.tickPlot.tck","D08","DELA","DELA_007","distributed","woodyWetlands",32.538957,-87.799922,"WGS84",20.2,25.7,0.2,"2015-09-17T15:58Z","DELA.2015.37",,,"drag",160,"N",0,0,,,"NEON.DOC.014045vF","9NpSOfdMh8lijcaKJO/PGvrTe+m1fKRQ",
"1511b93c-14a6-4658-a57c-8aed12d048fd","DELA_001.tickPlot.tck","D08","DELA","DELA_001","distributed","woodyWetlands",32.533269,-87.805425,"WGS84",20.2,27.5,0.3,"2015-09-17T16:38Z","DELA.2015.37",,,"drag",166,"N",0,0,,,"NEON.DOC.014045vF","9NpSOfdMh8lijcaKJO/PGvrTe+m1fKRQ",
"1bc419a8-866a-41bd-bb5c-9de3620f1823","DELA_016.tickPlot.tck","D08","DELA","DELA_016","distributed","evergreenForest",32.536850,-87.806995,"WGS84",20.2,23.6,0.3,"2015-09-17T17:11Z","DELA.2015.37",,,"drag",160,"N",0,0,,,"NEON.DOC.014045vF","9NpSOfdMh8lijcaKJO/PGvrTe+m1fKRQ",
