uid,namedLocation,domainID,siteID,plotID,plotType,nlcdClass,decimalLatitude,decimalLongitude,geodeticDatum,coordinateUncertainty,elevation,elevationUncertainty,collectDate,eventID,sampleID,sampleCode,samplingMethod,totalSampledArea,targetTaxaPresent,adultCount,nymphCount,larvaCount,sampleCondition,samplingProtocolVersion,measuredBy,remarks
"63173e18-0c9b-4574-84e5-81a49111036b","HEAL_011.tickPlot.tck","D19","HEAL","HEAL_011","distributed","shrubScrub",63.885895,-149.302351,"WGS84",20.1,649.7,0.1,"2018-07-04T20:00Z","HEAL.2018.27",,,"drag",163,"N",0,0,0,,"NEON.DOC.014045vJ","trRG3hE4Kywk+dIWHUpFJWa34/uQExqj4QPZPs4DOcU=",
"794c6f62-6e1b-449a-8584-413a4173015a","HEAL_014.tickPlot.tck","D19","HEAL","HEAL_014","distributed","shrubScrub",63.887214,-149.270823,"WGS84",20.1,671.2,0.1,"2018-07-04T21:08Z","HEAL.2018.27",,,"drag",160,"N",0,0,0,,"NEON.DOC.014045vJ","trRG3hE4Kywk+dIWHUpFJWa34/uQExqj4QPZPs4DOcU=",
"d2721dc1-dfb6-4979-a8f6-a0e9709c72d9","HEAL_026.tickPlot.tck","D19","HEAL","HEAL_026","distributed","evergreenForest",63.886145,-149.192747,"WGS84",20.1,597.6,0.1,"2018-07-04T22:18Z","HEAL.2018.27",,,"drag",160,"N",0,0,0,,"NEON.DOC.014045vJ","trRG3hE4Kywk+dIWHUpFJWa34/uQExqj4QPZPs4DOcU=",
"ec00e9b6-3cb4-4383-98fa-a8c316ab31d7","HEAL_001.tickPlot.tck","D19","HEAL","HEAL_001","distributed","dwarfScrub",63.889470,-149.202952,"WGS84",20.1,595.7,0.1,"2018-07-04T22:50Z","HEAL.2018.27",,,"flag",160,"N",0,0,0,,"NEON.DOC.014045vJ","trRG3hE4Kywk+dIWHUpFJWa34/uQExqj4QPZPs4DOcU=",
"9619c6bb-8235-432c-9637-74965a4d17c9","HEAL_004.tickPlot.tck","D19","HEAL","HEAL_004","distributed","shrubScrub",63.864020,-149.276678,"WGS84",20.1,675.5,0.1,"2018-07-13T09:40Z","HEAL.2018.28",,,"drag and flag",170,"N",0,0,0,,"NEON.DOC.014045vJ","W+tVjj28BtUCceKzTNQZi8t8og2aLD6wDCFkL6gHFWE=",
"879cfc22-d803-41cf-9279-effdc402d27d","HEAL_010.tickPlot.tck","D19","HEAL","HEAL_010","distributed","shrubScrub",63.877193,-149.260797,"WGS84",20.1,666.7,0.1,"2018-07-13T20:40Z","HEAL.2018.28",,,"drag and flag",170,"N",0,0,0,,"NEON.DOC.014045vJ","s2uDESL1j+AW3Q2Q0IlT2c/WFAdKqXr0DT83SmWL7KI=",
