uid,namedLocation,domainID,siteID,plotID,plotType,nlcdClass,decimalLatitude,decimalLongitude,geodeticDatum,coordinateUncertainty,elevation,elevationUncertainty,collectDate,eventID,sampleID,sampleCode,samplingMethod,totalSampledArea,targetTaxaPresent,adultCount,nymphCount,larvaCount,sampleCondition,samplingProtocolVersion,measuredBy,remarks
"cb9c67b1-fe88-4653-9f4c-60c253d59a13","SJER_007.tickPlot.tck","D17","SJER","SJER_007","distributed","grasslandHerbaceous",37.112815,-119.752224,"WGS84",20.1,419.1,0.1,"2018-05-07T16:00Z","SJER.2018.19",,,"drag and flag",160,"N",0,0,0,,"NEON.DOC.014045vJ","W1JlejVUc4OK2epyysxDRGB3WrJ+o0JNMpCQvsql3Us=",
"f6ddfc48-422e-4d33-9500-098526627998","SJER_025.tickPlot.tck","D17","SJER","SJER_025","distributed","shrubScrub",37.128253,-119.760989,"WGS84",20.1,425.6,0.1,"2018-05-07T17:25Z","SJER.2018.19",,,"drag and flag",160,"N",0,0,0,,"NEON.DOC.014045vJ","W1JlejVUc4OK2epyysxDRGB3WrJ+o0JNMpCQvsql3Us=",
"b57b5e7f-eb02-4732-aa35-55020eff89eb","SJER_002.tickPlot.tck","D17","SJER","SJER_002","distributed","grasslandHerbaceous",37.082062,-119.744707,"WGS84",20.1,327.7,0.1,"2018-05-07T18:46Z","SJER.2018.19",,,"drag",160,"N",0,0,0,,"NEON.DOC.014045vJ","W1JlejVUc4OK2epyysxDRGB3WrJ+o0JNMpCQvsql3Us=",
"d43e1d99-6d6e-4645-87ef-88219646f19d","SJER_001.tickPlot.tck","D17","SJER","SJER_001","distributed","grasslandHerbaceous",37.107348,-119.721732,"WGS84",20.1,415.5,0.1,"2018-05-07T19:30Z","SJER.2018.19",,,"drag",160,"N",0,0,0,,"NEON.DOC.014045vJ","W1JlejVUc4OK2epyysxDRGB3WrJ+o0JNMpCQvsql3Us=",
"acfd690e-e55c-46b2-8220-36bd1c99d266","SJER_008.tickPlot.tck","D17","SJER","SJER_008","distributed","evergreenForest",37.106830,-119.716047,"WGS84",20.1,420.6,0.1,"2018-05-07T20:10Z","SJER.2018.19",,,"drag and flag",160,"N",0,0,0,,"NEON.DOC.014045vJ","kJUFX7fm2YhaVZHr/1Ar2RQXuUutr/c36ok5KNGfddo=",
"886e9065-ebc1-4374-afca-3109a0576b09","SJER_009.tickPlot.tck","D17","SJER","SJER_009","distributed","grasslandHerbaceous",37.118203,-119.740038,"WGS84",20.1,460.7,0.1,"2018-05-07T21:00Z","SJER.2018.19",,,"drag and flag",160,"N",0,0,0,,"NEON.DOC.014045vJ","W1JlejVUc4OK2epyysxDRGB3WrJ+o0JNMpCQvsql3Us=",
