uid,namedLocation,date,domainID,siteID,plotID,plotType,nlcdClass,decimalLatitude,decimalLongitude,geodeticDatum,coordinateUncertainty,easting,northing,utmZone,elevation,elevationUncertainty,eventID,samplingProtocolVersion,treesPresent,treesAbsentList,shrubsPresent,shrubsAbsentList,lianasPresent,lianasAbsentList,nestedSubplotAreaShrubSapling,nestedSubplotAreaLiana,totalSampledAreaTrees,totalSampledAreaShrubSapling,totalSampledAreaLiana,remarks,measuredBy,recordedBy,dataQF
"88e5e5a4-bccb-4826-8fbc-e1698d5b0bec","HEAL_026.basePlot.vst","2017-03-13","D19","HEAL","HEAL_026","distributed","evergreenForest",63.886716,-149.189970,"WGS84",20.1,392466.40,7086236.34,"6N",592.8,0.1,"vst_HEAL_2016","NEON.DOC.000987vF","Y",,"Y",,"N",,"10","noneSelected",400,80,400,,"IpFAbfDBgacaNA5nRzoYJQ/IcVdu5TBEvGEOKGMshXA=","UdgDjQtJX07DZeqMKH1Q7KfO+VF4a2jv",
"3739400b-9d37-4898-b952-4e245ba0101f","HEAL_045.basePlot.vst","2017-03-28","D19","HEAL","HEAL_045","tower","dwarfScrub",63.875485,-149.219030,"WGS84",20.1,390996.39,7085034.74,"6N",683.4,0.1,"vst_HEAL_2016","NEON.DOC.000987vE",,,,,,,"noneSelected","noneSelected",400,400,400,,"rwLvYLhtocoLtnp2nQNBSTyRLeMuOpB2YiOiwXcbMoU=","MeAdgD9GMcAND8ZfQlU8wsL2WyDvsAxatkbBowrKiAc=",
"abfd8d39-7f5e-4bde-b6db-dcbed0fac7c1","HEAL_048.basePlot.vst","2017-03-30","D19","HEAL","HEAL_048","tower","dwarfScrub",63.875088,-149.210438,"WGS84",20.1,391416.78,7084975.87,"6N",677.6,0.1,"vst_HEAL_2016","NEON.DOC.000987vF",,,,,,,"10","noneSelected",400,80,400,,"UdgDjQtJX07DZeqMKH1Q7KfO+VF4a2jv","xIt9ybNkjihQCNSGffGdH8BJXo6VVNxB",
"4fe937d7-7ba6-4e64-a3a9-795197ffd4b8","HEAL_055.basePlot.vst","2017-03-31","D19","HEAL","HEAL_055","tower","dwarfScrub",63.873815,-149.222557,"WGS84",10.1,390816.70,7084854.77,"6N",685.6,0.1,"vst_HEAL_2017","NEON.DOC.000987vE",,,,,,,"100","noneSelected",400,800,400,,"rwLvYLhtocoLtnp2nQNBSTyRLeMuOpB2YiOiwXcbMoU=","we68UXc5Z4WrFAnthk67aZjSoC3i+EeI",
"cba2d373-91c0-4a88-87ba-096ac1dcf6c4","HEAL_060.basePlot.vst","2017-03-31","D19","HEAL","HEAL_060","tower","dwarfScrub",63.874303,-149.208550,"WGS84",10.1,391506.47,7084885.23,"6N",679.8,0.1,"vst_HEAL_2016","NEON.DOC.000987vF","Y",,"Y",,"N",,"100","noneSelected",400,800,400,,"PHb/Riyi9nx310auzC+tXvk8GTQOn+tkd9EZV6QI8To=","IpFAbfDBgacaNA5nRzoYJQ/IcVdu5TBEvGEOKGMshXA=",
