uid,namedLocation,date,domainID,siteID,plotID,plotType,nlcdClass,decimalLatitude,decimalLongitude,geodeticDatum,coordinateUncertainty,easting,northing,utmZone,elevation,elevationUncertainty,eventID,samplingProtocolVersion,treesPresent,treesAbsentList,shrubsPresent,shrubsAbsentList,lianasPresent,lianasAbsentList,nestedSubplotAreaShrubSapling,nestedSubplotAreaLiana,totalSampledAreaTrees,totalSampledAreaShrubSapling,totalSampledAreaLiana,remarks,measuredBy,recordedBy,dataQF
"d17ab5fe-47e7-451c-a95b-815e2f447e49","DSNY_023.basePlot.vst","2014-10-14","D03","DSNY","DSNY_023","distributed","woodyWetlands",28.094781,-81.423147,"WGS84",20.1,458431.37,3107774.11,"17N",19.5,0.1,"vst_DSNY_2014","NEON.DOC.000987vD",,,,,,,"noneSelected","noneSelected",400,400,400,"Woody stems mapping establishment;","r4VOqRMFZMU6QayfenRs6g==",,"legacyData"
"eacefd30-a78d-4ba7-9b6e-0483411877b9","DSNY_028.basePlot.vst","2014-10-14","D03","DSNY","DSNY_028","distributed","woodyWetlands",28.103705,-81.429596,"WGS84",,457801.32,3108764.92,"17N",19.3,,"vst_DSNY_2014","NEON.DOC.000987vD",,,,,,,"noneSelected","noneSelected",400,400,400,"Woody stems mapping establishment; also D03TRA11","jhfqEVVqdSnaGIzmX0T+iw==",,"legacyData"
"6961ebf2-b790-4e7a-a309-2b78860981db","DSNY_013.basePlot.vst","2014-10-15","D03","DSNY","DSNY_013","distributed","woodyWetlands",28.110482,-81.425956,"WGS84",20.1,458161.51,3109514.40,"17N",20.0,0.1,"vst_DSNY_2014","NEON.DOC.000987vD",,,,,,,"noneSelected","noneSelected",400,400,400,,"jhfqEVVqdSnaGIzmX0T+iw==",,"legacyData"
"df19dbf6-2302-4c22-9d0b-b8d23fdecaba","DSNY_031.basePlot.vst","2014-10-15","D03","DSNY","DSNY_031","distributed","woodyWetlands",28.108612,-81.418314,"WGS84",,458911.42,3109304.64,"17N",20.4,,"vst_DSNY_2014","NEON.DOC.000987vD",,,,,,,"noneSelected","noneSelected",400,400,400,"Woody stems mapping establishment; also D03TRA11","jhfqEVVqdSnaGIzmX0T+iw==",,"legacyData"
"57cdfbe3-9443-4a6b-b107-c4d68887f775","DSNY_026.basePlot.vst","2014-10-21","D03","DSNY","DSNY_026","distributed","woodyWetlands",28.119977,-81.423560,"WGS84",20.2,458400.52,3110565.43,"17N",18.9,0.8,"vst_DSNY_2014","NEON.DOC.000987vD",,,,,,,"noneSelected","noneSelected",400,400,400,"Other vegetation structure measurements; also D03ALW14 and D03TSB28","Wi2K65/mjTY2mT2lAUuczw==",,"legacyData"
