uid,namedLocation,date,eventID,domainID,siteID,plotID,subplotID,individualID,tagStatus,growthForm,plantStatus,stemDiameter,measurementHeight,height,baseCrownHeight,breakHeight,breakDiameter,maxCrownDiameter,ninetyCrownDiameter,canopyPosition,shape,basalStemDiameter,basalStemDiameterMsrmntHeight,maxBaseCrownDiameter,ninetyBaseCrownDiameter,remarks,recordedBy,measuredBy,dataQF
"845f06fd-5fc4-42c4-90cd-573b6c44ea84","DSNY_028.basePlot.vst","2014-10-14","vst_DSNY_2014","D03","DSNY","DSNY_028",,"NEON.PLA.D03.DSNY.00229",,,,35.5,130,9.8,,,,10.7,10.0,"Open grown",,,,,,"Subplot ID changed from 40 to 41",,,"legacyData | noMapTagData"
"8c7fad30-2338-43ae-b634-f3d4d95eb410","DSNY_023.basePlot.vst","2014-10-14","vst_DSNY_2014","D03","DSNY","DSNY_023",,"NEON.PLA.D03.DSNY.00217",,"small tree",,4.4,130,0.1,,,,0.7,0.5,"Open grown",,,,,,,,,"legacyData | noMapTagData"
"446f8ad1-7987-44d9-ae5d-6545a8e4ec21","DSNY_023.basePlot.vst","2014-10-14","vst_DSNY_2014","D03","DSNY","DSNY_023",,"NEON.PLA.D03.DSNY.00215",,"small tree",,7.9,120,1.2,,,,1.5,1.1,"Open grown",,,,,,"branched at 130; No transcription errors found",,,"legacyData | noMapTagData"
"5b57f8e3-4339-4581-b837-537a8f0c5499","DSNY_023.basePlot.vst","2014-10-14","vst_DSNY_2014","D03","DSNY","DSNY_023",,"NEON.PLA.D03.DSNY.00218",,"small tree",,4.3,130,0.3,,,,1.0,0.5,"Open grown",,,,,,,,,"legacyData | noMapTagData"
"c75188d9-5cbc-4ad5-a9de-22c80bafed2d","DSNY_028.basePlot.vst","2014-10-14","vst_DSNY_2014","D03","DSNY","DSNY_028",,"NEON.PLA.D03.DSNY.00227",,,,5.8,125,0.7,,,,1.2,0.8,"Full sun",,,,,,"branch at 130; No transcription errors found",,,"legacyData | noMapTagData"
"c8f276de-952c-4032-97ff-2ae006e4a970","DSNY_028.basePlot.vst","2014-10-14","vst_DSNY_2014","D03","DSNY","DSNY_028",,"NEON.PLA.D03.DSNY.00228",,,,5.4,130,1.0,,,,1.4,0.7,"Full sun",,,,,,,,,"legacyData | noMapTagData"
"80955067-2cce-4dda-8241-dfacd362c752","DSNY_023.basePlot.vst","2014-10-14","vst_DSNY_2014","D03","DSNY","DSNY_023",,"NEON.PLA.D03.DSNY.00213",,"small tree",,9.1,130,4.2,,,,3.1,1.2,"Open grown",,,,,,,,,"legacyData | noMapTagData"
"e58c2bda-fc0e-43bb-915e-a0f7a715130e","DSNY_023.basePlot.vst","2014-10-14","vst_DSNY_2014","D03","DSNY","DSNY_023",,"NEON.PLA.D03.DSNY.00211",,"small tree",,5.8,130,1.5,,,,1.1,0.9,"Open grown",,,,,,"No transcription errors found",,,"legacyData | noMapTagData"
"62ed92f3-a2a0-4ed9-949c-659bc84d8ebe","DSNY_023.basePlot.vst","2014-10-14","vst_DSNY_2014","D03","DSNY","DSNY_023",,"NEON.PLA.D03.DSNY.00220",,"small tree",,4.8,130,0.7,,,,1.4,0.9,"Open grown",,,,,,,,,"legacyData | noMapTagData"
"eab40f5c-139b-4209-a475-02a2aedea198","DSNY_028.basePlot.vst","2014-10-14","vst_DSNY_2014","D03","DSNY","DSNY_028",,"NEON.PLA.D03.DSNY.00223",,,,10.3,130,4.2,,,,2.7,2.3,"Full sun",,,,,,"No transcription errors found",,,"legacyData | noMapTagData"
"ed09306a-c7a5-4228-9098-967b5f7fd416","DSNY_023.basePlot.vst","2014-10-14","vst_DSNY_2014","D03","DSNY","DSNY_023",,"NEON.PLA.D03.DSNY.00219",,"small tree",,4.9,130,0.2,,,,1.3,0.8,"Open grown",,,,,,,,,"legacyData | noMapTagData"
"ac204166-797d-4e05-8af8-bbeb6c9a5306","DSNY_028.basePlot.vst","2014-10-14","vst_DSNY_2014","D03","DSNY","DSNY_028",,"NEON.PLA.D03.DSNY.00224",,,,7.0,130,2.8,,,,2.2,1.5,"Full sun",,,,,,,,,"legacyData | noMapTagData"
"d7d6c491-2b85-4475-9c18-ec715085cd0b","DSNY_028.basePlot.vst","2014-10-14","vst_DSNY_2014","D03","DSNY","DSNY_028",,"NEON.PLA.D03.DSNY.00226",,,,14.2,130,9.6,,,,3.3,2.7,"Full sun",,,,,,,,,"legacyData | noMapTagData"
"132afcae-17e6-48df-b878-61bb8eff840e","DSNY_023.basePlot.vst","2014-10-14","vst_DSNY_2014","D03","DSNY","DSNY_023",,"NEON.PLA.D03.DSNY.00222",,"small tree",,4.7,130,0.2,,,,1.4,0.9,"Open grown",,,,,,"No transcription errors found",,,"legacyData | noMapTagData"
"f7bb81ce-235f-4c05-8d6e-66bc6b4d97b6","DSNY_028.basePlot.vst","2014-10-14","vst_DSNY_2014","D03","DSNY","DSNY_028",,"NEON.PLA.D03.DSNY.00225",,,,4.6,130,0.5,,,,1.0,1.0,"Full sun",,,,,,"No transcription errors found",,,"legacyData | noMapTagData"
"7e360d3b-50bf-42fc-b6ac-64f1e6605f44","DSNY_023.basePlot.vst","2014-10-14","vst_DSNY_2014","D03","DSNY","DSNY_023",,"NEON.PLA.D03.DSNY.00216",,"small tree",,4.5,130,0.3,,,,0.8,0.6,"Open grown",,,,,,,,,"legacyData | noMapTagData"
"0be1dd9d-c6ed-4b15-a8f7-abf65ecdc67c","DSNY_023.basePlot.vst","2014-10-14","vst_DSNY_2014","D03","DSNY","DSNY_023",,"NEON.PLA.D03.DSNY.00214",,"small tree",,5.9,130,1.7,,,,1.2,1.0,"Open grown",,,,,,,,,"legacyData | noMapTagData"
"cffba5c7-e73b-4d57-b7ec-11fa5a50d0e3","DSNY_023.basePlot.vst","2014-10-14","vst_DSNY_2014","D03","DSNY","DSNY_023",,"NEON.PLA.D03.DSNY.00221",,"small tree",,7.1,130,2.0,,,,2.8,1.4,"Open grown",,,,,,,,,"legacyData | noMapTagData"
"9780eb2b-138c-43c8-abf5-b52cb016a766","DSNY_023.basePlot.vst","2014-10-14","vst_DSNY_2014","D03","DSNY","DSNY_023",,"NEON.PLA.D03.DSNY.00212",,"small tree",,5.0,130,0.7,,,,1.0,0.9,"Open grown",,,,,,,,,"legacyData | noMapTagData"
"f5304fc5-bdc8-401a-9da7-10c19c1d2b93","DSNY_031.basePlot.vst","2014-10-15","vst_DSNY_2014","D03","DSNY","DSNY_031",,"NEON.PLA.D03.DSNY.00230",,,,8.8,130,1.7,,,,3.0,2.3,"Open grown",,,,,,"No transcription errors found",,,"legacyData | noMapTagData"
