uid,namedLocation,domainID,siteID,plotID,plotType,nlcdClass,decimalLatitude,decimalLongitude,geodeticDatum,coordinateUncertainty,elevation,elevationUncertainty,collectDate,eventID,sampleID,sampleCode,samplingMethod,totalSampledArea,targetTaxaPresent,adultCount,nymphCount,larvaCount,sampleCondition,samplingProtocolVersion,measuredBy,remarks
"b44e65f3-81b0-491f-94a9-0c95a1ea4016","CLBJ_034.tickPlot.tck","D11","CLBJ","CLBJ_034","distributed","grasslandHerbaceous",33.320090,-97.578537,"WGS84",20.0,325.2,0.0,"2018-03-08T16:30Z","CLBJ.2018.10",,,"drag and flag",135,"N",0,0,0,,"NEON.DOC.014045vJ","jrpOJzTntmV2NEwaoue+w4foMoyVO618ln53ZC3RtAk=","20 meters skipped due to water."
"cfb44ee4-582d-42b7-974e-9346c34e6f1c","CLBJ_036.tickPlot.tck","D11","CLBJ","CLBJ_036","distributed","grasslandHerbaceous",33.396494,-97.580919,"WGS84",20.1,289.5,0.1,"2018-03-08T17:14Z","CLBJ.2018.10",,,"drag",160,"N",0,0,0,,"NEON.DOC.014045vJ","jrpOJzTntmV2NEwaoue+w4foMoyVO618ln53ZC3RtAk=","Burned during controlled burn."
"1fbbeb87-f7a0-42b6-8b1a-80627a57e4ed","CLBJ_043.tickPlot.tck","D11","CLBJ","CLBJ_043","distributed","deciduousForest",33.410406,-97.593713,"WGS84",20.1,285.9,0.1,"2018-03-08T17:54Z","CLBJ.2018.10",,,"drag and flag",170,"N",0,0,0,,"NEON.DOC.014045vJ","IjazmSQBojWxyJ0/VQonJJDN/AWQC3ZwsdN1S7UuDl8=","Burned during the controlled burn."
"f281d7ad-ce2e-490e-89b6-20f02f07aa6f","CLBJ_032.tickPlot.tck","D11","CLBJ","CLBJ_032","distributed","grasslandHerbaceous",33.405176,-97.595129,"WGS84",20.1,294.7,0.1,"2018-03-08T18:30Z","CLBJ.2018.10",,,"drag and flag",160,"N",0,0,0,,"NEON.DOC.014045vJ","IjazmSQBojWxyJ0/VQonJJDN/AWQC3ZwsdN1S7UuDl8=","Burned during the controlled burn."
"50698f3f-fc0f-4372-99d1-0d215e6cf3c6","CLBJ_033.tickPlot.tck","D11","CLBJ","CLBJ_033","distributed","deciduousForest",33.382288,-97.619783,"WGS84",20.1,305.5,0.1,"2018-03-08T19:12Z","CLBJ.2018.10",,,"drag and flag",153,"N",0,0,0,,"NEON.DOC.014045vJ","IjazmSQBojWxyJ0/VQonJJDN/AWQC3ZwsdN1S7UuDl8=","7 meters skipped due to rough vegetation."
"25487b47-702e-4e11-a3e4-d9b5e3ca14a9","CLBJ_040.tickPlot.tck","D11","CLBJ","CLBJ_040","distributed","deciduousForest",33.377571,-97.647238,"WGS84",20.1,328.9,0.1,"2018-03-08T19:54Z","CLBJ.2018.10",,,"drag and flag",128,"N",0,0,0,,"NEON.DOC.014045vJ","jrpOJzTntmV2NEwaoue+w4foMoyVO618ln53ZC3RtAk=","12 meter skipped due to rough vegetation."
"8ad5f7aa-a0d7-43a3-be35-9a3d47bacc5f","CLBJ_034.tickPlot.tck","D11","CLBJ","CLBJ_034","distributed","grasslandHerbaceous",33.320090,-97.578537,"WGS84",20.0,325.2,0.0,"2018-03-29T19:06Z","CLBJ.2018.13",,,"drag and flag",150,"N",0,0,0,,"NEON.DOC.014045vJ","Fq9eMe8kkDPg5iRc/YQoJnekW1I/cbYeNpQ8H6H0vzw=",
"bb827cf7-0dd2-4ff9-9522-18e60822d5ee","CLBJ_040.tickPlot.tck","D11","CLBJ","CLBJ_040","distributed","deciduousForest",33.377571,-97.647238,"WGS84",20.1,328.9,0.1,"2018-03-29T19:07Z","CLBJ.2018.13",,,"drag and flag",135,"N",0,0,0,,"NEON.DOC.014045vJ","jrpOJzTntmV2NEwaoue+w4foMoyVO618ln53ZC3RtAk=",
"980f766b-3dd7-43fe-ad5e-eec3f98aa9f4","CLBJ_033.tickPlot.tck","D11","CLBJ","CLBJ_033","distributed","deciduousForest",33.382288,-97.619783,"WGS84",20.1,305.5,0.1,"2018-03-29T19:41Z","CLBJ.2018.13",,,"drag and flag",160,"N",0,0,0,,"NEON.DOC.014045vJ","OC+NKp63wP0BWVIaaFvsOT5gwOIZab7a+U4IG8VxOxA=",
"98b39d86-37e2-47ae-bf38-07c08c96d0d5","CLBJ_032.tickPlot.tck","D11","CLBJ","CLBJ_032","distributed","grasslandHerbaceous",33.405176,-97.595129,"WGS84",20.1,294.7,0.1,"2018-03-29T20:05Z","CLBJ.2018.13",,,"drag and flag",152,"N",0,0,0,,"NEON.DOC.014045vJ","Fq9eMe8kkDPg5iRc/YQoJnekW1I/cbYeNpQ8H6H0vzw=",
"17161e04-df02-4080-aef0-d9182c460f31","CLBJ_032.tickPlot.tck","D11","CLBJ","CLBJ_032","distributed","grasslandHerbaceous",33.405176,-97.595129,"WGS84",20.1,294.7,0.1,"2018-03-29T20:29Z","CLBJ.2018.13",,,"drag and flag",137,"N",0,0,0,,"NEON.DOC.014045vJ","OC+NKp63wP0BWVIaaFvsOT5gwOIZab7a+U4IG8VxOxA=",
"f008a27a-f3bc-4785-b36a-74dbde62c532","CLBJ_043.tickPlot.tck","D11","CLBJ","CLBJ_043","distributed","deciduousForest",33.410406,-97.593713,"WGS84",20.1,285.9,0.1,"2018-03-29T20:36Z","CLBJ.2018.13",,,"drag and flag",100,"N",0,0,0,,"NEON.DOC.014045vJ","Fq9eMe8kkDPg5iRc/YQoJnekW1I/cbYeNpQ8H6H0vzw=",
