uid,namedLocation,date,eventID,domainID,siteID,plotID,subplotID,individualID,tagStatus,growthForm,plantStatus,stemDiameter,measurementHeight,height,baseCrownHeight,breakHeight,breakDiameter,maxCrownDiameter,ninetyCrownDiameter,canopyPosition,shape,basalStemDiameter,basalStemDiameterMsrmntHeight,maxBaseCrownDiameter,ninetyBaseCrownDiameter,remarks,recordedBy,measuredBy,dataQF
"5d6b06ba-a6cc-4543-ae48-265032111ae1","SCBI_049.basePlot.vst","2016-09-28","vst_SCBI_2016","D02","SCBI","SCBI_049",,"NEON.PLA.D02.SCBI.02586","ok","liana","Live",4.5,130,,,,,,,,,,,,,"Rule A","MAihFV9ECLSNBg1HSBddqS0ZUZa4DTjtYmYfVx1TOr0=","vG946HPdyCak4YNcquSpnhDyztG1jnbiCP4A7p87kck=","legacyData"
"5201add0-ca4f-4622-8405-5672753bfc3b","SCBI_049.basePlot.vst","2016-09-28","vst_SCBI_2016","D02","SCBI","SCBI_049",,"NEON.PLA.D02.SCBI.02583","ok","liana","Live",5.5,130,,,,,,,,,,,,,"Rule A","MAihFV9ECLSNBg1HSBddqS0ZUZa4DTjtYmYfVx1TOr0=","vG946HPdyCak4YNcquSpnhDyztG1jnbiCP4A7p87kck=","legacyData"
"ae98e180-c203-4d3c-818c-10216876ee10","SCBI_049.basePlot.vst","2016-09-28","vst_SCBI_2016","D02","SCBI","SCBI_049",,"NEON.PLA.D02.SCBI.13255","ok","small shrub","Live",,,1.3,,,,0.7,0.7,,"cylinder",1.1,10,,,,"MAihFV9ECLSNBg1HSBddqS0ZUZa4DTjtYmYfVx1TOr0=","vG946HPdyCak4YNcquSpnhDyztG1jnbiCP4A7p87kck=","legacyData"
"79d9c206-99f4-4f15-b4d0-365909417ae9","SCBI_049.basePlot.vst","2016-09-28","vst_SCBI_2016","D02","SCBI","SCBI_049",,"NEON.PLA.D02.SCBI.02577","ok","single bole tree","Live",49.3,130,21.3,,,,,,,,,,,,,"MAihFV9ECLSNBg1HSBddqS0ZUZa4DTjtYmYfVx1TOr0=","vG946HPdyCak4YNcquSpnhDyztG1jnbiCP4A7p87kck=","legacyData"
"00eca793-04d3-4d05-adf1-b568d3841844","SCBI_049.basePlot.vst","2016-09-28","vst_SCBI_2016","D02","SCBI","SCBI_049",,"NEON.PLA.D02.SCBI.02582","ok","single bole tree","Live",21.5,130,17.7,,,,,,,,,,,,"Looks healthy but also has very small patch of visible heartwood","MAihFV9ECLSNBg1HSBddqS0ZUZa4DTjtYmYfVx1TOr0=","vG946HPdyCak4YNcquSpnhDyztG1jnbiCP4A7p87kck=","legacyData"
"b46427e2-76be-4e10-97af-26651582555f","SCBI_049.basePlot.vst","2016-09-28","vst_SCBI_2016","D02","SCBI","SCBI_049",,"NEON.PLA.D02.SCBI.13253","ok","small shrub","Live",,,1.2,,,,1.0,0.8,,"cylinder",1.0,10,,,,"MAihFV9ECLSNBg1HSBddqS0ZUZa4DTjtYmYfVx1TOr0=","vG946HPdyCak4YNcquSpnhDyztG1jnbiCP4A7p87kck=","legacyData"
"43a4f327-9c56-4401-a737-24cdfc98087f","SCBI_049.basePlot.vst","2016-09-28","vst_SCBI_2016","D02","SCBI","SCBI_049",,"NEON.PLA.D02.SCBI.02523","ok","single bole tree","Live",16.5,130,12.0,,,,,,,,,,,,,"MAihFV9ECLSNBg1HSBddqS0ZUZa4DTjtYmYfVx1TOr0=","vG946HPdyCak4YNcquSpnhDyztG1jnbiCP4A7p87kck=","legacyData"
"48a557a8-0ae1-48c7-afb3-507eda9b51c1","SCBI_049.basePlot.vst","2016-09-28","vst_SCBI_2016","D02","SCBI","SCBI_049",,"NEON.PLA.D02.SCBI.02535","ok","single bole tree","Live",18.3,130,16.4,,,,,,,,,,,,,"MAihFV9ECLSNBg1HSBddqS0ZUZa4DTjtYmYfVx1TOr0=","vG946HPdyCak4YNcquSpnhDyztG1jnbiCP4A7p87kck=","legacyData"
"db709ac5-69c4-4263-80ee-fdba03798a36","SCBI_049.basePlot.vst","2016-09-28","vst_SCBI_2016","D02","SCBI","SCBI_049",,"NEON.PLA.D02.SCBI.02544","ok","single bole tree","Live, physically damaged",11.5,130,3.6,,,,,,,,,,,,"Hollow bole; tree is bending at 40deg; possible insect disease; tree overall alive and well","MAihFV9ECLSNBg1HSBddqS0ZUZa4DTjtYmYfVx1TOr0=","vG946HPdyCak4YNcquSpnhDyztG1jnbiCP4A7p87kck=","legacyData"
"968623cf-134f-4b8e-a336-6dd007483110","SCBI_049.basePlot.vst","2016-09-28","vst_SCBI_2016","D02","SCBI","SCBI_049",,"NEON.PLA.D02.SCBI.02541","ok","single bole tree","Live",14.5,130,13.4,,,,,,,,,,,,,"MAihFV9ECLSNBg1HSBddqS0ZUZa4DTjtYmYfVx1TOr0=","vG946HPdyCak4YNcquSpnhDyztG1jnbiCP4A7p87kck=","legacyData"
"188acf17-dd65-4167-abb6-7221b3e71bed","SCBI_049.basePlot.vst","2016-09-28","vst_SCBI_2016","D02","SCBI","SCBI_049",,"NEON.PLA.D02.SCBI.00168","ok","small shrub","Live",,,0.2,,,,1.0,0.9,,"cylinder",1.5,10,,,,"MAihFV9ECLSNBg1HSBddqS0ZUZa4DTjtYmYfVx1TOr0=","vG946HPdyCak4YNcquSpnhDyztG1jnbiCP4A7p87kck=","legacyData"
"d66d46f6-bebd-41e2-9c28-2e32b969399f","SCBI_049.basePlot.vst","2016-09-28","vst_SCBI_2016","D02","SCBI","SCBI_049",,"NEON.PLA.D02.SCBI.02536","ok","single bole tree","Live",15.0,130,8.8,,,,,,,,,,,,,"MAihFV9ECLSNBg1HSBddqS0ZUZa4DTjtYmYfVx1TOr0=","vG946HPdyCak4YNcquSpnhDyztG1jnbiCP4A7p87kck=","legacyData"
"b80af4f3-0cc1-4f1d-96b3-073c88d12d5c","SCBI_049.basePlot.vst","2016-09-28","vst_SCBI_2016","D02","SCBI","SCBI_049",,"NEON.PLA.D02.SCBI.02568","ok","single bole tree","Live",59.3,130,25.6,,,,,,,,,,,,,"MAihFV9ECLSNBg1HSBddqS0ZUZa4DTjtYmYfVx1TOr0=","vG946HPdyCak4YNcquSpnhDyztG1jnbiCP4A7p87kck=","legacyData"
"d07b6bb7-e92a-43e2-bb89-51793d80b6a2","SCBI_049.basePlot.vst","2016-09-28","vst_SCBI_2016","D02","SCBI","SCBI_049",,"NEON.PLA.D02.SCBI.02549","ok","single bole tree","Live",55.3,130,25.3,,,,,,,,,,,,,"MAihFV9ECLSNBg1HSBddqS0ZUZa4DTjtYmYfVx1TOr0=","vG946HPdyCak4YNcquSpnhDyztG1jnbiCP4A7p87kck=","legacyData"
"b6683a63-9cfa-4e83-be0a-b5c9ec29e8dc","SCBI_049.basePlot.vst","2016-09-28","vst_SCBI_2016","D02","SCBI","SCBI_049",,"NEON.PLA.D02.SCBI.02572","ok","single bole tree","Live",45.2,130,22.3,,,,,,,,,,,,,"MAihFV9ECLSNBg1HSBddqS0ZUZa4DTjtYmYfVx1TOr0=","vG946HPdyCak4YNcquSpnhDyztG1jnbiCP4A7p87kck=","legacyData"
"26d10c25-be0a-4afd-9193-10067581cc19","SCBI_049.basePlot.vst","2016-09-28","vst_SCBI_2016","D02","SCBI","SCBI_049",,"NEON.PLA.D02.SCBI.02548","ok","single bole tree","Live,  other damage",14.3,135,4.7,,,,,,,,,,,,"Very unhealthy; hollow bole; some leaves still on tree","MAihFV9ECLSNBg1HSBddqS0ZUZa4DTjtYmYfVx1TOr0=","vG946HPdyCak4YNcquSpnhDyztG1jnbiCP4A7p87kck=","legacyData"
"73dbeade-bea1-4f5d-b412-5150531fe9ff","SCBI_049.basePlot.vst","2016-09-28","vst_SCBI_2016","D02","SCBI","SCBI_049",,"NEON.PLA.D02.SCBI.02555","ok","small tree","Live",7.1,130,7.1,,,,,,,,,,,,,"MAihFV9ECLSNBg1HSBddqS0ZUZa4DTjtYmYfVx1TOr0=","vG946HPdyCak4YNcquSpnhDyztG1jnbiCP4A7p87kck=","legacyData"
"6e53715a-ca48-43d0-9af9-30abe355269f","SCBI_049.basePlot.vst","2016-09-28","vst_SCBI_2016","D02","SCBI","SCBI_049",,"NEON.PLA.D02.SCBI.02533","ok","single bole tree","Live",18.0,130,10.0,,,,,,,,,,,,,"MAihFV9ECLSNBg1HSBddqS0ZUZa4DTjtYmYfVx1TOr0=","vG946HPdyCak4YNcquSpnhDyztG1jnbiCP4A7p87kck=","legacyData"
"fee95d94-db87-4d5b-989f-9ae61aecc69c","SCBI_049.basePlot.vst","2016-09-28","vst_SCBI_2016","D02","SCBI","SCBI_049",,"NEON.PLA.D02.SCBI.00162","ok","small shrub","Live",,,1.4,,,,1.4,1.2,,"inverted cone",1.4,10,0.06,0.02,,"MAihFV9ECLSNBg1HSBddqS0ZUZa4DTjtYmYfVx1TOr0=","vG946HPdyCak4YNcquSpnhDyztG1jnbiCP4A7p87kck=","legacyData"
"3a8232af-c15f-4b34-8215-b3575f0f2d0d","SCBI_049.basePlot.vst","2016-09-28","vst_SCBI_2016","D02","SCBI","SCBI_049",,"NEON.PLA.D02.SCBI.02539","ok","single bole tree","Live",52.3,130,25.4,,,,,,,,,,,,,"MAihFV9ECLSNBg1HSBddqS0ZUZa4DTjtYmYfVx1TOr0=","vG946HPdyCak4YNcquSpnhDyztG1jnbiCP4A7p87kck=","legacyData"
"a39efc40-fd5e-4a70-898b-58a3a73e1640","SCBI_049.basePlot.vst","2016-09-28","vst_SCBI_2016","D02","SCBI","SCBI_049",,"NEON.PLA.D02.SCBI.02522","ok","single bole tree","Live",49.9,130,24.7,,,,,,,,,,,,,"MAihFV9ECLSNBg1HSBddqS0ZUZa4DTjtYmYfVx1TOr0=","vG946HPdyCak4YNcquSpnhDyztG1jnbiCP4A7p87kck=","legacyData"
"30a2731f-aeff-4155-825f-9cc9329e95ae","SCBI_049.basePlot.vst","2016-09-28","vst_SCBI_2016","D02","SCBI","SCBI_049",,"NEON.PLA.D02.SCBI.02552","ok","single bole tree","Live",12.8,130,7.1,,,,,,,,,,,,,"MAihFV9ECLSNBg1HSBddqS0ZUZa4DTjtYmYfVx1TOr0=","vG946HPdyCak4YNcquSpnhDyztG1jnbiCP4A7p87kck=","legacyData"
"2b88fd49-994a-4e6b-9300-c4ab1ca169e8","SCBI_049.basePlot.vst","2016-09-28","vst_SCBI_2016","D02","SCBI","SCBI_049",,"NEON.PLA.D02.SCBI.02559","ok","liana","Live",6.0,130,,,,,,,,,,,,,"Rule A","MAihFV9ECLSNBg1HSBddqS0ZUZa4DTjtYmYfVx1TOr0=","vG946HPdyCak4YNcquSpnhDyztG1jnbiCP4A7p87kck=","legacyData"
"421f74eb-f3e1-495b-b9df-8bdd76367bdc","SCBI_049.basePlot.vst","2016-09-28","vst_SCBI_2016","D02","SCBI","SCBI_049",,"NEON.PLA.D02.SCBI.00167","ok","small tree","Live",9.2,130,8.6,,,,,,,,,,,,,"MAihFV9ECLSNBg1HSBddqS0ZUZa4DTjtYmYfVx1TOr0=","vG946HPdyCak4YNcquSpnhDyztG1jnbiCP4A7p87kck=","legacyData"
"ab4cf13a-fef8-421f-9a3f-359b18b58abd","SCBI_049.basePlot.vst","2016-09-28","vst_SCBI_2016","D02","SCBI","SCBI_049",,"NEON.PLA.D02.SCBI.02542","ok","single bole tree","Live",18.2,130,6.7,,,,,,,,,,,,,"MAihFV9ECLSNBg1HSBddqS0ZUZa4DTjtYmYfVx1TOr0=","vG946HPdyCak4YNcquSpnhDyztG1jnbiCP4A7p87kck=","legacyData"
"3b9f0dbd-ca90-48d9-94f1-ac2968ce01d6","SCBI_049.basePlot.vst","2016-09-28","vst_SCBI_2016","D02","SCBI","SCBI_049",,"NEON.PLA.D02.SCBI.02520","ok","single bole tree","Live",20.6,130,14.4,,,,,,,,,,,,,"MAihFV9ECLSNBg1HSBddqS0ZUZa4DTjtYmYfVx1TOr0=","vG946HPdyCak4YNcquSpnhDyztG1jnbiCP4A7p87kck=","legacyData"
"80bd6c85-36bb-4f33-a825-516696b40b05","SCBI_049.basePlot.vst","2016-09-28","vst_SCBI_2016","D02","SCBI","SCBI_049",,"NEON.PLA.D02.SCBI.02550","ok","single bole tree","Live,  other damage",14.5,145,7.0,,,,,,,,,,,,"Very unhealthy; most all branches dead; cankers; cause unknown","MAihFV9ECLSNBg1HSBddqS0ZUZa4DTjtYmYfVx1TOr0=","vG946HPdyCak4YNcquSpnhDyztG1jnbiCP4A7p87kck=","legacyData"
"37e21a67-ba70-4f46-b27e-3e48d9abd351","SCBI_049.basePlot.vst","2016-09-28","vst_SCBI_2016","D02","SCBI","SCBI_049",,"NEON.PLA.D02.SCBI.02578","ok","single bole tree","Live",13.2,130,8.6,,,,,,,,,,,,,"MAihFV9ECLSNBg1HSBddqS0ZUZa4DTjtYmYfVx1TOr0=","vG946HPdyCak4YNcquSpnhDyztG1jnbiCP4A7p87kck=","legacyData"
"a2c349ff-9da8-46c7-8c63-334ed88a193a","SCBI_049.basePlot.vst","2016-09-28","vst_SCBI_2016","D02","SCBI","SCBI_049",,"NEON.PLA.D02.SCBI.02567","ok","single bole tree","Dead, broken bole",15.4,130,9.8,,9.8,14.0,,,,,,,,,,"MAihFV9ECLSNBg1HSBddqS0ZUZa4DTjtYmYfVx1TOr0=","vG946HPdyCak4YNcquSpnhDyztG1jnbiCP4A7p87kck=","legacyData"
"bc2317d0-8a37-41a0-94b8-66b88eafabfc","SCBI_049.basePlot.vst","2016-09-28","vst_SCBI_2016","D02","SCBI","SCBI_049",,"NEON.PLA.D02.SCBI.00162","ok","small shrub","Live",,,1.4,,,,1.4,1.2,,"inverted cone",1.5,10,0.06,0.02,,"MAihFV9ECLSNBg1HSBddqS0ZUZa4DTjtYmYfVx1TOr0=","vG946HPdyCak4YNcquSpnhDyztG1jnbiCP4A7p87kck=","legacyData"
"c0370056-f17b-4c09-9e24-d116d9a05cc2","SCBI_049.basePlot.vst","2016-09-28","vst_SCBI_2016","D02","SCBI","SCBI_049",,"NEON.PLA.D02.SCBI.02545","ok","single bole tree","Standing dead",35.6,130,16.9,,,,,,,,,,,,"Cause of death unknown","MAihFV9ECLSNBg1HSBddqS0ZUZa4DTjtYmYfVx1TOr0=","vG946HPdyCak4YNcquSpnhDyztG1jnbiCP4A7p87kck=","legacyData"
"1a367348-2f1b-4bb8-9b0f-1f3cb83fa0dd","SCBI_049.basePlot.vst","2016-09-28","vst_SCBI_2016","D02","SCBI","SCBI_049",,"NEON.PLA.D02.SCBI.02558","ok","liana","Standing dead",3.5,130,,,,,,,,,,,,,"Rule A; looks to have died recently little to no structure remaining and the liana now ascends to the canopy then drops to the ground","MAihFV9ECLSNBg1HSBddqS0ZUZa4DTjtYmYfVx1TOr0=","vG946HPdyCak4YNcquSpnhDyztG1jnbiCP4A7p87kck=","legacyData"
"e9ca1705-0d4a-443c-86b8-fa3d39ae3dca","SCBI_049.basePlot.vst","2016-09-28","vst_SCBI_2016","D02","SCBI","SCBI_049",,"NEON.PLA.D02.SCBI.02566","ok","single bole tree","Live,  other damage",43.5,130,22.0,,,,,,,,,,,,"Vitis lianas growing on canopy; abnormal","MAihFV9ECLSNBg1HSBddqS0ZUZa4DTjtYmYfVx1TOr0=","vG946HPdyCak4YNcquSpnhDyztG1jnbiCP4A7p87kck=","legacyData"
"c3bc3781-247f-4a97-847d-9181d95bc6b6","SCBI_049.basePlot.vst","2016-09-28","vst_SCBI_2016","D02","SCBI","SCBI_049",,"NEON.PLA.D02.SCBI.02560","ok","small tree","Live",7.8,130,7.0,,,,,,,,,,,,,"MAihFV9ECLSNBg1HSBddqS0ZUZa4DTjtYmYfVx1TOr0=","vG946HPdyCak4YNcquSpnhDyztG1jnbiCP4A7p87kck=","legacyData"
"a8a0dd23-efeb-497e-929c-f053613ec343","SCBI_049.basePlot.vst","2016-09-28","vst_SCBI_2016","D02","SCBI","SCBI_049",,"NEON.PLA.D02.SCBI.02521","ok","single bole tree","Live",60.5,130,26.6,,,,,,,,,,,,,"MAihFV9ECLSNBg1HSBddqS0ZUZa4DTjtYmYfVx1TOr0=","vG946HPdyCak4YNcquSpnhDyztG1jnbiCP4A7p87kck=","legacyData"
"0605e540-81ec-4425-94d1-26b2d62bd03a","SCBI_049.basePlot.vst","2016-09-28","vst_SCBI_2016","D02","SCBI","SCBI_049",,"NEON.PLA.D02.SCBI.02546","ok",,"No longer qualifies",,,,,,,,,,,,,,,"Individual not found; tag remains","MAihFV9ECLSNBg1HSBddqS0ZUZa4DTjtYmYfVx1TOr0=","vG946HPdyCak4YNcquSpnhDyztG1jnbiCP4A7p87kck=","legacyData"
"9626a39f-8a4f-4b78-8b17-0d62ce8c1977","SCBI_049.basePlot.vst","2016-09-28","vst_SCBI_2016","D02","SCBI","SCBI_049",,"NEON.PLA.D02.SCBI.02587","ok","small tree","Live",8.8,130,4.5,,,,,,,,,,,,,"MAihFV9ECLSNBg1HSBddqS0ZUZa4DTjtYmYfVx1TOr0=","vG946HPdyCak4YNcquSpnhDyztG1jnbiCP4A7p87kck=","legacyData"
"c2b60a86-cef1-4a20-8530-f3a059209333","SCBI_049.basePlot.vst","2016-09-28","vst_SCBI_2016","D02","SCBI","SCBI_049",,"NEON.PLA.D02.SCBI.02537","ok","single bole tree","Live,  other damage",17.4,130,13.2,,,,,,,,,,,,"Bole damage; tree very unhealthy; leaves and branches dying; bark peeling off main bole","MAihFV9ECLSNBg1HSBddqS0ZUZa4DTjtYmYfVx1TOr0=","vG946HPdyCak4YNcquSpnhDyztG1jnbiCP4A7p87kck=","legacyData"
"caa37dbc-778a-440e-9e8b-a80a13803bb9","SCBI_049.basePlot.vst","2016-09-28","vst_SCBI_2016","D02","SCBI","SCBI_049",,"NEON.PLA.D02.SCBI.02574","ok","single bole tree","Live",43.5,130,26.5,,,,,,,,,,,,,"MAihFV9ECLSNBg1HSBddqS0ZUZa4DTjtYmYfVx1TOr0=","vG946HPdyCak4YNcquSpnhDyztG1jnbiCP4A7p87kck=","legacyData"
"77d26d31-2361-4fc9-840d-e7d7293f6e31","SCBI_049.basePlot.vst","2016-09-28","vst_SCBI_2016","D02","SCBI","SCBI_049",,"NEON.PLA.D02.SCBI.02543","ok","single bole tree","Dead, broken bole",31.8,130,2.9,,2.9,25.0,,,,,,,,,,"MAihFV9ECLSNBg1HSBddqS0ZUZa4DTjtYmYfVx1TOr0=","vG946HPdyCak4YNcquSpnhDyztG1jnbiCP4A7p87kck=","legacyData"
"81a31d64-180d-4ebd-ba57-879713b16c53","SCBI_049.basePlot.vst","2016-09-28","vst_SCBI_2016","D02","SCBI","SCBI_049",,"NEON.PLA.D02.SCBI.02564","ok","liana","Live",3.0,130,,,,,,,,,,,,,"Rule A","MAihFV9ECLSNBg1HSBddqS0ZUZa4DTjtYmYfVx1TOr0=","vG946HPdyCak4YNcquSpnhDyztG1jnbiCP4A7p87kck=","legacyData"
"b6d25254-9915-4b9e-b732-aedecf462c58","SCBI_049.basePlot.vst","2016-09-28","vst_SCBI_2016","D02","SCBI","SCBI_049",,"NEON.PLA.D02.SCBI.02573","ok","single bole tree","Live",18.9,130,17.9,,,,,,,,,,,,,"MAihFV9ECLSNBg1HSBddqS0ZUZa4DTjtYmYfVx1TOr0=","vG946HPdyCak4YNcquSpnhDyztG1jnbiCP4A7p87kck=","legacyData"
"fabd3757-1444-4aec-a7b6-14dd402eebbc","SCBI_049.basePlot.vst","2016-09-28","vst_SCBI_2016","D02","SCBI","SCBI_049",,"NEON.PLA.D02.SCBI.02585","ok","small tree","Live",7.7,130,5.1,,,,,,,,,,,,,"MAihFV9ECLSNBg1HSBddqS0ZUZa4DTjtYmYfVx1TOr0=","vG946HPdyCak4YNcquSpnhDyztG1jnbiCP4A7p87kck=","legacyData"
"9596471c-0bf3-45e7-987b-3490a3edccc3","SCBI_049.basePlot.vst","2016-09-28","vst_SCBI_2016","D02","SCBI","SCBI_049",,"NEON.PLA.D02.SCBI.02571","ok","single bole tree","Live",56.2,130,26.6,,,,,,,,,,,,,"MAihFV9ECLSNBg1HSBddqS0ZUZa4DTjtYmYfVx1TOr0=","vG946HPdyCak4YNcquSpnhDyztG1jnbiCP4A7p87kck=","legacyData"
"37420c32-1941-410a-b656-0703d13b422b","SCBI_049.basePlot.vst","2016-09-28","vst_SCBI_2016","D02","SCBI","SCBI_049",,"NEON.PLA.D02.SCBI.02540","ok","single bole tree","Live,  other damage",15.0,130,3.5,,,,,,,,,,,,"Very unhealthy; most all branches dead; cankers and liana damage; cause unknown","MAihFV9ECLSNBg1HSBddqS0ZUZa4DTjtYmYfVx1TOr0=","vG946HPdyCak4YNcquSpnhDyztG1jnbiCP4A7p87kck=","legacyData"
"70786040-ccae-44ac-8888-9df38d2bd202","SCBI_049.basePlot.vst","2016-09-28","vst_SCBI_2016","D02","SCBI","SCBI_049",,"NEON.PLA.D02.SCBI.13251","ok","small shrub","Live",,,0.7,,,,0.6,0.4,,"cylinder",1.0,10,,,,"MAihFV9ECLSNBg1HSBddqS0ZUZa4DTjtYmYfVx1TOr0=","vG946HPdyCak4YNcquSpnhDyztG1jnbiCP4A7p87kck=","legacyData"
"6a48dcaf-c89a-49fb-88bc-fbd2794bc290","SCBI_049.basePlot.vst","2016-09-28","vst_SCBI_2016","D02","SCBI","SCBI_049",,"NEON.PLA.D02.SCBI.02554","ok","small tree","Dead, broken bole",8.3,130,1.7,,1.7,8.0,,,,,,,,,,"MAihFV9ECLSNBg1HSBddqS0ZUZa4DTjtYmYfVx1TOr0=","vG946HPdyCak4YNcquSpnhDyztG1jnbiCP4A7p87kck=","legacyData"
"d35d1eba-8f5b-4776-a64d-4a8b117ba5ed","SCBI_049.basePlot.vst","2016-09-28","vst_SCBI_2016","D02","SCBI","SCBI_049",,"NEON.PLA.D02.SCBI.02589","ok","liana","Live",6.6,130,,,,,,,,,,,,,"Rule A","MAihFV9ECLSNBg1HSBddqS0ZUZa4DTjtYmYfVx1TOr0=","vG946HPdyCak4YNcquSpnhDyztG1jnbiCP4A7p87kck=","legacyData"
"9fa3dd05-19fb-4afc-bf50-59c9b4d2c2fe","SCBI_049.basePlot.vst","2016-09-28","vst_SCBI_2016","D02","SCBI","SCBI_049",,"NEON.PLA.D02.SCBI.02561","ok","small tree","Dead, broken bole",7.8,130,2.0,,2.0,7.0,,,,,,,,,,"MAihFV9ECLSNBg1HSBddqS0ZUZa4DTjtYmYfVx1TOr0=","vG946HPdyCak4YNcquSpnhDyztG1jnbiCP4A7p87kck=","legacyData"
"02f04fc4-71cc-44c8-90b7-ce7856c377b6","SCBI_049.basePlot.vst","2016-09-28","vst_SCBI_2016","D02","SCBI","SCBI_049",,"NEON.PLA.D02.SCBI.02547","ok","single bole tree","Live,  other damage",13.3,130,5.9,,,,,,,,,,,,"Very unhealthy; most all branches dead; cause unknown","MAihFV9ECLSNBg1HSBddqS0ZUZa4DTjtYmYfVx1TOr0=","vG946HPdyCak4YNcquSpnhDyztG1jnbiCP4A7p87kck=","legacyData"
"ece39f03-9d33-45f8-b32f-48d8b74adad4","SCBI_049.basePlot.vst","2016-09-28","vst_SCBI_2016","D02","SCBI","SCBI_049",,"NEON.PLA.D02.SCBI.02580","ok","single bole tree","Live, physically damaged",11.5,130,6.2,,,,,,,,,,,,"large patch of heartwood visible along the bole; not lightning; unsure of cause","MAihFV9ECLSNBg1HSBddqS0ZUZa4DTjtYmYfVx1TOr0=","vG946HPdyCak4YNcquSpnhDyztG1jnbiCP4A7p87kck=","legacyData"
"d747c12e-179f-472d-bffa-6dcb7c357f36","SCBI_049.basePlot.vst","2016-09-28","vst_SCBI_2016","D02","SCBI","SCBI_049",,"NEON.PLA.D02.SCBI.02590","ok",,"No longer qualifies",,,,,,,,,,,,,,,"Individual not found; tag remains","MAihFV9ECLSNBg1HSBddqS0ZUZa4DTjtYmYfVx1TOr0=","vG946HPdyCak4YNcquSpnhDyztG1jnbiCP4A7p87kck=","legacyData"
"17ed63f0-48dc-4f07-b980-8c48cde69539","SCBI_049.basePlot.vst","2016-09-28","vst_SCBI_2016","D02","SCBI","SCBI_049",,"NEON.PLA.D02.SCBI.02570","ok","single bole tree","Live",16.9,130,16.0,,,,,,,,,,,,,"MAihFV9ECLSNBg1HSBddqS0ZUZa4DTjtYmYfVx1TOr0=","vG946HPdyCak4YNcquSpnhDyztG1jnbiCP4A7p87kck=","legacyData"
"ef5bb594-c4a3-4634-8688-d8361e2df66c","SCBI_049.basePlot.vst","2016-09-28","vst_SCBI_2016","D02","SCBI","SCBI_049",,"NEON.PLA.D02.SCBI.02569","ok","single bole tree","Dead, broken bole",18.2,130,4.5,,4.5,17.0,,,,,,,,,"vdApexBreakHeight and vdBaseBreakHeight not recorded; assumed to be equal to vdApexHeight and vdBaseHeight","MAihFV9ECLSNBg1HSBddqS0ZUZa4DTjtYmYfVx1TOr0=","vG946HPdyCak4YNcquSpnhDyztG1jnbiCP4A7p87kck=","legacyData"
"9caca54e-a9d5-4f84-a525-1073bb739b62","SCBI_049.basePlot.vst","2016-09-28","vst_SCBI_2016","D02","SCBI","SCBI_049",,"NEON.PLA.D02.SCBI.02579","ok","single bole tree","Live",51.1,130,26.0,,,,,,,,,,,,,"MAihFV9ECLSNBg1HSBddqS0ZUZa4DTjtYmYfVx1TOr0=","vG946HPdyCak4YNcquSpnhDyztG1jnbiCP4A7p87kck=","legacyData"
"590b4a41-f224-4e72-a96c-b66e87c22d34","SCBI_049.basePlot.vst","2016-09-28","vst_SCBI_2016","D02","SCBI","SCBI_049",,"NEON.PLA.D02.SCBI.02556","ok","liana","Live",5.5,130,,,,,,,,,,,,,"Rule A","MAihFV9ECLSNBg1HSBddqS0ZUZa4DTjtYmYfVx1TOr0=","vG946HPdyCak4YNcquSpnhDyztG1jnbiCP4A7p87kck=","legacyData"
"8e429475-1b81-48bf-9015-fcd9d2b05b14","SCBI_049.basePlot.vst","2016-09-28","vst_SCBI_2016","D02","SCBI","SCBI_049",,"NEON.PLA.D02.SCBI.02538","ok","single bole tree","Live",10.3,130,10.1,,,,,,,,,,,,,"MAihFV9ECLSNBg1HSBddqS0ZUZa4DTjtYmYfVx1TOr0=","vG946HPdyCak4YNcquSpnhDyztG1jnbiCP4A7p87kck=","legacyData"
"a52dba84-399e-433a-9072-d88e13e59954","SCBI_049.basePlot.vst","2016-09-28","vst_SCBI_2016","D02","SCBI","SCBI_049",,"NEON.PLA.D02.SCBI.13252","ok","small shrub","Live",,,1.1,,,,1.4,1.3,,"half-sphere",1.0,10,,,,"MAihFV9ECLSNBg1HSBddqS0ZUZa4DTjtYmYfVx1TOr0=","vG946HPdyCak4YNcquSpnhDyztG1jnbiCP4A7p87kck=","legacyData"
"5d2ac4b6-eb70-40fd-89f7-2de995a47e02","SCBI_049.basePlot.vst","2016-09-28","vst_SCBI_2016","D02","SCBI","SCBI_049",,"NEON.PLA.D02.SCBI.02553","ok","single bole tree","Live",37.1,130,22.1,,,,,,,,,,,,,"MAihFV9ECLSNBg1HSBddqS0ZUZa4DTjtYmYfVx1TOr0=","vG946HPdyCak4YNcquSpnhDyztG1jnbiCP4A7p87kck=","legacyData"
"a70046d1-215c-459f-b129-f1197aa6c041","SCBI_049.basePlot.vst","2016-09-28","vst_SCBI_2016","D02","SCBI","SCBI_049",,"NEON.PLA.D02.SCBI.02565","ok","liana","Live",4.0,130,,,,,,,,,,,,,"Rule A","MAihFV9ECLSNBg1HSBddqS0ZUZa4DTjtYmYfVx1TOr0=","vG946HPdyCak4YNcquSpnhDyztG1jnbiCP4A7p87kck=","legacyData"
"679fba8c-7d3b-444c-a236-071166994cde","SCBI_049.basePlot.vst","2016-09-28","vst_SCBI_2016","D02","SCBI","SCBI_049",,"NEON.PLA.D02.SCBI.02562","ok","single bole tree","Live,  other damage",10.3,135,4.3,,,,,,,,,,,,"Bole damage; main stem snapped; heartwood hollow but alive; large cankers at base visible","MAihFV9ECLSNBg1HSBddqS0ZUZa4DTjtYmYfVx1TOr0=","vG946HPdyCak4YNcquSpnhDyztG1jnbiCP4A7p87kck=","legacyData"
"ce2c05c1-26c3-437f-bf75-71ef67f9e99f","SCBI_049.basePlot.vst","2016-09-28","vst_SCBI_2016","D02","SCBI","SCBI_049",,"NEON.PLA.D02.SCBI.02581","ok","single bole tree","Live, physically damaged",11.6,135,3.7,,,,,,,,,,,,"Looks relatively healthy but a small tree has fallen on main bole","MAihFV9ECLSNBg1HSBddqS0ZUZa4DTjtYmYfVx1TOr0=","vG946HPdyCak4YNcquSpnhDyztG1jnbiCP4A7p87kck=","legacyData"
"e0c7fea8-9879-4b03-b92d-c61f298803d2","SCBI_049.basePlot.vst","2016-09-28","vst_SCBI_2016","D02","SCBI","SCBI_049",,"NEON.PLA.D02.SCBI.13254","ok","small shrub","Live",,,1.1,,,,1.0,0.7,,"inverted cone",1.0,10,0.08,0.03,,"MAihFV9ECLSNBg1HSBddqS0ZUZa4DTjtYmYfVx1TOr0=","vG946HPdyCak4YNcquSpnhDyztG1jnbiCP4A7p87kck=","legacyData"
"89a6c9f5-1e39-491c-b5b1-9591b2974d6e","SCBI_049.basePlot.vst","2016-09-28","vst_SCBI_2016","D02","SCBI","SCBI_049",,"NEON.PLA.D02.SCBI.02575","ok","single bole tree","Live",31.3,130,24.5,,,,,,,,,,,,,"MAihFV9ECLSNBg1HSBddqS0ZUZa4DTjtYmYfVx1TOr0=","vG946HPdyCak4YNcquSpnhDyztG1jnbiCP4A7p87kck=","legacyData"
"72def124-6a2a-474f-9641-7084406434bd","SCBI_049.basePlot.vst","2016-09-28","vst_SCBI_2016","D02","SCBI","SCBI_049",,"NEON.PLA.D02.SCBI.02551","ok","single bole tree","Live",43.7,130,24.1,,,,,,,,,,,,,"MAihFV9ECLSNBg1HSBddqS0ZUZa4DTjtYmYfVx1TOr0=","vG946HPdyCak4YNcquSpnhDyztG1jnbiCP4A7p87kck=","legacyData"
"e35208a3-1253-4bf0-8774-b60f295c6e64","SCBI_049.basePlot.vst","2016-09-28","vst_SCBI_2016","D02","SCBI","SCBI_049",,"NEON.PLA.D02.SCBI.02563","ok","small tree","Live,  other damage",9.4,130,10.1,,,,,,,,,,,,"Very unhealthy; most all branches dead; cause unknown","MAihFV9ECLSNBg1HSBddqS0ZUZa4DTjtYmYfVx1TOr0=","vG946HPdyCak4YNcquSpnhDyztG1jnbiCP4A7p87kck=","legacyData"
"a7a647bb-6545-42be-b688-59d81d02c847","SCBI_049.basePlot.vst","2016-09-28","vst_SCBI_2016","D02","SCBI","SCBI_049",,"NEON.PLA.D02.SCBI.02584","ok","single bole tree","Live,  other damage",10.0,130,4.5,,,,,,,,,,,,"Very unhealthy; most all branches dead; cause unknown","MAihFV9ECLSNBg1HSBddqS0ZUZa4DTjtYmYfVx1TOr0=","vG946HPdyCak4YNcquSpnhDyztG1jnbiCP4A7p87kck=","legacyData"
"3e5a67a2-d39b-4140-aa61-77e5b32dafa7","SCBI_049.basePlot.vst","2016-09-28","vst_SCBI_2016","D02","SCBI","SCBI_049",,"NEON.PLA.D02.SCBI.02534","ok","single bole tree","Live",28.9,130,15.6,,,,,,,,,,,,,"MAihFV9ECLSNBg1HSBddqS0ZUZa4DTjtYmYfVx1TOr0=","vG946HPdyCak4YNcquSpnhDyztG1jnbiCP4A7p87kck=","legacyData"
"828b0262-4420-4a34-b6c8-d244a7797f53","SCBI_049.basePlot.vst","2016-09-28","vst_SCBI_2016","D02","SCBI","SCBI_049",,"NEON.PLA.D02.SCBI.02588","ok","small tree","Live",9.9,130,7.0,,,,,,,,,,,,,"MAihFV9ECLSNBg1HSBddqS0ZUZa4DTjtYmYfVx1TOr0=","vG946HPdyCak4YNcquSpnhDyztG1jnbiCP4A7p87kck=","legacyData"
"1c36d57a-3a0e-4043-b4b3-8b159483c40e","SCBI_049.basePlot.vst","2016-09-28","vst_SCBI_2016","D02","SCBI","SCBI_049",,"NEON.PLA.D02.SCBI.02557","ok","liana","Live",5.0,130,,,,,,,,,,,,,"Rule A","MAihFV9ECLSNBg1HSBddqS0ZUZa4DTjtYmYfVx1TOr0=","vG946HPdyCak4YNcquSpnhDyztG1jnbiCP4A7p87kck=","legacyData"
"a102b613-fbc1-4ac2-8939-3cba9b82c2f2","SCBI_055.basePlot.vst","2016-09-30","vst_SCBI_2016","D02","SCBI","SCBI_055",,"NEON.PLA.D02.SCBI.03080","ok","sapling","Standing dead",,,0.7,,,,,,,,2.0,10,,,"Cause of death unknown","7gABGk8/BIej00n4oJuY0fI2jXrGKpPT","os5Rd6V2h58xLLGOni43wF5trHQqGKuw","legacyData"
"38266c98-c67b-4c57-9722-2ebb4cab58ae","SCBI_055.basePlot.vst","2016-09-30","vst_SCBI_2016","D02","SCBI","SCBI_055",,"NEON.PLA.D02.SCBI.03065","ok","single bole tree","Dead, broken bole",12.1,130,6.1,,5.4,7.9,,,,,,,,,"Unknown cause of death","HwrR06bjl3TqPXYD/ecX4LA/iftMi41T","F1aLHfHLM4qaIk0WIP5D+6fDrn//30Wj","legacyData"
"9333fbfd-bef1-4a01-bcd5-2e3a50f5f71f","SCBI_055.basePlot.vst","2016-09-30","vst_SCBI_2016","D02","SCBI","SCBI_055",,"NEON.PLA.D02.SCBI.03040","ok",,"No longer qualifies",,,,,,,,,,,,,,,"Tag Remains could not locate","7gABGk8/BIej00n4oJuY0fI2jXrGKpPT","os5Rd6V2h58xLLGOni43wF5trHQqGKuw","legacyData"
"1dc039a1-aea5-47d9-b71a-dcf085e99024","SCBI_055.basePlot.vst","2016-09-30","vst_SCBI_2016","D02","SCBI","SCBI_055",,"NEON.PLA.D02.SCBI.03024","ok","sapling","Live",,,1.0,,,,,,,,1.1,10,,,,"7gABGk8/BIej00n4oJuY0fI2jXrGKpPT","os5Rd6V2h58xLLGOni43wF5trHQqGKuw","legacyData"
"8769568a-9584-4422-8c10-85d7cd8c1ff7","SCBI_055.basePlot.vst","2016-09-30","vst_SCBI_2016","D02","SCBI","SCBI_055",,"NEON.PLA.D02.SCBI.03071","ok","single bole tree","Live,  other damage",25.3,130,23.3,,,,,,,,,,,,"Damaged bole biotic fungal disease canker","HwrR06bjl3TqPXYD/ecX4LA/iftMi41T","F1aLHfHLM4qaIk0WIP5D+6fDrn//30Wj","legacyData"
"c127d676-2c6e-4d9a-8e78-37377042baf5","SCBI_055.basePlot.vst","2016-09-30","vst_SCBI_2016","D02","SCBI","SCBI_055",,"NEON.PLA.D02.SCBI.03014","ok","single bole tree","Live",43.9,130,28.5,,,,,,,,,,,,,"HwrR06bjl3TqPXYD/ecX4LA/iftMi41T","F1aLHfHLM4qaIk0WIP5D+6fDrn//30Wj","legacyData"
"8c3d2f48-20b9-4f73-b615-f518433fa7fa","SCBI_055.basePlot.vst","2016-09-30","vst_SCBI_2016","D02","SCBI","SCBI_055",,"NEON.PLA.D02.SCBI.02697","ok","single bole tree","Dead, broken bole",19.0,130,4.4,,2.1,16.5,,,,,,,,,"Unknown cause of death","HwrR06bjl3TqPXYD/ecX4LA/iftMi41T","F1aLHfHLM4qaIk0WIP5D+6fDrn//30Wj","legacyData"
"c394030f-c3fb-4532-a9d7-76e003c2d2ae","SCBI_055.basePlot.vst","2016-09-30","vst_SCBI_2016","D02","SCBI","SCBI_055",,"NEON.PLA.D02.SCBI.03089","ok","small shrub","Live",,,1.6,,,,1.5,1.1,,"inverted cone",1.5,10,0.04,0.01,,"7gABGk8/BIej00n4oJuY0fI2jXrGKpPT","os5Rd6V2h58xLLGOni43wF5trHQqGKuw","legacyData"
"8c452777-f008-4b07-aa56-af08973d604c","SCBI_055.basePlot.vst","2016-09-30","vst_SCBI_2016","D02","SCBI","SCBI_055",,"NEON.PLA.D02.SCBI.03051","ok","single bole tree","Live",43.3,130,27.4,,,,,,,,,,,,"Species changed from QUERC to JUNI","HwrR06bjl3TqPXYD/ecX4LA/iftMi41T","F1aLHfHLM4qaIk0WIP5D+6fDrn//30Wj","legacyData"
"d067f8a1-1e43-4c0b-880b-49a3bca97a5f","SCBI_055.basePlot.vst","2016-09-30","vst_SCBI_2016","D02","SCBI","SCBI_055",,"NEON.PLA.D02.SCBI.11549","ok","sapling","Live",,,0.8,,,,,,,,1.1,10,,,,"7gABGk8/BIej00n4oJuY0fI2jXrGKpPT","os5Rd6V2h58xLLGOni43wF5trHQqGKuw","legacyData"
"50618c2f-e6db-4638-8cbb-a73e1aecdd7f","SCBI_055.basePlot.vst","2016-09-30","vst_SCBI_2016","D02","SCBI","SCBI_055",,"NEON.PLA.D02.SCBI.03053","ok","single bole tree","Live,  other damage",12.1,130,9.9,,,,,,,,,,,,"Insect damage to the crown","HwrR06bjl3TqPXYD/ecX4LA/iftMi41T","F1aLHfHLM4qaIk0WIP5D+6fDrn//30Wj","legacyData"
"050e82e0-dcf9-4a94-846b-2ec6d1fd418b","SCBI_055.basePlot.vst","2016-09-30","vst_SCBI_2016","D02","SCBI","SCBI_055",,"NEON.PLA.D02.SCBI.03067","ok","single bole tree","Live",24.8,130,21.7,,,,,,,,,,,,,"HwrR06bjl3TqPXYD/ecX4LA/iftMi41T","F1aLHfHLM4qaIk0WIP5D+6fDrn//30Wj","legacyData"
"4a0977d7-6411-4b77-b972-8987431be401","SCBI_055.basePlot.vst","2016-09-30","vst_SCBI_2016","D02","SCBI","SCBI_055",,"NEON.PLA.D02.SCBI.03062","ok","single bole tree","Live",27.9,130,19.1,,,,,,,,,,,,,"HwrR06bjl3TqPXYD/ecX4LA/iftMi41T","F1aLHfHLM4qaIk0WIP5D+6fDrn//30Wj","legacyData"
"2063ebed-8c4c-4e4e-a900-c8597e9ef94e","SCBI_055.basePlot.vst","2016-09-30","vst_SCBI_2016","D02","SCBI","SCBI_055",,"NEON.PLA.D02.SCBI.03060","ok","single bole tree","Live",12.9,130,16.0,,,,,,,,,,,,,"HwrR06bjl3TqPXYD/ecX4LA/iftMi41T","F1aLHfHLM4qaIk0WIP5D+6fDrn//30Wj","legacyData"
"f2f9684a-8e3d-402d-956a-6723352e8d15","SCBI_055.basePlot.vst","2016-09-30","vst_SCBI_2016","D02","SCBI","SCBI_055",,"NEON.PLA.D02.SCBI.03059","ok","single bole tree","Live",15.6,130,14.0,,,,,,,,,,,,,"HwrR06bjl3TqPXYD/ecX4LA/iftMi41T","F1aLHfHLM4qaIk0WIP5D+6fDrn//30Wj","legacyData"
"77d5724e-e7a6-48f4-a8fb-25063cee02fe","SCBI_055.basePlot.vst","2016-09-30","vst_SCBI_2016","D02","SCBI","SCBI_055",,"NEON.PLA.D02.SCBI.11552","ok","small shrub","Live",,,1.0,,,,1.2,0.8,,"inverted cone",1.1,10,0.01,0.01,,"7gABGk8/BIej00n4oJuY0fI2jXrGKpPT","os5Rd6V2h58xLLGOni43wF5trHQqGKuw","legacyData"
"8f211922-bc40-4b41-90af-71413ab2fed3","SCBI_055.basePlot.vst","2016-09-30","vst_SCBI_2016","D02","SCBI","SCBI_055",,"NEON.PLA.D02.SCBI.11550","ok","small shrub","Live",,,1.1,0.4,,,1.0,0.7,,"ellipsoid or sphere",1.1,10,,,,"7gABGk8/BIej00n4oJuY0fI2jXrGKpPT","os5Rd6V2h58xLLGOni43wF5trHQqGKuw","legacyData"
"1e06eeea-5a92-4323-871c-eb889c7eec37","SCBI_055.basePlot.vst","2016-09-30","vst_SCBI_2016","D02","SCBI","SCBI_055",,"NEON.PLA.D02.SCBI.03088","ok","small shrub","Live",,,1.4,,,,0.9,0.9,,"inverted cone",1.1,10,0.07,0.04,,"7gABGk8/BIej00n4oJuY0fI2jXrGKpPT","os5Rd6V2h58xLLGOni43wF5trHQqGKuw","legacyData"
"d5da4be6-0d1f-43a4-98d3-838ef2455748","SCBI_055.basePlot.vst","2016-09-30","vst_SCBI_2016","D02","SCBI","SCBI_055",,"NEON.PLA.D02.SCBI.03034","ok","liana","Live",5.3,130,,,,,,,,,,,,,,"HwrR06bjl3TqPXYD/ecX4LA/iftMi41T","F1aLHfHLM4qaIk0WIP5D+6fDrn//30Wj","legacyData"
"1daea43d-34c9-46bb-8bc8-7c7a1a273c5a","SCBI_055.basePlot.vst","2016-09-30","vst_SCBI_2016","D02","SCBI","SCBI_055",,"NEON.PLA.D02.SCBI.03094","ok","small shrub","Live",,,2.3,,,,3.7,1.8,,"half-sphere",1.0,10,,,,"7gABGk8/BIej00n4oJuY0fI2jXrGKpPT","os5Rd6V2h58xLLGOni43wF5trHQqGKuw","legacyData"
"ad61a5c5-2810-45a3-acb1-5ae45ba03f07","SCBI_055.basePlot.vst","2016-09-30","vst_SCBI_2016","D02","SCBI","SCBI_055",,"NEON.PLA.D02.SCBI.03049","ok","small shrub","Live",,,2.0,,,,1.7,1.0,,"cylinder",1.7,10,,,,"7gABGk8/BIej00n4oJuY0fI2jXrGKpPT","os5Rd6V2h58xLLGOni43wF5trHQqGKuw","legacyData"
"9702e462-9932-452d-912d-0cf54d7f0b6b","SCBI_055.basePlot.vst","2016-09-30","vst_SCBI_2016","D02","SCBI","SCBI_055",,"NEON.PLA.D02.SCBI.03078","ok","single shrub","Live",1.2,130,1.8,,,,2.4,2.1,,"inverted cone",1.8,10,0.12,0.10,,"7gABGk8/BIej00n4oJuY0fI2jXrGKpPT","os5Rd6V2h58xLLGOni43wF5trHQqGKuw","legacyData"
"0d8fcf97-8f2c-4f0c-836c-0319d229963c","SCBI_055.basePlot.vst","2016-09-30","vst_SCBI_2016","D02","SCBI","SCBI_055",,"NEON.PLA.D02.SCBI.03066","ok","single bole tree","Live",20.4,130,17.7,,,,,,,,,,,,"Species changed from AIAL to ROPS","HwrR06bjl3TqPXYD/ecX4LA/iftMi41T","F1aLHfHLM4qaIk0WIP5D+6fDrn//30Wj","legacyData"
"7ba7d005-385b-4455-ae25-9f155562e141","SCBI_055.basePlot.vst","2016-09-30","vst_SCBI_2016","D02","SCBI","SCBI_055",,"NEON.PLA.D02.SCBI.03072","ok",,"No longer qualifies",,,,,,,,,,,,,,,"Tag Remains possible CDW","HwrR06bjl3TqPXYD/ecX4LA/iftMi41T","F1aLHfHLM4qaIk0WIP5D+6fDrn//30Wj","legacyData"
"a44b6d97-b9bd-4163-a276-7c83089c3dbc","SCBI_055.basePlot.vst","2016-09-30","vst_SCBI_2016","D02","SCBI","SCBI_055",,"NEON.PLA.D02.SCBI.03056","ok","single bole tree","Live",25.0,130,23.8,,,,,,,,,,,,,"HwrR06bjl3TqPXYD/ecX4LA/iftMi41T","F1aLHfHLM4qaIk0WIP5D+6fDrn//30Wj","legacyData"
"9ae3251d-e895-463a-bca9-4dd3e7a737d5","SCBI_055.basePlot.vst","2016-09-30","vst_SCBI_2016","D02","SCBI","SCBI_055",,"NEON.PLA.D02.SCBI.03061","ok","single bole tree","Live",21.9,130,19.1,,,,,,,,,,,,,"HwrR06bjl3TqPXYD/ecX4LA/iftMi41T","F1aLHfHLM4qaIk0WIP5D+6fDrn//30Wj","legacyData"
"d36ef939-a0e1-4005-b9a3-d4252502e5cb","SCBI_055.basePlot.vst","2016-09-30","vst_SCBI_2016","D02","SCBI","SCBI_055",,"NEON.PLA.D02.SCBI.11557","ok","small shrub","Live",,,0.8,,,,1.6,1.1,,"inverted cone",1.1,10,0.05,0.05,,"7gABGk8/BIej00n4oJuY0fI2jXrGKpPT","os5Rd6V2h58xLLGOni43wF5trHQqGKuw","legacyData"
"6efef2f8-404f-497f-b3c7-daaceeede6f2","SCBI_055.basePlot.vst","2016-09-30","vst_SCBI_2016","D02","SCBI","SCBI_055",,"NEON.PLA.D02.SCBI.03054","ok","single bole tree","Live",28.1,130,19.7,,,,,,,,,,,,,"HwrR06bjl3TqPXYD/ecX4LA/iftMi41T","F1aLHfHLM4qaIk0WIP5D+6fDrn//30Wj","legacyData"
"56b62a82-c1e5-46b1-8cf7-4ece57490292","SCBI_055.basePlot.vst","2016-09-30","vst_SCBI_2016","D02","SCBI","SCBI_055",,"NEON.PLA.D02.SCBI.13114","ok","small shrub","Live",,,1.2,,,,1.2,0.9,,"cylinder",1.0,10,,,,"7gABGk8/BIej00n4oJuY0fI2jXrGKpPT","os5Rd6V2h58xLLGOni43wF5trHQqGKuw","legacyData"
"fb8dc097-b22c-4276-878c-40074c65199f","SCBI_055.basePlot.vst","2016-09-30","vst_SCBI_2016","D02","SCBI","SCBI_055",,"NEON.PLA.D02.SCBI.03086","ok","sapling","Standing dead",,,0.8,,,,,,,,1.6,10,,,"Unknown cause of death but resprouting","7gABGk8/BIej00n4oJuY0fI2jXrGKpPT","os5Rd6V2h58xLLGOni43wF5trHQqGKuw","legacyData"
"f10956c5-d5ba-4a8c-93ab-4f446260ad73","SCBI_055.basePlot.vst","2016-09-30","vst_SCBI_2016","D02","SCBI","SCBI_055",,"NEON.PLA.D02.SCBI.03036","ok","liana","Live",1.8,130,,,,,,,,,,,,,"Rule K","HwrR06bjl3TqPXYD/ecX4LA/iftMi41T","F1aLHfHLM4qaIk0WIP5D+6fDrn//30Wj","legacyData"
"f5e17a57-9ada-4065-bfe6-11c386f416cb","SCBI_055.basePlot.vst","2016-09-30","vst_SCBI_2016","D02","SCBI","SCBI_055",,"NEON.PLA.D02.SCBI.03043","ok","small shrub","Live",,,1.7,0.4,,,1.3,1.1,,"ellipsoid or sphere",1.3,10,,,,"7gABGk8/BIej00n4oJuY0fI2jXrGKpPT","os5Rd6V2h58xLLGOni43wF5trHQqGKuw","legacyData"
"b1c65696-78d7-41da-951b-84e2a5a32603","SCBI_055.basePlot.vst","2016-09-30","vst_SCBI_2016","D02","SCBI","SCBI_055",,"NEON.PLA.D02.SCBI.13117","ok","small shrub","Live",,,1.0,,,,1.0,0.8,,"inverted cone",1.0,10,0.01,0.01,,"7gABGk8/BIej00n4oJuY0fI2jXrGKpPT","os5Rd6V2h58xLLGOni43wF5trHQqGKuw","legacyData"
"0fdbcfa1-023c-400a-8804-6a33d77f42b4","SCBI_055.basePlot.vst","2016-09-30","vst_SCBI_2016","D02","SCBI","SCBI_055",,"NEON.PLA.D02.SCBI.11560","ok","small shrub","Live",,,1.3,0.4,,,1.2,0.9,,"ellipsoid or sphere",1.1,10,,,,"7gABGk8/BIej00n4oJuY0fI2jXrGKpPT","os5Rd6V2h58xLLGOni43wF5trHQqGKuw","legacyData"
"a44ff495-87fe-4396-bf93-5de25004f397","SCBI_055.basePlot.vst","2016-09-30","vst_SCBI_2016","D02","SCBI","SCBI_055",,"NEON.PLA.D02.SCBI.03019","ok","single bole tree","Live",35.1,130,24.5,,,,,,,,,,,,,"HwrR06bjl3TqPXYD/ecX4LA/iftMi41T","F1aLHfHLM4qaIk0WIP5D+6fDrn//30Wj","legacyData"
"28a8abdb-e5db-4e5a-9e6c-be2a7be9e233","SCBI_055.basePlot.vst","2016-09-30","vst_SCBI_2016","D02","SCBI","SCBI_055",,"NEON.PLA.D02.SCBI.03087","ok","small shrub","Live",,,1.5,,,,2.2,1.6,,"inverted cone",1.3,10,0.08,0.05,,"7gABGk8/BIej00n4oJuY0fI2jXrGKpPT","os5Rd6V2h58xLLGOni43wF5trHQqGKuw","legacyData"
"dc5e5524-4bf4-40b8-b187-ab59dcd46d55","SCBI_055.basePlot.vst","2016-09-30","vst_SCBI_2016","D02","SCBI","SCBI_055",,"NEON.PLA.D02.SCBI.02699","ok","single bole tree","Live",38.0,130,20.6,,,,,,,,,,,,,"HwrR06bjl3TqPXYD/ecX4LA/iftMi41T","F1aLHfHLM4qaIk0WIP5D+6fDrn//30Wj","legacyData"
"ecbeb661-864e-4823-a17a-d0ff68fd9396","SCBI_055.basePlot.vst","2016-09-30","vst_SCBI_2016","D02","SCBI","SCBI_055",,"NEON.PLA.D02.SCBI.03055","ok","single bole tree","Live",62.7,130,27.7,,,,,,,,,,,,,"HwrR06bjl3TqPXYD/ecX4LA/iftMi41T","F1aLHfHLM4qaIk0WIP5D+6fDrn//30Wj","legacyData"
"65c666f6-12c3-4cda-9ac2-b7a8925a9189","SCBI_055.basePlot.vst","2016-09-30","vst_SCBI_2016","D02","SCBI","SCBI_055",,"NEON.PLA.D02.SCBI.03015","ok","single bole tree","Live",18.6,130,15.1,,,,,,,,,,,,,"HwrR06bjl3TqPXYD/ecX4LA/iftMi41T","F1aLHfHLM4qaIk0WIP5D+6fDrn//30Wj","legacyData"
"d6a9b406-724b-4001-8ca6-ab0e78d0588c","SCBI_055.basePlot.vst","2016-09-30","vst_SCBI_2016","D02","SCBI","SCBI_055",,"NEON.PLA.D02.SCBI.03042","ok","small shrub","Live",,,2.0,,,,1.8,1.5,,"cylinder",1.3,10,,,,"7gABGk8/BIej00n4oJuY0fI2jXrGKpPT","os5Rd6V2h58xLLGOni43wF5trHQqGKuw","legacyData"
"3d7d49f3-bc21-468f-bf1e-16cf6dd5e7d5","SCBI_055.basePlot.vst","2016-09-30","vst_SCBI_2016","D02","SCBI","SCBI_055",,"NEON.PLA.D02.SCBI.03103","ok",,"No longer qualifies",,,,,,,,,,,,,,,"Tag Removed outside of nested subplot","7gABGk8/BIej00n4oJuY0fI2jXrGKpPT","os5Rd6V2h58xLLGOni43wF5trHQqGKuw","legacyData"
"580f7949-8c07-41fd-910e-7d61048affd3","SCBI_055.basePlot.vst","2016-09-30","vst_SCBI_2016","D02","SCBI","SCBI_055",,"NEON.PLA.D02.SCBI.03093","ok","small tree","Live",6.2,180,7.5,,,,,,,,,,,,"Was a small tree last year as well","7gABGk8/BIej00n4oJuY0fI2jXrGKpPT","os5Rd6V2h58xLLGOni43wF5trHQqGKuw","legacyData"
"16b78558-f974-4e68-b0ea-e01016871865","SCBI_055.basePlot.vst","2016-09-30","vst_SCBI_2016","D02","SCBI","SCBI_055",,"NEON.PLA.D02.SCBI.11561","ok","small shrub","Live",,,1.2,,,,1.4,1.3,,"inverted cone",1.3,10,0.03,0.03,,"7gABGk8/BIej00n4oJuY0fI2jXrGKpPT","os5Rd6V2h58xLLGOni43wF5trHQqGKuw","legacyData"
"fba177ae-b1c5-4dee-9b52-440288d501bf","SCBI_055.basePlot.vst","2016-09-30","vst_SCBI_2016","D02","SCBI","SCBI_055",,"NEON.PLA.D02.SCBI.03017","ok","small tree","Live",9.7,130,8.6,,,,,,,,,,,,,"7gABGk8/BIej00n4oJuY0fI2jXrGKpPT","os5Rd6V2h58xLLGOni43wF5trHQqGKuw","legacyData"
"7178643e-07b8-4914-9f0e-bbec0ffd93d7","SCBI_055.basePlot.vst","2016-09-30","vst_SCBI_2016","D02","SCBI","SCBI_055",,"NEON.PLA.D02.SCBI.03070","ok","single bole tree","Live",12.5,130,16.7,,,,,,,,,,,,,"HwrR06bjl3TqPXYD/ecX4LA/iftMi41T","F1aLHfHLM4qaIk0WIP5D+6fDrn//30Wj","legacyData"
"b28d5197-5251-4c96-9394-dc2a47d334a1","SCBI_055.basePlot.vst","2016-09-30","vst_SCBI_2016","D02","SCBI","SCBI_055",,"NEON.PLA.D02.SCBI.03091","ok","small tree","Dead, broken bole",5.1,130,1.5,,1.5,5.1,,,,,,,,,"Bole is dead but stump is resprouting","7gABGk8/BIej00n4oJuY0fI2jXrGKpPT","os5Rd6V2h58xLLGOni43wF5trHQqGKuw","legacyData"
"1c78d8ea-db9d-4cf0-9ed5-eec6efd58e41","SCBI_055.basePlot.vst","2016-09-30","vst_SCBI_2016","D02","SCBI","SCBI_055",,"NEON.PLA.D02.SCBI.03046","ok","small shrub","Live",,,1.4,,,,1.8,1.7,,"inverted cone",1.5,10,0.03,0.03,,"7gABGk8/BIej00n4oJuY0fI2jXrGKpPT","os5Rd6V2h58xLLGOni43wF5trHQqGKuw","legacyData"
"6f0105ff-43dd-403c-9098-04ff23895c1c","SCBI_055.basePlot.vst","2016-09-30","vst_SCBI_2016","D02","SCBI","SCBI_055",,"NEON.PLA.D02.SCBI.03045","ok","small shrub","Live",,,1.6,,,,1.5,1.0,,"inverted cone",1.5,10,0.05,0.04,,"7gABGk8/BIej00n4oJuY0fI2jXrGKpPT","os5Rd6V2h58xLLGOni43wF5trHQqGKuw","legacyData"
"d15ad809-fa4a-4902-8877-4b694333417c","SCBI_055.basePlot.vst","2016-09-30","vst_SCBI_2016","D02","SCBI","SCBI_055",,"NEON.PLA.D02.SCBI.03027","ok","small tree","Live",5.0,130,2.9,,,,,,,,,,,,,"7gABGk8/BIej00n4oJuY0fI2jXrGKpPT","os5Rd6V2h58xLLGOni43wF5trHQqGKuw","legacyData"
"d82abf24-24ca-4b54-a858-6967069dfb51","SCBI_055.basePlot.vst","2016-09-30","vst_SCBI_2016","D02","SCBI","SCBI_055",,"NEON.PLA.D02.SCBI.03069","ok","single bole tree","Live",14.9,130,14.6,,,,,,,,,,,,,"HwrR06bjl3TqPXYD/ecX4LA/iftMi41T","F1aLHfHLM4qaIk0WIP5D+6fDrn//30Wj","legacyData"
"03532d7d-0553-42e0-ba51-1bfb36b22f3c","SCBI_055.basePlot.vst","2016-09-30","vst_SCBI_2016","D02","SCBI","SCBI_055",,"NEON.PLA.D02.SCBI.13118","ok","small shrub","Live",,,0.8,0.2,,,1.2,1.0,,"ellipsoid or sphere",1.0,10,,,,"7gABGk8/BIej00n4oJuY0fI2jXrGKpPT","os5Rd6V2h58xLLGOni43wF5trHQqGKuw","legacyData"
"b6641bc3-ec83-4b33-b5ce-4569862439ad","SCBI_055.basePlot.vst","2016-09-30","vst_SCBI_2016","D02","SCBI","SCBI_055",,"NEON.PLA.D02.SCBI.03073","ok","single bole tree","Live",36.0,130,22.9,,,,,,,,,,,,,"HwrR06bjl3TqPXYD/ecX4LA/iftMi41T","F1aLHfHLM4qaIk0WIP5D+6fDrn//30Wj","legacyData"
"db933284-e1ba-4a75-8f8d-7e272a73f9fb","SCBI_055.basePlot.vst","2016-09-30","vst_SCBI_2016","D02","SCBI","SCBI_055",,"NEON.PLA.D02.SCBI.03085","ok","sapling","Standing dead",,,1.5,,,,,,,,1.5,10,,,"Cause of death unknown","7gABGk8/BIej00n4oJuY0fI2jXrGKpPT","os5Rd6V2h58xLLGOni43wF5trHQqGKuw","legacyData"
"604c0c11-edd4-43c1-ac2e-12ec8455a971","SCBI_055.basePlot.vst","2016-09-30","vst_SCBI_2016","D02","SCBI","SCBI_055",,"NEON.PLA.D02.SCBI.03097","ok","small tree","Live",9.8,130,10.0,,,,,,,,,,,,,"7gABGk8/BIej00n4oJuY0fI2jXrGKpPT","os5Rd6V2h58xLLGOni43wF5trHQqGKuw","legacyData"
"56be5cac-67bd-430a-a550-7cde77619b8c","SCBI_055.basePlot.vst","2016-09-30","vst_SCBI_2016","D02","SCBI","SCBI_055",,"NEON.PLA.D02.SCBI.03084","ok","sapling","Standing dead",,,1.0,,,,,,,,1.4,10,,,"Cause of death unknown","7gABGk8/BIej00n4oJuY0fI2jXrGKpPT","os5Rd6V2h58xLLGOni43wF5trHQqGKuw","legacyData"
"37c4c46d-97c7-4895-b35b-ab415bce4656","SCBI_055.basePlot.vst","2016-09-30","vst_SCBI_2016","D02","SCBI","SCBI_055",,"NEON.PLA.D02.SCBI.09996","ok","single bole tree","Live,  other damage",12.9,130,3.7,,,,,,,,,,,,"Physical bole and crown damage by windthrow","HwrR06bjl3TqPXYD/ecX4LA/iftMi41T","F1aLHfHLM4qaIk0WIP5D+6fDrn//30Wj","legacyData"
"98ef205b-89bd-49d3-b0d1-3f44e58964c8","SCBI_055.basePlot.vst","2016-09-30","vst_SCBI_2016","D02","SCBI","SCBI_055",,"NEON.PLA.D02.SCBI.11558","ok","small shrub","Live",,,1.2,,,,1.5,0.7,,"inverted cone",1.1,10,0.05,0.04,,"7gABGk8/BIej00n4oJuY0fI2jXrGKpPT","os5Rd6V2h58xLLGOni43wF5trHQqGKuw","legacyData"
"462e8cf9-13ef-40a5-ad6e-e1c31be434e7","SCBI_055.basePlot.vst","2016-09-30","vst_SCBI_2016","D02","SCBI","SCBI_055",,"NEON.PLA.D02.SCBI.03021","ok","single bole tree","Live",10.4,130,11.4,,,,,,,,,,,,,"HwrR06bjl3TqPXYD/ecX4LA/iftMi41T","F1aLHfHLM4qaIk0WIP5D+6fDrn//30Wj","legacyData"
"841f81a0-f793-4cba-b900-3ece6319ce56","SCBI_055.basePlot.vst","2016-09-30","vst_SCBI_2016","D02","SCBI","SCBI_055",,"NEON.PLA.D02.SCBI.03041","ok","small shrub","Live",,,1.5,,,,1.7,1.4,,"inverted cone",1.2,10,0.05,0.01,,"7gABGk8/BIej00n4oJuY0fI2jXrGKpPT","os5Rd6V2h58xLLGOni43wF5trHQqGKuw","legacyData"
"2245bd61-f2f5-48cc-b77f-d1627da8a677","SCBI_055.basePlot.vst","2016-09-30","vst_SCBI_2016","D02","SCBI","SCBI_055",,"NEON.PLA.D02.SCBI.03095","ok","small tree","Live, physically damaged",7.6,130,5.2,,,,,,,,,,,,"Bole scar and bole breaking","7gABGk8/BIej00n4oJuY0fI2jXrGKpPT","os5Rd6V2h58xLLGOni43wF5trHQqGKuw","legacyData"
"18e08581-e409-4044-8b5d-a521791ba3ab","SCBI_055.basePlot.vst","2016-09-30","vst_SCBI_2016","D02","SCBI","SCBI_055",,"NEON.PLA.D02.SCBI.03058","ok","single bole tree","Live",10.4,130,10.9,,,,,,,,,,,,,"HwrR06bjl3TqPXYD/ecX4LA/iftMi41T","F1aLHfHLM4qaIk0WIP5D+6fDrn//30Wj","legacyData"
"3a9806f2-acb3-47b3-ab66-b4506eabb702","SCBI_055.basePlot.vst","2016-09-30","vst_SCBI_2016","D02","SCBI","SCBI_055",,"NEON.PLA.D02.SCBI.03047","ok","small shrub","Live",,,1.3,,,,1.3,1.2,,"inverted cone",1.2,10,0.13,0.02,,"7gABGk8/BIej00n4oJuY0fI2jXrGKpPT","os5Rd6V2h58xLLGOni43wF5trHQqGKuw","legacyData"
"3d6477e9-6ff5-4245-bc64-64d9a416653e","SCBI_055.basePlot.vst","2016-09-30","vst_SCBI_2016","D02","SCBI","SCBI_055",,"NEON.PLA.D02.SCBI.03083","ok","small shrub","Live",,,0.8,,,,,,,,2.8,10,,,,"7gABGk8/BIej00n4oJuY0fI2jXrGKpPT","os5Rd6V2h58xLLGOni43wF5trHQqGKuw","legacyData"
"31e4682b-b0b9-4ffc-9d05-933f6692496b","SCBI_055.basePlot.vst","2016-09-30","vst_SCBI_2016","D02","SCBI","SCBI_055",,"NEON.PLA.D02.SCBI.03074","ok","single bole tree","Live",31.7,130,23.9,,,,,,,,,,,,,"HwrR06bjl3TqPXYD/ecX4LA/iftMi41T","F1aLHfHLM4qaIk0WIP5D+6fDrn//30Wj","legacyData"
"f5c8987d-d740-461d-b274-b74396cb8e87","SCBI_055.basePlot.vst","2016-09-30","vst_SCBI_2016","D02","SCBI","SCBI_055",,"NEON.PLA.D02.SCBI.03039","ok","liana","Live",3.4,130,,,,,,,,,,,,,,"HwrR06bjl3TqPXYD/ecX4LA/iftMi41T","F1aLHfHLM4qaIk0WIP5D+6fDrn//30Wj","legacyData"
"63d21289-46ef-4a86-9706-8f746f04dd20","SCBI_055.basePlot.vst","2016-09-30","vst_SCBI_2016","D02","SCBI","SCBI_055",,"NEON.PLA.D02.SCBI.03099","ok","small tree","Dead, broken bole",6.2,140,2.4,,2.2,5.5,,,,,,,,,"Bole is dead but stump resprouting","7gABGk8/BIej00n4oJuY0fI2jXrGKpPT","os5Rd6V2h58xLLGOni43wF5trHQqGKuw","legacyData"
"0e2d5098-ca7b-49ba-86d9-0f61b25a4f43","SCBI_055.basePlot.vst","2016-09-30","vst_SCBI_2016","D02","SCBI","SCBI_055",,"NEON.PLA.D02.SCBI.03018","ok","single bole tree","Live",14.1,130,11.5,,,,,,,,,,,,"Species changed from Carya to SAAL5","HwrR06bjl3TqPXYD/ecX4LA/iftMi41T","F1aLHfHLM4qaIk0WIP5D+6fDrn//30Wj","legacyData"
"bcafda89-dec6-4d6f-8164-c7b1ae7f5876","SCBI_055.basePlot.vst","2016-09-30","vst_SCBI_2016","D02","SCBI","SCBI_055",,"NEON.PLA.D02.SCBI.03020","ok","single bole tree","Live",11.2,130,7.0,,,,,,,,,,,,,"HwrR06bjl3TqPXYD/ecX4LA/iftMi41T","F1aLHfHLM4qaIk0WIP5D+6fDrn//30Wj","legacyData"
"b1873e17-a6be-4a63-9111-9260c9180d5d","SCBI_055.basePlot.vst","2016-09-30","vst_SCBI_2016","D02","SCBI","SCBI_055",,"NEON.PLA.D02.SCBI.03095","ok","small tree","Standing dead",6.9,180,5.2,,,,,,,,,,,,"Second bole broken","7gABGk8/BIej00n4oJuY0fI2jXrGKpPT","os5Rd6V2h58xLLGOni43wF5trHQqGKuw","legacyData"
"49f1c6ab-5355-4029-b2ba-1239cf9c4dd9","SCBI_055.basePlot.vst","2016-09-30","vst_SCBI_2016","D02","SCBI","SCBI_055",,"NEON.PLA.D02.SCBI.03052","ok","single bole tree","Live",67.9,130,28.8,,,,,,,,,,,,,"HwrR06bjl3TqPXYD/ecX4LA/iftMi41T","F1aLHfHLM4qaIk0WIP5D+6fDrn//30Wj","legacyData"
"60db003d-beb4-4fe9-bb52-81826f24aadd","SCBI_055.basePlot.vst","2016-09-30","vst_SCBI_2016","D02","SCBI","SCBI_055",,"NEON.PLA.D02.SCBI.11556","ok","small shrub","Live",,,2.2,,,,1.6,1.5,,"inverted cone",1.5,10,0.06,0.02,,"7gABGk8/BIej00n4oJuY0fI2jXrGKpPT","os5Rd6V2h58xLLGOni43wF5trHQqGKuw","legacyData"
"2d7a04fb-fb27-4412-a4b2-5353b4cec11c","SCBI_055.basePlot.vst","2016-09-30","vst_SCBI_2016","D02","SCBI","SCBI_055",,"NEON.PLA.D02.SCBI.03022","ok","liana","Live",5.5,130,,,,,,,,,,,,,,"HwrR06bjl3TqPXYD/ecX4LA/iftMi41T","F1aLHfHLM4qaIk0WIP5D+6fDrn//30Wj","legacyData"
"9266cc25-5c7b-4003-83e8-40ef6675ae38","SCBI_055.basePlot.vst","2016-09-30","vst_SCBI_2016","D02","SCBI","SCBI_055",,"NEON.PLA.D02.SCBI.13112","ok","small shrub","Live",,,1.2,,,,1.5,0.9,,"inverted cone",1.0,10,0.09,0.01,,"7gABGk8/BIej00n4oJuY0fI2jXrGKpPT","os5Rd6V2h58xLLGOni43wF5trHQqGKuw","legacyData"
"14a978dc-9e03-47a9-b4df-c8312148649d","SCBI_055.basePlot.vst","2016-09-30","vst_SCBI_2016","D02","SCBI","SCBI_055",,"NEON.PLA.D02.SCBI.03064","ok","single bole tree","Live",13.7,130,12.4,,,,,,,,,,,,,"HwrR06bjl3TqPXYD/ecX4LA/iftMi41T","F1aLHfHLM4qaIk0WIP5D+6fDrn//30Wj","legacyData"
"888953d4-1cc7-42dc-98e6-8db678f92353","SCBI_055.basePlot.vst","2016-09-30","vst_SCBI_2016","D02","SCBI","SCBI_055",,"NEON.PLA.D02.SCBI.03057","ok","single bole tree","Live",13.3,130,6.3,,,,,,,,,,,,,"HwrR06bjl3TqPXYD/ecX4LA/iftMi41T","F1aLHfHLM4qaIk0WIP5D+6fDrn//30Wj","legacyData"
"dd05b23b-d0cf-4181-bbca-48d77c3ed55d","SCBI_055.basePlot.vst","2016-09-30","vst_SCBI_2016","D02","SCBI","SCBI_055",,"NEON.PLA.D02.SCBI.03063","ok","single bole tree","Live",47.0,130,28.3,,,,,,,,,,,,,"HwrR06bjl3TqPXYD/ecX4LA/iftMi41T","F1aLHfHLM4qaIk0WIP5D+6fDrn//30Wj","legacyData"
"ddd50cce-3e13-4ea0-ba20-39013afcddd0","SCBI_055.basePlot.vst","2016-09-30","vst_SCBI_2016","D02","SCBI","SCBI_055",,"NEON.PLA.D02.SCBI.03045","ok","small shrub","Live",,,1.6,,,,1.5,1.0,,"inverted cone",1.2,10,0.05,0.04,,"7gABGk8/BIej00n4oJuY0fI2jXrGKpPT","os5Rd6V2h58xLLGOni43wF5trHQqGKuw","legacyData"
"3b1ebfc6-be88-4351-8764-6efec7b9db7f","SCBI_055.basePlot.vst","2016-09-30","vst_SCBI_2016","D02","SCBI","SCBI_055",,"NEON.PLA.D02.SCBI.03094","ok","small shrub","Live,  other damage",,,2.3,,,,3.7,1.8,,"half-sphere",1.8,10,,,"Unknown crown damage","7gABGk8/BIej00n4oJuY0fI2jXrGKpPT","os5Rd6V2h58xLLGOni43wF5trHQqGKuw","legacyData"
"d02f60c0-8900-45f6-99a5-6ec62655d8ee","SCBI_055.basePlot.vst","2016-09-30","vst_SCBI_2016","D02","SCBI","SCBI_055",,"NEON.PLA.D02.SCBI.03068","ok","single bole tree","Live",22.0,130,16.7,,,,,,,,,,,,,"HwrR06bjl3TqPXYD/ecX4LA/iftMi41T","F1aLHfHLM4qaIk0WIP5D+6fDrn//30Wj","legacyData"
"f2b25894-52a9-44ac-a541-844d070fbfaa","SCBI_055.basePlot.vst","2016-09-30","vst_SCBI_2016","D02","SCBI","SCBI_055",,"NEON.PLA.D02.SCBI.13115","ok","small shrub","Live",,,1.0,,,,1.1,1.0,,"inverted cone",1.0,10,0.01,0.01,,"7gABGk8/BIej00n4oJuY0fI2jXrGKpPT","os5Rd6V2h58xLLGOni43wF5trHQqGKuw","legacyData"
"7dfb0c77-8f8d-4ff1-bc33-4fd2f5912503","SCBI_055.basePlot.vst","2016-09-30","vst_SCBI_2016","D02","SCBI","SCBI_055",,"NEON.PLA.D02.SCBI.03081","ok","small shrub","Live",,,1.5,,,,1.6,1.0,,"inverted cone",1.4,10,0.01,0.01,,"7gABGk8/BIej00n4oJuY0fI2jXrGKpPT","os5Rd6V2h58xLLGOni43wF5trHQqGKuw","legacyData"
"4553f140-d237-4ff9-b45f-cd84dcd20e45","SCBI_055.basePlot.vst","2016-09-30","vst_SCBI_2016","D02","SCBI","SCBI_055",,"NEON.PLA.D02.SCBI.11555","ok","small shrub","Live",,,1.2,,,,1.1,0.5,,"inverted cone",1.0,10,0.05,0.04,,"7gABGk8/BIej00n4oJuY0fI2jXrGKpPT","os5Rd6V2h58xLLGOni43wF5trHQqGKuw","legacyData"
"0b2c11e8-9e6f-475d-9df8-157d74281e2f","SCBI_055.basePlot.vst","2016-09-30","vst_SCBI_2016","D02","SCBI","SCBI_055",,"NEON.PLA.D02.SCBI.03032","ok","liana","Live",3.1,130,,,,,,,,,,,,,,"HwrR06bjl3TqPXYD/ecX4LA/iftMi41T","F1aLHfHLM4qaIk0WIP5D+6fDrn//30Wj","legacyData"
"f405a99a-6e64-423d-a3d4-81719bf93071","SCBI_055.basePlot.vst","2016-09-30","vst_SCBI_2016","D02","SCBI","SCBI_055",,"NEON.PLA.D02.SCBI.11559","ok","small shrub","Live",,,1.6,,,,1.0,0.9,,"cylinder",1.0,10,,,,"7gABGk8/BIej00n4oJuY0fI2jXrGKpPT","os5Rd6V2h58xLLGOni43wF5trHQqGKuw","legacyData"
"709d01a8-687f-4272-b11b-0626e5af0ce4","SCBI_055.basePlot.vst","2016-09-30","vst_SCBI_2016","D02","SCBI","SCBI_055",,"NEON.PLA.D02.SCBI.03050","ok","single bole tree","Live",14.1,130,9.7,,,,,,,,,,,,,"HwrR06bjl3TqPXYD/ecX4LA/iftMi41T","F1aLHfHLM4qaIk0WIP5D+6fDrn//30Wj","legacyData"
"90aba900-127a-471f-8793-bc2d4787bd9d","SCBI_055.basePlot.vst","2016-09-30","vst_SCBI_2016","D02","SCBI","SCBI_055",,"NEON.PLA.D02.SCBI.03038","ok","liana","Live",3.1,130,,,,,,,,,,,,,,"HwrR06bjl3TqPXYD/ecX4LA/iftMi41T","F1aLHfHLM4qaIk0WIP5D+6fDrn//30Wj","legacyData"
"d2a5e7d5-f813-46a6-8d07-7b0990217e1c","SCBI_055.basePlot.vst","2016-09-30","vst_SCBI_2016","D02","SCBI","SCBI_055",,"NEON.PLA.D02.SCBI.13110","ok","sapling","Live",,,0.8,,,,,,,,1.0,10,,,,"7gABGk8/BIej00n4oJuY0fI2jXrGKpPT","os5Rd6V2h58xLLGOni43wF5trHQqGKuw","legacyData"
"b6347a03-25ac-49f6-8aa8-75982d8f7a40","SCBI_055.basePlot.vst","2016-09-30","vst_SCBI_2016","D02","SCBI","SCBI_055",,"NEON.PLA.D02.SCBI.03048","ok","small shrub","Live",,,1.3,,,,1.8,1.1,,"cylinder",1.2,10,,,,"7gABGk8/BIej00n4oJuY0fI2jXrGKpPT","os5Rd6V2h58xLLGOni43wF5trHQqGKuw","legacyData"
"e22c27de-4501-45f9-9b5b-16c9e05d6343","SCBI_055.basePlot.vst","2016-09-30","vst_SCBI_2016","D02","SCBI","SCBI_055",,"NEON.PLA.D02.SCBI.03079","ok","sapling","Standing dead",,,0.8,,,,,,,,1.6,10,,,"Unknown cause of death","7gABGk8/BIej00n4oJuY0fI2jXrGKpPT","os5Rd6V2h58xLLGOni43wF5trHQqGKuw","legacyData"
"67b3330f-04c6-46c5-aaf4-3891650cca51","SCBI_055.basePlot.vst","2016-09-30","vst_SCBI_2016","D02","SCBI","SCBI_055",,"NEON.PLA.D02.SCBI.03082","ok","small shrub","Live",,,1.4,,,,2.3,1.8,,"inverted cone",1.4,10,0.10,0.04,,"7gABGk8/BIej00n4oJuY0fI2jXrGKpPT","os5Rd6V2h58xLLGOni43wF5trHQqGKuw","legacyData"
"452d2ad5-1d83-4447-b5b6-ac88395bef46","SCBI_055.basePlot.vst","2016-09-30","vst_SCBI_2016","D02","SCBI","SCBI_055",,"NEON.PLA.D02.SCBI.03077","ok","single bole tree","Dead, broken bole",12.5,130,4.0,,4.0,11.0,,,,,,,,,"Unknown cause of death","HwrR06bjl3TqPXYD/ecX4LA/iftMi41T","F1aLHfHLM4qaIk0WIP5D+6fDrn//30Wj","legacyData"
"0f059415-4fdc-4577-871b-1b892798556d","SCBI_055.basePlot.vst","2016-09-30","vst_SCBI_2016","D02","SCBI","SCBI_055",,"NEON.PLA.D02.SCBI.03098","ok","liana","Live",8.0,130,,,,,,,,,,,,,"Rule K","HwrR06bjl3TqPXYD/ecX4LA/iftMi41T","F1aLHfHLM4qaIk0WIP5D+6fDrn//30Wj","legacyData"
"499fd98a-cb13-4ece-94c9-849e161f40b8","SCBI_055.basePlot.vst","2016-09-30","vst_SCBI_2016","D02","SCBI","SCBI_055",,"NEON.PLA.D02.SCBI.11546","ok",,"No longer qualifies",,,,,,,,,,,,,,,"Tag Remains could not locate","7gABGk8/BIej00n4oJuY0fI2jXrGKpPT","os5Rd6V2h58xLLGOni43wF5trHQqGKuw","legacyData"
"e394f520-8db6-4452-a205-898868c8745f","SCBI_055.basePlot.vst","2016-09-30","vst_SCBI_2016","D02","SCBI","SCBI_055",,"NEON.PLA.D02.SCBI.03030","ok","liana","Live",2.9,130,,,,,,,,,,,,,,"HwrR06bjl3TqPXYD/ecX4LA/iftMi41T","F1aLHfHLM4qaIk0WIP5D+6fDrn//30Wj","legacyData"
"c615114a-412d-496c-b7bb-5750ed00b965","SCBI_055.basePlot.vst","2016-09-30","vst_SCBI_2016","D02","SCBI","SCBI_055",,"NEON.PLA.D02.SCBI.13111","ok","small shrub","Live",,,1.3,,,,1.4,1.1,,"inverted cone",1.2,10,0.01,0.01,,"7gABGk8/BIej00n4oJuY0fI2jXrGKpPT","os5Rd6V2h58xLLGOni43wF5trHQqGKuw","legacyData"
"18057735-e59e-466e-8444-841173d6dd1d","SCBI_055.basePlot.vst","2016-09-30","vst_SCBI_2016","D02","SCBI","SCBI_055",,"NEON.PLA.D02.SCBI.03092","ok","small shrub","Live",,,1.9,,,,2.6,2.3,,"inverted cone",1.8,10,0.20,0.10,,"7gABGk8/BIej00n4oJuY0fI2jXrGKpPT","os5Rd6V2h58xLLGOni43wF5trHQqGKuw","legacyData"
"cd3ab49a-82f8-43f4-83ee-fc18424bc36e","SCBI_055.basePlot.vst","2016-09-30","vst_SCBI_2016","D02","SCBI","SCBI_055",,"NEON.PLA.D02.SCBI.11547","ok","sapling","Live",,,1.9,,,,,,,,1.4,10,,,,"7gABGk8/BIej00n4oJuY0fI2jXrGKpPT","os5Rd6V2h58xLLGOni43wF5trHQqGKuw","legacyData"
"e5476f0f-f881-46e1-85f8-f9b75abbca86","SCBI_055.basePlot.vst","2016-09-30","vst_SCBI_2016","D02","SCBI","SCBI_055",,"NEON.PLA.D02.SCBI.11548","ok","small shrub","Live",,,2.0,,,,0.9,0.5,,"cylinder",1.2,10,,,,"7gABGk8/BIej00n4oJuY0fI2jXrGKpPT","os5Rd6V2h58xLLGOni43wF5trHQqGKuw","legacyData"
"2ca73faa-6303-49d9-9457-2e2bcdb5b0ec","SCBI_055.basePlot.vst","2016-09-30","vst_SCBI_2016","D02","SCBI","SCBI_055",,"NEON.PLA.D02.SCBI.13116","ok","small shrub","Live",,,1.0,,,,1.2,0.8,,"inverted cone",1.0,10,0.04,0.01,,"7gABGk8/BIej00n4oJuY0fI2jXrGKpPT","os5Rd6V2h58xLLGOni43wF5trHQqGKuw","legacyData"
"1a7d68c5-cc8a-4fcb-acef-3ecf8e29d34b","SCBI_055.basePlot.vst","2016-09-30","vst_SCBI_2016","D02","SCBI","SCBI_055",,"NEON.PLA.D02.SCBI.03075","ok","single bole tree","Live,  other damage",21.1,130,17.3,,,,,,,,,,,,"Damage to the bole fungal disease canker","HwrR06bjl3TqPXYD/ecX4LA/iftMi41T","F1aLHfHLM4qaIk0WIP5D+6fDrn//30Wj","legacyData"
"276c6242-92f7-4d3b-ba29-15495eefc3c8","SCBI_055.basePlot.vst","2016-09-30","vst_SCBI_2016","D02","SCBI","SCBI_055",,"NEON.PLA.D02.SCBI.03116","ok","liana","Live",3.0,130,,,,,,,,,,,,,,"HwrR06bjl3TqPXYD/ecX4LA/iftMi41T","F1aLHfHLM4qaIk0WIP5D+6fDrn//30Wj","legacyData"
"5a5cc428-be13-4501-b3d6-50eddf998b03","SCBI_055.basePlot.vst","2016-09-30","vst_SCBI_2016","D02","SCBI","SCBI_055",,"NEON.PLA.D02.SCBI.13113","ok","small shrub","Live",,,1.2,,,,1.6,1.2,,"inverted cone",1.1,10,0.05,0.02,,"7gABGk8/BIej00n4oJuY0fI2jXrGKpPT","os5Rd6V2h58xLLGOni43wF5trHQqGKuw","legacyData"
"d46a7c74-c9bf-4529-a4aa-4639f620d014","SCBI_055.basePlot.vst","2016-09-30","vst_SCBI_2016","D02","SCBI","SCBI_055",,"NEON.PLA.D02.SCBI.03016","ok","single bole tree","Live,  other damage",40.9,130,16.0,,,,,,,,,,,,"Physical crown damage windthrow","HwrR06bjl3TqPXYD/ecX4LA/iftMi41T","F1aLHfHLM4qaIk0WIP5D+6fDrn//30Wj","legacyData"
"d7c9e2ed-17ee-4d85-bdca-adf43da790e3","SCBI_055.basePlot.vst","2016-09-30","vst_SCBI_2016","D02","SCBI","SCBI_055",,"NEON.PLA.D02.SCBI.11553","ok",,"No longer qualifies",,,,,,,,,,,,,,,"Tag Remains does not qualify this year","7gABGk8/BIej00n4oJuY0fI2jXrGKpPT","os5Rd6V2h58xLLGOni43wF5trHQqGKuw","legacyData"
"3790ee7d-c52b-45bb-b387-c010f672086a","SCBI_055.basePlot.vst","2016-09-30","vst_SCBI_2016","D02","SCBI","SCBI_055",,"NEON.PLA.D02.SCBI.03042","ok","small shrub","Live",,,2.0,,,,1.8,1.5,,"cylinder",1.7,10,,,,"7gABGk8/BIej00n4oJuY0fI2jXrGKpPT","os5Rd6V2h58xLLGOni43wF5trHQqGKuw","legacyData"
"cf1e1041-d18d-44c7-8a6c-4cc40d192d65","SCBI_055.basePlot.vst","2016-09-30","vst_SCBI_2016","D02","SCBI","SCBI_055",,"NEON.PLA.D02.SCBI.03076","ok","single bole tree","Live",12.8,130,8.3,,,,,,,,,,,,,"HwrR06bjl3TqPXYD/ecX4LA/iftMi41T","F1aLHfHLM4qaIk0WIP5D+6fDrn//30Wj","legacyData"
"22320153-e402-4dff-b3c5-09349accf537","SCBI_055.basePlot.vst","2016-09-30","vst_SCBI_2016","D02","SCBI","SCBI_055",,"NEON.PLA.D02.SCBI.11554","ok","small shrub","Live",,,1.4,,,,1.3,1.2,,"inverted cone",1.1,10,0.04,0.01,,"7gABGk8/BIej00n4oJuY0fI2jXrGKpPT","os5Rd6V2h58xLLGOni43wF5trHQqGKuw","legacyData"
"0e3d9d6a-5c12-4143-bd2a-e19cb71b9e08","SCBI_055.basePlot.vst","2016-09-30","vst_SCBI_2016","D02","SCBI","SCBI_055",,"NEON.PLA.D02.SCBI.02700","ok","single bole tree","Live",55.3,130,30.9,,,,,,,,,,,,,"HwrR06bjl3TqPXYD/ecX4LA/iftMi41T","F1aLHfHLM4qaIk0WIP5D+6fDrn//30Wj","legacyData"
"c8dfa131-8493-480a-a969-0ce8e0412063","SCBI_055.basePlot.vst","2016-09-30","vst_SCBI_2016","D02","SCBI","SCBI_055",,"NEON.PLA.D02.SCBI.02698","ok","single bole tree","Live",22.1,130,20.1,,,,,,,,,,,,,"HwrR06bjl3TqPXYD/ecX4LA/iftMi41T","F1aLHfHLM4qaIk0WIP5D+6fDrn//30Wj","legacyData"
"b9eb8a90-0c3f-4184-857c-f26061fc68dc","SCBI_055.basePlot.vst","2016-09-30","vst_SCBI_2016","D02","SCBI","SCBI_055",,"NEON.PLA.D02.SCBI.11551","ok","sapling","Live",,,1.8,,,,,,,,1.5,10,,,,"7gABGk8/BIej00n4oJuY0fI2jXrGKpPT","os5Rd6V2h58xLLGOni43wF5trHQqGKuw","legacyData"
"d995de04-08cc-4e41-8d7e-781c773fe5a5","SCBI_055.basePlot.vst","2016-09-30","vst_SCBI_2016","D02","SCBI","SCBI_055",,"NEON.PLA.D02.SCBI.03013","ok","single bole tree","Live,  other damage",38.6,130,22.7,,,,,,,,,,,,"Species changed from PRAL to PRAV. Insect damage to crown","HwrR06bjl3TqPXYD/ecX4LA/iftMi41T","F1aLHfHLM4qaIk0WIP5D+6fDrn//30Wj","legacyData"
"8497cee6-fd6a-4abe-8d47-30626e310a90","SCBI_055.basePlot.vst","2016-09-30","vst_SCBI_2016","D02","SCBI","SCBI_055",,"NEON.PLA.D02.SCBI.11559","ok","small shrub","Live",,,1.6,,,,1.0,0.9,,"cylinder",1.0,10,,,,"7gABGk8/BIej00n4oJuY0fI2jXrGKpPT","os5Rd6V2h58xLLGOni43wF5trHQqGKuw","legacyData"
