uid,namedLocation,date,domainID,siteID,plotID,plotType,nlcdClass,decimalLatitude,decimalLongitude,geodeticDatum,coordinateUncertainty,easting,northing,utmZone,elevation,elevationUncertainty,eventID,samplingProtocolVersion,treesPresent,treesAbsentList,shrubsPresent,shrubsAbsentList,lianasPresent,lianasAbsentList,nestedSubplotAreaShrubSapling,nestedSubplotAreaLiana,totalSampledAreaTrees,totalSampledAreaShrubSapling,totalSampledAreaLiana,remarks,measuredBy,recordedBy,dataQF
"85d9b7a1-f459-4bcc-82d3-7858ee4ee900","BART_040.basePlot.vst","2016-09-06","D01","BART","BART_040","tower","deciduousForest",44.065761,-71.291993,"WGS84",20.2,316442.91,4881730.91,"19N",260.5,0.3,"vst_BART_2016","NEON.DOC.000987vE","Y","presentInAll","Y","21","N",,"noneSelected","noneSelected",800,800,800,,"EkSno5X21V+6BMsaD1wBB48CY0mHxVq/","Pes0SJTi6mB/L3kaeuPRUby8XD59hvb8",
"53fcd161-e061-4cb3-9f3e-745727099c2c","BART_032.basePlot.vst","2016-09-07","D01","BART","BART_032","tower","deciduousForest",44.067479,-71.287582,"WGS84",20.2,316801.48,4881911.91,"19N",245.4,0.3,"vst_BART_2016","NEON.DOC.000987vE","Y","presentInAll","N",,"N",,"25","noneSelected",800,100,800,,"WpWHyjh7ZEbsFcxLGlzbonUvwbNLZ84R","Pes0SJTi6mB/L3kaeuPRUby8XD59hvb8",
"aabaaa3f-bb3a-4822-9640-6ca71d719d0d","BART_074.basePlot.vst","2016-09-12","D01","BART","BART_074","tower","mixedForest",44.060251,-71.283201,"WGS84",20.2,317130.07,4881099.34,"19N",310.8,0.2,"vst_BART_2016","NEON.DOC.000987vE","Y","presentInAll","N",,"N",,"noneSelected","noneSelected",800,800,800,,"jRr6tAEXvh/2EP2nqxILjbvMaL6VMLwf","+f00xtEQUq1afNaqPyxh9svtGXouuDqR",
"c99194cc-3e58-4575-a357-72282ed31d46","BART_070.basePlot.vst","2016-09-12","D01","BART","BART_070","tower","mixedForest",44.064339,-71.281445,"WGS84",20.2,317283.30,4881549.50,"19N",249.8,0.2,"vst_BART_2016","NEON.DOC.000987vE","Y","presentInAll","N",,"N",,"100","noneSelected",800,400,800,,"EkSno5X21V+6BMsaD1wBB48CY0mHxVq/","PDeeglfRpMhcY5NLVbh+bstb6vCqIxGZKgPlDUiyhOM=",
"c4207c9a-028a-4a26-a4ee-5d1a70df1e66","BART_044.basePlot.vst","2016-09-13","D01","BART","BART_044","tower","deciduousForest",44.061037,-71.284327,"WGS84",20.2,317042.31,4881189.14,"19N",302.9,0.3,"vst_BART_2016","NEON.DOC.000987vE","Y","presentInAll","N",,"N",,"noneSelected","noneSelected",800,800,800,,"jRr6tAEXvh/2EP2nqxILjbvMaL6VMLwf","+f00xtEQUq1afNaqPyxh9svtGXouuDqR",
"12dbf09b-5f23-4ab7-8736-d0cf4491c1c7","BART_016.basePlot.vst","2016-09-14","D01","BART","BART_016","distributed","mixedForest",44.051257,-71.288457,"WGS84",20.2,316681.33,4880112.04,"19N",316.8,0.3,"vst_BART_2016","NEON.DOC.000987vE","Y",,"Y",,"N",,"25","noneSelected",400,200,400,,"PDeeglfRpMhcY5NLVbh+bstb6vCqIxGZKgPlDUiyhOM=","4fwqTWf6TJUgX1b061gRBN/1LlNKYVNd",
"996f91c3-3075-47c1-b7b9-ce2ca1557a42","BART_028.basePlot.vst","2016-09-14","D01","BART","BART_028","distributed","evergreenForest",44.054075,-71.306532,"WGS84",20.2,315242.16,4880465.44,"19N",485.7,0.2,"vst_BART_2016","NEON.DOC.000987vE","Y","presentInAll","N",,"N",,"25","noneSelected",400,200,400,,"XVpAZvFTV5+SRUEkcK8K7LUOF15VuEMc","EkSno5X21V+6BMsaD1wBB48CY0mHxVq/",
"591a2808-5add-4072-bb13-b57bf33c3460","BART_015.basePlot.vst","2016-09-14","D01","BART","BART_015","distributed","mixedForest",44.042903,-71.273126,"WGS84",20.2,317883.85,4879150.14,"19N",439.2,0.2,"vst_BART_2016","NEON.DOC.000987vE","Y","presentInAll","N",,"N",,"25","noneSelected",400,200,400,,"jRr6tAEXvh/2EP2nqxILjbvMaL6VMLwf","Pes0SJTi6mB/L3kaeuPRUby8XD59hvb8",
"5ac133b6-1089-4f32-9c26-27c3fd6b2597","BART_037.basePlot.vst","2016-09-14","D01","BART","BART_037","tower","deciduousForest",44.061597,-71.283251,"WGS84",20.2,317130.21,4881248.95,"19N",292.5,0.2,"vst_BART_2016","NEON.DOC.000987vE","Y","presentInAll","N",,"N",,"noneSelected","noneSelected",800,800,800,,"jRr6tAEXvh/2EP2nqxILjbvMaL6VMLwf","+f00xtEQUq1afNaqPyxh9svtGXouuDqR",
"07c96abe-6d78-4818-8b2e-f33fac4d06b5","BART_010.basePlot.vst","2016-09-19","D01","BART","BART_010","distributed","deciduousForest",44.050073,-71.266680,"WGS84",20.1,318422.21,4879932.29,"19N",430.2,0.2,"vst_BART_2016","NEON.DOC.000987vE","Y","presentInAll","N",,"N",,"10","noneSelected",400,80,400,,"WpWHyjh7ZEbsFcxLGlzbonUvwbNLZ84R","PDeeglfRpMhcY5NLVbh+bstb6vCqIxGZKgPlDUiyhOM=",
"6d597101-9c98-4ba3-bb18-9431dfe590b0","BART_013.basePlot.vst","2016-09-20","D01","BART","BART_013","distributed","deciduousForest",44.041738,-71.277599,"WGS84",20.2,317521.90,4879030.64,"19N",414.8,0.2,"vst_BART_2016","NEON.DOC.000987vE","Y","31","Y","41_4","N",,"10","noneSelected",400,80,400,,"/PQLg4xSyvY/C0l9NeCPJmfdKfB/PF5p","XVpAZvFTV5+SRUEkcK8K7LUOF15VuEMc",
"1070dca9-4517-4c36-b95e-6953754da098","BART_026.basePlot.vst","2016-09-21","D01","BART","BART_026","distributed","evergreenForest",44.061262,-71.313922,"WGS84",20.2,314672.63,4881280.32,"19N",512.9,0.4,"vst_BART_2016","NEON.DOC.000987vE","Y","presentInAll","Y",,"N",,"10","noneSelected",400,80,400,,"XVpAZvFTV5+SRUEkcK8K7LUOF15VuEMc","EkSno5X21V+6BMsaD1wBB48CY0mHxVq/",
"66594b70-4db4-4005-bfc8-e42a1bdba15d","BART_006.basePlot.vst","2016-09-21","D01","BART","BART_006","distributed","deciduousForest",44.060511,-71.310914,"WGS84",20.1,314911.21,4881190.14,"19N",432.7,0.2,"vst_BART_2016","NEON.DOC.000987vE","Y",,"Y",,"N",,"25","noneSelected",400,200,400,,"EkSno5X21V+6BMsaD1wBB48CY0mHxVq/","/PQLg4xSyvY/C0l9NeCPJmfdKfB/PF5p",
"64640bd2-9433-4e7f-9562-5fc99b306551","BART_023.basePlot.vst","2016-09-21","D01","BART","BART_023","distributed","evergreenForest",44.049319,-71.263643,"WGS84",20.2,318663.20,4879841.85,"19N",503.0,0.5,"vst_BART_2016","NEON.DOC.000987vE","Y","presentInAll","N",,"N",,"25","noneSelected",400,200,400,,"jRr6tAEXvh/2EP2nqxILjbvMaL6VMLwf","WpWHyjh7ZEbsFcxLGlzbonUvwbNLZ84R",
"f254241e-ccde-4e91-906a-d1d727299054","BART_005.basePlot.vst","2016-09-23","D01","BART","BART_005","distributed","mixedForest",44.054620,-71.282199,"WGS84",20.2,317193.00,4880471.67,"19N",304.9,0.3,"vst_BART_2016","NEON.DOC.000987vE","Y","presentInAll","Y",,"N",,"25","noneSelected",400,200,400,,"WpWHyjh7ZEbsFcxLGlzbonUvwbNLZ84R","9/lkABCL2n4b6r19n9Zi1qNJWAzd94Zk",
"93ee1436-cdd8-40bd-96c4-0585f36b904f","BART_002.basePlot.vst","2016-09-27","D01","BART","BART_002","distributed","deciduousForest",44.035081,-71.272850,"WGS84",20.2,317881.99,4878280.73,"19N",550.8,0.4,"vst_BART_2016","NEON.DOC.000987vE","Y","presentInAll","Y",,"N",,"25","noneSelected",400,200,400,,"2xX6mTIEU2zzk+aGAURxuwRthSzBo/kx","XVpAZvFTV5+SRUEkcK8K7LUOF15VuEMc",
"9c0c81f4-ce39-459f-9fa9-dbe45fd92472","BART_018.basePlot.vst","2016-09-27","D01","BART","BART_018","distributed","mixedForest",44.058474,-71.277857,"WGS84",20.2,317552.64,4880890.11,"19N",315.5,0.4,"vst_BART_2016","NEON.DOC.000987vE","Y","presentInAll","N",,"N",,"10","noneSelected",400,80,400,,"XVpAZvFTV5+SRUEkcK8K7LUOF15VuEMc","WpWHyjh7ZEbsFcxLGlzbonUvwbNLZ84R",
"611da3d3-5884-4266-b046-5befa731d0f5","BART_024.basePlot.vst","2016-09-28","D01","BART","BART_024","distributed","evergreenForest",44.052777,-71.263782,"WGS84",20.2,318662.62,4880226.25,"19N",434.4,0.3,"vst_BART_2016","NEON.DOC.000987vE","Y","presentInAll","N",,"N",,"noneSelected","noneSelected",400,400,400,,"jRr6tAEXvh/2EP2nqxILjbvMaL6VMLwf","4fwqTWf6TJUgX1b061gRBN/1LlNKYVNd",
"4b5f972f-d00f-4766-b7d7-ae488e058416","BART_003.basePlot.vst","2016-09-28","D01","BART","BART_003","distributed","deciduousForest",44.055252,-71.263154,"WGS84",20.2,318720.48,4880499.77,"19N",439.5,0.3,"vst_BART_2016","NEON.DOC.000987vE","Y","presentInAll","N",,"N",,"10","noneSelected",400,80,400,,"XVpAZvFTV5+SRUEkcK8K7LUOF15VuEMc","jRr6tAEXvh/2EP2nqxILjbvMaL6VMLwf",
