uid,namedLocation,date,domainID,siteID,plotID,plotType,nlcdClass,decimalLatitude,decimalLongitude,geodeticDatum,coordinateUncertainty,easting,northing,utmZone,elevation,elevationUncertainty,eventID,samplingProtocolVersion,treesPresent,treesAbsentList,shrubsPresent,shrubsAbsentList,lianasPresent,lianasAbsentList,nestedSubplotAreaShrubSapling,nestedSubplotAreaLiana,totalSampledAreaTrees,totalSampledAreaShrubSapling,totalSampledAreaLiana,remarks,measuredBy,recordedBy,dataQF
"59d2a0f9-8d94-4958-8d3c-b740c67fd0a5","JERC_053.basePlot.vst","2016-06-08","D03","JERC","JERC_053","tower","evergreenForest",31.194043,-84.463550,"WGS84",20.1,741690.04,3453879.06,"16N",44.9,0.1,"vst_JERC_2016","NEON.DOC.000987vE","Y",,"Y",,"Y",,"100","noneSelected",800,400,800,"no remarks recorded to indicate if 21.4 and 41.4 were sampled but no ferns were present or if those areas were missed","IaXfrbXr6GQAKfG/Thmkj2xXG2gxDgR+","NlgO4yYukiEfH53pk4IrTfFWx3u3U6kO",
"19dcdcf3-e439-48c3-870d-20cd0842578f","JERC_048.basePlot.vst","2016-06-08","D03","JERC","JERC_048","tower","evergreenForest",31.196457,-84.461913,"WGS84",20.2,741839.93,3454150.30,"16N",46.8,0.3,"vst_JERC_2016","NEON.DOC.000987vE","Y",,"Y",,"Y",,"100","noneSelected",800,400,800,"There is a road through this plot. SOP C:Other - Field datasheet records all entries in nested subarea 1. No Nested subareas used.","IaXfrbXr6GQAKfG/Thmkj2xXG2gxDgR+","NlgO4yYukiEfH53pk4IrTfFWx3u3U6kO",
"8994eaa6-9292-45bc-8222-c14f584435af","JERC_047.basePlot.vst","2016-06-09","D03","JERC","JERC_047","tower","evergreenForest",31.198437,-84.467181,"WGS84",20.1,741332.79,3454358.32,"16N",35.3,0.2,"vst_JERC_2016","NEON.DOC.000987vE","Y",,"Y",,"Y",,"25","noneSelected",800,100,800,"no recorded presence/absence of target taxa in subplot 21.4","NlgO4yYukiEfH53pk4IrTfFWx3u3U6kO","IaXfrbXr6GQAKfG/Thmkj2xXG2gxDgR+",
"40f54ff8-3fc6-45f0-8615-15ac9c626a60","JERC_060.basePlot.vst","2016-06-09","D03","JERC","JERC_060","tower","evergreenForest",31.198667,-84.465311,"WGS84",20.2,741510.44,3454387.91,"16N",41.7,0.4,"vst_JERC_2016","NEON.DOC.000987vE","Y",,"Y",,"Y",,"noneSelected","noneSelected",800,800,800,"no recorded presence/absence of target taxa in subplots 41.4 and 23.2","Z1kn+qG/kiLVelUOX7kLSqEptlfcv2S8","vlJc9UmbktF8NTcilA9tKrVjUrZIPTa3",
"b94ec190-57b7-42a0-8cff-4f99ccd1c05f","JERC_063.basePlot.vst","2016-06-09","D03","JERC","JERC_063","tower","evergreenForest",31.195656,-84.462880,"WGS84",20.1,741749.80,3454059.37,"16N",46.5,0.2,"vst_JERC_2016","NEON.DOC.000987vE","Y",,"Y",,"Y",,"100","noneSelected",800,400,800,"no recorded presence/absence of target taxa in subplot 23-4","vlJc9UmbktF8NTcilA9tKrVjUrZIPTa3","PbNu4t/t/O1BAZriMiaA3VbsZD9KatgX",
"25e8b25a-fa4c-4b84-a3e6-a8aae2a96c8e","JERC_058.basePlot.vst","2016-06-09","D03","JERC","JERC_058","tower","evergreenForest",31.194554,-84.462283,"WGS84",20.1,741809.51,3453938.49,"16N",47.5,0.2,"vst_JERC_2016","NEON.DOC.000987vE","Y",,"Y",,"Y",,"100","noneSelected",800,400,800,"no recorded presence/absence of target taxa in subplot 23.2","Z1kn+qG/kiLVelUOX7kLSqEptlfcv2S8","PbNu4t/t/O1BAZriMiaA3VbsZD9KatgX",
"d833bb4a-e5a3-4653-8f80-af9d1a8844dc","JERC_051.basePlot.vst","2016-06-09","D03","JERC","JERC_051","tower","evergreenForest",31.199489,-84.464343,"WGS84",20.2,741600.61,3454481.17,"16N",41.5,0.2,"vst_JERC_2016","NEON.DOC.000987vE","Y",,"Y",,"Y",,"100","noneSelected",800,400,800,,"PbNu4t/t/O1BAZriMiaA3VbsZD9KatgX","Z1kn+qG/kiLVelUOX7kLSqEptlfcv2S8",
"0f9708e8-ebde-47b8-932a-1f481910132e","JERC_050.basePlot.vst","2016-06-09","D03","JERC","JERC_050","tower","evergreenForest",31.196842,-84.468194,"WGS84",20.3,741240.29,3454179.26,"16N",37.9,0.4,"vst_JERC_2016","NEON.DOC.000987vE","Y",,"Y",,"Y",,"100","100",800,400,400,"no recorded presence/absence of target taxa in subplot 21.4","IaXfrbXr6GQAKfG/Thmkj2xXG2gxDgR+","NlgO4yYukiEfH53pk4IrTfFWx3u3U6kO",
"4bce6de1-dbbf-4cfd-9e4e-10154eaf8b64","JERC_049.basePlot.vst","2016-06-09","D03","JERC","JERC_049","tower","evergreenForest",31.196492,-84.464109,"WGS84",20.2,741630.53,3454149.38,"16N",46.5,0.3,"vst_JERC_2016","NEON.DOC.000987vE","Y",,"Y",,"Y",,"100","noneSelected",800,400,800,"no recorded presence/absence of target taxa in subplot 21.4","NlgO4yYukiEfH53pk4IrTfFWx3u3U6kO","IaXfrbXr6GQAKfG/Thmkj2xXG2gxDgR+",
"3b778803-cdf6-49f3-a7d3-7815dfd6508a","JERC_059.basePlot.vst","2016-06-09","D03","JERC","JERC_059","tower","evergreenForest",31.198067,-84.462491,"WGS84",20.1,741780.74,3454327.55,"16N",42.3,0.2,"vst_JERC_2016","NEON.DOC.000987vE","Y",,"Y",,"Y",,"100","noneSelected",800,400,800,"no recorded presence/absence of target taxa in subplots 39.3","IaXfrbXr6GQAKfG/Thmkj2xXG2gxDgR+","NlgO4yYukiEfH53pk4IrTfFWx3u3U6kO",
"00d5f6e2-6dc4-48ad-b175-59fc9aaaf5f9","JERC_057.basePlot.vst","2016-06-09","D03","JERC","JERC_057","tower","mixedForest",31.200937,-84.469655,"WGS84",20.1,741090.64,3454630.12,"16N",33.6,0.2,"vst_JERC_2016","NEON.DOC.000987vE","Y",,"Y",,"Y",,"25","noneSelected",800,100,800,,"Z1kn+qG/kiLVelUOX7kLSqEptlfcv2S8","vlJc9UmbktF8NTcilA9tKrVjUrZIPTa3",
"177113f3-fddb-4c95-a8c8-6b48e5e987a2","JERC_052.basePlot.vst","2016-06-09","D03","JERC","JERC_052","tower","evergreenForest",31.195408,-84.464141,"WGS84",20.2,741630.24,3454029.11,"16N",46.1,0.2,"vst_JERC_2016","NEON.DOC.000987vE","Y",,"Y",,"Y",,"100","noneSelected",800,400,800,"no recorded presence/absence of target taxa in subplots 39.3 and 21.4","NlgO4yYukiEfH53pk4IrTfFWx3u3U6kO","IaXfrbXr6GQAKfG/Thmkj2xXG2gxDgR+",
"672ca36a-27e9-4078-b3ea-859787c831f8","JERC_065.basePlot.vst","2016-06-09","D03","JERC","JERC_065","tower","evergreenForest",31.200286,-84.465274,"WGS84",20.1,741509.85,3454567.50,"16N",40.2,0.2,"vst_JERC_2016","NEON.DOC.000987vE","Y",,"Y",,"Y",,"noneSelected","noneSelected",800,800,800,,"PbNu4t/t/O1BAZriMiaA3VbsZD9KatgX","vlJc9UmbktF8NTcilA9tKrVjUrZIPTa3",
"30da08f7-294a-4556-8b57-41aecf36a67c","JERC_056.basePlot.vst","2016-06-09","D03","JERC","JERC_056","tower","evergreenForest",31.194637,-84.466362,"WGS84",20.2,741420.51,3453938.77,"16N",44.1,0.3,"vst_JERC_2016","NEON.DOC.000987vE","Y",,"Y",,"Y",,"25","noneSelected",800,100,800,"no recorded presence/absence of target taxa in subplots 39.3 and 41.4","IaXfrbXr6GQAKfG/Thmkj2xXG2gxDgR+","NlgO4yYukiEfH53pk4IrTfFWx3u3U6kO",
"edf63612-79a5-48dc-b92b-eff0f26a6b99","JERC_062.basePlot.vst","2016-06-09","D03","JERC","JERC_062","tower","evergreenForest",31.196807,-84.466929,"WGS84",20.2,741360.95,3454178.14,"16N",35.4,0.4,"vst_JERC_2016","NEON.DOC.000987vE","Y",,"Y",,"Y",,"100","noneSelected",800,400,800,"no recorded presence/absence of target taxa in subplots 39-1 and 41-4","IaXfrbXr6GQAKfG/Thmkj2xXG2gxDgR+","NlgO4yYukiEfH53pk4IrTfFWx3u3U6kO",
"35d25fa0-77be-405c-b235-39d13b27c3bf","JERC_064.basePlot.vst","2016-06-09","D03","JERC","JERC_064","tower","evergreenForest",31.200609,-84.466523,"WGS84",20.2,741389.98,3454600.59,"16N",39.5,0.3,"vst_JERC_2016","NEON.DOC.000987vE","Y",,"Y",,"Y",,"100","noneSelected",800,400,800,,"PbNu4t/t/O1BAZriMiaA3VbsZD9KatgX","Z1kn+qG/kiLVelUOX7kLSqEptlfcv2S8",
"b2df4c0b-9dc2-4f58-94d7-4dd30cdead38","JERC_061.basePlot.vst","2016-06-09","D03","JERC","JERC_061","tower","evergreenForest",31.195444,-84.465400,"WGS84",20.2,741510.15,3454030.35,"16N",50.4,0.3,"vst_JERC_2016","NEON.DOC.000987vE","Y",,"Y",,"Y",,"25","noneSelected",800,100,800,"SOPC Other- field datasheet recorded Subplot 23 nsted SubID 1. Nested SubID 2 or 4 should have been sampled in Subplot 23. All datasheet entries from 23.1 have been Recorded in Fulcrum as 23.2. No recorded presence/absence of target taxa in subplots 21.4 and 39.3","NlgO4yYukiEfH53pk4IrTfFWx3u3U6kO","IaXfrbXr6GQAKfG/Thmkj2xXG2gxDgR+",
"8dce63f1-a512-4444-ac4b-5b34c585e81f","JERC_066.basePlot.vst","2016-06-09","D03","JERC","JERC_066","tower","evergreenForest",31.197554,-84.463759,"WGS84",20.2,741661.19,3454267.89,"16N",42.6,0.2,"vst_JERC_2016","NEON.DOC.000987vE","Y",,"Y",,"Y",,"noneSelected","noneSelected",800,800,800,"no recorded presence/absence of target taxa in subplots 21-4 and 39-3","NlgO4yYukiEfH53pk4IrTfFWx3u3U6kO","IaXfrbXr6GQAKfG/Thmkj2xXG2gxDgR+",
"615b32c7-8cc0-486f-9dcf-f87c522ff57b","JERC_054.basePlot.vst","2016-06-09","D03","JERC","JERC_054","tower","evergreenForest",31.197928,-84.468818,"WGS84",20.1,741178.06,3454298.31,"16N",47.5,0.2,"vst_JERC_2016","NEON.DOC.000987vE","Y",,"Y",,"Y",,"25","noneSelected",800,100,800,"field datasheet lists conflicting information pertaining to nested subplot size. data was collected with nested subIDs recorded yet the nested subarea is recorded as none. Assuming 100m2 nested subareas were actually used.","IaXfrbXr6GQAKfG/Thmkj2xXG2gxDgR+","NlgO4yYukiEfH53pk4IrTfFWx3u3U6kO",
"90cbd76d-9b15-47a8-b6e9-ae470449785e","JERC_055.basePlot.vst","2016-06-09","D03","JERC","JERC_055","tower","evergreenForest",31.194074,-84.465132,"WGS84",20.1,741539.18,3453879.03,"16N",41.8,0.3,"vst_JERC_2016","NEON.DOC.000987vE","Y",,"Y",,"Y",,"25","noneSelected",800,100,800,"no recorded presence/absence of target taxa in subplots 39.3","NlgO4yYukiEfH53pk4IrTfFWx3u3U6kO","IaXfrbXr6GQAKfG/Thmkj2xXG2gxDgR+",
