uid,namedLocation,domainID,siteID,plotID,plotType,nlcdClass,decimalLatitude,decimalLongitude,geodeticDatum,coordinateUncertainty,elevation,elevationUncertainty,collectDate,eventID,sampleID,sampleCode,samplingMethod,totalSampledArea,targetTaxaPresent,adultCount,nymphCount,larvaCount,sampleCondition,samplingProtocolVersion,measuredBy,remarks
"250fa6fb-483a-4a3e-b4ed-2622d8ba96fc","RMNP_004.tickPlot.tck","D10","RMNP","RMNP_004","distributed","evergreenForest",40.185729,-105.539818,"WGS84",20.1,2864.5,0.1,"2017-09-18T16:38Z","RMNP.2017.39",,,"drag and flag",160,"N",0,0,0,,"NEON.DOC.014045vH","M7EpIfYzzITs8Y5PIRNBZjG1wPJDljoZp5tr4GwKmKc=",
"90b75f38-a715-4344-a60d-a5841c4e0bc1","RMNP_007.tickPlot.tck","D10","RMNP","RMNP_007","distributed","evergreenForest",40.180329,-105.535913,"WGS84",20.1,2821.9,0.1,"2017-09-18T17:44Z","RMNP.2017.39",,,"drag and flag",160,"N",0,0,0,,"NEON.DOC.014045vH","amijICDaG13gsKMBfvt8CQHFNq8jgGvWkFvadztBEnU=",
"5a9ed711-ea74-4ea8-881e-dab2d4085f69","RMNP_012.tickPlot.tck","D10","RMNP","RMNP_012","distributed","evergreenForest",40.156570,-105.533982,"WGS84",20.1,2925.1,0.2,"2017-09-18T21:08Z","RMNP.2017.39",,,"drag and flag",156,"N",0,0,0,,"NEON.DOC.014045vH","M7EpIfYzzITs8Y5PIRNBZjG1wPJDljoZp5tr4GwKmKc=",
"92f1bdea-739e-44f4-8acc-12730bc82f9b","RMNP_002.tickPlot.tck","D10","RMNP","RMNP_002","distributed","evergreenForest",40.196225,-105.473182,"WGS84",20.1,2637.7,0.1,"2017-09-21T14:51Z","RMNP.2017.39",,,"drag and flag",170,"N",0,0,0,,"NEON.DOC.014045vH","Q5hcd4Q48GrAoUQ0/qDwQkYbhuNhV3uoxgYwTcxCMHw=",
"3029db80-e5ba-4080-870a-d42b7f1881b6","RMNP_003.tickPlot.tck","D10","RMNP","RMNP_003","distributed","evergreenForest",40.200139,-105.482624,"WGS84",20.1,2658.3,0.1,"2017-09-21T16:31Z","RMNP.2017.39",,,"drag and flag",175,"N",0,0,0,"No known compromise","NEON.DOC.014045vH","Q5hcd4Q48GrAoUQ0/qDwQkYbhuNhV3uoxgYwTcxCMHw=",
"d515b034-213a-439e-b934-b73c54c2ffc5","RMNP_013.tickPlot.tck","D10","RMNP","RMNP_013","distributed","evergreenForest",40.197179,-105.488569,"WGS84",20.1,2649.5,0.1,"2017-09-21T18:14Z","RMNP.2017.39",,,"drag and flag",180,"N",0,0,0,,"NEON.DOC.014045vH","Q5hcd4Q48GrAoUQ0/qDwQkYbhuNhV3uoxgYwTcxCMHw=",
