uid,namedLocation,date,domainID,siteID,plotID,plotType,nlcdClass,decimalLatitude,decimalLongitude,geodeticDatum,coordinateUncertainty,easting,northing,utmZone,elevation,elevationUncertainty,eventID,samplingProtocolVersion,treesPresent,treesAbsentList,shrubsPresent,shrubsAbsentList,lianasPresent,lianasAbsentList,nestedSubplotAreaShrubSapling,nestedSubplotAreaLiana,totalSampledAreaTrees,totalSampledAreaShrubSapling,totalSampledAreaLiana,remarks,measuredBy,recordedBy,dataQF
"2247f562-5a1f-482e-8776-cef7b8738889","GUAN_059.basePlot.vst","2015-11-05","D04","GUAN","GUAN_059","tower","evergreenForest",17.970195,-66.862869,"WGS84",20.2,726323.05,1988190.72,"19N",140.4,0.2,"vst_GUAN_2015","NEON.DOC.000987vD",,,,,,,"10","100",800,40,400,,"VgRfkWGhIvw7Lc3BZsfq46duR9Pzwglz","g9AObJQf3eYkUFZYJaxA4ygWnVX2Kjzk","legacyData"
"cfa99b3f-4f44-47e0-b37c-8a36f5338e1e","GUAN_053.basePlot.vst","2015-11-09","D04","GUAN","GUAN_053","tower","evergreenForest",17.971528,-66.863120,"WGS84",20.1,726294.76,1988337.97,"19N",179.9,0.1,"vst_GUAN_2015","NEON.DOC.000987vD",,,,,,,"10","noneSelected",800,40,800,"Nested subplot area for lianas and others was used the 400m^2","qshsnM/sHHNUZPkINsuGUO/Mcrl1dNSq++E7cfR5pbFW7GysS+boe+osOFxcuuYYp03DvuFz2nuv+tr/734T/8yB7VoSCo9tmVDIUj/RK+I=","fiApssCEcSVZh4fTchGlfQK3pYYnYQUQ","legacyData"
"efc5c150-369b-4a24-bce5-f3f8e9841c6b","GUAN_009.basePlot.vst","2015-11-11","D04","GUAN","GUAN_009","distributed","evergreenForest",17.979430,-66.867833,"WGS84",20.1,725785.41,1989206.97,"19N",116.5,0.1,"vst_GUAN_2015","NEON.DOC.000987vE",,,,,,,"10","10",400,80,80,"nested subplot sizes not recorded at time of measurement. Inferred from 2016 and 2017 plot metadata.",,,"legacyData"
"c409ffea-9669-4fe2-8382-22ac052f36d9","GUAN_005.basePlot.vst","2015-11-23","D04","GUAN","GUAN_005","distributed","evergreenForest",17.968744,-66.880447,"WGS84",20.2,724462.67,1988008.74,"19N",164.3,0.2,"vst_GUAN_2015","NEON.DOC.000987vD",,,,,,,"10","noneSelected",400,80,400,,"qshsnM/sHHNUZPkINsuGUO/Mcrl1dNSq5PND6yIY6plXvRKRBGglMwO9PMi9vKxPpfgkJMTa4oiGAtKudRMK6PtCKks5GuUu","fiApssCEcSVZh4fTchGlfQK3pYYnYQUQ","legacyData"
"471b684b-4163-4929-b751-ac07b6ca8620","GUAN_016.basePlot.vst","2015-11-23","D04","GUAN","GUAN_016","distributed","evergreenForest",17.967958,-66.884676,"WGS84",20.2,724015.64,1987916.62,"19N",164.5,0.2,"vst_GUAN_2015","NEON.DOC.000987vD",,,,,,,"1","noneSelected",400,8,400,,"fiApssCEcSVZh4fTchGlfahDnxUHck1hEgCy6fni/RD9fGZsOFTbenPIDuHfT9ddBv196+I7AtX3A0azIXKNuMIQzQB61xyo","fiApssCEcSVZh4fTchGlfQK3pYYnYQUQ","legacyData"
"88560a9b-977c-4629-b286-867d7e475498","GUAN_010.basePlot.vst","2015-11-24","D04","GUAN","GUAN_010","distributed","evergreenForest",17.972441,-66.871318,"WGS84",20.1,725425.11,1988429.06,"19N",177.6,0.1,"vst_GUAN_2015","NEON.DOC.000987vD",,,,,,,"1","noneSelected",400,8,400,,"DOUhwPq/qFN1mcefjm4mRMyQGgOlEFsO+wC+IzlF61fJsIMmlQAmd9PLL1B/Iaxp","fiApssCEcSVZh4fTchGlfQK3pYYnYQUQ","legacyData"
"c3e27d02-ea63-4e42-a681-28f2e7484bfa","GUAN_005.basePlot.vst","2015-11-24","D04","GUAN","GUAN_005","distributed","evergreenForest",17.968744,-66.880447,"WGS84",20.2,724462.67,1988008.74,"19N",164.3,0.2,"vst_GUAN_2015","NEON.DOC.000987vD",,,,,,,"noneSelected","noneSelected",400,400,400,,"qshsnM/sHHNUZPkINsuGUO/Mcrl1dNSq36xWnIuZkhxSViHpK0/zWFLegrp2WHEM","fiApssCEcSVZh4fTchGlfQK3pYYnYQUQ","legacyData"
