uid,namedLocation,domainID,siteID,plotID,plotType,nlcdClass,decimalLatitude,decimalLongitude,geodeticDatum,coordinateUncertainty,elevation,elevationUncertainty,collectDate,eventID,sampleID,sampleCode,samplingMethod,totalSampledArea,targetTaxaPresent,adultCount,nymphCount,larvaCount,sampleCondition,samplingProtocolVersion,measuredBy,remarks
"a5985010-581c-486e-9530-238161bb9709","ABBY_002.tickPlot.tck","D16","ABBY","ABBY_002","distributed","grasslandHerbaceous",45.737854,-122.308292,"WGS84",20.1,651.1,0.1,"2018-09-18T17:05Z","ABBY.2018.38",,,"drag and flag",160,"N",0,0,0,,"NEON.DOC.014045vJ","a/0SlN26fEtmJ3LLysIxkaRUfZvckIBE",
"f4bd3e48-448c-4930-8ec6-87adacc3091c","ABBY_023.tickPlot.tck","D16","ABBY","ABBY_023","distributed","mixedForest",45.745006,-122.383498,"WGS84",20.1,478.7,0.1,"2018-09-18T17:38Z","ABBY.2018.38",,,"drag and flag",160,"N",0,0,0,,"NEON.DOC.014045vJ","WZOy1r8gs+lNFPIdyuQ55dnAuSeTcechQaeuLv/m3a0=",
"038ac651-0e52-4549-837f-04e9f6970da2","ABBY_001.tickPlot.tck","D16","ABBY","ABBY_001","distributed","evergreenForest",45.773172,-122.348101,"WGS84",20.1,294.3,0.2,"2018-09-18T18:13Z","ABBY.2018.38",,,"drag and flag",160,"N",0,0,0,,"NEON.DOC.014045vJ","a/0SlN26fEtmJ3LLysIxkaRUfZvckIBE",
"b5b7064c-bb86-42dc-a1f3-933cdab19783","ABBY_003.tickPlot.tck","D16","ABBY","ABBY_003","distributed","evergreenForest",45.760799,-122.371290,"WGS84",20.1,626.2,0.1,"2018-09-18T18:38Z","ABBY.2018.38",,,"drag and flag",160,"N",0,0,0,,"NEON.DOC.014045vJ","WZOy1r8gs+lNFPIdyuQ55dnAuSeTcechQaeuLv/m3a0=",
"e405fe0c-688d-401d-b68a-328f8a395102","ABBY_006.tickPlot.tck","D16","ABBY","ABBY_006","distributed","evergreenForest",45.752800,-122.297903,"WGS84",20.3,576.4,0.4,"2018-09-18T19:51Z","ABBY.2018.38",,,"drag and flag",160,"N",0,0,0,,"NEON.DOC.014045vJ","aGoYR74R2uSLkDYtUAdxdx1COdMdlqjyQFxWMD/kc2s=",
"aa842087-161b-42da-a4f9-79b0b79cde1d","ABBY_005.tickPlot.tck","D16","ABBY","ABBY_005","distributed","shrubScrub",45.771976,-122.388089,"WGS84",20.1,492.2,0.1,"2018-09-18T21:22Z","ABBY.2018.38","ABBY_005.20180918","D00000004006","drag and flag",160,"Y",0,1,0,"No known compromise","NEON.DOC.014045vJ","WZOy1r8gs+lNFPIdyuQ55dnAuSeTcechQaeuLv/m3a0=",
