uid,namedLocation,domainID,siteID,plotID,plotType,nlcdClass,decimalLatitude,decimalLongitude,geodeticDatum,coordinateUncertainty,elevation,elevationUncertainty,collectDate,eventID,sampleID,sampleCode,samplingMethod,totalSampledArea,targetTaxaPresent,adultCount,nymphCount,larvaCount,sampleCondition,samplingProtocolVersion,measuredBy,remarks
"351d4e4a-0746-4521-8a88-8acfbbe2c4f2","LENO_002.tickPlot.tck","D08","LENO","LENO_002","distributed","woodyWetlands",31.806282,-88.195216,"WGS84",20.2,16.8,0.2,"2018-06-04T16:27Z","LENO.2018.23","LENO_002.20180604","A00000013964","drag",160,"Y",0,1,0,"No known compromise","NEON.DOC.014045vJ","5xnpZY6RWQXfIcA73Yt35xUCFBfitt36GhvlLe6b6lWMQTOe3VOuNA==",
"128869db-05a8-4045-8547-645bb500b828","LENO_003.tickPlot.tck","D08","LENO","LENO_003","distributed","deciduousForest",31.809581,-88.187553,"WGS84",20.2,15.4,0.4,"2018-06-04T17:21Z","LENO.2018.23","LENO_003.20180604","A00000013968","drag",154,"Y",0,1,0,"No known compromise","NEON.DOC.014045vJ","5xnpZY6RWQXfIcA73Yt35xUCFBfitt36GhvlLe6b6lWMQTOe3VOuNA==",
"31e455c1-f489-4776-aad0-cd3712562b3c","LENO_023.tickPlot.tck","D08","LENO","LENO_023","distributed","deciduousForest",31.809463,-88.181417,"WGS84",20.2,11.6,0.2,"2018-06-04T18:06Z","LENO.2018.23",,,"drag",118,"N",0,0,0,"No known compromise","NEON.DOC.014045vJ","EKdNizS+3kOSaN4xEB1UW9XHhDFEO0UoYMAU6YiiakM=",
"51384277-d57b-48d4-b777-d09c00390429","LENO_042.tickPlot.tck","D08","LENO","LENO_042","distributed","woodyWetlands",31.817825,-88.182881,"WGS84",20.2,14.6,0.3,"2018-06-04T19:27Z","LENO.2018.23",,,"drag",132,"N",0,0,0,"No known compromise","NEON.DOC.014045vJ","EKdNizS+3kOSaN4xEB1UW9XHhDFEO0UoYMAU6YiiakM=",
"40ed406f-fd9e-4818-ae2e-2130aba6f2aa","LENO_004.tickPlot.tck","D08","LENO","LENO_004","distributed","woodyWetlands",31.822376,-88.181956,"WGS84",20.2,12.5,0.2,"2018-06-04T20:15Z","LENO.2018.23","LENO_004.20180604","A00000013970","drag and flag",160,"Y",0,2,0,"No known compromise","NEON.DOC.014045vJ","5xnpZY6RWQXfIcA73Yt35xUCFBfitt36GhvlLe6b6lWMQTOe3VOuNA==",
"c2534683-65c8-4f68-8e24-9636a105b957","LENO_015.tickPlot.tck","D08","LENO","LENO_015","distributed","woodyWetlands",31.817299,-88.191485,"WGS84",20.5,14.2,0.8,"2018-06-04T21:10Z","LENO.2018.23","LENO_015.20180604","A00000013957","drag",160,"Y",0,2,0,"No known compromise","NEON.DOC.014045vJ","5xnpZY6RWQXfIcA73Yt35xUCFBfitt36GhvlLe6b6lWMQTOe3VOuNA==",
"47ee47ae-4fe0-4403-9f40-71740f6b6bc7","LENO_004.tickPlot.tck","D08","LENO","LENO_004","distributed","woodyWetlands",31.822376,-88.181956,"WGS84",20.2,12.5,0.2,"2018-06-20T14:08Z","LENO.2018.25","LENO_004.20180620","A00000013965","drag and flag",157,"Y",0,1,0,"No known compromise","NEON.DOC.014045vJ","VlGS9knfep4oIPmMdzrYPvhmhmcAnEWcmbTWayWKGyM=",
"f6ad8ce8-371d-491f-8ac0-be8927a952f6","LENO_042.tickPlot.tck","D08","LENO","LENO_042","distributed","woodyWetlands",31.817825,-88.182881,"WGS84",20.2,14.6,0.3,"2018-06-20T14:59Z","LENO.2018.25",,,"drag",95,"N",0,0,0,,"NEON.DOC.014045vJ","VlGS9knfep4oIPmMdzrYPvhmhmcAnEWcmbTWayWKGyM=",
"18ee362d-f7ef-4910-992b-90ec9004f53e","LENO_015.tickPlot.tck","D08","LENO","LENO_015","distributed","woodyWetlands",31.817299,-88.191485,"WGS84",20.5,14.2,0.8,"2018-06-20T15:35Z","LENO.2018.25",,,"drag",160,"N",0,0,0,,"NEON.DOC.014045vJ","VlGS9knfep4oIPmMdzrYPvhmhmcAnEWcmbTWayWKGyM=",
"7c451deb-b4fa-447b-8985-b477c59b14a2","LENO_023.tickPlot.tck","D08","LENO","LENO_023","distributed","deciduousForest",31.809463,-88.181417,"WGS84",20.2,11.6,0.2,"2018-06-20T16:22Z","LENO.2018.25","LENO_023.20180620","A00000013956","drag",85,"Y",0,2,0,"No known compromise","NEON.DOC.014045vJ","VlGS9knfep4oIPmMdzrYPvhmhmcAnEWcmbTWayWKGyM=",
"41a77990-fdac-466b-941e-c480bf4c32f5","LENO_003.tickPlot.tck","D08","LENO","LENO_003","distributed","deciduousForest",31.809581,-88.187553,"WGS84",20.2,15.4,0.4,"2018-06-21T14:16Z","LENO.2018.25",,,"drag",135,"N",0,0,0,,"NEON.DOC.014045vJ","BDzq2IAJfRwsrXnG+WJfFzkBkbtaDALAaR+O7WZv4cM=","Parts of plot slightly mucky. Skipped to keep cloth dry."
"bf2df2dc-b43e-42c0-b6f1-a591bdc39d42","LENO_002.tickPlot.tck","D08","LENO","LENO_002","distributed","woodyWetlands",31.806282,-88.195216,"WGS84",20.2,16.8,0.2,"2018-06-21T14:45Z","LENO.2018.25",,,"drag and flag",160,"N",0,0,0,"No known compromise","NEON.DOC.014045vJ","BDzq2IAJfRwsrXnG+WJfFzkBkbtaDALAaR+O7WZv4cM=",
