uid,namedLocation,domainID,siteID,plotID,plotType,nlcdClass,decimalLatitude,decimalLongitude,geodeticDatum,coordinateUncertainty,elevation,elevationUncertainty,collectDate,eventID,sampleID,sampleCode,samplingMethod,totalSampledArea,targetTaxaPresent,adultCount,nymphCount,larvaCount,sampleCondition,samplingProtocolVersion,measuredBy,remarks
"60f573a6-a229-4e9b-a13c-8754123d293f","OSBS_002.tickPlot.tck","D03","OSBS","OSBS_002","distributed","evergreenForest",29.703661,-81.958365,"WGS84",20.1,35.8,0.2,"2017-07-13T14:12Z","OSBS.2017.29",,,"drag and flag",155,"N",0,0,0,,"NEON.DOC.014045vH","q+sogNxuTpaaq3nt4H3feKdAxSnPr68l",
"25afdf83-d7c9-48d9-bc37-d1e3be74d228","OSBS_003.tickPlot.tck","D03","OSBS","OSBS_003","distributed","evergreenForest",29.693693,-81.947010,"WGS84",20.3,38.2,0.5,"2017-07-17T13:40Z","OSBS.2017.30","OSBS_003.20170717",,"drag and flag",170,"Y",8,14,168,"No known compromise","NEON.DOC.014045vH","PbNu4t/t/O1BAZriMiaA3VbsZD9KatgX",
"c6ebc29b-02e3-406a-ada2-1bf180289575","OSBS_022.tickPlot.tck","D03","OSBS","OSBS_022","distributed","emergentHerbaceousWetlands",29.688309,-81.961968,"WGS84",20.1,24.3,0.1,"2017-07-17T14:47Z","OSBS.2017.30","OSBS_022.20170717",,"drag and flag",166,"Y",1,0,0,"No known compromise","NEON.DOC.014045vH","WvXSfWD4ehCPp4x6qnD3+p3dnwrzoU8uG8F7IbYmNWU=",
"e8284a2c-0580-4be0-8735-abf98da1a58a","OSBS_004.tickPlot.tck","D03","OSBS","OSBS_004","distributed","evergreenForest",29.683402,-81.960449,"WGS84",20.3,42.4,0.4,"2017-07-17T15:20Z","OSBS.2017.30",,,"drag",160,"N",0,0,0,,"NEON.DOC.014045vH","PbNu4t/t/O1BAZriMiaA3VbsZD9KatgX",
"c11f5d4c-5676-48c0-8922-a69fe1249154","OSBS_001.tickPlot.tck","D03","OSBS","OSBS_001","distributed","woodyWetlands",29.704063,-82.008061,"WGS84",20.3,34.4,0.3,"2017-07-17T16:12Z","OSBS.2017.30","OSBS_001.20170717",,"drag and flag",162,"Y",6,7,49,"No known compromise","NEON.DOC.014045vH","WvXSfWD4ehCPp4x6qnD3+p3dnwrzoU8uG8F7IbYmNWU=",
"70a7fb83-abd2-4f60-bb57-8e8f874ac48a","OSBS_005.tickPlot.tck","D03","OSBS","OSBS_005","distributed","woodyWetlands",29.697923,-82.025623,"WGS84",20.4,36.0,1.2,"2017-07-17T16:50Z","OSBS.2017.30","OSBS_005.20170717",,"drag and flag",163,"Y",10,51,0,"No known compromise","NEON.DOC.014045vH","PbNu4t/t/O1BAZriMiaA3VbsZD9KatgX",
