uid,namedLocation,plotID,collectDate,identifiedDate,sampleID,subsampleID,scientificName,acceptedTaxonID,taxonRank,family,subfamily,tribe,subtribe,genus,subgenus,specificEpithet,infraspecificEpithet,identificationQualifier,identificationReferences,identificationProtocolVersion,scientificNameAuthorship,sexOrAge,individualCount,sampleCondition,archiveMedium,archiveFacilityID,deprecatedVialID,identifiedBy,laboratoryName,remarks
"180bc0be-38b4-44c7-8baf-4f3eb03ad679","OSBS_003.tickPlot.tck","OSBS_003","2017-07-17T13:40Z","2017-12-22T17:00Z","OSBS_003.20170717","OSBS_003.20170717.AMBAME.N","Amblyomma americanum","AMBAME","species","Ixodidae",,,,"Amblyomma",,"americanum",,,"Cooley, R. A. and G. M. Kohls. 1944. The genus Amblyomma (ixodidae) in the United States. The Journal of Parasitology, 30(2):77-111.","GSU_tickIdentification_SOP_2016-11-01.pdf","Linnaeus","Nymph",14,"OK","90% ethanol","USNMENT01358635","OSBS_003.20170717.01.AMBAME.N","Lorenza Beati","Georgia Southern University",
"c8b1796e-b02d-467d-90f5-d078606edf31","OSBS_003.tickPlot.tck","OSBS_003","2017-07-17T13:40Z","2017-12-22T17:00Z","OSBS_003.20170717","OSBS_003.20170717.AMBAME.F","Amblyomma americanum","AMBAME","species","Ixodidae",,,,"Amblyomma",,"americanum",,,"Cooley, R. A. and G. M. Kohls. 1944. The genus Amblyomma (ixodidae) in the United States. The Journal of Parasitology, 30(2):77-111.","GSU_tickIdentification_SOP_2016-11-01.pdf","Linnaeus","Female",6,"OK","90% ethanol","USNMENT01358634","OSBS_003.20170717.01.AMBAME.F","Lorenza Beati","Georgia Southern University","7 were counted but only found 6"
"0a89161f-eec4-4c7e-a2e1-6e6058889290","OSBS_003.tickPlot.tck","OSBS_003","2017-07-17T13:40Z","2017-12-22T17:00Z","OSBS_003.20170717","OSBS_003.20170717.AMBAME.M","Amblyomma americanum","AMBAME","species","Ixodidae",,,,"Amblyomma",,"americanum",,,"Cooley, R. A. and G. M. Kohls. 1944. The genus Amblyomma (ixodidae) in the United States. The Journal of Parasitology, 30(2):77-111.","GSU_tickIdentification_SOP_2016-11-01.pdf","Linnaeus","Male",2,"OK","90% ethanol","USNMENT01358633","OSBS_003.20170717.01.AMBAME.M","Lorenza Beati","Georgia Southern University",
"79c76759-c11e-4d4b-99d1-c42fe502a752","OSBS_003.tickPlot.tck","OSBS_003","2017-07-17T13:40Z","2017-09-22T16:00Z","OSBS_003.20170717","OSBS_003.20170717.IXOSP.L","Ixodidae sp.","IXOSP","family","Ixodidae",,,,,,"sp.",,,,"GSU_tickIdentification_SOP_2016-11-01.pdf",,"Larva",1,"OK","90% ethanol","USNMENT01358632","OSBS_003.20170717.02.L","Guy Hobbs","Georgia Southern University","Over invoice limit, will not be billed."
"36d3e0e4-7a20-4a28-928a-76a7cadd90c4","OSBS_022.tickPlot.tck","OSBS_022","2017-07-17T14:47Z","2017-12-22T17:00Z","OSBS_022.20170717","OSBS_022.20170717.AMBMAC.M","Amblyomma maculatum","AMBMAC","species","Ixodidae",,,,"Amblyomma",,"maculatum",,,"Cooley, R. A. and G. M. Kohls. 1944. The genus Amblyomma (ixodidae) in the United States. The Journal of Parasitology, 30(2):77-111.","GSU_tickIdentification_SOP_2016-11-01.pdf","Koch","Male",1,"OK","90% ethanol","USNMENT01358636","OSBS_022.20170717.01.AMBMAC.M","Lorenza Beati","Georgia Southern University",
"245e8ff2-3d64-492a-9ac4-8a3ef1dc4230","OSBS_001.tickPlot.tck","OSBS_001","2017-07-17T16:12Z","2017-09-17T16:00Z","OSBS_001.20170717","OSBS_001.20170717.AMBAME.F","Amblyomma americanum","AMBAME","species","Ixodidae",,,,"Amblyomma",,"americanum",,,"Cooley, R. A. and G. M. Kohls. 1944. The genus Amblyomma (ixodidae) in the United States. The Journal of Parasitology, 30(2):77-111.","GSU_tickIdentification_SOP_2016-11-01.pdf","Linnaeus","Female",3,"OK","90% ethanol","USNMENT01358578","OSBS_001.20170717.01.AMBAME.F","Guy Hobbs","Georgia Southern University","Over invoice limit, will not be billed."
"6aa1d18a-732a-4ef5-b2d3-eb30c856a34f","OSBS_001.tickPlot.tck","OSBS_001","2017-07-17T16:12Z","2017-09-02T16:00Z","OSBS_001.20170717","OSBS_001.20170717.IXOSP.L","Ixodidae sp.","IXOSP","family","Ixodidae",,,,,,"sp.",,,,"GSU_tickIdentification_SOP_2016-11-01.pdf",,"Larva",1,"OK","90% ethanol","USNMENT01358631","OSBS_001.20170717.02.L","Guy Hobbs","Georgia Southern University","Over invoice limit, will not be billed."
"74d90846-ba28-4b54-b7b5-c4e7b9027a0c","OSBS_001.tickPlot.tck","OSBS_001","2017-07-17T16:12Z","2017-12-17T17:00Z","OSBS_001.20170717","OSBS_001.20170717.AMBAME.N","Amblyomma americanum","AMBAME","species","Ixodidae",,,,"Amblyomma",,"americanum",,,"Cooley, R. A. and G. M. Kohls. 1944. The genus Amblyomma (ixodidae) in the United States. The Journal of Parasitology, 30(2):77-111.","GSU_tickIdentification_SOP_2016-11-01.pdf","Linnaeus","Nymph",7,"OK","90% ethanol","USNMENT01358580","OSBS_001.20170717.01.AMBAME.N","Lorenza Beati","Georgia Southern University",
"07123e6c-e95c-43e3-ad24-328785d7b661","OSBS_001.tickPlot.tck","OSBS_001","2017-07-17T16:12Z","2017-12-17T17:00Z","OSBS_001.20170717","OSBS_001.20170717.AMBAME.M","Amblyomma americanum","AMBAME","species","Ixodidae",,,,"Amblyomma",,"americanum",,,"Cooley, R. A. and G. M. Kohls. 1944. The genus Amblyomma (ixodidae) in the United States. The Journal of Parasitology, 30(2):77-111.","GSU_tickIdentification_SOP_2016-11-01.pdf","Linnaeus","Male",3,"OK","90% ethanol","USNMENT01358579","OSBS_001.20170717.01.AMBAME.M","Lorenza Beati","Georgia Southern University",
"0b6fa527-4e78-44c6-941f-c13ab5dcebe2","OSBS_005.tickPlot.tck","OSBS_005","2017-07-17T16:50Z","2017-12-17T17:00Z","OSBS_005.20170717","OSBS_005.20170717.IXOSCA.M","Ixodes scapularis","IXOSCA","species","Ixodidae",,,,"Ixodes",,"scapularis",,,"Cooley, R. A. and G. M. Kohls. 1945. The genus Ixodes in North America. National Institute of Health Bulletin, 184.","GSU_tickIdentification_SOP_2016-11-01.pdf","Say","Male",1,"OK","90% ethanol","USNMENT01358577","OSBS_005.20170717.01.IXOSCA.M","Lorenza Beati","Georgia Southern University",
"00984495-cfbd-4d63-b759-87ec59dbfe3c","OSBS_005.tickPlot.tck","OSBS_005","2017-07-17T16:50Z","2017-12-17T17:00Z","OSBS_005.20170717","OSBS_005.20170717.AMBAME.N","Amblyomma americanum","AMBAME","species","Ixodidae",,,,"Amblyomma",,"americanum",,,"Cooley, R. A. and G. M. Kohls. 1944. The genus Amblyomma (ixodidae) in the United States. The Journal of Parasitology, 30(2):77-111.","GSU_tickIdentification_SOP_2016-11-01.pdf","Linnaeus","Nymph",51,"OK","90% ethanol","USNMENT01358576","OSBS_005.20170717.01.AMBAME.N","Lorenza Beati","Georgia Southern University",
"c9cb6636-d841-4be3-b8f8-39ea96cc76d5","OSBS_005.tickPlot.tck","OSBS_005","2017-07-17T16:50Z","2017-12-17T17:00Z","OSBS_005.20170717","OSBS_005.20170717.AMBAME.M","Amblyomma americanum","AMBAME","species","Ixodidae",,,,"Amblyomma",,"americanum",,,"Cooley, R. A. and G. M. Kohls. 1944. The genus Amblyomma (ixodidae) in the United States. The Journal of Parasitology, 30(2):77-111.","GSU_tickIdentification_SOP_2016-11-01.pdf","Linnaeus","Male",5,"OK","90% ethanol","USNMENT01358575","OSBS_005.20170717.01.AMBAME.M","Lorenza Beati","Georgia Southern University",
"9da8deb1-8be4-4ead-b659-51b259fb1500","OSBS_005.tickPlot.tck","OSBS_005","2017-07-17T16:50Z","2017-12-17T17:00Z","OSBS_005.20170717","OSBS_005.20170717.AMBAME.F","Amblyomma americanum","AMBAME","species","Ixodidae",,,,"Amblyomma",,"americanum",,,"Cooley, R. A. and G. M. Kohls. 1944. The genus Amblyomma (ixodidae) in the United States. The Journal of Parasitology, 30(2):77-111.","GSU_tickIdentification_SOP_2016-11-01.pdf","Linnaeus","Female",5,"OK","90% ethanol","USNMENT01358574","OSBS_005.20170717.01.AMBAME.F","Lorenza Beati","Georgia Southern University","TO PAULA"
