uid,namedLocation,domainID,siteID,plotID,plotType,nlcdClass,decimalLatitude,decimalLongitude,geodeticDatum,coordinateUncertainty,elevation,elevationUncertainty,collectDate,eventID,sampleID,sampleCode,samplingMethod,totalSampledArea,targetTaxaPresent,adultCount,nymphCount,larvaCount,sampleCondition,samplingProtocolVersion,measuredBy,remarks
"201b5ad9-cce0-422b-8b64-6e9ba97b8357","WOOD_024.tickPlot.tck","D09","WOOD","WOOD_024","distributed","emergentHerbaceousWetlands",47.150784,-99.260836,"WGS84",20.1,586.1,0.2,"2015-07-21T14:30Z","WOOD.2015.29",,,"flag",160,"N",0,0,,,"NEON.DOC.014045vF","49AT3csB7SNH9c2JnAOTHYMNXNZpKUYr",
"634d75a6-72a3-4d0e-afd6-046474657332","WOOD_009.tickPlot.tck","D09","WOOD","WOOD_009","distributed","grasslandHerbaceous",47.144534,-99.231072,"WGS84",20.1,573.5,0.2,"2015-07-21T15:30Z","WOOD.2015.29","WOOD_009.20150721",,"drag",160,"Y",1,0,,"No known compromise","NEON.DOC.014045vF","eE6kvSR3uoy9zdn7o7etq88/xsP7F3Qo",
"93444a5e-6307-44d7-9456-8f7d068edd17","WOOD_002.tickPlot.tck","D09","WOOD","WOOD_002","distributed","grasslandHerbaceous",47.136802,-99.234546,"WGS84",20.1,578.3,0.1,"2015-07-21T16:40Z","WOOD.2015.29","WOOD_002.20150721",,"drag",160,"Y",3,0,,"No known compromise","NEON.DOC.014045vF","49AT3csB7SNH9c2JnAOTHYMNXNZpKUYr",
"ef0b46b3-efaa-41f1-b208-29ee0a8cba1f","WOOD_007.tickPlot.tck","D09","WOOD","WOOD_007","distributed","grasslandHerbaceous",47.133887,-99.251357,"WGS84",20.4,593.6,0.3,"2015-07-21T18:10Z","WOOD.2015.29","WOOD_007.20150721",,"drag and flag",160,"Y",6,0,,"No known compromise","NEON.DOC.014045vF","49AT3csB7SNH9c2JnAOTHYMNXNZpKUYr",
"48aceb6f-7c5d-4d24-a323-fea761f565af","WOOD_006.tickPlot.tck","D09","WOOD","WOOD_006","distributed","grasslandHerbaceous",47.141023,-99.248055,"WGS84",20.1,587.2,0.1,"2015-07-21T19:02Z","WOOD.2015.29","WOOD_006.20150721",,"drag and flag",160,"Y",1,0,,"No known compromise","NEON.DOC.014045vF","eE6kvSR3uoy9zdn7o7etq88/xsP7F3Qo",
"ae84c487-c55c-40c5-af7d-069502e42dd4","WOOD_001.tickPlot.tck","D09","WOOD","WOOD_001","distributed","grasslandHerbaceous",47.127200,-99.256464,"WGS84",20.1,593.8,0.2,"2015-07-21T20:07Z","WOOD.2015.29",,,"drag",160,"N",0,0,,,"NEON.DOC.014045vF","49AT3csB7SNH9c2JnAOTHYMNXNZpKUYr",
