uid,namedLocation,plotID,collectDate,identifiedDate,sampleID,subsampleID,scientificName,acceptedTaxonID,taxonRank,family,subfamily,tribe,subtribe,genus,subgenus,specificEpithet,infraspecificEpithet,identificationQualifier,identificationReferences,identificationProtocolVersion,scientificNameAuthorship,sexOrAge,individualCount,sampleCondition,archiveMedium,archiveFacilityID,deprecatedVialID,identifiedBy,laboratoryName,remarks
"7c44a9d3-b9a0-4b8c-a27b-1d4a5b360d5c","WOOD_009.tickPlot.tck","WOOD_009","2015-07-21T15:30Z","2016-06-29T16:00Z","WOOD_009.20150721","WOOD_009.20150721.DERVAR.F","Dermacentor variabilis","DERVAR","species","Ixodidae",,,,"Dermacentor",,"variabilis",,,"Yunker, C. E., Keirans, J. E., Clifford, C. M., and E. R. Easton. 1986. Dermacentor ticks (Acari: Ixodoidea: Ixodidae) of the New World: a scanning electron microscope atlas. Proceedings of the Entomological Society of Washington, 88(4):609-627.","GSU_tickIdentification_SOP_2016-11-01.pdf","Say","Female",1,"OK","90% ethanol","125982",,"L. Beati","Georgia Southern University",
"f037b192-12e0-46a8-8408-8862fb19f9d1","WOOD_002.tickPlot.tck","WOOD_002","2015-07-21T16:40Z","2016-06-29T16:00Z","WOOD_002.20150721","WOOD_002.20150721.DERVAR.M","Dermacentor variabilis","DERVAR","species","Ixodidae",,,,"Dermacentor",,"variabilis",,,"Yunker, C. E., Keirans, J. E., Clifford, C. M., and E. R. Easton. 1986. Dermacentor ticks (Acari: Ixodoidea: Ixodidae) of the New World: a scanning electron microscope atlas. Proceedings of the Entomological Society of Washington, 88(4):609-627.","GSU_tickIdentification_SOP_2016-11-01.pdf","Say","Male",2,"OK","90% ethanol","125983",,"L. Beati","Georgia Southern University",
"f96698ff-8214-481c-962e-d748431376b4","WOOD_002.tickPlot.tck","WOOD_002","2015-07-21T16:40Z","2016-06-29T16:00Z","WOOD_002.20150721","WOOD_002.20150721.DERVAR.F","Dermacentor variabilis","DERVAR","species","Ixodidae",,,,"Dermacentor",,"variabilis",,,"Yunker, C. E., Keirans, J. E., Clifford, C. M., and E. R. Easton. 1986. Dermacentor ticks (Acari: Ixodoidea: Ixodidae) of the New World: a scanning electron microscope atlas. Proceedings of the Entomological Society of Washington, 88(4):609-627.","GSU_tickIdentification_SOP_2016-11-01.pdf","Say","Female",1,"OK","90% ethanol","125983",,"L. Beati","Georgia Southern University",
"9a1eb1b7-c96d-46d8-a8ba-b3c9c0c4f390","WOOD_007.tickPlot.tck","WOOD_007","2015-07-21T18:10Z","2016-06-29T16:00Z","WOOD_007.20150721","WOOD_007.20150721.DERVAR.F","Dermacentor variabilis","DERVAR","species","Ixodidae",,,,"Dermacentor",,"variabilis",,,"Yunker, C. E., Keirans, J. E., Clifford, C. M., and E. R. Easton. 1986. Dermacentor ticks (Acari: Ixodoidea: Ixodidae) of the New World: a scanning electron microscope atlas. Proceedings of the Entomological Society of Washington, 88(4):609-627.","GSU_tickIdentification_SOP_2016-11-01.pdf","Say","Female",4,"OK","90% ethanol","125984",,"L. Beati","Georgia Southern University",
"fe8d38ac-1037-4f76-8bbb-b5dcb64a6a6a","WOOD_007.tickPlot.tck","WOOD_007","2015-07-21T18:10Z","2016-06-29T16:00Z","WOOD_007.20150721","WOOD_007.20150721.DERVAR.M","Dermacentor variabilis","DERVAR","species","Ixodidae",,,,"Dermacentor",,"variabilis",,,"Yunker, C. E., Keirans, J. E., Clifford, C. M., and E. R. Easton. 1986. Dermacentor ticks (Acari: Ixodoidea: Ixodidae) of the New World: a scanning electron microscope atlas. Proceedings of the Entomological Society of Washington, 88(4):609-627.","GSU_tickIdentification_SOP_2016-11-01.pdf","Say","Male",2,"OK","90% ethanol","125984",,"L. Beati","Georgia Southern University",
"9ba863da-d81b-43bb-8814-85daa5bde39e","WOOD_006.tickPlot.tck","WOOD_006","2015-07-21T19:02Z","2016-06-29T16:00Z","WOOD_006.20150721","WOOD_006.20150721.DERVAR.F","Dermacentor variabilis","DERVAR","species","Ixodidae",,,,"Dermacentor",,"variabilis",,,"Yunker, C. E., Keirans, J. E., Clifford, C. M., and E. R. Easton. 1986. Dermacentor ticks (Acari: Ixodoidea: Ixodidae) of the New World: a scanning electron microscope atlas. Proceedings of the Entomological Society of Washington, 88(4):609-627.","GSU_tickIdentification_SOP_2016-11-01.pdf","Say","Female",1,"OK","90% ethanol","125985",,"L. Beati","Georgia Southern University",
