uid,namedLocation,domainID,siteID,plotID,plotType,nlcdClass,decimalLatitude,decimalLongitude,geodeticDatum,coordinateUncertainty,elevation,elevationUncertainty,collectDate,eventID,sampleID,sampleCode,samplingMethod,totalSampledArea,targetTaxaPresent,adultCount,nymphCount,larvaCount,sampleCondition,samplingProtocolVersion,measuredBy,remarks
"5eaf9a56-29f9-4ef0-9600-f7d5c4ddddb9","SCBI_007.tickPlot.tck","D02","SCBI","SCBI_007","distributed","deciduousForest",38.886013,-78.129365,"WGS84",20.2,428.3,0.2,"2016-07-11T15:19Z","SCBI.2016.28","SCBI_007.20160711",,"drag and flag",137,"Y",0,2,15,"No known compromise","NEON.DOC.014045vG","p8WKbOBZs5/CRPjq/1HrITk8Sf0GvCtj","RNA solution and ethanol vials"
"a5fb0945-1d85-4bab-a863-3cf1e7706d03","SCBI_002.tickPlot.tck","D02","SCBI","SCBI_002","distributed","deciduousForest",38.893863,-78.142704,"WGS84",20.2,327.7,0.2,"2016-07-11T17:28Z","SCBI.2016.28","SCBI_002.20160711",,"drag",160,"Y",0,3,0,"No known compromise","NEON.DOC.014045vG","p8WKbOBZs5/CRPjq/1HrITk8Sf0GvCtj",
"af6a0711-36b8-4c49-9d7b-f30aee4e2913","SCBI_006.tickPlot.tck","D02","SCBI","SCBI_006","distributed","pastureHay",38.897080,-78.150277,"WGS84",20.1,277.1,0.1,"2016-07-11T18:35Z","SCBI.2016.28","SCBI_006.20160711",,"drag",160,"Y",3,2,0,"No known compromise","NEON.DOC.014045vG","p8WKbOBZs5/CRPjq/1HrITk8Sf0GvCtj",
"6c248962-df25-48b2-a2e2-08bf4cfa50f1","SCBI_039.tickPlot.tck","D02","SCBI","SCBI_039","distributed","pastureHay",38.896433,-78.166542,"WGS84",20.1,330.8,0.1,"2016-07-11T19:29Z","SCBI.2016.28","SCBI_039.20160711",,"drag",163,"Y",10,1,0,"No known compromise","NEON.DOC.014045vG","p8WKbOBZs5/CRPjq/1HrITk8Sf0GvCtj",
"f94a2204-55a8-45d7-972d-67dec7613896","SCBI_005.tickPlot.tck","D02","SCBI","SCBI_005","distributed","deciduousForest",38.901859,-78.161940,"WGS84",20.2,263.6,0.3,"2016-07-12T16:47Z","SCBI.2016.28","SCBI_005.20160712",,"drag and flag",142,"Y",4,0,0,"No known compromise","NEON.DOC.014045vG","p8WKbOBZs5/CRPjq/1HrITk8Sf0GvCtj",
"83c2a98a-23df-4a0e-a37c-cbd4478d4df3","SCBI_013.tickPlot.tck","D02","SCBI","SCBI_013","distributed","deciduousForest",38.873041,-78.163313,"WGS84",20.2,361.3,0.3,"2016-07-12T19:06Z","SCBI.2016.28","SCBI_013.20160712",,"drag",160,"Y",1,7,0,"No known compromise","NEON.DOC.014045vG","p8WKbOBZs5/CRPjq/1HrITk8Sf0GvCtj",
