uid,namedLocation,plotID,collectDate,identifiedDate,sampleID,subsampleID,scientificName,acceptedTaxonID,taxonRank,family,subfamily,tribe,subtribe,genus,subgenus,specificEpithet,infraspecificEpithet,identificationQualifier,identificationReferences,identificationProtocolVersion,scientificNameAuthorship,sexOrAge,individualCount,sampleCondition,archiveMedium,archiveFacilityID,deprecatedVialID,identifiedBy,laboratoryName,remarks
"e27c4a65-b4bd-4127-b8ef-1323e9e151c4","SCBI_007.tickPlot.tck","SCBI_007","2016-07-11T15:19Z","2017-05-19T16:00Z","SCBI_007.20160711","SCBI_007.20160711.AMBAME.N","Amblyomma americanum","AMBAME","species","Ixodidae",,,,"Amblyomma",,"americanum",,,"Cooley, R. A. and G. M. Kohls. 1944. The genus Amblyomma (ixodidae) in the United States. The Journal of Parasitology, 30(2):77-111.","GSU_tickIdentification_SOP_2016-11-01.pdf","Linnaeus","Nymph",2,"OK","RNA stabilization buffer","USNMENT00984233","SCBI_007.20160711.2.AMBAME.N","Lorenza Beati","Georgia Southern University",
"b5f3f2c1-468f-4122-8f84-9a58f7c1b2d3","SCBI_007.tickPlot.tck","SCBI_007","2016-07-11T15:19Z","2017-04-07T16:00Z","SCBI_007.20160711","SCBI_007.20160711.IXOSP.L","Ixodidae sp.","IXOSP","family","Ixodidae",,,,,,"sp.",,,,"GSU_tickIdentification_SOP_2016-11-01.pdf",,"Larva",1,"OK","RNA stabilization buffer","USNMENT00984241","SCBI_007.20160711.2.L","Guy Hobbs","Georgia Southern University",
"4cfe03eb-96a8-4557-8100-3b3e428cef4f","SCBI_002.tickPlot.tck","SCBI_002","2016-07-11T17:28Z","2017-05-19T16:00Z","SCBI_002.20160711","SCBI_002.20160711.IXOSCA.N","Ixodes scapularis","IXOSCA","species","Ixodidae",,,,"Ixodes",,"scapularis",,,"Cooley, R. A. and G. M. Kohls. 1945. The genus Ixodes in North America. National Institute of Health Bulletin, 184.","GSU_tickIdentification_SOP_2016-11-01.pdf","Say","Nymph",3,"OK","RNA stabilization buffer","USNMENT00984227","SCBI_002.20160711.1.IXOSCA.N","Lorenza Beati","Georgia Southern University",
"f4bd61ac-3acb-46f5-b4ea-dde6b3f98428","SCBI_006.tickPlot.tck","SCBI_006","2016-07-11T18:35Z","2017-04-06T16:00Z","SCBI_006.20160711","SCBI_006.20160711.DERVAR.M","Dermacentor variabilis","DERVAR","species","Ixodidae",,,,"Dermacentor",,"variabilis",,,"Yunker, C. E., Keirans, J. E., Clifford, C. M., and E. R. Easton. 1986. Dermacentor ticks (Acari: Ixodoidea: Ixodidae) of the New World: a scanning electron microscope atlas. Proceedings of the Entomological Society of Washington, 88(4):609-627.","GSU_tickIdentification_SOP_2016-11-01.pdf","Say","Male",2,"OK","RNA stabilization buffer","USNMENT00984231","SCBI_006.20160711.1.DERVAR.M","Guy Hobbs","Georgia Southern University",
"7511a2b5-b4b5-4af3-aea9-350900b732b6","SCBI_006.tickPlot.tck","SCBI_006","2016-07-11T18:35Z","2017-05-19T16:00Z","SCBI_006.20160711","SCBI_006.20160711.AMBAME.N","Amblyomma americanum","AMBAME","species","Ixodidae",,,,"Amblyomma",,"americanum",,,"Cooley, R. A. and G. M. Kohls. 1944. The genus Amblyomma (ixodidae) in the United States. The Journal of Parasitology, 30(2):77-111.","GSU_tickIdentification_SOP_2016-11-01.pdf","Linnaeus","Nymph",2,"OK","RNA stabilization buffer","USNMENT00984230","SCBI_006.20160711.1.AMBAME.N","Lorenza Beati","Georgia Southern University",
"a2cbffd2-df49-422c-93ed-27ed0f27a689","SCBI_006.tickPlot.tck","SCBI_006","2016-07-11T18:35Z","2017-04-06T16:00Z","SCBI_006.20160711","SCBI_006.20160711.DERVAR.F","Dermacentor variabilis","DERVAR","species","Ixodidae",,,,"Dermacentor",,"variabilis",,,"Yunker, C. E., Keirans, J. E., Clifford, C. M., and E. R. Easton. 1986. Dermacentor ticks (Acari: Ixodoidea: Ixodidae) of the New World: a scanning electron microscope atlas. Proceedings of the Entomological Society of Washington, 88(4):609-627.","GSU_tickIdentification_SOP_2016-11-01.pdf","Say","Female",1,"OK","RNA stabilization buffer","USNMENT00984232","SCBI_006.20160711.1.DERVAR.F","Guy Hobbs","Georgia Southern University",
"71b8f41e-c84a-4b0f-aff6-39677cb09629","SCBI_039.tickPlot.tck","SCBI_039","2016-07-11T19:29Z","2017-04-06T16:00Z","SCBI_039.20160711","SCBI_039.20160711.DERVAR.F","Dermacentor variabilis","DERVAR","species","Ixodidae",,,,"Dermacentor",,"variabilis",,,"Yunker, C. E., Keirans, J. E., Clifford, C. M., and E. R. Easton. 1986. Dermacentor ticks (Acari: Ixodoidea: Ixodidae) of the New World: a scanning electron microscope atlas. Proceedings of the Entomological Society of Washington, 88(4):609-627.","GSU_tickIdentification_SOP_2016-11-01.pdf","Say","Female",6,"OK","RNA stabilization buffer","USNMENT00984237","SCBI_039.20160711.1.DERVAR.F","Guy Hobbs","Georgia Southern University",
"a180bb94-caaa-4cec-ad69-55b8ae84f109","SCBI_039.tickPlot.tck","SCBI_039","2016-07-11T19:29Z","2017-04-06T16:00Z","SCBI_039.20160711","SCBI_039.20160711.DERVAR.M","Dermacentor variabilis","DERVAR","species","Ixodidae",,,,"Dermacentor",,"variabilis",,,"Yunker, C. E., Keirans, J. E., Clifford, C. M., and E. R. Easton. 1986. Dermacentor ticks (Acari: Ixodoidea: Ixodidae) of the New World: a scanning electron microscope atlas. Proceedings of the Entomological Society of Washington, 88(4):609-627.","GSU_tickIdentification_SOP_2016-11-01.pdf","Say","Male",4,"OK","RNA stabilization buffer","USNMENT00984236","SCBI_039.20160711.1.DERVAR.M","Guy Hobbs","Georgia Southern University",
"416ebf35-e646-45f3-b781-b815ae151195","SCBI_005.tickPlot.tck","SCBI_005","2016-07-12T16:47Z","2017-04-06T16:00Z","SCBI_005.20160712","SCBI_005.20160712.DERVAR.F","Dermacentor variabilis","DERVAR","species","Ixodidae",,,,"Dermacentor",,"variabilis",,,"Yunker, C. E., Keirans, J. E., Clifford, C. M., and E. R. Easton. 1986. Dermacentor ticks (Acari: Ixodoidea: Ixodidae) of the New World: a scanning electron microscope atlas. Proceedings of the Entomological Society of Washington, 88(4):609-627.","GSU_tickIdentification_SOP_2016-11-01.pdf","Say","Female",1,"OK","RNA stabilization buffer","USNMENT00984229","SCBI_005.20160712.1.DERVAR.F","Guy Hobbs","Georgia Southern University",
"846d087d-ccdc-40eb-b58c-0f98b695c078","SCBI_005.tickPlot.tck","SCBI_005","2016-07-12T16:47Z","2017-04-06T16:00Z","SCBI_005.20160712","SCBI_005.20160712.DERVAR.M","Dermacentor variabilis","DERVAR","species","Ixodidae",,,,"Dermacentor",,"variabilis",,,"Yunker, C. E., Keirans, J. E., Clifford, C. M., and E. R. Easton. 1986. Dermacentor ticks (Acari: Ixodoidea: Ixodidae) of the New World: a scanning electron microscope atlas. Proceedings of the Entomological Society of Washington, 88(4):609-627.","GSU_tickIdentification_SOP_2016-11-01.pdf","Say","Male",3,"OK","RNA stabilization buffer","USNMENT00984228","SCBI_005.20160712.1.DERVAR.M","Guy Hobbs","Georgia Southern University",
"12a8809d-6b6b-41fb-bb75-e4cf063b41bb","SCBI_013.tickPlot.tck","SCBI_013","2016-07-12T19:06Z","2017-05-19T16:00Z","SCBI_013.20160712","SCBI_013.20160712.IXOSCA.N","Ixodes scapularis","IXOSCA","species","Ixodidae",,,,"Ixodes",,"scapularis",,,"Cooley, R. A. and G. M. Kohls. 1945. The genus Ixodes in North America. National Institute of Health Bulletin, 184.","GSU_tickIdentification_SOP_2016-11-01.pdf","Say","Nymph",5,"OK","RNA stabilization buffer","USNMENT00984234","SCBI_013.20160712.1.IXOSCA.N","Lorenza Beati","Georgia Southern University",
"8921dff4-fb09-4efc-8519-9375c28ca5c0","SCBI_013.tickPlot.tck","SCBI_013","2016-07-12T19:06Z","2017-05-19T16:00Z","SCBI_013.20160712","SCBI_013.20160712.AMBAME.N","Amblyomma americanum","AMBAME","species","Ixodidae",,,,"Amblyomma",,"americanum",,,"Cooley, R. A. and G. M. Kohls. 1944. The genus Amblyomma (ixodidae) in the United States. The Journal of Parasitology, 30(2):77-111.","GSU_tickIdentification_SOP_2016-11-01.pdf","Linnaeus","Nymph",2,"OK","RNA stabilization buffer","USNMENT00864656","SCBI_013.20160712.1.AMBAME.N","Lorenza Beati","Georgia Southern University",
"b33c3459-d331-4f6e-af84-936ceee793bb","SCBI_013.tickPlot.tck","SCBI_013","2016-07-12T19:06Z","2017-04-06T16:00Z","SCBI_013.20160712","SCBI_013.20160712.DERVAR.M","Dermacentor variabilis","DERVAR","species","Ixodidae",,,,"Dermacentor",,"variabilis",,,"Yunker, C. E., Keirans, J. E., Clifford, C. M., and E. R. Easton. 1986. Dermacentor ticks (Acari: Ixodoidea: Ixodidae) of the New World: a scanning electron microscope atlas. Proceedings of the Entomological Society of Washington, 88(4):609-627.","GSU_tickIdentification_SOP_2016-11-01.pdf","Say","Male",1,"OK","RNA stabilization buffer","USNMENT00984235","SCBI_013.20160712.1.DERVAR.M","Guy Hobbs","Georgia Southern University",
