uid,namedLocation,plotID,collectDate,identifiedDate,sampleID,subsampleID,scientificName,acceptedTaxonID,taxonRank,family,subfamily,tribe,subtribe,genus,subgenus,specificEpithet,infraspecificEpithet,identificationQualifier,identificationReferences,identificationProtocolVersion,scientificNameAuthorship,sexOrAge,individualCount,sampleCondition,archiveMedium,archiveFacilityID,deprecatedVialID,identifiedBy,laboratoryName,remarks
"71f8d7ca-a49c-44ae-b7c3-21e05811d2d3","ORNL_040.tickPlot.tck","ORNL_040","2017-04-13T13:43Z","2017-12-21T17:00Z","ORNL_040.20170413","ORNL_040.20170413.AMBAME.F","Amblyomma americanum","AMBAME","species","Ixodidae",,,,"Amblyomma",,"americanum",,,"Cooley, R. A. and G. M. Kohls. 1944. The genus Amblyomma (ixodidae) in the United States. The Journal of Parasitology, 30(2):77-111.","GSU_tickIdentification_SOP_2016-11-01.pdf","Linnaeus","Female",1,"OK","90% ethanol","USNMENT01358299","ORNL_040.20170413.AMBAME.F","Lorenza Beati","Georgia Southern University",
"db272815-4293-4719-a0d6-d6977b964aac","ORNL_040.tickPlot.tck","ORNL_040","2017-04-13T13:43Z","2017-12-21T17:00Z","ORNL_040.20170413","ORNL_040.20170413.AMBAME.N","Amblyomma americanum","AMBAME","species","Ixodidae",,,,"Amblyomma",,"americanum",,,"Cooley, R. A. and G. M. Kohls. 1944. The genus Amblyomma (ixodidae) in the United States. The Journal of Parasitology, 30(2):77-111.","GSU_tickIdentification_SOP_2016-11-01.pdf","Linnaeus","Nymph",10,"OK","90% ethanol","USNMENT01358300","ORNL_040.20170413.AMBAME.N","Lorenza Beati","Georgia Southern University",
"fbd6db94-961b-4117-b64e-8bcb4dad2bbf","ORNL_009.tickPlot.tck","ORNL_009","2017-04-13T14:15Z","2017-12-21T17:00Z","ORNL_009.20170413","ORNL_009.20170413.AMBAME.M","Amblyomma americanum","AMBAME","species","Ixodidae",,,,"Amblyomma",,"americanum",,,"Cooley, R. A. and G. M. Kohls. 1944. The genus Amblyomma (ixodidae) in the United States. The Journal of Parasitology, 30(2):77-111.","GSU_tickIdentification_SOP_2016-11-01.pdf","Linnaeus","Male",1,"OK","90% ethanol","USNMENT01358301","ORNL_009.20170413.AMBAME.M","Lorenza Beati","Georgia Southern University",
"bfacd3f7-f7a0-4784-87aa-5c11fb559dd1","ORNL_009.tickPlot.tck","ORNL_009","2017-04-13T14:15Z","2017-07-21T16:00Z","ORNL_009.20170413","ORNL_009.20170413.AMBSP.N","Amblyomma sp.","AMBSP","genus","Ixodidae",,,,"Amblyomma",,"sp.",,,,"GSU_tickIdentification_SOP_2016-11-01.pdf",,"Nymph",2,"OK","90% ethanol","USNMENT01358302","ORNL_009.20170413.AMB.N","Guy Hobbs","Georgia Southern University",
"41c83aeb-218a-4249-9b47-c8832d83a4ab","ORNL_008.tickPlot.tck","ORNL_008","2017-04-13T15:01Z","2017-12-21T17:00Z","ORNL_008.20170413","ORNL_008.20170413.AMBAME.M","Amblyomma americanum","AMBAME","species","Ixodidae",,,,"Amblyomma",,"americanum",,,"Cooley, R. A. and G. M. Kohls. 1944. The genus Amblyomma (ixodidae) in the United States. The Journal of Parasitology, 30(2):77-111.","GSU_tickIdentification_SOP_2016-11-01.pdf","Linnaeus","Male",1,"OK","90% ethanol","USNMENT01358303","ORNL_008.20170413.AMBAME.M","Lorenza Beati","Georgia Southern University",
"e2543ee5-1352-45e2-8eb3-9d5f83e10e0f","ORNL_003.tickPlot.tck","ORNL_003","2017-04-13T15:20Z","2017-12-21T17:00Z","ORNL_003.20170413","ORNL_003.20170413.AMBAME.F","Amblyomma americanum","AMBAME","species","Ixodidae",,,,"Amblyomma",,"americanum",,,"Cooley, R. A. and G. M. Kohls. 1944. The genus Amblyomma (ixodidae) in the United States. The Journal of Parasitology, 30(2):77-111.","GSU_tickIdentification_SOP_2016-11-01.pdf","Linnaeus","Female",1,"OK","90% ethanol","USNMENT01358304","ORNL_003.20170413.AMBAME.F","Lorenza Beati","Georgia Southern University","TO PAULA"
"6553e6e1-0162-4113-ba1c-80c88e10e612","ORNL_003.tickPlot.tck","ORNL_003","2017-04-13T15:20Z","2017-12-21T17:00Z","ORNL_003.20170413","ORNL_003.20170413.AMBAME.N","Amblyomma americanum","AMBAME","species","Ixodidae",,,,"Amblyomma",,"americanum",,,"Cooley, R. A. and G. M. Kohls. 1944. The genus Amblyomma (ixodidae) in the United States. The Journal of Parasitology, 30(2):77-111.","GSU_tickIdentification_SOP_2016-11-01.pdf","Linnaeus","Nymph",1,"OK","90% ethanol","USNMENT01358305","ORNL_003.20170413.AMBAME.N","Lorenza Beati","Georgia Southern University","NOT SURE whether there was another vial with same number?"
"4b24b2e0-9703-4cfb-816e-b35d62c6e0cd","ORNL_007.tickPlot.tck","ORNL_007","2017-04-13T16:05Z","2017-12-21T17:00Z","ORNL_007.20170413","ORNL_007.20170413.IXOSCA.N","Ixodes scapularis","IXOSCA","species","Ixodidae",,,,"Ixodes",,"scapularis",,,"Cooley, R. A. and G. M. Kohls. 1945. The genus Ixodes in North America. National Institute of Health Bulletin, 184.","GSU_tickIdentification_SOP_2016-11-01.pdf","Say","Nymph",1,"OK","90% ethanol","USNMENT01358307","ORNL_007.20170413.IXOSCA.N","Lorenza Beati","Georgia Southern University",
"31643573-5344-4c6c-8dee-be112a94567a","ORNL_007.tickPlot.tck","ORNL_007","2017-04-13T16:05Z","2017-12-21T17:00Z","ORNL_007.20170413","ORNL_007.20170413.AMBAME.N","Amblyomma americanum","AMBAME","species","Ixodidae",,,,"Amblyomma",,"americanum",,,"Cooley, R. A. and G. M. Kohls. 1944. The genus Amblyomma (ixodidae) in the United States. The Journal of Parasitology, 30(2):77-111.","GSU_tickIdentification_SOP_2016-11-01.pdf","Linnaeus","Nymph",6,"OK","90% ethanol","USNMENT01358306","ORNL_007.20170413.AMBAME.N","Lorenza Beati","Georgia Southern University",
