uid,namedLocation,domainID,siteID,plotID,plotType,nlcdClass,decimalLatitude,decimalLongitude,geodeticDatum,coordinateUncertainty,elevation,elevationUncertainty,collectDate,eventID,sampleID,sampleCode,samplingMethod,totalSampledArea,targetTaxaPresent,adultCount,nymphCount,larvaCount,sampleCondition,samplingProtocolVersion,measuredBy,remarks
"476272c7-2082-4101-ac1c-ab456f67e547","ORNL_002.tickPlot.tck","D07","ORNL","ORNL_002","distributed","deciduousForest",35.983090,-84.211654,"WGS84",20.3,338.6,0.5,"2017-04-13T13:05Z","ORNL.2017.15",,,"drag and flag",160,"N",0,0,0,"No known compromise","NEON.DOC.014045vG","ntMKYxYUttiqg+M2We4SbKWIfDoMDecaAZhfwjEr5Eo=",
"a37973b1-6547-469c-a8ed-185df73a3c7b","ORNL_040.tickPlot.tck","D07","ORNL","ORNL_040","distributed","evergreenForest",35.975525,-84.305103,"WGS84",20.2,273.2,0.2,"2017-04-13T13:43Z","ORNL.2017.15","ORNL_040.20170413",,"drag",163,"Y",1,10,0,"No known compromise","NEON.DOC.014045vG","W+a35C/f5OeEFcA0E/vzcw1iit76HEIMhVdqeL6jdEY=",
"8f107b28-eac9-47f6-b830-d3916ae3abc3","ORNL_009.tickPlot.tck","D07","ORNL","ORNL_009","distributed","deciduousForest",35.974902,-84.226630,"WGS84",20.2,337.1,0.2,"2017-04-13T14:15Z","ORNL.2017.15","ORNL_009.20170413",,"drag",165,"Y",1,2,0,"No known compromise","NEON.DOC.014045vG","8y2nCljUmhTZCDMmuiKC/MkPK73nDL+eImQBYOvqCbk=",
"c79c74fe-8032-429e-9f3a-a37383bf6291","ORNL_008.tickPlot.tck","D07","ORNL","ORNL_008","distributed","deciduousForest",35.933531,-84.334016,"WGS84",20.3,322.7,0.3,"2017-04-13T15:01Z","ORNL.2017.15","ORNL_008.20170413",,"drag and flag",160,"Y",1,0,0,"No known compromise","NEON.DOC.014045vG","o8zDrSGfNRHXTwkNXPAdRAjPrJVp6LTtS+vSpO9tqxI=",
"19ef0742-c389-42b3-8350-3a4f8ceba25b","ORNL_003.tickPlot.tck","D07","ORNL","ORNL_003","distributed","deciduousForest",35.967011,-84.229849,"WGS84",20.2,275.5,0.2,"2017-04-13T15:20Z","ORNL.2017.15","ORNL_003.20170413",,"drag and flag",160,"Y",1,1,0,"No known compromise","NEON.DOC.014045vG","ntMKYxYUttiqg+M2We4SbKWIfDoMDecaAZhfwjEr5Eo=",
"1aff17b6-57c7-4041-ae34-3c2176bda8c8","ORNL_007.tickPlot.tck","D07","ORNL","ORNL_007","distributed","deciduousForest",35.925843,-84.328420,"WGS84",20.2,279.4,0.5,"2017-04-13T16:05Z","ORNL.2017.15","ORNL_007.20170413",,"drag and flag",160,"Y",0,7,0,"No known compromise","NEON.DOC.014045vG","o8zDrSGfNRHXTwkNXPAdRAjPrJVp6LTtS+vSpO9tqxI=",
