uid,namedLocation,domainID,siteID,plotID,plotType,nlcdClass,decimalLatitude,decimalLongitude,geodeticDatum,coordinateUncertainty,elevation,elevationUncertainty,collectDate,eventID,sampleID,sampleCode,samplingMethod,totalSampledArea,targetTaxaPresent,adultCount,nymphCount,larvaCount,sampleCondition,samplingProtocolVersion,measuredBy,remarks
"eb910f15-8b0f-475a-ba8e-841a3a302485","UKFS_001.tickPlot.tck","D06","UKFS","UKFS_001","distributed","deciduousForest",39.037238,-95.198631,"WGS84",20.1,322.7,0.1,"2015-08-19T14:25Z","UKFS.2015.33","UKFS_001.20150819",,"drag and flag",160,"Y",0,63,23,"No known compromise","NEON.DOC.014045vF","/sVzRO01Fu+91IQNMsKeUEFazyktd0rY",
"2f3f451d-6651-47ae-8205-b11730115188","UKFS_030.tickPlot.tck","D06","UKFS","UKFS_030","distributed","grasslandHerbaceous",39.045115,-95.213433,"WGS84",20.1,321.9,0.1,"2015-08-19T15:50Z","UKFS.2015.33",,,"drag",160,"N",0,0,,,"NEON.DOC.014045vF","/sVzRO01Fu+91IQNMsKeUEFazyktd0rY",
"9141c3bb-9618-4012-9fc1-d49f510e7b13","UKFS_002.tickPlot.tck","D06","UKFS","UKFS_002","distributed","deciduousForest",39.045892,-95.207026,"WGS84",20.1,316.0,0.2,"2015-08-19T16:20Z","UKFS.2015.33","UKFS_002.20150819",,"drag and flag",160,"Y",0,3,,"No known compromise","NEON.DOC.014045vF","77todYjt/jkEGWUHO3SI0BRlGpUHn9Xh",
"cd104f8c-dee8-480b-82dd-3f70cbe2b660","UKFS_004.tickPlot.tck","D06","UKFS","UKFS_004","distributed","deciduousForest",39.043188,-95.201000,"WGS84",20.1,320.0,0.2,"2015-08-19T17:15Z","UKFS.2015.33","UKFS_004.20150819",,"drag and flag",160,"Y",1,13,106,"No known compromise","NEON.DOC.014045vF","77todYjt/jkEGWUHO3SI0BRlGpUHn9Xh",
"fab7d931-93ea-4d28-a445-e4eebbdf1733","UKFS_018.tickPlot.tck","D06","UKFS","UKFS_018","distributed","grasslandHerbaceous",39.053205,-95.194659,"WGS84",20.1,325.8,0.1,"2015-08-19T18:45Z","UKFS.2015.33",,,"drag",160,"N",0,0,,,"NEON.DOC.014045vF","4ap3oWa44i+OU41AqpNxZie9h1zLMZD/",
"87064949-e38e-43a6-b015-f914ca6b04e8","UKFS_003.tickPlot.tck","D06","UKFS","UKFS_003","distributed","deciduousForest",39.053769,-95.187084,"WGS84",20.1,323.1,0.1,"2015-08-19T19:22Z","UKFS.2015.33","UKFS_003.20150819",,"drag and flag",170,"Y",0,9,317,"No known compromise","NEON.DOC.014045vF","4ap3oWa44i+OU41AqpNxZie9h1zLMZD/",
