uid,namedLocation,domainID,siteID,plotID,plotType,nlcdClass,decimalLatitude,decimalLongitude,geodeticDatum,coordinateUncertainty,elevation,elevationUncertainty,collectDate,eventID,sampleID,sampleCode,samplingMethod,totalSampledArea,targetTaxaPresent,adultCount,nymphCount,larvaCount,sampleCondition,samplingProtocolVersion,measuredBy,remarks
"062136bb-81ad-415a-8bde-4a7997e41285","KONZ_002.tickPlot.tck","D06","KONZ","KONZ_002","distributed","grasslandHerbaceous",39.118977,-96.547146,"WGS84",20.0,394.4,0.0,"2018-09-14T13:34Z","KONZ.2018.37",,,"drag and flag",160,"N",0,0,0,,"NEON.DOC.014045vJ","9ya+8ESO78bjLXGzD+nV7nftVEBW+hSh1N8qvgzBSi0=",
"d7ef9bb9-febd-4f1c-8b22-918c45e708e3","KONZ_004.tickPlot.tck","D06","KONZ","KONZ_004","distributed","grasslandHerbaceous",39.109647,-96.551370,"WGS84",20.0,371.9,0.0,"2018-09-14T14:12Z","KONZ.2018.37",,,"drag",160,"N",0,0,0,,"NEON.DOC.014045vJ","9ya+8ESO78bjLXGzD+nV7nftVEBW+hSh1N8qvgzBSi0=",
"c799033c-d779-431f-a268-3dcd06475829","KONZ_007.tickPlot.tck","D06","KONZ","KONZ_007","distributed","grasslandHerbaceous",39.087937,-96.545919,"WGS84",20.1,434.0,0.1,"2018-09-14T14:52Z","KONZ.2018.37",,,"drag and flag",160,"N",0,0,0,,"NEON.DOC.014045vJ","9ya+8ESO78bjLXGzD+nV7nftVEBW+hSh1N8qvgzBSi0=",
"2b4dbfe2-ab1d-408e-a296-ff31ed76b301","KONZ_001.tickPlot.tck","D06","KONZ","KONZ_001","distributed","grasslandHerbaceous",39.074114,-96.557107,"WGS84",20.0,423.7,0.0,"2018-09-14T15:26Z","KONZ.2018.37","KONZ_001.20180914","B00000016466","drag",160,"Y",1,0,0,"No known compromise","NEON.DOC.014045vJ","9ya+8ESO78bjLXGzD+nV7nftVEBW+hSh1N8qvgzBSi0=",
"ec92255d-fd26-4980-9436-b6cc1d9e5431","KONZ_025.tickPlot.tck","D06","KONZ","KONZ_025","distributed","deciduousForest",39.103714,-96.597832,"WGS84",20.1,337.3,0.1,"2018-09-14T16:11Z","KONZ.2018.37","KONZ_025.20180914","B00000016465","drag",160,"Y",0,2,2355,"No known compromise","NEON.DOC.014045vJ","9ya+8ESO78bjLXGzD+nV7nftVEBW+hSh1N8qvgzBSi0=",
"8e386e35-74d3-4126-91b8-fa83ed5b9420","KONZ_009.tickPlot.tck","D06","KONZ","KONZ_009","distributed","grasslandHerbaceous",39.107902,-96.584438,"WGS84",20.1,391.9,0.1,"2018-09-14T17:51Z","KONZ.2018.37","KONZ_009.20180914","B00000016505","drag",160,"Y",0,1,4,"No known compromise","NEON.DOC.014045vJ","9ya+8ESO78bjLXGzD+nV7nftVEBW+hSh1N8qvgzBSi0=",
