uid,namedLocation,domainID,siteID,plotID,plotType,nlcdClass,decimalLatitude,decimalLongitude,geodeticDatum,coordinateUncertainty,elevation,elevationUncertainty,collectDate,eventID,sampleID,sampleCode,samplingMethod,totalSampledArea,targetTaxaPresent,adultCount,nymphCount,larvaCount,sampleCondition,samplingProtocolVersion,measuredBy,remarks
"b45126f5-0e7a-4580-9672-f333be0b0d00","UNDE_013.tickPlot.tck","D05","UNDE","UNDE_013","distributed","deciduousForest",46.227776,-89.535166,"WGS84",20.2,510.3,0.3,"2016-06-20T14:02Z","UNDE.2016.25",,,"drag and flag",161,"N",0,0,0,"No known compromise","NEON.DOC.014045vG","ivTX0o97qsvQmuujGuWrKq4nHA2L9cNp",
"8d30452d-b4ca-43b9-9967-789a6856f49b","UNDE_002.tickPlot.tck","D05","UNDE","UNDE_002","distributed","woodyWetlands",46.242285,-89.543255,"WGS84",20.3,506.2,0.4,"2016-06-20T14:56Z","UNDE.2016.25",,,"drag and flag",156,"N",0,0,0,"No known compromise","NEON.DOC.014045vG","PjfLww5oXrAQngYk4wg4E42w2wotfuRI",
"85e9ba8e-25b9-45db-a45b-a8eea6b7c789","UNDE_999.tickPlot.tck","D05","UNDE","UNDE_999","distributed","woodyWetlands",46.256243,-89.534200,"WGS84",20.2,507.1,0.3,"2016-06-20T16:04Z","UNDE.2016.25","UNDE_999.20160620",,"flag",152,"Y",1,0,0,"No known compromise","NEON.DOC.014045vG","ivTX0o97qsvQmuujGuWrKq4nHA2L9cNp",
"8aaa5657-c753-4354-b31f-ed738916ddce","UNDE_019.tickPlot.tck","D05","UNDE","UNDE_019","distributed","deciduousForest",46.257425,-89.542054,"WGS84",20.2,519.0,0.2,"2016-06-20T17:29Z","UNDE.2016.25","UNDE_019.20160620",,"flag",160,"Y",0,1,0,"No known compromise","NEON.DOC.014045vG","PjfLww5oXrAQngYk4wg4E42w2wotfuRI",
"8c36c891-a2ba-4fbe-ae91-12ea55470454","UNDE_017.tickPlot.tck","D05","UNDE","UNDE_017","distributed","mixedForest",46.236736,-89.497054,"WGS84",20.1,518.8,0.2,"2016-06-20T18:50Z","UNDE.2016.25",,,"drag and flag",161,"N",0,0,0,"No known compromise","NEON.DOC.014045vG","ivTX0o97qsvQmuujGuWrKq4nHA2L9cNp",
"85000827-398b-42b8-87ef-876c9d02dead","UNDE_011.tickPlot.tck","D05","UNDE","UNDE_011","distributed","woodyWetlands",46.213935,-89.505950,"WGS84",20.3,507.7,0.4,"2016-06-20T19:56Z","UNDE.2016.25",,,"drag and flag",121,"N",0,0,0,"No known compromise","NEON.DOC.014045vG","PjfLww5oXrAQngYk4wg4E42w2wotfuRI",
