uid,namedLocation,domainID,siteID,plotID,plotType,nlcdClass,decimalLatitude,decimalLongitude,geodeticDatum,coordinateUncertainty,elevation,elevationUncertainty,collectDate,eventID,sampleID,sampleCode,samplingMethod,totalSampledArea,targetTaxaPresent,adultCount,nymphCount,larvaCount,sampleCondition,samplingProtocolVersion,measuredBy,remarks
"d8435a04-5ceb-4385-ab62-f539b73e6c1f","SERC_001.tickPlot.tck","D02","SERC","SERC_001","distributed","deciduousForest",38.868186,-76.535306,"WGS84",20.2,2.1,0.2,"2017-09-05T14:51Z","SERC.2017.37","SERC_001.20170905",,"drag",162,"Y",0,3,249,"No known compromise","NEON.DOC.014045vH","/AhbGCCF27wHz9TggrmS1nLN8zUO+zcB",
"863ef8e6-1425-4ccf-9db1-58d8a03cf2cf","SERC_023.tickPlot.tck","D02","SERC","SERC_023","distributed","cultivatedCrops",38.873978,-76.535925,"WGS84",20.1,6.7,0.1,"2017-09-05T16:21Z","SERC.2017.37",,,"drag",160,"N",0,0,0,"No known compromise","NEON.DOC.014045vH","/AhbGCCF27wHz9TggrmS1nLN8zUO+zcB","One larvae collected but likely from SERC_001;tick discarded; soybeans 4-5ft"
"2f33553c-5a41-41f1-8316-9a7aa0378a2a","SERC_012.tickPlot.tck","D02","SERC","SERC_012","distributed","deciduousForest",38.880010,-76.561648,"WGS84",20.2,20.1,0.2,"2017-09-05T17:24Z","SERC.2017.37","SERC_012.20170905",,"drag",160,"Y",0,5,51,"No known compromise","NEON.DOC.014045vH","/AhbGCCF27wHz9TggrmS1nLN8zUO+zcB",
"f67f4219-6d5e-4d07-b942-7a9eec043fbc","SERC_002.tickPlot.tck","D02","SERC","SERC_002","distributed","deciduousForest",38.896262,-76.558166,"WGS84",20.2,17.0,0.3,"2017-09-05T18:52Z","SERC.2017.37","SERC_002.20170905",,"drag",158,"Y",0,8,332,"No known compromise","NEON.DOC.014045vH","/AhbGCCF27wHz9TggrmS1nLN8zUO+zcB",
"1458cdb9-0c89-442c-8bb7-134bdda7f2e0","SERC_005.tickPlot.tck","D02","SERC","SERC_005","distributed","deciduousForest",38.894060,-76.546307,"WGS84",20.3,8.5,0.5,"2017-09-05T20:30Z","SERC.2017.37","SERC_005.20170905",,"drag",139,"Y",0,4,48,"No known compromise","NEON.DOC.014045vH","/AhbGCCF27wHz9TggrmS1nLN8zUO+zcB",
"7893e5fd-613f-4719-9e77-cb29bdd78b1a","SERC_006.tickPlot.tck","D02","SERC","SERC_006","distributed","deciduousForest",38.880025,-76.548376,"WGS84",20.2,2.6,0.3,"2017-09-05T21:52Z","SERC.2017.37","SERC_006.20170905",,"drag",160,"Y",0,3,7,"No known compromise","NEON.DOC.014045vH","/AhbGCCF27wHz9TggrmS1nLN8zUO+zcB",
"13d8efdf-b217-466f-bace-293204a36805","SERC_006.tickPlot.tck","D02","SERC","SERC_006","distributed","deciduousForest",38.880025,-76.548376,"WGS84",20.2,2.6,0.3,"2017-09-21T17:16Z","SERC.2017.39","SERC_006.20170921",,"drag",164,"Y",0,2,5,"No known compromise","NEON.DOC.014045vH","5KHGCJU8MVi1+7ablrc8J9GceIxGWQkD57A2WbAFRSE=",
"fb32da7a-ec72-49a2-ae10-adb4646e38fa","SERC_012.tickPlot.tck","D02","SERC","SERC_012","distributed","deciduousForest",38.880010,-76.561648,"WGS84",20.2,20.1,0.2,"2017-09-21T21:45Z","SERC.2017.39","SERC_012.20170921",,"drag",160,"Y",0,3,23,"No known compromise","NEON.DOC.014045vH","5KHGCJU8MVi1+7ablrc8J9GceIxGWQkD57A2WbAFRSE=",
"7e123429-ce58-4832-a56e-092499bd7fc1","SERC_005.tickPlot.tck","D02","SERC","SERC_005","distributed","deciduousForest",38.894060,-76.546307,"WGS84",20.3,8.5,0.5,"2017-09-22T12:40Z","SERC.2017.39","SERC_005.20170922",,"drag",114,"Y",0,1,8,"No known compromise","NEON.DOC.014045vH","5KHGCJU8MVi1+7ablrc8J9GceIxGWQkD57A2WbAFRSE=",
"1448376a-b372-4f38-93c9-644832379f3b","SERC_023.tickPlot.tck","D02","SERC","SERC_023","distributed","cultivatedCrops",38.873978,-76.535925,"WGS84",20.1,6.7,0.1,"2017-09-26T14:20Z","SERC.2017.40",,,"drag",160,"N",0,0,0,"No known compromise","NEON.DOC.014045vH","65MrXCKZ6BZHMIpBwLFSzI3B2iyqckQKC2QVdjxfI44=",
"0bef037c-0996-4eb6-8f28-7f1ee3e6d9b9","SERC_001.tickPlot.tck","D02","SERC","SERC_001","distributed","deciduousForest",38.868186,-76.535306,"WGS84",20.2,2.1,0.2,"2017-09-26T14:54Z","SERC.2017.40","SERC_001.20170926",,"drag",162,"Y",0,1,44,"No known compromise","NEON.DOC.014045vH","65MrXCKZ6BZHMIpBwLFSzI3B2iyqckQKC2QVdjxfI44=",
"3b6443e4-98d1-40f6-92c4-c5c05d0c53aa","SERC_002.tickPlot.tck","D02","SERC","SERC_002","distributed","deciduousForest",38.896262,-76.558166,"WGS84",20.2,17.0,0.3,"2017-09-26T16:55Z","SERC.2017.40","SERC_002.20170926",,"drag",150,"Y",0,2,503,"No known compromise","NEON.DOC.014045vH","ena7GLJui5s1h8moQAQPw3Qj2+mVdivS",
