uid,namedLocation,domainID,siteID,plotID,plotType,nlcdClass,decimalLatitude,decimalLongitude,geodeticDatum,coordinateUncertainty,elevation,elevationUncertainty,collectDate,eventID,sampleID,sampleCode,samplingMethod,totalSampledArea,targetTaxaPresent,adultCount,nymphCount,larvaCount,sampleCondition,samplingProtocolVersion,measuredBy,remarks
"1466ffcf-a324-422a-a406-cb840801ba51","TREE_019.tickPlot.tck","D05","TREE","TREE_019","distributed","mixedForest",45.494788,-89.575812,"WGS84",20.3,466.2,0.5,"2017-07-03T15:03Z","TREE.2017.28","TREE_019.20170703",,"drag and flag",160,"Y",2,11,167,"No known compromise","NEON.DOC.014045vH","wk4JgrKBAQOS7vHUr1IuL6Y+Safneo7GcsG8sSgcnaM=",
"9e4f6eeb-803f-4201-8134-c348e1f5adc6","TREE_022.tickPlot.tck","D05","TREE","TREE_022","distributed","evergreenForest",45.494513,-89.551239,"WGS84",20.2,458.4,0.2,"2017-07-03T15:09Z","TREE.2017.28","TREE_022.20170703",,"drag and flag",160,"Y",3,6,0,"No known compromise","NEON.DOC.014045vH","WXmC7HijdM2NsP75v+4sQyVqwIMmMBb8",
"76be5e02-ee3b-456a-a857-6aac7b6ce58d","TREE_015.tickPlot.tck","D05","TREE","TREE_015","distributed","mixedForest",45.485626,-89.554320,"WGS84",20.3,462.1,0.6,"2017-07-03T16:30Z","TREE.2017.28","TREE_015.20170703",,"flag",160,"Y",2,3,36,"No known compromise","NEON.DOC.014045vH","B3+A7PSCzYQNuvhFZNKc8WSB7xvTYEqkan9IJpMz8To=",
"53493b1a-16a7-4677-a654-e525732143fa","TREE_017.tickPlot.tck","D05","TREE","TREE_017","distributed","deciduousForest",45.493376,-89.575729,"WGS84",20.1,466.2,0.2,"2017-07-03T16:40Z","TREE.2017.28","TREE_017.20170703",,"drag and flag",162,"Y",1,10,60,"Other (described in remarks)","NEON.DOC.014045vH","wk4JgrKBAQOS7vHUr1IuL6Y+Safneo7GcsG8sSgcnaM=","Dropped vial in field several timescale"
"4d30f5f2-4776-4ff0-a12b-13f282d196fb","TREE_007.tickPlot.tck","D05","TREE","TREE_007","distributed","deciduousForest",45.496399,-89.559231,"WGS84",20.2,461.3,0.3,"2017-07-03T18:02Z","TREE.2017.28","TREE_007.20170703",,"drag and flag",160,"Y",1,8,20,"No known compromise","NEON.DOC.014045vH","WXmC7HijdM2NsP75v+4sQyVqwIMmMBb8",
"1f1e3c24-8fab-473f-b1aa-478797709a3f","TREE_005.tickPlot.tck","D05","TREE","TREE_005","distributed","woodyWetlands",45.482307,-89.557299,"WGS84",20.1,447.6,0.2,"2017-07-03T18:25Z","TREE.2017.28","TREE_005.20170703",,"drag and flag",140,"Y",1,0,1,"No known compromise","NEON.DOC.014045vH","wk4JgrKBAQOS7vHUr1IuL6Y+Safneo7GcsG8sSgcnaM=",
"94e9b193-3170-4554-8665-4d0fc9fc81a3","TREE_019.tickPlot.tck","D05","TREE","TREE_019","distributed","mixedForest",45.494788,-89.575812,"WGS84",20.3,466.2,0.5,"2017-07-24T15:08Z","TREE.2017.31","TREE_019.20170724",,"drag and flag",161,"Y",1,9,154,"No known compromise","NEON.DOC.014045vH","ZHEXkzpmequ8bHP4OIc5Sa2i4D1lg2hhgarnFdYG4TU=",
"8a783bf9-0363-4b94-a06c-11b99be8d85e","TREE_005.tickPlot.tck","D05","TREE","TREE_005","distributed","woodyWetlands",45.482307,-89.557299,"WGS84",20.1,447.6,0.2,"2017-07-24T15:33Z","TREE.2017.31",,,"drag and flag",159,"N",0,0,0,,"NEON.DOC.014045vH","U7RagQbUX4u+dLtUkT/w+eKoYvmR7sAlnCu38Rw8Rm0=",
"92b448e9-4500-4187-9015-54c53b67bf6e","TREE_015.tickPlot.tck","D05","TREE","TREE_015","distributed","mixedForest",45.485626,-89.554320,"WGS84",20.3,462.1,0.6,"2017-07-24T17:13Z","TREE.2017.31",,,"drag and flag",160,"N",0,0,0,,"NEON.DOC.014045vH","U7RagQbUX4u+dLtUkT/w+eKoYvmR7sAlnCu38Rw8Rm0=",
"7ad8f210-f046-487d-92aa-995de5a20e99","TREE_017.tickPlot.tck","D05","TREE","TREE_017","distributed","deciduousForest",45.493376,-89.575729,"WGS84",20.1,466.2,0.2,"2017-07-24T17:17Z","TREE.2017.31","TREE_017.20170724",,"drag and flag",160,"Y",1,13,70,"No known compromise","NEON.DOC.014045vH","ZHEXkzpmequ8bHP4OIc5Sa2i4D1lg2hhgarnFdYG4TU=",
"7f24c1dd-8eb1-4bd9-8d0f-688adde42202","TREE_022.tickPlot.tck","D05","TREE","TREE_022","distributed","evergreenForest",45.494513,-89.551239,"WGS84",20.2,458.4,0.2,"2017-07-24T17:53Z","TREE.2017.31","TREE_022.20170724",,"drag and flag",154,"Y",0,1,0,"No known compromise","NEON.DOC.014045vH","ARejzCBrb6CRpGj0oWJ3lcNFFJLhhdyHL/qtSIEd/o0=",
"8816eb7e-4776-4509-b52c-a31177a3538c","TREE_007.tickPlot.tck","D05","TREE","TREE_007","distributed","deciduousForest",45.496399,-89.559231,"WGS84",20.2,461.3,0.3,"2017-07-24T18:58Z","TREE.2017.31","TREE_007.20170724",,"drag and flag",160,"Y",0,4,4,"No known compromise","NEON.DOC.014045vH","ARejzCBrb6CRpGj0oWJ3lcNFFJLhhdyHL/qtSIEd/o0=",
