uid,namedLocation,plotID,collectDate,identifiedDate,sampleID,subsampleID,scientificName,acceptedTaxonID,taxonRank,family,subfamily,tribe,subtribe,genus,subgenus,specificEpithet,infraspecificEpithet,identificationQualifier,identificationReferences,identificationProtocolVersion,scientificNameAuthorship,sexOrAge,individualCount,sampleCondition,archiveMedium,archiveFacilityID,deprecatedVialID,identifiedBy,laboratoryName,remarks
"6db1e517-b1ec-45ba-ab2b-28ef89805647","TREE_019.tickPlot.tck","TREE_019","2017-07-03T15:03Z","2018-03-10T17:00Z","TREE_019.20170703","TREE_019.20170703.IXOSCA.N","Ixodes scapularis","IXOSCA","species","Ixodidae",,,,"Ixodes",,"scapularis",,,"Cooley, R. A. and G. M. Kohls. 1945. The genus Ixodes in North America. National Institute of Health Bulletin, 184.","GSU_tickIdentification_SOP_2016-11-01.pdf","Say","Nymph",9,"OK","90% ethanol","USNMENT01430107","TREE_019.20170703.IXOSCA.N","Lorenza Beati","Georgia Southern University",
"cd910e76-2d27-47ce-b621-000eb5065fc8","TREE_019.tickPlot.tck","TREE_019","2017-07-03T15:03Z","2018-03-11T16:00Z","TREE_019.20170703","TREE_019.20170703.DERVAR.M","Dermacentor variabilis","DERVAR","species","Ixodidae",,,,"Dermacentor",,"variabilis",,,"Yunker, C. E., Keirans, J. E., Clifford, C. M., and E. R. Easton. 1986. Dermacentor ticks (Acari: Ixodoidea: Ixodidae) of the New World: a scanning electron microscope atlas. Proceedings of the Entomological Society of Washington, 88(4):609-627.","GSU_tickIdentification_SOP_2016-11-01.pdf","Say","Male",1,"OK","90% ethanol","USNMENT01430146","TREE_019.20170703.DERVAR.M","Lorenza Beati","Georgia Southern University",
"1ebc0a22-7004-4476-ac0b-87fa5722a964","TREE_019.tickPlot.tck","TREE_019","2017-07-03T15:03Z","2018-03-10T17:00Z","TREE_019.20170703","TREE_019.20170703.IXOSP.L","Ixodidae sp.","IXOSP","family","Ixodidae",,,,,,"sp.",,,,"GSU_tickIdentification_SOP_2016-11-01.pdf",,"Larva",1,"OK","90% ethanol","USNMENT01430112","TREE_019.20170703.L","Lorenza Beati","Georgia Southern University","one mite discarded"
"034ee0b4-e653-4b0f-8f43-7e3e523bc122","TREE_019.tickPlot.tck","TREE_019","2017-07-03T15:03Z","2018-03-10T17:00Z","TREE_019.20170703","TREE_019.20170703.DERVAR.F","Dermacentor variabilis","DERVAR","species","Ixodidae",,,,"Dermacentor",,"variabilis",,,"Yunker, C. E., Keirans, J. E., Clifford, C. M., and E. R. Easton. 1986. Dermacentor ticks (Acari: Ixodoidea: Ixodidae) of the New World: a scanning electron microscope atlas. Proceedings of the Entomological Society of Washington, 88(4):609-627.","GSU_tickIdentification_SOP_2016-11-01.pdf","Say","Female",1,"OK","90% ethanol","USNMENT01430151","TREE_019.20170703.DERVAR.F","Lorenza Beati","Georgia Southern University",
"c2a8da5f-2e7b-4e14-9d05-81c02375a627","TREE_022.tickPlot.tck","TREE_022","2017-07-03T15:09Z","2018-03-10T17:00Z","TREE_022.20170703","TREE_022.20170703.IXOSCA.N","Ixodes scapularis","IXOSCA","species","Ixodidae",,,,"Ixodes",,"scapularis",,,"Cooley, R. A. and G. M. Kohls. 1945. The genus Ixodes in North America. National Institute of Health Bulletin, 184.","GSU_tickIdentification_SOP_2016-11-01.pdf","Say","Nymph",6,"OK","90% ethanol","USNMENT01430166","TREE_022.20170703.IXOSCA.N","Lorenza Beati","Georgia Southern University",
"a1188d06-29b3-4433-a44f-76afaf027e79","TREE_022.tickPlot.tck","TREE_022","2017-07-03T15:09Z","2018-03-10T17:00Z","TREE_022.20170703","TREE_022.20170703.IXOSCA.F","Ixodes scapularis","IXOSCA","species","Ixodidae",,,,"Ixodes",,"scapularis",,,"Cooley, R. A. and G. M. Kohls. 1945. The genus Ixodes in North America. National Institute of Health Bulletin, 184.","GSU_tickIdentification_SOP_2016-11-01.pdf","Say","Female",1,"OK","90% ethanol","USNMENT01430171","TREE_022.20170703.IXOSCA.F","Lorenza Beati","Georgia Southern University",
"c10dc5c7-c1dd-4f63-9d95-116bd8e8dc17","TREE_022.tickPlot.tck","TREE_022","2017-07-03T15:09Z","2018-03-10T17:00Z","TREE_022.20170703","TREE_022.20170703.DERVAR.M","Dermacentor variabilis","DERVAR","species","Ixodidae",,,,"Dermacentor",,"variabilis",,,"Yunker, C. E., Keirans, J. E., Clifford, C. M., and E. R. Easton. 1986. Dermacentor ticks (Acari: Ixodoidea: Ixodidae) of the New World: a scanning electron microscope atlas. Proceedings of the Entomological Society of Washington, 88(4):609-627.","GSU_tickIdentification_SOP_2016-11-01.pdf","Say","Male",2,"OK","90% ethanol","USNMENT01430176","TREE_022.20170703.DERVAR.M","Lorenza Beati","Georgia Southern University",
"9655fe2c-b366-4400-af5e-248577d9a024","TREE_015.tickPlot.tck","TREE_015","2017-07-03T16:30Z","2018-03-11T16:00Z","TREE_015.20170703","TREE_015.20170703.IXOSP.L","Ixodidae sp.","IXOSP","family","Ixodidae",,,,,,"sp.",,,,"GSU_tickIdentification_SOP_2016-11-01.pdf",,"Larva",1,"OK","90% ethanol","USNMENT01430121","TREE_015.20170703.L","Lorenza Beati","Georgia Southern University",
"3e2158d2-6b2f-4350-b9bb-915c004b6f12","TREE_015.tickPlot.tck","TREE_015","2017-07-03T16:30Z","2018-03-11T16:00Z","TREE_015.20170703","TREE_015.20170703.IXOSCA.M","Ixodes scapularis","IXOSCA","species","Ixodidae",,,,"Ixodes",,"scapularis",,,"Cooley, R. A. and G. M. Kohls. 1945. The genus Ixodes in North America. National Institute of Health Bulletin, 184.","GSU_tickIdentification_SOP_2016-11-01.pdf","Say","Male",1,"OK","90% ethanol","USNMENT01430111","TREE_015.20170703.IXOSCA.M","Lorenza Beati","Georgia Southern University",
"69259c57-9c30-469e-9559-a68899d778df","TREE_015.tickPlot.tck","TREE_015","2017-07-03T16:30Z","2018-03-11T16:00Z","TREE_015.20170703","TREE_015.20170703.DERVAR.M","Dermacentor variabilis","DERVAR","species","Ixodidae",,,,"Dermacentor",,"variabilis",,,"Yunker, C. E., Keirans, J. E., Clifford, C. M., and E. R. Easton. 1986. Dermacentor ticks (Acari: Ixodoidea: Ixodidae) of the New World: a scanning electron microscope atlas. Proceedings of the Entomological Society of Washington, 88(4):609-627.","GSU_tickIdentification_SOP_2016-11-01.pdf","Say","Male",1,"OK","90% ethanol","USNMENT01430116","TREE_015.20170703.DERVAR.M","Lorenza Beati","Georgia Southern University",
"61431009-68aa-4ba4-93a9-ca8e22cbc7e8","TREE_015.tickPlot.tck","TREE_015","2017-07-03T16:30Z","2018-03-11T16:00Z","TREE_015.20170703","TREE_015.20170703.IXOSCA.N","Ixodes scapularis","IXOSCA","species","Ixodidae",,,,"Ixodes",,"scapularis",,,"Cooley, R. A. and G. M. Kohls. 1945. The genus Ixodes in North America. National Institute of Health Bulletin, 184.","GSU_tickIdentification_SOP_2016-11-01.pdf","Say","Nymph",2,"OK","90% ethanol","USNMENT01430106","TREE_015.20170703.IXOSCA.N","Lorenza Beati","Georgia Southern University",
"c801df04-cd51-4d79-87a2-f793036c7fcd","TREE_017.tickPlot.tck","TREE_017","2017-07-03T16:40Z","2018-03-11T16:00Z","TREE_017.20170703","TREE_017.20170703.IXOSP.L","Ixodidae sp.","IXOSP","family","Ixodidae",,,,,,"sp.",,,,"GSU_tickIdentification_SOP_2016-11-01.pdf",,"Larva",1,"OK","90% ethanol","USNMENT01430156","TREE_017.20170703.L","Lorenza Beati","Georgia Southern University",
"c9e3e6ca-53f5-4727-9bf9-318ffb4d98d9","TREE_017.tickPlot.tck","TREE_017","2017-07-03T16:40Z","2018-03-11T16:00Z","TREE_017.20170703","TREE_017.20170703.DERVAR.F","Dermacentor variabilis","DERVAR","species","Ixodidae",,,,"Dermacentor",,"variabilis",,,"Yunker, C. E., Keirans, J. E., Clifford, C. M., and E. R. Easton. 1986. Dermacentor ticks (Acari: Ixodoidea: Ixodidae) of the New World: a scanning electron microscope atlas. Proceedings of the Entomological Society of Washington, 88(4):609-627.","GSU_tickIdentification_SOP_2016-11-01.pdf","Say","Female",1,"OK","90% ethanol","USNMENT01430161","TREE_017.20170703.DERVAR.F","Lorenza Beati","Georgia Southern University",
"b3a3d504-b5fd-4aaa-aee5-a2cddfdbe034","TREE_017.tickPlot.tck","TREE_017","2017-07-03T16:40Z","2018-03-11T16:00Z","TREE_017.20170703","TREE_017.20170703.IXOSCA.N","Ixodes scapularis","IXOSCA","species","Ixodidae",,,,"Ixodes",,"scapularis",,,"Cooley, R. A. and G. M. Kohls. 1945. The genus Ixodes in North America. National Institute of Health Bulletin, 184.","GSU_tickIdentification_SOP_2016-11-01.pdf","Say","Nymph",8,"OK","90% ethanol","USNMENT01430141","TREE_017.20170703.IXOSCA.N","Lorenza Beati","Georgia Southern University",
"9b97832e-7f9a-4a9a-9556-039dc7ca11b4","TREE_007.tickPlot.tck","TREE_007","2017-07-03T18:02Z","2018-03-11T16:00Z","TREE_007.20170703","TREE_007.20170703.IXOSP.L","Ixodidae sp.","IXOSP","family","Ixodidae",,,,,,"sp.",,,,"GSU_tickIdentification_SOP_2016-11-01.pdf",,"Larva",1,"OK","90% ethanol","USNMENT01430132","TREE_007.20170703.L","Lorenza Beati","Georgia Southern University",
"3111157d-f831-4ad1-bba0-08cdcc4a137d","TREE_007.tickPlot.tck","TREE_007","2017-07-03T18:02Z","2018-03-11T16:00Z","TREE_007.20170703","TREE_007.20170703.IXOSCA.M","Ixodes scapularis","IXOSCA","species","Ixodidae",,,,"Ixodes",,"scapularis",,,"Cooley, R. A. and G. M. Kohls. 1945. The genus Ixodes in North America. National Institute of Health Bulletin, 184.","GSU_tickIdentification_SOP_2016-11-01.pdf","Say","Male",1,"OK","90% ethanol","USNMENT01430127","TREE_007.20170703.IXOSCA.M","Lorenza Beati","Georgia Southern University",
"8832a7ed-6382-4585-acaa-70949b962e06","TREE_007.tickPlot.tck","TREE_007","2017-07-03T18:02Z","2018-03-11T16:00Z","TREE_007.20170703","TREE_007.20170703.IXOSCA.N","Ixodes scapularis","IXOSCA","species","Ixodidae",,,,"Ixodes",,"scapularis",,,"Cooley, R. A. and G. M. Kohls. 1945. The genus Ixodes in North America. National Institute of Health Bulletin, 184.","GSU_tickIdentification_SOP_2016-11-01.pdf","Say","Nymph",7,"OK","90% ethanol","USNMENT01430137","TREE_007.20170703.IXOSCA.N","Lorenza Beati","Georgia Southern University",
"5d7e4d77-d51a-4885-a8f5-3f4a9d003d47","TREE_005.tickPlot.tck","TREE_005","2017-07-03T18:25Z","2018-03-11T16:00Z","TREE_005.20170703","TREE_005.20170703.IXOSP.L","Ixodidae sp.","IXOSP","family","Ixodidae",,,,,,"sp.",,,,"GSU_tickIdentification_SOP_2016-11-01.pdf",,"Larva",1,"OK","90% ethanol","USNMENT01430130","TREE_005.20170703.L","Lorenza Beati","Georgia Southern University",
"bc1dd939-35ed-4bea-a1c6-b3e3dc81fdf2","TREE_005.tickPlot.tck","TREE_005","2017-07-03T18:25Z","2018-03-11T16:00Z","TREE_005.20170703","TREE_005.20170703.DERVAR.F","Dermacentor variabilis","DERVAR","species","Ixodidae",,,,"Dermacentor",,"variabilis",,,"Yunker, C. E., Keirans, J. E., Clifford, C. M., and E. R. Easton. 1986. Dermacentor ticks (Acari: Ixodoidea: Ixodidae) of the New World: a scanning electron microscope atlas. Proceedings of the Entomological Society of Washington, 88(4):609-627.","GSU_tickIdentification_SOP_2016-11-01.pdf","Say","Female",1,"OK","90% ethanol","USNMENT01430125","TREE_005.20170703.DERVAR.F","Lorenza Beati","Georgia Southern University",
"d9aea670-7ada-4b45-9ba8-13369f3ff5b6","TREE_019.tickPlot.tck","TREE_019","2017-07-24T15:08Z","2018-03-10T17:00Z","TREE_019.20170724","TREE_019.20170724.IXOSCA.N","Ixodes scapularis","IXOSCA","species","Ixodidae",,,,"Ixodes",,"scapularis",,,"Cooley, R. A. and G. M. Kohls. 1945. The genus Ixodes in North America. National Institute of Health Bulletin, 184.","GSU_tickIdentification_SOP_2016-11-01.pdf","Say","Nymph",9,"OK","90% ethanol","USNMENT01430147","TREE_019.20170724.IXOSCA.N","Lorenza Beati","Georgia Southern University",
"8855b411-e760-4467-8fb6-d46f4d66b078","TREE_019.tickPlot.tck","TREE_019","2017-07-24T15:08Z","2018-03-10T17:00Z","TREE_019.20170724","TREE_019.20170724.DERVAR.M","Dermacentor variabilis","DERVAR","species","Ixodidae",,,,"Dermacentor",,"variabilis",,,"Yunker, C. E., Keirans, J. E., Clifford, C. M., and E. R. Easton. 1986. Dermacentor ticks (Acari: Ixodoidea: Ixodidae) of the New World: a scanning electron microscope atlas. Proceedings of the Entomological Society of Washington, 88(4):609-627.","GSU_tickIdentification_SOP_2016-11-01.pdf","Say","Male",1,"OK","90% ethanol","USNMENT01430142","TREE_019.20170724.DERVAR.M","Lorenza Beati","Georgia Southern University",
"cb42b234-5098-4930-af1c-15effbc08e8a","TREE_019.tickPlot.tck","TREE_019","2017-07-24T15:08Z","2018-03-10T17:00Z","TREE_019.20170724","TREE_019.20170724.IXOSP.L","Ixodidae sp.","IXOSP","family","Ixodidae",,,,,,"sp.",,,,"GSU_tickIdentification_SOP_2016-11-01.pdf",,"Larva",1,"OK","90% ethanol","USNMENT01430152","TREE_019.20170724.L","Lorenza Beati","Georgia Southern University",
"97c2bdde-7251-49ff-8eed-907495aea22f","TREE_017.tickPlot.tck","TREE_017","2017-07-24T17:17Z","2018-03-11T16:00Z","TREE_017.20170724","TREE_017.20170724.DERVAR.M","Dermacentor variabilis","DERVAR","species","Ixodidae",,,,"Dermacentor",,"variabilis",,,"Yunker, C. E., Keirans, J. E., Clifford, C. M., and E. R. Easton. 1986. Dermacentor ticks (Acari: Ixodoidea: Ixodidae) of the New World: a scanning electron microscope atlas. Proceedings of the Entomological Society of Washington, 88(4):609-627.","GSU_tickIdentification_SOP_2016-11-01.pdf","Say","Male",1,"OK","90% ethanol","USNMENT01430197","TREE_017.20170724.DERVAR.M","Lorenza Beati","Georgia Southern University",
"5d922f49-62a0-4bd7-ad8b-837efeb182bd","TREE_017.tickPlot.tck","TREE_017","2017-07-24T17:17Z","2018-03-11T16:00Z","TREE_017.20170724","TREE_017.20170724.IXOSCA.N","Ixodes scapularis","IXOSCA","species","Ixodidae",,,,"Ixodes",,"scapularis",,,"Cooley, R. A. and G. M. Kohls. 1945. The genus Ixodes in North America. National Institute of Health Bulletin, 184.","GSU_tickIdentification_SOP_2016-11-01.pdf","Say","Nymph",13,"OK","90% ethanol","USNMENT01430108","TREE_017.20170724.IXOSCA.N","Lorenza Beati","Georgia Southern University",
"c8472641-48e0-432c-8e3c-8b81f176f439","TREE_017.tickPlot.tck","TREE_017","2017-07-24T17:17Z","2018-03-11T16:00Z","TREE_017.20170724","TREE_017.20170724.IXOSP.L","Ixodidae sp.","IXOSP","family","Ixodidae",,,,,,"sp.",,,,"GSU_tickIdentification_SOP_2016-11-01.pdf",,"Larva",1,"OK","90% ethanol","USNMENT01430109","TREE_017.20170724.L","Lorenza Beati","Georgia Southern University",
"33328d29-ffdd-4e48-bbf0-f66a58cdb9ae","TREE_022.tickPlot.tck","TREE_022","2017-07-24T17:53Z","2018-03-10T17:00Z","TREE_022.20170724","TREE_022.20170724.IXOSCA.F","Ixodes scapularis","IXOSCA","species","Ixodidae",,,,"Ixodes",,"scapularis",,,"Cooley, R. A. and G. M. Kohls. 1945. The genus Ixodes in North America. National Institute of Health Bulletin, 184.","GSU_tickIdentification_SOP_2016-11-01.pdf","Say","Female",1,"OK","90% ethanol","USNMENT01430191","TREE_022.20170724.IXOSCA.F","Lorenza Beati","Georgia Southern University",
"bf678764-5595-42d4-b074-2ba9ab525a5a","TREE_007.tickPlot.tck","TREE_007","2017-07-24T18:58Z","2018-03-11T16:00Z","TREE_007.20170724","TREE_007.20170724.IXOSP.L","Ixodidae sp.","IXOSP","family","Ixodidae",,,,,,"sp.",,,,"GSU_tickIdentification_SOP_2016-11-01.pdf",,"Larva",1,"OK","90% ethanol","USNMENT01430187","TREE_007.20170724.L","Lorenza Beati","Georgia Southern University",
"5ec8ed62-41f0-4640-a31b-a34dfa2d2c03","TREE_007.tickPlot.tck","TREE_007","2017-07-24T18:58Z","2018-03-11T16:00Z","TREE_007.20170724","TREE_007.20170724.IXOSCA.N","Ixodes scapularis","IXOSCA","species","Ixodidae",,,,"Ixodes",,"scapularis",,,"Cooley, R. A. and G. M. Kohls. 1945. The genus Ixodes in North America. National Institute of Health Bulletin, 184.","GSU_tickIdentification_SOP_2016-11-01.pdf","Say","Nymph",4,"OK","90% ethanol","USNMENT01430192","TREE_007.20170724.IXOSCA.N","Lorenza Beati","Georgia Southern University",
