uid,namedLocation,plotID,collectDate,identifiedDate,sampleID,subsampleID,scientificName,acceptedTaxonID,taxonRank,family,subfamily,tribe,subtribe,genus,subgenus,specificEpithet,infraspecificEpithet,identificationQualifier,identificationReferences,identificationProtocolVersion,scientificNameAuthorship,sexOrAge,individualCount,sampleCondition,archiveMedium,archiveFacilityID,deprecatedVialID,identifiedBy,laboratoryName,remarks
"dce7443f-d330-4d06-9515-49d22d8dfefa","UKFS_003.tickPlot.tck","UKFS_003","2016-10-13T15:05Z","2017-06-27T16:00Z","UKFS_003.20161013","UKFS_003.20161013.IXOSP.L","Ixodidae sp.","IXOSP","family","Ixodidae",,,,,,"sp.",,,,"GSU_tickIdentification_SOP_2016-11-01.pdf",,"Larva",1,"OK","RNA stabilization buffer","USNMENT01358053","UKFS_003.20161013.L","Lorenza Beati","Georgia Southern University","over invoice limit, will not be billed"
"aa1667ea-3a91-4b5f-9a27-120dc5ce9ec9","UKFS_004.tickPlot.tck","UKFS_004","2016-10-13T17:05Z","2017-06-27T16:00Z","UKFS_004.20161013","UKFS_004.20161013.IXOSP.L","Ixodidae sp.","IXOSP","family","Ixodidae",,,,,,"sp.",,,,"GSU_tickIdentification_SOP_2016-11-01.pdf",,"Larva",1,"OK","RNA stabilization buffer","USNMENT01358054","UKFS_004.20161013.L","Lorenza Beati","Georgia Southern University","over invoice limit, will not be billed"
"29c09172-8260-4ba8-8a18-7a82083cb2af","UKFS_002.tickPlot.tck","UKFS_002","2016-10-13T17:54Z","2017-06-27T16:00Z","UKFS_002.20161013","UKFS_002.20161013.IXOSP.L","Ixodidae sp.","IXOSP","family","Ixodidae",,,,,,"sp.",,,,"GSU_tickIdentification_SOP_2016-11-01.pdf",,"Larva",1,"OK","RNA stabilization buffer","USNMENT01358052","UKFS_002.20161013.L","Lorenza Beati","Georgia Southern University","over invoice limit, will not be billed"
"2d842fdb-3fdc-45ce-8a38-5737af0bc2ea","UKFS_001.tickPlot.tck","UKFS_001","2016-10-13T19:38Z","2017-06-27T16:00Z","UKFS_001.20161013","UKFS_001.20161013.IXOSP.L","Ixodidae sp.","IXOSP","family","Ixodidae",,,,,,"sp.",,,,"GSU_tickIdentification_SOP_2016-11-01.pdf",,"Larva",1,"OK","RNA stabilization buffer","USNMENT01358051","UKFS_001.20161013.L","Lorenza Beati","Georgia Southern University","over invoice limit, will not be billed"
"9a063996-8903-4239-b5fb-bc181f7ae330","UKFS_001.tickPlot.tck","UKFS_001","2016-10-13T19:38Z","2017-06-27T16:00Z","UKFS_001.20161013","UKFS_001.20161013.AMBAME.N","Amblyomma americanum","AMBAME","species","Ixodidae",,,,"Amblyomma",,"americanum",,,"Cooley, R. A. and G. M. Kohls. 1944. The genus Amblyomma (ixodidae) in the United States. The Journal of Parasitology, 30(2):77-111.","GSU_tickIdentification_SOP_2016-11-01.pdf","Linnaeus","Nymph",1,"OK","RNA stabilization buffer","USNMENT01358050","UKFS_001.20161013.AMBAME.N","Lorenza Beati","Georgia Southern University",
"894cb61e-9ced-4e4d-a017-38d96b5ed174","UKFS_004.tickPlot.tck","UKFS_004","2016-10-27T14:20Z","2017-05-19T16:00Z","UKFS_004.20161027","UKFS_004.20161027.IXOSP.L","Ixodidae sp.","IXOSP","family","Ixodidae",,,,,,"sp.",,,,"GSU_tickIdentification_SOP_2016-11-01.pdf",,"Larva",1,"OK","RNA stabilization buffer","USNMENT01358066","UKFS_004.20161027.L","Lorenza Beati","Georgia Southern University","over invoice limit, will not be billed"
"635f9f62-0fca-4f29-91bb-901ac71c6f00","UKFS_002.tickPlot.tck","UKFS_002","2016-10-27T15:23Z","2017-05-19T16:00Z","UKFS_002.20161027","UKFS_002.20161027.IXOSP.L","Ixodidae sp.","IXOSP","family","Ixodidae",,,,,,"sp.",,,,"GSU_tickIdentification_SOP_2016-11-01.pdf",,"Larva",1,"OK","RNA stabilization buffer","USNMENT01358065","UKFS_002.20161027.L","Lorenza Beati","Georgia Southern University","over invoice limit, will not be billed"
"7bbde93b-e462-4d3b-8acc-971306628243","UKFS_001.tickPlot.tck","UKFS_001","2016-10-27T17:06Z","2017-05-19T16:00Z","UKFS_001.20161027","UKFS_001.20161027.IXOSP.L","Ixodidae sp.","IXOSP","family","Ixodidae",,,,,,"sp.",,,,"GSU_tickIdentification_SOP_2016-11-01.pdf",,"Larva",1,"OK","RNA stabilization buffer","USNMENT01358068","UKFS_001.20161027.L","Lorenza Beati","Georgia Southern University","over invoice limit, will not be billed"
"c1807ffa-cb93-44ac-a736-5f735b3320a1","UKFS_003.tickPlot.tck","UKFS_003","2016-10-27T18:47Z","2017-05-19T16:00Z","UKFS_003.20161027","UKFS_003.20161027.IXOSP.L","Ixodidae sp.","IXOSP","family","Ixodidae",,,,,,"sp.",,,,"GSU_tickIdentification_SOP_2016-11-01.pdf",,"Larva",1,"OK","RNA stabilization buffer","USNMENT01358069","UKFS_003.20161027.L","Lorenza Beati","Georgia Southern University","over invoice limit, will not be billed"
"390fb522-9abf-47bb-b7cf-260e972e1d13","UKFS_018.tickPlot.tck","UKFS_018","2016-10-27T19:57Z","2017-05-19T16:00Z","UKFS_018.20161027","UKFS_018.20161027.IXOSP.L","Ixodidae sp.","IXOSP","family","Ixodidae",,,,,,"sp.",,,,"GSU_tickIdentification_SOP_2016-11-01.pdf",,"Larva",1,"OK","RNA stabilization buffer","USNMENT01358067","UKFS_018.20161027.L","Lorenza Beati","Georgia Southern University","over invoice limit, will not be billed"
