uid,namedLocation,domainID,siteID,plotID,plotType,nlcdClass,decimalLatitude,decimalLongitude,geodeticDatum,coordinateUncertainty,elevation,elevationUncertainty,collectDate,eventID,sampleID,sampleCode,samplingMethod,totalSampledArea,targetTaxaPresent,adultCount,nymphCount,larvaCount,sampleCondition,samplingProtocolVersion,measuredBy,remarks
"44951c0e-7426-46a3-8c50-5c775ca1f7d1","UKFS_003.tickPlot.tck","D06","UKFS","UKFS_003","distributed","deciduousForest",39.053769,-95.187084,"WGS84",20.1,323.1,0.1,"2016-10-13T15:05Z","UKFS.2016.41","UKFS_003.20161013",,"drag and flag",160,"Y",0,0,59,"No known compromise","NEON.DOC.014045vG","UiQJ6NC02X5uZEcYqJAeU1eiGY+Ji5h+",
"49f7c4f6-ef0b-4b28-a98d-4f9904678fa6","UKFS_018.tickPlot.tck","D06","UKFS","UKFS_018","distributed","grasslandHerbaceous",39.053205,-95.194659,"WGS84",20.1,325.8,0.1,"2016-10-13T16:34Z","UKFS.2016.41",,,"drag",160,"N",0,0,0,"No known compromise","NEON.DOC.014045vG","UiQJ6NC02X5uZEcYqJAeU1eiGY+Ji5h+",
"fb79ff4c-2ef0-46b4-ad13-3f1db570a72f","UKFS_004.tickPlot.tck","D06","UKFS","UKFS_004","distributed","deciduousForest",39.043188,-95.201000,"WGS84",20.1,320.0,0.2,"2016-10-13T17:05Z","UKFS.2016.41","UKFS_004.20161013",,"drag and flag",160,"Y",0,0,4,"No known compromise","NEON.DOC.014045vG","UiQJ6NC02X5uZEcYqJAeU1eiGY+Ji5h+",
"8e1713c3-384a-4a1b-aaec-8e74500c96c9","UKFS_002.tickPlot.tck","D06","UKFS","UKFS_002","distributed","deciduousForest",39.045892,-95.207026,"WGS84",20.1,316.0,0.2,"2016-10-13T17:54Z","UKFS.2016.41","UKFS_002.20161013",,"drag and flag",160,"Y",0,0,166,"No known compromise","NEON.DOC.014045vG","UiQJ6NC02X5uZEcYqJAeU1eiGY+Ji5h+",
"95a67753-d6c1-4951-ba36-20158f707914","UKFS_030.tickPlot.tck","D06","UKFS","UKFS_030","distributed","grasslandHerbaceous",39.045115,-95.213433,"WGS84",20.1,321.9,0.1,"2016-10-13T18:35Z","UKFS.2016.41",,,"drag",160,"N",0,0,0,"No known compromise","NEON.DOC.014045vG","UiQJ6NC02X5uZEcYqJAeU1eiGY+Ji5h+","Plot is freshly mowed."
"5ea0a736-aba8-4f89-83d3-4e9766b5818e","UKFS_001.tickPlot.tck","D06","UKFS","UKFS_001","distributed","deciduousForest",39.037238,-95.198631,"WGS84",20.1,322.7,0.1,"2016-10-13T19:38Z","UKFS.2016.41","UKFS_001.20161013",,"drag and flag",160,"Y",0,1,104,"No known compromise","NEON.DOC.014045vG","UiQJ6NC02X5uZEcYqJAeU1eiGY+Ji5h+",
"74dcd49c-501b-437c-bf4e-c9b68ba02e94","UKFS_004.tickPlot.tck","D06","UKFS","UKFS_004","distributed","deciduousForest",39.043188,-95.201000,"WGS84",20.1,320.0,0.2,"2016-10-27T14:20Z","UKFS.2016.43","UKFS_004.20161027",,"drag and flag",160,"Y",0,0,4,"No known compromise","NEON.DOC.014045vG","BzXmPCNcOOHl9ws4JG7MP7BkkCvctwH+",
"9a16ad82-cbad-4ca4-914b-57d7c38855bb","UKFS_002.tickPlot.tck","D06","UKFS","UKFS_002","distributed","deciduousForest",39.045892,-95.207026,"WGS84",20.1,316.0,0.2,"2016-10-27T15:23Z","UKFS.2016.43","UKFS_002.20161027",,"drag and flag",160,"Y",0,0,1,"No known compromise","NEON.DOC.014045vG","BzXmPCNcOOHl9ws4JG7MP7BkkCvctwH+",
"3adebcd3-7461-4f7f-8bb9-46df41abbde9","UKFS_030.tickPlot.tck","D06","UKFS","UKFS_030","distributed","grasslandHerbaceous",39.045115,-95.213433,"WGS84",20.1,321.9,0.1,"2016-10-27T16:01Z","UKFS.2016.43",,,"drag",160,"N",0,0,0,"No known compromise","NEON.DOC.014045vG","BzXmPCNcOOHl9ws4JG7MP7BkkCvctwH+",
"83c794b0-9118-44e0-8294-1dbfa873c8b3","UKFS_001.tickPlot.tck","D06","UKFS","UKFS_001","distributed","deciduousForest",39.037238,-95.198631,"WGS84",20.1,322.7,0.1,"2016-10-27T17:06Z","UKFS.2016.43","UKFS_001.20161027",,"drag and flag",160,"Y",0,0,82,"No known compromise","NEON.DOC.014045vG","BzXmPCNcOOHl9ws4JG7MP7BkkCvctwH+",
"9a25fb98-a020-49ec-b23c-95c72872f391","UKFS_003.tickPlot.tck","D06","UKFS","UKFS_003","distributed","deciduousForest",39.053769,-95.187084,"WGS84",20.1,323.1,0.1,"2016-10-27T18:47Z","UKFS.2016.43","UKFS_003.20161027",,"drag and flag",160,"Y",0,0,23,"No known compromise","NEON.DOC.014045vG","BzXmPCNcOOHl9ws4JG7MP7BkkCvctwH+",
"bd1a80eb-f5d1-4059-a7f3-acf1f8249b23","UKFS_018.tickPlot.tck","D06","UKFS","UKFS_018","distributed","grasslandHerbaceous",39.053205,-95.194659,"WGS84",20.1,325.8,0.1,"2016-10-27T19:57Z","UKFS.2016.43","UKFS_018.20161027",,"drag",160,"Y",0,0,5,"No known compromise","NEON.DOC.014045vG","BzXmPCNcOOHl9ws4JG7MP7BkkCvctwH+","6m wide track mowed north/south through plot halfway between western edge and center"
