uid,namedLocation,date,eventID,domainID,siteID,plotID,subplotID,individualID,tagStatus,growthForm,plantStatus,stemDiameter,measurementHeight,height,baseCrownHeight,breakHeight,breakDiameter,maxCrownDiameter,ninetyCrownDiameter,canopyPosition,shape,basalStemDiameter,basalStemDiameterMsrmntHeight,maxBaseCrownDiameter,ninetyBaseCrownDiameter,remarks,recordedBy,measuredBy,dataQF
"1eb33280-8a8d-43f5-a186-ed9970822284","JORN_061.basePlot.vst","2015-09-22","vst_JORN_2015","D14","JORN","JORN_061",,"NEON.PLA.D14.JORN.00001",,"small shrub","Live",2.0,10,0.7,,,,1.1,0.7,"Partially shaded","half-sphere",,,,,"1.5, 1.0, 1.3, 1.6 ddh","a0DIygQs4rguY6Ey57+V6npgK+c4E00t","mOcIykOnDgd3QV5gHrl8B5rxlWe9VRn+","legacyData"
"370b5bb3-f0b1-4ff6-a46a-9c394faefcbb","JORN_055.basePlot.vst","2015-09-23","vst_JORN_2015","D14","JORN","JORN_055",,"NEON.PLA.D14.JORN.00002",,"small shrub","Live",1.0,10,1.0,,,,1.5,1.0,"Full sun","oblate half-sphere",,,,,"1.0, 1.0, 1.6, 1.1, 1.9, 1.7, 2.2, 1.3 ddh","kBwRTjEA1mS63L/R24fqUgENIHeTWseKYBGP9lkUz0A=","a0DIygQs4rguY6Ey57+V6npgK+c4E00t","legacyData"
"cdb4ac27-1f18-48df-bc04-6834c6136d37","JORN_055.basePlot.vst","2015-09-23","vst_JORN_2015","D14","JORN","JORN_055",,"NEON.PLA.D14.JORN.00006",,"small shrub","Live",7.0,10,2.0,,,,1.8,1.7,"Open grown","oblate half-sphere",,,,,"7.0, 4.4, 2.0, 4.5, 3.1, 3.0 ddh","kBwRTjEA1mS63L/R24fqUgENIHeTWseKYBGP9lkUz0A=","a0DIygQs4rguY6Ey57+V6npgK+c4E00t","legacyData"
"bb2a7ae5-31d4-4881-8014-8c470d85ebc0","JORN_055.basePlot.vst","2015-09-23","vst_JORN_2015","D14","JORN","JORN_055",,"NEON.PLA.D14.JORN.00003",,"small shrub","Live",2.0,10,1.3,,,,1.8,1.3,"Open grown","oblate half-sphere",,,,,"1.7, 1.7, 1.8, 1.6, 1.7, 3.0, 1.6, 3.3, 2.4, 3.6, 2.6 ddh","kBwRTjEA1mS63L/R24fqUgENIHeTWseKYBGP9lkUz0A=","a0DIygQs4rguY6Ey57+V6npgK+c4E00t","legacyData"
"dcecf6cb-5f34-4f20-9a84-e8c34c01a06d","JORN_055.basePlot.vst","2015-09-23","vst_JORN_2015","D14","JORN","JORN_055",,"NEON.PLA.D14.JORN.00007",,"small shrub","Live",1.0,10,0.7,,,,0.6,0.3,"Open grown","oblate half-sphere",,,,,"1.3, 1.1, 1.4, 1.2, 1.3 ddh","kBwRTjEA1mS63L/R24fqUgENIHeTWseKYBGP9lkUz0A=","a0DIygQs4rguY6Ey57+V6npgK+c4E00t","legacyData"
"ba0b0f77-c5b5-4bc4-978e-b1e3688bb30b","JORN_055.basePlot.vst","2015-09-23","vst_JORN_2015","D14","JORN","JORN_055",,"NEON.PLA.D14.JORN.00004",,"small shrub","Live",1.0,10,1.0,,,,1.0,1.0,"Open grown","oblate half-sphere",,,,,"1.1, 1.0, 1.6, 1.6 ddh","kBwRTjEA1mS63L/R24fqUgENIHeTWseKYBGP9lkUz0A=","a0DIygQs4rguY6Ey57+V6npgK+c4E00t","legacyData"
"1da06a8f-6811-44d5-a2ab-ed7b32e8b2a0","JORN_055.basePlot.vst","2015-09-23","vst_JORN_2015","D14","JORN","JORN_055",,"NEON.PLA.D14.JORN.00005",,"small shrub","Live",4.0,10,1.4,,,,1.3,0.8,"Open grown","oblate half-sphere",,,,,"4.2, 2.6, 1.3, 1.8, 2.2, 1.7, 1.8, 1.7, 1.1, 1.1, 1.6 ddh","kBwRTjEA1mS63L/R24fqUgENIHeTWseKYBGP9lkUz0A=","a0DIygQs4rguY6Ey57+V6npgK+c4E00t","legacyData"
"a30b5b43-c492-4f7c-a0eb-f38bc974a936","JORN_045.basePlot.vst","2015-09-23","vst_JORN_2015","D14","JORN","JORN_045",,"NEON.PLA.D14.JORN.00019",,"small shrub","Live",1.0,10,0.8,,,,0.6,0.6,"Open grown","half-sphere",,,,,"1.1, 1.8, 2.3, 1.2 ddh","a0DIygQs4rguY6Ey57+V6npgK+c4E00t","kBwRTjEA1mS63L/R24fqUgENIHeTWseKYBGP9lkUz0A=","legacyData"
"f2017d42-96f2-46c1-9e11-49290451dd8d","JORN_045.basePlot.vst","2015-09-23","vst_JORN_2015","D14","JORN","JORN_045",,"NEON.PLA.D14.JORN.00018",,"small shrub","Live",2.0,10,0.7,,,,0.8,0.3,"Open grown","inverted cone",,,20.00,10.00,"1.8, 1.2, 1.4 ddh","a0DIygQs4rguY6Ey57+V6npgK+c4E00t","kBwRTjEA1mS63L/R24fqUgENIHeTWseKYBGP9lkUz0A=","legacyData"
"d1a5e534-edc4-454d-b4c1-47ecad6baf28","JORN_045.basePlot.vst","2015-09-23","vst_JORN_2015","D14","JORN","JORN_045",,"NEON.PLA.D14.JORN.00020",,"small shrub","Live",1.0,10,1.4,,,,1.6,1.5,"Open grown","half-sphere",,,,,"1.0, 1.4, 2.1, 2.2, 1.1, 1.6, 1.5, 1.0, 2.0 ddh","a0DIygQs4rguY6Ey57+V6npgK+c4E00t","kBwRTjEA1mS63L/R24fqUgENIHeTWseKYBGP9lkUz0A=","legacyData"
"dccadd0e-66e8-4506-8f0f-d86eb20f9878","JORN_046.basePlot.vst","2015-09-23","vst_JORN_2015","D14","JORN","JORN_046",,"NEON.PLA.D14.JORN.00021",,"small shrub","Live",2.0,10,1.1,,,,0.8,0.5,"Full sun","inverted cone",,,1.00,1.00,"1.9, 1.0 ddh","mOcIykOnDgd3QV5gHrl8B5rxlWe9VRn+","a0DIygQs4rguY6Ey57+V6npgK+c4E00t","legacyData"
"34ea46ba-027f-4bc7-8586-6bf7af3f8ee8","JORN_055.basePlot.vst","2015-09-23","vst_JORN_2015","D14","JORN","JORN_055",,"NEON.PLA.D14.JORN.00008",,"small shrub","Live",2.0,10,1.0,,,,1.4,1.3,"Open grown","oblate half-sphere",,,,,"1.5, 1.5, 1.2, 1.4, 1.3, 1.5 ddh","kBwRTjEA1mS63L/R24fqUgENIHeTWseKYBGP9lkUz0A=","a0DIygQs4rguY6Ey57+V6npgK+c4E00t","legacyData"
"6ac11f5a-8735-42aa-9120-95a1d42d1a4f","JORN_060.basePlot.vst","2015-09-24","vst_JORN_2015","D14","JORN","JORN_060",,"NEON.PLA.D14.JORN.00017",,"small shrub","Live",2.0,10,1.4,,,,1.2,0.9,"Open grown","inverted cone",,,30.00,20.00,"2.5, 2.2, 3.9, 1.4, 2.7, 1.9, 1.7, 2.1 ddh. Mapping and Tagging datasheet not filled out for this individual.","hRRZynJPKTlgBISZmXSv66FsQZ5BztHH","kBwRTjEA1mS63L/R24fqUgENIHeTWseKYBGP9lkUz0A=","legacyData"
"09a6269e-5066-4764-93a5-a59bf3e45de3","JORN_057.basePlot.vst","2015-09-25","vst_JORN_2015","D14","JORN","JORN_057",,"NEON.PLA.D14.JORN.00011",,"small shrub","Live",2.0,10,1.3,,,,1.4,1.0,"Open grown","inverted cone",,,30.00,20.00,"2.2, 1.6, 2.5, 2.1, 3.0, 2.5, 1.4, 1.7, 2.1, 1.7 ddh","kBwRTjEA1mS63L/R24fqUgENIHeTWseKYBGP9lkUz0A=","/ByrziN0LguMJHnInl2NM/trZeA5h+c0","legacyData"
"ba6b0cb0-9ec1-4c29-bc20-541c6b9c59c0","JORN_057.basePlot.vst","2015-09-25","vst_JORN_2015","D14","JORN","JORN_057",,"NEON.PLA.D14.JORN.00009",,"small shrub","Live",2.0,10,1.4,,,,1.6,1.3,"Open grown","half-sphere",,,,,"1.5, 2.3, 2.1, 3.1, 1.4, 3.5, 2.7, 1.4, 3.6, 2.6, 1.8, 2.8, 2.5 ddh","kBwRTjEA1mS63L/R24fqUgENIHeTWseKYBGP9lkUz0A=","/ByrziN0LguMJHnInl2NM/trZeA5h+c0","legacyData"
"32922089-578e-435d-bc6b-c0483d4df4c5","JORN_057.basePlot.vst","2015-09-25","vst_JORN_2015","D14","JORN","JORN_057",,"NEON.PLA.D14.JORN.00012",,"small shrub","Standing dead",1.0,10,0.9,,,,0.9,0.7,"Open grown","half-sphere",,,,,"1.2, 1.3, 1.4, 1.8, 2.7, 1.4, 1.7, 1.4, 1.0 ddh","kBwRTjEA1mS63L/R24fqUgENIHeTWseKYBGP9lkUz0A=","/ByrziN0LguMJHnInl2NM/trZeA5h+c0","legacyData"
"41a00edd-356a-4d2c-a644-c4fee7ff0113","JORN_057.basePlot.vst","2015-09-25","vst_JORN_2015","D14","JORN","JORN_057",,"NEON.PLA.D14.JORN.00010",,"small shrub","Live",2.0,10,1.5,,,,1.7,1.7,"Open grown","half-sphere",,,,,"2.4, 1.3, 1.5, 2.3, 1.4, 2.6, 1.2, 1.1, 1.7, 1.4, 1.8, 2.5, 2.4, 1.5, 2.0, 2.1, 2.6, 3.0, 1.7, 1.7, 3.2, 1.4, 1.4, 1.6, 1.7 ddh","kBwRTjEA1mS63L/R24fqUgENIHeTWseKYBGP9lkUz0A=","/ByrziN0LguMJHnInl2NM/trZeA5h+c0","legacyData"
"21331999-0a46-41e0-a882-c41b622c4d28","JORN_058.basePlot.vst","2015-09-25","vst_JORN_2015","D14","JORN","JORN_058",,"NEON.PLA.D14.JORN.00103",,"small shrub","Live",2.0,10,1.0,,,,0.9,0.8,"Open grown","inverted cone",,,4.00,3.00,"1.7, 1.8, 1.5, 1.5, 1.2, 1.3, 1.8, 1.0, 1.4 ddh","Xtif5yInRvbdKu0ER6m4ODrMELI1Yn9a","mOcIykOnDgd3QV5gHrl8B5rxlWe9VRn+","legacyData"
"54c5f464-02c4-4c6b-9c6f-cb30ed3a9c5d","JORN_057.basePlot.vst","2015-09-25","vst_JORN_2015","D14","JORN","JORN_057",,"NEON.PLA.D14.JORN.00022",,"small shrub","Live",4.0,10,1.1,,,,1.8,1.1,"Open grown","half-sphere",,,,,"3.9, 3.1, 1.4, 2.4, 2.3, 1.4, 1.7, 2.7, 1.6, 1.9, 1.7, 2.9, 1.7, 2.6, 3.6 ddh","kBwRTjEA1mS63L/R24fqUgENIHeTWseKYBGP9lkUz0A=","/ByrziN0LguMJHnInl2NM/trZeA5h+c0","legacyData"
"169050cf-bdaf-4761-a2fd-e41f03d20240","JORN_057.basePlot.vst","2015-09-25","vst_JORN_2015","D14","JORN","JORN_057",,"NEON.PLA.D14.JORN.00013",,"small shrub","Live",2.0,10,1.3,,,,1.0,0.8,"Open grown","inverted cone",,,30.00,30.00,"1.8, 1.5, 2.1, 1.9, 1.5, 1.7 ddh","kBwRTjEA1mS63L/R24fqUgENIHeTWseKYBGP9lkUz0A=","/ByrziN0LguMJHnInl2NM/trZeA5h+c0","legacyData"
"7861f5e4-b3a4-48b5-8934-7f4b3bea4926","JORN_011.basePlot.vst","2015-09-29","vst_JORN_2015","D14","JORN","JORN_011",,"NEON.PLA.D14.JORN.00029",,"single shrub","Live",2.0,10,1.0,,,,0.7,0.6,"Full sun","inverted cone",,,3.00,2.00,,"cyBtucnFNGpJI8jm2+Rz1Zm1rXj26jk9","rT3Yl3ajt10V8w40mB+1aaiQYfD/eF32","legacyData"
"8b24c19f-233d-4f00-bf86-a11c6f30f76b","JORN_065.basePlot.vst","2015-09-29","vst_JORN_2015","D14","JORN","JORN_065",,"NEON.PLA.D14.JORN.00030",,"small shrub","Live",3.0,10,0.9,,,,1.5,1.4,"Open grown","half-sphere",,,,,"3.4, 2.2, 1.4, 2.1, 1.7, 2.3, 2.7, 2.0, 1.5 ddh. maxCanopyDiameter and ninetyCanopyDiameter were switched on the datasheet.","cyBtucnFNGpJI8jm2+Rz1Zm1rXj26jk9","hRRZynJPKTlgBISZmXSv66FsQZ5BztHH","legacyData"
"db9f3454-48fc-492b-bba4-a4f38d4dfd34","JORN_042.basePlot.vst","2015-09-29","vst_JORN_2015","D14","JORN","JORN_042",,"NEON.PLA.D14.JORN.00014",,"small shrub","Live",4.0,10,0.5,,,,2.0,2.0,"Open grown","oblate half-sphere",,,,,"4.4, 2.5, 1.5, 2.8, 5.7, 2.1, 7.5, 3.1, 2.4, 2.8 cm","rT3Yl3ajt10V8w40mB+1aaiQYfD/eF32","cyBtucnFNGpJI8jm2+Rz1Zm1rXj26jk9","legacyData"
"043d8b4a-5df4-4c35-9e77-68a50171f1a4","JORN_071.basePlot.vst","2015-09-29","vst_JORN_2015","D14","JORN","JORN_071",,"NEON.PLA.D14.JORN.00016",,"small shrub","Standing dead",1.0,10,0.6,,,,0.4,0.3,"Open grown","inverted cone",,,10.00,10.00,"1.3, 1.2, 1.1 ddh","a0DIygQs4rguY6Ey57+V6npgK+c4E00t","mOcIykOnDgd3QV5gHrl8B5rxlWe9VRn+","legacyData"
"37cd0ffe-02de-4afc-8d1e-5d346716dec3","JORN_011.basePlot.vst","2015-09-29","vst_JORN_2015","D14","JORN","JORN_011",,"NEON.PLA.D14.JORN.00028",,"single shrub","Live",1.0,10,0.9,,,,0.7,0.7,"Open grown","inverted cone",,,4.00,4.00,"1.3, 1.0, 1.1 ddh","cyBtucnFNGpJI8jm2+Rz1Zm1rXj26jk9","rT3Yl3ajt10V8w40mB+1aaiQYfD/eF32","legacyData"
"e17b712a-c9f5-4c30-9b7d-8cb3c17b75bf","JORN_001.basePlot.vst","2015-09-29","vst_JORN_2015","D14","JORN","JORN_001",,"NEON.PLA.D14.JORN.00027",,"single shrub","Live",6.0,10,1.1,,,,1.1,1.0,"Open grown","inverted cone",,,6.10,5.50,,"hRRZynJPKTlgBISZmXSv66FsQZ5BztHH","rT3Yl3ajt10V8w40mB+1aaiQYfD/eF32","legacyData"
