uid,namedLocation,date,eventID,domainID,siteID,plotID,subplotID,nestedSubplotID,pointID,stemDistance,stemAzimuth,recordType,individualID,supportingStemIndividualID,previouslyTaggedAs,samplingProtocolVersion,taxonID,scientificName,taxonRank,identificationReferences,morphospeciesID,morphospeciesIDRemarks,identificationQualifier,remarks,measuredBy,recordedBy,dataQF
"9917175b-8042-4e94-8783-15a199efd05b","JORN_066.basePlot.vst","2015-04-23","vst_JORN_2015","D14","JORN","JORN_066","41",,,,,,"NEON.PLA.D14.JORN.00102",,,"NEON.DOC.000987vE","EPTR","Ephedra trifurca Torr. ex S. Watson","species",,,,,"1.0","cyBtucnFNGpJI8jm2+Rz1Zm1rXj26jk9","GRD/pi2+u3LHUSfXNpeRAdGu3wvED84H",
"fea079df-e134-45a0-868c-d1f3e49220b3","JORN_060.basePlot.vst","2015-04-26","vst_JORN_2015","D14","JORN","JORN_060","41",,,,,,"NEON.PLA.D14.JORN.00017",,,"NEON.DOC.000987vE","EPTR","Ephedra trifurca Torr. ex S. Watson","species",,,,,"4.1,2.7,2.3,1.9,2.0,1.6,1.2,2.3,1.8,1.3,1.6","mOcIykOnDgd3QV5gHrl8B5rxlWe9VRn+","CxWlXtj1NvtNxLbcJnjAP5Zu1Ug04Eq8",
"6ffd22f0-a451-4441-bdb1-844962a9f32b","JORN_055.basePlot.vst","2015-09-23","vst_JORN_2015","D14","JORN","JORN_055","40",,"41",9.8,323.0,,"NEON.PLA.D14.JORN.00005",,,"NEON.DOC.000987vE","EPTR","Ephedra trifurca Torr. ex S. Watson","species",,,,,,"a0DIygQs4rguY6Ey57+V6npgK+c4E00t","hRRZynJPKTlgBISZmXSv66FsQZ5BztHH",
"a3aceac7-23a3-4023-9c44-6c2c8836a018","JORN_055.basePlot.vst","2015-09-23","vst_JORN_2015","D14","JORN","JORN_055","31",,"31",8.7,7.2,,"NEON.PLA.D14.JORN.00002",,,"NEON.DOC.000987vE","EPTR","Ephedra trifurca Torr. ex S. Watson","species",,,,,,"a0DIygQs4rguY6Ey57+V6npgK+c4E00t","hRRZynJPKTlgBISZmXSv66FsQZ5BztHH",
"fb9cdcce-962e-4f4d-9ffb-57b9d372ca2b","JORN_055.basePlot.vst","2015-09-23","vst_JORN_2015","D14","JORN","JORN_055","41",,"41",7.3,356.0,,"NEON.PLA.D14.JORN.00006",,,"NEON.DOC.000987vE","EPTR","Ephedra trifurca Torr. ex S. Watson","species",,,,,,"a0DIygQs4rguY6Ey57+V6npgK+c4E00t","hRRZynJPKTlgBISZmXSv66FsQZ5BztHH",
"700a266d-7bee-4e90-8a7b-03fafa54dce9","JORN_055.basePlot.vst","2015-09-23","vst_JORN_2015","D14","JORN","JORN_055","40",,"41",8.8,303.0,,"NEON.PLA.D14.JORN.00004",,,"NEON.DOC.000987vE","EPTR","Ephedra trifurca Torr. ex S. Watson","species",,,,,,"a0DIygQs4rguY6Ey57+V6npgK+c4E00t","hRRZynJPKTlgBISZmXSv66FsQZ5BztHH",
"99a33644-f582-45c4-90d8-269d580a1f4c","JORN_046.basePlot.vst","2015-09-23","vst_JORN_2015","D14","JORN","JORN_046","32",,"41",2.8,115.0,,"NEON.PLA.D14.JORN.00021",,,"NEON.DOC.000987vE","PRGL2","Prosopis glandulosa Torr.","species",,,,,,"a0DIygQs4rguY6Ey57+V6npgK+c4E00t","mOcIykOnDgd3QV5gHrl8B5rxlWe9VRn+",
"336ce0d9-017f-45a7-b00e-59eab0c03996","JORN_055.basePlot.vst","2015-09-23","vst_JORN_2015","D14","JORN","JORN_055","32",,"41",3.8,93.0,,"NEON.PLA.D14.JORN.00008",,,"NEON.DOC.000987vE","EPTR","Ephedra trifurca Torr. ex S. Watson","species",,,,,,"a0DIygQs4rguY6Ey57+V6npgK+c4E00t","hRRZynJPKTlgBISZmXSv66FsQZ5BztHH",
"c60d40a8-3dbd-4365-bc55-1c17690ca9b5","JORN_045.basePlot.vst","2015-09-23","vst_JORN_2015","D14","JORN","JORN_045","40",,"41",3.1,313.9,,"NEON.PLA.D14.JORN.00018",,,"NEON.DOC.000987vE","EPTR","Ephedra trifurca Torr. ex S. Watson","species",,,,,,"kBwRTjEA1mS63L/R24fqUgENIHeTWseKYBGP9lkUz0A=","a0DIygQs4rguY6Ey57+V6npgK+c4E00t",
"9be8f959-6bf7-4f7a-a216-7a653b73ce58","JORN_045.basePlot.vst","2015-09-23","vst_JORN_2015","D14","JORN","JORN_045","31",,"31",0.4,65.0,,"NEON.PLA.D14.JORN.00020",,,"NEON.DOC.000987vE","EPTR","Ephedra trifurca Torr. ex S. Watson","species",,,,,,"kBwRTjEA1mS63L/R24fqUgENIHeTWseKYBGP9lkUz0A=","a0DIygQs4rguY6Ey57+V6npgK+c4E00t",
"546aaf72-c1f6-4baa-b6c7-55899528e60d","JORN_055.basePlot.vst","2015-09-23","vst_JORN_2015","D14","JORN","JORN_055","41",,"41",7.0,20.0,,"NEON.PLA.D14.JORN.00007",,,"NEON.DOC.000987vE","EPTR","Ephedra trifurca Torr. ex S. Watson","species",,,,,,"a0DIygQs4rguY6Ey57+V6npgK+c4E00t","hRRZynJPKTlgBISZmXSv66FsQZ5BztHH",
"6f97f583-5204-4c58-b67f-bcd5c4a57bb7","JORN_045.basePlot.vst","2015-09-23","vst_JORN_2015","D14","JORN","JORN_045","41",,"41",8.2,62.0,,"NEON.PLA.D14.JORN.00019",,,"NEON.DOC.000987vE","EPTR","Ephedra trifurca Torr. ex S. Watson","species",,,,,,"kBwRTjEA1mS63L/R24fqUgENIHeTWseKYBGP9lkUz0A=","a0DIygQs4rguY6Ey57+V6npgK+c4E00t",
"ffdc774b-3ea7-4fc2-bc38-76e770905829","JORN_055.basePlot.vst","2015-09-23","vst_JORN_2015","D14","JORN","JORN_055","40",,"41",3.5,282.0,,"NEON.PLA.D14.JORN.00003",,,"NEON.DOC.000987vE","EPTR","Ephedra trifurca Torr. ex S. Watson","species",,,,,,"a0DIygQs4rguY6Ey57+V6npgK+c4E00t","hRRZynJPKTlgBISZmXSv66FsQZ5BztHH",
"0a6cff0d-f908-4457-ac8a-21463926714f","JORN_057.basePlot.vst","2015-09-25","vst_JORN_2015","D14","JORN","JORN_057","31",,"41",5.6,192.0,,"NEON.PLA.D14.JORN.00013",,,"NEON.DOC.000987vE","EPTR","Ephedra trifurca Torr. ex S. Watson","species",,,,,,"/ByrziN0LguMJHnInl2NM/trZeA5h+c0","kBwRTjEA1mS63L/R24fqUgENIHeTWseKYBGP9lkUz0A=",
"70cf8884-7dd9-4dff-9c37-fb52b103cef0","JORN_057.basePlot.vst","2015-09-25","vst_JORN_2015","D14","JORN","JORN_057","41",,"51",4.7,230.0,,"NEON.PLA.D14.JORN.00010",,,"NEON.DOC.000987vE","EPTR","Ephedra trifurca Torr. ex S. Watson","species",,,,,,"/ByrziN0LguMJHnInl2NM/trZeA5h+c0","kBwRTjEA1mS63L/R24fqUgENIHeTWseKYBGP9lkUz0A=",
"f36b57cd-440e-4b5f-9e73-4eb0cd64d676","JORN_057.basePlot.vst","2015-09-25","vst_JORN_2015","D14","JORN","JORN_057","32",,"41",4.4,117.0,,"NEON.PLA.D14.JORN.00022",,,"NEON.DOC.000987vE","EPTR","Ephedra trifurca Torr. ex S. Watson","species",,,,,,"/ByrziN0LguMJHnInl2NM/trZeA5h+c0","kBwRTjEA1mS63L/R24fqUgENIHeTWseKYBGP9lkUz0A=",
"e78302f6-205e-44ad-99d6-eab1561bf982","JORN_057.basePlot.vst","2015-09-25","vst_JORN_2015","D14","JORN","JORN_057","32",,"41",5.7,75.0,,"NEON.PLA.D14.JORN.00009",,,"NEON.DOC.000987vE","EPTR","Ephedra trifurca Torr. ex S. Watson","species",,,,,,"/ByrziN0LguMJHnInl2NM/trZeA5h+c0","kBwRTjEA1mS63L/R24fqUgENIHeTWseKYBGP9lkUz0A=",
"e780832b-e110-4400-996e-3d455f92c21b","JORN_057.basePlot.vst","2015-09-25","vst_JORN_2015","D14","JORN","JORN_057","41",,"41",6.4,23.0,,"NEON.PLA.D14.JORN.00011",,,"NEON.DOC.000987vE","EPTR","Ephedra trifurca Torr. ex S. Watson","species",,,,,,"/ByrziN0LguMJHnInl2NM/trZeA5h+c0","kBwRTjEA1mTsxQqd16oqG9CWuLBEE1GB",
"99d0fcbd-8902-4652-8560-14f1d33cefe9","JORN_058.basePlot.vst","2015-09-25","vst_JORN_2015","D14","JORN","JORN_058","32",,"33",6.2,329.0,,"NEON.PLA.D14.JORN.00103",,,"NEON.DOC.000987vE","EPTR","Ephedra trifurca Torr. ex S. Watson","species",,,,,,"mOcIykOnDgd3QV5gHrl8B5rxlWe9VRn+","Xtif5yInRvbdKu0ER6m4ODrMELI1Yn9a",
"c6adf444-a29a-4174-b131-7a76c19088e2","JORN_057.basePlot.vst","2015-09-25","vst_JORN_2015","D14","JORN","JORN_057","31",,"41",5.5,239.0,,"NEON.PLA.D14.JORN.00012",,,"NEON.DOC.000987vE","EPTR","Ephedra trifurca Torr. ex S. Watson","species",,,,,,"/ByrziN0LguMJHnInl2NM/trZeA5h+c0","kBwRTjEA1mS63L/R24fqUgENIHeTWseKYBGP9lkUz0A=",
"cc12e5eb-a77a-40a1-a1de-7baa29ea32d9","JORN_011.basePlot.vst","2015-09-29","vst_JORN_2015","D14","JORN","JORN_011","31",,"31",5.2,45.0,,"NEON.PLA.D14.JORN.00028",,,"NEON.DOC.000987vE","ATCA2","Atriplex canescens (Pursh) Nutt.","species",,,,,,"rT3Yl3ajt10V8w40mB+1aaiQYfD/eF32","cyBtucnFNGpJI8jm2+Rz1Zm1rXj26jk9",
"507092c7-b8e0-47bd-91c6-3055bc7c4a2d","JORN_001.basePlot.vst","2015-09-29","vst_JORN_2015","D14","JORN","JORN_001","41",,"51",4.9,206.3,,"NEON.PLA.D14.JORN.00027",,,"NEON.DOC.000987vE","ATCA2","Atriplex canescens (Pursh) Nutt.","species",,,,,,"rT3Yl3ajt10V8w40mB+1aaiQYfD/eF32","hRRZynJPKTlgBISZmXSv66FsQZ5BztHH",
"ec1e4cea-ac03-45b1-815d-86e4a8d4ffd5","JORN_065.basePlot.vst","2015-09-29","vst_JORN_2015","D14","JORN","JORN_065","32",,"41",4.9,138.0,,"NEON.PLA.D14.JORN.00030",,,"NEON.DOC.000987vE","EPTR","Ephedra trifurca Torr. ex S. Watson","species",,,,,,"rT3Yl3ajt10V8w40mB+1aaiQYfD/eF32","cyBtucnFNGpJI8jm2+Rz1Zm1rXj26jk9",
"e4a073a7-24a7-49a7-ae04-fbaf01f318c2","JORN_071.basePlot.vst","2015-09-29","vst_JORN_2015","D14","JORN","JORN_071","32",,"41",3.3,168.5,,"NEON.PLA.D14.JORN.00016",,,"NEON.DOC.000987vE","EPTR","Ephedra trifurca Torr. ex S. Watson","species",,,,,,"mOcIykOnDgd3QV5gHrl8B5rxlWe9VRn+","a0DIygQs4rguY6Ey57+V6npgK+c4E00t",
"6668ad78-4a69-49f3-bb36-8f8d97a1b19d","JORN_011.basePlot.vst","2015-09-29","vst_JORN_2015","D14","JORN","JORN_011","31",,"31",7.7,28.5,,"NEON.PLA.D14.JORN.00029",,,"NEON.DOC.000987vE","ATCA2","Atriplex canescens (Pursh) Nutt.","species",,,,,,"rT3Yl3ajt10V8w40mB+1aaiQYfD/eF32","cyBtucnFNGpJI8jm2+Rz1Zm1rXj26jk9",
"ba1bbc74-d237-4950-a8c7-0e75c410fe28","JORN_042.basePlot.vst","2015-09-29","vst_JORN_2015","D14","JORN","JORN_042","40",,"49",3.8,146.0,,"NEON.PLA.D14.JORN.00014",,,"NEON.DOC.000987vE","EPTR","Ephedra trifurca Torr. ex S. Watson","species",,,,,,"hRRZynJPKTlgBISZmXSv66FsQZ5BztHH","rT3Yl3ajt10V8w40mB+1aaiQYfD/eF32",
"b9c7ab01-0036-4128-9555-743830e32c16","JORN_008.basePlot.vst","2015-10-05","vst_JORN_2015","D14","JORN","JORN_008",,,,,,,"NEON.PLA.D14.JORN.00037",,,"NEON.DOC.000987vE","ATCA2","Atriplex canescens (Pursh) Nutt.","species",,,,,,"mOcIykOnDgd3QV5gHrl8B5rxlWe9VRn+","/ByrziN0LguMJHnInl2NM/trZeA5h+c0",
"02311087-73f0-4d06-a3bd-125281bc8750","JORN_008.basePlot.vst","2015-10-05","vst_JORN_2015","D14","JORN","JORN_008","41",,"41",4.1,241.7,,"NEON.PLA.D14.JORN.00038",,,"NEON.DOC.000987vE","ATCA2","Atriplex canescens (Pursh) Nutt.","species",,,,,,"mOcIykOnDgd3QV5gHrl8B5rxlWe9VRn+","/ByrziN0LguMJHnInl2NM/trZeA5h+c0",
"7ab31a37-76e7-442f-9d07-75e685d184f5","JORN_008.basePlot.vst","2015-10-05","vst_JORN_2015","D14","JORN","JORN_008",,,,,,,"NEON.PLA.D14.JORN.00036",,,"NEON.DOC.000987vE","ATCA2","Atriplex canescens (Pursh) Nutt.","species",,,,,,"mOcIykOnDgd3QV5gHrl8B5rxlWe9VRn+","/ByrziN0LguMJHnInl2NM/trZeA5h+c0",
"3e74581f-b813-47e1-a163-ccfc6814a1d6","JORN_016.basePlot.vst","2015-10-06","vst_JORN_2015","D14","JORN","JORN_016","40",,,,,,"NEON.PLA.D14.JORN.00048",,,"NEON.DOC.000987vE","ATCA2","Atriplex canescens (Pursh) Nutt.","species",,,,,,"mOcIykOnDgd3QV5gHrl8B5rxlWe9VRn+","/ByrziN0LguMJHnInl2NM/trZeA5h+c0",
"9e875b72-12f4-41b8-9ebe-a1f143111830","JORN_016.basePlot.vst","2015-10-06","vst_JORN_2015","D14","JORN","JORN_016","41",,"41",3.5,59.8,,"NEON.PLA.D14.JORN.00044",,,"NEON.DOC.000987vE","ATCA2","Atriplex canescens (Pursh) Nutt.","species",,,,,,"mOcIykOnDgd3QV5gHrl8B5rxlWe9VRn+","/ByrziN0LguMJHnInl2NM/trZeA5h+c0",
"0f30b0de-c171-4d1b-89e2-a28edea97c49","JORN_016.basePlot.vst","2015-10-06","vst_JORN_2015","D14","JORN","JORN_016","40",,"41",4.4,350.8,,"NEON.PLA.D14.JORN.00046",,,"NEON.DOC.000987vE","PRGL2","Prosopis glandulosa Torr.","species",,,,,,"mOcIykOnDgd3QV5gHrl8B5rxlWe9VRn+","/ByrziN0LguMJHnInl2NM/trZeA5h+c0",
"763d4ea5-6aae-496e-b4b6-fb78291e36a3","JORN_016.basePlot.vst","2015-10-06","vst_JORN_2015","D14","JORN","JORN_016","32",,"33",4.6,325.0,,"NEON.PLA.D14.JORN.00041",,,"NEON.DOC.000987vE","ATCA2","Atriplex canescens (Pursh) Nutt.","species",,,,,,"mOcIykOnDgd3QV5gHrl8B5rxlWe9VRn+","/ByrziN0LguMJHnInl2NM/trZeA5h+c0",
"0ff60239-9d4b-4695-af96-a82dca78dce3","JORN_016.basePlot.vst","2015-10-06","vst_JORN_2015","D14","JORN","JORN_016","32",,"33",0.8,331.0,,"NEON.PLA.D14.JORN.00040",,,"NEON.DOC.000987vE","ATCA2","Atriplex canescens (Pursh) Nutt.","species",,,,,,"mOcIykOnDgd3QV5gHrl8B5rxlWe9VRn+","/ByrziN0LguMJHnInl2NM/trZeA5h+c0",
"99ad0bc3-13fc-47bb-ae62-4d30df0e032b","JORN_016.basePlot.vst","2015-10-06","vst_JORN_2015","D14","JORN","JORN_016","32",,"41",8.5,93.5,,"NEON.PLA.D14.JORN.00043",,,"NEON.DOC.000987vE","PRGL2","Prosopis glandulosa Torr.","species",,,,,,"mOcIykOnDgd3QV5gHrl8B5rxlWe9VRn+","/ByrziN0LguMJHnInl2NM/trZeA5h+c0",
"c3ee58d4-d5fb-4464-a0b0-c63a4e0f1cba","JORN_016.basePlot.vst","2015-10-06","vst_JORN_2015","D14","JORN","JORN_016","41",,"41",4.2,70.2,,"NEON.PLA.D14.JORN.00045",,,"NEON.DOC.000987vE","ATCA2","Atriplex canescens (Pursh) Nutt.","species",,,,,,"mOcIykOnDgd3QV5gHrl8B5rxlWe9VRn+","/ByrziN0LguMJHnInl2NM/trZeA5h+c0",
"b16f7aad-2672-453e-9004-0a54344e36fb","JORN_016.basePlot.vst","2015-10-06","vst_JORN_2015","D14","JORN","JORN_016","41",,"41",8.3,6.3,,"NEON.PLA.D14.JORN.00047",,,"NEON.DOC.000987vE","ATCA2","Atriplex canescens (Pursh) Nutt.","species",,,,,,"mOcIykOnDgd3QV5gHrl8B5rxlWe9VRn+","/ByrziN0LguMJHnInl2NM/trZeA5h+c0",
"1e0d393d-39b4-4b52-864d-c466ab4fa305","JORN_016.basePlot.vst","2015-10-06","vst_JORN_2015","D14","JORN","JORN_016","32",,"33",4.8,350.1,,"NEON.PLA.D14.JORN.00042",,,"NEON.DOC.000987vE","ATCA2","Atriplex canescens (Pursh) Nutt.","species",,,,,,"mOcIykOnDgd3QV5gHrl8B5rxlWe9VRn+","/ByrziN0LguMJHnInl2NM/trZeA5h+c0",
"9c5f0919-6543-4ab5-ba65-b5357d0a5489","JORN_015.basePlot.vst","2015-10-07","vst_JORN_2015","D14","JORN","JORN_015","40",,,,,,"NEON.PLA.D14.JORN.00053",,,"NEON.DOC.000987vE","EPTR","Ephedra trifurca Torr. ex S. Watson","species",,,,,,"/ByrziN0LguMJHnInl2NM/trZeA5h+c0","mOcIykOnDgd3QV5gHrl8B5rxlWe9VRn+",
"351bdd01-5181-4b92-a2ac-5ca6e540dcc6","JORN_015.basePlot.vst","2015-10-07","vst_JORN_2015","D14","JORN","JORN_015","40",,,,,,"NEON.PLA.D14.JORN.00052",,,"NEON.DOC.000987vE","EPTR","Ephedra trifurca Torr. ex S. Watson","species",,,,,,"/ByrziN0LguMJHnInl2NM/trZeA5h+c0","mOcIykOnDgd3QV5gHrl8B5rxlWe9VRn+",
"720394c9-98a8-4dc6-aa83-e82cf7d3c7e4","JORN_012.basePlot.vst","2015-10-07","vst_JORN_2015","D14","JORN","JORN_012","32",,"41",1.5,159.2,,"NEON.PLA.D14.JORN.00039",,,"NEON.DOC.000987vE","ATCA2","Atriplex canescens (Pursh) Nutt.","species",,,,,"tagged at 30 cm","mOcIykOnDgd3QV5gHrl8B5rxlWe9VRn+","/ByrziN0LguMJHnInl2NM/trZeA5h+c0",
"7ff983b6-0968-4f3b-8123-182c80ee3b2e","JORN_012.basePlot.vst","2015-10-07","vst_JORN_2015","D14","JORN","JORN_012","32",,"33",1.0,288.8,,"NEON.PLA.D14.JORN.00050",,,"NEON.DOC.000987vE","PRGL2","Prosopis glandulosa Torr.","species",,,,,,"mOcIykOnDgd3QV5gHrl8B5rxlWe9VRn+","/ByrziN0LguMJHnInl2NM/trZeA5h+c0",
"9e5dfc00-1f33-4443-b3c8-9f67fee8a41f","JORN_012.basePlot.vst","2015-10-07","vst_JORN_2015","D14","JORN","JORN_012","32",,"33",10.1,301.4,,"NEON.PLA.D14.JORN.00049",,,"NEON.DOC.000987vE","ATCA2","Atriplex canescens (Pursh) Nutt.","species",,,,,,"mOcIykOnDgd3QV5gHrl8B5rxlWe9VRn+","/ByrziN0LguMJHnInl2NM/trZeA5h+c0",
"e09b09c4-99f4-43b4-9457-07ef417f8532","JORN_012.basePlot.vst","2015-10-07","vst_JORN_2015","D14","JORN","JORN_012",,,,,,,"NEON.PLA.D14.JORN.00051",,,"NEON.DOC.000987vE","ATCA2","Atriplex canescens (Pursh) Nutt.","species",,,,,,"mOcIykOnDgd3QV5gHrl8B5rxlWe9VRn+","/ByrziN0LguMJHnInl2NM/trZeA5h+c0",
"3c4f10e9-6b77-418f-90cc-09da877aea1b","JORN_062.basePlot.vst","2016-10-05","vst_JORN_2016","D14","JORN","JORN_062","40",,"41",5.3,353.3,,"NEON.PLA.D14.JORN.01198",,,"NEON.DOC.000987vE","PRGL2","Prosopis glandulosa Torr.","species",,,,,,"4oiYddzo72NZyz4nMH16IHRs3xHjOIFa","zN0aj0xTw7AIaNa9aVKX3zK98kS5EuZCt81qbW+nFv0=",
"eafe051f-8242-4126-90f0-c388500f50df","JORN_054.basePlot.vst","2016-10-05","vst_JORN_2016","D14","JORN","JORN_054","40",,"41",7.0,341.2,,"NEON.PLA.D14.JORN.01509",,,"NEON.DOC.000987vE","PRGL2","Prosopis glandulosa Torr.","species",,,,,,"h4cnM1FImy0O1yRkPnGyOQFSRP/gNije","j8Qlsy+mKIFpPXmlKY7NH5kCBm442+nv",
"938d586a-26a8-4927-afca-22f4a44ba1a3","JORN_054.basePlot.vst","2016-10-05","vst_JORN_2016","D14","JORN","JORN_054","32",,"41",2.7,116.0,,"NEON.PLA.D14.JORN.01508",,,"NEON.DOC.000987vE","PRGL2","Prosopis glandulosa Torr.","species",,,,,,"h4cnM1FImy0O1yRkPnGyOQFSRP/gNije","j8Qlsy+mKIFpPXmlKY7NH5kCBm442+nv",
"5327c3bd-1134-46fd-bf4d-e70d4c626038","JORN_050.basePlot.vst","2016-10-05","vst_JORN_2016","D14","JORN","JORN_050","32",,"41",5.1,128.8,,"NEON.PLA.D14.JORN.01504",,,"NEON.DOC.000987vE","PRGL2","Prosopis glandulosa Torr.","species",,,,,,"h4cnM1FImy0O1yRkPnGyOQFSRP/gNije","1jPgPLJsI1yDGXXXpUXDbv0ukXnnNL8m",
"27bd2019-e538-4f85-bbdd-c319a688fd62","JORN_054.basePlot.vst","2016-10-05","vst_JORN_2016","D14","JORN","JORN_054","31",,"31",8.6,35.2,,"NEON.PLA.D14.JORN.01507",,,"NEON.DOC.000987vE","PRGL2","Prosopis glandulosa Torr.","species",,,,,,"h4cnM1FImy0O1yRkPnGyOQFSRP/gNije","j8Qlsy+mKIFpPXmlKY7NH5kCBm442+nv",
"2a40961c-31d6-4323-a93b-730442d16885","JORN_042.basePlot.vst","2016-10-05","vst_JORN_2016","D14","JORN","JORN_042","40",,,,,,"NEON.PLA.D14.JORN.01600",,,"NEON.DOC.000987vE","PRGL2","Prosopis glandulosa Torr.","species",,,,,"Azimuth was out of subplot. Needs Mapping.","h4cnM1FImy0O1yRkPnGyOQFSRP/gNije","j8Qlsy+mKIFpPXmlKY7NH5kCBm442+nv",
"4ea37c7c-ab46-41c6-a5b2-919a9c5b12eb","JORN_060.basePlot.vst","2016-10-05","vst_JORN_2016","D14","JORN","JORN_060","31",,"31",7.7,29.4,,"NEON.PLA.D14.JORN.01197",,,"NEON.DOC.000987vE","PRGL2","Prosopis glandulosa Torr.","species",,,,,,"4oiYddzo72NZyz4nMH16IHRs3xHjOIFa","zN0aj0xTw7AIaNa9aVKX3zK98kS5EuZCt81qbW+nFv0=",
"f25ba8e1-77a0-4792-94e6-e44fb59460ca","JORN_042.basePlot.vst","2016-10-05","vst_JORN_2016","D14","JORN","JORN_042","41",,"41",4.5,37.1,,"NEON.PLA.D14.JORN.01501",,,"NEON.DOC.000987vE","PRGL2","Prosopis glandulosa Torr.","species",,,,,,"h4cnM1FImy0O1yRkPnGyOQFSRP/gNije","j8Qlsy+mKIFpPXmlKY7NH5kCBm442+nv",
"feb7dcbd-be6a-4683-88ce-4499cdd384c6","JORN_050.basePlot.vst","2016-10-05","vst_JORN_2016","D14","JORN","JORN_050","31",,"31",6.0,52.5,,"NEON.PLA.D14.JORN.01502",,,"NEON.DOC.000987vE","PRGL2","Prosopis glandulosa Torr.","species",,,,,,"h4cnM1FImy0O1yRkPnGyOQFSRP/gNije","1jPgPLJsI1yDGXXXpUXDbv0ukXnnNL8m",
"b77becd7-a49f-447e-80e0-7d812b06ee49","JORN_050.basePlot.vst","2016-10-05","vst_JORN_2016","D14","JORN","JORN_050","32",,"41",8.7,170.7,,"NEON.PLA.D14.JORN.01503",,,"NEON.DOC.000987vE","PRGL2","Prosopis glandulosa Torr.","species",,,,,,"h4cnM1FImy0O1yRkPnGyOQFSRP/gNije","1jPgPLJsI1yDGXXXpUXDbv0ukXnnNL8m",
"75fea534-1cc1-4961-8c56-8dd6500c2b8c","JORN_050.basePlot.vst","2016-10-05","vst_JORN_2016","D14","JORN","JORN_050","32",,"41",4.4,96.0,,"NEON.PLA.D14.JORN.01505",,,"NEON.DOC.000987vE","PRGL2","Prosopis glandulosa Torr.","species",,,,,,"h4cnM1FImy0O1yRkPnGyOQFSRP/gNije","1jPgPLJsI1yDGXXXpUXDbv0ukXnnNL8m",
"8d132125-0772-4886-8287-7d9b31464614","JORN_047.basePlot.vst","2016-10-06","vst_JORN_2016","D14","JORN","JORN_047","31",,"31",9.1,40.0,,"NEON.PLA.D14.JORN.01191",,,"NEON.DOC.000987vE","PRGL2","Prosopis glandulosa Torr.","species",,,,,,"4oiYddzo72NZyz4nMH16IHRs3xHjOIFa","zN0aj0xTw7AIaNa9aVKX3zK98kS5EuZCt81qbW+nFv0=",
"909a3844-0cc3-4c28-9aa8-b8e10cf8fc99","JORN_048.basePlot.vst","2016-10-06","vst_JORN_2016","D14","JORN","JORN_048","32",,"33",10.9,292.7,,"NEON.PLA.D14.JORN.01513",,,"NEON.DOC.000987vE","PRGL2","Prosopis glandulosa Torr.","species",,,,,,"h4cnM1FImy0O1yRkPnGyOQFSRP/gNije","1jPgPLJsI1yDGXXXpUXDbv0ukXnnNL8m",
"5b751dc4-354b-4011-a686-c2fda018434b","JORN_053.basePlot.vst","2016-10-06","vst_JORN_2016","D14","JORN","JORN_053","32",,"33",3.8,286.9,,"NEON.PLA.D14.JORN.01522",,,"NEON.DOC.000987vE","PRGL2","Prosopis glandulosa Torr.","species",,,,,,"1jPgPLJsI1yDGXXXpUXDbv0ukXnnNL8m","h4cnM1FImy0O1yRkPnGyOQFSRP/gNije",
"85817d3f-e7a5-46a6-b522-4fc0ff9147e0","JORN_052.basePlot.vst","2016-10-06","vst_JORN_2016","D14","JORN","JORN_052","32",,"33",6.3,291.1,,"NEON.PLA.D14.JORN.01518",,,"NEON.DOC.000987vE","PRGL2","Prosopis glandulosa Torr.","species",,,,,,"h4cnM1FImy0O1yRkPnGyOQFSRP/gNije","j8Qlsy+mKIFpPXmlKY7NH5kCBm442+nv",
"4329f451-363f-4b92-a97c-82b327fd7d87","JORN_069.basePlot.vst","2016-10-06","vst_JORN_2016","D14","JORN","JORN_069","31",,"31",7.0,13.9,,"NEON.PLA.D14.JORN.01195",,,"NEON.DOC.000987vE","PRGL2","Prosopis glandulosa Torr.","species",,,,,,"4oiYddzo72NZyz4nMH16IHRs3xHjOIFa","zN0aj0xTw7AIaNa9aVKX3zK98kS5EuZCt81qbW+nFv0=",
"9f14455c-f0f9-4baa-b71b-512ec894ea3b","JORN_069.basePlot.vst","2016-10-06","vst_JORN_2016","D14","JORN","JORN_069","41",,"51",4.5,263.0,,"NEON.PLA.D14.JORN.01193",,,"NEON.DOC.000987vE","PRGL2","Prosopis glandulosa Torr.","species",,,,,,"4oiYddzo72NZyz4nMH16IHRs3xHjOIFa","zN0aj0xTw7AIaNa9aVKX3zK98kS5EuZCt81qbW+nFv0=",
"613c8121-7661-4b9e-9ed3-62137b0c8b86","JORN_067.basePlot.vst","2016-10-06","vst_JORN_2016","D14","JORN","JORN_067","41",,"41",1.6,45.0,,"NEON.PLA.D14.JORN.01187",,,"NEON.DOC.000987vE","PRGL2","Prosopis glandulosa Torr.","species",,,,,,"zN0aj0xTw7AIaNa9aVKX3zK98kS5EuZCt81qbW+nFv0=","4oiYddzo72NZyz4nMH16IHRs3xHjOIFa",
"7a6a3e38-422b-4478-841a-b27bb166a04f","JORN_044.basePlot.vst","2016-10-06","vst_JORN_2016","D14","JORN","JORN_044","31",,"41",1.2,218.0,,"NEON.PLA.D14.JORN.01194",,,"NEON.DOC.000987vE","PRGL2","Prosopis glandulosa Torr.","species",,,,,,"zN0aj0xTw7AIaNa9aVKX3zK98kS5EuZCt81qbW+nFv0=","4oiYddzo72NZyz4nMH16IHRs3xHjOIFa",
"82df6f87-371f-4e77-af4f-1c6d97faaee9","JORN_056.basePlot.vst","2016-10-06","vst_JORN_2016","D14","JORN","JORN_056","32",,"33",8.8,307.7,,"NEON.PLA.D14.JORN.01514",,,"NEON.DOC.000987vE","PRGL2","Prosopis glandulosa Torr.","species",,,,,,"1jPgPLJsI1yDGXXXpUXDbv0ukXnnNL8m","j8Qlsy+mKIFpPXmlKY7NH5kCBm442+nv",
"6edd9b80-8a34-4adc-a078-7ca7739f99dd","JORN_056.basePlot.vst","2016-10-06","vst_JORN_2016","D14","JORN","JORN_056","32",,"33",6.2,340.6,,"NEON.PLA.D14.JORN.01515",,,"NEON.DOC.000987vE","PRGL2","Prosopis glandulosa Torr.","species",,,,,,"1jPgPLJsI1yDGXXXpUXDbv0ukXnnNL8m","j8Qlsy+mKIFpPXmlKY7NH5kCBm442+nv",
"fae15e3a-aaf4-4325-8731-cfd72f3b9423","JORN_056.basePlot.vst","2016-10-06","vst_JORN_2016","D14","JORN","JORN_056","41",,"41",7.6,5.5,,"NEON.PLA.D14.JORN.01516",,,"NEON.DOC.000987vE","PRGL2","Prosopis glandulosa Torr.","species",,,,,,"1jPgPLJsI1yDGXXXpUXDbv0ukXnnNL8m","j8Qlsy+mKIFpPXmlKY7NH5kCBm442+nv",
"cd505050-2fa2-4782-bdf3-a6b625525831","JORN_044.basePlot.vst","2016-10-06","vst_JORN_2016","D14","JORN","JORN_044","32",,"41",4.4,113.0,,"NEON.PLA.D14.JORN.01192",,,"NEON.DOC.000987vE","PRGL2","Prosopis glandulosa Torr.","species",,,,,,"zN0aj0xTw7AIaNa9aVKX3zK98kS5EuZCt81qbW+nFv0=","4oiYddzo72NZyz4nMH16IHRs3xHjOIFa",
"c4d651b2-ec23-44c8-ad61-fe6defcf9272","JORN_048.basePlot.vst","2016-10-06","vst_JORN_2016","D14","JORN","JORN_048","40",,"49",10.3,136.3,,"NEON.PLA.D14.JORN.01512",,,"NEON.DOC.000987vE","PRGL2","Prosopis glandulosa Torr.","species",,,,,,"h4cnM1FImy0O1yRkPnGyOQFSRP/gNije","1jPgPLJsI1yDGXXXpUXDbv0ukXnnNL8m",
"5f1803c2-c57a-490e-a6db-a9e55895a69b","JORN_067.basePlot.vst","2016-10-06","vst_JORN_2016","D14","JORN","JORN_067","32",,"41",4.6,171.0,,"NEON.PLA.D14.JORN.01182",,,"NEON.DOC.000987vE","PRGL2","Prosopis glandulosa Torr.","species",,,,,,"zN0aj0xTw7AIaNa9aVKX3zK98kS5EuZCt81qbW+nFv0=","4oiYddzo72NZyz4nMH16IHRs3xHjOIFa",
"43243d2b-5a29-492e-90e6-e20a70235343","JORN_067.basePlot.vst","2016-10-06","vst_JORN_2016","D14","JORN","JORN_067","32",,"41",9.6,154.0,,"NEON.PLA.D14.JORN.01183",,,"NEON.DOC.000987vE","PRGL2","Prosopis glandulosa Torr.","species",,,,,,"zN0aj0xTw7AIaNa9aVKX3zK98kS5EuZCt81qbW+nFv0=","4oiYddzo72NZyz4nMH16IHRs3xHjOIFa",
"a961709c-ff47-47a7-afa6-5b80e3a093ca","JORN_067.basePlot.vst","2016-10-06","vst_JORN_2016","D14","JORN","JORN_067","41",,"41",1.6,45.0,,"NEON.PLA.D14.JORN.01187",,,"NEON.DOC.000987vE","PRGL2","Prosopis glandulosa Torr.","species",,,,,,"zN0aj0xTw7AIaNa9aVKX3zK98kS5EuZCt81qbW+nFv0=","4oiYddzo72NZyz4nMH16IHRs3xHjOIFa",
"68f28df8-f5fe-424e-bbde-5f3ce0da4c9c","JORN_053.basePlot.vst","2016-10-06","vst_JORN_2016","D14","JORN","JORN_053","31",,"31",9.8,29.2,,"NEON.PLA.D14.JORN.01521",,,"NEON.DOC.000987vE","PRGL2","Prosopis glandulosa Torr.","species",,,,,,"1jPgPLJsI1yDGXXXpUXDbv0ukXnnNL8m","h4cnM1FImy0O1yRkPnGyOQFSRP/gNije",
"bde18abf-aece-4901-b83a-bb37317f7868","JORN_047.basePlot.vst","2016-10-06","vst_JORN_2016","D14","JORN","JORN_047","40",,"49",3.7,102.0,,"NEON.PLA.D14.JORN.01188",,,"NEON.DOC.000987vE","PRGL2","Prosopis glandulosa Torr.","species",,,,,,"4oiYddzo72NZyz4nMH16IHRs3xHjOIFa","zN0aj0xTw7AIaNa9aVKX3zK98kS5EuZCt81qbW+nFv0=",
"d81168fb-352e-49e7-9e5e-9d4b5d53acd6","JORN_047.basePlot.vst","2016-10-06","vst_JORN_2016","D14","JORN","JORN_047","41",,"41",6.2,70.0,,"NEON.PLA.D14.JORN.01189",,,"NEON.DOC.000987vE","PRGL2","Prosopis glandulosa Torr.","species",,,,,,"4oiYddzo72NZyz4nMH16IHRs3xHjOIFa","zN0aj0xTw7AIaNa9aVKX3zK98kS5EuZCt81qbW+nFv0=",
"deea4eeb-390a-4388-ad1f-8b615b6f3160","JORN_052.basePlot.vst","2016-10-06","vst_JORN_2016","D14","JORN","JORN_052","32",,"33",6.9,357.5,,"NEON.PLA.D14.JORN.01519",,,"NEON.DOC.000987vE","PRGL2","Prosopis glandulosa Torr.","species",,,,,,"h4cnM1FImy0O1yRkPnGyOQFSRP/gNije","j8Qlsy+mKIFpPXmlKY7NH5kCBm442+nv",
"b3333aeb-1d6c-4b53-8d0f-91e44ff29df2","JORN_057.basePlot.vst","2016-10-07","vst_JORN_2016","D14","JORN","JORN_057","32",,"41",0.8,126.5,,"NEON.PLA.D14.JORN.01178",,,"NEON.DOC.000987vE","PRGL2","Prosopis glandulosa Torr.","species",,,,,,"zN0aj0xTw7AIaNa9aVKX3zK98kS5EuZCt81qbW+nFv0=","4oiYddzo72NZyz4nMH16IHRs3xHjOIFa",
"07139730-204e-464c-848f-0c707df6f765","JORN_049.basePlot.vst","2016-10-07","vst_JORN_2016","D14","JORN","JORN_049","40",,"49",6.1,155.6,,"NEON.PLA.D14.JORN.01523",,,"NEON.DOC.000987vE","PRGL2","Prosopis glandulosa Torr.","species",,,,,,"1jPgPLJsI1yDGXXXpUXDbv0ukXnnNL8m","j8Qlsy+mKIFpPXmlKY7NH5kCBm442+nv",
"2beec1d4-d7f8-4d69-a9bc-a3587e4665be","JORN_049.basePlot.vst","2016-10-07","vst_JORN_2016","D14","JORN","JORN_049","31",,"31",10.5,36.0,,"NEON.PLA.D14.JORN.01520",,,"NEON.DOC.000987vE","PRGL2","Prosopis glandulosa Torr.","species",,,,,,"1jPgPLJsI1yDGXXXpUXDbv0ukXnnNL8m","j8Qlsy+mKIFpPXmlKY7NH5kCBm442+nv",
"7fb9428a-193d-4ce6-bc63-a7d770b49b90","JORN_057.basePlot.vst","2016-10-07","vst_JORN_2016","D14","JORN","JORN_057","31",,"41",6.1,222.6,,"NEON.PLA.D14.JORN.01177",,,"NEON.DOC.000987vE","PRGL2","Prosopis glandulosa Torr.","species",,,,,,"zN0aj0xTw7AIaNa9aVKX3zK98kS5EuZCt81qbW+nFv0=","4oiYddzo72NZyz4nMH16IHRs3xHjOIFa",
"de8b5e89-8978-4059-86af-9e77acd4e944","JORN_059.basePlot.vst","2016-10-07","vst_JORN_2016","D14","JORN","JORN_059","32",,"33",2.7,346.8,,"NEON.PLA.D14.JORN.01527",,,"NEON.DOC.000987vE","PRGL2","Prosopis glandulosa Torr.","species",,,,,,"1jPgPLJsI1yDGXXXpUXDbv0ukXnnNL8m","j8Qlsy+mKIFpPXmlKY7NH5kCBm442+nv",
"518d0f99-2632-4a53-9938-019b507e8ff3","JORN_046.basePlot.vst","2016-10-07","vst_JORN_2016","D14","JORN","JORN_046","41",,"51",11.8,249.2,,"NEON.PLA.D14.JORN.01525",,,"NEON.DOC.000987vE","PRGL2","Prosopis glandulosa Torr.","species",,,,,,"j8Qlsy+mKIFpPXmlKY7NH5kCBm442+nv","1jPgPLJsI1yDGXXXpUXDbv0ukXnnNL8m",
"15882ded-e4eb-41a6-a3fd-936cd3c1a189","JORN_059.basePlot.vst","2016-10-07","vst_JORN_2016","D14","JORN","JORN_059","40",,"49",9.7,119.2,,"NEON.PLA.D14.JORN.01528",,,"NEON.DOC.000987vE","PRGL2","Prosopis glandulosa Torr.","species",,,,,,"1jPgPLJsI1yDGXXXpUXDbv0ukXnnNL8m","j8Qlsy+mKIFpPXmlKY7NH5kCBm442+nv",
"e0d54ec1-a6f9-4552-9bf1-0752b931b2e4","JORN_046.basePlot.vst","2016-10-07","vst_JORN_2016","D14","JORN","JORN_046","31",,"31",8.8,47.9,,"NEON.PLA.D14.JORN.01524",,,"NEON.DOC.000987vE","PRGL2","Prosopis glandulosa Torr.","species",,,,,,"j8Qlsy+mKIFpPXmlKY7NH5kCBm442+nv","1jPgPLJsI1yDGXXXpUXDbv0ukXnnNL8m",
"4da8bfc5-a36d-4ee3-9d3c-312c4d9e342b","JORN_059.basePlot.vst","2016-10-07","vst_JORN_2016","D14","JORN","JORN_059","32",,"41",4.5,111.5,,"NEON.PLA.D14.JORN.01529",,,"NEON.DOC.000987vE","PRGL2","Prosopis glandulosa Torr.","species",,,,,,"1jPgPLJsI1yDGXXXpUXDbv0ukXnnNL8m","j8Qlsy+mKIFpPXmlKY7NH5kCBm442+nv",
"a28c49ca-1f1a-49a4-af38-8208673c0bdd","JORN_059.basePlot.vst","2016-10-07","vst_JORN_2016","D14","JORN","JORN_059","41",,"51",9.9,260.3,,"NEON.PLA.D14.JORN.01531",,,"NEON.DOC.000987vE","PRGL2","Prosopis glandulosa Torr.","species",,,,,,"1jPgPLJsI1yDGXXXpUXDbv0ukXnnNL8m","j8Qlsy+mKIFpPXmlKY7NH5kCBm442+nv",
"10349fda-b012-4297-b689-8610ae18a418","JORN_059.basePlot.vst","2016-10-07","vst_JORN_2016","D14","JORN","JORN_059","32",,"51",13.8,228.8,,"NEON.PLA.D14.JORN.01530",,,"NEON.DOC.000987vE","PRGL2","Prosopis glandulosa Torr.","species",,,,,,"1jPgPLJsI1yDGXXXpUXDbv0ukXnnNL8m","j8Qlsy+mKIFpPXmlKY7NH5kCBm442+nv",
"355bfd0b-e427-4713-b28b-f7f1c96f4eb1","JORN_059.basePlot.vst","2016-10-07","vst_JORN_2016","D14","JORN","JORN_059","32",,"33",2.3,307.8,,"NEON.PLA.D14.JORN.01526",,,"NEON.DOC.000987vE","PRGL2","Prosopis glandulosa Torr.","species",,,,,,"1jPgPLJsI1yDGXXXpUXDbv0ukXnnNL8m","j8Qlsy+mKIFpPXmlKY7NH5kCBm442+nv",
"6133c263-24d7-4b0b-a7c2-2d74428c8bf2","JORN_066.basePlot.vst","2016-10-08","vst_JORN_2016","D14","JORN","JORN_066","31",,"31",3.3,21.1,,"NEON.PLA.D14.JORN.01180",,,"NEON.DOC.000987vE","PRGL2","Prosopis glandulosa Torr.","species",,,,,,"zN0aj0xTw7AIaNa9aVKX3zK98kS5EuZCt81qbW+nFv0=","4oiYddzo72NZyz4nMH16IHRs3xHjOIFa",
"89ddbc1f-6300-451a-ae73-8c6a35e8cbd3","JORN_066.basePlot.vst","2016-10-08","vst_JORN_2016","D14","JORN","JORN_066","41",,"41",1.7,19.1,,"NEON.PLA.D14.JORN.01200",,,"NEON.DOC.000987vE","PRGL2","Prosopis glandulosa Torr.","species",,,,,,"zN0aj0xTw7AIaNa9aVKX3zK98kS5EuZCt81qbW+nFv0=","4oiYddzo72NZyz4nMH16IHRs3xHjOIFa",
"f09464ff-41c7-437b-882b-64fecd8af205","JORN_066.basePlot.vst","2016-10-08","vst_JORN_2016","D14","JORN","JORN_066","41",,"41",8.6,58.5,,"NEON.PLA.D14.JORN.01184",,,"NEON.DOC.000987vE","PRGL2","Prosopis glandulosa Torr.","species",,,,,,"zN0aj0xTw7AIaNa9aVKX3zK98kS5EuZCt81qbW+nFv0=","4oiYddzo72NZyz4nMH16IHRs3xHjOIFa",
"6bbff80f-c9e1-4449-872c-70f28977d77a","JORN_066.basePlot.vst","2016-10-08","vst_JORN_2016","D14","JORN","JORN_066","40",,"41",6.7,332.7,,"NEON.PLA.D14.JORN.01181",,,"NEON.DOC.000987vE","PRGL2","Prosopis glandulosa Torr.","species",,,,,,"zN0aj0xTw7AIaNa9aVKX3zK98kS5EuZCt81qbW+nFv0=","4oiYddzo72NZyz4nMH16IHRs3xHjOIFa",
"2c9453cd-dbe9-4dca-94cc-41aaee7fff19","JORN_071.basePlot.vst","2016-10-08","vst_JORN_2016","D14","JORN","JORN_071","41",,"41",7.0,77.1,,"NEON.PLA.D14.JORN.01535",,,"NEON.DOC.000987vE","PRGL2","Prosopis glandulosa Torr.","species",,,,,,"j8Qlsy+mKIFpPXmlKY7NH5kCBm442+nv","1jPgPLJsI1yDGXXXpUXDbv0ukXnnNL8m",
"b7d96a27-3f2b-4845-aa9f-eecf1beb5af8","JORN_071.basePlot.vst","2016-10-08","vst_JORN_2016","D14","JORN","JORN_071","32",,"33",3.3,285.9,,"NEON.PLA.D14.JORN.01532",,,"NEON.DOC.000987vE","PRGL2","Prosopis glandulosa Torr.","species",,,,,,"j8Qlsy+mKIFpPXmlKY7NH5kCBm442+nv","1jPgPLJsI1yDGXXXpUXDbv0ukXnnNL8m",
"57a168d7-c2d1-4839-b7cc-5edaecaba9bb","JORN_071.basePlot.vst","2016-10-08","vst_JORN_2016","D14","JORN","JORN_071","32",,"33",9.7,300.2,,"NEON.PLA.D14.JORN.01533",,,"NEON.DOC.000987vE","PRGL2","Prosopis glandulosa Torr.","species",,,,,,"j8Qlsy+mKIFpPXmlKY7NH5kCBm442+nv","1jPgPLJsI1yDGXXXpUXDbv0ukXnnNL8m",
"5eca5c11-0b88-4171-8a54-5621e8b7d6fe","JORN_071.basePlot.vst","2016-10-08","vst_JORN_2016","D14","JORN","JORN_071","32",,"41",13.0,135.5,,"NEON.PLA.D14.JORN.01534",,,"NEON.DOC.000987vE","PRGL2","Prosopis glandulosa Torr.","species",,,,,,"j8Qlsy+mKIFpPXmlKY7NH5kCBm442+nv","1jPgPLJsI1yDGXXXpUXDbv0ukXnnNL8m",
"ea162d4a-994c-4dda-a29d-5d6adae508d9","JORN_065.basePlot.vst","2016-10-08","vst_JORN_2016","D14","JORN","JORN_065","32",,"41",1.6,39.0,,"NEON.PLA.D14.JORN.01179",,,"NEON.DOC.000987vE","PRGL2","Prosopis glandulosa Torr.","species",,,,,,"zN0aj0xTw7AIaNa9aVKX3zK98kS5EuZCt81qbW+nFv0=","4oiYddzo72NZyz4nMH16IHRs3xHjOIFa",
"526507b2-705e-41a7-a70c-6d4d7559f591","JORN_051.basePlot.vst","2016-10-08","vst_JORN_2016","D14","JORN","JORN_051","31",,"31",7.1,42.8,,"NEON.PLA.D14.JORN.01173",,,"NEON.DOC.000987vE","PRGL2","Prosopis glandulosa Torr.","species",,,,,,"4oiYddzo72NZyz4nMH16IHRs3xHjOIFa","zN0aj0xTw7AIaNa9aVKX3zK98kS5EuZCt81qbW+nFv0=",
"853c0022-d87b-4539-a212-ce73dfc2d8b6","JORN_051.basePlot.vst","2016-10-08","vst_JORN_2016","D14","JORN","JORN_051","41",,"41",4.2,45.2,,"NEON.PLA.D14.JORN.01175",,,"NEON.DOC.000987vE","PRGL2","Prosopis glandulosa Torr.","species",,,,,,"4oiYddzo72NZyz4nMH16IHRs3xHjOIFa","zN0aj0xTw7AIaNa9aVKX3zK98kS5EuZCt81qbW+nFv0=",
"cad99506-c4e6-40e1-a8ed-a62b1ac9e8de","JORN_051.basePlot.vst","2016-10-08","vst_JORN_2016","D14","JORN","JORN_051","40",,"41",7.6,319.6,,"NEON.PLA.D14.JORN.01174",,,"NEON.DOC.000987vE","PRGL2","Prosopis glandulosa Torr.","species",,,,,,"4oiYddzo72NZyz4nMH16IHRs3xHjOIFa","zN0aj0xTw7AIaNa9aVKX3zK98kS5EuZCt81qbW+nFv0=",
"68df959a-9773-4efe-8508-a1d91b352e84","JORN_070.basePlot.vst","2016-10-08","vst_JORN_2016","D14","JORN","JORN_070","31",,"31",8.0,38.2,,"NEON.PLA.D14.JORN.01537",,,"NEON.DOC.000987vE","PRGL2","Prosopis glandulosa Torr.","species",,,,,,"1jPgPLJsI1yDGXXXpUXDbv0ukXnnNL8m","j8Qlsy+mKIFpPXmlKY7NH5kCBm442+nv",
"548a8d4e-ff5a-46d6-b50b-4dc2ca3f8ced","JORN_070.basePlot.vst","2016-10-08","vst_JORN_2016","D14","JORN","JORN_070","31",,"31",12.6,47.8,,"NEON.PLA.D14.JORN.01538",,,"NEON.DOC.000987vE","PRGL2","Prosopis glandulosa Torr.","species",,,,,,"1jPgPLJsI1yDGXXXpUXDbv0ukXnnNL8m","j8Qlsy+mKIFpPXmlKY7NH5kCBm442+nv",
"1471a6a9-4aa2-4e42-b815-65bec0da76c6","JORN_064.basePlot.vst","2016-10-08","vst_JORN_2016","D14","JORN","JORN_064","41",,"41",8.7,62.0,,"NEON.PLA.D14.JORN.01171",,,"NEON.DOC.000987vE","PRGL2","Prosopis glandulosa Torr.","species",,,,,,"4oiYddzo72NZyz4nMH16IHRs3xHjOIFa","zN0aj0xTw7AIaNa9aVKX3zK98kS5EuZCt81qbW+nFv0=",
"ebc63c01-9cb0-4109-9208-ea4640317f4e","JORN_064.basePlot.vst","2016-10-08","vst_JORN_2016","D14","JORN","JORN_064","41",,"41",3.7,27.0,,"NEON.PLA.D14.JORN.01172",,,"NEON.DOC.000987vE","PRGL2","Prosopis glandulosa Torr.","species",,,,,,"4oiYddzo72NZyz4nMH16IHRs3xHjOIFa","zN0aj0xTw7AIaNa9aVKX3zK98kS5EuZCt81qbW+nFv0=",
"c99c0d71-7e2c-436c-9dac-753f6e5c761b","JORN_064.basePlot.vst","2016-10-08","vst_JORN_2016","D14","JORN","JORN_064","32",,"41",8.0,136.5,,"NEON.PLA.D14.JORN.01170",,,"NEON.DOC.000987vE","PRGL2","Prosopis glandulosa Torr.","species",,,,,,"4oiYddzo72NZyz4nMH16IHRs3xHjOIFa","zN0aj0xTw7AIaNa9aVKX3zK98kS5EuZCt81qbW+nFv0=",
"abeb5a00-2839-4ba6-9cfa-facde37a5854","JORN_064.basePlot.vst","2016-10-08","vst_JORN_2016","D14","JORN","JORN_064","31",,"41",8.4,221.7,,"NEON.PLA.D14.JORN.01168",,,"NEON.DOC.000987vE","PRGL2","Prosopis glandulosa Torr.","species",,,,,,"4oiYddzo72NZyz4nMH16IHRs3xHjOIFa","zN0aj0xTw7AIaNa9aVKX3zK98kS5EuZCt81qbW+nFv0=",
"c076cadd-b87a-45ca-8365-cf9eab7e2add","JORN_064.basePlot.vst","2016-10-08","vst_JORN_2016","D14","JORN","JORN_064","41",,"41",2.0,55.6,,"NEON.PLA.D14.JORN.01167",,,"NEON.DOC.000987vE","PRGL2","Prosopis glandulosa Torr.","species",,,,,,"4oiYddzo72NZyz4nMH16IHRs3xHjOIFa","zN0aj0xTw7AIaNa9aVKX3zK98kS5EuZCt81qbW+nFv0=",
"f910ed92-5715-449a-aac6-b91e95b34a88","JORN_064.basePlot.vst","2016-10-08","vst_JORN_2016","D14","JORN","JORN_064","40",,"49",5.8,168.5,,"NEON.PLA.D14.JORN.01169",,,"NEON.DOC.000987vE","PRGL2","Prosopis glandulosa Torr.","species",,,,,,"4oiYddzo72NZyz4nMH16IHRs3xHjOIFa","zN0aj0xTw7AIaNa9aVKX3zK98kS5EuZCt81qbW+nFv0=",
"7278ec61-dc70-422a-9e52-ecc208205974","JORN_043.basePlot.vst","2016-10-08","vst_JORN_2016","D14","JORN","JORN_043","41",,"51",4.9,220.2,,"NEON.PLA.D14.JORN.01540",,,"NEON.DOC.000987vE","PRGL2","Prosopis glandulosa Torr.","species",,,,,,"j8Qlsy+mKIFpPXmlKY7NH5kCBm442+nv","1jPgPLJsI1yDGXXXpUXDbv0ukXnnNL8m",
"e12d5fb4-f8a6-4307-b304-4dc9d3a0c41c","JORN_071.basePlot.vst","2016-10-08","vst_JORN_2016","D14","JORN","JORN_071","41",,"41",4.8,40.5,,"NEON.PLA.D14.JORN.01536",,,"NEON.DOC.000987vE","PRGL2","Prosopis glandulosa Torr.","species",,,,,,"j8Qlsy+mKIFpPXmlKY7NH5kCBm442+nv","1jPgPLJsI1yDGXXXpUXDbv0ukXnnNL8m",
"dd21f3f2-c6b9-4d43-9d96-548459cdeb31","JORN_043.basePlot.vst","2016-10-08","vst_JORN_2016","D14","JORN","JORN_043","31",,"31",8.0,59.1,,"NEON.PLA.D14.JORN.01539",,,"NEON.DOC.000987vG","PRGL2","Prosopis glandulosa Torr.","species",,,,,,"1jPgPLJsI1yDGXXXpUXDbv0ukXnnNL8m","Ncz1KKFwJgVK4q0Om8WkZm0sx/qYnpfhodjXk7LImkM=",
"ec7a5bf6-a37d-4d73-a33d-30695cfe0899","JORN_066.basePlot.vst","2016-10-08","vst_JORN_2016","D14","JORN","JORN_066","40",,"41",10.6,334.9,,"NEON.PLA.D14.JORN.01196",,,"NEON.DOC.000987vE","PRGL2","Prosopis glandulosa Torr.","species",,,,,,"zN0aj0xTw7AIaNa9aVKX3zK98kS5EuZCt81qbW+nFv0=","4oiYddzo72NZyz4nMH16IHRs3xHjOIFa",
"7eb20e41-cc3b-4be8-9310-f4a489febb16","JORN_055.basePlot.vst","2016-10-09","vst_JORN_2016","D14","JORN","JORN_055","31",,,,,,"NEON.PLA.D14.JORN.01546",,"00002","NEON.DOC.000987vE","EPTR","Ephedra trifurca Torr. ex S. Watson","species",,,,,,"j8Qlsy+mKIFpPXmlKY7NH5kCBm442+nv","4oiYddzo72NZyz4nMH16IHRs3xHjOIFa",
"cd576922-7459-412c-b226-5276ef8cb9c5","JORN_055.basePlot.vst","2016-10-09","vst_JORN_2016","D14","JORN","JORN_055","41",,"51",6.1,209.0,,"NEON.PLA.D14.JORN.01545",,,"NEON.DOC.000987vE","PRGL2","Prosopis glandulosa Torr.","species",,,,,,"j8Qlsy+mKIFpPXmlKY7NH5kCBm442+nv","4oiYddzo72NZyz4nMH16IHRs3xHjOIFa",
"521e9232-924c-45c0-9040-f6221d827be0","JORN_055.basePlot.vst","2016-10-09","vst_JORN_2016","D14","JORN","JORN_055","31",,"31",8.5,51.6,,"NEON.PLA.D14.JORN.01544",,,"NEON.DOC.000987vE","PRGL2","Prosopis glandulosa Torr.","species",,,,,,"j8Qlsy+mKIFpPXmlKY7NH5kCBm442+nv","4oiYddzo72NZyz4nMH16IHRs3xHjOIFa",
"a90c75ba-dae4-4323-b296-02db135b7da4","JORN_055.basePlot.vst","2016-10-09","vst_JORN_2016","D14","JORN","JORN_055","31",,"31",8.0,13.5,,"NEON.PLA.D14.JORN.01543",,,"NEON.DOC.000987vE","PRGL2","Prosopis glandulosa Torr.","species",,,,,,"j8Qlsy+mKIFpPXmlKY7NH5kCBm442+nv","4oiYddzo72NZyz4nMH16IHRs3xHjOIFa",
"30c5953a-7204-4e7b-9f54-f41ece147e7a","JORN_045.basePlot.vst","2016-10-09","vst_JORN_2016","D14","JORN","JORN_045","40",,"31",13.0,7.4,,"NEON.PLA.D14.JORN.01541",,,"NEON.DOC.000987vE","PRGL2","Prosopis glandulosa Torr.","species",,,,,,"4oiYddzo72NZyz4nMH16IHRs3xHjOIFa","j8Qlsy+mKIFpPXmlKY7NH5kCBm442+nv",
"c16cb078-77db-4ff3-8e10-dc13d1eb39a7","JORN_045.basePlot.vst","2016-10-09","vst_JORN_2016","D14","JORN","JORN_045","41",,"51",10.4,208.9,,"NEON.PLA.D14.JORN.01542",,,"NEON.DOC.000987vE","PRGL2","Prosopis glandulosa Torr.","species",,,,,,"4oiYddzo72NZyz4nMH16IHRs3xHjOIFa","j8Qlsy+mKIFpPXmlKY7NH5kCBm442+nv",
"44de90c0-edcd-4168-beb7-18a5584368b1","JORN_063.basePlot.vst","2016-12-01","vst_JORN_2016","D14","JORN","JORN_063","32",,"33",5.8,352.0,,"NEON.PLA.D14.JORN.01185",,,"NEON.DOC.000987vE","PRGL2","Prosopis glandulosa Torr.","species",,,,,,"4oiYddzo72NZyz4nMH16IHRs3xHjOIFa","zN0aj0xTw7AIaNa9aVKX3zK98kS5EuZCt81qbW+nFv0=",
"99fadecb-b9cc-474b-a836-8722f8f2d129","JORN_058.basePlot.vst","2016-12-02","vst_JORN_2016","D14","JORN","JORN_058","40",,"41",7.0,349.4,,"NEON.PLA.D14.JORN.01176",,,"NEON.DOC.000987vE","PRGL2","Prosopis glandulosa Torr.","species",,,,,,"zN0aj0xTw7AIaNa9aVKX3zK98kS5EuZCt81qbW+nFv0=","4oiYddzo72NZyz4nMH16IHRs3xHjOIFa",
"0dc7d349-eeda-4ebe-9443-d66afc9c816c","JORN_004.basePlot.vst","2017-08-22","vst_JORN_2017","D14","JORN","JORN_004","40",,"31",19.5,20.4,,"NEON.PLA.D14.JORN.02598",,,"NEON.DOC.000987vG","PRGL2","Prosopis glandulosa Torr.","species",,,,,"Remove Z Tag","U4kvMG6rGRhAGF6ux0lJOMuhNa/DRZZ9PaodSBi6fAA=","Ncz1KKFwJgVK4q0Om8WkZm0sx/qYnpfhodjXk7LImkM=",
"a27bfbd7-9d9c-4761-b9d8-2e60369f0072","JORN_007.basePlot.vst","2017-08-22","vst_JORN_2017","D14","JORN","JORN_007","31",,"31",14.7,41.5,,"NEON.PLA.D14.JORN.02698",,,"NEON.DOC.000987vG","YUEL","Yucca elata (Engelm.) Engelm.","species",,,,,"remove Z Tag","jsTjq759p0sW6l4HEM4a2vh3YQ8Sowis","HSLHxoHyU+OUsiFMGmLLQtrjXj9jFn9P",
"6b95a459-05b5-4dcf-a7a8-b4bc90dde614","JORN_007.basePlot.vst","2017-08-22","vst_JORN_2017","D14","JORN","JORN_007","31",,"31",10.7,33.7,,"NEON.PLA.D14.JORN.02700",,,"NEON.DOC.000987vG","PRGL2","Prosopis glandulosa Torr.","species",,,,,"Remove Z Tag","jsTjq759p0sW6l4HEM4a2vh3YQ8Sowis","HSLHxoHyU+OUsiFMGmLLQtrjXj9jFn9P",
"a94ca714-1614-461c-8eb3-1216a95c248c","JORN_006.basePlot.vst","2017-08-22","vst_JORN_2017","D14","JORN","JORN_006","32",,"31",19.3,60.2,,"NEON.PLA.D14.JORN.02695",,,"NEON.DOC.000987vG","PRGL2","Prosopis glandulosa Torr.","species",,,,,,"jsTjq759p0sW6l4HEM4a2vh3YQ8Sowis","HSLHxoHyU+OUsiFMGmLLQtrjXj9jFn9P",
"8a02410d-19b3-417a-be2f-f35638b7d27e","JORN_006.basePlot.vst","2017-08-22","vst_JORN_2017","D14","JORN","JORN_006","31",,"31",10.6,14.7,,"NEON.PLA.D14.JORN.02697",,,"NEON.DOC.000987vG","PRGL2","Prosopis glandulosa Torr.","species",,,,,"Remove Z Tag","HSLHxoHyU+OUsiFMGmLLQtrjXj9jFn9P","jsTjq759p0sW6l4HEM4a2vh3YQ8Sowis",
"8153e4d4-2ce5-46f7-b94d-46bfbae4ae3f","JORN_007.basePlot.vst","2017-08-22","vst_JORN_2017","D14","JORN","JORN_007","31",,"31",18.6,26.2,,"NEON.PLA.D14.JORN.02699",,,"NEON.DOC.000987vG","PRGL2","Prosopis glandulosa Torr.","species",,,,,"Remove Z Tag","jsTjq759p0sW6l4HEM4a2vh3YQ8Sowis","HSLHxoHyU+OUsiFMGmLLQtrjXj9jFn9P",
"35c62fde-56cf-4bae-8683-6059dc6b8fb4","JORN_003.basePlot.vst","2017-08-22","vst_JORN_2017","D14","JORN","JORN_003","41",,"31",19.1,34.7,,"NEON.PLA.D14.JORN.02693",,,"NEON.DOC.000987vG","PRGL2","Prosopis glandulosa Torr.","species",,,,,"Remove Z Tag","HSLHxoHyU+OUsiFMGmLLQtrjXj9jFn9P","jsTjq759p0sW6l4HEM4a2vh3YQ8Sowis",
"029248d7-b05a-49cb-9fc9-f133324bfc40","JORN_003.basePlot.vst","2017-08-22","vst_JORN_2017","D14","JORN","JORN_003","31",,"31",10.3,41.4,,"NEON.PLA.D14.JORN.02692",,,"NEON.DOC.000987vG","YUEL","Yucca elata (Engelm.) Engelm.","species",,,,,"Remove Z Tag","HSLHxoHyU+OUsiFMGmLLQtrjXj9jFn9P","jsTjq759p0sW6l4HEM4a2vh3YQ8Sowis",
"1eccd9ae-5392-4f91-81f4-306d26713541","JORN_004.basePlot.vst","2017-08-22","vst_JORN_2017","D14","JORN","JORN_004","32",,"31",14.7,73.4,,"NEON.PLA.D14.JORN.02600",,,"NEON.DOC.000987vG","PRGL2","Prosopis glandulosa Torr.","species",,,,,"Remove Z Tag","U4kvMG6rGRhAGF6ux0lJOMuhNa/DRZZ9PaodSBi6fAA=","Ncz1KKFwJgVK4q0Om8WkZm0sx/qYnpfhodjXk7LImkM=",
"1a5d3710-7419-437e-aa66-9768387e83dd","JORN_004.basePlot.vst","2017-08-22","vst_JORN_2017","D14","JORN","JORN_004","32",,"31",19.3,66.8,,"NEON.PLA.D14.JORN.02599",,,"NEON.DOC.000987vG","PRGL2","Prosopis glandulosa Torr.","species",,,,,"Remove Z Tag","U4kvMG6rGRhAGF6ux0lJOMuhNa/DRZZ9PaodSBi6fAA=","Ncz1KKFwJgVK4q0Om8WkZm0sx/qYnpfhodjXk7LImkM=",
"cefac6ce-aeb0-4b58-a6ba-9670449b3ad7","JORN_006.basePlot.vst","2017-08-22","vst_JORN_2017","D14","JORN","JORN_006","31",,"31",15.8,32.4,,"NEON.PLA.D14.JORN.02696",,,"NEON.DOC.000987vG","PRGL2","Prosopis glandulosa Torr.","species",,,,,"remove Z Tag","HSLHxoHyU+OUsiFMGmLLQtrjXj9jFn9P","jsTjq759p0sW6l4HEM4a2vh3YQ8Sowis",
"fbaf2f3f-f11b-49e1-8f02-72c7606afb2e","JORN_003.basePlot.vst","2017-08-22","vst_JORN_2017","D14","JORN","JORN_003","32",,"31",11.5,75.5,,"NEON.PLA.D14.JORN.02694",,,"NEON.DOC.000987vG","PRGL2","Prosopis glandulosa Torr.","species",,,,,"Remove Z Tag","HSLHxoHyU+OUsiFMGmLLQtrjXj9jFn9P","jsTjq759p0sW6l4HEM4a2vh3YQ8Sowis",
"bfe168e3-7f36-467d-92b6-71a65313b3bf","JORN_002.basePlot.vst","2017-08-23","vst_JORN_2017","D14","JORN","JORN_002","41",,"31",13.2,43.1,,"NEON.PLA.D14.JORN.02685",,,"NEON.DOC.000987vG","YUEL","Yucca elata (Engelm.) Engelm.","species",,,,,"Please Remove Z Tag","HSLHxoHyU+OUsiFMGmLLQtrjXj9jFn9P","U4kvMG6rGRhAGF6ux0lJOMuhNa/DRZZ9PaodSBi6fAA=",
"6ed2b199-32c4-4572-b5d2-a4e848cb6a56","JORN_009.basePlot.vst","2017-08-23","vst_JORN_2017","D14","JORN","JORN_009","41",,"31",12.3,71.9,,"NEON.PLA.D14.JORN.02688",,,"NEON.DOC.000987vG","PRGL2","Prosopis glandulosa Torr.","species",,,,,"Please Remove Z Tag","HSLHxoHyU+OUsiFMGmLLQtrjXj9jFn9P","U4kvMG6rGRhAGF6ux0lJOMuhNa/DRZZ9PaodSBi6fAA=",
"3ea68446-840f-4cd0-8dae-663247b41c50","JORN_001.basePlot.vst","2017-08-23","vst_JORN_2017","D14","JORN","JORN_001",,,"31",8.7,45.2,,"NEON.PLA.D14.JORN.02682",,,"NEON.DOC.000987vG","ATCA2","Atriplex canescens (Pursh) Nutt.","species",,,,,,"HSLHxoHyU+OUsiFMGmLLQtrjXj9jFn9P","U4kvMG6rGRhAGF6ux0lJOMuhNa/DRZZ9PaodSBi6fAA=",
"a011a050-e62a-42c5-800f-650fe14fabb5","JORN_008.basePlot.vst","2017-08-23","vst_JORN_2017","D14","JORN","JORN_008","41",,"31",21.1,55.2,,"NEON.PLA.D14.JORN.02594",,,"NEON.DOC.000987vG","ATCA2","Atriplex canescens (Pursh) Nutt.","species",,,,,,"jsTjq759p0sW6l4HEM4a2vh3YQ8Sowis","Ncz1KKFwJgVK4q0Om8WkZm0sx/qYnpfhodjXk7LImkM=",
"4e07b699-fd02-4b69-8bfa-f9245e98dfcd","JORN_010.basePlot.vst","2017-08-23","vst_JORN_2017","D14","JORN","JORN_010","32",,"31",16.3,30.4,,"NEON.PLA.D14.JORN.02690",,,"NEON.DOC.000987vG","PRGL2","Prosopis glandulosa Torr.","species",,,,,"Please Remove Z Tag","HSLHxoHyU+OUsiFMGmLLQtrjXj9jFn9P","U4kvMG6rGRhAGF6ux0lJOMuhNa/DRZZ9PaodSBi6fAA=",
"743eea7c-f0ab-40d6-bb73-dbda1c468764","JORN_010.basePlot.vst","2017-08-23","vst_JORN_2017","D14","JORN","JORN_010","32",,"31",11.5,38.1,,"NEON.PLA.D14.JORN.02689",,,"NEON.DOC.000987vG","PRGL2","Prosopis glandulosa Torr.","species",,,,,"Please Remove Z Tag","HSLHxoHyU+OUsiFMGmLLQtrjXj9jFn9P","U4kvMG6rGRhAGF6ux0lJOMuhNa/DRZZ9PaodSBi6fAA=",
"2613b9b8-f5b8-463a-91cc-497061f71ba5","JORN_008.basePlot.vst","2017-08-23","vst_JORN_2017","D14","JORN","JORN_008","40",,"31",17.8,9.4,,"NEON.PLA.D14.JORN.02593",,,"NEON.DOC.000987vG","PRGL2","Prosopis glandulosa Torr.","species",,,,,"Remove Z Tag","jsTjq759p0sW6l4HEM4a2vh3YQ8Sowis","Ncz1KKFwJgVK4q0Om8WkZm0sx/qYnpfhodjXk7LImkM=",
"f2e54aff-ec7c-43a7-a351-1f590d24e172","JORN_002.basePlot.vst","2017-08-23","vst_JORN_2017","D14","JORN","JORN_002","41",,"31",7.2,44.2,,"NEON.PLA.D14.JORN.02684",,,"NEON.DOC.000987vG","PRGL2","Prosopis glandulosa Torr.","species",,,,,"remove Z tag","HSLHxoHyU+OUsiFMGmLLQtrjXj9jFn9P","U4kvMG6rGRhAGF6ux0lJOMuhNa/DRZZ9PaodSBi6fAA=",
"e6c4fa76-4ff9-43b1-b729-4273162646eb","JORN_002.basePlot.vst","2017-08-23","vst_JORN_2017","D14","JORN","JORN_002","41",,"31",18.2,62.5,,"NEON.PLA.D14.JORN.02683",,,"NEON.DOC.000987vG","PRGL2","Prosopis glandulosa Torr.","species",,,,,"Remove Z tag","HSLHxoHyU+OUsiFMGmLLQtrjXj9jFn9P","U4kvMG6rGRhAGF6ux0lJOMuhNa/DRZZ9PaodSBi6fAA=",
"df03c5f9-3333-44a5-9626-4d736931c0e1","JORN_009.basePlot.vst","2017-08-23","vst_JORN_2017","D14","JORN","JORN_009","41",,"31",25.8,43.4,,"NEON.PLA.D14.JORN.02687",,,"NEON.DOC.000987vG","YUEL","Yucca elata (Engelm.) Engelm.","species",,,,,"remove Z Tag","HSLHxoHyU+OUsiFMGmLLQtrjXj9jFn9P","U4kvMG6rGRhAGF6ux0lJOMuhNa/DRZZ9PaodSBi6fAA=",
"24576877-23fa-49f2-a014-bc8101e4a193","JORN_005.basePlot.vst","2017-08-23","vst_JORN_2017","D14","JORN","JORN_005","32",,"31",12.3,80.9,,"NEON.PLA.D14.JORN.02596",,,"NEON.DOC.000987vG","PRGL2","Prosopis glandulosa Torr.","species",,,,,"Remove Z Tag","Ncz1KKFwJgVK4q0Om8WkZm0sx/qYnpfhodjXk7LImkM=","jsTjq759p0sW6l4HEM4a2vh3YQ8Sowis",
"97897ee5-65f3-42b3-ab7a-ac687b280bf0","JORN_005.basePlot.vst","2017-08-23","vst_JORN_2017","D14","JORN","JORN_005",,,"31",20.8,33.4,,"NEON.PLA.D14.JORN.02957",,,"NEON.DOC.000987vG","YUEL","Yucca elata (Engelm.) Engelm.","species",,,,,"Remove Z Tag","Ncz1KKFwJgVK4q0Om8WkZm0sx/qYnpfhodjXk7LImkM=","jsTjq759p0sW6l4HEM4a2vh3YQ8Sowis",
"3ac7f5a9-f5aa-403f-b7ed-22523da42b96","JORN_005.basePlot.vst","2017-08-23","vst_JORN_2017","D14","JORN","JORN_005","31",,"31",7.2,48.2,,"NEON.PLA.D14.JORN.02595",,,"NEON.DOC.000987vG","PRGL2","Prosopis glandulosa Torr.","species",,,,,"Remove Z Tag","Ncz1KKFwJgVK4q0Om8WkZm0sx/qYnpfhodjXk7LImkM=","HSLHxoHyU+OUsiFMGmLLQtrjXj9jFn9P",
"d245ce98-0b60-498e-8f04-f8192141b702","JORN_001.basePlot.vst","2017-08-23","vst_JORN_2017","D14","JORN","JORN_001","41",,"31",10.4,62.9,,"NEON.PLA.D14.JORN.02681",,,"NEON.DOC.000987vG","PRGL2","Prosopis glandulosa Torr.","species",,,,,"Remove Z Tag","HSLHxoHyU+OUsiFMGmLLQtrjXj9jFn9P","U4kvMG6rGRhAGF6ux0lJOMuhNa/DRZZ9PaodSBi6fAA=",
"c1b864e8-05a3-4842-8737-95432682bfac","JORN_009.basePlot.vst","2017-08-23","vst_JORN_2017","D14","JORN","JORN_009","41",,"31",11.5,43.0,,"NEON.PLA.D14.JORN.02686",,,"NEON.DOC.000987vG","PRGL2","Prosopis glandulosa Torr.","species",,,,,"Please Remove Z Tag","HSLHxoHyU+OUsiFMGmLLQtrjXj9jFn9P","U4kvMG6rGRhAGF6ux0lJOMuhNa/DRZZ9PaodSBi6fAA=",
"dd588d81-ec3d-46cf-a4a5-122caca89ddb","JORN_010.basePlot.vst","2017-08-23","vst_JORN_2017","D14","JORN","JORN_010","32",,"31",17.4,63.6,,"NEON.PLA.D14.JORN.02691",,,"NEON.DOC.000987vG","PRGL2","Prosopis glandulosa Torr.","species",,,,,"Remove Z Tag","HSLHxoHyU+OUsiFMGmLLQtrjXj9jFn9P","U4kvMG6rGRhAGF6ux0lJOMuhNa/DRZZ9PaodSBi6fAA=",
