uid,namedLocation,plotID,collectDate,identifiedDate,sampleID,subsampleID,scientificName,acceptedTaxonID,taxonRank,family,subfamily,tribe,subtribe,genus,subgenus,specificEpithet,infraspecificEpithet,identificationQualifier,identificationReferences,identificationProtocolVersion,scientificNameAuthorship,sexOrAge,individualCount,sampleCondition,archiveMedium,archiveFacilityID,deprecatedVialID,identifiedBy,laboratoryName,remarks
"1fd55cc5-d856-4945-bb15-57b4203a0cf5","OSBS_002.tickPlot.tck","OSBS_002","2016-03-10T15:08Z","2017-05-26T16:00Z","OSBS_002.20160310","OSBS_002.20160310.IXOSP.L","Ixodidae sp.","IXOSP","family","Ixodidae",,,,,,"sp.",,,,"GSU_tickIdentification_SOP_2016-11-01.pdf",,"Larva",1,"OK","RNA stabilization buffer","USNMENT00984749","OSBS_002.20160310.L","Lorenza Beati","Georgia Southern University","Over invoice limit, will not be billed."
"c2c17fd4-53d7-4920-91fa-22a3065d1c8a","OSBS_003.tickPlot.tck","OSBS_003","2016-03-10T15:53Z","2017-05-26T16:00Z","OSBS_003.20160310","OSBS_003.20160310.IXOSP.M","Ixodidae sp.","IXOSP","family","Ixodidae",,,,,,"sp.",,,,"GSU_tickIdentification_SOP_2016-11-01.pdf",,"Male",1,"OK","RNA stabilization buffer","USNMENT00984734","OSBS_003.20160310.M","Guy Hobbs","Georgia Southern University","Over invoice limit, will not be billed."
"731bd1b3-b9d0-497b-8ec2-0de93aa76e28","OSBS_003.tickPlot.tck","OSBS_003","2016-03-10T15:53Z","2017-06-09T16:00Z","OSBS_003.20160310","OSBS_003.20160310.AMBAME.N","Amblyomma americanum","AMBAME","species","Ixodidae",,,,"Amblyomma",,"americanum",,,"Cooley, R. A. and G. M. Kohls. 1944. The genus Amblyomma (ixodidae) in the United States. The Journal of Parasitology, 30(2):77-111.","GSU_tickIdentification_SOP_2016-11-01.pdf","Linnaeus","Nymph",14,"OK","RNA stabilization buffer","USNMENT00984733","OSBS_003.20160310.AMBAME.N","Lorenza Beati","Georgia Southern University",
"a2c9f07e-0422-4704-8718-26b80f8b82b6","OSBS_001.tickPlot.tck","OSBS_001","2016-03-10T18:19Z","2017-06-09T16:00Z","OSBS_001.20160310","OSBS_001.20160310.AMBAME.N","Amblyomma americanum","AMBAME","species","Ixodidae",,,,"Amblyomma",,"americanum",,,"Cooley, R. A. and G. M. Kohls. 1944. The genus Amblyomma (ixodidae) in the United States. The Journal of Parasitology, 30(2):77-111.","GSU_tickIdentification_SOP_2016-11-01.pdf","Linnaeus","Nymph",8,"OK","RNA stabilization buffer","USNMENT00984732","OSBS_001.20160310.AMBAME.N","Lorenza Beati","Georgia Southern University",
"a50ff774-c7fc-4a87-9447-f6e64215d10b","OSBS_001.tickPlot.tck","OSBS_001","2016-03-10T18:19Z","2017-06-09T16:00Z","OSBS_001.20160310","OSBS_001.20160310.AMBAME.F","Amblyomma americanum","AMBAME","species","Ixodidae",,,,"Amblyomma",,"americanum",,,"Cooley, R. A. and G. M. Kohls. 1944. The genus Amblyomma (ixodidae) in the United States. The Journal of Parasitology, 30(2):77-111.","GSU_tickIdentification_SOP_2016-11-01.pdf","Linnaeus","Female",5,"OK","RNA stabilization buffer","USNMENT00984731","OSBS_001.20160310.AMBAME.F","Lorenza Beati","Georgia Southern University",
"86c884a3-ac5b-4a8b-97ca-ebb645f9c150","OSBS_001.tickPlot.tck","OSBS_001","2016-03-10T18:19Z","2017-06-09T16:00Z","OSBS_001.20160310","OSBS_001.20160310.IXOSP.L","Ixodidae sp.","IXOSP","family","Ixodidae",,,,,,"sp.",,,,"GSU_tickIdentification_SOP_2016-11-01.pdf",,"Larva",1,"OK","RNA stabilization buffer","USNMENT00984751","OSBS_001.20160310.L","Lorenza Beati","Georgia Southern University","Over invoice limit, will not be billed."
"31cf9f06-83b4-4dce-b0be-10795b6069a3","OSBS_001.tickPlot.tck","OSBS_001","2016-03-10T18:19Z","2017-06-09T16:00Z","OSBS_001.20160310","OSBS_001.20160310.AMBAME.M","Amblyomma americanum","AMBAME","species","Ixodidae",,,,"Amblyomma",,"americanum",,,"Cooley, R. A. and G. M. Kohls. 1944. The genus Amblyomma (ixodidae) in the United States. The Journal of Parasitology, 30(2):77-111.","GSU_tickIdentification_SOP_2016-11-01.pdf","Linnaeus","Male",3,"OK","RNA stabilization buffer","USNMENT00984730","OSBS_001.20160310.AMBAME.M","Lorenza Beati","Georgia Southern University",
"bd5c4076-a402-4669-a365-cc22b9993928","OSBS_005.tickPlot.tck","OSBS_005","2016-03-10T19:35Z","2017-06-12T16:00Z","OSBS_005.20160310","OSBS_005.20160310.AMBAME.N","Amblyomma americanum","AMBAME","species","Ixodidae",,,,"Amblyomma",,"americanum",,,"Cooley, R. A. and G. M. Kohls. 1944. The genus Amblyomma (ixodidae) in the United States. The Journal of Parasitology, 30(2):77-111.","GSU_tickIdentification_SOP_2016-11-01.pdf","Linnaeus","Nymph",26,"OK","RNA stabilization buffer","USNMENT00984735","OSBS_005.20160310.AMBAME.N","Lorenza Beati","Georgia Southern University",
"30fd03e9-d050-4d92-ac38-fcc319cc61af","OSBS_005.tickPlot.tck","OSBS_005","2016-03-10T19:35Z","2017-06-12T16:00Z","OSBS_005.20160310","OSBS_005.20160310.AMBAME.F","Amblyomma americanum","AMBAME","species","Ixodidae",,,,"Amblyomma",,"americanum",,,"Cooley, R. A. and G. M. Kohls. 1944. The genus Amblyomma (ixodidae) in the United States. The Journal of Parasitology, 30(2):77-111.","GSU_tickIdentification_SOP_2016-11-01.pdf","Linnaeus","Female",2,"OK","RNA stabilization buffer","USNMENT00984736","OSBS_005.20160310.AMBAME.F","Lorenza Beati","Georgia Southern University",
"1518b293-9d64-41af-bce5-a94b5e6479eb","OSBS_005.tickPlot.tck","OSBS_005","2016-03-30T13:40Z","2017-06-12T16:00Z","OSBS_005.20160330","OSBS_005.20160330.AMBAME.F","Amblyomma americanum","AMBAME","species","Ixodidae",,,,"Amblyomma",,"americanum",,,"Cooley, R. A. and G. M. Kohls. 1944. The genus Amblyomma (ixodidae) in the United States. The Journal of Parasitology, 30(2):77-111.","GSU_tickIdentification_SOP_2016-11-01.pdf","Linnaeus","Female",3,"OK","RNA stabilization buffer","USNMENT00984654","OSBS_005.20160330.AMBAME.F","Lorenza Beati","Georgia Southern University",
"b237a0c8-b32d-4a14-9890-aceac0aa9b96","OSBS_005.tickPlot.tck","OSBS_005","2016-03-30T13:40Z","2017-06-12T16:00Z","OSBS_005.20160330","OSBS_005.20160330.HAELEP.N","Haemaphysalis leporispalustris","HAELEP","species","Ixodidae",,,,"Haemaphysalis",,"leporispalustris",,,,"GSU_tickIdentification_SOP_2016-11-01.pdf","Packard","Nymph",1,"OK","RNA stabilization buffer","USNMENT00864599","OSBS_005.20160330.HAELEP.N","Lorenza Beati","Georgia Southern University",
"32bdae7b-4a85-4e20-826d-c94101a98d8f","OSBS_005.tickPlot.tck","OSBS_005","2016-03-30T13:40Z","2017-06-12T16:00Z","OSBS_005.20160330","OSBS_005.20160330.AMBAME.M","Amblyomma americanum","AMBAME","species","Ixodidae",,,,"Amblyomma",,"americanum",,,"Cooley, R. A. and G. M. Kohls. 1944. The genus Amblyomma (ixodidae) in the United States. The Journal of Parasitology, 30(2):77-111.","GSU_tickIdentification_SOP_2016-11-01.pdf","Linnaeus","Male",7,"OK","RNA stabilization buffer","USNMENT00984653","OSBS_005.20160330.AMBAME.M","Lorenza Beati","Georgia Southern University",
"6634aa5f-1e52-4989-aa65-43934ff39669","OSBS_005.tickPlot.tck","OSBS_005","2016-03-30T13:40Z","2017-06-12T16:00Z","OSBS_005.20160330","OSBS_005.20160330.AMBAME.N","Amblyomma americanum","AMBAME","species","Ixodidae",,,,"Amblyomma",,"americanum",,,"Cooley, R. A. and G. M. Kohls. 1944. The genus Amblyomma (ixodidae) in the United States. The Journal of Parasitology, 30(2):77-111.","GSU_tickIdentification_SOP_2016-11-01.pdf","Linnaeus","Nymph",73,"OK","RNA stabilization buffer","USNMENT00984655","OSBS_005.20160330.AMBAME.N","Lorenza Beati","Georgia Southern University",
"b869ceee-0ea4-4fa1-bc3f-b028ee3cbeb3","OSBS_001.tickPlot.tck","OSBS_001","2016-03-30T15:08Z","2017-06-09T16:00Z","OSBS_001.20160330","OSBS_001.20160330.AMBAME.M","Amblyomma americanum","AMBAME","species","Ixodidae",,,,"Amblyomma",,"americanum",,,"Cooley, R. A. and G. M. Kohls. 1944. The genus Amblyomma (ixodidae) in the United States. The Journal of Parasitology, 30(2):77-111.","GSU_tickIdentification_SOP_2016-11-01.pdf","Linnaeus","Male",8,"OK","RNA stabilization buffer","USNMENT00984648","OSBS_001.20160330.AMBAME.M","Lorenza Beati","Georgia Southern University",
"fb9c7a0a-7c7d-4674-a852-ff8347f54c57","OSBS_001.tickPlot.tck","OSBS_001","2016-03-30T15:08Z","2017-06-09T16:00Z","OSBS_001.20160330","OSBS_001.20160330.IXOSCA.M","Ixodes scapularis","IXOSCA","species","Ixodidae",,,,"Ixodes",,"scapularis",,,"Cooley, R. A. and G. M. Kohls. 1945. The genus Ixodes in North America. National Institute of Health Bulletin, 184.","GSU_tickIdentification_SOP_2016-11-01.pdf","Say","Male",1,"OK","RNA stabilization buffer","USNMENT00864598","OSBS_001.20160330.IXOSCA.M","Lorenza Beati","Georgia Southern University",
"96d8bd35-0837-4373-9736-d82468987b4e","OSBS_001.tickPlot.tck","OSBS_001","2016-03-30T15:08Z","2017-06-09T16:00Z","OSBS_001.20160330","OSBS_001.20160330.AMBAME.F","Amblyomma americanum","AMBAME","species","Ixodidae",,,,"Amblyomma",,"americanum",,,"Cooley, R. A. and G. M. Kohls. 1944. The genus Amblyomma (ixodidae) in the United States. The Journal of Parasitology, 30(2):77-111.","GSU_tickIdentification_SOP_2016-11-01.pdf","Linnaeus","Female",7,"OK","RNA stabilization buffer","USNMENT00984649","OSBS_001.20160330.AMBAME.F","Lorenza Beati","Georgia Southern University",
"ab4a272f-3bab-4406-a087-8a7ab0a20a43","OSBS_001.tickPlot.tck","OSBS_001","2016-03-30T15:08Z","2017-06-09T16:00Z","OSBS_001.20160330","OSBS_001.20160330.AMBAME.N","Amblyomma americanum","AMBAME","species","Ixodidae",,,,"Amblyomma",,"americanum",,,"Cooley, R. A. and G. M. Kohls. 1944. The genus Amblyomma (ixodidae) in the United States. The Journal of Parasitology, 30(2):77-111.","GSU_tickIdentification_SOP_2016-11-01.pdf","Linnaeus","Nymph",19,"OK","RNA stabilization buffer","USNMENT00984650","OSBS_001.20160330.AMBAME.N","Lorenza Beati","Georgia Southern University",
"38274966-f532-4a0e-b181-dd210a5f4ad4","OSBS_003.tickPlot.tck","OSBS_003","2016-03-30T17:36Z","2017-06-09T16:00Z","OSBS_003.20160330","OSBS_003.20160330.AMBAME.M","Amblyomma americanum","AMBAME","species","Ixodidae",,,,"Amblyomma",,"americanum",,,"Cooley, R. A. and G. M. Kohls. 1944. The genus Amblyomma (ixodidae) in the United States. The Journal of Parasitology, 30(2):77-111.","GSU_tickIdentification_SOP_2016-11-01.pdf","Linnaeus","Male",3,"OK","RNA stabilization buffer","USNMENT00984657","OSBS_003.20160330.AMBAME.M","Lorenza Beati","Georgia Southern University",
"ceefb2ca-e482-489e-b1fc-01a8ee0f66fc","OSBS_003.tickPlot.tck","OSBS_003","2016-03-30T17:36Z","2017-06-09T16:00Z","OSBS_003.20160330","OSBS_003.20160330.AMBAME.F","Amblyomma americanum","AMBAME","species","Ixodidae",,,,"Amblyomma",,"americanum",,,"Cooley, R. A. and G. M. Kohls. 1944. The genus Amblyomma (ixodidae) in the United States. The Journal of Parasitology, 30(2):77-111.","GSU_tickIdentification_SOP_2016-11-01.pdf","Linnaeus","Female",4,"OK","RNA stabilization buffer","USNMENT00984658","OSBS_003.20160330.AMBAME.F","Lorenza Beati","Georgia Southern University",
"9fcb9fbb-3ace-4d0c-a4a6-9872fb0e8692","OSBS_003.tickPlot.tck","OSBS_003","2016-03-30T17:36Z","2017-06-09T16:00Z","OSBS_003.20160330","OSBS_003.20160330.AMBAME.N","Amblyomma americanum","AMBAME","species","Ixodidae",,,,"Amblyomma",,"americanum",,,"Cooley, R. A. and G. M. Kohls. 1944. The genus Amblyomma (ixodidae) in the United States. The Journal of Parasitology, 30(2):77-111.","GSU_tickIdentification_SOP_2016-11-01.pdf","Linnaeus","Nymph",44,"OK","RNA stabilization buffer","USNMENT00984656","OSBS_003.20160330.AMBAME.N","Lorenza Beati","Georgia Southern University",
"131c51d6-1458-4035-ae61-1d6ec6f824b8","OSBS_004.tickPlot.tck","OSBS_004","2016-03-30T18:38Z","2017-05-18T16:00Z","OSBS_004.20160330","OSBS_004.20160330.IXOSP.N","Ixodidae sp.","IXOSP","family","Ixodidae",,,,,,"sp.",,,,"GSU_tickIdentification_SOP_2016-11-01.pdf",,"Nymph",1,"OK","RNA stabilization buffer","USNMENT00984652","OSBS_004.20160330.N","Guy Hobbs","Georgia Southern University","Over invoice limit, will not be billed."
"4c3b6ec7-263d-4e0b-9ee1-68de288aec58","OSBS_004.tickPlot.tck","OSBS_004","2016-03-30T18:38Z","2017-05-18T16:00Z","OSBS_004.20160330","OSBS_004.20160330.IXOSP.L","Ixodidae sp.","IXOSP","family","Ixodidae",,,,,,"sp.",,,,"GSU_tickIdentification_SOP_2016-11-01.pdf",,"Larva",1,"OK","RNA stabilization buffer","USNMENT00984651","OSBS_004.20160330.L","Guy Hobbs","Georgia Southern University","Over invoice limit, will not be billed."
"a6c46d12-7cf5-4117-8246-acfe5859fecf","OSBS_022.tickPlot.tck","OSBS_022","2016-03-30T19:10Z","2017-05-18T16:00Z","OSBS_022.20160330","OSBS_022.20160330.IXOSP.N","Ixodidae sp.","IXOSP","family","Ixodidae",,,,,,"sp.",,,,"GSU_tickIdentification_SOP_2016-11-01.pdf",,"Nymph",2,"OK","RNA stabilization buffer","USNMENT00984633","OSBS_022.20160330.N","Guy Hobbs","Georgia Southern University","Over invoice limit, will not be billed."
