uid,namedLocation,domainID,siteID,plotID,plotType,nlcdClass,decimalLatitude,decimalLongitude,geodeticDatum,coordinateUncertainty,elevation,elevationUncertainty,collectDate,eventID,sampleID,sampleCode,samplingMethod,totalSampledArea,targetTaxaPresent,adultCount,nymphCount,larvaCount,sampleCondition,samplingProtocolVersion,measuredBy,remarks
"e731f6df-4bca-4f22-8e72-95e6432f5e92","OSBS_002.tickPlot.tck","D03","OSBS","OSBS_002","distributed","evergreenForest",29.703661,-81.958365,"WGS84",20.1,35.8,0.2,"2016-03-10T15:08Z","OSBS.2016.10","OSBS_002.20160310",,"drag and flag",160,"Y",0,0,9,"No known compromise","NEON.DOC.014045vG","SZd6jJU+PWukgvziuyetpzviWNuM2FzT",
"b37547fe-21d5-4d84-a390-e25d2ae4c3bc","OSBS_003.tickPlot.tck","D03","OSBS","OSBS_003","distributed","evergreenForest",29.693693,-81.947010,"WGS84",20.3,38.2,0.5,"2016-03-10T15:53Z","OSBS.2016.10","OSBS_003.20160310",,"drag and flag",160,"Y",1,14,0,"No known compromise","NEON.DOC.014045vG","SZd6jJU+PWukgvziuyetpzviWNuM2FzT",
"57fdc8d5-8c4f-48fd-a33c-0746b13a1e30","OSBS_004.tickPlot.tck","D03","OSBS","OSBS_004","distributed","evergreenForest",29.683402,-81.960449,"WGS84",20.3,42.4,0.4,"2016-03-10T16:54Z","OSBS.2016.10",,,"drag and flag",160,"N",0,0,0,"No known compromise","NEON.DOC.014045vG","SZd6jJU+PWukgvziuyetpzviWNuM2FzT",
"d6d96da6-dc55-46cd-9ba5-de0d738a951a","OSBS_022.tickPlot.tck","D03","OSBS","OSBS_022","distributed","emergentHerbaceousWetlands",29.688309,-81.961968,"WGS84",20.1,24.3,0.1,"2016-03-10T17:35Z","OSBS.2016.10",,,"drag and flag",160,"N",0,0,0,"Other (described in remarks)","NEON.DOC.014045vG","SZd6jJU+PWukgvziuyetpzviWNuM2FzT","25% of plot is wet, 25% is rubus, 50% undoable; shift away from lake?; needs flags"
"1afc91ea-688b-4162-8291-73e0c3523b11","OSBS_001.tickPlot.tck","D03","OSBS","OSBS_001","distributed","woodyWetlands",29.704063,-82.008061,"WGS84",20.3,34.4,0.3,"2016-03-10T18:19Z","OSBS.2016.10","OSBS_001.20160310",,"drag and flag",160,"Y",7,7,1,"No known compromise","NEON.DOC.014045vG","SZd6jJU+PWukgvziuyetpzviWNuM2FzT","1 larval tick"
"c67bb073-2257-4aee-a1cb-0d5dc43a1bf2","OSBS_005.tickPlot.tck","D03","OSBS","OSBS_005","distributed","woodyWetlands",29.697923,-82.025623,"WGS84",20.4,36.0,1.2,"2016-03-10T19:35Z","OSBS.2016.10","OSBS_005.20160310",,"drag and flag",160,"Y",2,27,0,"No known compromise","NEON.DOC.014045vG","SZd6jJU+PWukgvziuyetpzviWNuM2FzT","Stored in 95% ethanol"
"d193f927-5b8c-4cef-b5aa-4f2991afedf2","OSBS_005.tickPlot.tck","D03","OSBS","OSBS_005","distributed","woodyWetlands",29.697923,-82.025623,"WGS84",20.4,36.0,1.2,"2016-03-30T13:40Z","OSBS.2016.13","OSBS_005.20160330",,"drag and flag",170,"Y",10,83,1,"Distance estimated (described in remarks)","NEON.DOC.014045vG","FaPApNiGsLWe+1uMHRVpTpJK/3cHSkg5","Added meters to sample distance"
"82430d2e-88ba-4077-9745-d8eedb27bf5c","OSBS_001.tickPlot.tck","D03","OSBS","OSBS_001","distributed","woodyWetlands",29.704063,-82.008061,"WGS84",20.3,34.4,0.3,"2016-03-30T15:08Z","OSBS.2016.13","OSBS_001.20160330",,"drag and flag",160,"Y",14,19,0,"No known compromise","NEON.DOC.014045vG","Rxv8FKFfd/ciZf8CWk7KdeVazLIhBZVm",
"425cb039-41b4-49aa-a868-f81d0bcee9b0","OSBS_002.tickPlot.tck","D03","OSBS","OSBS_002","distributed","evergreenForest",29.703661,-81.958365,"WGS84",20.1,35.8,0.2,"2016-03-30T16:52Z","OSBS.2016.13",,,"drag and flag",160,"N",0,0,0,"No known compromise","NEON.DOC.014045vG","3oLm1wKohrAwhWDaR+fCrERZCPqPedYH",
"752bd60e-4351-42ae-9b07-c83eb5307f58","OSBS_003.tickPlot.tck","D03","OSBS","OSBS_003","distributed","evergreenForest",29.693693,-81.947010,"WGS84",20.3,38.2,0.5,"2016-03-30T17:36Z","OSBS.2016.13","OSBS_003.20160330",,"drag and flag",169,"Y",6,44,0,"Distance estimated (described in remarks)","NEON.DOC.014045vG","FaPApNiGsLWe+1uMHRVpTpJK/3cHSkg5","Added meters to sampling distance"
"39d6765f-fe21-43d2-87f8-98ba7c31fb9a","OSBS_004.tickPlot.tck","D03","OSBS","OSBS_004","distributed","evergreenForest",29.683402,-81.960449,"WGS84",20.3,42.4,0.4,"2016-03-30T18:38Z","OSBS.2016.13","OSBS_004.20160330",,"drag and flag",160,"Y",0,1,0,"No known compromise","NEON.DOC.014045vG","Rxv8FKFfd/ciZf8CWk7KdeVazLIhBZVm",
"c39cab0e-ed42-4d09-9d1a-a9f503d65d33","OSBS_022.tickPlot.tck","D03","OSBS","OSBS_022","distributed","emergentHerbaceousWetlands",29.688309,-81.961968,"WGS84",20.1,24.3,0.1,"2016-03-30T19:10Z","OSBS.2016.13","OSBS_022.20160330",,"drag and flag",160,"Y",0,2,0,"No known compromise","NEON.DOC.014045vG","3oLm1wKohrAwhWDaR+fCrERZCPqPedYH",
