uid,namedLocation,date,domainID,siteID,plotID,plotType,nlcdClass,decimalLatitude,decimalLongitude,geodeticDatum,coordinateUncertainty,easting,northing,utmZone,elevation,elevationUncertainty,eventID,samplingProtocolVersion,treesPresent,treesAbsentList,shrubsPresent,shrubsAbsentList,lianasPresent,lianasAbsentList,nestedSubplotAreaShrubSapling,nestedSubplotAreaLiana,totalSampledAreaTrees,totalSampledAreaShrubSapling,totalSampledAreaLiana,remarks,measuredBy,recordedBy,dataQF
"7a84f6cd-d1c0-41eb-8c2c-59286973d008","CLBJ_004.basePlot.vst","2017-12-04","D11","CLBJ","CLBJ_004","tower","deciduousForest",33.396904,-97.568989,"WGS84",10.1,633082.84,3696204.06,"14N",282.8,0.1,"vst_CLBJ_2017","NEON.DOC.000987vG","Y","31","N",,"Y",,"noneSelected","noneSelected",400,400,400,,"IjazmSQBojWxyJ0/VQonJJDN/AWQC3ZwsdN1S7UuDl8=","/uvjuaD++HCtf3w9RLf6E56KDXXjpmcR9UAMTbNmRAY=",
"1113e27d-3ff4-47dc-ae04-ffa669945c31","CLBJ_021.basePlot.vst","2017-12-05","D11","CLBJ","CLBJ_021","tower","deciduousForest",33.398815,-97.569922,"WGS84",10.1,632993.15,3696414.76,"14N",281.3,0.1,"vst_CLBJ_2017","NEON.DOC.000987vG","Y","presentInAll","Y","31","Y",,"25","noneSelected",400,200,400,,"IjazmSQBojWxyJ0/VQonJJDN/AWQC3ZwsdN1S7UuDl8=","/uvjuaD++HCtf3w9RLf6E56KDXXjpmcR9UAMTbNmRAY=",
"ba09ec51-f6a2-40ea-b054-e7183ddf5ff4","CLBJ_029.basePlot.vst","2017-12-07","D11","CLBJ","CLBJ_029","tower","deciduousForest",33.399057,-97.568638,"WGS84",10.1,633112.20,3696443.24,"14N",279.7,0.1,"vst_CLBJ_2017","NEON.DOC.000987vG","Y","32","N",,"N",,"25","noneSelected",400,200,400,,"jrpOJzTntmV2NEwaoue+w4foMoyVO618ln53ZC3RtAk=","/SZ9gQT0eLqwqNZp5Y4LY8GjxO2nhQVhhcHFyjZkNFM=",
"31997eba-5e54-4191-8388-a16833e868f9","CLBJ_005.basePlot.vst","2017-12-11","D11","CLBJ","CLBJ_005","tower","deciduousForest",33.403958,-97.570164,"WGS84",10.1,632962.81,3696984.71,"14N",258.3,0.1,"vst_CLBJ_2017","NEON.DOC.000987vG","Y","presentInAll","Y",,"Y","presentInAll","noneSelected","noneSelected",400,400,400,,"jrpOJzTntmV2NEwaoue+w4foMoyVO618ln53ZC3RtAk=","Nn+eKtNyUTQC2f/fb2VCAwmtrkFByQ6sAXmgGDPq3Og=",
"91a71dd9-92c4-4b3f-866f-06596a56f5c1","CLBJ_024.basePlot.vst","2017-12-12","D11","CLBJ","CLBJ_024","tower","deciduousForest",33.396374,-97.569014,"WGS84",10.1,633081.32,3696145.26,"14N",281.3,0.1,"vst_CLBJ_2017","NEON.DOC.000987vG","N",,"Y",,"N",,"10","noneSelected",400,80,400,,"IjazmSQBojWxyJ0/VQonJJDN/AWQC3ZwsdN1S7UuDl8=","/uvjuaD++HCtf3w9RLf6E56KDXXjpmcR9UAMTbNmRAY=",
"03589f72-e271-4ab5-8c8c-8c41e9b81fc9","CLBJ_012.basePlot.vst","2017-12-12","D11","CLBJ","CLBJ_012","tower","deciduousForest",33.402587,-97.569224,"WGS84",10.1,633052.32,3696833.90,"14N",271.8,0.1,"vst_CLBJ_2017","NEON.DOC.000987vG","Y",,"N",,"N",,"10","noneSelected",400,80,400,,"IjazmSQBojWxyJ0/VQonJJDN/AWQC3ZwsdN1S7UuDl8=","nHaIHoivgyDuLAnlbU+expC6wb3bqhGN3JY+jhv4Qnk=",
"91c679ee-c417-47cf-856e-99f2c1c53034","CLBJ_023.basePlot.vst","2017-12-12","D11","CLBJ","CLBJ_023","tower","grasslandHerbaceous",33.397449,-97.568344,"WGS84",10.1,633142.00,3696265.32,"14N",280.3,0.1,"vst_CLBJ_2017","NEON.DOC.000987vG","Y","31","Y",,"N",,"noneSelected","noneSelected",400,400,400,,"LSZWSTVV0z7oKiovbKzMeaRuYCo7u+MNQjEB6Tx1qFE=","xhxClE0Uw54CDWsqFpdx3lNrWo2tZWyYWI54GxGPi00=",
"90073baa-c1c5-433c-a984-893c015c5d4a","CLBJ_026.basePlot.vst","2017-12-12","D11","CLBJ","CLBJ_026","tower","deciduousForest",33.403422,-97.569543,"WGS84",10.1,633021.38,3696926.08,"14N",266.9,0.1,"vst_CLBJ_2017","NEON.DOC.000987vG","Y","32","Y",,"Y",,"noneSelected","noneSelected",400,400,400,,"jrpOJzTntmV2NEwaoue+w4foMoyVO618ln53ZC3RtAk=","/VkA3yjugMF8nnUbC6d+dh/hTYhVmzgYtPB78jE5mRs=",
"7946df5d-2abc-436f-a3ef-74b6a4437d90","CLBJ_017.basePlot.vst","2017-12-14","D11","CLBJ","CLBJ_017","tower","deciduousForest",33.404538,-97.573713,"WGS84",10.1,632631.87,3697044.50,"14N",277.0,0.1,"vst_CLBJ_2017","NEON.DOC.000987vG","Y","presentInAll","N",,"N",,"10","noneSelected",400,80,400,,"jrpOJzTntmV2NEwaoue+w4foMoyVO618ln53ZC3RtAk=","/VkA3yjugMF8nnUbC6d+dh/hTYhVmzgYtPB78jE5mRs=",
"4d698180-8b31-478c-8540-700c17ff23b5","CLBJ_014.basePlot.vst","2017-12-14","D11","CLBJ","CLBJ_014","tower","deciduousForest",33.405860,-97.571438,"WGS84",10.1,632841.43,3697193.98,"14N",262.4,0.1,"vst_CLBJ_2017","NEON.DOC.000987vG","Y","40","Y","presentInAll","Y","40","25","noneSelected",400,200,400,,"LSZWSTVV0z7oKiovbKzMeaRuYCo7u+MNQjEB6Tx1qFE=","xhxClE0Uw54CDWsqFpdx3lNrWo2tZWyYWI54GxGPi00=",
"60c9a58c-767b-4c01-bbb1-30d8e434fdb5","CLBJ_009.basePlot.vst","2017-12-15","D11","CLBJ","CLBJ_009","tower","deciduousForest",33.405349,-97.572739,"WGS84",10.1,632721.22,3697135.66,"14N",268.8,0.1,"vst_CLBJ_2017","NEON.DOC.000987vG","Y","presentInAll","Y",,"N",,"25","noneSelected",400,200,400,,"jrpOJzTntmV2NEwaoue+w4foMoyVO618ln53ZC3RtAk=","/VkA3yjugMF8nnUbC6d+dh/hTYhVmzgYtPB78jE5mRs=",
"72c9c5ff-19bb-4cdf-93a4-a0497fd2ffcd","CLBJ_003.basePlot.vst","2017-12-18","D11","CLBJ","CLBJ_003","tower","deciduousForest",33.403989,-97.572744,"WGS84",20.1,632722.82,3696984.86,"14N",274.5,0.1,"vst_CLBJ_2017","NEON.DOC.000987vG","Y","presentInAll","Y",,"Y",,"10","noneSelected",400,80,400,,"LSZWSTVV0z7oKiovbKzMeaRuYCo7u+MNQjEB6Tx1qFE=","nHaIHoivgyDuLAnlbU+expC6wb3bqhGN3JY+jhv4Qnk=",
"3cae7a12-7cfe-4e33-9c25-af39b4cf5709","CLBJ_018.basePlot.vst","2017-12-18","D11","CLBJ","CLBJ_018","tower","deciduousForest",33.405619,-97.573378,"WGS84",10.1,632661.38,3697164.79,"14N",268.0,0.1,"vst_CLBJ_2017","NEON.DOC.000987vG","Y",,"Y",,"N",,"noneSelected","noneSelected",400,400,400,,"jrpOJzTntmV2NEwaoue+w4foMoyVO618ln53ZC3RtAk=","Nn+eKtNyUTQC2f/fb2VCAwmtrkFByQ6sAXmgGDPq3Og=",
"840dbf55-f252-440e-8467-2409289ad6da","CLBJ_022.basePlot.vst","2017-12-18","D11","CLBJ","CLBJ_022","tower","deciduousForest",33.406164,-97.572394,"WGS84",10.1,632752.06,3697226.47,"14N",262.5,0.1,"vst_CLBJ_2017","NEON.DOC.000987vG","Y","presentInAll","Y","presentInAll","Y","presentInAll","10","noneSelected",400,80,400,,"IjazmSQBojWxyJ0/VQonJJDN/AWQC3ZwsdN1S7UuDl8=","/VkA3yjugMF8nnUbC6d+dh/hTYhVmzgYtPB78jE5mRs=",
"b2be3d72-5de8-438b-97fb-ac330d4e1f88","CLBJ_002.basePlot.vst","2017-12-20","D11","CLBJ","CLBJ_002","tower","deciduousForest",33.403981,-97.571138,"WGS84",20.1,632872.19,3696986.02,"14N",264.3,0.1,"vst_CLBJ_2017","NEON.DOC.000987vG","Y","presentInAll","Y","presentInAll","Y","presentInAll","10","noneSelected",400,80,400,,"jrpOJzTntmV2NEwaoue+w4foMoyVO618ln53ZC3RtAk=","nHaIHoivgyDuLAnlbU+expC6wb3bqhGN3JY+jhv4Qnk=",
"9b62a206-2c02-482a-ae70-7ada6245fca5","CLBJ_016.basePlot.vst","2017-12-21","D11","CLBJ","CLBJ_016","tower","deciduousForest",33.404775,-97.570476,"WGS84",10.1,632932.55,3697074.91,"14N",263.1,0.1,"vst_CLBJ_2017","NEON.DOC.000987vG","Y","presentInAll","Y","presentInAll","Y",,"10","noneSelected",400,80,400,,"LSZWSTVV0z7oKiovbKzMeaRuYCo7u+MNQjEB6Tx1qFE=","xhxClE0Uw54CDWsqFpdx3lNrWo2tZWyYWI54GxGPi00=",
