uid,namedLocation,domainID,siteID,plotID,plotType,nlcdClass,decimalLatitude,decimalLongitude,geodeticDatum,coordinateUncertainty,elevation,elevationUncertainty,collectDate,eventID,sampleID,sampleCode,samplingMethod,totalSampledArea,targetTaxaPresent,adultCount,nymphCount,larvaCount,sampleCondition,samplingProtocolVersion,measuredBy,remarks
"01854202-87d7-4d2a-b1b9-5fd7c0fbeca0","ONAQ_011.tickPlot.tck","D15","ONAQ","ONAQ_011","distributed","shrubScrub",40.152051,-112.455478,"WGS84",20.1,1617.0,0.1,"2018-04-26T13:47Z","ONAQ.2018.17",,,"drag and flag",155,"N",0,0,0,,"NEON.DOC.014045vJ","Y5z6Fmrws3j8uKSiNC/dnoGQSm55rG7pxl4at4Xi3mk=",
"69704307-3d66-4e41-98de-4b36cc75789b","ONAQ_009.tickPlot.tck","D15","ONAQ","ONAQ_009","distributed","shrubScrub",40.160581,-112.469377,"WGS84",20.1,1668.8,0.1,"2018-04-26T15:17Z","ONAQ.2018.17",,,"drag and flag",156,"N",0,0,0,,"NEON.DOC.014045vJ","Y5z6Fmrws3j8uKSiNC/dnoGQSm55rG7pxl4at4Xi3mk=",
"bc916905-a1c3-43f7-9e1c-4c2acd2b8b40","ONAQ_023.tickPlot.tck","D15","ONAQ","ONAQ_023","distributed","evergreenForest",40.193985,-112.507206,"WGS84",20.1,1860.6,0.1,"2018-04-26T16:53Z","ONAQ.2018.17",,,"drag and flag",160,"N",0,0,0,,"NEON.DOC.014045vJ","Y5z6Fmrws3j8uKSiNC/dnoGQSm55rG7pxl4at4Xi3mk=",
"6c19af33-ab83-467b-92d6-42328c2a5109","ONAQ_004.tickPlot.tck","D15","ONAQ","ONAQ_004","distributed","shrubScrub",40.187291,-112.471870,"WGS84",,1710.4,,"2018-04-26T18:24Z","ONAQ.2018.17",,,"drag and flag",157,"N",0,0,0,,"NEON.DOC.014045vJ","Y5z6Fmrws3j8uKSiNC/dnoGQSm55rG7pxl4at4Xi3mk=",
"83b2df53-3c25-4030-8a69-3a0721fea910","ONAQ_016.tickPlot.tck","D15","ONAQ","ONAQ_016","distributed","shrubScrub",40.175449,-112.444448,"WGS84",20.1,1635.3,0.1,"2018-04-26T19:26Z","ONAQ.2018.17",,,"drag and flag",156,"N",0,0,0,,"NEON.DOC.014045vJ","Y5z6Fmrws3j8uKSiNC/dnoGQSm55rG7pxl4at4Xi3mk=",
"83a0941d-330d-482b-a2d8-a2314efa537b","ONAQ_005.tickPlot.tck","D15","ONAQ","ONAQ_005","distributed","shrubScrub",40.181926,-112.432741,"WGS84",20.1,1617.2,0.1,"2018-04-26T20:21Z","ONAQ.2018.17",,,"drag and flag",156,"N",0,0,0,,"NEON.DOC.014045vJ","Y5z6Fmrws3j8uKSiNC/dnoGQSm55rG7pxl4at4Xi3mk=",
