uid,namedLocation,plotID,collectDate,identifiedDate,sampleID,subsampleID,scientificName,acceptedTaxonID,taxonRank,family,subfamily,tribe,subtribe,genus,subgenus,specificEpithet,infraspecificEpithet,identificationQualifier,identificationReferences,identificationProtocolVersion,scientificNameAuthorship,sexOrAge,individualCount,sampleCondition,archiveMedium,archiveFacilityID,deprecatedVialID,identifiedBy,laboratoryName,remarks
"206b4fa4-75a6-4352-9f45-ca304a2667cc","OSBS_002.tickPlot.tck","OSBS_002","2014-05-12T16:00Z","2015-09-29T16:00Z","OSBS_002.20140512","OSBS_002.20140512.AMBAME.N","Amblyomma americanum","AMBAME","species","Ixodidae",,,,"Amblyomma",,"americanum",,,"Cooley, R. A. and G. M. Kohls. 1944. The genus Amblyomma (ixodidae) in the United States. The Journal of Parasitology, 30(2):77-111.","GSU_tickIdentification_SOP_2016-11-01.pdf","Linnaeus","Nymph",1,"OK","90% ethanol","125357",,"Lorenza Beati","Georgia Southern University",
"526de752-391e-4353-9861-a5c79ecd3e5d","OSBS_003.tickPlot.tck","OSBS_003","2014-05-12T16:43Z","2015-02-18T12:00Z","OSBS_003.20140512","OSBS_003.20140512.AMBAME.N","Amblyomma americanum","AMBAME","species","Ixodidae",,,,"Amblyomma",,"americanum",,,"Cooley, R. A. and G. M. Kohls. 1944. The genus Amblyomma (ixodidae) in the United States. The Journal of Parasitology, 30(2):77-111.","GSU_tickIdentification_SOP_2016-11-01.pdf","Linnaeus","Nymph",3,"OK","95% ethanol","125359",,"Michael Bischof","Georgia Southern University",
"d8f9ae13-fbd7-4e83-97ab-373686746586","OSBS_003.tickPlot.tck","OSBS_003","2014-05-12T16:43Z","2015-02-18T17:00Z","OSBS_003.20140512","OSBS_003.20140512.AMBAME.F","Amblyomma americanum","AMBAME","species","Ixodidae",,,,"Amblyomma",,"americanum",,,"Cooley, R. A. and G. M. Kohls. 1944. The genus Amblyomma (ixodidae) in the United States. The Journal of Parasitology, 30(2):77-111.","GSU_tickIdentification_SOP_2016-11-01.pdf","Linnaeus","Female",1,"OK","90% ethanol","125359",,"Michael Bischof","Georgia Southern University",
"48d6f0bf-1506-4c76-9461-18a31295bde0","OSBS_003.tickPlot.tck","OSBS_003","2014-05-12T16:43Z","2015-02-18T17:00Z","OSBS_003.20140512","OSBS_003.20140512.AMBAME.M","Amblyomma americanum","AMBAME","species","Ixodidae",,,,"Amblyomma",,"americanum",,,"Cooley, R. A. and G. M. Kohls. 1944. The genus Amblyomma (ixodidae) in the United States. The Journal of Parasitology, 30(2):77-111.","GSU_tickIdentification_SOP_2016-11-01.pdf","Linnaeus","Male",1,"OK","90% ethanol","125359",,"Michael Bischof","Georgia Southern University",
"0d487290-36e9-4fe6-b37c-935d7abdc943","OSBS_001.tickPlot.tck","OSBS_001","2014-05-12T17:41Z","2015-03-02T12:00Z","OSBS_001.20140512","OSBS_001.20140512.AMBAME.N","Amblyomma americanum","AMBAME","species","Ixodidae",,,,"Amblyomma",,"americanum",,,"Cooley, R. A. and G. M. Kohls. 1944. The genus Amblyomma (ixodidae) in the United States. The Journal of Parasitology, 30(2):77-111.","GSU_tickIdentification_SOP_2016-11-01.pdf","Linnaeus","Nymph",17,"OK","95% ethanol","125356",,"Michael Bischof","Georgia Southern University",
"24196098-4b47-4037-b7af-573670605129","OSBS_001.tickPlot.tck","OSBS_001","2014-05-12T17:41Z","2015-03-02T17:00Z","OSBS_001.20140512","OSBS_001.20140512.AMBAME.M","Amblyomma americanum","AMBAME","species","Ixodidae",,,,"Amblyomma",,"americanum",,,"Cooley, R. A. and G. M. Kohls. 1944. The genus Amblyomma (ixodidae) in the United States. The Journal of Parasitology, 30(2):77-111.","GSU_tickIdentification_SOP_2016-11-01.pdf","Linnaeus","Male",2,"OK","90% ethanol","125356",,"Michael Bischof","Georgia Southern University",
"faec66a8-cd27-440d-b575-46d072f842ce","OSBS_005.tickPlot.tck","OSBS_005","2014-05-12T18:40Z","2015-02-18T17:00Z","OSBS_005.20140512","OSBS_005.20140512.AMBAME.F","Amblyomma americanum","AMBAME","species","Ixodidae",,,,"Amblyomma",,"americanum",,,"Cooley, R. A. and G. M. Kohls. 1944. The genus Amblyomma (ixodidae) in the United States. The Journal of Parasitology, 30(2):77-111.","GSU_tickIdentification_SOP_2016-11-01.pdf","Linnaeus","Female",2,"OK","90% ethanol","125367",,"Michael Bischof","Georgia Southern University",
"3e0a5c0b-8a0b-4f6e-9a1b-3d43127e729d","OSBS_005.tickPlot.tck","OSBS_005","2014-05-12T18:40Z","2015-02-18T12:00Z","OSBS_005.20140512","OSBS_005.20140512.AMBAME.N","Amblyomma americanum","AMBAME","species","Ixodidae",,,,"Amblyomma",,"americanum",,,"Cooley, R. A. and G. M. Kohls. 1944. The genus Amblyomma (ixodidae) in the United States. The Journal of Parasitology, 30(2):77-111.","GSU_tickIdentification_SOP_2016-11-01.pdf","Linnaeus","Nymph",33,"OK","95% ethanol","125367",,"Michael Bischof","Georgia Southern University",
"f277a7a0-66e0-48f5-9acc-5935e9827c32","OSBS_005.tickPlot.tck","OSBS_005","2014-05-12T18:40Z","2015-02-18T17:00Z","OSBS_005.20140512","OSBS_005.20140512.AMBAME.M","Amblyomma americanum","AMBAME","species","Ixodidae",,,,"Amblyomma",,"americanum",,,"Cooley, R. A. and G. M. Kohls. 1944. The genus Amblyomma (ixodidae) in the United States. The Journal of Parasitology, 30(2):77-111.","GSU_tickIdentification_SOP_2016-11-01.pdf","Linnaeus","Male",3,"OK","90% ethanol","125367",,"Michael Bischof","Georgia Southern University",
