uid,namedLocation,date,eventID,domainID,siteID,plotID,subplotID,individualID,tagStatus,growthForm,plantStatus,stemDiameter,measurementHeight,height,baseCrownHeight,breakHeight,breakDiameter,maxCrownDiameter,ninetyCrownDiameter,canopyPosition,shape,basalStemDiameter,basalStemDiameterMsrmntHeight,maxBaseCrownDiameter,ninetyBaseCrownDiameter,remarks,recordedBy,measuredBy,dataQF
"6d9e6f6e-ae90-4e3d-a807-323968374a03","UKFS_014.basePlot.vst","2018-09-18","vst_UKFS_2018","D06","UKFS","UKFS_014",,"NEON.PLA.D06.UKFS.03724","ok","small tree","Live",6.1,130,3.2,,,,,,,,,,,,,"bNd/Qxa4VKM2c3FF1xbrUPpiolK4yI12+UiiY/1MUS0=","SqhSMrmKEm9jjE5RSBi78lFk0OeoHpEHSLDbp3hPruc=",
"acc767d7-3b91-496a-a6ec-a4dcec3babbd","UKFS_014.basePlot.vst","2018-09-18","vst_UKFS_2018","D06","UKFS","UKFS_014",,"NEON.PLA.D06.UKFS.03765","ok","single bole tree","Live",31.6,130,9.9,,,,15.0,10.8,"Partially shaded",,,,,,,"bNd/Qxa4VKM2c3FF1xbrUPpiolK4yI12+UiiY/1MUS0=","SqhSMrmKEm9jjE5RSBi78lFk0OeoHpEHSLDbp3hPruc=",
"635364e3-b8b9-4eec-9668-060fba181b36","UKFS_014.basePlot.vst","2018-09-18","vst_UKFS_2018","D06","UKFS","UKFS_014",,"NEON.PLA.D06.UKFS.03754","ok","small shrub","Live",,,1.2,,,,1.3,0.8,,"cylinder",1.1,10,,,,"bNd/Qxa4VKM2c3FF1xbrUPpiolK4yI12+UiiY/1MUS0=","SqhSMrmKEm9jjE5RSBi78lFk0OeoHpEHSLDbp3hPruc=",
"49b5e260-cdb2-44a5-b726-0abc9eeae32d","UKFS_014.basePlot.vst","2018-09-18","vst_UKFS_2018","D06","UKFS","UKFS_014",,"NEON.PLA.D06.UKFS.03714","ok","sapling","Live",,,1.5,,,,,,,,1.1,10,,,,"bNd/Qxa4VKM2c3FF1xbrUPpiolK4yI12+UiiY/1MUS0=","SqhSMrmKEm9jjE5RSBi78lFk0OeoHpEHSLDbp3hPruc=",
"08eeed10-9875-4422-bad7-3201eda34610","UKFS_014.basePlot.vst","2018-09-18","vst_UKFS_2018","D06","UKFS","UKFS_014",,"NEON.PLA.D06.UKFS.03767","ok","single bole tree","Live",32.1,130,12.4,,,,17.3,9.2,"Full sun",,,,,,,"bNd/Qxa4VKM2c3FF1xbrUPpiolK4yI12+UiiY/1MUS0=","SqhSMrmKEm9jjE5RSBi78lFk0OeoHpEHSLDbp3hPruc=",
"05ecac56-a6de-4efd-b24f-8c53a7671807","UKFS_014.basePlot.vst","2018-09-18","vst_UKFS_2018","D06","UKFS","UKFS_014",,"NEON.PLA.D06.UKFS.03751","ok","small tree","Live",7.2,130,2.4,,,,,,,,,,,,,"bNd/Qxa4VKM2c3FF1xbrUPpiolK4yI12+UiiY/1MUS0=","SqhSMrmKEm9jjE5RSBi78lFk0OeoHpEHSLDbp3hPruc=",
"c6650725-a671-46fb-894a-b4b851812943","UKFS_014.basePlot.vst","2018-09-18","vst_UKFS_2018","D06","UKFS","UKFS_014",,"NEON.PLA.D06.UKFS.03737","ok","single bole tree","Live",13.0,130,10.3,,,,7.8,4.0,"Partially shaded",,,,,,,"bNd/Qxa4VKM2c3FF1xbrUPpiolK4yI12+UiiY/1MUS0=","SqhSMrmKEm9jjE5RSBi78lFk0OeoHpEHSLDbp3hPruc=",
"51d48b4b-28ee-45e2-8f01-621602c4e51f","UKFS_014.basePlot.vst","2018-09-18","vst_UKFS_2018","D06","UKFS","UKFS_014",,"NEON.PLA.D06.UKFS.03734","ok","liana","Live",3.1,130,,,,,,,,,,,,,,"bNd/Qxa4VKM2c3FF1xbrUPpiolK4yI12+UiiY/1MUS0=","SqhSMrmKEm9jjE5RSBi78lFk0OeoHpEHSLDbp3hPruc=",
"f2fc3296-634b-4fb5-8243-d80859acd447","UKFS_018.basePlot.vst","2018-09-18","vst_UKFS_2018","D06","UKFS","UKFS_018",,"NEON.PLA.D06.UKFS.03055","ok","small shrub","Live",,,0.8,,,,0.4,0.3,,"cylinder",1.1,10,,,,"udD9q/fZN7rbYV5H5sqc0MejArf8us5xRWtCRR1/DPg=","17GMm++5u7HaMlcuA8SZ1inw9m/OFa5Zi9wU9anvy58=",
"f3b789b7-a0a1-4e56-a0e3-4fd73afb05fa","UKFS_014.basePlot.vst","2018-09-18","vst_UKFS_2018","D06","UKFS","UKFS_014",,"NEON.PLA.D06.UKFS.03729","ok","liana","Live",4.5,130,,,,,,,,,,,,,,"bNd/Qxa4VKM2c3FF1xbrUPpiolK4yI12+UiiY/1MUS0=","SqhSMrmKEm9jjE5RSBi78lFk0OeoHpEHSLDbp3hPruc=",
"745d3748-edab-4402-bdfc-f96a11949619","UKFS_014.basePlot.vst","2018-09-18","vst_UKFS_2018","D06","UKFS","UKFS_014",,"NEON.PLA.D06.UKFS.03771","ok","single bole tree","Live",15.5,130,9.3,,,,,,"Mostly shaded",,,,,,,"bNd/Qxa4VKM2c3FF1xbrUPpiolK4yI12+UiiY/1MUS0=","SqhSMrmKEm9jjE5RSBi78lFk0OeoHpEHSLDbp3hPruc=",
"349c9a06-7a69-4c8b-93e9-47857d9f1056","UKFS_014.basePlot.vst","2018-09-18","vst_UKFS_2018","D06","UKFS","UKFS_014",,"NEON.PLA.D06.UKFS.03747","ok","small tree","Live",5.2,130,3.2,,,,,,,,,,,,,"bNd/Qxa4VKM2c3FF1xbrUPpiolK4yI12+UiiY/1MUS0=","SqhSMrmKEm9jjE5RSBi78lFk0OeoHpEHSLDbp3hPruc=",
"09af71fa-4965-473b-84f6-14f5f071b881","UKFS_014.basePlot.vst","2018-09-18","vst_UKFS_2018","D06","UKFS","UKFS_014",,"NEON.PLA.D06.UKFS.03744","ok","small tree","Live",9.0,130,5.4,,,,4.0,3.8,,,,,,,,"bNd/Qxa4VKM2c3FF1xbrUPpiolK4yI12+UiiY/1MUS0=","SqhSMrmKEm9jjE5RSBi78lFk0OeoHpEHSLDbp3hPruc=",
"1f4af8c9-8695-4eaf-bc38-59d4a587d674","UKFS_014.basePlot.vst","2018-09-18","vst_UKFS_2018","D06","UKFS","UKFS_014",,"NEON.PLA.D06.UKFS.03770","ok","small tree","Live",6.9,130,5.5,,,,,,,,,,,,,"bNd/Qxa4VKM2c3FF1xbrUPpiolK4yI12+UiiY/1MUS0=","SqhSMrmKEm9jjE5RSBi78lFk0OeoHpEHSLDbp3hPruc=",
"c47579fa-b7c6-4d16-b986-e47974fb1bae","UKFS_014.basePlot.vst","2018-09-18","vst_UKFS_2018","D06","UKFS","UKFS_014",,"NEON.PLA.D06.UKFS.03760","ok","single bole tree","Live",10.5,130,8.5,,,,5.4,3.7,"Partially shaded",,,,,,,"bNd/Qxa4VKM2c3FF1xbrUPpiolK4yI12+UiiY/1MUS0=","SqhSMrmKEm9jjE5RSBi78lFk0OeoHpEHSLDbp3hPruc=",
"e9efcdf7-b5ba-42d2-bf3c-461f27089f51","UKFS_014.basePlot.vst","2018-09-18","vst_UKFS_2018","D06","UKFS","UKFS_014",,"NEON.PLA.D06.UKFS.03772","ok","small tree","Live",5.3,130,3.4,,,,,,,,,,,,,"bNd/Qxa4VKM2c3FF1xbrUPpiolK4yI12+UiiY/1MUS0=","SqhSMrmKEm9jjE5RSBi78lFk0OeoHpEHSLDbp3hPruc=",
"dcf32893-24b0-4f4a-9643-1a3d1ca1405b","UKFS_014.basePlot.vst","2018-09-18","vst_UKFS_2018","D06","UKFS","UKFS_014",,"NEON.PLA.D06.UKFS.03768","ok","small tree","Live",9.2,130,8.4,,,,,,,,,,,,,"bNd/Qxa4VKM2c3FF1xbrUPpiolK4yI12+UiiY/1MUS0=","SqhSMrmKEm9jjE5RSBi78lFk0OeoHpEHSLDbp3hPruc=",
"9bcb3231-8446-463f-b5af-a99c712a41a4","UKFS_014.basePlot.vst","2018-09-18","vst_UKFS_2018","D06","UKFS","UKFS_014",,"NEON.PLA.D06.UKFS.03746","ok","small tree","Live",8.7,130,3.0,,,,,,,,,,,,,"bNd/Qxa4VKM2c3FF1xbrUPpiolK4yI12+UiiY/1MUS0=","SqhSMrmKEm9jjE5RSBi78lFk0OeoHpEHSLDbp3hPruc=",
"545b1003-4647-4aa7-927a-8d9e671e83be","UKFS_014.basePlot.vst","2018-09-18","vst_UKFS_2018","D06","UKFS","UKFS_014",,"NEON.PLA.D06.UKFS.03761","ok","small tree","Live",6.8,130,3.5,,,,,,,,,,,,,"bNd/Qxa4VKM2c3FF1xbrUPpiolK4yI12+UiiY/1MUS0=","SqhSMrmKEm9jjE5RSBi78lFk0OeoHpEHSLDbp3hPruc=",
"4080aec4-2d8e-46d2-8e33-2796aa77b3e7","UKFS_014.basePlot.vst","2018-09-18","vst_UKFS_2018","D06","UKFS","UKFS_014",,"NEON.PLA.D06.UKFS.03739","ok","small tree","Live",5.1,130,5.2,,,,,,,,,,,,,"bNd/Qxa4VKM2c3FF1xbrUPpiolK4yI12+UiiY/1MUS0=","SqhSMrmKEm9jjE5RSBi78lFk0OeoHpEHSLDbp3hPruc=",
"0bb14bba-6fd2-4f48-8f7f-0a92a7730316","UKFS_014.basePlot.vst","2018-09-18","vst_UKFS_2018","D06","UKFS","UKFS_014",,"NEON.PLA.D06.UKFS.03738","ok","single bole tree","Live",11.3,130,5.1,,,,7.7,4.6,"Mostly shaded",,,,,,,"bNd/Qxa4VKM2c3FF1xbrUPpiolK4yI12+UiiY/1MUS0=","SqhSMrmKEm9jjE5RSBi78lFk0OeoHpEHSLDbp3hPruc=",
"262fde09-2916-478a-9709-608b87ab5c43","UKFS_014.basePlot.vst","2018-09-18","vst_UKFS_2018","D06","UKFS","UKFS_014",,"NEON.PLA.D06.UKFS.03778","ok","single bole tree","Live",34.7,130,13.3,,,,10.2,8.2,"Full sun",,,,,,,"bNd/Qxa4VKM2c3FF1xbrUPpiolK4yI12+UiiY/1MUS0=","SqhSMrmKEm9jjE5RSBi78lFk0OeoHpEHSLDbp3hPruc=",
"5daa5fca-239e-4bfd-92ee-802e04947f01","UKFS_014.basePlot.vst","2018-09-18","vst_UKFS_2018","D06","UKFS","UKFS_014",,"NEON.PLA.D06.UKFS.03740","ok","small tree","Live",7.2,130,2.8,,,,,,,,,,,,,"bNd/Qxa4VKM2c3FF1xbrUPpiolK4yI12+UiiY/1MUS0=","SqhSMrmKEm9jjE5RSBi78lFk0OeoHpEHSLDbp3hPruc=",
"ea999ae4-e767-4a5c-af28-1cd6b43fe2c3","UKFS_014.basePlot.vst","2018-09-18","vst_UKFS_2018","D06","UKFS","UKFS_014",,"NEON.PLA.D06.UKFS.03752","ok","small shrub","Live",,,1.2,,,,1.1,0.9,,"cylinder",1.3,10,,,,"bNd/Qxa4VKM2c3FF1xbrUPpiolK4yI12+UiiY/1MUS0=","SqhSMrmKEm9jjE5RSBi78lFk0OeoHpEHSLDbp3hPruc=",
"b40e6f13-54f3-4e45-acb1-86edecb42116","UKFS_014.basePlot.vst","2018-09-18","vst_UKFS_2018","D06","UKFS","UKFS_014",,"NEON.PLA.D06.UKFS.03766","ok","single bole tree","Live",28.9,130,13.8,,,,,,,,,,,,,"bNd/Qxa4VKM2c3FF1xbrUPpiolK4yI12+UiiY/1MUS0=","SqhSMrmKEm9jjE5RSBi78lFk0OeoHpEHSLDbp3hPruc=",
"158c23f2-04cc-4192-9e05-aab75f9dadae","UKFS_014.basePlot.vst","2018-09-18","vst_UKFS_2018","D06","UKFS","UKFS_014",,"NEON.PLA.D06.UKFS.03725","ok","single bole tree","Live",32.0,130,11.9,,,,9.5,9.1,"Full sun",,,,,,,"bNd/Qxa4VKM2c3FF1xbrUPpiolK4yI12+UiiY/1MUS0=","SqhSMrmKEm9jjE5RSBi78lFk0OeoHpEHSLDbp3hPruc=",
"92bb1283-5529-4884-ae97-510a62d44f79","UKFS_014.basePlot.vst","2018-09-18","vst_UKFS_2018","D06","UKFS","UKFS_014",,"NEON.PLA.D06.UKFS.03779A","ok","multi-bole tree","Live",5.2,130,7.6,,,,9.7,9.0,"Partially shaded",,,,,,,"bNd/Qxa4VKM2c3FF1xbrUPpiolK4yI12+UiiY/1MUS0=","SqhSMrmKEm9jjE5RSBi78lFk0OeoHpEHSLDbp3hPruc=",
"e51f2fef-6447-4b32-b19e-29d275071ad1","UKFS_014.basePlot.vst","2018-09-18","vst_UKFS_2018","D06","UKFS","UKFS_014",,"NEON.PLA.D06.UKFS.03749","ok","single bole tree","Live",11.6,130,6.4,,,,6.0,4.8,"Partially shaded",,,,,,,"bNd/Qxa4VKM2c3FF1xbrUPpiolK4yI12+UiiY/1MUS0=","SqhSMrmKEm9jjE5RSBi78lFk0OeoHpEHSLDbp3hPruc=",
"8d7eded7-e124-4ac5-a884-7d39e6ffc9b6","UKFS_014.basePlot.vst","2018-09-18","vst_UKFS_2018","D06","UKFS","UKFS_014",,"NEON.PLA.D06.UKFS.03741","ok","single bole tree","Live",10.3,130,6.1,,,,5.4,4.9,"Partially shaded",,,,,,,"bNd/Qxa4VKM2c3FF1xbrUPpiolK4yI12+UiiY/1MUS0=","SqhSMrmKEm9jjE5RSBi78lFk0OeoHpEHSLDbp3hPruc=",
"2c5df7b2-3d21-4121-921e-a8db8816bcff","UKFS_018.basePlot.vst","2018-09-18","vst_UKFS_2018","D06","UKFS","UKFS_018",,"NEON.PLA.D06.UKFS.03059","ok","small shrub","Live",,,1.0,,,,0.4,0.4,,"cylinder",1.1,10,,,,"udD9q/fZN7rbYV5H5sqc0MejArf8us5xRWtCRR1/DPg=","17GMm++5u7HaMlcuA8SZ1inw9m/OFa5Zi9wU9anvy58=",
"63893f08-0ad7-41f2-9ba6-a710884c3069","UKFS_014.basePlot.vst","2018-09-18","vst_UKFS_2018","D06","UKFS","UKFS_014",,"NEON.PLA.D06.UKFS.03728","ok","liana","Live",2.6,130,,,,,,,,,,,,,,"bNd/Qxa4VKM2c3FF1xbrUPpiolK4yI12+UiiY/1MUS0=","SqhSMrmKEm9jjE5RSBi78lFk0OeoHpEHSLDbp3hPruc=",
"316c2b02-6512-4269-a70c-abf639213977","UKFS_014.basePlot.vst","2018-09-18","vst_UKFS_2018","D06","UKFS","UKFS_014",,"NEON.PLA.D06.UKFS.03715","ok","small shrub","Live",,,1.1,,,,1.2,0.7,,"cylinder",1.2,10,,,,"bNd/Qxa4VKM2c3FF1xbrUPpiolK4yI12+UiiY/1MUS0=","SqhSMrmKEm9jjE5RSBi78lFk0OeoHpEHSLDbp3hPruc=",
"0499ba05-c119-4b0c-8946-e30678b8c59d","UKFS_014.basePlot.vst","2018-09-18","vst_UKFS_2018","D06","UKFS","UKFS_014",,"NEON.PLA.D06.UKFS.03726","ok","liana","Live",2.0,130,,,,,,,,,,,,,,"bNd/Qxa4VKM2c3FF1xbrUPpiolK4yI12+UiiY/1MUS0=","SqhSMrmKEm9jjE5RSBi78lFk0OeoHpEHSLDbp3hPruc=",
"8b189b63-6a71-4ef0-a060-41ef4b9aef81","UKFS_014.basePlot.vst","2018-09-18","vst_UKFS_2018","D06","UKFS","UKFS_014",,"NEON.PLA.D06.UKFS.03776","ok","small tree","Live",9.0,130,5.4,,,,,,,,,,,,,"bNd/Qxa4VKM2c3FF1xbrUPpiolK4yI12+UiiY/1MUS0=","SqhSMrmKEm9jjE5RSBi78lFk0OeoHpEHSLDbp3hPruc=",
"1519f6a4-e3ce-4152-a626-20b21c4df05f","UKFS_018.basePlot.vst","2018-09-18","vst_UKFS_2018","D06","UKFS","UKFS_018",,"NEON.PLA.D06.UKFS.03058","ok","small shrub","Live",,,0.9,,,,0.4,0.3,,"cylinder",1.0,10,,,,"udD9q/fZN7rbYV5H5sqc0MejArf8us5xRWtCRR1/DPg=","17GMm++5u7HaMlcuA8SZ1inw9m/OFa5Zi9wU9anvy58=",
"3f4066f1-a87a-46d5-aa7e-614181f536f2","UKFS_014.basePlot.vst","2018-09-18","vst_UKFS_2018","D06","UKFS","UKFS_014",,"NEON.PLA.D06.UKFS.03722","ok","single bole tree","Live",32.0,130,8.1,,,,11.9,8.7,"Partially shaded",,,,,,,"bNd/Qxa4VKM2c3FF1xbrUPpiolK4yI12+UiiY/1MUS0=","SqhSMrmKEm9jjE5RSBi78lFk0OeoHpEHSLDbp3hPruc=",
"af5b6419-abae-45fb-b63c-16b68e4ada4d","UKFS_014.basePlot.vst","2018-09-18","vst_UKFS_2018","D06","UKFS","UKFS_014",,"NEON.PLA.D06.UKFS.03762","ok","small tree","Live",5.0,130,3.1,,,,,,,,,,,,,"bNd/Qxa4VKM2c3FF1xbrUPpiolK4yI12+UiiY/1MUS0=","SqhSMrmKEm9jjE5RSBi78lFk0OeoHpEHSLDbp3hPruc=",
"3c7ce157-f6c8-46f6-9f68-89ac29fd5291","UKFS_014.basePlot.vst","2018-09-18","vst_UKFS_2018","D06","UKFS","UKFS_014",,"NEON.PLA.D06.UKFS.03755","ok","small shrub","Live",,,1.4,,,,0.7,0.5,,"cylinder",1.2,10,,,,"bNd/Qxa4VKM2c3FF1xbrUPpiolK4yI12+UiiY/1MUS0=","SqhSMrmKEm9jjE5RSBi78lFk0OeoHpEHSLDbp3hPruc=",
"7883898d-f522-42f0-ac3b-218d9744e165","UKFS_014.basePlot.vst","2018-09-18","vst_UKFS_2018","D06","UKFS","UKFS_014",,"NEON.PLA.D06.UKFS.03731","ok","single bole tree","Live",42.2,130,16.1,,,,12.6,11.9,"Full sun",,,,,,,"bNd/Qxa4VKM2c3FF1xbrUPpiolK4yI12+UiiY/1MUS0=","SqhSMrmKEm9jjE5RSBi78lFk0OeoHpEHSLDbp3hPruc=",
"8e73095b-be16-4e1a-803c-eb5ecac0ed83","UKFS_014.basePlot.vst","2018-09-18","vst_UKFS_2018","D06","UKFS","UKFS_014",,"NEON.PLA.D06.UKFS.03732","ok","liana","Live",5.2,130,,,,,,,,,,,,,,"bNd/Qxa4VKM2c3FF1xbrUPpiolK4yI12+UiiY/1MUS0=","SqhSMrmKEm9jjE5RSBi78lFk0OeoHpEHSLDbp3hPruc=",
"6036372a-ec32-461c-a201-d2b81c0fe795","UKFS_014.basePlot.vst","2018-09-18","vst_UKFS_2018","D06","UKFS","UKFS_014",,"NEON.PLA.D06.UKFS.03716","ok","small shrub","Live",,,1.0,,,,0.6,0.5,,"cylinder",1.1,10,,,,"bNd/Qxa4VKM2c3FF1xbrUPpiolK4yI12+UiiY/1MUS0=","SqhSMrmKEm9jjE5RSBi78lFk0OeoHpEHSLDbp3hPruc=",
"310ac489-5697-4b1a-8eaa-013c12d54e8e","UKFS_014.basePlot.vst","2018-09-18","vst_UKFS_2018","D06","UKFS","UKFS_014",,"NEON.PLA.D06.UKFS.03758","ok","sapling","Live",,,1.6,,,,,,,,2.5,10,,,,"bNd/Qxa4VKM2c3FF1xbrUPpiolK4yI12+UiiY/1MUS0=","SqhSMrmKEm9jjE5RSBi78lFk0OeoHpEHSLDbp3hPruc=",
"10abe55f-ad2f-4136-9420-40803718f1a1","UKFS_014.basePlot.vst","2018-09-18","vst_UKFS_2018","D06","UKFS","UKFS_014",,"NEON.PLA.D06.UKFS.03764","ok","single bole tree","Live",36.5,130,9.9,,,,15.7,15.3,"Partially shaded",,,,,,,"bNd/Qxa4VKM2c3FF1xbrUPpiolK4yI12+UiiY/1MUS0=","SqhSMrmKEm9jjE5RSBi78lFk0OeoHpEHSLDbp3hPruc=",
"ccb168d9-6976-4689-9e8a-3b3fe75a3b19","UKFS_014.basePlot.vst","2018-09-18","vst_UKFS_2018","D06","UKFS","UKFS_014",,"NEON.PLA.D06.UKFS.03735","ok","liana","Live",5.1,130,,,,,,,,,,,,,,"bNd/Qxa4VKM2c3FF1xbrUPpiolK4yI12+UiiY/1MUS0=","SqhSMrmKEm9jjE5RSBi78lFk0OeoHpEHSLDbp3hPruc=",
"f9b906cd-0053-4d74-9b45-65fb1b6ca909","UKFS_014.basePlot.vst","2018-09-18","vst_UKFS_2018","D06","UKFS","UKFS_014",,"NEON.PLA.D06.UKFS.03721","ok","liana","Live",3.7,130,,,,,,,,,,,,,,"bNd/Qxa4VKM2c3FF1xbrUPpiolK4yI12+UiiY/1MUS0=","SqhSMrmKEm9jjE5RSBi78lFk0OeoHpEHSLDbp3hPruc=",
"307111d1-ad90-4eb6-8504-d536d70225aa","UKFS_014.basePlot.vst","2018-09-18","vst_UKFS_2018","D06","UKFS","UKFS_014",,"NEON.PLA.D06.UKFS.03742","ok","small tree","Live",7.5,130,3.9,,,,,,,,,,,,,"bNd/Qxa4VKM2c3FF1xbrUPpiolK4yI12+UiiY/1MUS0=","SqhSMrmKEm9jjE5RSBi78lFk0OeoHpEHSLDbp3hPruc=",
"cd2463e4-6a72-4c09-994a-4a9a1c962dc6","UKFS_014.basePlot.vst","2018-09-18","vst_UKFS_2018","D06","UKFS","UKFS_014",,"NEON.PLA.D06.UKFS.03773","ok","small tree","Live",8.3,130,7.4,,,,,,,,,,,,,"bNd/Qxa4VKM2c3FF1xbrUPpiolK4yI12+UiiY/1MUS0=","SqhSMrmKEm9jjE5RSBi78lFk0OeoHpEHSLDbp3hPruc=",
"740a3f1f-9cfe-4bc2-879e-d262305dc991","UKFS_018.basePlot.vst","2018-09-18","vst_UKFS_2018","D06","UKFS","UKFS_018",,"NEON.PLA.D06.UKFS.03056","ok","small shrub","Live",,,0.9,,,,0.4,0.3,,"cylinder",1.2,10,,,,"udD9q/fZN7rbYV5H5sqc0MejArf8us5xRWtCRR1/DPg=","17GMm++5u7HaMlcuA8SZ1inw9m/OFa5Zi9wU9anvy58=",
"bad65af7-795e-446d-9d19-5478724345ac","UKFS_014.basePlot.vst","2018-09-18","vst_UKFS_2018","D06","UKFS","UKFS_014",,"NEON.PLA.D06.UKFS.03743","ok","small tree","Live",7.0,130,3.5,,,,,,,,,,,,,"bNd/Qxa4VKM2c3FF1xbrUPpiolK4yI12+UiiY/1MUS0=","SqhSMrmKEm9jjE5RSBi78lFk0OeoHpEHSLDbp3hPruc=",
"d61aac25-c224-4020-9209-4f6830934fe9","UKFS_014.basePlot.vst","2018-09-18","vst_UKFS_2018","D06","UKFS","UKFS_014",,"NEON.PLA.D06.UKFS.03736","ok","small tree","Live",5.7,130,4.9,,,,,,,,,,,,,"bNd/Qxa4VKM2c3FF1xbrUPpiolK4yI12+UiiY/1MUS0=","SqhSMrmKEm9jjE5RSBi78lFk0OeoHpEHSLDbp3hPruc=",
"bdff8b28-72cd-41c2-821b-512d4da35813","UKFS_014.basePlot.vst","2018-09-18","vst_UKFS_2018","D06","UKFS","UKFS_014",,"NEON.PLA.D06.UKFS.03763","ok","small tree","Live",6.7,130,6.2,,,,,,,,,,,,,"bNd/Qxa4VKM2c3FF1xbrUPpiolK4yI12+UiiY/1MUS0=","SqhSMrmKEm9jjE5RSBi78lFk0OeoHpEHSLDbp3hPruc=",
"0d5a9619-cf4d-4a5a-aa6a-f00a100507f5","UKFS_014.basePlot.vst","2018-09-18","vst_UKFS_2018","D06","UKFS","UKFS_014",,"NEON.PLA.D06.UKFS.03750","ok","small tree","Live",3.3,130,2.0,,,,,,,,,,,,,"bNd/Qxa4VKM2c3FF1xbrUPpiolK4yI12+UiiY/1MUS0=","SqhSMrmKEm9jjE5RSBi78lFk0OeoHpEHSLDbp3hPruc=",
"3235f44a-b0e9-4daf-bd29-a4690695f630","UKFS_014.basePlot.vst","2018-09-18","vst_UKFS_2018","D06","UKFS","UKFS_014",,"NEON.PLA.D06.UKFS.03718","ok","small shrub","Live",,,1.0,,,,1.0,0.6,,"cylinder",1.0,10,,,,"bNd/Qxa4VKM2c3FF1xbrUPpiolK4yI12+UiiY/1MUS0=","SqhSMrmKEm9jjE5RSBi78lFk0OeoHpEHSLDbp3hPruc=",
"0cb20dae-004c-4535-ad0a-dd6d1f677643","UKFS_014.basePlot.vst","2018-09-18","vst_UKFS_2018","D06","UKFS","UKFS_014",,"NEON.PLA.D06.UKFS.03733","ok","liana","Live",7.0,130,,,,,,,,,,,,,,"bNd/Qxa4VKM2c3FF1xbrUPpiolK4yI12+UiiY/1MUS0=","SqhSMrmKEm9jjE5RSBi78lFk0OeoHpEHSLDbp3hPruc=",
"d06a96f7-28f9-459e-ab89-7e907752629a","UKFS_014.basePlot.vst","2018-09-18","vst_UKFS_2018","D06","UKFS","UKFS_014",,"NEON.PLA.D06.UKFS.03748","ok","single bole tree","Live",32.9,130,15.4,,,,10.4,10.1,"Full sun",,,,,,,"bNd/Qxa4VKM2c3FF1xbrUPpiolK4yI12+UiiY/1MUS0=","SqhSMrmKEm9jjE5RSBi78lFk0OeoHpEHSLDbp3hPruc=",
"7c9b1c26-f6a5-45e6-81f4-f9fc6b28e2eb","UKFS_014.basePlot.vst","2018-09-18","vst_UKFS_2018","D06","UKFS","UKFS_014",,"NEON.PLA.D06.UKFS.03779","ok","multi-bole tree","Live",18.4,130,7.6,,,,9.7,9.0,"Partially shaded",,,,,,,"bNd/Qxa4VKM2c3FF1xbrUPpiolK4yI12+UiiY/1MUS0=","SqhSMrmKEm9jjE5RSBi78lFk0OeoHpEHSLDbp3hPruc=",
"b005d496-8a54-40c8-a2b7-e095a35a446f","UKFS_014.basePlot.vst","2018-09-18","vst_UKFS_2018","D06","UKFS","UKFS_014",,"NEON.PLA.D06.UKFS.03717","ok","small tree","Live",7.0,130,2.2,,,,2.0,1.5,,,,,,,,"bNd/Qxa4VKM2c3FF1xbrUPpiolK4yI12+UiiY/1MUS0=","SqhSMrmKEm9jjE5RSBi78lFk0OeoHpEHSLDbp3hPruc=",
"9c719204-92b6-4b96-92e5-7543a9e9dbfc","UKFS_014.basePlot.vst","2018-09-18","vst_UKFS_2018","D06","UKFS","UKFS_014",,"NEON.PLA.D06.UKFS.03757","ok","sapling","Live",,,1.1,,,,,,,,1.1,10,,,,"bNd/Qxa4VKM2c3FF1xbrUPpiolK4yI12+UiiY/1MUS0=","SqhSMrmKEm9jjE5RSBi78lFk0OeoHpEHSLDbp3hPruc=",
"56ae0310-1d8d-404e-a394-f55ca264d1f4","UKFS_014.basePlot.vst","2018-09-18","vst_UKFS_2018","D06","UKFS","UKFS_014",,"NEON.PLA.D06.UKFS.03753","ok","small shrub","Live",,,0.9,,,,0.9,0.8,,"cylinder",1.2,10,,,,"bNd/Qxa4VKM2c3FF1xbrUPpiolK4yI12+UiiY/1MUS0=","SqhSMrmKEm9jjE5RSBi78lFk0OeoHpEHSLDbp3hPruc=",
"54793c76-10d3-4c32-ae79-e91953350073","UKFS_014.basePlot.vst","2018-09-18","vst_UKFS_2018","D06","UKFS","UKFS_014",,"NEON.PLA.D06.UKFS.03745","ok","single bole tree","Live",40.6,130,15.4,,,,19.9,9.8,"Partially shaded",,,,,,,"bNd/Qxa4VKM2c3FF1xbrUPpiolK4yI12+UiiY/1MUS0=","SqhSMrmKEm9jjE5RSBi78lFk0OeoHpEHSLDbp3hPruc=",
"89699926-1870-48e8-9d79-bff41636e339","UKFS_014.basePlot.vst","2018-09-18","vst_UKFS_2018","D06","UKFS","UKFS_014",,"NEON.PLA.D06.UKFS.03719","ok","small tree","Removed",4.5,130,2.0,,,,,,,,,,,,,"bNd/Qxa4VKM2c3FF1xbrUPpiolK4yI12+UiiY/1MUS0=","SqhSMrmKEm9jjE5RSBi78lFk0OeoHpEHSLDbp3hPruc=",
"88d63baa-6eed-4770-8b00-d77147878dcf","UKFS_014.basePlot.vst","2018-09-18","vst_UKFS_2018","D06","UKFS","UKFS_014",,"NEON.PLA.D06.UKFS.03730","ok","small tree","Live",5.9,130,6.6,,,,3.5,3.1,,,,,,,,"bNd/Qxa4VKM2c3FF1xbrUPpiolK4yI12+UiiY/1MUS0=","SqhSMrmKEm9jjE5RSBi78lFk0OeoHpEHSLDbp3hPruc=",
"a0ed0847-b8a8-4fe8-8cf0-8d95f1ce69bf","UKFS_014.basePlot.vst","2018-09-18","vst_UKFS_2018","D06","UKFS","UKFS_014",,"NEON.PLA.D06.UKFS.03775","ok","small tree","Removed",2.9,130,3.0,,,,,,,,,,,,,"bNd/Qxa4VKM2c3FF1xbrUPpiolK4yI12+UiiY/1MUS0=","SqhSMrmKEm9jjE5RSBi78lFk0OeoHpEHSLDbp3hPruc=",
"86173ab4-1b5a-4a40-96a8-f7fbfd7c478c","UKFS_014.basePlot.vst","2018-09-18","vst_UKFS_2018","D06","UKFS","UKFS_014",,"NEON.PLA.D06.UKFS.03727","ok","liana","Live",2.4,130,,,,,,,,,,,,,,"bNd/Qxa4VKM2c3FF1xbrUPpiolK4yI12+UiiY/1MUS0=","SqhSMrmKEm9jjE5RSBi78lFk0OeoHpEHSLDbp3hPruc=",
"ad5d3f9a-8a99-4964-aa19-f63f6c722879","UKFS_014.basePlot.vst","2018-09-18","vst_UKFS_2018","D06","UKFS","UKFS_014",,"NEON.PLA.D06.UKFS.03769","ok","small tree","Live",6.7,130,5.4,,,,,,,,,,,,,"bNd/Qxa4VKM2c3FF1xbrUPpiolK4yI12+UiiY/1MUS0=","SqhSMrmKEm9jjE5RSBi78lFk0OeoHpEHSLDbp3hPruc=",
"ed022afe-5d49-40c8-871b-a99185ef583e","UKFS_014.basePlot.vst","2018-09-18","vst_UKFS_2018","D06","UKFS","UKFS_014",,"NEON.PLA.D06.UKFS.03774","ok","small tree","Live",8.0,130,4.5,,,,,,,,,,,,,"bNd/Qxa4VKM2c3FF1xbrUPpiolK4yI12+UiiY/1MUS0=","SqhSMrmKEm9jjE5RSBi78lFk0OeoHpEHSLDbp3hPruc=",
"4fc94992-417d-4c85-bed7-2e8069ca6b7b","UKFS_014.basePlot.vst","2018-09-18","vst_UKFS_2018","D06","UKFS","UKFS_014",,"NEON.PLA.D06.UKFS.03756","ok","small shrub","Live",,,1.2,,,,1.1,1.0,,"cylinder",1.2,10,,,,"bNd/Qxa4VKM2c3FF1xbrUPpiolK4yI12+UiiY/1MUS0=","SqhSMrmKEm9jjE5RSBi78lFk0OeoHpEHSLDbp3hPruc=",
"0eb1df93-ce6b-4c3e-be76-7bb924d91248","UKFS_014.basePlot.vst","2018-09-18","vst_UKFS_2018","D06","UKFS","UKFS_014",,"NEON.PLA.D06.UKFS.03723","ok","small tree","Live",9.3,130,6.8,,,,,,,,,,,,,"bNd/Qxa4VKM2c3FF1xbrUPpiolK4yI12+UiiY/1MUS0=","SqhSMrmKEm9jjE5RSBi78lFk0OeoHpEHSLDbp3hPruc=",
"b4cbb934-ce5c-4e26-b071-67cd5996cbbe","UKFS_014.basePlot.vst","2018-09-18","vst_UKFS_2018","D06","UKFS","UKFS_014",,"NEON.PLA.D06.UKFS.03759","ok","small tree","Live",8.8,130,8.3,,,,,,,,,,,,,"bNd/Qxa4VKM2c3FF1xbrUPpiolK4yI12+UiiY/1MUS0=","SqhSMrmKEm9jjE5RSBi78lFk0OeoHpEHSLDbp3hPruc=",
"0920a271-0ba2-4546-b0a3-9238d65d2ec7","UKFS_014.basePlot.vst","2018-09-18","vst_UKFS_2018","D06","UKFS","UKFS_014",,"NEON.PLA.D06.UKFS.03720","ok","small tree","Live",7.0,130,2.0,,,,,,,,,,,,,"bNd/Qxa4VKM2c3FF1xbrUPpiolK4yI12+UiiY/1MUS0=","SqhSMrmKEm9jjE5RSBi78lFk0OeoHpEHSLDbp3hPruc=",
"b9c3193e-1cfb-4db2-a8a3-cd3d2d678508","UKFS_014.basePlot.vst","2018-09-18","vst_UKFS_2018","D06","UKFS","UKFS_014",,"NEON.PLA.D06.UKFS.03777","ok","small tree","Live",9.4,130,6.0,,,,,,,,,,,,,"bNd/Qxa4VKM2c3FF1xbrUPpiolK4yI12+UiiY/1MUS0=","SqhSMrmKEm9jjE5RSBi78lFk0OeoHpEHSLDbp3hPruc=",
"38a9dd86-8d16-423c-ae7d-7f58af78f3f9","UKFS_018.basePlot.vst","2018-09-18","vst_UKFS_2018","D06","UKFS","UKFS_018",,"NEON.PLA.D06.UKFS.03057","ok","small shrub","Live",,,1.0,,,,0.4,0.3,,"cylinder",1.1,10,,,,"udD9q/fZN7rbYV5H5sqc0MejArf8us5xRWtCRR1/DPg=","17GMm++5u7HaMlcuA8SZ1inw9m/OFa5Zi9wU9anvy58=",
"5eed97af-7465-4162-81c9-00aaee6c2ef6","UKFS_046.basePlot.vst","2018-09-26","vst_UKFS_2018","D06","UKFS","UKFS_046",,"NEON.PLA.D06.UKFS.04547","ok","small shrub","Live",,,1.1,,,,0.5,0.5,,"cylinder",1.0,10,,,,"udD9q/fZN7rbYV5H5sqc0MejArf8us5xRWtCRR1/DPg=","ZW7sjn0bJopn8mRy6Wyor0KJE/3mfiL8DARkA6ikjHM=",
"5c3206cd-2c87-4a1a-b7c8-37243f636785","UKFS_046.basePlot.vst","2018-09-26","vst_UKFS_2018","D06","UKFS","UKFS_046",,"NEON.PLA.D06.UKFS.04652","ok","sapling","Live",,,0.7,,,,,,,,1.2,10,,,,"udD9q/fZN7rbYV5H5sqc0MejArf8us5xRWtCRR1/DPg=","ZW7sjn0bJopn8mRy6Wyor0KJE/3mfiL8DARkA6ikjHM=",
"c15d33c5-b90f-4c5d-a12d-4116c3daabaf","UKFS_046.basePlot.vst","2018-09-26","vst_UKFS_2018","D06","UKFS","UKFS_046",,"NEON.PLA.D06.UKFS.00799","ok","single bole tree","Standing dead",17.0,130,8.1,,,,,,,,,,,,,"udD9q/fZN7rbYV5H5sqc0MejArf8us5xRWtCRR1/DPg=","ZW7sjn0bJopn8mRy6Wyor0KJE/3mfiL8DARkA6ikjHM=",
"1a96ef11-7ffc-40b2-854a-3b50796cc6fa","UKFS_046.basePlot.vst","2018-09-26","vst_UKFS_2018","D06","UKFS","UKFS_046",,"NEON.PLA.D06.UKFS.01999","ok","small shrub","Live",,,1.5,,,,3.0,2.5,,"half-sphere",1.1,10,,,,"udD9q/fZN7rbYV5H5sqc0MejArf8us5xRWtCRR1/DPg=","ZW7sjn0bJopn8mRy6Wyor0KJE/3mfiL8DARkA6ikjHM=",
"702aa4d7-d303-4d62-9d67-98e8674fa62a","UKFS_046.basePlot.vst","2018-09-26","vst_UKFS_2018","D06","UKFS","UKFS_046",,"NEON.PLA.D06.UKFS.00755","ok","liana","Live",6.3,130,,,,,,,,,,,,,,"udD9q/fZN7rbYV5H5sqc0MejArf8us5xRWtCRR1/DPg=","ZW7sjn0bJopn8mRy6Wyor0KJE/3mfiL8DARkA6ikjHM=",
"5320ef17-91d4-4117-b4f6-1cc57656b7a0","UKFS_046.basePlot.vst","2018-09-26","vst_UKFS_2018","D06","UKFS","UKFS_046",,"NEON.PLA.D06.UKFS.00757","ok","multi-bole tree","Live",76.0,130,17.2,,,,,,,,,,,,,"udD9q/fZN7rbYV5H5sqc0MejArf8us5xRWtCRR1/DPg=","ZW7sjn0bJopn8mRy6Wyor0KJE/3mfiL8DARkA6ikjHM=",
"62589577-981a-4163-85fb-283163ee9622","UKFS_046.basePlot.vst","2018-09-26","vst_UKFS_2018","D06","UKFS","UKFS_046",,"NEON.PLA.D06.UKFS.05303","ok","sapling","Live",,,2.4,,,,,,,,1.4,10,,,,"udD9q/fZN7rbYV5H5sqc0MejArf8us5xRWtCRR1/DPg=","ZW7sjn0bJopn8mRy6Wyor0KJE/3mfiL8DARkA6ikjHM=",
"2e7c8983-263d-4bc4-9746-c7bb23249f67","UKFS_046.basePlot.vst","2018-09-26","vst_UKFS_2018","D06","UKFS","UKFS_046",,"NEON.PLA.D06.UKFS.04645","ok","sapling","Live",,,1.5,,,,,,,,1.0,10,,,,"udD9q/fZN7rbYV5H5sqc0MejArf8us5xRWtCRR1/DPg=","ZW7sjn0bJopn8mRy6Wyor0KJE/3mfiL8DARkA6ikjHM=",
"7d9ac85a-c60e-404a-b13c-b3ae468aaec3","UKFS_046.basePlot.vst","2018-09-26","vst_UKFS_2018","D06","UKFS","UKFS_046",,"NEON.PLA.D06.UKFS.05485","ok","sapling","Live",,,1.3,,,,,,,,1.0,10,,,,"udD9q/fZN7rbYV5H5sqc0MejArf8us5xRWtCRR1/DPg=","ZW7sjn0bJopn8mRy6Wyor0KJE/3mfiL8DARkA6ikjHM=",
"38bc6cdb-5438-4ebe-9e63-d0d54f0e9774","UKFS_046.basePlot.vst","2018-09-26","vst_UKFS_2018","D06","UKFS","UKFS_046",,"NEON.PLA.D06.UKFS.05486","ok","sapling","Live",,,1.4,,,,,,,,1.1,10,,,,"udD9q/fZN7rbYV5H5sqc0MejArf8us5xRWtCRR1/DPg=","ZW7sjn0bJopn8mRy6Wyor0KJE/3mfiL8DARkA6ikjHM=",
"d09b34b5-aeb2-472d-9691-21287321af38","UKFS_046.basePlot.vst","2018-09-26","vst_UKFS_2018","D06","UKFS","UKFS_046",,"NEON.PLA.D06.UKFS.00748","ok","single bole tree","Live",19.7,130,11.9,,,,,,,,,,,,,"udD9q/fZN7rbYV5H5sqc0MejArf8us5xRWtCRR1/DPg=","ZW7sjn0bJopn8mRy6Wyor0KJE/3mfiL8DARkA6ikjHM=",
"a7f45f10-c649-4a18-bb02-65930d99d939","UKFS_046.basePlot.vst","2018-09-26","vst_UKFS_2018","D06","UKFS","UKFS_046",,"NEON.PLA.D06.UKFS.05311","ok","sapling","Live",,,1.6,,,,,,,,1.1,10,,,,"udD9q/fZN7rbYV5H5sqc0MejArf8us5xRWtCRR1/DPg=","ZW7sjn0bJopn8mRy6Wyor0KJE/3mfiL8DARkA6ikjHM=",
"d9c18e24-2434-4bee-ab58-2f7aa8739bb0","UKFS_046.basePlot.vst","2018-09-26","vst_UKFS_2018","D06","UKFS","UKFS_046",,"NEON.PLA.D06.UKFS.05487","ok","sapling","Live",,,1.0,,,,,,,,1.1,10,,,,"udD9q/fZN7rbYV5H5sqc0MejArf8us5xRWtCRR1/DPg=","ZW7sjn0bJopn8mRy6Wyor0KJE/3mfiL8DARkA6ikjHM=",
"2ae44844-971d-4d47-b326-0362b64d8cf1","UKFS_046.basePlot.vst","2018-09-26","vst_UKFS_2018","D06","UKFS","UKFS_046",,"NEON.PLA.D06.UKFS.00749","ok","single bole tree","Live",27.2,130,16.3,,,,,,,,,,,,,"udD9q/fZN7rbYV5H5sqc0MejArf8us5xRWtCRR1/DPg=","ZW7sjn0bJopn8mRy6Wyor0KJE/3mfiL8DARkA6ikjHM=",
"ba855d22-b0bd-4e0a-9163-7fe871a76c51","UKFS_046.basePlot.vst","2018-09-26","vst_UKFS_2018","D06","UKFS","UKFS_046",,"NEON.PLA.D06.UKFS.05306","ok","sapling","Live",,,2.1,,,,,,,,1.3,10,,,,"udD9q/fZN7rbYV5H5sqc0MejArf8us5xRWtCRR1/DPg=","ZW7sjn0bJopn8mRy6Wyor0KJE/3mfiL8DARkA6ikjHM=",
"0a5efc87-4240-444f-8ce1-22a116fafe5c","UKFS_046.basePlot.vst","2018-09-26","vst_UKFS_2018","D06","UKFS","UKFS_046",,"NEON.PLA.D06.UKFS.04632","ok","sapling","Live",,,0.9,,,,,,,,1.0,10,,,,"udD9q/fZN7rbYV5H5sqc0MejArf8us5xRWtCRR1/DPg=","ZW7sjn0bJopn8mRy6Wyor0KJE/3mfiL8DARkA6ikjHM=",
"07f7e3cb-d557-481f-b797-e1bc6a98bb91","UKFS_046.basePlot.vst","2018-09-26","vst_UKFS_2018","D06","UKFS","UKFS_046",,"NEON.PLA.D06.UKFS.04532","ok","small shrub","Live",,,0.9,,,,0.5,0.3,,"cylinder",1.0,10,,,,"udD9q/fZN7rbYV5H5sqc0MejArf8us5xRWtCRR1/DPg=","ZW7sjn0bJopn8mRy6Wyor0KJE/3mfiL8DARkA6ikjHM=",
"d30a3791-e759-43de-8c01-7d5d0467506b","UKFS_046.basePlot.vst","2018-09-26","vst_UKFS_2018","D06","UKFS","UKFS_046",,"NEON.PLA.D06.UKFS.04529","ok","sapling","Live",,,1.2,,,,,,,,1.1,10,,,,"udD9q/fZN7rbYV5H5sqc0MejArf8us5xRWtCRR1/DPg=","ZW7sjn0bJopn8mRy6Wyor0KJE/3mfiL8DARkA6ikjHM=",
"459272f9-17e0-4a23-b778-a0ae28221cec","UKFS_046.basePlot.vst","2018-09-26","vst_UKFS_2018","D06","UKFS","UKFS_046",,"NEON.PLA.D06.UKFS.00772","ok","single bole tree","Standing dead",12.0,130,6.3,,,,,,,,,,,,,"udD9q/fZN7rbYV5H5sqc0MejArf8us5xRWtCRR1/DPg=","ZW7sjn0bJopn8mRy6Wyor0KJE/3mfiL8DARkA6ikjHM=",
"c1956327-cf9a-43a5-89f8-6ad66c712304","UKFS_046.basePlot.vst","2018-09-26","vst_UKFS_2018","D06","UKFS","UKFS_046",,"NEON.PLA.D06.UKFS.00789","ok","single bole tree","Live",48.0,130,22.3,,,,,,,,,,,,,"udD9q/fZN7rbYV5H5sqc0MejArf8us5xRWtCRR1/DPg=","ZW7sjn0bJopn8mRy6Wyor0KJE/3mfiL8DARkA6ikjHM=",
"c10499da-03ba-4fc7-afcf-6f209e396073","UKFS_046.basePlot.vst","2018-09-26","vst_UKFS_2018","D06","UKFS","UKFS_046",,"NEON.PLA.D06.UKFS.04646","ok","small shrub","Live",,,1.4,,,,0.9,0.5,,"cylinder",1.0,10,,,,"udD9q/fZN7rbYV5H5sqc0MejArf8us5xRWtCRR1/DPg=","ZW7sjn0bJopn8mRy6Wyor0KJE/3mfiL8DARkA6ikjHM=",
"1504a047-e095-4e13-8ed3-61952cf720b3","UKFS_046.basePlot.vst","2018-09-26","vst_UKFS_2018","D06","UKFS","UKFS_046",,"NEON.PLA.D06.UKFS.01999","ok","small shrub","Live",,,1.5,,,,3.0,2.5,,"half-sphere",1.2,10,,,,"udD9q/fZN7rbYV5H5sqc0MejArf8us5xRWtCRR1/DPg=","ZW7sjn0bJopn8mRy6Wyor0KJE/3mfiL8DARkA6ikjHM=",
"58e0bf96-efa8-4257-ad33-d9fb8381df22","UKFS_046.basePlot.vst","2018-09-26","vst_UKFS_2018","D06","UKFS","UKFS_046",,"NEON.PLA.D06.UKFS.00746","ok","single bole tree","Standing dead",12.3,130,7.5,,,,,,,,,,,,,"udD9q/fZN7rbYV5H5sqc0MejArf8us5xRWtCRR1/DPg=","ZW7sjn0bJopn8mRy6Wyor0KJE/3mfiL8DARkA6ikjHM=",
"0527b7ce-8e59-4fb3-9963-ee087009b872","UKFS_046.basePlot.vst","2018-09-26","vst_UKFS_2018","D06","UKFS","UKFS_046",,"NEON.PLA.D06.UKFS.00780","ok","single bole tree","Live",15.8,130,10.1,,,,,,,,,,,,,"udD9q/fZN7rbYV5H5sqc0MejArf8us5xRWtCRR1/DPg=","ZW7sjn0bJopn8mRy6Wyor0KJE/3mfiL8DARkA6ikjHM=",
"baa7cc79-201b-40c4-b575-23dd20571d36","UKFS_046.basePlot.vst","2018-09-26","vst_UKFS_2018","D06","UKFS","UKFS_046",,"NEON.PLA.D06.UKFS.00775","ok","single bole tree","Live",67.0,130,20.6,,,,,,,,,,,,,"udD9q/fZN7rbYV5H5sqc0MejArf8us5xRWtCRR1/DPg=","ZW7sjn0bJopn8mRy6Wyor0KJE/3mfiL8DARkA6ikjHM=",
"1376bb04-dcf9-436a-89a7-8d5bee355b6d","UKFS_046.basePlot.vst","2018-09-26","vst_UKFS_2018","D06","UKFS","UKFS_046",,"NEON.PLA.D06.UKFS.04651","ok","sapling","Live",,,1.3,,,,,,,,1.2,10,,,,"udD9q/fZN7rbYV5H5sqc0MejArf8us5xRWtCRR1/DPg=","ZW7sjn0bJopn8mRy6Wyor0KJE/3mfiL8DARkA6ikjHM=",
"e707f118-2a7e-483b-a4aa-f0de17a2ff37","UKFS_046.basePlot.vst","2018-09-26","vst_UKFS_2018","D06","UKFS","UKFS_046",,"NEON.PLA.D06.UKFS.00781","ok","single bole tree","Live",5.3,130,4.6,,,,,,,,,,,,,"udD9q/fZN7rbYV5H5sqc0MejArf8us5xRWtCRR1/DPg=","ZW7sjn0bJopn8mRy6Wyor0KJE/3mfiL8DARkA6ikjHM=",
"dd26ae41-d255-46ff-8a8d-cd76b0e02ebf","UKFS_046.basePlot.vst","2018-09-26","vst_UKFS_2018","D06","UKFS","UKFS_046",,"NEON.PLA.D06.UKFS.00768A","ok","multi-bole tree","Standing dead",16.4,200,8.6,,,,,,,,,,,,,"udD9q/fZN7rbYV5H5sqc0MejArf8us5xRWtCRR1/DPg=","ZW7sjn0bJopn8mRy6Wyor0KJE/3mfiL8DARkA6ikjHM=",
"af16235b-6048-47c0-ab9c-e72b67468b5e","UKFS_046.basePlot.vst","2018-09-26","vst_UKFS_2018","D06","UKFS","UKFS_046",,"NEON.PLA.D06.UKFS.00782","ok","single bole tree","Standing dead",11.0,130,7.5,,,,,,,,,,,,,"udD9q/fZN7rbYV5H5sqc0MejArf8us5xRWtCRR1/DPg=","ZW7sjn0bJopn8mRy6Wyor0KJE/3mfiL8DARkA6ikjHM=",
"3d6551cf-4575-4d6b-a5b9-79787272023e","UKFS_046.basePlot.vst","2018-09-26","vst_UKFS_2018","D06","UKFS","UKFS_046",,"NEON.PLA.D06.UKFS.00787","ok","single bole tree","Live",19.4,130,8.1,,,,,,,,,,,,,"udD9q/fZN7rbYV5H5sqc0MejArf8us5xRWtCRR1/DPg=","ZW7sjn0bJopn8mRy6Wyor0KJE/3mfiL8DARkA6ikjHM=",
"d813b630-b7f5-4c8b-83aa-f80879f4d068","UKFS_046.basePlot.vst","2018-09-26","vst_UKFS_2018","D06","UKFS","UKFS_046",,"NEON.PLA.D06.UKFS.05483","ok","small shrub","Live",,,1.1,,,,0.9,0.5,,"cylinder",1.0,10,,,,"udD9q/fZN7rbYV5H5sqc0MejArf8us5xRWtCRR1/DPg=","ZW7sjn0bJopn8mRy6Wyor0KJE/3mfiL8DARkA6ikjHM=",
"9f228e11-d4cb-4f65-98f7-82d9272d8bcf","UKFS_046.basePlot.vst","2018-09-26","vst_UKFS_2018","D06","UKFS","UKFS_046",,"NEON.PLA.D06.UKFS.05482","ok","small shrub","Live",,,1.2,,,,0.6,0.4,,"cylinder",1.0,10,,,,"udD9q/fZN7rbYV5H5sqc0MejArf8us5xRWtCRR1/DPg=","ZW7sjn0bJopn8mRy6Wyor0KJE/3mfiL8DARkA6ikjHM=",
"aacb1f4d-68a8-4a3d-afb5-15e81c91948c","UKFS_046.basePlot.vst","2018-09-26","vst_UKFS_2018","D06","UKFS","UKFS_046",,"NEON.PLA.D06.UKFS.05495","ok","sapling","Live",,,2.0,,,,,,,,1.2,10,,,,"udD9q/fZN7rbYV5H5sqc0MejArf8us5xRWtCRR1/DPg=","ZW7sjn0bJopn8mRy6Wyor0KJE/3mfiL8DARkA6ikjHM=",
"fdd11488-1ad8-497a-810f-fb602aea50d2","UKFS_046.basePlot.vst","2018-09-26","vst_UKFS_2018","D06","UKFS","UKFS_046",,"NEON.PLA.D06.UKFS.04649","ok","sapling","Live",,,1.3,,,,,,,,1.0,10,,,,"udD9q/fZN7rbYV5H5sqc0MejArf8us5xRWtCRR1/DPg=","ZW7sjn0bJopn8mRy6Wyor0KJE/3mfiL8DARkA6ikjHM=",
"2ac59b42-e167-43bb-996d-95875a4039cc","UKFS_046.basePlot.vst","2018-09-26","vst_UKFS_2018","D06","UKFS","UKFS_046",,"NEON.PLA.D06.UKFS.05304","ok","small shrub","Live",,,1.3,,,,0.8,0.5,,"cylinder",1.2,10,,,,"udD9q/fZN7rbYV5H5sqc0MejArf8us5xRWtCRR1/DPg=","ZW7sjn0bJopn8mRy6Wyor0KJE/3mfiL8DARkA6ikjHM=",
"fc2762df-c29e-43d2-a63b-8850ef30055f","UKFS_046.basePlot.vst","2018-09-26","vst_UKFS_2018","D06","UKFS","UKFS_046",,"NEON.PLA.D06.UKFS.05305","ok","small shrub","Live",,,0.2,,,,0.5,0.4,,"cylinder",1.1,10,,,,"udD9q/fZN7rbYV5H5sqc0MejArf8us5xRWtCRR1/DPg=","ZW7sjn0bJopn8mRy6Wyor0KJE/3mfiL8DARkA6ikjHM=",
"c6572250-4914-49e5-88d3-79f35666aa55","UKFS_046.basePlot.vst","2018-09-26","vst_UKFS_2018","D06","UKFS","UKFS_046",,"NEON.PLA.D06.UKFS.04628","ok","small shrub","Live",,,1.4,,,,0.9,0.7,,"cylinder",1.3,10,,,"Previous tag missing from wire","udD9q/fZN7rbYV5H5sqc0MejArf8us5xRWtCRR1/DPg=","ZW7sjn0bJopn8mRy6Wyor0KJE/3mfiL8DARkA6ikjHM=",
"99556ffd-9353-4a61-998d-5d25c8138427","UKFS_046.basePlot.vst","2018-09-26","vst_UKFS_2018","D06","UKFS","UKFS_046",,"NEON.PLA.D06.UKFS.00784","ok","single bole tree","Live",12.5,130,9.1,,,,,,,,,,,,,"udD9q/fZN7rbYV5H5sqc0MejArf8us5xRWtCRR1/DPg=","ZW7sjn0bJopn8mRy6Wyor0KJE/3mfiL8DARkA6ikjHM=",
"96e768fc-a66d-4f20-8283-0df867613e24","UKFS_046.basePlot.vst","2018-09-26","vst_UKFS_2018","D06","UKFS","UKFS_046",,"NEON.PLA.D06.UKFS.05301","ok","sapling","Live",,,2.1,,,,,,,,1.5,10,,,,"udD9q/fZN7rbYV5H5sqc0MejArf8us5xRWtCRR1/DPg=","ZW7sjn0bJopn8mRy6Wyor0KJE/3mfiL8DARkA6ikjHM=",
"088c43b0-5d6b-40ec-9b1f-cc73cadd2817","UKFS_046.basePlot.vst","2018-09-26","vst_UKFS_2018","D06","UKFS","UKFS_046",,"NEON.PLA.D06.UKFS.00790","ok","single bole tree","Live",10.5,130,6.5,,,,,,,,,,,,,"udD9q/fZN7rbYV5H5sqc0MejArf8us5xRWtCRR1/DPg=","ZW7sjn0bJopn8mRy6Wyor0KJE/3mfiL8DARkA6ikjHM=",
"e192c27e-90f6-4e1a-8fd5-72bba2effbf7","UKFS_046.basePlot.vst","2018-09-26","vst_UKFS_2018","D06","UKFS","UKFS_046",,"NEON.PLA.D06.UKFS.00776","ok","multi-bole tree","Live",15.4,130,7.7,,,,,,,,,,,,,"udD9q/fZN7rbYV5H5sqc0MejArf8us5xRWtCRR1/DPg=","ZW7sjn0bJopn8mRy6Wyor0KJE/3mfiL8DARkA6ikjHM=",
"7dc6e820-4e57-46d7-89fd-cc5ec281ee1f","UKFS_046.basePlot.vst","2018-09-26","vst_UKFS_2018","D06","UKFS","UKFS_046",,"NEON.PLA.D06.UKFS.00788","ok","single bole tree","Live",56.3,130,20.8,,,,,,,,,,,,,"udD9q/fZN7rbYV5H5sqc0MejArf8us5xRWtCRR1/DPg=","ZW7sjn0bJopn8mRy6Wyor0KJE/3mfiL8DARkA6ikjHM=",
"6c1b4138-941e-41c9-9704-8da8cc8ff227","UKFS_046.basePlot.vst","2018-09-26","vst_UKFS_2018","D06","UKFS","UKFS_046",,"NEON.PLA.D06.UKFS.04650","ok","sapling","Live",,,1.0,,,,,,,,1.1,10,,,,"udD9q/fZN7rbYV5H5sqc0MejArf8us5xRWtCRR1/DPg=","ZW7sjn0bJopn8mRy6Wyor0KJE/3mfiL8DARkA6ikjHM=",
"01b4e609-24e3-4380-bbb6-9bdae4614a46","UKFS_046.basePlot.vst","2018-09-26","vst_UKFS_2018","D06","UKFS","UKFS_046",,"NEON.PLA.D06.UKFS.04528","ok","sapling","Live",,,1.6,,,,,,,,1.1,10,,,,"udD9q/fZN7rbYV5H5sqc0MejArf8us5xRWtCRR1/DPg=","ZW7sjn0bJopn8mRy6Wyor0KJE/3mfiL8DARkA6ikjHM=",
"6bb7746b-1910-42b8-9b42-191f9565dd5a","UKFS_046.basePlot.vst","2018-09-26","vst_UKFS_2018","D06","UKFS","UKFS_046",,"NEON.PLA.D06.UKFS.00754","ok","single bole tree","Live",10.9,130,8.2,,,,,,,,,,,,,"udD9q/fZN7rbYV5H5sqc0MejArf8us5xRWtCRR1/DPg=","ZW7sjn0bJopn8mRy6Wyor0KJE/3mfiL8DARkA6ikjHM=",
"e44f99cf-68ee-4879-8f15-7f668b5c4a53","UKFS_046.basePlot.vst","2018-09-26","vst_UKFS_2018","D06","UKFS","UKFS_046",,"NEON.PLA.D06.UKFS.02000","ok","sapling","Live",,,2.0,,,,,,,,1.4,10,,,,"udD9q/fZN7rbYV5H5sqc0MejArf8us5xRWtCRR1/DPg=","ZW7sjn0bJopn8mRy6Wyor0KJE/3mfiL8DARkA6ikjHM=",
"583b83b0-a958-4d7c-832b-108a5302c34e","UKFS_046.basePlot.vst","2018-09-26","vst_UKFS_2018","D06","UKFS","UKFS_046",,"NEON.PLA.D06.UKFS.00778","ok","single bole tree","Live",36.8,130,18.3,,,,,,,,,,,,,"udD9q/fZN7rbYV5H5sqc0MejArf8us5xRWtCRR1/DPg=","ZW7sjn0bJopn8mRy6Wyor0KJE/3mfiL8DARkA6ikjHM=",
"3cbe666f-2011-46f6-aac9-0971ec886716","UKFS_046.basePlot.vst","2018-09-26","vst_UKFS_2018","D06","UKFS","UKFS_046",,"NEON.PLA.D06.UKFS.00768","ok","multi-bole tree","Standing dead",18.2,130,8.6,,,,,,,,,,,,,"udD9q/fZN7rbYV5H5sqc0MejArf8us5xRWtCRR1/DPg=","ZW7sjn0bJopn8mRy6Wyor0KJE/3mfiL8DARkA6ikjHM=",
"c43ee414-dc86-4ee8-a701-52ee75c706a7","UKFS_046.basePlot.vst","2018-09-26","vst_UKFS_2018","D06","UKFS","UKFS_046",,"NEON.PLA.D06.UKFS.05310","ok","small shrub","Live",,,1.5,,,,0.7,0.6,,"cylinder",1.6,10,,,,"udD9q/fZN7rbYV5H5sqc0MejArf8us5xRWtCRR1/DPg=","ZW7sjn0bJopn8mRy6Wyor0KJE/3mfiL8DARkA6ikjHM=",
"9fbf05d5-94fa-4930-ba10-1e128239f1bd","UKFS_046.basePlot.vst","2018-09-26","vst_UKFS_2018","D06","UKFS","UKFS_046",,"NEON.PLA.D06.UKFS.00786","ok","single bole tree","Live",32.8,130,11.8,,,,,,,,,,,,,"udD9q/fZN7rbYV5H5sqc0MejArf8us5xRWtCRR1/DPg=","ZW7sjn0bJopn8mRy6Wyor0KJE/3mfiL8DARkA6ikjHM=",
"fc023339-b21b-4adb-832e-21250100477a","UKFS_046.basePlot.vst","2018-09-26","vst_UKFS_2018","D06","UKFS","UKFS_046",,"NEON.PLA.D06.UKFS.04546","ok","sapling","Live",,,1.7,,,,,,,,1.4,10,,,"Previous tag number chewed off","udD9q/fZN7rbYV5H5sqc0MejArf8us5xRWtCRR1/DPg=","ZW7sjn0bJopn8mRy6Wyor0KJE/3mfiL8DARkA6ikjHM=",
"2917953e-5c6b-4c68-b552-5b0bf1044c10","UKFS_046.basePlot.vst","2018-09-26","vst_UKFS_2018","D06","UKFS","UKFS_046",,"NEON.PLA.D06.UKFS.00751","ok","small tree","Live",9.3,130,7.9,,,,,,,,,,,,,"udD9q/fZN7rbYV5H5sqc0MejArf8us5xRWtCRR1/DPg=","ZW7sjn0bJopn8mRy6Wyor0KJE/3mfiL8DARkA6ikjHM=",
"4847375f-1984-42b0-a3d7-d38f875d7afa","UKFS_046.basePlot.vst","2018-09-26","vst_UKFS_2018","D06","UKFS","UKFS_046",,"NEON.PLA.D06.UKFS.01961","ok","sapling","Live",,,1.7,,,,,,,,1.4,10,,,,"udD9q/fZN7rbYV5H5sqc0MejArf8us5xRWtCRR1/DPg=","ZW7sjn0bJopn8mRy6Wyor0KJE/3mfiL8DARkA6ikjHM=",
"266a12ca-2dde-4d08-b22c-b04571d1a3b9","UKFS_046.basePlot.vst","2018-09-26","vst_UKFS_2018","D06","UKFS","UKFS_046",,"NEON.PLA.D06.UKFS.00776A","ok","multi-bole tree","Live",11.4,130,7.7,,,,,,,,,,,,,"udD9q/fZN7rbYV5H5sqc0MejArf8us5xRWtCRR1/DPg=","ZW7sjn0bJopn8mRy6Wyor0KJE/3mfiL8DARkA6ikjHM=",
"218152d2-5208-42df-b8f4-e1f58c4479d1","UKFS_046.basePlot.vst","2018-09-26","vst_UKFS_2018","D06","UKFS","UKFS_046",,"NEON.PLA.D06.UKFS.04537","ok","small shrub","Live",,,1.4,,,,0.7,0.5,,"cylinder",1.0,10,,,,"udD9q/fZN7rbYV5H5sqc0MejArf8us5xRWtCRR1/DPg=","ZW7sjn0bJopn8mRy6Wyor0KJE/3mfiL8DARkA6ikjHM=",
"88c5b400-5fff-426b-b55a-bc0942deae9e","UKFS_046.basePlot.vst","2018-09-26","vst_UKFS_2018","D06","UKFS","UKFS_046",,"NEON.PLA.D06.UKFS.00768B","ok","multi-bole tree","Standing dead",9.0,200,8.6,,,,,,,,,,,,,"udD9q/fZN7rbYV5H5sqc0MejArf8us5xRWtCRR1/DPg=","ZW7sjn0bJopn8mRy6Wyor0KJE/3mfiL8DARkA6ikjHM=",
"138a651b-0f7c-45cc-bd39-ad527fe8405f","UKFS_046.basePlot.vst","2018-09-26","vst_UKFS_2018","D06","UKFS","UKFS_046",,"NEON.PLA.D06.UKFS.05302","ok","sapling","Live",,,2.2,,,,,,,,1.3,10,,,,"udD9q/fZN7rbYV5H5sqc0MejArf8us5xRWtCRR1/DPg=","ZW7sjn0bJopn8mRy6Wyor0KJE/3mfiL8DARkA6ikjHM=",
"1b4b796e-9a4f-4f21-8a76-1c8d1204c1aa","UKFS_046.basePlot.vst","2018-09-26","vst_UKFS_2018","D06","UKFS","UKFS_046",,"NEON.PLA.D06.UKFS.04631","ok","sapling","Live",,,1.6,,,,,,,,1.3,10,,,,"udD9q/fZN7rbYV5H5sqc0MejArf8us5xRWtCRR1/DPg=","ZW7sjn0bJopn8mRy6Wyor0KJE/3mfiL8DARkA6ikjHM=",
"8e7302ca-3dc4-4b01-871b-7cf9b9adeb94","UKFS_046.basePlot.vst","2018-09-26","vst_UKFS_2018","D06","UKFS","UKFS_046",,"NEON.PLA.D06.UKFS.05309","ok","sapling","Live",,,1.7,,,,,,,,1.3,10,,,,"udD9q/fZN7rbYV5H5sqc0MejArf8us5xRWtCRR1/DPg=","ZW7sjn0bJopn8mRy6Wyor0KJE/3mfiL8DARkA6ikjHM=",
"e8e7a40b-b8de-46c5-a4c5-0d9cdb8b62f6","UKFS_046.basePlot.vst","2018-09-26","vst_UKFS_2018","D06","UKFS","UKFS_046",,"NEON.PLA.D06.UKFS.01955","ok","sapling","Live",,,1.7,,,,,,,,1.8,10,,,,"udD9q/fZN7rbYV5H5sqc0MejArf8us5xRWtCRR1/DPg=","ZW7sjn0bJopn8mRy6Wyor0KJE/3mfiL8DARkA6ikjHM=",
"fdafe0cc-af16-42ec-93bb-72acf6163184","UKFS_046.basePlot.vst","2018-09-26","vst_UKFS_2018","D06","UKFS","UKFS_046",,"NEON.PLA.D06.UKFS.01997","ok",,"Downed",,,,,,,,,,,,,,,,"udD9q/fZN7rbYV5H5sqc0MejArf8us5xRWtCRR1/DPg=","ZW7sjn0bJopn8mRy6Wyor0KJE/3mfiL8DARkA6ikjHM=",
"9c3e8e27-1ee4-49c8-8896-fcd987d11f6c","UKFS_046.basePlot.vst","2018-09-26","vst_UKFS_2018","D06","UKFS","UKFS_046",,"NEON.PLA.D06.UKFS.00797","ok","single bole tree","Live",16.2,130,8.4,,,,,,,,,,,,,"udD9q/fZN7rbYV5H5sqc0MejArf8us5xRWtCRR1/DPg=","ZW7sjn0bJopn8mRy6Wyor0KJE/3mfiL8DARkA6ikjHM=",
"d4366e1d-9f55-42c6-a53b-eaf3af5dd9bf","UKFS_046.basePlot.vst","2018-09-26","vst_UKFS_2018","D06","UKFS","UKFS_046",,"NEON.PLA.D06.UKFS.00756","ok",,"Downed",,,,,,,,,,,,,,,,"udD9q/fZN7rbYV5H5sqc0MejArf8us5xRWtCRR1/DPg=","ZW7sjn0bJopn8mRy6Wyor0KJE/3mfiL8DARkA6ikjHM=",
"1bf79087-64be-417b-ad3b-6d419b7a2d48","UKFS_046.basePlot.vst","2018-09-26","vst_UKFS_2018","D06","UKFS","UKFS_046",,"NEON.PLA.D06.UKFS.04647","ok","sapling","Live",,,1.3,,,,,,,,1.0,10,,,,"udD9q/fZN7rbYV5H5sqc0MejArf8us5xRWtCRR1/DPg=","ZW7sjn0bJopn8mRy6Wyor0KJE/3mfiL8DARkA6ikjHM=",
"a6ec9fc7-7776-4d0b-a26c-74c2566cd026","UKFS_046.basePlot.vst","2018-09-26","vst_UKFS_2018","D06","UKFS","UKFS_046",,"NEON.PLA.D06.UKFS.01936","ok","single bole tree","Live",25.7,130,12.5,,,,,,,,,,,,,"udD9q/fZN7rbYV5H5sqc0MejArf8us5xRWtCRR1/DPg=","ZW7sjn0bJopn8mRy6Wyor0KJE/3mfiL8DARkA6ikjHM=",
"b65a726c-7bd1-4feb-8171-f2486c7f7f3e","UKFS_046.basePlot.vst","2018-09-26","vst_UKFS_2018","D06","UKFS","UKFS_046",,"NEON.PLA.D06.UKFS.04549","ok","sapling","Live",,,1.6,,,,,,,,1.2,10,,,"Previous tag chewed off","udD9q/fZN7rbYV5H5sqc0MejArf8us5xRWtCRR1/DPg=","ZW7sjn0bJopn8mRy6Wyor0KJE/3mfiL8DARkA6ikjHM=",
"4b815986-ff0a-4720-8c4c-adeef23ef324","UKFS_046.basePlot.vst","2018-09-26","vst_UKFS_2018","D06","UKFS","UKFS_046",,"NEON.PLA.D06.UKFS.00757A","ok","multi-bole tree","Live",23.2,130,17.2,,,,,,,,,,,,,"udD9q/fZN7rbYV5H5sqc0MejArf8us5xRWtCRR1/DPg=","ZW7sjn0bJopn8mRy6Wyor0KJE/3mfiL8DARkA6ikjHM=",
"e70a6ad8-0a4a-403b-bbb0-f51963959f7a","UKFS_046.basePlot.vst","2018-09-26","vst_UKFS_2018","D06","UKFS","UKFS_046",,"NEON.PLA.D06.UKFS.00773","ok","single bole tree","Live",19.7,130,13.0,,,,,,,,,,,,,"udD9q/fZN7rbYV5H5sqc0MejArf8us5xRWtCRR1/DPg=","ZW7sjn0bJopn8mRy6Wyor0KJE/3mfiL8DARkA6ikjHM=",
"063ad15f-dcbf-4ccd-822f-3a8d1bdf0781","UKFS_046.basePlot.vst","2018-09-26","vst_UKFS_2018","D06","UKFS","UKFS_046",,"NEON.PLA.D06.UKFS.01960","ok","sapling","Live",,,1.9,,,,,,,,1.1,10,,,,"udD9q/fZN7rbYV5H5sqc0MejArf8us5xRWtCRR1/DPg=","ZW7sjn0bJopn8mRy6Wyor0KJE/3mfiL8DARkA6ikjHM=",
"f586c579-2288-494b-923a-4ec615586ed7","UKFS_046.basePlot.vst","2018-09-26","vst_UKFS_2018","D06","UKFS","UKFS_046",,"NEON.PLA.D06.UKFS.05500","ok","small shrub","Live",,,0.7,,,,0.7,0.3,,"cylinder",1.2,10,,,,"udD9q/fZN7rbYV5H5sqc0MejArf8us5xRWtCRR1/DPg=","ZW7sjn0bJopn8mRy6Wyor0KJE/3mfiL8DARkA6ikjHM=",
"2b1982cf-1fa1-4678-892d-e23775f08e44","UKFS_046.basePlot.vst","2018-09-26","vst_UKFS_2018","D06","UKFS","UKFS_046",,"NEON.PLA.D06.UKFS.04551","ok","small shrub","Live",,,0.9,,,,0.6,0.3,,"cylinder",1.4,10,,,"Previous tag chewed off","udD9q/fZN7rbYV5H5sqc0MejArf8us5xRWtCRR1/DPg=","ZW7sjn0bJopn8mRy6Wyor0KJE/3mfiL8DARkA6ikjHM=",
"81424ea2-1616-4f69-98f3-576339c2faca","UKFS_046.basePlot.vst","2018-09-26","vst_UKFS_2018","D06","UKFS","UKFS_046",,"NEON.PLA.D06.UKFS.05492","ok","sapling","Live",,,1.4,,,,,,,,1.2,10,,,,"udD9q/fZN7rbYV5H5sqc0MejArf8us5xRWtCRR1/DPg=","ZW7sjn0bJopn8mRy6Wyor0KJE/3mfiL8DARkA6ikjHM=",
"0d84e6d9-2ed8-4ded-ac5e-463207875df2","UKFS_046.basePlot.vst","2018-09-26","vst_UKFS_2018","D06","UKFS","UKFS_046",,"NEON.PLA.D06.UKFS.04530","ok","small shrub","Live",,,1.3,,,,0.8,0.6,,"cylinder",1.1,10,,,,"udD9q/fZN7rbYV5H5sqc0MejArf8us5xRWtCRR1/DPg=","ZW7sjn0bJopn8mRy6Wyor0KJE/3mfiL8DARkA6ikjHM=",
"8df09142-f266-4eca-b7da-839722947e3c","UKFS_046.basePlot.vst","2018-09-26","vst_UKFS_2018","D06","UKFS","UKFS_046",,"NEON.PLA.D06.UKFS.01998","ok","small shrub","Live",,,1.2,,,,0.8,0.4,,"cylinder",1.0,10,,,,"udD9q/fZN7rbYV5H5sqc0MejArf8us5xRWtCRR1/DPg=","ZW7sjn0bJopn8mRy6Wyor0KJE/3mfiL8DARkA6ikjHM=",
"9fa26391-65c1-4482-bc53-548994528e8d","UKFS_046.basePlot.vst","2018-09-26","vst_UKFS_2018","D06","UKFS","UKFS_046",,"NEON.PLA.D06.UKFS.04623","ok","liana","Live",3.7,130,,,,,,,,,,,,,,"udD9q/fZN7rbYV5H5sqc0MejArf8us5xRWtCRR1/DPg=","ZW7sjn0bJopn8mRy6Wyor0KJE/3mfiL8DARkA6ikjHM=",
"2679acf3-b4b7-4e0d-87c8-df8d434354e4","UKFS_046.basePlot.vst","2018-09-26","vst_UKFS_2018","D06","UKFS","UKFS_046",,"NEON.PLA.D06.UKFS.04630","ok","small shrub","Live",,,1.2,,,,0.8,0.5,,"cylinder",1.3,10,,,"Previous tag chewed off","udD9q/fZN7rbYV5H5sqc0MejArf8us5xRWtCRR1/DPg=","ZW7sjn0bJopn8mRy6Wyor0KJE/3mfiL8DARkA6ikjHM=",
"cd84d49e-d869-40f8-bb3a-853318d53e34","UKFS_046.basePlot.vst","2018-09-26","vst_UKFS_2018","D06","UKFS","UKFS_046",,"NEON.PLA.D06.UKFS.04643","ok","sapling","Live",,,1.9,,,,,,,,1.1,10,,,,"udD9q/fZN7rbYV5H5sqc0MejArf8us5xRWtCRR1/DPg=","ZW7sjn0bJopn8mRy6Wyor0KJE/3mfiL8DARkA6ikjHM=",
"9e051371-94c6-440d-af2f-cf9b3d0b3cfa","UKFS_046.basePlot.vst","2018-09-26","vst_UKFS_2018","D06","UKFS","UKFS_046",,"NEON.PLA.D06.UKFS.04533","ok","sapling","Live",,,1.4,,,,,,,,1.1,10,,,,"udD9q/fZN7rbYV5H5sqc0MejArf8us5xRWtCRR1/DPg=","ZW7sjn0bJopn8mRy6Wyor0KJE/3mfiL8DARkA6ikjHM=",
"9944421e-4b90-4013-b00c-d91be908db6d","UKFS_046.basePlot.vst","2018-09-26","vst_UKFS_2018","D06","UKFS","UKFS_046",,"NEON.PLA.D06.UKFS.04544","ok","small shrub","Live",,,1.4,,,,0.7,0.6,,"cylinder",1.0,10,,,,"udD9q/fZN7rbYV5H5sqc0MejArf8us5xRWtCRR1/DPg=","ZW7sjn0bJopn8mRy6Wyor0KJE/3mfiL8DARkA6ikjHM=",
"02249662-7389-4f90-93f5-6c20432e6ad8","UKFS_046.basePlot.vst","2018-09-26","vst_UKFS_2018","D06","UKFS","UKFS_046",,"NEON.PLA.D06.UKFS.04531","ok","small shrub","Live",,,1.2,,,,0.5,0.4,,"cylinder",1.0,10,,,,"udD9q/fZN7rbYV5H5sqc0MejArf8us5xRWtCRR1/DPg=","ZW7sjn0bJopn8mRy6Wyor0KJE/3mfiL8DARkA6ikjHM=",
"89ccb38f-2cfd-4e51-80c0-7e1c0812e1ee","UKFS_046.basePlot.vst","2018-09-26","vst_UKFS_2018","D06","UKFS","UKFS_046",,"NEON.PLA.D06.UKFS.05493","ok","sapling","Live",,,1.5,,,,,,,,1.0,10,,,,"udD9q/fZN7rbYV5H5sqc0MejArf8us5xRWtCRR1/DPg=","ZW7sjn0bJopn8mRy6Wyor0KJE/3mfiL8DARkA6ikjHM=",
"807ddb6c-87ee-44f8-99b1-44f22f73181f","UKFS_046.basePlot.vst","2018-09-26","vst_UKFS_2018","D06","UKFS","UKFS_046",,"NEON.PLA.D06.UKFS.01958","ok",,"Downed",,,,,,,,,,,,,,,,"udD9q/fZN7rbYV5H5sqc0MejArf8us5xRWtCRR1/DPg=","ZW7sjn0bJopn8mRy6Wyor0KJE/3mfiL8DARkA6ikjHM=",
"2cd10643-2da5-4405-94ec-cd4f9e334926","UKFS_046.basePlot.vst","2018-09-26","vst_UKFS_2018","D06","UKFS","UKFS_046",,"NEON.PLA.D06.UKFS.00752","ok","small tree","Live",8.5,130,8.2,,,,,,,,,,,,,"udD9q/fZN7rbYV5H5sqc0MejArf8us5xRWtCRR1/DPg=","ZW7sjn0bJopn8mRy6Wyor0KJE/3mfiL8DARkA6ikjHM=",
"46881ca6-fa04-40f1-927e-e395ac254cb7","UKFS_046.basePlot.vst","2018-09-26","vst_UKFS_2018","D06","UKFS","UKFS_046",,"NEON.PLA.D06.UKFS.00758","ok","small tree","Live",6.5,130,5.5,,,,,,,,,,,,,"udD9q/fZN7rbYV5H5sqc0MejArf8us5xRWtCRR1/DPg=","ZW7sjn0bJopn8mRy6Wyor0KJE/3mfiL8DARkA6ikjHM=",
"c423fc07-f5a4-4fe2-ae63-2c66b98f5c5c","UKFS_046.basePlot.vst","2018-09-26","vst_UKFS_2018","D06","UKFS","UKFS_046",,"NEON.PLA.D06.UKFS.05498","ok","sapling","Live",,,1.7,,,,,,,,1.3,10,,,,"udD9q/fZN7rbYV5H5sqc0MejArf8us5xRWtCRR1/DPg=","ZW7sjn0bJopn8mRy6Wyor0KJE/3mfiL8DARkA6ikjHM=",
"f55f286f-1aa1-4df3-ad48-adace4c9876e","UKFS_046.basePlot.vst","2018-09-26","vst_UKFS_2018","D06","UKFS","UKFS_046",,"NEON.PLA.D06.UKFS.00753","ok","single bole tree","Live",19.0,130,12.6,,,,,,,,,,,,,"udD9q/fZN7rbYV5H5sqc0MejArf8us5xRWtCRR1/DPg=","ZW7sjn0bJopn8mRy6Wyor0KJE/3mfiL8DARkA6ikjHM=",
"025e66a6-855d-4007-afcf-eb1aa9d545d6","UKFS_046.basePlot.vst","2018-09-26","vst_UKFS_2018","D06","UKFS","UKFS_046",,"NEON.PLA.D06.UKFS.05308","ok","sapling","Live",,,1.3,,,,,,,,1.1,10,,,,"udD9q/fZN7rbYV5H5sqc0MejArf8us5xRWtCRR1/DPg=","ZW7sjn0bJopn8mRy6Wyor0KJE/3mfiL8DARkA6ikjHM=",
"5b0e5653-c20b-4657-983e-91b91fa8ffe6","UKFS_046.basePlot.vst","2018-09-26","vst_UKFS_2018","D06","UKFS","UKFS_046",,"NEON.PLA.D06.UKFS.05494","ok","sapling","Live",,,1.8,,,,,,,,1.3,10,,,,"udD9q/fZN7rbYV5H5sqc0MejArf8us5xRWtCRR1/DPg=","ZW7sjn0bJopn8mRy6Wyor0KJE/3mfiL8DARkA6ikjHM=",
"694a399b-ce02-47ec-8be9-ccd9f4df97b3","UKFS_046.basePlot.vst","2018-09-26","vst_UKFS_2018","D06","UKFS","UKFS_046",,"NEON.PLA.D06.UKFS.05307","ok","sapling","Live",,,1.5,,,,,,,,1.2,10,,,,"udD9q/fZN7rbYV5H5sqc0MejArf8us5xRWtCRR1/DPg=","ZW7sjn0bJopn8mRy6Wyor0KJE/3mfiL8DARkA6ikjHM=",
"8e30966d-d65e-4dcf-a2d3-04b163f4b8e5","UKFS_046.basePlot.vst","2018-09-26","vst_UKFS_2018","D06","UKFS","UKFS_046",,"NEON.PLA.D06.UKFS.04644","ok","small shrub","Live",,,1.0,,,,0.6,0.5,,"cylinder",1.2,10,,,,"udD9q/fZN7rbYV5H5sqc0MejArf8us5xRWtCRR1/DPg=","ZW7sjn0bJopn8mRy6Wyor0KJE/3mfiL8DARkA6ikjHM=",
"dbfbdd91-53b4-44e8-a86a-dcfcb0a2cd1b","UKFS_046.basePlot.vst","2018-09-26","vst_UKFS_2018","D06","UKFS","UKFS_046",,"NEON.PLA.D06.UKFS.04639","ok","sapling","Live",,,1.3,,,,,,,,1.1,10,,,,"udD9q/fZN7rbYV5H5sqc0MejArf8us5xRWtCRR1/DPg=","ZW7sjn0bJopn8mRy6Wyor0KJE/3mfiL8DARkA6ikjHM=",
"43c10a7c-6fd5-417c-8908-ddcba6a33b62","UKFS_046.basePlot.vst","2018-09-26","vst_UKFS_2018","D06","UKFS","UKFS_046",,"NEON.PLA.D06.UKFS.04648","ok","small shrub","Live",,,1.3,,,,0.6,0.4,,"cylinder",1.0,10,,,,"udD9q/fZN7rbYV5H5sqc0MejArf8us5xRWtCRR1/DPg=","ZW7sjn0bJopn8mRy6Wyor0KJE/3mfiL8DARkA6ikjHM=",
"107eb2d0-7927-4006-baf2-952afae72bf8","UKFS_046.basePlot.vst","2018-09-26","vst_UKFS_2018","D06","UKFS","UKFS_046",,"NEON.PLA.D06.UKFS.05489","ok","sapling","Live",,,1.7,,,,,,,,1.3,10,,,,"udD9q/fZN7rbYV5H5sqc0MejArf8us5xRWtCRR1/DPg=","ZW7sjn0bJopn8mRy6Wyor0KJE/3mfiL8DARkA6ikjHM=",
"4ecf50e1-7a46-43bd-8acd-945fa6e2a51d","UKFS_046.basePlot.vst","2018-09-26","vst_UKFS_2018","D06","UKFS","UKFS_046",,"NEON.PLA.D06.UKFS.05484","ok","sapling","Live",,,1.2,,,,,,,,1.2,10,,,,"udD9q/fZN7rbYV5H5sqc0MejArf8us5xRWtCRR1/DPg=","ZW7sjn0bJopn8mRy6Wyor0KJE/3mfiL8DARkA6ikjHM=",
"3576c589-af6c-400c-98de-70ee1543637d","UKFS_046.basePlot.vst","2018-09-26","vst_UKFS_2018","D06","UKFS","UKFS_046",,"NEON.PLA.D06.UKFS.00759","ok","single bole tree","Standing dead",16.5,130,9.2,,,,,,,,,,,,,"udD9q/fZN7rbYV5H5sqc0MejArf8us5xRWtCRR1/DPg=","ZW7sjn0bJopn8mRy6Wyor0KJE/3mfiL8DARkA6ikjHM=",
"4032c2ef-df80-4853-81c6-2595251f18ba","UKFS_046.basePlot.vst","2018-09-26","vst_UKFS_2018","D06","UKFS","UKFS_046",,"NEON.PLA.D06.UKFS.04636","ok","single bole tree","Live",11.0,130,8.5,,,,,,,,,,,,,"udD9q/fZN7rbYV5H5sqc0MejArf8us5xRWtCRR1/DPg=","ZW7sjn0bJopn8mRy6Wyor0KJE/3mfiL8DARkA6ikjHM=",
"f456f639-19e3-487f-9bd5-f9a33277c93e","UKFS_046.basePlot.vst","2018-09-26","vst_UKFS_2018","D06","UKFS","UKFS_046",,"NEON.PLA.D06.UKFS.00760","ok","single bole tree","Live",16.5,130,12.3,,,,,,,,,,,,,"udD9q/fZN7rbYV5H5sqc0MejArf8us5xRWtCRR1/DPg=","ZW7sjn0bJopn8mRy6Wyor0KJE/3mfiL8DARkA6ikjHM=",
"d1a77e0a-936c-4a0f-a63f-dbddd1128dd1","UKFS_046.basePlot.vst","2018-09-26","vst_UKFS_2018","D06","UKFS","UKFS_046",,"NEON.PLA.D06.UKFS.00774","ok","single bole tree","Live",29.8,130,15.1,,,,,,,,,,,,,"udD9q/fZN7rbYV5H5sqc0MejArf8us5xRWtCRR1/DPg=","ZW7sjn0bJopn8mRy6Wyor0KJE/3mfiL8DARkA6ikjHM=",
"096ea087-2bca-4f11-b828-c738a457e924","UKFS_046.basePlot.vst","2018-09-26","vst_UKFS_2018","D06","UKFS","UKFS_046",,"NEON.PLA.D06.UKFS.00783","ok","single bole tree","Live",40.1,130,21.5,,,,,,,,,,,,,"udD9q/fZN7rbYV5H5sqc0MejArf8us5xRWtCRR1/DPg=","ZW7sjn0bJopn8mRy6Wyor0KJE/3mfiL8DARkA6ikjHM=",
"22e1a3ce-0137-43f9-94ed-331947f71f2c","UKFS_046.basePlot.vst","2018-09-26","vst_UKFS_2018","D06","UKFS","UKFS_046",,"NEON.PLA.D06.UKFS.00769","ok","single bole tree","Live",50.7,130,18.9,,,,,,,,,,,,,"udD9q/fZN7rbYV5H5sqc0MejArf8us5xRWtCRR1/DPg=","ZW7sjn0bJopn8mRy6Wyor0KJE/3mfiL8DARkA6ikjHM=",
"625e9bbb-8318-490f-9a4b-4c867533258b","UKFS_046.basePlot.vst","2018-09-26","vst_UKFS_2018","D06","UKFS","UKFS_046",,"NEON.PLA.D06.UKFS.04550","ok","sapling","Live",,,1.2,,,,,,,,1.0,10,,,,"udD9q/fZN7rbYV5H5sqc0MejArf8us5xRWtCRR1/DPg=","ZW7sjn0bJopn8mRy6Wyor0KJE/3mfiL8DARkA6ikjHM=",
"b6ff1aa8-84b5-47f8-8803-5c1ad5491c48","UKFS_046.basePlot.vst","2018-09-26","vst_UKFS_2018","D06","UKFS","UKFS_046",,"NEON.PLA.D06.UKFS.01957","ok","sapling","Live",,,1.6,,,,,,,,1.9,10,,,,"udD9q/fZN7rbYV5H5sqc0MejArf8us5xRWtCRR1/DPg=","ZW7sjn0bJopn8mRy6Wyor0KJE/3mfiL8DARkA6ikjHM=",
"c7045a05-5680-4f39-8bbf-b63f9f58d903","UKFS_046.basePlot.vst","2018-09-26","vst_UKFS_2018","D06","UKFS","UKFS_046",,"NEON.PLA.D06.UKFS.05312","ok","small shrub","Live",,,1.2,,,,0.7,0.6,,"cylinder",1.2,10,,,,"udD9q/fZN7rbYV5H5sqc0MejArf8us5xRWtCRR1/DPg=","ZW7sjn0bJopn8mRy6Wyor0KJE/3mfiL8DARkA6ikjHM=",
"dc79bc16-2a03-490f-b13a-a3313390a608","UKFS_046.basePlot.vst","2018-09-26","vst_UKFS_2018","D06","UKFS","UKFS_046",,"NEON.PLA.D06.UKFS.00767","ok","single bole tree","Live",13.8,130,9.9,,,,,,,,,,,,,"udD9q/fZN7rbYV5H5sqc0MejArf8us5xRWtCRR1/DPg=","ZW7sjn0bJopn8mRy6Wyor0KJE/3mfiL8DARkA6ikjHM=",
"ca50b743-92be-4fad-b26b-eae84778d88d","UKFS_046.basePlot.vst","2018-09-26","vst_UKFS_2018","D06","UKFS","UKFS_046",,"NEON.PLA.D06.UKFS.04629","ok","sapling","Live",,,1.8,,,,,,,,1.4,10,,,"Previous tag missing from wire","udD9q/fZN7rbYV5H5sqc0MejArf8us5xRWtCRR1/DPg=","ZW7sjn0bJopn8mRy6Wyor0KJE/3mfiL8DARkA6ikjHM=",
"ca2c2169-c788-4082-bc28-fcb48ba221a5","UKFS_046.basePlot.vst","2018-09-26","vst_UKFS_2018","D06","UKFS","UKFS_046",,"NEON.PLA.D06.UKFS.05490","ok","small shrub","Live",,,1.2,,,,0.8,0.5,,"cylinder",1.1,10,,,,"udD9q/fZN7rbYV5H5sqc0MejArf8us5xRWtCRR1/DPg=","ZW7sjn0bJopn8mRy6Wyor0KJE/3mfiL8DARkA6ikjHM=",
"4e74ba91-f155-4a9c-9c30-6190f6c32a27","UKFS_046.basePlot.vst","2018-09-26","vst_UKFS_2018","D06","UKFS","UKFS_046",,"NEON.PLA.D06.UKFS.00747","ok","single bole tree","Live",10.8,10,8.1,,,,,,,,,,,,,"udD9q/fZN7rbYV5H5sqc0MejArf8us5xRWtCRR1/DPg=","ZW7sjn0bJopn8mRy6Wyor0KJE/3mfiL8DARkA6ikjHM=",
"9b811309-3203-4132-9b0a-2f8eeac3f83e","UKFS_046.basePlot.vst","2018-09-26","vst_UKFS_2018","D06","UKFS","UKFS_046",,"NEON.PLA.D06.UKFS.05307","ok","sapling","Live",,,1.4,,,,,,,,1.2,10,,,,"udD9q/fZN7rbYV5H5sqc0MejArf8us5xRWtCRR1/DPg=","ZW7sjn0bJopn8mRy6Wyor0KJE/3mfiL8DARkA6ikjHM=",
"e6c09a68-2e48-4273-bdbd-e1cfe7013b0e","UKFS_046.basePlot.vst","2018-09-26","vst_UKFS_2018","D06","UKFS","UKFS_046",,"NEON.PLA.D06.UKFS.00750","ok","small tree","Live",7.8,130,3.8,,,,,,,,,,,,,"udD9q/fZN7rbYV5H5sqc0MejArf8us5xRWtCRR1/DPg=","ZW7sjn0bJopn8mRy6Wyor0KJE/3mfiL8DARkA6ikjHM=",
"56f65280-e08d-493e-9b1a-482666cdc0e9","UKFS_046.basePlot.vst","2018-09-26","vst_UKFS_2018","D06","UKFS","UKFS_046",,"NEON.PLA.D06.UKFS.00794","ok","single bole tree","Live",14.6,130,10.3,,,,,,,,,,,,,"udD9q/fZN7rbYV5H5sqc0MejArf8us5xRWtCRR1/DPg=","ZW7sjn0bJopn8mRy6Wyor0KJE/3mfiL8DARkA6ikjHM=",
"85a01438-52f5-49a7-a462-2bd55d0a6443","UKFS_046.basePlot.vst","2018-09-26","vst_UKFS_2018","D06","UKFS","UKFS_046",,"NEON.PLA.D06.UKFS.01956","ok","small shrub","Live",,,1.2,,,,0.8,0.5,,"cylinder",1.5,10,,,,"udD9q/fZN7rbYV5H5sqc0MejArf8us5xRWtCRR1/DPg=","ZW7sjn0bJopn8mRy6Wyor0KJE/3mfiL8DARkA6ikjHM=",
"e5040223-256d-42f9-b7a7-8bb7f8024a8d","UKFS_046.basePlot.vst","2018-09-26","vst_UKFS_2018","D06","UKFS","UKFS_046",,"NEON.PLA.D06.UKFS.00800","ok","small tree","Live",9.5,130,10.5,,,,,,,,,,,,,"udD9q/fZN7rbYV5H5sqc0MejArf8us5xRWtCRR1/DPg=","ZW7sjn0bJopn8mRy6Wyor0KJE/3mfiL8DARkA6ikjHM=",
"ed3edb3a-e8e1-4a20-ab6a-3d963a37cc2a","UKFS_046.basePlot.vst","2018-09-26","vst_UKFS_2018","D06","UKFS","UKFS_046",,"NEON.PLA.D06.UKFS.01995","ok","sapling","Live",,,2.0,,,,,,,,2.1,10,,,,"udD9q/fZN7rbYV5H5sqc0MejArf8us5xRWtCRR1/DPg=","ZW7sjn0bJopn8mRy6Wyor0KJE/3mfiL8DARkA6ikjHM=",
"21148f3c-c9ff-4398-8f25-c75cdbd5da88","UKFS_046.basePlot.vst","2018-09-26","vst_UKFS_2018","D06","UKFS","UKFS_046",,"NEON.PLA.D06.UKFS.00798","ok","single bole tree","Standing dead",36.3,130,12.1,,,,,,,,,,,,,"udD9q/fZN7rbYV5H5sqc0MejArf8us5xRWtCRR1/DPg=","ZW7sjn0bJopn8mRy6Wyor0KJE/3mfiL8DARkA6ikjHM=",
"0e2e6339-5c8d-4b81-816f-a41e8474973e","UKFS_046.basePlot.vst","2018-09-26","vst_UKFS_2018","D06","UKFS","UKFS_046",,"NEON.PLA.D06.UKFS.01999","ok","small shrub","Live",,,1.5,,,,3.0,2.5,,"half-sphere",1.1,10,,,,"udD9q/fZN7rbYV5H5sqc0MejArf8us5xRWtCRR1/DPg=","ZW7sjn0bJopn8mRy6Wyor0KJE/3mfiL8DARkA6ikjHM=",
"b4bd5e6d-e79c-42a3-afe9-1d3245989e5c","UKFS_046.basePlot.vst","2018-09-26","vst_UKFS_2018","D06","UKFS","UKFS_046",,"NEON.PLA.D06.UKFS.05499","ok","sapling","Live",,,1.6,,,,,,,,1.4,10,,,,"udD9q/fZN7rbYV5H5sqc0MejArf8us5xRWtCRR1/DPg=","ZW7sjn0bJopn8mRy6Wyor0KJE/3mfiL8DARkA6ikjHM=",
"305fcb91-a469-4c79-b2a6-b9ce01dc78a4","UKFS_046.basePlot.vst","2018-09-26","vst_UKFS_2018","D06","UKFS","UKFS_046",,"NEON.PLA.D06.UKFS.05496","ok","single bole tree","Live",33.9,130,15.3,,,,,,,,,,,,,"udD9q/fZN7rbYV5H5sqc0MejArf8us5xRWtCRR1/DPg=","ZW7sjn0bJopn8mRy6Wyor0KJE/3mfiL8DARkA6ikjHM=",
