uid,namedLocation,domainID,siteID,plotID,plotType,nlcdClass,decimalLatitude,decimalLongitude,geodeticDatum,coordinateUncertainty,elevation,elevationUncertainty,collectDate,eventID,sampleID,sampleCode,samplingMethod,totalSampledArea,targetTaxaPresent,adultCount,nymphCount,larvaCount,sampleCondition,samplingProtocolVersion,measuredBy,remarks
"7b017ee4-7373-4c0f-a8ba-7a6c75da38e8","BLAN_008.tickPlot.tck","D02","BLAN","BLAN_008","distributed","pastureHay",39.083870,-77.966320,"WGS84",20.4,159.6,0.5,"2015-05-11T14:10Z","BLAN.2015.19",,,"drag",160,"N",0,0,,,"NEON.DOC.014045vF","LZfT4DkrjuNhcuRfPbI0ue5Gw/sBOPYT",
"f8c629d8-f6c9-4c4d-96a1-b1448d2392f0","BLAN_012.tickPlot.tck","D02","BLAN","BLAN_012","distributed","deciduousForest",39.082720,-77.959589,"WGS84",20.2,135.1,0.2,"2015-05-11T15:50Z","BLAN.2015.19",,,"drag",154,"N",0,0,,,"NEON.DOC.014045vF","LZfT4DkrjuNhcuRfPbI0ue5Gw/sBOPYT",
"7be71f92-f04a-48dd-be40-05674146f860","BLAN_015.tickPlot.tck","D02","BLAN","BLAN_015","distributed","deciduousForest",39.088728,-77.955494,"WGS84",20.2,125.9,0.2,"2015-05-11T16:41Z","BLAN.2015.19","BLAN_015.20150511",,"drag",166,"Y",1,0,,"No known compromise","NEON.DOC.014045vF","LZfT4DkrjuNhcuRfPbI0ue5Gw/sBOPYT",
"b2bb7fdd-5388-4650-8517-4d702b823d66","BLAN_004.tickPlot.tck","D02","BLAN","BLAN_004","distributed","pastureHay",39.088416,-77.961331,"WGS84",20.1,123.7,0.1,"2015-05-11T17:54Z","BLAN.2015.19",,,"drag",160,"N",0,0,,,"NEON.DOC.014045vF","LZfT4DkrjuNhcuRfPbI0ue5Gw/sBOPYT",
"6cd08412-3e5f-4548-9d3e-6370ee39ab35","BLAN_005.tickPlot.tck","D02","BLAN","BLAN_005","distributed","deciduousForest",39.086223,-77.972729,"WGS84",20.2,169.1,0.3,"2015-05-11T18:50Z","BLAN.2015.19","BLAN_005.20150511",,"drag and flag",160,"Y",0,13,,"No known compromise","NEON.DOC.014045vF","LZfT4DkrjuNhcuRfPbI0ue5Gw/sBOPYT",
"3f649a8d-8a64-4688-8dbf-659067a51a75","BLAN_002.tickPlot.tck","D02","BLAN","BLAN_002","distributed","pastureHay",39.091474,-77.982149,"WGS84",20.1,145.6,0.1,"2015-05-14T19:37Z","BLAN.2015.19","BLAN_002.20150514",,"drag",160,"Y",0,1,,"No known compromise","NEON.DOC.014045vF","wYCqaZcA+7tKZqVSOMaNBCcRKvQIOBzP",
