uid,namedLocation,domainID,siteID,plotID,plotType,nlcdClass,decimalLatitude,decimalLongitude,geodeticDatum,coordinateUncertainty,elevation,elevationUncertainty,collectDate,eventID,sampleID,sampleCode,samplingMethod,totalSampledArea,targetTaxaPresent,adultCount,nymphCount,larvaCount,sampleCondition,samplingProtocolVersion,measuredBy,remarks
"66b9923f-f9d3-4e3c-8ee0-bfdcdd68c50c","TALL_001.tickPlot.tck","D08","TALL","TALL_001","distributed","deciduousForest",32.976370,-87.432184,"WGS84",20.2,114.6,0.1,"2016-10-17T14:12Z","TALL.2016.42","TALL_001.20161017",,"drag and flag",160,"Y",0,1,2,"No known compromise","NEON.DOC.014045vG","ADzqoWOfwevQ2rrllzoCJTnDjie0NTbT",
"1ac4fae8-a8db-46b9-b75f-cf809f90a5f0","TALL_008.tickPlot.tck","D08","TALL","TALL_008","distributed","deciduousForest",32.922874,-87.434097,"WGS84",20.2,127.5,0.2,"2016-10-17T14:14Z","TALL.2016.42","TALL_008.20161017",,"drag",160,"Y",0,1,0,"No known compromise","NEON.DOC.014045vG","71MfCy+FRstpZer5T0iw8M+PBSzABHAbojUJO96sh64=",
"2fafea0d-7814-437e-aa46-2771b5d78fa5","TALL_002.tickPlot.tck","D08","TALL","TALL_002","distributed","mixedForest",32.920823,-87.428955,"WGS84",20.3,104.0,0.4,"2016-10-17T15:34Z","TALL.2016.42","TALL_002.20161017",,"drag",160,"Y",0,0,1756,"No known compromise","NEON.DOC.014045vG","71MfCy+FRstpZer5T0iw8M+PBSzABHAbojUJO96sh64=","8 larvals in vial 1 collected in RNA. 525 larvals in vial 2 collected in EtOH and moved to RNA"
"8e40d563-e156-405d-92ce-53d79fd94785","TALL_016.tickPlot.tck","D08","TALL","TALL_016","distributed","evergreenForest",32.971553,-87.415845,"WGS84",20.1,138.9,0.1,"2016-10-17T15:50Z","TALL.2016.42",,,"drag",160,"N",0,0,0,"No known compromise","NEON.DOC.014045vG","0ygyTA3URVoNp+waZjN2Lu+zP0lNl3v9",
"b81552e3-a14c-40ca-816e-d33bdf4db12f","TALL_006.tickPlot.tck","D08","TALL","TALL_006","distributed","evergreenForest",32.899144,-87.444571,"WGS84",20.3,108.6,0.3,"2016-10-17T17:15Z","TALL.2016.42",,,"drag and flag",160,"N",0,0,0,"No known compromise","NEON.DOC.014045vG","0ygyTA3URVoNp+waZjN2Lu+zP0lNl3v9",
"00b63fb7-6f40-44d4-9565-31028695c772","TALL_003.tickPlot.tck","D08","TALL","TALL_003","distributed","mixedForest",32.894415,-87.416532,"WGS84",20.2,121.9,0.2,"2016-10-17T17:36Z","TALL.2016.42","TALL_003.20161017",,"drag and flag",160,"Y",0,0,19,"No known compromise","NEON.DOC.014045vG","Ty5ktdGiRSp05LT6y3oRIJX9t8YK1JGMhptSFXGHZWc=","Collected in EtOH and moved to RNA"
