uid,namedLocation,plotID,collectDate,identifiedDate,sampleID,subsampleID,scientificName,acceptedTaxonID,taxonRank,family,subfamily,tribe,subtribe,genus,subgenus,specificEpithet,infraspecificEpithet,identificationQualifier,identificationReferences,identificationProtocolVersion,scientificNameAuthorship,sexOrAge,individualCount,sampleCondition,archiveMedium,archiveFacilityID,deprecatedVialID,identifiedBy,laboratoryName,remarks
"1f559617-fbd3-422e-9ab6-2ac8e1d568ae","TALL_001.tickPlot.tck","TALL_001","2016-10-17T14:12Z","2017-06-05T16:00Z","TALL_001.20161017","TALL_001.20161017.AMBAME.N","Amblyomma americanum","AMBAME","species","Ixodidae",,,,"Amblyomma",,"americanum",,,"Cooley, R. A. and G. M. Kohls. 1944. The genus Amblyomma (ixodidae) in the United States. The Journal of Parasitology, 30(2):77-111.","GSU_tickIdentification_SOP_2016-11-01.pdf","Linnaeus","Nymph",1,"OK","RNA stabilization buffer","USNMENT00984297","TALL_001.20161017.01.AMBAME.N","Lorenza Beati","Georgia Southern University",
"f37d3b38-288f-47f4-9e2b-88705ca6531e","TALL_001.tickPlot.tck","TALL_001","2016-10-17T14:12Z","2017-04-11T16:00Z","TALL_001.20161017","TALL_001.20161017.IXOSP.L","Ixodidae sp.","IXOSP","family","Ixodidae",,,,,,"sp.",,,,"GSU_tickIdentification_SOP_2016-11-01.pdf",,"Larva",1,"OK","RNA stabilization buffer","USNMENT00984298","TALL_001.20161017.01.L","Arianna Gibbs","Georgia Southern University",
"f37faf80-0b3f-447c-9d36-8e79123b848c","TALL_008.tickPlot.tck","TALL_008","2016-10-17T14:14Z","2017-06-06T16:00Z","TALL_008.20161017","TALL_008.20161017.AMBAME.N","Amblyomma americanum","AMBAME","species","Ixodidae",,,,"Amblyomma",,"americanum",,,"Cooley, R. A. and G. M. Kohls. 1944. The genus Amblyomma (ixodidae) in the United States. The Journal of Parasitology, 30(2):77-111.","GSU_tickIdentification_SOP_2016-11-01.pdf","Linnaeus","Nymph",1,"OK","RNA stabilization buffer","USNMENT00984302","TALL_008.20161017.01.AMBAME.N","Lorenza Beati","Georgia Southern University",
"b87a3110-8436-4110-b658-c106d31f0657","TALL_003.tickPlot.tck","TALL_003","2016-10-17T17:36Z","2017-04-12T16:00Z","TALL_003.20161017","TALL_003.20161017.IXOSP.L","Ixodidae sp.","IXOSP","family","Ixodidae",,,,,,"sp.",,,,"GSU_tickIdentification_SOP_2016-11-01.pdf",,"Larva",1,"OK","RNA stabilization buffer","USNMENT00984300","TALL_003.20161017.01.L","Arianna Gibbs","Georgia Southern University",
