uid,namedLocation,domainID,siteID,plotID,plotType,nlcdClass,decimalLatitude,decimalLongitude,geodeticDatum,coordinateUncertainty,elevation,elevationUncertainty,collectDate,eventID,sampleID,sampleCode,samplingMethod,totalSampledArea,targetTaxaPresent,adultCount,nymphCount,larvaCount,sampleCondition,samplingProtocolVersion,measuredBy,remarks
"2b7da2b3-0686-4749-ac57-c6ac3c25af09","HARV_006.tickPlot.tck","D01","HARV","HARV_006","distributed","deciduousForest",42.401938,-72.252716,"WGS84",20.2,190.4,0.3,"2017-09-12T12:30Z","HARV.2017.38","HARV_006.20170912",,"drag and flag",160,"Y",0,0,299,"No known compromise","NEON.DOC.014045vH","EnfWGZJaKllpnxJgbtB7wmPYkDAkiJvk1pu/08v0i7k=",
"bbf40958-07f7-4831-a993-4125a7dd80f8","HARV_026.tickPlot.tck","D01","HARV","HARV_026","distributed","evergreenForest",42.412068,-72.246529,"WGS84",20.2,185.7,0.3,"2017-09-12T14:30Z","HARV.2017.38","HARV_026.20170912",,"drag and flag",160,"Y",0,0,27,"No known compromise","NEON.DOC.014045vH","EnfWGZJaKllpnxJgbtB7wmPYkDAkiJvk1pu/08v0i7k=",
"737a4f4a-7363-47b9-a5fe-dd91a441b0ad","HARV_001.tickPlot.tck","D01","HARV","HARV_001","distributed","deciduousForest",42.424227,-72.260097,"WGS84",20.2,201.1,0.3,"2017-09-12T16:52Z","HARV.2017.38","HARV_001.20170912",,"drag and flag",160,"Y",0,0,13,"No known compromise","NEON.DOC.014045vH","EnfWGZJaKllpnxJgbtB7wmPYkDAkiJvk1pu/08v0i7k=",
"334e0e7f-cb5f-40ed-a31d-dbe57c6d4d50","HARV_020.tickPlot.tck","D01","HARV","HARV_020","distributed","woodyWetlands",42.438157,-72.228923,"WGS84",20.2,228.3,0.3,"2017-09-12T18:23Z","HARV.2017.38","HARV_020.20170912",,"drag and flag",144,"Y",0,1,6,"No known compromise","NEON.DOC.014045vH","WpjRY8GW8JsMZ1qjoOr+GjftXlcOiAEj3+a3s/CS4Mw=",
"2bfd8d7b-4548-48b4-b80b-866ab6fa0e20","HARV_004.tickPlot.tck","D01","HARV","HARV_004","distributed","mixedForest",42.426878,-72.227943,"WGS84",20.3,185.9,0.3,"2017-09-13T16:26Z","HARV.2017.38","HARV_004.20170913",,"drag and flag",160,"Y",0,2,16,"No known compromise","NEON.DOC.014045vH","WpjRY8GW8JsMZ1qjoOr+GjftXlcOiAEj3+a3s/CS4Mw=",
"4f1a32a9-dd57-44bb-b8b7-56bfe0d313ab","HARV_022.tickPlot.tck","D01","HARV","HARV_022","distributed","evergreenForest",42.435462,-72.199291,"WGS84",20.3,186.3,0.3,"2017-09-13T20:35Z","HARV.2017.38","HARV_022.20170913",,"drag and flag",160,"Y",0,0,45,"No known compromise","NEON.DOC.014045vH","EnfWGZJaKllpnxJgbtB7wmPYkDAkiJvk1pu/08v0i7k=",
