uid,namedLocation,plotID,collectDate,identifiedDate,sampleID,subsampleID,scientificName,acceptedTaxonID,taxonRank,family,subfamily,tribe,subtribe,genus,subgenus,specificEpithet,infraspecificEpithet,identificationQualifier,identificationReferences,identificationProtocolVersion,scientificNameAuthorship,sexOrAge,individualCount,sampleCondition,archiveMedium,archiveFacilityID,deprecatedVialID,identifiedBy,laboratoryName,remarks
"bbe709da-eeff-4a05-91b3-c60b0e767168","HARV_006.tickPlot.tck","HARV_006","2017-09-12T12:30Z","2017-10-21T16:00Z","HARV_006.20170912","HARV_006.20170912.IXOSP.L","Ixodidae sp.","IXOSP","family","Ixodidae",,,,,,"sp.",,,,"GSU_tickIdentification_SOP_2016-11-01.pdf",,"Larva",1,"OK","90% ethanol","USNMENT01358831","HARV_006.20170912.L","Guy Hobbs","Georgia Southern University",
"be04912e-cf16-43f9-b04b-df191d34ffed","HARV_026.tickPlot.tck","HARV_026","2017-09-12T14:30Z","2017-10-21T16:00Z","HARV_026.20170912","HARV_026.20170912.IXOSP.L","Ixodidae sp.","IXOSP","family","Ixodidae",,,,,,"sp.",,,,"GSU_tickIdentification_SOP_2016-11-01.pdf",,"Larva",1,"OK","90% ethanol","USNMENT01358835","HARV_026.20170912.L","Guy Hobbs","Georgia Southern University",
"e191bcf4-45ba-4cda-a652-8c2aa9db101c","HARV_001.tickPlot.tck","HARV_001","2017-09-12T16:52Z","2017-10-21T16:00Z","HARV_001.20170912","HARV_001.20170912.IXOSP.L","Ixodidae sp.","IXOSP","family","Ixodidae",,,,,,"sp.",,,,"GSU_tickIdentification_SOP_2016-11-01.pdf",,"Larva",1,"OK","90% ethanol","USNMENT01358834","HARV_001.20170912.L","Guy Hobbs","Georgia Southern University",
"15b71154-f545-4449-8941-6caa7f326bef","HARV_020.tickPlot.tck","HARV_020","2017-09-12T18:23Z","2017-10-21T16:00Z","HARV_020.20170912","HARV_020.20170912.IXOSP.L","Ixodidae sp.","IXOSP","family","Ixodidae",,,,,,"sp.",,,,"GSU_tickIdentification_SOP_2016-11-01.pdf",,"Larva",1,"OK","90% ethanol","USNMENT01358832","HARV_020.20170912.L","Guy Hobbs","Georgia Southern University",
"0f69cd23-74b5-425e-adec-2d4f98df1205","HARV_020.tickPlot.tck","HARV_020","2017-09-12T18:23Z","2018-01-20T17:00Z","HARV_020.20170912","HARV_020.20170912.IXOSCA.N","Ixodes scapularis","IXOSCA","species","Ixodidae",,,,"Ixodes",,"scapularis",,,"Cooley, R. A. and G. M. Kohls. 1945. The genus Ixodes in North America. National Institute of Health Bulletin, 184.","GSU_tickIdentification_SOP_2016-11-01.pdf","Say","Nymph",1,"OK","90% ethanol","USNMENT01358833","HARV_020.20170912.IXOSCA.N","Lorenza Beati","Georgia Southern University",
"9915751c-0c6c-4094-beec-5d608c7832aa","HARV_004.tickPlot.tck","HARV_004","2017-09-13T16:26Z","2018-01-20T17:00Z","HARV_004.20170913","HARV_004.20170913.IXOSCA.N","Ixodes scapularis","IXOSCA","species","Ixodidae",,,,"Ixodes",,"scapularis",,,"Cooley, R. A. and G. M. Kohls. 1945. The genus Ixodes in North America. National Institute of Health Bulletin, 184.","GSU_tickIdentification_SOP_2016-11-01.pdf","Say","Nymph",2,"OK","90% ethanol","USNMENT01358828","HARV_004.20170913.IXOSCA.N","Lorenza Beati","Georgia Southern University",
"210cc83b-04f2-4d2f-8acb-fddb5d79e476","HARV_004.tickPlot.tck","HARV_004","2017-09-13T16:26Z","2017-10-20T16:00Z","HARV_004.20170913","HARV_004.20170913.IXOSP.L","Ixodidae sp.","IXOSP","family","Ixodidae",,,,,,"sp.",,,,"GSU_tickIdentification_SOP_2016-11-01.pdf",,"Larva",1,"OK","90% ethanol","USNMENT01358829","HARV_004.20170913.L","Guy Hobbs","Georgia Southern University",
"cda63b97-cf6e-4ae0-8817-67a886e7260c","HARV_022.tickPlot.tck","HARV_022","2017-09-13T20:35Z","2017-10-20T16:00Z","HARV_022.20170913","HARV_022.20170913.IXOSP.L","Ixodidae sp.","IXOSP","family","Ixodidae",,,,,,"sp.",,,,"GSU_tickIdentification_SOP_2016-11-01.pdf",,"Larva",1,"OK","90% ethanol","USNMENT01358830","HARV_022.20170913.L","Guy Hobbs","Georgia Southern University",
