uid,namedLocation,domainID,siteID,plotID,plotType,nlcdClass,decimalLatitude,decimalLongitude,geodeticDatum,coordinateUncertainty,elevation,elevationUncertainty,collectDate,eventID,sampleID,sampleCode,samplingMethod,totalSampledArea,targetTaxaPresent,adultCount,nymphCount,larvaCount,sampleCondition,samplingProtocolVersion,measuredBy,remarks
"6face297-32b5-4dfe-b24d-8b4f14215332","RMNP_013.tickPlot.tck","D10","RMNP","RMNP_013","distributed","evergreenForest",40.197179,-105.488569,"WGS84",20.1,2649.5,0.1,"2017-08-09T14:46Z","RMNP.2017.33",,,"drag and flag",160,"N",0,0,0,,"NEON.DOC.014045vH","amijICDaG13gsKMBfvt8CQHFNq8jgGvWkFvadztBEnU=",
"6bebb900-dc5f-43c4-a537-d8d896f7bd70","RMNP_003.tickPlot.tck","D10","RMNP","RMNP_003","distributed","evergreenForest",40.200139,-105.482624,"WGS84",20.1,2658.3,0.1,"2017-08-09T16:03Z","RMNP.2017.33",,,"drag and flag",160,"N",0,0,0,,"NEON.DOC.014045vH","ZNTyYrsluxj6lXPn+dxpRdxyAWoDuHmb6T1HHVr1etA=",
"62235945-838a-415c-aa84-40b7e706ef74","RMNP_002.tickPlot.tck","D10","RMNP","RMNP_002","distributed","evergreenForest",40.196225,-105.473182,"WGS84",20.1,2637.7,0.1,"2017-08-09T17:11Z","RMNP.2017.33",,,"drag and flag",160,"N",0,0,0,,"NEON.DOC.014045vH","ZNTyYrsluxj6lXPn+dxpRdxyAWoDuHmb6T1HHVr1etA=",
"87ece1cd-946f-4ed7-8dee-41b3e69b907d","RMNP_004.tickPlot.tck","D10","RMNP","RMNP_004","distributed","evergreenForest",40.185729,-105.539818,"WGS84",20.1,2864.5,0.1,"2017-08-10T15:51Z","RMNP.2017.33",,,"drag and flag",106,"N",0,0,0,,"NEON.DOC.014045vH","M7EpIfYzzITs8Y5PIRNBZjG1wPJDljoZp5tr4GwKmKc=",
"310d3d84-01f2-476b-ab66-9803f6427ccc","RMNP_007.tickPlot.tck","D10","RMNP","RMNP_007","distributed","evergreenForest",40.180329,-105.535913,"WGS84",20.1,2821.9,0.1,"2017-08-10T17:02Z","RMNP.2017.33",,,"drag and flag",165,"N",0,0,0,,"NEON.DOC.014045vH","qGcxsVIEyHbxY906W8gre79mVsnienVqHH2jcJ1CY8g=",
"42e59511-96bb-4fb3-9471-9bc76eba981e","RMNP_012.tickPlot.tck","D10","RMNP","RMNP_012","distributed","evergreenForest",40.156570,-105.533982,"WGS84",20.1,2925.1,0.2,"2017-08-14T17:31Z","RMNP.2017.34",,,"drag and flag",160,"N",0,0,0,,"NEON.DOC.014045vH","/wUkqjBpeVB5677FebcgDePH8BHkj6D9LJ2l1pJxiww=",
