uid,namedLocation,domainID,siteID,plotID,plotType,nlcdClass,decimalLatitude,decimalLongitude,geodeticDatum,coordinateUncertainty,elevation,elevationUncertainty,collectDate,eventID,sampleID,sampleCode,samplingMethod,totalSampledArea,targetTaxaPresent,adultCount,nymphCount,larvaCount,sampleCondition,samplingProtocolVersion,measuredBy,remarks
"84937e3f-db24-4c21-9775-aeb21b619e47","DELA_005.tickPlot.tck","D08","DELA","DELA_005","distributed","woodyWetlands",32.524379,-87.813851,"WGS84",20.1,27.0,0.3,"2018-05-08T14:59Z","DELA.2018.19",,,"drag",160,"N",0,0,0,,"NEON.DOC.014045vJ","Ty5ktdGiRSqkqUWm9Npw4JAlXmlUMfF/XyCnO5fUs8Q=",
"73045593-4af1-4ed3-bf15-2b6419706965","DELA_014.tickPlot.tck","D08","DELA","DELA_014","distributed","evergreenForest",32.530627,-87.819367,"WGS84",20.2,33.0,0.2,"2018-05-08T16:08Z","DELA.2018.19",,,"drag",165,"N",0,0,0,,"NEON.DOC.014045vJ","Ty5ktdGiRSqkqUWm9Npw4JAlXmlUMfF/XyCnO5fUs8Q=",
"858e9ae3-c792-48c2-ad35-c5ac0633863c","DELA_008.tickPlot.tck","D08","DELA","DELA_008","distributed","woodyWetlands",32.538884,-87.814145,"WGS84",20.1,24.5,0.2,"2018-05-08T17:05Z","DELA.2018.19",,,"drag and flag",155,"N",0,0,0,,"NEON.DOC.014045vJ","Ty5ktdGiRSqkqUWm9Npw4JAlXmlUMfF/XyCnO5fUs8Q=",
"bba198f5-e984-42c4-8f40-3e4e909f037c","DELA_016.tickPlot.tck","D08","DELA","DELA_016","distributed","evergreenForest",32.536850,-87.806995,"WGS84",20.2,23.6,0.3,"2018-05-08T18:10Z","DELA.2018.19","DELA_016.20180508","B00000003205","drag",160,"Y",0,1,0,"No known compromise","NEON.DOC.014045vJ","71MfCy+FRsto69311gQJvR+pq8mHvc/9aCd1qcCUSbo=",
"feab9ed2-180b-4521-b2fe-037bffdc0229","DELA_007.tickPlot.tck","D08","DELA","DELA_007","distributed","woodyWetlands",32.538957,-87.799922,"WGS84",20.2,25.7,0.2,"2018-05-08T19:03Z","DELA.2018.19",,,"drag",93,"N",0,0,0,,"NEON.DOC.014045vJ","71MfCy+FRsto69311gQJvR+pq8mHvc/9aCd1qcCUSbo=","Only did 93m because the rest of the plot was underwater."
