uid,namedLocation,date,domainID,siteID,plotID,plotType,nlcdClass,decimalLatitude,decimalLongitude,geodeticDatum,coordinateUncertainty,easting,northing,utmZone,elevation,elevationUncertainty,eventID,samplingProtocolVersion,treesPresent,treesAbsentList,shrubsPresent,shrubsAbsentList,lianasPresent,lianasAbsentList,nestedSubplotAreaShrubSapling,nestedSubplotAreaLiana,totalSampledAreaTrees,totalSampledAreaShrubSapling,totalSampledAreaLiana,remarks,measuredBy,recordedBy,dataQF
"bdf9dcb3-2956-4cad-93ee-ee26e2212da8","GUAN_060.basePlot.vst","2016-11-11","D04","GUAN","GUAN_060","tower","evergreenForest",17.967716,-66.862876,"WGS84",20.2,726325.46,1987916.29,"19N",120.9,0.4,"vst_GUAN_2016","NEON.DOC.000987vE","Y",,"Y",,"Y",,"10","100",800,40,400,,"fiApssCEcSVZh4fTchGlfQK3pYYnYQUQ","2G6jL1xU09kc++3fEPpQLkA2cHzpx8zXwl+Jr/s/QvQ=",
"307d98df-3a5b-4dda-a8d0-e74a35092180","GUAN_060.basePlot.vst","2016-11-11","D04","GUAN","GUAN_060","tower","evergreenForest",17.967716,-66.862876,"WGS84",20.2,726325.46,1987916.29,"19N",120.9,0.4,"vst_GUAN_2016","NEON.DOC.000987vE","Y",,"Y",,"Y",,"10","100",800,40,400,,"fiApssCEcSVZh4fTchGlfQK3pYYnYQUQ","2G6jL1xU09kc++3fEPpQLkA2cHzpx8zXwl+Jr/s/QvQ=","legacyData"
"cce9ce67-2fb5-466d-ac05-11f86ef32126","GUAN_048.basePlot.vst","2016-11-16","D04","GUAN","GUAN_048","tower","evergreenForest",17.969110,-66.864276,"WGS84",20.1,726175.37,1988068.89,"19N",132.5,0.1,"vst_GUAN_2016","NEON.DOC.000987vE","Y",,"Y",,"Y",,"10","100",800,40,400,,"8rHzSbnDOXjpaitjHXu3bvZcWZBazBT3Z6JypCrOTws=","2G6jL1xU09kc++3fEPpQLkA2cHzpx8zXwl+Jr/s/QvQ=","legacyData"
"5bc06084-fe27-44db-872b-a0f7f7b4dbc7","GUAN_048.basePlot.vst","2016-11-16","D04","GUAN","GUAN_048","tower","evergreenForest",17.969110,-66.864276,"WGS84",20.1,726175.37,1988068.89,"19N",132.5,0.1,"vst_GUAN_2016","NEON.DOC.000987vE","Y",,"Y",,"Y",,"10","100",800,40,400,,"8rHzSbnDOXjpaitjHXu3bvZcWZBazBT3Z6JypCrOTws=","2G6jL1xU09kc++3fEPpQLkA2cHzpx8zXwl+Jr/s/QvQ=",
"6ba9b04e-d4d7-4f66-8f57-2da6a2b9ed93","GUAN_045.basePlot.vst","2016-11-17","D04","GUAN","GUAN_045","tower","evergreenForest",17.969212,-66.873903,"WGS84",20.1,725155.35,1988068.48,"19N",145.3,0.1,"vst_GUAN_2016","NEON.DOC.000987vE","Y",,"Y",,"Y",,"10","100",800,40,400,,"bLuA32XSwhQ1UEFOt6rO3xlOtBx7Ppbg","7GSC2Ocp9nUteYgLIy4dgBai2aWAgzCc",
"38e237c5-1041-4fe6-8556-4a75f90f7125","GUAN_045.basePlot.vst","2016-11-17","D04","GUAN","GUAN_045","tower","evergreenForest",17.969212,-66.873903,"WGS84",20.1,725155.35,1988068.48,"19N",145.3,0.1,"vst_GUAN_2016","NEON.DOC.000987vE","Y",,"Y",,"Y",,"10","100",800,40,400,,"bLuA32XSwhQ1UEFOt6rO3xlOtBx7Ppbg","7GSC2Ocp9nUteYgLIy4dgBai2aWAgzCc","legacyData"
