uid,namedLocation,date,domainID,siteID,plotID,plotType,nlcdClass,decimalLatitude,decimalLongitude,geodeticDatum,coordinateUncertainty,easting,northing,utmZone,elevation,elevationUncertainty,eventID,samplingProtocolVersion,treesPresent,treesAbsentList,shrubsPresent,shrubsAbsentList,lianasPresent,lianasAbsentList,nestedSubplotAreaShrubSapling,nestedSubplotAreaLiana,totalSampledAreaTrees,totalSampledAreaShrubSapling,totalSampledAreaLiana,remarks,measuredBy,recordedBy,dataQF
"147799ad-0cf2-45f4-8890-099afa1ebba6","CLBJ_025.basePlot.vst","2016-05-02","D11","CLBJ","CLBJ_025","tower","grasslandHerbaceous",33.397471,-97.569639,"WGS84",10.1,633021.52,3696266.10,"14N",282.6,0.1,"vst_CLBJ_2016","NEON.DOC.000987vD",,,,,,,"noneSelected","noneSelected",400,400,400,,,"won/tyUsFjCjTGqHBmGD3e54PFu+l8CW","legacyData"
"833174dc-c8f5-4f9b-b863-2787c4abb66b","CLBJ_025.basePlot.vst","2016-05-03","D11","CLBJ","CLBJ_025","tower","grasslandHerbaceous",33.397471,-97.569639,"WGS84",10.1,633021.52,3696266.10,"14N",282.6,0.1,"vst_CLBJ_2016","NEON.DOC.000987vD",,,,,,,"noneSelected","noneSelected",400,400,400,,,"won/tyUsFjCjTGqHBmGD3e54PFu+l8CW","legacyData"
"3a2e1ba3-d34a-45cd-a81a-aa114665ff45","CLBJ_014.basePlot.vst","2016-05-05","D11","CLBJ","CLBJ_014","tower","deciduousForest",33.405860,-97.571438,"WGS84",10.1,632841.43,3697193.98,"14N",262.4,0.1,"vst_CLBJ_2016","NEON.DOC.000987vD",,,,,,,"25","noneSelected",400,200,400,"Burnt trees from recent prescribed burns.",,"YvxfKx9PhZKcpyRUl2HPSGWrrvBoMwJ+","legacyData"
"d06c14c2-7a42-4ea7-8518-bb8afab03064","CLBJ_013.basePlot.vst","2016-05-09","D11","CLBJ","CLBJ_013","tower","grasslandHerbaceous",33.397431,-97.567392,"WGS84",10.1,633230.57,3696264.54,"14N",278.7,0.1,"vst_CLBJ_2016","NEON.DOC.000987vD",,,,,,,"noneSelected","noneSelected",400,400,400,,,,"legacyData"
