uid,namedLocation,date,eventID,domainID,siteID,plotID,subplotID,individualID,tagStatus,growthForm,plantStatus,stemDiameter,measurementHeight,height,baseCrownHeight,breakHeight,breakDiameter,maxCrownDiameter,ninetyCrownDiameter,canopyPosition,shape,basalStemDiameter,basalStemDiameterMsrmntHeight,maxBaseCrownDiameter,ninetyBaseCrownDiameter,remarks,recordedBy,measuredBy,dataQF
"0f8603ec-438a-421d-b440-cdec5713e1d0","CLBJ_014.basePlot.vst","2016-05-05","vst_CLBJ_2016","D11","CLBJ","CLBJ_014",,"NEON.PLA.D11.CLBJ.01131",,"sapling","Live",2.0,10,,,,,,,"Full shade",,,,,,,"C9GzU2YIgNp6Vw0n+VOm12lcWzn+J9JF","IjazmSQBojWK8GwK3uYgHLJpsBl6NUBJ4Tuu9+HvlsDEahWrmGyp6mPWo7fEreMd","legacyData"
"3a811e67-2ab1-432d-811d-dd285655645e","CLBJ_014.basePlot.vst","2016-05-05","vst_CLBJ_2016","D11","CLBJ","CLBJ_014",,"NEON.PLA.D11.CLBJ.01181",,"small tree","Live",3.0,130,,,,,,,"Full shade",,,,,,,"C9GzU2YIgNp6Vw0n+VOm12lcWzn+J9JF","IjazmSQBojWK8GwK3uYgHLJpsBl6NUBJ4Tuu9+HvlsDEahWrmGyp6mPWo7fEreMd","legacyData"
"fecbb1ea-ab2d-4248-ba84-532863660fcb","CLBJ_014.basePlot.vst","2016-05-05","vst_CLBJ_2016","D11","CLBJ","CLBJ_014",,"NEON.PLA.D11.CLBJ.01130",,"small tree","Live",2.3,130,,,,,,,"Full shade",,,,,,,"C9GzU2YIgNp6Vw0n+VOm12lcWzn+J9JF","IjazmSQBojWK8GwK3uYgHLJpsBl6NUBJ4Tuu9+HvlsDEahWrmGyp6mPWo7fEreMd","legacyData"
"9bdab602-071d-4d6b-b965-da0e6ddf924a","CLBJ_014.basePlot.vst","2016-05-05","vst_CLBJ_2016","D11","CLBJ","CLBJ_014",,"NEON.PLA.D11.CLBJ.01146",,"sapling","Live",2.5,10,,,,,,,"Open grown",,,,,,,"C9GzU2YIgNp6Vw0n+VOm12lcWzn+J9JF","IjazmSQBojWK8GwK3uYgHLJpsBl6NUBJ4Tuu9+HvlsDEahWrmGyp6mPWo7fEreMd","legacyData"
"3857952f-f451-4b13-811e-140641a5e4fc","CLBJ_014.basePlot.vst","2016-05-05","vst_CLBJ_2016","D11","CLBJ","CLBJ_014",,"NEON.PLA.D11.CLBJ.01134",,"single bole tree","Live",10.2,130,,,,,,,"Mostly shaded",,,,,,,"C9GzU2YIgNp6Vw0n+VOm12lcWzn+J9JF","IjazmSQBojWK8GwK3uYgHLJpsBl6NUBJ4Tuu9+HvlsDEahWrmGyp6mPWo7fEreMd","legacyData"
"ec8670d1-fa10-4c54-94de-755d601f3e28","CLBJ_014.basePlot.vst","2016-05-05","vst_CLBJ_2016","D11","CLBJ","CLBJ_014",,"NEON.PLA.D11.CLBJ.01132",,"small tree","Live",6.4,130,,,,,,,"Full shade",,,,,,,"C9GzU2YIgNp6Vw0n+VOm12lcWzn+J9JF","IjazmSQBojWK8GwK3uYgHLJpsBl6NUBJ4Tuu9+HvlsDEahWrmGyp6mPWo7fEreMd","legacyData"
"2e46e1cf-f9c0-4948-ad1c-f3ceee981c22","CLBJ_014.basePlot.vst","2016-05-05","vst_CLBJ_2016","D11","CLBJ","CLBJ_014",,"NEON.PLA.D11.CLBJ.01142",,"sapling","Live",1.2,10,,,,,,,"Open grown",,,,,,,"C9GzU2YIgNp6Vw0n+VOm12lcWzn+J9JF","IjazmSQBojWK8GwK3uYgHLJpsBl6NUBJ4Tuu9+HvlsDEahWrmGyp6mPWo7fEreMd","legacyData"
"d8f2d84e-d235-4a18-a7fd-af6b59b6f18c","CLBJ_014.basePlot.vst","2016-05-05","vst_CLBJ_2016","D11","CLBJ","CLBJ_014",,"NEON.PLA.D11.CLBJ.01149",,"small tree","Live",3.0,130,,,,,,,"Mostly shaded",,,,,,,"C9GzU2YIgNp6Vw0n+VOm12lcWzn+J9JF","IjazmSQBojWK8GwK3uYgHLJpsBl6NUBJ4Tuu9+HvlsDEahWrmGyp6mPWo7fEreMd","legacyData"
"839f1319-3e07-4ae7-99ff-01c7b0fb9674","CLBJ_014.basePlot.vst","2016-05-05","vst_CLBJ_2016","D11","CLBJ","CLBJ_014",,"NEON.PLA.D11.CLBJ.01147",,"sapling","Live",1.2,10,,,,,,,"Full shade",,,,,,,"C9GzU2YIgNp6Vw0n+VOm12lcWzn+J9JF","IjazmSQBojWK8GwK3uYgHLJpsBl6NUBJ4Tuu9+HvlsDEahWrmGyp6mPWo7fEreMd","legacyData"
"2324fb24-5c78-4f97-8495-86b14d794eaf","CLBJ_014.basePlot.vst","2016-05-05","vst_CLBJ_2016","D11","CLBJ","CLBJ_014",,"NEON.PLA.D11.CLBJ.01144",,"small tree","Live",7.1,140,,,,,,,"Open grown",,,,,,"moved measurement to 140 because of branch at 130cm.","C9GzU2YIgNp6Vw0n+VOm12lcWzn+J9JF","IjazmSQBojWK8GwK3uYgHLJpsBl6NUBJ4Tuu9+HvlsDEahWrmGyp6mPWo7fEreMd","legacyData"
"bf7771a2-ef59-47a4-98a1-bffdb59c2a69","CLBJ_014.basePlot.vst","2016-05-05","vst_CLBJ_2016","D11","CLBJ","CLBJ_014",,"NEON.PLA.D11.CLBJ.01157",,"sapling","Live, physically damaged",1.7,10,,,,,,,"Full sun",,,,,,"6; burnt bole","C9GzU2YIgNp6Vw0n+VOm12lcWzn+J9JF","IjazmSQBojWK8GwK3uYgHLJpsBl6NUBJ4Tuu9+HvlsDEahWrmGyp6mPWo7fEreMd","legacyData"
"d7f57922-9762-4e71-9ca5-a2b1f7437833","CLBJ_014.basePlot.vst","2016-05-05","vst_CLBJ_2016","D11","CLBJ","CLBJ_014",,"NEON.PLA.D11.CLBJ.01166",,"sapling","Live, physically damaged",1.3,10,,,,,,,"Partially shaded",,,,,,"6; Burnt bole","C9GzU2YIgNp6Vw0n+VOm12lcWzn+J9JF","IjazmSQBojWK8GwK3uYgHLJpsBl6NUBJ4Tuu9+HvlsDEahWrmGyp6mPWo7fEreMd","legacyData"
"cdcccddf-a361-4b9b-9c72-c0e6f6e34b0e","CLBJ_014.basePlot.vst","2016-05-05","vst_CLBJ_2016","D11","CLBJ","CLBJ_014",,"NEON.PLA.D11.CLBJ.01148",,"sapling","Live",2.1,10,,,,,,,"Full shade",,,,,,,"C9GzU2YIgNp6Vw0n+VOm12lcWzn+J9JF","IjazmSQBojWK8GwK3uYgHLJpsBl6NUBJ4Tuu9+HvlsDEahWrmGyp6mPWo7fEreMd","legacyData"
"0a571f68-2c5f-4717-b842-168367099124","CLBJ_014.basePlot.vst","2016-05-05","vst_CLBJ_2016","D11","CLBJ","CLBJ_014",,"NEON.PLA.D11.CLBJ.01158",,"single bole tree","Live",12.1,130,,,,,,,"Full sun",,,,,,,"C9GzU2YIgNp6Vw0n+VOm12lcWzn+J9JF","IjazmSQBojWK8GwK3uYgHLJpsBl6NUBJ4Tuu9+HvlsDEahWrmGyp6mPWo7fEreMd","legacyData"
"e815a62d-3661-4730-8501-00de4279d43b","CLBJ_014.basePlot.vst","2016-05-05","vst_CLBJ_2016","D11","CLBJ","CLBJ_014",,"NEON.PLA.D11.CLBJ.01133",,"single bole tree","Live",38.2,130,,,,,,,"Full sun",,,,,,,"C9GzU2YIgNp6Vw0n+VOm12lcWzn+J9JF","IjazmSQBojWK8GwK3uYgHLJpsBl6NUBJ4Tuu9+HvlsDEahWrmGyp6mPWo7fEreMd","legacyData"
"d6fb9391-b6f3-4672-9fe6-629bc06bfd97","CLBJ_014.basePlot.vst","2016-05-05","vst_CLBJ_2016","D11","CLBJ","CLBJ_014",,"NEON.PLA.D11.CLBJ.01137",,"sapling","Live",1.6,10,,,,,,,"Full shade",,,,,,,"C9GzU2YIgNp6Vw0n+VOm12lcWzn+J9JF","IjazmSQBojWK8GwK3uYgHLJpsBl6NUBJ4Tuu9+HvlsDEahWrmGyp6mPWo7fEreMd","legacyData"
"4a313364-7439-4624-9b85-2d675fb3b49c","CLBJ_014.basePlot.vst","2016-05-05","vst_CLBJ_2016","D11","CLBJ","CLBJ_014",,"NEON.PLA.D11.CLBJ.01178",,"single bole tree","Standing dead",15.3,130,,,,,,,"Mostly shaded",,,,,,"2; dead from unknown causes","C9GzU2YIgNp6Vw0n+VOm12lcWzn+J9JF","IjazmSQBojWK8GwK3uYgHLJpsBl6NUBJ4Tuu9+HvlsDEahWrmGyp6mPWo7fEreMd","legacyData"
"b9ff09ec-5e86-4548-b4ef-68a0da22793e","CLBJ_014.basePlot.vst","2016-05-05","vst_CLBJ_2016","D11","CLBJ","CLBJ_014",,"NEON.PLA.D11.CLBJ.01135",,"small tree","Live",3.7,130,,,,,,,"Full shade",,,,,,,"C9GzU2YIgNp6Vw0n+VOm12lcWzn+J9JF","IjazmSQBojWK8GwK3uYgHLJpsBl6NUBJ4Tuu9+HvlsDEahWrmGyp6mPWo7fEreMd","legacyData"
"cc9fdccf-4b73-472a-a1e4-6c777f005d56","CLBJ_014.basePlot.vst","2016-05-05","vst_CLBJ_2016","D11","CLBJ","CLBJ_014",,"NEON.PLA.D11.CLBJ.01171",,"single bole tree","Live",13.5,130,,,,,,,"Full sun",,,,,,,"C9GzU2YIgNp6Vw0n+VOm12lcWzn+J9JF","IjazmSQBojWK8GwK3uYgHLJpsBl6NUBJ4Tuu9+HvlsDEahWrmGyp6mPWo7fEreMd","legacyData | noMapTagData"
"e6879690-94e6-4cae-bef2-88e9dd6f8770","CLBJ_014.basePlot.vst","2016-05-05","vst_CLBJ_2016","D11","CLBJ","CLBJ_014",,"NEON.PLA.D11.CLBJ.01187",,"small tree","Live",1.8,130,,,,,,,"Full shade",,,,,,,"C9GzU2YIgNp6Vw0n+VOm12lcWzn+J9JF","IjazmSQBojWK8GwK3uYgHLJpsBl6NUBJ4Tuu9+HvlsDEahWrmGyp6mPWo7fEreMd","legacyData"
"d325d95a-183c-4c0f-a3cd-0909aeafdaf2","CLBJ_014.basePlot.vst","2016-05-05","vst_CLBJ_2016","D11","CLBJ","CLBJ_014",,"NEON.PLA.D11.CLBJ.01176",,"sapling","Live",3.4,10,,,,,,,"Full shade",,,,,,,"C9GzU2YIgNp6Vw0n+VOm12lcWzn+J9JF","IjazmSQBojWK8GwK3uYgHLJpsBl6NUBJ4Tuu9+HvlsDEahWrmGyp6mPWo7fEreMd","legacyData"
"2e975068-6886-47a1-99b1-fe72e112af0d","CLBJ_014.basePlot.vst","2016-05-05","vst_CLBJ_2016","D11","CLBJ","CLBJ_014",,"NEON.PLA.D11.CLBJ.00705",,"sapling","Live",1.6,10,,,,,,,"Full shade",,,,,,,"C9GzU2YIgNp6Vw0n+VOm12lcWzn+J9JF","IjazmSQBojWK8GwK3uYgHLJpsBl6NUBJ4Tuu9+HvlsDEahWrmGyp6mPWo7fEreMd","legacyData"
"a52f7126-b78c-47c0-ab0d-38f9e413441a","CLBJ_014.basePlot.vst","2016-05-05","vst_CLBJ_2016","D11","CLBJ","CLBJ_014",,"NEON.PLA.D11.CLBJ.01136",,"small tree","Live",1.9,130,,,,,,,"Full shade",,,,,,,"C9GzU2YIgNp6Vw0n+VOm12lcWzn+J9JF","IjazmSQBojWK8GwK3uYgHLJpsBl6NUBJ4Tuu9+HvlsDEahWrmGyp6mPWo7fEreMd","legacyData"
"17abf34b-cc4b-43f1-83d7-b78a0045b6da","CLBJ_014.basePlot.vst","2016-05-05","vst_CLBJ_2016","D11","CLBJ","CLBJ_014",,"NEON.PLA.D11.CLBJ.01172",,"small tree","Live, physically damaged",1.2,130,,,,,,,"Mostly shaded",,,,,,"6; Burnt bole","C9GzU2YIgNp6Vw0n+VOm12lcWzn+J9JF","IjazmSQBojWK8GwK3uYgHLJpsBl6NUBJ4Tuu9+HvlsDEahWrmGyp6mPWo7fEreMd","legacyData"
"b4e1ded3-404a-4484-9a20-9f48421755a4","CLBJ_014.basePlot.vst","2016-05-05","vst_CLBJ_2016","D11","CLBJ","CLBJ_014",,"NEON.PLA.D11.CLBJ.01145",,"sapling","Live",1.3,10,,,,,,,"Full shade",,,,,,,"C9GzU2YIgNp6Vw0n+VOm12lcWzn+J9JF","IjazmSQBojWK8GwK3uYgHLJpsBl6NUBJ4Tuu9+HvlsDEahWrmGyp6mPWo7fEreMd","legacyData"
"3d5e1bf2-e05c-4788-8ff4-657a6f47b161","CLBJ_014.basePlot.vst","2016-05-05","vst_CLBJ_2016","D11","CLBJ","CLBJ_014",,"NEON.PLA.D11.CLBJ.01182",,"small tree","Live",2.2,130,,,,,,,"Full shade",,,,,,,"C9GzU2YIgNp6Vw0n+VOm12lcWzn+J9JF","IjazmSQBojWK8GwK3uYgHLJpsBl6NUBJ4Tuu9+HvlsDEahWrmGyp6mPWo7fEreMd","legacyData"
"0066cca5-4369-4de8-ba49-f9daa77213e9","CLBJ_014.basePlot.vst","2016-05-05","vst_CLBJ_2016","D11","CLBJ","CLBJ_014",,"NEON.PLA.D11.CLBJ.01139",,"small tree","Live",7.0,130,,,,,,,"Full shade",,,,,,,"C9GzU2YIgNp6Vw0n+VOm12lcWzn+J9JF","IjazmSQBojWK8GwK3uYgHLJpsBl6NUBJ4Tuu9+HvlsDEahWrmGyp6mPWo7fEreMd","legacyData"
"578d8283-952e-4b63-bc4b-2180a73aba2b","CLBJ_014.basePlot.vst","2016-05-10","vst_CLBJ_2016","D11","CLBJ","CLBJ_014",,"NEON.PLA.D11.CLBJ.01161",,"small tree","Live",1.5,130,,,,,,,"Full shade",,,,,,,"C9GzU2YIgNp6Vw0n+VOm12lcWzn+J9JF","IjazmSQBojWK8GwK3uYgHEOxqS1i0b6w","legacyData"
"e310159a-a333-4270-907f-8427291d32b4","CLBJ_014.basePlot.vst","2016-05-10","vst_CLBJ_2016","D11","CLBJ","CLBJ_014",,"NEON.PLA.D11.CLBJ.01116",,"liana","Live",1.3,130,,,,,,,"Full shade",,,,,,,"C9GzU2YIgNp6Vw0n+VOm12lcWzn+J9JF","IjazmSQBojWK8GwK3uYgHEOxqS1i0b6w","legacyData"
"bea270d0-e7cc-493c-8025-a0e4f304da14","CLBJ_014.basePlot.vst","2016-05-10","vst_CLBJ_2016","D11","CLBJ","CLBJ_014",,"NEON.PLA.D11.CLBJ.01111",,"liana","Live",2.1,130,,,,,,,"Full shade",,,,,,"Liana with 4 qualifying stems at DBH","C9GzU2YIgNp6Vw0n+VOm12lcWzn+J9JF","IjazmSQBojWK8GwK3uYgHEOxqS1i0b6w","legacyData"
"af9883b2-6353-41d3-a7fb-459c6207bd91","CLBJ_014.basePlot.vst","2016-05-10","vst_CLBJ_2016","D11","CLBJ","CLBJ_014",,"NEON.PLA.D11.CLBJ.01167",,"small tree","Live",3.0,130,,,,,,,"Mostly shaded",,,,,,,"C9GzU2YIgNp6Vw0n+VOm12lcWzn+J9JF","IjazmSQBojWK8GwK3uYgHEOxqS1i0b6w","legacyData"
"dc68a21e-2937-4e4d-ac05-71c9c5290d15","CLBJ_014.basePlot.vst","2016-05-10","vst_CLBJ_2016","D11","CLBJ","CLBJ_014",,"NEON.PLA.D11.CLBJ.01122",,"small tree","Live",1.6,130,,,,,,,"Mostly shaded",,,,,,,"C9GzU2YIgNp6Vw0n+VOm12lcWzn+J9JF","IjazmSQBojWK8GwK3uYgHEOxqS1i0b6w","legacyData"
"21153edf-6db2-4d75-9ca1-c13d5022ed9a","CLBJ_014.basePlot.vst","2016-05-10","vst_CLBJ_2016","D11","CLBJ","CLBJ_014",,"NEON.PLA.D11.CLBJ.01113",,"liana","Live",2.8,130,,,,,,,"Full shade",,,,,,,"C9GzU2YIgNp6Vw0n+VOm12lcWzn+J9JF","IjazmSQBojWK8GwK3uYgHEOxqS1i0b6w","legacyData"
"a1b999f2-397e-484a-8253-0d0affcda0b7","CLBJ_014.basePlot.vst","2016-05-10","vst_CLBJ_2016","D11","CLBJ","CLBJ_014",,"NEON.PLA.D11.CLBJ.01163",,,"Live",2.2,10,,,,,,,"Full shade",,,,,,,"C9GzU2YIgNp6Vw0n+VOm12lcWzn+J9JF","IjazmSQBojWK8GwK3uYgHEOxqS1i0b6w","legacyData"
"78b146e0-402d-42cb-8830-5d17bdbace91","CLBJ_014.basePlot.vst","2016-05-10","vst_CLBJ_2016","D11","CLBJ","CLBJ_014",,"NEON.PLA.D11.CLBJ.01128",,"sapling","Live",1.2,10,,,,,,,"Full shade",,,,,,,"C9GzU2YIgNp6Vw0n+VOm12lcWzn+J9JF","IjazmSQBojWK8GwK3uYgHEOxqS1i0b6w","legacyData"
"9158aa74-b158-4e20-80ab-b0197ee0af9f","CLBJ_014.basePlot.vst","2016-05-10","vst_CLBJ_2016","D11","CLBJ","CLBJ_014",,"NEON.PLA.D11.CLBJ.01169",,"sapling","Live",1.2,10,,,,,,,"Full shade",,,,,,,"C9GzU2YIgNp6Vw0n+VOm12lcWzn+J9JF","IjazmSQBojWK8GwK3uYgHEOxqS1i0b6w","legacyData"
"785bf2d3-d7f7-45d3-bb3a-f4342c7b5925","CLBJ_014.basePlot.vst","2016-05-10","vst_CLBJ_2016","D11","CLBJ","CLBJ_014",,"NEON.PLA.D11.CLBJ.01118",,"small tree","Live",1.6,130,,,,,,,"Full shade",,,,,,,"C9GzU2YIgNp6Vw0n+VOm12lcWzn+J9JF","IjazmSQBojWK8GwK3uYgHEOxqS1i0b6w","legacyData"
"f005be8d-0426-44c3-878c-58a853ea0b9a","CLBJ_014.basePlot.vst","2016-05-10","vst_CLBJ_2016","D11","CLBJ","CLBJ_014",,"NEON.PLA.D11.CLBJ.01140",,"small tree","Live",8.3,140,,,,,,,"Full shade",,,,,,"Measured at 140 due to obstructing branch at 130cm.","C9GzU2YIgNp6Vw0n+VOm12lcWzn+J9JF","IjazmSQBojWK8GwK3uYgHLJpsBl6NUBJ4Tuu9+HvlsDEahWrmGyp6mPWo7fEreMd","legacyData"
"364eb3dc-a817-49c9-8f8f-02f8dd78b5b9","CLBJ_014.basePlot.vst","2016-05-10","vst_CLBJ_2016","D11","CLBJ","CLBJ_014",,"NEON.PLA.D11.CLBJ.01117",,"sapling","Live",2.0,10,,,,,,,"Full shade",,,,,,,"C9GzU2YIgNp6Vw0n+VOm12lcWzn+J9JF","IjazmSQBojWK8GwK3uYgHEOxqS1i0b6w","legacyData"
"4820da40-8254-4b50-b9cd-b6860b589135","CLBJ_014.basePlot.vst","2016-05-10","vst_CLBJ_2016","D11","CLBJ","CLBJ_014",,"NEON.PLA.D11.CLBJ.01156",,"small tree","Live",2.9,130,,,,,,,"Mostly shaded",,,,,,,"C9GzU2YIgNp6Vw0n+VOm12lcWzn+J9JF","IjazmSQBojWK8GwK3uYgHEOxqS1i0b6w","legacyData"
"5c8f0944-c05f-4764-8dcf-97b4801dc0d4","CLBJ_014.basePlot.vst","2016-05-10","vst_CLBJ_2016","D11","CLBJ","CLBJ_014",,"NEON.PLA.D11.CLBJ.01174",,"small tree","Live",6.8,130,,,,,,,"Mostly shaded",,,,,,,"C9GzU2YIgNp6Vw0n+VOm12lcWzn+J9JF","IjazmSQBojWK8GwK3uYgHLJpsBl6NUBJ4Tuu9+HvlsDEahWrmGyp6mPWo7fEreMd","legacyData"
"40604675-86dc-4cab-997f-a436ff783cc2","CLBJ_014.basePlot.vst","2016-05-10","vst_CLBJ_2016","D11","CLBJ","CLBJ_014",,"NEON.PLA.D11.CLBJ.01179",,"sapling","Live",2.0,10,,,,,,,"Full shade",,,,,,,"C9GzU2YIgNp6Vw0n+VOm12lcWzn+J9JF","IjazmSQBojWK8GwK3uYgHLJpsBl6NUBJ4Tuu9+HvlsDEahWrmGyp6mPWo7fEreMd","legacyData"
"60f62cbc-5304-4cb4-91e2-2ff8791559f8","CLBJ_014.basePlot.vst","2016-05-10","vst_CLBJ_2016","D11","CLBJ","CLBJ_014",,"NEON.PLA.D11.CLBJ.01126",,"sapling","Live",1.4,10,,,,,,,"Full shade",,,,,,,"C9GzU2YIgNp6Vw0n+VOm12lcWzn+J9JF","IjazmSQBojWK8GwK3uYgHEOxqS1i0b6w","legacyData"
"2351fe7d-beb6-4960-a9ac-e04276172cc6","CLBJ_014.basePlot.vst","2016-05-10","vst_CLBJ_2016","D11","CLBJ","CLBJ_014",,"NEON.PLA.D11.CLBJ.01153",,"small tree","Live",3.6,130,,,,,,,"Mostly shaded",,,,,,,"C9GzU2YIgNp6Vw0n+VOm12lcWzn+J9JF","IjazmSQBojWK8GwK3uYgHEOxqS1i0b6w","legacyData"
"861dee9d-56f8-490b-92bb-00db4ddbd237","CLBJ_014.basePlot.vst","2016-05-10","vst_CLBJ_2016","D11","CLBJ","CLBJ_014",,"NEON.PLA.D11.CLBJ.01155",,"small tree","Live",2.6,130,,,,,,,"Mostly shaded",,,,,,,"C9GzU2YIgNp6Vw0n+VOm12lcWzn+J9JF","IjazmSQBojWK8GwK3uYgHEOxqS1i0b6w","legacyData"
"95e39d70-4e99-4748-896c-ea1287cda6f9","CLBJ_014.basePlot.vst","2016-05-10","vst_CLBJ_2016","D11","CLBJ","CLBJ_014",,"NEON.PLA.D11.CLBJ.01171",,"single bole tree","Live",5.5,130,,,,,,,"Mostly shaded",,,,,,,"C9GzU2YIgNp6Vw0n+VOm12lcWzn+J9JF","IjazmSQBojWK8GwK3uYgHLJpsBl6NUBJ4Tuu9+HvlsDEahWrmGyp6mPWo7fEreMd","legacyData | noMapTagData"
"f910f240-d4ff-44bf-a077-09c39033e362","CLBJ_014.basePlot.vst","2016-05-10","vst_CLBJ_2016","D11","CLBJ","CLBJ_014",,"NEON.PLA.D11.CLBJ.01154",,"small tree","Live",1.4,130,,,,,,,"Mostly shaded",,,,,,,"C9GzU2YIgNp6Vw0n+VOm12lcWzn+J9JF","IjazmSQBojWK8GwK3uYgHEOxqS1i0b6w","legacyData"
"9b7d0fe6-5727-42ba-9ddd-366d20275991","CLBJ_014.basePlot.vst","2016-05-10","vst_CLBJ_2016","D11","CLBJ","CLBJ_014",,"NEON.PLA.D11.CLBJ.01141",,"sapling","Live",1.2,10,,,,,,,,,,,,,,"C9GzU2YIgNp6Vw0n+VOm12lcWzn+J9JF","IjazmSQBojWK8GwK3uYgHLJpsBl6NUBJ4Tuu9+HvlsDEahWrmGyp6mPWo7fEreMd","legacyData"
"1129d2c9-bfd7-4e0c-8f06-ee6643b743ea","CLBJ_014.basePlot.vst","2016-05-10","vst_CLBJ_2016","D11","CLBJ","CLBJ_014",,"NEON.PLA.D11.CLBJ.01115",,"small tree","Live",1.1,130,,,,,,,"Full shade",,,,,,,"C9GzU2YIgNp6Vw0n+VOm12lcWzn+J9JF","IjazmSQBojWK8GwK3uYgHEOxqS1i0b6w","legacyData"
"5ce33df8-db80-4ac4-a349-8f2d39f89f92","CLBJ_014.basePlot.vst","2016-05-10","vst_CLBJ_2016","D11","CLBJ","CLBJ_014",,"NEON.PLA.D11.CLBJ.01123",,"sapling","Live",1.7,10,,,,,,,"Full shade",,,,,,,"C9GzU2YIgNp6Vw0n+VOm12lcWzn+J9JF","IjazmSQBojWK8GwK3uYgHEOxqS1i0b6w","legacyData"
"7e8f6939-9b51-4b47-8840-bd6a9e2d08bb","CLBJ_014.basePlot.vst","2016-05-10","vst_CLBJ_2016","D11","CLBJ","CLBJ_014",,"NEON.PLA.D11.CLBJ.01152",,"small tree","Live",1.5,130,,,,,,,"Full shade",,,,,,,"C9GzU2YIgNp6Vw0n+VOm12lcWzn+J9JF","IjazmSQBojWK8GwK3uYgHEOxqS1i0b6w","legacyData"
"14a398aa-555b-4438-8984-4a5031e85b77","CLBJ_014.basePlot.vst","2016-05-10","vst_CLBJ_2016","D11","CLBJ","CLBJ_014",,"NEON.PLA.D11.CLBJ.01165",,"small tree","Live",1.4,130,,,,,,,"Mostly shaded",,,,,,,"C9GzU2YIgNp6Vw0n+VOm12lcWzn+J9JF","IjazmSQBojWK8GwK3uYgHEOxqS1i0b6w","legacyData"
"80cea3d8-81d5-48e7-9732-a69e11b0f2b3","CLBJ_014.basePlot.vst","2016-05-10","vst_CLBJ_2016","D11","CLBJ","CLBJ_014",,"NEON.PLA.D11.CLBJ.01121",,"sapling","Live",1.4,10,,,,,,,"Mostly shaded",,,,,,,"C9GzU2YIgNp6Vw0n+VOm12lcWzn+J9JF","IjazmSQBojWK8GwK3uYgHEOxqS1i0b6w","legacyData"
"8f66941c-89c1-454e-af2f-b43acd1174d5","CLBJ_014.basePlot.vst","2016-05-10","vst_CLBJ_2016","D11","CLBJ","CLBJ_014",,"NEON.PLA.D11.CLBJ.01109",,"liana","Live",1.7,130,,,,,,,"Full shade",,,,,,,"C9GzU2YIgNp6Vw0n+VOm12lcWzn+J9JF","IjazmSQBojWK8GwK3uYgHEOxqS1i0b6w","legacyData"
"5aeb7e40-f14a-4907-8fe9-192faf7c916d","CLBJ_014.basePlot.vst","2016-05-10","vst_CLBJ_2016","D11","CLBJ","CLBJ_014",,"NEON.PLA.D11.CLBJ.01114",,"liana","Live",2.0,130,,,,,,,"Full shade",,,,,,,"C9GzU2YIgNp6Vw0n+VOm12lcWzn+J9JF","IjazmSQBojWK8GwK3uYgHEOxqS1i0b6w","legacyData"
"f12c8151-2ed9-43f6-b90d-6a6a5f28d858","CLBJ_014.basePlot.vst","2016-05-10","vst_CLBJ_2016","D11","CLBJ","CLBJ_014",,"NEON.PLA.D11.CLBJ.01110",,"liana","Live",1.9,130,,,,,,,"Full shade",,,,,,,"C9GzU2YIgNp6Vw0n+VOm12lcWzn+J9JF","IjazmSQBojWK8GwK3uYgHEOxqS1i0b6w","legacyData"
"0729b533-4f61-4669-bbe8-4a62aee41d46","CLBJ_014.basePlot.vst","2016-05-10","vst_CLBJ_2016","D11","CLBJ","CLBJ_014",,"NEON.PLA.D11.CLBJ.01112",,"liana","Live",7.5,130,,,,,,,"Full shade",,,,,,,"C9GzU2YIgNp6Vw0n+VOm12lcWzn+J9JF","IjazmSQBojWK8GwK3uYgHEOxqS1i0b6w","legacyData"
"85eff237-f5e2-467c-88cd-4800749b810c","CLBJ_014.basePlot.vst","2016-05-10","vst_CLBJ_2016","D11","CLBJ","CLBJ_014",,"NEON.PLA.D11.CLBJ.01125",,"sapling","Live",2.2,10,,,,,,,"Full shade",,,,,,,"C9GzU2YIgNp6Vw0n+VOm12lcWzn+J9JF","IjazmSQBojWK8GwK3uYgHEOxqS1i0b6w","legacyData"
"cb140454-b780-4556-a1f4-dfebf7949e07","CLBJ_014.basePlot.vst","2016-05-10","vst_CLBJ_2016","D11","CLBJ","CLBJ_014",,"NEON.PLA.D11.CLBJ.01184",,"single bole tree","Live",10.4,130,,,,,,,"Full sun",,,,,,,"C9GzU2YIgNp6Vw0n+VOm12lcWzn+J9JF","IjazmSQBojWK8GwK3uYgHLJpsBl6NUBJ4Tuu9+HvlsDEahWrmGyp6mPWo7fEreMd","legacyData"
"4f817b27-1cce-431c-84f2-c0a84a77b6b6","CLBJ_014.basePlot.vst","2016-05-10","vst_CLBJ_2016","D11","CLBJ","CLBJ_014",,"NEON.PLA.D11.CLBJ.01188",,"small tree","Live",7.1,130,,,,,,,"Full shade",,,,,,,"C9GzU2YIgNp6Vw0n+VOm12lcWzn+J9JF","IjazmSQBojWK8GwK3uYgHEOxqS1i0b6w","legacyData"
"699d4d57-e922-4aa0-91a8-aa929da61afe","CLBJ_014.basePlot.vst","2016-05-10","vst_CLBJ_2016","D11","CLBJ","CLBJ_014",,"NEON.PLA.D11.CLBJ.01186",,"single bole tree","Live",10.2,130,,,,,,,"Partially shaded",,,,,,,"C9GzU2YIgNp6Vw0n+VOm12lcWzn+J9JF","IjazmSQBojWK8GwK3uYgHLJpsBl6NUBJ4Tuu9+HvlsDEahWrmGyp6mPWo7fEreMd","legacyData"
"a41c7d69-23b7-40ae-a32e-295ed9b1a5de","CLBJ_014.basePlot.vst","2016-05-10","vst_CLBJ_2016","D11","CLBJ","CLBJ_014",,"NEON.PLA.D11.CLBJ.01180",,"small tree","Live",1.0,130,,,,,,,"Mostly shaded",,,,,,,"C9GzU2YIgNp6Vw0n+VOm12lcWzn+J9JF","IjazmSQBojWK8GwK3uYgHEOxqS1i0b6w","legacyData"
"8e2e6f9d-ddc2-4dcd-b9bb-f631ddfb104a","CLBJ_014.basePlot.vst","2016-05-10","vst_CLBJ_2016","D11","CLBJ","CLBJ_014",,"NEON.PLA.D11.CLBJ.01170",,"small tree","Live",1.8,130,,,,,,,"Mostly shaded",,,,,,,"C9GzU2YIgNp6Vw0n+VOm12lcWzn+J9JF","IjazmSQBojWK8GwK3uYgHLJpsBl6NUBJ4Tuu9+HvlsDEahWrmGyp6mPWo7fEreMd","legacyData"
"296115be-54ef-4bad-ab59-f68233f90cee","CLBJ_014.basePlot.vst","2016-05-10","vst_CLBJ_2016","D11","CLBJ","CLBJ_014",,"NEON.PLA.D11.CLBJ.01127",,"small tree","Live",1.7,130,,,,,,,"Full shade",,,,,,,"C9GzU2YIgNp6Vw0n+VOm12lcWzn+J9JF","IjazmSQBojWK8GwK3uYgHEOxqS1i0b6w","legacyData"
"093095bf-cddc-468f-9d2a-ec8a9bcd7755","CLBJ_014.basePlot.vst","2016-05-10","vst_CLBJ_2016","D11","CLBJ","CLBJ_014",,"NEON.PLA.D11.CLBJ.01160",,"single bole tree","Live",12.5,130,,,,,,,"Full shade",,,,,,,"C9GzU2YIgNp6Vw0n+VOm12lcWzn+J9JF","IjazmSQBojWK8GwK3uYgHEOxqS1i0b6w","legacyData"
"b8408840-fb75-447e-b737-2cb65a4b9faf","CLBJ_014.basePlot.vst","2016-05-10","vst_CLBJ_2016","D11","CLBJ","CLBJ_014",,"NEON.PLA.D11.CLBJ.01119",,"sapling","Live",1.1,10,,,,,,,"Full shade",,,,,,,"C9GzU2YIgNp6Vw0n+VOm12lcWzn+J9JF","IjazmSQBojWK8GwK3uYgHEOxqS1i0b6w","legacyData"
"c117721c-5072-4d91-80b4-cd35d4fdb4cb","CLBJ_014.basePlot.vst","2016-05-10","vst_CLBJ_2016","D11","CLBJ","CLBJ_014",,"NEON.PLA.D11.CLBJ.01124",,"small tree","Live",2.0,130,,,,,,,"Full shade",,,,,,,"C9GzU2YIgNp6Vw0n+VOm12lcWzn+J9JF","IjazmSQBojWK8GwK3uYgHEOxqS1i0b6w","legacyData"
"a097ddf9-0248-45c8-83d7-b521bcef1c89","CLBJ_014.basePlot.vst","2016-05-10","vst_CLBJ_2016","D11","CLBJ","CLBJ_014",,"NEON.PLA.D11.CLBJ.01185",,"small tree","Live",2.8,130,,,,,,,"Mostly shaded",,,,,,,"C9GzU2YIgNp6Vw0n+VOm12lcWzn+J9JF","IjazmSQBojWK8GwK3uYgHLJpsBl6NUBJ4Tuu9+HvlsDEahWrmGyp6mPWo7fEreMd","legacyData"
"5d13ac7f-f74a-4218-8079-ff2c05922f6c","CLBJ_014.basePlot.vst","2016-05-10","vst_CLBJ_2016","D11","CLBJ","CLBJ_014",,"NEON.PLA.D11.CLBJ.01129",,"sapling","Live",1.1,10,,,,,,,"Full shade",,,,,,,"C9GzU2YIgNp6Vw0n+VOm12lcWzn+J9JF","IjazmSQBojWK8GwK3uYgHLJpsBl6NUBJ4Tuu9+HvlsDEahWrmGyp6mPWo7fEreMd","legacyData"
"ae1a2e9b-da11-41a4-ad88-14ffd1eb79e9","CLBJ_014.basePlot.vst","2016-05-10","vst_CLBJ_2016","D11","CLBJ","CLBJ_014",,"NEON.PLA.D11.CLBJ.01120",,"sapling","Live",1.1,10,,,,,,,"Full shade",,,,,,,"C9GzU2YIgNp6Vw0n+VOm12lcWzn+J9JF","IjazmSQBojWK8GwK3uYgHEOxqS1i0b6w","legacyData"
"52dc5abb-2c54-4520-b1f0-c500687e1c74","CLBJ_014.basePlot.vst","2016-05-10","vst_CLBJ_2016","D11","CLBJ","CLBJ_014",,"NEON.PLA.D11.CLBJ.01183",,"small tree","Live",3.3,130,,,,,,,"Mostly shaded",,,,,,,"C9GzU2YIgNp6Vw0n+VOm12lcWzn+J9JF","IjazmSQBojWK8GwK3uYgHEOxqS1i0b6w","legacyData"
"bb292458-77f1-4903-a6a5-d3c18b46837b","CLBJ_014.basePlot.vst","2016-05-10","vst_CLBJ_2016","D11","CLBJ","CLBJ_014",,"NEON.PLA.D11.CLBJ.01138",,"sapling","Live",1.2,10,,,,,,,"Full shade",,,,,,,"C9GzU2YIgNp6Vw0n+VOm12lcWzn+J9JF","IjazmSQBojWK8GwK3uYgHLJpsBl6NUBJ4Tuu9+HvlsDEahWrmGyp6mPWo7fEreMd","legacyData"
"b34aef40-e30b-4529-a6e5-b2469514d6b6","CLBJ_014.basePlot.vst","2016-05-11","vst_CLBJ_2016","D11","CLBJ","CLBJ_014",,"NEON.PLA.D11.CLBJ.01173A",,,"Standing dead",37.5,165,,,,,,,"Full sun",,,,,,"Measured at 165 vs 130 due to MBT; measured 100cm above pith.","C9GzU2YIgNp6Vw0n+VOm12lcWzn+J9JF","IjazmSQBojWK8GwK3uYgHEOxqS1i0b6w","legacyData"
"c7f73cc7-025d-401e-8fd5-6b7d21a9463f","CLBJ_014.basePlot.vst","2016-05-11","vst_CLBJ_2016","D11","CLBJ","CLBJ_014",,"NEON.PLA.D11.CLBJ.01143",,"liana","Live",3.4,130,,,,,,,"Full shade",,,,,,,"C9GzU2YIgNp6Vw0n+VOm12lcWzn+J9JF","IjazmSQBojWK8GwK3uYgHEOxqS1i0b6w","legacyData"
"b644851d-e2d8-462e-9a26-257fa060a9e3","CLBJ_014.basePlot.vst","2016-05-11","vst_CLBJ_2016","D11","CLBJ","CLBJ_014",,"NEON.PLA.D11.CLBJ.01164",,"single bole tree","Live",42.8,130,,,,,,,"Partially shaded",,,,,,,"C9GzU2YIgNp6Vw0n+VOm12lcWzn+J9JF","IjazmSQBojWK8GwK3uYgHEOxqS1i0b6w","legacyData"
"5808c106-21d8-4fc5-83dc-ea5ebb8c12cb","CLBJ_014.basePlot.vst","2016-05-11","vst_CLBJ_2016","D11","CLBJ","CLBJ_014",,"NEON.PLA.D11.CLBJ.01151",,"liana","Live",4.4,130,,,,,,,"Full shade",,,,,,,"C9GzU2YIgNp6Vw0n+VOm12lcWzn+J9JF","IjazmSQBojWK8GwK3uYgHEOxqS1i0b6w","legacyData"
"8d288aec-ee7f-4929-ac14-15b46ae2762a","CLBJ_014.basePlot.vst","2016-05-11","vst_CLBJ_2016","D11","CLBJ","CLBJ_014",,"NEON.PLA.D11.CLBJ.01173B",,,"Standing dead",35.4,130,,,,,,,"Full sun",,,,,,,"C9GzU2YIgNp6Vw0n+VOm12lcWzn+J9JF","IjazmSQBojWK8GwK3uYgHEOxqS1i0b6w","legacyData"
"f4876bc5-d0f9-4289-bbc5-cfd27d770ce3","CLBJ_014.basePlot.vst","2016-05-11","vst_CLBJ_2016","D11","CLBJ","CLBJ_014",,"NEON.PLA.D11.CLBJ.01105",,"liana","Live",1.4,130,,,,,,,"Full shade",,,,,,,"C9GzU2YIgNp6Vw0n+VOm12lcWzn+J9JF","IjazmSQBojWK8GwK3uYgHEOxqS1i0b6w","legacyData"
"8e2c876b-5ce5-468c-b004-7bc3db953385","CLBJ_014.basePlot.vst","2016-05-11","vst_CLBJ_2016","D11","CLBJ","CLBJ_014",,"NEON.PLA.D11.CLBJ.01104",,"liana","Live",1.2,130,,,,,,,"Full shade",,,,,,,"C9GzU2YIgNp6Vw0n+VOm12lcWzn+J9JF","IjazmSQBojWK8GwK3uYgHEOxqS1i0b6w","legacyData"
"a224362f-8562-4df2-b999-abeaf24ad555","CLBJ_014.basePlot.vst","2016-05-11","vst_CLBJ_2016","D11","CLBJ","CLBJ_014",,"NEON.PLA.D11.CLBJ.01175",,"single bole tree","Live",11.8,130,,,,,,,"Full shade",,,,,,,"C9GzU2YIgNp6Vw0n+VOm12lcWzn+J9JF","IjazmSQBojWK8GwK3uYgHEOxqS1i0b6w","legacyData"
"c6de17df-258f-45e0-99b6-b3b5a1ff0876","CLBJ_014.basePlot.vst","2016-05-11","vst_CLBJ_2016","D11","CLBJ","CLBJ_014",,"NEON.PLA.D11.CLBJ.01159",,"multi-bole tree","Live",43.9,130,,,,,,,"Full sun",,,,,,,"C9GzU2YIgNp6Vw0n+VOm12lcWzn+J9JF","IjazmSQBojWK8GwK3uYgHEOxqS1i0b6w","legacyData"
"a73c94aa-4a38-4747-b4f5-22c77c983ef0","CLBJ_014.basePlot.vst","2016-05-11","vst_CLBJ_2016","D11","CLBJ","CLBJ_014",,"NEON.PLA.D11.CLBJ.01107",,"liana","Live",1.3,130,,,,,,,"Full shade",,,,,,,"C9GzU2YIgNp6Vw0n+VOm12lcWzn+J9JF","IjazmSQBojWK8GwK3uYgHEOxqS1i0b6w","legacyData"
"cac736d8-71d8-4541-8784-6885f911e5d9","CLBJ_014.basePlot.vst","2016-05-11","vst_CLBJ_2016","D11","CLBJ","CLBJ_014",,"NEON.PLA.D11.CLBJ.01162",,"single bole tree","Live",49.4,130,,,,,,,"Full sun",,,,,,,"C9GzU2YIgNp6Vw0n+VOm12lcWzn+J9JF","IjazmSQBojWK8GwK3uYgHEOxqS1i0b6w","legacyData"
"1cc8e86e-290f-4074-bbf5-79d632ab88db","CLBJ_014.basePlot.vst","2016-05-11","vst_CLBJ_2016","D11","CLBJ","CLBJ_014",,"NEON.PLA.D11.CLBJ.01159E",,,"Standing dead",18.6,130,,,,,,,"Full sun",,,,,,"2; Dead bole; supporting tag E","C9GzU2YIgNp6Vw0n+VOm12lcWzn+J9JF","IjazmSQBojWK8GwK3uYgHEOxqS1i0b6w","legacyData"
"26a07ec8-6b26-44da-ad40-4b30e176a8fe","CLBJ_014.basePlot.vst","2016-05-11","vst_CLBJ_2016","D11","CLBJ","CLBJ_014",,"NEON.PLA.D11.CLBJ.01106",,"liana","Live",2.0,130,,,,,,,"Full shade",,,,,,,"C9GzU2YIgNp6Vw0n+VOm12lcWzn+J9JF","IjazmSQBojWK8GwK3uYgHEOxqS1i0b6w","legacyData"
"f1307e3e-f8df-4624-b1dd-10ff050f1085","CLBJ_014.basePlot.vst","2016-05-11","vst_CLBJ_2016","D11","CLBJ","CLBJ_014",,"NEON.PLA.D11.CLBJ.01173",,"multi-bole tree","Standing dead",42.6,165,,,,,,,"Full sun",,,,,,"A, B (support tags); Dead tree; Measured at 165 vs 130 due to MBT; measured 100cm above pith.","C9GzU2YIgNp6Vw0n+VOm12lcWzn+J9JF","IjazmSQBojWK8GwK3uYgHEOxqS1i0b6w","legacyData"
"c2901485-2aca-4201-b4b4-e09179a4f857","CLBJ_014.basePlot.vst","2016-05-11","vst_CLBJ_2016","D11","CLBJ","CLBJ_014",,"NEON.PLA.D11.CLBJ.01108",,"liana","Live",4.5,130,,,,,,,"Full shade",,,,,,,"C9GzU2YIgNp6Vw0n+VOm12lcWzn+J9JF","IjazmSQBojWK8GwK3uYgHEOxqS1i0b6w","legacyData"
"8428b2e8-6fee-400e-a922-a6e42bf78a50","CLBJ_014.basePlot.vst","2016-05-11","vst_CLBJ_2016","D11","CLBJ","CLBJ_014",,"NEON.PLA.D11.CLBJ.01103",,"liana","Live",1.5,130,,,,,,,"Full shade",,,,,,,"C9GzU2YIgNp6Vw0n+VOm12lcWzn+J9JF","IjazmSQBojWK8GwK3uYgHEOxqS1i0b6w","legacyData"
