uid,namedLocation,date,domainID,siteID,plotID,plotType,nlcdClass,decimalLatitude,decimalLongitude,geodeticDatum,coordinateUncertainty,easting,northing,utmZone,elevation,elevationUncertainty,eventID,samplingProtocolVersion,treesPresent,treesAbsentList,shrubsPresent,shrubsAbsentList,lianasPresent,lianasAbsentList,nestedSubplotAreaShrubSapling,nestedSubplotAreaLiana,totalSampledAreaTrees,totalSampledAreaShrubSapling,totalSampledAreaLiana,remarks,measuredBy,recordedBy,dataQF
"b05300c9-491c-4122-a48a-b3d48d278c4d","GUAN_050.basePlot.vst","2015-10-06","D04","GUAN","GUAN_050","tower","evergreenForest",17.969913,-66.865696,"WGS84",20.1,726023.91,1988156.05,"19N",147.4,0.1,"vst_GUAN_2015","NEON.DOC.000987vD",,,,,,,"10","noneSelected",800,40,800,"Measuring are for Lianas was 400m^2","8rHzSbnDOXhpq1RB6lSoH2hgWBtav0ErIdmzF9jRJItH1Tbc22Wv++lPElkoki6ZdWjuP0r58cso6/WdB3vYwR4Ix/joDIk1NLq6bDCR2YENfZ3uSCCB5tUKIDvMYW6u2N1aX/ocadlUFcx8iGsmesfGTEQno3MR50Vp3dWzi28=","fiApssCEcSVZh4fTchGlfWsA2PbUUMsIQ7zLojTi+radUbYtRsVn5TvucFMdOaQx","legacyData"
"5de78627-4cfa-40b1-91f0-2563522614ff","GUAN_050.basePlot.vst","2015-10-07","D04","GUAN","GUAN_050","tower","evergreenForest",17.969913,-66.865696,"WGS84",20.1,726023.91,1988156.05,"19N",147.4,0.1,"vst_GUAN_2015","NEON.DOC.000987vD",,,,,,,"10","noneSelected",800,40,800,"Measurement are for lianas was 400m^2","8rHzSbnDOXhpq1RB6lSoH2hgWBtav0Er1tVc1HH5Y4cKT8e60tHUKSaW10dQx4pODWw2e09msrCxC1WR2b30CHfc8zo0yeuxd9iDkXDbg2I/G8c2iVvR9OriJIaFcPcP3355YzVBXag=","fiApssCEcSVZh4fTchGlfWsA2PbUUMsIQ7zLojTi+radUbYtRsVn5TvucFMdOaQx","legacyData"
"83745e3a-2545-43bd-855f-750b0c6f3a7b","GUAN_042.basePlot.vst","2015-10-07","D04","GUAN","GUAN_042","tower","evergreenForest",17.970725,-66.863970,"WGS84",20.3,726205.73,1988248.04,"19N",146.9,0.5,"vst_GUAN_2015","NEON.DOC.000987vD",,,,,,,"10","noneSelected",800,40,800,"Subplot area for lianas is 400m^2","qshsnM/sHHNUZPkINsuGUO/Mcrl1dNSq36xWnIuZkhxSViHpK0/zWE+haAYLZrfe8dHyLeyCbjpRkErycFW9qXpgauDuhwMv40Kp/NE9U9hhnqql7YeZ1lKrvdvKR0rmWGtG8/4qNGU=","fiApssCEcSVZh4fTchGlfQK3pYYnYQUQ","legacyData"
"a30fde82-7f3b-4886-9121-817eb2141fbf","GUAN_042.basePlot.vst","2015-10-08","D04","GUAN","GUAN_042","tower","evergreenForest",17.970725,-66.863970,"WGS84",20.3,726205.73,1988248.04,"19N",146.9,0.5,"vst_GUAN_2015","NEON.DOC.000987vD",,,,,,,"10","noneSelected",800,40,800,"Measuring area for lianas was 400m^2","VgRfkWGhIvw7Lc3BZsfq47rYNjkDAdrBm8SRpjkO46zxhNYXotcaOF7NZB5oFh0LlSx39hP4vS3pGtDJrg2EyGJ2678TJIT7fhz/j3ABl5lgmG/Ov+J3KowPlHEJ9Hya","fiApssCEcSVZh4fTchGlfQK3pYYnYQUQ","legacyData"
"58b0bf7c-1fd3-4b3c-b1aa-e0c00e77e21c","GUAN_042.basePlot.vst","2015-10-08","D04","GUAN","GUAN_042","tower","evergreenForest",17.970725,-66.863970,"WGS84",20.3,726205.73,1988248.04,"19N",146.9,0.5,"vst_GUAN_2015","NEON.DOC.000987vD",,,,,,,"10","noneSelected",800,40,800,"Measuring are for lianas was 400m^2","VgRfkWGhIvw7Lc3BZsfq47rYNjkDAdrBm8SRpjkO46zxhNYXotcaOF7NZB5oFh0LlSx39hP4vS3pGtDJrg2EyGJ2678TJIT7fhz/j3ABl5lgmG/Ov+J3KowPlHEJ9Hya","fiApssCEcSVZh4fTchGlfQK3pYYnYQUQ","legacyData"
