uid,namedLocation,domainID,siteID,plotID,plotType,nlcdClass,decimalLatitude,decimalLongitude,geodeticDatum,coordinateUncertainty,elevation,elevationUncertainty,collectDate,eventID,sampleID,sampleCode,samplingMethod,totalSampledArea,targetTaxaPresent,adultCount,nymphCount,larvaCount,sampleCondition,samplingProtocolVersion,measuredBy,remarks
"4cb92a39-8619-4eac-ba24-d008a5c823f8","STEI_029.tickPlot.tck","D05","STEI","STEI_029","distributed","mixedForest",45.832878,-90.075489,"WGS84",20.1,492.2,0.2,"2016-08-01T15:25Z","STEI.2016.31","STEI_029.20160801",,"drag and flag",152,"Y",1,0,0,"No known compromise","NEON.DOC.014045vG","ENeP0aOc3IJKOzpx0s21WjiUy0VSbDmm",
"914d1385-36f2-4487-8cd8-4d2077435d84","STEI_005.tickPlot.tck","D05","STEI","STEI_005","distributed","deciduousForest",45.825112,-90.085882,"WGS84",20.3,509.9,0.5,"2016-08-01T16:39Z","STEI.2016.31",,,"drag and flag",162,"N",0,0,0,"No known compromise","NEON.DOC.014045vG","ivTX0o97qsvQmuujGuWrKq4nHA2L9cNp",
"56c43f5b-73c8-40cc-8e42-b947303152fa","STEI_002.tickPlot.tck","D05","STEI","STEI_002","distributed","deciduousForest",45.796166,-90.091452,"WGS84",20.2,520.3,0.4,"2016-08-01T17:28Z","STEI.2016.31","STEI_002.20160801",,"drag and flag",159,"Y",0,1,0,"No known compromise","NEON.DOC.014045vG","ENeP0aOc3IJKOzpx0s21WjiUy0VSbDmm",
"63b9d9e4-8577-4083-ab75-5dd9bdf9af3f","STEI_003.tickPlot.tck","D05","STEI","STEI_003","distributed","deciduousForest",45.824086,-90.071058,"WGS84",20.3,510.1,0.5,"2016-08-01T17:39Z","STEI.2016.31",,,"drag and flag",160,"N",0,0,0,"No known compromise","NEON.DOC.014045vG","PjfLww5oXrAQngYk4wg4E42w2wotfuRI",
"cca36871-514a-4037-be1e-3525af7872ca","STEI_001.tickPlot.tck","D05","STEI","STEI_001","distributed","deciduousForest",45.812978,-90.091123,"WGS84",20.3,509.3,0.4,"2016-08-01T18:24Z","STEI.2016.31",,,"drag and flag",146,"N",0,0,0,"No known compromise","NEON.DOC.014045vG","ENeP0aOc3IJKOzpx0s21WjiUy0VSbDmm",
"2573b5f5-d9a4-4c2d-8999-83d72871bd9a","STEI_029.tickPlot.tck","D05","STEI","STEI_029","distributed","mixedForest",45.832878,-90.075489,"WGS84",20.1,492.2,0.2,"2016-08-22T15:07Z","STEI.2016.34",,,"drag and flag",141,"N",0,0,0,"No known compromise","NEON.DOC.014045vG","YuW/faeE8CA0LPruU4mWPAB1f1hSTbIk",
"e83425bb-6682-4e0b-a036-6287047c3cf5","STEI_023.tickPlot.tck","D05","STEI","STEI_023","distributed","woodyWetlands",45.824017,-90.096171,"WGS84",20.2,480.4,0.3,"2016-08-22T15:53Z","STEI.2016.34",,,"drag and flag",140,"N",0,0,0,"No known compromise","NEON.DOC.014045vG","SSLLKilYJ59gPsiuTY4/MOP/9OOiD+bT",
"a8a871be-80d1-449c-9e29-52f174732817","STEI_001.tickPlot.tck","D05","STEI","STEI_001","distributed","deciduousForest",45.812978,-90.091123,"WGS84",20.3,509.3,0.4,"2016-08-22T16:45Z","STEI.2016.34",,,"drag and flag",145,"N",0,0,0,"No known compromise","NEON.DOC.014045vG","YuW/faeE8CA0LPruU4mWPAB1f1hSTbIk",
"615289eb-3674-4889-8f23-97b00acfb176","STEI_002.tickPlot.tck","D05","STEI","STEI_002","distributed","deciduousForest",45.796166,-90.091452,"WGS84",20.2,520.3,0.4,"2016-08-22T17:36Z","STEI.2016.34",,,"drag and flag",160,"N",0,0,0,"No known compromise","NEON.DOC.014045vG","SSLLKilYJ59gPsiuTY4/MOP/9OOiD+bT",
