uid,namedLocation,domainID,siteID,plotID,plotType,nlcdClass,decimalLatitude,decimalLongitude,geodeticDatum,coordinateUncertainty,elevation,elevationUncertainty,collectDate,eventID,sampleID,sampleCode,samplingMethod,totalSampledArea,targetTaxaPresent,adultCount,nymphCount,larvaCount,sampleCondition,samplingProtocolVersion,measuredBy,remarks
"e113483b-942c-4ff6-80f3-31d7aff6a8cc","DSNY_001.tickPlot.tck","D03","DSNY","DSNY_001","distributed","woodyWetlands",28.098062,-81.418561,"WGS84",20.1,20.3,0.1,"2017-09-06T13:25Z","DSNY.2017.37",,,"drag",130,"N",0,0,0,,"NEON.DOC.014045vH","PQeS3Ivl8n7p349q3TXUdwRmVPP1d5yRBGiZV9rpo2U=","NW corner flooded. Plot needs reflagging"
"e93d5f33-3cda-4023-be36-e17e6d94b397","DSNY_005.tickPlot.tck","D03","DSNY","DSNY_005","distributed","woodyWetlands",28.040497,-81.394482,"WGS84",20.1,16.6,0.1,"2017-09-06T14:04Z","DSNY.2017.37",,,"drag and flag",170,"N",0,0,0,,"NEON.DOC.014045vH","PeMFT7qqOQEd16b16hQ1mHIk6ClEPN9Prl+j30tuZrY=",
"887aff84-c707-4966-88ce-0a90d52a006b","DSNY_006.tickPlot.tck","D03","DSNY","DSNY_006","distributed","woodyWetlands",28.093704,-81.398045,"WGS84",20.1,20.1,0.1,"2017-09-06T14:06Z","DSNY.2017.37",,,"drag and flag",160,"N",0,0,0,,"NEON.DOC.014045vH","PQeS3Ivl8n7p349q3TXUdwRmVPP1d5yRBGiZV9rpo2U=",
"f5dd3a13-3e66-4229-bc1d-cac8f9e7cc36","DSNY_004.tickPlot.tck","D03","DSNY","DSNY_004","distributed","woodyWetlands",28.101022,-81.399501,"WGS84",20.1,18.7,0.1,"2017-09-06T14:29Z","DSNY.2017.37",,,"drag and flag",160,"N",0,0,0,,"NEON.DOC.014045vH","PQeS3Ivl8n7p349q3TXUdwRmVPP1d5yRBGiZV9rpo2U=",
"66ed6f4f-8231-4186-8ff9-1e7b5fc2f8de","DSNY_008.tickPlot.tck","D03","DSNY","DSNY_008","distributed","woodyWetlands",28.047337,-81.403204,"WGS84",20.1,18.8,0.1,"2017-09-06T14:35Z","DSNY.2017.37",,,"drag and flag",160,"N",0,0,0,,"NEON.DOC.014045vH","PeMFT7qqOQEd16b16hQ1mHIk6ClEPN9Prl+j30tuZrY=",
"3bc8cecb-cd48-4058-a2c7-00fc89fc0d8c","DSNY_021.tickPlot.tck","D03","DSNY","DSNY_021","distributed","pastureHay",28.053635,-81.392353,"WGS84",20.1,17.1,0.1,"2017-09-06T15:01Z","DSNY.2017.37",,,"drag and flag",160,"N",0,0,0,,"NEON.DOC.014045vH","PeMFT7qqOQEd16b16hQ1mHIk6ClEPN9Prl+j30tuZrY=","Needs to be reflagged"
