uid,namedLocation,domainID,siteID,plotID,plotType,nlcdClass,decimalLatitude,decimalLongitude,geodeticDatum,coordinateUncertainty,elevation,elevationUncertainty,collectDate,eventID,sampleID,sampleCode,samplingMethod,totalSampledArea,targetTaxaPresent,adultCount,nymphCount,larvaCount,sampleCondition,samplingProtocolVersion,measuredBy,remarks
"80184e2d-8b19-4f6b-b22b-16169768dec0","NOGP_007.tickPlot.tck","D09","NOGP","NOGP_007","distributed","grasslandHerbaceous",46.813251,-100.903783,"WGS84",20.0,527.7,0.0,"2016-10-12T16:22Z","NOGP.2016.41",,,"drag",160,"N",0,0,0,"No known compromise","NEON.DOC.014045vG","dMVZgSbiazVu0oXyzneal5IPnECwOfLe",
"cc35922a-98b2-4f9e-83c6-14940bd32ad2","NOGP_001.tickPlot.tck","D09","NOGP","NOGP_001","distributed","grasslandHerbaceous",46.804811,-100.916048,"WGS84",20.0,530.7,0.0,"2016-10-12T17:00Z","NOGP.2016.41",,,"drag and flag",160,"N",0,0,0,"No known compromise","NEON.DOC.014045vG","ippAM7hgZZNrifbjRsn1EwefSeahQojc",
"98826f7c-d760-4c3b-b72d-c24ca1fd3cfe","NOGP_002.tickPlot.tck","D09","NOGP","NOGP_002","distributed","grasslandHerbaceous",46.797460,-100.910668,"WGS84",20.1,544.6,0.1,"2016-10-12T17:45Z","NOGP.2016.41",,,"drag",160,"N",0,0,0,"No known compromise","NEON.DOC.014045vG","dMVZgSbiazVu0oXyzneal5IPnECwOfLe",
"ad12a9d4-dc17-445f-9847-f86a5ee4e316","NOGP_005.tickPlot.tck","D09","NOGP","NOGP_005","distributed","grasslandHerbaceous",46.787576,-100.916830,"WGS84",20.0,564.6,0.0,"2016-10-12T18:23Z","NOGP.2016.41",,,"drag",160,"N",0,0,0,"No known compromise","NEON.DOC.014045vG","ippAM7hgZZNrifbjRsn1EwefSeahQojc",
"78870c06-8f67-4160-bb8e-49d61c0384e8","NOGP_008.tickPlot.tck","D09","NOGP","NOGP_008","distributed","grasslandHerbaceous",46.783500,-100.905977,"WGS84",20.1,562.0,0.1,"2016-10-12T19:05Z","NOGP.2016.41",,,"drag",160,"N",0,0,0,"No known compromise","NEON.DOC.014045vG","dMVZgSbiazVu0oXyzneal5IPnECwOfLe",
"183b4c9e-56a3-41b8-879e-cd3d4835f459","NOGP_006.tickPlot.tck","D09","NOGP","NOGP_006","distributed","grasslandHerbaceous",46.768522,-100.918874,"WGS84",20.1,588.6,0.1,"2016-10-12T19:45Z","NOGP.2016.41",,,"drag",160,"N",0,0,0,"No known compromise","NEON.DOC.014045vG","ippAM7hgZZNrifbjRsn1EwefSeahQojc",
