uid,namedLocation,domainID,siteID,plotID,plotType,nlcdClass,decimalLatitude,decimalLongitude,geodeticDatum,coordinateUncertainty,elevation,elevationUncertainty,collectDate,eventID,sampleID,sampleCode,samplingMethod,totalSampledArea,targetTaxaPresent,adultCount,nymphCount,larvaCount,sampleCondition,samplingProtocolVersion,measuredBy,remarks
"35d33e61-7f7b-42a2-9251-5917105930c5","GRSM_015.tickPlot.tck","D07","GRSM","GRSM_015","distributed","deciduousForest",35.729089,-83.408061,"WGS84",20.2,448.3,0.2,"2017-07-03T14:37Z","GRSM.2017.28",,,"drag and flag",160,"N",0,0,0,,"NEON.DOC.014045vH","B89Z/IeBZxWLIW3Z9xXJ10X7Hm8jgTUapi15Hp4Dy9Q=",
"9f379342-2d79-434b-ae6a-7870b63d0363","GRSM_010.tickPlot.tck","D07","GRSM","GRSM_010","distributed","deciduousForest",35.669242,-83.524579,"WGS84",20.2,510.4,0.3,"2017-07-03T14:37Z","GRSM.2017.28","GRSM_010.20170703",,"drag and flag",160,"Y",1,0,0,"No known compromise","NEON.DOC.014045vH","rcoFR4ykziLdM1I/YrScV+0n5/U/vg3EburVPZnNuDM=",
"9cfb9424-449a-450e-a1fa-2f17eac4d7f1","GRSM_004.tickPlot.tck","D07","GRSM","GRSM_004","distributed","deciduousForest",35.688959,-83.535562,"WGS84",20.3,441.9,0.5,"2017-07-03T15:40Z","GRSM.2017.28",,,"drag and flag",162,"N",0,0,0,,"NEON.DOC.014045vH","2EQFOoUV8jVjNE1BpwGY8Orlr2HW2VdBHIxr/sxWvp0=",
"7cedfd46-bab2-4732-845d-587de50ac48e","GRSM_009.tickPlot.tck","D07","GRSM","GRSM_009","distributed","deciduousForest",35.671874,-83.491180,"WGS84",20.2,820.9,0.2,"2017-07-03T16:12Z","GRSM.2017.28",,,"drag and flag",160,"N",0,0,0,,"NEON.DOC.014045vH","B89Z/IeBZxWLIW3Z9xXJ10X7Hm8jgTUapi15Hp4Dy9Q=",
"e356219a-2512-4487-97b1-d8268cafea11","GRSM_003.tickPlot.tck","D07","GRSM","GRSM_003","distributed","deciduousForest",35.676584,-83.476209,"WGS84",20.2,880.6,0.2,"2017-07-03T17:08Z","GRSM.2017.28",,,"drag and flag",165,"N",0,0,0,,"NEON.DOC.014045vH","bj8+IJTPpK9B+X2rN/KZV03LBpX6wb7cr0Ettjp1m08=",
"93306197-7660-4fe4-b144-761cb738d414","GRSM_006.tickPlot.tck","D07","GRSM","GRSM_006","distributed","deciduousForest",35.679072,-83.643678,"WGS84",20.2,533.6,0.2,"2017-07-03T17:26Z","GRSM.2017.28",,,"drag",160,"N",0,0,0,"No known compromise","NEON.DOC.014045vH","rcoFR4ykziLdM1I/YrScV+0n5/U/vg3EburVPZnNuDM=",
"414ba756-0650-4428-8209-f8f2352856e5","GRSM_004.tickPlot.tck","D07","GRSM","GRSM_004","distributed","deciduousForest",35.688959,-83.535562,"WGS84",20.3,441.9,0.5,"2017-07-27T14:33Z","GRSM.2017.31",,,"drag and flag",170,"N",0,0,0,,"NEON.DOC.014045vH","w91v36heNcLPpG5HFO6Za4pIZvRnXtrvrkmAzkNhzMc=",
"72d97aec-da90-47d3-8aa8-572c7b9e2add","GRSM_015.tickPlot.tck","D07","GRSM","GRSM_015","distributed","deciduousForest",35.729089,-83.408061,"WGS84",20.2,448.3,0.2,"2017-07-27T16:04Z","GRSM.2017.31",,,"drag",164,"N",0,0,0,,"NEON.DOC.014045vH","2EQFOoUV8jVjNE1BpwGY8Orlr2HW2VdBHIxr/sxWvp0=",
"1883ecc7-80a5-4627-b715-e2fc364cffd9","GRSM_009.tickPlot.tck","D07","GRSM","GRSM_009","distributed","deciduousForest",35.671874,-83.491180,"WGS84",20.2,820.9,0.2,"2017-07-31T14:00Z","GRSM.2017.32",,,"drag and flag",160,"N",0,0,0,,"NEON.DOC.014045vH","rcoFR4ykziLdM1I/YrScV+0n5/U/vg3EburVPZnNuDM=",
"fd9b6426-dce9-485f-8ec4-0538ac7689cb","GRSM_003.tickPlot.tck","D07","GRSM","GRSM_003","distributed","deciduousForest",35.676584,-83.476209,"WGS84",20.2,880.6,0.2,"2017-07-31T15:15Z","GRSM.2017.32",,,"drag and flag",160,"N",0,0,0,,"NEON.DOC.014045vH","WKwujoF6P3ZJiCk6Dcp40D8Dm7AF8r9FFCwveZOtl5c=",
"fae7947c-b228-42fe-82f8-82f78a1257a9","GRSM_010.tickPlot.tck","D07","GRSM","GRSM_010","distributed","deciduousForest",35.669242,-83.524579,"WGS84",20.2,510.4,0.3,"2017-07-31T17:10Z","GRSM.2017.32",,,"drag and flag",160,"N",0,0,0,,"NEON.DOC.014045vH","rcoFR4ykziLdM1I/YrScV+0n5/U/vg3EburVPZnNuDM=",
"1a4b9227-f452-4be6-8730-44c766fce35f","GRSM_006.tickPlot.tck","D07","GRSM","GRSM_006","distributed","deciduousForest",35.679072,-83.643678,"WGS84",20.2,533.6,0.2,"2017-07-31T18:30Z","GRSM.2017.32",,,"drag and flag",160,"N",0,0,0,,"NEON.DOC.014045vH","WKwujoF6P3ZJiCk6Dcp40D8Dm7AF8r9FFCwveZOtl5c=",
