uid,namedLocation,domainID,siteID,plotID,plotType,nlcdClass,decimalLatitude,decimalLongitude,geodeticDatum,coordinateUncertainty,elevation,elevationUncertainty,collectDate,eventID,sampleID,sampleCode,samplingMethod,totalSampledArea,targetTaxaPresent,adultCount,nymphCount,larvaCount,sampleCondition,samplingProtocolVersion,measuredBy,remarks
"f1387ec9-0868-48ce-b9d4-0a373b796ed8","JORN_001.tickPlot.tck","D14","JORN","JORN_001","distributed","shrubScrub",32.603710,-106.801348,"WGS84",20.1,1323.4,0.1,"2018-05-01T14:34Z","JORN.2018.18",,,"drag",158,"N",0,0,0,,"NEON.DOC.014045vJ","Wo7kbpo00q/iTGrlK/cuBAxj86mjn3gOqP/J51qkj0s=",
"124e701e-1fca-4697-bd94-bb364fc36d14","JORN_004.tickPlot.tck","D14","JORN","JORN_004","distributed","shrubScrub",32.629997,-106.859194,"WGS84",20.1,1332.6,0.1,"2018-05-01T15:19Z","JORN.2018.18",,,"drag and flag",167,"N",0,0,0,,"NEON.DOC.014045vJ","u3HxlUyvicQZN3Mh3mzCP4F/ydRVnyGOI11eQPILJdg=","Added 7 meters"
"332bb546-b064-4e4d-a4dd-f20653942a39","JORN_006.tickPlot.tck","D14","JORN","JORN_006","distributed","shrubScrub",32.591754,-106.825128,"WGS84",20.1,1323.4,0.1,"2018-05-01T16:09Z","JORN.2018.18",,,"drag and flag",167,"N",0,0,0,,"NEON.DOC.014045vJ","Wo7kbpo00q/iTGrlK/cuBAxj86mjn3gOqP/J51qkj0s=",
"cd5f3156-b176-4797-b0df-b965daaa58eb","JORN_002.tickPlot.tck","D14","JORN","JORN_002","distributed","shrubScrub",32.612341,-106.827225,"WGS84",20.1,1328.9,0.1,"2018-05-01T17:27Z","JORN.2018.18",,,"drag and flag",135,"N",0,0,0,,"NEON.DOC.014045vJ","47fmII3dmbwIJec1dxdwyBiGTksx4UMrFdhMVXVxQHE=","Subtracted 25 meters due to physical barriers and ripped 8cm square in cloth repaired with safety pins"
"a7b65321-c996-4525-b262-a51e7c6c7dfe","JORN_003.tickPlot.tck","D14","JORN","JORN_003","distributed","shrubScrub",32.599768,-106.839372,"WGS84",20.1,1321.1,0.1,"2018-05-02T17:24Z","JORN.2018.18",,,"drag",165,"N",0,0,0,,"NEON.DOC.014045vJ","47fmII3dmbwIJec1dxdwyBiGTksx4UMrFdhMVXVxQHE=","Subtracted 5 and added 10"
"147721eb-a1e3-4338-b78c-870937e933c4","JORN_005.tickPlot.tck","D14","JORN","JORN_005","distributed","shrubScrub",32.575619,-106.801784,"WGS84",20.1,1324.8,0.2,"2018-05-02T20:15Z","JORN.2018.18",,,"drag",155,"N",0,0,0,,"NEON.DOC.014045vJ","47fmII3dmbwIJec1dxdwyBiGTksx4UMrFdhMVXVxQHE=",
