uid,namedLocation,domainID,siteID,plotID,plotType,nlcdClass,decimalLatitude,decimalLongitude,geodeticDatum,coordinateUncertainty,elevation,elevationUncertainty,collectDate,eventID,sampleID,sampleCode,samplingMethod,totalSampledArea,targetTaxaPresent,adultCount,nymphCount,larvaCount,sampleCondition,samplingProtocolVersion,measuredBy,remarks
"2b0b839d-95cd-4f1e-adc6-12114934d1c2","UKFS_001.tickPlot.tck","D06","UKFS","UKFS_001","distributed","deciduousForest",39.037238,-95.198631,"WGS84",20.1,322.7,0.1,"2017-03-31T15:26Z","UKFS.2017.13","UKFS_001.20170331",,"drag and flag",160,"Y",1,0,0,"No known compromise","NEON.DOC.014045vG","BzXmPCNcOOHl9ws4JG7MP7BkkCvctwH+",
"2ed967b9-5ac8-4f1f-8f53-3574ea1186b3","UKFS_004.tickPlot.tck","D06","UKFS","UKFS_004","distributed","deciduousForest",39.043188,-95.201000,"WGS84",20.1,320.0,0.2,"2017-03-31T16:18Z","UKFS.2017.13","UKFS_004.20170331",,"drag and flag",160,"Y",0,1,0,"No known compromise","NEON.DOC.014045vG","BzXmPCNcOOHl9ws4JG7MP7BkkCvctwH+",
"9c7f8941-6c07-4ef1-8b9a-d8c0dadd5e0e","UKFS_003.tickPlot.tck","D06","UKFS","UKFS_003","distributed","deciduousForest",39.053769,-95.187084,"WGS84",20.1,323.1,0.1,"2017-03-31T16:53Z","UKFS.2017.13","UKFS_003.20170331",,"drag and flag",160,"Y",1,0,0,"No known compromise","NEON.DOC.014045vG","BzXmPCNcOOHl9ws4JG7MP7BkkCvctwH+",
"7e660c8c-9ef4-4f8e-ab88-718fe24a2f59","UKFS_018.tickPlot.tck","D06","UKFS","UKFS_018","distributed","grasslandHerbaceous",39.053205,-95.194659,"WGS84",20.1,325.8,0.1,"2017-03-31T17:36Z","UKFS.2017.13",,,"drag",160,"N",0,0,0,"No known compromise","NEON.DOC.014045vG","aWsnnbx5JV4fkcC9io0n2tyuYS6o2YAv2EcLrE/IqiX/78dmluZuVQ==",
"0bb08bcc-d9bd-48c8-9e04-dedbf18d7cb7","UKFS_030.tickPlot.tck","D06","UKFS","UKFS_030","distributed","grasslandHerbaceous",39.045115,-95.213433,"WGS84",20.1,321.9,0.1,"2017-03-31T18:09Z","UKFS.2017.13",,,"drag",160,"N",0,0,0,"No known compromise","NEON.DOC.014045vG","aWsnnbx5JV4fkcC9io0n2tyuYS6o2YAv2EcLrE/IqiX/78dmluZuVQ==",
"c8aaefaf-e16f-4f00-9a0f-5f3ed6edbc4a","UKFS_002.tickPlot.tck","D06","UKFS","UKFS_002","distributed","deciduousForest",39.045892,-95.207026,"WGS84",20.1,316.0,0.2,"2017-03-31T18:28Z","UKFS.2017.13",,,"drag and flag",160,"N",0,0,0,"No known compromise","NEON.DOC.014045vG","aWsnnbx5JV4fkcC9io0n2tyuYS6o2YAv2EcLrE/IqiX/78dmluZuVQ==",
