uid,namedLocation,domainID,siteID,plotID,plotType,nlcdClass,decimalLatitude,decimalLongitude,geodeticDatum,coordinateUncertainty,elevation,elevationUncertainty,collectDate,eventID,sampleID,sampleCode,samplingMethod,totalSampledArea,targetTaxaPresent,adultCount,nymphCount,larvaCount,sampleCondition,samplingProtocolVersion,measuredBy,remarks
"0717a80a-e3fa-4672-a70f-916984bc91c3","UKFS_001.tickPlot.tck","D06","UKFS","UKFS_001","distributed","deciduousForest",39.037238,-95.198631,"WGS84",20.1,322.7,0.1,"2016-11-17T14:48Z","UKFS.2016.46","UKFS_001.20161117",,"drag and flag",160,"Y",0,0,95,"No known compromise","NEON.DOC.014045vG","UiQJ6NC02X5uZEcYqJAeU1eiGY+Ji5h+",
"33c81c68-f5d1-45ea-a92d-28bddc328fe5","UKFS_002.tickPlot.tck","D06","UKFS","UKFS_002","distributed","deciduousForest",39.045892,-95.207026,"WGS84",20.1,316.0,0.2,"2016-11-17T16:09Z","UKFS.2016.46","UKFS_002.20161117",,"drag and flag",160,"Y",0,0,4,"No known compromise","NEON.DOC.014045vG","p+l0R7+o0BMujrOEuQuJxVYKsiOTKnpJ",
"f655dd65-a5e6-4aca-a597-94eba527cee7","UKFS_030.tickPlot.tck","D06","UKFS","UKFS_030","distributed","grasslandHerbaceous",39.045115,-95.213433,"WGS84",20.1,321.9,0.1,"2016-11-17T16:47Z","UKFS.2016.46",,,"drag",160,"N",0,0,0,"No known compromise","NEON.DOC.014045vG","UiQJ6NC02X5uZEcYqJAeU1eiGY+Ji5h+",
"009b0947-b2ec-4dcd-ad5a-7a45ce566068","UKFS_004.tickPlot.tck","D06","UKFS","UKFS_004","distributed","deciduousForest",39.043188,-95.201000,"WGS84",20.1,320.0,0.2,"2016-11-17T17:28Z","UKFS.2016.46","UKFS_004.20161117",,"drag and flag",160,"Y",0,0,1,"Other (described in remarks)","NEON.DOC.014045vG","UiQJ6NC02X5uZEcYqJAeU1eiGY+Ji5h+","Sample incomplete 1 larval tick lost"
"f5038009-fba7-496c-b418-c68549f956a1","UKFS_003.tickPlot.tck","D06","UKFS","UKFS_003","distributed","deciduousForest",39.053769,-95.187084,"WGS84",20.1,323.1,0.1,"2016-11-17T18:35Z","UKFS.2016.46","UKFS_003.20161117",,"drag and flag",160,"Y",0,0,12,"No known compromise","NEON.DOC.014045vG","CeevIf8NfrIuKdd8yks9CF2MxsBMId06",
"ec371adb-0dda-4577-b6a1-b88502ceb1b6","UKFS_018.tickPlot.tck","D06","UKFS","UKFS_018","distributed","grasslandHerbaceous",39.053205,-95.194659,"WGS84",20.1,325.8,0.1,"2016-11-17T19:31Z","UKFS.2016.46",,,"drag and flag",160,"N",0,0,0,"No known compromise","NEON.DOC.014045vG","p+l0R7+o0BMujrOEuQuJxVYKsiOTKnpJ",
