uid,namedLocation,plotID,collectDate,identifiedDate,sampleID,subsampleID,scientificName,acceptedTaxonID,taxonRank,family,subfamily,tribe,subtribe,genus,subgenus,specificEpithet,infraspecificEpithet,identificationQualifier,identificationReferences,identificationProtocolVersion,scientificNameAuthorship,sexOrAge,individualCount,sampleCondition,archiveMedium,archiveFacilityID,deprecatedVialID,identifiedBy,laboratoryName,remarks
"d5576189-ab47-4cbb-8da5-8946e3f0d651","UKFS_001.tickPlot.tck","UKFS_001","2016-11-17T14:48Z","2017-04-19T16:00Z","UKFS_001.20161117","UKFS_001.20161117.IXOSP.L","Ixodidae sp.","IXOSP","family","Ixodidae",,,,,,"sp.",,,,"GSU_tickIdentification_SOP_2016-11-01.pdf",,"Larva",1,"OK","RNA stabilization buffer","USNMENT01358055","UKFS_001.20161117.L","Lorenza Beati","Georgia Southern University","over invoice limit, will not be billed"
"6cce877b-c821-4532-b421-cff386735d27","UKFS_002.tickPlot.tck","UKFS_002","2016-11-17T16:09Z","2017-04-19T16:00Z","UKFS_002.20161117","UKFS_002.20161117.IXOSP.L","Ixodidae sp.","IXOSP","family","Ixodidae",,,,,,"sp.",,,,"GSU_tickIdentification_SOP_2016-11-01.pdf",,"Larva",1,"OK","RNA stabilization buffer","USNMENT01358056","UKFS_002.20161117.L","Lorenza Beati","Georgia Southern University","over invoice limit, will not be billed"
"9d236d81-c0d9-42e2-a3ab-443cd23ce5de","UKFS_004.tickPlot.tck","UKFS_004","2016-11-17T17:28Z","2017-04-19T16:00Z","UKFS_004.20161117","UKFS_004.20161117.IXOSP.L","Ixodidae sp.","IXOSP","family","Ixodidae",,,,,,"sp.",,,,"GSU_tickIdentification_SOP_2016-11-01.pdf",,"Larva",1,"OK","RNA stabilization buffer","USNMENT01358058","UKFS_004.20161117.L","Lorenza Beati","Georgia Southern University","over invoice limit, will not be billed"
"2bf4ca6c-78a6-4344-ac26-c28e056d4f2e","UKFS_003.tickPlot.tck","UKFS_003","2016-11-17T18:35Z","2017-04-19T16:00Z","UKFS_003.20161117","UKFS_003.20161117.IXOSP.L","Ixodidae sp.","IXOSP","family","Ixodidae",,,,,,"sp.",,,,"GSU_tickIdentification_SOP_2016-11-01.pdf",,"Larva",1,"OK","RNA stabilization buffer","USNMENT01358057","UKFS_003.20161117.L","Lorenza Beati","Georgia Southern University","over invoice limit, will not be billed"
