uid,namedLocation,date,domainID,siteID,plotID,plotType,nlcdClass,decimalLatitude,decimalLongitude,geodeticDatum,coordinateUncertainty,easting,northing,utmZone,elevation,elevationUncertainty,eventID,samplingProtocolVersion,treesPresent,treesAbsentList,shrubsPresent,shrubsAbsentList,lianasPresent,lianasAbsentList,nestedSubplotAreaShrubSapling,nestedSubplotAreaLiana,totalSampledAreaTrees,totalSampledAreaShrubSapling,totalSampledAreaLiana,remarks,measuredBy,recordedBy,dataQF
"50b1e2a5-4351-41a1-b3c9-350f8e880601","OSBS_032.basePlot.vst","2014-09-03","D03","OSBS","OSBS_032","tower","evergreenForest",29.690033,-81.991110,"WGS84",20.1,404111.61,3284850.11,"17N",46.4,0.1,"vst_OSBS_2014","NEON.DOC.000987vD",,,,,,,"noneSelected","noneSelected",800,800,800,"Other vegetation structure measurements; ferns present; nothing in 30 4","BmJuQtlW/PDrFM58hXiWEg==",,"legacyData"
"fc8b9634-2059-4a34-9783-13eb48609a51","OSBS_006.basePlot.vst","2014-09-16","D03","OSBS","OSBS_006","distributed","evergreenForest",29.686609,-81.983000,"WGS84",20.1,404893.06,3284464.00,"17N",33.0,0.1,"vst_OSBS_2014","NEON.DOC.000987vD",,,,,,,"noneSelected","noneSelected",400,400,400,"Other vegetation structure measurements; also D03SAM05","Wi2K65/mjTY2mT2lAUuczw==",,"legacyData"
"a67bf03d-6756-4f59-9874-f9a08eb70d51","OSBS_002.basePlot.vst","2014-09-16","D03","OSBS","OSBS_002","distributed","evergreenForest",29.703860,-81.956817,"WGS84",20.2,407442.25,3286354.36,"17N",31.5,0.2,"vst_OSBS_2014","NEON.DOC.000987vD",,,,,,,"noneSelected","noneSelected",400,400,400,"Other vegetation structure measurements; Also D03DWB07","Wi2K65/mjTY2mT2lAUuczw==",,"legacyData"
"e16cfe25-cf83-420e-a52b-633c42f4b905","OSBS_048.basePlot.vst","2014-09-16","D03","OSBS","OSBS_048","distributed","evergreenForest",29.679299,-81.946352,"WGS84",,408432.36,3283624.40,"17N",34.6,,"vst_OSBS_2014","NEON.DOC.000987vD",,,,,,,"noneSelected","noneSelected",400,400,400,"Other vegetation structure measurements; als D03JAK04","5VXGV5DcOHuodH7VxZ1YlA==",,"legacyData"
"6482c7f1-5144-41f4-8578-c154a733575c","OSBS_011.basePlot.vst","2014-09-17","D03","OSBS","OSBS_011","distributed","evergreenForest",29.721507,-81.987042,"WGS84",20.2,404534.98,3288334.43,"17N",27.2,0.3,"vst_OSBS_2014","NEON.DOC.000987vD",,,,,,,"noneSelected","noneSelected",400,400,400,"Other vegetation structure measurements; also D03SAM05","Wi2K65/mjTY2mT2lAUuczw==",,"legacyData"
"9d684753-c30b-4136-af9c-832d3aaee3e7","OSBS_001.basePlot.vst","2014-09-17","D03","OSBS","OSBS_001","distributed","woodyWetlands",29.702914,-82.008881,"WGS84",20.1,402404.66,3286292.34,"17N",31.0,0.2,"vst_OSBS_2014","NEON.DOC.000987vD",,,,,,,"noneSelected","noneSelected",400,400,400,"Other vegetation structure measurements; Also D03DWB07","Wi2K65/mjTY2mT2lAUuczw==",,"legacyData"
"e0f59cc0-3493-4490-a059-d1d3fd71f4ef","OSBS_018.basePlot.vst","2014-09-17","D03","OSBS","OSBS_018","distributed","woodyWetlands",29.686636,-81.942713,"WGS84",,408791.07,3284434.51,"17N",25.0,,"vst_OSBS_2014","NEON.DOC.000987vD",,,,,,,"10","noneSelected",400,80,400,"Woody stems mapping establishment; Also: D03TSB28 D03TRA11; SE and NE corner stakes were missing; re-did plot because incorrect subplot locations were used previously","jhfqEVVqdSnaGIzmX0T+iw==",,"legacyData"
"1697998c-ac65-48b2-a4ab-b7bdb4fe97d4","OSBS_003.basePlot.vst","2014-09-18","D03","OSBS","OSBS_003","distributed","evergreenForest",29.694992,-81.947420,"WGS84",20.1,408343.26,3285364.20,"17N",31.9,0.2,"vst_OSBS_2014","NEON.DOC.000987vD",,,,,,,"noneSelected","noneSelected",400,400,400,,"LBWEN7wUtDAEuiSEuQlmFbeqn2o2bz4w","qwd4SsQjkwojVAYuvLRi2I6c493EEc9K","legacyData"
"6df9e1fc-a846-47cc-8db9-39e0b9eec3a1","OSBS_003.basePlot.vst","2014-09-18","D03","OSBS","OSBS_003","distributed","evergreenForest",29.694992,-81.947420,"WGS84",20.1,408343.26,3285364.20,"17N",31.9,0.2,"vst_OSBS_2014","NEON.DOC.000987vD",,,,,,,"10","noneSelected",400,80,400,"subplots added after the fact","LBWEN7wUtDAEuiSEuQlmFbeqn2o2bz4w","qwd4SsQjkwojVAYuvLRi2I6c493EEc9K","legacyData"
"353d4146-8ed1-42ac-89ed-76abf0ab22a4","OSBS_015.basePlot.vst","2014-09-18","D03","OSBS","OSBS_015","distributed","woodyWetlands",29.710251,-81.969273,"WGS84",20.1,406243.19,3287072.59,"17N",25.6,0.1,"vst_OSBS_2014","NEON.DOC.000987vD",,,,,,,"noneSelected","noneSelected",400,400,400,"Other vegetation structure measurements","R2X8wZlzxXoGpzLsTAe77A==",,"legacyData"
"4976d78b-6ac1-4d74-9ac7-11ae4c52ee27","OSBS_014.basePlot.vst","2014-09-18","D03","OSBS","OSBS_014","distributed","evergreenForest",29.692721,-81.958260,"WGS84",,407292.43,3285121.14,"17N",32.0,,"vst_OSBS_2014","NEON.DOC.000987vD",,,,,,,"noneSelected","noneSelected",400,400,400,"Other vegetation structure measurements; also D03TRA11","5VXGV5DcOHuodH7VxZ1YlA==",,"legacyData"
"4ed413b3-ba7e-4e12-9479-c51c55ebc620","OSBS_012.basePlot.vst","2014-09-18","D03","OSBS","OSBS_012","distributed","woodyWetlands",29.719070,-81.983943,"WGS84",20.1,404832.43,3288061.83,"17N",25.5,0.1,"vst_OSBS_2014","NEON.DOC.000987vD",,,,,,,"noneSelected","noneSelected",400,400,400,"Other vegetation structure measurements; also D03SAM05","5VXGV5DcOHuodH7VxZ1YlA==",,"legacyData"
"5de8f2a2-b5b8-4d8f-81fd-5508e98e5076","OSBS_003.basePlot.vst","2014-09-18","D03","OSBS","OSBS_003","distributed","evergreenForest",29.694992,-81.947420,"WGS84",20.1,408343.26,3285364.20,"17N",31.9,0.2,"vst_OSBS_2014","NEON.DOC.000987vD",,,,,,,"10","noneSelected",400,80,400,"Woody stems mapping establishment; re-did this plot with subplots; also: D03TSB28","jhfqEVVqdSnaGIzmX0T+iw==",,"legacyData"
"55b18f8a-9c5c-4550-9844-19d573c59f19","OSBS_023.basePlot.vst","2014-09-18","D03","OSBS","OSBS_023","distributed","emergentHerbaceousWetlands",29.722597,-81.985527,"WGS84",20.1,404682.55,3288453.96,"17N",25.8,0.1,"vst_OSBS_2014","NEON.DOC.000987vD",,,,,,,"noneSelected","noneSelected",400,400,400,"Other vegetation structure measurements; also D03TRA11","5VXGV5DcOHuodH7VxZ1YlA==",,"legacyData"
"60079f90-9659-4792-a13a-735ffe10d02f","OSBS_016.basePlot.vst","2014-09-18","D03","OSBS","OSBS_016","distributed","woodyWetlands",29.682391,-81.967449,"WGS84",20.2,406393.81,3283983.91,"17N",26.1,0.2,"vst_OSBS_2014","NEON.DOC.000987vD",,,,,,,"noneSelected","noneSelected",400,400,400,"Other vegetation structure measurements; found PLPO2 in subplot 41; clump about .65 cm on down wood","5VXGV5DcOHuodH7VxZ1YlA==",,"legacyData"
"98671f6a-0fea-4df8-8aba-630fdb917462","OSBS_020.basePlot.vst","2014-09-18","D03","OSBS","OSBS_020","distributed","woodyWetlands",29.686850,-81.950765,"WGS84",,408012.19,3284464.58,"17N",25.0,,"vst_OSBS_2014","NEON.DOC.000987vD",,,,,,,"noneSelected","noneSelected",400,400,400,"Other vegetation structure measurements; also D03TRA28 and D03TRA11","5VXGV5DcOHuodH7VxZ1YlA==",,"legacyData"
"940a7bb1-5d4a-4fa4-a0a0-697122dc616c","OSBS_049.basePlot.vst","2014-09-18","D03","OSBS","OSBS_049","distributed","emergentHerbaceousWetlands",29.686229,-81.964097,"WGS84",,406721.67,3284406.46,"17N",25.0,,"vst_OSBS_2014","NEON.DOC.000987vD",,,,,,,"noneSelected","noneSelected",400,400,400,"Other vegetation structure measurements; also D03TRA11","5VXGV5DcOHuodH7VxZ1YlA==",,"legacyData"
"4fe4244a-db61-499d-8a49-f9d4dd8be2af","OSBS_013.basePlot.vst","2014-09-18","D03","OSBS","OSBS_013","distributed","evergreenForest",29.682159,-81.961565,"WGS84",20.1,406962.93,3283953.46,"17N",42.3,0.2,"vst_OSBS_2014","NEON.DOC.000987vD",,,,,,,"noneSelected","noneSelected",400,400,400,"Other vegetation structure measurements; also D03SAM05","5VXGV5DcOHuodH7VxZ1YlA==",,"legacyData"
"f065cb95-09a4-4392-ae42-d951418660ec","OSBS_004.basePlot.vst","2014-09-18","D03","OSBS","OSBS_004","distributed","evergreenForest",29.684073,-81.959108,"WGS84",20.2,407202.43,3284163.58,"17N",36.8,0.6,"vst_OSBS_2014","NEON.DOC.000987vD",,,,,,,"noneSelected","noneSelected",400,400,400,"Other vegetation structure measurements; Also D03SAM05","5VXGV5DcOHuodH7VxZ1YlA==",,"legacyData"
"f5abce65-0717-4f42-a262-a0bff7d7583c","OSBS_024.basePlot.vst","2014-09-18","D03","OSBS","OSBS_024","distributed","emergentHerbaceousWetlands",29.723939,-81.986781,"WGS84",20.1,404562.53,3288603.71,"17N",25.1,0.1,"vst_OSBS_2014","NEON.DOC.000987vD",,,,,,,"noneSelected","noneSelected",400,400,400,"Other vegetation structure measurements; also D03TRA11","5VXGV5DcOHuodH7VxZ1YlA==",,"legacyData"
"32fa8c7d-8ad4-4363-99bb-909cec13e261","OSBS_008.basePlot.vst","2014-09-30","D03","OSBS","OSBS_008","distributed","evergreenForest",29.685058,-82.007162,"WGS84",20.1,402553.72,3284312.24,"17N",45.2,0.1,"vst_OSBS_2014","NEON.DOC.000987vD",,,,,,,"noneSelected","noneSelected",400,400,400,"Other vegetation structure measurements; also DWB07 and D03SAM05","K3G6zI+Uvyw6RXUKVUOPZw==",,"legacyData"
"c7e90b79-bad3-4479-b2b4-306783ae3cb6","OSBS_010.basePlot.vst","2014-09-30","D03","OSBS","OSBS_010","distributed","evergreenForest",29.691763,-81.941829,"WGS84",20.2,408881.26,3285001.97,"17N",40.1,0.2,"vst_OSBS_2014","NEON.DOC.000987vD",,,,,,,"noneSelected","noneSelected",400,400,400,"Other vegetation structure measurements; also D03AWN13 and D03BCZ01","BmJuQtlW/PDrFM58hXiWEg==",,"legacyData"
"77cc4119-4d87-409e-93ce-14a383e8b6f4","OSBS_051.basePlot.vst","2014-09-30","D03","OSBS","OSBS_051","distributed","emergentHerbaceousWetlands",29.677760,-82.007709,"WGS84",20.1,402493.75,3283504.00,"17N",24.2,0.1,"vst_OSBS_2014","NEON.DOC.000987vD",,,,,,,"noneSelected","noneSelected",400,400,400,"Other vegetation structure measurements; also D03TRA11","5VXGV5DcOHuodH7VxZ1YlA==",,"legacyData"
"5ffedf24-5307-4db0-8364-19a9124ce696","OSBS_007.basePlot.vst","2014-09-30","D03","OSBS","OSBS_007","distributed","evergreenForest",29.690276,-81.962572,"WGS84",20.1,406872.98,3284853.72,"17N",34.3,0.1,"vst_OSBS_2014","NEON.DOC.000987vD",,,,,,,"noneSelected","noneSelected",400,400,400,"Other vegetation structure measurements; also D03DWB07 and D03SAM05","K3G6zI+Uvyw6RXUKVUOPZw==",,"legacyData"
"dfce119c-081d-4a97-9015-cc8fe7f4c9d8","OSBS_050.basePlot.vst","2014-09-30","D03","OSBS","OSBS_050","distributed","emergentHerbaceousWetlands",29.689690,-82.005389,"WGS84",,402729.73,3284824.05,"17N",30.5,,"vst_OSBS_2014","NEON.DOC.000987vD",,,,,,,"noneSelected","noneSelected",400,400,400,"Other vegetation structure measurements; also D03TRA11","5VXGV5DcOHuodH7VxZ1YlA==",,"legacyData"
"8462195a-a1f6-44f0-940e-6a406f101907","OSBS_010.basePlot.vst","2014-09-30","D03","OSBS","OSBS_010","distributed","evergreenForest",29.691763,-81.941829,"WGS84",20.2,408881.26,3285001.97,"17N",40.1,0.2,"vst_OSBS_2014","NEON.DOC.000987vD",,,,,,,"25","noneSelected",400,200,400,"Woody stems mapping establishment; re-did this plot to correct previous tagging errors","BmJuQtlW/PDrFM58hXiWEg==",,"legacyData"
