uid,namedLocation,date,eventID,domainID,siteID,plotID,subplotID,individualID,tagStatus,growthForm,plantStatus,stemDiameter,measurementHeight,height,baseCrownHeight,breakHeight,breakDiameter,maxCrownDiameter,ninetyCrownDiameter,canopyPosition,shape,basalStemDiameter,basalStemDiameterMsrmntHeight,maxBaseCrownDiameter,ninetyBaseCrownDiameter,remarks,recordedBy,measuredBy,dataQF
"f4fc6b8f-c241-4564-a3bf-18f27ca01bc4","OSBS_003.basePlot.vst","2014-09-18","vst_OSBS_2014","D03","OSBS","OSBS_003",,"NEON.PLA.D03.OSBS.06226",,"sapling","Live",1.2,10,0.4,,,,,,"Full shade",,,,,,,,,"legacyData"
"86e617db-8e48-439d-be55-652076326de5","OSBS_003.basePlot.vst","2014-09-18","vst_OSBS_2014","D03","OSBS","OSBS_003",,"NEON.PLA.D03.OSBS.06236",,"sapling","Live",1.8,10,0.4,,,,,,"Full shade",,,,,,,,,"legacyData"
"d315c797-3843-40bb-9a2d-750ce9a6e1b7","OSBS_003.basePlot.vst","2014-09-18","vst_OSBS_2014","D03","OSBS","OSBS_003",,"NEON.PLA.D03.OSBS.06049",,"sapling","Live",1.3,10,1.0,,,,,,"Full shade",,,,,,,,,"legacyData"
"e3ec6cf8-d50a-4f04-9f6f-5c4dfbdcca5d","OSBS_003.basePlot.vst","2014-09-18","vst_OSBS_2014","D03","OSBS","OSBS_003",,"NEON.PLA.D03.OSBS.06043",,"small tree","Live",2.3,130,1.3,,,,1.7,1.3,"Full shade","cylinder",,,,,,,,"legacyData"
"94dd1cf9-78c2-42e2-94b4-6f1429547af7","OSBS_003.basePlot.vst","2014-09-18","vst_OSBS_2014","D03","OSBS","OSBS_003",,"NEON.PLA.D03.OSBS.01827",,"sapling","Live",1.7,10,0.1,,,,1.1,0.7,"Full shade",,,,,,,,,"legacyData"
"22a36241-121d-436a-bf96-f6081362a19f","OSBS_003.basePlot.vst","2014-09-18","vst_OSBS_2014","D03","OSBS","OSBS_003",,"NEON.PLA.D03.OSBS.06222",,"small tree","Live",1.6,130,1.0,,,,,,"Full shade",,,,,,,,,"legacyData"
"5be93cb2-e54a-4b3e-82da-425db1de0576","OSBS_003.basePlot.vst","2014-09-18","vst_OSBS_2014","D03","OSBS","OSBS_003",,"NEON.PLA.D03.OSBS.06071",,"sapling","Live",1.3,10,0.4,,,,,,"Full shade",,,,,,,,,"legacyData"
"0fc58e38-f9c3-4703-b730-9aaf8abfd0e4","OSBS_003.basePlot.vst","2014-09-18","vst_OSBS_2014","D03","OSBS","OSBS_003",,"NEON.PLA.D03.OSBS.06064",,"single bole tree","Standing dead",19.0,130,0.6,,,,,,,,,,,,"Can not enter canopy position; Transcription Error Fixed",,,"legacyData"
"543241ea-7275-42af-bb2e-a1b8fe9963bf","OSBS_003.basePlot.vst","2014-09-18","vst_OSBS_2014","D03","OSBS","OSBS_003",,"NEON.PLA.D03.OSBS.06225",,"small tree","Live",1.2,130,0.2,,,,,,"Full shade",,,,,,,,,"legacyData"
"6d8c788d-9186-409a-a928-259114706296","OSBS_003.basePlot.vst","2014-09-18","vst_OSBS_2014","D03","OSBS","OSBS_003",,"NEON.PLA.D03.OSBS.06061",,"small tree","Live",2.1,130,1.1,,,,,,"Full shade",,,,,,,,,"legacyData"
"18a1b205-b546-4a36-bc5f-fcca3208953b","OSBS_003.basePlot.vst","2014-09-18","vst_OSBS_2014","D03","OSBS","OSBS_003",,"NEON.PLA.D03.OSBS.06050",,"sapling","Live",10.4,10,0.2,,,,,,"Full shade",,,,,,"stem diameter = ddh",,,"legacyData"
"1218a029-12c9-41b0-92b8-8482ed430281","OSBS_003.basePlot.vst","2014-09-18","vst_OSBS_2014","D03","OSBS","OSBS_003",,"NEON.PLA.D03.OSBS.06073",,"single bole tree","Live",57.0,130,16.6,,,,12.3,10.1,"Full sun",,,,,,,,,"legacyData"
"17247e94-f520-434e-9bc3-626525b487ec","OSBS_003.basePlot.vst","2014-09-18","vst_OSBS_2014","D03","OSBS","OSBS_003",,"NEON.PLA.D03.OSBS.06059",,"small tree","Live",1.5,130,0.4,,,,,,"Full shade",,,,,,,,,"legacyData"
"8069b29e-005b-43ef-9ea7-29618759628f","OSBS_003.basePlot.vst","2014-09-18","vst_OSBS_2014","D03","OSBS","OSBS_003",,"NEON.PLA.D03.OSBS.06077",,"sapling","Live",1.6,10,0.6,,,,,,"Full shade",,,,,,,,,"legacyData"
"92a99fda-98be-47b9-bd02-43a936e2b33e","OSBS_003.basePlot.vst","2014-09-18","vst_OSBS_2014","D03","OSBS","OSBS_003",,"NEON.PLA.D03.OSBS.06070",,"sapling","Live",1.3,10,0.9,,,,,,"Full shade",,,,,,,,,"legacyData"
"29de494f-76af-42de-8a94-660baf9a7de5","OSBS_003.basePlot.vst","2014-09-18","vst_OSBS_2014","D03","OSBS","OSBS_003",,"NEON.PLA.D03.OSBS.06221",,"sapling","Live",1.2,130,1.1,,,,,,"Full shade",,,,,,,,,"legacyData"
"4917c731-98db-4b4d-99f6-a996b1ef942c","OSBS_003.basePlot.vst","2014-09-18","vst_OSBS_2014","D03","OSBS","OSBS_003",,"NEON.PLA.D03.OSBS.06228",,"single bole tree","Live",17.4,130,2.8,,,,6.6,5.1,"Partially shaded",,,,,,,,,"legacyData"
"c7353937-d95c-4712-8dd1-4ddb9befae93","OSBS_003.basePlot.vst","2014-09-18","vst_OSBS_2014","D03","OSBS","OSBS_003",,"NEON.PLA.D03.OSBS.06079",,"single bole tree","Live",16.8,130,4.7,,,,4.9,4.3,"Full sun",,,,,,,,,"legacyData"
"4d98a998-dc71-4a99-bddb-b6a2aa027102","OSBS_003.basePlot.vst","2014-09-18","vst_OSBS_2014","D03","OSBS","OSBS_003",,"NEON.PLA.D03.OSBS.06051",,"sapling","Live",11.4,10,0.3,,,,,,"Full shade",,,,,,,,,"legacyData"
"62decb4d-61bb-4ab6-9f9c-02d878ca5c52","OSBS_003.basePlot.vst","2014-09-18","vst_OSBS_2014","D03","OSBS","OSBS_003",,"NEON.PLA.D03.OSBS.06074",,"sapling","Live",1.4,10,0.6,,,,,,"Full shade",,,,,,,,,"legacyData"
"7c9ff2fa-09fe-4971-a821-2fe8bae36678","OSBS_003.basePlot.vst","2014-09-18","vst_OSBS_2014","D03","OSBS","OSBS_003",,"NEON.PLA.D03.OSBS.06056",,"small tree","Live",2.0,130,0.1,,,,,,"Full shade",,,,,,"No Transcription Errors",,,"legacyData"
"a8335bce-9d57-4ed3-9bc4-6f79dab713c0","OSBS_003.basePlot.vst","2014-09-18","vst_OSBS_2014","D03","OSBS","OSBS_003",,"NEON.PLA.D03.OSBS.06239",,"sapling","Live",1.8,10,0.2,,,,,,"Full shade",,,,,,,,,"legacyData"
"674724eb-bfb9-4b4a-bdde-61ddba0eb9b7","OSBS_003.basePlot.vst","2014-09-18","vst_OSBS_2014","D03","OSBS","OSBS_003",,"NEON.PLA.D03.OSBS.06045",,"sapling","Live",1.3,10,0.6,,,,,,"Full shade",,,,,,,,,"legacyData"
"f8165b23-000d-46ce-9b66-8ff2715abbb2","OSBS_003.basePlot.vst","2014-09-18","vst_OSBS_2014","D03","OSBS","OSBS_003",,"NEON.PLA.D03.OSBS.06068",,"single bole tree","Live",9.5,130,1.7,,,,,,"Mostly shaded",,,,,,,,,"legacyData"
"6bd8152f-9aeb-4cea-accb-ff5e6c9175ca","OSBS_003.basePlot.vst","2014-09-18","vst_OSBS_2014","D03","OSBS","OSBS_003",,"NEON.PLA.D03.OSBS.06223",,"small tree","Live",1.0,130,0.5,,,,,,"Full shade",,,,,,,,,"legacyData"
"ff0f2ae2-d022-4e9a-a194-052a17159d42","OSBS_003.basePlot.vst","2014-09-18","vst_OSBS_2014","D03","OSBS","OSBS_003",,"NEON.PLA.D03.OSBS.06062",,"sapling","Live",1.8,10,0.5,,,,,,"Full shade",,,,,,,,,"legacyData"
"d3b815ba-fd4c-48ff-aa9d-bf724d103a7f","OSBS_003.basePlot.vst","2014-09-18","vst_OSBS_2014","D03","OSBS","OSBS_003",,"NEON.PLA.D03.OSBS.06058",,,"Live",1.4,10,0.7,,,,,,"Full shade",,,,,,,,,"legacyData"
"40038bb6-3b56-44a6-843f-ac420fa05d46","OSBS_003.basePlot.vst","2014-09-18","vst_OSBS_2014","D03","OSBS","OSBS_003",,"NEON.PLA.D03.OSBS.01831",,"sapling","Live",1.2,10,0.2,,,,0.9,0.8,"Full shade",,,,,,,,,"legacyData"
"b2e522df-ef77-4e0c-bfe0-c668eaf81c3d","OSBS_003.basePlot.vst","2014-09-18","vst_OSBS_2014","D03","OSBS","OSBS_003",,"NEON.PLA.D03.OSBS.06067",,"single bole tree","Live",14.5,130,3.9,,,,4.2,3.1,"Partially shaded",,,,,,"No Transcription Errors",,,"legacyData"
"d110a0bf-1a65-4098-a91a-d66e1f2d9939","OSBS_003.basePlot.vst","2014-09-18","vst_OSBS_2014","D03","OSBS","OSBS_003",,"NEON.PLA.D03.OSBS.06052",,"sapling","Live",1.3,10,0.3,,,,,,"Full shade",,,,,,,,,"legacyData"
"08cf92af-7ece-489e-ad15-bd1395a37bae","OSBS_003.basePlot.vst","2014-09-18","vst_OSBS_2014","D03","OSBS","OSBS_003",,"NEON.PLA.D03.OSBS.06054",,"sapling","Live",2.9,10,0.3,,,,,,"Full shade",,,,,,,,,"legacyData"
"b36d7597-5797-4df4-8c8f-d3479e075e6f","OSBS_003.basePlot.vst","2014-09-18","vst_OSBS_2014","D03","OSBS","OSBS_003",,"NEON.PLA.D03.OSBS.06065",,"single bole tree","Live",33.5,130,16.7,,,,6.9,5.1,"Full sun",,,,,,,,,"legacyData"
"5434d528-86fe-4ad9-b497-bf86228b4ab3","OSBS_003.basePlot.vst","2014-09-18","vst_OSBS_2014","D03","OSBS","OSBS_003",,"NEON.PLA.D03.OSBS.06047",,"small tree","Live",20.0,130,4.4,,,,,,"Full sun",,,,,,,,,"legacyData"
"471a9adf-5fb0-4d95-96d7-82cf3c21ae97","OSBS_003.basePlot.vst","2014-09-18","vst_OSBS_2014","D03","OSBS","OSBS_003",,"NEON.PLA.D03.OSBS.06048",,"sapling","Live",1.3,10,0.6,,,,,,"Full shade",,,,,,,,,"legacyData"
"7036bfb2-5984-4cba-8a0f-4ea9ef9b2c05","OSBS_003.basePlot.vst","2014-09-18","vst_OSBS_2014","D03","OSBS","OSBS_003",,"NEON.PLA.D03.OSBS.06053",,"sapling","Live",1.1,10,0.7,,,,,,"Full shade",,,,,,,,,"legacyData"
"7e76ad42-00f6-480a-88fd-5e1608eb496b","OSBS_003.basePlot.vst","2014-09-18","vst_OSBS_2014","D03","OSBS","OSBS_003",,"NEON.PLA.D03.OSBS.01828",,"sapling","Live",1.6,10,1.0,,,,1.4,1.1,"Full shade",,,,,,,,,"legacyData"
"41e18851-5846-4767-a0c9-d0afd0f75258","OSBS_003.basePlot.vst","2014-09-18","vst_OSBS_2014","D03","OSBS","OSBS_003",,"NEON.PLA.D03.OSBS.06060",,"sapling","Live",1.2,10,0.8,,,,,,"Full shade",,,,,,,,,"legacyData"
"4717031f-e963-4917-bf49-5dbbca0347ee","OSBS_003.basePlot.vst","2014-09-18","vst_OSBS_2014","D03","OSBS","OSBS_003",,"NEON.PLA.D03.OSBS.06057",,"sapling","Live",1.1,10,0.3,,,,,,"Full shade",,,,,,,,,"legacyData"
"b9a39ded-6cb0-4f8b-b3cb-c3dca3137ceb","OSBS_003.basePlot.vst","2014-09-18","vst_OSBS_2014","D03","OSBS","OSBS_003",,"NEON.PLA.D03.OSBS.01825",,"small tree","Live",13.4,130,0.1,,,,1.5,0.8,"Mostly shaded",,,,,,,,,"legacyData"
"8dcbf92e-267e-4329-ae73-c63172383a0f","OSBS_003.basePlot.vst","2014-09-18","vst_OSBS_2014","D03","OSBS","OSBS_003",,"NEON.PLA.D03.OSBS.06044",,"small tree","Live",1.7,130,0.1,,,,,,"Full shade",,,,,,"No Transcription Errors",,,"legacyData"
"84941619-dc04-47bd-bccb-f891787314ad","OSBS_003.basePlot.vst","2014-09-30","vst_OSBS_2014","D03","OSBS","OSBS_003",,"NEON.PLA.D03.OSBS.01852",,"sapling","Live",1.6,10,0.1,,,,,,"Full shade",,,,,,,,,"legacyData"
"401b76c9-ddc7-4509-98ef-1424c5e58a47","OSBS_003.basePlot.vst","2014-09-30","vst_OSBS_2014","D03","OSBS","OSBS_003",,"NEON.PLA.D03.OSBS.01841",,"single bole tree","Standing dead",17.5,130,2.8,,,,,,,,,,,,,,,"legacyData"
"4324b4dc-c5c6-459e-823c-796359326c78","OSBS_010.basePlot.vst","2014-09-30","vst_OSBS_2014","D03","OSBS","OSBS_010",,"NEON.PLA.D03.OSBS.01421",,"sapling",,1.1,10,1.6,,,,0.9,0.4,"Full shade","cylinder",,,,,,,,"legacyData"
"4b5beec5-a3df-4ccc-911c-6ffd2a36a2f3","OSBS_010.basePlot.vst","2014-09-30","vst_OSBS_2014","D03","OSBS","OSBS_010",,"NEON.PLA.D03.OSBS.01418",,"sapling",,1.1,10,1.3,,,,0.9,0.8,"Mostly shaded","cylinder",,,,,"Added During QC resurrection fern present",,,"legacyData"
"4995be61-adec-49bd-b848-8bc9be8146f3","OSBS_010.basePlot.vst","2014-09-30","vst_OSBS_2014","D03","OSBS","OSBS_010",,"NEON.PLA.D03.OSBS.01437",,"small tree",,6.1,130,5.5,,,,3.0,2.9,"Mostly shaded",,,,,,,,,"legacyData"
"ef83bbe5-6b00-4b85-bb37-ff898fc71cea","OSBS_010.basePlot.vst","2014-09-30","vst_OSBS_2014","D03","OSBS","OSBS_010",,"NEON.PLA.D03.OSBS.01408",,"single bole tree",,32.5,130,10.0,,,,9.4,6.4,"Partially shaded",,,,,,"dead; No transcription errors found",,,"legacyData"
"0d639009-822b-4225-a608-8966e775fa41","OSBS_010.basePlot.vst","2014-09-30","vst_OSBS_2014","D03","OSBS","OSBS_010",,"NEON.PLA.D03.OSBS.01485",,"single bole tree",,30.3,130,18.9,,,,8.6,4.3,"Partially shaded",,,,,,,,,"legacyData"
"1e7b96f9-62ef-4580-9f23-07ebab00b89a","OSBS_003.basePlot.vst","2014-09-30","vst_OSBS_2014","D03","OSBS","OSBS_003",,"NEON.PLA.D03.OSBS.01855",,"single bole tree","Live",13.5,130,4.4,,,,5.8,4.2,"Partially shaded",,,,,,,,,"legacyData"
"e11b7e4a-177d-49cc-9851-37519ee4526f","OSBS_010.basePlot.vst","2014-09-30","vst_OSBS_2014","D03","OSBS","OSBS_010",,"NEON.PLA.D03.OSBS.01431",,"sapling",,1.3,10,1.4,,,,1.2,1.0,"Mostly shaded","inverted cone",,,0.40,0.20,,,,"legacyData"
"d42d5bf8-0d66-4026-af19-1b186d0df95d","OSBS_010.basePlot.vst","2014-09-30","vst_OSBS_2014","D03","OSBS","OSBS_010",,"NEON.PLA.D03.OSBS.01618",,"single bole tree",,20.9,130,10.7,,,,8.6,6.7,"Partially shaded",,,,,,,,,"legacyData"
"9418789f-c3b9-4fa7-8ea5-e33d1b54c3b3","OSBS_010.basePlot.vst","2014-09-30","vst_OSBS_2014","D03","OSBS","OSBS_010",,"NEON.PLA.D03.OSBS.01443",,"single bole tree",,15.5,130,2.0,,,,,,"Full shade",,,,,,"no canopy/dead",,,"legacyData"
"ff3605d1-7692-4c05-9567-51bdbda806db","OSBS_003.basePlot.vst","2014-09-30","vst_OSBS_2014","D03","OSBS","OSBS_003",,"NEON.PLA.D03.OSBS.01844",,"sapling","Live",1.1,10,0.7,,,,,,"Full shade",,,,,,,,,"legacyData"
"d63bed99-363b-4df1-a1c2-df9e4732e0e0","OSBS_010.basePlot.vst","2014-09-30","vst_OSBS_2014","D03","OSBS","OSBS_010",,"NEON.PLA.D03.OSBS.01439",,"sapling",,1.8,130,2.2,,,,1.3,1.2,"Mostly shaded",,,,,,"No transcription errors found",,,"legacyData"
"d177cc39-bb1a-4c2e-a860-b7f6acfef66b","OSBS_010.basePlot.vst","2014-09-30","vst_OSBS_2014","D03","OSBS","OSBS_010",,"NEON.PLA.D03.OSBS.01484",,"small tree",,3.5,130,4.8,,,,2.5,1.7,"Mostly shaded",,,,,,"No transcription errors found",,,"legacyData"
"8958d3ca-05b9-4a40-b9c5-0754f99a0b64","OSBS_003.basePlot.vst","2014-09-30","vst_OSBS_2014","D03","OSBS","OSBS_003",,"NEON.PLA.D03.OSBS.01847",,"sapling","Live",1.7,10,0.3,,,,,,"Full shade",,,,,,,,,"legacyData"
"272b5991-7740-4edb-85e3-3414153ae068","OSBS_010.basePlot.vst","2014-09-30","vst_OSBS_2014","D03","OSBS","OSBS_010",,"NEON.PLA.D03.OSBS.01422",,"single bole tree",,26.0,130,11.0,,,,6.6,6.5,"Partially shaded",,,,,,,,,"legacyData"
"c74a9e84-0d03-47d0-b8e9-b5516db7071e","OSBS_010.basePlot.vst","2014-09-30","vst_OSBS_2014","D03","OSBS","OSBS_010",,"NEON.PLA.D03.OSBS.01415",,"single bole tree",,22.2,130,6.4,,,,3.7,2.7,"Partially shaded",,,,,,,,,"legacyData"
"379f9a78-290b-4ac2-bdcb-a778dc65384a","OSBS_010.basePlot.vst","2014-09-30","vst_OSBS_2014","D03","OSBS","OSBS_010",,"NEON.PLA.D03.OSBS.01487",,"small tree",,5.5,130,2.6,,,,3.5,0.9,"Mostly shaded",,,,,,,,,"legacyData"
"1783f1ed-c509-4c46-9ddd-38cd36f4fb85","OSBS_003.basePlot.vst","2014-09-30","vst_OSBS_2014","D03","OSBS","OSBS_003",,"NEON.PLA.D03.OSBS.01833",,"sapling","Live",1.5,10,0.2,,,,0.9,0.9,"Full shade",,,,,,,,,"legacyData | noMapTagData"
"7787a1ff-ad94-4ff8-b66f-a09910e98c93","OSBS_010.basePlot.vst","2014-09-30","vst_OSBS_2014","D03","OSBS","OSBS_010",,"NEON.PLA.D03.OSBS.01466",,"sapling",,1.4,10,1.7,,,,1.1,1.0,"Full shade",,,,,,,,,"legacyData"
"cdaa160c-89f8-40c3-9cec-584b8ddec946","OSBS_010.basePlot.vst","2014-09-30","vst_OSBS_2014","D03","OSBS","OSBS_010",,"NEON.PLA.D03.OSBS.01489",,"small tree",,8.5,130,5.7,,,,4.0,3.8,"Mostly shaded",,,,,,,,,"legacyData"
"a583a392-a5ed-4555-a0fe-c7c042cdb0ab","OSBS_010.basePlot.vst","2014-09-30","vst_OSBS_2014","D03","OSBS","OSBS_010",,"NEON.PLA.D03.OSBS.01478",,"sapling",,1.5,10,1.6,,,,1.9,0.6,"Full shade",,,,,,,,,"legacyData"
"deff2cf6-537c-457b-8c88-5b62c432d92b","OSBS_003.basePlot.vst","2014-09-30","vst_OSBS_2014","D03","OSBS","OSBS_003",,"NEON.PLA.D03.OSBS.01846",,"small tree","Live",3.1,130,0.6,,,,,,"Partially shaded",,,,,,"No Transcription Errors",,,"legacyData"
"15efe079-432b-4fed-a393-c543a75a453c","OSBS_010.basePlot.vst","2014-09-30","vst_OSBS_2014","D03","OSBS","OSBS_010",,"NEON.PLA.D03.OSBS.01461",,"single shrub",,1.4,10,2.2,,,,1.8,1.2,"Full shade",,,,,,"1.38 cm ddh 2nd stem",,,"legacyData"
"6a9b3ceb-9f37-424d-b1de-b6e190808bbd","OSBS_003.basePlot.vst","2014-09-30","vst_OSBS_2014","D03","OSBS","OSBS_003",,"NEON.PLA.D03.OSBS.01849",,"sapling","Live",1.0,10,0.3,,,,,,"Full shade",,,,,,,,,"legacyData"
"7bb52467-86d0-49c1-90c5-44bb68bf897d","OSBS_010.basePlot.vst","2014-09-30","vst_OSBS_2014","D03","OSBS","OSBS_010",,"NEON.PLA.D03.OSBS.01454",,"small shrub",,1.2,10,1.7,,,,1.2,1.0,"Full shade",,,,,,"1.07 cm ddh 2nd stem; No transcription errors found",,,"legacyData"
"f721cd27-10e3-445e-a895-baf7677f91a7","OSBS_010.basePlot.vst","2014-09-30","vst_OSBS_2014","D03","OSBS","OSBS_010",,"NEON.PLA.D03.OSBS.01423",,"small tree",,3.9,130,4.0,,,,3.1,2.8,"Full shade","cylinder",,,,,,,,"legacyData"
"4c8f79e5-1e45-4763-9fa3-a4d94fc04c3e","OSBS_010.basePlot.vst","2014-09-30","vst_OSBS_2014","D03","OSBS","OSBS_010",,"NEON.PLA.D03.OSBS.01450",,"small tree",,2.7,130,3.5,,,,2.3,1.6,"Full shade",,,,,,,,,"legacyData"
"ea14ef43-5984-4745-8fc3-d3879611a89d","OSBS_003.basePlot.vst","2014-09-30","vst_OSBS_2014","D03","OSBS","OSBS_003",,"NEON.PLA.D03.OSBS.01854",,"single bole tree","Live",21.3,130,5.4,,,,8.1,6.0,"Partially shaded",,,,,,,,,"legacyData | noMapTagData"
"736f30aa-1da8-4d3e-9d77-6409b7bce5bf","OSBS_003.basePlot.vst","2014-09-30","vst_OSBS_2014","D03","OSBS","OSBS_003",,"NEON.PLA.D03.OSBS.01851",,"sapling","Live",1.3,10,1.0,,,,,,"Full shade",,,,,,,,,"legacyData"
"bfc18357-be01-455c-a58b-1cc08dbb9f09","OSBS_010.basePlot.vst","2014-09-30","vst_OSBS_2014","D03","OSBS","OSBS_010",,"NEON.PLA.D03.OSBS.01444",,"single bole tree",,13.0,130,1.5,,,,,,"Full shade",,,,,,"dead",,,"legacyData"
"c666ccaf-8591-4ff2-adec-c2dcbc746292","OSBS_010.basePlot.vst","2014-09-30","vst_OSBS_2014","D03","OSBS","OSBS_010",,"NEON.PLA.D03.OSBS.01479",,"small tree",,3.1,130,3.3,,,,2.9,1.8,"Mostly shaded",,,,,,,,,"legacyData"
"45f4235f-7a7a-4afc-bbcd-d06a837c3a4c","OSBS_003.basePlot.vst","2014-09-30","vst_OSBS_2014","D03","OSBS","OSBS_003",,"NEON.PLA.D03.OSBS.01853",,"single bole tree","Live",17.6,130,5.4,,,,5.3,5.1,"Partially shaded",,,,,,,,,"legacyData"
"3f861e76-5593-443a-8f6e-ea80e223c35a","OSBS_010.basePlot.vst","2014-09-30","vst_OSBS_2014","D03","OSBS","OSBS_010",,"NEON.PLA.D03.OSBS.01480",,"sapling",,1.4,10,1.3,,,,1.3,1.3,"Full shade",,,,,,,,,"legacyData"
"ae3655d1-42aa-46d6-a5a1-8f50b18b0615","OSBS_010.basePlot.vst","2014-09-30","vst_OSBS_2014","D03","OSBS","OSBS_010",,"NEON.PLA.D03.OSBS.01438",,"small tree",,2.1,130,3.4,,,,2.4,1.6,"Mostly shaded",,,,,,,,,"legacyData"
"e51a84e8-1db1-4e6d-b7ac-239b6789b138","OSBS_010.basePlot.vst","2014-09-30","vst_OSBS_2014","D03","OSBS","OSBS_010",,"NEON.PLA.D03.OSBS.01412",,"single bole tree",,18.2,130,3.8,,,,3.0,0.2,"Partially shaded",,,,,,"dead",,,"legacyData"
"86efc9ec-171e-4cb6-843c-aa888323b9d5","OSBS_003.basePlot.vst","2014-09-30","vst_OSBS_2014","D03","OSBS","OSBS_003",,"NEON.PLA.D03.OSBS.01834",,"small tree","Live",2.1,130,0.2,,,,2.2,1.9,"Mostly shaded",,,,,,,,,"legacyData"
"ce8e30e6-6815-442b-a1d0-0ddb0e5817f1","OSBS_010.basePlot.vst","2014-09-30","vst_OSBS_2014","D03","OSBS","OSBS_010",,"NEON.PLA.D03.OSBS.01488",,"single bole tree",,32.2,110,15.0,,,,7.6,5.0,"Partially shaded",,,,,,,,,"legacyData"
"b44d3aa2-3ab7-411e-9260-f928ae42cc5b","OSBS_010.basePlot.vst","2014-09-30","vst_OSBS_2014","D03","OSBS","OSBS_010",,"NEON.PLA.D03.OSBS.01499",,"single bole tree",,33.5,130,19.8,,,,6.1,5.7,"Partially shaded",,,,,,,,,"legacyData"
"27c9501a-1f9c-4ba1-baa5-27adf3fae45a","OSBS_003.basePlot.vst","2014-09-30","vst_OSBS_2014","D03","OSBS","OSBS_003",,"NEON.PLA.D03.OSBS.01829",,"sapling","Live",1.5,10,0.8,,,,1.0,0.7,"Full shade",,,,,,,,,"legacyData | noMapTagData"
"b8edd6c9-2876-4870-bfc2-8139a5206bb4","OSBS_003.basePlot.vst","2014-09-30","vst_OSBS_2014","D03","OSBS","OSBS_003",,"NEON.PLA.D03.OSBS.01839",,"sapling","Live",1.4,10,0.1,,,,,,"Full shade",,,,,,,,,"legacyData"
"a455f0d0-3e29-4cc8-84b0-0b714b99cbe0","OSBS_003.basePlot.vst","2014-09-30","vst_OSBS_2014","D03","OSBS","OSBS_003",,"NEON.PLA.D03.OSBS.01832",,"sapling","Live",1.3,10,0.1,,,,0.9,0.6,"Full shade",,,,,,,,,"legacyData | noMapTagData"
"7596412b-c661-45a5-bbb1-78b494ef5bba","OSBS_010.basePlot.vst","2014-09-30","vst_OSBS_2014","D03","OSBS","OSBS_010",,"NEON.PLA.D03.OSBS.01498",,"single bole tree",,26.8,130,18.5,,,,6.7,4.4,"Partially shaded",,,,,,"No transcription errors found",,,"legacyData"
"d7904f1a-d5a8-4dc5-9104-f49bc5ec77c2","OSBS_010.basePlot.vst","2014-09-30","vst_OSBS_2014","D03","OSBS","OSBS_010",,"NEON.PLA.D03.OSBS.01471",,"sapling",,3.5,10,2.9,,,,1.4,0.9,"Full shade",,,,,,,,,"legacyData"
"ee67efa9-2944-4bf0-acdd-fa3a569765cf","OSBS_010.basePlot.vst","2014-09-30","vst_OSBS_2014","D03","OSBS","OSBS_010",,"NEON.PLA.D03.OSBS.01449",,"small tree",,1.4,130,2.3,,,,1.4,1.2,"Full shade",,,,,,,,,"legacyData"
"c1565ddc-0d26-49fb-b909-fe7c3145476c","OSBS_010.basePlot.vst","2014-09-30","vst_OSBS_2014","D03","OSBS","OSBS_010",,"NEON.PLA.D03.OSBS.01481",,"single bole tree",,25.5,130,19.7,,,,6.2,5.6,"Partially shaded",,,,,,,,,"legacyData"
"b36e96f5-bf5b-415e-9f13-76304fcc82ef","OSBS_010.basePlot.vst","2014-09-30","vst_OSBS_2014","D03","OSBS","OSBS_010",,"NEON.PLA.D03.OSBS.01473",,"single bole tree",,12.3,130,7.8,,,,5.8,4.8,"Mostly shaded",,,,,,,,,"legacyData"
"7b814e2a-80b5-41ff-b680-5cb8483235fd","OSBS_010.basePlot.vst","2014-09-30","vst_OSBS_2014","D03","OSBS","OSBS_010",,"NEON.PLA.D03.OSBS.01490",,"small tree",,6.6,130,7.7,,,,3.6,2.9,"Mostly shaded",,,,,,,,,"legacyData"
"8e7aa5cb-2738-41f0-83ea-6ba078a5362b","OSBS_010.basePlot.vst","2014-09-30","vst_OSBS_2014","D03","OSBS","OSBS_010",,"NEON.PLA.D03.OSBS.01462",,"small tree",,1.6,10,2.5,,,,1.5,1.3,"Full shade",,,,,,,,,"legacyData"
"684946e4-9b1e-4452-9587-d4fe545bd4df","OSBS_003.basePlot.vst","2014-09-30","vst_OSBS_2014","D03","OSBS","OSBS_003",,"NEON.PLA.D03.OSBS.01848",,"sapling","Live",1.0,10,0.6,,,,,,"Full shade",,,,,,,,,"legacyData"
"b3351a2a-415f-4148-a641-8caea3c1ddfb","OSBS_003.basePlot.vst","2014-09-30","vst_OSBS_2014","D03","OSBS","OSBS_003",,"NEON.PLA.D03.OSBS.01850",,"sapling","Live",1.5,10,0.3,,,,,,"Full shade",,,,,,,,,"legacyData"
"40a60082-d0df-4dc2-8c42-aad3beae13f8","OSBS_010.basePlot.vst","2014-09-30","vst_OSBS_2014","D03","OSBS","OSBS_010",,"NEON.PLA.D03.OSBS.01420",,"sapling",,1.2,10,1.6,,,,0.9,0.8,"Full shade","cylinder",,,,,,,,"legacyData"
"28360b29-f3fc-485b-b12a-d5ee1c7a222e","OSBS_010.basePlot.vst","2014-09-30","vst_OSBS_2014","D03","OSBS","OSBS_010",,"NEON.PLA.D03.OSBS.01463",,"sapling",,1.3,10,1.2,,,,0.9,0.8,"Full shade",,,,,,,,,"legacyData"
"7b334976-d2b5-4eab-bfbb-40bd3d3aaae0","OSBS_010.basePlot.vst","2014-09-30","vst_OSBS_2014","D03","OSBS","OSBS_010",,"NEON.PLA.D03.OSBS.01426",,"single shrub",,1.5,130,2.0,,,,1.3,0.9,"Mostly shaded","cylinder",,,,,,,,"legacyData"
"d15410f1-dcab-4cda-a619-defef60eaecf","OSBS_010.basePlot.vst","2014-09-30","vst_OSBS_2014","D03","OSBS","OSBS_010",,"NEON.PLA.D03.OSBS.01464",,"sapling",,1.3,10,1.7,,,,1.1,0.9,"Full shade",,,,,,,,,"legacyData"
"df4e7efd-2de1-48b4-93fb-c09e4ed72baf","OSBS_003.basePlot.vst","2014-09-30","vst_OSBS_2014","D03","OSBS","OSBS_003",,"NEON.PLA.D03.OSBS.01836",,"liana","Live",1.5,130,,,,,,,,,,,,,,,,"legacyData"
"044884cd-4b05-42d8-9830-dbcd3a43918d","OSBS_010.basePlot.vst","2014-09-30","vst_OSBS_2014","D03","OSBS","OSBS_010",,"NEON.PLA.D03.OSBS.01460",,"sapling",,1.5,10,1.6,,,,1.0,0.8,"Mostly shaded",,,,,,,,,"legacyData"
"24ccea92-63f5-4b6d-a636-6cb463d6b4f4","OSBS_010.basePlot.vst","2014-09-30","vst_OSBS_2014","D03","OSBS","OSBS_010",,"NEON.PLA.D03.OSBS.01494",,"sapling",,1.4,10,1.7,,,,1.3,1.0,"Full shade",,,,,,,,,"legacyData"
"2f9f7430-21a9-4208-a631-978cda27e75b","OSBS_010.basePlot.vst","2014-09-30","vst_OSBS_2014","D03","OSBS","OSBS_010",,"NEON.PLA.D03.OSBS.01440",,"sapling",,1.5,10,1.7,,,,0.8,0.8,"Mostly shaded",,,,,,,,,"legacyData"
"f7f35764-f6f4-45a5-8d42-6d8dd3c2579a","OSBS_010.basePlot.vst","2014-09-30","vst_OSBS_2014","D03","OSBS","OSBS_010",,"NEON.PLA.D03.OSBS.01482",,"single bole tree",,14.4,130,16.7,,,,3.5,2.0,"Mostly shaded",,,,,,"top is broken; No transcription errors found",,,"legacyData"
"9bd27053-4d26-4909-8baf-bfd5827e9813","OSBS_010.basePlot.vst","2014-09-30","vst_OSBS_2014","D03","OSBS","OSBS_010",,"NEON.PLA.D03.OSBS.01500",,"sapling",,1.2,10,1.3,,,,1.1,0.9,"Mostly shaded","cylinder",,,,,,,,"legacyData | noMapTagData"
"b450c33d-2d62-4e1e-a344-390132c128c5","OSBS_003.basePlot.vst","2014-09-30","vst_OSBS_2014","D03","OSBS","OSBS_003",,"NEON.PLA.D03.OSBS.01835",,"liana","Live",1.9,130,,,,,,,,,,,,,,,,"legacyData"
"e2aaa16f-92fe-4a0a-b97b-d986f19dc3d5","OSBS_003.basePlot.vst","2014-09-30","vst_OSBS_2014","D03","OSBS","OSBS_003",,"NEON.PLA.D03.OSBS.01845",,"sapling","Live",2.1,10,0.1,,,,,,"Full shade",,,,,,"No Transcription Errors",,,"legacyData"
"afffa484-69b5-4154-b8cc-f31f4fc13bd5","OSBS_010.basePlot.vst","2014-09-30","vst_OSBS_2014","D03","OSBS","OSBS_010",,"NEON.PLA.D03.OSBS.01497",,"single bole tree",,26.3,130,20.8,,,,6.5,5.0,"Partially shaded",,,,,,,,,"legacyData"
"1ab66c53-cf76-4d0d-a25a-a7951f67293b","OSBS_010.basePlot.vst","2014-09-30","vst_OSBS_2014","D03","OSBS","OSBS_010",,"NEON.PLA.D03.OSBS.01442",,"small tree",,1.5,130,1.9,,,,1.1,0.6,"Mostly shaded","cylinder",,,,,,,,"legacyData"
"22c451e3-23ff-4e73-8140-b1c81bfdebae","OSBS_010.basePlot.vst","2014-09-30","vst_OSBS_2014","D03","OSBS","OSBS_010",,"NEON.PLA.D03.OSBS.01475",,"small tree",,1.6,130,2.2,,,,1.4,0.9,"Mostly shaded",,,,,,,,,"legacyData"
"5b9052d3-78c0-4c11-a3bd-49bec26a93aa","OSBS_010.basePlot.vst","2014-09-30","vst_OSBS_2014","D03","OSBS","OSBS_010",,"NEON.PLA.D03.OSBS.01602",,"single bole tree",,33.4,130,19.8,,,,7.0,5.4,"Full sun",,,,,,,,,"legacyData"
"a0046108-12a4-4c33-a423-e5ed2317ff3d","OSBS_010.basePlot.vst","2014-09-30","vst_OSBS_2014","D03","OSBS","OSBS_010",,"NEON.PLA.D03.OSBS.01493",,"single bole tree",,9.6,130,8.4,,,,5.0,3.9,"Mostly shaded",,,,,,,,,"legacyData"
"df61638d-e11d-44cf-8c10-bdb81fcd8b78","OSBS_010.basePlot.vst","2014-09-30","vst_OSBS_2014","D03","OSBS","OSBS_010",,"NEON.PLA.D03.OSBS.01472",,"single bole tree",,25.2,130,16.1,,,,7.9,5.3,"Partially shaded",,,,,,,,,"legacyData"
"d023b2c0-055c-4655-ad1c-f091ba7cfa64","OSBS_010.basePlot.vst","2014-09-30","vst_OSBS_2014","D03","OSBS","OSBS_010",,"NEON.PLA.D03.OSBS.01486",,"small tree",,7.5,130,7.9,,,,4.0,2.9,"Mostly shaded",,,,,,,,,"legacyData"
"324a484e-ceee-4482-a4ee-97bd8ba88380","OSBS_010.basePlot.vst","2014-09-30","vst_OSBS_2014","D03","OSBS","OSBS_010",,"NEON.PLA.D03.OSBS.01491",,"single bole tree",,24.5,130,19.3,,,,6.5,5.0,"Partially shaded",,,,,,,,,"legacyData"
"db8d5475-d799-4738-96d7-ff52ee594424","OSBS_010.basePlot.vst","2014-09-30","vst_OSBS_2014","D03","OSBS","OSBS_010",,"NEON.PLA.D03.OSBS.01459",,"sapling",,1.0,10,1.1,,,,0.7,0.6,"Mostly shaded",,,,,,,,,"legacyData"
"541e9941-9d86-4ad1-ac20-7965fb9179ed","OSBS_010.basePlot.vst","2014-09-30","vst_OSBS_2014","D03","OSBS","OSBS_010",,"NEON.PLA.D03.OSBS.01419",,"single bole tree",,24.5,130,7.0,,,,6.5,0.2,"Mostly shaded",,,,,,"dead",,,"legacyData"
"55dad714-18bb-4d01-8b60-6885273cf310","OSBS_003.basePlot.vst","2014-09-30","vst_OSBS_2014","D03","OSBS","OSBS_003",,"NEON.PLA.D03.OSBS.01843",,"small tree","Live",1.4,130,0.2,,,,,,"Full shade",,,,,,,,,"legacyData"
"636d3d49-e669-43ff-9720-a2104106a9a9","OSBS_010.basePlot.vst","2014-09-30","vst_OSBS_2014","D03","OSBS","OSBS_010",,"NEON.PLA.D03.OSBS.01432",,"small tree",,6.2,130,4.7,,,,3.2,3.0,"Mostly shaded",,,,,,,,,"legacyData"
"3951c5b5-1b06-4248-917c-002cfcea1bdd","OSBS_010.basePlot.vst","2014-09-30","vst_OSBS_2014","D03","OSBS","OSBS_010",,"NEON.PLA.D03.OSBS.01601",,"sapling",,1.4,10,1.2,,,,1.1,0.8,"Mostly shaded","cylinder",,,,,"No transcription errors found",,,"legacyData | noMapTagData"
"f6e327d7-e685-40f1-9e0a-e6f0bbea7d5f","OSBS_010.basePlot.vst","2014-09-30","vst_OSBS_2014","D03","OSBS","OSBS_010",,"NEON.PLA.D03.OSBS.01496",,"single bole tree",,15.6,130,16.2,,,,2.7,1.6,"Mostly shaded",,,,,,,,,"legacyData"
"9aca43d5-729e-4a9f-85d6-429b06a0cdfd","OSBS_003.basePlot.vst","2014-09-30","vst_OSBS_2014","D03","OSBS","OSBS_003",,"NEON.PLA.D03.OSBS.01837",,"small tree","Live",3.8,130,1.4,,,,2.4,1.9,"Mostly shaded",,,,,,,,,"legacyData"
"34f084ca-4448-4e67-940a-10fbc7ca2528","OSBS_003.basePlot.vst","2014-09-30","vst_OSBS_2014","D03","OSBS","OSBS_003",,"NEON.PLA.D03.OSBS.01830",,"sapling","Live",1.3,10,0.2,,,,0.9,0.6,"Full shade",,,,,,,,,"legacyData"
"fb1ebf2d-f762-4673-9b49-a644b5509832","OSBS_003.basePlot.vst","2014-09-30","vst_OSBS_2014","D03","OSBS","OSBS_003",,"NEON.PLA.D03.OSBS.01840",,"single bole tree","Live,  other damage",66.0,130,15.3,,,,11.3,9.1,"Full sun",,,,,,"See remarks on data sheet",,,"legacyData"
"5a94cd83-58a1-4fd1-890d-44ff9f23a48c","OSBS_010.basePlot.vst","2014-09-30","vst_OSBS_2014","D03","OSBS","OSBS_010",,"NEON.PLA.D03.OSBS.01430",,"small tree",,1.3,130,1.8,,,,1.5,1.4,"Mostly shaded","cylinder",,,,,,,,"legacyData"
"63b95ecb-8642-410e-b1e2-4fe809fb622e","OSBS_003.basePlot.vst","2014-09-30","vst_OSBS_2014","D03","OSBS","OSBS_003",,"NEON.PLA.D03.OSBS.01842",,"small tree","Live",1.1,130,0.4,,,,,,"Full shade",,,,,,,,,"legacyData"
"c3a2a8ed-b2d4-471e-a469-95c5197159c4","OSBS_003.basePlot.vst","2014-09-30","vst_OSBS_2014","D03","OSBS","OSBS_003",,"NEON.PLA.D03.OSBS.01838",,"small tree","Live",1.4,130,0.4,,,,,,"Mostly shaded",,,,,,,,,"legacyData"
"053510d7-0561-4863-b1ff-238a49bd7bb7","OSBS_003.basePlot.vst","2014-09-30","vst_OSBS_2014","D03","OSBS","OSBS_003",,"NEON.PLA.D03.OSBS.01826",,"sapling","Live",2.3,10,0.7,,,,1.1,0.8,"Full shade",,,,,,"Transcription Error (date) Fixed (For remaining)",,,"legacyData"
