uid,namedLocation,domainID,siteID,plotID,plotType,nlcdClass,decimalLatitude,decimalLongitude,geodeticDatum,coordinateUncertainty,elevation,elevationUncertainty,collectDate,eventID,sampleID,sampleCode,samplingMethod,totalSampledArea,targetTaxaPresent,adultCount,nymphCount,larvaCount,sampleCondition,samplingProtocolVersion,measuredBy,remarks
"0f191f40-e867-42bc-b711-3e0be452dc33","TALL_002.tickPlot.tck","D08","TALL","TALL_002","distributed","mixedForest",32.920823,-87.428955,"WGS84",20.3,104.0,0.4,"2016-11-09T14:39Z","TALL.2016.45",,,"drag",160,"N",0,0,0,"No known compromise","NEON.DOC.014045vG","Ec+cMQWmrZ6oUw8Lk421QEcKgRrZc//E",
"38258d78-f054-4805-92a7-0ceedebbdb20","TALL_008.tickPlot.tck","D08","TALL","TALL_008","distributed","deciduousForest",32.922874,-87.434097,"WGS84",20.2,127.5,0.2,"2016-11-09T15:41Z","TALL.2016.45","TALL_008.20161109",,"drag",160,"Y",0,1,0,"No known compromise","NEON.DOC.014045vG","Ec+cMQWmrZ6oUw8Lk421QEcKgRrZc//E",
"6ae34dbd-8437-489a-aef3-8648473ea063","TALL_001.tickPlot.tck","D08","TALL","TALL_001","distributed","deciduousForest",32.976370,-87.432184,"WGS84",20.2,114.6,0.1,"2016-11-09T15:44Z","TALL.2016.45",,,"drag and flag",160,"N",0,0,0,"No known compromise","NEON.DOC.014045vG","qv2hryw2aAHcRZnU/CeJIVfNxxJegRBH",
"235449a3-2c1b-463b-98a1-7c8c05da3209","TALL_016.tickPlot.tck","D08","TALL","TALL_016","distributed","evergreenForest",32.971553,-87.415845,"WGS84",20.1,138.9,0.1,"2016-11-09T17:05Z","TALL.2016.45",,,"drag and flag",160,"N",0,0,0,"No known compromise","NEON.DOC.014045vG","qv2hryw2aAHcRZnU/CeJIVfNxxJegRBH",
"dad3d172-6d9c-4646-9beb-f6861498c285","TALL_003.tickPlot.tck","D08","TALL","TALL_003","distributed","mixedForest",32.894415,-87.416532,"WGS84",20.2,121.9,0.2,"2016-11-09T18:12Z","TALL.2016.45",,,"drag and flag",160,"N",0,0,0,"No known compromise","NEON.DOC.014045vG","qv2hryw2aAHcRZnU/CeJIVfNxxJegRBH",
"fa5757ca-8b37-4751-9387-99ebc1b291a3","TALL_006.tickPlot.tck","D08","TALL","TALL_006","distributed","evergreenForest",32.899144,-87.444571,"WGS84",20.3,108.6,0.3,"2016-11-09T18:24Z","TALL.2016.45",,,"drag and flag",165,"N",0,0,0,"No known compromise","NEON.DOC.014045vG","LnIDmrEQmAUtwQFMbC1CIKUZraB/NwPgV6cB6TW941k=",
