uid,namedLocation,plotID,collectDate,identifiedDate,sampleID,subsampleID,scientificName,acceptedTaxonID,taxonRank,family,subfamily,tribe,subtribe,genus,subgenus,specificEpithet,infraspecificEpithet,identificationQualifier,identificationReferences,identificationProtocolVersion,scientificNameAuthorship,sexOrAge,individualCount,sampleCondition,archiveMedium,archiveFacilityID,deprecatedVialID,identifiedBy,laboratoryName,remarks
"d2020f18-d980-4b98-841e-61c0856a3a74","ORNL_002.tickPlot.tck","ORNL_002","2017-07-03T13:55Z","2017-12-01T17:00Z","ORNL_002.20170703","ORNL_002.20170703.DERVAR.F","Dermacentor variabilis","DERVAR","species","Ixodidae",,,,"Dermacentor",,"variabilis",,,"Yunker, C. E., Keirans, J. E., Clifford, C. M., and E. R. Easton. 1986. Dermacentor ticks (Acari: Ixodoidea: Ixodidae) of the New World: a scanning electron microscope atlas. Proceedings of the Entomological Society of Washington, 88(4):609-627.","GSU_tickIdentification_SOP_2016-11-01.pdf","Say","Female",1,"OK","90% ethanol","USNMENT01358927","ORNL_002.20170703.DERVAR.F","Lorenza Beati","Georgia Southern University",
"7ae49b97-796d-43a0-9860-85db81293eb1","ORNL_002.tickPlot.tck","ORNL_002","2017-07-03T13:55Z","2017-11-01T16:00Z","ORNL_002.20170703","ORNL_002.20170703.IXOSP.L","Ixodidae sp.","IXOSP","family","Ixodidae",,,,,,"sp.",,,,"GSU_tickIdentification_SOP_2016-11-01.pdf",,"Larva",1,"OK","90% ethanol","USNMENT01358929","ORNL_002.20170703.L","Arianna Gibbs","Georgia Southern University",
"dcb546c1-0388-44a7-ad7c-0579e344e9da","ORNL_002.tickPlot.tck","ORNL_002","2017-07-03T13:55Z","2017-12-01T17:00Z","ORNL_002.20170703","ORNL_002.20170703.AMBAME.N","Amblyomma americanum","AMBAME","species","Ixodidae",,,,"Amblyomma",,"americanum",,,"Cooley, R. A. and G. M. Kohls. 1944. The genus Amblyomma (ixodidae) in the United States. The Journal of Parasitology, 30(2):77-111.","GSU_tickIdentification_SOP_2016-11-01.pdf","Linnaeus","Nymph",33,"OK","90% ethanol","USNMENT01358928","ORNL_002.20170703.AMBAME.N","Lorenza Beati","Georgia Southern University",
"dcb11b9a-0019-4c7d-b7c9-d661ddabc538","ORNL_002.tickPlot.tck","ORNL_002","2017-07-03T13:55Z","2017-12-01T17:00Z","ORNL_002.20170703","ORNL_002.20170703.AMBAME.M","Amblyomma americanum","AMBAME","species","Ixodidae",,,,"Amblyomma",,"americanum",,,"Cooley, R. A. and G. M. Kohls. 1944. The genus Amblyomma (ixodidae) in the United States. The Journal of Parasitology, 30(2):77-111.","GSU_tickIdentification_SOP_2016-11-01.pdf","Linnaeus","Male",1,"OK","90% ethanol","USNMENT01358930","ORNL_002.20170703.AMBAME.M","Lorenza Beati","Georgia Southern University","TO PAULA"
"93a352b4-77eb-49b0-a185-f451db6cf839","ORNL_040.tickPlot.tck","ORNL_040","2017-07-03T14:14Z","2017-12-01T17:00Z","ORNL_040.20170703","ORNL_040.20170703.AMBAME.M","Amblyomma americanum","AMBAME","species","Ixodidae",,,,"Amblyomma",,"americanum",,,"Cooley, R. A. and G. M. Kohls. 1944. The genus Amblyomma (ixodidae) in the United States. The Journal of Parasitology, 30(2):77-111.","GSU_tickIdentification_SOP_2016-11-01.pdf","Linnaeus","Male",1,"OK","90% ethanol","USNMENT01358933","ORNL_040.20170703.AMBAME.M","Lorenza Beati","Georgia Southern University",
"e83f0d90-4654-4096-945a-102dd180a86f","ORNL_040.tickPlot.tck","ORNL_040","2017-07-03T14:14Z","2017-12-01T17:00Z","ORNL_040.20170703","ORNL_040.20170703.AMBAME.N","Amblyomma americanum","AMBAME","species","Ixodidae",,,,"Amblyomma",,"americanum",,,"Cooley, R. A. and G. M. Kohls. 1944. The genus Amblyomma (ixodidae) in the United States. The Journal of Parasitology, 30(2):77-111.","GSU_tickIdentification_SOP_2016-11-01.pdf","Linnaeus","Nymph",33,"OK","90% ethanol","USNMENT01358932","ORNL_040.20170703.AMBAME.N","Lorenza Beati","Georgia Southern University",
"b7e6cc32-3c28-40e7-9eda-b9f03296533e","ORNL_008.tickPlot.tck","ORNL_008","2017-07-03T15:03Z","2017-12-01T17:00Z","ORNL_008.20170703","ORNL_008.20170703.AMBAME.N","Amblyomma americanum","AMBAME","species","Ixodidae",,,,"Amblyomma",,"americanum",,,"Cooley, R. A. and G. M. Kohls. 1944. The genus Amblyomma (ixodidae) in the United States. The Journal of Parasitology, 30(2):77-111.","GSU_tickIdentification_SOP_2016-11-01.pdf","Linnaeus","Nymph",14,"OK","90% ethanol","USNMENT01358931","ORNL_008.20170703.AMBAME.N","Lorenza Beati","Georgia Southern University",
"a8870203-a3ce-4bbb-a348-31b757bf61fb","ORNL_007.tickPlot.tck","ORNL_007","2017-07-03T16:07Z","2017-12-01T17:00Z","ORNL_007.20170703","ORNL_007.20170703.AMBAME.N","Amblyomma americanum","AMBAME","species","Ixodidae",,,,"Amblyomma",,"americanum",,,"Cooley, R. A. and G. M. Kohls. 1944. The genus Amblyomma (ixodidae) in the United States. The Journal of Parasitology, 30(2):77-111.","GSU_tickIdentification_SOP_2016-11-01.pdf","Linnaeus","Nymph",10,"OK","90% ethanol","USNMENT01358935","ORNL_007.20170703.AMBAME.N","Arianna Gibbs","Georgia Southern University",
"e53420bc-c53d-4c52-ba9d-be2fb4f938bc","ORNL_007.tickPlot.tck","ORNL_007","2017-07-03T16:07Z","2017-11-01T16:00Z","ORNL_007.20170703","ORNL_007.20170703.IXOSP.N","Ixodidae sp.","IXOSP","family","Ixodidae",,,,,,"sp.",,,,"GSU_tickIdentification_SOP_2016-11-01.pdf",,"Nymph",1,"OK","90% ethanol","USNMENT01358934","ORNL_007.20170703.TO .N","Arianna Gibbs","Georgia Southern University","To verify"
"d724814c-8a86-49fd-8ffb-c9c3a88019d1","ORNL_009.tickPlot.tck","ORNL_009","2017-07-03T16:20Z","2017-11-01T16:00Z","ORNL_009.20170703","ORNL_009.20170703.IXOSP.L","Ixodidae sp.","IXOSP","family","Ixodidae",,,,,,"sp.",,,,"GSU_tickIdentification_SOP_2016-11-01.pdf",,"Larva",1,"OK","90% ethanol","USNMENT01358942","ORNL_009.20170703.L","Arianna Gibbs","Georgia Southern University","Over invoice limit, will not be billed."
"413fb3a1-6891-4627-b9e8-b69087a93fd9","ORNL_009.tickPlot.tck","ORNL_009","2017-07-03T16:20Z","2017-12-01T17:00Z","ORNL_009.20170703","ORNL_009.20170703.AMBAME.F","Amblyomma americanum","AMBAME","species","Ixodidae",,,,"Amblyomma",,"americanum",,,"Cooley, R. A. and G. M. Kohls. 1944. The genus Amblyomma (ixodidae) in the United States. The Journal of Parasitology, 30(2):77-111.","GSU_tickIdentification_SOP_2016-11-01.pdf","Linnaeus","Female",1,"OK","90% ethanol","USNMENT01358941","ORNL_009.20170703.AMBAME.F","Lorenza Beati","Georgia Southern University",
"eb32d2f0-04d3-4225-98a9-5674a144b504","ORNL_009.tickPlot.tck","ORNL_009","2017-07-03T16:20Z","2017-12-01T17:00Z","ORNL_009.20170703","ORNL_009.20170703.AMBAME.N","Amblyomma americanum","AMBAME","species","Ixodidae",,,,"Amblyomma",,"americanum",,,"Cooley, R. A. and G. M. Kohls. 1944. The genus Amblyomma (ixodidae) in the United States. The Journal of Parasitology, 30(2):77-111.","GSU_tickIdentification_SOP_2016-11-01.pdf","Linnaeus","Nymph",5,"OK","90% ethanol","USNMENT01358940","ORNL_009.20170703.AMBAME.N","Lorenza Beati","Georgia Southern University",
"50903f58-acd3-4712-8fe2-fccf1e9247d8","ORNL_003.tickPlot.tck","ORNL_003","2017-07-03T17:50Z","2017-12-01T17:00Z","ORNL_003.20170703","ORNL_003.20170703.IXOSCA.N","Ixodes scapularis","IXOSCA","species","Ixodidae",,,,"Ixodes",,"scapularis",,,"Cooley, R. A. and G. M. Kohls. 1945. The genus Ixodes in North America. National Institute of Health Bulletin, 184.","GSU_tickIdentification_SOP_2016-11-01.pdf","Say","Nymph",2,"OK","90% ethanol","USNMENT01358936","ORNL_003.20170703.IXOSCA.N","Lorenza Beati","Georgia Southern University",
"cb222795-ae4d-498b-b687-5df3990ac859","ORNL_003.tickPlot.tck","ORNL_003","2017-07-03T17:50Z","2017-12-01T17:00Z","ORNL_003.20170703","ORNL_003.20170703.AMBAME.N","Amblyomma americanum","AMBAME","species","Ixodidae",,,,"Amblyomma",,"americanum",,,"Cooley, R. A. and G. M. Kohls. 1944. The genus Amblyomma (ixodidae) in the United States. The Journal of Parasitology, 30(2):77-111.","GSU_tickIdentification_SOP_2016-11-01.pdf","Linnaeus","Nymph",7,"OK","90% ethanol","USNMENT01358937","ORNL_003.20170703.AMBAME.N","Lorenza Beati","Georgia Southern University",
"e4ee740c-f5f3-4a3a-b4d0-8a7b9e57860e","ORNL_003.tickPlot.tck","ORNL_003","2017-07-03T17:50Z","2017-11-01T16:00Z","ORNL_003.20170703","ORNL_003.20170703.IXOSP.L","Ixodidae sp.","IXOSP","family","Ixodidae",,,,,,"sp.",,,,"GSU_tickIdentification_SOP_2016-11-01.pdf",,"Larva",1,"OK","90% ethanol","USNMENT01358938","ORNL_003.20170703.L","Arianna Gibbs","Georgia Southern University",
"5cec1b96-b76a-4f2a-84a9-658256a166a8","ORNL_003.tickPlot.tck","ORNL_003","2017-07-03T17:50Z","2017-12-01T17:00Z","ORNL_003.20170703","ORNL_003.20170703.AMBAME.F","Amblyomma americanum","AMBAME","species","Ixodidae",,,,"Amblyomma",,"americanum",,,"Cooley, R. A. and G. M. Kohls. 1944. The genus Amblyomma (ixodidae) in the United States. The Journal of Parasitology, 30(2):77-111.","GSU_tickIdentification_SOP_2016-11-01.pdf","Linnaeus","Female",1,"OK","90% ethanol","USNMENT01358939","ORNL_003.20170703.AMBAME.F","Lorenza Beati","Georgia Southern University",
