uid,namedLocation,domainID,siteID,plotID,plotType,nlcdClass,decimalLatitude,decimalLongitude,geodeticDatum,coordinateUncertainty,elevation,elevationUncertainty,collectDate,eventID,sampleID,sampleCode,samplingMethod,totalSampledArea,targetTaxaPresent,adultCount,nymphCount,larvaCount,sampleCondition,samplingProtocolVersion,measuredBy,remarks
"f29d9c01-a986-4d0b-b066-24c552241b3b","ORNL_002.tickPlot.tck","D07","ORNL","ORNL_002","distributed","deciduousForest",35.983090,-84.211654,"WGS84",20.3,338.6,0.5,"2017-07-03T13:55Z","ORNL.2017.28","ORNL_002.20170703",,"drag",163,"Y",2,32,151,"No known compromise","NEON.DOC.014045vH","8y2nCljUmhTZCDMmuiKC/MkPK73nDL+eImQBYOvqCbk=",
"031c7a1c-e140-4b77-a402-e660bab8a496","ORNL_040.tickPlot.tck","D07","ORNL","ORNL_040","distributed","evergreenForest",35.975525,-84.305103,"WGS84",20.2,273.2,0.2,"2017-07-03T14:14Z","ORNL.2017.28","ORNL_040.20170703",,"drag and flag",162,"Y",1,33,0,"No known compromise","NEON.DOC.014045vH","a/aqUH+4CfjbVMKT8GZX5jp1ciwPhaJJmObVM7eRPRo=",
"f686d881-f31d-4d6d-bfe6-3694c489ae76","ORNL_008.tickPlot.tck","D07","ORNL","ORNL_008","distributed","deciduousForest",35.933531,-84.334016,"WGS84",20.3,322.7,0.3,"2017-07-03T15:03Z","ORNL.2017.28","ORNL_008.20170703",,"drag and flag",160,"Y",0,15,0,"No known compromise","NEON.DOC.014045vH","a/aqUH+4CfjbVMKT8GZX5jp1ciwPhaJJmObVM7eRPRo=",
"cc772a79-da6f-43c5-9395-f78cf34f2bea","ORNL_007.tickPlot.tck","D07","ORNL","ORNL_007","distributed","deciduousForest",35.925843,-84.328420,"WGS84",20.2,279.4,0.5,"2017-07-03T16:07Z","ORNL.2017.28","ORNL_007.20170703",,"drag and flag",162,"Y",0,11,0,"No known compromise","NEON.DOC.014045vH","a/aqUH+4CfjbVMKT8GZX5jp1ciwPhaJJmObVM7eRPRo=",
"38b25f95-0e29-44d2-8c4b-f814fbbce284","ORNL_009.tickPlot.tck","D07","ORNL","ORNL_009","distributed","deciduousForest",35.974902,-84.226630,"WGS84",20.2,337.1,0.2,"2017-07-03T16:20Z","ORNL.2017.28","ORNL_009.20170703",,"drag and flag",160,"Y",1,5,131,"No known compromise","NEON.DOC.014045vH","WKwujoF6P3ZJiCk6Dcp40D8Dm7AF8r9FFCwveZOtl5c=",
"4041bbc6-35d4-498f-9122-42369e271e01","ORNL_003.tickPlot.tck","D07","ORNL","ORNL_003","distributed","deciduousForest",35.967011,-84.229849,"WGS84",20.2,275.5,0.2,"2017-07-03T17:50Z","ORNL.2017.28","ORNL_003.20170703",,"drag and flag",160,"Y",1,9,50,"No known compromise","NEON.DOC.014045vH","8y2nCljUmhTZCDMmuiKC/MkPK73nDL+eImQBYOvqCbk=",
