uid,namedLocation,domainID,siteID,plotID,plotType,nlcdClass,decimalLatitude,decimalLongitude,geodeticDatum,coordinateUncertainty,elevation,elevationUncertainty,collectDate,eventID,sampleID,sampleCode,samplingMethod,totalSampledArea,targetTaxaPresent,adultCount,nymphCount,larvaCount,sampleCondition,samplingProtocolVersion,measuredBy,remarks
"e2edc68d-7305-4dba-a320-fa493d6cb3d3","MLBS_005.tickPlot.tck","D07","MLBS","MLBS_005","distributed","deciduousForest",37.363061,-80.519779,"WGS84",20.1,1277.4,0.2,"2017-08-16T13:49Z","MLBS.2017.34",,,"drag and flag",156,"N",0,0,0,,"NEON.DOC.014045vH","hQmM94qCox9ShahsI96Rwu1g4XhuHnzKb5LUIgjnDlo=","SE corner N E and W cardinal missing. Paced out transects S SE. SE E. NE N. NW W."
"fd926694-01fc-4101-8988-942927114446","MLBS_003.tickPlot.tck","D07","MLBS","MLBS_003","distributed","deciduousForest",37.367221,-80.526898,"WGS84",20.1,1235.7,0.2,"2017-08-16T15:24Z","MLBS.2017.34",,,"drag",158,"N",0,0,0,,"NEON.DOC.014045vH","hQmM94qCox9ShahsI96Rwu1g4XhuHnzKb5LUIgjnDlo=","No cardinal stakes. Metal stakes at corners."
"0301a8fd-6f65-4c47-a578-19e48044de78","MLBS_002.tickPlot.tck","D07","MLBS","MLBS_002","distributed","deciduousForest",37.371693,-80.525877,"WGS84",20.2,1187.0,0.3,"2017-08-16T16:30Z","MLBS.2017.34",,,"drag",158,"N",0,0,0,,"NEON.DOC.014045vH","hQmM94qCox9ShahsI96Rwu1g4XhuHnzKb5LUIgjnDlo=","Corners marked with metal stakes. No cardinals."
"f85791b2-fa82-46bb-b357-d1c313e33785","MLBS_009.tickPlot.tck","D07","MLBS","MLBS_009","distributed","deciduousForest",37.374340,-80.516549,"WGS84",20.2,1165.7,0.3,"2017-08-16T17:24Z","MLBS.2017.34",,,"drag and flag",160,"N",0,0,0,,"NEON.DOC.014045vH","hQmM94qCox9ShahsI96Rwu1g4XhuHnzKb5LUIgjnDlo=","Corners and cardinals marked with metal stakes"
