uid,namedLocation,domainID,siteID,plotID,plotType,nlcdClass,decimalLatitude,decimalLongitude,geodeticDatum,coordinateUncertainty,elevation,elevationUncertainty,collectDate,eventID,sampleID,sampleCode,samplingMethod,totalSampledArea,targetTaxaPresent,adultCount,nymphCount,larvaCount,sampleCondition,samplingProtocolVersion,measuredBy,remarks
"80f74171-5e2b-4093-90bd-e57de8dce9ce","WOOD_024.tickPlot.tck","D09","WOOD","WOOD_024","distributed","emergentHerbaceousWetlands",47.150784,-99.260836,"WGS84",20.1,586.1,0.2,"2018-06-20T17:01Z","WOOD.2018.25",,,"drag and flag",160,"N",0,0,0,,"NEON.DOC.014045vJ","n4oaPelR/mmbsiw8RZkCK6Tq1eA1eJSCrLM3aq0KIzk=",
"7ccdbeac-b3cb-4fd0-8e24-204d48377837","WOOD_009.tickPlot.tck","D09","WOOD","WOOD_009","distributed","grasslandHerbaceous",47.144534,-99.231072,"WGS84",20.1,573.5,0.2,"2018-06-20T18:37Z","WOOD.2018.25","WOOD_009.20180620","A00000016449","drag",168,"Y",2,0,0,"No known compromise","NEON.DOC.014045vJ","n4oaPelR/mmbsiw8RZkCK6Tq1eA1eJSCrLM3aq0KIzk=","Mistook old standing dead grass as a marker went approximately 8m off track."
"76f36ecc-e81d-4ccb-9b93-42f6a927114d","WOOD_002.tickPlot.tck","D09","WOOD","WOOD_002","distributed","grasslandHerbaceous",47.136802,-99.234546,"WGS84",20.1,578.3,0.1,"2018-06-20T19:29Z","WOOD.2018.25",,,"drag",160,"N",0,0,0,,"NEON.DOC.014045vJ","Z69tjmbbf+Yh2IC/GcCabe9MQTjYeG7xbP79Ui/1J5I=",
"774bad71-1a60-481b-8c81-f91ce5e07ceb","WOOD_001.tickPlot.tck","D09","WOOD","WOOD_001","distributed","grasslandHerbaceous",47.127200,-99.256464,"WGS84",20.1,593.8,0.2,"2018-06-20T20:41Z","WOOD.2018.25","WOOD_001.20180620","A00000016624","drag",160,"Y",13,0,0,"No known compromise","NEON.DOC.014045vJ","Z69tjmbbf+Yh2IC/GcCabe9MQTjYeG7xbP79Ui/1J5I=",
"2ac2dbde-abe3-444e-8463-06fe0987da15","WOOD_007.tickPlot.tck","D09","WOOD","WOOD_007","distributed","grasslandHerbaceous",47.133887,-99.251357,"WGS84",20.4,593.6,0.3,"2018-06-20T21:45Z","WOOD.2018.25","WOOD_007.20180620","A00000016650","drag and flag",160,"Y",3,1,0,"No known compromise","NEON.DOC.014045vJ","Z69tjmbbf+Yh2IC/GcCabe9MQTjYeG7xbP79Ui/1J5I=",
"1818e0be-d97a-4e76-a316-0e7e87a26b3f","WOOD_006.tickPlot.tck","D09","WOOD","WOOD_006","distributed","grasslandHerbaceous",47.141023,-99.248055,"WGS84",20.1,587.2,0.1,"2018-06-20T22:27Z","WOOD.2018.25","WOOD_006.20180620","A00000016450","drag and flag",160,"Y",9,0,0,"No known compromise","NEON.DOC.014045vJ","Z69tjmbbf+Yh2IC/GcCabe9MQTjYeG7xbP79Ui/1J5I=","Can not find SE marker in cattails"
