uid,namedLocation,plotID,collectDate,identifiedDate,sampleID,subsampleID,scientificName,acceptedTaxonID,taxonRank,family,subfamily,tribe,subtribe,genus,subgenus,specificEpithet,infraspecificEpithet,identificationQualifier,identificationReferences,identificationProtocolVersion,scientificNameAuthorship,sexOrAge,individualCount,sampleCondition,archiveMedium,archiveFacilityID,deprecatedVialID,identifiedBy,laboratoryName,remarks
"1dc6c8c5-a4da-427e-a07a-bda8a41a0405","WOOD_009.tickPlot.tck","WOOD_009","2018-06-20T18:37Z","2018-09-06T16:00Z","WOOD_009.20180620","WOOD_009.20180620.DERVAR.F","Dermacentor variabilis","DERVAR","species","Ixodidae",,,,"Dermacentor",,"variabilis",,,"Yunker, C. E., Keirans, J. E., Clifford, C. M., and E. R. Easton. 1986. Dermacentor ticks (Acari: Ixodoidea: Ixodidae) of the New World: a scanning electron microscope atlas. Proceedings of the Entomological Society of Washington, 88(4):609-627.","GSU_tickIdentification_SOP_2016-11-01.pdf","Say","Female",1,"OK","90% ethanol","USNMENT01482134",,"Lorenza Beati","Georgia Southern University",
"431899d7-530e-46da-8af2-ff4ca0004d5f","WOOD_009.tickPlot.tck","WOOD_009","2018-06-20T18:37Z","2018-09-06T16:00Z","WOOD_009.20180620","WOOD_009.20180620.DERVAR.M","Dermacentor variabilis","DERVAR","species","Ixodidae",,,,"Dermacentor",,"variabilis",,,"Yunker, C. E., Keirans, J. E., Clifford, C. M., and E. R. Easton. 1986. Dermacentor ticks (Acari: Ixodoidea: Ixodidae) of the New World: a scanning electron microscope atlas. Proceedings of the Entomological Society of Washington, 88(4):609-627.","GSU_tickIdentification_SOP_2016-11-01.pdf","Say","Male",1,"OK","90% ethanol","USNMENT01482131",,"Lorenza Beati","Georgia Southern University",
"9f6f9152-5156-4fa1-a71b-94a14bb41847","WOOD_001.tickPlot.tck","WOOD_001","2018-06-20T20:41Z","2018-09-06T16:00Z","WOOD_001.20180620","WOOD_001.20180620.DERVAR.F","Dermacentor variabilis","DERVAR","species","Ixodidae",,,,"Dermacentor",,"variabilis",,,"Yunker, C. E., Keirans, J. E., Clifford, C. M., and E. R. Easton. 1986. Dermacentor ticks (Acari: Ixodoidea: Ixodidae) of the New World: a scanning electron microscope atlas. Proceedings of the Entomological Society of Washington, 88(4):609-627.","GSU_tickIdentification_SOP_2016-11-01.pdf","Say","Female",10,"OK","90% ethanol","USNMENT01482068",,"Lorenza Beati","Georgia Southern University",
"b903f717-311e-44f4-8722-787a2e7ea57b","WOOD_001.tickPlot.tck","WOOD_001","2018-06-20T20:41Z","2018-09-06T16:00Z","WOOD_001.20180620","WOOD_001.20180620.DERVAR.M","Dermacentor variabilis","DERVAR","species","Ixodidae",,,,"Dermacentor",,"variabilis",,,"Yunker, C. E., Keirans, J. E., Clifford, C. M., and E. R. Easton. 1986. Dermacentor ticks (Acari: Ixodoidea: Ixodidae) of the New World: a scanning electron microscope atlas. Proceedings of the Entomological Society of Washington, 88(4):609-627.","GSU_tickIdentification_SOP_2016-11-01.pdf","Say","Male",4,"OK","90% ethanol","USNMENT01482082",,"Lorenza Beati","Georgia Southern University",
"cc5e63b8-23b6-4b77-af12-d23f08e6595e","WOOD_007.tickPlot.tck","WOOD_007","2018-06-20T21:45Z","2018-09-06T16:00Z","WOOD_007.20180620","WOOD_007.20180620.DERVAR.M","Dermacentor variabilis","DERVAR","species","Ixodidae",,,,"Dermacentor",,"variabilis",,,"Yunker, C. E., Keirans, J. E., Clifford, C. M., and E. R. Easton. 1986. Dermacentor ticks (Acari: Ixodoidea: Ixodidae) of the New World: a scanning electron microscope atlas. Proceedings of the Entomological Society of Washington, 88(4):609-627.","GSU_tickIdentification_SOP_2016-11-01.pdf","Say","Male",2,"OK","90% ethanol","USNMENT01482139",,"Lorenza Beati","Georgia Southern University",
"7f829ade-ba17-4db7-9666-6c76d8b01ac4","WOOD_007.tickPlot.tck","WOOD_007","2018-06-20T21:45Z","2018-09-06T16:00Z","WOOD_007.20180620","WOOD_007.20180620.DERVAR.F","Dermacentor variabilis","DERVAR","species","Ixodidae",,,,"Dermacentor",,"variabilis",,,"Yunker, C. E., Keirans, J. E., Clifford, C. M., and E. R. Easton. 1986. Dermacentor ticks (Acari: Ixodoidea: Ixodidae) of the New World: a scanning electron microscope atlas. Proceedings of the Entomological Society of Washington, 88(4):609-627.","GSU_tickIdentification_SOP_2016-11-01.pdf","Say","Female",2,"OK","90% ethanol","USNMENT01482137",,"Lorenza Beati","Georgia Southern University",
"3ae4e273-cc25-43d3-a439-3cb6152606a1","WOOD_006.tickPlot.tck","WOOD_006","2018-06-20T22:27Z","2018-09-06T16:00Z","WOOD_006.20180620","WOOD_006.20180620.DERVAR.M","Dermacentor variabilis","DERVAR","species","Ixodidae",,,,"Dermacentor",,"variabilis",,,"Yunker, C. E., Keirans, J. E., Clifford, C. M., and E. R. Easton. 1986. Dermacentor ticks (Acari: Ixodoidea: Ixodidae) of the New World: a scanning electron microscope atlas. Proceedings of the Entomological Society of Washington, 88(4):609-627.","GSU_tickIdentification_SOP_2016-11-01.pdf","Say","Male",5,"OK","90% ethanol","USNMENT01482083",,"Lorenza Beati","Georgia Southern University",
"c5e8461f-62b7-484a-97c5-7f7e29da8165","WOOD_006.tickPlot.tck","WOOD_006","2018-06-20T22:27Z","2018-09-06T16:00Z","WOOD_006.20180620","WOOD_006.20180620.DERVAR.F","Dermacentor variabilis","DERVAR","species","Ixodidae",,,,"Dermacentor",,"variabilis",,,"Yunker, C. E., Keirans, J. E., Clifford, C. M., and E. R. Easton. 1986. Dermacentor ticks (Acari: Ixodoidea: Ixodidae) of the New World: a scanning electron microscope atlas. Proceedings of the Entomological Society of Washington, 88(4):609-627.","GSU_tickIdentification_SOP_2016-11-01.pdf","Say","Female",4,"OK","90% ethanol","USNMENT01482084",,"Lorenza Beati","Georgia Southern University",
