uid,namedLocation,date,eventID,domainID,siteID,plotID,subplotID,individualID,tagStatus,growthForm,plantStatus,stemDiameter,measurementHeight,height,baseCrownHeight,breakHeight,breakDiameter,maxCrownDiameter,ninetyCrownDiameter,canopyPosition,shape,basalStemDiameter,basalStemDiameterMsrmntHeight,maxBaseCrownDiameter,ninetyBaseCrownDiameter,remarks,recordedBy,measuredBy,dataQF
"5303e7a8-bb3c-4fde-98b0-2830ea8e09c0","KONZ_025.basePlot.vst","2018-01-09","vst_KONZ_2018","D06","KONZ","KONZ_025",,"NEON.PLA.D06.KONZ.04175","ok","small tree","Standing dead",3.5,130,2.7,,,,1.5,1.1,,,,,,,,"29ijMy9MQrb2WVN5VAGx5yJYUUR+JCj4o2kquEi7qzw=","iq7r+K7zVrnuv4AA404AgFzhbma7sELOneHM1T36pZk=",
"7c81483b-1968-4504-9540-d60476e0e78e","KONZ_025.basePlot.vst","2018-01-09","vst_KONZ_2018","D06","KONZ","KONZ_025",,"NEON.PLA.D06.KONZ.04159","ok","sapling","Live",,,0.8,,,,,,,,1.1,10,,,,"29ijMy9MQrb2WVN5VAGx5yJYUUR+JCj4o2kquEi7qzw=","iq7r+K7zVrnuv4AA404AgFzhbma7sELOneHM1T36pZk=",
"8b0fd4f9-aa80-406c-8299-81e2c7a09bc0","KONZ_025.basePlot.vst","2018-01-09","vst_KONZ_2018","D06","KONZ","KONZ_025",,"NEON.PLA.D06.KONZ.04185","ok","single bole tree","Live",31.9,130,11.7,,,,8.2,7.2,"Partially shaded",,,,,,,"29ijMy9MQrb2WVN5VAGx5yJYUUR+JCj4o2kquEi7qzw=","iq7r+K7zVrnuv4AA404AgFzhbma7sELOneHM1T36pZk=",
"adaadc00-568d-4f92-9586-3dea316ca966","KONZ_025.basePlot.vst","2018-01-09","vst_KONZ_2018","D06","KONZ","KONZ_025",,"NEON.PLA.D06.KONZ.04172","ok","small shrub","Live",,,0.7,,,,0.2,0.1,,"cylinder",1.1,10,,,,"29ijMy9MQrb2WVN5VAGx5yJYUUR+JCj4o2kquEi7qzw=","iq7r+K7zVrnuv4AA404AgFzhbma7sELOneHM1T36pZk=",
"d16624ae-365c-4a00-8647-91bbeca80613","KONZ_025.basePlot.vst","2018-01-09","vst_KONZ_2018","D06","KONZ","KONZ_025",,"NEON.PLA.D06.KONZ.04157","ok","small shrub","Live",,,1.2,,,,0.5,0.4,,"cylinder",1.0,10,,,,"29ijMy9MQrb2WVN5VAGx5yJYUUR+JCj4o2kquEi7qzw=","iq7r+K7zVrnuv4AA404AgFzhbma7sELOneHM1T36pZk=",
"e913739c-52e5-42b4-877f-0aca92141f33","KONZ_025.basePlot.vst","2018-01-09","vst_KONZ_2018","D06","KONZ","KONZ_025",,"NEON.PLA.D06.KONZ.04151","ok","multi-bole tree","Live",19.4,170,9.0,,,,9.5,4.5,"Mostly shaded",,,,,,,"29ijMy9MQrb2WVN5VAGx5yJYUUR+JCj4o2kquEi7qzw=","iq7r+K7zVrnuv4AA404AgFzhbma7sELOneHM1T36pZk=",
"5ca8d418-e24c-4108-9389-2c5f46249371","KONZ_025.basePlot.vst","2018-01-09","vst_KONZ_2018","D06","KONZ","KONZ_025",,"NEON.PLA.D06.KONZ.04156","ok","small shrub","Live, physically damaged",,,0.8,,,,0.8,0.2,,"cylinder",2.1,10,,,,"29ijMy9MQrb2WVN5VAGx5yJYUUR+JCj4o2kquEi7qzw=","iq7r+K7zVrnuv4AA404AgFzhbma7sELOneHM1T36pZk=",
"f3cbf0ec-6192-46f3-84ae-33974f5614bd","KONZ_025.basePlot.vst","2018-01-09","vst_KONZ_2018","D06","KONZ","KONZ_025",,"NEON.PLA.D06.KONZ.04164","ok","sapling","Standing dead",,,1.6,,,,,,,,2.0,10,,,,"29ijMy9MQrb2WVN5VAGx5yJYUUR+JCj4o2kquEi7qzw=","iq7r+K7zVrnuv4AA404AgFzhbma7sELOneHM1T36pZk=",
"8a6d7b01-5575-4b5b-a664-8d3734fc2ad2","KONZ_025.basePlot.vst","2018-01-09","vst_KONZ_2018","D06","KONZ","KONZ_025",,"NEON.PLA.D06.KONZ.04170","ok","small shrub","Live",,,0.9,,,,0.5,0.5,,"cylinder",1.2,10,,,,"29ijMy9MQrb2WVN5VAGx5yJYUUR+JCj4o2kquEi7qzw=","iq7r+K7zVrnuv4AA404AgFzhbma7sELOneHM1T36pZk=",
"b0f1e002-b67b-490c-a431-599e0fc5c63d","KONZ_025.basePlot.vst","2018-01-09","vst_KONZ_2018","D06","KONZ","KONZ_025",,"NEON.PLA.D06.KONZ.05405Z","ok","single bole tree","Live",17.7,130,8.3,,,,6.1,5.0,"Mostly shaded",,,,,,,"29ijMy9MQrb2WVN5VAGx5yJYUUR+JCj4o2kquEi7qzw=","iq7r+K7zVrnuv4AA404AgFzhbma7sELOneHM1T36pZk=",
"61985d5f-0019-4c36-87e7-5b95d0e2e680","KONZ_025.basePlot.vst","2018-01-09","vst_KONZ_2018","D06","KONZ","KONZ_025",,"NEON.PLA.D06.KONZ.04178","ok","small tree","Live",7.4,130,5.0,,,,5.0,1.2,,,,,,,,"29ijMy9MQrb2WVN5VAGx5yJYUUR+JCj4o2kquEi7qzw=","iq7r+K7zVrnuv4AA404AgFzhbma7sELOneHM1T36pZk=",
"662068fd-765e-4cbb-9c3d-c30ec0989de0","KONZ_025.basePlot.vst","2018-01-09","vst_KONZ_2018","D06","KONZ","KONZ_025",,"NEON.PLA.D06.KONZ.04150","ok","small tree","Live, physically damaged",6.1,130,8.2,,,,3.3,1.8,,,,,,,,"29ijMy9MQrb2WVN5VAGx5yJYUUR+JCj4o2kquEi7qzw=","iq7r+K7zVrnuv4AA404AgFzhbma7sELOneHM1T36pZk=",
"e0641390-60ac-40b7-8223-b50ad59499aa","KONZ_025.basePlot.vst","2018-01-09","vst_KONZ_2018","D06","KONZ","KONZ_025",,"NEON.PLA.D06.KONZ.04155","ok","small shrub","Live",,,0.6,,,,0.2,0.2,,"cylinder",1.0,10,,,,"29ijMy9MQrb2WVN5VAGx5yJYUUR+JCj4o2kquEi7qzw=","iq7r+K7zVrnuv4AA404AgFzhbma7sELOneHM1T36pZk=",
"d4e52d56-2412-4fe5-b0a2-c71723dcd344","KONZ_025.basePlot.vst","2018-01-09","vst_KONZ_2018","D06","KONZ","KONZ_025",,"NEON.PLA.D06.KONZ.04186","ok","single bole tree","Live",32.0,130,10.4,,,,11.6,10.0,"Partially shaded",,,,,,,"29ijMy9MQrb2WVN5VAGx5yJYUUR+JCj4o2kquEi7qzw=","iq7r+K7zVrnuv4AA404AgFzhbma7sELOneHM1T36pZk=",
"a372397d-1b71-4f9b-bb2e-b2c6ae6259f7","KONZ_025.basePlot.vst","2018-01-09","vst_KONZ_2018","D06","KONZ","KONZ_025",,"NEON.PLA.D06.KONZ.04174","ok","small tree","Standing dead",8.5,130,6.5,,,,2.6,1.6,,,,,,,,"29ijMy9MQrb2WVN5VAGx5yJYUUR+JCj4o2kquEi7qzw=","iq7r+K7zVrnuv4AA404AgFzhbma7sELOneHM1T36pZk=",
"c4225303-f6bd-4939-98d6-32779f7fc65e","KONZ_025.basePlot.vst","2018-01-09","vst_KONZ_2018","D06","KONZ","KONZ_025",,"NEON.PLA.D06.KONZ.04182A","ok","multi-bole tree","Live",21.9,200,,,,,,,,,,,,,,"29ijMy9MQrb2WVN5VAGx5yJYUUR+JCj4o2kquEi7qzw=","iq7r+K7zVrnuv4AA404AgFzhbma7sELOneHM1T36pZk=",
"8ce48657-174d-4bb9-8e3a-693167a403f8","KONZ_025.basePlot.vst","2018-01-09","vst_KONZ_2018","D06","KONZ","KONZ_025",,"NEON.PLA.D06.KONZ.04167","ok","small shrub","Dead, broken bole",,,0.5,,0.5,,0.1,0.1,,"cylinder",1.4,10,,,,"29ijMy9MQrb2WVN5VAGx5yJYUUR+JCj4o2kquEi7qzw=","iq7r+K7zVrnuv4AA404AgFzhbma7sELOneHM1T36pZk=",
"82713560-7cc3-4ab8-b562-237eefeda808","KONZ_025.basePlot.vst","2018-01-09","vst_KONZ_2018","D06","KONZ","KONZ_025",,"NEON.PLA.D06.KONZ.04173","ok","small shrub","Live",,,0.8,,,,0.2,0.1,,"cylinder",1.1,10,,,,"29ijMy9MQrb2WVN5VAGx5yJYUUR+JCj4o2kquEi7qzw=","iq7r+K7zVrnuv4AA404AgFzhbma7sELOneHM1T36pZk=",
"3acb525d-8770-4213-97a3-3d17cb1f7e23","KONZ_025.basePlot.vst","2018-01-09","vst_KONZ_2018","D06","KONZ","KONZ_025",,"NEON.PLA.D06.KONZ.04168","ok","small shrub","Live",,,0.7,,,,0.4,0.3,,"cylinder",1.1,10,,,,"29ijMy9MQrb2WVN5VAGx5yJYUUR+JCj4o2kquEi7qzw=","iq7r+K7zVrnuv4AA404AgFzhbma7sELOneHM1T36pZk=",
"ee668fe6-0f5f-4ae0-8b22-9fba4f7f6654","KONZ_025.basePlot.vst","2018-01-09","vst_KONZ_2018","D06","KONZ","KONZ_025",,"NEON.PLA.D06.KONZ.04166","ok","small shrub","Live",,,1.2,,,,0.5,0.3,,"cylinder",1.1,10,,,,"29ijMy9MQrb2WVN5VAGx5yJYUUR+JCj4o2kquEi7qzw=","iq7r+K7zVrnuv4AA404AgFzhbma7sELOneHM1T36pZk=",
"929cddfd-ffe5-435c-8168-4a43b54be55e","KONZ_025.basePlot.vst","2018-01-09","vst_KONZ_2018","D06","KONZ","KONZ_025",,"NEON.PLA.D06.KONZ.04148A","ok","multi-bole tree","Live",12.5,180,,,,,,,,,,,,,,"29ijMy9MQrb2WVN5VAGx5yJYUUR+JCj4o2kquEi7qzw=","iq7r+K7zVrnuv4AA404AgFzhbma7sELOneHM1T36pZk=",
"419c2a0b-bfce-4d3c-924b-5cf4596be024","KONZ_025.basePlot.vst","2018-01-09","vst_KONZ_2018","D06","KONZ","KONZ_025",,"NEON.PLA.D06.KONZ.05402Z","ok","single bole tree","Live",20.5,130,5.5,,,,6.1,5.9,"Partially shaded",,,,,,,"29ijMy9MQrb2WVN5VAGx5yJYUUR+JCj4o2kquEi7qzw=","iq7r+K7zVrnuv4AA404AgFzhbma7sELOneHM1T36pZk=",
"0c6f9804-544d-4eff-99c4-06fd91a7f952","KONZ_025.basePlot.vst","2018-01-09","vst_KONZ_2018","D06","KONZ","KONZ_025",,"NEON.PLA.D06.KONZ.04184","ok","single bole tree","Live",19.5,130,9.9,,,,5.8,3.7,"Partially shaded",,,,,,,"29ijMy9MQrb2WVN5VAGx5yJYUUR+JCj4o2kquEi7qzw=","iq7r+K7zVrnuv4AA404AgFzhbma7sELOneHM1T36pZk=",
"05881f67-2cf3-4b89-acfb-4d7f633cd1dc","KONZ_025.basePlot.vst","2018-01-09","vst_KONZ_2018","D06","KONZ","KONZ_025",,"NEON.PLA.D06.KONZ.04162","ok","small shrub","Live",,,1.0,,,,0.6,0.5,,"cylinder",1.0,10,,,,"29ijMy9MQrb2WVN5VAGx5yJYUUR+JCj4o2kquEi7qzw=","iq7r+K7zVrnuv4AA404AgFzhbma7sELOneHM1T36pZk=",
"e8959ffa-0867-49da-8ae9-8180b1aa67b7","KONZ_025.basePlot.vst","2018-01-09","vst_KONZ_2018","D06","KONZ","KONZ_025",,"NEON.PLA.D06.KONZ.04169","ok","small shrub","Live",,,0.9,,,,0.5,0.4,,"cylinder",1.5,10,,,,"29ijMy9MQrb2WVN5VAGx5yJYUUR+JCj4o2kquEi7qzw=","iq7r+K7zVrnuv4AA404AgFzhbma7sELOneHM1T36pZk=",
"a46d0760-a6ce-40d6-8469-c876b39393ad","KONZ_025.basePlot.vst","2018-01-09","vst_KONZ_2018","D06","KONZ","KONZ_025",,"NEON.PLA.D06.KONZ.04171","ok","small shrub","Live",,,0.5,,,,0.2,0.1,,"cylinder",1.1,10,,,,"29ijMy9MQrb2WVN5VAGx5yJYUUR+JCj4o2kquEi7qzw=","iq7r+K7zVrnuv4AA404AgFzhbma7sELOneHM1T36pZk=",
"3c544660-7381-44de-b93f-29a7e6976b8e","KONZ_025.basePlot.vst","2018-01-09","vst_KONZ_2018","D06","KONZ","KONZ_025",,"NEON.PLA.D06.KONZ.04182","ok","multi-bole tree","Live",25.9,200,9.0,,,,10.0,7.1,"Partially shaded",,,,,,,"29ijMy9MQrb2WVN5VAGx5yJYUUR+JCj4o2kquEi7qzw=","iq7r+K7zVrnuv4AA404AgFzhbma7sELOneHM1T36pZk=",
"0122acf1-f332-422c-98bb-de7ea07da1b8","KONZ_025.basePlot.vst","2018-01-09","vst_KONZ_2018","D06","KONZ","KONZ_025",,"NEON.PLA.D06.KONZ.04176","ok","small tree","Standing dead",6.0,130,6.1,,,,0.9,0.8,,,,,,,,"29ijMy9MQrb2WVN5VAGx5yJYUUR+JCj4o2kquEi7qzw=","iq7r+K7zVrnuv4AA404AgFzhbma7sELOneHM1T36pZk=",
"fc8fbb4d-8255-4b2b-8b8f-0dc4f8d3d3c2","KONZ_025.basePlot.vst","2018-01-09","vst_KONZ_2018","D06","KONZ","KONZ_025",,"NEON.PLA.D06.KONZ.04152","ok","single bole tree","Live",18.9,130,7.7,,,,5.0,3.3,"Mostly shaded",,,,,,,"29ijMy9MQrb2WVN5VAGx5yJYUUR+JCj4o2kquEi7qzw=","iq7r+K7zVrnuv4AA404AgFzhbma7sELOneHM1T36pZk=",
"81aaacae-ae20-4a91-b813-89aa9dcd0c3f","KONZ_025.basePlot.vst","2018-01-09","vst_KONZ_2018","D06","KONZ","KONZ_025",,"NEON.PLA.D06.KONZ.04177","ok","small tree","Standing dead",9.0,130,5.0,,,,3.6,2.5,,,,,,,,"29ijMy9MQrb2WVN5VAGx5yJYUUR+JCj4o2kquEi7qzw=","iq7r+K7zVrnuv4AA404AgFzhbma7sELOneHM1T36pZk=",
"f1fbf744-9907-4d48-89e0-a18c6de160d7","KONZ_025.basePlot.vst","2018-01-09","vst_KONZ_2018","D06","KONZ","KONZ_025",,"NEON.PLA.D06.KONZ.04165","ok","small shrub","Live",,,1.2,,,,1.0,0.5,,"cylinder",1.6,10,,,,"29ijMy9MQrb2WVN5VAGx5yJYUUR+JCj4o2kquEi7qzw=","iq7r+K7zVrnuv4AA404AgFzhbma7sELOneHM1T36pZk=",
"fc0f0de3-8da1-41e9-8098-abd1616f3de9","KONZ_025.basePlot.vst","2018-01-09","vst_KONZ_2018","D06","KONZ","KONZ_025",,"NEON.PLA.D06.KONZ.04149","ok","single bole tree","Live",24.0,130,11.3,,,,10.3,4.0,"Mostly shaded",,,,,,,"29ijMy9MQrb2WVN5VAGx5yJYUUR+JCj4o2kquEi7qzw=","iq7r+K7zVrnuv4AA404AgFzhbma7sELOneHM1T36pZk=",
"facbad68-dfe5-404b-991d-13c6c1fa532c","KONZ_025.basePlot.vst","2018-01-09","vst_KONZ_2018","D06","KONZ","KONZ_025",,"NEON.PLA.D06.KONZ.04143","ok","single bole tree","Live",30.3,140,8.0,,,,9.3,7.4,"Partially shaded",,,,,,,"29ijMy9MQrb2WVN5VAGx5yJYUUR+JCj4o2kquEi7qzw=","iq7r+K7zVrnuv4AA404AgFzhbma7sELOneHM1T36pZk=",
"32c3cc7c-ccb9-4cf1-843d-181eb36c4c8a","KONZ_025.basePlot.vst","2018-01-09","vst_KONZ_2018","D06","KONZ","KONZ_025",,"NEON.PLA.D06.KONZ.05403","ok","single bole tree","Live",10.0,130,5.1,,,,4.8,4.2,"Mostly shaded",,,,,,,"29ijMy9MQrb2WVN5VAGx5yJYUUR+JCj4o2kquEi7qzw=","iq7r+K7zVrnuv4AA404AgFzhbma7sELOneHM1T36pZk=",
"1a32c027-091b-422e-aa82-4408033d087b","KONZ_025.basePlot.vst","2018-01-09","vst_KONZ_2018","D06","KONZ","KONZ_025",,"NEON.PLA.D06.KONZ.04160","ok","small shrub","Live",,,0.9,,,,0.6,0.3,,"cylinder",1.0,10,,,,"29ijMy9MQrb2WVN5VAGx5yJYUUR+JCj4o2kquEi7qzw=","iq7r+K7zVrnuv4AA404AgFzhbma7sELOneHM1T36pZk=",
"771d6991-f5f4-4596-ae5d-696a6e6c6139","KONZ_025.basePlot.vst","2018-01-09","vst_KONZ_2018","D06","KONZ","KONZ_025",,"NEON.PLA.D06.KONZ.04151A","ok","multi-bole tree","Live",17.6,170,,,,,,,,,,,,,,"29ijMy9MQrb2WVN5VAGx5yJYUUR+JCj4o2kquEi7qzw=","iq7r+K7zVrnuv4AA404AgFzhbma7sELOneHM1T36pZk=",
"9b0c1bbc-7990-4d44-8a1f-7c34159abc18","KONZ_025.basePlot.vst","2018-01-09","vst_KONZ_2018","D06","KONZ","KONZ_025",,"NEON.PLA.D06.KONZ.04148","ok","multi-bole tree","Live",14.5,180,9.4,,,,8.2,4.3,"Mostly shaded",,,,,,,"29ijMy9MQrb2WVN5VAGx5yJYUUR+JCj4o2kquEi7qzw=","iq7r+K7zVrnuv4AA404AgFzhbma7sELOneHM1T36pZk=",
"9cdbd454-d195-47e6-82f4-ca3cb30d50af","KONZ_025.basePlot.vst","2018-01-09","vst_KONZ_2018","D06","KONZ","KONZ_025",,"NEON.PLA.D06.KONZ.04147","ok","single bole tree","Live",25.0,130,9.0,,,,8.5,6.7,"Partially shaded",,,,,,,"29ijMy9MQrb2WVN5VAGx5yJYUUR+JCj4o2kquEi7qzw=","iq7r+K7zVrnuv4AA404AgFzhbma7sELOneHM1T36pZk=",
"e946b75d-c769-40c8-9877-0e583543d87a","KONZ_025.basePlot.vst","2018-01-09","vst_KONZ_2018","D06","KONZ","KONZ_025",,"NEON.PLA.D06.KONZ.04179","ok","small tree","Live",9.2,130,4.8,,,,2.5,2.4,,,,,,,,"29ijMy9MQrb2WVN5VAGx5yJYUUR+JCj4o2kquEi7qzw=","iq7r+K7zVrnuv4AA404AgFzhbma7sELOneHM1T36pZk=",
"ea586a80-afb4-4591-9f96-f51302c6462d","KONZ_025.basePlot.vst","2018-01-09","vst_KONZ_2018","D06","KONZ","KONZ_025",,"NEON.PLA.D06.KONZ.04158","ok","small shrub","Standing dead",,,1.0,,,,0.5,0.2,,"cylinder",1.6,10,,,,"29ijMy9MQrb2WVN5VAGx5yJYUUR+JCj4o2kquEi7qzw=","iq7r+K7zVrnuv4AA404AgFzhbma7sELOneHM1T36pZk=",
"6d66d670-85d0-40fd-aa02-0880da84752b","KONZ_025.basePlot.vst","2018-01-09","vst_KONZ_2018","D06","KONZ","KONZ_025",,"NEON.PLA.D06.KONZ.04183","ok","single bole tree","Live",24.3,130,7.3,,,,9.0,8.8,"Mostly shaded",,,,,,,"29ijMy9MQrb2WVN5VAGx5yJYUUR+JCj4o2kquEi7qzw=","iq7r+K7zVrnuv4AA404AgFzhbma7sELOneHM1T36pZk=",
"a304d722-1dae-4a4c-9c67-a7e1d3dd097a","KONZ_025.basePlot.vst","2018-01-09","vst_KONZ_2018","D06","KONZ","KONZ_025",,"NEON.PLA.D06.KONZ.04153","ok","small shrub","Live",,,0.7,,,,0.5,0.5,,"cylinder",1.8,10,,,,"29ijMy9MQrb2WVN5VAGx5yJYUUR+JCj4o2kquEi7qzw=","iq7r+K7zVrnuv4AA404AgFzhbma7sELOneHM1T36pZk=",
"9fa1d680-8260-469f-9947-4606f13b7f2f","KONZ_025.basePlot.vst","2018-01-09","vst_KONZ_2018","D06","KONZ","KONZ_025",,"NEON.PLA.D06.KONZ.04181A","ok","multi-bole tree","Live",15.8,190,,,,,,,,,,,,,,"29ijMy9MQrb2WVN5VAGx5yJYUUR+JCj4o2kquEi7qzw=","iq7r+K7zVrnuv4AA404AgFzhbma7sELOneHM1T36pZk=",
"d777bb89-c7e5-4e97-afb5-7aa0d379c060","KONZ_025.basePlot.vst","2018-01-09","vst_KONZ_2018","D06","KONZ","KONZ_025",,"NEON.PLA.D06.KONZ.04150","ok","small tree","Live",3.4,130,8.2,,,,3.3,1.8,,,,,,,,"29ijMy9MQrb2WVN5VAGx5yJYUUR+JCj4o2kquEi7qzw=","iq7r+K7zVrnuv4AA404AgFzhbma7sELOneHM1T36pZk=",
"913af59d-8615-4a38-8758-725bfe191783","KONZ_025.basePlot.vst","2018-01-09","vst_KONZ_2018","D06","KONZ","KONZ_025",,"NEON.PLA.D06.KONZ.04166","ok","small shrub","Live",,,1.2,,,,0.5,0.3,,"cylinder",1.1,10,,,,"29ijMy9MQrb2WVN5VAGx5yJYUUR+JCj4o2kquEi7qzw=","iq7r+K7zVrnuv4AA404AgFzhbma7sELOneHM1T36pZk=",
"cb426b63-02e8-4602-b425-883e33da18dc","KONZ_025.basePlot.vst","2018-01-09","vst_KONZ_2018","D06","KONZ","KONZ_025",,"NEON.PLA.D06.KONZ.04181","ok","multi-bole tree","Live",22.0,190,9.0,,,,9.7,6.7,"Partially shaded",,,,,,,"29ijMy9MQrb2WVN5VAGx5yJYUUR+JCj4o2kquEi7qzw=","iq7r+K7zVrnuv4AA404AgFzhbma7sELOneHM1T36pZk=",
"9db3640b-748f-40a7-b9c8-04275c2eb9d8","KONZ_025.basePlot.vst","2018-01-09","vst_KONZ_2018","D06","KONZ","KONZ_025",,"NEON.PLA.D06.KONZ.04163","ok","small shrub","Live",,,0.9,,,,0.5,0.3,,"cylinder",1.1,10,,,,"29ijMy9MQrb2WVN5VAGx5yJYUUR+JCj4o2kquEi7qzw=","iq7r+K7zVrnuv4AA404AgFzhbma7sELOneHM1T36pZk=",
"da4559e3-6556-4c7c-a179-651abe6bffac","KONZ_025.basePlot.vst","2018-01-09","vst_KONZ_2018","D06","KONZ","KONZ_025",,"NEON.PLA.D06.KONZ.04180","ok","small tree","Live",8.6,130,6.8,,,,4.0,1.6,,,,,,,,"29ijMy9MQrb2WVN5VAGx5yJYUUR+JCj4o2kquEi7qzw=","iq7r+K7zVrnuv4AA404AgFzhbma7sELOneHM1T36pZk=",
"d1b7c78f-58db-446d-baeb-4ed58cf6257d","KONZ_025.basePlot.vst","2018-01-09","vst_KONZ_2018","D06","KONZ","KONZ_025",,"NEON.PLA.D06.KONZ.04146","ok","small tree","Live",5.6,130,4.7,,,,2.9,2.9,,,,,,,,"29ijMy9MQrb2WVN5VAGx5yJYUUR+JCj4o2kquEi7qzw=","iq7r+K7zVrnuv4AA404AgFzhbma7sELOneHM1T36pZk=",
"02f9c5e7-9061-4732-b62c-7c0ccc1e76a9","KONZ_025.basePlot.vst","2018-01-09","vst_KONZ_2018","D06","KONZ","KONZ_025",,"NEON.PLA.D06.KONZ.04187","ok","small tree","Standing dead",4.4,130,2.2,,,,1.0,0.4,,,,,,,,"29ijMy9MQrb2WVN5VAGx5yJYUUR+JCj4o2kquEi7qzw=","iq7r+K7zVrnuv4AA404AgFzhbma7sELOneHM1T36pZk=",
"f44c6c4d-0744-46bc-876a-cc353ff69934","KONZ_025.basePlot.vst","2018-01-09","vst_KONZ_2018","D06","KONZ","KONZ_025",,"NEON.PLA.D06.KONZ.04161","ok","small shrub","Live",,,1.2,,,,0.5,0.4,,"cylinder",1.1,10,,,,"29ijMy9MQrb2WVN5VAGx5yJYUUR+JCj4o2kquEi7qzw=","iq7r+K7zVrnuv4AA404AgFzhbma7sELOneHM1T36pZk=",
"d25f2e1c-ea10-460b-aedb-e2fb3f2538d0","KONZ_025.basePlot.vst","2018-01-09","vst_KONZ_2018","D06","KONZ","KONZ_025",,"NEON.PLA.D06.KONZ.04153","ok","small shrub","Live",,,0.7,,,,0.5,0.5,,"cylinder",1.3,10,,,,"29ijMy9MQrb2WVN5VAGx5yJYUUR+JCj4o2kquEi7qzw=","iq7r+K7zVrnuv4AA404AgFzhbma7sELOneHM1T36pZk=",
"3158d841-783b-4d38-9f0f-aac2bfa5a386","KONZ_025.basePlot.vst","2018-01-09","vst_KONZ_2018","D06","KONZ","KONZ_025",,"NEON.PLA.D06.KONZ.04144","ok","small tree","Live",5.8,130,6.1,,,,3.1,2.6,,,,,,,,"29ijMy9MQrb2WVN5VAGx5yJYUUR+JCj4o2kquEi7qzw=","iq7r+K7zVrnuv4AA404AgFzhbma7sELOneHM1T36pZk=",
"12d83bf8-17cb-4c1f-8803-a853a3bb4777","KONZ_025.basePlot.vst","2018-01-09","vst_KONZ_2018","D06","KONZ","KONZ_025",,"NEON.PLA.D06.KONZ.04154","ok","small shrub","Live, physically damaged",,,0.9,,,,0.2,0.1,,"cylinder",1.7,10,,,,"29ijMy9MQrb2WVN5VAGx5yJYUUR+JCj4o2kquEi7qzw=","iq7r+K7zVrnuv4AA404AgFzhbma7sELOneHM1T36pZk=",
"40f67ff7-1226-4753-9006-bf905551080a","KONZ_025.basePlot.vst","2018-01-09","vst_KONZ_2018","D06","KONZ","KONZ_025",,"NEON.PLA.D06.KONZ.04145","ok","single bole tree","Live",23.7,130,9.4,,,,10.4,6.5,"Mostly shaded",,,,,,,"29ijMy9MQrb2WVN5VAGx5yJYUUR+JCj4o2kquEi7qzw=","iq7r+K7zVrnuv4AA404AgFzhbma7sELOneHM1T36pZk=",
"f558cc78-5f0c-4a1d-a323-fc9c592332d3","KONZ_024.basePlot.vst","2018-01-10","vst_KONZ_2018","D06","KONZ","KONZ_024",,"NEON.PLA.D06.KONZ.05153","ok","small shrub","Live",,,1.3,,,,0.3,0.3,,"cylinder",1.2,10,,,,"29ijMy9MQrb2WVN5VAGx5yJYUUR+JCj4o2kquEi7qzw=","iq7r+K7zVrnuv4AA404AgFzhbma7sELOneHM1T36pZk=",
"35d1a3c2-657f-45a3-93d5-98f88c6ae7d7","KONZ_024.basePlot.vst","2018-01-10","vst_KONZ_2018","D06","KONZ","KONZ_024",,"NEON.PLA.D06.KONZ.04197","ok","small shrub","Live, physically damaged",,,1.2,,,,1.0,0.4,,"cylinder",1.9,10,,,,"29ijMy9MQrb2WVN5VAGx5yJYUUR+JCj4o2kquEi7qzw=","iq7r+K7zVrnuv4AA404AgFzhbma7sELOneHM1T36pZk=",
"58d0404e-37eb-489c-8a86-ac441442aa1e","KONZ_024.basePlot.vst","2018-01-10","vst_KONZ_2018","D06","KONZ","KONZ_024",,"NEON.PLA.D06.KONZ.04192","ok","small shrub","Live",,,,,,,,,,"cylinder",1.2,10,,,,"29ijMy9MQrb2WVN5VAGx5yJYUUR+JCj4o2kquEi7qzw=","iq7r+K7zVrnuv4AA404AgFzhbma7sELOneHM1T36pZk=",
"084537d4-02c0-4f58-9511-2666f28fab28","KONZ_003.basePlot.vst","2018-01-10","vst_KONZ_2018","D06","KONZ","KONZ_003",,"NEON.PLA.D06.KONZ.05171","ok","small shrub","Standing dead",,,2.1,,,,0.8,0.5,,"cylinder",1.9,10,,,,"29ijMy9MQrb2WVN5VAGx5yJYUUR+JCj4o2kquEi7qzw=","iq7r+K7zVrnuv4AA404AgFzhbma7sELOneHM1T36pZk=",
"515e1d43-8c01-4fed-b352-caaedcefcbc0","KONZ_003.basePlot.vst","2018-01-10","vst_KONZ_2018","D06","KONZ","KONZ_003",,"NEON.PLA.D06.KONZ.04942","ok","small shrub","Live",,,1.7,,,,0.5,0.4,,"cylinder",1.3,10,,,,"29ijMy9MQrb2WVN5VAGx5yJYUUR+JCj4o2kquEi7qzw=","iq7r+K7zVrnuv4AA404AgFzhbma7sELOneHM1T36pZk=",
"b0f2af2e-746f-44dd-9d12-6d213d25558a","KONZ_003.basePlot.vst","2018-01-10","vst_KONZ_2018","D06","KONZ","KONZ_003",,"NEON.PLA.D06.KONZ.04903","ok","small shrub","Live",,,2.0,,,,0.7,0.6,,"cylinder",1.2,10,,,,"29ijMy9MQrb2WVN5VAGx5yJYUUR+JCj4o2kquEi7qzw=","iq7r+K7zVrnuv4AA404AgFzhbma7sELOneHM1T36pZk=",
"1da623ca-4234-4bc7-9612-b51de8145bbc","KONZ_003.basePlot.vst","2018-01-10","vst_KONZ_2018","D06","KONZ","KONZ_003",,"NEON.PLA.D06.KONZ.05186","ok","small shrub","Standing dead",,,1.8,,,,0.5,0.3,,"cylinder",1.4,10,,,,"29ijMy9MQrb2WVN5VAGx5yJYUUR+JCj4o2kquEi7qzw=","iq7r+K7zVrnuv4AA404AgFzhbma7sELOneHM1T36pZk=",
"dafac5ba-90a9-42ea-b304-4df44b3944bb","KONZ_003.basePlot.vst","2018-01-10","vst_KONZ_2018","D06","KONZ","KONZ_003",,"NEON.PLA.D06.KONZ.04948","ok","small shrub","Standing dead",,,1.5,,,,0.6,0.5,,"cylinder",1.0,10,,,,"29ijMy9MQrb2WVN5VAGx5yJYUUR+JCj4o2kquEi7qzw=","iq7r+K7zVrnuv4AA404AgFzhbma7sELOneHM1T36pZk=",
"795d0dd0-683b-4725-9093-519fb6176148","KONZ_003.basePlot.vst","2018-01-10","vst_KONZ_2018","D06","KONZ","KONZ_003",,"NEON.PLA.D06.KONZ.04949","ok","small shrub","Live",,,2.0,,,,0.7,0.6,,"cylinder",1.4,10,,,,"29ijMy9MQrb2WVN5VAGx5yJYUUR+JCj4o2kquEi7qzw=","iq7r+K7zVrnuv4AA404AgFzhbma7sELOneHM1T36pZk=",
"e29d1584-1b9d-480e-aa90-941d57b38619","KONZ_003.basePlot.vst","2018-01-10","vst_KONZ_2018","D06","KONZ","KONZ_003",,"NEON.PLA.D06.KONZ.05184","ok","small shrub","Live",,,1.6,,,,0.3,0.2,,"cylinder",1.0,10,,,,"29ijMy9MQrb2WVN5VAGx5yJYUUR+JCj4o2kquEi7qzw=","iq7r+K7zVrnuv4AA404AgFzhbma7sELOneHM1T36pZk=",
"587f1bfb-2ca1-444e-9474-3db2df2f2123","KONZ_003.basePlot.vst","2018-01-10","vst_KONZ_2018","D06","KONZ","KONZ_003",,"NEON.PLA.D06.KONZ.05159","ok","small shrub","Standing dead",,,1.6,,,,0.5,0.3,,"cylinder",1.4,10,,,,"29ijMy9MQrb2WVN5VAGx5yJYUUR+JCj4o2kquEi7qzw=","iq7r+K7zVrnuv4AA404AgFzhbma7sELOneHM1T36pZk=",
"154b5b6f-67cb-40aa-b7af-4f5ddcdf0cc7","KONZ_003.basePlot.vst","2018-01-10","vst_KONZ_2018","D06","KONZ","KONZ_003",,"NEON.PLA.D06.KONZ.05180","ok","small shrub","Standing dead",,,2.3,,,,0.6,0.3,,"cylinder",1.9,10,,,,"29ijMy9MQrb2WVN5VAGx5yJYUUR+JCj4o2kquEi7qzw=","iq7r+K7zVrnuv4AA404AgFzhbma7sELOneHM1T36pZk=",
"8698a4ba-51bd-4421-91f9-ce116a64d9a5","KONZ_003.basePlot.vst","2018-01-10","vst_KONZ_2018","D06","KONZ","KONZ_003",,"NEON.PLA.D06.KONZ.05175","ok","small shrub","Live",,,1.8,,,,0.3,0.2,,"cylinder",1.4,10,,,,"29ijMy9MQrb2WVN5VAGx5yJYUUR+JCj4o2kquEi7qzw=","iq7r+K7zVrnuv4AA404AgFzhbma7sELOneHM1T36pZk=",
"1304474c-3b6b-484d-9358-67ba5198e346","KONZ_003.basePlot.vst","2018-01-10","vst_KONZ_2018","D06","KONZ","KONZ_003",,"NEON.PLA.D06.KONZ.05178","ok","small shrub","Live",,,2.3,,,,0.5,0.4,,"cylinder",1.4,10,,,,"29ijMy9MQrb2WVN5VAGx5yJYUUR+JCj4o2kquEi7qzw=","iq7r+K7zVrnuv4AA404AgFzhbma7sELOneHM1T36pZk=",
"a8ec9f61-0df9-4020-b63c-8a2760a1a7e6","KONZ_003.basePlot.vst","2018-01-10","vst_KONZ_2018","D06","KONZ","KONZ_003",,"NEON.PLA.D06.KONZ.05172","ok","small shrub","Live",,,1.8,,,,0.6,0.5,,"cylinder",1.1,10,,,,"29ijMy9MQrb2WVN5VAGx5yJYUUR+JCj4o2kquEi7qzw=","iq7r+K7zVrnuv4AA404AgFzhbma7sELOneHM1T36pZk=",
"55af24de-b87f-46b7-9dd0-e410453e5f2a","KONZ_003.basePlot.vst","2018-01-10","vst_KONZ_2018","D06","KONZ","KONZ_003",,"NEON.PLA.D06.KONZ.04941","ok","small shrub","Live",,,1.2,,,,0.4,0.3,,"cylinder",1.2,10,,,,"29ijMy9MQrb2WVN5VAGx5yJYUUR+JCj4o2kquEi7qzw=","iq7r+K7zVrnuv4AA404AgFzhbma7sELOneHM1T36pZk=",
"dc2a7ebb-694f-4936-9433-091c45306415","KONZ_003.basePlot.vst","2018-01-10","vst_KONZ_2018","D06","KONZ","KONZ_003",,"NEON.PLA.D06.KONZ.05158","ok","small shrub","Live",,,2.0,,,,0.4,0.2,,"cylinder",1.0,10,,,,"29ijMy9MQrb2WVN5VAGx5yJYUUR+JCj4o2kquEi7qzw=","iq7r+K7zVrnuv4AA404AgFzhbma7sELOneHM1T36pZk=",
"4a17ef9d-5921-4092-af47-48ddcaa4d3ca","KONZ_003.basePlot.vst","2018-01-10","vst_KONZ_2018","D06","KONZ","KONZ_003",,"NEON.PLA.D06.KONZ.04901","ok","small shrub","Live",,,1.2,,,,0.2,0.2,,"cylinder",1.2,10,,,,"29ijMy9MQrb2WVN5VAGx5yJYUUR+JCj4o2kquEi7qzw=","iq7r+K7zVrnuv4AA404AgFzhbma7sELOneHM1T36pZk=",
"b1206bc1-624e-4213-b8ac-abeca1d8255c","KONZ_003.basePlot.vst","2018-01-10","vst_KONZ_2018","D06","KONZ","KONZ_003",,"NEON.PLA.D06.KONZ.05164","ok","small shrub","Live",,,1.8,,,,0.5,0.4,,"cylinder",1.3,10,,,,"29ijMy9MQrb2WVN5VAGx5yJYUUR+JCj4o2kquEi7qzw=","iq7r+K7zVrnuv4AA404AgFzhbma7sELOneHM1T36pZk=",
"49a8bb00-41fa-4d5d-b923-f2b38cb6ca7a","KONZ_003.basePlot.vst","2018-01-10","vst_KONZ_2018","D06","KONZ","KONZ_003",,"NEON.PLA.D06.KONZ.04946","ok","small shrub","Standing dead",,,1.8,,,,0.7,0.5,,"cylinder",1.5,10,,,,"29ijMy9MQrb2WVN5VAGx5yJYUUR+JCj4o2kquEi7qzw=","iq7r+K7zVrnuv4AA404AgFzhbma7sELOneHM1T36pZk=",
"cd57f23a-c9d1-46e7-8d63-2c2126f2422b","KONZ_003.basePlot.vst","2018-01-10","vst_KONZ_2018","D06","KONZ","KONZ_003",,"NEON.PLA.D06.KONZ.04944","ok","small shrub","Live",,,2.0,,,,0.6,0.5,,"cylinder",1.3,10,,,,"29ijMy9MQrb2WVN5VAGx5yJYUUR+JCj4o2kquEi7qzw=","iq7r+K7zVrnuv4AA404AgFzhbma7sELOneHM1T36pZk=",
"6786285b-56d6-46ec-86c6-c556a80a5e8d","KONZ_003.basePlot.vst","2018-01-10","vst_KONZ_2018","D06","KONZ","KONZ_003",,"NEON.PLA.D06.KONZ.04944","ok","small shrub","Live",,,2.0,,,,0.6,0.5,,"cylinder",1.3,10,,,,"29ijMy9MQrb2WVN5VAGx5yJYUUR+JCj4o2kquEi7qzw=","iq7r+K7zVrnuv4AA404AgFzhbma7sELOneHM1T36pZk=",
"b626116b-87fb-4f5e-99e3-43b3119920ea","KONZ_003.basePlot.vst","2018-01-10","vst_KONZ_2018","D06","KONZ","KONZ_003",,"NEON.PLA.D06.KONZ.05155","ok","small shrub","Live",,,1.5,,,,0.4,0.3,,"cylinder",1.2,10,,,,"29ijMy9MQrb2WVN5VAGx5yJYUUR+JCj4o2kquEi7qzw=","iq7r+K7zVrnuv4AA404AgFzhbma7sELOneHM1T36pZk=",
"ea7f75aa-ec24-4b54-ab1b-532c60f3254f","KONZ_003.basePlot.vst","2018-01-10","vst_KONZ_2018","D06","KONZ","KONZ_003",,"NEON.PLA.D06.KONZ.05174","ok","small shrub","Live",,,2.5,,,,0.5,0.3,,"cylinder",1.3,10,,,,"29ijMy9MQrb2WVN5VAGx5yJYUUR+JCj4o2kquEi7qzw=","iq7r+K7zVrnuv4AA404AgFzhbma7sELOneHM1T36pZk=",
"f7b70903-479a-49f5-a2cf-95cdb0d590bf","KONZ_003.basePlot.vst","2018-01-10","vst_KONZ_2018","D06","KONZ","KONZ_003",,"NEON.PLA.D06.KONZ.05186","ok","small shrub","Live",,,1.8,,,,0.5,0.3,,"cylinder",1.2,10,,,,"29ijMy9MQrb2WVN5VAGx5yJYUUR+JCj4o2kquEi7qzw=","iq7r+K7zVrnuv4AA404AgFzhbma7sELOneHM1T36pZk=",
"b9f7ae5b-dfbd-4344-a772-e989a5f338f7","KONZ_003.basePlot.vst","2018-01-10","vst_KONZ_2018","D06","KONZ","KONZ_003",,"NEON.PLA.D06.KONZ.05178","ok","small shrub","Standing dead",,,2.3,,,,0.5,0.4,,"cylinder",1.8,10,,,,"29ijMy9MQrb2WVN5VAGx5yJYUUR+JCj4o2kquEi7qzw=","iq7r+K7zVrnuv4AA404AgFzhbma7sELOneHM1T36pZk=",
"1b2b1ae2-7585-4b28-97ef-0af81811ff9b","KONZ_003.basePlot.vst","2018-01-10","vst_KONZ_2018","D06","KONZ","KONZ_003",,"NEON.PLA.D06.KONZ.05173","ok","small shrub","Live",,,1.8,,,,0.3,0.2,,"cylinder",1.3,10,,,,"29ijMy9MQrb2WVN5VAGx5yJYUUR+JCj4o2kquEi7qzw=","iq7r+K7zVrnuv4AA404AgFzhbma7sELOneHM1T36pZk=",
"042984d6-89fe-461d-b125-9e77c8ad4248","KONZ_003.basePlot.vst","2018-01-10","vst_KONZ_2018","D06","KONZ","KONZ_003",,"NEON.PLA.D06.KONZ.05168","ok","small shrub","Live",,,1.5,,,,0.3,0.3,,"cylinder",1.0,10,,,,"29ijMy9MQrb2WVN5VAGx5yJYUUR+JCj4o2kquEi7qzw=","iq7r+K7zVrnuv4AA404AgFzhbma7sELOneHM1T36pZk=",
"21afb0fb-8b12-4518-966e-41905b425471","KONZ_003.basePlot.vst","2018-01-10","vst_KONZ_2018","D06","KONZ","KONZ_003",,"NEON.PLA.D06.KONZ.05170","ok","small shrub","Live",,,1.4,,,,0.4,0.2,,"cylinder",1.1,10,,,,"29ijMy9MQrb2WVN5VAGx5yJYUUR+JCj4o2kquEi7qzw=","iq7r+K7zVrnuv4AA404AgFzhbma7sELOneHM1T36pZk=",
"37d1d651-6bfc-4d8d-a7e3-6b147eec65e5","KONZ_003.basePlot.vst","2018-01-10","vst_KONZ_2018","D06","KONZ","KONZ_003",,"NEON.PLA.D06.KONZ.04946","ok","small shrub","Live",,,1.8,,,,0.7,0.5,,"cylinder",1.2,10,,,,"29ijMy9MQrb2WVN5VAGx5yJYUUR+JCj4o2kquEi7qzw=","iq7r+K7zVrnuv4AA404AgFzhbma7sELOneHM1T36pZk=",
"11c732c9-8dc8-4a52-b375-d77084f72b1e","KONZ_003.basePlot.vst","2018-01-10","vst_KONZ_2018","D06","KONZ","KONZ_003",,"NEON.PLA.D06.KONZ.05171","ok","small shrub","Live",,,2.1,,,,0.8,0.5,,"cylinder",1.5,10,,,,"29ijMy9MQrb2WVN5VAGx5yJYUUR+JCj4o2kquEi7qzw=","iq7r+K7zVrnuv4AA404AgFzhbma7sELOneHM1T36pZk=",
"1f2c9e99-3d73-4513-8a01-d9884a97b5ce","KONZ_003.basePlot.vst","2018-01-10","vst_KONZ_2018","D06","KONZ","KONZ_003",,"NEON.PLA.D06.KONZ.05185","ok","small shrub","Live",,,1.8,,,,0.7,0.6,,"cylinder",1.2,10,,,,"29ijMy9MQrb2WVN5VAGx5yJYUUR+JCj4o2kquEi7qzw=","iq7r+K7zVrnuv4AA404AgFzhbma7sELOneHM1T36pZk=",
"dedf6c12-f88d-4f30-ae3c-23f2c7d1fa2f","KONZ_003.basePlot.vst","2018-01-10","vst_KONZ_2018","D06","KONZ","KONZ_003",,"NEON.PLA.D06.KONZ.05163","ok","small shrub","Live",,,2.0,,,,0.5,0.4,,"cylinder",1.2,10,,,,"29ijMy9MQrb2WVN5VAGx5yJYUUR+JCj4o2kquEi7qzw=","iq7r+K7zVrnuv4AA404AgFzhbma7sELOneHM1T36pZk=",
"4ca49fc7-19b7-4626-81e7-6fafbebe3aae","KONZ_003.basePlot.vst","2018-01-10","vst_KONZ_2018","D06","KONZ","KONZ_003",,"NEON.PLA.D06.KONZ.04946","ok","small shrub","Live",,,1.8,,,,0.7,0.5,,"cylinder",1.0,10,,,,"29ijMy9MQrb2WVN5VAGx5yJYUUR+JCj4o2kquEi7qzw=","iq7r+K7zVrnuv4AA404AgFzhbma7sELOneHM1T36pZk=",
"631d7582-7d3b-4389-8ca9-18f6231c6e4a","KONZ_003.basePlot.vst","2018-01-10","vst_KONZ_2018","D06","KONZ","KONZ_003",,"NEON.PLA.D06.KONZ.05181","ok","small shrub","Live",,,1.8,,,,0.3,0.3,,"cylinder",1.6,10,,,,"29ijMy9MQrb2WVN5VAGx5yJYUUR+JCj4o2kquEi7qzw=","iq7r+K7zVrnuv4AA404AgFzhbma7sELOneHM1T36pZk=",
"74ae9dbc-35e6-4804-90a4-87147e2f8bbe","KONZ_003.basePlot.vst","2018-01-10","vst_KONZ_2018","D06","KONZ","KONZ_003",,"NEON.PLA.D06.KONZ.04940","ok","small shrub","Standing dead",,,1.5,,,,0.3,0.3,,"cylinder",1.4,10,,,,"29ijMy9MQrb2WVN5VAGx5yJYUUR+JCj4o2kquEi7qzw=","iq7r+K7zVrnuv4AA404AgFzhbma7sELOneHM1T36pZk=",
"9227cce0-e810-4242-ba49-3bd970bb8bfb","KONZ_003.basePlot.vst","2018-01-10","vst_KONZ_2018","D06","KONZ","KONZ_003",,"NEON.PLA.D06.KONZ.05160","ok","small shrub","Standing dead",,,2.0,,,,0.7,0.4,,"cylinder",1.2,10,,,,"29ijMy9MQrb2WVN5VAGx5yJYUUR+JCj4o2kquEi7qzw=","iq7r+K7zVrnuv4AA404AgFzhbma7sELOneHM1T36pZk=",
"f90d9088-2c5d-4d81-a33b-513706e1cef9","KONZ_003.basePlot.vst","2018-01-10","vst_KONZ_2018","D06","KONZ","KONZ_003",,"NEON.PLA.D06.KONZ.05187","ok","small shrub","Live",,,1.4,,,,0.3,0.3,,"cylinder",1.2,10,,,,"29ijMy9MQrb2WVN5VAGx5yJYUUR+JCj4o2kquEi7qzw=","iq7r+K7zVrnuv4AA404AgFzhbma7sELOneHM1T36pZk=",
"1dba5926-e0f3-4532-b945-908a153ce156","KONZ_024.basePlot.vst","2018-01-10","vst_KONZ_2018","D06","KONZ","KONZ_024",,"NEON.PLA.D06.KONZ.04194","ok","small shrub","Live",,,1.5,,,,1.0,0.8,,"cylinder",1.1,10,,,,"29ijMy9MQrb2WVN5VAGx5yJYUUR+JCj4o2kquEi7qzw=","iq7r+K7zVrnuv4AA404AgFzhbma7sELOneHM1T36pZk=",
"396f5820-4fb8-4bb4-b1df-90eb6b466569","KONZ_024.basePlot.vst","2018-01-10","vst_KONZ_2018","D06","KONZ","KONZ_024",,"NEON.PLA.D06.KONZ.04189","ok","single bole tree","Live",32.0,130,9.3,,,,7.0,5.1,"Full sun",,,,,,,"29ijMy9MQrb2WVN5VAGx5yJYUUR+JCj4o2kquEi7qzw=","iq7r+K7zVrnuv4AA404AgFzhbma7sELOneHM1T36pZk=",
"ff96a1df-5d6f-454a-bd5b-38138270d660","KONZ_024.basePlot.vst","2018-01-10","vst_KONZ_2018","D06","KONZ","KONZ_024",,"NEON.PLA.D06.KONZ.04191","ok","small shrub","Live",,,0.9,,,,0.3,0.3,,"cylinder",1.0,10,,,,"29ijMy9MQrb2WVN5VAGx5yJYUUR+JCj4o2kquEi7qzw=","iq7r+K7zVrnuv4AA404AgFzhbma7sELOneHM1T36pZk=",
"726b2970-9cd4-428d-addc-bb4ac4d83b94","KONZ_024.basePlot.vst","2018-01-10","vst_KONZ_2018","D06","KONZ","KONZ_024",,"NEON.PLA.D06.KONZ.05153","ok","small shrub","Standing dead",,,1.3,,,,0.3,0.3,,"cylinder",1.1,10,,,,"29ijMy9MQrb2WVN5VAGx5yJYUUR+JCj4o2kquEi7qzw=","iq7r+K7zVrnuv4AA404AgFzhbma7sELOneHM1T36pZk=",
"aecb30c1-cb85-48b3-bc86-badbeff72a3b","KONZ_024.basePlot.vst","2018-01-10","vst_KONZ_2018","D06","KONZ","KONZ_024",,"NEON.PLA.D06.KONZ.04194","ok","small shrub","Live",,,1.5,,,,1.0,0.8,,"cylinder",1.0,10,,,,"29ijMy9MQrb2WVN5VAGx5yJYUUR+JCj4o2kquEi7qzw=","iq7r+K7zVrnuv4AA404AgFzhbma7sELOneHM1T36pZk=",
"3975d42d-5343-489b-b4df-90ae3bb72c30","KONZ_024.basePlot.vst","2018-01-10","vst_KONZ_2018","D06","KONZ","KONZ_024",,"NEON.PLA.D06.KONZ.04192","ok","small shrub","Live",,,,,,,,,,"cylinder",1.0,10,,,,"29ijMy9MQrb2WVN5VAGx5yJYUUR+JCj4o2kquEi7qzw=","iq7r+K7zVrnuv4AA404AgFzhbma7sELOneHM1T36pZk=",
"2c09bd44-8af3-4a0e-8bfd-e81c7e47812c","KONZ_024.basePlot.vst","2018-01-10","vst_KONZ_2018","D06","KONZ","KONZ_024",,"NEON.PLA.D06.KONZ.04192","ok","small shrub","Live",,,,,,,,,,"cylinder",1.1,10,,,,"29ijMy9MQrb2WVN5VAGx5yJYUUR+JCj4o2kquEi7qzw=","iq7r+K7zVrnuv4AA404AgFzhbma7sELOneHM1T36pZk=",
"2baf1c2d-9a67-4c5b-94b7-78c9eceacf95","KONZ_024.basePlot.vst","2018-01-10","vst_KONZ_2018","D06","KONZ","KONZ_024",,"NEON.PLA.D06.KONZ.04196","ok","small shrub","Live, physically damaged",,,0.7,,,,0.1,0.1,,"cylinder",1.5,10,,,,"29ijMy9MQrb2WVN5VAGx5yJYUUR+JCj4o2kquEi7qzw=","iq7r+K7zVrnuv4AA404AgFzhbma7sELOneHM1T36pZk=",
"1867db29-b572-47f6-834c-4759d9b57421","KONZ_024.basePlot.vst","2018-01-10","vst_KONZ_2018","D06","KONZ","KONZ_024",,"NEON.PLA.D06.KONZ.05151","ok","small shrub","Live",,,1.3,,,,0.5,0.5,,"cylinder",1.0,10,,,,"29ijMy9MQrb2WVN5VAGx5yJYUUR+JCj4o2kquEi7qzw=","iq7r+K7zVrnuv4AA404AgFzhbma7sELOneHM1T36pZk=",
"2581554f-2c6e-48fb-9c97-c6fe84603316","KONZ_024.basePlot.vst","2018-01-10","vst_KONZ_2018","D06","KONZ","KONZ_024",,"NEON.PLA.D06.KONZ.04198","ok","small shrub","Live",,,1.1,,,,0.5,0.4,,"cylinder",1.0,10,,,,"29ijMy9MQrb2WVN5VAGx5yJYUUR+JCj4o2kquEi7qzw=","iq7r+K7zVrnuv4AA404AgFzhbma7sELOneHM1T36pZk=",
"7fa4101b-aba4-4543-9bb5-b949c6897201","KONZ_024.basePlot.vst","2018-01-10","vst_KONZ_2018","D06","KONZ","KONZ_024",,"NEON.PLA.D06.KONZ.05137","ok","small shrub","Live",,,1.4,,,,0.6,0.3,,"half-sphere",1.0,10,,,,"29ijMy9MQrb2WVN5VAGx5yJYUUR+JCj4o2kquEi7qzw=","iq7r+K7zVrnuv4AA404AgFzhbma7sELOneHM1T36pZk=",
"11657743-bb5e-48d8-90b4-93b62cb56a30","KONZ_024.basePlot.vst","2018-01-10","vst_KONZ_2018","D06","KONZ","KONZ_024",,"NEON.PLA.D06.KONZ.05138","ok","small shrub","Live",,,0.9,,,,0.7,0.5,,"cylinder",1.1,10,,,,"29ijMy9MQrb2WVN5VAGx5yJYUUR+JCj4o2kquEi7qzw=","iq7r+K7zVrnuv4AA404AgFzhbma7sELOneHM1T36pZk=",
"d77c9c21-311f-4f1c-aa56-f4054bf11e09","KONZ_003.basePlot.vst","2018-01-10","vst_KONZ_2018","D06","KONZ","KONZ_003",,"NEON.PLA.D06.KONZ.05179","ok","small shrub","Live",,,1.7,,,,0.3,0.3,,"cylinder",1.2,10,,,,"29ijMy9MQrb2WVN5VAGx5yJYUUR+JCj4o2kquEi7qzw=","iq7r+K7zVrnuv4AA404AgFzhbma7sELOneHM1T36pZk=",
"8f8a18dd-57a0-4323-b48a-5e1b1130d5ad","KONZ_024.basePlot.vst","2018-01-10","vst_KONZ_2018","D06","KONZ","KONZ_024",,"NEON.PLA.D06.KONZ.04195","ok","small shrub","Live",,,1.1,,,,1.0,0.7,,"cylinder",1.0,10,,,,"29ijMy9MQrb2WVN5VAGx5yJYUUR+JCj4o2kquEi7qzw=","iq7r+K7zVrnuv4AA404AgFzhbma7sELOneHM1T36pZk=",
"47c2747d-a61e-48fb-988e-dd214a35b882","KONZ_003.basePlot.vst","2018-01-10","vst_KONZ_2018","D06","KONZ","KONZ_003",,"NEON.PLA.D06.KONZ.05180","ok","small shrub","Live",,,2.3,,,,0.6,0.3,,"cylinder",1.3,10,,,,"29ijMy9MQrb2WVN5VAGx5yJYUUR+JCj4o2kquEi7qzw=","iq7r+K7zVrnuv4AA404AgFzhbma7sELOneHM1T36pZk=",
"6a58de0a-1193-47b9-b73e-f19448e90a4e","KONZ_003.basePlot.vst","2018-01-10","vst_KONZ_2018","D06","KONZ","KONZ_003",,"NEON.PLA.D06.KONZ.05185","ok","small shrub","Live",,,1.8,,,,0.7,0.6,,"cylinder",1.3,10,,,,"29ijMy9MQrb2WVN5VAGx5yJYUUR+JCj4o2kquEi7qzw=","iq7r+K7zVrnuv4AA404AgFzhbma7sELOneHM1T36pZk=",
"dda07e86-3869-443e-9487-d495f3dc606d","KONZ_003.basePlot.vst","2018-01-10","vst_KONZ_2018","D06","KONZ","KONZ_003",,"NEON.PLA.D06.KONZ.04949","ok","small shrub","Live",,,2.0,,,,0.7,0.6,,"cylinder",1.3,10,,,,"29ijMy9MQrb2WVN5VAGx5yJYUUR+JCj4o2kquEi7qzw=","iq7r+K7zVrnuv4AA404AgFzhbma7sELOneHM1T36pZk=",
"c3803829-f6b8-4c32-b50d-5596179ec4c6","KONZ_003.basePlot.vst","2018-01-10","vst_KONZ_2018","D06","KONZ","KONZ_003",,"NEON.PLA.D06.KONZ.05164","ok","small shrub","Standing dead",,,1.8,,,,0.5,0.4,,"cylinder",1.1,10,,,,"29ijMy9MQrb2WVN5VAGx5yJYUUR+JCj4o2kquEi7qzw=","iq7r+K7zVrnuv4AA404AgFzhbma7sELOneHM1T36pZk=",
"aefc4c8a-3e32-4369-8086-b556c3d4f940","KONZ_003.basePlot.vst","2018-01-10","vst_KONZ_2018","D06","KONZ","KONZ_003",,"NEON.PLA.D06.KONZ.05160","ok","small shrub","Live",,,2.0,,,,0.7,0.4,,"cylinder",1.1,10,,,,"29ijMy9MQrb2WVN5VAGx5yJYUUR+JCj4o2kquEi7qzw=","iq7r+K7zVrnuv4AA404AgFzhbma7sELOneHM1T36pZk=",
"500cd7dc-eb35-4c3c-8d02-2c51ccef997d","KONZ_003.basePlot.vst","2018-01-10","vst_KONZ_2018","D06","KONZ","KONZ_003",,"NEON.PLA.D06.KONZ.05160","ok","small shrub","Live",,,2.0,,,,0.7,0.4,,"cylinder",1.4,10,,,,"29ijMy9MQrb2WVN5VAGx5yJYUUR+JCj4o2kquEi7qzw=","iq7r+K7zVrnuv4AA404AgFzhbma7sELOneHM1T36pZk=",
"6d2ce3e0-27ef-432f-ab6a-1202afe6ebd6","KONZ_003.basePlot.vst","2018-01-10","vst_KONZ_2018","D06","KONZ","KONZ_003",,"NEON.PLA.D06.KONZ.04943","ok","small shrub","Live",,,1.6,,,,0.6,0.5,,"cylinder",1.1,10,,,,"29ijMy9MQrb2WVN5VAGx5yJYUUR+JCj4o2kquEi7qzw=","iq7r+K7zVrnuv4AA404AgFzhbma7sELOneHM1T36pZk=",
"4705a8ea-ed8c-4ae0-b6b1-f2032992a408","KONZ_003.basePlot.vst","2018-01-10","vst_KONZ_2018","D06","KONZ","KONZ_003",,"NEON.PLA.D06.KONZ.04903","ok","small shrub","Live",,,2.0,,,,0.7,0.6,,"cylinder",2.0,10,,,,"29ijMy9MQrb2WVN5VAGx5yJYUUR+JCj4o2kquEi7qzw=","iq7r+K7zVrnuv4AA404AgFzhbma7sELOneHM1T36pZk=",
"66641224-4ce4-43a5-9e9d-c559547418b1","KONZ_003.basePlot.vst","2018-01-10","vst_KONZ_2018","D06","KONZ","KONZ_003",,"NEON.PLA.D06.KONZ.05171","ok","small shrub","Live",,,2.1,,,,0.8,0.5,,"cylinder",1.3,10,,,,"29ijMy9MQrb2WVN5VAGx5yJYUUR+JCj4o2kquEi7qzw=","iq7r+K7zVrnuv4AA404AgFzhbma7sELOneHM1T36pZk=",
"12c7799e-78af-4efd-a833-f40a59dde7d0","KONZ_003.basePlot.vst","2018-01-10","vst_KONZ_2018","D06","KONZ","KONZ_003",,"NEON.PLA.D06.KONZ.05177","ok","small shrub","Live",,,1.7,,,,0.4,0.3,,"cylinder",1.2,10,,,,"29ijMy9MQrb2WVN5VAGx5yJYUUR+JCj4o2kquEi7qzw=","iq7r+K7zVrnuv4AA404AgFzhbma7sELOneHM1T36pZk=",
"ea0e754d-1081-4dce-815c-d6c5ede36ed6","KONZ_003.basePlot.vst","2018-01-10","vst_KONZ_2018","D06","KONZ","KONZ_003",,"NEON.PLA.D06.KONZ.04947","ok","small shrub","Live",,,1.6,,,,0.3,0.2,,"cylinder",1.3,10,,,,"29ijMy9MQrb2WVN5VAGx5yJYUUR+JCj4o2kquEi7qzw=","iq7r+K7zVrnuv4AA404AgFzhbma7sELOneHM1T36pZk=",
"ff4a2fbc-749c-4d60-9ddc-aeaa60643738","KONZ_003.basePlot.vst","2018-01-10","vst_KONZ_2018","D06","KONZ","KONZ_003",,"NEON.PLA.D06.KONZ.04946","ok","small shrub","Live",,,1.8,,,,0.7,0.5,,"cylinder",1.4,10,,,,"29ijMy9MQrb2WVN5VAGx5yJYUUR+JCj4o2kquEi7qzw=","iq7r+K7zVrnuv4AA404AgFzhbma7sELOneHM1T36pZk=",
"6bb02cdb-2a72-4177-a972-66a0a2563901","KONZ_003.basePlot.vst","2018-01-10","vst_KONZ_2018","D06","KONZ","KONZ_003",,"NEON.PLA.D06.KONZ.05172","ok","small shrub","Live",,,1.8,,,,0.6,0.5,,"cylinder",1.2,10,,,,"29ijMy9MQrb2WVN5VAGx5yJYUUR+JCj4o2kquEi7qzw=","iq7r+K7zVrnuv4AA404AgFzhbma7sELOneHM1T36pZk=",
"e193bf8f-7f1b-42b3-851e-51c536b0e872","KONZ_024.basePlot.vst","2018-01-10","vst_KONZ_2018","D06","KONZ","KONZ_024",,"NEON.PLA.D06.KONZ.04190","ok","single bole tree","Live",24.2,130,6.7,,,,6.0,5.8,"Full sun",,,,,,,"29ijMy9MQrb2WVN5VAGx5yJYUUR+JCj4o2kquEi7qzw=","iq7r+K7zVrnuv4AA404AgFzhbma7sELOneHM1T36pZk=",
"39da5bf3-8d1e-4afc-b309-22f8e4b7f4df","KONZ_024.basePlot.vst","2018-01-10","vst_KONZ_2018","D06","KONZ","KONZ_024",,"NEON.PLA.D06.KONZ.04188","ok","single bole tree","Live",47.1,130,9.0,,,,10.5,9.8,"Partially shaded",,,,,,,"29ijMy9MQrb2WVN5VAGx5yJYUUR+JCj4o2kquEi7qzw=","iq7r+K7zVrnuv4AA404AgFzhbma7sELOneHM1T36pZk=",
"0b8ebd66-0a38-4c5e-9a4c-7d0bccada043","KONZ_024.basePlot.vst","2018-01-10","vst_KONZ_2018","D06","KONZ","KONZ_024",,"NEON.PLA.D06.KONZ.05139","ok","small shrub","Live",,,1.0,,,,0.9,0.6,,"cylinder",1.0,10,,,,"29ijMy9MQrb2WVN5VAGx5yJYUUR+JCj4o2kquEi7qzw=","iq7r+K7zVrnuv4AA404AgFzhbma7sELOneHM1T36pZk=",
"f82775c0-3a77-4d84-86e9-0f43e0a8a126","KONZ_024.basePlot.vst","2018-01-10","vst_KONZ_2018","D06","KONZ","KONZ_024",,"NEON.PLA.D06.KONZ.05152","ok","small shrub","Standing dead",,,1.3,,,,0.4,0.3,,"cylinder",1.1,10,,,,"29ijMy9MQrb2WVN5VAGx5yJYUUR+JCj4o2kquEi7qzw=","iq7r+K7zVrnuv4AA404AgFzhbma7sELOneHM1T36pZk=",
"2aaa3870-65b3-4003-962f-96adc5080f85","KONZ_024.basePlot.vst","2018-01-10","vst_KONZ_2018","D06","KONZ","KONZ_024",,"NEON.PLA.D06.KONZ.04192","ok","small shrub","Live",,,1.4,,,,1.0,0.9,,"cylinder",1.4,10,,,,"29ijMy9MQrb2WVN5VAGx5yJYUUR+JCj4o2kquEi7qzw=","iq7r+K7zVrnuv4AA404AgFzhbma7sELOneHM1T36pZk=",
"0375a988-aa04-4a4b-a2a8-a75ecc7da93b","KONZ_003.basePlot.vst","2018-01-10","vst_KONZ_2018","D06","KONZ","KONZ_003",,"NEON.PLA.D06.KONZ.05172","ok","small shrub","Standing dead",,,1.8,,,,0.6,0.5,,"cylinder",1.3,10,,,,"29ijMy9MQrb2WVN5VAGx5yJYUUR+JCj4o2kquEi7qzw=","iq7r+K7zVrnuv4AA404AgFzhbma7sELOneHM1T36pZk=",
"28597729-bac0-407d-ab55-93d6fadd691f","KONZ_003.basePlot.vst","2018-01-10","vst_KONZ_2018","D06","KONZ","KONZ_003",,"NEON.PLA.D06.KONZ.05160","ok","small shrub","Standing dead",,,2.0,,,,0.7,0.4,,"cylinder",1.8,10,,,,"29ijMy9MQrb2WVN5VAGx5yJYUUR+JCj4o2kquEi7qzw=","iq7r+K7zVrnuv4AA404AgFzhbma7sELOneHM1T36pZk=",
"a76b5e17-7c96-42a3-9b76-32763f6d43a2","KONZ_024.basePlot.vst","2018-01-10","vst_KONZ_2018","D06","KONZ","KONZ_024",,"NEON.PLA.D06.KONZ.04199","ok","small shrub","Live",,,1.2,,,,1.0,0.7,,"cylinder",1.2,10,,,,"29ijMy9MQrb2WVN5VAGx5yJYUUR+JCj4o2kquEi7qzw=","iq7r+K7zVrnuv4AA404AgFzhbma7sELOneHM1T36pZk=",
"6b9f892f-85a0-44cd-bcf6-b4168cdbb0b8","KONZ_003.basePlot.vst","2018-01-10","vst_KONZ_2018","D06","KONZ","KONZ_003",,"NEON.PLA.D06.KONZ.05165","ok","small shrub","Live",,,1.5,,,,0.2,0.2,,"cylinder",1.0,10,,,,"29ijMy9MQrb2WVN5VAGx5yJYUUR+JCj4o2kquEi7qzw=","iq7r+K7zVrnuv4AA404AgFzhbma7sELOneHM1T36pZk=",
"f3b958d6-4ff0-4845-860c-ffe1c0556444","KONZ_003.basePlot.vst","2018-01-10","vst_KONZ_2018","D06","KONZ","KONZ_003",,"NEON.PLA.D06.KONZ.04903","ok","small shrub","Standing dead",,,2.0,,,,0.7,0.6,,"cylinder",1.3,10,,,,"29ijMy9MQrb2WVN5VAGx5yJYUUR+JCj4o2kquEi7qzw=","iq7r+K7zVrnuv4AA404AgFzhbma7sELOneHM1T36pZk=",
"716fe0cf-c94a-41bd-a71d-c8f038f2dbec","KONZ_003.basePlot.vst","2018-01-10","vst_KONZ_2018","D06","KONZ","KONZ_003",,"NEON.PLA.D06.KONZ.05174","ok","small shrub","Standing dead",,,2.5,,,,0.5,0.3,,"cylinder",2.1,10,,,,"29ijMy9MQrb2WVN5VAGx5yJYUUR+JCj4o2kquEi7qzw=","iq7r+K7zVrnuv4AA404AgFzhbma7sELOneHM1T36pZk=",
"ae9d806a-5b9b-4c02-8731-407302e16833","KONZ_003.basePlot.vst","2018-01-10","vst_KONZ_2018","D06","KONZ","KONZ_003",,"NEON.PLA.D06.KONZ.05157","ok","small shrub","Live",,,1.9,,,,0.3,0.3,,"cylinder",1.3,10,,,,"29ijMy9MQrb2WVN5VAGx5yJYUUR+JCj4o2kquEi7qzw=","iq7r+K7zVrnuv4AA404AgFzhbma7sELOneHM1T36pZk=",
"437a6493-d862-4f06-8a9c-dc448d5e55c6","KONZ_003.basePlot.vst","2018-01-10","vst_KONZ_2018","D06","KONZ","KONZ_003",,"NEON.PLA.D06.KONZ.05159","ok","small shrub","Live",,,1.6,,,,0.5,0.3,,"cylinder",1.2,10,,,,"29ijMy9MQrb2WVN5VAGx5yJYUUR+JCj4o2kquEi7qzw=","iq7r+K7zVrnuv4AA404AgFzhbma7sELOneHM1T36pZk=",
"db3549ad-a75c-4e95-bbce-26cf125daa59","KONZ_003.basePlot.vst","2018-01-10","vst_KONZ_2018","D06","KONZ","KONZ_003",,"NEON.PLA.D06.KONZ.04945","ok","small shrub","Live",,,1.5,,,,0.3,0.3,,"cylinder",1.3,10,,,,"29ijMy9MQrb2WVN5VAGx5yJYUUR+JCj4o2kquEi7qzw=","iq7r+K7zVrnuv4AA404AgFzhbma7sELOneHM1T36pZk=",
"bc43ebaa-e7ce-41fe-85f3-ba5b7fb1415f","KONZ_003.basePlot.vst","2018-01-10","vst_KONZ_2018","D06","KONZ","KONZ_003",,"NEON.PLA.D06.KONZ.05160","ok","small shrub","Live",,,2.0,,,,0.7,0.4,,"cylinder",1.5,10,,,,"29ijMy9MQrb2WVN5VAGx5yJYUUR+JCj4o2kquEi7qzw=","iq7r+K7zVrnuv4AA404AgFzhbma7sELOneHM1T36pZk=",
"e0248806-0407-40e8-8e3e-bb942d1d0f1f","KONZ_003.basePlot.vst","2018-01-10","vst_KONZ_2018","D06","KONZ","KONZ_003",,"NEON.PLA.D06.KONZ.05182","ok","small shrub","Live",,,1.8,,,,0.2,0.2,,"cylinder",1.2,10,,,,"29ijMy9MQrb2WVN5VAGx5yJYUUR+JCj4o2kquEi7qzw=","iq7r+K7zVrnuv4AA404AgFzhbma7sELOneHM1T36pZk=",
"1b229068-35f7-4429-b9c6-b4b98c4d8c16","KONZ_003.basePlot.vst","2018-01-10","vst_KONZ_2018","D06","KONZ","KONZ_003",,"NEON.PLA.D06.KONZ.05156","ok","small shrub","Live",,,1.3,,,,0.4,0.2,,"cylinder",1.1,10,,,,"29ijMy9MQrb2WVN5VAGx5yJYUUR+JCj4o2kquEi7qzw=","iq7r+K7zVrnuv4AA404AgFzhbma7sELOneHM1T36pZk=",
"ecb2e6e0-89c4-4019-8d2d-b64efc168262","KONZ_003.basePlot.vst","2018-01-10","vst_KONZ_2018","D06","KONZ","KONZ_003",,"NEON.PLA.D06.KONZ.05183","ok","small shrub","Standing dead",,,1.4,,,,0.2,0.2,,"cylinder",1.2,10,,,,"29ijMy9MQrb2WVN5VAGx5yJYUUR+JCj4o2kquEi7qzw=","iq7r+K7zVrnuv4AA404AgFzhbma7sELOneHM1T36pZk=",
"1fa3075f-3d8f-4eab-a4b5-4250a15fbd63","KONZ_003.basePlot.vst","2018-01-10","vst_KONZ_2018","D06","KONZ","KONZ_003",,"NEON.PLA.D06.KONZ.05158","ok","small shrub","Standing dead",,,2.0,,,,0.4,0.2,,"cylinder",1.3,10,,,,"29ijMy9MQrb2WVN5VAGx5yJYUUR+JCj4o2kquEi7qzw=","iq7r+K7zVrnuv4AA404AgFzhbma7sELOneHM1T36pZk=",
"2d98a8c9-fe0d-407f-9f11-69c2639bb9dd","KONZ_003.basePlot.vst","2018-01-10","vst_KONZ_2018","D06","KONZ","KONZ_003",,"NEON.PLA.D06.KONZ.05167","ok","small shrub","Live",,,1.3,,,,0.3,0.2,,"cylinder",1.0,10,,,,"29ijMy9MQrb2WVN5VAGx5yJYUUR+JCj4o2kquEi7qzw=","iq7r+K7zVrnuv4AA404AgFzhbma7sELOneHM1T36pZk=",
"fed9d911-e1ea-4849-9765-99bf213fc980","KONZ_003.basePlot.vst","2018-01-10","vst_KONZ_2018","D06","KONZ","KONZ_003",,"NEON.PLA.D06.KONZ.05169","ok","small shrub","Live",,,1.5,,,,0.3,0.2,,"cylinder",1.1,10,,,,"29ijMy9MQrb2WVN5VAGx5yJYUUR+JCj4o2kquEi7qzw=","iq7r+K7zVrnuv4AA404AgFzhbma7sELOneHM1T36pZk=",
"d1a3cc1a-1c83-4f12-b515-70256c12170d","KONZ_003.basePlot.vst","2018-01-10","vst_KONZ_2018","D06","KONZ","KONZ_003",,"NEON.PLA.D06.KONZ.04940","ok","small shrub","Live",,,1.5,,,,0.3,0.3,,"cylinder",1.0,10,,,,"29ijMy9MQrb2WVN5VAGx5yJYUUR+JCj4o2kquEi7qzw=","iq7r+K7zVrnuv4AA404AgFzhbma7sELOneHM1T36pZk=",
"7eeca2f5-4bc8-41bb-8e04-39878e913b62","KONZ_003.basePlot.vst","2018-01-10","vst_KONZ_2018","D06","KONZ","KONZ_003",,"NEON.PLA.D06.KONZ.05185","ok","small shrub","Standing dead",,,1.8,,,,0.7,0.6,,"cylinder",1.4,10,,,,"29ijMy9MQrb2WVN5VAGx5yJYUUR+JCj4o2kquEi7qzw=","iq7r+K7zVrnuv4AA404AgFzhbma7sELOneHM1T36pZk=",
"c0d1b239-579d-4007-b4fb-a6fb81d14169","KONZ_003.basePlot.vst","2018-01-10","vst_KONZ_2018","D06","KONZ","KONZ_003",,"NEON.PLA.D06.KONZ.05163","ok","small shrub","Standing dead",,,2.0,,,,0.5,0.4,,"cylinder",1.4,10,,,,"29ijMy9MQrb2WVN5VAGx5yJYUUR+JCj4o2kquEi7qzw=","iq7r+K7zVrnuv4AA404AgFzhbma7sELOneHM1T36pZk=",
"e2477217-f22b-449b-8af0-09906169688b","KONZ_003.basePlot.vst","2018-01-10","vst_KONZ_2018","D06","KONZ","KONZ_003",,"NEON.PLA.D06.KONZ.05162","ok","small shrub","Live",,,1.8,,,,0.3,0.2,,"cylinder",1.2,10,,,,"29ijMy9MQrb2WVN5VAGx5yJYUUR+JCj4o2kquEi7qzw=","iq7r+K7zVrnuv4AA404AgFzhbma7sELOneHM1T36pZk=",
"d2dd8901-ebf7-4df1-bd3e-a9b3ecbf75e2","KONZ_003.basePlot.vst","2018-01-10","vst_KONZ_2018","D06","KONZ","KONZ_003",,"NEON.PLA.D06.KONZ.05176","ok","small shrub","Standing dead",,,2.0,,,,0.5,0.3,,"cylinder",1.4,10,,,,"29ijMy9MQrb2WVN5VAGx5yJYUUR+JCj4o2kquEi7qzw=","iq7r+K7zVrnuv4AA404AgFzhbma7sELOneHM1T36pZk=",
"d42475cb-21b7-4d70-8946-e6a6287e89e1","KONZ_003.basePlot.vst","2018-01-10","vst_KONZ_2018","D06","KONZ","KONZ_003",,"NEON.PLA.D06.KONZ.04949","ok","small shrub","Standing dead",,,2.0,,,,0.7,0.6,,"cylinder",1.9,10,,,,"29ijMy9MQrb2WVN5VAGx5yJYUUR+JCj4o2kquEi7qzw=","iq7r+K7zVrnuv4AA404AgFzhbma7sELOneHM1T36pZk=",
"af4da157-f23e-40dd-877a-4a4373afca10","KONZ_003.basePlot.vst","2018-01-10","vst_KONZ_2018","D06","KONZ","KONZ_003",,"NEON.PLA.D06.KONZ.04942","ok","small shrub","Live",,,1.7,,,,0.5,0.4,,"cylinder",1.3,10,,,,"29ijMy9MQrb2WVN5VAGx5yJYUUR+JCj4o2kquEi7qzw=","iq7r+K7zVrnuv4AA404AgFzhbma7sELOneHM1T36pZk=",
"ffe486f1-a22c-4d59-8ad5-b681ee9d0cd1","KONZ_003.basePlot.vst","2018-01-10","vst_KONZ_2018","D06","KONZ","KONZ_003",,"NEON.PLA.D06.KONZ.05166","ok","small shrub","Live",,,1.5,,,,0.5,0.3,,"cylinder",1.2,10,,,,"29ijMy9MQrb2WVN5VAGx5yJYUUR+JCj4o2kquEi7qzw=","iq7r+K7zVrnuv4AA404AgFzhbma7sELOneHM1T36pZk=",
"bec113cf-591e-463c-bff0-f6028a29a3f6","KONZ_003.basePlot.vst","2018-01-10","vst_KONZ_2018","D06","KONZ","KONZ_003",,"NEON.PLA.D06.KONZ.05161","ok","small shrub","Standing dead",,,1.4,,,,0.3,0.2,,"cylinder",1.6,10,,,,"29ijMy9MQrb2WVN5VAGx5yJYUUR+JCj4o2kquEi7qzw=","iq7r+K7zVrnuv4AA404AgFzhbma7sELOneHM1T36pZk=",
"1663f925-4726-41fd-a045-16cb35abcceb","KONZ_024.basePlot.vst","2018-01-10","vst_KONZ_2018","D06","KONZ","KONZ_024",,"NEON.PLA.D06.KONZ.05141","ok","small shrub","Standing dead",,,1.3,,,,0.4,0.4,,"cylinder",1.1,10,,,,"29ijMy9MQrb2WVN5VAGx5yJYUUR+JCj4o2kquEi7qzw=","iq7r+K7zVrnuv4AA404AgFzhbma7sELOneHM1T36pZk=",
"10f5916c-60fb-4c70-b27c-c2032cb48a39","KONZ_024.basePlot.vst","2018-01-10","vst_KONZ_2018","D06","KONZ","KONZ_024",,"NEON.PLA.D06.KONZ.05140","ok","small shrub","Live",,,1.1,,,,0.7,0.4,,"cylinder",1.3,10,,,,"29ijMy9MQrb2WVN5VAGx5yJYUUR+JCj4o2kquEi7qzw=","iq7r+K7zVrnuv4AA404AgFzhbma7sELOneHM1T36pZk=",
"6fd454a5-8efa-4fb0-82dd-fc74c64e0361","KONZ_024.basePlot.vst","2018-01-10","vst_KONZ_2018","D06","KONZ","KONZ_024",,"NEON.PLA.D06.KONZ.04200","ok","small shrub","Live",,,1.3,,,,0.5,0.5,,"half-sphere",1.1,10,,,,"29ijMy9MQrb2WVN5VAGx5yJYUUR+JCj4o2kquEi7qzw=","iq7r+K7zVrnuv4AA404AgFzhbma7sELOneHM1T36pZk=",
"00306d65-a08d-445d-81aa-bf1b8cdc2494","KONZ_024.basePlot.vst","2018-01-10","vst_KONZ_2018","D06","KONZ","KONZ_024",,"NEON.PLA.D06.KONZ.05154","ok","small shrub","Standing dead",,,1.3,,,,0.3,0.2,,"cylinder",1.0,10,,,,"29ijMy9MQrb2WVN5VAGx5yJYUUR+JCj4o2kquEi7qzw=","iq7r+K7zVrnuv4AA404AgFzhbma7sELOneHM1T36pZk=",
"e2426416-fb44-43da-b865-91b975b85735","KONZ_024.basePlot.vst","2018-01-10","vst_KONZ_2018","D06","KONZ","KONZ_024",,"NEON.PLA.D06.KONZ.04193","ok","small shrub","Live",,,1.3,,,,1.0,0.5,,"cylinder",1.1,10,,,,"29ijMy9MQrb2WVN5VAGx5yJYUUR+JCj4o2kquEi7qzw=","iq7r+K7zVrnuv4AA404AgFzhbma7sELOneHM1T36pZk=",
"c79d44b1-dceb-4d56-a5e0-45bbaabf9e0e","KONZ_024.basePlot.vst","2018-01-10","vst_KONZ_2018","D06","KONZ","KONZ_024",,"NEON.PLA.D06.KONZ.04194","ok","small shrub","Live",,,1.5,,,,1.0,0.8,,"cylinder",1.2,10,,,,"29ijMy9MQrb2WVN5VAGx5yJYUUR+JCj4o2kquEi7qzw=","iq7r+K7zVrnuv4AA404AgFzhbma7sELOneHM1T36pZk=",
"857b1c2e-fbd8-4b06-a2d1-15a16e34e9ff","KONZ_024.basePlot.vst","2018-01-10","vst_KONZ_2018","D06","KONZ","KONZ_024",,"NEON.PLA.D06.KONZ.04194","ok","small shrub","Live",,,1.5,,,,1.0,0.8,,"cylinder",1.0,10,,,,"29ijMy9MQrb2WVN5VAGx5yJYUUR+JCj4o2kquEi7qzw=","iq7r+K7zVrnuv4AA404AgFzhbma7sELOneHM1T36pZk=",
