uid,namedLocation,plotID,collectDate,identifiedDate,sampleID,subsampleID,scientificName,acceptedTaxonID,taxonRank,family,subfamily,tribe,subtribe,genus,subgenus,specificEpithet,infraspecificEpithet,identificationQualifier,identificationReferences,identificationProtocolVersion,scientificNameAuthorship,sexOrAge,individualCount,sampleCondition,archiveMedium,archiveFacilityID,deprecatedVialID,identifiedBy,laboratoryName,remarks
"0bf6a65a-9ef5-4a93-bbd5-4f618a1b88d3","TALL_006.tickPlot.tck","TALL_006","2016-05-04T14:23Z","2017-06-06T16:00Z","TALL_006.20160504","TALL_006.20160504.AMBAME.N","Amblyomma americanum","AMBAME","species","Ixodidae",,,,"Amblyomma",,"americanum",,,"Cooley, R. A. and G. M. Kohls. 1944. The genus Amblyomma (ixodidae) in the United States. The Journal of Parasitology, 30(2):77-111.","GSU_tickIdentification_SOP_2016-11-01.pdf","Linnaeus","Nymph",1,"OK","RNA stabilization buffer","USNMENT00984325","TALL_006.20160504.01.AMBAME.N","Lorenza Beati","Georgia Southern University",
"1fd70bb1-84f7-4ab2-a5f2-4653b4c360c8","TALL_008.tickPlot.tck","TALL_008","2016-05-04T14:30Z","2017-06-06T16:00Z","TALL_008.20160504","TALL_008.20160504.AMBAME.N","Amblyomma americanum","AMBAME","species","Ixodidae",,,,"Amblyomma",,"americanum",,,"Cooley, R. A. and G. M. Kohls. 1944. The genus Amblyomma (ixodidae) in the United States. The Journal of Parasitology, 30(2):77-111.","GSU_tickIdentification_SOP_2016-11-01.pdf","Linnaeus","Nymph",25,"OK","RNA stabilization buffer","USNMENT00984330","TALL_008.20160504.01.AMBAME.N","Lorenza Beati","Georgia Southern University",
"fabb0072-5cdb-40fc-8121-50cd745ee322","TALL_008.tickPlot.tck","TALL_008","2016-05-04T14:30Z","2017-06-06T16:00Z","TALL_008.20160504","TALL_008.20160504.AMBAME.M","Amblyomma americanum","AMBAME","species","Ixodidae",,,,"Amblyomma",,"americanum",,,"Cooley, R. A. and G. M. Kohls. 1944. The genus Amblyomma (ixodidae) in the United States. The Journal of Parasitology, 30(2):77-111.","GSU_tickIdentification_SOP_2016-11-01.pdf","Linnaeus","Male",1,"OK","RNA stabilization buffer","USNMENT00984329","TALL_008.20160504.01.AMBAME.M","Lorenza Beati","Georgia Southern University",
"c30c7c53-102f-4a1e-a197-4966b89c99ce","TALL_008.tickPlot.tck","TALL_008","2016-05-04T14:30Z","2017-06-06T16:00Z","TALL_008.20160504","TALL_008.20160504.AMBAME.F","Amblyomma americanum","AMBAME","species","Ixodidae",,,,"Amblyomma",,"americanum",,,"Cooley, R. A. and G. M. Kohls. 1944. The genus Amblyomma (ixodidae) in the United States. The Journal of Parasitology, 30(2):77-111.","GSU_tickIdentification_SOP_2016-11-01.pdf","Linnaeus","Female",1,"OK","RNA stabilization buffer","USNMENT00984328","TALL_008.20160504.01.AMBAME.F","Lorenza Beati","Georgia Southern University",
"d01084de-9bf1-42fb-a38f-1bd6bdff5c35","TALL_016.tickPlot.tck","TALL_016","2016-05-04T15:44Z","2017-06-06T16:00Z","TALL_016.20160504","TALL_016.20160504.AMBAME.N","Amblyomma americanum","AMBAME","species","Ixodidae",,,,"Amblyomma",,"americanum",,,"Cooley, R. A. and G. M. Kohls. 1944. The genus Amblyomma (ixodidae) in the United States. The Journal of Parasitology, 30(2):77-111.","GSU_tickIdentification_SOP_2016-11-01.pdf","Linnaeus","Nymph",1,"OK","RNA stabilization buffer","USNMENT00984326","TALL_016.20160504.01.AMBAME.N","Lorenza Beati","Georgia Southern University",
"ce98e400-856d-409c-bb7e-e7cbcd69615d","TALL_002.tickPlot.tck","TALL_002","2016-05-04T16:10Z","2017-06-05T16:00Z","TALL_002.20160504","TALL_002.20160504.AMBAME.N","Amblyomma americanum","AMBAME","species","Ixodidae",,,,"Amblyomma",,"americanum",,,"Cooley, R. A. and G. M. Kohls. 1944. The genus Amblyomma (ixodidae) in the United States. The Journal of Parasitology, 30(2):77-111.","GSU_tickIdentification_SOP_2016-11-01.pdf","Linnaeus","Nymph",6,"OK","RNA stabilization buffer","USNMENT00984331","TALL_002.20160504.01.AMBAME.N","Lorenza Beati","Georgia Southern University",
"ef5093d5-49f4-4f60-ac9e-6bb2019051ca","TALL_001.tickPlot.tck","TALL_001","2016-05-04T17:56Z","2017-06-05T16:00Z","TALL_001.20160504","TALL_001.20160504.AMBAME.N","Amblyomma americanum","AMBAME","species","Ixodidae",,,,"Amblyomma",,"americanum",,,"Cooley, R. A. and G. M. Kohls. 1944. The genus Amblyomma (ixodidae) in the United States. The Journal of Parasitology, 30(2):77-111.","GSU_tickIdentification_SOP_2016-11-01.pdf","Linnaeus","Nymph",4,"OK","RNA stabilization buffer","USNMENT00984327","TALL_001.20160504.01.AMBAME.N","Lorenza Beati","Georgia Southern University",
"0d798de6-d6c7-4f5c-892c-74995eb818ff","TALL_003.tickPlot.tck","TALL_003","2016-05-04T18:05Z","2017-06-06T16:00Z","TALL_003.20160504","TALL_003.20160504.AMBAME.N","Amblyomma americanum","AMBAME","species","Ixodidae",,,,"Amblyomma",,"americanum",,,"Cooley, R. A. and G. M. Kohls. 1944. The genus Amblyomma (ixodidae) in the United States. The Journal of Parasitology, 30(2):77-111.","GSU_tickIdentification_SOP_2016-11-01.pdf","Linnaeus","Nymph",3,"OK","RNA stabilization buffer","USNMENT00984332","TALL_003.20160504.01.AMBAME.N","Lorenza Beati","Georgia Southern University",
"8a6dbda9-01a7-44b8-8447-b8e47b8fac4c","TALL_001.tickPlot.tck","TALL_001","2016-05-26T13:15Z","2017-06-05T16:00Z","TALL_001.20160526","TALL_001.20160526.AMBAME.M","Amblyomma americanum","AMBAME","species","Ixodidae",,,,"Amblyomma",,"americanum",,,"Cooley, R. A. and G. M. Kohls. 1944. The genus Amblyomma (ixodidae) in the United States. The Journal of Parasitology, 30(2):77-111.","GSU_tickIdentification_SOP_2016-11-01.pdf","Linnaeus","Male",1,"OK","RNA stabilization buffer","USNMENT00984338","TALL_001.20160526.01.AMBAME.M","Lorenza Beati","Georgia Southern University",
"304af9f3-c270-4e7d-9d08-352b41413c71","TALL_001.tickPlot.tck","TALL_001","2016-05-26T13:15Z","2017-06-05T16:00Z","TALL_001.20160526","TALL_001.20160526.AMBAME.N","Amblyomma americanum","AMBAME","species","Ixodidae",,,,"Amblyomma",,"americanum",,,"Cooley, R. A. and G. M. Kohls. 1944. The genus Amblyomma (ixodidae) in the United States. The Journal of Parasitology, 30(2):77-111.","GSU_tickIdentification_SOP_2016-11-01.pdf","Linnaeus","Nymph",6,"OK","RNA stabilization buffer","USNMENT00984339","TALL_001.20160526.01.AMBAME.N","Lorenza Beati","Georgia Southern University",
"80d395a7-031e-41df-9d78-346cfa7017d7","TALL_002.tickPlot.tck","TALL_002","2016-05-26T15:27Z","2017-06-05T16:00Z","TALL_002.20160526","TALL_002.20160526.AMBAME.N","Amblyomma americanum","AMBAME","species","Ixodidae",,,,"Amblyomma",,"americanum",,,"Cooley, R. A. and G. M. Kohls. 1944. The genus Amblyomma (ixodidae) in the United States. The Journal of Parasitology, 30(2):77-111.","GSU_tickIdentification_SOP_2016-11-01.pdf","Linnaeus","Nymph",6,"OK","RNA stabilization buffer","USNMENT00984346","TALL_002.20160526.01.AMBAME.N","Lorenza Beati","Georgia Southern University",
"b854e08c-fb51-414d-bd12-7f198e0e2cde","TALL_002.tickPlot.tck","TALL_002","2016-05-26T15:27Z","2017-06-05T16:00Z","TALL_002.20160526","TALL_002.20160526.IXOSCA.N","Ixodes scapularis","IXOSCA","species","Ixodidae",,,,"Ixodes",,"scapularis",,,"Cooley, R. A. and G. M. Kohls. 1945. The genus Ixodes in North America. National Institute of Health Bulletin, 184.","GSU_tickIdentification_SOP_2016-11-01.pdf","Say","Nymph",1,"OK","RNA stabilization buffer","USNMENT00984345","TALL_002.20160526.01.IXOSCA.N","Lorenza Beati","Georgia Southern University",
"442c087d-2b38-4037-b2a5-51c14fe71331","TALL_002.tickPlot.tck","TALL_002","2016-05-26T15:27Z","2017-06-05T16:00Z","TALL_002.20160526","TALL_002.20160526.AMBAME.M","Amblyomma americanum","AMBAME","species","Ixodidae",,,,"Amblyomma",,"americanum",,,"Cooley, R. A. and G. M. Kohls. 1944. The genus Amblyomma (ixodidae) in the United States. The Journal of Parasitology, 30(2):77-111.","GSU_tickIdentification_SOP_2016-11-01.pdf","Linnaeus","Male",2,"OK","RNA stabilization buffer","USNMENT00984343","TALL_002.20160526.01.AMBAME.M","Lorenza Beati","Georgia Southern University",
"ac18e920-1701-44f2-9f62-94ed3362d987","TALL_006.tickPlot.tck","TALL_006","2016-05-26T16:00Z","2017-06-06T16:00Z","TALL_006.20160526","TALL_006.20160526.AMBAME.M","Amblyomma americanum","AMBAME","species","Ixodidae",,,,"Amblyomma",,"americanum",,,"Cooley, R. A. and G. M. Kohls. 1944. The genus Amblyomma (ixodidae) in the United States. The Journal of Parasitology, 30(2):77-111.","GSU_tickIdentification_SOP_2016-11-01.pdf","Linnaeus","Male",1,"OK","RNA stabilization buffer","USNMENT00984340","TALL_006.20160526.01.AMBAME.M","Lorenza Beati","Georgia Southern University",
"cadaf8cd-7da9-4c5c-83c0-0c24c927b8f0","TALL_006.tickPlot.tck","TALL_006","2016-05-26T16:00Z","2017-06-06T16:00Z","TALL_006.20160526","TALL_006.20160526.AMBAME.N","Amblyomma americanum","AMBAME","species","Ixodidae",,,,"Amblyomma",,"americanum",,,"Cooley, R. A. and G. M. Kohls. 1944. The genus Amblyomma (ixodidae) in the United States. The Journal of Parasitology, 30(2):77-111.","GSU_tickIdentification_SOP_2016-11-01.pdf","Linnaeus","Nymph",2,"OK","RNA stabilization buffer","USNMENT00984341","TALL_006.20160526.01.AMBAME.N","Lorenza Beati","Georgia Southern University",
"3387a83f-9b64-42b9-8fe1-eb1d2881ff42","TALL_008.tickPlot.tck","TALL_008","2016-05-26T16:08Z","2017-06-06T16:00Z","TALL_008.20160526","TALL_008.20160526.AMBAME.F","Amblyomma americanum","AMBAME","species","Ixodidae",,,,"Amblyomma",,"americanum",,,"Cooley, R. A. and G. M. Kohls. 1944. The genus Amblyomma (ixodidae) in the United States. The Journal of Parasitology, 30(2):77-111.","GSU_tickIdentification_SOP_2016-11-01.pdf","Linnaeus","Female",1,"OK","RNA stabilization buffer","USNMENT00984347","TALL_008.20160526.01.AMBAME.F","Lorenza Beati","Georgia Southern University",
"d539fd5e-7cb7-459b-a076-2924493dc62f","TALL_008.tickPlot.tck","TALL_008","2016-05-26T16:08Z","2017-06-06T16:00Z","TALL_008.20160526","TALL_008.20160526.AMBAME.N","Amblyomma americanum","AMBAME","species","Ixodidae",,,,"Amblyomma",,"americanum",,,"Cooley, R. A. and G. M. Kohls. 1944. The genus Amblyomma (ixodidae) in the United States. The Journal of Parasitology, 30(2):77-111.","GSU_tickIdentification_SOP_2016-11-01.pdf","Linnaeus","Nymph",14,"OK","RNA stabilization buffer","USNMENT00984349","TALL_008.20160526.01.AMBAME.N","Lorenza Beati","Georgia Southern University",
"25c56de2-654d-4912-9e7c-e3c6ccae61b7","TALL_008.tickPlot.tck","TALL_008","2016-05-26T16:08Z","2017-06-06T16:00Z","TALL_008.20160526","TALL_008.20160526.AMBAME.M","Amblyomma americanum","AMBAME","species","Ixodidae",,,,"Amblyomma",,"americanum",,,"Cooley, R. A. and G. M. Kohls. 1944. The genus Amblyomma (ixodidae) in the United States. The Journal of Parasitology, 30(2):77-111.","GSU_tickIdentification_SOP_2016-11-01.pdf","Linnaeus","Male",2,"OK","RNA stabilization buffer","USNMENT00984348","TALL_008.20160526.01.AMBAME.M","Lorenza Beati","Georgia Southern University",
"a06e5498-cd14-4f58-8b8d-bcfe8b834698","TALL_003.tickPlot.tck","TALL_003","2016-05-26T17:05Z","2017-06-06T16:00Z","TALL_003.20160526","TALL_003.20160526.AMBAME.N","Amblyomma americanum","AMBAME","species","Ixodidae",,,,"Amblyomma",,"americanum",,,"Cooley, R. A. and G. M. Kohls. 1944. The genus Amblyomma (ixodidae) in the United States. The Journal of Parasitology, 30(2):77-111.","GSU_tickIdentification_SOP_2016-11-01.pdf","Linnaeus","Nymph",6,"OK","RNA stabilization buffer","USNMENT00984342","TALL_003.20160526.01.AMBAME.N","Lorenza Beati","Georgia Southern University",
