uid,namedLocation,domainID,siteID,plotID,plotType,nlcdClass,decimalLatitude,decimalLongitude,geodeticDatum,coordinateUncertainty,elevation,elevationUncertainty,collectDate,eventID,sampleID,sampleCode,samplingMethod,totalSampledArea,targetTaxaPresent,adultCount,nymphCount,larvaCount,sampleCondition,samplingProtocolVersion,measuredBy,remarks
"bca79fa7-be54-4ae4-8f6f-c2776f145036","TALL_006.tickPlot.tck","D08","TALL","TALL_006","distributed","evergreenForest",32.899144,-87.444571,"WGS84",20.3,108.6,0.3,"2016-05-04T14:23Z","TALL.2016.18","TALL_006.20160504",,"drag and flag",160,"Y",0,1,0,"No known compromise","NEON.DOC.014045vG","v7wRdnV1gD6DA7NUoRhtXNeAYtN2k0WN",
"f4cfe38b-ed3d-4465-a8a4-cf2f0a85ee64","TALL_008.tickPlot.tck","D08","TALL","TALL_008","distributed","deciduousForest",32.922874,-87.434097,"WGS84",20.2,127.5,0.2,"2016-05-04T14:30Z","TALL.2016.18","TALL_008.20160504",,"drag",165,"Y",2,26,0,"No known compromise","NEON.DOC.014045vG","LFtSQUzg3D5rM81pWhEN+hmbq2RanalI",
"43e2e8df-fc3f-4fc4-9355-fce36970a648","TALL_016.tickPlot.tck","D08","TALL","TALL_016","distributed","evergreenForest",32.971553,-87.415845,"WGS84",20.1,138.9,0.1,"2016-05-04T15:44Z","TALL.2016.18","TALL_016.20160504",,"drag and flag",160,"Y",0,1,0,"No known compromise","NEON.DOC.014045vG","v7wRdnV1gD6DA7NUoRhtXNeAYtN2k0WN",
"7a29510b-fae6-41c6-9370-b7187bd71cda","TALL_002.tickPlot.tck","D08","TALL","TALL_002","distributed","mixedForest",32.920823,-87.428955,"WGS84",20.3,104.0,0.4,"2016-05-04T16:10Z","TALL.2016.18","TALL_002.20160504",,"drag and flag",160,"Y",0,6,0,"No known compromise","NEON.DOC.014045vG","LFtSQUzg3D5rM81pWhEN+hmbq2RanalI",
"c6f447aa-33d5-4120-a5ce-ded89d814c1f","TALL_001.tickPlot.tck","D08","TALL","TALL_001","distributed","deciduousForest",32.976370,-87.432184,"WGS84",20.2,114.6,0.1,"2016-05-04T17:56Z","TALL.2016.18","TALL_001.20160504",,"drag and flag",160,"Y",0,4,0,"No known compromise","NEON.DOC.014045vG","v7wRdnV1gD6DA7NUoRhtXNeAYtN2k0WN",
"62a93744-e5de-4fde-9c76-b93c077e69a4","TALL_003.tickPlot.tck","D08","TALL","TALL_003","distributed","mixedForest",32.894415,-87.416532,"WGS84",20.2,121.9,0.2,"2016-05-04T18:05Z","TALL.2016.18","TALL_003.20160504",,"drag and flag",170,"Y",0,2,0,"No known compromise","NEON.DOC.014045vG","LFtSQUzg3D5rM81pWhEN+hmbq2RanalI",
"9efa31e6-04fd-48e3-ae16-4efd971f5633","TALL_001.tickPlot.tck","D08","TALL","TALL_001","distributed","deciduousForest",32.976370,-87.432184,"WGS84",20.2,114.6,0.1,"2016-05-26T13:15Z","TALL.2016.21","TALL_001.20160526",,"drag",155,"Y",1,4,0,"No known compromise","NEON.DOC.014045vG","0ygyTA3URVoNp+waZjN2Lu+zP0lNl3v9",
"39cffb81-2579-4441-b0d5-37c0a5f4e1ac","TALL_016.tickPlot.tck","D08","TALL","TALL_016","distributed","evergreenForest",32.971553,-87.415845,"WGS84",20.1,138.9,0.1,"2016-05-26T14:35Z","TALL.2016.21",,,"drag",160,"N",0,0,0,"No known compromise","NEON.DOC.014045vG","Bw3luEmt/EBXrQHhVu/bZXxTa02TtXvY",
"667678d1-28da-45d0-97a8-c51dc8f1eee9","TALL_002.tickPlot.tck","D08","TALL","TALL_002","distributed","mixedForest",32.920823,-87.428955,"WGS84",20.3,104.0,0.4,"2016-05-26T15:27Z","TALL.2016.21","TALL_002.20160526",,"drag",160,"Y",2,6,0,"No known compromise","NEON.DOC.014045vG","ivIRHNyZLcsR/EGAdnc8sn41967l5+h5",
"6d0451e1-d961-4534-b556-418b36c46977","TALL_006.tickPlot.tck","D08","TALL","TALL_006","distributed","evergreenForest",32.899144,-87.444571,"WGS84",20.3,108.6,0.3,"2016-05-26T16:00Z","TALL.2016.21","TALL_006.20160526",,"drag and flag",160,"Y",1,2,1,"No known compromise","NEON.DOC.014045vG","0ygyTA3URVoNp+waZjN2Lu+zP0lNl3v9",
"38dc9c81-eb88-41e8-b651-3580510bc520","TALL_008.tickPlot.tck","D08","TALL","TALL_008","distributed","deciduousForest",32.922874,-87.434097,"WGS84",20.2,127.5,0.2,"2016-05-26T16:08Z","TALL.2016.21","TALL_008.20160526",,"drag",160,"Y",3,14,0,"No known compromise","NEON.DOC.014045vG","ivIRHNyZLcsR/EGAdnc8sn41967l5+h5",
"ad1a63da-5f7f-4f60-9944-804ada57b588","TALL_003.tickPlot.tck","D08","TALL","TALL_003","distributed","mixedForest",32.894415,-87.416532,"WGS84",20.2,121.9,0.2,"2016-05-26T17:05Z","TALL.2016.21","TALL_003.20160526",,"drag",160,"Y",0,5,0,"No known compromise","NEON.DOC.014045vG","Bw3luEmt/EBXrQHhVu/bZXxTa02TtXvY",
