uid,namedLocation,date,domainID,siteID,plotID,plotType,nlcdClass,decimalLatitude,decimalLongitude,geodeticDatum,coordinateUncertainty,easting,northing,utmZone,elevation,elevationUncertainty,eventID,samplingProtocolVersion,treesPresent,treesAbsentList,shrubsPresent,shrubsAbsentList,lianasPresent,lianasAbsentList,nestedSubplotAreaShrubSapling,nestedSubplotAreaLiana,totalSampledAreaTrees,totalSampledAreaShrubSapling,totalSampledAreaLiana,remarks,measuredBy,recordedBy,dataQF
"f6d1c9d3-d3d6-48e1-aecc-1ad427b1cdc1","DSNY_001.basePlot.vst","2017-05-10","D03","DSNY","DSNY_001","distributed","woodyWetlands",28.096700,-81.418579,"WGS84",20.1,458880.85,3107985.14,"17N",20.7,0.1,"vst_DSNY_2017","NEON.DOC.000987vE","N",,"N",,"N",,"noneSelected","noneSelected",400,400,400,"Duplicate tags were created for 21 individuals in DSNY_001 which have been marked as attention needed","cfnhyGSqXKc3516bF+Ud/jaLDXEcTOrF","hxd/ub1VzGxI2cvr1ew0yayQEL8nWeAY",
"10c5f429-c27d-4d55-b916-26ef18d94f2a","DSNY_021.basePlot.vst","2017-05-11","D03","DSNY","DSNY_021","distributed","pastureHay",28.052638,-81.393374,"WGS84",20.1,461341.12,3103095.79,"17N",19.8,0.1,"vst_DSNY_2017","NEON.DOC.000987vE",,,,,,,"noneSelected","noneSelected",400,400,400,"Palms present in insufficient quantity (<50%)","hxd/ub1VzGxI2cvr1ew0yayQEL8nWeAY","EuyR0KlpP9nFfPDO+cW7nFSf0zPFfgPOOE0q2S6C1BI=",
"28a84b43-907d-45f3-947e-a6ae2ff8eb23","DSNY_034.basePlot.vst","2017-05-11","D03","DSNY","DSNY_034","distributed","pastureHay",28.063937,-81.418449,"WGS84",20.1,458881.14,3104355.67,"17N",19.5,0.1,"vst_DSNY_2017","NEON.DOC.000987vE","Y",,"N",,"N",,"noneSelected","noneSelected",400,400,400,,"hxd/ub1VzGxI2cvr1ew0yayQEL8nWeAY","EuyR0KlpP9nFfPDO+cW7nFSf0zPFfgPOOE0q2S6C1BI=",
"2e559060-fa67-4d2b-9d1c-60666b7b20b6","DSNY_016.basePlot.vst","2017-05-11","D03","DSNY","DSNY_016","distributed","pastureHay",28.043948,-81.393638,"WGS84",20.1,461312.06,3102133.21,"17N",19.7,0.1,"vst_DSNY_2017","NEON.DOC.000987vG",,,,,,,"noneSelected","noneSelected",400,400,400,"Palms present in an insufficient quantity (<50% cover)","hxd/ub1VzGxI2cvr1ew0yayQEL8nWeAY","EuyR0KlpP9nFfPDO+cW7nFSf0zPFfgPOOE0q2S6C1BI=",
"ecf9625c-6051-4c12-bc2e-1e794ee94a05","DSNY_005.basePlot.vst","2017-05-16","D03","DSNY","DSNY_005","distributed","woodyWetlands",28.039641,-81.393323,"WGS84",20.1,461341.48,3101656.00,"17N",19.5,0.1,"vst_DSNY_2017","NEON.DOC.000987vE","N",,"N",,"N",,"noneSelected","noneSelected",400,400,400,,"YK5ulgcjQA5M6hxjAkVbmv4a8AjznrKv","cMb2B+jx12AMjNtsEA8t48GND5R87ks/",
"c158fa12-7374-462c-adda-41f67095f0ad","DSNY_025.basePlot.vst","2017-05-17","D03","DSNY","DSNY_025","distributed","pastureHay",28.071776,-81.420620,"WGS84",20.1,458670.81,3105224.80,"17N",19.9,0.1,"vst_DSNY_2017","NEON.DOC.000987vE",,,,,,,"noneSelected","noneSelected",400,400,400,,"cMb2B+jx12AMjNtsEA8t48GND5R87ks/","YK5ulgcjQA5M6hxjAkVbmv4a8AjznrKv",
"f309fce6-1cfa-4752-8bee-af1310114ae5","DSNY_017.basePlot.vst","2017-05-17","D03","DSNY","DSNY_017","distributed","woodyWetlands",28.058282,-81.402874,"WGS84",20.1,460409.56,3103724.07,"17N",20.1,0.1,"vst_DSNY_2017","NEON.DOC.000987vE","N",,"N",,"N",,"noneSelected","noneSelected",400,400,400,,"YK5ulgcjQA5M6hxjAkVbmv4a8AjznrKv","cMb2B+jx12AMjNtsEA8t48GND5R87ks/",
"25ba5e91-2d08-43c1-824d-03cabe782d10","DSNY_008.basePlot.vst","2017-05-18","D03","DSNY","DSNY_008","distributed","woodyWetlands",28.046662,-81.401888,"WGS84",20.1,460502.21,3102436.51,"17N",19.0,0.1,"vst_DSNY_2017","NEON.DOC.000987vE","Y",,"Y",,"N",,"noneSelected","noneSelected",400,400,400,,"YK5ulgcjQA5M6hxjAkVbmv4a8AjznrKv","cMb2B+jx12AMjNtsEA8t48GND5R87ks/",
"e81b989e-ad88-4caf-b329-4aeae524d6aa","DSNY_002.basePlot.vst","2017-05-23","D03","DSNY","DSNY_002","distributed","woodyWetlands",28.048244,-81.416879,"WGS84",20.1,459029.47,3102616.71,"17N",17.7,0.1,"vst_DSNY_2017","NEON.DOC.000987vE","Y",,"Y",,"N",,"noneSelected","noneSelected",400,400,400,,"uQ3flT+jLrW85u7nE+3riIGajIA12ojXUYMflWmsZYI=","qwd4SsQjkwojVAYuvLRi2I6c493EEc9K",
"26c15097-8ac3-4d8e-87cc-c2729357bc72","DSNY_007.basePlot.vst","2017-05-23","D03","DSNY","DSNY_007","distributed","woodyWetlands",28.053114,-81.417507,"WGS84",20.1,458969.60,3103156.41,"17N",17.8,0.1,"vst_DSNY_2017","NEON.DOC.000987vE","N",,"N",,"N",,"noneSelected","noneSelected",400,400,400,,"cMb2B+jx12AMjNtsEA8t48GND5R87ks/","hxd/ub1VzGxI2cvr1ew0yayQEL8nWeAY",
"efc1bb07-efcb-4131-a2d9-0b8cbe9a44db","DSNY_003.basePlot.vst","2017-05-24","D03","DSNY","DSNY_003","distributed","woodyWetlands",28.074209,-81.425532,"WGS84",20.1,458189.10,3105496.00,"17N",18.9,0.1,"vst_DSNY_2017","NEON.DOC.000987vE","N",,"N",,"N",,"noneSelected","noneSelected",400,400,400,,"cMb2B+jx12AMjNtsEA8t48GND5R87ks/","hxd/ub1VzGxI2cvr1ew0yayQEL8nWeAY",
"fe65f7b0-0e9a-4a5e-80d2-3eeaf42c56c1","DSNY_009.basePlot.vst","2017-05-24","D03","DSNY","DSNY_009","distributed","pastureHay",28.073118,-81.428559,"WGS84",20.1,457891.25,3105376.18,"17N",19.0,0.1,"vst_DSNY_2017","NEON.DOC.000987vE",,,,,,,"noneSelected","noneSelected",400,400,400,"Palms present but less than 50% of cover","cMb2B+jx12AMjNtsEA8t48GND5R87ks/","hxd/ub1VzGxI2cvr1ew0yayQEL8nWeAY",
"b3672ffc-043e-4eb7-8c56-5eee30fa0b08","DSNY_011.basePlot.vst","2017-05-24","D03","DSNY","DSNY_011","distributed","woodyWetlands",28.070798,-81.383974,"WGS84",20.2,462271.25,3105104.56,"17N",20.2,0.6,"vst_DSNY_2017","NEON.DOC.000987vE",,,,,,,"noneSelected","noneSelected",400,400,400,"Canopy Cover- does not qualify for VST other measurement","qwd4SsQjkwojVAYuvLRi2I6c493EEc9K","uQ3flT+jLrW85u7nE+3riIGajIA12ojXUYMflWmsZYI=",
"043fade3-1d8b-466c-997c-cf7ae2d76ca2","DSNY_014.basePlot.vst","2017-05-24","D03","DSNY","DSNY_014","distributed","woodyWetlands",28.063373,-81.428518,"WGS84",20.1,457891.48,3104296.64,"17N",18.0,0.1,"vst_DSNY_2017","NEON.DOC.000987vE","Y",,"Y",,"N",,"noneSelected","noneSelected",400,400,400,,"GrsE2Yu+ldmCqBHwBY6DBDQlk9sv4Hmw1h5L3rY7BgA=","/L8XoKjUxx5Tw8VHH8HYehjghzbeK0eHaf9HHKh/QyY=",
"c11f5794-39b9-49f9-a750-aab14e76b7e2","DSNY_004.basePlot.vst","2017-05-25","D03","DSNY","DSNY_004","distributed","woodyWetlands",28.099732,-81.399974,"WGS84",20.1,460709.63,3108314.87,"17N",18.8,0.1,"vst_DSNY_2017","NEON.DOC.000987vE","N",,"N",,"N",,"noneSelected","noneSelected",400,400,400,,"cMb2B+jx12AMjNtsEA8t48GND5R87ks/","hxd/ub1VzGxI2cvr1ew0yayQEL8nWeAY",
"982c7c07-8077-49c8-a5f3-45be066c14e4","DSNY_006.basePlot.vst","2017-05-25","D03","DSNY","DSNY_006","distributed","woodyWetlands",28.092969,-81.399332,"WGS84",20.1,460770.24,3107565.47,"17N",20.7,0.1,"vst_DSNY_2017","NEON.DOC.000987vE","Y",,"Y",,"N",,"noneSelected","noneSelected",400,400,400,"Question about how cactus location is recorded in Presence/Absence (Nested subplot or other or new option). Question about totalAreaSampledOther when cacti are found (80 or 400).","GrsE2Yu+ldmCqBHwBY6DBDQlk9sv4Hmw1h5L3rY7BgA=","/L8XoKjUxx5Tw8VHH8HYehjghzbeK0eHaf9HHKh/QyY=",
"8eb73cd0-567a-4064-a441-92bfb4bfd8a0","DSNY_012.basePlot.vst","2017-05-30","D03","DSNY","DSNY_012","distributed","woodyWetlands",28.102984,-81.406399,"WGS84",20.1,460079.69,3108677.21,"17N",20.2,0.1,"vst_DSNY_2017","NEON.DOC.000987vE","N",,"N",,"N",,"noneSelected","noneSelected",400,400,400,,"YK5ulgcjQA5M6hxjAkVbmv4a8AjznrKv","swB/+pnc2VnF9Fa7wkygb+Kf1gKbJNlh/Nqtv62hWkY=",
"4f37527a-817b-4b43-944d-63d026c6edf9","DSNY_015.basePlot.vst","2017-05-30","D03","DSNY","DSNY_015","distributed","woodyWetlands",28.111847,-81.421680,"WGS84",20.1,458582.04,3109664.15,"17N",20.8,0.1,"vst_DSNY_2017","NEON.DOC.000987vE","N",,"N",,"N",,"noneSelected","noneSelected",400,400,400,,"YK5ulgcjQA5M6hxjAkVbmv4a8AjznrKv","swB/+pnc2VnF9Fa7wkygb+Kf1gKbJNlh/Nqtv62hWkY=",
"b7c2f691-d5ea-4749-af81-4b664975de8b","DSNY_013.basePlot.vst","2017-05-30","D03","DSNY","DSNY_013","distributed","woodyWetlands",28.110482,-81.425956,"WGS84",20.1,458161.51,3109514.40,"17N",20.0,0.1,"vst_DSNY_2017","NEON.DOC.000987vE","N",,"N",,"N",,"noneSelected","noneSelected",400,400,400,,"YK5ulgcjQA5M6hxjAkVbmv4a8AjznrKv","swB/+pnc2VnF9Fa7wkygb+Kf1gKbJNlh/Nqtv62hWkY=",
"46e24216-f833-4e3b-8ed7-8c599e59dd25","DSNY_010.basePlot.vst","2017-05-30","D03","DSNY","DSNY_010","distributed","woodyWetlands",28.118590,-81.435161,"WGS84",20.1,457260.58,3110415.80,"17N",20.0,0.1,"vst_DSNY_2017","NEON.DOC.000987vE","N",,"N",,"N",,"noneSelected","noneSelected",400,400,400,,"YK5ulgcjQA5M6hxjAkVbmv4a8AjznrKv","swB/+pnc2VnF9Fa7wkygb+Kf1gKbJNlh/Nqtv62hWkY=",
