uid,namedLocation,domainID,siteID,plotID,plotType,nlcdClass,decimalLatitude,decimalLongitude,geodeticDatum,coordinateUncertainty,elevation,elevationUncertainty,collectDate,eventID,sampleID,sampleCode,samplingMethod,totalSampledArea,targetTaxaPresent,adultCount,nymphCount,larvaCount,sampleCondition,samplingProtocolVersion,measuredBy,remarks
"4e537601-2188-46f5-b59d-209c3ebbebb3","STER_006.tickPlot.tck","D10","STER","STER_006","distributed","cultivatedCrops",40.465644,-103.032824,"WGS84",20.1,1361.1,0.1,"2018-04-04T17:08Z","STER.2018.14",,,"drag",160,"N",0,0,0,,"NEON.DOC.014045vJ","K+tJSr1+vfbHsPtL/dLKMjFlKn3yOXeu44OlkjOHon8=",
"16f32f2c-bde2-4f97-850e-df4a8c83407c","STER_029.tickPlot.tck","D10","STER","STER_029","distributed","cultivatedCrops",40.469400,-103.010366,"WGS84",20.2,1352.6,0.3,"2018-04-04T17:54Z","STER.2018.14",,,"drag",160,"N",0,0,0,,"NEON.DOC.014045vJ","LNwpgRE1aFsz4Eo6S0oHXbZbSzrlJnj8qYRePodjhJ0=",
"b968fcad-6473-4ef0-bcd4-68cc547ee161","STER_028.tickPlot.tck","D10","STER","STER_028","distributed","cultivatedCrops",40.472367,-103.017002,"WGS84",20.2,1358.2,0.3,"2018-04-04T18:34Z","STER.2018.14",,,"drag",160,"N",0,0,0,,"NEON.DOC.014045vJ","K+tJSr1+vfbHsPtL/dLKMjFlKn3yOXeu44OlkjOHon8=",
"bd7123b5-61c2-4f4c-88f5-ce2c94ad98d9","STER_026.tickPlot.tck","D10","STER","STER_026","distributed","cultivatedCrops",40.474857,-103.022558,"WGS84",20.2,1358.2,0.2,"2018-04-04T19:01Z","STER.2018.14",,,"drag",160,"N",0,0,0,,"NEON.DOC.014045vJ","LNwpgRE1aFsz4Eo6S0oHXbZbSzrlJnj8qYRePodjhJ0=",
"dbc5f5dd-6e74-49e6-889c-00870937c5af","STER_027.tickPlot.tck","D10","STER","STER_027","distributed","cultivatedCrops",40.480002,-103.017416,"WGS84",20.2,1365.6,0.2,"2018-04-04T19:35Z","STER.2018.14",,,"drag",160,"N",0,0,0,,"NEON.DOC.014045vJ","K+tJSr1+vfbHsPtL/dLKMjFlKn3yOXeu44OlkjOHon8=",
"5ebde245-f471-4d55-9cc3-10ffb20f2b9a","STER_033.tickPlot.tck","D10","STER","STER_033","distributed","cultivatedCrops",40.476290,-103.010114,"WGS84",20.2,1355.1,0.2,"2018-04-04T20:06Z","STER.2018.14",,,"drag",160,"N",0,0,0,,"NEON.DOC.014045vJ","K+tJSr1+vfbHsPtL/dLKMjFlKn3yOXeu44OlkjOHon8=",
