uid,namedLocation,domainID,siteID,plotID,plotType,nlcdClass,decimalLatitude,decimalLongitude,geodeticDatum,coordinateUncertainty,elevation,elevationUncertainty,collectDate,eventID,sampleID,sampleCode,samplingMethod,totalSampledArea,targetTaxaPresent,adultCount,nymphCount,larvaCount,sampleCondition,samplingProtocolVersion,measuredBy,remarks
"e8b6d69d-5119-4547-841c-10a773cfebf0","DSNY_008.tickPlot.tck","D03","DSNY","DSNY_008","distributed","woodyWetlands",28.047337,-81.403204,"WGS84",20.1,18.8,0.1,"2017-04-11T12:21Z","DSNY.2017.15",,,"drag and flag",160,"N",0,0,0,"No known compromise","NEON.DOC.014045vG","YK5ulgcjQA5M6hxjAkVbmv4a8AjznrKv",
"c0a49609-1565-419e-9d88-213385633f3e","DSNY_005.tickPlot.tck","D03","DSNY","DSNY_005","distributed","woodyWetlands",28.040497,-81.394482,"WGS84",20.1,16.6,0.1,"2017-04-11T13:31Z","DSNY.2017.15",,,"drag and flag",160,"N",0,0,0,"No known compromise","NEON.DOC.014045vG","YK5ulgcjQA5M6hxjAkVbmv4a8AjznrKv",
"d8b367ac-b61d-4908-93e2-9a562cbdd568","DSNY_021.tickPlot.tck","D03","DSNY","DSNY_021","distributed","pastureHay",28.053635,-81.392353,"WGS84",20.1,17.1,0.1,"2017-04-11T14:45Z","DSNY.2017.15",,,"drag and flag",160,"N",0,0,0,"No known compromise","NEON.DOC.014045vG","K9OTaQ0zZCLKuSI2a22zmxo5JPNK03YOJDKl7AdSUww=",
"c9b2e177-6c82-4777-a648-c5fde13ebfde","DSNY_006.tickPlot.tck","D03","DSNY","DSNY_006","distributed","woodyWetlands",28.093704,-81.398045,"WGS84",20.1,20.1,0.1,"2017-04-11T15:53Z","DSNY.2017.15",,,"drag and flag",160,"N",0,0,0,"No known compromise","NEON.DOC.014045vG","K9OTaQ0zZCLKuSI2a22zmxo5JPNK03YOJDKl7AdSUww=",
"54e58fb6-3486-41f2-8074-d52faefa56f6","DSNY_004.tickPlot.tck","D03","DSNY","DSNY_004","distributed","woodyWetlands",28.101022,-81.399501,"WGS84",20.1,18.7,0.1,"2017-04-11T16:26Z","DSNY.2017.15",,,"drag and flag",160,"N",0,0,0,"No known compromise","NEON.DOC.014045vG","K9OTaQ0zZCLKuSI2a22zmxo5JPNK03YOJDKl7AdSUww=",
"81f1f2b9-2cd8-4f19-bbc5-8868c23ff46c","DSNY_001.tickPlot.tck","D03","DSNY","DSNY_001","distributed","woodyWetlands",28.098062,-81.418561,"WGS84",20.1,20.3,0.1,"2017-04-11T17:33Z","DSNY.2017.15",,,"drag and flag",160,"N",0,0,0,"No known compromise","NEON.DOC.014045vG","K9OTaQ0zZCLKuSI2a22zmxo5JPNK03YOJDKl7AdSUww=",
