uid,namedLocation,domainID,siteID,plotID,plotType,nlcdClass,decimalLatitude,decimalLongitude,geodeticDatum,coordinateUncertainty,elevation,elevationUncertainty,collectDate,eventID,sampleID,sampleCode,samplingMethod,totalSampledArea,targetTaxaPresent,adultCount,nymphCount,larvaCount,sampleCondition,samplingProtocolVersion,measuredBy,remarks
"5a579f6c-b30d-4b6a-b23b-47b7678ea9dc","JORN_004.tickPlot.tck","D14","JORN","JORN_004","distributed","shrubScrub",32.629997,-106.859194,"WGS84",20.1,1332.6,0.1,"2016-06-01T15:30Z","JORN.2016.22",,,"drag and flag",160,"N",0,0,0,"No known compromise","NEON.DOC.014045vG","LaEMI0VE2Jq2QdGQjNnhw2k8C7fNX28F","2 m"
"9929aad0-a7b5-4e7c-a77e-3a8dcf0c6b53","JORN_003.tickPlot.tck","D14","JORN","JORN_003","distributed","shrubScrub",32.599768,-106.839372,"WGS84",20.1,1321.1,0.1,"2016-06-01T17:20Z","JORN.2016.22",,,"drag and flag",160,"N",0,0,0,"No known compromise","NEON.DOC.014045vG","JQNbCmphkBC7cMsM/CUEZhabYz0czz6M","7 m"
"acb90d0d-3cac-4b57-b0d0-47099ca18471","JORN_006.tickPlot.tck","D14","JORN","JORN_006","distributed","shrubScrub",32.591754,-106.825128,"WGS84",20.1,1323.4,0.1,"2016-06-01T18:30Z","JORN.2016.22",,,"drag and flag",160,"N",0,0,0,"No known compromise","NEON.DOC.014045vG","LaEMI0VE2Jq2QdGQjNnhw2k8C7fNX28F","8"
"f3c27f95-6197-4abe-98d2-fe706297cb80","JORN_001.tickPlot.tck","D14","JORN","JORN_001","distributed","shrubScrub",32.603710,-106.801348,"WGS84",20.1,1323.4,0.1,"2016-06-01T20:00Z","JORN.2016.22",,,"drag and flag",160,"N",0,0,0,"No known compromise","NEON.DOC.014045vG","JQNbCmphkBC7cMsM/CUEZhabYz0czz6M","3"
"e3a5605d-a279-4e67-b7f1-2482b154533a","JORN_002.tickPlot.tck","D14","JORN","JORN_002","distributed","shrubScrub",32.612341,-106.827225,"WGS84",20.1,1328.9,0.1,"2016-06-01T21:10Z","JORN.2016.22",,,"drag and flag",160,"N",0,0,0,"No known compromise","NEON.DOC.014045vG","JQNbCmphkBC7cMsM/CUEZhabYz0czz6M",
"ee4156f9-05a8-4997-bc68-27b645682b1b","JORN_005.tickPlot.tck","D14","JORN","JORN_005","distributed","shrubScrub",32.575619,-106.801784,"WGS84",20.1,1324.8,0.2,"2016-06-01T22:25Z","JORN.2016.22",,,"drag and flag",160,"N",0,0,0,"No known compromise","NEON.DOC.014045vG","LaEMI0VE2Jq2QdGQjNnhw2k8C7fNX28F","4"
