uid,namedLocation,domainID,siteID,plotID,plotType,nlcdClass,decimalLatitude,decimalLongitude,geodeticDatum,coordinateUncertainty,elevation,elevationUncertainty,collectDate,eventID,sampleID,sampleCode,samplingMethod,totalSampledArea,targetTaxaPresent,adultCount,nymphCount,larvaCount,sampleCondition,samplingProtocolVersion,measuredBy,remarks
"ebafa73c-b2d9-477e-8423-6e15eda25278","OSBS_002.tickPlot.tck","D03","OSBS","OSBS_002","distributed","evergreenForest",29.703661,-81.958365,"WGS84",20.1,35.8,0.2,"2016-05-12T12:40Z","OSBS.2016.19",,,"drag and flag",160,"N",0,0,0,"No known compromise","NEON.DOC.014045vG","UJXQnyichFB4WhORGHkpbbED896YuixX",
"8f3fa00d-da2f-4db4-901e-11f709abae35","OSBS_003.tickPlot.tck","D03","OSBS","OSBS_003","distributed","evergreenForest",29.693693,-81.947010,"WGS84",20.3,38.2,0.5,"2016-05-12T13:38Z","OSBS.2016.19","OSBS_003.20160512",,"drag and flag",171,"Y",5,30,0,"Distance estimated (described in remarks)","NEON.DOC.014045vG","+t9dEp0SlKlVI0UNnQDMKelusHsJQd/n","Added meters due to vegetation blocking path"
"53a9db08-ba41-478d-8efa-8c2644bbfa79","OSBS_004.tickPlot.tck","D03","OSBS","OSBS_004","distributed","evergreenForest",29.683402,-81.960449,"WGS84",20.3,42.4,0.4,"2016-05-12T15:11Z","OSBS.2016.19","OSBS_004.20160512",,"drag and flag",160,"Y",0,1,0,"No known compromise","NEON.DOC.014045vG","UJXQnyichFB4WhORGHkpbbED896YuixX",
"341f9a37-351d-4742-b598-71fb9ec67143","OSBS_022.tickPlot.tck","D03","OSBS","OSBS_022","distributed","emergentHerbaceousWetlands",29.688309,-81.961968,"WGS84",20.1,24.3,0.1,"2016-05-12T15:53Z","OSBS.2016.19","OSBS_022.20160512",,"drag and flag",172,"Y",0,35,0,"Distance estimated (described in remarks)","NEON.DOC.014045vG","UJXQnyichFB4WhORGHkpbbED896YuixX","Added meters due to vegetation blocking path"
"e2a3acd0-5a21-4231-9fdb-d0209d82be89","OSBS_005.tickPlot.tck","D03","OSBS","OSBS_005","distributed","woodyWetlands",29.697923,-82.025623,"WGS84",20.4,36.0,1.2,"2016-05-12T16:57Z","OSBS.2016.19","OSBS_005.20160512",,"drag and flag",153,"Y",9,52,0,"Distance estimated (described in remarks)","NEON.DOC.014045vG","UJXQnyichFB4WhORGHkpbbED896YuixX","Meters added and subtracted due to vegetation blocking path"
"e3892f61-e32c-462c-b4d8-3ddfd0f349ed","OSBS_001.tickPlot.tck","D03","OSBS","OSBS_001","distributed","woodyWetlands",29.704063,-82.008061,"WGS84",20.3,34.4,0.3,"2016-05-12T17:40Z","OSBS.2016.19","OSBS_001.20160512",,"drag and flag",150,"Y",5,30,0,"Distance estimated (described in remarks)","NEON.DOC.014045vG","UJXQnyichFB4WhORGHkpbbED896YuixX","Added and subtracted meters due to vegetation blocking path"
"6bad16f3-6c83-4a69-b9db-97a2813a83c8","OSBS_005.tickPlot.tck","D03","OSBS","OSBS_005","distributed","woodyWetlands",29.697923,-82.025623,"WGS84",20.4,36.0,1.2,"2016-05-31T14:06Z","OSBS.2016.22","OSBS_005.20160531",,"drag and flag",166,"Y",17,71,0,"No known compromise","NEON.DOC.014045vG","OoOZO8xGrYnthRmxGolgxYcwhXzdjRBwmESPZle5cfM=","Lost one nymph"
"743df1e3-43ca-4428-97ae-15eb0ca98093","OSBS_001.tickPlot.tck","D03","OSBS","OSBS_001","distributed","woodyWetlands",29.704063,-82.008061,"WGS84",20.3,34.4,0.3,"2016-05-31T15:45Z","OSBS.2016.22","OSBS_001.20160531",,"drag and flag",164,"Y",25,27,0,"No known compromise","NEON.DOC.014045vG","OoOZO8xGrYnthRmxGolgxYcwhXzdjRBwmESPZle5cfM=",
"3fb2bddb-5613-49cb-9292-afa842a9c21d","OSBS_003.tickPlot.tck","D03","OSBS","OSBS_003","distributed","evergreenForest",29.693693,-81.947010,"WGS84",20.3,38.2,0.5,"2016-05-31T17:33Z","OSBS.2016.22","OSBS_003.20160531",,"drag and flag",162,"Y",6,20,0,"No known compromise","NEON.DOC.014045vG","OoOZO8xGrYnthRmxGolgxYcwhXzdjRBwmESPZle5cfM=",
"41cee93e-a0e7-4658-a238-42155933fbf3","OSBS_004.tickPlot.tck","D03","OSBS","OSBS_004","distributed","evergreenForest",29.683402,-81.960449,"WGS84",20.3,42.4,0.4,"2016-05-31T18:52Z","OSBS.2016.22","OSBS_004.20160531",,"drag",160,"Y",0,2,0,"No known compromise","NEON.DOC.014045vG","OoOZO8xGrYnthRmxGolgxYcwhXzdjRBwmESPZle5cfM=",
"9c6030b5-4090-4fe0-bbec-570b4f977438","OSBS_022.tickPlot.tck","D03","OSBS","OSBS_022","distributed","emergentHerbaceousWetlands",29.688309,-81.961968,"WGS84",20.1,24.3,0.1,"2016-05-31T19:26Z","OSBS.2016.22","OSBS_022.20160531",,"drag and flag",163,"Y",3,5,0,"No known compromise","NEON.DOC.014045vG","OoOZO8xGrYnthRmxGolgxYcwhXzdjRBwmESPZle5cfM=",
"eccf1f7e-668a-4adf-a8fa-f4f1c5cc4113","OSBS_002.tickPlot.tck","D03","OSBS","OSBS_002","distributed","evergreenForest",29.703661,-81.958365,"WGS84",20.1,35.8,0.2,"2016-05-31T20:06Z","OSBS.2016.22","OSBS_002.20160531",,"drag and flag",162,"Y",0,1,0,"No known compromise","NEON.DOC.014045vG","OoOZO8xGrYnthRmxGolgxYcwhXzdjRBwmESPZle5cfM=",
