uid,namedLocation,domainID,siteID,plotID,plotType,nlcdClass,decimalLatitude,decimalLongitude,geodeticDatum,coordinateUncertainty,elevation,elevationUncertainty,collectDate,eventID,sampleID,sampleCode,samplingMethod,totalSampledArea,targetTaxaPresent,adultCount,nymphCount,larvaCount,sampleCondition,samplingProtocolVersion,measuredBy,remarks
"e5a804d1-d51e-40cb-8d3e-5cd5b49c08a3","GUAN_002.tickPlot.tck","D04","GUAN","GUAN_002","distributed","evergreenForest",17.972295,-66.826103,"WGS84",6.6,87.8,0.3,"2016-09-28T12:30Z","GUAN.2016.39",,,"drag and flag",126,"N",0,0,0,"No known compromise","NEON.DOC.014045vG","zPBe+8pzAK0B2URIObnv4uYPPEuv017obsOPc+5Qw/c=",
"37cda900-6213-455c-b9a5-61e15a8f1aad","GUAN_031.tickPlot.tck","D04","GUAN","GUAN_031","distributed","evergreenForest",17.962171,-66.844084,"WGS84",6.4,43.4,0.1,"2016-09-28T14:05Z","GUAN.2016.39",,,"drag",116,"N",0,0,0,"No known compromise","NEON.DOC.014045vG","7GSC2Ocp9nUteYgLIy4dgBai2aWAgzCc",
"e57f6510-34ff-4aad-a1e5-afeb6b9af7f8","GUAN_064.tickPlot.tck","D04","GUAN","GUAN_064","distributed","evergreenForest",17.969936,-66.850735,"WGS84",7.1,117.7,2.6,"2016-09-28T15:50Z","GUAN.2016.39",,,"drag and flag",160,"N",0,0,0,"No known compromise","NEON.DOC.014045vG","zPBe+8pzAK0B2URIObnv4uYPPEuv017obsOPc+5Qw/c=",
"f50dafbd-1939-4b77-9bb9-1d7dc55c1d94","GUAN_006.tickPlot.tck","D04","GUAN","GUAN_006","distributed","evergreenForest",17.964057,-66.875100,"WGS84",6.5,84.5,0.3,"2016-09-29T11:30Z","GUAN.2016.39",,,"drag",160,"N",0,0,0,"No known compromise","NEON.DOC.014045vG","zPBe+8pzAK0B2URIObnv4uYPPEuv017obsOPc+5Qw/c=",
"90a1c205-ffe2-4e4d-ac88-bdf9bddd34cc","GUAN_065.tickPlot.tck","D04","GUAN","GUAN_065","distributed","evergreenForest",17.972714,-66.873134,"WGS84",6.6,187.3,0.5,"2016-09-29T13:00Z","GUAN.2016.39",,,"drag",158,"N",0,0,0,"No known compromise","NEON.DOC.014045vG","7GSC2Ocp9nUteYgLIy4dgBai2aWAgzCc",
"27abcec3-a613-493c-a87e-854e34a58e10","GUAN_066.tickPlot.tck","D04","GUAN","GUAN_066","distributed","evergreenForest",17.974132,-66.879606,"WGS84",6.5,197.3,0.2,"2016-09-29T15:00Z","GUAN.2016.39",,,"drag",160,"N",0,0,0,"No known compromise","NEON.DOC.014045vG","7GSC2Ocp9nUteYgLIy4dgBai2aWAgzCc",
