uid,namedLocation,date,domainID,siteID,plotID,plotType,nlcdClass,decimalLatitude,decimalLongitude,geodeticDatum,coordinateUncertainty,easting,northing,utmZone,elevation,elevationUncertainty,eventID,samplingProtocolVersion,treesPresent,treesAbsentList,shrubsPresent,shrubsAbsentList,lianasPresent,lianasAbsentList,nestedSubplotAreaShrubSapling,nestedSubplotAreaLiana,totalSampledAreaTrees,totalSampledAreaShrubSapling,totalSampledAreaLiana,remarks,measuredBy,recordedBy,dataQF
"37fd3068-61d3-4770-9af8-99d31e7ac439","GUAN_004.basePlot.vst","2018-01-08","D04","GUAN","GUAN_004","distributed","evergreenForest",17.969254,-66.852670,"WGS84",20.1,727404.74,1988099.02,"19N",133.5,0.1,"vst_GUAN_2017","NEON.DOC.000987vG",,,,,,,"10","noneSelected",400,80,400,"schedule irregularity, 2017 bout 2","8rHzSbnDOXhaO9I+jHT0bblXuZt7m8LPr2q0CAxmFw791d1KV3LTDA==","7GSC2Ocp9nUdeLo1J+kj65CB+MYRHS9+bXf7zPsUlkw=",
"f9d2d073-5236-46c8-991b-8db645d7e2c2","GUAN_013.basePlot.vst","2018-01-10","D04","GUAN","GUAN_013","distributed","evergreenForest",17.963662,-66.837731,"WGS84",20.1,728994.62,1987498.36,"19N",62.0,0.1,"vst_GUAN_2017","NEON.DOC.000987vE",,,,,,,"10","noneSelected",400,80,400,"schedule irregularity, 2017 bout 2","8rHzSbnDOXhaO9I+jHT0bblXuZt7m8LPr2q0CAxmFw791d1KV3LTDA==","7GSC2Ocp9nUdeLo1J+kj65CB+MYRHS9+bXf7zPsUlkw=",
"7f0d9645-6344-4797-ae6d-154a365fcce4","GUAN_017.basePlot.vst","2018-01-11","D04","GUAN","GUAN_017","distributed","evergreenForest",17.965518,-66.835162,"WGS84",20.1,729264.40,1987706.99,"19N",75.5,0.1,"vst_GUAN_2017","NEON.DOC.000987vG",,,,,,,"10","noneSelected",400,80,400,"schedule irregularity, 2017 bout 2","8rHzSbnDOXhaO9I+jHT0bblXuZt7m8LPr2q0CAxmFw791d1KV3LTDA==","7GSC2Ocp9nUdeLo1J+kj65CB+MYRHS9+bXf7zPsUlkw=",
"db184467-36f7-496a-9eaa-1efa94afc8a8","GUAN_001.basePlot.vst","2018-01-15","D04","GUAN","GUAN_001","distributed","evergreenForest",17.972770,-66.851235,"WGS84",20.2,727552.26,1988490.00,"19N",152.1,0.2,"vst_GUAN_2017","NEON.DOC.000987vG",,,,,,,"10","noneSelected",400,80,400,"schedule irregularity, 2017 bout 2","8rHzSbnDOXhaO9I+jHT0bblXuZt7m8LPr2q0CAxmFw791d1KV3LTDA==","zPBe+8pzAK3Kf4/L2qJV36CjLL5KpYr+dJur8mfsxKJSqtDZzH3Glg==",
"03895e82-ffdd-4e28-a8c8-2cdc84878075","GUAN_008.basePlot.vst","2018-01-17","D04","GUAN","GUAN_008","distributed","evergreenForest",17.965762,-66.832036,"WGS84",20.1,729595.27,1987737.86,"19N",65.8,0.1,"vst_GUAN_2017","NEON.DOC.000987vG",,,,,,,"10","noneSelected",400,80,400,"schedule irregularity, 2017 bout 2","8rHzSbnDOXhaO9I+jHT0bblXuZt7m8LPr2q0CAxmFw791d1KV3LTDA==","JbCt3ZVS0Z8p+FnZZjYv2ST6kFQlRmlIVPqV7NV33A8=",
"b7d4ffd2-964a-4feb-b993-78051af6e91a","GUAN_002.basePlot.vst","2018-01-19","D04","GUAN","GUAN_002","distributed","evergreenForest",17.970294,-66.824633,"WGS84",20.1,730373.70,1988248.73,"19N",89.1,0.1,"vst_GUAN_2017","NEON.DOC.000987vG",,,,,,,"10","noneSelected",400,80,400,"schedule irregularity, 2017 bout 2","8rHzSbnDOXhaO9I+jHT0bblXuZt7m8LPr2q0CAxmFw791d1KV3LTDA==","JbCt3ZVS0Z8p+FnZZjYv2ST6kFQlRmlIVPqV7NV33A8=",
"5c786990-ca08-45a7-9b64-969ae3e7e6ce","GUAN_007.basePlot.vst","2018-01-22","D04","GUAN","GUAN_007","distributed","evergreenForest",17.972832,-66.857711,"WGS84",20.1,726866.12,1988488.93,"19N",174.7,0.2,"vst_GUAN_2017","NEON.DOC.000987vG",,,,,,,"10","noneSelected",400,80,400,"schedule irregularity, 2017 bout 2","8rHzSbnDOXhaO9I+jHT0bblXuZt7m8LPr2q0CAxmFw791d1KV3LTDA==","JbCt3ZVS0Z8p+FnZZjYv2ST6kFQlRmlIVPqV7NV33A8=",
"9d55b62b-3c66-4cea-8f73-4cb8e5f61276","GUAN_018.basePlot.vst","2018-01-23","D04","GUAN","GUAN_018","distributed","evergreenForest",17.971776,-66.861998,"WGS84",20.1,726413.30,1988366.79,"19N",162.6,0.2,"vst_GUAN_2017","NEON.DOC.000987vG",,,,,,,"10","25",400,80,200,"schedule irregularity, 2017 bout 2","8rHzSbnDOXhaO9I+jHT0bblXuZt7m8LPr2q0CAxmFw791d1KV3LTDA==","7GSC2Ocp9nUdeLo1J+kj65CB+MYRHS9+bXf7zPsUlkw=",
"7388e09e-4857-47d8-a45e-52fc30838c90","GUAN_009.basePlot.vst","2018-01-25","D04","GUAN","GUAN_009","distributed","evergreenForest",17.979430,-66.867833,"WGS84",20.1,725785.41,1989206.97,"19N",116.5,0.1,"vst_GUAN_2017","NEON.DOC.000987vG",,,,,,,"10","10",400,80,80,"schedule irregularity, 2017 bout 2","8rHzSbnDOXhaO9I+jHT0bblXuZt7m8LPr2q0CAxmFw791d1KV3LTDA==","7GSC2Ocp9nUdeLo1J+kj65CB+MYRHS9+bXf7zPsUlkw=",
"7f184655-f577-408f-933b-bfad6754f028","GUAN_010.basePlot.vst","2018-01-25","D04","GUAN","GUAN_010","distributed","evergreenForest",17.972441,-66.871318,"WGS84",20.1,725425.11,1988429.06,"19N",177.6,0.1,"vst_GUAN_2017","NEON.DOC.000987vG",,,,,,,"1","10",400,8,80,"schedule irregularity, 2017 bout 2","8rHzSbnDOXhaO9I+jHT0bblXuZt7m8LPr2q0CAxmFw791d1KV3LTDA==","kbCMcQCBYkKMUjV/RFjFyZ8LDwOR/3mf7RVxwmo1H4M=",
