uid,namedLocation,domainID,siteID,plotID,plotType,nlcdClass,decimalLatitude,decimalLongitude,geodeticDatum,coordinateUncertainty,elevation,elevationUncertainty,collectDate,eventID,sampleID,sampleCode,samplingMethod,totalSampledArea,targetTaxaPresent,adultCount,nymphCount,larvaCount,sampleCondition,samplingProtocolVersion,measuredBy,remarks
"5034f867-ac36-4eb1-b178-dcd2117b7a72","DSNY_001.tickPlot.tck","D03","DSNY","DSNY_001","distributed","woodyWetlands",28.098062,-81.418561,"WGS84",20.1,20.3,0.1,"2017-08-01T16:15Z","DSNY.2017.32",,,"drag and flag",140,"N",0,0,0,,"NEON.DOC.014045vH","PbNu4t/t/O1BAZriMiaA3VbsZD9KatgX","Bypass NW corner because of water; %50 of West transect flooded %15 of Northwest corner bypassed. Bypassed 20m of West and North transect."
"ba1b3ae7-ced2-4110-b20a-0568d54932e7","DSNY_006.tickPlot.tck","D03","DSNY","DSNY_006","distributed","woodyWetlands",28.093704,-81.398045,"WGS84",20.1,20.1,0.1,"2017-08-01T16:56Z","DSNY.2017.32","DSNY_006.20170801",,"drag and flag",163,"Y",1,0,0,"No known compromise","NEON.DOC.014045vH","PbNu4t/t/O1BAZriMiaA3VbsZD9KatgX",
"d5da0af6-1b16-416b-b6a0-296828a48b27","DSNY_004.tickPlot.tck","D03","DSNY","DSNY_004","distributed","woodyWetlands",28.101022,-81.399501,"WGS84",20.1,18.7,0.1,"2017-08-01T17:32Z","DSNY.2017.32",,,"drag and flag",160,"N",0,0,0,,"NEON.DOC.014045vH","PbNu4t/t/O1BAZriMiaA3VbsZD9KatgX",
"95fe7c17-ffa3-4363-916a-e8a06e91ad2a","DSNY_005.tickPlot.tck","D03","DSNY","DSNY_005","distributed","woodyWetlands",28.040497,-81.394482,"WGS84",20.1,16.6,0.1,"2017-08-01T18:40Z","DSNY.2017.32","DSNY_005.20170801",,"drag and flag",160,"Y",1,0,0,"No known compromise","NEON.DOC.014045vH","PbNu4t/t/O1BAZriMiaA3VbsZD9KatgX",
"91352766-09f4-4fbb-a7a8-b23e01cddcba","DSNY_008.tickPlot.tck","D03","DSNY","DSNY_008","distributed","woodyWetlands",28.047337,-81.403204,"WGS84",20.1,18.8,0.1,"2017-08-01T19:25Z","DSNY.2017.32",,,"drag and flag",160,"N",0,0,0,,"NEON.DOC.014045vH","PbNu4t/t/O1BAZriMiaA3VbsZD9KatgX",
"ee02794f-deca-4303-adbd-6259417c1036","DSNY_021.tickPlot.tck","D03","DSNY","DSNY_021","distributed","pastureHay",28.053635,-81.392353,"WGS84",20.1,17.1,0.1,"2017-08-01T19:57Z","DSNY.2017.32",,,"drag",160,"N",0,0,0,,"NEON.DOC.014045vH","PbNu4t/t/O1BAZriMiaA3VbsZD9KatgX","Needs reflagging"
"81b4b958-b572-4b11-b8f5-5234b04f5880","DSNY_005.tickPlot.tck","D03","DSNY","DSNY_005","distributed","woodyWetlands",28.040497,-81.394482,"WGS84",20.1,16.6,0.1,"2017-08-21T13:47Z","DSNY.2017.35","DSNY_005.20170821",,"drag and flag",163,"Y",1,0,0,"No known compromise","NEON.DOC.014045vH","K9OTaQ0zZCLKuSI2a22zmxo5JPNK03YOJDKl7AdSUww=",
"d6c92882-5161-4555-9265-49d234c3531f","DSNY_021.tickPlot.tck","D03","DSNY","DSNY_021","distributed","pastureHay",28.053635,-81.392353,"WGS84",20.1,17.1,0.1,"2017-08-21T20:40Z","DSNY.2017.35",,,"drag",160,"N",0,0,0,,"NEON.DOC.014045vH","PQeS3Ivl8n7p349q3TXUdwRmVPP1d5yRBGiZV9rpo2U=",
"fc7489af-cebf-4e8c-8f5c-4938048a1be3","DSNY_008.tickPlot.tck","D03","DSNY","DSNY_008","distributed","woodyWetlands",28.047337,-81.403204,"WGS84",20.1,18.8,0.1,"2017-08-21T21:19Z","DSNY.2017.35",,,"drag and flag",160,"N",0,0,0,,"NEON.DOC.014045vH","PQeS3Ivl8n7p349q3TXUdwRmVPP1d5yRBGiZV9rpo2U=",
"c57bf788-7f10-4352-8e70-3e5a598f9245","DSNY_006.tickPlot.tck","D03","DSNY","DSNY_006","distributed","woodyWetlands",28.093704,-81.398045,"WGS84",20.1,20.1,0.1,"2017-08-21T22:01Z","DSNY.2017.35",,,"drag and flag",170,"N",0,0,0,,"NEON.DOC.014045vH","PQeS3Ivl8n7p349q3TXUdwRmVPP1d5yRBGiZV9rpo2U=",
"5ad56ffd-c5f0-4ab7-89c6-7a7d0ee17d76","DSNY_004.tickPlot.tck","D03","DSNY","DSNY_004","distributed","woodyWetlands",28.101022,-81.399501,"WGS84",20.1,18.7,0.1,"2017-08-21T22:37Z","DSNY.2017.35",,,"drag and flag",160,"N",0,0,0,,"NEON.DOC.014045vH","K9OTaQ0zZCLKuSI2a22zmxo5JPNK03YOJDKl7AdSUww=",
"f069403b-5e14-48cc-9278-bc2bd0bf4f22","DSNY_001.tickPlot.tck","D03","DSNY","DSNY_001","distributed","woodyWetlands",28.098062,-81.418561,"WGS84",20.1,20.3,0.1,"2017-08-21T23:17Z","DSNY.2017.35",,,"drag",160,"N",0,0,0,,"NEON.DOC.014045vH","PQeS3Ivl8n7p349q3TXUdwRmVPP1d5yRBGiZV9rpo2U=","SD card"
