uid,namedLocation,date,domainID,siteID,plotID,plotType,nlcdClass,decimalLatitude,decimalLongitude,geodeticDatum,coordinateUncertainty,easting,northing,utmZone,elevation,elevationUncertainty,eventID,samplingProtocolVersion,treesPresent,treesAbsentList,shrubsPresent,shrubsAbsentList,lianasPresent,lianasAbsentList,nestedSubplotAreaShrubSapling,nestedSubplotAreaLiana,totalSampledAreaTrees,totalSampledAreaShrubSapling,totalSampledAreaLiana,remarks,measuredBy,recordedBy,dataQF
"5fca4763-20ea-4059-8ccf-9d2e5e77cf21","MOAB_009.basePlot.vst","2015-10-20","D13","MOAB","MOAB_009","distributed","shrubScrub",38.258224,-109.423273,"WGS84",20.1,637949.70,4235641.64,"12N",1793.4,0.1,"vst_MOAB_2015","NEON.DOC.000987vE",,,,,,,"noneSelected","noneSelected",400,400,400,,"Ymvu50svVai947RgaYoGNGTwjbYtyuA7","A/RRczOckiFbJrdMEJZwjJHC/MRxlxtigTsfvXI6kYE=",
"e3ae2478-b483-4964-ae0a-236d3d128e84","MOAB_001.basePlot.vst","2015-10-20","D13","MOAB","MOAB_001","distributed","shrubScrub",38.257569,-109.413674,"WGS84",20.1,638790.83,4235583.31,"12N",1799.4,0.1,"vst_MOAB_2015","NEON.DOC.000987vE",,,,,,,"noneSelected","noneSelected",400,400,400,,"A/RRczOckiFbJrdMEJZwjJHC/MRxlxtigTsfvXI6kYE=","Ymvu50svVai947RgaYoGNGTwjbYtyuA7",
"19b0fba8-b27d-4f0b-9f4e-b144914f064d","MOAB_011.basePlot.vst","2015-10-20","D13","MOAB","MOAB_011","distributed","shrubScrub",38.265111,-109.411809,"WGS84",20.1,638939.64,4236423.03,"12N",1816.4,0.1,"vst_MOAB_2015","NEON.DOC.000987vE",,,,,,,"noneSelected","noneSelected",400,400,400,,"Ymvu50svVai947RgaYoGNGTwjbYtyuA7","A/RRczOckiFbJrdMEJZwjJHC/MRxlxtigTsfvXI6kYE=",
"7faa5808-46f2-4da9-a087-a4545f48f56e","MOAB_004.basePlot.vst","2015-10-20","D13","MOAB","MOAB_004","distributed","shrubScrub",38.233270,-109.397418,"WGS84",20.1,640259.88,4232911.44,"12N",1762.7,0.1,"vst_MOAB_2015","NEON.DOC.000987vE",,,,,,,"noneSelected","noneSelected",400,400,400,,"wcMB+uWhN6DlxgYb80zZ5eNIhcO7pIW7","xk22LUDoIkx8gpNSpjdXxdRmCsOAfDIV",
"fcf70c17-09d1-4fff-bc65-2de1ceb6c19b","MOAB_012.basePlot.vst","2015-10-20","D13","MOAB","MOAB_012","distributed","shrubScrub",38.241794,-109.387983,"WGS84",20.1,641069.22,4233871.67,"12N",1803.2,0.1,"vst_MOAB_2015","NEON.DOC.000987vE",,,,,,,"noneSelected","noneSelected",400,400,400,,"wcMB+uWhN6DlxgYb80zZ5eNIhcO7pIW7","4xgP2ihFxS8SUdaV5FMFkFb4YPVRN1yP",
"ff4dac17-0a25-40dc-97e5-f90c7bf269c7","MOAB_006.basePlot.vst","2015-10-20","D13","MOAB","MOAB_006","distributed","shrubScrub",38.236381,-109.406596,"WGS84",20.1,639450.62,4233242.79,"12N",1760.7,0.1,"vst_MOAB_2015","NEON.DOC.000987vE",,,,,,,"noneSelected","noneSelected",400,400,400,,"xk22LUDoIkx8gpNSpjdXxdRmCsOAfDIV","wcMB+uWhN6DlxgYb80zZ5eNIhcO7pIW7",
"0880cfe9-0bc4-44ab-bd0b-a32805300c0a","MOAB_010.basePlot.vst","2015-10-21","D13","MOAB","MOAB_010","distributed","shrubScrub",38.255191,-109.378090,"WGS84",20.1,641908.96,4235373.42,"12N",1815.7,0.1,"vst_MOAB_2015","NEON.DOC.000987vE",,,,,,,"noneSelected","noneSelected",400,400,400,,"4xgP2ihFxS8SUdaV5FMFkFb4YPVRN1yP","wcMB+uWhN6DlxgYb80zZ5eNIhcO7pIW7",
"a306b561-1c6b-495b-b20e-46b9bebc66d5","MOAB_005.basePlot.vst","2015-10-21","D13","MOAB","MOAB_005","distributed","shrubScrub",38.210931,-109.403724,"WGS84",20.1,639750.68,4230423.03,"12N",1768.1,0.1,"vst_MOAB_2015","NEON.DOC.000987vE",,,,,,,"noneSelected","noneSelected",400,400,400,,"Ymvu50svVai947RgaYoGNGTwjbYtyuA7","A/RRczOckiFbJrdMEJZwjJHC/MRxlxtigTsfvXI6kYE=",
"ce593742-7d2c-4bb6-afc7-6e06db9228db","MOAB_013.basePlot.vst","2015-10-21","D13","MOAB","MOAB_013","distributed","shrubScrub",38.233755,-109.392955,"WGS84",20.1,640649.58,4232972.04,"12N",1768.3,0.1,"vst_MOAB_2015","NEON.DOC.000987vE",,,,,,,"noneSelected","noneSelected",400,400,400,,"wcMB+uWhN6DlxgYb80zZ5eNIhcO7pIW7","4xgP2ihFxS8SUdaV5FMFkFb4YPVRN1yP",
"58d49d57-f9b9-4e3e-ae71-d3db5563e119","MOAB_016.basePlot.vst","2015-10-21","D13","MOAB","MOAB_016","distributed","shrubScrub",38.206371,-109.407265,"WGS84",20.1,639449.36,4229911.68,"12N",1767.8,0.1,"vst_MOAB_2015","NEON.DOC.000987vE",,,,,,,"noneSelected","noneSelected",400,400,400,,"A/RRczOckiFbJrdMEJZwjJHC/MRxlxtigTsfvXI6kYE=","Ymvu50svVai947RgaYoGNGTwjbYtyuA7",
"b6714d8e-cf0e-4454-a022-c22618e51931","MOAB_014.basePlot.vst","2015-10-21","D13","MOAB","MOAB_014","distributed","shrubScrub",38.230419,-109.405372,"WGS84",20.1,639569.15,4232583.05,"12N",1734.2,0.1,"vst_MOAB_2015","NEON.DOC.000987vE",,,,,,,"noneSelected","noneSelected",400,400,400,,"Ymvu50svVai947RgaYoGNGTwjbYtyuA7","A/RRczOckiFbJrdMEJZwjJHC/MRxlxtigTsfvXI6kYE=",
"42bdc5af-de11-4313-9f24-eef3ae7d813f","MOAB_018.basePlot.vst","2015-10-21","D13","MOAB","MOAB_018","distributed","shrubScrub",38.232317,-109.406017,"WGS84",20.1,639509.06,4232792.70,"12N",1738.9,0.1,"vst_MOAB_2015","NEON.DOC.000987vE",,,,,,,"noneSelected","noneSelected",400,400,400,,"4xgP2ihFxS8SUdaV5FMFkFb4YPVRN1yP","wcMB+uWhN6DlxgYb80zZ5eNIhcO7pIW7",
"a4048f0b-4c2d-4a7e-b267-61b88496f601","MOAB_002.basePlot.vst","2015-10-21","D13","MOAB","MOAB_002","distributed","shrubScrub",38.210793,-109.414698,"WGS84",20.1,638790.13,4230391.21,"12N",1773.5,0.1,"vst_MOAB_2015","NEON.DOC.000987vE",,,,,,,"noneSelected","noneSelected",400,400,400,,"Ymvu50svVai947RgaYoGNGTwjbYtyuA7","A/RRczOckiFbJrdMEJZwjJHC/MRxlxtigTsfvXI6kYE=",
"a140ff9a-266e-4d05-be2a-2814f3de0005","MOAB_017.basePlot.vst","2015-10-21","D13","MOAB","MOAB_017","distributed","shrubScrub",38.252302,-109.384307,"WGS84",20.1,641370.57,4235043.32,"12N",1793.8,0.1,"vst_MOAB_2015","NEON.DOC.000987vE",,,,,,,"noneSelected","noneSelected",400,400,400,,"wcMB+uWhN6DlxgYb80zZ5eNIhcO7pIW7","4xgP2ihFxS8SUdaV5FMFkFb4YPVRN1yP",
"d8a2a6db-3eea-4f9a-a345-2d7161539312","MOAB_015.basePlot.vst","2015-10-22","D13","MOAB","MOAB_015","distributed","shrubScrub",38.254257,-109.427818,"WGS84",20.1,637559.51,4235194.67,"12N",1774.9,0.1,"vst_MOAB_2015","NEON.DOC.000987vE",,,,,,,"noneSelected","noneSelected",400,400,400,,"A/RRczOckiFbJrdMEJZwjJHC/MRxlxtigTsfvXI6kYE=","Ymvu50svVai947RgaYoGNGTwjbYtyuA7",
"bbcf95a3-d9bf-42d9-81ef-12f2b15dbbb2","MOAB_019.basePlot.vst","2015-10-22","D13","MOAB","MOAB_019","distributed","shrubScrub",38.272958,-109.411628,"WGS84",20.1,638940.52,4237294.06,"12N",1821.6,0.1,"vst_MOAB_2015","NEON.DOC.000987vE",,,,,,,"10","noneSelected",400,80,400,,"xk22LUDoIkx8gpNSpjdXxdRmCsOAfDIV","A/RRczOckiFbJrdMEJZwjJHC/MRxlxtigTsfvXI6kYE=",
