uid,namedLocation,domainID,siteID,plotID,plotType,nlcdClass,decimalLatitude,decimalLongitude,geodeticDatum,coordinateUncertainty,elevation,elevationUncertainty,collectDate,eventID,sampleID,sampleCode,samplingMethod,totalSampledArea,targetTaxaPresent,adultCount,nymphCount,larvaCount,sampleCondition,samplingProtocolVersion,measuredBy,remarks
"1fbb110b-1b1b-4bc4-a977-fceb2f79c44b","SJER_002.tickPlot.tck","D17","SJER","SJER_002","distributed","grasslandHerbaceous",37.082062,-119.744707,"WGS84",20.1,327.7,0.1,"2017-04-03T17:57Z","SJER.2017.14",,,"drag",160,"N",0,0,0,"No known compromise","NEON.DOC.014045vG","6HzkzFDdLaNgPi31AaqxNPsuI5nRHqWu",
"a7342298-701d-4571-bd83-a76100b817df","SJER_001.tickPlot.tck","D17","SJER","SJER_001","distributed","grasslandHerbaceous",37.107348,-119.721732,"WGS84",20.1,415.5,0.1,"2017-04-03T18:45Z","SJER.2017.14",,,"drag",160,"N",0,0,0,"No known compromise","NEON.DOC.014045vG","6HzkzFDdLaNgPi31AaqxNPsuI5nRHqWu",
"0d17d508-6409-4c22-ad39-4d38d371aa8f","SJER_008.tickPlot.tck","D17","SJER","SJER_008","distributed","evergreenForest",37.106830,-119.716047,"WGS84",20.1,420.6,0.1,"2017-04-03T19:58Z","SJER.2017.14",,,"drag",160,"N",0,0,0,"No known compromise","NEON.DOC.014045vG","6HzkzFDdLaNgPi31AaqxNPsuI5nRHqWu",
"e844b0a5-8441-45d7-8838-01b1febc0d92","SJER_009.tickPlot.tck","D17","SJER","SJER_009","distributed","grasslandHerbaceous",37.118203,-119.740038,"WGS84",20.1,460.7,0.1,"2017-04-03T20:58Z","SJER.2017.14",,,"drag",160,"N",0,0,0,"No known compromise","NEON.DOC.014045vG","PV2YxGL0/BaLf8iNQewRID2RiJ5oihol",
"03fc469e-0c1e-4d73-ad45-2c5b101772ba","SJER_025.tickPlot.tck","D17","SJER","SJER_025","distributed","shrubScrub",37.128253,-119.760989,"WGS84",20.1,425.6,0.1,"2017-04-03T22:10Z","SJER.2017.14",,,"drag",160,"N",0,0,0,"No known compromise","NEON.DOC.014045vG","PV2YxGL0/BaLf8iNQewRID2RiJ5oihol",
"118f00ad-c1c3-4c58-911d-2d804a031f5b","SJER_007.tickPlot.tck","D17","SJER","SJER_007","distributed","grasslandHerbaceous",37.112815,-119.752224,"WGS84",20.1,419.1,0.1,"2017-04-03T23:07Z","SJER.2017.14",,,"drag",155,"N",0,0,0,"No known compromise","NEON.DOC.014045vG","6HzkzFDdLaNgPi31AaqxNPsuI5nRHqWu",
