uid,namedLocation,plotID,collectDate,identifiedDate,sampleID,subsampleID,scientificName,acceptedTaxonID,taxonRank,family,subfamily,tribe,subtribe,genus,subgenus,specificEpithet,infraspecificEpithet,identificationQualifier,identificationReferences,identificationProtocolVersion,scientificNameAuthorship,sexOrAge,individualCount,sampleCondition,archiveMedium,archiveFacilityID,deprecatedVialID,identifiedBy,laboratoryName,remarks
"9db1eab3-5e53-4269-af83-bb5ca1726536","OSBS_003.tickPlot.tck","OSBS_003","2014-04-17T14:08Z","2015-03-02T17:00Z","OSBS_003.20140417","OSBS_003.20140417.IXOSCA.F","Ixodes scapularis","IXOSCA","species","Ixodidae",,,,"Ixodes",,"scapularis",,,"Keirans, J. E., and C. M. Clifford. 1978. The genus Ixodes in the United States: a scanning electron microscope study and key to the adults. Journal of Medical Entomology, 15(Supplement 2):1-38.","GSU_tickIdentification_SOP_2016-11-01.pdf","Say","Female",1,"OK","90% ethanol","125358",,"Michael Bischof","Georgia Southern University",
"d899ed36-b3a0-4dd1-a87b-302841029104","OSBS_003.tickPlot.tck","OSBS_003","2014-04-17T14:08Z","2015-03-02T12:00Z","OSBS_003.20140417","OSBS_003.20140417.AMBAME.N","Amblyomma americanum","AMBAME","species","Ixodidae",,,,"Amblyomma",,"americanum",,,"Cooley, R. A. and G. M. Kohls. 1944. The genus Amblyomma (ixodidae) in the United States. The Journal of Parasitology, 30(2):77-111.","GSU_tickIdentification_SOP_2016-11-01.pdf","Linnaeus","Nymph",9,"OK","95% ethanol","125358",,"Michael Bischof","Georgia Southern University",
"5efd6e27-f225-4f01-930e-dae6d832ed81","OSBS_003.tickPlot.tck","OSBS_003","2014-04-17T14:08Z","2015-03-02T17:00Z","OSBS_003.20140417","OSBS_003.20140417.AMBAME.M","Amblyomma americanum","AMBAME","species","Ixodidae",,,,"Amblyomma",,"americanum",,,"Cooley, R. A. and G. M. Kohls. 1944. The genus Amblyomma (ixodidae) in the United States. The Journal of Parasitology, 30(2):77-111.","GSU_tickIdentification_SOP_2016-11-01.pdf","Linnaeus","Male",2,"OK","90% ethanol","125358",,"Michael Bischof","Georgia Southern University",
"7dbd7e08-3901-4948-93d2-47af3e14e7d7","OSBS_003.tickPlot.tck","OSBS_003","2014-04-17T14:08Z","2015-03-02T17:00Z","OSBS_003.20140417","OSBS_003.20140417.IXOSCA.M","Ixodes scapularis","IXOSCA","species","Ixodidae",,,,"Ixodes",,"scapularis",,,"Keirans, J. E., and C. M. Clifford. 1978. The genus Ixodes in the United States: a scanning electron microscope study and key to the adults. Journal of Medical Entomology, 15(Supplement 2):1-38.","GSU_tickIdentification_SOP_2016-11-01.pdf","Say","Male",1,"OK","90% ethanol","125358",,"Michael Bischof","Georgia Southern University",
"16cb5674-6810-4051-8086-147a46f7cf0f","OSBS_003.tickPlot.tck","OSBS_003","2014-04-17T14:08Z","2015-03-02T17:00Z","OSBS_003.20140417","OSBS_003.20140417.AMBAME.F","Amblyomma americanum","AMBAME","species","Ixodidae",,,,"Amblyomma",,"americanum",,,"Cooley, R. A. and G. M. Kohls. 1944. The genus Amblyomma (ixodidae) in the United States. The Journal of Parasitology, 30(2):77-111.","GSU_tickIdentification_SOP_2016-11-01.pdf","Linnaeus","Female",2,"OK","90% ethanol","125358",,"Michael Bischof","Georgia Southern University",
"5d801dc6-e713-4795-8557-345937a5fdd0","OSBS_022.tickPlot.tck","OSBS_022","2014-04-17T16:30Z","2015-03-02T17:00Z","OSBS_022.20140417","OSBS_022.20140417.AMBAME.F","Amblyomma americanum","AMBAME","species","Ixodidae",,,,"Amblyomma",,"americanum",,,"Cooley, R. A. and G. M. Kohls. 1944. The genus Amblyomma (ixodidae) in the United States. The Journal of Parasitology, 30(2):77-111.","GSU_tickIdentification_SOP_2016-11-01.pdf","Linnaeus","Female",1,"OK","90% ethanol","125380",,"Michael Bischof","Georgia Southern University",
"6a34a853-e95b-4abb-a620-27ac44aed973","OSBS_022.tickPlot.tck","OSBS_022","2014-04-17T16:30Z","2015-03-02T12:00Z","OSBS_022.20140417","OSBS_022.20140417.AMBAME.N","Amblyomma americanum","AMBAME","species","Ixodidae",,,,"Amblyomma",,"americanum",,,"Cooley, R. A. and G. M. Kohls. 1944. The genus Amblyomma (ixodidae) in the United States. The Journal of Parasitology, 30(2):77-111.","GSU_tickIdentification_SOP_2016-11-01.pdf","Linnaeus","Nymph",6,"OK","95% ethanol","125380",,"Michael Bischof","Georgia Southern University",
"7e1eaaae-6603-4c96-92d3-5596d8675e75","OSBS_004.tickPlot.tck","OSBS_004","2014-04-17T18:08Z","2015-03-06T12:00Z","OSBS_004.20140417","OSBS_004.20140417.AMBAME.N","Amblyomma americanum","AMBAME","species","Ixodidae",,,,"Amblyomma",,"americanum",,,"Cooley, R. A. and G. M. Kohls. 1944. The genus Amblyomma (ixodidae) in the United States. The Journal of Parasitology, 30(2):77-111.","GSU_tickIdentification_SOP_2016-11-01.pdf","Linnaeus","Nymph",3,"OK","95% ethanol","125364",,"Michael Bischof","Georgia Southern University",
"6f513825-af5e-4a43-a09c-4d7e789d7c08","OSBS_001.tickPlot.tck","OSBS_001","2014-04-17T19:36Z","2015-02-25T17:00Z","OSBS_001.20140417","OSBS_001.20140417.AMBAME.M","Amblyomma americanum","AMBAME","species","Ixodidae",,,,"Amblyomma",,"americanum",,,"Cooley, R. A. and G. M. Kohls. 1944. The genus Amblyomma (ixodidae) in the United States. The Journal of Parasitology, 30(2):77-111.","GSU_tickIdentification_SOP_2016-11-01.pdf","Linnaeus","Male",4,"OK","90% ethanol","125355",,"Michael Bischof","Georgia Southern University",
"d7122cc9-befb-4a74-8d34-68d99539fc8d","OSBS_001.tickPlot.tck","OSBS_001","2014-04-17T19:36Z","2015-02-25T17:00Z","OSBS_001.20140417","OSBS_001.20140417.IXOSCA.M","Ixodes scapularis","IXOSCA","species","Ixodidae",,,,"Ixodes",,"scapularis",,,"Keirans, J. E., and C. M. Clifford. 1978. The genus Ixodes in the United States: a scanning electron microscope study and key to the adults. Journal of Medical Entomology, 15(Supplement 2):1-38.","GSU_tickIdentification_SOP_2016-11-01.pdf","Say","Male",1,"OK","90% ethanol","125355",,"Michael Bischof","Georgia Southern University",
"e88ad904-5d02-4ade-b1f4-0b7491b2b5e5","OSBS_001.tickPlot.tck","OSBS_001","2014-04-17T19:36Z","2015-02-25T17:00Z","OSBS_001.20140417","OSBS_001.20140417.IXOSCA.N","Ixodes scapularis","IXOSCA","species","Ixodidae",,,,"Ixodes",,"scapularis",,,"Keirans, J. E., and C. M. Clifford. 1978. The genus Ixodes in the United States: a scanning electron microscope study and key to the adults. Journal of Medical Entomology, 15(Supplement 2):1-38.","GSU_tickIdentification_SOP_2016-11-01.pdf","Say","Nymph",35,"OK","90% ethanol","125355",,"Michael Bischof","Georgia Southern University",
"9a2c047b-904c-4e84-a4ee-cfcdf1a23bb0","OSBS_001.tickPlot.tck","OSBS_001","2014-04-17T19:36Z","2015-02-25T17:00Z","OSBS_001.20140417","OSBS_001.20140417.AMBAME.F","Amblyomma americanum","AMBAME","species","Ixodidae",,,,"Amblyomma",,"americanum",,,"Cooley, R. A. and G. M. Kohls. 1944. The genus Amblyomma (ixodidae) in the United States. The Journal of Parasitology, 30(2):77-111.","GSU_tickIdentification_SOP_2016-11-01.pdf","Linnaeus","Female",7,"OK","90% ethanol","125355",,"Michael Bischof","Georgia Southern University",
"52675eb4-591e-46c2-abf8-097db85894ec","OSBS_005.tickPlot.tck","OSBS_005","2014-04-17T21:07Z","2015-02-16T12:00Z","OSBS_005.20140417","OSBS_005.20140417.AMBAME.N","Amblyomma americanum","AMBAME","species","Ixodidae",,,,"Amblyomma",,"americanum",,,"Cooley, R. A. and G. M. Kohls. 1944. The genus Amblyomma (ixodidae) in the United States. The Journal of Parasitology, 30(2):77-111.","GSU_tickIdentification_SOP_2016-11-01.pdf","Linnaeus","Nymph",21,"OK","95% ethanol","125366",,"Michael Bischof","Georgia Southern University",
"e9b01435-dee9-44de-a261-1777411eb33f","OSBS_005.tickPlot.tck","OSBS_005","2014-04-17T21:07Z","2015-02-16T17:00Z","OSBS_005.20140417","OSBS_005.20140417.AMBAME.M","Amblyomma americanum","AMBAME","species","Ixodidae",,,,"Amblyomma",,"americanum",,,"Cooley, R. A. and G. M. Kohls. 1944. The genus Amblyomma (ixodidae) in the United States. The Journal of Parasitology, 30(2):77-111.","GSU_tickIdentification_SOP_2016-11-01.pdf","Linnaeus","Male",2,"OK","90% ethanol","125366",,"Michael Bischof","Georgia Southern University",
"b36a2ea5-9e5f-4838-a241-f53ed738340a","OSBS_005.tickPlot.tck","OSBS_005","2014-04-17T21:07Z","2015-02-16T17:00Z","OSBS_005.20140417","OSBS_005.20140417.AMBAME.F","Amblyomma americanum","AMBAME","species","Ixodidae",,,,"Amblyomma",,"americanum",,,"Cooley, R. A. and G. M. Kohls. 1944. The genus Amblyomma (ixodidae) in the United States. The Journal of Parasitology, 30(2):77-111.","GSU_tickIdentification_SOP_2016-11-01.pdf","Linnaeus","Female",3,"OK","90% ethanol","125366",,"Michael Bischof","Georgia Southern University",
"127c2aba-6700-41b6-8eeb-764b98a761ef","OSBS_005.tickPlot.tck","OSBS_005","2014-04-17T21:07Z","2015-02-16T17:00Z","OSBS_005.20140417","OSBS_005.20140417.DERVAR.F","Dermacentor variabilis","DERVAR","species","Ixodidae",,,,"Dermacentor",,"variabilis",,,"Yunker, C. E., Keirans, J. E., Clifford, C. M., and E. R. Easton. 1986. Dermacentor ticks (Acari: Ixodoidea: Ixodidae) of the New World: a scanning electron microscope atlas. Proceedings of the Entomological Society of Washington, 88(4):609-627.","GSU_tickIdentification_SOP_2016-11-01.pdf","Say","Female",1,"OK","90% ethanol","125366",,"Michael Bischof","Georgia Southern University",
