uid,namedLocation,domainID,siteID,plotID,plotType,nlcdClass,decimalLatitude,decimalLongitude,geodeticDatum,coordinateUncertainty,elevation,elevationUncertainty,collectDate,eventID,sampleID,sampleCode,samplingMethod,totalSampledArea,targetTaxaPresent,adultCount,nymphCount,larvaCount,sampleCondition,samplingProtocolVersion,measuredBy,remarks
"8cb8f7ff-1b5c-47bc-9865-79dbb59555ad","OSBS_002.tickPlot.tck","D03","OSBS","OSBS_002","distributed","evergreenForest",29.703661,-81.958365,"WGS84",20.1,35.8,0.2,"2014-04-17T12:44Z","OSBS.2014.15",,,"drag",160,"N",0,0,0,,"NEON.DOC.014045vD","NQ8eJOI5RM2caF6NYdHxuQ==","No ticks collected"
"8b4f43d3-575e-44a8-b496-a7521af48ae5","OSBS_003.tickPlot.tck","D03","OSBS","OSBS_003","distributed","evergreenForest",29.693693,-81.947010,"WGS84",20.3,38.2,0.5,"2014-04-17T14:08Z","OSBS.2014.15","OSBS_003.20140417",,"drag and flag",162,"Y",6,9,0,"No known compromise","NEON.DOC.014045vD","NQ8eJOI5RM2caF6NYdHxuQ==","1 NYMPH ESCAPED"
"959b6ee3-6234-4309-b7d2-cb67e3a61fc5","OSBS_022.tickPlot.tck","D03","OSBS","OSBS_022","distributed","emergentHerbaceousWetlands",29.688309,-81.961968,"WGS84",20.1,24.3,0.1,"2014-04-17T16:30Z","OSBS.2014.15","OSBS_022.20140417",,"drag and flag",163,"Y",1,6,0,"No known compromise","NEON.DOC.014045vD","NQ8eJOI5RM2caF6NYdHxuQ==",
"4b059507-0d07-4110-bdcb-adeaf73e4160","OSBS_004.tickPlot.tck","D03","OSBS","OSBS_004","distributed","evergreenForest",29.683402,-81.960449,"WGS84",20.3,42.4,0.4,"2014-04-17T18:08Z","OSBS.2014.15","OSBS_004.20140417",,"drag",160,"Y",0,3,0,"No known compromise","NEON.DOC.014045vD","NQ8eJOI5RM2caF6NYdHxuQ==",
"b329f73e-6022-477c-a23c-1ced0ad47ee1","OSBS_001.tickPlot.tck","D03","OSBS","OSBS_001","distributed","woodyWetlands",29.704063,-82.008061,"WGS84",20.3,34.4,0.3,"2014-04-17T19:36Z","OSBS.2014.15","OSBS_001.20140417",,"drag and flag",160,"Y",12,35,0,"No known compromise","NEON.DOC.014045vD","NQ8eJOI5RM2caF6NYdHxuQ==","NO TRANSCRIPTION ERRORS"
"88bdc0ad-8fdb-4358-9abb-ce227aef4c13","OSBS_005.tickPlot.tck","D03","OSBS","OSBS_005","distributed","woodyWetlands",29.697923,-82.025623,"WGS84",20.4,36.0,1.2,"2014-04-17T21:07Z","OSBS.2014.15","OSBS_005.20140417",,"drag and flag",160,"Y",6,21,0,"No known compromise","NEON.DOC.014045vD","NQ8eJOI5RM2caF6NYdHxuQ==",
