uid,namedLocation,domainID,siteID,plotID,plotType,nlcdClass,decimalLatitude,decimalLongitude,geodeticDatum,coordinateUncertainty,elevation,elevationUncertainty,collectDate,eventID,sampleID,sampleCode,samplingMethod,totalSampledArea,targetTaxaPresent,adultCount,nymphCount,larvaCount,sampleCondition,samplingProtocolVersion,measuredBy,remarks
"a7826584-73f3-4285-8242-74efc51dac58","UKFS_018.tickPlot.tck","D06","UKFS","UKFS_018","distributed","grasslandHerbaceous",39.053205,-95.194659,"WGS84",20.1,325.8,0.1,"2016-05-12T14:04Z","UKFS.2016.19",,,"drag",160,"N",0,0,0,"No known compromise","NEON.DOC.014045vG","fGNQi10tuSaT85ySoLLlkEg4DsEqwVGv",
"ce62e6e6-4225-45f5-a6fd-627540b534d9","UKFS_003.tickPlot.tck","D06","UKFS","UKFS_003","distributed","deciduousForest",39.053769,-95.187084,"WGS84",20.1,323.1,0.1,"2016-05-12T14:40Z","UKFS.2016.19","UKFS_003.20160512",,"drag and flag",160,"Y",8,8,0,"No known compromise","NEON.DOC.014045vG","fGNQi10tuSaT85ySoLLlkEg4DsEqwVGv",
"2d5b58a2-a040-42ee-a38d-c3a52e1e8cea","UKFS_002.tickPlot.tck","D06","UKFS","UKFS_002","distributed","deciduousForest",39.045892,-95.207026,"WGS84",20.1,316.0,0.2,"2016-05-12T15:43Z","UKFS.2016.19","UKFS_002.20160512",,"drag and flag",160,"Y",1,2,0,"No known compromise","NEON.DOC.014045vG","fGNQi10tuSaT85ySoLLlkEg4DsEqwVGv",
"42983f42-5819-47a2-b8d9-7a3cc1cdfc57","UKFS_030.tickPlot.tck","D06","UKFS","UKFS_030","distributed","grasslandHerbaceous",39.045115,-95.213433,"WGS84",20.1,321.9,0.1,"2016-05-12T16:23Z","UKFS.2016.19",,,"drag",160,"N",0,0,0,"No known compromise","NEON.DOC.014045vG","SeHm/p1kDF60ZkXptf42Fn89RZuG4Wcj",
"4168be77-f459-456e-9dea-0060fd76dfb5","UKFS_004.tickPlot.tck","D06","UKFS","UKFS_004","distributed","deciduousForest",39.043188,-95.201000,"WGS84",20.1,320.0,0.2,"2016-05-12T17:09Z","UKFS.2016.19","UKFS_004.20160512",,"drag and flag",160,"Y",1,10,0,"No known compromise","NEON.DOC.014045vG","SeHm/p1kDF60ZkXptf42Fn89RZuG4Wcj",
"33cddd3a-fc64-414d-af66-8d0d83ccc587","UKFS_001.tickPlot.tck","D06","UKFS","UKFS_001","distributed","deciduousForest",39.037238,-95.198631,"WGS84",20.1,322.7,0.1,"2016-05-12T18:17Z","UKFS.2016.19","UKFS_001.20160512",,"drag and flag",160,"Y",13,8,0,"No known compromise","NEON.DOC.014045vG","fGNQi10tuSaT85ySoLLlkEg4DsEqwVGv",
