uid,namedLocation,plotID,collectDate,identifiedDate,sampleID,subsampleID,scientificName,acceptedTaxonID,taxonRank,family,subfamily,tribe,subtribe,genus,subgenus,specificEpithet,infraspecificEpithet,identificationQualifier,identificationReferences,identificationProtocolVersion,scientificNameAuthorship,sexOrAge,individualCount,sampleCondition,archiveMedium,archiveFacilityID,deprecatedVialID,identifiedBy,laboratoryName,remarks
"87b3d803-4fe5-4625-8e5d-f5a70a088d2d","UKFS_003.tickPlot.tck","UKFS_003","2016-05-12T14:40Z","2017-06-16T16:00Z","UKFS_003.20160512","UKFS_003.20160512.IXOSP.M","Ixodidae sp.","IXOSP","family","Ixodidae",,,,,,"sp.",,,,"GSU_tickIdentification_SOP_2016-11-01.pdf",,"Male",5,"OK","RNA stabilization buffer","USNMENT00984939","UKFS_003.20160512.01.M","Guy Hobbs","Georgia Southern University","over invoice limit, will not be billed"
"ebfdfedc-0ad2-4305-b6c9-a8ec4b22c634","UKFS_003.tickPlot.tck","UKFS_003","2016-05-12T14:40Z","2017-06-16T16:00Z","UKFS_003.20160512","UKFS_003.20160512.IXOSP.F","Ixodidae sp.","IXOSP","family","Ixodidae",,,,,,"sp.",,,,"GSU_tickIdentification_SOP_2016-11-01.pdf",,"Female",3,"OK","RNA stabilization buffer","USNMENT00984940","UKFS_003.20160512.01.F","Guy Hobbs","Georgia Southern University","over invoice limit, will not be billed"
"fe91c7e3-adbd-4bd6-bafc-2fafdea7f1f7","UKFS_003.tickPlot.tck","UKFS_003","2016-05-12T14:40Z","2017-06-16T16:00Z","UKFS_003.20160512","UKFS_003.20160512.IXOSP.N","Ixodidae sp.","IXOSP","family","Ixodidae",,,,,,"sp.",,,,"GSU_tickIdentification_SOP_2016-11-01.pdf",,"Nymph",8,"OK","RNA stabilization buffer","USNMENT00984941","UKFS_003.20160512.01.N","Guy Hobbs","Georgia Southern University","over invoice limit, will not be billed"
"1c5a254c-bbe8-455e-8d58-8020cb97800a","UKFS_002.tickPlot.tck","UKFS_002","2016-05-12T15:43Z","2017-06-16T16:00Z","UKFS_002.20160512","UKFS_002.20160512.IXOSP.F","Ixodidae sp.","IXOSP","family","Ixodidae",,,,,,"sp.",,,,"GSU_tickIdentification_SOP_2016-11-01.pdf",,"Female",1,"OK","RNA stabilization buffer","USNMENT01358000","UKFS_002.20160512.01.F","Guy Hobbs","Georgia Southern University","over invoice limit, will not be billed"
"060142bd-b0a6-446a-ae47-b632f57dd253","UKFS_002.tickPlot.tck","UKFS_002","2016-05-12T15:43Z","2017-06-16T16:00Z","UKFS_002.20160512","UKFS_002.20160512.IXOSP.N","Ixodidae sp.","IXOSP","family","Ixodidae",,,,,,"sp.",,,,"GSU_tickIdentification_SOP_2016-11-01.pdf",,"Nymph",2,"OK","RNA stabilization buffer","USNMENT01358001","UKFS_002.20160512.01.N","Guy Hobbs","Georgia Southern University","over invoice limit, will not be billed"
"cc8cb0d4-d44a-420a-86ce-12c7ce45a14a","UKFS_004.tickPlot.tck","UKFS_004","2016-05-12T17:09Z","2017-06-16T16:00Z","UKFS_004.20160512","UKFS_004.20160512.IXOSP.N","Ixodidae sp.","IXOSP","family","Ixodidae",,,,,,"sp.",,,,"GSU_tickIdentification_SOP_2016-11-01.pdf",,"Nymph",10,"OK","RNA stabilization buffer","USNMENT01358002","UKFS_004.20160512.01.N","Guy Hobbs","Georgia Southern University","over invoice limit, will not be billed"
"b5408fe6-cbc7-429c-bf1a-4a4a85d5c160","UKFS_004.tickPlot.tck","UKFS_004","2016-05-12T17:09Z","2017-06-16T16:00Z","UKFS_004.20160512","UKFS_004.20160512.IXOSP.M","Ixodidae sp.","IXOSP","family","Ixodidae",,,,,,"sp.",,,,"GSU_tickIdentification_SOP_2016-11-01.pdf",,"Male",1,"OK","RNA stabilization buffer","USNMENT01358003","UKFS_004.20160512.01.M","Guy Hobbs","Georgia Southern University","over invoice limit, will not be billed"
"63cb2a96-e878-448f-b7dc-e2ed4d697f73","UKFS_001.tickPlot.tck","UKFS_001","2016-05-12T18:17Z","2017-06-27T16:00Z","UKFS_001.20160512","UKFS_001.20160512.AMBAME.F","Amblyomma americanum","AMBAME","species","Ixodidae",,,,"Amblyomma",,"americanum",,,"Cooley, R. A. and G. M. Kohls. 1944. The genus Amblyomma (ixodidae) in the United States. The Journal of Parasitology, 30(2):77-111.","GSU_tickIdentification_SOP_2016-11-01.pdf","Linnaeus","Female",5,"OK","RNA stabilization buffer","USNMENT01358005","UKFS_001.20160512.01.AMBAME.F","Lorenza Beati","Georgia Southern University",
"fa1cb1f4-6438-4107-9fa9-904b5505e973","UKFS_001.tickPlot.tck","UKFS_001","2016-05-12T18:17Z","2017-06-16T16:00Z","UKFS_001.20160512","UKFS_001.20160512.IXOSP.M","Ixodidae sp.","IXOSP","family","Ixodidae",,,,,,"sp.",,,,"GSU_tickIdentification_SOP_2016-11-01.pdf",,"Male",8,"OK","RNA stabilization buffer","USNMENT01358004","UKFS_001.20160512.01.M","Guy Hobbs","Georgia Southern University","over invoice limit, will not be billed"
"7492a1a5-e5a3-4595-b5d5-3204a64977e4","UKFS_001.tickPlot.tck","UKFS_001","2016-05-12T18:17Z","2017-06-16T16:00Z","UKFS_001.20160512","UKFS_001.20160512.IXOSP.N","Ixodidae sp.","IXOSP","family","Ixodidae",,,,,,"sp.",,,,"GSU_tickIdentification_SOP_2016-11-01.pdf",,"Nymph",9,"OK","RNA stabilization buffer","USNMENT01358006","UKFS_001.20160512.01.N","Guy Hobbs","Georgia Southern University","over invoice limit, will not be billed"
