uid,namedLocation,date,eventID,domainID,siteID,plotID,subplotID,individualID,tagStatus,growthForm,plantStatus,stemDiameter,measurementHeight,height,baseCrownHeight,breakHeight,breakDiameter,maxCrownDiameter,ninetyCrownDiameter,canopyPosition,shape,basalStemDiameter,basalStemDiameterMsrmntHeight,maxBaseCrownDiameter,ninetyBaseCrownDiameter,remarks,recordedBy,measuredBy,dataQF
"6fb31575-fc75-42ed-993b-e6f7618961ed","TALL_060.basePlot.vst","2016-11-01","vst_TALL_2016","D08","TALL","TALL_060",,"NEON.PLA.D08.TALL.00299","ok","small tree","Live",3.6,130,3.2,,,,,,,,,,,,,"qHOagdXN4gWZ2ImQsYe21kOoNSbv5P6a","2UFG2QdEDMcJxcx0vKz5FjHy9sBCqsDJ","legacyData"
"e6a372ab-3172-4a3d-8d32-52b19a2d0ee8","TALL_060.basePlot.vst","2016-11-01","vst_TALL_2016","D08","TALL","TALL_060",,"NEON.PLA.D08.TALL.01385","ok","liana","Live",1.4,130,,,,,,,,,,,,,"case a","qHOagdXN4gWZ2ImQsYe21kOoNSbv5P6a","2UFG2QdEDMcJxcx0vKz5FjHy9sBCqsDJ","legacyData"
"d2c4570f-2953-42d0-84b8-76a25f7b0de0","TALL_060.basePlot.vst","2016-11-01","vst_TALL_2016","D08","TALL","TALL_060",,"NEON.PLA.D08.TALL.00377","removed","single shrub","Downed",,,,,,,,,,,,,,,,"qHOagdXN4gWZ2ImQsYe21kOoNSbv5P6a","2UFG2QdEDMcJxcx0vKz5FjHy9sBCqsDJ","legacyData"
"922e1aaa-ae79-417a-9c40-87f57528c40a","TALL_060.basePlot.vst","2016-11-01","vst_TALL_2016","D08","TALL","TALL_060",,"NEON.PLA.D08.TALL.00354","ok","small tree","Live",9.3,130,11.8,,,,,,,,,,,,,"qHOagdXN4gWZ2ImQsYe21kOoNSbv5P6a","2UFG2QdEDMcJxcx0vKz5FjHy9sBCqsDJ","legacyData"
"1ae9f72a-3a25-4038-ba03-a8e66d096816","TALL_060.basePlot.vst","2016-11-01","vst_TALL_2016","D08","TALL","TALL_060",,"NEON.PLA.D08.TALL.00300","ok","small tree","Live",2.4,130,2.0,,,,,,,,,,,,,"qHOagdXN4gWZ2ImQsYe21kOoNSbv5P6a","2UFG2QdEDMcJxcx0vKz5FjHy9sBCqsDJ","legacyData"
"5fd6f02b-68d7-4c4d-966e-9074aa3811c2","TALL_060.basePlot.vst","2016-11-01","vst_TALL_2016","D08","TALL","TALL_060",,"NEON.PLA.D08.TALL.00296","ok","small tree","Standing dead",4.3,130,2.9,,,,,,,,,,,,,"qHOagdXN4gWZ2ImQsYe21kOoNSbv5P6a","2UFG2QdEDMcJxcx0vKz5FjHy9sBCqsDJ","legacyData"
"b717e386-9d36-4926-9ec8-14e6584a8442","TALL_060.basePlot.vst","2016-11-01","vst_TALL_2016","D08","TALL","TALL_060",,"NEON.PLA.D08.TALL.00404","removed","small tree","Downed",,,,,,,,,,,,,,,,"qHOagdXN4gWZ2ImQsYe21kOoNSbv5P6a","2UFG2QdEDMcJxcx0vKz5FjHy9sBCqsDJ","legacyData"
"eff1c49a-a9ee-44df-af32-b40230b2aa86","TALL_060.basePlot.vst","2016-11-01","vst_TALL_2016","D08","TALL","TALL_060",,"NEON.PLA.D08.TALL.00423","ok","single bole tree","Live",13.9,130,9.4,,,,,,,,,,,,,"qHOagdXN4gWZ2ImQsYe21kOoNSbv5P6a","2UFG2QdEDMcJxcx0vKz5FjHy9sBCqsDJ","legacyData"
"c6fe66a5-e0b5-433c-850d-47de68d82a35","TALL_060.basePlot.vst","2016-11-01","vst_TALL_2016","D08","TALL","TALL_060",,"NEON.PLA.D08.TALL.00437","ok","multi-bole tree","Live",31.4,130,11.2,,,,,,,,,,,,,"qHOagdXN4gWZ2ImQsYe21kOoNSbv5P6a","2UFG2QdEDMcJxcx0vKz5FjHy9sBCqsDJ","legacyData"
"2f28a945-cdb8-4479-9e69-cb5d3d3dc9c0","TALL_060.basePlot.vst","2016-11-01","vst_TALL_2016","D08","TALL","TALL_060",,"NEON.PLA.D08.TALL.00450","ok","single bole tree","Standing dead",42.0,130,25.1,,,,,,,,,,,,,"qHOagdXN4gWZ2ImQsYe21kOoNSbv5P6a","2UFG2QdEDMcJxcx0vKz5FjHy9sBCqsDJ","legacyData"
"cc9d2144-84d7-464c-9008-913ee0f6792f","TALL_060.basePlot.vst","2016-11-01","vst_TALL_2016","D08","TALL","TALL_060",,"NEON.PLA.D08.TALL.00290","ok","small tree","Live",4.3,130,4.4,,,,,,,,,,,,,"qHOagdXN4gWZ2ImQsYe21kOoNSbv5P6a","2UFG2QdEDMcJxcx0vKz5FjHy9sBCqsDJ","legacyData"
"76430cf2-257a-4e13-b8fc-8548717aaddc","TALL_060.basePlot.vst","2016-11-01","vst_TALL_2016","D08","TALL","TALL_060",,"NEON.PLA.D08.TALL.00313","unknown",,"Lost, tag damaged",,,,,,,,,,,,,,,,"qHOagdXN4gWZ2ImQsYe21kOoNSbv5P6a","2UFG2QdEDMcJxcx0vKz5FjHy9sBCqsDJ","legacyData"
"ff59ab24-bdda-4a28-b858-5ad7546d967d","TALL_060.basePlot.vst","2016-11-01","vst_TALL_2016","D08","TALL","TALL_060",,"NEON.PLA.D08.TALL.00310","ok","sapling","Standing dead",,,1.2,,,,,,,,2.2,10,,,,"qHOagdXN4gWZ2ImQsYe21kOoNSbv5P6a","2UFG2QdEDMcJxcx0vKz5FjHy9sBCqsDJ","legacyData"
"635b50c2-32de-4ce5-a3b0-d38d5fee70a0","TALL_060.basePlot.vst","2016-11-01","vst_TALL_2016","D08","TALL","TALL_060",,"NEON.PLA.D08.TALL.00359","ok","small tree","Live",7.6,130,3.9,,,,,,,,,,,,,"qHOagdXN4gWZ2ImQsYe21kOoNSbv5P6a","2UFG2QdEDMcJxcx0vKz5FjHy9sBCqsDJ","legacyData"
"8ed23ba7-0353-4648-bd15-b3f7cda3a500","TALL_060.basePlot.vst","2016-11-01","vst_TALL_2016","D08","TALL","TALL_060",,"NEON.PLA.D08.TALL.00376","ok","small tree","Live",1.0,130,1.9,,,,,,,,,,,,,"qHOagdXN4gWZ2ImQsYe21kOoNSbv5P6a","2UFG2QdEDMcJxcx0vKz5FjHy9sBCqsDJ","legacyData"
"ebcdcbad-b3bf-484f-8288-49ba0795be96","TALL_060.basePlot.vst","2016-11-01","vst_TALL_2016","D08","TALL","TALL_060",,"NEON.PLA.D08.TALL.00428","ok","single bole tree","Live",20.0,130,8.6,,,,,,,,,,,,,"qHOagdXN4gWZ2ImQsYe21kOoNSbv5P6a","2UFG2QdEDMcJxcx0vKz5FjHy9sBCqsDJ","legacyData"
"8ca6aa0d-b227-48d1-a716-01b9abd939cb","TALL_060.basePlot.vst","2016-11-01","vst_TALL_2016","D08","TALL","TALL_060",,"NEON.PLA.D08.TALL.00327","ok","sapling","Live",,,1.5,,,,,,,,1.4,10,,,,"qHOagdXN4gWZ2ImQsYe21kOoNSbv5P6a","2UFG2QdEDMcJxcx0vKz5FjHy9sBCqsDJ","legacyData"
"51f6cc8d-2456-4436-973d-7319f319964d","TALL_060.basePlot.vst","2016-11-01","vst_TALL_2016","D08","TALL","TALL_060",,"NEON.PLA.D08.TALL.00317","ok","small tree","Live",8.3,130,4.0,,,,,,,,,,,,,"qHOagdXN4gWZ2ImQsYe21kOoNSbv5P6a","2UFG2QdEDMcJxcx0vKz5FjHy9sBCqsDJ","legacyData"
"0f1d7b9e-3e83-4f70-901e-46e7ce6568a0","TALL_060.basePlot.vst","2016-11-01","vst_TALL_2016","D08","TALL","TALL_060",,"NEON.PLA.D08.TALL.00364","ok","sapling","Live",,,1.1,,,,,,,,1.0,10,,,,"qHOagdXN4gWZ2ImQsYe21kOoNSbv5P6a","2UFG2QdEDMcJxcx0vKz5FjHy9sBCqsDJ","legacyData"
"35cb5199-c3b2-4e47-a589-9a265db0f492","TALL_060.basePlot.vst","2016-11-01","vst_TALL_2016","D08","TALL","TALL_060",,"NEON.PLA.D08.TALL.00416","ok","single bole tree","Live",17.0,130,11.1,,,,,,,,,,,,,"qHOagdXN4gWZ2ImQsYe21kOoNSbv5P6a","2UFG2QdEDMcJxcx0vKz5FjHy9sBCqsDJ","legacyData"
"3ae1b172-4719-41bd-99c2-ce15ddedb107","TALL_060.basePlot.vst","2016-11-01","vst_TALL_2016","D08","TALL","TALL_060",,"NEON.PLA.D08.TALL.00407","ok","single bole tree","Standing dead",10.5,130,10.9,,,,,,,,,,,,,"qHOagdXN4gWZ2ImQsYe21kOoNSbv5P6a","2UFG2QdEDMcJxcx0vKz5FjHy9sBCqsDJ","legacyData"
"32453e3f-3620-411f-9ef5-0d60d3859b78","TALL_060.basePlot.vst","2016-11-01","vst_TALL_2016","D08","TALL","TALL_060",,"NEON.PLA.D08.TALL.00401","ok","small tree","Live",3.3,130,3.6,,,,,,,,,,,,,"qHOagdXN4gWZ2ImQsYe21kOoNSbv5P6a","2UFG2QdEDMcJxcx0vKz5FjHy9sBCqsDJ","legacyData"
"ccdb07d2-b76e-47ad-8a62-013c384c4b34","TALL_060.basePlot.vst","2016-11-01","vst_TALL_2016","D08","TALL","TALL_060",,"NEON.PLA.D08.TALL.00368","ok","sapling","Live",,,2.0,,,,,,,,1.6,10,,,,"qHOagdXN4gWZ2ImQsYe21kOoNSbv5P6a","2UFG2QdEDMcJxcx0vKz5FjHy9sBCqsDJ","legacyData"
"a85880f6-81fe-458b-9e25-4ae9d407e7a3","TALL_060.basePlot.vst","2016-11-01","vst_TALL_2016","D08","TALL","TALL_060",,"NEON.PLA.D08.TALL.00350","ok","small tree","Live",7.7,130,7.6,,,,,,,,,,,,,"qHOagdXN4gWZ2ImQsYe21kOoNSbv5P6a","2UFG2QdEDMcJxcx0vKz5FjHy9sBCqsDJ","legacyData"
"557de128-b119-43b2-8114-a671a295bf69","TALL_060.basePlot.vst","2016-11-01","vst_TALL_2016","D08","TALL","TALL_060",,"NEON.PLA.D08.TALL.00424","ok","single bole tree","Live",20.0,130,10.7,,,,,,,,,,,,,"qHOagdXN4gWZ2ImQsYe21kOoNSbv5P6a","2UFG2QdEDMcJxcx0vKz5FjHy9sBCqsDJ","legacyData"
"9d9ab240-d817-4e63-8429-0c2743e5f999","TALL_060.basePlot.vst","2016-11-01","vst_TALL_2016","D08","TALL","TALL_060",,"NEON.PLA.D08.TALL.00340","ok","sapling","Live",,,2.2,,,,,,,,1.1,10,,,,"qHOagdXN4gWZ2ImQsYe21kOoNSbv5P6a","2UFG2QdEDMcJxcx0vKz5FjHy9sBCqsDJ","legacyData"
"b4bf7b03-ced5-44b7-b5de-a39015b340f6","TALL_060.basePlot.vst","2016-11-01","vst_TALL_2016","D08","TALL","TALL_060",,"NEON.PLA.D08.TALL.00330","ok","sapling","Live",,,1.9,,,,,,,,1.4,10,,,,"qHOagdXN4gWZ2ImQsYe21kOoNSbv5P6a","2UFG2QdEDMcJxcx0vKz5FjHy9sBCqsDJ","legacyData"
"2b31a3c9-8c81-4d44-b292-8e1669ee3d08","TALL_060.basePlot.vst","2016-11-01","vst_TALL_2016","D08","TALL","TALL_060",,"NEON.PLA.D08.TALL.00432","ok","single bole tree","Live",17.0,130,12.0,,,,,,,,,,,,,"qHOagdXN4gWZ2ImQsYe21kOoNSbv5P6a","2UFG2QdEDMcJxcx0vKz5FjHy9sBCqsDJ","legacyData"
"8b461fa6-2eca-44e0-a8fb-0329a0675729","TALL_060.basePlot.vst","2016-11-01","vst_TALL_2016","D08","TALL","TALL_060",,"NEON.PLA.D08.TALL.00402","ok","small tree","Live",6.2,130,6.6,,,,,,,,,,,,,"qHOagdXN4gWZ2ImQsYe21kOoNSbv5P6a","2UFG2QdEDMcJxcx0vKz5FjHy9sBCqsDJ","legacyData"
"55b4321e-5f74-4034-b5b4-2a11b309f1a7","TALL_060.basePlot.vst","2016-11-01","vst_TALL_2016","D08","TALL","TALL_060",,"NEON.PLA.D08.TALL.00418","ok","single bole tree","Live",13.5,130,13.1,,,,,,,,,,,,,"qHOagdXN4gWZ2ImQsYe21kOoNSbv5P6a","2UFG2QdEDMcJxcx0vKz5FjHy9sBCqsDJ","legacyData"
"502b448a-a53a-461b-a969-402f4119985d","TALL_060.basePlot.vst","2016-11-01","vst_TALL_2016","D08","TALL","TALL_060",,"NEON.PLA.D08.TALL.00356","ok","sapling","Live",,,1.0,,,,,,,,1.0,10,,,,"qHOagdXN4gWZ2ImQsYe21kOoNSbv5P6a","2UFG2QdEDMcJxcx0vKz5FjHy9sBCqsDJ","legacyData"
"8212ce57-9353-4c0e-93f8-18f66cc11e58","TALL_060.basePlot.vst","2016-11-01","vst_TALL_2016","D08","TALL","TALL_060",,"NEON.PLA.D08.TALL.00312","ok","small tree","Standing dead",2.2,130,6.3,,,,,,,,,,,,,"qHOagdXN4gWZ2ImQsYe21kOoNSbv5P6a","2UFG2QdEDMcJxcx0vKz5FjHy9sBCqsDJ","legacyData"
"1d1d866c-4271-4d08-828e-2689c63de9d7","TALL_060.basePlot.vst","2016-11-01","vst_TALL_2016","D08","TALL","TALL_060",,"NEON.PLA.D08.TALL.00341","unknown",,"Lost, tag damaged",,,,,,,,,,,,,,,,"qHOagdXN4gWZ2ImQsYe21kOoNSbv5P6a","2UFG2QdEDMcJxcx0vKz5FjHy9sBCqsDJ","legacyData"
"161e609a-f6bb-44a2-b1fb-9341b7aa774f","TALL_060.basePlot.vst","2016-11-01","vst_TALL_2016","D08","TALL","TALL_060",,"NEON.PLA.D08.TALL.00346","ok","single bole tree","Standing dead",6.3,130,3.5,,,,,,,,,,,,,"qHOagdXN4gWZ2ImQsYe21kOoNSbv5P6a","2UFG2QdEDMcJxcx0vKz5FjHy9sBCqsDJ","legacyData"
"3def2a8b-0d5b-4fab-b9de-eb4dfbc9aba5","TALL_060.basePlot.vst","2016-11-01","vst_TALL_2016","D08","TALL","TALL_060",,"NEON.PLA.D08.TALL.00383","ok","small tree","Standing dead",2.1,130,3.7,,,,,,,,,,,,,"qHOagdXN4gWZ2ImQsYe21kOoNSbv5P6a","2UFG2QdEDMcJxcx0vKz5FjHy9sBCqsDJ","legacyData"
"9cb1a9d5-5bc2-4fae-a6df-d8049e7538db","TALL_060.basePlot.vst","2016-11-01","vst_TALL_2016","D08","TALL","TALL_060",,"NEON.PLA.D08.TALL.00285","removed","sapling","Downed",,,,,,,,,,,,,,,,"qHOagdXN4gWZ2ImQsYe21kOoNSbv5P6a","2UFG2QdEDMcJxcx0vKz5FjHy9sBCqsDJ","legacyData"
"82d517fb-5a5a-453d-8a20-7918fe7026c9","TALL_060.basePlot.vst","2016-11-01","vst_TALL_2016","D08","TALL","TALL_060",,"NEON.PLA.D08.TALL.00280","ok","sapling","Standing dead",,,2.9,,,,,,,,1.0,10,,,,"qHOagdXN4gWZ2ImQsYe21kOoNSbv5P6a","2UFG2QdEDMcJxcx0vKz5FjHy9sBCqsDJ","legacyData"
"d0ded868-6d75-4c64-9bbb-6d5d2974a164","TALL_060.basePlot.vst","2016-11-01","vst_TALL_2016","D08","TALL","TALL_060",,"NEON.PLA.D08.TALL.00436","ok","single bole tree","Live",14.5,130,15.7,,,,,,,,,,,,,"qHOagdXN4gWZ2ImQsYe21kOoNSbv5P6a","2UFG2QdEDMcJxcx0vKz5FjHy9sBCqsDJ","legacyData"
"b1aa97b6-4c35-49a9-9561-60d577ac2687","TALL_060.basePlot.vst","2016-11-01","vst_TALL_2016","D08","TALL","TALL_060",,"NEON.PLA.D08.TALL.00437B","ok","multi-bole tree","Live",13.5,130,11.2,,,,,,,,,,,,,"qHOagdXN4gWZ2ImQsYe21kOoNSbv5P6a","2UFG2QdEDMcJxcx0vKz5FjHy9sBCqsDJ","legacyData"
"dafe9186-d354-44c7-847b-a7ae661cc34e","TALL_060.basePlot.vst","2016-11-01","vst_TALL_2016","D08","TALL","TALL_060",,"NEON.PLA.D08.TALL.00336","ok","sapling","Live",,,1.6,,,,,,,,1.1,10,,,,"qHOagdXN4gWZ2ImQsYe21kOoNSbv5P6a","2UFG2QdEDMcJxcx0vKz5FjHy9sBCqsDJ","legacyData"
"0aa3fbaf-0827-40b1-a5dd-0cddeddd378b","TALL_060.basePlot.vst","2016-11-01","vst_TALL_2016","D08","TALL","TALL_060",,"NEON.PLA.D08.TALL.01435","unknown",,"Lost, tag damaged",,,,,,,,,,,,,,,,"qHOagdXN4gWZ2ImQsYe21kOoNSbv5P6a","2UFG2QdEDMcJxcx0vKz5FjHy9sBCqsDJ","legacyData"
"da88d481-bc2d-4ba4-90f9-7c0bdf1a7768","TALL_060.basePlot.vst","2016-11-01","vst_TALL_2016","D08","TALL","TALL_060",,"NEON.PLA.D08.TALL.00284","ok","small tree","Downed",,,,,,,,,,,,,,,,"qHOagdXN4gWZ2ImQsYe21kOoNSbv5P6a","2UFG2QdEDMcJxcx0vKz5FjHy9sBCqsDJ","legacyData"
"3a8a5b64-5e51-44d0-8af3-35fcafcd1f8f","TALL_060.basePlot.vst","2016-11-01","vst_TALL_2016","D08","TALL","TALL_060",,"NEON.PLA.D08.TALL.00399","ok","small tree","Standing dead",6.9,130,6.2,,,,,,,,,,,,,"qHOagdXN4gWZ2ImQsYe21kOoNSbv5P6a","2UFG2QdEDMcJxcx0vKz5FjHy9sBCqsDJ","legacyData"
"b19aaf42-2a40-492e-812e-afae6230c99d","TALL_060.basePlot.vst","2016-11-01","vst_TALL_2016","D08","TALL","TALL_060",,"NEON.PLA.D08.TALL.00426","ok","single bole tree","Live",14.0,130,10.0,,,,,,,,,,,,,"qHOagdXN4gWZ2ImQsYe21kOoNSbv5P6a","2UFG2QdEDMcJxcx0vKz5FjHy9sBCqsDJ","legacyData"
"927493a3-d8fd-43a0-bf0f-0c892da52565","TALL_060.basePlot.vst","2016-11-01","vst_TALL_2016","D08","TALL","TALL_060",,"NEON.PLA.D08.TALL.00333","ok","small tree","Live",5.1,130,5.0,,,,,,,,,,,,,"qHOagdXN4gWZ2ImQsYe21kOoNSbv5P6a","2UFG2QdEDMcJxcx0vKz5FjHy9sBCqsDJ","legacyData"
"b8cc92cc-339e-4f19-a47e-717c7b395fcb","TALL_060.basePlot.vst","2016-11-01","vst_TALL_2016","D08","TALL","TALL_060",,"NEON.PLA.D08.TALL.00323","ok","small tree","Live",3.0,130,3.8,,,,,,,,,,,,,"qHOagdXN4gWZ2ImQsYe21kOoNSbv5P6a","2UFG2QdEDMcJxcx0vKz5FjHy9sBCqsDJ","legacyData"
"763999bf-d55e-4931-b6f4-4db65194af82","TALL_060.basePlot.vst","2016-11-01","vst_TALL_2016","D08","TALL","TALL_060",,"NEON.PLA.D08.TALL.00378","ok","small tree","Live",7.8,130,10.0,,,,,,,,,,,,,"qHOagdXN4gWZ2ImQsYe21kOoNSbv5P6a","2UFG2QdEDMcJxcx0vKz5FjHy9sBCqsDJ","legacyData"
"83adef9c-82b1-43f7-8798-6eee07e91371","TALL_060.basePlot.vst","2016-11-01","vst_TALL_2016","D08","TALL","TALL_060",,"NEON.PLA.D08.TALL.00322","ok","sapling","Live",,,1.9,,,,,,,,1.0,10,,,,"qHOagdXN4gWZ2ImQsYe21kOoNSbv5P6a","2UFG2QdEDMcJxcx0vKz5FjHy9sBCqsDJ","legacyData"
"fd5ba917-9df4-48a7-a3c3-3fd460856ee7","TALL_060.basePlot.vst","2016-11-01","vst_TALL_2016","D08","TALL","TALL_060",,"NEON.PLA.D08.TALL.00320","ok","small tree","Live",3.0,130,2.4,,,,,,,,,,,,,"qHOagdXN4gWZ2ImQsYe21kOoNSbv5P6a","2UFG2QdEDMcJxcx0vKz5FjHy9sBCqsDJ","legacyData"
"51e9245d-cfa4-456a-b2d2-5cae81c0346e","TALL_060.basePlot.vst","2016-11-01","vst_TALL_2016","D08","TALL","TALL_060",,"NEON.PLA.D08.TALL.00439","ok","single bole tree","Live",14.0,130,11.7,,,,,,,,,,,,,"qHOagdXN4gWZ2ImQsYe21kOoNSbv5P6a","2UFG2QdEDMcJxcx0vKz5FjHy9sBCqsDJ","legacyData"
"26d5dcbe-2af1-4c0e-a752-72a22b85a52d","TALL_060.basePlot.vst","2016-11-01","vst_TALL_2016","D08","TALL","TALL_060",,"NEON.PLA.D08.TALL.00318","ok","small tree","Live",4.3,130,3.4,,,,,,,,,,,,,"qHOagdXN4gWZ2ImQsYe21kOoNSbv5P6a","2UFG2QdEDMcJxcx0vKz5FjHy9sBCqsDJ","legacyData"
"455127f5-153c-48e8-8075-14d3edb069cb","TALL_060.basePlot.vst","2016-11-01","vst_TALL_2016","D08","TALL","TALL_060",,"NEON.PLA.D08.TALL.00312","ok","small tree","Live",6.3,130,6.3,,,,,,,,,,,,,"qHOagdXN4gWZ2ImQsYe21kOoNSbv5P6a","2UFG2QdEDMcJxcx0vKz5FjHy9sBCqsDJ","legacyData"
"1d5d28ca-faca-480a-8d2e-fc796d038bab","TALL_060.basePlot.vst","2016-11-01","vst_TALL_2016","D08","TALL","TALL_060",,"NEON.PLA.D08.TALL.00410","ok","single bole tree","Live",18.0,130,19.6,,,,,,,,,,,,,"qHOagdXN4gWZ2ImQsYe21kOoNSbv5P6a","2UFG2QdEDMcJxcx0vKz5FjHy9sBCqsDJ","legacyData"
"1f60e41d-9bc1-4bbf-8ecf-f471a608b47e","TALL_060.basePlot.vst","2016-11-01","vst_TALL_2016","D08","TALL","TALL_060",,"NEON.PLA.D08.TALL.00332","ok","small tree","Live",5.1,130,5.4,,,,,,,,,,,,,"qHOagdXN4gWZ2ImQsYe21kOoNSbv5P6a","2UFG2QdEDMcJxcx0vKz5FjHy9sBCqsDJ","legacyData"
"fefa45b8-50be-48a3-ba3b-0bdcc86e5603","TALL_060.basePlot.vst","2016-11-01","vst_TALL_2016","D08","TALL","TALL_060",,"NEON.PLA.D08.TALL.00328","ok","sapling","Standing dead",,,0.9,,,,,,,,1.0,10,,,,"qHOagdXN4gWZ2ImQsYe21kOoNSbv5P6a","2UFG2QdEDMcJxcx0vKz5FjHy9sBCqsDJ","legacyData"
"402447f1-33e7-4aa8-8bb0-b71400c8cc39","TALL_060.basePlot.vst","2016-11-01","vst_TALL_2016","D08","TALL","TALL_060",,"NEON.PLA.D08.TALL.00347","ok","sapling","Live",,,1.9,,,,,,,,2.2,10,,,,"qHOagdXN4gWZ2ImQsYe21kOoNSbv5P6a","2UFG2QdEDMcJxcx0vKz5FjHy9sBCqsDJ","legacyData"
"8de2a516-bdfa-4cdf-8a73-a320947736a6","TALL_060.basePlot.vst","2016-11-01","vst_TALL_2016","D08","TALL","TALL_060",,"NEON.PLA.D08.TALL.00282","ok","sapling","Live",,,2.6,,,,,,,,1.3,10,,,,"qHOagdXN4gWZ2ImQsYe21kOoNSbv5P6a","2UFG2QdEDMcJxcx0vKz5FjHy9sBCqsDJ","legacyData"
"256d2855-60af-42e2-b5f3-02dabc0cb65f","TALL_060.basePlot.vst","2016-11-01","vst_TALL_2016","D08","TALL","TALL_060",,"NEON.PLA.D08.TALL.00371","ok","sapling","Live",,,1.2,,,,,,,,1.7,10,,,,"qHOagdXN4gWZ2ImQsYe21kOoNSbv5P6a","2UFG2QdEDMcJxcx0vKz5FjHy9sBCqsDJ","legacyData"
"d14407d8-3356-40f4-b0d1-7bee36dfadcb","TALL_060.basePlot.vst","2016-11-01","vst_TALL_2016","D08","TALL","TALL_060",,"NEON.PLA.D08.TALL.00438","ok","multi-bole tree","Live",13.6,130,10.7,,,,,,,,,,,,,"qHOagdXN4gWZ2ImQsYe21kOoNSbv5P6a","2UFG2QdEDMcJxcx0vKz5FjHy9sBCqsDJ","legacyData"
"5006a499-3ef7-423f-a89d-712a9a16ffff","TALL_060.basePlot.vst","2016-11-01","vst_TALL_2016","D08","TALL","TALL_060",,"NEON.PLA.D08.TALL.00411","ok","single bole tree","Live",10.8,130,11.1,,,,,,,,,,,,,"qHOagdXN4gWZ2ImQsYe21kOoNSbv5P6a","2UFG2QdEDMcJxcx0vKz5FjHy9sBCqsDJ","legacyData"
"c7fb778a-b0ee-49a3-9e95-44f969f9795c","TALL_060.basePlot.vst","2016-11-01","vst_TALL_2016","D08","TALL","TALL_060",,"NEON.PLA.D08.TALL.00408","ok","small tree","Live",9.5,130,12.4,,,,,,,,,,,,,"qHOagdXN4gWZ2ImQsYe21kOoNSbv5P6a","2UFG2QdEDMcJxcx0vKz5FjHy9sBCqsDJ","legacyData"
"c0d60435-5c08-4703-95a7-49807909ccf7","TALL_060.basePlot.vst","2016-11-01","vst_TALL_2016","D08","TALL","TALL_060",,"NEON.PLA.D08.TALL.00412","removed","single bole tree","Downed",,,,,,,,,,,,,,,,"qHOagdXN4gWZ2ImQsYe21kOoNSbv5P6a","2UFG2QdEDMcJxcx0vKz5FjHy9sBCqsDJ","legacyData"
"8f7d998f-0e14-497e-a872-a6a7c7124874","TALL_060.basePlot.vst","2016-11-01","vst_TALL_2016","D08","TALL","TALL_060",,"NEON.PLA.D08.TALL.00355","ok","small tree","Standing dead",7.4,130,5.8,,,,,,,,,,,,,"qHOagdXN4gWZ2ImQsYe21kOoNSbv5P6a","2UFG2QdEDMcJxcx0vKz5FjHy9sBCqsDJ","legacyData"
"07e3510a-aaa8-4a1c-845c-ad1034006b82","TALL_060.basePlot.vst","2016-11-01","vst_TALL_2016","D08","TALL","TALL_060",,"NEON.PLA.D08.TALL.00287","ok","sapling","Standing dead",,,1.6,,,,,,,,1.0,10,,,,"qHOagdXN4gWZ2ImQsYe21kOoNSbv5P6a","2UFG2QdEDMcJxcx0vKz5FjHy9sBCqsDJ","legacyData"
"a2bf3339-bd6e-499c-ad39-54a12852afaa","TALL_060.basePlot.vst","2016-11-01","vst_TALL_2016","D08","TALL","TALL_060",,"NEON.PLA.D08.TALL.01437","ok","single bole tree","Live",13.5,130,12.9,,,,,,,,,,,,,"qHOagdXN4gWZ2ImQsYe21kOoNSbv5P6a","2UFG2QdEDMcJxcx0vKz5FjHy9sBCqsDJ","legacyData"
"cb09ab9e-e92a-4200-829c-5a956b761618","TALL_060.basePlot.vst","2016-11-01","vst_TALL_2016","D08","TALL","TALL_060",,"NEON.PLA.D08.TALL.00417","ok","single bole tree","Live",15.0,130,13.1,,,,,,,,,,,,,"qHOagdXN4gWZ2ImQsYe21kOoNSbv5P6a","2UFG2QdEDMcJxcx0vKz5FjHy9sBCqsDJ","legacyData"
"7433ef84-27f6-468e-932b-08870a6de3f9","TALL_060.basePlot.vst","2016-11-01","vst_TALL_2016","D08","TALL","TALL_060",,"NEON.PLA.D08.TALL.11326","ok","single bole tree","Live",10.8,130,5.4,,,,,,,,,,,,,"qHOagdXN4gWZ2ImQsYe21kOoNSbv5P6a","2UFG2QdEDMcJxcx0vKz5FjHy9sBCqsDJ","legacyData"
"eeb5d963-3eaa-44b5-a069-b0b10ef391ca","TALL_060.basePlot.vst","2016-11-01","vst_TALL_2016","D08","TALL","TALL_060",,"NEON.PLA.D08.TALL.00403","ok","small tree","Live",2.6,130,3.4,,,,,,,,,,,,,"qHOagdXN4gWZ2ImQsYe21kOoNSbv5P6a","2UFG2QdEDMcJxcx0vKz5FjHy9sBCqsDJ","legacyData"
"43b9db49-4209-4f28-aead-426dcce482ff","TALL_060.basePlot.vst","2016-11-01","vst_TALL_2016","D08","TALL","TALL_060",,"NEON.PLA.D08.TALL.00321","ok","small tree","Live",5.0,130,6.3,,,,,,,,,,,,,"qHOagdXN4gWZ2ImQsYe21kOoNSbv5P6a","2UFG2QdEDMcJxcx0vKz5FjHy9sBCqsDJ","legacyData"
"c9656ab5-8044-4f67-95c5-b3e0a8074ec1","TALL_060.basePlot.vst","2016-11-01","vst_TALL_2016","D08","TALL","TALL_060",,"NEON.PLA.D08.TALL.00325","removed","small tree","Downed",,,,,,,,,,,,,,,,"qHOagdXN4gWZ2ImQsYe21kOoNSbv5P6a","2UFG2QdEDMcJxcx0vKz5FjHy9sBCqsDJ","legacyData"
"5b3565c1-1e60-46fb-adc6-c9d0fc12d1e6","TALL_060.basePlot.vst","2016-11-01","vst_TALL_2016","D08","TALL","TALL_060",,"NEON.PLA.D08.TALL.00446","ok","single bole tree","Live",10.9,130,17.0,,,,,,,,,,,,,"qHOagdXN4gWZ2ImQsYe21kOoNSbv5P6a","2UFG2QdEDMcJxcx0vKz5FjHy9sBCqsDJ","legacyData"
"c9dc4c28-33be-4145-b751-8a7be3b29d02","TALL_060.basePlot.vst","2016-11-01","vst_TALL_2016","D08","TALL","TALL_060",,"NEON.PLA.D08.TALL.00398","ok","small tree","Standing dead",2.6,130,1.6,,,,,,,,,,,,,"qHOagdXN4gWZ2ImQsYe21kOoNSbv5P6a","2UFG2QdEDMcJxcx0vKz5FjHy9sBCqsDJ","legacyData"
"90fb0346-6da0-46f1-8ec4-7c2d9348200c","TALL_060.basePlot.vst","2016-11-01","vst_TALL_2016","D08","TALL","TALL_060",,"NEON.PLA.D08.TALL.00365","ok","single shrub","Standing dead",5.3,130,2.3,,,,,,,"cylinder",7.2,10,,,,"qHOagdXN4gWZ2ImQsYe21kOoNSbv5P6a","2UFG2QdEDMcJxcx0vKz5FjHy9sBCqsDJ","legacyData"
"d661ffbc-7613-4018-95e0-4269817f195d","TALL_060.basePlot.vst","2016-11-01","vst_TALL_2016","D08","TALL","TALL_060",,"NEON.PLA.D08.TALL.00339","ok","sapling","Live",,,1.3,,,,,,,,1.1,10,,,,"qHOagdXN4gWZ2ImQsYe21kOoNSbv5P6a","2UFG2QdEDMcJxcx0vKz5FjHy9sBCqsDJ","legacyData"
"ba9fc7df-c1c5-4dca-b69c-6c18bfc8d110","TALL_060.basePlot.vst","2016-11-01","vst_TALL_2016","D08","TALL","TALL_060",,"NEON.PLA.D08.TALL.00372","ok","small tree","Live",7.7,130,9.2,,,,,,,,,,,,,"qHOagdXN4gWZ2ImQsYe21kOoNSbv5P6a","2UFG2QdEDMcJxcx0vKz5FjHy9sBCqsDJ","legacyData"
"1893c47c-77d3-4d86-8378-06dc90369d10","TALL_060.basePlot.vst","2016-11-01","vst_TALL_2016","D08","TALL","TALL_060",,"NEON.PLA.D08.TALL.00286","ok","sapling","Live",,,1.0,,,,,,,,1.3,10,,,,"qHOagdXN4gWZ2ImQsYe21kOoNSbv5P6a","2UFG2QdEDMcJxcx0vKz5FjHy9sBCqsDJ","legacyData"
"5de4a275-0cb9-4e71-ba07-c8144bf98ae3","TALL_060.basePlot.vst","2016-11-01","vst_TALL_2016","D08","TALL","TALL_060",,"NEON.PLA.D08.TALL.00314","ok","small tree","Standing dead",3.0,130,1.7,,,,,,,,,,,,,"qHOagdXN4gWZ2ImQsYe21kOoNSbv5P6a","2UFG2QdEDMcJxcx0vKz5FjHy9sBCqsDJ","legacyData"
"0e2c4aec-b5d2-4474-af98-fe3a09e04e3d","TALL_060.basePlot.vst","2016-11-01","vst_TALL_2016","D08","TALL","TALL_060",,"NEON.PLA.D08.TALL.00435","ok","single bole tree","Live",13.5,130,10.3,,,,,,,,,,,,,"qHOagdXN4gWZ2ImQsYe21kOoNSbv5P6a","2UFG2QdEDMcJxcx0vKz5FjHy9sBCqsDJ","legacyData"
"9936eea7-3863-405a-959a-1e32a0e651f6","TALL_060.basePlot.vst","2016-11-01","vst_TALL_2016","D08","TALL","TALL_060",,"NEON.PLA.D08.TALL.00381","ok","single shrub","Standing dead",3.4,130,5.3,,,,,,,"cylinder",4.8,10,,,,"qHOagdXN4gWZ2ImQsYe21kOoNSbv5P6a","2UFG2QdEDMcJxcx0vKz5FjHy9sBCqsDJ","legacyData"
"2dcf7f52-20df-4ed0-95d5-826e85a14b40","TALL_060.basePlot.vst","2016-11-01","vst_TALL_2016","D08","TALL","TALL_060",,"NEON.PLA.D08.TALL.00441","ok","single bole tree","Live",35.7,130,16.4,,,,,,,,,,,,,"qHOagdXN4gWZ2ImQsYe21kOoNSbv5P6a","2UFG2QdEDMcJxcx0vKz5FjHy9sBCqsDJ","legacyData"
"77c69d29-6d48-446c-a6f5-5caa24749932","TALL_060.basePlot.vst","2016-11-01","vst_TALL_2016","D08","TALL","TALL_060",,"NEON.PLA.D08.TALL.00311","ok","small tree","Live",4.5,130,5.7,,,,,,,,,,,,,"qHOagdXN4gWZ2ImQsYe21kOoNSbv5P6a","2UFG2QdEDMcJxcx0vKz5FjHy9sBCqsDJ","legacyData"
"135b0b91-8427-44c7-a33d-056e2279ad37","TALL_060.basePlot.vst","2016-11-01","vst_TALL_2016","D08","TALL","TALL_060",,"NEON.PLA.D08.TALL.00348","ok","sapling","Live",,,0.2,,,,,,,,1.3,10,,,,"qHOagdXN4gWZ2ImQsYe21kOoNSbv5P6a","2UFG2QdEDMcJxcx0vKz5FjHy9sBCqsDJ","legacyData"
"beaef535-e39a-49b9-a663-5f88107f741c","TALL_060.basePlot.vst","2016-11-01","vst_TALL_2016","D08","TALL","TALL_060",,"NEON.PLA.D08.TALL.00361","ok","small tree","Standing dead",5.5,130,5.6,,,,,,,,,,,,,"qHOagdXN4gWZ2ImQsYe21kOoNSbv5P6a","2UFG2QdEDMcJxcx0vKz5FjHy9sBCqsDJ","legacyData"
"48605a0f-a72b-4bfa-9f46-88ee1320954c","TALL_060.basePlot.vst","2016-11-01","vst_TALL_2016","D08","TALL","TALL_060",,"NEON.PLA.D08.TALL.00429","ok","single bole tree","Live",24.0,130,15.0,,,,,,,,,,,,,"qHOagdXN4gWZ2ImQsYe21kOoNSbv5P6a","2UFG2QdEDMcJxcx0vKz5FjHy9sBCqsDJ","legacyData"
"8a687435-d0a3-4c5e-ad7a-dc5fabd76bcd","TALL_060.basePlot.vst","2016-11-01","vst_TALL_2016","D08","TALL","TALL_060",,"NEON.PLA.D08.TALL.00365","ok","single shrub","Standing dead",6.0,130,2.3,,,,,,,"cylinder",6.1,10,,,,"qHOagdXN4gWZ2ImQsYe21kOoNSbv5P6a","2UFG2QdEDMcJxcx0vKz5FjHy9sBCqsDJ","legacyData"
"21ef1f78-9037-4537-89fb-9937708b8f0d","TALL_060.basePlot.vst","2016-11-01","vst_TALL_2016","D08","TALL","TALL_060",,"NEON.PLA.D08.TALL.00331","ok","single shrub","Standing dead",3.6,130,3.0,,,,,,,"cylinder",5.0,10,,,,"qHOagdXN4gWZ2ImQsYe21kOoNSbv5P6a","2UFG2QdEDMcJxcx0vKz5FjHy9sBCqsDJ","legacyData"
"43f6d307-4b83-484c-b1ae-7da946816be9","TALL_060.basePlot.vst","2016-11-01","vst_TALL_2016","D08","TALL","TALL_060",,"NEON.PLA.D08.TALL.00393","ok","small tree","Live",3.4,130,3.1,,,,,,,,,,,,,"qHOagdXN4gWZ2ImQsYe21kOoNSbv5P6a","2UFG2QdEDMcJxcx0vKz5FjHy9sBCqsDJ","legacyData"
"b6280197-a098-4f0c-8d34-806b2411c194","TALL_060.basePlot.vst","2016-11-01","vst_TALL_2016","D08","TALL","TALL_060",,"NEON.PLA.D08.TALL.00413","ok","single bole tree","Live",11.0,130,9.6,,,,,,,,,,,,,"qHOagdXN4gWZ2ImQsYe21kOoNSbv5P6a","2UFG2QdEDMcJxcx0vKz5FjHy9sBCqsDJ","legacyData"
"36569489-2da5-495d-8b9d-3ac48dc20446","TALL_060.basePlot.vst","2016-11-01","vst_TALL_2016","D08","TALL","TALL_060",,"NEON.PLA.D08.TALL.00288","removed","single bole tree","Downed",,,,,,,,,,,,,,,,"qHOagdXN4gWZ2ImQsYe21kOoNSbv5P6a","2UFG2QdEDMcJxcx0vKz5FjHy9sBCqsDJ","legacyData"
"2e6bb863-0668-4558-bbf0-fa8f11fb9d86","TALL_060.basePlot.vst","2016-11-01","vst_TALL_2016","D08","TALL","TALL_060",,"NEON.PLA.D08.TALL.00338","ok","sapling","Live",,,1.4,,,,,,,,1.3,10,,,,"qHOagdXN4gWZ2ImQsYe21kOoNSbv5P6a","2UFG2QdEDMcJxcx0vKz5FjHy9sBCqsDJ","legacyData"
"d1bd8fd4-ff30-4ba3-a6f7-adbee6c4ce72","TALL_060.basePlot.vst","2016-11-01","vst_TALL_2016","D08","TALL","TALL_060",,"NEON.PLA.D08.TALL.00427","ok","single bole tree","Live",20.5,130,14.0,,,,,,,,,,,,,"qHOagdXN4gWZ2ImQsYe21kOoNSbv5P6a","2UFG2QdEDMcJxcx0vKz5FjHy9sBCqsDJ","legacyData"
"2e65830f-2f2f-4462-b2f6-6181b2c6f1a3","TALL_060.basePlot.vst","2016-11-01","vst_TALL_2016","D08","TALL","TALL_060",,"NEON.PLA.D08.TALL.00445","ok","single bole tree","Live",34.8,130,15.5,,,,,,,,,,,,,"qHOagdXN4gWZ2ImQsYe21kOoNSbv5P6a","2UFG2QdEDMcJxcx0vKz5FjHy9sBCqsDJ","legacyData"
"70ebae54-9079-4a96-97c8-92f723125006","TALL_060.basePlot.vst","2016-11-01","vst_TALL_2016","D08","TALL","TALL_060",,"NEON.PLA.D08.TALL.00326","ok","sapling","Live",,,1.5,,,,,,,,1.5,10,,,,"qHOagdXN4gWZ2ImQsYe21kOoNSbv5P6a","2UFG2QdEDMcJxcx0vKz5FjHy9sBCqsDJ","legacyData"
"6825a396-4c74-4b32-af01-a51535ca3b9a","TALL_060.basePlot.vst","2016-11-01","vst_TALL_2016","D08","TALL","TALL_060",,"NEON.PLA.D08.TALL.00449","ok","single bole tree","Live",10.0,130,7.3,,,,,,,,,,,,,"qHOagdXN4gWZ2ImQsYe21kOoNSbv5P6a","2UFG2QdEDMcJxcx0vKz5FjHy9sBCqsDJ","legacyData"
"998093cc-9929-4055-aca0-f7cb836f48ba","TALL_060.basePlot.vst","2016-11-01","vst_TALL_2016","D08","TALL","TALL_060",,"NEON.PLA.D08.TALL.00437A","ok","multi-bole tree","Live",22.5,130,11.2,,,,,,,,,,,,,"qHOagdXN4gWZ2ImQsYe21kOoNSbv5P6a","2UFG2QdEDMcJxcx0vKz5FjHy9sBCqsDJ","legacyData"
"6f8a01de-ad09-475f-adf2-e2785c815b09","TALL_060.basePlot.vst","2016-11-01","vst_TALL_2016","D08","TALL","TALL_060",,"NEON.PLA.D08.TALL.00292","ok","small tree","Live",5.5,130,6.4,,,,,,,,,,,,,"qHOagdXN4gWZ2ImQsYe21kOoNSbv5P6a","2UFG2QdEDMcJxcx0vKz5FjHy9sBCqsDJ","legacyData"
"9dcb09e6-3497-4022-a25a-0d9724c9f51e","TALL_060.basePlot.vst","2016-11-01","vst_TALL_2016","D08","TALL","TALL_060",,"NEON.PLA.D08.TALL.00382","ok","small tree","Live",5.3,130,7.5,,,,,,,,,,,,,"qHOagdXN4gWZ2ImQsYe21kOoNSbv5P6a","2UFG2QdEDMcJxcx0vKz5FjHy9sBCqsDJ","legacyData"
"f9888aba-7cc5-4fbb-990a-15572cb8260f","TALL_060.basePlot.vst","2016-11-01","vst_TALL_2016","D08","TALL","TALL_060",,"NEON.PLA.D08.TALL.00353","ok","small tree","Live",8.0,130,8.1,,,,,,,,,,,,,"qHOagdXN4gWZ2ImQsYe21kOoNSbv5P6a","2UFG2QdEDMcJxcx0vKz5FjHy9sBCqsDJ","legacyData"
"9805530e-9d8a-4771-a810-9714455f9792","TALL_060.basePlot.vst","2016-11-01","vst_TALL_2016","D08","TALL","TALL_060",,"NEON.PLA.D08.TALL.00394","ok","small tree","Standing dead",3.3,130,1.0,,,,,,,,,,,,,"qHOagdXN4gWZ2ImQsYe21kOoNSbv5P6a","2UFG2QdEDMcJxcx0vKz5FjHy9sBCqsDJ","legacyData"
"867b7727-c889-4551-8d7e-b05d9b3898b2","TALL_060.basePlot.vst","2016-11-01","vst_TALL_2016","D08","TALL","TALL_060",,"NEON.PLA.D08.TALL.00369","ok","small tree","Live",1.8,10,1.3,,,,,,,,,,,,,"qHOagdXN4gWZ2ImQsYe21kOoNSbv5P6a","2UFG2QdEDMcJxcx0vKz5FjHy9sBCqsDJ","legacyData"
"5f1431a9-dd70-4dc3-87af-0b74e9eda660","TALL_060.basePlot.vst","2016-11-01","vst_TALL_2016","D08","TALL","TALL_060",,"NEON.PLA.D08.TALL.00293","removed","small tree","Downed",,,,,,,,,,,,,,,,"qHOagdXN4gWZ2ImQsYe21kOoNSbv5P6a","2UFG2QdEDMcJxcx0vKz5FjHy9sBCqsDJ","legacyData"
"b1ad4732-ed20-4ae3-a412-cfbec0baf9e3","TALL_060.basePlot.vst","2016-11-01","vst_TALL_2016","D08","TALL","TALL_060",,"NEON.PLA.D08.TALL.00331","ok","single shrub","Standing dead",2.7,130,3.0,,,,,,,"cylinder",3.4,10,,,,"qHOagdXN4gWZ2ImQsYe21kOoNSbv5P6a","2UFG2QdEDMcJxcx0vKz5FjHy9sBCqsDJ","legacyData"
"db889ec0-cdfb-4527-abb7-86d35c1ff531","TALL_060.basePlot.vst","2016-11-01","vst_TALL_2016","D08","TALL","TALL_060",,"NEON.PLA.D08.TALL.11324","ok","single bole tree","Live",11.5,130,7.5,,,,,,,,,,,,,"qHOagdXN4gWZ2ImQsYe21kOoNSbv5P6a","2UFG2QdEDMcJxcx0vKz5FjHy9sBCqsDJ","legacyData"
"47e80125-ff17-438d-886a-6e530654f83d","TALL_060.basePlot.vst","2016-11-01","vst_TALL_2016","D08","TALL","TALL_060",,"NEON.PLA.D08.TALL.01402","ok","liana","Live",6.2,50,,,,,,,,,,,,,"case f","qHOagdXN4gWZ2ImQsYe21kOoNSbv5P6a","2UFG2QdEDMcJxcx0vKz5FjHy9sBCqsDJ","legacyData"
"2dac807f-57d3-4a45-9ed4-d5aa8fa0c0d5","TALL_060.basePlot.vst","2016-11-01","vst_TALL_2016","D08","TALL","TALL_060",,"NEON.PLA.D08.TALL.00396","ok","small tree","Standing dead",4.7,130,6.2,,,,,,,,,,,,,"qHOagdXN4gWZ2ImQsYe21kOoNSbv5P6a","2UFG2QdEDMcJxcx0vKz5FjHy9sBCqsDJ","legacyData"
"52afc2b0-61dc-41a1-b310-dc6dbe3fa27d","TALL_060.basePlot.vst","2016-11-01","vst_TALL_2016","D08","TALL","TALL_060",,"NEON.PLA.D08.TALL.00362","ok","sapling","Live",,,1.4,,,,,,,,1.2,10,,,,"qHOagdXN4gWZ2ImQsYe21kOoNSbv5P6a","2UFG2QdEDMcJxcx0vKz5FjHy9sBCqsDJ","legacyData"
"a1b08ed5-a0e8-4196-8da5-f55b24a0a111","TALL_060.basePlot.vst","2016-11-01","vst_TALL_2016","D08","TALL","TALL_060",,"NEON.PLA.D08.TALL.00381","ok","single shrub","Standing dead",3.4,130,5.3,,,,,,,"cylinder",4.5,10,,,,"qHOagdXN4gWZ2ImQsYe21kOoNSbv5P6a","2UFG2QdEDMcJxcx0vKz5FjHy9sBCqsDJ","legacyData"
"72b2d903-02f5-41b3-9ec1-a69b2162169c","TALL_060.basePlot.vst","2016-11-01","vst_TALL_2016","D08","TALL","TALL_060",,"NEON.PLA.D08.TALL.00400","ok","single shrub","Standing dead",3.1,130,5.2,,,,4.5,3.5,,"inverted cone",3.8,10,0.50,0.20,,"qHOagdXN4gWZ2ImQsYe21kOoNSbv5P6a","2UFG2QdEDMcJxcx0vKz5FjHy9sBCqsDJ","legacyData"
"210303c1-d59c-4cad-9192-f0d201cac52f","TALL_060.basePlot.vst","2016-11-01","vst_TALL_2016","D08","TALL","TALL_060",,"NEON.PLA.D08.TALL.00374","unknown",,"Lost, tag damaged",,,,,,,,,,,,,,,,"qHOagdXN4gWZ2ImQsYe21kOoNSbv5P6a","2UFG2QdEDMcJxcx0vKz5FjHy9sBCqsDJ","legacyData"
"ef8e08d4-9f55-4aba-9be7-180238c00fc5","TALL_060.basePlot.vst","2016-11-01","vst_TALL_2016","D08","TALL","TALL_060",,"NEON.PLA.D08.TALL.00279","ok","sapling","Standing dead",,,1.8,,,,,,,,1.0,10,,,,"qHOagdXN4gWZ2ImQsYe21kOoNSbv5P6a","2UFG2QdEDMcJxcx0vKz5FjHy9sBCqsDJ","legacyData"
"c4657835-bec1-4075-aeb0-493a831bd6dc","TALL_060.basePlot.vst","2016-11-01","vst_TALL_2016","D08","TALL","TALL_060",,"NEON.PLA.D08.TALL.00307","ok","small tree","Standing dead",1.7,130,1.7,,,,,,,,,,,,,"qHOagdXN4gWZ2ImQsYe21kOoNSbv5P6a","2UFG2QdEDMcJxcx0vKz5FjHy9sBCqsDJ","legacyData"
"8407b417-5a2a-472d-9b24-96f91c2a3257","TALL_060.basePlot.vst","2016-11-01","vst_TALL_2016","D08","TALL","TALL_060",,"NEON.PLA.D08.TALL.00366","ok","small tree","Live",8.5,130,8.0,,,,,,,,,,,,,"qHOagdXN4gWZ2ImQsYe21kOoNSbv5P6a","2UFG2QdEDMcJxcx0vKz5FjHy9sBCqsDJ","legacyData"
"b627c200-cdad-4ab3-acbd-1b4cd65ebb04","TALL_060.basePlot.vst","2016-11-01","vst_TALL_2016","D08","TALL","TALL_060",,"NEON.PLA.D08.TALL.00421","ok","single bole tree","Live",11.8,130,10.1,,,,,,,,,,,,,"qHOagdXN4gWZ2ImQsYe21kOoNSbv5P6a","2UFG2QdEDMcJxcx0vKz5FjHy9sBCqsDJ","legacyData"
"2b8a0396-b8ea-40e1-a647-f28c1cb954e7","TALL_060.basePlot.vst","2016-11-01","vst_TALL_2016","D08","TALL","TALL_060",,"NEON.PLA.D08.TALL.11327","ok","sapling","Live",,,1.4,,,,,,,,2.0,10,,,,"qHOagdXN4gWZ2ImQsYe21kOoNSbv5P6a","2UFG2QdEDMcJxcx0vKz5FjHy9sBCqsDJ","legacyData"
"6294a140-52d3-4855-bfd2-76cb54ee3449","TALL_060.basePlot.vst","2016-11-01","vst_TALL_2016","D08","TALL","TALL_060",,"NEON.PLA.D08.TALL.00447A","ok","multi-bole tree","Live",13.0,130,19.0,,,,,,,,,,,,,"qHOagdXN4gWZ2ImQsYe21kOoNSbv5P6a","2UFG2QdEDMcJxcx0vKz5FjHy9sBCqsDJ","legacyData"
"98f09ac5-b8d2-47c3-b00e-3dfe274b9ff8","TALL_060.basePlot.vst","2016-11-01","vst_TALL_2016","D08","TALL","TALL_060",,"NEON.PLA.D08.TALL.00397","ok","liana","Live",2.4,130,,,,,,,,,,,,,"CASE M","qHOagdXN4gWZ2ImQsYe21kOoNSbv5P6a","2UFG2QdEDMcJxcx0vKz5FjHy9sBCqsDJ","legacyData"
"7b122b9f-c351-4581-afd0-cf02e6184b16","TALL_060.basePlot.vst","2016-11-01","vst_TALL_2016","D08","TALL","TALL_060",,"NEON.PLA.D08.TALL.11325","ok","single bole tree","Live",11.0,130,6.6,,,,,,,,,,,,,"qHOagdXN4gWZ2ImQsYe21kOoNSbv5P6a","2UFG2QdEDMcJxcx0vKz5FjHy9sBCqsDJ","legacyData"
"32b0da4c-0f03-445d-a2aa-b9521ed127b3","TALL_060.basePlot.vst","2016-11-01","vst_TALL_2016","D08","TALL","TALL_060",,"NEON.PLA.D08.TALL.00373","ok","sapling","Live",,,0.9,,,,,,,,1.1,10,,,,"qHOagdXN4gWZ2ImQsYe21kOoNSbv5P6a","2UFG2QdEDMcJxcx0vKz5FjHy9sBCqsDJ","legacyData"
"9aba57bd-c747-4ad5-b07d-933bf856e496","TALL_060.basePlot.vst","2016-11-01","vst_TALL_2016","D08","TALL","TALL_060",,"NEON.PLA.D08.TALL.00292","ok","small tree","Live",3.8,130,6.4,,,,,,,,,,,,,"qHOagdXN4gWZ2ImQsYe21kOoNSbv5P6a","2UFG2QdEDMcJxcx0vKz5FjHy9sBCqsDJ","legacyData"
"d08b6a4e-c98b-4f01-bfec-8e20e98fac71","TALL_060.basePlot.vst","2016-11-01","vst_TALL_2016","D08","TALL","TALL_060",,"NEON.PLA.D08.TALL.00316","ok","single shrub","Standing dead",2.9,130,2.2,,,,3.1,1.9,,"inverted cone",5.0,10,0.40,0.10,,"qHOagdXN4gWZ2ImQsYe21kOoNSbv5P6a","2UFG2QdEDMcJxcx0vKz5FjHy9sBCqsDJ","legacyData"
"b9bbbafb-38bd-4fc1-a445-6720f96f9a0e","TALL_060.basePlot.vst","2016-11-01","vst_TALL_2016","D08","TALL","TALL_060",,"NEON.PLA.D08.TALL.00360","ok","small tree","Live",5.3,130,4.9,,,,,,,,,,,,,"qHOagdXN4gWZ2ImQsYe21kOoNSbv5P6a","2UFG2QdEDMcJxcx0vKz5FjHy9sBCqsDJ","legacyData"
"e628e72f-ba03-4bdf-949d-085fa5f06646","TALL_060.basePlot.vst","2016-11-01","vst_TALL_2016","D08","TALL","TALL_060",,"NEON.PLA.D08.TALL.00395","removed","small tree","Downed",,,,,,,,,,,,,,,,"qHOagdXN4gWZ2ImQsYe21kOoNSbv5P6a","2UFG2QdEDMcJxcx0vKz5FjHy9sBCqsDJ","legacyData"
"434a24c8-6dfe-4ee6-83e6-c377a46f5365","TALL_060.basePlot.vst","2016-11-01","vst_TALL_2016","D08","TALL","TALL_060",,"NEON.PLA.D08.TALL.00281","ok","sapling","Standing dead",,,1.9,,,,,,,,1.0,10,,,,"qHOagdXN4gWZ2ImQsYe21kOoNSbv5P6a","2UFG2QdEDMcJxcx0vKz5FjHy9sBCqsDJ","legacyData"
"8835d2df-e5ab-4be9-a9a6-817895aa4406","TALL_060.basePlot.vst","2016-11-01","vst_TALL_2016","D08","TALL","TALL_060",,"NEON.PLA.D08.TALL.00370","ok","small tree","Live",4.9,130,7.9,,,,,,,,,,,,,"qHOagdXN4gWZ2ImQsYe21kOoNSbv5P6a","2UFG2QdEDMcJxcx0vKz5FjHy9sBCqsDJ","legacyData"
"2c0fffb9-3788-47d8-98ad-0862b96475d8","TALL_060.basePlot.vst","2016-11-01","vst_TALL_2016","D08","TALL","TALL_060",,"NEON.PLA.D08.TALL.00447","ok","multi-bole tree","Live",26.9,130,19.0,,,,,,,,,,,,,"qHOagdXN4gWZ2ImQsYe21kOoNSbv5P6a","2UFG2QdEDMcJxcx0vKz5FjHy9sBCqsDJ","legacyData"
"5efd4466-1ea9-469e-a87d-b2cbfc6af5f5","TALL_060.basePlot.vst","2016-11-01","vst_TALL_2016","D08","TALL","TALL_060",,"NEON.PLA.D08.TALL.00357","ok","sapling","Live",,,4.7,,,,,,,,1.0,10,,,,"qHOagdXN4gWZ2ImQsYe21kOoNSbv5P6a","2UFG2QdEDMcJxcx0vKz5FjHy9sBCqsDJ","legacyData"
"bee76300-ba92-4ca5-a246-7c81396cd457","TALL_060.basePlot.vst","2016-11-01","vst_TALL_2016","D08","TALL","TALL_060",,"NEON.PLA.D08.TALL.00406","ok","single bole tree","Live",44.6,130,20.4,,,,,,,,,,,,,"qHOagdXN4gWZ2ImQsYe21kOoNSbv5P6a","2UFG2QdEDMcJxcx0vKz5FjHy9sBCqsDJ","legacyData"
"d4daab70-657f-4d00-a723-2f3e7674803b","TALL_060.basePlot.vst","2016-11-01","vst_TALL_2016","D08","TALL","TALL_060",,"NEON.PLA.D08.TALL.00448","ok","single bole tree","Live",16.4,130,17.0,,,,,,,,,,,,,"qHOagdXN4gWZ2ImQsYe21kOoNSbv5P6a","2UFG2QdEDMcJxcx0vKz5FjHy9sBCqsDJ","legacyData"
"a2c26943-c56c-4044-9d07-55126291bca5","TALL_060.basePlot.vst","2016-11-01","vst_TALL_2016","D08","TALL","TALL_060",,"NEON.PLA.D08.TALL.01391","ok","liana","Live",4.3,50,,,,,,,,,,,,,"case f","qHOagdXN4gWZ2ImQsYe21kOoNSbv5P6a","2UFG2QdEDMcJxcx0vKz5FjHy9sBCqsDJ","legacyData"
"74fee79f-33e0-4ad0-af2c-1d2958fb061b","TALL_060.basePlot.vst","2016-11-01","vst_TALL_2016","D08","TALL","TALL_060",,"NEON.PLA.D08.TALL.00405","ok","small tree","Live",8.0,130,7.6,,,,,,,,,,,,,"qHOagdXN4gWZ2ImQsYe21kOoNSbv5P6a","2UFG2QdEDMcJxcx0vKz5FjHy9sBCqsDJ","legacyData"
"c95372b3-d8b0-4968-a44a-d94c70085298","TALL_060.basePlot.vst","2016-11-01","vst_TALL_2016","D08","TALL","TALL_060",,"NEON.PLA.D08.TALL.00379","ok","small tree","Live",5.7,130,2.3,,,,,,,,,,,,,"qHOagdXN4gWZ2ImQsYe21kOoNSbv5P6a","2UFG2QdEDMcJxcx0vKz5FjHy9sBCqsDJ","legacyData"
"bcff1af5-df50-4ff3-8b5b-cdbbdafa264e","TALL_060.basePlot.vst","2016-11-01","vst_TALL_2016","D08","TALL","TALL_060",,"NEON.PLA.D08.TALL.00414","ok","single bole tree","Live",11.0,130,10.5,,,,,,,,,,,,,"qHOagdXN4gWZ2ImQsYe21kOoNSbv5P6a","2UFG2QdEDMcJxcx0vKz5FjHy9sBCqsDJ","legacyData"
"0d392585-b264-4e65-ad95-d75cfef627c0","TALL_060.basePlot.vst","2016-11-01","vst_TALL_2016","D08","TALL","TALL_060",,"NEON.PLA.D08.TALL.00444","ok","single bole tree","Live",10.0,130,5.7,,,,,,,,,,,,,"qHOagdXN4gWZ2ImQsYe21kOoNSbv5P6a","2UFG2QdEDMcJxcx0vKz5FjHy9sBCqsDJ","legacyData"
"09d7febe-5e7d-4ba8-a851-eece9618597c","TALL_060.basePlot.vst","2016-11-01","vst_TALL_2016","D08","TALL","TALL_060",,"NEON.PLA.D08.TALL.00353","ok","small tree","Live",9.6,130,8.1,,,,,,,,,,,,,"qHOagdXN4gWZ2ImQsYe21kOoNSbv5P6a","2UFG2QdEDMcJxcx0vKz5FjHy9sBCqsDJ","legacyData"
"b6f44cad-39f7-4a95-875e-714cf47c7dbf","TALL_060.basePlot.vst","2016-11-01","vst_TALL_2016","D08","TALL","TALL_060",,"NEON.PLA.D08.TALL.00295","ok","small tree","Live",8.5,130,10.0,,,,,,,,,,,,,"qHOagdXN4gWZ2ImQsYe21kOoNSbv5P6a","2UFG2QdEDMcJxcx0vKz5FjHy9sBCqsDJ","legacyData"
"9bf21a69-f0e6-4d13-b924-2af2213ab009","TALL_060.basePlot.vst","2016-11-01","vst_TALL_2016","D08","TALL","TALL_060",,"NEON.PLA.D08.TALL.00384","ok","small tree","Live",5.5,130,6.6,,,,,,,,,,,,,"qHOagdXN4gWZ2ImQsYe21kOoNSbv5P6a","2UFG2QdEDMcJxcx0vKz5FjHy9sBCqsDJ","legacyData"
"2da34e74-eb0f-47d1-aa22-289ce4d12a11","TALL_060.basePlot.vst","2016-11-01","vst_TALL_2016","D08","TALL","TALL_060",,"NEON.PLA.D08.TALL.00365","ok","single shrub","Standing dead",5.2,130,2.3,,,,,,,"cylinder",5.1,10,,,,"qHOagdXN4gWZ2ImQsYe21kOoNSbv5P6a","2UFG2QdEDMcJxcx0vKz5FjHy9sBCqsDJ","legacyData"
"d5fb0583-f494-4299-9c99-4e73a1852230","TALL_060.basePlot.vst","2016-11-01","vst_TALL_2016","D08","TALL","TALL_060",,"NEON.PLA.D08.TALL.00319","ok","small tree","Live",5.6,130,6.3,,,,,,,,,,,,,"qHOagdXN4gWZ2ImQsYe21kOoNSbv5P6a","2UFG2QdEDMcJxcx0vKz5FjHy9sBCqsDJ","legacyData"
"a72c92f3-77df-41ac-974a-c5eb94f34a23","TALL_060.basePlot.vst","2016-11-01","vst_TALL_2016","D08","TALL","TALL_060",,"NEON.PLA.D08.TALL.00315","ok","small tree","Live",3.6,130,2.6,,,,,,,,,,,,,"qHOagdXN4gWZ2ImQsYe21kOoNSbv5P6a","2UFG2QdEDMcJxcx0vKz5FjHy9sBCqsDJ","legacyData"
"80815d82-310d-49e3-9ec0-f9597cd21ae7","TALL_060.basePlot.vst","2016-11-01","vst_TALL_2016","D08","TALL","TALL_060",,"NEON.PLA.D08.TALL.00451","ok","single bole tree","Live",12.3,130,10.3,,,,,,,,,,,,,"qHOagdXN4gWZ2ImQsYe21kOoNSbv5P6a","2UFG2QdEDMcJxcx0vKz5FjHy9sBCqsDJ","legacyData"
"0f531f85-8e18-4fee-aab0-7813ad61831e","TALL_060.basePlot.vst","2016-11-01","vst_TALL_2016","D08","TALL","TALL_060",,"NEON.PLA.D08.TALL.00375","ok","small tree","Live",5.2,130,3.4,,,,,,,,,,,,,"qHOagdXN4gWZ2ImQsYe21kOoNSbv5P6a","2UFG2QdEDMcJxcx0vKz5FjHy9sBCqsDJ","legacyData"
"db448851-cfcf-450f-b54b-d3b5f4c32f40","TALL_060.basePlot.vst","2016-11-01","vst_TALL_2016","D08","TALL","TALL_060",,"NEON.PLA.D08.TALL.01408","ok","liana","Live",2.3,130,,,,,,,,,,,,,"case a","qHOagdXN4gWZ2ImQsYe21kOoNSbv5P6a","2UFG2QdEDMcJxcx0vKz5FjHy9sBCqsDJ","legacyData"
"ceb0a22c-1ba9-4d02-bab3-76978df77f03","TALL_060.basePlot.vst","2016-11-01","vst_TALL_2016","D08","TALL","TALL_060",,"NEON.PLA.D08.TALL.00433","ok","single bole tree","Live",24.9,130,12.5,,,,,,,,,,,,,"qHOagdXN4gWZ2ImQsYe21kOoNSbv5P6a","2UFG2QdEDMcJxcx0vKz5FjHy9sBCqsDJ","legacyData"
"f24d5395-19af-44ee-8d5f-2e99ca59acd7","TALL_060.basePlot.vst","2016-11-01","vst_TALL_2016","D08","TALL","TALL_060",,"NEON.PLA.D08.TALL.00438A","ok","multi-bole tree","Live",8.5,130,10.7,,,,,,,,,,,,,"qHOagdXN4gWZ2ImQsYe21kOoNSbv5P6a","2UFG2QdEDMcJxcx0vKz5FjHy9sBCqsDJ","legacyData"
"0e06b6a6-12fe-403d-91b9-95ee88171304","TALL_060.basePlot.vst","2016-11-01","vst_TALL_2016","D08","TALL","TALL_060",,"NEON.PLA.D08.TALL.00294","ok","small tree","Live",8.8,130,9.4,,,,,,,,,,,,,"qHOagdXN4gWZ2ImQsYe21kOoNSbv5P6a","2UFG2QdEDMcJxcx0vKz5FjHy9sBCqsDJ","legacyData"
"b7df47e9-ae02-4eb7-9d3b-ea73ac6b1e6a","TALL_060.basePlot.vst","2016-11-01","vst_TALL_2016","D08","TALL","TALL_060",,"NEON.PLA.D08.TALL.00385","removed","single shrub","Downed",,,,,,,,,,,,,,,,"qHOagdXN4gWZ2ImQsYe21kOoNSbv5P6a","2UFG2QdEDMcJxcx0vKz5FjHy9sBCqsDJ","legacyData"
"5e60224c-d6c4-4fe5-a9f3-c9ddee59a550","TALL_060.basePlot.vst","2016-11-01","vst_TALL_2016","D08","TALL","TALL_060",,"NEON.PLA.D08.TALL.00425","ok","single bole tree","Live",14.3,130,9.7,,,,,,,,,,,,,"qHOagdXN4gWZ2ImQsYe21kOoNSbv5P6a","2UFG2QdEDMcJxcx0vKz5FjHy9sBCqsDJ","legacyData"
"96592fa8-8aac-4d6f-b258-fecaf47171d8","TALL_060.basePlot.vst","2016-11-01","vst_TALL_2016","D08","TALL","TALL_060",,"NEON.PLA.D08.TALL.00400","ok","single shrub","Live",6.0,130,5.2,,,,4.5,3.5,,"inverted cone",7.5,10,0.50,0.20,,"qHOagdXN4gWZ2ImQsYe21kOoNSbv5P6a","2UFG2QdEDMcJxcx0vKz5FjHy9sBCqsDJ","legacyData"
"d9b416f8-adae-4af6-a79c-c60d3179c9de","TALL_060.basePlot.vst","2016-11-01","vst_TALL_2016","D08","TALL","TALL_060",,"NEON.PLA.D08.TALL.00329","ok","small tree","Live",1.7,130,2.9,,,,,,,,,,,,,"qHOagdXN4gWZ2ImQsYe21kOoNSbv5P6a","2UFG2QdEDMcJxcx0vKz5FjHy9sBCqsDJ","legacyData"
"e851ef0c-5693-4929-912e-52d8b779b411","TALL_060.basePlot.vst","2016-11-01","vst_TALL_2016","D08","TALL","TALL_060",,"NEON.PLA.D08.TALL.00442","ok","single bole tree","Live",13.0,130,11.3,,,,,,,,,,,,,"qHOagdXN4gWZ2ImQsYe21kOoNSbv5P6a","2UFG2QdEDMcJxcx0vKz5FjHy9sBCqsDJ","legacyData"
"a7eaf067-1651-45a9-873e-8650d7f1ba90","TALL_060.basePlot.vst","2016-11-01","vst_TALL_2016","D08","TALL","TALL_060",,"NEON.PLA.D08.TALL.00409","ok","single bole tree","Live",10.0,130,8.7,,,,,,,,,,,,,"qHOagdXN4gWZ2ImQsYe21kOoNSbv5P6a","2UFG2QdEDMcJxcx0vKz5FjHy9sBCqsDJ","legacyData"
"c3f8ba88-e10e-49cb-b3f3-10aae6625c6f","TALL_060.basePlot.vst","2016-11-01","vst_TALL_2016","D08","TALL","TALL_060",,"NEON.PLA.D08.TALL.00440","ok","single bole tree","Live",22.7,130,15.0,,,,,,,,,,,,,"qHOagdXN4gWZ2ImQsYe21kOoNSbv5P6a","2UFG2QdEDMcJxcx0vKz5FjHy9sBCqsDJ","legacyData"
"4798e80e-bf0c-4433-aaab-5c8ada3b5c5b","TALL_060.basePlot.vst","2016-11-01","vst_TALL_2016","D08","TALL","TALL_060",,"NEON.PLA.D08.TALL.00289","ok","sapling","Live",,,1.3,,,,,,,,1.0,10,,,,"qHOagdXN4gWZ2ImQsYe21kOoNSbv5P6a","2UFG2QdEDMcJxcx0vKz5FjHy9sBCqsDJ","legacyData"
"9f375b60-5fbf-43c0-850a-46035cba8010","TALL_060.basePlot.vst","2016-11-01","vst_TALL_2016","D08","TALL","TALL_060",,"NEON.PLA.D08.TALL.00434","ok","single bole tree","Live",25.1,130,16.6,,,,,,,,,,,,,"qHOagdXN4gWZ2ImQsYe21kOoNSbv5P6a","2UFG2QdEDMcJxcx0vKz5FjHy9sBCqsDJ","legacyData"
"8bf8d7c6-2ac2-4813-a0ab-0a893fc2b8f2","TALL_060.basePlot.vst","2016-11-01","vst_TALL_2016","D08","TALL","TALL_060",,"NEON.PLA.D08.TALL.00358","ok","small tree","Live",4.2,130,5.4,,,,,,,,,,,,,"qHOagdXN4gWZ2ImQsYe21kOoNSbv5P6a","2UFG2QdEDMcJxcx0vKz5FjHy9sBCqsDJ","legacyData"
"5e7ca2c8-a945-4494-bcc6-a3e8ad269e1b","TALL_060.basePlot.vst","2016-11-01","vst_TALL_2016","D08","TALL","TALL_060",,"NEON.PLA.D08.TALL.01394","removed","sapling","Downed",,,,,,,,,,,,,,,,"qHOagdXN4gWZ2ImQsYe21kOoNSbv5P6a","2UFG2QdEDMcJxcx0vKz5FjHy9sBCqsDJ","legacyData"
"de180634-241b-4f78-acaa-f2d016f1e8e9","TALL_060.basePlot.vst","2016-11-01","vst_TALL_2016","D08","TALL","TALL_060",,"NEON.PLA.D08.TALL.00316","ok","single shrub","Live",3.3,130,2.2,,,,3.1,1.9,,"inverted cone",4.2,10,0.40,0.10,,"qHOagdXN4gWZ2ImQsYe21kOoNSbv5P6a","2UFG2QdEDMcJxcx0vKz5FjHy9sBCqsDJ","legacyData"
"1d17acde-1fe4-41bb-906c-27024d03e752","TALL_060.basePlot.vst","2016-11-01","vst_TALL_2016","D08","TALL","TALL_060",,"NEON.PLA.D08.TALL.00392","ok","small tree","Live",6.8,130,7.3,,,,,,,,,,,,,"qHOagdXN4gWZ2ImQsYe21kOoNSbv5P6a","2UFG2QdEDMcJxcx0vKz5FjHy9sBCqsDJ","legacyData"
"667c1409-5649-4e35-9458-500d05219f8e","TALL_060.basePlot.vst","2016-11-01","vst_TALL_2016","D08","TALL","TALL_060",,"NEON.PLA.D08.TALL.00443","ok","single bole tree","Live",12.5,130,6.0,,,,,,,,,,,,,"qHOagdXN4gWZ2ImQsYe21kOoNSbv5P6a","2UFG2QdEDMcJxcx0vKz5FjHy9sBCqsDJ","legacyData"
"9826239a-a025-432a-8ebe-da315ef4320f","TALL_060.basePlot.vst","2016-11-01","vst_TALL_2016","D08","TALL","TALL_060",,"NEON.PLA.D08.TALL.00415","ok","single bole tree","Live",29.9,130,17.0,,,,,,,,,,,,,"qHOagdXN4gWZ2ImQsYe21kOoNSbv5P6a","2UFG2QdEDMcJxcx0vKz5FjHy9sBCqsDJ","legacyData"
