uid,namedLocation,plotID,collectDate,identifiedDate,sampleID,subsampleID,scientificName,acceptedTaxonID,taxonRank,family,subfamily,tribe,subtribe,genus,subgenus,specificEpithet,infraspecificEpithet,identificationQualifier,identificationReferences,identificationProtocolVersion,scientificNameAuthorship,sexOrAge,individualCount,sampleCondition,archiveMedium,archiveFacilityID,deprecatedVialID,identifiedBy,laboratoryName,remarks
"808ec5f1-4262-49d7-971d-e52729ab4c1d","TREE_019.tickPlot.tck","TREE_019","2016-06-08T14:25Z","2017-06-29T16:00Z","TREE_019.20160608","TREE_019.20160608.IXOSP.L","Ixodidae sp.","IXOSP","family","Ixodidae",,,,,,"sp.",,,,"GSU_tickIdentification_SOP_2016-11-01.pdf",,"Larva",1,"OK","RNA stabilization buffer","USNMENT00984864","TREE_019.20160608.L","Guy Hobbs","Georgia Southern University",
"6adf77bb-1ef5-4992-ad39-06fea065e0a7","TREE_019.tickPlot.tck","TREE_019","2016-06-08T14:25Z","2017-06-28T16:00Z","TREE_019.20160608","TREE_019.20160608.IXOSCA.N","Ixodes scapularis","IXOSCA","species","Ixodidae",,,,"Ixodes",,"scapularis",,,"Cooley, R. A. and G. M. Kohls. 1945. The genus Ixodes in North America. National Institute of Health Bulletin, 184.","GSU_tickIdentification_SOP_2016-11-01.pdf","Say","Nymph",22,"OK","RNA stabilization buffer","USNMENT00984811","TREE_019.20160608.IXOSCA.N","Lorenza Beati","Georgia Southern University",
"fcbe4b02-73d8-495a-9118-6b3d7332c610","TREE_019.tickPlot.tck","TREE_019","2016-06-08T14:25Z","2017-06-28T16:00Z","TREE_019.20160608","TREE_019.20160608.DERVAR.M","Dermacentor variabilis","DERVAR","species","Ixodidae",,,,"Dermacentor",,"variabilis",,,"Yunker, C. E., Keirans, J. E., Clifford, C. M., and E. R. Easton. 1986. Dermacentor ticks (Acari: Ixodoidea: Ixodidae) of the New World: a scanning electron microscope atlas. Proceedings of the Entomological Society of Washington, 88(4):609-627.","GSU_tickIdentification_SOP_2016-11-01.pdf","Say","Male",2,"OK","RNA stabilization buffer","USNMENT00984809","TREE_019.20160608.DERVAR.M","Lorenza Beati","Georgia Southern University",
"06229ca9-fc59-4165-b7e2-58be77458778","TREE_019.tickPlot.tck","TREE_019","2016-06-08T14:25Z","2017-06-28T16:00Z","TREE_019.20160608","TREE_019.20160608.DERVAR.F","Dermacentor variabilis","DERVAR","species","Ixodidae",,,,"Dermacentor",,"variabilis",,,"Yunker, C. E., Keirans, J. E., Clifford, C. M., and E. R. Easton. 1986. Dermacentor ticks (Acari: Ixodoidea: Ixodidae) of the New World: a scanning electron microscope atlas. Proceedings of the Entomological Society of Washington, 88(4):609-627.","GSU_tickIdentification_SOP_2016-11-01.pdf","Say","Female",3,"OK","RNA stabilization buffer","USNMENT00984810","TREE_019.20160608.DERVAR.F","Lorenza Beati","Georgia Southern University",
"1bd46ed1-b3c6-4efd-909b-5140d28e079e","TREE_017.tickPlot.tck","TREE_017","2016-06-08T16:15Z","2017-06-28T16:00Z","TREE_017.20160608","TREE_017.20160608.DERVAR.F","Dermacentor variabilis","DERVAR","species","Ixodidae",,,,"Dermacentor",,"variabilis",,,"Yunker, C. E., Keirans, J. E., Clifford, C. M., and E. R. Easton. 1986. Dermacentor ticks (Acari: Ixodoidea: Ixodidae) of the New World: a scanning electron microscope atlas. Proceedings of the Entomological Society of Washington, 88(4):609-627.","GSU_tickIdentification_SOP_2016-11-01.pdf","Say","Female",1,"OK","RNA stabilization buffer","USNMENT00984817","TREE_017.20160608.DERVAR.F","Lorenza Beati","Georgia Southern University",
"cfdd1337-20ed-422d-a650-885f115f9bb8","TREE_017.tickPlot.tck","TREE_017","2016-06-08T16:15Z","2017-06-28T16:00Z","TREE_017.20160608","TREE_017.20160608.IXOSCA.M","Ixodes scapularis","IXOSCA","species","Ixodidae",,,,"Ixodes",,"scapularis",,,"Cooley, R. A. and G. M. Kohls. 1945. The genus Ixodes in North America. National Institute of Health Bulletin, 184.","GSU_tickIdentification_SOP_2016-11-01.pdf","Say","Male",1,"OK","RNA stabilization buffer","USNMENT00864603","TREE_017.20160608.IXOSCA.M","Lorenza Beati","Georgia Southern University",
"c0bf5ab1-4e95-46a6-a18b-d57e9cc8b958","TREE_017.tickPlot.tck","TREE_017","2016-06-08T16:15Z","2017-06-28T16:00Z","TREE_017.20160608","TREE_017.20160608.IXOSCA.N","Ixodes scapularis","IXOSCA","species","Ixodidae",,,,"Ixodes",,"scapularis",,,"Cooley, R. A. and G. M. Kohls. 1945. The genus Ixodes in North America. National Institute of Health Bulletin, 184.","GSU_tickIdentification_SOP_2016-11-01.pdf","Say","Nymph",9,"OK","RNA stabilization buffer","USNMENT00984815","TREE_017.20160608.IXOSCA.N","Lorenza Beati","Georgia Southern University",
"fa3c91c3-6f2e-47f0-adfb-6e7488d3e4d5","TREE_017.tickPlot.tck","TREE_017","2016-06-08T16:15Z","2017-06-28T16:00Z","TREE_017.20160608","TREE_017.20160608.DERVAR.M","Dermacentor variabilis","DERVAR","species","Ixodidae",,,,"Dermacentor",,"variabilis",,,"Yunker, C. E., Keirans, J. E., Clifford, C. M., and E. R. Easton. 1986. Dermacentor ticks (Acari: Ixodoidea: Ixodidae) of the New World: a scanning electron microscope atlas. Proceedings of the Entomological Society of Washington, 88(4):609-627.","GSU_tickIdentification_SOP_2016-11-01.pdf","Say","Male",1,"OK","RNA stabilization buffer","USNMENT00984816","TREE_017.20160608.DERVAR.M","Lorenza Beati","Georgia Southern University",
"2c6c1c43-6d3f-4adc-9803-ca25b4d5c4cf","TREE_017.tickPlot.tck","TREE_017","2016-06-08T16:15Z","2017-06-28T16:00Z","TREE_017.20160608","TREE_017.20160608.IXOSCA.F","Ixodes scapularis","IXOSCA","species","Ixodidae",,,,"Ixodes",,"scapularis",,,"Cooley, R. A. and G. M. Kohls. 1945. The genus Ixodes in North America. National Institute of Health Bulletin, 184.","GSU_tickIdentification_SOP_2016-11-01.pdf","Say","Female",1,"OK","RNA stabilization buffer","USNMENT00864628","TREE_017.20160608.IXOSCA.F","Lorenza Beati","Georgia Southern University",
"a83dc50e-b243-44dd-8797-ac7f40f4978f","TREE_007.tickPlot.tck","TREE_007","2016-06-08T17:45Z","2017-06-28T16:00Z","TREE_007.20160608","TREE_007.20160608.IXOSCA.N","Ixodes scapularis","IXOSCA","species","Ixodidae",,,,"Ixodes",,"scapularis",,,"Cooley, R. A. and G. M. Kohls. 1945. The genus Ixodes in North America. National Institute of Health Bulletin, 184.","GSU_tickIdentification_SOP_2016-11-01.pdf","Say","Nymph",14,"OK","RNA stabilization buffer","USNMENT00984814","TREE_007.20160608.IXOSCA.N","Lorenza Beati","Georgia Southern University",
"2abc26c5-2698-4b68-9ede-55bd7bec8964","TREE_007.tickPlot.tck","TREE_007","2016-06-08T17:45Z","2017-06-28T16:00Z","TREE_007.20160608","TREE_007.20160608.IXOSCA.M","Ixodes scapularis","IXOSCA","species","Ixodidae",,,,"Ixodes",,"scapularis",,,"Cooley, R. A. and G. M. Kohls. 1945. The genus Ixodes in North America. National Institute of Health Bulletin, 184.","GSU_tickIdentification_SOP_2016-11-01.pdf","Say","Male",1,"OK","RNA stabilization buffer","USNMENT00864601","TREE_007.20160608.IXOSCA.M","Lorenza Beati","Georgia Southern University",
"f0f2cef2-30ec-4513-bb4d-3508e63de823","TREE_007.tickPlot.tck","TREE_007","2016-06-08T17:45Z","2017-06-28T16:00Z","TREE_007.20160608","TREE_007.20160608.DERVAR.M","Dermacentor variabilis","DERVAR","species","Ixodidae",,,,"Dermacentor",,"variabilis",,,"Yunker, C. E., Keirans, J. E., Clifford, C. M., and E. R. Easton. 1986. Dermacentor ticks (Acari: Ixodoidea: Ixodidae) of the New World: a scanning electron microscope atlas. Proceedings of the Entomological Society of Washington, 88(4):609-627.","GSU_tickIdentification_SOP_2016-11-01.pdf","Say","Male",1,"OK","RNA stabilization buffer","USNMENT00984812","TREE_007.20160608.DERVAR.M","Lorenza Beati","Georgia Southern University",
"1a682afb-ef66-43f7-97e4-cf0b6aaf3f77","TREE_007.tickPlot.tck","TREE_007","2016-06-08T17:45Z","2017-06-28T16:00Z","TREE_007.20160608","TREE_007.20160608.IXOSCA.F","Ixodes scapularis","IXOSCA","species","Ixodidae",,,,"Ixodes",,"scapularis",,,"Cooley, R. A. and G. M. Kohls. 1945. The genus Ixodes in North America. National Institute of Health Bulletin, 184.","GSU_tickIdentification_SOP_2016-11-01.pdf","Say","Female",1,"OK","RNA stabilization buffer","USNMENT00984813","TREE_007.20160608.IXOSCA.F","Lorenza Beati","Georgia Southern University",
"07c754eb-ce99-4997-9459-7b2e25837e7b","TREE_007.tickPlot.tck","TREE_007","2016-06-08T17:45Z","2017-06-29T16:00Z","TREE_007.20160608","TREE_007.20160608.IXOSP.L","Ixodidae sp.","IXOSP","family","Ixodidae",,,,,,"sp.",,,,"GSU_tickIdentification_SOP_2016-11-01.pdf",,"Larva",1,"OK","RNA stabilization buffer","USNMENT00984863","TREE_007.20160608.L","Guy Hobbs","Georgia Southern University",
"28761429-76e9-4400-a4f5-632b72afbf39","TREE_022.tickPlot.tck","TREE_022","2016-06-08T19:06Z","2017-06-28T16:00Z","TREE_022.20160608","TREE_022.20160608.IXOSCA.N","Ixodes scapularis","IXOSCA","species","Ixodidae",,,,"Ixodes",,"scapularis",,,"Cooley, R. A. and G. M. Kohls. 1945. The genus Ixodes in North America. National Institute of Health Bulletin, 184.","GSU_tickIdentification_SOP_2016-11-01.pdf","Say","Nymph",5,"OK","RNA stabilization buffer","USNMENT00984803","TREE_022.20160608.IXOSCA.N","Lorenza Beati","Georgia Southern University",
"4412d837-5965-4052-9cf0-1df726de8683","TREE_022.tickPlot.tck","TREE_022","2016-06-08T19:06Z","2017-06-29T16:00Z","TREE_022.20160608","TREE_022.20160608.IXOSP.L","Ixodidae sp.","IXOSP","family","Ixodidae",,,,,,"sp.",,,,"GSU_tickIdentification_SOP_2016-11-01.pdf",,"Larva",1,"OK","RNA stabilization buffer","USNMENT00984855","TREE_022.20160608.L","Guy Hobbs","Georgia Southern University",
"ae59b57f-68fd-4358-8177-33cf554ca10c","TREE_015.tickPlot.tck","TREE_015","2016-06-08T20:13Z","2017-06-28T16:00Z","TREE_015.20160608","TREE_015.20160608.IXOSCA.N","Ixodes scapularis","IXOSCA","species","Ixodidae",,,,"Ixodes",,"scapularis",,,"Cooley, R. A. and G. M. Kohls. 1945. The genus Ixodes in North America. National Institute of Health Bulletin, 184.","GSU_tickIdentification_SOP_2016-11-01.pdf","Say","Nymph",5,"OK","RNA stabilization buffer","USNMENT00984808","TREE_015.20160608.IXOSCA.N","Lorenza Beati","Georgia Southern University",
"cbed07b3-39fe-4a5f-9e3a-293cd1f51ae9","TREE_015.tickPlot.tck","TREE_015","2016-06-08T20:13Z","2017-06-28T16:00Z","TREE_015.20160608","TREE_015.20160608.DERVAR.F","Dermacentor variabilis","DERVAR","species","Ixodidae",,,,"Dermacentor",,"variabilis",,,"Yunker, C. E., Keirans, J. E., Clifford, C. M., and E. R. Easton. 1986. Dermacentor ticks (Acari: Ixodoidea: Ixodidae) of the New World: a scanning electron microscope atlas. Proceedings of the Entomological Society of Washington, 88(4):609-627.","GSU_tickIdentification_SOP_2016-11-01.pdf","Say","Female",3,"OK","RNA stabilization buffer","USNMENT00984807","TREE_015.20160608.DERVAR.F","Lorenza Beati","Georgia Southern University",
"7dd265b7-f764-47ca-8fce-3929a8e6dca1","TREE_015.tickPlot.tck","TREE_015","2016-06-08T20:13Z","2017-06-29T16:00Z","TREE_015.20160608","TREE_015.20160608.IXOSP.L","Ixodidae sp.","IXOSP","family","Ixodidae",,,,,,"sp.",,,,"GSU_tickIdentification_SOP_2016-11-01.pdf",,"Larva",1,"OK","RNA stabilization buffer","USNMENT00984862","TREE_015.20160608.L","Guy Hobbs","Georgia Southern University",
"4d663746-3f47-4329-bcec-f9fd02019aef","TREE_015.tickPlot.tck","TREE_015","2016-06-08T20:13Z","2017-06-28T16:00Z","TREE_015.20160608","TREE_015.20160608.DERVAR.M","Dermacentor variabilis","DERVAR","species","Ixodidae",,,,"Dermacentor",,"variabilis",,,"Yunker, C. E., Keirans, J. E., Clifford, C. M., and E. R. Easton. 1986. Dermacentor ticks (Acari: Ixodoidea: Ixodidae) of the New World: a scanning electron microscope atlas. Proceedings of the Entomological Society of Washington, 88(4):609-627.","GSU_tickIdentification_SOP_2016-11-01.pdf","Say","Male",1,"OK","RNA stabilization buffer","USNMENT00984806","TREE_015.20160608.DERVAR.M","Lorenza Beati","Georgia Southern University",
"acd4a442-ffbb-4193-ad19-0395721c2416","TREE_005.tickPlot.tck","TREE_005","2016-06-08T21:24Z","2017-06-28T16:00Z","TREE_005.20160608","TREE_005.20160608.DERVAR.M","Dermacentor variabilis","DERVAR","species","Ixodidae",,,,"Dermacentor",,"variabilis",,,"Yunker, C. E., Keirans, J. E., Clifford, C. M., and E. R. Easton. 1986. Dermacentor ticks (Acari: Ixodoidea: Ixodidae) of the New World: a scanning electron microscope atlas. Proceedings of the Entomological Society of Washington, 88(4):609-627.","GSU_tickIdentification_SOP_2016-11-01.pdf","Say","Male",2,"OK","RNA stabilization buffer","USNMENT00984804","TREE_005.20160608.DERVAR.M","Lorenza Beati","Georgia Southern University",
"534ca707-ff99-43fd-84e0-6fa7fe04f9e2","TREE_005.tickPlot.tck","TREE_005","2016-06-08T21:24Z","2017-06-28T16:00Z","TREE_005.20160608","TREE_005.20160608.DERVAR.F","Dermacentor variabilis","DERVAR","species","Ixodidae",,,,"Dermacentor",,"variabilis",,,"Yunker, C. E., Keirans, J. E., Clifford, C. M., and E. R. Easton. 1986. Dermacentor ticks (Acari: Ixodoidea: Ixodidae) of the New World: a scanning electron microscope atlas. Proceedings of the Entomological Society of Washington, 88(4):609-627.","GSU_tickIdentification_SOP_2016-11-01.pdf","Say","Female",1,"OK","RNA stabilization buffer","USNMENT00984805","TREE_005.20160608.DERVAR.F","Lorenza Beati","Georgia Southern University",
"9769fd38-c876-4a0e-ad58-ddb07d77bf9a","TREE_005.tickPlot.tck","TREE_005","2016-06-27T08:20Z","2017-06-28T16:00Z","TREE_005.20160627","TREE_005.20160627.DERVAR.F","Dermacentor variabilis","DERVAR","species","Ixodidae",,,,"Dermacentor",,"variabilis",,,"Yunker, C. E., Keirans, J. E., Clifford, C. M., and E. R. Easton. 1986. Dermacentor ticks (Acari: Ixodoidea: Ixodidae) of the New World: a scanning electron microscope atlas. Proceedings of the Entomological Society of Washington, 88(4):609-627.","GSU_tickIdentification_SOP_2016-11-01.pdf","Say","Female",2,"OK","RNA stabilization buffer","USNMENT00984826","TREE_005.20160627.DERVAR.F","Lorenza Beati","Georgia Southern University",
"33dd598b-634d-49aa-b809-9201897e990d","TREE_005.tickPlot.tck","TREE_005","2016-06-27T08:20Z","2017-06-28T16:00Z","TREE_005.20160627","TREE_005.20160627.DERVAR.M","Dermacentor variabilis","DERVAR","species","Ixodidae",,,,"Dermacentor",,"variabilis",,,"Yunker, C. E., Keirans, J. E., Clifford, C. M., and E. R. Easton. 1986. Dermacentor ticks (Acari: Ixodoidea: Ixodidae) of the New World: a scanning electron microscope atlas. Proceedings of the Entomological Society of Washington, 88(4):609-627.","GSU_tickIdentification_SOP_2016-11-01.pdf","Say","Male",3,"OK","RNA stabilization buffer","USNMENT00984825","TREE_005.20160627.DERVAR.M","Lorenza Beati","Georgia Southern University","mites"
"f99ce0a1-5373-4409-b812-ed8bbcdf7406","TREE_007.tickPlot.tck","TREE_007","2016-06-27T11:00Z","2017-06-28T16:00Z","TREE_007.20160627","TREE_007.20160627.IXOSCA.N","Ixodes scapularis","IXOSCA","species","Ixodidae",,,,"Ixodes",,"scapularis",,,"Cooley, R. A. and G. M. Kohls. 1945. The genus Ixodes in North America. National Institute of Health Bulletin, 184.","GSU_tickIdentification_SOP_2016-11-01.pdf","Say","Nymph",3,"OK","RNA stabilization buffer","USNMENT00984831","TREE_007.20160627.IXOSCA.N","Lorenza Beati","Georgia Southern University",
"7cab5cc0-0210-4ec3-980b-e56f93c98203","TREE_007.tickPlot.tck","TREE_007","2016-06-27T11:00Z","2017-06-28T16:00Z","TREE_007.20160627","TREE_007.20160627.IXOSCA.F","Ixodes scapularis","IXOSCA","species","Ixodidae",,,,"Ixodes",,"scapularis",,,"Cooley, R. A. and G. M. Kohls. 1945. The genus Ixodes in North America. National Institute of Health Bulletin, 184.","GSU_tickIdentification_SOP_2016-11-01.pdf","Say","Female",1,"OK","RNA stabilization buffer","USNMENT00984832","TREE_007.20160627.IXOSCA.F","Lorenza Beati","Georgia Southern University",
"10d49824-ac60-498c-aba8-e5ce72e7f6dd","TREE_017.tickPlot.tck","TREE_017","2016-06-27T15:45Z","2017-06-28T16:00Z","TREE_017.20160627","TREE_017.20160627.DERVAR.F","Dermacentor variabilis","DERVAR","species","Ixodidae",,,,"Dermacentor",,"variabilis",,,"Yunker, C. E., Keirans, J. E., Clifford, C. M., and E. R. Easton. 1986. Dermacentor ticks (Acari: Ixodoidea: Ixodidae) of the New World: a scanning electron microscope atlas. Proceedings of the Entomological Society of Washington, 88(4):609-627.","GSU_tickIdentification_SOP_2016-11-01.pdf","Say","Female",1,"OK","RNA stabilization buffer","USNMENT00984827","TREE_017.20160627.DERVAR.F","Lorenza Beati","Georgia Southern University",
"cf742894-ef3d-4481-bd93-d1dbe05dd075","TREE_017.tickPlot.tck","TREE_017","2016-06-27T15:45Z","2017-06-28T16:00Z","TREE_017.20160627","TREE_017.20160627.IXOSCA.N","Ixodes scapularis","IXOSCA","species","Ixodidae",,,,"Ixodes",,"scapularis",,,"Cooley, R. A. and G. M. Kohls. 1945. The genus Ixodes in North America. National Institute of Health Bulletin, 184.","GSU_tickIdentification_SOP_2016-11-01.pdf","Say","Nymph",10,"OK","RNA stabilization buffer","USNMENT00984828","TREE_017.20160627.IXOSCA.N","Lorenza Beati","Georgia Southern University",
"f15d7d2c-3ccf-4d8a-b843-174d00db9140","TREE_019.tickPlot.tck","TREE_019","2016-06-27T17:45Z","2017-06-29T16:00Z","TREE_019.20160627","TREE_019.20160627.IXOSP.L","Ixodidae sp.","IXOSP","family","Ixodidae",,,,,,"sp.",,,,"GSU_tickIdentification_SOP_2016-11-01.pdf",,"Larva",1,"OK","RNA stabilization buffer","USNMENT00984851","TREE_019.20160627.L","Guy Hobbs","Georgia Southern University",
"e242f09c-064a-4384-9d6a-5635e8221afd","TREE_019.tickPlot.tck","TREE_019","2016-06-27T17:45Z","2017-06-28T16:00Z","TREE_019.20160627","TREE_019.20160627.DERVAR.F","Dermacentor variabilis","DERVAR","species","Ixodidae",,,,"Dermacentor",,"variabilis",,,"Yunker, C. E., Keirans, J. E., Clifford, C. M., and E. R. Easton. 1986. Dermacentor ticks (Acari: Ixodoidea: Ixodidae) of the New World: a scanning electron microscope atlas. Proceedings of the Entomological Society of Washington, 88(4):609-627.","GSU_tickIdentification_SOP_2016-11-01.pdf","Say","Female",2,"OK","RNA stabilization buffer","USNMENT00984833","TREE_019.20160627.DERVAR.F","Lorenza Beati","Georgia Southern University",
"74abca56-95ee-4d80-b677-a804880d9913","TREE_019.tickPlot.tck","TREE_019","2016-06-27T17:45Z","2017-06-28T16:00Z","TREE_019.20160627","TREE_019.20160627.HAELEP.N","Haemaphysalis leporispalustris","HAELEP","species","Ixodidae",,,,"Haemaphysalis",,"leporispalustris",,,,"GSU_tickIdentification_SOP_2016-11-01.pdf","Packard","Nymph",1,"OK","RNA stabilization buffer","USNMENT00864620","TREE_019.20160627.HAELEP.N","Lorenza Beati","Georgia Southern University",
"95f41096-1b49-431f-ac9a-20789492e0d8","TREE_019.tickPlot.tck","TREE_019","2016-06-27T17:45Z","2017-06-28T16:00Z","TREE_019.20160627","TREE_019.20160627.IXOSCA.N","Ixodes scapularis","IXOSCA","species","Ixodidae",,,,"Ixodes",,"scapularis",,,"Cooley, R. A. and G. M. Kohls. 1945. The genus Ixodes in North America. National Institute of Health Bulletin, 184.","GSU_tickIdentification_SOP_2016-11-01.pdf","Say","Nymph",25,"OK","RNA stabilization buffer","USNMENT00984834","TREE_019.20160627.IXOSCA.N","Lorenza Beati","Georgia Southern University",
"17ab1e99-c506-4e80-93ab-0e0ce0f490fe","TREE_022.tickPlot.tck","TREE_022","2016-06-27T22:10Z","2017-06-28T16:00Z","TREE_022.20160627","TREE_022.20160627.DERVAR.M","Dermacentor variabilis","DERVAR","species","Ixodidae",,,,"Dermacentor",,"variabilis",,,"Yunker, C. E., Keirans, J. E., Clifford, C. M., and E. R. Easton. 1986. Dermacentor ticks (Acari: Ixodoidea: Ixodidae) of the New World: a scanning electron microscope atlas. Proceedings of the Entomological Society of Washington, 88(4):609-627.","GSU_tickIdentification_SOP_2016-11-01.pdf","Say","Male",1,"OK","RNA stabilization buffer","USNMENT00984829","TREE_022.20160627.DERVAR.M","Lorenza Beati","Georgia Southern University","covered in mites?"
"c65ea6d7-cfc7-4d37-ae89-658b356cc8e9","TREE_022.tickPlot.tck","TREE_022","2016-06-27T22:10Z","2017-06-28T16:00Z","TREE_022.20160627","TREE_022.20160627.IXOSCA.N","Ixodes scapularis","IXOSCA","species","Ixodidae",,,,"Ixodes",,"scapularis",,,"Cooley, R. A. and G. M. Kohls. 1945. The genus Ixodes in North America. National Institute of Health Bulletin, 184.","GSU_tickIdentification_SOP_2016-11-01.pdf","Say","Nymph",1,"OK","RNA stabilization buffer","USNMENT00984830","TREE_022.20160627.IXOSCA.N","Lorenza Beati","Georgia Southern University",
