uid,namedLocation,domainID,siteID,plotID,plotType,nlcdClass,decimalLatitude,decimalLongitude,geodeticDatum,coordinateUncertainty,elevation,elevationUncertainty,collectDate,eventID,sampleID,sampleCode,samplingMethod,totalSampledArea,targetTaxaPresent,adultCount,nymphCount,larvaCount,sampleCondition,samplingProtocolVersion,measuredBy,remarks
"f1bf123d-4b1a-430e-8f88-65a3740bb554","TREE_019.tickPlot.tck","D05","TREE","TREE_019","distributed","mixedForest",45.494788,-89.575812,"WGS84",20.3,466.2,0.5,"2016-06-08T14:25Z","TREE.2016.23","TREE_019.20160608",,"flag",160,"Y",5,24,307,"No known compromise","NEON.DOC.014045vG","PjfLww5oXrAQngYk4wg4E42w2wotfuRI",
"107c22bf-927c-4bd1-a077-4cc82f3f92a7","TREE_017.tickPlot.tck","D05","TREE","TREE_017","distributed","deciduousForest",45.493376,-89.575729,"WGS84",20.1,466.2,0.2,"2016-06-08T16:15Z","TREE.2016.23","TREE_017.20160608",,"flag",170,"Y",4,8,0,"No known compromise","NEON.DOC.014045vG","iMRRFt6D4SnvT4gpprfYkcrBo2exp/j+",
"851d0750-cb8e-4287-94e3-4e2ae8294d7e","TREE_007.tickPlot.tck","D05","TREE","TREE_007","distributed","deciduousForest",45.496399,-89.559231,"WGS84",20.2,461.3,0.3,"2016-06-08T17:45Z","TREE.2016.23","TREE_007.20160608",,"flag",160,"Y",2,15,100,"No known compromise","NEON.DOC.014045vG","PjfLww5oXrAQngYk4wg4E42w2wotfuRI","Spilled RNA solution believe all specimen were recovered"
"504c38c8-29a1-464b-9c6e-c6ef3740768e","TREE_022.tickPlot.tck","D05","TREE","TREE_022","distributed","evergreenForest",45.494513,-89.551239,"WGS84",20.2,458.4,0.2,"2016-06-08T19:06Z","TREE.2016.23","TREE_022.20160608",,"drag and flag",162,"Y",0,4,1,"No known compromise","NEON.DOC.014045vG","PjfLww5oXrAQngYk4wg4E42w2wotfuRI",
"c739e43d-feb6-4ddf-824d-69aba09fa497","TREE_015.tickPlot.tck","D05","TREE","TREE_015","distributed","mixedForest",45.485626,-89.554320,"WGS84",20.3,462.1,0.6,"2016-06-08T20:13Z","TREE.2016.23","TREE_015.20160608",,"flag",163,"Y",4,5,75,"No known compromise","NEON.DOC.014045vG","PjfLww5oXrAQngYk4wg4E42w2wotfuRI",
"7b598e9e-7786-42fd-88ca-415ec13a7add","TREE_005.tickPlot.tck","D05","TREE","TREE_005","distributed","woodyWetlands",45.482307,-89.557299,"WGS84",20.1,447.6,0.2,"2016-06-08T21:24Z","TREE.2016.23","TREE_005.20160608",,"flag",160,"Y",3,0,0,"No known compromise","NEON.DOC.014045vG","iMRRFt6D4SnvT4gpprfYkcrBo2exp/j+",
"8d42af20-5658-40d3-bb70-d476afc89a56","TREE_005.tickPlot.tck","D05","TREE","TREE_005","distributed","woodyWetlands",45.482307,-89.557299,"WGS84",20.1,447.6,0.2,"2016-06-27T08:20Z","TREE.2016.26","TREE_005.20160627",,"drag and flag",161,"Y",5,0,0,"No known compromise","NEON.DOC.014045vG","iMRRFt6D4SnvT4gpprfYkcrBo2exp/j+",
"06c16287-5817-4caf-af90-43ccc1ed452c","TREE_007.tickPlot.tck","D05","TREE","TREE_007","distributed","deciduousForest",45.496399,-89.559231,"WGS84",20.2,461.3,0.3,"2016-06-27T11:00Z","TREE.2016.26","TREE_007.20160627",,"flag",160,"Y",1,3,0,"No known compromise","NEON.DOC.014045vG","iMRRFt6D4SnvT4gpprfYkcrBo2exp/j+",
"bc5d3d1c-1054-4cf0-ba68-4cb2b775b60b","TREE_017.tickPlot.tck","D05","TREE","TREE_017","distributed","deciduousForest",45.493376,-89.575729,"WGS84",20.1,466.2,0.2,"2016-06-27T15:45Z","TREE.2016.26","TREE_017.20160627",,"flag",166,"Y",1,9,0,"No known compromise","NEON.DOC.014045vG","iMRRFt6D4SnvT4gpprfYkcrBo2exp/j+",
"1817bf84-6dcd-4c11-81a2-59675c67890b","TREE_019.tickPlot.tck","D05","TREE","TREE_019","distributed","mixedForest",45.494788,-89.575812,"WGS84",20.3,466.2,0.5,"2016-06-27T17:45Z","TREE.2016.27","TREE_019.20160627",,"flag",160,"Y",2,23,138,"No known compromise","NEON.DOC.014045vG","iMRRFt6D4SnvT4gpprfYkcrBo2exp/j+",
"8cf23cd2-d4cd-4193-b8f8-7c46855aaf35","TREE_015.tickPlot.tck","D05","TREE","TREE_015","distributed","mixedForest",45.485626,-89.554320,"WGS84",20.3,462.1,0.6,"2016-06-27T21:30Z","TREE.2016.26",,,"drag and flag",161,"N",0,0,0,"No known compromise","NEON.DOC.014045vG","iMRRFt6D4SnvT4gpprfYkcrBo2exp/j+",
"1da8cafc-e6d4-4516-9209-eac4ed0949a4","TREE_022.tickPlot.tck","D05","TREE","TREE_022","distributed","evergreenForest",45.494513,-89.551239,"WGS84",20.2,458.4,0.2,"2016-06-27T22:10Z","TREE.2016.26","TREE_022.20160627",,"drag and flag",161,"Y",1,1,0,"No known compromise","NEON.DOC.014045vG","iMRRFt6D4SnvT4gpprfYkcrBo2exp/j+",
