uid,namedLocation,domainID,siteID,plotID,plotType,nlcdClass,decimalLatitude,decimalLongitude,geodeticDatum,coordinateUncertainty,elevation,elevationUncertainty,collectDate,eventID,sampleID,sampleCode,samplingMethod,totalSampledArea,targetTaxaPresent,adultCount,nymphCount,larvaCount,sampleCondition,samplingProtocolVersion,measuredBy,remarks
"db291c27-01ad-43da-a150-7e329929ae67","NOGP_002.tickPlot.tck","D09","NOGP","NOGP_002","distributed","grasslandHerbaceous",46.797460,-100.910668,"WGS84",20.1,544.6,0.1,"2017-08-04T15:38Z","NOGP.2017.32",,,"drag",160,"N",0,0,0,,"NEON.DOC.014045vH","q5FmdU0F+THRYNd6neW4Qym5ZB6unFc38NywBzh4PlI=",
"53ed717e-bfc6-46c8-8651-d9d041fcaa85","NOGP_006.tickPlot.tck","D09","NOGP","NOGP_006","distributed","grasslandHerbaceous",46.768522,-100.918874,"WGS84",20.1,588.6,0.1,"2017-08-04T16:21Z","NOGP.2017.32",,,"drag",160,"N",0,0,0,,"NEON.DOC.014045vH","zkC+qLuJ++N4VL9YlF8Sh7cVlPVNvTmAK/tDiv33IvU=",
"751721de-599c-4bc0-88aa-5b7a1317cc6b","NOGP_008.tickPlot.tck","D09","NOGP","NOGP_008","distributed","grasslandHerbaceous",46.783500,-100.905977,"WGS84",20.1,562.0,0.1,"2017-08-04T17:11Z","NOGP.2017.32",,,"drag",160,"N",0,0,0,,"NEON.DOC.014045vH","q5FmdU0F+THRYNd6neW4Qym5ZB6unFc38NywBzh4PlI=",
"306717d7-84d8-45fc-b6b1-1cc7433bc4ea","NOGP_005.tickPlot.tck","D09","NOGP","NOGP_005","distributed","grasslandHerbaceous",46.787576,-100.916830,"WGS84",20.0,564.6,0.0,"2017-08-04T18:16Z","NOGP.2017.32","NOGP_005.20170804",,"drag",160,"Y",1,0,0,"No known compromise","NEON.DOC.014045vH","zkC+qLuJ++N4VL9YlF8Sh7cVlPVNvTmAK/tDiv33IvU=",
"0227514a-fed0-40ce-b72d-6e6f6241e10c","NOGP_001.tickPlot.tck","D09","NOGP","NOGP_001","distributed","grasslandHerbaceous",46.804811,-100.916048,"WGS84",20.0,530.7,0.0,"2017-08-04T19:08Z","NOGP.2017.32",,,"drag",160,"N",0,0,0,,"NEON.DOC.014045vH","q5FmdU0F+THRYNd6neW4Qym5ZB6unFc38NywBzh4PlI=",
"6cc5e882-04b8-4432-8949-a148eb6b7ed9","NOGP_007.tickPlot.tck","D09","NOGP","NOGP_007","distributed","grasslandHerbaceous",46.813251,-100.903783,"WGS84",20.0,527.7,0.0,"2017-08-04T19:53Z","NOGP.2017.32",,,"drag and flag",160,"N",0,0,0,,"NEON.DOC.014045vH","zkC+qLuJ++N4VL9YlF8Sh7cVlPVNvTmAK/tDiv33IvU=",
"93022411-f738-449c-be07-88814d561ba9","NOGP_001.tickPlot.tck","D09","NOGP","NOGP_001","distributed","grasslandHerbaceous",46.804811,-100.916048,"WGS84",20.0,530.7,0.0,"2017-08-23T16:18Z","NOGP.2017.35",,,"drag",160,"N",0,0,0,,"NEON.DOC.014045vH","i4LPslDzEW7+e5TJzsuDqUG9zQJvBvTldI6VGxYk7lE=",
"4b53f312-873a-4f8b-b2c3-bae540cfe0e1","NOGP_007.tickPlot.tck","D09","NOGP","NOGP_007","distributed","grasslandHerbaceous",46.813251,-100.903783,"WGS84",20.0,527.7,0.0,"2017-08-23T16:55Z","NOGP.2017.35",,,"drag and flag",160,"N",0,0,0,,"NEON.DOC.014045vH","zkC+qLuJ++N4VL9YlF8Sh7cVlPVNvTmAK/tDiv33IvU=",
"1b9c5ea9-7a32-4acd-acd1-94e4a0d68b8f","NOGP_002.tickPlot.tck","D09","NOGP","NOGP_002","distributed","grasslandHerbaceous",46.797460,-100.910668,"WGS84",20.1,544.6,0.1,"2017-08-23T17:51Z","NOGP.2017.35",,,"drag",160,"N",0,0,0,,"NEON.DOC.014045vH","i4LPslDzEW7+e5TJzsuDqUG9zQJvBvTldI6VGxYk7lE=",
"695473a8-43e4-46d2-82cb-fc98701361c4","NOGP_005.tickPlot.tck","D09","NOGP","NOGP_005","distributed","grasslandHerbaceous",46.787576,-100.916830,"WGS84",20.0,564.6,0.0,"2017-08-23T18:30Z","NOGP.2017.35",,,"drag",160,"N",0,0,0,,"NEON.DOC.014045vH","zkC+qLuJ++N4VL9YlF8Sh7cVlPVNvTmAK/tDiv33IvU=","Spent about 8 min looking for corner"
"3cf8e7a8-019c-4d1c-a34f-c6a8d5955c40","NOGP_008.tickPlot.tck","D09","NOGP","NOGP_008","distributed","grasslandHerbaceous",46.783500,-100.905977,"WGS84",20.1,562.0,0.1,"2017-08-23T19:24Z","NOGP.2017.35",,,"drag",160,"N",0,0,0,,"NEON.DOC.014045vH","i4LPslDzEW7+e5TJzsuDqUG9zQJvBvTldI6VGxYk7lE=",
"375022e8-b2cd-4413-a4bd-674766694e84","NOGP_006.tickPlot.tck","D09","NOGP","NOGP_006","distributed","grasslandHerbaceous",46.768522,-100.918874,"WGS84",20.1,588.6,0.1,"2017-08-23T20:02Z","NOGP.2017.35",,,"drag",160,"N",0,0,0,,"NEON.DOC.014045vH","zkC+qLuJ++N4VL9YlF8Sh7cVlPVNvTmAK/tDiv33IvU=",
