uid,namedLocation,domainID,siteID,plotID,plotType,nlcdClass,decimalLatitude,decimalLongitude,geodeticDatum,coordinateUncertainty,elevation,elevationUncertainty,collectDate,eventID,sampleID,sampleCode,samplingMethod,totalSampledArea,targetTaxaPresent,adultCount,nymphCount,larvaCount,sampleCondition,samplingProtocolVersion,measuredBy,remarks
"92c1c449-90e3-4955-a191-0ea5401b2cc6","JORN_006.tickPlot.tck","D14","JORN","JORN_006","distributed","shrubScrub",32.591754,-106.825128,"WGS84",20.1,1323.4,0.1,"2017-09-12T13:26Z","JORN.2017.38",,,"drag and flag",166,"N",0,0,0,,"NEON.DOC.014045vH","47fmII3dmbwIJec1dxdwyBiGTksx4UMrFdhMVXVxQHE=",
"6a929556-f08b-4248-891a-b8f1aeadca24","JORN_004.tickPlot.tck","D14","JORN","JORN_004","distributed","shrubScrub",32.629997,-106.859194,"WGS84",20.1,1332.6,0.1,"2017-09-12T14:36Z","JORN.2017.38",,,"drag and flag",165,"N",0,0,0,,"NEON.DOC.014045vH","m3h4L7yw9sjYHsfELjQerJ1VehBDk9VOsmMYvrNsbko=",
"4e605bdf-f06d-48c2-b3a4-3e51f8dc42fe","JORN_001.tickPlot.tck","D14","JORN","JORN_001","distributed","shrubScrub",32.603710,-106.801348,"WGS84",20.1,1323.4,0.1,"2017-09-12T14:50Z","JORN.2017.38",,,"drag and flag",160,"N",0,0,0,,"NEON.DOC.014045vH","nPBZ+B+5X4hzdVtPaIDuEwRkQDbWAwxzsxisJxfusQA=",
"1720f8f1-30b1-4ffa-be84-2827d3a6b0c9","JORN_002.tickPlot.tck","D14","JORN","JORN_002","distributed","shrubScrub",32.612341,-106.827225,"WGS84",20.1,1328.9,0.1,"2017-09-12T16:05Z","JORN.2017.38",,,"drag and flag",169,"N",0,0,0,,"NEON.DOC.014045vH","EPY5RsIdKdwjSJBxmQB+4RCsYyAVUGGDtIz/1seSEKw=",
"7ad8eab9-e281-426c-96ef-e33e63e04e9f","JORN_005.tickPlot.tck","D14","JORN","JORN_005","distributed","shrubScrub",32.575619,-106.801784,"WGS84",20.1,1324.8,0.2,"2017-09-12T16:15Z","JORN.2017.38",,,"drag and flag",160,"N",0,0,0,,"NEON.DOC.014045vH","47fmII3dmbwIJec1dxdwyBiGTksx4UMrFdhMVXVxQHE=",
"c960272d-6d10-4729-b562-da10b4670009","JORN_003.tickPlot.tck","D14","JORN","JORN_003","distributed","shrubScrub",32.599768,-106.839372,"WGS84",20.1,1321.1,0.1,"2017-09-12T17:40Z","JORN.2017.38",,,"drag and flag",168,"N",0,0,0,,"NEON.DOC.014045vH","m3h4L7yw9sjYHsfELjQerJ1VehBDk9VOsmMYvrNsbko=",
