uid,namedLocation,domainID,siteID,plotID,plotType,nlcdClass,decimalLatitude,decimalLongitude,geodeticDatum,coordinateUncertainty,elevation,elevationUncertainty,collectDate,eventID,sampleID,sampleCode,samplingMethod,totalSampledArea,targetTaxaPresent,adultCount,nymphCount,larvaCount,sampleCondition,samplingProtocolVersion,measuredBy,remarks
"66ef32e4-6055-44f8-9977-bfcdd99b7718","OAES_005.tickPlot.tck","D11","OAES","OAES_005","distributed","grasslandHerbaceous",35.402926,-99.080346,"WGS84",20.1,509.4,0.1,"2016-07-19T12:40Z","OAES.2016.29","OAES_005.20160719",,"drag",160,"Y",1,0,0,"No known compromise","NEON.DOC.014045vG","61P3feUMrdpPnGb+66Hkcpy1eAGz/VeF",
"393a7d88-3f9f-40b1-84b3-3daa0d1eea4c","OAES_004.tickPlot.tck","D11","OAES","OAES_004","distributed","grasslandHerbaceous",35.411159,-99.084234,"WGS84",20.1,507.6,0.1,"2016-07-19T14:15Z","OAES.2016.29",,,"drag",160,"N",0,0,0,"No known compromise","NEON.DOC.014045vG","61P3feUMrdpPnGb+66Hkcpy1eAGz/VeF",
"39cf9e32-57b8-4ffb-8f6d-5d619482a4fe","OAES_021.tickPlot.tck","D11","OAES","OAES_021","distributed","shrubScrub",35.413211,-99.074301,"WGS84",20.1,501.7,0.1,"2016-07-19T14:57Z","OAES.2016.29",,,"drag",80,"N",0,0,0,"No known compromise","NEON.DOC.014045vG","61P3feUMrdpPnGb+66Hkcpy1eAGz/VeF","Sumac caused deviation"
"ea16f53e-d267-4f86-baf5-70d9e4f89c8f","OAES_003.tickPlot.tck","D11","OAES","OAES_003","distributed","grasslandHerbaceous",35.412134,-99.068027,"WGS84",20.2,512.2,0.2,"2016-07-19T15:21Z","OAES.2016.29","OAES_003.20160719",,"drag",175,"Y",1,0,0,"No known compromise","NEON.DOC.014045vG","CVnMNfVieiNXnLLoZrkRa2vFnn6ZyEMX","Cactus caused deviation"
"7a75dcaf-e034-4be1-a7ad-fd1a6d5d0235","OAES_007.tickPlot.tck","D11","OAES","OAES_007","distributed","shrubScrub",35.421328,-99.057210,"WGS84",20.1,521.6,0.1,"2016-07-19T16:20Z","OAES.2016.29",,,"drag",161,"N",0,0,0,"No known compromise","NEON.DOC.014045vG","61P3feUMrdpPnGb+66Hkcpy1eAGz/VeF",
"60f7cc1b-7a16-4057-a530-f491764e102b","OAES_008.tickPlot.tck","D11","OAES","OAES_008","distributed","grasslandHerbaceous",35.394019,-99.063159,"WGS84",20.1,492.6,0.1,"2016-07-19T16:55Z","OAES.2016.29",,,"drag",155,"N",0,0,0,"No known compromise","NEON.DOC.014045vG","61P3feUMrdpPnGb+66Hkcpy1eAGz/VeF","Deviation due to cactus"
