uid,namedLocation,domainID,siteID,plotID,plotType,nlcdClass,decimalLatitude,decimalLongitude,geodeticDatum,coordinateUncertainty,elevation,elevationUncertainty,collectDate,eventID,sampleID,sampleCode,samplingMethod,totalSampledArea,targetTaxaPresent,adultCount,nymphCount,larvaCount,sampleCondition,samplingProtocolVersion,measuredBy,remarks
"8dd66877-d772-49b0-89d9-bf78de646bc2","WOOD_024.tickPlot.tck","D09","WOOD","WOOD_024","distributed","emergentHerbaceousWetlands",47.150784,-99.260836,"WGS84",20.1,586.1,0.2,"2015-10-13T18:16Z","WOOD.2015.41",,,"drag and flag",160,"N",0,0,,,"NEON.DOC.014045vF","eE6kvSR3uoy9zdn7o7etq88/xsP7F3Qo",
"302a59e5-2811-49f3-9c13-396985b7f728","WOOD_007.tickPlot.tck","D09","WOOD","WOOD_007","distributed","grasslandHerbaceous",47.133887,-99.251357,"WGS84",20.4,593.6,0.3,"2015-10-13T19:01Z","WOOD.2015.41",,,"drag and flag",160,"N",0,0,,,"NEON.DOC.014045vF","eE6kvSR3uoy9zdn7o7etq88/xsP7F3Qo",
"c1d6e2a1-2d7e-4d5b-99be-0c85a696923e","WOOD_001.tickPlot.tck","D09","WOOD","WOOD_001","distributed","grasslandHerbaceous",47.127200,-99.256464,"WGS84",20.1,593.8,0.2,"2015-10-13T19:37Z","WOOD.2015.41",,,"drag",160,"N",0,0,,,"NEON.DOC.014045vF","eE6kvSR3uoy9zdn7o7etq88/xsP7F3Qo",
"86cef6be-0020-4293-b380-1446639fd10d","WOOD_006.tickPlot.tck","D09","WOOD","WOOD_006","distributed","grasslandHerbaceous",47.141023,-99.248055,"WGS84",20.1,587.2,0.1,"2015-10-13T20:13Z","WOOD.2015.41",,,"drag and flag",161,"N",0,0,,,"NEON.DOC.014045vF","eE6kvSR3uoy9zdn7o7etq88/xsP7F3Qo",
"576bb163-9c1c-49c2-a3fb-59c16ccb10e1","WOOD_009.tickPlot.tck","D09","WOOD","WOOD_009","distributed","grasslandHerbaceous",47.144534,-99.231072,"WGS84",20.1,573.5,0.2,"2015-10-16T16:00Z","WOOD.2015.41",,,"drag",160,"N",0,0,,,"NEON.DOC.014045vF","eE6kvSR3uoy9zdn7o7etq88/xsP7F3Qo","Delayed due to logistics and wind."
"3e287c63-c051-4919-98fb-b7681123814b","WOOD_002.tickPlot.tck","D09","WOOD","WOOD_002","distributed","grasslandHerbaceous",47.136802,-99.234546,"WGS84",20.1,578.3,0.1,"2015-10-16T16:35Z","WOOD.2015.41",,,"drag and flag",160,"N",0,0,,,"NEON.DOC.014045vF","gvqKh+2rVI0t8HJY2s8e/fWJiaOGqWFm","Delayed due to logicstics and wind."
