uid,namedLocation,date,eventID,domainID,siteID,plotID,subplotID,nestedSubplotID,groupID,taxonID,scientificName,taxonRank,identificationReferences,identificationQualifier,volumePercent,livePercent,deadPercent,canopyArea,meanHeight,remarks,measuredBy,recordedBy,dataQF
"d15d6012-4c2f-4bca-9412-69513883e0aa","JORN_011.basePlot.vst","2016-01-13","vst_JORN_2016","D14","JORN","JORN_011","31",,"31 _0","ATCA2","Atriplex canescens (Pursh) Nutt.","species",,,15,100,0,11.5,1.30,,"/ByrziN0LguMJHnInl2NM/trZeA5h+c0","rT3Yl3ajt10V8w40mB+1aaiQYfD/eF32","legacyData"
"9f5c2d93-9232-44d6-b029-a518377e8765","JORN_011.basePlot.vst","2016-01-13","vst_JORN_2016","D14","JORN","JORN_011","41",,"41_02","ATCA2","Atriplex canescens (Pursh) Nutt.","species",,,40,90,10,9.5,1.30,,"/ByrziN0LguMJHnInl2NM/trZeA5h+c0","rT3Yl3ajt10V8w40mB+1aaiQYfD/eF32","legacyData"
"69f32671-115c-4413-9364-4b28adb3d798","JORN_011.basePlot.vst","2016-01-13","vst_JORN_2016","D14","JORN","JORN_011","31",,"31 _0","ATCA2","Atriplex canescens (Pursh) Nutt.","species",,,20,100,0,11.5,1.34,,"/ByrziN0LguMJHnInl2NM/trZeA5h+c0","rT3Yl3ajt10V8w40mB+1aaiQYfD/eF32","legacyData"
"f0bd3f01-6d65-4d5d-aebb-eec31e47be3f","JORN_011.basePlot.vst","2016-01-13","vst_JORN_2016","D14","JORN","JORN_011","41",,"41 _0","ATCA2","Atriplex canescens (Pursh) Nutt.","species",,,40,90,10,21.0,1.34,,"/ByrziN0LguMJHnInl2NM/trZeA5h+c0","rT3Yl3ajt10V8w40mB+1aaiQYfD/eF32","legacyData"
"f051f839-9c6e-401e-860f-9bbdea255665","JORN_001.basePlot.vst","2016-01-13","vst_JORN_2016","D14","JORN","JORN_001","31",,"31 _0","PRGL2","Prosopis glandulosa Torr.","species",,,85,75,25,8.5,0.72,,"/ByrziN0LguMJHnInl2NM/trZeA5h+c0","rT3Yl3ajt10V8w40mB+1aaiQYfD/eF32","legacyData"
"0cac8afc-ae64-4d4a-ae07-35d02be70a7b","JORN_001.basePlot.vst","2016-01-13","vst_JORN_2016","D14","JORN","JORN_001","40",,"40 _0","PRGL2","Prosopis glandulosa Torr.","species",,,60,70,30,7.0,0.70,,"/ByrziN0LguMJHnInl2NM/trZeA5h+c0","rT3Yl3ajt10V8w40mB+1aaiQYfD/eF32","legacyData"
"ab71dd44-2ae8-4427-985e-47403146f8f4","JORN_011.basePlot.vst","2016-01-13","vst_JORN_2016","D14","JORN","JORN_011","31",,"31 _0","PRGL2","Prosopis glandulosa Torr.","species",,,85,100,0,11.5,1.02,,"/ByrziN0LguMJHnInl2NM/trZeA5h+c0","rT3Yl3ajt10V8w40mB+1aaiQYfD/eF32","legacyData"
"5a04e472-1b8a-4b14-beac-8b422da6617c","JORN_001.basePlot.vst","2016-01-13","vst_JORN_2016","D14","JORN","JORN_001","41",,"41 _0","PRGL2","Prosopis glandulosa Torr.","species",,,75,80,20,42.0,1.00,,"/ByrziN0LguMJHnInl2NM/trZeA5h+c0","rT3Yl3ajt10V8w40mB+1aaiQYfD/eF32","legacyData"
"ff9eda95-d46f-4fa5-9bcf-6d5f36d0a8a6","JORN_011.basePlot.vst","2016-01-13","vst_JORN_2016","D14","JORN","JORN_011","41",,"41 _0","PRGL2","Prosopis glandulosa Torr.","species",,,60,90,10,21.0,0.88,,"/ByrziN0LguMJHnInl2NM/trZeA5h+c0","rT3Yl3ajt10V8w40mB+1aaiQYfD/eF32","legacyData"
"31bc16fa-0b07-4ce7-a4eb-1bfb9f3beb0f","JORN_011.basePlot.vst","2016-01-13","vst_JORN_2016","D14","JORN","JORN_011","32",,"32 _0","PRGL2","Prosopis glandulosa Torr.","species",,,90,90,10,8.0,0.62,,"/ByrziN0LguMJHnInl2NM/trZeA5h+c0","rT3Yl3ajt10V8w40mB+1aaiQYfD/eF32","legacyData"
"e3c3c679-e134-4bc2-9f68-52d34ebee097","JORN_011.basePlot.vst","2016-01-13","vst_JORN_2016","D14","JORN","JORN_011","31",,"31 _0","PRGL2","Prosopis glandulosa Torr.","species",,,80,95,5,11.5,0.88,,"/ByrziN0LguMJHnInl2NM/trZeA5h+c0","rT3Yl3ajt10V8w40mB+1aaiQYfD/eF32","legacyData"
"cc869af2-0e0a-47e4-96c1-895f1261c10a","JORN_011.basePlot.vst","2016-01-13","vst_JORN_2016","D14","JORN","JORN_011","31",,"31 _0","PRGL2","Prosopis glandulosa Torr.","species",,,80,70,30,11.5,0.90,,"/ByrziN0LguMJHnInl2NM/trZeA5h+c0","rT3Yl3ajt10V8w40mB+1aaiQYfD/eF32","legacyData"
"c4bf26f5-92df-42c1-a73b-10df0d7c3fb0","JORN_011.basePlot.vst","2016-01-13","vst_JORN_2016","D14","JORN","JORN_011","32",,"32 _0","ATCA2","Atriplex canescens (Pursh) Nutt.","species",,,10,90,10,8.0,0.76,,"/ByrziN0LguMJHnInl2NM/trZeA5h+c0","rT3Yl3ajt10V8w40mB+1aaiQYfD/eF32","legacyData"
"0b83aac8-5d63-4fc3-be1e-1a6d61036e73","JORN_011.basePlot.vst","2016-01-13","vst_JORN_2016","D14","JORN","JORN_011","40",,"40 _0","ATCA2","Atriplex canescens (Pursh) Nutt.","species",,,20,0,100,3.5,1.10,,"/ByrziN0LguMJHnInl2NM/trZeA5h+c0","rT3Yl3ajt10V8w40mB+1aaiQYfD/eF32","legacyData"
"2ac2ba2c-9785-41c8-84a4-998874a70f92","JORN_011.basePlot.vst","2016-01-13","vst_JORN_2016","D14","JORN","JORN_011","40",,"40 _0","PRGL2","Prosopis glandulosa Torr.","species",,,80,90,10,3.5,0.74,,"/ByrziN0LguMJHnInl2NM/trZeA5h+c0","rT3Yl3ajt10V8w40mB+1aaiQYfD/eF32","legacyData"
"c084b91f-ff2a-4753-b7f2-3c1a986847a3","JORN_001.basePlot.vst","2016-01-13","vst_JORN_2016","D14","JORN","JORN_001","41",,"41 _0","ATCA2","Atriplex canescens (Pursh) Nutt.","species",,,25,80,20,42.0,1.02,,"/ByrziN0LguMJHnInl2NM/trZeA5h+c0","rT3Yl3ajt10V8w40mB+1aaiQYfD/eF32","legacyData"
"3f2b8120-81c6-490e-9bee-9292c80cea1b","JORN_001.basePlot.vst","2016-01-13","vst_JORN_2016","D14","JORN","JORN_001","31",,"31 _0","ATCA2","Atriplex canescens (Pursh) Nutt.","species",,,15,70,30,8.5,1.28,,"/ByrziN0LguMJHnInl2NM/trZeA5h+c0","rT3Yl3ajt10V8w40mB+1aaiQYfD/eF32","legacyData"
"2e7622cb-6799-4e45-9fbc-531adb620fd3","JORN_001.basePlot.vst","2016-01-13","vst_JORN_2016","D14","JORN","JORN_001","40",,"40 _0","ATCA2","Atriplex canescens (Pursh) Nutt.","species",,,40,90,10,7.0,1.10,,"/ByrziN0LguMJHnInl2NM/trZeA5h+c0","rT3Yl3ajt10V8w40mB+1aaiQYfD/eF32","legacyData"
"e9228bf6-8340-4d4c-8a65-a18f00a3ca56","JORN_001.basePlot.vst","2016-01-13","vst_JORN_2016","D14","JORN","JORN_001","40",,"40 _0","PRGL2","Prosopis glandulosa Torr.","species",,,45,75,25,7.0,0.82,,"/ByrziN0LguMJHnInl2NM/trZeA5h+c0","rT3Yl3ajt10V8w40mB+1aaiQYfD/eF32","legacyData"
"6b5214eb-77b8-4616-9c09-d8ed75770816","JORN_001.basePlot.vst","2016-01-13","vst_JORN_2016","D14","JORN","JORN_001","40",,"40 _0","ATCA2","Atriplex canescens (Pursh) Nutt.","species",,,55,80,20,7.0,1.34,,"/ByrziN0LguMJHnInl2NM/trZeA5h+c0","rT3Yl3ajt10V8w40mB+1aaiQYfD/eF32","legacyData"
"4973bb0a-4c58-4638-acba-dcd4e02791a4","JORN_001.basePlot.vst","2016-01-13","vst_JORN_2016","D14","JORN","JORN_001","41",,"41 _0","PRGL2","Prosopis glandulosa Torr.","species",,,85,90,10,42.0,0.74,,"/ByrziN0LguMJHnInl2NM/trZeA5h+c0","rT3Yl3ajt10V8w40mB+1aaiQYfD/eF32","legacyData"
"167dac1f-903b-4003-a679-17f878f3be85","JORN_011.basePlot.vst","2016-01-13","vst_JORN_2016","D14","JORN","JORN_011","31",,"31 _0","ATCA2","Atriplex canescens (Pursh) Nutt.","species",,,20,0,100,11.5,0.84,,"/ByrziN0LguMJHnInl2NM/trZeA5h+c0","rT3Yl3ajt10V8w40mB+1aaiQYfD/eF32","legacyData"
"3110c1fd-dd7e-4e8d-b6ea-40d2b86244f1","JORN_011.basePlot.vst","2016-01-13","vst_JORN_2016","D14","JORN","JORN_011","41",,"41 _0","PRGL2","Prosopis glandulosa Torr.","species",,,70,90,10,21.0,1.16,,"/ByrziN0LguMJHnInl2NM/trZeA5h+c0","rT3Yl3ajt10V8w40mB+1aaiQYfD/eF32","legacyData"
"ef9d0696-b581-4008-a37a-69ed064f5895","JORN_011.basePlot.vst","2016-01-13","vst_JORN_2016","D14","JORN","JORN_011","32",,"32_03","PRGL2","Prosopis glandulosa Torr.","species",,,90,90,10,3.5,0.66,,"/ByrziN0LguMJHnInl2NM/trZeA5h+c0","rT3Yl3ajt10V8w40mB+1aaiQYfD/eF32","legacyData"
"cca71b8f-fa76-42bf-995c-7bcfd26deacd","JORN_001.basePlot.vst","2016-01-13","vst_JORN_2016","D14","JORN","JORN_001","31",,"31_01","PRGL2","Prosopis glandulosa Torr.","species",,,85,75,25,8.5,0.72,,"/ByrziN0LguMJHnInl2NM/trZeA5h+c0","rT3Yl3ajt10V8w40mB+1aaiQYfD/eF32","legacyData"
"dce56d99-ebce-49ca-9359-31dac00fe271","JORN_011.basePlot.vst","2016-01-13","vst_JORN_2016","D14","JORN","JORN_011","32",,"32_03","ATCA2","Atriplex canescens (Pursh) Nutt.","species",,,10,90,10,3.5,0.80,,"/ByrziN0LguMJHnInl2NM/trZeA5h+c0","rT3Yl3ajt10V8w40mB+1aaiQYfD/eF32","legacyData"
"3b466a58-b59c-423e-9096-a297fcfd5e81","JORN_001.basePlot.vst","2016-01-13","vst_JORN_2016","D14","JORN","JORN_001","31",,"31_01","ATCA2","Atriplex canescens (Pursh) Nutt.","species",,,15,70,30,8.5,1.28,,"/ByrziN0LguMJHnInl2NM/trZeA5h+c0","rT3Yl3ajt10V8w40mB+1aaiQYfD/eF32","legacyData"
"738954d6-341d-4d0a-9d80-829185b0b1ed","JORN_011.basePlot.vst","2016-01-13","vst_JORN_2016","D14","JORN","JORN_011","31",,"31_01","PRGL2","Prosopis glandulosa Torr.","species",,,85,100,0,11.5,1.02,,"/ByrziN0LguMJHnInl2NM/trZeA5h+c0","rT3Yl3ajt10V8w40mB+1aaiQYfD/eF32","legacyData"
"1a789638-6c02-469b-9c7d-4f41cb6fdb63","JORN_011.basePlot.vst","2016-01-13","vst_JORN_2016","D14","JORN","JORN_011","31",,"31_03","ATCA2","Atriplex canescens (Pursh) Nutt.","species",,,20,0,100,1.0,0.74,,"/ByrziN0LguMJHnInl2NM/trZeA5h+c0","rT3Yl3ajt10V8w40mB+1aaiQYfD/eF32","legacyData"
"709c46c6-8ed1-4349-ba43-ef5540c72958","JORN_011.basePlot.vst","2016-01-13","vst_JORN_2016","D14","JORN","JORN_011","31",,"31_03","PRGL2","Prosopis glandulosa Torr.","species",,,80,70,30,1.0,0.80,,"/ByrziN0LguMJHnInl2NM/trZeA5h+c0","rT3Yl3ajt10V8w40mB+1aaiQYfD/eF32","legacyData"
"78219b3f-0bee-483a-8cf9-a25bbde35c02","JORN_011.basePlot.vst","2016-01-13","vst_JORN_2016","D14","JORN","JORN_011","40",,"40_04","PRGL2","Prosopis glandulosa Torr.","species",,,80,90,10,5.5,0.82,,"/ByrziN0LguMJHnInl2NM/trZeA5h+c0","rT3Yl3ajt10V8w40mB+1aaiQYfD/eF32","legacyData"
"cc0c02f6-22cf-44d5-bc54-3dd279878a8b","JORN_011.basePlot.vst","2016-01-13","vst_JORN_2016","D14","JORN","JORN_011","40",,"40_04","ATCA2","Atriplex canescens (Pursh) Nutt.","species",,,20,0,100,5.5,1.18,,"/ByrziN0LguMJHnInl2NM/trZeA5h+c0","rT3Yl3ajt10V8w40mB+1aaiQYfD/eF32","legacyData"
"a521618e-430b-4751-a7e6-a6b24f56d116","JORN_011.basePlot.vst","2016-01-13","vst_JORN_2016","D14","JORN","JORN_011","31",,"31_02","ATCA2","Atriplex canescens (Pursh) Nutt.","species",,,20,100,0,18.5,1.34,,"/ByrziN0LguMJHnInl2NM/trZeA5h+c0","rT3Yl3ajt10V8w40mB+1aaiQYfD/eF32","legacyData"
"5e3177c6-09d5-4d83-8e1c-fc2e56b569f8","JORN_011.basePlot.vst","2016-01-13","vst_JORN_2016","D14","JORN","JORN_011","31",,"31_01","ATCA2","Atriplex canescens (Pursh) Nutt.","species",,,15,100,0,11.5,1.30,,"/ByrziN0LguMJHnInl2NM/trZeA5h+c0","rT3Yl3ajt10V8w40mB+1aaiQYfD/eF32","legacyData"
"d80b461d-e17a-45d2-aa16-7abc5ba278e3","JORN_011.basePlot.vst","2016-01-13","vst_JORN_2016","D14","JORN","JORN_011","31",,"31_02","PRGL2","Prosopis glandulosa Torr.","species",,,80,95,5,18.5,0.88,,"/ByrziN0LguMJHnInl2NM/trZeA5h+c0","rT3Yl3ajt10V8w40mB+1aaiQYfD/eF32","legacyData"
"6d859ef7-10f2-46c7-b8f7-7fc365401020","JORN_011.basePlot.vst","2016-01-13","vst_JORN_2016","D14","JORN","JORN_011","41",,"41_01","PRGL2","Prosopis glandulosa Torr.","species",,,70,90,10,21.0,1.16,,"/ByrziN0LguMJHnInl2NM/trZeA5h+c0","rT3Yl3ajt10V8w40mB+1aaiQYfD/eF32","legacyData"
"ad8632e3-644b-480d-bf4b-7cd633293d5b","JORN_001.basePlot.vst","2016-01-13","vst_JORN_2016","D14","JORN","JORN_001","41",,"41_01","ATCA2","Atriplex canescens (Pursh) Nutt.","species",,,25,80,20,42.0,1.02,,"/ByrziN0LguMJHnInl2NM/trZeA5h+c0","rT3Yl3ajt10V8w40mB+1aaiQYfD/eF32","legacyData"
"2c8d9eab-3b37-48a1-9d16-81951ff94ac8","JORN_011.basePlot.vst","2016-01-13","vst_JORN_2016","D14","JORN","JORN_011","41",,"41_02","PRGL2","Prosopis glandulosa Torr.","species",,,60,90,10,9.5,0.84,,"/ByrziN0LguMJHnInl2NM/trZeA5h+c0","rT3Yl3ajt10V8w40mB+1aaiQYfD/eF32","legacyData"
"6ec548a0-8231-4b5f-9f0f-af0d12f881db","JORN_001.basePlot.vst","2016-01-13","vst_JORN_2016","D14","JORN","JORN_001","41",,"41_02","ATCA2","Atriplex canescens (Pursh) Nutt.","species",,,15,60,40,10.5,0.78,,"/ByrziN0LguMJHnInl2NM/trZeA5h+c0","rT3Yl3ajt10V8w40mB+1aaiQYfD/eF32","legacyData"
"ba6a1c1e-1477-4928-8939-05efb04c2709","JORN_001.basePlot.vst","2016-01-13","vst_JORN_2016","D14","JORN","JORN_001","40",,"40_01","PRGL2","Prosopis glandulosa Torr.","species",,,60,70,30,7.0,0.70,,"/ByrziN0LguMJHnInl2NM/trZeA5h+c0","rT3Yl3ajt10V8w40mB+1aaiQYfD/eF32","legacyData"
"fcf1cd76-7370-4eb4-90ad-e25c682e1ae7","JORN_001.basePlot.vst","2016-01-13","vst_JORN_2016","D14","JORN","JORN_001","40",,"40_01","ATCA2","Atriplex canescens (Pursh) Nutt.","species",,,40,90,10,7.0,1.10,,"/ByrziN0LguMJHnInl2NM/trZeA5h+c0","rT3Yl3ajt10V8w40mB+1aaiQYfD/eF32","legacyData"
"155c9a7d-48bb-4491-b8d8-ab4a7813c479","JORN_001.basePlot.vst","2016-01-13","vst_JORN_2016","D14","JORN","JORN_001","40",,"40_02","PRGL2","Prosopis glandulosa Torr.","species",,,45,75,25,20.0,0.88,,"/ByrziN0LguMJHnInl2NM/trZeA5h+c0","rT3Yl3ajt10V8w40mB+1aaiQYfD/eF32","legacyData"
"3109c8fd-0789-4f88-80ff-ef4de3d9310d","JORN_001.basePlot.vst","2016-01-13","vst_JORN_2016","D14","JORN","JORN_001","40",,"40_02","ATCA2","Atriplex canescens (Pursh) Nutt.","species",,,55,80,20,20.0,1.40,,"/ByrziN0LguMJHnInl2NM/trZeA5h+c0","rT3Yl3ajt10V8w40mB+1aaiQYfD/eF32","legacyData"
"75f4a326-f0ef-4a65-a7bf-2795929cd894","JORN_001.basePlot.vst","2016-01-13","vst_JORN_2016","D14","JORN","JORN_001","41",,"41_02","PRGL2","Prosopis glandulosa Torr.","species",,,85,90,10,10.5,0.70,,"/ByrziN0LguMJHnInl2NM/trZeA5h+c0","rT3Yl3ajt10V8w40mB+1aaiQYfD/eF32","legacyData"
"21a9d974-59e7-4326-b0b1-ca88d8fdfb04","JORN_001.basePlot.vst","2016-01-13","vst_JORN_2016","D14","JORN","JORN_001","41",,"41_01","PRGL2","Prosopis glandulosa Torr.","species",,,75,80,20,42.0,1.00,,"/ByrziN0LguMJHnInl2NM/trZeA5h+c0","rT3Yl3ajt10V8w40mB+1aaiQYfD/eF32","legacyData"
"b18220b9-93f4-4349-9340-f217b1e957c2","JORN_001.basePlot.vst","2016-01-13","vst_JORN_2016","D14","JORN","JORN_001","41",,"41 _0","ATCA2","Atriplex canescens (Pursh) Nutt.","species",,,15,60,40,42.0,0.82,,"/ByrziN0LguMJHnInl2NM/trZeA5h+c0","rT3Yl3ajt10V8w40mB+1aaiQYfD/eF32","legacyData"
