uid,namedLocation,domainID,siteID,plotID,plotType,nlcdClass,decimalLatitude,decimalLongitude,geodeticDatum,coordinateUncertainty,elevation,elevationUncertainty,collectDate,eventID,sampleID,sampleCode,samplingMethod,totalSampledArea,targetTaxaPresent,adultCount,nymphCount,larvaCount,sampleCondition,samplingProtocolVersion,measuredBy,remarks
"3d69171b-7e73-4218-9729-390080836c7b","CPER_002.tickPlot.tck","D10","CPER","CPER_002","distributed","grasslandHerbaceous",40.811446,-104.727626,"WGS84",20.1,1645.8,0.1,"2016-11-16T17:01Z","CPER.2016.46",,,"drag",158,"N",0,0,0,"No known compromise","NEON.DOC.014045vG","Xlq171H9ZZZ5J3ckp1BdAB0lm0ecD5Q+",
"b81c5a5e-3412-4cf7-a361-bae31bc562f2","CPER_004.tickPlot.tck","D10","CPER","CPER_004","distributed","grasslandHerbaceous",40.814104,-104.696817,"WGS84",20.1,1617.2,0.1,"2016-11-16T17:45Z","CPER.2016.46",,,"drag",160,"N",0,0,0,"No known compromise","NEON.DOC.014045vG","Xlq171H9ZZZ5J3ckp1BdAB0lm0ecD5Q+",
"88178964-8e16-42f0-89ac-cd6e83bf49a6","CPER_003.tickPlot.tck","D10","CPER","CPER_003","distributed","grasslandHerbaceous",40.819808,-104.707147,"WGS84",20.1,1625.7,0.1,"2016-11-16T18:30Z","CPER.2016.46",,,"drag",160,"N",0,0,0,"No known compromise","NEON.DOC.014045vG","Xlq171H9ZZZ5J3ckp1BdAB0lm0ecD5Q+",
"86082540-fe3c-482f-89c9-dddccd300daa","CPER_005.tickPlot.tck","D10","CPER","CPER_005","distributed","grasslandHerbaceous",40.852571,-104.726331,"WGS84",20.1,1662.6,0.1,"2016-11-16T19:32Z","CPER.2016.46",,,"drag",164,"N",0,0,0,"No known compromise","NEON.DOC.014045vG","Xlq171H9ZZZ5J3ckp1BdAB0lm0ecD5Q+",
"f525f8d8-f766-4837-a583-e2b2e6d952e5","CPER_001.tickPlot.tck","D10","CPER","CPER_001","distributed","grasslandHerbaceous",40.851012,-104.701302,"WGS84",20.1,1639.1,0.1,"2016-11-16T20:18Z","CPER.2016.46",,,"drag",160,"N",0,0,0,"No known compromise","NEON.DOC.014045vG","Xlq171H9ZZZ5J3ckp1BdAB0lm0ecD5Q+",
"68751217-1b54-439e-845e-72cc66ef95c1","CPER_007.tickPlot.tck","D10","CPER","CPER_007","distributed","grasslandHerbaceous",40.860878,-104.684952,"WGS84",20.1,1646.7,0.1,"2016-11-16T21:02Z","CPER.2016.46",,,"drag",160,"N",0,0,0,"No known compromise","NEON.DOC.014045vG","Xlq171H9ZZZ5J3ckp1BdAB0lm0ecD5Q+",
