uid,namedLocation,domainID,siteID,plotID,plotType,nlcdClass,decimalLatitude,decimalLongitude,geodeticDatum,coordinateUncertainty,elevation,elevationUncertainty,collectDate,eventID,sampleID,sampleCode,samplingMethod,totalSampledArea,targetTaxaPresent,adultCount,nymphCount,larvaCount,sampleCondition,samplingProtocolVersion,measuredBy,remarks
"1529e11f-440e-4703-b598-36d35115693a","ONAQ_005.tickPlot.tck","D15","ONAQ","ONAQ_005","distributed","shrubScrub",40.181926,-112.432741,"WGS84",20.1,1617.2,0.1,"2016-09-15T13:59Z","ONAQ.2016.37",,,"drag and flag",160,"N",0,0,0,"No known compromise","NEON.DOC.014045vG","mJ6QF34Yc4kzyI8+CLEI6KSVldpXAneG8R2VXSG1K5k=",
"4349b5fe-304c-4138-80dc-032a8766dd93","ONAQ_016.tickPlot.tck","D15","ONAQ","ONAQ_016","distributed","shrubScrub",40.175449,-112.444448,"WGS84",20.1,1635.3,0.1,"2016-09-15T15:08Z","ONAQ.2016.37",,,"drag and flag",163,"N",0,0,0,"No known compromise","NEON.DOC.014045vG","mJ6QF34Yc4kzyI8+CLEI6KSVldpXAneG8R2VXSG1K5k=","Deviation +3m"
"bf41486a-0c58-4b41-9300-6c59832e9089","ONAQ_004.tickPlot.tck","D15","ONAQ","ONAQ_004","distributed","shrubScrub",40.187291,-112.471870,"WGS84",,1710.4,,"2016-09-15T16:03Z","ONAQ.2016.37",,,"drag and flag",160,"N",0,0,0,"No known compromise","NEON.DOC.014045vG","mJ6QF34Yc4kzyI8+CLEI6KSVldpXAneG8R2VXSG1K5k=",
"6ef2d4e8-c0e2-44ee-abfa-38145439cdaf","ONAQ_023.tickPlot.tck","D15","ONAQ","ONAQ_023","distributed","evergreenForest",40.193985,-112.507206,"WGS84",20.1,1860.6,0.1,"2016-09-15T17:06Z","ONAQ.2016.37",,,"drag and flag",178,"N",0,0,0,"No known compromise","NEON.DOC.014045vG","mJ6QF34Yc4kzyI8+CLEI6KSVldpXAneG8R2VXSG1K5k=","Deviation +18 m"
"3c0f8d36-4c1e-4a00-a389-a4e82cd42822","ONAQ_009.tickPlot.tck","D15","ONAQ","ONAQ_009","distributed","shrubScrub",40.160581,-112.469377,"WGS84",20.1,1668.8,0.1,"2016-09-15T18:50Z","ONAQ.2016.37",,,"drag and flag",164,"N",0,0,0,"No known compromise","NEON.DOC.014045vG","mJ6QF34Yc4kzyI8+CLEI6KSVldpXAneG8R2VXSG1K5k=","Deviation +4m"
"ed85d89c-934a-4a21-b940-1e5661dfb876","ONAQ_011.tickPlot.tck","D15","ONAQ","ONAQ_011","distributed","shrubScrub",40.152051,-112.455478,"WGS84",20.1,1617.0,0.1,"2016-09-15T19:57Z","ONAQ.2016.37",,,"drag and flag",162,"N",0,0,0,"No known compromise","NEON.DOC.014045vG","mJ6QF34Yc4kzyI8+CLEI6KSVldpXAneG8R2VXSG1K5k=","Deviation: +2m"
