uid,namedLocation,domainID,siteID,plotID,plotType,nlcdClass,decimalLatitude,decimalLongitude,geodeticDatum,coordinateUncertainty,elevation,elevationUncertainty,collectDate,eventID,sampleID,sampleCode,samplingMethod,totalSampledArea,targetTaxaPresent,adultCount,nymphCount,larvaCount,sampleCondition,samplingProtocolVersion,measuredBy,remarks
"64f1e5f2-d466-4b3f-8992-95ff46e4196b","KONZ_025.tickPlot.tck","D06","KONZ","KONZ_025","distributed","deciduousForest",39.103714,-96.597832,"WGS84",20.1,337.3,0.1,"2017-03-28T13:26Z","KONZ.2017.13",,,"drag",160,"N",0,0,0,"No known compromise","NEON.DOC.014045vG","BzXmPCNcOOHl9ws4JG7MP7BkkCvctwH+",
"c3703ccd-1eed-4646-b85d-49aad840dac7","KONZ_009.tickPlot.tck","D06","KONZ","KONZ_009","distributed","grasslandHerbaceous",39.107902,-96.584438,"WGS84",20.1,391.9,0.1,"2017-03-28T14:24Z","KONZ.2017.13",,,"drag",160,"N",0,0,0,"No known compromise","NEON.DOC.014045vG","BzXmPCNcOOHl9ws4JG7MP7BkkCvctwH+",
"d20a1082-831e-4c16-909a-bbaf1cdffc56","KONZ_002.tickPlot.tck","D06","KONZ","KONZ_002","distributed","grasslandHerbaceous",39.118977,-96.547146,"WGS84",20.0,394.4,0.0,"2017-03-28T16:02Z","KONZ.2017.13",,,"drag and flag",160,"N",0,0,0,"No known compromise","NEON.DOC.014045vG","BzXmPCNcOOHl9ws4JG7MP7BkkCvctwH+",
"8941a224-e81e-4045-8a1d-37548bccb401","KONZ_004.tickPlot.tck","D06","KONZ","KONZ_004","distributed","grasslandHerbaceous",39.109647,-96.551370,"WGS84",20.0,371.9,0.0,"2017-03-28T16:58Z","KONZ.2017.13",,,"drag",160,"N",0,0,0,"No known compromise","NEON.DOC.014045vG","BzXmPCNcOOHl9ws4JG7MP7BkkCvctwH+",
"a36ef310-a9cb-43fa-895a-89ac844aec69","KONZ_007.tickPlot.tck","D06","KONZ","KONZ_007","distributed","grasslandHerbaceous",39.087937,-96.545919,"WGS84",20.1,434.0,0.1,"2017-03-28T17:54Z","KONZ.2017.13",,,"drag and flag",160,"N",0,0,0,"No known compromise","NEON.DOC.014045vG","BzXmPCNcOOHl9ws4JG7MP7BkkCvctwH+",
"f1ccaff3-76d1-411d-a169-7099353db6af","KONZ_001.tickPlot.tck","D06","KONZ","KONZ_001","distributed","grasslandHerbaceous",39.074114,-96.557107,"WGS84",20.0,423.7,0.0,"2017-03-28T18:27Z","KONZ.2017.13",,,"drag",160,"N",0,0,0,"No known compromise","NEON.DOC.014045vG","BzXmPCNcOOHl9ws4JG7MP7BkkCvctwH+",
