uid,namedLocation,domainID,siteID,plotID,plotType,nlcdClass,decimalLatitude,decimalLongitude,geodeticDatum,coordinateUncertainty,elevation,elevationUncertainty,collectDate,eventID,sampleID,sampleCode,samplingMethod,totalSampledArea,targetTaxaPresent,adultCount,nymphCount,larvaCount,sampleCondition,samplingProtocolVersion,measuredBy,remarks
"72005e45-5ed3-44a8-870f-19d0c33fac27","BLAN_015.tickPlot.tck","D02","BLAN","BLAN_015","distributed","deciduousForest",39.088728,-77.955494,"WGS84",20.2,125.9,0.2,"2016-03-16T16:04Z","BLAN.2016.11","BLAN_015.20160316",,"drag",169,"Y",1,0,0,"No known compromise","NEON.DOC.014045vG","ena7GLJui5s1h8moQAQPw3Qj2+mVdivS",
"c405c08a-932d-426a-9656-430313cf2495","BLAN_012.tickPlot.tck","D02","BLAN","BLAN_012","distributed","deciduousForest",39.082720,-77.959589,"WGS84",20.2,135.1,0.2,"2016-03-16T17:25Z","BLAN.2016.11",,,"drag",165,"N",0,0,0,"No known compromise","NEON.DOC.014045vG","p8WKbOBZs5/CRPjq/1HrITk8Sf0GvCtj",
"0afa22e9-e02a-470a-8733-6e64185669ca","BLAN_008.tickPlot.tck","D02","BLAN","BLAN_008","distributed","pastureHay",39.083870,-77.966320,"WGS84",20.4,159.6,0.5,"2016-03-16T18:22Z","BLAN.2016.11",,,"drag",160,"N",0,0,0,"No known compromise","NEON.DOC.014045vG","esNjjubcI51hdInmRHEEIrFR4+oIJtuN",
"98a2980c-3a66-4e33-b989-c33734b97293","BLAN_004.tickPlot.tck","D02","BLAN","BLAN_004","distributed","pastureHay",39.088416,-77.961331,"WGS84",20.1,123.7,0.1,"2016-03-16T18:55Z","BLAN.2016.11",,,"drag",160,"N",0,0,0,"No known compromise","NEON.DOC.014045vG","/AhbGCCF27wHz9TggrmS1nLN8zUO+zcB",
"6930575e-1189-45d6-b52f-22f2a967647b","BLAN_005.tickPlot.tck","D02","BLAN","BLAN_005","distributed","deciduousForest",39.086223,-77.972729,"WGS84",20.2,169.1,0.3,"2016-03-18T17:20Z","BLAN.2016.11","BLAN_005.20160318",,"drag",167,"Y",1,0,0,"No known compromise","NEON.DOC.014045vG","p8WKbOBZs5/CRPjq/1HrITk8Sf0GvCtj",
"fecb5768-1d4d-45dd-9507-8951e2e2ac57","BLAN_002.tickPlot.tck","D02","BLAN","BLAN_002","distributed","pastureHay",39.091474,-77.982149,"WGS84",20.1,145.6,0.1,"2016-03-18T18:38Z","BLAN.2016.11",,,"drag",161,"N",0,0,0,"No known compromise","NEON.DOC.014045vG","ena7GLJui5s1h8moQAQPw3Qj2+mVdivS",
