uid,namedLocation,domainID,siteID,plotID,plotType,nlcdClass,decimalLatitude,decimalLongitude,geodeticDatum,coordinateUncertainty,elevation,elevationUncertainty,collectDate,eventID,sampleID,sampleCode,samplingMethod,totalSampledArea,targetTaxaPresent,adultCount,nymphCount,larvaCount,sampleCondition,samplingProtocolVersion,measuredBy,remarks
"8fee7736-5aaf-45e3-93f8-fa285868d56f","LENO_003.tickPlot.tck","D08","LENO","LENO_003","distributed","deciduousForest",31.809581,-88.187553,"WGS84",20.2,15.4,0.4,"2016-11-01T16:30Z","LENO.2016.44",,,"drag",160,"N",0,0,0,"No known compromise","NEON.DOC.014045vG","LnIDmrEQmAUtwQFMbC1CIKUZraB/NwPgV6cB6TW941k=",
"073628d6-79fc-42aa-a4ae-5f0702d37e33","LENO_002.tickPlot.tck","D08","LENO","LENO_002","distributed","woodyWetlands",31.806282,-88.195216,"WGS84",20.2,16.8,0.2,"2016-11-01T17:42Z","LENO.2016.44",,,"drag",160,"N",0,0,0,"No known compromise","NEON.DOC.014045vG","LnIDmrEQmAUtwQFMbC1CIKUZraB/NwPgV6cB6TW941k=",
"3b9a025e-7e99-4890-bb1b-427bf4aea35e","LENO_023.tickPlot.tck","D08","LENO","LENO_023","distributed","deciduousForest",31.809463,-88.181417,"WGS84",20.2,11.6,0.2,"2016-11-01T18:36Z","LENO.2016.44",,,"drag",165,"N",0,0,0,"No known compromise","NEON.DOC.014045vG","LnIDmrEQmAUtwQFMbC1CIKUZraB/NwPgV6cB6TW941k=",
"193944c3-9f23-4a87-bd2c-88f7136d4f3d","LENO_015.tickPlot.tck","D08","LENO","LENO_015","distributed","woodyWetlands",31.817299,-88.191485,"WGS84",20.5,14.2,0.8,"2016-11-01T19:45Z","LENO.2016.44",,,"drag",160,"N",0,0,0,"No known compromise","NEON.DOC.014045vG","71MfCy+FRstpZer5T0iw8M+PBSzABHAbojUJO96sh64=",
"a3d62dba-2864-4483-9146-a1c1737eb78c","LENO_004.tickPlot.tck","D08","LENO","LENO_004","distributed","woodyWetlands",31.822376,-88.181956,"WGS84",20.2,12.5,0.2,"2016-11-01T20:44Z","LENO.2016.44",,,"drag and flag",160,"N",0,0,0,"No known compromise","NEON.DOC.014045vG","71MfCy+FRstpZer5T0iw8M+PBSzABHAbojUJO96sh64=",
"ec70c5dd-aae7-40c3-9a3e-273214810e09","LENO_042.tickPlot.tck","D08","LENO","LENO_042","distributed","woodyWetlands",31.817825,-88.182881,"WGS84",20.2,14.6,0.3,"2016-11-01T21:29Z","LENO.2016.44",,,"drag and flag",160,"N",0,0,0,"No known compromise","NEON.DOC.014045vG","71MfCy+FRstpZer5T0iw8M+PBSzABHAbojUJO96sh64=",
"4da42602-6fa6-4914-93b9-c0638582e856","LENO_023.tickPlot.tck","D08","LENO","LENO_023","distributed","deciduousForest",31.809463,-88.181417,"WGS84",20.2,11.6,0.2,"2016-11-21T16:06Z","LENO.2016.47",,,"drag",160,"N",0,0,0,"No known compromise","NEON.DOC.014045vG","i++YfdKxcrxXYVscbSnlRu1P6zrsNmWH",
"e2202cdb-57c2-4eac-b2f8-a6962c404871","LENO_042.tickPlot.tck","D08","LENO","LENO_042","distributed","woodyWetlands",31.817825,-88.182881,"WGS84",20.2,14.6,0.3,"2016-11-21T16:54Z","LENO.2016.47","LENO_042.20161121",,"drag",160,"Y",1,0,0,"No known compromise","NEON.DOC.014045vG","i++YfdKxcrxXYVscbSnlRu1P6zrsNmWH",
"3f95d68e-5daa-434b-881b-bee2a598be06","LENO_004.tickPlot.tck","D08","LENO","LENO_004","distributed","woodyWetlands",31.822376,-88.181956,"WGS84",20.2,12.5,0.2,"2016-11-21T17:41Z","LENO.2016.47",,,"drag",120,"N",0,0,0,"No known compromise","NEON.DOC.014045vG","i++YfdKxcrxXYVscbSnlRu1P6zrsNmWH",
"df4d7b60-a309-4662-817e-9c2253af2634","LENO_015.tickPlot.tck","D08","LENO","LENO_015","distributed","woodyWetlands",31.817299,-88.191485,"WGS84",20.5,14.2,0.8,"2016-11-21T18:28Z","LENO.2016.47",,,"drag",160,"N",0,0,0,"No known compromise","NEON.DOC.014045vG","i++YfdKxcrxXYVscbSnlRu1P6zrsNmWH",
"4e8b17f4-cc81-4a39-9492-2e7b1c73fb86","LENO_003.tickPlot.tck","D08","LENO","LENO_003","distributed","deciduousForest",31.809581,-88.187553,"WGS84",20.2,15.4,0.4,"2016-11-21T19:10Z","LENO.2016.47",,,"drag",160,"N",0,0,0,"No known compromise","NEON.DOC.014045vG","i++YfdKxcrxXYVscbSnlRu1P6zrsNmWH",
"a5282f24-e597-43d8-94a5-713f81da62cc","LENO_002.tickPlot.tck","D08","LENO","LENO_002","distributed","woodyWetlands",31.806282,-88.195216,"WGS84",20.2,16.8,0.2,"2016-11-21T19:49Z","LENO.2016.47","LENO_002.20161121",,"drag",160,"Y",0,1,0,"No known compromise","NEON.DOC.014045vG","i++YfdKxcrxXYVscbSnlRu1P6zrsNmWH",
