uid,namedLocation,domainID,siteID,plotID,plotType,nlcdClass,decimalLatitude,decimalLongitude,geodeticDatum,coordinateUncertainty,elevation,elevationUncertainty,collectDate,eventID,sampleID,sampleCode,samplingMethod,totalSampledArea,targetTaxaPresent,adultCount,nymphCount,larvaCount,sampleCondition,samplingProtocolVersion,measuredBy,remarks
"3511b1ac-70a1-4484-b074-44f80032ee77","TALL_003.tickPlot.tck","D08","TALL","TALL_003","distributed","mixedForest",32.894415,-87.416532,"WGS84",20.2,121.9,0.2,"2016-04-20T14:15Z","TALL.2016.16","TALL_003.20160420",,"drag and flag",160,"Y",0,1,0,"No known compromise","NEON.DOC.014045vG","icbK2sgUQA82Ar1vQYA5T6ifReQJeOxX",
"e485daf9-6204-4a86-94ad-b85a09517c8c","TALL_008.tickPlot.tck","D08","TALL","TALL_008","distributed","deciduousForest",32.922874,-87.434097,"WGS84",20.2,127.5,0.2,"2016-04-20T15:23Z","TALL.2016.16","TALL_008.20160420",,"drag",160,"Y",0,32,0,"No known compromise","NEON.DOC.014045vG","Bw3luEmt/EBXrQHhVu/bZXxTa02TtXvY",
"478bdead-58c3-45f4-9582-48bc4515b39e","TALL_002.tickPlot.tck","D08","TALL","TALL_002","distributed","mixedForest",32.920823,-87.428955,"WGS84",20.3,104.0,0.4,"2016-04-20T16:39Z","TALL.2016.16","TALL_002.20160420",,"drag",160,"Y",0,7,0,"No known compromise","NEON.DOC.014045vG","icbK2sgUQA82Ar1vQYA5T6ifReQJeOxX",
"d78c24db-e4d4-476b-a468-933923a083de","TALL_006.tickPlot.tck","D08","TALL","TALL_006","distributed","evergreenForest",32.899144,-87.444571,"WGS84",20.3,108.6,0.3,"2016-04-20T18:00Z","TALL.2016.16","TALL_006.20160420",,"drag and flag",155,"Y",0,11,0,"No known compromise","NEON.DOC.014045vG","v7wRdnV1gD6DA7NUoRhtXNeAYtN2k0WN",
"efb9f2e0-8edb-4fc2-b3df-2d6671d7b222","TALL_016.tickPlot.tck","D08","TALL","TALL_016","distributed","evergreenForest",32.971553,-87.415845,"WGS84",20.1,138.9,0.1,"2016-04-20T19:15Z","TALL.2016.16",,,"drag",160,"N",0,0,0,"No known compromise","NEON.DOC.014045vG","v7wRdnV1gD6DA7NUoRhtXNeAYtN2k0WN",
"d8497aab-871d-4ee7-b14c-abfa42a4a2bf","TALL_001.tickPlot.tck","D08","TALL","TALL_001","distributed","deciduousForest",32.976370,-87.432184,"WGS84",20.2,114.6,0.1,"2016-04-20T20:11Z","TALL.2016.16",,,"drag and flag",160,"N",0,0,0,"No known compromise","NEON.DOC.014045vG","v7wRdnV1gD6DA7NUoRhtXNeAYtN2k0WN",
