uid,namedLocation,plotID,collectDate,identifiedDate,sampleID,subsampleID,scientificName,acceptedTaxonID,taxonRank,family,subfamily,tribe,subtribe,genus,subgenus,specificEpithet,infraspecificEpithet,identificationQualifier,identificationReferences,identificationProtocolVersion,scientificNameAuthorship,sexOrAge,individualCount,sampleCondition,archiveMedium,archiveFacilityID,deprecatedVialID,identifiedBy,laboratoryName,remarks
"8834721b-d1b4-4713-b7f7-93ba620d6f7d","TALL_003.tickPlot.tck","TALL_003","2016-04-20T14:15Z","2017-06-06T16:00Z","TALL_003.20160420","TALL_003.20160420.AMBAME.N","Amblyomma americanum","AMBAME","species","Ixodidae",,,,"Amblyomma",,"americanum",,,"Cooley, R. A. and G. M. Kohls. 1944. The genus Amblyomma (ixodidae) in the United States. The Journal of Parasitology, 30(2):77-111.","GSU_tickIdentification_SOP_2016-11-01.pdf","Linnaeus","Nymph",1,"OK","RNA stabilization buffer","USNMENT00984337","TALL_003.20160420.01.AMBAME.N","Lorenza Beati","Georgia Southern University",
"d4f04407-a598-4522-acac-86583fde49b5","TALL_008.tickPlot.tck","TALL_008","2016-04-20T15:23Z","2017-06-06T16:00Z","TALL_008.20160420","TALL_008.20160420.IXOSCA.N","Ixodes scapularis","IXOSCA","species","Ixodidae",,,,"Ixodes",,"scapularis",,,"Cooley, R. A. and G. M. Kohls. 1945. The genus Ixodes in North America. National Institute of Health Bulletin, 184.","GSU_tickIdentification_SOP_2016-11-01.pdf","Say","Nymph",1,"OK","RNA stabilization buffer","USNMENT00984335","TALL_008.20160420.01.IXOSCA.N","Lorenza Beati","Georgia Southern University",
"e10a8f7b-75cb-4184-b629-cb04bfeada06","TALL_008.tickPlot.tck","TALL_008","2016-04-20T15:23Z","2017-06-06T16:00Z","TALL_008.20160420","TALL_008.20160420.AMBAME.N","Amblyomma americanum","AMBAME","species","Ixodidae",,,,"Amblyomma",,"americanum",,,"Cooley, R. A. and G. M. Kohls. 1944. The genus Amblyomma (ixodidae) in the United States. The Journal of Parasitology, 30(2):77-111.","GSU_tickIdentification_SOP_2016-11-01.pdf","Linnaeus","Nymph",30,"OK","RNA stabilization buffer","USNMENT00984336","TALL_008.20160420.01.AMBAME.N","Lorenza Beati","Georgia Southern University",
"30ccb231-2f20-46ac-ae97-3d9d085ea30d","TALL_002.tickPlot.tck","TALL_002","2016-04-20T16:39Z","2017-06-05T16:00Z","TALL_002.20160420","TALL_002.20160420.AMBAME.N","Amblyomma americanum","AMBAME","species","Ixodidae",,,,"Amblyomma",,"americanum",,,"Cooley, R. A. and G. M. Kohls. 1944. The genus Amblyomma (ixodidae) in the United States. The Journal of Parasitology, 30(2):77-111.","GSU_tickIdentification_SOP_2016-11-01.pdf","Linnaeus","Nymph",7,"OK","RNA stabilization buffer","USNMENT00984334","TALL_002.20160420.01.AMBAME.N","Lorenza Beati","Georgia Southern University",
"368a96f2-1f1e-41ac-8393-167ad42b0187","TALL_006.tickPlot.tck","TALL_006","2016-04-20T18:00Z","2017-06-06T16:00Z","TALL_006.20160420","TALL_006.20160420.AMBAME.N","Amblyomma americanum","AMBAME","species","Ixodidae",,,,"Amblyomma",,"americanum",,,"Cooley, R. A. and G. M. Kohls. 1944. The genus Amblyomma (ixodidae) in the United States. The Journal of Parasitology, 30(2):77-111.","GSU_tickIdentification_SOP_2016-11-01.pdf","Linnaeus","Nymph",12,"OK","RNA stabilization buffer","USNMENT00984333","TALL_006.20160420.01.AMBAME.N","Lorenza Beati","Georgia Southern University",
