uid,namedLocation,domainID,siteID,plotID,plotType,nlcdClass,decimalLatitude,decimalLongitude,geodeticDatum,coordinateUncertainty,elevation,elevationUncertainty,collectDate,eventID,sampleID,sampleCode,samplingMethod,totalSampledArea,targetTaxaPresent,adultCount,nymphCount,larvaCount,sampleCondition,samplingProtocolVersion,measuredBy,remarks
"35cb4029-0db9-44d0-934f-4b5ebcc4b91f","UNDE_013.tickPlot.tck","D05","UNDE","UNDE_013","distributed","deciduousForest",46.227776,-89.535166,"WGS84",20.2,510.3,0.3,"2017-08-21T13:54Z","UNDE.2017.35",,,"drag and flag",159,"N",0,0,0,,"NEON.DOC.014045vH","tGnUz0GPV2kgdSfOkOVX8+cwFgPS8HIHsKHNPKuVkj8=",
"6ac67ff9-5b5a-4d7f-847e-d5cf627de97c","UNDE_002.tickPlot.tck","D05","UNDE","UNDE_002","distributed","woodyWetlands",46.242285,-89.543255,"WGS84",20.3,506.2,0.4,"2017-08-21T15:02Z","UNDE.2017.35",,,"drag and flag",159,"N",0,0,0,,"NEON.DOC.014045vH","tGnUz0GPV2kgdSfOkOVX8+cwFgPS8HIHsKHNPKuVkj8=",
"5a9ca3b4-c023-4529-b245-3bd9ceb528b5","UNDE_019.tickPlot.tck","D05","UNDE","UNDE_019","distributed","deciduousForest",46.257425,-89.542054,"WGS84",20.2,519.0,0.2,"2017-08-21T16:23Z","UNDE.2017.35",,,"drag and flag",160,"N",0,0,0,,"NEON.DOC.014045vH","tGnUz0GPV2kgdSfOkOVX8+cwFgPS8HIHsKHNPKuVkj8=",
"f624d0c7-6f5d-49bd-a380-fadd327df460","UNDE_999.tickPlot.tck","D05","UNDE","UNDE_999","distributed","woodyWetlands",46.256243,-89.534200,"WGS84",20.2,507.1,0.3,"2017-08-21T18:01Z","UNDE.2017.35",,,"drag and flag",162,"N",0,0,0,,"NEON.DOC.014045vH","ARejzCBrb6CRpGj0oWJ3lcNFFJLhhdyHL/qtSIEd/o0=",
"d0a2a653-72ef-45cf-8ce2-e8dd8fc0deac","UNDE_017.tickPlot.tck","D05","UNDE","UNDE_017","distributed","mixedForest",46.236736,-89.497054,"WGS84",20.1,518.8,0.2,"2017-08-21T19:14Z","UNDE.2017.35",,,"drag and flag",159,"N",0,0,0,,"NEON.DOC.014045vH","tGnUz0GPV2kgdSfOkOVX8+cwFgPS8HIHsKHNPKuVkj8=",
"634aca68-c8e3-4177-8fe2-21b6022083d9","UNDE_011.tickPlot.tck","D05","UNDE","UNDE_011","distributed","woodyWetlands",46.213935,-89.505950,"WGS84",20.3,507.7,0.4,"2017-08-21T20:20Z","UNDE.2017.35",,,"drag and flag",105,"N",0,0,0,,"NEON.DOC.014045vH","tGnUz0GPV2kgdSfOkOVX8+cwFgPS8HIHsKHNPKuVkj8=",
