uid,namedLocation,domainID,siteID,plotID,plotType,nlcdClass,decimalLatitude,decimalLongitude,geodeticDatum,coordinateUncertainty,elevation,elevationUncertainty,collectDate,eventID,sampleID,sampleCode,samplingMethod,totalSampledArea,targetTaxaPresent,adultCount,nymphCount,larvaCount,sampleCondition,samplingProtocolVersion,measuredBy,remarks
"f2e9ba85-e908-4998-95ca-8bcde46a2f05","BLAN_002.tickPlot.tck","D02","BLAN","BLAN_002","distributed","pastureHay",39.091474,-77.982149,"WGS84",20.1,145.6,0.1,"2017-10-02T14:56Z","BLAN.2017.41",,,"drag",160,"N",0,0,0,"No known compromise","NEON.DOC.014045vH","ena7GLJui5s1h8moQAQPw3Qj2+mVdivS",
"9e52eae2-fa13-4075-8a37-88c8b7131089","BLAN_004.tickPlot.tck","D02","BLAN","BLAN_004","distributed","pastureHay",39.088416,-77.961331,"WGS84",20.1,123.7,0.1,"2017-10-02T15:26Z","BLAN.2017.41",,,"drag",156,"N",0,0,0,"No known compromise","NEON.DOC.014045vH","ena7GLJui5s1h8moQAQPw3Qj2+mVdivS",
"8bfdfc98-3c43-40c3-bb9f-e693b6c8784b","BLAN_008.tickPlot.tck","D02","BLAN","BLAN_008","distributed","pastureHay",39.083870,-77.966320,"WGS84",20.4,159.6,0.5,"2017-10-02T15:57Z","BLAN.2017.41",,,"drag",160,"N",0,0,0,"No known compromise","NEON.DOC.014045vH","ena7GLJui5s1h8moQAQPw3Qj2+mVdivS",
"e685866b-7d31-454f-b819-56bc63ea93f6","BLAN_012.tickPlot.tck","D02","BLAN","BLAN_012","distributed","deciduousForest",39.082720,-77.959589,"WGS84",20.2,135.1,0.2,"2017-10-02T16:47Z","BLAN.2017.41",,,"drag and flag",155,"N",0,0,0,"No known compromise","NEON.DOC.014045vH","ena7GLJui5s1h8moQAQPw3Qj2+mVdivS",
"588ad78b-fe6f-4e09-94c0-652414fb27df","BLAN_015.tickPlot.tck","D02","BLAN","BLAN_015","distributed","deciduousForest",39.088728,-77.955494,"WGS84",20.2,125.9,0.2,"2017-10-02T17:35Z","BLAN.2017.41","BLAN_015.20171002",,"drag",161,"Y",1,0,0,"No known compromise","NEON.DOC.014045vH","ena7GLJui5s1h8moQAQPw3Qj2+mVdivS","Two dogs ran through the plot while we were sampling"
"f286bab4-0878-4be5-9ab4-4e966dde91bd","BLAN_005.tickPlot.tck","D02","BLAN","BLAN_005","distributed","deciduousForest",39.086223,-77.972729,"WGS84",20.2,169.1,0.3,"2017-10-02T18:29Z","BLAN.2017.41","BLAN_005.20171002",,"drag and flag",158,"Y",0,1,15,"No known compromise","NEON.DOC.014045vH","ena7GLJui5s1h8moQAQPw3Qj2+mVdivS",
