uid,namedLocation,domainID,siteID,plotID,plotType,nlcdClass,decimalLatitude,decimalLongitude,geodeticDatum,coordinateUncertainty,elevation,elevationUncertainty,collectDate,eventID,sampleID,sampleCode,samplingMethod,totalSampledArea,targetTaxaPresent,adultCount,nymphCount,larvaCount,sampleCondition,samplingProtocolVersion,measuredBy,remarks
"0bac462e-b4e5-4ac6-8d4e-f4ee40fbd6d0","GRSM_010.tickPlot.tck","D07","GRSM","GRSM_010","distributed","deciduousForest",35.669242,-83.524579,"WGS84",20.2,510.4,0.3,"2016-10-06T15:18Z","GRSM.2016.40",,,"drag and flag",162,"N",0,0,0,"No known compromise","NEON.DOC.014045vG","rcoFR4ykziLdM1I/YrScV+0n5/U/vg3EburVPZnNuDM=",
"e88412c1-da4c-4f79-ac36-16b56cc9709d","GRSM_005.tickPlot.tck","D07","GRSM","GRSM_005","distributed","deciduousForest",35.682740,-83.398124,"WGS84",20.2,731.0,0.4,"2016-10-10T05:50Z","GRSM.2016.41",,,"drag and flag",160,"N",0,0,0,"No known compromise","NEON.DOC.014045vG","qUVO/nUAMfdJop3kv4Cvwz9twxCm+mTQqC6nCO2BLeA=",
"089f3d47-fd54-4d37-8790-c6d60e4961b4","GRSM_010.tickPlot.tck","D07","GRSM","GRSM_010","distributed","deciduousForest",35.669242,-83.524579,"WGS84",20.2,510.4,0.3,"2016-10-10T14:23Z","GRSM.2016.41",,,"drag",162,"N",0,0,0,"No known compromise","NEON.DOC.014045vG","qUVO/nUAMfdJop3kv4Cvwz9twxCm+mTQqC6nCO2BLeA=",
"fd072b67-1cc4-42a9-950b-08afc245c23e","GRSM_003.tickPlot.tck","D07","GRSM","GRSM_003","distributed","deciduousForest",35.676584,-83.476209,"WGS84",20.2,880.6,0.2,"2016-10-10T14:40Z","GRSM.2016.41",,,"drag",162,"N",0,0,0,"No known compromise","NEON.DOC.014045vG","ntMKYxYUttgTR6u/j2bBWe+VSVcHK8QG",
"24060c22-b2f4-44bf-ae4d-1d75bfb4c2ae","GRSM_004.tickPlot.tck","D07","GRSM","GRSM_004","distributed","deciduousForest",35.688959,-83.535562,"WGS84",20.3,441.9,0.5,"2016-10-10T15:38Z","GRSM.2016.41",,,"drag and flag",164,"N",0,0,0,"No known compromise","NEON.DOC.014045vG","nAKPQvGWPz3w50pS9SF/Wg/TlEjgxRE8",
"6f745d27-aec8-41b5-98f4-d87b789ca979","GRSM_009.tickPlot.tck","D07","GRSM","GRSM_009","distributed","deciduousForest",35.671874,-83.491180,"WGS84",20.2,820.9,0.2,"2016-10-10T15:40Z","GRSM.2016.41",,,"drag and flag",161,"N",0,0,0,"No known compromise","NEON.DOC.014045vG","ntMKYxYUttgTR6u/j2bBWe+VSVcHK8QG",
"b9748910-1469-466b-a542-2e1e636af7d5","GRSM_006.tickPlot.tck","D07","GRSM","GRSM_006","distributed","deciduousForest",35.679072,-83.643678,"WGS84",20.2,533.6,0.2,"2016-10-10T17:24Z","GRSM.2016.41",,,"drag",160,"N",0,0,0,"No known compromise","NEON.DOC.014045vG","ntMKYxYUttgTR6u/j2bBWe+VSVcHK8QG",
