uid,namedLocation,date,eventID,domainID,siteID,plotID,subplotID,nestedSubplotID,groupID,taxonID,scientificName,taxonRank,identificationReferences,identificationQualifier,volumePercent,livePercent,deadPercent,canopyArea,meanHeight,remarks,measuredBy,recordedBy,dataQF
"ee6277c0-549b-4619-a188-030fd564ce6c","SERC_055.basePlot.vst","2017-11-28","vst_SERC_2017","D02","SERC","SERC_055","41","4","41_01","ROMU","Rosa multiflora Thunb.","species",,,94,0,100,3.0,1.32,,"GRwvwbiSPMj1NaUhvL1kyVbfYNVH3Sr0UuCJMFnR3bg=","2CALKs4JNjmK3iYT4PUVEer6DObkBehF",
"33ac58a1-0147-4a14-921d-60538a80349a","SERC_055.basePlot.vst","2017-11-28","vst_SERC_2017","D02","SERC","SERC_055","41","1","41_02","LOJA","Lonicera japonica Thunb.","species",,,2,100,0,8.0,2.22,,"GRwvwbiSPMj1NaUhvL1kyVbfYNVH3Sr0UuCJMFnR3bg=","2CALKs4JNjmK3iYT4PUVEer6DObkBehF",
"f9efa987-3dcc-4290-8dde-d978f2c9103d","SERC_055.basePlot.vst","2017-11-28","vst_SERC_2017","D02","SERC","SERC_055","41","4","41_01","FRAM2","Fraxinus americana L.","species",,"cf. species",2,100,0,3.0,1.32,,"GRwvwbiSPMj1NaUhvL1kyVbfYNVH3Sr0UuCJMFnR3bg=","2CALKs4JNjmK3iYT4PUVEer6DObkBehF",
"0e171ebc-136a-45ce-867b-94ad263a3acc","SERC_055.basePlot.vst","2017-11-28","vst_SERC_2017","D02","SERC","SERC_055","41","4","41_01","RUPH","Rubus phoenicolasius Maxim.","species",,,4,0,100,3.0,1.32,,"GRwvwbiSPMj1NaUhvL1kyVbfYNVH3Sr0UuCJMFnR3bg=","2CALKs4JNjmK3iYT4PUVEer6DObkBehF",
"92c9ed0d-fce8-4e65-adc9-8d9e92702a48","SERC_055.basePlot.vst","2017-11-28","vst_SERC_2017","D02","SERC","SERC_055","41","1","41_02","ROMU","Rosa multiflora Thunb.","species",,,98,100,0,8.0,2.22,,"GRwvwbiSPMj1NaUhvL1kyVbfYNVH3Sr0UuCJMFnR3bg=","2CALKs4JNjmK3iYT4PUVEer6DObkBehF",
