uid,namedLocation,date,domainID,siteID,plotID,plotType,nlcdClass,decimalLatitude,decimalLongitude,geodeticDatum,coordinateUncertainty,easting,northing,utmZone,elevation,elevationUncertainty,eventID,samplingProtocolVersion,treesPresent,treesAbsentList,shrubsPresent,shrubsAbsentList,lianasPresent,lianasAbsentList,nestedSubplotAreaShrubSapling,nestedSubplotAreaLiana,totalSampledAreaTrees,totalSampledAreaShrubSapling,totalSampledAreaLiana,remarks,measuredBy,recordedBy,dataQF
"cf13c1d8-5a70-4cbf-b7f6-ca92377dcc25","SERC_060.basePlot.vst","2017-11-06","D02","SERC","SERC_060","tower","deciduousForest",38.893081,-76.564176,"WGS84",20.3,364348.04,4306074.53,"18N",7.9,0.3,"vst_SERC_2017","NEON.DOC.000987vG","Y","presentInAll","Y","41_1","Y","39","25","noneSelected",800,100,800,,"HwrR06bjl3TqPXYD/ecX4LA/iftMi41T","i3SDxFb/lMMZxDIw/9OBsZ3OfckbEDnA",
"789afb4a-c563-4989-955e-86f954696f29","SERC_052.basePlot.vst","2017-11-06","D02","SERC","SERC_052","tower","deciduousForest",38.891367,-76.561547,"WGS84",20.2,364572.80,4305880.41,"18N",4.8,0.3,"vst_SERC_2017","NEON.DOC.000987vG","Y","presentInAll","Y","presentInAll","Y","39","25","noneSelected",800,100,800,,"HwrR06bjl3TqPXYD/ecX4LA/iftMi41T","i3SDxFb/lMMZxDIw/9OBsZ3OfckbEDnA",
"c8ba12fc-0296-4b93-9b9c-d5dbe5fd7529","SERC_053.basePlot.vst","2017-11-07","D02","SERC","SERC_053","tower","deciduousForest",38.890368,-76.556075,"WGS84",20.3,365045.50,4305761.43,"18N",9.0,0.4,"vst_SERC_2017","NEON.DOC.000987vG","Y","presentInAll","Y","presentInAll","N",,"25","noneSelected",800,100,800,,"HwrR06bjl3TqPXYD/ecX4LA/iftMi41T","i3SDxFb/lMMZxDIw/9OBsZ3OfckbEDnA",
"0900299f-f02b-4ed1-977e-99e92d77d479","SERC_061.basePlot.vst","2017-11-08","D02","SERC","SERC_061","tower","deciduousForest",38.889743,-76.555114,"WGS84",20.3,365127.67,4305690.65,"18N",12.0,0.4,"vst_SERC_2017","NEON.DOC.000987vG","Y","presentInAll","Y","presentInAll","Y","presentInAll","10","noneSelected",800,40,800,,"HwrR06bjl3TqPXYD/ecX4LA/iftMi41T","GRwvwbiSPMj1NaUhvL1kyVbfYNVH3Sr0UuCJMFnR3bg=",
"4986cc58-fdb2-49d2-92db-9f37f9172449","SERC_054.basePlot.vst","2017-11-08","D02","SERC","SERC_054","tower","deciduousForest",38.889274,-76.556464,"WGS84",20.2,365009.69,4305640.60,"18N",19.5,0.3,"vst_SERC_2017","NEON.DOC.000987vG","Y","presentInAll","Y","presentInAll","N",,"noneSelected","noneSelected",800,800,800,,"i3SDxFb/lMMZxDIw/9OBsZ3OfckbEDnA","HwrR06bjl3TqPXYD/ecX4LA/iftMi41T",
"7b455c05-4daf-4694-b26b-21368d9d9e9a","SERC_043.basePlot.vst","2017-11-09","D02","SERC","SERC_043","tower","deciduousForest",38.892735,-76.562158,"WGS84",20.2,364522.41,4306033.13,"18N",14.0,0.3,"vst_SERC_2017","NEON.DOC.000987vG","Y","presentInAll","Y","presentInAll","Y","21","10","noneSelected",800,40,800,,"F1aLHfHLM4qaIk0WIP5D+6fDrn//30Wj","HwrR06bjl3TqPXYD/ecX4LA/iftMi41T",
"1a17acc6-9325-4014-83f1-169b975e7535","SERC_044.basePlot.vst","2017-11-09","D02","SERC","SERC_044","tower","deciduousForest",38.890806,-76.553978,"WGS84",20.2,365228.20,4305806.94,"18N",10.7,0.3,"vst_SERC_2017","NEON.DOC.000987vG","Y","presentInAll","Y","presentInAll","Y","presentInAll","25","noneSelected",800,100,800,,"F1aLHfHLM4qaIk0WIP5D+6fDrn//30Wj","HwrR06bjl3TqPXYD/ecX4LA/iftMi41T",
"129ef9c2-e22e-4a23-83b8-b56e758aba39","SERC_059.basePlot.vst","2017-11-09","D02","SERC","SERC_059","tower","deciduousForest",38.889025,-76.549613,"WGS84",20.3,365603.43,4305602.85,"18N",20.0,0.5,"vst_SERC_2017","NEON.DOC.000987vG","Y","presentInAll","Y","presentInAll","Y","presentInAll","100","noneSelected",800,400,800,,"F1aLHfHLM4qaIk0WIP5D+6fDrn//30Wj","HwrR06bjl3TqPXYD/ecX4LA/iftMi41T",
"4d40da17-98f5-4553-8a52-eec570200cbb","SERC_051.basePlot.vst","2017-11-14","D02","SERC","SERC_051","tower","deciduousForest",38.882861,-76.558624,"WGS84",20.2,364810.19,4304932.10,"18N",9.2,0.2,"vst_SERC_2017","NEON.DOC.000987vG","Y","presentInAll","Y","presentInAll","N",,"25","noneSelected",800,100,800,,"GRwvwbiSPMj1NaUhvL1kyVbfYNVH3Sr0UuCJMFnR3bg=","HwrR06bjl3TqPXYD/ecX4LA/iftMi41T",
"c76fc207-1d78-464a-850f-64d1dbccf972","SERC_062.basePlot.vst","2017-11-15","D02","SERC","SERC_062","tower","deciduousForest",38.881782,-76.558030,"WGS84",20.2,364859.67,4304811.47,"18N",8.8,0.2,"vst_SERC_2017","NEON.DOC.000987vG","Y","presentInAll","Y","presentInAll","N",,"noneSelected","noneSelected",800,800,800,,"HwrR06bjl3TqPXYD/ecX4LA/iftMi41T","GRwvwbiSPMj1NaUhvL1kyVbfYNVH3Sr0UuCJMFnR3bg=",
"4fb0e2a8-9e97-42e8-86a3-6df3a9c0e363","SERC_045.basePlot.vst","2017-11-15","D02","SERC","SERC_045","tower","deciduousForest",38.880974,-76.558720,"WGS84",20.2,364798.28,4304722.83,"18N",19.1,0.4,"vst_SERC_2017","NEON.DOC.000987vG","Y","presentInAll","Y","presentInAll","N",,"noneSelected","noneSelected",800,800,800,,"GRwvwbiSPMj1NaUhvL1kyVbfYNVH3Sr0UuCJMFnR3bg=","HwrR06bjl3TqPXYD/ecX4LA/iftMi41T",
"72ee8565-2149-4c5d-a712-928c8544eecb","SERC_050.basePlot.vst","2017-11-16","D02","SERC","SERC_050","tower","deciduousForest",38.881341,-76.561435,"WGS84",20.2,364563.47,4304767.58,"18N",16.5,0.2,"vst_SERC_2017","NEON.DOC.000987vG","Y","presentInAll","Y","presentInAll","N",,"noneSelected","noneSelected",800,800,800,,"GRwvwbiSPMj1NaUhvL1kyVbfYNVH3Sr0UuCJMFnR3bg=","HwrR06bjl3TqPXYD/ecX4LA/iftMi41T",
"684e1719-80f0-4755-8a9a-d3aba803c4c2","SERC_057.basePlot.vst","2017-11-16","D02","SERC","SERC_057","tower","deciduousForest",38.887086,-76.562843,"WGS84",20.2,364452.26,4305407.24,"18N",0.9,0.2,"vst_SERC_2017","NEON.DOC.000987vG","Y","presentInAll","Y","presentInAll","N",,"25","noneSelected",800,100,800,,"GRwvwbiSPMj1NaUhvL1kyVbfYNVH3Sr0UuCJMFnR3bg=","HwrR06bjl3TqPXYD/ecX4LA/iftMi41T",
"9e1f2a49-14a4-415d-b6bd-b217e81c3edd","SERC_067.basePlot.vst","2017-11-17","D02","SERC","SERC_067","tower","deciduousForest",38.890371,-76.564035,"WGS84",20.1,364355.12,4305773.57,"18N",12.0,0.3,"vst_SERC_2017","NEON.DOC.000987vG","Y","presentInAll","Y","presentInAll","N",,"100","noneSelected",800,400,800,,"HwrR06bjl3TqPXYD/ecX4LA/iftMi41T","GRwvwbiSPMj1NaUhvL1kyVbfYNVH3Sr0UuCJMFnR3bg=",
"0588fa69-5b28-47db-8cee-a728a2fc4863","SERC_047.basePlot.vst","2017-11-21","D02","SERC","SERC_047","tower","deciduousForest",38.885634,-76.560200,"WGS84",20.2,364678.75,4305242.17,"18N",5.7,0.3,"vst_SERC_2017","NEON.DOC.000987vG","Y","presentInAll","Y","presentInAll","N",,"100","noneSelected",800,400,800,,"F1aLHfHLM4qaIk0WIP5D+6fDrn//30Wj","cSNmYLv76T0gVgR+nHwb5XPF8fxAhgwD5+PP/u5QMFs=",
"c328d67a-c5aa-452f-a806-0111a638cea6","SERC_049.basePlot.vst","2017-11-21","D02","SERC","SERC_049","tower","deciduousForest",38.886501,-76.561507,"WGS84",20.3,364567.03,4305340.33,"18N",3.5,0.4,"vst_SERC_2017","NEON.DOC.000987vG","Y","presentInAll","Y","presentInAll","N",,"100","noneSelected",800,400,800,,"F1aLHfHLM4qaIk0WIP5D+6fDrn//30Wj","cSNmYLv76T0gVgR+nHwb5XPF8fxAhgwD5+PP/u5QMFs=",
"505615ff-8db1-46b5-95cd-a66097e3eae9","SERC_056.basePlot.vst","2017-11-27","D02","SERC","SERC_056","tower","deciduousForest",38.886972,-76.560094,"WGS84",20.2,364690.48,4305390.51,"18N",13.0,0.3,"vst_SERC_2017","NEON.DOC.000987vG","Y","presentInAll","Y","presentInAll","Y","presentInAll","25","noneSelected",800,100,800,,"2CALKs4JNjmK3iYT4PUVEer6DObkBehF","GRwvwbiSPMj1NaUhvL1kyVbfYNVH3Sr0UuCJMFnR3bg=",
"ffd0f6f7-6981-4d44-a04a-cf3f12d3704d","SERC_055.basePlot.vst","2017-11-28","D02","SERC","SERC_055","tower","deciduousForest",38.894328,-76.567942,"WGS84",20.2,364023.80,4306218.53,"18N",10.7,0.2,"vst_SERC_2017","NEON.DOC.000987vG","Y","presentInAll","Y","presentInAll","Y","presentInAll","10","100",800,40,400,,"GRwvwbiSPMj1NaUhvL1kyVbfYNVH3Sr0UuCJMFnR3bg=","2CALKs4JNjmK3iYT4PUVEer6DObkBehF",
"108257a6-94f2-4e22-8c77-66bba6a8931a","SERC_048.basePlot.vst","2017-11-30","D02","SERC","SERC_048","tower","deciduousForest",38.893180,-76.566967,"WGS84",20.2,364106.17,4306089.67,"18N",12.5,0.3,"vst_SERC_2017","NEON.DOC.000987vG","Y","presentInAll","Y","presentInAll","N",,"10","noneSelected",800,40,800,,"2CALKs4JNjmK3iYT4PUVEer6DObkBehF","GRwvwbiSPMj1NaUhvL1kyVbfYNVH3Sr0UuCJMFnR3bg=",
"5d1d6b7b-499d-4a80-9307-c412a6432de1","SERC_058.basePlot.vst","2017-11-30","D02","SERC","SERC_058","tower","deciduousForest",38.894243,-76.566570,"WGS84",20.2,364142.63,4306207.05,"18N",17.1,0.3,"vst_SERC_2017","NEON.DOC.000987vG","Y","presentInAll","Y","presentInAll","Y","presentInAll","10","noneSelected",800,40,800,,"GRwvwbiSPMj1NaUhvL1kyVbfYNVH3Sr0UuCJMFnR3bg=","2CALKs4JNjmK3iYT4PUVEer6DObkBehF",
