uid,namedLocation,date,eventID,domainID,siteID,plotID,subplotID,individualID,tagStatus,growthForm,plantStatus,stemDiameter,measurementHeight,height,baseCrownHeight,breakHeight,breakDiameter,maxCrownDiameter,ninetyCrownDiameter,canopyPosition,shape,basalStemDiameter,basalStemDiameterMsrmntHeight,maxBaseCrownDiameter,ninetyBaseCrownDiameter,remarks,recordedBy,measuredBy,dataQF
"ac0eb088-1fab-4ec3-b686-0eb5bb620878","PUUM_046.basePlot.vst","2018-05-15","vst_PUUM_2018","D20","PUUM","PUUM_046",,"NEON.PLA.D20.PUUM.00526","ok","multi-bole tree","Live",11.0,190,7.3,,,,,,,,,,,,,"dYTcvIvHVKJPhi9zgjcxbq0b/YwwN6jNt8Rx2TIt4DE=","7b09tKNMSr/wOeeCXM11rXP6e8wTwK5T0tBo3Wt2uFY=",
"bc845257-4919-4010-b447-69fe7878f990","PUUM_046.basePlot.vst","2018-05-15","vst_PUUM_2018","D20","PUUM","PUUM_046",,"NEON.PLA.D20.PUUM.00589","ok","sapling","Live",,,1.2,,,,,,,,1.5,18,,,,"dYTcvIvHVKJPhi9zgjcxbq0b/YwwN6jNt8Rx2TIt4DE=","7b09tKNMSr/wOeeCXM11rXP6e8wTwK5T0tBo3Wt2uFY=",
"a016b6b5-8909-4659-be38-aca1683c399c","PUUM_046.basePlot.vst","2018-05-15","vst_PUUM_2018","D20","PUUM","PUUM_046",,"NEON.PLA.D20.PUUM.00504","ok","single bole tree","Live",24.5,130,8.2,,,,,,,,,,,,,"dYTcvIvHVKJPhi9zgjcxbq0b/YwwN6jNt8Rx2TIt4DE=","7b09tKNMSr/wOeeCXM11rXP6e8wTwK5T0tBo3Wt2uFY=",
"531bb50d-f389-4f29-b9c5-f3631a87d70c","PUUM_046.basePlot.vst","2018-05-15","vst_PUUM_2018","D20","PUUM","PUUM_046",,"NEON.PLA.D20.PUUM.00585","ok","sapling","Live",,,0.4,,,,,,,,5.3,20,,,,"dYTcvIvHVKJPhi9zgjcxbq0b/YwwN6jNt8Rx2TIt4DE=","7b09tKNMSr/wOeeCXM11rXP6e8wTwK5T0tBo3Wt2uFY=",
"e7c01b47-288e-47e4-a0d1-8464e71f5610","PUUM_046.basePlot.vst","2018-05-15","vst_PUUM_2018","D20","PUUM","PUUM_046",,"NEON.PLA.D20.PUUM.00518","ok","multi-bole tree","Live",39.0,160,13.8,,,,,,,,,,,,,"dYTcvIvHVKJPhi9zgjcxbq0b/YwwN6jNt8Rx2TIt4DE=","7b09tKNMSr/wOeeCXM11rXP6e8wTwK5T0tBo3Wt2uFY=",
"c4263eab-bde3-47d5-b9de-610626af0ef3","PUUM_046.basePlot.vst","2018-05-15","vst_PUUM_2018","D20","PUUM","PUUM_046",,"NEON.PLA.D20.PUUM.00538","ok","sapling","Live, physically damaged",,,0.5,,,,,,,,1.1,10,,,,"dYTcvIvHVKJPhi9zgjcxbq0b/YwwN6jNt8Rx2TIt4DE=","7b09tKNMSr/wOeeCXM11rXP6e8wTwK5T0tBo3Wt2uFY=",
"8630f327-9505-4368-8b5c-b3f710a73b55","PUUM_046.basePlot.vst","2018-05-15","vst_PUUM_2018","D20","PUUM","PUUM_046",,"NEON.PLA.D20.PUUM.00510A","ok","single bole tree","Live",12.6,200,13.7,,,,,,,,,,,,,"dYTcvIvHVKJPhi9zgjcxbq0b/YwwN6jNt8Rx2TIt4DE=","7b09tKNMSr/wOeeCXM11rXP6e8wTwK5T0tBo3Wt2uFY=",
"609ad378-1c9a-48b5-a601-ac74140b6fe0","PUUM_046.basePlot.vst","2018-05-15","vst_PUUM_2018","D20","PUUM","PUUM_046",,"NEON.PLA.D20.PUUM.00586","ok","single shrub","Live",1.9,138,3.6,,,,3.5,2.0,,"inverted cone",2.1,20,0.50,0.10,,"dYTcvIvHVKJPhi9zgjcxbq0b/YwwN6jNt8Rx2TIt4DE=","7b09tKNMSr/wOeeCXM11rXP6e8wTwK5T0tBo3Wt2uFY=",
"ca8950b2-18a9-4ff4-8093-7732b6e2bd81","PUUM_046.basePlot.vst","2018-05-15","vst_PUUM_2018","D20","PUUM","PUUM_046",,"NEON.PLA.D20.PUUM.00525","ok","single bole tree","Live",10.2,100,6.2,,,,,,,,,,,,,"dYTcvIvHVKJPhi9zgjcxbq0b/YwwN6jNt8Rx2TIt4DE=","7b09tKNMSr/wOeeCXM11rXP6e8wTwK5T0tBo3Wt2uFY=",
"31921847-21cb-4fb3-b643-61c27c30bad7","PUUM_046.basePlot.vst","2018-05-15","vst_PUUM_2018","D20","PUUM","PUUM_046",,"NEON.PLA.D20.PUUM.00587","ok","sapling","Live",,,1.1,,,,,,,,1.1,10,,,,"dYTcvIvHVKJPhi9zgjcxbq0b/YwwN6jNt8Rx2TIt4DE=","7b09tKNMSr/wOeeCXM11rXP6e8wTwK5T0tBo3Wt2uFY=",
"6807246c-8df0-4d00-b570-d9fdf086cb6e","PUUM_046.basePlot.vst","2018-05-15","vst_PUUM_2018","D20","PUUM","PUUM_046",,"NEON.PLA.D20.PUUM.00586","ok","single shrub","Live, physically damaged",1.8,130,3.6,,,,4.0,2.0,,"inverted cone",2.0,10,0.70,0.10,,"dYTcvIvHVKJPhi9zgjcxbq0b/YwwN6jNt8Rx2TIt4DE=","7b09tKNMSr/wOeeCXM11rXP6e8wTwK5T0tBo3Wt2uFY=",
"74328289-6955-4e69-b754-f3fbc13f7cd9","PUUM_046.basePlot.vst","2018-05-15","vst_PUUM_2018","D20","PUUM","PUUM_046",,"NEON.PLA.D20.PUUM.00586","ok","single shrub","Live",1.7,130,3.6,,,,4.0,2.0,,"inverted cone",2.0,20,0.70,0.10,,"dYTcvIvHVKJPhi9zgjcxbq0b/YwwN6jNt8Rx2TIt4DE=","7b09tKNMSr/wOeeCXM11rXP6e8wTwK5T0tBo3Wt2uFY=",
"78dd3bf4-2f1c-4c9a-9003-4ddddfe81477","PUUM_046.basePlot.vst","2018-05-15","vst_PUUM_2018","D20","PUUM","PUUM_046",,"NEON.PLA.D20.PUUM.00513","ok","single bole tree","Live",20.0,110,9.2,,,,,,,,,,,,,"dYTcvIvHVKJPhi9zgjcxbq0b/YwwN6jNt8Rx2TIt4DE=","7b09tKNMSr/wOeeCXM11rXP6e8wTwK5T0tBo3Wt2uFY=",
"fefa8592-ac07-4389-9c11-590d17c749e1","PUUM_046.basePlot.vst","2018-05-15","vst_PUUM_2018","D20","PUUM","PUUM_046",,"NEON.PLA.D20.PUUM.00519","ok","single bole tree","Standing dead",20.5,130,1.6,,,,,,,,,,,,,"dYTcvIvHVKJPhi9zgjcxbq0b/YwwN6jNt8Rx2TIt4DE=","7b09tKNMSr/wOeeCXM11rXP6e8wTwK5T0tBo3Wt2uFY=",
"55c5312c-e75d-46ec-928d-01894113f934","PUUM_046.basePlot.vst","2018-05-15","vst_PUUM_2018","D20","PUUM","PUUM_046",,"NEON.PLA.D20.PUUM.00584","ok","small tree","Live, broken bole",2.0,130,1.9,,0.1,,,,,,,,,,,"dYTcvIvHVKJPhi9zgjcxbq0b/YwwN6jNt8Rx2TIt4DE=","7b09tKNMSr/wOeeCXM11rXP6e8wTwK5T0tBo3Wt2uFY=",
"fb078bb6-a9e9-4659-8680-cdf53ab12664","PUUM_046.basePlot.vst","2018-05-15","vst_PUUM_2018","D20","PUUM","PUUM_046",,"NEON.PLA.D20.PUUM.00506","ok","single bole tree","Live",14.4,130,9.2,,,,,,,,,,,,,"dYTcvIvHVKJPhi9zgjcxbq0b/YwwN6jNt8Rx2TIt4DE=","7b09tKNMSr/wOeeCXM11rXP6e8wTwK5T0tBo3Wt2uFY=",
"425b4caa-faa7-494a-a6c4-dae58ac6eb9b","PUUM_046.basePlot.vst","2018-05-15","vst_PUUM_2018","D20","PUUM","PUUM_046",,"NEON.PLA.D20.PUUM.00507","ok","single bole tree","Live",18.8,130,15.7,,,,,,,,,,,,,"dYTcvIvHVKJPhi9zgjcxbq0b/YwwN6jNt8Rx2TIt4DE=","7b09tKNMSr/wOeeCXM11rXP6e8wTwK5T0tBo3Wt2uFY=",
"be6d8ef2-6802-4b2a-a949-9b624c1fb3ce","PUUM_046.basePlot.vst","2018-05-15","vst_PUUM_2018","D20","PUUM","PUUM_046",,"NEON.PLA.D20.PUUM.00524","ok","single bole tree","Standing dead",21.0,130,1.8,,,,,,,,,,,,,"dYTcvIvHVKJPhi9zgjcxbq0b/YwwN6jNt8Rx2TIt4DE=","7b09tKNMSr/wOeeCXM11rXP6e8wTwK5T0tBo3Wt2uFY=",
"1eb14f43-7b8a-475a-a71c-b3bc4467e6ec","PUUM_046.basePlot.vst","2018-05-15","vst_PUUM_2018","D20","PUUM","PUUM_046",,"NEON.PLA.D20.PUUM.00526A","ok","multi-bole tree","Live",7.4,190,,,,,,,,,,,,,,"dYTcvIvHVKJPhi9zgjcxbq0b/YwwN6jNt8Rx2TIt4DE=","7b09tKNMSr/wOeeCXM11rXP6e8wTwK5T0tBo3Wt2uFY=",
"f2e7f43b-88c9-4d08-aae9-4f646208b6f9","PUUM_046.basePlot.vst","2018-05-15","vst_PUUM_2018","D20","PUUM","PUUM_046",,"NEON.PLA.D20.PUUM.00518A","ok","multi-bole tree","Live",19.0,160,,,,,,,,,,,,,,"dYTcvIvHVKJPhi9zgjcxbq0b/YwwN6jNt8Rx2TIt4DE=","7b09tKNMSr/wOeeCXM11rXP6e8wTwK5T0tBo3Wt2uFY=",
"43a5bb02-e687-4935-b56f-7af49a3e3e84","PUUM_046.basePlot.vst","2018-05-15","vst_PUUM_2018","D20","PUUM","PUUM_046",,"NEON.PLA.D20.PUUM.00588","ok","sapling","Live",,,1.3,,,,,,,,23.5,10,,,"Fern crown at 130","dYTcvIvHVKJPhi9zgjcxbq0b/YwwN6jNt8Rx2TIt4DE=","7b09tKNMSr/wOeeCXM11rXP6e8wTwK5T0tBo3Wt2uFY=",
"38be3ee3-ee0a-4b9a-b43d-d45850a5eb7e","PUUM_046.basePlot.vst","2018-05-15","vst_PUUM_2018","D20","PUUM","PUUM_046",,"NEON.PLA.D20.PUUM.00517","ok","single bole tree","Live",27.1,130,2.4,,,,,,,,,,,,,"dYTcvIvHVKJPhi9zgjcxbq0b/YwwN6jNt8Rx2TIt4DE=","7b09tKNMSr/wOeeCXM11rXP6e8wTwK5T0tBo3Wt2uFY=",
"722bf4c5-4939-4e06-99d1-2aeaea0ed394","PUUM_046.basePlot.vst","2018-05-15","vst_PUUM_2018","D20","PUUM","PUUM_046",,"NEON.PLA.D20.PUUM.00534","ok","small tree","Live",1.4,130,1.8,,,,,,,,,,,,,"dYTcvIvHVKJPhi9zgjcxbq0b/YwwN6jNt8Rx2TIt4DE=","7b09tKNMSr/wOeeCXM11rXP6e8wTwK5T0tBo3Wt2uFY=",
"bad6c302-f334-48c1-99a5-b1934286d437","PUUM_046.basePlot.vst","2018-05-15","vst_PUUM_2018","D20","PUUM","PUUM_046",,"NEON.PLA.D20.PUUM.00529","ok","small tree","Live",5.8,130,4.7,,,,,,,,,,,,,"dYTcvIvHVKJPhi9zgjcxbq0b/YwwN6jNt8Rx2TIt4DE=","7b09tKNMSr/wOeeCXM11rXP6e8wTwK5T0tBo3Wt2uFY=",
"c0d0dcb2-5bec-4767-baab-05e15da18aa8","PUUM_046.basePlot.vst","2018-05-15","vst_PUUM_2018","D20","PUUM","PUUM_046",,"NEON.PLA.D20.PUUM.00511","ok","single bole tree","Live",10.6,130,10.1,,,,,,,,,,,,,"dYTcvIvHVKJPhi9zgjcxbq0b/YwwN6jNt8Rx2TIt4DE=","7b09tKNMSr/wOeeCXM11rXP6e8wTwK5T0tBo3Wt2uFY=",
"739b1f7c-900a-44b3-aa34-00c938c2f563","PUUM_046.basePlot.vst","2018-05-15","vst_PUUM_2018","D20","PUUM","PUUM_046",,"NEON.PLA.D20.PUUM.00530","ok","small tree","Standing dead",9.5,130,8.1,,,,,,,,,,,,,"dYTcvIvHVKJPhi9zgjcxbq0b/YwwN6jNt8Rx2TIt4DE=","7b09tKNMSr/wOeeCXM11rXP6e8wTwK5T0tBo3Wt2uFY=",
"091e1819-eac5-4603-bfcc-b2e21de92a15","PUUM_046.basePlot.vst","2018-05-15","vst_PUUM_2018","D20","PUUM","PUUM_046",,"NEON.PLA.D20.PUUM.00515","ok","single bole tree","Live",29.9,130,3.2,,,,,,,,,,,,,"dYTcvIvHVKJPhi9zgjcxbq0b/YwwN6jNt8Rx2TIt4DE=","7b09tKNMSr/wOeeCXM11rXP6e8wTwK5T0tBo3Wt2uFY=",
"eb69942e-334a-4b6c-b935-2ffc0376fecb","PUUM_046.basePlot.vst","2018-05-15","vst_PUUM_2018","D20","PUUM","PUUM_046",,"NEON.PLA.D20.PUUM.00539","ok","small tree","Live",5.2,130,5.3,,,,,,,,,,,,,"dYTcvIvHVKJPhi9zgjcxbq0b/YwwN6jNt8Rx2TIt4DE=","7b09tKNMSr/wOeeCXM11rXP6e8wTwK5T0tBo3Wt2uFY=",
"21480e3b-08d0-463f-bd4e-cddc0cf6c8fd","PUUM_046.basePlot.vst","2018-05-15","vst_PUUM_2018","D20","PUUM","PUUM_046",,"NEON.PLA.D20.PUUM.00521","ok","single bole tree","Live",20.0,100,2.1,,,,,,,,,,,,,"dYTcvIvHVKJPhi9zgjcxbq0b/YwwN6jNt8Rx2TIt4DE=","7b09tKNMSr/wOeeCXM11rXP6e8wTwK5T0tBo3Wt2uFY=",
"19f6654d-83b1-4985-874a-305d822ae3cd","PUUM_046.basePlot.vst","2018-05-15","vst_PUUM_2018","D20","PUUM","PUUM_046",,"NEON.PLA.D20.PUUM.00514","ok","single bole tree","Live, physically damaged",24.6,130,1.4,,,,,,,,,,,,"Vd Apex offset","dYTcvIvHVKJPhi9zgjcxbq0b/YwwN6jNt8Rx2TIt4DE=","7b09tKNMSr/wOeeCXM11rXP6e8wTwK5T0tBo3Wt2uFY=",
"51044c5c-4676-4e2d-a96b-0771dd62e634","PUUM_046.basePlot.vst","2018-05-15","vst_PUUM_2018","D20","PUUM","PUUM_046",,"NEON.PLA.D20.PUUM.00536","ok","small tree","Live",4.3,130,5.3,,,,,,,,,,,,,"dYTcvIvHVKJPhi9zgjcxbq0b/YwwN6jNt8Rx2TIt4DE=","7b09tKNMSr/wOeeCXM11rXP6e8wTwK5T0tBo3Wt2uFY=",
"498a2779-5129-45e9-b1e7-8e0d3be8b092","PUUM_046.basePlot.vst","2018-05-15","vst_PUUM_2018","D20","PUUM","PUUM_046",,"NEON.PLA.D20.PUUM.00505","ok","single bole tree","Live",10.5,130,6.4,,,,,,,,,,,,,"dYTcvIvHVKJPhi9zgjcxbq0b/YwwN6jNt8Rx2TIt4DE=","7b09tKNMSr/wOeeCXM11rXP6e8wTwK5T0tBo3Wt2uFY=",
"4e138cc9-977f-442a-85c2-81f7c2872973","PUUM_046.basePlot.vst","2018-05-15","vst_PUUM_2018","D20","PUUM","PUUM_046",,"NEON.PLA.D20.PUUM.00516","ok","single bole tree","Live",15.0,130,10.7,,,,,,,,,,,,,"dYTcvIvHVKJPhi9zgjcxbq0b/YwwN6jNt8Rx2TIt4DE=","7b09tKNMSr/wOeeCXM11rXP6e8wTwK5T0tBo3Wt2uFY=",
"dd8acb70-b648-4840-aeb8-0f92725bd06a","PUUM_046.basePlot.vst","2018-05-15","vst_PUUM_2018","D20","PUUM","PUUM_046",,"NEON.PLA.D20.PUUM.00528","ok","small tree","Live",6.2,130,8.9,,,,,,,,,,,,,"dYTcvIvHVKJPhi9zgjcxbq0b/YwwN6jNt8Rx2TIt4DE=","7b09tKNMSr/wOeeCXM11rXP6e8wTwK5T0tBo3Wt2uFY=",
"a9607a4c-9a98-49ba-a8b5-0e58fb7ad322","PUUM_046.basePlot.vst","2018-05-15","vst_PUUM_2018","D20","PUUM","PUUM_046",,"NEON.PLA.D20.PUUM.00533","ok","small tree","Live",2.1,130,3.3,,,,,,,,,,,,,"dYTcvIvHVKJPhi9zgjcxbq0b/YwwN6jNt8Rx2TIt4DE=","7b09tKNMSr/wOeeCXM11rXP6e8wTwK5T0tBo3Wt2uFY=",
"c8bd8b16-5b9f-4418-941f-8d374b35ca1b","PUUM_046.basePlot.vst","2018-05-15","vst_PUUM_2018","D20","PUUM","PUUM_046",,"NEON.PLA.D20.PUUM.00537","ok","small tree","Live",3.1,130,4.3,,,,,,,,,,,,,"dYTcvIvHVKJPhi9zgjcxbq0b/YwwN6jNt8Rx2TIt4DE=","7b09tKNMSr/wOeeCXM11rXP6e8wTwK5T0tBo3Wt2uFY=",
"ef994171-6605-4421-bd1e-991c5480afff","PUUM_046.basePlot.vst","2018-05-15","vst_PUUM_2018","D20","PUUM","PUUM_046",,"NEON.PLA.D20.PUUM.00522","ok","single bole tree","Live",23.5,130,2.9,,,,,,,,,,,,,"dYTcvIvHVKJPhi9zgjcxbq0b/YwwN6jNt8Rx2TIt4DE=","7b09tKNMSr/wOeeCXM11rXP6e8wTwK5T0tBo3Wt2uFY=",
"83f059b5-cd65-451f-9b58-e961586e97d9","PUUM_046.basePlot.vst","2018-05-15","vst_PUUM_2018","D20","PUUM","PUUM_046",,"NEON.PLA.D20.PUUM.00512","ok","single bole tree","Live",13.4,90,6.7,,,,,,,,,,,,"Propped roots","dYTcvIvHVKJPhi9zgjcxbq0b/YwwN6jNt8Rx2TIt4DE=","7b09tKNMSr/wOeeCXM11rXP6e8wTwK5T0tBo3Wt2uFY=",
"f340b965-e3fd-40bb-b1ea-355072045aee","PUUM_046.basePlot.vst","2018-05-15","vst_PUUM_2018","D20","PUUM","PUUM_046",,"NEON.PLA.D20.PUUM.00531","ok","single shrub","Live",1.9,130,3.1,,,,3.5,2.0,,"half-sphere",2.4,10,,,,"dYTcvIvHVKJPhi9zgjcxbq0b/YwwN6jNt8Rx2TIt4DE=","7b09tKNMSr/wOeeCXM11rXP6e8wTwK5T0tBo3Wt2uFY=",
"829afa80-62b1-44bb-9d47-9d1dc2a51337","PUUM_046.basePlot.vst","2018-05-15","vst_PUUM_2018","D20","PUUM","PUUM_046",,"NEON.PLA.D20.PUUM.00520","ok","single bole tree","Standing dead",31.0,200,2.3,,,,,,,,,,,,"Vd Apex offset","dYTcvIvHVKJPhi9zgjcxbq0b/YwwN6jNt8Rx2TIt4DE=","7b09tKNMSr/wOeeCXM11rXP6e8wTwK5T0tBo3Wt2uFY=",
"fc1165b5-ca4b-4325-a1c5-e479b00968d9","PUUM_046.basePlot.vst","2018-05-15","vst_PUUM_2018","D20","PUUM","PUUM_046",,"NEON.PLA.D20.PUUM.00509","ok","single bole tree","Live",14.6,80,9.0,,,,,,,,,,,,,"dYTcvIvHVKJPhi9zgjcxbq0b/YwwN6jNt8Rx2TIt4DE=","7b09tKNMSr/wOeeCXM11rXP6e8wTwK5T0tBo3Wt2uFY=",
"7838606e-a914-4db8-bab6-28ad2e7cf3f8","PUUM_046.basePlot.vst","2018-05-15","vst_PUUM_2018","D20","PUUM","PUUM_046",,"NEON.PLA.D20.PUUM.00533","ok","small tree","Live",2.3,130,3.3,,,,,,,,,,,,,"dYTcvIvHVKJPhi9zgjcxbq0b/YwwN6jNt8Rx2TIt4DE=","7b09tKNMSr/wOeeCXM11rXP6e8wTwK5T0tBo3Wt2uFY=",
"de4a84e4-2ed1-4f92-87a1-a93a3d2bdd52","PUUM_046.basePlot.vst","2018-05-15","vst_PUUM_2018","D20","PUUM","PUUM_046",,"NEON.PLA.D20.PUUM.00510","ok","multi-bole tree","Live",22.4,200,13.7,,,,,,,,,,,,,"dYTcvIvHVKJPhi9zgjcxbq0b/YwwN6jNt8Rx2TIt4DE=","7b09tKNMSr/wOeeCXM11rXP6e8wTwK5T0tBo3Wt2uFY=",
"4f8d2684-cfdb-4edf-b0d9-22d8448c5ac4","PUUM_046.basePlot.vst","2018-05-15","vst_PUUM_2018","D20","PUUM","PUUM_046",,"NEON.PLA.D20.PUUM.00508","ok","single bole tree","Live, physically damaged",10.9,170,8.2,,,,,,,,,,,,,"dYTcvIvHVKJPhi9zgjcxbq0b/YwwN6jNt8Rx2TIt4DE=","7b09tKNMSr/wOeeCXM11rXP6e8wTwK5T0tBo3Wt2uFY=",
"468aa719-68ba-4a4f-bae7-ca6ac7409fbb","PUUM_046.basePlot.vst","2018-05-15","vst_PUUM_2018","D20","PUUM","PUUM_046",,"NEON.PLA.D20.PUUM.00535","ok","sapling","Live",,,1.6,,,,,,,,1.2,10,,,,"dYTcvIvHVKJPhi9zgjcxbq0b/YwwN6jNt8Rx2TIt4DE=","7b09tKNMSr/wOeeCXM11rXP6e8wTwK5T0tBo3Wt2uFY=",
"887ddac1-2f1e-41b2-a672-99436aa67604","PUUM_046.basePlot.vst","2018-05-15","vst_PUUM_2018","D20","PUUM","PUUM_046",,"NEON.PLA.D20.PUUM.00523","ok","single bole tree","Live",22.3,130,1.8,,,,,,,,,,,,,"dYTcvIvHVKJPhi9zgjcxbq0b/YwwN6jNt8Rx2TIt4DE=","7b09tKNMSr/wOeeCXM11rXP6e8wTwK5T0tBo3Wt2uFY=",
"aaa3b569-3ce1-4588-96f6-5f948d0ced96","PUUM_046.basePlot.vst","2018-05-15","vst_PUUM_2018","D20","PUUM","PUUM_046",,"NEON.PLA.D20.PUUM.00532","ok","small tree","Live",7.7,130,7.8,,,,,,,,,,,,,"dYTcvIvHVKJPhi9zgjcxbq0b/YwwN6jNt8Rx2TIt4DE=","7b09tKNMSr/wOeeCXM11rXP6e8wTwK5T0tBo3Wt2uFY=",
"ee96418e-a100-484d-be2e-5a610eedc926","PUUM_042.basePlot.vst","2018-05-21","vst_PUUM_2018","D20","PUUM","PUUM_042",,"NEON.PLA.D20.PUUM.00711","ok","sapling","Live",,,0.2,,,,,,,,11.9,10,,,"Growing on suspended log so top is 0.6 m above ground","7b09tKNMSr/wOeeCXM11rXP6e8wTwK5T0tBo3Wt2uFY=","dYTcvIvHVKJPhi9zgjcxbq0b/YwwN6jNt8Rx2TIt4DE=",
"93843bb7-c7d7-4cfc-896c-759c8f8d3fc9","PUUM_042.basePlot.vst","2018-05-21","vst_PUUM_2018","D20","PUUM","PUUM_042",,"NEON.PLA.D20.PUUM.00578","ok","single bole tree","Dead, broken bole",14.8,130,2.5,,0.1,,,,,,,,,,,"7b09tKNMSr/wOeeCXM11rXP6e8wTwK5T0tBo3Wt2uFY=","dYTcvIvHVKJPhi9zgjcxbq0b/YwwN6jNt8Rx2TIt4DE=",
"5e3e4213-c3fc-48e1-89ae-68345350c4be","PUUM_042.basePlot.vst","2018-05-21","vst_PUUM_2018","D20","PUUM","PUUM_042",,"NEON.PLA.D20.PUUM.00609","ok","single bole tree","Live",12.7,140,8.4,,,,,,,,,,,,,"7b09tKNMSr/wOeeCXM11rXP6e8wTwK5T0tBo3Wt2uFY=","dYTcvIvHVKJPhi9zgjcxbq0b/YwwN6jNt8Rx2TIt4DE=",
"5450860e-39be-4bb4-a016-066228a06e82","PUUM_042.basePlot.vst","2018-05-21","vst_PUUM_2018","D20","PUUM","PUUM_042",,"NEON.PLA.D20.PUUM.00721","ok","small tree","Live",1.8,120,2.8,,,,,,,,,,,,,"7b09tKNMSr/wOeeCXM11rXP6e8wTwK5T0tBo3Wt2uFY=","dYTcvIvHVKJPhi9zgjcxbq0b/YwwN6jNt8Rx2TIt4DE=",
"6ada841d-7734-4e4a-b25f-fc5e463b9eb3","PUUM_042.basePlot.vst","2018-05-21","vst_PUUM_2018","D20","PUUM","PUUM_042",,"NEON.PLA.D20.PUUM.00604A","ok","multi-bole tree","Live",10.1,130,8.4,,,,,,,,,,,,,"7b09tKNMSr/wOeeCXM11rXP6e8wTwK5T0tBo3Wt2uFY=","dYTcvIvHVKJPhi9zgjcxbq0b/YwwN6jNt8Rx2TIt4DE=",
"0a6fcd0f-a108-453a-b903-2c95d595b28c","PUUM_042.basePlot.vst","2018-05-21","vst_PUUM_2018","D20","PUUM","PUUM_042",,"NEON.PLA.D20.PUUM.00616","ok","small tree","Live",2.0,132,3.8,,,,,,,,,,,,,"7b09tKNMSr/wOeeCXM11rXP6e8wTwK5T0tBo3Wt2uFY=","dYTcvIvHVKJPhi9zgjcxbq0b/YwwN6jNt8Rx2TIt4DE=",
"24a7769b-b9e0-4f11-897e-b657e6d78d06","PUUM_042.basePlot.vst","2018-05-21","vst_PUUM_2018","D20","PUUM","PUUM_042",,"NEON.PLA.D20.PUUM.00702","ok","small tree","Live",2.4,130,3.4,,,,,,,,,,,,,"7b09tKNMSr/wOeeCXM11rXP6e8wTwK5T0tBo3Wt2uFY=","dYTcvIvHVKJPhi9zgjcxbq0b/YwwN6jNt8Rx2TIt4DE=",
"ebd59c9a-e734-4e7d-869c-6ff9dccf0a37","PUUM_042.basePlot.vst","2018-05-21","vst_PUUM_2018","D20","PUUM","PUUM_042",,"NEON.PLA.D20.PUUM.00704","ok","small tree","Live",4.2,130,6.4,,,,,,,,,,,,,"7b09tKNMSr/wOeeCXM11rXP6e8wTwK5T0tBo3Wt2uFY=","dYTcvIvHVKJPhi9zgjcxbq0b/YwwN6jNt8Rx2TIt4DE=",
"24eb477c-0dd6-4067-a851-2aa5b3b03dfc","PUUM_042.basePlot.vst","2018-05-21","vst_PUUM_2018","D20","PUUM","PUUM_042",,"NEON.PLA.D20.PUUM.00709","ok","small tree","Live",3.1,130,5.6,,,,,,,,,,,,,"7b09tKNMSr/wOeeCXM11rXP6e8wTwK5T0tBo3Wt2uFY=","dYTcvIvHVKJPhi9zgjcxbq0b/YwwN6jNt8Rx2TIt4DE=",
"216671c4-bb50-4af5-995b-047c3a72c17b","PUUM_042.basePlot.vst","2018-05-21","vst_PUUM_2018","D20","PUUM","PUUM_042",,"NEON.PLA.D20.PUUM.00606","ok","single bole tree","Live",31.7,130,2.2,,,,,,,,,,,,,"7b09tKNMSr/wOeeCXM11rXP6e8wTwK5T0tBo3Wt2uFY=","dYTcvIvHVKJPhi9zgjcxbq0b/YwwN6jNt8Rx2TIt4DE=",
"b7f2a1e4-5011-4a6a-84dc-46bbde2d0433","PUUM_042.basePlot.vst","2018-05-21","vst_PUUM_2018","D20","PUUM","PUUM_042",,"NEON.PLA.D20.PUUM.00701","ok","small tree","Live",1.9,130,3.7,,,,,,,,,,,,,"7b09tKNMSr/wOeeCXM11rXP6e8wTwK5T0tBo3Wt2uFY=","dYTcvIvHVKJPhi9zgjcxbq0b/YwwN6jNt8Rx2TIt4DE=",
"5fad6398-7a29-4a06-b58c-99d4ca1560fb","PUUM_042.basePlot.vst","2018-05-21","vst_PUUM_2018","D20","PUUM","PUUM_042",,"NEON.PLA.D20.PUUM.00553","ok","small tree","Live",5.3,130,7.0,,,,,,,,,,,,,"7b09tKNMSr/wOeeCXM11rXP6e8wTwK5T0tBo3Wt2uFY=","dYTcvIvHVKJPhi9zgjcxbq0b/YwwN6jNt8Rx2TIt4DE=",
"0d986658-111f-4cd9-a509-859575ee3b2c","PUUM_042.basePlot.vst","2018-05-21","vst_PUUM_2018","D20","PUUM","PUUM_042",,"NEON.PLA.D20.PUUM.00619","ok","sapling","Live",,,1.0,,,,,,,,17.8,10,,,,"7b09tKNMSr/wOeeCXM11rXP6e8wTwK5T0tBo3Wt2uFY=","dYTcvIvHVKJPhi9zgjcxbq0b/YwwN6jNt8Rx2TIt4DE=",
"cb3d7a2e-abdd-43b4-a72b-d9abcb24b2fe","PUUM_042.basePlot.vst","2018-05-21","vst_PUUM_2018","D20","PUUM","PUUM_042",,"NEON.PLA.D20.PUUM.00568","ok","single bole tree","Standing dead",23.7,130,1.2,,,,,,,,,,,,,"7b09tKNMSr/wOeeCXM11rXP6e8wTwK5T0tBo3Wt2uFY=","dYTcvIvHVKJPhi9zgjcxbq0b/YwwN6jNt8Rx2TIt4DE=",
"0d2b6544-e036-4a9c-a7f7-567ae5a5e28f","PUUM_042.basePlot.vst","2018-05-21","vst_PUUM_2018","D20","PUUM","PUUM_042",,"NEON.PLA.D20.PUUM.00541","ok","single bole tree","Live, physically damaged",46.5,180,16.7,,,,,,,,,,,,"Calipered average widest and 90deg","7b09tKNMSr/wOeeCXM11rXP6e8wTwK5T0tBo3Wt2uFY=","dYTcvIvHVKJPhi9zgjcxbq0b/YwwN6jNt8Rx2TIt4DE=",
"afe15467-5671-49ff-940e-521eb099bd8b","PUUM_042.basePlot.vst","2018-05-21","vst_PUUM_2018","D20","PUUM","PUUM_042",,"NEON.PLA.D20.PUUM.00548","ok","single bole tree","Live",15.7,80,5.4,,,,,,,,,,,,,"7b09tKNMSr/wOeeCXM11rXP6e8wTwK5T0tBo3Wt2uFY=","dYTcvIvHVKJPhi9zgjcxbq0b/YwwN6jNt8Rx2TIt4DE=",
"4f743059-18a6-4bd8-993a-00155f4514e2","PUUM_042.basePlot.vst","2018-05-21","vst_PUUM_2018","D20","PUUM","PUUM_042",,"NEON.PLA.D20.PUUM.00571","ok","single bole tree","Live",42.3,130,15.9,,,,,,,,,,,,,"7b09tKNMSr/wOeeCXM11rXP6e8wTwK5T0tBo3Wt2uFY=","dYTcvIvHVKJPhi9zgjcxbq0b/YwwN6jNt8Rx2TIt4DE=",
"b011f6b0-e841-4b79-a271-474fbc3825d7","PUUM_042.basePlot.vst","2018-05-21","vst_PUUM_2018","D20","PUUM","PUUM_042",,"NEON.PLA.D20.PUUM.00713","ok","small tree","Live",6.1,130,7.2,,,,,,,,,,,,,"7b09tKNMSr/wOeeCXM11rXP6e8wTwK5T0tBo3Wt2uFY=","dYTcvIvHVKJPhi9zgjcxbq0b/YwwN6jNt8Rx2TIt4DE=",
"d0f2ecf0-bbfd-4bd1-98ae-c37fadf46907","PUUM_042.basePlot.vst","2018-05-21","vst_PUUM_2018","D20","PUUM","PUUM_042",,"NEON.PLA.D20.PUUM.00718","ok","sapling","Live",,,1.3,,,,,,,,1.2,10,,,,"7b09tKNMSr/wOeeCXM11rXP6e8wTwK5T0tBo3Wt2uFY=","dYTcvIvHVKJPhi9zgjcxbq0b/YwwN6jNt8Rx2TIt4DE=",
"71c7531f-29dc-4134-b4ac-82d89fb6cb3b","PUUM_042.basePlot.vst","2018-05-21","vst_PUUM_2018","D20","PUUM","PUUM_042",,"NEON.PLA.D20.PUUM.00543","ok","single bole tree","Live",19.6,130,15.9,,,,,,,,,,,,,"7b09tKNMSr/wOeeCXM11rXP6e8wTwK5T0tBo3Wt2uFY=","dYTcvIvHVKJPhi9zgjcxbq0b/YwwN6jNt8Rx2TIt4DE=",
"6401bb28-d6c1-48a6-9209-dce82959763b","PUUM_042.basePlot.vst","2018-05-21","vst_PUUM_2018","D20","PUUM","PUUM_042",,"NEON.PLA.D20.PUUM.00542","ok","single bole tree","Live",25.5,130,66.1,,,,,,,,,,,,,"7b09tKNMSr/wOeeCXM11rXP6e8wTwK5T0tBo3Wt2uFY=","dYTcvIvHVKJPhi9zgjcxbq0b/YwwN6jNt8Rx2TIt4DE=",
"c7050b22-4b77-4fbf-9cc6-d5ee7f5a1aa4","PUUM_042.basePlot.vst","2018-05-21","vst_PUUM_2018","D20","PUUM","PUUM_042",,"NEON.PLA.D20.PUUM.00604","ok","multi-bole tree","Live",12.1,120,8.4,,,,,,,,,,,,,"7b09tKNMSr/wOeeCXM11rXP6e8wTwK5T0tBo3Wt2uFY=","dYTcvIvHVKJPhi9zgjcxbq0b/YwwN6jNt8Rx2TIt4DE=",
"361d3bc5-6ddd-464b-8417-1b8d2a8a574d","PUUM_042.basePlot.vst","2018-05-21","vst_PUUM_2018","D20","PUUM","PUUM_042",,"NEON.PLA.D20.PUUM.00724","ok","sapling","Live",,,1.9,,,,,,,,1.3,10,,,,"7b09tKNMSr/wOeeCXM11rXP6e8wTwK5T0tBo3Wt2uFY=","dYTcvIvHVKJPhi9zgjcxbq0b/YwwN6jNt8Rx2TIt4DE=",
"171f98bd-2271-497d-ad35-6dc52729849f","PUUM_042.basePlot.vst","2018-05-21","vst_PUUM_2018","D20","PUUM","PUUM_042",,"NEON.PLA.D20.PUUM.00720","ok","small tree","Live",4.0,130,3.4,,,,,,,,,,,,,"7b09tKNMSr/wOeeCXM11rXP6e8wTwK5T0tBo3Wt2uFY=","dYTcvIvHVKJPhi9zgjcxbq0b/YwwN6jNt8Rx2TIt4DE=",
"eca063d9-3938-440d-80ef-70bf23afcaad","PUUM_042.basePlot.vst","2018-05-21","vst_PUUM_2018","D20","PUUM","PUUM_042",,"NEON.PLA.D20.PUUM.00561","ok","single bole tree","Live",28.5,130,21.9,,,,,,,,,,,,,"7b09tKNMSr/wOeeCXM11rXP6e8wTwK5T0tBo3Wt2uFY=","dYTcvIvHVKJPhi9zgjcxbq0b/YwwN6jNt8Rx2TIt4DE=",
"5d7a8399-dd68-4da1-b605-ab971286ef78","PUUM_042.basePlot.vst","2018-05-21","vst_PUUM_2018","D20","PUUM","PUUM_042",,"NEON.PLA.D20.PUUM.00618","ok","sapling","Live, physically damaged",,,1.4,,,,,,,,2.2,10,,,"Fern frond impeding vertical growth.","7b09tKNMSr/wOeeCXM11rXP6e8wTwK5T0tBo3Wt2uFY=","dYTcvIvHVKJPhi9zgjcxbq0b/YwwN6jNt8Rx2TIt4DE=",
"19e170bb-f0f5-4755-9d9b-5c529dd1ed3b","PUUM_042.basePlot.vst","2018-05-21","vst_PUUM_2018","D20","PUUM","PUUM_042",,"NEON.PLA.D20.PUUM.00583","ok","single bole tree","Live",14.4,130,12.6,,,,,,,,,,,,,"7b09tKNMSr/wOeeCXM11rXP6e8wTwK5T0tBo3Wt2uFY=","dYTcvIvHVKJPhi9zgjcxbq0b/YwwN6jNt8Rx2TIt4DE=",
"ba394261-a21e-42e1-a693-4bc83e7ff3d9","PUUM_042.basePlot.vst","2018-05-21","vst_PUUM_2018","D20","PUUM","PUUM_042",,"NEON.PLA.D20.PUUM.00550","ok","small tree","Live",1.1,130,2.1,,,,,,,,,,,,,"7b09tKNMSr/wOeeCXM11rXP6e8wTwK5T0tBo3Wt2uFY=","dYTcvIvHVKJPhi9zgjcxbq0b/YwwN6jNt8Rx2TIt4DE=",
"f13505bb-d871-4a3e-bd5b-47875ffbe06a","PUUM_042.basePlot.vst","2018-05-21","vst_PUUM_2018","D20","PUUM","PUUM_042",,"NEON.PLA.D20.PUUM.00563A","ok","multi-bole tree","Live",16.3,180,,,,,,,,,,,,,,"7b09tKNMSr/wOeeCXM11rXP6e8wTwK5T0tBo3Wt2uFY=","dYTcvIvHVKJPhi9zgjcxbq0b/YwwN6jNt8Rx2TIt4DE=",
"18bd7399-332e-409f-85a0-f6d4b27786a9","PUUM_042.basePlot.vst","2018-05-21","vst_PUUM_2018","D20","PUUM","PUUM_042",,"NEON.PLA.D20.PUUM.00722","ok","small tree","Live",2.2,130,3.5,,,,,,,,,,,,,"7b09tKNMSr/wOeeCXM11rXP6e8wTwK5T0tBo3Wt2uFY=","dYTcvIvHVKJPhi9zgjcxbq0b/YwwN6jNt8Rx2TIt4DE=",
"36e2ecad-4c31-4da6-a6fc-3e45d11d4628","PUUM_042.basePlot.vst","2018-05-21","vst_PUUM_2018","D20","PUUM","PUUM_042",,"NEON.PLA.D20.PUUM.00605","ok","single bole tree","Live",23.3,130,8.3,,,,,,,,,,,,,"7b09tKNMSr/wOeeCXM11rXP6e8wTwK5T0tBo3Wt2uFY=","dYTcvIvHVKJPhi9zgjcxbq0b/YwwN6jNt8Rx2TIt4DE=",
"d96a4a60-2a64-4f40-bc8d-51923ab6aa38","PUUM_042.basePlot.vst","2018-05-21","vst_PUUM_2018","D20","PUUM","PUUM_042",,"NEON.PLA.D20.PUUM.00603","ok","single bole tree","Live",38.3,130,17.2,,,,,,,,,,,,,"7b09tKNMSr/wOeeCXM11rXP6e8wTwK5T0tBo3Wt2uFY=","dYTcvIvHVKJPhi9zgjcxbq0b/YwwN6jNt8Rx2TIt4DE=",
"be050a2a-b410-42b6-ba6f-f4ec2f913bc3","PUUM_042.basePlot.vst","2018-05-21","vst_PUUM_2018","D20","PUUM","PUUM_042",,"NEON.PLA.D20.PUUM.00556","ok","single bole tree","Live",13.2,130,7.5,,,,,,,,,,,,,"7b09tKNMSr/wOeeCXM11rXP6e8wTwK5T0tBo3Wt2uFY=","dYTcvIvHVKJPhi9zgjcxbq0b/YwwN6jNt8Rx2TIt4DE=",
"261011db-997f-4f38-bf55-48a7cf2065d0","PUUM_042.basePlot.vst","2018-05-21","vst_PUUM_2018","D20","PUUM","PUUM_042",,"NEON.PLA.D20.PUUM.00717","ok","sapling","Live",,,0.9,,,,,,,,16.4,10,,,,"7b09tKNMSr/wOeeCXM11rXP6e8wTwK5T0tBo3Wt2uFY=","dYTcvIvHVKJPhi9zgjcxbq0b/YwwN6jNt8Rx2TIt4DE=",
"2230b8a8-9a65-42e5-bca0-a7fca0807ba3","PUUM_042.basePlot.vst","2018-05-21","vst_PUUM_2018","D20","PUUM","PUUM_042",,"NEON.PLA.D20.PUUM.00707","ok","small tree","Live",1.3,130,2.6,,,,,,,,,,,,,"7b09tKNMSr/wOeeCXM11rXP6e8wTwK5T0tBo3Wt2uFY=","dYTcvIvHVKJPhi9zgjcxbq0b/YwwN6jNt8Rx2TIt4DE=",
"ba8926f6-ac7c-4bee-b070-c7be2d44065f","PUUM_042.basePlot.vst","2018-05-21","vst_PUUM_2018","D20","PUUM","PUUM_042",,"NEON.PLA.D20.PUUM.00614","ok","sapling","Live, physically damaged",,,1.0,,,,,,,,1.2,10,,,"Fern frond impeding vertical growth","7b09tKNMSr/wOeeCXM11rXP6e8wTwK5T0tBo3Wt2uFY=","dYTcvIvHVKJPhi9zgjcxbq0b/YwwN6jNt8Rx2TIt4DE=",
"902b0fc3-b10b-4b59-bbfd-49c7720fd9a8","PUUM_042.basePlot.vst","2018-05-21","vst_PUUM_2018","D20","PUUM","PUUM_042",,"NEON.PLA.D20.PUUM.00560","ok","single bole tree","Live",32.0,100,1.4,,,,,,,,,,,,,"7b09tKNMSr/wOeeCXM11rXP6e8wTwK5T0tBo3Wt2uFY=","dYTcvIvHVKJPhi9zgjcxbq0b/YwwN6jNt8Rx2TIt4DE=",
"60e0e1e7-9225-4328-aab0-d19c3de8d0fe","PUUM_042.basePlot.vst","2018-05-21","vst_PUUM_2018","D20","PUUM","PUUM_042",,"NEON.PLA.D20.PUUM.00547","ok","single bole tree","Live",25.0,100,12.2,,,,,,,,,,,,"Part of tree group that includes 2 MEPO5 >10cm diameter which cannot safely be measured. Requires laser calipers","7b09tKNMSr/wOeeCXM11rXP6e8wTwK5T0tBo3Wt2uFY=","dYTcvIvHVKJPhi9zgjcxbq0b/YwwN6jNt8Rx2TIt4DE=",
"eeda5762-d357-4e94-8944-54d43a643929","PUUM_042.basePlot.vst","2018-05-21","vst_PUUM_2018","D20","PUUM","PUUM_042",,"NEON.PLA.D20.PUUM.00540","ok","single bole tree","Live",54.5,130,18.7,,,,,,,,,,,,,"7b09tKNMSr/wOeeCXM11rXP6e8wTwK5T0tBo3Wt2uFY=","dYTcvIvHVKJPhi9zgjcxbq0b/YwwN6jNt8Rx2TIt4DE=",
"38f2df6d-3dd9-4e0f-ae41-e0676892a911","PUUM_042.basePlot.vst","2018-05-21","vst_PUUM_2018","D20","PUUM","PUUM_042",,"NEON.PLA.D20.PUUM.00710","ok","sapling","Live",,,1.2,,,,,,,,15.7,10,,,"Caliper one direction","7b09tKNMSr/wOeeCXM11rXP6e8wTwK5T0tBo3Wt2uFY=","dYTcvIvHVKJPhi9zgjcxbq0b/YwwN6jNt8Rx2TIt4DE=",
"47d7eb8c-08dd-4885-9ddc-e5472505ba66","PUUM_042.basePlot.vst","2018-05-21","vst_PUUM_2018","D20","PUUM","PUUM_042",,"NEON.PLA.D20.PUUM.00579","ok","single bole tree","Live",22.7,140,2.0,,,,,,,,,,,,,"7b09tKNMSr/wOeeCXM11rXP6e8wTwK5T0tBo3Wt2uFY=","dYTcvIvHVKJPhi9zgjcxbq0b/YwwN6jNt8Rx2TIt4DE=",
"fa3c4541-9b33-4370-8501-01958b5afcff","PUUM_042.basePlot.vst","2018-05-21","vst_PUUM_2018","D20","PUUM","PUUM_042",,"NEON.PLA.D20.PUUM.00617","ok","small tree","Live",1.2,130,1.9,,,,,,,,,,,,,"7b09tKNMSr/wOeeCXM11rXP6e8wTwK5T0tBo3Wt2uFY=","dYTcvIvHVKJPhi9zgjcxbq0b/YwwN6jNt8Rx2TIt4DE=",
"ce3422f3-7fd2-4d69-b930-00ab976d9148","PUUM_042.basePlot.vst","2018-05-21","vst_PUUM_2018","D20","PUUM","PUUM_042",,"NEON.PLA.D20.PUUM.00582","ok","single bole tree","Live",13.0,130,9.0,,,,,,,,,,,,,"7b09tKNMSr/wOeeCXM11rXP6e8wTwK5T0tBo3Wt2uFY=","dYTcvIvHVKJPhi9zgjcxbq0b/YwwN6jNt8Rx2TIt4DE=",
"fc53f919-8c2c-4df0-81e8-bd78b7f6d655","PUUM_042.basePlot.vst","2018-05-21","vst_PUUM_2018","D20","PUUM","PUUM_042",,"NEON.PLA.D20.PUUM.00558","ok","single bole tree","Live",28.0,110,1.7,,,,,,,,,,,,,"7b09tKNMSr/wOeeCXM11rXP6e8wTwK5T0tBo3Wt2uFY=","dYTcvIvHVKJPhi9zgjcxbq0b/YwwN6jNt8Rx2TIt4DE=",
"0deec722-7980-4cd4-8113-5e4c1feb9e2a","PUUM_042.basePlot.vst","2018-05-21","vst_PUUM_2018","D20","PUUM","PUUM_042",,"NEON.PLA.D20.PUUM.00604B","ok","multi-bole tree","Live",5.8,130,8.4,,,,,,,,,,,,,"7b09tKNMSr/wOeeCXM11rXP6e8wTwK5T0tBo3Wt2uFY=","dYTcvIvHVKJPhi9zgjcxbq0b/YwwN6jNt8Rx2TIt4DE=",
"906f2163-ea1f-4cd6-9549-d04a973ca8d0","PUUM_042.basePlot.vst","2018-05-21","vst_PUUM_2018","D20","PUUM","PUUM_042",,"NEON.PLA.D20.PUUM.00557","ok","single bole tree","Live",21.6,130,8.6,,,,,,,,,,,,,"7b09tKNMSr/wOeeCXM11rXP6e8wTwK5T0tBo3Wt2uFY=","dYTcvIvHVKJPhi9zgjcxbq0b/YwwN6jNt8Rx2TIt4DE=",
"deaf0ccb-6da8-46e1-9849-9555c2bab95f","PUUM_042.basePlot.vst","2018-05-21","vst_PUUM_2018","D20","PUUM","PUUM_042",,"NEON.PLA.D20.PUUM.00706","ok","sapling","Live",,,0.9,,,,,,,,15.6,50,,,,"7b09tKNMSr/wOeeCXM11rXP6e8wTwK5T0tBo3Wt2uFY=","dYTcvIvHVKJPhi9zgjcxbq0b/YwwN6jNt8Rx2TIt4DE=",
"cecfb236-d8e5-4af9-af6f-9d3545e33a9e","PUUM_042.basePlot.vst","2018-05-21","vst_PUUM_2018","D20","PUUM","PUUM_042",,"NEON.PLA.D20.PUUM.00714","ok","sapling","Live",,,1.2,,,,,,,,21.9,60,,,,"7b09tKNMSr/wOeeCXM11rXP6e8wTwK5T0tBo3Wt2uFY=","dYTcvIvHVKJPhi9zgjcxbq0b/YwwN6jNt8Rx2TIt4DE=",
"1a8ff02f-256a-4288-a8d0-db63035a70e8","PUUM_042.basePlot.vst","2018-05-21","vst_PUUM_2018","D20","PUUM","PUUM_042",,"NEON.PLA.D20.PUUM.00580","ok","single bole tree","Standing dead",12.0,130,7.1,,,,,,,,,,,,,"7b09tKNMSr/wOeeCXM11rXP6e8wTwK5T0tBo3Wt2uFY=","dYTcvIvHVKJPhi9zgjcxbq0b/YwwN6jNt8Rx2TIt4DE=",
"185a9623-54de-4714-8c29-b089a969be62","PUUM_042.basePlot.vst","2018-05-21","vst_PUUM_2018","D20","PUUM","PUUM_042",,"NEON.PLA.D20.PUUM.00610A","ok","multi-bole tree","Live",12.0,130,9.8,,,,,,,,,,,,,"7b09tKNMSr/wOeeCXM11rXP6e8wTwK5T0tBo3Wt2uFY=","dYTcvIvHVKJPhi9zgjcxbq0b/YwwN6jNt8Rx2TIt4DE=",
"5ffb0ffc-bd44-4378-90f5-d8e189675180","PUUM_042.basePlot.vst","2018-05-21","vst_PUUM_2018","D20","PUUM","PUUM_042",,"NEON.PLA.D20.PUUM.00613","ok","sapling","Live, physically damaged",,,0.4,,,,,,,,1.1,10,,,"Fern frond impeding vertical growth","7b09tKNMSr/wOeeCXM11rXP6e8wTwK5T0tBo3Wt2uFY=","dYTcvIvHVKJPhi9zgjcxbq0b/YwwN6jNt8Rx2TIt4DE=",
"063e4d03-2728-4b57-bdbd-168c3b7657e0","PUUM_042.basePlot.vst","2018-05-21","vst_PUUM_2018","D20","PUUM","PUUM_042",,"NEON.PLA.D20.PUUM.00723","ok","single shrub","Live",1.6,130,2.7,,,,0.5,0.4,,"cylinder",2.2,10,,,,"7b09tKNMSr/wOeeCXM11rXP6e8wTwK5T0tBo3Wt2uFY=","dYTcvIvHVKJPhi9zgjcxbq0b/YwwN6jNt8Rx2TIt4DE=",
"2c661fe7-6581-4f58-9f30-7aa7ab554254","PUUM_042.basePlot.vst","2018-05-21","vst_PUUM_2018","D20","PUUM","PUUM_042",,"NEON.PLA.D20.PUUM.00565","ok","single bole tree","Live",21.0,130,12.4,,,,,,,,,,,,,"7b09tKNMSr/wOeeCXM11rXP6e8wTwK5T0tBo3Wt2uFY=","dYTcvIvHVKJPhi9zgjcxbq0b/YwwN6jNt8Rx2TIt4DE=",
"1b2b6fba-183f-494f-a75b-f7bd881529ad","PUUM_042.basePlot.vst","2018-05-21","vst_PUUM_2018","D20","PUUM","PUUM_042",,"NEON.PLA.D20.PUUM.00559","ok","single bole tree","Live",61.7,130,20.1,,,,,,,,,,,,,"7b09tKNMSr/wOeeCXM11rXP6e8wTwK5T0tBo3Wt2uFY=","dYTcvIvHVKJPhi9zgjcxbq0b/YwwN6jNt8Rx2TIt4DE=",
"7915de95-5ec2-4592-99a3-79fe2e6421b9","PUUM_042.basePlot.vst","2018-05-21","vst_PUUM_2018","D20","PUUM","PUUM_042",,"NEON.PLA.D20.PUUM.00601","ok","single bole tree","Standing dead",26.7,130,2.1,,,,,,,,,,,,,"7b09tKNMSr/wOeeCXM11rXP6e8wTwK5T0tBo3Wt2uFY=","dYTcvIvHVKJPhi9zgjcxbq0b/YwwN6jNt8Rx2TIt4DE=",
"88634fd0-acf4-4e28-bb0e-33adb4fd53db","PUUM_042.basePlot.vst","2018-05-21","vst_PUUM_2018","D20","PUUM","PUUM_042",,"NEON.PLA.D20.PUUM.00719","ok","small tree","Standing dead",1.7,130,3.1,,,,,,,,,,,,,"7b09tKNMSr/wOeeCXM11rXP6e8wTwK5T0tBo3Wt2uFY=","dYTcvIvHVKJPhi9zgjcxbq0b/YwwN6jNt8Rx2TIt4DE=",
"58818247-dcec-47d5-8dc0-24970a7cc7a0","PUUM_042.basePlot.vst","2018-05-21","vst_PUUM_2018","D20","PUUM","PUUM_042",,"NEON.PLA.D20.PUUM.00572","ok","single bole tree","Live",15.7,120,10.3,,,,,,,,,,,,,"7b09tKNMSr/wOeeCXM11rXP6e8wTwK5T0tBo3Wt2uFY=","dYTcvIvHVKJPhi9zgjcxbq0b/YwwN6jNt8Rx2TIt4DE=",
"78f37439-5d95-4995-b894-544b8ad1021c","PUUM_042.basePlot.vst","2018-05-21","vst_PUUM_2018","D20","PUUM","PUUM_042",,"NEON.PLA.D20.PUUM.00602","ok","single bole tree","Live, physically damaged",41.1,130,14.1,,,,,,,,,,,,,"7b09tKNMSr/wOeeCXM11rXP6e8wTwK5T0tBo3Wt2uFY=","dYTcvIvHVKJPhi9zgjcxbq0b/YwwN6jNt8Rx2TIt4DE=",
"68b45bc9-d173-4f8e-8434-ae6d033115b8","PUUM_042.basePlot.vst","2018-05-21","vst_PUUM_2018","D20","PUUM","PUUM_042",,"NEON.PLA.D20.PUUM.00704","ok","small tree","Live",5.2,130,6.4,,,,,,,,,,,,,"7b09tKNMSr/wOeeCXM11rXP6e8wTwK5T0tBo3Wt2uFY=","dYTcvIvHVKJPhi9zgjcxbq0b/YwwN6jNt8Rx2TIt4DE=",
"3996192e-2c3f-4acb-a07c-17099822151b","PUUM_042.basePlot.vst","2018-05-21","vst_PUUM_2018","D20","PUUM","PUUM_042",,"NEON.PLA.D20.PUUM.00562","ok","single bole tree","Live",26.7,130,1.4,,,,,,,,,,,,,"7b09tKNMSr/wOeeCXM11rXP6e8wTwK5T0tBo3Wt2uFY=","dYTcvIvHVKJPhi9zgjcxbq0b/YwwN6jNt8Rx2TIt4DE=",
"e8525b76-70b0-4a01-86fe-ea2d3cf91d64","PUUM_042.basePlot.vst","2018-05-21","vst_PUUM_2018","D20","PUUM","PUUM_042",,"NEON.PLA.D20.PUUM.00612","ok","sapling","Live",,,0.2,,,,,,,,14.3,10,,,,"7b09tKNMSr/wOeeCXM11rXP6e8wTwK5T0tBo3Wt2uFY=","dYTcvIvHVKJPhi9zgjcxbq0b/YwwN6jNt8Rx2TIt4DE=",
"828a38d9-a23b-4a86-aeb7-061788055949","PUUM_042.basePlot.vst","2018-05-21","vst_PUUM_2018","D20","PUUM","PUUM_042",,"NEON.PLA.D20.PUUM.00725","ok","sapling","Live",,,2.0,,,,,,,,1.2,10,,,,"7b09tKNMSr/wOeeCXM11rXP6e8wTwK5T0tBo3Wt2uFY=","dYTcvIvHVKJPhi9zgjcxbq0b/YwwN6jNt8Rx2TIt4DE=",
"b1633857-6016-455a-9f5b-c814508ae999","PUUM_042.basePlot.vst","2018-05-21","vst_PUUM_2018","D20","PUUM","PUUM_042",,"NEON.PLA.D20.PUUM.00581","ok","single bole tree","Live",10.5,130,5.4,,,,,,,,,,,,,"7b09tKNMSr/wOeeCXM11rXP6e8wTwK5T0tBo3Wt2uFY=","dYTcvIvHVKJPhi9zgjcxbq0b/YwwN6jNt8Rx2TIt4DE=",
"74db2da8-4321-4f68-b19f-8bde675a140f","PUUM_042.basePlot.vst","2018-05-21","vst_PUUM_2018","D20","PUUM","PUUM_042",,"NEON.PLA.D20.PUUM.00549","ok","small tree","Live",1.8,130,0.8,,,,,,,,,,,,,"7b09tKNMSr/wOeeCXM11rXP6e8wTwK5T0tBo3Wt2uFY=","dYTcvIvHVKJPhi9zgjcxbq0b/YwwN6jNt8Rx2TIt4DE=",
"696b57b0-57db-4824-8053-9dca581c69d1","PUUM_042.basePlot.vst","2018-05-21","vst_PUUM_2018","D20","PUUM","PUUM_042",,"NEON.PLA.D20.PUUM.00567","ok","single bole tree","Standing dead",25.6,130,1.5,,,,,,,,,,,,,"7b09tKNMSr/wOeeCXM11rXP6e8wTwK5T0tBo3Wt2uFY=","dYTcvIvHVKJPhi9zgjcxbq0b/YwwN6jNt8Rx2TIt4DE=",
"bb703f5b-e649-4a8f-b9e9-50f93bef1300","PUUM_042.basePlot.vst","2018-05-21","vst_PUUM_2018","D20","PUUM","PUUM_042",,"NEON.PLA.D20.PUUM.00545","ok","single bole tree","Live",29.7,130,2.9,,,,,,,,,,,,,"7b09tKNMSr/wOeeCXM11rXP6e8wTwK5T0tBo3Wt2uFY=","dYTcvIvHVKJPhi9zgjcxbq0b/YwwN6jNt8Rx2TIt4DE=",
"6bed7a5f-9d19-4449-bc5b-fcabcce5e87e","PUUM_042.basePlot.vst","2018-05-21","vst_PUUM_2018","D20","PUUM","PUUM_042",,"NEON.PLA.D20.PUUM.00610","ok","multi-bole tree","Live",12.5,130,9.4,,,,,,,,,,,,,"7b09tKNMSr/wOeeCXM11rXP6e8wTwK5T0tBo3Wt2uFY=","dYTcvIvHVKJPhi9zgjcxbq0b/YwwN6jNt8Rx2TIt4DE=",
"b93f06ce-6f48-4e01-8d79-3bf4e6369562","PUUM_042.basePlot.vst","2018-05-21","vst_PUUM_2018","D20","PUUM","PUUM_042",,"NEON.PLA.D20.PUUM.00608","ok","single bole tree","Live",25.1,130,18.4,,,,,,,,,,,,,"7b09tKNMSr/wOeeCXM11rXP6e8wTwK5T0tBo3Wt2uFY=","dYTcvIvHVKJPhi9zgjcxbq0b/YwwN6jNt8Rx2TIt4DE=",
"ae6e496e-256d-4985-a79f-fb5cf5a398ad","PUUM_042.basePlot.vst","2018-05-21","vst_PUUM_2018","D20","PUUM","PUUM_042",,"NEON.PLA.D20.PUUM.00705","ok","sapling","Live",,,0.3,,,,,,,,1.5,10,,,,"7b09tKNMSr/wOeeCXM11rXP6e8wTwK5T0tBo3Wt2uFY=","dYTcvIvHVKJPhi9zgjcxbq0b/YwwN6jNt8Rx2TIt4DE=",
"4800d9c6-eb1d-43e3-9d6f-632d24c6ccb1","PUUM_042.basePlot.vst","2018-05-21","vst_PUUM_2018","D20","PUUM","PUUM_042",,"NEON.PLA.D20.PUUM.00564","ok","single bole tree","Live",27.8,130,1.5,,,,,,,,,,,,,"7b09tKNMSr/wOeeCXM11rXP6e8wTwK5T0tBo3Wt2uFY=","dYTcvIvHVKJPhi9zgjcxbq0b/YwwN6jNt8Rx2TIt4DE=",
"fc393c59-915d-43e5-835c-6b1f57d47cdc","PUUM_042.basePlot.vst","2018-05-21","vst_PUUM_2018","D20","PUUM","PUUM_042",,"NEON.PLA.D20.PUUM.00546","ok","single bole tree","Live",26.8,90,2.5,,,,,,,,,,,,,"7b09tKNMSr/wOeeCXM11rXP6e8wTwK5T0tBo3Wt2uFY=","dYTcvIvHVKJPhi9zgjcxbq0b/YwwN6jNt8Rx2TIt4DE=",
"36b1089b-c225-4a26-a6da-998541a14963","PUUM_042.basePlot.vst","2018-05-21","vst_PUUM_2018","D20","PUUM","PUUM_042",,"NEON.PLA.D20.PUUM.00577","ok","single bole tree","Live",11.0,130,9.3,,,,,,,,,,,,,"7b09tKNMSr/wOeeCXM11rXP6e8wTwK5T0tBo3Wt2uFY=","dYTcvIvHVKJPhi9zgjcxbq0b/YwwN6jNt8Rx2TIt4DE=",
"73a4fb14-34eb-4ca6-be9d-db61dbc496bc","PUUM_042.basePlot.vst","2018-05-21","vst_PUUM_2018","D20","PUUM","PUUM_042",,"NEON.PLA.D20.PUUM.00611","ok","sapling","Live",,,1.8,,,,,,,,1.6,10,,,,"7b09tKNMSr/wOeeCXM11rXP6e8wTwK5T0tBo3Wt2uFY=","dYTcvIvHVKJPhi9zgjcxbq0b/YwwN6jNt8Rx2TIt4DE=",
"c7ebd947-84d3-4254-936a-19f7eb7c0554","PUUM_042.basePlot.vst","2018-05-21","vst_PUUM_2018","D20","PUUM","PUUM_042",,"NEON.PLA.D20.PUUM.00708","ok","small tree","Live",5.4,120,7.8,,,,,,,,,,,,,"7b09tKNMSr/wOeeCXM11rXP6e8wTwK5T0tBo3Wt2uFY=","dYTcvIvHVKJPhi9zgjcxbq0b/YwwN6jNt8Rx2TIt4DE=",
"5ad3a3b5-853d-49ac-859e-5d5aa22dccf8","PUUM_042.basePlot.vst","2018-05-21","vst_PUUM_2018","D20","PUUM","PUUM_042",,"NEON.PLA.D20.PUUM.00566","ok","single bole tree","Live",37.1,130,16.5,,,,,,,,,,,,,"7b09tKNMSr/wOeeCXM11rXP6e8wTwK5T0tBo3Wt2uFY=","dYTcvIvHVKJPhi9zgjcxbq0b/YwwN6jNt8Rx2TIt4DE=",
"e1b0b56b-1f1f-4034-b04e-b099875438a6","PUUM_042.basePlot.vst","2018-05-21","vst_PUUM_2018","D20","PUUM","PUUM_042",,"NEON.PLA.D20.PUUM.00570","ok","single bole tree","Live",10.7,130,8.0,,,,,,,,,,,,,"7b09tKNMSr/wOeeCXM11rXP6e8wTwK5T0tBo3Wt2uFY=","dYTcvIvHVKJPhi9zgjcxbq0b/YwwN6jNt8Rx2TIt4DE=",
"6f918601-a62b-4cc5-a190-8a3abd8e7f2b","PUUM_042.basePlot.vst","2018-05-21","vst_PUUM_2018","D20","PUUM","PUUM_042",,"NEON.PLA.D20.PUUM.00575","ok","single bole tree","Live",38.4,130,16.8,,,,,,,,,,,,,"7b09tKNMSr/wOeeCXM11rXP6e8wTwK5T0tBo3Wt2uFY=","dYTcvIvHVKJPhi9zgjcxbq0b/YwwN6jNt8Rx2TIt4DE=",
"0a0b0fc0-1243-457d-a4ba-84f9db88ed32","PUUM_042.basePlot.vst","2018-05-21","vst_PUUM_2018","D20","PUUM","PUUM_042",,"NEON.PLA.D20.PUUM.00576","ok","single bole tree","Live",12.0,130,7.7,,,,,,,,,,,,,"7b09tKNMSr/wOeeCXM11rXP6e8wTwK5T0tBo3Wt2uFY=","dYTcvIvHVKJPhi9zgjcxbq0b/YwwN6jNt8Rx2TIt4DE=",
"c1f684f5-aed0-475a-b131-161c4c297596","PUUM_042.basePlot.vst","2018-05-21","vst_PUUM_2018","D20","PUUM","PUUM_042",,"NEON.PLA.D20.PUUM.00607","ok","single bole tree","Live",10.5,130,7.0,,,,,,,,,,,,,"7b09tKNMSr/wOeeCXM11rXP6e8wTwK5T0tBo3Wt2uFY=","dYTcvIvHVKJPhi9zgjcxbq0b/YwwN6jNt8Rx2TIt4DE=",
"b2eb2222-267d-44d6-8b6e-04856836c4d3","PUUM_042.basePlot.vst","2018-05-21","vst_PUUM_2018","D20","PUUM","PUUM_042",,"NEON.PLA.D20.PUUM.00569","ok","single bole tree","Live",14.8,70,7.9,,,,,,,,,,,,,"7b09tKNMSr/wOeeCXM11rXP6e8wTwK5T0tBo3Wt2uFY=","dYTcvIvHVKJPhi9zgjcxbq0b/YwwN6jNt8Rx2TIt4DE=",
"31913989-25f2-4e5b-ae92-5ff6a4533a0e","PUUM_042.basePlot.vst","2018-05-21","vst_PUUM_2018","D20","PUUM","PUUM_042",,"NEON.PLA.D20.PUUM.00544","ok","single bole tree","Live",25.5,120,1.7,,,,,,,,,,,,,"7b09tKNMSr/wOeeCXM11rXP6e8wTwK5T0tBo3Wt2uFY=","dYTcvIvHVKJPhi9zgjcxbq0b/YwwN6jNt8Rx2TIt4DE=",
"1f1c0a51-2e33-4d28-8af4-abca4f806865","PUUM_042.basePlot.vst","2018-05-21","vst_PUUM_2018","D20","PUUM","PUUM_042",,"NEON.PLA.D20.PUUM.00552","ok","small tree","Live",5.3,130,5.3,,,,,,,,,,,,,"7b09tKNMSr/wOeeCXM11rXP6e8wTwK5T0tBo3Wt2uFY=","dYTcvIvHVKJPhi9zgjcxbq0b/YwwN6jNt8Rx2TIt4DE=",
"cfc465ff-36cd-40ff-a7f8-dcb4218cba77","PUUM_042.basePlot.vst","2018-05-21","vst_PUUM_2018","D20","PUUM","PUUM_042",,"NEON.PLA.D20.PUUM.00555","ok","single bole tree","Live",22.4,110,1.7,,,,,,,,,,,,,"7b09tKNMSr/wOeeCXM11rXP6e8wTwK5T0tBo3Wt2uFY=","dYTcvIvHVKJPhi9zgjcxbq0b/YwwN6jNt8Rx2TIt4DE=",
"a86df705-7508-4094-b722-6cf4fb6b1755","PUUM_042.basePlot.vst","2018-05-21","vst_PUUM_2018","D20","PUUM","PUUM_042",,"NEON.PLA.D20.PUUM.00554","ok","single bole tree","Standing dead",38.4,130,12.2,,,,,,,,,,,,,"7b09tKNMSr/wOeeCXM11rXP6e8wTwK5T0tBo3Wt2uFY=","dYTcvIvHVKJPhi9zgjcxbq0b/YwwN6jNt8Rx2TIt4DE=",
"9736d2a6-f2b6-4ed1-893e-f6786a65d67a","PUUM_042.basePlot.vst","2018-05-21","vst_PUUM_2018","D20","PUUM","PUUM_042",,"NEON.PLA.D20.PUUM.00551","ok","sapling","Live",,,0.3,,,,,,,,7.3,10,,,,"7b09tKNMSr/wOeeCXM11rXP6e8wTwK5T0tBo3Wt2uFY=","dYTcvIvHVKJPhi9zgjcxbq0b/YwwN6jNt8Rx2TIt4DE=",
"28e2a5fe-e5cd-4f43-978d-af101d05a4b2","PUUM_042.basePlot.vst","2018-05-21","vst_PUUM_2018","D20","PUUM","PUUM_042",,"NEON.PLA.D20.PUUM.00573","ok","single bole tree","Live",14.9,110,12.8,,,,,,,,,,,,,"7b09tKNMSr/wOeeCXM11rXP6e8wTwK5T0tBo3Wt2uFY=","dYTcvIvHVKJPhi9zgjcxbq0b/YwwN6jNt8Rx2TIt4DE=",
"2f0f5b99-2765-43c5-9661-7006f32bc55e","PUUM_042.basePlot.vst","2018-05-21","vst_PUUM_2018","D20","PUUM","PUUM_042",,"NEON.PLA.D20.PUUM.00716","ok","sapling","Live",,,0.7,,,,,,,,17.1,50,,,,"7b09tKNMSr/wOeeCXM11rXP6e8wTwK5T0tBo3Wt2uFY=","dYTcvIvHVKJPhi9zgjcxbq0b/YwwN6jNt8Rx2TIt4DE=",
"7a739800-5c0e-4c34-88c8-216194e2b320","PUUM_042.basePlot.vst","2018-05-21","vst_PUUM_2018","D20","PUUM","PUUM_042",,"NEON.PLA.D20.PUUM.00704","ok","small tree","Live",3.1,130,6.4,,,,,,,,,,,,,"7b09tKNMSr/wOeeCXM11rXP6e8wTwK5T0tBo3Wt2uFY=","dYTcvIvHVKJPhi9zgjcxbq0b/YwwN6jNt8Rx2TIt4DE=",
"49c85200-c85a-4008-a590-c83ad36eeb2b","PUUM_042.basePlot.vst","2018-05-21","vst_PUUM_2018","D20","PUUM","PUUM_042",,"NEON.PLA.D20.PUUM.00703","ok","sapling","Live",,,1.6,,,,,,,,1.1,10,,,,"7b09tKNMSr/wOeeCXM11rXP6e8wTwK5T0tBo3Wt2uFY=","dYTcvIvHVKJPhi9zgjcxbq0b/YwwN6jNt8Rx2TIt4DE=",
"f5359ab3-7117-47e6-88f0-b2026df34cd5","PUUM_042.basePlot.vst","2018-05-21","vst_PUUM_2018","D20","PUUM","PUUM_042",,"NEON.PLA.D20.PUUM.00615","ok","small shrub","Live",,,1.4,,,,0.7,0.5,,"cylinder",1.1,10,,,,"7b09tKNMSr/wOeeCXM11rXP6e8wTwK5T0tBo3Wt2uFY=","dYTcvIvHVKJPhi9zgjcxbq0b/YwwN6jNt8Rx2TIt4DE=",
"cd9ebd89-e093-4c5d-bbf8-40fc78794ae0","PUUM_042.basePlot.vst","2018-05-21","vst_PUUM_2018","D20","PUUM","PUUM_042",,"NEON.PLA.D20.PUUM.00563","ok","multi-bole tree","Live",17.9,180,10.3,,,,,,,,,,,,,"7b09tKNMSr/wOeeCXM11rXP6e8wTwK5T0tBo3Wt2uFY=","dYTcvIvHVKJPhi9zgjcxbq0b/YwwN6jNt8Rx2TIt4DE=",
"db1f3986-6c9f-4a0a-a5e0-82d6ef7925c8","PUUM_049.basePlot.vst","2018-05-30","vst_PUUM_2018","D20","PUUM","PUUM_049",,"NEON.PLA.D20.PUUM.00799","ok","single bole tree","Live",6.4,10,0.4,,,,,,,,,,,,,"dYTcvIvHVKJPhi9zgjcxbq0b/YwwN6jNt8Rx2TIt4DE=","T+PBpFGEtzlBTPAlO04Zc0fAMPhuORWv4Zdy90mvmEg=",
"e8df9201-5e28-488c-afba-74fd9927566b","PUUM_049.basePlot.vst","2018-05-30","vst_PUUM_2018","D20","PUUM","PUUM_049",,"NEON.PLA.D20.PUUM.00798","ok","single bole tree","Live",6.2,10,0.3,,,,,,,,,,,,,"dYTcvIvHVKJPhi9zgjcxbq0b/YwwN6jNt8Rx2TIt4DE=","T+PBpFGEtzlBTPAlO04Zc0fAMPhuORWv4Zdy90mvmEg=",
