uid,namedLocation,domainID,siteID,plotID,plotType,nlcdClass,decimalLatitude,decimalLongitude,geodeticDatum,coordinateUncertainty,elevation,elevationUncertainty,collectDate,eventID,sampleID,sampleCode,samplingMethod,totalSampledArea,targetTaxaPresent,adultCount,nymphCount,larvaCount,sampleCondition,samplingProtocolVersion,measuredBy,remarks
"49886cb9-ecbe-48a2-be85-aba52041699b","ONAQ_005.tickPlot.tck","D15","ONAQ","ONAQ_005","distributed","shrubScrub",40.181926,-112.432741,"WGS84",20.1,1617.2,0.1,"2016-08-04T14:17Z","ONAQ.2016.31",,,"drag and flag",162,"N",0,0,0,"No known compromise","NEON.DOC.014045vG","wsPgf8Zw9fJKymWy47Zkre6IykLRH3+g","Divert = 1+1"
"13719b9f-cd59-4eba-afa9-68567d3faa0b","ONAQ_016.tickPlot.tck","D15","ONAQ","ONAQ_016","distributed","shrubScrub",40.175449,-112.444448,"WGS84",20.1,1635.3,0.1,"2016-08-04T15:45Z","ONAQ.2016.31",,,"drag and flag",163,"N",0,0,0,"No known compromise","NEON.DOC.014045vG","mJ6QF34Yc4kzyI8+CLEI6KSVldpXAneG8R2VXSG1K5k=","Divert = 0.5 + 1+0.5+0.5"
"e11119b3-0d0d-4dc8-9cec-584f470910c6","ONAQ_004.tickPlot.tck","D15","ONAQ","ONAQ_004","distributed","shrubScrub",40.187291,-112.471870,"WGS84",,1710.4,,"2016-08-04T16:46Z","ONAQ.2016.31",,,"drag and flag",161,"N",0,0,0,"No known compromise","NEON.DOC.014045vG","wsPgf8Zw9fJKymWy47Zkre6IykLRH3+g","Divert 0.5"
"519eef5e-a138-469c-829c-742630361ded","ONAQ_023.tickPlot.tck","D15","ONAQ","ONAQ_023","distributed","evergreenForest",40.193985,-112.507206,"WGS84",20.1,1860.6,0.1,"2016-08-04T18:04Z","ONAQ.2016.31",,,"drag and flag",168,"N",0,0,0,"No known compromise","NEON.DOC.014045vG","wsPgf8Zw9fJKymWy47Zkre6IykLRH3+g","Divert = 1+ 0.5 + 2.5 - 5 +2+1+2+3+1"
"00f861e3-6f01-4f62-9e6c-67012f377f99","ONAQ_009.tickPlot.tck","D15","ONAQ","ONAQ_009","distributed","shrubScrub",40.160581,-112.469377,"WGS84",20.1,1668.8,0.1,"2016-08-04T19:34Z","ONAQ.2016.31",,,"drag and flag",165,"N",0,0,0,"No known compromise","NEON.DOC.014045vG","mJ6QF34Yc4kzyI8+CLEI6KSVldpXAneG8R2VXSG1K5k=","Divert +2+1+2"
"68e1615d-2ef7-45ee-ae53-773560021900","ONAQ_011.tickPlot.tck","D15","ONAQ","ONAQ_011","distributed","shrubScrub",40.152051,-112.455478,"WGS84",20.1,1617.0,0.1,"2016-08-04T20:40Z","ONAQ.2016.31",,,"drag and flag",161,"N",0,0,0,"No known compromise","NEON.DOC.014045vG","wsPgf8Zw9fJKymWy47Zkre6IykLRH3+g","Divert +0.5"
