uid,namedLocation,date,domainID,siteID,plotID,plotType,nlcdClass,decimalLatitude,decimalLongitude,geodeticDatum,coordinateUncertainty,easting,northing,utmZone,elevation,elevationUncertainty,eventID,samplingProtocolVersion,treesPresent,treesAbsentList,shrubsPresent,shrubsAbsentList,lianasPresent,lianasAbsentList,nestedSubplotAreaShrubSapling,nestedSubplotAreaLiana,totalSampledAreaTrees,totalSampledAreaShrubSapling,totalSampledAreaLiana,remarks,measuredBy,recordedBy,dataQF
"8eeb9c95-3e85-4e60-93bc-94dd2e06c9c8","DSNY_017.basePlot.vst","2016-11-01","D03","DSNY","DSNY_017","distributed","woodyWetlands",28.058282,-81.402874,"WGS84",20.1,460409.56,3103724.07,"17N",20.1,0.1,"vst_DSNY_2016","NEON.DOC.000987vE","Y",,"Y",,"N",,"noneSelected","noneSelected",400,400,400,"completing mapping and tagging that was unfinished from 2014","qwd4SsQjkwojVAYuvLRi2I6c493EEc9K","ivUPjKmS5X7wUNilkbtWQgP/hn21SIP0iHGlIX+gU4A=",
"c962b64f-c58d-4291-bb0c-57dc031e46c5","DSNY_004.basePlot.vst","2016-11-02","D03","DSNY","DSNY_004","distributed","woodyWetlands",28.099732,-81.399974,"WGS84",20.1,460709.63,3108314.87,"17N",18.8,0.1,"vst_DSNY_2016","NEON.DOC.000987vE","Y",,"Y",,"N",,"10","noneSelected",400,80,400,"completing mapping and tagging that was unfinished from 2014","qwd4SsQjkwojVAYuvLRi2I6c493EEc9K","EuyR0KlpP9nFfPDO+cW7nFSf0zPFfgPOOE0q2S6C1BI=",
"2ce608d7-9238-4dbf-b2f5-69fa962048ef","DSNY_007.basePlot.vst","2016-11-16","D03","DSNY","DSNY_007","distributed","woodyWetlands",28.053114,-81.417507,"WGS84",20.1,458969.60,3103156.41,"17N",17.8,0.1,"vst_DSNY_2016","NEON.DOC.000987vE","Y",,"Y",,"N",,"noneSelected","noneSelected",400,400,400,"completing mapping and tagging that was unfinished from 2014","9FGGVOw93jfS5aOA3dpabjU14a/sOVS4","a+fcOOAiz+7pYTGAZM5S9oWOFHn4va6d",
"07e113ba-b3ac-4e1d-8f95-c734524fd555","DSNY_013.basePlot.vst","2016-11-16","D03","DSNY","DSNY_013","distributed","woodyWetlands",28.110482,-81.425956,"WGS84",20.1,458161.51,3109514.40,"17N",20.0,0.1,"vst_DSNY_2016","NEON.DOC.000987vE","Y",,"Y",,"N",,"25","noneSelected",400,200,400,"completing mapping and tagging that was unfinished from 2014","9FGGVOw93jfS5aOA3dpabjU14a/sOVS4","XBhTOsXqc3JUpPrNmD30I5JCq90cfBjT",
"9360d9db-f9fb-4b6e-9786-32a0fd222b8b","DSNY_025.basePlot.vst","2016-11-16","D03","DSNY","DSNY_025","distributed","pastureHay",28.071776,-81.420620,"WGS84",20.1,458670.81,3105224.80,"17N",19.9,0.1,"vst_DSNY_2016","NEON.DOC.000987vE","Y",,"Y",,"N",,"noneSelected","noneSelected",400,400,400,,"9FGGVOw93jfS5aOA3dpabjU14a/sOVS4","XBhTOsXqc3JUpPrNmD30I5JCq90cfBjT",
