uid,namedLocation,date,eventID,domainID,siteID,plotID,subplotID,individualID,tagStatus,growthForm,plantStatus,stemDiameter,measurementHeight,height,baseCrownHeight,breakHeight,breakDiameter,maxCrownDiameter,ninetyCrownDiameter,canopyPosition,shape,basalStemDiameter,basalStemDiameterMsrmntHeight,maxBaseCrownDiameter,ninetyBaseCrownDiameter,remarks,recordedBy,measuredBy,dataQF
"e9cd4f18-afcf-46fb-9cbf-262c231f5244","JORN_008.basePlot.vst","2015-10-05","vst_JORN_2015","D14","JORN","JORN_008",,"NEON.PLA.D14.JORN.00038",,"small shrub","Live",2.0,10,1.5,,,,1.7,1.3,"Full sun","half-sphere",,,,,"2 stemDiameter measurements; 1.6, 2.0 ddh","/ByrziN0LguMJHnInl2NM/trZeA5h+c0","mOcIykOnDgd3QV5gHrl8B5rxlWe9VRn+","legacyData"
"762fff25-6fb7-4013-9502-11075eb6f079","JORN_008.basePlot.vst","2015-10-05","vst_JORN_2015","D14","JORN","JORN_008",,"NEON.PLA.D14.JORN.00037",,"small shrub","Live",3.0,10,1.2,,,,0.9,0.8,"Full sun","inverted cone",,,4.00,3.00,"Multiple stemDiameter measurements; 3.0, 1.0, 1.8, 2.5, 3.7, 1.7, 5.7 ddh","/ByrziN0LguMJHnInl2NM/trZeA5h+c0","mOcIykOnDgd3QV5gHrl8B5rxlWe9VRn+","legacyData"
"7f94b0d7-90be-403f-8e04-ac25a17082ec","JORN_008.basePlot.vst","2015-10-05","vst_JORN_2015","D14","JORN","JORN_008",,"NEON.PLA.D14.JORN.00036",,"sapling","Live",12.0,10,1.7,,,,2.1,1.7,"Full sun","half-sphere",,,,,"Actual stemDiameter measurements; 11.8 ddh","/ByrziN0LguMJHnInl2NM/trZeA5h+c0","mOcIykOnDgd3QV5gHrl8B5rxlWe9VRn+","legacyData"
"7a324605-6a54-4a07-8fa0-35dd80af2ebe","JORN_016.basePlot.vst","2015-10-06","vst_JORN_2015","D14","JORN","JORN_016",,"NEON.PLA.D14.JORN.00042",,"small shrub","Live",3.0,10,1.6,,,,2.3,2.1,"Full sun","half-sphere",,,,,"2.8, 17.2, 2.8, 1.9, 1.8, 11.6 ddh","/ByrziN0LguMJHnInl2NM/trZeA5h+c0","mOcIykOnDgd3QV5gHrl8B5rxlWe9VRn+","legacyData"
"5306557d-c421-4076-99ff-14999e7eb805","JORN_016.basePlot.vst","2015-10-06","vst_JORN_2015","D14","JORN","JORN_016",,"NEON.PLA.D14.JORN.00043",,"sapling","Live",11.0,10,1.4,,,,1.4,1.3,"Full sun","half-sphere",,,,,"actual measurementHeight 10.8 cm","/ByrziN0LguMJHnInl2NM/trZeA5h+c0","mOcIykOnDgd3QV5gHrl8B5rxlWe9VRn+","legacyData"
"2eed5a21-724d-4130-b727-78ed4c3deeae","JORN_016.basePlot.vst","2015-10-06","vst_JORN_2015","D14","JORN","JORN_016",,"NEON.PLA.D14.JORN.00044",,"small shrub","Live",1.0,10,1.3,,,,0.8,0.6,"Full sun","inverted cone",,,9.00,8.00,"1.3, 1.3, 1.0 ddh","/ByrziN0LguMJHnInl2NM/trZeA5h+c0","mOcIykOnDgd3QV5gHrl8B5rxlWe9VRn+","legacyData"
"652225c4-46f9-4409-9a82-7db9b2340c3f","JORN_016.basePlot.vst","2015-10-06","vst_JORN_2015","D14","JORN","JORN_016",,"NEON.PLA.D14.JORN.00041",,"small shrub","Live",1.0,10,1.1,,,,0.7,0.5,"Full sun","inverted cone",,,40.00,3.00,"1.2, 1.0 ddh","/ByrziN0LguMJHnInl2NM/trZeA5h+c0","mOcIykOnDgd3QV5gHrl8B5rxlWe9VRn+","legacyData"
"a7f19288-1c1a-4e25-ad79-5459671ef150","JORN_016.basePlot.vst","2015-10-06","vst_JORN_2015","D14","JORN","JORN_016",,"NEON.PLA.D14.JORN.00047",,"sapling","Live",2.0,10,1.1,,,,1.1,0.7,"Full sun","inverted cone",,,1.00,1.00,"actual stemDiameter 1.7 cm","/ByrziN0LguMJHnInl2NM/trZeA5h+c0","mOcIykOnDgd3QV5gHrl8B5rxlWe9VRn+","legacyData"
"84b87400-06e6-4e56-a630-cbeeb7d492dd","JORN_016.basePlot.vst","2015-10-06","vst_JORN_2015","D14","JORN","JORN_016",,"NEON.PLA.D14.JORN.00040",,"small shrub","Live",2.0,10,1.2,,,,1.2,1.1,"Full sun","half-sphere",,,,,"1.7, 3.8, 2.2, 6.4 ddh","/ByrziN0LguMJHnInl2NM/trZeA5h+c0","mOcIykOnDgd3QV5gHrl8B5rxlWe9VRn+","legacyData"
"6cf6dd6f-3dd9-485d-ade3-188dacab7356","JORN_016.basePlot.vst","2015-10-06","vst_JORN_2015","D14","JORN","JORN_016",,"NEON.PLA.D14.JORN.00048",,"small shrub","Live",13.0,10,1.6,,,,2.1,1.5,"Full sun","half-sphere",,,,,"13.1, 4.6, 1.4 ddh","/ByrziN0LguMJHnInl2NM/trZeA5h+c0","mOcIykOnDgd3QV5gHrl8B5rxlWe9VRn+","legacyData"
"8930a33b-3aa8-4fd7-8709-772d2099b40b","JORN_016.basePlot.vst","2015-10-06","vst_JORN_2015","D14","JORN","JORN_016",,"NEON.PLA.D14.JORN.00046",,"sapling","Standing dead",8.0,10,1.0,,,,1.5,1.0,"Open grown","oblate half-sphere",,,,,"actual stemDiameter 7.8 cm","/ByrziN0LguMJHnInl2NM/trZeA5h+c0","mOcIykOnDgd3QV5gHrl8B5rxlWe9VRn+","legacyData"
"2b6a0cee-dcf1-44b4-94b4-589ceaaa7852","JORN_016.basePlot.vst","2015-10-06","vst_JORN_2015","D14","JORN","JORN_016",,"NEON.PLA.D14.JORN.00045",,"small shrub","Live",2.0,10,1.3,,,,1.4,1.4,"Full sun","half-sphere",,,,,"1.9, 1.8, 1.9, 2.3, 1.0, 1.4, 1.5 ddh","/ByrziN0LguMJHnInl2NM/trZeA5h+c0","mOcIykOnDgd3QV5gHrl8B5rxlWe9VRn+","legacyData"
"927b6adc-d8dd-4f01-8a57-0bedb1051e72","JORN_012.basePlot.vst","2015-10-07","vst_JORN_2015","D14","JORN","JORN_012",,"NEON.PLA.D14.JORN.00050",,"small shrub","Live,  other damage",9.0,10,,,,,1.4,1.4,"Open grown","half-sphere",,,,,"9.3, 1.5, 1.2 ddh","/ByrziN0LguMJHnInl2NM/trZeA5h+c0","mOcIykOnDgd3QV5gHrl8B5rxlWe9VRn+","legacyData"
"e36daa3e-c20b-47e2-ae48-65059bdbd75b","JORN_012.basePlot.vst","2015-10-07","vst_JORN_2015","D14","JORN","JORN_012",,"NEON.PLA.D14.JORN.00039",,"sapling","Live",3.0,10,0.9,,,,0.6,0.6,"Full sun","inverted cone",,,5.00,4.00,,"/ByrziN0LguMJHnInl2NM/trZeA5h+c0","mOcIykOnDgd3QV5gHrl8B5rxlWe9VRn+","legacyData"
"361e8522-1bb6-454d-b3ec-738b7b514547","JORN_015.basePlot.vst","2015-10-07","vst_JORN_2015","D14","JORN","JORN_015",,"NEON.PLA.D14.JORN.00053",,"sapling","Standing dead",1.0,10,0.5,,,,0.1,0.1,"Partially shaded",,,,,,,"/ByrziN0LguMJHnInl2NM/trZeA5h+c0","mOcIykOnDgd3QV5gHrl8B5rxlWe9VRn+","legacyData"
"8c1a9ee8-098f-4f19-b61e-507f671fecd2","JORN_015.basePlot.vst","2015-10-07","vst_JORN_2015","D14","JORN","JORN_015",,"NEON.PLA.D14.JORN.00052",,"sapling","Standing dead",1.0,10,0.5,,,,0.1,0.1,"Partially shaded",,,,,,,"/ByrziN0LguMJHnInl2NM/trZeA5h+c0","mOcIykOnDgd3QV5gHrl8B5rxlWe9VRn+","legacyData"
"5aa01edb-0716-4e04-bd41-dd7b002ce75f","JORN_012.basePlot.vst","2015-10-07","vst_JORN_2015","D14","JORN","JORN_012",,"NEON.PLA.D14.JORN.00049",,"small shrub","Live",1.0,10,1.4,,,,1.4,1.2,"Full sun","inverted cone",,,15.00,10.00,"1.1, 2.2, 4.5 ddh. Tagged at 30 cm","/ByrziN0LguMJHnInl2NM/trZeA5h+c0","mOcIykOnDgd3QV5gHrl8B5rxlWe9VRn+","legacyData"
"0f6b54d1-4ed1-4a06-9677-a7a98615e56c","JORN_012.basePlot.vst","2015-10-07","vst_JORN_2015","D14","JORN","JORN_012",,"NEON.PLA.D14.JORN.00051",,"small shrub","Live",2.0,10,1.1,,,,0.8,0.7,"Full sun","inverted cone",,,6.00,5.00,"2.0, 2.3 ddh","/ByrziN0LguMJHnInl2NM/trZeA5h+c0","mOcIykOnDgd3QV5gHrl8B5rxlWe9VRn+","legacyData"
