uid,namedLocation,date,eventID,domainID,siteID,plotID,subplotID,nestedSubplotID,groupID,taxonID,scientificName,taxonRank,identificationReferences,identificationQualifier,volumePercent,livePercent,deadPercent,canopyArea,meanHeight,remarks,measuredBy,recordedBy,dataQF
"e22ba4b8-2899-42de-accd-01d329470c9e","JORN_016.basePlot.vst","2015-10-01","vst_JORN_2015","D14","JORN","JORN_016","40",,"40_02","PRGL2","Prosopis glandulosa Torr.","species",,,100,85,15,12.7,1.00,,"a0DIygQs4rguY6Ey57+V6npgK+c4E00t","kBwRTjEA1mS63L/R24fqUgENIHeTWseKYBGP9lkUz0A=","legacyData"
"868e6607-4426-4a6e-b464-218f546379f0","JORN_016.basePlot.vst","2015-10-01","vst_JORN_2015","D14","JORN","JORN_016","41",,"41_01","PRGL2","Prosopis glandulosa Torr.","species",,,100,95,5,23.1,0.78,,"a0DIygQs4rguY6Ey57+V6npgK+c4E00t","kBwRTjEA1mS63L/R24fqUgENIHeTWseKYBGP9lkUz0A=","legacyData"
"c91f7fb9-af61-418f-aac5-a04b94f2cda9","JORN_016.basePlot.vst","2015-10-01","vst_JORN_2015","D14","JORN","JORN_016","40",,"40_01","PRGL2","Prosopis glandulosa Torr.","species",,,100,85,15,14.1,0.86,,"a0DIygQs4rguY6Ey57+V6npgK+c4E00t","kBwRTjEA1mS63L/R24fqUgENIHeTWseKYBGP9lkUz0A=","legacyData"
"0452ef8e-8334-4abd-bfcb-de134f15997d","JORN_016.basePlot.vst","2015-10-01","vst_JORN_2015","D14","JORN","JORN_016","41",,"41_02","PRGL2","Prosopis glandulosa Torr.","species",,,100,70,30,3.2,0.76,,"a0DIygQs4rguY6Ey57+V6npgK+c4E00t","kBwRTjEA1mS63L/R24fqUgENIHeTWseKYBGP9lkUz0A=","legacyData"
"a87032b0-341a-43a8-a85c-391b486ee1da","JORN_016.basePlot.vst","2015-10-01","vst_JORN_2015","D14","JORN","JORN_016","40",,"40_03","PRGL2","Prosopis glandulosa Torr.","species",,,100,60,40,3.3,0.78,,"a0DIygQs4rguY6Ey57+V6npgK+c4E00t","kBwRTjEA1mS63L/R24fqUgENIHeTWseKYBGP9lkUz0A=","legacyData"
"ebaa5f72-c2e3-4233-9a63-fc91cce8f613","JORN_005.basePlot.vst","2015-10-01","vst_JORN_2015","D14","JORN","JORN_005","40",,"40_05","PRGL2","Prosopis glandulosa Torr.","species",,,100,95,5,1.5,0.78,,"hRRZynJPKTlgBISZmXSv66FsQZ5BztHH","rT3Yl3ajt10V8w40mB+1aaiQYfD/eF32","legacyData"
"4e370e7f-38f3-4eeb-8c0e-b702d7543191","JORN_005.basePlot.vst","2015-10-01","vst_JORN_2015","D14","JORN","JORN_005","40",,"40_02","PRGL2","Prosopis glandulosa Torr.","species",,,100,90,10,4.5,0.96,,"hRRZynJPKTlgBISZmXSv66FsQZ5BztHH","rT3Yl3ajt10V8w40mB+1aaiQYfD/eF32","legacyData"
"6211839a-94ae-4a24-a748-a6954883fc6e","JORN_005.basePlot.vst","2015-10-01","vst_JORN_2015","D14","JORN","JORN_005","41",,"41_02","PRGL2","Prosopis glandulosa Torr.","species",,,100,90,10,1.5,0.66,,"hRRZynJPKTlgBISZmXSv66FsQZ5BztHH","rT3Yl3ajt10V8w40mB+1aaiQYfD/eF32","legacyData"
"5eeeda1b-74e1-458b-84a8-f8ab67b3fc46","JORN_016.basePlot.vst","2015-10-01","vst_JORN_2015","D14","JORN","JORN_016","31",,"31_02","PRGL2","Prosopis glandulosa Torr.","species",,,100,65,35,4.5,0.96,,"a0DIygQs4rguY6Ey57+V6npgK+c4E00t","kBwRTjEA1mS63L/R24fqUgENIHeTWseKYBGP9lkUz0A=","legacyData"
"1a0c2d62-2d03-459f-b943-c420996aefdc","JORN_016.basePlot.vst","2015-10-01","vst_JORN_2015","D14","JORN","JORN_016","31",,"31_04","PRGL2","Prosopis glandulosa Torr.","species",,,100,90,10,12.7,1.20,,"a0DIygQs4rguY6Ey57+V6npgK+c4E00t","kBwRTjEA1mS63L/R24fqUgENIHeTWseKYBGP9lkUz0A=","legacyData"
"adb2d191-10f8-4927-b6a2-8b7ce0ed7af1","JORN_016.basePlot.vst","2015-10-01","vst_JORN_2015","D14","JORN","JORN_016","31",,"31_01","PRGL2","Prosopis glandulosa Torr.","species",,,100,80,20,2.3,0.72,,"a0DIygQs4rguY6Ey57+V6npgK+c4E00t","kBwRTjEA1mS63L/R24fqUgENIHeTWseKYBGP9lkUz0A=","legacyData"
"42660b30-65ef-4898-93e8-2030ab617632","JORN_016.basePlot.vst","2015-10-01","vst_JORN_2015","D14","JORN","JORN_016","31",,"31_03","PRGL2","Prosopis glandulosa Torr.","species",,,100,65,35,6.6,0.74,,"a0DIygQs4rguY6Ey57+V6npgK+c4E00t","kBwRTjEA1mS63L/R24fqUgENIHeTWseKYBGP9lkUz0A=","legacyData"
"4ae707ee-fec7-4568-a88f-cb08c4bd3cdb","JORN_005.basePlot.vst","2015-10-01","vst_JORN_2015","D14","JORN","JORN_005","40",,"40 _0","PRGL2","Prosopis glandulosa Torr.","species",,,100,90,10,1.0,0.90,,"hRRZynJPKTlgBISZmXSv66FsQZ5BztHH","rT3Yl3ajt10V8w40mB+1aaiQYfD/eF32","legacyData"
"67a51f92-d253-4c03-afe0-664d742c39cd","JORN_005.basePlot.vst","2015-10-01","vst_JORN_2015","D14","JORN","JORN_005","32",,"32 _0","PRGL2","Prosopis glandulosa Torr.","species",,,100,85,15,5.0,1.00,,"hRRZynJPKTlgBISZmXSv66FsQZ5BztHH","rT3Yl3ajt10V8w40mB+1aaiQYfD/eF32","legacyData"
"dbb5da45-8e0f-4d5e-96c8-82ac75b5a008","JORN_005.basePlot.vst","2015-10-01","vst_JORN_2015","D14","JORN","JORN_005","32",,"32 _0","PRGL2","Prosopis glandulosa Torr.","species",,,100,85,15,5.0,1.02,,"hRRZynJPKTlgBISZmXSv66FsQZ5BztHH","rT3Yl3ajt10V8w40mB+1aaiQYfD/eF32","legacyData"
"dc65aa73-f33e-4377-940f-3ef2fd2e90d3","JORN_016.basePlot.vst","2015-10-01","vst_JORN_2015","D14","JORN","JORN_016","40",,"40 _0","PRGL2","Prosopis glandulosa Torr.","species",,,100,60,40,14.1,0.80,,"a0DIygQs4rguY6Ey57+V6npgK+c4E00t","kBwRTjEA1mS63L/R24fqUgENIHeTWseKYBGP9lkUz0A=","legacyData"
"5dd95960-52a5-4440-8e8b-b5bbae9d64c4","JORN_016.basePlot.vst","2015-10-01","vst_JORN_2015","D14","JORN","JORN_016","32",,"32 _0","PRGL2","Prosopis glandulosa Torr.","species",,,100,93,7,17.1,0.84,,"a0DIygQs4rguY6Ey57+V6npgK+c4E00t","kBwRTjEA1mS63L/R24fqUgENIHeTWseKYBGP9lkUz0A=","legacyData"
"3bfcb23c-5466-4e12-9cc2-7da0a0ca45fb","JORN_016.basePlot.vst","2015-10-01","vst_JORN_2015","D14","JORN","JORN_016","31",,"31 _0","PRGL2","Prosopis glandulosa Torr.","species",,,100,65,35,2.3,0.74,,"a0DIygQs4rguY6Ey57+V6npgK+c4E00t","kBwRTjEA1mS63L/R24fqUgENIHeTWseKYBGP9lkUz0A=","legacyData"
"b3114ad3-0722-4512-9398-f65c8d4fad6b","JORN_005.basePlot.vst","2015-10-01","vst_JORN_2015","D14","JORN","JORN_005","32",,"32 _0","PRGL2","Prosopis glandulosa Torr.","species",,,100,85,15,5.0,0.92,,"hRRZynJPKTlgBISZmXSv66FsQZ5BztHH","rT3Yl3ajt10V8w40mB+1aaiQYfD/eF32","legacyData"
"34101de7-66d4-43db-9baf-ab70616cee1d","JORN_016.basePlot.vst","2015-10-01","vst_JORN_2015","D14","JORN","JORN_016","40",,"40 _0","PRGL2","Prosopis glandulosa Torr.","species",,,100,85,15,14.1,0.86,,"a0DIygQs4rguY6Ey57+V6npgK+c4E00t","kBwRTjEA1mS63L/R24fqUgENIHeTWseKYBGP9lkUz0A=","legacyData"
"a22fa928-2376-40fa-ba03-41749ff39b82","JORN_016.basePlot.vst","2015-10-01","vst_JORN_2015","D14","JORN","JORN_016","40",,"40 _0","PRGL2","Prosopis glandulosa Torr.","species",,,100,85,15,14.1,0.96,,"a0DIygQs4rguY6Ey57+V6npgK+c4E00t","kBwRTjEA1mS63L/R24fqUgENIHeTWseKYBGP9lkUz0A=","legacyData"
"9a92e1b5-28f9-406e-8bd8-8a56190b23ff","JORN_008.basePlot.vst","2015-10-01","vst_JORN_2015","D14","JORN","JORN_008","40",,"40 _0","PRGL2","Prosopis glandulosa Torr.","species",,,100,85,15,16.1,0.84,,"a0DIygQs4rguY6Ey57+V6npgK+c4E00t","kBwRTjEA1mS63L/R24fqUgENIHeTWseKYBGP9lkUz0A=","legacyData"
"193d0889-d886-456a-abd3-bad60ea4f3c4","JORN_008.basePlot.vst","2015-10-01","vst_JORN_2015","D14","JORN","JORN_008","32",,"32 _0","PRGL2","Prosopis glandulosa Torr.","species",,,100,60,40,2.8,0.86,,"a0DIygQs4rguY6Ey57+V6npgK+c4E00t","kBwRTjEA1mS63L/R24fqUgENIHeTWseKYBGP9lkUz0A=","legacyData"
"904e3530-d91d-43e6-aa17-0302f790ad0d","JORN_005.basePlot.vst","2015-10-01","vst_JORN_2015","D14","JORN","JORN_005","31",,"31 _0","PRGL2","Prosopis glandulosa Torr.","species",,,100,85,15,18.0,1.00,,"hRRZynJPKTlgBISZmXSv66FsQZ5BztHH","rT3Yl3ajt10V8w40mB+1aaiQYfD/eF32","legacyData"
"14a2ead7-11c6-4ae7-91ee-9ef84c9ea5fc","JORN_005.basePlot.vst","2015-10-01","vst_JORN_2015","D14","JORN","JORN_005","41",,"41 _0","PRGL2","Prosopis glandulosa Torr.","species",,,100,85,15,2.5,1.02,,"hRRZynJPKTlgBISZmXSv66FsQZ5BztHH","rT3Yl3ajt10V8w40mB+1aaiQYfD/eF32","legacyData"
"dff9842d-3ac8-4f6a-bb4c-d53429369a77","JORN_016.basePlot.vst","2015-10-01","vst_JORN_2015","D14","JORN","JORN_016","31",,"31 _0","PRGL2","Prosopis glandulosa Torr.","species",,,100,80,20,2.3,0.72,,"a0DIygQs4rguY6Ey57+V6npgK+c4E00t","kBwRTjEA1mS63L/R24fqUgENIHeTWseKYBGP9lkUz0A=","legacyData"
"a2011411-fa40-4050-a2b5-5045c445338b","JORN_005.basePlot.vst","2015-10-01","vst_JORN_2015","D14","JORN","JORN_005","41",,"41 _0","PRGL2","Prosopis glandulosa Torr.","species",,,100,90,10,2.5,0.72,,"hRRZynJPKTlgBISZmXSv66FsQZ5BztHH","rT3Yl3ajt10V8w40mB+1aaiQYfD/eF32","legacyData"
"1c071b70-5ed6-4eb7-8a66-ab6ccd812486","JORN_005.basePlot.vst","2015-10-01","vst_JORN_2015","D14","JORN","JORN_005","41",,"41 _0","PRGL2","Prosopis glandulosa Torr.","species",,,100,85,15,2.5,0.94,,"hRRZynJPKTlgBISZmXSv66FsQZ5BztHH","rT3Yl3ajt10V8w40mB+1aaiQYfD/eF32","legacyData"
"51123960-46f0-425e-809c-9d95fa0d75cc","JORN_016.basePlot.vst","2015-10-01","vst_JORN_2015","D14","JORN","JORN_016","31",,"31 _0","PRGL2","Prosopis glandulosa Torr.","species",,,100,90,10,2.3,1.12,,"a0DIygQs4rguY6Ey57+V6npgK+c4E00t","kBwRTjEA1mS63L/R24fqUgENIHeTWseKYBGP9lkUz0A=","legacyData"
"cac8196b-258f-403c-a9f9-9696cab3443f","JORN_016.basePlot.vst","2015-10-01","vst_JORN_2015","D14","JORN","JORN_016","32",,"32 _0","PRGL2","Prosopis glandulosa Torr.","species",,,100,60,40,17.1,0.68,,"a0DIygQs4rguY6Ey57+V6npgK+c4E00t","kBwRTjEA1mS63L/R24fqUgENIHeTWseKYBGP9lkUz0A=","legacyData"
"8ef0713f-d068-4714-ac88-9441ff3c7c38","JORN_016.basePlot.vst","2015-10-01","vst_JORN_2015","D14","JORN","JORN_016","41",,"41 _0","PRGL2","Prosopis glandulosa Torr.","species",,,100,95,5,23.1,0.78,,"a0DIygQs4rguY6Ey57+V6npgK+c4E00t","kBwRTjEA1mS63L/R24fqUgENIHeTWseKYBGP9lkUz0A=","legacyData"
"92c40313-3d42-41b4-b1ca-60706f2c0692","JORN_016.basePlot.vst","2015-10-01","vst_JORN_2015","D14","JORN","JORN_016","31",,"31 _0","PRGL2","Prosopis glandulosa Torr.","species",,,100,65,35,2.3,0.92,,"a0DIygQs4rguY6Ey57+V6npgK+c4E00t","kBwRTjEA1mS63L/R24fqUgENIHeTWseKYBGP9lkUz0A=","legacyData"
"1e4e03f0-88e4-4087-924a-370b3fd9ead3","JORN_016.basePlot.vst","2015-10-01","vst_JORN_2015","D14","JORN","JORN_016","41",,"41 _0","PRGL2","Prosopis glandulosa Torr.","species",,,100,70,30,23.1,0.74,,"a0DIygQs4rguY6Ey57+V6npgK+c4E00t","kBwRTjEA1mS63L/R24fqUgENIHeTWseKYBGP9lkUz0A=","legacyData"
"7eba2755-4563-49f7-878c-9827183cfebf","JORN_016.basePlot.vst","2015-10-01","vst_JORN_2015","D14","JORN","JORN_016","32",,"32 _0","PRGL2","Prosopis glandulosa Torr.","species",,,100,65,35,17.1,1.06,,"a0DIygQs4rguY6Ey57+V6npgK+c4E00t","kBwRTjEA1mS63L/R24fqUgENIHeTWseKYBGP9lkUz0A=","legacyData"
"ad29c4b3-d06d-42f2-8de4-6b00615e6c68","JORN_008.basePlot.vst","2015-10-01","vst_JORN_2015","D14","JORN","JORN_008","31",,"31 _0","PRGL2","Prosopis glandulosa Torr.","species",,,100,75,25,10.5,1.08,,"a0DIygQs4rguY6Ey57+V6npgK+c4E00t","kBwRTjEA1mS63L/R24fqUgENIHeTWseKYBGP9lkUz0A=","legacyData"
"5b8c5225-efb6-4fc2-b614-187220d03ba5","JORN_008.basePlot.vst","2015-10-01","vst_JORN_2015","D14","JORN","JORN_008","40",,"40 _0","PRGL2","Prosopis glandulosa Torr.","species",,,100,0,100,16.1,0.68,,"a0DIygQs4rguY6Ey57+V6npgK+c4E00t","kBwRTjEA1mS63L/R24fqUgENIHeTWseKYBGP9lkUz0A=","legacyData"
"7b38c6fd-6d50-4667-ad7b-0dc7feec4b5a","JORN_008.basePlot.vst","2015-10-01","vst_JORN_2015","D14","JORN","JORN_008","40",,"40 _0","PRGL2","Prosopis glandulosa Torr.","species",,,100,80,20,16.1,0.72,,"a0DIygQs4rguY6Ey57+V6npgK+c4E00t","kBwRTjEA1mS63L/R24fqUgENIHeTWseKYBGP9lkUz0A=","legacyData"
"057b8b2a-3ca9-41e8-a18c-c255a39f3710","JORN_008.basePlot.vst","2015-10-01","vst_JORN_2015","D14","JORN","JORN_008","32",,"32 _0","PRGL2","Prosopis glandulosa Torr.","species",,,100,90,10,2.8,1.08,,"a0DIygQs4rguY6Ey57+V6npgK+c4E00t","kBwRTjEA1mS63L/R24fqUgENIHeTWseKYBGP9lkUz0A=","legacyData"
"ccc70d58-5d05-4ebd-9ced-7c8d1ed4ea9f","JORN_008.basePlot.vst","2015-10-01","vst_JORN_2015","D14","JORN","JORN_008","40",,"40 _0","PRGL2","Prosopis glandulosa Torr.","species",,,100,70,30,16.1,0.92,,"a0DIygQs4rguY6Ey57+V6npgK+c4E00t","kBwRTjEA1mS63L/R24fqUgENIHeTWseKYBGP9lkUz0A=","legacyData"
"6f6befbc-3e58-4955-ae90-af357092ec3e","JORN_008.basePlot.vst","2015-10-01","vst_JORN_2015","D14","JORN","JORN_008","41",,"41 _0","PRGL2","Prosopis glandulosa Torr.","species",,,100,65,35,21.6,1.26,,"a0DIygQs4rguY6Ey57+V6npgK+c4E00t","kBwRTjEA1mS63L/R24fqUgENIHeTWseKYBGP9lkUz0A=","legacyData"
"73b59dfd-17a0-4015-ba84-ef916a74905a","JORN_005.basePlot.vst","2015-10-01","vst_JORN_2015","D14","JORN","JORN_005","31",,"31 _0","PRGL2","Prosopis glandulosa Torr.","species",,,100,85,15,18.0,0.72,,"hRRZynJPKTlgBISZmXSv66FsQZ5BztHH","rT3Yl3ajt10V8w40mB+1aaiQYfD/eF32","legacyData"
"d041e290-4719-4f88-bb6a-e3d9ea0fc479","JORN_005.basePlot.vst","2015-10-01","vst_JORN_2015","D14","JORN","JORN_005","31",,"31 _0","PRGL2","Prosopis glandulosa Torr.","species",,,100,80,20,18.0,0.78,,"hRRZynJPKTlgBISZmXSv66FsQZ5BztHH","rT3Yl3ajt10V8w40mB+1aaiQYfD/eF32","legacyData"
"24c8732e-b384-4f00-8b6e-c4c6aab9c023","JORN_005.basePlot.vst","2015-10-01","vst_JORN_2015","D14","JORN","JORN_005","40",,"40 _0","PRGL2","Prosopis glandulosa Torr.","species",,,100,95,5,1.0,0.74,,"hRRZynJPKTlgBISZmXSv66FsQZ5BztHH","rT3Yl3ajt10V8w40mB+1aaiQYfD/eF32","legacyData"
"36de5999-ec8d-452f-b127-15d449331943","JORN_005.basePlot.vst","2015-10-01","vst_JORN_2015","D14","JORN","JORN_005","32",,"32 _0","PRGL2","Prosopis glandulosa Torr.","species",,,100,85,15,5.0,0.74,,"hRRZynJPKTlgBISZmXSv66FsQZ5BztHH","rT3Yl3ajt10V8w40mB+1aaiQYfD/eF32","legacyData"
"1ce1ce20-9773-422e-b5ad-3f61439eeb5f","JORN_005.basePlot.vst","2015-10-01","vst_JORN_2015","D14","JORN","JORN_005","40",,"40 _0","PRGL2","Prosopis glandulosa Torr.","species",,,100,90,10,1.0,0.56,,"hRRZynJPKTlgBISZmXSv66FsQZ5BztHH","rT3Yl3ajt10V8w40mB+1aaiQYfD/eF32","legacyData"
"dbacac6a-0035-47d6-b697-a92bef84abd2","JORN_005.basePlot.vst","2015-10-01","vst_JORN_2015","D14","JORN","JORN_005","31",,"31 _0","PRGL2","Prosopis glandulosa Torr.","species",,,100,85,15,18.0,0.96,,"hRRZynJPKTlgBISZmXSv66FsQZ5BztHH","rT3Yl3ajt10V8w40mB+1aaiQYfD/eF32","legacyData"
"d677a028-6664-4f24-ad18-2c24d4925cc1","JORN_005.basePlot.vst","2015-10-01","vst_JORN_2015","D14","JORN","JORN_005","32",,"32 _0","PRGL2","Prosopis glandulosa Torr.","species",,,100,75,25,5.0,0.68,,"hRRZynJPKTlgBISZmXSv66FsQZ5BztHH","rT3Yl3ajt10V8w40mB+1aaiQYfD/eF32","legacyData"
"a9e41fb4-36c8-493f-b0f9-27b12df0f216","JORN_005.basePlot.vst","2015-10-01","vst_JORN_2015","D14","JORN","JORN_005","32",,"32 _0","PRGL2","Prosopis glandulosa Torr.","species",,,100,90,10,5.0,0.92,,"hRRZynJPKTlgBISZmXSv66FsQZ5BztHH","rT3Yl3ajt10V8w40mB+1aaiQYfD/eF32","legacyData"
"74faba21-7fcd-44ff-9b8f-31f2bf16e18c","JORN_005.basePlot.vst","2015-10-01","vst_JORN_2015","D14","JORN","JORN_005","40",,"40 _0","PRGL2","Prosopis glandulosa Torr.","species",,,100,95,5,1.0,0.72,,"hRRZynJPKTlgBISZmXSv66FsQZ5BztHH","rT3Yl3ajt10V8w40mB+1aaiQYfD/eF32","legacyData"
"e07f288c-d56c-4139-9305-b03c34468cb9","JORN_005.basePlot.vst","2015-10-01","vst_JORN_2015","D14","JORN","JORN_005","40",,"40 _0","PRGL2","Prosopis glandulosa Torr.","species",,,100,90,10,1.0,0.58,"ERROR: Canopy Area corrected from 0.75 m^2 on datasheet to 0.8m^2","hRRZynJPKTlgBISZmXSv66FsQZ5BztHH","rT3Yl3ajt10V8w40mB+1aaiQYfD/eF32","legacyData"
"c3fd05e9-2380-4a59-b302-7a2064041e3f","JORN_005.basePlot.vst","2015-10-01","vst_JORN_2015","D14","JORN","JORN_005","32",,"32_04","PRGL2","Prosopis glandulosa Torr.","species",,,100,85,15,4.5,1.02,,"hRRZynJPKTlgBISZmXSv66FsQZ5BztHH","rT3Yl3ajt10V8w40mB+1aaiQYfD/eF32","legacyData"
"ef7aafff-cda0-4c34-9e66-68bde580820a","JORN_005.basePlot.vst","2015-10-01","vst_JORN_2015","D14","JORN","JORN_005","31",,"31_03","PRGL2","Prosopis glandulosa Torr.","species",,,100,85,15,10.0,0.98,,"hRRZynJPKTlgBISZmXSv66FsQZ5BztHH","rT3Yl3ajt10V8w40mB+1aaiQYfD/eF32","legacyData"
"fffc7405-1805-4497-82ac-b802cde1adea","JORN_005.basePlot.vst","2015-10-01","vst_JORN_2015","D14","JORN","JORN_005","41",,"41_03","PRGL2","Prosopis glandulosa Torr.","species",,,100,85,15,2.3,0.96,,"hRRZynJPKTlgBISZmXSv66FsQZ5BztHH","rT3Yl3ajt10V8w40mB+1aaiQYfD/eF32","legacyData"
"bd433855-943f-439b-872f-5da7f83650b9","JORN_005.basePlot.vst","2015-10-01","vst_JORN_2015","D14","JORN","JORN_005","32",,"32_01","PRGL2","Prosopis glandulosa Torr.","species",,,100,90,10,5.0,0.92,,"hRRZynJPKTlgBISZmXSv66FsQZ5BztHH","rT3Yl3ajt10V8w40mB+1aaiQYfD/eF32","legacyData"
"a3147a7e-ae7b-4037-9150-e8ec1157d92c","JORN_005.basePlot.vst","2015-10-01","vst_JORN_2015","D14","JORN","JORN_005","31",,"31_04","PRGL2","Prosopis glandulosa Torr.","species",,,100,80,20,1.0,0.74,,"hRRZynJPKTlgBISZmXSv66FsQZ5BztHH","rT3Yl3ajt10V8w40mB+1aaiQYfD/eF32","legacyData"
"48d07be5-f3a5-4118-a21a-aff037b2f551","JORN_005.basePlot.vst","2015-10-01","vst_JORN_2015","D14","JORN","JORN_005","31",,"31_01","PRGL2","Prosopis glandulosa Torr.","species",,,100,85,15,18.0,0.96,,"hRRZynJPKTlgBISZmXSv66FsQZ5BztHH","rT3Yl3ajt10V8w40mB+1aaiQYfD/eF32","legacyData"
"10a322f7-2482-47a3-8dcc-a2d6bd72f095","JORN_005.basePlot.vst","2015-10-01","vst_JORN_2015","D14","JORN","JORN_005","32",,"32_03","PRGL2","Prosopis glandulosa Torr.","species",,,100,85,15,4.0,0.68,,"hRRZynJPKTlgBISZmXSv66FsQZ5BztHH","rT3Yl3ajt10V8w40mB+1aaiQYfD/eF32","legacyData"
"a4fcbfe0-3b5f-4ce0-8d69-8288b78cd6d7","JORN_005.basePlot.vst","2015-10-01","vst_JORN_2015","D14","JORN","JORN_005","32",,"32_06","PRGL2","Prosopis glandulosa Torr.","species",,,100,85,15,10.0,0.94,,"hRRZynJPKTlgBISZmXSv66FsQZ5BztHH","rT3Yl3ajt10V8w40mB+1aaiQYfD/eF32","legacyData"
"73b1e4f4-2e11-4029-89ed-04712f42088f","JORN_008.basePlot.vst","2015-10-01","vst_JORN_2015","D14","JORN","JORN_008","40",,"40_03","PRGL2","Prosopis glandulosa Torr.","species",,,100,0,100,1.3,0.60,,"a0DIygQs4rguY6Ey57+V6npgK+c4E00t","kBwRTjEA1mS63L/R24fqUgENIHeTWseKYBGP9lkUz0A=","legacyData"
"82045be2-3755-4def-8290-2752ad95ec15","JORN_008.basePlot.vst","2015-10-01","vst_JORN_2015","D14","JORN","JORN_008","31",,"31_01","PRGL2","Prosopis glandulosa Torr.","species",,,100,75,25,10.5,1.08,,"a0DIygQs4rguY6Ey57+V6npgK+c4E00t","kBwRTjEA1mS63L/R24fqUgENIHeTWseKYBGP9lkUz0A=","legacyData"
"65232f3d-f4f5-475a-b0bf-f69ad957f97e","JORN_008.basePlot.vst","2015-10-01","vst_JORN_2015","D14","JORN","JORN_008","40",,"40_04","PRGL2","Prosopis glandulosa Torr.","species",,,100,70,30,8.2,0.94,,"a0DIygQs4rguY6Ey57+V6npgK+c4E00t","kBwRTjEA1mS63L/R24fqUgENIHeTWseKYBGP9lkUz0A=","legacyData"
"31ca473a-82b5-40df-9b8c-4fa751b5024e","JORN_008.basePlot.vst","2015-10-01","vst_JORN_2015","D14","JORN","JORN_008","40",,"40_01","PRGL2","Prosopis glandulosa Torr.","species",,,100,85,15,16.1,0.84,,"a0DIygQs4rguY6Ey57+V6npgK+c4E00t","kBwRTjEA1mS63L/R24fqUgENIHeTWseKYBGP9lkUz0A=","legacyData"
"ab392f76-e458-4e8c-8c1c-f1dfe85bb244","JORN_008.basePlot.vst","2015-10-01","vst_JORN_2015","D14","JORN","JORN_008","41",,"41_01","PRGL2","Prosopis glandulosa Torr.","species",,,100,65,35,21.6,1.26,,"a0DIygQs4rguY6Ey57+V6npgK+c4E00t","kBwRTjEA1mS63L/R24fqUgENIHeTWseKYBGP9lkUz0A=","legacyData"
"3b5a32ad-8e96-41c7-99a3-1d552ddbb13a","JORN_008.basePlot.vst","2015-10-01","vst_JORN_2015","D14","JORN","JORN_008","32",,"32_02","PRGL2","Prosopis glandulosa Torr.","species",,,100,90,10,15.0,1.10,,"a0DIygQs4rguY6Ey57+V6npgK+c4E00t","kBwRTjEA1mS63L/R24fqUgENIHeTWseKYBGP9lkUz0A=","legacyData"
"828e9d0c-822e-4f50-beff-1352378f6282","JORN_008.basePlot.vst","2015-10-01","vst_JORN_2015","D14","JORN","JORN_008","40",,"40_02","PRGL2","Prosopis glandulosa Torr.","species",,,100,80,20,2.2,0.66,,"a0DIygQs4rguY6Ey57+V6npgK+c4E00t","kBwRTjEA1mS63L/R24fqUgENIHeTWseKYBGP9lkUz0A=","legacyData"
"205efc75-fd09-43a9-ac79-877fc509827a","JORN_008.basePlot.vst","2015-10-01","vst_JORN_2015","D14","JORN","JORN_008","32",,"32_01","PRGL2","Prosopis glandulosa Torr.","species",,,100,60,40,2.8,0.86,,"a0DIygQs4rguY6Ey57+V6npgK+c4E00t","kBwRTjEA1mS63L/R24fqUgENIHeTWseKYBGP9lkUz0A=","legacyData"
"358d5581-21e0-41bc-9580-eeea40ffddd3","JORN_005.basePlot.vst","2015-10-01","vst_JORN_2015","D14","JORN","JORN_005","31",,"31_02","PRGL2","Prosopis glandulosa Torr.","species",,,100,85,15,1.5,0.64,,"hRRZynJPKTlgBISZmXSv66FsQZ5BztHH","rT3Yl3ajt10V8w40mB+1aaiQYfD/eF32","legacyData"
"bc335932-61fa-4ef4-af42-8f87da2059ac","JORN_005.basePlot.vst","2015-10-01","vst_JORN_2015","D14","JORN","JORN_005","32",,"32_02","PRGL2","Prosopis glandulosa Torr.","species",,,100,85,15,5.0,1.04,,"hRRZynJPKTlgBISZmXSv66FsQZ5BztHH","rT3Yl3ajt10V8w40mB+1aaiQYfD/eF32","legacyData"
"c8267986-2d64-4ef2-9244-f74698baf6d8","JORN_005.basePlot.vst","2015-10-01","vst_JORN_2015","D14","JORN","JORN_005","32",,"32_05","PRGL2","Prosopis glandulosa Torr.","species",,,100,75,25,1.0,0.60,,"hRRZynJPKTlgBISZmXSv66FsQZ5BztHH","rT3Yl3ajt10V8w40mB+1aaiQYfD/eF32","legacyData"
"1cf79ced-9e8a-478a-8ea0-b4c8c2afa910","JORN_016.basePlot.vst","2015-10-01","vst_JORN_2015","D14","JORN","JORN_016","32",,"32_03","PRGL2","Prosopis glandulosa Torr.","species",,,100,60,40,1.8,0.62,,"a0DIygQs4rguY6Ey57+V6npgK+c4E00t","kBwRTjEA1mS63L/R24fqUgENIHeTWseKYBGP9lkUz0A=","legacyData"
"685f0fc6-6210-4c98-b71a-4598bcc5799e","JORN_005.basePlot.vst","2015-10-01","vst_JORN_2015","D14","JORN","JORN_005","41",,"41_01","PRGL2","Prosopis glandulosa Torr.","species",,,100,85,15,2.5,1.02,,"hRRZynJPKTlgBISZmXSv66FsQZ5BztHH","rT3Yl3ajt10V8w40mB+1aaiQYfD/eF32","legacyData"
"f9ec379f-1d21-43e3-be68-559d4b46629c","JORN_016.basePlot.vst","2015-10-01","vst_JORN_2015","D14","JORN","JORN_016","32",,"32_01","PRGL2","Prosopis glandulosa Torr.","species",,,100,93,7,17.1,0.84,,"a0DIygQs4rguY6Ey57+V6npgK+c4E00t","kBwRTjEA1mS63L/R24fqUgENIHeTWseKYBGP9lkUz0A=","legacyData"
"1ba88869-c761-41e8-ac1e-35e2b95af123","JORN_005.basePlot.vst","2015-10-01","vst_JORN_2015","D14","JORN","JORN_005","40",,"40_04","PRGL2","Prosopis glandulosa Torr.","species",,,100,90,10,1.5,0.56,,"hRRZynJPKTlgBISZmXSv66FsQZ5BztHH","rT3Yl3ajt10V8w40mB+1aaiQYfD/eF32","legacyData"
"f2513776-00e0-480c-beae-3be93762a5f3","JORN_005.basePlot.vst","2015-10-01","vst_JORN_2015","D14","JORN","JORN_005","40",,"40_01","PRGL2","Prosopis glandulosa Torr.","species",,,100,95,5,1.0,0.72,,"hRRZynJPKTlgBISZmXSv66FsQZ5BztHH","rT3Yl3ajt10V8w40mB+1aaiQYfD/eF32","legacyData"
"ad69cf7e-e187-47ee-bfb6-1043b0001350","JORN_005.basePlot.vst","2015-10-01","vst_JORN_2015","D14","JORN","JORN_005","40",,"40_03","PRGL2","Prosopis glandulosa Torr.","species",,,100,90,10,0.8,0.60,"ERROR: Canopy Area corrected from 0.75 m^2 on datasheet to 0.8m^2","hRRZynJPKTlgBISZmXSv66FsQZ5BztHH","rT3Yl3ajt10V8w40mB+1aaiQYfD/eF32","legacyData"
"7e46754f-1c0d-4da3-9c9f-fb6cd564fb00","JORN_016.basePlot.vst","2015-10-01","vst_JORN_2015","D14","JORN","JORN_016","32",,"32_02","PRGL2","Prosopis glandulosa Torr.","species",,,100,65,35,4.1,1.12,,"a0DIygQs4rguY6Ey57+V6npgK+c4E00t","kBwRTjEA1mS63L/R24fqUgENIHeTWseKYBGP9lkUz0A=","legacyData"
"ab9952c2-cee5-4fe9-99ea-64bbc5b56981","JORN_014.basePlot.vst","2015-10-06","vst_JORN_2015","D14","JORN","JORN_014","40",,"40 _0","PRGL2","Prosopis glandulosa Torr.","species",,,100,95,5,1.8,0.64,,"mOcIykOnDgd3QV5gHrl8B5rxlWe9VRn+","/ByrziN0LguMJHnInl2NM/trZeA5h+c0","legacyData"
"ad257624-36c1-4910-84f1-8de1fda3deb0","JORN_014.basePlot.vst","2015-10-06","vst_JORN_2015","D14","JORN","JORN_014","41",,"41 _0","PRGL2","Prosopis glandulosa Torr.","species",,,100,95,5,1.4,1.02,,"mOcIykOnDgd3QV5gHrl8B5rxlWe9VRn+","/ByrziN0LguMJHnInl2NM/trZeA5h+c0","legacyData"
"e65cf23c-b725-4f7e-be38-2b9863985b8e","JORN_014.basePlot.vst","2015-10-06","vst_JORN_2015","D14","JORN","JORN_014","32",,"32 _0","PRGL2","Prosopis glandulosa Torr.","species",,,100,90,10,1.1,1.20,,"mOcIykOnDgd3QV5gHrl8B5rxlWe9VRn+","/ByrziN0LguMJHnInl2NM/trZeA5h+c0","legacyData"
"d80c7cff-5543-4668-a69e-1b4fb5efb624","JORN_014.basePlot.vst","2015-10-06","vst_JORN_2015","D14","JORN","JORN_014","41",,"41 _0","PRGL2","Prosopis glandulosa Torr.","species",,,100,95,5,1.4,0.74,,"mOcIykOnDgd3QV5gHrl8B5rxlWe9VRn+","/ByrziN0LguMJHnInl2NM/trZeA5h+c0","legacyData"
"055eefca-5030-4f79-9c36-cf6ca73dabda","JORN_006.basePlot.vst","2015-10-06","vst_JORN_2015","D14","JORN","JORN_006","32",,"32 _0","PRGL2","Prosopis glandulosa Torr.","species",,,100,85,15,1.6,0.98,,"mOcIykOnDgd3QV5gHrl8B5rxlWe9VRn+","mOcIykOnDgd3QV5gHrl8B5rxlWe9VRn+","legacyData"
"a98a36e4-8752-4faf-b775-2a8ff8e13505","JORN_006.basePlot.vst","2015-10-06","vst_JORN_2015","D14","JORN","JORN_006","31",,"31 _0","PRGL2","Prosopis glandulosa Torr.","species",,,100,96,4,6.7,0.74,,"mOcIykOnDgd3QV5gHrl8B5rxlWe9VRn+","mOcIykOnDgd3QV5gHrl8B5rxlWe9VRn+","legacyData"
"b0878b1e-8052-42ad-a2fb-0fb7fbbbcfb6","JORN_006.basePlot.vst","2015-10-06","vst_JORN_2015","D14","JORN","JORN_006","31",,"31 _0","PRGL2","Prosopis glandulosa Torr.","species",,,100,96,4,6.7,0.62,,"mOcIykOnDgd3QV5gHrl8B5rxlWe9VRn+","mOcIykOnDgd3QV5gHrl8B5rxlWe9VRn+","legacyData"
"c8eee99b-e208-4134-a796-93ef4be49b29","JORN_006.basePlot.vst","2015-10-06","vst_JORN_2015","D14","JORN","JORN_006","31",,"31 _0","PRGL2","Prosopis glandulosa Torr.","species",,,100,95,5,6.7,0.86,,"mOcIykOnDgd3QV5gHrl8B5rxlWe9VRn+","mOcIykOnDgd3QV5gHrl8B5rxlWe9VRn+","legacyData"
"99747ed7-6160-4bde-819b-75b60d4cf41d","JORN_006.basePlot.vst","2015-10-06","vst_JORN_2015","D14","JORN","JORN_006","41",,"41 _0","PRGL2","Prosopis glandulosa Torr.","species",,,100,95,5,1.3,0.52,,"mOcIykOnDgd3QV5gHrl8B5rxlWe9VRn+","mOcIykOnDgd3QV5gHrl8B5rxlWe9VRn+","legacyData"
"eef4689a-49c7-49fb-ac74-db14697f2820","JORN_006.basePlot.vst","2015-10-06","vst_JORN_2015","D14","JORN","JORN_006","32",,"32 _0","PRGL2","Prosopis glandulosa Torr.","species",,,100,96,4,1.6,0.66,,"mOcIykOnDgd3QV5gHrl8B5rxlWe9VRn+","mOcIykOnDgd3QV5gHrl8B5rxlWe9VRn+","legacyData"
"b8436d89-2e3e-4b46-a1c8-a9b12bf2f0e5","JORN_006.basePlot.vst","2015-10-06","vst_JORN_2015","D14","JORN","JORN_006","40",,"40 _0","PRGL2","Prosopis glandulosa Torr.","species",,,100,60,40,10.1,0.96,,"mOcIykOnDgd3QV5gHrl8B5rxlWe9VRn+","mOcIykOnDgd3QV5gHrl8B5rxlWe9VRn+","legacyData"
"48e979f9-f6fd-4e63-8a8c-e5df9f039793","JORN_006.basePlot.vst","2015-10-06","vst_JORN_2015","D14","JORN","JORN_006","32",,"32 _0","PRGL2","Prosopis glandulosa Torr.","species",,,100,85,15,1.6,0.78,,"mOcIykOnDgd3QV5gHrl8B5rxlWe9VRn+","mOcIykOnDgd3QV5gHrl8B5rxlWe9VRn+","legacyData"
"cab32d4c-5e8a-4615-9592-ac695910be58","JORN_006.basePlot.vst","2015-10-06","vst_JORN_2015","D14","JORN","JORN_006","31",,"31 _0","PRGL2","Prosopis glandulosa Torr.","species",,,100,88,12,6.7,0.62,,"mOcIykOnDgd3QV5gHrl8B5rxlWe9VRn+","mOcIykOnDgd3QV5gHrl8B5rxlWe9VRn+","legacyData"
"1713ce76-207a-4ec9-bd21-1ebb132b0bcd","JORN_006.basePlot.vst","2015-10-06","vst_JORN_2015","D14","JORN","JORN_006","40",,"40 _0","PRGL2","Prosopis glandulosa Torr.","species",,,100,90,10,10.1,1.08,,"mOcIykOnDgd3QV5gHrl8B5rxlWe9VRn+","mOcIykOnDgd3QV5gHrl8B5rxlWe9VRn+","legacyData"
"6241b769-6af9-4d24-aa4b-5935860759ad","JORN_014.basePlot.vst","2015-10-06","vst_JORN_2015","D14","JORN","JORN_014","31",,"31 _0","PRGL2","Prosopis glandulosa Torr.","species",,,100,99,1,2.1,0.80,,"mOcIykOnDgd3QV5gHrl8B5rxlWe9VRn+","/ByrziN0LguMJHnInl2NM/trZeA5h+c0","legacyData"
"f7ad0f9f-1e7b-4f70-9f6a-fb42a6b71933","JORN_014.basePlot.vst","2015-10-06","vst_JORN_2015","D14","JORN","JORN_014","40",,"40 _0","PRGL2","Prosopis glandulosa Torr.","species",,,100,98,2,1.8,0.80,,"mOcIykOnDgd3QV5gHrl8B5rxlWe9VRn+","/ByrziN0LguMJHnInl2NM/trZeA5h+c0","legacyData"
"8f1012dc-7aed-444c-b6fb-bde1c461dcf6","JORN_014.basePlot.vst","2015-10-06","vst_JORN_2015","D14","JORN","JORN_014","32",,"32 _0","PRGL2","Prosopis glandulosa Torr.","species",,,100,60,40,1.1,1.32,,"mOcIykOnDgd3QV5gHrl8B5rxlWe9VRn+","/ByrziN0LguMJHnInl2NM/trZeA5h+c0","legacyData"
"c93cf399-7a6d-4c38-9de0-e4b8d9f8dd28","JORN_014.basePlot.vst","2015-10-06","vst_JORN_2015","D14","JORN","JORN_014","40",,"40 _0","PRGL2","Prosopis glandulosa Torr.","species",,,100,97,3,1.8,0.70,,"mOcIykOnDgd3QV5gHrl8B5rxlWe9VRn+","/ByrziN0LguMJHnInl2NM/trZeA5h+c0","legacyData"
"7f11102f-37f5-4736-b7de-de9d33c90567","JORN_014.basePlot.vst","2015-10-06","vst_JORN_2015","D14","JORN","JORN_014","40",,"40 _0","PRGL2","Prosopis glandulosa Torr.","species",,,100,95,5,1.8,0.66,,"mOcIykOnDgd3QV5gHrl8B5rxlWe9VRn+","/ByrziN0LguMJHnInl2NM/trZeA5h+c0","legacyData"
"59f73f2a-8dd3-4961-8d1b-c77ec5716e65","JORN_014.basePlot.vst","2015-10-06","vst_JORN_2015","D14","JORN","JORN_014","41",,"41 _0","PRGL2","Prosopis glandulosa Torr.","species",,,100,99,1,1.4,1.02,,"mOcIykOnDgd3QV5gHrl8B5rxlWe9VRn+","/ByrziN0LguMJHnInl2NM/trZeA5h+c0","legacyData"
"f847a5ed-e644-4711-af8f-df01be122a91","JORN_014.basePlot.vst","2015-10-06","vst_JORN_2015","D14","JORN","JORN_014","32",,"32 _0","PRGL2","Prosopis glandulosa Torr.","species",,,100,80,20,1.1,1.32,,"mOcIykOnDgd3QV5gHrl8B5rxlWe9VRn+","/ByrziN0LguMJHnInl2NM/trZeA5h+c0","legacyData"
"aa6dabdd-f8e0-406f-8500-5d2c36a9dac2","JORN_014.basePlot.vst","2015-10-06","vst_JORN_2015","D14","JORN","JORN_014","41",,"41 _0","PRGL2","Prosopis glandulosa Torr.","species",,,100,70,30,1.4,1.28,,"mOcIykOnDgd3QV5gHrl8B5rxlWe9VRn+","/ByrziN0LguMJHnInl2NM/trZeA5h+c0","legacyData"
"51a340bc-48d4-48ae-ba66-30995d84bc04","JORN_014.basePlot.vst","2015-10-06","vst_JORN_2015","D14","JORN","JORN_014","40",,"40 _0","PRGL2","Prosopis glandulosa Torr.","species",,,100,75,25,1.8,1.28,,"mOcIykOnDgd3QV5gHrl8B5rxlWe9VRn+","/ByrziN0LguMJHnInl2NM/trZeA5h+c0","legacyData"
"5556073e-99b8-4425-9ac3-7c1d1c723986","JORN_006.basePlot.vst","2015-10-06","vst_JORN_2015","D14","JORN","JORN_006","41",,"41 _0","PRGL2","Prosopis glandulosa Torr.","species",,,100,95,5,1.3,0.76,,"mOcIykOnDgd3QV5gHrl8B5rxlWe9VRn+","mOcIykOnDgd3QV5gHrl8B5rxlWe9VRn+","legacyData"
"e42a501e-a14c-4856-baa2-20a32aa4e9d4","JORN_006.basePlot.vst","2015-10-06","vst_JORN_2015","D14","JORN","JORN_006","31",,"31 _0","PRGL2","Prosopis glandulosa Torr.","species",,,100,90,10,6.7,0.68,,"mOcIykOnDgd3QV5gHrl8B5rxlWe9VRn+","mOcIykOnDgd3QV5gHrl8B5rxlWe9VRn+","legacyData"
"f37849ac-b050-491b-8b58-47373707b1f1","JORN_006.basePlot.vst","2015-10-06","vst_JORN_2015","D14","JORN","JORN_006","40",,"40 _0","PRGL2","Prosopis glandulosa Torr.","species",,,100,98,2,10.1,0.62,,"mOcIykOnDgd3QV5gHrl8B5rxlWe9VRn+","mOcIykOnDgd3QV5gHrl8B5rxlWe9VRn+","legacyData"
"70b17d53-51ac-4402-97d5-e245526e3649","JORN_006.basePlot.vst","2015-10-06","vst_JORN_2015","D14","JORN","JORN_006","41",,"41 _0","PRGL2","Prosopis glandulosa Torr.","species",,,100,90,10,1.3,0.58,"majority out of plot","mOcIykOnDgd3QV5gHrl8B5rxlWe9VRn+","mOcIykOnDgd3QV5gHrl8B5rxlWe9VRn+","legacyData"
"e7164fbe-cec5-407b-9162-d0d7446b4755","JORN_006.basePlot.vst","2015-10-06","vst_JORN_2015","D14","JORN","JORN_006","41",,"41 _0","PRGL2","Prosopis glandulosa Torr.","species",,,100,75,25,1.3,0.52,,"mOcIykOnDgd3QV5gHrl8B5rxlWe9VRn+","mOcIykOnDgd3QV5gHrl8B5rxlWe9VRn+","legacyData"
"8efc3db1-95d6-4461-a986-cd4a4b31836c","JORN_006.basePlot.vst","2015-10-06","vst_JORN_2015","D14","JORN","JORN_006","32",,"32 _0","PRGL2","Prosopis glandulosa Torr.","species",,,100,93,7,1.6,0.78,,"mOcIykOnDgd3QV5gHrl8B5rxlWe9VRn+","mOcIykOnDgd3QV5gHrl8B5rxlWe9VRn+","legacyData"
"c56a4f5c-a89b-4cdf-9389-94e46c2365a1","JORN_006.basePlot.vst","2015-10-06","vst_JORN_2015","D14","JORN","JORN_006","41",,"41 _0","PRGL2","Prosopis glandulosa Torr.","species",,,100,81,19,1.3,0.78,,"mOcIykOnDgd3QV5gHrl8B5rxlWe9VRn+","mOcIykOnDgd3QV5gHrl8B5rxlWe9VRn+","legacyData"
"2cccc573-cbb5-4d18-adbe-7028c046a64d","JORN_006.basePlot.vst","2015-10-06","vst_JORN_2015","D14","JORN","JORN_006","32",,"32 _0","PRGL2","Prosopis glandulosa Torr.","species",,,100,95,5,1.6,0.80,,"mOcIykOnDgd3QV5gHrl8B5rxlWe9VRn+","mOcIykOnDgd3QV5gHrl8B5rxlWe9VRn+","legacyData"
"558240f0-734f-4cbe-8848-379ca368adb6","JORN_006.basePlot.vst","2015-10-06","vst_JORN_2015","D14","JORN","JORN_006","31",,"31 _0","PRGL2","Prosopis glandulosa Torr.","species",,,100,92,8,6.7,0.86,,"mOcIykOnDgd3QV5gHrl8B5rxlWe9VRn+","mOcIykOnDgd3QV5gHrl8B5rxlWe9VRn+","legacyData"
"3eaaa063-aa86-4013-9ce3-9c501b363833","JORN_006.basePlot.vst","2015-10-06","vst_JORN_2015","D14","JORN","JORN_006","40",,"40 _0","PRGL2","Prosopis glandulosa Torr.","species",,,100,70,30,10.1,1.32,,"mOcIykOnDgd3QV5gHrl8B5rxlWe9VRn+","mOcIykOnDgd3QV5gHrl8B5rxlWe9VRn+","legacyData"
"4ba3aff1-85e4-4672-8ee2-538e33cb34c0","JORN_006.basePlot.vst","2015-10-06","vst_JORN_2015","D14","JORN","JORN_006","41",,"41 _0","PRGL2","Prosopis glandulosa Torr.","species",,,100,94,6,1.3,0.78,,"mOcIykOnDgd3QV5gHrl8B5rxlWe9VRn+","mOcIykOnDgd3QV5gHrl8B5rxlWe9VRn+","legacyData"
"085a4e35-8388-4c8e-bd8b-e5ae81c0884c","JORN_006.basePlot.vst","2015-10-06","vst_JORN_2015","D14","JORN","JORN_006","32",,"32 _0","PRGL2","Prosopis glandulosa Torr.","species",,,100,91,9,1.6,0.68,,"mOcIykOnDgd3QV5gHrl8B5rxlWe9VRn+","mOcIykOnDgd3QV5gHrl8B5rxlWe9VRn+","legacyData"
"18f3c3d8-0400-46ac-87d3-1306cccefce0","JORN_006.basePlot.vst","2015-10-06","vst_JORN_2015","D14","JORN","JORN_006","40",,"40 _0","PRGL2","Prosopis glandulosa Torr.","species",,,100,95,5,10.1,0.94,,"mOcIykOnDgd3QV5gHrl8B5rxlWe9VRn+","mOcIykOnDgd3QV5gHrl8B5rxlWe9VRn+","legacyData"
"344c9e93-75ee-48d7-9b95-b8151fbc4123","JORN_006.basePlot.vst","2015-10-06","vst_JORN_2015","D14","JORN","JORN_006","31",,"31 _0","PRGL2","Prosopis glandulosa Torr.","species",,,100,90,10,6.7,1.00,,"mOcIykOnDgd3QV5gHrl8B5rxlWe9VRn+","mOcIykOnDgd3QV5gHrl8B5rxlWe9VRn+","legacyData"
"c1bfb89e-9310-45cf-bd4f-6112795b8fce","JORN_006.basePlot.vst","2015-10-06","vst_JORN_2015","D14","JORN","JORN_006","31",,"31 _0","PRGL2","Prosopis glandulosa Torr.","species",,,100,93,7,6.7,0.48,,"mOcIykOnDgd3QV5gHrl8B5rxlWe9VRn+","mOcIykOnDgd3QV5gHrl8B5rxlWe9VRn+","legacyData"
"47d00e55-ff24-4466-9b50-b2d76f31bb17","JORN_006.basePlot.vst","2015-10-06","vst_JORN_2015","D14","JORN","JORN_006","31",,"31 _0","PRGL2","Prosopis glandulosa Torr.","species",,,100,94,6,6.7,0.78,,"mOcIykOnDgd3QV5gHrl8B5rxlWe9VRn+","mOcIykOnDgd3QV5gHrl8B5rxlWe9VRn+","legacyData"
"1c989fec-7207-4385-813e-9d2b97881be8","JORN_014.basePlot.vst","2015-10-06","vst_JORN_2015","D14","JORN","JORN_014","40",,"40 _0","PRGL2","Prosopis glandulosa Torr.","species",,,100,97,3,1.8,1.22,,"mOcIykOnDgd3QV5gHrl8B5rxlWe9VRn+","/ByrziN0LguMJHnInl2NM/trZeA5h+c0","legacyData"
"330aaa41-9e8e-44f9-bed6-50b178d6ed14","JORN_014.basePlot.vst","2015-10-06","vst_JORN_2015","D14","JORN","JORN_014","31",,"31 _0","PRGL2","Prosopis glandulosa Torr.","species",,,100,80,20,2.1,1.14,,"mOcIykOnDgd3QV5gHrl8B5rxlWe9VRn+","/ByrziN0LguMJHnInl2NM/trZeA5h+c0","legacyData"
"6c1a629b-d145-48ef-8163-af2ee67775aa","JORN_014.basePlot.vst","2015-10-06","vst_JORN_2015","D14","JORN","JORN_014","40",,"40 _0","PRGL2","Prosopis glandulosa Torr.","species",,,100,98,2,1.8,0.56,,"mOcIykOnDgd3QV5gHrl8B5rxlWe9VRn+","/ByrziN0LguMJHnInl2NM/trZeA5h+c0","legacyData"
"56661a17-1e70-45d3-bb5f-5348632e982f","JORN_014.basePlot.vst","2015-10-06","vst_JORN_2015","D14","JORN","JORN_014","41",,"41 _0","PRGL2","Prosopis glandulosa Torr.","species",,,100,98,2,1.4,0.70,,"mOcIykOnDgd3QV5gHrl8B5rxlWe9VRn+","/ByrziN0LguMJHnInl2NM/trZeA5h+c0","legacyData"
"ed4d41ea-2852-462c-91e2-fb85dfd539ae","JORN_014.basePlot.vst","2015-10-06","vst_JORN_2015","D14","JORN","JORN_014","32",,"32 _0","PRGL2","Prosopis glandulosa Torr.","species",,,100,85,15,1.1,0.94,,"mOcIykOnDgd3QV5gHrl8B5rxlWe9VRn+","/ByrziN0LguMJHnInl2NM/trZeA5h+c0","legacyData"
"85fd2f51-d8bd-428b-85d4-0043295430dd","JORN_014.basePlot.vst","2015-10-06","vst_JORN_2015","D14","JORN","JORN_014","41",,"41_02","PRGL2","Prosopis glandulosa Torr.","species",,,100,95,5,2.4,0.66,,"mOcIykOnDgd3QV5gHrl8B5rxlWe9VRn+","/ByrziN0LguMJHnInl2NM/trZeA5h+c0","legacyData"
"6cd9de9c-ad64-4dba-b1ef-5413bbb0fb49","JORN_014.basePlot.vst","2015-10-06","vst_JORN_2015","D14","JORN","JORN_014","41",,"41_04","PRGL2","Prosopis glandulosa Torr.","species",,,100,98,2,4.8,0.62,,"mOcIykOnDgd3QV5gHrl8B5rxlWe9VRn+","/ByrziN0LguMJHnInl2NM/trZeA5h+c0","legacyData"
"ff6523e4-860c-48b4-93b9-f46fbf88b4e4","JORN_014.basePlot.vst","2015-10-06","vst_JORN_2015","D14","JORN","JORN_014","40",,"40_05","PRGL2","Prosopis glandulosa Torr.","species",,,100,95,5,0.8,0.64,,"mOcIykOnDgd3QV5gHrl8B5rxlWe9VRn+","/ByrziN0LguMJHnInl2NM/trZeA5h+c0","legacyData"
"4e9a7e0c-261a-4bb1-b1a1-eafc3c981a5d","JORN_014.basePlot.vst","2015-10-06","vst_JORN_2015","D14","JORN","JORN_014","31",,"31_02","PRGL2","Prosopis glandulosa Torr.","species",,,100,99,1,6.5,0.70,,"mOcIykOnDgd3QV5gHrl8B5rxlWe9VRn+","/ByrziN0LguMJHnInl2NM/trZeA5h+c0","legacyData"
"3c3aef1e-6f8c-443c-876b-9901fa706d67","JORN_014.basePlot.vst","2015-10-06","vst_JORN_2015","D14","JORN","JORN_014","40",,"40_07","PRGL2","Prosopis glandulosa Torr.","species",,,100,97,3,2.1,0.70,,"mOcIykOnDgd3QV5gHrl8B5rxlWe9VRn+","/ByrziN0LguMJHnInl2NM/trZeA5h+c0","legacyData"
"f91bbb84-b5f6-46c7-9483-e15a7658b2ba","JORN_014.basePlot.vst","2015-10-06","vst_JORN_2015","D14","JORN","JORN_014","40",,"40_04","PRGL2","Prosopis glandulosa Torr.","species",,,100,98,2,8.1,0.86,,"mOcIykOnDgd3QV5gHrl8B5rxlWe9VRn+","/ByrziN0LguMJHnInl2NM/trZeA5h+c0","legacyData"
"691b2241-87b7-4cfb-a03e-1985aebd1b03","JORN_014.basePlot.vst","2015-10-06","vst_JORN_2015","D14","JORN","JORN_014","31",,"31_01","PRGL2","Prosopis glandulosa Torr.","species",,,100,80,20,2.1,1.14,,"mOcIykOnDgd3QV5gHrl8B5rxlWe9VRn+","/ByrziN0LguMJHnInl2NM/trZeA5h+c0","legacyData"
"e2dceb4f-809b-4640-9ea1-dc63f2954275","JORN_014.basePlot.vst","2015-10-06","vst_JORN_2015","D14","JORN","JORN_014","40",,"40_03","PRGL2","Prosopis glandulosa Torr.","species",,,100,75,25,3.2,1.44,,"mOcIykOnDgd3QV5gHrl8B5rxlWe9VRn+","/ByrziN0LguMJHnInl2NM/trZeA5h+c0","legacyData"
"c2151b06-42af-4c87-825f-8658088806d1","JORN_014.basePlot.vst","2015-10-06","vst_JORN_2015","D14","JORN","JORN_014","32",,"32_02","PRGL2","Prosopis glandulosa Torr.","species",,,100,80,20,14.1,1.42,,"mOcIykOnDgd3QV5gHrl8B5rxlWe9VRn+","/ByrziN0LguMJHnInl2NM/trZeA5h+c0","legacyData"
"c120f30d-c4e9-4359-acb0-9d3f4144bde3","JORN_014.basePlot.vst","2015-10-06","vst_JORN_2015","D14","JORN","JORN_014","40",,"40_06","PRGL2","Prosopis glandulosa Torr.","species",,,100,98,2,1.4,0.56,,"mOcIykOnDgd3QV5gHrl8B5rxlWe9VRn+","/ByrziN0LguMJHnInl2NM/trZeA5h+c0","legacyData"
"762f6750-0a8a-4c09-aba2-d72611fb41fa","JORN_014.basePlot.vst","2015-10-06","vst_JORN_2015","D14","JORN","JORN_014","40",,"40_01","PRGL2","Prosopis glandulosa Torr.","species",,,100,95,5,1.8,0.66,,"mOcIykOnDgd3QV5gHrl8B5rxlWe9VRn+","/ByrziN0LguMJHnInl2NM/trZeA5h+c0","legacyData"
"4dcd7859-0061-4e57-98f4-e0132787ca66","JORN_014.basePlot.vst","2015-10-06","vst_JORN_2015","D14","JORN","JORN_014","41",,"41_01","PRGL2","Prosopis glandulosa Torr.","species",,,100,95,5,1.4,1.02,,"mOcIykOnDgd3QV5gHrl8B5rxlWe9VRn+","/ByrziN0LguMJHnInl2NM/trZeA5h+c0","legacyData"
"73fa8d6f-67d8-4a07-aa90-66df22259734","JORN_014.basePlot.vst","2015-10-06","vst_JORN_2015","D14","JORN","JORN_014","41",,"41_05","PRGL2","Prosopis glandulosa Torr.","species",,,100,70,30,6.3,1.36,,"mOcIykOnDgd3QV5gHrl8B5rxlWe9VRn+","/ByrziN0LguMJHnInl2NM/trZeA5h+c0","legacyData"
"c73ee4df-ea68-4479-8e63-992717d5665b","JORN_014.basePlot.vst","2015-10-06","vst_JORN_2015","D14","JORN","JORN_014","32",,"32_03","PRGL2","Prosopis glandulosa Torr.","species",,,100,90,10,1.8,1.26,,"mOcIykOnDgd3QV5gHrl8B5rxlWe9VRn+","/ByrziN0LguMJHnInl2NM/trZeA5h+c0","legacyData"
"9c517eae-b53e-487d-93b8-dfe3532d2a0b","JORN_014.basePlot.vst","2015-10-06","vst_JORN_2015","D14","JORN","JORN_014","40",,"40_02","PRGL2","Prosopis glandulosa Torr.","species",,,100,97,3,3.3,1.38,,"mOcIykOnDgd3QV5gHrl8B5rxlWe9VRn+","/ByrziN0LguMJHnInl2NM/trZeA5h+c0","legacyData"
"088d696e-65ae-4116-b9e8-16fb47ffacea","JORN_014.basePlot.vst","2015-10-06","vst_JORN_2015","D14","JORN","JORN_014","41",,"41_03","PRGL2","Prosopis glandulosa Torr.","species",,,100,99,1,8.7,1.00,,"mOcIykOnDgd3QV5gHrl8B5rxlWe9VRn+","/ByrziN0LguMJHnInl2NM/trZeA5h+c0","legacyData"
"2ccb5c2e-9cde-4061-bcae-305e475ac944","JORN_014.basePlot.vst","2015-10-06","vst_JORN_2015","D14","JORN","JORN_014","32",,"32_04","PRGL2","Prosopis glandulosa Torr.","species",,,100,60,40,1.7,1.42,,"mOcIykOnDgd3QV5gHrl8B5rxlWe9VRn+","/ByrziN0LguMJHnInl2NM/trZeA5h+c0","legacyData"
"52a4cac4-5128-4bec-bf58-27e54eba41ca","JORN_014.basePlot.vst","2015-10-06","vst_JORN_2015","D14","JORN","JORN_014","32",,"32_01","PRGL2","Prosopis glandulosa Torr.","species",,,100,85,15,1.1,0.94,,"mOcIykOnDgd3QV5gHrl8B5rxlWe9VRn+","/ByrziN0LguMJHnInl2NM/trZeA5h+c0","legacyData"
"443f0406-85b3-45e0-9332-677b6081c100","JORN_006.basePlot.vst","2015-10-06","vst_JORN_2015","D14","JORN","JORN_006","31",,"31_02","PRGL2","Prosopis glandulosa Torr.","species",,,100,96,4,0.8,0.58,,"mOcIykOnDgd3QV5gHrl8B5rxlWe9VRn+","mOcIykOnDgd3QV5gHrl8B5rxlWe9VRn+","legacyData"
"01c83c5a-ed1a-4aa8-ae90-4c7964a39998","JORN_006.basePlot.vst","2015-10-06","vst_JORN_2015","D14","JORN","JORN_006","31",,"31_03","PRGL2","Prosopis glandulosa Torr.","species",,,100,94,6,4.1,0.80,,"mOcIykOnDgd3QV5gHrl8B5rxlWe9VRn+","mOcIykOnDgd3QV5gHrl8B5rxlWe9VRn+","legacyData"
"768f5944-38c9-4654-86a7-1e5dc1476494","JORN_006.basePlot.vst","2015-10-06","vst_JORN_2015","D14","JORN","JORN_006","31",,"31_04","PRGL2","Prosopis glandulosa Torr.","species",,,100,88,12,1.3,0.54,,"mOcIykOnDgd3QV5gHrl8B5rxlWe9VRn+","mOcIykOnDgd3QV5gHrl8B5rxlWe9VRn+","legacyData"
"42cf6d9d-0e44-4c12-a8ee-03e6c028e89b","JORN_006.basePlot.vst","2015-10-06","vst_JORN_2015","D14","JORN","JORN_006","31",,"31_01","PRGL2","Prosopis glandulosa Torr.","species",,,100,90,10,6.7,1.00,,"mOcIykOnDgd3QV5gHrl8B5rxlWe9VRn+","mOcIykOnDgd3QV5gHrl8B5rxlWe9VRn+","legacyData"
"9e6887b2-fe33-4014-9099-37e6f222aecf","JORN_006.basePlot.vst","2015-10-06","vst_JORN_2015","D14","JORN","JORN_006","31",,"31_05","PRGL2","Prosopis glandulosa Torr.","species",,,100,96,4,2.6,0.74,,"mOcIykOnDgd3QV5gHrl8B5rxlWe9VRn+","mOcIykOnDgd3QV5gHrl8B5rxlWe9VRn+","legacyData"
"39b896ec-7fce-4e85-9e8e-f11e373e46a8","JORN_006.basePlot.vst","2015-10-06","vst_JORN_2015","D14","JORN","JORN_006","32",,"32_05","PRGL2","Prosopis glandulosa Torr.","species",,,100,85,15,2.4,0.80,,"mOcIykOnDgd3QV5gHrl8B5rxlWe9VRn+","mOcIykOnDgd3QV5gHrl8B5rxlWe9VRn+","legacyData"
"35e2f243-b289-44c4-b333-aa047f6d0c61","JORN_006.basePlot.vst","2015-10-06","vst_JORN_2015","D14","JORN","JORN_006","31",,"31_07","PRGL2","Prosopis glandulosa Torr.","species",,,100,90,10,1.6,0.64,,"mOcIykOnDgd3QV5gHrl8B5rxlWe9VRn+","mOcIykOnDgd3QV5gHrl8B5rxlWe9VRn+","legacyData"
"659e95cf-d760-4aa0-9e8e-233086f658a4","JORN_006.basePlot.vst","2015-10-06","vst_JORN_2015","D14","JORN","JORN_006","32",,"32_02","PRGL2","Prosopis glandulosa Torr.","species",,,100,96,4,1.6,0.66,,"mOcIykOnDgd3QV5gHrl8B5rxlWe9VRn+","mOcIykOnDgd3QV5gHrl8B5rxlWe9VRn+","legacyData"
"e7b7fb38-98b6-4e9f-aad0-a27ebce963bb","JORN_006.basePlot.vst","2015-10-06","vst_JORN_2015","D14","JORN","JORN_006","31",,"31_08","PRGL2","Prosopis glandulosa Torr.","species",,,100,92,8,9.8,0.82,,"mOcIykOnDgd3QV5gHrl8B5rxlWe9VRn+","mOcIykOnDgd3QV5gHrl8B5rxlWe9VRn+","legacyData"
"762da36c-f31f-416d-8c64-78be7ba13c8d","JORN_006.basePlot.vst","2015-10-06","vst_JORN_2015","D14","JORN","JORN_006","32",,"32_03","PRGL2","Prosopis glandulosa Torr.","species",,,100,95,5,2.0,0.82,,"mOcIykOnDgd3QV5gHrl8B5rxlWe9VRn+","mOcIykOnDgd3QV5gHrl8B5rxlWe9VRn+","legacyData"
"05bcfb09-59c4-4d97-83b8-2ec99d9570ee","JORN_006.basePlot.vst","2015-10-06","vst_JORN_2015","D14","JORN","JORN_006","32",,"32_04","PRGL2","Prosopis glandulosa Torr.","species",,,100,91,9,3.0,0.66,,"mOcIykOnDgd3QV5gHrl8B5rxlWe9VRn+","mOcIykOnDgd3QV5gHrl8B5rxlWe9VRn+","legacyData"
"82d99cb0-8a67-40f0-8af2-6f5988b7c406","JORN_006.basePlot.vst","2015-10-06","vst_JORN_2015","D14","JORN","JORN_006","32",,"32_01","PRGL2","Prosopis glandulosa Torr.","species",,,100,93,7,1.6,0.78,,"mOcIykOnDgd3QV5gHrl8B5rxlWe9VRn+","mOcIykOnDgd3QV5gHrl8B5rxlWe9VRn+","legacyData"
"ff9cb35a-c864-4e6d-8491-5d2974e0ea80","JORN_006.basePlot.vst","2015-10-06","vst_JORN_2015","D14","JORN","JORN_006","31",,"31_06","PRGL2","Prosopis glandulosa Torr.","species",,,100,95,5,5.2,0.86,,"mOcIykOnDgd3QV5gHrl8B5rxlWe9VRn+","mOcIykOnDgd3QV5gHrl8B5rxlWe9VRn+","legacyData"
"de952491-5914-4b29-bdc2-d439324b01e1","JORN_006.basePlot.vst","2015-10-06","vst_JORN_2015","D14","JORN","JORN_006","40",,"40_01","PRGL2","Prosopis glandulosa Torr.","species",,,100,70,30,10.1,1.32,,"mOcIykOnDgd3QV5gHrl8B5rxlWe9VRn+","mOcIykOnDgd3QV5gHrl8B5rxlWe9VRn+","legacyData"
"b60ba49e-18df-4ee0-8f5c-d9caa27b309f","JORN_006.basePlot.vst","2015-10-06","vst_JORN_2015","D14","JORN","JORN_006","41",,"41_02","PRGL2","Prosopis glandulosa Torr.","species",,,100,81,19,3.4,0.84,,"mOcIykOnDgd3QV5gHrl8B5rxlWe9VRn+","mOcIykOnDgd3QV5gHrl8B5rxlWe9VRn+","legacyData"
"c8f601cd-d8b9-4bb9-96b0-66a8844d02fe","JORN_006.basePlot.vst","2015-10-06","vst_JORN_2015","D14","JORN","JORN_006","40",,"40_02","PRGL2","Prosopis glandulosa Torr.","species",,,100,90,10,20.7,0.98,,"mOcIykOnDgd3QV5gHrl8B5rxlWe9VRn+","mOcIykOnDgd3QV5gHrl8B5rxlWe9VRn+","legacyData"
"8304509f-abdb-445c-a6af-7e95a0bdcade","JORN_006.basePlot.vst","2015-10-06","vst_JORN_2015","D14","JORN","JORN_006","41",,"41_06","PRGL2","Prosopis glandulosa Torr.","species",,,100,75,25,2.6,0.50,,"mOcIykOnDgd3QV5gHrl8B5rxlWe9VRn+","mOcIykOnDgd3QV5gHrl8B5rxlWe9VRn+","legacyData"
"59368fc0-86e3-4dd5-89a3-8458e4563091","JORN_006.basePlot.vst","2015-10-06","vst_JORN_2015","D14","JORN","JORN_006","40",,"40_03","PRGL2","Prosopis glandulosa Torr.","species",,,100,95,5,7.4,0.84,,"mOcIykOnDgd3QV5gHrl8B5rxlWe9VRn+","mOcIykOnDgd3QV5gHrl8B5rxlWe9VRn+","legacyData"
"0a8cf64d-e8d6-4613-a917-6a2b60337c41","JORN_006.basePlot.vst","2015-10-06","vst_JORN_2015","D14","JORN","JORN_006","31",,"31_09","PRGL2","Prosopis glandulosa Torr.","species",,,100,93,7,1.3,0.40,,"mOcIykOnDgd3QV5gHrl8B5rxlWe9VRn+","mOcIykOnDgd3QV5gHrl8B5rxlWe9VRn+","legacyData"
"f5c36311-3cdc-4ebb-976b-5cd8468c29ff","JORN_006.basePlot.vst","2015-10-06","vst_JORN_2015","D14","JORN","JORN_006","41",,"41_05","PRGL2","Prosopis glandulosa Torr.","species",,,100,90,10,1.5,0.60,"majority out of plot","mOcIykOnDgd3QV5gHrl8B5rxlWe9VRn+","mOcIykOnDgd3QV5gHrl8B5rxlWe9VRn+","legacyData"
"42485259-8fe9-4f13-b67a-95f400e7ccc8","JORN_006.basePlot.vst","2015-10-06","vst_JORN_2015","D14","JORN","JORN_006","41",,"41_04","PRGL2","Prosopis glandulosa Torr.","species",,,100,95,5,10.3,0.82,,"mOcIykOnDgd3QV5gHrl8B5rxlWe9VRn+","mOcIykOnDgd3QV5gHrl8B5rxlWe9VRn+","legacyData"
"4fd1d12d-2a0b-4e56-be09-48ee3f5f8e37","JORN_006.basePlot.vst","2015-10-06","vst_JORN_2015","D14","JORN","JORN_006","40",,"40_05","PRGL2","Prosopis glandulosa Torr.","species",,,100,98,2,0.8,0.44,,"mOcIykOnDgd3QV5gHrl8B5rxlWe9VRn+","mOcIykOnDgd3QV5gHrl8B5rxlWe9VRn+","legacyData"
"4f1560fa-7e02-4fb9-ad62-b95d546eff98","JORN_006.basePlot.vst","2015-10-06","vst_JORN_2015","D14","JORN","JORN_006","41",,"41_03","PRGL2","Prosopis glandulosa Torr.","species",,,100,94,6,2.3,0.84,,"mOcIykOnDgd3QV5gHrl8B5rxlWe9VRn+","mOcIykOnDgd3QV5gHrl8B5rxlWe9VRn+","legacyData"
"2bd956b0-d9d4-496e-9780-963f56af3e2f","JORN_006.basePlot.vst","2015-10-06","vst_JORN_2015","D14","JORN","JORN_006","41",,"41_01","PRGL2","Prosopis glandulosa Torr.","species",,,100,95,5,1.3,0.52,,"mOcIykOnDgd3QV5gHrl8B5rxlWe9VRn+","mOcIykOnDgd3QV5gHrl8B5rxlWe9VRn+","legacyData"
"00234222-afcb-407e-b2d8-da256dfcbbc3","JORN_006.basePlot.vst","2015-10-06","vst_JORN_2015","D14","JORN","JORN_006","32",,"32_06","PRGL2","Prosopis glandulosa Torr.","species",,,100,85,15,11.9,1.02,,"mOcIykOnDgd3QV5gHrl8B5rxlWe9VRn+","mOcIykOnDgd3QV5gHrl8B5rxlWe9VRn+","legacyData"
"638d582f-ac73-4149-bdd8-65ae84d28da9","JORN_006.basePlot.vst","2015-10-06","vst_JORN_2015","D14","JORN","JORN_006","40",,"40_04","PRGL2","Prosopis glandulosa Torr.","species",,,100,60,40,1.4,0.88,,"mOcIykOnDgd3QV5gHrl8B5rxlWe9VRn+","mOcIykOnDgd3QV5gHrl8B5rxlWe9VRn+","legacyData"
"72058e53-dc3d-446f-97db-d406afb5e6fd","JORN_002.basePlot.vst","2015-10-07","vst_JORN_2015","D14","JORN","JORN_002","40",,"40_04","PRGL2","Prosopis glandulosa Torr.","species",,,100,70,30,1.3,0.42,,"mOcIykOnDgd3QV5gHrl8B5rxlWe9VRn+","mOcIykOnDgd3QV5gHrl8B5rxlWe9VRn+","legacyData"
"4e70b590-ee28-4555-a715-edddecf92c16","JORN_002.basePlot.vst","2015-10-07","vst_JORN_2015","D14","JORN","JORN_002","40",,"40_02","PRGL2","Prosopis glandulosa Torr.","species",,,100,60,40,1.9,0.70,,"mOcIykOnDgd3QV5gHrl8B5rxlWe9VRn+","mOcIykOnDgd3QV5gHrl8B5rxlWe9VRn+","legacyData"
"e3b18843-b34c-4b96-8d68-e9d20bb4b0bc","JORN_002.basePlot.vst","2015-10-07","vst_JORN_2015","D14","JORN","JORN_002","41",,"41_01","PRGL2","Prosopis glandulosa Torr.","species",,,100,90,10,1.4,0.64,,"mOcIykOnDgd3QV5gHrl8B5rxlWe9VRn+","mOcIykOnDgd3QV5gHrl8B5rxlWe9VRn+","legacyData"
"b403512e-1ba8-409c-bbb0-2f07bcb09499","JORN_002.basePlot.vst","2015-10-07","vst_JORN_2015","D14","JORN","JORN_002","40",,"40_06","PRGL2","Prosopis glandulosa Torr.","species",,,100,65,35,0.7,0.64,,"mOcIykOnDgd3QV5gHrl8B5rxlWe9VRn+","mOcIykOnDgd3QV5gHrl8B5rxlWe9VRn+","legacyData"
"d4f1e2cc-643d-477b-b5fe-39361187fb3f","JORN_020.basePlot.vst","2015-10-07","vst_JORN_2015","D14","JORN","JORN_020","40",,"40_01","PRGL2","Prosopis glandulosa Torr.","species",,,100,98,2,2.9,0.88,,"mOcIykOnDgd3QV5gHrl8B5rxlWe9VRn+","/ByrziN0LguMJHnInl2NM/trZeA5h+c0","legacyData"
"62760b3c-b58a-4cbd-83f8-2e56d740ac98","JORN_020.basePlot.vst","2015-10-07","vst_JORN_2015","D14","JORN","JORN_020","32",,"32_01","PRGL2","Prosopis glandulosa Torr.","species",,,100,100,0,0.4,0.42,,"mOcIykOnDgd3QV5gHrl8B5rxlWe9VRn+","/ByrziN0LguMJHnInl2NM/trZeA5h+c0","legacyData"
"89ffeac1-e9ec-4bf8-b480-de4fe6d66a2a","JORN_020.basePlot.vst","2015-10-07","vst_JORN_2015","D14","JORN","JORN_020","40",,"40_02","PRGL2","Prosopis glandulosa Torr.","species",,,100,75,25,1.0,0.72,,"mOcIykOnDgd3QV5gHrl8B5rxlWe9VRn+","/ByrziN0LguMJHnInl2NM/trZeA5h+c0","legacyData"
"36c75d00-683a-4342-9bbe-c7c1307e0bda","JORN_002.basePlot.vst","2015-10-07","vst_JORN_2015","D14","JORN","JORN_002","31",,"31_02","PRGL2","Prosopis glandulosa Torr.","species",,,100,60,40,1.5,0.56,,"mOcIykOnDgd3QV5gHrl8B5rxlWe9VRn+","mOcIykOnDgd3QV5gHrl8B5rxlWe9VRn+","legacyData"
"34e18b51-eb3a-4075-abd8-e9a2588b09a9","JORN_002.basePlot.vst","2015-10-07","vst_JORN_2015","D14","JORN","JORN_002","41",,"41_04","PRGL2","Prosopis glandulosa Torr.","species",,,100,92,8,53.9,0.98,,"mOcIykOnDgd3QV5gHrl8B5rxlWe9VRn+","mOcIykOnDgd3QV5gHrl8B5rxlWe9VRn+","legacyData"
"f437d276-01f3-4401-8f5b-29807d26bac0","JORN_002.basePlot.vst","2015-10-07","vst_JORN_2015","D14","JORN","JORN_002","32",,"32_04","PRGL2","Prosopis glandulosa Torr.","species",,,100,90,10,5.3,0.68,,"mOcIykOnDgd3QV5gHrl8B5rxlWe9VRn+","mOcIykOnDgd3QV5gHrl8B5rxlWe9VRn+","legacyData"
"b9ce36b3-47e5-4c72-8228-8a5fecea7322","JORN_002.basePlot.vst","2015-10-07","vst_JORN_2015","D14","JORN","JORN_002","32",,"32_02","PRGL2","Prosopis glandulosa Torr.","species",,,100,75,25,1.0,0.56,,"mOcIykOnDgd3QV5gHrl8B5rxlWe9VRn+","mOcIykOnDgd3QV5gHrl8B5rxlWe9VRn+","legacyData"
"3fe3c736-b965-4166-adcf-9341ab13af66","JORN_002.basePlot.vst","2015-10-07","vst_JORN_2015","D14","JORN","JORN_002","31",,"31_01","PRGL2","Prosopis glandulosa Torr.","species",,,100,50,50,7.3,0.88,,"mOcIykOnDgd3QV5gHrl8B5rxlWe9VRn+","mOcIykOnDgd3QV5gHrl8B5rxlWe9VRn+","legacyData"
"8db23924-5958-465e-9bff-88f60c50e2a5","JORN_002.basePlot.vst","2015-10-07","vst_JORN_2015","D14","JORN","JORN_002","32",,"32_03","PRGL2","Prosopis glandulosa Torr.","species",,,100,92,8,6.1,0.72,,"mOcIykOnDgd3QV5gHrl8B5rxlWe9VRn+","mOcIykOnDgd3QV5gHrl8B5rxlWe9VRn+","legacyData"
"ef9daec5-2ed7-40e6-9323-12cbe7c5d9d7","JORN_002.basePlot.vst","2015-10-07","vst_JORN_2015","D14","JORN","JORN_002","32",,"32_01","PRGL2","Prosopis glandulosa Torr.","species",,,100,95,5,7.7,0.68,,"mOcIykOnDgd3QV5gHrl8B5rxlWe9VRn+","mOcIykOnDgd3QV5gHrl8B5rxlWe9VRn+","legacyData"
"cbae0280-6b60-4024-843c-f2280aa36ba0","JORN_002.basePlot.vst","2015-10-07","vst_JORN_2015","D14","JORN","JORN_002","32",,"32_05","PRGL2","Prosopis glandulosa Torr.","species",,,100,65,35,0.9,0.76,,"mOcIykOnDgd3QV5gHrl8B5rxlWe9VRn+","mOcIykOnDgd3QV5gHrl8B5rxlWe9VRn+","legacyData"
"64af19cb-a93d-4ff4-8998-28253b96f538","JORN_002.basePlot.vst","2015-10-07","vst_JORN_2015","D14","JORN","JORN_002","41",,"41_03","PRGL2","Prosopis glandulosa Torr.","species",,,100,60,40,0.5,0.36,,"mOcIykOnDgd3QV5gHrl8B5rxlWe9VRn+","mOcIykOnDgd3QV5gHrl8B5rxlWe9VRn+","legacyData"
"cb2836f2-d8c2-46d7-923c-b9d59b934229","JORN_002.basePlot.vst","2015-10-07","vst_JORN_2015","D14","JORN","JORN_002","40",,"40_01","PRGL2","Prosopis glandulosa Torr.","species",,,100,75,25,2.6,0.70,,"mOcIykOnDgd3QV5gHrl8B5rxlWe9VRn+","mOcIykOnDgd3QV5gHrl8B5rxlWe9VRn+","legacyData"
"c0821596-52cb-4020-ad81-497241d469da","JORN_002.basePlot.vst","2015-10-07","vst_JORN_2015","D14","JORN","JORN_002","41",,"41_02","PRGL2","Prosopis glandulosa Torr.","species",,,100,80,20,3.0,0.68,,"mOcIykOnDgd3QV5gHrl8B5rxlWe9VRn+","mOcIykOnDgd3QV5gHrl8B5rxlWe9VRn+","legacyData"
"68c7a3a9-738b-405f-b16c-27562b8af62e","JORN_012.basePlot.vst","2015-10-07","vst_JORN_2015","D14","JORN","JORN_012","41",,"41 _0","PRGL2","Prosopis glandulosa Torr.","species",,,100,98,2,34.1,1.10,,"mOcIykOnDgd3QV5gHrl8B5rxlWe9VRn+","/ByrziN0LguMJHnInl2NM/trZeA5h+c0","legacyData"
"db7f06eb-3937-4bcc-8f55-77a89462fa51","JORN_012.basePlot.vst","2015-10-07","vst_JORN_2015","D14","JORN","JORN_012","31",,"31 _0","PRGL2","Prosopis glandulosa Torr.","species",,,100,85,15,39.8,1.18,,"mOcIykOnDgd3QV5gHrl8B5rxlWe9VRn+","/ByrziN0LguMJHnInl2NM/trZeA5h+c0","legacyData"
"6b353964-be1b-4000-acc1-1ab9ae27a653","JORN_012.basePlot.vst","2015-10-07","vst_JORN_2015","D14","JORN","JORN_012","32",,"32 _0","PRGL2","Prosopis glandulosa Torr.","species",,,100,80,20,2.1,1.06,,"mOcIykOnDgd3QV5gHrl8B5rxlWe9VRn+","/ByrziN0LguMJHnInl2NM/trZeA5h+c0","legacyData"
"31b1d4bb-826e-4352-aa5b-0efb5bfbead0","JORN_012.basePlot.vst","2015-10-07","vst_JORN_2015","D14","JORN","JORN_012","41",,"41 _0","PRGL2","Prosopis glandulosa Torr.","species",,,100,97,3,34.1,1.18,,"mOcIykOnDgd3QV5gHrl8B5rxlWe9VRn+","/ByrziN0LguMJHnInl2NM/trZeA5h+c0","legacyData"
"57a8a525-e870-4575-9eff-d43483a874b9","JORN_015.basePlot.vst","2015-10-07","vst_JORN_2015","D14","JORN","JORN_015","31",,"31 _0","PRGL2","Prosopis glandulosa Torr.","species",,,100,85,15,3.2,0.94,,"/ByrziN0LguMJHnInl2NM/trZeA5h+c0","mOcIykOnDgd3QV5gHrl8B5rxlWe9VRn+","legacyData"
"28861d3f-af1a-433c-9229-9f0f99257abe","JORN_015.basePlot.vst","2015-10-07","vst_JORN_2015","D14","JORN","JORN_015","32",,"32 _0","PRGL2","Prosopis glandulosa Torr.","species",,,100,98,2,0.9,0.78,"mostly out of plot","/ByrziN0LguMJHnInl2NM/trZeA5h+c0","mOcIykOnDgd3QV5gHrl8B5rxlWe9VRn+","legacyData"
"1d6e5bf2-becf-4629-a359-3f739e74a9cd","JORN_015.basePlot.vst","2015-10-07","vst_JORN_2015","D14","JORN","JORN_015","31",,"31 _0","PRGL2","Prosopis glandulosa Torr.","species",,,100,97,3,3.2,0.68,,"/ByrziN0LguMJHnInl2NM/trZeA5h+c0","mOcIykOnDgd3QV5gHrl8B5rxlWe9VRn+","legacyData"
"31266879-feb2-4b0b-96cc-c0be81b99099","JORN_015.basePlot.vst","2015-10-07","vst_JORN_2015","D14","JORN","JORN_015","32",,"32 _0","PRGL2","Prosopis glandulosa Torr.","species",,,100,88,12,0.9,0.98,,"/ByrziN0LguMJHnInl2NM/trZeA5h+c0","mOcIykOnDgd3QV5gHrl8B5rxlWe9VRn+","legacyData"
"a6b2be4f-315e-4b1d-a59b-63c8d0a72e40","JORN_013.basePlot.vst","2015-10-07","vst_JORN_2015","D14","JORN","JORN_013","32",,"32 _0","PRGL2","Prosopis glandulosa Torr.","species",,,100,70,30,1.9,0.84,,"mOcIykOnDgd3QV5gHrl8B5rxlWe9VRn+","/ByrziN0LguMJHnInl2NM/trZeA5h+c0","legacyData"
"dbca6b03-5c95-4560-b491-bc76fb79f5cd","JORN_013.basePlot.vst","2015-10-07","vst_JORN_2015","D14","JORN","JORN_013","40",,"40_07","PRGL2","Prosopis glandulosa Torr.","species",,,100,75,25,1.7,0.54,,"mOcIykOnDgd3QV5gHrl8B5rxlWe9VRn+","/ByrziN0LguMJHnInl2NM/trZeA5h+c0","legacyData"
"4d454685-9098-4cbb-8c13-45c4e696af2f","JORN_012.basePlot.vst","2015-10-07","vst_JORN_2015","D14","JORN","JORN_012","31",,"31_03","PRGL2","Prosopis glandulosa Torr.","species",,,100,98,2,1.8,0.86,,"mOcIykOnDgd3QV5gHrl8B5rxlWe9VRn+","/ByrziN0LguMJHnInl2NM/trZeA5h+c0","legacyData"
"12a07ff9-bead-4322-b63d-8febfbdef783","JORN_012.basePlot.vst","2015-10-07","vst_JORN_2015","D14","JORN","JORN_012","31",,"31_01","PRGL2","Prosopis glandulosa Torr.","species",,,100,85,15,39.8,1.18,,"mOcIykOnDgd3QV5gHrl8B5rxlWe9VRn+","/ByrziN0LguMJHnInl2NM/trZeA5h+c0","legacyData"
"553ab0c5-2710-4f31-ad22-c8c03ab6ab8e","JORN_013.basePlot.vst","2015-10-07","vst_JORN_2015","D14","JORN","JORN_013","31",,"31_02","PRGL2","Prosopis glandulosa Torr.","species",,,100,95,5,7.1,0.82,,"mOcIykOnDgd3QV5gHrl8B5rxlWe9VRn+","/ByrziN0LguMJHnInl2NM/trZeA5h+c0","legacyData"
"6e885e80-acb6-4696-afc5-ef3fdc6f7866","JORN_013.basePlot.vst","2015-10-07","vst_JORN_2015","D14","JORN","JORN_013","32",,"32_02","PRGL2","Prosopis glandulosa Torr.","species",,,100,98,2,6.0,0.66,,"mOcIykOnDgd3QV5gHrl8B5rxlWe9VRn+","/ByrziN0LguMJHnInl2NM/trZeA5h+c0","legacyData"
"832e09e4-9e55-44dd-9432-29b8bebc9829","JORN_013.basePlot.vst","2015-10-07","vst_JORN_2015","D14","JORN","JORN_013","32",,"32_06","PRGL2","Prosopis glandulosa Torr.","species",,,100,89,11,1.7,0.74,,"mOcIykOnDgd3QV5gHrl8B5rxlWe9VRn+","/ByrziN0LguMJHnInl2NM/trZeA5h+c0","legacyData"
"b7a06075-d352-481b-9a24-90e174f291bf","JORN_013.basePlot.vst","2015-10-07","vst_JORN_2015","D14","JORN","JORN_013","31",,"31_03","PRGL2","Prosopis glandulosa Torr.","species",,,100,98,2,5.0,0.88,,"mOcIykOnDgd3QV5gHrl8B5rxlWe9VRn+","/ByrziN0LguMJHnInl2NM/trZeA5h+c0","legacyData"
"a88e6e6b-c670-41d6-a25e-04d2fc9bdb8d","JORN_012.basePlot.vst","2015-10-07","vst_JORN_2015","D14","JORN","JORN_012","31",,"31_02","PRGL2","Prosopis glandulosa Torr.","species",,,100,95,5,1.2,0.72,,"mOcIykOnDgd3QV5gHrl8B5rxlWe9VRn+","/ByrziN0LguMJHnInl2NM/trZeA5h+c0","legacyData"
"85c54409-f9ec-4a74-b91b-0fe40c1e1f24","JORN_012.basePlot.vst","2015-10-07","vst_JORN_2015","D14","JORN","JORN_012","31",,"31_05","PRGL2","Prosopis glandulosa Torr.","species",,,100,98,2,12.2,0.78,,"mOcIykOnDgd3QV5gHrl8B5rxlWe9VRn+","/ByrziN0LguMJHnInl2NM/trZeA5h+c0","legacyData"
"fb68409b-5cfd-4862-80c5-820046afd05f","JORN_013.basePlot.vst","2015-10-07","vst_JORN_2015","D14","JORN","JORN_013","40",,"40_02","PRGL2","Prosopis glandulosa Torr.","species",,,100,95,5,2.8,0.44,"majority outside of plot","mOcIykOnDgd3QV5gHrl8B5rxlWe9VRn+","/ByrziN0LguMJHnInl2NM/trZeA5h+c0","legacyData"
"129ec07a-8a8d-43f0-95eb-0350542b57ce","JORN_013.basePlot.vst","2015-10-07","vst_JORN_2015","D14","JORN","JORN_013","40",,"40_03","PRGL2","Prosopis glandulosa Torr.","species",,,100,96,4,2.1,0.54,,"mOcIykOnDgd3QV5gHrl8B5rxlWe9VRn+","/ByrziN0LguMJHnInl2NM/trZeA5h+c0","legacyData"
"2d84a972-c90d-4378-885a-5113aa65ded1","JORN_012.basePlot.vst","2015-10-07","vst_JORN_2015","D14","JORN","JORN_012","31",,"31_04","PRGL2","Prosopis glandulosa Torr.","species",,,100,90,10,3.8,0.98,,"mOcIykOnDgd3QV5gHrl8B5rxlWe9VRn+","/ByrziN0LguMJHnInl2NM/trZeA5h+c0","legacyData"
"30be7a34-b653-404f-94df-6fa6bf6c68fe","JORN_013.basePlot.vst","2015-10-07","vst_JORN_2015","D14","JORN","JORN_013","40",,"40_06","PRGL2","Prosopis glandulosa Torr.","species",,,100,60,40,0.9,0.52,,"mOcIykOnDgd3QV5gHrl8B5rxlWe9VRn+","/ByrziN0LguMJHnInl2NM/trZeA5h+c0","legacyData"
"d875eabb-0d6f-456f-978c-fbf63a4dabb5","JORN_013.basePlot.vst","2015-10-07","vst_JORN_2015","D14","JORN","JORN_013","32",,"32_05","PRGL2","Prosopis glandulosa Torr.","species",,,100,70,30,3.9,0.92,,"mOcIykOnDgd3QV5gHrl8B5rxlWe9VRn+","/ByrziN0LguMJHnInl2NM/trZeA5h+c0","legacyData"
"12b4ef16-1ec0-44ad-8a33-91291fc3ad12","JORN_013.basePlot.vst","2015-10-07","vst_JORN_2015","D14","JORN","JORN_013","32",,"32_01","PRGL2","Prosopis glandulosa Torr.","species",,,100,88,12,1.9,0.60,,"mOcIykOnDgd3QV5gHrl8B5rxlWe9VRn+","/ByrziN0LguMJHnInl2NM/trZeA5h+c0","legacyData"
"d6a9b344-c459-463f-aa90-789282fa58ab","JORN_013.basePlot.vst","2015-10-07","vst_JORN_2015","D14","JORN","JORN_013","31",,"31_01","PRGL2","Prosopis glandulosa Torr.","species",,,100,96,4,6.9,0.88,,"mOcIykOnDgd3QV5gHrl8B5rxlWe9VRn+","/ByrziN0LguMJHnInl2NM/trZeA5h+c0","legacyData"
"99bd89e7-3230-410f-b110-ac62d76689d6","JORN_013.basePlot.vst","2015-10-07","vst_JORN_2015","D14","JORN","JORN_013","32",,"32_04","PRGL2","Prosopis glandulosa Torr.","species",,,100,96,4,1.2,0.66,,"mOcIykOnDgd3QV5gHrl8B5rxlWe9VRn+","/ByrziN0LguMJHnInl2NM/trZeA5h+c0","legacyData"
"12c3abc1-5839-4e8d-ad56-60ba124c3a2a","JORN_013.basePlot.vst","2015-10-07","vst_JORN_2015","D14","JORN","JORN_013","32",,"32_03","PRGL2","Prosopis glandulosa Torr.","species",,,100,96,4,3.6,0.56,,"mOcIykOnDgd3QV5gHrl8B5rxlWe9VRn+","/ByrziN0LguMJHnInl2NM/trZeA5h+c0","legacyData"
"ef762b1d-a5a1-4e4a-8c83-5ac06aed3898","JORN_013.basePlot.vst","2015-10-07","vst_JORN_2015","D14","JORN","JORN_013","40",,"40_04","PRGL2","Prosopis glandulosa Torr.","species",,,100,99,1,8.4,0.60,,"mOcIykOnDgd3QV5gHrl8B5rxlWe9VRn+","/ByrziN0LguMJHnInl2NM/trZeA5h+c0","legacyData"
"1d0815f4-05cd-47fc-be43-6861001b9b75","JORN_013.basePlot.vst","2015-10-07","vst_JORN_2015","D14","JORN","JORN_013","40",,"40_05","PRGL2","Prosopis glandulosa Torr.","species",,,100,92,8,2.9,0.70,,"mOcIykOnDgd3QV5gHrl8B5rxlWe9VRn+","/ByrziN0LguMJHnInl2NM/trZeA5h+c0","legacyData"
"054e6a13-2bce-46c9-bc85-75f319d8094c","JORN_013.basePlot.vst","2015-10-07","vst_JORN_2015","D14","JORN","JORN_013","40",,"40_01","PRGL2","Prosopis glandulosa Torr.","species",,,100,91,9,6.3,0.72,,"mOcIykOnDgd3QV5gHrl8B5rxlWe9VRn+","/ByrziN0LguMJHnInl2NM/trZeA5h+c0","legacyData"
"c9695e68-fed7-4573-87b7-f40add0d0fda","JORN_013.basePlot.vst","2015-10-07","vst_JORN_2015","D14","JORN","JORN_013","41",,"41_06","PRGL2","Prosopis glandulosa Torr.","species",,,100,90,10,8.4,0.76,,"mOcIykOnDgd3QV5gHrl8B5rxlWe9VRn+","/ByrziN0LguMJHnInl2NM/trZeA5h+c0","legacyData"
"95efe92f-2fd9-483f-8cf1-9c0560d829a3","JORN_012.basePlot.vst","2015-10-07","vst_JORN_2015","D14","JORN","JORN_012","32",,"32_02","PRGL2","Prosopis glandulosa Torr.","species",,,100,80,20,2.1,1.06,,"mOcIykOnDgd3QV5gHrl8B5rxlWe9VRn+","/ByrziN0LguMJHnInl2NM/trZeA5h+c0","legacyData"
"1021d17c-8b04-4afd-a4a5-7f428811da6f","JORN_012.basePlot.vst","2015-10-07","vst_JORN_2015","D14","JORN","JORN_012","40",,"40_01","PRGL2","Prosopis glandulosa Torr.","species",,,100,88,12,5.0,1.12,,"mOcIykOnDgd3QV5gHrl8B5rxlWe9VRn+","/ByrziN0LguMJHnInl2NM/trZeA5h+c0","legacyData"
"79827d29-584c-4583-8eea-a0b67f3bb162","JORN_013.basePlot.vst","2015-10-07","vst_JORN_2015","D14","JORN","JORN_013","41",,"41_01","PRGL2","Prosopis glandulosa Torr.","species",,,100,90,10,1.9,0.72,,"mOcIykOnDgd3QV5gHrl8B5rxlWe9VRn+","/ByrziN0LguMJHnInl2NM/trZeA5h+c0","legacyData"
"ffa32c1e-4c42-4ad9-913f-785a40f40a4a","JORN_013.basePlot.vst","2015-10-07","vst_JORN_2015","D14","JORN","JORN_013","41",,"41_03","PRGL2","Prosopis glandulosa Torr.","species",,,100,97,3,4.4,0.78,,"mOcIykOnDgd3QV5gHrl8B5rxlWe9VRn+","/ByrziN0LguMJHnInl2NM/trZeA5h+c0","legacyData"
"c7fc19a4-2821-4535-9350-bb9342fff0bb","JORN_013.basePlot.vst","2015-10-07","vst_JORN_2015","D14","JORN","JORN_013","41",,"41_05","PRGL2","Prosopis glandulosa Torr.","species",,,100,95,5,2.3,0.66,,"mOcIykOnDgd3QV5gHrl8B5rxlWe9VRn+","/ByrziN0LguMJHnInl2NM/trZeA5h+c0","legacyData"
"688ec145-7175-404e-8e5d-28fcd6b850ba","JORN_013.basePlot.vst","2015-10-07","vst_JORN_2015","D14","JORN","JORN_013","41",,"41_02","PRGL2","Prosopis glandulosa Torr.","species",,,100,97,3,2.1,0.64,"majority outside of plot","mOcIykOnDgd3QV5gHrl8B5rxlWe9VRn+","/ByrziN0LguMJHnInl2NM/trZeA5h+c0","legacyData"
"f9342267-1fa3-4507-927b-385937d6b6e9","JORN_013.basePlot.vst","2015-10-07","vst_JORN_2015","D14","JORN","JORN_013","41",,"41_04","PRGL2","Prosopis glandulosa Torr.","species",,,100,92,8,2.9,0.74,,"mOcIykOnDgd3QV5gHrl8B5rxlWe9VRn+","/ByrziN0LguMJHnInl2NM/trZeA5h+c0","legacyData"
"0ac814f6-2939-4923-9913-942bf1a30c23","JORN_012.basePlot.vst","2015-10-07","vst_JORN_2015","D14","JORN","JORN_012","41",,"41_01","PRGL2","Prosopis glandulosa Torr.","species",,,100,98,2,34.1,1.10,,"mOcIykOnDgd3QV5gHrl8B5rxlWe9VRn+","/ByrziN0LguMJHnInl2NM/trZeA5h+c0","legacyData"
"28d2b6c3-fdea-4b56-af78-28ec5fccb4f9","JORN_012.basePlot.vst","2015-10-07","vst_JORN_2015","D14","JORN","JORN_012","41",,"41_02","PRGL2","Prosopis glandulosa Torr.","species",,,100,97,3,15.2,1.20,,"mOcIykOnDgd3QV5gHrl8B5rxlWe9VRn+","/ByrziN0LguMJHnInl2NM/trZeA5h+c0","legacyData"
"7ea89568-6c99-4735-b14a-96b6a8a8701f","JORN_012.basePlot.vst","2015-10-07","vst_JORN_2015","D14","JORN","JORN_012","32",,"32_03","PRGL2","Prosopis glandulosa Torr.","species",,,100,75,25,0.4,0.52,"majority of shrub group is outside of plot.","mOcIykOnDgd3QV5gHrl8B5rxlWe9VRn+","/ByrziN0LguMJHnInl2NM/trZeA5h+c0","legacyData"
"4bd32646-1e64-4de4-b2f3-9dcfae51d391","JORN_015.basePlot.vst","2015-10-07","vst_JORN_2015","D14","JORN","JORN_015","40",,"40_03","EPTR","Ephedra trifurca Torr. ex S. Watson","species",,,100,70,30,1.1,0.92,,"/ByrziN0LguMJHnInl2NM/trZeA5h+c0","mOcIykOnDgd3QV5gHrl8B5rxlWe9VRn+","legacyData"
"a6490012-1064-483f-b973-4145202df569","JORN_015.basePlot.vst","2015-10-07","vst_JORN_2015","D14","JORN","JORN_015","41",,"41_07","EPTR","Ephedra trifurca Torr. ex S. Watson","species",,,100,40,60,0.8,0.86,,"/ByrziN0LguMJHnInl2NM/trZeA5h+c0","mOcIykOnDgd3QV5gHrl8B5rxlWe9VRn+","legacyData"
"8ca28517-d994-49d3-8423-472db5c5e6eb","JORN_015.basePlot.vst","2015-10-07","vst_JORN_2015","D14","JORN","JORN_015","32",,"32_06","PRGL2","Prosopis glandulosa Torr.","species",,,100,52,48,6.1,1.02,,"/ByrziN0LguMJHnInl2NM/trZeA5h+c0","mOcIykOnDgd3QV5gHrl8B5rxlWe9VRn+","legacyData"
"1190602f-bccf-4c5a-b0e3-2b3cba7b5e2c","JORN_015.basePlot.vst","2015-10-07","vst_JORN_2015","D14","JORN","JORN_015","41",,"41_06","PRGL2","Prosopis glandulosa Torr.","species",,,100,70,30,8.8,1.30,,"/ByrziN0LguMJHnInl2NM/trZeA5h+c0","mOcIykOnDgd3QV5gHrl8B5rxlWe9VRn+","legacyData"
"bb46263e-59d8-45c7-b689-744ab2cba966","JORN_015.basePlot.vst","2015-10-07","vst_JORN_2015","D14","JORN","JORN_015","32",,"32_03","PRGL2","Prosopis glandulosa Torr.","species",,,100,88,12,2.7,1.04,,"/ByrziN0LguMJHnInl2NM/trZeA5h+c0","mOcIykOnDgd3QV5gHrl8B5rxlWe9VRn+","legacyData"
"412bf7f3-62d3-42f7-bdb1-e09436f8d04f","JORN_015.basePlot.vst","2015-10-07","vst_JORN_2015","D14","JORN","JORN_015","40",,"40_01","PRGL2","Prosopis glandulosa Torr.","species",,,100,80,20,6.6,0.96,,"/ByrziN0LguMJHnInl2NM/trZeA5h+c0","mOcIykOnDgd3QV5gHrl8B5rxlWe9VRn+","legacyData"
"adeeb156-e579-498e-86dc-f25f12f2b614","JORN_015.basePlot.vst","2015-10-07","vst_JORN_2015","D14","JORN","JORN_015","31",,"31_01","PRGL2","Prosopis glandulosa Torr.","species",,,100,90,10,3.2,1.06,,"/ByrziN0LguMJHnInl2NM/trZeA5h+c0","mOcIykOnDgd3QV5gHrl8B5rxlWe9VRn+","legacyData"
"88914ec6-8f8f-4aca-91f7-a9629899b07c","JORN_015.basePlot.vst","2015-10-07","vst_JORN_2015","D14","JORN","JORN_015","40",,"40_02","EPTR","Ephedra trifurca Torr. ex S. Watson","species",,,100,60,40,0.4,0.48,,"/ByrziN0LguMJHnInl2NM/trZeA5h+c0","mOcIykOnDgd3QV5gHrl8B5rxlWe9VRn+","legacyData"
"360def39-cd3e-4086-889d-0a3ff9386c63","JORN_015.basePlot.vst","2015-10-07","vst_JORN_2015","D14","JORN","JORN_015","41",,"41_03","PRGL2","Prosopis glandulosa Torr.","species",,,100,92,8,2.0,0.74,,"/ByrziN0LguMJHnInl2NM/trZeA5h+c0","mOcIykOnDgd3QV5gHrl8B5rxlWe9VRn+","legacyData"
"ed670427-1872-4d05-a015-ff7ced703993","JORN_015.basePlot.vst","2015-10-07","vst_JORN_2015","D14","JORN","JORN_015","41",,"41_05","PRGL2","Prosopis glandulosa Torr.","species",,,100,85,15,2.4,0.76,,"/ByrziN0LguMJHnInl2NM/trZeA5h+c0","mOcIykOnDgd3QV5gHrl8B5rxlWe9VRn+","legacyData"
"ba97e0f8-3bfc-4780-a59f-37b44287ff97","JORN_015.basePlot.vst","2015-10-07","vst_JORN_2015","D14","JORN","JORN_015","32",,"32_04","PRGL2","Prosopis glandulosa Torr.","species",,,100,91,9,3.4,0.64,,"/ByrziN0LguMJHnInl2NM/trZeA5h+c0","mOcIykOnDgd3QV5gHrl8B5rxlWe9VRn+","legacyData"
"83a0a4c4-9550-4eb9-9554-0b906b7b05e2","JORN_015.basePlot.vst","2015-10-07","vst_JORN_2015","D14","JORN","JORN_015","41",,"41_04","PRGL2","Prosopis glandulosa Torr.","species",,,100,95,5,1.6,0.76,"mostly out of plot","/ByrziN0LguMJHnInl2NM/trZeA5h+c0","mOcIykOnDgd3QV5gHrl8B5rxlWe9VRn+","legacyData"
"7f9d4de3-64fd-48e1-b0c3-e9e06a4471e3","JORN_015.basePlot.vst","2015-10-07","vst_JORN_2015","D14","JORN","JORN_015","31",,"31_02","PRGL2","Prosopis glandulosa Torr.","species",,,100,85,15,9.1,0.92,,"/ByrziN0LguMJHnInl2NM/trZeA5h+c0","mOcIykOnDgd3QV5gHrl8B5rxlWe9VRn+","legacyData"
"2fc9c0d3-c45c-43ab-9095-175192ffc6ce","JORN_015.basePlot.vst","2015-10-07","vst_JORN_2015","D14","JORN","JORN_015","31",,"31_03","PRGL2","Prosopis glandulosa Torr.","species",,,100,97,3,2.8,0.58,,"/ByrziN0LguMJHnInl2NM/trZeA5h+c0","mOcIykOnDgd3QV5gHrl8B5rxlWe9VRn+","legacyData"
"49ff0e0f-646e-48ff-9028-aabf42ba01e7","JORN_015.basePlot.vst","2015-10-07","vst_JORN_2015","D14","JORN","JORN_015","32",,"32_02","PRGL2","Prosopis glandulosa Torr.","species",,,100,90,5,3.5,0.78,"%liveBySpecies and %deadBySpecies do not add to 100%","/ByrziN0LguMJHnInl2NM/trZeA5h+c0","mOcIykOnDgd3QV5gHrl8B5rxlWe9VRn+","legacyData"
"6d294d0d-8157-4d57-bec2-a6b21152486e","JORN_015.basePlot.vst","2015-10-07","vst_JORN_2015","D14","JORN","JORN_015","41",,"41_02","PRGL2","Prosopis glandulosa Torr.","species",,,100,85,15,0.6,0.72,"mostly out of plot","/ByrziN0LguMJHnInl2NM/trZeA5h+c0","mOcIykOnDgd3QV5gHrl8B5rxlWe9VRn+","legacyData"
"623185ac-dad5-4060-9ea2-bc647c65ce45","JORN_015.basePlot.vst","2015-10-07","vst_JORN_2015","D14","JORN","JORN_015","41",,"41_01","PRGL2","Prosopis glandulosa Torr.","species",,,100,90,10,0.9,0.86,"mostly out of plot","/ByrziN0LguMJHnInl2NM/trZeA5h+c0","mOcIykOnDgd3QV5gHrl8B5rxlWe9VRn+","legacyData"
"d8fc1f52-af3c-4e94-b4e8-107ad610ec69","JORN_015.basePlot.vst","2015-10-07","vst_JORN_2015","D14","JORN","JORN_015","32",,"32_01","PRGL2","Prosopis glandulosa Torr.","species",,,100,98,2,0.9,0.78,"mostly out of plot","/ByrziN0LguMJHnInl2NM/trZeA5h+c0","mOcIykOnDgd3QV5gHrl8B5rxlWe9VRn+","legacyData"
"9c385c8c-a160-451b-b245-74009144b7ff","JORN_015.basePlot.vst","2015-10-07","vst_JORN_2015","D14","JORN","JORN_015","32",,"32_05","PRGL2","Prosopis glandulosa Torr.","species",,,100,97,3,1.8,1.14,,"/ByrziN0LguMJHnInl2NM/trZeA5h+c0","mOcIykOnDgd3QV5gHrl8B5rxlWe9VRn+","legacyData"
"ace495ba-b009-42a0-83b3-4017fa082bc4","JORN_002.basePlot.vst","2015-10-07","vst_JORN_2015","D14","JORN","JORN_002","40",,"40_08","PRGL2","Prosopis glandulosa Torr.","species",,,100,45,55,4.2,0.70,,"mOcIykOnDgd3QV5gHrl8B5rxlWe9VRn+","mOcIykOnDgd3QV5gHrl8B5rxlWe9VRn+","legacyData"
"5f52d492-ea83-4060-b8c4-993fa1cd1b08","JORN_002.basePlot.vst","2015-10-07","vst_JORN_2015","D14","JORN","JORN_002","40",,"40_05","PRGL2","Prosopis glandulosa Torr.","species",,,100,70,30,0.8,0.92,,"mOcIykOnDgd3QV5gHrl8B5rxlWe9VRn+","mOcIykOnDgd3QV5gHrl8B5rxlWe9VRn+","legacyData"
"fb68485d-c256-47d7-a9b0-6310c0710910","JORN_002.basePlot.vst","2015-10-07","vst_JORN_2015","D14","JORN","JORN_002","40",,"40_03","PRGL2","Prosopis glandulosa Torr.","species",,,100,70,30,6.0,1.26,,"mOcIykOnDgd3QV5gHrl8B5rxlWe9VRn+","mOcIykOnDgd3QV5gHrl8B5rxlWe9VRn+","legacyData"
"c89865ef-4e1d-4b2c-bef3-b3a8c4bf0c73","JORN_002.basePlot.vst","2015-10-07","vst_JORN_2015","D14","JORN","JORN_002","40",,"40_07","PRGL2","Prosopis glandulosa Torr.","species",,,100,85,15,1.2,0.60,,"mOcIykOnDgd3QV5gHrl8B5rxlWe9VRn+","mOcIykOnDgd3QV5gHrl8B5rxlWe9VRn+","legacyData"
"22ccde16-058d-4cb1-9871-a64b0772320a","JORN_015.basePlot.vst","2015-10-07","vst_JORN_2015","D14","JORN","JORN_015","32",,"32 _0","PRGL2","Prosopis glandulosa Torr.","species",,,100,91,9,0.9,0.70,,"/ByrziN0LguMJHnInl2NM/trZeA5h+c0","mOcIykOnDgd3QV5gHrl8B5rxlWe9VRn+","legacyData"
"413a5e8c-f921-47b2-b19f-59c2a86b88c0","JORN_015.basePlot.vst","2015-10-07","vst_JORN_2015","D14","JORN","JORN_015","41",,"41 _0","PRGL2","Prosopis glandulosa Torr.","species",,,100,95,5,0.9,0.80,"mostly out of plot","/ByrziN0LguMJHnInl2NM/trZeA5h+c0","mOcIykOnDgd3QV5gHrl8B5rxlWe9VRn+","legacyData"
"77b3c24b-eb9a-4e57-9eac-89963576ff82","JORN_015.basePlot.vst","2015-10-07","vst_JORN_2015","D14","JORN","JORN_015","41",,"41 _0","PRGL2","Prosopis glandulosa Torr.","species",,,100,92,8,0.9,0.78,,"/ByrziN0LguMJHnInl2NM/trZeA5h+c0","mOcIykOnDgd3QV5gHrl8B5rxlWe9VRn+","legacyData"
"3bedb695-375d-490a-b306-1683ee3e2c4d","JORN_002.basePlot.vst","2015-10-07","vst_JORN_2015","D14","JORN","JORN_002","40",,"40 _0","PRGL2","Prosopis glandulosa Torr.","species",,,100,65,35,2.6,0.68,,"mOcIykOnDgd3QV5gHrl8B5rxlWe9VRn+","mOcIykOnDgd3QV5gHrl8B5rxlWe9VRn+","legacyData"
"4d47157b-b5cb-45a8-ac6f-f6c9cefec838","JORN_002.basePlot.vst","2015-10-07","vst_JORN_2015","D14","JORN","JORN_002","40",,"40 _0","PRGL2","Prosopis glandulosa Torr.","species",,,100,60,40,2.6,0.70,,"mOcIykOnDgd3QV5gHrl8B5rxlWe9VRn+","mOcIykOnDgd3QV5gHrl8B5rxlWe9VRn+","legacyData"
"1acd210e-9231-4e3f-8d6b-351313691fc3","JORN_002.basePlot.vst","2015-10-07","vst_JORN_2015","D14","JORN","JORN_002","32",,"32 _0","PRGL2","Prosopis glandulosa Torr.","species",,,100,90,10,7.7,0.70,,"mOcIykOnDgd3QV5gHrl8B5rxlWe9VRn+","mOcIykOnDgd3QV5gHrl8B5rxlWe9VRn+","legacyData"
"c90034e6-2416-4ce4-b536-bca2f2650f3b","JORN_002.basePlot.vst","2015-10-07","vst_JORN_2015","D14","JORN","JORN_002","40",,"40 _0","PRGL2","Prosopis glandulosa Torr.","species",,,100,70,30,2.6,1.18,,"mOcIykOnDgd3QV5gHrl8B5rxlWe9VRn+","mOcIykOnDgd3QV5gHrl8B5rxlWe9VRn+","legacyData"
"a6631ecf-2aec-49b9-9712-91dfc890c02b","JORN_002.basePlot.vst","2015-10-07","vst_JORN_2015","D14","JORN","JORN_002","31",,"31 _0","PRGL2","Prosopis glandulosa Torr.","species",,,100,50,50,7.3,0.88,,"mOcIykOnDgd3QV5gHrl8B5rxlWe9VRn+","mOcIykOnDgd3QV5gHrl8B5rxlWe9VRn+","legacyData"
"19a7a04a-d7d0-4a92-8bfa-c219c2d1a309","JORN_013.basePlot.vst","2015-10-07","vst_JORN_2015","D14","JORN","JORN_013","32",,"32 _0","PRGL2","Prosopis glandulosa Torr.","species",,,100,96,4,1.9,0.54,,"mOcIykOnDgd3QV5gHrl8B5rxlWe9VRn+","/ByrziN0LguMJHnInl2NM/trZeA5h+c0","legacyData"
"3f7b8400-f04e-495b-8d0d-656d37c192d8","JORN_013.basePlot.vst","2015-10-07","vst_JORN_2015","D14","JORN","JORN_013","40",,"40 _0","PRGL2","Prosopis glandulosa Torr.","species",,,100,92,8,6.3,0.70,,"mOcIykOnDgd3QV5gHrl8B5rxlWe9VRn+","/ByrziN0LguMJHnInl2NM/trZeA5h+c0","legacyData"
"60bf7ffe-cf33-4442-a3a0-88cfbbfe63f7","JORN_013.basePlot.vst","2015-10-07","vst_JORN_2015","D14","JORN","JORN_013","41",,"41 _0","PRGL2","Prosopis glandulosa Torr.","species",,,100,97,3,1.9,0.66,"majority outside of plot","mOcIykOnDgd3QV5gHrl8B5rxlWe9VRn+","/ByrziN0LguMJHnInl2NM/trZeA5h+c0","legacyData"
"aba3128b-e7da-420b-bb3e-7e2cd0034af1","JORN_013.basePlot.vst","2015-10-07","vst_JORN_2015","D14","JORN","JORN_013","32",,"32 _0","PRGL2","Prosopis glandulosa Torr.","species",,,100,96,4,1.9,0.64,,"mOcIykOnDgd3QV5gHrl8B5rxlWe9VRn+","/ByrziN0LguMJHnInl2NM/trZeA5h+c0","legacyData"
"640e3cd7-b88b-4893-bb45-e6c5e6f4ade6","JORN_013.basePlot.vst","2015-10-07","vst_JORN_2015","D14","JORN","JORN_013","41",,"41 _0","PRGL2","Prosopis glandulosa Torr.","species",,,100,97,3,1.9,0.76,,"mOcIykOnDgd3QV5gHrl8B5rxlWe9VRn+","/ByrziN0LguMJHnInl2NM/trZeA5h+c0","legacyData"
"a46c067e-7b53-4e9d-a767-a3e3c4bffb4f","JORN_013.basePlot.vst","2015-10-07","vst_JORN_2015","D14","JORN","JORN_013","40",,"40 _0","PRGL2","Prosopis glandulosa Torr.","species",,,100,95,5,6.3,0.50,"majority outside of plot","mOcIykOnDgd3QV5gHrl8B5rxlWe9VRn+","/ByrziN0LguMJHnInl2NM/trZeA5h+c0","legacyData"
"d615b90d-9fb4-47ed-881e-4f6347f4b1e2","JORN_013.basePlot.vst","2015-10-07","vst_JORN_2015","D14","JORN","JORN_013","32",,"32 _0","PRGL2","Prosopis glandulosa Torr.","species",,,100,88,12,1.9,0.60,,"mOcIykOnDgd3QV5gHrl8B5rxlWe9VRn+","/ByrziN0LguMJHnInl2NM/trZeA5h+c0","legacyData"
"0e05630a-1f77-4b58-8462-5229f0d5f579","JORN_013.basePlot.vst","2015-10-07","vst_JORN_2015","D14","JORN","JORN_013","40",,"40 _0","PRGL2","Prosopis glandulosa Torr.","species",,,100,99,1,6.3,0.64,,"mOcIykOnDgd3QV5gHrl8B5rxlWe9VRn+","/ByrziN0LguMJHnInl2NM/trZeA5h+c0","legacyData"
"ec665631-72ea-4cf2-8c83-a4cff0788390","JORN_013.basePlot.vst","2015-10-07","vst_JORN_2015","D14","JORN","JORN_013","40",,"40 _0","PRGL2","Prosopis glandulosa Torr.","species",,,100,75,25,6.3,0.58,,"mOcIykOnDgd3QV5gHrl8B5rxlWe9VRn+","/ByrziN0LguMJHnInl2NM/trZeA5h+c0","legacyData"
"8db8424e-5369-4199-b081-748fe47d9c1a","JORN_020.basePlot.vst","2015-10-07","vst_JORN_2015","D14","JORN","JORN_020","40",,"40 _0","PRGL2","Prosopis glandulosa Torr.","species",,,100,75,25,2.9,0.76,,"mOcIykOnDgd3QV5gHrl8B5rxlWe9VRn+","/ByrziN0LguMJHnInl2NM/trZeA5h+c0","legacyData"
"9602a60a-4aba-46d9-b20a-bf33a9fe31cc","JORN_020.basePlot.vst","2015-10-07","vst_JORN_2015","D14","JORN","JORN_020","32",,"32 _0","PRGL2","Prosopis glandulosa Torr.","species",,,100,100,0,0.4,0.42,,"mOcIykOnDgd3QV5gHrl8B5rxlWe9VRn+","/ByrziN0LguMJHnInl2NM/trZeA5h+c0","legacyData"
"83f8791e-f019-4b1a-a801-0ed0e69a1369","JORN_012.basePlot.vst","2015-10-07","vst_JORN_2015","D14","JORN","JORN_012","32",,"32 _0","PRGL2","Prosopis glandulosa Torr.","species",,,100,75,25,2.1,0.62,"majority of shrub group is outside of plot.","mOcIykOnDgd3QV5gHrl8B5rxlWe9VRn+","/ByrziN0LguMJHnInl2NM/trZeA5h+c0","legacyData"
"6789b023-3f35-42eb-b704-b8559fdd4562","JORN_012.basePlot.vst","2015-10-07","vst_JORN_2015","D14","JORN","JORN_012","40",,"40 _0","PRGL2","Prosopis glandulosa Torr.","species",,,100,88,12,5.0,1.12,,"mOcIykOnDgd3QV5gHrl8B5rxlWe9VRn+","/ByrziN0LguMJHnInl2NM/trZeA5h+c0","legacyData"
"d9b2e946-53f6-42ae-b824-7e90b54fc1ef","JORN_012.basePlot.vst","2015-10-07","vst_JORN_2015","D14","JORN","JORN_012","31",,"31 _0","PRGL2","Prosopis glandulosa Torr.","species",,,100,98,2,39.8,0.88,,"mOcIykOnDgd3QV5gHrl8B5rxlWe9VRn+","/ByrziN0LguMJHnInl2NM/trZeA5h+c0","legacyData"
"39850f9d-e361-43c8-826a-76d9a5e5aa84","JORN_012.basePlot.vst","2015-10-07","vst_JORN_2015","D14","JORN","JORN_012","31",,"31 _0","PRGL2","Prosopis glandulosa Torr.","species",,,100,95,5,39.8,0.82,,"mOcIykOnDgd3QV5gHrl8B5rxlWe9VRn+","/ByrziN0LguMJHnInl2NM/trZeA5h+c0","legacyData"
"99bebd06-6eef-40a0-a275-c91a74e748be","JORN_012.basePlot.vst","2015-10-07","vst_JORN_2015","D14","JORN","JORN_012","31",,"31 _0","PRGL2","Prosopis glandulosa Torr.","species",,,100,98,2,39.8,0.92,,"mOcIykOnDgd3QV5gHrl8B5rxlWe9VRn+","/ByrziN0LguMJHnInl2NM/trZeA5h+c0","legacyData"
"0d725e4b-a181-4618-a4a8-985bcebe4278","JORN_015.basePlot.vst","2015-10-07","vst_JORN_2015","D14","JORN","JORN_015","41",,"41 _0","PRGL2","Prosopis glandulosa Torr.","species",,,100,70,30,0.9,1.22,,"/ByrziN0LguMJHnInl2NM/trZeA5h+c0","mOcIykOnDgd3QV5gHrl8B5rxlWe9VRn+","legacyData"
"cf68c745-d179-4040-ad4f-d6a1375462e5","JORN_015.basePlot.vst","2015-10-07","vst_JORN_2015","D14","JORN","JORN_015","40",,"40 _0","EPTR","Ephedra trifurca Torr. ex S. Watson","species",,,100,60,40,6.6,0.56,,"/ByrziN0LguMJHnInl2NM/trZeA5h+c0","mOcIykOnDgd3QV5gHrl8B5rxlWe9VRn+","legacyData"
"a5c665ab-b541-406a-8f0a-a70baf75305c","JORN_015.basePlot.vst","2015-10-07","vst_JORN_2015","D14","JORN","JORN_015","41",,"41 _0","PRGL2","Prosopis glandulosa Torr.","species",,,100,85,15,0.9,0.76,"mostly out of plot","/ByrziN0LguMJHnInl2NM/trZeA5h+c0","mOcIykOnDgd3QV5gHrl8B5rxlWe9VRn+","legacyData"
"6133fedc-9371-4f34-adb3-6c85f7f7b7b9","JORN_015.basePlot.vst","2015-10-07","vst_JORN_2015","D14","JORN","JORN_015","32",,"32 _0","PRGL2","Prosopis glandulosa Torr.","species",,,100,90,5,0.9,0.80,"%liveBySpecies and %deadBySpecies do not add to 100%","/ByrziN0LguMJHnInl2NM/trZeA5h+c0","mOcIykOnDgd3QV5gHrl8B5rxlWe9VRn+","legacyData"
"5e339f48-a4d8-4d5d-9f80-af5c6ac9172a","JORN_015.basePlot.vst","2015-10-07","vst_JORN_2015","D14","JORN","JORN_015","32",,"32 _0","PRGL2","Prosopis glandulosa Torr.","species",,,100,52,48,0.9,0.98,,"/ByrziN0LguMJHnInl2NM/trZeA5h+c0","mOcIykOnDgd3QV5gHrl8B5rxlWe9VRn+","legacyData"
"d160000f-df86-4595-a6e1-c69dbf5fa538","JORN_015.basePlot.vst","2015-10-07","vst_JORN_2015","D14","JORN","JORN_015","41",,"41 _0","EPTR","Ephedra trifurca Torr. ex S. Watson","species",,,100,40,60,0.9,0.80,,"/ByrziN0LguMJHnInl2NM/trZeA5h+c0","mOcIykOnDgd3QV5gHrl8B5rxlWe9VRn+","legacyData"
"d4fb14f8-0cc2-42d3-b675-974c82eb7274","JORN_015.basePlot.vst","2015-10-07","vst_JORN_2015","D14","JORN","JORN_015","41",,"41 _0","PRGL2","Prosopis glandulosa Torr.","species",,,100,90,10,0.9,0.86,"mostly out of plot","/ByrziN0LguMJHnInl2NM/trZeA5h+c0","mOcIykOnDgd3QV5gHrl8B5rxlWe9VRn+","legacyData"
"69a6202a-bb71-492e-9b64-3d21f004b68d","JORN_015.basePlot.vst","2015-10-07","vst_JORN_2015","D14","JORN","JORN_015","41",,"41 _0","PRGL2","Prosopis glandulosa Torr.","species",,,100,85,15,0.9,0.80,,"/ByrziN0LguMJHnInl2NM/trZeA5h+c0","mOcIykOnDgd3QV5gHrl8B5rxlWe9VRn+","legacyData"
"b4ce8ec0-efce-477b-a304-b9b11b2bc921","JORN_015.basePlot.vst","2015-10-07","vst_JORN_2015","D14","JORN","JORN_015","40",,"40 _0","PRGL2","Prosopis glandulosa Torr.","species",,,100,80,20,6.6,0.96,,"/ByrziN0LguMJHnInl2NM/trZeA5h+c0","mOcIykOnDgd3QV5gHrl8B5rxlWe9VRn+","legacyData"
"8b0cf7fa-55bf-4ff9-a532-7eabce58e014","JORN_015.basePlot.vst","2015-10-07","vst_JORN_2015","D14","JORN","JORN_015","32",,"32 _0","PRGL2","Prosopis glandulosa Torr.","species",,,100,97,3,0.9,1.08,,"/ByrziN0LguMJHnInl2NM/trZeA5h+c0","mOcIykOnDgd3QV5gHrl8B5rxlWe9VRn+","legacyData"
"cd751a10-5767-4fd5-bc2d-86290a35a021","JORN_015.basePlot.vst","2015-10-07","vst_JORN_2015","D14","JORN","JORN_015","40",,"40 _0","EPTR","Ephedra trifurca Torr. ex S. Watson","species",,,100,70,30,6.6,0.92,,"/ByrziN0LguMJHnInl2NM/trZeA5h+c0","mOcIykOnDgd3QV5gHrl8B5rxlWe9VRn+","legacyData"
"0112bae1-c8a9-47b0-b15a-b46817ed1462","JORN_002.basePlot.vst","2015-10-07","vst_JORN_2015","D14","JORN","JORN_002","40",,"40 _0","PRGL2","Prosopis glandulosa Torr.","species",,,100,75,25,2.6,0.70,,"mOcIykOnDgd3QV5gHrl8B5rxlWe9VRn+","mOcIykOnDgd3QV5gHrl8B5rxlWe9VRn+","legacyData"
"47e90c91-e2b1-4090-8070-34d62b840f5d","JORN_002.basePlot.vst","2015-10-07","vst_JORN_2015","D14","JORN","JORN_002","40",,"40 _0","PRGL2","Prosopis glandulosa Torr.","species",,,100,70,30,2.6,0.48,,"mOcIykOnDgd3QV5gHrl8B5rxlWe9VRn+","mOcIykOnDgd3QV5gHrl8B5rxlWe9VRn+","legacyData"
"80023c22-7b10-4e9b-91b0-b16f121b642f","JORN_002.basePlot.vst","2015-10-07","vst_JORN_2015","D14","JORN","JORN_002","32",,"32 _0","PRGL2","Prosopis glandulosa Torr.","species",,,100,75,25,7.7,0.60,,"mOcIykOnDgd3QV5gHrl8B5rxlWe9VRn+","mOcIykOnDgd3QV5gHrl8B5rxlWe9VRn+","legacyData"
"04c1e3ec-28e9-4568-a567-945530647659","JORN_002.basePlot.vst","2015-10-07","vst_JORN_2015","D14","JORN","JORN_002","40",,"40 _0","PRGL2","Prosopis glandulosa Torr.","species",,,100,85,15,2.6,0.62,,"mOcIykOnDgd3QV5gHrl8B5rxlWe9VRn+","mOcIykOnDgd3QV5gHrl8B5rxlWe9VRn+","legacyData"
"978b401d-32de-40bb-b239-f22183a5541b","JORN_002.basePlot.vst","2015-10-07","vst_JORN_2015","D14","JORN","JORN_002","32",,"32 _0","PRGL2","Prosopis glandulosa Torr.","species",,,100,92,8,7.7,0.74,,"mOcIykOnDgd3QV5gHrl8B5rxlWe9VRn+","mOcIykOnDgd3QV5gHrl8B5rxlWe9VRn+","legacyData"
"11ddea0b-422c-4458-bbf9-bdf2f8e74c45","JORN_002.basePlot.vst","2015-10-07","vst_JORN_2015","D14","JORN","JORN_002","32",,"32 _0","PRGL2","Prosopis glandulosa Torr.","species",,,100,65,35,7.7,0.76,,"mOcIykOnDgd3QV5gHrl8B5rxlWe9VRn+","mOcIykOnDgd3QV5gHrl8B5rxlWe9VRn+","legacyData"
"18757c01-a550-4990-9326-0fa811d8c582","JORN_002.basePlot.vst","2015-10-07","vst_JORN_2015","D14","JORN","JORN_002","41",,"41 _0","PRGL2","Prosopis glandulosa Torr.","species",,,100,80,20,1.4,0.66,,"mOcIykOnDgd3QV5gHrl8B5rxlWe9VRn+","mOcIykOnDgd3QV5gHrl8B5rxlWe9VRn+","legacyData"
"256be73f-e097-4660-ac8e-4f07fed25601","JORN_002.basePlot.vst","2015-10-07","vst_JORN_2015","D14","JORN","JORN_002","31",,"31 _0","PRGL2","Prosopis glandulosa Torr.","species",,,100,60,40,7.3,0.64,,"mOcIykOnDgd3QV5gHrl8B5rxlWe9VRn+","mOcIykOnDgd3QV5gHrl8B5rxlWe9VRn+","legacyData"
"e4e9f3bc-55df-4ee3-8541-310e254c394a","JORN_002.basePlot.vst","2015-10-07","vst_JORN_2015","D14","JORN","JORN_002","40",,"40 _0","PRGL2","Prosopis glandulosa Torr.","species",,,100,70,30,2.6,0.86,,"mOcIykOnDgd3QV5gHrl8B5rxlWe9VRn+","mOcIykOnDgd3QV5gHrl8B5rxlWe9VRn+","legacyData"
"eee79e4e-86bc-41ad-8abb-24d50ee7f4b1","JORN_002.basePlot.vst","2015-10-07","vst_JORN_2015","D14","JORN","JORN_002","40",,"40 _0","PRGL2","Prosopis glandulosa Torr.","species",,,100,45,55,2.6,0.70,,"mOcIykOnDgd3QV5gHrl8B5rxlWe9VRn+","mOcIykOnDgd3QV5gHrl8B5rxlWe9VRn+","legacyData"
"b5b5a542-fd07-43a8-a762-632f2fc5e2ad","JORN_002.basePlot.vst","2015-10-07","vst_JORN_2015","D14","JORN","JORN_002","41",,"41 _0","PRGL2","Prosopis glandulosa Torr.","species",,,100,90,10,1.4,0.64,,"mOcIykOnDgd3QV5gHrl8B5rxlWe9VRn+","mOcIykOnDgd3QV5gHrl8B5rxlWe9VRn+","legacyData"
"0a2834ca-76d0-4866-83b6-066a3275fd98","JORN_002.basePlot.vst","2015-10-07","vst_JORN_2015","D14","JORN","JORN_002","41",,"41 _0","PRGL2","Prosopis glandulosa Torr.","species",,,100,92,8,1.4,0.90,,"mOcIykOnDgd3QV5gHrl8B5rxlWe9VRn+","mOcIykOnDgd3QV5gHrl8B5rxlWe9VRn+","legacyData"
"c32ebbf3-0097-47f7-b89f-9c2f34562e15","JORN_002.basePlot.vst","2015-10-07","vst_JORN_2015","D14","JORN","JORN_002","41",,"41 _0","PRGL2","Prosopis glandulosa Torr.","species",,,100,60,40,1.4,0.38,,"mOcIykOnDgd3QV5gHrl8B5rxlWe9VRn+","mOcIykOnDgd3QV5gHrl8B5rxlWe9VRn+","legacyData"
"0d05dfb5-5722-4c3b-accf-3719dd237f24","JORN_002.basePlot.vst","2015-10-07","vst_JORN_2015","D14","JORN","JORN_002","32",,"32 _0","PRGL2","Prosopis glandulosa Torr.","species",,,100,95,5,7.7,0.68,,"mOcIykOnDgd3QV5gHrl8B5rxlWe9VRn+","mOcIykOnDgd3QV5gHrl8B5rxlWe9VRn+","legacyData"
"24fea1fc-133a-4912-97fb-7c517ee28fab","JORN_013.basePlot.vst","2015-10-07","vst_JORN_2015","D14","JORN","JORN_013","40",,"40 _0","PRGL2","Prosopis glandulosa Torr.","species",,,100,60,40,6.3,0.56,,"mOcIykOnDgd3QV5gHrl8B5rxlWe9VRn+","/ByrziN0LguMJHnInl2NM/trZeA5h+c0","legacyData"
"99db1f3b-5e9e-43f3-bd19-094260d4982c","JORN_013.basePlot.vst","2015-10-07","vst_JORN_2015","D14","JORN","JORN_013","41",,"41 _0","PRGL2","Prosopis glandulosa Torr.","species",,,100,90,10,1.9,0.76,,"mOcIykOnDgd3QV5gHrl8B5rxlWe9VRn+","/ByrziN0LguMJHnInl2NM/trZeA5h+c0","legacyData"
"485c0364-8b0d-4c6c-b39b-e51950b4b8cb","JORN_013.basePlot.vst","2015-10-07","vst_JORN_2015","D14","JORN","JORN_013","32",,"32 _0","PRGL2","Prosopis glandulosa Torr.","species",,,100,98,2,1.9,0.62,,"mOcIykOnDgd3QV5gHrl8B5rxlWe9VRn+","/ByrziN0LguMJHnInl2NM/trZeA5h+c0","legacyData"
"6d0482a6-c878-46db-95b0-a5ad3a8e5e53","JORN_013.basePlot.vst","2015-10-07","vst_JORN_2015","D14","JORN","JORN_013","31",,"31 _0","PRGL2","Prosopis glandulosa Torr.","species",,,100,95,5,6.9,0.82,,"mOcIykOnDgd3QV5gHrl8B5rxlWe9VRn+","/ByrziN0LguMJHnInl2NM/trZeA5h+c0","legacyData"
"a1c5fd25-f5c7-4927-b22e-2adc8cf79dcb","JORN_013.basePlot.vst","2015-10-07","vst_JORN_2015","D14","JORN","JORN_013","41",,"41 _0","PRGL2","Prosopis glandulosa Torr.","species",,,100,92,8,1.9,0.72,,"mOcIykOnDgd3QV5gHrl8B5rxlWe9VRn+","/ByrziN0LguMJHnInl2NM/trZeA5h+c0","legacyData"
"85a817a2-5f68-4168-98aa-b2b56dcdae94","JORN_015.basePlot.vst","2015-10-07","vst_JORN_2015","D14","JORN","JORN_015","31",,"31 _0","PRGL2","Prosopis glandulosa Torr.","species",,,100,90,10,3.2,1.06,,"/ByrziN0LguMJHnInl2NM/trZeA5h+c0","mOcIykOnDgd3QV5gHrl8B5rxlWe9VRn+","legacyData"
"7aa61d62-775e-47bc-bb4e-faa7d7b1dc2a","JORN_013.basePlot.vst","2015-10-07","vst_JORN_2015","D14","JORN","JORN_013","31",,"31 _0","PRGL2","Prosopis glandulosa Torr.","species",,,100,96,4,6.9,0.88,,"mOcIykOnDgd3QV5gHrl8B5rxlWe9VRn+","/ByrziN0LguMJHnInl2NM/trZeA5h+c0","legacyData"
"ab5d6074-0f5a-4f6a-9e24-52a935015689","JORN_013.basePlot.vst","2015-10-07","vst_JORN_2015","D14","JORN","JORN_013","32",,"32 _0","PRGL2","Prosopis glandulosa Torr.","species",,,100,89,11,1.9,0.70,,"mOcIykOnDgd3QV5gHrl8B5rxlWe9VRn+","/ByrziN0LguMJHnInl2NM/trZeA5h+c0","legacyData"
"effca218-dd7f-41f3-91e5-59c5a30bf30d","JORN_013.basePlot.vst","2015-10-07","vst_JORN_2015","D14","JORN","JORN_013","31",,"31 _0","PRGL2","Prosopis glandulosa Torr.","species",,,100,98,2,6.9,0.88,,"mOcIykOnDgd3QV5gHrl8B5rxlWe9VRn+","/ByrziN0LguMJHnInl2NM/trZeA5h+c0","legacyData"
"08b9da8e-e722-42ff-9b42-0dfabaa7d9ed","JORN_013.basePlot.vst","2015-10-07","vst_JORN_2015","D14","JORN","JORN_013","41",,"41 _0","PRGL2","Prosopis glandulosa Torr.","species",,,100,90,10,1.9,0.72,,"mOcIykOnDgd3QV5gHrl8B5rxlWe9VRn+","/ByrziN0LguMJHnInl2NM/trZeA5h+c0","legacyData"
"eef1edb9-9576-492f-96dc-699531cdd469","JORN_013.basePlot.vst","2015-10-07","vst_JORN_2015","D14","JORN","JORN_013","40",,"40 _0","PRGL2","Prosopis glandulosa Torr.","species",,,100,96,4,6.3,0.58,,"mOcIykOnDgd3QV5gHrl8B5rxlWe9VRn+","/ByrziN0LguMJHnInl2NM/trZeA5h+c0","legacyData"
"25aac22a-79e6-41d4-abae-67dfa3fe30e5","JORN_013.basePlot.vst","2015-10-07","vst_JORN_2015","D14","JORN","JORN_013","40",,"40 _0","PRGL2","Prosopis glandulosa Torr.","species",,,100,91,9,6.3,0.72,,"mOcIykOnDgd3QV5gHrl8B5rxlWe9VRn+","/ByrziN0LguMJHnInl2NM/trZeA5h+c0","legacyData"
"4cdb42a7-78f9-44c2-8177-4fce1a69ceba","JORN_013.basePlot.vst","2015-10-07","vst_JORN_2015","D14","JORN","JORN_013","41",,"41 _0","PRGL2","Prosopis glandulosa Torr.","species",,,100,95,5,1.9,0.66,,"mOcIykOnDgd3QV5gHrl8B5rxlWe9VRn+","/ByrziN0LguMJHnInl2NM/trZeA5h+c0","legacyData"
"7c7bea19-8544-40a3-9a70-952f27bdc6b6","JORN_020.basePlot.vst","2015-10-07","vst_JORN_2015","D14","JORN","JORN_020","40",,"40 _0","PRGL2","Prosopis glandulosa Torr.","species",,,100,98,2,2.9,0.88,,"mOcIykOnDgd3QV5gHrl8B5rxlWe9VRn+","/ByrziN0LguMJHnInl2NM/trZeA5h+c0","legacyData"
"239764db-3379-479c-b293-38cf32de94f5","JORN_012.basePlot.vst","2015-10-07","vst_JORN_2015","D14","JORN","JORN_012","31",,"31 _0","PRGL2","Prosopis glandulosa Torr.","species",,,100,90,10,39.8,1.00,,"mOcIykOnDgd3QV5gHrl8B5rxlWe9VRn+","/ByrziN0LguMJHnInl2NM/trZeA5h+c0","legacyData"
