uid,namedLocation,domainID,siteID,plotID,plotType,nlcdClass,decimalLatitude,decimalLongitude,geodeticDatum,coordinateUncertainty,elevation,elevationUncertainty,collectDate,eventID,sampleID,sampleCode,samplingMethod,totalSampledArea,targetTaxaPresent,adultCount,nymphCount,larvaCount,sampleCondition,samplingProtocolVersion,measuredBy,remarks
"69436379-4ba7-43db-ad14-a7a3e2fb9bdd","MOAB_003.tickPlot.tck","D13","MOAB","MOAB_003","distributed","evergreenForest",38.261626,-109.347802,"WGS84",20.2,2013.4,0.5,"2016-05-05T14:25Z","MOAB.2016.18",,,"drag and flag",167,"N",0,0,0,"No known compromise","NEON.DOC.014045vG","DNdu0A4LGDcvp4VdeZYOWbz/wmYJi1nh","Dev: 1.5m, 1.0m, 1.0m, 1.0m, 2.0m"
"5f53c9f4-e878-4e3d-be37-24b71735d8e6","MOAB_005.tickPlot.tck","D13","MOAB","MOAB_005","distributed","shrubScrub",38.210851,-109.402026,"WGS84",20.1,1763.5,0.1,"2016-05-05T18:35Z","MOAB.2016.18",,,"drag and flag",163,"N",0,0,0,"No known compromise","NEON.DOC.014045vG","DNdu0A4LGDcvp4VdeZYOWbz/wmYJi1nh","Dev: 1.0m +1.0m +1.0m"
"07e36c50-638f-4f4b-84f5-95f4eb79848d","MOAB_002.tickPlot.tck","D13","MOAB","MOAB_002","distributed","shrubScrub",38.211659,-109.413380,"WGS84",20.1,1770.3,0.1,"2016-05-05T19:37Z","MOAB.2016.18",,,"drag and flag",163,"N",0,0,0,"No known compromise","NEON.DOC.014045vG","DNdu0A4LGDcvp4VdeZYOWbz/wmYJi1nh","Dev: 1.5m +1.0m, windy"
"a9f33d97-f0fc-4325-ba4e-eb252fab2e33","MOAB_006.tickPlot.tck","D13","MOAB","MOAB_006","distributed","shrubScrub",38.235080,-109.406067,"WGS84",20.1,1759.8,0.1,"2016-05-05T20:45Z","MOAB.2016.18",,,"drag and flag",171,"N",0,0,0,"No known compromise","NEON.DOC.014045vG","DNdu0A4LGDcvp4VdeZYOWbz/wmYJi1nh","Dev: 1.0m + 2.0m + 1.0m +7m"
"6986e37d-7d8c-42b0-8391-e83843e2dda5","MOAB_004.tickPlot.tck","D13","MOAB","MOAB_004","distributed","shrubScrub",38.234505,-109.398111,"WGS84",20.1,1763.9,0.1,"2016-05-05T21:40Z","MOAB.2016.18",,,"drag and flag",160,"N",0,0,0,"No known compromise","NEON.DOC.014045vG","DNdu0A4LGDcvp4VdeZYOWbz/wmYJi1nh",
"3c32b3f9-1585-4fec-9eeb-3c6aee01703e","MOAB_001.tickPlot.tck","D13","MOAB","MOAB_001","distributed","shrubScrub",38.258888,-109.413897,"WGS84",20.1,1804.0,0.1,"2016-05-05T22:47Z","MOAB.2016.18",,,"drag and flag",169,"N",0,0,0,"No known compromise","NEON.DOC.014045vG","DNdu0A4LGDcvp4VdeZYOWbz/wmYJi1nh","Dev: +0.5 + 2.0m +1.5m +1.0m +2.0m +0.5m +1.0m"
