uid,namedLocation,date,domainID,siteID,plotID,plotType,nlcdClass,decimalLatitude,decimalLongitude,geodeticDatum,coordinateUncertainty,easting,northing,utmZone,elevation,elevationUncertainty,eventID,samplingProtocolVersion,treesPresent,treesAbsentList,shrubsPresent,shrubsAbsentList,lianasPresent,lianasAbsentList,nestedSubplotAreaShrubSapling,nestedSubplotAreaLiana,totalSampledAreaTrees,totalSampledAreaShrubSapling,totalSampledAreaLiana,remarks,measuredBy,recordedBy,dataQF
"55e64aee-c6c2-499a-81f4-b10ab4f48aef","GUAN_050.basePlot.vst","2016-09-01","D04","GUAN","GUAN_050","tower","evergreenForest",17.969913,-66.865696,"WGS84",20.1,726023.91,1988156.05,"19N",147.4,0.1,"vst_GUAN_2016","NEON.DOC.000987vE","Y",,"Y",,"Y",,"10","noneSelected",800,40,800,,"8rHzSbnDOXjpaitjHXu3bvZcWZBazBT3Z6JypCrOTws=","RS9r3fYolQ8OjMegYBbIjMNwHRFQe/2+",
"f71f3d6b-273f-448b-86ec-39f832ce856c","GUAN_050.basePlot.vst","2016-09-01","D04","GUAN","GUAN_050","tower","evergreenForest",17.969913,-66.865696,"WGS84",20.1,726023.91,1988156.05,"19N",147.4,0.1,"vst_GUAN_2016","NEON.DOC.000987vE","Y",,"Y",,"Y",,"10","noneSelected",800,40,800,,"8rHzSbnDOXjpaitjHXu3bvZcWZBazBT3Z6JypCrOTws=","RS9r3fYolQ8OjMegYBbIjMNwHRFQe/2+","legacyData"
"5d64f304-277d-44f1-934c-4dc27f5a5717","GUAN_057.basePlot.vst","2016-09-14","D04","GUAN","GUAN_057","tower","evergreenForest",17.968570,-66.865136,"WGS84",20.1,726084.95,1988008.07,"19N",127.6,0.1,"vst_GUAN_2016","NEON.DOC.000987vE",,,,,,,"10","100",800,40,400,,"8rHzSbnDOXhaO9I+jHT0bblXuZt7m8LPr2q0CAxmFw791d1KV3LTDA==","7GSC2Ocp9nUdeLo1J+kj65CB+MYRHS9+bXf7zPsUlkw=",
"ad6ef933-ceaa-47d9-b033-6a2dc1126b69","GUAN_057.basePlot.vst","2016-09-14","D04","GUAN","GUAN_057","tower","evergreenForest",17.968570,-66.865136,"WGS84",20.1,726084.95,1988008.07,"19N",127.6,0.1,"vst_GUAN_2016","NEON.DOC.000987vE","Y",,"Y",,"Y",,"10","100",800,40,400,,"8rHzSbnDOXhaO9I+jHT0bblXuZt7m8LPr2q0CAxmFw791d1KV3LTDA==","7GSC2Ocp9nUdeLo1J+kj65CB+MYRHS9+bXf7zPsUlkw=",
"b13f8d70-f525-4395-9ee3-cb20765d5688","GUAN_057.basePlot.vst","2016-09-14","D04","GUAN","GUAN_057","tower","evergreenForest",17.968570,-66.865136,"WGS84",20.1,726084.95,1988008.07,"19N",127.6,0.1,"vst_GUAN_2016","NEON.DOC.000987vE","Y",,"Y",,"Y",,"10","100",800,40,400,,"fiApssCEcSVZh4fTchGlfQK3pYYnYQUQ","7GSC2Ocp9nUteYgLIy4dgBai2aWAgzCc","legacyData"
