uid,namedLocation,domainID,siteID,plotID,plotType,nlcdClass,decimalLatitude,decimalLongitude,geodeticDatum,coordinateUncertainty,elevation,elevationUncertainty,collectDate,eventID,sampleID,sampleCode,samplingMethod,totalSampledArea,targetTaxaPresent,adultCount,nymphCount,larvaCount,sampleCondition,samplingProtocolVersion,measuredBy,remarks
"3f2470de-bb4a-4a63-8e03-b25632965b68","HARV_006.tickPlot.tck","D01","HARV","HARV_006","distributed","deciduousForest",42.401938,-72.252716,"WGS84",20.2,190.4,0.3,"2018-08-07T13:22Z","HARV.2018.32",,,"drag and flag",160,"N",0,0,0,,"NEON.DOC.014045vJ","i645/depOZPdWFnqctuXyl+W6KvXxKYQTAsrRF8Rfso=",
"350b5b36-cfd6-46a7-8f00-1bf58e5a5d4a","HARV_026.tickPlot.tck","D01","HARV","HARV_026","distributed","evergreenForest",42.412068,-72.246529,"WGS84",20.2,185.7,0.3,"2018-08-07T14:07Z","HARV.2018.32","HARV_026.20180807","D00000006847","drag and flag",160,"Y",1,0,0,"No known compromise","NEON.DOC.014045vJ","i645/depOZPdWFnqctuXyl+W6KvXxKYQTAsrRF8Rfso=",
"6e149cc7-2312-4ce3-8657-c97b0c3b48b1","HARV_001.tickPlot.tck","D01","HARV","HARV_001","distributed","deciduousForest",42.424227,-72.260097,"WGS84",20.2,201.1,0.3,"2018-08-07T15:09Z","HARV.2018.32","HARV_001.20180807","D00000007181","drag and flag",160,"Y",0,3,0,"No known compromise","NEON.DOC.014045vJ","PDeeglfRpMhcY5NLVbh+bstb6vCqIxGZKgPlDUiyhOM=",
"f5d3f6cd-ce90-43bd-81a2-07bc40b778e6","HARV_004.tickPlot.tck","D01","HARV","HARV_004","distributed","mixedForest",42.426878,-72.227943,"WGS84",20.3,185.9,0.3,"2018-08-07T16:35Z","HARV.2018.32",,,"drag",165,"N",0,0,0,,"NEON.DOC.014045vJ","PDeeglfRpMhcY5NLVbh+bstb6vCqIxGZKgPlDUiyhOM=",
"f21f159e-152e-4668-8b3f-26831bfaf51d","HARV_022.tickPlot.tck","D01","HARV","HARV_022","distributed","evergreenForest",42.435462,-72.199291,"WGS84",20.3,186.3,0.3,"2018-08-07T17:33Z","HARV.2018.32","HARV_022.20180807","D00000006840","drag and flag",160,"Y",0,6,0,"No known compromise","NEON.DOC.014045vJ","i645/depOZPdWFnqctuXyl+W6KvXxKYQTAsrRF8Rfso=",
"f8ab3116-1149-48b6-93b1-2bd30b21398a","HARV_002.tickPlot.tck","D01","HARV","HARV_002","distributed","deciduousForest",42.477246,-72.259443,"WGS84",20.2,183.2,0.3,"2018-08-08T18:49Z","HARV.2018.32","HARV_002.20180808","D00000006894","drag and flag",160,"Y",1,0,0,"No known compromise","NEON.DOC.014045vJ","fc2gHUQJGz5N4c49wca98GJ8ioS6KgXdEBjCMmpn0YU=",
"dc8a0b09-f8df-4740-aa6c-6dca5413be3d","HARV_002.tickPlot.tck","D01","HARV","HARV_002","distributed","deciduousForest",42.477246,-72.259443,"WGS84",20.2,183.2,0.3,"2018-08-27T14:25Z","HARV.2018.35","HARV_002.20180827","D00000007149","drag and flag",160,"Y",0,3,93,"No known compromise","NEON.DOC.014045vJ","349d7b2wxxXjgIlX3ghC3x6scsdiQSfXU0LUlNM/lQg=",
"1649b348-26e3-493e-8930-1087377ffeff","HARV_004.tickPlot.tck","D01","HARV","HARV_004","distributed","mixedForest",42.426878,-72.227943,"WGS84",20.3,185.9,0.3,"2018-08-27T16:44Z","HARV.2018.35","HARV_004.20180827","D00000006936","drag and flag",160,"Y",0,0,10,"No known compromise","NEON.DOC.014045vJ","ZfNDtfkw2sRmM8MsseJuXsXaZFuDxcurLwIfocRsRN8=",
"679ae0c2-3410-4871-af1a-fc3f3c1edaf5","HARV_026.tickPlot.tck","D01","HARV","HARV_026","distributed","evergreenForest",42.412068,-72.246529,"WGS84",20.2,185.7,0.3,"2018-08-27T17:53Z","HARV.2018.35","HARV_026.20180827","D00000007143","drag and flag",160,"Y",0,3,33,"No known compromise","NEON.DOC.014045vJ","ZfNDtfkw2sRmM8MsseJuXsXaZFuDxcurLwIfocRsRN8=",
"54f9b494-94a3-4ff1-982d-731c92afc37e","HARV_006.tickPlot.tck","D01","HARV","HARV_006","distributed","deciduousForest",42.401938,-72.252716,"WGS84",20.2,190.4,0.3,"2018-08-27T18:53Z","HARV.2018.35","HARV_006.20180827","D00000007173","drag and flag",160,"Y",0,0,55,"No known compromise","NEON.DOC.014045vJ","349d7b2wxxXjgIlX3ghC3x6scsdiQSfXU0LUlNM/lQg=",
"ad29ae7f-fe8f-49fe-a90e-63e884166b76","HARV_022.tickPlot.tck","D01","HARV","HARV_022","distributed","evergreenForest",42.435462,-72.199291,"WGS84",20.3,186.3,0.3,"2018-08-28T12:38Z","HARV.2018.35","HARV_022.20180828","D00000006933","drag and flag",160,"Y",2,2,231,"No known compromise","NEON.DOC.014045vJ","349d7b2wxxXjgIlX3ghC3x6scsdiQSfXU0LUlNM/lQg=",
"06a31d14-6b89-42cd-add2-2b4c1b9cc077","HARV_001.tickPlot.tck","D01","HARV","HARV_001","distributed","deciduousForest",42.424227,-72.260097,"WGS84",20.2,201.1,0.3,"2018-08-28T15:16Z","HARV.2018.35","HARV_001.20180828","D00000007257","drag and flag",160,"Y",0,1,0,"No known compromise","NEON.DOC.014045vJ","349d7b2wxxXjgIlX3ghC3x6scsdiQSfXU0LUlNM/lQg=",
