uid,namedLocation,domainID,siteID,plotID,plotType,nlcdClass,decimalLatitude,decimalLongitude,geodeticDatum,coordinateUncertainty,elevation,elevationUncertainty,collectDate,eventID,sampleID,sampleCode,samplingMethod,totalSampledArea,targetTaxaPresent,adultCount,nymphCount,larvaCount,sampleCondition,samplingProtocolVersion,measuredBy,remarks
"1cfcf9bf-57ac-4231-a133-a974ef55f95c","BLAN_002.tickPlot.tck","D02","BLAN","BLAN_002","distributed","pastureHay",39.091474,-77.982149,"WGS84",20.1,145.6,0.1,"2015-07-14T18:30Z","BLAN.2015.28",,,"drag",170,"N",0,0,,,"NEON.DOC.014045vF","fhqXNoOkfxgX2h02muvP11Fl/AXBdM0Q1u8a+qeHrI0=",
"cfa64954-9243-4073-bf2e-51ca386605b4","BLAN_005.tickPlot.tck","D02","BLAN","BLAN_005","distributed","deciduousForest",39.086223,-77.972729,"WGS84",20.2,169.1,0.3,"2015-07-14T19:13Z","BLAN.2015.28","BLAN_005.20150714",,"drag",160,"Y",0,16,,"No known compromise","NEON.DOC.014045vF","fhqXNoOkfxgX2h02muvP11Fl/AXBdM0Q1u8a+qeHrI0=","Sampling method not noted on data sheet."
"d76c2585-e03b-4adf-a833-2a5904bec180","BLAN_004.tickPlot.tck","D02","BLAN","BLAN_004","distributed","pastureHay",39.088416,-77.961331,"WGS84",20.1,123.7,0.1,"2015-07-16T19:42Z","BLAN.2015.28",,,"drag",180,"N",0,0,,,"NEON.DOC.014045vF","fhqXNoOkfxgX2h02muvP11Fl/AXBdM0Q1u8a+qeHrI0=",
"e5f1aad5-41e7-4200-abb9-72dd7915ca91","BLAN_008.tickPlot.tck","D02","BLAN","BLAN_008","distributed","pastureHay",39.083870,-77.966320,"WGS84",20.4,159.6,0.5,"2015-07-16T20:33Z","BLAN.2015.28",,,"drag",170,"N",0,0,,,"NEON.DOC.014045vF","fhqXNoOkfxgX2h02muvP11Fl/AXBdM0Q1u8a+qeHrI0=",
"0aaaff3c-8ca1-4298-9742-57619b619cf5","BLAN_015.tickPlot.tck","D02","BLAN","BLAN_015","distributed","deciduousForest",39.088728,-77.955494,"WGS84",20.2,125.9,0.2,"2015-07-17T15:49Z","BLAN.2015.28","BLAN_015.20150717",,"drag",152,"Y",0,0,111,"No known compromise","NEON.DOC.014045vF","fhqXNoOkfxgX2h02muvP11Fl/AXBdM0Q1u8a+qeHrI0=",
"13d285ea-3df0-41a7-b422-17834199ff12","BLAN_012.tickPlot.tck","D02","BLAN","BLAN_012","distributed","deciduousForest",39.082720,-77.959589,"WGS84",20.2,135.1,0.2,"2015-07-17T17:05Z","BLAN.2015.28","BLAN_012.20150717",,"drag and flag",125,"Y",0,3,11,"No known compromise","NEON.DOC.014045vF","fhqXNoOkfxgX2h02muvP11Fl/AXBdM0Q1u8a+qeHrI0=",
