uid,namedLocation,plotID,collectDate,identifiedDate,sampleID,subsampleID,scientificName,acceptedTaxonID,taxonRank,family,subfamily,tribe,subtribe,genus,subgenus,specificEpithet,infraspecificEpithet,identificationQualifier,identificationReferences,identificationProtocolVersion,scientificNameAuthorship,sexOrAge,individualCount,sampleCondition,archiveMedium,archiveFacilityID,deprecatedVialID,identifiedBy,laboratoryName,remarks
"f14eea20-4bb9-41d5-ad71-b772d1e83936","BLAN_005.tickPlot.tck","BLAN_005","2015-07-14T19:13Z","2016-11-04T16:00Z","BLAN_005.20150714","BLAN_005.20150714.IXOSCA.N","Ixodes scapularis","IXOSCA","species","Ixodidae",,,,"Ixodes",,"scapularis",,,"Cooley, R. A. and G. M. Kohls. 1945. The genus Ixodes in North America. National Institute of Health Bulletin, 184.","GSU_tickIdentification_SOP_2016-11-01.pdf","Say","Nymph",17,"OK",,"USNMENT00865379","BLAN_005.20150714.5.01.Ixodes scapularis.nymph","L. Beati","Georgia Southern University",
"a196a1a9-6ff8-4711-b111-0f6e447acf66","BLAN_005.tickPlot.tck","BLAN_005","2015-07-14T19:13Z","2016-11-04T16:00Z","BLAN_005.20150714","BLAN_005.20150714.AMBAME.N","Amblyomma americanum","AMBAME","species","Ixodidae",,,,"Amblyomma",,"americanum",,,"Cooley, R. A. and G. M. Kohls. 1944. The genus Amblyomma (ixodidae) in the United States. The Journal of Parasitology, 30(2):77-111.","GSU_tickIdentification_SOP_2016-11-01.pdf","Linnaeus","Nymph",1,"OK","90% ethanol","USNMENT00865378","BLAN_005.20150714.5.01.Amblyomma americanum.nymph","L. Beati","Georgia Southern University",
"c12c1644-2a03-4f0f-ad90-815b26c76a42","BLAN_005.tickPlot.tck","BLAN_005","2015-07-14T19:13Z","2016-11-09T17:00Z","BLAN_005.20150714","BLAN_005.20150714.IXOSP.L","Ixodidae sp.","IXOSP","family","Ixodidae",,,,,,"sp.",,,,"GSU_tickIdentification_SOP_2016-11-01.pdf",,"Larva",1,"OK",,"USNMENT00864701","BLAN_005.20150714.5.01.larvae","C. Evans","Georgia Southern University",
"bc59818b-f7dd-4c83-8aa6-af1d4f32c618","BLAN_015.tickPlot.tck","BLAN_015","2015-07-17T15:49Z","2016-11-10T17:00Z","BLAN_015.20150717","BLAN_015.20150717.IXOSP.L","Ixodidae sp.","IXOSP","family","Ixodidae",,,,,,"sp.",,,,"GSU_tickIdentification_SOP_2016-11-01.pdf",,"Larva",1,"OK","90% ethanol","USNMENT00864718","BLAN_015.20150717.5.01.larvae","C. Evans","Georgia Southern University",
"8546647f-06fb-47c4-94d2-ec07d504e887","BLAN_012.tickPlot.tck","BLAN_012","2015-07-17T17:05Z","2016-11-04T16:00Z","BLAN_012.20150717","BLAN_012.20150717.IXOSP.L","Ixodidae sp.","IXOSP","family","Ixodidae",,,,,,"sp.",,,,"GSU_tickIdentification_SOP_2016-11-01.pdf",,"Larva",1,"OK",,"USNMENT00865028","BLAN_012.20150717.5.01.larvae","L. Beati","Georgia Southern University",
"84edd6d2-d019-4665-a647-12c88df49e3a","BLAN_012.tickPlot.tck","BLAN_012","2015-07-17T17:05Z","2016-11-04T16:00Z","BLAN_012.20150717","BLAN_012.20150717.IXOSCA.N","Ixodes scapularis","IXOSCA","species","Ixodidae",,,,"Ixodes",,"scapularis",,,"Cooley, R. A. and G. M. Kohls. 1945. The genus Ixodes in North America. National Institute of Health Bulletin, 184.","GSU_tickIdentification_SOP_2016-11-01.pdf","Say","Nymph",3,"OK","90% ethanol","USNMENT00865027","BLAN_012.20150717.5.01.Ixodes scapularis.nymph","L. Beati","Georgia Southern University",
