uid,namedLocation,domainID,siteID,plotID,plotType,nlcdClass,decimalLatitude,decimalLongitude,geodeticDatum,coordinateUncertainty,elevation,elevationUncertainty,collectDate,eventID,sampleID,sampleCode,samplingMethod,totalSampledArea,targetTaxaPresent,adultCount,nymphCount,larvaCount,sampleCondition,samplingProtocolVersion,measuredBy,remarks
"bb90dd78-52fd-44f5-8724-b43c779fa691","KONA_003.tickPlot.tck","D06","KONA","KONA_003","distributed","cultivatedCrops",39.214274,-96.600435,"WGS84",20.1,329.1,0.1,"2017-09-12T17:13Z","KONA.2017.38",,,"drag",160,"N",0,0,0,,"NEON.DOC.014045vH","BzXmPCNcOOHl9ws4JG7MP7BkkCvctwH+",
"75cf0dd2-a8f2-4b49-a07d-1a4b105093b9","KONA_024.tickPlot.tck","D06","KONA","KONA_024","distributed","cultivatedCrops",39.208663,-96.595138,"WGS84",20.1,329.1,0.1,"2017-09-12T17:39Z","KONA.2017.38",,,"drag",160,"N",0,0,0,,"NEON.DOC.014045vH","BzXmPCNcOOHl9ws4JG7MP7BkkCvctwH+",
"49bfad8f-7d2e-4738-a9e7-a5a0d6bc995a","KONA_019.tickPlot.tck","D06","KONA","KONA_019","distributed","cultivatedCrops",39.211742,-96.590109,"WGS84",20.1,327.1,0.1,"2017-09-12T18:12Z","KONA.2017.38",,,"drag",160,"N",0,0,0,,"NEON.DOC.014045vH","BzXmPCNcOOHl9ws4JG7MP7BkkCvctwH+",
"49e96fee-eda1-466f-a83f-6c37067102db","KONA_021.tickPlot.tck","D06","KONA","KONA_021","distributed","cultivatedCrops",39.125028,-96.643572,"WGS84",20.1,339.5,0.2,"2017-09-12T19:10Z","KONA.2017.38",,,"drag",160,"N",0,0,0,,"NEON.DOC.014045vH","DKQZyyZ0MOuyIDXmOVOZikLgcjtaVUUutAOFpiMfgY4=","High wind; up to 20 miles per hour."
"8066cf2b-c038-4c2c-85d8-b7efe3a5a1d5","KONA_004.tickPlot.tck","D06","KONA","KONA_004","distributed","cultivatedCrops",39.125575,-96.637356,"WGS84",20.1,323.5,0.1,"2017-09-12T19:46Z","KONA.2017.38",,,"drag",160,"N",0,0,0,,"NEON.DOC.014045vH","DKQZyyZ0MOuyIDXmOVOZikLgcjtaVUUutAOFpiMfgY4=","High wind; up to 20 miles per hour."
"6d717e40-75a0-43cf-9eba-665025e37ef5","KONA_002.tickPlot.tck","D06","KONA","KONA_002","distributed","cultivatedCrops",39.114235,-96.638612,"WGS84",20.1,324.7,0.1,"2017-09-12T20:10Z","KONA.2017.38",,,"drag",160,"N",0,0,0,,"NEON.DOC.014045vH","DKQZyyZ0MOuyIDXmOVOZikLgcjtaVUUutAOFpiMfgY4=","High wind; up to 20 miles per hour."
