uid,namedLocation,plotID,collectDate,identifiedDate,sampleID,subsampleID,scientificName,acceptedTaxonID,taxonRank,family,subfamily,tribe,subtribe,genus,subgenus,specificEpithet,infraspecificEpithet,identificationQualifier,identificationReferences,identificationProtocolVersion,scientificNameAuthorship,sexOrAge,individualCount,sampleCondition,archiveMedium,archiveFacilityID,deprecatedVialID,identifiedBy,laboratoryName,remarks
"ee7f55cd-e8ab-4b41-85c4-e0a8c510a114","TALL_006.tickPlot.tck","TALL_006","2016-07-12T12:12Z","2017-06-06T16:00Z","TALL_006.20160712","TALL_006.20160712.IXOSCA.N","Ixodes scapularis","IXOSCA","species","Ixodidae",,,,"Ixodes",,"scapularis",,,"Cooley, R. A. and G. M. Kohls. 1945. The genus Ixodes in North America. National Institute of Health Bulletin, 184.","GSU_tickIdentification_SOP_2016-11-01.pdf","Say","Nymph",1,"OK","RNA stabilization buffer","USNMENT00984305","TALL_006.20160712.01.IXOSCA.N","Lorenza Beati","Georgia Southern University",
"1a7f2f81-033e-40e6-8746-c86ec0baed2b","TALL_003.tickPlot.tck","TALL_003","2016-07-12T13:16Z","2017-06-06T16:00Z","TALL_003.20160712","TALL_003.20160712.AMBAME.N","Amblyomma americanum","AMBAME","species","Ixodidae",,,,"Amblyomma",,"americanum",,,"Cooley, R. A. and G. M. Kohls. 1944. The genus Amblyomma (ixodidae) in the United States. The Journal of Parasitology, 30(2):77-111.","GSU_tickIdentification_SOP_2016-11-01.pdf","Linnaeus","Nymph",2,"OK","RNA stabilization buffer","USNMENT00984315","TALL_003.20160712.01.AMBAME.N","Lorenza Beati","Georgia Southern University",
"d160061a-c7a6-4052-abfc-90590e0cd8b7","TALL_002.tickPlot.tck","TALL_002","2016-07-12T13:55Z","2017-06-05T16:00Z","TALL_002.20160712","TALL_002.20160712.AMBAME.N","Amblyomma americanum","AMBAME","species","Ixodidae",,,,"Amblyomma",,"americanum",,,"Cooley, R. A. and G. M. Kohls. 1944. The genus Amblyomma (ixodidae) in the United States. The Journal of Parasitology, 30(2):77-111.","GSU_tickIdentification_SOP_2016-11-01.pdf","Linnaeus","Nymph",5,"OK","RNA stabilization buffer","USNMENT00984314","TALL_002.20160712.01.AMBAME.N","Lorenza Beati","Georgia Southern University",
"e127ff89-6864-408b-b784-2334995e03d2","TALL_002.tickPlot.tck","TALL_002","2016-07-12T13:55Z","2017-06-05T16:00Z","TALL_002.20160712","TALL_002.20160712.AMBAME.F","Amblyomma americanum","AMBAME","species","Ixodidae",,,,"Amblyomma",,"americanum",,,"Cooley, R. A. and G. M. Kohls. 1944. The genus Amblyomma (ixodidae) in the United States. The Journal of Parasitology, 30(2):77-111.","GSU_tickIdentification_SOP_2016-11-01.pdf","Linnaeus","Female",2,"OK","RNA stabilization buffer","USNMENT00984313","TALL_002.20160712.01.AMBAME.F","Lorenza Beati","Georgia Southern University",
"97816eb1-f919-436e-b1a3-7ddc582ef573","TALL_001.tickPlot.tck","TALL_001","2016-07-12T14:48Z","2017-04-17T16:00Z","TALL_001.20160712","TALL_001.20160712.IXOSP.L","Ixodidae sp.","IXOSP","family","Ixodidae",,,,,,"sp.",,,,"GSU_tickIdentification_SOP_2016-11-01.pdf",,"Larva",1,"OK","RNA stabilization buffer","USNMENT00984311","TALL_001.20160712.01.L","Arianna Gibbs","Georgia Southern University",
"6ba47d56-7b71-4411-b024-0c5d90405402","TALL_001.tickPlot.tck","TALL_001","2016-07-12T14:48Z","2017-06-05T16:00Z","TALL_001.20160712","TALL_001.20160712.AMBAME.N","Amblyomma americanum","AMBAME","species","Ixodidae",,,,"Amblyomma",,"americanum",,,"Cooley, R. A. and G. M. Kohls. 1944. The genus Amblyomma (ixodidae) in the United States. The Journal of Parasitology, 30(2):77-111.","GSU_tickIdentification_SOP_2016-11-01.pdf","Linnaeus","Nymph",4,"OK","RNA stabilization buffer","USNMENT00984312","TALL_001.20160712.01.AMBAME.N","Lorenza Beati","Georgia Southern University",
"4f870859-9ddf-4d85-9b8e-2020480dc222","TALL_008.tickPlot.tck","TALL_008","2016-07-12T15:30Z","2017-06-06T16:00Z","TALL_008.20160712","TALL_008.20160712.AMBAME.N","Amblyomma americanum","AMBAME","species","Ixodidae",,,,"Amblyomma",,"americanum",,,"Cooley, R. A. and G. M. Kohls. 1944. The genus Amblyomma (ixodidae) in the United States. The Journal of Parasitology, 30(2):77-111.","GSU_tickIdentification_SOP_2016-11-01.pdf","Linnaeus","Nymph",18,"OK","RNA stabilization buffer","USNMENT00984310","TALL_008.20160712.01.AMBAME.N","Lorenza Beati","Georgia Southern University",
"7373d26e-d967-4bbb-b02a-0bf69410f7c5","TALL_008.tickPlot.tck","TALL_008","2016-07-12T15:30Z","2017-06-06T16:00Z","TALL_008.20160712","TALL_008.20160712.AMBAME.F","Amblyomma americanum","AMBAME","species","Ixodidae",,,,"Amblyomma",,"americanum",,,"Cooley, R. A. and G. M. Kohls. 1944. The genus Amblyomma (ixodidae) in the United States. The Journal of Parasitology, 30(2):77-111.","GSU_tickIdentification_SOP_2016-11-01.pdf","Linnaeus","Female",2,"OK","RNA stabilization buffer","USNMENT00984308","TALL_008.20160712.01.AMBAME.F","Lorenza Beati","Georgia Southern University",
"1511cdec-2c03-4b9e-80dc-30db9f640332","TALL_002.tickPlot.tck","TALL_002","2016-07-26T12:16Z","2017-06-05T16:00Z","TALL_002.20160726","TALL_002.20160726.AMBAME.F","Amblyomma americanum","AMBAME","species","Ixodidae",,,,"Amblyomma",,"americanum",,,"Cooley, R. A. and G. M. Kohls. 1944. The genus Amblyomma (ixodidae) in the United States. The Journal of Parasitology, 30(2):77-111.","GSU_tickIdentification_SOP_2016-11-01.pdf","Linnaeus","Female",2,"OK","RNA stabilization buffer","USNMENT00984358","TALL_002.20160726.01.AMBAME.F","Lorenza Beati","Georgia Southern University",
"fa14df60-24da-4ffb-af2d-418745cd2abe","TALL_002.tickPlot.tck","TALL_002","2016-07-26T12:16Z","2017-04-19T16:00Z","TALL_002.20160726","TALL_002.20160726.IXOSP.L","Ixodidae sp.","IXOSP","family","Ixodidae",,,,,,"sp.",,,,"GSU_tickIdentification_SOP_2016-11-01.pdf",,"Larva",1,"OK","RNA stabilization buffer","USNMENT00984360","TALL_002.20160726.01.L","Arianna Gibbs","Georgia Southern University",
"89015079-821e-4aa4-8df8-e62bc2e3bd9c","TALL_002.tickPlot.tck","TALL_002","2016-07-26T12:16Z","2017-06-05T16:00Z","TALL_002.20160726","TALL_002.20160726.AMBAME.N","Amblyomma americanum","AMBAME","species","Ixodidae",,,,"Amblyomma",,"americanum",,,"Cooley, R. A. and G. M. Kohls. 1944. The genus Amblyomma (ixodidae) in the United States. The Journal of Parasitology, 30(2):77-111.","GSU_tickIdentification_SOP_2016-11-01.pdf","Linnaeus","Nymph",7,"OK","RNA stabilization buffer","USNMENT00984359","TALL_002.20160726.01.AMBAME.N","Lorenza Beati","Georgia Southern University",
"b2329478-af04-413d-a2c8-8124223a3100","TALL_008.tickPlot.tck","TALL_008","2016-07-26T14:13Z","2017-06-06T16:00Z","TALL_008.20160726","TALL_008.20160726.AMBAME.N","Amblyomma americanum","AMBAME","species","Ixodidae",,,,"Amblyomma",,"americanum",,,"Cooley, R. A. and G. M. Kohls. 1944. The genus Amblyomma (ixodidae) in the United States. The Journal of Parasitology, 30(2):77-111.","GSU_tickIdentification_SOP_2016-11-01.pdf","Linnaeus","Nymph",14,"OK","RNA stabilization buffer","USNMENT00984361","TALL_008.20160726.01.AMBAME.N","Lorenza Beati","Georgia Southern University",
"ef4aa97b-1210-4d1e-b50a-a7ad736d00b2","TALL_008.tickPlot.tck","TALL_008","2016-07-26T14:13Z","2017-04-19T16:00Z","TALL_008.20160726","TALL_008.20160726.IXOSP.L","Ixodidae sp.","IXOSP","family","Ixodidae",,,,,,"sp.",,,,"GSU_tickIdentification_SOP_2016-11-01.pdf",,"Larva",1,"OK","RNA stabilization buffer","USNMENT00984362","TALL_008.20160726.01.L","Arianna Gibbs","Georgia Southern University",
"be2c4174-c4c6-485f-ab73-a7aeb56ff291","TALL_001.tickPlot.tck","TALL_001","2016-07-26T14:46Z","2017-06-05T16:00Z","TALL_001.20160726","TALL_001.20160726.AMBAME.N","Amblyomma americanum","AMBAME","species","Ixodidae",,,,"Amblyomma",,"americanum",,,"Cooley, R. A. and G. M. Kohls. 1944. The genus Amblyomma (ixodidae) in the United States. The Journal of Parasitology, 30(2):77-111.","GSU_tickIdentification_SOP_2016-11-01.pdf","Linnaeus","Nymph",4,"OK","RNA stabilization buffer","USNMENT00984363","TALL_001.20160726.01.AMBAME.N","Lorenza Beati","Georgia Southern University",
