uid,namedLocation,domainID,siteID,plotID,plotType,nlcdClass,decimalLatitude,decimalLongitude,geodeticDatum,coordinateUncertainty,elevation,elevationUncertainty,collectDate,eventID,sampleID,sampleCode,samplingMethod,totalSampledArea,targetTaxaPresent,adultCount,nymphCount,larvaCount,sampleCondition,samplingProtocolVersion,measuredBy,remarks
"529772a6-be91-4864-8323-af22d43f31c2","TALL_006.tickPlot.tck","D08","TALL","TALL_006","distributed","evergreenForest",32.899144,-87.444571,"WGS84",20.3,108.6,0.3,"2016-07-12T12:12Z","TALL.2016.28","TALL_006.20160712",,"drag and flag",163,"Y",0,1,0,"No known compromise","NEON.DOC.014045vG","tlFJY5FrD6mwsYO1zfjMqQxvIkgymXRH",
"76d0542c-8fd6-4293-b8d1-c220118904c8","TALL_003.tickPlot.tck","D08","TALL","TALL_003","distributed","mixedForest",32.894415,-87.416532,"WGS84",20.2,121.9,0.2,"2016-07-12T13:16Z","TALL.2016.28","TALL_003.20160712",,"drag and flag",160,"Y",0,2,0,"No known compromise","NEON.DOC.014045vG","0ShTL6IaUenIl8UIrFus2FxL7Gs6+tXJU6TiW3z61Vg=",
"f6a0cebb-9aaa-49a7-bdac-ba8a8dd53425","TALL_002.tickPlot.tck","D08","TALL","TALL_002","distributed","mixedForest",32.920823,-87.428955,"WGS84",20.3,104.0,0.4,"2016-07-12T13:55Z","TALL.2016.28","TALL_002.20160712",,"drag and flag",164,"Y",2,7,0,"No known compromise","NEON.DOC.014045vG","tlFJY5FrD6mwsYO1zfjMqQxvIkgymXRH",
"fc8c26d2-e44b-47aa-b1c0-f5d1a11d7c0b","TALL_001.tickPlot.tck","D08","TALL","TALL_001","distributed","deciduousForest",32.976370,-87.432184,"WGS84",20.2,114.6,0.1,"2016-07-12T14:48Z","TALL.2016.28","TALL_001.20160712",,"drag",165,"Y",0,4,1,"No known compromise","NEON.DOC.014045vG","26b2LQSyIrRUOQkaYIGoF5QmqFJC+Tn0",
"8a80a4a5-d461-4cd3-8dd9-2540b5172a5e","TALL_008.tickPlot.tck","D08","TALL","TALL_008","distributed","deciduousForest",32.922874,-87.434097,"WGS84",20.2,127.5,0.2,"2016-07-12T15:30Z","TALL.2016.28","TALL_008.20160712",,"drag and flag",165,"Y",2,18,0,"No known compromise","NEON.DOC.014045vG","tlFJY5FrD6mwsYO1zfjMqQxvIkgymXRH",
"8ef5750d-d964-4df3-879b-6d188669233f","TALL_016.tickPlot.tck","D08","TALL","TALL_016","distributed","evergreenForest",32.971553,-87.415845,"WGS84",20.1,138.9,0.1,"2016-07-12T16:03Z","TALL.2016.28",,,"drag and flag",160,"N",0,0,0,"No known compromise","NEON.DOC.014045vG","26b2LQSyIrRUOQkaYIGoF5QmqFJC+Tn0",
"891affc6-fd41-47bf-b726-8674f1b242f3","TALL_006.tickPlot.tck","D08","TALL","TALL_006","distributed","evergreenForest",32.899144,-87.444571,"WGS84",20.3,108.6,0.3,"2016-07-26T12:15Z","TALL.2016.30",,,"drag and flag",170,"N",0,0,0,"No known compromise","NEON.DOC.014045vG","WyZqSBC++yIyH9bWlefXNeD/gGngDtl/",
"653387e6-deab-467f-8608-6b51fee3236b","TALL_002.tickPlot.tck","D08","TALL","TALL_002","distributed","mixedForest",32.920823,-87.428955,"WGS84",20.3,104.0,0.4,"2016-07-26T12:16Z","TALL.2016.30","TALL_002.20160726",,"drag",175,"Y",2,7,27,"No known compromise","NEON.DOC.014045vG","ivIRHNyZLcsR/EGAdnc8sn41967l5+h5",
"3ee973dc-c04c-4212-9509-b779d45ff1f9","TALL_008.tickPlot.tck","D08","TALL","TALL_008","distributed","deciduousForest",32.922874,-87.434097,"WGS84",20.2,127.5,0.2,"2016-07-26T14:13Z","TALL.2016.30","TALL_008.20160726",,"drag",165,"Y",0,13,2,"No known compromise","NEON.DOC.014045vG","ivIRHNyZLcsR/EGAdnc8sn41967l5+h5",
"8d30305e-831d-4a02-849d-359c12d06122","TALL_001.tickPlot.tck","D08","TALL","TALL_001","distributed","deciduousForest",32.976370,-87.432184,"WGS84",20.2,114.6,0.1,"2016-07-26T14:46Z","TALL.2016.30","TALL_001.20160726",,"drag",165,"Y",0,4,0,"No known compromise","NEON.DOC.014045vG","Z8ZjOdYSUdFcy3JLIHElhGfjZRi6soXiWPP5GbsCcNo=",
"1754b25a-cdba-4ed8-850b-3411c550dd11","TALL_016.tickPlot.tck","D08","TALL","TALL_016","distributed","evergreenForest",32.971553,-87.415845,"WGS84",20.1,138.9,0.1,"2016-07-26T15:21Z","TALL.2016.30",,,"drag",160,"N",0,0,0,"No known compromise","NEON.DOC.014045vG","WyZqSBC++yIyH9bWlefXNeD/gGngDtl/",
"0147bf16-378a-44fd-975d-f5d70f0db5cc","TALL_003.tickPlot.tck","D08","TALL","TALL_003","distributed","mixedForest",32.894415,-87.416532,"WGS84",20.2,121.9,0.2,"2016-07-26T15:59Z","TALL.2016.30",,,"drag",165,"N",0,0,0,"No known compromise","NEON.DOC.014045vG","ivIRHNyZLcsR/EGAdnc8sn41967l5+h5",
