uid,namedLocation,domainID,siteID,plotID,plotType,nlcdClass,decimalLatitude,decimalLongitude,geodeticDatum,coordinateUncertainty,elevation,elevationUncertainty,collectDate,eventID,sampleID,sampleCode,samplingMethod,totalSampledArea,targetTaxaPresent,adultCount,nymphCount,larvaCount,sampleCondition,samplingProtocolVersion,measuredBy,remarks
"e583a4f1-5fef-4a1b-a0de-a50efb320176","KONA_021.tickPlot.tck","D06","KONA","KONA_021","distributed","cultivatedCrops",39.125028,-96.643572,"WGS84",20.1,339.5,0.2,"2018-06-05T13:37Z","KONA.2018.23",,,"drag and flag",160,"N",0,0,0,,"NEON.DOC.014045vJ","d3pHA2OuzLJG5kLE5SIdC8P8dp0tl3w8vNiLiYqYT2g=",
"c3aab9c5-c31d-4df7-9047-c4052e40efa8","KONA_004.tickPlot.tck","D06","KONA","KONA_004","distributed","cultivatedCrops",39.125575,-96.637356,"WGS84",20.1,323.5,0.1,"2018-06-05T14:08Z","KONA.2018.23",,,"drag",160,"N",0,0,0,,"NEON.DOC.014045vJ","d3pHA2OuzLJG5kLE5SIdC8P8dp0tl3w8vNiLiYqYT2g=",
"fc130e78-9ea0-4211-9dc9-276be1ac1d6f","KONA_002.tickPlot.tck","D06","KONA","KONA_002","distributed","cultivatedCrops",39.114235,-96.638612,"WGS84",20.1,324.7,0.1,"2018-06-05T14:35Z","KONA.2018.23",,,"drag and flag",160,"N",0,0,0,,"NEON.DOC.014045vJ","d3pHA2OuzLJG5kLE5SIdC8P8dp0tl3w8vNiLiYqYT2g=",
"4919bb08-41cb-4fe7-a96f-be14bad98270","KONA_003.tickPlot.tck","D06","KONA","KONA_003","distributed","cultivatedCrops",39.214274,-96.600435,"WGS84",20.1,329.1,0.1,"2018-06-05T15:34Z","KONA.2018.23",,,"drag",160,"N",0,0,0,,"NEON.DOC.014045vJ","0QknftH/249Fzeup5XgxDmRFrswKMEXrpdiqA+dT0Pw=",
"34eb4daa-c6a2-4389-b42d-9be60846a8e9","KONA_019.tickPlot.tck","D06","KONA","KONA_019","distributed","cultivatedCrops",39.211742,-96.590109,"WGS84",20.1,327.1,0.1,"2018-06-05T16:08Z","KONA.2018.23",,,"drag",160,"N",0,0,0,,"NEON.DOC.014045vJ","0QknftH/249Fzeup5XgxDmRFrswKMEXrpdiqA+dT0Pw=",
"316b5fd4-3b30-4249-8203-3669feb0d6d1","KONA_024.tickPlot.tck","D06","KONA","KONA_024","distributed","cultivatedCrops",39.208663,-96.595138,"WGS84",20.1,329.1,0.1,"2018-06-05T16:30Z","KONA.2018.23",,,"drag",160,"N",0,0,0,,"NEON.DOC.014045vJ","0QknftH/249Fzeup5XgxDmRFrswKMEXrpdiqA+dT0Pw=",
"90bbd71d-0a51-4512-9f66-e49df08dcbc9","KONA_021.tickPlot.tck","D06","KONA","KONA_021","distributed","cultivatedCrops",39.125028,-96.643572,"WGS84",20.1,339.5,0.2,"2018-06-26T13:46Z","KONA.2018.26",,,"drag",160,"N",0,0,0,"No known compromise","NEON.DOC.014045vJ","9ya+8ESO78bjLXGzD+nV7nftVEBW+hSh1N8qvgzBSi0=",
"9f255ee5-4d8c-40cc-b549-18e17e85bafd","KONA_004.tickPlot.tck","D06","KONA","KONA_004","distributed","cultivatedCrops",39.125575,-96.637356,"WGS84",20.1,323.5,0.1,"2018-06-26T14:15Z","KONA.2018.26",,,"drag",160,"N",0,0,0,"No known compromise","NEON.DOC.014045vJ","9ya+8ESO78bjLXGzD+nV7nftVEBW+hSh1N8qvgzBSi0=",
"9bdedf39-c9fb-49c6-8758-e24c2c1eb2e5","KONA_002.tickPlot.tck","D06","KONA","KONA_002","distributed","cultivatedCrops",39.114235,-96.638612,"WGS84",20.1,324.7,0.1,"2018-06-26T14:45Z","KONA.2018.26",,,"drag",160,"N",0,0,0,"No known compromise","NEON.DOC.014045vJ","9ya+8ESO78bjLXGzD+nV7nftVEBW+hSh1N8qvgzBSi0=",
"ac023cf0-7387-4585-b815-0c788431853d","KONA_003.tickPlot.tck","D06","KONA","KONA_003","distributed","cultivatedCrops",39.214274,-96.600435,"WGS84",20.1,329.1,0.1,"2018-06-26T15:41Z","KONA.2018.26",,,"drag",160,"N",0,0,0,"No known compromise","NEON.DOC.014045vJ","9ya+8ESO78bjLXGzD+nV7nftVEBW+hSh1N8qvgzBSi0=",
"2a3dd115-9e92-46e5-948f-389dad9bd5b5","KONA_019.tickPlot.tck","D06","KONA","KONA_019","distributed","cultivatedCrops",39.211742,-96.590109,"WGS84",20.1,327.1,0.1,"2018-06-26T16:11Z","KONA.2018.26",,,"drag",160,"N",0,0,0,"No known compromise","NEON.DOC.014045vJ","9ya+8ESO78bjLXGzD+nV7nftVEBW+hSh1N8qvgzBSi0=",
"865114ef-39fa-42de-99dd-5ae513cb8e1e","KONA_024.tickPlot.tck","D06","KONA","KONA_024","distributed","cultivatedCrops",39.208663,-96.595138,"WGS84",20.1,329.1,0.1,"2018-06-26T16:38Z","KONA.2018.26",,,"drag",160,"N",0,0,0,"No known compromise","NEON.DOC.014045vJ","9ya+8ESO78bjLXGzD+nV7nftVEBW+hSh1N8qvgzBSi0=",
