uid,namedLocation,domainID,siteID,plotID,plotType,nlcdClass,decimalLatitude,decimalLongitude,geodeticDatum,coordinateUncertainty,elevation,elevationUncertainty,collectDate,eventID,sampleID,sampleCode,samplingMethod,totalSampledArea,targetTaxaPresent,adultCount,nymphCount,larvaCount,sampleCondition,samplingProtocolVersion,measuredBy,remarks
"cb8de93a-443e-47f7-bd89-8916498b876a","BLAN_002.tickPlot.tck","D02","BLAN","BLAN_002","distributed","pastureHay",39.091474,-77.982149,"WGS84",20.1,145.6,0.1,"2018-07-18T14:10Z","BLAN.2018.29",,,"drag",160,"N",0,0,0,"No known compromise","NEON.DOC.014045vJ","gUkNgXXWwVfyyvmNuuhPHfl+ngDS46AHNocWtty9mqU=",
"bf7df01c-d1b8-40fe-991f-7ca269b9c6f6","BLAN_004.tickPlot.tck","D02","BLAN","BLAN_004","distributed","pastureHay",39.088416,-77.961331,"WGS84",20.1,123.7,0.1,"2018-07-18T14:37Z","BLAN.2018.29",,,"drag",160,"N",0,0,0,"No known compromise","NEON.DOC.014045vJ","gUkNgXXWwVfyyvmNuuhPHfl+ngDS46AHNocWtty9mqU=",
"e168f130-fd2b-4e88-b695-574bb645233c","BLAN_015.tickPlot.tck","D02","BLAN","BLAN_015","distributed","deciduousForest",39.088728,-77.955494,"WGS84",20.2,125.9,0.2,"2018-07-18T15:00Z","BLAN.2018.29",,,"drag",170,"N",0,0,0,"No known compromise","NEON.DOC.014045vJ","gUkNgXXWwVfyyvmNuuhPHfl+ngDS46AHNocWtty9mqU=",
"c5e9b1b9-a06c-4d0b-ae35-dd159a065be0","BLAN_012.tickPlot.tck","D02","BLAN","BLAN_012","distributed","deciduousForest",39.082720,-77.959589,"WGS84",20.2,135.1,0.2,"2018-07-18T15:45Z","BLAN.2018.29",,,"drag and flag",168,"N",0,0,0,"No known compromise","NEON.DOC.014045vJ","gUkNgXXWwVfyyvmNuuhPHfl+ngDS46AHNocWtty9mqU=",
"7f179771-980c-4216-8a96-a2e7ffe6c77f","BLAN_008.tickPlot.tck","D02","BLAN","BLAN_008","distributed","pastureHay",39.083870,-77.966320,"WGS84",20.4,159.6,0.5,"2018-07-18T16:12Z","BLAN.2018.29",,,"drag",160,"N",0,0,0,"No known compromise","NEON.DOC.014045vJ","gUkNgXXWwVfyyvmNuuhPHfl+ngDS46AHNocWtty9mqU=",
"b262a7c3-31bb-4d6a-8e58-a345731ad36a","BLAN_005.tickPlot.tck","D02","BLAN","BLAN_005","distributed","deciduousForest",39.086223,-77.972729,"WGS84",20.2,169.1,0.3,"2018-07-20T13:49Z","BLAN.2018.29","BLAN_005.20180720","A00000003291","drag and flag",166,"Y",1,0,0,"No known compromise","NEON.DOC.014045vJ","lOFT5Ztrvajei8vzaZBDqVDde62x2EGi",
