uid,namedLocation,domainID,siteID,plotID,plotType,nlcdClass,decimalLatitude,decimalLongitude,geodeticDatum,coordinateUncertainty,elevation,elevationUncertainty,collectDate,eventID,sampleID,sampleCode,samplingMethod,totalSampledArea,targetTaxaPresent,adultCount,nymphCount,larvaCount,sampleCondition,samplingProtocolVersion,measuredBy,remarks
"73edc79b-9a49-4b10-8144-1e4d3292b64d","ABBY_006.tickPlot.tck","D16","ABBY","ABBY_006","distributed","evergreenForest",45.752800,-122.297903,"WGS84",20.3,576.4,0.4,"2018-04-18T23:49Z","ABBY.2018.16",,,"drag and flag",160,"N",0,0,0,,"NEON.DOC.014045vJ","a/0SlN26fEtmJ3LLysIxkaRUfZvckIBE",
"7e946a14-0419-45a5-a00f-fbd88e9f897f","ABBY_001.tickPlot.tck","D16","ABBY","ABBY_001","distributed","evergreenForest",45.773172,-122.348101,"WGS84",20.1,294.3,0.2,"2018-04-19T01:23Z","ABBY.2018.16",,,"drag and flag",147,"N",0,0,0,,"NEON.DOC.014045vJ","a/0SlN26fEtmJ3LLysIxkaRUfZvckIBE",
"023e951e-97b2-45c9-aa56-8d187ed1d338","ABBY_002.tickPlot.tck","D16","ABBY","ABBY_002","distributed","grasslandHerbaceous",45.737854,-122.308292,"WGS84",20.1,651.1,0.1,"2018-04-19T17:30Z","ABBY.2018.16",,,"drag and flag",160,"N",0,0,0,,"NEON.DOC.014045vJ","a/0SlN26fEtmJ3LLysIxkaRUfZvckIBE",
"2adb1f36-cf64-4b9c-952c-b02b1b6710cf","ABBY_023.tickPlot.tck","D16","ABBY","ABBY_023","distributed","mixedForest",45.745006,-122.383498,"WGS84",20.1,478.7,0.1,"2018-04-19T18:51Z","ABBY.2018.16",,,"drag and flag",147,"N",0,0,0,,"NEON.DOC.014045vJ","a/0SlN26fEtmJ3LLysIxkaRUfZvckIBE",
"38810320-3f5e-420e-8671-77381a7a2f54","ABBY_003.tickPlot.tck","D16","ABBY","ABBY_003","distributed","evergreenForest",45.760799,-122.371290,"WGS84",20.1,626.2,0.1,"2018-04-19T20:13Z","ABBY.2018.16","ABBY_003.20180419","D00000001960","drag and flag",160,"Y",1,1,0,"No known compromise","NEON.DOC.014045vJ","a/0SlN26fEtmJ3LLysIxkaRUfZvckIBE",
"c08ef48c-fbc7-4840-a834-8de4a990c3c5","ABBY_005.tickPlot.tck","D16","ABBY","ABBY_005","distributed","shrubScrub",45.771976,-122.388089,"WGS84",20.1,492.2,0.1,"2018-04-19T21:19Z","ABBY.2018.16","ABBY_005.20180419","D00000001959","drag and flag",156,"Y",3,0,0,"No known compromise","NEON.DOC.014045vJ","a/0SlN26fEtmJ3LLysIxkaRUfZvckIBE",
