uid,namedLocation,domainID,siteID,plotID,plotType,nlcdClass,decimalLatitude,decimalLongitude,geodeticDatum,coordinateUncertainty,elevation,elevationUncertainty,collectDate,eventID,sampleID,sampleCode,samplingMethod,totalSampledArea,targetTaxaPresent,adultCount,nymphCount,larvaCount,sampleCondition,samplingProtocolVersion,measuredBy,remarks
"81a825e8-fac6-4987-9d15-ee3118f39c71","DEJU_003.tickPlot.tck","D19","DEJU","DEJU_003","distributed","shrubScrub",63.931557,-145.753452,"WGS84",20.1,450.5,0.1,"2018-06-26T16:38Z","DEJU.2018.26",,,"drag and flag",160,"N",0,0,0,,"NEON.DOC.014045vJ","lZ4H5l+LEreVoHhq6y4bByOpdKqn1otgASU4FB/BTwE=",
"9af2c8d7-dc2d-413a-a155-ca5c6ffe5e16","DEJU_001.tickPlot.tck","D19","DEJU","DEJU_001","distributed","shrubScrub",63.893653,-145.770599,"WGS84",20.1,492.5,0.1,"2018-06-26T17:20Z","DEJU.2018.26",,,"drag and flag",160,"N",0,0,0,,"NEON.DOC.014045vJ","lZ4H5l+LEreVoHhq6y4bByOpdKqn1otgASU4FB/BTwE=",
"268b510d-eae5-40b5-935c-3fe008247c49","DEJU_015.tickPlot.tck","D19","DEJU","DEJU_015","distributed","woodyWetlands",63.873814,-145.744346,"WGS84",20.1,521.6,0.1,"2018-06-26T18:08Z","DEJU.2018.26",,,"drag and flag",160,"N",0,0,0,,"NEON.DOC.014045vJ","lZ4H5l+LEreVoHhq6y4bByOpdKqn1otgASU4FB/BTwE=",
"d0ab3fb9-6049-4f99-978e-1d9cd1bc65e7","DEJU_044.tickPlot.tck","D19","DEJU","DEJU_044","distributed","evergreenForest",63.835516,-145.745056,"WGS84",20.1,538.2,0.1,"2018-06-26T22:22Z","DEJU.2018.26",,,"drag and flag",160,"N",0,0,0,,"NEON.DOC.014045vJ","lZ4H5l+LEreVoHhq6y4bByOpdKqn1otgASU4FB/BTwE=",
"331a2fed-c559-40c6-be99-b3edd6700e7b","DEJU_014.tickPlot.tck","D19","DEJU","DEJU_014","distributed","evergreenForest",63.830553,-145.745544,"WGS84",20.3,544.1,0.3,"2018-06-26T22:37Z","DEJU.2018.26",,,"drag and flag",160,"N",0,0,0,,"NEON.DOC.014045vJ","lZ4H5l+LEreVoHhq6y4bByOpdKqn1otgASU4FB/BTwE=",
"be390664-00cc-43c5-8d76-134e9ebc6ce3","DEJU_009.tickPlot.tck","D19","DEJU","DEJU_009","distributed","evergreenForest",63.853075,-145.763773,"WGS84",21.0,574.3,0.8,"2018-06-26T23:18Z","DEJU.2018.26",,,"drag and flag",160,"N",0,0,0,,"NEON.DOC.014045vJ","lZ4H5l+LEreVoHhq6y4bByOpdKqn1otgASU4FB/BTwE=",
