uid,namedLocation,domainID,siteID,plotID,plotType,nlcdClass,decimalLatitude,decimalLongitude,geodeticDatum,coordinateUncertainty,elevation,elevationUncertainty,collectDate,eventID,sampleID,sampleCode,samplingMethod,totalSampledArea,targetTaxaPresent,adultCount,nymphCount,larvaCount,sampleCondition,samplingProtocolVersion,measuredBy,remarks
"bbf216b4-c900-4457-892f-c8bb14f05c3e","ONAQ_011.tickPlot.tck","D15","ONAQ","ONAQ_011","distributed","shrubScrub",40.152051,-112.455478,"WGS84",20.1,1617.0,0.1,"2018-08-30T13:43Z","ONAQ.2018.35",,,"drag and flag",160,"N",0,0,0,,"NEON.DOC.014045vJ","cf0zeUVrJoqlPE6jZ8TO2ZPQNvHLkw5d1zT7KOjoCMo=",
"a9825b76-fea2-474a-aada-fb995956478d","ONAQ_009.tickPlot.tck","D15","ONAQ","ONAQ_009","distributed","shrubScrub",40.160581,-112.469377,"WGS84",20.1,1668.8,0.1,"2018-08-30T15:07Z","ONAQ.2018.35",,,"drag and flag",162,"N",0,0,0,,"NEON.DOC.014045vJ","cf0zeUVrJoqlPE6jZ8TO2ZPQNvHLkw5d1zT7KOjoCMo=",
"77be8fec-7249-48cd-b92b-8deefb2472e0","ONAQ_023.tickPlot.tck","D15","ONAQ","ONAQ_023","distributed","evergreenForest",40.193985,-112.507206,"WGS84",20.1,1860.6,0.1,"2018-08-30T17:10Z","ONAQ.2018.35",,,"drag and flag",162,"N",0,0,0,,"NEON.DOC.014045vJ","bJ+RdJEEdT3Ewj2Yv+NqrULBTUGmFo8u8Kb0DCLriE0=",
"d1e95db1-b41d-4df1-ab09-9fda9b49e771","ONAQ_004.tickPlot.tck","D15","ONAQ","ONAQ_004","distributed","shrubScrub",40.187291,-112.471870,"WGS84",,1710.4,,"2018-08-30T18:21Z","ONAQ.2018.35",,,"drag and flag",160,"N",0,0,0,,"NEON.DOC.014045vJ","bJ+RdJEEdT3Ewj2Yv+NqrULBTUGmFo8u8Kb0DCLriE0=",
"bacf1e60-2ff6-47d9-a297-67e1c999fe04","ONAQ_016.tickPlot.tck","D15","ONAQ","ONAQ_016","distributed","shrubScrub",40.175449,-112.444448,"WGS84",20.1,1635.3,0.1,"2018-08-30T19:27Z","ONAQ.2018.35",,,"drag and flag",160,"N",0,0,0,,"NEON.DOC.014045vJ","cf0zeUVrJoqlPE6jZ8TO2ZPQNvHLkw5d1zT7KOjoCMo=",
"be3df2a7-61d7-4b2d-9459-00aabbe56af1","ONAQ_005.tickPlot.tck","D15","ONAQ","ONAQ_005","distributed","shrubScrub",40.181926,-112.432741,"WGS84",20.1,1617.2,0.1,"2018-08-30T20:27Z","ONAQ.2018.35",,,"drag and flag",160,"N",0,0,0,,"NEON.DOC.014045vJ","cf0zeUVrJoqlPE6jZ8TO2ZPQNvHLkw5d1zT7KOjoCMo=",
