uid,namedLocation,domainID,siteID,plotID,plotType,nlcdClass,decimalLatitude,decimalLongitude,geodeticDatum,coordinateUncertainty,elevation,elevationUncertainty,collectDate,eventID,sampleID,sampleCode,samplingMethod,totalSampledArea,targetTaxaPresent,adultCount,nymphCount,larvaCount,sampleCondition,samplingProtocolVersion,measuredBy,remarks
"48b60725-7d0b-4cfd-b3c4-8a71b7e79fbc","CPER_002.tickPlot.tck","D10","CPER","CPER_002","distributed","grasslandHerbaceous",40.811446,-104.727626,"WGS84",20.1,1645.8,0.1,"2018-05-04T15:50Z","CPER.2018.18",,,"drag",160,"N",0,0,0,,"NEON.DOC.014045vJ","i+7wBO4AjDQsMiI2vsaNUjKeg7MpgOnsdoQyr+8BTI4=",
"4504b02e-f736-4b27-91a4-846e1c266e2d","CPER_004.tickPlot.tck","D10","CPER","CPER_004","distributed","grasslandHerbaceous",40.814104,-104.696817,"WGS84",20.1,1617.2,0.1,"2018-05-04T16:21Z","CPER.2018.18",,,"drag",160,"N",0,0,0,,"NEON.DOC.014045vJ","i+7wBO4AjDQsMiI2vsaNUjKeg7MpgOnsdoQyr+8BTI4=",
"fd5cffd0-bfe3-417d-b54f-444eaba8ebd5","CPER_003.tickPlot.tck","D10","CPER","CPER_003","distributed","grasslandHerbaceous",40.819808,-104.707147,"WGS84",20.1,1625.7,0.1,"2018-05-04T16:58Z","CPER.2018.18",,,"drag",160,"N",0,0,0,,"NEON.DOC.014045vJ","i+7wBO4AjDQsMiI2vsaNUjKeg7MpgOnsdoQyr+8BTI4=",
"a5fa7a5b-5a0a-47d4-b35c-efb0d71446eb","CPER_005.tickPlot.tck","D10","CPER","CPER_005","distributed","grasslandHerbaceous",40.852571,-104.726331,"WGS84",20.1,1662.6,0.1,"2018-05-04T17:35Z","CPER.2018.18",,,"drag and flag",160,"N",0,0,0,,"NEON.DOC.014045vJ","K+tJSr1+vfbHsPtL/dLKMjFlKn3yOXeu44OlkjOHon8=",
"43aadca0-3688-4ca1-a35e-56335f2296dc","CPER_001.tickPlot.tck","D10","CPER","CPER_001","distributed","grasslandHerbaceous",40.851012,-104.701302,"WGS84",20.1,1639.1,0.1,"2018-05-04T18:15Z","CPER.2018.18",,,"drag and flag",160,"N",0,0,0,,"NEON.DOC.014045vJ","K+tJSr1+vfbHsPtL/dLKMjFlKn3yOXeu44OlkjOHon8=",
"d6546ccb-e8f4-4da4-836d-b38640aee41d","CPER_007.tickPlot.tck","D10","CPER","CPER_007","distributed","grasslandHerbaceous",40.860878,-104.684952,"WGS84",20.1,1646.7,0.1,"2018-05-04T18:49Z","CPER.2018.18",,,"drag",160,"N",0,0,0,,"NEON.DOC.014045vJ","K+tJSr1+vfbHsPtL/dLKMjFlKn3yOXeu44OlkjOHon8=",
