uid,namedLocation,domainID,siteID,plotID,plotType,nlcdClass,decimalLatitude,decimalLongitude,geodeticDatum,coordinateUncertainty,elevation,elevationUncertainty,collectDate,eventID,sampleID,sampleCode,samplingMethod,totalSampledArea,targetTaxaPresent,adultCount,nymphCount,larvaCount,sampleCondition,samplingProtocolVersion,measuredBy,remarks
"0a61e5eb-915c-4d3c-b386-7d7bb75c59f0","SRER_004.tickPlot.tck","D14","SRER","SRER_004","distributed","shrubScrub",31.908022,-110.816123,"WGS84",20.0,1039.1,0.0,"2018-07-31T14:45Z","SRER.2018.31",,,"drag and flag",165,"N",0,0,0,,"NEON.DOC.014045vJ","47fmII3dmbwIJec1dxdwyBiGTksx4UMrFdhMVXVxQHE=","Added 5 meters"
"a9c7f01b-afe6-410b-ab04-205b58f6cd4d","SRER_008.tickPlot.tck","D14","SRER","SRER_008","distributed","shrubScrub",31.868129,-110.813836,"WGS84",20.1,1172.7,0.1,"2018-07-31T16:20Z","SRER.2018.31",,,"drag and flag",160,"N",0,0,0,,"NEON.DOC.014045vJ","47fmII3dmbwIJec1dxdwyBiGTksx4UMrFdhMVXVxQHE=",
"9f490305-5837-4383-a495-37e0a317ec48","SRER_002.tickPlot.tck","D14","SRER","SRER_002","distributed","shrubScrub",31.871226,-110.855454,"WGS84",20.1,1032.1,0.1,"2018-07-31T17:27Z","SRER.2018.31",,,"drag and flag",153,"N",0,0,0,,"NEON.DOC.014045vJ","47fmII3dmbwIJec1dxdwyBiGTksx4UMrFdhMVXVxQHE=","Subtracted 7 meters"
"537f2cac-3b29-4f87-b0d7-126f077b9143","SRER_007.tickPlot.tck","D14","SRER","SRER_007","distributed","shrubScrub",31.898810,-110.874149,"WGS84",20.1,934.9,0.1,"2018-07-31T18:30Z","SRER.2018.31",,,"drag and flag",150,"N",0,0,0,,"NEON.DOC.014045vJ","47fmII3dmbwIJec1dxdwyBiGTksx4UMrFdhMVXVxQHE=","10 meters subtracted"
