uid,namedLocation,domainID,siteID,plotID,plotType,nlcdClass,decimalLatitude,decimalLongitude,geodeticDatum,coordinateUncertainty,elevation,elevationUncertainty,collectDate,eventID,sampleID,sampleCode,samplingMethod,totalSampledArea,targetTaxaPresent,adultCount,nymphCount,larvaCount,sampleCondition,samplingProtocolVersion,measuredBy,remarks
"817d6c99-08fd-4cae-b066-868d64d52c6b","STER_027.tickPlot.tck","D10","STER","STER_027","distributed","cultivatedCrops",40.480002,-103.017416,"WGS84",20.2,1365.6,0.2,"2017-05-17T16:12Z","STER.2017.21",,,"drag",160,"N",0,0,0,"No known compromise","NEON.DOC.014045vH","amijICDaG13gsKMBfvt8CQHFNq8jgGvWkFvadztBEnU=",
"47535dc6-9b00-4deb-a557-a8ac8ec8ed18","STER_033.tickPlot.tck","D10","STER","STER_033","distributed","cultivatedCrops",40.476290,-103.010114,"WGS84",20.2,1355.1,0.2,"2017-05-17T16:52Z","STER.2017.21",,,"drag",160,"N",0,0,0,"No known compromise","NEON.DOC.014045vG","amijICDaG13gsKMBfvt8CQHFNq8jgGvWkFvadztBEnU=",
"de75825b-8872-4c03-b636-0cd240016ebc","STER_029.tickPlot.tck","D10","STER","STER_029","distributed","cultivatedCrops",40.469400,-103.010366,"WGS84",20.2,1352.6,0.3,"2017-05-17T17:36Z","STER.2017.21",,,"drag",160,"N",0,0,0,"No known compromise","NEON.DOC.014045vH","amijICDaG13gsKMBfvt8CQHFNq8jgGvWkFvadztBEnU=",
"26bcce62-9dd1-4aaf-94c9-412e0fd546fe","STER_028.tickPlot.tck","D10","STER","STER_028","distributed","cultivatedCrops",40.472367,-103.017002,"WGS84",20.2,1358.2,0.3,"2017-05-17T18:18Z","STER.2017.21",,,"drag",160,"N",0,0,0,"No known compromise","NEON.DOC.014045vH","amijICDaG13gsKMBfvt8CQHFNq8jgGvWkFvadztBEnU=",
"fa796e8e-3cec-4a1a-bee8-013b69a6ff16","STER_026.tickPlot.tck","D10","STER","STER_026","distributed","cultivatedCrops",40.474857,-103.022558,"WGS84",20.2,1358.2,0.2,"2017-05-17T18:49Z","STER.2017.21",,,"drag",160,"N",0,0,0,"No known compromise","NEON.DOC.014045vH","9piKDJvWVkAkhVxhhD7ruNlPpYfDpREJt4a2qexS0mE=",
"5f841e3f-072c-47fa-bddf-aef1c1740fd2","STER_006.tickPlot.tck","D10","STER","STER_006","distributed","cultivatedCrops",40.465644,-103.032824,"WGS84",20.1,1361.1,0.1,"2017-05-17T19:44Z","STER.2017.21",,,"drag",155,"N",0,0,0,"No known compromise","NEON.DOC.014045vH","9piKDJvWVkAkhVxhhD7ruNlPpYfDpREJt4a2qexS0mE=","Skipped NE corner due to excessive mud"
