uid,namedLocation,domainID,siteID,plotID,plotType,nlcdClass,decimalLatitude,decimalLongitude,geodeticDatum,coordinateUncertainty,elevation,elevationUncertainty,collectDate,eventID,sampleID,sampleCode,samplingMethod,totalSampledArea,targetTaxaPresent,adultCount,nymphCount,larvaCount,sampleCondition,samplingProtocolVersion,measuredBy,remarks
"5846da1c-7753-4eeb-a76b-82228975fb74","SCBI_039.tickPlot.tck","D02","SCBI","SCBI_039","distributed","pastureHay",38.896433,-78.166542,"WGS84",20.1,330.8,0.1,"2015-09-08T17:35Z","SCBI.2015.36",,,"drag",168,"N",0,0,,,"NEON.DOC.014045vF","OkD7GLun5+3RpRIEva+aFeLLxTpNtG05",
"d6d93270-245e-4e5d-8dd1-cbc5d04eec66","SCBI_002.tickPlot.tck","D02","SCBI","SCBI_002","distributed","deciduousForest",38.893863,-78.142704,"WGS84",20.2,327.7,0.2,"2015-09-08T18:28Z","SCBI.2015.36","SCBI_002.20150908",,"drag",160,"Y",0,0,8,"No known compromise","NEON.DOC.014045vF","OkD7GLun5+3RpRIEva+aFeLLxTpNtG05",
"3452ad0e-a302-4d42-85be-39cae1901cd7","SCBI_006.tickPlot.tck","D02","SCBI","SCBI_006","distributed","pastureHay",38.897080,-78.150277,"WGS84",20.1,277.1,0.1,"2015-09-08T19:13Z","SCBI.2015.36",,,"drag",160,"N",0,0,,,"NEON.DOC.014045vF","OkD7GLun5+3RpRIEva+aFeLLxTpNtG05",
"9d0ef033-0cde-401a-9a34-1668d370a228","SCBI_013.tickPlot.tck","D02","SCBI","SCBI_013","distributed","deciduousForest",38.873041,-78.163313,"WGS84",20.2,361.3,0.3,"2015-09-09T16:27Z","SCBI.2015.36","SCBI_013.20150909",,"drag",160,"Y",0,2,32,"No known compromise","NEON.DOC.014045vF","vEBCcEQSSh8eOBBCRWJ0ZW//xrXWbPVV",
"418f9aca-def1-4031-8310-5793b4893f17","SCBI_005.tickPlot.tck","D02","SCBI","SCBI_005","distributed","deciduousForest",38.901859,-78.161940,"WGS84",20.2,263.6,0.3,"2015-09-09T17:53Z","SCBI.2015.36","SCBI_005.20150909",,"drag and flag",163,"Y",0,0,165,"No known compromise","NEON.DOC.014045vF","vEBCcEQSSh8eOBBCRWJ0ZW//xrXWbPVV",
