uid,namedLocation,plotID,collectDate,identifiedDate,sampleID,subsampleID,scientificName,acceptedTaxonID,taxonRank,family,subfamily,tribe,subtribe,genus,subgenus,specificEpithet,infraspecificEpithet,identificationQualifier,identificationReferences,identificationProtocolVersion,scientificNameAuthorship,sexOrAge,individualCount,sampleCondition,archiveMedium,archiveFacilityID,deprecatedVialID,identifiedBy,laboratoryName,remarks
"f2f2daf0-335b-44b7-a1c3-3d329f4f4563","OAES_008.tickPlot.tck","OAES_008","2017-06-20T14:00Z","2018-01-19T17:00Z","OAES_008.20170620","OAES_008.20170620.DERVAR.F","Dermacentor variabilis","DERVAR","species","Ixodidae",,,,"Dermacentor",,"variabilis",,,"Yunker, C. E., Keirans, J. E., Clifford, C. M., and E. R. Easton. 1986. Dermacentor ticks (Acari: Ixodoidea: Ixodidae) of the New World: a scanning electron microscope atlas. Proceedings of the Entomological Society of Washington, 88(4):609-627.","GSU_tickIdentification_SOP_2016-11-01.pdf","Say","Female",1,"OK","90% ethanol","USNMENT01358819","OAES_008.20170620.DERVAR.F","Lorenza Beati","Georgia Southern University",
"e3850d42-2086-4144-aede-efd0a5b25e59","OAES_007.tickPlot.tck","OAES_007","2017-06-20T14:37Z","2018-01-19T17:00Z","OAES_007.20170620","OAES_007.20170620.AMBMAC.F","Amblyomma maculatum","AMBMAC","species","Ixodidae",,,,"Amblyomma",,"maculatum",,,"Cooley, R. A. and G. M. Kohls. 1944. The genus Amblyomma (ixodidae) in the United States. The Journal of Parasitology, 30(2):77-111.","GSU_tickIdentification_SOP_2016-11-01.pdf","Koch","Female",1,"OK","90% ethanol","USNMENT01358808","OAES_007.20170620.AMBMAC.F","Lorenza Beati","Georgia Southern University",
"2268066b-5228-4e96-81e6-39058cd2ba10","OAES_007.tickPlot.tck","OAES_007","2017-06-20T14:37Z","2018-01-19T17:00Z","OAES_007.20170620","OAES_007.20170620.AMBMAC.M","Amblyomma maculatum","AMBMAC","species","Ixodidae",,,,"Amblyomma",,"maculatum",,,"Cooley, R. A. and G. M. Kohls. 1944. The genus Amblyomma (ixodidae) in the United States. The Journal of Parasitology, 30(2):77-111.","GSU_tickIdentification_SOP_2016-11-01.pdf","Koch","Male",1,"OK","90% ethanol","USNMENT01358807","OAES_007.20170620.AMBMAC.M","Lorenza Beati","Georgia Southern University",
"3e290173-de1d-421f-8cb4-2619da89fb9e","OAES_003.tickPlot.tck","OAES_003","2017-06-20T15:16Z","2018-01-19T17:00Z","OAES_003.20170620","OAES_003.20170620.DERVAR.F","Dermacentor variabilis","DERVAR","species","Ixodidae",,,,"Dermacentor",,"variabilis",,,"Yunker, C. E., Keirans, J. E., Clifford, C. M., and E. R. Easton. 1986. Dermacentor ticks (Acari: Ixodoidea: Ixodidae) of the New World: a scanning electron microscope atlas. Proceedings of the Entomological Society of Washington, 88(4):609-627.","GSU_tickIdentification_SOP_2016-11-01.pdf","Say","Female",1,"OK","90% ethanol","USNMENT01358798","OAES_003.20170620.DERVAR.F","Lorenza Beati","Georgia Southern University",
