uid,namedLocation,domainID,siteID,plotID,plotType,nlcdClass,decimalLatitude,decimalLongitude,geodeticDatum,coordinateUncertainty,elevation,elevationUncertainty,collectDate,eventID,sampleID,sampleCode,samplingMethod,totalSampledArea,targetTaxaPresent,adultCount,nymphCount,larvaCount,sampleCondition,samplingProtocolVersion,measuredBy,remarks
"0236d15c-bc69-4a2d-b21b-7b5e9386d575","OAES_008.tickPlot.tck","D11","OAES","OAES_008","distributed","grasslandHerbaceous",35.394019,-99.063159,"WGS84",20.1,492.6,0.1,"2017-06-20T14:00Z","OAES.2017.26","OAES_008.20170620",,"drag",160,"Y",1,0,0,"Distance estimated (described in remarks)","NEON.DOC.014045vH","IjazmSQBojWxyJ0/VQonJJDN/AWQC3ZwsdN1S7UuDl8=","Start time/End time/Sample area is estimated"
"f70b38f1-2a34-4577-b1b9-366cccb300bf","OAES_007.tickPlot.tck","D11","OAES","OAES_007","distributed","shrubScrub",35.421328,-99.057210,"WGS84",20.1,521.6,0.1,"2017-06-20T14:37Z","OAES.2017.26","OAES_007.20170620",,"drag",165,"Y",2,0,0,"No known compromise","NEON.DOC.014045vH","8oBGJXNLkaAAFE1nw09DzI5VcrXP1nOx4bDlPvMWkW4=","Deviated 5 meters due to cactus"
"e34b836c-b711-447d-8529-8685c9f24bda","OAES_003.tickPlot.tck","D11","OAES","OAES_003","distributed","grasslandHerbaceous",35.412134,-99.068027,"WGS84",20.2,512.2,0.2,"2017-06-20T15:16Z","OAES.2017.26","OAES_003.20170620",,"drag and flag",171,"Y",1,0,0,"No known compromise","NEON.DOC.014045vH","IjazmSQBojWxyJ0/VQonJJDN/AWQC3ZwsdN1S7UuDl8=","Deviated due to cactus 11 meters"
"e40164b9-ddaf-4d73-9d41-813722261e64","OAES_021.tickPlot.tck","D11","OAES","OAES_021","distributed","shrubScrub",35.413211,-99.074301,"WGS84",20.1,501.7,0.1,"2017-06-20T15:55Z","OAES.2017.26",,,"drag and flag",130,"N",0,0,0,,"NEON.DOC.014045vH","8oBGJXNLkaAAFE1nw09DzI5VcrXP1nOx4bDlPvMWkW4=","Deviated 30 meters due to sumac and cactus"
"912168d4-80ad-4533-8c1a-e9f83403751c","OAES_005.tickPlot.tck","D11","OAES","OAES_005","distributed","grasslandHerbaceous",35.402926,-99.080346,"WGS84",20.1,509.4,0.1,"2017-06-20T16:33Z","OAES.2017.26",,,"drag and flag",160,"N",0,0,0,,"NEON.DOC.014045vH","IjazmSQBojWxyJ0/VQonJJDN/AWQC3ZwsdN1S7UuDl8=","1"
"49d500a1-9b9e-4a3b-b7da-869f24f61a6a","OAES_004.tickPlot.tck","D11","OAES","OAES_004","distributed","grasslandHerbaceous",35.411159,-99.084234,"WGS84",20.1,507.6,0.1,"2017-06-20T17:06Z","OAES.2017.26",,,"drag and flag",160,"N",0,0,0,,"NEON.DOC.014045vH","IjazmSQBojWxyJ0/VQonJJDN/AWQC3ZwsdN1S7UuDl8=",
