uid,namedLocation,date,domainID,siteID,plotID,plotType,nlcdClass,decimalLatitude,decimalLongitude,geodeticDatum,coordinateUncertainty,easting,northing,utmZone,elevation,elevationUncertainty,eventID,samplingProtocolVersion,treesPresent,treesAbsentList,shrubsPresent,shrubsAbsentList,lianasPresent,lianasAbsentList,nestedSubplotAreaShrubSapling,nestedSubplotAreaLiana,totalSampledAreaTrees,totalSampledAreaShrubSapling,totalSampledAreaLiana,remarks,measuredBy,recordedBy,dataQF
"967f8af7-6627-4b89-8c5c-be15a9adb4b6","DEJU_007.basePlot.vst","2016-09-12","D19","DEJU","DEJU_007","distributed","shrubScrub",63.866754,-145.726499,"WGS84",20.1,562582.99,7082790.78,"6N",534.5,0.1,"vst_DEJU_2016","NEON.DOC.000987vF","Y",,"Y",,"N",,"10","noneSelected",400,80,400,,"IpFAbfDBgacaNA5nRzoYJQ/IcVdu5TBEvGEOKGMshXA=","qBekAeYD7Kwk15Nx0gP8YaLK4tvVZxs8",
"0c1d8c50-efe3-47bd-a737-51a070efc3dd","DEJU_015.basePlot.vst","2016-09-12","D19","DEJU","DEJU_015","distributed","woodyWetlands",63.874150,-145.741425,"WGS84",20.1,561833.31,7083600.25,"6N",522.1,0.1,"vst_DEJU_2016","NEON.DOC.000987vF",,,,,,,"1","noneSelected",400,8,400,,"UdgDjQtJX07DZeqMKH1Q7KfO+VF4a2jv","8ztuKrLr9oOTeiphr8PU4vtbSfFqLt1m",
"e84d3174-b1a9-4c1a-ad9a-7bc08b5d18dd","DEJU_017.basePlot.vst","2016-09-13","D19","DEJU","DEJU_017","distributed","evergreenForest",63.883388,-145.780721,"WGS84",20.1,559883.23,7084592.02,"6N",513.9,0.1,"vst_DEJU_2016","NEON.DOC.000987vF","Y",,"N",,"N",,"10","noneSelected",400,80,400,,"UdgDjQtJX07DZeqMKH1Q7KfO+VF4a2jv","qBekAeYD7Kwk15Nx0gP8YaLK4tvVZxs8",
"2380e8e0-e45a-481b-ac0c-4cd4a715633f","DEJU_006.basePlot.vst","2016-09-13","D19","DEJU","DEJU_006","distributed","evergreenForest",63.835171,-145.748058,"WGS84",20.1,561592.67,7079251.02,"6N",544.8,0.1,"vst_DEJU_2016","NEON.DOC.000987vF",,,,,,,"25","noneSelected",400,200,400,,"UdgDjQtJX07DZeqMKH1Q7KfO+VF4a2jv","qBekAeYD7Kwk15Nx0gP8YaLK4tvVZxs8",
"bb077996-0c7a-4a77-b042-f37a9e619705","DEJU_014.basePlot.vst","2016-09-13","D19","DEJU","DEJU_014","distributed","evergreenForest",63.831139,-145.747612,"WGS84",20.2,561623.42,7078802.23,"6N",544.3,0.2,"vst_DEJU_2016","NEON.DOC.000987vF",,,,,,,"10","noneSelected",400,80,400,,"IpFAbfDBgacaNA5nRzoYJQ/IcVdu5TBEvGEOKGMshXA=","8ztuKrLr9oOTeiphr8PU4vtbSfFqLt1m",
"64791c6e-0459-4819-adf0-bd9e90b01b96","DEJU_021.basePlot.vst","2016-09-14","D19","DEJU","DEJU_021","distributed","evergreenForest",63.860681,-145.742041,"WGS84",20.2,561832.64,7082099.01,"6N",551.6,0.2,"vst_DEJU_2016","NEON.DOC.000987vF","Y",,"Y",,"N",,"10","noneSelected",400,80,400,,"UdgDjQtJX07DZeqMKH1Q7KfO+VF4a2jv","qBekAeYD7Kwk15Nx0gP8YaLK4tvVZxs8",
"eb1f301f-47af-4141-b350-c02c2826ce6b","DEJU_002.basePlot.vst","2016-09-14","D19","DEJU","DEJU_002","distributed","shrubScrub",63.879623,-145.720429,"WGS84",20.1,562852.51,7084230.53,"6N",515.1,0.1,"vst_DEJU_2016","NEON.DOC.000987vF","Y",,"Y",,"N",,"10","noneSelected",400,80,400,,"IpFAbfDBgacaNA5nRzoYJQ/IcVdu5TBEvGEOKGMshXA=","8ztuKrLr9oOTeiphr8PU4vtbSfFqLt1m",
"43fa63ae-7dee-46e1-9f54-0da5d460b72f","DEJU_024.basePlot.vst","2016-09-15","D19","DEJU","DEJU_024","distributed","evergreenForest",63.887095,-145.774470,"WGS84",20.1,560182.28,7085010.92,"6N",504.9,0.1,"vst_DEJU_2016","NEON.DOC.000987vF","Y",,"N",,"N",,"10","noneSelected",400,80,400,,"IpFAbfDBgacaNA5nRzoYJQ/IcVdu5TBEvGEOKGMshXA=","qBekAeYD7Kwk15Nx0gP8YaLK4tvVZxs8",
"e83458d4-d4c2-4aef-9f0b-5b0122dd5270","DEJU_016.basePlot.vst","2016-09-15","D19","DEJU","DEJU_016","distributed","evergreenForest",63.857875,-145.759874,"WGS84",20.2,560962.25,7081769.23,"6N",574.4,0.2,"vst_DEJU_2016","NEON.DOC.000987vF","Y",,"Y",,"N",,"1","noneSelected",400,8,400,,"IpFAbfDBgacaNA5nRzoYJQ/IcVdu5TBEvGEOKGMshXA=","qBekAeYD7Kwk15Nx0gP8YaLK4tvVZxs8",
"d1e36c93-a31f-4710-8390-de9c6b1b2148","DEJU_009.basePlot.vst","2016-09-18","D19","DEJU","DEJU_009","distributed","evergreenForest",63.853315,-145.760668,"WGS84",20.1,560933.09,7081260.42,"6N",567.4,0.1,"vst_DEJU_2016","NEON.DOC.000987vF","Y",,"Y",,"N",,"10","noneSelected",400,80,400,,"IpFAbfDBgacaNA5nRzoYJQ/IcVdu5TBEvGEOKGMshXA=","qBekAeYD7Kwk15Nx0gP8YaLK4tvVZxs8",
"0fdecc66-8f67-4f3a-a614-75e010d99ce8","DEJU_018.basePlot.vst","2016-09-19","D19","DEJU","DEJU_018","distributed","evergreenForest",63.837932,-145.755235,"WGS84",20.1,561233.61,7079551.73,"6N",553.0,0.1,"vst_DEJU_2016","NEON.DOC.000987vF","Y",,"Y",,"N",,"10","noneSelected",400,80,400,,"UdgDjQtJX07DZeqMKH1Q7KfO+VF4a2jv","8ztuKrLr9oOTeiphr8PU4vtbSfFqLt1m",
"f0b870d7-4148-4e8e-9172-2e84038ac2d9","DEJU_020.basePlot.vst","2016-09-20","D19","DEJU","DEJU_020","distributed","woodyWetlands",63.845012,-145.733569,"WGS84",20.1,562283.66,7080361.50,"6N",534.6,0.1,"vst_DEJU_2016","NEON.DOC.000987vF","Y",,"Y",,"N",,"10","noneSelected",400,80,400,,"IpFAbfDBgacaNA5nRzoYJQ/IcVdu5TBEvGEOKGMshXA=","8ztuKrLr9oOTeiphr8PU4vtbSfFqLt1m",
