uid,namedLocation,date,domainID,siteID,plotID,plotType,nlcdClass,decimalLatitude,decimalLongitude,geodeticDatum,coordinateUncertainty,easting,northing,utmZone,elevation,elevationUncertainty,eventID,samplingProtocolVersion,treesPresent,treesAbsentList,shrubsPresent,shrubsAbsentList,lianasPresent,lianasAbsentList,nestedSubplotAreaShrubSapling,nestedSubplotAreaLiana,totalSampledAreaTrees,totalSampledAreaShrubSapling,totalSampledAreaLiana,remarks,measuredBy,recordedBy,dataQF
"7700e602-6ec9-4fc3-bcbd-ee7a4747fc03","TALL_003.basePlot.vst","2014-08-04","D08","TALL","TALL_003","distributed","mixedForest",32.893530,-87.415341,"WGS84",20.2,461153.90,3639560.24,"16N",122.8,0.2,"vst_TALL_2014","NEON.DOC.000987vD",,,,,,,"noneSelected","noneSelected",400,400,400,"No transcription errors found","4RA5KUKm8MAqlRb0ERCILw==",,"legacyData"
"d5fb560c-02d2-4734-a186-ac13bf7dd22d","TALL_012.basePlot.vst","2014-08-05","D08","TALL","TALL_012","distributed","mixedForest",32.919031,-87.397461,"WGS84",20.2,462836.85,3642380.82,"16N",138.6,0.2,"vst_TALL_2014","NEON.DOC.000987vD",,,,,,,"noneSelected","noneSelected",400,400,400,"No transcription errors found","gQQ1x6kdLD0hCSQmErv0BA==",,"legacyData"
"ac991f7c-9763-4c0f-ba4c-5aaf4f367a6c","TALL_009.basePlot.vst","2014-08-05","D08","TALL","TALL_009","distributed","evergreenForest",32.899796,-87.406679,"WGS84",20.2,461966.72,3640251.73,"16N",105.1,0.4,"vst_TALL_2014","NEON.DOC.000987vD",,,,,,,"25","noneSelected",400,200,400,"No transcription errors found","t7sySgyQt7gaGQ7jqVDbFA==",,"legacyData"
"a450c663-28d8-416a-bb28-4ae3008c55c7","TALL_005.basePlot.vst","2014-08-05","D08","TALL","TALL_005","distributed","mixedForest",32.897128,-87.397349,"WGS84",20.2,462838.17,3639952.63,"16N",119.9,0.2,"vst_TALL_2014","NEON.DOC.000987vD",,,,,,,"25","noneSelected",400,200,400,"No transcription errors found","gQQ1x6kdLD0hCSQmErv0BA==",,"legacyData"
"11b9e6b9-c77d-4934-b5f9-f9c4f2ed0e5e","TALL_004.basePlot.vst","2014-08-06","D08","TALL","TALL_004","distributed","evergreenForest",32.957884,-87.432613,"WGS84",20.1,459567.75,3646701.02,"16N",132.0,0.1,"vst_TALL_2014","NEON.DOC.000987vD",,,,,,,"10","noneSelected",400,80,400,"No transcription errors found","xGLaav61JvszIdtvJEdR0g==",,"legacyData"
"9aa8106d-d553-4088-b61e-faf68a9573ce","TALL_007.basePlot.vst","2014-08-07","D08","TALL","TALL_007","distributed","deciduousForest",32.974429,-87.426940,"WGS84",20.3,460105.39,3648533.05,"16N",82.5,0.3,"vst_TALL_2014","NEON.DOC.000987vD",,,,,,,"25","noneSelected",400,200,400,"No transcription errors found","F1V2c8tvJlHOw9u5cf0g/A==",,"legacyData"
"5086b49e-7e5e-45bd-aff3-17b0e3e5bfb0","TALL_010.basePlot.vst","2014-08-07","D08","TALL","TALL_010","distributed","deciduousForest",32.926832,-87.418701,"WGS84",20.2,460854.30,3643253.33,"16N",124.7,0.3,"vst_TALL_2014","NEON.DOC.000987vD",,,,,,,"25","noneSelected",400,200,400,"No transcription errors","RSPgZ4EbCAx7Z+7QmyZcSQ==",,"legacyData"
"d3bd8985-fe23-4091-b6c3-1eaa0dfebeaf","TALL_002.basePlot.vst","2014-08-08","D08","TALL","TALL_002","distributed","mixedForest",32.922158,-87.428893,"WGS84",20.2,459899.30,3642739.00,"16N",118.3,0.4,"vst_TALL_2014","NEON.DOC.000987vD",,,,,,,"25","noneSelected",400,200,400,"No transcription errors found","xGLaav61JvszIdtvJEdR0g==",,"legacyData"
"04e31962-e600-46ff-a31e-07ea7c773a48","TALL_015.basePlot.vst","2014-08-11","D08","TALL","TALL_015","distributed","deciduousForest",32.916736,-87.437880,"WGS84",20.3,459056.53,3642141.37,"16N",114.8,0.4,"vst_TALL_2014","NEON.DOC.000987vD",,,,,,,"noneSelected","noneSelected",400,400,400,"No transcription errors found","CZpLfGnK5rlNWpMoI7gNMw==",,"legacyData"
"b41ab3e0-0457-4c37-9827-3502990e5df2","TALL_022.basePlot.vst","2014-08-11","D08","TALL","TALL_022","distributed","deciduousForest",32.904174,-87.392253,"WGS84",20.2,463317.68,3640731.96,"16N",119.7,0.2,"vst_TALL_2014","NEON.DOC.000987vD",,,,,,,"noneSelected","noneSelected",400,400,400,"No transcription errors","F1V2c8tvJlHOw9u5cf0g/A==",,"legacyData"
"a163cb4f-c4fd-42eb-a18d-615b7e7c59a2","TALL_011.basePlot.vst","2014-08-12","D08","TALL","TALL_011","distributed","deciduousForest",32.956317,-87.410146,"WGS84",20.2,461666.87,3646518.90,"16N",83.7,0.3,"vst_TALL_2014","NEON.DOC.000987vD",,,,,,,"10","noneSelected",400,80,400,"No transcription errors","t7sySgyQt7gaGQ7jqVDbFA==",,"legacyData"
"d3c4176c-4b4b-4d31-b44f-176e37b94231","TALL_016.basePlot.vst","2014-08-12","D08","TALL","TALL_016","distributed","evergreenForest",32.970412,-87.415023,"WGS84",20.1,461217.21,3648083.26,"16N",105.0,0.2,"vst_TALL_2014","NEON.DOC.000987vD",,,,,,,"25","noneSelected",400,200,400,"No transcription errors","RSPgZ4EbCAx7Z+7QmyZcSQ==",,"legacyData"
"a8b1242e-23c9-4109-9d8a-4a9e629795e5","TALL_018.basePlot.vst","2014-08-13","D08","TALL","TALL_018","distributed","evergreenForest",32.916353,-87.389753,"WGS84",20.3,463556.47,3642081.25,"16N",129.6,0.6,"vst_TALL_2014","NEON.DOC.000987vD",,,,,,,"noneSelected","noneSelected",400,400,400,"No transcription errors","t7sySgyQt7gaGQ7jqVDbFA==",,"legacyData"
"98940886-5b9f-472b-b371-ca8e077a951f","TALL_006.basePlot.vst","2014-08-14","D08","TALL","TALL_006","distributed","evergreenForest",32.898843,-87.446128,"WGS84",20.3,458276.91,3640160.99,"16N",97.8,0.4,"vst_TALL_2014","NEON.DOC.000987vD",,,,,,,"25","noneSelected",400,200,400,"No transcription errors","0JtiNFwhnxvQnvzQuG9MqQ==",,"legacyData"
"558c636e-35f5-4866-96d0-6daa5b4ef2d4","TALL_013.basePlot.vst","2014-08-15","D08","TALL","TALL_013","distributed","evergreenForest",32.884749,-87.454396,"WGS84",20.1,457496.93,3638601.84,"16N",117.6,0.2,"vst_TALL_2014","NEON.DOC.000987vD",,,,,,,"10","noneSelected",400,80,400,"No transcription errors","xGLaav61JvszIdtvJEdR0g==",,"legacyData"
"a0302df1-0d68-4ac4-be75-4e48db8a953a","TALL_001.basePlot.vst","2014-08-18","D08","TALL","TALL_001","distributed","deciduousForest",32.977667,-87.432716,"WGS84",20.3,459567.14,3648894.22,"16N",98.6,0.4,"vst_TALL_2014","NEON.DOC.000987vD",,,,,,,"25","noneSelected",400,200,400,"No transcription errors","0JtiNFwhnxvQnvzQuG9MqQ==",,"legacyData"
"dfe1b0a1-b1a9-4cc4-80c3-4487b3e722f0","TALL_017.basePlot.vst","2014-08-19","D08","TALL","TALL_017","distributed","mixedForest",32.910055,-87.408651,"WGS84",20.1,461786.71,3641389.75,"16N",124.6,0.2,"vst_TALL_2014","NEON.DOC.000987vD",,,,,,,"noneSelected","noneSelected",400,400,400,"No transcription errors","gQQ1x6kdLD0hCSQmErv0BA==",,"legacyData"
"3936d35d-ee5f-4e1a-b48d-5ee2f27cee60","TALL_020.basePlot.vst","2014-08-19","D08","TALL","TALL_020","distributed","evergreenForest",32.955991,-87.426831,"WGS84",20.2,460107.29,3646488.95,"16N",126.2,0.2,"vst_TALL_2014","NEON.DOC.000987vD",,,,,,,"25","noneSelected",400,200,400,"No transcription errors","CZpLfGnK5rlNWpMoI7gNMw==",,"legacyData"
"37e93e2e-e064-4f81-b0f0-2ac857038f39","TALL_008.basePlot.vst","2014-08-26","D08","TALL","TALL_008","distributed","deciduousForest",32.921617,-87.433388,"WGS84",20.3,459478.78,3642680.74,"16N",113.0,0.3,"vst_TALL_2014","NEON.DOC.000987vD",,,,,,,"10","noneSelected",400,80,400,"No transcription errors","F1V2c8tvJlHOw9u5cf0g/A==",,"legacyData"
