uid,namedLocation,domainID,siteID,plotID,plotType,nlcdClass,decimalLatitude,decimalLongitude,geodeticDatum,coordinateUncertainty,elevation,elevationUncertainty,collectDate,eventID,sampleID,sampleCode,samplingMethod,totalSampledArea,targetTaxaPresent,adultCount,nymphCount,larvaCount,sampleCondition,samplingProtocolVersion,measuredBy,remarks
"bbce6a9a-0b0a-4923-ab1f-97080fa9a63b","DELA_008.tickPlot.tck","D08","DELA","DELA_008","distributed","woodyWetlands",32.538884,-87.814145,"WGS84",20.1,24.5,0.2,"2016-05-05T16:11Z","DELA.2016.18","DELA_008.20160505",,"drag and flag",160,"Y",0,1,0,"No known compromise","NEON.DOC.014045vG","0ygyTA3URVoNp+waZjN2Lu+zP0lNl3v9",
"604366c8-a843-44bd-8407-3feab7c508d8","DELA_016.tickPlot.tck","D08","DELA","DELA_016","distributed","evergreenForest",32.536850,-87.806995,"WGS84",20.2,23.6,0.3,"2016-05-05T18:25Z","DELA.2016.18","DELA_016.20160505",,"drag",130,"Y",2,0,0,"No known compromise","NEON.DOC.014045vG","ivIRHNyZLcsR/EGAdnc8sn41967l5+h5",
"7297412f-3375-4c88-a224-6b70a00b03cf","DELA_005.tickPlot.tck","D08","DELA","DELA_005","distributed","woodyWetlands",32.524379,-87.813851,"WGS84",20.1,27.0,0.3,"2016-05-05T19:15Z","DELA.2016.18",,,"drag",160,"N",0,0,0,"No known compromise","NEON.DOC.014045vG","LFtSQUzg3D5rM81pWhEN+hmbq2RanalI",
"b3efa0dc-f6f7-44f2-94c8-645f7daec673","DELA_014.tickPlot.tck","D08","DELA","DELA_014","distributed","evergreenForest",32.530627,-87.819367,"WGS84",20.2,33.0,0.2,"2016-05-05T20:00Z","DELA.2016.18",,,"drag",160,"N",0,0,0,"No known compromise","NEON.DOC.014045vG","LFtSQUzg3D5rM81pWhEN+hmbq2RanalI",
"5c2b9ada-e7bb-43ed-a575-7492cebb5c87","DELA_007.tickPlot.tck","D08","DELA","DELA_007","distributed","woodyWetlands",32.538957,-87.799922,"WGS84",20.2,25.7,0.2,"2016-05-23T13:54Z","DELA.2016.21",,,"drag and flag",114,"N",0,0,0,"No known compromise","NEON.DOC.014045vG","LFtSQUzg3D5rM81pWhEN+hmbq2RanalI",
"7b66aca1-ccf3-4786-a94a-c4ad28193765","DELA_005.tickPlot.tck","D08","DELA","DELA_005","distributed","woodyWetlands",32.524379,-87.813851,"WGS84",20.1,27.0,0.3,"2016-05-23T14:05Z","DELA.2016.21","DELA_005.20160523",,"drag and flag",170,"Y",0,1,0,"No known compromise","NEON.DOC.014045vG","ivIRHNyZLcsR/EGAdnc8sn41967l5+h5",
"bf1fbe62-8fd6-40bf-90b4-34b1562e4652","DELA_016.tickPlot.tck","D08","DELA","DELA_016","distributed","evergreenForest",32.536850,-87.806995,"WGS84",20.2,23.6,0.3,"2016-05-23T14:59Z","DELA.2016.21",,,"drag",160,"N",0,0,0,"No known compromise","NEON.DOC.014045vG","v7wRdnV1gD6DA7NUoRhtXNeAYtN2k0WN",
"f04c9df9-ef86-417a-a1df-b48e85e2e08b","DELA_014.tickPlot.tck","D08","DELA","DELA_014","distributed","evergreenForest",32.530627,-87.819367,"WGS84",20.2,33.0,0.2,"2016-05-23T15:17Z","DELA.2016.21","DELA_014.20160523",,"drag",165,"Y",0,1,0,"No known compromise","NEON.DOC.014045vG","Bw3luEmt/EBXrQHhVu/bZXxTa02TtXvY",
"fa1d6e9c-9de0-481a-b854-cef742783ef7","DELA_001.tickPlot.tck","D08","DELA","DELA_001","distributed","woodyWetlands",32.533269,-87.805425,"WGS84",20.2,27.5,0.3,"2016-05-23T15:52Z","DELA.2016.21","DELA_001.20160523",,"drag",80,"Y",1,0,0,"No known compromise","NEON.DOC.014045vG","LFtSQUzg3D5rM81pWhEN+hmbq2RanalI",
"41dc8cba-e26c-47b2-bc41-ec7a3a757802","DELA_008.tickPlot.tck","D08","DELA","DELA_008","distributed","woodyWetlands",32.538884,-87.814145,"WGS84",20.1,24.5,0.2,"2016-05-23T16:25Z","DELA.2016.21",,,"drag and flag",165,"N",0,0,0,"No known compromise","NEON.DOC.014045vG","Bw3luEmt/EBXrQHhVu/bZXxTa02TtXvY",
