uid,namedLocation,plotID,collectDate,identifiedDate,sampleID,subsampleID,scientificName,acceptedTaxonID,taxonRank,family,subfamily,tribe,subtribe,genus,subgenus,specificEpithet,infraspecificEpithet,identificationQualifier,identificationReferences,identificationProtocolVersion,scientificNameAuthorship,sexOrAge,individualCount,sampleCondition,archiveMedium,archiveFacilityID,deprecatedVialID,identifiedBy,laboratoryName,remarks
"f6001bab-e150-4f47-8106-ac14073120f1","DELA_008.tickPlot.tck","DELA_008","2016-05-05T16:11Z","2017-06-01T16:00Z","DELA_008.20160505","DELA_008.20160505.AMBAME.N","Amblyomma americanum","AMBAME","species","Ixodidae",,,,"Amblyomma",,"americanum",,,"Cooley, R. A. and G. M. Kohls. 1944. The genus Amblyomma (ixodidae) in the United States. The Journal of Parasitology, 30(2):77-111.","GSU_tickIdentification_SOP_2016-11-01.pdf","Linnaeus","Nymph",1,"OK","RNA stabilization buffer","USNMENT00984357","DELA_008.20160505.01.AMBAME.N","Lorenza Beati","Georgia Southern University",
"5fc44a78-276d-44b4-a829-d5183d885d02","DELA_016.tickPlot.tck","DELA_016","2016-05-05T18:25Z","2017-06-01T16:00Z","DELA_016.20160505","DELA_016.20160505.AMBAME.M","Amblyomma americanum","AMBAME","species","Ixodidae",,,,"Amblyomma",,"americanum",,,"Cooley, R. A. and G. M. Kohls. 1944. The genus Amblyomma (ixodidae) in the United States. The Journal of Parasitology, 30(2):77-111.","GSU_tickIdentification_SOP_2016-11-01.pdf","Linnaeus","Male",2,"OK","RNA stabilization buffer","USNMENT00984356","DELA_016.20160505.01.AMBAME.M","Lorenza Beati","Georgia Southern University",
"c25f175f-6c08-49f3-9e1d-9c79a76e4dc7","DELA_014.tickPlot.tck","DELA_014","2016-05-23T15:17Z","2017-06-01T16:00Z","DELA_014.20160523","DELA_014.20160523.AMBAME.N","Amblyomma americanum","AMBAME","species","Ixodidae",,,,"Amblyomma",,"americanum",,,"Cooley, R. A. and G. M. Kohls. 1944. The genus Amblyomma (ixodidae) in the United States. The Journal of Parasitology, 30(2):77-111.","GSU_tickIdentification_SOP_2016-11-01.pdf","Linnaeus","Nymph",1,"OK","RNA stabilization buffer","USNMENT00984354","DELA_014.20160523.01.AMBAME.N","Lorenza Beati","Georgia Southern University",
"82e3713a-845b-44a7-9489-658588859ca5","DELA_001.tickPlot.tck","DELA_001","2016-05-23T15:52Z","2017-06-01T16:00Z","DELA_001.20160523","DELA_001.20160523.AMBAME.F","Amblyomma americanum","AMBAME","species","Ixodidae",,,,"Amblyomma",,"americanum",,,"Cooley, R. A. and G. M. Kohls. 1944. The genus Amblyomma (ixodidae) in the United States. The Journal of Parasitology, 30(2):77-111.","GSU_tickIdentification_SOP_2016-11-01.pdf","Linnaeus","Female",1,"OK","RNA stabilization buffer","USNMENT00984352","DELA_001.20160523.01.AMBAME.F","Lorenza Beati","Georgia Southern University",
