uid,namedLocation,domainID,siteID,plotID,plotType,nlcdClass,decimalLatitude,decimalLongitude,geodeticDatum,coordinateUncertainty,elevation,elevationUncertainty,collectDate,eventID,sampleID,sampleCode,samplingMethod,totalSampledArea,targetTaxaPresent,adultCount,nymphCount,larvaCount,sampleCondition,samplingProtocolVersion,measuredBy,remarks
"280a3a24-04a2-42b9-9f8a-296d88865235","MOAB_005.tickPlot.tck","D13","MOAB","MOAB_005","distributed","shrubScrub",38.210851,-109.402026,"WGS84",20.1,1763.5,0.1,"2018-05-03T18:49Z","MOAB.2018.18",,,"drag and flag",160,"N",0,0,0,,"NEON.DOC.014045vJ","wZHtOqaqtZlqgJsyhA9Al7PULfNbpd9QkQwIml/uQxQ=",
"4d6dc9ca-09a6-414b-8eb5-17ace5584e88","MOAB_002.tickPlot.tck","D13","MOAB","MOAB_002","distributed","shrubScrub",38.211659,-109.413380,"WGS84",20.1,1770.3,0.1,"2018-05-03T19:48Z","MOAB.2018.18",,,"drag and flag",160,"N",0,0,0,,"NEON.DOC.014045vJ","wZHtOqaqtZlqgJsyhA9Al7PULfNbpd9QkQwIml/uQxQ=",
"d8fe223e-362e-474c-ba45-23d56624df64","MOAB_006.tickPlot.tck","D13","MOAB","MOAB_006","distributed","shrubScrub",38.235080,-109.406067,"WGS84",20.1,1759.8,0.1,"2018-05-03T20:46Z","MOAB.2018.18",,,"drag and flag",160,"N",0,0,0,,"NEON.DOC.014045vJ","wZHtOqaqtZlqgJsyhA9Al7PULfNbpd9QkQwIml/uQxQ=",
"171c92cd-fee9-4b36-ad8e-ea9109b1e3e5","MOAB_004.tickPlot.tck","D13","MOAB","MOAB_004","distributed","shrubScrub",38.234505,-109.398111,"WGS84",20.1,1763.9,0.1,"2018-05-03T21:22Z","MOAB.2018.18",,,"drag and flag",160,"N",0,0,0,,"NEON.DOC.014045vJ","MO01YutZZxkP+xObSuuMirjbB114kc+9DCzukz8AcNM=",
"b75575e3-dd49-4c52-af18-85dc0e85a3a4","MOAB_001.tickPlot.tck","D13","MOAB","MOAB_001","distributed","shrubScrub",38.258888,-109.413897,"WGS84",20.1,1804.0,0.1,"2018-05-03T22:27Z","MOAB.2018.18",,,"drag and flag",160,"N",0,0,0,,"NEON.DOC.014045vJ","wZHtOqaqtZlqgJsyhA9Al7PULfNbpd9QkQwIml/uQxQ=",
"7084c67f-b7a9-406a-ad0e-33b42816b01a","MOAB_003.tickPlot.tck","D13","MOAB","MOAB_003","distributed","evergreenForest",38.261626,-109.347802,"WGS84",20.2,2013.4,0.5,"2018-05-04T14:54Z","MOAB.2018.18",,,"drag and flag",166,"N",0,0,0,,"NEON.DOC.014045vJ","wZHtOqaqtZlqgJsyhA9Al7PULfNbpd9QkQwIml/uQxQ=",
