uid,namedLocation,plotID,collectDate,identifiedDate,sampleID,subsampleID,scientificName,acceptedTaxonID,taxonRank,family,subfamily,tribe,subtribe,genus,subgenus,specificEpithet,infraspecificEpithet,identificationQualifier,identificationReferences,identificationProtocolVersion,scientificNameAuthorship,sexOrAge,individualCount,sampleCondition,archiveMedium,archiveFacilityID,deprecatedVialID,identifiedBy,laboratoryName,remarks
"dd638a37-7652-4d98-b993-0bbcdeaab0e1","KONZ_002.tickPlot.tck","KONZ_002","2017-07-10T14:55Z","2017-12-20T17:00Z","KONZ_002.20170710","KONZ_002.20170710.DERVAR.F","Dermacentor variabilis","DERVAR","species","Ixodidae",,,,"Dermacentor",,"variabilis",,,"Yunker, C. E., Keirans, J. E., Clifford, C. M., and E. R. Easton. 1986. Dermacentor ticks (Acari: Ixodoidea: Ixodidae) of the New World: a scanning electron microscope atlas. Proceedings of the Entomological Society of Washington, 88(4):609-627.","GSU_tickIdentification_SOP_2016-11-01.pdf","Say","Female",1,"OK","90% ethanol","1358689","KONZ_002.20170710.DERVAR.F","Lorenza Beati","Georgia Southern University","TO PAULA"
"2307c66b-80db-4349-ae7f-234b9939d5ca","KONZ_004.tickPlot.tck","KONZ_004","2017-07-10T16:05Z","2017-12-20T17:00Z","KONZ_004.20170710","KONZ_004.20170710.DERVAR.M","Dermacentor variabilis","DERVAR","species","Ixodidae",,,,"Dermacentor",,"variabilis",,,"Yunker, C. E., Keirans, J. E., Clifford, C. M., and E. R. Easton. 1986. Dermacentor ticks (Acari: Ixodoidea: Ixodidae) of the New World: a scanning electron microscope atlas. Proceedings of the Entomological Society of Washington, 88(4):609-627.","GSU_tickIdentification_SOP_2016-11-01.pdf","Say","Male",1,"OK","90% ethanol","1358690","KONZ_004.20170710.DERVAR.M","Lorenza Beati","Georgia Southern University","TO PAULA"
"ec26d7c4-f938-47d1-b8a6-b97324024563","KONZ_007.tickPlot.tck","KONZ_007","2017-07-10T16:35Z","2017-12-20T17:00Z","KONZ_007.20170710","KONZ_007.20170710.AMBMAC.F","Amblyomma maculatum","AMBMAC","species","Ixodidae",,,,"Amblyomma",,"maculatum",,,"Cooley, R. A. and G. M. Kohls. 1944. The genus Amblyomma (ixodidae) in the United States. The Journal of Parasitology, 30(2):77-111.","GSU_tickIdentification_SOP_2016-11-01.pdf","Koch","Female",1,"OK","90% ethanol","1358691","KONZ_007.20170710.AMBMAC.F","Lorenza Beati","Georgia Southern University",
"f3bcd405-c7e5-4523-9d9e-7e45100bd35c","KONZ_001.tickPlot.tck","KONZ_001","2017-07-10T17:36Z","2017-12-20T17:00Z","KONZ_001.20170710","KONZ_001.20170710.AMBAME.N","Amblyomma americanum","AMBAME","species","Ixodidae",,,,"Amblyomma",,"americanum",,,"Cooley, R. A. and G. M. Kohls. 1944. The genus Amblyomma (ixodidae) in the United States. The Journal of Parasitology, 30(2):77-111.","GSU_tickIdentification_SOP_2016-11-01.pdf","Linnaeus","Nymph",1,"OK","90% ethanol","1358692","KONZ_001.20170710.AMBAME.N","Lorenza Beati","Georgia Southern University",
"6c264797-c51a-474a-b85e-978dc68ec6af","KONZ_025.tickPlot.tck","KONZ_025","2017-07-10T18:50Z","2017-12-26T17:00Z","KONZ_025.20170710","KONZ_025.20170710.AMBAME.N","Amblyomma americanum","AMBAME","species","Ixodidae",,,,"Amblyomma",,"americanum",,,"Cooley, R. A. and G. M. Kohls. 1944. The genus Amblyomma (ixodidae) in the United States. The Journal of Parasitology, 30(2):77-111.","GSU_tickIdentification_SOP_2016-11-01.pdf","Linnaeus","Nymph",3,"OK","90% ethanol","1358697","KONZ_025.20170710.AMBAME.N","Lorenza Beati","Georgia Southern University",
"ecfbf4cf-868b-4dbf-b26b-13437161c340","KONZ_009.tickPlot.tck","KONZ_009","2017-07-10T19:47Z","2017-12-26T17:00Z","KONZ_009.20170710","KONZ_009.20170710.AMBAME.N","Amblyomma americanum","AMBAME","species","Ixodidae",,,,"Amblyomma",,"americanum",,,"Cooley, R. A. and G. M. Kohls. 1944. The genus Amblyomma (ixodidae) in the United States. The Journal of Parasitology, 30(2):77-111.","GSU_tickIdentification_SOP_2016-11-01.pdf","Linnaeus","Nymph",1,"OK","90% ethanol","1358696","KONZ_009.20170710.AMBAME.N","Lorenza Beati","Georgia Southern University",
