uid,namedLocation,domainID,siteID,plotID,plotType,nlcdClass,decimalLatitude,decimalLongitude,geodeticDatum,coordinateUncertainty,elevation,elevationUncertainty,collectDate,eventID,sampleID,sampleCode,samplingMethod,totalSampledArea,targetTaxaPresent,adultCount,nymphCount,larvaCount,sampleCondition,samplingProtocolVersion,measuredBy,remarks
"2a255840-706f-40b2-9ca3-09b728a98bff","KONZ_002.tickPlot.tck","D06","KONZ","KONZ_002","distributed","grasslandHerbaceous",39.118977,-96.547146,"WGS84",20.0,394.4,0.0,"2017-07-10T14:55Z","KONZ.2017.29","KONZ_002.20170710",,"drag and flag",160,"Y",1,0,0,"No known compromise","NEON.DOC.014045vH","sYrV+BI+v9kHEwoFL57IDVz9AwQUWLqs",
"ae685765-0344-4487-b2c9-019e36dfa2fb","KONZ_004.tickPlot.tck","D06","KONZ","KONZ_004","distributed","grasslandHerbaceous",39.109647,-96.551370,"WGS84",20.0,371.9,0.0,"2017-07-10T16:05Z","KONZ.2017.29","KONZ_004.20170710",,"drag",160,"Y",1,0,0,"No known compromise","NEON.DOC.014045vH","kkbwkCoDsA6KGEHVdDf/jWkh+6A9lNBAX0snNK7CGzQ=",
"c8c0e1c3-12c4-42a7-9fcd-68e1b58ae2a7","KONZ_007.tickPlot.tck","D06","KONZ","KONZ_007","distributed","grasslandHerbaceous",39.087937,-96.545919,"WGS84",20.1,434.0,0.1,"2017-07-10T16:35Z","KONZ.2017.29","KONZ_007.20170710",,"drag and flag",160,"Y",1,0,0,"No known compromise","NEON.DOC.014045vH","sYrV+BI+v9kHEwoFL57IDVz9AwQUWLqs",
"feed93dc-1ba3-47b0-9854-92923677033e","KONZ_001.tickPlot.tck","D06","KONZ","KONZ_001","distributed","grasslandHerbaceous",39.074114,-96.557107,"WGS84",20.0,423.7,0.0,"2017-07-10T17:36Z","KONZ.2017.29","KONZ_001.20170710",,"drag",160,"Y",0,1,0,"No known compromise","NEON.DOC.014045vH","kkbwkCoDsA6KGEHVdDf/jWkh+6A9lNBAX0snNK7CGzQ=",
"929527b7-f917-4ffc-99df-b324b765600a","KONZ_025.tickPlot.tck","D06","KONZ","KONZ_025","distributed","deciduousForest",39.103714,-96.597832,"WGS84",20.1,337.3,0.1,"2017-07-10T18:50Z","KONZ.2017.29","KONZ_025.20170710",,"drag",160,"Y",0,3,0,"Tick count estimated (error and instar specified in remarks)","NEON.DOC.014045vH","kkbwkCoDsA6KGEHVdDf/jWkh+6A9lNBAX0snNK7CGzQ=","Nymph tick escaped"
"b62a9b39-d81b-4886-9e9f-288fbf6276a1","KONZ_009.tickPlot.tck","D06","KONZ","KONZ_009","distributed","grasslandHerbaceous",39.107902,-96.584438,"WGS84",20.1,391.9,0.1,"2017-07-10T19:47Z","KONZ.2017.29","KONZ_009.20170710",,"drag",160,"Y",0,1,0,"No known compromise","NEON.DOC.014045vH","kkbwkCoDsA6KGEHVdDf/jWkh+6A9lNBAX0snNK7CGzQ=",
