uid,namedLocation,domainID,siteID,plotID,plotType,nlcdClass,decimalLatitude,decimalLongitude,geodeticDatum,coordinateUncertainty,elevation,elevationUncertainty,collectDate,eventID,sampleID,sampleCode,samplingMethod,totalSampledArea,targetTaxaPresent,adultCount,nymphCount,larvaCount,sampleCondition,samplingProtocolVersion,measuredBy,remarks
"452cba3f-d831-4114-b096-f76c1624bd37","CLBJ_034.tickPlot.tck","D11","CLBJ","CLBJ_034","distributed","grasslandHerbaceous",33.320090,-97.578537,"WGS84",20.0,325.2,0.0,"2017-04-03T14:10Z","CLBJ.2017.14",,,"drag",140,"N",0,0,0,"No known compromise","NEON.DOC.014045vG","IjazmSQBojWK8GwK3uYgHEOxqS1i0b6w","Deviated due to trees and water"
"bd8dc459-6147-4299-a110-0bbc529ac5f9","CLBJ_036.tickPlot.tck","D11","CLBJ","CLBJ_036","distributed","grasslandHerbaceous",33.396494,-97.580919,"WGS84",20.1,289.5,0.1,"2017-04-05T15:20Z","CLBJ.2017.14",,,"drag",160,"N",0,0,0,"No known compromise","NEON.DOC.014045vG","IjazmSQBojWK8GwK3uYgHEOxqS1i0b6w","One day delay due to plot being wet."
"a00001f0-6cc2-4940-9dcb-201dc7364902","CLBJ_032.tickPlot.tck","D11","CLBJ","CLBJ_032","distributed","grasslandHerbaceous",33.405176,-97.595129,"WGS84",20.1,294.7,0.1,"2017-04-05T16:28Z","CLBJ.2017.14",,,"drag",157,"N",0,0,0,"No known compromise","NEON.DOC.014045vG","IjazmSQBojWK8GwK3uYgHEOxqS1i0b6w","One day delay due to plot being wet. West side short due to marker placement."
"cf3bd568-fbdb-4f6c-b8ad-75a3ff3fd5a9","CLBJ_043.tickPlot.tck","D11","CLBJ","CLBJ_043","distributed","deciduousForest",33.410406,-97.593713,"WGS84",20.1,285.9,0.1,"2017-04-05T17:30Z","CLBJ.2017.14",,,"drag and flag",152,"N",0,0,0,"No known compromise","NEON.DOC.014045vG","IjazmSQBojWK8GwK3uYgHEOxqS1i0b6w","One day delay due to plot being wet. E cut out 5m. N cut out 4m. Deviated due to trees."
"c0058925-7b8f-47d0-ab42-926c345fea1d","CLBJ_033.tickPlot.tck","D11","CLBJ","CLBJ_033","distributed","deciduousForest",33.382288,-97.619783,"WGS84",20.1,305.5,0.1,"2017-04-05T18:57Z","CLBJ.2017.14","CLBJ_033.20170405",,"drag and flag",150,"Y",1,0,0,"No known compromise","NEON.DOC.014045vG","IjazmSQBojWK8GwK3uYgHEOxqS1i0b6w","One day delay due to plot being wet. W cut out 3m. N cut out 5m. E cut out 2m. Deviated due to trees."
"0a5a2c1a-4d19-4abb-9473-6ad8d4f0c86c","CLBJ_040.tickPlot.tck","D11","CLBJ","CLBJ_040","distributed","deciduousForest",33.377571,-97.647238,"WGS84",20.1,328.9,0.1,"2017-04-05T20:20Z","CLBJ.2017.14",,,"drag and flag",129,"N",0,0,0,"No known compromise","NEON.DOC.014045vG","IjazmSQBojWK8GwK3uYgHEOxqS1i0b6w","One day delay due to plot being wet. S cut out 28m. W cut out 1 m due to trees."
"1ca52d1f-28de-4beb-b803-aedca34aea52","CLBJ_034.tickPlot.tck","D11","CLBJ","CLBJ_034","distributed","grasslandHerbaceous",33.320090,-97.578537,"WGS84",20.0,325.2,0.0,"2017-04-27T17:12Z","CLBJ.2017.18",,,"drag",160,"N",0,0,0,"No known compromise","NEON.DOC.014045vH","pJU2tjLFj6PM4bhwccx2P2/Oc62f5GDMsKvQqg+Zndw=",
"881e348c-1f6d-4eeb-b63d-84a56479b2cb","CLBJ_032.tickPlot.tck","D11","CLBJ","CLBJ_032","distributed","grasslandHerbaceous",33.405176,-97.595129,"WGS84",20.1,294.7,0.1,"2017-04-27T17:41Z","CLBJ.2017.18",,,"drag and flag",160,"N",0,0,0,"No known compromise","NEON.DOC.014045vH","DnExppeBSGwHWFomryyva3jhfkB2KN20xKJIdisKyiE=","Deviated around tree"
"f6bf5c09-5c76-4147-b3cd-2fad82dae00c","CLBJ_040.tickPlot.tck","D11","CLBJ","CLBJ_040","distributed","deciduousForest",33.377571,-97.647238,"WGS84",20.1,328.9,0.1,"2017-04-27T18:18Z","CLBJ.2017.18","CLBJ_040.20170427",,"drag and flag",190,"Y",1,0,0,"No known compromise","NEON.DOC.014045vH","pJU2tjLFj6PM4bhwccx2P2/Oc62f5GDMsKvQqg+Zndw=","Deviated due to dense green briar"
"cb61d141-4d08-4ce1-b48a-209969ffa391","CLBJ_043.tickPlot.tck","D11","CLBJ","CLBJ_043","distributed","deciduousForest",33.410406,-97.593713,"WGS84",20.1,285.9,0.1,"2017-04-27T18:23Z","CLBJ.2017.18",,,"drag and flag",178,"N",0,0,0,"No known compromise","NEON.DOC.014045vH","DnExppeBSGwHWFomryyva3jhfkB2KN20xKJIdisKyiE=","Deviated due to trees"
"8580c68b-0cd6-40e0-aa4c-3cd62742fd2d","CLBJ_033.tickPlot.tck","D11","CLBJ","CLBJ_033","distributed","deciduousForest",33.382288,-97.619783,"WGS84",20.1,305.5,0.1,"2017-04-27T19:10Z","CLBJ.2017.18",,,"drag and flag",140,"N",0,0,0,"No known compromise","NEON.DOC.014045vH","8oBGJXNLkaAAFE1nw09DzI5VcrXP1nOx4bDlPvMWkW4=","Deviated due to dense vegetation"
