uid,namedLocation,date,eventID,domainID,siteID,plotID,subplotID,individualID,tagStatus,growthForm,plantStatus,stemDiameter,measurementHeight,height,baseCrownHeight,breakHeight,breakDiameter,maxCrownDiameter,ninetyCrownDiameter,canopyPosition,shape,basalStemDiameter,basalStemDiameterMsrmntHeight,maxBaseCrownDiameter,ninetyBaseCrownDiameter,remarks,recordedBy,measuredBy,dataQF
"2c0c78cf-ac86-4745-8550-49fd14021075","HARV_035.basePlot.vst","2015-08-21","vst_HARV_2015","D01","HARV","HARV_035",,"NEON.PLA.D01.HARV.04077",,,"Live",10.2,130,12.1,,,,,,"Mostly shaded",,,,,,,"xYAz/hoNa4beHeF8Co82eF9aIjZ5mOeG","FXeeUI9aIn8X0VAR1BEIFKA+Tv3GsCYT","legacyData"
"b6b998a5-9c76-433e-bdbd-3870d9ad92bf","HARV_035.basePlot.vst","2015-08-21","vst_HARV_2015","D01","HARV","HARV_035",,"NEON.PLA.D01.HARV.04817",,,"Live",15.3,130,14.4,,,,,,"Partially shaded",,,,,,,"TGKMhzhi7g/a3bvt0kxQ5Ajc+R5AWqx2","xYAz/hoNa4beHeF8Co82eF9aIjZ5mOeG","legacyData"
"5366fcc8-9f74-4378-8fcf-1934fb6f710c","HARV_035.basePlot.vst","2015-08-21","vst_HARV_2015","D01","HARV","HARV_035",,"NEON.PLA.D01.HARV.02356",,,"Live, disease damaged",5.4,130,3.2,,,,,,,,,,,,,"TGKMhzhi7g/a3bvt0kxQ5Ajc+R5AWqx2","xYAz/hoNa4beHeF8Co82eF9aIjZ5mOeG","legacyData"
"d0e1a9c6-d396-4fc3-a2b0-79e128f55a95","HARV_035.basePlot.vst","2015-08-21","vst_HARV_2015","D01","HARV","HARV_035",,"NEON.PLA.D01.HARV.04551",,,"Live",14.8,130,12.9,,,,,,"Partially shaded",,,,,,,"xYAz/hoNa4beHeF8Co82eF9aIjZ5mOeG","FXeeUI9aIn8X0VAR1BEIFKA+Tv3GsCYT","legacyData"
"e3c6e075-c13f-40d9-b893-f7ac870a627b","HARV_035.basePlot.vst","2015-08-21","vst_HARV_2015","D01","HARV","HARV_035",,"NEON.PLA.D01.HARV.04550",,,"Live",12.7,130,12.1,,,,,,"Partially shaded",,,,,,,"xYAz/hoNa4beHeF8Co82eF9aIjZ5mOeG","FXeeUI9aIn8X0VAR1BEIFKA+Tv3GsCYT","legacyData"
"0be01342-9aea-49e7-a48c-7ac41b93bbe3","HARV_035.basePlot.vst","2015-08-21","vst_HARV_2015","D01","HARV","HARV_035",,"NEON.PLA.D01.HARV.04662",,,"Live, disease damaged",2.1,10,1.3,,,,,,,,,,,,,"xYAz/hoNa4beHeF8Co82eF9aIjZ5mOeG","FXeeUI9aIn8X0VAR1BEIFKA+Tv3GsCYT","legacyData"
"62655b2d-88d0-4f55-acc6-39db904653f4","HARV_035.basePlot.vst","2015-08-21","vst_HARV_2015","D01","HARV","HARV_035",,"NEON.PLA.D01.HARV.04538",,,"Standing dead",12.3,130,9.8,,,,,,"Mostly shaded",,,,,,,"xYAz/hoNa4beHeF8Co82eF9aIjZ5mOeG","FXeeUI9aIn8X0VAR1BEIFKA+Tv3GsCYT","legacyData"
"fad3ef81-e6ca-410c-af97-1f86217f0e7c","HARV_035.basePlot.vst","2015-08-21","vst_HARV_2015","D01","HARV","HARV_035",,"NEON.PLA.D01.HARV.04671",,,"Live, disease damaged",2.9,130,2.8,,,,,,,,,,,,,"xYAz/hoNa4beHeF8Co82eF9aIjZ5mOeG","FXeeUI9aIn8X0VAR1BEIFKA+Tv3GsCYT","legacyData"
"eb2f8d9b-b203-49f0-bc28-adc1b87a71ac","HARV_035.basePlot.vst","2015-08-21","vst_HARV_2015","D01","HARV","HARV_035",,"NEON.PLA.D01.HARV.04812",,,"Standing dead",23.2,130,7.4,,,,,,,,,,,,,"TGKMhzhi7g/a3bvt0kxQ5Ajc+R5AWqx2","xYAz/hoNa4beHeF8Co82eF9aIjZ5mOeG","legacyData"
"39ecceff-2c8b-47fe-b2a2-abe71d7736de","HARV_035.basePlot.vst","2015-08-21","vst_HARV_2015","D01","HARV","HARV_035",,"NEON.PLA.D01.HARV.04085",,,"Live, disease damaged",22.0,130,14.4,,,,,,"Partially shaded",,,,,,,"TGKMhzhi7g/a3bvt0kxQ5Ajc+R5AWqx2","xYAz/hoNa4beHeF8Co82eF9aIjZ5mOeG","legacyData"
"a7ca1ed7-6f06-4d7e-880e-181b63f64d88","HARV_035.basePlot.vst","2015-08-21","vst_HARV_2015","D01","HARV","HARV_035",,"NEON.PLA.D01.HARV.04673",,,"Live, disease damaged",3.3,10,0.9,,,,,,,,,,,,,"xYAz/hoNa4beHeF8Co82eF9aIjZ5mOeG","FXeeUI9aIn8X0VAR1BEIFKA+Tv3GsCYT","legacyData"
"cd45c853-1be0-4c8c-9521-ee8dea4319f4","HARV_035.basePlot.vst","2015-08-21","vst_HARV_2015","D01","HARV","HARV_035",,"NEON.PLA.D01.HARV.01815",,,"Live",15.8,130,15.4,,,,,,"Partially shaded",,,,,,,"TGKMhzhi7g/a3bvt0kxQ5Ajc+R5AWqx2","xYAz/hoNa4beHeF8Co82eF9aIjZ5mOeG","legacyData"
"3b7cbe8d-b28e-4bef-8633-ded01b1365ca","HARV_035.basePlot.vst","2015-08-21","vst_HARV_2015","D01","HARV","HARV_035",,"NEON.PLA.D01.HARV.02357",,,"Live, disease damaged",1.5,130,2.0,,,,,,,,,,,,,"TGKMhzhi7g/a3bvt0kxQ5Ajc+R5AWqx2","xYAz/hoNa4beHeF8Co82eF9aIjZ5mOeG","legacyData"
"6e3b1e66-1d09-4314-9407-b3c80b1461cb","HARV_035.basePlot.vst","2015-08-21","vst_HARV_2015","D01","HARV","HARV_035",,"NEON.PLA.D01.HARV.04693",,,"Live, disease damaged",2.7,130,3.1,,,,,,,,,,,,,"xYAz/hoNa4beHeF8Co82eF9aIjZ5mOeG","FXeeUI9aIn8X0VAR1BEIFKA+Tv3GsCYT","legacyData"
"d22067ec-a93b-40cb-bd2d-207521897cde","HARV_035.basePlot.vst","2015-08-21","vst_HARV_2015","D01","HARV","HARV_035",,"NEON.PLA.D01.HARV.01424",,,"Live, disease damaged",22.2,130,14.4,,,,,,"Partially shaded",,,,,,,"TGKMhzhi7g/a3bvt0kxQ5Ajc+R5AWqx2","xYAz/hoNa4beHeF8Co82eF9aIjZ5mOeG","legacyData"
"141b0dca-0e97-4751-bc65-4b09a307361e","HARV_035.basePlot.vst","2015-08-21","vst_HARV_2015","D01","HARV","HARV_035",,"NEON.PLA.D01.HARV.02359",,,"Live, disease damaged",5.1,130,4.1,,,,,,,,,,,,,"TGKMhzhi7g/a3bvt0kxQ5Ajc+R5AWqx2","xYAz/hoNa4beHeF8Co82eF9aIjZ5mOeG","legacyData"
"f1a5b7cf-afdd-40ff-aaf2-91fb0d893aaa","HARV_035.basePlot.vst","2015-08-21","vst_HARV_2015","D01","HARV","HARV_035",,"NEON.PLA.D01.HARV.04081",,,"Live",11.7,130,10.6,,,,,,"Mostly shaded",,,,,,,"TGKMhzhi7g/a3bvt0kxQ5Ajc+R5AWqx2","xYAz/hoNa4beHeF8Co82eF9aIjZ5mOeG","legacyData"
"5028f71e-76e4-4d3f-8640-fb9e50bdefad","HARV_035.basePlot.vst","2015-08-21","vst_HARV_2015","D01","HARV","HARV_035",,"NEON.PLA.D01.HARV.04075",,,"Live, disease damaged",12.8,130,8.3,,,,,,"Mostly shaded",,,,,,,"xYAz/hoNa4beHeF8Co82eF9aIjZ5mOeG","FXeeUI9aIn8X0VAR1BEIFKA+Tv3GsCYT","legacyData"
"d4fb9f01-a6ec-41b3-baba-c5c28c231899","HARV_035.basePlot.vst","2015-08-21","vst_HARV_2015","D01","HARV","HARV_035",,"NEON.PLA.D01.HARV.04584",,,"Live",3.5,130,4.1,,,,,,,,,,,,,"TGKMhzhi7g/a3bvt0kxQ5Ajc+R5AWqx2","xYAz/hoNa4beHeF8Co82eF9aIjZ5mOeG","legacyData"
"3213cf2e-ae67-46fa-8938-490fc5f57808","HARV_035.basePlot.vst","2015-08-21","vst_HARV_2015","D01","HARV","HARV_035",,"NEON.PLA.D01.HARV.04557",,,"Live, disease damaged",16.0,130,10.9,,,,,,"Mostly shaded",,,,,,,"xYAz/hoNa4beHeF8Co82eF9aIjZ5mOeG","FXeeUI9aIn8X0VAR1BEIFKA+Tv3GsCYT","legacyData"
"fb53fcf2-1834-462d-bf93-40b5b12f2e16","HARV_035.basePlot.vst","2015-08-21","vst_HARV_2015","D01","HARV","HARV_035",,"NEON.PLA.D01.HARV.04583",,,"Standing dead",9.1,130,4.0,,,,,,,,,,,,,"TGKMhzhi7g/a3bvt0kxQ5Ajc+R5AWqx2","xYAz/hoNa4beHeF8Co82eF9aIjZ5mOeG","legacyData"
"24285b96-3475-4b28-bee9-afb9e1fd6632","HARV_035.basePlot.vst","2015-08-21","vst_HARV_2015","D01","HARV","HARV_035",,"NEON.PLA.D01.HARV.04091",,,"Live",15.0,130,14.4,,,,,,"Partially shaded",,,,,,,"TGKMhzhi7g/a3bvt0kxQ5Ajc+R5AWqx2","xYAz/hoNa4beHeF8Co82eF9aIjZ5mOeG","legacyData"
"e1138877-9b77-419a-8060-2b87ce72d292","HARV_035.basePlot.vst","2015-08-21","vst_HARV_2015","D01","HARV","HARV_035",,"NEON.PLA.D01.HARV.04559",,,"Live, disease damaged",16.7,130,10.6,,,,,,"Mostly shaded",,,,,,,"xYAz/hoNa4beHeF8Co82eF9aIjZ5mOeG","FXeeUI9aIn8X0VAR1BEIFKA+Tv3GsCYT","legacyData"
"f51dbcc5-390f-4596-b7f3-95b93dc67539","HARV_035.basePlot.vst","2015-08-21","vst_HARV_2015","D01","HARV","HARV_035",,"NEON.PLA.D01.HARV.04542",,,"Live",22.2,130,14.4,,,,,,"Full sun",,,,,,,"xYAz/hoNa4beHeF8Co82eF9aIjZ5mOeG","FXeeUI9aIn8X0VAR1BEIFKA+Tv3GsCYT","legacyData"
"f7034dc0-ca6d-45a2-bdde-b912440f4ef9","HARV_035.basePlot.vst","2015-08-21","vst_HARV_2015","D01","HARV","HARV_035",,"NEON.PLA.D01.HARV.04675",,,"Standing dead",1.8,130,1.9,,,,,,,,,,,,,"xYAz/hoNa4beHeF8Co82eF9aIjZ5mOeG","FXeeUI9aIn8X0VAR1BEIFKA+Tv3GsCYT","legacyData"
"4ea66cdc-fee1-4535-ad1d-3d636c0f0a56","HARV_035.basePlot.vst","2015-08-21","vst_HARV_2015","D01","HARV","HARV_035",,"NEON.PLA.D01.HARV.81459",,,"Live",22.4,130,13.8,,,,,,"Full sun",,,,,,,"TGKMhzhi7g/a3bvt0kxQ5Ajc+R5AWqx2","xYAz/hoNa4beHeF8Co82eF9aIjZ5mOeG","legacyData | noMapTagData"
"751ab77f-fa1d-468c-8950-d9949541c1d6","HARV_035.basePlot.vst","2015-08-21","vst_HARV_2015","D01","HARV","HARV_035",,"NEON.PLA.D01.HARV.04685",,,"Live",8.4,130,10.4,,,,,,,,,,,,,"xYAz/hoNa4beHeF8Co82eF9aIjZ5mOeG","FXeeUI9aIn8X0VAR1BEIFKA+Tv3GsCYT","legacyData"
"ca23c3f2-1a6b-47c3-a478-b7e8573b402c","HARV_035.basePlot.vst","2015-08-21","vst_HARV_2015","D01","HARV","HARV_035",,"NEON.PLA.D01.HARV.04082",,,"Live",16.3,130,13.3,,,,,,"Partially shaded",,,,,,,"TGKMhzhi7g/a3bvt0kxQ5Ajc+R5AWqx2","xYAz/hoNa4beHeF8Co82eF9aIjZ5mOeG","legacyData"
"bb8b3a92-914c-423b-bae6-c397af3c0fef","HARV_035.basePlot.vst","2015-08-21","vst_HARV_2015","D01","HARV","HARV_035",,"NEON.PLA.D01.HARV.00820",,,"Live",19.5,130,10.8,,,,,,"Full shade",,,,,,,"xYAz/hoNa4beHeF8Co82eF9aIjZ5mOeG","FXeeUI9aIn8X0VAR1BEIFKA+Tv3GsCYT","legacyData"
"801541f5-6367-4685-87e9-46e50ff2581a","HARV_035.basePlot.vst","2015-08-21","vst_HARV_2015","D01","HARV","HARV_035",,"NEON.PLA.D01.HARV.04566",,,"Live",22.5,130,16.4,,,,,,"Partially shaded",,,,,,,"xYAz/hoNa4beHeF8Co82eF9aIjZ5mOeG","FXeeUI9aIn8X0VAR1BEIFKA+Tv3GsCYT","legacyData"
"65a3f854-f4c2-446f-89a1-ba242d418afe","HARV_035.basePlot.vst","2015-08-21","vst_HARV_2015","D01","HARV","HARV_035",,"NEON.PLA.D01.HARV.04533",,,"Live, disease damaged",24.6,130,13.0,,,,,,"Mostly shaded",,,,,,,"xYAz/hoNa4beHeF8Co82eF9aIjZ5mOeG","FXeeUI9aIn8X0VAR1BEIFKA+Tv3GsCYT","legacyData"
"88c99d63-de57-4cfd-ab93-74f165f8d993","HARV_035.basePlot.vst","2015-08-21","vst_HARV_2015","D01","HARV","HARV_035",,"NEON.PLA.D01.HARV.02601",,,"Standing dead",7.4,130,10.3,,,,,,,,,,,,,"TGKMhzhi7g/a3bvt0kxQ5Ajc+R5AWqx2","xYAz/hoNa4beHeF8Co82eF9aIjZ5mOeG","legacyData"
"28f60196-5bd0-462a-a378-f8ff94594ea7","HARV_035.basePlot.vst","2015-08-21","vst_HARV_2015","D01","HARV","HARV_035",,"NEON.PLA.D01.HARV.04668",,,"Live, disease damaged",1.6,130,2.0,,,,,,,,,,,,,"xYAz/hoNa4beHeF8Co82eF9aIjZ5mOeG","FXeeUI9aIn8X0VAR1BEIFKA+Tv3GsCYT","legacyData"
"f4fa400c-35be-4b8e-b890-517753967d7b","HARV_035.basePlot.vst","2015-08-21","vst_HARV_2015","D01","HARV","HARV_035",,"NEON.PLA.D01.HARV.04090",,,"Live, disease damaged",19.2,130,11.5,,,,,,"Mostly shaded",,,,,,,"TGKMhzhi7g/a3bvt0kxQ5Ajc+R5AWqx2","xYAz/hoNa4beHeF8Co82eF9aIjZ5mOeG","legacyData"
"d46d9ac8-503e-4456-8a94-aae9cf5674c6","HARV_035.basePlot.vst","2015-08-21","vst_HARV_2015","D01","HARV","HARV_035",,"NEON.PLA.D01.HARV.04080",,,"Live",22.3,130,15.3,,,,,,"Full sun",,,,,,,"xYAz/hoNa4beHeF8Co82eF9aIjZ5mOeG","FXeeUI9aIn8X0VAR1BEIFKA+Tv3GsCYT","legacyData"
"fbe51cae-8307-488c-956c-64548b4ae3c6","HARV_035.basePlot.vst","2015-08-21","vst_HARV_2015","D01","HARV","HARV_035",,"NEON.PLA.D01.HARV.04544",,,"Live",20.7,130,15.2,,,,,,"Partially shaded",,,,,,,"xYAz/hoNa4beHeF8Co82eF9aIjZ5mOeG","FXeeUI9aIn8X0VAR1BEIFKA+Tv3GsCYT","legacyData"
"d7f4a4a8-22b5-4d06-9c0a-9b57e85b963f","HARV_035.basePlot.vst","2015-08-21","vst_HARV_2015","D01","HARV","HARV_035",,"NEON.PLA.D01.HARV.04594",,,"Live",1.1,130,1.4,,,,,,,,,,,,,"TGKMhzhi7g/a3bvt0kxQ5Ajc+R5AWqx2","xYAz/hoNa4beHeF8Co82eF9aIjZ5mOeG","legacyData"
"233fc363-0b32-42de-b059-3af701e61d93","HARV_035.basePlot.vst","2015-08-21","vst_HARV_2015","D01","HARV","HARV_035",,"NEON.PLA.D01.HARV.04804",,,"Live",13.0,130,5.4,,,,,,"Full shade",,,,,,,"TGKMhzhi7g/a3bvt0kxQ5Ajc+R5AWqx2","xYAz/hoNa4beHeF8Co82eF9aIjZ5mOeG","legacyData"
"94d80704-be27-4595-a0d0-c03f249174dc","HARV_035.basePlot.vst","2015-08-21","vst_HARV_2015","D01","HARV","HARV_035",,"NEON.PLA.D01.HARV.04815",,,"Live, disease damaged",13.2,130,9.5,,,,,,"Full shade",,,,,,,"TGKMhzhi7g/a3bvt0kxQ5Ajc+R5AWqx2","xYAz/hoNa4beHeF8Co82eF9aIjZ5mOeG","legacyData"
"bc76e1ce-3629-402a-ab38-f8239e0bc10e","HARV_035.basePlot.vst","2015-08-21","vst_HARV_2015","D01","HARV","HARV_035",,"NEON.PLA.D01.HARV.04678",,,"Live, disease damaged",7.3,130,7.6,,,,,,,,,,,,,"xYAz/hoNa4beHeF8Co82eF9aIjZ5mOeG","FXeeUI9aIn8X0VAR1BEIFKA+Tv3GsCYT","legacyData"
"65021284-5395-42f7-ba56-84abaeb1c11a","HARV_035.basePlot.vst","2015-08-21","vst_HARV_2015","D01","HARV","HARV_035",,"NEON.PLA.D01.HARV.04810",,,"Live",16.6,130,13.2,,,,,,"Partially shaded",,,,,,,"TGKMhzhi7g/a3bvt0kxQ5Ajc+R5AWqx2","xYAz/hoNa4beHeF8Co82eF9aIjZ5mOeG","legacyData"
"3509e673-cefa-44be-a8d8-1cf0c5d7e64b","HARV_035.basePlot.vst","2015-08-21","vst_HARV_2015","D01","HARV","HARV_035",,"NEON.PLA.D01.HARV.04599",,,"Live",1.6,10,1.1,,,,,,,,,,,,,"TGKMhzhi7g/a3bvt0kxQ5Ajc+R5AWqx2","xYAz/hoNa4beHeF8Co82eF9aIjZ5mOeG","legacyData"
"c1a15c78-47fd-4bcc-82d1-edbb20ebfd66","HARV_035.basePlot.vst","2015-08-21","vst_HARV_2015","D01","HARV","HARV_035",,"NEON.PLA.D01.HARV.04545",,,"Live, disease damaged",12.2,130,11.3,,,,,,"Mostly shaded",,,,,,,"xYAz/hoNa4beHeF8Co82eF9aIjZ5mOeG","FXeeUI9aIn8X0VAR1BEIFKA+Tv3GsCYT","legacyData"
"cb86185d-d6be-4268-ad27-e9e30c19ee2b","HARV_035.basePlot.vst","2015-08-21","vst_HARV_2015","D01","HARV","HARV_035",,"NEON.PLA.D01.HARV.04552",,,"Live, disease damaged",39.0,130,15.8,,,,,,"Full sun",,,,,,,"xYAz/hoNa4beHeF8Co82eF9aIjZ5mOeG","FXeeUI9aIn8X0VAR1BEIFKA+Tv3GsCYT","legacyData"
"2cf563f4-4f7c-4c8f-b7e0-98cc674b5893","HARV_035.basePlot.vst","2015-08-21","vst_HARV_2015","D01","HARV","HARV_035",,"NEON.PLA.D01.HARV.05944",,,"Live, disease damaged",13.7,130,9.7,,,,,,"Mostly shaded",,,,,,,"xYAz/hoNa4beHeF8Co82eF9aIjZ5mOeG","FXeeUI9aIn8X0VAR1BEIFKA+Tv3GsCYT","legacyData | noMapTagData"
"f9a3d9cb-97c5-45e5-82eb-6e0967c9bb1c","HARV_035.basePlot.vst","2015-08-21","vst_HARV_2015","D01","HARV","HARV_035",,"NEON.PLA.D01.HARV.02452",,,"Standing dead",2.2,130,2.7,,,,,,,,,,,,,"TGKMhzhi7g/a3bvt0kxQ5Ajc+R5AWqx2","xYAz/hoNa4beHeF8Co82eF9aIjZ5mOeG","legacyData"
"31c48499-1fb7-486e-bb53-8ef46261a6d9","HARV_035.basePlot.vst","2015-08-21","vst_HARV_2015","D01","HARV","HARV_035",,"NEON.PLA.D01.HARV.04664",,,"Live, disease damaged",4.7,130,5.1,,,,,,,,,,,,,"xYAz/hoNa4beHeF8Co82eF9aIjZ5mOeG","FXeeUI9aIn8X0VAR1BEIFKA+Tv3GsCYT","legacyData"
"43e613d3-b0f5-4d3d-a7c9-968cc4e26301","HARV_035.basePlot.vst","2015-08-21","vst_HARV_2015","D01","HARV","HARV_035",,"NEON.PLA.D01.HARV.02450",,,"Live",4.2,130,5.1,,,,,,,,,,,,,"TGKMhzhi7g/a3bvt0kxQ5Ajc+R5AWqx2","xYAz/hoNa4beHeF8Co82eF9aIjZ5mOeG","legacyData"
"c00e1486-a2c7-4a9e-8352-bd02b2a6927a","HARV_035.basePlot.vst","2015-08-21","vst_HARV_2015","D01","HARV","HARV_035",,"NEON.PLA.D01.HARV.04567",,,"Live, disease damaged",13.3,130,11.1,,,,,,"Mostly shaded",,,,,,,"xYAz/hoNa4beHeF8Co82eF9aIjZ5mOeG","FXeeUI9aIn8X0VAR1BEIFKA+Tv3GsCYT","legacyData"
"ea27d08f-fe5c-4b3c-8fea-86f1181d3e2d","HARV_035.basePlot.vst","2015-08-21","vst_HARV_2015","D01","HARV","HARV_035",,"NEON.PLA.D01.HARV.04674",,,"Live, disease damaged",3.4,130,4.7,,,,,,,,,,,,,"xYAz/hoNa4beHeF8Co82eF9aIjZ5mOeG","FXeeUI9aIn8X0VAR1BEIFKA+Tv3GsCYT","legacyData"
"68d1d471-bcdd-4db6-882f-87e01bcea88f","HARV_035.basePlot.vst","2015-08-21","vst_HARV_2015","D01","HARV","HARV_035",,"NEON.PLA.D01.HARV.04100",,,"Live",21.5,130,7.1,,,,,,"Full sun",,,,,,,"TGKMhzhi7g/a3bvt0kxQ5Ajc+R5AWqx2","xYAz/hoNa4beHeF8Co82eF9aIjZ5mOeG","legacyData"
"c1b401a7-9ecd-44b4-b3e7-1d8f94111520","HARV_035.basePlot.vst","2015-08-21","vst_HARV_2015","D01","HARV","HARV_035",,"NEON.PLA.D01.HARV.04809",,,"Live, disease damaged",34.6,130,18.4,,,,,,"Full sun",,,,,,,"TGKMhzhi7g/a3bvt0kxQ5Ajc+R5AWqx2","xYAz/hoNa4beHeF8Co82eF9aIjZ5mOeG","legacyData"
"322be1e2-2c2b-4a89-99e0-6fa072e8b587","HARV_035.basePlot.vst","2015-08-21","vst_HARV_2015","D01","HARV","HARV_035",,"NEON.PLA.D01.HARV.01063",,,"Live",11.8,130,12.6,,,,,,"Partially shaded",,,,,,,"TGKMhzhi7g/a3bvt0kxQ5Ajc+R5AWqx2","xYAz/hoNa4beHeF8Co82eF9aIjZ5mOeG","legacyData"
"22b302ce-d9ec-4633-bb7b-2dfefb3825d5","HARV_035.basePlot.vst","2015-08-21","vst_HARV_2015","D01","HARV","HARV_035",,"NEON.PLA.D01.HARV.04540",,,"Live, disease damaged",23.2,130,10.0,,,,,,"Mostly shaded",,,,,,,"xYAz/hoNa4beHeF8Co82eF9aIjZ5mOeG","FXeeUI9aIn8X0VAR1BEIFKA+Tv3GsCYT","legacyData"
"8f031bcb-2b8b-4e16-a32c-8b76f384c1f4","HARV_035.basePlot.vst","2015-08-21","vst_HARV_2015","D01","HARV","HARV_035",,"NEON.PLA.D01.HARV.04546",,,"Live, disease damaged",12.2,130,5.6,,,,,,"Mostly shaded",,,,,,,"xYAz/hoNa4beHeF8Co82eF9aIjZ5mOeG","FXeeUI9aIn8X0VAR1BEIFKA+Tv3GsCYT","legacyData"
"f5bde05f-7cb1-4412-9ca3-0cdb9335158b","HARV_035.basePlot.vst","2015-08-21","vst_HARV_2015","D01","HARV","HARV_035",,"NEON.PLA.D01.HARV.04669",,,"Live, disease damaged",1.9,130,2.5,,,,,,,,,,,,,"xYAz/hoNa4beHeF8Co82eF9aIjZ5mOeG","FXeeUI9aIn8X0VAR1BEIFKA+Tv3GsCYT","legacyData"
"6ac3c0fa-76b3-412c-bb20-14beabe7c044","HARV_035.basePlot.vst","2015-08-21","vst_HARV_2015","D01","HARV","HARV_035",,"NEON.PLA.D01.HARV.04590",,,"Live",4.1,130,4.2,,,,,,,,,,,,,"TGKMhzhi7g/a3bvt0kxQ5Ajc+R5AWqx2","xYAz/hoNa4beHeF8Co82eF9aIjZ5mOeG","legacyData"
"add7e5bb-2b55-4695-88ee-2f7311a079c3","HARV_035.basePlot.vst","2015-08-21","vst_HARV_2015","D01","HARV","HARV_035",,"NEON.PLA.D01.HARV.04539",,,"Live, disease damaged",13.0,130,9.7,,,,,,"Mostly shaded",,,,,,,"xYAz/hoNa4beHeF8Co82eF9aIjZ5mOeG","FXeeUI9aIn8X0VAR1BEIFKA+Tv3GsCYT","legacyData"
"c076afd6-b743-46a2-b131-7a86a0e9ac8b","HARV_035.basePlot.vst","2015-08-21","vst_HARV_2015","D01","HARV","HARV_035",,"NEON.PLA.D01.HARV.04083",,,"Live, disease damaged",22.4,130,17.7,,,,,,"Partially shaded",,,,,,,"TGKMhzhi7g/a3bvt0kxQ5Ajc+R5AWqx2","xYAz/hoNa4beHeF8Co82eF9aIjZ5mOeG","legacyData"
"b6c9ee1e-a9e3-4837-b935-8e7abaa2b397","HARV_035.basePlot.vst","2015-08-21","vst_HARV_2015","D01","HARV","HARV_035",,"NEON.PLA.D01.HARV.04687",,,"Live, disease damaged",8.7,130,5.9,,,,,,,,,,,,,"xYAz/hoNa4beHeF8Co82eF9aIjZ5mOeG","FXeeUI9aIn8X0VAR1BEIFKA+Tv3GsCYT","legacyData"
"614bc977-cc0c-4a41-9848-0f73517b04cb","HARV_035.basePlot.vst","2015-08-21","vst_HARV_2015","D01","HARV","HARV_035",,"NEON.PLA.D01.HARV.02447",,,"Live, disease damaged",10.0,130,5.6,,,,,,"Full shade",,,,,,,"TGKMhzhi7g/a3bvt0kxQ5Ajc+R5AWqx2","xYAz/hoNa4beHeF8Co82eF9aIjZ5mOeG","legacyData"
"233e6e71-4610-46ac-babc-09092db19aac","HARV_035.basePlot.vst","2015-08-21","vst_HARV_2015","D01","HARV","HARV_035",,"NEON.PLA.D01.HARV.04525",,,"Live, disease damaged",12.4,130,9.8,,,,,,"Mostly shaded",,,,,,,"xYAz/hoNa4beHeF8Co82eF9aIjZ5mOeG","FXeeUI9aIn8X0VAR1BEIFKA+Tv3GsCYT","legacyData"
"b585a735-f5ff-44dd-b295-d44d1c7370ad","HARV_035.basePlot.vst","2015-08-21","vst_HARV_2015","D01","HARV","HARV_035",,"NEON.PLA.D01.HARV.04537",,,"Live",11.0,130,13.6,,,,,,"Partially shaded",,,,,,,"xYAz/hoNa4beHeF8Co82eF9aIjZ5mOeG","FXeeUI9aIn8X0VAR1BEIFKA+Tv3GsCYT","legacyData"
"509354bc-4b4e-4b2f-b43c-010818c64ea2","HARV_035.basePlot.vst","2015-08-21","vst_HARV_2015","D01","HARV","HARV_035",,"NEON.PLA.D01.HARV.04547",,,"Live",13.2,130,13.5,,,,,,"Partially shaded",,,,,,,"xYAz/hoNa4beHeF8Co82eF9aIjZ5mOeG","FXeeUI9aIn8X0VAR1BEIFKA+Tv3GsCYT","legacyData"
"91302bd5-9131-4e12-86d4-3ed646d82c10","HARV_035.basePlot.vst","2015-08-21","vst_HARV_2015","D01","HARV","HARV_035",,"NEON.PLA.D01.HARV.04700",,,"Live, disease damaged",6.0,130,5.8,,,,,,,,,,,,,"xYAz/hoNa4beHeF8Co82eF9aIjZ5mOeG","FXeeUI9aIn8X0VAR1BEIFKA+Tv3GsCYT","legacyData"
"ea6976e2-1911-429d-b186-7bfd53e4ded5","HARV_035.basePlot.vst","2015-08-21","vst_HARV_2015","D01","HARV","HARV_035",,"NEON.PLA.D01.HARV.04089",,,"Standing dead",1.1,130,2.7,,,,,,,,,,,,,"TGKMhzhi7g/a3bvt0kxQ5Ajc+R5AWqx2","xYAz/hoNa4beHeF8Co82eF9aIjZ5mOeG","legacyData"
"860a71a8-80e6-4273-9dca-f47de8b72e5e","HARV_035.basePlot.vst","2015-08-21","vst_HARV_2015","D01","HARV","HARV_035",,"NEON.PLA.D01.HARV.04676",,,"Live, disease damaged",1.3,130,1.9,,,,,,,,,,,,,"xYAz/hoNa4beHeF8Co82eF9aIjZ5mOeG","FXeeUI9aIn8X0VAR1BEIFKA+Tv3GsCYT","legacyData"
"c3245272-d88a-4a98-bd3f-d4bff77699e7","HARV_035.basePlot.vst","2015-08-21","vst_HARV_2015","D01","HARV","HARV_035",,"NEON.PLA.D01.HARV.04593",,,"Live, disease damaged",5.7,130,4.8,,,,,,,,,,,,,"TGKMhzhi7g/a3bvt0kxQ5Ajc+R5AWqx2","xYAz/hoNa4beHeF8Co82eF9aIjZ5mOeG","legacyData"
"44839164-5739-48fc-be75-878648cc165d","HARV_035.basePlot.vst","2015-08-21","vst_HARV_2015","D01","HARV","HARV_035",,"NEON.PLA.D01.HARV.04595",,,"Live, disease damaged",3.7,130,3.6,,,,,,,,,,,,,"TGKMhzhi7g/a3bvt0kxQ5Ajc+R5AWqx2","xYAz/hoNa4beHeF8Co82eF9aIjZ5mOeG","legacyData"
"526a573b-88b5-424c-b9d1-70100a2ab8d4","HARV_035.basePlot.vst","2015-08-21","vst_HARV_2015","D01","HARV","HARV_035",,"NEON.PLA.D01.HARV.04697",,,"Live, disease damaged",1.3,130,1.9,,,,,,,,,,,,,"xYAz/hoNa4beHeF8Co82eF9aIjZ5mOeG","FXeeUI9aIn8X0VAR1BEIFKA+Tv3GsCYT","legacyData"
"1e79103e-130a-4c25-9abc-31cc491802a8","HARV_035.basePlot.vst","2015-08-21","vst_HARV_2015","D01","HARV","HARV_035",,"NEON.PLA.D01.HARV.04097",,,"Live, disease damaged",24.8,130,15.3,,,,,,"Full sun",,,,,,,"TGKMhzhi7g/a3bvt0kxQ5Ajc+R5AWqx2","xYAz/hoNa4beHeF8Co82eF9aIjZ5mOeG","legacyData"
"0bdd95b0-e3ca-4de8-a154-2982dea94517","HARV_035.basePlot.vst","2015-08-21","vst_HARV_2015","D01","HARV","HARV_035",,"NEON.PLA.D01.HARV.03229",,,"Live",10.7,130,13.3,,,,,,"Partially shaded",,,,,,,"xYAz/hoNa4beHeF8Co82eF9aIjZ5mOeG","FXeeUI9aIn8X0VAR1BEIFKA+Tv3GsCYT","legacyData"
"55cd233a-91f9-4c3c-bfb3-f4aa8aa19e6e","HARV_035.basePlot.vst","2015-08-21","vst_HARV_2015","D01","HARV","HARV_035",,"NEON.PLA.D01.HARV.05900",,,"Live",10.7,130,14.0,,,,,,"Partially shaded",,,,,,,"xYAz/hoNa4beHeF8Co82eF9aIjZ5mOeG","FXeeUI9aIn8X0VAR1BEIFKA+Tv3GsCYT","legacyData"
"acd422d2-73a3-4b87-8cbc-080b660928b5","HARV_035.basePlot.vst","2015-08-21","vst_HARV_2015","D01","HARV","HARV_035",,"NEON.PLA.D01.HARV.04079",,,"Live, disease damaged",18.3,130,12.5,,,,,,"Partially shaded",,,,,,,"xYAz/hoNa4beHeF8Co82eF9aIjZ5mOeG","FXeeUI9aIn8X0VAR1BEIFKA+Tv3GsCYT","legacyData"
"5cce1240-5a5a-4ba1-8e2f-86f2ca3a2123","HARV_035.basePlot.vst","2015-08-21","vst_HARV_2015","D01","HARV","HARV_035",,"NEON.PLA.D01.HARV.04689",,,"Standing dead",7.4,130,9.3,,,,,,,,,,,,,"xYAz/hoNa4beHeF8Co82eF9aIjZ5mOeG","FXeeUI9aIn8X0VAR1BEIFKA+Tv3GsCYT","legacyData"
"5f30d7e2-fa06-4d83-a2ed-0762a5d1c59e","HARV_035.basePlot.vst","2015-08-21","vst_HARV_2015","D01","HARV","HARV_035",,"NEON.PLA.D01.HARV.04680",,,"Standing dead",7.4,130,7.5,,,,,,,,,,,,,"xYAz/hoNa4beHeF8Co82eF9aIjZ5mOeG","FXeeUI9aIn8X0VAR1BEIFKA+Tv3GsCYT","legacyData"
"1f9b6ab7-0b1c-43f2-8abb-e388908bb9fc","HARV_035.basePlot.vst","2015-08-21","vst_HARV_2015","D01","HARV","HARV_035",,"NEON.PLA.D01.HARV.04820",,,"Live, disease damaged",29.5,130,15.4,,,,,,"Full sun",,,,,,,"xYAz/hoNa4beHeF8Co82eF9aIjZ5mOeG","FXeeUI9aIn8X0VAR1BEIFKA+Tv3GsCYT","legacyData"
"4bb1b650-3e2c-4d0a-abc0-e6b8f3f4813e","HARV_035.basePlot.vst","2015-08-21","vst_HARV_2015","D01","HARV","HARV_035",,"NEON.PLA.D01.HARV.04698",,,"Live, disease damaged",1.4,10,0.8,,,,,,,,,,,,,"xYAz/hoNa4beHeF8Co82eF9aIjZ5mOeG","FXeeUI9aIn8X0VAR1BEIFKA+Tv3GsCYT","legacyData"
"b7433810-2e21-45e7-9a40-360e5168bf49","HARV_035.basePlot.vst","2015-08-21","vst_HARV_2015","D01","HARV","HARV_035",,"NEON.PLA.D01.HARV.02455",,,"Live",1.6,130,2.1,,,,,,,,,,,,,"TGKMhzhi7g/a3bvt0kxQ5Ajc+R5AWqx2","xYAz/hoNa4beHeF8Co82eF9aIjZ5mOeG","legacyData"
"09c10836-752b-4e71-bd30-cf0280cb7a53","HARV_035.basePlot.vst","2015-08-21","vst_HARV_2015","D01","HARV","HARV_035",,"NEON.PLA.D01.HARV.04558",,,"Live",28.0,130,14.6,,,,,,"Full sun",,,,,,,"xYAz/hoNa4beHeF8Co82eF9aIjZ5mOeG","FXeeUI9aIn8X0VAR1BEIFKA+Tv3GsCYT","legacyData"
"a79df488-3c7d-412d-a176-b54550b74694","HARV_035.basePlot.vst","2015-08-21","vst_HARV_2015","D01","HARV","HARV_035",,"NEON.PLA.D01.HARV.04096",,,"Live, disease damaged",16.7,130,10.6,,,,,,"Mostly shaded",,,,,,,"TGKMhzhi7g/a3bvt0kxQ5Ajc+R5AWqx2","xYAz/hoNa4beHeF8Co82eF9aIjZ5mOeG","legacyData"
"04ec4ec1-5fb0-400c-8076-831ec2621c77","HARV_035.basePlot.vst","2015-08-21","vst_HARV_2015","D01","HARV","HARV_035",,"NEON.PLA.D01.HARV.04803",,,"Live",15.9,130,15.8,,,,,,"Partially shaded",,,,,,,"TGKMhzhi7g/a3bvt0kxQ5Ajc+R5AWqx2","xYAz/hoNa4beHeF8Co82eF9aIjZ5mOeG","legacyData"
"8658c62d-5fc4-4e6a-be15-2cae0077313d","HARV_035.basePlot.vst","2015-08-21","vst_HARV_2015","D01","HARV","HARV_035",,"NEON.PLA.D01.HARV.04659",,,"Live, disease damaged",8.2,130,6.5,,,,,,,,,,,,,"xYAz/hoNa4beHeF8Co82eF9aIjZ5mOeG","FXeeUI9aIn8X0VAR1BEIFKA+Tv3GsCYT","legacyData"
"3f5c1fd9-2b60-4d1e-946e-afe7f89d23dc","HARV_035.basePlot.vst","2015-08-21","vst_HARV_2015","D01","HARV","HARV_035",,"NEON.PLA.D01.HARV.04094",,,"Live",19.8,130,14.7,,,,,,"Partially shaded",,,,,,,"TGKMhzhi7g/a3bvt0kxQ5Ajc+R5AWqx2","xYAz/hoNa4beHeF8Co82eF9aIjZ5mOeG","legacyData"
"b28eda59-db9c-4fc8-98f3-1e4ab0986f18","HARV_035.basePlot.vst","2015-08-21","vst_HARV_2015","D01","HARV","HARV_035",,"NEON.PLA.D01.HARV.04523",,,"Live, disease damaged",31.5,130,17.2,,,,,,"Full sun",,,,,,,"xYAz/hoNa4beHeF8Co82eF9aIjZ5mOeG","FXeeUI9aIn8X0VAR1BEIFKA+Tv3GsCYT","legacyData"
"8aa54d64-6c0c-444c-b392-57d9b20c9b6b","HARV_035.basePlot.vst","2015-08-21","vst_HARV_2015","D01","HARV","HARV_035",,"NEON.PLA.D01.HARV.04819",,,"Live",10.6,130,14.0,,,,,,"Partially shaded",,,,,,,"xYAz/hoNa4beHeF8Co82eF9aIjZ5mOeG","FXeeUI9aIn8X0VAR1BEIFKA+Tv3GsCYT","legacyData"
"5ea557e1-9488-4178-8d3f-8b9fc085dd69","HARV_035.basePlot.vst","2015-08-21","vst_HARV_2015","D01","HARV","HARV_035",,"NEON.PLA.D01.HARV.04087",,,"Live",25.2,130,17.0,,,,,,"Partially shaded",,,,,,"Height is an estimate - impossible to measure with range finder. Approximately 17m","TGKMhzhi7g/a3bvt0kxQ5Ajc+R5AWqx2","xYAz/hoNa4beHeF8Co82eF9aIjZ5mOeG","legacyData"
"f82eaff6-ddbe-4973-abf2-db28b491e299","HARV_035.basePlot.vst","2015-08-21","vst_HARV_2015","D01","HARV","HARV_035",,"NEON.PLA.D01.HARV.04093",,,"Live",26.9,130,17.6,,,,,,"Partially shaded",,,,,,,"TGKMhzhi7g/a3bvt0kxQ5Ajc+R5AWqx2","xYAz/hoNa4beHeF8Co82eF9aIjZ5mOeG","legacyData"
"f4d05e18-fdc4-4551-b901-9ae986bac627","HARV_035.basePlot.vst","2015-08-21","vst_HARV_2015","D01","HARV","HARV_035",,"NEON.PLA.D01.HARV.04568",,,"Standing dead",24.7,130,17.5,,,,,,"Full sun",,,,,,,"xYAz/hoNa4beHeF8Co82eF9aIjZ5mOeG","FXeeUI9aIn8X0VAR1BEIFKA+Tv3GsCYT","legacyData"
"e430e825-8f13-44ad-9ebc-4b453c60c0f2","HARV_035.basePlot.vst","2015-08-21","vst_HARV_2015","D01","HARV","HARV_035",,"NEON.PLA.D01.HARV.61573",,,"Live, disease damaged",4.9,170,4.1,,,,,,,,,,,,"Smithsonian Megaplot tree tag number 061573","xYAz/hoNa4beHeF8Co82eF9aIjZ5mOeG","FXeeUI9aIn8X0VAR1BEIFKA+Tv3GsCYT","legacyData | noMapTagData"
"16130979-025f-4460-a0dc-808bef1788be","HARV_035.basePlot.vst","2015-08-21","vst_HARV_2015","D01","HARV","HARV_035",,"NEON.PLA.D01.HARV.04086",,,"Live",14.9,130,17.0,,,,,,"Partially shaded",,,,,,"Height is an estimate - impossible to measure with range finder. Approximately 17m","TGKMhzhi7g/a3bvt0kxQ5Ajc+R5AWqx2","xYAz/hoNa4beHeF8Co82eF9aIjZ5mOeG","legacyData"
"b438370e-bb12-44ac-88d6-c3d7e3672731","HARV_035.basePlot.vst","2015-08-21","vst_HARV_2015","D01","HARV","HARV_035",,"NEON.PLA.D01.HARV.04565",,,"Live, disease damaged",11.8,130,13.0,,,,,,"Mostly shaded",,,,,,,"xYAz/hoNa4beHeF8Co82eF9aIjZ5mOeG","FXeeUI9aIn8X0VAR1BEIFKA+Tv3GsCYT","legacyData"
"b65f3ad2-7bb3-43ad-8d7b-e6807aebac73","HARV_035.basePlot.vst","2015-08-21","vst_HARV_2015","D01","HARV","HARV_035",,"NEON.PLA.D01.HARV.04526",,,"Live, disease damaged",7.2,130,7.3,,,,,,,,,,,,,"xYAz/hoNa4beHeF8Co82eF9aIjZ5mOeG","FXeeUI9aIn8X0VAR1BEIFKA+Tv3GsCYT","legacyData"
"9e55d05b-eae0-4cbd-9a47-16124a3e6f56","HARV_035.basePlot.vst","2015-08-21","vst_HARV_2015","D01","HARV","HARV_035",,"NEON.PLA.D01.HARV.04667",,,"Live, disease damaged",9.8,130,8.8,,,,,,,,,,,,,"xYAz/hoNa4beHeF8Co82eF9aIjZ5mOeG","FXeeUI9aIn8X0VAR1BEIFKA+Tv3GsCYT","legacyData"
"c0f630c0-3279-4da8-ab53-9fd358a6c38a","HARV_035.basePlot.vst","2015-08-21","vst_HARV_2015","D01","HARV","HARV_035",,"NEON.PLA.D01.HARV.04554",,,"Live, disease damaged",12.0,130,10.6,,,,,,"Mostly shaded",,,,,,,"xYAz/hoNa4beHeF8Co82eF9aIjZ5mOeG","FXeeUI9aIn8X0VAR1BEIFKA+Tv3GsCYT","legacyData"
"95ec9aad-8b41-4ff3-867f-63c50b434f1a","HARV_035.basePlot.vst","2015-08-21","vst_HARV_2015","D01","HARV","HARV_035",,"NEON.PLA.D01.HARV.04084",,,"Live",17.0,130,13.2,,,,,,"Partially shaded",,,,,,,"TGKMhzhi7g/a3bvt0kxQ5Ajc+R5AWqx2","xYAz/hoNa4beHeF8Co82eF9aIjZ5mOeG","legacyData"
"64b1dbf3-3335-48d6-9f75-95f4de3dad78","HARV_035.basePlot.vst","2015-08-21","vst_HARV_2015","D01","HARV","HARV_035",,"NEON.PLA.D01.HARV.04694",,,"Live, disease damaged",4.5,130,4.2,,,,,,,,,,,,,"xYAz/hoNa4beHeF8Co82eF9aIjZ5mOeG","FXeeUI9aIn8X0VAR1BEIFKA+Tv3GsCYT","legacyData"
"28c8dc70-9c2b-4b39-ad60-e7309524c1a5","HARV_035.basePlot.vst","2015-08-21","vst_HARV_2015","D01","HARV","HARV_035",,"NEON.PLA.D01.HARV.04672",,,"Standing dead",2.3,10,0.8,,,,,,,,,,,,,"xYAz/hoNa4beHeF8Co82eF9aIjZ5mOeG","FXeeUI9aIn8X0VAR1BEIFKA+Tv3GsCYT","legacyData"
"80c5b3de-8de4-423f-abe7-73fa8f6d6518","HARV_035.basePlot.vst","2015-08-21","vst_HARV_2015","D01","HARV","HARV_035",,"NEON.PLA.D01.HARV.04562",,,"Live",20.6,130,12.9,,,,,,"Partially shaded",,,,,,,"xYAz/hoNa4beHeF8Co82eF9aIjZ5mOeG","FXeeUI9aIn8X0VAR1BEIFKA+Tv3GsCYT","legacyData"
"69a909cd-46c0-4b34-9ac7-10461b441738","HARV_035.basePlot.vst","2015-08-21","vst_HARV_2015","D01","HARV","HARV_035",,"NEON.PLA.D01.HARV.04814",,,"Live",20.1,130,15.0,,,,,,"Partially shaded",,,,,,,"TGKMhzhi7g/a3bvt0kxQ5Ajc+R5AWqx2","xYAz/hoNa4beHeF8Co82eF9aIjZ5mOeG","legacyData"
"4142539d-1bd9-4d78-9340-cb81fdea2886","HARV_035.basePlot.vst","2015-08-21","vst_HARV_2015","D01","HARV","HARV_035",,"NEON.PLA.D01.HARV.02454",,,"Live, disease damaged",3.8,130,3.3,,,,,,,,,,,,,"TGKMhzhi7g/a3bvt0kxQ5Ajc+R5AWqx2","xYAz/hoNa4beHeF8Co82eF9aIjZ5mOeG","legacyData"
"030758b4-7b6a-4bf7-a771-d80ec3e8f9d3","HARV_035.basePlot.vst","2015-08-21","vst_HARV_2015","D01","HARV","HARV_035",,"NEON.PLA.D01.HARV.04805",,,"Standing dead",7.7,130,2.4,,,,,,,,,,,,,"TGKMhzhi7g/a3bvt0kxQ5Ajc+R5AWqx2","xYAz/hoNa4beHeF8Co82eF9aIjZ5mOeG","legacyData"
"e0daaa62-9db7-42b8-ad9e-4676e38537b6","HARV_035.basePlot.vst","2015-08-21","vst_HARV_2015","D01","HARV","HARV_035",,"NEON.PLA.D01.HARV.04684",,,"Live, disease damaged",7.7,130,7.4,,,,,,,,,,,,,"xYAz/hoNa4beHeF8Co82eF9aIjZ5mOeG","FXeeUI9aIn8X0VAR1BEIFKA+Tv3GsCYT","legacyData"
"1f88c431-051c-44bf-8441-5827f6396b44","HARV_035.basePlot.vst","2015-08-21","vst_HARV_2015","D01","HARV","HARV_035",,"NEON.PLA.D01.HARV.04663",,,"Live, disease damaged",2.1,130,3.4,,,,,,,,,,,,,"xYAz/hoNa4beHeF8Co82eF9aIjZ5mOeG","FXeeUI9aIn8X0VAR1BEIFKA+Tv3GsCYT","legacyData"
"53b18e0a-7432-4540-a868-35fbaceefed7","HARV_035.basePlot.vst","2015-08-21","vst_HARV_2015","D01","HARV","HARV_035",,"NEON.PLA.D01.HARV.04696",,,"Live, disease damaged",1.3,130,2.0,,,,,,,,,,,,,"xYAz/hoNa4beHeF8Co82eF9aIjZ5mOeG","FXeeUI9aIn8X0VAR1BEIFKA+Tv3GsCYT","legacyData"
"c25139f8-2608-4289-bd58-886c16eb498d","HARV_035.basePlot.vst","2015-08-21","vst_HARV_2015","D01","HARV","HARV_035",,"NEON.PLA.D01.HARV.04816",,,"Live",17.5,130,12.3,,,,,,"Partially shaded",,,,,,,"TGKMhzhi7g/a3bvt0kxQ5Ajc+R5AWqx2","xYAz/hoNa4beHeF8Co82eF9aIjZ5mOeG","legacyData"
"3ea40af3-fbba-404f-837e-66defff82342","HARV_035.basePlot.vst","2015-08-21","vst_HARV_2015","D01","HARV","HARV_035",,"NEON.PLA.D01.HARV.04592",,,"Live",1.0,130,1.8,,,,,,,,,,,,,"TGKMhzhi7g/a3bvt0kxQ5Ajc+R5AWqx2","xYAz/hoNa4beHeF8Co82eF9aIjZ5mOeG","legacyData"
"e2742528-3ddb-411c-afaf-fcb3d4c54788","HARV_035.basePlot.vst","2015-08-21","vst_HARV_2015","D01","HARV","HARV_035",,"NEON.PLA.D01.HARV.04679",,,"Standing dead",5.1,130,3.7,,,,,,,,,,,,,"xYAz/hoNa4beHeF8Co82eF9aIjZ5mOeG","FXeeUI9aIn8X0VAR1BEIFKA+Tv3GsCYT","legacyData"
"8a7b9558-9ed0-4e47-945e-9f3f50391758","HARV_035.basePlot.vst","2015-08-21","vst_HARV_2015","D01","HARV","HARV_035",,"NEON.PLA.D01.HARV.04598",,,"Live, disease damaged",2.3,130,3.1,,,,,,,,,,,,,"TGKMhzhi7g/a3bvt0kxQ5Ajc+R5AWqx2","xYAz/hoNa4beHeF8Co82eF9aIjZ5mOeG","legacyData"
"1b9e2aea-00a2-4662-ba88-2ba116996b8b","HARV_035.basePlot.vst","2015-08-21","vst_HARV_2015","D01","HARV","HARV_035",,"NEON.PLA.D01.HARV.04524",,,"Standing dead",11.5,130,4.6,,,,,,"Full shade",,,,,,,"xYAz/hoNa4beHeF8Co82eF9aIjZ5mOeG","FXeeUI9aIn8X0VAR1BEIFKA+Tv3GsCYT","legacyData"
"c33170fb-19f2-4934-8f7f-538038eaa8a0","HARV_035.basePlot.vst","2015-08-21","vst_HARV_2015","D01","HARV","HARV_035",,"NEON.PLA.D01.HARV.04531",,,"Live",24.6,130,13.9,,,,,,"Full sun",,,,,,,"xYAz/hoNa4beHeF8Co82eF9aIjZ5mOeG","FXeeUI9aIn8X0VAR1BEIFKA+Tv3GsCYT","legacyData"
"36ad0bab-5cc8-4712-be0a-5c41c175065f","HARV_035.basePlot.vst","2015-08-21","vst_HARV_2015","D01","HARV","HARV_035",,"NEON.PLA.D01.HARV.04807",,,"Live",13.6,130,10.2,,,,,,"Partially shaded",,,,,,,"TGKMhzhi7g/a3bvt0kxQ5Ajc+R5AWqx2","xYAz/hoNa4beHeF8Co82eF9aIjZ5mOeG","legacyData"
"75e48470-911c-4711-a934-da35108d3b39","HARV_035.basePlot.vst","2015-08-21","vst_HARV_2015","D01","HARV","HARV_035",,"NEON.PLA.D01.HARV.05888",,,"Live, disease damaged",29.6,130,15.4,,,,,,"Full sun",,,,,,,"xYAz/hoNa4beHeF8Co82eF9aIjZ5mOeG","FXeeUI9aIn8X0VAR1BEIFKA+Tv3GsCYT","legacyData"
"a40a99e4-1718-448b-971d-1dd4e853b012","HARV_035.basePlot.vst","2015-08-21","vst_HARV_2015","D01","HARV","HARV_035",,"NEON.PLA.D01.HARV.04069",,,"Live, disease damaged",16.1,130,11.4,,,,,,"Mostly shaded",,,,,,,"xYAz/hoNa4beHeF8Co82eF9aIjZ5mOeG","FXeeUI9aIn8X0VAR1BEIFKA+Tv3GsCYT","legacyData"
"438c488a-7a46-4de8-a28a-1d380c9e73a8","HARV_035.basePlot.vst","2015-08-21","vst_HARV_2015","D01","HARV","HARV_035",,"NEON.PLA.D01.HARV.02358",,,"Live, disease damaged",1.0,130,1.7,,,,,,,,,,,,,"TGKMhzhi7g/a3bvt0kxQ5Ajc+R5AWqx2","xYAz/hoNa4beHeF8Co82eF9aIjZ5mOeG","legacyData"
"47c45e38-0f3e-44d9-aaf9-c12c3498c3e0","HARV_035.basePlot.vst","2015-08-21","vst_HARV_2015","D01","HARV","HARV_035",,"NEON.PLA.D01.HARV.04549",,,"Live",19.8,130,14.3,,,,,,"Full sun",,,,,,,"xYAz/hoNa4beHeF8Co82eF9aIjZ5mOeG","FXeeUI9aIn8X0VAR1BEIFKA+Tv3GsCYT","legacyData"
"2cf7617d-59f2-4547-bbcc-61e92eac1491","HARV_035.basePlot.vst","2015-08-21","vst_HARV_2015","D01","HARV","HARV_035",,"NEON.PLA.D01.HARV.01270",,,"Standing dead",13.8,130,9.4,,,,,,"Mostly shaded",,,,,,,"TGKMhzhi7g/a3bvt0kxQ5Ajc+R5AWqx2","xYAz/hoNa4beHeF8Co82eF9aIjZ5mOeG","legacyData"
"06e7221e-db54-445d-a5a4-131ec302e3a1","HARV_035.basePlot.vst","2015-08-21","vst_HARV_2015","D01","HARV","HARV_035",,"NEON.PLA.D01.HARV.03143",,,"Live, disease damaged",23.8,130,15.4,,,,,,"Partially shaded",,,,,,,"xYAz/hoNa4beHeF8Co82eF9aIjZ5mOeG","FXeeUI9aIn8X0VAR1BEIFKA+Tv3GsCYT","legacyData"
"72cf7962-3577-4fee-9712-249dec6c3432","HARV_035.basePlot.vst","2015-08-21","vst_HARV_2015","D01","HARV","HARV_035",,"NEON.PLA.D01.HARV.04818",,,"Live",10.7,130,14.3,,,,,,"Partially shaded",,,,,,,"xYAz/hoNa4beHeF8Co82eF9aIjZ5mOeG","FXeeUI9aIn8X0VAR1BEIFKA+Tv3GsCYT","legacyData"
"8e957d6f-a784-4bdc-8c51-2999c51df4f0","HARV_035.basePlot.vst","2015-08-21","vst_HARV_2015","D01","HARV","HARV_035",,"NEON.PLA.D01.HARV.01372",,,"Standing dead",16.0,130,8.1,,,,,,,,,,,,,"TGKMhzhi7g/a3bvt0kxQ5Ajc+R5AWqx2","xYAz/hoNa4beHeF8Co82eF9aIjZ5mOeG","legacyData"
"347a8f43-b3a2-4bbc-9253-647649b40bdf","HARV_035.basePlot.vst","2015-08-21","vst_HARV_2015","D01","HARV","HARV_035",,"NEON.PLA.D01.HARV.04528",,,"Live",9.5,130,12.8,,,,,,,,,,,,,"xYAz/hoNa4beHeF8Co82eF9aIjZ5mOeG","FXeeUI9aIn8X0VAR1BEIFKA+Tv3GsCYT","legacyData"
"00e01efc-6435-47f4-9892-4169d2ea5586","HARV_035.basePlot.vst","2015-08-21","vst_HARV_2015","D01","HARV","HARV_035",,"NEON.PLA.D01.HARV.04801",,,"Live",12.1,130,12.4,,,,,,"Full shade",,,,,,,"TGKMhzhi7g/a3bvt0kxQ5Ajc+R5AWqx2","xYAz/hoNa4beHeF8Co82eF9aIjZ5mOeG","legacyData"
"ccc65395-d51e-4e93-8543-2dd4f8c0f2c1","HARV_035.basePlot.vst","2015-08-21","vst_HARV_2015","D01","HARV","HARV_035",,"NEON.PLA.D01.HARV.04518",,,"Live, disease damaged",14.9,130,10.0,,,,,,"Mostly shaded",,,,,,,"xYAz/hoNa4beHeF8Co82eF9aIjZ5mOeG","FXeeUI9aIn8X0VAR1BEIFKA+Tv3GsCYT","legacyData"
"33b5f0ed-928e-4fc9-b63a-7cafbb724dff","HARV_035.basePlot.vst","2015-08-21","vst_HARV_2015","D01","HARV","HARV_035",,"NEON.PLA.D01.HARV.04808",,,"Live",16.8,130,12.5,,,,,,"Mostly shaded",,,,,,,"TGKMhzhi7g/a3bvt0kxQ5Ajc+R5AWqx2","xYAz/hoNa4beHeF8Co82eF9aIjZ5mOeG","legacyData"
"fa1c412e-9495-482a-9585-94b3a94f492a","HARV_035.basePlot.vst","2015-08-21","vst_HARV_2015","D01","HARV","HARV_035",,"NEON.PLA.D01.HARV.04073",,,"Standing dead",21.5,130,11.6,,,,,,"Mostly shaded",,,,,,,"xYAz/hoNa4beHeF8Co82eF9aIjZ5mOeG","FXeeUI9aIn8X0VAR1BEIFKA+Tv3GsCYT","legacyData"
"82518296-95cb-4914-9cb0-690e78bc6deb","HARV_035.basePlot.vst","2015-08-21","vst_HARV_2015","D01","HARV","HARV_035",,"NEON.PLA.D01.HARV.02451",,,"Live, disease damaged",3.5,130,4.3,,,,,,,,,,,,,"TGKMhzhi7g/a3bvt0kxQ5Ajc+R5AWqx2","xYAz/hoNa4beHeF8Co82eF9aIjZ5mOeG","legacyData"
"e992bd33-51d8-40f9-b3de-6cf65f250ae0","HARV_035.basePlot.vst","2015-08-21","vst_HARV_2015","D01","HARV","HARV_035",,"NEON.PLA.D01.HARV.04580",,,"Live",9.8,130,9.5,,,,,,,,,,,,,"TGKMhzhi7g/a3bvt0kxQ5Ajc+R5AWqx2","xYAz/hoNa4beHeF8Co82eF9aIjZ5mOeG","legacyData"
"e03ee09d-3c9c-421e-98d5-9eb81497310a","HARV_035.basePlot.vst","2015-08-21","vst_HARV_2015","D01","HARV","HARV_035",,"NEON.PLA.D01.HARV.04686",,,"Standing dead",8.2,130,3.5,,,,,,,,,,,,,"xYAz/hoNa4beHeF8Co82eF9aIjZ5mOeG","FXeeUI9aIn8X0VAR1BEIFKA+Tv3GsCYT","legacyData"
"51f6d6ac-3797-40bb-8291-a891f4472cc3","HARV_035.basePlot.vst","2015-08-21","vst_HARV_2015","D01","HARV","HARV_035",,"NEON.PLA.D01.HARV.01009",,,"Live, disease damaged",23.0,130,10.4,,,,,,"Partially shaded",,,,,,,"TGKMhzhi7g/a3bvt0kxQ5Ajc+R5AWqx2","xYAz/hoNa4beHeF8Co82eF9aIjZ5mOeG","legacyData"
"6e183707-9aa1-4057-af8e-d4a420f5e4e3","HARV_035.basePlot.vst","2015-08-21","vst_HARV_2015","D01","HARV","HARV_035",,"NEON.PLA.D01.HARV.04695",,,"Live, disease damaged",2.7,130,3.2,,,,,,,,,,,,,"xYAz/hoNa4beHeF8Co82eF9aIjZ5mOeG","FXeeUI9aIn8X0VAR1BEIFKA+Tv3GsCYT","legacyData"
"33411359-17e7-4ace-bd37-ee93441196e7","HARV_035.basePlot.vst","2015-08-21","vst_HARV_2015","D01","HARV","HARV_035",,"NEON.PLA.D01.HARV.01038",,,"Live, disease damaged",29.3,130,18.4,,,,,,"Full sun",,,,,,,"TGKMhzhi7g/a3bvt0kxQ5Ajc+R5AWqx2","xYAz/hoNa4beHeF8Co82eF9aIjZ5mOeG","legacyData"
"887eb663-7fe2-4f04-9e09-e080a654eaea","HARV_035.basePlot.vst","2015-08-21","vst_HARV_2015","D01","HARV","HARV_035",,"NEON.PLA.D01.HARV.04681",,,"Standing dead",3.5,130,3.8,,,,,,,,,,,,,"xYAz/hoNa4beHeF8Co82eF9aIjZ5mOeG","FXeeUI9aIn8X0VAR1BEIFKA+Tv3GsCYT","legacyData"
"eeebb70d-a078-41b4-a30d-8df2f4331b80","HARV_035.basePlot.vst","2015-08-21","vst_HARV_2015","D01","HARV","HARV_035",,"NEON.PLA.D01.HARV.04564",,,"Live",13.5,130,14.0,,,,,,"Partially shaded",,,,,,,"xYAz/hoNa4beHeF8Co82eF9aIjZ5mOeG","FXeeUI9aIn8X0VAR1BEIFKA+Tv3GsCYT","legacyData"
"1480ea56-fecc-4309-b963-fca3f93c0441","HARV_035.basePlot.vst","2015-08-21","vst_HARV_2015","D01","HARV","HARV_035",,"NEON.PLA.D01.HARV.04543",,,"Live, disease damaged",10.5,130,7.4,,,,,,"Full shade",,,,,,,"xYAz/hoNa4beHeF8Co82eF9aIjZ5mOeG","FXeeUI9aIn8X0VAR1BEIFKA+Tv3GsCYT","legacyData"
"3c1df0cf-3f78-4f29-ab7c-e15e926df56e","HARV_035.basePlot.vst","2015-08-21","vst_HARV_2015","D01","HARV","HARV_035",,"NEON.PLA.D01.HARV.03611",,,"Live, disease damaged",20.8,130,13.2,,,,,,"Mostly shaded",,,,,,,"xYAz/hoNa4beHeF8Co82eF9aIjZ5mOeG","FXeeUI9aIn8X0VAR1BEIFKA+Tv3GsCYT","legacyData | noMapTagData"
"9ec37b68-1e04-4809-ab61-d0af757c45a6","HARV_035.basePlot.vst","2015-08-21","vst_HARV_2015","D01","HARV","HARV_035",,"NEON.PLA.D01.HARV.04661",,,"Live",6.6,130,9.9,,,,,,,,,,,,,"xYAz/hoNa4beHeF8Co82eF9aIjZ5mOeG","FXeeUI9aIn8X0VAR1BEIFKA+Tv3GsCYT","legacyData"
"deebe919-4df8-4de0-a67e-19881e1cf1d8","HARV_035.basePlot.vst","2015-08-21","vst_HARV_2015","D01","HARV","HARV_035",,"NEON.PLA.D01.HARV.04802",,,"Live",16.2,130,15.6,,,,,,"Mostly shaded",,,,,,,"TGKMhzhi7g/a3bvt0kxQ5Ajc+R5AWqx2","xYAz/hoNa4beHeF8Co82eF9aIjZ5mOeG","legacyData"
"9a748f93-7758-4dfe-a0e5-d13afdcf39c2","HARV_035.basePlot.vst","2015-08-21","vst_HARV_2015","D01","HARV","HARV_035",,"NEON.PLA.D01.HARV.04688",,,"Live, disease damaged",1.2,130,1.6,,,,,,,,,,,,,"xYAz/hoNa4beHeF8Co82eF9aIjZ5mOeG","FXeeUI9aIn8X0VAR1BEIFKA+Tv3GsCYT","legacyData"
"a9aa3923-3fd0-4e9c-b2a9-043e66f96015","HARV_035.basePlot.vst","2015-08-21","vst_HARV_2015","D01","HARV","HARV_035",,"NEON.PLA.D01.HARV.04821",,,"Live, disease damaged",11.0,130,8.8,,,,,,"Full shade",,,,,,,"xYAz/hoNa4beHeF8Co82eF9aIjZ5mOeG","FXeeUI9aIn8X0VAR1BEIFKA+Tv3GsCYT","legacyData"
"c482eb98-6576-40ea-94bc-3b406b5a5eee","HARV_035.basePlot.vst","2015-08-21","vst_HARV_2015","D01","HARV","HARV_035",,"NEON.PLA.D01.HARV.04548",,,"Live",18.7,130,14.8,,,,,,"Partially shaded",,,,,,,"xYAz/hoNa4beHeF8Co82eF9aIjZ5mOeG","FXeeUI9aIn8X0VAR1BEIFKA+Tv3GsCYT","legacyData"
"54cba688-71d3-47d6-8f94-51e99e63ea24","HARV_035.basePlot.vst","2015-08-21","vst_HARV_2015","D01","HARV","HARV_035",,"NEON.PLA.D01.HARV.04600",,,"Live",2.7,130,2.4,,,,,,,,,,,,,"TGKMhzhi7g/a3bvt0kxQ5Ajc+R5AWqx2","xYAz/hoNa4beHeF8Co82eF9aIjZ5mOeG","legacyData"
"9dcd8ca0-e756-47d8-ac06-f987f460a020","HARV_035.basePlot.vst","2015-08-21","vst_HARV_2015","D01","HARV","HARV_035",,"NEON.PLA.D01.HARV.04556",,,"Live, disease damaged",18.4,130,10.2,,,,,,"Mostly shaded",,,,,,,"xYAz/hoNa4beHeF8Co82eF9aIjZ5mOeG","FXeeUI9aIn8X0VAR1BEIFKA+Tv3GsCYT","legacyData"
"26dfe73f-1378-4baa-bf0e-27b1b2c3a2f7","HARV_035.basePlot.vst","2015-08-21","vst_HARV_2015","D01","HARV","HARV_035",,"NEON.PLA.D01.HARV.04670",,,"Standing dead",4.0,130,3.8,,,,,,,,,,,,,"xYAz/hoNa4beHeF8Co82eF9aIjZ5mOeG","FXeeUI9aIn8X0VAR1BEIFKA+Tv3GsCYT","legacyData"
"18c2f315-542d-404f-8fe2-30549e2a6c65","HARV_035.basePlot.vst","2015-08-21","vst_HARV_2015","D01","HARV","HARV_035",,"NEON.PLA.D01.HARV.04071",,,"Live",15.5,130,14.1,,,,,,,,,,,,,"TGKMhzhi7g/a3bvt0kxQ5Ajc+R5AWqx2","xYAz/hoNa4beHeF8Co82eF9aIjZ5mOeG","legacyData"
"0df9cdef-dc73-44e4-9b1a-39a8de1dd842","HARV_035.basePlot.vst","2015-08-21","vst_HARV_2015","D01","HARV","HARV_035",,"NEON.PLA.D01.HARV.04561",,,"Live",24.1,130,16.0,,,,,,"Partially shaded",,,,,,,"xYAz/hoNa4beHeF8Co82eF9aIjZ5mOeG","FXeeUI9aIn8X0VAR1BEIFKA+Tv3GsCYT","legacyData"
"7d523ba6-9959-432d-9880-55328d4f5b14","HARV_035.basePlot.vst","2015-08-21","vst_HARV_2015","D01","HARV","HARV_035",,"NEON.PLA.D01.HARV.04529",,,"Live, disease damaged",13.1,130,6.6,,,,,,,,,,,,,"xYAz/hoNa4beHeF8Co82eF9aIjZ5mOeG","FXeeUI9aIn8X0VAR1BEIFKA+Tv3GsCYT","legacyData"
"3cb813cc-a457-4894-ac1b-533de667d1c9","HARV_035.basePlot.vst","2015-08-21","vst_HARV_2015","D01","HARV","HARV_035",,"NEON.PLA.D01.HARV.04585",,,"Live",10.8,130,8.2,,,,,,"Full shade",,,,,,,"TGKMhzhi7g/a3bvt0kxQ5Ajc+R5AWqx2","xYAz/hoNa4beHeF8Co82eF9aIjZ5mOeG","legacyData"
"73bad8de-8cab-4c76-912e-7f21c7b97db2","HARV_035.basePlot.vst","2015-08-21","vst_HARV_2015","D01","HARV","HARV_035",,"NEON.PLA.D01.HARV.04534",,,"Standing dead",14.3,130,6.0,,,,,,"Full shade",,,,,,,"xYAz/hoNa4beHeF8Co82eF9aIjZ5mOeG","FXeeUI9aIn8X0VAR1BEIFKA+Tv3GsCYT","legacyData"
"4248110a-403e-4010-8313-f6af14d092d3","HARV_035.basePlot.vst","2015-08-21","vst_HARV_2015","D01","HARV","HARV_035",,"NEON.PLA.D01.HARV.03175",,,"Standing dead",10.8,130,4.9,,,,,,"Full shade",,,,,,,"xYAz/hoNa4beHeF8Co82eF9aIjZ5mOeG","FXeeUI9aIn8X0VAR1BEIFKA+Tv3GsCYT","legacyData"
"a52cbe2e-a8fc-40d9-ba9b-8137e8600dc7","HARV_035.basePlot.vst","2015-08-21","vst_HARV_2015","D01","HARV","HARV_035",,"NEON.PLA.D01.HARV.04692",,,"Live, disease damaged",9.0,130,4.8,,,,,,,,,,,,,"xYAz/hoNa4beHeF8Co82eF9aIjZ5mOeG","FXeeUI9aIn8X0VAR1BEIFKA+Tv3GsCYT","legacyData"
"8b04f185-96bc-4cea-9efe-8f139926c251","HARV_035.basePlot.vst","2015-08-21","vst_HARV_2015","D01","HARV","HARV_035",,"NEON.PLA.D01.HARV.04806",,,"Live",9.6,130,9.2,,,,,,"Mostly shaded",,,,,,,"TGKMhzhi7g/a3bvt0kxQ5Ajc+R5AWqx2","xYAz/hoNa4beHeF8Co82eF9aIjZ5mOeG","legacyData"
"df3868e7-b626-4156-b3e7-d23c60c04d8e","HARV_035.basePlot.vst","2015-08-21","vst_HARV_2015","D01","HARV","HARV_035",,"NEON.PLA.D01.HARV.81462",,,"Live, disease damaged",28.3,140,12.3,,,,,,"Partially shaded",,,,,,,"TGKMhzhi7g/a3bvt0kxQ5Ajc+R5AWqx2","xYAz/hoNa4beHeF8Co82eF9aIjZ5mOeG","legacyData | noMapTagData"
"70c339f0-6593-44e3-8ffc-fe93c73dba50","HARV_035.basePlot.vst","2015-08-21","vst_HARV_2015","D01","HARV","HARV_035",,"NEON.PLA.D01.HARV.04589",,,"Live",8.4,130,12.6,,,,,,"Mostly shaded",,,,,,,"TGKMhzhi7g/a3bvt0kxQ5Ajc+R5AWqx2","xYAz/hoNa4beHeF8Co82eF9aIjZ5mOeG","legacyData"
"a26af3cd-b87d-4fda-ae0e-7900b1157d93","HARV_035.basePlot.vst","2015-08-21","vst_HARV_2015","D01","HARV","HARV_035",,"NEON.PLA.D01.HARV.04597",,,"Live, disease damaged",1.8,10,0.8,,,,,,,,,,,,,"TGKMhzhi7g/a3bvt0kxQ5Ajc+R5AWqx2","xYAz/hoNa4beHeF8Co82eF9aIjZ5mOeG","legacyData"
"4637880b-d559-4de6-909e-1ad62400f54c","HARV_035.basePlot.vst","2015-08-21","vst_HARV_2015","D01","HARV","HARV_035",,"NEON.PLA.D01.HARV.04677",,,"Standing dead",3.7,130,4.7,,,,,,,,,,,,,"xYAz/hoNa4beHeF8Co82eF9aIjZ5mOeG","FXeeUI9aIn8X0VAR1BEIFKA+Tv3GsCYT","legacyData"
"138aedfe-b95e-448a-8eba-06fadcea7534","HARV_035.basePlot.vst","2015-08-21","vst_HARV_2015","D01","HARV","HARV_035",,"NEON.PLA.D01.HARV.04532",,,"Live, disease damaged",21.3,130,11.2,,,,11.1,,"Mostly shaded",,,,,,,"xYAz/hoNa4beHeF8Co82eF9aIjZ5mOeG","FXeeUI9aIn8X0VAR1BEIFKA+Tv3GsCYT","legacyData"
"88a6f430-b73a-4a59-b7f8-87fe566e226a","HARV_035.basePlot.vst","2015-08-21","vst_HARV_2015","D01","HARV","HARV_035",,"NEON.PLA.D01.HARV.04092",,,"Live, disease damaged",42.9,130,14.9,,,,,,"Full sun",,,,,,,"TGKMhzhi7g/a3bvt0kxQ5Ajc+R5AWqx2","xYAz/hoNa4beHeF8Co82eF9aIjZ5mOeG","legacyData"
"e4f6f0d7-183a-46e4-9b62-4f3a730d0f6e","HARV_035.basePlot.vst","2015-08-21","vst_HARV_2015","D01","HARV","HARV_035",,"NEON.PLA.D01.HARV.04699",,,"Live",12.7,130,12.1,,,,,,"Partially shaded",,,,,,,"xYAz/hoNa4beHeF8Co82eF9aIjZ5mOeG","FXeeUI9aIn8X0VAR1BEIFKA+Tv3GsCYT","legacyData"
"74e5c0dd-4135-4252-b1a0-595c8d992ea9","HARV_035.basePlot.vst","2015-08-21","vst_HARV_2015","D01","HARV","HARV_035",,"NEON.PLA.D01.HARV.04822",,,"Live, disease damaged",36.3,130,18.4,,,,,,"Full sun",,,,,,,"TGKMhzhi7g/a3bvt0kxQ5Ajc+R5AWqx2","xYAz/hoNa4beHeF8Co82eF9aIjZ5mOeG","legacyData"
"e39ef957-10e1-438d-90b0-a8a4091bdbd9","HARV_035.basePlot.vst","2015-08-21","vst_HARV_2015","D01","HARV","HARV_035",,"NEON.PLA.D01.HARV.09900",,,"Live",1.4,10,0.6,,,,,,,,,,,,,"TGKMhzhi7g/a3bvt0kxQ5Ajc+R5AWqx2","xYAz/hoNa4beHeF8Co82eF9aIjZ5mOeG","legacyData"
"66415dbc-9743-45de-afdf-25f785b872f1","HARV_035.basePlot.vst","2015-08-21","vst_HARV_2015","D01","HARV","HARV_035",,"NEON.PLA.D01.HARV.04067",,,"Live",11.0,130,10.8,,,,,,"Partially shaded",,,,,,,"xYAz/hoNa4beHeF8Co82eF9aIjZ5mOeG","FXeeUI9aIn8X0VAR1BEIFKA+Tv3GsCYT","legacyData"
"fdcd63d5-c782-4729-9bec-048e8742ccef","HARV_035.basePlot.vst","2015-08-21","vst_HARV_2015","D01","HARV","HARV_035",,"NEON.PLA.D01.HARV.04682",,,"Live, disease damaged",5.7,130,6.9,,,,,,,,,,,,,"xYAz/hoNa4beHeF8Co82eF9aIjZ5mOeG","FXeeUI9aIn8X0VAR1BEIFKA+Tv3GsCYT","legacyData"
"cee1555d-8bfa-4d0f-ade7-94c301ee800f","HARV_035.basePlot.vst","2015-08-21","vst_HARV_2015","D01","HARV","HARV_035",,"NEON.PLA.D01.HARV.04527",,,"Standing dead",8.9,130,4.5,,,,,,,,,,,,,"xYAz/hoNa4beHeF8Co82eF9aIjZ5mOeG","FXeeUI9aIn8X0VAR1BEIFKA+Tv3GsCYT","legacyData"
"ec956cd6-8496-4984-9c3c-063bb3f59eef","HARV_035.basePlot.vst","2015-08-21","vst_HARV_2015","D01","HARV","HARV_035",,"NEON.PLA.D01.HARV.04098",,,"Standing dead",16.6,130,7.9,,,,,,"Mostly shaded",,,,,,,"TGKMhzhi7g/a3bvt0kxQ5Ajc+R5AWqx2","xYAz/hoNa4beHeF8Co82eF9aIjZ5mOeG","legacyData"
"8e2e3ce4-4063-4c6e-b019-f1c5933f4e4f","HARV_035.basePlot.vst","2015-08-21","vst_HARV_2015","D01","HARV","HARV_035",,"NEON.PLA.D01.HARV.04660",,,"Live, disease damaged",10.0,130,10.0,,,,,,"Partially shaded",,,,,,,"xYAz/hoNa4beHeF8Co82eF9aIjZ5mOeG","FXeeUI9aIn8X0VAR1BEIFKA+Tv3GsCYT","legacyData"
"868c23a7-8a86-49fa-8bfc-cea72123406c","HARV_035.basePlot.vst","2015-08-21","vst_HARV_2015","D01","HARV","HARV_035",,"NEON.PLA.D01.HARV.04596",,,"Standing dead",2.6,130,3.4,,,,,,,,,,,,,"TGKMhzhi7g/a3bvt0kxQ5Ajc+R5AWqx2","xYAz/hoNa4beHeF8Co82eF9aIjZ5mOeG","legacyData"
"e59f6be7-e895-44fa-aeb6-6347b39d96d4","HARV_035.basePlot.vst","2015-08-21","vst_HARV_2015","D01","HARV","HARV_035",,"NEON.PLA.D01.HARV.04520",,,"Standing dead",11.3,130,8.6,,,,,,"Full shade",,,,,,,"xYAz/hoNa4beHeF8Co82eF9aIjZ5mOeG","FXeeUI9aIn8X0VAR1BEIFKA+Tv3GsCYT","legacyData"
"7456f760-9daa-4e6b-ab4d-4bfafdde2e18","HARV_035.basePlot.vst","2015-08-21","vst_HARV_2015","D01","HARV","HARV_035",,"NEON.PLA.D01.HARV.04072",,,"Live, disease damaged",19.7,130,14.1,,,,,,"Partially shaded",,,,,,,"xYAz/hoNa4beHeF8Co82eF9aIjZ5mOeG","FXeeUI9aIn8X0VAR1BEIFKA+Tv3GsCYT","legacyData"
"62e9b4be-956a-4b10-ba3c-9bd9e210e446","HARV_035.basePlot.vst","2015-08-21","vst_HARV_2015","D01","HARV","HARV_035",,"NEON.PLA.D01.HARV.04530",,,"Live, disease damaged",18.8,130,10.8,,,,,,"Mostly shaded",,,,,,,"xYAz/hoNa4beHeF8Co82eF9aIjZ5mOeG","FXeeUI9aIn8X0VAR1BEIFKA+Tv3GsCYT","legacyData"
"e7e586f8-fb1b-436a-99f1-2ec81672448b","HARV_035.basePlot.vst","2015-08-21","vst_HARV_2015","D01","HARV","HARV_035",,"NEON.PLA.D01.HARV.04074",,,"Live",10.1,130,10.3,,,,,,"Mostly shaded",,,,,,,"xYAz/hoNa4beHeF8Co82eF9aIjZ5mOeG","FXeeUI9aIn8X0VAR1BEIFKA+Tv3GsCYT","legacyData"
"2f05b326-c6c3-4e14-8e8f-80bf5e1ced43","HARV_035.basePlot.vst","2015-08-21","vst_HARV_2015","D01","HARV","HARV_035",,"NEON.PLA.D01.HARV.04522",,,"Live",13.4,130,13.9,,,,,,"Partially shaded",,,,,,,"xYAz/hoNa4beHeF8Co82eF9aIjZ5mOeG","FXeeUI9aIn8X0VAR1BEIFKA+Tv3GsCYT","legacyData"
"357c8ba8-263d-4ebf-969c-5c34609b54d9","HARV_035.basePlot.vst","2015-08-21","vst_HARV_2015","D01","HARV","HARV_035",,"NEON.PLA.D01.HARV.04541",,,"Live",28.8,130,16.5,,,,,,"Full sun",,,,,,,"xYAz/hoNa4beHeF8Co82eF9aIjZ5mOeG","FXeeUI9aIn8X0VAR1BEIFKA+Tv3GsCYT","legacyData"
"b48384e3-9b4b-46ea-ab73-a2efc442f966","HARV_035.basePlot.vst","2015-08-21","vst_HARV_2015","D01","HARV","HARV_035",,"NEON.PLA.D01.HARV.04581",,,"Live",1.7,130,1.3,,,,,,,,,,,,,"TGKMhzhi7g/a3bvt0kxQ5Ajc+R5AWqx2","xYAz/hoNa4beHeF8Co82eF9aIjZ5mOeG","legacyData"
"df1ff79c-fa50-44a6-8da5-ec9f61b536e2","HARV_035.basePlot.vst","2015-08-21","vst_HARV_2015","D01","HARV","HARV_035",,"NEON.PLA.D01.HARV.04591",,,"Standing dead",2.6,130,2.7,,,,,,,,,,,,,"TGKMhzhi7g/a3bvt0kxQ5Ajc+R5AWqx2","xYAz/hoNa4beHeF8Co82eF9aIjZ5mOeG","legacyData"
"b28a3045-9fe1-4f6b-95c5-436d26919bb4","HARV_035.basePlot.vst","2015-08-21","vst_HARV_2015","D01","HARV","HARV_035",,"NEON.PLA.D01.HARV.04536",,,"Live, disease damaged",21.5,130,13.7,,,,,,"Partially shaded",,,,,,,"xYAz/hoNa4beHeF8Co82eF9aIjZ5mOeG","FXeeUI9aIn8X0VAR1BEIFKA+Tv3GsCYT","legacyData"
"02054ed5-8c93-4a98-afae-cc8835d6ab71","HARV_035.basePlot.vst","2015-08-21","vst_HARV_2015","D01","HARV","HARV_035",,"NEON.PLA.D01.HARV.04088",,,"Live, disease damaged",15.7,130,9.3,,,,,,"Mostly shaded",,,,,,,"TGKMhzhi7g/a3bvt0kxQ5Ajc+R5AWqx2","xYAz/hoNa4beHeF8Co82eF9aIjZ5mOeG","legacyData"
"0ce9200a-900e-4c0c-8d24-8b9b4788a779","HARV_035.basePlot.vst","2015-08-21","vst_HARV_2015","D01","HARV","HARV_035",,"NEON.PLA.D01.HARV.04560",,,"Live, disease damaged",10.8,130,8.5,,,,,,"Mostly shaded",,,,,,,"xYAz/hoNa4beHeF8Co82eF9aIjZ5mOeG","FXeeUI9aIn8X0VAR1BEIFKA+Tv3GsCYT","legacyData"
"62282501-28ae-4365-bc93-9e41a5002af9","HARV_035.basePlot.vst","2015-08-21","vst_HARV_2015","D01","HARV","HARV_035",,"NEON.PLA.D01.HARV.04582",,,"Live",4.0,130,3.1,,,,,,,,,,,,,"TGKMhzhi7g/a3bvt0kxQ5Ajc+R5AWqx2","xYAz/hoNa4beHeF8Co82eF9aIjZ5mOeG","legacyData"
"32f0a555-9cc9-4c04-90fd-a949b624f939","HARV_035.basePlot.vst","2015-08-21","vst_HARV_2015","D01","HARV","HARV_035",,"NEON.PLA.D01.HARV.04068",,,"Live",11.4,130,11.6,,,,,,"Partially shaded",,,,,,,"xYAz/hoNa4beHeF8Co82eF9aIjZ5mOeG","FXeeUI9aIn8X0VAR1BEIFKA+Tv3GsCYT","legacyData"
"a39ecbc9-d8b1-4aba-be40-f49c0e480b6e","HARV_035.basePlot.vst","2015-08-21","vst_HARV_2015","D01","HARV","HARV_035",,"NEON.PLA.D01.HARV.04586",,,"Live",7.4,130,9.4,,,,,,,,,,,,,"TGKMhzhi7g/a3bvt0kxQ5Ajc+R5AWqx2","xYAz/hoNa4beHeF8Co82eF9aIjZ5mOeG","legacyData"
"394e2ca5-eb59-48a5-a666-76432412b036","HARV_035.basePlot.vst","2015-08-21","vst_HARV_2015","D01","HARV","HARV_035",,"NEON.PLA.D01.HARV.04555",,,"Live, disease damaged",11.8,130,13.8,,,,,,"Mostly shaded",,,,,,,"xYAz/hoNa4beHeF8Co82eF9aIjZ5mOeG","FXeeUI9aIn8X0VAR1BEIFKA+Tv3GsCYT","legacyData"
"5d2096ab-f0ec-4a3d-a722-c74d42414be1","HARV_035.basePlot.vst","2015-08-21","vst_HARV_2015","D01","HARV","HARV_035",,"NEON.PLA.D01.HARV.04099",,,"Live, disease damaged",15.3,130,7.3,,,,,,"Mostly shaded",,,,,,,"TGKMhzhi7g/a3bvt0kxQ5Ajc+R5AWqx2","xYAz/hoNa4beHeF8Co82eF9aIjZ5mOeG","legacyData"
"cdbccc9b-cda0-4229-a5bc-4a41920ad402","HARV_035.basePlot.vst","2015-08-21","vst_HARV_2015","D01","HARV","HARV_035",,"NEON.PLA.D01.HARV.02446",,,"Live, disease damaged",8.9,130,5.1,,,,,,,,,,,,,"TGKMhzhi7g/a3bvt0kxQ5Ajc+R5AWqx2","xYAz/hoNa4beHeF8Co82eF9aIjZ5mOeG","legacyData"
"62bd9067-43e6-41dc-9ebf-386c3a441cbd","HARV_035.basePlot.vst","2015-08-21","vst_HARV_2015","D01","HARV","HARV_035",,"NEON.PLA.D01.HARV.04563",,,"Live",10.5,130,9.7,,,,,,"Mostly shaded",,,,,,,"xYAz/hoNa4beHeF8Co82eF9aIjZ5mOeG","FXeeUI9aIn8X0VAR1BEIFKA+Tv3GsCYT","legacyData"
"b723950d-1427-41f4-8855-d7a86ed2494a","HARV_035.basePlot.vst","2015-08-21","vst_HARV_2015","D01","HARV","HARV_035",,"NEON.PLA.D01.HARV.04519",,,"Live",15.8,130,14.2,,,,,,"Partially shaded",,,,,,,"xYAz/hoNa4beHeF8Co82eF9aIjZ5mOeG","FXeeUI9aIn8X0VAR1BEIFKA+Tv3GsCYT","legacyData"
"245c4171-f95a-4535-a9c4-3bbc6649b942","HARV_035.basePlot.vst","2015-08-21","vst_HARV_2015","D01","HARV","HARV_035",,"NEON.PLA.D01.HARV.04535",,,"Live, disease damaged",20.4,130,16.1,,,,,,"Partially shaded",,,,,,,"xYAz/hoNa4beHeF8Co82eF9aIjZ5mOeG","FXeeUI9aIn8X0VAR1BEIFKA+Tv3GsCYT","legacyData"
"b4371113-b45a-480c-af79-63c9f3dd2316","HARV_006.basePlot.vst","2015-08-24","vst_HARV_2015","D01","HARV","HARV_006",,"NEON.PLA.D01.HARV.01791",,,"Live",30.5,130,18.2,,,,5.5,4.8,"Full sun",,,,,,,"afMynumrDJcbQNK5ece65stvlBUGBI24","XdV86USKkiYZfb6rmwpnK/f2Yah5qnQO","legacyData"
"5902e72b-bc17-4bdc-a377-b5046b9c6b3c","HARV_006.basePlot.vst","2015-08-24","vst_HARV_2015","D01","HARV","HARV_006",,"NEON.PLA.D01.HARV.01792",,,"Live",5.4,130,3.7,,,,,,"Mostly shaded",,,,,,,"afMynumrDJcbQNK5ece65stvlBUGBI24","XdV86USKkiYZfb6rmwpnK/f2Yah5qnQO","legacyData"
"4db6c89d-5dc0-42a5-9ad5-20b2a1dcd07a","HARV_006.basePlot.vst","2015-08-24","vst_HARV_2015","D01","HARV","HARV_006",,"NEON.PLA.D01.HARV.01735",,,"Live",4.3,125,2.7,,,,,,"Mostly shaded",,,,,,,"afMynumrDJcbQNK5ece65stvlBUGBI24","XdV86USKkiYZfb6rmwpnK/f2Yah5qnQO","legacyData"
"c92401a0-f836-4bdf-9f86-a8c90591cac1","HARV_006.basePlot.vst","2015-08-24","vst_HARV_2015","D01","HARV","HARV_006",,"NEON.PLA.D01.HARV.01705",,,"Standing dead",4.2,130,3.3,,,,,,"Mostly shaded",,,,,,,"afMynumrDJcbQNK5ece65stvlBUGBI24","XdV86USKkiYZfb6rmwpnK/f2Yah5qnQO","legacyData"
"ddd2e38e-9923-472e-a654-5c76b4bcf881","HARV_006.basePlot.vst","2015-08-24","vst_HARV_2015","D01","HARV","HARV_006",,"NEON.PLA.D01.HARV.01795",,,"Live",13.5,130,13.5,,,,3.3,1.7,"Partially shaded",,,,,,,"afMynumrDJcbQNK5ece65stvlBUGBI24","XdV86USKkiYZfb6rmwpnK/f2Yah5qnQO","legacyData"
"75349211-5b07-461c-8693-2f4314353e32","HARV_006.basePlot.vst","2015-08-24","vst_HARV_2015","D01","HARV","HARV_006",,"NEON.PLA.D01.HARV.01733",,,"Live",4.6,135,4.1,,,,,,"Mostly shaded",,,,,,,"afMynumrDJcbQNK5ece65stvlBUGBI24","XdV86USKkiYZfb6rmwpnK/f2Yah5qnQO","legacyData | noMapTagData"
"9865dab9-1930-4d24-8d7e-4b863a305800","HARV_006.basePlot.vst","2015-08-24","vst_HARV_2015","D01","HARV","HARV_006",,"NEON.PLA.D01.HARV.01794",,,"Live",20.8,130,14.6,,,,4.9,2.1,"Partially shaded",,,,,,,"afMynumrDJcbQNK5ece65stvlBUGBI24","XdV86USKkiYZfb6rmwpnK/f2Yah5qnQO","legacyData"
"b504656a-10e0-49ec-aee0-3eb12d950eaa","HARV_006.basePlot.vst","2015-08-24","vst_HARV_2015","D01","HARV","HARV_006",,"NEON.PLA.D01.HARV.01789",,,"Live",18.6,130,17.7,,,,6.5,3.5,"Full sun",,,,,,,"afMynumrDJcbQNK5ece65stvlBUGBI24","XdV86USKkiYZfb6rmwpnK/f2Yah5qnQO","legacyData"
"74071b44-717b-42d7-b841-b7881b44d847","HARV_006.basePlot.vst","2015-08-24","vst_HARV_2015","D01","HARV","HARV_006",,"NEON.PLA.D01.HARV.01793",,,"Live",16.8,130,14.6,,,,3.5,2.5,"Partially shaded",,,,,,,"afMynumrDJcbQNK5ece65stvlBUGBI24","XdV86USKkiYZfb6rmwpnK/f2Yah5qnQO","legacyData"
"3523a11d-8200-463b-93ac-220c6d1be2b7","HARV_006.basePlot.vst","2015-08-24","vst_HARV_2015","D01","HARV","HARV_006",,"NEON.PLA.D01.HARV.01797",,,"Live",47.7,130,13.1,,,,8.0,5.4,"Full sun",,,,,,"no transcription errors found","afMynumrDJcbQNK5ece65stvlBUGBI24","XdV86USKkiYZfb6rmwpnK/f2Yah5qnQO","legacyData"
"c0ffede7-a601-417d-8897-b41ef4f6875a","HARV_006.basePlot.vst","2015-08-24","vst_HARV_2015","D01","HARV","HARV_006",,"NEON.PLA.D01.HARV.01790",,,"Live",10.0,130,10.5,,,,8.4,5.8,"Partially shaded",,,,,,,"afMynumrDJcbQNK5ece65stvlBUGBI24","XdV86USKkiYZfb6rmwpnK/f2Yah5qnQO","legacyData"
"04d39f68-ed00-43d5-a14a-8ef75de5e940","HARV_006.basePlot.vst","2015-08-24","vst_HARV_2015","D01","HARV","HARV_006",,"NEON.PLA.D01.HARV.01736",,,"Standing dead",3.0,130,2.4,,,,,,"Mostly shaded",,,,,,,"afMynumrDJcbQNK5ece65stvlBUGBI24","XdV86USKkiYZfb6rmwpnK/f2Yah5qnQO","legacyData"
"d0990f43-0f6f-4125-ba7e-f3704afd9726","HARV_006.basePlot.vst","2015-08-24","vst_HARV_2015","D01","HARV","HARV_006",,"NEON.PLA.D01.HARV.01747",,,"Live",5.9,130,4.0,,,,,,"Mostly shaded",,,,,,,"afMynumrDJcbQNK5ece65stvlBUGBI24","XdV86USKkiYZfb6rmwpnK/f2Yah5qnQO","legacyData"
"f3f4f399-61b2-4a15-8f37-aef6fdd7a8fa","HARV_006.basePlot.vst","2015-08-24","vst_HARV_2015","D01","HARV","HARV_006",,"NEON.PLA.D01.HARV.01796",,,"Live",4.8,130,2.6,,,,,,"Mostly shaded",,,,,,,"afMynumrDJcbQNK5ece65stvlBUGBI24","XdV86USKkiYZfb6rmwpnK/f2Yah5qnQO","legacyData"
"4a8f91d3-c467-409b-befe-23f4ef35d849","HARV_006.basePlot.vst","2015-08-24","vst_HARV_2015","D01","HARV","HARV_006",,"NEON.PLA.D01.HARV.01732",,,"Live",6.0,130,3.6,,,,,,"Mostly shaded",,,,,,"no transcription errors found","afMynumrDJcbQNK5ece65stvlBUGBI24","XdV86USKkiYZfb6rmwpnK/f2Yah5qnQO","legacyData"
"f3b85732-1295-4d22-a9a0-cfbf1cc73c8d","HARV_006.basePlot.vst","2015-08-24","vst_HARV_2015","D01","HARV","HARV_006",,"NEON.PLA.D01.HARV.01734",,,"Live",5.8,130,6.8,,,,,,"Mostly shaded",,,,,,,"afMynumrDJcbQNK5ece65stvlBUGBI24","XdV86USKkiYZfb6rmwpnK/f2Yah5qnQO","legacyData"
"6f31c53a-fce9-4412-8d89-9bdb62439b7f","HARV_006.basePlot.vst","2015-08-24","vst_HARV_2015","D01","HARV","HARV_006",,"NEON.PLA.D01.HARV.01729",,,"Live",6.5,130,4.1,,,,,,"Mostly shaded",,,,,,,"afMynumrDJcbQNK5ece65stvlBUGBI24","XdV86USKkiYZfb6rmwpnK/f2Yah5qnQO","legacyData"
"7fc5c7c8-2521-461e-9598-1b19a436def0","HARV_006.basePlot.vst","2015-08-26","vst_HARV_2015","D01","HARV","HARV_006",,"NEON.PLA.D01.HARV.01188",,,"Live",7.1,130,6.9,,,,,,,,,,,,,"XdV86USKkiYZfb6rmwpnK/f2Yah5qnQO","xLZ+YqMrzOOIoCWuzuptWcn+zeO8dPFj","legacyData"
"1929097c-832c-47ed-90e1-7868e653398a","HARV_006.basePlot.vst","2015-08-26","vst_HARV_2015","D01","HARV","HARV_006",,"NEON.PLA.D01.HARV.01174",,,"Live",7.9,130,5.7,,,,,,,,,,,,,"XdV86USKkiYZfb6rmwpnK/f2Yah5qnQO","xLZ+YqMrzOOIoCWuzuptWcn+zeO8dPFj","legacyData"
"63f02c25-641f-49f5-8ecd-0b2f39b276b3","HARV_006.basePlot.vst","2015-08-26","vst_HARV_2015","D01","HARV","HARV_006",,"NEON.PLA.D01.HARV.09508",,"small tree","Standing dead",3.8,130,3.0,,,,,,,,,,,,,"XdV86USKkiYZfb6rmwpnK/f2Yah5qnQO","xLZ+YqMrzOOIoCWuzuptWcn+zeO8dPFj","legacyData"
"c1664d5b-db31-4250-ad80-0ca6a11b4bb9","HARV_006.basePlot.vst","2015-08-26","vst_HARV_2015","D01","HARV","HARV_006",,"NEON.PLA.D01.HARV.01788",,,"Live",27.9,130,18.5,,,,13.5,6.6,"Full sun",,,,,,,"XdV86USKkiYZfb6rmwpnK/f2Yah5qnQO","xLZ+YqMrzOOIoCWuzuptWcn+zeO8dPFj","legacyData"
"b0881777-2d26-4adf-aa1b-6484b8765daf","HARV_006.basePlot.vst","2015-08-26","vst_HARV_2015","D01","HARV","HARV_006",,"NEON.PLA.D01.HARV.01164",,,"Standing dead",5.9,130,3.2,,,,,,,,,,,,,"XdV86USKkiYZfb6rmwpnK/f2Yah5qnQO","xLZ+YqMrzOOIoCWuzuptWcn+zeO8dPFj","legacyData"
"9f590665-8c44-4103-888c-3837aba1f816","HARV_006.basePlot.vst","2015-08-26","vst_HARV_2015","D01","HARV","HARV_006",,"NEON.PLA.D01.HARV.09506",,"small tree","Standing dead",1.2,130,1.5,,,,,,,,,,,,,"XdV86USKkiYZfb6rmwpnK/f2Yah5qnQO","xLZ+YqMrzOOIoCWuzuptWcn+zeO8dPFj","legacyData"
"a0cb4c96-0b8e-428a-a807-69b99e458083","HARV_006.basePlot.vst","2015-08-26","vst_HARV_2015","D01","HARV","HARV_006",,"NEON.PLA.D01.HARV.01177",,,"Live",18.6,130,16.9,,,,7.1,4.6,"Full sun",,,,,,,"XdV86USKkiYZfb6rmwpnK/f2Yah5qnQO","xLZ+YqMrzOOIoCWuzuptWcn+zeO8dPFj","legacyData"
"204169cf-64a6-41b1-bf00-0951828fc808","HARV_006.basePlot.vst","2015-08-26","vst_HARV_2015","D01","HARV","HARV_006",,"NEON.PLA.D01.HARV.01168",,,"Live",13.4,130,11.6,,,,17.0,5.7,"Partially shaded",,,,,,,"XdV86USKkiYZfb6rmwpnK/f2Yah5qnQO","xLZ+YqMrzOOIoCWuzuptWcn+zeO8dPFj","legacyData"
"683b71b9-11b8-4c64-b02c-c912981a2900","HARV_006.basePlot.vst","2015-08-26","vst_HARV_2015","D01","HARV","HARV_006",,"NEON.PLA.D01.HARV.01155",,,"Live",8.3,130,4.3,,,,,,"Mostly shaded",,,,,,,"XdV86USKkiYZfb6rmwpnK/f2Yah5qnQO","xLZ+YqMrzOOIoCWuzuptWcn+zeO8dPFj","legacyData"
"6de53c02-0776-4e57-a2ca-86d47d34b009","HARV_006.basePlot.vst","2015-08-26","vst_HARV_2015","D01","HARV","HARV_006",,"NEON.PLA.D01.HARV.01186",,,"Live",5.1,130,3.5,,,,,,,,,,,,,"XdV86USKkiYZfb6rmwpnK/f2Yah5qnQO","xLZ+YqMrzOOIoCWuzuptWcn+zeO8dPFj","legacyData"
"3322cf68-14dd-4b9e-9f61-1c5c16bbefc5","HARV_006.basePlot.vst","2015-08-26","vst_HARV_2015","D01","HARV","HARV_006",,"NEON.PLA.D01.HARV.01170",,,"Live",35.0,130,16.6,,,,10.6,6.9,"Full sun",,,,,,,"XdV86USKkiYZfb6rmwpnK/f2Yah5qnQO","xLZ+YqMrzOOIoCWuzuptWcn+zeO8dPFj","legacyData"
"58df1444-b98b-4c49-a2e9-aea6ba2c7829","HARV_006.basePlot.vst","2015-08-26","vst_HARV_2015","D01","HARV","HARV_006",,"NEON.PLA.D01.HARV.01184",,,"Live",4.3,130,2.7,,,,,,,,,,,,,"XdV86USKkiYZfb6rmwpnK/f2Yah5qnQO","xLZ+YqMrzOOIoCWuzuptWcn+zeO8dPFj","legacyData"
"0312530f-9fc6-4d99-a479-fdfbeba3a542","HARV_006.basePlot.vst","2015-08-26","vst_HARV_2015","D01","HARV","HARV_006",,"NEON.PLA.D01.HARV.01739",,,"Live",5.9,130,5.1,,,,,,,,,,,,,"XdV86USKkiYZfb6rmwpnK/f2Yah5qnQO","xLZ+YqMrzOOIoCWuzuptWcn+zeO8dPFj","legacyData"
"c7d61f85-bb94-4dee-a86c-93363ec47aa1","HARV_006.basePlot.vst","2015-08-26","vst_HARV_2015","D01","HARV","HARV_006",,"NEON.PLA.D01.HARV.01171",,,"Live",7.1,130,4.5,,,,,,,,,,,,,"XdV86USKkiYZfb6rmwpnK/f2Yah5qnQO","xLZ+YqMrzOOIoCWuzuptWcn+zeO8dPFj","legacyData"
"134ab73b-f040-41b1-8c45-887e754f4532","HARV_006.basePlot.vst","2015-08-26","vst_HARV_2015","D01","HARV","HARV_006",,"NEON.PLA.D01.HARV.01163",,,"Live",28.8,130,18.5,,,,10.7,8.1,"Full sun",,,,,,"no transcription errors found","XdV86USKkiYZfb6rmwpnK/f2Yah5qnQO","xLZ+YqMrzOOIoCWuzuptWcn+zeO8dPFj","legacyData"
"f879bf93-50fc-4d54-a015-a39b57f3a47f","HARV_006.basePlot.vst","2015-08-26","vst_HARV_2015","D01","HARV","HARV_006",,"NEON.PLA.D01.HARV.01178",,,"Live",8.6,130,5.9,,,,,,,,,,,,,"XdV86USKkiYZfb6rmwpnK/f2Yah5qnQO","xLZ+YqMrzOOIoCWuzuptWcn+zeO8dPFj","legacyData"
"416d1f5a-c691-49f7-b690-46569ee1fd12","HARV_006.basePlot.vst","2015-08-26","vst_HARV_2015","D01","HARV","HARV_006",,"NEON.PLA.D01.HARV.01738",,,"Live",5.9,130,3.5,,,,,,,,,,,,,"XdV86USKkiYZfb6rmwpnK/f2Yah5qnQO","xLZ+YqMrzOOIoCWuzuptWcn+zeO8dPFj","legacyData"
"0d37db41-8b62-4429-b566-916f597811c4","HARV_006.basePlot.vst","2015-08-26","vst_HARV_2015","D01","HARV","HARV_006",,"NEON.PLA.D01.HARV.01779",,,"Live",33.1,130,19.1,,,,13.6,10.6,"Full sun",,,,,,,"XdV86USKkiYZfb6rmwpnK/f2Yah5qnQO","xLZ+YqMrzOOIoCWuzuptWcn+zeO8dPFj","legacyData"
"8c21da2b-a224-49ed-b9c1-17e8f3848993","HARV_006.basePlot.vst","2015-08-26","vst_HARV_2015","D01","HARV","HARV_006",,"NEON.PLA.D01.HARV.01800",,,"Live",11.3,130,13.2,,,,6.1,5.1,"Partially shaded",,,,,,,"XdV86USKkiYZfb6rmwpnK/f2Yah5qnQO","xLZ+YqMrzOOIoCWuzuptWcn+zeO8dPFj","legacyData"
"93715fc1-e543-483e-ab5f-b719f9d4dd43","HARV_006.basePlot.vst","2015-08-26","vst_HARV_2015","D01","HARV","HARV_006",,"NEON.PLA.D01.HARV.01746",,,"Live",2.2,10,1.8,,,,,,,,,,,,,"XdV86USKkiYZfb6rmwpnK/f2Yah5qnQO","xLZ+YqMrzOOIoCWuzuptWcn+zeO8dPFj","legacyData"
"74d67cf5-65cd-4321-b641-8e1c5822d13f","HARV_006.basePlot.vst","2015-08-26","vst_HARV_2015","D01","HARV","HARV_006",,"NEON.PLA.D01.HARV.01175",,,"Standing dead",11.8,130,7.8,,,,3.9,3.5,"Mostly shaded",,,,,,,"XdV86USKkiYZfb6rmwpnK/f2Yah5qnQO","xLZ+YqMrzOOIoCWuzuptWcn+zeO8dPFj","legacyData"
"f4ec1c99-86fc-4f78-b022-cedd77ea7265","HARV_006.basePlot.vst","2015-08-26","vst_HARV_2015","D01","HARV","HARV_006",,"NEON.PLA.D01.HARV.01162",,,"Live",6.5,130,4.1,,,,,,,,,,,,,"XdV86USKkiYZfb6rmwpnK/f2Yah5qnQO","xLZ+YqMrzOOIoCWuzuptWcn+zeO8dPFj","legacyData"
"82282319-f131-4684-b6a6-be47f4feadca","HARV_006.basePlot.vst","2015-08-26","vst_HARV_2015","D01","HARV","HARV_006",,"NEON.PLA.D01.HARV.01158",,,"Live",3.1,130,2.1,,,,,,,,,,,,,"XdV86USKkiYZfb6rmwpnK/f2Yah5qnQO","xLZ+YqMrzOOIoCWuzuptWcn+zeO8dPFj","legacyData"
"514a494b-d5bd-4857-8b11-1799a72dba43","HARV_006.basePlot.vst","2015-08-26","vst_HARV_2015","D01","HARV","HARV_006",,"NEON.PLA.D01.HARV.01785",,,"Live",9.0,130,6.9,,,,,,,,,,,,,"XdV86USKkiYZfb6rmwpnK/f2Yah5qnQO","xLZ+YqMrzOOIoCWuzuptWcn+zeO8dPFj","legacyData"
"dba90fda-d86a-4266-a6c7-e28ed52aaaaa","HARV_006.basePlot.vst","2015-08-26","vst_HARV_2015","D01","HARV","HARV_006",,"NEON.PLA.D01.HARV.01166",,,"Live",7.8,130,6.2,,,,,,,,,,,,,"XdV86USKkiYZfb6rmwpnK/f2Yah5qnQO","xLZ+YqMrzOOIoCWuzuptWcn+zeO8dPFj","legacyData"
"42ae5220-7eab-46e2-ba72-52b8b2295df8","HARV_006.basePlot.vst","2015-08-26","vst_HARV_2015","D01","HARV","HARV_006",,"NEON.PLA.D01.HARV.09507",,"small tree","Standing dead",3.8,130,2.2,,,,,,,,,,,,,"XdV86USKkiYZfb6rmwpnK/f2Yah5qnQO","xLZ+YqMrzOOIoCWuzuptWcn+zeO8dPFj","legacyData"
"2164e0d8-55ce-4f70-89a5-ced5e6b1028c","HARV_006.basePlot.vst","2015-08-26","vst_HARV_2015","D01","HARV","HARV_006",,"NEON.PLA.D01.HARV.01799",,,"Live",14.9,130,9.2,,,,10.6,7.3,"Full sun",,,,,,"SBT recorded as an MBT","XdV86USKkiYZfb6rmwpnK/f2Yah5qnQO","xLZ+YqMrzOOIoCWuzuptWcn+zeO8dPFj","legacyData"
"8d05d7e2-ae17-4b92-8933-614846783cc2","HARV_006.basePlot.vst","2015-08-26","vst_HARV_2015","D01","HARV","HARV_006",,"NEON.PLA.D01.HARV.01167",,,"Live",35.5,130,17.2,,,,10.0,7.1,"Full sun",,,,,,,"XdV86USKkiYZfb6rmwpnK/f2Yah5qnQO","xLZ+YqMrzOOIoCWuzuptWcn+zeO8dPFj","legacyData"
"24395873-62c6-4e0b-94ef-7cba50f5761c","HARV_006.basePlot.vst","2015-08-26","vst_HARV_2015","D01","HARV","HARV_006",,"NEON.PLA.D01.HARV.01181",,,"Live",28.6,130,16.0,,,,9.1,8.5,"Full sun",,,,,,,"XdV86USKkiYZfb6rmwpnK/f2Yah5qnQO","xLZ+YqMrzOOIoCWuzuptWcn+zeO8dPFj","legacyData"
"1aa6f52c-420c-431f-95b9-ca9bb24f00c6","HARV_006.basePlot.vst","2015-08-26","vst_HARV_2015","D01","HARV","HARV_006",,"NEON.PLA.D01.HARV.01157",,,"Live",10.3,130,12.3,,,,7.6,5.1,"Partially shaded",,,,,,,"XdV86USKkiYZfb6rmwpnK/f2Yah5qnQO","xLZ+YqMrzOOIoCWuzuptWcn+zeO8dPFj","legacyData"
"e8fa1107-a644-45c3-b4ed-b04d236c9d78","HARV_006.basePlot.vst","2015-08-26","vst_HARV_2015","D01","HARV","HARV_006",,"NEON.PLA.D01.HARV.01160",,,"Live",7.4,130,5.5,,,,,,,,,,,,,"XdV86USKkiYZfb6rmwpnK/f2Yah5qnQO","xLZ+YqMrzOOIoCWuzuptWcn+zeO8dPFj","legacyData"
"8f62014a-71b6-453e-b792-889f6fa06cda","HARV_006.basePlot.vst","2015-08-26","vst_HARV_2015","D01","HARV","HARV_006",,"NEON.PLA.D01.HARV.01169",,,"Live",8.2,130,5.2,,,,,,,,,,,,,"XdV86USKkiYZfb6rmwpnK/f2Yah5qnQO","xLZ+YqMrzOOIoCWuzuptWcn+zeO8dPFj","legacyData"
"cacc1025-63df-4773-89d0-5ecc664be422","HARV_006.basePlot.vst","2015-08-26","vst_HARV_2015","D01","HARV","HARV_006",,"NEON.PLA.D01.HARV.01179",,,"Standing dead",28.1,130,1.8,,,,,,"Full shade",,,,,,,"XdV86USKkiYZfb6rmwpnK/f2Yah5qnQO","xLZ+YqMrzOOIoCWuzuptWcn+zeO8dPFj","legacyData"
"ea094e77-abc7-4627-8780-cdf5e88fdf2f","HARV_006.basePlot.vst","2015-08-26","vst_HARV_2015","D01","HARV","HARV_006",,"NEON.PLA.D01.HARV.01750",,,"Live",6.4,130,3.3,,,,,,,,,,,,"no transcription errors found","XdV86USKkiYZfb6rmwpnK/f2Yah5qnQO","xLZ+YqMrzOOIoCWuzuptWcn+zeO8dPFj","legacyData"
"408625bb-eff9-4a1e-966d-458fe391ffb6","HARV_006.basePlot.vst","2015-08-26","vst_HARV_2015","D01","HARV","HARV_006",,"NEON.PLA.D01.HARV.01730",,,"Live",4.8,130,2.8,,,,,,,,,,,,,"XdV86USKkiYZfb6rmwpnK/f2Yah5qnQO","xLZ+YqMrzOOIoCWuzuptWcn+zeO8dPFj","legacyData"
"241cc98f-1540-4ecc-825c-883dfaff2cfa","HARV_006.basePlot.vst","2015-08-26","vst_HARV_2015","D01","HARV","HARV_006",,"NEON.PLA.D01.HARV.01748",,,"Live, physically damaged",6.3,130,5.4,,,,,,,,,,,,,"XdV86USKkiYZfb6rmwpnK/f2Yah5qnQO","xLZ+YqMrzOOIoCWuzuptWcn+zeO8dPFj","legacyData"
"791c05ae-223f-4ee0-b715-736a97702f2c","HARV_006.basePlot.vst","2015-08-26","vst_HARV_2015","D01","HARV","HARV_006",,"NEON.PLA.D01.HARV.01173",,,"Standing dead",7.1,130,4.6,,,,,,,,,,,,"no transcription errors found","XdV86USKkiYZfb6rmwpnK/f2Yah5qnQO","xLZ+YqMrzOOIoCWuzuptWcn+zeO8dPFj","legacyData"
"940f54d3-8286-45de-87cb-c87105c60a34","HARV_006.basePlot.vst","2015-08-26","vst_HARV_2015","D01","HARV","HARV_006",,"NEON.PLA.D01.HARV.09596",,,"Standing dead",5.4,130,1.8,,,,,,,,,,,,,"XdV86USKkiYZfb6rmwpnK/f2Yah5qnQO","xLZ+YqMrzOOIoCWuzuptWcn+zeO8dPFj","legacyData"
"1f06025c-a2c6-48a7-909c-644031031a83","HARV_006.basePlot.vst","2015-08-26","vst_HARV_2015","D01","HARV","HARV_006",,"NEON.PLA.D01.HARV.09502",,"small tree","Standing dead",9.5,130,5.9,,,,,,,,,,,,,"XdV86USKkiYZfb6rmwpnK/f2Yah5qnQO","xLZ+YqMrzOOIoCWuzuptWcn+zeO8dPFj","legacyData"
"7119597a-31ca-4251-9dbf-230eddb5abc9","HARV_006.basePlot.vst","2015-08-26","vst_HARV_2015","D01","HARV","HARV_006",,"NEON.PLA.D01.HARV.01781",,,"Live",10.7,130,6.9,,,,4.6,4.4,"Mostly shaded",,,,,,,"XdV86USKkiYZfb6rmwpnK/f2Yah5qnQO","xLZ+YqMrzOOIoCWuzuptWcn+zeO8dPFj","legacyData"
"a4d5c282-77b2-43d9-92b6-c09196af9675","HARV_006.basePlot.vst","2015-08-26","vst_HARV_2015","D01","HARV","HARV_006",,"NEON.PLA.D01.HARV.09505",,"small tree","Standing dead",3.4,130,2.4,,,,,,,,,,,,,"XdV86USKkiYZfb6rmwpnK/f2Yah5qnQO","xLZ+YqMrzOOIoCWuzuptWcn+zeO8dPFj","legacyData"
"fcd0aed1-7e47-4bf4-ab69-1e2ff6932bda","HARV_006.basePlot.vst","2015-08-26","vst_HARV_2015","D01","HARV","HARV_006",,"NEON.PLA.D01.HARV.01187",,,"Live,  other damage",18.1,130,11.6,,,,4.3,3.0,"Partially shaded",,,,,,,"XdV86USKkiYZfb6rmwpnK/f2Yah5qnQO","xLZ+YqMrzOOIoCWuzuptWcn+zeO8dPFj","legacyData"
"0f49260f-e4cb-45e9-8c24-2f3118f4e33a","HARV_006.basePlot.vst","2015-08-26","vst_HARV_2015","D01","HARV","HARV_006",,"NEON.PLA.D01.HARV.09600",,"small tree","Standing dead",1.1,130,1.7,,,,,,,,,,,,,"XdV86USKkiYZfb6rmwpnK/f2Yah5qnQO","xLZ+YqMrzOOIoCWuzuptWcn+zeO8dPFj","legacyData"
"00360d3a-4d55-4ff1-8216-d1d2c556044b","HARV_006.basePlot.vst","2015-08-26","vst_HARV_2015","D01","HARV","HARV_006",,"NEON.PLA.D01.HARV.09503",,"small tree","Standing dead",5.8,135,3.4,,,,,,,,,,,,"no transcription errors found","XdV86USKkiYZfb6rmwpnK/f2Yah5qnQO","xLZ+YqMrzOOIoCWuzuptWcn+zeO8dPFj","legacyData"
"0bb4daff-baf6-40f0-82d4-1169c7facd58","HARV_006.basePlot.vst","2015-08-26","vst_HARV_2015","D01","HARV","HARV_006",,"NEON.PLA.D01.HARV.01180",,,"Live",7.5,130,3.8,,,,,,,,,,,,,"XdV86USKkiYZfb6rmwpnK/f2Yah5qnQO","xLZ+YqMrzOOIoCWuzuptWcn+zeO8dPFj","legacyData"
"ed831335-5c53-43c6-bb7b-321573729789","HARV_006.basePlot.vst","2015-08-26","vst_HARV_2015","D01","HARV","HARV_006",,"NEON.PLA.D01.HARV.01156",,,"Live",18.4,130,17.0,,,,8.0,4.3,"Full sun",,,,,,,"XdV86USKkiYZfb6rmwpnK/f2Yah5qnQO","xLZ+YqMrzOOIoCWuzuptWcn+zeO8dPFj","legacyData"
"48df04fe-4c5b-4dd6-8284-9aa1fa7947a1","HARV_006.basePlot.vst","2015-08-26","vst_HARV_2015","D01","HARV","HARV_006",,"NEON.PLA.D01.HARV.01737",,,"Live",4.1,130,2.8,,,,,,,,,,,,,"XdV86USKkiYZfb6rmwpnK/f2Yah5qnQO","xLZ+YqMrzOOIoCWuzuptWcn+zeO8dPFj","legacyData"
"dc2a9737-e0a3-4be4-a524-d2629af4de77","HARV_006.basePlot.vst","2015-08-26","vst_HARV_2015","D01","HARV","HARV_006",,"NEON.PLA.D01.HARV.01154",,,"Live",19.6,130,13.7,,,,7.1,5.1,"Full sun",,,,,,,"XdV86USKkiYZfb6rmwpnK/f2Yah5qnQO","xLZ+YqMrzOOIoCWuzuptWcn+zeO8dPFj","legacyData"
"25f7396a-9c5c-43a6-8858-b573bc6801fe","HARV_006.basePlot.vst","2015-08-26","vst_HARV_2015","D01","HARV","HARV_006",,"NEON.PLA.D01.HARV.01165",,,"Live",8.3,130,5.7,,,,,,,,,,,,,"XdV86USKkiYZfb6rmwpnK/f2Yah5qnQO","xLZ+YqMrzOOIoCWuzuptWcn+zeO8dPFj","legacyData"
"37a9d6c1-a344-4978-aa32-27c6dc9947f0","HARV_006.basePlot.vst","2015-08-26","vst_HARV_2015","D01","HARV","HARV_006",,"NEON.PLA.D01.HARV.01172",,,"Live",22.1,130,11.6,,,,12.6,6.4,"Full sun",,,,,,,"XdV86USKkiYZfb6rmwpnK/f2Yah5qnQO","xLZ+YqMrzOOIoCWuzuptWcn+zeO8dPFj","legacyData"
"a5e12c18-a653-4927-9c7c-9e15acf7d5c9","HARV_006.basePlot.vst","2015-08-26","vst_HARV_2015","D01","HARV","HARV_006",,"NEON.PLA.D01.HARV.01787",,,"Live",28.8,130,17.1,,,,10.6,9.1,"Full sun",,,,,,,"XdV86USKkiYZfb6rmwpnK/f2Yah5qnQO","xLZ+YqMrzOOIoCWuzuptWcn+zeO8dPFj","legacyData"
"aa7ad02f-fcb0-441c-9e0d-50a459b0cc17","HARV_006.basePlot.vst","2015-08-26","vst_HARV_2015","D01","HARV","HARV_006",,"NEON.PLA.D01.HARV.01786",,,"Live",19.5,130,15.1,,,,7.7,6.7,"Full sun",,,,,,,"XdV86USKkiYZfb6rmwpnK/f2Yah5qnQO","xLZ+YqMrzOOIoCWuzuptWcn+zeO8dPFj","legacyData"
"b6fb8677-50ae-4324-a57b-ed89fcf1dbfa","HARV_006.basePlot.vst","2015-08-26","vst_HARV_2015","D01","HARV","HARV_006",,"NEON.PLA.D01.HARV.09504",,"small tree","Standing dead",4.9,130,3.1,,,,,,,,,,,,,"XdV86USKkiYZfb6rmwpnK/f2Yah5qnQO","xLZ+YqMrzOOIoCWuzuptWcn+zeO8dPFj","legacyData"
"437db845-60c7-426c-8ba5-2a26914608a8","HARV_006.basePlot.vst","2015-08-26","vst_HARV_2015","D01","HARV","HARV_006",,"NEON.PLA.D01.HARV.01159",,,"Live",21.4,130,17.7,,,,9.1,6.4,"Full sun",,,,,,,"XdV86USKkiYZfb6rmwpnK/f2Yah5qnQO","xLZ+YqMrzOOIoCWuzuptWcn+zeO8dPFj","legacyData"
"3e316448-4750-4415-8bef-86df4ed056bb","HARV_006.basePlot.vst","2015-08-26","vst_HARV_2015","D01","HARV","HARV_006",,"NEON.PLA.D01.HARV.01185",,,"Live",10.0,130,10.7,,,,6.2,5.0,"Partially shaded",,,,,,"no transcription errors found","XdV86USKkiYZfb6rmwpnK/f2Yah5qnQO","xLZ+YqMrzOOIoCWuzuptWcn+zeO8dPFj","legacyData"
"185f1b77-3489-4f00-8dbf-68bfc72a6561","HARV_006.basePlot.vst","2015-08-26","vst_HARV_2015","D01","HARV","HARV_006",,"NEON.PLA.D01.HARV.01176",,,"Live",21.1,130,16.6,,,,9.1,6.8,"Full sun",,,,,,,"XdV86USKkiYZfb6rmwpnK/f2Yah5qnQO","xLZ+YqMrzOOIoCWuzuptWcn+zeO8dPFj","legacyData"
"0d3edd5b-4047-440f-bbcf-55a0724f3731","HARV_006.basePlot.vst","2015-08-26","vst_HARV_2015","D01","HARV","HARV_006",,"NEON.PLA.D01.HARV.09599",,"small tree","Standing dead",2.6,130,1.8,,,,,,,,,,,,,"XdV86USKkiYZfb6rmwpnK/f2Yah5qnQO","xLZ+YqMrzOOIoCWuzuptWcn+zeO8dPFj","legacyData"
"3e71a65e-c676-4f6a-b532-c277a70aa34a","HARV_006.basePlot.vst","2015-08-26","vst_HARV_2015","D01","HARV","HARV_006",,"NEON.PLA.D01.HARV.01161",,,"Live",2.4,130,2.2,,,,,,,,,,,,,"XdV86USKkiYZfb6rmwpnK/f2Yah5qnQO","xLZ+YqMrzOOIoCWuzuptWcn+zeO8dPFj","legacyData"
"e586cac5-f84f-4b0d-b6e1-e1e3c5cb9738","HARV_006.basePlot.vst","2015-08-26","vst_HARV_2015","D01","HARV","HARV_006",,"NEON.PLA.D01.HARV.01153",,,"Live",11.0,130,7.5,,,,4.4,3.5,"Partially shaded",,,,,,"no transcription errors found","XdV86USKkiYZfb6rmwpnK/f2Yah5qnQO","xLZ+YqMrzOOIoCWuzuptWcn+zeO8dPFj","legacyData"
"66bddf29-4a93-4e4d-9fc0-298e023edbee","HARV_004.basePlot.vst","2015-08-27","vst_HARV_2015","D01","HARV","HARV_004",,"NEON.PLA.D01.HARV.01684",,,"Live",1.2,10,1.5,,,,,,,,,,,,,"bWvVSKjgptV89BwHA3h10JNaeV+PHmDU","6HzkzFDdLaNgPi31AaqxNPsuI5nRHqWu","legacyData"
"376c87af-9866-4bd2-8619-0d15369faed3","HARV_004.basePlot.vst","2015-08-27","vst_HARV_2015","D01","HARV","HARV_004",,"NEON.PLA.D01.HARV.01936",,,"Live",10.3,130,11.7,,,,8.0,6.9,"Mostly shaded",,,,,,,"bWvVSKjgptV89BwHA3h10JNaeV+PHmDU","6HzkzFDdLaNgPi31AaqxNPsuI5nRHqWu","legacyData"
"9f6fac38-ee86-41c1-8320-30b1b9363d5f","HARV_004.basePlot.vst","2015-08-27","vst_HARV_2015","D01","HARV","HARV_004",,"NEON.PLA.D01.HARV.01922",,,"Live",1.0,10,1.2,,,,,,,,,,,,,"bWvVSKjgptV89BwHA3h10JNaeV+PHmDU","6HzkzFDdLaNgPi31AaqxNPsuI5nRHqWu","legacyData"
"1c21d563-54b0-4ea3-a253-460c8b454488","HARV_004.basePlot.vst","2015-08-27","vst_HARV_2015","D01","HARV","HARV_004",,"NEON.PLA.D01.HARV.01909",,"single bole tree","Live",24.0,130,12.9,,,,6.7,5.7,"Partially shaded",,,,,,,"bWvVSKjgptV89BwHA3h10JNaeV+PHmDU","6HzkzFDdLaNgPi31AaqxNPsuI5nRHqWu","legacyData"
"565f79a2-af4c-4878-9927-c196754ce06a","HARV_004.basePlot.vst","2015-08-27","vst_HARV_2015","D01","HARV","HARV_004",,"NEON.PLA.D01.HARV.01878",,,"Live",1.0,10,1.2,,,,,,,,,,,,,"bWvVSKjgptV89BwHA3h10JNaeV+PHmDU","6HzkzFDdLaNgPi31AaqxNPsuI5nRHqWu","legacyData"
"cf4a19e6-8f30-4cd6-9e55-4ef997e53c2d","HARV_004.basePlot.vst","2015-08-27","vst_HARV_2015","D01","HARV","HARV_004",,"NEON.PLA.D01.HARV.01929",,,"Live",6.7,130,5.0,,,,,,,"inverted cone",,,30.00,15.00,,"bWvVSKjgptV89BwHA3h10JNaeV+PHmDU","6HzkzFDdLaNgPi31AaqxNPsuI5nRHqWu","legacyData"
"87fa6886-bf6d-45cb-9af5-a34a6ccc68a4","HARV_006.basePlot.vst","2015-08-27","vst_HARV_2015","D01","HARV","HARV_006",,"NEON.PLA.D01.HARV.09509",,"small tree","Standing dead",3.8,130,2.9,,,,,,,,,,,,,"bWvVSKjgptV89BwHA3h10JNaeV+PHmDU","xLZ+YqMrzOOIoCWuzuptWcn+zeO8dPFj","legacyData"
"2a291727-3448-47f9-af50-9a5bb58f11b5","HARV_004.basePlot.vst","2015-08-27","vst_HARV_2015","D01","HARV","HARV_004",,"NEON.PLA.D01.HARV.01974",,,"Live",1.3,10,1.6,,,,,,,,,,,,,"bWvVSKjgptV89BwHA3h10JNaeV+PHmDU","6HzkzFDdLaNgPi31AaqxNPsuI5nRHqWu","legacyData"
"5cbc47c2-a882-4afb-bed8-39f53a1e2578","HARV_004.basePlot.vst","2015-08-27","vst_HARV_2015","D01","HARV","HARV_004",,"NEON.PLA.D01.HARV.01876",,,"Live",1.2,130,1.6,,,,,,,,,,,,,"bWvVSKjgptV89BwHA3h10JNaeV+PHmDU","6HzkzFDdLaNgPi31AaqxNPsuI5nRHqWu","legacyData"
"4f70bacb-c0f7-4078-a102-8522196466cc","HARV_004.basePlot.vst","2015-08-27","vst_HARV_2015","D01","HARV","HARV_004",,"NEON.PLA.D01.HARV.01898",,,"Live",1.0,10,0.7,,,,,,,,,,,,,"bWvVSKjgptV89BwHA3h10JNaeV+PHmDU","6HzkzFDdLaNgPi31AaqxNPsuI5nRHqWu","legacyData"
"378bc74c-cf0d-4795-9063-0bb04fad2685","HARV_004.basePlot.vst","2015-08-27","vst_HARV_2015","D01","HARV","HARV_004",,"NEON.PLA.D01.HARV.09799",,"sapling","Live",1.1,10,0.9,,,,,,,,,,,,,"bWvVSKjgptV89BwHA3h10JNaeV+PHmDU","6HzkzFDdLaNgPi31AaqxNPsuI5nRHqWu","legacyData"
"4b7f6d08-8099-4455-b79d-edf556432338","HARV_004.basePlot.vst","2015-08-27","vst_HARV_2015","D01","HARV","HARV_004",,"NEON.PLA.D01.HARV.01930",,,"Live",2.6,130,4.4,,,,,,,,,,,,"no transcription errors found","bWvVSKjgptV89BwHA3h10JNaeV+PHmDU","6HzkzFDdLaNgPi31AaqxNPsuI5nRHqWu","legacyData"
"f76a7b06-2ff8-45fe-993f-a6a4cb891017","HARV_004.basePlot.vst","2015-08-27","vst_HARV_2015","D01","HARV","HARV_004",,"NEON.PLA.D01.HARV.01911",,,"Live",1.1,10,1.7,,,,,,,,,,,,,"bWvVSKjgptV89BwHA3h10JNaeV+PHmDU","6HzkzFDdLaNgPi31AaqxNPsuI5nRHqWu","legacyData"
"2719b912-16aa-479a-8a78-6bbd35b2c953","HARV_004.basePlot.vst","2015-08-27","vst_HARV_2015","D01","HARV","HARV_004",,"NEON.PLA.D01.HARV.01880",,,"Live",1.2,10,1.1,,,,,,,,,,,,,"bWvVSKjgptV89BwHA3h10JNaeV+PHmDU","6HzkzFDdLaNgPi31AaqxNPsuI5nRHqWu","legacyData"
"68f12dd2-48d4-453a-84e0-f6207dee260f","HARV_004.basePlot.vst","2015-08-27","vst_HARV_2015","D01","HARV","HARV_004",,"NEON.PLA.D01.HARV.09595",,"sapling","Live",1.6,10,1.5,,,,,,,,,,,,,"bWvVSKjgptV89BwHA3h10JNaeV+PHmDU","6HzkzFDdLaNgPi31AaqxNPsuI5nRHqWu","legacyData"
"a4018ba3-d85d-486f-8466-afab834e4f42","HARV_004.basePlot.vst","2015-08-27","vst_HARV_2015","D01","HARV","HARV_004",,"NEON.PLA.D01.HARV.01923",,,"Live",1.5,10,1.9,,,,,,,,,,,,,"bWvVSKjgptV89BwHA3h10JNaeV+PHmDU","6HzkzFDdLaNgPi31AaqxNPsuI5nRHqWu","legacyData"
"6446e5ba-7c17-4580-a4a9-4f58c02e929c","HARV_004.basePlot.vst","2015-08-27","vst_HARV_2015","D01","HARV","HARV_004",,"NEON.PLA.D01.HARV.01889",,,"Live",1.0,10,0.9,,,,,,,,,,,,,"bWvVSKjgptV89BwHA3h10JNaeV+PHmDU","6HzkzFDdLaNgPi31AaqxNPsuI5nRHqWu","legacyData"
"426f0137-47b2-4341-b667-efc513efa4ce","HARV_004.basePlot.vst","2015-08-27","vst_HARV_2015","D01","HARV","HARV_004",,"NEON.PLA.D01.HARV.01682",,,"Live",1.0,10,1.3,,,,,,,,,,,,,"bWvVSKjgptV89BwHA3h10JNaeV+PHmDU","6HzkzFDdLaNgPi31AaqxNPsuI5nRHqWu","legacyData"
"a86a0cc5-3065-4f63-baae-fdb3a4353e4d","HARV_004.basePlot.vst","2015-08-27","vst_HARV_2015","D01","HARV","HARV_004",,"NEON.PLA.D01.HARV.01933",,,"Live",1.1,10,1.0,,,,,,,,,,,,,"bWvVSKjgptV89BwHA3h10JNaeV+PHmDU","6HzkzFDdLaNgPi31AaqxNPsuI5nRHqWu","legacyData"
"f3c6c628-e5ea-46bd-9fb7-ab996f7cc0e0","HARV_004.basePlot.vst","2015-08-27","vst_HARV_2015","D01","HARV","HARV_004",,"NEON.PLA.D01.HARV.01899",,,"Live",1.0,10,0.6,,,,,,,,,,,,,"bWvVSKjgptV89BwHA3h10JNaeV+PHmDU","6HzkzFDdLaNgPi31AaqxNPsuI5nRHqWu","legacyData"
"824233a2-09d8-4ee0-a12b-098a2a74c113","HARV_004.basePlot.vst","2015-08-27","vst_HARV_2015","D01","HARV","HARV_004",,"NEON.PLA.D01.HARV.01919",,,"Live",44.7,130,22.9,,,,10.3,9.2,"Full sun",,,,,,,"bWvVSKjgptV89BwHA3h10JNaeV+PHmDU","6HzkzFDdLaNgPi31AaqxNPsuI5nRHqWu","legacyData"
"cdd58497-717f-47d4-a5e3-0c039c3e88dc","HARV_004.basePlot.vst","2015-08-27","vst_HARV_2015","D01","HARV","HARV_004",,"NEON.PLA.D01.HARV.01937",,,"Live",33.3,130,21.2,,,,12.3,6.4,"Partially shaded",,,,,,,"bWvVSKjgptV89BwHA3h10JNaeV+PHmDU","6HzkzFDdLaNgPi31AaqxNPsuI5nRHqWu","legacyData"
"bb28b40e-ace3-4f13-aa1a-ce9d8719570b","HARV_004.basePlot.vst","2015-08-27","vst_HARV_2015","D01","HARV","HARV_004",,"NEON.PLA.D01.HARV.01925",,,"Live",1.0,10,0.9,,,,,,,,,,,,,"bWvVSKjgptV89BwHA3h10JNaeV+PHmDU","6HzkzFDdLaNgPi31AaqxNPsuI5nRHqWu","legacyData"
"0561a32e-8c2c-4ad1-8018-efc0fcf19d38","HARV_004.basePlot.vst","2015-08-27","vst_HARV_2015","D01","HARV","HARV_004",,"NEON.PLA.D01.HARV.01927",,,"Live",3.5,130,4.3,,,,,,,,,,,,,"bWvVSKjgptV89BwHA3h10JNaeV+PHmDU","6HzkzFDdLaNgPi31AaqxNPsuI5nRHqWu","legacyData"
"47274450-1e8f-4225-9093-d13ba0ba2422","HARV_004.basePlot.vst","2015-08-27","vst_HARV_2015","D01","HARV","HARV_004",,"NEON.PLA.D01.HARV.09590",,"single bole tree","Standing dead",17.3,130,13.5,,,,5.3,3.4,"Partially shaded",,,,,,,"bWvVSKjgptV89BwHA3h10JNaeV+PHmDU","6HzkzFDdLaNgPi31AaqxNPsuI5nRHqWu","legacyData"
"761d97fd-8e27-4bef-a83f-4fd543f51413","HARV_004.basePlot.vst","2015-08-27","vst_HARV_2015","D01","HARV","HARV_004",,"NEON.PLA.D01.HARV.01918",,,"Standing dead",24.3,130,10.4,,,,5.0,4.3,"Mostly shaded",,,,,,"previously in subplot 40, corrected to 31","bWvVSKjgptV89BwHA3h10JNaeV+PHmDU","6HzkzFDdLaNgPi31AaqxNPsuI5nRHqWu","legacyData"
"0869d352-1c94-4987-b1f6-54cd1731b770","HARV_004.basePlot.vst","2015-08-27","vst_HARV_2015","D01","HARV","HARV_004",,"NEON.PLA.D01.HARV.09592",,,"Live",1.7,130,2.5,,,,,,,,,,,,,"bWvVSKjgptV89BwHA3h10JNaeV+PHmDU","6HzkzFDdLaNgPi31AaqxNPsuI5nRHqWu","legacyData | noMapTagData"
"d62a04c7-e266-41b6-bfb0-1ab7be62671f","HARV_004.basePlot.vst","2015-08-27","vst_HARV_2015","D01","HARV","HARV_004",,"NEON.PLA.D01.HARV.01907",,,"Live",1.7,10,2.1,,,,,,,,,,,,,"bWvVSKjgptV89BwHA3h10JNaeV+PHmDU","6HzkzFDdLaNgPi31AaqxNPsuI5nRHqWu","legacyData"
"794c0baf-ac99-4514-877d-ea98718a2fb7","HARV_004.basePlot.vst","2015-08-27","vst_HARV_2015","D01","HARV","HARV_004",,"NEON.PLA.D01.HARV.01906",,,"Live",1.0,10,0.9,,,,,,,,,,,,,"bWvVSKjgptV89BwHA3h10JNaeV+PHmDU","6HzkzFDdLaNgPi31AaqxNPsuI5nRHqWu","legacyData"
"26f04236-a6df-4b2c-a7aa-ea26a9d8325e","HARV_004.basePlot.vst","2015-08-27","vst_HARV_2015","D01","HARV","HARV_004",,"NEON.PLA.D01.HARV.01932",,,"Live",1.3,10,1.3,,,,,,,,,,,,,"bWvVSKjgptV89BwHA3h10JNaeV+PHmDU","6HzkzFDdLaNgPi31AaqxNPsuI5nRHqWu","legacyData"
"193f6818-4839-42a0-a5c1-b19f42fe024c","HARV_004.basePlot.vst","2015-08-27","vst_HARV_2015","D01","HARV","HARV_004",,"NEON.PLA.D01.HARV.01661",,,"Live",1.0,10,1.2,,,,,,,,,,,,,"bWvVSKjgptV89BwHA3h10JNaeV+PHmDU","6HzkzFDdLaNgPi31AaqxNPsuI5nRHqWu","legacyData"
"f09f697e-9d1e-417a-9cd8-7432f92ef2a3","HARV_004.basePlot.vst","2015-08-27","vst_HARV_2015","D01","HARV","HARV_004",,"NEON.PLA.D01.HARV.01917",,"single bole tree","Live",22.5,130,15.5,,,,11.7,10.0,"Partially shaded",,,,,,,"bWvVSKjgptV89BwHA3h10JNaeV+PHmDU","6HzkzFDdLaNgPi31AaqxNPsuI5nRHqWu","legacyData"
"c9e71a8d-93c4-491a-b436-444605594f35","HARV_004.basePlot.vst","2015-08-27","vst_HARV_2015","D01","HARV","HARV_004",,"NEON.PLA.D01.HARV.01877",,,"Live",1.0,10,1.2,,,,,,,,,,,,,"bWvVSKjgptV89BwHA3h10JNaeV+PHmDU","6HzkzFDdLaNgPi31AaqxNPsuI5nRHqWu","legacyData"
"07752cc0-ff65-4252-8de9-e45701913ca0","HARV_004.basePlot.vst","2015-08-27","vst_HARV_2015","D01","HARV","HARV_004",,"NEON.PLA.D01.HARV.01913",,"single bole tree","Live",33.5,130,14.2,,,,11.1,5.5,"Partially shaded",,,,,,,"bWvVSKjgptV89BwHA3h10JNaeV+PHmDU","6HzkzFDdLaNgPi31AaqxNPsuI5nRHqWu","legacyData"
"c68003b7-1039-487c-9104-7f4dd0b5dee1","HARV_004.basePlot.vst","2015-08-27","vst_HARV_2015","D01","HARV","HARV_004",,"NEON.PLA.D01.HARV.01926",,,"Live",1.0,10,1.0,,,,,,,,,,,,"no transcription errors found","bWvVSKjgptV89BwHA3h10JNaeV+PHmDU","6HzkzFDdLaNgPi31AaqxNPsuI5nRHqWu","legacyData"
"48289c62-2754-4f05-a187-cf332866d44d","HARV_004.basePlot.vst","2015-08-27","vst_HARV_2015","D01","HARV","HARV_004",,"NEON.PLA.D01.HARV.01912",,,"Live",1.2,130,1.7,,,,,,,,,,,,,"bWvVSKjgptV89BwHA3h10JNaeV+PHmDU","6HzkzFDdLaNgPi31AaqxNPsuI5nRHqWu","legacyData"
"11529fc1-642a-4ea7-b953-d4658ad6daf2","HARV_004.basePlot.vst","2015-08-27","vst_HARV_2015","D01","HARV","HARV_004",,"NEON.PLA.D01.HARV.01685",,,"Live",1.3,10,1.7,,,,,,,,,,,,,"bWvVSKjgptV89BwHA3h10JNaeV+PHmDU","6HzkzFDdLaNgPi31AaqxNPsuI5nRHqWu","legacyData"
"4ec7ae89-525f-4d1e-9755-5fbf693f759d","HARV_004.basePlot.vst","2015-08-27","vst_HARV_2015","D01","HARV","HARV_004",,"NEON.PLA.D01.HARV.01884",,,"Live",1.1,10,1.0,,,,,,,,,,,,,"bWvVSKjgptV89BwHA3h10JNaeV+PHmDU","6HzkzFDdLaNgPi31AaqxNPsuI5nRHqWu","legacyData"
"bf533263-4b6a-45ec-b371-a60faa3c4321","HARV_004.basePlot.vst","2015-08-27","vst_HARV_2015","D01","HARV","HARV_004",,"NEON.PLA.D01.HARV.01904",,,"Live",1.2,10,1.5,,,,,,,,,,,,"no transcription errors found","bWvVSKjgptV89BwHA3h10JNaeV+PHmDU","6HzkzFDdLaNgPi31AaqxNPsuI5nRHqWu","legacyData"
"8375aa8e-946b-4adc-be7e-62853995498d","HARV_004.basePlot.vst","2015-08-27","vst_HARV_2015","D01","HARV","HARV_004",,"NEON.PLA.D01.HARV.09594",,,"Live",4.1,130,6.9,,,,,,,,,,,,"no transcription errors found","bWvVSKjgptV89BwHA3h10JNaeV+PHmDU","6HzkzFDdLaNgPi31AaqxNPsuI5nRHqWu","legacyData | noMapTagData"
"32f8ddfd-ccdb-4490-b03c-26e331e5dbbb","HARV_004.basePlot.vst","2015-08-27","vst_HARV_2015","D01","HARV","HARV_004",,"NEON.PLA.D01.HARV.01894",,,"Live",1.9,10,2.2,,,,,,,,,,,,,"bWvVSKjgptV89BwHA3h10JNaeV+PHmDU","6HzkzFDdLaNgPi31AaqxNPsuI5nRHqWu","legacyData"
"ad63071b-b61b-439a-982f-5199fdd26c6f","HARV_004.basePlot.vst","2015-08-27","vst_HARV_2015","D01","HARV","HARV_004",,"NEON.PLA.D01.HARV.01886",,,"Live",1.3,10,1.0,,,,,,,,,,,,,"bWvVSKjgptV89BwHA3h10JNaeV+PHmDU","6HzkzFDdLaNgPi31AaqxNPsuI5nRHqWu","legacyData"
"599b4e97-dff9-46f2-93fb-a7e7735a3b35","HARV_004.basePlot.vst","2015-08-27","vst_HARV_2015","D01","HARV","HARV_004",,"NEON.PLA.D01.HARV.01883",,,"Live",2.4,130,5.9,,,,,,,,,,,,,"bWvVSKjgptV89BwHA3h10JNaeV+PHmDU","6HzkzFDdLaNgPi31AaqxNPsuI5nRHqWu","legacyData"
"386cbf48-3ebd-4901-8efa-7c5d33813df0","HARV_004.basePlot.vst","2015-08-27","vst_HARV_2015","D01","HARV","HARV_004",,"NEON.PLA.D01.HARV.01902",,,"Live",1.2,10,0.6,,,,,,,,,,,,,"bWvVSKjgptV89BwHA3h10JNaeV+PHmDU","6HzkzFDdLaNgPi31AaqxNPsuI5nRHqWu","legacyData"
"b516f7f1-7517-4461-9a47-7a01ede0a7b8","HARV_004.basePlot.vst","2015-08-27","vst_HARV_2015","D01","HARV","HARV_004",,"NEON.PLA.D01.HARV.01928",,"single bole tree","Live",42.9,130,20.9,,,,12.6,10.7,"Full sun",,,,,,,"bWvVSKjgptV89BwHA3h10JNaeV+PHmDU","6HzkzFDdLaNgPi31AaqxNPsuI5nRHqWu","legacyData"
"37fb94e9-4f10-41bf-be48-89eadd195290","HARV_004.basePlot.vst","2015-08-27","vst_HARV_2015","D01","HARV","HARV_004",,"NEON.PLA.D01.HARV.01935",,,"Live",1.0,10,0.9,,,,,,,,,,,,,"bWvVSKjgptV89BwHA3h10JNaeV+PHmDU","6HzkzFDdLaNgPi31AaqxNPsuI5nRHqWu","legacyData"
"c361d0e7-08f7-4f05-82ec-5c211e0870a5","HARV_004.basePlot.vst","2015-08-27","vst_HARV_2015","D01","HARV","HARV_004",,"NEON.PLA.D01.HARV.01931",,,"Live",1.6,10,1.4,,,,,,,,,,,,,"bWvVSKjgptV89BwHA3h10JNaeV+PHmDU","6HzkzFDdLaNgPi31AaqxNPsuI5nRHqWu","legacyData"
"42052bf5-f990-4187-b853-d04812632f59","HARV_004.basePlot.vst","2015-08-27","vst_HARV_2015","D01","HARV","HARV_004",,"NEON.PLA.D01.HARV.01903",,,"Live",1.0,10,1.1,,,,,,,,,,,,,"bWvVSKjgptV89BwHA3h10JNaeV+PHmDU","6HzkzFDdLaNgPi31AaqxNPsuI5nRHqWu","legacyData"
"4ca78b03-0f33-49de-b717-fc303ec3e252","HARV_004.basePlot.vst","2015-08-27","vst_HARV_2015","D01","HARV","HARV_004",,"NEON.PLA.D01.HARV.09800",,"single bole tree","Standing dead",11.3,130,4.1,,,,1.6,1.5,"Full shade",,,,,,,"bWvVSKjgptV89BwHA3h10JNaeV+PHmDU","6HzkzFDdLaNgPi31AaqxNPsuI5nRHqWu","legacyData"
"656bbf2c-322f-4e53-af9a-17f7d312e386","HARV_004.basePlot.vst","2015-08-27","vst_HARV_2015","D01","HARV","HARV_004",,"NEON.PLA.D01.HARV.09593",,,"Standing dead",1.2,10,1.0,,,,,,,,,,,,,"bWvVSKjgptV89BwHA3h10JNaeV+PHmDU","6HzkzFDdLaNgPi31AaqxNPsuI5nRHqWu","legacyData | noMapTagData"
"66272a49-2f90-48b2-8b66-c43c2f67f78f","HARV_004.basePlot.vst","2015-08-27","vst_HARV_2015","D01","HARV","HARV_004",,"NEON.PLA.D01.HARV.01910",,,"Live",1.3,10,1.0,,,,,,,,,,,,,"bWvVSKjgptV89BwHA3h10JNaeV+PHmDU","6HzkzFDdLaNgPi31AaqxNPsuI5nRHqWu","legacyData"
"6cf4e382-2f0e-4b3d-b2c6-6b5643c5bc04","HARV_004.basePlot.vst","2015-08-27","vst_HARV_2015","D01","HARV","HARV_004",,"NEON.PLA.D01.HARV.01908",,,"Live",1.2,10,1.9,,,,,,,,,,,,"no transcription errors found","bWvVSKjgptV89BwHA3h10JNaeV+PHmDU","6HzkzFDdLaNgPi31AaqxNPsuI5nRHqWu","legacyData"
"87922c21-d061-4da4-b2a7-e27563e53f1a","HARV_004.basePlot.vst","2015-08-27","vst_HARV_2015","D01","HARV","HARV_004",,"NEON.PLA.D01.HARV.01901",,,"Live",3.6,130,6.1,,,,,,,,,,,,,"bWvVSKjgptV89BwHA3h10JNaeV+PHmDU","6HzkzFDdLaNgPi31AaqxNPsuI5nRHqWu","legacyData"
"f5a7c7c0-6e3d-4661-9fc1-7d8fd805490a","HARV_004.basePlot.vst","2015-08-27","vst_HARV_2015","D01","HARV","HARV_004",,"NEON.PLA.D01.HARV.01683",,,"Live",1.0,10,1.1,,,,,,,,,,,,,"bWvVSKjgptV89BwHA3h10JNaeV+PHmDU","6HzkzFDdLaNgPi31AaqxNPsuI5nRHqWu","legacyData"
"9000c8f5-be8e-4307-b2da-2a15e5558200","HARV_004.basePlot.vst","2015-08-27","vst_HARV_2015","D01","HARV","HARV_004",,"NEON.PLA.D01.HARV.01875",,,"Live",1.3,10,1.3,,,,,,,,,,,,,"bWvVSKjgptV89BwHA3h10JNaeV+PHmDU","6HzkzFDdLaNgPi31AaqxNPsuI5nRHqWu","legacyData"
"b38c2860-31a0-4c28-93a8-6a23789e7bdc","HARV_004.basePlot.vst","2015-08-27","vst_HARV_2015","D01","HARV","HARV_004",,"NEON.PLA.D01.HARV.01890",,,"Live",1.4,10,1.7,,,,,,,,,,,,,"bWvVSKjgptV89BwHA3h10JNaeV+PHmDU","6HzkzFDdLaNgPi31AaqxNPsuI5nRHqWu","legacyData"
"a36c8fd5-c344-4e44-9be2-1f64f3b854a2","HARV_004.basePlot.vst","2015-08-27","vst_HARV_2015","D01","HARV","HARV_004",,"NEON.PLA.D01.HARV.01888",,,"Live",1.2,10,1.1,,,,,,,,,,,,"no transcription errors found","bWvVSKjgptV89BwHA3h10JNaeV+PHmDU","6HzkzFDdLaNgPi31AaqxNPsuI5nRHqWu","legacyData"
"77920e6b-a7fb-4a5b-aaf9-c204ef461d39","HARV_004.basePlot.vst","2015-08-27","vst_HARV_2015","D01","HARV","HARV_004",,"NEON.PLA.D01.HARV.09591",,"small tree","Live",10.7,130,2.1,,,,7.9,5.1,"Full shade",,,,,,,"bWvVSKjgptV89BwHA3h10JNaeV+PHmDU","6HzkzFDdLaNgPi31AaqxNPsuI5nRHqWu","legacyData"
"3a52de70-1732-4fc6-b548-3e72e78f76df","HARV_004.basePlot.vst","2015-08-27","vst_HARV_2015","D01","HARV","HARV_004",,"NEON.PLA.D01.HARV.01914",,"single bole tree","Standing dead",24.4,130,17.2,,,,4.9,2.2,"Mostly shaded",,,,,,,"bWvVSKjgptV89BwHA3h10JNaeV+PHmDU","6HzkzFDdLaNgPi31AaqxNPsuI5nRHqWu","legacyData"
"828c5971-1a4f-4637-8c19-e33ba6de752d","HARV_004.basePlot.vst","2015-08-27","vst_HARV_2015","D01","HARV","HARV_004",,"NEON.PLA.D01.HARV.01897",,,"Live",1.3,10,2.1,,,,,,,,,,,,,"bWvVSKjgptV89BwHA3h10JNaeV+PHmDU","6HzkzFDdLaNgPi31AaqxNPsuI5nRHqWu","legacyData"
"f0143b81-8268-4289-9242-7fd36b47f46e","HARV_004.basePlot.vst","2015-08-27","vst_HARV_2015","D01","HARV","HARV_004",,"NEON.PLA.D01.HARV.01892",,,"Live",1.4,10,1.4,,,,,,,,,,,,,"bWvVSKjgptV89BwHA3h10JNaeV+PHmDU","6HzkzFDdLaNgPi31AaqxNPsuI5nRHqWu","legacyData"
"ea9c1ccf-afd6-4d5c-a83d-9cc692337723","HARV_004.basePlot.vst","2015-08-27","vst_HARV_2015","D01","HARV","HARV_004",,"NEON.PLA.D01.HARV.01916",,"single bole tree","Live",58.7,130,19.1,,,,12.6,11.9,"Partially shaded",,,,,,,"bWvVSKjgptV89BwHA3h10JNaeV+PHmDU","6HzkzFDdLaNgPi31AaqxNPsuI5nRHqWu","legacyData"
"de453136-9c4a-4ff1-b173-659db2df87d1","HARV_004.basePlot.vst","2015-08-27","vst_HARV_2015","D01","HARV","HARV_004",,"NEON.PLA.D01.HARV.01895",,,"Live",1.2,10,2.2,,,,,,,,,,,,,"bWvVSKjgptV89BwHA3h10JNaeV+PHmDU","6HzkzFDdLaNgPi31AaqxNPsuI5nRHqWu","legacyData"
"54ed61eb-68c1-443f-8d3b-3edc247f5d64","HARV_004.basePlot.vst","2015-08-27","vst_HARV_2015","D01","HARV","HARV_004",,"NEON.PLA.D01.HARV.01915",,"single bole tree","Live",56.1,130,23.1,,,,18.0,15.5,"Full sun",,,,,,,"bWvVSKjgptV89BwHA3h10JNaeV+PHmDU","6HzkzFDdLaNgPi31AaqxNPsuI5nRHqWu","legacyData"
"f831e12b-1d15-423b-8c8e-6b6dd59f00b8","HARV_004.basePlot.vst","2015-08-27","vst_HARV_2015","D01","HARV","HARV_004",,"NEON.PLA.D01.HARV.01681",,,"Live",1.0,10,1.3,,,,,,,,,,,,,"bWvVSKjgptV89BwHA3h10JNaeV+PHmDU","6HzkzFDdLaNgPi31AaqxNPsuI5nRHqWu","legacyData"
"ae705552-f44d-430a-a379-f5ed42e41b6e","HARV_004.basePlot.vst","2015-08-27","vst_HARV_2015","D01","HARV","HARV_004",,"NEON.PLA.D01.HARV.01934",,,"Live",1.2,10,1.0,,,,,,,,,,,,,"bWvVSKjgptV89BwHA3h10JNaeV+PHmDU","6HzkzFDdLaNgPi31AaqxNPsuI5nRHqWu","legacyData"
"fb4ca1e4-806d-4314-b6cc-14308baf1ee6","HARV_004.basePlot.vst","2015-08-27","vst_HARV_2015","D01","HARV","HARV_004",,"NEON.PLA.D01.HARV.01893",,,"Live",1.0,10,1.1,,,,,,,,,,,,"no transcription errors found","bWvVSKjgptV89BwHA3h10JNaeV+PHmDU","6HzkzFDdLaNgPi31AaqxNPsuI5nRHqWu","legacyData"
"65cf2e86-38c0-47f5-bf7a-5fb6b4ee81fe","HARV_006.basePlot.vst","2015-08-27","vst_HARV_2015","D01","HARV","HARV_006",,"NEON.PLA.D01.HARV.09510",,"small tree","Standing dead",4.6,130,3.2,,,,,,,,,,,,,"bWvVSKjgptV89BwHA3h10JNaeV+PHmDU","xLZ+YqMrzOOIoCWuzuptWcn+zeO8dPFj","legacyData"
"844dfffa-8a93-4ce2-9203-df45b0642c5d","HARV_004.basePlot.vst","2015-08-27","vst_HARV_2015","D01","HARV","HARV_004",,"NEON.PLA.D01.HARV.01905",,,"Live",4.7,130,8.1,,,,,,,,,,,,,"bWvVSKjgptV89BwHA3h10JNaeV+PHmDU","6HzkzFDdLaNgPi31AaqxNPsuI5nRHqWu","legacyData"
