uid,namedLocation,date,domainID,siteID,plotID,plotType,nlcdClass,decimalLatitude,decimalLongitude,geodeticDatum,coordinateUncertainty,easting,northing,utmZone,elevation,elevationUncertainty,eventID,samplingProtocolVersion,treesPresent,treesAbsentList,shrubsPresent,shrubsAbsentList,lianasPresent,lianasAbsentList,nestedSubplotAreaShrubSapling,nestedSubplotAreaLiana,totalSampledAreaTrees,totalSampledAreaShrubSapling,totalSampledAreaLiana,remarks,measuredBy,recordedBy,dataQF
"984a50c8-9dae-48cc-9253-4a6364c54abb","HARV_006.basePlot.vst","2015-08-24","D01","HARV","HARV_006","distributed","deciduousForest",42.403097,-72.253722,"WGS84",20.2,726007.13,4698187.21,"18N",188.5,0.3,"vst_HARV_2015","NEON.DOC.000987vD",,,,,,,"noneSelected","noneSelected",400,400,400,,"XdV86USKkiYZfb6rmwpnK/f2Yah5qnQO","XdV86USKkiYZfb6rmwpnK/f2Yah5qnQO","legacyData"
"c71227e7-b05c-4d40-a876-d0ef34bd9285","HARV_006.basePlot.vst","2015-08-26","D01","HARV","HARV_006","distributed","deciduousForest",42.403097,-72.253722,"WGS84",20.2,726007.13,4698187.21,"18N",188.5,0.3,"vst_HARV_2015","NEON.DOC.000987vD",,,,,,,"noneSelected","noneSelected",400,400,400,,"xLZ+YqMrzOOIoCWuzuptWcn+zeO8dPFj","bWvVSKjgptV89BwHA3h10JNaeV+PHmDU","legacyData"
"0ac1bd38-f264-4da6-9629-53293322add0","HARV_004.basePlot.vst","2015-08-27","D01","HARV","HARV_004","distributed","mixedForest",42.427091,-72.229737,"WGS84",20.2,727894.17,4700915.85,"18N",199.7,0.2,"vst_HARV_2015","NEON.DOC.000987vD",,,,,,,"10","noneSelected",400,80,400,,"6HzkzFDdLaNgPi31AaqxNPsuI5nRHqWu","bWvVSKjgptV89BwHA3h10JNaeV+PHmDU","legacyData"
"a0347e07-dbb0-4fd0-a24c-bbab6b104d00","HARV_006.basePlot.vst","2015-08-27","D01","HARV","HARV_006","distributed","deciduousForest",42.403097,-72.253722,"WGS84",20.2,726007.13,4698187.21,"18N",188.5,0.3,"vst_HARV_2015","NEON.DOC.000987vD",,,,,,,"noneSelected","noneSelected",400,400,400,,"xLZ+YqMrzOOIoCWuzuptWcn+zeO8dPFj","bWvVSKjgptV89BwHA3h10JNaeV+PHmDU","legacyData"
"46a8813a-8f58-4485-bca7-35d87e350c72","HARV_004.basePlot.vst","2015-08-27","D01","HARV","HARV_004","distributed","mixedForest",42.427091,-72.229737,"WGS84",20.2,727894.17,4700915.85,"18N",199.7,0.2,"vst_HARV_2015","NEON.DOC.000987vD",,,,,,,"10","noneSelected",400,80,400,,"xLZ+YqMrzOOIoCWuzuptWcn+zeO8dPFj","bWvVSKjgptV89BwHA3h10JNaeV+PHmDU","legacyData"
