uid,namedLocation,domainID,siteID,plotID,plotType,nlcdClass,decimalLatitude,decimalLongitude,geodeticDatum,coordinateUncertainty,elevation,elevationUncertainty,collectDate,eventID,sampleID,sampleCode,samplingMethod,totalSampledArea,targetTaxaPresent,adultCount,nymphCount,larvaCount,sampleCondition,samplingProtocolVersion,measuredBy,remarks
"b7e80c0e-f181-41bb-affb-637049d054ea","ORNL_002.tickPlot.tck","D07","ORNL","ORNL_002","distributed","deciduousForest",35.983090,-84.211654,"WGS84",20.3,338.6,0.5,"2017-05-03T14:15Z","ORNL.2017.19","ORNL_002.20170503",,"drag",165,"Y",2,14,0,"No known compromise","NEON.DOC.014045vH","a/aqUH+4CfjbVMKT8GZX5jp1ciwPhaJJmObVM7eRPRo=",
"9fa0ecc6-32fa-4165-991c-26343df9c529","ORNL_009.tickPlot.tck","D07","ORNL","ORNL_009","distributed","deciduousForest",35.974902,-84.226630,"WGS84",20.2,337.1,0.2,"2017-05-03T15:21Z","ORNL.2017.19","ORNL_009.20170503",,"drag and flag",166,"Y",3,5,0,"No known compromise","NEON.DOC.014045vH","xvXXx2Yfvlgbr4WjL8siVejDyLo38hAGJ4Ae5VMHZ/o=",
"534c0cd0-1820-44d7-bf84-832113adbc40","ORNL_040.tickPlot.tck","D07","ORNL","ORNL_040","distributed","evergreenForest",35.975525,-84.305103,"WGS84",20.2,273.2,0.2,"2017-05-03T15:31Z","ORNL.2017.19","ORNL_040.20170503",,"drag and flag",165,"Y",1,35,0,"No known compromise","NEON.DOC.014045vH","cAMnPe2IGlgiVRcJZXRLOWg7s1vzvr1PiVXcYdMqxYU=",
"410562a3-0a9b-4777-911a-1a54a5e3e034","ORNL_003.tickPlot.tck","D07","ORNL","ORNL_003","distributed","deciduousForest",35.967011,-84.229849,"WGS84",20.2,275.5,0.2,"2017-05-03T16:32Z","ORNL.2017.19","ORNL_003.20170503",,"drag and flag",168,"Y",2,7,0,"No known compromise","NEON.DOC.014045vH","xvXXx2Yfvlgbr4WjL8siVejDyLo38hAGJ4Ae5VMHZ/o=","1 adult dropped; 1 adult in tube"
"1afc6e9c-d140-4629-9e46-37d5f4e0029c","ORNL_008.tickPlot.tck","D07","ORNL","ORNL_008","distributed","deciduousForest",35.933531,-84.334016,"WGS84",20.3,322.7,0.3,"2017-05-03T16:57Z","ORNL.2017.19","ORNL_008.20170503",,"drag and flag",161,"Y",1,13,0,"No known compromise","NEON.DOC.014045vH","o8zDrSGfNRHXTwkNXPAdRAjPrJVp6LTtS+vSpO9tqxI=",
"fdbe74e1-8420-4d27-9251-8b8edf7e6aea","ORNL_007.tickPlot.tck","D07","ORNL","ORNL_007","distributed","deciduousForest",35.925843,-84.328420,"WGS84",20.2,279.4,0.5,"2017-05-03T18:05Z","ORNL.2017.19","ORNL_007.20170503",,"drag and flag",162,"Y",1,10,0,"No known compromise","NEON.DOC.014045vH","cAMnPe2IGlgiVRcJZXRLOWg7s1vzvr1PiVXcYdMqxYU=",
"a6410e97-79d5-4ab6-852b-b8c5e88f4109","ORNL_002.tickPlot.tck","D07","ORNL","ORNL_002","distributed","deciduousForest",35.983090,-84.211654,"WGS84",20.3,338.6,0.5,"2017-05-26T14:55Z","ORNL.2017.22","ORNL_002.20170526",,"drag",166,"Y",5,21,0,"No known compromise","NEON.DOC.014045vG","a/aqUH+4CfjbVMKT8GZX5jp1ciwPhaJJmObVM7eRPRo=",
"3238b2af-c0cc-426c-bf37-5838086a88cb","ORNL_040.tickPlot.tck","D07","ORNL","ORNL_040","distributed","evergreenForest",35.975525,-84.305103,"WGS84",20.2,273.2,0.2,"2017-05-26T15:49Z","ORNL.2017.22","ORNL_040.20170526",,"drag and flag",160,"Y",0,31,2,"No known compromise","NEON.DOC.014045vH","w91v36heNcLPpG5HFO6Za4pIZvRnXtrvrkmAzkNhzMc=",
"6d0f933a-918f-43ec-a1a2-3b4a5b246aea","ORNL_009.tickPlot.tck","D07","ORNL","ORNL_009","distributed","deciduousForest",35.974902,-84.226630,"WGS84",20.2,337.1,0.2,"2017-05-26T16:11Z","ORNL.2017.22","ORNL_009.20170526",,"drag and flag",164,"Y",1,4,0,"No known compromise","NEON.DOC.014045vG","2EQFOoUV8jVjNE1BpwGY8Orlr2HW2VdBHIxr/sxWvp0=","Drag cloth torn due to briars - 10 sq cm"
"3c80eb62-829d-4c06-9456-4f49d17d2e85","ORNL_003.tickPlot.tck","D07","ORNL","ORNL_003","distributed","deciduousForest",35.967011,-84.229849,"WGS84",20.2,275.5,0.2,"2017-05-26T17:14Z","ORNL.2017.22","ORNL_003.20170526",,"drag and flag",168,"Y",0,8,0,"No known compromise","NEON.DOC.014045vG","1DUX0Z0/d8hE6RWldil8Ct6On+59kume","Small tear in drag cloth from last plot - 10 sq cm"
"d658cedc-50fd-4ce0-8bbc-e40cff1bf873","ORNL_008.tickPlot.tck","D07","ORNL","ORNL_008","distributed","deciduousForest",35.933531,-84.334016,"WGS84",20.3,322.7,0.3,"2017-05-26T17:25Z","ORNL.2017.22","ORNL_008.20170526",,"drag and flag",166,"Y",2,12,2,"No known compromise","NEON.DOC.014045vH","B89Z/IeBZxWLIW3Z9xXJ10X7Hm8jgTUapi15Hp4Dy9Q=",
"55724be6-f22e-4fb4-be64-794e7feb0bb5","ORNL_007.tickPlot.tck","D07","ORNL","ORNL_007","distributed","deciduousForest",35.925843,-84.328420,"WGS84",20.2,279.4,0.5,"2017-05-26T19:11Z","ORNL.2017.22","ORNL_007.20170526",,"drag and flag",160,"Y",3,6,2,"No known compromise","NEON.DOC.014045vH","B89Z/IeBZxWLIW3Z9xXJ10X7Hm8jgTUapi15Hp4Dy9Q=",
