uid,namedLocation,plotID,collectDate,identifiedDate,sampleID,subsampleID,scientificName,acceptedTaxonID,taxonRank,family,subfamily,tribe,subtribe,genus,subgenus,specificEpithet,infraspecificEpithet,identificationQualifier,identificationReferences,identificationProtocolVersion,scientificNameAuthorship,sexOrAge,individualCount,sampleCondition,archiveMedium,archiveFacilityID,deprecatedVialID,identifiedBy,laboratoryName,remarks
"78dde353-9533-4788-bb25-3bfbff9df0f7","ORNL_002.tickPlot.tck","ORNL_002","2017-05-03T14:15Z","2017-12-21T17:00Z","ORNL_002.20170503","ORNL_002.20170503.AMBAME.N","Amblyomma americanum","AMBAME","species","Ixodidae",,,,"Amblyomma",,"americanum",,,"Cooley, R. A. and G. M. Kohls. 1944. The genus Amblyomma (ixodidae) in the United States. The Journal of Parasitology, 30(2):77-111.","GSU_tickIdentification_SOP_2016-11-01.pdf","Linnaeus","Nymph",12,"OK","90% ethanol","USNMENT01358309","ORNL_002.20170503.AMBAME.N","Lorenza Beati","Georgia Southern University",
"ec0ef314-863b-4a75-899d-12e7fdbd349d","ORNL_002.tickPlot.tck","ORNL_002","2017-05-03T14:15Z","2017-12-21T17:00Z","ORNL_002.20170503","ORNL_002.20170503.AMBAME.M","Amblyomma americanum","AMBAME","species","Ixodidae",,,,"Amblyomma",,"americanum",,,"Cooley, R. A. and G. M. Kohls. 1944. The genus Amblyomma (ixodidae) in the United States. The Journal of Parasitology, 30(2):77-111.","GSU_tickIdentification_SOP_2016-11-01.pdf","Linnaeus","Male",2,"OK","90% ethanol","USNMENT01358308","ORNL_002.20170503.AMBAME.M","Lorenza Beati","Georgia Southern University","TO PAULA"
"f9e80569-0f73-47d6-8419-15432169640b","ORNL_002.tickPlot.tck","ORNL_002","2017-05-03T14:15Z","2017-12-21T17:00Z","ORNL_002.20170503","ORNL_002.20170503.IXOSCA.N","Ixodes scapularis","IXOSCA","species","Ixodidae",,,,"Ixodes",,"scapularis",,,"Cooley, R. A. and G. M. Kohls. 1945. The genus Ixodes in North America. National Institute of Health Bulletin, 184.","GSU_tickIdentification_SOP_2016-11-01.pdf","Say","Nymph",1,"OK","90% ethanol","USNMENT01358310","ORNL_002.20170503.IXOSCA.N","Lorenza Beati","Georgia Southern University",
"d262c289-deca-4077-ad4a-12fe463902a4","ORNL_009.tickPlot.tck","ORNL_009","2017-05-03T15:21Z","2017-12-21T17:00Z","ORNL_009.20170503","ORNL_009.20170503.AMBAME.N","Amblyomma americanum","AMBAME","species","Ixodidae",,,,"Amblyomma",,"americanum",,,"Cooley, R. A. and G. M. Kohls. 1944. The genus Amblyomma (ixodidae) in the United States. The Journal of Parasitology, 30(2):77-111.","GSU_tickIdentification_SOP_2016-11-01.pdf","Linnaeus","Nymph",5,"OK","90% ethanol","USNMENT01358312","ORNL_009.20170503.AMBAME.N","Lorenza Beati","Georgia Southern University",
"98f725cf-7deb-4be8-adc5-b941f967e84b","ORNL_009.tickPlot.tck","ORNL_009","2017-05-03T15:21Z","2017-12-21T17:00Z","ORNL_009.20170503","ORNL_009.20170503.AMBAME.F","Amblyomma americanum","AMBAME","species","Ixodidae",,,,"Amblyomma",,"americanum",,,"Cooley, R. A. and G. M. Kohls. 1944. The genus Amblyomma (ixodidae) in the United States. The Journal of Parasitology, 30(2):77-111.","GSU_tickIdentification_SOP_2016-11-01.pdf","Linnaeus","Female",2,"OK","90% ethanol","USNMENT01358313","ORNL_009.20170503.AMBAME.F","Lorenza Beati","Georgia Southern University","TO PAULA"
"cedbbfd8-ed18-417c-8328-d36d89e98818","ORNL_009.tickPlot.tck","ORNL_009","2017-05-03T15:21Z","2017-12-21T17:00Z","ORNL_009.20170503","ORNL_009.20170503.AMBAME.M","Amblyomma americanum","AMBAME","species","Ixodidae",,,,"Amblyomma",,"americanum",,,"Cooley, R. A. and G. M. Kohls. 1944. The genus Amblyomma (ixodidae) in the United States. The Journal of Parasitology, 30(2):77-111.","GSU_tickIdentification_SOP_2016-11-01.pdf","Linnaeus","Male",1,"OK","90% ethanol","USNMENT01358311","ORNL_009.20170503.AMBAME.M","Lorenza Beati","Georgia Southern University",
"7bcca5df-8560-430a-9caf-beeff157546d","ORNL_040.tickPlot.tck","ORNL_040","2017-05-03T15:31Z","2017-12-21T17:00Z","ORNL_040.20170503","ORNL_040.20170503.AMBAME.N","Amblyomma americanum","AMBAME","species","Ixodidae",,,,"Amblyomma",,"americanum",,,"Cooley, R. A. and G. M. Kohls. 1944. The genus Amblyomma (ixodidae) in the United States. The Journal of Parasitology, 30(2):77-111.","GSU_tickIdentification_SOP_2016-11-01.pdf","Linnaeus","Nymph",35,"OK","90% ethanol","USNMENT01358315","ORNL_040.20170503.AMBAME.N","Lorenza Beati","Georgia Southern University",
"e120a52f-eb79-49cf-8cdb-5a9ed7adbc7b","ORNL_040.tickPlot.tck","ORNL_040","2017-05-03T15:31Z","2017-12-21T17:00Z","ORNL_040.20170503","ORNL_040.20170503.AMBAME.F","Amblyomma americanum","AMBAME","species","Ixodidae",,,,"Amblyomma",,"americanum",,,"Cooley, R. A. and G. M. Kohls. 1944. The genus Amblyomma (ixodidae) in the United States. The Journal of Parasitology, 30(2):77-111.","GSU_tickIdentification_SOP_2016-11-01.pdf","Linnaeus","Female",1,"OK","90% ethanol","USNMENT01358314","ORNL_040.20170503.AMBAME.F","Lorenza Beati","Georgia Southern University","TO PAULA"
"e18db98d-d85d-465b-b39f-8b86a73419ae","ORNL_003.tickPlot.tck","ORNL_003","2017-05-03T16:32Z","2017-12-21T17:00Z","ORNL_003.20170503","ORNL_003.20170503.IXOSCA.M","Ixodes scapularis","IXOSCA","species","Ixodidae",,,,"Ixodes",,"scapularis",,,"Cooley, R. A. and G. M. Kohls. 1945. The genus Ixodes in North America. National Institute of Health Bulletin, 184.","GSU_tickIdentification_SOP_2016-11-01.pdf","Say","Male",1,"OK","90% ethanol","USNMENT01358318","ORNL_003.20170503.IXOSCA.M","Lorenza Beati","Georgia Southern University",
"35d7ccac-d6a7-4ada-9831-575a7907761c","ORNL_003.tickPlot.tck","ORNL_003","2017-05-03T16:32Z","2017-12-21T17:00Z","ORNL_003.20170503","ORNL_003.20170503.AMBAME.M","Amblyomma americanum","AMBAME","species","Ixodidae",,,,"Amblyomma",,"americanum",,,"Cooley, R. A. and G. M. Kohls. 1944. The genus Amblyomma (ixodidae) in the United States. The Journal of Parasitology, 30(2):77-111.","GSU_tickIdentification_SOP_2016-11-01.pdf","Linnaeus","Male",1,"OK","90% ethanol","USNMENT01358317","ORNL_003.20170503.AMBAME.M","Lorenza Beati","Georgia Southern University",
"d962090b-1edf-433e-8a82-f96f88664a65","ORNL_003.tickPlot.tck","ORNL_003","2017-05-03T16:32Z","2017-12-21T17:00Z","ORNL_003.20170503","ORNL_003.20170503.AMBAME.N","Amblyomma americanum","AMBAME","species","Ixodidae",,,,"Amblyomma",,"americanum",,,"Cooley, R. A. and G. M. Kohls. 1944. The genus Amblyomma (ixodidae) in the United States. The Journal of Parasitology, 30(2):77-111.","GSU_tickIdentification_SOP_2016-11-01.pdf","Linnaeus","Nymph",6,"OK","90% ethanol","USNMENT01358316","ORNL_003.20170503.AMBAME.N","Lorenza Beati","Georgia Southern University",
"65ebc4d8-c22c-422b-abae-432d7cedcd09","ORNL_008.tickPlot.tck","ORNL_008","2017-05-03T16:57Z","2017-12-21T17:00Z","ORNL_008.20170503","ORNL_008.20170503.AMBAME.N","Amblyomma americanum","AMBAME","species","Ixodidae",,,,"Amblyomma",,"americanum",,,"Cooley, R. A. and G. M. Kohls. 1944. The genus Amblyomma (ixodidae) in the United States. The Journal of Parasitology, 30(2):77-111.","GSU_tickIdentification_SOP_2016-11-01.pdf","Linnaeus","Nymph",13,"OK","90% ethanol","USNMENT01358320","ORNL_008.20170503.AMBAME.N","Lorenza Beati","Georgia Southern University",
"6bbbf96e-fe48-4e6c-95e7-275083eae2e8","ORNL_008.tickPlot.tck","ORNL_008","2017-05-03T16:57Z","2017-12-21T17:00Z","ORNL_008.20170503","ORNL_008.20170503.AMBAME.F","Amblyomma americanum","AMBAME","species","Ixodidae",,,,"Amblyomma",,"americanum",,,"Cooley, R. A. and G. M. Kohls. 1944. The genus Amblyomma (ixodidae) in the United States. The Journal of Parasitology, 30(2):77-111.","GSU_tickIdentification_SOP_2016-11-01.pdf","Linnaeus","Female",1,"OK","90% ethanol","USNMENT01358319","ORNL_008.20170503.AMBAME.F","Lorenza Beati","Georgia Southern University","TO PAULA"
"8c3249ad-e5ef-4dd4-afac-f2b577de0e6a","ORNL_007.tickPlot.tck","ORNL_007","2017-05-03T18:05Z","2017-12-21T17:00Z","ORNL_007.20170503","ORNL_007.20170503.AMBAME.F","Amblyomma americanum","AMBAME","species","Ixodidae",,,,"Amblyomma",,"americanum",,,"Cooley, R. A. and G. M. Kohls. 1944. The genus Amblyomma (ixodidae) in the United States. The Journal of Parasitology, 30(2):77-111.","GSU_tickIdentification_SOP_2016-11-01.pdf","Linnaeus","Female",1,"OK","90% ethanol","USNMENT01358321","ORNL_007.20170503.AMBAME.F","Lorenza Beati","Georgia Southern University","TO PAULA"
"c2f94378-b5ee-48bd-bb2a-3ee7f30535bb","ORNL_007.tickPlot.tck","ORNL_007","2017-05-03T18:05Z","2017-12-21T17:00Z","ORNL_007.20170503","ORNL_007.20170503.IXOSCA.N","Ixodes scapularis","IXOSCA","species","Ixodidae",,,,"Ixodes",,"scapularis",,,"Cooley, R. A. and G. M. Kohls. 1945. The genus Ixodes in North America. National Institute of Health Bulletin, 184.","GSU_tickIdentification_SOP_2016-11-01.pdf","Say","Nymph",2,"OK","90% ethanol","USNMENT01358323","ORNL_007.20170503.IXOSCA.N","Lorenza Beati","Georgia Southern University",
"ea1b8ad3-9455-463c-b4cf-11ab8b923660","ORNL_007.tickPlot.tck","ORNL_007","2017-05-03T18:05Z","2017-12-21T17:00Z","ORNL_007.20170503","ORNL_007.20170503.AMBAME.N","Amblyomma americanum","AMBAME","species","Ixodidae",,,,"Amblyomma",,"americanum",,,"Cooley, R. A. and G. M. Kohls. 1944. The genus Amblyomma (ixodidae) in the United States. The Journal of Parasitology, 30(2):77-111.","GSU_tickIdentification_SOP_2016-11-01.pdf","Linnaeus","Nymph",12,"OK","90% ethanol","USNMENT01358322","ORNL_007.20170503.AMBAME.N","Lorenza Beati","Georgia Southern University",
"8fe62e28-b0b4-4383-8622-59015d46b1e8","ORNL_002.tickPlot.tck","ORNL_002","2017-05-26T14:55Z","2017-12-21T17:00Z","ORNL_002.20170526","ORNL_002.20170526.AMBAME.M","Amblyomma americanum","AMBAME","species","Ixodidae",,,,"Amblyomma",,"americanum",,,"Cooley, R. A. and G. M. Kohls. 1944. The genus Amblyomma (ixodidae) in the United States. The Journal of Parasitology, 30(2):77-111.","GSU_tickIdentification_SOP_2016-11-01.pdf","Linnaeus","Male",3,"OK","90% ethanol","USNMENT01358274","ORNL_002.20170526.AMBAME.M","Lorenza Beati","Georgia Southern University","TO PAULA"
"fc66be0d-5001-45eb-8ea4-d687f359c3ea","ORNL_002.tickPlot.tck","ORNL_002","2017-05-26T14:55Z","2017-12-21T17:00Z","ORNL_002.20170526","ORNL_002.20170526.AMBAME.N","Amblyomma americanum","AMBAME","species","Ixodidae",,,,"Amblyomma",,"americanum",,,"Cooley, R. A. and G. M. Kohls. 1944. The genus Amblyomma (ixodidae) in the United States. The Journal of Parasitology, 30(2):77-111.","GSU_tickIdentification_SOP_2016-11-01.pdf","Linnaeus","Nymph",21,"OK","90% ethanol","USNMENT01358273","ORNL_002.20170526.AMBAME.N","Lorenza Beati","Georgia Southern University",
"d07e084c-8dfd-4ed8-9a9e-33e97355db82","ORNL_002.tickPlot.tck","ORNL_002","2017-05-26T14:55Z","2017-12-21T17:00Z","ORNL_002.20170526","ORNL_002.20170526.AMBAME.F","Amblyomma americanum","AMBAME","species","Ixodidae",,,,"Amblyomma",,"americanum",,,"Cooley, R. A. and G. M. Kohls. 1944. The genus Amblyomma (ixodidae) in the United States. The Journal of Parasitology, 30(2):77-111.","GSU_tickIdentification_SOP_2016-11-01.pdf","Linnaeus","Female",2,"OK","90% ethanol","USNMENT01358275","ORNL_002.20170526.AMBAME.F","Lorenza Beati","Georgia Southern University","TO PAULA"
"03040326-661b-43f1-a02c-e580bea54420","ORNL_040.tickPlot.tck","ORNL_040","2017-05-26T15:49Z","2017-12-21T17:00Z","ORNL_040.20170526","ORNL_040.20170526.IXOSCA.N","Ixodes scapularis","IXOSCA","species","Ixodidae",,,,"Ixodes",,"scapularis",,,"Cooley, R. A. and G. M. Kohls. 1945. The genus Ixodes in North America. National Institute of Health Bulletin, 184.","GSU_tickIdentification_SOP_2016-11-01.pdf","Say","Nymph",2,"OK","90% ethanol","USNMENT01358277","ORNL_040.20170526.IXOSCA.N","Lorenza Beati","Georgia Southern University",
"69c27c54-6dc9-4872-aa63-a3d9238e0524","ORNL_040.tickPlot.tck","ORNL_040","2017-05-26T15:49Z","2017-12-21T17:00Z","ORNL_040.20170526","ORNL_040.20170526.AMBAME.N","Amblyomma americanum","AMBAME","species","Ixodidae",,,,"Amblyomma",,"americanum",,,"Cooley, R. A. and G. M. Kohls. 1944. The genus Amblyomma (ixodidae) in the United States. The Journal of Parasitology, 30(2):77-111.","GSU_tickIdentification_SOP_2016-11-01.pdf","Linnaeus","Nymph",31,"OK","90% ethanol","USNMENT01358276","ORNL_040.20170526.AMBAME.N","Lorenza Beati","Georgia Southern University",
"d053ec57-0b8e-450f-8bd8-ce3fbfff2376","ORNL_009.tickPlot.tck","ORNL_009","2017-05-26T16:11Z","2017-12-21T17:00Z","ORNL_009.20170526","ORNL_009.20170526.AMBAME.N","Amblyomma americanum","AMBAME","species","Ixodidae",,,,"Amblyomma",,"americanum",,,"Cooley, R. A. and G. M. Kohls. 1944. The genus Amblyomma (ixodidae) in the United States. The Journal of Parasitology, 30(2):77-111.","GSU_tickIdentification_SOP_2016-11-01.pdf","Linnaeus","Nymph",4,"OK","90% ethanol","USNMENT01358279","ORNL_009.20170526.AMBAME.N","Lorenza Beati","Georgia Southern University",
"e37a2dc7-1c79-4738-bfb2-616eba10e29e","ORNL_009.tickPlot.tck","ORNL_009","2017-05-26T16:11Z","2017-12-21T17:00Z","ORNL_009.20170526","ORNL_009.20170526.AMBAME.M","Amblyomma americanum","AMBAME","species","Ixodidae",,,,"Amblyomma",,"americanum",,,"Cooley, R. A. and G. M. Kohls. 1944. The genus Amblyomma (ixodidae) in the United States. The Journal of Parasitology, 30(2):77-111.","GSU_tickIdentification_SOP_2016-11-01.pdf","Linnaeus","Male",1,"OK","90% ethanol","USNMENT01358278","ORNL_009.20170526.AMBAME.M","Lorenza Beati","Georgia Southern University","TO PAULA"
"ddb346c3-451d-453e-b7a4-71aabc7ffa9f","ORNL_003.tickPlot.tck","ORNL_003","2017-05-26T17:14Z","2017-12-21T17:00Z","ORNL_003.20170526","ORNL_003.20170526.AMBAME.N","Amblyomma americanum","AMBAME","species","Ixodidae",,,,"Amblyomma",,"americanum",,,"Cooley, R. A. and G. M. Kohls. 1944. The genus Amblyomma (ixodidae) in the United States. The Journal of Parasitology, 30(2):77-111.","GSU_tickIdentification_SOP_2016-11-01.pdf","Linnaeus","Nymph",8,"OK","90% ethanol","USNMENT01358280","ORNL_003.20170526.AMBAME.N","Lorenza Beati","Georgia Southern University",
"4a8fee11-5c69-4611-b3b6-cdb5af197b7c","ORNL_008.tickPlot.tck","ORNL_008","2017-05-26T17:25Z","2017-12-21T17:00Z","ORNL_008.20170526","ORNL_008.20170526.IXOSCA.N","Ixodes scapularis","IXOSCA","species","Ixodidae",,,,"Ixodes",,"scapularis",,,"Cooley, R. A. and G. M. Kohls. 1945. The genus Ixodes in North America. National Institute of Health Bulletin, 184.","GSU_tickIdentification_SOP_2016-11-01.pdf","Say","Nymph",1,"OK","90% ethanol","USNMENT01358281","ORNL_008.20170526.IXOSCA.N","Lorenza Beati","Georgia Southern University",
"38df1aa1-a444-499f-930f-187b1bd0b53b","ORNL_008.tickPlot.tck","ORNL_008","2017-05-26T17:25Z","2017-12-21T17:00Z","ORNL_008.20170526","ORNL_008.20170526.AMBAME.N","Amblyomma americanum","AMBAME","species","Ixodidae",,,,"Amblyomma",,"americanum",,,"Cooley, R. A. and G. M. Kohls. 1944. The genus Amblyomma (ixodidae) in the United States. The Journal of Parasitology, 30(2):77-111.","GSU_tickIdentification_SOP_2016-11-01.pdf","Linnaeus","Nymph",14,"OK","90% ethanol","USNMENT01358282","ORNL_008.20170526.AMBAME.N","Lorenza Beati","Georgia Southern University",
"4805d359-d47c-4d2c-80f8-4dc25ac56b4f","ORNL_008.tickPlot.tck","ORNL_008","2017-05-26T17:25Z","2017-12-21T17:00Z","ORNL_008.20170526","ORNL_008.20170526.AMBAME.F","Amblyomma americanum","AMBAME","species","Ixodidae",,,,"Amblyomma",,"americanum",,,"Cooley, R. A. and G. M. Kohls. 1944. The genus Amblyomma (ixodidae) in the United States. The Journal of Parasitology, 30(2):77-111.","GSU_tickIdentification_SOP_2016-11-01.pdf","Linnaeus","Female",2,"OK","90% ethanol","USNMENT01358283","ORNL_008.20170526.AMBAME.F","Lorenza Beati","Georgia Southern University","TO PAULA"
"747f304c-b8ab-434c-83e5-4058c67b761c","ORNL_007.tickPlot.tck","ORNL_007","2017-05-26T19:11Z","2017-12-21T17:00Z","ORNL_007.20170526","ORNL_007.20170526.AMBAME.N","Amblyomma americanum","AMBAME","species","Ixodidae",,,,"Amblyomma",,"americanum",,,"Cooley, R. A. and G. M. Kohls. 1944. The genus Amblyomma (ixodidae) in the United States. The Journal of Parasitology, 30(2):77-111.","GSU_tickIdentification_SOP_2016-11-01.pdf","Linnaeus","Nymph",7,"OK","90% ethanol","USNMENT01358284","ORNL_007.20170526.AMBAME.N","Lorenza Beati","Georgia Southern University",
"44fa20c9-5cf5-4981-884e-81663b51ac01","ORNL_007.tickPlot.tck","ORNL_007","2017-05-26T19:11Z","2017-12-21T17:00Z","ORNL_007.20170526","ORNL_007.20170526.AMBAME.F","Amblyomma americanum","AMBAME","species","Ixodidae",,,,"Amblyomma",,"americanum",,,"Cooley, R. A. and G. M. Kohls. 1944. The genus Amblyomma (ixodidae) in the United States. The Journal of Parasitology, 30(2):77-111.","GSU_tickIdentification_SOP_2016-11-01.pdf","Linnaeus","Female",2,"OK","90% ethanol","USNMENT01358286","ORNL_007.20170526.AMBAME.F","Lorenza Beati","Georgia Southern University","TO PAULA"
"787228ad-1be9-4772-a78f-d229abad20f3","ORNL_007.tickPlot.tck","ORNL_007","2017-05-26T19:11Z","2017-12-21T17:00Z","ORNL_007.20170526","ORNL_007.20170526.AMBAME.M","Amblyomma americanum","AMBAME","species","Ixodidae",,,,"Amblyomma",,"americanum",,,"Cooley, R. A. and G. M. Kohls. 1944. The genus Amblyomma (ixodidae) in the United States. The Journal of Parasitology, 30(2):77-111.","GSU_tickIdentification_SOP_2016-11-01.pdf","Linnaeus","Male",1,"OK","90% ethanol","USNMENT01358285","ORNL_007.20170526.AMBAME.M","Lorenza Beati","Georgia Southern University","TO PAULA"
"068bc9c7-3c45-4fbe-8d5a-70de61bd055a","ORNL_007.tickPlot.tck","ORNL_007","2017-05-26T19:11Z","2017-12-21T17:00Z","ORNL_007.20170526","ORNL_007.20170526.IXOSCA.N","Ixodes scapularis","IXOSCA","species","Ixodidae",,,,"Ixodes",,"scapularis",,,"Cooley, R. A. and G. M. Kohls. 1945. The genus Ixodes in North America. National Institute of Health Bulletin, 184.","GSU_tickIdentification_SOP_2016-11-01.pdf","Say","Nymph",1,"OK","90% ethanol","USNMENT01358287","ORNL_007.20170526.IXOSCA.N","Lorenza Beati","Georgia Southern University","add rml"
