uid,namedLocation,domainID,siteID,plotID,plotType,nlcdClass,decimalLatitude,decimalLongitude,geodeticDatum,coordinateUncertainty,elevation,elevationUncertainty,collectDate,eventID,sampleID,sampleCode,samplingMethod,totalSampledArea,targetTaxaPresent,adultCount,nymphCount,larvaCount,sampleCondition,samplingProtocolVersion,measuredBy,remarks
"8a56ce32-94e7-44d5-a22a-2bc81ca2fad5","OAES_005.tickPlot.tck","D11","OAES","OAES_005","distributed","grasslandHerbaceous",35.402926,-99.080346,"WGS84",20.1,509.4,0.1,"2017-07-11T13:55Z","OAES.2017.29","OAES_005.20170711",,"drag",160,"Y",1,0,0,"No known compromise","NEON.DOC.014045vH","xP4KKGihqFI0UU/zU9+Tjib2xvnmUUFCVPHurDTMPoA=",
"b31ded84-da53-42e0-b1ab-e6cc789403f7","OAES_004.tickPlot.tck","D11","OAES","OAES_004","distributed","grasslandHerbaceous",35.411159,-99.084234,"WGS84",20.1,507.6,0.1,"2017-07-11T14:45Z","OAES.2017.29","OAES_004.20170711",,"drag",160,"Y",1,0,0,"No known compromise","NEON.DOC.014045vH","xP4KKGihqFI0UU/zU9+Tjib2xvnmUUFCVPHurDTMPoA=",
"a91440b5-a2d5-4483-af40-19df838fea9d","OAES_021.tickPlot.tck","D11","OAES","OAES_021","distributed","shrubScrub",35.413211,-99.074301,"WGS84",20.1,501.7,0.1,"2017-07-11T15:35Z","OAES.2017.29",,,"drag",130,"N",0,0,0,,"NEON.DOC.014045vH","xP4KKGihqFI0UU/zU9+Tjib2xvnmUUFCVPHurDTMPoA=","Deviated due to vegetation"
"973ed272-409d-4250-bb6a-29ed32292ee7","OAES_003.tickPlot.tck","D11","OAES","OAES_003","distributed","grasslandHerbaceous",35.412134,-99.068027,"WGS84",20.2,512.2,0.2,"2017-07-11T16:20Z","OAES.2017.29","OAES_003.20170711",,"drag",158,"Y",1,0,0,"No known compromise","NEON.DOC.014045vH","xP4KKGihqFI0UU/zU9+Tjib2xvnmUUFCVPHurDTMPoA=","Deviated due to cacti"
"b868464f-05d5-497b-a131-7862b258903a","OAES_007.tickPlot.tck","D11","OAES","OAES_007","distributed","shrubScrub",35.421328,-99.057210,"WGS84",20.1,521.6,0.1,"2017-07-11T16:57Z","OAES.2017.29",,,"drag",160,"N",0,0,0,,"NEON.DOC.014045vH","xP4KKGihqFI0UU/zU9+Tjib2xvnmUUFCVPHurDTMPoA=",
"09469cf4-e1c7-4a80-838c-36b0212e065a","OAES_008.tickPlot.tck","D11","OAES","OAES_008","distributed","grasslandHerbaceous",35.394019,-99.063159,"WGS84",20.1,492.6,0.1,"2017-07-11T17:34Z","OAES.2017.29",,,"drag and flag",160,"N",0,0,0,,"NEON.DOC.014045vH","xP4KKGihqFI0UU/zU9+Tjib2xvnmUUFCVPHurDTMPoA=",
