uid,namedLocation,domainID,siteID,plotID,plotType,nlcdClass,decimalLatitude,decimalLongitude,geodeticDatum,coordinateUncertainty,elevation,elevationUncertainty,collectDate,eventID,sampleID,sampleCode,samplingMethod,totalSampledArea,targetTaxaPresent,adultCount,nymphCount,larvaCount,sampleCondition,samplingProtocolVersion,measuredBy,remarks
"493d260d-e7fa-412b-8d2a-9937d8da78da","NOGP_001.tickPlot.tck","D09","NOGP","NOGP_001","distributed","grasslandHerbaceous",46.804811,-100.916048,"WGS84",20.0,530.7,0.0,"2016-09-21T15:08Z","NOGP.2016.38",,,"drag and flag",160,"N",0,0,0,"No known compromise","NEON.DOC.014045vG","dMVZgSbiazVu0oXyzneal5IPnECwOfLe",
"2cf0cdfd-e996-4bab-9d80-105235e02882","NOGP_002.tickPlot.tck","D09","NOGP","NOGP_002","distributed","grasslandHerbaceous",46.797460,-100.910668,"WGS84",20.1,544.6,0.1,"2016-09-21T15:48Z","NOGP.2016.38",,,"drag",160,"N",0,0,0,"No known compromise","NEON.DOC.014045vG","ippAM7hgZZNrifbjRsn1EwefSeahQojc",
"af5ed445-c184-4257-995a-1bcadc44539c","NOGP_005.tickPlot.tck","D09","NOGP","NOGP_005","distributed","grasslandHerbaceous",46.787576,-100.916830,"WGS84",20.0,564.6,0.0,"2016-09-21T16:36Z","NOGP.2016.38",,,"drag",162,"N",0,0,0,"No known compromise","NEON.DOC.014045vG","dMVZgSbiazVu0oXyzneal5IPnECwOfLe",
"a76c974b-cccf-4b5d-bacf-f4240a05fee5","NOGP_006.tickPlot.tck","D09","NOGP","NOGP_006","distributed","grasslandHerbaceous",46.768522,-100.918874,"WGS84",20.1,588.6,0.1,"2016-09-21T17:32Z","NOGP.2016.38",,,"drag",160,"N",0,0,0,"No known compromise","NEON.DOC.014045vG","ippAM7hgZZNrifbjRsn1EwefSeahQojc",
"9efca752-72f0-4082-84e2-7dce93ec605d","NOGP_008.tickPlot.tck","D09","NOGP","NOGP_008","distributed","grasslandHerbaceous",46.783500,-100.905977,"WGS84",20.1,562.0,0.1,"2016-09-21T18:24Z","NOGP.2016.38",,,"drag",160,"N",0,0,0,"No known compromise","NEON.DOC.014045vG","dMVZgSbiazVu0oXyzneal5IPnECwOfLe",
"aa7dfae6-1af4-44c1-9381-1bfb889306e8","NOGP_007.tickPlot.tck","D09","NOGP","NOGP_007","distributed","grasslandHerbaceous",46.813251,-100.903783,"WGS84",20.0,527.7,0.0,"2016-09-21T19:07Z","NOGP.2016.38",,,"drag",160,"N",0,0,0,"No known compromise","NEON.DOC.014045vG","ippAM7hgZZNrifbjRsn1EwefSeahQojc",
