uid,namedLocation,date,domainID,siteID,plotID,plotType,nlcdClass,decimalLatitude,decimalLongitude,geodeticDatum,coordinateUncertainty,easting,northing,utmZone,elevation,elevationUncertainty,eventID,samplingProtocolVersion,treesPresent,treesAbsentList,shrubsPresent,shrubsAbsentList,lianasPresent,lianasAbsentList,nestedSubplotAreaShrubSapling,nestedSubplotAreaLiana,totalSampledAreaTrees,totalSampledAreaShrubSapling,totalSampledAreaLiana,remarks,measuredBy,recordedBy,dataQF
"380a57e3-7f3d-4e77-9977-b4dfac99db7f","MOAB_045.basePlot.vst","2015-04-20","D13","MOAB","MOAB_045","tower","shrubScrub",38.245900,-109.390298,"WGS84",20.1,640858.69,4234323.77,"12N",1796.8,0.1,"vst_MOAB_2015","NEON.DOC.000987vE",,,,,,,"noneSelected","noneSelected",400,400,400,,"SVlrLvG6MQgHNcX9a6cN9XT/1zjcedhM","tlMoIdYkoo6J0NCfwaeRp2677UdhrAJ0FDolN8MuE/0=",
"55288db4-8ceb-45d8-b7b6-e57e78e9c8fa","MOAB_049.basePlot.vst","2015-04-20","D13","MOAB","MOAB_049","tower","shrubScrub",38.247487,-109.388880,"WGS84",10.1,640979.72,4234502.03,"12N",1797.6,0.1,"vst_MOAB_2015","NEON.DOC.000987vE",,,,,,,"noneSelected","noneSelected",400,400,400,"No qualify in stems present","SVlrLvG6MQgHNcX9a6cN9XT/1zjcedhM","tlMoIdYkoo6J0NCfwaeRp2677UdhrAJ0FDolN8MuE/0=",
"f7899de1-5cf7-4c50-bcff-8824e64bb678","MOAB_059.basePlot.vst","2015-04-20","D13","MOAB","MOAB_059","tower","shrubScrub",38.245069,-109.389627,"WGS84",10.1,640919.02,4234232.58,"12N",1799.8,0.1,"vst_MOAB_2015","NEON.DOC.000987vE",,,,,,,"noneSelected","noneSelected",400,400,400,,"SVlrLvG6MQgHNcX9a6cN9XT/1zjcedhM","tlMoIdYkoo4/frSr+TOZz6pAAC/bv59I",
"484a569a-da1f-434d-bacd-7878d690b086","MOAB_053.basePlot.vst","2015-04-20","D13","MOAB","MOAB_053","tower","shrubScrub",38.248329,-109.390584,"WGS84",10.1,640828.98,4234592.87,"12N",1795.4,0.1,"vst_MOAB_2015","NEON.DOC.000987vE",,,,,,,"noneSelected","noneSelected",400,400,400,,"SVlrLvG6MQgHNcX9a6cN9XT/1zjcedhM","tlMoIdYkoo6J0NCfwaeRp2677UdhrAJ0FDolN8MuE/0=",
"4e58f6d6-6289-41c3-ab5e-98edbd42ea04","MOAB_067.basePlot.vst","2015-04-20","D13","MOAB","MOAB_067","tower","grasslandHerbaceous",38.246160,-109.390963,"WGS84",10.1,640800.00,4234351.61,"12N",1796.1,0.1,"vst_MOAB_2015","NEON.DOC.000987vE",,,,,,,"noneSelected","noneSelected",400,400,400,,"tlMoIdYkoo4/frSr+TOZz6pAAC/bv59I","SVlrLvG6MQgHNcX9a6cN9XT/1zjcedhM",
"5956a5f5-fcff-4baf-9898-2f10efcc827f","MOAB_044.basePlot.vst","2015-04-20","D13","MOAB","MOAB_044","tower","shrubScrub",38.244540,-109.389977,"WGS84",20.1,640889.41,4234173.34,"12N",1798.6,0.1,"vst_MOAB_2015","NEON.DOC.000987vE",,,,,,,"noneSelected","noneSelected",400,400,400,,"tlMoIdYkoo4/frSr+TOZz6pAAC/bv59I","SVlrLvG6MQgHNcX9a6cN9XT/1zjcedhM",
"c1e1db16-1945-4aba-92b1-56bc0a18102f","MOAB_048.basePlot.vst","2015-04-20","D13","MOAB","MOAB_048","tower","shrubScrub",38.246193,-109.391992,"WGS84",10.1,640709.88,4234353.71,"12N",1794.3,0.1,"vst_MOAB_2015","NEON.DOC.000987vE",,,,,,,"noneSelected","noneSelected",400,400,400,,"SVlrLvG6MQgHNcX9a6cN9XT/1zjcedhM","tlMoIdYkoo4/frSr+TOZz6pAAC/bv59I",
"a9bcc311-f03b-4856-8b6a-0dff229ed129","MOAB_052.basePlot.vst","2015-04-20","D13","MOAB","MOAB_052","tower","shrubScrub",38.247790,-109.391266,"WGS84",10.1,640770.34,4234532.02,"12N",1794.1,0.1,"vst_MOAB_2015","NEON.DOC.000987vE",,,,,,,"noneSelected","noneSelected",400,400,400,"No qualifying stems","SVlrLvG6MQgHNcX9a6cN9XT/1zjcedhM","tlMoIdYkoo6J0NCfwaeRp2677UdhrAJ0FDolN8MuE/0=",
"e64f3ea5-e1a3-4aef-893c-2bbbb83c85e8","MOAB_069.basePlot.vst","2015-04-20","D13","MOAB","MOAB_069","tower","shrubScrub",38.246203,-109.392678,"WGS84",10.1,640649.83,4234353.77,"12N",1793.1,0.1,"vst_MOAB_2015","NEON.DOC.000987vE",,,,,,,"noneSelected","noneSelected",400,400,400,,"tlMoIdYkoo4/frSr+TOZz6pAAC/bv59I","SVlrLvG6MQgHNcX9a6cN9XT/1zjcedhM",
"50b4386e-32ef-4a58-a73f-e5182da97d31","MOAB_046.basePlot.vst","2015-04-20","D13","MOAB","MOAB_046","tower","shrubScrub",38.248085,-109.392293,"WGS84",20.1,640679.90,4234563.20,"12N",1792.2,0.1,"vst_MOAB_2015","NEON.DOC.000987vE",,,,,,,"noneSelected","noneSelected",400,400,400,,"SVlrLvG6MQgHNcX9a6cN9XT/1zjcedhM","tlMoIdYkoo6J0NCfwaeRp2677UdhrAJ0FDolN8MuE/0=",
"39be6935-b80e-437e-a88f-51ccd38c02ce","MOAB_055.basePlot.vst","2015-04-20","D13","MOAB","MOAB_055","tower","shrubScrub",38.247823,-109.393320,"WGS84",10.1,640590.53,4234532.56,"12N",1791.0,0.1,"vst_MOAB_2015","NEON.DOC.000987vE",,,,,,,"noneSelected","noneSelected",400,400,400,,"SVlrLvG6MQgHNcX9a6cN9XT/1zjcedhM","tlMoIdYkoo6J0NCfwaeRp2677UdhrAJ0FDolN8MuE/0=",
"a48f11f1-7c0b-46f4-a892-56a7c0b24661","MOAB_048.basePlot.vst","2015-04-20","D13","MOAB","MOAB_048","tower","shrubScrub",38.246193,-109.391992,"WGS84",10.1,640709.88,4234353.71,"12N",1794.3,0.1,"vst_MOAB_2015","NEON.DOC.000987vE",,,,,,,"noneSelected","noneSelected",400,400,400,"nested subplot sizes not recorded at time of measurement. Inferred from 2016, 2017 plot metadata and other plots at the site.",,,"legacyData"
"5928391b-a36a-48ce-b277-97f85e533c4c","MOAB_069.basePlot.vst","2015-04-20","D13","MOAB","MOAB_069","tower","shrubScrub",38.246203,-109.392678,"WGS84",10.1,640649.83,4234353.77,"12N",1793.1,0.1,"vst_MOAB_2015","NEON.DOC.000987vE",,,,,,,"noneSelected","noneSelected",400,400,400,"nested subplot sizes not recorded at time of measurement. Inferred from 2016, 2017 plot metadata and other plots at the site.",,,"legacyData"
"a99ba5ef-88b9-4d83-af57-c7928abc1c98","MOAB_059.basePlot.vst","2015-04-20","D13","MOAB","MOAB_059","tower","shrubScrub",38.245069,-109.389627,"WGS84",10.1,640919.02,4234232.58,"12N",1799.8,0.1,"vst_MOAB_2015","NEON.DOC.000987vE",,,,,,,"noneSelected","noneSelected",400,400,400,"nested subplot sizes not recorded at time of measurement. Inferred from 2016, 2017 plot metadata and other plots at the site.",,,"legacyData"
"aaaa0977-5259-4af6-bb8e-534986abc4c1","MOAB_044.basePlot.vst","2015-04-20","D13","MOAB","MOAB_044","tower","shrubScrub",38.244540,-109.389977,"WGS84",20.1,640889.41,4234173.34,"12N",1798.6,0.1,"vst_MOAB_2015","NEON.DOC.000987vE",,,,,,,"noneSelected","noneSelected",400,400,400,"nested subplot sizes not recorded at time of measurement. Inferred from 2016, 2017 plot metadata and other plots at the site.",,,"legacyData"
"eccba442-8e9e-4bfa-b294-f96e7a8d7e51","MOAB_063.basePlot.vst","2015-04-21","D13","MOAB","MOAB_063","tower","shrubScrub",38.246986,-109.391292,"WGS84",10.1,640769.61,4234442.77,"12N",1794.1,0.1,"vst_MOAB_2015","NEON.DOC.000987vE",,,,,,,"noneSelected","noneSelected",400,400,400,"nested subplot sizes not recorded at time of measurement. Inferred from 2016, 2017 plot metadata and other plots at the site.",,,"legacyData"
"17613721-672d-46ef-a9d4-94d81192c4c3","MOAB_065.basePlot.vst","2015-04-21","D13","MOAB","MOAB_065","tower","shrubScrub",38.246995,-109.392657,"WGS84",10.1,640650.14,4234441.69,"12N",1792.4,0.1,"vst_MOAB_2015","NEON.DOC.000987vE",,,,,,,"noneSelected","noneSelected",400,400,400,"nested subplot sizes not recorded at time of measurement. Inferred from 2016, 2017 plot metadata and other plots at the site.",,,"legacyData"
"a82a45ab-614a-4503-a589-a12c3e428413","MOAB_068.basePlot.vst","2015-04-21","D13","MOAB","MOAB_068","tower","shrubScrub",38.245344,-109.390305,"WGS84",10.1,640859.16,4234262.06,"12N",1798.0,0.1,"vst_MOAB_2015","NEON.DOC.000987vE",,,,,,,"noneSelected","noneSelected",400,400,400,,"tlMoIdYkoo4/frSr+TOZz6pAAC/bv59I","SVlrLvG6MQgHNcX9a6cN9XT/1zjcedhM",
"40816bd9-71d1-4aad-9ff5-8c56f1ee9ea0","MOAB_063.basePlot.vst","2015-04-21","D13","MOAB","MOAB_063","tower","shrubScrub",38.246986,-109.391292,"WGS84",10.1,640769.61,4234442.77,"12N",1794.1,0.1,"vst_MOAB_2015","NEON.DOC.000987vE",,,,,,,"noneSelected","noneSelected",400,400,400,,"SVlrLvG6MQgHNcX9a6cN9XT/1zjcedhM","tlMoIdYkoo4/frSr+TOZz6pAAC/bv59I",
"7801779f-59d3-4029-bf6b-b9cc86acd7c6","MOAB_054.basePlot.vst","2015-04-21","D13","MOAB","MOAB_054","tower","grasslandHerbaceous",38.244238,-109.388272,"WGS84",10.1,641039.21,4234142.43,"12N",1801.6,0.1,"vst_MOAB_2015","NEON.DOC.000987vE",,,,,,,"noneSelected","noneSelected",400,400,400,"nested subplot sizes not recorded at time of measurement. Inferred from 2016, 2017 plot metadata and other plots at the site.",,,"legacyData"
"e47aa3aa-4255-4eb8-8de5-ed7f9b27eb93","MOAB_054.basePlot.vst","2015-04-21","D13","MOAB","MOAB_054","tower","grasslandHerbaceous",38.244238,-109.388272,"WGS84",10.1,641039.21,4234142.43,"12N",1801.6,0.1,"vst_MOAB_2015","NEON.DOC.000987vE",,,,,,,"noneSelected","noneSelected",400,400,400,,"SVlrLvG6MQgHNcX9a6cN9XT/1zjcedhM","tlMoIdYkoo4/frSr+TOZz6pAAC/bv59I",
"c56b713d-8aac-446c-bdfd-387be9a1b101","MOAB_065.basePlot.vst","2015-04-21","D13","MOAB","MOAB_065","tower","shrubScrub",38.246995,-109.392657,"WGS84",10.1,640650.14,4234441.69,"12N",1792.4,0.1,"vst_MOAB_2015","NEON.DOC.000987vE",,,,,,,"noneSelected","noneSelected",400,400,400,,"tlMoIdYkoo4/frSr+TOZz6pAAC/bv59I","SVlrLvG6MQgHNcX9a6cN9XT/1zjcedhM",
"8941cd33-b6fc-4adb-a996-1a1d6e1a9ce7","MOAB_068.basePlot.vst","2015-04-21","D13","MOAB","MOAB_068","tower","shrubScrub",38.245344,-109.390305,"WGS84",10.1,640859.16,4234262.06,"12N",1798.0,0.1,"vst_MOAB_2015","NEON.DOC.000987vE",,,,,,,"noneSelected","noneSelected",400,400,400,"nested subplot sizes not recorded at time of measurement. Inferred from 2016, 2017 plot metadata and other plots at the site.",,,"legacyData"
"fbcbe6ff-fb2d-4d3c-8123-1ee4329a1e2c","MOAB_058.basePlot.vst","2015-04-21","D13","MOAB","MOAB_058","tower","shrubScrub",38.246422,-109.390274,"WGS84",10.1,640859.79,4234381.73,"12N",1796.3,0.1,"vst_MOAB_2015","NEON.DOC.000987vE",,,,,,,"noneSelected","noneSelected",400,400,400,"nested subplot sizes not recorded at time of measurement. Inferred from 2016, 2017 plot metadata and other plots at the site.",,,"legacyData"
"1e800949-564c-45ab-b296-d168833cb152","MOAB_058.basePlot.vst","2015-04-21","D13","MOAB","MOAB_058","tower","shrubScrub",38.246422,-109.390274,"WGS84",10.1,640859.79,4234381.73,"12N",1796.3,0.1,"vst_MOAB_2015","NEON.DOC.000987vE",,,,,,,"noneSelected","noneSelected",400,400,400,,"tlMoIdYkoo4/frSr+TOZz6pAAC/bv59I","SVlrLvG6MQgHNcX9a6cN9XT/1zjcedhM",
"29782af7-d66c-4604-88e1-6445fcfee20e","MOAB_064.basePlot.vst","2015-04-22","D13","MOAB","MOAB_064","tower","shrubScrub",38.248592,-109.391255,"WGS84",10.1,640769.75,4234621.04,"12N",1794.2,0.1,"vst_MOAB_2015","NEON.DOC.000987vE",,,,,,,"noneSelected","noneSelected",400,400,400,,"SVlrLvG6MQgHNcX9a6cN9XT/1zjcedhM","tlMoIdYkoo4/frSr+TOZz6pAAC/bv59I",
"9cb60cf1-54a2-4519-9634-78a49c9a1e94","MOAB_071.basePlot.vst","2015-04-22","D13","MOAB","MOAB_071","tower","shrubScrub",38.248866,-109.390577,"WGS84",10.1,640828.55,4234652.47,"12N",1795.0,0.1,"vst_MOAB_2015","NEON.DOC.000987vE",,,,,,,"noneSelected","noneSelected",400,400,400,"nested subplot sizes not recorded at time of measurement. Inferred from 2016, 2017 plot metadata and other plots at the site.",,,"legacyData"
"895d98c0-6376-48ac-9094-54c0d8e0f48d","MOAB_057.basePlot.vst","2015-04-22","D13","MOAB","MOAB_057","tower","shrubScrub",38.249150,-109.391254,"WGS84",10.1,640768.76,4234682.96,"12N",1793.4,0.1,"vst_MOAB_2015","NEON.DOC.000987vE",,,,,,,"noneSelected","noneSelected",400,400,400,"nested subplot sizes not recorded at time of measurement. Inferred from 2016, 2017 plot metadata and other plots at the site.",,,"legacyData"
"6ba5047d-40df-4f57-9fb3-fd7899e45469","MOAB_064.basePlot.vst","2015-04-22","D13","MOAB","MOAB_064","tower","shrubScrub",38.248592,-109.391255,"WGS84",10.1,640769.75,4234621.04,"12N",1794.2,0.1,"vst_MOAB_2015","NEON.DOC.000987vE",,,,,,,"noneSelected","noneSelected",400,400,400,"nested subplot sizes not recorded at time of measurement. Inferred from 2016, 2017 plot metadata and other plots at the site.",,,"legacyData"
"d18b367f-aa0f-4080-bdb2-e6d8a6fe5612","MOAB_062.basePlot.vst","2015-04-22","D13","MOAB","MOAB_062","tower","shrubScrub",38.248268,-109.386131,"WGS84",10.1,641218.77,4234592.89,"12N",1806.2,0.1,"vst_MOAB_2015","NEON.DOC.000987vE",,,,,,,"noneSelected","noneSelected",400,400,400,"nested subplot sizes not recorded at time of measurement. Inferred from 2016, 2017 plot metadata and other plots at the site.",,,"legacyData"
"d5f40e32-930a-42c8-b981-787d5ba0f10e","MOAB_050.basePlot.vst","2015-04-22","D13","MOAB","MOAB_050","tower","shrubScrub",38.248588,-109.389898,"WGS84",10.1,640888.51,4234622.66,"12N",1796.8,0.1,"vst_MOAB_2015","NEON.DOC.000987vE",,,,,,,"noneSelected","noneSelected",400,400,400,"nested subplot sizes not recorded at time of measurement. Inferred from 2016, 2017 plot metadata and other plots at the site.",,,"legacyData"
"b0e6da7c-492a-4fb2-b545-e82f2f0ac95a","MOAB_066.basePlot.vst","2015-04-22","D13","MOAB","MOAB_066","tower","grasslandHerbaceous",38.246416,-109.389265,"WGS84",10.1,640948.10,4234382.60,"12N",1798.6,0.1,"vst_MOAB_2015","NEON.DOC.000987vE",,,,,,,"noneSelected","noneSelected",400,400,400,"nested subplot sizes not recorded at time of measurement. Inferred from 2016, 2017 plot metadata and other plots at the site.",,,"legacyData"
"a496fac5-2b4c-4d84-baa1-ba3e84cb673a","MOAB_070.basePlot.vst","2015-04-22","D13","MOAB","MOAB_070","tower","shrubScrub",38.247485,-109.388189,"WGS84",10.1,641040.19,4234502.87,"12N",1800.4,0.1,"vst_MOAB_2015","NEON.DOC.000987vE",,,,,,,"noneSelected","noneSelected",400,400,400,"nested subplot sizes not recorded at time of measurement. Inferred from 2016, 2017 plot metadata and other plots at the site.",,,"legacyData"
"8a0e12f7-f0af-4a63-b902-49f2c5c76bd7","MOAB_006.basePlot.vst","2015-04-22","D13","MOAB","MOAB_006","distributed","shrubScrub",38.236381,-109.406596,"WGS84",20.1,639450.62,4233242.79,"12N",1760.7,0.1,"vst_MOAB_2015","NEON.DOC.000987vE",,,,,,,"noneSelected","noneSelected",400,400,400,"nested subplot sizes not recorded at time of measurement. Inferred from 2016, 2017 plot metadata and other plots at the site.",,,"legacyData"
"283e7106-23ec-4039-b69a-797e852636db","MOAB_066.basePlot.vst","2015-04-22","D13","MOAB","MOAB_066","tower","grasslandHerbaceous",38.246416,-109.389265,"WGS84",10.1,640948.10,4234382.60,"12N",1798.6,0.1,"vst_MOAB_2015","NEON.DOC.000987vE",,,,,,,"noneSelected","noneSelected",400,400,400,,"SVlrLvG6MQgHNcX9a6cN9XT/1zjcedhM","tlMoIdYkoo4/frSr+TOZz6pAAC/bv59I",
"9bfbdd96-adc4-49d4-964c-176ef2ed75bd","MOAB_072.basePlot.vst","2015-04-22","D13","MOAB","MOAB_072","tower","shrubScrub",38.247009,-109.393348,"WGS84",10.1,640589.65,4234442.19,"12N",1790.6,0.1,"vst_MOAB_2015","NEON.DOC.000987vE",,,,,,,"noneSelected","noneSelected",400,400,400,,"SVlrLvG6MQgHNcX9a6cN9XT/1zjcedhM","tlMoIdYkoo6J0NCfwaeRp2677UdhrAJ0FDolN8MuE/0=",
"21e2553f-bad5-4be8-9cd4-58b8a0c66db9","MOAB_070.basePlot.vst","2015-04-22","D13","MOAB","MOAB_070","tower","shrubScrub",38.247485,-109.388189,"WGS84",10.1,641040.19,4234502.87,"12N",1800.4,0.1,"vst_MOAB_2015","NEON.DOC.000987vE",,,,,,,"noneSelected","noneSelected",400,400,400,,"tlMoIdYkoo4/frSr+TOZz6pAAC/bv59I","SVlrLvG6MQgHNcX9a6cN9XT/1zjcedhM",
"a6e2c319-13ce-4c06-ba6d-be7bb6f79df6","MOAB_050.basePlot.vst","2015-04-22","D13","MOAB","MOAB_050","tower","shrubScrub",38.248588,-109.389898,"WGS84",10.1,640888.51,4234622.66,"12N",1796.8,0.1,"vst_MOAB_2015","NEON.DOC.000987vE",,,,,,,"noneSelected","noneSelected",400,400,400,,"tlMoIdYkoo4/frSr+TOZz6pAAC/bv59I","SVlrLvG6MQgHNcX9a6cN9XT/1zjcedhM",
"626b53d3-a668-4001-a0f3-f39b4c6d3db8","MOAB_061.basePlot.vst","2015-04-22","D13","MOAB","MOAB_061","tower","shrubScrub",38.247236,-109.389912,"WGS84",10.1,640889.89,4234472.61,"12N",1796.6,0.1,"vst_MOAB_2015","NEON.DOC.000987vE",,,,,,,"noneSelected","noneSelected",400,400,400,,"tlMoIdYkoo4/frSr+TOZz6pAAC/bv59I","SVlrLvG6MQgHNcX9a6cN9XT/1zjcedhM",
"37fe3474-10ee-41e0-8291-d2ddaae7d79c","MOAB_062.basePlot.vst","2015-04-22","D13","MOAB","MOAB_062","tower","shrubScrub",38.248268,-109.386131,"WGS84",10.1,641218.77,4234592.89,"12N",1806.2,0.1,"vst_MOAB_2015","NEON.DOC.000987vE",,,,,,,"noneSelected","noneSelected",400,400,400,,"SVlrLvG6MQgHNcX9a6cN9XT/1zjcedhM","tlMoIdYkoo4/frSr+TOZz6pAAC/bv59I",
"ef7842d9-9c82-47fc-80df-1f43fbe38c10","MOAB_071.basePlot.vst","2015-04-22","D13","MOAB","MOAB_071","tower","shrubScrub",38.248866,-109.390577,"WGS84",10.1,640828.55,4234652.47,"12N",1795.0,0.1,"vst_MOAB_2015","NEON.DOC.000987vE",,,,,,,"noneSelected","noneSelected",400,400,400,,"SVlrLvG6MQgHNcX9a6cN9XT/1zjcedhM","tlMoIdYkoo4/frSr+TOZz6pAAC/bv59I",
"c651b458-14b0-484b-b4b9-2e07b9c1fd98","MOAB_057.basePlot.vst","2015-04-22","D13","MOAB","MOAB_057","tower","shrubScrub",38.249150,-109.391254,"WGS84",10.1,640768.76,4234682.96,"12N",1793.4,0.1,"vst_MOAB_2015","NEON.DOC.000987vE",,,,,,,"noneSelected","noneSelected",400,400,400,,"tlMoIdYkoo4/frSr+TOZz6pAAC/bv59I","SVlrLvG6MQgHNcX9a6cN9XT/1zjcedhM",
"2fda86ef-8476-4ea4-bee1-11620cd606e5","MOAB_047.basePlot.vst","2015-04-22","D13","MOAB","MOAB_047","tower","shrubScrub",38.245634,-109.389606,"WGS84",20.1,640919.77,4234295.31,"12N",1798.9,0.1,"vst_MOAB_2015","NEON.DOC.000987vE",,,,,,,"noneSelected","noneSelected",400,400,400,"nested subplot sizes not recorded at time of measurement. Inferred from 2016, 2017 plot metadata and other plots at the site.",,,"legacyData"
"0c44c9ee-1cfe-488e-a6dc-c05d28cc3d26","MOAB_073.basePlot.vst","2015-04-22","D13","MOAB","MOAB_073","tower","shrubScrub",38.246985,-109.391977,"WGS84",10.1,640709.67,4234441.61,"12N",1793.0,0.1,"vst_MOAB_2015","NEON.DOC.000987vE",,,,,,,"noneSelected","noneSelected",400,400,400,,"SVlrLvG6MQgHNcX9a6cN9XT/1zjcedhM","tlMoIdYkoo6J0NCfwaeRp2677UdhrAJ0FDolN8MuE/0=",
"cdf7d8d1-eaca-4afb-a957-a6a71a65f188","MOAB_047.basePlot.vst","2015-04-22","D13","MOAB","MOAB_047","tower","shrubScrub",38.245634,-109.389606,"WGS84",20.1,640919.77,4234295.31,"12N",1798.9,0.1,"vst_MOAB_2015","NEON.DOC.000987vE",,,,,,,"noneSelected","noneSelected",400,400,400,,"tlMoIdYkoo4/frSr+TOZz6pAAC/bv59I","SVlrLvG6MQgHNcX9a6cN9XT/1zjcedhM",
"54666bd5-e57f-4c55-a3ee-fdd8fbbd8908","MOAB_051.basePlot.vst","2015-04-24","D13","MOAB","MOAB_051","tower","shrubScrub",38.249165,-109.393305,"WGS84",10.1,640589.26,4234681.50,"12N",1790.0,0.1,"vst_MOAB_2015","NEON.DOC.000987vE",,,,,,,"noneSelected","noneSelected",400,400,400,,"tlMoIdYkoo4/frSr+TOZz6pAAC/bv59I","Ymvu50svVai947RgaYoGNGTwjbYtyuA7",
"d93bc600-3f9d-4938-8c6c-1adc1f630c41","MOAB_060.basePlot.vst","2015-04-24","D13","MOAB","MOAB_060","tower","shrubScrub",38.248623,-109.392977,"WGS84",10.1,640619.00,4234621.86,"12N",1790.9,0.1,"vst_MOAB_2015","NEON.DOC.000987vE",,,,,,,"noneSelected","noneSelected",400,400,400,,"tlMoIdYkoo4/frSr+TOZz6pAAC/bv59I","Ymvu50svVai947RgaYoGNGTwjbYtyuA7",
"f8cf7b80-2616-42ea-84a5-0e2204d6632e","MOAB_051.basePlot.vst","2015-04-24","D13","MOAB","MOAB_051","tower","shrubScrub",38.249165,-109.393305,"WGS84",10.1,640589.26,4234681.50,"12N",1790.0,0.1,"vst_MOAB_2015","NEON.DOC.000987vE",,,,,,,"noneSelected","noneSelected",400,400,400,"nested subplot sizes not recorded at time of measurement. Inferred from 2016, 2017 plot metadata and other plots at the site.",,,"legacyData"
"09e650a4-2170-4344-9e63-25ad23ed62fb","MOAB_060.basePlot.vst","2015-04-24","D13","MOAB","MOAB_060","tower","shrubScrub",38.248623,-109.392977,"WGS84",10.1,640619.00,4234621.86,"12N",1790.9,0.1,"vst_MOAB_2015","NEON.DOC.000987vE",,,,,,,"noneSelected","noneSelected",400,400,400,"nested subplot sizes not recorded at time of measurement. Inferred from 2016, 2017 plot metadata and other plots at the site.",,,"legacyData"
