uid,namedLocation,date,eventID,domainID,siteID,plotID,subplotID,individualID,tagStatus,growthForm,plantStatus,stemDiameter,measurementHeight,height,baseCrownHeight,breakHeight,breakDiameter,maxCrownDiameter,ninetyCrownDiameter,canopyPosition,shape,basalStemDiameter,basalStemDiameterMsrmntHeight,maxBaseCrownDiameter,ninetyBaseCrownDiameter,remarks,recordedBy,measuredBy,dataQF
"37da0aa1-8136-4326-bf23-fda3d5a5b27d","MOAB_069.basePlot.vst","2015-04-20","vst_MOAB_2015","D13","MOAB","MOAB_069",,"NEON.PLA.D13.MOAB.00008",,"small shrub","Live,  other damage",,,0.5,,,,0.5,0.3,"Partially shaded","half-sphere",,,,,,"SVlrLvG6MQgHNcX9a6cN9XT/1zjcedhM","tlMoIdYkoo4/frSr+TOZz6pAAC/bv59I","legacyData"
"d1b113f6-a4db-4b06-ba5c-168be8551748","MOAB_069.basePlot.vst","2015-04-20","vst_MOAB_2015","D13","MOAB","MOAB_069",,"NEON.PLA.D13.MOAB.00005",,"small shrub","Standing dead",,,0.3,,,,0.3,0.2,"Partially shaded","half-sphere",,,,,,"SVlrLvG6MQgHNcX9a6cN9XT/1zjcedhM","tlMoIdYkoo4/frSr+TOZz6pAAC/bv59I","legacyData"
"e7134ef7-9aa7-4965-8bd7-6766d90bf273","MOAB_069.basePlot.vst","2015-04-20","vst_MOAB_2015","D13","MOAB","MOAB_069",,"NEON.PLA.D13.MOAB.00007",,"small shrub","Live,  other damage",,,0.4,,,,0.4,0.3,"Partially shaded","half-sphere",,,,,,"SVlrLvG6MQgHNcX9a6cN9XT/1zjcedhM","tlMoIdYkoo4/frSr+TOZz6pAAC/bv59I","legacyData"
"ea841d81-b90d-417c-a57b-71af8be6e687","MOAB_059.basePlot.vst","2015-04-20","vst_MOAB_2015","D13","MOAB","MOAB_059",,"NEON.PLA.D13.MOAB.00003",,"small shrub","Standing dead",,,0.5,,,,0.3,0.1,"Partially shaded","oblate half-sphere",,,,,,"tlMoIdYkoo4/frSr+TOZz6pAAC/bv59I","SVlrLvG6MQgHNcX9a6cN9XT/1zjcedhM","legacyData"
"1d6168c8-6332-4e1e-882e-cd683e9fb637","MOAB_069.basePlot.vst","2015-04-20","vst_MOAB_2015","D13","MOAB","MOAB_069",,"NEON.PLA.D13.MOAB.00009",,"small shrub","Live",,,0.5,,,,0.7,0.5,"Open grown","half-sphere",,,,,,"SVlrLvG6MQgHNcX9a6cN9XT/1zjcedhM","tlMoIdYkoo4/frSr+TOZz6pAAC/bv59I","legacyData"
"f047efbc-2b7f-45ee-b9a9-f4d48c2a60fb","MOAB_069.basePlot.vst","2015-04-20","vst_MOAB_2015","D13","MOAB","MOAB_069",,"NEON.PLA.D13.MOAB.00006",,"small shrub","Live",,,0.3,,,,0.4,0.4,"Open grown","half-sphere",,,,,,"SVlrLvG6MQgHNcX9a6cN9XT/1zjcedhM","tlMoIdYkoo4/frSr+TOZz6pAAC/bv59I","legacyData"
"3a8b70d6-f950-4057-a321-de5b5e367de8","MOAB_044.basePlot.vst","2015-04-20","vst_MOAB_2015","D13","MOAB","MOAB_044",,"NEON.PLA.D13.MOAB.00001",,"small shrub","Live",,,0.4,,,,0.5,0.2,"Open grown","half-sphere",,,,,,"SVlrLvG6MQgHNcX9a6cN9XT/1zjcedhM","tlMoIdYkoo4/frSr+TOZz6pAAC/bv59I","legacyData"
"43222d9f-af2d-4c0b-8f30-c32291eb18f2","MOAB_059.basePlot.vst","2015-04-20","vst_MOAB_2015","D13","MOAB","MOAB_059",,"NEON.PLA.D13.MOAB.00004",,"small shrub","Standing dead",,,0.7,,,,1.4,0.2,"Partially shaded","oblate half-sphere",,,,,,"tlMoIdYkoo4/frSr+TOZz6pAAC/bv59I","SVlrLvG6MQgHNcX9a6cN9XT/1zjcedhM","legacyData"
"9c68be7d-829c-4802-a5b4-4d624c256000","MOAB_048.basePlot.vst","2015-04-20","vst_MOAB_2015","D13","MOAB","MOAB_048",,"NEON.PLA.D13.MOAB.00010",,"small shrub","Live",,,0.3,,,,0.3,0.3,"Open grown","half-sphere",,,,,,"tlMoIdYkoo4/frSr+TOZz6pAAC/bv59I","SVlrLvG6MQgHNcX9a6cN9XT/1zjcedhM","legacyData"
"3a8a2d9e-976d-4ff0-be09-8e6d7ffa5c86","MOAB_059.basePlot.vst","2015-04-20","vst_MOAB_2015","D13","MOAB","MOAB_059",,"NEON.PLA.D13.MOAB.00002",,"small shrub","Standing dead",,,0.5,,,,0.5,0.1,"Full sun","oblate half-sphere",,,,,,"tlMoIdYkoo4/frSr+TOZz6pAAC/bv59I","SVlrLvG6MQgHNcX9a6cN9XT/1zjcedhM","legacyData"
"797f16b8-e7e5-4918-a488-9159256d0f59","MOAB_068.basePlot.vst","2015-04-21","vst_MOAB_2015","D13","MOAB","MOAB_068",,"NEON.PLA.D13.MOAB.00050",,"small shrub","Live,  other damage",,,0.4,,,,0.8,0.3,"Full sun","oblate half-sphere",,,,,,"SVlrLvG6MQgHNcX9a6cN9XT/1zjcedhM","tlMoIdYkoo4/frSr+TOZz6pAAC/bv59I","legacyData"
"4cec725f-3cf1-4536-8c29-8d237b4678a4","MOAB_063.basePlot.vst","2015-04-21","vst_MOAB_2015","D13","MOAB","MOAB_063",,"NEON.PLA.D13.MOAB.00022",,"small shrub","Live,  other damage",,,0.3,,,,0.3,0.1,"Open grown","oblate half-sphere",,,,,,"tlMoIdYkoo4/frSr+TOZz6pAAC/bv59I","SVlrLvG6MQgHNcX9a6cN9XT/1zjcedhM","legacyData"
"e5e5d83f-f051-407f-a3d1-f9758b2926eb","MOAB_054.basePlot.vst","2015-04-21","vst_MOAB_2015","D13","MOAB","MOAB_054",,"NEON.PLA.D13.MOAB.00044",,"small shrub","Live,  other damage",,,0.7,,,,0.9,0.5,"Open grown","oblate half-sphere",,,,,,"tlMoIdYkoo4/frSr+TOZz6pAAC/bv59I","SVlrLvG6MQgHNcX9a6cN9XT/1zjcedhM","legacyData"
"5d6cf733-21f7-42f2-bb06-4f39ed9cb7b7","MOAB_063.basePlot.vst","2015-04-21","vst_MOAB_2015","D13","MOAB","MOAB_063",,"NEON.PLA.D13.MOAB.00020",,"small shrub","Live,  other damage",,,0.3,,,,0.3,0.1,"Open grown","inverted cone",,,5.00,2.00,,"tlMoIdYkoo4/frSr+TOZz6pAAC/bv59I","SVlrLvG6MQgHNcX9a6cN9XT/1zjcedhM","legacyData"
"50e430b4-fec7-405f-9144-4719f6c341a7","MOAB_063.basePlot.vst","2015-04-21","vst_MOAB_2015","D13","MOAB","MOAB_063",,"NEON.PLA.D13.MOAB.00027",,"small shrub","Live,  other damage",,,0.3,,,,0.4,0.3,"Open grown","oblate half-sphere",,,,,,"tlMoIdYkoo4/frSr+TOZz6pAAC/bv59I","SVlrLvG6MQgHNcX9a6cN9XT/1zjcedhM","legacyData"
"eb0a41b1-2525-40e8-adfa-deb7022bce21","MOAB_068.basePlot.vst","2015-04-21","vst_MOAB_2015","D13","MOAB","MOAB_068",,"NEON.PLA.D13.MOAB.00052",,"small shrub","Live,  other damage",,,0.5,,,,0.7,0.3,"Partially shaded","oblate half-sphere",,,,,,"SVlrLvG6MQgHNcX9a6cN9XT/1zjcedhM","tlMoIdYkoo4/frSr+TOZz6pAAC/bv59I","legacyData"
"aac8e54d-0964-4760-9c20-d84c8e1c6c59","MOAB_068.basePlot.vst","2015-04-21","vst_MOAB_2015","D13","MOAB","MOAB_068",,"NEON.PLA.D13.MOAB.00053",,"small shrub","Live,  other damage",,,0.4,,,,0.5,0.5,"Partially shaded","half-sphere",,,,,,"SVlrLvG6MQgHNcX9a6cN9XT/1zjcedhM","tlMoIdYkoo4/frSr+TOZz6pAAC/bv59I","legacyData"
"afbcda8d-6589-4a90-8bad-e34b3f95b1a0","MOAB_058.basePlot.vst","2015-04-21","vst_MOAB_2015","D13","MOAB","MOAB_058",,"NEON.PLA.D13.MOAB.00033",,"small shrub","Live,  other damage",,,0.2,,,,0.1,0.1,"Open grown","cylinder",,,,,,"SVlrLvG6MQgHNcX9a6cN9XT/1zjcedhM","tlMoIdYkoo4/frSr+TOZz6pAAC/bv59I","legacyData"
"ea303b9e-8855-4701-bc5c-acefdfc38974","MOAB_054.basePlot.vst","2015-04-21","vst_MOAB_2015","D13","MOAB","MOAB_054",,"NEON.PLA.D13.MOAB.00048",,"small shrub","Live,  other damage",,,0.6,,,,1.3,0.9,"Open grown","oblate half-sphere",,,,,,"tlMoIdYkoo4/frSr+TOZz6pAAC/bv59I","SVlrLvG6MQgHNcX9a6cN9XT/1zjcedhM","legacyData"
"0fdcbf8e-b261-4cd0-8557-07e146d35ab6","MOAB_054.basePlot.vst","2015-04-21","vst_MOAB_2015","D13","MOAB","MOAB_054",,"NEON.PLA.D13.MOAB.00035",,"small shrub","Live,  other damage",,,0.2,,,,0.4,0.3,"Open grown","oblate half-sphere",,,,,,"tlMoIdYkoo4/frSr+TOZz6pAAC/bv59I","SVlrLvG6MQgHNcX9a6cN9XT/1zjcedhM","legacyData"
"3e720db4-3db9-41e5-a2fb-ed63f861fbdb","MOAB_054.basePlot.vst","2015-04-21","vst_MOAB_2015","D13","MOAB","MOAB_054",,"NEON.PLA.D13.MOAB.00041",,"small shrub","Live,  other damage",,,0.8,,,,1.2,0.3,"Open grown","oblate half-sphere",,,,,,"tlMoIdYkoo4/frSr+TOZz6pAAC/bv59I","SVlrLvG6MQgHNcX9a6cN9XT/1zjcedhM","legacyData"
"6493c902-a852-49b2-86e9-06356a1c3dbd","MOAB_054.basePlot.vst","2015-04-21","vst_MOAB_2015","D13","MOAB","MOAB_054",,"NEON.PLA.D13.MOAB.00042",,"small shrub","Live,  other damage",,,0.5,,,,0.7,0.3,"Open grown","oblate half-sphere",,,,,,"tlMoIdYkoo4/frSr+TOZz6pAAC/bv59I","SVlrLvG6MQgHNcX9a6cN9XT/1zjcedhM","legacyData"
"53d8d9cb-4276-4bb5-a96f-c30e68b7d61c","MOAB_054.basePlot.vst","2015-04-21","vst_MOAB_2015","D13","MOAB","MOAB_054",,"NEON.PLA.D13.MOAB.00043",,"small shrub","Live,  other damage",,,0.8,,,,1.8,0.7,"Open grown","oblate half-sphere",,,,,,"tlMoIdYkoo4/frSr+TOZz6pAAC/bv59I","SVlrLvG6MQgHNcX9a6cN9XT/1zjcedhM","legacyData"
"c937bb1d-223d-48dd-b6f6-cf93ceb19391","MOAB_068.basePlot.vst","2015-04-21","vst_MOAB_2015","D13","MOAB","MOAB_068",,"NEON.PLA.D13.MOAB.00051",,"small shrub","Live,  other damage",,,0.5,,,,0.6,0.4,"Open grown","half-sphere",,,,,,"SVlrLvG6MQgHNcX9a6cN9XT/1zjcedhM","tlMoIdYkoo4/frSr+TOZz6pAAC/bv59I","legacyData"
"1a306912-a79a-438a-8033-e115107af718","MOAB_063.basePlot.vst","2015-04-21","vst_MOAB_2015","D13","MOAB","MOAB_063",,"NEON.PLA.D13.MOAB.00025",,"small shrub","Live,  other damage",,,0.3,,,,0.4,0.3,"Open grown","cylinder",,,,,,"tlMoIdYkoo4/frSr+TOZz6pAAC/bv59I","SVlrLvG6MQgHNcX9a6cN9XT/1zjcedhM","legacyData"
"2a9631f6-86c7-4594-9942-60beb04e6883","MOAB_065.basePlot.vst","2015-04-21","vst_MOAB_2015","D13","MOAB","MOAB_065",,"NEON.PLA.D13.MOAB.00017",,"small shrub","Live",,,0.4,,,,0.7,0.5,"Open grown","oblate half-sphere",,,,,,"SVlrLvG6MQgHNcX9a6cN9XT/1zjcedhM","tlMoIdYkoo4/frSr+TOZz6pAAC/bv59I","legacyData"
"61855480-9ae3-45e0-bcb3-ff039395d4a7","MOAB_065.basePlot.vst","2015-04-21","vst_MOAB_2015","D13","MOAB","MOAB_065",,"NEON.PLA.D13.MOAB.00016",,"small shrub","Live",,,0.3,,,,0.3,0.3,"Open grown","half-sphere",,,,,,"SVlrLvG6MQgHNcX9a6cN9XT/1zjcedhM","tlMoIdYkoo4/frSr+TOZz6pAAC/bv59I","legacyData"
"f4a694a7-5036-45d8-89b0-e1376ad55c7e","MOAB_054.basePlot.vst","2015-04-21","vst_MOAB_2015","D13","MOAB","MOAB_054",,"NEON.PLA.D13.MOAB.00046",,"small shrub","Live,  other damage",,,0.8,,,,1.0,0.7,"Open grown","half-sphere",,,,,,"tlMoIdYkoo4/frSr+TOZz6pAAC/bv59I","SVlrLvG6MQgHNcX9a6cN9XT/1zjcedhM","legacyData"
"4f94f151-d34a-4d28-8e23-485f001d28d6","MOAB_054.basePlot.vst","2015-04-21","vst_MOAB_2015","D13","MOAB","MOAB_054",,"NEON.PLA.D13.MOAB.00049",,"small shrub","Live,  other damage",,,0.3,,,,0.6,0.4,"Full sun","oblate half-sphere",,,,,,"tlMoIdYkoo4/frSr+TOZz6pAAC/bv59I","SVlrLvG6MQgHNcX9a6cN9XT/1zjcedhM","legacyData"
"ea65060b-e6ec-4665-8475-ee7cb411257b","MOAB_054.basePlot.vst","2015-04-21","vst_MOAB_2015","D13","MOAB","MOAB_054",,"NEON.PLA.D13.MOAB.00047",,"small shrub","Live,  other damage",,,0.6,,,,0.7,0.3,"Open grown","half-sphere",,,,,,"tlMoIdYkoo4/frSr+TOZz6pAAC/bv59I","SVlrLvG6MQgHNcX9a6cN9XT/1zjcedhM","legacyData"
"51e425d6-2a8e-4fca-9627-23ea96206e3b","MOAB_063.basePlot.vst","2015-04-21","vst_MOAB_2015","D13","MOAB","MOAB_063",,"NEON.PLA.D13.MOAB.00021",,"small shrub","Live,  other damage",,,0.3,,,,0.7,0.4,"Open grown","oblate half-sphere",,,,,,"tlMoIdYkoo4/frSr+TOZz6pAAC/bv59I","SVlrLvG6MQgHNcX9a6cN9XT/1zjcedhM","legacyData"
"99820364-ba44-4fd9-a5bc-b5b95218aa5d","MOAB_054.basePlot.vst","2015-04-21","vst_MOAB_2015","D13","MOAB","MOAB_054",,"NEON.PLA.D13.MOAB.00037",,"small shrub","Live,  other damage",,,0.3,,,,0.4,0.3,"Open grown","half-sphere",,,,,,"tlMoIdYkoo4/frSr+TOZz6pAAC/bv59I","SVlrLvG6MQgHNcX9a6cN9XT/1zjcedhM","legacyData"
"c1ec8282-e59c-437f-b0a4-c3a5322c77a6","MOAB_063.basePlot.vst","2015-04-21","vst_MOAB_2015","D13","MOAB","MOAB_063",,"NEON.PLA.D13.MOAB.00019",,"small shrub","Live,  other damage",,,0.3,,,,0.5,0.3,"Open grown","oblate half-sphere",,,,,,"tlMoIdYkoo4/frSr+TOZz6pAAC/bv59I","SVlrLvG6MQgHNcX9a6cN9XT/1zjcedhM","legacyData"
"b84078d5-0133-4fd5-aec4-b371d10a3b84","MOAB_054.basePlot.vst","2015-04-21","vst_MOAB_2015","D13","MOAB","MOAB_054",,"NEON.PLA.D13.MOAB.00045",,"small shrub","Live,  other damage",,,0.5,,,,0.5,0.4,"Open grown","half-sphere",,,,,,"tlMoIdYkoo4/frSr+TOZz6pAAC/bv59I","SVlrLvG6MQgHNcX9a6cN9XT/1zjcedhM","legacyData"
"19e6c696-1ea9-409e-a211-0881339dbe3d","MOAB_054.basePlot.vst","2015-04-21","vst_MOAB_2015","D13","MOAB","MOAB_054",,"NEON.PLA.D13.MOAB.00039",,"small shrub","Live,  other damage",,,0.5,,,,0.7,0.4,"Open grown","half-sphere",,,,,,"tlMoIdYkoo4/frSr+TOZz6pAAC/bv59I","SVlrLvG6MQgHNcX9a6cN9XT/1zjcedhM","legacyData"
"04daa1b8-21ff-4465-893d-2f5d92681bde","MOAB_054.basePlot.vst","2015-04-21","vst_MOAB_2015","D13","MOAB","MOAB_054",,"NEON.PLA.D13.MOAB.00036",,"small shrub","Live,  other damage",,,0.2,,,,0.3,0.2,"Open grown","half-sphere",,,,,,"tlMoIdYkoo4/frSr+TOZz6pAAC/bv59I","SVlrLvG6MQgHNcX9a6cN9XT/1zjcedhM","legacyData"
"6d7bc979-1753-477a-9bd8-284b19f0f18c","MOAB_063.basePlot.vst","2015-04-21","vst_MOAB_2015","D13","MOAB","MOAB_063",,"NEON.PLA.D13.MOAB.00031",,"small shrub","Live,  other damage",,,0.2,,,,0.2,0.1,"Open grown","half-sphere",,,,,,"tlMoIdYkoo4/frSr+TOZz6pAAC/bv59I","SVlrLvG6MQgHNcX9a6cN9XT/1zjcedhM","legacyData"
"41ad9ae3-776f-4ffe-9cd7-5f1e2386be39","MOAB_054.basePlot.vst","2015-04-21","vst_MOAB_2015","D13","MOAB","MOAB_054",,"NEON.PLA.D13.MOAB.00038",,"small shrub","Live,  other damage",,,0.6,,,,1.2,0.9,"Open grown","oblate half-sphere",,,,,,"tlMoIdYkoo4/frSr+TOZz6pAAC/bv59I","SVlrLvG6MQgHNcX9a6cN9XT/1zjcedhM","legacyData"
"0b7c2887-bace-4078-84d1-dbaed95108de","MOAB_058.basePlot.vst","2015-04-21","vst_MOAB_2015","D13","MOAB","MOAB_058",,"NEON.PLA.D13.MOAB.00030",,"small shrub","Live,  other damage",,,0.2,,,,0.4,0.4,"Open grown","half-sphere",,,,,,"SVlrLvG6MQgHNcX9a6cN9XT/1zjcedhM","tlMoIdYkoo4/frSr+TOZz6pAAC/bv59I","legacyData"
"32ac8f32-5cde-4777-9db8-850bc4ca2713","MOAB_063.basePlot.vst","2015-04-21","vst_MOAB_2015","D13","MOAB","MOAB_063",,"NEON.PLA.D13.MOAB.00018",,"small shrub","Live,  other damage",,,0.3,,,,0.4,0.3,"Partially shaded","oblate half-sphere",,,,,,"tlMoIdYkoo4/frSr+TOZz6pAAC/bv59I","SVlrLvG6MQgHNcX9a6cN9XT/1zjcedhM","legacyData"
"03bb1521-715e-445f-acbb-d5651ce32d94","MOAB_063.basePlot.vst","2015-04-21","vst_MOAB_2015","D13","MOAB","MOAB_063",,"NEON.PLA.D13.MOAB.00023",,"small shrub","Live,  other damage",,,0.3,,,,0.5,0.2,"Open grown","oblate half-sphere",,,,,,"tlMoIdYkoo4/frSr+TOZz6pAAC/bv59I","SVlrLvG6MQgHNcX9a6cN9XT/1zjcedhM","legacyData"
"e9f93ee0-0479-46de-94f8-2342e8038bb7","MOAB_063.basePlot.vst","2015-04-21","vst_MOAB_2015","D13","MOAB","MOAB_063",,"NEON.PLA.D13.MOAB.00032",,"small shrub","Live,  other damage",,,0.3,,,,0.6,0.5,"Open grown","oblate half-sphere",,,,,,"tlMoIdYkoo4/frSr+TOZz6pAAC/bv59I","SVlrLvG6MQgHNcX9a6cN9XT/1zjcedhM","legacyData"
"2071635a-3bdf-4564-adde-0f96d5cba0f0","MOAB_063.basePlot.vst","2015-04-21","vst_MOAB_2015","D13","MOAB","MOAB_063",,"NEON.PLA.D13.MOAB.00028",,"small shrub","Live,  other damage",,,0.4,,,,0.6,0.3,"Open grown","oblate half-sphere",,,,,,"tlMoIdYkoo4/frSr+TOZz6pAAC/bv59I","SVlrLvG6MQgHNcX9a6cN9XT/1zjcedhM","legacyData"
"dccb79b2-244f-48c1-8406-f5fd269f4aff","MOAB_058.basePlot.vst","2015-04-21","vst_MOAB_2015","D13","MOAB","MOAB_058",,"NEON.PLA.D13.MOAB.00034",,"small shrub","Live,  other damage",,,0.3,,,,0.2,0.1,"Open grown","cylinder",,,,,,"SVlrLvG6MQgHNcX9a6cN9XT/1zjcedhM","tlMoIdYkoo4/frSr+TOZz6pAAC/bv59I","legacyData"
"12c6173b-f85d-4d43-af25-29e5287189b3","MOAB_063.basePlot.vst","2015-04-21","vst_MOAB_2015","D13","MOAB","MOAB_063",,"NEON.PLA.D13.MOAB.00029",,"small shrub","Live,  other damage",,,0.3,,,,0.3,0.2,"Open grown","cylinder",,,,,,"tlMoIdYkoo4/frSr+TOZz6pAAC/bv59I","SVlrLvG6MQgHNcX9a6cN9XT/1zjcedhM","legacyData"
"ff5b2cd8-4508-41a7-8048-aa5b8c8b93da","MOAB_068.basePlot.vst","2015-04-21","vst_MOAB_2015","D13","MOAB","MOAB_068",,"NEON.PLA.D13.MOAB.00054",,"small shrub","Live,  other damage",,,0.4,,,,0.3,0.3,"Partially shaded","oblate half-sphere",,,,,,"SVlrLvG6MQgHNcX9a6cN9XT/1zjcedhM","tlMoIdYkoo4/frSr+TOZz6pAAC/bv59I","legacyData"
"f40c2e0d-b7fe-4b24-ae30-0315d0622511","MOAB_063.basePlot.vst","2015-04-21","vst_MOAB_2015","D13","MOAB","MOAB_063",,"NEON.PLA.D13.MOAB.00024",,"small shrub","Live,  other damage",,,0.3,,,,0.4,0.3,"Open grown","half-sphere",,,,,,"tlMoIdYkoo4/frSr+TOZz6pAAC/bv59I","SVlrLvG6MQgHNcX9a6cN9XT/1zjcedhM","legacyData"
"28ab81bb-f30a-4b61-b470-9a523f785a21","MOAB_063.basePlot.vst","2015-04-21","vst_MOAB_2015","D13","MOAB","MOAB_063",,"NEON.PLA.D13.MOAB.00026",,"small shrub","Live,  other damage",,,0.3,,,,0.4,0.3,"Open grown","oblate half-sphere",,,,,,"tlMoIdYkoo4/frSr+TOZz6pAAC/bv59I","SVlrLvG6MQgHNcX9a6cN9XT/1zjcedhM","legacyData"
"91e578ec-397c-45fd-b5aa-22947a7f7fa1","MOAB_054.basePlot.vst","2015-04-21","vst_MOAB_2015","D13","MOAB","MOAB_054",,"NEON.PLA.D13.MOAB.00040",,"small shrub","Live,  other damage",,,0.5,,,,0.5,0.4,"Open grown","half-sphere",,,,,,"tlMoIdYkoo4/frSr+TOZz6pAAC/bv59I","SVlrLvG6MQgHNcX9a6cN9XT/1zjcedhM","legacyData"
"ca142216-6197-4ee8-9174-ca2959791858","MOAB_062.basePlot.vst","2015-04-22","vst_MOAB_2015","D13","MOAB","MOAB_062",,"NEON.PLA.D13.MOAB.00067",,"small shrub","Standing dead",,,0.4,,,,0.2,0.1,"Open grown","cylinder",,,,,,"tlMoIdYkoo4/frSr+TOZz6pAAC/bv59I","SVlrLvG6MQgHNcX9a6cN9XT/1zjcedhM","legacyData"
"342ff3c7-0b25-46c2-a977-32d97be30312","MOAB_071.basePlot.vst","2015-04-22","vst_MOAB_2015","D13","MOAB","MOAB_071",,"NEON.PLA.D13.MOAB.00073",,"small shrub","Live,  other damage",,,0.5,,,,0.5,0.4,"Open grown","half-sphere",,,,,,"tlMoIdYkoo4/frSr+TOZz6pAAC/bv59I","SVlrLvG6MQgHNcX9a6cN9XT/1zjcedhM","legacyData"
"fa506841-9544-4639-a816-006eb6b7a325","MOAB_006.basePlot.vst","2015-04-22","vst_MOAB_2015","D13","MOAB","MOAB_006",,"NEON.PLA.D13.MOAB.00057",,"small shrub","Standing dead",,,0.5,,,,1.9,0.5,"Open grown","oblate half-sphere",,,,,,"SVlrLvG6MQgHNcX9a6cN9XT/1zjcedhM","tlMoIdYkoo4/frSr+TOZz6pAAC/bv59I","legacyData"
"bcb233c2-898d-4cb3-94aa-15ef4736875d","MOAB_050.basePlot.vst","2015-04-22","vst_MOAB_2015","D13","MOAB","MOAB_050",,"NEON.PLA.D13.MOAB.00064",,"small shrub","Live,  other damage",,,0.4,,,,0.3,0.1,"Partially shaded","oblate half-sphere",,,,,,"SVlrLvG6MQgHNcX9a6cN9XT/1zjcedhM","tlMoIdYkoo4/frSr+TOZz6pAAC/bv59I","legacyData"
"a91e2da0-aef9-4109-83d8-71f88c5b8602","MOAB_057.basePlot.vst","2015-04-22","vst_MOAB_2015","D13","MOAB","MOAB_057",,"NEON.PLA.D13.MOAB.00077",,"small shrub","Live,  other damage",,,0.8,,,,0.6,0.5,"Open grown","half-sphere",,,,,,"SVlrLvG6MQgHNcX9a6cN9XT/1zjcedhM","tlMoIdYkoo4/frSr+TOZz6pAAC/bv59I","legacyData"
"9b320b19-ec53-41bd-8791-51dfad625994","MOAB_057.basePlot.vst","2015-04-22","vst_MOAB_2015","D13","MOAB","MOAB_057",,"NEON.PLA.D13.MOAB.00076",,"small shrub","Live,  other damage",,,0.4,,,,0.4,0.2,"Open grown","oblate half-sphere",,,,,,"SVlrLvG6MQgHNcX9a6cN9XT/1zjcedhM","tlMoIdYkoo4/frSr+TOZz6pAAC/bv59I","legacyData"
"86c93703-2f87-4ada-ad2f-9bdcc6a1844d","MOAB_062.basePlot.vst","2015-04-22","vst_MOAB_2015","D13","MOAB","MOAB_062",,"NEON.PLA.D13.MOAB.00065",,"small shrub","Live,  other damage",,,0.3,,,,0.5,0.4,"Partially shaded","oblate half-sphere",,,,,,"tlMoIdYkoo4/frSr+TOZz6pAAC/bv59I","SVlrLvG6MQgHNcX9a6cN9XT/1zjcedhM","legacyData"
"d06e1220-2ee0-4335-8d40-7ecb7123b0d1","MOAB_057.basePlot.vst","2015-04-22","vst_MOAB_2015","D13","MOAB","MOAB_057",,"NEON.PLA.D13.MOAB.00081",,"small shrub","Live,  other damage",,,0.4,,,,0.5,0.4,"Open grown","half-sphere",,,,,,"SVlrLvG6MQgHNcX9a6cN9XT/1zjcedhM","tlMoIdYkoo4/frSr+TOZz6pAAC/bv59I","legacyData"
"8cd7ed04-8db3-49fd-bb84-a62402c9888e","MOAB_050.basePlot.vst","2015-04-22","vst_MOAB_2015","D13","MOAB","MOAB_050",,"NEON.PLA.D13.MOAB.00061",,"small shrub","Live,  other damage",,,0.5,,,,0.9,0.5,"Open grown","oblate half-sphere",,,,,,"SVlrLvG6MQgHNcX9a6cN9XT/1zjcedhM","tlMoIdYkoo4/frSr+TOZz6pAAC/bv59I","legacyData"
"92243665-c6d7-42a7-ac93-3c0394dd0d33","MOAB_057.basePlot.vst","2015-04-22","vst_MOAB_2015","D13","MOAB","MOAB_057",,"NEON.PLA.D13.MOAB.00079",,"small shrub","Live,  other damage",,,0.4,,,,0.5,0.4,"Open grown","half-sphere",,,,,,"SVlrLvG6MQgHNcX9a6cN9XT/1zjcedhM","tlMoIdYkoo4/frSr+TOZz6pAAC/bv59I","legacyData"
"37d5c87a-ff9e-4657-88d3-ca47d80f472b","MOAB_057.basePlot.vst","2015-04-22","vst_MOAB_2015","D13","MOAB","MOAB_057",,"NEON.PLA.D13.MOAB.00075",,"small shrub","Live,  other damage",,,0.6,,,,0.9,0.5,"Open grown","oblate half-sphere",,,,,,"SVlrLvG6MQgHNcX9a6cN9XT/1zjcedhM","tlMoIdYkoo4/frSr+TOZz6pAAC/bv59I","legacyData"
"829844c0-ab9f-487e-b863-723b969acecd","MOAB_047.basePlot.vst","2015-04-22","vst_MOAB_2015","D13","MOAB","MOAB_047",,"NEON.PLA.D13.MOAB.00055",,"small shrub","Live,  other damage",,,0.2,,,,0.5,0.2,"Open grown","oblate half-sphere",,,,,,"SVlrLvG6MQgHNcX9a6cN9XT/1zjcedhM","tlMoIdYkoo4/frSr+TOZz6pAAC/bv59I","legacyData"
"9cd7c171-a190-4757-900b-c57be40c4188","MOAB_071.basePlot.vst","2015-04-22","vst_MOAB_2015","D13","MOAB","MOAB_071",,"NEON.PLA.D13.MOAB.00071",,"small shrub","Live,  other damage",,,0.7,,,,0.5,0.5,"Open grown","half-sphere",,,,,,"tlMoIdYkoo4/frSr+TOZz6pAAC/bv59I","SVlrLvG6MQgHNcX9a6cN9XT/1zjcedhM","legacyData"
"fa50dbf3-bfc4-4752-b0a8-1b70c03d3347","MOAB_070.basePlot.vst","2015-04-22","vst_MOAB_2015","D13","MOAB","MOAB_070",,"NEON.PLA.D13.MOAB.00070",,"small shrub","Live,  other damage",,,0.3,,,,0.2,0.1,"Open grown","inverted cone",,,2.00,1.00,,"SVlrLvG6MQgHNcX9a6cN9XT/1zjcedhM","tlMoIdYkoo4/frSr+TOZz6pAAC/bv59I","legacyData"
"4d35bde9-9ab0-4735-934d-72be7d73a8b1","MOAB_066.basePlot.vst","2015-04-22","vst_MOAB_2015","D13","MOAB","MOAB_066",,"NEON.PLA.D13.MOAB.00056",,"small shrub","Live,  other damage",,,0.4,,,,0.4,0.4,"Open grown","oblate half-sphere",,,,,,"tlMoIdYkoo4/frSr+TOZz6pAAC/bv59I","SVlrLvG6MQgHNcX9a6cN9XT/1zjcedhM","legacyData"
"1789ed5e-595b-4e5f-b161-8f07d80d70ef","MOAB_057.basePlot.vst","2015-04-22","vst_MOAB_2015","D13","MOAB","MOAB_057",,"NEON.PLA.D13.MOAB.00080",,"small shrub","Live,  other damage",,,0.9,,,,1.2,0.8,"Open grown","oblate half-sphere",,,,,,"SVlrLvG6MQgHNcX9a6cN9XT/1zjcedhM","tlMoIdYkoo4/frSr+TOZz6pAAC/bv59I","legacyData"
"5360ce80-347b-437c-a1b1-bf7c8651b1c9","MOAB_062.basePlot.vst","2015-04-22","vst_MOAB_2015","D13","MOAB","MOAB_062",,"NEON.PLA.D13.MOAB.00066",,"small shrub","Standing dead",,,0.3,,,,0.2,,"Open grown","cylinder",,,,,,"tlMoIdYkoo4/frSr+TOZz6pAAC/bv59I","SVlrLvG6MQgHNcX9a6cN9XT/1zjcedhM","legacyData"
"b13f830d-7dd1-4122-85ad-935740153feb","MOAB_070.basePlot.vst","2015-04-22","vst_MOAB_2015","D13","MOAB","MOAB_070",,"NEON.PLA.D13.MOAB.00069",,"small shrub","Live",,,0.3,,,,0.6,0.5,"Partially shaded","half-sphere",,,,,,"SVlrLvG6MQgHNcX9a6cN9XT/1zjcedhM","tlMoIdYkoo4/frSr+TOZz6pAAC/bv59I","legacyData"
"3c1739e3-24fd-40ce-8194-0e983062719b","MOAB_050.basePlot.vst","2015-04-22","vst_MOAB_2015","D13","MOAB","MOAB_050",,"NEON.PLA.D13.MOAB.00062",,"small shrub","Live,  other damage",,,0.3,,,,0.2,0.2,"Partially shaded","half-sphere",,,,,,"SVlrLvG6MQgHNcX9a6cN9XT/1zjcedhM","tlMoIdYkoo4/frSr+TOZz6pAAC/bv59I","legacyData"
"78c1f8c7-986d-4107-8d86-8e5104fc8924","MOAB_050.basePlot.vst","2015-04-22","vst_MOAB_2015","D13","MOAB","MOAB_050",,"NEON.PLA.D13.MOAB.00063",,"small shrub","Live,  other damage",,,0.4,,,,0.1,0.1,"Partially shaded","cylinder",,,,,,"SVlrLvG6MQgHNcX9a6cN9XT/1zjcedhM","tlMoIdYkoo4/frSr+TOZz6pAAC/bv59I","legacyData"
"04d9a52c-c799-49ad-8aab-05862f8f6710","MOAB_057.basePlot.vst","2015-04-22","vst_MOAB_2015","D13","MOAB","MOAB_057",,"NEON.PLA.D13.MOAB.00082",,"small shrub","Live,  other damage",,,0.4,,,,0.7,0.3,"Open grown","oblate half-sphere",,,,,,"SVlrLvG6MQgHNcX9a6cN9XT/1zjcedhM","tlMoIdYkoo4/frSr+TOZz6pAAC/bv59I","legacyData"
"ee9cb0cd-52f3-4db9-8bcf-50c5ef92b14d","MOAB_064.basePlot.vst","2015-04-22","vst_MOAB_2015","D13","MOAB","MOAB_064",,"NEON.PLA.D13.MOAB.00059",,"small shrub","Live,  other damage",,,0.3,,,,0.3,0.2,"Full sun","oblate half-sphere",,,,,,"tlMoIdYkoo4/frSr+TOZz6pAAC/bv59I","SVlrLvG6MQgHNcX9a6cN9XT/1zjcedhM","legacyData"
"dbde1b2d-b788-456a-8500-45df3d0a4a14","MOAB_064.basePlot.vst","2015-04-22","vst_MOAB_2015","D13","MOAB","MOAB_064",,"NEON.PLA.D13.MOAB.00058",,"small shrub","Live,  other damage",,,0.3,,,,0.6,0.4,"Open grown","oblate half-sphere",,,,,,"tlMoIdYkoo4/frSr+TOZz6pAAC/bv59I","SVlrLvG6MQgHNcX9a6cN9XT/1zjcedhM","legacyData"
"1d045fe9-588b-4e89-bace-afa965b5c8a4","MOAB_057.basePlot.vst","2015-04-22","vst_MOAB_2015","D13","MOAB","MOAB_057",,"NEON.PLA.D13.MOAB.00078",,,"Live,  other damage",,,0.9,,,,1.3,0.9,"Open grown","oblate half-sphere",,,,,,"SVlrLvG6MQgHNcX9a6cN9XT/1zjcedhM","tlMoIdYkoo4/frSr+TOZz6pAAC/bv59I","legacyData"
"abc462fb-ea7a-48f1-b606-dc4751a429a0","MOAB_071.basePlot.vst","2015-04-22","vst_MOAB_2015","D13","MOAB","MOAB_071",,"NEON.PLA.D13.MOAB.00074",,"small shrub","Live,  other damage",,,0.7,,,,1.6,0.5,"Partially shaded","oblate half-sphere",,,,,,"tlMoIdYkoo4/frSr+TOZz6pAAC/bv59I","SVlrLvG6MQgHNcX9a6cN9XT/1zjcedhM","legacyData"
"0bf67ff9-f7dc-4a89-b88c-e020b91ceda0","MOAB_071.basePlot.vst","2015-04-22","vst_MOAB_2015","D13","MOAB","MOAB_071",,"NEON.PLA.D13.MOAB.00072",,"small shrub","Live,  other damage",,,0.8,,,,0.6,0.5,"Open grown","cylinder",,,,,,"tlMoIdYkoo4/frSr+TOZz6pAAC/bv59I","SVlrLvG6MQgHNcX9a6cN9XT/1zjcedhM","legacyData"
"e11fb98a-09a8-43f9-a197-c6535ad07c54","MOAB_070.basePlot.vst","2015-04-22","vst_MOAB_2015","D13","MOAB","MOAB_070",,"NEON.PLA.D13.MOAB.00068",,"small shrub","Live,  other damage",,,0.3,,,,0.7,0.6,"Open grown","half-sphere",,,,,,"SVlrLvG6MQgHNcX9a6cN9XT/1zjcedhM","tlMoIdYkoo4/frSr+TOZz6pAAC/bv59I","legacyData"
"bf3f54aa-8002-453f-bfde-fca2e44310ce","MOAB_050.basePlot.vst","2015-04-22","vst_MOAB_2015","D13","MOAB","MOAB_050",,"NEON.PLA.D13.MOAB.00060",,"small shrub","Live,  other damage",,,0.4,,,,0.6,0.5,"Open grown","oblate half-sphere",,,,,,"SVlrLvG6MQgHNcX9a6cN9XT/1zjcedhM","tlMoIdYkoo4/frSr+TOZz6pAAC/bv59I","legacyData"
"f16c5203-977a-4b88-aa74-7e8cc1ccb512","MOAB_060.basePlot.vst","2015-04-24","vst_MOAB_2015","D13","MOAB","MOAB_060",,"NEON.PLA.D13.MOAB.00091",,"small shrub","Live,  other damage",,,0.8,,,,0.5,0.4,"Open grown","cylinder",,,,,,"Ymvu50svVai947RgaYoGNGTwjbYtyuA7","tlMoIdYkoo4/frSr+TOZz6pAAC/bv59I","legacyData"
"d6883a68-f122-4cd2-9701-cd9e7ac5b480","MOAB_060.basePlot.vst","2015-04-24","vst_MOAB_2015","D13","MOAB","MOAB_060",,"NEON.PLA.D13.MOAB.00090",,"small shrub","Live,  other damage",,,0.5,,,,0.4,0.3,"Open grown","half-sphere",,,,,,"Ymvu50svVai947RgaYoGNGTwjbYtyuA7","tlMoIdYkoo4/frSr+TOZz6pAAC/bv59I","legacyData"
"5045ced1-746f-40ca-a863-66ce58d9ca8b","MOAB_051.basePlot.vst","2015-04-24","vst_MOAB_2015","D13","MOAB","MOAB_051",,"NEON.PLA.D13.MOAB.00095",,"small shrub","Live,  other damage",,,0.8,,,,0.8,0.6,"Open grown","half-sphere",,,,,,"Ymvu50svVai947RgaYoGNGTwjbYtyuA7","tlMoIdYkoo4/frSr+TOZz6pAAC/bv59I","legacyData"
"658b7a7e-e8e4-4f9a-b2c3-dada9d0397cc","MOAB_051.basePlot.vst","2015-04-24","vst_MOAB_2015","D13","MOAB","MOAB_051",,"NEON.PLA.D13.MOAB.00099",,"small shrub","Live,  other damage",,,0.6,,,,0.4,0.4,"Open grown","half-sphere",,,,,,"Ymvu50svVai947RgaYoGNGTwjbYtyuA7","tlMoIdYkoo4/frSr+TOZz6pAAC/bv59I","legacyData"
"f7d19a8b-f2f1-4438-9155-07c11bb25600","MOAB_060.basePlot.vst","2015-04-24","vst_MOAB_2015","D13","MOAB","MOAB_060",,"NEON.PLA.D13.MOAB.00089",,"small shrub","Live,  other damage",,,0.3,,,,0.7,0.4,"Open grown","oblate half-sphere",,,,,,"Ymvu50svVai947RgaYoGNGTwjbYtyuA7","tlMoIdYkoo4/frSr+TOZz6pAAC/bv59I","legacyData"
"2841f557-513c-4825-bdc3-a6e58d3d6075","MOAB_060.basePlot.vst","2015-04-24","vst_MOAB_2015","D13","MOAB","MOAB_060",,"NEON.PLA.D13.MOAB.00092",,"small shrub","Live,  other damage",,,0.6,,,,1.0,0.5,"Open grown","oblate half-sphere",,,,,,"Ymvu50svVai947RgaYoGNGTwjbYtyuA7","tlMoIdYkoo4/frSr+TOZz6pAAC/bv59I","legacyData"
"fab68264-5a2a-4370-a3c7-31abab745804","MOAB_051.basePlot.vst","2015-04-24","vst_MOAB_2015","D13","MOAB","MOAB_051",,"NEON.PLA.D13.MOAB.00098",,"small shrub","Live,  other damage",,,0.8,,,,0.7,0.7,"Open grown","half-sphere",,,,,,"Ymvu50svVai947RgaYoGNGTwjbYtyuA7","tlMoIdYkoo4/frSr+TOZz6pAAC/bv59I","legacyData"
"95917f9c-9900-4e5d-9365-64df66a4aa36","MOAB_060.basePlot.vst","2015-04-24","vst_MOAB_2015","D13","MOAB","MOAB_060",,"NEON.PLA.D13.MOAB.00093",,"small shrub","Live,  other damage",,,0.9,,,,1.0,0.9,"Open grown","oblate half-sphere",,,,,,"Ymvu50svVai947RgaYoGNGTwjbYtyuA7","tlMoIdYkoo4/frSr+TOZz6pAAC/bv59I","legacyData"
"45ceb9a9-10e2-4602-ad4f-3519bc14324c","MOAB_060.basePlot.vst","2015-04-24","vst_MOAB_2015","D13","MOAB","MOAB_060",,"NEON.PLA.D13.MOAB.00086",,"small shrub","Live,  other damage",,,0.5,,,,0.6,0.3,"Full sun","oblate half-sphere",,,,,,"Ymvu50svVai947RgaYoGNGTwjbYtyuA7","tlMoIdYkoo4/frSr+TOZz6pAAC/bv59I","legacyData"
"b2c0505b-b0f5-4b5c-9761-2bd19db5d225","MOAB_051.basePlot.vst","2015-04-24","vst_MOAB_2015","D13","MOAB","MOAB_051",,"NEON.PLA.D13.MOAB.00096",,"small shrub","Live,  other damage",,,0.8,,,,0.9,0.6,"Open grown","oblate half-sphere",,,,,,"Ymvu50svVai947RgaYoGNGTwjbYtyuA7","tlMoIdYkoo4/frSr+TOZz6pAAC/bv59I","legacyData"
"4f807828-1931-4db2-ae2f-404ec3152134","MOAB_051.basePlot.vst","2015-04-24","vst_MOAB_2015","D13","MOAB","MOAB_051",,"NEON.PLA.D13.MOAB.00097",,"small shrub","Live,  other damage",,,0.5,,,,0.6,0.4,"Open grown","oblate half-sphere",,,,,,"Ymvu50svVai947RgaYoGNGTwjbYtyuA7","tlMoIdYkoo4/frSr+TOZz6pAAC/bv59I","legacyData"
"b4be98e9-23a9-464a-9fb9-6437ecd81341","MOAB_051.basePlot.vst","2015-04-24","vst_MOAB_2015","D13","MOAB","MOAB_051",,"NEON.PLA.D13.MOAB.00094",,"small shrub","Live,  other damage",,,0.5,,,,0.4,0.2,"Open grown","inverted cone",,,5.00,3.00,,"Ymvu50svVai947RgaYoGNGTwjbYtyuA7","tlMoIdYkoo4/frSr+TOZz6pAAC/bv59I","legacyData"
"649a4521-a6ce-45da-91c9-fd7a1ce8e51c","MOAB_060.basePlot.vst","2015-04-24","vst_MOAB_2015","D13","MOAB","MOAB_060",,"NEON.PLA.D13.MOAB.00083",,"small shrub","Live,  other damage",,,0.5,,,,0.6,0.2,"Open grown","half-sphere",,,,,,"Ymvu50svVai947RgaYoGNGTwjbYtyuA7","tlMoIdYkoo4/frSr+TOZz6pAAC/bv59I","legacyData"
"fea9accc-19a2-4dbd-b7ea-7a5db26ba93a","MOAB_060.basePlot.vst","2015-04-24","vst_MOAB_2015","D13","MOAB","MOAB_060",,"NEON.PLA.D13.MOAB.00085",,"small shrub","Live,  other damage",,,0.7,,,,0.6,0.4,"Open grown","oblate half-sphere",,,,,,"Ymvu50svVai947RgaYoGNGTwjbYtyuA7","tlMoIdYkoo4/frSr+TOZz6pAAC/bv59I","legacyData"
"c445fc21-1c77-4d16-b037-544efa292a05","MOAB_060.basePlot.vst","2015-04-24","vst_MOAB_2015","D13","MOAB","MOAB_060",,"NEON.PLA.D13.MOAB.00087",,"small shrub","Live,  other damage",,,0.7,,,,1.0,0.7,"Open grown","oblate half-sphere",,,,,,"Ymvu50svVai947RgaYoGNGTwjbYtyuA7","tlMoIdYkoo4/frSr+TOZz6pAAC/bv59I","legacyData"
"1b1ee0fd-1e65-47f4-a246-dd60747f6c2d","MOAB_060.basePlot.vst","2015-04-24","vst_MOAB_2015","D13","MOAB","MOAB_060",,"NEON.PLA.D13.MOAB.00084",,"small shrub","Live,  other damage",,,0.8,,,,1.6,0.8,"Open grown","oblate half-sphere",,,,,,"Ymvu50svVai947RgaYoGNGTwjbYtyuA7","tlMoIdYkoo4/frSr+TOZz6pAAC/bv59I","legacyData"
"0f20e913-17bd-45a7-a8bf-60ec0f009d88","MOAB_060.basePlot.vst","2015-04-24","vst_MOAB_2015","D13","MOAB","MOAB_060",,"NEON.PLA.D13.MOAB.00088",,"small shrub","Live,  other damage",,,0.6,,,,0.9,0.3,"Open grown","oblate half-sphere",,,,,,"Ymvu50svVai947RgaYoGNGTwjbYtyuA7","tlMoIdYkoo4/frSr+TOZz6pAAC/bv59I","legacyData"
