uid,namedLocation,domainID,siteID,plotID,plotType,nlcdClass,decimalLatitude,decimalLongitude,geodeticDatum,coordinateUncertainty,elevation,elevationUncertainty,collectDate,eventID,sampleID,sampleCode,samplingMethod,totalSampledArea,targetTaxaPresent,adultCount,nymphCount,larvaCount,sampleCondition,samplingProtocolVersion,measuredBy,remarks
"f2b54aa5-c4d5-45ef-89d5-dda5f39b3d52","GUAN_002.tickPlot.tck","D04","GUAN","GUAN_002","distributed","evergreenForest",17.972295,-66.826103,"WGS84",6.6,87.8,0.3,"2016-07-05T11:30Z","GUAN.2016.27",,,"drag and flag",126,"N",0,0,0,"No known compromise","NEON.DOC.014045vG","2G6jL1xU09kc++3fEPpQLkA2cHzpx8zXwl+Jr/s/QvQ=",
"0863fc00-b74e-434e-8891-d7032a8be6e1","GUAN_031.tickPlot.tck","D04","GUAN","GUAN_031","distributed","evergreenForest",17.962171,-66.844084,"WGS84",6.4,43.4,0.1,"2016-07-05T13:25Z","GUAN.2016.27",,,"drag and flag",116,"N",0,0,0,"No known compromise","NEON.DOC.014045vG","dkUVz+Ep9mjwe8AKJjPrCYTGVeHZyOun","0"
"6a4d4376-ec3b-4b10-ab41-732d8310c9f0","GUAN_064.tickPlot.tck","D04","GUAN","GUAN_064","distributed","evergreenForest",17.969936,-66.850735,"WGS84",7.1,117.7,2.6,"2016-07-05T15:00Z","GUAN.2016.27",,,"drag and flag",160,"N",0,0,0,"No known compromise","NEON.DOC.014045vG","2G6jL1xU09kc++3fEPpQLkA2cHzpx8zXwl+Jr/s/QvQ=",
"cae8e8f2-6e02-4bf7-8b55-d733bf0d2d50","GUAN_006.tickPlot.tck","D04","GUAN","GUAN_006","distributed","evergreenForest",17.964057,-66.875100,"WGS84",6.5,84.5,0.3,"2016-07-06T11:15Z","GUAN.2016.27",,,"drag and flag",160,"N",0,0,0,"No known compromise","NEON.DOC.014045vG","kbCMcQCBYkIGeEbw5o+toEE8cQWHX4IZ","0"
"98994c1b-c10f-4642-96f2-b75fe5804e5d","GUAN_065.tickPlot.tck","D04","GUAN","GUAN_065","distributed","evergreenForest",17.972714,-66.873134,"WGS84",6.6,187.3,0.5,"2016-07-06T13:10Z","GUAN.2016.27",,,"drag and flag",158,"N",0,0,0,"No known compromise","NEON.DOC.014045vG","kbCMcQCBYkIGeEbw5o+toEE8cQWHX4IZ","0"
"1e8a9e12-e888-4a49-b9a8-878eff4736ff","GUAN_066.tickPlot.tck","D04","GUAN","GUAN_066","distributed","evergreenForest",17.974132,-66.879606,"WGS84",6.5,197.3,0.2,"2016-07-06T15:00Z","GUAN.2016.27",,,"drag and flag",160,"N",0,0,0,"No known compromise","NEON.DOC.014045vG","2G6jL1xU09kc++3fEPpQLkA2cHzpx8zXwl+Jr/s/QvQ=","0"
