uid,namedLocation,domainID,siteID,plotID,plotType,nlcdClass,decimalLatitude,decimalLongitude,geodeticDatum,coordinateUncertainty,elevation,elevationUncertainty,collectDate,eventID,sampleID,sampleCode,samplingMethod,totalSampledArea,targetTaxaPresent,adultCount,nymphCount,larvaCount,sampleCondition,samplingProtocolVersion,measuredBy,remarks
"7572906a-c630-475a-98a3-e4ee7c29bc64","JERC_011.tickPlot.tck","D03","JERC","JERC_011","distributed","evergreenForest",31.184787,-84.466700,"WGS84",20.1,40.0,0.1,"2018-09-06T14:18Z","JERC.2018.36",,,"drag and flag",155,"N",0,0,0,,"NEON.DOC.014045vJ","WvXSfWD4ehCPp4x6qnD3+p3dnwrzoU8uG8F7IbYmNWU=",
"ab7dfb94-16c6-486a-85d9-13448ee3de0e","JERC_004.tickPlot.tck","D03","JERC","JERC_004","distributed","cultivatedCrops",31.190115,-84.467381,"WGS84",20.1,43.6,0.2,"2018-09-06T14:51Z","JERC.2018.36",,,"drag and flag",158,"N",0,0,0,,"NEON.DOC.014045vJ","VlHgoVWxge2teKCg+zM2StIpvEI8IhK6mfU2H62X54M=",
"5e5a1816-4e57-4a45-bd69-fdc9ccf7a36c","JERC_002.tickPlot.tck","D03","JERC","JERC_002","distributed","evergreenForest",31.194065,-84.461537,"WGS84",20.3,56.0,0.5,"2018-09-06T15:27Z","JERC.2018.36",,,"drag and flag",160,"N",0,0,0,,"NEON.DOC.014045vJ","WvXSfWD4ehCPp4x6qnD3+p3dnwrzoU8uG8F7IbYmNWU=",
"0e7e6dc4-2e63-44d6-92c6-a8bc4c6ef9fb","JERC_010.tickPlot.tck","D03","JERC","JERC_010","distributed","deciduousForest",31.209219,-84.470530,"WGS84",20.2,40.5,0.5,"2018-09-06T16:08Z","JERC.2018.36",,,"drag and flag",160,"N",0,0,0,,"NEON.DOC.014045vJ","VlHgoVWxge2teKCg+zM2StIpvEI8IhK6mfU2H62X54M=",
"ca69afbb-066c-4a09-bd5d-b20f92e2740b","JERC_034.tickPlot.tck","D03","JERC","JERC_034","distributed","deciduousForest",31.198824,-84.491213,"WGS84",20.1,44.9,0.2,"2018-09-06T17:30Z","JERC.2018.36",,,"drag and flag",155,"N",0,0,0,,"NEON.DOC.014045vJ","WvXSfWD4ehCPp4x6qnD3+p3dnwrzoU8uG8F7IbYmNWU=",
