uid,namedLocation,plotID,collectDate,identifiedDate,sampleID,subsampleID,scientificName,acceptedTaxonID,taxonRank,family,subfamily,tribe,subtribe,genus,subgenus,specificEpithet,infraspecificEpithet,identificationQualifier,identificationReferences,identificationProtocolVersion,scientificNameAuthorship,sexOrAge,individualCount,sampleCondition,archiveMedium,archiveFacilityID,deprecatedVialID,identifiedBy,laboratoryName,remarks
"1282adb0-aa05-452c-8a1d-f4cceb078857","OSBS_004.tickPlot.tck","OSBS_004","2018-09-18T15:44Z","2018-10-04T16:00Z","OSBS_004.20180918","OSBS_004.20180918.AMBAME.N","Amblyomma americanum","AMBAME","species","Ixodidae",,,,"Amblyomma",,"americanum",,,"Cooley, R. A. and G. M. Kohls. 1944. The genus Amblyomma (ixodidae) in the United States. The Journal of Parasitology, 30(2):77-111.","GSU_tickIdentification_SOP_2016-11-01.pdf","Linnaeus","Nymph",2,"OK","90% ethanol","USNMENT01482245",,"Lorenza Beati","Georgia Southern University",
"a3b6d044-1b2e-42ca-b9f4-dfabc3e4e358","OSBS_001.tickPlot.tck","OSBS_001","2018-09-18T16:33Z","2018-10-04T16:00Z","OSBS_001.20180918","OSBS_001.20180918.L","Ixodida sp.","IXOSP2","order",,,,,,,"sp.",,,,"GSU_tickIdentification_SOP_2016-11-01.pdf",,"Larva",207,"OK","90% ethanol","USNMENT01482352",,"Arianna Gibbs","Georgia Southern University",
"56a0044d-fb8a-4076-903c-7ef770db09f1","OSBS_001.tickPlot.tck","OSBS_001","2018-09-18T16:33Z","2018-10-04T16:00Z","OSBS_001.20180918","OSBS_001.20180918.AMBAME.M","Amblyomma americanum","AMBAME","species","Ixodidae",,,,"Amblyomma",,"americanum",,,"Cooley, R. A. and G. M. Kohls. 1944. The genus Amblyomma (ixodidae) in the United States. The Journal of Parasitology, 30(2):77-111.","GSU_tickIdentification_SOP_2016-11-01.pdf","Linnaeus","Male",1,"OK","90% ethanol","USNMENT01482270",,"Lorenza Beati","Georgia Southern University",
"0e3f8d3c-4bad-45a7-892d-2483807c3a9a","OSBS_001.tickPlot.tck","OSBS_001","2018-09-18T16:33Z","2018-10-04T16:00Z","OSBS_001.20180918","OSBS_001.20180918.AMBAME.F","Amblyomma americanum","AMBAME","species","Ixodidae",,,,"Amblyomma",,"americanum",,,"Cooley, R. A. and G. M. Kohls. 1944. The genus Amblyomma (ixodidae) in the United States. The Journal of Parasitology, 30(2):77-111.","GSU_tickIdentification_SOP_2016-11-01.pdf","Linnaeus","Female",1,"OK","90% ethanol","USNMENT01482295",,"Lorenza Beati","Georgia Southern University",
"25310347-9fc5-4a9e-b6c8-983acafdc4c9","OSBS_001.tickPlot.tck","OSBS_001","2018-09-18T16:33Z","2018-10-04T16:00Z","OSBS_001.20180918","OSBS_001.20180918.AMBAME.N","Amblyomma americanum","AMBAME","species","Ixodidae",,,,"Amblyomma",,"americanum",,,"Cooley, R. A. and G. M. Kohls. 1944. The genus Amblyomma (ixodidae) in the United States. The Journal of Parasitology, 30(2):77-111.","GSU_tickIdentification_SOP_2016-11-01.pdf","Linnaeus","Nymph",36,"OK","90% ethanol","USNMENT01482256",,"Lorenza Beati","Georgia Southern University",
