uid,namedLocation,domainID,siteID,plotID,plotType,nlcdClass,decimalLatitude,decimalLongitude,geodeticDatum,coordinateUncertainty,elevation,elevationUncertainty,collectDate,eventID,sampleID,sampleCode,samplingMethod,totalSampledArea,targetTaxaPresent,adultCount,nymphCount,larvaCount,sampleCondition,samplingProtocolVersion,measuredBy,remarks
"27f73284-f859-4791-84ae-28d5854bd5c6","OSBS_002.tickPlot.tck","D03","OSBS","OSBS_002","distributed","evergreenForest",29.703661,-81.958365,"WGS84",20.1,35.8,0.2,"2018-09-18T14:52Z","OSBS.2018.38",,,"drag and flag",161,"N",0,0,0,,"NEON.DOC.014045vJ","K9OTaQ0zZCLKuSI2a22zmxo5JPNK03YOJDKl7AdSUww=",
"c0edfb3d-441a-4ceb-a830-08e79605e342","OSBS_048.tickPlot.tck","D03","OSBS","OSBS_048","distributed","evergreenForest",29.678818,-81.947790,"WGS84",20.2,36.8,0.4,"2018-09-18T15:28Z","OSBS.2018.38",,,"drag and flag",160,"N",0,0,0,,"NEON.DOC.014045vJ","K9OTaQ0zZCLKuSI2a22zmxo5JPNK03YOJDKl7AdSUww=",
"932253ba-f6e3-488f-8ec9-cd41e119269c","OSBS_004.tickPlot.tck","D03","OSBS","OSBS_004","distributed","evergreenForest",29.683402,-81.960449,"WGS84",20.3,42.4,0.4,"2018-09-18T15:44Z","OSBS.2018.38","OSBS_004.20180918",,"drag and flag",160,"Y",0,0,2,"No known compromise","NEON.DOC.014045vJ","K9OTaQ0zZCLKuSI2a22zmxo5JPNK03YOJDKl7AdSUww=",
"4545a6cc-77af-4ded-a18d-a17d31234572","OSBS_001.tickPlot.tck","D03","OSBS","OSBS_001","distributed","woodyWetlands",29.704063,-82.008061,"WGS84",20.3,34.4,0.3,"2018-09-18T16:33Z","OSBS.2018.38","OSBS_001.20180918","A00000035933","drag and flag",160,"Y",2,42,204,"No known compromise","NEON.DOC.014045vJ","75er1h6dp43ykbfxTJo/HuYugzGj1moltJ8xt746GgE=",
