uid,namedLocation,date,domainID,siteID,plotID,plotType,nlcdClass,decimalLatitude,decimalLongitude,geodeticDatum,coordinateUncertainty,easting,northing,utmZone,elevation,elevationUncertainty,eventID,samplingProtocolVersion,treesPresent,treesAbsentList,shrubsPresent,shrubsAbsentList,lianasPresent,lianasAbsentList,nestedSubplotAreaShrubSapling,nestedSubplotAreaLiana,totalSampledAreaTrees,totalSampledAreaShrubSapling,totalSampledAreaLiana,remarks,measuredBy,recordedBy,dataQF
"426ce00d-b72d-4faf-b3f1-686a3e0d8ab1","CPER_068.basePlot.vst","2016-10-17","D10","CPER","CPER_068","tower","grasslandHerbaceous",40.819722,-104.744935,"WGS84",10.1,521509.71,4518776.10,"13N",1645.1,0.1,"vst_CPER_2016","NEON.DOC.000987vE","N",,"N",,"N",,"noneSelected","noneSelected",400,400,400,,"Xlq171H9ZZZ5J3ckp1BdAB0lm0ecD5Q+","hh6ebSg6u9QT5P7fcmrL3lHK7HHR+RXo",
"b7ff1415-6241-4c42-aac0-e2a82ec1f3ed","CPER_069.basePlot.vst","2016-10-17","D10","CPER","CPER_069","tower","grasslandHerbaceous",40.818644,-104.749581,"WGS84",10.1,521118.25,4518655.31,"13N",1652.8,0.1,"vst_CPER_2016","NEON.DOC.000987vE","N",,"N",,"N",,"noneSelected","noneSelected",400,400,400,,"Xlq171H9ZZZ5J3ckp1BdAB0lm0ecD5Q+","hh6ebSg6u9QT5P7fcmrL3lHK7HHR+RXo",
"f0548f3b-72ac-482a-ae01-7b2182057188","CPER_061.basePlot.vst","2016-10-17","D10","CPER","CPER_061","tower","grasslandHerbaceous",40.818121,-104.750648,"WGS84",10.1,521028.44,4518597.00,"13N",1652.8,0.1,"vst_CPER_2016","NEON.DOC.000987vE","N",,"Y",,"N",,"noneSelected","noneSelected",400,400,400,,"Xlq171H9ZZZ5J3ckp1BdAB0lm0ecD5Q+","3tzZQmce7x7JA3blggu8feRPxyCUaTbS",
"fe2cc097-d6cb-45cd-9ccf-b7caaaf66138","CPER_045.basePlot.vst","2016-10-17","D10","CPER","CPER_045","tower","grasslandHerbaceous",40.817292,-104.750288,"WGS84",20.1,521059.06,4518505.06,"13N",1652.0,0.1,"vst_CPER_2016","NEON.DOC.000987vE","N",,"N",,"N",,"noneSelected","noneSelected",400,400,400,,"3tzZQmce7x7JA3blggu8feRPxyCUaTbS","wnOuIHRa4FOcTQx1VMy4nMZ2DVuQZQwp",
"d93dcb49-7d3d-463a-8d70-85edb09adfb1","CPER_058.basePlot.vst","2016-10-17","D10","CPER","CPER_058","tower","grasslandHerbaceous",40.820271,-104.745646,"WGS84",10.1,521449.57,4518836.87,"13N",1647.0,0.1,"vst_CPER_2016","NEON.DOC.000987vE","N",,"N",,"N",,"noneSelected","noneSelected",400,400,400,,"Xlq171H9ZZZ5J3ckp1BdAB0lm0ecD5Q+","hh6ebSg6u9QT5P7fcmrL3lHK7HHR+RXo",
"3f25ee98-4f20-49d7-a962-6c14edb39830","CPER_053.basePlot.vst","2016-10-17","D10","CPER","CPER_053","tower","grasslandHerbaceous",40.817842,-104.749919,"WGS84",10.1,521090.00,4518566.20,"13N",1651.5,0.1,"vst_CPER_2016","NEON.DOC.000987vE","N",,"N",,"N",,"noneSelected","noneSelected",400,400,400,,"3tzZQmce7x7JA3blggu8feRPxyCUaTbS","wnOuIHRa4FOcTQx1VMy4nMZ2DVuQZQwp",
"22fb23fd-beef-4cf8-8f47-ccc6cde806ab","CPER_074.basePlot.vst","2016-10-17","D10","CPER","CPER_074","tower","grasslandHerbaceous",40.820001,-104.746711,"WGS84",10.1,521359.85,4518806.64,"13N",1646.1,0.1,"vst_CPER_2016","NEON.DOC.000987vE","N",,"N",,"N",,"noneSelected","noneSelected",400,400,400,,"3tzZQmce7x7JA3blggu8feRPxyCUaTbS","hh6ebSg6u9QT5P7fcmrL3lHK7HHR+RXo",
"31d9a6e2-17b0-44e2-a9f8-bde87d4015aa","CPER_065.basePlot.vst","2016-10-18","D10","CPER","CPER_065","tower","grasslandHerbaceous",40.818362,-104.743864,"WGS84",10.1,521600.47,4518625.40,"13N",1645.6,0.1,"vst_CPER_2016","NEON.DOC.000987vE","N",,"N",,"N",,"noneSelected","noneSelected",400,400,400,,"Xlq171H9ZZZ5J3ckp1BdAB0lm0ecD5Q+","hh6ebSg6u9QT5P7fcmrL3lHK7HHR+RXo",
"75a6ef3e-9669-4074-981a-d210f698cf96","CPER_072.basePlot.vst","2016-10-18","D10","CPER","CPER_072","tower","grasslandHerbaceous",40.817821,-104.746715,"WGS84",10.1,521360.21,4518564.65,"13N",1654.1,0.1,"vst_CPER_2016","NEON.DOC.000987vE","N",,"N",,"N",,"noneSelected","noneSelected",400,400,400,,"3tzZQmce7x7JA3blggu8feRPxyCUaTbS","wnOuIHRa4FOcTQx1VMy4nMZ2DVuQZQwp",
"e6f84619-b186-4bc1-a1fb-66e8b68fb943","CPER_056.basePlot.vst","2016-10-18","D10","CPER","CPER_056","tower","grasslandHerbaceous",40.816756,-104.748161,"WGS84",10.1,521238.61,4518446.07,"13N",1652.1,0.1,"vst_CPER_2016","NEON.DOC.000987vE","N",,"N",,"N",,"noneSelected","noneSelected",400,400,400,,"3tzZQmce7x7JA3blggu8feRPxyCUaTbS","wnOuIHRa4FOcTQx1VMy4nMZ2DVuQZQwp",
"e962f848-ae9f-494f-8b3a-e1dfb23a2647","CPER_071.basePlot.vst","2016-10-18","D10","CPER","CPER_071","tower","grasslandHerbaceous",40.819728,-104.745640,"WGS84",10.1,521450.25,4518776.60,"13N",1645.2,0.1,"vst_CPER_2016","NEON.DOC.000987vE","N",,"N",,"N",,"noneSelected","noneSelected",400,400,400,,"Xlq171H9ZZZ5J3ckp1BdAB0lm0ecD5Q+","hh6ebSg6u9QT5P7fcmrL3lHK7HHR+RXo",
"52aefbdf-38ed-4328-93eb-00750c8a4637","CPER_050.basePlot.vst","2016-10-18","D10","CPER","CPER_050","tower","grasslandHerbaceous",40.818645,-104.744577,"WGS84",10.1,521540.25,4518656.64,"13N",1645.4,0.1,"vst_CPER_2016","NEON.DOC.000987vE","N",,"N",,"N",,"noneSelected","noneSelected",400,400,400,,"Xlq171H9ZZZ5J3ckp1BdAB0lm0ecD5Q+","hh6ebSg6u9QT5P7fcmrL3lHK7HHR+RXo",
"a06efddd-4d8d-46fd-b7a4-88f477260246","CPER_067.basePlot.vst","2016-10-18","D10","CPER","CPER_067","tower","grasslandHerbaceous",40.818646,-104.745295,"WGS84",10.1,521479.70,4518656.57,"13N",1645.5,0.1,"vst_CPER_2016","NEON.DOC.000987vE","N",,"N",,"N",,"noneSelected","noneSelected",400,400,400,,"Xlq171H9ZZZ5J3ckp1BdAB0lm0ecD5Q+","hh6ebSg6u9QT5P7fcmrL3lHK7HHR+RXo",
"57d3ef1d-2a4e-4795-8829-82efb166870b","CPER_064.basePlot.vst","2016-10-18","D10","CPER","CPER_064","tower","grasslandHerbaceous",40.818358,-104.745994,"WGS84",10.1,521420.84,4518624.43,"13N",1648.5,0.1,"vst_CPER_2016","NEON.DOC.000987vE","N",,"N",,"N",,"noneSelected","noneSelected",400,400,400,,"Xlq171H9ZZZ5J3ckp1BdAB0lm0ecD5Q+","hh6ebSg6u9QT5P7fcmrL3lHK7HHR+RXo",
"85794bf8-592f-48b3-8df3-e8fcd71ad88c","CPER_073.basePlot.vst","2016-10-18","D10","CPER","CPER_073","tower","grasslandHerbaceous",40.819188,-104.744585,"WGS84",10.1,521539.40,4518716.91,"13N",1644.4,0.1,"vst_CPER_2016","NEON.DOC.000987vE","N",,"N",,"N",,"noneSelected","noneSelected",400,400,400,,"Xlq171H9ZZZ5J3ckp1BdAB0lm0ecD5Q+","hh6ebSg6u9QT5P7fcmrL3lHK7HHR+RXo",
"15e4b437-6d4c-48d0-8921-afdac3b644d3","CPER_046.basePlot.vst","2016-10-18","D10","CPER","CPER_046","tower","grasslandHerbaceous",40.817297,-104.747096,"WGS84",20.1,521328.25,4518506.39,"13N",1652.1,0.1,"vst_CPER_2016","NEON.DOC.000987vE","N",,"N",,"N",,"noneSelected","noneSelected",400,400,400,,"3tzZQmce7x7JA3blggu8feRPxyCUaTbS","wnOuIHRa4FOcTQx1VMy4nMZ2DVuQZQwp",
"a8eab2eb-3f59-4a15-8d8b-1d169ee9c1aa","CPER_059.basePlot.vst","2016-10-18","D10","CPER","CPER_059","tower","grasslandHerbaceous",40.817554,-104.748855,"WGS84",10.1,521179.82,4518534.49,"13N",1651.3,0.1,"vst_CPER_2016","NEON.DOC.000987vE","N",,"N",,"N",,"noneSelected","noneSelected",400,400,400,,"3tzZQmce7x7JA3blggu8feRPxyCUaTbS","wnOuIHRa4FOcTQx1VMy4nMZ2DVuQZQwp",
"43b20adb-1f34-42eb-b58e-41c00a0594fd","CPER_055.basePlot.vst","2016-10-18","D10","CPER","CPER_055","tower","grasslandHerbaceous",40.819185,-104.745645,"WGS84",10.1,521450.01,4518716.32,"13N",1645.2,0.1,"vst_CPER_2016","NEON.DOC.000987vE","N",,"N",,"N",,"noneSelected","noneSelected",400,400,400,,"Xlq171H9ZZZ5J3ckp1BdAB0lm0ecD5Q+","hh6ebSg6u9QT5P7fcmrL3lHK7HHR+RXo",
"46ec554b-b54f-40c4-935a-855256854793","CPER_066.basePlot.vst","2016-10-18","D10","CPER","CPER_066","tower","grasslandHerbaceous",40.816751,-104.749576,"WGS84",10.1,521119.27,4518445.18,"13N",1651.2,0.1,"vst_CPER_2016","NEON.DOC.000987vE","N",,"N",,"N",,"noneSelected","noneSelected",400,400,400,,"3tzZQmce7x7JA3blggu8feRPxyCUaTbS","wnOuIHRa4FOcTQx1VMy4nMZ2DVuQZQwp",
"05ebde23-4daf-47b3-818d-6b119f62122b","CPER_062.basePlot.vst","2016-10-18","D10","CPER","CPER_062","tower","grasslandHerbaceous",40.817267,-104.747786,"WGS84",10.1,521270.07,4518502.89,"13N",1651.7,0.1,"vst_CPER_2016","NEON.DOC.000987vE","N",,"N",,"N",,"noneSelected","noneSelected",400,400,400,,"3tzZQmce7x7JA3blggu8feRPxyCUaTbS","wnOuIHRa4FOcTQx1VMy4nMZ2DVuQZQwp",
"1d692678-c6c8-4ae4-9d22-33df4e18e491","CPER_051.basePlot.vst","2016-10-19","D10","CPER","CPER_051","tower","grasslandHerbaceous",40.818106,-104.748495,"WGS84",10.1,521210.01,4518595.85,"13N",1651.4,0.2,"vst_CPER_2016","NEON.DOC.000987vE","N",,"N",,"N",,"noneSelected","noneSelected",400,400,400,,"AQUJlCeoJAbjcY7IGyeAch5c1tseHCcg","3tzZQmce7x7JA3blggu8feRPxyCUaTbS",
"060e0d81-9772-4156-af33-2b8574b9ad5a","CPER_063.basePlot.vst","2016-10-19","D10","CPER","CPER_063","tower","grasslandHerbaceous",40.818369,-104.747802,"WGS84",10.1,521268.37,4518625.21,"13N",1651.2,0.1,"vst_CPER_2016","NEON.DOC.000987vE","N",,"N",,"N",,"noneSelected","noneSelected",400,400,400,,"AQUJlCeoJAbjcY7IGyeAch5c1tseHCcg","3tzZQmce7x7JA3blggu8feRPxyCUaTbS",
"82640531-648a-45b7-948e-33750991f4ed","CPER_054.basePlot.vst","2016-10-19","D10","CPER","CPER_054","tower","grasslandHerbaceous",40.818898,-104.748127,"WGS84",10.1,521240.79,4518683.86,"13N",1651.8,0.1,"vst_CPER_2016","NEON.DOC.000987vE","N",,"N",,"N",,"noneSelected","noneSelected",400,400,400,,"AQUJlCeoJAbjcY7IGyeAch5c1tseHCcg","wnOuIHRa4FOcTQx1VMy4nMZ2DVuQZQwp",
"1fdf1e3e-9200-42cb-a759-b2cd9dfeabbb","CPER_048.basePlot.vst","2016-10-19","D10","CPER","CPER_048","tower","grasslandHerbaceous",40.818931,-104.748858,"WGS84",20.1,521179.13,4518687.34,"13N",1652.1,0.1,"vst_CPER_2016","NEON.DOC.000987vE","N",,"N",,"N",,"noneSelected","noneSelected",400,400,400,,"3tzZQmce7x7JA3blggu8feRPxyCUaTbS","wnOuIHRa4FOcTQx1VMy4nMZ2DVuQZQwp",
"828e06ff-8925-4ca6-b030-bf91a5125de3","CPER_047.basePlot.vst","2016-10-19","D10","CPER","CPER_047","tower","grasslandHerbaceous",40.818371,-104.746715,"WGS84",20.1,521360.03,4518625.70,"13N",1649.3,0.1,"vst_CPER_2016","NEON.DOC.000987vE","N",,"N",,"N",,"noneSelected","noneSelected",400,400,400,,"AQUJlCeoJAbjcY7IGyeAch5c1tseHCcg","3tzZQmce7x7JA3blggu8feRPxyCUaTbS",
"d388b502-0c83-4f3c-b597-ce62e4ec55bb","CPER_052.basePlot.vst","2016-10-20","D10","CPER","CPER_052","tower","grasslandHerbaceous",40.817276,-104.745643,"WGS84",10.1,521450.79,4518504.41,"13N",1653.8,0.1,"vst_CPER_2016","NEON.DOC.000987vE","N",,"N",,"N",,"noneSelected","noneSelected",400,400,400,,"3tzZQmce7x7JA3blggu8feRPxyCUaTbS","hh6ebSg6u9QT5P7fcmrL3lHK7HHR+RXo",
"b2006889-4a5a-442a-bd4f-81fcc6b93928","CPER_057.basePlot.vst","2016-10-20","D10","CPER","CPER_057","tower","grasslandHerbaceous",40.817822,-104.744930,"WGS84",10.1,521510.74,4518565.19,"13N",1650.3,0.1,"vst_CPER_2016","NEON.DOC.000987vE","N",,"N",,"N",,"noneSelected","noneSelected",400,400,400,,"3tzZQmce7x7JA3blggu8feRPxyCUaTbS","hh6ebSg6u9QT5P7fcmrL3lHK7HHR+RXo",
"00e003b8-4862-429f-b430-0fb679341cbc","CPER_070.basePlot.vst","2016-10-20","D10","CPER","CPER_070","tower","grasslandHerbaceous",40.817815,-104.744224,"WGS84",10.1,521570.29,4518564.59,"13N",1648.4,0.1,"vst_CPER_2016","NEON.DOC.000987vE","N",,"N",,"N",,"noneSelected","noneSelected",400,400,400,,"3tzZQmce7x7JA3blggu8feRPxyCUaTbS","wnOuIHRa4FOcTQx1VMy4nMZ2DVuQZQwp",
"da8efd8b-bf7e-441f-861b-f295182b52ca","CPER_060.basePlot.vst","2016-10-20","D10","CPER","CPER_060","tower","grasslandHerbaceous",40.817273,-104.746358,"WGS84",10.1,521390.49,4518503.90,"13N",1653.0,0.1,"vst_CPER_2016","NEON.DOC.000987vE","N",,"N",,"N",,"noneSelected","noneSelected",400,400,400,,"3tzZQmce7x7JA3blggu8feRPxyCUaTbS","hh6ebSg6u9QT5P7fcmrL3lHK7HHR+RXo",
"3c43716b-ba4b-46a1-84a3-1d91da79cf52","CPER_049.basePlot.vst","2016-10-20","D10","CPER","CPER_049","tower","grasslandHerbaceous",40.817272,-104.744580,"WGS84",10.1,521540.44,4518504.23,"13N",1654.3,0.1,"vst_CPER_2016","NEON.DOC.000987vE","N",,"N",,"N",,"noneSelected","noneSelected",400,400,400,,"3tzZQmce7x7JA3blggu8feRPxyCUaTbS","wnOuIHRa4FOcTQx1VMy4nMZ2DVuQZQwp",
