uid,namedLocation,domainID,siteID,plotID,plotType,nlcdClass,decimalLatitude,decimalLongitude,geodeticDatum,coordinateUncertainty,elevation,elevationUncertainty,collectDate,eventID,sampleID,sampleCode,samplingMethod,totalSampledArea,targetTaxaPresent,adultCount,nymphCount,larvaCount,sampleCondition,samplingProtocolVersion,measuredBy,remarks
"db5308d4-8085-4314-b425-c1c3f2509e86","LENO_042.tickPlot.tck","D08","LENO","LENO_042","distributed","woodyWetlands",31.817825,-88.182881,"WGS84",20.2,14.6,0.3,"2018-08-06T13:52Z","LENO.2018.32","LENO_042.20180806","A00000015287","drag",150,"Y",0,2,0,"No known compromise","NEON.DOC.014045vJ","BDzq2IAJfRwsrXnG+WJfFzkBkbtaDALAaR+O7WZv4cM=",
"01cb0238-2ccb-4d1c-a822-2afde7a8a615","LENO_023.tickPlot.tck","D08","LENO","LENO_023","distributed","deciduousForest",31.809463,-88.181417,"WGS84",20.2,11.6,0.2,"2018-08-06T14:03Z","LENO.2018.32",,,"drag",160,"N",0,0,0,"No known compromise","NEON.DOC.014045vJ","EKdNizS+3kOSaN4xEB1UW9XHhDFEO0UoYMAU6YiiakM=",
"433f60d4-3dae-4db3-84fe-0cef6f10a0b7","LENO_015.tickPlot.tck","D08","LENO","LENO_015","distributed","woodyWetlands",31.817299,-88.191485,"WGS84",20.5,14.2,0.8,"2018-08-06T15:05Z","LENO.2018.32","LENO_015.20180806","A00000013935","drag",160,"Y",0,1,0,"No known compromise","NEON.DOC.014045vJ","EKdNizS+3kOSaN4xEB1UW9XHhDFEO0UoYMAU6YiiakM=",
"e85f8f7b-3dc2-4c28-ad47-2396b1613b22","LENO_004.tickPlot.tck","D08","LENO","LENO_004","distributed","woodyWetlands",31.822376,-88.181956,"WGS84",20.2,12.5,0.2,"2018-08-06T15:07Z","LENO.2018.32","LENO_004.20180806","A00000013942","drag",160,"Y",0,3,0,"No known compromise","NEON.DOC.014045vJ","BDzq2IAJfRwsrXnG+WJfFzkBkbtaDALAaR+O7WZv4cM=",
"f4dce3de-f9af-469d-937b-00c2ee6b4eb5","LENO_003.tickPlot.tck","D08","LENO","LENO_003","distributed","deciduousForest",31.809581,-88.187553,"WGS84",20.2,15.4,0.4,"2018-08-06T15:47Z","LENO.2018.32",,,"drag",154,"N",0,0,0,,"NEON.DOC.014045vJ","71MfCy+FRsto69311gQJvR+pq8mHvc/9aCd1qcCUSbo=",
"580f1f1a-74af-4401-b5a0-b9961755ab61","LENO_002.tickPlot.tck","D08","LENO","LENO_002","distributed","woodyWetlands",31.806282,-88.195216,"WGS84",20.2,16.8,0.2,"2018-08-06T16:24Z","LENO.2018.32","LENO_002.20180806","A00000013952","drag",160,"Y",0,2,0,"No known compromise","NEON.DOC.014045vJ","71MfCy+FRsto69311gQJvR+pq8mHvc/9aCd1qcCUSbo=",
"6c5b08aa-3021-4624-8da0-ab3e43f4195b","LENO_015.tickPlot.tck","D08","LENO","LENO_015","distributed","woodyWetlands",31.817299,-88.191485,"WGS84",20.5,14.2,0.8,"2018-08-27T18:40Z","LENO.2018.35","LENO_015.20180827","A00000013966","drag and flag",160,"Y",0,2,0,"No known compromise","NEON.DOC.014045vJ","BDzq2IAJfRwsrXnG+WJfFzkBkbtaDALAaR+O7WZv4cM=",
"30685ef0-2285-46af-818c-08cbf8bbf463","LENO_042.tickPlot.tck","D08","LENO","LENO_042","distributed","woodyWetlands",31.817825,-88.182881,"WGS84",20.2,14.6,0.3,"2018-08-27T19:20Z","LENO.2018.35","LENO_042.20180827","A00000013945","drag",160,"Y",0,13,0,"No known compromise","NEON.DOC.014045vJ","BDzq2IAJfRwsrXnG+WJfFzkBkbtaDALAaR+O7WZv4cM=",
"5b4e117f-cb02-4ece-bbec-456214a68de2","LENO_004.tickPlot.tck","D08","LENO","LENO_004","distributed","woodyWetlands",31.822376,-88.181956,"WGS84",20.2,12.5,0.2,"2018-08-27T20:00Z","LENO.2018.35","LENO_004.20180827","A00000015262","drag",160,"Y",0,8,0,"No known compromise","NEON.DOC.014045vJ","BDzq2IAJfRwsrXnG+WJfFzkBkbtaDALAaR+O7WZv4cM=",
"162064f1-a423-4bd7-a6b9-ca935b065f71","LENO_023.tickPlot.tck","D08","LENO","LENO_023","distributed","deciduousForest",31.809463,-88.181417,"WGS84",20.2,11.6,0.2,"2018-08-28T15:00Z","LENO.2018.35","LENO_023.20180828","A00000015266","drag",150,"Y",0,3,0,"No known compromise","NEON.DOC.014045vJ","ZEw83eKjbdVwmzbrK6rIvBJKEPCDjgcrm+1HylQByNc=","1 tick dropped during sampling. 2 remaining in vial."
"8d4a0d48-2bf7-49c6-a406-ff87f47b6189","LENO_002.tickPlot.tck","D08","LENO","LENO_002","distributed","woodyWetlands",31.806282,-88.195216,"WGS84",20.2,16.8,0.2,"2018-08-29T11:46Z","LENO.2018.35",,,"drag",160,"N",0,0,0,,"NEON.DOC.014045vJ","ZEw83eKjbdVwmzbrK6rIvBJKEPCDjgcrm+1HylQByNc=",
"96919115-127a-46ed-a199-168c36bec834","LENO_003.tickPlot.tck","D08","LENO","LENO_003","distributed","deciduousForest",31.809581,-88.187553,"WGS84",20.2,15.4,0.4,"2018-08-29T12:13Z","LENO.2018.35","LENO_003.20180829","A00000013949","drag",150,"Y",0,2,0,"No known compromise","NEON.DOC.014045vJ","ZEw83eKjbdVwmzbrK6rIvBJKEPCDjgcrm+1HylQByNc=",
