uid,namedLocation,domainID,siteID,plotID,plotType,nlcdClass,decimalLatitude,decimalLongitude,geodeticDatum,coordinateUncertainty,elevation,elevationUncertainty,collectDate,eventID,sampleID,sampleCode,samplingMethod,totalSampledArea,targetTaxaPresent,adultCount,nymphCount,larvaCount,sampleCondition,samplingProtocolVersion,measuredBy,remarks
"76fa649c-fd7a-4286-b9b7-ba12b90c0dce","BART_002.tickPlot.tck","D01","BART","BART_002","distributed","deciduousForest",44.035231,-71.274674,"WGS84",20.2,502.6,0.3,"2016-05-03T17:27Z","BART.2016.18",,,"drag and flag",160,"N",0,0,0,"No known compromise","NEON.DOC.014045vG","2xX6mTIEU2zzk+aGAURxuwRthSzBo/kx",
"0e5b5b2a-1127-443c-95d5-895af1bd3d57","BART_015.tickPlot.tck","D01","BART","BART_015","distributed","mixedForest",44.042149,-71.271603,"WGS84",20.3,455.0,0.5,"2016-05-03T18:30Z","BART.2016.18",,,"drag and flag",160,"N",0,0,0,"No known compromise","NEON.DOC.014045vG","2xX6mTIEU2zzk+aGAURxuwRthSzBo/kx",
"58624a8b-984f-424b-a661-786505439ee4","BART_011.tickPlot.tck","D01","BART","BART_011","distributed","mixedForest",44.048783,-71.295353,"WGS84",20.2,399.5,0.2,"2016-05-03T19:41Z","BART.2016.18",,,"drag and flag",160,"N",0,0,0,"No known compromise","NEON.DOC.014045vG","snxj1sDwU/3W2iE26x/SLaGfXy7c8O53",
"161104eb-b078-4155-be04-62e0a6b5aa18","BART_010.tickPlot.tck","D01","BART","BART_010","distributed","deciduousForest",44.051100,-71.267766,"WGS84",20.2,413.0,0.4,"2016-05-03T20:37Z","BART.2016.18",,,"drag and flag",158,"N",0,0,0,"No known compromise","NEON.DOC.014045vG","2xX6mTIEU2zzk+aGAURxuwRthSzBo/kx",
"7a3707a1-a36f-40a7-a456-6518a5745709","BART_029.tickPlot.tck","D01","BART","BART_029","distributed","evergreenForest",44.058948,-71.289336,"WGS84",20.2,291.7,0.3,"2016-05-03T21:34Z","BART.2016.18",,,"drag and flag",153,"N",0,0,0,"No known compromise","NEON.DOC.014045vG","2xX6mTIEU2zzk+aGAURxuwRthSzBo/kx",
"0d6d23e4-fc8f-408e-aa2e-bcfd0a07f496","BART_019.tickPlot.tck","D01","BART","BART_019","distributed","mixedForest",44.069350,-71.288001,"WGS84",20.2,231.8,0.2,"2016-05-04T11:23Z","BART.2016.18",,,"drag and flag",155,"N",0,0,0,"No known compromise","NEON.DOC.014045vG","snxj1sDwU/3W2iE26x/SLaGfXy7c8O53",
"31b419e4-68bb-4fef-8d83-ac0744e9e20e","BART_029.tickPlot.tck","D01","BART","BART_029","distributed","evergreenForest",44.058948,-71.289336,"WGS84",20.2,291.7,0.3,"2016-05-23T16:58Z","BART.2016.21",,,"drag and flag",150,"N",0,0,0,"No known compromise","NEON.DOC.014045vG","nJ5SLjmo9KloJvxdkZwGIuojNiVtvG/wqD3cm8OvTBY=","18 meters S to SW, SW to W 16 meters, 24 meters dragged, loss of 10 meters"
"de1f6459-3236-4ff0-8da6-c731dd3cf6c3","BART_011.tickPlot.tck","D01","BART","BART_011","distributed","mixedForest",44.048783,-71.295353,"WGS84",20.2,399.5,0.2,"2016-05-23T18:00Z","BART.2016.21",,,"drag and flag",160,"N",0,0,0,"No known compromise","NEON.DOC.014045vG","nJ5SLjmo9KloJvxdkZwGIuojNiVtvG/wqD3cm8OvTBY=",
"f6def20d-73ac-4f60-b769-25e40ef91702","BART_010.tickPlot.tck","D01","BART","BART_010","distributed","deciduousForest",44.051100,-71.267766,"WGS84",20.2,413.0,0.4,"2016-05-23T18:55Z","BART.2016.21",,,"drag and flag",161,"N",0,0,0,"No known compromise","NEON.DOC.014045vG","nK9br051HPjmqBRc5E/A0io0YIiVOb2k",
"fa916da9-dc79-4c64-b598-308db5592c80","BART_019.tickPlot.tck","D01","BART","BART_019","distributed","mixedForest",44.069350,-71.288001,"WGS84",20.2,231.8,0.2,"2016-05-23T19:50Z","BART.2016.21",,,"drag and flag",157,"N",0,0,0,"No known compromise","NEON.DOC.014045vG","nK9br051HPjmqBRc5E/A0io0YIiVOb2k",
"c8b2536a-1b29-4d84-9f6c-a98d0af387aa","BART_002.tickPlot.tck","D01","BART","BART_002","distributed","deciduousForest",44.035231,-71.274674,"WGS84",20.2,502.6,0.3,"2016-05-24T12:43Z","BART.2016.21",,,"drag and flag",160,"N",0,0,0,"No known compromise","NEON.DOC.014045vG","nJ5SLjmo9KloJvxdkZwGIuojNiVtvG/wqD3cm8OvTBY=",
"f7d30ae8-5e11-423d-8057-e710af48d761","BART_015.tickPlot.tck","D01","BART","BART_015","distributed","mixedForest",44.042149,-71.271603,"WGS84",20.3,455.0,0.5,"2016-05-24T13:26Z","BART.2016.21",,,"drag and flag",160,"N",0,0,0,"No known compromise","NEON.DOC.014045vG","nK9br051HPjmqBRc5E/A0io0YIiVOb2k",
