uid,namedLocation,domainID,siteID,plotID,plotType,nlcdClass,decimalLatitude,decimalLongitude,geodeticDatum,coordinateUncertainty,elevation,elevationUncertainty,collectDate,eventID,sampleID,sampleCode,samplingMethod,totalSampledArea,targetTaxaPresent,adultCount,nymphCount,larvaCount,sampleCondition,samplingProtocolVersion,measuredBy,remarks
"d20da696-e6a7-4ea0-842b-dc7352e7a910","TREE_007.tickPlot.tck","D05","TREE","TREE_007","distributed","deciduousForest",45.496399,-89.559231,"WGS84",20.2,461.3,0.3,"2018-09-10T15:25Z","TREE.2018.37","TREE_007.20180910","A00000007422","flag",160,"Y",2,1,15,"No known compromise","NEON.DOC.014045vJ","AhZsviUviMNoNqEyyPr85yIRwM2ADy+TTr0X6Ji0aLk=",
"b602cd47-a52d-4c29-ac86-c54a86eb8ea2","TREE_022.tickPlot.tck","D05","TREE","TREE_022","distributed","evergreenForest",45.494513,-89.551239,"WGS84",20.2,458.4,0.2,"2018-09-10T17:20Z","TREE.2018.37",,,"flag",160,"N",0,0,0,,"NEON.DOC.014045vJ","AhZsviUviMNoNqEyyPr85yIRwM2ADy+TTr0X6Ji0aLk=",
"702755c3-739b-46e6-99c7-08b88d6bfe96","TREE_005.tickPlot.tck","D05","TREE","TREE_005","distributed","woodyWetlands",45.482307,-89.557299,"WGS84",20.1,447.6,0.2,"2018-09-10T17:24Z","TREE.2018.37","TREE_005.20180910","A00000007198","drag",164,"Y",0,1,0,"No known compromise","NEON.DOC.014045vJ","Yb2Wqz1fmygOWMHKKARTHQj85PWerNY3UT3srpVJIDM=",
"056a55e9-f9ca-46d9-921e-caae95df70a6","TREE_015.tickPlot.tck","D05","TREE","TREE_015","distributed","mixedForest",45.485626,-89.554320,"WGS84",20.3,462.1,0.6,"2018-09-10T18:14Z","TREE.2018.37","TREE_015.20180910","A00000007286","drag and flag",160,"Y",0,1,1,"No known compromise","NEON.DOC.014045vJ","Syw2LXB/pj+fmGCuwdgBGVryVUmYhw3g",
"8950590d-e007-41cb-b852-97866680410b","TREE_017.tickPlot.tck","D05","TREE","TREE_017","distributed","deciduousForest",45.493376,-89.575729,"WGS84",20.1,466.2,0.2,"2018-09-10T18:51Z","TREE.2018.37","TREE_017.20180910","A00000007405","flag",160,"Y",0,2,0,"No known compromise","NEON.DOC.014045vJ","AhZsviUviMNoNqEyyPr85yIRwM2ADy+TTr0X6Ji0aLk=",
"5119bf72-6536-4059-870a-49b49f24efee","TREE_019.tickPlot.tck","D05","TREE","TREE_019","distributed","mixedForest",45.494788,-89.575812,"WGS84",20.3,466.2,0.5,"2018-09-11T03:40Z","TREE.2018.37","TREE_019.20180910","A00000007269","flag",162,"Y",0,6,7,"No known compromise","NEON.DOC.014045vJ","Yb2Wqz1fmygOWMHKKARTHQj85PWerNY3UT3srpVJIDM=",
