uid,namedLocation,plotID,collectDate,identifiedDate,sampleID,subsampleID,scientificName,acceptedTaxonID,taxonRank,family,subfamily,tribe,subtribe,genus,subgenus,specificEpithet,infraspecificEpithet,identificationQualifier,identificationReferences,identificationProtocolVersion,scientificNameAuthorship,sexOrAge,individualCount,sampleCondition,archiveMedium,archiveFacilityID,deprecatedVialID,identifiedBy,laboratoryName,remarks
"30fc165b-3dcd-4bfe-adf2-239c0d6f6968","KONZ_002.tickPlot.tck","KONZ_002","2017-06-20T15:04Z","2017-12-20T17:00Z","KONZ_002.20170620","KONZ_002.20170620.AMBAME.N","Amblyomma americanum","AMBAME","species","Ixodidae",,,,"Amblyomma",,"americanum",,,"Cooley, R. A. and G. M. Kohls. 1944. The genus Amblyomma (ixodidae) in the United States. The Journal of Parasitology, 30(2):77-111.","GSU_tickIdentification_SOP_2016-11-01.pdf","Linnaeus","Nymph",1,"OK","90% ethanol","1358659","KONZ_002.20170620.AMBAME.N","Lorenza Beati","Georgia Southern University",
"de487eb9-095e-4326-9b3c-1e812179e584","KONZ_002.tickPlot.tck","KONZ_002","2017-06-20T15:04Z","2017-12-20T17:00Z","KONZ_002.20170620","KONZ_002.20170620.AMBAME.M","Amblyomma americanum","AMBAME","species","Ixodidae",,,,"Amblyomma",,"americanum",,,"Cooley, R. A. and G. M. Kohls. 1944. The genus Amblyomma (ixodidae) in the United States. The Journal of Parasitology, 30(2):77-111.","GSU_tickIdentification_SOP_2016-11-01.pdf","Linnaeus","Male",1,"OK","90% ethanol","1358658","KONZ_002.20170620.AMBAME.M","Lorenza Beati","Georgia Southern University","TO PAULA"
"16f062bd-3e43-4b54-81cb-efe8e313e2dc","KONZ_004.tickPlot.tck","KONZ_004","2017-06-20T15:57Z","2017-12-20T17:00Z","KONZ_004.20170620","KONZ_004.20170620.AMBAME.N","Amblyomma americanum","AMBAME","species","Ixodidae",,,,"Amblyomma",,"americanum",,,"Cooley, R. A. and G. M. Kohls. 1944. The genus Amblyomma (ixodidae) in the United States. The Journal of Parasitology, 30(2):77-111.","GSU_tickIdentification_SOP_2016-11-01.pdf","Linnaeus","Nymph",4,"OK","90% ethanol","1358660","KONZ_004.20170620.AMBAME.N","Lorenza Beati","Georgia Southern University",
"3e5dc890-7bea-4aea-923a-175fb1b607e4","KONZ_007.tickPlot.tck","KONZ_007","2017-06-20T16:39Z","2017-12-20T17:00Z","KONZ_007.20170620","KONZ_007.20170620.AMBAME.N","Amblyomma americanum","AMBAME","species","Ixodidae",,,,"Amblyomma",,"americanum",,,"Cooley, R. A. and G. M. Kohls. 1944. The genus Amblyomma (ixodidae) in the United States. The Journal of Parasitology, 30(2):77-111.","GSU_tickIdentification_SOP_2016-11-01.pdf","Linnaeus","Nymph",2,"OK","90% ethanol","1358661","KONZ_007.20170620.AMBAME.N","Lorenza Beati","Georgia Southern University",
"2b0929f1-c40f-4c75-9df5-049b8d1b213b","KONZ_001.tickPlot.tck","KONZ_001","2017-06-20T17:11Z","2017-12-20T17:00Z","KONZ_001.20170620","KONZ_001.20170620.AMBMAC.F","Amblyomma maculatum","AMBMAC","species","Ixodidae",,,,"Amblyomma",,"maculatum",,,"Cooley, R. A. and G. M. Kohls. 1944. The genus Amblyomma (ixodidae) in the United States. The Journal of Parasitology, 30(2):77-111.","GSU_tickIdentification_SOP_2016-11-01.pdf","Koch","Female",2,"OK","90% ethanol","1358662","KONZ_001.20170620.AMBMAC.F","Lorenza Beati","Georgia Southern University",
"0c759fcd-4102-4943-93c2-5c2d82f2db78","KONZ_025.tickPlot.tck","KONZ_025","2017-06-20T19:44Z","2017-12-20T17:00Z","KONZ_025.20170620","KONZ_025.20170620.DERVAR.M","Dermacentor variabilis","DERVAR","species","Ixodidae",,,,"Dermacentor",,"variabilis",,,"Yunker, C. E., Keirans, J. E., Clifford, C. M., and E. R. Easton. 1986. Dermacentor ticks (Acari: Ixodoidea: Ixodidae) of the New World: a scanning electron microscope atlas. Proceedings of the Entomological Society of Washington, 88(4):609-627.","GSU_tickIdentification_SOP_2016-11-01.pdf","Say","Male",1,"OK","90% ethanol","1358663","KONZ_025.20170620.DERVAR.M","Lorenza Beati","Georgia Southern University","TO PAULA"
"cd793913-6e93-459d-b88f-622ea5d418df","KONZ_025.tickPlot.tck","KONZ_025","2017-06-20T19:44Z","2017-12-20T17:00Z","KONZ_025.20170620","KONZ_025.20170620.AMBAME.N","Amblyomma americanum","AMBAME","species","Ixodidae",,,,"Amblyomma",,"americanum",,,"Cooley, R. A. and G. M. Kohls. 1944. The genus Amblyomma (ixodidae) in the United States. The Journal of Parasitology, 30(2):77-111.","GSU_tickIdentification_SOP_2016-11-01.pdf","Linnaeus","Nymph",8,"OK","90% ethanol","1358666","KONZ_025.20170620.AMBAME.N","Lorenza Beati","Georgia Southern University","add RML"
"ada676bb-e9cf-49e4-bfd5-514ed12aaad6","KONZ_025.tickPlot.tck","KONZ_025","2017-06-20T19:44Z","2017-12-20T17:00Z","KONZ_025.20170620","KONZ_025.20170620.AMBAME.F","Amblyomma americanum","AMBAME","species","Ixodidae",,,,"Amblyomma",,"americanum",,,"Cooley, R. A. and G. M. Kohls. 1944. The genus Amblyomma (ixodidae) in the United States. The Journal of Parasitology, 30(2):77-111.","GSU_tickIdentification_SOP_2016-11-01.pdf","Linnaeus","Female",4,"OK","90% ethanol","1358665","KONZ_025.20170620.AMBAME.F","Lorenza Beati","Georgia Southern University","TO PAULA"
"0fb1e2a3-4e24-41b5-9326-4a4d8179ec69","KONZ_025.tickPlot.tck","KONZ_025","2017-06-20T19:44Z","2017-12-20T17:00Z","KONZ_025.20170620","KONZ_025.20170620.AMBAME.M","Amblyomma americanum","AMBAME","species","Ixodidae",,,,"Amblyomma",,"americanum",,,"Cooley, R. A. and G. M. Kohls. 1944. The genus Amblyomma (ixodidae) in the United States. The Journal of Parasitology, 30(2):77-111.","GSU_tickIdentification_SOP_2016-11-01.pdf","Linnaeus","Male",2,"OK","90% ethanol","1358664","KONZ_025.20170620.AMBAME.M","Lorenza Beati","Georgia Southern University","TO PAULA"
