uid,namedLocation,domainID,siteID,plotID,plotType,nlcdClass,decimalLatitude,decimalLongitude,geodeticDatum,coordinateUncertainty,elevation,elevationUncertainty,collectDate,eventID,sampleID,sampleCode,samplingMethod,totalSampledArea,targetTaxaPresent,adultCount,nymphCount,larvaCount,sampleCondition,samplingProtocolVersion,measuredBy,remarks
"85f06142-1976-4918-833c-c9aedd29ffbd","KONZ_002.tickPlot.tck","D06","KONZ","KONZ_002","distributed","grasslandHerbaceous",39.118977,-96.547146,"WGS84",20.0,394.4,0.0,"2017-06-20T15:04Z","KONZ.2017.26","KONZ_002.20170620",,"drag and flag",160,"Y",1,1,0,"No known compromise","NEON.DOC.014045vH","0QknftH/249Fzeup5XgxDmRFrswKMEXrpdiqA+dT0Pw=",
"11f339a9-bf0e-4cfd-b9b0-41ce84de3f27","KONZ_004.tickPlot.tck","D06","KONZ","KONZ_004","distributed","grasslandHerbaceous",39.109647,-96.551370,"WGS84",20.0,371.9,0.0,"2017-06-20T15:57Z","KONZ.2017.26","KONZ_004.20170620",,"drag",160,"Y",0,4,0,"No known compromise","NEON.DOC.014045vH","0QknftH/249Fzeup5XgxDmRFrswKMEXrpdiqA+dT0Pw=",
"e8e3f098-fa30-4f2a-974e-07fb465a71f1","KONZ_007.tickPlot.tck","D06","KONZ","KONZ_007","distributed","grasslandHerbaceous",39.087937,-96.545919,"WGS84",20.1,434.0,0.1,"2017-06-20T16:39Z","KONZ.2017.26","KONZ_007.20170620",,"drag and flag",160,"Y",0,2,0,"No known compromise","NEON.DOC.014045vH","0QknftH/249Fzeup5XgxDmRFrswKMEXrpdiqA+dT0Pw=",
"f1fb9409-45c8-42a4-961c-414e9e5ce257","KONZ_001.tickPlot.tck","D06","KONZ","KONZ_001","distributed","grasslandHerbaceous",39.074114,-96.557107,"WGS84",20.0,423.7,0.0,"2017-06-20T17:11Z","KONZ.2017.26","KONZ_001.20170620",,"drag",160,"Y",2,0,0,"No known compromise","NEON.DOC.014045vH","BzXmPCNcOOHl9ws4JG7MP7BkkCvctwH+",
"768728d1-ea9d-4c9f-8894-dea6f7e00644","KONZ_009.tickPlot.tck","D06","KONZ","KONZ_009","distributed","grasslandHerbaceous",39.107902,-96.584438,"WGS84",20.1,391.9,0.1,"2017-06-20T18:30Z","KONZ.2017.26",,,"drag",160,"N",0,0,0,"No known compromise","NEON.DOC.014045vH","ZxI7n55ATvH1vH+1ew7/ny5XU81YlZuhnNgwCJR0S+c=",
"95a0f1de-0ae7-4e18-8fcc-89e4af4ba53a","KONZ_025.tickPlot.tck","D06","KONZ","KONZ_025","distributed","deciduousForest",39.103714,-96.597832,"WGS84",20.1,337.3,0.1,"2017-06-20T19:44Z","KONZ.2017.26","KONZ_025.20170620",,"drag and flag",160,"Y",7,8,0,"No known compromise","NEON.DOC.014045vH","BzXmPCNcOOHl9ws4JG7MP7BkkCvctwH+",
