uid,namedLocation,date,domainID,siteID,plotID,plotType,nlcdClass,decimalLatitude,decimalLongitude,geodeticDatum,coordinateUncertainty,easting,northing,utmZone,elevation,elevationUncertainty,eventID,samplingProtocolVersion,treesPresent,treesAbsentList,shrubsPresent,shrubsAbsentList,lianasPresent,lianasAbsentList,nestedSubplotAreaShrubSapling,nestedSubplotAreaLiana,totalSampledAreaTrees,totalSampledAreaShrubSapling,totalSampledAreaLiana,remarks,measuredBy,recordedBy,dataQF
"6560bc31-949b-484a-b647-a96fb36a5de7","DELA_045.basePlot.vst","2016-10-03","D08","DELA","DELA_045","tower","woodyWetlands",32.540165,-87.803564,"WGS84",20.2,424546.38,3600596.08,"16N",26.5,0.2,"vst_DELA_2016","NEON.DOC.000987vE",,,,,,,"25","noneSelected",800,100,800,,"2UFG2QdEDMcJxcx0vKz5FjHy9sBCqsDJ","qHOagdXN4gWZ2ImQsYe21kOoNSbv5P6a",
"b67d8163-3356-4cfd-85b5-a0773acac3ea","DELA_048.basePlot.vst","2016-10-03","D08","DELA","DELA_048","tower","deciduousForest",32.540206,-87.799129,"WGS84",20.2,424962.87,3600597.50,"16N",29.5,0.3,"vst_DELA_2016","NEON.DOC.000987vE",,,,,,,"100","100",800,400,400,,"Ty5ktdGiRSp05LT6y3oRIJX9t8YK1JGMhptSFXGHZWc=","gKlTR8ZroBmVFSkzxA4yQazmYWlx7WaI",
"cdc1d17c-9515-493e-82b2-11286b48a69a","DELA_047.basePlot.vst","2016-10-04","D08","DELA","DELA_047","tower","woodyWetlands",32.539653,-87.800371,"WGS84",20.2,424845.78,3600537.07,"16N",23.5,0.3,"vst_DELA_2016","NEON.DOC.000987vE",,,,,,,"100","100",800,400,400,,"2UFG2QdEDMcJxcx0vKz5FjHy9sBCqsDJ","gKlTR8ZroBmVFSkzxA4yQazmYWlx7WaI",
"dc682841-3000-49a1-ae70-dd8c64a39b57","DELA_054.basePlot.vst","2016-10-06","D08","DELA","DELA_054","tower","deciduousForest",32.541258,-87.803251,"WGS84",20.2,424576.69,3600717.03,"16N",24.5,0.3,"vst_DELA_2016","NEON.DOC.000987vE",,,,,,,"25","noneSelected",800,100,800,,"2UFG2QdEDMcJxcx0vKz5FjHy9sBCqsDJ","9y6NQSbuV6GzYP422liEmX9wFUt216Yv",
"e8e64e48-e92e-4664-b0f5-3120f6ee9a91","DELA_056.basePlot.vst","2016-10-10","D08","DELA","DELA_056","tower","woodyWetlands",32.540984,-87.801984,"WGS84",20.1,424695.43,3600685.76,"16N",30.1,0.3,"vst_DELA_2016","NEON.DOC.000987vE",,,,,,,"100","noneSelected",800,400,800,,"LVSiyA6Tq3zB5gSTdDoChwEPCZrh3pEg","gKlTR8ZroBmVFSkzxA4yQazmYWlx7WaI",
"86e51c0f-7f67-4c0e-8a07-62c6adef9444","DELA_053.basePlot.vst","2016-10-10","D08","DELA","DELA_053","tower","deciduousForest",32.537468,-87.804177,"WGS84",20.2,424486.57,3600297.54,"16N",26.6,0.2,"vst_DELA_2016","NEON.DOC.000987vE",,,,,,,"noneSelected","100",800,800,400,,"9y6NQSbuV6GzYP422liEmX9wFUt216Yv","2UFG2QdEDMcJxcx0vKz5FjHy9sBCqsDJ",
"3599e166-6338-4d11-b5cb-845a3488e0e2","DELA_049.basePlot.vst","2016-10-10","D08","DELA","DELA_049","tower","woodyWetlands",32.542073,-87.802307,"WGS84",20.2,424666.01,3600806.71,"16N",24.2,0.2,"vst_DELA_2016","NEON.DOC.000987vE",,,,,,,"noneSelected","noneSelected",800,800,800,,"LVSiyA6Tq3zB5gSTdDoChwEPCZrh3pEg","gKlTR8ZroBmVFSkzxA4yQazmYWlx7WaI",
"0fe1b4ce-3723-4984-8542-234e073fb8ee","DELA_052.basePlot.vst","2016-10-11","D08","DELA","DELA_052","tower","deciduousForest",32.539602,-87.808066,"WGS84",20.1,424123.17,3600536.87,"16N",24.1,0.2,"vst_DELA_2016","NEON.DOC.000987vE",,,,,,,"noneSelected","100",800,800,400,,"2UFG2QdEDMcJxcx0vKz5FjHy9sBCqsDJ","qHOagdXN4gWZ2ImQsYe21kOoNSbv5P6a",
"2b15ba04-4852-44cb-860d-afbdbe00d8a8","DELA_050.basePlot.vst","2016-10-11","D08","DELA","DELA_050","tower","deciduousForest",32.539898,-87.805176,"WGS84",20.1,424394.79,3600567.63,"16N",26.2,0.2,"vst_DELA_2016","NEON.DOC.000987vE",,,,,,,"noneSelected","100",800,800,400,,"LnIDmrEQmAUtwQFMbC1CIKUZraB/NwPgV6cB6TW941k=","gKlTR8ZroBmVFSkzxA4yQazmYWlx7WaI",
