uid,namedLocation,domainID,siteID,plotID,plotType,nlcdClass,decimalLatitude,decimalLongitude,geodeticDatum,coordinateUncertainty,elevation,elevationUncertainty,collectDate,eventID,sampleID,sampleCode,samplingMethod,totalSampledArea,targetTaxaPresent,adultCount,nymphCount,larvaCount,sampleCondition,samplingProtocolVersion,measuredBy,remarks
"035d0f61-bb1c-45a3-8703-b21930977d8c","ABBY_005.tickPlot.tck","D16","ABBY","ABBY_005","distributed","shrubScrub",45.771976,-122.388089,"WGS84",20.1,492.2,0.1,"2017-09-23T17:00Z","ABBY.2017.39","ABBY_005.20170923",,"drag and flag",160,"Y",0,2,0,"No known compromise","NEON.DOC.014045vH","s/lmw0PcTzTZ4XfKEf8KqKw+DAg4XZhpYqIPpOx3wng=","Original data was lost; data has been entered using field notes; time and sample area are approximate"
"0da8477a-6578-4164-a028-7876934fc44e","ABBY_003.tickPlot.tck","D16","ABBY","ABBY_003","distributed","evergreenForest",45.760799,-122.371290,"WGS84",20.1,626.2,0.1,"2017-09-23T18:00Z","ABBY.2017.39",,,"drag and flag",160,"N",0,0,0,,"NEON.DOC.014045vH","s/lmw0PcTzTZ4XfKEf8KqKw+DAg4XZhpYqIPpOx3wng=","Data for this plot was lost times and sample area are approximated based on field notes"
"6548bb3e-0168-4a44-8a14-955f5d3641b2","ABBY_023.tickPlot.tck","D16","ABBY","ABBY_023","distributed","mixedForest",45.745006,-122.383498,"WGS84",20.1,478.7,0.1,"2017-09-23T19:00Z","ABBY.2017.39",,,"drag and flag",160,"N",0,0,0,,"NEON.DOC.014045vH","s/lmw0PcTzTZ4XfKEf8KqKw+DAg4XZhpYqIPpOx3wng=","Original data was lost; this data has been entered using field notes; time and sample area are approximate"
"93cef647-4242-45c8-b97f-4cfe3a682556","ABBY_006.tickPlot.tck","D16","ABBY","ABBY_006","distributed","evergreenForest",45.752800,-122.297903,"WGS84",20.3,576.4,0.4,"2017-09-23T19:06Z","ABBY.2017.39",,,"drag and flag",160,"N",0,0,0,,"NEON.DOC.014045vH","9MpvHR97FuJo4gsLwNb5xoR0ZKgI4SjpD6yX9wK3zYo=",
"34a74e5a-102f-4174-b6fc-7e09dc3d9798","ABBY_001.tickPlot.tck","D16","ABBY","ABBY_001","distributed","evergreenForest",45.773172,-122.348101,"WGS84",20.1,294.3,0.2,"2017-09-23T20:48Z","ABBY.2017.39","ABBY_001.20170923",,"drag and flag",160,"Y",3,0,0,"No known compromise","NEON.DOC.014045vH","48hv/AdwGIWPxDZycz1ek5cEK4FFchT/Bxrpsdm6akk=",
"c41c2f0a-62ca-4e40-9e29-6d574c96958f","ABBY_002.tickPlot.tck","D16","ABBY","ABBY_002","distributed","grasslandHerbaceous",45.737854,-122.308292,"WGS84",20.1,651.1,0.1,"2017-09-23T22:31Z","ABBY.2017.39",,,"drag and flag",160,"N",0,0,0,,"NEON.DOC.014045vH","9MpvHR97FuJo4gsLwNb5xoR0ZKgI4SjpD6yX9wK3zYo=",
