uid,namedLocation,domainID,siteID,plotID,plotType,nlcdClass,decimalLatitude,decimalLongitude,geodeticDatum,coordinateUncertainty,elevation,elevationUncertainty,collectDate,eventID,sampleID,sampleCode,samplingMethod,totalSampledArea,targetTaxaPresent,adultCount,nymphCount,larvaCount,sampleCondition,samplingProtocolVersion,measuredBy,remarks
"9c99b3f7-0940-43b4-85b0-1a18f572140d","HEAL_014.tickPlot.tck","D19","HEAL","HEAL_014","distributed","shrubScrub",63.887214,-149.270823,"WGS84",20.1,671.2,0.1,"2018-08-15T08:54Z","HEAL.2018.33",,,"drag and flag",165,"N",0,0,0,,"NEON.DOC.014045vJ","vqVpIV5hx+lOlEAZNX0AWi9PcnJu2eOf/B0jM12fbWo=",
"a1c1a0c3-e025-4d18-905f-f59c15fe75b2","HEAL_011.tickPlot.tck","D19","HEAL","HEAL_011","distributed","shrubScrub",63.885895,-149.302351,"WGS84",20.1,649.7,0.1,"2018-08-15T20:07Z","HEAL.2018.33",,,"drag and flag",160,"N",0,0,0,,"NEON.DOC.014045vJ","vqVpIV5hx+lOlEAZNX0AWi9PcnJu2eOf/B0jM12fbWo=",
"04ed7b5a-5bef-4d1e-857d-0e34ebfe0750","HEAL_010.tickPlot.tck","D19","HEAL","HEAL_010","distributed","shrubScrub",63.877193,-149.260797,"WGS84",20.1,666.7,0.1,"2018-08-15T21:44Z","HEAL.2018.33",,,"drag and flag",160,"N",0,0,0,,"NEON.DOC.014045vJ","vqVpIV5hx+lOlEAZNX0AWi9PcnJu2eOf/B0jM12fbWo=",
"cf736581-a6e9-4ebb-adbb-b157f170e38c","HEAL_001.tickPlot.tck","D19","HEAL","HEAL_001","distributed","dwarfScrub",63.889470,-149.202952,"WGS84",20.1,595.7,0.1,"2018-08-15T22:29Z","HEAL.2018.33",,,"drag and flag",160,"N",0,0,0,,"NEON.DOC.014045vJ","vqVpIV5hx+lOlEAZNX0AWi9PcnJu2eOf/B0jM12fbWo=",
"863d12b7-136f-42a3-b6ef-0e2fd1b92b99","HEAL_026.tickPlot.tck","D19","HEAL","HEAL_026","distributed","evergreenForest",63.886145,-149.192747,"WGS84",20.1,597.6,0.1,"2018-08-15T23:00Z","HEAL.2018.33",,,"drag and flag",165,"N",0,0,0,,"NEON.DOC.014045vJ","vqVpIV5hx+lOlEAZNX0AWi9PcnJu2eOf/B0jM12fbWo=",
"9d2bbe28-f6b8-4bb6-802e-5649cdf619d4","HEAL_004.tickPlot.tck","D19","HEAL","HEAL_004","distributed","shrubScrub",63.864020,-149.276678,"WGS84",20.1,675.5,0.1,"2018-08-21T19:51Z","HEAL.2018.34",,,"drag and flag",160,"N",0,0,0,,"NEON.DOC.014045vJ","lZ4H5l+LEreVoHhq6y4bByOpdKqn1otgASU4FB/BTwE=",
