uid,namedLocation,plotID,collectDate,identifiedDate,sampleID,subsampleID,scientificName,acceptedTaxonID,taxonRank,family,subfamily,tribe,subtribe,genus,subgenus,specificEpithet,infraspecificEpithet,identificationQualifier,identificationReferences,identificationProtocolVersion,scientificNameAuthorship,sexOrAge,individualCount,sampleCondition,archiveMedium,archiveFacilityID,deprecatedVialID,identifiedBy,laboratoryName,remarks
"0559ac03-283c-42b7-868c-d89efadd864f","SERC_005.tickPlot.tck","SERC_005","2015-08-13T17:49Z","2016-10-19T16:00Z","SERC_005.20150813","SERC_005.20150813.AMBAME.F","Amblyomma americanum","AMBAME","species","Ixodidae",,,,"Amblyomma",,"americanum",,,"Cooley, R. A. and G. M. Kohls. 1944. The genus Amblyomma (ixodidae) in the United States. The Journal of Parasitology, 30(2):77-111.","GSU_tickIdentification_SOP_2016-11-01.pdf","Linnaeus","Female",1,"OK","90% ethanol","USNMENT00865434","SERC_005.20150813.6.01.female","L. Beati","Georgia Southern University",
"5cbd71ae-b548-47c9-98c5-cd19fa12a87b","SERC_005.tickPlot.tck","SERC_005","2015-08-13T17:49Z","2016-10-19T16:00Z","SERC_005.20150813","SERC_005.20150813.IXOSCA.N","Ixodes scapularis","IXOSCA","species","Ixodidae",,,,"Ixodes",,"scapularis",,,"Keirans, J. E., and C. M. Clifford. 1978. The genus Ixodes in the United States: a scanning electron microscope study and key to the adults. Journal of Medical Entomology, 15(Supplement 2):1-38.","GSU_tickIdentification_SOP_2016-11-01.pdf","Say","Nymph",1,"OK","90% ethanol","USNMENT00865435","SERC_005.20150813.6.01.nymph","L. Beati","Georgia Southern University",
"e733ef14-5331-4cda-8bcc-ac5cb4108c98","SERC_001.tickPlot.tck","SERC_001","2015-08-31T19:46Z","2016-10-20T16:00Z","SERC_001.20150831","SERC_001.20150831.IXOSP.L","Ixodidae sp.","IXOSP","family","Ixodidae",,,,,,"sp.",,,,"GSU_tickIdentification_SOP_2016-11-01.pdf",,"Larva",1,"OK","90% ethanol","USNMENT00865162","SERC_001.20150831.7.01.larvae","L. Beati","Georgia Southern University",
"cc04f33b-95cc-4cd4-8468-2eb0870c3c92","SERC_001.tickPlot.tck","SERC_001","2015-08-31T19:46Z","2016-10-20T16:00Z","SERC_001.20150831","SERC_001.20150831.AMBAME.N","Amblyomma americanum","AMBAME","species","Ixodidae",,,,"Amblyomma",,"americanum",,,"Cooley, R. A. and G. M. Kohls. 1944. The genus Amblyomma (ixodidae) in the United States. The Journal of Parasitology, 30(2):77-111.","GSU_tickIdentification_SOP_2016-11-01.pdf","Linnaeus","Nymph",1,"OK","90% ethanol","USNMENT00865163","SERC_001.20150831.7.01.nymph","L. Beati","Georgia Southern University",
