uid,namedLocation,domainID,siteID,plotID,plotType,nlcdClass,decimalLatitude,decimalLongitude,geodeticDatum,coordinateUncertainty,elevation,elevationUncertainty,collectDate,eventID,sampleID,sampleCode,samplingMethod,totalSampledArea,targetTaxaPresent,adultCount,nymphCount,larvaCount,sampleCondition,samplingProtocolVersion,measuredBy,remarks
"9d767c80-33c2-4252-8d63-0a742b7aac2d","SERC_023.tickPlot.tck","D02","SERC","SERC_023","distributed","cultivatedCrops",38.873978,-76.535925,"WGS84",20.1,6.7,0.1,"2015-08-12T13:56Z","SERC.2015.32",,,"drag",160,"N",0,0,,,"NEON.DOC.014045vF","OkD7GLun5+3RpRIEva+aFeLLxTpNtG05",
"37e913c6-c18a-4c2e-93db-e503b7520667","SERC_012.tickPlot.tck","D02","SERC","SERC_012","distributed","deciduousForest",38.880010,-76.561648,"WGS84",20.2,20.1,0.2,"2015-08-12T15:27Z","SERC.2015.32","SERC_012.20150812",,"drag",160,"Y",0,0,10,"No known compromise","NEON.DOC.014045vF","OkD7GLun5+3RpRIEva+aFeLLxTpNtG05","slightly moist"
"dc09dce4-a3a9-4691-a8c9-2490b7d77017","SERC_006.tickPlot.tck","D02","SERC","SERC_006","distributed","deciduousForest",38.880025,-76.548376,"WGS84",20.2,2.6,0.3,"2015-08-13T13:17Z","SERC.2015.32","SERC_006.20150813",,"drag",162,"Y",0,4,121,"No known compromise","NEON.DOC.014045vF","MAihFV9ECLR9nYMm4TqtEdhgufslevt1EaD+j+u+VEc=",
"226a9172-d78b-43df-a599-dab088a98ad0","SERC_002.tickPlot.tck","D02","SERC","SERC_002","distributed","deciduousForest",38.896262,-76.558166,"WGS84",20.2,17.0,0.3,"2015-08-13T15:18Z","SERC.2015.32","SERC_002.20150813",,"drag and flag",162,"Y",0,12,63,"No known compromise","NEON.DOC.014045vF","MAihFV9ECLR9nYMm4TqtEdhgufslevt1EaD+j+u+VEc=",
"dc78b4a9-aad1-4032-a70f-cd704c61d8e1","SERC_005.tickPlot.tck","D02","SERC","SERC_005","distributed","deciduousForest",38.894060,-76.546307,"WGS84",20.3,8.5,0.5,"2015-08-13T17:49Z","SERC.2015.32","SERC_005.20150813",,"drag",160,"Y",1,1,248,"No known compromise","NEON.DOC.014045vF","MAihFV9ECLR9nYMm4TqtEdhgufslevt1EaD+j+u+VEc=",
"684965f6-c571-464b-b5ef-24b16d369c59","SERC_001.tickPlot.tck","D02","SERC","SERC_001","distributed","deciduousForest",38.868186,-76.535306,"WGS84",20.2,2.1,0.2,"2015-08-13T19:31Z","SERC.2015.32","SERC_001.20150813",,"drag and flag",160,"Y",0,4,61,"No known compromise","NEON.DOC.014045vF","MAihFV9ECLR9nYMm4TqtEdhgufslevt1EaD+j+u+VEc=","Nymphs in vial #2. Larvae in vial #1."
"ccf31e48-5187-42dd-9c33-5a9e71eee984","SERC_023.tickPlot.tck","D02","SERC","SERC_023","distributed","cultivatedCrops",38.873978,-76.535925,"WGS84",20.1,6.7,0.1,"2015-08-31T18:50Z","SERC.2015.35",,,"drag",160,"N",0,0,,,"NEON.DOC.014045vF","vEBCcEQSSh8eOBBCRWJ0ZW//xrXWbPVV","gps used to locate corners. Sampling plot might be a little off"
"677f27fb-3c08-4c3f-9d7b-f4b4b4ff3efd","SERC_001.tickPlot.tck","D02","SERC","SERC_001","distributed","deciduousForest",38.868186,-76.535306,"WGS84",20.2,2.1,0.2,"2015-08-31T19:46Z","SERC.2015.35","SERC_001.20150831",,"drag",165,"Y",0,1,304,"No known compromise","NEON.DOC.014045vF","vEBCcEQSSh8eOBBCRWJ0ZW//xrXWbPVV",
