uid,namedLocation,date,domainID,siteID,plotID,plotType,nlcdClass,decimalLatitude,decimalLongitude,geodeticDatum,coordinateUncertainty,easting,northing,utmZone,elevation,elevationUncertainty,eventID,samplingProtocolVersion,treesPresent,treesAbsentList,shrubsPresent,shrubsAbsentList,lianasPresent,lianasAbsentList,nestedSubplotAreaShrubSapling,nestedSubplotAreaLiana,totalSampledAreaTrees,totalSampledAreaShrubSapling,totalSampledAreaLiana,remarks,measuredBy,recordedBy,dataQF
"403cfa45-1092-4582-b21e-a7991a91ef7a","OSBS_026.basePlot.vst","2015-08-05","D03","OSBS","OSBS_026","tower","evergreenForest",29.693584,-81.992057,"WGS84",20.1,404023.36,3285244.39,"17N",43.0,0.1,"vst_OSBS_2015","NEON.DOC.000987vD",,,,,,,"noneSelected","noneSelected",800,800,800,,"wotzsmcGfDFGz7NWBrAUn7dLZE1v2DNq","wotzsmcGfDFGz7NWBrAUn7dLZE1v2DNq","legacyData"
"f7ebd948-4407-4806-ae1c-d01d8bcab977","OSBS_027.basePlot.vst","2015-08-05","D03","OSBS","OSBS_027","tower","evergreenForest",29.691969,-81.992063,"WGS84",20.1,404021.25,3285065.43,"17N",41.3,0.2,"vst_OSBS_2015","NEON.DOC.000987vD",,,,,,,"noneSelected","noneSelected",800,800,800,,"wotzsmcGfDFGz7NWBrAUn7dLZE1v2DNq","wotzsmcGfDFGz7NWBrAUn7dLZE1v2DNq","legacyData"
"2afad628-a5a4-4d9a-941d-c04f2982a921","OSBS_028.basePlot.vst","2015-08-11","D03","OSBS","OSBS_028","tower","evergreenForest",29.685933,-81.995718,"WGS84",20.1,403661.86,3284399.61,"17N",45.0,0.1,"vst_OSBS_2015","NEON.DOC.000987vD",,,,,,,"noneSelected","noneSelected",800,800,800,,,,"legacyData"
"3f4608ba-4355-45e4-ba61-38f298d5f96b","OSBS_028.basePlot.vst","2015-08-11","D03","OSBS","OSBS_028","tower","evergreenForest",29.685933,-81.995718,"WGS84",20.1,403661.86,3284399.61,"17N",45.0,0.1,"vst_OSBS_2015","NEON.DOC.000987vD",,,,,,,"100","noneSelected",800,400,800,,"wotzsmcGfDFGz7NWBrAUn7dLZE1v2DNq","wotzsmcGfDFGz7NWBrAUn7dLZE1v2DNq","legacyData"
"bc505b65-29dd-45d8-bfdf-be5c23dbc007","OSBS_028.basePlot.vst","2015-08-11","D03","OSBS","OSBS_028","tower","evergreenForest",29.685933,-81.995718,"WGS84",20.1,403661.86,3284399.61,"17N",45.0,0.1,"vst_OSBS_2015","NEON.DOC.000987vD",,,,,,,"noneSelected","noneSelected",800,800,800,,"wotzsmcGfDFGz7NWBrAUn7dLZE1v2DNq","wotzsmcGfDFGz7NWBrAUn7dLZE1v2DNq","legacyData"
"4c86963e-468a-46f8-a3e4-964e602bc838","OSBS_028.basePlot.vst","2015-08-11","D03","OSBS","OSBS_028","tower","evergreenForest",29.685933,-81.995718,"WGS84",20.1,403661.86,3284399.61,"17N",45.0,0.1,"vst_OSBS_2015","NEON.DOC.000987vD",,,,,,,"noneSelected","100",800,800,400,,"wotzsmcGfDFGz7NWBrAUn7dLZE1v2DNq","wotzsmcGfDFGz7NWBrAUn7dLZE1v2DNq","legacyData"
"18d37f1b-4bb3-4ac2-aada-72cb75ac9008","OSBS_037.basePlot.vst","2015-08-17","D03","OSBS","OSBS_037","tower","evergreenForest",29.686474,-81.994473,"WGS84",20.1,403782.84,3284458.53,"17N",45.3,0.1,"vst_OSBS_2015","NEON.DOC.000987vD",,,,,,,"noneSelected","noneSelected",800,800,800,,"YK5ulgcjQA5M6hxjAkVbmv4a8AjznrKv","tuy26TKnYHd+FtkfhB+9QYm9M1+Ym6+P","legacyData"
"b673312a-f0d0-46b8-b908-55fb76434082","OSBS_037.basePlot.vst","2015-08-17","D03","OSBS","OSBS_037","tower","evergreenForest",29.686474,-81.994473,"WGS84",20.1,403782.84,3284458.53,"17N",45.3,0.1,"vst_OSBS_2015","NEON.DOC.000987vD",,,,,,,"100","noneSelected",800,400,800,,"YK5ulgcjQA5M6hxjAkVbmv4a8AjznrKv","tuy26TKnYHd+FtkfhB+9QYm9M1+Ym6+P","legacyData"
"9da6c4d0-56f8-4ef8-87df-5e499ae52c16","OSBS_037.basePlot.vst","2015-08-19","D03","OSBS","OSBS_037","tower","evergreenForest",29.686474,-81.994473,"WGS84",20.1,403782.84,3284458.53,"17N",45.3,0.1,"vst_OSBS_2015","NEON.DOC.000987vD",,,,,,,"noneSelected","100",800,800,400,,"YK5ulgcjQA5M6hxjAkVbmv4a8AjznrKv","wotzsmcGfDFGz7NWBrAUn7dLZE1v2DNq","legacyData"
"d084bee1-2129-4573-b3ba-8e09304c3811","OSBS_038.basePlot.vst","2015-08-24","D03","OSBS","OSBS_038","tower","evergreenForest",29.690777,-81.997627,"WGS84",20.2,403481.78,3284937.98,"17N",46.0,0.2,"vst_OSBS_2015","NEON.DOC.000987vD",,,,,,,"100","noneSelected",800,400,800,"nestedSubplotArea listed as 10m2 but is actually 10x10 or 100m2","KY+U/QBQNmcEyK8w4xYtXY0lqlDkBMLh","tuy26TKnYHd+FtkfhB+9QYm9M1+Ym6+P","legacyData"
"6b94ff43-3bb4-4ab5-a52b-10e9671140b4","OSBS_038.basePlot.vst","2015-08-24","D03","OSBS","OSBS_038","tower","evergreenForest",29.690777,-81.997627,"WGS84",20.2,403481.78,3284937.98,"17N",46.0,0.2,"vst_OSBS_2015","NEON.DOC.000987vD",,,,,,,"noneSelected","10",800,800,40,,"tuy26TKnYHd+FtkfhB+9QYm9M1+Ym6+P","wotzsmcGfDFGz7NWBrAUn7dLZE1v2DNq","legacyData"
"72b4e002-7d83-42e6-815f-2afb7bbb9fc4","OSBS_036.basePlot.vst","2015-08-24","D03","OSBS","OSBS_036","tower","evergreenForest",29.691429,-81.990504,"WGS84",20.2,404171.57,3285004.30,"17N",43.9,0.2,"vst_OSBS_2015","NEON.DOC.000987vD",,,,,,,"noneSelected","noneSelected",800,800,800,,"cfnhyGSqXKc3516bF+Ud/jaLDXEcTOrF","tuy26TKnYHd+FtkfhB+9QYm9M1+Ym6+P","legacyData"
"ee90e452-8b44-472b-a078-448a7b012d02","OSBS_038.basePlot.vst","2015-08-24","D03","OSBS","OSBS_038","tower","evergreenForest",29.690777,-81.997627,"WGS84",20.2,403481.78,3284937.98,"17N",46.0,0.2,"vst_OSBS_2015","NEON.DOC.000987vD",,,,,,,"10","10",800,40,40,,"KvMXXPVfKIu9I2dUXfZf1kfhypuW2KXY","tuy26TKnYHd+FtkfhB+9QYm9M1+Ym6+P","legacyData"
"80496e1a-bea6-4c47-9ad6-18043ce924e3","OSBS_036.basePlot.vst","2015-08-24","D03","OSBS","OSBS_036","tower","evergreenForest",29.691429,-81.990504,"WGS84",20.2,404171.57,3285004.30,"17N",43.9,0.2,"vst_OSBS_2015","NEON.DOC.000987vD",,,,,,,"noneSelected","noneSelected",800,800,800,,"cfnhyGSqXKc3516bF+Ud/jaLDXEcTOrF","cMb2B+jx12AMjNtsEA8t48GND5R87ks/","legacyData"
"de3f03fc-1506-40e1-9544-82b2587a39b4","OSBS_035.basePlot.vst","2015-08-25","D03","OSBS","OSBS_035","tower","evergreenForest",29.687529,-81.997576,"WGS84",20.1,403483.61,3284578.02,"17N",43.6,0.3,"vst_OSBS_2015","NEON.DOC.000987vD",,,,,,,"noneSelected","100",800,800,400,,"tuy26TKnYHd+FtkfhB+9QYm9M1+Ym6+P","wotzsmcGfDFGz7NWBrAUn7dLZE1v2DNq","legacyData"
"5a52be39-16e4-4ccb-a0dd-68f3b213ff15","OSBS_044.basePlot.vst","2015-08-25","D03","OSBS","OSBS_044","tower","evergreenForest",29.690847,-81.992034,"WGS84",20.1,404022.99,3284941.08,"17N",44.2,0.1,"vst_OSBS_2015","NEON.DOC.000987vD",,,,,,,"noneSelected","noneSelected",800,800,800,,"cfnhyGSqXKc3516bF+Ud/jaLDXEcTOrF","tuy26TKnYHd+FtkfhB+9QYm9M1+Ym6+P","legacyData"
"a2e19148-9cda-4b0e-a049-31f6fe5e7320","OSBS_043.basePlot.vst","2015-08-25","D03","OSBS","OSBS_043","tower","evergreenForest",29.691430,-81.988956,"WGS84",20.1,404321.34,3285003.13,"17N",47.6,0.4,"vst_OSBS_2015","NEON.DOC.000987vD",,,,,,,"noneSelected","noneSelected",800,800,800,,"KY+U/QBQNmcEyK8w4xYtXY0lqlDkBMLh","tuy26TKnYHd+FtkfhB+9QYm9M1+Ym6+P","legacyData"
"05395356-c2b8-4ac3-95c0-ae33956702c1","OSBS_035.basePlot.vst","2015-08-25","D03","OSBS","OSBS_035","tower","evergreenForest",29.687529,-81.997576,"WGS84",20.1,403483.61,3284578.02,"17N",43.6,0.3,"vst_OSBS_2015","NEON.DOC.000987vD",,,,,,,"noneSelected","noneSelected",800,800,800,,"tuy26TKnYHd+FtkfhB+9QYm9M1+Ym6+P","cMb2B+jx12AMjNtsEA8t48GND5R87ks/","legacyData"
"b800d7ad-3c13-4079-9317-60f6e708a081","OSBS_043.basePlot.vst","2015-08-25","D03","OSBS","OSBS_043","tower","evergreenForest",29.691430,-81.988956,"WGS84",20.1,404321.34,3285003.13,"17N",47.6,0.4,"vst_OSBS_2015","NEON.DOC.000987vD",,,,,,,"noneSelected","noneSelected",800,800,800,,"KvMXXPVfKIu9I2dUXfZf1kfhypuW2KXY","tuy26TKnYHd+FtkfhB+9QYm9M1+Ym6+P","legacyData"
"fc37b7a8-f7dc-4d89-b03b-a432665f4de1","OSBS_034.basePlot.vst","2015-08-26","D03","OSBS","OSBS_034","tower","evergreenForest",29.688720,-81.988299,"WGS84",20.1,404382.34,3284702.29,"17N",41.5,0.2,"vst_OSBS_2015","NEON.DOC.000987vD",,,,,,,"noneSelected","noneSelected",800,800,800,,"tuy26TKnYHd+FtkfhB+9QYm9M1+Ym6+P","cMb2B+jx12AMjNtsEA8t48GND5R87ks/","legacyData"
"a528e2f2-de6f-4ab5-841c-cae0665cbbf2","OSBS_035.basePlot.vst","2015-08-26","D03","OSBS","OSBS_035","tower","evergreenForest",29.687529,-81.997576,"WGS84",20.1,403483.61,3284578.02,"17N",43.6,0.3,"vst_OSBS_2015","NEON.DOC.000987vD",,,,,,,"noneSelected","10",800,800,40,,"tuy26TKnYHd+FtkfhB+9QYm9M1+Ym6+P","wotzsmcGfDFGz7NWBrAUn7dLZE1v2DNq","legacyData"
"d56a6748-9298-4d0d-9947-82771b6a3936","OSBS_035.basePlot.vst","2015-08-26","D03","OSBS","OSBS_035","tower","evergreenForest",29.687529,-81.997576,"WGS84",20.1,403483.61,3284578.02,"17N",43.6,0.3,"vst_OSBS_2015","NEON.DOC.000987vD",,,,,,,"noneSelected","100",800,800,400,,"KvMXXPVfKIu9I2dUXfZf1kfhypuW2KXY","wotzsmcGfDFGz7NWBrAUn7dLZE1v2DNq","legacyData"
"764d2c0b-2e01-4e99-8ea9-91c40d21de8a","OSBS_032.basePlot.vst","2015-08-27","D03","OSBS","OSBS_032","tower","evergreenForest",29.690033,-81.991110,"WGS84",20.1,404111.61,3284850.11,"17N",46.4,0.1,"vst_OSBS_2015","NEON.DOC.000987vD",,,,,,,"noneSelected","noneSelected",800,800,800,,"cfnhyGSqXKc3516bF+Ud/jaLDXEcTOrF","cMb2B+jx12AMjNtsEA8t48GND5R87ks/","legacyData"
"c5350c1b-4251-4fae-aaf4-341cc2e91320","OSBS_032.basePlot.vst","2015-08-27","D03","OSBS","OSBS_032","tower","evergreenForest",29.690033,-81.991110,"WGS84",20.1,404111.61,3284850.11,"17N",46.4,0.1,"vst_OSBS_2015","NEON.DOC.000987vD",,,,,,,"noneSelected","noneSelected",800,800,800,,"cfnhyGSqXKc3516bF+Ud/jaLDXEcTOrF","wotzsmcGfDFGz7NWBrAUn7dLZE1v2DNq","legacyData"
"91b405be-d990-46b8-b935-3bbd56f70c42","OSBS_032.basePlot.vst","2015-08-27","D03","OSBS","OSBS_032","tower","evergreenForest",29.690033,-81.991110,"WGS84",20.1,404111.61,3284850.11,"17N",46.4,0.1,"vst_OSBS_2015","NEON.DOC.000987vD",,,,,,,"noneSelected","noneSelected",800,800,800,,"KvMXXPVfKIu9I2dUXfZf1kfhypuW2KXY","cMb2B+jx12AMjNtsEA8t48GND5R87ks/","legacyData"
"d2c3840b-5523-4575-aba2-0dcd3ce48084","OSBS_033.basePlot.vst","2015-08-31","D03","OSBS","OSBS_033","tower","evergreenForest",29.690061,-81.989562,"WGS84",20.1,404261.41,3284851.93,"17N",44.1,0.2,"vst_OSBS_2015","NEON.DOC.000987vD",,,,,,,"noneSelected","100",800,800,400,,"wotzsmcGfDFGz7NWBrAUn7dLZE1v2DNq","wotzsmcGfDFGz7NWBrAUn7dLZE1v2DNq","legacyData"
"2360ca52-744a-41a0-a625-b857811961f4","OSBS_035.basePlot.vst","2015-08-31","D03","OSBS","OSBS_035","tower","evergreenForest",29.687529,-81.997576,"WGS84",20.1,403483.61,3284578.02,"17N",43.6,0.3,"vst_OSBS_2015","NEON.DOC.000987vD",,,,,,,"noneSelected","noneSelected",800,800,800,,"tuy26TKnYHd+FtkfhB+9QYm9M1+Ym6+P","wotzsmcGfDFGz7NWBrAUn7dLZE1v2DNq","legacyData"
"28c56ced-25f4-45e1-b07e-68fb04e69101","OSBS_035.basePlot.vst","2015-08-31","D03","OSBS","OSBS_035","tower","evergreenForest",29.687529,-81.997576,"WGS84",20.1,403483.61,3284578.02,"17N",43.6,0.3,"vst_OSBS_2015","NEON.DOC.000987vD",,,,,,,"noneSelected","100",800,800,400,,"KvMXXPVfKIu9I2dUXfZf1kfhypuW2KXY","wotzsmcGfDFGz7NWBrAUn7dLZE1v2DNq","legacyData"
"bcf21fed-695a-43f4-92f9-668b301d94e5","OSBS_033.basePlot.vst","2015-08-31","D03","OSBS","OSBS_033","tower","evergreenForest",29.690061,-81.989562,"WGS84",20.1,404261.41,3284851.93,"17N",44.1,0.2,"vst_OSBS_2015","NEON.DOC.000987vD",,,,,,,"noneSelected","noneSelected",800,800,800,,"KvMXXPVfKIu9I2dUXfZf1kfhypuW2KXY","cMb2B+jx12AMjNtsEA8t48GND5R87ks/","legacyData"
