uid,namedLocation,plotID,collectDate,identifiedDate,sampleID,subsampleID,scientificName,acceptedTaxonID,taxonRank,family,subfamily,tribe,subtribe,genus,subgenus,specificEpithet,infraspecificEpithet,identificationQualifier,identificationReferences,identificationProtocolVersion,scientificNameAuthorship,sexOrAge,individualCount,sampleCondition,archiveMedium,archiveFacilityID,deprecatedVialID,identifiedBy,laboratoryName,remarks
"7a4d2c90-6333-4224-a551-d237bef317f4","ORNL_002.tickPlot.tck","ORNL_002","2017-08-01T13:10Z","2017-11-01T16:00Z","ORNL_002.20170801","ORNL_002.20170801.IXOSP.L","Ixodidae sp.","IXOSP","family","Ixodidae",,,,,,"sp.",,,,"GSU_tickIdentification_SOP_2016-11-01.pdf",,"Larva",1,"OK","90% ethanol","USNMENT01358955","ORNL_002.20170801.L","Guy Hobbs","Georgia Southern University",
"13af29d6-ce4c-461a-935d-951a0cba37de","ORNL_002.tickPlot.tck","ORNL_002","2017-08-01T13:10Z","2017-12-02T17:00Z","ORNL_002.20170801","ORNL_002.20170801.AMBAME.N","Amblyomma americanum","AMBAME","species","Ixodidae",,,,"Amblyomma",,"americanum",,,"Cooley, R. A. and G. M. Kohls. 1944. The genus Amblyomma (ixodidae) in the United States. The Journal of Parasitology, 30(2):77-111.","GSU_tickIdentification_SOP_2016-11-01.pdf","Linnaeus","Nymph",16,"OK","90% ethanol","USNMENT01358954","ORNL_002.20170801.AMBAME.N","Lorenza Beati","Georgia Southern University","was counted as 17 but only found 16"
"f76c2a73-aba9-4f43-89df-c4cf98c5e60b","ORNL_040.tickPlot.tck","ORNL_040","2017-08-01T13:19Z","2017-12-02T17:00Z","ORNL_040.20170801","ORNL_040.20170801.IXOSCA.N","Ixodes scapularis","IXOSCA","species","Ixodidae",,,,"Ixodes",,"scapularis",,,"Cooley, R. A. and G. M. Kohls. 1945. The genus Ixodes in North America. National Institute of Health Bulletin, 184.","GSU_tickIdentification_SOP_2016-11-01.pdf","Say","Nymph",1,"OK","90% ethanol","USNMENT01358985","ORNL_040.20170801.IXOSCA.N","Lorenza Beati","Georgia Southern University",
"d2bcc9a5-27d4-44c2-942b-e32a1de6891e","ORNL_040.tickPlot.tck","ORNL_040","2017-08-01T13:19Z","2017-12-02T17:00Z","ORNL_040.20170801","ORNL_040.20170801.AMBAME.N","Amblyomma americanum","AMBAME","species","Ixodidae",,,,"Amblyomma",,"americanum",,,"Cooley, R. A. and G. M. Kohls. 1944. The genus Amblyomma (ixodidae) in the United States. The Journal of Parasitology, 30(2):77-111.","GSU_tickIdentification_SOP_2016-11-01.pdf","Linnaeus","Nymph",26,"OK","90% ethanol","USNMENT01358986","ORNL_040.20170801.AMBAME.N","Lorenza Beati","Georgia Southern University",
"7355de32-4cf1-47f2-8821-4443aa0c58fb","ORNL_008.tickPlot.tck","ORNL_008","2017-08-01T14:33Z","2017-11-03T16:00Z","ORNL_008.20170801","ORNL_008.20170801.IXOSP.L","Ixodidae sp.","IXOSP","family","Ixodidae",,,,,,"sp.",,,,"GSU_tickIdentification_SOP_2016-11-01.pdf",,"Larva",1,"OK","90% ethanol","USNMENT01358984","ORNL_008.20170801.L","Arianna Gibbs","Georgia Southern University",
"fa340c5c-1b8f-4b66-953a-acf3dbc53c4c","ORNL_008.tickPlot.tck","ORNL_008","2017-08-01T14:33Z","2017-11-03T16:00Z","ORNL_008.20170801","ORNL_008.20170801.AMBAME.N","Amblyomma americanum","AMBAME","species","Ixodidae",,,,"Amblyomma",,"americanum",,,"Cooley, R. A. and G. M. Kohls. 1944. The genus Amblyomma (ixodidae) in the United States. The Journal of Parasitology, 30(2):77-111.","GSU_tickIdentification_SOP_2016-11-01.pdf","Linnaeus","Nymph",8,"OK","90% ethanol","USNMENT01358983","ORNL_008.20170801.AMBAME.N","Arianna Gibbs","Georgia Southern University","missing vial"
"d6f35c7a-cefc-47f4-9aaa-146f30c3d961","ORNL_009.tickPlot.tck","ORNL_009","2017-08-01T14:45Z","2017-12-02T17:00Z","ORNL_009.20170801","ORNL_009.20170801.AMBAME.N","Amblyomma americanum","AMBAME","species","Ixodidae",,,,"Amblyomma",,"americanum",,,"Cooley, R. A. and G. M. Kohls. 1944. The genus Amblyomma (ixodidae) in the United States. The Journal of Parasitology, 30(2):77-111.","GSU_tickIdentification_SOP_2016-11-01.pdf","Linnaeus","Nymph",5,"OK","90% ethanol","USNMENT01358988","ORNL_009.20170801.AMBAME.N","Lorenza Beati","Georgia Southern University",
"8094f174-4050-4400-86ca-221684744b17","ORNL_003.tickPlot.tck","ORNL_003","2017-08-01T16:42Z","2017-11-01T16:00Z","ORNL_003.20170801","ORNL_003.20170801.IXOSP.L","Ixodidae sp.","IXOSP","family","Ixodidae",,,,,,"sp.",,,,"GSU_tickIdentification_SOP_2016-11-01.pdf",,"Larva",1,"OK","90% ethanol","USNMENT01358957","ORNL_003.20170801.L","Guy Hobbs","Georgia Southern University",
"22fa1a26-5b1f-4163-99ad-1fddd983e9e4","ORNL_003.tickPlot.tck","ORNL_003","2017-08-01T16:42Z","2017-12-02T17:00Z","ORNL_003.20170801","ORNL_003.20170801.AMBAME.N","Amblyomma americanum","AMBAME","species","Ixodidae",,,,"Amblyomma",,"americanum",,,"Cooley, R. A. and G. M. Kohls. 1944. The genus Amblyomma (ixodidae) in the United States. The Journal of Parasitology, 30(2):77-111.","GSU_tickIdentification_SOP_2016-11-01.pdf","Linnaeus","Nymph",7,"OK","90% ethanol","USNMENT01358956","ORNL_003.20170801.AMBAME.N","Lorenza Beati","Georgia Southern University",
"caaf3e7e-787b-46cb-89d4-537ecb2a53ea","ORNL_007.tickPlot.tck","ORNL_007","2017-08-01T16:44Z","2017-11-01T16:00Z","ORNL_007.20170801","ORNL_007.20170801.IXOSP.L","Ixodidae sp.","IXOSP","family","Ixodidae",,,,,,"sp.",,,,"GSU_tickIdentification_SOP_2016-11-01.pdf",,"Larva",1,"OK","90% ethanol","USNMENT01358958","ORNL_007.20170801.L","Guy Hobbs","Georgia Southern University",
"8601c655-e3d6-473b-ac65-774f58842fe8","ORNL_007.tickPlot.tck","ORNL_007","2017-08-01T16:44Z","2017-12-02T17:00Z","ORNL_007.20170801","ORNL_007.20170801.AMBAME.N","Amblyomma americanum","AMBAME","species","Ixodidae",,,,"Amblyomma",,"americanum",,,"Cooley, R. A. and G. M. Kohls. 1944. The genus Amblyomma (ixodidae) in the United States. The Journal of Parasitology, 30(2):77-111.","GSU_tickIdentification_SOP_2016-11-01.pdf","Linnaeus","Nymph",5,"OK","90% ethanol","USNMENT01358959","ORNL_007.20170801.AMBAME.N","Lorenza Beati","Georgia Southern University",
"effd8b16-d281-467c-befd-8259c3b6fe0e","ORNL_007.tickPlot.tck","ORNL_007","2017-08-01T16:44Z","2017-12-02T17:00Z","ORNL_007.20170801","ORNL_007.20170801.IXOSCA.N","Ixodes scapularis","IXOSCA","species","Ixodidae",,,,"Ixodes",,"scapularis",,,"Cooley, R. A. and G. M. Kohls. 1945. The genus Ixodes in North America. National Institute of Health Bulletin, 184.","GSU_tickIdentification_SOP_2016-11-01.pdf","Say","Nymph",1,"OK","90% ethanol","USNMENT01358990","ORNL_007.20170801.IXOSCA.N","Lorenza Beati","Georgia Southern University",
"a59fcc9f-88d2-43ac-a499-1f1457fc9d64","ORNL_007.tickPlot.tck","ORNL_007","2017-08-14T06:16Z","2017-11-02T16:00Z","ORNL_007.20170814","ORNL_007.20170814.IXOSP.L","Ixodidae sp.","IXOSP","family","Ixodidae",,,,,,"sp.",,,,"GSU_tickIdentification_SOP_2016-11-01.pdf",,"Larva",1,"OK","90% ethanol","USNMENT01358971","ORNL_007.20170814.L","Arianna Gibbs","Georgia Southern University",
"a841f740-5841-4d19-bcd3-16185d4efb6d","ORNL_007.tickPlot.tck","ORNL_007","2017-08-14T06:16Z","2017-12-02T17:00Z","ORNL_007.20170814","ORNL_007.20170814.AMBAME.N","Amblyomma americanum","AMBAME","species","Ixodidae",,,,"Amblyomma",,"americanum",,,"Cooley, R. A. and G. M. Kohls. 1944. The genus Amblyomma (ixodidae) in the United States. The Journal of Parasitology, 30(2):77-111.","GSU_tickIdentification_SOP_2016-11-01.pdf","Linnaeus","Nymph",9,"OK","90% ethanol","USNMENT01358970","ORNL_007.20170814.AMBAME.N","Lorenza Beati","Georgia Southern University",
"f59611f6-fc39-43d2-a285-c96bd6be5115","ORNL_003.tickPlot.tck","ORNL_003","2017-08-14T15:15Z","2017-12-02T17:00Z","ORNL_003.20170814","ORNL_003.20170814.AMBAME.N","Amblyomma americanum","AMBAME","species","Ixodidae",,,,"Amblyomma",,"americanum",,,"Cooley, R. A. and G. M. Kohls. 1944. The genus Amblyomma (ixodidae) in the United States. The Journal of Parasitology, 30(2):77-111.","GSU_tickIdentification_SOP_2016-11-01.pdf","Linnaeus","Nymph",7,"OK","90% ethanol","USNMENT01358964","ORNL_003.20170814.AMBAME.N","Lorenza Beati","Georgia Southern University",
"db9c545f-e46d-4e0c-b3c3-a06e4bfaa6ab","ORNL_003.tickPlot.tck","ORNL_003","2017-08-14T15:15Z","2017-11-02T16:00Z","ORNL_003.20170814","ORNL_003.20170814.IXOSP.L","Ixodidae sp.","IXOSP","family","Ixodidae",,,,,,"sp.",,,,"GSU_tickIdentification_SOP_2016-11-01.pdf",,"Larva",1,"OK","90% ethanol","USNMENT01358965","ORNL_003.20170814.L","Arianna Gibbs","Georgia Southern University",
"71530951-c112-4ea8-8ca2-c47ef9263902","ORNL_040.tickPlot.tck","ORNL_040","2017-08-14T15:26Z","2017-12-02T17:00Z","ORNL_040.20170814","ORNL_040.20170814.AMBAME.N","Amblyomma americanum","AMBAME","species","Ixodidae",,,,"Amblyomma",,"americanum",,,"Cooley, R. A. and G. M. Kohls. 1944. The genus Amblyomma (ixodidae) in the United States. The Journal of Parasitology, 30(2):77-111.","GSU_tickIdentification_SOP_2016-11-01.pdf","Linnaeus","Nymph",18,"OK","90% ethanol","USNMENT01358969","ORNL_040.20170814.AMBAME.N","Lorenza Beati","Georgia Southern University",
"12cfc204-124d-4e50-9fae-77532dffc0ea","ORNL_009.tickPlot.tck","ORNL_009","2017-08-14T16:35Z","2017-12-02T17:00Z","ORNL_009.20170814","ORNL_009.20170814.AMBAME.N","Amblyomma americanum","AMBAME","species","Ixodidae",,,,"Amblyomma",,"americanum",,,"Cooley, R. A. and G. M. Kohls. 1944. The genus Amblyomma (ixodidae) in the United States. The Journal of Parasitology, 30(2):77-111.","GSU_tickIdentification_SOP_2016-11-01.pdf","Linnaeus","Nymph",6,"OK","90% ethanol","USNMENT01358966","ORNL_009.20170814.AMBAME.N","Lorenza Beati","Georgia Southern University",
"61ad650d-8001-4ad1-8df2-7ab1448b25ba","ORNL_008.tickPlot.tck","ORNL_008","2017-08-14T16:54Z","2017-12-02T17:00Z","ORNL_008.20170814","ORNL_008.20170814.AMBAME.N","Amblyomma americanum","AMBAME","species","Ixodidae",,,,"Amblyomma",,"americanum",,,"Cooley, R. A. and G. M. Kohls. 1944. The genus Amblyomma (ixodidae) in the United States. The Journal of Parasitology, 30(2):77-111.","GSU_tickIdentification_SOP_2016-11-01.pdf","Linnaeus","Nymph",7,"OK","90% ethanol","USNMENT01358960","ORNL_008.20170814.AMBAME.N","Lorenza Beati","Georgia Southern University",
"2aba2399-aa0b-48ee-ac56-d543f39ab82d","ORNL_002.tickPlot.tck","ORNL_002","2017-08-14T17:43Z","2017-12-02T17:00Z","ORNL_002.20170814","ORNL_002.20170814.AMBAME.N","Amblyomma americanum","AMBAME","species","Ixodidae",,,,"Amblyomma",,"americanum",,,"Cooley, R. A. and G. M. Kohls. 1944. The genus Amblyomma (ixodidae) in the United States. The Journal of Parasitology, 30(2):77-111.","GSU_tickIdentification_SOP_2016-11-01.pdf","Linnaeus","Nymph",36,"OK","90% ethanol","USNMENT01358963","ORNL_002.20170814.AMBAME.N","Lorenza Beati","Georgia Southern University",
