uid,namedLocation,domainID,siteID,plotID,plotType,nlcdClass,decimalLatitude,decimalLongitude,geodeticDatum,coordinateUncertainty,elevation,elevationUncertainty,collectDate,eventID,sampleID,sampleCode,samplingMethod,totalSampledArea,targetTaxaPresent,adultCount,nymphCount,larvaCount,sampleCondition,samplingProtocolVersion,measuredBy,remarks
"da7c956f-1dc1-455e-8162-bc1ff5913d21","ORNL_002.tickPlot.tck","D07","ORNL","ORNL_002","distributed","deciduousForest",35.983090,-84.211654,"WGS84",20.3,338.6,0.5,"2017-08-01T13:10Z","ORNL.2017.32","ORNL_002.20170801",,"drag",160,"Y",0,17,8,"No known compromise","NEON.DOC.014045vH","WKwujoF6P3ZJiCk6Dcp40D8Dm7AF8r9FFCwveZOtl5c=","One additional nymph fell on the ground"
"c15fd393-09ea-4fa0-a4bf-427a71db07dc","ORNL_040.tickPlot.tck","D07","ORNL","ORNL_040","distributed","evergreenForest",35.975525,-84.305103,"WGS84",20.2,273.2,0.2,"2017-08-01T13:19Z","ORNL.2017.32","ORNL_040.20170801",,"drag",162,"Y",0,25,0,"No known compromise","NEON.DOC.014045vH","o8zDrSGfNRHXTwkNXPAdRAjPrJVp6LTtS+vSpO9tqxI=",
"a849622c-b41c-4d81-bc27-a81756f65015","ORNL_008.tickPlot.tck","D07","ORNL","ORNL_008","distributed","deciduousForest",35.933531,-84.334016,"WGS84",20.3,322.7,0.3,"2017-08-01T14:33Z","ORNL.2017.32","ORNL_008.20170801",,"drag and flag",160,"Y",0,8,75,"No known compromise","NEON.DOC.014045vH","o8zDrSGfNRHXTwkNXPAdRAjPrJVp6LTtS+vSpO9tqxI=",
"c734d843-06ba-40cb-bb65-37f004f629c7","ORNL_009.tickPlot.tck","D07","ORNL","ORNL_009","distributed","deciduousForest",35.974902,-84.226630,"WGS84",20.2,337.1,0.2,"2017-08-01T14:45Z","ORNL.2017.32","ORNL_009.20170801",,"drag and flag",160,"Y",0,5,192,"No known compromise","NEON.DOC.014045vH","w91v36heNcLPpG5HFO6Za4pIZvRnXtrvrkmAzkNhzMc=",
"a3f1f41f-d537-4835-98d4-bbc9215ddc08","ORNL_003.tickPlot.tck","D07","ORNL","ORNL_003","distributed","deciduousForest",35.967011,-84.229849,"WGS84",20.2,275.5,0.2,"2017-08-01T16:42Z","ORNL.2017.32","ORNL_003.20170801",,"drag and flag",160,"Y",0,7,8,"No known compromise","NEON.DOC.014045vH","WKwujoF6P3ZJiCk6Dcp40D8Dm7AF8r9FFCwveZOtl5c=",
"ce350c49-c1c8-4dce-91d1-d8531fc3d2c6","ORNL_007.tickPlot.tck","D07","ORNL","ORNL_007","distributed","deciduousForest",35.925843,-84.328420,"WGS84",20.2,279.4,0.5,"2017-08-01T16:44Z","ORNL.2017.32","ORNL_007.20170801",,"drag and flag",162,"Y",0,5,1257,"No known compromise","NEON.DOC.014045vH","o8zDrSGfNRHXTwkNXPAdRAjPrJVp6LTtS+vSpO9tqxI=",
"4e711f3f-09c7-4713-9c30-0973a4d496fd","ORNL_007.tickPlot.tck","D07","ORNL","ORNL_007","distributed","deciduousForest",35.925843,-84.328420,"WGS84",20.2,279.4,0.5,"2017-08-14T06:16Z","ORNL.2017.34","ORNL_007.20170814",,"drag",160,"Y",0,9,721,"No known compromise","NEON.DOC.014045vH","BmUhXJih24blUY53upISnoNLs4g/+M7UdL+C2k0z8MI=",
"96c7c0d6-9ec9-44d3-8039-f7f7ba24ead1","ORNL_003.tickPlot.tck","D07","ORNL","ORNL_003","distributed","deciduousForest",35.967011,-84.229849,"WGS84",20.2,275.5,0.2,"2017-08-14T15:15Z","ORNL.2017.34","ORNL_003.20170814",,"drag and flag",160,"Y",0,7,86,"No known compromise","NEON.DOC.014045vH","2EQFOoUV8jVjNE1BpwGY8Orlr2HW2VdBHIxr/sxWvp0=",
"4e8774e7-2c0e-4c5b-93fe-f5014c6b53d2","ORNL_040.tickPlot.tck","D07","ORNL","ORNL_040","distributed","evergreenForest",35.975525,-84.305103,"WGS84",20.2,273.2,0.2,"2017-08-14T15:26Z","ORNL.2017.34","ORNL_040.20170814",,"drag",162,"Y",0,18,0,"No known compromise","NEON.DOC.014045vH","WKwujoF6P3ZJiCk6Dcp40D8Dm7AF8r9FFCwveZOtl5c=",
"0bf1a9e5-56fa-48f5-8943-9938b65f7535","ORNL_009.tickPlot.tck","D07","ORNL","ORNL_009","distributed","deciduousForest",35.974902,-84.226630,"WGS84",20.2,337.1,0.2,"2017-08-14T16:35Z","ORNL.2017.34","ORNL_009.20170814",,"drag and flag",160,"Y",0,6,151,"No known compromise","NEON.DOC.014045vH","ntMKYxYUttiqg+M2We4SbKWIfDoMDecaAZhfwjEr5Eo=",
"c77464db-f0ec-43ca-ade2-52f210f72ddb","ORNL_008.tickPlot.tck","D07","ORNL","ORNL_008","distributed","deciduousForest",35.933531,-84.334016,"WGS84",20.3,322.7,0.3,"2017-08-14T16:54Z","ORNL.2017.34","ORNL_008.20170814",,"drag",163,"Y",0,7,427,"No known compromise","NEON.DOC.014045vH","WKwujoF6P3ZJiCk6Dcp40D8Dm7AF8r9FFCwveZOtl5c=",
"e9f75484-97f9-4548-a45e-cae7a66ee69d","ORNL_002.tickPlot.tck","D07","ORNL","ORNL_002","distributed","deciduousForest",35.983090,-84.211654,"WGS84",20.3,338.6,0.5,"2017-08-14T17:43Z","ORNL.2017.34","ORNL_002.20170814",,"drag",162,"Y",0,36,0,"No known compromise","NEON.DOC.014045vH","2EQFOoUV8jVjNE1BpwGY8Orlr2HW2VdBHIxr/sxWvp0=",
