uid,namedLocation,domainID,siteID,plotID,plotType,nlcdClass,decimalLatitude,decimalLongitude,geodeticDatum,coordinateUncertainty,elevation,elevationUncertainty,collectDate,eventID,sampleID,sampleCode,samplingMethod,totalSampledArea,targetTaxaPresent,adultCount,nymphCount,larvaCount,sampleCondition,samplingProtocolVersion,measuredBy,remarks
"3a02cc7b-160f-4d81-b530-01429f66c85d","LENO_004.tickPlot.tck","D08","LENO","LENO_004","distributed","woodyWetlands",31.822376,-88.181956,"WGS84",20.2,12.5,0.2,"2018-04-05T15:06Z","LENO.2018.14","LENO_004.20180405","A00000013496","drag and flag",155,"Y",0,3,0,"No known compromise","NEON.DOC.014045vJ","BDzq2IAJfRwsrXnG+WJfFzkBkbtaDALAaR+O7WZv4cM=",
"25127414-d124-4199-826c-fcb3cc8c038b","LENO_015.tickPlot.tck","D08","LENO","LENO_015","distributed","woodyWetlands",31.817299,-88.191485,"WGS84",20.5,14.2,0.8,"2018-04-05T16:31Z","LENO.2018.14",,,"drag",128,"N",0,0,0,,"NEON.DOC.014045vJ","BDzq2IAJfRwsrXnG+WJfFzkBkbtaDALAaR+O7WZv4cM=",
"4836f37b-6e69-4f5b-a098-1c67b6c320b2","LENO_003.tickPlot.tck","D08","LENO","LENO_003","distributed","deciduousForest",31.809581,-88.187553,"WGS84",20.2,15.4,0.4,"2018-04-05T17:33Z","LENO.2018.14",,,"drag and flag",145,"N",0,0,0,,"NEON.DOC.014045vJ","BDzq2IAJfRwsrXnG+WJfFzkBkbtaDALAaR+O7WZv4cM=",
"4de90300-2b93-4ad4-8e16-338b98c9c0b7","LENO_002.tickPlot.tck","D08","LENO","LENO_002","distributed","woodyWetlands",31.806282,-88.195216,"WGS84",20.2,16.8,0.2,"2018-04-05T18:19Z","LENO.2018.14","LENO_002.20180405","A00000013493","drag",160,"Y",0,1,0,"No known compromise","NEON.DOC.014045vJ","BDzq2IAJfRwsrXnG+WJfFzkBkbtaDALAaR+O7WZv4cM=",
"6cb8ef70-a6b0-49b8-9a15-40b73b9b6a6b","LENO_002.tickPlot.tck","D08","LENO","LENO_002","distributed","woodyWetlands",31.806282,-88.195216,"WGS84",20.2,16.8,0.2,"2018-04-23T18:27Z","LENO.2018.17","LENO_002.20180423","A00000013497","drag",140,"Y",0,1,0,"No known compromise","NEON.DOC.014045vJ","e4mK0Nb933ORoTt9P0Pn8vNjKiO14aziQXlYMjv7H1k=",
"c47d6e58-1519-447f-94b4-614ef36889e1","LENO_003.tickPlot.tck","D08","LENO","LENO_003","distributed","deciduousForest",31.809581,-88.187553,"WGS84",20.2,15.4,0.4,"2018-04-23T19:00Z","LENO.2018.17",,,"drag and flag",135,"N",0,0,0,,"NEON.DOC.014045vJ","e4mK0Nb933ORoTt9P0Pn8vNjKiO14aziQXlYMjv7H1k=",
"01677c29-3d05-4f10-bf1d-8a73177379e6","LENO_004.tickPlot.tck","D08","LENO","LENO_004","distributed","woodyWetlands",31.822376,-88.181956,"WGS84",20.2,12.5,0.2,"2018-04-23T20:19Z","LENO.2018.17","LENO_004.20180423","A00000013499","drag and flag",160,"Y",0,2,0,"No known compromise","NEON.DOC.014045vJ","e4mK0Nb933ORoTt9P0Pn8vNjKiO14aziQXlYMjv7H1k=",
"eb4adeff-3b71-44fb-8703-4b22844a79d4","LENO_015.tickPlot.tck","D08","LENO","LENO_015","distributed","woodyWetlands",31.817299,-88.191485,"WGS84",20.5,14.2,0.8,"2018-04-23T20:54Z","LENO.2018.17",,,"drag",110,"N",0,0,0,,"NEON.DOC.014045vJ","BDzq2IAJfRwsrXnG+WJfFzkBkbtaDALAaR+O7WZv4cM=",
