uid,namedLocation,domainID,siteID,plotID,plotType,nlcdClass,decimalLatitude,decimalLongitude,geodeticDatum,coordinateUncertainty,elevation,elevationUncertainty,collectDate,eventID,sampleID,sampleCode,samplingMethod,totalSampledArea,targetTaxaPresent,adultCount,nymphCount,larvaCount,sampleCondition,samplingProtocolVersion,measuredBy,remarks
"36f80835-9637-49ec-8551-27c149a5cab5","HARV_022.tickPlot.tck","D01","HARV","HARV_022","distributed","evergreenForest",42.435462,-72.199291,"WGS84",20.3,186.3,0.3,"2016-06-16T13:24Z","HARV.2016.24","HARV_022.20160616",,"drag and flag",160,"Y",0,5,0,"No known compromise","NEON.DOC.014045vG","nK9br051HPjmqBRc5E/A0io0YIiVOb2k",
"cfe7f149-ddc8-42a0-9545-9f7b8069d4d0","HARV_004.tickPlot.tck","D01","HARV","HARV_004","distributed","mixedForest",42.426878,-72.227943,"WGS84",20.3,185.9,0.3,"2016-06-16T14:28Z","HARV.2016.24","HARV_004.20160616",,"drag and flag",160,"Y",0,9,6,"No known compromise","NEON.DOC.014045vG","f0WbTzqCaGuNJkdjhlghxfnm7EbghhkV",
"88fb24b0-f5bb-48af-a312-e2c931d0b7f4","HARV_020.tickPlot.tck","D01","HARV","HARV_020","distributed","woodyWetlands",42.438157,-72.228923,"WGS84",20.2,228.3,0.3,"2016-06-16T15:39Z","HARV.2016.24","HARV_020.20160616",,"drag and flag",160,"Y",0,4,0,"No known compromise","NEON.DOC.014045vG","nK9br051HPjmqBRc5E/A0io0YIiVOb2k",
"d9862bd0-9a2b-4958-9b64-e92f892f7f66","HARV_026.tickPlot.tck","D01","HARV","HARV_026","distributed","evergreenForest",42.412068,-72.246529,"WGS84",20.2,185.7,0.3,"2016-06-16T16:25Z","HARV.2016.24","HARV_026.20160616",,"drag and flag",160,"Y",0,1,162,"No known compromise","NEON.DOC.014045vG","f0WbTzqCaGuNJkdjhlghxfnm7EbghhkV",
"c30f3741-a44e-44b8-9a53-5499effd7f42","HARV_006.tickPlot.tck","D01","HARV","HARV_006","distributed","deciduousForest",42.401938,-72.252716,"WGS84",20.2,190.4,0.3,"2016-06-16T17:25Z","HARV.2016.24","HARV_006.20160616",,"drag and flag",160,"Y",0,0,1,"No known compromise","NEON.DOC.014045vG","nK9br051HPjmqBRc5E/A0io0YIiVOb2k",
"01aaf6f4-54f0-4952-8d15-89a872979027","HARV_001.tickPlot.tck","D01","HARV","HARV_001","distributed","deciduousForest",42.424227,-72.260097,"WGS84",20.2,201.1,0.3,"2016-06-16T18:21Z","HARV.2016.24","HARV_001.20160616",,"drag and flag",160,"Y",0,4,5,"No known compromise","NEON.DOC.014045vG","f0WbTzqCaGuNJkdjhlghxfnm7EbghhkV",
