uid,namedLocation,date,domainID,siteID,plotID,plotType,nlcdClass,decimalLatitude,decimalLongitude,geodeticDatum,coordinateUncertainty,easting,northing,utmZone,elevation,elevationUncertainty,eventID,samplingProtocolVersion,treesPresent,treesAbsentList,shrubsPresent,shrubsAbsentList,lianasPresent,lianasAbsentList,nestedSubplotAreaShrubSapling,nestedSubplotAreaLiana,totalSampledAreaTrees,totalSampledAreaShrubSapling,totalSampledAreaLiana,remarks,measuredBy,recordedBy,dataQF
"9a2718dc-804b-4b56-9812-e51d75651707","DELA_013.basePlot.vst","2015-08-09","D08","DELA","DELA_013","distributed","woodyWetlands",32.540614,-87.817312,"WGS84",20.2,423255.81,3600655.68,"16N",25.3,0.2,"vst_DELA_2015","NEON.DOC.000987vE",,,,,,,"10","noneSelected",400,80,400,,"56NWpqkULoxnJRco3jytVpwp1mk4BuSv","56NWpqkULoxnJRco3jytVpwp1mk4BuSv","legacyData"
"6b5e33ef-11c6-4e20-b5fb-358ce44bfd12","DELA_003.basePlot.vst","2015-08-09","D08","DELA","DELA_003","distributed","woodyWetlands",32.534935,-87.815030,"WGS84",20.2,423465.27,3600024.48,"16N",25.0,0.2,"vst_DELA_2015","NEON.DOC.000987vE",,,,,,,"noneSelected","noneSelected",400,400,400,,"t8vBr06IaSD6dccs94XyeASiM5bqXtQj","56NWpqkULoxnJRco3jytVpwp1mk4BuSv","legacyData"
"8f943af1-55be-4a36-b528-f50b98e55876","DELA_004.basePlot.vst","2015-08-26","D08","DELA","DELA_004","distributed","woodyWetlands",32.531985,-87.814345,"WGS84",20.2,423527.10,3599696.97,"16N",26.1,0.3,"vst_DELA_2015","NEON.DOC.000987vE",,,,,,,"noneSelected","noneSelected",400,400,400,,"5bNzYImeaOHtlXGPWGCPlX8bb2aM72iw","56NWpqkULoxnJRco3jytVpwp1mk4BuSv","legacyData"
"13b64241-64ad-4dad-b559-1fbd9598091a","DELA_005.basePlot.vst","2015-08-26","D08","DELA","DELA_005","distributed","woodyWetlands",32.523344,-87.814623,"WGS84",20.2,423493.67,3598739.25,"16N",29.7,0.2,"vst_DELA_2015","NEON.DOC.000987vE",,,,,,,"noneSelected","noneSelected",400,400,400,,"m44ngqESPVQW9kM8WnDXD5TDWb0aZ5FY","56NWpqkULoxnJRco3jytVpwp1mk4BuSv","legacyData"
"968b26d8-02ea-42e3-bc44-221097194e81","DELA_011.basePlot.vst","2015-08-26","D08","DELA","DELA_011","distributed","woodyWetlands",32.520326,-87.817136,"WGS84",20.3,423255.09,3598406.50,"16N",25.6,0.5,"vst_DELA_2015","NEON.DOC.000987vE",,,,,,,"25","noneSelected",400,200,400,,"5bNzYImeaOHtlXGPWGCPlX8bb2aM72iw","5bNzYImeaOHtlXGPWGCPlX8bb2aM72iw","legacyData"
"9f301f2f-8288-4007-b8e6-d1990fcb65d9","DELA_011.basePlot.vst","2015-08-26","D08","DELA","DELA_011","distributed","woodyWetlands",32.520326,-87.817136,"WGS84",20.3,423255.09,3598406.50,"16N",25.6,0.5,"vst_DELA_2015","NEON.DOC.000987vE",,,,,,,"25","noneSelected",400,200,400,,"t8vBr06IaSD6dccs94XyeASiM5bqXtQj","5bNzYImeaOHtlXGPWGCPlX8bb2aM72iw","legacyData"
"5351b226-eb9e-41ff-a093-f89ba74656ed","DELA_018.basePlot.vst","2015-08-27","D08","DELA","DELA_018","distributed","woodyWetlands",32.540988,-87.799109,"WGS84",20.1,424965.40,3600684.17,"16N",24.8,0.2,"vst_DELA_2015","NEON.DOC.000987vE",,,,,,,"25","25",400,200,200,,"KFr7JcBjQm9J5uplJHTZe2CPbWEwyKSf","56NWpqkULoxnJRco3jytVpwp1mk4BuSv","legacyData"
"895dfca8-80f2-49e1-9bb0-559d488a8cf9","DELA_012.basePlot.vst","2015-08-27","D08","DELA","DELA_012","distributed","woodyWetlands",32.531172,-87.816624,"WGS84",20.2,423312.39,3599608.48,"16N",22.5,0.4,"vst_DELA_2015","NEON.DOC.000987vE",,,,,,,"25","noneSelected",400,200,400,,"0ygyTA3URVoNp+waZjN2Lu+zP0lNl3v9","1jPgPLJsI1yDGXXXpUXDbv0ukXnnNL8m","legacyData"
"81b9f041-ee19-47d4-8aa8-6fb6aa14b63c","DELA_015.basePlot.vst","2015-08-27","D08","DELA","DELA_015","distributed","woodyWetlands",32.528739,-87.813392,"WGS84",20.2,423613.85,3599336.44,"16N",23.4,0.2,"vst_DELA_2015","NEON.DOC.000987vE",,,,,,,"10","noneSelected",400,80,400,,"t8vBr06IaSD6dccs94XyeASiM5bqXtQj","56NWpqkULoxnJRco3jytVpwp1mk4BuSv","legacyData"
"92065fe3-9b70-4b40-93b0-21c37db04228","DELA_014.basePlot.vst","2015-08-27","D08","DELA","DELA_014","distributed","evergreenForest",32.529787,-87.818196,"WGS84",20.2,423163.58,3599456.07,"16N",27.5,0.3,"vst_DELA_2015","NEON.DOC.000987vE",,,,,,,"noneSelected","noneSelected",400,400,400,,"0ygyTA3URVoNp+waZjN2Lu+zP0lNl3v9","56NWpqkULoxnJRco3jytVpwp1mk4BuSv","legacyData"
"75247c8e-6af1-46ee-80aa-90c80b0daf0c","DELA_010.basePlot.vst","2015-08-28","D08","DELA","DELA_010","distributed","woodyWetlands",32.540456,-87.800089,"WGS84",20.1,424872.93,3600625.89,"16N",23.7,0.2,"vst_DELA_2015","NEON.DOC.000987vE",,,,,,,"10","10",400,80,80,,"m44ngqESPVQW9kM8WnDXD5TDWb0aZ5FY","56NWpqkULoxnJRco3jytVpwp1mk4BuSv","legacyData"
"72eaf63d-82cd-4b24-bbba-7cc170dc7f04","DELA_016.basePlot.vst","2015-08-28","D08","DELA","DELA_016","distributed","evergreenForest",32.535808,-87.808003,"WGS84",20.3,424125.89,3600116.23,"16N",22.1,0.5,"vst_DELA_2015","NEON.DOC.000987vE",,,,,,,"10","noneSelected",400,80,400,,"t8vBr06IaSD6dccs94XyeASiM5bqXtQj","56NWpqkULoxnJRco3jytVpwp1mk4BuSv","legacyData"
"3d6c01b2-9138-4346-b155-125dd916cf1a","DELA_001.basePlot.vst","2015-08-31","D08","DELA","DELA_001","distributed","woodyWetlands",32.532061,-87.805436,"WGS84",20.2,424363.81,3599699.03,"16N",35.8,0.4,"vst_DELA_2015","NEON.DOC.000987vE",,,,,,,"noneSelected","noneSelected",400,400,400,,"t8vBr06IaSD6dccs94XyeASiM5bqXtQj","56NWpqkULoxnJRco3jytVpwp1mk4BuSv","legacyData"
"21a58fd1-00c9-46ce-8ae8-15beaa04ff2c","DELA_019.basePlot.vst","2015-08-31","D08","DELA","DELA_019","distributed","woodyWetlands",32.536383,-87.802597,"WGS84",20.1,424634.03,3600176.14,"16N",23.2,0.1,"vst_DELA_2015","NEON.DOC.000987vE",,,,,,,"25","25",400,200,200,,"m44ngqESPVQW9kM8WnDXD5TDWb0aZ5FY","56NWpqkULoxnJRco3jytVpwp1mk4BuSv","legacyData"
