uid,namedLocation,domainID,siteID,plotID,plotType,nlcdClass,decimalLatitude,decimalLongitude,geodeticDatum,coordinateUncertainty,elevation,elevationUncertainty,collectDate,eventID,sampleID,sampleCode,samplingMethod,totalSampledArea,targetTaxaPresent,adultCount,nymphCount,larvaCount,sampleCondition,samplingProtocolVersion,measuredBy,remarks
"5f999389-3ded-4176-aebf-e32924a1eb63","TALL_006.tickPlot.tck","D08","TALL","TALL_006","distributed","evergreenForest",32.899144,-87.444571,"WGS84",20.3,108.6,0.3,"2018-05-03T14:03Z","TALL.2018.18",,,"drag",160,"N",0,0,0,,"NEON.DOC.014045vJ","BDzq2IAJfRwsrXnG+WJfFzkBkbtaDALAaR+O7WZv4cM=",
"65b145dd-8f54-4d89-9561-0f488e1dd10a","TALL_008.tickPlot.tck","D08","TALL","TALL_008","distributed","deciduousForest",32.922874,-87.434097,"WGS84",20.2,127.5,0.2,"2018-05-03T14:28Z","TALL.2018.18","TALL_008.20180503","A00000013492","drag",160,"Y",9,15,0,"No known compromise","NEON.DOC.014045vJ","BDzq2IAJfRwsrXnG+WJfFzkBkbtaDALAaR+O7WZv4cM=",
"f7ef9963-bb64-4a32-8300-8d52c100d1f1","TALL_002.tickPlot.tck","D08","TALL","TALL_002","distributed","mixedForest",32.920823,-87.428955,"WGS84",20.3,104.0,0.4,"2018-05-03T16:44Z","TALL.2018.18","TALL_002.20180503","A00000013500","drag",165,"Y",6,6,0,"No known compromise","NEON.DOC.014045vJ","Ty5ktdGiRSqkqUWm9Npw4JAlXmlUMfF/XyCnO5fUs8Q=",
"7197b1f6-3106-4b09-ba11-9d183edc56f2","TALL_003.tickPlot.tck","D08","TALL","TALL_003","distributed","mixedForest",32.894415,-87.416532,"WGS84",20.2,121.9,0.2,"2018-05-03T18:13Z","TALL.2018.18",,,"drag",155,"N",0,0,0,,"NEON.DOC.014045vJ","5xnpZY6RWQXfIcA73Yt35xUCFBfitt36GhvlLe6b6lWMQTOe3VOuNA==",
"d78a0701-0285-4bdc-a28e-a8ba168a9361","TALL_001.tickPlot.tck","D08","TALL","TALL_001","distributed","deciduousForest",32.976370,-87.432184,"WGS84",20.2,114.6,0.1,"2018-05-03T19:21Z","TALL.2018.18","TALL_001.20180503","B00000003202","drag and flag",160,"Y",2,4,0,"No known compromise","NEON.DOC.014045vJ","71MfCy+FRsto69311gQJvR+pq8mHvc/9aCd1qcCUSbo=",
"c27c2b5f-eb18-434e-8f05-7bcd2aa686a3","TALL_016.tickPlot.tck","D08","TALL","TALL_016","distributed","evergreenForest",32.971553,-87.415845,"WGS84",20.1,138.9,0.1,"2018-05-03T20:34Z","TALL.2018.18","TALL_016.20180503","B00000003220","drag",160,"Y",0,1,0,"No known compromise","NEON.DOC.014045vJ","71MfCy+FRsto69311gQJvR+pq8mHvc/9aCd1qcCUSbo=",
"f1b88f11-9439-4bd4-bbd9-b9ec2d6b61ec","TALL_016.tickPlot.tck","D08","TALL","TALL_016","distributed","evergreenForest",32.971553,-87.415845,"WGS84",20.1,138.9,0.1,"2018-05-22T14:10Z","TALL.2018.21",,,"drag and flag",160,"N",0,0,0,,"NEON.DOC.014045vJ","EKdNizS+3kOSaN4xEB1UW9XHhDFEO0UoYMAU6YiiakM=",
"dd68017d-048c-448f-825c-e42462105e74","TALL_003.tickPlot.tck","D08","TALL","TALL_003","distributed","mixedForest",32.894415,-87.416532,"WGS84",20.2,121.9,0.2,"2018-05-22T15:30Z","TALL.2018.21",,,"drag",160,"N",0,0,0,,"NEON.DOC.014045vJ","ZEw83eKjbdVwmzbrK6rIvBJKEPCDjgcrm+1HylQByNc=",
"1988f129-a86e-4a20-aaa2-f28fb93d7257","TALL_002.tickPlot.tck","D08","TALL","TALL_002","distributed","mixedForest",32.920823,-87.428955,"WGS84",20.3,104.0,0.4,"2018-05-22T15:45Z","TALL.2018.21","TALL_002.20180522","A00000013969","drag",160,"Y",7,12,0,"No known compromise","NEON.DOC.014045vJ","tZXjR/3x7TOk9BDyEWab6q4jll3I6RWtXApcX4/hobo=",
"0f8efb5a-04cd-4666-bc2b-110445d320e6","TALL_006.tickPlot.tck","D08","TALL","TALL_006","distributed","evergreenForest",32.899144,-87.444571,"WGS84",20.3,108.6,0.3,"2018-05-22T16:21Z","TALL.2018.21",,,"drag and flag",155,"N",0,0,0,,"NEON.DOC.014045vJ","5xnpZY6RWQXfIcA73Yt35xUCFBfitt36GhvlLe6b6lWMQTOe3VOuNA==",
"4d7c9b8e-30b5-4bc4-b606-65b7bccb3b81","TALL_008.tickPlot.tck","D08","TALL","TALL_008","distributed","deciduousForest",32.922874,-87.434097,"WGS84",20.2,127.5,0.2,"2018-05-22T16:45Z","TALL.2018.21","TALL_008.20180522","A00000013961","drag",160,"Y",4,15,0,"No known compromise","NEON.DOC.014045vJ","EKdNizS+3kOSaN4xEB1UW9XHhDFEO0UoYMAU6YiiakM=",
"b14842b0-278f-4fc6-a529-eda97a2daab5","TALL_001.tickPlot.tck","D08","TALL","TALL_001","distributed","deciduousForest",32.976370,-87.432184,"WGS84",20.2,114.6,0.1,"2018-05-22T18:45Z","TALL.2018.21","TALL_001.20180522","A00000013958","drag",160,"Y",7,2,0,"Other (described in remarks)","NEON.DOC.014045vJ","tZXjR/3x7TOk9BDyEWab6q4jll3I6RWtXApcX4/hobo=","Some ethanol spilled and an unknown quantity of ticks were lost. Counts reflect known quantity in vial."
