uid,namedLocation,domainID,siteID,plotID,plotType,nlcdClass,decimalLatitude,decimalLongitude,geodeticDatum,coordinateUncertainty,elevation,elevationUncertainty,collectDate,eventID,sampleID,sampleCode,samplingMethod,totalSampledArea,targetTaxaPresent,adultCount,nymphCount,larvaCount,sampleCondition,samplingProtocolVersion,measuredBy,remarks
"de392373-0881-4d11-8a03-1fe96054aca5","DSNY_004.tickPlot.tck","D03","DSNY","DSNY_004","distributed","woodyWetlands",28.101022,-81.399501,"WGS84",20.1,18.7,0.1,"2015-07-10T13:00Z","DSNY.2015.27",,,"drag and flag",160,"N",0,0,,,"NEON.DOC.014045vF","wotzsmcGfDFGz7NWBrAUn7dLZE1v2DNq",
"a8ea0fe3-2bc2-4eb8-820c-37ab83b337e8","DSNY_001.tickPlot.tck","D03","DSNY","DSNY_001","distributed","woodyWetlands",28.098062,-81.418561,"WGS84",20.1,20.3,0.1,"2015-07-10T15:30Z","DSNY.2015.27",,,"drag and flag",160,"N",0,0,,,"NEON.DOC.014045vF","wotzsmcGfDFGz7NWBrAUn7dLZE1v2DNq",
"0a214ea1-352a-4aa7-b364-4fc681c1d06a","DSNY_006.tickPlot.tck","D03","DSNY","DSNY_006","distributed","woodyWetlands",28.093704,-81.398045,"WGS84",20.1,20.1,0.1,"2015-07-10T15:30Z","DSNY.2015.27",,,"drag and flag",152,"N",0,0,,,"NEON.DOC.014045vF","IaXfrbXr6GQAKfG/Thmkj2xXG2gxDgR+",
"05e692de-80ba-4e5a-a385-e7d81453be0f","DSNY_008.tickPlot.tck","D03","DSNY","DSNY_008","distributed","woodyWetlands",28.047337,-81.403204,"WGS84",20.1,18.8,0.1,"2015-07-10T16:30Z","DSNY.2015.27",,,"drag and flag",130,"N",0,0,,,"NEON.DOC.014045vF","IaXfrbXr6GQAKfG/Thmkj2xXG2gxDgR+",
"dd0e88c8-2a13-4f8b-ba46-9fa35ed7927a","DSNY_014.tickPlot.tck","D03","DSNY","DSNY_014","distributed","woodyWetlands",28.063947,-81.427139,"WGS84",20.2,17.7,0.2,"2015-07-10T18:15Z","DSNY.2015.27",,,"drag and flag",160,"N",0,0,,,"NEON.DOC.014045vF","IaXfrbXr6GQAKfG/Thmkj2xXG2gxDgR+","Not sampled; rainfall began at arrival to plot"
