uid,namedLocation,domainID,siteID,plotID,plotType,nlcdClass,decimalLatitude,decimalLongitude,geodeticDatum,coordinateUncertainty,elevation,elevationUncertainty,collectDate,eventID,sampleID,sampleCode,samplingMethod,totalSampledArea,targetTaxaPresent,adultCount,nymphCount,larvaCount,sampleCondition,samplingProtocolVersion,measuredBy,remarks
"e1f98b30-12d8-4a28-9d79-d158709203ea","MOAB_003.tickPlot.tck","D13","MOAB","MOAB_003","distributed","evergreenForest",38.261626,-109.347802,"WGS84",20.2,2013.4,0.5,"2016-10-20T15:45Z","MOAB.2016.42",,,"drag and flag",168,"N",0,0,0,"No known compromise","NEON.DOC.014045vG","Ymvu50svVai947RgaYoGNGTwjbYtyuA7",
"aa108001-daba-4bd1-bb8e-1bf8c24e5152","MOAB_005.tickPlot.tck","D13","MOAB","MOAB_005","distributed","shrubScrub",38.210851,-109.402026,"WGS84",20.1,1763.5,0.1,"2016-10-20T18:15Z","MOAB.2016.42",,,"drag and flag",163,"N",0,0,0,"No known compromise","NEON.DOC.014045vG","wcMB+uWhN6DlxgYb80zZ5eNIhcO7pIW7",
"ec150e76-b53a-4963-bdd8-dbdb1163f9e2","MOAB_002.tickPlot.tck","D13","MOAB","MOAB_002","distributed","shrubScrub",38.211659,-109.413380,"WGS84",20.1,1770.3,0.1,"2016-10-20T19:07Z","MOAB.2016.42",,,"drag and flag",160,"N",0,0,0,"No known compromise","NEON.DOC.014045vG","sxK1eMW53CxRI/0OI2rpx5YWCMgwt0VV",
"4a36d0cd-a1a2-44e3-b196-f76a737f7fd9","MOAB_006.tickPlot.tck","D13","MOAB","MOAB_006","distributed","shrubScrub",38.235080,-109.406067,"WGS84",20.1,1759.8,0.1,"2016-10-20T20:11Z","MOAB.2016.42",,,"drag and flag",174,"N",0,0,0,"No known compromise","NEON.DOC.014045vG","Ymvu50svVai947RgaYoGNGTwjbYtyuA7",
"3b11bfac-5364-45c2-a517-466378619b57","MOAB_004.tickPlot.tck","D13","MOAB","MOAB_004","distributed","shrubScrub",38.234505,-109.398111,"WGS84",20.1,1763.9,0.1,"2016-10-20T20:40Z","MOAB.2016.42",,,"drag and flag",162,"N",0,0,0,"No known compromise","NEON.DOC.014045vG","wcMB+uWhN6DlxgYb80zZ5eNIhcO7pIW7",
"bae2d66b-e417-4dcf-8a1f-9e4debea4a36","MOAB_001.tickPlot.tck","D13","MOAB","MOAB_001","distributed","shrubScrub",38.258888,-109.413897,"WGS84",20.1,1804.0,0.1,"2016-10-20T21:40Z","MOAB.2016.42",,,"drag and flag",168,"N",0,0,0,"No known compromise","NEON.DOC.014045vG","wcMB+uWhN6DlxgYb80zZ5eNIhcO7pIW7",
