uid,namedLocation,domainID,siteID,plotID,plotType,nlcdClass,decimalLatitude,decimalLongitude,geodeticDatum,coordinateUncertainty,elevation,elevationUncertainty,collectDate,eventID,sampleID,sampleCode,samplingMethod,totalSampledArea,targetTaxaPresent,adultCount,nymphCount,larvaCount,sampleCondition,samplingProtocolVersion,measuredBy,remarks
"6a630cde-b82e-4bb1-a812-432466bfa144","SERC_002.tickPlot.tck","D02","SERC","SERC_002","distributed","deciduousForest",38.896262,-76.558166,"WGS84",20.2,17.0,0.3,"2015-06-08T16:01Z","SERC.2015.23","SERC_002.20150608",,"drag and flag",169,"Y",4,58,,"No known compromise","NEON.DOC.014045vF","2CALKs4JNjk+tMAh26AM0ZesYYr5rMVo",
"0957a908-6d57-48f0-a20f-3a4f20e59e86","SERC_005.tickPlot.tck","D02","SERC","SERC_005","distributed","deciduousForest",38.894060,-76.546307,"WGS84",20.3,8.5,0.5,"2015-06-08T18:35Z","SERC.2015.23","SERC_005.20150608",,"drag and flag",169,"Y",2,12,,"No known compromise","NEON.DOC.014045vF","2CALKs4JNjk+tMAh26AM0ZesYYr5rMVo",
"84c6b076-b6b4-4625-a6a8-8f315cf06555","SERC_023.tickPlot.tck","D02","SERC","SERC_023","distributed","cultivatedCrops",38.873978,-76.535925,"WGS84",20.1,6.7,0.1,"2015-06-10T13:20Z","SERC.2015.23","SERC_023.20150610",,"drag",162,"Y",0,1,,"No known compromise","NEON.DOC.014045vF","2CALKs4JNjk+tMAh26AM0ZesYYr5rMVo",
"57f55f86-8bff-4b46-a034-cd14cf4bebd7","SERC_001.tickPlot.tck","D02","SERC","SERC_001","distributed","deciduousForest",38.868186,-76.535306,"WGS84",20.2,2.1,0.2,"2015-06-10T14:14Z","SERC.2015.23","SERC_001.20150610",,"drag and flag",161,"Y",3,22,,"No known compromise","NEON.DOC.014045vF","2CALKs4JNjk+tMAh26AM0ZesYYr5rMVo",
"ffb0d5a7-d307-43f8-a789-1eaa6b818f3f","SERC_012.tickPlot.tck","D02","SERC","SERC_012","distributed","deciduousForest",38.880010,-76.561648,"WGS84",20.2,20.1,0.2,"2015-06-10T15:13Z","SERC.2015.23","SERC_012.20150610",,"drag",164,"Y",0,18,,"No known compromise","NEON.DOC.014045vF","2CALKs4JNjk+tMAh26AM0ZesYYr5rMVo",
"ab1a8abf-2ef1-4737-b3c3-e4a734f9854e","SERC_006.tickPlot.tck","D02","SERC","SERC_006","distributed","deciduousForest",38.880025,-76.548376,"WGS84",20.2,2.6,0.3,"2015-06-10T16:57Z","SERC.2015.23","SERC_006.20150610",,"drag and flag",161,"Y",2,22,,"No known compromise","NEON.DOC.014045vF","2CALKs4JNjk+tMAh26AM0ZesYYr5rMVo",
"08d26cba-a4b1-4fef-b0e3-e50f460255b8","SERC_006.tickPlot.tck","D02","SERC","SERC_006","distributed","deciduousForest",38.880025,-76.548376,"WGS84",20.2,2.6,0.3,"2015-06-29T16:39Z","SERC.2015.26","SERC_006.20150629",,"drag and flag",162,"Y",1,22,4,"No known compromise","NEON.DOC.014045vF","fhqXNoOkfxgX2h02muvP11Fl/AXBdM0Q1u8a+qeHrI0=",
"008387e7-5dda-49c6-a978-586ffe64dd40","SERC_005.tickPlot.tck","D02","SERC","SERC_005","distributed","deciduousForest",38.894060,-76.546307,"WGS84",20.3,8.5,0.5,"2015-06-29T17:55Z","SERC.2015.26","SERC_005.20150629",,"drag and flag",162,"Y",0,9,,"No known compromise","NEON.DOC.014045vF","wYCqaZcA+7u27D51Jl1kBrbZnYGv2DDh",
"28289491-672d-451e-8544-31fa33e86bd5","SERC_002.tickPlot.tck","D02","SERC","SERC_002","distributed","deciduousForest",38.896262,-76.558166,"WGS84",20.2,17.0,0.3,"2015-06-29T19:11Z","SERC.2015.26","SERC_002.20150629",,"drag and flag",164,"Y",0,77,,"No known compromise","NEON.DOC.014045vF","fhqXNoOkfxgX2h02muvP11Fl/AXBdM0Q1u8a+qeHrI0=",
"858fc9a2-a6ad-408f-8344-af8c4e48d880","SERC_012.tickPlot.tck","D02","SERC","SERC_012","distributed","deciduousForest",38.880010,-76.561648,"WGS84",20.2,20.1,0.2,"2015-06-29T20:46Z","SERC.2015.26","SERC_012.20150629",,"drag",160,"Y",1,19,,"No known compromise","NEON.DOC.014045vF","wYCqaZcA+7u27D51Jl1kBrbZnYGv2DDh",
"ce4ba214-4967-41fc-9671-f42fb8195d65","SERC_001.tickPlot.tck","D02","SERC","SERC_001","distributed","deciduousForest",38.868186,-76.535306,"WGS84",20.2,2.1,0.2,"2015-06-30T13:08Z","SERC.2015.26","SERC_001.20150630",,"drag and flag",162,"Y",2,19,4,"No known compromise","NEON.DOC.014045vF","wYCqaZcA+7u27D51Jl1kBrbZnYGv2DDh",
"9bd58463-7a49-4dc0-9de5-051360df30c5","SERC_023.tickPlot.tck","D02","SERC","SERC_023","distributed","cultivatedCrops",38.873978,-76.535925,"WGS84",20.1,6.7,0.1,"2015-06-30T14:30Z","SERC.2015.26","SERC_023.20150630",,"drag",150,"Y",0,0,1,"No known compromise","NEON.DOC.014045vF","fhqXNoOkfxgX2h02muvP11Fl/AXBdM0Q1u8a+qeHrI0=",
