uid,namedLocation,plotID,collectDate,identifiedDate,sampleID,subsampleID,scientificName,acceptedTaxonID,taxonRank,family,subfamily,tribe,subtribe,genus,subgenus,specificEpithet,infraspecificEpithet,identificationQualifier,identificationReferences,identificationProtocolVersion,scientificNameAuthorship,sexOrAge,individualCount,sampleCondition,archiveMedium,archiveFacilityID,deprecatedVialID,identifiedBy,laboratoryName,remarks
"8e93b100-421d-49d5-8cf1-c806c3ca0f8e","SERC_002.tickPlot.tck","SERC_002","2015-06-08T16:01Z","2016-10-17T16:00Z","SERC_002.20150608","SERC_002.20150608.AMBAME.M","Amblyomma americanum","AMBAME","species","Ixodidae",,,,"Amblyomma",,"americanum",,,"Cooley, R. A. and G. M. Kohls. 1944. The genus Amblyomma (ixodidae) in the United States. The Journal of Parasitology, 30(2):77-111.","GSU_tickIdentification_SOP_2016-11-01.pdf","Linnaeus","Male",2,"OK","90% ethanol","USNMENT00865183","SERC_002.20150608.3.01.male","L. Beati","Georgia Southern University",
"84cb00a3-5a1b-4d62-8c4a-11d15d331131","SERC_002.tickPlot.tck","SERC_002","2015-06-08T16:01Z","2016-10-17T16:00Z","SERC_002.20150608","SERC_002.20150608.IXOSCA.M","Ixodes scapularis","IXOSCA","species","Ixodidae",,,,"Ixodes",,"scapularis",,,"Keirans, J. E., and C. M. Clifford. 1978. The genus Ixodes in the United States: a scanning electron microscope study and key to the adults. Journal of Medical Entomology, 15(Supplement 2):1-38.","GSU_tickIdentification_SOP_2016-11-01.pdf","Say","Male",1,"OK","90% ethanol","USNMENT00865108","SERC_002.20150608.3.01.male","L. Beati","Georgia Southern University",
"d63b4ce6-697a-478d-97ce-1b6a7ba18980","SERC_002.tickPlot.tck","SERC_002","2015-06-08T16:01Z","2016-10-17T16:00Z","SERC_002.20150608","SERC_002.20150608.AMBAME.N","Amblyomma americanum","AMBAME","species","Ixodidae",,,,"Amblyomma",,"americanum",,,"Cooley, R. A. and G. M. Kohls. 1944. The genus Amblyomma (ixodidae) in the United States. The Journal of Parasitology, 30(2):77-111.","GSU_tickIdentification_SOP_2016-11-01.pdf","Linnaeus","Nymph",29,"OK","90% ethanol","USNMENT00865211","SERC_002.20150608.3.01.nymph","L. Beati","Georgia Southern University",
"5d80f686-dace-4b4f-a0cf-d63767925cbd","SERC_002.tickPlot.tck","SERC_002","2015-06-08T16:01Z","2016-10-17T16:00Z","SERC_002.20150608","SERC_002.20150608.IXOSCA.N","Ixodes scapularis","IXOSCA","species","Ixodidae",,,,"Ixodes",,"scapularis",,,"Keirans, J. E., and C. M. Clifford. 1978. The genus Ixodes in the United States: a scanning electron microscope study and key to the adults. Journal of Medical Entomology, 15(Supplement 2):1-38.","GSU_tickIdentification_SOP_2016-11-01.pdf","Say","Nymph",26,"OK","90% ethanol","USNMENT00865184","SERC_002.20150608.3.01.nymph","L. Beati","Georgia Southern University",
"dd72b243-0e84-4b02-85fe-626163509c91","SERC_002.tickPlot.tck","SERC_002","2015-06-08T16:01Z","2016-10-17T16:00Z","SERC_002.20150608","SERC_002.20150608.AMBAME.F","Amblyomma americanum","AMBAME","species","Ixodidae",,,,"Amblyomma",,"americanum",,,"Cooley, R. A. and G. M. Kohls. 1944. The genus Amblyomma (ixodidae) in the United States. The Journal of Parasitology, 30(2):77-111.","GSU_tickIdentification_SOP_2016-11-01.pdf","Linnaeus","Female",1,"OK","90% ethanol","USNMENT00862258","SERC_002.20150608.3.01.female","L. Beati","Georgia Southern University",
"73dd7e4c-414a-412c-be9c-aa6fbb8005e0","SERC_005.tickPlot.tck","SERC_005","2015-06-08T18:35Z","2016-10-17T16:00Z","SERC_005.20150608","SERC_005.20150608.IXOSCA.N","Ixodes scapularis","IXOSCA","species","Ixodidae",,,,"Ixodes",,"scapularis",,,"Keirans, J. E., and C. M. Clifford. 1978. The genus Ixodes in the United States: a scanning electron microscope study and key to the adults. Journal of Medical Entomology, 15(Supplement 2):1-38.","GSU_tickIdentification_SOP_2016-11-01.pdf","Say","Nymph",8,"OK","90% ethanol","USNMENT00865080","SERC_005.20150608.3.01.nymph","L. Beati","Georgia Southern University",
"9aa5e550-d766-4048-9af8-d6de2d5384ec","SERC_005.tickPlot.tck","SERC_005","2015-06-08T18:35Z","2016-10-17T16:00Z","SERC_005.20150608","SERC_005.20150608.AMBAME.N","Amblyomma americanum","AMBAME","species","Ixodidae",,,,"Amblyomma",,"americanum",,,"Cooley, R. A. and G. M. Kohls. 1944. The genus Amblyomma (ixodidae) in the United States. The Journal of Parasitology, 30(2):77-111.","GSU_tickIdentification_SOP_2016-11-01.pdf","Linnaeus","Nymph",4,"OK","90% ethanol","USNMENT00865081","SERC_005.20150608.3.01.nymph","L. Beati","Georgia Southern University",
"afddb572-97cd-4c98-a3d4-5c4af678f80d","SERC_005.tickPlot.tck","SERC_005","2015-06-08T18:35Z","2016-10-17T16:00Z","SERC_005.20150608","SERC_005.20150608.AMBAME.M","Amblyomma americanum","AMBAME","species","Ixodidae",,,,"Amblyomma",,"americanum",,,"Cooley, R. A. and G. M. Kohls. 1944. The genus Amblyomma (ixodidae) in the United States. The Journal of Parasitology, 30(2):77-111.","GSU_tickIdentification_SOP_2016-11-01.pdf","Linnaeus","Male",1,"OK","90% ethanol","USNMENT00865399","SERC_005.20150608.3.01.male","L. Beati","Georgia Southern University",
"4f5bb437-ef1b-44f3-ad1f-9d308bb33dc9","SERC_005.tickPlot.tck","SERC_005","2015-06-08T18:35Z","2016-10-17T16:00Z","SERC_005.20150608","SERC_005.20150608.AMBAME.F","Amblyomma americanum","AMBAME","species","Ixodidae",,,,"Amblyomma",,"americanum",,,"Cooley, R. A. and G. M. Kohls. 1944. The genus Amblyomma (ixodidae) in the United States. The Journal of Parasitology, 30(2):77-111.","GSU_tickIdentification_SOP_2016-11-01.pdf","Linnaeus","Female",1,"OK","90% ethanol","USNMENT00862259","SERC_005.20150608.3.01.female","L. Beati","Georgia Southern University",
"e067224e-2f1e-4175-95bb-395dd47f7674","SERC_023.tickPlot.tck","SERC_023","2015-06-10T13:20Z","2016-10-19T16:00Z","SERC_023.20150610","SERC_023.20150610.AMBAME.N","Amblyomma americanum","AMBAME","species","Ixodidae",,,,"Amblyomma",,"americanum",,,"Cooley, R. A. and G. M. Kohls. 1944. The genus Amblyomma (ixodidae) in the United States. The Journal of Parasitology, 30(2):77-111.","GSU_tickIdentification_SOP_2016-11-01.pdf","Linnaeus","Nymph",1,"OK","90% ethanol","USNMENT00865111","SERC_023.20150610.3.01.nymph","L. Beati","Georgia Southern University",
"2808366b-d24d-4bbc-a0e3-f7eee0f0f7ad","SERC_001.tickPlot.tck","SERC_001","2015-06-10T14:14Z","2016-10-19T16:00Z","SERC_001.20150610","SERC_001.20150610.AMBAME.N","Amblyomma americanum","AMBAME","species","Ixodidae",,,,"Amblyomma",,"americanum",,,"Cooley, R. A. and G. M. Kohls. 1944. The genus Amblyomma (ixodidae) in the United States. The Journal of Parasitology, 30(2):77-111.","GSU_tickIdentification_SOP_2016-11-01.pdf","Linnaeus","Nymph",13,"OK","90% ethanol","USNMENT00865106","SERC_001.20150610.3.01.nymph","L. Beati","Georgia Southern University",
"7f6873e2-e0b8-459b-9caf-2e4101561f4b","SERC_001.tickPlot.tck","SERC_001","2015-06-10T14:14Z","2016-10-19T16:00Z","SERC_001.20150610","SERC_001.20150610.IXOSCA.N","Ixodes scapularis","IXOSCA","species","Ixodidae",,,,"Ixodes",,"scapularis",,,"Keirans, J. E., and C. M. Clifford. 1978. The genus Ixodes in the United States: a scanning electron microscope study and key to the adults. Journal of Medical Entomology, 15(Supplement 2):1-38.","GSU_tickIdentification_SOP_2016-11-01.pdf","Say","Nymph",11,"OK","90% ethanol","USNMENT00865107","SERC_001.20150610.3.01.nymph","L. Beati","Georgia Southern University",
"02ff26f7-b941-48cc-a413-16a74d681938","SERC_001.tickPlot.tck","SERC_001","2015-06-10T14:14Z","2016-10-19T16:00Z","SERC_001.20150610","SERC_001.20150610.DERVAR.F","Dermacentor variabilis","DERVAR","species","Ixodidae",,,,"Dermacentor",,"variabilis",,,"Yunker, C. E., Keirans, J. E., Clifford, C. M., and E. R. Easton. 1986. Dermacentor ticks (Acari: Ixodoidea: Ixodidae) of the New World: a scanning electron microscope atlas. Proceedings of the Entomological Society of Washington, 88(4):609-627.","GSU_tickIdentification_SOP_2016-11-01.pdf","Say","Female",1,"OK","90% ethanol","USNMENT00865110","SERC_001.20150610.3.01.female","L. Beati","Georgia Southern University",
"f7ee1673-c9af-430f-9ffe-1505b76f8a94","SERC_001.tickPlot.tck","SERC_001","2015-06-10T14:14Z","2016-10-17T16:00Z","SERC_001.20150610","SERC_001.20150610.AMBAME.M","Amblyomma americanum","AMBAME","species","Ixodidae",,,,"Amblyomma",,"americanum",,,"Cooley, R. A. and G. M. Kohls. 1944. The genus Amblyomma (ixodidae) in the United States. The Journal of Parasitology, 30(2):77-111.","GSU_tickIdentification_SOP_2016-11-01.pdf","Linnaeus","Male",2,"OK","90% ethanol","USNMENT00865105","SERC_001.20150610.3.01.male","L. Beati","Georgia Southern University",
"a3de98de-6f58-4fd8-80c7-35e34c147bf6","SERC_012.tickPlot.tck","SERC_012","2015-06-10T15:13Z","2016-10-19T16:00Z","SERC_012.20150610","SERC_012.20150610.IXOSCA.N","Ixodes scapularis","IXOSCA","species","Ixodidae",,,,"Ixodes",,"scapularis",,,"Keirans, J. E., and C. M. Clifford. 1978. The genus Ixodes in the United States: a scanning electron microscope study and key to the adults. Journal of Medical Entomology, 15(Supplement 2):1-38.","GSU_tickIdentification_SOP_2016-11-01.pdf","Say","Nymph",15,"OK","90% ethanol","USNMENT00865429","SERC_012.20150610.3.01.nymph","L. Beati","Georgia Southern University",
"1fb0b3ad-117e-4f6c-b745-982f148b697f","SERC_012.tickPlot.tck","SERC_012","2015-06-10T15:13Z","2016-10-19T16:00Z","SERC_012.20150610","SERC_012.20150610.AMBAME.N","Amblyomma americanum","AMBAME","species","Ixodidae",,,,"Amblyomma",,"americanum",,,"Cooley, R. A. and G. M. Kohls. 1944. The genus Amblyomma (ixodidae) in the United States. The Journal of Parasitology, 30(2):77-111.","GSU_tickIdentification_SOP_2016-11-01.pdf","Linnaeus","Nymph",4,"OK","90% ethanol","USNMENT00865428","SERC_012.20150610.3.01.nymph","L. Beati","Georgia Southern University",
"cefe73ba-e20c-4f3f-8e95-b7973c533d1d","SERC_006.tickPlot.tck","SERC_006","2015-06-10T16:57Z","2016-10-17T16:00Z","SERC_006.20150610","SERC_006.20150610.AMBAME.N","Amblyomma americanum","AMBAME","species","Ixodidae",,,,"Amblyomma",,"americanum",,,"Cooley, R. A. and G. M. Kohls. 1944. The genus Amblyomma (ixodidae) in the United States. The Journal of Parasitology, 30(2):77-111.","GSU_tickIdentification_SOP_2016-11-01.pdf","Linnaeus","Nymph",10,"OK","90% ethanol","USNMENT00865299","SERC_006.20150610.3.01.nymph","L. Beati","Georgia Southern University",
"372a311a-757f-4429-a5ac-6ff015b6882c","SERC_006.tickPlot.tck","SERC_006","2015-06-10T16:57Z","2016-10-17T16:00Z","SERC_006.20150610","SERC_006.20150610.AMBAME.M","Amblyomma americanum","AMBAME","species","Ixodidae",,,,"Amblyomma",,"americanum",,,"Cooley, R. A. and G. M. Kohls. 1944. The genus Amblyomma (ixodidae) in the United States. The Journal of Parasitology, 30(2):77-111.","GSU_tickIdentification_SOP_2016-11-01.pdf","Linnaeus","Male",2,"OK","90% ethanol","USNMENT00865298","SERC_006.20150610.3.01.male","L. Beati","Georgia Southern University",
"cccd65e0-5981-4608-b8e0-8b0dde5fde93","SERC_006.tickPlot.tck","SERC_006","2015-06-10T16:57Z","2016-10-17T16:00Z","SERC_006.20150610","SERC_006.20150610.IXOSCA.N","Ixodes scapularis","IXOSCA","species","Ixodidae",,,,"Ixodes",,"scapularis",,,"Keirans, J. E., and C. M. Clifford. 1978. The genus Ixodes in the United States: a scanning electron microscope study and key to the adults. Journal of Medical Entomology, 15(Supplement 2):1-38.","GSU_tickIdentification_SOP_2016-11-01.pdf","Say","Nymph",18,"OK","90% ethanol","USNMENT00865180","SERC_006.20150610.3.01.nymph","L. Beati","Georgia Southern University",
"e833f862-3c41-4cc6-89b2-5f85bfff17a9","SERC_012.tickPlot.tck","SERC_012","2015-06-29T20:46Z","2016-10-19T16:00Z","SERC_012.20150629","SERC_012.20150629.AMBAME.M","Amblyomma americanum","AMBAME","species","Ixodidae",,,,"Amblyomma",,"americanum",,,"Cooley, R. A. and G. M. Kohls. 1944. The genus Amblyomma (ixodidae) in the United States. The Journal of Parasitology, 30(2):77-111.","GSU_tickIdentification_SOP_2016-11-01.pdf","Linnaeus","Male",1,"OK","90% ethanol","USNMENT00865375","SERC_012.20150629.4.01.male","L. Beati","Georgia Southern University",
"10ca32b4-15b1-454e-a458-ad409313242b","SERC_012.tickPlot.tck","SERC_012","2015-06-29T20:46Z","2016-10-19T16:00Z","SERC_012.20150629","SERC_012.20150629.AMBAME.N","Amblyomma americanum","AMBAME","species","Ixodidae",,,,"Amblyomma",,"americanum",,,"Cooley, R. A. and G. M. Kohls. 1944. The genus Amblyomma (ixodidae) in the United States. The Journal of Parasitology, 30(2):77-111.","GSU_tickIdentification_SOP_2016-11-01.pdf","Linnaeus","Nymph",4,"OK","90% ethanol","USNMENT00865376","SERC_012.20150629.4.01.nymph","L. Beati","Georgia Southern University",
"dc0dfceb-41b9-44e1-a2a8-b35a76e574ac","SERC_012.tickPlot.tck","SERC_012","2015-06-29T20:46Z","2016-10-19T16:00Z","SERC_012.20150629","SERC_012.20150629.IXOSCA.N","Ixodes scapularis","IXOSCA","species","Ixodidae",,,,"Ixodes",,"scapularis",,,"Keirans, J. E., and C. M. Clifford. 1978. The genus Ixodes in the United States: a scanning electron microscope study and key to the adults. Journal of Medical Entomology, 15(Supplement 2):1-38.","GSU_tickIdentification_SOP_2016-11-01.pdf","Say","Nymph",15,"OK","90% ethanol","USNMENT00865377","SERC_012.20150629.4.01.nymph","L. Beati","Georgia Southern University",
"b34160ed-aaff-472b-b225-562e04314824","SERC_001.tickPlot.tck","SERC_001","2015-06-30T13:08Z","2016-10-19T16:00Z","SERC_001.20150630","SERC_001.20150630.AMBAME.M","Amblyomma americanum","AMBAME","species","Ixodidae",,,,"Amblyomma",,"americanum",,,"Cooley, R. A. and G. M. Kohls. 1944. The genus Amblyomma (ixodidae) in the United States. The Journal of Parasitology, 30(2):77-111.","GSU_tickIdentification_SOP_2016-11-01.pdf","Linnaeus","Male",1,"OK","90% ethanol","USNMENT00865093","SERC_001.20150630.4.01.male","L. Beati","Georgia Southern University",
"cdc8b7f1-52e0-4701-a8d2-06297dbb6491","SERC_001.tickPlot.tck","SERC_001","2015-06-30T13:08Z","2016-10-19T16:00Z","SERC_001.20150630","SERC_001.20150630.AMBAME.N","Amblyomma americanum","AMBAME","species","Ixodidae",,,,"Amblyomma",,"americanum",,,"Cooley, R. A. and G. M. Kohls. 1944. The genus Amblyomma (ixodidae) in the United States. The Journal of Parasitology, 30(2):77-111.","GSU_tickIdentification_SOP_2016-11-01.pdf","Linnaeus","Nymph",13,"OK","90% ethanol","USNMENT00865145","SERC_001.20150630.4.01.nymph","L. Beati","Georgia Southern University",
"d0bde2ee-61e6-4e83-913a-3bf5977a546e","SERC_001.tickPlot.tck","SERC_001","2015-06-30T13:08Z","2016-10-19T16:00Z","SERC_001.20150630","SERC_001.20150630.IXOSP.L","Ixodidae sp.","IXOSP","family","Ixodidae",,,,,,"sp.",,,,"GSU_tickIdentification_SOP_2016-11-01.pdf",,"Larva",1,"OK","90% ethanol","USNMENT00865094","SERC_001.20150630.4.01.larvae","L. Beati","Georgia Southern University",
"aaf210ca-0cbb-439f-a58d-fae6bc4c7c06","SERC_001.tickPlot.tck","SERC_001","2015-06-30T13:08Z","2016-10-19T16:00Z","SERC_001.20150630","SERC_001.20150630.AMBAME.F","Amblyomma americanum","AMBAME","species","Ixodidae",,,,"Amblyomma",,"americanum",,,"Cooley, R. A. and G. M. Kohls. 1944. The genus Amblyomma (ixodidae) in the United States. The Journal of Parasitology, 30(2):77-111.","GSU_tickIdentification_SOP_2016-11-01.pdf","Linnaeus","Female",1,"OK","90% ethanol","USNMENT00862236","SERC_001.20150630.4.01.female","L. Beati","Georgia Southern University",
"82fa7456-5941-47c6-b6d7-86d47e7da392","SERC_001.tickPlot.tck","SERC_001","2015-06-30T13:08Z","2016-10-19T16:00Z","SERC_001.20150630","SERC_001.20150630.IXOSCA.N","Ixodes scapularis","IXOSCA","species","Ixodidae",,,,"Ixodes",,"scapularis",,,"Keirans, J. E., and C. M. Clifford. 1978. The genus Ixodes in the United States: a scanning electron microscope study and key to the adults. Journal of Medical Entomology, 15(Supplement 2):1-38.","GSU_tickIdentification_SOP_2016-11-01.pdf","Say","Nymph",7,"OK","90% ethanol","USNMENT00865146","SERC_001.20150630.4.01.nymph","L. Beati","Georgia Southern University",
