uid,namedLocation,plotID,collectDate,identifiedDate,sampleID,subsampleID,scientificName,acceptedTaxonID,taxonRank,family,subfamily,tribe,subtribe,genus,subgenus,specificEpithet,infraspecificEpithet,identificationQualifier,identificationReferences,identificationProtocolVersion,scientificNameAuthorship,sexOrAge,individualCount,sampleCondition,archiveMedium,archiveFacilityID,deprecatedVialID,identifiedBy,laboratoryName,remarks
"81727263-9ece-4a0f-80aa-2937a0a59e5e","WOOD_009.tickPlot.tck","WOOD_009","2014-06-03T16:22Z","2015-02-23T17:00Z","WOOD_009.20140603","WOOD_009.20140603.DERVAR.F","Dermacentor variabilis","DERVAR","species","Ixodidae",,,,"Dermacentor",,"variabilis",,,"Yunker, C. E., Keirans, J. E., Clifford, C. M., and E. R. Easton. 1986. Dermacentor ticks (Acari: Ixodoidea: Ixodidae) of the New World: a scanning electron microscope atlas. Proceedings of the Entomological Society of Washington, 88(4):609-627.","GSU_tickIdentification_SOP_2016-11-01.pdf","Say","Female",2,"OK","90% ethanol","125345",,"Philip Panhorst","Georgia Southern University",
"bfb79782-cca7-4766-9d06-d614978fb36a","WOOD_009.tickPlot.tck","WOOD_009","2014-06-03T16:22Z","2015-02-23T17:00Z","WOOD_009.20140603","WOOD_009.20140603.DERVAR.M","Dermacentor variabilis","DERVAR","species","Ixodidae",,,,"Dermacentor",,"variabilis",,,"Yunker, C. E., Keirans, J. E., Clifford, C. M., and E. R. Easton. 1986. Dermacentor ticks (Acari: Ixodoidea: Ixodidae) of the New World: a scanning electron microscope atlas. Proceedings of the Entomological Society of Washington, 88(4):609-627.","GSU_tickIdentification_SOP_2016-11-01.pdf","Say","Male",1,"OK","90% ethanol","125345",,"Philip Panhorst","Georgia Southern University",
"5aa50dc9-c6f4-4c69-abaa-a26d07156878","WOOD_002.tickPlot.tck","WOOD_002","2014-06-03T17:05Z","2015-02-23T17:00Z","WOOD_002.20140603","WOOD_002.20140603.DERVAR.M","Dermacentor variabilis","DERVAR","species","Ixodidae",,,,"Dermacentor",,"variabilis",,,"Yunker, C. E., Keirans, J. E., Clifford, C. M., and E. R. Easton. 1986. Dermacentor ticks (Acari: Ixodoidea: Ixodidae) of the New World: a scanning electron microscope atlas. Proceedings of the Entomological Society of Washington, 88(4):609-627.","GSU_tickIdentification_SOP_2016-11-01.pdf","Say","Male",2,"OK","90% ethanol","125335",,"Philip Panhorst","Georgia Southern University",
"475d9f80-04fa-4632-b543-a3c3799f4211","WOOD_002.tickPlot.tck","WOOD_002","2014-06-03T17:05Z","2015-02-23T17:00Z","WOOD_002.20140603","WOOD_002.20140603.DERVAR.F","Dermacentor variabilis","DERVAR","species","Ixodidae",,,,"Dermacentor",,"variabilis",,,"Yunker, C. E., Keirans, J. E., Clifford, C. M., and E. R. Easton. 1986. Dermacentor ticks (Acari: Ixodoidea: Ixodidae) of the New World: a scanning electron microscope atlas. Proceedings of the Entomological Society of Washington, 88(4):609-627.","GSU_tickIdentification_SOP_2016-11-01.pdf","Say","Female",3,"OK","90% ethanol","125335",,"Philip Panhorst","Georgia Southern University",
"0114e3be-abb6-46e8-a527-2b8897ad8580","WOOD_006.tickPlot.tck","WOOD_006","2014-06-03T17:50Z","2015-02-23T17:00Z","WOOD_006.20140603","WOOD_006.20140603.DERVAR.F","Dermacentor variabilis","DERVAR","species","Ixodidae",,,,"Dermacentor",,"variabilis",,,"Yunker, C. E., Keirans, J. E., Clifford, C. M., and E. R. Easton. 1986. Dermacentor ticks (Acari: Ixodoidea: Ixodidae) of the New World: a scanning electron microscope atlas. Proceedings of the Entomological Society of Washington, 88(4):609-627.","GSU_tickIdentification_SOP_2016-11-01.pdf","Say","Female",8,"OK","90% ethanol","125338",,"Philip Panhorst","Georgia Southern University",
"a17a32bc-86ab-4809-9990-a20b6d5fde59","WOOD_006.tickPlot.tck","WOOD_006","2014-06-03T17:50Z","2015-02-23T17:00Z","WOOD_006.20140603","WOOD_006.20140603.DERVAR.M","Dermacentor variabilis","DERVAR","species","Ixodidae",,,,"Dermacentor",,"variabilis",,,"Yunker, C. E., Keirans, J. E., Clifford, C. M., and E. R. Easton. 1986. Dermacentor ticks (Acari: Ixodoidea: Ixodidae) of the New World: a scanning electron microscope atlas. Proceedings of the Entomological Society of Washington, 88(4):609-627.","GSU_tickIdentification_SOP_2016-11-01.pdf","Say","Male",4,"OK","90% ethanol","125338",,"Philip Panhorst","Georgia Southern University",
"04c0f5a2-1d2f-4488-85b7-f0e1bd1acaee","WOOD_007.tickPlot.tck","WOOD_007","2014-06-03T18:48Z","2015-02-23T17:00Z","WOOD_007.20140603","WOOD_007.20140603.DERVAR.M","Dermacentor variabilis","DERVAR","species","Ixodidae",,,,"Dermacentor",,"variabilis",,,"Yunker, C. E., Keirans, J. E., Clifford, C. M., and E. R. Easton. 1986. Dermacentor ticks (Acari: Ixodoidea: Ixodidae) of the New World: a scanning electron microscope atlas. Proceedings of the Entomological Society of Washington, 88(4):609-627.","GSU_tickIdentification_SOP_2016-11-01.pdf","Say","Male",7,"OK","90% ethanol","125341",,"Philip Panhorst","Georgia Southern University",
"52177732-cf38-4009-aaeb-bd623ecd7318","WOOD_007.tickPlot.tck","WOOD_007","2014-06-03T18:48Z","2015-02-23T17:00Z","WOOD_007.20140603","WOOD_007.20140603.DERVAR.F","Dermacentor variabilis","DERVAR","species","Ixodidae",,,,"Dermacentor",,"variabilis",,,"Yunker, C. E., Keirans, J. E., Clifford, C. M., and E. R. Easton. 1986. Dermacentor ticks (Acari: Ixodoidea: Ixodidae) of the New World: a scanning electron microscope atlas. Proceedings of the Entomological Society of Washington, 88(4):609-627.","GSU_tickIdentification_SOP_2016-11-01.pdf","Say","Female",8,"OK","90% ethanol","125341",,"Philip Panhorst","Georgia Southern University",
"d4526a8a-015c-45bf-8937-cd3598cbd6cf","WOOD_001.tickPlot.tck","WOOD_001","2014-06-03T19:42Z","2015-02-23T17:00Z","WOOD_001.20140603","WOOD_001.20140603.DERVAR.M","Dermacentor variabilis","DERVAR","species","Ixodidae",,,,"Dermacentor",,"variabilis",,,"Yunker, C. E., Keirans, J. E., Clifford, C. M., and E. R. Easton. 1986. Dermacentor ticks (Acari: Ixodoidea: Ixodidae) of the New World: a scanning electron microscope atlas. Proceedings of the Entomological Society of Washington, 88(4):609-627.","GSU_tickIdentification_SOP_2016-11-01.pdf","Say","Male",5,"OK","90% ethanol","125332",,"Philip Panhorst","Georgia Southern University",
"1b5a2232-3abf-4903-861d-b548c6b64996","WOOD_001.tickPlot.tck","WOOD_001","2014-06-03T19:42Z","2015-02-23T17:00Z","WOOD_001.20140603","WOOD_001.20140603.DERVAR.F","Dermacentor variabilis","DERVAR","species","Ixodidae",,,,"Dermacentor",,"variabilis",,,"Yunker, C. E., Keirans, J. E., Clifford, C. M., and E. R. Easton. 1986. Dermacentor ticks (Acari: Ixodoidea: Ixodidae) of the New World: a scanning electron microscope atlas. Proceedings of the Entomological Society of Washington, 88(4):609-627.","GSU_tickIdentification_SOP_2016-11-01.pdf","Say","Female",5,"OK","90% ethanol","125332",,"Philip Panhorst","Georgia Southern University",
