uid,namedLocation,date,domainID,siteID,plotID,plotType,nlcdClass,decimalLatitude,decimalLongitude,geodeticDatum,coordinateUncertainty,easting,northing,utmZone,elevation,elevationUncertainty,eventID,samplingProtocolVersion,treesPresent,treesAbsentList,shrubsPresent,shrubsAbsentList,lianasPresent,lianasAbsentList,nestedSubplotAreaShrubSapling,nestedSubplotAreaLiana,totalSampledAreaTrees,totalSampledAreaShrubSapling,totalSampledAreaLiana,remarks,measuredBy,recordedBy,dataQF
"d736f994-10d6-4897-b9fe-ac3bbbe7f347","WREF_089.basePlot.vst","2017-10-16","D16","WREF","WREF_089","tower","evergreenForest",45.822925,-121.960577,"WGS84",20.3,580741.16,5074898.83,"10N",384.8,0.3,"vst_WREF_2017","NEON.DOC.000987vG","Y","presentInAll","Y","presentInAll","N",,"100","noneSelected",800,400,800,,"+U+GA8YvyAcIR2iT16bCsJaxBTBeLP3Wg8rQ1wbUcL4=","tVmsHvU48bLy1stjrb+Uos0Ca8JyM7gnatLsj09kBuI=",
"05517eaf-4b2b-43b2-913d-2d489bb12970","WREF_082.basePlot.vst","2017-10-17","D16","WREF","WREF_082","tower","evergreenForest",45.831459,-121.956961,"WGS84",20.2,581009.67,5075850.65,"10N",360.7,0.2,"vst_WREF_2017","NEON.DOC.000987vG","Y","presentInAll","Y","presentInAll","N",,"10","noneSelected",800,40,800,,"+U+GA8YvyAcIR2iT16bCsJaxBTBeLP3Wg8rQ1wbUcL4=","8kXoOpAOzaUMpv0WDeMaGRfSZUXYrtMVEL8cHv62ER4=",
"425418b2-fd91-4a9d-8b0f-fe618ad27bfe","WREF_083.basePlot.vst","2017-10-18","D16","WREF","WREF_083","tower","evergreenForest",45.822868,-121.962860,"WGS84",20.2,580563.91,5074890.20,"10N",396.9,0.4,"vst_WREF_2017","NEON.DOC.000987vG","Y","presentInAll","Y","presentInAll","N",,"100","noneSelected",800,400,800,,"tVmsHvU48bLy1stjrb+Uos0Ca8JyM7gnatLsj09kBuI=","n6C8QabM4GRwBBSExkcug8ZHbDzuixegaGvj2qZxMy8=",
"4eb0e7d1-9926-43cd-9d04-8116a08ebbd1","WREF_077.basePlot.vst","2017-10-18","D16","WREF","WREF_077","tower","evergreenForest",45.823126,-121.958667,"WGS84",20.2,580889.24,5074923.10,"10N",379.8,0.3,"vst_WREF_2017","NEON.DOC.000987vG","Y","presentInAll","Y","presentInAll","N",,"25","noneSelected",800,100,800,"Original record mistakenly deleted. This is the new record.","tVmsHvU48bLy1stjrb+Uos0Ca8JyM7gnatLsj09kBuI=","OqqU1CZip9fnMkwChdvw+TeVymaF1ZcYZSPCx88p1og=",
"d4f8030f-fcb3-4416-b688-02214f15d4d2","WREF_086.basePlot.vst","2017-10-20","D16","WREF","WREF_086","tower","evergreenForest",45.822279,-121.957115,"WGS84",20.2,581011.03,5074830.57,"10N",374.5,0.3,"vst_WREF_2017","NEON.DOC.000987vG","Y","presentInAll","Y","presentInAll","N",,"100","noneSelected",800,400,800,,"tVmsHvU48bLy1stjrb+Uos0Ca8JyM7gnatLsj09kBuI=","ek73KqIvQF8RhLDCLTKMoAaxRWZ9yW3gVzCev5Zm+/g=",
"cef75486-aea7-43a4-af39-8356777b6a0f","WREF_081.basePlot.vst","2017-10-20","D16","WREF","WREF_081","tower","evergreenForest",45.823053,-121.953247,"WGS84",20.2,581310.36,5074920.49,"10N",361.7,0.3,"vst_WREF_2017","NEON.DOC.000987vG","Y","presentInAll","Y","presentInAll","N",,"25","noneSelected",800,100,800,,"n6C8QabM4GRwBBSExkcug8ZHbDzuixegaGvj2qZxMy8=","tVmsHvU48bLy1stjrb+Uos0Ca8JyM7gnatLsj09kBuI=",
"6513f9e0-dfbe-4f0b-be82-a82120f22404","WREF_076.basePlot.vst","2017-10-23","D16","WREF","WREF_076","tower","evergreenForest",45.822919,-121.965178,"WGS84",20.3,580383.77,5074893.53,"10N",408.2,0.3,"vst_WREF_2017","NEON.DOC.000987vG","Y","presentInAll","Y","presentInAll","N",,"25","noneSelected",800,100,800,"Sub plots 23.4 and 21.4 ephemeral stream flowing through","Mvo1bt03JMTZR6DZIA23lJNZxcUJiaM9uFJUitaYL48=","rxvQRApCCKY/UVEtKW1BFeWgBpZ8J3yRI94VQnzKk1o=",
"b5509567-3f37-4478-b8be-1a07096f361e","WREF_070.basePlot.vst","2017-10-24","D16","WREF","WREF_070","tower","evergreenForest",45.824185,-121.955555,"WGS84",20.1,581129.44,5075043.91,"10N",363.5,0.2,"vst_WREF_2017","NEON.DOC.000987vG","Y","presentInAll","Y","presentInAll","N",,"100","noneSelected",800,400,800,,"XF7+6w3ZdG4dkrdZbAxOAZtdZV1tlY7Km4jqFmsFyAs=","tVmsHvU48bLy1stjrb+Uos0Ca8JyM7gnatLsj09kBuI=",
"45642aee-97b5-46c8-818d-101447fa5fe3","WREF_080.basePlot.vst","2017-10-25","D16","WREF","WREF_080","tower","evergreenForest",45.824762,-121.960543,"WGS84",20.1,580741.15,5075102.96,"10N",376.1,0.1,"vst_WREF_2017","NEON.DOC.000987vG","Y",,"Y",,"N",,"25","noneSelected",800,100,800,,"tVmsHvU48bLy1stjrb+Uos0Ca8JyM7gnatLsj09kBuI=","tVmsHvU48bLy1stjrb+Uos0Ca8JyM7gnatLsj09kBuI=",
"e4e3ee9e-0339-4014-b0d3-486196c0d30a","WREF_074.basePlot.vst","2017-10-25","D16","WREF","WREF_074","tower","evergreenForest",45.830918,-121.958887,"WGS84",20.2,580860.87,5075788.59,"10N",372.4,0.2,"vst_WREF_2017","NEON.DOC.000987vG","Y","presentInAll","Y","presentInAll","N",,"25","noneSelected",800,100,800,,"+U+GA8YvyAcIR2iT16bCsJaxBTBeLP3Wg8rQ1wbUcL4=","8kXoOpAOzaUMpv0WDeMaGRfSZUXYrtMVEL8cHv62ER4=",
"adbb191b-27ea-4530-8eb7-3b94c415483d","WREF_072.basePlot.vst","2017-10-25","D16","WREF","WREF_072","tower","evergreenForest",45.824274,-121.966341,"WGS84",20.2,580291.49,5075042.90,"10N",418.1,0.2,"vst_WREF_2017","NEON.DOC.000987vG","Y","presentInAll","Y","presentInAll","N",,"100","noneSelected",800,400,800,,"n6C8QabM4GRwBBSExkcug8ZHbDzuixegaGvj2qZxMy8=","6GcJ3e14hu2LGG3nGEbIL3jvGLpI7eRMz84sdZxzGcA=",
"510a25bc-ab18-48d7-a8e3-367a3f83697c","WREF_073.basePlot.vst","2017-10-26","D16","WREF","WREF_073","tower","evergreenForest",45.825842,-121.960125,"WGS84",20.2,580772.06,5075223.38,"10N",371.8,0.3,"vst_WREF_2017","NEON.DOC.000987vG","Y",,"Y",,"N",,"100","noneSelected",800,400,800,,"XF7+6w3ZdG4dkrdZbAxOAZtdZV1tlY7Km4jqFmsFyAs=","tVmsHvU48bLy1stjrb+Uos0Ca8JyM7gnatLsj09kBuI=",
"c9114c35-0924-4f0d-b891-ad20891cfe28","WREF_079.basePlot.vst","2017-10-26","D16","WREF","WREF_079","tower","evergreenForest",45.825308,-121.963268,"WGS84",20.2,580528.70,5075160.88,"10N",390.5,0.2,"vst_WREF_2017","NEON.DOC.000987vG","Y","presentInAll","Y","presentInAll","N",,"100","noneSelected",800,400,800,,"Mvo1bt03JMTZR6DZIA23lJNZxcUJiaM9uFJUitaYL48=","rxvQRApCCKY/UVEtKW1BFeWgBpZ8J3yRI94VQnzKk1o=",
"70e9ec43-be4a-4c60-a649-48a93e9c2aa5","WREF_085.basePlot.vst","2017-10-27","D16","WREF","WREF_085","tower","evergreenForest",45.830691,-121.961221,"WGS84",20.2,580679.92,5075761.01,"10N",387.6,0.2,"vst_WREF_2017","NEON.DOC.000987vG","Y","presentInAll","Y","presentInAll","N",,"10","noneSelected",800,40,800,,"+U+GA8YvyAcIR2iT16bCsJaxBTBeLP3Wg8rQ1wbUcL4=","8kXoOpAOzaUMpv0WDeMaGRfSZUXYrtMVEL8cHv62ER4=",
"4c3e7a62-3326-4ce4-bb5f-4b5c59842dbb","WREF_078.basePlot.vst","2017-10-30","D16","WREF","WREF_078","tower","evergreenForest",45.829818,-121.954683,"WGS84",20.2,581188.98,5075670.64,"10N",341.5,0.2,"vst_WREF_2017","NEON.DOC.000987vG","Y","presentInAll","Y","presentInAll","N",,"25","noneSelected",800,100,800,,"n6C8QabM4GRwBBSExkcug8ZHbDzuixegaGvj2qZxMy8=","OqqU1CZip9fnMkwChdvw+TeVymaF1ZcYZSPCx88p1og=",
"fcf34186-049f-4162-a8ea-00ddbd308b4a","WREF_084.basePlot.vst","2017-10-30","D16","WREF","WREF_084","tower","evergreenForest",45.829328,-121.960095,"WGS84",20.1,580769.34,5075610.71,"10N",378.1,0.2,"vst_WREF_2017","NEON.DOC.000987vG","Y",,"Y",,"N",,"25","noneSelected",800,100,800,,"XF7+6w3ZdG4dkrdZbAxOAZtdZV1tlY7Km4jqFmsFyAs=","tVmsHvU48bLy1stjrb+Uos0Ca8JyM7gnatLsj09kBuI=",
"001d0657-b52b-4952-9d2d-52f759a62825","WREF_088.basePlot.vst","2017-10-31","D16","WREF","WREF_088","tower","evergreenForest",45.828745,-121.957054,"WGS84",20.2,581006.38,5075549.02,"10N",365.1,0.3,"vst_WREF_2017","NEON.DOC.000987vG","Y","presentInAll","Y","presentInAll","N",,"100","noneSelected",800,400,800,,"n6C8QabM4GRwBBSExkcug8ZHbDzuixegaGvj2qZxMy8=","OqqU1CZip9fnMkwChdvw+TeVymaF1ZcYZSPCx88p1og=",
"0ba48044-5a35-4e2d-ad1a-9612c6420925","WREF_087.basePlot.vst","2017-10-31","D16","WREF","WREF_087","tower","evergreenForest",45.828555,-121.963552,"WGS84",20.2,580501.95,5075521.34,"10N",405.3,0.2,"vst_WREF_2017","NEON.DOC.000987vG","Y",,"Y",,"N",,"100","noneSelected",800,400,800,,"XF7+6w3ZdG4dkrdZbAxOAZtdZV1tlY7Km4jqFmsFyAs=","tVmsHvU48bLy1stjrb+Uos0Ca8JyM7gnatLsj09kBuI=",
