uid,namedLocation,domainID,siteID,plotID,plotType,nlcdClass,decimalLatitude,decimalLongitude,geodeticDatum,coordinateUncertainty,elevation,elevationUncertainty,collectDate,eventID,sampleID,sampleCode,samplingMethod,totalSampledArea,targetTaxaPresent,adultCount,nymphCount,larvaCount,sampleCondition,samplingProtocolVersion,measuredBy,remarks
"05508e3b-74ff-4ff4-aa43-6097fc1b3866","ORNL_007.tickPlot.tck","D07","ORNL","ORNL_007","distributed","deciduousForest",35.925843,-84.328420,"WGS84",20.2,279.4,0.5,"2014-05-12T14:01Z","ORNL.2014.19","ORNL_007.20140512",,"drag and flag",162,"Y",14,23,102,"No known compromise","NEON.DOC.014045vD","uiggq+BAqv+gTRBpwlJUlg==","CORNERS NOT MARKED, SO PACED THE PERIMETER"
"fa81c5e2-370a-4108-a131-1c06d33a656f","ORNL_002.tickPlot.tck","D07","ORNL","ORNL_002","distributed","deciduousForest",35.983090,-84.211654,"WGS84",20.3,338.6,0.5,"2014-05-12T15:30Z","ORNL.2014.19","ORNL_002.20140512",,"drag and flag",170,"Y",7,66,0,"No known compromise","NEON.DOC.014045vD","c9fqInG1ql2wFVwRaHTb4w==",
"5aa3a4ef-9214-4909-8f6d-ca1fcf59245f","ORNL_008.tickPlot.tck","D07","ORNL","ORNL_008","distributed","deciduousForest",35.933531,-84.334016,"WGS84",20.3,322.7,0.3,"2014-05-12T16:21Z","ORNL.2014.19","ORNL_008.20140512",,"drag and flag",160,"Y",1,16,6,"No known compromise","NEON.DOC.014045vD","uiggq+BAqv+gTRBpwlJUlg==",
"7476b4b6-e508-4470-84ef-188377cfd812","ORNL_009.tickPlot.tck","D07","ORNL","ORNL_009","distributed","deciduousForest",35.974902,-84.226630,"WGS84",20.2,337.1,0.2,"2014-05-13T14:50Z","ORNL.2014.19","ORNL_009.20140513",,"drag and flag",160,"Y",4,26,0,"No known compromise","NEON.DOC.014045vD","c9fqInG1ql2wFVwRaHTb4w==",
