uid,namedLocation,domainID,siteID,plotID,plotType,nlcdClass,decimalLatitude,decimalLongitude,geodeticDatum,coordinateUncertainty,elevation,elevationUncertainty,collectDate,eventID,sampleID,sampleCode,samplingMethod,totalSampledArea,targetTaxaPresent,adultCount,nymphCount,larvaCount,sampleCondition,samplingProtocolVersion,measuredBy,remarks
"4536b051-134e-4d34-a447-512bcd5cb2d4","HARV_022.tickPlot.tck","D01","HARV","HARV_022","distributed","evergreenForest",42.435462,-72.199291,"WGS84",20.3,186.3,0.3,"2015-09-15T12:33Z","HARV.2015.37","HARV_022.20150915",,"drag and flag",160,"Y",0,0,329,"No known compromise","NEON.DOC.014045vF","FXeeUI9aIn8X0VAR1BEIFKA+Tv3GsCYT",
"d8e6add9-747c-4495-85af-76473f0f43fd","HARV_006.tickPlot.tck","D01","HARV","HARV_006","distributed","deciduousForest",42.401938,-72.252716,"WGS84",20.2,190.4,0.3,"2015-09-15T14:22Z","HARV.2015.37",,,"drag and flag",160,"N",0,0,0,,"NEON.DOC.014045vF","zODC+zTh3jdHKFo7lDoQcuNYRkWsGu3I","No Transcription Errors"
"40d455eb-a025-4356-b461-7bf2ee242d8e","HARV_026.tickPlot.tck","D01","HARV","HARV_026","distributed","evergreenForest",42.412068,-72.246529,"WGS84",20.2,185.7,0.3,"2015-09-15T15:10Z","HARV.2015.37","HARV_026.20150915",,"drag and flag",160,"Y",1,0,25,"No known compromise","NEON.DOC.014045vF","FXeeUI9aIn8X0VAR1BEIFKA+Tv3GsCYT",
"456daa29-1181-49b3-a6ec-c80dd1d8a547","HARV_020.tickPlot.tck","D01","HARV","HARV_020","distributed","woodyWetlands",42.438157,-72.228923,"WGS84",20.2,228.3,0.3,"2015-09-15T16:25Z","HARV.2015.37","HARV_020.20150915",,"drag",160,"Y",0,3,0,"No known compromise","NEON.DOC.014045vF","zODC+zTh3jdHKFo7lDoQcuNYRkWsGu3I","No Transcription Errors"
"7016e5fe-21a2-4401-824f-fe76318c0009","HARV_001.tickPlot.tck","D01","HARV","HARV_001","distributed","deciduousForest",42.424227,-72.260097,"WGS84",20.2,201.1,0.3,"2015-09-16T12:46Z","HARV.2015.37","HARV_001.20150916",,"drag",160,"Y",0,0,11,"No known compromise","NEON.DOC.014045vF","zODC+zTh3jdHKFo7lDoQcuNYRkWsGu3I",
"90304faa-b346-4968-b7dd-5bf1dc6d4fb7","HARV_004.tickPlot.tck","D01","HARV","HARV_004","distributed","mixedForest",42.426878,-72.227943,"WGS84",20.3,185.9,0.3,"2015-09-16T13:59Z","HARV.2015.37","HARV_004.20150916",,"drag",160,"Y",0,1,8,"No known compromise","NEON.DOC.014045vF","afMynumrDJcbQNK5ece65stvlBUGBI24","No Transcription Errors"
