uid,namedLocation,plotID,collectDate,identifiedDate,sampleID,subsampleID,scientificName,acceptedTaxonID,taxonRank,family,subfamily,tribe,subtribe,genus,subgenus,specificEpithet,infraspecificEpithet,identificationQualifier,identificationReferences,identificationProtocolVersion,scientificNameAuthorship,sexOrAge,individualCount,sampleCondition,archiveMedium,archiveFacilityID,deprecatedVialID,identifiedBy,laboratoryName,remarks
"8e07c140-7f2e-43c0-ad0a-8576a504b91f","HARV_022.tickPlot.tck","HARV_022","2015-09-15T12:33Z","2016-06-30T16:00Z","HARV_022.20150915","HARV_022.20150915.IXOSP.L","Ixodidae sp.","IXOSP","family","Ixodidae",,,,,,"sp.",,,,"GSU_tickIdentification_SOP_2016-11-01.pdf",,"Larva",1,"OK","90% ethanol","125882",,"C. Norton","Georgia Southern University",
"e98b5541-41aa-4824-838a-ffdf4c849303","HARV_026.tickPlot.tck","HARV_026","2015-09-15T15:10Z","2016-06-23T16:00Z","HARV_026.20150915","HARV_026.20150915.IXOSCA.F","Ixodes scapularis","IXOSCA","species","Ixodidae",,,,"Ixodes",,"scapularis",,,"Keirans, J. E., and C. M. Clifford. 1978. The genus Ixodes in the United States: a scanning electron microscope study and key to the adults. Journal of Medical Entomology, 15(Supplement 2):1-38.","GSU_tickIdentification_SOP_2016-11-01.pdf","Say","Female",1,"OK","90% ethanol","125884",,"L. Beati","Georgia Southern University",
"c3d16f04-63cd-4358-b819-86e6daedd81e","HARV_026.tickPlot.tck","HARV_026","2015-09-15T15:10Z","2016-06-30T16:00Z","HARV_026.20150915","HARV_026.20150915.IXOSP.L","Ixodidae sp.","IXOSP","family","Ixodidae",,,,,,"sp.",,,,"GSU_tickIdentification_SOP_2016-11-01.pdf",,"Larva",1,"OK","90% ethanol","125883",,"C. Norton","Georgia Southern University",
"32b5ca56-8594-422f-bd81-c2d657c2c27f","HARV_020.tickPlot.tck","HARV_020","2015-09-15T16:25Z","2016-06-23T12:00Z","HARV_020.20150915","HARV_020.20150915.IXOSCA.N","Ixodes scapularis","IXOSCA","species","Ixodidae",,,,"Ixodes",,"scapularis",,,"Keirans, J. E., and C. M. Clifford. 1978. The genus Ixodes in the United States: a scanning electron microscope study and key to the adults. Journal of Medical Entomology, 15(Supplement 2):1-38.","GSU_tickIdentification_SOP_2016-11-01.pdf","Say","Nymph",3,"OK","95% ethanol","125881",,"L. Beati","Georgia Southern University",
"7192d8e2-6c6f-49ce-8020-f00a486fdef0","HARV_001.tickPlot.tck","HARV_001","2015-09-16T12:46Z","2016-06-30T16:00Z","HARV_001.20150916","HARV_001.20150916.IXOSP.L","Ixodidae sp.","IXOSP","family","Ixodidae",,,,,,"sp.",,,,"GSU_tickIdentification_SOP_2016-11-01.pdf",,"Larva",1,"OK","90% ethanol","125878",,"C. Norton","Georgia Southern University",
"e80cfd28-530c-4a6b-a17a-00b4ef5771c7","HARV_004.tickPlot.tck","HARV_004","2015-09-16T13:59Z","2016-06-30T16:00Z","HARV_004.20150916","HARV_004.20150916.IXOSP.L","Ixodidae sp.","IXOSP","family","Ixodidae",,,,,,"sp.",,,,"GSU_tickIdentification_SOP_2016-11-01.pdf",,"Larva",1,"OK","90% ethanol","125880",,"C. Norton","Georgia Southern University",
"c0921ff4-dceb-45b8-b507-8e66c8931d44","HARV_004.tickPlot.tck","HARV_004","2015-09-16T13:59Z","2016-06-23T16:00Z","HARV_004.20150916","HARV_004.20150916.IXOSCA.N","Ixodes scapularis","IXOSCA","species","Ixodidae",,,,"Ixodes",,"scapularis",,,"Keirans, J. E., and C. M. Clifford. 1978. The genus Ixodes in the United States: a scanning electron microscope study and key to the adults. Journal of Medical Entomology, 15(Supplement 2):1-38.","GSU_tickIdentification_SOP_2016-11-01.pdf","Say","Nymph",1,"OK","90% ethanol","125879",,"L. Beati","Georgia Southern University",
