uid,namedLocation,plotID,collectDate,identifiedDate,sampleID,subsampleID,scientificName,acceptedTaxonID,taxonRank,family,subfamily,tribe,subtribe,genus,subgenus,specificEpithet,infraspecificEpithet,identificationQualifier,identificationReferences,identificationProtocolVersion,scientificNameAuthorship,sexOrAge,individualCount,sampleCondition,archiveMedium,archiveFacilityID,deprecatedVialID,identifiedBy,laboratoryName,remarks
"9b30da8e-d297-4734-8b56-0bdb2d5714a2","SCBI_013.tickPlot.tck","SCBI_013","2015-08-17T13:52Z","2016-09-21T16:00Z","SCBI_013.20150817","SCBI_013.20150817.IXOSP.L","Ixodidae sp.","IXOSP","family","Ixodidae",,,,,,"sp.",,,,"GSU_tickIdentification_SOP_2016-11-01.pdf",,"Larva",1,"OK","90% ethanol","USNMENT00865238",,"L. Beati","Georgia Southern University",
"d35bcce6-b5dc-4b83-b147-4dac08644220","SCBI_013.tickPlot.tck","SCBI_013","2015-08-17T13:52Z","2016-09-16T16:00Z","SCBI_013.20150817","SCBI_013.20150817.AMBAME.N","Amblyomma americanum","AMBAME","species","Ixodidae",,,,"Amblyomma",,"americanum",,,"Cooley, R. A. and G. M. Kohls. 1944. The genus Amblyomma (ixodidae) in the United States. The Journal of Parasitology, 30(2):77-111.","GSU_tickIdentification_SOP_2016-11-01.pdf","Linnaeus","Nymph",11,"OK","90% ethanol","USNMENT00865239",,"L. Beati","Georgia Southern University",
"51cb782a-99ed-44f1-9f27-c05706ef3aff","SCBI_039.tickPlot.tck","SCBI_039","2015-08-17T15:09Z","2016-09-21T16:00Z","SCBI_039.20150817","SCBI_039.20150817.IXOSP.L","Ixodidae sp.","IXOSP","family","Ixodidae",,,,,,"sp.",,,,"GSU_tickIdentification_SOP_2016-11-01.pdf",,"Larva",1,"OK","90% ethanol","USNMENT00865199",,"L. Beati","Georgia Southern University",
"dd616681-88aa-460c-bdd1-3c767a30392b","SCBI_039.tickPlot.tck","SCBI_039","2015-08-17T15:09Z","2016-09-12T16:00Z","SCBI_039.20150817","SCBI_039.20150817.DERVAR.M","Dermacentor variabilis","DERVAR","species","Ixodidae",,,,"Dermacentor",,"variabilis",,,"Yunker, C. E., Keirans, J. E., Clifford, C. M., and E. R. Easton. 1986. Dermacentor ticks (Acari: Ixodoidea: Ixodidae) of the New World: a scanning electron microscope atlas. Proceedings of the Entomological Society of Washington, 88(4):609-627.","GSU_tickIdentification_SOP_2016-11-01.pdf","Say","Male",1,"OK","90% ethanol","USNMENT00865198",,"L. Beati","Georgia Southern University",
