uid,namedLocation,domainID,siteID,plotID,plotType,nlcdClass,decimalLatitude,decimalLongitude,geodeticDatum,coordinateUncertainty,elevation,elevationUncertainty,collectDate,eventID,sampleID,sampleCode,samplingMethod,totalSampledArea,targetTaxaPresent,adultCount,nymphCount,larvaCount,sampleCondition,samplingProtocolVersion,measuredBy,remarks
"a9043996-7800-4948-b6c2-2503dd6e9604","SCBI_013.tickPlot.tck","D02","SCBI","SCBI_013","distributed","deciduousForest",38.873041,-78.163313,"WGS84",20.2,361.3,0.3,"2015-08-17T13:52Z","SCBI.2015.33","SCBI_013.20150817",,"drag",160,"Y",0,11,48,"No known compromise","NEON.DOC.014045vF","OkD7GLun5+3RpRIEva+aFeLLxTpNtG05",
"7ea1981d-6e53-4424-802b-978e04d58101","SCBI_039.tickPlot.tck","D02","SCBI","SCBI_039","distributed","pastureHay",38.896433,-78.166542,"WGS84",20.1,330.8,0.1,"2015-08-17T15:09Z","SCBI.2015.33","SCBI_039.20150817",,"drag",164,"Y",1,0,5,"No known compromise","NEON.DOC.014045vF","OkD7GLun5+3RpRIEva+aFeLLxTpNtG05",
"7eb85ee4-5e1a-4511-abd8-33a5665adde2","SCBI_005.tickPlot.tck","D02","SCBI","SCBI_005","distributed","deciduousForest",38.901859,-78.161940,"WGS84",20.2,263.6,0.3,"2015-08-17T16:37Z","SCBI.2015.33",,,"drag and flag",160,"N",0,0,,,"NEON.DOC.014045vF","OkD7GLun5+3RpRIEva+aFeLLxTpNtG05",
"c758d1dd-c4c4-4d1b-8ada-8e355ce3a282","SCBI_006.tickPlot.tck","D02","SCBI","SCBI_006","distributed","pastureHay",38.897080,-78.150277,"WGS84",20.1,277.1,0.1,"2015-08-17T17:35Z","SCBI.2015.33","SCBI_006.20150817",,"drag",160,"Y",0,1,299,"No known compromise","NEON.DOC.014045vF","OkD7GLun5+3RpRIEva+aFeLLxTpNtG05",
"a786a56b-4edc-436d-8cbe-74a5c374886b","SCBI_002.tickPlot.tck","D02","SCBI","SCBI_002","distributed","deciduousForest",38.893863,-78.142704,"WGS84",20.2,327.7,0.2,"2015-08-18T13:17Z","SCBI.2015.33","SCBI_002.20150818",,"drag",160,"Y",0,0,38,"No known compromise","NEON.DOC.014045vF","vEBCcEQSSh8eOBBCRWJ0ZW//xrXWbPVV",
"cabec7ac-3390-468b-baed-d63d18b2dc73","SCBI_007.tickPlot.tck","D02","SCBI","SCBI_007","distributed","deciduousForest",38.886013,-78.129365,"WGS84",20.2,428.3,0.2,"2015-08-18T15:14Z","SCBI.2015.33","SCBI_007.20150818",,"drag and flag",160,"Y",0,0,1053,"No known compromise","NEON.DOC.014045vF","vEBCcEQSSh8eOBBCRWJ0ZW//xrXWbPVV","NE stake re-restablished. Could not find center stake. Vial 1: 634 Vial 2: 419"
