uid,namedLocation,date,domainID,siteID,plotID,plotType,nlcdClass,decimalLatitude,decimalLongitude,geodeticDatum,coordinateUncertainty,easting,northing,utmZone,elevation,elevationUncertainty,eventID,samplingProtocolVersion,treesPresent,treesAbsentList,shrubsPresent,shrubsAbsentList,lianasPresent,lianasAbsentList,nestedSubplotAreaShrubSapling,nestedSubplotAreaLiana,totalSampledAreaTrees,totalSampledAreaShrubSapling,totalSampledAreaLiana,remarks,measuredBy,recordedBy,dataQF
"7ed37678-d940-4a0f-8deb-d8073c38f7a1","BART_025.basePlot.vst","2016-10-17","D01","BART","BART_025","distributed","evergreenForest",44.059386,-71.313142,"WGS84",20.2,314729.25,4881070.19,"19N",542.8,0.3,"vst_BART_2016","NEON.DOC.000987vE","Y","presentInAll","N",,"N",,"10","noneSelected",400,80,400,,"WpWHyjh7ZEbsFcxLGlzbonUvwbNLZ84R","Pes0SJTi6mB/L3kaeuPRUby8XD59hvb8",
"557410ec-351d-4348-97e5-6dc0625c4f03","BART_011.basePlot.vst","2016-10-17","D01","BART","BART_011","distributed","mixedForest",44.050006,-71.296275,"WGS84",20.1,316051.18,4879990.52,"19N",370.1,0.2,"vst_BART_2016","NEON.DOC.000987vE","Y",,"Y",,"N",,"10","noneSelected",400,80,400,,"2xX6mTIEU2zzk+aGAURxuwRthSzBo/kx","EkSno5X21V+6BMsaD1wBB48CY0mHxVq/",
"afc50622-9684-4d6e-b96d-ebad6067e574","BART_012.basePlot.vst","2016-10-18","D01","BART","BART_012","distributed","deciduousForest",44.046089,-71.316317,"WGS84",20.3,314433.40,4879600.41,"19N",558.9,0.4,"vst_BART_2016","NEON.DOC.000987vE","Y","presentInAll","N",,"N",,"10","noneSelected",400,80,400,,"WpWHyjh7ZEbsFcxLGlzbonUvwbNLZ84R","Pes0SJTi6mB/L3kaeuPRUby8XD59hvb8",
"01168460-fb6c-4a97-8592-af9adea0a0c7","BART_027.basePlot.vst","2016-10-18","D01","BART","BART_027","distributed","evergreenForest",44.057947,-71.261745,"WGS84",20.3,318841.57,4880796.00,"19N",427.2,0.3,"vst_BART_2016","NEON.DOC.000987vE","Y","presentInAll","N",,"N",,"noneSelected","noneSelected",400,400,400,,"YIdCm/eZ/WQGLpKDhr5RQBg/3vFW6Qg7","WpWHyjh7ZEbsFcxLGlzbonUvwbNLZ84R",
"730098e8-30a7-4b7a-a5ee-fde5318cc416","BART_007.basePlot.vst","2016-10-18","D01","BART","BART_007","distributed","mixedForest",44.049696,-71.298487,"WGS84",20.1,315873.02,4879961.03,"19N",388.4,0.2,"vst_BART_2016","NEON.DOC.000987vE","Y","presentInAll","Y",,"N",,"10","noneSelected",400,80,400,,"2xX6mTIEU2zzk+aGAURxuwRthSzBo/kx","EkSno5X21V+6BMsaD1wBB48CY0mHxVq/",
"dbbd87d1-2532-4acc-9c22-7b2b3afc9999","BART_004.basePlot.vst","2016-10-19","D01","BART","BART_004","distributed","mixedForest",44.041571,-71.286920,"WGS84",20.2,316774.59,4879032.78,"19N",526.4,0.3,"vst_BART_2016","NEON.DOC.000987vE","Y","presentInAll","Y",,"N",,"10","noneSelected",400,80,400,,"EkSno5X21V+6BMsaD1wBB48CY0mHxVq/","2xX6mTIEU2zzk+aGAURxuwRthSzBo/kx",
"13b45ae1-1907-4dbb-9b59-bbbd254d61c5","BART_001.basePlot.vst","2016-10-19","D01","BART","BART_001","distributed","mixedForest",44.047077,-71.306658,"WGS84",20.2,315210.30,4879688.44,"19N",468.8,0.3,"vst_BART_2016","NEON.DOC.000987vE","Y",,"Y",,"N",,"10","noneSelected",400,80,400,,"WpWHyjh7ZEbsFcxLGlzbonUvwbNLZ84R","YIdCm/eZ/WQGLpKDhr5RQBg/3vFW6Qg7",
