uid,namedLocation,date,eventID,domainID,siteID,plotID,subplotID,individualID,tagStatus,growthForm,plantStatus,stemDiameter,measurementHeight,height,baseCrownHeight,breakHeight,breakDiameter,maxCrownDiameter,ninetyCrownDiameter,canopyPosition,shape,basalStemDiameter,basalStemDiameterMsrmntHeight,maxBaseCrownDiameter,ninetyBaseCrownDiameter,remarks,recordedBy,measuredBy,dataQF
"53c0f193-e8c3-47e9-8c3c-94022560465c","BART_011.basePlot.vst","2016-10-17","vst_BART_2016","D01","BART","BART_011",,"NEON.PLA.D01.BART.01349","ok",,"No longer qualifies",,,,,,,,,,,,,,,"removed tag TSCA sap not in nested","EkSno5X21V+6BMsaD1wBB48CY0mHxVq/","2xX6mTIEU2zzk+aGAURxuwRthSzBo/kx","legacyData"
"611029e7-4875-4922-9e14-87ba0cf15c4e","BART_011.basePlot.vst","2016-10-17","vst_BART_2016","D01","BART","BART_011",,"NEON.PLA.D01.BART.00074","ok","small tree","Live, disease damaged",1.7,130,1.3,,,,,,,,,,,,,"EkSno5X21V+6BMsaD1wBB48CY0mHxVq/","2xX6mTIEU2zzk+aGAURxuwRthSzBo/kx","legacyData"
"b91ba7aa-97a4-424d-851f-0fda23a1dfe8","BART_011.basePlot.vst","2016-10-17","vst_BART_2016","D01","BART","BART_011",,"NEON.PLA.D01.BART.01341","ok","small tree","Live, disease damaged",2.0,130,1.7,,,,,,,,,,,,,"EkSno5X21V+6BMsaD1wBB48CY0mHxVq/","2xX6mTIEU2zzk+aGAURxuwRthSzBo/kx","legacyData"
"91618f70-3b54-4895-938f-e832f302bdf9","BART_011.basePlot.vst","2016-10-17","vst_BART_2016","D01","BART","BART_011",,"NEON.PLA.D01.BART.00446","ok","single bole tree","Live",18.5,130,10.0,,,,7.4,4.9,"Mostly shaded",,,,,,,"EkSno5X21V+6BMsaD1wBB48CY0mHxVq/","2xX6mTIEU2zzk+aGAURxuwRthSzBo/kx","legacyData"
"5a945e40-437d-4bb9-a5fe-0ad305f192d3","BART_011.basePlot.vst","2016-10-17","vst_BART_2016","D01","BART","BART_011",,"NEON.PLA.D01.BART.00062","ok","sapling","Live",,,1.6,,,,,,,,2.2,10,,,,"EkSno5X21V+6BMsaD1wBB48CY0mHxVq/","2xX6mTIEU2zzk+aGAURxuwRthSzBo/kx","legacyData"
"8d03a069-9398-47b1-92df-931646b4f903","BART_011.basePlot.vst","2016-10-17","vst_BART_2016","D01","BART","BART_011",,"NEON.PLA.D01.BART.00063","ok",,"No longer qualifies",,,,,,,,,,,,,,,"small sap; not n nested; tag removed","EkSno5X21V+6BMsaD1wBB48CY0mHxVq/","2xX6mTIEU2zzk+aGAURxuwRthSzBo/kx","legacyData"
"cb85d37b-4741-4090-b2c9-07f1f306de98","BART_011.basePlot.vst","2016-10-17","vst_BART_2016","D01","BART","BART_011",,"NEON.PLA.D01.BART.00470","ok","sapling","Live",,,1.5,,,,,,,,2.0,10,,,,"EkSno5X21V+6BMsaD1wBB48CY0mHxVq/","2xX6mTIEU2zzk+aGAURxuwRthSzBo/kx","legacyData"
"074f60f1-e48c-4283-a64b-953e64014c52","BART_011.basePlot.vst","2016-10-17","vst_BART_2016","D01","BART","BART_011",,"NEON.PLA.D01.BART.00431","ok","single bole tree","Live",13.5,130,7.6,,,,5.6,4.8,"Full shade",,,,,,,"EkSno5X21V+6BMsaD1wBB48CY0mHxVq/","2xX6mTIEU2zzk+aGAURxuwRthSzBo/kx","legacyData"
"d0534143-86b4-46a4-9b15-8020f786ed0c","BART_011.basePlot.vst","2016-10-17","vst_BART_2016","D01","BART","BART_011",,"NEON.PLA.D01.BART.02455","ok","sapling","Live",,,1.0,,,,,,,,1.6,10,,,,"EkSno5X21V+6BMsaD1wBB48CY0mHxVq/","2xX6mTIEU2zzk+aGAURxuwRthSzBo/kx","legacyData"
"50a7fa5a-2ff6-4054-bf65-42524a64aa9b","BART_011.basePlot.vst","2016-10-17","vst_BART_2016","D01","BART","BART_011",,"NEON.PLA.D01.BART.01325","ok","sapling","Live",,,1.3,,,,,,,,1.7,10,,,,"EkSno5X21V+6BMsaD1wBB48CY0mHxVq/","2xX6mTIEU2zzk+aGAURxuwRthSzBo/kx","legacyData"
"0cec7b5a-3517-4451-833c-18e030469a77","BART_011.basePlot.vst","2016-10-17","vst_BART_2016","D01","BART","BART_011",,"NEON.PLA.D01.BART.01323","ok","single bole tree","Live, broken bole",28.3,130,11.7,,7.6,10.0,11.1,10.2,"Partially shaded",,,,,,,"EkSno5X21V+6BMsaD1wBB48CY0mHxVq/","2xX6mTIEU2zzk+aGAURxuwRthSzBo/kx","legacyData"
"fd164926-25b5-43eb-a4c8-2d523557760e","BART_011.basePlot.vst","2016-10-17","vst_BART_2016","D01","BART","BART_011",,"NEON.PLA.D01.BART.00468","ok","sapling","Live",,,0.9,,,,,,,,1.2,10,,,,"EkSno5X21V+6BMsaD1wBB48CY0mHxVq/","2xX6mTIEU2zzk+aGAURxuwRthSzBo/kx","legacyData"
"2cdb2be8-37d6-4a3c-be7e-35519783341a","BART_011.basePlot.vst","2016-10-17","vst_BART_2016","D01","BART","BART_011",,"NEON.PLA.D01.BART.05797","ok","small tree","Live, disease damaged",1.0,130,2.4,,,,,,,,,,,,,"EkSno5X21V+6BMsaD1wBB48CY0mHxVq/","2xX6mTIEU2zzk+aGAURxuwRthSzBo/kx","legacyData"
"d1118371-3bd8-406a-8cf6-dc3bf3b548aa","BART_011.basePlot.vst","2016-10-17","vst_BART_2016","D01","BART","BART_011",,"NEON.PLA.D01.BART.00469","ok","sapling","Live",,,1.3,,,,,,,,1.5,10,,,,"EkSno5X21V+6BMsaD1wBB48CY0mHxVq/","2xX6mTIEU2zzk+aGAURxuwRthSzBo/kx","legacyData"
"fdc7fc0e-e263-45e7-9270-21675753b63a","BART_011.basePlot.vst","2016-10-17","vst_BART_2016","D01","BART","BART_011",,"NEON.PLA.D01.BART.05788","ok","single shrub","Live",1.6,130,1.1,0.5,,,3.3,1.8,"Partially shaded","ellipsoid or sphere",2.1,10,,,,"EkSno5X21V+6BMsaD1wBB48CY0mHxVq/","2xX6mTIEU2zzk+aGAURxuwRthSzBo/kx","legacyData"
"95bb0eb9-b584-49e8-8a7a-325020a40392","BART_011.basePlot.vst","2016-10-17","vst_BART_2016","D01","BART","BART_011",,"NEON.PLA.D01.BART.00453","ok","small tree","Live",3.9,130,3.7,,,,,,,,,,,,,"EkSno5X21V+6BMsaD1wBB48CY0mHxVq/","2xX6mTIEU2zzk+aGAURxuwRthSzBo/kx","legacyData"
"8656dea7-3c25-4889-9bbd-22536b757dc5","BART_011.basePlot.vst","2016-10-17","vst_BART_2016","D01","BART","BART_011",,"NEON.PLA.D01.BART.02466","ok","single bole tree","Live, disease damaged",18.2,130,14.2,,,,10.3,8.0,"Partially shaded",,,,,,,"EkSno5X21V+6BMsaD1wBB48CY0mHxVq/","2xX6mTIEU2zzk+aGAURxuwRthSzBo/kx","legacyData"
"ffcdea95-00c9-48b9-8f4a-9506e09c497a","BART_011.basePlot.vst","2016-10-17","vst_BART_2016","D01","BART","BART_011",,"NEON.PLA.D01.BART.01322","ok","single bole tree","Live",15.9,130,11.8,,,,5.6,4.2,"Mostly shaded",,,,,,,"EkSno5X21V+6BMsaD1wBB48CY0mHxVq/","2xX6mTIEU2zzk+aGAURxuwRthSzBo/kx","legacyData"
"3f42b81a-a10a-41b4-b458-6e6a057aa8d5","BART_011.basePlot.vst","2016-10-17","vst_BART_2016","D01","BART","BART_011",,"NEON.PLA.D01.BART.00440","ok","single bole tree","Live",22.6,130,17.6,,,,5.4,4.2,"Partially shaded",,,,,,,"EkSno5X21V+6BMsaD1wBB48CY0mHxVq/","2xX6mTIEU2zzk+aGAURxuwRthSzBo/kx","legacyData"
"fcd7642c-1c38-4cb9-971e-3c83e63da59a","BART_011.basePlot.vst","2016-10-17","vst_BART_2016","D01","BART","BART_011",,"NEON.PLA.D01.BART.05799","ok","sapling","Live, disease damaged",,,1.8,,,,,,,,1.6,10,,,,"EkSno5X21V+6BMsaD1wBB48CY0mHxVq/","2xX6mTIEU2zzk+aGAURxuwRthSzBo/kx","legacyData"
"e36f19cf-16ed-41e3-b9e2-6d33379ce37e","BART_011.basePlot.vst","2016-10-17","vst_BART_2016","D01","BART","BART_011",,"NEON.PLA.D01.BART.05792","ok","sapling","Live",,,1.0,,,,,,,,1.3,10,,,,"EkSno5X21V+6BMsaD1wBB48CY0mHxVq/","2xX6mTIEU2zzk+aGAURxuwRthSzBo/kx","legacyData"
"4052049e-747d-4349-afde-15ccfcc395cf","BART_011.basePlot.vst","2016-10-17","vst_BART_2016","D01","BART","BART_011",,"NEON.PLA.D01.BART.00461","ok","small tree","Live",5.8,130,3.9,,,,,,,,,,,,,"EkSno5X21V+6BMsaD1wBB48CY0mHxVq/","2xX6mTIEU2zzk+aGAURxuwRthSzBo/kx","legacyData"
"6863e546-16b4-4544-a7f9-0a781282b725","BART_011.basePlot.vst","2016-10-17","vst_BART_2016","D01","BART","BART_011",,"NEON.PLA.D01.BART.01311","ok","sapling","Standing dead",,,1.3,,,,,,,,2.5,10,,,,"EkSno5X21V+6BMsaD1wBB48CY0mHxVq/","2xX6mTIEU2zzk+aGAURxuwRthSzBo/kx","legacyData"
"bd52b25c-4dea-46de-bd4e-fd5c61ea5745","BART_011.basePlot.vst","2016-10-17","vst_BART_2016","D01","BART","BART_011",,"NEON.PLA.D01.BART.02460","ok","small tree","Live",2.6,130,2.5,,,,,,,,,,,,,"EkSno5X21V+6BMsaD1wBB48CY0mHxVq/","2xX6mTIEU2zzk+aGAURxuwRthSzBo/kx","legacyData"
"11b76836-fb7a-4680-a9ea-8b432f8196b7","BART_011.basePlot.vst","2016-10-17","vst_BART_2016","D01","BART","BART_011",,"NEON.PLA.D01.BART.02461","ok","small tree","Live",5.5,130,3.0,,,,,,,,,,,,,"EkSno5X21V+6BMsaD1wBB48CY0mHxVq/","2xX6mTIEU2zzk+aGAURxuwRthSzBo/kx","legacyData"
"8ca12560-72de-4ae7-93ce-149fde13ba9b","BART_011.basePlot.vst","2016-10-17","vst_BART_2016","D01","BART","BART_011",,"NEON.PLA.D01.BART.00433","ok","single bole tree","Live",19.2,130,8.5,,,,6.6,6.1,"Full shade",,,,,,,"EkSno5X21V+6BMsaD1wBB48CY0mHxVq/","2xX6mTIEU2zzk+aGAURxuwRthSzBo/kx","legacyData"
"b115ed18-56ea-472a-8e05-c31b028c9e3b","BART_011.basePlot.vst","2016-10-17","vst_BART_2016","D01","BART","BART_011",,"NEON.PLA.D01.BART.00430","ok","single bole tree","Live, disease damaged",13.8,130,14.5,,,,6.2,6.1,"Mostly shaded",,,,,,,"EkSno5X21V+6BMsaD1wBB48CY0mHxVq/","2xX6mTIEU2zzk+aGAURxuwRthSzBo/kx","legacyData"
"b57bc56c-17f4-4636-91ea-67e057f975fe","BART_011.basePlot.vst","2016-10-17","vst_BART_2016","D01","BART","BART_011",,"NEON.PLA.D01.BART.00424","ok","single bole tree","Live",11.3,130,8.2,,,,4.3,2.8,"Mostly shaded",,,,,,,"EkSno5X21V+6BMsaD1wBB48CY0mHxVq/","2xX6mTIEU2zzk+aGAURxuwRthSzBo/kx","legacyData"
"97f9120d-11ee-4f41-baa2-71baee0d04a7","BART_011.basePlot.vst","2016-10-17","vst_BART_2016","D01","BART","BART_011",,"NEON.PLA.D01.BART.00442","ok","single bole tree","Live",19.0,130,10.3,,,,5.8,4.4,"Mostly shaded",,,,,,,"EkSno5X21V+6BMsaD1wBB48CY0mHxVq/","2xX6mTIEU2zzk+aGAURxuwRthSzBo/kx","legacyData"
"c3b3a560-d728-4b8b-9567-9227efdafb5b","BART_011.basePlot.vst","2016-10-17","vst_BART_2016","D01","BART","BART_011",,"NEON.PLA.D01.BART.00445","ok","multi-bole tree","Live",44.1,130,,,,,,,"Open grown",,,,,,"has some scarring at the base from a broken and fallen bole","EkSno5X21V+6BMsaD1wBB48CY0mHxVq/","2xX6mTIEU2zzk+aGAURxuwRthSzBo/kx","legacyData"
"31fea532-d438-4c22-b5ef-c4d5225ac6fc","BART_011.basePlot.vst","2016-10-17","vst_BART_2016","D01","BART","BART_011",,"NEON.PLA.D01.BART.00061","ok","sapling","Live",,,0.8,,,,,,,,1.0,10,,,,"EkSno5X21V+6BMsaD1wBB48CY0mHxVq/","2xX6mTIEU2zzk+aGAURxuwRthSzBo/kx","legacyData"
"f093e679-a938-411e-b350-9f105d725fe4","BART_011.basePlot.vst","2016-10-17","vst_BART_2016","D01","BART","BART_011",,"NEON.PLA.D01.BART.02454","ok","small tree","Live",5.5,130,4.4,,,,,,,,,,,,,"EkSno5X21V+6BMsaD1wBB48CY0mHxVq/","2xX6mTIEU2zzk+aGAURxuwRthSzBo/kx","legacyData"
"90c92900-68e8-4ae3-a6a5-186a31e6998a","BART_011.basePlot.vst","2016-10-17","vst_BART_2016","D01","BART","BART_011",,"NEON.PLA.D01.BART.05798","ok","sapling","Live",,,0.7,,,,,,,,1.1,10,,,,"EkSno5X21V+6BMsaD1wBB48CY0mHxVq/","2xX6mTIEU2zzk+aGAURxuwRthSzBo/kx","legacyData"
"2c8e375c-7795-4071-8e6d-8c00c9f790ef","BART_011.basePlot.vst","2016-10-17","vst_BART_2016","D01","BART","BART_011",,"NEON.PLA.D01.BART.00445A","ok","multi-bole tree","Live",31.1,130,,,,,,,"Open grown",,,,,,,"EkSno5X21V+6BMsaD1wBB48CY0mHxVq/","2xX6mTIEU2zzk+aGAURxuwRthSzBo/kx","legacyData"
"1a1cd781-4bf3-42b7-93d1-3843afb72d83","BART_011.basePlot.vst","2016-10-17","vst_BART_2016","D01","BART","BART_011",,"NEON.PLA.D01.BART.00072","ok","sapling","Live",,,1.7,,,,,,,,1.7,10,,,,"EkSno5X21V+6BMsaD1wBB48CY0mHxVq/","2xX6mTIEU2zzk+aGAURxuwRthSzBo/kx","legacyData"
"78483224-96b9-40d2-8a52-07338d38447d","BART_011.basePlot.vst","2016-10-17","vst_BART_2016","D01","BART","BART_011",,"NEON.PLA.D01.BART.02477","ok","small tree","Live, disease damaged",2.1,130,4.3,,,,,,,,,,,,,"EkSno5X21V+6BMsaD1wBB48CY0mHxVq/","2xX6mTIEU2zzk+aGAURxuwRthSzBo/kx","legacyData"
"04bcc992-b9e2-4c94-85fd-abacf06d2660","BART_011.basePlot.vst","2016-10-17","vst_BART_2016","D01","BART","BART_011",,"NEON.PLA.D01.BART.05795","ok","sapling","Live",,,0.8,,,,,,,,1.0,10,,,,"EkSno5X21V+6BMsaD1wBB48CY0mHxVq/","2xX6mTIEU2zzk+aGAURxuwRthSzBo/kx","legacyData"
"51ba2ba2-a900-49c7-b28a-eaccd2df1dad","BART_011.basePlot.vst","2016-10-17","vst_BART_2016","D01","BART","BART_011",,"NEON.PLA.D01.BART.02123","ok","single bole tree","Live, broken bole",15.5,130,9.3,,9.3,5.0,6.3,4.6,"Partially shaded",,,,,,,"EkSno5X21V+6BMsaD1wBB48CY0mHxVq/","2xX6mTIEU2zzk+aGAURxuwRthSzBo/kx","legacyData"
"6a3ef011-13c3-4c20-bc4f-f46ed5c73744","BART_011.basePlot.vst","2016-10-17","vst_BART_2016","D01","BART","BART_011",,"NEON.PLA.D01.BART.00429","ok","single bole tree","Live",27.7,130,18.2,,,,6.9,6.4,"Partially shaded",,,,,,,"EkSno5X21V+6BMsaD1wBB48CY0mHxVq/","2xX6mTIEU2zzk+aGAURxuwRthSzBo/kx","legacyData"
"2ee746d7-3669-4bbf-9274-526691ee009f","BART_011.basePlot.vst","2016-10-17","vst_BART_2016","D01","BART","BART_011",,"NEON.PLA.D01.BART.00434","ok","single bole tree","Live",39.4,130,19.9,,,,7.1,5.5,"Full sun",,,,,,,"EkSno5X21V+6BMsaD1wBB48CY0mHxVq/","2xX6mTIEU2zzk+aGAURxuwRthSzBo/kx","legacyData"
"81a64054-de14-46e4-b201-5b5fd9e6f2ac","BART_011.basePlot.vst","2016-10-17","vst_BART_2016","D01","BART","BART_011",,"NEON.PLA.D01.BART.05791","ok","sapling","Live",,,0.7,,,,,,,,1.1,10,,,,"EkSno5X21V+6BMsaD1wBB48CY0mHxVq/","2xX6mTIEU2zzk+aGAURxuwRthSzBo/kx","legacyData"
"fb91c942-03fd-4ea9-b623-f3be4ddcc9a3","BART_011.basePlot.vst","2016-10-17","vst_BART_2016","D01","BART","BART_011",,"NEON.PLA.D01.BART.01326","ok","sapling","Live",,,0.6,,,,,,,,1.3,10,,,,"EkSno5X21V+6BMsaD1wBB48CY0mHxVq/","2xX6mTIEU2zzk+aGAURxuwRthSzBo/kx","legacyData"
"22f35012-f0a4-44e0-a790-807152d58943","BART_011.basePlot.vst","2016-10-17","vst_BART_2016","D01","BART","BART_011",,"NEON.PLA.D01.BART.00070","ok","small tree","Live, disease damaged",2.1,130,1.6,,,,,,,,,,,,,"EkSno5X21V+6BMsaD1wBB48CY0mHxVq/","2xX6mTIEU2zzk+aGAURxuwRthSzBo/kx","legacyData"
"3f37bdc2-05c6-43ce-b98f-481752fcec56","BART_011.basePlot.vst","2016-10-17","vst_BART_2016","D01","BART","BART_011",,"NEON.PLA.D01.BART.00432","ok","single bole tree","Live, physically damaged",42.1,130,15.1,,,,10.0,7.3,"Partially shaded",,,,,,,"EkSno5X21V+6BMsaD1wBB48CY0mHxVq/","2xX6mTIEU2zzk+aGAURxuwRthSzBo/kx","legacyData"
"ff48e66d-4584-450c-a53c-b14568f13927","BART_011.basePlot.vst","2016-10-17","vst_BART_2016","D01","BART","BART_011",,"NEON.PLA.D01.BART.00472","ok","single bole tree","Live",10.2,130,9.0,,,,4.6,3.4,"Mostly shaded",,,,,,,"EkSno5X21V+6BMsaD1wBB48CY0mHxVq/","2xX6mTIEU2zzk+aGAURxuwRthSzBo/kx","legacyData"
"0224d627-be0b-4d3f-bd7f-4736b68b9f88","BART_011.basePlot.vst","2016-10-17","vst_BART_2016","D01","BART","BART_011",,"NEON.PLA.D01.BART.00459","ok","single bole tree","Live",19.5,130,13.0,,,,6.5,6.1,"Mostly shaded",,,,,,,"EkSno5X21V+6BMsaD1wBB48CY0mHxVq/","2xX6mTIEU2zzk+aGAURxuwRthSzBo/kx","legacyData"
"ad739d9c-e5a7-4c96-9099-0e49b7091427","BART_011.basePlot.vst","2016-10-17","vst_BART_2016","D01","BART","BART_011",,"NEON.PLA.D01.BART.01345","ok","single bole tree","Live",35.7,130,24.9,,,,8.5,6.8,"Full sun",,,,,,,"EkSno5X21V+6BMsaD1wBB48CY0mHxVq/","2xX6mTIEU2zzk+aGAURxuwRthSzBo/kx","legacyData"
"98f03ada-4d72-4382-9282-6bcc9b93e1fa","BART_011.basePlot.vst","2016-10-17","vst_BART_2016","D01","BART","BART_011",,"NEON.PLA.D01.BART.02476","ok","small tree","Live",9.1,130,7.5,,,,,,,,,,,,,"EkSno5X21V+6BMsaD1wBB48CY0mHxVq/","2xX6mTIEU2zzk+aGAURxuwRthSzBo/kx","legacyData"
"0e82b5e5-d774-41d0-81db-0b286023cce8","BART_011.basePlot.vst","2016-10-17","vst_BART_2016","D01","BART","BART_011",,"NEON.PLA.D01.BART.00451","ok","single bole tree","Dead, broken bole",37.9,130,4.5,,4.5,35.0,,,,,,,,,,"EkSno5X21V+6BMsaD1wBB48CY0mHxVq/","2xX6mTIEU2zzk+aGAURxuwRthSzBo/kx","legacyData"
"83bfa7a0-e77c-42aa-857b-4461beb9d2b8","BART_011.basePlot.vst","2016-10-17","vst_BART_2016","D01","BART","BART_011",,"NEON.PLA.D01.BART.01334","ok","single bole tree","Live, disease damaged",30.2,130,17.1,,,,9.1,6.4,"Partially shaded",,,,,,,"EkSno5X21V+6BMsaD1wBB48CY0mHxVq/","2xX6mTIEU2zzk+aGAURxuwRthSzBo/kx","legacyData"
"83ce1056-f732-4cfa-b73e-16c69c239005","BART_011.basePlot.vst","2016-10-17","vst_BART_2016","D01","BART","BART_011",,"NEON.PLA.D01.BART.00467","ok","single bole tree","Live",20.6,130,16.1,,,,5.9,5.5,"Partially shaded",,,,,,,"EkSno5X21V+6BMsaD1wBB48CY0mHxVq/","2xX6mTIEU2zzk+aGAURxuwRthSzBo/kx","legacyData"
"b27c415c-86f5-4599-9dfc-2dada1d896dd","BART_011.basePlot.vst","2016-10-17","vst_BART_2016","D01","BART","BART_011",,"NEON.PLA.D01.BART.02458","ok","small tree","Live",2.1,130,2.0,,,,,,,,,,,,,"EkSno5X21V+6BMsaD1wBB48CY0mHxVq/","2xX6mTIEU2zzk+aGAURxuwRthSzBo/kx","legacyData"
"5e453bda-bcc9-4334-9442-b48694333d7f","BART_011.basePlot.vst","2016-10-17","vst_BART_2016","D01","BART","BART_011",,"NEON.PLA.D01.BART.00428","ok","single bole tree","Live",40.4,130,22.5,,,,4.9,4.7,"Full sun",,,,,,,"EkSno5X21V+6BMsaD1wBB48CY0mHxVq/","2xX6mTIEU2zzk+aGAURxuwRthSzBo/kx","legacyData"
"1600d0b7-96c9-4faa-9633-d9ec8661246a","BART_011.basePlot.vst","2016-10-17","vst_BART_2016","D01","BART","BART_011",,"NEON.PLA.D01.BART.00441","ok","single bole tree","Live",22.8,130,16.4,,,,8.3,5.2,"Mostly shaded",,,,,,,"EkSno5X21V+6BMsaD1wBB48CY0mHxVq/","2xX6mTIEU2zzk+aGAURxuwRthSzBo/kx","legacyData"
"eb86a935-05d1-4edb-8b6f-834ab3b5fdea","BART_011.basePlot.vst","2016-10-17","vst_BART_2016","D01","BART","BART_011",,"NEON.PLA.D01.BART.00458","ok","small tree","Standing dead",6.8,130,6.4,,,,,,,,,,,,"cause of death unknown possibly suppression","EkSno5X21V+6BMsaD1wBB48CY0mHxVq/","2xX6mTIEU2zzk+aGAURxuwRthSzBo/kx","legacyData"
"ed656043-d45a-49e4-ae04-a1858a1e6aaa","BART_011.basePlot.vst","2016-10-17","vst_BART_2016","D01","BART","BART_011",,"NEON.PLA.D01.BART.05796","ok","sapling","Live",,,0.3,,,,,,,,1.2,10,,,,"EkSno5X21V+6BMsaD1wBB48CY0mHxVq/","2xX6mTIEU2zzk+aGAURxuwRthSzBo/kx","legacyData"
"48da3937-0cc2-48ba-b5fc-642ffd2546a5","BART_011.basePlot.vst","2016-10-17","vst_BART_2016","D01","BART","BART_011",,"NEON.PLA.D01.BART.01335","ok","single bole tree","Live",22.5,130,12.4,,,,6.4,5.9,"Mostly shaded",,,,,,,"EkSno5X21V+6BMsaD1wBB48CY0mHxVq/","2xX6mTIEU2zzk+aGAURxuwRthSzBo/kx","legacyData"
"52361245-b717-4b4c-a067-684fddbe92c9","BART_011.basePlot.vst","2016-10-17","vst_BART_2016","D01","BART","BART_011",,"NEON.PLA.D01.BART.01346","ok","single bole tree","Live",25.5,130,14.6,,,,7.4,5.3,"Partially shaded",,,,,,,"EkSno5X21V+6BMsaD1wBB48CY0mHxVq/","2xX6mTIEU2zzk+aGAURxuwRthSzBo/kx","legacyData"
"742f7eeb-80d6-4ed1-9fae-0a2b2d67f6da","BART_011.basePlot.vst","2016-10-17","vst_BART_2016","D01","BART","BART_011",,"NEON.PLA.D01.BART.00466","ok","single bole tree","Live",23.1,130,14.2,,,,7.1,6.2,"Mostly shaded",,,,,,,"EkSno5X21V+6BMsaD1wBB48CY0mHxVq/","2xX6mTIEU2zzk+aGAURxuwRthSzBo/kx","legacyData"
"776d395d-65a3-4950-9d7f-b2409793127a","BART_011.basePlot.vst","2016-10-17","vst_BART_2016","D01","BART","BART_011",,"NEON.PLA.D01.BART.00452","ok","small tree","Live",1.2,130,1.9,,,,,,,,,,,,,"EkSno5X21V+6BMsaD1wBB48CY0mHxVq/","2xX6mTIEU2zzk+aGAURxuwRthSzBo/kx","legacyData"
"defed637-b5b7-4d64-ba91-9a722bf9fd87","BART_011.basePlot.vst","2016-10-17","vst_BART_2016","D01","BART","BART_011",,"NEON.PLA.D01.BART.01344","ok","single bole tree","Live",33.0,130,21.5,,,,9.5,6.5,"Full sun",,,,,,,"EkSno5X21V+6BMsaD1wBB48CY0mHxVq/","2xX6mTIEU2zzk+aGAURxuwRthSzBo/kx","legacyData"
"3c60425a-8f23-411c-a853-1d3515b9c958","BART_011.basePlot.vst","2016-10-17","vst_BART_2016","D01","BART","BART_011",,"NEON.PLA.D01.BART.05791","ok","sapling","Live",,,0.7,,,,,,,,1.1,10,,,,"EkSno5X21V+6BMsaD1wBB48CY0mHxVq/","2xX6mTIEU2zzk+aGAURxuwRthSzBo/kx","legacyData"
"8f84d4d2-c46b-4b14-a83a-9c8484357733","BART_011.basePlot.vst","2016-10-17","vst_BART_2016","D01","BART","BART_011",,"NEON.PLA.D01.BART.02471","ok","sapling","Live",,,1.1,,,,,,,,1.4,10,,,,"EkSno5X21V+6BMsaD1wBB48CY0mHxVq/","2xX6mTIEU2zzk+aGAURxuwRthSzBo/kx","legacyData"
"9d85408d-aba8-477f-9cc8-867ceeffa8bf","BART_011.basePlot.vst","2016-10-17","vst_BART_2016","D01","BART","BART_011",,"NEON.PLA.D01.BART.01337","ok","small tree","Live, disease damaged",3.5,130,2.5,,,,,,,,,,,,,"EkSno5X21V+6BMsaD1wBB48CY0mHxVq/","2xX6mTIEU2zzk+aGAURxuwRthSzBo/kx","legacyData"
"e20e4c42-d33a-46d4-9746-04ef83e4e825","BART_011.basePlot.vst","2016-10-17","vst_BART_2016","D01","BART","BART_011",,"NEON.PLA.D01.BART.01855","ok","small tree","Live",5.1,130,4.0,,,,,,,,,,,,"scarring from tree falling","EkSno5X21V+6BMsaD1wBB48CY0mHxVq/","2xX6mTIEU2zzk+aGAURxuwRthSzBo/kx","legacyData"
"2aca7e37-bd62-4a79-b061-877458f6e511","BART_011.basePlot.vst","2016-10-17","vst_BART_2016","D01","BART","BART_011",,"NEON.PLA.D01.BART.00071","ok","sapling","Live",,,1.5,,,,,,,,1.7,10,,,,"EkSno5X21V+6BMsaD1wBB48CY0mHxVq/","2xX6mTIEU2zzk+aGAURxuwRthSzBo/kx","legacyData"
"132c523a-05f2-4857-aa8f-4ce7acc719a8","BART_011.basePlot.vst","2016-10-17","vst_BART_2016","D01","BART","BART_011",,"NEON.PLA.D01.BART.02486","ok","single bole tree","Live",13.1,130,8.7,,,,5.4,2.9,"Mostly shaded",,,,,,,"EkSno5X21V+6BMsaD1wBB48CY0mHxVq/","2xX6mTIEU2zzk+aGAURxuwRthSzBo/kx","legacyData"
"a8953a1f-ced2-4941-a404-008b8b3ddcb1","BART_011.basePlot.vst","2016-10-17","vst_BART_2016","D01","BART","BART_011",,"NEON.PLA.D01.BART.05800","ok","small tree","Live",8.1,130,3.9,,,,,,,,,,,,,"EkSno5X21V+6BMsaD1wBB48CY0mHxVq/","2xX6mTIEU2zzk+aGAURxuwRthSzBo/kx","legacyData"
"9a41b9db-7c8c-4206-825e-457624c772bb","BART_011.basePlot.vst","2016-10-17","vst_BART_2016","D01","BART","BART_011",,"NEON.PLA.D01.BART.02482","ok","single bole tree","Live",13.4,130,12.1,,,,3.6,3.4,"Mostly shaded",,,,,,,"EkSno5X21V+6BMsaD1wBB48CY0mHxVq/","2xX6mTIEU2zzk+aGAURxuwRthSzBo/kx","legacyData"
"6143f825-2717-41f7-be83-979084e30516","BART_011.basePlot.vst","2016-10-17","vst_BART_2016","D01","BART","BART_011",,"NEON.PLA.D01.BART.00426","ok","single bole tree","Live, physically damaged",39.8,130,18.9,,,,8.2,6.1,"Partially shaded",,,,,,,"EkSno5X21V+6BMsaD1wBB48CY0mHxVq/","2xX6mTIEU2zzk+aGAURxuwRthSzBo/kx","legacyData"
"a6be24a7-c8d5-4c79-a7bb-85455022e34e","BART_011.basePlot.vst","2016-10-17","vst_BART_2016","D01","BART","BART_011",,"NEON.PLA.D01.BART.00455","ok","single bole tree","Live",59.5,130,24.2,,,,12.8,8.3,"Full sun",,,,,,,"EkSno5X21V+6BMsaD1wBB48CY0mHxVq/","2xX6mTIEU2zzk+aGAURxuwRthSzBo/kx","legacyData"
"89a780e8-bd38-4aef-9ca9-c738507aa225","BART_011.basePlot.vst","2016-10-17","vst_BART_2016","D01","BART","BART_011",,"NEON.PLA.D01.BART.00435","ok","single bole tree","Live",24.7,130,16.7,,,,5.8,5.0,"Open grown",,,,,,,"EkSno5X21V+6BMsaD1wBB48CY0mHxVq/","2xX6mTIEU2zzk+aGAURxuwRthSzBo/kx","legacyData"
"4f694aff-017f-40fc-b01f-c833e35007bf","BART_011.basePlot.vst","2016-10-17","vst_BART_2016","D01","BART","BART_011",,"NEON.PLA.D01.BART.05790","ok","sapling","Standing dead",,,1.0,,,,,,,,1.5,10,,,,"EkSno5X21V+6BMsaD1wBB48CY0mHxVq/","2xX6mTIEU2zzk+aGAURxuwRthSzBo/kx","legacyData"
"520c67bd-6d5c-4560-87e2-60a0952cc9e9","BART_011.basePlot.vst","2016-10-17","vst_BART_2016","D01","BART","BART_011",,"NEON.PLA.D01.BART.05793","ok","sapling","Live, disease damaged",,,1.5,,,,1.0,,,,1.0,10,,,,"EkSno5X21V+6BMsaD1wBB48CY0mHxVq/","2xX6mTIEU2zzk+aGAURxuwRthSzBo/kx","legacyData"
"16ad42ed-a154-4515-b4f1-c63888cc3ce5","BART_011.basePlot.vst","2016-10-17","vst_BART_2016","D01","BART","BART_011",,"NEON.PLA.D01.BART.02459","ok","single bole tree","Live",13.3,130,11.6,,,,4.7,4.5,"Mostly shaded",,,,,,,"EkSno5X21V+6BMsaD1wBB48CY0mHxVq/","2xX6mTIEU2zzk+aGAURxuwRthSzBo/kx","legacyData"
"ca9305a5-b5ba-4217-abfc-3e8554190da8","BART_011.basePlot.vst","2016-10-17","vst_BART_2016","D01","BART","BART_011",,"NEON.PLA.D01.BART.00444","ok","single bole tree","Live",22.6,130,12.9,,,,6.4,4.1,"Mostly shaded",,,,,,,"EkSno5X21V+6BMsaD1wBB48CY0mHxVq/","2xX6mTIEU2zzk+aGAURxuwRthSzBo/kx","legacyData"
"a2030f65-b5ff-45d9-8219-a3ba25972ce0","BART_011.basePlot.vst","2016-10-17","vst_BART_2016","D01","BART","BART_011",,"NEON.PLA.D01.BART.00447","ok","single bole tree","Live",20.0,130,12.5,,,,4.5,4.1,"Mostly shaded",,,,,,,"EkSno5X21V+6BMsaD1wBB48CY0mHxVq/","2xX6mTIEU2zzk+aGAURxuwRthSzBo/kx","legacyData"
"115a0856-b945-4215-a99c-158a63224f8c","BART_011.basePlot.vst","2016-10-17","vst_BART_2016","D01","BART","BART_011",,"NEON.PLA.D01.BART.01858","ok",,"No longer qualifies",,,,,,,,,,,,,,,"too small; when big enough will be A for 1858","EkSno5X21V+6BMsaD1wBB48CY0mHxVq/","2xX6mTIEU2zzk+aGAURxuwRthSzBo/kx","legacyData"
"412dc50f-e5d9-46f7-9847-0fd32032f632","BART_011.basePlot.vst","2016-10-17","vst_BART_2016","D01","BART","BART_011",,"NEON.PLA.D01.BART.00457","ok","sapling","Live",,,0.6,,,,,,,,1.0,10,,,,"EkSno5X21V+6BMsaD1wBB48CY0mHxVq/","2xX6mTIEU2zzk+aGAURxuwRthSzBo/kx","legacyData"
"7063b4ab-fff8-4502-a90a-c28fc4426489","BART_011.basePlot.vst","2016-10-17","vst_BART_2016","D01","BART","BART_011",,"NEON.PLA.D01.BART.00456","ok","small tree","Live",1.8,130,1.8,,,,,,,,,,,,,"EkSno5X21V+6BMsaD1wBB48CY0mHxVq/","2xX6mTIEU2zzk+aGAURxuwRthSzBo/kx","legacyData"
"85562a88-3ea6-4a1b-81fe-ab3f12e22cba","BART_011.basePlot.vst","2016-10-17","vst_BART_2016","D01","BART","BART_011",,"NEON.PLA.D01.BART.00427","ok","single bole tree","Live",29.7,130,16.7,,,,5.9,5.2,"Partially shaded",,,,,,,"EkSno5X21V+6BMsaD1wBB48CY0mHxVq/","2xX6mTIEU2zzk+aGAURxuwRthSzBo/kx","legacyData"
"ffe2f8f8-21c6-4a0e-bbab-73840aad52dc","BART_011.basePlot.vst","2016-10-17","vst_BART_2016","D01","BART","BART_011",,"NEON.PLA.D01.BART.05794","ok","single bole tree","Live",11.5,130,8.2,,,,5.3,4.7,"Mostly shaded",,,,,,,"EkSno5X21V+6BMsaD1wBB48CY0mHxVq/","2xX6mTIEU2zzk+aGAURxuwRthSzBo/kx","legacyData"
"8ed86347-d136-4d11-9c40-aa62e57547a5","BART_011.basePlot.vst","2016-10-17","vst_BART_2016","D01","BART","BART_011",,"NEON.PLA.D01.BART.05789","ok","small tree","Live, disease damaged",1.7,130,1.6,,,,,,,,,,,,"bent bole almost broken by fallen tree","EkSno5X21V+6BMsaD1wBB48CY0mHxVq/","2xX6mTIEU2zzk+aGAURxuwRthSzBo/kx","legacyData"
"3ec72d54-70ee-449c-ae5c-d388e510cf7e","BART_011.basePlot.vst","2016-10-17","vst_BART_2016","D01","BART","BART_011",,"NEON.PLA.D01.BART.05795","ok","sapling","Live",,,0.8,,,,,,,,1.0,10,,,,"EkSno5X21V+6BMsaD1wBB48CY0mHxVq/","2xX6mTIEU2zzk+aGAURxuwRthSzBo/kx","legacyData"
"995e9b53-19ea-4c93-8cd1-4cc4a66ccfb9","BART_012.basePlot.vst","2016-10-18","vst_BART_2016","D01","BART","BART_012",,"NEON.PLA.D01.BART.01790","ok","single bole tree","Live, disease damaged",24.9,130,18.9,,,,10.5,5.8,"Partially shaded",,,,,,"has beech bark disease","Pes0SJTi6mB/L3kaeuPRUby8XD59hvb8","WpWHyjh7ZEbsFcxLGlzbonUvwbNLZ84R","legacyData"
"a41bcdb0-0f28-44df-b175-14430405a55c","BART_012.basePlot.vst","2016-10-18","vst_BART_2016","D01","BART","BART_012",,"NEON.PLA.D01.BART.01887","ok","sapling","Live, broken bole",,,0.6,,0.4,1.0,,,,,1.3,10,,,"Diseases/damaged and unknown cause of break; has beech bark disease","Pes0SJTi6mB/L3kaeuPRUby8XD59hvb8","WpWHyjh7ZEbsFcxLGlzbonUvwbNLZ84R","legacyData"
"8d27384c-e29d-487e-b201-7214d57be1cc","BART_027.basePlot.vst","2016-10-18","vst_BART_2016","D01","BART","BART_027",,"NEON.PLA.D01.BART.02603","ok",,"No longer qualifies",,,,,,,,,,,,,,,"dead broken and under 130cm in height","WpWHyjh7ZEbsFcxLGlzbonUvwbNLZ84R","YIdCm/eZ/WQGLpKDhr5RQBg/3vFW6Qg7","legacyData"
"ec1975cc-525a-4795-b463-b3b33a9f3ad2","BART_027.basePlot.vst","2016-10-18","vst_BART_2016","D01","BART","BART_027",,"NEON.PLA.D01.BART.02623","ok","sapling","Live",,,0.5,,,,,,,,1.4,10,,,,"WpWHyjh7ZEbsFcxLGlzbonUvwbNLZ84R","YIdCm/eZ/WQGLpKDhr5RQBg/3vFW6Qg7","legacyData"
"a82858b3-06b7-4033-907f-07ae6c5f92d9","BART_027.basePlot.vst","2016-10-18","vst_BART_2016","D01","BART","BART_027",,"NEON.PLA.D01.BART.02639","ok","single bole tree","Dead, broken bole",16.9,130,8.1,,8.1,6.0,,,,,,,,,"unknown cause of death","WpWHyjh7ZEbsFcxLGlzbonUvwbNLZ84R","YIdCm/eZ/WQGLpKDhr5RQBg/3vFW6Qg7","legacyData"
"c79a9da8-c62a-4902-a60d-15bd42ef9992","BART_027.basePlot.vst","2016-10-18","vst_BART_2016","D01","BART","BART_027",,"NEON.PLA.D01.BART.02606","ok","single bole tree","Live",47.0,130,22.7,,,,8.6,7.1,"Full sun",,,,,,,"WpWHyjh7ZEbsFcxLGlzbonUvwbNLZ84R","YIdCm/eZ/WQGLpKDhr5RQBg/3vFW6Qg7","legacyData"
"b0456fea-1940-4482-b8fc-e4af9c3c4556","BART_027.basePlot.vst","2016-10-18","vst_BART_2016","D01","BART","BART_027",,"NEON.PLA.D01.BART.00359","ok","single bole tree","Live",22.9,130,17.9,,,,3.9,3.4,"Full sun",,,,,,,"WpWHyjh7ZEbsFcxLGlzbonUvwbNLZ84R","YIdCm/eZ/WQGLpKDhr5RQBg/3vFW6Qg7","legacyData"
"2741dc36-d4b2-493a-b9c7-0ca6acb5ce23","BART_027.basePlot.vst","2016-10-18","vst_BART_2016","D01","BART","BART_027",,"NEON.PLA.D01.BART.02609","ok","sapling","Live",,,0.9,,,,,,,,1.5,10,,,,"WpWHyjh7ZEbsFcxLGlzbonUvwbNLZ84R","YIdCm/eZ/WQGLpKDhr5RQBg/3vFW6Qg7","legacyData"
"ad63424c-4cd5-464b-b768-90cb6e111510","BART_027.basePlot.vst","2016-10-18","vst_BART_2016","D01","BART","BART_027",,"NEON.PLA.D01.BART.02641","ok","single bole tree","Dead, broken bole",17.1,130,14.8,,14.8,5.0,,,,,,,,,"unknown cause of death","WpWHyjh7ZEbsFcxLGlzbonUvwbNLZ84R","YIdCm/eZ/WQGLpKDhr5RQBg/3vFW6Qg7","legacyData"
"c19bb61a-893e-4dc7-9aa1-73e47a023106","BART_012.basePlot.vst","2016-10-18","vst_BART_2016","D01","BART","BART_012",,"NEON.PLA.D01.BART.01779","ok","small tree","Live, disease damaged",1.4,130,0.7,,,,,,,,,,,,"Leaning because wood fell on top at 140cm and some physical damage; has beech bark disease","Pes0SJTi6mB/L3kaeuPRUby8XD59hvb8","WpWHyjh7ZEbsFcxLGlzbonUvwbNLZ84R","legacyData"
"8e3e3f5f-cc0c-4b05-8414-c152b182b4cb","BART_012.basePlot.vst","2016-10-18","vst_BART_2016","D01","BART","BART_012",,"NEON.PLA.D01.BART.01880","ok","sapling","Live, disease damaged",,,1.2,,,,,,,,1.1,10,,,"has beech bark disease","Pes0SJTi6mB/L3kaeuPRUby8XD59hvb8","WpWHyjh7ZEbsFcxLGlzbonUvwbNLZ84R","legacyData"
"7b74ffd0-9d3f-4226-8722-219a5813b13e","BART_012.basePlot.vst","2016-10-18","vst_BART_2016","D01","BART","BART_012",,"NEON.PLA.D01.BART.01895","ok","small tree","Standing dead",2.6,130,4.1,,,,,,,,,,,,"Unknown cause of death; has beech bark disease","Pes0SJTi6mB/L3kaeuPRUby8XD59hvb8","WpWHyjh7ZEbsFcxLGlzbonUvwbNLZ84R","legacyData"
"84d36a09-b9b7-475b-a683-362d6024701c","BART_012.basePlot.vst","2016-10-18","vst_BART_2016","D01","BART","BART_012",,"NEON.PLA.D01.BART.01866","ok","sapling","Live, disease damaged",,,1.7,,,,,,,,2.6,10,,,"has beech bark disease","Pes0SJTi6mB/L3kaeuPRUby8XD59hvb8","WpWHyjh7ZEbsFcxLGlzbonUvwbNLZ84R","legacyData"
"1b265dee-db4d-423f-ba84-7faab1fbf119","BART_012.basePlot.vst","2016-10-18","vst_BART_2016","D01","BART","BART_012",,"NEON.PLA.D01.BART.01872","ok","sapling","Live, disease damaged",,,1.2,,,,,,,,2.0,10,,,"has beech bark disease","Pes0SJTi6mB/L3kaeuPRUby8XD59hvb8","WpWHyjh7ZEbsFcxLGlzbonUvwbNLZ84R","legacyData"
"6ec593bb-8101-40c8-9281-02692c51281d","BART_012.basePlot.vst","2016-10-18","vst_BART_2016","D01","BART","BART_012",,"NEON.PLA.D01.BART.01799","ok","single bole tree","Live, disease damaged",22.0,130,12.0,,,,9.5,9.4,"Partially shaded",,,,,,"has beech bark disease","Pes0SJTi6mB/L3kaeuPRUby8XD59hvb8","WpWHyjh7ZEbsFcxLGlzbonUvwbNLZ84R","legacyData"
"48c3a47d-2eed-4338-b299-02e952872238","BART_027.basePlot.vst","2016-10-18","vst_BART_2016","D01","BART","BART_027",,"NEON.PLA.D01.BART.02605","ok","single bole tree","Live",38.6,130,21.3,,,,7.6,5.7,"Full sun",,,,,,,"WpWHyjh7ZEbsFcxLGlzbonUvwbNLZ84R","YIdCm/eZ/WQGLpKDhr5RQBg/3vFW6Qg7","legacyData"
"6eaa1d41-e542-42e1-aa94-4acebe78e79a","BART_027.basePlot.vst","2016-10-18","vst_BART_2016","D01","BART","BART_027",,"NEON.PLA.D01.BART.00603","ok","single bole tree","Dead, broken bole",29.2,130,6.6,,6.6,20.0,,,,,,,,,"unknown cause of death","WpWHyjh7ZEbsFcxLGlzbonUvwbNLZ84R","YIdCm/eZ/WQGLpKDhr5RQBg/3vFW6Qg7","legacyData"
"bc547200-3b04-4184-989b-49108bd2d1d1","BART_012.basePlot.vst","2016-10-18","vst_BART_2016","D01","BART","BART_012",,"NEON.PLA.D01.BART.01976","ok","single bole tree","Live, disease damaged",28.1,130,17.4,,,,10.6,8.4,"Full sun",,,,,,"Bark irregular everywhere from beech bark disease","Pes0SJTi6mB/L3kaeuPRUby8XD59hvb8","WpWHyjh7ZEbsFcxLGlzbonUvwbNLZ84R","legacyData"
"1cd6cf0c-6cd7-4979-a1dc-3a7e27575775","BART_027.basePlot.vst","2016-10-18","vst_BART_2016","D01","BART","BART_027",,"NEON.PLA.D01.BART.00604","ok","single bole tree","Live",32.5,130,20.7,,,,6.0,5.8,"Full sun",,,,,,,"WpWHyjh7ZEbsFcxLGlzbonUvwbNLZ84R","YIdCm/eZ/WQGLpKDhr5RQBg/3vFW6Qg7","legacyData"
"b5c46769-41be-4202-b606-21ed75bc69ed","BART_027.basePlot.vst","2016-10-18","vst_BART_2016","D01","BART","BART_027",,"NEON.PLA.D01.BART.02638","ok","single bole tree","Live",18.8,130,16.9,,,,5.4,5.0,"Full sun",,,,,,,"WpWHyjh7ZEbsFcxLGlzbonUvwbNLZ84R","YIdCm/eZ/WQGLpKDhr5RQBg/3vFW6Qg7","legacyData"
"fc189a34-2e84-4aaf-a6cb-2c6abfeabcab","BART_027.basePlot.vst","2016-10-18","vst_BART_2016","D01","BART","BART_027",,"NEON.PLA.D01.BART.02612","ok","sapling","Live",,,0.8,,,,,,,,1.3,10,,,,"WpWHyjh7ZEbsFcxLGlzbonUvwbNLZ84R","YIdCm/eZ/WQGLpKDhr5RQBg/3vFW6Qg7","legacyData"
"7aeb1ed4-6f9e-4cb6-b2b4-177ce6d83591","BART_027.basePlot.vst","2016-10-18","vst_BART_2016","D01","BART","BART_027",,"NEON.PLA.D01.BART.05605","ok","sapling","Live",,,0.5,,,,,,,,1.2,10,,,,"WpWHyjh7ZEbsFcxLGlzbonUvwbNLZ84R","YIdCm/eZ/WQGLpKDhr5RQBg/3vFW6Qg7","legacyData"
"4ec0c8fe-e821-4c7c-a541-7617e9efd381","BART_027.basePlot.vst","2016-10-18","vst_BART_2016","D01","BART","BART_027",,"NEON.PLA.D01.BART.00601","ok","single bole tree","Live",31.2,130,20.8,,,,6.0,4.9,"Full sun",,,,,,,"WpWHyjh7ZEbsFcxLGlzbonUvwbNLZ84R","YIdCm/eZ/WQGLpKDhr5RQBg/3vFW6Qg7","legacyData"
"92ecb039-d923-404b-8e70-9095de7ad9c1","BART_027.basePlot.vst","2016-10-18","vst_BART_2016","D01","BART","BART_027",,"NEON.PLA.D01.BART.02616","ok","single bole tree","Live",20.5,130,19.2,,,,5.4,4.8,"Partially shaded",,,,,,,"WpWHyjh7ZEbsFcxLGlzbonUvwbNLZ84R","YIdCm/eZ/WQGLpKDhr5RQBg/3vFW6Qg7","legacyData"
"0c8af594-97c0-4e31-b6aa-67d6e7d1b478","BART_027.basePlot.vst","2016-10-18","vst_BART_2016","D01","BART","BART_027",,"NEON.PLA.D01.BART.02629","ok","single bole tree","Live",48.2,130,21.0,,,,15.7,6.8,"Full sun",,,,,,,"WpWHyjh7ZEbsFcxLGlzbonUvwbNLZ84R","YIdCm/eZ/WQGLpKDhr5RQBg/3vFW6Qg7","legacyData"
"70b01e90-42de-4d38-b4b6-87d5bd44d9cc","BART_027.basePlot.vst","2016-10-18","vst_BART_2016","D01","BART","BART_027",,"NEON.PLA.D01.BART.00358","ok","single bole tree","Live, physically damaged",13.8,130,16.8,,,,1.8,1.6,"Partially shaded",,,,,,"vertical large crack on bole","WpWHyjh7ZEbsFcxLGlzbonUvwbNLZ84R","YIdCm/eZ/WQGLpKDhr5RQBg/3vFW6Qg7","legacyData"
"7df85e1d-d32b-4633-9499-b222e5e95bf1","BART_012.basePlot.vst","2016-10-18","vst_BART_2016","D01","BART","BART_012",,"NEON.PLA.D01.BART.01949","ok","small tree","Live, disease damaged",5.0,130,5.0,,,,,,,,,,,,"has beech bark disease","Pes0SJTi6mB/L3kaeuPRUby8XD59hvb8","WpWHyjh7ZEbsFcxLGlzbonUvwbNLZ84R","legacyData"
"42a3686b-eadf-40a5-b3b9-d2f6d8d892d5","BART_012.basePlot.vst","2016-10-18","vst_BART_2016","D01","BART","BART_012",,"NEON.PLA.D01.BART.01784","ok","single bole tree","Live, disease damaged",12.8,130,9.7,,,,7.8,7.5,"Partially shaded",,,,,,"has beech bark disease","Pes0SJTi6mB/L3kaeuPRUby8XD59hvb8","WpWHyjh7ZEbsFcxLGlzbonUvwbNLZ84R","legacyData"
"68fe6e09-2fbc-4724-b817-11bd44108a0e","BART_012.basePlot.vst","2016-10-18","vst_BART_2016","D01","BART","BART_012",,"NEON.PLA.D01.BART.01961","ok","sapling","Live, disease damaged",,,1.7,,,,,,,,1.9,10,,,"has beech bark disease","Pes0SJTi6mB/L3kaeuPRUby8XD59hvb8","WpWHyjh7ZEbsFcxLGlzbonUvwbNLZ84R","legacyData"
"4b89dcbd-700f-49b7-9495-6d4e2ba60436","BART_012.basePlot.vst","2016-10-18","vst_BART_2016","D01","BART","BART_012",,"NEON.PLA.D01.BART.01800","ok","single bole tree","Live, physically damaged",43.3,170,19.8,,,,9.8,9.4,"Full sun",,,,,,"Buldge and scar make it irregular at 130cm","Pes0SJTi6mB/L3kaeuPRUby8XD59hvb8","WpWHyjh7ZEbsFcxLGlzbonUvwbNLZ84R","legacyData"
"ad0ed60a-e4c3-4f95-8d99-749b46f55cb3","BART_012.basePlot.vst","2016-10-18","vst_BART_2016","D01","BART","BART_012",,"NEON.PLA.D01.BART.01875","ok","sapling","Live, disease damaged",,,1.7,,,,,,,,1.5,10,,,"has beech bark disease","Pes0SJTi6mB/L3kaeuPRUby8XD59hvb8","WpWHyjh7ZEbsFcxLGlzbonUvwbNLZ84R","legacyData"
"d4bb6944-cae1-4a2d-b7fa-3de3cf55401a","BART_012.basePlot.vst","2016-10-18","vst_BART_2016","D01","BART","BART_012",,"NEON.PLA.D01.BART.01890","ok","sapling","Live, disease damaged",,,1.3,,,,,,,,1.8,15,,,"has beech bark disease","Pes0SJTi6mB/L3kaeuPRUby8XD59hvb8","WpWHyjh7ZEbsFcxLGlzbonUvwbNLZ84R","legacyData"
"ec478276-6107-4638-9d1a-968e79a32dbe","BART_012.basePlot.vst","2016-10-18","vst_BART_2016","D01","BART","BART_012",,"NEON.PLA.D01.BART.01785","ok","small tree","Live, disease damaged",6.3,130,7.3,,,,,,,,,,,,"has beech bark disease","Pes0SJTi6mB/L3kaeuPRUby8XD59hvb8","WpWHyjh7ZEbsFcxLGlzbonUvwbNLZ84R","legacyData"
"146204ad-7c70-4012-9856-db4650dfa7b0","BART_012.basePlot.vst","2016-10-18","vst_BART_2016","D01","BART","BART_012",,"NEON.PLA.D01.BART.01798","ok","small tree","Live, disease damaged",6.5,130,7.8,,,,,,,,,,,,"has beech bark disease","Pes0SJTi6mB/L3kaeuPRUby8XD59hvb8","WpWHyjh7ZEbsFcxLGlzbonUvwbNLZ84R","legacyData"
"89a84fa4-96a8-402b-8dbb-339cccc31052","BART_012.basePlot.vst","2016-10-18","vst_BART_2016","D01","BART","BART_012",,"NEON.PLA.D01.BART.01963","ok","sapling","Live, disease damaged",,,1.0,,,,,,,,1.4,10,,,"has beech bark disease","Pes0SJTi6mB/L3kaeuPRUby8XD59hvb8","WpWHyjh7ZEbsFcxLGlzbonUvwbNLZ84R","legacyData"
"6c32c226-f288-4d37-ac6b-893d9859773c","BART_012.basePlot.vst","2016-10-18","vst_BART_2016","D01","BART","BART_012",,"NEON.PLA.D01.BART.01864","ok",,"No longer qualifies",,,,,,,,,,,,,,,"Removed because not rooted into ground anymore","Pes0SJTi6mB/L3kaeuPRUby8XD59hvb8","WpWHyjh7ZEbsFcxLGlzbonUvwbNLZ84R","legacyData"
"9fed3579-84cf-4432-95b2-c5dd9bb11e49","BART_012.basePlot.vst","2016-10-18","vst_BART_2016","D01","BART","BART_012",,"NEON.PLA.D01.BART.01865","ok","small tree","Live, disease damaged",2.1,130,3.0,,,,,,,,,,,,"has beech bark disease","Pes0SJTi6mB/L3kaeuPRUby8XD59hvb8","WpWHyjh7ZEbsFcxLGlzbonUvwbNLZ84R","legacyData"
"ce1c53cb-2740-4afd-b96e-cc120f020229","BART_012.basePlot.vst","2016-10-18","vst_BART_2016","D01","BART","BART_012",,"NEON.PLA.D01.BART.01878","ok","small tree","Live, disease damaged",1.9,130,3.2,,,,,,,,,,,,"has beech bark disease","Pes0SJTi6mB/L3kaeuPRUby8XD59hvb8","WpWHyjh7ZEbsFcxLGlzbonUvwbNLZ84R","legacyData"
"97ca5c2c-e262-4488-b9ab-feb4e687d9ef","BART_012.basePlot.vst","2016-10-18","vst_BART_2016","D01","BART","BART_012",,"NEON.PLA.D01.BART.01884","ok","sapling","Standing dead",,,1.1,,,,,,,,1.4,10,,,"Unknown cause of death; has beech bark disease","Pes0SJTi6mB/L3kaeuPRUby8XD59hvb8","WpWHyjh7ZEbsFcxLGlzbonUvwbNLZ84R","legacyData"
"7cc531d5-dfef-440b-98fe-1bff14263cfc","BART_012.basePlot.vst","2016-10-18","vst_BART_2016","D01","BART","BART_012",,"NEON.PLA.D01.BART.01896","ok","sapling","Live",,,1.0,,,,,,,,1.5,10,,,,"Pes0SJTi6mB/L3kaeuPRUby8XD59hvb8","WpWHyjh7ZEbsFcxLGlzbonUvwbNLZ84R","legacyData"
"93b8e3b5-a9e7-462f-b637-a20c29cecf31","BART_012.basePlot.vst","2016-10-18","vst_BART_2016","D01","BART","BART_012",,"NEON.PLA.D01.BART.01881","ok","sapling","Live, disease damaged",,,1.9,,,,,,,,1.6,10,,,"has beech bark disease","Pes0SJTi6mB/L3kaeuPRUby8XD59hvb8","WpWHyjh7ZEbsFcxLGlzbonUvwbNLZ84R","legacyData"
"c6635715-ad3d-44d1-a135-61ffe4367c59","BART_012.basePlot.vst","2016-10-18","vst_BART_2016","D01","BART","BART_012",,"NEON.PLA.D01.BART.01885","ok","sapling","Live, disease damaged",,,1.7,,,,,,,,1.7,10,,,"has beech bark disease","Pes0SJTi6mB/L3kaeuPRUby8XD59hvb8","WpWHyjh7ZEbsFcxLGlzbonUvwbNLZ84R","legacyData"
"ce6fe8ea-db96-43f7-95fa-417dd05dc191","BART_012.basePlot.vst","2016-10-18","vst_BART_2016","D01","BART","BART_012",,"NEON.PLA.D01.BART.01894","ok","small tree","Live, disease damaged",4.0,130,4.1,,,,,,,,,,,,"has beech bark disease","Pes0SJTi6mB/L3kaeuPRUby8XD59hvb8","WpWHyjh7ZEbsFcxLGlzbonUvwbNLZ84R","legacyData"
"6b0c6427-cdb6-4fd2-add6-b877db9d855c","BART_012.basePlot.vst","2016-10-18","vst_BART_2016","D01","BART","BART_012",,"NEON.PLA.D01.BART.01873","ok","sapling","Live, disease damaged",,,1.0,,,,,,,,1.1,10,,,"has beech bark disease","Pes0SJTi6mB/L3kaeuPRUby8XD59hvb8","WpWHyjh7ZEbsFcxLGlzbonUvwbNLZ84R","legacyData"
"8feca464-4e1e-4cb3-ac21-31e7f24ab8ba","BART_012.basePlot.vst","2016-10-18","vst_BART_2016","D01","BART","BART_012",,"NEON.PLA.D01.BART.01892","ok","sapling","Live, disease damaged",,,1.7,,,,,,,,1.8,10,,,"has beech bark disease","Pes0SJTi6mB/L3kaeuPRUby8XD59hvb8","WpWHyjh7ZEbsFcxLGlzbonUvwbNLZ84R","legacyData"
"4e7971a0-b820-4896-9476-3fb4f7ead74f","BART_012.basePlot.vst","2016-10-18","vst_BART_2016","D01","BART","BART_012",,"NEON.PLA.D01.BART.01877","ok","sapling","Live, disease damaged",,,0.6,,,,,,,,1.0,10,,,"has beech bark disease","Pes0SJTi6mB/L3kaeuPRUby8XD59hvb8","WpWHyjh7ZEbsFcxLGlzbonUvwbNLZ84R","legacyData"
"b368fb6b-6f22-44c4-9006-117373bd4b47","BART_012.basePlot.vst","2016-10-18","vst_BART_2016","D01","BART","BART_012",,"NEON.PLA.D01.BART.01888","ok","small tree","Dead, broken bole",2.5,130,3.5,,3.5,3.0,,,,,,,,,"Unknown cause of death; has beech bark disease","Pes0SJTi6mB/L3kaeuPRUby8XD59hvb8","WpWHyjh7ZEbsFcxLGlzbonUvwbNLZ84R","legacyData"
"a945613d-00e0-4255-bf05-87ee0ae90466","BART_012.basePlot.vst","2016-10-18","vst_BART_2016","D01","BART","BART_012",,"NEON.PLA.D01.BART.01778","ok","small tree","Live, disease damaged",3.2,130,3.5,,,,,,,,,,,,"has beech bark disease","Pes0SJTi6mB/L3kaeuPRUby8XD59hvb8","WpWHyjh7ZEbsFcxLGlzbonUvwbNLZ84R","legacyData"
"0a6057d4-7fa6-430d-b4f3-703d19e1f54e","BART_012.basePlot.vst","2016-10-18","vst_BART_2016","D01","BART","BART_012",,"NEON.PLA.D01.BART.01977","ok","single bole tree","Live",45.4,130,20.4,,,,14.3,8.3,"Full sun",,,,,,,"Pes0SJTi6mB/L3kaeuPRUby8XD59hvb8","WpWHyjh7ZEbsFcxLGlzbonUvwbNLZ84R","legacyData"
"846e2ac7-7e91-415c-8f80-57634f240d7e","BART_027.basePlot.vst","2016-10-18","vst_BART_2016","D01","BART","BART_027",,"NEON.PLA.D01.BART.00360","ok","single bole tree","Live",36.7,130,19.1,,,,7.3,6.0,"Full sun",,,,,,,"WpWHyjh7ZEbsFcxLGlzbonUvwbNLZ84R","YIdCm/eZ/WQGLpKDhr5RQBg/3vFW6Qg7","legacyData"
"6f40aea4-a1b0-4e8f-9a41-0cceed6728c8","BART_027.basePlot.vst","2016-10-18","vst_BART_2016","D01","BART","BART_027",,"NEON.PLA.D01.BART.02619","ok","sapling","Live",,,0.7,,,,,,,,1.5,10,,,,"WpWHyjh7ZEbsFcxLGlzbonUvwbNLZ84R","YIdCm/eZ/WQGLpKDhr5RQBg/3vFW6Qg7","legacyData"
"1b3cd7d4-23f3-470d-855a-22acebaeae09","BART_027.basePlot.vst","2016-10-18","vst_BART_2016","D01","BART","BART_027",,"NEON.PLA.D01.BART.02622","ok","sapling","Live",,,0.7,,,,,,,,1.2,10,,,,"WpWHyjh7ZEbsFcxLGlzbonUvwbNLZ84R","YIdCm/eZ/WQGLpKDhr5RQBg/3vFW6Qg7","legacyData"
"0203c124-ca35-4cfe-8d59-ac55b1486f61","BART_027.basePlot.vst","2016-10-18","vst_BART_2016","D01","BART","BART_027",,"NEON.PLA.D01.BART.02608","ok","sapling","Live",,,0.8,,,,,,,,1.8,10,,,"CDW leaning on bole but no damage yet","WpWHyjh7ZEbsFcxLGlzbonUvwbNLZ84R","YIdCm/eZ/WQGLpKDhr5RQBg/3vFW6Qg7","legacyData"
"f76b3f74-9998-464d-bcec-b472b676a70c","BART_027.basePlot.vst","2016-10-18","vst_BART_2016","D01","BART","BART_027",,"NEON.PLA.D01.BART.02615","ok","sapling","Live",,,0.5,,,,,,,,1.3,10,,,,"WpWHyjh7ZEbsFcxLGlzbonUvwbNLZ84R","YIdCm/eZ/WQGLpKDhr5RQBg/3vFW6Qg7","legacyData"
"48d1bb18-a8b0-4a1f-90dc-384840df3d5e","BART_027.basePlot.vst","2016-10-18","vst_BART_2016","D01","BART","BART_027",,"NEON.PLA.D01.BART.02617","ok","sapling","Live",,,0.9,,,,,,,,1.8,10,,,,"WpWHyjh7ZEbsFcxLGlzbonUvwbNLZ84R","YIdCm/eZ/WQGLpKDhr5RQBg/3vFW6Qg7","legacyData"
"205662c5-1ee5-4d0e-bb26-60069ba3a6e3","BART_027.basePlot.vst","2016-10-18","vst_BART_2016","D01","BART","BART_027",,"NEON.PLA.D01.BART.02618","ok","sapling","Live",,,0.9,,,,,,,,1.9,10,,,,"WpWHyjh7ZEbsFcxLGlzbonUvwbNLZ84R","YIdCm/eZ/WQGLpKDhr5RQBg/3vFW6Qg7","legacyData"
"99766b25-3313-4e18-8881-93a3113c72c4","BART_027.basePlot.vst","2016-10-18","vst_BART_2016","D01","BART","BART_027",,"NEON.PLA.D01.BART.02632","ok","single bole tree","Dead, broken bole",39.5,130,19.9,,19.9,18.0,,,,,,,,,"unknown cause of death","WpWHyjh7ZEbsFcxLGlzbonUvwbNLZ84R","YIdCm/eZ/WQGLpKDhr5RQBg/3vFW6Qg7","legacyData"
"2a598a05-4e61-4749-9ee5-708f1634a4ef","BART_027.basePlot.vst","2016-10-18","vst_BART_2016","D01","BART","BART_027",,"NEON.PLA.D01.BART.02646","ok","single bole tree","Live",12.8,130,12.9,,,,4.2,3.5,"Mostly shaded",,,,,,"measurement height is actually 130cm","WpWHyjh7ZEbsFcxLGlzbonUvwbNLZ84R","YIdCm/eZ/WQGLpKDhr5RQBg/3vFW6Qg7","legacyData"
"e299753c-b2ff-47d3-a225-8c4d85563047","BART_027.basePlot.vst","2016-10-18","vst_BART_2016","D01","BART","BART_027",,"NEON.PLA.D01.BART.02647","ok","single bole tree","Live",31.8,130,19.7,,,,8.0,7.1,"Full sun",,,,,,,"WpWHyjh7ZEbsFcxLGlzbonUvwbNLZ84R","YIdCm/eZ/WQGLpKDhr5RQBg/3vFW6Qg7","legacyData"
"2c568d16-a103-4303-9cb8-3ed56ed70885","BART_027.basePlot.vst","2016-10-18","vst_BART_2016","D01","BART","BART_027",,"NEON.PLA.D01.BART.00608","ok",,"No longer qualifies",,,,,,,,,,,,,,,"now CDW; dead broken but under 130cm height; tag left in CDW","WpWHyjh7ZEbsFcxLGlzbonUvwbNLZ84R","YIdCm/eZ/WQGLpKDhr5RQBg/3vFW6Qg7","legacyData"
"8f89db2f-68ec-43bf-85a3-a0e0ef973a18","BART_027.basePlot.vst","2016-10-18","vst_BART_2016","D01","BART","BART_027",,"NEON.PLA.D01.BART.05604","ok","sapling","Live",,,0.7,,,,,,,,1.3,10,,,,"WpWHyjh7ZEbsFcxLGlzbonUvwbNLZ84R","YIdCm/eZ/WQGLpKDhr5RQBg/3vFW6Qg7","legacyData"
"a51811b2-9627-4272-9265-68b405ba1a27","BART_027.basePlot.vst","2016-10-18","vst_BART_2016","D01","BART","BART_027",,"NEON.PLA.D01.BART.05603","ok","sapling","Live",,,0.6,,,,,,,,1.4,10,,,,"WpWHyjh7ZEbsFcxLGlzbonUvwbNLZ84R","YIdCm/eZ/WQGLpKDhr5RQBg/3vFW6Qg7","legacyData"
"fa061ea7-94db-4a46-9b1b-d77212c6e21e","BART_012.basePlot.vst","2016-10-18","vst_BART_2016","D01","BART","BART_012",,"NEON.PLA.D01.BART.01791","ok","single bole tree","Live",36.9,130,19.5,,,,10.8,9.3,"Full sun",,,,,,,"Pes0SJTi6mB/L3kaeuPRUby8XD59hvb8","WpWHyjh7ZEbsFcxLGlzbonUvwbNLZ84R","legacyData"
"1a7a9a09-a1c9-4b2f-a1dd-2f13ccace28a","BART_027.basePlot.vst","2016-10-18","vst_BART_2016","D01","BART","BART_027",,"NEON.PLA.D01.BART.02620","ok","sapling","Live",,,0.7,,,,,,,,1.4,10,,,,"WpWHyjh7ZEbsFcxLGlzbonUvwbNLZ84R","YIdCm/eZ/WQGLpKDhr5RQBg/3vFW6Qg7","legacyData"
"064f11a0-0ccc-4a53-80dd-4841aee622e8","BART_012.basePlot.vst","2016-10-18","vst_BART_2016","D01","BART","BART_012",,"NEON.PLA.D01.BART.01883","ok","small tree","Live, disease damaged",1.6,130,3.0,,,,,,,,,,,,"has beech bark disease","Pes0SJTi6mB/L3kaeuPRUby8XD59hvb8","WpWHyjh7ZEbsFcxLGlzbonUvwbNLZ84R","legacyData"
"fd362ad8-30fc-4236-b1fd-c1b529339747","BART_012.basePlot.vst","2016-10-18","vst_BART_2016","D01","BART","BART_012",,"NEON.PLA.D01.BART.01871","ok","single bole tree","Live, disease damaged",15.2,130,14.2,,,,9.0,8.2,"Full sun",,,,,,"has beech bark disease","Pes0SJTi6mB/L3kaeuPRUby8XD59hvb8","WpWHyjh7ZEbsFcxLGlzbonUvwbNLZ84R","legacyData"
"f4a534e3-1a0f-4a2b-bd5f-82fdf91fc629","BART_012.basePlot.vst","2016-10-18","vst_BART_2016","D01","BART","BART_012",,"NEON.PLA.D01.BART.01780","ok","sapling","Live, disease damaged",,,1.7,,,,,,,,1.5,10,,,"has beech bark disease","Pes0SJTi6mB/L3kaeuPRUby8XD59hvb8","WpWHyjh7ZEbsFcxLGlzbonUvwbNLZ84R","legacyData"
"f4af93c3-7965-4ae8-a18c-748a4bd0fc09","BART_012.basePlot.vst","2016-10-18","vst_BART_2016","D01","BART","BART_012",,"NEON.PLA.D01.BART.01900","ok","small tree","Live, disease damaged",1.0,130,2.5,,,,,,,,,,,,"has beech bark disease","Pes0SJTi6mB/L3kaeuPRUby8XD59hvb8","WpWHyjh7ZEbsFcxLGlzbonUvwbNLZ84R","legacyData"
"0feefa93-ad53-4f84-b46d-fde21d422f20","BART_012.basePlot.vst","2016-10-18","vst_BART_2016","D01","BART","BART_012",,"NEON.PLA.D01.BART.01867","ok","single bole tree","Dead, broken bole",21.0,135,1.4,,1.4,21.1,,,,,,,,,"Unknown cause of death and leaning 50 at degrees with irregular fungi at 130cm","Pes0SJTi6mB/L3kaeuPRUby8XD59hvb8","WpWHyjh7ZEbsFcxLGlzbonUvwbNLZ84R","legacyData"
"eb95f327-bbf2-4128-8218-ac12793d4df2","BART_012.basePlot.vst","2016-10-18","vst_BART_2016","D01","BART","BART_012",,"NEON.PLA.D01.BART.01874","ok","small tree","Live, disease damaged",2.2,130,1.8,,,,,,,,,,,,"has beech bark disease","Pes0SJTi6mB/L3kaeuPRUby8XD59hvb8","WpWHyjh7ZEbsFcxLGlzbonUvwbNLZ84R","legacyData"
"822bc909-ce92-4a82-a58f-a3aaae3ab7c4","BART_012.basePlot.vst","2016-10-18","vst_BART_2016","D01","BART","BART_012",,"NEON.PLA.D01.BART.01783","ok","small tree","Live, disease damaged",4.3,130,4.4,,,,,,,,,,,,"has beech bark disease","Pes0SJTi6mB/L3kaeuPRUby8XD59hvb8","WpWHyjh7ZEbsFcxLGlzbonUvwbNLZ84R","legacyData"
"b6b3b5cc-75c0-4dd4-bebe-a52da3c7501d","BART_012.basePlot.vst","2016-10-18","vst_BART_2016","D01","BART","BART_012",,"NEON.PLA.D01.BART.01786","ok","sapling","Live, disease damaged",,,0.5,,,,,,,,1.5,10,,,"has beech bark disease","Pes0SJTi6mB/L3kaeuPRUby8XD59hvb8","WpWHyjh7ZEbsFcxLGlzbonUvwbNLZ84R","legacyData"
"1be4d3b9-8b7b-41bf-95fa-c8e87486216c","BART_012.basePlot.vst","2016-10-18","vst_BART_2016","D01","BART","BART_012",,"NEON.PLA.D01.BART.01782","ok","sapling","Live, disease damaged",,,1.6,,,,,,,,2.3,10,,,"Top branches are dead; has beech bark disease","Pes0SJTi6mB/L3kaeuPRUby8XD59hvb8","WpWHyjh7ZEbsFcxLGlzbonUvwbNLZ84R","legacyData"
"272e720c-c38b-4e8e-a337-3112c2318e55","BART_012.basePlot.vst","2016-10-18","vst_BART_2016","D01","BART","BART_012",,"NEON.PLA.D01.BART.01777","ok","sapling","Live, disease damaged",,,1.2,,,,,,,,1.0,10,,,"has beech bark disease","Pes0SJTi6mB/L3kaeuPRUby8XD59hvb8","WpWHyjh7ZEbsFcxLGlzbonUvwbNLZ84R","legacyData"
"93584682-f838-4882-b133-76312063222a","BART_012.basePlot.vst","2016-10-18","vst_BART_2016","D01","BART","BART_012",,"NEON.PLA.D01.BART.01964","ok","sapling","Live, broken bole",,,0.5,,0.4,1.5,,,,,1.6,10,,,"has beech bark disease","Pes0SJTi6mB/L3kaeuPRUby8XD59hvb8","WpWHyjh7ZEbsFcxLGlzbonUvwbNLZ84R","legacyData"
"0407e6ad-0482-4a11-b087-3a2c995d0cf2","BART_012.basePlot.vst","2016-10-18","vst_BART_2016","D01","BART","BART_012",,"NEON.PLA.D01.BART.01868","ok","single bole tree","Live, disease damaged",48.0,130,20.7,,,,11.2,11.0,"Full sun",,,,,,"has beech bark disease","Pes0SJTi6mB/L3kaeuPRUby8XD59hvb8","WpWHyjh7ZEbsFcxLGlzbonUvwbNLZ84R","legacyData"
"03a81947-f521-4df0-8a70-ddbd668e3d1f","BART_012.basePlot.vst","2016-10-18","vst_BART_2016","D01","BART","BART_012",,"NEON.PLA.D01.BART.01796","ok","small tree","Live, disease damaged",2.5,130,3.3,,,,,,,,,,,,"has beech bark disease","Pes0SJTi6mB/L3kaeuPRUby8XD59hvb8","WpWHyjh7ZEbsFcxLGlzbonUvwbNLZ84R","legacyData"
"bd1e939e-632d-4dd0-b06b-e8dc434000c0","BART_012.basePlot.vst","2016-10-18","vst_BART_2016","D01","BART","BART_012",,"NEON.PLA.D01.BART.01954","ok","small tree","Live, disease damaged",2.0,130,3.0,,,,,,,,,,,,"has beech bark disease","Pes0SJTi6mB/L3kaeuPRUby8XD59hvb8","WpWHyjh7ZEbsFcxLGlzbonUvwbNLZ84R","legacyData"
"ce3c79b4-d39a-4a87-8d50-758ff0042ab5","BART_012.basePlot.vst","2016-10-18","vst_BART_2016","D01","BART","BART_012",,"NEON.PLA.D01.BART.01886","ok","sapling","Live, disease damaged",,,1.3,,,,,,,,1.4,10,,,"has beech bark disease","Pes0SJTi6mB/L3kaeuPRUby8XD59hvb8","WpWHyjh7ZEbsFcxLGlzbonUvwbNLZ84R","legacyData"
"ab089385-7208-46c8-a12e-ab46b74330e6","BART_012.basePlot.vst","2016-10-18","vst_BART_2016","D01","BART","BART_012",,"NEON.PLA.D01.BART.01882","ok","sapling","Live, disease damaged",,,1.8,,,,,,,,1.4,10,,,"has beech bark disease","Pes0SJTi6mB/L3kaeuPRUby8XD59hvb8","WpWHyjh7ZEbsFcxLGlzbonUvwbNLZ84R","legacyData"
"91c2284b-edd9-407e-8f21-841222bea6fd","BART_012.basePlot.vst","2016-10-18","vst_BART_2016","D01","BART","BART_012",,"NEON.PLA.D01.BART.01795","ok","sapling","Live, disease damaged",,,2.8,,,,,,,,2.0,10,,,"has beech bark disease","Pes0SJTi6mB/L3kaeuPRUby8XD59hvb8","WpWHyjh7ZEbsFcxLGlzbonUvwbNLZ84R","legacyData"
"1b57b44d-5a40-4efa-94b1-9c1a4dd17861","BART_012.basePlot.vst","2016-10-18","vst_BART_2016","D01","BART","BART_012",,"NEON.PLA.D01.BART.01781","ok","small tree","Live, disease damaged",2.3,130,3.2,,,,,,,,,,,,"has beech bark disease","Pes0SJTi6mB/L3kaeuPRUby8XD59hvb8","WpWHyjh7ZEbsFcxLGlzbonUvwbNLZ84R","legacyData"
"818630fe-2ec5-496e-9563-1fa6348a4674","BART_012.basePlot.vst","2016-10-18","vst_BART_2016","D01","BART","BART_012",,"NEON.PLA.D01.BART.01962","ok","sapling","Live, disease damaged",,,0.8,,,,,,,,1.1,10,,,"has beech bark disease","Pes0SJTi6mB/L3kaeuPRUby8XD59hvb8","WpWHyjh7ZEbsFcxLGlzbonUvwbNLZ84R","legacyData"
"7a4de91d-3d72-4f02-9ff0-9f2a9cd04c54","BART_012.basePlot.vst","2016-10-18","vst_BART_2016","D01","BART","BART_012",,"NEON.PLA.D01.BART.01950","ok","single bole tree","Live, physically damaged",33.6,140,20.1,,,,9.3,7.9,"Full sun",,,,,,"Scarring on lower bole and canker on upper bole","Pes0SJTi6mB/L3kaeuPRUby8XD59hvb8","WpWHyjh7ZEbsFcxLGlzbonUvwbNLZ84R","legacyData"
"6840dbd1-2eae-480d-86b1-06640768d9b4","BART_027.basePlot.vst","2016-10-18","vst_BART_2016","D01","BART","BART_027",,"NEON.PLA.D01.BART.02602","ok","single bole tree","Standing dead",12.7,130,12.2,,,,,,,,,,,,,"WpWHyjh7ZEbsFcxLGlzbonUvwbNLZ84R","YIdCm/eZ/WQGLpKDhr5RQBg/3vFW6Qg7","legacyData"
"ce445d02-98dc-4746-872b-1f338ead8142","BART_027.basePlot.vst","2016-10-18","vst_BART_2016","D01","BART","BART_027",,"NEON.PLA.D01.BART.02634","ok","single bole tree","Live",28.3,130,19.4,,,,6.5,3.4,"Full sun",,,,,,,"WpWHyjh7ZEbsFcxLGlzbonUvwbNLZ84R","YIdCm/eZ/WQGLpKDhr5RQBg/3vFW6Qg7","legacyData"
"69f97007-5fe3-45b2-bf50-2c21d9286e3e","BART_027.basePlot.vst","2016-10-18","vst_BART_2016","D01","BART","BART_027",,"NEON.PLA.D01.BART.02614","ok","sapling","Live",,,0.8,,,,,,,,1.7,10,,,,"WpWHyjh7ZEbsFcxLGlzbonUvwbNLZ84R","YIdCm/eZ/WQGLpKDhr5RQBg/3vFW6Qg7","legacyData"
"3755f54b-daeb-4245-986a-db836d67658f","BART_027.basePlot.vst","2016-10-18","vst_BART_2016","D01","BART","BART_027",,"NEON.PLA.D01.BART.02604","ok","single bole tree","Live",22.9,130,21.6,,,,5.6,5.1,"Full sun",,,,,,,"WpWHyjh7ZEbsFcxLGlzbonUvwbNLZ84R","YIdCm/eZ/WQGLpKDhr5RQBg/3vFW6Qg7","legacyData"
"ebee9ff0-13b4-4d88-9771-5f2b4d8b052a","BART_027.basePlot.vst","2016-10-18","vst_BART_2016","D01","BART","BART_027",,"NEON.PLA.D01.BART.02635","ok","single bole tree","Live",32.2,130,21.1,,,,7.5,4.8,"Full sun",,,,,,,"WpWHyjh7ZEbsFcxLGlzbonUvwbNLZ84R","YIdCm/eZ/WQGLpKDhr5RQBg/3vFW6Qg7","legacyData"
"36f42426-f5b0-44f4-aca9-d3c43cefea2c","BART_027.basePlot.vst","2016-10-18","vst_BART_2016","D01","BART","BART_027",,"NEON.PLA.D01.BART.02627","ok",,"No longer qualifies",,,,,,,,,,,,,,,"unknown cause of death; removed because dead and broken and height under 130cm","WpWHyjh7ZEbsFcxLGlzbonUvwbNLZ84R","YIdCm/eZ/WQGLpKDhr5RQBg/3vFW6Qg7","legacyData"
"83a1f0bb-327f-4cbd-b6d6-cd8a63f223ff","BART_027.basePlot.vst","2016-10-18","vst_BART_2016","D01","BART","BART_027",,"NEON.PLA.D01.BART.00602","ok","single bole tree","Live",53.3,130,20.6,,,,4.2,4.1,"Full sun",,,,,,,"WpWHyjh7ZEbsFcxLGlzbonUvwbNLZ84R","YIdCm/eZ/WQGLpKDhr5RQBg/3vFW6Qg7","legacyData"
"2bd66fc7-eee2-4cd4-b2b1-4979321b8451","BART_027.basePlot.vst","2016-10-18","vst_BART_2016","D01","BART","BART_027",,"NEON.PLA.D01.BART.02630","ok","single bole tree","Live",31.1,130,20.6,,,,5.8,5.1,"Full sun",,,,,,,"WpWHyjh7ZEbsFcxLGlzbonUvwbNLZ84R","YIdCm/eZ/WQGLpKDhr5RQBg/3vFW6Qg7","legacyData"
"0ad37716-ef1e-455b-ab1a-ac496fe0924f","BART_027.basePlot.vst","2016-10-18","vst_BART_2016","D01","BART","BART_027",,"NEON.PLA.D01.BART.02613","ok","sapling","Live",,,0.8,,,,,,,,1.9,10,,,,"WpWHyjh7ZEbsFcxLGlzbonUvwbNLZ84R","YIdCm/eZ/WQGLpKDhr5RQBg/3vFW6Qg7","legacyData"
"dddcb43c-b2cd-4eed-95b9-05bb98d4e855","BART_027.basePlot.vst","2016-10-18","vst_BART_2016","D01","BART","BART_027",,"NEON.PLA.D01.BART.02601","ok","single bole tree","Live",33.0,130,21.5,,,,6.3,5.4,"Full sun",,,,,,,"WpWHyjh7ZEbsFcxLGlzbonUvwbNLZ84R","YIdCm/eZ/WQGLpKDhr5RQBg/3vFW6Qg7","legacyData"
"9fd4f2ad-a611-4d2a-836a-d244a2d54767","BART_027.basePlot.vst","2016-10-18","vst_BART_2016","D01","BART","BART_027",,"NEON.PLA.D01.BART.02624","ok","single bole tree","Live, physically damaged",59.0,160,21.1,,,,10.1,9.3,"Full sun",,,,,,"bulge at 130cm","WpWHyjh7ZEbsFcxLGlzbonUvwbNLZ84R","YIdCm/eZ/WQGLpKDhr5RQBg/3vFW6Qg7","legacyData"
"a63df4fe-314f-41ae-b5b1-0992bdf76ef2","BART_027.basePlot.vst","2016-10-18","vst_BART_2016","D01","BART","BART_027",,"NEON.PLA.D01.BART.02637","ok","sapling","Live",,,0.4,,,,,,,,2.2,10,,,,"WpWHyjh7ZEbsFcxLGlzbonUvwbNLZ84R","YIdCm/eZ/WQGLpKDhr5RQBg/3vFW6Qg7","legacyData"
"e7e531ab-736f-44ed-baa4-2e7add506588","BART_027.basePlot.vst","2016-10-18","vst_BART_2016","D01","BART","BART_027",,"NEON.PLA.D01.BART.02636","ok","single bole tree","Live",38.6,130,20.5,,,,7.2,4.7,"Full sun",,,,,,,"WpWHyjh7ZEbsFcxLGlzbonUvwbNLZ84R","YIdCm/eZ/WQGLpKDhr5RQBg/3vFW6Qg7","legacyData"
"b26d4fcd-cdd0-4ccd-a8b8-058ef3cdfd00","BART_027.basePlot.vst","2016-10-18","vst_BART_2016","D01","BART","BART_027",,"NEON.PLA.D01.BART.02628","ok","single bole tree","Live",25.1,130,20.1,,,,6.1,5.3,"Full sun",,,,,,,"WpWHyjh7ZEbsFcxLGlzbonUvwbNLZ84R","YIdCm/eZ/WQGLpKDhr5RQBg/3vFW6Qg7","legacyData"
"935ec5ec-732d-4377-8c0e-717f7a78aaf9","BART_027.basePlot.vst","2016-10-18","vst_BART_2016","D01","BART","BART_027",,"NEON.PLA.D01.BART.02642","ok","single bole tree","Live",34.0,130,20.1,,,,7.0,4.9,"Full sun",,,,,,,"WpWHyjh7ZEbsFcxLGlzbonUvwbNLZ84R","YIdCm/eZ/WQGLpKDhr5RQBg/3vFW6Qg7","legacyData"
"5c5e51b9-f05e-4348-9fc4-88a848d037ed","BART_027.basePlot.vst","2016-10-18","vst_BART_2016","D01","BART","BART_027",,"NEON.PLA.D01.BART.02607","ok","single bole tree","Live",45.5,130,19.8,,,,5.8,4.9,"Full sun",,,,,,,"WpWHyjh7ZEbsFcxLGlzbonUvwbNLZ84R","YIdCm/eZ/WQGLpKDhr5RQBg/3vFW6Qg7","legacyData"
"45206b22-6499-42dc-a64c-11f8b09e2b0e","BART_027.basePlot.vst","2016-10-18","vst_BART_2016","D01","BART","BART_027",,"NEON.PLA.D01.BART.02625","ok","sapling","Live",,,1.0,,,,,,,,2.1,10,,,,"WpWHyjh7ZEbsFcxLGlzbonUvwbNLZ84R","YIdCm/eZ/WQGLpKDhr5RQBg/3vFW6Qg7","legacyData"
"b12ca7b5-4ecd-497d-94ca-690b7404e925","BART_012.basePlot.vst","2016-10-18","vst_BART_2016","D01","BART","BART_012",,"NEON.PLA.D01.BART.01792","ok","single bole tree","Live",61.9,130,23.3,,,,11.4,8.9,"Full sun",,,,,,,"Pes0SJTi6mB/L3kaeuPRUby8XD59hvb8","WpWHyjh7ZEbsFcxLGlzbonUvwbNLZ84R","legacyData"
"71a54744-0220-44a6-a727-920ebe981b29","BART_012.basePlot.vst","2016-10-18","vst_BART_2016","D01","BART","BART_012",,"NEON.PLA.D01.BART.01870","ok","single bole tree","Live, disease damaged",16.0,130,12.3,,,,8.9,7.6,"Partially shaded",,,,,,"has beech bark disease","Pes0SJTi6mB/L3kaeuPRUby8XD59hvb8","WpWHyjh7ZEbsFcxLGlzbonUvwbNLZ84R","legacyData"
"071f511c-869b-49d6-87e8-9852dc741b0a","BART_027.basePlot.vst","2016-10-18","vst_BART_2016","D01","BART","BART_027",,"NEON.PLA.D01.BART.02621","ok","sapling","Live",,,0.9,,,,,,,,1.6,10,,,,"WpWHyjh7ZEbsFcxLGlzbonUvwbNLZ84R","YIdCm/eZ/WQGLpKDhr5RQBg/3vFW6Qg7","legacyData"
"f0c5cd60-0e5b-4ed0-b9ad-e9c5660a370d","BART_012.basePlot.vst","2016-10-18","vst_BART_2016","D01","BART","BART_012",,"NEON.PLA.D01.BART.01898","ok","small tree","Live, disease damaged",9.8,130,10.3,,,,,,,,,,,,"has beech bark disease","Pes0SJTi6mB/L3kaeuPRUby8XD59hvb8","WpWHyjh7ZEbsFcxLGlzbonUvwbNLZ84R","legacyData"
"164dea25-f9af-4fcf-b435-436e1df186d6","BART_012.basePlot.vst","2016-10-18","vst_BART_2016","D01","BART","BART_012",,"NEON.PLA.D01.BART.01966","ok","sapling","Live, disease damaged",,,1.5,,,,,,,,1.6,10,,,,"Pes0SJTi6mB/L3kaeuPRUby8XD59hvb8","WpWHyjh7ZEbsFcxLGlzbonUvwbNLZ84R","legacyData"
"d5dbb54b-5f49-4429-84c0-9b599a6e0b58","BART_012.basePlot.vst","2016-10-18","vst_BART_2016","D01","BART","BART_012",,"NEON.PLA.D01.BART.01861","ok","single bole tree","Live, disease damaged",17.8,130,13.8,,,,8.1,6.0,"Partially shaded",,,,,,"Irregular everywhere because of beech bark disease","Pes0SJTi6mB/L3kaeuPRUby8XD59hvb8","WpWHyjh7ZEbsFcxLGlzbonUvwbNLZ84R","legacyData"
"7d50b434-f3ed-4baa-bb6d-0b386bf101f8","BART_012.basePlot.vst","2016-10-18","vst_BART_2016","D01","BART","BART_012",,"NEON.PLA.D01.BART.01879","ok","sapling","Live, disease damaged",,,1.3,,,,,,,,1.8,10,,,"has beech bark disease","Pes0SJTi6mB/L3kaeuPRUby8XD59hvb8","WpWHyjh7ZEbsFcxLGlzbonUvwbNLZ84R","legacyData"
"418ae5ef-0639-47e1-9fdc-fae17773f4d1","BART_012.basePlot.vst","2016-10-18","vst_BART_2016","D01","BART","BART_012",,"NEON.PLA.D01.BART.01897","ok","small tree","Standing dead",3.7,130,3.0,,,,,,,,,,,,"Unknown cause of death; has beech bark disease","Pes0SJTi6mB/L3kaeuPRUby8XD59hvb8","WpWHyjh7ZEbsFcxLGlzbonUvwbNLZ84R","legacyData"
"7643a103-fd42-432b-aeec-2f8512f2fbf7","BART_012.basePlot.vst","2016-10-18","vst_BART_2016","D01","BART","BART_012",,"NEON.PLA.D01.BART.01876","ok","sapling","Live, broken bole",,,0.5,,0.5,0.8,,,,,1.1,10,,,"Unknown cause of break; has beech bark disease","Pes0SJTi6mB/L3kaeuPRUby8XD59hvb8","WpWHyjh7ZEbsFcxLGlzbonUvwbNLZ84R","legacyData"
"a7fa74e6-6df8-437c-a041-f7c0aae9aee6","BART_012.basePlot.vst","2016-10-18","vst_BART_2016","D01","BART","BART_012",,"NEON.PLA.D01.BART.05602","ok","single bole tree","Live, disease damaged",14.6,130,16.8,,,,7.3,5.9,"Partially shaded",,,,,,"has beech bark disease","Pes0SJTi6mB/L3kaeuPRUby8XD59hvb8","WpWHyjh7ZEbsFcxLGlzbonUvwbNLZ84R","legacyData"
"36ec88e9-e0d8-468d-a8ca-f8e32d808cc1","BART_012.basePlot.vst","2016-10-18","vst_BART_2016","D01","BART","BART_012",,"NEON.PLA.D01.BART.01891","ok","sapling","Live, disease damaged",,,1.7,,,,,,,,1.6,10,,,"has beech bark disease","Pes0SJTi6mB/L3kaeuPRUby8XD59hvb8","WpWHyjh7ZEbsFcxLGlzbonUvwbNLZ84R","legacyData"
"21d1fc34-a75f-4fc7-b7e8-3b570b3208f3","BART_012.basePlot.vst","2016-10-18","vst_BART_2016","D01","BART","BART_012",,"NEON.PLA.D01.BART.01797","ok","small tree","Live, disease damaged",4.7,130,5.6,,,,,,,,,,,,"has beech bark disease","Pes0SJTi6mB/L3kaeuPRUby8XD59hvb8","WpWHyjh7ZEbsFcxLGlzbonUvwbNLZ84R","legacyData"
"82998ab5-cf36-4f11-8050-504c599aff45","BART_012.basePlot.vst","2016-10-18","vst_BART_2016","D01","BART","BART_012",,"NEON.PLA.D01.BART.01793","ok","single bole tree","Live, broken bole",19.5,130,12.8,,5.0,15.0,8.3,5.7,"Partially shaded",,,,,,"Large hole in bole at 1m unknown cause; has beech bark disease","Pes0SJTi6mB/L3kaeuPRUby8XD59hvb8","WpWHyjh7ZEbsFcxLGlzbonUvwbNLZ84R","legacyData"
"2ca38d0d-895b-4394-9b08-09f12740b32f","BART_012.basePlot.vst","2016-10-18","vst_BART_2016","D01","BART","BART_012",,"NEON.PLA.D01.BART.01869","ok","single bole tree","Live, broken bole",10.2,130,6.8,,3.1,6.0,6.0,3.2,"Mostly shaded",,,,,,"Unknown cause of break; has beech bark disease","Pes0SJTi6mB/L3kaeuPRUby8XD59hvb8","WpWHyjh7ZEbsFcxLGlzbonUvwbNLZ84R","legacyData"
"6a4a7a19-a17b-4f2f-8c5a-451b19092100","BART_012.basePlot.vst","2016-10-18","vst_BART_2016","D01","BART","BART_012",,"NEON.PLA.D01.BART.01789","ok","single bole tree","Live, disease damaged",23.2,130,21.5,,,,6.1,5.7,"Partially shaded",,,,,,"has beech bark disease","Pes0SJTi6mB/L3kaeuPRUby8XD59hvb8","WpWHyjh7ZEbsFcxLGlzbonUvwbNLZ84R","legacyData"
"219432aa-fc3e-4a5d-8398-7748176caded","BART_012.basePlot.vst","2016-10-18","vst_BART_2016","D01","BART","BART_012",,"NEON.PLA.D01.BART.01893","ok","sapling","Live",,,0.5,,,,,,,,1.6,10,,,,"Pes0SJTi6mB/L3kaeuPRUby8XD59hvb8","WpWHyjh7ZEbsFcxLGlzbonUvwbNLZ84R","legacyData"
"e32c3d5f-0d78-4604-abca-82c0acceed2a","BART_012.basePlot.vst","2016-10-18","vst_BART_2016","D01","BART","BART_012",,"NEON.PLA.D01.BART.01889","ok","sapling","Dead, broken bole",,,0.6,,0.6,0.8,,,,,1.8,10,,,"Unknown cause of death; has beech bark disease","Pes0SJTi6mB/L3kaeuPRUby8XD59hvb8","WpWHyjh7ZEbsFcxLGlzbonUvwbNLZ84R","legacyData"
"acd6993e-aefd-430e-ab0c-1dd3875367d8","BART_012.basePlot.vst","2016-10-18","vst_BART_2016","D01","BART","BART_012",,"NEON.PLA.D01.BART.01787","ok","small tree","Live, disease damaged",2.2,130,4.3,,,,,,,,,,,,"has beech bark disease","Pes0SJTi6mB/L3kaeuPRUby8XD59hvb8","WpWHyjh7ZEbsFcxLGlzbonUvwbNLZ84R","legacyData"
"bbe95af4-9095-4154-b3da-950d889290ee","BART_027.basePlot.vst","2016-10-18","vst_BART_2016","D01","BART","BART_027",,"NEON.PLA.D01.BART.02643","ok","single bole tree","Live, physically damaged",19.3,130,15.7,,,,5.0,4.6,"Full sun",,,,,,"large scar","WpWHyjh7ZEbsFcxLGlzbonUvwbNLZ84R","YIdCm/eZ/WQGLpKDhr5RQBg/3vFW6Qg7","legacyData"
"7abea3d9-06fb-49dd-894e-d17bc9a4a461","BART_027.basePlot.vst","2016-10-18","vst_BART_2016","D01","BART","BART_027",,"NEON.PLA.D01.BART.00607","ok",,"No longer qualifies",,,,,,,,,,,,,,,"removed because dead broken and under 130cm in height","WpWHyjh7ZEbsFcxLGlzbonUvwbNLZ84R","YIdCm/eZ/WQGLpKDhr5RQBg/3vFW6Qg7","legacyData"
"c0611d7a-1b9e-4056-af9d-06a5ea3330d0","BART_027.basePlot.vst","2016-10-18","vst_BART_2016","D01","BART","BART_027",,"NEON.PLA.D01.BART.02644","ok","small tree","Live",9.6,130,6.5,,,,,,,,,,,,,"WpWHyjh7ZEbsFcxLGlzbonUvwbNLZ84R","YIdCm/eZ/WQGLpKDhr5RQBg/3vFW6Qg7","legacyData"
"eb5cc743-984e-4f05-a635-e8d04ffa0297","BART_027.basePlot.vst","2016-10-18","vst_BART_2016","D01","BART","BART_027",,"NEON.PLA.D01.BART.02610","ok","small tree","Live, disease damaged",1.7,130,2.4,,,,,,,,,,,,,"WpWHyjh7ZEbsFcxLGlzbonUvwbNLZ84R","YIdCm/eZ/WQGLpKDhr5RQBg/3vFW6Qg7","legacyData"
"b3508132-5a2c-4cca-b151-1f15dc649ab2","BART_027.basePlot.vst","2016-10-18","vst_BART_2016","D01","BART","BART_027",,"NEON.PLA.D01.BART.02648","ok","single bole tree","Live",11.3,130,10.6,,,,4.3,4.2,"Mostly shaded",,,,,,,"WpWHyjh7ZEbsFcxLGlzbonUvwbNLZ84R","YIdCm/eZ/WQGLpKDhr5RQBg/3vFW6Qg7","legacyData"
"5a4b2ebe-2313-4c85-9e31-93acf0a110e8","BART_027.basePlot.vst","2016-10-18","vst_BART_2016","D01","BART","BART_027",,"NEON.PLA.D01.BART.05606","ok","sapling","Live, disease damaged",,,1.3,,,,,,,,1.1,10,,,,"WpWHyjh7ZEbsFcxLGlzbonUvwbNLZ84R","YIdCm/eZ/WQGLpKDhr5RQBg/3vFW6Qg7","legacyData"
"4d37b085-efa5-49a6-aec2-089a2afcf0d9","BART_027.basePlot.vst","2016-10-18","vst_BART_2016","D01","BART","BART_027",,"NEON.PLA.D01.BART.02611","ok","sapling","Live",,,0.9,,,,,,,,2.0,10,,,,"WpWHyjh7ZEbsFcxLGlzbonUvwbNLZ84R","YIdCm/eZ/WQGLpKDhr5RQBg/3vFW6Qg7","legacyData"
"7d308426-0b4a-4343-87a3-9a857721302d","BART_027.basePlot.vst","2016-10-18","vst_BART_2016","D01","BART","BART_027",,"NEON.PLA.D01.BART.00605","ok","single bole tree","Live",28.6,130,18.2,,,,5.5,5.0,"Full sun",,,,,,,"WpWHyjh7ZEbsFcxLGlzbonUvwbNLZ84R","YIdCm/eZ/WQGLpKDhr5RQBg/3vFW6Qg7","legacyData"
"b9c121ad-6128-4202-9122-d6b280e544cb","BART_027.basePlot.vst","2016-10-18","vst_BART_2016","D01","BART","BART_027",,"NEON.PLA.D01.BART.02631","ok","single bole tree","Live",44.8,130,26.7,,,,8.7,7.2,"Full sun",,,,,,,"WpWHyjh7ZEbsFcxLGlzbonUvwbNLZ84R","YIdCm/eZ/WQGLpKDhr5RQBg/3vFW6Qg7","legacyData"
"e2907cfa-a76b-48aa-ad04-68281959aeb3","BART_027.basePlot.vst","2016-10-18","vst_BART_2016","D01","BART","BART_027",,"NEON.PLA.D01.BART.00357","ok","single bole tree","Live",15.5,130,17.7,,,,5.9,2.9,"Full sun",,,,,,,"WpWHyjh7ZEbsFcxLGlzbonUvwbNLZ84R","YIdCm/eZ/WQGLpKDhr5RQBg/3vFW6Qg7","legacyData"
"90cf56b8-d079-413f-af9c-fa1d8a03b7e4","BART_027.basePlot.vst","2016-10-18","vst_BART_2016","D01","BART","BART_027",,"NEON.PLA.D01.BART.02640","ok","single bole tree","Live",30.0,130,22.6,,,,7.2,,"Full sun",,,,,,,"WpWHyjh7ZEbsFcxLGlzbonUvwbNLZ84R","YIdCm/eZ/WQGLpKDhr5RQBg/3vFW6Qg7","legacyData"
"52152c81-2107-4cc1-a221-84c73ee9e21d","BART_027.basePlot.vst","2016-10-18","vst_BART_2016","D01","BART","BART_027",,"NEON.PLA.D01.BART.02626","ok","sapling","Live",,,0.6,,,,,,,,1.2,10,,,,"WpWHyjh7ZEbsFcxLGlzbonUvwbNLZ84R","YIdCm/eZ/WQGLpKDhr5RQBg/3vFW6Qg7","legacyData"
"8c71c45d-017e-424e-a01d-f93275cb9f25","BART_027.basePlot.vst","2016-10-18","vst_BART_2016","D01","BART","BART_027",,"NEON.PLA.D01.BART.02645","ok",,"No longer qualifies",,,,,,,,,,,,,,,"unknown cause of death; removed because of dead and broken and under 130cm; tag left for CDW","WpWHyjh7ZEbsFcxLGlzbonUvwbNLZ84R","YIdCm/eZ/WQGLpKDhr5RQBg/3vFW6Qg7","legacyData"
"f6b59e15-d7a5-4c82-b448-800ac7646856","BART_027.basePlot.vst","2016-10-18","vst_BART_2016","D01","BART","BART_027",,"NEON.PLA.D01.BART.00606","ok","single bole tree","Live",21.2,130,20.3,,,,6.1,4.5,"Partially shaded",,,,,,,"WpWHyjh7ZEbsFcxLGlzbonUvwbNLZ84R","YIdCm/eZ/WQGLpKDhr5RQBg/3vFW6Qg7","legacyData"
"177cc02e-f5ac-41a2-ab45-b9c75f772b32","BART_012.basePlot.vst","2016-10-18","vst_BART_2016","D01","BART","BART_012",,"NEON.PLA.D01.BART.01899","ok","small tree","Live, disease damaged",4.6,130,5.0,,,,,,,,,,,,"has beech bark disease","Pes0SJTi6mB/L3kaeuPRUby8XD59hvb8","WpWHyjh7ZEbsFcxLGlzbonUvwbNLZ84R","legacyData"
"25857afe-90ab-4d8b-abea-9aaff72134d5","BART_004.basePlot.vst","2016-10-19","vst_BART_2016","D01","BART","BART_004",,"NEON.PLA.D01.BART.00759","ok","single bole tree","Live",12.3,130,15.9,,,,8.8,4.9,"Partially shaded",,,,,,,"2xX6mTIEU2zzk+aGAURxuwRthSzBo/kx","EkSno5X21V+6BMsaD1wBB48CY0mHxVq/","legacyData"
"e76e0b38-ec98-429b-abe9-f42af37ff9ee","BART_004.basePlot.vst","2016-10-19","vst_BART_2016","D01","BART","BART_004",,"NEON.PLA.D01.BART.00039","ok","sapling","Live, disease damaged",,,0.9,,,,,,,,0.9,10,,,,"2xX6mTIEU2zzk+aGAURxuwRthSzBo/kx","EkSno5X21V+6BMsaD1wBB48CY0mHxVq/","legacyData"
"6e04644e-1366-4629-b482-acf9f1f40839","BART_004.basePlot.vst","2016-10-19","vst_BART_2016","D01","BART","BART_004",,"NEON.PLA.D01.BART.00845","ok","single bole tree","Dead, broken bole",41.7,130,3.5,,,,,,,,,,,,"broken bole; vd1 break height 3.5cm; break diameter 35cm","2xX6mTIEU2zzk+aGAURxuwRthSzBo/kx","EkSno5X21V+6BMsaD1wBB48CY0mHxVq/","legacyData"
"019443f2-3dcb-4d26-ae86-00bb7d87009a","BART_004.basePlot.vst","2016-10-19","vst_BART_2016","D01","BART","BART_004",,"NEON.PLA.D01.BART.00041","ok","sapling","Live, disease damaged",,,0.4,,,,,,,,1.0,10,,,"broken bole vd1 break height: 0.2m; break diameter 0.7cm","2xX6mTIEU2zzk+aGAURxuwRthSzBo/kx","EkSno5X21V+6BMsaD1wBB48CY0mHxVq/","legacyData"
"0e3488c4-23b1-4beb-997e-a879a367e0da","BART_004.basePlot.vst","2016-10-19","vst_BART_2016","D01","BART","BART_004",,"NEON.PLA.D01.BART.00760","ok","single bole tree","Live",33.1,130,16.0,,,,9.0,7.2,"Partially shaded",,,,,,,"2xX6mTIEU2zzk+aGAURxuwRthSzBo/kx","EkSno5X21V+6BMsaD1wBB48CY0mHxVq/","legacyData"
"f346e207-fdb7-4874-80ee-633850ccf4b1","BART_004.basePlot.vst","2016-10-19","vst_BART_2016","D01","BART","BART_004",,"NEON.PLA.D01.BART.00038","ok","sapling","Live, disease damaged",,,1.0,,,,,,,,0.9,10,,,,"2xX6mTIEU2zzk+aGAURxuwRthSzBo/kx","EkSno5X21V+6BMsaD1wBB48CY0mHxVq/","legacyData"
"7f5075e5-6f28-4376-bb7a-f2f06a1613a4","BART_004.basePlot.vst","2016-10-19","vst_BART_2016","D01","BART","BART_004",,"NEON.PLA.D01.BART.00855","ok","single bole tree","Standing dead",19.6,130,7.7,,,,,,,,,,,,"dead due to suppression","2xX6mTIEU2zzk+aGAURxuwRthSzBo/kx","EkSno5X21V+6BMsaD1wBB48CY0mHxVq/","legacyData"
"9471432a-3512-490b-9f9d-9adeef4dcff7","BART_004.basePlot.vst","2016-10-19","vst_BART_2016","D01","BART","BART_004",,"NEON.PLA.D01.BART.00024","ok","small tree","Live, disease damaged",7.9,130,7.1,,,,,,,,,,,,,"2xX6mTIEU2zzk+aGAURxuwRthSzBo/kx","EkSno5X21V+6BMsaD1wBB48CY0mHxVq/","legacyData"
"705947be-2e51-4d0e-9c19-4f84f031ad0e","BART_004.basePlot.vst","2016-10-19","vst_BART_2016","D01","BART","BART_004",,"NEON.PLA.D01.BART.00757","ok","sapling","Live, disease damaged",,,1.6,,,,,,,,1.9,10,,,,"2xX6mTIEU2zzk+aGAURxuwRthSzBo/kx","EkSno5X21V+6BMsaD1wBB48CY0mHxVq/","legacyData"
"f278531c-7f4b-4cb3-a1c2-640c431e4600","BART_004.basePlot.vst","2016-10-19","vst_BART_2016","D01","BART","BART_004",,"NEON.PLA.D01.BART.00840","ok","single bole tree","Live",16.4,130,8.5,,,,5.8,5.0,"Mostly shaded",,,,,,,"2xX6mTIEU2zzk+aGAURxuwRthSzBo/kx","EkSno5X21V+6BMsaD1wBB48CY0mHxVq/","legacyData"
"15ec0c05-ff09-44b7-932f-014487ff96df","BART_004.basePlot.vst","2016-10-19","vst_BART_2016","D01","BART","BART_004",,"NEON.PLA.D01.BART.05779","ok","sapling","Live, broken bole",,,0.2,,,1.1,,,,,1.7,10,,,,"2xX6mTIEU2zzk+aGAURxuwRthSzBo/kx","EkSno5X21V+6BMsaD1wBB48CY0mHxVq/","legacyData"
"5011a1f3-b2d4-4815-b402-e83793b579c3","BART_004.basePlot.vst","2016-10-19","vst_BART_2016","D01","BART","BART_004",,"NEON.PLA.D01.BART.00851A","ok","multi-bole tree","Live",45.0,155,,,,,,,,,,,,,,"2xX6mTIEU2zzk+aGAURxuwRthSzBo/kx","EkSno5X21V+6BMsaD1wBB48CY0mHxVq/","legacyData"
"3063600d-e67f-452b-b532-118299e4aa9b","BART_004.basePlot.vst","2016-10-19","vst_BART_2016","D01","BART","BART_004",,"NEON.PLA.D01.BART.05778","ok","small tree","Standing dead",2.1,130,1.3,,,,,,,,,,,,"broekn bole; vd1 break height 1.3m; break diameter 2.0cm","2xX6mTIEU2zzk+aGAURxuwRthSzBo/kx","EkSno5X21V+6BMsaD1wBB48CY0mHxVq/","legacyData"
"1bdff8cf-d090-4170-adb4-497b4b759a46","BART_004.basePlot.vst","2016-10-19","vst_BART_2016","D01","BART","BART_004",,"NEON.PLA.D01.BART.00842","ok","single bole tree","Live",19.4,130,15.2,,,,8.7,6.2,"Partially shaded",,,,,,,"2xX6mTIEU2zzk+aGAURxuwRthSzBo/kx","EkSno5X21V+6BMsaD1wBB48CY0mHxVq/","legacyData"
"2986702b-94da-4220-be20-10f5b23a5c90","BART_004.basePlot.vst","2016-10-19","vst_BART_2016","D01","BART","BART_004",,"NEON.PLA.D01.BART.01017","ok","sapling","Live, disease damaged",,,1.0,,,,,,,,1.2,10,,,,"2xX6mTIEU2zzk+aGAURxuwRthSzBo/kx","EkSno5X21V+6BMsaD1wBB48CY0mHxVq/","legacyData"
"cae0c1ca-49ec-4c9b-897e-d7ce79ebf882","BART_004.basePlot.vst","2016-10-19","vst_BART_2016","D01","BART","BART_004",,"NEON.PLA.D01.BART.01011","ok","sapling","Live",,,1.6,,,,,,,,2.3,10,,,,"2xX6mTIEU2zzk+aGAURxuwRthSzBo/kx","EkSno5X21V+6BMsaD1wBB48CY0mHxVq/","legacyData"
"b21c6318-7fee-4dad-a68d-903c9627b194","BART_004.basePlot.vst","2016-10-19","vst_BART_2016","D01","BART","BART_004",,"NEON.PLA.D01.BART.00844","ok","single bole tree","Live",19.9,130,11.3,,,,7.8,7.4,"Partially shaded",,,,,,,"2xX6mTIEU2zzk+aGAURxuwRthSzBo/kx","EkSno5X21V+6BMsaD1wBB48CY0mHxVq/","legacyData"
"fc25a0a8-fa68-4e03-8108-7cea9dd9ceb9","BART_004.basePlot.vst","2016-10-19","vst_BART_2016","D01","BART","BART_004",,"NEON.PLA.D01.BART.00023","ok","small tree","Live, disease damaged",4.8,130,7.0,,,,,,,,,,,,,"2xX6mTIEU2zzk+aGAURxuwRthSzBo/kx","EkSno5X21V+6BMsaD1wBB48CY0mHxVq/","legacyData"
"0154030b-a7b5-4c19-9bf6-ac63a1e0033c","BART_004.basePlot.vst","2016-10-19","vst_BART_2016","D01","BART","BART_004",,"NEON.PLA.D01.BART.00022","ok","small tree","Standing dead",1.4,130,2.7,,,,,,,,,,,,"possible died of disease","2xX6mTIEU2zzk+aGAURxuwRthSzBo/kx","EkSno5X21V+6BMsaD1wBB48CY0mHxVq/","legacyData"
"2b875306-46a4-4bb2-b024-b1883b5defd5","BART_004.basePlot.vst","2016-10-19","vst_BART_2016","D01","BART","BART_004",,"NEON.PLA.D01.BART.01009","ok","sapling","Live, disease damaged",,,1.2,,,,,,,,1.2,10,,,,"2xX6mTIEU2zzk+aGAURxuwRthSzBo/kx","EkSno5X21V+6BMsaD1wBB48CY0mHxVq/","legacyData"
"1bd12dd7-dc67-4b9a-b33d-36bf024e40db","BART_004.basePlot.vst","2016-10-19","vst_BART_2016","D01","BART","BART_004",,"NEON.PLA.D01.BART.00843","ok","single bole tree","Live",29.8,130,18.3,,,,9.4,7.7,"Open grown",,,,,,,"2xX6mTIEU2zzk+aGAURxuwRthSzBo/kx","EkSno5X21V+6BMsaD1wBB48CY0mHxVq/","legacyData"
"450e1d98-4993-41bb-88a1-dcd42e7213b1","BART_004.basePlot.vst","2016-10-19","vst_BART_2016","D01","BART","BART_004",,"NEON.PLA.D01.BART.00848","ok","single bole tree","Live, disease damaged",10.8,130,13.1,,,,8.1,7.1,"Partially shaded",,,,,,,"2xX6mTIEU2zzk+aGAURxuwRthSzBo/kx","EkSno5X21V+6BMsaD1wBB48CY0mHxVq/","legacyData"
"127fa35d-38c9-46f5-95ce-e6bb039b175e","BART_004.basePlot.vst","2016-10-19","vst_BART_2016","D01","BART","BART_004",,"NEON.PLA.D01.BART.01025A","ok","multi-bole tree","Live",10.0,130,,,,,,,,,,,,,,"2xX6mTIEU2zzk+aGAURxuwRthSzBo/kx","EkSno5X21V+6BMsaD1wBB48CY0mHxVq/","legacyData"
"d8422c0f-48ba-48ef-9554-8cecdf08c51c","BART_004.basePlot.vst","2016-10-19","vst_BART_2016","D01","BART","BART_004",,"NEON.PLA.D01.BART.00856","ok","single bole tree","Live",22.8,130,17.6,,,,11.3,7.7,"Partially shaded",,,,,,,"2xX6mTIEU2zzk+aGAURxuwRthSzBo/kx","EkSno5X21V+6BMsaD1wBB48CY0mHxVq/","legacyData"
"dfdc67a8-bfb9-420f-a9c2-37fa44aa5ffe","BART_004.basePlot.vst","2016-10-19","vst_BART_2016","D01","BART","BART_004",,"NEON.PLA.D01.BART.01010","ok","sapling","Live",,,0.7,,,,,,,,1.1,10,,,,"2xX6mTIEU2zzk+aGAURxuwRthSzBo/kx","EkSno5X21V+6BMsaD1wBB48CY0mHxVq/","legacyData"
"606c24a6-f76c-4d26-9444-d5f7df6808f6","BART_004.basePlot.vst","2016-10-19","vst_BART_2016","D01","BART","BART_004",,"NEON.PLA.D01.BART.00854","ok","single bole tree","Live",40.2,130,21.1,,,,10.8,9.0,"Full sun",,,,,,,"2xX6mTIEU2zzk+aGAURxuwRthSzBo/kx","EkSno5X21V+6BMsaD1wBB48CY0mHxVq/","legacyData"
"2e8fa230-2902-4c97-9a4f-065b2f364da9","BART_004.basePlot.vst","2016-10-19","vst_BART_2016","D01","BART","BART_004",,"NEON.PLA.D01.BART.01014","ok","sapling","Standing dead",,,0.7,,,,,,,,1.2,10,,,,"2xX6mTIEU2zzk+aGAURxuwRthSzBo/kx","EkSno5X21V+6BMsaD1wBB48CY0mHxVq/","legacyData"
"4038e275-d2ea-46a6-95db-2c9c9da1dcbd","BART_004.basePlot.vst","2016-10-19","vst_BART_2016","D01","BART","BART_004",,"NEON.PLA.D01.BART.01022","ok","sapling","Live, disease damaged",,,1.2,,,,,,,,0.9,10,,,,"2xX6mTIEU2zzk+aGAURxuwRthSzBo/kx","EkSno5X21V+6BMsaD1wBB48CY0mHxVq/","legacyData"
"41dc4461-d379-4916-965a-f042e2687fb1","BART_004.basePlot.vst","2016-10-19","vst_BART_2016","D01","BART","BART_004",,"NEON.PLA.D01.BART.00857","ok","single bole tree","No longer qualifies",,,,,,,,,,,,,,,"tag removed; tree not in plot","2xX6mTIEU2zzk+aGAURxuwRthSzBo/kx","EkSno5X21V+6BMsaD1wBB48CY0mHxVq/","legacyData"
"e8eded4b-879c-4136-8b99-ce2131694fdc","BART_004.basePlot.vst","2016-10-19","vst_BART_2016","D01","BART","BART_004",,"NEON.PLA.D01.BART.00032","ok","sapling","Live, disease damaged",,,1.3,,,,,,,,1.1,10,,,,"2xX6mTIEU2zzk+aGAURxuwRthSzBo/kx","EkSno5X21V+6BMsaD1wBB48CY0mHxVq/","legacyData"
"99d2a976-d5b7-43fa-824c-5cc994a9bec0","BART_004.basePlot.vst","2016-10-19","vst_BART_2016","D01","BART","BART_004",,"NEON.PLA.D01.BART.00752","ok","single bole tree","Live",46.6,130,21.0,,,,9.4,6.9,"Full sun",,,,,,,"2xX6mTIEU2zzk+aGAURxuwRthSzBo/kx","EkSno5X21V+6BMsaD1wBB48CY0mHxVq/","legacyData"
"10b4d00a-dd42-407c-a2e5-c8b9ecb119a4","BART_004.basePlot.vst","2016-10-19","vst_BART_2016","D01","BART","BART_004",,"NEON.PLA.D01.BART.00025","ok","small tree","No longer qualifies",,,,,,,,,,,,,,,"removed tag it is a re sprout of 1019","2xX6mTIEU2zzk+aGAURxuwRthSzBo/kx","EkSno5X21V+6BMsaD1wBB48CY0mHxVq/","legacyData"
"a119ce0d-a781-412a-a0b2-5b72ede656f8","BART_004.basePlot.vst","2016-10-19","vst_BART_2016","D01","BART","BART_004",,"NEON.PLA.D01.BART.01023","ok","small tree","Live, disease damaged",8.0,130,8.3,,,,,,,,,,,,,"2xX6mTIEU2zzk+aGAURxuwRthSzBo/kx","EkSno5X21V+6BMsaD1wBB48CY0mHxVq/","legacyData"
"f1a9417d-ed0c-4367-aba4-4a94032ecb29","BART_004.basePlot.vst","2016-10-19","vst_BART_2016","D01","BART","BART_004",,"NEON.PLA.D01.BART.00040","ok","sapling","Live, disease damaged",,,0.4,,,,,,,,0.8,10,,,,"2xX6mTIEU2zzk+aGAURxuwRthSzBo/kx","EkSno5X21V+6BMsaD1wBB48CY0mHxVq/","legacyData"
"f915640b-88b0-4409-967b-8b3cf219baad","BART_004.basePlot.vst","2016-10-19","vst_BART_2016","D01","BART","BART_004",,"NEON.PLA.D01.BART.00036","ok","sapling","Live, disease damaged",,,1.0,,,,,,,,0.8,10,,,,"2xX6mTIEU2zzk+aGAURxuwRthSzBo/kx","EkSno5X21V+6BMsaD1wBB48CY0mHxVq/","legacyData"
"6657639f-2dd9-4536-8e05-b33a3b23dcba","BART_004.basePlot.vst","2016-10-19","vst_BART_2016","D01","BART","BART_004",,"NEON.PLA.D01.BART.00849","ok","single bole tree","Live",12.0,130,6.4,,,,4.2,4.1,"Partially shaded",,,,,,,"2xX6mTIEU2zzk+aGAURxuwRthSzBo/kx","EkSno5X21V+6BMsaD1wBB48CY0mHxVq/","legacyData"
"7c11c47c-c72d-4602-a471-e6c99ffac6a9","BART_004.basePlot.vst","2016-10-19","vst_BART_2016","D01","BART","BART_004",,"NEON.PLA.D01.BART.01014","ok","sapling","Live",,,0.7,,,,,,,,,10,,,,"2xX6mTIEU2zzk+aGAURxuwRthSzBo/kx","EkSno5X21V+6BMsaD1wBB48CY0mHxVq/","legacyData"
"51121151-4860-46eb-9581-03af9d686016","BART_004.basePlot.vst","2016-10-19","vst_BART_2016","D01","BART","BART_004",,"NEON.PLA.D01.BART.00846","ok","single bole tree","Live",33.0,130,20.4,,,,10.0,9.3,"Full sun",,,,,,,"2xX6mTIEU2zzk+aGAURxuwRthSzBo/kx","EkSno5X21V+6BMsaD1wBB48CY0mHxVq/","legacyData"
"3e2f9b81-497e-42ff-883d-38578313f756","BART_004.basePlot.vst","2016-10-19","vst_BART_2016","D01","BART","BART_004",,"NEON.PLA.D01.BART.00033","ok","sapling","Live, disease damaged",,,,,,,,,,,1.2,10,,,,"2xX6mTIEU2zzk+aGAURxuwRthSzBo/kx","EkSno5X21V+6BMsaD1wBB48CY0mHxVq/","legacyData"
"9a82ae3f-c145-4090-9c4c-61232d07ad22","BART_004.basePlot.vst","2016-10-19","vst_BART_2016","D01","BART","BART_004",,"NEON.PLA.D01.BART.01012","ok","sapling","No longer qualifies",,,,,,,,,,,,,,,"remove tag; it is connected to 1014","2xX6mTIEU2zzk+aGAURxuwRthSzBo/kx","EkSno5X21V+6BMsaD1wBB48CY0mHxVq/","legacyData"
"eb71a81c-db9f-47d5-85b8-3eabffc68ebf","BART_004.basePlot.vst","2016-10-19","vst_BART_2016","D01","BART","BART_004",,"NEON.PLA.D01.BART.00758","ok","sapling","Live, disease damaged",,,1.2,,,,,,,,1.1,10,,,,"2xX6mTIEU2zzk+aGAURxuwRthSzBo/kx","EkSno5X21V+6BMsaD1wBB48CY0mHxVq/","legacyData"
"45aaf487-3385-4963-be96-8a415665f393","BART_004.basePlot.vst","2016-10-19","vst_BART_2016","D01","BART","BART_004",,"NEON.PLA.D01.BART.00753","ok","single bole tree","Live",11.0,130,7.3,,,,5.7,4.2,"Mostly shaded",,,,,,,"2xX6mTIEU2zzk+aGAURxuwRthSzBo/kx","EkSno5X21V+6BMsaD1wBB48CY0mHxVq/","legacyData"
"7865b6fa-954d-41ab-8d96-fa0bf27b8e97","BART_004.basePlot.vst","2016-10-19","vst_BART_2016","D01","BART","BART_004",,"NEON.PLA.D01.BART.00852","ok","single bole tree","No longer qualifies",,,,,,,,,,,,,,,"does not qualify tag still attached","2xX6mTIEU2zzk+aGAURxuwRthSzBo/kx","EkSno5X21V+6BMsaD1wBB48CY0mHxVq/","legacyData"
"91273c4e-6a41-40f7-9313-776fdf6a1bff","BART_004.basePlot.vst","2016-10-19","vst_BART_2016","D01","BART","BART_004",,"NEON.PLA.D01.BART.00850","ok","single bole tree","Live, disease damaged",38.2,130,18.9,,,,12.0,8.8,"Full sun",,,,,,,"2xX6mTIEU2zzk+aGAURxuwRthSzBo/kx","EkSno5X21V+6BMsaD1wBB48CY0mHxVq/","legacyData"
"190ed0e1-ecc7-4121-b3ed-be320121f12b","BART_004.basePlot.vst","2016-10-19","vst_BART_2016","D01","BART","BART_004",,"NEON.PLA.D01.BART.00847","ok","single bole tree","No longer qualifies",,,,,,,,,,,,,,,"fallen over dead now CDW","2xX6mTIEU2zzk+aGAURxuwRthSzBo/kx","EkSno5X21V+6BMsaD1wBB48CY0mHxVq/","legacyData"
"961c5a3c-35e7-4670-ab54-70058682c67a","BART_004.basePlot.vst","2016-10-19","vst_BART_2016","D01","BART","BART_004",,"NEON.PLA.D01.BART.00853","ok","single bole tree","Dead, broken bole",10.7,130,6.6,,1.0,8.0,,,,,,,,,,"2xX6mTIEU2zzk+aGAURxuwRthSzBo/kx","EkSno5X21V+6BMsaD1wBB48CY0mHxVq/","legacyData"
"30c031ea-fe8d-40d1-a6aa-a3b2eb3851a4","BART_004.basePlot.vst","2016-10-19","vst_BART_2016","D01","BART","BART_004",,"NEON.PLA.D01.BART.00035","ok","sapling","Live, disease damaged",,,0.9,,,,,,,,1.1,10,,,,"2xX6mTIEU2zzk+aGAURxuwRthSzBo/kx","EkSno5X21V+6BMsaD1wBB48CY0mHxVq/","legacyData"
"97b64261-edef-4d7b-b342-6cff86bf0b68","BART_004.basePlot.vst","2016-10-19","vst_BART_2016","D01","BART","BART_004",,"NEON.PLA.D01.BART.00028","ok","single bole tree","Live",13.1,130,14.1,,,,7.7,7.0,"Partially shaded",,,,,,,"2xX6mTIEU2zzk+aGAURxuwRthSzBo/kx","EkSno5X21V+6BMsaD1wBB48CY0mHxVq/","legacyData"
"33e5d8aa-9a2d-4c71-a98b-9fb315e9c546","BART_004.basePlot.vst","2016-10-19","vst_BART_2016","D01","BART","BART_004",,"NEON.PLA.D01.BART.01020","ok","small tree","Live",7.8,130,6.1,,,,,,,,,,,,,"2xX6mTIEU2zzk+aGAURxuwRthSzBo/kx","EkSno5X21V+6BMsaD1wBB48CY0mHxVq/","legacyData"
"370af8ac-1817-4dc9-ac9b-e8e3bf2dfbc2","BART_004.basePlot.vst","2016-10-19","vst_BART_2016","D01","BART","BART_004",,"NEON.PLA.D01.BART.01025","ok","multi-bole tree","Live",17.7,130,8.4,,,,6.4,6.3,"Mostly shaded",,,,,,,"2xX6mTIEU2zzk+aGAURxuwRthSzBo/kx","EkSno5X21V+6BMsaD1wBB48CY0mHxVq/","legacyData"
"cb8ff62d-7722-4686-85e5-5bc0ca3523ae","BART_004.basePlot.vst","2016-10-19","vst_BART_2016","D01","BART","BART_004",,"NEON.PLA.D01.BART.01018","ok","small tree","Live, disease damaged",1.5,130,0.4,,,,,,,,,,,,"flattened by fallen logs","2xX6mTIEU2zzk+aGAURxuwRthSzBo/kx","EkSno5X21V+6BMsaD1wBB48CY0mHxVq/","legacyData"
"04d590e4-71ad-4606-b3c2-4e11d8f6f744","BART_004.basePlot.vst","2016-10-19","vst_BART_2016","D01","BART","BART_004",,"NEON.PLA.D01.BART.00755","ok","sapling","Live",,,0.4,,,,,,,,0.8,10,,,,"2xX6mTIEU2zzk+aGAURxuwRthSzBo/kx","EkSno5X21V+6BMsaD1wBB48CY0mHxVq/","legacyData"
"ae16def2-eafd-4392-891c-3d39f6697b46","BART_004.basePlot.vst","2016-10-19","vst_BART_2016","D01","BART","BART_004",,"NEON.PLA.D01.BART.01019","ok","single bole tree","Live, physically damaged",19.7,165,13.9,,,,7.9,5.3,"Partially shaded",,,,,,"has a long scar @ 130; also seems diseased","2xX6mTIEU2zzk+aGAURxuwRthSzBo/kx","EkSno5X21V+6BMsaD1wBB48CY0mHxVq/","legacyData"
"76d28cf0-e23e-4f6f-bac3-ec942ad3ad63","BART_004.basePlot.vst","2016-10-19","vst_BART_2016","D01","BART","BART_004",,"NEON.PLA.D01.BART.01024","ok","single bole tree","Live, disease damaged",16.3,130,14.6,,,,8.6,5.0,"Partially shaded",,,,,,,"2xX6mTIEU2zzk+aGAURxuwRthSzBo/kx","EkSno5X21V+6BMsaD1wBB48CY0mHxVq/","legacyData"
"59b5ed71-91db-4288-aac6-e9ca2be625fc","BART_004.basePlot.vst","2016-10-19","vst_BART_2016","D01","BART","BART_004",,"NEON.PLA.D01.BART.01016","ok","sapling","Live",,,0.5,,,,,,,,0.9,10,,,,"2xX6mTIEU2zzk+aGAURxuwRthSzBo/kx","EkSno5X21V+6BMsaD1wBB48CY0mHxVq/","legacyData"
"7ce45d2a-a2ba-4e01-9515-575a874a1536","BART_004.basePlot.vst","2016-10-19","vst_BART_2016","D01","BART","BART_004",,"NEON.PLA.D01.BART.00756","ok","sapling","Live, disease damaged",,,1.0,,,,,,,,1.1,10,,,,"2xX6mTIEU2zzk+aGAURxuwRthSzBo/kx","EkSno5X21V+6BMsaD1wBB48CY0mHxVq/","legacyData"
"df775582-69a4-44a8-bc49-e356911429e9","BART_004.basePlot.vst","2016-10-19","vst_BART_2016","D01","BART","BART_004",,"NEON.PLA.D01.BART.00042","ok","sapling","Live",,,0.8,,,,,,,,0.7,10,,,,"2xX6mTIEU2zzk+aGAURxuwRthSzBo/kx","EkSno5X21V+6BMsaD1wBB48CY0mHxVq/","legacyData"
"2b7b98f4-6f45-4d38-8ace-9cb7b36d0f21","BART_004.basePlot.vst","2016-10-19","vst_BART_2016","D01","BART","BART_004",,"NEON.PLA.D01.BART.00026","ok","small shrub","Live",,,0.7,0.1,,,1.8,1.4,,"ellipsoid or sphere",1.7,10,,,,"2xX6mTIEU2zzk+aGAURxuwRthSzBo/kx","EkSno5X21V+6BMsaD1wBB48CY0mHxVq/","legacyData"
"c6bc62db-09c4-4962-bb2f-6b5fff5e8a6f","BART_004.basePlot.vst","2016-10-19","vst_BART_2016","D01","BART","BART_004",,"NEON.PLA.D01.BART.00034","ok","sapling","Live, disease damaged",,,0.8,,,,,,,,0.8,10,,,,"2xX6mTIEU2zzk+aGAURxuwRthSzBo/kx","EkSno5X21V+6BMsaD1wBB48CY0mHxVq/","legacyData"
"3213f8e3-ab5d-41b0-aece-cc69826b4ded","BART_004.basePlot.vst","2016-10-19","vst_BART_2016","D01","BART","BART_004",,"NEON.PLA.D01.BART.00031","ok","sapling","Live, disease damaged",,,1.4,,,,,,,,1.1,10,,,,"2xX6mTIEU2zzk+aGAURxuwRthSzBo/kx","EkSno5X21V+6BMsaD1wBB48CY0mHxVq/","legacyData"
"ce51e8d6-cdbd-45bb-a138-3f43c9e0c761","BART_004.basePlot.vst","2016-10-19","vst_BART_2016","D01","BART","BART_004",,"NEON.PLA.D01.BART.01862","ok","sapling","Live, disease damaged",,,1.9,,,,,,,,1.8,16,,,"bent stem at base @ 10cm","2xX6mTIEU2zzk+aGAURxuwRthSzBo/kx","EkSno5X21V+6BMsaD1wBB48CY0mHxVq/","legacyData"
"6396d6c4-b36e-4ab7-8c05-bc3026be5877","BART_004.basePlot.vst","2016-10-19","vst_BART_2016","D01","BART","BART_004",,"NEON.PLA.D01.BART.00851","ok","multi-bole tree","Live",45.9,155,20.2,,,,13.7,11.1,"Full sun",,,,,,,"2xX6mTIEU2zzk+aGAURxuwRthSzBo/kx","EkSno5X21V+6BMsaD1wBB48CY0mHxVq/","legacyData"
"97c3ec44-c0e1-4b28-8338-4d732b1c9f96","BART_004.basePlot.vst","2016-10-19","vst_BART_2016","D01","BART","BART_004",,"NEON.PLA.D01.BART.00754","ok","single bole tree","Live",29.1,130,13.8,,,,9.4,8.1,"Partially shaded",,,,,,,"2xX6mTIEU2zzk+aGAURxuwRthSzBo/kx","EkSno5X21V+6BMsaD1wBB48CY0mHxVq/","legacyData"
"2e62a598-1719-407e-adc0-2bb200160388","BART_004.basePlot.vst","2016-10-19","vst_BART_2016","D01","BART","BART_004",,"NEON.PLA.D01.BART.00037","ok","sapling","Live, disease damaged",,,1.2,,,,,,,,0.9,10,,,,"2xX6mTIEU2zzk+aGAURxuwRthSzBo/kx","EkSno5X21V+6BMsaD1wBB48CY0mHxVq/","legacyData"
"dc99a694-ba44-43e5-8440-462c4572de6d","BART_004.basePlot.vst","2016-10-19","vst_BART_2016","D01","BART","BART_004",,"NEON.PLA.D01.BART.00841","ok","single bole tree","Live",17.2,130,13.7,,,,6.2,5.0,"Partially shaded",,,,,,,"2xX6mTIEU2zzk+aGAURxuwRthSzBo/kx","EkSno5X21V+6BMsaD1wBB48CY0mHxVq/","legacyData"
"e8ddfe2f-84c0-4225-addc-2f23014682e8","BART_004.basePlot.vst","2016-10-19","vst_BART_2016","D01","BART","BART_004",,"NEON.PLA.D01.BART.00030","ok","sapling","Live, disease damaged",,,0.6,,,,,,,,0.8,10,,,,"2xX6mTIEU2zzk+aGAURxuwRthSzBo/kx","EkSno5X21V+6BMsaD1wBB48CY0mHxVq/","legacyData"
"f213f869-10ed-4151-928e-44aa1031ac14","BART_004.basePlot.vst","2016-10-19","vst_BART_2016","D01","BART","BART_004",,"NEON.PLA.D01.BART.00027","ok","sapling","Live",,,0.8,,,,,,,,1.6,10,,,,"2xX6mTIEU2zzk+aGAURxuwRthSzBo/kx","EkSno5X21V+6BMsaD1wBB48CY0mHxVq/","legacyData"
"2caff334-a25f-4981-8b0e-1885db076494","BART_004.basePlot.vst","2016-10-19","vst_BART_2016","D01","BART","BART_004",,"NEON.PLA.D01.BART.01006","ok","sapling","Live, disease damaged",,,1.9,,,,,,,,1.9,10,,,,"2xX6mTIEU2zzk+aGAURxuwRthSzBo/kx","EkSno5X21V+6BMsaD1wBB48CY0mHxVq/","legacyData"
"aca409f8-b091-4f09-89e1-b3c8bd3eb2e6","BART_004.basePlot.vst","2016-10-19","vst_BART_2016","D01","BART","BART_004",,"NEON.PLA.D01.BART.00751","ok","small tree","Standing dead",1.9,130,1.1,,,,,,,,,,,,,"2xX6mTIEU2zzk+aGAURxuwRthSzBo/kx","EkSno5X21V+6BMsaD1wBB48CY0mHxVq/","legacyData"
"4b2f2d19-9960-4f49-86f3-bb8805c8b668","BART_004.basePlot.vst","2016-10-19","vst_BART_2016","D01","BART","BART_004",,"NEON.PLA.D01.BART.00761","ok","single bole tree","Live, physically damaged",26.0,130,16.5,,,,10.9,8.2,"Partially shaded",,,,,,"top broken but new bole overgrown in","2xX6mTIEU2zzk+aGAURxuwRthSzBo/kx","EkSno5X21V+6BMsaD1wBB48CY0mHxVq/","legacyData"
"8e853dd9-17bf-4b93-b98d-f3e58ef364f5","BART_004.basePlot.vst","2016-10-19","vst_BART_2016","D01","BART","BART_004",,"NEON.PLA.D01.BART.01015","ok","small tree","Live",7.9,130,7.9,,,,,,,,,,,,,"2xX6mTIEU2zzk+aGAURxuwRthSzBo/kx","EkSno5X21V+6BMsaD1wBB48CY0mHxVq/","legacyData"
"001129cb-9993-4e90-8afc-e85ed3927079","BART_004.basePlot.vst","2016-10-19","vst_BART_2016","D01","BART","BART_004",,"NEON.PLA.D01.BART.05780","ok","sapling","Live, disease damaged",,,1.7,,,,,,,,1.3,10,,,,"2xX6mTIEU2zzk+aGAURxuwRthSzBo/kx","EkSno5X21V+6BMsaD1wBB48CY0mHxVq/","legacyData"
"93df67a5-d170-4c17-b41f-a30c63f46e2c","BART_004.basePlot.vst","2016-10-19","vst_BART_2016","D01","BART","BART_004",,"NEON.PLA.D01.BART.01013","ok","sapling","Live, disease damaged",,,1.1,,,,,,,,1.1,10,,,,"2xX6mTIEU2zzk+aGAURxuwRthSzBo/kx","EkSno5X21V+6BMsaD1wBB48CY0mHxVq/","legacyData"
"98e93134-2c2e-4980-969b-2017c95da310","BART_004.basePlot.vst","2016-10-19","vst_BART_2016","D01","BART","BART_004",,"NEON.PLA.D01.BART.00029","ok","sapling","Live, disease damaged",,,1.8,,,,,,,,1.2,10,,,,"2xX6mTIEU2zzk+aGAURxuwRthSzBo/kx","EkSno5X21V+6BMsaD1wBB48CY0mHxVq/","legacyData"
"b9a987d7-31a7-445b-aa63-38572b1165c2","BART_004.basePlot.vst","2016-10-19","vst_BART_2016","D01","BART","BART_004",,"NEON.PLA.D01.BART.01026","ok","single bole tree","Live, disease damaged",18.0,130,14.8,,,,6.7,4.7,"Partially shaded",,,,,,,"2xX6mTIEU2zzk+aGAURxuwRthSzBo/kx","EkSno5X21V+6BMsaD1wBB48CY0mHxVq/","legacyData"
