uid,namedLocation,domainID,siteID,plotID,plotType,nlcdClass,decimalLatitude,decimalLongitude,geodeticDatum,coordinateUncertainty,elevation,elevationUncertainty,collectDate,eventID,sampleID,sampleCode,samplingMethod,totalSampledArea,targetTaxaPresent,adultCount,nymphCount,larvaCount,sampleCondition,samplingProtocolVersion,measuredBy,remarks
"c7b9c0f6-dc06-4f27-a3e2-b3c727e2c392","UKFS_030.tickPlot.tck","D06","UKFS","UKFS_030","distributed","grasslandHerbaceous",39.045115,-95.213433,"WGS84",20.1,321.9,0.1,"2015-09-10T15:01Z","UKFS.2015.36",,,"drag",160,"N",0,0,,,"NEON.DOC.014045vF","4ap3oWa44i+OU41AqpNxZie9h1zLMZD/",
"f72f9293-999b-4eb0-b422-56c854f7a495","UKFS_002.tickPlot.tck","D06","UKFS","UKFS_002","distributed","deciduousForest",39.045892,-95.207026,"WGS84",20.1,316.0,0.2,"2015-09-10T15:26Z","UKFS.2015.36","UKFS_002.20150910",,"drag and flag",160,"Y",0,3,,"No known compromise","NEON.DOC.014045vF","4ap3oWa44i+OU41AqpNxZie9h1zLMZD/",
"781297fe-e30a-44f0-bb74-61a7ee0712f6","UKFS_004.tickPlot.tck","D06","UKFS","UKFS_004","distributed","deciduousForest",39.043188,-95.201000,"WGS84",20.1,320.0,0.2,"2015-09-10T16:24Z","UKFS.2015.36","UKFS_004.20150910",,"drag and flag",160,"Y",0,5,748,"No known compromise","NEON.DOC.014045vF","wQI+SYME+gr3nKVXMbMGzlxt6VcoOetL",
"c40a69cd-2bf4-4773-becf-49aaab0543e9","UKFS_003.tickPlot.tck","D06","UKFS","UKFS_003","distributed","deciduousForest",39.053769,-95.187084,"WGS84",20.1,323.1,0.1,"2015-09-10T17:46Z","UKFS.2015.36","UKFS_003.20150910",,"drag and flag",160,"Y",0,6,221,"No known compromise","NEON.DOC.014045vF","wQI+SYME+gr3nKVXMbMGzlxt6VcoOetL",
"e01b4da8-0ed0-410f-b0a2-2de2b5bc60e0","UKFS_018.tickPlot.tck","D06","UKFS","UKFS_018","distributed","grasslandHerbaceous",39.053205,-95.194659,"WGS84",20.1,325.8,0.1,"2015-09-10T18:56Z","UKFS.2015.36",,,"drag",160,"N",0,0,,,"NEON.DOC.014045vF","4ap3oWa44i+OU41AqpNxZie9h1zLMZD/",
"396037b1-3ad4-41de-8e22-018499e1c38e","UKFS_001.tickPlot.tck","D06","UKFS","UKFS_001","distributed","deciduousForest",39.037238,-95.198631,"WGS84",20.1,322.7,0.1,"2015-09-10T19:36Z","UKFS.2015.36","UKFS_001.20150910",,"drag and flag",160,"Y",0,24,1,"No known compromise","NEON.DOC.014045vF","4ap3oWa44i+OU41AqpNxZie9h1zLMZD/",
"de9838c3-8a11-41f7-93e3-c2a2fb96768b","UKFS_001.tickPlot.tck","D06","UKFS","UKFS_001","distributed","deciduousForest",39.037238,-95.198631,"WGS84",20.1,322.7,0.1,"2015-09-29T13:55Z","UKFS.2015.39","UKFS_001.20150929",,"drag",160,"Y",0,17,,"No known compromise","NEON.DOC.014045vF","/sVzRO01Fu+91IQNMsKeUEFazyktd0rY",
"49f9bf0b-3b20-4e82-843a-ce77c4a1d2e7","UKFS_030.tickPlot.tck","D06","UKFS","UKFS_030","distributed","grasslandHerbaceous",39.045115,-95.213433,"WGS84",20.1,321.9,0.1,"2015-09-29T15:13Z","UKFS.2015.39",,,"drag",155,"N",0,0,,,"NEON.DOC.014045vF","/sVzRO01Fu+91IQNMsKeUEFazyktd0rY",
"d6901f83-4464-40ac-b711-af2e4ebe0e97","UKFS_002.tickPlot.tck","D06","UKFS","UKFS_002","distributed","deciduousForest",39.045892,-95.207026,"WGS84",20.1,316.0,0.2,"2015-09-29T15:41Z","UKFS.2015.39","UKFS_002.20150929",,"drag",160,"Y",0,3,,"No known compromise","NEON.DOC.014045vF","77todYjt/jkEGWUHO3SI0BRlGpUHn9Xh",
"a6c0bb0f-2cdb-4b05-aeef-b910f3edbc4c","UKFS_004.tickPlot.tck","D06","UKFS","UKFS_004","distributed","deciduousForest",39.043188,-95.201000,"WGS84",20.1,320.0,0.2,"2015-09-29T16:20Z","UKFS.2015.39","UKFS_004.20150929",,"drag",160,"Y",0,4,55,"No known compromise","NEON.DOC.014045vF","77todYjt/jkEGWUHO3SI0BRlGpUHn9Xh",
"7b7814f1-ed13-4168-a7e9-05d22b5bd798","UKFS_018.tickPlot.tck","D06","UKFS","UKFS_018","distributed","grasslandHerbaceous",39.053205,-95.194659,"WGS84",20.1,325.8,0.1,"2015-09-29T17:29Z","UKFS.2015.39",,,"drag",160,"N",0,0,,,"NEON.DOC.014045vF","wQI+SYME+gr3nKVXMbMGzlxt6VcoOetL",
"78946fc4-8038-4ca4-ba89-54e025690616","UKFS_003.tickPlot.tck","D06","UKFS","UKFS_003","distributed","deciduousForest",39.053769,-95.187084,"WGS84",20.1,323.1,0.1,"2015-09-29T17:56Z","UKFS.2015.39","UKFS_003.20150929",,"drag and flag",160,"Y",0,1,648,"No known compromise","NEON.DOC.014045vF","wQI+SYME+gr3nKVXMbMGzlxt6VcoOetL",
