uid,namedLocation,plotID,collectDate,identifiedDate,sampleID,subsampleID,scientificName,acceptedTaxonID,taxonRank,family,subfamily,tribe,subtribe,genus,subgenus,specificEpithet,infraspecificEpithet,identificationQualifier,identificationReferences,identificationProtocolVersion,scientificNameAuthorship,sexOrAge,individualCount,sampleCondition,archiveMedium,archiveFacilityID,deprecatedVialID,identifiedBy,laboratoryName,remarks
"9723062b-f0df-4fcf-aa72-87c44a9ed28d","UKFS_002.tickPlot.tck","UKFS_002","2015-09-10T15:26Z","2016-06-28T12:00Z","UKFS_002.20150910","UKFS_002.20150910.AMBAME.N","Amblyomma americanum","AMBAME","species","Ixodidae",,,,"Amblyomma",,"americanum",,,"Cooley, R. A. and G. M. Kohls. 1944. The genus Amblyomma (ixodidae) in the United States. The Journal of Parasitology, 30(2):77-111.","GSU_tickIdentification_SOP_2016-11-01.pdf","Linnaeus","Nymph",3,"OK","95% ethanol","127077",,"L. Beati","Georgia Southern University",
"81a8b2c5-27d4-4396-9fd0-a77134ec99ce","UKFS_003.tickPlot.tck","UKFS_003","2015-09-10T17:46Z","2016-06-28T12:00Z","UKFS_003.20150910","UKFS_003.20150910.AMBAME.N","Amblyomma americanum","AMBAME","species","Ixodidae",,,,"Amblyomma",,"americanum",,,"Cooley, R. A. and G. M. Kohls. 1944. The genus Amblyomma (ixodidae) in the United States. The Journal of Parasitology, 30(2):77-111.","GSU_tickIdentification_SOP_2016-11-01.pdf","Linnaeus","Nymph",6,"OK","95% ethanol","127079",,"L. Beati","Georgia Southern University",
"54812904-b298-45b7-8fec-745f115ab534","UKFS_003.tickPlot.tck","UKFS_003","2015-09-10T17:46Z","2016-06-28T16:00Z","UKFS_003.20150910","UKFS_003.20150910.AMBAME.L","Amblyomma americanum","AMBAME","species","Ixodidae",,,,"Amblyomma",,"americanum",,,"Cooley, R. A. and G. M. Kohls. 1944. The genus Amblyomma (ixodidae) in the United States. The Journal of Parasitology, 30(2):77-111.","GSU_tickIdentification_SOP_2016-11-01.pdf","Linnaeus","Larva",1,"OK","90% ethanol","127079",,"L. Beati","Georgia Southern University",
"8f4e079b-4ba5-4f4d-ac0f-95e87fa0752e","UKFS_001.tickPlot.tck","UKFS_001","2015-09-10T19:36Z","2016-06-28T16:00Z","UKFS_001.20150910","UKFS_001.20150910.AMBAME.L","Amblyomma americanum","AMBAME","species","Ixodidae",,,,"Amblyomma",,"americanum",,,"Cooley, R. A. and G. M. Kohls. 1944. The genus Amblyomma (ixodidae) in the United States. The Journal of Parasitology, 30(2):77-111.","GSU_tickIdentification_SOP_2016-11-01.pdf","Linnaeus","Larva",1,"OK","90% ethanol","127080",,"L. Beati","Georgia Southern University",
"aeaa6662-373b-4e69-b043-f9926b872016","UKFS_001.tickPlot.tck","UKFS_001","2015-09-10T19:36Z","2016-06-28T12:00Z","UKFS_001.20150910","UKFS_001.20150910.AMBAME.N","Amblyomma americanum","AMBAME","species","Ixodidae",,,,"Amblyomma",,"americanum",,,"Cooley, R. A. and G. M. Kohls. 1944. The genus Amblyomma (ixodidae) in the United States. The Journal of Parasitology, 30(2):77-111.","GSU_tickIdentification_SOP_2016-11-01.pdf","Linnaeus","Nymph",24,"OK","95% ethanol","127080",,"L. Beati","Georgia Southern University",
