uid,namedLocation,domainID,siteID,plotID,plotType,nlcdClass,decimalLatitude,decimalLongitude,geodeticDatum,coordinateUncertainty,elevation,elevationUncertainty,collectDate,eventID,sampleID,sampleCode,samplingMethod,totalSampledArea,targetTaxaPresent,adultCount,nymphCount,larvaCount,sampleCondition,samplingProtocolVersion,measuredBy,remarks
"6990caad-e6e0-451a-93db-7d05c53324a0","TALL_003.tickPlot.tck","D08","TALL","TALL_003","distributed","mixedForest",32.894415,-87.416532,"WGS84",20.2,121.9,0.2,"2016-03-23T13:50Z","TALL.2016.12",,,"drag",160,"N",0,0,0,"No known compromise","NEON.DOC.014045vG","0ygyTA3URVoNp+waZjN2Lu+zP0lNl3v9",
"9e4a8a3c-ca9c-4851-8834-4594b5b51d3b","TALL_008.tickPlot.tck","D08","TALL","TALL_008","distributed","deciduousForest",32.922874,-87.434097,"WGS84",20.2,127.5,0.2,"2016-03-23T14:40Z","TALL.2016.12",,,"drag",160,"N",0,0,0,"No known compromise","NEON.DOC.014045vG","0ygyTA3URVoNp+waZjN2Lu+zP0lNl3v9",
"8712de45-129b-4c08-8f0e-6e24aded232e","TALL_006.tickPlot.tck","D08","TALL","TALL_006","distributed","evergreenForest",32.899144,-87.444571,"WGS84",20.3,108.6,0.3,"2016-03-23T16:00Z","TALL.2016.12","TALL_006.20160323",,"drag and flag",160,"Y",0,2,0,"No known compromise","NEON.DOC.014045vG","0ygyTA3URVoNp+waZjN2Lu+zP0lNl3v9",
"3812a202-d7ae-4cdf-8d5b-484487419510","TALL_016.tickPlot.tck","D08","TALL","TALL_016","distributed","evergreenForest",32.971553,-87.415845,"WGS84",20.1,138.9,0.1,"2016-03-23T19:13Z","TALL.2016.12",,,"drag and flag",160,"N",0,0,0,"No known compromise","NEON.DOC.014045vG","v7wRdnV1gD6DA7NUoRhtXNeAYtN2k0WN",
"e4b2420f-9c74-4251-a2af-34ae61514631","TALL_001.tickPlot.tck","D08","TALL","TALL_001","distributed","deciduousForest",32.976370,-87.432184,"WGS84",20.2,114.6,0.1,"2016-03-23T20:15Z","TALL.2016.12","TALL_001.20160323",,"drag",160,"Y",1,0,0,"No known compromise","NEON.DOC.014045vG","v7wRdnV1gD6DA7NUoRhtXNeAYtN2k0WN",
"401e4155-f673-429c-8c93-cf9663b86d7b","TALL_002.tickPlot.tck","D08","TALL","TALL_002","distributed","mixedForest",32.920823,-87.428955,"WGS84",20.3,104.0,0.4,"2016-03-29T15:35Z","TALL.2016.13","TALL_002.20160329",,"drag",160,"Y",1,11,0,"No known compromise","NEON.DOC.014045vG","Bw3luEmt/EBXrQHhVu/bZXxTa02TtXvY",
