uid,namedLocation,domainID,siteID,plotID,plotType,nlcdClass,decimalLatitude,decimalLongitude,geodeticDatum,coordinateUncertainty,elevation,elevationUncertainty,collectDate,eventID,sampleID,sampleCode,samplingMethod,totalSampledArea,targetTaxaPresent,adultCount,nymphCount,larvaCount,sampleCondition,samplingProtocolVersion,measuredBy,remarks
"883e331f-c103-45b9-a64f-0fdf968475cd","DSNY_008.tickPlot.tck","D03","DSNY","DSNY_008","distributed","woodyWetlands",28.047337,-81.403204,"WGS84",20.1,18.8,0.1,"2016-04-05T14:44Z","DSNY.2016.14",,,"drag and flag",160,"N",0,0,0,"No known compromise","NEON.DOC.014045vG","q+sogNxuTpaaq3nt4H3feKdAxSnPr68l",
"f8057344-f5e2-4a30-8f1b-20227a5eb2f5","DSNY_006.tickPlot.tck","D03","DSNY","DSNY_006","distributed","woodyWetlands",28.093704,-81.398045,"WGS84",20.1,20.1,0.1,"2016-04-05T15:39Z","DSNY.2016.14",,,"drag and flag",164,"N",0,0,0,"No known compromise","NEON.DOC.014045vG","MKzZOk5/Xm50RQayZnRJcn9AAWxeaTCC",
"3a14363e-d5b6-467c-9cbd-dbbd0b82f569","DSNY_005.tickPlot.tck","D03","DSNY","DSNY_005","distributed","woodyWetlands",28.040497,-81.394482,"WGS84",20.1,16.6,0.1,"2016-04-05T15:39Z","DSNY.2016.14",,,"drag and flag",165,"N",0,0,0,"No known compromise","NEON.DOC.014045vG","j6ydB1wV0IMIteC01ny8FHUDOKlsURHw",
"10fec4a7-bc05-4277-b225-07dcf5ec00fe","DSNY_006.tickPlot.tck","D03","DSNY","DSNY_006","distributed","woodyWetlands",28.093704,-81.398045,"WGS84",20.1,20.1,0.1,"2016-04-05T17:44Z","DSNY.2016.14",,,"drag and flag",164,"N",0,0,0,"No known compromise","NEON.DOC.014045vG","j6ydB1wV0IMIteC01ny8FHUDOKlsURHw",
"c7e0ae8c-b5a3-4603-adff-0531264020c7","DSNY_004.tickPlot.tck","D03","DSNY","DSNY_004","distributed","woodyWetlands",28.101022,-81.399501,"WGS84",20.1,18.7,0.1,"2016-04-05T18:49Z","DSNY.2016.14",,,"drag and flag",156,"N",0,0,0,"No known compromise","NEON.DOC.014045vG","q+sogNxuTpaaq3nt4H3feKdAxSnPr68l",
"adc7b9b9-74be-452f-813d-5c62d1f7cdef","DSNY_001.tickPlot.tck","D03","DSNY","DSNY_001","distributed","woodyWetlands",28.098062,-81.418561,"WGS84",20.1,20.3,0.1,"2016-04-05T19:44Z","DSNY.2016.14",,,"drag and flag",145,"N",0,0,0,"No known compromise","NEON.DOC.014045vG","q+sogNxuTpaaq3nt4H3feKdAxSnPr68l","Water floods one corner of the plot"
"a5222699-321a-4674-863d-a0dc82a7c909","DSNY_021.tickPlot.tck","D03","DSNY","DSNY_021","distributed","pastureHay",28.053635,-81.392353,"WGS84",20.1,17.1,0.1,"2016-04-05T20:45Z","DSNY.2016.14",,,"drag and flag",160,"N",0,0,0,"No known compromise","NEON.DOC.014045vG","j6ydB1wV0IMIteC01ny8FHUDOKlsURHw",
"796e4aac-bf41-4f99-8f91-57453a2b6ae1","DSNY_001.tickPlot.tck","D03","DSNY","DSNY_001","distributed","woodyWetlands",28.098062,-81.418561,"WGS84",20.1,20.3,0.1,"2016-04-18T18:55Z","DSNY.2016.16",,,"drag and flag",166,"N",0,0,0,"No known compromise","NEON.DOC.014045vG","PbNu4t/t/O1BAZriMiaA3VbsZD9KatgX","NW corner inundated with water"
"514d5015-0846-471d-acd0-b61c1c17edda","DSNY_006.tickPlot.tck","D03","DSNY","DSNY_006","distributed","woodyWetlands",28.093704,-81.398045,"WGS84",20.1,20.1,0.1,"2016-04-18T19:50Z","DSNY.2016.16",,,"drag and flag",162,"N",0,0,0,"Distance estimated (described in remarks)","NEON.DOC.014045vG","3oLm1wKohrAwhWDaR+fCrERZCPqPedYH","Added meters to sampling distance"
"fb06c995-15ff-494f-9285-d46d43e4bcfb","DSNY_006.tickPlot.tck","D03","DSNY","DSNY_006","distributed","woodyWetlands",28.093704,-81.398045,"WGS84",20.1,20.1,0.1,"2016-04-18T19:50Z","DSNY.2016.16",,,"drag and flag",162,"N",0,0,0,"No known compromise","NEON.DOC.014045vG","AVP+zP8qsqdmhpckttbv+C48WCZteqaL",
"93cef08a-0d9b-4fe4-ab9f-0b0291509b57","DSNY_004.tickPlot.tck","D03","DSNY","DSNY_004","distributed","woodyWetlands",28.101022,-81.399501,"WGS84",20.1,18.7,0.1,"2016-04-18T20:24Z","DSNY.2016.16",,,"drag and flag",160,"N",0,0,0,"No known compromise","NEON.DOC.014045vG","PbNu4t/t/O1BAZriMiaA3VbsZD9KatgX",
"13b98819-ce60-490c-84df-ed873c2a0d50","DSNY_008.tickPlot.tck","D03","DSNY","DSNY_008","distributed","woodyWetlands",28.047337,-81.403204,"WGS84",20.1,18.8,0.1,"2016-04-18T21:55Z","DSNY.2016.16",,,"drag",160,"N",0,0,0,"No known compromise","NEON.DOC.014045vG","cnV1WCQ8UKg4+H5mqvmmKOoV390GYVH5",
"c93ee7a4-e981-48f9-a0de-a0069b338dfd","DSNY_005.tickPlot.tck","D03","DSNY","DSNY_005","distributed","woodyWetlands",28.040497,-81.394482,"WGS84",20.1,16.6,0.1,"2016-04-19T16:30Z","DSNY.2016.16",,,"drag and flag",162,"N",0,0,0,"No known compromise","NEON.DOC.014045vG","PbNu4t/t/O1BAZriMiaA3VbsZD9KatgX",
"14144e47-693e-402c-8520-ef8fecd93e60","DSNY_021.tickPlot.tck","D03","DSNY","DSNY_021","distributed","pastureHay",28.053635,-81.392353,"WGS84",20.1,17.1,0.1,"2016-04-19T21:31Z","DSNY.2016.16",,,"drag",160,"N",0,0,0,"No known compromise","NEON.DOC.014045vG","PbNu4t/t/O1BAZriMiaA3VbsZD9KatgX",
"a28e1bc2-e6d9-49bc-ada5-c8131aec9146","DSNY_008.tickPlot.tck","D03","DSNY","DSNY_008","distributed","woodyWetlands",28.047337,-81.403204,"WGS84",20.1,18.8,0.1,"2016-04-19T21:55Z","DSNY.2016.16",,,"drag",160,"N",0,0,0,"No known compromise","NEON.DOC.014045vG","PbNu4t/t/O1BAZriMiaA3VbsZD9KatgX",
