uid,namedLocation,domainID,siteID,plotID,plotType,nlcdClass,decimalLatitude,decimalLongitude,geodeticDatum,coordinateUncertainty,elevation,elevationUncertainty,collectDate,eventID,sampleID,sampleCode,samplingMethod,totalSampledArea,targetTaxaPresent,adultCount,nymphCount,larvaCount,sampleCondition,samplingProtocolVersion,measuredBy,remarks
"3fd0face-ee52-41b2-a650-88ef8bb36251","TREE_019.tickPlot.tck","D05","TREE","TREE_019","distributed","mixedForest",45.494788,-89.575812,"WGS84",20.3,466.2,0.5,"2017-09-08T18:28Z","TREE.2017.37","TREE_019.20170908",,"flag",160,"Y",0,1,10,"No known compromise","NEON.DOC.014045vH","WXmC7HijdM2NsP75v+4sQyVqwIMmMBb8",
"c1e7ea3d-fa1a-4de2-a387-a0e61cfab238","TREE_007.tickPlot.tck","D05","TREE","TREE_007","distributed","deciduousForest",45.496399,-89.559231,"WGS84",20.2,461.3,0.3,"2017-09-08T18:45Z","TREE.2017.37",,,"drag and flag",160,"N",0,0,0,,"NEON.DOC.014045vH","tGnUz0GPV2kgdSfOkOVX8+cwFgPS8HIHsKHNPKuVkj8=",
"6ef70f21-71ca-485c-ba67-00cbf3ceeab0","TREE_005.tickPlot.tck","D05","TREE","TREE_005","distributed","woodyWetlands",45.482307,-89.557299,"WGS84",20.1,447.6,0.2,"2017-09-08T18:45Z","TREE.2017.37","TREE_005.20170908",,"drag and flag",150,"Y",1,0,0,"No known compromise","NEON.DOC.014045vH","ARejzCBrb6CRpGj0oWJ3lcNFFJLhhdyHL/qtSIEd/o0=",
"a24ee967-0371-4e5d-af34-1e50dfd22bfa","TREE_017.tickPlot.tck","D05","TREE","TREE_017","distributed","deciduousForest",45.493376,-89.575729,"WGS84",20.1,466.2,0.2,"2017-09-08T19:07Z","TREE.2017.37","TREE_017.20170908",,"drag and flag",160,"Y",0,8,6,"No known compromise","NEON.DOC.014045vH","ryPwirbLIGP0z95AI2Ix9nYd6s942sQlUAwVL4UApoo=",
"036dd661-665f-4485-8e7e-1c41229087f0","TREE_022.tickPlot.tck","D05","TREE","TREE_022","distributed","evergreenForest",45.494513,-89.551239,"WGS84",20.2,458.4,0.2,"2017-09-08T19:30Z","TREE.2017.37",,,"flag",163,"N",0,0,0,,"NEON.DOC.014045vH","tGnUz0GPV2kgdSfOkOVX8+cwFgPS8HIHsKHNPKuVkj8=",
"71eea23e-7ea1-417f-8e54-a46f7b0dd3e1","TREE_015.tickPlot.tck","D05","TREE","TREE_015","distributed","mixedForest",45.485626,-89.554320,"WGS84",20.3,462.1,0.6,"2017-09-08T19:49Z","TREE.2017.37",,,"drag and flag",160,"N",0,0,0,,"NEON.DOC.014045vH","ARejzCBrb6CRpGj0oWJ3lcNFFJLhhdyHL/qtSIEd/o0=",
