uid,namedLocation,plotID,collectDate,identifiedDate,sampleID,subsampleID,scientificName,acceptedTaxonID,taxonRank,family,subfamily,tribe,subtribe,genus,subgenus,specificEpithet,infraspecificEpithet,identificationQualifier,identificationReferences,identificationProtocolVersion,scientificNameAuthorship,sexOrAge,individualCount,sampleCondition,archiveMedium,archiveFacilityID,deprecatedVialID,identifiedBy,laboratoryName,remarks
"a643506a-17bb-4302-a48d-6f1da35e2ce4","TREE_019.tickPlot.tck","TREE_019","2017-09-08T18:28Z","2018-03-10T17:00Z","TREE_019.20170908","TREE_019.20170908.IXOSP.L","Ixodidae sp.","IXOSP","family","Ixodidae",,,,,,"sp.",,,,"GSU_tickIdentification_SOP_2016-11-01.pdf",,"Larva",1,"OK","90% ethanol","USNMENT01430122","TREE_019.20170908.L","Lorenza Beati","Georgia Southern University",
"9ee37479-498c-4a63-b839-0d306ed3b610","TREE_019.tickPlot.tck","TREE_019","2017-09-08T18:28Z","2018-03-10T17:00Z","TREE_019.20170908","TREE_019.20170908.IXOSCA.N","Ixodes scapularis","IXOSCA","species","Ixodidae",,,,"Ixodes",,"scapularis",,,"Cooley, R. A. and G. M. Kohls. 1945. The genus Ixodes in North America. National Institute of Health Bulletin, 184.","GSU_tickIdentification_SOP_2016-11-01.pdf","Say","Nymph",1,"OK","90% ethanol","USNMENT01430117","TREE_019.20170908.IXOSCA.N","Lorenza Beati","Georgia Southern University",
"1738e19d-30ee-4dee-acc8-9f66288c9cb1","TREE_005.tickPlot.tck","TREE_005","2017-09-08T18:45Z","2018-03-12T16:00Z","TREE_005.20170908","TREE_005.20170908.IXOMAR1.M","Ixodes marxi","IXOMAR1","species","Ixodidae",,,,"Ixodes",,"marxi",,,"Keirans, J. E., and C. M. Clifford. 1978. The genus Ixodes in the United States: a scanning electron microscope study and key to the adults. Journal of Medical Entomology, 15(Supplement 2):1-38.","GSU_tickIdentification_SOP_2016-11-01.pdf","Banks","Male",1,"OK","90% ethanol","USNMENT01430113","TREE_005.20170908.IXOMAR.M","Lorenza Beati","Georgia Southern University",
"22c833bf-d59c-4d15-ac23-21bbfbce44e9","TREE_017.tickPlot.tck","TREE_017","2017-09-08T19:07Z","2018-03-11T16:00Z","TREE_017.20170908","TREE_017.20170908.IXOSCA.N","Ixodes scapularis","IXOSCA","species","Ixodidae",,,,"Ixodes",,"scapularis",,,"Cooley, R. A. and G. M. Kohls. 1945. The genus Ixodes in North America. National Institute of Health Bulletin, 184.","GSU_tickIdentification_SOP_2016-11-01.pdf","Say","Nymph",8,"OK","90% ethanol","USNMENT01430186","TREE_017.20170908.IXOSCA.N","Lorenza Beati","Georgia Southern University",
"f20165c2-af16-42b7-ace6-666fb841851b","TREE_017.tickPlot.tck","TREE_017","2017-09-08T19:07Z","2018-03-11T16:00Z","TREE_017.20170908","TREE_017.20170908.IXOSP.L","Ixodidae sp.","IXOSP","family","Ixodidae",,,,,,"sp.",,,,"GSU_tickIdentification_SOP_2016-11-01.pdf",,"Larva",1,"OK","90% ethanol","USNMENT01430181","TREE_017.20170908.L","Lorenza Beati","Georgia Southern University",
