uid,namedLocation,domainID,siteID,plotID,plotType,nlcdClass,decimalLatitude,decimalLongitude,geodeticDatum,coordinateUncertainty,elevation,elevationUncertainty,collectDate,eventID,sampleID,sampleCode,samplingMethod,totalSampledArea,targetTaxaPresent,adultCount,nymphCount,larvaCount,sampleCondition,samplingProtocolVersion,measuredBy,remarks
"46dbf874-32b1-4c0f-923f-e9cfc687f4c8","LAJA_001.tickPlot.tck","D04","LAJA","LAJA_001","distributed","grasslandHerbaceous",18.025778,-67.076305,"WGS84",20.1,21.9,0.1,"2018-08-30T12:20Z","LAJA.2018.35",,,"drag",160,"N",0,0,0,,"NEON.DOC.014045vJ","llBB5GilomiL3H9rNtINJeX8UHMAu+L47sXe3XmgpK0=","Area was tilled"
"e197e7db-68e5-4806-8b23-f71da69d4af6","LAJA_002.tickPlot.tck","D04","LAJA","LAJA_002","distributed","cultivatedCrops",18.034056,-67.073646,"WGS84",20.1,30.6,0.1,"2018-08-30T13:24Z","LAJA.2018.35",,,"drag",160,"N",0,0,0,,"NEON.DOC.014045vJ","zPBe+8pzAK3Kf4/L2qJV36CjLL5KpYr+dJur8mfsxKJSqtDZzH3Glg==","Area was recently tilled"
"0191cc25-5190-4bfe-9ae4-c3815d3052a7","LAJA_030.tickPlot.tck","D04","LAJA","LAJA_030","distributed","evergreenForest",18.038595,-67.070394,"WGS84",20.1,31.1,0.1,"2018-08-30T14:50Z","LAJA.2018.35",,,"flag",80,"N",0,0,0,"No known compromise","NEON.DOC.014045vJ","llBB5GilomiL3H9rNtINJeX8UHMAu+L47sXe3XmgpK0=","Sample paused due to thunderstorm and rain. At least 50 percent of plot was sampled"
"86471a55-8fca-49eb-ad5e-2fd9f4594569","LAJA_003.tickPlot.tck","D04","LAJA","LAJA_003","distributed","pastureHay",18.024566,-67.081257,"WGS84",20.1,19.8,0.1,"2018-08-31T12:31Z","LAJA.2018.35",,,"drag",160,"N",0,0,0,"No known compromise","NEON.DOC.014045vJ","llBB5GilomiL3H9rNtINJeX8UHMAu+L47sXe3XmgpK0=",
"0ad1d613-3825-4423-9454-97ed582d6f7b","LAJA_005.tickPlot.tck","D04","LAJA","LAJA_005","distributed","pastureHay",18.026834,-67.085519,"WGS84",20.1,21.3,0.1,"2018-08-31T13:20Z","LAJA.2018.35",,,"drag",160,"N",0,0,0,"No known compromise","NEON.DOC.014045vJ","y9JMK1bZ54jLI3MFBhBYpN7wtLeVFdLjlHy6FXoXSy8=",
"ac1c7f8d-b8eb-4d72-9fa4-05093a925b25","LAJA_004.tickPlot.tck","D04","LAJA","LAJA_004","distributed","pastureHay",18.016761,-67.079966,"WGS84",20.1,14.2,0.1,"2018-08-31T14:20Z","LAJA.2018.35",,,"drag",160,"N",0,0,0,"No known compromise","NEON.DOC.014045vJ","llBB5GilomiL3H9rNtINJeX8UHMAu+L47sXe3XmgpK0=",
