uid,namedLocation,domainID,siteID,plotID,plotType,nlcdClass,decimalLatitude,decimalLongitude,geodeticDatum,coordinateUncertainty,elevation,elevationUncertainty,collectDate,eventID,sampleID,sampleCode,samplingMethod,totalSampledArea,targetTaxaPresent,adultCount,nymphCount,larvaCount,sampleCondition,samplingProtocolVersion,measuredBy,remarks
"3efa6865-7c12-4022-8bd4-2cf14f5716f4","JERC_034.tickPlot.tck","D03","JERC","JERC_034","distributed","deciduousForest",31.198824,-84.491213,"WGS84",20.1,44.9,0.2,"2016-10-12T12:48Z","JERC.2016.41",,,"drag and flag",180,"N",0,0,0,"No known compromise","NEON.DOC.014045vG","8YC3Y9ZJ1p2WQnDU0EvHJsy+mRHbhnVQ",
"5aa692d4-30c4-483e-9524-cbdc2459ebd6","JERC_044.tickPlot.tck","D03","JERC","JERC_044","distributed","mixedForest",31.195549,-84.482479,"WGS84",20.1,42.5,0.1,"2016-10-12T13:33Z","JERC.2016.41",,,"drag and flag",160,"N",0,0,0,"No known compromise","NEON.DOC.014045vG","8YC3Y9ZJ1p2WQnDU0EvHJsy+mRHbhnVQ",
"cb2f51ec-dc0d-4efc-873e-9bfb84854014","JERC_010.tickPlot.tck","D03","JERC","JERC_010","distributed","deciduousForest",31.209219,-84.470530,"WGS84",20.2,40.5,0.5,"2016-10-12T14:20Z","JERC.2016.41",,,"drag and flag",160,"N",0,0,0,"No known compromise","NEON.DOC.014045vG","8YC3Y9ZJ1p2WQnDU0EvHJsy+mRHbhnVQ",
"7ef047b4-2ab2-4939-b14b-060e1142428c","JERC_002.tickPlot.tck","D03","JERC","JERC_002","distributed","evergreenForest",31.194065,-84.461537,"WGS84",20.3,56.0,0.5,"2016-10-12T14:50Z","JERC.2016.41",,,"drag and flag",160,"N",0,0,0,"No known compromise","NEON.DOC.014045vG","K+tJSr1+vfakLzRtMceLFR7MVx1xGtUA",
"eaa8122a-75a0-4118-b5c2-a29283902cd7","JERC_004.tickPlot.tck","D03","JERC","JERC_004","distributed","cultivatedCrops",31.190115,-84.467381,"WGS84",20.1,43.6,0.2,"2016-10-12T17:24Z","JERC.2016.41",,,"drag and flag",160,"N",0,0,0,"No known compromise","NEON.DOC.014045vG","IaXfrbXr6GQAKfG/Thmkj2xXG2gxDgR+",
"f83e1146-1536-4c20-bf6f-aab197806f88","JERC_011.tickPlot.tck","D03","JERC","JERC_011","distributed","evergreenForest",31.184787,-84.466700,"WGS84",20.1,40.0,0.1,"2016-10-13T03:27Z","JERC.2016.41",,,"drag and flag",162,"N",0,0,0,"No known compromise","NEON.DOC.014045vG","K+tJSr1+vfakLzRtMceLFR7MVx1xGtUA",
