uid,namedLocation,domainID,siteID,plotID,plotType,nlcdClass,decimalLatitude,decimalLongitude,geodeticDatum,coordinateUncertainty,elevation,elevationUncertainty,collectDate,eventID,sampleID,sampleCode,samplingMethod,totalSampledArea,targetTaxaPresent,adultCount,nymphCount,larvaCount,sampleCondition,samplingProtocolVersion,measuredBy,remarks
"331cf084-7516-4ca5-bae5-02086dbf0247","SCBI_002.tickPlot.tck","D02","SCBI","SCBI_002","distributed","deciduousForest",38.893863,-78.142704,"WGS84",20.2,327.7,0.2,"2016-03-08T15:32Z","SCBI.2016.10",,,"drag",163,"N",0,0,0,"No known compromise","NEON.DOC.014045vG","Z0zx9vuZ1Z+oMkbp/mYlhlQlWiPsh1e/","Fixed SE pole. 70s F"
"32568ef2-1d28-4c3a-aea9-aabc3eaed96c","SCBI_006.tickPlot.tck","D02","SCBI","SCBI_006","distributed","pastureHay",38.897080,-78.150277,"WGS84",20.1,277.1,0.1,"2016-03-08T17:07Z","SCBI.2016.10",,,"drag",162,"N",0,0,0,"No known compromise","NEON.DOC.014045vG","esNjjubcI51hdInmRHEEIrFR4+oIJtuN","Very high forbes makes dragging and flagging difficult. 70s F"
"22e65c95-966a-4bb2-b248-3985ad99ae02","SCBI_007.tickPlot.tck","D02","SCBI","SCBI_007","distributed","deciduousForest",38.886013,-78.129365,"WGS84",20.2,428.3,0.2,"2016-03-08T18:17Z","SCBI.2016.10",,,"drag",136,"N",0,0,0,"No known compromise","NEON.DOC.014045vG","esNjjubcI51hdInmRHEEIrFR4+oIJtuN","Very thorny. Closed off S to SW section"
"49baf013-ebae-4e69-9372-3b372e44988c","SCBI_013.tickPlot.tck","D02","SCBI","SCBI_013","distributed","deciduousForest",38.873041,-78.163313,"WGS84",20.2,361.3,0.3,"2016-03-09T13:45Z","SCBI.2016.10",,,"drag",163,"N",0,0,0,"No known compromise","NEON.DOC.014045vG","U18KKLgy4dYY63Svm9dn02PbL6LWTteW",
"0c038109-3f87-43f3-84bc-84c568ba3a56","SCBI_005.tickPlot.tck","D02","SCBI","SCBI_005","distributed","deciduousForest",38.901859,-78.161940,"WGS84",20.2,263.6,0.3,"2016-03-09T14:53Z","SCBI.2016.10",,,"drag and flag",170,"N",0,0,0,"No known compromise","NEON.DOC.014045vG","Z0zx9vuZ1Z+oMkbp/mYlhlQlWiPsh1e/","Very thorny"
"eebb7fca-e5f7-4d2d-8df1-cf7c568b7a1b","SCBI_039.tickPlot.tck","D02","SCBI","SCBI_039","distributed","pastureHay",38.896433,-78.166542,"WGS84",20.1,330.8,0.1,"2016-03-09T15:59Z","SCBI.2016.10",,,"drag and flag",162,"N",0,0,0,"No known compromise","NEON.DOC.014045vG","Z0zx9vuZ1Z+oMkbp/mYlhlQlWiPsh1e/",
"a8fc4851-7902-4df3-9d71-37d152b6bd86","SCBI_039.tickPlot.tck","D02","SCBI","SCBI_039","distributed","pastureHay",38.896433,-78.166542,"WGS84",20.1,330.8,0.1,"2016-03-28T18:40Z","SCBI.2016.13",,,"drag and flag",161,"N",0,0,0,"No known compromise","NEON.DOC.014045vG","Z0zx9vuZ1Z+oMkbp/mYlhlQlWiPsh1e/",
"6f3153c5-f730-4b01-820d-b32663c4eff4","SCBI_006.tickPlot.tck","D02","SCBI","SCBI_006","distributed","pastureHay",38.897080,-78.150277,"WGS84",20.1,277.1,0.1,"2016-03-28T18:42Z","SCBI.2016.13","SCBI_006.20160328",,"drag",160,"Y",2,0,0,"No known compromise","NEON.DOC.014045vG","esNjjubcI51hdInmRHEEIrFR4+oIJtuN",
"a617986d-7f03-4122-b46f-2ddb844fcd06","SCBI_002.tickPlot.tck","D02","SCBI","SCBI_002","distributed","deciduousForest",38.893863,-78.142704,"WGS84",20.2,327.7,0.2,"2016-03-29T17:11Z","SCBI.2016.13",,,"drag",163,"N",0,0,0,"No known compromise","NEON.DOC.014045vG","Z0zx9vuZ1Z+oMkbp/mYlhlQlWiPsh1e/",
"0c66a34f-910f-47f9-8797-c90369046eb5","SCBI_007.tickPlot.tck","D02","SCBI","SCBI_007","distributed","deciduousForest",38.886013,-78.129365,"WGS84",20.2,428.3,0.2,"2016-03-29T18:21Z","SCBI.2016.13","SCBI_007.20160329",,"drag and flag",151,"Y",1,0,0,"No known compromise","NEON.DOC.014045vG","Z0zx9vuZ1Z+oMkbp/mYlhlQlWiPsh1e/",
"4076ae31-c375-456d-ac81-27363ed77909","SCBI_013.tickPlot.tck","D02","SCBI","SCBI_013","distributed","deciduousForest",38.873041,-78.163313,"WGS84",20.2,361.3,0.3,"2016-03-30T15:10Z","SCBI.2016.13",,,"drag",163,"N",0,0,0,"No known compromise","NEON.DOC.014045vG","Z0zx9vuZ1Z+oMkbp/mYlhlQlWiPsh1e/",
"43b3eb2b-387a-4cd8-8b39-aae13a8ffc66","SCBI_005.tickPlot.tck","D02","SCBI","SCBI_005","distributed","deciduousForest",38.901859,-78.161940,"WGS84",20.2,263.6,0.3,"2016-03-30T16:21Z","SCBI.2016.13",,,"drag and flag",156,"N",0,0,0,"No known compromise","NEON.DOC.014045vG","Z0zx9vuZ1Z+oMkbp/mYlhlQlWiPsh1e/",
