uid,namedLocation,domainID,siteID,plotID,plotType,nlcdClass,decimalLatitude,decimalLongitude,geodeticDatum,coordinateUncertainty,elevation,elevationUncertainty,collectDate,eventID,sampleID,sampleCode,samplingMethod,totalSampledArea,targetTaxaPresent,adultCount,nymphCount,larvaCount,sampleCondition,samplingProtocolVersion,measuredBy,remarks
"7a65cd77-4990-4655-8b0d-aee28a9347d4","GRSM_010.tickPlot.tck","D07","GRSM","GRSM_010","distributed","deciduousForest",35.669242,-83.524579,"WGS84",20.2,510.4,0.3,"2017-04-12T14:30Z","GRSM.2017.16",,,"drag and flag",162,"N",0,0,0,,"NEON.DOC.014045vH","W+a35C/f5OeEFcA0E/vzcw1iit76HEIMhVdqeL6jdEY=","sample start/end time and sample distance are estimated based on subsequent bout data"
"c59b11f0-780d-45f6-93ea-d3353a1aeee3","GRSM_009.tickPlot.tck","D07","GRSM","GRSM_009","distributed","deciduousForest",35.671874,-83.491180,"WGS84",20.2,820.9,0.2,"2017-04-12T14:52Z","GRSM.2017.15",,,"drag and flag",165,"N",0,0,0,"No known compromise","NEON.DOC.014045vG","nAKPQvGWPz3w50pS9SF/Wg/TlEjgxRE8",
"da40297d-ab59-4bc7-90d4-1cab07ed530a","GRSM_004.tickPlot.tck","D07","GRSM","GRSM_004","distributed","deciduousForest",35.688959,-83.535562,"WGS84",20.3,441.9,0.5,"2017-04-12T16:36Z","GRSM.2017.15","GRSM_004.20170412",,"drag and flag",162,"Y",1,0,0,"No known compromise","NEON.DOC.014045vG","W+a35C/f5OeEFcA0E/vzcw1iit76HEIMhVdqeL6jdEY=",
"45562f4e-e660-41eb-84b0-e007dfc78966","GRSM_003.tickPlot.tck","D07","GRSM","GRSM_003","distributed","deciduousForest",35.676584,-83.476209,"WGS84",20.2,880.6,0.2,"2017-04-12T16:45Z","GRSM.2017.15",,,"drag and flag",165,"N",0,0,0,"No known compromise","NEON.DOC.014045vG","8y2nCljUmhTZCDMmuiKC/MkPK73nDL+eImQBYOvqCbk=",
"2999a6e3-0622-4d4f-9e45-e83c15f9a06e","GRSM_006.tickPlot.tck","D07","GRSM","GRSM_006","distributed","deciduousForest",35.679072,-83.643678,"WGS84",20.2,533.6,0.2,"2017-04-12T18:17Z","GRSM.2017.15",,,"drag and flag",160,"N",0,0,0,"No known compromise","NEON.DOC.014045vG","rcoFR4ykziLdM1I/YrScV+0n5/U/vg3EburVPZnNuDM=",
"a5bd65bd-c9ce-4070-9c16-5c6ccc6c0a21","GRSM_015.tickPlot.tck","D07","GRSM","GRSM_015","distributed","deciduousForest",35.729089,-83.408061,"WGS84",20.2,448.3,0.2,"2017-04-12T18:58Z","GRSM.2017.16","GRSM_015.20170412",,"drag and flag",160,"Y",1,0,0,"No known compromise","NEON.DOC.014045vG","nAKPQvGWPz3w50pS9SF/Wg/TlEjgxRE8","GRSM_015"
