uid,namedLocation,domainID,siteID,plotID,plotType,nlcdClass,decimalLatitude,decimalLongitude,geodeticDatum,coordinateUncertainty,elevation,elevationUncertainty,collectDate,eventID,sampleID,sampleCode,samplingMethod,totalSampledArea,targetTaxaPresent,adultCount,nymphCount,larvaCount,sampleCondition,samplingProtocolVersion,measuredBy,remarks
"8ec971dd-dc71-4285-a943-6257ec0dd45d","ONAQ_011.tickPlot.tck","D15","ONAQ","ONAQ_011","distributed","shrubScrub",40.152051,-112.455478,"WGS84",20.1,1617.0,0.1,"2017-06-08T13:36Z","ONAQ.2017.24",,,"drag and flag",169,"N",0,0,0,,"NEON.DOC.014045vH","ZXsbnkkpsPerbvY/H8Ld7+Mgmi4uYSwzH0dAcOmXSSw=",
"5bf92d83-9431-47dc-9038-9425ee712c45","ONAQ_009.tickPlot.tck","D15","ONAQ","ONAQ_009","distributed","shrubScrub",40.160581,-112.469377,"WGS84",20.1,1668.8,0.1,"2017-06-08T15:05Z","ONAQ.2017.24",,,"drag and flag",160,"N",0,0,0,,"NEON.DOC.014045vH","wsPgf8Zw9fJKymWy47Zkre6IykLRH3+g",
"c5c1c965-1cd1-4a1b-aba5-baa23758bc93","ONAQ_004.tickPlot.tck","D15","ONAQ","ONAQ_004","distributed","shrubScrub",40.187291,-112.471870,"WGS84",,1710.4,,"2017-06-08T16:28Z","ONAQ.2017.24",,,"drag and flag",160,"N",0,0,0,,"NEON.DOC.014045vH","ZXsbnkkpsPerbvY/H8Ld7+Mgmi4uYSwzH0dAcOmXSSw=",
"74463742-8162-46e8-8617-1ce0c5ad692b","ONAQ_023.tickPlot.tck","D15","ONAQ","ONAQ_023","distributed","evergreenForest",40.193985,-112.507206,"WGS84",20.1,1860.6,0.1,"2017-06-08T17:33Z","ONAQ.2017.24",,,"drag and flag",169,"N",0,0,0,,"NEON.DOC.014045vH","ZXsbnkkpsPerbvY/H8Ld7+Mgmi4uYSwzH0dAcOmXSSw=",
"f338a89d-9ac7-4b3f-b4de-70cfbac72b12","ONAQ_016.tickPlot.tck","D15","ONAQ","ONAQ_016","distributed","shrubScrub",40.175449,-112.444448,"WGS84",20.1,1635.3,0.1,"2017-06-08T18:37Z","ONAQ.2017.24",,,"drag and flag",161,"N",0,0,0,,"NEON.DOC.014045vH","wsPgf8Zw9fJKymWy47Zkre6IykLRH3+g",
"369d1283-d5bb-45ec-ade8-100a3da95ad0","ONAQ_005.tickPlot.tck","D15","ONAQ","ONAQ_005","distributed","shrubScrub",40.181926,-112.432741,"WGS84",20.1,1617.2,0.1,"2017-06-08T19:27Z","ONAQ.2017.24",,,"drag and flag",160,"N",0,0,0,,"NEON.DOC.014045vH","wsPgf8Zw9fJKymWy47Zkre6IykLRH3+g",
"d7d3fcf0-ada0-4a21-b2cd-a7b155fadfea","ONAQ_011.tickPlot.tck","D15","ONAQ","ONAQ_011","distributed","shrubScrub",40.152051,-112.455478,"WGS84",20.1,1617.0,0.1,"2017-06-29T13:56Z","ONAQ.2017.27",,,"drag and flag",166,"N",0,0,0,,"NEON.DOC.014045vH","aWiYlv4RWOpRr3GIbMwbR8dK/HT7kxbpfqPk66ffpQ4=",
"5450b662-7a0b-4e78-b85a-dc3795e79188","ONAQ_009.tickPlot.tck","D15","ONAQ","ONAQ_009","distributed","shrubScrub",40.160581,-112.469377,"WGS84",20.1,1668.8,0.1,"2017-06-29T15:16Z","ONAQ.2017.27",,,"drag and flag",160,"N",0,0,0,,"NEON.DOC.014045vH","aWiYlv4RWOpRr3GIbMwbR8dK/HT7kxbpfqPk66ffpQ4=",
"01c1f26e-c202-4a80-8def-87f14099a3d2","ONAQ_004.tickPlot.tck","D15","ONAQ","ONAQ_004","distributed","shrubScrub",40.187291,-112.471870,"WGS84",,1710.4,,"2017-06-29T16:26Z","ONAQ.2017.27",,,"drag and flag",162,"N",0,0,0,,"NEON.DOC.014045vH","wsPgf8Zw9fJKymWy47Zkre6IykLRH3+g",
"47ee4852-94e1-4d7a-abe6-218ef9def51c","ONAQ_023.tickPlot.tck","D15","ONAQ","ONAQ_023","distributed","evergreenForest",40.193985,-112.507206,"WGS84",20.1,1860.6,0.1,"2017-06-29T17:21Z","ONAQ.2017.27",,,"drag and flag",174,"N",0,0,0,,"NEON.DOC.014045vH","wsPgf8Zw9fJKymWy47Zkre6IykLRH3+g",
"19f81b71-8f5f-43e7-8785-ad204beaf5e1","ONAQ_016.tickPlot.tck","D15","ONAQ","ONAQ_016","distributed","shrubScrub",40.175449,-112.444448,"WGS84",20.1,1635.3,0.1,"2017-06-29T18:22Z","ONAQ.2017.27",,,"drag and flag",160,"N",0,0,0,,"NEON.DOC.014045vH","wsPgf8Zw9fJKymWy47Zkre6IykLRH3+g",
"93e07731-4a56-4cb4-a834-4a0926c9cef9","ONAQ_005.tickPlot.tck","D15","ONAQ","ONAQ_005","distributed","shrubScrub",40.181926,-112.432741,"WGS84",20.1,1617.2,0.1,"2017-06-29T19:11Z","ONAQ.2017.27",,,"drag and flag",161,"N",0,0,0,,"NEON.DOC.014045vH","wsPgf8Zw9fJKymWy47Zkre6IykLRH3+g",
