uid,namedLocation,domainID,siteID,plotID,plotType,nlcdClass,decimalLatitude,decimalLongitude,geodeticDatum,coordinateUncertainty,elevation,elevationUncertainty,collectDate,eventID,sampleID,sampleCode,samplingMethod,totalSampledArea,targetTaxaPresent,adultCount,nymphCount,larvaCount,sampleCondition,samplingProtocolVersion,measuredBy,remarks
"71239000-7c4d-4af3-bbc9-e2d84732e0a1","KONZ_002.tickPlot.tck","D06","KONZ","KONZ_002","distributed","grasslandHerbaceous",39.118977,-96.547146,"WGS84",20.0,394.4,0.0,"2018-04-19T14:31Z","KONZ.2018.16",,,"drag and flag",160,"N",0,0,0,,"NEON.DOC.014045vJ","9ya+8ESO78bjLXGzD+nV7nftVEBW+hSh1N8qvgzBSi0=",
"edf9242d-4f15-4d9e-9988-a8478e685dc8","KONZ_009.tickPlot.tck","D06","KONZ","KONZ_009","distributed","grasslandHerbaceous",39.107902,-96.584438,"WGS84",20.1,391.9,0.1,"2018-04-19T14:56Z","KONZ.2018.16",,,"drag",160,"N",0,0,0,,"NEON.DOC.014045vJ","BzXmPCNcOOHl9ws4JG7MP7BkkCvctwH+",
"a4286be0-ebfa-47d4-b5ef-f1464097cb4c","KONZ_004.tickPlot.tck","D06","KONZ","KONZ_004","distributed","grasslandHerbaceous",39.109647,-96.551370,"WGS84",20.0,371.9,0.0,"2018-04-19T15:12Z","KONZ.2018.16",,,"drag",160,"N",0,0,0,,"NEON.DOC.014045vJ","ryPwirbLIGP0z95AI2Ix9nYd6s942sQlUAwVL4UApoo=",
"77646a67-e2aa-473d-85ee-383941cd594e","KONZ_025.tickPlot.tck","D06","KONZ","KONZ_025","distributed","deciduousForest",39.103714,-96.597832,"WGS84",20.1,337.3,0.1,"2018-04-19T15:33Z","KONZ.2018.16",,,"drag and flag",160,"N",0,0,0,,"NEON.DOC.014045vJ","BzXmPCNcOOHl9ws4JG7MP7BkkCvctwH+",
"b5590c04-d61c-4239-b26b-a44092cad22b","KONZ_001.tickPlot.tck","D06","KONZ","KONZ_001","distributed","grasslandHerbaceous",39.074114,-96.557107,"WGS84",20.0,423.7,0.0,"2018-04-19T15:53Z","KONZ.2018.16",,,"drag",160,"N",0,0,0,,"NEON.DOC.014045vJ","ryPwirbLIGP0z95AI2Ix9nYd6s942sQlUAwVL4UApoo=",
"243e30e2-5a7b-42f3-8167-1e2dc713472c","KONZ_007.tickPlot.tck","D06","KONZ","KONZ_007","distributed","grasslandHerbaceous",39.087937,-96.545919,"WGS84",20.1,434.0,0.1,"2018-04-19T16:26Z","KONZ.2018.16",,,"flag",160,"N",0,0,0,,"NEON.DOC.014045vJ","0QknftH/249Fzeup5XgxDmRFrswKMEXrpdiqA+dT0Pw=","Plot recently burned"
