uid,namedLocation,date,domainID,siteID,plotID,plotType,nlcdClass,decimalLatitude,decimalLongitude,geodeticDatum,coordinateUncertainty,easting,northing,utmZone,elevation,elevationUncertainty,eventID,samplingProtocolVersion,treesPresent,treesAbsentList,shrubsPresent,shrubsAbsentList,lianasPresent,lianasAbsentList,nestedSubplotAreaShrubSapling,nestedSubplotAreaLiana,totalSampledAreaTrees,totalSampledAreaShrubSapling,totalSampledAreaLiana,remarks,measuredBy,recordedBy,dataQF
"462cf8bc-607a-4549-b1dc-0ee77c4b2a62","ABBY_004.basePlot.vst","2017-03-14","D16","ABBY","ABBY_004","distributed","shrubScrub",45.768585,-122.298751,"WGS84",20.1,554525.22,5068575.31,"10N",585.2,0.1,"vst_ABBY_2016","NEON.DOC.000987vF","N",,"Y","presentInAll","N",,"noneSelected","noneSelected",400,400,400,,"tVmsHvU48bLy1stjrb+Uos0Ca8JyM7gnatLsj09kBuI=","s/lmw0PcTzR4Bmy/yhclYeu7XYLZW004",
"569b5fde-c8c2-498c-9852-461bb27d0274","ABBY_009.basePlot.vst","2017-03-14","D16","ABBY","ABBY_009","distributed","shrubScrub",45.765614,-122.299549,"WGS84",20.1,554466.06,5068244.68,"10N",537.6,0.1,"vst_ABBY_2016","NEON.DOC.000987vE","N",,"Y","presentInAll","N",,"25","noneSelected",400,200,400,"data entry: vschmitt@battelleecology.org","s/lmw0PcTzR4Bmy/yhclYeu7XYLZW004","+U+GA8YvyAcIR2iT16bCsJaxBTBeLP3Wg8rQ1wbUcL4=",
"20da9cd6-5454-4d0d-9def-c3eb57796c54","ABBY_011.basePlot.vst","2017-03-15","D16","ABBY","ABBY_011","distributed","grasslandHerbaceous",45.743366,-122.359010,"WGS84",20.1,549862.28,5065734.11,"10N",496.0,0.1,"vst_ABBY_2016","NEON.DOC.000987vE","N",,"Y","presentInAll","N",,"25","noneSelected",400,200,400,,"j5ydqg5LbAPQjAQeKL7rI9pJrz/8aJyT","tVmsHvU48bLy1stjrb+Uos0Ca8JyM7gnatLsj09kBuI=",
"1415b39b-1441-4298-8d20-08dc36ec5179","ABBY_023.basePlot.vst","2017-03-16","D16","ABBY","ABBY_023","distributed","mixedForest",45.744589,-122.381659,"WGS84",20.1,548099.37,5065856.12,"10N",507.5,0.2,"vst_ABBY_2016","NEON.DOC.000987vE","Y","presentInAll","Y","presentInAll","N",,"10","noneSelected",400,80,400,,"s/lmw0PcTzR4Bmy/yhclYeu7XYLZW004","tVmsHvU48bLy1stjrb+Uos0Ca8JyM7gnatLsj09kBuI=",
"2230edc0-f3ef-4acf-b45e-824c1ec963a1","ABBY_013.basePlot.vst","2017-03-16","D16","ABBY","ABBY_013","distributed","grasslandHerbaceous",45.745332,-122.372807,"WGS84",20.1,548787.30,5065944.03,"10N",632.6,0.1,"vst_ABBY_2016","NEON.DOC.000987vE","N",,"Y","41_1","N",,"25","noneSelected",400,200,400,,"s/lmw0PcTzR4Bmy/yhclYeu7XYLZW004","Mvo1bt03JMQGnUSOZfuCuKiPzECGjdoQ",
"7e912611-b9e7-43f7-a539-61b499315006","ABBY_010.basePlot.vst","2017-03-21","D16","ABBY","ABBY_010","distributed","evergreenForest",45.776549,-122.375934,"WGS84",20.2,548517.00,5069410.39,"10N",552.6,0.3,"vst_ABBY_2016","NEON.DOC.000987vE","Y",,"Y",,"N",,"25","noneSelected",400,200,400,,"48hv/AdwGIWPxDZycz1ek5cEK4FFchT/Bxrpsdm6akk=","tVmsHvU48bLy1stjrb+Uos0Ca8JyM7gnatLsj09kBuI=",
"2a2fa9ae-1d5e-4f00-9366-23cdae08d437","ABBY_003.basePlot.vst","2017-03-22","D16","ABBY","ABBY_003","distributed","evergreenForest",45.762016,-122.371092,"WGS84",20.1,548906.13,5067798.70,"10N",602.4,0.1,"vst_ABBY_2016","NEON.DOC.000987vE","Y",,"Y",,"N",,"noneSelected","noneSelected",400,400,400,,"a/0SlN26fEtmJ3LLysIxkaRUfZvckIBE","Mvo1bt03JMQGnUSOZfuCuKiPzECGjdoQ",
"dfedd8f9-e938-475f-ba02-90712c185bcc","ABBY_018.basePlot.vst","2017-03-22","D16","ABBY","ABBY_018","distributed","grasslandHerbaceous",45.764526,-122.386780,"WGS84",20.1,547684.04,5068068.09,"10N",459.5,0.1,"vst_ABBY_2016","NEON.DOC.000987vE","Y","presentInAll","Y","presentInAll","N",,"noneSelected","noneSelected",400,400,400,,"VmHSmifIHehohDCt56qN8WQA5fqvqVQxNo0Bu33aiw8=","npvkj7Pc+E+a3NvvdKx4L7XoZ1wwEqEM1UQH5seazl0=",
"4ff20ae1-cb49-4692-b864-cf61c063da01","ABBY_005.basePlot.vst","2017-03-23","D16","ABBY","ABBY_005","distributed","shrubScrub",45.770982,-122.389429,"WGS84",20.1,547472.58,5068783.79,"10N",471.2,0.1,"vst_ABBY_2016","NEON.DOC.000987vE","N",,"Y",,"N",,"10","noneSelected",400,80,400,,"tVmsHvU48bLy1stjrb+Uos0Ca8JyM7gnatLsj09kBuI=","ek73KqIvQF8RhLDCLTKMoAaxRWZ9yW3gVzCev5Zm+/g=",
"826059e5-7ad3-483c-9814-15d3486c8aa9","ABBY_012.basePlot.vst","2017-03-23","D16","ABBY","ABBY_012","distributed","shrubScrub",45.754263,-122.384239,"WGS84",20.1,547890.41,5066929.37,"10N",439.0,0.1,"vst_ABBY_2016","NEON.DOC.000987vE","Y",,"Y","presentInAll","N",,"25","noneSelected",400,200,400,,"Mvo1bt03JMTZR6DZIA23lJNZxcUJiaM9uFJUitaYL48=","VmHSmifIHehohDCt56qN8WQA5fqvqVQxNo0Bu33aiw8=",
"753031d8-e4df-4bed-a1e8-ad92284a2b12","ABBY_008.basePlot.vst","2017-03-24","D16","ABBY","ABBY_008","distributed","evergreenForest",45.771358,-122.355223,"WGS84",20.2,550131.79,5068846.44,"10N",352.6,0.4,"vst_ABBY_2016","NEON.DOC.000987vE","Y","presentInAll","Y","presentInAll","N",,"10","noneSelected",400,80,400,,"npvkj7Pc+E+a3NvvdKx4L7XoZ1wwEqEM1UQH5seazl0=","48hv/AdwGIWPxDZycz1ek5cEK4FFchT/Bxrpsdm6akk=",
"9acf259d-b02b-41fe-ad0e-00f713d43b35","ABBY_016.basePlot.vst","2017-03-24","D16","ABBY","ABBY_016","distributed","evergreenForest",45.746995,-122.332415,"WGS84",20.1,551927.72,5066154.22,"10N",379.8,0.2,"vst_ABBY_2016","NEON.DOC.000987vE","Y","presentInAll","Y","presentInAll","N",,"10","noneSelected",400,80,400,,"KqkNJcQqJ9jqqsOncRr8Nog2xkicZonbG5EzZWqP0Ds=","Mvo1bt03JMTZR6DZIA23lJNZxcUJiaM9uFJUitaYL48=",
"ab85ea92-0d26-4d86-aa10-1e96267a38ac","ABBY_017.basePlot.vst","2017-03-28","D16","ABBY","ABBY_017","distributed","evergreenForest",45.772764,-122.369799,"WGS84",20.1,548997.27,5068993.61,"10N",495.7,0.1,"vst_ABBY_2016","NEON.DOC.000987vE","Y","presentInAll","Y","presentInAll","N",,"1","noneSelected",400,8,400,,"ObC+EazMvn08m06CBiOyiR/5r4RBDsjUdOhMD6AQloQ=","tVmsHvU48bLy1stjrb+Uos0Ca8JyM7gnatLsj09kBuI=",
"044233d1-d8bf-4e1e-98cf-0df3532ba886","ABBY_014.basePlot.vst","2017-03-29","D16","ABBY","ABBY_014","distributed","evergreenForest",45.751186,-122.317373,"WGS84",20.4,553093.78,5066629.72,"10N",466.0,0.4,"vst_ABBY_2016","NEON.DOC.000987vE","Y","presentInAll","Y","presentInAll","N",,"25","noneSelected",400,200,400,,"Mvo1bt03JMTZR6DZIA23lJNZxcUJiaM9uFJUitaYL48=","ek73KqIvQF8RhLDCLTKMoAaxRWZ9yW3gVzCev5Zm+/g=",
"33fc93be-6095-4b93-876b-0e542f4ec429","ABBY_019.basePlot.vst","2017-03-29","D16","ABBY","ABBY_019","distributed","evergreenForest",45.752598,-122.325841,"WGS84",20.1,552433.83,5066781.01,"10N",417.1,0.1,"vst_ABBY_2016","NEON.DOC.000987vE","Y","presentInAll","Y","presentInAll","N",,"10","noneSelected",400,80,400,,"ObC+EazMvn08m06CBiOyiR/5r4RBDsjUdOhMD6AQloQ=","tVmsHvU48bLy1stjrb+Uos0Ca8JyM7gnatLsj09kBuI=",
"c312ae8d-038f-4fe2-82de-2737c96e105a","ABBY_001.basePlot.vst","2017-03-29","D16","ABBY","ABBY_001","distributed","evergreenForest",45.772619,-122.346369,"WGS84",20.3,550819.05,5068992.13,"10N",302.6,0.3,"vst_ABBY_2016","NEON.DOC.000987vE","Y","presentInAll","Y","presentInAll","N",,"10","noneSelected",400,80,400,,"XF7+6w3ZdG4dkrdZbAxOAZtdZV1tlY7Km4jqFmsFyAs=","w/KL6MXJXvSLNshBmik+y2DlbkLVsEopmGH0nU89lGg=",
"dcea36d0-5863-4cc3-b4c4-f152ebd2a4cb","ABBY_006.basePlot.vst","2017-03-30","D16","ABBY","ABBY_006","distributed","evergreenForest",45.754053,-122.298512,"WGS84",20.2,554557.97,5066960.94,"10N",534.2,0.2,"vst_ABBY_2016","NEON.DOC.000987vE","Y","presentInAll","Y","presentInAll","N",,"10","noneSelected",400,80,400,,"48hv/AdwGIWPxDZycz1ek5cEK4FFchT/Bxrpsdm6akk=","Mvo1bt03JMQGnUSOZfuCuKiPzECGjdoQ",
"027c8125-f97d-4f29-9d6e-b4a4bf4933a5","ABBY_002.basePlot.vst","2017-03-31","D16","ABBY","ABBY_002","distributed","grasslandHerbaceous",45.739055,-122.309112,"WGS84",20.1,553747.95,5065287.46,"10N",638.4,0.1,"vst_ABBY_2016","NEON.DOC.000987vE","N",,"Y",,"N",,"noneSelected","noneSelected",400,400,400,,"6GcJ3e14hu2LGG3nGEbIL3jvGLpI7eRMz84sdZxzGcA=","XF7+6w3ZdG4dkrdZbAxOAZtdZV1tlY7Km4jqFmsFyAs=",
