uid,namedLocation,domainID,siteID,plotID,plotType,nlcdClass,decimalLatitude,decimalLongitude,geodeticDatum,coordinateUncertainty,elevation,elevationUncertainty,collectDate,eventID,sampleID,sampleCode,samplingMethod,totalSampledArea,targetTaxaPresent,adultCount,nymphCount,larvaCount,sampleCondition,samplingProtocolVersion,measuredBy,remarks
"2107ca66-d468-4585-8bc1-d685806994d2","JORN_003.tickPlot.tck","D14","JORN","JORN_003","distributed","shrubScrub",32.599768,-106.839372,"WGS84",20.1,1321.1,0.1,"2017-08-01T20:00Z","JORN.2017.32",,,"drag and flag",165,"N",0,0,0,,"NEON.DOC.014045vH","Sf6Yo6UV2y4IqBxH2CIvxtTGM+hWRbt0qlTMKiAoDAg=",
"859df26b-980b-4afa-b9d1-1a119139fe85","JORN_002.tickPlot.tck","D14","JORN","JORN_002","distributed","shrubScrub",32.612341,-106.827225,"WGS84",20.1,1328.9,0.1,"2017-08-01T20:43Z","JORN.2017.32",,,"drag and flag",170,"N",0,0,0,,"NEON.DOC.014045vH","BJ4rUE/J18KM5C7v66YW51DT+JD8ufx4yfepA3oB6bU=",
"aab29162-8e3b-41eb-ab7d-efed1ec84d1c","JORN_005.tickPlot.tck","D14","JORN","JORN_005","distributed","shrubScrub",32.575619,-106.801784,"WGS84",20.1,1324.8,0.2,"2017-08-01T21:37Z","JORN.2017.32",,,"drag and flag",164,"N",0,0,0,,"NEON.DOC.014045vH","lsU4too6NAvY4mqV5RUtvoTRsUqrSfixwSQj6bsBvL0=",
"ab3315f4-9bb6-4e1a-8a12-65070f3b0eb8","JORN_001.tickPlot.tck","D14","JORN","JORN_001","distributed","shrubScrub",32.603710,-106.801348,"WGS84",20.1,1323.4,0.1,"2017-08-01T22:23Z","JORN.2017.32",,,"drag and flag",166,"N",0,0,0,,"NEON.DOC.014045vH","m3h4L7yw9sjYHsfELjQerJ1VehBDk9VOsmMYvrNsbko=",
"400125bb-e119-4760-8eb4-0fbd46a6692c","JORN_004.tickPlot.tck","D14","JORN","JORN_004","distributed","shrubScrub",32.629997,-106.859194,"WGS84",20.1,1332.6,0.1,"2017-08-02T15:44Z","JORN.2017.32",,,"drag and flag",162,"N",0,0,0,,"NEON.DOC.014045vH","BJ4rUE/J18KM5C7v66YW51DT+JD8ufx4yfepA3oB6bU=",
"23ff26d2-c12d-4c7a-86cb-0ea80d22c88c","JORN_006.tickPlot.tck","D14","JORN","JORN_006","distributed","shrubScrub",32.591754,-106.825128,"WGS84",20.1,1323.4,0.1,"2017-08-02T17:20Z","JORN.2017.32",,,"drag and flag",172,"N",0,0,0,,"NEON.DOC.014045vH","Sf6Yo6UV2y4IqBxH2CIvxtTGM+hWRbt0qlTMKiAoDAg=",
