uid,namedLocation,date,domainID,siteID,plotID,plotType,nlcdClass,decimalLatitude,decimalLongitude,geodeticDatum,coordinateUncertainty,easting,northing,utmZone,elevation,elevationUncertainty,eventID,samplingProtocolVersion,treesPresent,treesAbsentList,shrubsPresent,shrubsAbsentList,lianasPresent,lianasAbsentList,nestedSubplotAreaShrubSapling,nestedSubplotAreaLiana,totalSampledAreaTrees,totalSampledAreaShrubSapling,totalSampledAreaLiana,remarks,measuredBy,recordedBy,dataQF
"06163bde-d987-40f1-9e55-be9999103901","SCBI_056.basePlot.vst","2015-08-18","D02","SCBI","SCBI_056","tower","deciduousForest",38.890350,-78.143600,"WGS84",20.2,747743.93,4308487.66,"17N",334.9,0.2,"vst_SCBI_2015","NEON.DOC.000987vD",,,,,,,"25","noneSelected",800,100,800,"Lianas present measure entire subplot","3Oj39/OBT55/4dkV8iDMwcmbT5IEac/X","vG946HPdyCak4YNcquSpnhDyztG1jnbiCP4A7p87kck=","legacyData"
"2276fd5c-25b6-437a-8584-5a3df3f350c4","SCBI_053.basePlot.vst","2015-08-24","D02","SCBI","SCBI_053","tower","deciduousForest",38.889773,-78.140518,"WGS84",20.1,748013.30,4308432.00,"17N",353.9,0.2,"vst_SCBI_2015","NEON.DOC.000987vD",,,,,,,"10","100",800,40,400,,"otzZ09yzQEzFIIPcpdl9PUakADElVpVu","vG946HPdyCak4YNcquSpnhDyztG1jnbiCP4A7p87kck=","legacyData"
"8345dfc3-d665-4c8c-803a-d4f03290b2cd","SCBI_045.basePlot.vst","2015-08-24","D02","SCBI","SCBI_045","tower","deciduousForest",38.890566,-78.139431,"WGS84",20.1,748104.83,4308522.98,"17N",359.0,0.1,"vst_SCBI_2015","NEON.DOC.000987vD",,,,,,,"10","100",800,40,400,,"eKRxmJ+OahVw4L1aaFLQ5F4jScv5L+cZfiRMaoN16dA=","vG946HPdyCak4YNcquSpnhDyztG1jnbiCP4A7p87kck=","legacyData"
"89c0f530-1b68-452f-9a89-c998a3f8b88f","SCBI_061.basePlot.vst","2015-08-25","D02","SCBI","SCBI_061","tower","evergreenForest",38.889507,-78.142209,"WGS84",20.3,747867.53,4308397.87,"17N",326.7,0.5,"vst_SCBI_2015","NEON.DOC.000987vD",,,,,,,"10","100",800,40,400,,"otzZ09yzQEzFIIPcpdl9PUakADElVpVu","vG946HPdyCak4YNcquSpnhDyztG1jnbiCP4A7p87kck=","legacyData"
"7c8d3a8b-92a4-4d79-b191-6e8d987a5513","SCBI_050.basePlot.vst","2015-08-26","D02","SCBI","SCBI_050","tower","deciduousForest",38.890602,-78.142227,"WGS84",20.1,747862.16,4308519.37,"17N",346.0,0.2,"vst_SCBI_2015","NEON.DOC.000987vD",,,,,,,"10","noneSelected",800,40,800,"Lianas present measure entire subplot","otzZ09yzQEzFIIPcpdl9PUakADElVpVu","vG946HPdyCak4YNcquSpnhDyztG1jnbiCP4A7p87kck=","legacyData"
"e121484b-a928-419d-9bf0-f76c350e182d","SCBI_057.basePlot.vst","2015-08-27","D02","SCBI","SCBI_057","tower","deciduousForest",38.891377,-78.141161,"WGS84",20.1,747951.93,4308608.29,"17N",335.3,0.2,"vst_SCBI_2015","NEON.DOC.000987vD",,,,,,,"25","noneSelected",800,100,800,"Lianas present measure entire subplot","otzZ09yzQEzFIIPcpdl9PUakADElVpVu","vG946HPdyCak4YNcquSpnhDyztG1jnbiCP4A7p87kck=","legacyData"
"b9056d95-f466-49c5-ab04-22e57e1b57dd","SCBI_062.basePlot.vst","2015-08-28","D02","SCBI","SCBI_062","tower","deciduousForest",38.895117,-78.138236,"WGS84",20.2,748192.64,4309031.38,"17N",368.6,0.2,"vst_SCBI_2015","NEON.DOC.000987vD",,,,,,,"25","noneSelected",800,100,800,"Lianas present measure entire subplot","P4lrVtPFrkPuBLuswPEC3A9oL4a4uI2Jk9QEmD6BXjg=","vG946HPdyCak4YNcquSpnhDyztG1jnbiCP4A7p87kck=","legacyData"
"6a3e54c4-165e-495b-bc43-366acd80c5bf","SCBI_067.basePlot.vst","2015-08-31","D02","SCBI","SCBI_067","tower","deciduousForest",38.893934,-78.135517,"WGS84",20.2,748432.62,4308907.48,"17N",415.9,0.3,"vst_SCBI_2015","NEON.DOC.000987vD",,,,,,,"25","noneSelected",800,100,800,"Lianas present measure entire subplot","otzZ09yzQEzFIIPcpdl9PUakADElVpVu","vG946HPdyCak4YNcquSpnhDyztG1jnbiCP4A7p87kck=","legacyData"
"cf82b377-a47e-4a1f-a6d2-64fc58a93cdd","SCBI_047.basePlot.vst","2015-08-31","D02","SCBI","SCBI_047","tower","deciduousForest",38.894261,-78.137200,"WGS84",20.2,748285.49,4308939.19,"17N",397.0,0.2,"vst_SCBI_2015","NEON.DOC.000987vD",,,,,,,"25","noneSelected",800,100,800,"Lianas present measure entire subplot","otzZ09yzQEzFIIPcpdl9PUakADElVpVu","vG946HPdyCak4YNcquSpnhDyztG1jnbiCP4A7p87kck=","legacyData"
