uid,namedLocation,domainID,siteID,plotID,plotType,nlcdClass,decimalLatitude,decimalLongitude,geodeticDatum,coordinateUncertainty,elevation,elevationUncertainty,collectDate,eventID,sampleID,sampleCode,samplingMethod,totalSampledArea,targetTaxaPresent,adultCount,nymphCount,larvaCount,sampleCondition,samplingProtocolVersion,measuredBy,remarks
"7ceecfc9-9e7b-43ad-9120-789f01599212","NOGP_002.tickPlot.tck","D09","NOGP","NOGP_002","distributed","grasslandHerbaceous",46.797460,-100.910668,"WGS84",20.1,544.6,0.1,"2016-05-18T16:16Z","NOGP.2016.20",,,"drag",160,"N",0,0,0,"No known compromise","NEON.DOC.014045vG","Y5z6Fmrws3jA1BVsC0w+H9mBsn34g2gg",
"29689d6d-d792-4d0b-b57b-3bac5043b50b","NOGP_001.tickPlot.tck","D09","NOGP","NOGP_001","distributed","grasslandHerbaceous",46.804811,-100.916048,"WGS84",20.0,530.7,0.0,"2016-05-18T17:08Z","NOGP.2016.20",,,"drag and flag",160,"N",0,0,0,"No known compromise","NEON.DOC.014045vG","Y5z6Fmrws3jA1BVsC0w+H9mBsn34g2gg",
"6738554c-96d3-458e-9560-63a65233d1b8","NOGP_005.tickPlot.tck","D09","NOGP","NOGP_005","distributed","grasslandHerbaceous",46.787576,-100.916830,"WGS84",20.0,564.6,0.0,"2016-05-18T18:38Z","NOGP.2016.20",,,"drag",160,"N",0,0,0,"No known compromise","NEON.DOC.014045vG","Y5z6Fmrws3jA1BVsC0w+H9mBsn34g2gg",
"2a2317c5-174a-4160-993f-521847f59150","NOGP_006.tickPlot.tck","D09","NOGP","NOGP_006","distributed","grasslandHerbaceous",46.768522,-100.918874,"WGS84",20.1,588.6,0.1,"2016-05-18T19:45Z","NOGP.2016.20",,,"drag",160,"N",0,0,0,"No known compromise","NEON.DOC.014045vG","Y5z6Fmrws3jA1BVsC0w+H9mBsn34g2gg",
"a3361b23-5bc6-46c9-94ed-ec559e6aa636","NOGP_008.tickPlot.tck","D09","NOGP","NOGP_008","distributed","grasslandHerbaceous",46.783500,-100.905977,"WGS84",20.1,562.0,0.1,"2016-05-18T20:38Z","NOGP.2016.20",,,"drag",160,"N",0,0,0,"No known compromise","NEON.DOC.014045vG","Y5z6Fmrws3jA1BVsC0w+H9mBsn34g2gg",
"533168b5-fa2a-466c-943a-2c2b7cf7dfe5","NOGP_007.tickPlot.tck","D09","NOGP","NOGP_007","distributed","grasslandHerbaceous",46.813251,-100.903783,"WGS84",20.0,527.7,0.0,"2016-05-18T23:25Z","NOGP.2016.20",,,"drag",160,"N",0,0,0,"No known compromise","NEON.DOC.014045vG","Y5z6Fmrws3jA1BVsC0w+H9mBsn34g2gg",
