uid,namedLocation,domainID,siteID,plotID,plotType,nlcdClass,decimalLatitude,decimalLongitude,geodeticDatum,coordinateUncertainty,elevation,elevationUncertainty,collectDate,eventID,sampleID,sampleCode,samplingMethod,totalSampledArea,targetTaxaPresent,adultCount,nymphCount,larvaCount,sampleCondition,samplingProtocolVersion,measuredBy,remarks
"90eb2e9f-e1df-4de0-8210-eea919b4f15d","DEJU_001.tickPlot.tck","D19","DEJU","DEJU_001","distributed","shrubScrub",63.893653,-145.770599,"WGS84",20.1,492.5,0.1,"2016-07-07T17:00Z","DEJU.2016.27",,,"flag",160,"N",0,0,0,"No known compromise","NEON.DOC.014045vG","qUVO/nUAMfcjNCXxPcPdy1pHcHxmZeqI",
"48ab20a3-ef45-4fce-b3b1-9dace7af91b5","DEJU_003.tickPlot.tck","D19","DEJU","DEJU_003","distributed","shrubScrub",63.931557,-145.753452,"WGS84",20.1,450.5,0.1,"2016-07-07T19:40Z","DEJU.2016.27",,,"drag and flag",160,"N",0,0,0,"No known compromise","NEON.DOC.014045vG","gY7PKMQeXvmzbAl/ecWKthBQo945H1C4","NE corner missing, temporary corner determined based on pacing, azimuth, and distance from centroid using GPS. N and E transect measurements may be inconsistent with future bouts. NE corner needs to be reestablished."
"ad3e9116-873a-41c5-a3bf-e3887cafe163","DEJU_009.tickPlot.tck","D19","DEJU","DEJU_009","distributed","evergreenForest",63.853075,-145.763773,"WGS84",21.0,574.3,0.8,"2016-07-08T17:00Z","DEJU.2016.27",,,"flag",160,"N",0,0,0,"No known compromise","NEON.DOC.014045vG","MeAdgD9GMcAND8ZfQlU8wsL2WyDvsAxatkbBowrKiAc=",
"01c310fe-f610-4d4f-9a1d-05639aad5dac","DEJU_014.tickPlot.tck","D19","DEJU","DEJU_014","distributed","evergreenForest",63.830553,-145.745544,"WGS84",20.3,544.1,0.3,"2016-07-08T18:00Z","DEJU.2016.27",,,"flag",160,"N",0,0,0,"No known compromise","NEON.DOC.014045vG","MeAdgD9GMcAND8ZfQlU8wsL2WyDvsAxatkbBowrKiAc=",
"e6179654-09d8-4192-9a4e-ca1ffa80cf9e","DEJU_044.tickPlot.tck","D19","DEJU","DEJU_044","distributed","evergreenForest",63.835516,-145.745056,"WGS84",20.1,538.2,0.1,"2016-07-08T19:00Z","DEJU.2016.27",,,"flag",160,"N",0,0,0,"No known compromise","NEON.DOC.014045vG","MeAdgD9GMcAND8ZfQlU8wsL2WyDvsAxatkbBowrKiAc=",
"5ab7b698-6b34-4d30-aef9-12efa32935b9","DEJU_015.tickPlot.tck","D19","DEJU","DEJU_015","distributed","woodyWetlands",63.873814,-145.744346,"WGS84",20.1,521.6,0.1,"2016-07-08T20:00Z","DEJU.2016.27",,,"drag and flag",160,"N",0,0,0,"No known compromise","NEON.DOC.014045vG","YiConmN6G3kBq6IkzfJ+sM2MDQqufUlj",
