uid,namedLocation,domainID,siteID,plotID,plotType,nlcdClass,decimalLatitude,decimalLongitude,geodeticDatum,coordinateUncertainty,elevation,elevationUncertainty,collectDate,eventID,sampleID,sampleCode,samplingMethod,totalSampledArea,targetTaxaPresent,adultCount,nymphCount,larvaCount,sampleCondition,samplingProtocolVersion,measuredBy,remarks
"04bf5645-b558-4161-a3d7-6683ff04bfaa","DEJU_003.tickPlot.tck","D19","DEJU","DEJU_003","distributed","shrubScrub",63.931557,-145.753452,"WGS84",20.1,450.5,0.1,"2017-08-22T21:08Z","DEJU.2017.35",,,"drag and flag",166,"N",0,0,0,,"NEON.DOC.014045vH","lXZ755Qyd6s7NGwgdv19TRhUt29wrcDk+0qno2P+XFQ=",
"17d0ff80-5fc8-4f6d-9872-8823bd56d174","DEJU_001.tickPlot.tck","D19","DEJU","DEJU_001","distributed","shrubScrub",63.893653,-145.770599,"WGS84",20.1,492.5,0.1,"2017-08-22T21:48Z","DEJU.2017.35",,,"drag and flag",162,"N",0,0,0,,"NEON.DOC.014045vH","lXZ755Qyd6s7NGwgdv19TRhUt29wrcDk+0qno2P+XFQ=",
"ea972f8d-b549-4584-ad22-dc7f037d358e","DEJU_014.tickPlot.tck","D19","DEJU","DEJU_014","distributed","evergreenForest",63.830553,-145.745544,"WGS84",20.3,544.1,0.3,"2017-08-22T21:50Z","DEJU.2017.35",,,"drag and flag",163,"N",0,0,0,,"NEON.DOC.014045vH","mBJxlAYbbGTroI8U1cqmMangHVXpuZ3Yx3uRxz/5Rb8=",
"a56e8156-8a01-44d4-964d-450c343e51c4","DEJU_015.tickPlot.tck","D19","DEJU","DEJU_015","distributed","woodyWetlands",63.873814,-145.744346,"WGS84",20.1,521.6,0.1,"2017-08-22T22:42Z","DEJU.2017.35",,,"drag and flag",170,"N",0,0,0,,"NEON.DOC.014045vH","lXZ755Qyd6s7NGwgdv19TRhUt29wrcDk+0qno2P+XFQ=",
"a5cdc0bc-af47-4879-a0eb-cd9868cb091d","DEJU_009.tickPlot.tck","D19","DEJU","DEJU_009","distributed","evergreenForest",63.853075,-145.763773,"WGS84",21.0,574.3,0.8,"2017-08-23T00:08Z","DEJU.2017.35",,,"drag and flag",163,"N",0,0,0,,"NEON.DOC.014045vH","lXZ755Qyd6s7NGwgdv19TRhUt29wrcDk+0qno2P+XFQ=",
