uid,namedLocation,plotID,collectDate,identifiedDate,sampleID,subsampleID,scientificName,acceptedTaxonID,taxonRank,family,subfamily,tribe,subtribe,genus,subgenus,specificEpithet,infraspecificEpithet,identificationQualifier,identificationReferences,identificationProtocolVersion,scientificNameAuthorship,sexOrAge,individualCount,sampleCondition,archiveMedium,archiveFacilityID,deprecatedVialID,identifiedBy,laboratoryName,remarks
"501bc191-03de-4c2d-a73b-3128bcb277a0","NOGP_001.tickPlot.tck","NOGP_001","2017-06-21T16:15Z","2017-12-07T17:00Z","NOGP_001.20170621","NOGP_001.20170621.DERVAR.M","Dermacentor variabilis","DERVAR","species","Ixodidae",,,,"Dermacentor",,"variabilis",,,"Yunker, C. E., Keirans, J. E., Clifford, C. M., and E. R. Easton. 1986. Dermacentor ticks (Acari: Ixodoidea: Ixodidae) of the New World: a scanning electron microscope atlas. Proceedings of the Entomological Society of Washington, 88(4):609-627.","GSU_tickIdentification_SOP_2016-11-01.pdf","Say","Male",2,"OK","90% ethanol","USNMENT01358485","NOGP_001.20170621.01.DER.VAR.M","Lorenza Beati","Georgia Southern University",
"8787ff39-5779-4ffe-946b-20d8c2c2cb3a","NOGP_001.tickPlot.tck","NOGP_001","2017-06-21T16:15Z","2017-12-07T17:00Z","NOGP_001.20170621","NOGP_001.20170621.DERVAR.F","Dermacentor variabilis","DERVAR","species","Ixodidae",,,,"Dermacentor",,"variabilis",,,"Yunker, C. E., Keirans, J. E., Clifford, C. M., and E. R. Easton. 1986. Dermacentor ticks (Acari: Ixodoidea: Ixodidae) of the New World: a scanning electron microscope atlas. Proceedings of the Entomological Society of Washington, 88(4):609-627.","GSU_tickIdentification_SOP_2016-11-01.pdf","Say","Female",2,"OK","90% ethanol","USNMENT01358484","NOGP_001.20170621.01.DER.VAR.F","Lorenza Beati","Georgia Southern University",
"b41dedd0-159e-4c54-8b03-fd833dc2374f","NOGP_002.tickPlot.tck","NOGP_002","2017-06-21T17:00Z","2017-12-07T17:00Z","NOGP_002.20170621","NOGP_002.20170621.DERVAR.M","Dermacentor variabilis","DERVAR","species","Ixodidae",,,,"Dermacentor",,"variabilis",,,"Yunker, C. E., Keirans, J. E., Clifford, C. M., and E. R. Easton. 1986. Dermacentor ticks (Acari: Ixodoidea: Ixodidae) of the New World: a scanning electron microscope atlas. Proceedings of the Entomological Society of Washington, 88(4):609-627.","GSU_tickIdentification_SOP_2016-11-01.pdf","Say","Male",2,"OK","90% ethanol","USNMENT01358483","NOGP_002.20170621.01.DER.VAR.M","Lorenza Beati","Georgia Southern University",
"d64d7392-b09f-4c4e-bbda-d44eef4dfbb9","NOGP_005.tickPlot.tck","NOGP_005","2017-06-21T18:03Z","2017-12-07T17:00Z","NOGP_005.20170621","NOGP_005.20170621.DERVAR.F","Dermacentor variabilis","DERVAR","species","Ixodidae",,,,"Dermacentor",,"variabilis",,,"Yunker, C. E., Keirans, J. E., Clifford, C. M., and E. R. Easton. 1986. Dermacentor ticks (Acari: Ixodoidea: Ixodidae) of the New World: a scanning electron microscope atlas. Proceedings of the Entomological Society of Washington, 88(4):609-627.","GSU_tickIdentification_SOP_2016-11-01.pdf","Say","Female",1,"OK","90% ethanol","USNMENT01358482","NOGP_005.20170621.005.DER.VAR.F","Lorenza Beati","Georgia Southern University",
