uid,namedLocation,domainID,siteID,plotID,plotType,nlcdClass,decimalLatitude,decimalLongitude,geodeticDatum,coordinateUncertainty,elevation,elevationUncertainty,collectDate,eventID,sampleID,sampleCode,samplingMethod,totalSampledArea,targetTaxaPresent,adultCount,nymphCount,larvaCount,sampleCondition,samplingProtocolVersion,measuredBy,remarks
"bd5be0c3-4a29-445b-8d61-88b88150cb5d","NOGP_007.tickPlot.tck","D09","NOGP","NOGP_007","distributed","grasslandHerbaceous",46.813251,-100.903783,"WGS84",20.0,527.7,0.0,"2017-06-21T15:30Z","NOGP.2017.26",,,"drag",155,"N",0,0,0,,"NEON.DOC.014045vH","n4oaPelR/mmbsiw8RZkCK6Tq1eA1eJSCrLM3aq0KIzk=",
"f14ea539-5722-4019-8f6f-68ef8a67cf39","NOGP_001.tickPlot.tck","D09","NOGP","NOGP_001","distributed","grasslandHerbaceous",46.804811,-100.916048,"WGS84",20.0,530.7,0.0,"2017-06-21T16:15Z","NOGP.2017.26","NOGP_001.20170621",,"drag",160,"Y",4,0,0,"No known compromise","NEON.DOC.014045vH","n4oaPelR/mmbsiw8RZkCK6Tq1eA1eJSCrLM3aq0KIzk=",
"84583be4-f0bb-4ab9-b72b-6a5c7876f624","NOGP_002.tickPlot.tck","D09","NOGP","NOGP_002","distributed","grasslandHerbaceous",46.797460,-100.910668,"WGS84",20.1,544.6,0.1,"2017-06-21T17:00Z","NOGP.2017.26","NOGP_002.20170621",,"drag",160,"Y",2,0,0,"No known compromise","NEON.DOC.014045vH","n4oaPelR/mmbsiw8RZkCK6Tq1eA1eJSCrLM3aq0KIzk=",
"20ba1a22-18ed-45b7-a0eb-537bfa9d7367","NOGP_005.tickPlot.tck","D09","NOGP","NOGP_005","distributed","grasslandHerbaceous",46.787576,-100.916830,"WGS84",20.0,564.6,0.0,"2017-06-21T18:03Z","NOGP.2017.26","NOGP_005.20170621",,"drag",160,"Y",1,0,0,"No known compromise","NEON.DOC.014045vH","i4LPslDzEW7+e5TJzsuDqUG9zQJvBvTldI6VGxYk7lE=",
"9bd92f32-e77f-4763-8d20-b2acfe65a49a","NOGP_008.tickPlot.tck","D09","NOGP","NOGP_008","distributed","grasslandHerbaceous",46.783500,-100.905977,"WGS84",20.1,562.0,0.1,"2017-06-21T18:59Z","NOGP.2017.26",,,"drag",160,"N",0,0,0,,"NEON.DOC.014045vH","i4LPslDzEW7+e5TJzsuDqUG9zQJvBvTldI6VGxYk7lE=",
"ed785380-d894-4aa6-b7dd-cf2d85ac5ed5","NOGP_006.tickPlot.tck","D09","NOGP","NOGP_006","distributed","grasslandHerbaceous",46.768522,-100.918874,"WGS84",20.1,588.6,0.1,"2017-06-21T19:50Z","NOGP.2017.26",,,"drag",160,"N",0,0,0,,"NEON.DOC.014045vH","i4LPslDzEW7+e5TJzsuDqUG9zQJvBvTldI6VGxYk7lE=",
