uid,namedLocation,domainID,siteID,plotID,plotType,nlcdClass,decimalLatitude,decimalLongitude,geodeticDatum,coordinateUncertainty,elevation,elevationUncertainty,collectDate,eventID,sampleID,sampleCode,samplingMethod,totalSampledArea,targetTaxaPresent,adultCount,nymphCount,larvaCount,sampleCondition,samplingProtocolVersion,measuredBy,remarks
"738d0030-b16e-45e3-a1e3-3cbb2028380a","CPER_007.tickPlot.tck","D10","CPER","CPER_007","distributed","grasslandHerbaceous",40.860878,-104.684952,"WGS84",20.1,1646.7,0.1,"2014-10-30T15:15Z","CPER.2014.43",,,"drag",160,"N",0,0,0,,"NEON.DOC.014045vD","osJbC1na7vg1QPo+P8VDlw==",
"ed021a02-7681-4345-a3f5-dfc9dc32a015","CPER_001.tickPlot.tck","D10","CPER","CPER_001","distributed","grasslandHerbaceous",40.851012,-104.701302,"WGS84",20.1,1639.1,0.1,"2014-10-30T15:57Z","CPER.2014.43",,,"drag",162,"N",0,0,0,,"NEON.DOC.014045vD","lUsMnrgrVdBi+0S16ZL6yg==",
"4ad5a894-d0e0-44a8-ba5c-85d7b8fc1b19","CPER_005.tickPlot.tck","D10","CPER","CPER_005","distributed","grasslandHerbaceous",40.852571,-104.726331,"WGS84",20.1,1662.6,0.1,"2014-10-30T16:44Z","CPER.2014.43",,,"drag",164,"N",0,0,0,,"NEON.DOC.014045vD","osJbC1na7vg1QPo+P8VDlw==",
"befdd1ef-a455-47fb-a95f-74b9e66b9455","CPER_004.tickPlot.tck","D10","CPER","CPER_004","distributed","grasslandHerbaceous",40.814104,-104.696817,"WGS84",20.1,1617.2,0.1,"2014-10-30T17:46Z","CPER.2014.43",,,"drag",160,"N",0,0,0,,"NEON.DOC.014045vD","lUsMnrgrVdBi+0S16ZL6yg==",
"102d4e26-be30-4abd-a506-f0571cc2780f","CPER_003.tickPlot.tck","D10","CPER","CPER_003","distributed","grasslandHerbaceous",40.819808,-104.707147,"WGS84",20.1,1625.7,0.1,"2014-10-30T18:26Z","CPER.2014.43",,,"drag",160,"N",0,0,0,,"NEON.DOC.014045vD","osJbC1na7vg1QPo+P8VDlw==",
"e381cb6c-b2b8-4371-887e-0ccfcc5655cb","CPER_002.tickPlot.tck","D10","CPER","CPER_002","distributed","grasslandHerbaceous",40.811446,-104.727626,"WGS84",20.1,1645.8,0.1,"2014-10-30T19:12Z","CPER.2014.43",,,"drag",160,"N",0,0,0,,"NEON.DOC.014045vD","lUsMnrgrVdBi+0S16ZL6yg==",
