uid,namedLocation,date,domainID,siteID,plotID,plotType,nlcdClass,decimalLatitude,decimalLongitude,geodeticDatum,coordinateUncertainty,easting,northing,utmZone,elevation,elevationUncertainty,eventID,samplingProtocolVersion,treesPresent,treesAbsentList,shrubsPresent,shrubsAbsentList,lianasPresent,lianasAbsentList,nestedSubplotAreaShrubSapling,nestedSubplotAreaLiana,totalSampledAreaTrees,totalSampledAreaShrubSapling,totalSampledAreaLiana,remarks,measuredBy,recordedBy,dataQF
"b463c7a4-e799-4b5e-84fc-0342c811da62","NIWO_012.basePlot.vst","2015-09-03","D13","NIWO","NIWO_012","distributed","evergreenForest",40.034769,-105.559629,"WGS84",20.3,452254.34,4431766.24,"13N",3151.6,0.4,"vst_NIWO_2015","NEON.DOC.000987vD",,,,,,,"10","noneSelected",400,80,400,,"P+EeY8owwbjzXaiaPoIJpc6mcpR6iWBh","M2o8YewDo9ZZZVoB4CB60NP1k+iGVSeX","legacyData"
"688c04f5-5a9d-402f-8861-30fbb2ff7811","NIWO_011.basePlot.vst","2015-09-03","D13","NIWO","NIWO_011","distributed","evergreenForest",40.033987,-105.555402,"WGS84",20.1,452614.44,4431677.19,"13N",3124.4,0.2,"vst_NIWO_2015","NEON.DOC.000987vD",,,,,,,"10","noneSelected",400,80,400,,"Xlq171H9ZZacHRTOGVYKqs8+16kKTkQj","jW84+1730rbF9ydK4hYAjdKf4gTfgBlZ","legacyData"
"931bf012-6adb-4ff8-b2d9-83d348412410","NIWO_005.basePlot.vst","2015-09-11","D13","NIWO","NIWO_005","distributed","evergreenForest",40.043662,-105.569891,"WGS84",20.2,451385.13,4432758.84,"13N",3285.4,0.2,"vst_NIWO_2015","NEON.DOC.000987vD",,,,,,,"10","noneSelected",400,80,400,,"P+EeY8owwbjzXaiaPoIJpc6mcpR6iWBh","jW84+1730rbF9ydK4hYAjdKf4gTfgBlZ","legacyData"
"a2ad5d55-aee7-49e4-9556-ef56d114d0a9","NIWO_001.basePlot.vst","2015-09-14","D13","NIWO","NIWO_001","distributed","evergreenForest",40.042344,-105.558975,"WGS84",20.1,452315.42,4432606.66,"13N",3213.5,0.1,"vst_NIWO_2015","NEON.DOC.000987vD",,,,,,,"noneSelected","noneSelected",400,400,400,,,"YQGD7F95APlUwE2tMnAo5z6OP2oWhM90jU8ejoIs6uE=","legacyData"
"af86e1ad-fc0a-4da7-a636-b1602f994129","NIWO_001.basePlot.vst","2015-09-14","D13","NIWO","NIWO_001","distributed","evergreenForest",40.042344,-105.558975,"WGS84",20.1,452315.42,4432606.66,"13N",3213.5,0.1,"vst_NIWO_2015","NEON.DOC.000987vD",,,,,,,"noneSelected","noneSelected",400,400,400,,,,"legacyData"
"41da06ca-6d59-4d9a-94d0-067a78f83bd8","NIWO_001.basePlot.vst","2015-09-14","D13","NIWO","NIWO_001","distributed","evergreenForest",40.042344,-105.558975,"WGS84",20.1,452315.42,4432606.66,"13N",3213.5,0.1,"vst_NIWO_2015","NEON.DOC.000987vD",,,,,,,"10","noneSelected",400,80,400,,"P+EeY8owwbjzXaiaPoIJpc6mcpR6iWBh","Xlq171H9ZZacHRTOGVYKqs8+16kKTkQj","legacyData"
"8eadd4d6-ba48-4fca-87f7-dbb150881ff1","NIWO_009.basePlot.vst","2015-09-16","D13","NIWO","NIWO_009","distributed","evergreenForest",40.045049,-105.560411,"WGS84",20.1,452194.80,4432907.66,"13N",3274.2,0.1,"vst_NIWO_2015","NEON.DOC.000987vD",,,,,,,"10","noneSelected",400,80,400,,"P+EeY8owwbjzXaiaPoIJpc6mcpR6iWBh","Xlq171H9ZZacHRTOGVYKqs8+16kKTkQj","legacyData"
