uid,namedLocation,plotID,collectDate,identifiedDate,sampleID,subsampleID,scientificName,acceptedTaxonID,taxonRank,family,subfamily,tribe,subtribe,genus,subgenus,specificEpithet,infraspecificEpithet,identificationQualifier,identificationReferences,identificationProtocolVersion,scientificNameAuthorship,sexOrAge,individualCount,sampleCondition,archiveMedium,archiveFacilityID,deprecatedVialID,identifiedBy,laboratoryName,remarks
"26ffbdf7-0fc8-40a8-88d0-b9e648fc1b47","OSBS_003.tickPlot.tck","OSBS_003","2016-06-23T16:35Z","2017-06-12T16:00Z","OSBS_003.20160623","OSBS_003.20160623.AMBAME.N","Amblyomma americanum","AMBAME","species","Ixodidae",,,,"Amblyomma",,"americanum",,,"Cooley, R. A. and G. M. Kohls. 1944. The genus Amblyomma (ixodidae) in the United States. The Journal of Parasitology, 30(2):77-111.","GSU_tickIdentification_SOP_2016-11-01.pdf","Linnaeus","Nymph",11,"OK","RNA stabilization buffer","USNMENT00984642","OSBS_003.20160623.AMBAME.N","Lorenza Beati","Georgia Southern University","Over invoice limit, will not be billed."
"c4c77687-9327-4f55-9a63-74bb796832a3","OSBS_003.tickPlot.tck","OSBS_003","2016-06-23T16:35Z","2017-06-12T16:00Z","OSBS_003.20160623","OSBS_003.20160623.AMBAME.F","Amblyomma americanum","AMBAME","species","Ixodidae",,,,"Amblyomma",,"americanum",,,"Cooley, R. A. and G. M. Kohls. 1944. The genus Amblyomma (ixodidae) in the United States. The Journal of Parasitology, 30(2):77-111.","GSU_tickIdentification_SOP_2016-11-01.pdf","Linnaeus","Female",3,"OK","RNA stabilization buffer","USNMENT00984641","OSBS_003.20160623.AMBAME.F","Lorenza Beati","Georgia Southern University",
"6a535e41-769d-4485-9848-ed0378186764","OSBS_003.tickPlot.tck","OSBS_003","2016-06-23T16:35Z","2017-05-17T16:00Z","OSBS_003.20160623","OSBS_003.20160623.IXOSP.L","Ixodidae sp.","IXOSP","family","Ixodidae",,,,,,"sp.",,,,"GSU_tickIdentification_SOP_2016-11-01.pdf",,"Larva",1,"OK","RNA stabilization buffer","USNMENT00984643","OSBS_003.20160623.L","Guy Hobbs","Georgia Southern University","Over invoice limit, will not be billed."
"415e1c16-1b6e-40ac-9fb4-960492b2da9e","OSBS_003.tickPlot.tck","OSBS_003","2016-06-23T16:35Z","2017-06-12T16:00Z","OSBS_003.20160623","OSBS_003.20160623.AMBAME.M","Amblyomma americanum","AMBAME","species","Ixodidae",,,,"Amblyomma",,"americanum",,,"Cooley, R. A. and G. M. Kohls. 1944. The genus Amblyomma (ixodidae) in the United States. The Journal of Parasitology, 30(2):77-111.","GSU_tickIdentification_SOP_2016-11-01.pdf","Linnaeus","Male",1,"OK","RNA stabilization buffer","USNMENT00984640","OSBS_003.20160623.AMBAME.M","Lorenza Beati","Georgia Southern University",
"c4729d89-add0-4b97-a509-d1ad66b7dbb2","OSBS_004.tickPlot.tck","OSBS_004","2016-06-23T17:33Z","2017-06-12T16:00Z","OSBS_004.20160623","OSBS_004.20160623.AMBAME.F","Amblyomma americanum","AMBAME","species","Ixodidae",,,,"Amblyomma",,"americanum",,,"Cooley, R. A. and G. M. Kohls. 1944. The genus Amblyomma (ixodidae) in the United States. The Journal of Parasitology, 30(2):77-111.","GSU_tickIdentification_SOP_2016-11-01.pdf","Linnaeus","Female",1,"OK","RNA stabilization buffer","USNMENT00984639","OSBS_004.20160623.AMBAME.F","Lorenza Beati","Georgia Southern University",
"c11cd2de-04ac-42bb-948b-b7ca11b96019","OSBS_004.tickPlot.tck","OSBS_004","2016-06-23T17:33Z","2017-06-12T16:00Z","OSBS_004.20160623","OSBS_004.20160623.AMBAME.M","Amblyomma americanum","AMBAME","species","Ixodidae",,,,"Amblyomma",,"americanum",,,"Cooley, R. A. and G. M. Kohls. 1944. The genus Amblyomma (ixodidae) in the United States. The Journal of Parasitology, 30(2):77-111.","GSU_tickIdentification_SOP_2016-11-01.pdf","Linnaeus","Male",1,"OK","RNA stabilization buffer","USNMENT00984638","OSBS_004.20160623.AMBAME.M","Lorenza Beati","Georgia Southern University",
"5e41aa9e-2dcf-4b23-9b78-d0c90d5e7995","OSBS_022.tickPlot.tck","OSBS_022","2016-06-23T18:07Z","2017-06-09T16:00Z","OSBS_022.20160623","OSBS_022.20160623.AMBAME.F","Amblyomma americanum","AMBAME","species","Ixodidae",,,,"Amblyomma",,"americanum",,,"Cooley, R. A. and G. M. Kohls. 1944. The genus Amblyomma (ixodidae) in the United States. The Journal of Parasitology, 30(2):77-111.","GSU_tickIdentification_SOP_2016-11-01.pdf","Linnaeus","Female",1,"OK","RNA stabilization buffer","USNMENT00984647","OSBS_022.20160623.AMBAME.F","Lorenza Beati","Georgia Southern University",
"4a25461c-9dfa-4e99-8bb1-6786aa03acaf","OSBS_001.tickPlot.tck","OSBS_001","2016-06-23T19:04Z","2017-06-09T16:00Z","OSBS_001.20160623","OSBS_001.20160623.AMBAME.F","Amblyomma americanum","AMBAME","species","Ixodidae",,,,"Amblyomma",,"americanum",,,"Cooley, R. A. and G. M. Kohls. 1944. The genus Amblyomma (ixodidae) in the United States. The Journal of Parasitology, 30(2):77-111.","GSU_tickIdentification_SOP_2016-11-01.pdf","Linnaeus","Female",4,"OK","RNA stabilization buffer","USNMENT00984637","OSBS_001.20160623.AMBAME.F","Lorenza Beati","Georgia Southern University",
"dc447437-274c-401b-be62-9ee59d527110","OSBS_001.tickPlot.tck","OSBS_001","2016-06-23T19:04Z","2017-06-09T16:00Z","OSBS_001.20160623","OSBS_001.20160623.AMBAME.N","Amblyomma americanum","AMBAME","species","Ixodidae",,,,"Amblyomma",,"americanum",,,"Cooley, R. A. and G. M. Kohls. 1944. The genus Amblyomma (ixodidae) in the United States. The Journal of Parasitology, 30(2):77-111.","GSU_tickIdentification_SOP_2016-11-01.pdf","Linnaeus","Nymph",14,"OK","RNA stabilization buffer","USNMENT00984635","OSBS_001.20160623.AMBAME.N","Lorenza Beati","Georgia Southern University",
"b1d760db-dd17-4f6d-a4cd-46f625632894","OSBS_001.tickPlot.tck","OSBS_001","2016-06-23T19:04Z","2017-06-09T16:00Z","OSBS_001.20160623","OSBS_001.20160623.AMBAME.M","Amblyomma americanum","AMBAME","species","Ixodidae",,,,"Amblyomma",,"americanum",,,"Cooley, R. A. and G. M. Kohls. 1944. The genus Amblyomma (ixodidae) in the United States. The Journal of Parasitology, 30(2):77-111.","GSU_tickIdentification_SOP_2016-11-01.pdf","Linnaeus","Male",4,"OK","RNA stabilization buffer","USNMENT00984636","OSBS_001.20160623.AMBAME.M","Lorenza Beati","Georgia Southern University",
"630b57f7-e034-40f3-8b4d-c59cb8794d2a","OSBS_005.tickPlot.tck","OSBS_005","2016-06-23T19:53Z","2017-06-09T16:00Z","OSBS_005.20160623","OSBS_005.20160623.AMBAME.N","Amblyomma americanum","AMBAME","species","Ixodidae",,,,"Amblyomma",,"americanum",,,"Cooley, R. A. and G. M. Kohls. 1944. The genus Amblyomma (ixodidae) in the United States. The Journal of Parasitology, 30(2):77-111.","GSU_tickIdentification_SOP_2016-11-01.pdf","Linnaeus","Nymph",37,"OK","RNA stabilization buffer","USNMENT00984646","OSBS_005.20160623.AMBAME.N","Lorenza Beati","Georgia Southern University",
"2c792f73-1514-47d6-a5bc-41091635b772","OSBS_005.tickPlot.tck","OSBS_005","2016-06-23T19:53Z","2017-06-09T16:00Z","OSBS_005.20160623","OSBS_005.20160623.AMBAME.M","Amblyomma americanum","AMBAME","species","Ixodidae",,,,"Amblyomma",,"americanum",,,"Cooley, R. A. and G. M. Kohls. 1944. The genus Amblyomma (ixodidae) in the United States. The Journal of Parasitology, 30(2):77-111.","GSU_tickIdentification_SOP_2016-11-01.pdf","Linnaeus","Male",7,"OK","RNA stabilization buffer","USNMENT00984644","OSBS_005.20160623.AMBAME.M","Lorenza Beati","Georgia Southern University",
"faccb45e-9d3a-441e-8a87-a8ee68f0e61a","OSBS_005.tickPlot.tck","OSBS_005","2016-06-23T19:53Z","2017-06-09T16:00Z","OSBS_005.20160623","OSBS_005.20160623.AMBAME.F","Amblyomma americanum","AMBAME","species","Ixodidae",,,,"Amblyomma",,"americanum",,,"Cooley, R. A. and G. M. Kohls. 1944. The genus Amblyomma (ixodidae) in the United States. The Journal of Parasitology, 30(2):77-111.","GSU_tickIdentification_SOP_2016-11-01.pdf","Linnaeus","Female",7,"OK","RNA stabilization buffer","USNMENT00984645","OSBS_005.20160623.AMBAME.F","Lorenza Beati","Georgia Southern University",
