uid,namedLocation,domainID,siteID,plotID,plotType,nlcdClass,decimalLatitude,decimalLongitude,geodeticDatum,coordinateUncertainty,elevation,elevationUncertainty,collectDate,eventID,sampleID,sampleCode,samplingMethod,totalSampledArea,targetTaxaPresent,adultCount,nymphCount,larvaCount,sampleCondition,samplingProtocolVersion,measuredBy,remarks
"593b2fd3-2963-4589-bdfe-aeac686bff77","OSBS_002.tickPlot.tck","D03","OSBS","OSBS_002","distributed","evergreenForest",29.703661,-81.958365,"WGS84",20.1,35.8,0.2,"2016-06-23T15:37Z","OSBS.2016.25",,,"drag and flag",160,"N",0,0,0,"No known compromise","NEON.DOC.014045vG","Rxv8FKFfd/ciZf8CWk7KdeVazLIhBZVm",
"428d07c3-5979-4b55-ab56-c00fc0f57f2a","OSBS_003.tickPlot.tck","D03","OSBS","OSBS_003","distributed","evergreenForest",29.693693,-81.947010,"WGS84",20.3,38.2,0.5,"2016-06-23T16:35Z","OSBS.2016.25","OSBS_003.20160623",,"drag and flag",162,"Y",4,13,185,"No known compromise","NEON.DOC.014045vG","8YC3Y9ZJ1p2WQnDU0EvHJsy+mRHbhnVQ",
"09010efa-b382-4b8b-b2df-717087112215","OSBS_004.tickPlot.tck","D03","OSBS","OSBS_004","distributed","evergreenForest",29.683402,-81.960449,"WGS84",20.3,42.4,0.4,"2016-06-23T17:33Z","OSBS.2016.25","OSBS_004.20160623",,"drag and flag",160,"Y",1,0,0,"No known compromise","NEON.DOC.014045vG","Rxv8FKFfd/ciZf8CWk7KdeVazLIhBZVm",
"2e742327-a202-4363-a679-c4ea299318e9","OSBS_022.tickPlot.tck","D03","OSBS","OSBS_022","distributed","emergentHerbaceousWetlands",29.688309,-81.961968,"WGS84",20.1,24.3,0.1,"2016-06-23T18:07Z","OSBS.2016.25","OSBS_022.20160623",,"drag and flag",160,"Y",1,0,0,"No known compromise","NEON.DOC.014045vG","8YC3Y9ZJ1p2WQnDU0EvHJsy+mRHbhnVQ",
"612f4f9e-d1bb-4bd5-8c49-8b9e8a8edb97","OSBS_001.tickPlot.tck","D03","OSBS","OSBS_001","distributed","woodyWetlands",29.704063,-82.008061,"WGS84",20.3,34.4,0.3,"2016-06-23T19:04Z","OSBS.2016.25","OSBS_001.20160623",,"drag and flag",160,"Y",7,14,0,"No known compromise","NEON.DOC.014045vG","Rxv8FKFfd/ciZf8CWk7KdeVazLIhBZVm",
"7be3dc52-12c5-4f84-86fd-c996b3868f17","OSBS_005.tickPlot.tck","D03","OSBS","OSBS_005","distributed","woodyWetlands",29.697923,-82.025623,"WGS84",20.4,36.0,1.2,"2016-06-23T19:53Z","OSBS.2016.25","OSBS_005.20160623",,"drag and flag",162,"Y",13,31,0,"No known compromise","NEON.DOC.014045vG","8YC3Y9ZJ1p2WQnDU0EvHJsy+mRHbhnVQ",
