uid,namedLocation,domainID,siteID,plotID,plotType,nlcdClass,decimalLatitude,decimalLongitude,geodeticDatum,coordinateUncertainty,elevation,elevationUncertainty,collectDate,eventID,sampleID,sampleCode,samplingMethod,totalSampledArea,targetTaxaPresent,adultCount,nymphCount,larvaCount,sampleCondition,samplingProtocolVersion,measuredBy,remarks
"35a584a5-c118-46a9-9efa-a0025c8a3582","SCBI_039.tickPlot.tck","D02","SCBI","SCBI_039","distributed","pastureHay",38.896433,-78.166542,"WGS84",20.1,330.8,0.1,"2017-07-03T15:11Z","SCBI.2017.28","SCBI_039.20170703",,"drag",157,"Y",1,2,0,"No known compromise","NEON.DOC.014045vH","/AhbGCCF27wHz9TggrmS1nLN8zUO+zcB",
"f7a02850-0cc2-40d2-afa1-8e7e033aa877","SCBI_006.tickPlot.tck","D02","SCBI","SCBI_006","distributed","pastureHay",38.897080,-78.150277,"WGS84",20.1,277.1,0.1,"2017-07-03T15:13Z","SCBI.2017.28","SCBI_006.20170703",,"drag",160,"Y",6,0,0,"No known compromise","NEON.DOC.014045vH","ena7GLJui5s1h8moQAQPw3Qj2+mVdivS",
"d58d92dd-3318-48a4-a720-738fbc2e29c5","SCBI_005.tickPlot.tck","D02","SCBI","SCBI_005","distributed","deciduousForest",38.901859,-78.161940,"WGS84",20.2,263.6,0.3,"2017-07-03T16:16Z","SCBI.2017.28","SCBI_005.20170703",,"drag",154,"Y",1,1,0,"Other (described in remarks)","NEON.DOC.014045vH","5KHGCJU8MVi1+7ablrc8J9GceIxGWQkD57A2WbAFRSE=","Lost adult in plot; not in vial"
"01658fb0-d84b-487d-ab05-d46497c4a61b","SCBI_002.tickPlot.tck","D02","SCBI","SCBI_002","distributed","deciduousForest",38.893863,-78.142704,"WGS84",20.2,327.7,0.2,"2017-07-03T16:34Z","SCBI.2017.28","SCBI_002.20170703",,"drag",160,"Y",0,4,7,"No known compromise","NEON.DOC.014045vH","ena7GLJui5s1h8moQAQPw3Qj2+mVdivS",
"ad52f019-982c-4d44-bc53-4e6b43fdb124","SCBI_013.tickPlot.tck","D02","SCBI","SCBI_013","distributed","deciduousForest",38.873041,-78.163313,"WGS84",20.2,361.3,0.3,"2017-07-03T17:54Z","SCBI.2017.28","SCBI_013.20170703",,"drag",160,"Y",0,16,31,"No known compromise","NEON.DOC.014045vH","5KHGCJU8MVi1+7ablrc8J9GceIxGWQkD57A2WbAFRSE=",
"fc9b7c51-3ea0-4754-996c-0a4bbe3fb7ac","SCBI_007.tickPlot.tck","D02","SCBI","SCBI_007","distributed","deciduousForest",38.886013,-78.129365,"WGS84",20.2,428.3,0.2,"2017-07-03T18:12Z","SCBI.2017.28","SCBI_007.20170703",,"drag",108,"Y",0,2,6,"No known compromise","NEON.DOC.014045vH","ena7GLJui5s1h8moQAQPw3Qj2+mVdivS",
"be03714d-d27c-4483-85b5-00c75ade1b7a","SCBI_039.tickPlot.tck","D02","SCBI","SCBI_039","distributed","pastureHay",38.896433,-78.166542,"WGS84",20.1,330.8,0.1,"2017-07-24T16:15Z","SCBI.2017.31","SCBI_039.20170724",,"drag",149,"Y",4,0,920,"No known compromise","NEON.DOC.014045vH","/AhbGCCF27wHz9TggrmS1nLN8zUO+zcB",
"21268369-c070-4f12-81d0-278cebb030c0","SCBI_006.tickPlot.tck","D02","SCBI","SCBI_006","distributed","pastureHay",38.897080,-78.150277,"WGS84",20.1,277.1,0.1,"2017-07-24T17:48Z","SCBI.2017.31","SCBI_006.20170724",,"drag",160,"Y",3,0,2,"No known compromise","NEON.DOC.014045vH","/AhbGCCF27wHz9TggrmS1nLN8zUO+zcB",
"0cd8a7de-3c2a-4da7-aeda-b56a2f085f08","SCBI_005.tickPlot.tck","D02","SCBI","SCBI_005","distributed","deciduousForest",38.901859,-78.161940,"WGS84",20.2,263.6,0.3,"2017-07-24T19:15Z","SCBI.2017.31","SCBI_005.20170724",,"drag",150,"Y",1,2,31,"No known compromise","NEON.DOC.014045vH","/AhbGCCF27wHz9TggrmS1nLN8zUO+zcB",
"f8e82922-9f9c-4f99-b5a4-fa85c1ece16e","SCBI_007.tickPlot.tck","D02","SCBI","SCBI_007","distributed","deciduousForest",38.886013,-78.129365,"WGS84",20.2,428.3,0.2,"2017-07-25T17:49Z","SCBI.2017.31","SCBI_007.20170725",,"drag",112,"Y",0,0,36,"No known compromise","NEON.DOC.014045vH","ena7GLJui5s1h8moQAQPw3Qj2+mVdivS",
"5ef515fb-7d91-409f-8e42-5d7347598cbd","SCBI_002.tickPlot.tck","D02","SCBI","SCBI_002","distributed","deciduousForest",38.893863,-78.142704,"WGS84",20.2,327.7,0.2,"2017-07-26T15:23Z","SCBI.2017.31","SCBI_002.20170726",,"drag and flag",160,"Y",0,4,72,"No known compromise","NEON.DOC.014045vH","ena7GLJui5s1h8moQAQPw3Qj2+mVdivS",
"a5f34171-ca63-433e-9ab7-39f18f35f5e4","SCBI_013.tickPlot.tck","D02","SCBI","SCBI_013","distributed","deciduousForest",38.873041,-78.163313,"WGS84",20.2,361.3,0.3,"2017-07-26T17:29Z","SCBI.2017.31","SCBI_013.20170726",,"drag",160,"Y",0,27,127,"No known compromise","NEON.DOC.014045vH","/AhbGCCF27wHz9TggrmS1nLN8zUO+zcB",
