uid,namedLocation,plotID,collectDate,identifiedDate,sampleID,subsampleID,scientificName,acceptedTaxonID,taxonRank,family,subfamily,tribe,subtribe,genus,subgenus,specificEpithet,infraspecificEpithet,identificationQualifier,identificationReferences,identificationProtocolVersion,scientificNameAuthorship,sexOrAge,individualCount,sampleCondition,archiveMedium,archiveFacilityID,deprecatedVialID,identifiedBy,laboratoryName,remarks
"e917563a-de1e-4414-b30d-2be3e775f738","SCBI_039.tickPlot.tck","SCBI_039","2017-07-03T15:11Z","2018-01-02T17:00Z","SCBI_039.20170703","SCBI_039.20170703.AMBAME.N","Amblyomma americanum","AMBAME","species","Ixodidae",,,,"Amblyomma",,"americanum",,,"Cooley, R. A. and G. M. Kohls. 1944. The genus Amblyomma (ixodidae) in the United States. The Journal of Parasitology, 30(2):77-111.","GSU_tickIdentification_SOP_2016-11-01.pdf","Linnaeus","Nymph",1,"OK","90% ethanol","USNMENT01358462","SCBI_039.20170703.AMBAME.N","Lorenza Beati","Georgia Southern University",
"b9ccbfdc-0904-4c75-8c82-f5079c658457","SCBI_039.tickPlot.tck","SCBI_039","2017-07-03T15:11Z","2018-09-15T17:00Z","SCBI_039.20170703","SCBI_039.20170703.HAELON.N","Haemaphysalis longicornis","HAELON","species","Ixodidae",,,,"Haemaphysalis",,"longicornis",,,,"GSU_tickIdentification_SOP_2016-11-01.pdf",,"Nymph",1,"OK","90% ethanol","USNMENT01358461","SCBI_039.20170703.HAELEP.N","Lorenza Beati","Georgia Southern University",
"aa2baa7a-d4e5-4277-8214-d91bb4c3193f","SCBI_039.tickPlot.tck","SCBI_039","2017-07-03T15:11Z","2018-01-02T17:00Z","SCBI_039.20170703","SCBI_039.20170703.DERVAR.F","Dermacentor variabilis","DERVAR","species","Ixodidae",,,,"Dermacentor",,"variabilis",,,"Yunker, C. E., Keirans, J. E., Clifford, C. M., and E. R. Easton. 1986. Dermacentor ticks (Acari: Ixodoidea: Ixodidae) of the New World: a scanning electron microscope atlas. Proceedings of the Entomological Society of Washington, 88(4):609-627.","GSU_tickIdentification_SOP_2016-11-01.pdf","Say","Female",1,"OK","90% ethanol","USNMENT01358460","SCBI_039.20170703.DERVAR.F","Lorenza Beati","Georgia Southern University","TO PAULA"
"085cf768-5c8e-4c2f-b735-5845b2091562","SCBI_006.tickPlot.tck","SCBI_006","2017-07-03T15:13Z","2018-01-02T17:00Z","SCBI_006.20170703","SCBI_006.20170703.DERVAR.F","Dermacentor variabilis","DERVAR","species","Ixodidae",,,,"Dermacentor",,"variabilis",,,"Yunker, C. E., Keirans, J. E., Clifford, C. M., and E. R. Easton. 1986. Dermacentor ticks (Acari: Ixodoidea: Ixodidae) of the New World: a scanning electron microscope atlas. Proceedings of the Entomological Society of Washington, 88(4):609-627.","GSU_tickIdentification_SOP_2016-11-01.pdf","Say","Female",4,"OK","90% ethanol","USNMENT01358465","SCBI_006.20170703.DERVAR.F","Lorenza Beati","Georgia Southern University",
"853e64ee-d5ea-4636-89a3-c4d389a62911","SCBI_006.tickPlot.tck","SCBI_006","2017-07-03T15:13Z","2018-01-02T17:00Z","SCBI_006.20170703","SCBI_006.20170703.DERVAR.M","Dermacentor variabilis","DERVAR","species","Ixodidae",,,,"Dermacentor",,"variabilis",,,"Yunker, C. E., Keirans, J. E., Clifford, C. M., and E. R. Easton. 1986. Dermacentor ticks (Acari: Ixodoidea: Ixodidae) of the New World: a scanning electron microscope atlas. Proceedings of the Entomological Society of Washington, 88(4):609-627.","GSU_tickIdentification_SOP_2016-11-01.pdf","Say","Male",2,"OK","90% ethanol","USNMENT01358464","SCBI_006.20170703.DERVAR.M","Lorenza Beati","Georgia Southern University","TO PAULA"
"3b871a9b-af1e-41a5-ae91-6c2501462e1c","SCBI_005.tickPlot.tck","SCBI_005","2017-07-03T16:16Z","2018-01-02T17:00Z","SCBI_005.20170703","SCBI_005.20170703.AMBAME.N","Amblyomma americanum","AMBAME","species","Ixodidae",,,,"Amblyomma",,"americanum",,,"Cooley, R. A. and G. M. Kohls. 1944. The genus Amblyomma (ixodidae) in the United States. The Journal of Parasitology, 30(2):77-111.","GSU_tickIdentification_SOP_2016-11-01.pdf","Linnaeus","Nymph",1,"OK","90% ethanol","USNMENT01358426","SCBI_005.20170703.AMBAME.N","Lorenza Beati","Georgia Southern University","little engorged"
"e0a973e4-77d4-4a4f-a084-8885febba949","SCBI_002.tickPlot.tck","SCBI_002","2017-07-03T16:34Z","2018-01-02T17:00Z","SCBI_002.20170703","SCBI_002.20170703.IXOSCA.N","Ixodes scapularis","IXOSCA","species","Ixodidae",,,,"Ixodes",,"scapularis",,,"Cooley, R. A. and G. M. Kohls. 1945. The genus Ixodes in North America. National Institute of Health Bulletin, 184.","GSU_tickIdentification_SOP_2016-11-01.pdf","Say","Nymph",1,"OK","90% ethanol","USNMENT01358435","SCBI_002.20170703.IXOSCA.N","Lorenza Beati","Georgia Southern University",
"983b2ddb-2f7c-471a-921e-1288cab58069","SCBI_002.tickPlot.tck","SCBI_002","2017-07-03T16:34Z","2018-01-02T17:00Z","SCBI_002.20170703","SCBI_002.20170703.AMBAME.N","Amblyomma americanum","AMBAME","species","Ixodidae",,,,"Amblyomma",,"americanum",,,"Cooley, R. A. and G. M. Kohls. 1944. The genus Amblyomma (ixodidae) in the United States. The Journal of Parasitology, 30(2):77-111.","GSU_tickIdentification_SOP_2016-11-01.pdf","Linnaeus","Nymph",3,"OK","90% ethanol","USNMENT01358436","SCBI_002.20170703.AMBAME.N","Lorenza Beati","Georgia Southern University",
"de657f93-b9d8-4f3e-952f-d3a3f454a55f","SCBI_002.tickPlot.tck","SCBI_002","2017-07-03T16:34Z","2017-09-01T16:00Z","SCBI_002.20170703","SCBI_002.20170703.IXOSP.L","Ixodidae sp.","IXOSP","family","Ixodidae",,,,,,"sp.",,,,"GSU_tickIdentification_SOP_2016-11-01.pdf",,"Larva",1,"OK","90% ethanol","USNMENT01358437","SCBI_002.20170703.L","Guy Hobbs","Georgia Southern University",
"982cb657-b64d-48ca-99c2-01109ff05e9e","SCBI_013.tickPlot.tck","SCBI_013","2017-07-03T17:54Z","2017-09-01T16:00Z","SCBI_013.20170703","SCBI_013.20170703.IXOSP.L","Ixodidae sp.","IXOSP","family","Ixodidae",,,,,,"sp.",,,,"GSU_tickIdentification_SOP_2016-11-01.pdf",,"Larva",1,"OK","90% ethanol","USNMENT01358425","SCBI_013.20170703.L","Guy Hobbs","Georgia Southern University",
"1eff2be6-eb5d-4101-9a79-32e31d4f01c3","SCBI_013.tickPlot.tck","SCBI_013","2017-07-03T17:54Z","2018-01-02T17:00Z","SCBI_013.20170703","SCBI_013.20170703.AMBAME.N","Amblyomma americanum","AMBAME","species","Ixodidae",,,,"Amblyomma",,"americanum",,,"Cooley, R. A. and G. M. Kohls. 1944. The genus Amblyomma (ixodidae) in the United States. The Journal of Parasitology, 30(2):77-111.","GSU_tickIdentification_SOP_2016-11-01.pdf","Linnaeus","Nymph",12,"OK","90% ethanol","USNMENT01358423","SCBI_013.20170703.AMBAME.N","Lorenza Beati","Georgia Southern University",
"614e7a59-1a17-4542-93a7-a5474d61d306","SCBI_013.tickPlot.tck","SCBI_013","2017-07-03T17:54Z","2018-01-02T17:00Z","SCBI_013.20170703","SCBI_013.20170703.IXOSCA.N","Ixodes scapularis","IXOSCA","species","Ixodidae",,,,"Ixodes",,"scapularis",,,"Cooley, R. A. and G. M. Kohls. 1945. The genus Ixodes in North America. National Institute of Health Bulletin, 184.","GSU_tickIdentification_SOP_2016-11-01.pdf","Say","Nymph",5,"OK","90% ethanol","USNMENT01358424","SCBI_013.20170703.IXOSCA.N","Lorenza Beati","Georgia Southern University",
"e8fe8bb2-b5d4-422f-84d4-6a82a8988de4","SCBI_007.tickPlot.tck","SCBI_007","2017-07-03T18:12Z","2018-01-02T17:00Z","SCBI_007.20170703","SCBI_007.20170703.IXOSCA.N","Ixodes scapularis","IXOSCA","species","Ixodidae",,,,"Ixodes",,"scapularis",,,"Cooley, R. A. and G. M. Kohls. 1945. The genus Ixodes in North America. National Institute of Health Bulletin, 184.","GSU_tickIdentification_SOP_2016-11-01.pdf","Say","Nymph",1,"OK","90% ethanol","USNMENT01358428","SCBI_007.20170703.IXOSCA.N","Lorenza Beati","Georgia Southern University",
"db5550f9-0415-40aa-b140-f310d1e30936","SCBI_007.tickPlot.tck","SCBI_007","2017-07-03T18:12Z","2017-09-01T16:00Z","SCBI_007.20170703","SCBI_007.20170703.IXOSP.L","Ixodidae sp.","IXOSP","family","Ixodidae",,,,,,"sp.",,,,"GSU_tickIdentification_SOP_2016-11-01.pdf",,"Larva",1,"OK","90% ethanol","USNMENT01358429","SCBI_007.20170703.L","Guy Hobbs","Georgia Southern University",
"178cb249-151e-46d8-8e7a-065b05653bef","SCBI_007.tickPlot.tck","SCBI_007","2017-07-03T18:12Z","2018-01-02T17:00Z","SCBI_007.20170703","SCBI_007.20170703.AMBAME.N","Amblyomma americanum","AMBAME","species","Ixodidae",,,,"Amblyomma",,"americanum",,,"Cooley, R. A. and G. M. Kohls. 1944. The genus Amblyomma (ixodidae) in the United States. The Journal of Parasitology, 30(2):77-111.","GSU_tickIdentification_SOP_2016-11-01.pdf","Linnaeus","Nymph",1,"OK","90% ethanol","USNMENT01358427","SCBI_007.20170703.AMBAME.N","Lorenza Beati","Georgia Southern University",
"fa5e8d6f-dde7-4770-b598-c644656f922e","SCBI_039.tickPlot.tck","SCBI_039","2017-07-24T16:15Z","2018-01-29T17:00Z","SCBI_039.20170724","SCBI_039.20170724.DERVAR.F","Dermacentor variabilis","DERVAR","species","Ixodidae",,,,"Dermacentor",,"variabilis",,,"Yunker, C. E., Keirans, J. E., Clifford, C. M., and E. R. Easton. 1986. Dermacentor ticks (Acari: Ixodoidea: Ixodidae) of the New World: a scanning electron microscope atlas. Proceedings of the Entomological Society of Washington, 88(4):609-627.","GSU_tickIdentification_SOP_2016-11-01.pdf","Say","Female",2,"OK","90% ethanol","USNMENT01358728","SCBI_039.20170724.DERVAR.F","Lorenza Beati","Georgia Southern University","TO PAULA"
"d3210e4c-e6ef-4b51-8382-d3a4aefe89af","SCBI_039.tickPlot.tck","SCBI_039","2017-07-24T16:15Z","2017-09-29T16:00Z","SCBI_039.20170724","SCBI_039.20170724.IXOSP.L","Ixodidae sp.","IXOSP","family","Ixodidae",,,,,,"sp.",,,,"GSU_tickIdentification_SOP_2016-11-01.pdf",,"Larva",1,"OK","90% ethanol","USNMENT01358727","SCBI_039.20170724.L","Guy Hobbs","Georgia Southern University",
"d32b3083-33a3-4850-82c8-1e5f26ab8dde","SCBI_039.tickPlot.tck","SCBI_039","2017-07-24T16:15Z","2018-01-29T17:00Z","SCBI_039.20170724","SCBI_039.20170724.DERVAR.M","Dermacentor variabilis","DERVAR","species","Ixodidae",,,,"Dermacentor",,"variabilis",,,"Yunker, C. E., Keirans, J. E., Clifford, C. M., and E. R. Easton. 1986. Dermacentor ticks (Acari: Ixodoidea: Ixodidae) of the New World: a scanning electron microscope atlas. Proceedings of the Entomological Society of Washington, 88(4):609-627.","GSU_tickIdentification_SOP_2016-11-01.pdf","Say","Male",2,"OK","90% ethanol","USNMENT01358729","SCBI_039.20170724.DERVAR.M","Lorenza Beati","Georgia Southern University","TO PAULA"
"71e5a021-059f-4af5-bfea-5986941802bb","SCBI_006.tickPlot.tck","SCBI_006","2017-07-24T17:48Z","2018-01-28T17:00Z","SCBI_006.20170724","SCBI_006.20170724.DERVAR.M","Dermacentor variabilis","DERVAR","species","Ixodidae",,,,"Dermacentor",,"variabilis",,,"Yunker, C. E., Keirans, J. E., Clifford, C. M., and E. R. Easton. 1986. Dermacentor ticks (Acari: Ixodoidea: Ixodidae) of the New World: a scanning electron microscope atlas. Proceedings of the Entomological Society of Washington, 88(4):609-627.","GSU_tickIdentification_SOP_2016-11-01.pdf","Say","Male",2,"OK","90% ethanol","USNMENT01358722","SCBI_006.20170724.DERVAR.M","Lorenza Beati","Georgia Southern University",
"afd72827-4f05-4e9c-910f-cfe9d0a334de","SCBI_006.tickPlot.tck","SCBI_006","2017-07-24T17:48Z","2017-09-28T16:00Z","SCBI_006.20170724","SCBI_006.20170724.IXOSP.L","Ixodidae sp.","IXOSP","family","Ixodidae",,,,,,"sp.",,,,"GSU_tickIdentification_SOP_2016-11-01.pdf",,"Larva",1,"OK","90% ethanol","USNMENT01358721","SCBI_006.20170724.L","Guy Hobbs","Georgia Southern University",
"703267ad-49f5-4560-ac5d-18c5791ca85e","SCBI_006.tickPlot.tck","SCBI_006","2017-07-24T17:48Z","2018-01-28T17:00Z","SCBI_006.20170724","SCBI_006.20170724.DERVAR.F","Dermacentor variabilis","DERVAR","species","Ixodidae",,,,"Dermacentor",,"variabilis",,,"Yunker, C. E., Keirans, J. E., Clifford, C. M., and E. R. Easton. 1986. Dermacentor ticks (Acari: Ixodoidea: Ixodidae) of the New World: a scanning electron microscope atlas. Proceedings of the Entomological Society of Washington, 88(4):609-627.","GSU_tickIdentification_SOP_2016-11-01.pdf","Say","Female",1,"OK","90% ethanol","USNMENT01358723","SCBI_006.20170724.DERVAR.F","Lorenza Beati","Georgia Southern University","TO PAULA"
"e806dcd2-4aea-48c5-916c-b1dbc08b222e","SCBI_005.tickPlot.tck","SCBI_005","2017-07-24T19:15Z","2018-01-29T17:00Z","SCBI_005.20170724","SCBI_005.20170724.DERVAR.M","Dermacentor variabilis","DERVAR","species","Ixodidae",,,,"Dermacentor",,"variabilis",,,"Yunker, C. E., Keirans, J. E., Clifford, C. M., and E. R. Easton. 1986. Dermacentor ticks (Acari: Ixodoidea: Ixodidae) of the New World: a scanning electron microscope atlas. Proceedings of the Entomological Society of Washington, 88(4):609-627.","GSU_tickIdentification_SOP_2016-11-01.pdf","Say","Male",1,"OK","90% ethanol","USNMENT01358724","SCBI_005.20170724.DERVAR.M","Lorenza Beati","Georgia Southern University","TO PAULA"
"735801dd-1072-4414-ba54-5fabbbe57854","SCBI_005.tickPlot.tck","SCBI_005","2017-07-24T19:15Z","2018-01-29T17:00Z","SCBI_005.20170724","SCBI_005.20170724.IXOSCA.N","Ixodes scapularis","IXOSCA","species","Ixodidae",,,,"Ixodes",,"scapularis",,,"Cooley, R. A. and G. M. Kohls. 1945. The genus Ixodes in North America. National Institute of Health Bulletin, 184.","GSU_tickIdentification_SOP_2016-11-01.pdf","Say","Nymph",1,"OK","90% ethanol","USNMENT01358725","SCBI_005.20170724.IXOSCA.N","Lorenza Beati","Georgia Southern University","found 1 tick not 2 in vial"
"b46efdee-3322-4fb2-831b-abce2eb66bd2","SCBI_005.tickPlot.tck","SCBI_005","2017-07-24T19:15Z","2017-09-29T16:00Z","SCBI_005.20170724","SCBI_005.20170724.IXOSP.L","Ixodidae sp.","IXOSP","family","Ixodidae",,,,,,"sp.",,,,"GSU_tickIdentification_SOP_2016-11-01.pdf",,"Larva",1,"OK","90% ethanol","USNMENT01358726","SCBI_005.20170724.L","Guy Hobbs","Georgia Southern University",
"49cb5cd7-3dd0-496f-aa93-58f01da5cdd3","SCBI_007.tickPlot.tck","SCBI_007","2017-07-25T17:49Z","2017-09-28T16:00Z","SCBI_007.20170725","SCBI_007.20170725.IXOSP.L","Ixodidae sp.","IXOSP","family","Ixodidae",,,,,,"sp.",,,,"GSU_tickIdentification_SOP_2016-11-01.pdf",,"Larva",1,"OK","90% ethanol","USNMENT01358720","SCBI_007.20170725.L","Guy Hobbs","Georgia Southern University",
"4f01f7ca-b4fe-437c-a5ea-e63810e0e8d6","SCBI_002.tickPlot.tck","SCBI_002","2017-07-26T15:23Z","2018-01-28T17:00Z","SCBI_002.20170726","SCBI_002.20170726.AMBAME.N","Amblyomma americanum","AMBAME","species","Ixodidae",,,,"Amblyomma",,"americanum",,,"Cooley, R. A. and G. M. Kohls. 1944. The genus Amblyomma (ixodidae) in the United States. The Journal of Parasitology, 30(2):77-111.","GSU_tickIdentification_SOP_2016-11-01.pdf","Linnaeus","Nymph",2,"OK","90% ethanol","USNMENT01358717","SCBI_002.20170726.AMBAME.N","Lorenza Beati","Georgia Southern University",
"7e002a08-036b-4884-85e5-cc2b0adc221d","SCBI_002.tickPlot.tck","SCBI_002","2017-07-26T15:23Z","2018-01-28T17:00Z","SCBI_002.20170726","SCBI_002.20170726.IXOSCA.N","Ixodes scapularis","IXOSCA","species","Ixodidae",,,,"Ixodes",,"scapularis",,,"Cooley, R. A. and G. M. Kohls. 1945. The genus Ixodes in North America. National Institute of Health Bulletin, 184.","GSU_tickIdentification_SOP_2016-11-01.pdf","Say","Nymph",2,"OK","90% ethanol","USNMENT01358718","SCBI_002.20170726.IXOSCA.N","Lorenza Beati","Georgia Southern University",
"cd4a6bfe-ef7f-46f8-953f-59e78b2746d5","SCBI_002.tickPlot.tck","SCBI_002","2017-07-26T15:23Z","2017-09-28T16:00Z","SCBI_002.20170726","SCBI_002.20170726.IXOSP.L","Ixodidae sp.","IXOSP","family","Ixodidae",,,,,,"sp.",,,,"GSU_tickIdentification_SOP_2016-11-01.pdf",,"Larva",1,"OK","90% ethanol","USNMENT01358719","SCBI_002.20170726.L","Guy Hobbs","Georgia Southern University",
"b937c507-5ce9-48e5-a313-afa9822b8861","SCBI_013.tickPlot.tck","SCBI_013","2017-07-26T17:29Z","2018-09-15T17:00Z","SCBI_013.20170726","SCBI_013.20170726.HAELON.N","Haemaphysalis longicornis","HAELON","species","Ixodidae",,,,"Haemaphysalis",,"longicornis",,,,"GSU_tickIdentification_SOP_2016-11-01.pdf",,"Nymph",1,"OK","90% ethanol","USNMENT01430097","SCBI_013.20170726.HAELEP.N","Lorenza Beati","Georgia Southern University",
"f482c8e8-ea54-4415-b5f2-32b14610432e","SCBI_013.tickPlot.tck","SCBI_013","2017-07-26T17:29Z","2018-01-28T17:00Z","SCBI_013.20170726","SCBI_013.20170726.IXOSCA.N","Ixodes scapularis","IXOSCA","species","Ixodidae",,,,"Ixodes",,"scapularis",,,"Cooley, R. A. and G. M. Kohls. 1945. The genus Ixodes in North America. National Institute of Health Bulletin, 184.","GSU_tickIdentification_SOP_2016-11-01.pdf","Say","Nymph",2,"OK","90% ethanol","USNMENT01358714","SCBI_013.20170726.IXOSCA.N","Lorenza Beati","Georgia Southern University",
"a6576079-765e-49f1-8662-440b03e78a44","SCBI_013.tickPlot.tck","SCBI_013","2017-07-26T17:29Z","2018-01-28T17:00Z","SCBI_013.20170726","SCBI_013.20170726.AMBAME.N","Amblyomma americanum","AMBAME","species","Ixodidae",,,,"Amblyomma",,"americanum",,,"Cooley, R. A. and G. M. Kohls. 1944. The genus Amblyomma (ixodidae) in the United States. The Journal of Parasitology, 30(2):77-111.","GSU_tickIdentification_SOP_2016-11-01.pdf","Linnaeus","Nymph",24,"OK","90% ethanol","USNMENT01358715","SCBI_013.20170726.AMBAME.N","Lorenza Beati","Georgia Southern University",
"a2009461-5481-4471-b4eb-1cd564816750","SCBI_013.tickPlot.tck","SCBI_013","2017-07-26T17:29Z","2017-09-28T16:00Z","SCBI_013.20170726","SCBI_013.20170726.IXOSP.L","Ixodidae sp.","IXOSP","family","Ixodidae",,,,,,"sp.",,,,"GSU_tickIdentification_SOP_2016-11-01.pdf",,"Larva",1,"OK","90% ethanol","USNMENT01358716","SCBI_013.20170726.L","Guy Hobbs","Georgia Southern University",
