uid,namedLocation,domainID,siteID,plotID,plotType,nlcdClass,decimalLatitude,decimalLongitude,geodeticDatum,coordinateUncertainty,elevation,elevationUncertainty,collectDate,eventID,sampleID,sampleCode,samplingMethod,totalSampledArea,targetTaxaPresent,adultCount,nymphCount,larvaCount,sampleCondition,samplingProtocolVersion,measuredBy,remarks
"ed072220-0777-4835-b7b8-dee346dfbc39","SOAP_003.tickPlot.tck","D17","SOAP","SOAP_003","distributed","evergreenForest",37.032980,-119.249660,"WGS84",20.2,1139.9,0.3,"2018-07-02T17:12Z","SOAP.2018.27",,,"drag",160,"N",0,0,0,,"NEON.DOC.014045vJ","OB3AuIQlTTLDl5/mqouRCYZG78LEzkVg",
"767c015c-8c3b-42a1-b898-e8e09f4ff3f3","SOAP_009.tickPlot.tck","D17","SOAP","SOAP_009","distributed","shrubScrub",37.038727,-119.257989,"WGS84",20.1,1083.7,0.1,"2018-07-02T18:09Z","SOAP.2018.27",,,"drag and flag",160,"N",0,0,0,,"NEON.DOC.014045vJ","OB3AuIQlTTLDl5/mqouRCYZG78LEzkVg",
"0acd1a2d-4512-4264-bf18-4cde2d30c7aa","SOAP_004.tickPlot.tck","D17","SOAP","SOAP_004","distributed","evergreenForest",37.038478,-119.268390,"WGS84",20.1,1148.8,0.1,"2018-07-02T19:10Z","SOAP.2018.27",,,"drag and flag",169,"N",0,0,0,,"NEON.DOC.014045vJ","OB3AuIQlTTLDl5/mqouRCYZG78LEzkVg",
"f23763e4-e7ce-4a45-b8ce-a1e96e505d4b","SOAP_005.tickPlot.tck","D17","SOAP","SOAP_005","distributed","evergreenForest",37.031309,-119.264582,"WGS84",20.1,1199.8,0.1,"2018-07-02T20:30Z","SOAP.2018.27",,,"drag and flag",169,"N",0,0,0,,"NEON.DOC.014045vJ","OB3AuIQlTTLDl5/mqouRCYZG78LEzkVg",
"31403246-0357-401e-b223-4083cd7dfd69","SOAP_026.tickPlot.tck","D17","SOAP","SOAP_026","distributed","shrubScrub",37.029413,-119.271386,"WGS84",20.1,1262.1,0.1,"2018-07-02T21:30Z","SOAP.2018.27",,,"drag and flag",180,"N",0,0,0,,"NEON.DOC.014045vJ","OB3AuIQlTTLDl5/mqouRCYZG78LEzkVg",
"a59c88dd-4d4e-4682-bb83-d9538fe110b6","SOAP_006.tickPlot.tck","D17","SOAP","SOAP_006","distributed","evergreenForest",37.024700,-119.283060,"WGS84",20.1,1313.8,0.1,"2018-07-02T22:31Z","SOAP.2018.27",,,"drag and flag",170,"N",0,0,0,,"NEON.DOC.014045vJ","OB3AuIQlTTLDl5/mqouRCYZG78LEzkVg",
