uid,namedLocation,domainID,siteID,plotID,plotType,nlcdClass,decimalLatitude,decimalLongitude,geodeticDatum,coordinateUncertainty,elevation,elevationUncertainty,collectDate,eventID,sampleID,sampleCode,samplingMethod,totalSampledArea,targetTaxaPresent,adultCount,nymphCount,larvaCount,sampleCondition,samplingProtocolVersion,measuredBy,remarks
"01a79d81-33b9-426f-aa64-2a5f5f128984","KONA_003.tickPlot.tck","D06","KONA","KONA_003","distributed","cultivatedCrops",39.214274,-96.600435,"WGS84",20.1,329.1,0.1,"2018-09-18T13:10Z","KONA.2018.38",,,"drag and flag",160,"N",0,0,0,,"NEON.DOC.014045vJ","ryPwirbLIGP0z95AI2Ix9nYd6s942sQlUAwVL4UApoo=",
"b54e8710-b0e0-4fb8-9078-15b397061062","KONA_019.tickPlot.tck","D06","KONA","KONA_019","distributed","cultivatedCrops",39.211742,-96.590109,"WGS84",20.1,327.1,0.1,"2018-09-18T13:33Z","KONA.2018.38",,,"drag and flag",160,"N",0,0,0,,"NEON.DOC.014045vJ","ryPwirbLIGP0z95AI2Ix9nYd6s942sQlUAwVL4UApoo=",
"d1f95e00-29ef-4ff9-bb6b-1b3c51e5888a","KONA_024.tickPlot.tck","D06","KONA","KONA_024","distributed","cultivatedCrops",39.208663,-96.595138,"WGS84",20.1,329.1,0.1,"2018-09-18T13:54Z","KONA.2018.38",,,"drag",160,"N",0,0,0,,"NEON.DOC.014045vJ","ryPwirbLIGP0z95AI2Ix9nYd6s942sQlUAwVL4UApoo=",
"12bbc103-9a55-4de9-b4f2-0a4c779303fd","KONA_021.tickPlot.tck","D06","KONA","KONA_021","distributed","cultivatedCrops",39.125028,-96.643572,"WGS84",20.1,339.5,0.2,"2018-09-18T14:39Z","KONA.2018.38",,,"drag and flag",160,"N",0,0,0,,"NEON.DOC.014045vJ","ryPwirbLIGP0z95AI2Ix9nYd6s942sQlUAwVL4UApoo=",
"43243a20-cfca-4941-b9a7-c4bf7c9a6dd5","KONA_004.tickPlot.tck","D06","KONA","KONA_004","distributed","cultivatedCrops",39.125575,-96.637356,"WGS84",20.1,323.5,0.1,"2018-09-18T15:03Z","KONA.2018.38",,,"drag and flag",160,"N",0,0,0,,"NEON.DOC.014045vJ","ryPwirbLIGP0z95AI2Ix9nYd6s942sQlUAwVL4UApoo=",
"a360971c-53fa-4566-920e-a9d8727ae53f","KONA_002.tickPlot.tck","D06","KONA","KONA_002","distributed","cultivatedCrops",39.114235,-96.638612,"WGS84",20.1,324.7,0.1,"2018-09-18T15:23Z","KONA.2018.38",,,"drag",160,"N",0,0,0,,"NEON.DOC.014045vJ","ryPwirbLIGP0z95AI2Ix9nYd6s942sQlUAwVL4UApoo=",
