uid,namedLocation,domainID,siteID,plotID,plotType,nlcdClass,decimalLatitude,decimalLongitude,geodeticDatum,coordinateUncertainty,elevation,elevationUncertainty,collectDate,eventID,sampleID,sampleCode,samplingMethod,totalSampledArea,targetTaxaPresent,adultCount,nymphCount,larvaCount,sampleCondition,samplingProtocolVersion,measuredBy,remarks
"d7c4f07e-f83d-4ac0-9de1-a69a08cded9f","UNDE_013.tickPlot.tck","D05","UNDE","UNDE_013","distributed","deciduousForest",46.227776,-89.535166,"WGS84",20.2,510.3,0.3,"2016-07-05T13:45Z","UNDE.2016.27",,,"flag",160,"N",0,0,0,"No known compromise","NEON.DOC.014045vG","iMRRFt6D4SnvT4gpprfYkcrBo2exp/j+",
"1a149356-7408-4995-bfb5-bb2ac0f04dbd","UNDE_002.tickPlot.tck","D05","UNDE","UNDE_002","distributed","woodyWetlands",46.242285,-89.543255,"WGS84",20.3,506.2,0.4,"2016-07-05T14:33Z","UNDE.2016.27",,,"flag",160,"N",0,0,0,"No known compromise","NEON.DOC.014045vG","WXmC7HijdM2NsP75v+4sQyVqwIMmMBb8",
"6dea59a5-b495-4918-b1e7-ab1d8990a628","UNDE_019.tickPlot.tck","D05","UNDE","UNDE_019","distributed","deciduousForest",46.257425,-89.542054,"WGS84",20.2,519.0,0.2,"2016-07-05T15:45Z","UNDE.2016.27","UNDE_019.20160705",,"flag",160,"Y",0,2,0,"No known compromise","NEON.DOC.014045vG","iMRRFt6D4SnvT4gpprfYkcrBo2exp/j+",
"37e7dc73-fa1a-430e-99df-e4a916a1513a","UNDE_999.tickPlot.tck","D05","UNDE","UNDE_999","distributed","woodyWetlands",46.256243,-89.534200,"WGS84",20.2,507.1,0.3,"2016-07-05T17:20Z","UNDE.2016.27",,,"flag",157,"N",0,0,0,"No known compromise","NEON.DOC.014045vG","WXmC7HijdM2NsP75v+4sQyVqwIMmMBb8",
"f9c3328c-bc5b-4a45-8974-5c35e3478713","UNDE_017.tickPlot.tck","D05","UNDE","UNDE_017","distributed","mixedForest",46.236736,-89.497054,"WGS84",20.1,518.8,0.2,"2016-07-05T18:15Z","UNDE.2016.27","UNDE_017.20160705",,"flag",160,"Y",0,2,10,"No known compromise","NEON.DOC.014045vG","WXmC7HijdM2NsP75v+4sQyVqwIMmMBb8",
"18aa8349-8941-4649-807a-77e2a334277e","UNDE_011.tickPlot.tck","D05","UNDE","UNDE_011","distributed","woodyWetlands",46.213935,-89.505950,"WGS84",20.3,507.7,0.4,"2016-07-05T19:55Z","UNDE.2016.27",,,"flag",130,"N",0,0,0,"No known compromise","NEON.DOC.014045vG","WXmC7HijdM2NsP75v+4sQyVqwIMmMBb8",
"6fbc02d7-705b-4d3b-bce7-0469cf02c7d8","UNDE_013.tickPlot.tck","D05","UNDE","UNDE_013","distributed","deciduousForest",46.227776,-89.535166,"WGS84",20.2,510.3,0.3,"2016-07-25T13:30Z","UNDE.2016.30",,,"drag and flag",166,"N",0,0,0,"No known compromise","NEON.DOC.014045vG","WXmC7HijdM2NsP75v+4sQyVqwIMmMBb8",
"e003648f-9f90-4fea-b6f8-43183cb1b1fe","UNDE_019.tickPlot.tck","D05","UNDE","UNDE_019","distributed","deciduousForest",46.257425,-89.542054,"WGS84",20.2,519.0,0.2,"2016-07-25T14:52Z","UNDE.2016.30","UNDE_019.20160725",,"flag",158,"Y",0,1,0,"No known compromise","NEON.DOC.014045vG","edYs11Z8dTVEZZ5NOQ3QsCE9Zvqnsyrr",
"9d49298c-4fdb-4e07-821b-03c0c1e8c5e6","UNDE_999.tickPlot.tck","D05","UNDE","UNDE_999","distributed","woodyWetlands",46.256243,-89.534200,"WGS84",20.2,507.1,0.3,"2016-07-25T16:18Z","UNDE.2016.30",,,"flag",157,"N",0,0,0,"No known compromise","NEON.DOC.014045vG","WXmC7HijdM2NsP75v+4sQyVqwIMmMBb8",
"40b6d4ff-897e-4798-8194-051401101e66","UNDE_002.tickPlot.tck","D05","UNDE","UNDE_002","distributed","woodyWetlands",46.242285,-89.543255,"WGS84",20.3,506.2,0.4,"2016-07-25T17:55Z","UNDE.2016.30",,,"flag",161,"N",0,0,0,"No known compromise","NEON.DOC.014045vG","WXmC7HijdM2NsP75v+4sQyVqwIMmMBb8",
"69625656-d64a-43fc-b00c-ff5d99b1acde","UNDE_017.tickPlot.tck","D05","UNDE","UNDE_017","distributed","mixedForest",46.236736,-89.497054,"WGS84",20.1,518.8,0.2,"2016-07-25T19:17Z","UNDE.2016.30","UNDE_017.20160725",,"drag and flag",160,"Y",0,0,8,"No known compromise","NEON.DOC.014045vG","PjfLww5oXrAQngYk4wg4E42w2wotfuRI",
"b6e83860-f3a8-4938-a7a0-eb7a0b52b738","UNDE_011.tickPlot.tck","D05","UNDE","UNDE_011","distributed","woodyWetlands",46.213935,-89.505950,"WGS84",20.3,507.7,0.4,"2016-07-25T20:55Z","UNDE.2016.30",,,"drag and flag",129,"N",0,0,0,"No known compromise","NEON.DOC.014045vG","WXmC7HijdM2NsP75v+4sQyVqwIMmMBb8",
