uid,namedLocation,plotID,collectDate,identifiedDate,sampleID,subsampleID,scientificName,acceptedTaxonID,taxonRank,family,subfamily,tribe,subtribe,genus,subgenus,specificEpithet,infraspecificEpithet,identificationQualifier,identificationReferences,identificationProtocolVersion,scientificNameAuthorship,sexOrAge,individualCount,sampleCondition,archiveMedium,archiveFacilityID,deprecatedVialID,identifiedBy,laboratoryName,remarks
"e1250f2b-6a5e-49fd-821a-3feadaccd9a0","UNDE_019.tickPlot.tck","UNDE_019","2016-07-05T15:45Z","2017-06-28T16:00Z","UNDE_019.20160705","UNDE_019.20160705.HAELEP.N","Haemaphysalis leporispalustris","HAELEP","species","Ixodidae",,,,"Haemaphysalis",,"leporispalustris",,,,"GSU_tickIdentification_SOP_2016-11-01.pdf","Packard","Nymph",1,"OK","RNA stabilization buffer","USNMENT00864624","UNDE_019.20160705.HAELEP.N","Lorenza Beati","Georgia Southern University",
"f6b3ff31-c07e-49b3-85d3-05292da0ce26","UNDE_019.tickPlot.tck","UNDE_019","2016-07-05T15:45Z","2017-06-28T16:00Z","UNDE_019.20160705","UNDE_019.20160705.IXOSCA.N","Ixodes scapularis","IXOSCA","species","Ixodidae",,,,"Ixodes",,"scapularis",,,"Cooley, R. A. and G. M. Kohls. 1945. The genus Ixodes in North America. National Institute of Health Bulletin, 184.","GSU_tickIdentification_SOP_2016-11-01.pdf","Say","Nymph",1,"OK","RNA stabilization buffer","USNMENT00984822","UNDE_019.20160705.IXOSCA.N","Lorenza Beati","Georgia Southern University",
"bee82834-7556-4e87-aedd-bdca6abb721f","UNDE_017.tickPlot.tck","UNDE_017","2016-07-05T18:15Z","2017-06-28T16:00Z","UNDE_017.20160705","UNDE_017.20160705.IXOSCA.N","Ixodes scapularis","IXOSCA","species","Ixodidae",,,,"Ixodes",,"scapularis",,,"Cooley, R. A. and G. M. Kohls. 1945. The genus Ixodes in North America. National Institute of Health Bulletin, 184.","GSU_tickIdentification_SOP_2016-11-01.pdf","Say","Nymph",1,"OK","RNA stabilization buffer","USNMENT00984821","UNDE_017.20160705.IXOSCA.N","Lorenza Beati","Georgia Southern University",
"1a2f0d0a-de18-4c76-bc2e-f759adaa6128","UNDE_017.tickPlot.tck","UNDE_017","2016-07-05T18:15Z","2017-06-28T16:00Z","UNDE_017.20160705","UNDE_017.20160705.HAELEP.N","Haemaphysalis leporispalustris","HAELEP","species","Ixodidae",,,,"Haemaphysalis",,"leporispalustris",,,,"GSU_tickIdentification_SOP_2016-11-01.pdf","Packard","Nymph",1,"OK","RNA stabilization buffer","USNMENT00864623","UNDE_017.20160705.HAELEP.N","Lorenza Beati","Georgia Southern University",
"d030eb4b-31f8-4ec7-8408-a65658f63f0d","UNDE_017.tickPlot.tck","UNDE_017","2016-07-05T18:15Z","2017-06-29T16:00Z","UNDE_017.20160705","UNDE_017.20160705.IXOSP.L","Ixodidae sp.","IXOSP","family","Ixodidae",,,,,,"sp.",,,,"GSU_tickIdentification_SOP_2016-11-01.pdf",,"Larva",1,"OK","RNA stabilization buffer","USNMENT00984845","UNDE_017.20160705.L","Guy Hobbs","Georgia Southern University",
"c70e5e40-108f-4f38-99cc-4a76cfca45ba","UNDE_019.tickPlot.tck","UNDE_019","2016-07-25T14:52Z","2017-06-28T16:00Z","UNDE_019.20160725","UNDE_019.20160725.IXOSCA.N","Ixodes scapularis","IXOSCA","species","Ixodidae",,,,"Ixodes",,"scapularis",,,"Cooley, R. A. and G. M. Kohls. 1945. The genus Ixodes in North America. National Institute of Health Bulletin, 184.","GSU_tickIdentification_SOP_2016-11-01.pdf","Say","Nymph",1,"OK","RNA stabilization buffer","USNMENT00984824","UNDE_019.20160725.IXOSCA.N","Lorenza Beati","Georgia Southern University",
"f5ecd64f-0960-43c0-ae16-741a6ef106f2","UNDE_017.tickPlot.tck","UNDE_017","2016-07-25T19:17Z","2017-06-22T16:00Z","UNDE_017.20160725","UNDE_017.20160725.IXOSP.L","Ixodidae sp.","IXOSP","family","Ixodidae",,,,,,"sp.",,,,"GSU_tickIdentification_SOP_2016-11-01.pdf",,"Larva",1,"OK","RNA stabilization buffer","USNMENT00984844","UNDE_017.20160725.L","Guy Hobbs","Georgia Southern University",
