uid,namedLocation,domainID,siteID,plotID,plotType,nlcdClass,decimalLatitude,decimalLongitude,geodeticDatum,coordinateUncertainty,elevation,elevationUncertainty,collectDate,eventID,sampleID,sampleCode,samplingMethod,totalSampledArea,targetTaxaPresent,adultCount,nymphCount,larvaCount,sampleCondition,samplingProtocolVersion,measuredBy,remarks
"20e79fce-97cf-4f52-a1ba-c537d557265d","HARV_022.tickPlot.tck","D01","HARV","HARV_022","distributed","evergreenForest",42.435462,-72.199291,"WGS84",20.3,186.3,0.3,"2018-05-14T15:20Z","HARV.2018.20","HARV_022.20180514","D00000006862","drag and flag",160,"Y",1,3,1,"No known compromise","NEON.DOC.014045vJ","IchdSUvEujr74OCkHV8AJLS68Jq8lF4diJSDT+YtveYPkiEW+UD2ag==",
"ef922fff-fb4a-4287-9934-13000d73fafe","HARV_006.tickPlot.tck","D01","HARV","HARV_006","distributed","deciduousForest",42.401938,-72.252716,"WGS84",20.2,190.4,0.3,"2018-05-14T16:55Z","HARV.2018.20","HARV_006.20180514","D00000006873","drag and flag",160,"Y",2,0,0,"No known compromise","NEON.DOC.014045vJ","kTEpSRbe1TOTj0psovHkfbrdgsBZd6I/BFigIgOa6Fk=",
"ac17b4c0-583a-45ed-a8fe-d7cae2eb4dc7","HARV_026.tickPlot.tck","D01","HARV","HARV_026","distributed","evergreenForest",42.412068,-72.246529,"WGS84",20.2,185.7,0.3,"2018-05-14T17:44Z","HARV.2018.20","HARV_026.20180514","D00000006864","drag and flag",170,"Y",2,0,0,"No known compromise","NEON.DOC.014045vJ","kTEpSRbe1TOTj0psovHkfbrdgsBZd6I/BFigIgOa6Fk=",
"4a75472c-e3bd-4968-b094-1292c7ea25e0","HARV_001.tickPlot.tck","D01","HARV","HARV_001","distributed","deciduousForest",42.424227,-72.260097,"WGS84",20.2,201.1,0.3,"2018-05-14T18:39Z","HARV.2018.20","HARV_001.20180514","D00000006863","drag and flag",165,"Y",1,0,0,"No known compromise","NEON.DOC.014045vJ","IchdSUvEujr74OCkHV8AJLS68Jq8lF4diJSDT+YtveYPkiEW+UD2ag==",
"5c827d0a-34d0-4935-aa53-da0ec836dcfe","HARV_004.tickPlot.tck","D01","HARV","HARV_004","distributed","mixedForest",42.426878,-72.227943,"WGS84",20.3,185.9,0.3,"2018-05-15T15:14Z","HARV.2018.20","HARV_004.20180515","D00000006866","drag and flag",160,"Y",3,0,0,"No known compromise","NEON.DOC.014045vJ","9rtYv6x/bdfO4wEJK3R6BxlDDClSKivng1Q1vdwmSg4=",
"e17e4a2e-be82-4552-b8e7-8a381b2ab2d5","HARV_002.tickPlot.tck","D01","HARV","HARV_002","distributed","deciduousForest",42.477246,-72.259443,"WGS84",20.2,183.2,0.3,"2018-05-16T19:26Z","HARV.2018.20","HARV_002.20180516","D00000006859","drag and flag",160,"Y",3,0,0,"No known compromise","NEON.DOC.014045vJ","9rtYv6x/bdfO4wEJK3R6BxlDDClSKivng1Q1vdwmSg4=",
