uid,namedLocation,domainID,siteID,plotID,plotType,nlcdClass,decimalLatitude,decimalLongitude,geodeticDatum,coordinateUncertainty,elevation,elevationUncertainty,collectDate,eventID,sampleID,sampleCode,samplingMethod,totalSampledArea,targetTaxaPresent,adultCount,nymphCount,larvaCount,sampleCondition,samplingProtocolVersion,measuredBy,remarks
"a3380997-a7c4-4639-8faf-2d9b0c0a372e","UNDE_011.tickPlot.tck","D05","UNDE","UNDE_011","distributed","woodyWetlands",46.213935,-89.505950,"WGS84",20.3,507.7,0.4,"2015-10-22T15:15Z","UNDE.2015.43",,,"drag and flag",125,"N",0,0,0,"No known compromise","NEON.DOC.014045vG","XZoPj1u9UmznO7Lakic/e+h3MMLMvbQt",
"f64236c7-bee2-4f22-a54c-07a1476dac6e","UNDE_017.tickPlot.tck","D05","UNDE","UNDE_017","distributed","mixedForest",46.236736,-89.497054,"WGS84",20.1,518.8,0.2,"2015-10-22T16:10Z","UNDE.2015.43",,,"drag and flag",160,"N",0,0,0,"No known compromise","NEON.DOC.014045vG","lLQBQVfayhr3D1tZaVTYCAmpRMui4lXg/r98CgvafXs=",
"d4c50b0f-ca05-494e-8774-c9bf27035430","UNDE_999.tickPlot.tck","D05","UNDE","UNDE_999","distributed","woodyWetlands",46.256243,-89.534200,"WGS84",20.2,507.1,0.3,"2015-10-22T17:50Z","UNDE.2015.43",,,"drag and flag",154,"N",0,0,0,"No known compromise","NEON.DOC.014045vG","XZoPj1u9UmznO7Lakic/e+h3MMLMvbQt",
"81497c68-f244-44ef-ad47-1f47628fd840","UNDE_019.tickPlot.tck","D05","UNDE","UNDE_019","distributed","deciduousForest",46.257425,-89.542054,"WGS84",20.2,519.0,0.2,"2015-10-22T18:45Z","UNDE.2015.43",,,"drag and flag",160,"N",0,0,0,"No known compromise","NEON.DOC.014045vG","lLQBQVfayhr3D1tZaVTYCAmpRMui4lXg/r98CgvafXs=",
"fe0b18da-ba0c-4e4f-9ffe-c5c9debcf00c","UNDE_013.tickPlot.tck","D05","UNDE","UNDE_013","distributed","deciduousForest",46.227776,-89.535166,"WGS84",20.2,510.3,0.3,"2015-10-22T20:25Z","UNDE.2015.43",,,"drag and flag",158,"N",0,0,0,"No known compromise","NEON.DOC.014045vG","XZoPj1u9UmznO7Lakic/e+h3MMLMvbQt",
