uid,namedLocation,domainID,siteID,plotID,plotType,nlcdClass,decimalLatitude,decimalLongitude,geodeticDatum,coordinateUncertainty,elevation,elevationUncertainty,collectDate,eventID,sampleID,sampleCode,samplingMethod,totalSampledArea,targetTaxaPresent,adultCount,nymphCount,larvaCount,sampleCondition,samplingProtocolVersion,measuredBy,remarks
"779a2de3-ac6b-417a-a32b-ec2d368eff57","OAES_008.tickPlot.tck","D11","OAES","OAES_008","distributed","grasslandHerbaceous",35.394019,-99.063159,"WGS84",20.1,492.6,0.1,"2016-03-16T15:35Z","OAES.2016.11",,,"drag and flag",154,"N",0,0,0,"No known compromise","NEON.DOC.014045vG","C9GzU2YIgNp6Vw0n+VOm12lcWzn+J9JF",
"c8935385-f50d-4ed4-b79e-37934d85b6c9","OAES_007.tickPlot.tck","D11","OAES","OAES_007","distributed","shrubScrub",35.421328,-99.057210,"WGS84",20.1,521.6,0.1,"2016-03-16T17:00Z","OAES.2016.11",,,"drag and flag",155,"N",0,0,0,"No known compromise","NEON.DOC.014045vG","CVnMNfVieiNXnLLoZrkRa2vFnn6ZyEMX","NE corner gone; delineate during each bout in future."
"5aba2282-ce00-404e-83f0-862132714856","OAES_003.tickPlot.tck","D11","OAES","OAES_003","distributed","grasslandHerbaceous",35.412134,-99.068027,"WGS84",20.2,512.2,0.2,"2016-03-16T17:40Z","OAES.2016.11",,,"drag",155,"N",0,0,0,"No known compromise","NEON.DOC.014045vG","61P3feUMrdpPnGb+66Hkcpy1eAGz/VeF",
"2adcf635-e80d-4686-9643-f2ea52d67251","OAES_021.tickPlot.tck","D11","OAES","OAES_021","distributed","shrubScrub",35.413211,-99.074301,"WGS84",20.1,501.7,0.1,"2016-03-16T18:38Z","OAES.2016.11",,,"drag",100,"N",0,0,0,"No known compromise","NEON.DOC.014045vG","xarm/BbzAyPR5GL2hx2Dikr8UxDjpteZ",
"5ad082d3-6e76-4407-a3d5-8be2b6424460","OAES_004.tickPlot.tck","D11","OAES","OAES_004","distributed","grasslandHerbaceous",35.411159,-99.084234,"WGS84",20.1,507.6,0.1,"2016-03-16T19:32Z","OAES.2016.11","OAES_004.20160316",,"drag",160,"Y",2,0,0,"No known compromise","NEON.DOC.014045vG","C9GzU2YIgNp6Vw0n+VOm12lcWzn+J9JF","Stored in 95% Ethanol; shipped in RNA stabilization buffer"
"04c263e9-557e-4e10-a981-501bd03b82ca","OAES_005.tickPlot.tck","D11","OAES","OAES_005","distributed","grasslandHerbaceous",35.402926,-99.080346,"WGS84",20.1,509.4,0.1,"2016-03-16T20:28Z","OAES.2016.11",,,"drag",160,"N",0,0,0,"No known compromise","NEON.DOC.014045vG","61P3feUMrdpPnGb+66Hkcpy1eAGz/VeF",
