uid,namedLocation,date,domainID,siteID,plotID,plotType,nlcdClass,decimalLatitude,decimalLongitude,geodeticDatum,coordinateUncertainty,easting,northing,utmZone,elevation,elevationUncertainty,eventID,samplingProtocolVersion,treesPresent,treesAbsentList,shrubsPresent,shrubsAbsentList,lianasPresent,lianasAbsentList,nestedSubplotAreaShrubSapling,nestedSubplotAreaLiana,totalSampledAreaTrees,totalSampledAreaShrubSapling,totalSampledAreaLiana,remarks,measuredBy,recordedBy,dataQF
"29e7e3f4-9ad8-49b5-8d34-59ba9381205d","JORN_045.basePlot.vst","2015-05-05","D14","JORN","JORN_045","tower","shrubScrub",32.592144,-106.843340,"WGS84",20.1,327002.34,3607572.79,"13N",1321.9,0.1,"vst_JORN_2015","NEON.DOC.000987vD",,,,,,,"noneSelected","noneSelected",400,400,400,,"CxWlXtj1NvtNxLbcJnjAP5Zu1Ug04Eq8","GRD/pi2+u3LHUSfXNpeRAdGu3wvED84H","legacyData"
"3df01fa0-062e-4a1c-a1ae-ce2546358286","JORN_047.basePlot.vst","2015-05-05","D14","JORN","JORN_047","tower","shrubScrub",32.591348,-106.843322,"WGS84",20.1,327002.50,3607484.50,"13N",1322.6,0.2,"vst_JORN_2015","NEON.DOC.000987vD",,,,,,,"noneSelected","noneSelected",400,400,400,,"bJI9oX5aCRvNTjBdLWWO/JGiL7uEPDaz","CxWlXtj1NvtNxLbcJnjAP5Zu1Ug04Eq8","legacyData"
"e4b6e043-d11e-4242-86c2-d5027c47861e","JORN_044.basePlot.vst","2015-05-05","D14","JORN","JORN_044","tower","shrubScrub",32.589481,-106.841383,"WGS84",20.1,327180.92,3607274.34,"13N",1323.2,0.2,"vst_JORN_2015","NEON.DOC.000987vD",,,,,,,"noneSelected","noneSelected",400,400,400,,"GRD/pi2+u3LHUSfXNpeRAdGu3wvED84H","CxWlXtj1NvtNxLbcJnjAP5Zu1Ug04Eq8","legacyData"
"add0379c-d737-4bc6-99f9-4c7fef86d486","JORN_044.basePlot.vst","2015-05-05","D14","JORN","JORN_044","tower","shrubScrub",32.589481,-106.841383,"WGS84",20.1,327180.92,3607274.34,"13N",1323.2,0.2,"vst_JORN_2015","NEON.DOC.000987vD",,,,,,,"noneSelected","noneSelected",400,400,400,,"GRD/pi2+u3LHUSfXNpeRAdGu3wvED84H","CxWlXtj1NvtNxLbcJnjAP5Zu1Ug04Eq8","legacyData"
"ef948194-495e-4ef4-8845-02b5b7adddd3","JORN_045.basePlot.vst","2015-05-05","D14","JORN","JORN_045","tower","shrubScrub",32.592144,-106.843340,"WGS84",20.1,327002.34,3607572.79,"13N",1321.9,0.1,"vst_JORN_2015","NEON.DOC.000987vD",,,,,,,"noneSelected","noneSelected",400,400,400,,"CxWlXtj1NvtNxLbcJnjAP5Zu1Ug04Eq8","GRD/pi2+u3LHUSfXNpeRAdGu3wvED84H","legacyData"
"7323086f-e891-4e66-aaa2-82db373ca008","JORN_047.basePlot.vst","2015-05-05","D14","JORN","JORN_047","tower","shrubScrub",32.591348,-106.843322,"WGS84",20.1,327002.50,3607484.50,"13N",1322.6,0.2,"vst_JORN_2015","NEON.DOC.000987vD",,,,,,,"noneSelected","noneSelected",400,400,400,,"bJI9oX5aCRvNTjBdLWWO/JGiL7uEPDaz","CxWlXtj1NvtNxLbcJnjAP5Zu1Ug04Eq8","legacyData"
"7d8fe126-2afc-469a-81d1-b7fd1c2d44e4","JORN_042.basePlot.vst","2015-05-07","D14","JORN","JORN_042","tower","shrubScrub",32.590028,-106.840435,"WGS84",20.1,327270.95,3607333.45,"13N",1320.0,0.1,"vst_JORN_2015","NEON.DOC.000987vD",,,,,,,"1","noneSelected",400,8,400,,"cyBtucnFNGpJI8jm2+Rz1Zm1rXj26jk9","bJI9oX5aCRvNTjBdLWWO/JGiL7uEPDaz","legacyData"
"f73dc5f0-6ac8-457c-bdeb-14e0fa0d3f86","JORN_042.basePlot.vst","2015-05-07","D14","JORN","JORN_042","tower","shrubScrub",32.590028,-106.840435,"WGS84",20.1,327270.95,3607333.45,"13N",1320.0,0.1,"vst_JORN_2015","NEON.DOC.000987vD",,,,,,,"1","noneSelected",400,8,400,,"cyBtucnFNGpJI8jm2+Rz1Zm1rXj26jk9","bJI9oX5aCRvNTjBdLWWO/JGiL7uEPDaz","legacyData"
