uid,namedLocation,domainID,siteID,plotID,plotType,nlcdClass,decimalLatitude,decimalLongitude,geodeticDatum,coordinateUncertainty,elevation,elevationUncertainty,collectDate,eventID,sampleID,sampleCode,samplingMethod,totalSampledArea,targetTaxaPresent,adultCount,nymphCount,larvaCount,sampleCondition,samplingProtocolVersion,measuredBy,remarks
"5177b395-05c8-4db8-ba43-2896183718a1","TALL_008.tickPlot.tck","D08","TALL","TALL_008","distributed","deciduousForest",32.922874,-87.434097,"WGS84",20.2,127.5,0.2,"2014-10-01T13:25Z","TALL.2014.39",,,"drag",160,"N",0,0,0,,"NEON.DOC.014045vD","4RA5KUKm8MAqlRb0ERCILw==",
"107d1d1e-6e3a-44fe-9a89-943b81384e15","TALL_002.tickPlot.tck","D08","TALL","TALL_002","distributed","mixedForest",32.920823,-87.428955,"WGS84",20.3,104.0,0.4,"2014-10-01T14:20Z","TALL.2014.39","TALL_002.20141001",,"drag",165,"Y",0,7,145,"No known compromise","NEON.DOC.014045vD","4RA5KUKm8MAqlRb0ERCILw==",
"cf35a42a-060d-4b61-89c4-4a9ebc10d905","TALL_006.tickPlot.tck","D08","TALL","TALL_006","distributed","evergreenForest",32.899144,-87.444571,"WGS84",20.3,108.6,0.3,"2014-10-01T16:06Z","TALL.2014.39","TALL_006.20141001",,"drag",160,"Y",0,1,9,"No known compromise","NEON.DOC.014045vD","4RA5KUKm8MAqlRb0ERCILw==",
"9c4a82c4-6ac2-48ae-ad15-ca83a43e6142","TALL_016.tickPlot.tck","D08","TALL","TALL_016","distributed","evergreenForest",32.971553,-87.415845,"WGS84",20.1,138.9,0.1,"2014-10-01T17:20Z","TALL.2014.39",,,"drag",160,"N",0,0,0,,"NEON.DOC.014045vD","4RA5KUKm8MAqlRb0ERCILw==",
"0fb9854a-d298-4a83-8e00-496a4f4e274d","TALL_001.tickPlot.tck","D08","TALL","TALL_001","distributed","deciduousForest",32.976370,-87.432184,"WGS84",20.2,114.6,0.1,"2014-10-01T18:21Z","TALL.2014.39","TALL_001.20141001",,"drag",160,"Y",0,3,0,"No known compromise","NEON.DOC.014045vD","4RA5KUKm8MAqlRb0ERCILw==",
