uid,namedLocation,date,eventID,domainID,siteID,plotID,subplotID,nestedSubplotID,pointID,stemDistance,stemAzimuth,recordType,individualID,supportingStemIndividualID,previouslyTaggedAs,samplingProtocolVersion,taxonID,scientificName,taxonRank,identificationReferences,morphospeciesID,morphospeciesIDRemarks,identificationQualifier,remarks,measuredBy,recordedBy,dataQF
"0627126a-6bea-4b67-a1f7-401930fd0fad","CPER_013.basePlot.vst","2014-09-10","vst_CPER_2014","D10","CPER","CPER_013","31",,"31",4.0,74.0,,"NEON.PLA.D10.CPER.00008",,,"NEON.DOC.000987vE","ATCA2","Atriplex canescens (Pursh) Nutt.","species",,,,,,"P+EeY8owwbjzXaiaPoIJpc6mcpR6iWBh","P+EeY8owwbjzXaiaPoIJpc6mcpR6iWBh",
"60dbfc5a-ad84-48d7-9d64-9b99f613ac90","CPER_013.basePlot.vst","2014-09-10","vst_CPER_2014","D10","CPER","CPER_013","32",,"33",2.8,284.0,,"NEON.PLA.D10.CPER.00025",,,"NEON.DOC.000987vE","ATCA2","Atriplex canescens (Pursh) Nutt.","species",,,,,,"P+EeY8owwbjzXaiaPoIJpc6mcpR6iWBh","P+EeY8owwbjzXaiaPoIJpc6mcpR6iWBh",
"b86da64e-1733-4680-8357-a3ea56e58d00","CPER_013.basePlot.vst","2014-09-10","vst_CPER_2014","D10","CPER","CPER_013","40",,"41",3.3,272.0,,"NEON.PLA.D10.CPER.00064",,,"NEON.DOC.000987vE","ATCA2","Atriplex canescens (Pursh) Nutt.","species",,,,,,"P+EeY8owwbjzXaiaPoIJpc6mcpR6iWBh","P+EeY8owwbjzXaiaPoIJpc6mcpR6iWBh",
"0b745afb-88f9-4281-baaa-0e17c32f69ce","CPER_013.basePlot.vst","2014-09-10","vst_CPER_2014","D10","CPER","CPER_013","40",,"41",12.8,322.0,,"NEON.PLA.D10.CPER.00058",,,"NEON.DOC.000987vE","ATCA2","Atriplex canescens (Pursh) Nutt.","species",,,,,,"P+EeY8owwbjzXaiaPoIJpc6mcpR6iWBh","P+EeY8owwbjzXaiaPoIJpc6mcpR6iWBh",
"adcbb1af-3158-4300-94a9-dc8967289eb7","CPER_013.basePlot.vst","2014-09-10","vst_CPER_2014","D10","CPER","CPER_013","40",,"41",8.1,274.0,,"NEON.PLA.D10.CPER.00070",,,"NEON.DOC.000987vE","ATCA2","Atriplex canescens (Pursh) Nutt.","species",,,,,,"P+EeY8owwbjzXaiaPoIJpc6mcpR6iWBh","P+EeY8owwbjzXaiaPoIJpc6mcpR6iWBh",
"62f7ea0b-bf4c-4971-b24e-f52874ef023e","CPER_013.basePlot.vst","2014-09-10","vst_CPER_2014","D10","CPER","CPER_013","31",,"31",3.1,35.5,,"NEON.PLA.D10.CPER.00004",,,"NEON.DOC.000987vE","ATCA2","Atriplex canescens (Pursh) Nutt.","species",,,,,,"P+EeY8owwbjzXaiaPoIJpc6mcpR6iWBh","P+EeY8owwbjzXaiaPoIJpc6mcpR6iWBh",
"e072bcd6-c5d0-462c-b21b-a633c4aabeb6","CPER_013.basePlot.vst","2014-09-10","vst_CPER_2014","D10","CPER","CPER_013","31",,"31",10.5,38.0,,"NEON.PLA.D10.CPER.00016",,,"NEON.DOC.000987vE","ATCA2","Atriplex canescens (Pursh) Nutt.","species",,,,,,"P+EeY8owwbjzXaiaPoIJpc6mcpR6iWBh","P+EeY8owwbjzXaiaPoIJpc6mcpR6iWBh",
"89a0e3a0-82f8-48be-bdcb-a62f726a64f0","CPER_013.basePlot.vst","2014-09-10","vst_CPER_2014","D10","CPER","CPER_013","31",,"31",5.6,64.5,,"NEON.PLA.D10.CPER.00012",,,"NEON.DOC.000987vE","ATCA2","Atriplex canescens (Pursh) Nutt.","species",,,,,,"P+EeY8owwbjzXaiaPoIJpc6mcpR6iWBh","P+EeY8owwbjzXaiaPoIJpc6mcpR6iWBh",
"91a5c8b1-b65f-4c96-bb36-bce2f11ec1ca","CPER_013.basePlot.vst","2014-09-10","vst_CPER_2014","D10","CPER","CPER_013","41",,"41",1.3,76.0,,"NEON.PLA.D10.CPER.00072",,,"NEON.DOC.000987vE","ATCA2","Atriplex canescens (Pursh) Nutt.","species",,,,,,"P+EeY8owwbjzXaiaPoIJpc6mcpR6iWBh","P+EeY8owwbjzXaiaPoIJpc6mcpR6iWBh",
"1f1fd411-a5c1-444e-8f70-c65461690ef1","CPER_013.basePlot.vst","2014-09-10","vst_CPER_2014","D10","CPER","CPER_013","31",,"31",7.1,69.0,,"NEON.PLA.D10.CPER.00013",,,"NEON.DOC.000987vE","ATCA2","Atriplex canescens (Pursh) Nutt.","species",,,,,,"P+EeY8owwbjzXaiaPoIJpc6mcpR6iWBh","P+EeY8owwbjzXaiaPoIJpc6mcpR6iWBh",
"7e872d4b-da13-4b54-944d-0f6e2cd6a63e","CPER_013.basePlot.vst","2014-09-10","vst_CPER_2014","D10","CPER","CPER_013","31",,"31",4.2,73.0,,"NEON.PLA.D10.CPER.00010",,,"NEON.DOC.000987vE","ATCA2","Atriplex canescens (Pursh) Nutt.","species",,,,,,"P+EeY8owwbjzXaiaPoIJpc6mcpR6iWBh","P+EeY8owwbjzXaiaPoIJpc6mcpR6iWBh",
"3eae97e0-1499-40dc-826c-3dc1da7cb4ac","CPER_013.basePlot.vst","2014-09-10","vst_CPER_2014","D10","CPER","CPER_013","31",,"31",5.5,80.0,,"NEON.PLA.D10.CPER.00011",,,"NEON.DOC.000987vE","ATCA2","Atriplex canescens (Pursh) Nutt.","species",,,,,,"P+EeY8owwbjzXaiaPoIJpc6mcpR6iWBh","P+EeY8owwbjzXaiaPoIJpc6mcpR6iWBh",
"9d5bb6d9-fb60-4604-8d99-268ff3991d3b","CPER_013.basePlot.vst","2014-09-10","vst_CPER_2014","D10","CPER","CPER_013","41",,"41",8.7,81.0,,"NEON.PLA.D10.CPER.00074",,,"NEON.DOC.000987vE","ATCA2","Atriplex canescens (Pursh) Nutt.","species",,,,,,"P+EeY8owwbjzXaiaPoIJpc6mcpR6iWBh","P+EeY8owwbjzXaiaPoIJpc6mcpR6iWBh",
"784dd58a-2d24-4669-8846-e8e1c7397f89","CPER_013.basePlot.vst","2014-09-10","vst_CPER_2014","D10","CPER","CPER_013","31",,"31",5.2,24.0,,"NEON.PLA.D10.CPER.00006",,,"NEON.DOC.000987vE","ATCA2","Atriplex canescens (Pursh) Nutt.","species",,,,,,"P+EeY8owwbjzXaiaPoIJpc6mcpR6iWBh","P+EeY8owwbjzXaiaPoIJpc6mcpR6iWBh",
"f964a356-0cbf-4671-b9b8-2f51b7c17883","CPER_013.basePlot.vst","2014-09-10","vst_CPER_2014","D10","CPER","CPER_013","41",,"41",2.5,76.0,,"NEON.PLA.D10.CPER.00073",,,"NEON.DOC.000987vE","ATCA2","Atriplex canescens (Pursh) Nutt.","species",,,,,,"P+EeY8owwbjzXaiaPoIJpc6mcpR6iWBh","P+EeY8owwbjzXaiaPoIJpc6mcpR6iWBh",
"6ba42a2c-57b7-45e3-bbfd-a03dec72c182","CPER_013.basePlot.vst","2014-09-10","vst_CPER_2014","D10","CPER","CPER_013","40",,"41",6.9,236.0,,"NEON.PLA.D10.CPER.00061",,,"NEON.DOC.000987vE","ATCA2","Atriplex canescens (Pursh) Nutt.","species",,,,,,"P+EeY8owwbjzXaiaPoIJpc6mcpR6iWBh","P+EeY8owwbjzXaiaPoIJpc6mcpR6iWBh",
"46f0e327-8a05-4d8a-a04f-8b32074a31bb","CPER_013.basePlot.vst","2014-09-10","vst_CPER_2014","D10","CPER","CPER_013","40",,"41",8.9,288.0,,"NEON.PLA.D10.CPER.00071",,,"NEON.DOC.000987vE","ATCA2","Atriplex canescens (Pursh) Nutt.","species",,,,,,"P+EeY8owwbjzXaiaPoIJpc6mcpR6iWBh","P+EeY8owwbjzXaiaPoIJpc6mcpR6iWBh",
"eace8d0e-4fc4-4f2f-8ba9-df4a18399dca","CPER_013.basePlot.vst","2014-09-10","vst_CPER_2014","D10","CPER","CPER_013","41",,"41",2.4,21.0,,"NEON.PLA.D10.CPER.00078",,,"NEON.DOC.000987vE","ATCA2","Atriplex canescens (Pursh) Nutt.","species",,,,,,"P+EeY8owwbjzXaiaPoIJpc6mcpR6iWBh","P+EeY8owwbjzXaiaPoIJpc6mcpR6iWBh",
"7d401013-63bb-4534-b169-2c0232807aa5","CPER_013.basePlot.vst","2014-09-10","vst_CPER_2014","D10","CPER","CPER_013","31",,"31",9.4,24.0,,"NEON.PLA.D10.CPER.00020",,,"NEON.DOC.000987vE","ATCA2","Atriplex canescens (Pursh) Nutt.","species",,,,,,"P+EeY8owwbjzXaiaPoIJpc6mcpR6iWBh","P+EeY8owwbjzXaiaPoIJpc6mcpR6iWBh",
"189a7368-276d-4e38-9464-529467894687","CPER_013.basePlot.vst","2014-09-10","vst_CPER_2014","D10","CPER","CPER_013","31",,"31",12.5,37.5,,"NEON.PLA.D10.CPER.00017",,,"NEON.DOC.000987vE","ATCA2","Atriplex canescens (Pursh) Nutt.","species",,,,,,"P+EeY8owwbjzXaiaPoIJpc6mcpR6iWBh","P+EeY8owwbjzXaiaPoIJpc6mcpR6iWBh",
"ddfe36ee-303a-4463-922f-dbfd633d14ba","CPER_013.basePlot.vst","2014-09-10","vst_CPER_2014","D10","CPER","CPER_013","31",,"31",12.0,28.5,,"NEON.PLA.D10.CPER.00018",,,"NEON.DOC.000987vE","ATCA2","Atriplex canescens (Pursh) Nutt.","species",,,,,,"P+EeY8owwbjzXaiaPoIJpc6mcpR6iWBh","P+EeY8owwbjzXaiaPoIJpc6mcpR6iWBh",
"057b1155-a955-44b5-84bf-b1c72d1541ce","CPER_013.basePlot.vst","2014-09-10","vst_CPER_2014","D10","CPER","CPER_013","31",,"31",8.1,22.0,,"NEON.PLA.D10.CPER.00019",,,"NEON.DOC.000987vE","ATCA2","Atriplex canescens (Pursh) Nutt.","species",,,,,,"P+EeY8owwbjzXaiaPoIJpc6mcpR6iWBh","P+EeY8owwbjzXaiaPoIJpc6mcpR6iWBh",
"1143b0b8-e7e3-468e-81d5-e3ca2852e6df","CPER_013.basePlot.vst","2014-09-10","vst_CPER_2014","D10","CPER","CPER_013","31",,"31",4.1,80.5,,"NEON.PLA.D10.CPER.00009",,,"NEON.DOC.000987vE","ATCA2","Atriplex canescens (Pursh) Nutt.","species",,,,,,"P+EeY8owwbjzXaiaPoIJpc6mcpR6iWBh","P+EeY8owwbjzXaiaPoIJpc6mcpR6iWBh",
"27816a06-1f5a-412a-b22b-87b2c2ed4d1e","CPER_013.basePlot.vst","2014-09-10","vst_CPER_2014","D10","CPER","CPER_013","31",,"31",7.9,2.0,,"NEON.PLA.D10.CPER.00021",,,"NEON.DOC.000987vE","ATCA2","Atriplex canescens (Pursh) Nutt.","species",,,,,,"P+EeY8owwbjzXaiaPoIJpc6mcpR6iWBh","P+EeY8owwbjzXaiaPoIJpc6mcpR6iWBh",
"46f83785-262e-45c5-affb-71bd2267c86e","CPER_013.basePlot.vst","2014-09-10","vst_CPER_2014","D10","CPER","CPER_013","40",,"41",10.3,292.0,,"NEON.PLA.D10.CPER.00069",,,"NEON.DOC.000987vE","ATCA2","Atriplex canescens (Pursh) Nutt.","species",,,,,,"P+EeY8owwbjzXaiaPoIJpc6mcpR6iWBh","P+EeY8owwbjzXaiaPoIJpc6mcpR6iWBh",
"7111614a-aa2c-4629-9f07-8b6f7d8bf9ff","CPER_013.basePlot.vst","2014-09-10","vst_CPER_2014","D10","CPER","CPER_013","40",,"41",7.8,297.0,,"NEON.PLA.D10.CPER.00068",,,"NEON.DOC.000987vE","ATCA2","Atriplex canescens (Pursh) Nutt.","species",,,,,,"P+EeY8owwbjzXaiaPoIJpc6mcpR6iWBh","P+EeY8owwbjzXaiaPoIJpc6mcpR6iWBh",
"b5a05c73-7150-46f7-a5da-70c9cd1b840e","CPER_013.basePlot.vst","2014-09-10","vst_CPER_2014","D10","CPER","CPER_013","41",,"41",9.8,35.0,,"NEON.PLA.D10.CPER.00075",,,"NEON.DOC.000987vE","ATCA2","Atriplex canescens (Pursh) Nutt.","species",,,,,,"P+EeY8owwbjzXaiaPoIJpc6mcpR6iWBh","P+EeY8owwbjzXaiaPoIJpc6mcpR6iWBh",
"849a1c11-0273-4fa6-a4cd-7b1ef289d242","CPER_013.basePlot.vst","2014-09-10","vst_CPER_2014","D10","CPER","CPER_013","31",,"31",2.5,43.0,,"NEON.PLA.D10.CPER.00003",,,"NEON.DOC.000987vE","ATCA2","Atriplex canescens (Pursh) Nutt.","species",,,,,,"P+EeY8owwbjzXaiaPoIJpc6mcpR6iWBh","P+EeY8owwbjzXaiaPoIJpc6mcpR6iWBh",
"6e9df14c-ee12-4a2e-ae1a-5db9780508fd","CPER_013.basePlot.vst","2014-09-10","vst_CPER_2014","D10","CPER","CPER_013","31",,"31",8.1,6.0,,"NEON.PLA.D10.CPER.00022",,,"NEON.DOC.000987vE","ATCA2","Atriplex canescens (Pursh) Nutt.","species",,,,,,"P+EeY8owwbjzXaiaPoIJpc6mcpR6iWBh","P+EeY8owwbjzXaiaPoIJpc6mcpR6iWBh",
"9cc0ead2-4c2e-4ac3-8dbf-77ea27076b2c","CPER_013.basePlot.vst","2014-09-10","vst_CPER_2014","D10","CPER","CPER_013","40",,"41",9.0,331.0,,"NEON.PLA.D10.CPER.00063",,,"NEON.DOC.000987vE","ATCA2","Atriplex canescens (Pursh) Nutt.","species",,,,,,"P+EeY8owwbjzXaiaPoIJpc6mcpR6iWBh","P+EeY8owwbjzXaiaPoIJpc6mcpR6iWBh",
"7224e995-ffbc-4503-a0bd-56ffeaa995c4","CPER_013.basePlot.vst","2014-09-10","vst_CPER_2014","D10","CPER","CPER_013","40",,"41",3.0,344.0,,"NEON.PLA.D10.CPER.00062",,,"NEON.DOC.000987vE","ATCA2","Atriplex canescens (Pursh) Nutt.","species",,,,,,"P+EeY8owwbjzXaiaPoIJpc6mcpR6iWBh","P+EeY8owwbjzXaiaPoIJpc6mcpR6iWBh",
"133d1a8b-6cde-4920-9f03-73510064ac27","CPER_013.basePlot.vst","2014-09-10","vst_CPER_2014","D10","CPER","CPER_013","31",,"31",9.0,68.0,,"NEON.PLA.D10.CPER.00014",,,"NEON.DOC.000987vE","ATCA2","Atriplex canescens (Pursh) Nutt.","species",,,,,,"P+EeY8owwbjzXaiaPoIJpc6mcpR6iWBh","P+EeY8owwbjzXaiaPoIJpc6mcpR6iWBh",
"d4f2c644-e038-4738-833c-0218bfaaab16","CPER_013.basePlot.vst","2014-09-10","vst_CPER_2014","D10","CPER","CPER_013","31",,"31",7.4,48.0,,"NEON.PLA.D10.CPER.00015",,,"NEON.DOC.000987vE","ATCA2","Atriplex canescens (Pursh) Nutt.","species",,,,,,"P+EeY8owwbjzXaiaPoIJpc6mcpR6iWBh","P+EeY8owwbjzXaiaPoIJpc6mcpR6iWBh",
"cb1b2de7-6348-45aa-a37d-a5f3c4acf566","CPER_013.basePlot.vst","2014-09-10","vst_CPER_2014","D10","CPER","CPER_013","40",,"41",9.7,298.0,,"NEON.PLA.D10.CPER.00067",,,"NEON.DOC.000987vE","ATCA2","Atriplex canescens (Pursh) Nutt.","species",,,,,,"P+EeY8owwbjzXaiaPoIJpc6mcpR6iWBh","P+EeY8owwbjzXaiaPoIJpc6mcpR6iWBh",
"f6ec7c0b-6985-4fcf-bee9-59603e0c6ae6","CPER_013.basePlot.vst","2014-09-10","vst_CPER_2014","D10","CPER","CPER_013","31",,"31",2.2,39.0,,"NEON.PLA.D10.CPER.00002",,,"NEON.DOC.000987vE","ATCA2","Atriplex canescens (Pursh) Nutt.","species",,,,,,"P+EeY8owwbjzXaiaPoIJpc6mcpR6iWBh","P+EeY8owwbjzXaiaPoIJpc6mcpR6iWBh",
"bdd4f353-9955-4074-9933-6abbc0645f10","CPER_013.basePlot.vst","2014-09-10","vst_CPER_2014","D10","CPER","CPER_013","41",,"41",3.3,10.0,,"NEON.PLA.D10.CPER.00077",,,"NEON.DOC.000987vE","ATCA2","Atriplex canescens (Pursh) Nutt.","species",,,,,,"P+EeY8owwbjzXaiaPoIJpc6mcpR6iWBh","P+EeY8owwbjzXaiaPoIJpc6mcpR6iWBh",
"eeb9a2c0-dfab-4fb4-9059-67032a6cedd6","CPER_013.basePlot.vst","2014-09-10","vst_CPER_2014","D10","CPER","CPER_013","40",,"41",10.4,319.0,,"NEON.PLA.D10.CPER.00059",,,"NEON.DOC.000987vE","ATCA2","Atriplex canescens (Pursh) Nutt.","species",,,,,,"P+EeY8owwbjzXaiaPoIJpc6mcpR6iWBh","P+EeY8owwbjzXaiaPoIJpc6mcpR6iWBh",
"8ae6db5e-eb0e-4a73-8a0d-49dd8359271f","CPER_013.basePlot.vst","2014-09-10","vst_CPER_2014","D10","CPER","CPER_013","40",,"41",6.0,353.0,,"NEON.PLA.D10.CPER.00065",,,"NEON.DOC.000987vE","ATCA2","Atriplex canescens (Pursh) Nutt.","species",,,,,,"P+EeY8owwbjzXaiaPoIJpc6mcpR6iWBh","P+EeY8owwbjzXaiaPoIJpc6mcpR6iWBh",
"39e5af98-3408-4c80-af4c-3b2e3ebc7074","CPER_013.basePlot.vst","2014-09-10","vst_CPER_2014","D10","CPER","CPER_013","31",,"31",5.1,42.0,,"NEON.PLA.D10.CPER.00007",,,"NEON.DOC.000987vE","ATCA2","Atriplex canescens (Pursh) Nutt.","species",,,,,,"P+EeY8owwbjzXaiaPoIJpc6mcpR6iWBh","P+EeY8owwbjzXaiaPoIJpc6mcpR6iWBh",
"0c88876c-a187-4c55-ad5f-498bac25c1d0","CPER_013.basePlot.vst","2014-09-10","vst_CPER_2014","D10","CPER","CPER_013","31",,"31",9.3,0.5,,"NEON.PLA.D10.CPER.00023",,,"NEON.DOC.000987vE","ATCA2","Atriplex canescens (Pursh) Nutt.","species",,,,,,"P+EeY8owwbjzXaiaPoIJpc6mcpR6iWBh","P+EeY8owwbjzXaiaPoIJpc6mcpR6iWBh",
"47fd11f1-e3d9-40e5-8147-d1f2fbe2cd43","CPER_013.basePlot.vst","2014-09-10","vst_CPER_2014","D10","CPER","CPER_013","40",,"41",3.8,284.0,,"NEON.PLA.D10.CPER.00060",,,"NEON.DOC.000987vE","ATCA2","Atriplex canescens (Pursh) Nutt.","species",,,,,,"P+EeY8owwbjzXaiaPoIJpc6mcpR6iWBh","P+EeY8owwbjzXaiaPoIJpc6mcpR6iWBh",
"9e037df6-f66c-48a9-bb97-f90de04c7a76","CPER_013.basePlot.vst","2014-09-10","vst_CPER_2014","D10","CPER","CPER_013","40",,"41",11.1,309.0,,"NEON.PLA.D10.CPER.00066",,,"NEON.DOC.000987vE","ATCA2","Atriplex canescens (Pursh) Nutt.","species",,,,,,"P+EeY8owwbjzXaiaPoIJpc6mcpR6iWBh","P+EeY8owwbjzXaiaPoIJpc6mcpR6iWBh",
"0ec20b97-d998-41b5-bcfc-660b71a16ebd","CPER_013.basePlot.vst","2014-09-10","vst_CPER_2014","D10","CPER","CPER_013",,,,,,,"NEON.PLA.D10.CPER.00001",,,"NEON.DOC.000987vE","ATCA2","Atriplex canescens (Pursh) Nutt.","species",,,,,,"P+EeY8owwbjzXaiaPoIJpc6mcpR6iWBh","P+EeY8owwbjzXaiaPoIJpc6mcpR6iWBh",
"acf4366d-8c3e-490b-a8cf-e2f5ef481f15","CPER_013.basePlot.vst","2014-09-10","vst_CPER_2014","D10","CPER","CPER_013","32",,"33",8.6,304.0,,"NEON.PLA.D10.CPER.00031",,,"NEON.DOC.000987vE","ATCA2","Atriplex canescens (Pursh) Nutt.","species",,,,,,"P+EeY8owwbjzXaiaPoIJpc6mcpR6iWBh","P+EeY8owwbjzXaiaPoIJpc6mcpR6iWBh",
"c1d5a812-cd1d-497d-bae7-a101bc40c905","CPER_013.basePlot.vst","2014-09-10","vst_CPER_2014","D10","CPER","CPER_013","32",,"33",9.7,293.5,,"NEON.PLA.D10.CPER.00029",,,"NEON.DOC.000987vE","ATCA2","Atriplex canescens (Pursh) Nutt.","species",,,,,,"P+EeY8owwbjzXaiaPoIJpc6mcpR6iWBh","P+EeY8owwbjzXaiaPoIJpc6mcpR6iWBh",
"422c8897-5611-4b3f-8ead-afa14088bb7f","CPER_013.basePlot.vst","2014-09-10","vst_CPER_2014","D10","CPER","CPER_013","32",,"33",10.1,322.0,,"NEON.PLA.D10.CPER.00035",,,"NEON.DOC.000987vE","ATCA2","Atriplex canescens (Pursh) Nutt.","species",,,,,,"P+EeY8owwbjzXaiaPoIJpc6mcpR6iWBh","P+EeY8owwbjzXaiaPoIJpc6mcpR6iWBh",
"8bdabe1f-737d-48e7-85b4-943a5ccefe1d","CPER_013.basePlot.vst","2014-09-10","vst_CPER_2014","D10","CPER","CPER_013","32",,"33",6.9,288.0,,"NEON.PLA.D10.CPER.00028",,,"NEON.DOC.000987vE","ATCA2","Atriplex canescens (Pursh) Nutt.","species",,,,,,"P+EeY8owwbjzXaiaPoIJpc6mcpR6iWBh","P+EeY8owwbjzXaiaPoIJpc6mcpR6iWBh",
"e00a86c7-116c-48b6-8cf2-810136862a3a","CPER_013.basePlot.vst","2014-09-10","vst_CPER_2014","D10","CPER","CPER_013","32",,"33",10.7,296.5,,"NEON.PLA.D10.CPER.00030",,,"NEON.DOC.000987vE","ATCA2","Atriplex canescens (Pursh) Nutt.","species",,,,,,"P+EeY8owwbjzXaiaPoIJpc6mcpR6iWBh","P+EeY8owwbjzXaiaPoIJpc6mcpR6iWBh",
"1261cc8a-51e8-45ee-9d94-d9d3c3d78bc9","CPER_013.basePlot.vst","2014-09-10","vst_CPER_2014","D10","CPER","CPER_013","32",,"33",8.2,325.0,,"NEON.PLA.D10.CPER.00034",,,"NEON.DOC.000987vE","ATCA2","Atriplex canescens (Pursh) Nutt.","species",,,,,,"P+EeY8owwbjzXaiaPoIJpc6mcpR6iWBh","P+EeY8owwbjzXaiaPoIJpc6mcpR6iWBh",
"eba6ebf6-7233-4ca7-af4c-ae4cb81f914a","CPER_013.basePlot.vst","2014-09-10","vst_CPER_2014","D10","CPER","CPER_013","32",,"33",6.2,304.0,,"NEON.PLA.D10.CPER.00032",,,"NEON.DOC.000987vE","ATCA2","Atriplex canescens (Pursh) Nutt.","species",,,,,,"P+EeY8owwbjzXaiaPoIJpc6mcpR6iWBh","P+EeY8owwbjzXaiaPoIJpc6mcpR6iWBh",
"bdc31406-7b87-487c-acfe-80e193feba94","CPER_013.basePlot.vst","2014-09-10","vst_CPER_2014","D10","CPER","CPER_013","32",,"33",5.9,327.0,,"NEON.PLA.D10.CPER.00033",,,"NEON.DOC.000987vE","ATCA2","Atriplex canescens (Pursh) Nutt.","species",,,,,,"P+EeY8owwbjzXaiaPoIJpc6mcpR6iWBh","P+EeY8owwbjzXaiaPoIJpc6mcpR6iWBh",
"f32ed03c-b8ed-4c6a-8c02-cefc60525bc3","CPER_013.basePlot.vst","2014-09-10","vst_CPER_2014","D10","CPER","CPER_013","32",,"33",4.3,286.0,,"NEON.PLA.D10.CPER.00026",,,"NEON.DOC.000987vE","ATCA2","Atriplex canescens (Pursh) Nutt.","species",,,,,,"P+EeY8owwbjzXaiaPoIJpc6mcpR6iWBh","P+EeY8owwbjzXaiaPoIJpc6mcpR6iWBh",
"2d595378-ea0b-4b7a-a1f2-cc2b3dc32ce0","CPER_013.basePlot.vst","2014-09-10","vst_CPER_2014","D10","CPER","CPER_013","32",,"33",8.8,335.0,,"NEON.PLA.D10.CPER.00036",,,"NEON.DOC.000987vE","ATCA2","Atriplex canescens (Pursh) Nutt.","species",,,,,,"P+EeY8owwbjzXaiaPoIJpc6mcpR6iWBh","P+EeY8owwbjzXaiaPoIJpc6mcpR6iWBh",
"303b8120-17b6-49c6-930a-8e989a23916d","CPER_013.basePlot.vst","2014-09-10","vst_CPER_2014","D10","CPER","CPER_013","32",,"33",4.5,287.0,,"NEON.PLA.D10.CPER.00027",,,"NEON.DOC.000987vE","ATCA2","Atriplex canescens (Pursh) Nutt.","species",,,,,,"P+EeY8owwbjzXaiaPoIJpc6mcpR6iWBh","P+EeY8owwbjzXaiaPoIJpc6mcpR6iWBh",
"7bcccf2a-fd60-4839-9d89-b278d2322c2b","CPER_013.basePlot.vst","2014-09-10","vst_CPER_2014","D10","CPER","CPER_013","32",,"33",1.3,285.0,,"NEON.PLA.D10.CPER.00024",,,"NEON.DOC.000987vE","ATCA2","Atriplex canescens (Pursh) Nutt.","species",,,,,,"P+EeY8owwbjzXaiaPoIJpc6mcpR6iWBh","P+EeY8owwbjzXaiaPoIJpc6mcpR6iWBh",
"ac42b580-5de8-4eb4-813a-d0ec4cb33645","CPER_013.basePlot.vst","2014-09-10","vst_CPER_2014","D10","CPER","CPER_013","31",,"31",3.5,19.5,,"NEON.PLA.D10.CPER.00005",,,"NEON.DOC.000987vE","ATCA2","Atriplex canescens (Pursh) Nutt.","species",,,,,,"P+EeY8owwbjzXaiaPoIJpc6mcpR6iWBh","P+EeY8owwbjzXaiaPoIJpc6mcpR6iWBh",
"0784f96e-7403-4123-b17e-5a543b9e1a0a","CPER_004.basePlot.vst","2014-09-11","vst_CPER_2014","D10","CPER","CPER_004","32",,"33",6.8,358.0,,"NEON.PLA.D10.CPER.00043",,,"NEON.DOC.000987vE","ATCA2","Atriplex canescens (Pursh) Nutt.","species",,,,,,"P+EeY8owwbjzXaiaPoIJpc6mcpR6iWBh","P+EeY8owwbjzXaiaPoIJpc6mcpR6iWBh",
"854c338e-5eb6-4a61-9165-6d84ec5447b0","CPER_004.basePlot.vst","2014-09-11","vst_CPER_2014","D10","CPER","CPER_004","41",,"41",8.9,19.0,,"NEON.PLA.D10.CPER.00052",,,"NEON.DOC.000987vE","ATCA2","Atriplex canescens (Pursh) Nutt.","species",,,,,,"P+EeY8owwbjzXaiaPoIJpc6mcpR6iWBh","P+EeY8owwbjzXaiaPoIJpc6mcpR6iWBh",
"25918cc2-d155-4555-847f-568c516b8e8d","CPER_004.basePlot.vst","2014-09-11","vst_CPER_2014","D10","CPER","CPER_004","32",,"33",7.8,315.0,,"NEON.PLA.D10.CPER.00038",,,"NEON.DOC.000987vE","ATCA2","Atriplex canescens (Pursh) Nutt.","species",,,,,,"P+EeY8owwbjzXaiaPoIJpc6mcpR6iWBh","P+EeY8owwbjzXaiaPoIJpc6mcpR6iWBh",
"c372a602-b5ea-4555-82ef-2a75a81d91f7","CPER_004.basePlot.vst","2014-09-11","vst_CPER_2014","D10","CPER","CPER_004","41",,"41",4.6,72.0,,"NEON.PLA.D10.CPER.00046",,,"NEON.DOC.000987vE","ATCA2","Atriplex canescens (Pursh) Nutt.","species",,,,,,"P+EeY8owwbjzXaiaPoIJpc6mcpR6iWBh","P+EeY8owwbjzXaiaPoIJpc6mcpR6iWBh",
"90e50996-a572-4bff-b7e2-8e2e835ff21d","CPER_004.basePlot.vst","2014-09-11","vst_CPER_2014","D10","CPER","CPER_004","41",,"41",8.7,54.0,,"NEON.PLA.D10.CPER.00047",,,"NEON.DOC.000987vE","ATCA2","Atriplex canescens (Pursh) Nutt.","species",,,,,,"P+EeY8owwbjzXaiaPoIJpc6mcpR6iWBh","P+EeY8owwbjzXaiaPoIJpc6mcpR6iWBh",
"98fbb253-7fee-49c9-8c5e-e8a7d4445aef","CPER_004.basePlot.vst","2014-09-11","vst_CPER_2014","D10","CPER","CPER_004","41",,"41",4.7,25.0,,"NEON.PLA.D10.CPER.00049",,,"NEON.DOC.000987vE","ATCA2","Atriplex canescens (Pursh) Nutt.","species",,,,,,"P+EeY8owwbjzXaiaPoIJpc6mcpR6iWBh","P+EeY8owwbjzXaiaPoIJpc6mcpR6iWBh",
"1fb7b7e1-37a9-4020-b281-a2ea6b07402e","CPER_004.basePlot.vst","2014-09-11","vst_CPER_2014","D10","CPER","CPER_004","40",,"41",7.7,332.0,,"NEON.PLA.D10.CPER.00053",,,"NEON.DOC.000987vE","ATCA2","Atriplex canescens (Pursh) Nutt.","species",,,,,,"P+EeY8owwbjzXaiaPoIJpc6mcpR6iWBh","P+EeY8owwbjzXaiaPoIJpc6mcpR6iWBh",
"ca154ab5-800b-448b-ba56-ea66fb9067b5","CPER_004.basePlot.vst","2014-09-11","vst_CPER_2014","D10","CPER","CPER_004","40",,"41",7.5,314.0,,"NEON.PLA.D10.CPER.00048",,,"NEON.DOC.000987vE","ATCA2","Atriplex canescens (Pursh) Nutt.","species",,,,,,"P+EeY8owwbjzXaiaPoIJpc6mcpR6iWBh","P+EeY8owwbjzXaiaPoIJpc6mcpR6iWBh",
"cb99c228-3e82-4666-96b0-5c7a99e818d7","CPER_004.basePlot.vst","2014-09-11","vst_CPER_2014","D10","CPER","CPER_004","40",,"41",5.5,342.0,,"NEON.PLA.D10.CPER.00057",,,"NEON.DOC.000987vE","ATCA2","Atriplex canescens (Pursh) Nutt.","species",,,,,,"P+EeY8owwbjzXaiaPoIJpc6mcpR6iWBh","P+EeY8owwbjzXaiaPoIJpc6mcpR6iWBh",
"d5c99139-005a-4a08-99c4-2f456767092d","CPER_004.basePlot.vst","2014-09-11","vst_CPER_2014","D10","CPER","CPER_004","32",,"33",9.8,340.0,,"NEON.PLA.D10.CPER.00039",,,"NEON.DOC.000987vE","ATCA2","Atriplex canescens (Pursh) Nutt.","species",,,,,,"P+EeY8owwbjzXaiaPoIJpc6mcpR6iWBh","P+EeY8owwbjzXaiaPoIJpc6mcpR6iWBh",
"ac373b17-b502-42e9-b197-ae2f0c492888","CPER_004.basePlot.vst","2014-09-11","vst_CPER_2014","D10","CPER","CPER_004","32",,"33",10.5,328.0,,"NEON.PLA.D10.CPER.00041",,,"NEON.DOC.000987vE","ATCA2","Atriplex canescens (Pursh) Nutt.","species",,,,,,"P+EeY8owwbjzXaiaPoIJpc6mcpR6iWBh","P+EeY8owwbjzXaiaPoIJpc6mcpR6iWBh",
"b3121b74-bd61-4744-8616-a2a885f5b89a","CPER_004.basePlot.vst","2014-09-11","vst_CPER_2014","D10","CPER","CPER_004","32",,"41",6.2,96.0,,"NEON.PLA.D10.CPER.00044",,,"NEON.DOC.000987vE","ATCA2","Atriplex canescens (Pursh) Nutt.","species",,,,,,"P+EeY8owwbjzXaiaPoIJpc6mcpR6iWBh","P+EeY8owwbjzXaiaPoIJpc6mcpR6iWBh",
"85a5dd51-efcf-4d1f-8fda-a1fc826e32d2","CPER_004.basePlot.vst","2014-09-11","vst_CPER_2014","D10","CPER","CPER_004","41",,"41",6.1,87.0,,"NEON.PLA.D10.CPER.00045",,,"NEON.DOC.000987vE","ATCA2","Atriplex canescens (Pursh) Nutt.","species",,,,,,"P+EeY8owwbjzXaiaPoIJpc6mcpR6iWBh","P+EeY8owwbjzXaiaPoIJpc6mcpR6iWBh",
"54928f9a-82b3-43f2-9938-b9cf4e87c2c2","CPER_004.basePlot.vst","2014-09-11","vst_CPER_2014","D10","CPER","CPER_004","41",,"41",9.7,13.0,,"NEON.PLA.D10.CPER.00051",,,"NEON.DOC.000987vE","ATCA2","Atriplex canescens (Pursh) Nutt.","species",,,,,,"P+EeY8owwbjzXaiaPoIJpc6mcpR6iWBh","P+EeY8owwbjzXaiaPoIJpc6mcpR6iWBh",
"cfce34e4-a3f6-428d-b7a3-3e62d54220d7","CPER_004.basePlot.vst","2014-09-11","vst_CPER_2014","D10","CPER","CPER_004","41",,"41",5.7,85.9,,"NEON.PLA.D10.CPER.00195",,,"NEON.DOC.000987vE","ATCA2","Atriplex canescens (Pursh) Nutt.","species",,,,,,"P+EeY8owwbjzXaiaPoIJpc6mcpR6iWBh","P+EeY8owwbjzXaiaPoIJpc6mcpR6iWBh",
"78c5bf22-3bac-49ac-93f6-7e40271afd4e","CPER_004.basePlot.vst","2014-09-11","vst_CPER_2014","D10","CPER","CPER_004","41",,"41",8.2,14.0,,"NEON.PLA.D10.CPER.00055",,,"NEON.DOC.000987vE","ATCA2","Atriplex canescens (Pursh) Nutt.","species",,,,,,"P+EeY8owwbjzXaiaPoIJpc6mcpR6iWBh","P+EeY8owwbjzXaiaPoIJpc6mcpR6iWBh",
"425f7f15-9755-4e5c-a2d5-1a81e53275b2","CPER_004.basePlot.vst","2014-09-11","vst_CPER_2014","D10","CPER","CPER_004","40",,"41",6.3,320.0,,"NEON.PLA.D10.CPER.00056",,,"NEON.DOC.000987vE","ATCA2","Atriplex canescens (Pursh) Nutt.","species",,,,,,"P+EeY8owwbjzXaiaPoIJpc6mcpR6iWBh","P+EeY8owwbjzXaiaPoIJpc6mcpR6iWBh",
"bc8de8c7-a04c-41bf-bb63-3ce206d6b18e","CPER_004.basePlot.vst","2014-09-11","vst_CPER_2014","D10","CPER","CPER_004","32",,"33",9.3,343.0,,"NEON.PLA.D10.CPER.00040",,,"NEON.DOC.000987vE","ATCA2","Atriplex canescens (Pursh) Nutt.","species",,,,,,"P+EeY8owwbjzXaiaPoIJpc6mcpR6iWBh","P+EeY8owwbjzXaiaPoIJpc6mcpR6iWBh",
"4b50b69e-8c7f-47e1-9f57-b6ba0cfc54b7","CPER_004.basePlot.vst","2014-09-11","vst_CPER_2014","D10","CPER","CPER_004","40",,"41",5.0,328.0,,"NEON.PLA.D10.CPER.00054",,,"NEON.DOC.000987vE","ATCA2","Atriplex canescens (Pursh) Nutt.","species",,,,,,"P+EeY8owwbjzXaiaPoIJpc6mcpR6iWBh","P+EeY8owwbjzXaiaPoIJpc6mcpR6iWBh",
"5d5ecc49-c7fc-4d24-b2b2-56e928f319ad","CPER_004.basePlot.vst","2014-09-11","vst_CPER_2014","D10","CPER","CPER_004","41",,"41",6.6,87.0,,"NEON.PLA.D10.CPER.00050",,,"NEON.DOC.000987vE","ATCA2","Atriplex canescens (Pursh) Nutt.","species",,,,,,"P+EeY8owwbjzXaiaPoIJpc6mcpR6iWBh","P+EeY8owwbjzXaiaPoIJpc6mcpR6iWBh",
"d0116a79-4fd5-4e44-9176-be9a2ffc4628","CPER_004.basePlot.vst","2014-09-11","vst_CPER_2014","D10","CPER","CPER_004","32",,"33",5.7,330.0,,"NEON.PLA.D10.CPER.00037",,,"NEON.DOC.000987vE","ATCA2","Atriplex canescens (Pursh) Nutt.","species",,,,,,"P+EeY8owwbjzXaiaPoIJpc6mcpR6iWBh","P+EeY8owwbjzXaiaPoIJpc6mcpR6iWBh",
"b0e2348f-227f-4067-8f72-9b94cfbc66c5","CPER_004.basePlot.vst","2014-09-11","vst_CPER_2014","D10","CPER","CPER_004","32",,"33",9.7,328.0,,"NEON.PLA.D10.CPER.00042",,,"NEON.DOC.000987vE","ATCA2","Atriplex canescens (Pursh) Nutt.","species",,,,,,"P+EeY8owwbjzXaiaPoIJpc6mcpR6iWBh","P+EeY8owwbjzXaiaPoIJpc6mcpR6iWBh",
"cc20a846-a5f0-43c1-9fff-bee95745c803","CPER_010.basePlot.vst","2014-09-15","vst_CPER_2014","D10","CPER","CPER_010","31",,"41",1.1,198.0,,"NEON.PLA.D10.CPER.00083",,,"NEON.DOC.000987vE","ATCA2","Atriplex canescens (Pursh) Nutt.","species",,,,,,"P+EeY8owwbjzXaiaPoIJpc6mcpR6iWBh","P+EeY8owwbjzXaiaPoIJpc6mcpR6iWBh",
"bf381c86-3254-462a-ae00-249e5c8fc3e5","CPER_010.basePlot.vst","2014-09-15","vst_CPER_2014","D10","CPER","CPER_010","41",,"41",1.2,45.0,,"NEON.PLA.D10.CPER.00096",,,"NEON.DOC.000987vE","ATCA2","Atriplex canescens (Pursh) Nutt.","species",,,,,,"P+EeY8owwbjzXaiaPoIJpc6mcpR6iWBh","P+EeY8owwbjzXaiaPoIJpc6mcpR6iWBh",
"870a03d2-3d1f-4eba-b5be-ba3c7a3e2775","CPER_010.basePlot.vst","2014-09-15","vst_CPER_2014","D10","CPER","CPER_010","40",,"41",5.6,320.0,,"NEON.PLA.D10.CPER.00101",,,"NEON.DOC.000987vE","ATCA2","Atriplex canescens (Pursh) Nutt.","species",,,,,,"P+EeY8owwbjzXaiaPoIJpc6mcpR6iWBh","P+EeY8owwbjzXaiaPoIJpc6mcpR6iWBh",
"41c82335-5e20-475c-8836-2f1bd81a73d2","CPER_010.basePlot.vst","2014-09-15","vst_CPER_2014","D10","CPER","CPER_010","41",,"41",1.4,53.0,,"NEON.PLA.D10.CPER.00092",,,"NEON.DOC.000987vE","ATCA2","Atriplex canescens (Pursh) Nutt.","species",,,,,,"P+EeY8owwbjzXaiaPoIJpc6mcpR6iWBh","P+EeY8owwbjzXaiaPoIJpc6mcpR6iWBh",
"13019d1a-1437-43b9-b3be-24660621be64","CPER_010.basePlot.vst","2014-09-15","vst_CPER_2014","D10","CPER","CPER_010","32",,"41",8.4,90.0,,"NEON.PLA.D10.CPER.00091",,,"NEON.DOC.000987vE","ATCA2","Atriplex canescens (Pursh) Nutt.","species",,,,,,"P+EeY8owwbjzXaiaPoIJpc6mcpR6iWBh","P+EeY8owwbjzXaiaPoIJpc6mcpR6iWBh",
"bce4d48a-93d4-49f5-93bc-afacf97e0166","CPER_010.basePlot.vst","2014-09-15","vst_CPER_2014","D10","CPER","CPER_010","41",,"41",6.4,20.0,,"NEON.PLA.D10.CPER.00098",,,"NEON.DOC.000987vE","ATCA2","Atriplex canescens (Pursh) Nutt.","species",,,,,,"P+EeY8owwbjzXaiaPoIJpc6mcpR6iWBh","P+EeY8owwbjzXaiaPoIJpc6mcpR6iWBh",
"71a98a91-0c04-4dae-b931-350f8650475a","CPER_010.basePlot.vst","2014-09-15","vst_CPER_2014","D10","CPER","CPER_010","41",,"41",3.0,73.5,,"NEON.PLA.D10.CPER.00097",,,"NEON.DOC.000987vE","ATCA2","Atriplex canescens (Pursh) Nutt.","species",,,,,,"P+EeY8owwbjzXaiaPoIJpc6mcpR6iWBh","P+EeY8owwbjzXaiaPoIJpc6mcpR6iWBh",
"7480e4c4-4094-4fdc-9b66-391444fc7945","CPER_010.basePlot.vst","2014-09-15","vst_CPER_2014","D10","CPER","CPER_010","32",,"33",7.1,317.0,,"NEON.PLA.D10.CPER.00088",,,"NEON.DOC.000987vE","ATCA2","Atriplex canescens (Pursh) Nutt.","species",,,,,,"P+EeY8owwbjzXaiaPoIJpc6mcpR6iWBh","P+EeY8owwbjzXaiaPoIJpc6mcpR6iWBh",
"6a383f73-3dca-4c10-a810-d623a4b67ff8","CPER_010.basePlot.vst","2014-09-15","vst_CPER_2014","D10","CPER","CPER_010","31",,"41",1.0,180.0,,"NEON.PLA.D10.CPER.00084",,,"NEON.DOC.000987vE","ATCA2","Atriplex canescens (Pursh) Nutt.","species",,,,,,"P+EeY8owwbjzXaiaPoIJpc6mcpR6iWBh","P+EeY8owwbjzXaiaPoIJpc6mcpR6iWBh",
"e7acad8b-6eab-4602-a5d1-81439b105a12","CPER_010.basePlot.vst","2014-09-15","vst_CPER_2014","D10","CPER","CPER_010","41",,"41",6.4,41.5,,"NEON.PLA.D10.CPER.00099",,,"NEON.DOC.000987vE","ATCA2","Atriplex canescens (Pursh) Nutt.","species",,,,,,"P+EeY8owwbjzXaiaPoIJpc6mcpR6iWBh","P+EeY8owwbjzXaiaPoIJpc6mcpR6iWBh",
"9231ee80-a844-4e69-a812-7a01527c1eeb","CPER_010.basePlot.vst","2014-09-15","vst_CPER_2014","D10","CPER","CPER_010","41",,"41",10.3,18.0,,"NEON.PLA.D10.CPER.00100",,,"NEON.DOC.000987vE","ATCA2","Atriplex canescens (Pursh) Nutt.","species",,,,,,"P+EeY8owwbjzXaiaPoIJpc6mcpR6iWBh","P+EeY8owwbjzXaiaPoIJpc6mcpR6iWBh",
"26ced902-985b-4a33-b112-fa91643fb957","CPER_010.basePlot.vst","2014-09-15","vst_CPER_2014","D10","CPER","CPER_010","41",,"41",0.9,45.0,,"NEON.PLA.D10.CPER.00095",,,"NEON.DOC.000987vE","ATCA2","Atriplex canescens (Pursh) Nutt.","species",,,,,,"P+EeY8owwbjzXaiaPoIJpc6mcpR6iWBh","P+EeY8owwbjzXaiaPoIJpc6mcpR6iWBh",
"4c2fc2a0-81d6-4164-bd12-db38c14dddcf","CPER_010.basePlot.vst","2014-09-15","vst_CPER_2014","D10","CPER","CPER_010","32",,"41",1.1,101.0,,"NEON.PLA.D10.CPER.00089",,,"NEON.DOC.000987vE","ATCA2","Atriplex canescens (Pursh) Nutt.","species",,,,,,"P+EeY8owwbjzXaiaPoIJpc6mcpR6iWBh","P+EeY8owwbjzXaiaPoIJpc6mcpR6iWBh",
"036efe66-d435-4801-b37e-48f374ede6a5","CPER_010.basePlot.vst","2014-09-15","vst_CPER_2014","D10","CPER","CPER_010","31",,"41",0.8,216.0,,"NEON.PLA.D10.CPER.00085",,,"NEON.DOC.000987vE","ATCA2","Atriplex canescens (Pursh) Nutt.","species",,,,,,"P+EeY8owwbjzXaiaPoIJpc6mcpR6iWBh","P+EeY8owwbjzXaiaPoIJpc6mcpR6iWBh",
"a3fc1591-8a60-45ce-afcd-d1dcf39b2333","CPER_010.basePlot.vst","2014-09-15","vst_CPER_2014","D10","CPER","CPER_010","32",,"41",3.6,90.5,,"NEON.PLA.D10.CPER.00090",,,"NEON.DOC.000987vE","ATCA2","Atriplex canescens (Pursh) Nutt.","species",,,,,,"P+EeY8owwbjzXaiaPoIJpc6mcpR6iWBh","P+EeY8owwbjzXaiaPoIJpc6mcpR6iWBh",
"3180dfdc-cd8f-4b9d-9b46-5508a820abaa","CPER_010.basePlot.vst","2014-09-15","vst_CPER_2014","D10","CPER","CPER_010","41",,"41",1.2,29.0,,"NEON.PLA.D10.CPER.00093",,,"NEON.DOC.000987vE","ATCA2","Atriplex canescens (Pursh) Nutt.","species",,,,,,"P+EeY8owwbjzXaiaPoIJpc6mcpR6iWBh","P+EeY8owwbjzXaiaPoIJpc6mcpR6iWBh",
"cdd5a386-9861-4f40-abbd-7489f0846e8b","CPER_010.basePlot.vst","2014-09-15","vst_CPER_2014","D10","CPER","CPER_010","32",,"33",7.2,281.0,,"NEON.PLA.D10.CPER.00086",,,"NEON.DOC.000987vE","ATCA2","Atriplex canescens (Pursh) Nutt.","species",,,,,,"P+EeY8owwbjzXaiaPoIJpc6mcpR6iWBh","P+EeY8owwbjzXaiaPoIJpc6mcpR6iWBh",
"70486afc-7ffd-4bbb-b8ce-e1bdaaa4521b","CPER_010.basePlot.vst","2014-09-15","vst_CPER_2014","D10","CPER","CPER_010","31",,"41",8.3,254.0,,"NEON.PLA.D10.CPER.00081",,,"NEON.DOC.000987vE","ATCA2","Atriplex canescens (Pursh) Nutt.","species",,,,,,"P+EeY8owwbjzXaiaPoIJpc6mcpR6iWBh","P+EeY8owwbjzXaiaPoIJpc6mcpR6iWBh",
"bd949eec-a647-486b-9c53-c6fa535d8677","CPER_017.basePlot.vst","2014-09-15","vst_CPER_2014","D10","CPER","CPER_017","41",,"51",6.7,236.0,,"NEON.PLA.D10.CPER.00106",,,"NEON.DOC.000987vE","ERNAN5","Ericameria nauseosa (Pall. ex Pursh) G.L. Nesom & Baird ssp. nauseosa var. nauseosa","variety",,,,,,"P+EeY8owwbjzXaiaPoIJpc6mcpR6iWBh","P+EeY8owwbjzXaiaPoIJpc6mcpR6iWBh",
"ed2b8c5c-abfa-4efd-b3b1-0d4d4beb2a8c","CPER_010.basePlot.vst","2014-09-15","vst_CPER_2014","D10","CPER","CPER_010","41",,"41",0.7,8.0,,"NEON.PLA.D10.CPER.00094",,,"NEON.DOC.000987vE","ATCA2","Atriplex canescens (Pursh) Nutt.","species",,,,,,"P+EeY8owwbjzXaiaPoIJpc6mcpR6iWBh","P+EeY8owwbjzXaiaPoIJpc6mcpR6iWBh",
"dc75b939-6828-4602-8181-fc155df40256","CPER_010.basePlot.vst","2014-09-15","vst_CPER_2014","D10","CPER","CPER_010","31",,"41",2.7,174.0,,"NEON.PLA.D10.CPER.00082",,,"NEON.DOC.000987vE","ATCA2","Atriplex canescens (Pursh) Nutt.","species",,,,,,"P+EeY8owwbjzXaiaPoIJpc6mcpR6iWBh","P+EeY8owwbjzXaiaPoIJpc6mcpR6iWBh",
"dc2cf388-3d88-4323-9d15-aa349aa58b65","CPER_010.basePlot.vst","2014-09-15","vst_CPER_2014","D10","CPER","CPER_010","31",,"31",7.4,79.0,,"NEON.PLA.D10.CPER.00080",,,"NEON.DOC.000987vE","ATCA2","Atriplex canescens (Pursh) Nutt.","species",,,,,,"P+EeY8owwbjzXaiaPoIJpc6mcpR6iWBh","P+EeY8owwbjzXaiaPoIJpc6mcpR6iWBh",
"c847eb90-ee16-4ea4-875c-52dad9c212f2","CPER_010.basePlot.vst","2014-09-15","vst_CPER_2014","D10","CPER","CPER_010","32",,"33",8.0,299.0,,"NEON.PLA.D10.CPER.00087",,,"NEON.DOC.000987vE","ATCA2","Atriplex canescens (Pursh) Nutt.","species",,,,,,"P+EeY8owwbjzXaiaPoIJpc6mcpR6iWBh","P+EeY8owwbjzXaiaPoIJpc6mcpR6iWBh",
"88417cc8-b9fb-4e7b-bd05-090b1c6ebfb7","CPER_010.basePlot.vst","2014-09-15","vst_CPER_2014","D10","CPER","CPER_010","31",,"31",7.0,78.0,,"NEON.PLA.D10.CPER.00079",,,"NEON.DOC.000987vE","ATCA2","Atriplex canescens (Pursh) Nutt.","species",,,,,,"P+EeY8owwbjzXaiaPoIJpc6mcpR6iWBh","P+EeY8owwbjzXaiaPoIJpc6mcpR6iWBh",
"02e63781-5375-4ecf-bc5c-ab813ee16906","CPER_007.basePlot.vst","2014-09-16","vst_CPER_2014","D10","CPER","CPER_007","40",,"41",8.1,279.0,,"NEON.PLA.D10.CPER.00104",,,"NEON.DOC.000987vE","ATCA2","Atriplex canescens (Pursh) Nutt.","species",,,,,,"P+EeY8owwbjzXaiaPoIJpc6mcpR6iWBh","P+EeY8owwbjzXaiaPoIJpc6mcpR6iWBh",
"b7744925-af10-4b0f-9072-c6f11fc31272","CPER_007.basePlot.vst","2014-09-16","vst_CPER_2014","D10","CPER","CPER_007","31",,"31",7.2,6.0,,"NEON.PLA.D10.CPER.00103",,,"NEON.DOC.000987vE","ATCA2","Atriplex canescens (Pursh) Nutt.","species",,,,,,"P+EeY8owwbjzXaiaPoIJpc6mcpR6iWBh","P+EeY8owwbjzXaiaPoIJpc6mcpR6iWBh",
"b075375e-0eb3-4133-973d-7bd698395ac5","CPER_007.basePlot.vst","2014-09-16","vst_CPER_2014","D10","CPER","CPER_007","40",,"41",6.1,304.0,,"NEON.PLA.D10.CPER.00105",,,"NEON.DOC.000987vE","ATCA2","Atriplex canescens (Pursh) Nutt.","species",,,,,,"P+EeY8owwbjzXaiaPoIJpc6mcpR6iWBh","P+EeY8owwbjzXaiaPoIJpc6mcpR6iWBh",
"6a3db395-2e87-466c-a845-8d2532c80fce","CPER_007.basePlot.vst","2014-09-16","vst_CPER_2014","D10","CPER","CPER_007","31",,"31",3.4,20.0,,"NEON.PLA.D10.CPER.00102",,,"NEON.DOC.000987vE","ATCA2","Atriplex canescens (Pursh) Nutt.","species",,,,,,"P+EeY8owwbjzXaiaPoIJpc6mcpR6iWBh","P+EeY8owwbjzXaiaPoIJpc6mcpR6iWBh",
"abddcfe5-2471-4f16-884c-02488d89880c","CPER_001.basePlot.vst","2014-09-18","vst_CPER_2014","D10","CPER","CPER_001","31",,"31",4.6,84.0,,"NEON.PLA.D10.CPER.00107",,,"NEON.DOC.000987vE","ATCA2","Atriplex canescens (Pursh) Nutt.","species",,,,,"dense bush","P+EeY8owwbjzXaiaPoIJpc6mcpR6iWBh","P+EeY8owwbjzXaiaPoIJpc6mcpR6iWBh",
"9dfde3b6-3c27-4f46-bbc5-047696e61192","CPER_001.basePlot.vst","2014-09-18","vst_CPER_2014","D10","CPER","CPER_001","31",,"31",4.8,55.0,,"NEON.PLA.D10.CPER.00108",,,"NEON.DOC.000987vE","ATCA2","Atriplex canescens (Pursh) Nutt.","species",,,,,,"P+EeY8owwbjzXaiaPoIJpc6mcpR6iWBh","P+EeY8owwbjzXaiaPoIJpc6mcpR6iWBh",
"50ab084f-a9c3-4647-9b6a-c7af532f5f81","CPER_001.basePlot.vst","2014-09-18","vst_CPER_2014","D10","CPER","CPER_001","32",,"41",2.5,132.0,,"NEON.PLA.D10.CPER.00110",,,"NEON.DOC.000987vE","ATCA2","Atriplex canescens (Pursh) Nutt.","species",,,,,,"P+EeY8owwbjzXaiaPoIJpc6mcpR6iWBh","P+EeY8owwbjzXaiaPoIJpc6mcpR6iWBh",
"c77f474d-d08e-4510-a39a-6b5814beac7f","CPER_001.basePlot.vst","2014-09-18","vst_CPER_2014","D10","CPER","CPER_001","32",,"33",5.6,306.0,,"NEON.PLA.D10.CPER.00117",,,"NEON.DOC.000987vE","ATCA2","Atriplex canescens (Pursh) Nutt.","species",,,,,,"P+EeY8owwbjzXaiaPoIJpc6mcpR6iWBh","P+EeY8owwbjzXaiaPoIJpc6mcpR6iWBh",
"e5f05b6e-5005-4982-b867-f96169edc308","CPER_001.basePlot.vst","2014-09-18","vst_CPER_2014","D10","CPER","CPER_001","32",,"41",4.2,144.0,,"NEON.PLA.D10.CPER.00113",,,"NEON.DOC.000987vE","ATCA2","Atriplex canescens (Pursh) Nutt.","species",,,,,,"P+EeY8owwbjzXaiaPoIJpc6mcpR6iWBh","P+EeY8owwbjzXaiaPoIJpc6mcpR6iWBh",
"cb74eff4-030c-4740-a56e-b4c63c2b0c2f","CPER_001.basePlot.vst","2014-09-18","vst_CPER_2014","D10","CPER","CPER_001","32",,"33",4.4,274.0,,"NEON.PLA.D10.CPER.00118",,,"NEON.DOC.000987vE","ATCA2","Atriplex canescens (Pursh) Nutt.","species",,,,,,"P+EeY8owwbjzXaiaPoIJpc6mcpR6iWBh","P+EeY8owwbjzXaiaPoIJpc6mcpR6iWBh",
"6d86d967-4840-4232-9f7e-db4b8b325f5a","CPER_001.basePlot.vst","2014-09-18","vst_CPER_2014","D10","CPER","CPER_001","32",,"41",3.5,130.0,,"NEON.PLA.D10.CPER.00111",,,"NEON.DOC.000987vE","ATCA2","Atriplex canescens (Pursh) Nutt.","species",,,,,,"P+EeY8owwbjzXaiaPoIJpc6mcpR6iWBh","P+EeY8owwbjzXaiaPoIJpc6mcpR6iWBh",
"f6bff395-af13-468e-9878-914389a9bcf6","CPER_001.basePlot.vst","2014-09-18","vst_CPER_2014","D10","CPER","CPER_001","40",,"49",7.7,150.0,,"NEON.PLA.D10.CPER.00119",,,"NEON.DOC.000987vE","ATCA2","Atriplex canescens (Pursh) Nutt.","species",,,,,,"P+EeY8owwbjzXaiaPoIJpc6mcpR6iWBh","P+EeY8owwbjzXaiaPoIJpc6mcpR6iWBh",
"4ceead9e-f3c1-490f-9e54-d8c024b82679","CPER_001.basePlot.vst","2014-09-18","vst_CPER_2014","D10","CPER","CPER_001","40",,"49",9.4,91.0,,"NEON.PLA.D10.CPER.00120",,,"NEON.DOC.000987vE","ATCA2","Atriplex canescens (Pursh) Nutt.","species",,,,,,"P+EeY8owwbjzXaiaPoIJpc6mcpR6iWBh","P+EeY8owwbjzXaiaPoIJpc6mcpR6iWBh",
"aa794797-fdb7-434a-92f7-0d85ad4a1290","CPER_001.basePlot.vst","2014-09-18","vst_CPER_2014","D10","CPER","CPER_001","32",,"41",6.1,170.0,,"NEON.PLA.D10.CPER.00114",,,"NEON.DOC.000987vE","ATCA2","Atriplex canescens (Pursh) Nutt.","species",,,,,,"P+EeY8owwbjzXaiaPoIJpc6mcpR6iWBh","P+EeY8owwbjzXaiaPoIJpc6mcpR6iWBh",
"d6adda91-b11d-4f10-9d6d-a568036da268","CPER_001.basePlot.vst","2014-09-18","vst_CPER_2014","D10","CPER","CPER_001","32",,"33",6.4,302.0,,"NEON.PLA.D10.CPER.00116",,,"NEON.DOC.000987vE","ATCA2","Atriplex canescens (Pursh) Nutt.","species",,,,,,"P+EeY8owwbjzXaiaPoIJpc6mcpR6iWBh","P+EeY8owwbjzXaiaPoIJpc6mcpR6iWBh",
"1076efaf-09d2-4c9d-bf3b-80e610100d6a","CPER_001.basePlot.vst","2014-09-18","vst_CPER_2014","D10","CPER","CPER_001","32",,"41",4.0,124.0,,"NEON.PLA.D10.CPER.00112",,,"NEON.DOC.000987vE","ATCA2","Atriplex canescens (Pursh) Nutt.","species",,,,,,"P+EeY8owwbjzXaiaPoIJpc6mcpR6iWBh","P+EeY8owwbjzXaiaPoIJpc6mcpR6iWBh",
"a480fd8f-f363-43c1-b88a-c2594ea655c2","CPER_001.basePlot.vst","2014-09-18","vst_CPER_2014","D10","CPER","CPER_001","32",,"41",7.8,150.0,,"NEON.PLA.D10.CPER.00115",,,"NEON.DOC.000987vE","ATCA2","Atriplex canescens (Pursh) Nutt.","species",,,,,,"P+EeY8owwbjzXaiaPoIJpc6mcpR6iWBh","P+EeY8owwbjzXaiaPoIJpc6mcpR6iWBh",
"e5253255-30d8-40e1-bd70-fb9178943e44","CPER_001.basePlot.vst","2014-09-18","vst_CPER_2014","D10","CPER","CPER_001","41",,"51",8.9,266.0,,"NEON.PLA.D10.CPER.00121",,,"NEON.DOC.000987vE","ATCA2","Atriplex canescens (Pursh) Nutt.","species",,,,,,"P+EeY8owwbjzXaiaPoIJpc6mcpR6iWBh","P+EeY8owwbjzXaiaPoIJpc6mcpR6iWBh",
"2363bc89-05a3-441c-bb1d-8af1a602983b","CPER_001.basePlot.vst","2014-09-18","vst_CPER_2014","D10","CPER","CPER_001","31",,"41",4.6,264.0,,"NEON.PLA.D10.CPER.00109",,,"NEON.DOC.000987vE","ATCA2","Atriplex canescens (Pursh) Nutt.","species",,,,,"barely alive","P+EeY8owwbjzXaiaPoIJpc6mcpR6iWBh","P+EeY8owwbjzXaiaPoIJpc6mcpR6iWBh",
"c62724f0-ca66-4bfb-afa3-50c733fc1078","CPER_001.basePlot.vst","2014-09-18","vst_CPER_2014","D10","CPER","CPER_001","41",,"51",4.3,250.0,,"NEON.PLA.D10.CPER.00122",,,"NEON.DOC.000987vE","ATCA2","Atriplex canescens (Pursh) Nutt.","species",,,,,,"P+EeY8owwbjzXaiaPoIJpc6mcpR6iWBh","P+EeY8owwbjzXaiaPoIJpc6mcpR6iWBh",
"ebcf459f-1af9-4fda-9aa8-2f91fd7a6568","CPER_020.basePlot.vst","2014-09-18","vst_CPER_2014","D10","CPER","CPER_020","32",,"33",3.9,330.0,,"NEON.PLA.D10.CPER.00140",,,"NEON.DOC.000987vE","ATCA2","Atriplex canescens (Pursh) Nutt.","species",,,,,,"P+EeY8owwbjzXaiaPoIJpc6mcpR6iWBh","P+EeY8owwbjzXaiaPoIJpc6mcpR6iWBh",
"84255fee-9533-4fd2-9b91-0047738cba72","CPER_020.basePlot.vst","2014-09-18","vst_CPER_2014","D10","CPER","CPER_020","31",,"31",5.7,11.0,,"NEON.PLA.D10.CPER.00125",,,"NEON.DOC.000987vE","ATCA2","Atriplex canescens (Pursh) Nutt.","species",,,,,,"P+EeY8owwbjzXaiaPoIJpc6mcpR6iWBh","P+EeY8owwbjzXaiaPoIJpc6mcpR6iWBh",
"d2b0b590-3dda-459d-ac27-0081b951238c","CPER_020.basePlot.vst","2014-09-18","vst_CPER_2014","D10","CPER","CPER_020","31",,"31",5.9,12.0,,"NEON.PLA.D10.CPER.00126",,,"NEON.DOC.000987vE","ATCA2","Atriplex canescens (Pursh) Nutt.","species",,,,,,"P+EeY8owwbjzXaiaPoIJpc6mcpR6iWBh","P+EeY8owwbjzXaiaPoIJpc6mcpR6iWBh",
"cef290f0-989b-4724-9090-21fe7bc73328","CPER_020.basePlot.vst","2014-09-18","vst_CPER_2014","D10","CPER","CPER_020","31",,"31",4.0,58.0,,"NEON.PLA.D10.CPER.00131",,,"NEON.DOC.000987vE","ATCA2","Atriplex canescens (Pursh) Nutt.","species",,,,,,"P+EeY8owwbjzXaiaPoIJpc6mcpR6iWBh","P+EeY8owwbjzXaiaPoIJpc6mcpR6iWBh",
"ba4337b9-49f4-4bd3-b272-ee7a32a311e0","CPER_020.basePlot.vst","2014-09-18","vst_CPER_2014","D10","CPER","CPER_020","31",,"31",8.2,28.0,,"NEON.PLA.D10.CPER.00128",,,"NEON.DOC.000987vE","ATCA2","Atriplex canescens (Pursh) Nutt.","species",,,,,,"P+EeY8owwbjzXaiaPoIJpc6mcpR6iWBh","P+EeY8owwbjzXaiaPoIJpc6mcpR6iWBh",
"ae1636aa-691e-45f0-9fd7-af64d5a1296b","CPER_020.basePlot.vst","2014-09-18","vst_CPER_2014","D10","CPER","CPER_020","31",,"31",2.7,1.0,,"NEON.PLA.D10.CPER.00123",,,"NEON.DOC.000987vE","ATCA2","Atriplex canescens (Pursh) Nutt.","species",,,,,,"P+EeY8owwbjzXaiaPoIJpc6mcpR6iWBh","P+EeY8owwbjzXaiaPoIJpc6mcpR6iWBh",
"08f1b563-214f-48e2-b5bb-3f8a8429cec7","CPER_020.basePlot.vst","2014-09-18","vst_CPER_2014","D10","CPER","CPER_020","31",,"31",10.8,50.0,,"NEON.PLA.D10.CPER.00129",,,"NEON.DOC.000987vE","ATCA2","Atriplex canescens (Pursh) Nutt.","species",,,,,,"P+EeY8owwbjzXaiaPoIJpc6mcpR6iWBh","P+EeY8owwbjzXaiaPoIJpc6mcpR6iWBh",
"f5ebdf49-0135-45e8-bc27-997541a70e3e","CPER_020.basePlot.vst","2014-09-18","vst_CPER_2014","D10","CPER","CPER_020","31",,"31",8.9,14.0,,"NEON.PLA.D10.CPER.00127",,,"NEON.DOC.000987vE","ATCA2","Atriplex canescens (Pursh) Nutt.","species",,,,,,"P+EeY8owwbjzXaiaPoIJpc6mcpR6iWBh","P+EeY8owwbjzXaiaPoIJpc6mcpR6iWBh",
"0e4634cf-ea5e-43a6-8381-dcb9d28e5ce8","CPER_020.basePlot.vst","2014-09-18","vst_CPER_2014","D10","CPER","CPER_020","32",,"33",9.2,321.0,,"NEON.PLA.D10.CPER.00141",,,"NEON.DOC.000987vE","ATCA2","Atriplex canescens (Pursh) Nutt.","species",,,,,,"P+EeY8owwbjzXaiaPoIJpc6mcpR6iWBh","P+EeY8owwbjzXaiaPoIJpc6mcpR6iWBh",
"116e2607-89e6-41bb-abed-03de2866f541","CPER_020.basePlot.vst","2014-09-18","vst_CPER_2014","D10","CPER","CPER_020","32",,"33",7.9,291.0,,"NEON.PLA.D10.CPER.00137",,,"NEON.DOC.000987vE","ATCA2","Atriplex canescens (Pursh) Nutt.","species",,,,,,"P+EeY8owwbjzXaiaPoIJpc6mcpR6iWBh","P+EeY8owwbjzXaiaPoIJpc6mcpR6iWBh",
"a718b898-7953-4366-bc6f-b99a89d6ff4e","CPER_020.basePlot.vst","2014-09-18","vst_CPER_2014","D10","CPER","CPER_020","31",,"31",4.5,76.0,,"NEON.PLA.D10.CPER.00133",,,"NEON.DOC.000987vE","ATCA2","Atriplex canescens (Pursh) Nutt.","species",,,,,,"P+EeY8owwbjzXaiaPoIJpc6mcpR6iWBh","P+EeY8owwbjzXaiaPoIJpc6mcpR6iWBh",
"c91d9901-8ac8-45fb-8de0-87f357eca5ae","CPER_020.basePlot.vst","2014-09-18","vst_CPER_2014","D10","CPER","CPER_020","32",,"33",8.6,293.0,,"NEON.PLA.D10.CPER.00136",,,"NEON.DOC.000987vE","ATCA2","Atriplex canescens (Pursh) Nutt.","species",,,,,,"P+EeY8owwbjzXaiaPoIJpc6mcpR6iWBh","P+EeY8owwbjzXaiaPoIJpc6mcpR6iWBh",
"230c199f-8904-4970-9b85-fe1c62ef2fc6","CPER_020.basePlot.vst","2014-09-18","vst_CPER_2014","D10","CPER","CPER_020","32",,"33",7.1,304.0,,"NEON.PLA.D10.CPER.00138",,,"NEON.DOC.000987vE","ATCA2","Atriplex canescens (Pursh) Nutt.","species",,,,,,"P+EeY8owwbjzXaiaPoIJpc6mcpR6iWBh","P+EeY8owwbjzXaiaPoIJpc6mcpR6iWBh",
"24010aa6-46f7-4a1d-bdd3-1759ad8447d4","CPER_020.basePlot.vst","2014-09-18","vst_CPER_2014","D10","CPER","CPER_020","32",,"33",7.7,328.0,,"NEON.PLA.D10.CPER.00143",,,"NEON.DOC.000987vE","ATCA2","Atriplex canescens (Pursh) Nutt.","species",,,,,,"P+EeY8owwbjzXaiaPoIJpc6mcpR6iWBh","P+EeY8owwbjzXaiaPoIJpc6mcpR6iWBh",
"c9027e25-6468-4878-8f07-2bd7e59c23a9","CPER_020.basePlot.vst","2014-09-18","vst_CPER_2014","D10","CPER","CPER_020","32",,"33",2.2,321.0,,"NEON.PLA.D10.CPER.00139",,,"NEON.DOC.000987vE","ATCA2","Atriplex canescens (Pursh) Nutt.","species",,,,,,"P+EeY8owwbjzXaiaPoIJpc6mcpR6iWBh","P+EeY8owwbjzXaiaPoIJpc6mcpR6iWBh",
"a94299b4-f439-4e78-842c-5d93fc24df85","CPER_020.basePlot.vst","2014-09-18","vst_CPER_2014","D10","CPER","CPER_020","40",,"41",7.6,334.2,,"NEON.PLA.D10.CPER.00179",,,"NEON.DOC.000987vE","ATCA2","Atriplex canescens (Pursh) Nutt.","species",,,,,,"P+EeY8owwbjzXaiaPoIJpc6mcpR6iWBh","P+EeY8owwbjzXaiaPoIJpc6mcpR6iWBh",
"a4673f91-fb6b-46e3-863f-1f68ddf24d5b","CPER_020.basePlot.vst","2014-09-18","vst_CPER_2014","D10","CPER","CPER_020","41",,"41",11.5,49.4,,"NEON.PLA.D10.CPER.00187",,,"NEON.DOC.000987vE","ATCA2","Atriplex canescens (Pursh) Nutt.","species",,,,,,"P+EeY8owwbjzXaiaPoIJpc6mcpR6iWBh","P+EeY8owwbjzXaiaPoIJpc6mcpR6iWBh",
"1b3ff3d1-f1a4-42e0-bacf-bf4af8478d4f","CPER_020.basePlot.vst","2014-09-18","vst_CPER_2014","D10","CPER","CPER_020","31",,"31",3.2,68.0,,"NEON.PLA.D10.CPER.00132",,,"NEON.DOC.000987vE","ATCA2","Atriplex canescens (Pursh) Nutt.","species",,,,,,"P+EeY8owwbjzXaiaPoIJpc6mcpR6iWBh","P+EeY8owwbjzXaiaPoIJpc6mcpR6iWBh",
"aa09c9f1-114b-4c13-b709-45a96d3df30d","CPER_020.basePlot.vst","2014-09-18","vst_CPER_2014","D10","CPER","CPER_020","31",,"31",7.9,62.0,,"NEON.PLA.D10.CPER.00134",,,"NEON.DOC.000987vE","ATCA2","Atriplex canescens (Pursh) Nutt.","species",,,,,,"P+EeY8owwbjzXaiaPoIJpc6mcpR6iWBh","P+EeY8owwbjzXaiaPoIJpc6mcpR6iWBh",
"15e60351-118b-4495-865b-7c1607ee344b","CPER_020.basePlot.vst","2014-09-18","vst_CPER_2014","D10","CPER","CPER_020","32",,"33",9.4,325.0,,"NEON.PLA.D10.CPER.00142",,,"NEON.DOC.000987vE","ATCA2","Atriplex canescens (Pursh) Nutt.","species",,,,,,"P+EeY8owwbjzXaiaPoIJpc6mcpR6iWBh","P+EeY8owwbjzXaiaPoIJpc6mcpR6iWBh",
"e8d8ba35-901e-4eef-b6a0-e82683794a2a","CPER_020.basePlot.vst","2014-09-18","vst_CPER_2014","D10","CPER","CPER_020","32",,"33",9.3,284.0,,"NEON.PLA.D10.CPER.00135",,,"NEON.DOC.000987vE","ATCA2","Atriplex canescens (Pursh) Nutt.","species",,,,,,"P+EeY8owwbjzXaiaPoIJpc6mcpR6iWBh","P+EeY8owwbjzXaiaPoIJpc6mcpR6iWBh",
"e1347745-4ac3-41c8-ad0b-0abbaa07c66b","CPER_020.basePlot.vst","2014-09-18","vst_CPER_2014","D10","CPER","CPER_020",,,,,,,"NEON.PLA.D10.CPER.00185",,,"NEON.DOC.000987vE","ATCA2","Atriplex canescens (Pursh) Nutt.","species",,,,,,"P+EeY8owwbjzXaiaPoIJpc6mcpR6iWBh","P+EeY8owwbjzXaiaPoIJpc6mcpR6iWBh",
"8e447717-e8f8-4ac6-9625-cc7d468cba97","CPER_020.basePlot.vst","2014-09-18","vst_CPER_2014","D10","CPER","CPER_020","41",,"41",8.1,136.0,,"NEON.PLA.D10.CPER.00180",,,"NEON.DOC.000987vE","ATCA2","Atriplex canescens (Pursh) Nutt.","species",,,,,,"P+EeY8owwbjzXaiaPoIJpc6mcpR6iWBh","P+EeY8owwbjzXaiaPoIJpc6mcpR6iWBh",
"5b73f44e-d8e7-43a7-8365-5f2129715e8a","CPER_020.basePlot.vst","2014-09-18","vst_CPER_2014","D10","CPER","CPER_020",,,,,,,"NEON.PLA.D10.CPER.00124",,,"NEON.DOC.000987vE","ATCA2","Atriplex canescens (Pursh) Nutt.","species",,,,,,"P+EeY8owwbjzXaiaPoIJpc6mcpR6iWBh","P+EeY8owwbjzXaiaPoIJpc6mcpR6iWBh",
"4d25ce73-3458-469c-80bc-961a4c9c5213","CPER_020.basePlot.vst","2014-09-18","vst_CPER_2014","D10","CPER","CPER_020","41",,"41",8.9,72.3,,"NEON.PLA.D10.CPER.00190",,,"NEON.DOC.000987vE","ATCA2","Atriplex canescens (Pursh) Nutt.","species",,,,,,"P+EeY8owwbjzXaiaPoIJpc6mcpR6iWBh","P+EeY8owwbjzXaiaPoIJpc6mcpR6iWBh",
"7e8b4607-c381-4fa8-b664-3cd0c7c0490e","CPER_020.basePlot.vst","2014-09-18","vst_CPER_2014","D10","CPER","CPER_020",,,,,,,"NEON.PLA.D10.CPER.00178",,,"NEON.DOC.000987vE","ATCA2","Atriplex canescens (Pursh) Nutt.","species",,,,,,"P+EeY8owwbjzXaiaPoIJpc6mcpR6iWBh","P+EeY8owwbjzXaiaPoIJpc6mcpR6iWBh",
"56cad311-7eb4-4ec7-9d78-3cb766465136","CPER_020.basePlot.vst","2014-09-18","vst_CPER_2014","D10","CPER","CPER_020","41",,"41",12.4,40.1,,"NEON.PLA.D10.CPER.00184",,,"NEON.DOC.000987vE","ATCA2","Atriplex canescens (Pursh) Nutt.","species",,,,,,"P+EeY8owwbjzXaiaPoIJpc6mcpR6iWBh","P+EeY8owwbjzXaiaPoIJpc6mcpR6iWBh",
"b91c344d-f900-4712-a0e5-808f7c6fc0b6","CPER_020.basePlot.vst","2014-09-18","vst_CPER_2014","D10","CPER","CPER_020","41",,"41",11.6,45.8,,"NEON.PLA.D10.CPER.00186",,,"NEON.DOC.000987vE","ATCA2","Atriplex canescens (Pursh) Nutt.","species",,,,,,"P+EeY8owwbjzXaiaPoIJpc6mcpR6iWBh","P+EeY8owwbjzXaiaPoIJpc6mcpR6iWBh",
"e685d6eb-7252-4cbe-946f-e0847b10b221","CPER_020.basePlot.vst","2014-09-18","vst_CPER_2014","D10","CPER","CPER_020","41",,"41",4.5,44.6,,"NEON.PLA.D10.CPER.00193",,,"NEON.DOC.000987vE","ATCA2","Atriplex canescens (Pursh) Nutt.","species",,,,,,"P+EeY8owwbjzXaiaPoIJpc6mcpR6iWBh","P+EeY8owwbjzXaiaPoIJpc6mcpR6iWBh",
"37848ff2-28b8-4e60-8bf7-effe6cd46d44","CPER_020.basePlot.vst","2014-09-18","vst_CPER_2014","D10","CPER","CPER_020","31",,"31",5.1,62.0,,"NEON.PLA.D10.CPER.00130",,,"NEON.DOC.000987vE","ATCA2","Atriplex canescens (Pursh) Nutt.","species",,,,,,"P+EeY8owwbjzXaiaPoIJpc6mcpR6iWBh","P+EeY8owwbjzXaiaPoIJpc6mcpR6iWBh",
"01a703b4-3b63-4fbb-b78d-035d0a4c156d","CPER_020.basePlot.vst","2014-09-18","vst_CPER_2014","D10","CPER","CPER_020","41",,"41",12.1,36.9,,"NEON.PLA.D10.CPER.00183",,,"NEON.DOC.000987vE","ATCA2","Atriplex canescens (Pursh) Nutt.","species",,,,,,"P+EeY8owwbjzXaiaPoIJpc6mcpR6iWBh","P+EeY8owwbjzXaiaPoIJpc6mcpR6iWBh",
"4ec88d28-61b2-49dd-8394-130bd7d636bd","CPER_020.basePlot.vst","2014-09-18","vst_CPER_2014","D10","CPER","CPER_020","41",,"41",9.9,78.1,,"NEON.PLA.D10.CPER.00181",,,"NEON.DOC.000987vE","ATCA2","Atriplex canescens (Pursh) Nutt.","species",,,,,,"P+EeY8owwbjzXaiaPoIJpc6mcpR6iWBh","P+EeY8owwbjzXaiaPoIJpc6mcpR6iWBh",
"1db7ebea-8d6e-4dae-bc6c-77ceb8da18f3","CPER_020.basePlot.vst","2014-09-18","vst_CPER_2014","D10","CPER","CPER_020","41",,"41",11.2,54.5,,"NEON.PLA.D10.CPER.00188",,,"NEON.DOC.000987vE","ATCA2","Atriplex canescens (Pursh) Nutt.","species",,,,,,"P+EeY8owwbjzXaiaPoIJpc6mcpR6iWBh","P+EeY8owwbjzXaiaPoIJpc6mcpR6iWBh",
"ae6ce968-e16b-4323-98bb-8bbc3d9ac6b9","CPER_020.basePlot.vst","2014-09-18","vst_CPER_2014","D10","CPER","CPER_020","41",,"41",11.9,33.5,,"NEON.PLA.D10.CPER.00182",,,"NEON.DOC.000987vE","ATCA2","Atriplex canescens (Pursh) Nutt.","species",,,,,,"P+EeY8owwbjzXaiaPoIJpc6mcpR6iWBh","P+EeY8owwbjzXaiaPoIJpc6mcpR6iWBh",
"a56ccde3-09b2-4365-8ab9-8899d51701e6","CPER_020.basePlot.vst","2014-09-18","vst_CPER_2014","D10","CPER","CPER_020","41",,"41",7.1,77.3,,"NEON.PLA.D10.CPER.00191",,,"NEON.DOC.000987vE","ATCA2","Atriplex canescens (Pursh) Nutt.","species",,,,,,"P+EeY8owwbjzXaiaPoIJpc6mcpR6iWBh","P+EeY8owwbjzXaiaPoIJpc6mcpR6iWBh",
"53577fed-a009-432b-8034-de62ed1c06fb","CPER_020.basePlot.vst","2014-09-18","vst_CPER_2014","D10","CPER","CPER_020","41",,"41",3.2,8.8,,"NEON.PLA.D10.CPER.00194",,,"NEON.DOC.000987vE","ATCA2","Atriplex canescens (Pursh) Nutt.","species",,,,,,"P+EeY8owwbjzXaiaPoIJpc6mcpR6iWBh","P+EeY8owwbjzXaiaPoIJpc6mcpR6iWBh",
"9bdb226e-5666-4af1-a1aa-5a7b3738d4a7","CPER_020.basePlot.vst","2014-09-18","vst_CPER_2014","D10","CPER","CPER_020","41",,"41",6.1,52.6,,"NEON.PLA.D10.CPER.00192",,,"NEON.DOC.000987vE","ATCA2","Atriplex canescens (Pursh) Nutt.","species",,,,,,"P+EeY8owwbjzXaiaPoIJpc6mcpR6iWBh","P+EeY8owwbjzXaiaPoIJpc6mcpR6iWBh",
"b1ba35fb-11a3-4aa8-861f-2f40e86e32fa","CPER_020.basePlot.vst","2014-09-18","vst_CPER_2014","D10","CPER","CPER_020","41",,"41",9.4,53.3,,"NEON.PLA.D10.CPER.00189",,,"NEON.DOC.000987vE","ATCA2","Atriplex canescens (Pursh) Nutt.","species",,,,,,"P+EeY8owwbjzXaiaPoIJpc6mcpR6iWBh","P+EeY8owwbjzXaiaPoIJpc6mcpR6iWBh",
"311ee3f0-e776-4a0f-a7cc-6f829aa74d23","CPER_014.basePlot.vst","2014-10-01","vst_CPER_2014","D10","CPER","CPER_014","31","4","41",4.4,214.6,,"NEON.PLA.D10.CPER.00157",,,"NEON.DOC.000987vE","ATCA2","Atriplex canescens (Pursh) Nutt.","species",,,,,,"P+EeY8owwbjzXaiaPoIJpc6mcpR6iWBh","P+EeY8owwbjzXaiaPoIJpc6mcpR6iWBh",
"0ae589fe-b9e0-4e13-a810-2b2670eb7134","CPER_014.basePlot.vst","2014-10-01","vst_CPER_2014","D10","CPER","CPER_014","40","1","49",7.0,177.7,,"NEON.PLA.D10.CPER.00167",,,"NEON.DOC.000987vE","ATCA2","Atriplex canescens (Pursh) Nutt.","species",,,,,,"P+EeY8owwbjzXaiaPoIJpc6mcpR6iWBh","P+EeY8owwbjzXaiaPoIJpc6mcpR6iWBh",
"ba1b4317-a548-43f9-9530-809d71d37005","CPER_014.basePlot.vst","2014-10-01","vst_CPER_2014","D10","CPER","CPER_014","31","4","41",3.8,266.0,,"NEON.PLA.D10.CPER.00154",,,"NEON.DOC.000987vE","ATCA2","Atriplex canescens (Pursh) Nutt.","species",,,,,,"P+EeY8owwbjzXaiaPoIJpc6mcpR6iWBh","P+EeY8owwbjzXaiaPoIJpc6mcpR6iWBh",
"9ebb8844-d185-425a-8f4f-05502f826c76","CPER_014.basePlot.vst","2014-10-01","vst_CPER_2014","D10","CPER","CPER_014","31","4","41",4.3,219.7,,"NEON.PLA.D10.CPER.00158",,,"NEON.DOC.000987vE","ATCA2","Atriplex canescens (Pursh) Nutt.","species",,,,,,"P+EeY8owwbjzXaiaPoIJpc6mcpR6iWBh","P+EeY8owwbjzXaiaPoIJpc6mcpR6iWBh",
"79fa0390-fc93-4027-ae8b-76376455e6df","CPER_014.basePlot.vst","2014-10-01","vst_CPER_2014","D10","CPER","CPER_014","31","4","41",4.3,221.0,,"NEON.PLA.D10.CPER.00156",,,"NEON.DOC.000987vE","ATCA2","Atriplex canescens (Pursh) Nutt.","species",,,,,,"P+EeY8owwbjzXaiaPoIJpc6mcpR6iWBh","P+EeY8owwbjzXaiaPoIJpc6mcpR6iWBh",
"027587ec-01ec-40ab-be44-7041f77108c1","CPER_014.basePlot.vst","2014-10-01","vst_CPER_2014","D10","CPER","CPER_014","40","1","41",9.0,279.8,,"NEON.PLA.D10.CPER.00165",,,"NEON.DOC.000987vE","ATCA2","Atriplex canescens (Pursh) Nutt.","species",,,,,,"P+EeY8owwbjzXaiaPoIJpc6mcpR6iWBh","P+EeY8owwbjzXaiaPoIJpc6mcpR6iWBh",
"0190215e-f1e6-47b8-9efd-a2d54ff4daff","CPER_014.basePlot.vst","2014-10-01","vst_CPER_2014","D10","CPER","CPER_014","32","4","33",8.7,359.6,,"NEON.PLA.D10.CPER.00160",,,"NEON.DOC.000987vE","ATCA2","Atriplex canescens (Pursh) Nutt.","species",,,,,,"P+EeY8owwbjzXaiaPoIJpc6mcpR6iWBh","P+EeY8owwbjzXaiaPoIJpc6mcpR6iWBh",
"5d369f99-d5a3-4cb4-9f57-a8e57df945c4","CPER_014.basePlot.vst","2014-10-01","vst_CPER_2014","D10","CPER","CPER_014","40","1","41",8.6,272.6,,"NEON.PLA.D10.CPER.00164",,,"NEON.DOC.000987vE","ATCA2","Atriplex canescens (Pursh) Nutt.","species",,,,,,"P+EeY8owwbjzXaiaPoIJpc6mcpR6iWBh","P+EeY8owwbjzXaiaPoIJpc6mcpR6iWBh",
"82363e36-6906-414c-a831-7798cc513624","CPER_014.basePlot.vst","2014-10-01","vst_CPER_2014","D10","CPER","CPER_014","31","4","41",6.4,220.5,,"NEON.PLA.D10.CPER.00151",,,"NEON.DOC.000987vE","ATCA2","Atriplex canescens (Pursh) Nutt.","species",,,,,,"P+EeY8owwbjzXaiaPoIJpc6mcpR6iWBh","P+EeY8owwbjzXaiaPoIJpc6mcpR6iWBh",
"d3193186-43a5-4d52-bb0b-eb232ff3f8f6","CPER_014.basePlot.vst","2014-10-01","vst_CPER_2014","D10","CPER","CPER_014","31","4","41",4.2,217.0,,"NEON.PLA.D10.CPER.00155",,,"NEON.DOC.000987vE","ATCA2","Atriplex canescens (Pursh) Nutt.","species",,,,,,"P+EeY8owwbjzXaiaPoIJpc6mcpR6iWBh","P+EeY8owwbjzXaiaPoIJpc6mcpR6iWBh",
"337d8a95-aac3-4035-b811-2d488967c0c9","CPER_014.basePlot.vst","2014-10-01","vst_CPER_2014","D10","CPER","CPER_014","41","4","51",4.0,266.1,,"NEON.PLA.D10.CPER.00162",,,"NEON.DOC.000987vE","ATCA2","Atriplex canescens (Pursh) Nutt.","species",,,,,,"P+EeY8owwbjzXaiaPoIJpc6mcpR6iWBh","P+EeY8owwbjzXaiaPoIJpc6mcpR6iWBh",
"f4e56e04-4768-4531-bc84-07fccc038ca9","CPER_014.basePlot.vst","2014-10-01","vst_CPER_2014","D10","CPER","CPER_014","32","2","33",4.7,301.8,,"NEON.PLA.D10.CPER.00159",,,"NEON.DOC.000987vE","ATCA2","Atriplex canescens (Pursh) Nutt.","species",,,,,,"P+EeY8owwbjzXaiaPoIJpc6mcpR6iWBh","P+EeY8owwbjzXaiaPoIJpc6mcpR6iWBh",
"623be369-7c77-4082-b783-25c561b8dc6e","CPER_014.basePlot.vst","2014-10-01","vst_CPER_2014","D10","CPER","CPER_014","31","1","31",5.1,52.5,,"NEON.PLA.D10.CPER.00148",,,"NEON.DOC.000987vE","ATCA2","Atriplex canescens (Pursh) Nutt.","species",,,,,,"P+EeY8owwbjzXaiaPoIJpc6mcpR6iWBh","P+EeY8owwbjzXaiaPoIJpc6mcpR6iWBh",
"ad67121a-48f6-4931-904e-7fa24cdc8ba1","CPER_014.basePlot.vst","2014-10-01","vst_CPER_2014","D10","CPER","CPER_014","31","1","31",4.4,7.0,,"NEON.PLA.D10.CPER.00145",,,"NEON.DOC.000987vE","ATCA2","Atriplex canescens (Pursh) Nutt.","species",,,,,,"P+EeY8owwbjzXaiaPoIJpc6mcpR6iWBh","P+EeY8owwbjzXaiaPoIJpc6mcpR6iWBh",
"fb3903f4-1d76-4b8c-986c-491e50f1aa2f","CPER_014.basePlot.vst","2014-10-01","vst_CPER_2014","D10","CPER","CPER_014","31","1","31",4.8,18.5,,"NEON.PLA.D10.CPER.00146",,,"NEON.DOC.000987vE","ATCA2","Atriplex canescens (Pursh) Nutt.","species",,,,,,"P+EeY8owwbjzXaiaPoIJpc6mcpR6iWBh","P+EeY8owwbjzXaiaPoIJpc6mcpR6iWBh",
"a218b4db-0989-462a-a328-3cd0df86531a","CPER_014.basePlot.vst","2014-10-01","vst_CPER_2014","D10","CPER","CPER_014","41","1","41",4.0,35.5,,"NEON.PLA.D10.CPER.00161",,,"NEON.DOC.000987vE","ATCA2","Atriplex canescens (Pursh) Nutt.","species",,,,,,"P+EeY8owwbjzXaiaPoIJpc6mcpR6iWBh","P+EeY8owwbjzXaiaPoIJpc6mcpR6iWBh",
"8c7747fb-4db9-4163-a4a9-b57f02fefb03","CPER_014.basePlot.vst","2014-10-01","vst_CPER_2014","D10","CPER","CPER_014","31","4","41",5.4,228.0,,"NEON.PLA.D10.CPER.00152",,,"NEON.DOC.000987vE","ATCA2","Atriplex canescens (Pursh) Nutt.","species",,,,,,"P+EeY8owwbjzXaiaPoIJpc6mcpR6iWBh","P+EeY8owwbjzXaiaPoIJpc6mcpR6iWBh",
"3722dd27-e5ae-45dd-a444-c2c940a173ac","CPER_014.basePlot.vst","2014-10-01","vst_CPER_2014","D10","CPER","CPER_014","40","1","41",8.2,271.6,,"NEON.PLA.D10.CPER.00163",,,"NEON.DOC.000987vE","ATCA2","Atriplex canescens (Pursh) Nutt.","species",,,,,,"P+EeY8owwbjzXaiaPoIJpc6mcpR6iWBh","P+EeY8owwbjzXaiaPoIJpc6mcpR6iWBh",
"2cf658ec-a415-4d26-ab3a-04824f962096","CPER_014.basePlot.vst","2014-10-01","vst_CPER_2014","D10","CPER","CPER_014","31","4","41",5.0,249.0,,"NEON.PLA.D10.CPER.00153",,,"NEON.DOC.000987vE","ATCA2","Atriplex canescens (Pursh) Nutt.","species",,,,,,"P+EeY8owwbjzXaiaPoIJpc6mcpR6iWBh","P+EeY8owwbjzXaiaPoIJpc6mcpR6iWBh",
"5e1898bb-8e09-41e4-9c15-08323d82eb4c","CPER_014.basePlot.vst","2014-10-01","vst_CPER_2014","D10","CPER","CPER_014","31","1","31",3.2,41.5,,"NEON.PLA.D10.CPER.00149",,,"NEON.DOC.000987vE","ATCA2","Atriplex canescens (Pursh) Nutt.","species",,,,,,"P+EeY8owwbjzXaiaPoIJpc6mcpR6iWBh","P+EeY8owwbjzXaiaPoIJpc6mcpR6iWBh",
"38a61c6a-0d99-428c-992e-28625c47624d","CPER_014.basePlot.vst","2014-10-01","vst_CPER_2014","D10","CPER","CPER_014","31","1","31",6.0,25.0,,"NEON.PLA.D10.CPER.00147",,,"NEON.DOC.000987vE","ATCA2","Atriplex canescens (Pursh) Nutt.","species",,,,,,"P+EeY8owwbjzXaiaPoIJpc6mcpR6iWBh","P+EeY8owwbjzXaiaPoIJpc6mcpR6iWBh",
"fdc45ba4-4d3f-4a62-8fa8-8cd17209d079","CPER_014.basePlot.vst","2014-10-01","vst_CPER_2014","D10","CPER","CPER_014","40","3","49",5.5,150.8,,"NEON.PLA.D10.CPER.00173",,,"NEON.DOC.000987vE","ATCA2","Atriplex canescens (Pursh) Nutt.","species",,,,,,"P+EeY8owwbjzXaiaPoIJpc6mcpR6iWBh","P+EeY8owwbjzXaiaPoIJpc6mcpR6iWBh",
"1cb91f41-3ff3-4e2b-aec0-5f22bacbe3f5","CPER_014.basePlot.vst","2014-10-01","vst_CPER_2014","D10","CPER","CPER_014","40","1","41",8.6,280.0,,"NEON.PLA.D10.CPER.00166",,,"NEON.DOC.000987vE","ATCA2","Atriplex canescens (Pursh) Nutt.","species",,,,,,"P+EeY8owwbjzXaiaPoIJpc6mcpR6iWBh","P+EeY8owwbjzXaiaPoIJpc6mcpR6iWBh",
"65a0b699-5571-4a01-8d3b-5ec3c26a24ed","CPER_014.basePlot.vst","2014-10-01","vst_CPER_2014","D10","CPER","CPER_014","40","1","49",6.9,145.0,,"NEON.PLA.D10.CPER.00170",,,"NEON.DOC.000987vE","ATCA2","Atriplex canescens (Pursh) Nutt.","species",,,,,,"P+EeY8owwbjzXaiaPoIJpc6mcpR6iWBh","P+EeY8owwbjzXaiaPoIJpc6mcpR6iWBh",
"68174912-287f-4260-aca2-edd3738c9096","CPER_014.basePlot.vst","2014-10-01","vst_CPER_2014","D10","CPER","CPER_014","40","3","49",4.2,137.5,,"NEON.PLA.D10.CPER.00176",,,"NEON.DOC.000987vE","ATCA2","Atriplex canescens (Pursh) Nutt.","species",,,,,,"P+EeY8owwbjzXaiaPoIJpc6mcpR6iWBh","P+EeY8owwbjzXaiaPoIJpc6mcpR6iWBh",
"1bf92e7d-60ef-4c53-a54f-b2375aa5bf63","CPER_014.basePlot.vst","2014-10-01","vst_CPER_2014","D10","CPER","CPER_014","40","3","49",4.0,103.5,,"NEON.PLA.D10.CPER.00177",,,"NEON.DOC.000987vE","ATCA2","Atriplex canescens (Pursh) Nutt.","species",,,,,,"P+EeY8owwbjzXaiaPoIJpc6mcpR6iWBh","P+EeY8owwbjzXaiaPoIJpc6mcpR6iWBh",
"79910d84-7020-497a-9d06-ef19491ca390","CPER_014.basePlot.vst","2014-10-01","vst_CPER_2014","D10","CPER","CPER_014","40","3","49",4.9,165.0,,"NEON.PLA.D10.CPER.00175",,,"NEON.DOC.000987vE","ATCA2","Atriplex canescens (Pursh) Nutt.","species",,,,,,"P+EeY8owwbjzXaiaPoIJpc6mcpR6iWBh","P+EeY8owwbjzXaiaPoIJpc6mcpR6iWBh",
"a69665be-7341-4f62-b5b5-e0c788b95ed9","CPER_014.basePlot.vst","2014-10-01","vst_CPER_2014","D10","CPER","CPER_014","40","1","49",5.8,172.8,,"NEON.PLA.D10.CPER.00169",,,"NEON.DOC.000987vE","ATCA2","Atriplex canescens (Pursh) Nutt.","species",,,,,,"P+EeY8owwbjzXaiaPoIJpc6mcpR6iWBh","P+EeY8owwbjzXaiaPoIJpc6mcpR6iWBh",
"d1181578-f982-4a02-890e-d2c909ab12d5","CPER_014.basePlot.vst","2014-10-01","vst_CPER_2014","D10","CPER","CPER_014","40","3","49",6.1,136.6,,"NEON.PLA.D10.CPER.00174",,,"NEON.DOC.000987vE","ATCA2","Atriplex canescens (Pursh) Nutt.","species",,,,,,"P+EeY8owwbjzXaiaPoIJpc6mcpR6iWBh","P+EeY8owwbjzXaiaPoIJpc6mcpR6iWBh",
"b908969d-6adc-41ec-aeec-44e654a3de6f","CPER_014.basePlot.vst","2014-10-01","vst_CPER_2014","D10","CPER","CPER_014","40","1","49",6.6,165.5,,"NEON.PLA.D10.CPER.00168",,,"NEON.DOC.000987vE","ATCA2","Atriplex canescens (Pursh) Nutt.","species",,,,,,"P+EeY8owwbjzXaiaPoIJpc6mcpR6iWBh","P+EeY8owwbjzXaiaPoIJpc6mcpR6iWBh",
"2dfeeead-b714-4385-8ad4-a0c9cfd5a6cc","CPER_014.basePlot.vst","2014-10-01","vst_CPER_2014","D10","CPER","CPER_014","40","3","49",5.5,152.0,,"NEON.PLA.D10.CPER.00172",,,"NEON.DOC.000987vE","ATCA2","Atriplex canescens (Pursh) Nutt.","species",,,,,,"P+EeY8owwbjzXaiaPoIJpc6mcpR6iWBh","P+EeY8owwbjzXaiaPoIJpc6mcpR6iWBh",
"1e28e1b4-ddee-4ab5-a5de-5145b458f86c","CPER_014.basePlot.vst","2014-10-01","vst_CPER_2014","D10","CPER","CPER_014","40","3","49",5.0,158.5,,"NEON.PLA.D10.CPER.00171",,,"NEON.DOC.000987vE","ATCA2","Atriplex canescens (Pursh) Nutt.","species",,,,,,"P+EeY8owwbjzXaiaPoIJpc6mcpR6iWBh","P+EeY8owwbjzXaiaPoIJpc6mcpR6iWBh",
"b26b23a5-26f1-4ef3-b86f-7728e5d49ea8","CPER_014.basePlot.vst","2014-10-01","vst_CPER_2014","D10","CPER","CPER_014","31","1","31",4.2,82.5,,"NEON.PLA.D10.CPER.00150",,,"NEON.DOC.000987vE","ATCA2","Atriplex canescens (Pursh) Nutt.","species",,,,,,"P+EeY8owwbjzXaiaPoIJpc6mcpR6iWBh","P+EeY8owwbjzXaiaPoIJpc6mcpR6iWBh",
"101cceca-2a3f-479c-8f1a-bb694e4f317c","CPER_005.basePlot.vst","2014-10-06","vst_CPER_2014","D10","CPER","CPER_005","32",,"41",4.1,96.8,,"NEON.PLA.D10.CPER.00218",,,"NEON.DOC.000987vE","ATCA2","Atriplex canescens (Pursh) Nutt.","species",,,,,,"P+EeY8owwbjzXaiaPoIJpc6mcpR6iWBh","P+EeY8owwbjzXaiaPoIJpc6mcpR6iWBh",
"d68cd1fc-17f6-4e91-a87e-02dbda3a57ce","CPER_005.basePlot.vst","2014-10-06","vst_CPER_2014","D10","CPER","CPER_005","40",,"49",2.3,95.6,,"NEON.PLA.D10.CPER.00231",,,"NEON.DOC.000987vE","ATCA2","Atriplex canescens (Pursh) Nutt.","species",,,,,,"P+EeY8owwbjzXaiaPoIJpc6mcpR6iWBh","P+EeY8owwbjzXaiaPoIJpc6mcpR6iWBh",
"79bd084e-b5e3-41a5-ae83-e0dc5d572d51","CPER_005.basePlot.vst","2014-10-06","vst_CPER_2014","D10","CPER","CPER_005","32",,"33",5.9,322.0,,"NEON.PLA.D10.CPER.00209",,,"NEON.DOC.000987vE","ATCA2","Atriplex canescens (Pursh) Nutt.","species",,,,,,"P+EeY8owwbjzXaiaPoIJpc6mcpR6iWBh","P+EeY8owwbjzXaiaPoIJpc6mcpR6iWBh",
"d70e2540-7396-4c10-b0d0-b2ebb5d0d781","CPER_005.basePlot.vst","2014-10-06","vst_CPER_2014","D10","CPER","CPER_005","41",,"41",5.4,12.3,,"NEON.PLA.D10.CPER.00235",,,"NEON.DOC.000987vE","ATCA2","Atriplex canescens (Pursh) Nutt.","species",,,,,,"P+EeY8owwbjzXaiaPoIJpc6mcpR6iWBh","P+EeY8owwbjzXaiaPoIJpc6mcpR6iWBh",
"0abc60e9-5c56-415b-a9bc-4b537a6575c2","CPER_005.basePlot.vst","2014-10-06","vst_CPER_2014","D10","CPER","CPER_005","32",,"33",1.4,336.0,,"NEON.PLA.D10.CPER.00205",,,"NEON.DOC.000987vE","ATCA2","Atriplex canescens (Pursh) Nutt.","species",,,,,,"P+EeY8owwbjzXaiaPoIJpc6mcpR6iWBh","P+EeY8owwbjzXaiaPoIJpc6mcpR6iWBh",
"32848969-ae2b-4a9e-a52c-843db81f3e57","CPER_005.basePlot.vst","2014-10-06","vst_CPER_2014","D10","CPER","CPER_005","41",,"41",7.0,24.0,,"NEON.PLA.D10.CPER.00238",,,"NEON.DOC.000987vE","ATCA2","Atriplex canescens (Pursh) Nutt.","species",,,,,,"P+EeY8owwbjzXaiaPoIJpc6mcpR6iWBh","P+EeY8owwbjzXaiaPoIJpc6mcpR6iWBh",
"3cd63ea0-984f-45c4-9b3e-27b0cdf1a601","CPER_005.basePlot.vst","2014-10-06","vst_CPER_2014","D10","CPER","CPER_005","40",,"41",5.1,355.0,,"NEON.PLA.D10.CPER.00233",,,"NEON.DOC.000987vE","ATCA2","Atriplex canescens (Pursh) Nutt.","species",,,,,,"P+EeY8owwbjzXaiaPoIJpc6mcpR6iWBh","P+EeY8owwbjzXaiaPoIJpc6mcpR6iWBh",
"6d283e1a-9804-4616-8023-3455683f2695","CPER_005.basePlot.vst","2014-10-06","vst_CPER_2014","D10","CPER","CPER_005",,,,,,,"NEON.PLA.D10.CPER.00198",,,"NEON.DOC.000987vE","ATCA2","Atriplex canescens (Pursh) Nutt.","species",,,,,,"P+EeY8owwbjzXaiaPoIJpc6mcpR6iWBh","P+EeY8owwbjzXaiaPoIJpc6mcpR6iWBh",
"94b88400-7d42-4074-bee3-f6bc20e6e65b","CPER_015.basePlot.vst","2014-10-06","vst_CPER_2014","D10","CPER","CPER_015","31",,"31",7.5,7.0,,"NEON.PLA.D10.CPER.00196",,,"NEON.DOC.000987vE","ATCA2","Atriplex canescens (Pursh) Nutt.","species",,,,,,"P+EeY8owwbjzXaiaPoIJpc6mcpR6iWBh","P+EeY8owwbjzXaiaPoIJpc6mcpR6iWBh",
"3e44be01-97be-4f43-9855-7a3b7f201dec","CPER_005.basePlot.vst","2014-10-06","vst_CPER_2014","D10","CPER","CPER_005","31",,"31",1.7,54.2,,"NEON.PLA.D10.CPER.00203",,,"NEON.DOC.000987vE","ATCA2","Atriplex canescens (Pursh) Nutt.","species",,,,,,"P+EeY8owwbjzXaiaPoIJpc6mcpR6iWBh","P+EeY8owwbjzXaiaPoIJpc6mcpR6iWBh",
"28c78cc5-90ab-46b6-ab27-2cfadc1e9eeb","CPER_005.basePlot.vst","2014-10-06","vst_CPER_2014","D10","CPER","CPER_005","32",,"41",2.2,128.7,,"NEON.PLA.D10.CPER.00216",,,"NEON.DOC.000987vE","ATCA2","Atriplex canescens (Pursh) Nutt.","species",,,,,,"P+EeY8owwbjzXaiaPoIJpc6mcpR6iWBh","P+EeY8owwbjzXaiaPoIJpc6mcpR6iWBh",
"31b7d9a2-866d-4d6a-9fb3-176bf4c9e1ff","CPER_005.basePlot.vst","2014-10-06","vst_CPER_2014","D10","CPER","CPER_005","32",,"41",5.1,165.2,,"NEON.PLA.D10.CPER.00213",,,"NEON.DOC.000987vE","ATCA2","Atriplex canescens (Pursh) Nutt.","species",,,,,,"P+EeY8owwbjzXaiaPoIJpc6mcpR6iWBh","P+EeY8owwbjzXaiaPoIJpc6mcpR6iWBh",
"c294bb02-2f2a-4c2e-8d1e-267f3039c177","CPER_005.basePlot.vst","2014-10-06","vst_CPER_2014","D10","CPER","CPER_005","41",,"51",5.9,195.5,,"NEON.PLA.D10.CPER.00244",,,"NEON.DOC.000987vE","ATCA2","Atriplex canescens (Pursh) Nutt.","species",,,,,,"P+EeY8owwbjzXaiaPoIJpc6mcpR6iWBh","P+EeY8owwbjzXaiaPoIJpc6mcpR6iWBh",
"307ef399-3451-404f-ada6-f3ef29501ada","CPER_005.basePlot.vst","2014-10-06","vst_CPER_2014","D10","CPER","CPER_005","41",,"41",5.7,0.6,,"NEON.PLA.D10.CPER.00234",,,"NEON.DOC.000987vE","ATCA2","Atriplex canescens (Pursh) Nutt.","species",,,,,,"P+EeY8owwbjzXaiaPoIJpc6mcpR6iWBh","P+EeY8owwbjzXaiaPoIJpc6mcpR6iWBh",
"dff381c8-7500-4c25-bf09-8f9519343d0c","CPER_005.basePlot.vst","2014-10-06","vst_CPER_2014","D10","CPER","CPER_005","32",,"33",1.9,356.5,,"NEON.PLA.D10.CPER.00206",,,"NEON.DOC.000987vE","ATCA2","Atriplex canescens (Pursh) Nutt.","species",,,,,,"P+EeY8owwbjzXaiaPoIJpc6mcpR6iWBh","P+EeY8owwbjzXaiaPoIJpc6mcpR6iWBh",
"2a8dcbfe-7e9c-4c6a-a2a2-1c6752ea74a4","CPER_005.basePlot.vst","2014-10-06","vst_CPER_2014","D10","CPER","CPER_005","32",,"33",5.0,358.6,,"NEON.PLA.D10.CPER.00207",,,"NEON.DOC.000987vE","ATCA2","Atriplex canescens (Pursh) Nutt.","species",,,,,,"P+EeY8owwbjzXaiaPoIJpc6mcpR6iWBh","P+EeY8owwbjzXaiaPoIJpc6mcpR6iWBh",
"20c7f1cf-4f28-4aba-9cf6-e17555503815","CPER_005.basePlot.vst","2014-10-06","vst_CPER_2014","D10","CPER","CPER_005","32",,"41",5.4,163.6,,"NEON.PLA.D10.CPER.00214",,,"NEON.DOC.000987vE","ATCA2","Atriplex canescens (Pursh) Nutt.","species",,,,,,"P+EeY8owwbjzXaiaPoIJpc6mcpR6iWBh","P+EeY8owwbjzXaiaPoIJpc6mcpR6iWBh",
"386be4bc-7841-4f89-bc1d-776f19ebe6d6","CPER_005.basePlot.vst","2014-10-06","vst_CPER_2014","D10","CPER","CPER_005","32",,"41",4.8,122.0,,"NEON.PLA.D10.CPER.00211",,,"NEON.DOC.000987vE","ATCA2","Atriplex canescens (Pursh) Nutt.","species",,,,,,"P+EeY8owwbjzXaiaPoIJpc6mcpR6iWBh","P+EeY8owwbjzXaiaPoIJpc6mcpR6iWBh",
"a82e71f2-0ae9-41ee-b71a-d6e2ebd71eec","CPER_005.basePlot.vst","2014-10-06","vst_CPER_2014","D10","CPER","CPER_005","32",,"33",0.6,340.0,,"NEON.PLA.D10.CPER.00204",,,"NEON.DOC.000987vE","ATCA2","Atriplex canescens (Pursh) Nutt.","species",,,,,,"P+EeY8owwbjzXaiaPoIJpc6mcpR6iWBh","P+EeY8owwbjzXaiaPoIJpc6mcpR6iWBh",
"acbcfc21-e1e9-4a93-8104-eb10aa324e43","CPER_005.basePlot.vst","2014-10-06","vst_CPER_2014","D10","CPER","CPER_005","32",,"41",4.1,165.0,,"NEON.PLA.D10.CPER.00215",,,"NEON.DOC.000987vE","ATCA2","Atriplex canescens (Pursh) Nutt.","species",,,,,,"P+EeY8owwbjzXaiaPoIJpc6mcpR6iWBh","P+EeY8owwbjzXaiaPoIJpc6mcpR6iWBh",
"5796dc90-b4f0-4dba-aebf-70294ed78e21","CPER_005.basePlot.vst","2014-10-06","vst_CPER_2014","D10","CPER","CPER_005","32",,"41",2.0,109.5,,"NEON.PLA.D10.CPER.00217",,,"NEON.DOC.000987vE","ATCA2","Atriplex canescens (Pursh) Nutt.","species",,,,,,"P+EeY8owwbjzXaiaPoIJpc6mcpR6iWBh","P+EeY8owwbjzXaiaPoIJpc6mcpR6iWBh",
"9b183d7c-d6b0-464c-987e-2542d9f9ebb4","CPER_005.basePlot.vst","2014-10-06","vst_CPER_2014","D10","CPER","CPER_005","32",,"41",5.4,118.0,,"NEON.PLA.D10.CPER.00210",,,"NEON.DOC.000987vE","ATCA2","Atriplex canescens (Pursh) Nutt.","species",,,,,,"P+EeY8owwbjzXaiaPoIJpc6mcpR6iWBh","P+EeY8owwbjzXaiaPoIJpc6mcpR6iWBh",
"3fca343e-4e15-4354-bf58-0f7d10c9e078","CPER_005.basePlot.vst","2014-10-06","vst_CPER_2014","D10","CPER","CPER_005","31",,"31",4.2,90.0,,"NEON.PLA.D10.CPER.00202",,,"NEON.DOC.000987vE","ATCA2","Atriplex canescens (Pursh) Nutt.","species",,,,,,"P+EeY8owwbjzXaiaPoIJpc6mcpR6iWBh","P+EeY8owwbjzXaiaPoIJpc6mcpR6iWBh",
"9cd5ae9b-8616-4649-9e0a-3c836b8e094d","CPER_005.basePlot.vst","2014-10-06","vst_CPER_2014","D10","CPER","CPER_005","41",,"41",4.2,30.0,,"NEON.PLA.D10.CPER.00240",,,"NEON.DOC.000987vE","ATCA2","Atriplex canescens (Pursh) Nutt.","species",,,,,,"P+EeY8owwbjzXaiaPoIJpc6mcpR6iWBh","P+EeY8owwbjzXaiaPoIJpc6mcpR6iWBh",
"e3ac157a-e435-4e7e-a0e9-a301a62237b4","CPER_005.basePlot.vst","2014-10-06","vst_CPER_2014","D10","CPER","CPER_005","41",,"51",5.5,211.0,,"NEON.PLA.D10.CPER.00243",,,"NEON.DOC.000987vE","ATCA2","Atriplex canescens (Pursh) Nutt.","species",,,,,,"P+EeY8owwbjzXaiaPoIJpc6mcpR6iWBh","P+EeY8owwbjzXaiaPoIJpc6mcpR6iWBh",
"ad5715a0-3d58-4b1b-bee3-3f4478ed181f","CPER_005.basePlot.vst","2014-10-06","vst_CPER_2014","D10","CPER","CPER_005","32",,"41",6.5,153.0,,"NEON.PLA.D10.CPER.00212",,,"NEON.DOC.000987vE","ATCA2","Atriplex canescens (Pursh) Nutt.","species",,,,,,"P+EeY8owwbjzXaiaPoIJpc6mcpR6iWBh","P+EeY8owwbjzXaiaPoIJpc6mcpR6iWBh",
"dcd7d52c-f6a2-4c18-875a-f5989037ffe8","CPER_005.basePlot.vst","2014-10-06","vst_CPER_2014","D10","CPER","CPER_005","41",,"41",6.3,20.3,,"NEON.PLA.D10.CPER.00237",,,"NEON.DOC.000987vE","ATCA2","Atriplex canescens (Pursh) Nutt.","species",,,,,,"P+EeY8owwbjzXaiaPoIJpc6mcpR6iWBh","P+EeY8owwbjzXaiaPoIJpc6mcpR6iWBh",
"cefbb4ef-e6f9-4333-b298-504e34dd2ffb","CPER_005.basePlot.vst","2014-10-06","vst_CPER_2014","D10","CPER","CPER_005","40",,"49",2.8,127.0,,"NEON.PLA.D10.CPER.00230",,,"NEON.DOC.000987vE","ATCA2","Atriplex canescens (Pursh) Nutt.","species",,,,,,"P+EeY8owwbjzXaiaPoIJpc6mcpR6iWBh","P+EeY8owwbjzXaiaPoIJpc6mcpR6iWBh",
"68551789-4b4d-4ec2-a366-5a8c2c88c994","CPER_005.basePlot.vst","2014-10-06","vst_CPER_2014","D10","CPER","CPER_005","31",,"31",4.2,4.6,,"NEON.PLA.D10.CPER.00197",,,"NEON.DOC.000987vE","ATCA2","Atriplex canescens (Pursh) Nutt.","species",,,,,,"P+EeY8owwbjzXaiaPoIJpc6mcpR6iWBh","P+EeY8owwbjzXaiaPoIJpc6mcpR6iWBh",
"b268c609-d50a-44a8-ba04-e7f190a974b9","CPER_005.basePlot.vst","2014-10-06","vst_CPER_2014","D10","CPER","CPER_005","31",,"31",6.9,57.3,,"NEON.PLA.D10.CPER.00200",,,"NEON.DOC.000987vE","ATCA2","Atriplex canescens (Pursh) Nutt.","species",,,,,,"P+EeY8owwbjzXaiaPoIJpc6mcpR6iWBh","P+EeY8owwbjzXaiaPoIJpc6mcpR6iWBh",
"0757e956-f023-4e95-a3e4-f642af4be409","CPER_005.basePlot.vst","2014-10-06","vst_CPER_2014","D10","CPER","CPER_005","40",,"49",6.6,160.0,,"NEON.PLA.D10.CPER.00229",,,"NEON.DOC.000987vE","ATCA2","Atriplex canescens (Pursh) Nutt.","species",,,,,,"P+EeY8owwbjzXaiaPoIJpc6mcpR6iWBh","P+EeY8owwbjzXaiaPoIJpc6mcpR6iWBh",
"3768d653-ceda-4341-9f45-dfd005614ca7","CPER_005.basePlot.vst","2014-10-06","vst_CPER_2014","D10","CPER","CPER_005","41",,"41",3.9,29.0,,"NEON.PLA.D10.CPER.00241",,,"NEON.DOC.000987vE","ATCA2","Atriplex canescens (Pursh) Nutt.","species",,,,,,"P+EeY8owwbjzXaiaPoIJpc6mcpR6iWBh","P+EeY8owwbjzXaiaPoIJpc6mcpR6iWBh",
"25828da5-f4a3-4eaf-a5d2-ef37034eb62d","CPER_005.basePlot.vst","2014-10-06","vst_CPER_2014","D10","CPER","CPER_005","40",,"49",5.0,108.5,,"NEON.PLA.D10.CPER.00232",,,"NEON.DOC.000987vE","ATCA2","Atriplex canescens (Pursh) Nutt.","species",,,,,,"P+EeY8owwbjzXaiaPoIJpc6mcpR6iWBh","P+EeY8owwbjzXaiaPoIJpc6mcpR6iWBh",
"eaa82cbf-c5d3-44a8-85f7-f5f1e5fd21b8","CPER_005.basePlot.vst","2014-10-06","vst_CPER_2014","D10","CPER","CPER_005","31",,"31",7.0,45.5,,"NEON.PLA.D10.CPER.00199",,,"NEON.DOC.000987vE","ATCA2","Atriplex canescens (Pursh) Nutt.","species",,,,,,"P+EeY8owwbjzXaiaPoIJpc6mcpR6iWBh","P+EeY8owwbjzXaiaPoIJpc6mcpR6iWBh",
"d42557ac-7538-4c67-9bb1-d7a2421d564f","CPER_005.basePlot.vst","2014-10-06","vst_CPER_2014","D10","CPER","CPER_005","41",,"41",4.0,36.0,,"NEON.PLA.D10.CPER.00239",,,"NEON.DOC.000987vE","ATCA2","Atriplex canescens (Pursh) Nutt.","species",,,,,,"P+EeY8owwbjzXaiaPoIJpc6mcpR6iWBh","P+EeY8owwbjzXaiaPoIJpc6mcpR6iWBh",
"8547d58e-8d54-442b-a4c9-06c3813125aa","CPER_005.basePlot.vst","2014-10-06","vst_CPER_2014","D10","CPER","CPER_005","32",,"41",7.4,98.4,,"NEON.PLA.D10.CPER.00208",,,"NEON.DOC.000987vE","ATCA2","Atriplex canescens (Pursh) Nutt.","species",,,,,,"P+EeY8owwbjzXaiaPoIJpc6mcpR6iWBh","P+EeY8owwbjzXaiaPoIJpc6mcpR6iWBh",
"a88105df-f0f4-432b-bc28-1554c1c44f65","CPER_005.basePlot.vst","2014-10-06","vst_CPER_2014","D10","CPER","CPER_005","41",,"41",5.4,7.0,,"NEON.PLA.D10.CPER.00236",,,"NEON.DOC.000987vE","ATCA2","Atriplex canescens (Pursh) Nutt.","species",,,,,,"P+EeY8owwbjzXaiaPoIJpc6mcpR6iWBh","P+EeY8owwbjzXaiaPoIJpc6mcpR6iWBh",
"2c0ad9c8-1ad8-44cf-8985-a80f4597ed83","CPER_005.basePlot.vst","2014-10-06","vst_CPER_2014","D10","CPER","CPER_005","31",,"31",8.5,84.7,,"NEON.PLA.D10.CPER.00201",,,"NEON.DOC.000987vE","ATCA2","Atriplex canescens (Pursh) Nutt.","species",,,,,,"P+EeY8owwbjzXaiaPoIJpc6mcpR6iWBh","P+EeY8owwbjzXaiaPoIJpc6mcpR6iWBh",
"e8d159b2-08c4-4e31-822a-f1bfb23a6484","CPER_005.basePlot.vst","2014-10-06","vst_CPER_2014","D10","CPER","CPER_005","41",,"51",1.8,250.0,,"NEON.PLA.D10.CPER.00242",,,"NEON.DOC.000987vE","ATCA2","Atriplex canescens (Pursh) Nutt.","species",,,,,,"P+EeY8owwbjzXaiaPoIJpc6mcpR6iWBh","P+EeY8owwbjzXaiaPoIJpc6mcpR6iWBh",
"ba3d54e7-96a7-4402-85ca-d1513a3fcbca","CPER_003.basePlot.vst","2014-10-07","vst_CPER_2014","D10","CPER","CPER_003","41",,"41",8.4,62.3,,"NEON.PLA.D10.CPER.00225",,,"NEON.DOC.000987vE","ATCA2","Atriplex canescens (Pursh) Nutt.","species",,,,,,"P+EeY8owwbjzXaiaPoIJpc6mcpR6iWBh","P+EeY8owwbjzXaiaPoIJpc6mcpR6iWBh",
"1456b574-3f01-4a8b-960e-96b82900c4ec","CPER_003.basePlot.vst","2014-10-07","vst_CPER_2014","D10","CPER","CPER_003","40",,"41",8.0,281.7,,"NEON.PLA.D10.CPER.00228",,,"NEON.DOC.000987vE","ATCA2","Atriplex canescens (Pursh) Nutt.","species",,,,,,"P+EeY8owwbjzXaiaPoIJpc6mcpR6iWBh","P+EeY8owwbjzXaiaPoIJpc6mcpR6iWBh",
"70193125-cc77-406f-868c-a89441af9d48","CPER_003.basePlot.vst","2014-10-07","vst_CPER_2014","D10","CPER","CPER_003","41",,"41",4.4,84.0,,"NEON.PLA.D10.CPER.00223",,,"NEON.DOC.000987vE","ATCA2","Atriplex canescens (Pursh) Nutt.","species",,,,,,"P+EeY8owwbjzXaiaPoIJpc6mcpR6iWBh","P+EeY8owwbjzXaiaPoIJpc6mcpR6iWBh",
"a98f5a26-bcba-4a7d-8d2c-b3c6e9ad5c14","CPER_003.basePlot.vst","2014-10-07","vst_CPER_2014","D10","CPER","CPER_003","31",,"41",6.7,184.0,,"NEON.PLA.D10.CPER.00221",,,"NEON.DOC.000987vE","ATCA2","Atriplex canescens (Pursh) Nutt.","species",,,,,,"P+EeY8owwbjzXaiaPoIJpc6mcpR6iWBh","P+EeY8owwbjzXaiaPoIJpc6mcpR6iWBh",
"aa16ea63-bb3c-4bea-a758-2cecd28f5014","CPER_003.basePlot.vst","2014-10-07","vst_CPER_2014","D10","CPER","CPER_003","32",,"33",4.8,303.5,,"NEON.PLA.D10.CPER.00222",,,"NEON.DOC.000987vE","ATCA2","Atriplex canescens (Pursh) Nutt.","species",,,,,,"P+EeY8owwbjzXaiaPoIJpc6mcpR6iWBh","P+EeY8owwbjzXaiaPoIJpc6mcpR6iWBh",
"d642fd47-4fe1-4328-9267-391eef682366","CPER_003.basePlot.vst","2014-10-07","vst_CPER_2014","D10","CPER","CPER_003","41",,"41",7.5,71.7,,"NEON.PLA.D10.CPER.00224",,,"NEON.DOC.000987vE","ATCA2","Atriplex canescens (Pursh) Nutt.","species",,,,,,"P+EeY8owwbjzXaiaPoIJpc6mcpR6iWBh","P+EeY8owwbjzXaiaPoIJpc6mcpR6iWBh",
"85be8edc-6035-4658-9033-1a15fe0df1b6","CPER_003.basePlot.vst","2014-10-07","vst_CPER_2014","D10","CPER","CPER_003","41",,"41",5.0,46.0,,"NEON.PLA.D10.CPER.00226",,,"NEON.DOC.000987vE","ATCA2","Atriplex canescens (Pursh) Nutt.","species",,,,,,"P+EeY8owwbjzXaiaPoIJpc6mcpR6iWBh","P+EeY8owwbjzXaiaPoIJpc6mcpR6iWBh",
"9b590ceb-c9b6-45ba-8eaa-2817b06eb19b","CPER_003.basePlot.vst","2014-10-07","vst_CPER_2014","D10","CPER","CPER_003","31",,"31",4.7,86.6,,"NEON.PLA.D10.CPER.00220",,,"NEON.DOC.000987vE","ATCA2","Atriplex canescens (Pursh) Nutt.","species",,,,,,"P+EeY8owwbjzXaiaPoIJpc6mcpR6iWBh","P+EeY8owwbjzXaiaPoIJpc6mcpR6iWBh",
"a8262e0a-c779-4f99-a94c-b327716b8727","CPER_003.basePlot.vst","2014-10-07","vst_CPER_2014","D10","CPER","CPER_003","41",,"41",6.6,16.0,,"NEON.PLA.D10.CPER.00227",,,"NEON.DOC.000987vE","ATCA2","Atriplex canescens (Pursh) Nutt.","species",,,,,,"P+EeY8owwbjzXaiaPoIJpc6mcpR6iWBh","P+EeY8owwbjzXaiaPoIJpc6mcpR6iWBh",
"b294636f-d858-4174-9675-5bd3a16413ff","CPER_003.basePlot.vst","2014-10-07","vst_CPER_2014","D10","CPER","CPER_003","31",,"31",2.0,52.5,,"NEON.PLA.D10.CPER.00219",,,"NEON.DOC.000987vE","ATCA2","Atriplex canescens (Pursh) Nutt.","species",,,,,,"P+EeY8owwbjzXaiaPoIJpc6mcpR6iWBh","P+EeY8owwbjzXaiaPoIJpc6mcpR6iWBh",
"4acebcbb-8faf-4f7c-ad77-ee55622a37b7","CPER_011.basePlot.vst","2014-10-09","vst_CPER_2014","D10","CPER","CPER_011","31",,"41",6.5,192.0,,"NEON.PLA.D10.CPER.00247",,,"NEON.DOC.000987vE","ATCA2","Atriplex canescens (Pursh) Nutt.","species",,,,,,"P+EeY8owwbjzXaiaPoIJpc6mcpR6iWBh","P+EeY8owwbjzXaiaPoIJpc6mcpR6iWBh",
"bdd54e18-61c8-4ba3-b492-eacd91b65cf3","CPER_011.basePlot.vst","2014-10-09","vst_CPER_2014","D10","CPER","CPER_011","31",,"41",5.9,205.0,,"NEON.PLA.D10.CPER.00246",,,"NEON.DOC.000987vE","ATCA2","Atriplex canescens (Pursh) Nutt.","species",,,,,,"P+EeY8owwbjzXaiaPoIJpc6mcpR6iWBh","P+EeY8owwbjzXaiaPoIJpc6mcpR6iWBh",
"19b00758-09f5-482e-bfda-f375847cda2e","CPER_011.basePlot.vst","2014-10-09","vst_CPER_2014","D10","CPER","CPER_011","31",,"41",9.1,182.0,,"NEON.PLA.D10.CPER.00250",,,"NEON.DOC.000987vE","ATCA2","Atriplex canescens (Pursh) Nutt.","species",,,,,,"P+EeY8owwbjzXaiaPoIJpc6mcpR6iWBh","P+EeY8owwbjzXaiaPoIJpc6mcpR6iWBh",
"ee76c229-7293-47f7-8fbd-61591bf3c448","CPER_011.basePlot.vst","2014-10-09","vst_CPER_2014","D10","CPER","CPER_011","31",,"41",8.0,191.5,,"NEON.PLA.D10.CPER.00249",,,"NEON.DOC.000987vE","ATCA2","Atriplex canescens (Pursh) Nutt.","species",,,,,,"P+EeY8owwbjzXaiaPoIJpc6mcpR6iWBh","P+EeY8owwbjzXaiaPoIJpc6mcpR6iWBh",
"e1e58983-eca4-4aa0-93de-63dae7aa19b7","CPER_011.basePlot.vst","2014-10-09","vst_CPER_2014","D10","CPER","CPER_011","41",,"41",4.8,76.5,,"NEON.PLA.D10.CPER.00252",,,"NEON.DOC.000987vE","ATCA2","Atriplex canescens (Pursh) Nutt.","species",,,,,,"P+EeY8owwbjzXaiaPoIJpc6mcpR6iWBh","P+EeY8owwbjzXaiaPoIJpc6mcpR6iWBh",
"924c792b-a58b-4d45-b784-b1ec7d91f26b","CPER_011.basePlot.vst","2014-10-09","vst_CPER_2014","D10","CPER","CPER_011","41",,"41",5.3,13.5,,"NEON.PLA.D10.CPER.00254",,,"NEON.DOC.000987vE","ERNAN5","Ericameria nauseosa (Pall. ex Pursh) G.L. Nesom & Baird ssp. nauseosa var. nauseosa","variety",,,,,,"P+EeY8owwbjzXaiaPoIJpc6mcpR6iWBh","P+EeY8owwbjzXaiaPoIJpc6mcpR6iWBh",
"d3a3afb3-6bef-4215-9e86-1a973e1ae8ab","CPER_011.basePlot.vst","2014-10-09","vst_CPER_2014","D10","CPER","CPER_011","31",,"41",5.8,210.0,,"NEON.PLA.D10.CPER.00245",,,"NEON.DOC.000987vE","ATCA2","Atriplex canescens (Pursh) Nutt.","species",,,,,,"P+EeY8owwbjzXaiaPoIJpc6mcpR6iWBh","P+EeY8owwbjzXaiaPoIJpc6mcpR6iWBh",
"09ff43eb-ed64-40a1-9a8b-77f70d3c538f","CPER_011.basePlot.vst","2014-10-09","vst_CPER_2014","D10","CPER","CPER_011","31",,"41",6.4,186.0,,"NEON.PLA.D10.CPER.00248",,,"NEON.DOC.000987vE","ATCA2","Atriplex canescens (Pursh) Nutt.","species",,,,,,"P+EeY8owwbjzXaiaPoIJpc6mcpR6iWBh","P+EeY8owwbjzXaiaPoIJpc6mcpR6iWBh",
"a0796594-e60e-4c21-b54b-22bc188ef2c7","CPER_011.basePlot.vst","2014-10-09","vst_CPER_2014","D10","CPER","CPER_011","41",,"41",9.3,55.5,,"NEON.PLA.D10.CPER.00253",,,"NEON.DOC.000987vE","ATCA2","Atriplex canescens (Pursh) Nutt.","species",,,,,,"P+EeY8owwbjzXaiaPoIJpc6mcpR6iWBh","P+EeY8owwbjzXaiaPoIJpc6mcpR6iWBh",
"b4beed08-0f98-487e-8653-e50401c1f959","CPER_011.basePlot.vst","2014-10-09","vst_CPER_2014","D10","CPER","CPER_011","32",,"41",7.0,174.0,,"NEON.PLA.D10.CPER.00251",,,"NEON.DOC.000987vE","ATCA2","Atriplex canescens (Pursh) Nutt.","species",,,,,,"P+EeY8owwbjzXaiaPoIJpc6mcpR6iWBh","P+EeY8owwbjzXaiaPoIJpc6mcpR6iWBh",
"da2b835a-6dee-4ee8-80cf-cd518befd57e","CPER_061.basePlot.vst","2015-09-28","vst_CPER_2015","D10","CPER","CPER_061",,,,,,,"NEON.PLA.D10.CPER.00144",,,"NEON.DOC.000987vE","ATCA2","Atriplex canescens (Pursh) Nutt.","species",,,,,,"P+EeY8owwbjzXaiaPoIJpc6mcpR6iWBh","YQGD7F95APlUwE2tMnAo5z6OP2oWhM90jU8ejoIs6uE=",
"960242cb-b054-458a-90fb-6b05b6ef43f4","CPER_013.basePlot.vst","2017-09-20","vst_CPER_2017","D10","CPER","CPER_013","31",,"31",3.4,9.2,,"NEON.PLA.D10.CPER.01797",,,"NEON.DOC.000987vG","ATCA2","Atriplex canescens (Pursh) Nutt.","species",,,,,,"om/8VwYPvXpscp/aa6cESufiFOo8HGVf0ytawe5BDhM=","3uEnvnvqYXbO9JBJS6RXERXAwcfMg4u8JGudOnO+j4Y=",
"71d38f35-09d6-4e24-a9fe-1bb7728eeacf","CPER_020.basePlot.vst","2017-09-20","vst_CPER_2017","D10","CPER","CPER_020","32","3","33",8.0,303.2,,"NEON.PLA.D10.CPER.02160",,,"NEON.DOC.000987vE","ATCA2","Atriplex canescens (Pursh) Nutt.","species",,,,,,"rqshhe/SUgyPwdITr9NIwpYRUtT2h3qGluL++bNJ7qY=","fWHghMULgzydjDlBKdRJnn+LrnIOOPluX0H9MFosrfc=",
"76593c9f-26b6-487e-84f1-deb5bf8037a2","CPER_013.basePlot.vst","2017-09-20","vst_CPER_2017","D10","CPER","CPER_013","31",,"31",3.9,48.0,,"NEON.PLA.D10.CPER.01798",,,"NEON.DOC.000987vG","ATCA2","Atriplex canescens (Pursh) Nutt.","species",,,,,,"om/8VwYPvXpscp/aa6cESufiFOo8HGVf0ytawe5BDhM=","3uEnvnvqYXbO9JBJS6RXERXAwcfMg4u8JGudOnO+j4Y=",
"46a085b0-2d0d-4371-8203-c3e00d5bedf1","CPER_014.basePlot.vst","2017-09-21","vst_CPER_2017","D10","CPER","CPER_014","31",,"31",7.1,29.0,,"NEON.PLA.D10.CPER.02302",,,"NEON.DOC.000987vE","ATCA2","Atriplex canescens (Pursh) Nutt.","species",,,,,,"wnOuIHRa4FNge2r5fSJd4YjRW+z90VodUfYjLZbeVRc=","3uEnvnvqYXbO9JBJS6RXERXAwcfMg4u8JGudOnO+j4Y=",
"08c8745d-9ec7-44e5-98b3-d9ff80393a64","CPER_014.basePlot.vst","2017-09-21","vst_CPER_2017","D10","CPER","CPER_014","31",,"31",7.3,35.1,,"NEON.PLA.D10.CPER.02303",,,"NEON.DOC.000987vE","ATCA2","Atriplex canescens (Pursh) Nutt.","species",,,,,,"wnOuIHRa4FNge2r5fSJd4YjRW+z90VodUfYjLZbeVRc=","3uEnvnvqYXbO9JBJS6RXERXAwcfMg4u8JGudOnO+j4Y=",
"101ea1e3-3aa9-43d7-aa02-fe4f8835e79a","CPER_010.basePlot.vst","2017-09-21","vst_CPER_2017","D10","CPER","CPER_010","32",,"33",12.1,318.7,,"NEON.PLA.D10.CPER.02217",,,"NEON.DOC.000987vE","ATCA2","Atriplex canescens (Pursh) Nutt.","species",,,,,,"nqdZdcqczNgMa0j0JwbdXlFrjhlYsCG4epiVwJyDasE=","3uEnvnvqYXbO9JBJS6RXERXAwcfMg4u8JGudOnO+j4Y=",
"ab029aac-8b4f-44dc-89ee-26255ad9dd70","CPER_010.basePlot.vst","2017-09-21","vst_CPER_2017","D10","CPER","CPER_010","31",,"31",8.3,78.3,,"NEON.PLA.D10.CPER.02214",,,"NEON.DOC.000987vE","ATCA2","Atriplex canescens (Pursh) Nutt.","species",,,,,,"3uEnvnvqYXbO9JBJS6RXERXAwcfMg4u8JGudOnO+j4Y=","nqdZdcqczNgMa0j0JwbdXlFrjhlYsCG4epiVwJyDasE=",
"b9140bb6-6c45-4204-a53e-d6067deb8d65","CPER_010.basePlot.vst","2017-09-21","vst_CPER_2017","D10","CPER","CPER_010","32",,"33",7.7,273.6,,"NEON.PLA.D10.CPER.02216",,,"NEON.DOC.000987vE","ATCA2","Atriplex canescens (Pursh) Nutt.","species",,,,,,"3uEnvnvqYXbO9JBJS6RXERXAwcfMg4u8JGudOnO+j4Y=","nqdZdcqczNgMa0j0JwbdXlFrjhlYsCG4epiVwJyDasE=",
"e3c37e13-3ecc-4185-a2c5-a03c9b43dfc7","CPER_010.basePlot.vst","2017-09-21","vst_CPER_2017","D10","CPER","CPER_010","31",,"31",6.0,81.3,,"NEON.PLA.D10.CPER.02213",,,"NEON.DOC.000987vE","ATCA2","Atriplex canescens (Pursh) Nutt.","species",,,,,,"3uEnvnvqYXbO9JBJS6RXERXAwcfMg4u8JGudOnO+j4Y=","nqdZdcqczNgMa0j0JwbdXlFrjhlYsCG4epiVwJyDasE=",
"b2d1e060-7ea5-4cda-9f6b-97797cece193","CPER_014.basePlot.vst","2017-09-21","vst_CPER_2017","D10","CPER","CPER_014","31",,"31",7.2,72.3,,"NEON.PLA.D10.CPER.02304",,,"NEON.DOC.000987vE","ATCA2","Atriplex canescens (Pursh) Nutt.","species",,,,,,"wnOuIHRa4FNge2r5fSJd4YjRW+z90VodUfYjLZbeVRc=","3uEnvnvqYXbO9JBJS6RXERXAwcfMg4u8JGudOnO+j4Y=",
"f15aee59-2b1c-4903-b4ba-13b203e9ec93","CPER_013.basePlot.vst","2017-09-21","vst_CPER_2017","D10","CPER","CPER_013","41","4","51",4.2,223.2,,"NEON.PLA.D10.CPER.01799",,,"NEON.DOC.000987vE","ATCA2","Atriplex canescens (Pursh) Nutt.","species",,,,,,"om/8VwYPvXpscp/aa6cESufiFOo8HGVf0ytawe5BDhM=","3uEnvnvqYXbO9JBJS6RXERXAwcfMg4u8JGudOnO+j4Y=",
"9f32288f-ca86-4957-bc74-4bcfdadc8b54","CPER_010.basePlot.vst","2017-09-21","vst_CPER_2017","D10","CPER","CPER_010","41",,"41",5.1,52.9,,"NEON.PLA.D10.CPER.02218",,,"NEON.DOC.000987vE","ATCA2","Atriplex canescens (Pursh) Nutt.","species",,,,,,"nqdZdcqczNgMa0j0JwbdXlFrjhlYsCG4epiVwJyDasE=","3uEnvnvqYXbO9JBJS6RXERXAwcfMg4u8JGudOnO+j4Y=",
"79ecca72-e6c2-4ea9-8d34-d86c916cdf73","CPER_010.basePlot.vst","2017-09-21","vst_CPER_2017","D10","CPER","CPER_010","32",,"33",7.9,270.7,,"NEON.PLA.D10.CPER.02215",,,"NEON.DOC.000987vE","ATCA2","Atriplex canescens (Pursh) Nutt.","species",,,,,,"3uEnvnvqYXbO9JBJS6RXERXAwcfMg4u8JGudOnO+j4Y=","nqdZdcqczNgMa0j0JwbdXlFrjhlYsCG4epiVwJyDasE=",
"a056fd0d-2303-4be7-9e38-dbbcbba42115","CPER_001.basePlot.vst","2017-09-25","vst_CPER_2017","D10","CPER","CPER_001","31","1","31",1.3,78.0,,"NEON.PLA.D10.CPER.02161",,,"NEON.DOC.000987vE","ATCA2","Atriplex canescens (Pursh) Nutt.","species",,,,,,"gtcF6SkwFMwZhyumG8ZbjdKb4NrzWNwXCYvjmSW8HQQ=","om/8VwYPvXpscp/aa6cESufiFOo8HGVf0ytawe5BDhM=",
"89716d0c-cdbc-4524-ad43-ede16b806815","CPER_015.basePlot.vst","2017-09-25","vst_CPER_2017","D10","CPER","CPER_015","31","3","31",6.1,7.0,,"NEON.PLA.D10.CPER.02162",,,"NEON.DOC.000987vE","ARFI2","Artemisia filifolia Torr.","species",,,,,,"gtcF6SkwFMwZhyumG8ZbjdKb4NrzWNwXCYvjmSW8HQQ=","om/8VwYPvXpscp/aa6cESufiFOo8HGVf0ytawe5BDhM=",
"87e8979f-df11-4ed4-904c-55ae8b41931c","CPER_011.basePlot.vst","2017-09-25","vst_CPER_2017","D10","CPER","CPER_011","40",,"49",9.5,131.1,,"NEON.PLA.D10.CPER.02219",,,"NEON.DOC.000987vG","ATCA2","Atriplex canescens (Pursh) Nutt.","species",,,,,,"rqshhe/SUgyPwdITr9NIwpYRUtT2h3qGluL++bNJ7qY=","nqdZdcqczNgMa0j0JwbdXlFrjhlYsCG4epiVwJyDasE=",
"4ca4422e-08f8-4d6a-b81f-e0368e26dbce","CPER_014.basePlot.vst","2017-09-25","vst_CPER_2017","D10","CPER","CPER_014","41",,"51",8.2,268.0,,"NEON.PLA.D10.CPER.02301",,,"NEON.DOC.000987vE","ATCA2","Atriplex canescens (Pursh) Nutt.","species",,,,,,"wnOuIHRa4FNge2r5fSJd4YjRW+z90VodUfYjLZbeVRc=","3uEnvnvqYXbO9JBJS6RXERXAwcfMg4u8JGudOnO+j4Y=",
