uid,namedLocation,date,domainID,siteID,plotID,plotType,nlcdClass,decimalLatitude,decimalLongitude,geodeticDatum,coordinateUncertainty,easting,northing,utmZone,elevation,elevationUncertainty,eventID,samplingProtocolVersion,treesPresent,treesAbsentList,shrubsPresent,shrubsAbsentList,lianasPresent,lianasAbsentList,nestedSubplotAreaShrubSapling,nestedSubplotAreaLiana,totalSampledAreaTrees,totalSampledAreaShrubSapling,totalSampledAreaLiana,remarks,measuredBy,recordedBy,dataQF
"25778907-c71d-4503-9217-b4ab582ee1b2","CPER_047.basePlot.vst","2017-09-14","D10","CPER","CPER_047","tower","grasslandHerbaceous",40.818371,-104.746715,"WGS84",20.1,521360.03,4518625.70,"13N",1649.3,0.1,"vst_CPER_2017","NEON.DOC.000987vG","N",,"N",,"N",,"noneSelected","noneSelected",400,400,400,,"rqshhe/SUgyPwdITr9NIwpYRUtT2h3qGluL++bNJ7qY=","wnOuIHRa4FNge2r5fSJd4YjRW+z90VodUfYjLZbeVRc=",
"7dabf676-fd08-4e1b-8227-825830053bed","CPER_048.basePlot.vst","2017-09-14","D10","CPER","CPER_048","tower","grasslandHerbaceous",40.818931,-104.748858,"WGS84",20.1,521179.13,4518687.34,"13N",1652.1,0.1,"vst_CPER_2017","NEON.DOC.000987vG","N",,"N",,"N",,"noneSelected","noneSelected",400,400,400,,"Xlq171H9ZZbsZilyMy0m6M6FP0arYawWChcBok1JiV8=","nqdZdcqczNgMa0j0JwbdXlFrjhlYsCG4epiVwJyDasE=",
"54bac351-2b2b-4528-93e1-3c653474604d","CPER_056.basePlot.vst","2017-09-14","D10","CPER","CPER_056","tower","grasslandHerbaceous",40.816756,-104.748161,"WGS84",10.1,521238.61,4518446.07,"13N",1652.1,0.1,"vst_CPER_2017","NEON.DOC.000987vG","N",,"N",,"N",,"noneSelected","noneSelected",400,400,400,,"Xlq171H9ZZbsZilyMy0m6M6FP0arYawWChcBok1JiV8=","nqdZdcqczNgMa0j0JwbdXlFrjhlYsCG4epiVwJyDasE=",
"9a719734-bcf0-4a36-90cf-38193a70cc46","CPER_051.basePlot.vst","2017-09-14","D10","CPER","CPER_051","tower","grasslandHerbaceous",40.818106,-104.748495,"WGS84",10.1,521210.01,4518595.85,"13N",1651.4,0.2,"vst_CPER_2017","NEON.DOC.000987vG","N",,"N",,"N",,"noneSelected","noneSelected",400,400,400,,"Xlq171H9ZZbsZilyMy0m6M6FP0arYawWChcBok1JiV8=","nqdZdcqczNgMa0j0JwbdXlFrjhlYsCG4epiVwJyDasE=",
"0b0e8e3f-20da-4f4b-82e2-783e0bcec11a","CPER_052.basePlot.vst","2017-09-14","D10","CPER","CPER_052","tower","grasslandHerbaceous",40.817276,-104.745643,"WGS84",10.1,521450.79,4518504.41,"13N",1653.8,0.1,"vst_CPER_2017","NEON.DOC.000987vG","N",,"N",,"N",,"noneSelected","noneSelected",400,400,400,,"wpONGfkopa175uOeyGxRRp4LJaIyiRqxY0ueNk0KmKI=","om/8VwYPvXpscp/aa6cESufiFOo8HGVf0ytawe5BDhM=",
"56a5f535-e560-4cfb-8feb-e55a44fa51f5","CPER_072.basePlot.vst","2017-09-14","D10","CPER","CPER_072","tower","grasslandHerbaceous",40.817821,-104.746715,"WGS84",10.1,521360.21,4518564.65,"13N",1654.1,0.1,"vst_CPER_2017","NEON.DOC.000987vG","N",,"N",,"N",,"noneSelected","noneSelected",400,400,400,,"rqshhe/SUgyPwdITr9NIwpYRUtT2h3qGluL++bNJ7qY=","wnOuIHRa4FNge2r5fSJd4YjRW+z90VodUfYjLZbeVRc=",
"374a964d-49ea-493a-85a3-9f327ed3a795","CPER_063.basePlot.vst","2017-09-14","D10","CPER","CPER_063","tower","grasslandHerbaceous",40.818369,-104.747802,"WGS84",10.1,521268.37,4518625.21,"13N",1651.2,0.1,"vst_CPER_2017","NEON.DOC.000987vG","N",,"N",,"N",,"noneSelected","noneSelected",400,400,400,,"wpONGfkopa175uOeyGxRRp4LJaIyiRqxY0ueNk0KmKI=","om/8VwYPvXpscp/aa6cESufiFOo8HGVf0ytawe5BDhM=",
"034bb558-bbca-411d-8b4c-2413e2e5c9a5","CPER_069.basePlot.vst","2017-09-14","D10","CPER","CPER_069","tower","grasslandHerbaceous",40.818644,-104.749581,"WGS84",10.1,521118.25,4518655.31,"13N",1652.8,0.1,"vst_CPER_2017","NEON.DOC.000987vG","N",,"N",,"N",,"noneSelected","noneSelected",400,400,400,,"Xlq171H9ZZbsZilyMy0m6M6FP0arYawWChcBok1JiV8=","nqdZdcqczNgMa0j0JwbdXlFrjhlYsCG4epiVwJyDasE=",
"16538772-f690-458c-8934-1d714bac8a87","CPER_064.basePlot.vst","2017-09-14","D10","CPER","CPER_064","tower","grasslandHerbaceous",40.818358,-104.745994,"WGS84",10.1,521420.84,4518624.43,"13N",1648.5,0.1,"vst_CPER_2017","NEON.DOC.000987vG","N",,"N",,"N",,"noneSelected","noneSelected",400,400,400,,"rqshhe/SUgyPwdITr9NIwpYRUtT2h3qGluL++bNJ7qY=","wnOuIHRa4FNge2r5fSJd4YjRW+z90VodUfYjLZbeVRc=",
"5a2dee14-eb1e-4fe2-a8f2-f56f335ae1a0","CPER_046.basePlot.vst","2017-09-14","D10","CPER","CPER_046","tower","grasslandHerbaceous",40.817297,-104.747096,"WGS84",20.1,521328.25,4518506.39,"13N",1652.1,0.1,"vst_CPER_2017","NEON.DOC.000987vG","N",,"N",,"N",,"noneSelected","noneSelected",400,400,400,,"wpONGfkopa175uOeyGxRRp4LJaIyiRqxY0ueNk0KmKI=","om/8VwYPvXpscp/aa6cESufiFOo8HGVf0ytawe5BDhM=",
"1d03eab3-7639-44cf-9722-a2a5fcdf3f4c","CPER_060.basePlot.vst","2017-09-14","D10","CPER","CPER_060","tower","grasslandHerbaceous",40.817273,-104.746358,"WGS84",10.1,521390.49,4518503.90,"13N",1653.0,0.1,"vst_CPER_2017","NEON.DOC.000987vG","N",,"N",,"N",,"noneSelected","noneSelected",400,400,400,,"rqshhe/SUgyPwdITr9NIwpYRUtT2h3qGluL++bNJ7qY=","wnOuIHRa4FNge2r5fSJd4YjRW+z90VodUfYjLZbeVRc=",
"4dff0d74-573c-47c3-9c34-9d0f495faab8","CPER_059.basePlot.vst","2017-09-14","D10","CPER","CPER_059","tower","grasslandHerbaceous",40.817554,-104.748855,"WGS84",10.1,521179.82,4518534.49,"13N",1651.3,0.1,"vst_CPER_2017","NEON.DOC.000987vG","N",,"N",,"N",,"noneSelected","noneSelected",400,400,400,,"Xlq171H9ZZbsZilyMy0m6M6FP0arYawWChcBok1JiV8=","nqdZdcqczNgMa0j0JwbdXlFrjhlYsCG4epiVwJyDasE=",
"f4cb0e7e-87d6-4408-8d5d-b4b430c75f83","CPER_054.basePlot.vst","2017-09-14","D10","CPER","CPER_054","tower","grasslandHerbaceous",40.818898,-104.748127,"WGS84",10.1,521240.79,4518683.86,"13N",1651.8,0.1,"vst_CPER_2017","NEON.DOC.000987vG","N",,"N",,"N",,"noneSelected","noneSelected",400,400,400,,"wpONGfkopa175uOeyGxRRp4LJaIyiRqxY0ueNk0KmKI=","om/8VwYPvXpscp/aa6cESufiFOo8HGVf0ytawe5BDhM=",
"c3bd0cd2-0511-418c-b00d-a9382888e6dc","CPER_062.basePlot.vst","2017-09-14","D10","CPER","CPER_062","tower","grasslandHerbaceous",40.817267,-104.747786,"WGS84",10.1,521270.07,4518502.89,"13N",1651.7,0.1,"vst_CPER_2017","NEON.DOC.000987vG","N",,"N",,"N",,"noneSelected","noneSelected",400,400,400,,"wpONGfkopa175uOeyGxRRp4LJaIyiRqxY0ueNk0KmKI=","om/8VwYPvXpscp/aa6cESufiFOo8HGVf0ytawe5BDhM=",
"e8a60a2f-1fda-47e9-9286-1dae93a62466","CPER_050.basePlot.vst","2017-09-18","D10","CPER","CPER_050","tower","grasslandHerbaceous",40.818645,-104.744577,"WGS84",10.1,521540.25,4518656.64,"13N",1645.4,0.1,"vst_CPER_2017","NEON.DOC.000987vG","N",,"N",,"N",,"noneSelected","noneSelected",400,400,400,,"om/8VwYPvXpscp/aa6cESufiFOo8HGVf0ytawe5BDhM=","wpONGfkopa175uOeyGxRRp4LJaIyiRqxY0ueNk0KmKI=",
"68f113d6-7c74-4477-9d25-f5f032018893","CPER_061.basePlot.vst","2017-09-18","D10","CPER","CPER_061","tower","grasslandHerbaceous",40.818121,-104.750648,"WGS84",10.1,521028.44,4518597.00,"13N",1652.8,0.1,"vst_CPER_2017","NEON.DOC.000987vG","N",,"Y",,"N",,"noneSelected","noneSelected",400,400,400,,"Xlq171H9ZZbsZilyMy0m6M6FP0arYawWChcBok1JiV8=","nqdZdcqczNgMa0j0JwbdXlFrjhlYsCG4epiVwJyDasE=",
"2a0d37b7-cd9d-401d-91ce-6c9494cb5954","CPER_065.basePlot.vst","2017-09-18","D10","CPER","CPER_065","tower","grasslandHerbaceous",40.818362,-104.743864,"WGS84",10.1,521600.47,4518625.40,"13N",1645.6,0.1,"vst_CPER_2017","NEON.DOC.000987vG","N",,"N",,"N",,"noneSelected","noneSelected",400,400,400,,"rqshhe/SUgyPwdITr9NIwpYRUtT2h3qGluL++bNJ7qY=","gtcF6SkwFMwZhyumG8ZbjdKb4NrzWNwXCYvjmSW8HQQ=",
"34247336-e02f-4034-a4ca-8c550f902522","CPER_058.basePlot.vst","2017-09-18","D10","CPER","CPER_058","tower","grasslandHerbaceous",40.820271,-104.745646,"WGS84",10.1,521449.57,4518836.87,"13N",1647.0,0.1,"vst_CPER_2017","NEON.DOC.000987vG","N",,"N",,"N",,"noneSelected","noneSelected",400,400,400,,"wnOuIHRa4FNge2r5fSJd4YjRW+z90VodUfYjLZbeVRc=","3uEnvnvqYXbO9JBJS6RXERXAwcfMg4u8JGudOnO+j4Y=",
"5aef8b67-e4a1-4487-9193-f7332fe3e3ed","CPER_066.basePlot.vst","2017-09-18","D10","CPER","CPER_066","tower","grasslandHerbaceous",40.816751,-104.749576,"WGS84",10.1,521119.27,4518445.18,"13N",1651.2,0.1,"vst_CPER_2017","NEON.DOC.000987vG","N",,"N",,"N",,"noneSelected","noneSelected",400,400,400,,"Xlq171H9ZZbsZilyMy0m6M6FP0arYawWChcBok1JiV8=","nqdZdcqczNgMa0j0JwbdXlFrjhlYsCG4epiVwJyDasE=",
"a10cbe1e-3ee6-45da-b752-db009dcb0242","CPER_055.basePlot.vst","2017-09-18","D10","CPER","CPER_055","tower","grasslandHerbaceous",40.819185,-104.745645,"WGS84",10.1,521450.01,4518716.32,"13N",1645.2,0.1,"vst_CPER_2017","NEON.DOC.000987vG","N",,"N",,"N",,"noneSelected","noneSelected",400,400,400,,"om/8VwYPvXpscp/aa6cESufiFOo8HGVf0ytawe5BDhM=","wpONGfkopa175uOeyGxRRp4LJaIyiRqxY0ueNk0KmKI=",
"7eadf5ff-b29c-4c28-b87b-728cd877dd95","CPER_068.basePlot.vst","2017-09-18","D10","CPER","CPER_068","tower","grasslandHerbaceous",40.819722,-104.744935,"WGS84",10.1,521509.71,4518776.10,"13N",1645.1,0.1,"vst_CPER_2017","NEON.DOC.000987vG","N",,"N",,"N",,"noneSelected","noneSelected",400,400,400,"May not meet 20 individuals","wnOuIHRa4FNge2r5fSJd4YjRW+z90VodUfYjLZbeVRc=","3uEnvnvqYXbO9JBJS6RXERXAwcfMg4u8JGudOnO+j4Y=",
"f8525be7-4ddd-4e90-929c-d486cf59b836","CPER_045.basePlot.vst","2017-09-18","D10","CPER","CPER_045","tower","grasslandHerbaceous",40.817292,-104.750288,"WGS84",20.1,521059.06,4518505.06,"13N",1652.0,0.1,"vst_CPER_2017","NEON.DOC.000987vG","N",,"N",,"N",,"noneSelected","noneSelected",400,400,400,,"Xlq171H9ZZbsZilyMy0m6M6FP0arYawWChcBok1JiV8=","nqdZdcqczNgMa0j0JwbdXlFrjhlYsCG4epiVwJyDasE=",
"9ab63607-646f-46a6-83ae-6e41492f6149","CPER_070.basePlot.vst","2017-09-18","D10","CPER","CPER_070","tower","grasslandHerbaceous",40.817815,-104.744224,"WGS84",10.1,521570.29,4518564.59,"13N",1648.4,0.1,"vst_CPER_2017","NEON.DOC.000987vG","N",,"N",,"N",,"noneSelected","noneSelected",400,400,400,,"rqshhe/SUgyPwdITr9NIwpYRUtT2h3qGluL++bNJ7qY=","gtcF6SkwFMwZhyumG8ZbjdKb4NrzWNwXCYvjmSW8HQQ=",
"7ca86f27-c51b-486a-aa2a-c33cf113b21a","CPER_057.basePlot.vst","2017-09-18","D10","CPER","CPER_057","tower","grasslandHerbaceous",40.817822,-104.744930,"WGS84",10.1,521510.74,4518565.19,"13N",1650.3,0.1,"vst_CPER_2017","NEON.DOC.000987vG","N",,"N",,"N",,"noneSelected","noneSelected",400,400,400,,"rqshhe/SUgyPwdITr9NIwpYRUtT2h3qGluL++bNJ7qY=","gtcF6SkwFMwZhyumG8ZbjdKb4NrzWNwXCYvjmSW8HQQ=",
"f32e080b-3e5a-4046-9478-70a1a3543d5a","CPER_073.basePlot.vst","2017-09-18","D10","CPER","CPER_073","tower","grasslandHerbaceous",40.819188,-104.744585,"WGS84",10.1,521539.40,4518716.91,"13N",1644.4,0.1,"vst_CPER_2017","NEON.DOC.000987vG","N",,"N",,"N",,"noneSelected","noneSelected",400,400,400,,"om/8VwYPvXpscp/aa6cESufiFOo8HGVf0ytawe5BDhM=","wpONGfkopa175uOeyGxRRp4LJaIyiRqxY0ueNk0KmKI=",
"61a32dc5-603a-4239-b93e-1d460fe5c7b3","CPER_071.basePlot.vst","2017-09-18","D10","CPER","CPER_071","tower","grasslandHerbaceous",40.819728,-104.745640,"WGS84",10.1,521450.25,4518776.60,"13N",1645.2,0.1,"vst_CPER_2017","NEON.DOC.000987vG","N",,"N",,"N",,"noneSelected","noneSelected",400,400,400,,"wnOuIHRa4FNge2r5fSJd4YjRW+z90VodUfYjLZbeVRc=","3uEnvnvqYXbO9JBJS6RXERXAwcfMg4u8JGudOnO+j4Y=",
"35bedfde-99fd-479d-bc17-a47baf99f855","CPER_049.basePlot.vst","2017-09-18","D10","CPER","CPER_049","tower","grasslandHerbaceous",40.817272,-104.744580,"WGS84",10.1,521540.44,4518504.23,"13N",1654.3,0.1,"vst_CPER_2017","NEON.DOC.000987vG","N",,"N",,"N",,"noneSelected","noneSelected",400,400,400,,"rqshhe/SUgyPwdITr9NIwpYRUtT2h3qGluL++bNJ7qY=","gtcF6SkwFMwZhyumG8ZbjdKb4NrzWNwXCYvjmSW8HQQ=",
"652caa46-0f5f-41e6-b608-8352e3f1f39c","CPER_067.basePlot.vst","2017-09-18","D10","CPER","CPER_067","tower","grasslandHerbaceous",40.818646,-104.745295,"WGS84",10.1,521479.70,4518656.57,"13N",1645.5,0.1,"vst_CPER_2017","NEON.DOC.000987vG","N",,"N",,"N",,"noneSelected","noneSelected",400,400,400,,"om/8VwYPvXpscp/aa6cESufiFOo8HGVf0ytawe5BDhM=","wpONGfkopa175uOeyGxRRp4LJaIyiRqxY0ueNk0KmKI=",
"1b30875a-9602-4b36-8279-702cd9fd0f4e","CPER_053.basePlot.vst","2017-09-18","D10","CPER","CPER_053","tower","grasslandHerbaceous",40.817842,-104.749919,"WGS84",10.1,521090.00,4518566.20,"13N",1651.5,0.1,"vst_CPER_2017","NEON.DOC.000987vG","N",,"N",,"N",,"noneSelected","noneSelected",400,400,400,,"Xlq171H9ZZbsZilyMy0m6M6FP0arYawWChcBok1JiV8=","nqdZdcqczNgMa0j0JwbdXlFrjhlYsCG4epiVwJyDasE=",
"bae2b204-f3bc-43e0-a7a4-4ba7fdb446d7","CPER_074.basePlot.vst","2017-09-18","D10","CPER","CPER_074","tower","grasslandHerbaceous",40.820001,-104.746711,"WGS84",10.1,521359.85,4518806.64,"13N",1646.1,0.1,"vst_CPER_2017","NEON.DOC.000987vG","N",,"N",,"N",,"noneSelected","noneSelected",400,400,400,,"wnOuIHRa4FNge2r5fSJd4YjRW+z90VodUfYjLZbeVRc=","3uEnvnvqYXbO9JBJS6RXERXAwcfMg4u8JGudOnO+j4Y=",
"3a6a547a-7100-4273-b40d-7d83d0209425","CPER_003.basePlot.vst","2017-09-19","D10","CPER","CPER_003","distributed","grasslandHerbaceous",40.818451,-104.707164,"WGS84",20.1,524695.42,4518644.97,"13N",1623.8,0.1,"vst_CPER_2017","NEON.DOC.000987vG","N",,"Y","presentInAll","N",,"noneSelected","noneSelected",400,400,400,,"Xlq171H9ZZbsZilyMy0m6M6FP0arYawWChcBok1JiV8=","rqshhe/SUgyPwdITr9NIwpYRUtT2h3qGluL++bNJ7qY=",
"5010fadb-7b4c-44dc-9b28-9ffdda2189fb","CPER_007.basePlot.vst","2017-09-19","D10","CPER","CPER_007","distributed","grasslandHerbaceous",40.861915,-104.683832,"WGS84",20.1,526645.65,4523476.60,"13N",1646.7,0.1,"vst_CPER_2017","NEON.DOC.000987vG","N",,"Y",,"N",,"noneSelected","noneSelected",400,400,400,,"Xlq171H9ZZbsZilyMy0m6M6FP0arYawWChcBok1JiV8=","3uEnvnvqYXbO9JBJS6RXERXAwcfMg4u8JGudOnO+j4Y=",
"50b4a417-6566-42d4-b382-989abc41b5a1","CPER_013.basePlot.vst","2017-09-20","D10","CPER","CPER_013","distributed","grasslandHerbaceous",40.821979,-104.712840,"WGS84",20.1,524215.47,4519035.02,"13N",1623.6,0.1,"vst_CPER_2017","NEON.DOC.000987vG","N",,"Y","presentInAll","N",,"noneSelected","noneSelected",400,400,400,,"om/8VwYPvXpscp/aa6cESufiFOo8HGVf0ytawe5BDhM=","3uEnvnvqYXbO9JBJS6RXERXAwcfMg4u8JGudOnO+j4Y=",
"3a7e9ca4-b096-4358-add3-5864f473e92d","CPER_020.basePlot.vst","2017-09-20","D10","CPER","CPER_020","distributed","grasslandHerbaceous",40.785746,-104.707657,"WGS84",20.1,524665.95,4515014.39,"13N",1604.3,0.1,"vst_CPER_2017","NEON.DOC.000987vG","N",,"Y","presentInAll","N",,"noneSelected","noneSelected",400,400,400,,"rqshhe/SUgyPwdITr9NIwpYRUtT2h3qGluL++bNJ7qY=","fWHghMULgzydjDlBKdRJnn+LrnIOOPluX0H9MFosrfc=",
"766721c2-c394-4ba2-8926-b8206dc5a576","CPER_005.basePlot.vst","2017-09-21","D10","CPER","CPER_005","distributed","grasslandHerbaceous",40.853093,-104.728006,"WGS84",20.1,522925.84,4522484.80,"13N",1664.4,0.1,"vst_CPER_2017","NEON.DOC.000987vG","N",,"Y","presentInAll","N",,"noneSelected","noneSelected",400,400,400,,"rqshhe/SUgyPwdITr9NIwpYRUtT2h3qGluL++bNJ7qY=","wpONGfkopa175uOeyGxRRp4LJaIyiRqxY0ueNk0KmKI=",
"f6a33238-211f-4175-a3c9-674f986cdb42","CPER_017.basePlot.vst","2017-09-21","D10","CPER","CPER_017","distributed","grasslandHerbaceous",40.856261,-104.691691,"WGS84",20.1,525985.53,4522846.60,"13N",1640.4,0.1,"vst_CPER_2017","NEON.DOC.000987vG","N",,"Y",,"N",,"noneSelected","noneSelected",400,400,400,,"3uEnvnvqYXbO9JBJS6RXERXAwcfMg4u8JGudOnO+j4Y=","nqdZdcqczNgMa0j0JwbdXlFrjhlYsCG4epiVwJyDasE=",
"5116e5c8-654b-443d-95ab-82a15150b11f","CPER_010.basePlot.vst","2017-09-21","D10","CPER","CPER_010","distributed","grasslandHerbaceous",40.850010,-104.681398,"WGS84",20.1,526855.59,4522155.81,"13N",1646.2,0.1,"vst_CPER_2017","NEON.DOC.000987vG","N",,"Y","presentInAll","N",,"noneSelected","noneSelected",400,400,400,,"3uEnvnvqYXbO9JBJS6RXERXAwcfMg4u8JGudOnO+j4Y=","nqdZdcqczNgMa0j0JwbdXlFrjhlYsCG4epiVwJyDasE=",
"7acedc7f-b544-4c8a-b8de-cde4cc5602cf","CPER_014.basePlot.vst","2017-09-21","D10","CPER","CPER_014","distributed","grasslandHerbaceous",40.807905,-104.697947,"WGS84",20.1,525476.75,4517476.94,"13N",1611.8,0.1,"vst_CPER_2017","NEON.DOC.000987vG","N",,"Y","presentInAll","N",,"noneSelected","noneSelected",400,400,400,,"wnOuIHRa4FNge2r5fSJd4YjRW+z90VodUfYjLZbeVRc=","fWHghMULgzydjDlBKdRJnn+LrnIOOPluX0H9MFosrfc=",
"a4378e7c-3c49-437c-aef6-4f03f026bcd8","CPER_009.basePlot.vst","2017-09-25","D10","CPER","CPER_009","distributed","grasslandHerbaceous",40.826120,-104.745903,"WGS84",20.1,521426.02,4519486.09,"13N",1656.6,0.1,"vst_CPER_2017","NEON.DOC.000987vG",,,,,,,"noneSelected","noneSelected",400,400,400,,"Xlq171H9ZZbsZilyMy0m6M6FP0arYawWChcBok1JiV8=","wpONGfkopa175uOeyGxRRp4LJaIyiRqxY0ueNk0KmKI=",
"ff66c70f-90af-4ccb-b110-328c20cc6842","CPER_006.basePlot.vst","2017-09-25","D10","CPER","CPER_006","distributed","grasslandHerbaceous",40.814769,-104.748078,"WGS84",20.1,521246.24,4518225.52,"13N",1650.0,0.1,"vst_CPER_2017","NEON.DOC.000987vG",,,,,,,"noneSelected","noneSelected",400,400,400,,"Xlq171H9ZZbsZilyMy0m6M6FP0arYawWChcBok1JiV8=","wpONGfkopa175uOeyGxRRp4LJaIyiRqxY0ueNk0KmKI=",
"f65ea832-8039-4099-bb8f-a51e050cbb26","CPER_001.basePlot.vst","2017-09-25","D10","CPER","CPER_001","distributed","grasslandHerbaceous",40.850866,-104.699535,"WGS84",20.1,525326.45,4522245.42,"13N",1637.9,0.1,"vst_CPER_2017","NEON.DOC.000987vG","N",,"Y","presentInAll","N",,"noneSelected","noneSelected",400,400,400,,"gtcF6SkwFMwZhyumG8ZbjdKb4NrzWNwXCYvjmSW8HQQ=","om/8VwYPvXpscp/aa6cESufiFOo8HGVf0ytawe5BDhM=",
"0fb160c9-b680-4c1d-a1e0-75f512dad760","CPER_002.basePlot.vst","2017-09-25","D10","CPER","CPER_002","distributed","grasslandHerbaceous",40.810934,-104.729248,"WGS84",20.1,522835.61,4517804.55,"13N",1651.1,0.1,"vst_CPER_2017","NEON.DOC.000987vG",,,,,,,"noneSelected","noneSelected",400,400,400,,"Xlq171H9ZZbsZilyMy0m6M6FP0arYawWChcBok1JiV8=","wpONGfkopa175uOeyGxRRp4LJaIyiRqxY0ueNk0KmKI=",
"78b54c75-09e7-466c-b63e-2ddb2ae30a00","CPER_012.basePlot.vst","2017-09-25","D10","CPER","CPER_012","distributed","grasslandHerbaceous",40.802126,-104.771251,"WGS84",20.1,519295.57,4516816.72,"13N",1644.6,0.1,"vst_CPER_2017","NEON.DOC.000987vG",,,,,,,"noneSelected","noneSelected",400,400,400,,"Xlq171H9ZZbsZilyMy0m6M6FP0arYawWChcBok1JiV8=","wpONGfkopa175uOeyGxRRp4LJaIyiRqxY0ueNk0KmKI=",
"46fe4fbf-594f-48fa-aa53-3093e7c77acb","CPER_004.basePlot.vst","2017-09-25","D10","CPER","CPER_004","distributed","grasslandHerbaceous",40.812750,-104.696873,"WGS84",20.1,525565.47,4518015.08,"13N",1622.7,0.1,"vst_CPER_2017","NEON.DOC.000987vG","N",,"Y","31","N",,"noneSelected","noneSelected",400,400,400,,"rqshhe/SUgyPwdITr9NIwpYRUtT2h3qGluL++bNJ7qY=","nqdZdcqczNgMa0j0JwbdXlFrjhlYsCG4epiVwJyDasE=",
"29ac0121-8836-48b6-9289-e0594eebecda","CPER_019.basePlot.vst","2017-09-25","D10","CPER","CPER_019","distributed","grasslandHerbaceous",40.824819,-104.785759,"WGS84",20.1,518065.62,4519332.69,"13N",1666.0,0.1,"vst_CPER_2017","NEON.DOC.000987vG",,,,,,,"noneSelected","noneSelected",400,400,400,,"Xlq171H9ZZbsZilyMy0m6M6FP0arYawWChcBok1JiV8=","wpONGfkopa175uOeyGxRRp4LJaIyiRqxY0ueNk0KmKI=",
"1eb2ec9f-c39a-4701-bc5d-35a4d2558c76","CPER_008.basePlot.vst","2017-09-25","D10","CPER","CPER_008","distributed","grasslandHerbaceous",40.798822,-104.749212,"WGS84",20.1,521155.66,4516455.04,"13N",1644.8,0.1,"vst_CPER_2017","NEON.DOC.000987vG",,,,,,,"noneSelected","noneSelected",400,400,400,,"Xlq171H9ZZbsZilyMy0m6M6FP0arYawWChcBok1JiV8=","wpONGfkopa175uOeyGxRRp4LJaIyiRqxY0ueNk0KmKI=",
"9d4064cb-efc9-417d-9b30-d91f37027d28","CPER_018.basePlot.vst","2017-09-25","D10","CPER","CPER_018","distributed","grasslandHerbaceous",40.825715,-104.695047,"WGS84",20.1,525714.47,4519454.81,"13N",1627.7,0.1,"vst_CPER_2017","NEON.DOC.000987vG",,,,,,,"noneSelected","noneSelected",400,400,400,,"Xlq171H9ZZbsZilyMy0m6M6FP0arYawWChcBok1JiV8=","wpONGfkopa175uOeyGxRRp4LJaIyiRqxY0ueNk0KmKI=",
"27beb205-c75a-4bbf-95a3-8e47b7981609","CPER_016.basePlot.vst","2017-09-25","D10","CPER","CPER_016","distributed","grasslandHerbaceous",40.804501,-104.756306,"WGS84",20.1,520555.49,4517083.75,"13N",1640.3,0.1,"vst_CPER_2017","NEON.DOC.000987vG",,,,,,,"noneSelected","noneSelected",400,400,400,,"Xlq171H9ZZbsZilyMy0m6M6FP0arYawWChcBok1JiV8=","wpONGfkopa175uOeyGxRRp4LJaIyiRqxY0ueNk0KmKI=",
"b864d458-0f02-42a3-9bc2-7d5bb0cb11a5","CPER_015.basePlot.vst","2017-09-25","D10","CPER","CPER_015","distributed","grasslandHerbaceous",40.853133,-104.744736,"WGS84",20.1,521515.69,4522484.99,"13N",1670.5,0.1,"vst_CPER_2017","NEON.DOC.000987vG","N",,"Y",,"N",,"noneSelected","noneSelected",400,400,400,,"gtcF6SkwFMwZhyumG8ZbjdKb4NrzWNwXCYvjmSW8HQQ=","om/8VwYPvXpscp/aa6cESufiFOo8HGVf0ytawe5BDhM=",
"20cbb589-9549-4461-85c3-19bfa34cc2b2","CPER_011.basePlot.vst","2017-09-25","D10","CPER","CPER_011","distributed","grasslandHerbaceous",40.866286,-104.703366,"WGS84",20.1,524997.74,4523956.05,"13N",1649.7,0.1,"vst_CPER_2017","NEON.DOC.000987vG","N",,"Y","presentInAll","N",,"noneSelected","noneSelected",400,400,400,,"rqshhe/SUgyPwdITr9NIwpYRUtT2h3qGluL++bNJ7qY=","nqdZdcqczNgMa0j0JwbdXlFrjhlYsCG4epiVwJyDasE=",
