uid,namedLocation,date,eventID,domainID,siteID,plotID,subplotID,individualID,tagStatus,growthForm,plantStatus,stemDiameter,measurementHeight,height,baseCrownHeight,breakHeight,breakDiameter,maxCrownDiameter,ninetyCrownDiameter,canopyPosition,shape,basalStemDiameter,basalStemDiameterMsrmntHeight,maxBaseCrownDiameter,ninetyBaseCrownDiameter,remarks,recordedBy,measuredBy,dataQF
"01665bbe-ba32-4fde-8bfe-9fbe397cd1d5","BLAN_055.basePlot.vst","2016-11-02","vst_BLAN_2016","D02","BLAN","BLAN_055",,"NEON.PLA.D02.BLAN.01821","ok","small shrub","Live",,,1.5,,,,1.0,0.8,,"inverted cone",1.0,10,0.08,0.02,,"HwrR06bjl3TqPXYD/ecX4LA/iftMi41T","2CALKs4JNjmK3iYT4PUVEer6DObkBehF","legacyData"
"cf3e4ff4-dbf9-42c0-b267-342b368bad0c","BLAN_055.basePlot.vst","2016-11-02","vst_BLAN_2016","D02","BLAN","BLAN_055",,"NEON.PLA.D02.BLAN.05923","ok","small shrub","Live",,,1.0,,,,0.8,0.6,,"inverted cone",1.4,10,0.09,0.06,,"HwrR06bjl3TqPXYD/ecX4LA/iftMi41T","2CALKs4JNjmK3iYT4PUVEer6DObkBehF","legacyData"
"6104b130-7e5a-4c7c-a8d9-3c8ddf9282ae","BLAN_055.basePlot.vst","2016-11-02","vst_BLAN_2016","D02","BLAN","BLAN_055",,"NEON.PLA.D02.BLAN.05930","ok","small shrub","Live",,,1.6,,,,1.1,0.7,,"inverted cone",1.8,10,0.09,0.06,,"HwrR06bjl3TqPXYD/ecX4LA/iftMi41T","2CALKs4JNjmK3iYT4PUVEer6DObkBehF","legacyData"
"03446405-2221-4a39-bb7e-e2619d4cfbf7","BLAN_055.basePlot.vst","2016-11-02","vst_BLAN_2016","D02","BLAN","BLAN_055",,"NEON.PLA.D02.BLAN.13017","ok","small shrub","Live",,,1.3,0.5,,,0.5,0.5,,"ellipsoid or sphere",1.1,10,,,,"HwrR06bjl3TqPXYD/ecX4LA/iftMi41T","2CALKs4JNjmK3iYT4PUVEer6DObkBehF","legacyData"
"4d8ed00e-94f8-4862-ba25-2d9fdc7f07cf","BLAN_055.basePlot.vst","2016-11-02","vst_BLAN_2016","D02","BLAN","BLAN_055",,"NEON.PLA.D02.BLAN.01821","ok","small shrub","Live",,,1.5,,,,1.0,0.8,,"inverted cone",1.2,10,0.08,0.02,,"HwrR06bjl3TqPXYD/ecX4LA/iftMi41T","2CALKs4JNjmK3iYT4PUVEer6DObkBehF","legacyData"
"ec8c6622-41ad-4581-b07a-bfcb93ac04b8","BLAN_055.basePlot.vst","2016-11-02","vst_BLAN_2016","D02","BLAN","BLAN_055",,"NEON.PLA.D02.BLAN.05940","ok","small shrub","Live",,,1.5,,,,1.0,0.5,,"inverted cone",1.2,10,0.08,0.02,,"HwrR06bjl3TqPXYD/ecX4LA/iftMi41T","2CALKs4JNjmK3iYT4PUVEer6DObkBehF","legacyData"
"f924d99f-0eec-4510-b50c-1c6a919a9eba","BLAN_055.basePlot.vst","2016-11-02","vst_BLAN_2016","D02","BLAN","BLAN_055",,"NEON.PLA.D02.BLAN.05941","ok","small shrub","Live",,,1.8,,,,1.0,0.9,,"inverted cone",1.4,10,0.06,0.03,,"HwrR06bjl3TqPXYD/ecX4LA/iftMi41T","2CALKs4JNjmK3iYT4PUVEer6DObkBehF","legacyData"
"5685b898-4773-48e8-a257-93214177fa4c","BLAN_055.basePlot.vst","2016-11-02","vst_BLAN_2016","D02","BLAN","BLAN_055",,"NEON.PLA.D02.BLAN.05931","ok","small shrub","Live",,,1.5,,,,0.9,0.8,,"inverted cone",1.3,10,0.10,0.05,,"HwrR06bjl3TqPXYD/ecX4LA/iftMi41T","2CALKs4JNjmK3iYT4PUVEer6DObkBehF","legacyData"
"c400f1bc-23c1-47c0-bd77-97661f746a03","BLAN_055.basePlot.vst","2016-11-02","vst_BLAN_2016","D02","BLAN","BLAN_055",,"NEON.PLA.D02.BLAN.01822","ok","small shrub","Live",,,1.4,,,,0.9,0.6,,"inverted cone",1.2,10,0.09,0.02,,"HwrR06bjl3TqPXYD/ecX4LA/iftMi41T","2CALKs4JNjmK3iYT4PUVEer6DObkBehF","legacyData"
"9a691fe2-3c75-4dcc-9d02-861f30d4d4db","BLAN_055.basePlot.vst","2016-11-02","vst_BLAN_2016","D02","BLAN","BLAN_055",,"NEON.PLA.D02.BLAN.05946","ok","small shrub","Live",,,1.2,,,,0.9,0.4,,"inverted cone",1.4,10,0.03,0.02,,"HwrR06bjl3TqPXYD/ecX4LA/iftMi41T","2CALKs4JNjmK3iYT4PUVEer6DObkBehF","legacyData"
"21ce7ded-15e1-4fb0-8b15-99b35dfdd19b","BLAN_055.basePlot.vst","2016-11-02","vst_BLAN_2016","D02","BLAN","BLAN_055",,"NEON.PLA.D02.BLAN.05945","ok","small shrub","Live",,,1.5,0.3,,,0.6,0.6,,"ellipsoid or sphere",1.5,10,,,,"HwrR06bjl3TqPXYD/ecX4LA/iftMi41T","2CALKs4JNjmK3iYT4PUVEer6DObkBehF","legacyData"
"aecbc059-fb70-4099-a1ea-a257c48391ef","BLAN_055.basePlot.vst","2016-11-02","vst_BLAN_2016","D02","BLAN","BLAN_055",,"NEON.PLA.D02.BLAN.05936","ok","small shrub","Live",,,1.2,0.2,,,0.5,0.3,,"ellipsoid or sphere",1.4,10,,,,"HwrR06bjl3TqPXYD/ecX4LA/iftMi41T","2CALKs4JNjmK3iYT4PUVEer6DObkBehF","legacyData"
"79450ee7-eb7c-4286-8d89-beaebb894633","BLAN_055.basePlot.vst","2016-11-02","vst_BLAN_2016","D02","BLAN","BLAN_055",,"NEON.PLA.D02.BLAN.05937","ok","small shrub","Live",,,1.4,,,,0.5,0.5,,"inverted cone",1.7,10,0.04,0.03,,"HwrR06bjl3TqPXYD/ecX4LA/iftMi41T","2CALKs4JNjmK3iYT4PUVEer6DObkBehF","legacyData"
"4f5cae52-dc8c-4943-95c5-c6b7e3b66e7c","BLAN_055.basePlot.vst","2016-11-02","vst_BLAN_2016","D02","BLAN","BLAN_055",,"NEON.PLA.D02.BLAN.13019","ok","small shrub","Live",,,1.4,0.5,,,0.8,0.5,,"ellipsoid or sphere",1.2,10,,,,"HwrR06bjl3TqPXYD/ecX4LA/iftMi41T","2CALKs4JNjmK3iYT4PUVEer6DObkBehF","legacyData"
"c0b07482-fe00-4b11-b540-5bf74a33600b","BLAN_055.basePlot.vst","2016-11-02","vst_BLAN_2016","D02","BLAN","BLAN_055",,"NEON.PLA.D02.BLAN.05924","ok","small shrub","Live",,,1.4,,,,0.8,0.4,,"inverted cone",1.3,10,0.07,0.03,,"HwrR06bjl3TqPXYD/ecX4LA/iftMi41T","2CALKs4JNjmK3iYT4PUVEer6DObkBehF","legacyData"
"13a361ef-fd83-4497-b33e-d7c6e9a3fa8a","BLAN_055.basePlot.vst","2016-11-02","vst_BLAN_2016","D02","BLAN","BLAN_055",,"NEON.PLA.D02.BLAN.05927","ok","small shrub","Live",,,1.7,0.7,,,0.8,0.8,,"ellipsoid or sphere",1.7,10,,,,"HwrR06bjl3TqPXYD/ecX4LA/iftMi41T","2CALKs4JNjmK3iYT4PUVEer6DObkBehF","legacyData"
"20c6b7ab-ccf7-41fd-aa02-cdd6f366dde7","BLAN_055.basePlot.vst","2016-11-02","vst_BLAN_2016","D02","BLAN","BLAN_055",,"NEON.PLA.D02.BLAN.01844","ok","small shrub","Live",,,1.5,,,,0.7,0.7,,"inverted cone",1.2,10,0.05,0.02,,"HwrR06bjl3TqPXYD/ecX4LA/iftMi41T","2CALKs4JNjmK3iYT4PUVEer6DObkBehF","legacyData"
"d014caa7-7724-4f33-957f-8cf317d1ec85","BLAN_055.basePlot.vst","2016-11-02","vst_BLAN_2016","D02","BLAN","BLAN_055",,"NEON.PLA.D02.BLAN.05925","ok","small shrub","Live",,,1.7,,,,1.1,0.6,,"inverted cone",1.5,10,0.09,0.02,,"HwrR06bjl3TqPXYD/ecX4LA/iftMi41T","2CALKs4JNjmK3iYT4PUVEer6DObkBehF","legacyData"
"984303d8-9ef5-4dbd-b3db-badf907ccfc9","BLAN_055.basePlot.vst","2016-11-02","vst_BLAN_2016","D02","BLAN","BLAN_055",,"NEON.PLA.D02.BLAN.05929","ok","small shrub","Live",,,1.6,0.4,,,1.0,0.8,,"ellipsoid or sphere",2.1,10,,,,"HwrR06bjl3TqPXYD/ecX4LA/iftMi41T","2CALKs4JNjmK3iYT4PUVEer6DObkBehF","legacyData"
"bebfe13f-d038-4dce-bec3-5fd278b6ae4e","BLAN_055.basePlot.vst","2016-11-02","vst_BLAN_2016","D02","BLAN","BLAN_055",,"NEON.PLA.D02.BLAN.05924","ok","small shrub","Live",,,1.4,,,,0.8,0.4,,"inverted cone",1.2,10,0.07,0.03,,"HwrR06bjl3TqPXYD/ecX4LA/iftMi41T","2CALKs4JNjmK3iYT4PUVEer6DObkBehF","legacyData"
"fa44231c-cf44-4feb-8e96-be03b917e759","BLAN_055.basePlot.vst","2016-11-02","vst_BLAN_2016","D02","BLAN","BLAN_055",,"NEON.PLA.D02.BLAN.01837","ok","small shrub","Live",,,1.4,,,,0.7,0.7,,"inverted cone",1.5,10,0.05,0.03,,"HwrR06bjl3TqPXYD/ecX4LA/iftMi41T","2CALKs4JNjmK3iYT4PUVEer6DObkBehF","legacyData"
"e03040f5-8f84-4d5d-9f2a-8532f1c95750","BLAN_055.basePlot.vst","2016-11-02","vst_BLAN_2016","D02","BLAN","BLAN_055",,"NEON.PLA.D02.BLAN.05933","ok","small shrub","Live",,,1.3,0.4,,,0.7,0.5,,"ellipsoid or sphere",1.7,10,,,,"HwrR06bjl3TqPXYD/ecX4LA/iftMi41T","2CALKs4JNjmK3iYT4PUVEer6DObkBehF","legacyData"
"92c237a5-c143-42bc-9a08-a9a29405d187","BLAN_055.basePlot.vst","2016-11-02","vst_BLAN_2016","D02","BLAN","BLAN_055",,"NEON.PLA.D02.BLAN.01836","ok","small shrub","Live",,,1.2,,,,0.6,0.4,,"inverted cone",1.2,10,0.07,0.02,,"HwrR06bjl3TqPXYD/ecX4LA/iftMi41T","2CALKs4JNjmK3iYT4PUVEer6DObkBehF","legacyData"
"f7138067-7834-43c6-a652-7315d6cbc698","BLAN_055.basePlot.vst","2016-11-02","vst_BLAN_2016","D02","BLAN","BLAN_055",,"NEON.PLA.D02.BLAN.01842","ok","small shrub","Live",,,1.2,0.5,,,0.5,0.4,,"ellipsoid or sphere",1.2,10,,,,"HwrR06bjl3TqPXYD/ecX4LA/iftMi41T","2CALKs4JNjmK3iYT4PUVEer6DObkBehF","legacyData"
"760a69ae-b7dd-4ace-93f0-12497ae7c65b","BLAN_055.basePlot.vst","2016-11-02","vst_BLAN_2016","D02","BLAN","BLAN_055",,"NEON.PLA.D02.BLAN.05948","ok","small shrub","Live",,,1.5,,,,1.1,0.7,,"inverted cone",2.0,10,0.09,0.03,,"HwrR06bjl3TqPXYD/ecX4LA/iftMi41T","2CALKs4JNjmK3iYT4PUVEer6DObkBehF","legacyData"
"48135eee-bf71-4c69-bbc6-a83084149cd0","BLAN_055.basePlot.vst","2016-11-02","vst_BLAN_2016","D02","BLAN","BLAN_055",,"NEON.PLA.D02.BLAN.05949","ok","small shrub","Live",,,1.3,,,,0.8,0.5,,"inverted cone",2.0,10,0.09,0.02,,"HwrR06bjl3TqPXYD/ecX4LA/iftMi41T","2CALKs4JNjmK3iYT4PUVEer6DObkBehF","legacyData"
"f32e892e-4668-4a3f-9820-0242aee687b8","BLAN_055.basePlot.vst","2016-11-02","vst_BLAN_2016","D02","BLAN","BLAN_055",,"NEON.PLA.D02.BLAN.05941","ok","small shrub","Live",,,1.8,,,,1.0,0.9,,"inverted cone",1.7,10,0.06,0.03,,"HwrR06bjl3TqPXYD/ecX4LA/iftMi41T","2CALKs4JNjmK3iYT4PUVEer6DObkBehF","legacyData"
"7406f606-4343-45ad-9af7-4910ab4d1620","BLAN_055.basePlot.vst","2016-11-02","vst_BLAN_2016","D02","BLAN","BLAN_055",,"NEON.PLA.D02.BLAN.05926","ok","small shrub","Live",,,1.5,0.6,,,1.8,1.5,,"ellipsoid or sphere",1.2,10,,,,"HwrR06bjl3TqPXYD/ecX4LA/iftMi41T","2CALKs4JNjmK3iYT4PUVEer6DObkBehF","legacyData"
"56092154-abec-4cae-bbad-02f7d6346a3b","BLAN_055.basePlot.vst","2016-11-02","vst_BLAN_2016","D02","BLAN","BLAN_055",,"NEON.PLA.D02.BLAN.01838","ok","small shrub","Live",,,1.6,0.6,,,0.7,0.5,,"ellipsoid or sphere",1.1,10,,,,"HwrR06bjl3TqPXYD/ecX4LA/iftMi41T","2CALKs4JNjmK3iYT4PUVEer6DObkBehF","legacyData"
"4fbdf08c-41a4-439a-ba57-cb74dc25ec71","BLAN_055.basePlot.vst","2016-11-02","vst_BLAN_2016","D02","BLAN","BLAN_055",,"NEON.PLA.D02.BLAN.05935","ok","small shrub","Live",,,1.6,,,,0.7,0.5,,"inverted cone",1.7,10,0.06,0.02,,"HwrR06bjl3TqPXYD/ecX4LA/iftMi41T","2CALKs4JNjmK3iYT4PUVEer6DObkBehF","legacyData"
"3e56a0e3-7f47-482a-bd06-e118d86792fa","BLAN_055.basePlot.vst","2016-11-02","vst_BLAN_2016","D02","BLAN","BLAN_055",,"NEON.PLA.D02.BLAN.05928","ok","small shrub","Live",,,1.7,,,,1.3,0.9,,"inverted cone",2.8,10,0.09,0.03,,"HwrR06bjl3TqPXYD/ecX4LA/iftMi41T","2CALKs4JNjmK3iYT4PUVEer6DObkBehF","legacyData"
"06d08064-035a-43f2-85f0-b39d6be6adb5","BLAN_055.basePlot.vst","2016-11-02","vst_BLAN_2016","D02","BLAN","BLAN_055",,"NEON.PLA.D02.BLAN.05928","ok","small shrub","Live",,,1.7,,,,1.3,0.9,,"inverted cone",2.5,10,0.09,0.03,,"HwrR06bjl3TqPXYD/ecX4LA/iftMi41T","2CALKs4JNjmK3iYT4PUVEer6DObkBehF","legacyData"
"b5d983f1-cd4e-4617-8219-e7d7e7f32812","BLAN_055.basePlot.vst","2016-11-02","vst_BLAN_2016","D02","BLAN","BLAN_055",,"NEON.PLA.D02.BLAN.13020","ok","small shrub","Live",,,1.0,,,,0.3,0.2,,"inverted cone",1.0,10,0.05,0.02,,"HwrR06bjl3TqPXYD/ecX4LA/iftMi41T","2CALKs4JNjmK3iYT4PUVEer6DObkBehF","legacyData"
"16901914-6760-4dc7-aa9c-adbf9a2539f7","BLAN_055.basePlot.vst","2016-11-02","vst_BLAN_2016","D02","BLAN","BLAN_055",,"NEON.PLA.D02.BLAN.01837","ok","small shrub","Live",,,1.4,,,,0.7,0.7,,"inverted cone",1.3,10,0.05,0.03,,"HwrR06bjl3TqPXYD/ecX4LA/iftMi41T","2CALKs4JNjmK3iYT4PUVEer6DObkBehF","legacyData"
"68c83728-bc20-4ac0-969f-d31d2881a9ba","BLAN_055.basePlot.vst","2016-11-02","vst_BLAN_2016","D02","BLAN","BLAN_055",,"NEON.PLA.D02.BLAN.01821","ok","small shrub","Live",,,1.5,,,,1.0,0.8,,"inverted cone",1.1,10,0.08,0.02,,"HwrR06bjl3TqPXYD/ecX4LA/iftMi41T","2CALKs4JNjmK3iYT4PUVEer6DObkBehF","legacyData"
"4f9d7cdf-9665-4cfa-82e8-f4d7f9fd25c8","BLAN_055.basePlot.vst","2016-11-02","vst_BLAN_2016","D02","BLAN","BLAN_055",,"NEON.PLA.D02.BLAN.05938","ok","small shrub","Live",,,1.6,,,,1.6,1.2,,"inverted cone",1.8,10,0.07,0.04,,"HwrR06bjl3TqPXYD/ecX4LA/iftMi41T","2CALKs4JNjmK3iYT4PUVEer6DObkBehF","legacyData"
"036ae31a-098b-4bba-b700-5f0f07edd99c","BLAN_055.basePlot.vst","2016-11-02","vst_BLAN_2016","D02","BLAN","BLAN_055",,"NEON.PLA.D02.BLAN.05934","ok","small shrub","Live",,,1.4,,,,0.9,0.7,,"inverted cone",1.9,10,0.08,0.02,,"HwrR06bjl3TqPXYD/ecX4LA/iftMi41T","2CALKs4JNjmK3iYT4PUVEer6DObkBehF","legacyData"
"d2b62044-73c9-4d1b-9629-f5c20e9cf410","BLAN_055.basePlot.vst","2016-11-02","vst_BLAN_2016","D02","BLAN","BLAN_055",,"NEON.PLA.D02.BLAN.01844","ok","small shrub","Live",,,1.5,,,,0.7,0.7,,"inverted cone",1.1,10,0.05,0.02,,"HwrR06bjl3TqPXYD/ecX4LA/iftMi41T","2CALKs4JNjmK3iYT4PUVEer6DObkBehF","legacyData"
"a0c04078-13bb-4ebe-8cf1-c7c649ea724b","BLAN_055.basePlot.vst","2016-11-02","vst_BLAN_2016","D02","BLAN","BLAN_055",,"NEON.PLA.D02.BLAN.05923","ok","small shrub","Live",,,1.0,,,,0.8,0.6,,"inverted cone",1.6,10,0.09,0.06,,"HwrR06bjl3TqPXYD/ecX4LA/iftMi41T","2CALKs4JNjmK3iYT4PUVEer6DObkBehF","legacyData"
"99406a3c-7233-4fa3-a9e6-699e099da784","BLAN_055.basePlot.vst","2016-11-02","vst_BLAN_2016","D02","BLAN","BLAN_055",,"NEON.PLA.D02.BLAN.01822","ok","small shrub","Live",,,1.4,,,,0.9,0.6,,"inverted cone",1.3,10,0.09,0.02,,"HwrR06bjl3TqPXYD/ecX4LA/iftMi41T","2CALKs4JNjmK3iYT4PUVEer6DObkBehF","legacyData"
"a1e375c4-3b40-4ece-8123-e759c58ad474","BLAN_055.basePlot.vst","2016-11-02","vst_BLAN_2016","D02","BLAN","BLAN_055",,"NEON.PLA.D02.BLAN.13018","ok","small shrub","Live",,,1.1,,,,0.5,0.4,,"inverted cone",1.1,10,,,,"HwrR06bjl3TqPXYD/ecX4LA/iftMi41T","2CALKs4JNjmK3iYT4PUVEer6DObkBehF","legacyData"
"b9c63309-995d-4a64-b39e-84c2b9b62e14","BLAN_055.basePlot.vst","2016-11-02","vst_BLAN_2016","D02","BLAN","BLAN_055",,"NEON.PLA.D02.BLAN.05932","ok","small shrub","Live",,,1.5,,,,0.8,0.7,,"inverted cone",1.9,10,0.06,0.04,,"HwrR06bjl3TqPXYD/ecX4LA/iftMi41T","2CALKs4JNjmK3iYT4PUVEer6DObkBehF","legacyData"
"c0ffb7c3-d2bc-4055-9521-dcbc245068d7","BLAN_055.basePlot.vst","2016-11-02","vst_BLAN_2016","D02","BLAN","BLAN_055",,"NEON.PLA.D02.BLAN.05931","ok","small shrub","Live",,,1.5,,,,0.9,0.8,,"inverted cone",1.6,10,0.10,0.05,,"HwrR06bjl3TqPXYD/ecX4LA/iftMi41T","2CALKs4JNjmK3iYT4PUVEer6DObkBehF","legacyData"
"9e72bd15-cd4c-4c3f-9707-d9c3b110320e","BLAN_055.basePlot.vst","2016-11-02","vst_BLAN_2016","D02","BLAN","BLAN_055",,"NEON.PLA.D02.BLAN.05949","ok","small shrub","Live",,,1.3,,,,0.8,0.5,,"inverted cone",1.8,10,0.09,0.02,,"HwrR06bjl3TqPXYD/ecX4LA/iftMi41T","2CALKs4JNjmK3iYT4PUVEer6DObkBehF","legacyData"
"65064af9-2a0a-48f9-a257-1f72edaf9081","BLAN_055.basePlot.vst","2016-11-02","vst_BLAN_2016","D02","BLAN","BLAN_055",,"NEON.PLA.D02.BLAN.05940","ok","small shrub","Live",,,1.5,,,,1.0,0.5,,"inverted cone",1.6,10,0.08,0.02,,"HwrR06bjl3TqPXYD/ecX4LA/iftMi41T","2CALKs4JNjmK3iYT4PUVEer6DObkBehF","legacyData"
"60cf54fa-046a-42e0-90ec-2ab928948fe6","BLAN_055.basePlot.vst","2016-11-02","vst_BLAN_2016","D02","BLAN","BLAN_055",,"NEON.PLA.D02.BLAN.05947","ok","small shrub","Live",,,1.7,0.7,,,0.6,0.5,,"ellipsoid or sphere",1.8,10,,,,"HwrR06bjl3TqPXYD/ecX4LA/iftMi41T","2CALKs4JNjmK3iYT4PUVEer6DObkBehF","legacyData"
"93ca8ee8-1730-4b9b-ab00-7af77d81dd80","BLAN_055.basePlot.vst","2016-11-02","vst_BLAN_2016","D02","BLAN","BLAN_055",,"NEON.PLA.D02.BLAN.01822","ok","small shrub","Live",,,1.4,,,,0.9,0.6,,"inverted cone",1.9,10,0.09,0.02,,"HwrR06bjl3TqPXYD/ecX4LA/iftMi41T","2CALKs4JNjmK3iYT4PUVEer6DObkBehF","legacyData"
"d5a525c3-aad9-4d74-aa33-3bc98606150f","BLAN_055.basePlot.vst","2016-11-02","vst_BLAN_2016","D02","BLAN","BLAN_055",,"NEON.PLA.D02.BLAN.01836","ok","small shrub","Live",,,1.2,,,,0.6,0.4,,"inverted cone",1.1,10,0.07,0.02,,"HwrR06bjl3TqPXYD/ecX4LA/iftMi41T","2CALKs4JNjmK3iYT4PUVEer6DObkBehF","legacyData"
"f8982681-e3bc-4d95-af9e-75bb7ff04190","BLAN_055.basePlot.vst","2016-11-02","vst_BLAN_2016","D02","BLAN","BLAN_055",,"NEON.PLA.D02.BLAN.05935","ok","small shrub","Live",,,1.6,,,,0.7,0.5,,"inverted cone",1.5,10,0.06,0.02,,"HwrR06bjl3TqPXYD/ecX4LA/iftMi41T","2CALKs4JNjmK3iYT4PUVEer6DObkBehF","legacyData"
"8bf2e828-8743-4a14-8525-bdcd38403a3b","BLAN_055.basePlot.vst","2016-11-02","vst_BLAN_2016","D02","BLAN","BLAN_055",,"NEON.PLA.D02.BLAN.05943","ok","small shrub","Live",,,1.6,,,,0.7,0.6,,"inverted cone",1.4,10,0.09,0.04,,"HwrR06bjl3TqPXYD/ecX4LA/iftMi41T","2CALKs4JNjmK3iYT4PUVEer6DObkBehF","legacyData"
"d41935ea-112a-46c2-a28b-45edbd1bfb62","BLAN_055.basePlot.vst","2016-11-02","vst_BLAN_2016","D02","BLAN","BLAN_055",,"NEON.PLA.D02.BLAN.01843","ok","small shrub","Live",,,1.3,0.7,,,0.4,0.4,,"ellipsoid or sphere",1.3,10,,,,"HwrR06bjl3TqPXYD/ecX4LA/iftMi41T","2CALKs4JNjmK3iYT4PUVEer6DObkBehF","legacyData"
"c531e064-6025-472a-8fb5-5f8401b27cbf","BLAN_055.basePlot.vst","2016-11-02","vst_BLAN_2016","D02","BLAN","BLAN_055",,"NEON.PLA.D02.BLAN.05939","ok","small shrub","Live",,,1.4,0.6,,,0.6,0.4,,"ellipsoid or sphere",1.6,10,,,,"HwrR06bjl3TqPXYD/ecX4LA/iftMi41T","2CALKs4JNjmK3iYT4PUVEer6DObkBehF","legacyData"
"94638543-c8b7-4b77-95a8-098940e2300c","BLAN_055.basePlot.vst","2016-11-02","vst_BLAN_2016","D02","BLAN","BLAN_055",,"NEON.PLA.D02.BLAN.05938","ok","small shrub","Live",,,1.6,,,,1.6,1.2,,"inverted cone",1.7,10,0.07,0.04,,"HwrR06bjl3TqPXYD/ecX4LA/iftMi41T","2CALKs4JNjmK3iYT4PUVEer6DObkBehF","legacyData"
"bb08abd0-1981-4794-8f83-ddb2d1d1cab6","BLAN_055.basePlot.vst","2016-11-02","vst_BLAN_2016","D02","BLAN","BLAN_055",,"NEON.PLA.D02.BLAN.05934","ok","small shrub","Live",,,1.4,,,,0.9,0.7,,"inverted cone",1.2,10,0.08,0.02,,"HwrR06bjl3TqPXYD/ecX4LA/iftMi41T","2CALKs4JNjmK3iYT4PUVEer6DObkBehF","legacyData"
"1cff56c7-8776-4154-85c7-ecc4c809b4b2","BLAN_055.basePlot.vst","2016-11-02","vst_BLAN_2016","D02","BLAN","BLAN_055",,"NEON.PLA.D02.BLAN.05930","ok","small shrub","Live",,,1.6,,,,1.1,0.7,,"inverted cone",1.2,10,0.09,0.06,,"HwrR06bjl3TqPXYD/ecX4LA/iftMi41T","2CALKs4JNjmK3iYT4PUVEer6DObkBehF","legacyData"
"45221843-fa09-4f88-af31-a02a68140ea0","BLAN_055.basePlot.vst","2016-11-02","vst_BLAN_2016","D02","BLAN","BLAN_055",,"NEON.PLA.D02.BLAN.01845","ok","small shrub","Live",,,1.4,,,,0.7,0.5,,"cylinder",1.2,10,,,,"HwrR06bjl3TqPXYD/ecX4LA/iftMi41T","2CALKs4JNjmK3iYT4PUVEer6DObkBehF","legacyData"
"573b07f5-3d41-47e4-a5f8-3f8d07ba394c","BLAN_055.basePlot.vst","2016-11-02","vst_BLAN_2016","D02","BLAN","BLAN_055",,"NEON.PLA.D02.BLAN.05928","ok","small shrub","Live",,,1.7,,,,1.3,0.9,,"inverted cone",1.8,10,0.09,0.03,,"HwrR06bjl3TqPXYD/ecX4LA/iftMi41T","2CALKs4JNjmK3iYT4PUVEer6DObkBehF","legacyData"
"ff8389cf-f319-4f73-bf5a-92404a6bd57c","BLAN_055.basePlot.vst","2016-11-02","vst_BLAN_2016","D02","BLAN","BLAN_055",,"NEON.PLA.D02.BLAN.05942","ok","small shrub","Live",,,0.6,0.4,,,1.0,0.6,,"ellipsoid or sphere",2.0,10,,,,"HwrR06bjl3TqPXYD/ecX4LA/iftMi41T","2CALKs4JNjmK3iYT4PUVEer6DObkBehF","legacyData"
"d52521c7-96d6-452c-877a-91901760cb54","BLAN_055.basePlot.vst","2016-11-02","vst_BLAN_2016","D02","BLAN","BLAN_055",,"NEON.PLA.D02.BLAN.05948","ok","small shrub","Live",,,1.5,,,,1.1,0.7,,"inverted cone",1.4,10,0.09,0.03,,"HwrR06bjl3TqPXYD/ecX4LA/iftMi41T","2CALKs4JNjmK3iYT4PUVEer6DObkBehF","legacyData"
"e7898237-04dc-43fb-9521-b6f30d4c6dc0","BLAN_055.basePlot.vst","2016-11-02","vst_BLAN_2016","D02","BLAN","BLAN_055",,"NEON.PLA.D02.BLAN.05924","ok","small shrub","Live",,,1.4,,,,0.8,0.4,,"inverted cone",1.0,10,0.07,0.03,,"HwrR06bjl3TqPXYD/ecX4LA/iftMi41T","2CALKs4JNjmK3iYT4PUVEer6DObkBehF","legacyData"
"27335d02-cb3c-4275-82a5-2ad0a2e540e8","BLAN_055.basePlot.vst","2016-11-02","vst_BLAN_2016","D02","BLAN","BLAN_055",,"NEON.PLA.D02.BLAN.05944","ok","small shrub","Live",,,1.7,0.6,,,0.8,0.8,,"ellipsoid or sphere",1.7,10,,,,"HwrR06bjl3TqPXYD/ecX4LA/iftMi41T","2CALKs4JNjmK3iYT4PUVEer6DObkBehF","legacyData"
"877929a1-ddce-4b68-9215-27ee43a5af84","BLAN_055.basePlot.vst","2016-11-02","vst_BLAN_2016","D02","BLAN","BLAN_055",,"NEON.PLA.D02.BLAN.05925","ok","small shrub","Live",,,1.7,,,,1.1,0.6,,"inverted cone",1.3,10,0.09,0.02,,"HwrR06bjl3TqPXYD/ecX4LA/iftMi41T","2CALKs4JNjmK3iYT4PUVEer6DObkBehF","legacyData"
"175b73ea-835f-452e-b293-e3072b27aabc","BLAN_055.basePlot.vst","2016-11-02","vst_BLAN_2016","D02","BLAN","BLAN_055",,"NEON.PLA.D02.BLAN.05943","ok","small shrub","Live",,,1.6,,,,0.7,0.6,,"inverted cone",1.2,10,0.09,0.04,,"HwrR06bjl3TqPXYD/ecX4LA/iftMi41T","2CALKs4JNjmK3iYT4PUVEer6DObkBehF","legacyData"
"ad297fab-d56a-4adc-ae5e-9bf0836c76d1","BLAN_055.basePlot.vst","2016-11-02","vst_BLAN_2016","D02","BLAN","BLAN_055",,"NEON.PLA.D02.BLAN.05931","ok","small shrub","Live",,,1.5,,,,0.9,0.8,,"inverted cone",1.3,10,0.10,0.05,,"HwrR06bjl3TqPXYD/ecX4LA/iftMi41T","2CALKs4JNjmK3iYT4PUVEer6DObkBehF","legacyData"
"faf66b65-7b1b-4862-b42a-02f46aaa7ba0","BLAN_055.basePlot.vst","2016-11-02","vst_BLAN_2016","D02","BLAN","BLAN_055",,"NEON.PLA.D02.BLAN.05930","ok","small shrub","Live",,,1.6,,,,1.1,0.7,,"inverted cone",1.4,10,0.09,0.06,,"HwrR06bjl3TqPXYD/ecX4LA/iftMi41T","2CALKs4JNjmK3iYT4PUVEer6DObkBehF","legacyData"
"2654a2fc-f886-47c4-9ce6-debbf0ff908f","BLAN_055.basePlot.vst","2016-11-02","vst_BLAN_2016","D02","BLAN","BLAN_055",,"NEON.PLA.D02.BLAN.05940","ok","small shrub","Live",,,1.5,,,,1.0,0.5,,"inverted cone",1.7,10,0.08,0.02,,"HwrR06bjl3TqPXYD/ecX4LA/iftMi41T","2CALKs4JNjmK3iYT4PUVEer6DObkBehF","legacyData"
"ef3bc7fc-4945-4185-8c09-dedd652b8ae0","BLAN_055.basePlot.vst","2016-11-02","vst_BLAN_2016","D02","BLAN","BLAN_055",,"NEON.PLA.D02.BLAN.05937","ok","small shrub","Live",,,1.4,,,,0.5,0.5,,"inverted cone",1.3,10,0.04,0.03,,"HwrR06bjl3TqPXYD/ecX4LA/iftMi41T","2CALKs4JNjmK3iYT4PUVEer6DObkBehF","legacyData"
"6893604b-b4b8-4eab-a08a-6ed80f866195","BLAN_055.basePlot.vst","2016-11-02","vst_BLAN_2016","D02","BLAN","BLAN_055",,"NEON.PLA.D02.BLAN.01821","ok","small shrub","Live",,,1.5,,,,1.0,0.8,,"inverted cone",1.3,10,0.08,0.02,,"HwrR06bjl3TqPXYD/ecX4LA/iftMi41T","2CALKs4JNjmK3iYT4PUVEer6DObkBehF","legacyData"
"207527f2-84be-4e42-91a4-4a15e4859dfb","BLAN_055.basePlot.vst","2016-11-02","vst_BLAN_2016","D02","BLAN","BLAN_055",,"NEON.PLA.D02.BLAN.05923","ok","small shrub","Live",,,1.0,,,,0.8,0.6,,"inverted cone",1.1,10,0.09,0.06,,"HwrR06bjl3TqPXYD/ecX4LA/iftMi41T","2CALKs4JNjmK3iYT4PUVEer6DObkBehF","legacyData"
"f16302fc-70b4-4a55-8658-f6d92bd16547","BLAN_055.basePlot.vst","2016-11-02","vst_BLAN_2016","D02","BLAN","BLAN_055",,"NEON.PLA.D02.BLAN.05916","ok","small shrub","Live",,,1.8,0.3,,,1.7,1.5,,"ellipsoid or sphere",2.6,10,,,,"F1aLHfHLM4qaIk0WIP5D+6fDrn//30Wj","7gABGk8/BIej00n4oJuY0fI2jXrGKpPT","legacyData"
"0107de72-79f4-4d5c-b3d6-d043bca09c76","BLAN_055.basePlot.vst","2016-11-02","vst_BLAN_2016","D02","BLAN","BLAN_055",,"NEON.PLA.D02.BLAN.05964","ok","single shrub","Live",1.9,130,2.8,,,,2.9,2.6,,"inverted cone",3.2,10,0.22,0.14,,"F1aLHfHLM4qaIk0WIP5D+6fDrn//30Wj","7gABGk8/BIej00n4oJuY0fI2jXrGKpPT","legacyData"
"876057ee-aaca-4399-836a-54266f1e5369","BLAN_055.basePlot.vst","2016-11-02","vst_BLAN_2016","D02","BLAN","BLAN_055",,"NEON.PLA.D02.BLAN.05914","ok","small shrub","Live",,,1.2,0.2,,,0.8,0.6,,"ellipsoid or sphere",1.2,10,,,,"F1aLHfHLM4qaIk0WIP5D+6fDrn//30Wj","7gABGk8/BIej00n4oJuY0fI2jXrGKpPT","legacyData"
"39d42843-cde0-4270-ac3b-440f54a61293","BLAN_055.basePlot.vst","2016-11-02","vst_BLAN_2016","D02","BLAN","BLAN_055",,"NEON.PLA.D02.BLAN.05911","ok","small shrub","Live",,,1.2,,,,1.0,0.9,,"inverted cone",1.0,10,0.10,0.08,,"F1aLHfHLM4qaIk0WIP5D+6fDrn//30Wj","7gABGk8/BIej00n4oJuY0fI2jXrGKpPT","legacyData"
"46af25a6-a2f4-4300-a3a0-4c2b7633a949","BLAN_055.basePlot.vst","2016-11-02","vst_BLAN_2016","D02","BLAN","BLAN_055",,"NEON.PLA.D02.BLAN.05917","ok","small shrub","Live",,,1.4,0.4,,,0.9,0.6,,"ellipsoid or sphere",1.1,10,,,,"F1aLHfHLM4qaIk0WIP5D+6fDrn//30Wj","7gABGk8/BIej00n4oJuY0fI2jXrGKpPT","legacyData"
"fac3d03c-fe5e-45d1-95ed-abcd47cdd9b2","BLAN_055.basePlot.vst","2016-11-02","vst_BLAN_2016","D02","BLAN","BLAN_055",,"NEON.PLA.D02.BLAN.05918","ok","small shrub","Live",,,1.3,0.3,,,1.0,0.8,,"ellipsoid or sphere",1.2,10,,,,"F1aLHfHLM4qaIk0WIP5D+6fDrn//30Wj","7gABGk8/BIej00n4oJuY0fI2jXrGKpPT","legacyData"
"df46699e-c2a6-4767-96c3-fdef54455e11","BLAN_055.basePlot.vst","2016-11-02","vst_BLAN_2016","D02","BLAN","BLAN_055",,"NEON.PLA.D02.BLAN.05918","ok","small shrub","Live",,,1.3,0.3,,,1.0,0.8,,"ellipsoid or sphere",2.0,10,,,,"F1aLHfHLM4qaIk0WIP5D+6fDrn//30Wj","7gABGk8/BIej00n4oJuY0fI2jXrGKpPT","legacyData"
"c3f76e30-7ca3-49c1-854f-8f0f964cff47","BLAN_055.basePlot.vst","2016-11-02","vst_BLAN_2016","D02","BLAN","BLAN_055",,"NEON.PLA.D02.BLAN.13340","ok","small shrub","Live",,,1.4,0.4,,,0.6,0.4,,"ellipsoid or sphere",1.1,10,,,,"F1aLHfHLM4qaIk0WIP5D+6fDrn//30Wj","7gABGk8/BIej00n4oJuY0fI2jXrGKpPT","legacyData"
"537b8704-1747-4e2a-b147-841daca26897","BLAN_055.basePlot.vst","2016-11-02","vst_BLAN_2016","D02","BLAN","BLAN_055",,"NEON.PLA.D02.BLAN.05964","ok","single shrub","Live",1.8,130,2.8,,,,2.9,2.6,,"inverted cone",2.3,10,0.22,0.14,,"F1aLHfHLM4qaIk0WIP5D+6fDrn//30Wj","7gABGk8/BIej00n4oJuY0fI2jXrGKpPT","legacyData"
"c89837f0-a4d7-4db1-993e-8e8b462abb38","BLAN_055.basePlot.vst","2016-11-02","vst_BLAN_2016","D02","BLAN","BLAN_055",,"NEON.PLA.D02.BLAN.05916","ok","small shrub","Live",,,1.8,0.3,,,1.7,1.5,,"ellipsoid or sphere",2.0,10,,,,"F1aLHfHLM4qaIk0WIP5D+6fDrn//30Wj","7gABGk8/BIej00n4oJuY0fI2jXrGKpPT","legacyData"
"d2bd5857-b8e9-43c5-b43b-9dc412b4638d","BLAN_055.basePlot.vst","2016-11-02","vst_BLAN_2016","D02","BLAN","BLAN_055",,"NEON.PLA.D02.BLAN.05915","ok","small shrub","Live",,,1.3,,,,0.6,0.6,,"inverted cone",1.0,10,0.05,0.02,,"F1aLHfHLM4qaIk0WIP5D+6fDrn//30Wj","7gABGk8/BIej00n4oJuY0fI2jXrGKpPT","legacyData"
"2b5dbb53-2746-431a-9aaf-ea14eb0f3d8c","BLAN_055.basePlot.vst","2016-11-02","vst_BLAN_2016","D02","BLAN","BLAN_055",,"NEON.PLA.D02.BLAN.05916","ok","small shrub","Live",,,1.8,0.3,,,1.7,1.5,,"ellipsoid or sphere",1.5,10,,,,"F1aLHfHLM4qaIk0WIP5D+6fDrn//30Wj","7gABGk8/BIej00n4oJuY0fI2jXrGKpPT","legacyData"
"af1c8668-40f1-415e-b594-e3d29077d41a","BLAN_055.basePlot.vst","2016-11-02","vst_BLAN_2016","D02","BLAN","BLAN_055",,"NEON.PLA.D02.BLAN.05917","ok","small shrub","Live",,,1.4,0.4,,,0.9,0.6,,"ellipsoid or sphere",1.3,10,,,,"F1aLHfHLM4qaIk0WIP5D+6fDrn//30Wj","7gABGk8/BIej00n4oJuY0fI2jXrGKpPT","legacyData"
"be225dea-2f0c-4b3f-a4ae-aab47ae162d6","BLAN_055.basePlot.vst","2016-11-02","vst_BLAN_2016","D02","BLAN","BLAN_055",,"NEON.PLA.D02.BLAN.13339","ok","small shrub","Live",,,0.9,0.3,,,0.3,0.2,,"ellipsoid or sphere",1.0,10,,,,"F1aLHfHLM4qaIk0WIP5D+6fDrn//30Wj","7gABGk8/BIej00n4oJuY0fI2jXrGKpPT","legacyData"
"eb3b3379-6a90-423c-a7f5-e79cd55d9293","BLAN_055.basePlot.vst","2016-11-02","vst_BLAN_2016","D02","BLAN","BLAN_055",,"NEON.PLA.D02.BLAN.05920","ok","small shrub","Live",,,1.4,0.1,,,0.7,0.6,,"ellipsoid or sphere",1.7,10,,,,"F1aLHfHLM4qaIk0WIP5D+6fDrn//30Wj","7gABGk8/BIej00n4oJuY0fI2jXrGKpPT","legacyData"
"26881874-4b18-4fd5-8e86-1a769c3a291b","BLAN_055.basePlot.vst","2016-11-02","vst_BLAN_2016","D02","BLAN","BLAN_055",,"NEON.PLA.D02.BLAN.05962","ok","single shrub","Live",1.3,130,2.3,0.6,,,1.2,1.0,,"ellipsoid or sphere",2.9,10,,,,"F1aLHfHLM4qaIk0WIP5D+6fDrn//30Wj","7gABGk8/BIej00n4oJuY0fI2jXrGKpPT","legacyData"
"cf05593e-af3a-4926-9e3d-7c2e746dd42e","BLAN_055.basePlot.vst","2016-11-02","vst_BLAN_2016","D02","BLAN","BLAN_055",,"NEON.PLA.D02.BLAN.05914","ok","small shrub","Live",,,1.2,0.2,,,0.8,0.6,,"ellipsoid or sphere",1.3,10,,,,"F1aLHfHLM4qaIk0WIP5D+6fDrn//30Wj","7gABGk8/BIej00n4oJuY0fI2jXrGKpPT","legacyData"
"12dacd65-d65c-4034-9d84-b8e1b1b33902","BLAN_055.basePlot.vst","2016-11-02","vst_BLAN_2016","D02","BLAN","BLAN_055",,"NEON.PLA.D02.BLAN.05952","ok","single shrub","Live",2.1,130,2.4,,,,2.1,1.8,,"inverted cone",3.6,10,0.06,0.04,,"F1aLHfHLM4qaIk0WIP5D+6fDrn//30Wj","7gABGk8/BIej00n4oJuY0fI2jXrGKpPT","legacyData"
"1c6c2868-98bd-43fc-af19-b84c3155a888","BLAN_055.basePlot.vst","2016-11-02","vst_BLAN_2016","D02","BLAN","BLAN_055",,"NEON.PLA.D02.BLAN.05960","ok","small shrub","Live",,,1.7,,,,1.3,0.9,,"inverted cone",1.1,10,0.04,0.03,,"F1aLHfHLM4qaIk0WIP5D+6fDrn//30Wj","7gABGk8/BIej00n4oJuY0fI2jXrGKpPT","legacyData"
"3db9c1da-a834-4de4-947f-7eb5d57ad453","BLAN_055.basePlot.vst","2016-11-02","vst_BLAN_2016","D02","BLAN","BLAN_055",,"NEON.PLA.D02.BLAN.05913","ok","small shrub","Live",,,1.3,0.4,,,0.8,0.6,,"ellipsoid or sphere",1.7,10,,,,"F1aLHfHLM4qaIk0WIP5D+6fDrn//30Wj","7gABGk8/BIej00n4oJuY0fI2jXrGKpPT","legacyData"
"a1f381f3-47b8-4a23-a558-7c561b920fd2","BLAN_055.basePlot.vst","2016-11-02","vst_BLAN_2016","D02","BLAN","BLAN_055",,"NEON.PLA.D02.BLAN.05956","ok","single shrub","Live",1.4,130,2.3,0.6,,,1.4,1.3,,"ellipsoid or sphere",2.5,10,,,,"F1aLHfHLM4qaIk0WIP5D+6fDrn//30Wj","7gABGk8/BIej00n4oJuY0fI2jXrGKpPT","legacyData"
"19ffdb28-a1d0-4202-96d7-3f21550ee93a","BLAN_055.basePlot.vst","2016-11-02","vst_BLAN_2016","D02","BLAN","BLAN_055",,"NEON.PLA.D02.BLAN.05963","ok","single shrub","Live",1.7,130,2.5,0.8,,,1.9,1.5,,"ellipsoid or sphere",3.4,10,,,,"F1aLHfHLM4qaIk0WIP5D+6fDrn//30Wj","7gABGk8/BIej00n4oJuY0fI2jXrGKpPT","legacyData"
"91a644f8-2090-479c-b32e-7d6252db128c","BLAN_055.basePlot.vst","2016-11-02","vst_BLAN_2016","D02","BLAN","BLAN_055",,"NEON.PLA.D02.BLAN.05953","ok","single shrub","Live",1.4,130,2.4,0.9,,,2.6,1.7,,"ellipsoid or sphere",3.3,10,,,"crown damage; broken limb","F1aLHfHLM4qaIk0WIP5D+6fDrn//30Wj","7gABGk8/BIej00n4oJuY0fI2jXrGKpPT","legacyData"
"dabad68c-affd-4625-9078-9a27e0b8e189","BLAN_055.basePlot.vst","2016-11-02","vst_BLAN_2016","D02","BLAN","BLAN_055",,"NEON.PLA.D02.BLAN.05913","ok","small shrub","Live",,,1.3,0.4,,,0.8,0.6,,"ellipsoid or sphere",1.3,10,,,,"F1aLHfHLM4qaIk0WIP5D+6fDrn//30Wj","7gABGk8/BIej00n4oJuY0fI2jXrGKpPT","legacyData"
"2df514e2-8463-49f1-8ed0-f05a664905fa","BLAN_055.basePlot.vst","2016-11-02","vst_BLAN_2016","D02","BLAN","BLAN_055",,"NEON.PLA.D02.BLAN.05922","ok","sapling","Live",,,1.2,,,,,,,,2.6,10,,,,"F1aLHfHLM4qaIk0WIP5D+6fDrn//30Wj","7gABGk8/BIej00n4oJuY0fI2jXrGKpPT","legacyData"
"841263d8-a5d6-47b8-8ed5-8fed9db8cd72","BLAN_055.basePlot.vst","2016-11-02","vst_BLAN_2016","D02","BLAN","BLAN_055",,"NEON.PLA.D02.BLAN.05957","ok","small shrub","Live",,,1.4,,,,0.9,0.4,,"inverted cone",1.0,10,0.02,0.02,,"F1aLHfHLM4qaIk0WIP5D+6fDrn//30Wj","7gABGk8/BIej00n4oJuY0fI2jXrGKpPT","legacyData"
"bac65da9-1629-4c39-bb41-d9986aa6262f","BLAN_055.basePlot.vst","2016-11-02","vst_BLAN_2016","D02","BLAN","BLAN_055",,"NEON.PLA.D02.BLAN.05960","ok","small shrub","Live",,,1.7,,,,1.3,0.9,,"inverted cone",1.2,10,0.04,0.03,,"F1aLHfHLM4qaIk0WIP5D+6fDrn//30Wj","7gABGk8/BIej00n4oJuY0fI2jXrGKpPT","legacyData"
"0668d79a-5ed9-426e-9a24-61d5c7ec5316","BLAN_055.basePlot.vst","2016-11-02","vst_BLAN_2016","D02","BLAN","BLAN_055",,"NEON.PLA.D02.BLAN.05951","ok","single shrub","Live",1.2,130,2.2,1.0,,,1.3,1.1,,"ellipsoid or sphere",3.2,10,,,,"F1aLHfHLM4qaIk0WIP5D+6fDrn//30Wj","7gABGk8/BIej00n4oJuY0fI2jXrGKpPT","legacyData"
"eae60285-63da-48e2-88c3-58c4173dfc0b","BLAN_055.basePlot.vst","2016-11-02","vst_BLAN_2016","D02","BLAN","BLAN_055",,"NEON.PLA.D02.BLAN.05916","ok","small shrub","Live",,,1.8,0.3,,,1.7,1.5,,"ellipsoid or sphere",2.3,10,,,,"F1aLHfHLM4qaIk0WIP5D+6fDrn//30Wj","7gABGk8/BIej00n4oJuY0fI2jXrGKpPT","legacyData"
"757ade27-9af9-4fe3-8138-64d18a34d59b","BLAN_055.basePlot.vst","2016-11-02","vst_BLAN_2016","D02","BLAN","BLAN_055",,"NEON.PLA.D02.BLAN.05919","ok","small shrub","Live",,,1.0,,,,0.7,0.7,,"inverted cone",1.2,10,0.09,0.07,,"F1aLHfHLM4qaIk0WIP5D+6fDrn//30Wj","7gABGk8/BIej00n4oJuY0fI2jXrGKpPT","legacyData"
"cd469f46-4183-4998-8abf-c890fd120777","BLAN_055.basePlot.vst","2016-11-02","vst_BLAN_2016","D02","BLAN","BLAN_055",,"NEON.PLA.D02.BLAN.05911","ok","small shrub","Live",,,1.2,,,,1.0,0.9,,"inverted cone",1.1,10,0.10,0.08,,"F1aLHfHLM4qaIk0WIP5D+6fDrn//30Wj","7gABGk8/BIej00n4oJuY0fI2jXrGKpPT","legacyData"
"aa95d18f-de9f-4aaf-b488-6ce5dcf7621d","BLAN_055.basePlot.vst","2016-11-02","vst_BLAN_2016","D02","BLAN","BLAN_055",,"NEON.PLA.D02.BLAN.05917","ok","small shrub","Live",,,1.4,0.4,,,0.9,0.6,,"ellipsoid or sphere",1.2,10,,,,"F1aLHfHLM4qaIk0WIP5D+6fDrn//30Wj","7gABGk8/BIej00n4oJuY0fI2jXrGKpPT","legacyData"
"81c3863b-c40b-4a3c-9621-dbc984e7b43f","BLAN_055.basePlot.vst","2016-11-02","vst_BLAN_2016","D02","BLAN","BLAN_055",,"NEON.PLA.D02.BLAN.05961","ok","small shrub","Live",,,2.2,0.6,,,0.9,0.9,,"ellipsoid or sphere",2.2,10,,,,"F1aLHfHLM4qaIk0WIP5D+6fDrn//30Wj","7gABGk8/BIej00n4oJuY0fI2jXrGKpPT","legacyData"
"71ea4b26-f974-4206-94b9-c3ceb32a9118","BLAN_055.basePlot.vst","2016-11-02","vst_BLAN_2016","D02","BLAN","BLAN_055",,"NEON.PLA.D02.BLAN.05916","ok","small shrub","Live",,,1.8,0.3,,,1.7,1.5,,"ellipsoid or sphere",2.9,10,,,,"F1aLHfHLM4qaIk0WIP5D+6fDrn//30Wj","7gABGk8/BIej00n4oJuY0fI2jXrGKpPT","legacyData"
"fd2a01ab-596d-444b-8ef5-1d22cc4b79c8","BLAN_055.basePlot.vst","2016-11-02","vst_BLAN_2016","D02","BLAN","BLAN_055",,"NEON.PLA.D02.BLAN.05912","ok","small shrub","Live",,,1.8,0.4,,,1.6,1.5,,"ellipsoid or sphere",1.5,10,,,,"F1aLHfHLM4qaIk0WIP5D+6fDrn//30Wj","7gABGk8/BIej00n4oJuY0fI2jXrGKpPT","legacyData"
"7f9b5be2-fc5c-40c6-a18c-de3a60c68a47","BLAN_055.basePlot.vst","2016-11-02","vst_BLAN_2016","D02","BLAN","BLAN_055",,"NEON.PLA.D02.BLAN.05911","ok","small shrub","Live",,,1.2,,,,1.0,0.9,,"inverted cone",1.1,10,0.10,0.08,,"F1aLHfHLM4qaIk0WIP5D+6fDrn//30Wj","7gABGk8/BIej00n4oJuY0fI2jXrGKpPT","legacyData"
"73a8c3c9-d673-4df5-83cf-cc1cced7dd5d","BLAN_055.basePlot.vst","2016-11-02","vst_BLAN_2016","D02","BLAN","BLAN_055",,"NEON.PLA.D02.BLAN.05953","ok","single shrub","Live, physically damaged",1.8,130,2.4,0.9,,,2.6,1.7,,"ellipsoid or sphere",2.7,10,,,"crown damage; major broken limb","F1aLHfHLM4qaIk0WIP5D+6fDrn//30Wj","7gABGk8/BIej00n4oJuY0fI2jXrGKpPT","legacyData"
"f497151d-e8c8-4bbb-aa37-37fd979f6e6c","BLAN_055.basePlot.vst","2016-11-02","vst_BLAN_2016","D02","BLAN","BLAN_055",,"NEON.PLA.D02.BLAN.05955","ok","single shrub","Live, physically damaged",1.5,130,2.1,,,,1.1,1.1,,"inverted cone",2.1,10,0.09,0.04,,"F1aLHfHLM4qaIk0WIP5D+6fDrn//30Wj","7gABGk8/BIej00n4oJuY0fI2jXrGKpPT","legacyData"
"8f3e9862-c7ce-4ade-b1ff-1430cf65e6b5","BLAN_055.basePlot.vst","2016-11-02","vst_BLAN_2016","D02","BLAN","BLAN_055",,"NEON.PLA.D02.BLAN.05966","ok","single shrub","Live",1.1,130,2.2,,,,1.5,1.4,,"inverted cone",2.1,10,0.09,0.07,,"F1aLHfHLM4qaIk0WIP5D+6fDrn//30Wj","7gABGk8/BIej00n4oJuY0fI2jXrGKpPT","legacyData"
"cdc8a273-0895-45de-8d7b-6f87352b49f5","BLAN_055.basePlot.vst","2016-11-02","vst_BLAN_2016","D02","BLAN","BLAN_055",,"NEON.PLA.D02.BLAN.13341","ok","small shrub","Live",,,1.1,,,,0.5,0.5,,"inverted cone",1.1,10,0.03,0.02,,"F1aLHfHLM4qaIk0WIP5D+6fDrn//30Wj","7gABGk8/BIej00n4oJuY0fI2jXrGKpPT","legacyData"
"0de05af7-a70b-4954-8afa-3e0cc80aebb7","BLAN_055.basePlot.vst","2016-11-02","vst_BLAN_2016","D02","BLAN","BLAN_055",,"NEON.PLA.D02.BLAN.01906","ok","small shrub","Live",,,1.1,0.4,,,0.7,0.6,,"ellipsoid or sphere",1.2,10,,,,"F1aLHfHLM4qaIk0WIP5D+6fDrn//30Wj","7gABGk8/BIej00n4oJuY0fI2jXrGKpPT","legacyData"
"f7ca6348-043a-48b8-b544-f848c45d3875","BLAN_055.basePlot.vst","2016-11-02","vst_BLAN_2016","D02","BLAN","BLAN_055",,"NEON.PLA.D02.BLAN.05911","ok","small shrub","Live",,,1.2,,,,1.0,0.9,,"inverted cone",1.2,10,0.10,0.08,,"F1aLHfHLM4qaIk0WIP5D+6fDrn//30Wj","7gABGk8/BIej00n4oJuY0fI2jXrGKpPT","legacyData"
"44c65f52-535a-491b-afcf-e216b94aa50f","BLAN_055.basePlot.vst","2016-11-02","vst_BLAN_2016","D02","BLAN","BLAN_055",,"NEON.PLA.D02.BLAN.05964","ok","single shrub","Live",4.1,130,2.8,,,,2.9,2.6,,"inverted cone",6.2,10,0.22,0.14,,"F1aLHfHLM4qaIk0WIP5D+6fDrn//30Wj","7gABGk8/BIej00n4oJuY0fI2jXrGKpPT","legacyData"
"6ad7026e-5c62-475d-8709-788a43dce767","BLAN_055.basePlot.vst","2016-11-02","vst_BLAN_2016","D02","BLAN","BLAN_055",,"NEON.PLA.D02.BLAN.05915","ok","small shrub","Live",,,1.3,,,,0.6,0.6,,"inverted cone",1.6,10,0.05,0.02,,"F1aLHfHLM4qaIk0WIP5D+6fDrn//30Wj","7gABGk8/BIej00n4oJuY0fI2jXrGKpPT","legacyData"
"7fe42f06-dcec-4b9a-9fb7-79966fd23f01","BLAN_055.basePlot.vst","2016-11-02","vst_BLAN_2016","D02","BLAN","BLAN_055",,"NEON.PLA.D02.BLAN.05916","ok","small shrub","Live",,,1.8,0.3,,,1.7,1.5,,"ellipsoid or sphere",1.6,10,,,,"F1aLHfHLM4qaIk0WIP5D+6fDrn//30Wj","7gABGk8/BIej00n4oJuY0fI2jXrGKpPT","legacyData"
"ef7fd04a-7a86-49ef-9e42-509673ff8e25","BLAN_055.basePlot.vst","2016-11-02","vst_BLAN_2016","D02","BLAN","BLAN_055",,"NEON.PLA.D02.BLAN.05911","ok","small shrub","Live",,,1.2,,,,1.0,0.9,,"inverted cone",1.0,10,0.10,0.08,,"F1aLHfHLM4qaIk0WIP5D+6fDrn//30Wj","7gABGk8/BIej00n4oJuY0fI2jXrGKpPT","legacyData"
"79a23885-97e6-4658-a007-0974bc4524d2","BLAN_055.basePlot.vst","2016-11-02","vst_BLAN_2016","D02","BLAN","BLAN_055",,"NEON.PLA.D02.BLAN.13338","ok","small shrub","Live",,,1.5,0.8,,,1.1,0.5,,"ellipsoid or sphere",1.1,10,,,"Needs to be mapped","F1aLHfHLM4qaIk0WIP5D+6fDrn//30Wj","7gABGk8/BIej00n4oJuY0fI2jXrGKpPT","legacyData"
"71cbba33-c808-4f80-a679-d5be8736be04","BLAN_055.basePlot.vst","2016-11-02","vst_BLAN_2016","D02","BLAN","BLAN_055",,"NEON.PLA.D02.BLAN.05950","ok","small shrub","No longer qualifies",,,,,,,,,,,,,,,"tag missing; unable to locate; likely retagged as 13016","F1aLHfHLM4qaIk0WIP5D+6fDrn//30Wj","7gABGk8/BIej00n4oJuY0fI2jXrGKpPT","legacyData"
"ab5dc685-c29b-4fa2-9239-a9d7165ee768","BLAN_055.basePlot.vst","2016-11-02","vst_BLAN_2016","D02","BLAN","BLAN_055",,"NEON.PLA.D02.BLAN.05917","ok","small shrub","Live",,,1.4,0.4,,,0.9,0.6,,"ellipsoid or sphere",1.1,10,,,,"F1aLHfHLM4qaIk0WIP5D+6fDrn//30Wj","7gABGk8/BIej00n4oJuY0fI2jXrGKpPT","legacyData"
"14b3ca81-9b64-41e1-9954-5d0e0ad55e50","BLAN_055.basePlot.vst","2016-11-02","vst_BLAN_2016","D02","BLAN","BLAN_055",,"NEON.PLA.D02.BLAN.05916","ok","small shrub","Live",,,1.8,0.3,,,1.7,1.5,,"ellipsoid or sphere",1.6,10,,,,"F1aLHfHLM4qaIk0WIP5D+6fDrn//30Wj","7gABGk8/BIej00n4oJuY0fI2jXrGKpPT","legacyData"
"b63dfeb0-4ee0-4ed8-b37f-fa9d2af893da","BLAN_055.basePlot.vst","2016-11-02","vst_BLAN_2016","D02","BLAN","BLAN_055",,"NEON.PLA.D02.BLAN.05920","ok","small shrub","Live",,,1.4,0.1,,,0.7,0.6,,"ellipsoid or sphere",2.1,10,,,,"F1aLHfHLM4qaIk0WIP5D+6fDrn//30Wj","7gABGk8/BIej00n4oJuY0fI2jXrGKpPT","legacyData"
"14307f5c-5c32-4db6-a626-dffca0d9b150","BLAN_055.basePlot.vst","2016-11-02","vst_BLAN_2016","D02","BLAN","BLAN_055",,"NEON.PLA.D02.BLAN.05911","ok","small shrub","Live",,,1.2,,,,1.0,0.9,,"inverted cone",1.4,10,0.10,0.08,,"F1aLHfHLM4qaIk0WIP5D+6fDrn//30Wj","7gABGk8/BIej00n4oJuY0fI2jXrGKpPT","legacyData"
"a4707823-5c95-4a2a-a221-b118f4455386","BLAN_055.basePlot.vst","2016-11-02","vst_BLAN_2016","D02","BLAN","BLAN_055",,"NEON.PLA.D02.BLAN.01907","ok","small shrub","Live",,,1.3,0.4,,,0.8,0.6,,"ellipsoid or sphere",1.2,1,,,,"F1aLHfHLM4qaIk0WIP5D+6fDrn//30Wj","7gABGk8/BIej00n4oJuY0fI2jXrGKpPT","legacyData"
"42ed4291-6a76-4921-968d-d4acd9f22894","BLAN_055.basePlot.vst","2016-11-02","vst_BLAN_2016","D02","BLAN","BLAN_055",,"NEON.PLA.D02.BLAN.05966","ok","single shrub","Live",1.2,130,2.2,,,,1.5,1.4,,"inverted cone",2.7,10,0.09,0.07,,"F1aLHfHLM4qaIk0WIP5D+6fDrn//30Wj","7gABGk8/BIej00n4oJuY0fI2jXrGKpPT","legacyData"
"285f0dfb-ba38-41d1-994b-80c514a694f6","BLAN_055.basePlot.vst","2016-11-02","vst_BLAN_2016","D02","BLAN","BLAN_055",,"NEON.PLA.D02.BLAN.05954","ok","single shrub","Live",1.3,130,2.3,,,,1.6,1.5,,"inverted cone",3.3,10,0.07,0.05,,"F1aLHfHLM4qaIk0WIP5D+6fDrn//30Wj","7gABGk8/BIej00n4oJuY0fI2jXrGKpPT","legacyData"
"f4066d17-a777-483a-bc99-66c53ad54781","BLAN_055.basePlot.vst","2016-11-02","vst_BLAN_2016","D02","BLAN","BLAN_055",,"NEON.PLA.D02.BLAN.01905","ok","small shrub","Live",,,1.1,0.5,,,0.4,0.3,,"ellipsoid or sphere",1.0,10,,,,"F1aLHfHLM4qaIk0WIP5D+6fDrn//30Wj","7gABGk8/BIej00n4oJuY0fI2jXrGKpPT","legacyData"
"d10a3d1c-8a4d-4632-8608-504ae7239c37","BLAN_055.basePlot.vst","2016-11-02","vst_BLAN_2016","D02","BLAN","BLAN_055",,"NEON.PLA.D02.BLAN.01906","ok","small shrub","Live",,,1.1,0.4,,,0.7,0.6,,"ellipsoid or sphere",1.2,10,,,,"F1aLHfHLM4qaIk0WIP5D+6fDrn//30Wj","7gABGk8/BIej00n4oJuY0fI2jXrGKpPT","legacyData"
"dac2f1d7-00ed-4404-bf44-04a2a165c74c","BLAN_055.basePlot.vst","2016-11-02","vst_BLAN_2016","D02","BLAN","BLAN_055",,"NEON.PLA.D02.BLAN.05958","ok","small shrub","Live",,,1.6,,,,1.3,0.6,,"inverted cone",1.0,10,0.02,0.02,,"F1aLHfHLM4qaIk0WIP5D+6fDrn//30Wj","7gABGk8/BIej00n4oJuY0fI2jXrGKpPT","legacyData"
"bb42452b-d604-4aa0-929f-7965cfb879ef","BLAN_055.basePlot.vst","2016-11-02","vst_BLAN_2016","D02","BLAN","BLAN_055",,"NEON.PLA.D02.BLAN.13016","ok","small shrub","Live",,,1.4,0.5,,,0.5,0.3,,"ellipsoid or sphere",1.3,10,,,,"F1aLHfHLM4qaIk0WIP5D+6fDrn//30Wj","7gABGk8/BIej00n4oJuY0fI2jXrGKpPT","legacyData"
"66bbabce-fd9c-4694-911f-66bddfc9c2fc","BLAN_055.basePlot.vst","2016-11-02","vst_BLAN_2016","D02","BLAN","BLAN_055",,"NEON.PLA.D02.BLAN.05919","ok","small shrub","Live",,,1.0,,,,0.7,0.7,,"inverted cone",1.3,10,0.09,0.07,,"F1aLHfHLM4qaIk0WIP5D+6fDrn//30Wj","7gABGk8/BIej00n4oJuY0fI2jXrGKpPT","legacyData"
"393e0bc4-9dd7-41a2-b9c9-86090da58f74","BLAN_055.basePlot.vst","2016-11-02","vst_BLAN_2016","D02","BLAN","BLAN_055",,"NEON.PLA.D02.BLAN.01907","ok","small shrub","Live",,,1.3,0.4,,,0.8,0.6,,"ellipsoid or sphere",1.2,10,,,,"F1aLHfHLM4qaIk0WIP5D+6fDrn//30Wj","7gABGk8/BIej00n4oJuY0fI2jXrGKpPT","legacyData"
"f6aa27aa-4f50-4117-aed8-a8df3ffb5b0d","BLAN_055.basePlot.vst","2016-11-02","vst_BLAN_2016","D02","BLAN","BLAN_055",,"NEON.PLA.D02.BLAN.05912","ok","small shrub","Live",,,1.8,0.4,,,1.6,1.5,,"ellipsoid or sphere",3.0,10,,,,"F1aLHfHLM4qaIk0WIP5D+6fDrn//30Wj","7gABGk8/BIej00n4oJuY0fI2jXrGKpPT","legacyData"
"86855ab1-f991-4b60-a48b-8828f31a6fdc","BLAN_055.basePlot.vst","2016-11-02","vst_BLAN_2016","D02","BLAN","BLAN_055",,"NEON.PLA.D02.BLAN.05960","ok","small shrub","Live",,,1.7,,,,1.3,0.9,,"inverted cone",1.2,10,0.04,0.03,,"F1aLHfHLM4qaIk0WIP5D+6fDrn//30Wj","7gABGk8/BIej00n4oJuY0fI2jXrGKpPT","legacyData"
"a3eac515-eb1f-46fa-b5b4-bfbd7aa73c5f","BLAN_055.basePlot.vst","2016-11-02","vst_BLAN_2016","D02","BLAN","BLAN_055",,"NEON.PLA.D02.BLAN.01848","ok","small shrub","Live",,,1.5,0.9,,,0.7,0.5,,"ellipsoid or sphere",1.0,10,,,,"F1aLHfHLM4qaIk0WIP5D+6fDrn//30Wj","7gABGk8/BIej00n4oJuY0fI2jXrGKpPT","legacyData"
"28ca50bc-e3c1-4aad-ae28-4dba86a50725","BLAN_055.basePlot.vst","2016-11-02","vst_BLAN_2016","D02","BLAN","BLAN_055",,"NEON.PLA.D02.BLAN.05964","ok","single shrub","Live",2.0,130,2.8,,,,2.9,2.6,,"inverted cone",2.4,10,0.22,0.14,,"F1aLHfHLM4qaIk0WIP5D+6fDrn//30Wj","7gABGk8/BIej00n4oJuY0fI2jXrGKpPT","legacyData"
"6210149d-2834-40bb-beee-22ec902fed68","BLAN_055.basePlot.vst","2016-11-02","vst_BLAN_2016","D02","BLAN","BLAN_055",,"NEON.PLA.D02.BLAN.05963","ok","single shrub","Live",1.3,130,2.5,0.8,,,1.9,1.5,,"ellipsoid or sphere",2.3,10,,,,"F1aLHfHLM4qaIk0WIP5D+6fDrn//30Wj","7gABGk8/BIej00n4oJuY0fI2jXrGKpPT","legacyData"
"52a42e72-c98a-4a46-be0a-c55572ced556","BLAN_055.basePlot.vst","2016-11-02","vst_BLAN_2016","D02","BLAN","BLAN_055",,"NEON.PLA.D02.BLAN.05912","ok","small shrub","Live",,,1.8,0.4,,,1.6,1.5,,"ellipsoid or sphere",3.0,10,,,,"F1aLHfHLM4qaIk0WIP5D+6fDrn//30Wj","7gABGk8/BIej00n4oJuY0fI2jXrGKpPT","legacyData"
"55f567fd-a7b7-4661-91f2-e874ff07e621","BLAN_055.basePlot.vst","2016-11-02","vst_BLAN_2016","D02","BLAN","BLAN_055",,"NEON.PLA.D02.BLAN.05965","ok","single shrub","Live",1.3,130,2.3,,,,1.5,1.0,,"inverted cone",2.2,10,0.05,0.04,,"F1aLHfHLM4qaIk0WIP5D+6fDrn//30Wj","7gABGk8/BIej00n4oJuY0fI2jXrGKpPT","legacyData"
"2c795380-b135-4995-b7fe-2c3e9b004baf","BLAN_055.basePlot.vst","2016-11-02","vst_BLAN_2016","D02","BLAN","BLAN_055",,"NEON.PLA.D02.BLAN.05914","ok","small shrub","Live",,,1.2,0.2,,,0.8,0.6,,"ellipsoid or sphere",1.1,10,,,,"F1aLHfHLM4qaIk0WIP5D+6fDrn//30Wj","7gABGk8/BIej00n4oJuY0fI2jXrGKpPT","legacyData"
"8d044b98-fbd7-45e2-a048-403254cf2e54","BLAN_055.basePlot.vst","2016-11-02","vst_BLAN_2016","D02","BLAN","BLAN_055",,"NEON.PLA.D02.BLAN.01846","ok","small shrub","Live",,,2.2,1.1,,,0.9,0.7,,"ellipsoid or sphere",1.9,10,,,,"F1aLHfHLM4qaIk0WIP5D+6fDrn//30Wj","7gABGk8/BIej00n4oJuY0fI2jXrGKpPT","legacyData"
"d3a551f8-04da-4bdb-b481-63698ca43364","BLAN_055.basePlot.vst","2016-11-02","vst_BLAN_2016","D02","BLAN","BLAN_055",,"NEON.PLA.D02.BLAN.05959","ok","single shrub","Live",1.4,130,2.3,,,,1.5,1.1,,"inverted cone",2.7,10,0.05,0.05,,"F1aLHfHLM4qaIk0WIP5D+6fDrn//30Wj","7gABGk8/BIej00n4oJuY0fI2jXrGKpPT","legacyData"
"0656f37f-096f-41a6-9da3-1eb308a3182b","BLAN_055.basePlot.vst","2016-11-02","vst_BLAN_2016","D02","BLAN","BLAN_055",,"NEON.PLA.D02.BLAN.05918","ok","small shrub","Live",,,1.3,0.3,,,1.0,0.8,,"ellipsoid or sphere",1.1,10,,,,"F1aLHfHLM4qaIk0WIP5D+6fDrn//30Wj","7gABGk8/BIej00n4oJuY0fI2jXrGKpPT","legacyData"
