uid,namedLocation,date,eventID,domainID,siteID,plotID,subplotID,individualID,tagStatus,growthForm,plantStatus,stemDiameter,measurementHeight,height,baseCrownHeight,breakHeight,breakDiameter,maxCrownDiameter,ninetyCrownDiameter,canopyPosition,shape,basalStemDiameter,basalStemDiameterMsrmntHeight,maxBaseCrownDiameter,ninetyBaseCrownDiameter,remarks,recordedBy,measuredBy,dataQF
"3306844d-0898-43c3-97d3-86bc13f8e21d","UKFS_060.basePlot.vst","2017-11-01","vst_UKFS_2017","D06","UKFS","UKFS_060",,"NEON.PLA.D06.UKFS.05294","ok","sapling","Live",,,2.3,,,,,,,,1.5,10,,,,"dcM8u/BhP7UbDDvxSpMzrlrnTorUEUOxkTJsGqUfT1M=","0QknftH/249Fzeup5XgxDmRFrswKMEXrpdiqA+dT0Pw=","legacyData"
"4eaa1de7-79f9-4273-ba38-6f149877d546","UKFS_060.basePlot.vst","2017-11-01","vst_UKFS_2017","D06","UKFS","UKFS_060",,"NEON.PLA.D06.UKFS.00211","ok","single bole tree","Live",13.7,130,9.0,,,,,,,,,,,,,"dcM8u/BhP7UbDDvxSpMzrlrnTorUEUOxkTJsGqUfT1M=","0QknftH/249Fzeup5XgxDmRFrswKMEXrpdiqA+dT0Pw=","legacyData"
"19d26817-1308-4004-ae51-769bbd5d9eba","UKFS_060.basePlot.vst","2017-11-01","vst_UKFS_2017","D06","UKFS","UKFS_060",,"NEON.PLA.D06.UKFS.00280","ok","single bole tree","Standing dead",18.0,160,2.5,,,,,,,,,,,,,"dcM8u/BhP7UbDDvxSpMzrlrnTorUEUOxkTJsGqUfT1M=","0QknftH/249Fzeup5XgxDmRFrswKMEXrpdiqA+dT0Pw=","legacyData"
"db1f0831-f6b9-4071-986b-4cdce50f3d0e","UKFS_060.basePlot.vst","2017-11-01","vst_UKFS_2017","D06","UKFS","UKFS_060",,"NEON.PLA.D06.UKFS.00218","ok","small tree","Downed",,,,,,,,,,,,,,,,"dcM8u/BhP7UbDDvxSpMzrlrnTorUEUOxkTJsGqUfT1M=","0QknftH/249Fzeup5XgxDmRFrswKMEXrpdiqA+dT0Pw=","legacyData"
"12848108-9267-4d27-a6b7-b118687d26d9","UKFS_060.basePlot.vst","2017-11-01","vst_UKFS_2017","D06","UKFS","UKFS_060",,"NEON.PLA.D06.UKFS.02561","ok","small shrub","Live",,,3.2,,,,3.4,2.8,,"half-sphere",1.0,10,,,,"dcM8u/BhP7UbDDvxSpMzrlrnTorUEUOxkTJsGqUfT1M=","0QknftH/249Fzeup5XgxDmRFrswKMEXrpdiqA+dT0Pw=","legacyData"
"0ac11372-d1ef-4a0c-8c5e-0acf5eb63965","UKFS_060.basePlot.vst","2017-11-01","vst_UKFS_2017","D06","UKFS","UKFS_060",,"NEON.PLA.D06.UKFS.02561","ok","small shrub","Live",,,3.2,,,,3.4,2.8,,"half-sphere",1.3,10,,,,"dcM8u/BhP7UbDDvxSpMzrlrnTorUEUOxkTJsGqUfT1M=","0QknftH/249Fzeup5XgxDmRFrswKMEXrpdiqA+dT0Pw=","legacyData"
"2564d412-5f0a-413f-b463-4aa53879c708","UKFS_060.basePlot.vst","2017-11-01","vst_UKFS_2017","D06","UKFS","UKFS_060",,"NEON.PLA.D06.UKFS.00279A","ok","multi-bole tree","Live",12.7,160,,,,,,,,,,,,,,"dcM8u/BhP7UbDDvxSpMzrlrnTorUEUOxkTJsGqUfT1M=","0QknftH/249Fzeup5XgxDmRFrswKMEXrpdiqA+dT0Pw=","legacyData"
"c1c9104e-524d-443c-82b1-310ebf8eade7","UKFS_060.basePlot.vst","2017-11-01","vst_UKFS_2017","D06","UKFS","UKFS_060",,"NEON.PLA.D06.UKFS.00281","ok","single bole tree","Live",10.4,130,4.0,,,,,,,,,,,,,"dcM8u/BhP7UbDDvxSpMzrlrnTorUEUOxkTJsGqUfT1M=","0QknftH/249Fzeup5XgxDmRFrswKMEXrpdiqA+dT0Pw=","legacyData"
"29e2cbc8-d768-4b8a-8b47-b52c6b62d738","UKFS_060.basePlot.vst","2017-11-01","vst_UKFS_2017","D06","UKFS","UKFS_060",,"NEON.PLA.D06.UKFS.02563","ok","sapling","Live",,,1.3,,,,,,,,1.4,10,,,,"dcM8u/BhP7UbDDvxSpMzrlrnTorUEUOxkTJsGqUfT1M=","0QknftH/249Fzeup5XgxDmRFrswKMEXrpdiqA+dT0Pw=","legacyData"
"fa74912c-7fa2-4c84-ba85-f764268fb2de","UKFS_060.basePlot.vst","2017-11-01","vst_UKFS_2017","D06","UKFS","UKFS_060",,"NEON.PLA.D06.UKFS.00278","ok","single bole tree","Live",11.1,130,6.3,,,,,,,,,,,,,"dcM8u/BhP7UbDDvxSpMzrlrnTorUEUOxkTJsGqUfT1M=","0QknftH/249Fzeup5XgxDmRFrswKMEXrpdiqA+dT0Pw=","legacyData"
"8a190ce2-8fac-44fd-afa6-3c6ea1ae3426","UKFS_060.basePlot.vst","2017-11-01","vst_UKFS_2017","D06","UKFS","UKFS_060",,"NEON.PLA.D06.UKFS.00287","ok","single bole tree","Live",10.1,130,6.4,,,,,,,,,,,,,"dcM8u/BhP7UbDDvxSpMzrlrnTorUEUOxkTJsGqUfT1M=","0QknftH/249Fzeup5XgxDmRFrswKMEXrpdiqA+dT0Pw=","legacyData"
"5d13fbe6-5b5d-4e38-a0da-20606308be0b","UKFS_060.basePlot.vst","2017-11-01","vst_UKFS_2017","D06","UKFS","UKFS_060",,"NEON.PLA.D06.UKFS.00289","ok","liana","Live",4.1,130,,,,,,,,,,,,,,"dcM8u/BhP7UbDDvxSpMzrlrnTorUEUOxkTJsGqUfT1M=","0QknftH/249Fzeup5XgxDmRFrswKMEXrpdiqA+dT0Pw=","legacyData"
"0e040f4f-aa3c-45a6-bd02-fa6cce53a6ec","UKFS_060.basePlot.vst","2017-11-01","vst_UKFS_2017","D06","UKFS","UKFS_060",,"NEON.PLA.D06.UKFS.00253","ok","liana","Live",4.4,130,,,,,,,,,,,,,,"dcM8u/BhP7UbDDvxSpMzrlrnTorUEUOxkTJsGqUfT1M=","0QknftH/249Fzeup5XgxDmRFrswKMEXrpdiqA+dT0Pw=","legacyData"
"a0fe57b0-af1e-4cbc-8c72-1d4b8871fa13","UKFS_060.basePlot.vst","2017-11-01","vst_UKFS_2017","D06","UKFS","UKFS_060",,"NEON.PLA.D06.UKFS.00283","ok","small tree","Live",3.1,130,2.7,,,,,,,,,,,,,"dcM8u/BhP7UbDDvxSpMzrlrnTorUEUOxkTJsGqUfT1M=","0QknftH/249Fzeup5XgxDmRFrswKMEXrpdiqA+dT0Pw=","legacyData"
"09ec4a78-896b-4fec-9fe6-5dd38dc1c2cf","UKFS_060.basePlot.vst","2017-11-01","vst_UKFS_2017","D06","UKFS","UKFS_060",,"NEON.PLA.D06.UKFS.00256","ok","single bole tree","Live",22.5,130,10.1,,,,,,,,,,,,,"dcM8u/BhP7UbDDvxSpMzrlrnTorUEUOxkTJsGqUfT1M=","0QknftH/249Fzeup5XgxDmRFrswKMEXrpdiqA+dT0Pw=","legacyData"
"ba6b16d6-3263-4fdb-8264-a09af85c4163","UKFS_060.basePlot.vst","2017-11-01","vst_UKFS_2017","D06","UKFS","UKFS_060",,"NEON.PLA.D06.UKFS.02562","ok","small shrub","Live",,,2.3,,,,4.0,3.7,,"half-sphere",1.4,10,,,,"dcM8u/BhP7UbDDvxSpMzrlrnTorUEUOxkTJsGqUfT1M=","0QknftH/249Fzeup5XgxDmRFrswKMEXrpdiqA+dT0Pw=","legacyData"
"de663612-d63d-42a2-bdef-d16ef1335e31","UKFS_060.basePlot.vst","2017-11-01","vst_UKFS_2017","D06","UKFS","UKFS_060",,"NEON.PLA.D06.UKFS.00233","ok","small tree","Live",6.2,130,4.0,,,,,,,,,,,,,"dcM8u/BhP7UbDDvxSpMzrlrnTorUEUOxkTJsGqUfT1M=","0QknftH/249Fzeup5XgxDmRFrswKMEXrpdiqA+dT0Pw=","legacyData"
"c2723c7f-6329-4210-9ba9-4aacf0e39545","UKFS_060.basePlot.vst","2017-11-01","vst_UKFS_2017","D06","UKFS","UKFS_060",,"NEON.PLA.D06.UKFS.02567","unknown","small shrub","Lost, fate unknown",,,,,,,,,,,,,,,"Tag not located","dcM8u/BhP7UbDDvxSpMzrlrnTorUEUOxkTJsGqUfT1M=","0QknftH/249Fzeup5XgxDmRFrswKMEXrpdiqA+dT0Pw=","legacyData"
"82445a3b-a916-4121-ada8-91f07f08923e","UKFS_060.basePlot.vst","2017-11-01","vst_UKFS_2017","D06","UKFS","UKFS_060",,"NEON.PLA.D06.UKFS.00250","ok","single bole tree","Live",48.2,130,15.9,,,,,,,,,,,,,"dcM8u/BhP7UbDDvxSpMzrlrnTorUEUOxkTJsGqUfT1M=","0QknftH/249Fzeup5XgxDmRFrswKMEXrpdiqA+dT0Pw=","legacyData"
"27762217-de2c-4643-bd27-ead2de3284e0","UKFS_060.basePlot.vst","2017-11-01","vst_UKFS_2017","D06","UKFS","UKFS_060",,"NEON.PLA.D06.UKFS.02685","ok","small shrub","Live",,,1.1,,,,0.6,0.4,,"cylinder",1.1,10,,,,"dcM8u/BhP7UbDDvxSpMzrlrnTorUEUOxkTJsGqUfT1M=","0QknftH/249Fzeup5XgxDmRFrswKMEXrpdiqA+dT0Pw=","legacyData"
"0e5c5ce6-eafe-410b-90b1-62b0ef2f6684","UKFS_060.basePlot.vst","2017-11-01","vst_UKFS_2017","D06","UKFS","UKFS_060",,"NEON.PLA.D06.UKFS.05287","ok","sapling","Live",,,1.7,,,,,,,,1.8,10,,,,"dcM8u/BhP7UbDDvxSpMzrlrnTorUEUOxkTJsGqUfT1M=","0QknftH/249Fzeup5XgxDmRFrswKMEXrpdiqA+dT0Pw=","legacyData"
"cb07b73b-a70a-4a5e-9ecb-fcaf125ff5a5","UKFS_060.basePlot.vst","2017-11-01","vst_UKFS_2017","D06","UKFS","UKFS_060",,"NEON.PLA.D06.UKFS.02565","unknown","sapling","Lost, fate unknown",,,,,,,,,,,,,,,"Tag not located","dcM8u/BhP7UbDDvxSpMzrlrnTorUEUOxkTJsGqUfT1M=","0QknftH/249Fzeup5XgxDmRFrswKMEXrpdiqA+dT0Pw=","legacyData"
"a2647679-c45b-40a8-9bbd-a2e046e974c6","UKFS_060.basePlot.vst","2017-11-01","vst_UKFS_2017","D06","UKFS","UKFS_060",,"NEON.PLA.D06.UKFS.00236","ok","single bole tree","Live",54.9,130,14.5,,,,,,,,,,,,,"dcM8u/BhP7UbDDvxSpMzrlrnTorUEUOxkTJsGqUfT1M=","0QknftH/249Fzeup5XgxDmRFrswKMEXrpdiqA+dT0Pw=","legacyData"
"961c5158-6fa1-4494-90e2-d04c1c494c31","UKFS_060.basePlot.vst","2017-11-01","vst_UKFS_2017","D06","UKFS","UKFS_060",,"NEON.PLA.D06.UKFS.02562","ok","small shrub","Live",,,2.3,,,,4.0,3.7,,"half-sphere",1.3,10,,,,"dcM8u/BhP7UbDDvxSpMzrlrnTorUEUOxkTJsGqUfT1M=","0QknftH/249Fzeup5XgxDmRFrswKMEXrpdiqA+dT0Pw=","legacyData"
"e0849f56-911b-4f4f-afa6-04879b1fdebc","UKFS_060.basePlot.vst","2017-11-01","vst_UKFS_2017","D06","UKFS","UKFS_060",,"NEON.PLA.D06.UKFS.00277","ok","single bole tree","Live",40.2,130,14.5,,,,,,,,,,,,,"dcM8u/BhP7UbDDvxSpMzrlrnTorUEUOxkTJsGqUfT1M=","0QknftH/249Fzeup5XgxDmRFrswKMEXrpdiqA+dT0Pw=","legacyData"
"f269da8a-155f-474d-a74c-c48620de3bf8","UKFS_060.basePlot.vst","2017-11-01","vst_UKFS_2017","D06","UKFS","UKFS_060",,"NEON.PLA.D06.UKFS.00213","ok","single bole tree","Live",12.8,130,6.0,,,,,,,,,,,,,"dcM8u/BhP7UbDDvxSpMzrlrnTorUEUOxkTJsGqUfT1M=","0QknftH/249Fzeup5XgxDmRFrswKMEXrpdiqA+dT0Pw=","legacyData"
"4567c8ce-9ee6-480c-a39c-e9a11b573b16","UKFS_060.basePlot.vst","2017-11-01","vst_UKFS_2017","D06","UKFS","UKFS_060",,"NEON.PLA.D06.UKFS.02564","ok","small shrub","Live",,,1.5,,,,1.6,1.3,,"half-sphere",1.5,10,,,,"dcM8u/BhP7UbDDvxSpMzrlrnTorUEUOxkTJsGqUfT1M=","0QknftH/249Fzeup5XgxDmRFrswKMEXrpdiqA+dT0Pw=","legacyData"
"efb8c291-1880-4cc9-a807-08e8a32e36ed","UKFS_060.basePlot.vst","2017-11-01","vst_UKFS_2017","D06","UKFS","UKFS_060",,"NEON.PLA.D06.UKFS.00210","ok","single bole tree","Standing dead",10.5,130,6.0,,,,,,,,,,,,,"dcM8u/BhP7UbDDvxSpMzrlrnTorUEUOxkTJsGqUfT1M=","0QknftH/249Fzeup5XgxDmRFrswKMEXrpdiqA+dT0Pw=","legacyData"
"83492a25-35bd-4619-9f54-55e723dabd5d","UKFS_060.basePlot.vst","2017-11-01","vst_UKFS_2017","D06","UKFS","UKFS_060",,"NEON.PLA.D06.UKFS.00297","ok","single bole tree","Live",23.2,130,9.5,,,,,,,,,,,,,"dcM8u/BhP7UbDDvxSpMzrlrnTorUEUOxkTJsGqUfT1M=","0QknftH/249Fzeup5XgxDmRFrswKMEXrpdiqA+dT0Pw=","legacyData"
"8084ed6e-a1b2-4f5b-b302-e8b72d201fbd","UKFS_060.basePlot.vst","2017-11-01","vst_UKFS_2017","D06","UKFS","UKFS_060",,"NEON.PLA.D06.UKFS.00274","unknown","small shrub","Lost, fate unknown",,,,,,,,,,,,,,,"Tag couldn't be located","dcM8u/BhP7UbDDvxSpMzrlrnTorUEUOxkTJsGqUfT1M=","0QknftH/249Fzeup5XgxDmRFrswKMEXrpdiqA+dT0Pw=","legacyData"
"a7f93c14-27b5-4127-8558-c08fe673c0f2","UKFS_060.basePlot.vst","2017-11-01","vst_UKFS_2017","D06","UKFS","UKFS_060",,"NEON.PLA.D06.UKFS.00244","ok","small tree","Lost, fate unknown",,,,,,,,,,,,,,,"Tag not located but found fallen tree that matches description","dcM8u/BhP7UbDDvxSpMzrlrnTorUEUOxkTJsGqUfT1M=","0QknftH/249Fzeup5XgxDmRFrswKMEXrpdiqA+dT0Pw=","legacyData"
"170169db-f059-413c-aace-95a17289ca0b","UKFS_060.basePlot.vst","2017-11-01","vst_UKFS_2017","D06","UKFS","UKFS_060",,"NEON.PLA.D06.UKFS.02691","ok","small shrub","Live",,,1.2,,,,0.6,0.4,,"cylinder",1.1,10,,,,"dcM8u/BhP7UbDDvxSpMzrlrnTorUEUOxkTJsGqUfT1M=","0QknftH/249Fzeup5XgxDmRFrswKMEXrpdiqA+dT0Pw=","legacyData"
"65a7ef36-3452-4fff-be96-b8d9f987c009","UKFS_060.basePlot.vst","2017-11-01","vst_UKFS_2017","D06","UKFS","UKFS_060",,"NEON.PLA.D06.UKFS.05293","ok","sapling","Live",,,2.4,,,,,,,,1.5,10,,,,"dcM8u/BhP7UbDDvxSpMzrlrnTorUEUOxkTJsGqUfT1M=","0QknftH/249Fzeup5XgxDmRFrswKMEXrpdiqA+dT0Pw=","legacyData"
"25bb5190-9aeb-4443-8e27-82010e9517c8","UKFS_060.basePlot.vst","2017-11-01","vst_UKFS_2017","D06","UKFS","UKFS_060",,"NEON.PLA.D06.UKFS.02659","ok","small shrub","Live",,,1.3,,,,0.7,0.6,,"cylinder",1.3,10,,,,"dcM8u/BhP7UbDDvxSpMzrlrnTorUEUOxkTJsGqUfT1M=","0QknftH/249Fzeup5XgxDmRFrswKMEXrpdiqA+dT0Pw=","legacyData"
"e89147ac-93f1-4b9f-b016-c167b0cfdb1e","UKFS_060.basePlot.vst","2017-11-01","vst_UKFS_2017","D06","UKFS","UKFS_060",,"NEON.PLA.D06.UKFS.00282","ok","single bole tree","Live",31.0,130,5.6,,,,,,,,,,,,,"dcM8u/BhP7UbDDvxSpMzrlrnTorUEUOxkTJsGqUfT1M=","0QknftH/249Fzeup5XgxDmRFrswKMEXrpdiqA+dT0Pw=","legacyData"
"bcf83d50-f62a-4706-a5b1-b5bb34bb9bc9","UKFS_060.basePlot.vst","2017-11-01","vst_UKFS_2017","D06","UKFS","UKFS_060",,"NEON.PLA.D06.UKFS.02562","ok","small shrub","Live",,,2.3,,,,4.0,3.7,,"half-sphere",1.4,10,,,,"dcM8u/BhP7UbDDvxSpMzrlrnTorUEUOxkTJsGqUfT1M=","0QknftH/249Fzeup5XgxDmRFrswKMEXrpdiqA+dT0Pw=","legacyData"
"c4d3b965-94f7-4fb4-9aa1-797dc05449f1","UKFS_060.basePlot.vst","2017-11-01","vst_UKFS_2017","D06","UKFS","UKFS_060",,"NEON.PLA.D06.UKFS.00257","ok","single bole tree","Live",12.8,130,5.0,,,,,,,,,,,,,"dcM8u/BhP7UbDDvxSpMzrlrnTorUEUOxkTJsGqUfT1M=","0QknftH/249Fzeup5XgxDmRFrswKMEXrpdiqA+dT0Pw=","legacyData"
"a83bf7f3-ccfb-4b54-a6af-148a5bb0cfd2","UKFS_060.basePlot.vst","2017-11-01","vst_UKFS_2017","D06","UKFS","UKFS_060",,"NEON.PLA.D06.UKFS.00242","ok","small tree","Live",7.2,130,6.1,,,,,,,,,,,,,"dcM8u/BhP7UbDDvxSpMzrlrnTorUEUOxkTJsGqUfT1M=","0QknftH/249Fzeup5XgxDmRFrswKMEXrpdiqA+dT0Pw=","legacyData"
"6f8cec27-a576-46ba-bc54-e5f615803764","UKFS_060.basePlot.vst","2017-11-01","vst_UKFS_2017","D06","UKFS","UKFS_060",,"NEON.PLA.D06.UKFS.00294","ok","liana","Live",4.5,130,,,,,,,,,,,,,,"dcM8u/BhP7UbDDvxSpMzrlrnTorUEUOxkTJsGqUfT1M=","0QknftH/249Fzeup5XgxDmRFrswKMEXrpdiqA+dT0Pw=","legacyData"
"246e8bd6-76ac-4ddc-b6be-a6b08cb8f2ef","UKFS_060.basePlot.vst","2017-11-01","vst_UKFS_2017","D06","UKFS","UKFS_060",,"NEON.PLA.D06.UKFS.00267","ok","single bole tree","Downed",,,,,,,,,,,,,,,,"dcM8u/BhP7UbDDvxSpMzrlrnTorUEUOxkTJsGqUfT1M=","0QknftH/249Fzeup5XgxDmRFrswKMEXrpdiqA+dT0Pw=","legacyData"
"1afe0893-19aa-4c3d-b55d-7f0bea8ef0d6","UKFS_060.basePlot.vst","2017-11-01","vst_UKFS_2017","D06","UKFS","UKFS_060",,"NEON.PLA.D06.UKFS.00258","ok","single bole tree","Live",13.9,130,6.2,,,,,,,,,,,,,"dcM8u/BhP7UbDDvxSpMzrlrnTorUEUOxkTJsGqUfT1M=","0QknftH/249Fzeup5XgxDmRFrswKMEXrpdiqA+dT0Pw=","legacyData"
"a8c4f70f-8d79-43be-9897-9d859ee2110f","UKFS_060.basePlot.vst","2017-11-01","vst_UKFS_2017","D06","UKFS","UKFS_060",,"NEON.PLA.D06.UKFS.00299","ok","small tree","Live",3.8,130,3.6,,,,,,,,,,,,,"dcM8u/BhP7UbDDvxSpMzrlrnTorUEUOxkTJsGqUfT1M=","0QknftH/249Fzeup5XgxDmRFrswKMEXrpdiqA+dT0Pw=","legacyData"
"5c96d487-235a-45a4-b43d-ee9ffcdb38b1","UKFS_060.basePlot.vst","2017-11-01","vst_UKFS_2017","D06","UKFS","UKFS_060",,"NEON.PLA.D06.UKFS.02687","ok","small shrub","Live",,,1.3,,,,0.5,0.5,,"cylinder",1.2,10,,,,"dcM8u/BhP7UbDDvxSpMzrlrnTorUEUOxkTJsGqUfT1M=","0QknftH/249Fzeup5XgxDmRFrswKMEXrpdiqA+dT0Pw=","legacyData"
"7419d713-30c2-44f2-a22b-5cdf44e4dcf0","UKFS_060.basePlot.vst","2017-11-01","vst_UKFS_2017","D06","UKFS","UKFS_060",,"NEON.PLA.D06.UKFS.00223","ok","small tree","Live",2.7,130,3.1,,,,,,,,,,,,,"dcM8u/BhP7UbDDvxSpMzrlrnTorUEUOxkTJsGqUfT1M=","0QknftH/249Fzeup5XgxDmRFrswKMEXrpdiqA+dT0Pw=","legacyData"
"3c8adf61-b623-4c9e-a2a7-8029d75fdb57","UKFS_060.basePlot.vst","2017-11-01","vst_UKFS_2017","D06","UKFS","UKFS_060",,"NEON.PLA.D06.UKFS.02561","ok","small shrub","Live",,,3.2,,,,3.4,2.8,,"half-sphere",1.5,10,,,,"dcM8u/BhP7UbDDvxSpMzrlrnTorUEUOxkTJsGqUfT1M=","0QknftH/249Fzeup5XgxDmRFrswKMEXrpdiqA+dT0Pw=","legacyData"
"65b9f6d9-4086-42a8-8242-8f95ee1f67c5","UKFS_060.basePlot.vst","2017-11-01","vst_UKFS_2017","D06","UKFS","UKFS_060",,"NEON.PLA.D06.UKFS.00291","ok","single bole tree","Live",20.2,130,9.6,,,,,,,,,,,,,"dcM8u/BhP7UbDDvxSpMzrlrnTorUEUOxkTJsGqUfT1M=","0QknftH/249Fzeup5XgxDmRFrswKMEXrpdiqA+dT0Pw=","legacyData"
"771c2669-375d-403d-a23d-78496167ee21","UKFS_060.basePlot.vst","2017-11-01","vst_UKFS_2017","D06","UKFS","UKFS_060",,"NEON.PLA.D06.UKFS.00214","ok","liana","Live",4.1,130,,,,,,,,,,,,,,"dcM8u/BhP7UbDDvxSpMzrlrnTorUEUOxkTJsGqUfT1M=","0QknftH/249Fzeup5XgxDmRFrswKMEXrpdiqA+dT0Pw=","legacyData"
"e41fb795-7afb-47e4-8d44-45062c7f4d03","UKFS_060.basePlot.vst","2017-11-01","vst_UKFS_2017","D06","UKFS","UKFS_060",,"NEON.PLA.D06.UKFS.00235","ok","single bole tree","Live",13.8,130,6.5,,,,,,,,,,,,,"dcM8u/BhP7UbDDvxSpMzrlrnTorUEUOxkTJsGqUfT1M=","0QknftH/249Fzeup5XgxDmRFrswKMEXrpdiqA+dT0Pw=","legacyData"
"2f2c1360-72cd-4995-ae70-440c14415943","UKFS_060.basePlot.vst","2017-11-01","vst_UKFS_2017","D06","UKFS","UKFS_060",,"NEON.PLA.D06.UKFS.00225","ok","single bole tree","Live",26.1,130,15.0,,,,,,,,,,,,,"dcM8u/BhP7UbDDvxSpMzrlrnTorUEUOxkTJsGqUfT1M=","0QknftH/249Fzeup5XgxDmRFrswKMEXrpdiqA+dT0Pw=","legacyData"
"edd89fe2-e71e-421a-9e39-19bdba97f04a","UKFS_060.basePlot.vst","2017-11-01","vst_UKFS_2017","D06","UKFS","UKFS_060",,"NEON.PLA.D06.UKFS.00270","ok","small tree","Live",5.9,130,5.8,,,,,,,,,,,,,"dcM8u/BhP7UbDDvxSpMzrlrnTorUEUOxkTJsGqUfT1M=","0QknftH/249Fzeup5XgxDmRFrswKMEXrpdiqA+dT0Pw=","legacyData"
"d2abf56a-09bc-4614-971e-8c72d6b1502b","UKFS_060.basePlot.vst","2017-11-01","vst_UKFS_2017","D06","UKFS","UKFS_060",,"NEON.PLA.D06.UKFS.00226","ok","liana","Live",8.0,130,,,,,,,,,,,,,,"dcM8u/BhP7UbDDvxSpMzrlrnTorUEUOxkTJsGqUfT1M=","0QknftH/249Fzeup5XgxDmRFrswKMEXrpdiqA+dT0Pw=","legacyData"
"75d5c876-6744-431f-ac0a-114d76179891","UKFS_060.basePlot.vst","2017-11-01","vst_UKFS_2017","D06","UKFS","UKFS_060",,"NEON.PLA.D06.UKFS.02566","unknown","sapling","Lost, fate unknown",,,,,,,,,,,,,,,"Tag not located","dcM8u/BhP7UbDDvxSpMzrlrnTorUEUOxkTJsGqUfT1M=","0QknftH/249Fzeup5XgxDmRFrswKMEXrpdiqA+dT0Pw=","legacyData"
"6dfb8df5-3bcb-43bd-8751-a2d1c86aee39","UKFS_060.basePlot.vst","2017-11-01","vst_UKFS_2017","D06","UKFS","UKFS_060",,"NEON.PLA.D06.UKFS.05284","ok","small shrub","Live",,,1.2,,,,0.5,0.4,,"cylinder",1.1,10,,,,"dcM8u/BhP7UbDDvxSpMzrlrnTorUEUOxkTJsGqUfT1M=","0QknftH/249Fzeup5XgxDmRFrswKMEXrpdiqA+dT0Pw=","legacyData"
"0b716175-a076-4830-99a2-27dd91ca1eb7","UKFS_060.basePlot.vst","2017-11-01","vst_UKFS_2017","D06","UKFS","UKFS_060",,"NEON.PLA.D06.UKFS.00231","ok","small tree","Live",5.2,130,3.8,,,,,,,,,,,,,"dcM8u/BhP7UbDDvxSpMzrlrnTorUEUOxkTJsGqUfT1M=","0QknftH/249Fzeup5XgxDmRFrswKMEXrpdiqA+dT0Pw=","legacyData"
"e5cb132d-89f4-4a0b-bb89-4596ab8d9958","UKFS_060.basePlot.vst","2017-11-01","vst_UKFS_2017","D06","UKFS","UKFS_060",,"NEON.PLA.D06.UKFS.00285","ok","small tree","Live",8.7,130,4.6,,,,,,,,,,,,,"dcM8u/BhP7UbDDvxSpMzrlrnTorUEUOxkTJsGqUfT1M=","0QknftH/249Fzeup5XgxDmRFrswKMEXrpdiqA+dT0Pw=","legacyData"
"04b39476-91ee-4916-8b33-5f636ed79be6","UKFS_060.basePlot.vst","2017-11-01","vst_UKFS_2017","D06","UKFS","UKFS_060",,"NEON.PLA.D06.UKFS.02562","ok","small shrub","Live",,,2.3,,,,4.0,3.7,,"half-sphere",1.4,10,,,,"dcM8u/BhP7UbDDvxSpMzrlrnTorUEUOxkTJsGqUfT1M=","0QknftH/249Fzeup5XgxDmRFrswKMEXrpdiqA+dT0Pw=","legacyData"
"3ef4ebc9-a1e0-416f-9d43-9af15b402c78","UKFS_060.basePlot.vst","2017-11-01","vst_UKFS_2017","D06","UKFS","UKFS_060",,"NEON.PLA.D06.UKFS.00290","ok","single bole tree","Live",36.5,130,14.2,,,,,,,,,,,,,"dcM8u/BhP7UbDDvxSpMzrlrnTorUEUOxkTJsGqUfT1M=","0QknftH/249Fzeup5XgxDmRFrswKMEXrpdiqA+dT0Pw=","legacyData"
"20ee2580-df1e-4c31-9916-098013100f2b","UKFS_060.basePlot.vst","2017-11-01","vst_UKFS_2017","D06","UKFS","UKFS_060",,"NEON.PLA.D06.UKFS.00248","ok","single bole tree","Live",31.6,130,7.5,,,,,,,,,,,,,"dcM8u/BhP7UbDDvxSpMzrlrnTorUEUOxkTJsGqUfT1M=","0QknftH/249Fzeup5XgxDmRFrswKMEXrpdiqA+dT0Pw=","legacyData"
"57cd7838-3ce9-484e-b5db-3f71d1a3ce80","UKFS_060.basePlot.vst","2017-11-01","vst_UKFS_2017","D06","UKFS","UKFS_060",,"NEON.PLA.D06.UKFS.00260","ok","single bole tree","Live",19.3,130,8.0,,,,,,,,,,,,,"dcM8u/BhP7UbDDvxSpMzrlrnTorUEUOxkTJsGqUfT1M=","0QknftH/249Fzeup5XgxDmRFrswKMEXrpdiqA+dT0Pw=","legacyData"
"b0c56895-a496-4624-8b5f-3d50be2ad605","UKFS_060.basePlot.vst","2017-11-01","vst_UKFS_2017","D06","UKFS","UKFS_060",,"NEON.PLA.D06.UKFS.00269","unknown","sapling","Lost, fate unknown",,,,,,,,,,,,,,,"Tag couldn't be located","dcM8u/BhP7UbDDvxSpMzrlrnTorUEUOxkTJsGqUfT1M=","0QknftH/249Fzeup5XgxDmRFrswKMEXrpdiqA+dT0Pw=","legacyData"
"b1924c46-a934-4fd6-a02b-d023f860074b","UKFS_060.basePlot.vst","2017-11-01","vst_UKFS_2017","D06","UKFS","UKFS_060",,"NEON.PLA.D06.UKFS.05290","ok","sapling","Live",,,1.9,,,,,,,,1.4,10,,,,"dcM8u/BhP7UbDDvxSpMzrlrnTorUEUOxkTJsGqUfT1M=","0QknftH/249Fzeup5XgxDmRFrswKMEXrpdiqA+dT0Pw=","legacyData"
"52480e2b-594e-4e8b-aeed-2ed5f8cfb0bb","UKFS_060.basePlot.vst","2017-11-01","vst_UKFS_2017","D06","UKFS","UKFS_060",,"NEON.PLA.D06.UKFS.05295","ok","sapling","Live",,,1.6,,,,,,,,1.4,10,,,,"dcM8u/BhP7UbDDvxSpMzrlrnTorUEUOxkTJsGqUfT1M=","0QknftH/249Fzeup5XgxDmRFrswKMEXrpdiqA+dT0Pw=","legacyData"
"0da5ca50-05eb-4bf4-9a81-83c301245e03","UKFS_060.basePlot.vst","2017-11-01","vst_UKFS_2017","D06","UKFS","UKFS_060",,"NEON.PLA.D06.UKFS.00274","unknown","small shrub","Lost, fate unknown",,,,,,,,,,,,,,,"Tag not located","dcM8u/BhP7UbDDvxSpMzrlrnTorUEUOxkTJsGqUfT1M=","0QknftH/249Fzeup5XgxDmRFrswKMEXrpdiqA+dT0Pw=","legacyData"
"79a9d391-6b92-4c92-9e89-033acee538e1","UKFS_060.basePlot.vst","2017-11-01","vst_UKFS_2017","D06","UKFS","UKFS_060",,"NEON.PLA.D06.UKFS.00289","ok","liana","Live",1.9,130,,,,,,,,,,,,,,"dcM8u/BhP7UbDDvxSpMzrlrnTorUEUOxkTJsGqUfT1M=","0QknftH/249Fzeup5XgxDmRFrswKMEXrpdiqA+dT0Pw=","legacyData"
"01f855fa-af9c-4d32-b579-c54205206289","UKFS_060.basePlot.vst","2017-11-01","vst_UKFS_2017","D06","UKFS","UKFS_060",,"NEON.PLA.D06.UKFS.00216","ok","single bole tree","Live",43.7,130,15.2,,,,,,,,,,,,,"dcM8u/BhP7UbDDvxSpMzrlrnTorUEUOxkTJsGqUfT1M=","0QknftH/249Fzeup5XgxDmRFrswKMEXrpdiqA+dT0Pw=","legacyData"
"9030f9f8-76d2-4d0d-861e-da6f520eddca","UKFS_060.basePlot.vst","2017-11-01","vst_UKFS_2017","D06","UKFS","UKFS_060",,"NEON.PLA.D06.UKFS.00217","ok","single bole tree","Live",24.1,130,10.3,,,,,,,,,,,,,"dcM8u/BhP7UbDDvxSpMzrlrnTorUEUOxkTJsGqUfT1M=","0QknftH/249Fzeup5XgxDmRFrswKMEXrpdiqA+dT0Pw=","legacyData"
"e30944b4-9635-4c9e-9d2a-de1ad4cb9877","UKFS_060.basePlot.vst","2017-11-01","vst_UKFS_2017","D06","UKFS","UKFS_060",,"NEON.PLA.D06.UKFS.00239","ok","small tree","Live",7.6,130,4.5,,,,,,,,,,,,,"dcM8u/BhP7UbDDvxSpMzrlrnTorUEUOxkTJsGqUfT1M=","0QknftH/249Fzeup5XgxDmRFrswKMEXrpdiqA+dT0Pw=","legacyData"
"f196e748-7940-40fc-b076-4aaa26fdf431","UKFS_060.basePlot.vst","2017-11-01","vst_UKFS_2017","D06","UKFS","UKFS_060",,"NEON.PLA.D06.UKFS.00215","ok","single bole tree","Standing dead",12.1,130,10.0,,,,,,,,,,,,,"dcM8u/BhP7UbDDvxSpMzrlrnTorUEUOxkTJsGqUfT1M=","0QknftH/249Fzeup5XgxDmRFrswKMEXrpdiqA+dT0Pw=","legacyData"
"552362fe-62be-4dfd-8a6d-ea4c9ae13857","UKFS_060.basePlot.vst","2017-11-01","vst_UKFS_2017","D06","UKFS","UKFS_060",,"NEON.PLA.D06.UKFS.05285","ok","sapling","Live",,,1.7,,,,,,,,1.1,10,,,,"dcM8u/BhP7UbDDvxSpMzrlrnTorUEUOxkTJsGqUfT1M=","0QknftH/249Fzeup5XgxDmRFrswKMEXrpdiqA+dT0Pw=","legacyData"
"800f26f0-7cca-4e28-a001-df2d14d005ab","UKFS_060.basePlot.vst","2017-11-01","vst_UKFS_2017","D06","UKFS","UKFS_060",,"NEON.PLA.D06.UKFS.00251","ok","single bole tree","Live",10.8,130,7.5,,,,,,,,,,,,,"dcM8u/BhP7UbDDvxSpMzrlrnTorUEUOxkTJsGqUfT1M=","0QknftH/249Fzeup5XgxDmRFrswKMEXrpdiqA+dT0Pw=","legacyData"
"035a4e93-540d-4da2-b631-4c9badeafcbe","UKFS_060.basePlot.vst","2017-11-01","vst_UKFS_2017","D06","UKFS","UKFS_060",,"NEON.PLA.D06.UKFS.00246","ok","single bole tree","Live",19.9,130,9.0,,,,,,,,,,,,,"dcM8u/BhP7UbDDvxSpMzrlrnTorUEUOxkTJsGqUfT1M=","0QknftH/249Fzeup5XgxDmRFrswKMEXrpdiqA+dT0Pw=","legacyData"
"66437a41-3dfa-49b8-b638-518f22b2428f","UKFS_060.basePlot.vst","2017-11-01","vst_UKFS_2017","D06","UKFS","UKFS_060",,"NEON.PLA.D06.UKFS.05291","ok","sapling","Live",,,1.8,,,,,,,,1.3,10,,,,"dcM8u/BhP7UbDDvxSpMzrlrnTorUEUOxkTJsGqUfT1M=","0QknftH/249Fzeup5XgxDmRFrswKMEXrpdiqA+dT0Pw=","legacyData"
"1a8204e8-6cae-4499-a8fe-ae1597bc97a2","UKFS_060.basePlot.vst","2017-11-01","vst_UKFS_2017","D06","UKFS","UKFS_060",,"NEON.PLA.D06.UKFS.00286","ok","liana","Live",2.5,130,,,,,,,,,,,,,,"dcM8u/BhP7UbDDvxSpMzrlrnTorUEUOxkTJsGqUfT1M=","0QknftH/249Fzeup5XgxDmRFrswKMEXrpdiqA+dT0Pw=","legacyData"
"1524f93b-377f-4405-a6cb-e423b3cbbd24","UKFS_060.basePlot.vst","2017-11-01","vst_UKFS_2017","D06","UKFS","UKFS_060",,"NEON.PLA.D06.UKFS.00254","ok","single bole tree","Live",35.7,130,14.7,,,,,,,,,,,,,"dcM8u/BhP7UbDDvxSpMzrlrnTorUEUOxkTJsGqUfT1M=","0QknftH/249Fzeup5XgxDmRFrswKMEXrpdiqA+dT0Pw=","legacyData"
"4b4b7de1-3525-4fa4-ae29-39a48db57869","UKFS_060.basePlot.vst","2017-11-01","vst_UKFS_2017","D06","UKFS","UKFS_060",,"NEON.PLA.D06.UKFS.02653","ok","small shrub","Live",,,1.1,,,,0.7,0.4,,"cylinder",1.1,10,,,,"dcM8u/BhP7UbDDvxSpMzrlrnTorUEUOxkTJsGqUfT1M=","0QknftH/249Fzeup5XgxDmRFrswKMEXrpdiqA+dT0Pw=","legacyData"
"d988fef2-52c2-4b7a-bd45-b43326a7a8bd","UKFS_060.basePlot.vst","2017-11-01","vst_UKFS_2017","D06","UKFS","UKFS_060",,"NEON.PLA.D06.UKFS.00293","ok","small tree","Live",6.5,130,5.4,,,,,,,,,,,,,"dcM8u/BhP7UbDDvxSpMzrlrnTorUEUOxkTJsGqUfT1M=","0QknftH/249Fzeup5XgxDmRFrswKMEXrpdiqA+dT0Pw=","legacyData"
"0c65e4dc-a9f9-4972-b996-fff7dbba184b","UKFS_060.basePlot.vst","2017-11-01","vst_UKFS_2017","D06","UKFS","UKFS_060",,"NEON.PLA.D06.UKFS.00259","ok","single bole tree","Live",13.3,130,3.7,,,,,,,,,,,,,"dcM8u/BhP7UbDDvxSpMzrlrnTorUEUOxkTJsGqUfT1M=","0QknftH/249Fzeup5XgxDmRFrswKMEXrpdiqA+dT0Pw=","legacyData"
"0c66b385-61e4-491b-bf94-c7254f35cfd2","UKFS_060.basePlot.vst","2017-11-01","vst_UKFS_2017","D06","UKFS","UKFS_060",,"NEON.PLA.D06.UKFS.00271","ok","liana","Live",6.4,130,,,,,,,,,,,,,,"dcM8u/BhP7UbDDvxSpMzrlrnTorUEUOxkTJsGqUfT1M=","0QknftH/249Fzeup5XgxDmRFrswKMEXrpdiqA+dT0Pw=","legacyData"
"f73fcbfe-d70a-402f-b407-f33d039eed77","UKFS_060.basePlot.vst","2017-11-01","vst_UKFS_2017","D06","UKFS","UKFS_060",,"NEON.PLA.D06.UKFS.00237","ok","liana","Live",8.3,130,,,,,,,,,,,,,,"dcM8u/BhP7UbDDvxSpMzrlrnTorUEUOxkTJsGqUfT1M=","0QknftH/249Fzeup5XgxDmRFrswKMEXrpdiqA+dT0Pw=","legacyData"
"3f345e7e-694e-40d6-a62f-9d9f18e30bfc","UKFS_060.basePlot.vst","2017-11-01","vst_UKFS_2017","D06","UKFS","UKFS_060",,"NEON.PLA.D06.UKFS.00249","ok","single bole tree","Live",11.3,130,7.0,,,,,,,,,,,,,"dcM8u/BhP7UbDDvxSpMzrlrnTorUEUOxkTJsGqUfT1M=","0QknftH/249Fzeup5XgxDmRFrswKMEXrpdiqA+dT0Pw=","legacyData"
"ece124e5-cb1c-4cf3-81cb-5994eb1a82d8","UKFS_060.basePlot.vst","2017-11-01","vst_UKFS_2017","D06","UKFS","UKFS_060",,"NEON.PLA.D06.UKFS.00300","ok","small tree","Live",8.0,130,5.0,,,,,,,,,,,,,"dcM8u/BhP7UbDDvxSpMzrlrnTorUEUOxkTJsGqUfT1M=","0QknftH/249Fzeup5XgxDmRFrswKMEXrpdiqA+dT0Pw=","legacyData"
"c442a9a5-12c4-4171-b7d1-117da9f4bd1e","UKFS_060.basePlot.vst","2017-11-01","vst_UKFS_2017","D06","UKFS","UKFS_060",,"NEON.PLA.D06.UKFS.02561","ok","small shrub","Live",,,3.2,,,,3.4,2.8,,"half-sphere",1.4,10,,,,"dcM8u/BhP7UbDDvxSpMzrlrnTorUEUOxkTJsGqUfT1M=","0QknftH/249Fzeup5XgxDmRFrswKMEXrpdiqA+dT0Pw=","legacyData"
"7034767b-c00d-4ca0-9fcf-e95ab62dc8a4","UKFS_060.basePlot.vst","2017-11-01","vst_UKFS_2017","D06","UKFS","UKFS_060",,"NEON.PLA.D06.UKFS.00272","ok","sapling","Live",,,1.3,,,,,,,,1.3,10,,,,"dcM8u/BhP7UbDDvxSpMzrlrnTorUEUOxkTJsGqUfT1M=","0QknftH/249Fzeup5XgxDmRFrswKMEXrpdiqA+dT0Pw=","legacyData"
"11625413-dcd4-4298-a1b6-d03182a807d7","UKFS_060.basePlot.vst","2017-11-01","vst_UKFS_2017","D06","UKFS","UKFS_060",,"NEON.PLA.D06.UKFS.00221","ok","liana","Live",5.6,130,,,,,,,,,,,,,,"dcM8u/BhP7UbDDvxSpMzrlrnTorUEUOxkTJsGqUfT1M=","0QknftH/249Fzeup5XgxDmRFrswKMEXrpdiqA+dT0Pw=","legacyData"
"42317918-8167-44d5-9150-3c30b8569cce","UKFS_060.basePlot.vst","2017-11-01","vst_UKFS_2017","D06","UKFS","UKFS_060",,"NEON.PLA.D06.UKFS.00234","ok","liana","Live",7.8,130,,,,,,,,,,,,,,"dcM8u/BhP7UbDDvxSpMzrlrnTorUEUOxkTJsGqUfT1M=","0QknftH/249Fzeup5XgxDmRFrswKMEXrpdiqA+dT0Pw=","legacyData"
"ed555ae8-514f-4ab3-a1e3-34df118b1e57","UKFS_060.basePlot.vst","2017-11-01","vst_UKFS_2017","D06","UKFS","UKFS_060",,"NEON.PLA.D06.UKFS.05286","ok","small shrub","Live",,,1.0,,,,1.6,1.6,,"cylinder",1.1,10,,,,"dcM8u/BhP7UbDDvxSpMzrlrnTorUEUOxkTJsGqUfT1M=","0QknftH/249Fzeup5XgxDmRFrswKMEXrpdiqA+dT0Pw=","legacyData"
"82582e68-056d-433e-8300-f845f9916bed","UKFS_060.basePlot.vst","2017-11-01","vst_UKFS_2017","D06","UKFS","UKFS_060",,"NEON.PLA.D06.UKFS.05289","ok","sapling","Live",,,1.6,,,,,,,,1.3,10,,,,"dcM8u/BhP7UbDDvxSpMzrlrnTorUEUOxkTJsGqUfT1M=","0QknftH/249Fzeup5XgxDmRFrswKMEXrpdiqA+dT0Pw=","legacyData"
"49b0b845-52a8-446d-b615-a1f99e327533","UKFS_060.basePlot.vst","2017-11-01","vst_UKFS_2017","D06","UKFS","UKFS_060",,"NEON.PLA.D06.UKFS.02680","ok","small shrub","Live",,,0.9,,,,0.6,0.3,,"cylinder",1.2,10,,,,"dcM8u/BhP7UbDDvxSpMzrlrnTorUEUOxkTJsGqUfT1M=","0QknftH/249Fzeup5XgxDmRFrswKMEXrpdiqA+dT0Pw=","legacyData"
"6dcf5658-0c84-4959-9ba5-9b6d5a863305","UKFS_060.basePlot.vst","2017-11-01","vst_UKFS_2017","D06","UKFS","UKFS_060",,"NEON.PLA.D06.UKFS.02690","ok","small shrub","Live",,,1.1,,,,0.6,0.5,,"cylinder",1.5,10,,,,"dcM8u/BhP7UbDDvxSpMzrlrnTorUEUOxkTJsGqUfT1M=","0QknftH/249Fzeup5XgxDmRFrswKMEXrpdiqA+dT0Pw=","legacyData"
"1af88995-13fa-4ae2-a37e-0092f02a7973","UKFS_060.basePlot.vst","2017-11-01","vst_UKFS_2017","D06","UKFS","UKFS_060",,"NEON.PLA.D06.UKFS.00252","ok","single bole tree","Live",18.9,130,7.4,,,,,,,,,,,,,"dcM8u/BhP7UbDDvxSpMzrlrnTorUEUOxkTJsGqUfT1M=","0QknftH/249Fzeup5XgxDmRFrswKMEXrpdiqA+dT0Pw=","legacyData"
"6bccf0a2-032e-424e-bb62-e55dbf184809","UKFS_060.basePlot.vst","2017-11-01","vst_UKFS_2017","D06","UKFS","UKFS_060",,"NEON.PLA.D06.UKFS.02679","ok","single bole tree","Live",11.9,130,6.8,,,,,,,,,,,,,"dcM8u/BhP7UbDDvxSpMzrlrnTorUEUOxkTJsGqUfT1M=","0QknftH/249Fzeup5XgxDmRFrswKMEXrpdiqA+dT0Pw=","legacyData"
"0a0abd1e-9706-4c13-b0b8-7b8cd6cbc4e6","UKFS_060.basePlot.vst","2017-11-01","vst_UKFS_2017","D06","UKFS","UKFS_060",,"NEON.PLA.D06.UKFS.00268","ok","small tree","Live",4.6,130,4.0,,,,,,,,,,,,,"dcM8u/BhP7UbDDvxSpMzrlrnTorUEUOxkTJsGqUfT1M=","0QknftH/249Fzeup5XgxDmRFrswKMEXrpdiqA+dT0Pw=","legacyData"
"8689c888-e0d9-487d-b5a7-cb3258857171","UKFS_060.basePlot.vst","2017-11-01","vst_UKFS_2017","D06","UKFS","UKFS_060",,"NEON.PLA.D06.UKFS.00237A","ok","liana","Live",6.9,130,,,,,,,,,,,,,,"dcM8u/BhP7UbDDvxSpMzrlrnTorUEUOxkTJsGqUfT1M=","0QknftH/249Fzeup5XgxDmRFrswKMEXrpdiqA+dT0Pw=","legacyData"
"102ae684-464e-406e-a5d9-92b1e1fad3f1","UKFS_060.basePlot.vst","2017-11-01","vst_UKFS_2017","D06","UKFS","UKFS_060",,"NEON.PLA.D06.UKFS.00229","ok","liana","Live",6.1,130,,,,,,,,,,,,,,"dcM8u/BhP7UbDDvxSpMzrlrnTorUEUOxkTJsGqUfT1M=","0QknftH/249Fzeup5XgxDmRFrswKMEXrpdiqA+dT0Pw=","legacyData"
"37f7d1e3-52bc-4ae4-ad16-634a51e44c5a","UKFS_060.basePlot.vst","2017-11-01","vst_UKFS_2017","D06","UKFS","UKFS_060",,"NEON.PLA.D06.UKFS.00228","ok","liana","Live",4.5,130,,,,,,,,,,,,,,"dcM8u/BhP7UbDDvxSpMzrlrnTorUEUOxkTJsGqUfT1M=","0QknftH/249Fzeup5XgxDmRFrswKMEXrpdiqA+dT0Pw=","legacyData"
"2b69120d-678c-469b-8c4f-a79b36a9bf4a","UKFS_060.basePlot.vst","2017-11-01","vst_UKFS_2017","D06","UKFS","UKFS_060",,"NEON.PLA.D06.UKFS.00295","ok","liana","Downed",,,,,,,,,,,,,,,,"dcM8u/BhP7UbDDvxSpMzrlrnTorUEUOxkTJsGqUfT1M=","0QknftH/249Fzeup5XgxDmRFrswKMEXrpdiqA+dT0Pw=","legacyData"
"9f2a9eef-d496-46a4-8996-b8a6a1b713d3","UKFS_060.basePlot.vst","2017-11-01","vst_UKFS_2017","D06","UKFS","UKFS_060",,"NEON.PLA.D06.UKFS.02568","ok","small shrub","Standing dead",,,0.5,,,,0.4,0.2,,"cylinder",1.3,10,,,,"dcM8u/BhP7UbDDvxSpMzrlrnTorUEUOxkTJsGqUfT1M=","0QknftH/249Fzeup5XgxDmRFrswKMEXrpdiqA+dT0Pw=","legacyData"
"103d1be3-0fcd-4d86-9d27-e81c1056931d","UKFS_060.basePlot.vst","2017-11-01","vst_UKFS_2017","D06","UKFS","UKFS_060",,"NEON.PLA.D06.UKFS.00241","ok","single bole tree","Live",32.8,130,8.3,,,,,,,,,,,,,"dcM8u/BhP7UbDDvxSpMzrlrnTorUEUOxkTJsGqUfT1M=","0QknftH/249Fzeup5XgxDmRFrswKMEXrpdiqA+dT0Pw=","legacyData"
"cbe5ebaf-0816-492b-b483-ae550f5e2a4a","UKFS_060.basePlot.vst","2017-11-01","vst_UKFS_2017","D06","UKFS","UKFS_060",,"NEON.PLA.D06.UKFS.02562","ok","small shrub","Live",,,2.3,,,,4.0,3.7,,"half-sphere",1.3,10,,,,"dcM8u/BhP7UbDDvxSpMzrlrnTorUEUOxkTJsGqUfT1M=","0QknftH/249Fzeup5XgxDmRFrswKMEXrpdiqA+dT0Pw=","legacyData"
"2bf634f0-f956-427c-9591-0d65f84d2757","UKFS_060.basePlot.vst","2017-11-01","vst_UKFS_2017","D06","UKFS","UKFS_060",,"NEON.PLA.D06.UKFS.00219","ok","single bole tree","Live",10.5,130,5.0,,,,,,,,,,,,,"dcM8u/BhP7UbDDvxSpMzrlrnTorUEUOxkTJsGqUfT1M=","0QknftH/249Fzeup5XgxDmRFrswKMEXrpdiqA+dT0Pw=","legacyData"
"eb5c3cab-ba00-45a2-90bb-c08a68f53a66","UKFS_060.basePlot.vst","2017-11-01","vst_UKFS_2017","D06","UKFS","UKFS_060",,"NEON.PLA.D06.UKFS.00279","ok","multi-bole tree","Live",36.3,160,15.4,,,,,,,,,,,,,"dcM8u/BhP7UbDDvxSpMzrlrnTorUEUOxkTJsGqUfT1M=","0QknftH/249Fzeup5XgxDmRFrswKMEXrpdiqA+dT0Pw=","legacyData"
"d73f0edc-7efd-4a82-852e-a6a491892ce7","UKFS_060.basePlot.vst","2017-11-01","vst_UKFS_2017","D06","UKFS","UKFS_060",,"NEON.PLA.D06.UKFS.00230","ok","single bole tree","Live",29.8,130,12.0,,,,,,,,,,,,,"dcM8u/BhP7UbDDvxSpMzrlrnTorUEUOxkTJsGqUfT1M=","0QknftH/249Fzeup5XgxDmRFrswKMEXrpdiqA+dT0Pw=","legacyData"
"ebadadd8-d84a-40fb-af92-6f6bdb5684fb","UKFS_060.basePlot.vst","2017-11-01","vst_UKFS_2017","D06","UKFS","UKFS_060",,"NEON.PLA.D06.UKFS.00212","ok","single bole tree","Live",37.7,130,13.4,,,,,,,,,,,,,"dcM8u/BhP7UbDDvxSpMzrlrnTorUEUOxkTJsGqUfT1M=","0QknftH/249Fzeup5XgxDmRFrswKMEXrpdiqA+dT0Pw=","legacyData"
"492d28a3-7000-4729-b141-bb72eeb7e362","UKFS_060.basePlot.vst","2017-11-01","vst_UKFS_2017","D06","UKFS","UKFS_060",,"NEON.PLA.D06.UKFS.02561","ok","small shrub","Live",,,3.2,,,,3.4,2.8,,"half-sphere",1.2,10,,,,"dcM8u/BhP7UbDDvxSpMzrlrnTorUEUOxkTJsGqUfT1M=","0QknftH/249Fzeup5XgxDmRFrswKMEXrpdiqA+dT0Pw=","legacyData"
"a6db3560-928a-4001-bb74-0a2cda8dda4f","UKFS_060.basePlot.vst","2017-11-01","vst_UKFS_2017","D06","UKFS","UKFS_060",,"NEON.PLA.D06.UKFS.00222","ok","single bole tree","Live",13.8,130,10.0,,,,,,,,,,,,,"dcM8u/BhP7UbDDvxSpMzrlrnTorUEUOxkTJsGqUfT1M=","0QknftH/249Fzeup5XgxDmRFrswKMEXrpdiqA+dT0Pw=","legacyData"
"e6076a67-903c-4714-870a-69e0f7cedd75","UKFS_060.basePlot.vst","2017-11-01","vst_UKFS_2017","D06","UKFS","UKFS_060",,"NEON.PLA.D06.UKFS.00245","ok","single bole tree","Live",13.9,130,4.9,,,,,,,,,,,,,"dcM8u/BhP7UbDDvxSpMzrlrnTorUEUOxkTJsGqUfT1M=","0QknftH/249Fzeup5XgxDmRFrswKMEXrpdiqA+dT0Pw=","legacyData"
"3d329e7c-ab52-4ac3-a75c-48ed4271952f","UKFS_060.basePlot.vst","2017-11-01","vst_UKFS_2017","D06","UKFS","UKFS_060",,"NEON.PLA.D06.UKFS.00273","ok","small shrub","Live",,,1.0,,,,0.6,0.5,,"cylinder",1.1,10,,,,"dcM8u/BhP7UbDDvxSpMzrlrnTorUEUOxkTJsGqUfT1M=","0QknftH/249Fzeup5XgxDmRFrswKMEXrpdiqA+dT0Pw=","legacyData"
"aac8e66f-cf6e-4a68-a068-53e56f779114","UKFS_060.basePlot.vst","2017-11-01","vst_UKFS_2017","D06","UKFS","UKFS_060",,"NEON.PLA.D06.UKFS.02693","ok","small shrub","Live",,,1.0,,,,0.8,0.4,,"cylinder",1.4,10,,,,"dcM8u/BhP7UbDDvxSpMzrlrnTorUEUOxkTJsGqUfT1M=","0QknftH/249Fzeup5XgxDmRFrswKMEXrpdiqA+dT0Pw=","legacyData"
"8f000238-976a-4b07-a4c8-abbfd74f2113","UKFS_060.basePlot.vst","2017-11-01","vst_UKFS_2017","D06","UKFS","UKFS_060",,"NEON.PLA.D06.UKFS.05288","ok","sapling","Live",,,1.3,,,,,,,,1.2,10,,,,"dcM8u/BhP7UbDDvxSpMzrlrnTorUEUOxkTJsGqUfT1M=","0QknftH/249Fzeup5XgxDmRFrswKMEXrpdiqA+dT0Pw=","legacyData"
"648777bf-ad65-4aa4-8fa9-03b2df16bdaf","UKFS_060.basePlot.vst","2017-11-01","vst_UKFS_2017","D06","UKFS","UKFS_060",,"NEON.PLA.D06.UKFS.00237B","ok","liana","Live",5.1,130,,,,,,,,,,,,,,"dcM8u/BhP7UbDDvxSpMzrlrnTorUEUOxkTJsGqUfT1M=","0QknftH/249Fzeup5XgxDmRFrswKMEXrpdiqA+dT0Pw=","legacyData"
"69db7ada-93fa-4977-afbd-4e50a6a108f6","UKFS_060.basePlot.vst","2017-11-01","vst_UKFS_2017","D06","UKFS","UKFS_060",,"NEON.PLA.D06.UKFS.00284","ok","liana","Live",1.8,130,,,,,,,,,,,,,,"dcM8u/BhP7UbDDvxSpMzrlrnTorUEUOxkTJsGqUfT1M=","0QknftH/249Fzeup5XgxDmRFrswKMEXrpdiqA+dT0Pw=","legacyData"
"ca0004d4-99c6-4eca-a687-4e23e34bc5d2","UKFS_060.basePlot.vst","2017-11-01","vst_UKFS_2017","D06","UKFS","UKFS_060",,"NEON.PLA.D06.UKFS.02678","ok","sapling","Live",,,1.8,,,,,,,,1.5,10,,,,"dcM8u/BhP7UbDDvxSpMzrlrnTorUEUOxkTJsGqUfT1M=","0QknftH/249Fzeup5XgxDmRFrswKMEXrpdiqA+dT0Pw=","legacyData"
"dc13bb16-372f-45bd-8f67-a046fae7d746","UKFS_060.basePlot.vst","2017-11-01","vst_UKFS_2017","D06","UKFS","UKFS_060",,"NEON.PLA.D06.UKFS.02562","ok","small shrub","Live",,,2.3,,,,4.0,3.7,,"half-sphere",1.3,10,,,,"dcM8u/BhP7UbDDvxSpMzrlrnTorUEUOxkTJsGqUfT1M=","0QknftH/249Fzeup5XgxDmRFrswKMEXrpdiqA+dT0Pw=","legacyData"
"125eb783-da4f-4c1a-8199-1618548fe6af","UKFS_060.basePlot.vst","2017-11-01","vst_UKFS_2017","D06","UKFS","UKFS_060",,"NEON.PLA.D06.UKFS.02561","ok","small shrub","Live",,,3.2,,,,3.4,2.8,,"half-sphere",2.2,10,,,,"dcM8u/BhP7UbDDvxSpMzrlrnTorUEUOxkTJsGqUfT1M=","0QknftH/249Fzeup5XgxDmRFrswKMEXrpdiqA+dT0Pw=","legacyData"
"396b7243-ef57-4b43-9f93-dd7788889790","UKFS_044.basePlot.vst","2017-11-03","vst_UKFS_2017","D06","UKFS","UKFS_044",,"NEON.PLA.D06.UKFS.02637","ok","small shrub","Live",,,1.1,,,,0.5,0.4,,"cylinder",1.0,10,,,,"sYrV+BI+v9kHEwoFL57IDVz9AwQUWLqs","0QknftH/249Fzeup5XgxDmRFrswKMEXrpdiqA+dT0Pw=","legacyData"
"ccc342b0-d013-45c8-8f4b-413fed34ed7b","UKFS_044.basePlot.vst","2017-11-03","vst_UKFS_2017","D06","UKFS","UKFS_044",,"NEON.PLA.D06.UKFS.05020","ok","sapling","Live",,,1.1,,,,,,,,1.1,10,,,,"sYrV+BI+v9kHEwoFL57IDVz9AwQUWLqs","0QknftH/249Fzeup5XgxDmRFrswKMEXrpdiqA+dT0Pw=","legacyData"
"11709bb3-1e11-4051-8460-0dd2527453f5","UKFS_044.basePlot.vst","2017-11-03","vst_UKFS_2017","D06","UKFS","UKFS_044",,"NEON.PLA.D06.UKFS.00847","ok","small tree","Live",8.7,130,7.0,,,,,,,,,,,,,"sYrV+BI+v9kHEwoFL57IDVz9AwQUWLqs","0QknftH/249Fzeup5XgxDmRFrswKMEXrpdiqA+dT0Pw=","legacyData"
"9195fdaf-8a47-44e2-8545-6118e06778e0","UKFS_044.basePlot.vst","2017-11-03","vst_UKFS_2017","D06","UKFS","UKFS_044",,"NEON.PLA.D06.UKFS.00869","ok","single bole tree","Live",5.4,130,5.1,,,,,,,,,,,,,"sYrV+BI+v9kHEwoFL57IDVz9AwQUWLqs","0QknftH/249Fzeup5XgxDmRFrswKMEXrpdiqA+dT0Pw=","legacyData"
"cad45648-e2c1-43f5-b260-9515a62bcda5","UKFS_044.basePlot.vst","2017-11-03","vst_UKFS_2017","D06","UKFS","UKFS_044",,"NEON.PLA.D06.UKFS.05023","ok","small shrub","Live",,,0.9,,,,0.7,0.6,,"cylinder",1.2,10,,,,"sYrV+BI+v9kHEwoFL57IDVz9AwQUWLqs","0QknftH/249Fzeup5XgxDmRFrswKMEXrpdiqA+dT0Pw=","legacyData"
"73b8d42d-95f2-465d-b240-a2d73677d649","UKFS_044.basePlot.vst","2017-11-03","vst_UKFS_2017","D06","UKFS","UKFS_044",,"NEON.PLA.D06.UKFS.02622","ok","small shrub","Live",,,2.4,,,,3.0,2.1,,"half-sphere",1.5,10,,,,"sYrV+BI+v9kHEwoFL57IDVz9AwQUWLqs","0QknftH/249Fzeup5XgxDmRFrswKMEXrpdiqA+dT0Pw=","legacyData"
"fb97a4e1-4f1f-4866-81e6-811fa793241b","UKFS_044.basePlot.vst","2017-11-03","vst_UKFS_2017","D06","UKFS","UKFS_044",,"NEON.PLA.D06.UKFS.05024","ok","small shrub","Standing dead",,,0.9,,,,0.6,0.6,,"cylinder",1.0,10,,,,"sYrV+BI+v9kHEwoFL57IDVz9AwQUWLqs","0QknftH/249Fzeup5XgxDmRFrswKMEXrpdiqA+dT0Pw=","legacyData"
"77e685f6-6e6f-4d22-8820-fc8ef1464714","UKFS_044.basePlot.vst","2017-11-03","vst_UKFS_2017","D06","UKFS","UKFS_044",,"NEON.PLA.D06.UKFS.00863","ok","single bole tree","Standing dead",9.7,130,3.3,,,,,,,,,,,,,"sYrV+BI+v9kHEwoFL57IDVz9AwQUWLqs","0QknftH/249Fzeup5XgxDmRFrswKMEXrpdiqA+dT0Pw=","legacyData"
"476e3e9c-971d-461b-bc6c-d2146befee1d","UKFS_044.basePlot.vst","2017-11-03","vst_UKFS_2017","D06","UKFS","UKFS_044",,"NEON.PLA.D06.UKFS.05001","ok","single bole tree","Standing dead",19.4,130,10.4,,,,,,,,,,,,,"sYrV+BI+v9kHEwoFL57IDVz9AwQUWLqs","0QknftH/249Fzeup5XgxDmRFrswKMEXrpdiqA+dT0Pw=","legacyData"
"1f6e6eb0-b345-4ef2-82f1-ed97c5e7836b","UKFS_044.basePlot.vst","2017-11-03","vst_UKFS_2017","D06","UKFS","UKFS_044",,"NEON.PLA.D06.UKFS.02557","ok","sapling","Live",,,1.4,,,,,,,,1.9,10,,,,"sYrV+BI+v9kHEwoFL57IDVz9AwQUWLqs","0QknftH/249Fzeup5XgxDmRFrswKMEXrpdiqA+dT0Pw=","legacyData"
"861bc6d4-6da8-4723-8da0-8d68b7271840","UKFS_044.basePlot.vst","2017-11-03","vst_UKFS_2017","D06","UKFS","UKFS_044",,"NEON.PLA.D06.UKFS.05002","ok","small tree","Live",8.2,130,5.8,,,,,,,,,,,,,"sYrV+BI+v9kHEwoFL57IDVz9AwQUWLqs","0QknftH/249Fzeup5XgxDmRFrswKMEXrpdiqA+dT0Pw=","legacyData"
"8583d4fe-7c36-4432-8a32-697576dc8526","UKFS_044.basePlot.vst","2017-11-03","vst_UKFS_2017","D06","UKFS","UKFS_044",,"NEON.PLA.D06.UKFS.00832","ok","liana","Live",10.3,130,,,,,,,,,,,,,,"sYrV+BI+v9kHEwoFL57IDVz9AwQUWLqs","0QknftH/249Fzeup5XgxDmRFrswKMEXrpdiqA+dT0Pw=","legacyData"
"598ae626-e9f8-4f28-98b8-cc263f0d72fc","UKFS_044.basePlot.vst","2017-11-03","vst_UKFS_2017","D06","UKFS","UKFS_044",,"NEON.PLA.D06.UKFS.02630","unknown","small shrub","Lost, fate unknown",,,,,,,,,,,,,,,,"sYrV+BI+v9kHEwoFL57IDVz9AwQUWLqs","0QknftH/249Fzeup5XgxDmRFrswKMEXrpdiqA+dT0Pw=","legacyData"
"5fd3ccf8-2590-4b35-a32d-8934110e7a07","UKFS_044.basePlot.vst","2017-11-03","vst_UKFS_2017","D06","UKFS","UKFS_044",,"NEON.PLA.D06.UKFS.05008","ok","small tree","Live",4.4,130,2.3,,,,,,,,,,,,,"sYrV+BI+v9kHEwoFL57IDVz9AwQUWLqs","0QknftH/249Fzeup5XgxDmRFrswKMEXrpdiqA+dT0Pw=","legacyData"
"20fed334-7613-463c-a0b8-ae2c996d8cae","UKFS_044.basePlot.vst","2017-11-03","vst_UKFS_2017","D06","UKFS","UKFS_044",,"NEON.PLA.D06.UKFS.05013","ok","small shrub","Live",,,1.6,,,,3.0,2.5,,"half-sphere",1.3,10,,,,"sYrV+BI+v9kHEwoFL57IDVz9AwQUWLqs","0QknftH/249Fzeup5XgxDmRFrswKMEXrpdiqA+dT0Pw=","legacyData"
"af0933b6-0f59-41d4-8337-fc9f0a6d9412","UKFS_044.basePlot.vst","2017-11-03","vst_UKFS_2017","D06","UKFS","UKFS_044",,"NEON.PLA.D06.UKFS.02634","ok","sapling","Live",,,2.0,,,,,,,,1.4,10,,,,"sYrV+BI+v9kHEwoFL57IDVz9AwQUWLqs","0QknftH/249Fzeup5XgxDmRFrswKMEXrpdiqA+dT0Pw=","legacyData"
"b57b87ee-068f-434e-a614-709bac046e6e","UKFS_044.basePlot.vst","2017-11-03","vst_UKFS_2017","D06","UKFS","UKFS_044",,"NEON.PLA.D06.UKFS.05004","ok","small tree","Live",9.0,130,8.1,,,,,,,,,,,,,"sYrV+BI+v9kHEwoFL57IDVz9AwQUWLqs","0QknftH/249Fzeup5XgxDmRFrswKMEXrpdiqA+dT0Pw=","legacyData"
"7a81955c-822b-4132-af72-dd95d95bcfe5","UKFS_044.basePlot.vst","2017-11-03","vst_UKFS_2017","D06","UKFS","UKFS_044",,"NEON.PLA.D06.UKFS.00865","ok","multi-bole tree","Live",25.6,130,15.3,,,,,,,,,,,,,"sYrV+BI+v9kHEwoFL57IDVz9AwQUWLqs","0QknftH/249Fzeup5XgxDmRFrswKMEXrpdiqA+dT0Pw=","legacyData"
"66bccb38-5269-4292-bb8d-6fc85889b0a7","UKFS_044.basePlot.vst","2017-11-03","vst_UKFS_2017","D06","UKFS","UKFS_044",,"NEON.PLA.D06.UKFS.05015","ok","small shrub","Live",,,2.7,,,,4.5,3.8,,"half-sphere",2.1,10,,,,"sYrV+BI+v9kHEwoFL57IDVz9AwQUWLqs","0QknftH/249Fzeup5XgxDmRFrswKMEXrpdiqA+dT0Pw=","legacyData"
"9a94baed-8cdf-4df7-a35f-af9b5927bde3","UKFS_044.basePlot.vst","2017-11-03","vst_UKFS_2017","D06","UKFS","UKFS_044",,"NEON.PLA.D06.UKFS.02622","ok","small shrub","Live",,,2.4,,,,3.0,2.1,,"half-sphere",1.3,10,,,,"sYrV+BI+v9kHEwoFL57IDVz9AwQUWLqs","0QknftH/249Fzeup5XgxDmRFrswKMEXrpdiqA+dT0Pw=","legacyData"
"7c312083-0a3b-4e49-8b25-8e1db9f93fc2","UKFS_044.basePlot.vst","2017-11-03","vst_UKFS_2017","D06","UKFS","UKFS_044",,"NEON.PLA.D06.UKFS.05013","ok","small shrub","Live",,,1.6,,,,3.0,2.5,,"half-sphere",1.5,10,,,,"sYrV+BI+v9kHEwoFL57IDVz9AwQUWLqs","0QknftH/249Fzeup5XgxDmRFrswKMEXrpdiqA+dT0Pw=","legacyData"
"b873e44b-1a1d-48b9-84d3-9062c4953dfb","UKFS_044.basePlot.vst","2017-11-03","vst_UKFS_2017","D06","UKFS","UKFS_044",,"NEON.PLA.D06.UKFS.00861","ok","small tree","Lost, fate unknown",,,,,,,,,,,,,,,,"sYrV+BI+v9kHEwoFL57IDVz9AwQUWLqs","0QknftH/249Fzeup5XgxDmRFrswKMEXrpdiqA+dT0Pw=","legacyData"
"a8898acf-a08b-4559-8549-ee607a36ba84","UKFS_044.basePlot.vst","2017-11-03","vst_UKFS_2017","D06","UKFS","UKFS_044",,"NEON.PLA.D06.UKFS.00874","ok","single bole tree","Live",13.8,130,10.5,,,,,,,,,,,,,"sYrV+BI+v9kHEwoFL57IDVz9AwQUWLqs","0QknftH/249Fzeup5XgxDmRFrswKMEXrpdiqA+dT0Pw=","legacyData"
"9d1688b2-a71a-45e9-b0fa-190bc5befb09","UKFS_044.basePlot.vst","2017-11-03","vst_UKFS_2017","D06","UKFS","UKFS_044",,"NEON.PLA.D06.UKFS.05297","ok","small shrub","Live",,,2.3,,,,3.0,2.6,,"half-sphere",2.2,10,,,,"sYrV+BI+v9kHEwoFL57IDVz9AwQUWLqs","0QknftH/249Fzeup5XgxDmRFrswKMEXrpdiqA+dT0Pw=","legacyData"
"456e3e17-efc6-46bc-a2b0-732085945502","UKFS_044.basePlot.vst","2017-11-03","vst_UKFS_2017","D06","UKFS","UKFS_044",,"NEON.PLA.D06.UKFS.00846","ok","small tree","Live",5.4,130,4.9,,,,,,,,,,,,,"sYrV+BI+v9kHEwoFL57IDVz9AwQUWLqs","0QknftH/249Fzeup5XgxDmRFrswKMEXrpdiqA+dT0Pw=","legacyData"
"73421a3f-b49b-48ee-ba96-40cdabcc606f","UKFS_044.basePlot.vst","2017-11-03","vst_UKFS_2017","D06","UKFS","UKFS_044",,"NEON.PLA.D06.UKFS.00865A","ok","multi-bole tree","Live",24.5,130,,,,,,,,,,,,,,"sYrV+BI+v9kHEwoFL57IDVz9AwQUWLqs","0QknftH/249Fzeup5XgxDmRFrswKMEXrpdiqA+dT0Pw=","legacyData"
"a13ccdca-620d-4ba2-8176-3af3768b043e","UKFS_044.basePlot.vst","2017-11-03","vst_UKFS_2017","D06","UKFS","UKFS_044",,"NEON.PLA.D06.UKFS.02556","ok","sapling","Live",,,1.9,,,,,,,,2.0,10,,,,"sYrV+BI+v9kHEwoFL57IDVz9AwQUWLqs","0QknftH/249Fzeup5XgxDmRFrswKMEXrpdiqA+dT0Pw=","legacyData"
"9e228a56-28e8-45bb-ac31-bacccd77baaf","UKFS_044.basePlot.vst","2017-11-03","vst_UKFS_2017","D06","UKFS","UKFS_044",,"NEON.PLA.D06.UKFS.02630","unknown","small shrub","Lost, fate unknown",,,,,,,,,,,,,,,,"sYrV+BI+v9kHEwoFL57IDVz9AwQUWLqs","0QknftH/249Fzeup5XgxDmRFrswKMEXrpdiqA+dT0Pw=","legacyData"
"4c39d0a8-a16f-453c-9211-87a013e99927","UKFS_044.basePlot.vst","2017-11-03","vst_UKFS_2017","D06","UKFS","UKFS_044",,"NEON.PLA.D06.UKFS.00822","ok","single bole tree","Standing dead",50.7,150,16.9,,,,,,,,,,,,,"sYrV+BI+v9kHEwoFL57IDVz9AwQUWLqs","0QknftH/249Fzeup5XgxDmRFrswKMEXrpdiqA+dT0Pw=","legacyData"
"5de53bf3-88ae-4294-a0af-df662c9d8c6f","UKFS_044.basePlot.vst","2017-11-03","vst_UKFS_2017","D06","UKFS","UKFS_044",,"NEON.PLA.D06.UKFS.00873","ok","small shrub","Standing dead",,,0.9,,,,0.6,0.5,,"cylinder",1.3,10,,,,"sYrV+BI+v9kHEwoFL57IDVz9AwQUWLqs","0QknftH/249Fzeup5XgxDmRFrswKMEXrpdiqA+dT0Pw=","legacyData"
"1022e3e6-2319-40a9-b4ec-237420856504","UKFS_044.basePlot.vst","2017-11-03","vst_UKFS_2017","D06","UKFS","UKFS_044",,"NEON.PLA.D06.UKFS.00829","ok","single bole tree","Live",39.0,130,11.7,,,,,,,,,,,,,"sYrV+BI+v9kHEwoFL57IDVz9AwQUWLqs","0QknftH/249Fzeup5XgxDmRFrswKMEXrpdiqA+dT0Pw=","legacyData"
"e1bfc51e-faa8-416c-b8ea-0393ee3a2339","UKFS_044.basePlot.vst","2017-11-03","vst_UKFS_2017","D06","UKFS","UKFS_044",,"NEON.PLA.D06.UKFS.02632","unknown",,"Lost, fate unknown",,,,,,,,,,,,,,,,"sYrV+BI+v9kHEwoFL57IDVz9AwQUWLqs","0QknftH/249Fzeup5XgxDmRFrswKMEXrpdiqA+dT0Pw=","legacyData"
"e2f287b5-1c63-496c-ab4f-c77829e5b045","UKFS_044.basePlot.vst","2017-11-03","vst_UKFS_2017","D06","UKFS","UKFS_044",,"NEON.PLA.D06.UKFS.02673","unknown","small shrub","Lost, fate unknown",,,,,,,,,,,,,,,,"sYrV+BI+v9kHEwoFL57IDVz9AwQUWLqs","0QknftH/249Fzeup5XgxDmRFrswKMEXrpdiqA+dT0Pw=","legacyData"
"7c9d4203-8320-4a74-b72c-c048c9f46fa7","UKFS_044.basePlot.vst","2017-11-03","vst_UKFS_2017","D06","UKFS","UKFS_044",,"NEON.PLA.D06.UKFS.00830","ok","single bole tree","Live",35.8,130,19.0,,,,,,,,,,,,,"sYrV+BI+v9kHEwoFL57IDVz9AwQUWLqs","0QknftH/249Fzeup5XgxDmRFrswKMEXrpdiqA+dT0Pw=","legacyData"
"15c0d4c8-aa7e-48ff-8644-f13215ece7c7","UKFS_044.basePlot.vst","2017-11-03","vst_UKFS_2017","D06","UKFS","UKFS_044",,"NEON.PLA.D06.UKFS.05015","ok","small shrub","Live",,,2.7,,,,4.5,3.8,,"half-sphere",3.4,10,,,,"sYrV+BI+v9kHEwoFL57IDVz9AwQUWLqs","0QknftH/249Fzeup5XgxDmRFrswKMEXrpdiqA+dT0Pw=","legacyData"
"a144dba0-dec4-4f1a-838e-d8df2fa1d0b9","UKFS_044.basePlot.vst","2017-11-03","vst_UKFS_2017","D06","UKFS","UKFS_044",,"NEON.PLA.D06.UKFS.00862","ok","small tree","Lost, fate unknown",,,,,,,,,,,,,,,,"sYrV+BI+v9kHEwoFL57IDVz9AwQUWLqs","0QknftH/249Fzeup5XgxDmRFrswKMEXrpdiqA+dT0Pw=","legacyData"
"d54ea7ba-8e82-4746-b32a-c079573e885d","UKFS_044.basePlot.vst","2017-11-03","vst_UKFS_2017","D06","UKFS","UKFS_044",,"NEON.PLA.D06.UKFS.00837","unknown","small tree","Lost, fate unknown",,,,,,,,,,,,,,,,"sYrV+BI+v9kHEwoFL57IDVz9AwQUWLqs","0QknftH/249Fzeup5XgxDmRFrswKMEXrpdiqA+dT0Pw=","legacyData"
"31117e45-1d19-4b47-9d91-94fdbecf10dc","UKFS_044.basePlot.vst","2017-11-03","vst_UKFS_2017","D06","UKFS","UKFS_044",,"NEON.PLA.D06.UKFS.00848","ok","small shrub","Lost, fate unknown",,,,,,,,,,,,,,,,"sYrV+BI+v9kHEwoFL57IDVz9AwQUWLqs","0QknftH/249Fzeup5XgxDmRFrswKMEXrpdiqA+dT0Pw=","legacyData"
"31c2ba40-899b-440d-b433-8d1e05dc54d6","UKFS_044.basePlot.vst","2017-11-03","vst_UKFS_2017","D06","UKFS","UKFS_044",,"NEON.PLA.D06.UKFS.02558","ok","small shrub","Live",,,0.2,,,,0.5,0.4,,"cylinder",1.4,10,,,,"sYrV+BI+v9kHEwoFL57IDVz9AwQUWLqs","0QknftH/249Fzeup5XgxDmRFrswKMEXrpdiqA+dT0Pw=","legacyData"
"a12aa15e-09c3-47e6-b247-6b288dae4187","UKFS_044.basePlot.vst","2017-11-03","vst_UKFS_2017","D06","UKFS","UKFS_044",,"NEON.PLA.D06.UKFS.02636","ok","small shrub","Live",,,1.2,,,,0.8,0.7,,"cylinder",1.3,10,,,,"sYrV+BI+v9kHEwoFL57IDVz9AwQUWLqs","0QknftH/249Fzeup5XgxDmRFrswKMEXrpdiqA+dT0Pw=","legacyData"
"a774f6c9-a874-49fe-acde-f2ce4b1a142f","UKFS_044.basePlot.vst","2017-11-03","vst_UKFS_2017","D06","UKFS","UKFS_044",,"NEON.PLA.D06.UKFS.02635","ok","small shrub","Live",,,1.2,,,,0.9,0.9,,"cylinder",1.1,10,,,,"sYrV+BI+v9kHEwoFL57IDVz9AwQUWLqs","0QknftH/249Fzeup5XgxDmRFrswKMEXrpdiqA+dT0Pw=","legacyData"
"9c3daaa9-099e-41e8-a60f-977f5b4178fe","UKFS_044.basePlot.vst","2017-11-03","vst_UKFS_2017","D06","UKFS","UKFS_044",,"NEON.PLA.D06.UKFS.00840","ok","single bole tree","Live",23.9,130,15.1,,,,,,,,,,,,,"sYrV+BI+v9kHEwoFL57IDVz9AwQUWLqs","0QknftH/249Fzeup5XgxDmRFrswKMEXrpdiqA+dT0Pw=","legacyData"
"45f54957-b0b0-4c7d-b33d-ea8d8a8ba68f","UKFS_044.basePlot.vst","2017-11-03","vst_UKFS_2017","D06","UKFS","UKFS_044",,"NEON.PLA.D06.UKFS.02652","unknown","sapling","Lost, fate unknown",,,,,,,,,,,,,,,,"sYrV+BI+v9kHEwoFL57IDVz9AwQUWLqs","0QknftH/249Fzeup5XgxDmRFrswKMEXrpdiqA+dT0Pw=","legacyData"
"c0e63d79-47aa-4c4f-af74-f9790ad84d53","UKFS_044.basePlot.vst","2017-11-03","vst_UKFS_2017","D06","UKFS","UKFS_044",,"NEON.PLA.D06.UKFS.02670","unknown","small shrub","Lost, fate unknown",,,,,,,,,,,,,,,,"sYrV+BI+v9kHEwoFL57IDVz9AwQUWLqs","0QknftH/249Fzeup5XgxDmRFrswKMEXrpdiqA+dT0Pw=","legacyData"
"dd2ecdbc-4e5f-4284-a48b-eb54d02afe42","UKFS_044.basePlot.vst","2017-11-03","vst_UKFS_2017","D06","UKFS","UKFS_044",,"NEON.PLA.D06.UKFS.02559","unknown","small shrub","Lost, fate unknown",,,,,,,,,,,,,,,,"sYrV+BI+v9kHEwoFL57IDVz9AwQUWLqs","0QknftH/249Fzeup5XgxDmRFrswKMEXrpdiqA+dT0Pw=","legacyData"
"a4c426f6-eddd-46dc-99e3-eb4abc9847bf","UKFS_044.basePlot.vst","2017-11-03","vst_UKFS_2017","D06","UKFS","UKFS_044",,"NEON.PLA.D06.UKFS.00839","ok","single bole tree","Live",11.8,130,8.4,,,,,,,,,,,,,"sYrV+BI+v9kHEwoFL57IDVz9AwQUWLqs","0QknftH/249Fzeup5XgxDmRFrswKMEXrpdiqA+dT0Pw=","legacyData"
"7463f3fd-777a-4440-90fe-d906680049c3","UKFS_044.basePlot.vst","2017-11-03","vst_UKFS_2017","D06","UKFS","UKFS_044",,"NEON.PLA.D06.UKFS.05299","ok","small shrub","Live",,,0.8,,,,0.6,0.6,,"cylinder",1.0,10,,,,"sYrV+BI+v9kHEwoFL57IDVz9AwQUWLqs","0QknftH/249Fzeup5XgxDmRFrswKMEXrpdiqA+dT0Pw=","legacyData"
"f4f96c71-898a-487a-964c-ec8fe1aa4a1e","UKFS_044.basePlot.vst","2017-11-03","vst_UKFS_2017","D06","UKFS","UKFS_044",,"NEON.PLA.D06.UKFS.02677","unknown","small shrub","Lost, fate unknown",,,,,,,,,,,,,,,,"sYrV+BI+v9kHEwoFL57IDVz9AwQUWLqs","0QknftH/249Fzeup5XgxDmRFrswKMEXrpdiqA+dT0Pw=","legacyData"
"31d7d65c-a85a-4569-85ab-3bd937a18ea4","UKFS_044.basePlot.vst","2017-11-03","vst_UKFS_2017","D06","UKFS","UKFS_044",,"NEON.PLA.D06.UKFS.00844","ok","single bole tree","Live",40.8,130,18.3,,,,,,,,,,,,,"sYrV+BI+v9kHEwoFL57IDVz9AwQUWLqs","0QknftH/249Fzeup5XgxDmRFrswKMEXrpdiqA+dT0Pw=","legacyData"
"90bf5348-2bae-483f-bbf1-d78d16e69866","UKFS_044.basePlot.vst","2017-11-03","vst_UKFS_2017","D06","UKFS","UKFS_044",,"NEON.PLA.D06.UKFS.02553","unknown","small shrub","Lost, fate unknown",,,,,,,,,,,,,,,,"sYrV+BI+v9kHEwoFL57IDVz9AwQUWLqs","0QknftH/249Fzeup5XgxDmRFrswKMEXrpdiqA+dT0Pw=","legacyData"
"ca97cc2e-616a-4c1f-9834-0e0598a801be","UKFS_044.basePlot.vst","2017-11-03","vst_UKFS_2017","D06","UKFS","UKFS_044",,"NEON.PLA.D06.UKFS.05003","ok","small tree","Live",5.2,130,4.7,,,,,,,,,,,,,"sYrV+BI+v9kHEwoFL57IDVz9AwQUWLqs","0QknftH/249Fzeup5XgxDmRFrswKMEXrpdiqA+dT0Pw=","legacyData"
"ec48cdd9-ac9a-439c-a702-2d07b6ebc94f","UKFS_044.basePlot.vst","2017-11-03","vst_UKFS_2017","D06","UKFS","UKFS_044",,"NEON.PLA.D06.UKFS.05018","ok","sapling","Live",,,1.5,,,,,,,,1.1,10,,,,"sYrV+BI+v9kHEwoFL57IDVz9AwQUWLqs","0QknftH/249Fzeup5XgxDmRFrswKMEXrpdiqA+dT0Pw=","legacyData"
"80c37c0b-33a5-482b-8ac6-2857b3f9df06","UKFS_044.basePlot.vst","2017-11-03","vst_UKFS_2017","D06","UKFS","UKFS_044",,"NEON.PLA.D06.UKFS.00855","ok","small tree","Standing dead",4.2,130,2.5,,,,,,,,,,,,,"sYrV+BI+v9kHEwoFL57IDVz9AwQUWLqs","0QknftH/249Fzeup5XgxDmRFrswKMEXrpdiqA+dT0Pw=","legacyData"
"270190b2-e806-4c5f-b525-6a7b5d497147","UKFS_044.basePlot.vst","2017-11-03","vst_UKFS_2017","D06","UKFS","UKFS_044",,"NEON.PLA.D06.UKFS.05015","ok","small shrub","Live",,,2.7,,,,4.5,3.8,,"half-sphere",2.4,10,,,,"sYrV+BI+v9kHEwoFL57IDVz9AwQUWLqs","0QknftH/249Fzeup5XgxDmRFrswKMEXrpdiqA+dT0Pw=","legacyData"
"e53cf41c-21f1-4d06-8ef7-535d6defcc76","UKFS_044.basePlot.vst","2017-11-03","vst_UKFS_2017","D06","UKFS","UKFS_044",,"NEON.PLA.D06.UKFS.02622","ok","small shrub","Live",,,2.4,,,,3.0,2.1,,"half-sphere",1.1,10,,,,"sYrV+BI+v9kHEwoFL57IDVz9AwQUWLqs","0QknftH/249Fzeup5XgxDmRFrswKMEXrpdiqA+dT0Pw=","legacyData"
"a5d562c3-1da2-46cd-af3f-4c91c6f623e8","UKFS_044.basePlot.vst","2017-11-03","vst_UKFS_2017","D06","UKFS","UKFS_044",,"NEON.PLA.D06.UKFS.02645","unknown","small shrub","Lost, fate unknown",,,,,,,,,,,,,,,,"sYrV+BI+v9kHEwoFL57IDVz9AwQUWLqs","0QknftH/249Fzeup5XgxDmRFrswKMEXrpdiqA+dT0Pw=","legacyData"
"5f362b7b-e724-4f31-ac9b-dcc631b704c6","UKFS_044.basePlot.vst","2017-11-03","vst_UKFS_2017","D06","UKFS","UKFS_044",,"NEON.PLA.D06.UKFS.02622","ok","small shrub","Live",,,2.4,,,,3.0,2.1,,"half-sphere",1.1,10,,,,"sYrV+BI+v9kHEwoFL57IDVz9AwQUWLqs","0QknftH/249Fzeup5XgxDmRFrswKMEXrpdiqA+dT0Pw=","legacyData"
"6da69c51-db8f-481c-8534-237c72f5a679","UKFS_044.basePlot.vst","2017-11-03","vst_UKFS_2017","D06","UKFS","UKFS_044",,"NEON.PLA.D06.UKFS.00860","ok","single bole tree","Live",74.1,140,21.9,,,,,,,,,,,,,"sYrV+BI+v9kHEwoFL57IDVz9AwQUWLqs","0QknftH/249Fzeup5XgxDmRFrswKMEXrpdiqA+dT0Pw=","legacyData"
"e9885917-99e6-474d-ac47-ca2c5863e6c0","UKFS_044.basePlot.vst","2017-11-03","vst_UKFS_2017","D06","UKFS","UKFS_044",,"NEON.PLA.D06.UKFS.02679","ok","sapling","Live",,,2.0,,,,,,,,1.0,10,,,,"sYrV+BI+v9kHEwoFL57IDVz9AwQUWLqs","0QknftH/249Fzeup5XgxDmRFrswKMEXrpdiqA+dT0Pw=","legacyData"
"114c6dac-c0aa-483e-976d-ebcb3bf1aa8b","UKFS_044.basePlot.vst","2017-11-03","vst_UKFS_2017","D06","UKFS","UKFS_044",,"NEON.PLA.D06.UKFS.00834","unknown",,"Lost, fate unknown",,,,,,,,,,,,,,,,"sYrV+BI+v9kHEwoFL57IDVz9AwQUWLqs","0QknftH/249Fzeup5XgxDmRFrswKMEXrpdiqA+dT0Pw=","legacyData"
"4ad99fd0-dd4a-4b2c-a46e-288a406bb53d","UKFS_044.basePlot.vst","2017-11-03","vst_UKFS_2017","D06","UKFS","UKFS_044",,"NEON.PLA.D06.UKFS.00853","ok","single bole tree","Live",16.0,130,5.8,,,,,,,,,,,,,"sYrV+BI+v9kHEwoFL57IDVz9AwQUWLqs","0QknftH/249Fzeup5XgxDmRFrswKMEXrpdiqA+dT0Pw=","legacyData"
"d87cfb46-e48f-45e7-977d-3ef6a7aa76a5","UKFS_044.basePlot.vst","2017-11-03","vst_UKFS_2017","D06","UKFS","UKFS_044",,"NEON.PLA.D06.UKFS.05017","ok","small shrub","Live",,,1.1,,,,0.5,0.5,,"cylinder",1.0,10,,,,"sYrV+BI+v9kHEwoFL57IDVz9AwQUWLqs","0QknftH/249Fzeup5XgxDmRFrswKMEXrpdiqA+dT0Pw=","legacyData"
"001ccd72-5509-425c-b56b-391da6e0f6d0","UKFS_044.basePlot.vst","2017-11-03","vst_UKFS_2017","D06","UKFS","UKFS_044",,"NEON.PLA.D06.UKFS.05013","ok","small shrub","Live",,,1.6,,,,3.0,2.5,,"half-sphere",1.0,10,,,,"sYrV+BI+v9kHEwoFL57IDVz9AwQUWLqs","0QknftH/249Fzeup5XgxDmRFrswKMEXrpdiqA+dT0Pw=","legacyData"
"d297bb62-9689-4030-b3e2-3004e941193f","UKFS_044.basePlot.vst","2017-11-03","vst_UKFS_2017","D06","UKFS","UKFS_044",,"NEON.PLA.D06.UKFS.05300","ok","sapling","Live",,,1.0,,,,,,,,1.3,10,,,,"sYrV+BI+v9kHEwoFL57IDVz9AwQUWLqs","0QknftH/249Fzeup5XgxDmRFrswKMEXrpdiqA+dT0Pw=","legacyData"
"fa24b932-a05e-4419-ac40-be7d72d34451","UKFS_044.basePlot.vst","2017-11-03","vst_UKFS_2017","D06","UKFS","UKFS_044",,"NEON.PLA.D06.UKFS.00843","ok","single bole tree","Live",53.3,130,18.9,,,,,,,,,,,,,"sYrV+BI+v9kHEwoFL57IDVz9AwQUWLqs","0QknftH/249Fzeup5XgxDmRFrswKMEXrpdiqA+dT0Pw=","legacyData"
"f0f18dcd-8f10-4c66-982a-c224949d7a73","UKFS_044.basePlot.vst","2017-11-03","vst_UKFS_2017","D06","UKFS","UKFS_044",,"NEON.PLA.D06.UKFS.02554","ok","small shrub","Live",,,1.2,,,,0.8,0.6,,"cylinder",1.2,10,,,,"sYrV+BI+v9kHEwoFL57IDVz9AwQUWLqs","0QknftH/249Fzeup5XgxDmRFrswKMEXrpdiqA+dT0Pw=","legacyData"
"2b0e5590-2172-4952-9755-9890637216d0","UKFS_044.basePlot.vst","2017-11-03","vst_UKFS_2017","D06","UKFS","UKFS_044",,"NEON.PLA.D06.UKFS.00859","ok","liana","Live",11.0,130,,,,,,,,,,,,,,"sYrV+BI+v9kHEwoFL57IDVz9AwQUWLqs","0QknftH/249Fzeup5XgxDmRFrswKMEXrpdiqA+dT0Pw=","legacyData"
"c2780666-b41d-4963-a7a3-b6e32c3e91f2","UKFS_044.basePlot.vst","2017-11-03","vst_UKFS_2017","D06","UKFS","UKFS_044",,"NEON.PLA.D06.UKFS.02620","ok","sapling","Live",,,1.2,,,,,,,,1.6,10,,,,"sYrV+BI+v9kHEwoFL57IDVz9AwQUWLqs","0QknftH/249Fzeup5XgxDmRFrswKMEXrpdiqA+dT0Pw=","legacyData"
"9564d3fd-a131-4e05-8ef5-c3ea9b5b0525","UKFS_044.basePlot.vst","2017-11-03","vst_UKFS_2017","D06","UKFS","UKFS_044",,"NEON.PLA.D06.UKFS.02552","ok","single bole tree","Live",13.8,130,9.4,,,,,,,,,,,,,"sYrV+BI+v9kHEwoFL57IDVz9AwQUWLqs","0QknftH/249Fzeup5XgxDmRFrswKMEXrpdiqA+dT0Pw=","legacyData"
"920cd05c-92f7-4140-9c87-890cc3fcacae","UKFS_044.basePlot.vst","2017-11-03","vst_UKFS_2017","D06","UKFS","UKFS_044",,"NEON.PLA.D06.UKFS.00826","ok","liana","Live",6.1,130,,,,,,,,,,,,,,"sYrV+BI+v9kHEwoFL57IDVz9AwQUWLqs","0QknftH/249Fzeup5XgxDmRFrswKMEXrpdiqA+dT0Pw=","legacyData"
"870ccdf4-206e-496a-b721-11d6a5cccc73","UKFS_044.basePlot.vst","2017-11-03","vst_UKFS_2017","D06","UKFS","UKFS_044",,"NEON.PLA.D06.UKFS.02650","unknown","small shrub","Lost, fate unknown",,,,,,,,,,,,,,,,"sYrV+BI+v9kHEwoFL57IDVz9AwQUWLqs","0QknftH/249Fzeup5XgxDmRFrswKMEXrpdiqA+dT0Pw=","legacyData"
"7eb7f3d3-25a4-4a39-b57f-6355caa95eca","UKFS_044.basePlot.vst","2017-11-03","vst_UKFS_2017","D06","UKFS","UKFS_044",,"NEON.PLA.D06.UKFS.02638","ok","small shrub","Live",,,0.5,,,,0.5,0.2,,"cylinder",1.1,10,,,,"sYrV+BI+v9kHEwoFL57IDVz9AwQUWLqs","0QknftH/249Fzeup5XgxDmRFrswKMEXrpdiqA+dT0Pw=","legacyData"
"ac399e66-78fe-479d-8d8e-13ab5af45154","UKFS_044.basePlot.vst","2017-11-03","vst_UKFS_2017","D06","UKFS","UKFS_044",,"NEON.PLA.D06.UKFS.00850","ok","single bole tree","Standing dead",27.9,130,14.1,,,,,,,,,,,,,"sYrV+BI+v9kHEwoFL57IDVz9AwQUWLqs","0QknftH/249Fzeup5XgxDmRFrswKMEXrpdiqA+dT0Pw=","legacyData"
"0f4f9c0c-c1c1-4c63-ba87-9d0ae445fc77","UKFS_044.basePlot.vst","2017-11-03","vst_UKFS_2017","D06","UKFS","UKFS_044",,"NEON.PLA.D06.UKFS.00842","ok","single bole tree","Live",34.8,130,18.6,,,,,,,,,,,,,"sYrV+BI+v9kHEwoFL57IDVz9AwQUWLqs","0QknftH/249Fzeup5XgxDmRFrswKMEXrpdiqA+dT0Pw=","legacyData"
"9f955f8b-ab78-4185-8345-47893b390d0a","UKFS_044.basePlot.vst","2017-11-03","vst_UKFS_2017","D06","UKFS","UKFS_044",,"NEON.PLA.D06.UKFS.05015","ok","small shrub","Live",,,2.7,,,,4.5,3.8,,"half-sphere",1.6,10,,,,"sYrV+BI+v9kHEwoFL57IDVz9AwQUWLqs","0QknftH/249Fzeup5XgxDmRFrswKMEXrpdiqA+dT0Pw=","legacyData"
"de5366f1-8867-43dd-84ea-63fafd9a6fc7","UKFS_044.basePlot.vst","2017-11-03","vst_UKFS_2017","D06","UKFS","UKFS_044",,"NEON.PLA.D06.UKFS.02630","unknown","small shrub","Lost, fate unknown",,,,,,,,,,,,,,,,"sYrV+BI+v9kHEwoFL57IDVz9AwQUWLqs","0QknftH/249Fzeup5XgxDmRFrswKMEXrpdiqA+dT0Pw=","legacyData"
"203e58b6-7f2f-4385-a5dc-67c83b2a0da3","UKFS_044.basePlot.vst","2017-11-03","vst_UKFS_2017","D06","UKFS","UKFS_044",,"NEON.PLA.D06.UKFS.05019","ok","small shrub","Live",,,1.2,,,,0.7,0.5,,"cylinder",1.0,10,,,,"sYrV+BI+v9kHEwoFL57IDVz9AwQUWLqs","0QknftH/249Fzeup5XgxDmRFrswKMEXrpdiqA+dT0Pw=","legacyData"
"adecb6f1-1998-436a-9752-5f7fb0cad969","UKFS_044.basePlot.vst","2017-11-03","vst_UKFS_2017","D06","UKFS","UKFS_044",,"NEON.PLA.D06.UKFS.02622","ok","small shrub","Live",,,2.4,,,,3.0,2.1,,"half-sphere",1.2,10,,,,"sYrV+BI+v9kHEwoFL57IDVz9AwQUWLqs","0QknftH/249Fzeup5XgxDmRFrswKMEXrpdiqA+dT0Pw=","legacyData"
"77b7a5f2-9290-4c7b-b04a-55f8c8015cb7","UKFS_044.basePlot.vst","2017-11-03","vst_UKFS_2017","D06","UKFS","UKFS_044",,"NEON.PLA.D06.UKFS.02644","unknown","sapling","Lost, fate unknown",,,,,,,,,,,,,,,,"sYrV+BI+v9kHEwoFL57IDVz9AwQUWLqs","0QknftH/249Fzeup5XgxDmRFrswKMEXrpdiqA+dT0Pw=","legacyData"
"ecfcb4b6-ee8e-4523-884c-98600053ceb8","UKFS_044.basePlot.vst","2017-11-03","vst_UKFS_2017","D06","UKFS","UKFS_044",,"NEON.PLA.D06.UKFS.05013","ok","small tree","Live",8.2,130,5.8,,,,,,,,,,,,,"sYrV+BI+v9kHEwoFL57IDVz9AwQUWLqs","0QknftH/249Fzeup5XgxDmRFrswKMEXrpdiqA+dT0Pw=","legacyData"
"b1493f9b-40af-4594-86ed-d02bf9d9bd62","UKFS_044.basePlot.vst","2017-11-03","vst_UKFS_2017","D06","UKFS","UKFS_044",,"NEON.PLA.D06.UKFS.05025","ok","sapling","Live",,,1.2,,,,,,,,1.1,10,,,,"sYrV+BI+v9kHEwoFL57IDVz9AwQUWLqs","0QknftH/249Fzeup5XgxDmRFrswKMEXrpdiqA+dT0Pw=","legacyData"
"ada64e78-d0e6-46b8-bd45-c83787edc58d","UKFS_044.basePlot.vst","2017-11-03","vst_UKFS_2017","D06","UKFS","UKFS_044",,"NEON.PLA.D06.UKFS.00841","ok","single bole tree","Live",32.5,130,17.8,,,,,,,,,,,,,"sYrV+BI+v9kHEwoFL57IDVz9AwQUWLqs","0QknftH/249Fzeup5XgxDmRFrswKMEXrpdiqA+dT0Pw=","legacyData"
"fe415316-3a17-48e0-a951-8f44c68e9adf","UKFS_044.basePlot.vst","2017-11-03","vst_UKFS_2017","D06","UKFS","UKFS_044",,"NEON.PLA.D06.UKFS.00868","ok","single bole tree","Live",39.1,130,18.3,,,,,,,,,,,,,"sYrV+BI+v9kHEwoFL57IDVz9AwQUWLqs","0QknftH/249Fzeup5XgxDmRFrswKMEXrpdiqA+dT0Pw=","legacyData"
"92f2af7f-4be3-482b-ad94-1b9ea158a459","UKFS_044.basePlot.vst","2017-11-03","vst_UKFS_2017","D06","UKFS","UKFS_044",,"NEON.PLA.D06.UKFS.02555","ok","sapling","Live",,,1.3,,,,,,,,1.8,10,,,,"sYrV+BI+v9kHEwoFL57IDVz9AwQUWLqs","0QknftH/249Fzeup5XgxDmRFrswKMEXrpdiqA+dT0Pw=","legacyData"
"b3b196f9-c853-4e2d-8c05-8afa970eaf66","UKFS_044.basePlot.vst","2017-11-03","vst_UKFS_2017","D06","UKFS","UKFS_044",,"NEON.PLA.D06.UKFS.02631","unknown","small shrub","Lost, fate unknown",,,,,,,,,,,,,,,,"sYrV+BI+v9kHEwoFL57IDVz9AwQUWLqs","0QknftH/249Fzeup5XgxDmRFrswKMEXrpdiqA+dT0Pw=","legacyData"
"809bba29-f843-487e-88da-debb02dc66c1","UKFS_044.basePlot.vst","2017-11-03","vst_UKFS_2017","D06","UKFS","UKFS_044",,"NEON.PLA.D06.UKFS.00827","ok","single bole tree","Live",33.8,130,16.3,,,,,,,,,,,,,"sYrV+BI+v9kHEwoFL57IDVz9AwQUWLqs","0QknftH/249Fzeup5XgxDmRFrswKMEXrpdiqA+dT0Pw=","legacyData"
"e1975203-d362-40f7-a898-7c9625b91420","UKFS_044.basePlot.vst","2017-11-03","vst_UKFS_2017","D06","UKFS","UKFS_044",,"NEON.PLA.D06.UKFS.00831","ok","small tree","Live",7.7,130,4.3,,,,,,,,,,,,,"sYrV+BI+v9kHEwoFL57IDVz9AwQUWLqs","0QknftH/249Fzeup5XgxDmRFrswKMEXrpdiqA+dT0Pw=","legacyData"
"85bf3216-33d9-4d6f-9bcc-9005b686b983","UKFS_044.basePlot.vst","2017-11-03","vst_UKFS_2017","D06","UKFS","UKFS_044",,"NEON.PLA.D06.UKFS.00828","ok","single bole tree","Live",34.6,130,18.7,,,,,,,,,,,,,"sYrV+BI+v9kHEwoFL57IDVz9AwQUWLqs","0QknftH/249Fzeup5XgxDmRFrswKMEXrpdiqA+dT0Pw=","legacyData"
"586192ef-04db-4d29-9eec-44b1199afca3","UKFS_044.basePlot.vst","2017-11-03","vst_UKFS_2017","D06","UKFS","UKFS_044",,"NEON.PLA.D06.UKFS.02630","unknown","small shrub","Lost, fate unknown",,,,,,,,,,,,,,,,"sYrV+BI+v9kHEwoFL57IDVz9AwQUWLqs","0QknftH/249Fzeup5XgxDmRFrswKMEXrpdiqA+dT0Pw=","legacyData"
"10785e57-1e15-4736-bf26-09fef1862903","UKFS_044.basePlot.vst","2017-11-03","vst_UKFS_2017","D06","UKFS","UKFS_044",,"NEON.PLA.D06.UKFS.02630","unknown","small shrub","Lost, fate unknown",,,,,,,,,,,,,,,,"sYrV+BI+v9kHEwoFL57IDVz9AwQUWLqs","0QknftH/249Fzeup5XgxDmRFrswKMEXrpdiqA+dT0Pw=","legacyData"
"376723a3-a40b-4778-a14c-ec8a884abe42","UKFS_044.basePlot.vst","2017-11-03","vst_UKFS_2017","D06","UKFS","UKFS_044",,"NEON.PLA.D06.UKFS.05021","ok","small shrub","Live",,,1.0,,,,0.8,0.7,,"cylinder",1.1,10,,,,"sYrV+BI+v9kHEwoFL57IDVz9AwQUWLqs","0QknftH/249Fzeup5XgxDmRFrswKMEXrpdiqA+dT0Pw=","legacyData"
"a9466785-9467-41ba-b079-5217d8e23747","UKFS_044.basePlot.vst","2017-11-03","vst_UKFS_2017","D06","UKFS","UKFS_044",,"NEON.PLA.D06.UKFS.00833","unknown","small tree","Lost, fate unknown",,,,,,,,,,,,,,,,"sYrV+BI+v9kHEwoFL57IDVz9AwQUWLqs","0QknftH/249Fzeup5XgxDmRFrswKMEXrpdiqA+dT0Pw=","legacyData"
"84927351-0b32-484e-b0c1-8463d02af110","UKFS_044.basePlot.vst","2017-11-03","vst_UKFS_2017","D06","UKFS","UKFS_044",,"NEON.PLA.D06.UKFS.00824","unknown",,"Downed",,,,,,,,,,,,,,,,"sYrV+BI+v9kHEwoFL57IDVz9AwQUWLqs","0QknftH/249Fzeup5XgxDmRFrswKMEXrpdiqA+dT0Pw=","legacyData"
"ee349bf8-ed2a-4bba-a080-2b2c5d2947e5","UKFS_044.basePlot.vst","2017-11-03","vst_UKFS_2017","D06","UKFS","UKFS_044",,"NEON.PLA.D06.UKFS.02642","unknown","sapling","Lost, fate unknown",,,,,,,,,,,,,,,,"sYrV+BI+v9kHEwoFL57IDVz9AwQUWLqs","0QknftH/249Fzeup5XgxDmRFrswKMEXrpdiqA+dT0Pw=","legacyData"
"fcc75844-e436-45db-86e5-dc931fcd585b","UKFS_044.basePlot.vst","2017-11-03","vst_UKFS_2017","D06","UKFS","UKFS_044",,"NEON.PLA.D06.UKFS.00823","ok","single bole tree","Live",12.2,130,7.5,,,,,,,,,,,,,"sYrV+BI+v9kHEwoFL57IDVz9AwQUWLqs","0QknftH/249Fzeup5XgxDmRFrswKMEXrpdiqA+dT0Pw=","legacyData"
"7ec427f7-240c-4820-99b6-005f7698df43","UKFS_044.basePlot.vst","2017-11-03","vst_UKFS_2017","D06","UKFS","UKFS_044",,"NEON.PLA.D06.UKFS.05014","ok","sapling","Live",,,1.7,,,,,,,,1.1,10,,,,"sYrV+BI+v9kHEwoFL57IDVz9AwQUWLqs","0QknftH/249Fzeup5XgxDmRFrswKMEXrpdiqA+dT0Pw=","legacyData"
"17d1bf78-7928-44b0-95da-a3e990ed8dee","UKFS_044.basePlot.vst","2017-11-03","vst_UKFS_2017","D06","UKFS","UKFS_044",,"NEON.PLA.D06.UKFS.02647","unknown","small shrub","Lost, fate unknown",,,,,,,,,,,,,,,,"sYrV+BI+v9kHEwoFL57IDVz9AwQUWLqs","0QknftH/249Fzeup5XgxDmRFrswKMEXrpdiqA+dT0Pw=","legacyData"
"61639695-fc56-4072-8600-f914cc00e70f","UKFS_044.basePlot.vst","2017-11-03","vst_UKFS_2017","D06","UKFS","UKFS_044",,"NEON.PLA.D06.UKFS.02630","unknown","small shrub","Lost, fate unknown",,,,,,,,,,,,,,,,"sYrV+BI+v9kHEwoFL57IDVz9AwQUWLqs","0QknftH/249Fzeup5XgxDmRFrswKMEXrpdiqA+dT0Pw=","legacyData"
"ee6cbf62-636d-45de-96f0-8d4f26a0a66d","UKFS_044.basePlot.vst","2017-11-03","vst_UKFS_2017","D06","UKFS","UKFS_044",,"NEON.PLA.D06.UKFS.00849","ok","small tree","Lost, fate unknown",,,,,,,,,,,,,,,,"sYrV+BI+v9kHEwoFL57IDVz9AwQUWLqs","0QknftH/249Fzeup5XgxDmRFrswKMEXrpdiqA+dT0Pw=","legacyData"
"d3f36d20-7fc0-42f9-8180-54fd93320700","UKFS_044.basePlot.vst","2017-11-03","vst_UKFS_2017","D06","UKFS","UKFS_044",,"NEON.PLA.D06.UKFS.00856","ok","multi-bole tree","Live",47.1,130,18.1,,,,,,,,,,,,,"sYrV+BI+v9kHEwoFL57IDVz9AwQUWLqs","0QknftH/249Fzeup5XgxDmRFrswKMEXrpdiqA+dT0Pw=","legacyData"
"1a6d5d31-637e-42fc-a8a0-13d67bbb3962","UKFS_044.basePlot.vst","2017-11-03","vst_UKFS_2017","D06","UKFS","UKFS_044",,"NEON.PLA.D06.UKFS.00851","ok","single bole tree","Live",25.9,130,9.8,,,,,,,,,,,,,"sYrV+BI+v9kHEwoFL57IDVz9AwQUWLqs","0QknftH/249Fzeup5XgxDmRFrswKMEXrpdiqA+dT0Pw=","legacyData"
"1376cdb7-0804-49cf-84ee-a86c12777310","UKFS_044.basePlot.vst","2017-11-03","vst_UKFS_2017","D06","UKFS","UKFS_044",,"NEON.PLA.D06.UKFS.02651","unknown","small shrub","Lost, fate unknown",,,,,,,,,,,,,,,,"sYrV+BI+v9kHEwoFL57IDVz9AwQUWLqs","0QknftH/249Fzeup5XgxDmRFrswKMEXrpdiqA+dT0Pw=","legacyData"
"8295a473-6bf4-4b69-bdac-cdfee73d0aa5","UKFS_044.basePlot.vst","2017-11-03","vst_UKFS_2017","D06","UKFS","UKFS_044",,"NEON.PLA.D06.UKFS.02694","unknown","small shrub","Lost, fate unknown",,,,,,,,,,,,,,,,"sYrV+BI+v9kHEwoFL57IDVz9AwQUWLqs","0QknftH/249Fzeup5XgxDmRFrswKMEXrpdiqA+dT0Pw=","legacyData"
"b84496b3-5c03-402c-9da7-d457e20fc7e3","UKFS_044.basePlot.vst","2017-11-03","vst_UKFS_2017","D06","UKFS","UKFS_044",,"NEON.PLA.D06.UKFS.02648","unknown","small shrub","Lost, fate unknown",,,,,,,,,,,,,,,,"sYrV+BI+v9kHEwoFL57IDVz9AwQUWLqs","0QknftH/249Fzeup5XgxDmRFrswKMEXrpdiqA+dT0Pw=","legacyData"
"aee58e96-937f-449d-b196-77967d8242d5","UKFS_044.basePlot.vst","2017-11-03","vst_UKFS_2017","D06","UKFS","UKFS_044",,"NEON.PLA.D06.UKFS.00871","ok","small shrub","Live",,,1.0,,,,0.6,0.5,,"cylinder",1.2,10,,,,"sYrV+BI+v9kHEwoFL57IDVz9AwQUWLqs","0QknftH/249Fzeup5XgxDmRFrswKMEXrpdiqA+dT0Pw=","legacyData"
"0e06d1f2-0677-4133-87a0-377253eade3c","UKFS_044.basePlot.vst","2017-11-03","vst_UKFS_2017","D06","UKFS","UKFS_044",,"NEON.PLA.D06.UKFS.00854","ok","single bole tree","Standing dead",23.8,130,11.6,,,,,,,,,,,,,"sYrV+BI+v9kHEwoFL57IDVz9AwQUWLqs","0QknftH/249Fzeup5XgxDmRFrswKMEXrpdiqA+dT0Pw=","legacyData"
"13973768-daf2-43ba-b3c3-d5ebfa08e8bc","UKFS_044.basePlot.vst","2017-11-03","vst_UKFS_2017","D06","UKFS","UKFS_044",,"NEON.PLA.D06.UKFS.05298","ok","small shrub","Live",,,1.1,,,,1.0,0.7,,"cylinder",1.1,10,,,,"sYrV+BI+v9kHEwoFL57IDVz9AwQUWLqs","0QknftH/249Fzeup5XgxDmRFrswKMEXrpdiqA+dT0Pw=","legacyData"
"10b60cbc-45eb-4c68-9520-1a21bd6e0252","UKFS_044.basePlot.vst","2017-11-03","vst_UKFS_2017","D06","UKFS","UKFS_044",,"NEON.PLA.D06.UKFS.05022","ok","small shrub","Live",,,1.1,,,,0.7,0.6,,"cylinder",1.2,10,,,,"sYrV+BI+v9kHEwoFL57IDVz9AwQUWLqs","0QknftH/249Fzeup5XgxDmRFrswKMEXrpdiqA+dT0Pw=","legacyData"
"c05b9321-37a6-4d40-a7af-e9ca7f4b4fd1","UKFS_044.basePlot.vst","2017-11-03","vst_UKFS_2017","D06","UKFS","UKFS_044",,"NEON.PLA.D06.UKFS.05013","ok","small shrub","Live",,,1.6,,,,3.0,2.5,,"half-sphere",1.3,10,,,,"sYrV+BI+v9kHEwoFL57IDVz9AwQUWLqs","0QknftH/249Fzeup5XgxDmRFrswKMEXrpdiqA+dT0Pw=","legacyData"
"c393956c-6ed7-422b-8527-550722e076ce","UKFS_044.basePlot.vst","2017-11-03","vst_UKFS_2017","D06","UKFS","UKFS_044",,"NEON.PLA.D06.UKFS.00856A","ok","multi-bole tree","Live",29.1,130,,,,,,,,,,,,,,"sYrV+BI+v9kHEwoFL57IDVz9AwQUWLqs","0QknftH/249Fzeup5XgxDmRFrswKMEXrpdiqA+dT0Pw=","legacyData"
"b752cfe2-0aa5-409d-8da6-d360e20ad175","UKFS_044.basePlot.vst","2017-11-03","vst_UKFS_2017","D06","UKFS","UKFS_044",,"NEON.PLA.D06.UKFS.00825","ok","small tree","Live",8.1,130,2.5,,,,,,,,,,,,,"sYrV+BI+v9kHEwoFL57IDVz9AwQUWLqs","0QknftH/249Fzeup5XgxDmRFrswKMEXrpdiqA+dT0Pw=","legacyData"
"1402c5fc-699b-4833-86f4-08448273a1fd","UKFS_044.basePlot.vst","2017-11-03","vst_UKFS_2017","D06","UKFS","UKFS_044",,"NEON.PLA.D06.UKFS.00866","ok","sapling","Lost, fate unknown",,,,,,,,,,,,,,,,"sYrV+BI+v9kHEwoFL57IDVz9AwQUWLqs","0QknftH/249Fzeup5XgxDmRFrswKMEXrpdiqA+dT0Pw=","legacyData"
"30983e5d-755f-47c2-bb0a-c093964539f7","UKFS_044.basePlot.vst","2017-11-03","vst_UKFS_2017","D06","UKFS","UKFS_044",,"NEON.PLA.D06.UKFS.00870","ok","small shrub","Live",,,1.0,,,,0.8,0.1,,"cylinder",1.0,10,,,,"sYrV+BI+v9kHEwoFL57IDVz9AwQUWLqs","0QknftH/249Fzeup5XgxDmRFrswKMEXrpdiqA+dT0Pw=","legacyData"
"f22a264d-de72-473b-b6dd-56375c178af8","UKFS_044.basePlot.vst","2017-11-03","vst_UKFS_2017","D06","UKFS","UKFS_044",,"NEON.PLA.D06.UKFS.00835","ok","single bole tree","Live",16.0,130,12.8,,,,,,,,,,,,,"sYrV+BI+v9kHEwoFL57IDVz9AwQUWLqs","0QknftH/249Fzeup5XgxDmRFrswKMEXrpdiqA+dT0Pw=","legacyData"
"b2e4c2c7-a91a-4393-9564-84b6b2142a8b","UKFS_044.basePlot.vst","2017-11-03","vst_UKFS_2017","D06","UKFS","UKFS_044",,"NEON.PLA.D06.UKFS.05016","ok","sapling","Live",,,2.3,,,,,,,,1.2,10,,,,"sYrV+BI+v9kHEwoFL57IDVz9AwQUWLqs","0QknftH/249Fzeup5XgxDmRFrswKMEXrpdiqA+dT0Pw=","legacyData"
"bcbc2f08-dd27-401d-89c7-f93e2bd965bc","UKFS_044.basePlot.vst","2017-11-03","vst_UKFS_2017","D06","UKFS","UKFS_044",,"NEON.PLA.D06.UKFS.00836","ok","single bole tree","Live",87.0,130,23.6,,,,,,,,,,,,,"sYrV+BI+v9kHEwoFL57IDVz9AwQUWLqs","0QknftH/249Fzeup5XgxDmRFrswKMEXrpdiqA+dT0Pw=","legacyData"
"3ea8702c-0c4a-43b3-946e-f6ffbab8f613","UKFS_044.basePlot.vst","2017-11-03","vst_UKFS_2017","D06","UKFS","UKFS_044",,"NEON.PLA.D06.UKFS.00838","ok","single bole tree","Live",13.7,130,8.9,,,,,,,,,,,,,"sYrV+BI+v9kHEwoFL57IDVz9AwQUWLqs","0QknftH/249Fzeup5XgxDmRFrswKMEXrpdiqA+dT0Pw=","legacyData"
"a3d9fcc1-4fa1-4db8-962d-ffbcfcea576b","UKFS_044.basePlot.vst","2017-11-03","vst_UKFS_2017","D06","UKFS","UKFS_044",,"NEON.PLA.D06.UKFS.02633","unknown","small shrub","Lost, fate unknown",,,,,,,,,,,,,,,,"sYrV+BI+v9kHEwoFL57IDVz9AwQUWLqs","0QknftH/249Fzeup5XgxDmRFrswKMEXrpdiqA+dT0Pw=","legacyData"
"72579ab2-74d1-4f9d-acd2-1fcb4ee82265","UKFS_044.basePlot.vst","2017-11-03","vst_UKFS_2017","D06","UKFS","UKFS_044",,"NEON.PLA.D06.UKFS.06219","ok","sapling","Live",,,1.2,,,,,,,,1.0,10,,,,"sYrV+BI+v9kHEwoFL57IDVz9AwQUWLqs","0QknftH/249Fzeup5XgxDmRFrswKMEXrpdiqA+dT0Pw=","legacyData"
"02d87fc0-7d45-44a5-bceb-ff81056ebf55","UKFS_044.basePlot.vst","2017-11-03","vst_UKFS_2017","D06","UKFS","UKFS_044",,"NEON.PLA.D06.UKFS.05400","ok","small shrub","Live",,,1.0,,,,0.6,0.5,,"ellipsoid or sphere",1.0,10,,,,"sYrV+BI+v9kHEwoFL57IDVz9AwQUWLqs","0QknftH/249Fzeup5XgxDmRFrswKMEXrpdiqA+dT0Pw=","legacyData"
"78bb579f-2561-4775-9156-de1ee12aae37","UKFS_044.basePlot.vst","2017-11-03","vst_UKFS_2017","D06","UKFS","UKFS_044",,"NEON.PLA.D06.UKFS.00864","ok","single bole tree","Live",47.3,130,16.6,,,,,,,,,,,,,"sYrV+BI+v9kHEwoFL57IDVz9AwQUWLqs","0QknftH/249Fzeup5XgxDmRFrswKMEXrpdiqA+dT0Pw=","legacyData"
