uid,namedLocation,date,eventID,domainID,siteID,plotID,subplotID,individualID,tagStatus,growthForm,plantStatus,stemDiameter,measurementHeight,height,baseCrownHeight,breakHeight,breakDiameter,maxCrownDiameter,ninetyCrownDiameter,canopyPosition,shape,basalStemDiameter,basalStemDiameterMsrmntHeight,maxBaseCrownDiameter,ninetyBaseCrownDiameter,remarks,recordedBy,measuredBy,dataQF
"7463f8ee-f17d-4b68-bcf3-e7225e0bad50","CLBJ_036.basePlot.vst","2016-08-23","vst_CLBJ_2016","D11","CLBJ","CLBJ_036",,"NEON.PLA.D11.CLBJ.01013","ok","small shrub","Live",,,1.0,0.4,,,0.4,0.4,,"ellipsoid or sphere",1.1,10,,,,"YvxfKx9PhZKcpyRUl2HPSGWrrvBoMwJ+","C9GzU2YIgNp6Vw0n+VOm12lcWzn+J9JF","legacyData"
"f6753608-f4d5-430f-acaa-20c2f5f97250","CLBJ_036.basePlot.vst","2016-08-23","vst_CLBJ_2016","D11","CLBJ","CLBJ_036",,"NEON.PLA.D11.CLBJ.01392","ok","sapling","Live",,,0.9,,,,,,,,1.2,10,,,,"YvxfKx9PhZKcpyRUl2HPSGWrrvBoMwJ+","C9GzU2YIgNp6Vw0n+VOm12lcWzn+J9JF","legacyData"
"2c120062-29f0-40a9-8d6b-0922afe78778","CLBJ_036.basePlot.vst","2016-08-23","vst_CLBJ_2016","D11","CLBJ","CLBJ_036",,"NEON.PLA.D11.CLBJ.01075","ok","small shrub","Live",,,1.0,0.3,,,0.7,0.6,,"ellipsoid or sphere",1.2,10,,,,"YvxfKx9PhZKcpyRUl2HPSGWrrvBoMwJ+","C9GzU2YIgNp6Vw0n+VOm12lcWzn+J9JF","legacyData"
"0062673e-dba1-47ac-bce7-f188fa8accf3","CLBJ_036.basePlot.vst","2016-08-23","vst_CLBJ_2016","D11","CLBJ","CLBJ_036",,"NEON.PLA.D11.CLBJ.01014","ok","small shrub","Live",,,1.1,0.3,,,1.0,0.8,,"ellipsoid or sphere",1.2,10,,,,"YvxfKx9PhZKcpyRUl2HPSGWrrvBoMwJ+","C9GzU2YIgNp6Vw0n+VOm12lcWzn+J9JF","legacyData"
"be269685-bc23-4ebe-8519-0acfa849b867","CLBJ_036.basePlot.vst","2016-08-23","vst_CLBJ_2016","D11","CLBJ","CLBJ_036",,"NEON.PLA.D11.CLBJ.01100","ok","sapling","Live",,,0.9,,,,,,,,1.1,10,,,,"YvxfKx9PhZKcpyRUl2HPSGWrrvBoMwJ+","C9GzU2YIgNp6Vw0n+VOm12lcWzn+J9JF","legacyData"
"a36b13e4-f163-4e05-af7b-e330dea9a264","CLBJ_036.basePlot.vst","2016-08-23","vst_CLBJ_2016","D11","CLBJ","CLBJ_036",,"NEON.PLA.D11.CLBJ.01102","ok","small shrub","Live",,,1.0,0.5,,,0.5,0.4,,"ellipsoid or sphere",1.1,10,,,,"YvxfKx9PhZKcpyRUl2HPSGWrrvBoMwJ+","C9GzU2YIgNp6Vw0n+VOm12lcWzn+J9JF","legacyData"
"be57c90f-fe48-4f37-b6f6-13ca1488c399","CLBJ_036.basePlot.vst","2016-08-23","vst_CLBJ_2016","D11","CLBJ","CLBJ_036",,"NEON.PLA.D11.CLBJ.01390","ok","sapling","Live",,,0.7,,,,,,,,1.0,10,,,,"YvxfKx9PhZKcpyRUl2HPSGWrrvBoMwJ+","C9GzU2YIgNp6Vw0n+VOm12lcWzn+J9JF","legacyData"
"22cef752-c545-45ef-91ea-f1437255b8a6","CLBJ_036.basePlot.vst","2016-08-23","vst_CLBJ_2016","D11","CLBJ","CLBJ_036",,"NEON.PLA.D11.CLBJ.01391","ok","small shrub","Live",,,1.0,0.4,,,0.6,0.6,,"ellipsoid or sphere",1.0,10,,,,"YvxfKx9PhZKcpyRUl2HPSGWrrvBoMwJ+","C9GzU2YIgNp6Vw0n+VOm12lcWzn+J9JF","legacyData"
"7d9de984-f4f8-4e23-bae7-7dc16819c0f6","CLBJ_036.basePlot.vst","2016-08-23","vst_CLBJ_2016","D11","CLBJ","CLBJ_036",,"NEON.PLA.D11.CLBJ.01387","ok","sapling","Live",,,0.9,,,,,,,,1.2,10,,,"qc'd by j barnett 21061221","YvxfKx9PhZKcpyRUl2HPSGWrrvBoMwJ+","C9GzU2YIgNp6Vw0n+VOm12lcWzn+J9JF","legacyData"
"1b003f05-ee8c-4e96-8584-b5fcd1aaf7a1","CLBJ_036.basePlot.vst","2016-08-23","vst_CLBJ_2016","D11","CLBJ","CLBJ_036",,"NEON.PLA.D11.CLBJ.02334","ok","sapling","Live",,,0.7,,,,,,,,1.1,10,,,,"YvxfKx9PhZKcpyRUl2HPSGWrrvBoMwJ+","C9GzU2YIgNp6Vw0n+VOm12lcWzn+J9JF","legacyData"
"b6610f27-8eec-4583-9992-995834159a28","CLBJ_036.basePlot.vst","2016-08-23","vst_CLBJ_2016","D11","CLBJ","CLBJ_036",,"NEON.PLA.D11.CLBJ.01398","ok","small shrub","Live",,,1.1,0.4,,,0.6,0.3,,"ellipsoid or sphere",1.0,10,,,,"YvxfKx9PhZKcpyRUl2HPSGWrrvBoMwJ+","C9GzU2YIgNp6Vw0n+VOm12lcWzn+J9JF","legacyData"
"21ae764b-d314-4513-bccd-532147654089","CLBJ_036.basePlot.vst","2016-08-23","vst_CLBJ_2016","D11","CLBJ","CLBJ_036",,"NEON.PLA.D11.CLBJ.02421","ok","sapling","Live",,,0.7,,,,,,,,1.2,10,,,,"YvxfKx9PhZKcpyRUl2HPSGWrrvBoMwJ+","C9GzU2YIgNp6Vw0n+VOm12lcWzn+J9JF","legacyData"
"4945900d-322e-4145-9575-c4be8a1d4537","CLBJ_036.basePlot.vst","2016-08-23","vst_CLBJ_2016","D11","CLBJ","CLBJ_036",,"NEON.PLA.D11.CLBJ.00659","ok","small shrub","Live",,,1.0,0.2,,,0.5,0.4,,"ellipsoid or sphere",1.0,10,,,"qc'd by j Barnett 20161221","YvxfKx9PhZKcpyRUl2HPSGWrrvBoMwJ+","C9GzU2YIgNp6Vw0n+VOm12lcWzn+J9JF","legacyData"
"6fc597c9-dd8f-4057-bc2b-31a9be5aa33d","CLBJ_036.basePlot.vst","2016-08-23","vst_CLBJ_2016","D11","CLBJ","CLBJ_036",,"NEON.PLA.D11.CLBJ.01385","ok","small shrub","Live",,,1.0,0.6,,,0.6,0.4,,"ellipsoid or sphere",1.0,10,,,,"YvxfKx9PhZKcpyRUl2HPSGWrrvBoMwJ+","C9GzU2YIgNp6Vw0n+VOm12lcWzn+J9JF","legacyData"
"def1372e-bdf4-49f6-83b8-db89b4f9a930","CLBJ_036.basePlot.vst","2016-08-23","vst_CLBJ_2016","D11","CLBJ","CLBJ_036",,"NEON.PLA.D11.CLBJ.01399","ok","sapling","Live",,,0.9,,,,0.5,0.3,,"cylinder",1.0,10,,,,"YvxfKx9PhZKcpyRUl2HPSGWrrvBoMwJ+","C9GzU2YIgNp6Vw0n+VOm12lcWzn+J9JF","legacyData"
"374929e0-1b9a-4117-8bbc-2873a2a1b858","CLBJ_036.basePlot.vst","2016-08-23","vst_CLBJ_2016","D11","CLBJ","CLBJ_036",,"NEON.PLA.D11.CLBJ.02101","ok","small tree","Live, physically damaged",5.2,130,3.1,,,,,,,,,,,,"Burned","YvxfKx9PhZKcpyRUl2HPSGWrrvBoMwJ+","C9GzU2YIgNp6Vw0n+VOm12lcWzn+J9JF","legacyData"
"152fd67e-4fef-427b-a769-e45379641c17","CLBJ_036.basePlot.vst","2016-08-23","vst_CLBJ_2016","D11","CLBJ","CLBJ_036",,"NEON.PLA.D11.CLBJ.01393","ok","sapling","Live",,,0.7,,,,,,,,1.0,10,,,"qc'd by jbarnett 20161221","YvxfKx9PhZKcpyRUl2HPSGWrrvBoMwJ+","C9GzU2YIgNp6Vw0n+VOm12lcWzn+J9JF","legacyData"
"a9bada21-78e5-46c1-a3d3-259792b9f289","CLBJ_036.basePlot.vst","2016-08-23","vst_CLBJ_2016","D11","CLBJ","CLBJ_036",,"NEON.PLA.D11.CLBJ.01011","ok","small shrub","Live",,,1.0,0.4,,,0.6,0.4,,"ellipsoid or sphere",1.2,10,,,,"YvxfKx9PhZKcpyRUl2HPSGWrrvBoMwJ+","C9GzU2YIgNp6Vw0n+VOm12lcWzn+J9JF","legacyData"
"6d060027-affc-4ad5-b10c-df3fde80630a","CLBJ_036.basePlot.vst","2016-08-23","vst_CLBJ_2016","D11","CLBJ","CLBJ_036",,"NEON.PLA.D11.CLBJ.01010","ok","sapling","Live, physically damaged",3.5,,1.8,,,,0.8,0.7,,"cylinder",3.5,10,,,"Main bole dead- burnt","YvxfKx9PhZKcpyRUl2HPSGWrrvBoMwJ+","C9GzU2YIgNp6Vw0n+VOm12lcWzn+J9JF","legacyData"
"276a048d-6f24-46f6-85e3-e14e5e18e7ff","CLBJ_036.basePlot.vst","2016-08-23","vst_CLBJ_2016","D11","CLBJ","CLBJ_036",,"NEON.PLA.D11.CLBJ.01394","ok","small shrub","Live",,,1.1,0.3,,,0.4,0.2,,"ellipsoid or sphere",1.1,10,,,,"YvxfKx9PhZKcpyRUl2HPSGWrrvBoMwJ+","C9GzU2YIgNp6Vw0n+VOm12lcWzn+J9JF","legacyData"
"4f2a1b31-12d4-43ec-acd5-ec807f857cfe","CLBJ_036.basePlot.vst","2016-08-23","vst_CLBJ_2016","D11","CLBJ","CLBJ_036",,"NEON.PLA.D11.CLBJ.01259","ok","small shrub","Live",,,1.4,0.5,,,0.5,0.5,,"ellipsoid or sphere",1.0,10,,,,"YvxfKx9PhZKcpyRUl2HPSGWrrvBoMwJ+","C9GzU2YIgNp6Vw0n+VOm12lcWzn+J9JF","legacyData"
"2482d2b2-021d-4ff4-8649-eafb310e0dc7","CLBJ_036.basePlot.vst","2016-08-23","vst_CLBJ_2016","D11","CLBJ","CLBJ_036",,"NEON.PLA.D11.CLBJ.01396","ok","sapling","Live",,,0.7,,,,,,,,1.0,10,,,"qc'd by j Barnett 20161221","YvxfKx9PhZKcpyRUl2HPSGWrrvBoMwJ+","C9GzU2YIgNp6Vw0n+VOm12lcWzn+J9JF","legacyData"
"969781ff-2b81-4d57-b361-ceb7cab8817a","CLBJ_036.basePlot.vst","2016-08-23","vst_CLBJ_2016","D11","CLBJ","CLBJ_036",,"NEON.PLA.D11.CLBJ.01012","ok","small shrub","Live",,,1.2,0.5,,,0.6,0.5,,"ellipsoid or sphere",1.1,10,,,,"YvxfKx9PhZKcpyRUl2HPSGWrrvBoMwJ+","C9GzU2YIgNp6Vw0n+VOm12lcWzn+J9JF","legacyData"
"b1718250-5cdd-4522-9bc3-ce015355d9b9","CLBJ_036.basePlot.vst","2016-08-23","vst_CLBJ_2016","D11","CLBJ","CLBJ_036",,"NEON.PLA.D11.CLBJ.00657","ok","single bole tree","Live",31.8,140,8.3,,,,6.7,5.5,"Open grown",,,,,,,"YvxfKx9PhZKcpyRUl2HPSGWrrvBoMwJ+","C9GzU2YIgNp6Vw0n+VOm12lcWzn+J9JF","legacyData"
"fcb30110-dd03-445a-b830-d65ddd4b2b8c","CLBJ_036.basePlot.vst","2016-08-23","vst_CLBJ_2016","D11","CLBJ","CLBJ_036",,"NEON.PLA.D11.CLBJ.01384","ok","small shrub","Live",,,0.8,0.2,,,0.5,0.5,,"ellipsoid or sphere",1.0,10,,,"qc'd by j Barnett 20161221","YvxfKx9PhZKcpyRUl2HPSGWrrvBoMwJ+","C9GzU2YIgNp6Vw0n+VOm12lcWzn+J9JF","legacyData"
"2061b9d7-cb3a-4078-a27f-6236ec10958a","CLBJ_036.basePlot.vst","2016-08-23","vst_CLBJ_2016","D11","CLBJ","CLBJ_036",,"NEON.PLA.D11.CLBJ.02423","ok","sapling","Live",,,0.8,,,,,,,,1.0,10,,,,"YvxfKx9PhZKcpyRUl2HPSGWrrvBoMwJ+","C9GzU2YIgNp6Vw0n+VOm12lcWzn+J9JF","legacyData"
"12e003ab-1bc1-4446-a789-1caec278d682","CLBJ_035.basePlot.vst","2016-08-25","vst_CLBJ_2016","D11","CLBJ","CLBJ_035",,"NEON.PLA.D11.CLBJ.02425","ok","small tree","Standing dead",1.8,130,2.1,,,,1.7,1.5,,,,,,,"burned. canopy position 1","YvxfKx9PhZKcpyRUl2HPSGWrrvBoMwJ+","UlyBg/5+sWSbfnHpJ1qSNA47KNgvcfEG","legacyData"
"3ef496dc-c671-48ec-81bc-2b1ac98a9d74","CLBJ_035.basePlot.vst","2016-08-25","vst_CLBJ_2016","D11","CLBJ","CLBJ_035",,"NEON.PLA.D11.CLBJ.01596","ok","sapling","Live",,,2.1,,,,,,,,1.1,10,,,,"YvxfKx9PhZKcpyRUl2HPSGWrrvBoMwJ+","UlyBg/5+sWSbfnHpJ1qSNA47KNgvcfEG","legacyData"
"f90474f1-4c92-41ae-9a35-1259b89e3c44","CLBJ_035.basePlot.vst","2016-08-25","vst_CLBJ_2016","D11","CLBJ","CLBJ_035",,"NEON.PLA.D11.CLBJ.02424","ok","small tree","Standing dead",2.2,130,2.3,,,,1.8,1.4,,,,,,,"burned. canopy position 1","YvxfKx9PhZKcpyRUl2HPSGWrrvBoMwJ+","UlyBg/5+sWSbfnHpJ1qSNA47KNgvcfEG","legacyData"
"b4ba4825-a490-462a-8ae6-d4d95488f5f5","CLBJ_035.basePlot.vst","2016-08-25","vst_CLBJ_2016","D11","CLBJ","CLBJ_035",,"NEON.PLA.D11.CLBJ.02420","ok","sapling","Standing dead",,,1.9,,,,,,,,2.3,10,,,"burned","YvxfKx9PhZKcpyRUl2HPSGWrrvBoMwJ+","UlyBg/5+sWSbfnHpJ1qSNA47KNgvcfEG","legacyData"
"977aa956-87f4-4f84-a10c-8cf88e9c9e3e","CLBJ_035.basePlot.vst","2016-08-25","vst_CLBJ_2016","D11","CLBJ","CLBJ_035",,"NEON.PLA.D11.CLBJ.01598","ok","small shrub","Live",,,1.0,,,,0.6,0.6,,"cylinder",1.3,10,,,,"YvxfKx9PhZKcpyRUl2HPSGWrrvBoMwJ+","UlyBg/5+sWSbfnHpJ1qSNA47KNgvcfEG","legacyData"
"2897ae59-0ebc-497c-98c7-c742e00ffdca","CLBJ_035.basePlot.vst","2016-08-25","vst_CLBJ_2016","D11","CLBJ","CLBJ_035",,"NEON.PLA.D11.CLBJ.01596","ok","sapling","Live",,,2.1,,,,,,,,1.2,10,,,,"YvxfKx9PhZKcpyRUl2HPSGWrrvBoMwJ+","UlyBg/5+sWSbfnHpJ1qSNA47KNgvcfEG","legacyData"
"3035e49e-21b8-4bda-a33c-41255a2a1166","CLBJ_035.basePlot.vst","2016-08-25","vst_CLBJ_2016","D11","CLBJ","CLBJ_035",,"NEON.PLA.D11.CLBJ.01596","ok","sapling","Live",,,2.1,,,,,,,,1.1,10,,,,"YvxfKx9PhZKcpyRUl2HPSGWrrvBoMwJ+","UlyBg/5+sWSbfnHpJ1qSNA47KNgvcfEG","legacyData"
"c6d2fc86-cdf6-4ffd-be86-1e1386becd2b","CLBJ_035.basePlot.vst","2016-08-25","vst_CLBJ_2016","D11","CLBJ","CLBJ_035",,"NEON.PLA.D11.CLBJ.02425","ok","small tree","Standing dead",1.2,130,2.1,,,,1.7,1.5,,,,,,,,"YvxfKx9PhZKcpyRUl2HPSGWrrvBoMwJ+","UlyBg/5+sWSbfnHpJ1qSNA47KNgvcfEG","legacyData"
"338992d0-144e-4908-8b8a-50639541c1de","CLBJ_035.basePlot.vst","2016-08-25","vst_CLBJ_2016","D11","CLBJ","CLBJ_035",,"NEON.PLA.D11.CLBJ.02425","ok","small tree","Standing dead",1.9,130,2.1,,,,1.7,1.5,,,,,,,,"YvxfKx9PhZKcpyRUl2HPSGWrrvBoMwJ+","UlyBg/5+sWSbfnHpJ1qSNA47KNgvcfEG","legacyData"
"0075cf98-649a-40f0-ad3e-5d0e7d558966","CLBJ_035.basePlot.vst","2016-08-25","vst_CLBJ_2016","D11","CLBJ","CLBJ_035",,"NEON.PLA.D11.CLBJ.01596","ok","sapling","Live",,,2.1,,,,,,,,1.4,10,,,,"YvxfKx9PhZKcpyRUl2HPSGWrrvBoMwJ+","UlyBg/5+sWSbfnHpJ1qSNA47KNgvcfEG","legacyData"
"d4f52a99-aca1-4f12-8ecd-1bd67929d3d6","CLBJ_035.basePlot.vst","2016-08-25","vst_CLBJ_2016","D11","CLBJ","CLBJ_035",,"NEON.PLA.D11.CLBJ.01596","ok","sapling","Live",,,2.1,,,,,,,,1.2,10,,,,"YvxfKx9PhZKcpyRUl2HPSGWrrvBoMwJ+","UlyBg/5+sWSbfnHpJ1qSNA47KNgvcfEG","legacyData"
"1140b4f1-1668-4d5a-8971-7ad39bd2b5b1","CLBJ_035.basePlot.vst","2016-08-25","vst_CLBJ_2016","D11","CLBJ","CLBJ_035",,"NEON.PLA.D11.CLBJ.02424","ok","small tree","Standing dead",1.0,130,2.3,,,,1.8,1.4,,,,,,,,"YvxfKx9PhZKcpyRUl2HPSGWrrvBoMwJ+","UlyBg/5+sWSbfnHpJ1qSNA47KNgvcfEG","legacyData"
"2a8fc7da-3698-4792-9f50-7ab2b0b16621","CLBJ_035.basePlot.vst","2016-08-25","vst_CLBJ_2016","D11","CLBJ","CLBJ_035",,"NEON.PLA.D11.CLBJ.02424","ok","small tree","Standing dead",1.2,130,2.3,,,,1.8,1.4,,,,,,,,"YvxfKx9PhZKcpyRUl2HPSGWrrvBoMwJ+","UlyBg/5+sWSbfnHpJ1qSNA47KNgvcfEG","legacyData"
"91dc92e6-010b-4458-906f-d0e7bfcd8b9c","CLBJ_035.basePlot.vst","2016-08-25","vst_CLBJ_2016","D11","CLBJ","CLBJ_035",,"NEON.PLA.D11.CLBJ.01599","ok","sapling","Live, physically damaged",,,0.5,,,,,,,,1.2,10,,,,"YvxfKx9PhZKcpyRUl2HPSGWrrvBoMwJ+","UlyBg/5+sWSbfnHpJ1qSNA47KNgvcfEG","legacyData"
"4c406d83-01ca-4ba4-bdff-4263a6a158a8","CLBJ_035.basePlot.vst","2016-08-25","vst_CLBJ_2016","D11","CLBJ","CLBJ_035",,"NEON.PLA.D11.CLBJ.02425","ok","small tree","Standing dead",1.5,130,2.1,,,,1.7,1.5,,,,,,,,"YvxfKx9PhZKcpyRUl2HPSGWrrvBoMwJ+","UlyBg/5+sWSbfnHpJ1qSNA47KNgvcfEG","legacyData"
"1373e994-7fe0-477c-a3cc-657226981657","CLBJ_035.basePlot.vst","2016-08-25","vst_CLBJ_2016","D11","CLBJ","CLBJ_035",,"NEON.PLA.D11.CLBJ.01597","ok","sapling","Live",,,1.6,,,,,,,,1.3,10,,,,"YvxfKx9PhZKcpyRUl2HPSGWrrvBoMwJ+","UlyBg/5+sWSbfnHpJ1qSNA47KNgvcfEG","legacyData"
"cb954aac-61ee-4131-bd6a-c0f0134aa7c7","CLBJ_035.basePlot.vst","2016-08-25","vst_CLBJ_2016","D11","CLBJ","CLBJ_035",,"NEON.PLA.D11.CLBJ.02419","ok","small tree","Standing dead",2.3,130,2.4,,,,2.4,2.3,,,,,,,"burned. canopy position 2","YvxfKx9PhZKcpyRUl2HPSGWrrvBoMwJ+","UlyBg/5+sWSbfnHpJ1qSNA47KNgvcfEG","legacyData"
"8b7b1cb1-8d9d-4379-9528-e46b4d88028b","CLBJ_035.basePlot.vst","2016-08-25","vst_CLBJ_2016","D11","CLBJ","CLBJ_035",,"NEON.PLA.D11.CLBJ.02425","ok","small tree","Standing dead",1.3,130,2.1,,,,1.7,1.5,,,,,,,,"YvxfKx9PhZKcpyRUl2HPSGWrrvBoMwJ+","UlyBg/5+sWSbfnHpJ1qSNA47KNgvcfEG","legacyData"
