uid,namedLocation,domainID,siteID,plotID,plotType,nlcdClass,decimalLatitude,decimalLongitude,geodeticDatum,coordinateUncertainty,elevation,elevationUncertainty,collectDate,eventID,sampleID,sampleCode,samplingMethod,totalSampledArea,targetTaxaPresent,adultCount,nymphCount,larvaCount,sampleCondition,samplingProtocolVersion,measuredBy,remarks
"e377dc75-06fb-44b9-b634-69953ec97522","OAES_008.tickPlot.tck","D11","OAES","OAES_008","distributed","grasslandHerbaceous",35.394019,-99.063159,"WGS84",20.1,492.6,0.1,"2016-04-05T18:10Z","OAES.2016.14",,,"drag",160,"N",0,0,0,"No known compromise","NEON.DOC.014045vG","61P3feUMrdpPnGb+66Hkcpy1eAGz/VeF",
"d5ed1f68-196d-40a8-8b28-71bf007a4193","OAES_003.tickPlot.tck","D11","OAES","OAES_003","distributed","grasslandHerbaceous",35.412134,-99.068027,"WGS84",20.2,512.2,0.2,"2016-04-05T20:30Z","OAES.2016.14",,,"drag",165,"N",0,0,0,"No known compromise","NEON.DOC.014045vG","MToiEetl/hE7loQoRWyXi916MsQYAq0q","Had to divert around cactus for 5m. Lost 5 weights in wind, could not find."
"3b4a9245-12ba-4e87-ad65-2774886f8fcf","OAES_021.tickPlot.tck","D11","OAES","OAES_021","distributed","shrubScrub",35.413211,-99.074301,"WGS84",20.1,501.7,0.1,"2016-04-05T20:42Z","OAES.2016.14","OAES_021.20160405",,"drag and flag",144,"Y",1,0,0,"No known compromise","NEON.DOC.014045vG","JTMZzblOCrrAJkCPjpmBCPA/HVBaHoa2","Had to divert 4m around cactus. Thick sumac all west edge, could not sample 20m"
"59ee2f62-9bab-4f19-ad4b-592546a1ac43","OAES_007.tickPlot.tck","D11","OAES","OAES_007","distributed","shrubScrub",35.421328,-99.057210,"WGS84",20.1,521.6,0.1,"2016-04-05T21:20Z","OAES.2016.14",,,"drag",120,"N",0,0,0,"No known compromise","NEON.DOC.014045vG","61P3feUMrdpPnGb+66Hkcpy1eAGz/VeF","Wind 45mph gust; lost 3 weights in wind"
"4899e8f3-a0d3-4bf6-b2c7-af9448b075c4","OAES_004.tickPlot.tck","D11","OAES","OAES_004","distributed","grasslandHerbaceous",35.411159,-99.084234,"WGS84",20.1,507.6,0.1,"2016-04-05T21:36Z","OAES.2016.14",,,"drag",160,"N",0,0,0,"No known compromise","NEON.DOC.014045vG","JTMZzblOCrrAJkCPjpmBCPA/HVBaHoa2",
"3ff46afc-909c-46a0-8f3c-8f491f418b74","OAES_005.tickPlot.tck","D11","OAES","OAES_005","distributed","grasslandHerbaceous",35.402926,-99.080346,"WGS84",20.1,509.4,0.1,"2016-04-05T22:20Z","OAES.2016.14",,,"drag",160,"N",0,0,0,"No known compromise","NEON.DOC.014045vG","JTMZzblOCrrAJkCPjpmBCPA/HVBaHoa2",
"aa052eda-5159-4dfa-8faa-b1d4318b61e5","OAES_008.tickPlot.tck","D11","OAES","OAES_008","distributed","grasslandHerbaceous",35.394019,-99.063159,"WGS84",20.1,492.6,0.1,"2016-04-26T17:57Z","OAES.2016.17",,,"drag",149,"N",0,0,0,"No known compromise","NEON.DOC.014045vG","61P3feUMrdpPnGb+66Hkcpy1eAGz/VeF",
"efd9097f-e8b1-4b68-ae39-de10d84f3716","OAES_007.tickPlot.tck","D11","OAES","OAES_007","distributed","shrubScrub",35.421328,-99.057210,"WGS84",20.1,521.6,0.1,"2016-04-26T19:12Z","OAES.2016.17",,,"drag and flag",162,"N",0,0,0,"No known compromise","NEON.DOC.014045vG","61P3feUMrdpPnGb+66Hkcpy1eAGz/VeF",
"2dd01fe5-4ff6-4574-9430-562402dc58ff","OAES_003.tickPlot.tck","D11","OAES","OAES_003","distributed","grasslandHerbaceous",35.412134,-99.068027,"WGS84",20.2,512.2,0.2,"2016-04-26T20:00Z","OAES.2016.17",,,"drag",164,"N",0,0,0,"No known compromise","NEON.DOC.014045vG","61P3feUMrdpPnGb+66Hkcpy1eAGz/VeF",
"b0d970af-0850-4b9c-b66b-74f13516f0c3","OAES_021.tickPlot.tck","D11","OAES","OAES_021","distributed","shrubScrub",35.413211,-99.074301,"WGS84",20.1,501.7,0.1,"2016-04-26T20:50Z","OAES.2016.17",,,"drag",100,"N",0,0,0,"No known compromise","NEON.DOC.014045vG","61P3feUMrdpPnGb+66Hkcpy1eAGz/VeF",
"8d433b4c-5051-47cf-9d41-2847bd24c5d6","OAES_004.tickPlot.tck","D11","OAES","OAES_004","distributed","grasslandHerbaceous",35.411159,-99.084234,"WGS84",20.1,507.6,0.1,"2016-04-26T21:31Z","OAES.2016.17","OAES_004.20160426",,"drag",160,"Y",2,0,0,"No known compromise","NEON.DOC.014045vG","61P3feUMrdpPnGb+66Hkcpy1eAGz/VeF",
"66f1a31b-773a-49d0-b021-468b2a3ecefa","OAES_005.tickPlot.tck","D11","OAES","OAES_005","distributed","grasslandHerbaceous",35.402926,-99.080346,"WGS84",20.1,509.4,0.1,"2016-04-27T14:52Z","OAES.2016.17",,,"drag",162,"N",0,0,0,"No known compromise","NEON.DOC.014045vG","61P3feUMrdpPnGb+66Hkcpy1eAGz/VeF","Deviated 2 m, delay 17 hrs due to rain"
