uid,namedLocation,plotID,collectDate,identifiedDate,sampleID,subsampleID,scientificName,acceptedTaxonID,taxonRank,family,subfamily,tribe,subtribe,genus,subgenus,specificEpithet,infraspecificEpithet,identificationQualifier,identificationReferences,identificationProtocolVersion,scientificNameAuthorship,sexOrAge,individualCount,sampleCondition,archiveMedium,archiveFacilityID,deprecatedVialID,identifiedBy,laboratoryName,remarks
"c0dc0015-6353-4d82-97c9-59c910857c74","ABBY_001.tickPlot.tck","ABBY_001","2017-06-06T19:05Z","2018-01-27T17:00Z","ABBY_001.20170606","ABBY_001.20170606.IXOANG.F","Ixodes angustus","IXOANG","species","Ixodidae",,,,"Ixodes",,"angustus",,,"Keirans, J. E., and C. M. Clifford. 1978. The genus Ixodes in the United States: a scanning electron microscope study and key to the adults. Journal of Medical Entomology, 15(Supplement 2):1-38.","GSU_tickIdentification_SOP_2016-11-01.pdf","Neumann","Female",1,"OK","90% ethanol","USNMENT01358878","ABBY_001.20170606.IXOANG.F","Lorenza Beati","Georgia Southern University",
"b9d39348-53d5-4bf9-bfcb-586f5c4e7319","ABBY_023.tickPlot.tck","ABBY_023","2017-06-06T20:39Z","2018-01-27T17:00Z","ABBY_023.20170606","ABBY_023.20170606.IXOANG.F","Ixodes angustus","IXOANG","species","Ixodidae",,,,"Ixodes",,"angustus",,,"Keirans, J. E., and C. M. Clifford. 1978. The genus Ixodes in the United States: a scanning electron microscope study and key to the adults. Journal of Medical Entomology, 15(Supplement 2):1-38.","GSU_tickIdentification_SOP_2016-11-01.pdf","Neumann","Female",1,"OK","90% ethanol","USNMENT01358880","ABBY_023.20170606.IXOANG.F","Lorenza Beati","Georgia Southern University",
"16ca5468-a50b-446e-8480-50dfd6df15c3","ABBY_023.tickPlot.tck","ABBY_023","2017-06-06T20:39Z","2018-01-27T17:00Z","ABBY_023.20170606","ABBY_023.20170606.IXOPAC.M","Ixodes pacificus","IXOPAC","species","Ixodidae",,,,"Ixodes",,"pacificus",,,"Keirans, J. E., and C. M. Clifford. 1978. The genus Ixodes in the United States: a scanning electron microscope study and key to the adults. Journal of Medical Entomology, 15(Supplement 2):1-38.","GSU_tickIdentification_SOP_2016-11-01.pdf","Cooley & Kohls","Male",1,"OK","90% ethanol","USNMENT01358879","ABBY_023.20170606.IXOPAC.M","Lorenza Beati","Georgia Southern University",
"f164b9e4-e9f5-44f9-9f3f-e9c48dac0a4e","ABBY_006.tickPlot.tck","ABBY_006","2017-06-06T21:31Z","2018-01-27T17:00Z","ABBY_006.20170606","ABBY_006.20170606.IXOANG.M","Ixodes angustus","IXOANG","species","Ixodidae",,,,"Ixodes",,"angustus",,,"Keirans, J. E., and C. M. Clifford. 1978. The genus Ixodes in the United States: a scanning electron microscope study and key to the adults. Journal of Medical Entomology, 15(Supplement 2):1-38.","GSU_tickIdentification_SOP_2016-11-01.pdf","Neumann","Male",1,"OK","90% ethanol","USNMENT01358881","ABBY_006.20170606.IXOANG.M","Lorenza Beati","Georgia Southern University",
"0b1501c1-bcc6-4229-acfb-7f2024b49e16","ABBY_001.tickPlot.tck","ABBY_001","2017-06-29T08:39Z","2018-01-27T17:00Z","ABBY_001.20170629","ABBY_001.20170629.IXOPAC.N","Ixodes pacificus","IXOPAC","species","Ixodidae",,,,"Ixodes",,"pacificus",,,"Keirans, J. E., and C. M. Clifford. 1978. The genus Ixodes in the United States: a scanning electron microscope study and key to the adults. Journal of Medical Entomology, 15(Supplement 2):1-38.","GSU_tickIdentification_SOP_2016-11-01.pdf","Cooley & Kohls","Nymph",1,"OK","90% ethanol","USNMENT01358883","ABBY_001.20170629.IXOPAC.N","Lorenza Beati","Georgia Southern University",
"fd8969cc-6b4a-4f1f-85b6-3033b88101a8","ABBY_001.tickPlot.tck","ABBY_001","2017-06-29T08:39Z","2018-01-27T17:00Z","ABBY_001.20170629","ABBY_001.20170629.IXOANG.F","Ixodes angustus","IXOANG","species","Ixodidae",,,,"Ixodes",,"angustus",,,"Keirans, J. E., and C. M. Clifford. 1978. The genus Ixodes in the United States: a scanning electron microscope study and key to the adults. Journal of Medical Entomology, 15(Supplement 2):1-38.","GSU_tickIdentification_SOP_2016-11-01.pdf","Neumann","Female",1,"OK","90% ethanol","USNMENT01358882","ABBY_001.20170629.IXOANG.F","Lorenza Beati","Georgia Southern University",
"e19d41e7-46d1-4805-ac3b-09fedd17e817","ABBY_003.tickPlot.tck","ABBY_003","2017-06-29T19:05Z","2018-01-27T17:00Z","ABBY_003.20170629","ABBY_003.20170629.IXOPAC.M","Ixodes pacificus","IXOPAC","species","Ixodidae",,,,"Ixodes",,"pacificus",,,"Keirans, J. E., and C. M. Clifford. 1978. The genus Ixodes in the United States: a scanning electron microscope study and key to the adults. Journal of Medical Entomology, 15(Supplement 2):1-38.","GSU_tickIdentification_SOP_2016-11-01.pdf","Cooley & Kohls","Male",1,"OK","90% ethanol","USNMENT01358884","ABBY_003.20170629.IXOPAC.M","Lorenza Beati","Georgia Southern University",
