uid,namedLocation,domainID,siteID,plotID,plotType,nlcdClass,decimalLatitude,decimalLongitude,geodeticDatum,coordinateUncertainty,elevation,elevationUncertainty,collectDate,eventID,sampleID,sampleCode,samplingMethod,totalSampledArea,targetTaxaPresent,adultCount,nymphCount,larvaCount,sampleCondition,samplingProtocolVersion,measuredBy,remarks
"5e44098f-e48d-4532-bc2f-b66a6791d614","ABBY_005.tickPlot.tck","D16","ABBY","ABBY_005","distributed","shrubScrub",45.771976,-122.388089,"WGS84",20.1,492.2,0.1,"2017-06-06T17:18Z","ABBY.2017.24",,,"drag and flag",162,"N",0,0,0,"No known compromise","NEON.DOC.014045vH","48hv/AdwGIWPxDZycz1ek5cEK4FFchT/Bxrpsdm6akk=","Trees along drag line; plus two meters"
"f9c57ce1-bca3-4c57-8c05-2ef621b576d3","ABBY_002.tickPlot.tck","D16","ABBY","ABBY_002","distributed","grasslandHerbaceous",45.737854,-122.308292,"WGS84",20.1,651.1,0.1,"2017-06-06T17:28Z","ABBY.2017.24",,,"drag and flag",160,"N",0,0,0,,"NEON.DOC.014045vH","ek73KqIvQF8RhLDCLTKMoAaxRWZ9yW3gVzCev5Zm+/g=",
"555f0ae3-75dd-4c91-9513-cd509c8090d0","ABBY_003.tickPlot.tck","D16","ABBY","ABBY_003","distributed","evergreenForest",45.760799,-122.371290,"WGS84",20.1,626.2,0.1,"2017-06-06T18:35Z","ABBY.2017.24",,,"drag and flag",161,"N",0,0,0,"No known compromise","NEON.DOC.014045vH","s/lmw0PcTzR4Bmy/yhclYeu7XYLZW004","Missed corner; plus one meter"
"017d1a26-fb5b-44d6-b6b2-05309795cc62","ABBY_001.tickPlot.tck","D16","ABBY","ABBY_001","distributed","evergreenForest",45.773172,-122.348101,"WGS84",20.1,294.3,0.2,"2017-06-06T19:05Z","ABBY.2017.24","ABBY_001.20170606",,"drag and flag",156,"Y",0,1,0,"No known compromise","NEON.DOC.014045vH","9MpvHR97FuJo4gsLwNb5xoR0ZKgI4SjpD6yX9wK3zYo=","4 meter deviation at North East corner."
"89f8ef6c-cd08-4108-b8e6-12a038d2488e","ABBY_023.tickPlot.tck","D16","ABBY","ABBY_023","distributed","mixedForest",45.745006,-122.383498,"WGS84",20.1,478.7,0.1,"2017-06-06T20:39Z","ABBY.2017.24","ABBY_023.20170606",,"drag and flag",155,"Y",1,1,0,"Distance estimated (described in remarks)","NEON.DOC.014045vH","s/lmw0PcTzR4Bmy/yhclYeu7XYLZW004","Jumped stream; minus 5 meters"
"9799aa7e-a132-4a77-8db4-83154d8444a9","ABBY_006.tickPlot.tck","D16","ABBY","ABBY_006","distributed","evergreenForest",45.752800,-122.297903,"WGS84",20.3,576.4,0.4,"2017-06-06T21:31Z","ABBY.2017.24","ABBY_006.20170606",,"drag and flag",160,"Y",0,1,0,"No known compromise","NEON.DOC.014045vH","9MpvHR97FuJo4gsLwNb5xoR0ZKgI4SjpD6yX9wK3zYo=",
"0e57294f-69b0-41cc-9dbc-dcdcd5a91a83","ABBY_001.tickPlot.tck","D16","ABBY","ABBY_001","distributed","evergreenForest",45.773172,-122.348101,"WGS84",20.1,294.3,0.2,"2017-06-29T08:39Z","ABBY.2017.27","ABBY_001.20170629",,"drag and flag",159,"Y",0,2,0,"No known compromise","NEON.DOC.014045vH","s/lmw0PcTzTZ4XfKEf8KqKw+DAg4XZhpYqIPpOx3wng=",
"a73c80e9-5e6f-453d-ae71-e301da36a5a7","ABBY_023.tickPlot.tck","D16","ABBY","ABBY_023","distributed","mixedForest",45.745006,-122.383498,"WGS84",20.1,478.7,0.1,"2017-06-29T09:00Z","ABBY.2017.27",,,"drag and flag",146,"N",0,0,0,"Distance estimated (described in remarks)","NEON.DOC.014045vH","9MpvHR97FuJo4gsLwNb5xoR0ZKgI4SjpD6yX9wK3zYo=","Stopped short of point 21 because of bees nest"
"97f31401-24b9-48f2-9dc2-aad818cf1f19","ABBY_002.tickPlot.tck","D16","ABBY","ABBY_002","distributed","grasslandHerbaceous",45.737854,-122.308292,"WGS84",20.1,651.1,0.1,"2017-06-29T17:05Z","ABBY.2017.27",,,"drag and flag",160,"N",0,0,0,,"NEON.DOC.014045vH","s/lmw0PcTzTZ4XfKEf8KqKw+DAg4XZhpYqIPpOx3wng=",
"c73a0d4a-71f6-4b7e-a3b3-9a9b3acdc951","ABBY_005.tickPlot.tck","D16","ABBY","ABBY_005","distributed","shrubScrub",45.771976,-122.388089,"WGS84",20.1,492.2,0.1,"2017-06-29T17:39Z","ABBY.2017.27",,,"drag and flag",165,"N",0,0,0,,"NEON.DOC.014045vH","9MpvHR97FuJo4gsLwNb5xoR0ZKgI4SjpD6yX9wK3zYo=",
"08afd58f-095f-4a31-aab5-e9ef9d11fd06","ABBY_006.tickPlot.tck","D16","ABBY","ABBY_006","distributed","evergreenForest",45.752800,-122.297903,"WGS84",20.3,576.4,0.4,"2017-06-29T18:34Z","ABBY.2017.27",,,"drag and flag",160,"N",0,0,0,,"NEON.DOC.014045vH","ek73KqIvQF8RhLDCLTKMoAaxRWZ9yW3gVzCev5Zm+/g=",
"cba98658-611e-445b-869e-3d271375ac57","ABBY_003.tickPlot.tck","D16","ABBY","ABBY_003","distributed","evergreenForest",45.760799,-122.371290,"WGS84",20.1,626.2,0.1,"2017-06-29T19:05Z","ABBY.2017.27","ABBY_003.20170629",,"drag and flag",160,"Y",1,0,0,"No known compromise","NEON.DOC.014045vH","48hv/AdwGIWPxDZycz1ek5cEK4FFchT/Bxrpsdm6akk=",
