uid,namedLocation,date,eventID,domainID,siteID,plotID,subplotID,individualID,tagStatus,growthForm,plantStatus,stemDiameter,measurementHeight,height,baseCrownHeight,breakHeight,breakDiameter,maxCrownDiameter,ninetyCrownDiameter,canopyPosition,shape,basalStemDiameter,basalStemDiameterMsrmntHeight,maxBaseCrownDiameter,ninetyBaseCrownDiameter,remarks,recordedBy,measuredBy,dataQF
"65602f34-30aa-457d-a7e0-1f2fbbbd15e1","HARV_037.basePlot.vst","2016-09-27","vst_HARV_2016","D01","HARV","HARV_037",,"NEON.PLA.D01.HARV.04105","ok","small tree","Live, insect damaged",2.5,130,2.8,,,,,,,,2.0,,,,"Insect damage- hemlock wooly adelgid","XdV86USKkiYZfb6rmwpnK/f2Yah5qnQO","WpWHyjh7ZEbsFcxLGlzbonUvwbNLZ84R","legacyData"
"9857406d-af57-4f31-8945-be22d47f28d6","HARV_037.basePlot.vst","2016-09-27","vst_HARV_2016","D01","HARV","HARV_037",,"NEON.PLA.D01.HARV.05920","ok","single bole tree","Dead, broken bole",15.9,130,5.7,,5.7,12.0,,,,,,,,,"unknown cause of death","XdV86USKkiYZfb6rmwpnK/f2Yah5qnQO","WpWHyjh7ZEbsFcxLGlzbonUvwbNLZ84R","legacyData"
"7ef07fe5-aba3-4aa9-918a-f8833d4736fa","HARV_037.basePlot.vst","2016-09-27","vst_HARV_2016","D01","HARV","HARV_037",,"NEON.PLA.D01.HARV.05926","ok","single bole tree","Live, physically damaged",10.7,130,10.3,,,,,,,,,,,,"Small crack radiating out from tree tag nail","XdV86USKkiYZfb6rmwpnK/f2Yah5qnQO","WpWHyjh7ZEbsFcxLGlzbonUvwbNLZ84R","legacyData"
"65b54d97-6c9f-44ab-a12d-81e41476c3b0","HARV_037.basePlot.vst","2016-09-27","vst_HARV_2016","D01","HARV","HARV_037",,"NEON.PLA.D01.HARV.05919","ok","multi-bole tree","Live, physically damaged",37.4,130,16.8,,,,,,,,,,,,"Scarring on main bole- unknown cause","XdV86USKkiYZfb6rmwpnK/f2Yah5qnQO","WpWHyjh7ZEbsFcxLGlzbonUvwbNLZ84R","legacyData"
"181a0b9e-e53c-4608-ade4-7c41fb9bd8a0","HARV_037.basePlot.vst","2016-09-27","vst_HARV_2016","D01","HARV","HARV_037",,"NEON.PLA.D01.HARV.05903","ok","single bole tree","Live, physically damaged",19.3,130,18.6,,,,,,,,,,,,"Big cracks where tree tags were inserted","XdV86USKkiYZfb6rmwpnK/f2Yah5qnQO","WpWHyjh7ZEbsFcxLGlzbonUvwbNLZ84R","legacyData"
"84a09681-5d7f-455c-bf3d-30a144cdfe6c","HARV_037.basePlot.vst","2016-09-27","vst_HARV_2016","D01","HARV","HARV_037",,"NEON.PLA.D01.HARV.05999","ok","sapling","Standing dead",,,1.4,,,,,,,,1.2,10,,,"Unknown cause of death","XdV86USKkiYZfb6rmwpnK/f2Yah5qnQO","WpWHyjh7ZEbsFcxLGlzbonUvwbNLZ84R","legacyData"
"34bf8e7f-bb6e-4e32-97b1-cbb7cadc9185","HARV_037.basePlot.vst","2016-09-27","vst_HARV_2016","D01","HARV","HARV_037",,"NEON.PLA.D01.HARV.05186","ok","single bole tree","Live, insect damaged",59.5,130,20.8,,,,,,,,,,,,"has hemlock wooly adelgid","XdV86USKkiYZfb6rmwpnK/f2Yah5qnQO","WpWHyjh7ZEbsFcxLGlzbonUvwbNLZ84R","legacyData"
"d940d850-5419-4bae-9624-b74ae414a0ce","HARV_037.basePlot.vst","2016-09-27","vst_HARV_2016","D01","HARV","HARV_037",,"NEON.PLA.D01.HARV.10382","ok","sapling","Live, insect damaged",,,1.6,,,,,,,,1.8,10,,,"Insect damage- hemlock wooly adelgid","XdV86USKkiYZfb6rmwpnK/f2Yah5qnQO","WpWHyjh7ZEbsFcxLGlzbonUvwbNLZ84R","legacyData"
"b83f8775-dafa-4b81-93d3-9baee6615c60","HARV_037.basePlot.vst","2016-09-27","vst_HARV_2016","D01","HARV","HARV_037",,"NEON.PLA.D01.HARV.05924","ok","single bole tree","Live, insect damaged",20.0,130,6.2,,,,,,,,,,,,"Has hemlock wooly adelgid","XdV86USKkiYZfb6rmwpnK/f2Yah5qnQO","WpWHyjh7ZEbsFcxLGlzbonUvwbNLZ84R","legacyData"
"cc9202a5-9d13-4751-92b3-00daf1891b9f","HARV_037.basePlot.vst","2016-09-27","vst_HARV_2016","D01","HARV","HARV_037",,"NEON.PLA.D01.HARV.05917","ok","single bole tree","Live, insect damaged",11.4,130,7.3,,,,,,,,,,,,"Has hemlock wooly adelgid","XdV86USKkiYZfb6rmwpnK/f2Yah5qnQO","WpWHyjh7ZEbsFcxLGlzbonUvwbNLZ84R","legacyData"
"918c1975-6b34-4aab-a373-289e48d1603c","HARV_037.basePlot.vst","2016-09-27","vst_HARV_2016","D01","HARV","HARV_037",,"NEON.PLA.D01.HARV.04102","ok","sapling","Live, insect damaged",,,2.0,,,,,,,,2.0,10,,,"Insect damage- hemlock wooly adelgid","XdV86USKkiYZfb6rmwpnK/f2Yah5qnQO","WpWHyjh7ZEbsFcxLGlzbonUvwbNLZ84R","legacyData"
"f527a874-d5ab-4c1f-9998-3c87c22dfb94","HARV_037.basePlot.vst","2016-09-27","vst_HARV_2016","D01","HARV","HARV_037",,"NEON.PLA.D01.HARV.05995","ok","sapling","Live, insect damaged",,,0.9,,,,,,,,2.4,10,,,"Insect damage- hemlock wooly adelgid","XdV86USKkiYZfb6rmwpnK/f2Yah5qnQO","WpWHyjh7ZEbsFcxLGlzbonUvwbNLZ84R","legacyData"
"969ca7ff-7acf-482b-9c15-ac6c901ce983","HARV_037.basePlot.vst","2016-09-27","vst_HARV_2016","D01","HARV","HARV_037",,"NEON.PLA.D01.HARV.05187","ok","single bole tree","Live",21.0,130,15.9,,,,,,,,,,,,,"XdV86USKkiYZfb6rmwpnK/f2Yah5qnQO","WpWHyjh7ZEbsFcxLGlzbonUvwbNLZ84R","legacyData"
"2b6e8bc0-8f43-4094-bccc-72619a125bf7","HARV_037.basePlot.vst","2016-09-27","vst_HARV_2016","D01","HARV","HARV_037",,"NEON.PLA.D01.HARV.05169","ok","single bole tree","Live, insect damaged",13.2,130,5.9,,,,,,,,4.0,,,,"Has hemlock wooly adelgid","XdV86USKkiYZfb6rmwpnK/f2Yah5qnQO","WpWHyjh7ZEbsFcxLGlzbonUvwbNLZ84R","legacyData"
"86077adc-a5c2-4651-bf8e-fce5c89d6eab","HARV_037.basePlot.vst","2016-09-27","vst_HARV_2016","D01","HARV","HARV_037",,"NEON.PLA.D01.HARV.05175","ok","single bole tree","Live, insect damaged",41.2,130,21.8,,,,,,,,,,,,"has hemlock wooly adelgid","XdV86USKkiYZfb6rmwpnK/f2Yah5qnQO","WpWHyjh7ZEbsFcxLGlzbonUvwbNLZ84R","legacyData"
"4640fb2b-0add-427f-99d6-7d9c0ac0c80e","HARV_037.basePlot.vst","2016-09-27","vst_HARV_2016","D01","HARV","HARV_037",,"NEON.PLA.D01.HARV.05913","ok","single bole tree","No longer qualifies",,,,,,,,,,,,,,,"Fell over. Now it is coarse downed wood.","XdV86USKkiYZfb6rmwpnK/f2Yah5qnQO","WpWHyjh7ZEbsFcxLGlzbonUvwbNLZ84R","legacyData"
"fa819cfd-7b49-400a-9ea6-baff42c3fa92","HARV_037.basePlot.vst","2016-09-27","vst_HARV_2016","D01","HARV","HARV_037",,"NEON.PLA.D01.HARV.05180","ok","single bole tree","Live, insect damaged",41.8,130,24.6,,,,,,,,22.9,,,,"Has hemlock wooly adelgid","XdV86USKkiYZfb6rmwpnK/f2Yah5qnQO","WpWHyjh7ZEbsFcxLGlzbonUvwbNLZ84R","legacyData"
"ac501930-616f-406a-a445-853615f25f98","HARV_037.basePlot.vst","2016-09-27","vst_HARV_2016","D01","HARV","HARV_037",,"NEON.PLA.D01.HARV.05925","ok","single bole tree","Live",27.8,130,17.0,,,,,,,,15.0,,,,,"XdV86USKkiYZfb6rmwpnK/f2Yah5qnQO","WpWHyjh7ZEbsFcxLGlzbonUvwbNLZ84R","legacyData"
"2970b144-1128-4770-8eda-fb757ff71844","HARV_037.basePlot.vst","2016-09-27","vst_HARV_2016","D01","HARV","HARV_037",,"NEON.PLA.D01.HARV.05976","ok","sapling","Standing dead",,,1.0,,,,,,,,1.5,10,,,"Unknown cause of death","XdV86USKkiYZfb6rmwpnK/f2Yah5qnQO","WpWHyjh7ZEbsFcxLGlzbonUvwbNLZ84R","legacyData"
"ad8d22c9-43fc-404e-9c44-fc9f09706450","HARV_037.basePlot.vst","2016-09-27","vst_HARV_2016","D01","HARV","HARV_037",,"NEON.PLA.D01.HARV.04106","ok","sapling","Standing dead",,,0.9,,,,,,,,1.0,10,,,"Unknown cause of death","XdV86USKkiYZfb6rmwpnK/f2Yah5qnQO","WpWHyjh7ZEbsFcxLGlzbonUvwbNLZ84R","legacyData"
"dd6aa72f-aeef-4e54-9376-cea45822e4fd","HARV_037.basePlot.vst","2016-09-27","vst_HARV_2016","D01","HARV","HARV_037",,"NEON.PLA.D01.HARV.06000","ok","sapling","Live, insect damaged",,,1.8,,,,,,,,1.8,10,,,"Insect damage- hemlock wooly adelgid","XdV86USKkiYZfb6rmwpnK/f2Yah5qnQO","WpWHyjh7ZEbsFcxLGlzbonUvwbNLZ84R","legacyData"
"fd217bc2-975b-4efe-bab9-65a06ed4b809","HARV_037.basePlot.vst","2016-09-27","vst_HARV_2016","D01","HARV","HARV_037",,"NEON.PLA.D01.HARV.05912A","ok","multi-bole tree","Live, physically damaged",14.8,130,,,,,,,,,,,,,"Bole has a longitudinal crack","XdV86USKkiYZfb6rmwpnK/f2Yah5qnQO","WpWHyjh7ZEbsFcxLGlzbonUvwbNLZ84R","legacyData"
"819129a0-33ee-4945-943a-27f2acf704c7","HARV_037.basePlot.vst","2016-09-27","vst_HARV_2016","D01","HARV","HARV_037",,"NEON.PLA.D01.HARV.05981","ok","small tree","Standing dead",3.8,130,5.0,,,,,,,,,,,,"Unknown cause of death","XdV86USKkiYZfb6rmwpnK/f2Yah5qnQO","WpWHyjh7ZEbsFcxLGlzbonUvwbNLZ84R","legacyData"
"9ef41638-7f03-4e1f-ad50-fa6d180fbef2","HARV_037.basePlot.vst","2016-09-27","vst_HARV_2016","D01","HARV","HARV_037",,"NEON.PLA.D01.HARV.05910","ok","multi-bole tree","Live",30.4,130,20.4,,,,,,,,,,,,,"XdV86USKkiYZfb6rmwpnK/f2Yah5qnQO","WpWHyjh7ZEbsFcxLGlzbonUvwbNLZ84R","legacyData"
"ce42c401-7fbf-45f1-90d9-69da682ad5b5","HARV_037.basePlot.vst","2016-09-27","vst_HARV_2016","D01","HARV","HARV_037",,"NEON.PLA.D01.HARV.05927","ok","single bole tree","Live",23.2,130,16.5,,,,,,,,,,,,,"XdV86USKkiYZfb6rmwpnK/f2Yah5qnQO","WpWHyjh7ZEbsFcxLGlzbonUvwbNLZ84R","legacyData"
"e6f45ad8-5b57-4acb-939e-332b6bea35b4","HARV_037.basePlot.vst","2016-09-27","vst_HARV_2016","D01","HARV","HARV_037",,"NEON.PLA.D01.HARV.05188","ok","single bole tree","Live",20.3,130,19.9,,,,,,,,,,,,,"XdV86USKkiYZfb6rmwpnK/f2Yah5qnQO","WpWHyjh7ZEbsFcxLGlzbonUvwbNLZ84R","legacyData"
"777203b4-b268-4a6b-ae1b-d11368523a2a","HARV_037.basePlot.vst","2016-09-27","vst_HARV_2016","D01","HARV","HARV_037",,"NEON.PLA.D01.HARV.05967","ok","small tree","Live, insect damaged",2.7,130,2.0,,,,,,,,,,,,"insect damage- hemlock wooly adelgid","XdV86USKkiYZfb6rmwpnK/f2Yah5qnQO","WpWHyjh7ZEbsFcxLGlzbonUvwbNLZ84R","legacyData"
"cfa3ddb5-3368-485f-a82b-9f07fa9c5992","HARV_037.basePlot.vst","2016-09-27","vst_HARV_2016","D01","HARV","HARV_037",,"NEON.PLA.D01.HARV.04104","ok","sapling","Standing dead",,,0.8,,,,,,,,1.2,10,,,"Unknown cause of death","XdV86USKkiYZfb6rmwpnK/f2Yah5qnQO","WpWHyjh7ZEbsFcxLGlzbonUvwbNLZ84R","legacyData"
"217a5237-c0f6-418a-8cd9-f992df9f45b4","HARV_037.basePlot.vst","2016-09-27","vst_HARV_2016","D01","HARV","HARV_037",,"NEON.PLA.D01.HARV.05977","ok","sapling","Standing dead",,,1.0,,,,,,,,1.3,10,,,"Unknown cause of death","XdV86USKkiYZfb6rmwpnK/f2Yah5qnQO","WpWHyjh7ZEbsFcxLGlzbonUvwbNLZ84R","legacyData"
"ee2ec1c8-b888-4496-9f52-048a3b7505f5","HARV_037.basePlot.vst","2016-09-27","vst_HARV_2016","D01","HARV","HARV_037",,"NEON.PLA.D01.HARV.05200","ok","single bole tree","Dead, broken bole",30.5,130,7.9,,6.9,23.0,,,,,,,,,"Had 2 stems in 2014 but only 1 stem in 2016","XdV86USKkiYZfb6rmwpnK/f2Yah5qnQO","WpWHyjh7ZEbsFcxLGlzbonUvwbNLZ84R","legacyData"
"88c06bf9-69ae-4565-ae51-13b87752c52b","HARV_037.basePlot.vst","2016-09-27","vst_HARV_2016","D01","HARV","HARV_037",,"NEON.PLA.D01.HARV.05904","ok","single bole tree","Live, insect damaged",11.9,130,5.7,,,,,,,,,,,,"Has hemlock wooly adelgid","XdV86USKkiYZfb6rmwpnK/f2Yah5qnQO","WpWHyjh7ZEbsFcxLGlzbonUvwbNLZ84R","legacyData"
"496befd0-39a1-4fcf-8320-ab8a3342a6eb","HARV_037.basePlot.vst","2016-09-27","vst_HARV_2016","D01","HARV","HARV_037",,"NEON.PLA.D01.HARV.05992","ok","small tree","Standing dead",2.1,130,3.7,,,,,,,,,,,,"Unknown cause of death","XdV86USKkiYZfb6rmwpnK/f2Yah5qnQO","WpWHyjh7ZEbsFcxLGlzbonUvwbNLZ84R","legacyData"
"34184772-7ba6-4075-9978-81fb52e007b4","HARV_037.basePlot.vst","2016-09-27","vst_HARV_2016","D01","HARV","HARV_037",,"NEON.PLA.D01.HARV.05191","ok","single bole tree","Live, insect damaged",15.0,130,6.6,,,,,,,,,,,,"Some large branches have broken off. Has hemlock wooly adelgid.","XdV86USKkiYZfb6rmwpnK/f2Yah5qnQO","WpWHyjh7ZEbsFcxLGlzbonUvwbNLZ84R","legacyData"
"7d8710a2-018e-4d47-9519-24047f1a36bb","HARV_037.basePlot.vst","2016-09-27","vst_HARV_2016","D01","HARV","HARV_037",,"NEON.PLA.D01.HARV.05177","ok","single bole tree","Live, insect damaged",41.4,130,19.7,,,,,,,,18.0,,,,"Has hemlock wooly adelgid","XdV86USKkiYZfb6rmwpnK/f2Yah5qnQO","WpWHyjh7ZEbsFcxLGlzbonUvwbNLZ84R","legacyData"
"51306f43-0bef-4f75-b114-0694939ddc34","HARV_037.basePlot.vst","2016-09-27","vst_HARV_2016","D01","HARV","HARV_037",,"NEON.PLA.D01.HARV.05921","ok","single bole tree","Live, insect damaged",20.2,130,7.7,,,,,,,,,,,,"Has hemlock wooly adelgid","XdV86USKkiYZfb6rmwpnK/f2Yah5qnQO","WpWHyjh7ZEbsFcxLGlzbonUvwbNLZ84R","legacyData"
"fd3a091a-54a1-40a7-8a39-538530edf49d","HARV_037.basePlot.vst","2016-09-27","vst_HARV_2016","D01","HARV","HARV_037",,"NEON.PLA.D01.HARV.05910A","ok","multi-bole tree","Live",29.7,130,,,,,,,,,,,,,,"XdV86USKkiYZfb6rmwpnK/f2Yah5qnQO","WpWHyjh7ZEbsFcxLGlzbonUvwbNLZ84R","legacyData"
"d8e43f40-9289-406a-a0aa-8ad14c319998","HARV_037.basePlot.vst","2016-09-27","vst_HARV_2016","D01","HARV","HARV_037",,"NEON.PLA.D01.HARV.05185","ok","single bole tree","Standing dead",24.6,130,9.7,,,,,,,,,,,,"cause of death unknown","XdV86USKkiYZfb6rmwpnK/f2Yah5qnQO","WpWHyjh7ZEbsFcxLGlzbonUvwbNLZ84R","legacyData"
"9c03e971-3fc7-49a2-b20c-1865b49c598b","HARV_037.basePlot.vst","2016-09-27","vst_HARV_2016","D01","HARV","HARV_037",,"NEON.PLA.D01.HARV.05199A","ok","multi-bole tree","Live, insect damaged",38.3,190,,,,,,,,,,,,,"Has hemlock wooly adelgid","XdV86USKkiYZfb6rmwpnK/f2Yah5qnQO","WpWHyjh7ZEbsFcxLGlzbonUvwbNLZ84R","legacyData"
"1af01ebe-555a-46f3-85dc-2d250f36aa4f","HARV_037.basePlot.vst","2016-09-27","vst_HARV_2016","D01","HARV","HARV_037",,"NEON.PLA.D01.HARV.05196","ok","single bole tree","Live",19.8,130,14.3,,,,,,,,,,,,,"XdV86USKkiYZfb6rmwpnK/f2Yah5qnQO","WpWHyjh7ZEbsFcxLGlzbonUvwbNLZ84R","legacyData"
"5766ce5e-5464-4d16-b803-56034b912f91","HARV_037.basePlot.vst","2016-09-27","vst_HARV_2016","D01","HARV","HARV_037",,"NEON.PLA.D01.HARV.05178","ok","single bole tree","Live, insect damaged",46.6,130,21.7,,,,,,,,,,,,"Has hemlock wooly adelgid","XdV86USKkiYZfb6rmwpnK/f2Yah5qnQO","WpWHyjh7ZEbsFcxLGlzbonUvwbNLZ84R","legacyData"
"b8b06cef-82ef-4f2c-b011-1de96da9d864","HARV_037.basePlot.vst","2016-09-27","vst_HARV_2016","D01","HARV","HARV_037",,"NEON.PLA.D01.HARV.05901","ok","single bole tree","Live, insect damaged",25.7,130,17.9,,,,,,,,,,,,"Has hemlock wooly adelgid","XdV86USKkiYZfb6rmwpnK/f2Yah5qnQO","WpWHyjh7ZEbsFcxLGlzbonUvwbNLZ84R","legacyData"
"c87e25af-4130-4a31-8199-11493d5c5dc2","HARV_037.basePlot.vst","2016-09-27","vst_HARV_2016","D01","HARV","HARV_037",,"NEON.PLA.D01.HARV.10380","ok","sapling","Standing dead",,,1.2,,,,,,,,1.0,10,,,"Unknown cause of death","XdV86USKkiYZfb6rmwpnK/f2Yah5qnQO","WpWHyjh7ZEbsFcxLGlzbonUvwbNLZ84R","legacyData"
"8d16cc04-fd36-4040-81d1-c80b8839dfeb","HARV_037.basePlot.vst","2016-09-27","vst_HARV_2016","D01","HARV","HARV_037",,"NEON.PLA.D01.HARV.05918","ok","single bole tree","Live",18.0,130,16.8,,,,,,,,,,,,,"XdV86USKkiYZfb6rmwpnK/f2Yah5qnQO","WpWHyjh7ZEbsFcxLGlzbonUvwbNLZ84R","legacyData"
"7a2c3671-00ca-468f-88e8-86f565aefa83","HARV_037.basePlot.vst","2016-09-27","vst_HARV_2016","D01","HARV","HARV_037",,"NEON.PLA.D01.HARV.09559","ok","single bole tree","Live, insect damaged",13.5,130,7.7,,,,,,,,,,,,"Hemlock wooly adelgid","XdV86USKkiYZfb6rmwpnK/f2Yah5qnQO","WpWHyjh7ZEbsFcxLGlzbonUvwbNLZ84R","legacyData"
"c5c2504d-13c5-4b25-9579-8ed490beb125","HARV_037.basePlot.vst","2016-09-27","vst_HARV_2016","D01","HARV","HARV_037",,"NEON.PLA.D01.HARV.05182","ok","single bole tree","Live, insect damaged",34.7,130,21.1,,,,,,,,,,,,"has hemlock wooly adelgid","XdV86USKkiYZfb6rmwpnK/f2Yah5qnQO","WpWHyjh7ZEbsFcxLGlzbonUvwbNLZ84R","legacyData"
"c701d978-f527-4aca-8131-bec99ff8de4e","HARV_037.basePlot.vst","2016-09-27","vst_HARV_2016","D01","HARV","HARV_037",,"NEON.PLA.D01.HARV.05909","ok","single bole tree","Live, insect damaged",14.8,130,8.7,,,,,,,,,,,,"Has hemlock wooly adelgid","XdV86USKkiYZfb6rmwpnK/f2Yah5qnQO","WpWHyjh7ZEbsFcxLGlzbonUvwbNLZ84R","legacyData"
"3cfd7ecf-0c60-45f7-8a34-998c23378d57","HARV_037.basePlot.vst","2016-09-27","vst_HARV_2016","D01","HARV","HARV_037",,"NEON.PLA.D01.HARV.05198","ok","single bole tree","Live",31.9,130,19.8,,,,,,,,,,,,,"XdV86USKkiYZfb6rmwpnK/f2Yah5qnQO","WpWHyjh7ZEbsFcxLGlzbonUvwbNLZ84R","legacyData"
"50e8ad84-4de3-4e76-bd47-e3cba590d500","HARV_037.basePlot.vst","2016-09-27","vst_HARV_2016","D01","HARV","HARV_037",,"NEON.PLA.D01.HARV.10383","ok","sapling","Live, insect damaged",,,1.4,,,,,,,,1.2,10,,,"Insect damage- hemlock wooly adelgid","XdV86USKkiYZfb6rmwpnK/f2Yah5qnQO","WpWHyjh7ZEbsFcxLGlzbonUvwbNLZ84R","legacyData"
"64e12066-8997-4542-b561-34c54bf6ff91","HARV_037.basePlot.vst","2016-09-27","vst_HARV_2016","D01","HARV","HARV_037",,"NEON.PLA.D01.HARV.05171","ok","single bole tree","Live, insect damaged",37.9,130,22.0,,,,,,,,,,,,"Has hemlock wooly adelgid","XdV86USKkiYZfb6rmwpnK/f2Yah5qnQO","WpWHyjh7ZEbsFcxLGlzbonUvwbNLZ84R","legacyData"
"f5e470f4-7a08-4ab2-994f-1c34d79be25b","HARV_037.basePlot.vst","2016-09-27","vst_HARV_2016","D01","HARV","HARV_037",,"NEON.PLA.D01.HARV.05905","ok","single bole tree","Live",22.5,130,17.8,,,,,,,,,,,,,"XdV86USKkiYZfb6rmwpnK/f2Yah5qnQO","WpWHyjh7ZEbsFcxLGlzbonUvwbNLZ84R","legacyData"
"e5f9b4a0-8afc-4046-95df-ecaa10804993","HARV_037.basePlot.vst","2016-09-27","vst_HARV_2016","D01","HARV","HARV_037",,"NEON.PLA.D01.HARV.05990","ok","small tree","Live, insect damaged",4.3,130,4.0,,,,,,,,,,,,"Insect damage- hemlock wooly adelgid","XdV86USKkiYZfb6rmwpnK/f2Yah5qnQO","WpWHyjh7ZEbsFcxLGlzbonUvwbNLZ84R","legacyData"
"498439d9-8718-4ce2-9c66-49bf46396e7d","HARV_037.basePlot.vst","2016-09-27","vst_HARV_2016","D01","HARV","HARV_037",,"NEON.PLA.D01.HARV.09560","ok","small tree","Standing dead",1.6,130,2.6,,,,,,,,,,,,"Unknown cause of death","XdV86USKkiYZfb6rmwpnK/f2Yah5qnQO","WpWHyjh7ZEbsFcxLGlzbonUvwbNLZ84R","legacyData"
"81427809-359e-4d9b-af7d-5caeb3d4bd51","HARV_037.basePlot.vst","2016-09-27","vst_HARV_2016","D01","HARV","HARV_037",,"NEON.PLA.D01.HARV.05908","ok","single bole tree","Live",16.9,130,15.9,,,,,,,,,,,,,"XdV86USKkiYZfb6rmwpnK/f2Yah5qnQO","WpWHyjh7ZEbsFcxLGlzbonUvwbNLZ84R","legacyData"
"9d786be2-ef99-46f0-b9e2-9fc64b90923a","HARV_037.basePlot.vst","2016-09-27","vst_HARV_2016","D01","HARV","HARV_037",,"NEON.PLA.D01.HARV.05176","ok","single bole tree","Live, insect damaged",36.9,130,23.5,,,,,,,,,,,,"Has hemlock wooly adelgid","XdV86USKkiYZfb6rmwpnK/f2Yah5qnQO","WpWHyjh7ZEbsFcxLGlzbonUvwbNLZ84R","legacyData"
"fa76ffaf-b29a-4c5b-ada6-7fb80bca48ec","HARV_037.basePlot.vst","2016-09-27","vst_HARV_2016","D01","HARV","HARV_037",,"NEON.PLA.D01.HARV.10381","ok","sapling","Standing dead",,,1.2,,,,,,,,1.2,10,,,"Cause of death unknown","XdV86USKkiYZfb6rmwpnK/f2Yah5qnQO","WpWHyjh7ZEbsFcxLGlzbonUvwbNLZ84R","legacyData"
"22fec877-d794-40fb-b3b3-2c19cc10445b","HARV_037.basePlot.vst","2016-09-27","vst_HARV_2016","D01","HARV","HARV_037",,"NEON.PLA.D01.HARV.05986","ok","sapling","Standing dead",,,1.8,,,,,,,,1.4,10,,,"Unknown cause of death","XdV86USKkiYZfb6rmwpnK/f2Yah5qnQO","WpWHyjh7ZEbsFcxLGlzbonUvwbNLZ84R","legacyData"
"3fd5baa6-2c2a-4219-a4e6-1ea2cdb1d68e","HARV_037.basePlot.vst","2016-09-27","vst_HARV_2016","D01","HARV","HARV_037",,"NEON.PLA.D01.HARV.05994","ok","small tree","Live, insect damaged",1.8,130,2.5,,,,,,,,2.0,,,,"Insect damage- hemlock wooly adelgid","XdV86USKkiYZfb6rmwpnK/f2Yah5qnQO","WpWHyjh7ZEbsFcxLGlzbonUvwbNLZ84R","legacyData"
"b7a58d54-886d-419c-aa6d-7815c1098e55","HARV_037.basePlot.vst","2016-09-27","vst_HARV_2016","D01","HARV","HARV_037",,"NEON.PLA.D01.HARV.05199","ok","multi-bole tree","Live, insect damaged",46.7,190,24.7,,,,,,,,,,,,"Has hemlock wooly adelgid","XdV86USKkiYZfb6rmwpnK/f2Yah5qnQO","WpWHyjh7ZEbsFcxLGlzbonUvwbNLZ84R","legacyData"
"a37e2538-b0a4-4d29-809b-f8f52fc8d4ef","HARV_037.basePlot.vst","2016-09-27","vst_HARV_2016","D01","HARV","HARV_037",,"NEON.PLA.D01.HARV.05989","ok","small tree","Live, insect damaged",1.3,130,1.9,,,,,,,,,,,,"Insect damage- hemlock wooly adelgid","XdV86USKkiYZfb6rmwpnK/f2Yah5qnQO","WpWHyjh7ZEbsFcxLGlzbonUvwbNLZ84R","legacyData"
"28ebf60e-5aa0-49ef-af15-f97d935827cd","HARV_037.basePlot.vst","2016-09-27","vst_HARV_2016","D01","HARV","HARV_037",,"NEON.PLA.D01.HARV.05194","ok","single bole tree","Live",23.3,130,16.3,,,,,,,,,,,,,"XdV86USKkiYZfb6rmwpnK/f2Yah5qnQO","WpWHyjh7ZEbsFcxLGlzbonUvwbNLZ84R","legacyData"
"f6631d35-ad07-4887-8c8f-9a78b5af0984","HARV_037.basePlot.vst","2016-09-27","vst_HARV_2016","D01","HARV","HARV_037",,"NEON.PLA.D01.HARV.05919A","ok","multi-bole tree","Dead, broken bole",26.5,130,9.9,,9.9,10.0,,,,,,,,,"Unknown cause of death","XdV86USKkiYZfb6rmwpnK/f2Yah5qnQO","WpWHyjh7ZEbsFcxLGlzbonUvwbNLZ84R","legacyData"
"40bd1f14-5e1d-46ed-b61c-6c09892d0930","HARV_037.basePlot.vst","2016-09-27","vst_HARV_2016","D01","HARV","HARV_037",,"NEON.PLA.D01.HARV.05902","ok","single bole tree","Live, insect damaged",46.3,130,24.8,,,,,,,,,,,,"Has hemlock wooly adelgid","XdV86USKkiYZfb6rmwpnK/f2Yah5qnQO","WpWHyjh7ZEbsFcxLGlzbonUvwbNLZ84R","legacyData"
"b755aca8-4692-4780-864c-50b44e979993","HARV_037.basePlot.vst","2016-09-27","vst_HARV_2016","D01","HARV","HARV_037",,"NEON.PLA.D01.HARV.05184","ok","single bole tree","Dead, broken bole",21.7,190,8.0,,7.5,12.0,,,,,,,,,"The second break height is at 1.2 m and its diameter is 35 cm. This was a multi-boled tree. the larger bole had fallen off. the larger bole corresponds to the second break measurements. cause of death unknown","XdV86USKkiYZfb6rmwpnK/f2Yah5qnQO","WpWHyjh7ZEbsFcxLGlzbonUvwbNLZ84R","legacyData"
"b37a5456-667a-4453-acd1-5c244b5182b6","HARV_037.basePlot.vst","2016-09-27","vst_HARV_2016","D01","HARV","HARV_037",,"NEON.PLA.D01.HARV.05987","ok","sapling","Standing dead",,,1.6,,,,,,,,1.6,10,,,"Unknown cause of death","XdV86USKkiYZfb6rmwpnK/f2Yah5qnQO","WpWHyjh7ZEbsFcxLGlzbonUvwbNLZ84R","legacyData"
"22deff8b-3b0c-4ec4-bb0f-3359a35b839c","HARV_037.basePlot.vst","2016-09-27","vst_HARV_2016","D01","HARV","HARV_037",,"NEON.PLA.D01.HARV.10379","ok","sapling","Standing dead",,,1.2,,,,,,,,1.2,10,,,"Unknown cause of death","XdV86USKkiYZfb6rmwpnK/f2Yah5qnQO","WpWHyjh7ZEbsFcxLGlzbonUvwbNLZ84R","legacyData"
"3df2103a-c6e4-4cf8-a03f-353d04be7f42","HARV_037.basePlot.vst","2016-09-27","vst_HARV_2016","D01","HARV","HARV_037",,"NEON.PLA.D01.HARV.05991","ok","small tree","Standing dead",1.2,130,2.1,,,,,,,,,,,,"Unknown cause of death","XdV86USKkiYZfb6rmwpnK/f2Yah5qnQO","WpWHyjh7ZEbsFcxLGlzbonUvwbNLZ84R","legacyData"
"91a14511-b532-4d1b-b3f0-c96ca14b2645","HARV_037.basePlot.vst","2016-09-27","vst_HARV_2016","D01","HARV","HARV_037",,"NEON.PLA.D01.HARV.05189","ok","single bole tree","Live, insect damaged",37.9,130,20.0,,,,,,,,,,,,"Has hemlock wooly adelgid","XdV86USKkiYZfb6rmwpnK/f2Yah5qnQO","WpWHyjh7ZEbsFcxLGlzbonUvwbNLZ84R","legacyData"
"c6144696-49db-42e6-a30f-9cf66b6cf9ff","HARV_037.basePlot.vst","2016-09-27","vst_HARV_2016","D01","HARV","HARV_037",,"NEON.PLA.D01.HARV.05906","ok","single bole tree","Standing dead",18.1,130,9.9,,,,,,,,,,,,,"XdV86USKkiYZfb6rmwpnK/f2Yah5qnQO","WpWHyjh7ZEbsFcxLGlzbonUvwbNLZ84R","legacyData"
"905792bf-47bf-42f9-866d-2511759491db","HARV_037.basePlot.vst","2016-09-27","vst_HARV_2016","D01","HARV","HARV_037",,"NEON.PLA.D01.HARV.05984","ok","small tree","Standing dead",2.2,130,2.8,,,,,,,,,,,,"Unknown cause of death","XdV86USKkiYZfb6rmwpnK/f2Yah5qnQO","WpWHyjh7ZEbsFcxLGlzbonUvwbNLZ84R","legacyData"
"67bb9952-c569-4c29-a3fe-25be63bb968d","HARV_037.basePlot.vst","2016-09-27","vst_HARV_2016","D01","HARV","HARV_037",,"NEON.PLA.D01.HARV.05912","ok","multi-bole tree","Live, physically damaged",27.1,130,20.5,,,,,,,,,,,,"Bole has a longitudinal crack","XdV86USKkiYZfb6rmwpnK/f2Yah5qnQO","WpWHyjh7ZEbsFcxLGlzbonUvwbNLZ84R","legacyData"
"b5163c13-facd-4210-a378-31a5113d1ea8","HARV_037.basePlot.vst","2016-09-27","vst_HARV_2016","D01","HARV","HARV_037",,"NEON.PLA.D01.HARV.05195","ok","single bole tree","Live, insect damaged",37.5,130,17.3,,,,,,,,,,,,"Has hemlock wooly adelgid","XdV86USKkiYZfb6rmwpnK/f2Yah5qnQO","WpWHyjh7ZEbsFcxLGlzbonUvwbNLZ84R","legacyData"
"17f850cc-fed1-4e48-b9db-5e594b63edd6","HARV_037.basePlot.vst","2016-09-27","vst_HARV_2016","D01","HARV","HARV_037",,"NEON.PLA.D01.HARV.05181","ok","single bole tree","Live",29.2,130,22.2,,,,,,,,,,,,,"XdV86USKkiYZfb6rmwpnK/f2Yah5qnQO","WpWHyjh7ZEbsFcxLGlzbonUvwbNLZ84R","legacyData"
"32ad6241-e62e-4180-97b1-da430a6ca494","HARV_037.basePlot.vst","2016-09-27","vst_HARV_2016","D01","HARV","HARV_037",,"NEON.PLA.D01.HARV.05192","ok","single bole tree","Live, insect damaged",51.5,130,18.4,,,,,,,,,,,,"Has hemlock wooly adelgid","XdV86USKkiYZfb6rmwpnK/f2Yah5qnQO","WpWHyjh7ZEbsFcxLGlzbonUvwbNLZ84R","legacyData"
"ea5fca0c-8c0f-43b6-8e95-da45f78c6ffe","HARV_037.basePlot.vst","2016-09-27","vst_HARV_2016","D01","HARV","HARV_037",,"NEON.PLA.D01.HARV.05173","ok","single bole tree","Live, insect damaged",30.9,130,21.8,,,,,,,,,,,,"Has hemlock wooly adelgid","XdV86USKkiYZfb6rmwpnK/f2Yah5qnQO","WpWHyjh7ZEbsFcxLGlzbonUvwbNLZ84R","legacyData"
"f2c1981a-5791-4623-a5eb-7ceb2eacb1a1","HARV_037.basePlot.vst","2016-09-27","vst_HARV_2016","D01","HARV","HARV_037",,"NEON.PLA.D01.HARV.09555","ok","small tree","Live, insect damaged",6.7,130,4.6,,,,,,,,,,,,"Has hemlock wooly adelgid","XdV86USKkiYZfb6rmwpnK/f2Yah5qnQO","WpWHyjh7ZEbsFcxLGlzbonUvwbNLZ84R","legacyData"
"22e0064a-69bc-4eec-9322-ac9cfefa61d7","HARV_037.basePlot.vst","2016-09-27","vst_HARV_2016","D01","HARV","HARV_037",,"NEON.PLA.D01.HARV.05914","ok","single bole tree","Dead, broken bole",11.5,130,1.6,,1.5,8.5,,,,,,,,,,"XdV86USKkiYZfb6rmwpnK/f2Yah5qnQO","WpWHyjh7ZEbsFcxLGlzbonUvwbNLZ84R","legacyData"
"e2b297c6-5a90-4eb7-807e-2a48e4180996","HARV_037.basePlot.vst","2016-09-27","vst_HARV_2016","D01","HARV","HARV_037",,"NEON.PLA.D01.HARV.10385","ok","small tree","Live, insect damaged",1.4,130,1.9,,,,,,,,,,,,"Insect damage- hemlock wooly adelgid","XdV86USKkiYZfb6rmwpnK/f2Yah5qnQO","WpWHyjh7ZEbsFcxLGlzbonUvwbNLZ84R","legacyData"
"b1b0f5f0-afc6-4c11-854b-4dc5eb82018a","HARV_037.basePlot.vst","2016-09-27","vst_HARV_2016","D01","HARV","HARV_037",,"NEON.PLA.D01.HARV.05170","ok","single bole tree","Live, insect damaged",25.4,130,20.0,,,,,,,,,,,,"Has hemlock wooly adelgid","XdV86USKkiYZfb6rmwpnK/f2Yah5qnQO","WpWHyjh7ZEbsFcxLGlzbonUvwbNLZ84R","legacyData"
"3b5cc2e6-ae72-443d-bb74-c1ee96075de0","HARV_037.basePlot.vst","2016-09-27","vst_HARV_2016","D01","HARV","HARV_037",,"NEON.PLA.D01.HARV.05978","ok","small tree","Live, insect damaged",4.2,130,5.5,,,,,,,,,,,,"insect damage- hemlock wooly adelgid","XdV86USKkiYZfb6rmwpnK/f2Yah5qnQO","WpWHyjh7ZEbsFcxLGlzbonUvwbNLZ84R","legacyData"
"b8c13f67-a349-48e7-a111-d0b10185135a","HARV_037.basePlot.vst","2016-09-27","vst_HARV_2016","D01","HARV","HARV_037",,"NEON.PLA.D01.HARV.05183","ok","single bole tree","Dead, broken bole",20.5,130,8.2,,8.2,8.0,,,,,,,,,,"XdV86USKkiYZfb6rmwpnK/f2Yah5qnQO","WpWHyjh7ZEbsFcxLGlzbonUvwbNLZ84R","legacyData"
"d97c7219-c9b3-43a7-963c-4e2e0d800487","HARV_037.basePlot.vst","2016-09-27","vst_HARV_2016","D01","HARV","HARV_037",,"NEON.PLA.D01.HARV.05983","ok","small tree","Standing dead",1.1,130,2.4,,,,,,,,,,,,"Unknown cause of death","XdV86USKkiYZfb6rmwpnK/f2Yah5qnQO","WpWHyjh7ZEbsFcxLGlzbonUvwbNLZ84R","legacyData"
"579a4471-f6ba-40ed-9dae-b9177f034494","HARV_037.basePlot.vst","2016-09-27","vst_HARV_2016","D01","HARV","HARV_037",,"NEON.PLA.D01.HARV.05174","ok","single bole tree","Live, insect damaged",44.0,130,20.5,,,,,,,,,,,,"has hemlock wooly adelgid","XdV86USKkiYZfb6rmwpnK/f2Yah5qnQO","WpWHyjh7ZEbsFcxLGlzbonUvwbNLZ84R","legacyData"
"a678cde8-3630-416e-b151-b76d981f5020","HARV_037.basePlot.vst","2016-09-27","vst_HARV_2016","D01","HARV","HARV_037",,"NEON.PLA.D01.HARV.05923","ok","single bole tree","Live, physically damaged",14.6,130,8.8,,,,,,,,,,,,"Large scar on bole- unknown cause","XdV86USKkiYZfb6rmwpnK/f2Yah5qnQO","WpWHyjh7ZEbsFcxLGlzbonUvwbNLZ84R","legacyData"
"81f81323-93c3-45ed-8de4-3c0defde58b3","HARV_037.basePlot.vst","2016-09-27","vst_HARV_2016","D01","HARV","HARV_037",,"NEON.PLA.D01.HARV.10384","ok","sapling","Live, insect damaged",,,0.9,,,,,,,,1.4,10,,,"Insect damage- hemlock wooly adelgid","XdV86USKkiYZfb6rmwpnK/f2Yah5qnQO","WpWHyjh7ZEbsFcxLGlzbonUvwbNLZ84R","legacyData"
"056f8ebe-5a1f-4a34-818f-45d91793982c","HARV_037.basePlot.vst","2016-09-27","vst_HARV_2016","D01","HARV","HARV_037",,"NEON.PLA.D01.HARV.05172","ok","single bole tree","Live, insect damaged",46.6,130,21.7,,,,,,,,,,,,"Has hemlock wooly adelgid","XdV86USKkiYZfb6rmwpnK/f2Yah5qnQO","WpWHyjh7ZEbsFcxLGlzbonUvwbNLZ84R","legacyData"
"f90a6677-a428-466e-ad9d-34b49df89b13","HARV_037.basePlot.vst","2016-09-27","vst_HARV_2016","D01","HARV","HARV_037",,"NEON.PLA.D01.HARV.05915","ok","single bole tree","Dead, broken bole",16.3,130,6.6,,6.6,12.0,,,,,,,,,"Cause of death unknown","XdV86USKkiYZfb6rmwpnK/f2Yah5qnQO","WpWHyjh7ZEbsFcxLGlzbonUvwbNLZ84R","legacyData"
"c0f619fd-599f-491a-9bc8-2d6b6da2e58b","HARV_037.basePlot.vst","2016-09-27","vst_HARV_2016","D01","HARV","HARV_037",,"NEON.PLA.D01.HARV.09561","ok","single bole tree","Live, insect damaged",12.6,130,6.5,,,,,,,,,,,,"Has hemlock wooly adelgid","XdV86USKkiYZfb6rmwpnK/f2Yah5qnQO","WpWHyjh7ZEbsFcxLGlzbonUvwbNLZ84R","legacyData"
"ed3a31f4-b421-472f-b6c4-d837b24795ab","HARV_037.basePlot.vst","2016-09-27","vst_HARV_2016","D01","HARV","HARV_037",,"NEON.PLA.D01.HARV.05993","ok","small tree","Standing dead",1.4,130,2.7,,,,,,,,,,,,"Unknown cause of death","XdV86USKkiYZfb6rmwpnK/f2Yah5qnQO","WpWHyjh7ZEbsFcxLGlzbonUvwbNLZ84R","legacyData"
"5f7433f2-161c-437d-b430-a5150e0144a8","HARV_037.basePlot.vst","2016-09-27","vst_HARV_2016","D01","HARV","HARV_037",,"NEON.PLA.D01.HARV.05190","ok","single bole tree","Live, insect damaged",16.6,130,8.2,,,,,,,,,,,,"Has hemlock wooly adelgid","XdV86USKkiYZfb6rmwpnK/f2Yah5qnQO","WpWHyjh7ZEbsFcxLGlzbonUvwbNLZ84R","legacyData"
"98c537df-f0b0-47d6-89ac-831c74e6c5d0","HARV_037.basePlot.vst","2016-09-27","vst_HARV_2016","D01","HARV","HARV_037",,"NEON.PLA.D01.HARV.09562","ok","small tree","Standing dead",5.6,130,4.5,,,,,,,,,,,,"Unknown cause of death","XdV86USKkiYZfb6rmwpnK/f2Yah5qnQO","WpWHyjh7ZEbsFcxLGlzbonUvwbNLZ84R","legacyData"
"b4601d74-fdfe-4739-883d-196e198188c6","HARV_037.basePlot.vst","2016-09-27","vst_HARV_2016","D01","HARV","HARV_037",,"NEON.PLA.D01.HARV.05179","ok","single bole tree","Live, insect damaged",44.6,130,22.1,,,,,,,,,,,,"Has hemlock wooly adelgid","XdV86USKkiYZfb6rmwpnK/f2Yah5qnQO","WpWHyjh7ZEbsFcxLGlzbonUvwbNLZ84R","legacyData"
"2f18c54c-76d0-4e72-9f1f-586db70a98ac","HARV_037.basePlot.vst","2016-09-27","vst_HARV_2016","D01","HARV","HARV_037",,"NEON.PLA.D01.HARV.05916","ok","single bole tree","Live, insect damaged",45.8,130,22.5,,,,,,,,,,,,"Has hemlock wooly adelgid","XdV86USKkiYZfb6rmwpnK/f2Yah5qnQO","WpWHyjh7ZEbsFcxLGlzbonUvwbNLZ84R","legacyData"
"ad357f6d-2e10-4ac6-b54f-5867140e0551","HARV_037.basePlot.vst","2016-09-27","vst_HARV_2016","D01","HARV","HARV_037",,"NEON.PLA.D01.HARV.09565","ok","small tree","Standing dead",1.1,130,2.3,,,,,,,,2.0,,,,"Unknown cause of death","XdV86USKkiYZfb6rmwpnK/f2Yah5qnQO","WpWHyjh7ZEbsFcxLGlzbonUvwbNLZ84R","legacyData"
"c8b1d21a-1e41-44b2-85ea-de77bff24a2e","HARV_044.basePlot.vst","2016-09-28","vst_HARV_2016","D01","HARV","HARV_044",,"NEON.PLA.D01.HARV.10428","ok","small shrub","Live,  other damage",,,1.0,0.4,,,1.7,0.6,,"ellipsoid or sphere",1.0,10,,,"Browsed in several spots.","/PQLg4xSyvY/C0l9NeCPJmfdKfB/PF5p","wBoWs60NgxeDAxOtJq0HayRsmP8oN/AZ","legacyData"
"6cf63334-a8b4-4a75-98b1-6fa5f1904e62","HARV_044.basePlot.vst","2016-09-28","vst_HARV_2016","D01","HARV","HARV_044",,"NEON.PLA.D01.HARV.08422","ok","single bole tree","Live",23.2,130,16.9,,,,,,,,,,,,,"/PQLg4xSyvY/C0l9NeCPJmfdKfB/PF5p","wBoWs60NgxeDAxOtJq0HayRsmP8oN/AZ","legacyData"
"71303da2-3212-447c-ad6f-fab7369ed715","HARV_044.basePlot.vst","2016-09-28","vst_HARV_2016","D01","HARV","HARV_044",,"NEON.PLA.D01.HARV.08470","ok","single bole tree","Live",38.1,130,21.0,,,,,,,,,,,,,"/PQLg4xSyvY/C0l9NeCPJmfdKfB/PF5p","wBoWs60NgxeDAxOtJq0HayRsmP8oN/AZ","legacyData"
"22b4b303-dc4c-44a5-9e18-2fb100607502","HARV_044.basePlot.vst","2016-09-28","vst_HARV_2016","D01","HARV","HARV_044",,"NEON.PLA.D01.HARV.10416","ok","single bole tree","Live",32.9,130,18.9,,,,,,,,,,,,,"/PQLg4xSyvY/C0l9NeCPJmfdKfB/PF5p","wBoWs60NgxeDAxOtJq0HayRsmP8oN/AZ","legacyData"
"3c648fc4-b81e-446f-8309-87dd6eb2263e","HARV_044.basePlot.vst","2016-09-28","vst_HARV_2016","D01","HARV","HARV_044",,"NEON.PLA.D01.HARV.08423","ok","single bole tree","Live, physically damaged",27.0,130,15.0,,,,,,,,,,,,"Cankers.","/PQLg4xSyvY/C0l9NeCPJmfdKfB/PF5p","wBoWs60NgxeDAxOtJq0HayRsmP8oN/AZ","legacyData"
"0bda8323-68a8-49bb-97c5-2d4fea3ed53d","HARV_044.basePlot.vst","2016-09-28","vst_HARV_2016","D01","HARV","HARV_044",,"NEON.PLA.D01.HARV.10436A","ok","multi-bole tree","Dead, broken bole",17.2,130,,,7.4,14.0,,,,,,,,,,"/PQLg4xSyvY/C0l9NeCPJmfdKfB/PF5p","wBoWs60NgxeDAxOtJq0HayRsmP8oN/AZ","legacyData"
"3d25908d-7adf-4607-a48f-38cb51815f2d","HARV_044.basePlot.vst","2016-09-28","vst_HARV_2016","D01","HARV","HARV_044",,"NEON.PLA.D01.HARV.10432","ok","single bole tree","Live",19.9,130,10.8,,,,,,,,,,,,,"/PQLg4xSyvY/C0l9NeCPJmfdKfB/PF5p","wBoWs60NgxeDAxOtJq0HayRsmP8oN/AZ","legacyData"
"456a2a1b-0ea7-489a-8d3d-0dbaf2e99aea","HARV_044.basePlot.vst","2016-09-28","vst_HARV_2016","D01","HARV","HARV_044",,"NEON.PLA.D01.HARV.08416A","ok","multi-bole tree","Dead, broken bole",22.2,130,,,5.4,18.0,,,,,,,,,"Unknown cause of death.","/PQLg4xSyvY/C0l9NeCPJmfdKfB/PF5p","wBoWs60NgxeDAxOtJq0HayRsmP8oN/AZ","legacyData"
"8a0eeaa8-558c-4bfa-9a19-27adb03633db","HARV_044.basePlot.vst","2016-09-28","vst_HARV_2016","D01","HARV","HARV_044",,"NEON.PLA.D01.HARV.10402","ok","small tree","Live",1.4,130,3.0,,,,,,,,,,,,,"/PQLg4xSyvY/C0l9NeCPJmfdKfB/PF5p","wBoWs60NgxeDAxOtJq0HayRsmP8oN/AZ","legacyData"
"456d322f-7deb-4cca-89a4-baad7566494a","HARV_044.basePlot.vst","2016-09-28","vst_HARV_2016","D01","HARV","HARV_044",,"NEON.PLA.D01.HARV.08436","ok","multi-bole tree","Live",32.1,130,16.6,,,,,,,,,,,,,"/PQLg4xSyvY/C0l9NeCPJmfdKfB/PF5p","wBoWs60NgxeDAxOtJq0HayRsmP8oN/AZ","legacyData"
"6edfd873-63ee-4666-b1b8-e46bb8cccec7","HARV_044.basePlot.vst","2016-09-28","vst_HARV_2016","D01","HARV","HARV_044",,"NEON.PLA.D01.HARV.10402","ok","small tree","Live",1.3,130,3.0,,,,,,,,,,,,,"/PQLg4xSyvY/C0l9NeCPJmfdKfB/PF5p","wBoWs60NgxeDAxOtJq0HayRsmP8oN/AZ","legacyData"
"30dc59a7-9ae0-4c5a-aa70-525666938971","HARV_044.basePlot.vst","2016-09-28","vst_HARV_2016","D01","HARV","HARV_044",,"NEON.PLA.D01.HARV.08408B","ok","multi-bole tree","Live",17.3,130,,,,,,,,,,,,,,"/PQLg4xSyvY/C0l9NeCPJmfdKfB/PF5p","wBoWs60NgxeDAxOtJq0HayRsmP8oN/AZ","legacyData"
"ff5c9d06-9136-41cc-bdb0-2e2407930583","HARV_044.basePlot.vst","2016-09-28","vst_HARV_2016","D01","HARV","HARV_044",,"NEON.PLA.D01.HARV.08490","ok","single shrub","Live",1.3,130,2.7,1.7,,,0.5,0.4,,"ellipsoid or sphere",1.9,10,,,,"/PQLg4xSyvY/C0l9NeCPJmfdKfB/PF5p","wBoWs60NgxeDAxOtJq0HayRsmP8oN/AZ","legacyData"
"62ed5ed6-04b3-4202-893c-3c7e148cad20","HARV_044.basePlot.vst","2016-09-28","vst_HARV_2016","D01","HARV","HARV_044",,"NEON.PLA.D01.HARV.08426","ok","single bole tree","Live",38.5,130,18.8,,,,,,,,,,,,,"/PQLg4xSyvY/C0l9NeCPJmfdKfB/PF5p","wBoWs60NgxeDAxOtJq0HayRsmP8oN/AZ","legacyData"
"35d0f90c-bb60-4895-b190-9f8bed64b61f","HARV_044.basePlot.vst","2016-09-28","vst_HARV_2016","D01","HARV","HARV_044",,"NEON.PLA.D01.HARV.10435","ok","single bole tree","Live, physically damaged",21.3,130,15.0,,,,,,,,,,,,"Broken branch.","/PQLg4xSyvY/C0l9NeCPJmfdKfB/PF5p","wBoWs60NgxeDAxOtJq0HayRsmP8oN/AZ","legacyData"
"54ec9f11-5000-4d6e-8610-877799e3bdfb","HARV_044.basePlot.vst","2016-09-28","vst_HARV_2016","D01","HARV","HARV_044",,"NEON.PLA.D01.HARV.08363","ok","single bole tree","Live",30.4,130,16.8,,,,,,,,,,,,,"/PQLg4xSyvY/C0l9NeCPJmfdKfB/PF5p","wBoWs60NgxeDAxOtJq0HayRsmP8oN/AZ","legacyData"
"bd9974d2-1fe9-49b8-b49a-bc5d77c92b83","HARV_044.basePlot.vst","2016-09-28","vst_HARV_2016","D01","HARV","HARV_044",,"NEON.PLA.D01.HARV.09894","ok",,"Removed",,,,,,,,,,,,,,,"Part of 8372.","/PQLg4xSyvY/C0l9NeCPJmfdKfB/PF5p","wBoWs60NgxeDAxOtJq0HayRsmP8oN/AZ","legacyData"
"a6a6bbcd-9156-4dca-beff-fa0f2b257513","HARV_044.basePlot.vst","2016-09-28","vst_HARV_2016","D01","HARV","HARV_044",,"NEON.PLA.D01.HARV.08465","ok","multi-bole tree","Live",24.0,130,16.4,,,,,,,,,,,,,"/PQLg4xSyvY/C0l9NeCPJmfdKfB/PF5p","wBoWs60NgxeDAxOtJq0HayRsmP8oN/AZ","legacyData"
"21c695be-f890-46ce-8ba1-483154a9790e","HARV_044.basePlot.vst","2016-09-28","vst_HARV_2016","D01","HARV","HARV_044",,"NEON.PLA.D01.HARV.08485","ok","single bole tree","Live",29.1,130,18.9,,,,,,,,,,,,,"/PQLg4xSyvY/C0l9NeCPJmfdKfB/PF5p","wBoWs60NgxeDAxOtJq0HayRsmP8oN/AZ","legacyData"
"bc8e591c-900d-40d2-a583-553121499685","HARV_044.basePlot.vst","2016-09-28","vst_HARV_2016","D01","HARV","HARV_044",,"NEON.PLA.D01.HARV.08416D","ok","multi-bole tree","Dead, broken bole",12.1,130,,,,,,,,,,,,,"Unknown cause of death. Break heights not recorded on datasheet.","/PQLg4xSyvY/C0l9NeCPJmfdKfB/PF5p","wBoWs60NgxeDAxOtJq0HayRsmP8oN/AZ","legacyData"
"3df9299b-210c-4419-b276-bef9cad8cc5d","HARV_044.basePlot.vst","2016-09-28","vst_HARV_2016","D01","HARV","HARV_044",,"NEON.PLA.D01.HARV.08365","ok","small tree","Dead, broken bole",5.0,130,4.5,,3.2,4.5,,,,,,,,,"Cause of death unknown.","/PQLg4xSyvY/C0l9NeCPJmfdKfB/PF5p","wBoWs60NgxeDAxOtJq0HayRsmP8oN/AZ","legacyData"
"e9995460-ac58-41f8-a58e-8a2e63405e04","HARV_044.basePlot.vst","2016-09-28","vst_HARV_2016","D01","HARV","HARV_044",,"NEON.PLA.D01.HARV.10401","ok","small shrub","Live",,,1.4,,,,,,,"ellipsoid or sphere",1.8,10,,,"Only marginally alive.","/PQLg4xSyvY/C0l9NeCPJmfdKfB/PF5p","wBoWs60NgxeDAxOtJq0HayRsmP8oN/AZ","legacyData"
"238fc384-9c04-4759-a7d4-1c11e242942d","HARV_044.basePlot.vst","2016-09-28","vst_HARV_2016","D01","HARV","HARV_044",,"NEON.PLA.D01.HARV.08469","ok","single bole tree","Live",18.2,130,19.3,,,,,,,,,,,,,"/PQLg4xSyvY/C0l9NeCPJmfdKfB/PF5p","wBoWs60NgxeDAxOtJq0HayRsmP8oN/AZ","legacyData"
"65e290bf-37d2-46ff-9924-a6addcbc01ee","HARV_044.basePlot.vst","2016-09-28","vst_HARV_2016","D01","HARV","HARV_044",,"NEON.PLA.D01.HARV.08416C","ok","multi-bole tree","Live",15.4,130,,,,,,,,,,,,,,"/PQLg4xSyvY/C0l9NeCPJmfdKfB/PF5p","wBoWs60NgxeDAxOtJq0HayRsmP8oN/AZ","legacyData"
"e868774d-316a-4310-8d25-aab0816e69df","HARV_044.basePlot.vst","2016-09-28","vst_HARV_2016","D01","HARV","HARV_044",,"NEON.PLA.D01.HARV.08475A","ok","multi-bole tree","Live, physically damaged",12.1,130,,,,,,,,,,,,,"Both boles have nail scars.","/PQLg4xSyvY/C0l9NeCPJmfdKfB/PF5p","wBoWs60NgxeDAxOtJq0HayRsmP8oN/AZ","legacyData"
"8d86fb9c-7344-4885-a75b-140c03f9739e","HARV_044.basePlot.vst","2016-09-28","vst_HARV_2016","D01","HARV","HARV_044",,"NEON.PLA.D01.HARV.08415","ok","single bole tree","Live",10.5,130,9.7,,,,,,,,,,,,,"/PQLg4xSyvY/C0l9NeCPJmfdKfB/PF5p","wBoWs60NgxeDAxOtJq0HayRsmP8oN/AZ","legacyData"
"4eebe163-52d9-49b3-a5e0-5faa853d8958","HARV_044.basePlot.vst","2016-09-28","vst_HARV_2016","D01","HARV","HARV_044",,"NEON.PLA.D01.HARV.10429","ok","single shrub","Live, physically damaged",1.1,130,1.5,1.2,,,0.7,0.5,,"ellipsoid or sphere",1.8,10,,,"Main stem broken.","/PQLg4xSyvY/C0l9NeCPJmfdKfB/PF5p","wBoWs60NgxeDAxOtJq0HayRsmP8oN/AZ","legacyData"
"60db3486-1b51-4425-b38d-ac2208311dda","HARV_044.basePlot.vst","2016-09-28","vst_HARV_2016","D01","HARV","HARV_044",,"NEON.PLA.D01.HARV.10409","ok","single shrub","Live",2.0,130,3.1,1.1,,,3.0,2.5,,"ellipsoid or sphere",2.5,10,,,,"/PQLg4xSyvY/C0l9NeCPJmfdKfB/PF5p","wBoWs60NgxeDAxOtJq0HayRsmP8oN/AZ","legacyData"
"c4742d77-158f-4115-a9ce-96aace537df8","HARV_044.basePlot.vst","2016-09-28","vst_HARV_2016","D01","HARV","HARV_044",,"NEON.PLA.D01.HARV.08462","ok","single bole tree","Live",22.5,130,18.4,,,,,,,,,,,,,"/PQLg4xSyvY/C0l9NeCPJmfdKfB/PF5p","wBoWs60NgxeDAxOtJq0HayRsmP8oN/AZ","legacyData"
"53113056-9792-44fa-bdf8-65432c762cc5","HARV_044.basePlot.vst","2016-09-28","vst_HARV_2016","D01","HARV","HARV_044",,"NEON.PLA.D01.HARV.10417","ok","single bole tree","Live, physically damaged",10.7,130,6.2,,,,,,,,,,,,"Top broke off years ago and has been surpassed by lateral branches.","/PQLg4xSyvY/C0l9NeCPJmfdKfB/PF5p","wBoWs60NgxeDAxOtJq0HayRsmP8oN/AZ","legacyData"
"00660544-c235-4249-8655-364c1ef45a92","HARV_044.basePlot.vst","2016-09-28","vst_HARV_2016","D01","HARV","HARV_044",,"NEON.PLA.D01.HARV.08482","ok","single bole tree","Live",14.4,130,14.2,,,,,,,,,,,,,"/PQLg4xSyvY/C0l9NeCPJmfdKfB/PF5p","wBoWs60NgxeDAxOtJq0HayRsmP8oN/AZ","legacyData"
"4fb732b4-f21d-4534-a083-705d489b61dd","HARV_044.basePlot.vst","2016-09-28","vst_HARV_2016","D01","HARV","HARV_044",,"NEON.PLA.D01.HARV.08480","ok","single bole tree","Live, physically damaged",16.6,130,15.9,,,,,,,,,,,,"Scar where nail was inserted.","/PQLg4xSyvY/C0l9NeCPJmfdKfB/PF5p","wBoWs60NgxeDAxOtJq0HayRsmP8oN/AZ","legacyData"
"5242bb68-bd94-4986-9c7e-9dbc02d33004","HARV_044.basePlot.vst","2016-09-28","vst_HARV_2016","D01","HARV","HARV_044",,"NEON.PLA.D01.HARV.08436A","ok","multi-bole tree","Live",12.4,130,,,,,,,,,,,,,,"/PQLg4xSyvY/C0l9NeCPJmfdKfB/PF5p","wBoWs60NgxeDAxOtJq0HayRsmP8oN/AZ","legacyData"
"42fc1233-afe5-453f-aab3-f28c304455bf","HARV_044.basePlot.vst","2016-09-28","vst_HARV_2016","D01","HARV","HARV_044",,"NEON.PLA.D01.HARV.10401","ok","small shrub","Live",,,1.4,,,,,,,"ellipsoid or sphere",1.1,10,,,"Only marginally alive.","/PQLg4xSyvY/C0l9NeCPJmfdKfB/PF5p","wBoWs60NgxeDAxOtJq0HayRsmP8oN/AZ","legacyData"
"5541169d-be1e-4034-a5fd-18fff2b52ed6","HARV_044.basePlot.vst","2016-09-28","vst_HARV_2016","D01","HARV","HARV_044",,"NEON.PLA.D01.HARV.08367","ok","single shrub","Live,  other damage",1.3,130,1.4,0.1,,,0.1,0.1,,"ellipsoid or sphere",2.0,10,,,"Main stem dead with small live root sprouts; many have been chewed on probably by a rabbit.","/PQLg4xSyvY/C0l9NeCPJmfdKfB/PF5p","wBoWs60NgxeDAxOtJq0HayRsmP8oN/AZ","legacyData"
"574ea4ab-b03e-431a-b706-f3addf11316c","HARV_044.basePlot.vst","2016-09-28","vst_HARV_2016","D01","HARV","HARV_044",,"NEON.PLA.D01.HARV.08405A","ok","multi-bole tree","Live",19.8,130,15.4,,,,,,,,,,,,,"/PQLg4xSyvY/C0l9NeCPJmfdKfB/PF5p","wBoWs60NgxeDAxOtJq0HayRsmP8oN/AZ","legacyData"
"892a8e7a-0fe6-4282-9703-df69b61bd0ed","HARV_044.basePlot.vst","2016-09-28","vst_HARV_2016","D01","HARV","HARV_044",,"NEON.PLA.D01.HARV.10431","ok","single bole tree","Live, insect damaged",7.8,130,4.9,,,,,,,,,,,,"Has hemlock woolly adelgid.","/PQLg4xSyvY/C0l9NeCPJmfdKfB/PF5p","wBoWs60NgxeDAxOtJq0HayRsmP8oN/AZ","legacyData"
"5ea855f1-3c77-4465-adff-d6ac99b8d228","HARV_044.basePlot.vst","2016-09-28","vst_HARV_2016","D01","HARV","HARV_044",,"NEON.PLA.D01.HARV.09893","ok","single shrub","Live",1.2,130,1.9,0.1,,,0.3,0.1,,"ellipsoid or sphere",2.2,10,,,"Largest stem dead. Cause unknown.","/PQLg4xSyvY/C0l9NeCPJmfdKfB/PF5p","wBoWs60NgxeDAxOtJq0HayRsmP8oN/AZ","legacyData"
"d510aafc-4065-4975-997b-1d48e8cac5ae","HARV_044.basePlot.vst","2016-09-28","vst_HARV_2016","D01","HARV","HARV_044",,"NEON.PLA.D01.HARV.08377","ok","small shrub","Live",,,,,,,,,,,1.4,10,,,"dead and broken main stem; root resprouts","/PQLg4xSyvY/C0l9NeCPJmfdKfB/PF5p","wBoWs60NgxeDAxOtJq0HayRsmP8oN/AZ","legacyData"
"9c7210af-2cf9-44b6-a59a-b3dc4ecc034c","HARV_044.basePlot.vst","2016-09-28","vst_HARV_2016","D01","HARV","HARV_044",,"NEON.PLA.D01.HARV.10426","ok","single shrub","Live",1.4,130,2.2,0.8,,,2.2,1.1,,"ellipsoid or sphere",,,,,,"/PQLg4xSyvY/C0l9NeCPJmfdKfB/PF5p","wBoWs60NgxeDAxOtJq0HayRsmP8oN/AZ","legacyData"
"387c72f9-ae56-43a2-acc8-57aed142f95e","HARV_044.basePlot.vst","2016-09-28","vst_HARV_2016","D01","HARV","HARV_044",,"NEON.PLA.D01.HARV.08477","ok","single bole tree","Live, physically damaged",20.8,130,17.9,,,,,,,,,,,,"Split caused by tree tag nail.","/PQLg4xSyvY/C0l9NeCPJmfdKfB/PF5p","wBoWs60NgxeDAxOtJq0HayRsmP8oN/AZ","legacyData"
"4bab1768-d896-4ba4-8402-8060fcec3dec","HARV_044.basePlot.vst","2016-09-28","vst_HARV_2016","D01","HARV","HARV_044",,"NEON.PLA.D01.HARV.08481","ok","single bole tree","Live, physically damaged",31.0,130,19.9,,,,,,,,,,,,"Bole split where nail was inserted in winter 2014.","/PQLg4xSyvY/C0l9NeCPJmfdKfB/PF5p","wBoWs60NgxeDAxOtJq0HayRsmP8oN/AZ","legacyData"
"2091267b-47cb-4763-8d62-0a0eeba1791d","HARV_044.basePlot.vst","2016-09-28","vst_HARV_2016","D01","HARV","HARV_044",,"NEON.PLA.D01.HARV.08492","ok","small tree","Live",1.6,130,2.7,,,,,,,,,,,,,"/PQLg4xSyvY/C0l9NeCPJmfdKfB/PF5p","wBoWs60NgxeDAxOtJq0HayRsmP8oN/AZ","legacyData"
"2e5560bc-7c33-413e-88d3-17066d90a7fd","HARV_044.basePlot.vst","2016-09-28","vst_HARV_2016","D01","HARV","HARV_044",,"NEON.PLA.D01.HARV.08419","ok","single bole tree","Live, insect damaged",14.8,130,8.3,,,,,,,,,,,,"Has hemlock woolly adelgid.","/PQLg4xSyvY/C0l9NeCPJmfdKfB/PF5p","wBoWs60NgxeDAxOtJq0HayRsmP8oN/AZ","legacyData"
"88a869f0-b027-4f9c-99fb-188809b80813","HARV_044.basePlot.vst","2016-09-28","vst_HARV_2016","D01","HARV","HARV_044",,"NEON.PLA.D01.HARV.08463B","ok","multi-bole tree","Dead, broken bole",11.4,130,,,2.1,9.0,,,,,,,,,"Cause of death unknown.","/PQLg4xSyvY/C0l9NeCPJmfdKfB/PF5p","wBoWs60NgxeDAxOtJq0HayRsmP8oN/AZ","legacyData"
"3a37ccd3-c45e-46bc-9434-b968dbfcfd54","HARV_044.basePlot.vst","2016-09-28","vst_HARV_2016","D01","HARV","HARV_044",,"NEON.PLA.D01.HARV.08467","ok","single bole tree","Live, physically damaged",16.8,130,17.3,,,,,,,,,,,,"Crack where tree tag nail is.","/PQLg4xSyvY/C0l9NeCPJmfdKfB/PF5p","wBoWs60NgxeDAxOtJq0HayRsmP8oN/AZ","legacyData"
"74ac6d7e-c17f-425c-a057-1bf443dd6d98","HARV_044.basePlot.vst","2016-09-28","vst_HARV_2016","D01","HARV","HARV_044",,"NEON.PLA.D01.HARV.10412","ok","small tree","Live, disease damaged",2.6,145,4.2,,,,,,,,,,,,"Cause of disease unknown. Has cankers and scarring.","/PQLg4xSyvY/C0l9NeCPJmfdKfB/PF5p","wBoWs60NgxeDAxOtJq0HayRsmP8oN/AZ","legacyData"
"066b02f4-8f75-44b0-b7a1-dbeeaca12016","HARV_044.basePlot.vst","2016-09-28","vst_HARV_2016","D01","HARV","HARV_044",,"NEON.PLA.D01.HARV.10388","ok","small shrub","Live",,,0.4,0.1,,,1.2,0.2,,"ellipsoid or sphere",1.0,10,,,,"/PQLg4xSyvY/C0l9NeCPJmfdKfB/PF5p","wBoWs60NgxeDAxOtJq0HayRsmP8oN/AZ","legacyData"
"7f17de43-800a-4748-8c55-71f717e47305","HARV_044.basePlot.vst","2016-09-28","vst_HARV_2016","D01","HARV","HARV_044",,"NEON.PLA.D01.HARV.10423","ok","single shrub","Live",1.2,130,1.6,1.0,,,1.4,1.2,,"ellipsoid or sphere",2.0,10,,,,"/PQLg4xSyvY/C0l9NeCPJmfdKfB/PF5p","wBoWs60NgxeDAxOtJq0HayRsmP8oN/AZ","legacyData"
"215ded1e-17a3-4257-b0b6-ff066712f11a","HARV_044.basePlot.vst","2016-09-28","vst_HARV_2016","D01","HARV","HARV_044",,"NEON.PLA.D01.HARV.10422","ok","single bole tree","Live",26.3,130,15.8,,,,,,,,,,,,,"/PQLg4xSyvY/C0l9NeCPJmfdKfB/PF5p","wBoWs60NgxeDAxOtJq0HayRsmP8oN/AZ","legacyData"
"bb55a813-7dd0-4c03-81fd-922b67e7d2b9","HARV_044.basePlot.vst","2016-09-28","vst_HARV_2016","D01","HARV","HARV_044",,"NEON.PLA.D01.HARV.08406","ok","single bole tree","Live",20.9,130,17.6,,,,,,,,,,,,,"/PQLg4xSyvY/C0l9NeCPJmfdKfB/PF5p","wBoWs60NgxeDAxOtJq0HayRsmP8oN/AZ","legacyData"
"1eb79196-3c29-4db8-9bba-db81cef7b5be","HARV_044.basePlot.vst","2016-09-28","vst_HARV_2016","D01","HARV","HARV_044",,"NEON.PLA.D01.HARV.08424A","ok","multi-bole tree","Live, physically damaged",20.2,130,,,,,,,,,,,,,"Broken branch.","/PQLg4xSyvY/C0l9NeCPJmfdKfB/PF5p","wBoWs60NgxeDAxOtJq0HayRsmP8oN/AZ","legacyData"
"dfe3ea40-7677-4d2d-af15-898c48005ca3","HARV_044.basePlot.vst","2016-09-28","vst_HARV_2016","D01","HARV","HARV_044",,"NEON.PLA.D01.HARV.08362","ok","single bole tree","Live, broken bole",11.7,130,5.7,,4.4,6.0,,,,,,,,,"Broken crown but other branches grew up around it.","/PQLg4xSyvY/C0l9NeCPJmfdKfB/PF5p","wBoWs60NgxeDAxOtJq0HayRsmP8oN/AZ","legacyData"
"b2679c3c-1ee2-41c2-995b-c59f84b34343","HARV_044.basePlot.vst","2016-09-28","vst_HARV_2016","D01","HARV","HARV_044",,"NEON.PLA.D01.HARV.10404","ok","small tree","Live",2.3,130,3.3,,,,,,,,,,,,,"/PQLg4xSyvY/C0l9NeCPJmfdKfB/PF5p","wBoWs60NgxeDAxOtJq0HayRsmP8oN/AZ","legacyData"
"42062163-ecf8-4f24-9b44-07dfb4aa5e19","HARV_044.basePlot.vst","2016-09-28","vst_HARV_2016","D01","HARV","HARV_044",,"NEON.PLA.D01.HARV.10403","ok","single shrub","Live",1.5,130,2.1,1.9,,,0.1,0.1,,"ellipsoid or sphere",2.3,10,,,"Alive but close to death with barely any leaves.","/PQLg4xSyvY/C0l9NeCPJmfdKfB/PF5p","wBoWs60NgxeDAxOtJq0HayRsmP8oN/AZ","legacyData"
"dbdb8929-9806-4c73-becc-7dab0357965d","HARV_044.basePlot.vst","2016-09-28","vst_HARV_2016","D01","HARV","HARV_044",,"NEON.PLA.D01.HARV.08421","ok","single bole tree","Live",24.7,130,8.5,,,,,,,,,,,,,"/PQLg4xSyvY/C0l9NeCPJmfdKfB/PF5p","wBoWs60NgxeDAxOtJq0HayRsmP8oN/AZ","legacyData"
"12a4ff1f-4101-4b9a-8d80-d938848bea28","HARV_044.basePlot.vst","2016-09-28","vst_HARV_2016","D01","HARV","HARV_044",,"NEON.PLA.D01.HARV.10420","ok","small tree","Live",1.2,130,3.6,,,,,,,,,,,,,"/PQLg4xSyvY/C0l9NeCPJmfdKfB/PF5p","wBoWs60NgxeDAxOtJq0HayRsmP8oN/AZ","legacyData"
"e9ea3fdd-16c5-493f-959f-936c77240664","HARV_044.basePlot.vst","2016-09-28","vst_HARV_2016","D01","HARV","HARV_044",,"NEON.PLA.D01.HARV.08498","ok","single shrub","Live, physically damaged",2.2,130,3.5,2.3,,,4.1,1.3,,"ellipsoid or sphere",2.8,10,,,"Scarred main bole.","/PQLg4xSyvY/C0l9NeCPJmfdKfB/PF5p","wBoWs60NgxeDAxOtJq0HayRsmP8oN/AZ","legacyData"
"a935d261-bd4f-44a6-850c-cd7093fd191f","HARV_044.basePlot.vst","2016-09-28","vst_HARV_2016","D01","HARV","HARV_044",,"NEON.PLA.D01.HARV.08401","ok","single bole tree","Live",14.5,130,16.4,,,,,,,,,,,,,"/PQLg4xSyvY/C0l9NeCPJmfdKfB/PF5p","wBoWs60NgxeDAxOtJq0HayRsmP8oN/AZ","legacyData"
"958e4ab3-4861-444e-ad98-d378e90d1457","HARV_044.basePlot.vst","2016-09-28","vst_HARV_2016","D01","HARV","HARV_044",,"NEON.PLA.D01.HARV.08425","ok","single bole tree","Live",14.5,130,13.0,,,,,,,,,,,,,"/PQLg4xSyvY/C0l9NeCPJmfdKfB/PF5p","wBoWs60NgxeDAxOtJq0HayRsmP8oN/AZ","legacyData"
"4e34bdfb-a6b6-4605-bcf9-c98a86f87829","HARV_044.basePlot.vst","2016-09-28","vst_HARV_2016","D01","HARV","HARV_044",,"NEON.PLA.D01.HARV.08471","ok","single bole tree","Live,  other damage",22.7,130,11.9,,,,,,,,,,,,"Bent bole.","/PQLg4xSyvY/C0l9NeCPJmfdKfB/PF5p","wBoWs60NgxeDAxOtJq0HayRsmP8oN/AZ","legacyData"
"83747004-ebab-42c7-b940-9e469735b208","HARV_044.basePlot.vst","2016-09-28","vst_HARV_2016","D01","HARV","HARV_044",,"NEON.PLA.D01.HARV.10434","ok","single bole tree","Live",25.4,130,18.1,,,,,,,,,,,,,"/PQLg4xSyvY/C0l9NeCPJmfdKfB/PF5p","wBoWs60NgxeDAxOtJq0HayRsmP8oN/AZ","legacyData"
"c0052328-38a6-4492-b451-826057605a04","HARV_044.basePlot.vst","2016-09-28","vst_HARV_2016","D01","HARV","HARV_044",,"NEON.PLA.D01.HARV.08483","ok","single bole tree","Live",25.8,130,18.9,,,,,,,,,,,,,"/PQLg4xSyvY/C0l9NeCPJmfdKfB/PF5p","wBoWs60NgxeDAxOtJq0HayRsmP8oN/AZ","legacyData"
"f7897c48-52a8-4436-880e-c3b7c9e11851","HARV_044.basePlot.vst","2016-09-28","vst_HARV_2016","D01","HARV","HARV_044",,"NEON.PLA.D01.HARV.08372","ok","single shrub","Live",1.8,130,3.0,,,,3.7,1.5,,"inverted cone",2.6,10,0.40,0.40,,"/PQLg4xSyvY/C0l9NeCPJmfdKfB/PF5p","wBoWs60NgxeDAxOtJq0HayRsmP8oN/AZ","legacyData"
"db682d79-1e31-488e-8683-78a9596c0bd5","HARV_044.basePlot.vst","2016-09-28","vst_HARV_2016","D01","HARV","HARV_044",,"NEON.PLA.D01.HARV.08418","ok","multi-bole tree","Live",26.5,130,15.1,,,,,,,,,,,,,"/PQLg4xSyvY/C0l9NeCPJmfdKfB/PF5p","wBoWs60NgxeDAxOtJq0HayRsmP8oN/AZ","legacyData"
"066d9225-a29e-4a02-8e42-14f5aa5b5bac","HARV_044.basePlot.vst","2016-09-28","vst_HARV_2016","D01","HARV","HARV_044",,"NEON.PLA.D01.HARV.10410","ok",,"Removed",,,,,,,,,,,,,,,"Second stem of 10409.","/PQLg4xSyvY/C0l9NeCPJmfdKfB/PF5p","wBoWs60NgxeDAxOtJq0HayRsmP8oN/AZ","legacyData"
"8c90712d-3b9e-42e6-bac0-c7f273e3ec50","HARV_044.basePlot.vst","2016-09-28","vst_HARV_2016","D01","HARV","HARV_044",,"NEON.PLA.D01.HARV.08463A","ok","multi-bole tree","Dead, broken bole",22.3,130,,,2.0,18.7,,,,,,,,,"Cause of death unknown.","/PQLg4xSyvY/C0l9NeCPJmfdKfB/PF5p","wBoWs60NgxeDAxOtJq0HayRsmP8oN/AZ","legacyData"
"9479b714-5938-490a-9e38-db6626da31ae","HARV_044.basePlot.vst","2016-09-28","vst_HARV_2016","D01","HARV","HARV_044",,"NEON.PLA.D01.HARV.08420","ok","single bole tree","Standing dead",10.7,130,5.0,,,,,,,,,,,,,"/PQLg4xSyvY/C0l9NeCPJmfdKfB/PF5p","wBoWs60NgxeDAxOtJq0HayRsmP8oN/AZ","legacyData"
"27f56bb8-d3b9-408f-9684-93f06f5f2abf","HARV_044.basePlot.vst","2016-09-28","vst_HARV_2016","D01","HARV","HARV_044",,"NEON.PLA.D01.HARV.08372","ok","single shrub","Live",1.9,130,3.0,,,,3.7,1.5,,"inverted cone",2.8,10,0.40,0.40,,"/PQLg4xSyvY/C0l9NeCPJmfdKfB/PF5p","wBoWs60NgxeDAxOtJq0HayRsmP8oN/AZ","legacyData"
"2bb40e4c-a0d8-4ad0-90ff-ce7c69de537d","HARV_044.basePlot.vst","2016-09-28","vst_HARV_2016","D01","HARV","HARV_044",,"NEON.PLA.D01.HARV.10408","ok","small shrub","Live",,,1.5,0.4,,,0.8,0.4,,"ellipsoid or sphere",1.2,10,,,,"/PQLg4xSyvY/C0l9NeCPJmfdKfB/PF5p","wBoWs60NgxeDAxOtJq0HayRsmP8oN/AZ","legacyData"
"5d5d33b1-060a-4886-91cb-b3cf4738f365","HARV_044.basePlot.vst","2016-09-28","vst_HARV_2016","D01","HARV","HARV_044",,"NEON.PLA.D01.HARV.08460","ok","single bole tree","Live, physically damaged",18.5,130,8.7,,,,,,,,,,,,"Broken branches.","/PQLg4xSyvY/C0l9NeCPJmfdKfB/PF5p","wBoWs60NgxeDAxOtJq0HayRsmP8oN/AZ","legacyData"
"3949c293-2e77-4403-8b6b-67434149cb13","HARV_044.basePlot.vst","2016-09-28","vst_HARV_2016","D01","HARV","HARV_044",,"NEON.PLA.D01.HARV.08475","ok","multi-bole tree","Live, physically damaged",26.7,130,19.8,,,,,,,,,,,,,"/PQLg4xSyvY/C0l9NeCPJmfdKfB/PF5p","wBoWs60NgxeDAxOtJq0HayRsmP8oN/AZ","legacyData"
"7c033672-9d9f-475e-8ffd-9404ffdaecdc","HARV_044.basePlot.vst","2016-09-28","vst_HARV_2016","D01","HARV","HARV_044",,"NEON.PLA.D01.HARV.10413","ok","small tree","Standing dead",2.3,130,5.0,,,,,,,,,,,,"Cause of death unknown.","/PQLg4xSyvY/C0l9NeCPJmfdKfB/PF5p","wBoWs60NgxeDAxOtJq0HayRsmP8oN/AZ","legacyData"
"1304c22f-eb28-456d-92cb-a9ccc1f839f4","HARV_044.basePlot.vst","2016-09-28","vst_HARV_2016","D01","HARV","HARV_044",,"NEON.PLA.D01.HARV.10418","ok","single shrub","Live",1.9,130,2.4,0.5,,,3.3,1.8,,"ellipsoid or sphere",3.3,10,,,,"/PQLg4xSyvY/C0l9NeCPJmfdKfB/PF5p","wBoWs60NgxeDAxOtJq0HayRsmP8oN/AZ","legacyData"
"ae147be5-e17f-408a-9b1a-bbce4766f63e","HARV_044.basePlot.vst","2016-09-28","vst_HARV_2016","D01","HARV","HARV_044",,"NEON.PLA.D01.HARV.08465A","ok","multi-bole tree","Live",23.6,130,,,,,,,,,,,,,,"/PQLg4xSyvY/C0l9NeCPJmfdKfB/PF5p","wBoWs60NgxeDAxOtJq0HayRsmP8oN/AZ","legacyData"
"72800a0b-bcc0-4423-a55f-8c03129b6a92","HARV_044.basePlot.vst","2016-09-28","vst_HARV_2016","D01","HARV","HARV_044",,"NEON.PLA.D01.HARV.10424","ok","small shrub","Live",,,1.5,0.5,,,1.3,0.8,,"ellipsoid or sphere",1.4,10,,,,"/PQLg4xSyvY/C0l9NeCPJmfdKfB/PF5p","wBoWs60NgxeDAxOtJq0HayRsmP8oN/AZ","legacyData"
"fc29845e-b1ae-48b8-89fd-a16a15215e7b","HARV_044.basePlot.vst","2016-09-28","vst_HARV_2016","D01","HARV","HARV_044",,"NEON.PLA.D01.HARV.10420","ok","small tree","Live",1.5,130,3.6,,,,,,,,,,,,,"/PQLg4xSyvY/C0l9NeCPJmfdKfB/PF5p","wBoWs60NgxeDAxOtJq0HayRsmP8oN/AZ","legacyData"
"a1186bdd-d6d1-412f-9ca3-dbb13fd39063","HARV_044.basePlot.vst","2016-09-28","vst_HARV_2016","D01","HARV","HARV_044",,"NEON.PLA.D01.HARV.08487","ok","single bole tree","Live",19.7,130,15.4,,,,,,,,,,,,,"/PQLg4xSyvY/C0l9NeCPJmfdKfB/PF5p","wBoWs60NgxeDAxOtJq0HayRsmP8oN/AZ","legacyData"
"7482a568-858a-4986-8a44-d26be07b2de4","HARV_044.basePlot.vst","2016-09-28","vst_HARV_2016","D01","HARV","HARV_044",,"NEON.PLA.D01.HARV.08466","ok","single bole tree","Live",22.6,130,15.8,,,,,,,,,,,,,"/PQLg4xSyvY/C0l9NeCPJmfdKfB/PF5p","wBoWs60NgxeDAxOtJq0HayRsmP8oN/AZ","legacyData"
"d52fc29b-3800-41d4-98b2-5d59e942b2ba","HARV_044.basePlot.vst","2016-09-28","vst_HARV_2016","D01","HARV","HARV_044",,"NEON.PLA.D01.HARV.10409","ok","single shrub","Live",1.9,130,3.1,1.1,,,3.0,2.5,,"ellipsoid or sphere",2.6,10,,,,"/PQLg4xSyvY/C0l9NeCPJmfdKfB/PF5p","wBoWs60NgxeDAxOtJq0HayRsmP8oN/AZ","legacyData"
"f5c86023-76ac-4d98-b70b-9ad30a70b459","HARV_044.basePlot.vst","2016-09-28","vst_HARV_2016","D01","HARV","HARV_044",,"NEON.PLA.D01.HARV.10418","ok","single shrub","Live",1.9,130,2.4,0.5,,,3.3,1.8,,"ellipsoid or sphere",,,,,,"/PQLg4xSyvY/C0l9NeCPJmfdKfB/PF5p","wBoWs60NgxeDAxOtJq0HayRsmP8oN/AZ","legacyData"
"4a6dfe5c-a30d-45f0-b188-748300c908e8","HARV_044.basePlot.vst","2016-09-28","vst_HARV_2016","D01","HARV","HARV_044",,"NEON.PLA.D01.HARV.08491","ok","small shrub","Live",,,1.0,0.1,,,0.2,0.1,,"ellipsoid or sphere",1.2,10,,,"Tallest stem dead but has live root sprouts.","/PQLg4xSyvY/C0l9NeCPJmfdKfB/PF5p","wBoWs60NgxeDAxOtJq0HayRsmP8oN/AZ","legacyData"
"c000e172-c80b-4286-a2d1-10df09cf29ed","HARV_044.basePlot.vst","2016-09-28","vst_HARV_2016","D01","HARV","HARV_044",,"NEON.PLA.D01.HARV.08479","ok","single bole tree","Live, physically damaged",22.5,130,19.2,,,,,,,,,,,,"Bole split where nail was inserted in 2014.","/PQLg4xSyvY/C0l9NeCPJmfdKfB/PF5p","wBoWs60NgxeDAxOtJq0HayRsmP8oN/AZ","legacyData"
"9d7b385c-e1d5-4e59-82fe-f376f05d6932","HARV_044.basePlot.vst","2016-09-28","vst_HARV_2016","D01","HARV","HARV_044",,"NEON.PLA.D01.HARV.08498","ok","single shrub","Live, physically damaged",1.9,130,3.5,2.3,,,4.1,1.3,,"ellipsoid or sphere",2.3,10,,,"scarred stem","/PQLg4xSyvY/C0l9NeCPJmfdKfB/PF5p","wBoWs60NgxeDAxOtJq0HayRsmP8oN/AZ","legacyData"
"250fd0af-74d7-4787-91a6-0d0a9901dbbb","HARV_044.basePlot.vst","2016-09-28","vst_HARV_2016","D01","HARV","HARV_044",,"NEON.PLA.D01.HARV.10406","ok","single shrub","Live",3.1,130,2.7,1.1,,,2.1,1.3,,"ellipsoid or sphere",3.9,10,,,,"/PQLg4xSyvY/C0l9NeCPJmfdKfB/PF5p","wBoWs60NgxeDAxOtJq0HayRsmP8oN/AZ","legacyData"
"b7c8f9f3-f900-40a4-8cb8-dd97aa0e98e2","HARV_044.basePlot.vst","2016-09-28","vst_HARV_2016","D01","HARV","HARV_044",,"NEON.PLA.D01.HARV.08417","ok","single bole tree","Standing dead",21.7,130,8.4,,,,,,,,,,,,"Cause of death possibly hemlock woolly adelgid.","/PQLg4xSyvY/C0l9NeCPJmfdKfB/PF5p","wBoWs60NgxeDAxOtJq0HayRsmP8oN/AZ","legacyData"
"1fbc4f01-0b76-424f-8bf0-e81a19ba2956","HARV_044.basePlot.vst","2016-09-28","vst_HARV_2016","D01","HARV","HARV_044",,"NEON.PLA.D01.HARV.08408A","ok","multi-bole tree","Live",21.0,130,,,,,,,,,,,,,,"/PQLg4xSyvY/C0l9NeCPJmfdKfB/PF5p","wBoWs60NgxeDAxOtJq0HayRsmP8oN/AZ","legacyData"
"3749f5e4-79e4-403b-ab4a-a6f8715c3b37","HARV_044.basePlot.vst","2016-09-28","vst_HARV_2016","D01","HARV","HARV_044",,"NEON.PLA.D01.HARV.08500","ok","single shrub","Live",1.8,130,2.8,1.4,,,1.4,1.1,,"ellipsoid or sphere",,,,,,"/PQLg4xSyvY/C0l9NeCPJmfdKfB/PF5p","wBoWs60NgxeDAxOtJq0HayRsmP8oN/AZ","legacyData"
"43d1f5e7-31ca-4092-ad69-046501de0162","HARV_044.basePlot.vst","2016-09-28","vst_HARV_2016","D01","HARV","HARV_044",,"NEON.PLA.D01.HARV.08366","ok","single shrub","Live",1.3,130,2.4,0.1,,,0.3,0.1,,"ellipsoid or sphere",1.9,10,,,"Main stem is dead with small root sprouts.","/PQLg4xSyvY/C0l9NeCPJmfdKfB/PF5p","wBoWs60NgxeDAxOtJq0HayRsmP8oN/AZ","legacyData"
"1b80b261-bd85-436c-af3a-3138af215b87","HARV_044.basePlot.vst","2016-09-28","vst_HARV_2016","D01","HARV","HARV_044",,"NEON.PLA.D01.HARV.10425","ok","single shrub","Live,  other damage",1.8,130,1.0,0.3,,,2.4,0.9,,"ellipsoid or sphere",2.8,10,,,"Crazy galls and browsing by deer.","/PQLg4xSyvY/C0l9NeCPJmfdKfB/PF5p","wBoWs60NgxeDAxOtJq0HayRsmP8oN/AZ","legacyData"
"23366711-6936-480b-bcd5-fb078da429c7","HARV_044.basePlot.vst","2016-09-28","vst_HARV_2016","D01","HARV","HARV_044",,"NEON.PLA.D01.HARV.10419","ok","small tree","Dead, broken bole",2.4,130,2.6,,1.4,3.5,,,,,,,,,"Cause of death unknown.","/PQLg4xSyvY/C0l9NeCPJmfdKfB/PF5p","wBoWs60NgxeDAxOtJq0HayRsmP8oN/AZ","legacyData"
"f2049e14-b963-4d80-b825-ef8fdcd2f4a5","HARV_044.basePlot.vst","2016-09-28","vst_HARV_2016","D01","HARV","HARV_044",,"NEON.PLA.D01.HARV.08418A","ok","multi-bole tree","Live",18.6,130,,,,,,,,,,,,,,"/PQLg4xSyvY/C0l9NeCPJmfdKfB/PF5p","wBoWs60NgxeDAxOtJq0HayRsmP8oN/AZ","legacyData"
"9ec039d2-8df3-4c94-b527-2796e9c24e6e","HARV_044.basePlot.vst","2016-09-28","vst_HARV_2016","D01","HARV","HARV_044",,"NEON.PLA.D01.HARV.08416","ok","multi-bole tree","Live",27.5,130,17.6,,,,,,,,,,,,,"/PQLg4xSyvY/C0l9NeCPJmfdKfB/PF5p","wBoWs60NgxeDAxOtJq0HayRsmP8oN/AZ","legacyData"
"7f297f49-420e-4b4e-80f1-a482c57dded4","HARV_044.basePlot.vst","2016-09-28","vst_HARV_2016","D01","HARV","HARV_044",,"NEON.PLA.D01.HARV.08478","ok","single bole tree","Live",25.7,130,18.0,,,,,,,,,,,,,"/PQLg4xSyvY/C0l9NeCPJmfdKfB/PF5p","wBoWs60NgxeDAxOtJq0HayRsmP8oN/AZ","legacyData"
"560e01a5-a391-487e-9cc6-a9a6534b7476","HARV_044.basePlot.vst","2016-09-28","vst_HARV_2016","D01","HARV","HARV_044",,"NEON.PLA.D01.HARV.10436","ok","multi-bole tree","Live",23.5,130,18.0,,,,,,,,,,,,,"/PQLg4xSyvY/C0l9NeCPJmfdKfB/PF5p","wBoWs60NgxeDAxOtJq0HayRsmP8oN/AZ","legacyData"
"59044a52-2412-408f-8639-d2781d8abe0c","HARV_044.basePlot.vst","2016-09-28","vst_HARV_2016","D01","HARV","HARV_044",,"NEON.PLA.D01.HARV.08472","ok","single bole tree","Live, insect damaged",12.6,130,8.8,,,,,,,,,,,,"Has hemlock woolly adelgid.","/PQLg4xSyvY/C0l9NeCPJmfdKfB/PF5p","wBoWs60NgxeDAxOtJq0HayRsmP8oN/AZ","legacyData"
"e0c38870-2bd7-41e7-b9da-3cd38faef790","HARV_044.basePlot.vst","2016-09-28","vst_HARV_2016","D01","HARV","HARV_044",,"NEON.PLA.D01.HARV.08494","ok","small shrub","Live",,,2.7,1.7,,,0.6,0.5,,"ellipsoid or sphere",1.4,10,,,,"/PQLg4xSyvY/C0l9NeCPJmfdKfB/PF5p","wBoWs60NgxeDAxOtJq0HayRsmP8oN/AZ","legacyData"
"e87c682c-71f0-4c40-b2da-cf22a8b33834","HARV_044.basePlot.vst","2016-09-28","vst_HARV_2016","D01","HARV","HARV_044",,"NEON.PLA.D01.HARV.08416B","ok","multi-bole tree","Dead, broken bole",25.1,130,,,4.5,20.0,,,,,,,,,"Unknown cause of death.","/PQLg4xSyvY/C0l9NeCPJmfdKfB/PF5p","wBoWs60NgxeDAxOtJq0HayRsmP8oN/AZ","legacyData"
"bf29e5e7-8e4b-4dbb-b917-bb5371040383","HARV_044.basePlot.vst","2016-09-28","vst_HARV_2016","D01","HARV","HARV_044",,"NEON.PLA.D01.HARV.10427","ok","small shrub","Live,  other damage",,,1.6,0.9,,,1.3,0.6,,"ellipsoid or sphere",1.6,10,,,"Browsed by deer and insect gall.","/PQLg4xSyvY/C0l9NeCPJmfdKfB/PF5p","wBoWs60NgxeDAxOtJq0HayRsmP8oN/AZ","legacyData"
"8e3716c8-b859-4186-ade5-faa63c1a750f","HARV_044.basePlot.vst","2016-09-28","vst_HARV_2016","D01","HARV","HARV_044",,"NEON.PLA.D01.HARV.10426","ok","single shrub","Live",1.8,130,2.2,0.8,,,2.2,1.1,,"ellipsoid or sphere",3.1,10,,,,"/PQLg4xSyvY/C0l9NeCPJmfdKfB/PF5p","wBoWs60NgxeDAxOtJq0HayRsmP8oN/AZ","legacyData"
"e091ef14-0dad-45e6-9566-d9c867b85d50","HARV_044.basePlot.vst","2016-09-28","vst_HARV_2016","D01","HARV","HARV_044",,"NEON.PLA.D01.HARV.10405","ok","small tree","Live",4.6,130,5.5,,,,,,,,,,,,,"/PQLg4xSyvY/C0l9NeCPJmfdKfB/PF5p","wBoWs60NgxeDAxOtJq0HayRsmP8oN/AZ","legacyData"
"4bba973f-885d-4ca5-a794-21d30b599e99","HARV_044.basePlot.vst","2016-09-28","vst_HARV_2016","D01","HARV","HARV_044",,"NEON.PLA.D01.HARV.10411","ok","sapling","Standing dead",,,1.6,,,,,,,,1.1,10,,,"Cause of death unknown.","/PQLg4xSyvY/C0l9NeCPJmfdKfB/PF5p","wBoWs60NgxeDAxOtJq0HayRsmP8oN/AZ","legacyData"
"48572c39-b073-49d4-84ae-f8882a522e64","HARV_044.basePlot.vst","2016-09-28","vst_HARV_2016","D01","HARV","HARV_044",,"NEON.PLA.D01.HARV.08368","ok","small shrub","Live",,,1.5,0.8,,,0.6,0.5,,"ellipsoid or sphere",1.2,10,,,,"/PQLg4xSyvY/C0l9NeCPJmfdKfB/PF5p","wBoWs60NgxeDAxOtJq0HayRsmP8oN/AZ","legacyData"
"cb53eb7f-c5f8-41f3-8bea-a27e581b5357","HARV_044.basePlot.vst","2016-09-28","vst_HARV_2016","D01","HARV","HARV_044",,"NEON.PLA.D01.HARV.08458B","ok","multi-bole tree","Live",20.8,200,,,,,,,,,,,,,,"/PQLg4xSyvY/C0l9NeCPJmfdKfB/PF5p","wBoWs60NgxeDAxOtJq0HayRsmP8oN/AZ","legacyData"
"93abf877-4984-4a2d-a2e8-1e31188f061d","HARV_044.basePlot.vst","2016-09-28","vst_HARV_2016","D01","HARV","HARV_044",,"NEON.PLA.D01.HARV.08377","ok","small shrub","Live,  other damage",,,1.4,0.1,,,0.7,0.6,,"ellipsoid or sphere",1.3,10,,,"Browsed by deer.","/PQLg4xSyvY/C0l9NeCPJmfdKfB/PF5p","wBoWs60NgxeDAxOtJq0HayRsmP8oN/AZ","legacyData"
"6fb59839-ebd2-46f6-9ba9-36ca5c1a008a","HARV_044.basePlot.vst","2016-09-28","vst_HARV_2016","D01","HARV","HARV_044",,"NEON.PLA.D01.HARV.08457","ok",,"No longer qualifies",,,,,,,,,,,,,,,"too small.","/PQLg4xSyvY/C0l9NeCPJmfdKfB/PF5p","wBoWs60NgxeDAxOtJq0HayRsmP8oN/AZ","legacyData"
"c5fe56f9-dce6-4d14-a76c-cdd461d6111c","HARV_044.basePlot.vst","2016-09-28","vst_HARV_2016","D01","HARV","HARV_044",,"NEON.PLA.D01.HARV.10413","ok","small tree","Live",2.2,130,,,,,,,,,,,,,,"/PQLg4xSyvY/C0l9NeCPJmfdKfB/PF5p","wBoWs60NgxeDAxOtJq0HayRsmP8oN/AZ","legacyData"
"9811859a-3ce8-4977-a93c-117844276d8b","HARV_044.basePlot.vst","2016-09-28","vst_HARV_2016","D01","HARV","HARV_044",,"NEON.PLA.D01.HARV.08461A","ok","multi-bole tree","Live, disease damaged",30.9,183,15.7,,,,,,,,,,,,"Shelf fungi sprouting from bole.","/PQLg4xSyvY/C0l9NeCPJmfdKfB/PF5p","wBoWs60NgxeDAxOtJq0HayRsmP8oN/AZ","legacyData"
"b93a2670-f0bd-49a8-8609-a8f83bb278d9","HARV_044.basePlot.vst","2016-09-28","vst_HARV_2016","D01","HARV","HARV_044",,"NEON.PLA.D01.HARV.08464","ok","single bole tree","Live",25.8,130,15.5,,,,,,,,,,,,,"/PQLg4xSyvY/C0l9NeCPJmfdKfB/PF5p","wBoWs60NgxeDAxOtJq0HayRsmP8oN/AZ","legacyData"
"022be6c2-023c-41e2-bcea-3be14fb27ebb","HARV_044.basePlot.vst","2016-09-28","vst_HARV_2016","D01","HARV","HARV_044",,"NEON.PLA.D01.HARV.08364","ok","single bole tree","Live, broken bole",23.0,130,10.2,,8.6,15.0,,,,,,,,,"Broken crown but other branches grew up around it.","/PQLg4xSyvY/C0l9NeCPJmfdKfB/PF5p","wBoWs60NgxeDAxOtJq0HayRsmP8oN/AZ","legacyData"
"1bb41604-6c6d-418a-92f0-7a030e0ba409","HARV_044.basePlot.vst","2016-09-28","vst_HARV_2016","D01","HARV","HARV_044",,"NEON.PLA.D01.HARV.08376","ok","small shrub","Standing dead",,,0.6,,,,,,,,1.1,10,,,"Cause of death unknown.","/PQLg4xSyvY/C0l9NeCPJmfdKfB/PF5p","wBoWs60NgxeDAxOtJq0HayRsmP8oN/AZ","legacyData"
"b52ad774-4e14-448f-ba94-25aac7e844d2","HARV_044.basePlot.vst","2016-09-28","vst_HARV_2016","D01","HARV","HARV_044",,"NEON.PLA.D01.HARV.08473","ok","single bole tree","Dead, broken bole",11.4,130,2.5,,2.5,11.0,,,,,,,,,"Unknown cause of death.","/PQLg4xSyvY/C0l9NeCPJmfdKfB/PF5p","wBoWs60NgxeDAxOtJq0HayRsmP8oN/AZ","legacyData"
"435e337a-13fd-45de-8834-a2f8a7dd3e2b","HARV_044.basePlot.vst","2016-09-28","vst_HARV_2016","D01","HARV","HARV_044",,"NEON.PLA.D01.HARV.08496","ok","small tree","Live",1.7,137,3.2,,,,,,,,,,,,,"/PQLg4xSyvY/C0l9NeCPJmfdKfB/PF5p","wBoWs60NgxeDAxOtJq0HayRsmP8oN/AZ","legacyData"
"6c899915-9546-41cd-9711-faa321e7bbf9","HARV_044.basePlot.vst","2016-09-28","vst_HARV_2016","D01","HARV","HARV_044",,"NEON.PLA.D01.HARV.08402","ok","single bole tree","Live",12.3,130,5.4,,,,,,,,,,,,,"/PQLg4xSyvY/C0l9NeCPJmfdKfB/PF5p","wBoWs60NgxeDAxOtJq0HayRsmP8oN/AZ","legacyData"
"2eb8c3ef-955b-421a-92a4-daa141b68a6d","HARV_044.basePlot.vst","2016-09-28","vst_HARV_2016","D01","HARV","HARV_044",,"NEON.PLA.D01.HARV.08488","ok","single bole tree","Live",40.1,130,21.0,,,,,,,,,,,,,"/PQLg4xSyvY/C0l9NeCPJmfdKfB/PF5p","wBoWs60NgxeDAxOtJq0HayRsmP8oN/AZ","legacyData"
"148c57cf-0064-4492-bf53-2515a1e24bca","HARV_044.basePlot.vst","2016-09-28","vst_HARV_2016","D01","HARV","HARV_044",,"NEON.PLA.D01.HARV.10415","ok","single bole tree","Live",17.2,130,17.2,,,,,,,,,,,,,"/PQLg4xSyvY/C0l9NeCPJmfdKfB/PF5p","wBoWs60NgxeDAxOtJq0HayRsmP8oN/AZ","legacyData"
"8aae8574-0273-44bf-968c-c945cd6b1794","HARV_044.basePlot.vst","2016-09-28","vst_HARV_2016","D01","HARV","HARV_044",,"NEON.PLA.D01.HARV.08424","ok","multi-bole tree","Live, physically damaged",22.4,130,14.0,,,,,,,,,,,,"Broken branch.","/PQLg4xSyvY/C0l9NeCPJmfdKfB/PF5p","wBoWs60NgxeDAxOtJq0HayRsmP8oN/AZ","legacyData"
"0f73127c-a63c-47c1-9e55-9e04194716dd","HARV_044.basePlot.vst","2016-09-28","vst_HARV_2016","D01","HARV","HARV_044",,"NEON.PLA.D01.HARV.08371","ok","single shrub","Live",1.1,130,2.2,1.3,,,0.8,0.7,,"ellipsoid or sphere",1.6,10,,,,"/PQLg4xSyvY/C0l9NeCPJmfdKfB/PF5p","wBoWs60NgxeDAxOtJq0HayRsmP8oN/AZ","legacyData"
"78cc605b-df5c-4ede-a5dd-22f8f2118aa1","HARV_044.basePlot.vst","2016-09-28","vst_HARV_2016","D01","HARV","HARV_044",,"NEON.PLA.D01.HARV.08405","ok","multi-bole tree","Live",19.1,130,12.9,,,,,,,,,,,,,"/PQLg4xSyvY/C0l9NeCPJmfdKfB/PF5p","wBoWs60NgxeDAxOtJq0HayRsmP8oN/AZ","legacyData"
"8de0791f-68a4-4c7f-a6be-b187e3144a1b","HARV_044.basePlot.vst","2016-09-28","vst_HARV_2016","D01","HARV","HARV_044",,"NEON.PLA.D01.HARV.08408","ok","multi-bole tree","Live",22.1,130,18.8,,,,,,,,,,,,,"/PQLg4xSyvY/C0l9NeCPJmfdKfB/PF5p","wBoWs60NgxeDAxOtJq0HayRsmP8oN/AZ","legacyData"
"b05bfab0-48c0-4c53-aa05-2a9326031dc2","HARV_044.basePlot.vst","2016-09-28","vst_HARV_2016","D01","HARV","HARV_044",,"NEON.PLA.D01.HARV.08499","ok","small shrub","Removed",,,,,,,,,,,,,,,"Part of 8498","/PQLg4xSyvY/C0l9NeCPJmfdKfB/PF5p","wBoWs60NgxeDAxOtJq0HayRsmP8oN/AZ","legacyData"
"72e4cf68-b627-4ff9-a8f0-87c4efb4f375","HARV_044.basePlot.vst","2016-09-28","vst_HARV_2016","D01","HARV","HARV_044",,"NEON.PLA.D01.HARV.10418","ok","single shrub","Live",2.7,130,2.4,0.5,,,3.3,1.8,,"ellipsoid or sphere",3.5,10,,,,"/PQLg4xSyvY/C0l9NeCPJmfdKfB/PF5p","wBoWs60NgxeDAxOtJq0HayRsmP8oN/AZ","legacyData"
"0c31c657-d938-4ddd-87ba-6f1293a507c8","HARV_044.basePlot.vst","2016-09-28","vst_HARV_2016","D01","HARV","HARV_044",,"NEON.PLA.D01.HARV.08418B","ok","multi-bole tree","Dead, broken bole",12.4,130,,,2.1,10.0,,,,,,,,,"Unknown cause of death.","/PQLg4xSyvY/C0l9NeCPJmfdKfB/PF5p","wBoWs60NgxeDAxOtJq0HayRsmP8oN/AZ","legacyData"
"451584c4-0a01-434c-953e-3fa1f48cc71b","HARV_044.basePlot.vst","2016-09-28","vst_HARV_2016","D01","HARV","HARV_044",,"NEON.PLA.D01.HARV.10424","ok","small shrub","Live",,,1.5,0.5,,,1.3,0.8,,"ellipsoid or sphere",1.1,10,,,,"/PQLg4xSyvY/C0l9NeCPJmfdKfB/PF5p","wBoWs60NgxeDAxOtJq0HayRsmP8oN/AZ","legacyData"
"c62a357b-7e17-4aeb-a0ec-30c22d6ed9a7","HARV_044.basePlot.vst","2016-09-28","vst_HARV_2016","D01","HARV","HARV_044",,"NEON.PLA.D01.HARV.08001","ok","single shrub","Live, physically damaged",3.2,130,1.8,0.5,,,2.6,2.2,,"ellipsoid or sphere",3.6,10,,,"Bark scraped off base of stem.","/PQLg4xSyvY/C0l9NeCPJmfdKfB/PF5p","wBoWs60NgxeDAxOtJq0HayRsmP8oN/AZ","legacyData"
"096c852d-211b-4a90-8065-73c72ea3ba74","HARV_044.basePlot.vst","2016-09-28","vst_HARV_2016","D01","HARV","HARV_044",,"NEON.PLA.D01.HARV.08500","ok","single shrub","Live, disease damaged",1.8,130,2.8,1.4,,,1.4,1.1,,"ellipsoid or sphere",3.2,10,,,"Witch's broom.","/PQLg4xSyvY/C0l9NeCPJmfdKfB/PF5p","wBoWs60NgxeDAxOtJq0HayRsmP8oN/AZ","legacyData"
"2b1464f3-4be8-4c53-a06f-7ab1a34e52ff","HARV_044.basePlot.vst","2016-09-28","vst_HARV_2016","D01","HARV","HARV_044",,"NEON.PLA.D01.HARV.08493","ok","single shrub","Live",2.0,130,1.7,1.4,,,2.8,0.5,,"ellipsoid or sphere",1.9,10,,,,"/PQLg4xSyvY/C0l9NeCPJmfdKfB/PF5p","wBoWs60NgxeDAxOtJq0HayRsmP8oN/AZ","legacyData"
"8d795a20-a01e-4cce-92b5-97b99bbf26ae","HARV_044.basePlot.vst","2016-09-28","vst_HARV_2016","D01","HARV","HARV_044",,"NEON.PLA.D01.HARV.10430","ok","sapling","Live",,,1.6,,,,,,,,1.4,10,,,,"/PQLg4xSyvY/C0l9NeCPJmfdKfB/PF5p","wBoWs60NgxeDAxOtJq0HayRsmP8oN/AZ","legacyData"
"4b32f7dd-a46c-4d00-b1f6-8d4ab4dfa524","HARV_044.basePlot.vst","2016-09-28","vst_HARV_2016","D01","HARV","HARV_044",,"NEON.PLA.D01.HARV.08495","ok","single shrub","Live",1.0,130,1.3,0.9,,,0.8,0.7,,"ellipsoid or sphere",1.7,10,,,,"/PQLg4xSyvY/C0l9NeCPJmfdKfB/PF5p","wBoWs60NgxeDAxOtJq0HayRsmP8oN/AZ","legacyData"
"94c7c56b-bd0f-4c1d-a23a-86374b84d12e","HARV_044.basePlot.vst","2016-09-28","vst_HARV_2016","D01","HARV","HARV_044",,"NEON.PLA.D01.HARV.08496","ok","small tree","Live",2.0,137,3.2,,,,,,,,,,,,,"/PQLg4xSyvY/C0l9NeCPJmfdKfB/PF5p","wBoWs60NgxeDAxOtJq0HayRsmP8oN/AZ","legacyData"
"ebd2defe-99ef-4f4d-8bfa-afd43ccefebf","HARV_044.basePlot.vst","2016-09-28","vst_HARV_2016","D01","HARV","HARV_044",,"NEON.PLA.D01.HARV.08486","ok","single bole tree","Live, broken bole",20.2,130,12.7,,8.0,17.0,,,,,,,,,,"/PQLg4xSyvY/C0l9NeCPJmfdKfB/PF5p","wBoWs60NgxeDAxOtJq0HayRsmP8oN/AZ","legacyData"
"8c0c7b23-a96a-4dd9-97ca-bf14acc386ae","HARV_044.basePlot.vst","2016-09-28","vst_HARV_2016","D01","HARV","HARV_044",,"NEON.PLA.D01.HARV.08369","ok","small tree","Live, physically damaged",2.1,130,1.7,,,,,,,,,,,,"Scarring at base. One main branch broken.","/PQLg4xSyvY/C0l9NeCPJmfdKfB/PF5p","wBoWs60NgxeDAxOtJq0HayRsmP8oN/AZ","legacyData"
"30623a40-afef-42c3-ba57-cbb288da0ec9","HARV_044.basePlot.vst","2016-09-28","vst_HARV_2016","D01","HARV","HARV_044",,"NEON.PLA.D01.HARV.08474","ok","single bole tree","Live, insect damaged",14.0,130,8.9,,,,,,,,,,,,"Has hemlock woolly adelgid.","/PQLg4xSyvY/C0l9NeCPJmfdKfB/PF5p","wBoWs60NgxeDAxOtJq0HayRsmP8oN/AZ","legacyData"
"3998a3e5-e78d-4d73-b8b2-d55f5a3d1e2f","HARV_044.basePlot.vst","2016-09-28","vst_HARV_2016","D01","HARV","HARV_044",,"NEON.PLA.D01.HARV.08409","ok","multi-bole tree","Live, physically damaged",20.0,130,16.6,,,,,,,,,,,,"Broken branches.","/PQLg4xSyvY/C0l9NeCPJmfdKfB/PF5p","wBoWs60NgxeDAxOtJq0HayRsmP8oN/AZ","legacyData"
"0c340a16-e672-4e8e-8f06-1f98a5761a06","HARV_044.basePlot.vst","2016-09-28","vst_HARV_2016","D01","HARV","HARV_044",,"NEON.PLA.D01.HARV.10421","ok","small shrub","Live",,,1.7,0.9,,,1.3,1.2,,"ellipsoid or sphere",2.0,10,,,,"/PQLg4xSyvY/C0l9NeCPJmfdKfB/PF5p","wBoWs60NgxeDAxOtJq0HayRsmP8oN/AZ","legacyData"
"a0aeb4af-8f15-4cb8-b824-1b867df69786","HARV_044.basePlot.vst","2016-09-28","vst_HARV_2016","D01","HARV","HARV_044",,"NEON.PLA.D01.HARV.08461","ok","multi-bole tree","Dead, broken bole",26.4,180,10.7,,10.7,13.0,,,,,,,,,"Cause of death unknown.","/PQLg4xSyvY/C0l9NeCPJmfdKfB/PF5p","wBoWs60NgxeDAxOtJq0HayRsmP8oN/AZ","legacyData"
"167e0cb3-4afd-498b-bc02-a8061ee8cc6d","HARV_044.basePlot.vst","2016-09-28","vst_HARV_2016","D01","HARV","HARV_044",,"NEON.PLA.D01.HARV.08468","ok","single bole tree","Live, physically damaged",15.4,130,14.5,,,,,,,,,,,,"Large wound on bole.","/PQLg4xSyvY/C0l9NeCPJmfdKfB/PF5p","wBoWs60NgxeDAxOtJq0HayRsmP8oN/AZ","legacyData"
"b9bbaf9d-6578-4512-b050-c4af86e5cf36","HARV_044.basePlot.vst","2016-09-28","vst_HARV_2016","D01","HARV","HARV_044",,"NEON.PLA.D01.HARV.08372","ok","single shrub","Standing dead",1.5,130,3.0,,,,3.7,1.5,,"inverted cone",1.7,10,0.40,0.40,"Cause of death unknown","/PQLg4xSyvY/C0l9NeCPJmfdKfB/PF5p","wBoWs60NgxeDAxOtJq0HayRsmP8oN/AZ","legacyData"
"1159d3eb-f23c-4244-afc7-d5db84db9c41","HARV_044.basePlot.vst","2016-09-28","vst_HARV_2016","D01","HARV","HARV_044",,"NEON.PLA.D01.HARV.08410","ok","single bole tree","Live",21.1,130,8.0,,,,,,,,,,,,,"/PQLg4xSyvY/C0l9NeCPJmfdKfB/PF5p","wBoWs60NgxeDAxOtJq0HayRsmP8oN/AZ","legacyData"
"1496a2b2-0b7f-498b-8d5f-fd2fed9868ba","HARV_044.basePlot.vst","2016-09-28","vst_HARV_2016","D01","HARV","HARV_044",,"NEON.PLA.D01.HARV.10414","ok","small tree","Live, physically damaged",8.0,130,5.0,,,,,,,,,,,,"Has hemlock woolly adelgid. Main branch broken.","/PQLg4xSyvY/C0l9NeCPJmfdKfB/PF5p","wBoWs60NgxeDAxOtJq0HayRsmP8oN/AZ","legacyData"
"c99699ac-61fc-4763-bb72-2da39d38cfb8","HARV_044.basePlot.vst","2016-09-28","vst_HARV_2016","D01","HARV","HARV_044",,"NEON.PLA.D01.HARV.08463","ok","multi-bole tree","Live",19.7,130,16.4,,,,,,,,,,,,,"/PQLg4xSyvY/C0l9NeCPJmfdKfB/PF5p","wBoWs60NgxeDAxOtJq0HayRsmP8oN/AZ","legacyData"
"7566f2e9-569b-48aa-bcbe-617697eba063","HARV_044.basePlot.vst","2016-09-28","vst_HARV_2016","D01","HARV","HARV_044",,"NEON.PLA.D01.HARV.08405B","ok","multi-bole tree","Dead, broken bole",16.6,130,9.5,,9.5,13.0,,,,,,,,,"Unknown cause of death.","/PQLg4xSyvY/C0l9NeCPJmfdKfB/PF5p","wBoWs60NgxeDAxOtJq0HayRsmP8oN/AZ","legacyData"
"f12447c4-52e0-4f72-9aa2-25e48cf6861b","HARV_044.basePlot.vst","2016-09-28","vst_HARV_2016","D01","HARV","HARV_044",,"NEON.PLA.D01.HARV.08484","ok","single bole tree","Live",11.4,130,7.2,,,,,,,,,,,,,"/PQLg4xSyvY/C0l9NeCPJmfdKfB/PF5p","wBoWs60NgxeDAxOtJq0HayRsmP8oN/AZ","legacyData"
"69b3182b-ada3-4461-9462-3f6ca07e9ec6","HARV_044.basePlot.vst","2016-09-28","vst_HARV_2016","D01","HARV","HARV_044",,"NEON.PLA.D01.HARV.08409A","ok","multi-bole tree","Dead, broken bole",12.3,130,,,4.1,11.0,,,,,,,,,"Unknown cause of death.","/PQLg4xSyvY/C0l9NeCPJmfdKfB/PF5p","wBoWs60NgxeDAxOtJq0HayRsmP8oN/AZ","legacyData"
"25f3f31d-28d2-4ed9-91e2-b557e825e48b","HARV_044.basePlot.vst","2016-09-28","vst_HARV_2016","D01","HARV","HARV_044",,"NEON.PLA.D01.HARV.08458","ok","multi-bole tree","Live",33.1,130,12.5,,,,,,,,,,,,,"/PQLg4xSyvY/C0l9NeCPJmfdKfB/PF5p","wBoWs60NgxeDAxOtJq0HayRsmP8oN/AZ","legacyData"
"2b238043-1adb-4162-b364-6881a620d66b","HARV_044.basePlot.vst","2016-09-28","vst_HARV_2016","D01","HARV","HARV_044",,"NEON.PLA.D01.HARV.08476","ok","single bole tree","Live, broken bole",16.5,130,12.9,,11.8,9.0,,,,,,,,,,"/PQLg4xSyvY/C0l9NeCPJmfdKfB/PF5p","wBoWs60NgxeDAxOtJq0HayRsmP8oN/AZ","legacyData"
"6fbfb2ba-2e2d-40c8-9669-f38f6cc98a1c","HARV_044.basePlot.vst","2016-09-28","vst_HARV_2016","D01","HARV","HARV_044",,"NEON.PLA.D01.HARV.10407","ok",,"No longer qualifies",,,,,,,,,,,,,,,"Broke.","/PQLg4xSyvY/C0l9NeCPJmfdKfB/PF5p","wBoWs60NgxeDAxOtJq0HayRsmP8oN/AZ","legacyData"
"c33e4aed-7a1e-41ba-b20c-80c359649352","HARV_044.basePlot.vst","2016-09-28","vst_HARV_2016","D01","HARV","HARV_044",,"NEON.PLA.D01.HARV.10433","ok","single bole tree","Live",21.6,130,10.0,,,,,,,,,,,,,"/PQLg4xSyvY/C0l9NeCPJmfdKfB/PF5p","wBoWs60NgxeDAxOtJq0HayRsmP8oN/AZ","legacyData"
