uid,namedLocation,domainID,siteID,plotID,plotType,nlcdClass,decimalLatitude,decimalLongitude,geodeticDatum,coordinateUncertainty,elevation,elevationUncertainty,collectDate,eventID,sampleID,sampleCode,samplingMethod,totalSampledArea,targetTaxaPresent,adultCount,nymphCount,larvaCount,sampleCondition,samplingProtocolVersion,measuredBy,remarks
"475b9aac-d30f-4b75-b75a-1bcc790fa8f6","JERC_044.tickPlot.tck","D03","JERC","JERC_044","distributed","mixedForest",31.195549,-84.482479,"WGS84",20.1,42.5,0.1,"2015-08-11T16:30Z","JERC.2015.32",,,"drag",150,"N",0,0,,,"NEON.DOC.014045vF","7ZsG8s1cQijU1p7CX6b9FFmtAbFO95m7WFQPle7XS5ktmJDfP9yb+ZCFEIqMUyCdWAk0o+gKPOGFpWA68YVLz/XE9immSQyL","plot 044 re-stablishment. Moved north of previous plot."
"3afb9226-2ba7-41b1-b521-4150f881646d","JERC_034.tickPlot.tck","D03","JERC","JERC_034","distributed","deciduousForest",31.198824,-84.491213,"WGS84",20.1,44.9,0.2,"2015-08-12T16:25Z","JERC.2015.32",,,"drag and flag",168,"N",0,0,,,"NEON.DOC.014045vF","cfnhyGSqXKc3516bF+Ud/tAn6SN3Ea1tMze0x8oQUwSqboiiaLfZdrYzd1LLMedU22PezkP6EGNnZutfNNA0c1qqV8xAeDjGu5uKzDAoT+dJx9XloWU4Qxsgfu/70cSP",
"8cf8a65e-fb6d-4e24-8fcc-09c6e9a61af8","JERC_010.tickPlot.tck","D03","JERC","JERC_010","distributed","deciduousForest",31.209219,-84.470530,"WGS84",20.2,40.5,0.5,"2015-08-12T17:00Z","JERC.2015.32",,,"drag",160,"N",0,0,,,"NEON.DOC.014045vF","cfnhyGSqXKc3516bF+Ud/tAn6SN3Ea1tMze0x8oQUwSqboiiaLfZdrYzd1LLMedU22PezkP6EGNnZutfNNA0c1qqV8xAeDjGu5uKzDAoT+dJx9XloWU4Qxsgfu/70cSP",
"58e86200-eeb7-4aae-a6f4-4490b8b4a067","JERC_002.tickPlot.tck","D03","JERC","JERC_002","distributed","evergreenForest",31.194065,-84.461537,"WGS84",20.3,56.0,0.5,"2015-08-12T17:30Z","JERC.2015.32",,,"drag",161,"N",0,0,,,"NEON.DOC.014045vF","cfnhyGSqXKc3516bF+Ud/tAn6SN3Ea1tMze0x8oQUwSqboiiaLfZdrYzd1LLMedU22PezkP6EGNnZutfNNA0c1qqV8xAeDjGu5uKzDAoT+dJx9XloWU4Qxsgfu/70cSP",
"ccdff52d-a3bf-43e5-9c50-0aa32bc78108","JERC_004.tickPlot.tck","D03","JERC","JERC_004","distributed","cultivatedCrops",31.190115,-84.467381,"WGS84",20.1,43.6,0.2,"2015-08-12T17:56Z","JERC.2015.32",,,"drag and flag",163,"N",0,0,,,"NEON.DOC.014045vF","cfnhyGSqXKc3516bF+Ud/tAn6SN3Ea1tMze0x8oQUwSqboiiaLfZdrYzd1LLMedU22PezkP6EGNnZutfNNA0c1qqV8xAeDjGu5uKzDAoT+dJx9XloWU4Qxsgfu/70cSP",
