uid,namedLocation,date,eventID,domainID,siteID,plotID,subplotID,nestedSubplotID,groupID,taxonID,scientificName,taxonRank,identificationReferences,identificationQualifier,volumePercent,livePercent,deadPercent,canopyArea,meanHeight,remarks,measuredBy,recordedBy,dataQF
"487aa504-9842-4784-818f-6b2a70a173c4","TALL_004.basePlot.vst","2015-10-16","vst_TALL_2015","D08","TALL","TALL_004","31","4","31 _0","COFL2","Cornus florida L.","species",,,100,50,50,2.0,2.60,,"LL/gXdi67CgOxDk89BiEoiy0+ICVjEP4","t8vBr06IaSD6dccs94XyeASiM5bqXtQj","legacyData"
"b3ab5fee-ce06-4733-a327-539fa8898d65","TALL_004.basePlot.vst","2015-10-16","vst_TALL_2015","D08","TALL","TALL_004","31","4","31 _0","QUFA","Quercus falcata Michx.","species",,,3,100,0,2.0,1.84,,"LL/gXdi67CgOxDk89BiEoiy0+ICVjEP4","t8vBr06IaSD6dccs94XyeASiM5bqXtQj","legacyData"
"a04129b2-cd07-45f2-a656-54cbb329145c","TALL_004.basePlot.vst","2015-10-16","vst_TALL_2015","D08","TALL","TALL_004","31","4","31 _0","VAAR","Vaccinium arboreum Marshall","species",,,92,65,35,2.0,1.84,,"LL/gXdi67CgOxDk89BiEoiy0+ICVjEP4","t8vBr06IaSD6dccs94XyeASiM5bqXtQj","legacyData"
"8098d423-73a3-4e57-aa20-e1feea80e0f9","TALL_004.basePlot.vst","2015-10-16","vst_TALL_2015","D08","TALL","TALL_004","31","4","31 _0","COFL2","Cornus florida L.","species",,,5,100,0,2.0,1.84,,"LL/gXdi67CgOxDk89BiEoiy0+ICVjEP4","t8vBr06IaSD6dccs94XyeASiM5bqXtQj","legacyData"
