uid,namedLocation,date,domainID,siteID,plotID,plotType,nlcdClass,decimalLatitude,decimalLongitude,geodeticDatum,coordinateUncertainty,easting,northing,utmZone,elevation,elevationUncertainty,eventID,samplingProtocolVersion,treesPresent,treesAbsentList,shrubsPresent,shrubsAbsentList,lianasPresent,lianasAbsentList,nestedSubplotAreaShrubSapling,nestedSubplotAreaLiana,totalSampledAreaTrees,totalSampledAreaShrubSapling,totalSampledAreaLiana,remarks,measuredBy,recordedBy,dataQF
"89bf1238-3004-4da9-9d1a-47c9e996c752","TALL_046.basePlot.vst","2015-10-01","D08","TALL","TALL_046","tower","evergreenForest",32.951781,-87.395394,"WGS84",20.2,463043.74,3646010.76,"16N",135.8,0.3,"vst_TALL_2015","NEON.DOC.000987vE",,,,,,,"25","noneSelected",800,100,800,,"uJ5xbzbiYYfl0x/GiDbsyp9NPQfiopZ0","XIk3CMH/VT2ztcDIBBKNwssfFUwUsihU","legacyData"
"131d6b10-dd0b-4f99-903b-331ae8c0f592","TALL_061.basePlot.vst","2015-10-01","D08","TALL","TALL_061","tower","evergreenForest",32.948259,-87.399841,"WGS84",20.2,462626.61,3645621.88,"16N",123.1,0.3,"vst_TALL_2015","NEON.DOC.000987vE",,,,,,,"10","noneSelected",800,40,800,,"m44ngqESPVQW9kM8WnDXD5TDWb0aZ5FY","5bNzYImeaOHtlXGPWGCPlX8bb2aM72iw","legacyData"
"6683f74f-b710-4199-b4a0-24acb8150e94","TALL_050.basePlot.vst","2015-10-02","D08","TALL","TALL_050","tower","evergreenForest",32.950429,-87.399202,"WGS84",20.2,462687.25,3645862.22,"16N",132.7,0.2,"vst_TALL_2015","NEON.DOC.000987vE",,,,,,,"25","noneSelected",800,100,800,,"56NWpqkULoxnJRco3jytVpwp1mk4BuSv","5bNzYImeaOHtlXGPWGCPlX8bb2aM72iw","legacyData"
"850147db-fee9-4286-8d88-02b4ac4379d0","TALL_052.basePlot.vst","2015-10-02","D08","TALL","TALL_052","tower","evergreenForest",32.949358,-87.395673,"WGS84",20.1,463016.65,3645742.25,"16N",132.1,0.2,"vst_TALL_2015","NEON.DOC.000987vE",,,,,,,"10","noneSelected",800,40,800,,"LVSiyA6Tq3zB5gSTdDoChwEPCZrh3pEg","5bNzYImeaOHtlXGPWGCPlX8bb2aM72iw","legacyData"
"bf4d9a53-6028-4ca9-b86f-d198e9854735","TALL_057.basePlot.vst","2015-10-05","D08","TALL","TALL_057","tower","evergreenForest",32.947183,-87.397927,"WGS84",20.1,462805.06,3645501.92,"16N",102.7,0.2,"vst_TALL_2015","NEON.DOC.000987vE",,,,,,,"25","noneSelected",800,100,800,,"m44ngqESPVQW9kM8WnDXD5TDWb0aZ5FY","5bNzYImeaOHtlXGPWGCPlX8bb2aM72iw","legacyData"
"48e73727-9d71-4666-aa71-b4cd2b4181f0","TALL_051.basePlot.vst","2015-10-05","D08","TALL","TALL_051","tower","mixedForest",32.950148,-87.397284,"WGS84",20.3,462866.40,3645830.39,"16N",117.9,0.4,"vst_TALL_2015","NEON.DOC.000987vE",,,,,,,"10","noneSelected",800,40,800,,"uJ5xbzbiYYfl0x/GiDbsyp9NPQfiopZ0","5bNzYImeaOHtlXGPWGCPlX8bb2aM72iw","legacyData"
"2f43afd3-df3f-40e8-92ff-316edec55d18","TALL_055.basePlot.vst","2015-10-06","D08","TALL","TALL_055","tower","deciduousForest",32.948540,-87.398567,"WGS84",20.1,462745.81,3645652.58,"16N",102.4,0.1,"vst_TALL_2015","NEON.DOC.000987vE",,,,,,,"10","noneSelected",800,40,800,,"uJ5xbzbiYYfl0x/GiDbsyp9NPQfiopZ0","5bNzYImeaOHtlXGPWGCPlX8bb2aM72iw","legacyData"
"67012ffa-fecd-4603-9213-e02785df2bd6","TALL_058.basePlot.vst","2015-10-06","D08","TALL","TALL_058","tower","deciduousForest",32.946941,-87.396620,"WGS84",20.2,462927.13,3645474.63,"16N",102.4,0.2,"vst_TALL_2015","NEON.DOC.000987vE",,,,,,,"25","noneSelected",800,100,800,,"uJ5xbzbiYYfl0x/GiDbsyp9NPQfiopZ0","5bNzYImeaOHtlXGPWGCPlX8bb2aM72iw","legacyData"
"474a023e-2585-43b2-868b-02e62b63c835","TALL_060.basePlot.vst","2015-10-06","D08","TALL","TALL_060","tower","evergreenForest",32.952565,-87.398892,"WGS84",20.3,462717.12,3646098.91,"16N",128.4,0.4,"vst_TALL_2015","NEON.DOC.000987vE",,,,,,,"100","noneSelected",800,400,800,,"1jPgPLJsI1yDGXXXpUXDbv0ukXnnNL8m","5bNzYImeaOHtlXGPWGCPlX8bb2aM72iw","legacyData"
"36a796c5-07c1-4aea-b557-7aff333a692a","TALL_045.basePlot.vst","2015-10-07","D08","TALL","TALL_045","tower","evergreenForest",32.951776,-87.397297,"WGS84",20.1,462865.87,3646010.88,"16N",137.7,0.2,"vst_TALL_2015","NEON.DOC.000987vE",,,,,,,"10","noneSelected",800,40,800,,"m44ngqESPVQW9kM8WnDXD5TDWb0aZ5FY","1jPgPLJsI1yDGXXXpUXDbv0ukXnnNL8m","legacyData"
"f03e3473-1a50-493c-8cc1-2eaa8910f744","TALL_059.basePlot.vst","2015-10-07","D08","TALL","TALL_059","tower","deciduousForest",32.946631,-87.395039,"WGS84",20.2,463074.78,3645439.71,"16N",99.2,0.2,"vst_TALL_2015","NEON.DOC.000987vE",,,,,,,"100","noneSelected",800,400,800,,"uJ5xbzbiYYfl0x/GiDbsyp9NPQfiopZ0","LL/gXdi67CgOxDk89BiEoiy0+ICVjEP4","legacyData"
"55cdb19d-d515-4418-bb9b-dec2ddc019f0","TALL_047.basePlot.vst","2015-10-08","D08","TALL","TALL_047","tower","evergreenForest",32.951506,-87.398919,"WGS84",20.2,462714.15,3645981.52,"16N",135.8,0.2,"vst_TALL_2015","NEON.DOC.000987vE",,,,,,,"100","noneSelected",800,400,800,,"1jPgPLJsI1yDGXXXpUXDbv0ukXnnNL8m","LVSiyA6Tq3zB5gSTdDoChwEPCZrh3pEg","legacyData"
"44e229fe-50b1-4273-ac84-9080b461b1a8","TALL_056.basePlot.vst","2015-10-08","D08","TALL","TALL_056","tower","evergreenForest",32.948031,-87.395988,"WGS84",20.2,462986.66,3645595.25,"16N",128.1,0.3,"vst_TALL_2015","NEON.DOC.000987vE",,,,,,,"25","noneSelected",800,100,800,,"m44ngqESPVQW9kM8WnDXD5TDWb0aZ5FY","5bNzYImeaOHtlXGPWGCPlX8bb2aM72iw","legacyData"
"ff57c58a-0f02-47d6-9b7a-7b46ebef667d","TALL_044.basePlot.vst","2015-10-08","D08","TALL","TALL_044","tower","evergreenForest",32.952869,-87.397604,"WGS84",20.2,462837.63,3646132.16,"16N",130.1,0.2,"vst_TALL_2015","NEON.DOC.000987vE",,,,,,,"10","noneSelected",800,40,800,,"1jPgPLJsI1yDGXXXpUXDbv0ukXnnNL8m","XIk3CMH/VT2ztcDIBBKNwssfFUwUsihU","legacyData"
"157c25dc-49fb-4648-aec1-db82fe9bf279","TALL_054.basePlot.vst","2015-10-08","D08","TALL","TALL_054","tower","evergreenForest",32.948793,-87.397268,"WGS84",20.2,462867.33,3645680.17,"16N",124.8,0.3,"vst_TALL_2015","NEON.DOC.000987vE",,,,,,,"10","noneSelected",800,40,800,,"m44ngqESPVQW9kM8WnDXD5TDWb0aZ5FY","5bNzYImeaOHtlXGPWGCPlX8bb2aM72iw","legacyData"
"115d09eb-8ae0-4d8f-8613-b832faeb57fd","TALL_048.basePlot.vst","2015-10-09","D08","TALL","TALL_048","tower","evergreenForest",32.950700,-87.396003,"WGS84",20.2,462986.37,3645891.14,"16N",141.6,0.2,"vst_TALL_2015","NEON.DOC.000987vE",,,,,,,"10","noneSelected",800,40,800,,"uJ5xbzbiYYfl0x/GiDbsyp9NPQfiopZ0","5bNzYImeaOHtlXGPWGCPlX8bb2aM72iw","legacyData"
"2dd25b50-22e6-4d76-b85f-feff9a280e5f","TALL_042.basePlot.vst","2015-10-09","D08","TALL","TALL_042","tower","evergreenForest",32.953944,-87.396960,"WGS84",20.2,462898.27,3646251.10,"16N",124.7,0.3,"vst_TALL_2015","NEON.DOC.000987vE",,,,,,,"25","noneSelected",800,100,800,,"m44ngqESPVQW9kM8WnDXD5TDWb0aZ5FY","XIk3CMH/VT2ztcDIBBKNwssfFUwUsihU","legacyData"
"04224cdd-2924-4347-abbd-33fda3ebe382","TALL_022.basePlot.vst","2015-10-12","D08","TALL","TALL_022","distributed","deciduousForest",32.904174,-87.392253,"WGS84",20.2,463317.68,3640731.96,"16N",119.7,0.2,"vst_TALL_2015","NEON.DOC.000987vE",,,,,,,"25","noneSelected",400,200,400,,"t8vBr06IaSD6dccs94XyeASiM5bqXtQj","LL/gXdi67CgOxDk89BiEoiy0+ICVjEP4","legacyData"
"d55ba9ca-d7ab-4919-8388-47c773815871","TALL_053.basePlot.vst","2015-10-12","D08","TALL","TALL_053","tower","deciduousForest",32.949103,-87.394395,"WGS84",20.2,463136.00,3645713.53,"16N",121.0,0.3,"vst_TALL_2015","NEON.DOC.000987vE",,,,,,,"25","noneSelected",800,100,800,,"m44ngqESPVQW9kM8WnDXD5TDWb0aZ5FY","5bNzYImeaOHtlXGPWGCPlX8bb2aM72iw","legacyData"
"3aa76b21-d12d-47b1-8065-1997f443b4ce","TALL_017.basePlot.vst","2015-10-13","D08","TALL","TALL_017","distributed","mixedForest",32.910055,-87.408651,"WGS84",20.1,461786.71,3641389.75,"16N",124.6,0.2,"vst_TALL_2015","NEON.DOC.000987vE",,,,,,,"noneSelected","noneSelected",400,400,400,,"1BXlVo/+sgQnzGKl3MtQcn6rxZDFIa/f","XIk3CMH/VT2ztcDIBBKNwssfFUwUsihU","legacyData"
"2de0f4a5-6697-4fea-84cc-caf533b4d0f9","TALL_018.basePlot.vst","2015-10-13","D08","TALL","TALL_018","distributed","evergreenForest",32.916353,-87.389753,"WGS84",20.3,463556.47,3642081.25,"16N",129.6,0.6,"vst_TALL_2015","NEON.DOC.000987vE",,,,,,,"noneSelected","noneSelected",400,400,400,,"uJ5xbzbiYYfl0x/GiDbsyp9NPQfiopZ0","LL/gXdi67CgOxDk89BiEoiy0+ICVjEP4","legacyData"
"1c9ebe72-f938-4a9d-8bd9-ea09bfbf51d6","TALL_008.basePlot.vst","2015-10-14","D08","TALL","TALL_008","distributed","deciduousForest",32.921617,-87.433388,"WGS84",20.3,459478.78,3642680.74,"16N",113.0,0.3,"vst_TALL_2015","NEON.DOC.000987vE",,,,,,,"10","noneSelected",400,80,400,,"5bNzYImeaOHtlXGPWGCPlX8bb2aM72iw","LL/gXdi67CgOxDk89BiEoiy0+ICVjEP4","legacyData"
"1563ebea-2d79-4673-b114-68cef9da3f9f","TALL_006.basePlot.vst","2015-10-14","D08","TALL","TALL_006","distributed","evergreenForest",32.898843,-87.446128,"WGS84",20.3,458276.91,3640160.99,"16N",97.8,0.4,"vst_TALL_2015","NEON.DOC.000987vE",,,,,,,"25","noneSelected",400,200,400,,"wUoOeYeNRd940opjxPTzuc9NlYsiF4tZ","1BXlVo/+sgQnzGKl3MtQcn6rxZDFIa/f","legacyData"
"c1bfc0c4-ab3b-40c6-add2-f3df7e0a44e5","TALL_012.basePlot.vst","2015-10-15","D08","TALL","TALL_012","distributed","mixedForest",32.919031,-87.397461,"WGS84",20.2,462836.85,3642380.82,"16N",138.6,0.2,"vst_TALL_2015","NEON.DOC.000987vE",,,,,,,"noneSelected","noneSelected",400,400,400,,"m44ngqESPVQW9kM8WnDXD5TDWb0aZ5FY","LL/gXdi67CgOxDk89BiEoiy0+ICVjEP4","legacyData"
"6d61a60b-d2dc-4f13-8714-acaf6af71295","TALL_002.basePlot.vst","2015-10-15","D08","TALL","TALL_002","distributed","mixedForest",32.922158,-87.428893,"WGS84",20.2,459899.30,3642739.00,"16N",118.3,0.4,"vst_TALL_2015","NEON.DOC.000987vE",,,,,,,"25","noneSelected",400,200,400,,"56NWpqkULoxnJRco3jytVpwp1mk4BuSv","5bNzYImeaOHtlXGPWGCPlX8bb2aM72iw","legacyData"
"d502a672-b553-4dd9-82cf-2787b421660c","TALL_004.basePlot.vst","2015-10-16","D08","TALL","TALL_004","distributed","evergreenForest",32.957884,-87.432613,"WGS84",20.1,459567.75,3646701.02,"16N",132.0,0.1,"vst_TALL_2015","NEON.DOC.000987vE",,,,,,,"10","noneSelected",400,80,400,,"LL/gXdi67CgOxDk89BiEoiy0+ICVjEP4","1jPgPLJsI1yDGXXXpUXDbv0ukXnnNL8m","legacyData"
"5e5dc97e-d732-4595-983a-e6ae9fbdefd5","TALL_009.basePlot.vst","2015-10-16","D08","TALL","TALL_009","distributed","evergreenForest",32.899796,-87.406679,"WGS84",20.2,461966.72,3640251.73,"16N",105.1,0.4,"vst_TALL_2015","NEON.DOC.000987vE",,,,,,,"noneSelected","noneSelected",400,400,400,,"m44ngqESPVQW9kM8WnDXD5TDWb0aZ5FY","m44ngqESPVQW9kM8WnDXD5TDWb0aZ5FY","legacyData"
"68ae4c2e-9324-4832-a4cf-298ded88f8e9","TALL_013.basePlot.vst","2015-10-19","D08","TALL","TALL_013","distributed","evergreenForest",32.884749,-87.454396,"WGS84",20.1,457496.93,3638601.84,"16N",117.6,0.2,"vst_TALL_2015","NEON.DOC.000987vE",,,,,,,"10","noneSelected",400,80,400,,"m44ngqESPVQW9kM8WnDXD5TDWb0aZ5FY","0ygyTA3URVoNp+waZjN2Lu+zP0lNl3v9","legacyData"
"c8f6077f-3b09-4c37-938a-8413d8ca8a73","TALL_020.basePlot.vst","2015-10-19","D08","TALL","TALL_020","distributed","evergreenForest",32.955991,-87.426831,"WGS84",20.2,460107.29,3646488.95,"16N",126.2,0.2,"vst_TALL_2015","NEON.DOC.000987vE",,,,,,,"10","noneSelected",400,80,400,,"t8vBr06IaSD6dccs94XyeASiM5bqXtQj","5bNzYImeaOHtlXGPWGCPlX8bb2aM72iw","legacyData"
"b3422de9-a3ef-42b1-8651-3de65b2fb0aa","TALL_015.basePlot.vst","2015-10-20","D08","TALL","TALL_015","distributed","deciduousForest",32.916736,-87.437880,"WGS84",20.3,459056.53,3642141.37,"16N",114.8,0.4,"vst_TALL_2015","NEON.DOC.000987vE",,,,,,,"noneSelected","noneSelected",400,400,400,,"uJ5xbzbiYYfl0x/GiDbsyp9NPQfiopZ0","0ygyTA3URVoNp+waZjN2Lu+zP0lNl3v9","legacyData"
"9f33ac04-4c06-4e19-89ee-9e7c1b37ac67","TALL_007.basePlot.vst","2015-10-20","D08","TALL","TALL_007","distributed","deciduousForest",32.974429,-87.426940,"WGS84",20.3,460105.39,3648533.05,"16N",82.5,0.3,"vst_TALL_2015","NEON.DOC.000987vE",,,,,,,"10","noneSelected",400,80,400,,"LVSiyA6Tq3zB5gSTdDoChwEPCZrh3pEg","m44ngqESPVQW9kM8WnDXD5TDWb0aZ5FY","legacyData"
"24ddec6b-424f-40de-a309-9ae515d9d507","TALL_005.basePlot.vst","2015-10-21","D08","TALL","TALL_005","distributed","mixedForest",32.897128,-87.397349,"WGS84",20.2,462838.17,3639952.63,"16N",119.9,0.2,"vst_TALL_2015","NEON.DOC.000987vE",,,,,,,"25","noneSelected",400,200,400,,"LVSiyA6Tq3zB5gSTdDoChwEPCZrh3pEg","1jPgPLJsI1yDGXXXpUXDbv0ukXnnNL8m","legacyData"
"c71c306f-49f8-4091-af65-83c039eaacab","TALL_003.basePlot.vst","2015-10-21","D08","TALL","TALL_003","distributed","mixedForest",32.893530,-87.415341,"WGS84",20.2,461153.90,3639560.24,"16N",122.8,0.2,"vst_TALL_2015","NEON.DOC.000987vE",,,,,,,"noneSelected","noneSelected",400,400,400,,"LVSiyA6Tq3zB5gSTdDoChwEPCZrh3pEg","LL/gXdi67CgOxDk89BiEoiy0+ICVjEP4","legacyData"
"f2742e16-bf9f-4342-9637-0dc0ca983d82","TALL_064.basePlot.vst","2015-10-21","D08","TALL","TALL_064","distributed","mixedForest",32.959810,-87.425248,"WGS84",20.2,460256.95,3646911.73,"16N",71.7,0.2,"vst_TALL_2015","NEON.DOC.000987vE",,,,,,,"25","noneSelected",400,200,400,,"1jPgPLJsI1yDGXXXpUXDbv0ukXnnNL8m","56NWpqkULoxnJRco3jytVpwp1mk4BuSv","legacyData"
"545caba0-13ec-4cb9-9053-91e7b75b08c8","TALL_010.basePlot.vst","2015-10-22","D08","TALL","TALL_010","distributed","deciduousForest",32.926832,-87.418701,"WGS84",20.2,460854.30,3643253.33,"16N",124.7,0.3,"vst_TALL_2015","NEON.DOC.000987vE",,,,,,,"25","noneSelected",400,200,400,,"56NWpqkULoxnJRco3jytVpwp1mk4BuSv","5bNzYImeaOHtlXGPWGCPlX8bb2aM72iw","legacyData"
"4f08904e-a86d-49ab-83a7-242b8cc179ab","TALL_011.basePlot.vst","2015-10-22","D08","TALL","TALL_011","distributed","deciduousForest",32.956317,-87.410146,"WGS84",20.2,461666.87,3646518.90,"16N",83.7,0.3,"vst_TALL_2015","NEON.DOC.000987vE",,,,,,,"10","noneSelected",400,80,400,,"1jPgPLJsI1yDGXXXpUXDbv0ukXnnNL8m","m44ngqESPVQW9kM8WnDXD5TDWb0aZ5FY","legacyData"
"2b529723-c7c0-4d76-ae21-1b0f7b095668","TALL_011.basePlot.vst","2015-10-22","D08","TALL","TALL_011","distributed","deciduousForest",32.956317,-87.410146,"WGS84",20.2,461666.87,3646518.90,"16N",83.7,0.3,"vst_TALL_2015","NEON.DOC.000987vE",,,,,,,"10","noneSelected",400,80,400,,"1jPgPLJsI1yDGXXXpUXDbv0ukXnnNL8m","LL/gXdi67CgOxDk89BiEoiy0+ICVjEP4","legacyData"
"985f314a-23a0-4d30-88b8-1627f00af2d2","TALL_016.basePlot.vst","2015-10-28","D08","TALL","TALL_016","distributed","evergreenForest",32.970412,-87.415023,"WGS84",20.1,461217.21,3648083.26,"16N",105.0,0.2,"vst_TALL_2015","NEON.DOC.000987vE",,,,,,,"10","noneSelected",400,80,400,,"t8vBr06IaSD6dccs94XyeASiM5bqXtQj","5bNzYImeaOHtlXGPWGCPlX8bb2aM72iw","legacyData"
"4102ecab-527f-4e5d-b4d4-4d08c09cb334","TALL_001.basePlot.vst","2015-10-28","D08","TALL","TALL_001","distributed","deciduousForest",32.977667,-87.432716,"WGS84",20.3,459567.14,3648894.22,"16N",98.6,0.4,"vst_TALL_2015","NEON.DOC.000987vE",,,,,,,"10","noneSelected",400,80,400,,"m44ngqESPVQW9kM8WnDXD5TDWb0aZ5FY","m44ngqESPVQW9kM8WnDXD5TDWb0aZ5FY","legacyData"
