uid,namedLocation,domainID,siteID,plotID,plotType,nlcdClass,decimalLatitude,decimalLongitude,geodeticDatum,coordinateUncertainty,elevation,elevationUncertainty,collectDate,eventID,sampleID,sampleCode,samplingMethod,totalSampledArea,targetTaxaPresent,adultCount,nymphCount,larvaCount,sampleCondition,samplingProtocolVersion,measuredBy,remarks
"9fa8764e-13aa-43ef-99b9-66c3d4f1b19b","DSNY_001.tickPlot.tck","D03","DSNY","DSNY_001","distributed","woodyWetlands",28.098062,-81.418561,"WGS84",20.1,20.3,0.1,"2018-06-06T14:50Z","DSNY.2018.23",,,"drag and flag",167,"N",0,0,0,,"NEON.DOC.014045vJ","q+sogNxuTpaaq3nt4H3feKdAxSnPr68l",
"824ed79e-f947-43a3-8ddd-b87b29733fff","DSNY_005.tickPlot.tck","D03","DSNY","DSNY_005","distributed","woodyWetlands",28.040497,-81.394482,"WGS84",20.1,16.6,0.1,"2018-06-11T18:23Z","DSNY.2018.24",,,"drag",160,"N",0,0,0,,"NEON.DOC.014045vJ","qwd4SsQjkwojVAYuvLRi2I6c493EEc9K",
"e48b134b-f9b9-4260-844f-b283f92aade0","DSNY_008.tickPlot.tck","D03","DSNY","DSNY_008","distributed","woodyWetlands",28.047337,-81.403204,"WGS84",20.1,18.8,0.1,"2018-06-11T19:08Z","DSNY.2018.24",,,"drag",160,"N",0,0,0,,"NEON.DOC.014045vJ","qwd4SsQjkwojVAYuvLRi2I6c493EEc9K",
"89abfb51-799e-4158-9dfd-47ade3476e79","DSNY_021.tickPlot.tck","D03","DSNY","DSNY_021","distributed","pastureHay",28.053635,-81.392353,"WGS84",20.1,17.1,0.1,"2018-06-11T19:55Z","DSNY.2018.24",,,"drag",160,"N",0,0,0,,"NEON.DOC.014045vJ","qwd4SsQjkwojVAYuvLRi2I6c493EEc9K",
"9bc4fb7a-a86d-4fc7-84a9-3a672c4a6145","DSNY_006.tickPlot.tck","D03","DSNY","DSNY_006","distributed","woodyWetlands",28.093704,-81.398045,"WGS84",20.1,20.1,0.1,"2018-06-11T21:02Z","DSNY.2018.24",,,"drag and flag",160,"N",0,0,0,,"NEON.DOC.014045vJ","wJW2m8ie7KcTLogTI/2cofVS/Fcl3IEkmN9M2QKjsRI=","Plot was burned last week"
"5c28773b-8bf1-409f-afb8-d2b5caee02e2","DSNY_004.tickPlot.tck","D03","DSNY","DSNY_004","distributed","woodyWetlands",28.101022,-81.399501,"WGS84",20.1,18.7,0.1,"2018-06-12T14:52Z","DSNY.2018.24",,,"drag and flag",160,"N",0,0,0,,"NEON.DOC.014045vJ","qwd4SsQjkwojVAYuvLRi2I6c493EEc9K",
