uid,namedLocation,domainID,siteID,plotID,plotType,nlcdClass,decimalLatitude,decimalLongitude,geodeticDatum,coordinateUncertainty,elevation,elevationUncertainty,collectDate,eventID,sampleID,sampleCode,samplingMethod,totalSampledArea,targetTaxaPresent,adultCount,nymphCount,larvaCount,sampleCondition,samplingProtocolVersion,measuredBy,remarks
"cb7561ea-39fe-463d-8714-d808d032c1aa","JORN_002.tickPlot.tck","D14","JORN","JORN_002","distributed","shrubScrub",32.612341,-106.827225,"WGS84",20.1,1328.9,0.1,"2018-10-16T06:20Z","JORN.2018.42","JORN_002.20181016","A00000055105","drag and flag",166,"Y",0,0,3,"No known compromise","NEON.DOC.014045vJ","jsTjq759p0sW6l4HEM4a2vh3YQ8Sowis",
"f2958b61-7e80-4383-bc85-d37bb31a633b","JORN_006.tickPlot.tck","D14","JORN","JORN_006","distributed","shrubScrub",32.591754,-106.825128,"WGS84",20.1,1323.4,0.1,"2018-10-16T14:40Z","JORN.2018.42",,,"drag and flag",168,"N",0,0,0,,"NEON.DOC.014045vJ","6mz9BOpEXJfWnsfaCDp2VeNi64QAxud/hqUY0dfm53M=",
"077ae5b7-e8d7-4550-bf24-d3c866143558","JORN_004.tickPlot.tck","D14","JORN","JORN_004","distributed","shrubScrub",32.629997,-106.859194,"WGS84",20.1,1332.6,0.1,"2018-10-16T16:01Z","JORN.2018.42",,,"drag and flag",162,"N",0,0,0,,"NEON.DOC.014045vJ","BtCEPLcQ51Xgi2lQIq6uQewuI68SZUqXzZQ5EoRkVbM=",
"5aaa2859-587b-419f-99e0-e5f25d70a3b8","JORN_003.tickPlot.tck","D14","JORN","JORN_003","distributed","shrubScrub",32.599768,-106.839372,"WGS84",20.1,1321.1,0.1,"2018-10-16T16:14Z","JORN.2018.42",,,"drag and flag",165,"N",0,0,0,,"NEON.DOC.014045vJ","6mz9BOpEXJfWnsfaCDp2VeNi64QAxud/hqUY0dfm53M=",
"0dfdac20-4cdc-4e3e-87c6-64cf0bcf72b5","JORN_005.tickPlot.tck","D14","JORN","JORN_005","distributed","shrubScrub",32.575619,-106.801784,"WGS84",20.1,1324.8,0.2,"2018-10-16T18:50Z","JORN.2018.42",,,"drag and flag",163,"N",0,0,0,,"NEON.DOC.014045vJ","6mz9BOpEXJfWnsfaCDp2VeNi64QAxud/hqUY0dfm53M=",
"819e8132-4ae2-4044-8e64-03c47ac64f57","JORN_001.tickPlot.tck","D14","JORN","JORN_001","distributed","shrubScrub",32.603710,-106.801348,"WGS84",20.1,1323.4,0.1,"2018-10-16T20:18Z","JORN.2018.42",,,"drag and flag",151,"N",0,0,0,,"NEON.DOC.014045vJ","BtCEPLcQ51Xgi2lQIq6uQewuI68SZUqXzZQ5EoRkVbM=",
