uid,namedLocation,date,domainID,siteID,plotID,plotType,nlcdClass,decimalLatitude,decimalLongitude,geodeticDatum,coordinateUncertainty,easting,northing,utmZone,elevation,elevationUncertainty,eventID,samplingProtocolVersion,treesPresent,treesAbsentList,shrubsPresent,shrubsAbsentList,lianasPresent,lianasAbsentList,nestedSubplotAreaShrubSapling,nestedSubplotAreaLiana,totalSampledAreaTrees,totalSampledAreaShrubSapling,totalSampledAreaLiana,remarks,measuredBy,recordedBy,dataQF
"d6f71aab-d94b-43dc-8f88-d3454985a7f8","TREE_055.basePlot.vst","2016-09-27","D05","TREE","TREE_055","tower","deciduousForest",45.491887,-89.594045,"WGS84",20.2,297307.56,5040868.52,"16N",464.6,0.3,"vst_TREE_2016","NEON.DOC.000987vE","Y","presentInAll","Y","presentInAll","N",,"noneSelected","noneSelected",800,800,800,"Ferns measured 2016-09-01","UuiIeI4+6a4w2V3xx4xXIBtOUNDpdb+M","eMuK013bQYWUakFyOlw8RKtvvGPXqSpz",
"0bf6c15a-8b87-4ba3-8e29-c726c2f75f7c","TREE_053.basePlot.vst","2016-09-27","D05","TREE","TREE_053","tower","deciduousForest",45.491644,-89.592476,"WGS84",20.2,297429.28,5040837.57,"16N",463.7,0.3,"vst_TREE_2016","NEON.DOC.000987vE","Y","presentInAll","Y","presentInAll","N",,"noneSelected","noneSelected",800,800,800,"Ferns measured 2016-09-01","UuiIeI4+6a4w2V3xx4xXIBtOUNDpdb+M","eMuK013bQYWUakFyOlw8RKtvvGPXqSpz",
"d93aecb4-7cf0-4cbc-b143-ef9cebc9d6a4","TREE_051.basePlot.vst","2016-09-28","D05","TREE","TREE_051","tower","deciduousForest",45.493513,-89.593698,"WGS84",20.2,297340.51,5041048.29,"16N",465.3,0.3,"vst_TREE_2016","NEON.DOC.000987vE","Y","presentInAll","Y","presentInAll","N",,"100","noneSelected",800,400,800,"Ferns measured 2016-09-01","UuiIeI4+6a4w2V3xx4xXIBtOUNDpdb+M","eMuK013bQYWUakFyOlw8RKtvvGPXqSpz",
"9706d899-050d-4e51-9625-d8457e394789","TREE_049.basePlot.vst","2016-09-28","D05","TREE","TREE_049","tower","deciduousForest",45.493863,-89.591027,"WGS84",20.2,297550.46,5041080.43,"16N",467.3,0.3,"vst_TREE_2016","NEON.DOC.000987vE","Y","presentInAll","Y","presentInAll","N",,"100","noneSelected",800,400,800,"Ferns measured 2016-09-07","UuiIeI4+6a4w2V3xx4xXIBtOUNDpdb+M","eMuK013bQYWUakFyOlw8RKtvvGPXqSpz",
"14cb8969-4780-4d0b-a768-3eb8c259ef70","TREE_042.basePlot.vst","2016-09-28","D05","TREE","TREE_042","tower","deciduousForest",45.495224,-89.591102,"WGS84",20.3,297549.48,5041231.82,"16N",466.0,0.4,"vst_TREE_2016","NEON.DOC.000987vE","Y","presentInAll","Y","presentInAll","N",,"noneSelected","noneSelected",800,800,800,"Ferns measured 2016-09-01","UuiIeI4+6a4w2V3xx4xXIBtOUNDpdb+M","eMuK013bQYWUakFyOlw8RKtvvGPXqSpz",
"c9b8d17c-b240-4142-97a7-0781046cdb6e","TREE_056.basePlot.vst","2016-09-28","D05","TREE","TREE_056","tower","mixedForest",45.492740,-89.591767,"WGS84",20.1,297488.61,5040957.54,"16N",465.7,0.2,"vst_TREE_2016","NEON.DOC.000987vE","Y","presentInAll","Y","presentInAll","N",,"100","noneSelected",800,400,800,"Ferns measured 2016-09-06","UuiIeI4+6a4w2V3xx4xXIBtOUNDpdb+M","eMuK013bQYWUakFyOlw8RKtvvGPXqSpz",
"a32d6b57-2024-48d2-aa46-7877261a4589","TREE_046.basePlot.vst","2016-09-29","D05","TREE","TREE_046","tower","deciduousForest",45.493548,-89.592161,"WGS84",20.2,297460.73,5041048.30,"16N",465.4,0.3,"vst_TREE_2016","NEON.DOC.000987vE","Y","presentInAll","Y","presentInAll","N",,"noneSelected","noneSelected",800,800,800,"Ferns measured 2016-09-07","UuiIeI4+6a4w2V3xx4xXIBtOUNDpdb+M","eMuK013bQYWUakFyOlw8RKtvvGPXqSpz",
"07fe4e73-77fe-423e-9d11-7c0ae277c7b2","TREE_052.basePlot.vst","2016-09-29","D05","TREE","TREE_052","tower","woodyWetlands",45.491183,-89.590172,"WGS84",20.2,297607.66,5040780.54,"16N",458.2,0.2,"vst_TREE_2016","NEON.DOC.000987vE","Y","presentInAll","Y","presentInAll","N",,"10","noneSelected",800,40,800,"Ferns measured 2016-09-08","UuiIeI4+6a4w2V3xx4xXIBtOUNDpdb+M","eMuK013bQYWUakFyOlw8RKtvvGPXqSpz",
"f6130be6-ead6-4ef4-b247-1238efbed9f9","TREE_050.basePlot.vst","2016-09-29","D05","TREE","TREE_050","tower","evergreenForest",45.490088,-89.590099,"WGS84",20.3,297609.44,5040658.71,"16N",467.6,0.3,"vst_TREE_2016","NEON.DOC.000987vE","Y","presentInAll","Y","presentInAll","N",,"10","noneSelected",800,40,800,"Ferns measured 2016-09-08","UuiIeI4+6a4w2V3xx4xXIBtOUNDpdb+M","eMuK013bQYWUakFyOlw8RKtvvGPXqSpz",
