uid,namedLocation,date,eventID,domainID,siteID,plotID,subplotID,individualID,tagStatus,growthForm,plantStatus,stemDiameter,measurementHeight,height,baseCrownHeight,breakHeight,breakDiameter,maxCrownDiameter,ninetyCrownDiameter,canopyPosition,shape,basalStemDiameter,basalStemDiameterMsrmntHeight,maxBaseCrownDiameter,ninetyBaseCrownDiameter,remarks,recordedBy,measuredBy,dataQF
"320ba3c7-b6b1-4172-86c2-9a7d07dfb9db","OSBS_005.basePlot.vst","2014-10-01","vst_OSBS_2014","D03","OSBS","OSBS_005",,"NEON.PLA.D03.OSBS.01751",,"single bole tree","Standing dead",23.1,14,0.5,,,,,,"Full shade",,,,,,"Top snapped off",,,"legacyData"
"eec1870f-22d0-417b-a6a3-9d1fc604e987","OSBS_005.basePlot.vst","2014-10-01","vst_OSBS_2014","D03","OSBS","OSBS_005",,"NEON.PLA.D03.OSBS.01740",,"single bole tree","Live",18.2,130,12.5,,,,5.8,4.4,"Partially shaded",,,,,,,,,"legacyData"
"b8244545-9833-42d1-8adf-cc1d9bb51cbc","OSBS_005.basePlot.vst","2014-10-01","vst_OSBS_2014","D03","OSBS","OSBS_005",,"NEON.PLA.D03.OSBS.01744",,"single bole tree","Live",21.0,130,15.6,,,,5.6,3.9,"Partially shaded",,,,,,,,,"legacyData"
"1d4bd886-55a1-43e2-9d5d-c115c88cc4c6","OSBS_005.basePlot.vst","2014-10-01","vst_OSBS_2014","D03","OSBS","OSBS_005",,"NEON.PLA.D03.OSBS.01709",,"small tree","Live",1.5,130,2.3,,,,1.4,1.0,"Mostly shaded",,,,,,,,,"legacyData"
"00ea96ba-cc74-4773-9944-298a3d3d65ca","OSBS_005.basePlot.vst","2014-10-01","vst_OSBS_2014","D03","OSBS","OSBS_005",,"NEON.PLA.D03.OSBS.01737",,,"Live",1.4,10,1.3,,,,0.8,0.4,"Full shade",,,,,,,,,"legacyData"
"b761ca3a-e09b-4770-ab95-da009acc9f3e","OSBS_005.basePlot.vst","2014-10-01","vst_OSBS_2014","D03","OSBS","OSBS_005",,"NEON.PLA.D03.OSBS.01633",,,"Live",13.3,65,,,,,,,,,,,,,"No Transcription Errors",,,"legacyData | noMapTagData"
"e86a0e9c-3ca9-419d-b49b-f80c55092f2f","OSBS_005.basePlot.vst","2014-10-01","vst_OSBS_2014","D03","OSBS","OSBS_005",,"NEON.PLA.D03.OSBS.02749",,,"Live",14.2,100,,,,,,,,,,,,,"Top snapped off",,,"legacyData | noMapTagData"
"fc0433f8-750c-4998-9cb0-ec7b59a1e47f","OSBS_005.basePlot.vst","2014-10-01","vst_OSBS_2014","D03","OSBS","OSBS_005",,"NEON.PLA.D03.OSBS.01760",,"single shrub","Live",1.4,10,1.5,,,,,,"Mostly shaded",,,,,,,,,"legacyData"
"9155685a-3f8a-47bd-82db-939f013b7f6f","OSBS_005.basePlot.vst","2014-10-01","vst_OSBS_2014","D03","OSBS","OSBS_005",,"NEON.PLA.D03.OSBS.01771",,"sapling","Live",1.5,10,1.4,,,,0.6,0.6,"Mostly shaded",,,,,,,,,"legacyData"
"9f0a9986-2994-4374-93f3-b3c56951a766","OSBS_005.basePlot.vst","2014-10-01","vst_OSBS_2014","D03","OSBS","OSBS_005",,"NEON.PLA.D03.OSBS.01773",,"small tree","Live",5.5,130,0.2,,,,11.9,1.9,"Mostly shaded",,,,,,,,,"legacyData"
"c3f506eb-86af-4b5e-9a77-e268e3edd6f3","OSBS_005.basePlot.vst","2014-10-01","vst_OSBS_2014","D03","OSBS","OSBS_005",,"NEON.PLA.D03.OSBS.01743",,"single bole tree","Live",15.5,130,1.7,,,,8.0,4.5,"Mostly shaded",,,,,,,,,"legacyData"
"6c9ceef9-d747-4b09-88a5-b9e8cae2f6be","OSBS_005.basePlot.vst","2014-10-01","vst_OSBS_2014","D03","OSBS","OSBS_005",,"NEON.PLA.D03.OSBS.01774",,"sapling","Live",3.5,10,1.5,,,,,,"Mostly shaded",,,,,,,,,"legacyData"
"4d21a636-cdfe-4b99-ae83-9ff6d60ac9b1","OSBS_005.basePlot.vst","2014-10-01","vst_OSBS_2014","D03","OSBS","OSBS_005",,"NEON.PLA.D03.OSBS.01758",,"single shrub","Live",2.0,10,1.6,,,,1.5,1.1,"Mostly shaded","cone",,,,,"No Transcription Errors",,,"legacyData"
"6a01b5f8-e130-4889-bf16-ed8f0a3ce60d","OSBS_005.basePlot.vst","2014-10-01","vst_OSBS_2014","D03","OSBS","OSBS_005",,"NEON.PLA.D03.OSBS.01725",,"single shrub","Live",1.3,10,2.3,,,,0.8,0.7,"Full shade",,,,,,"No Transcription Errors",,,"legacyData"
"6f4eb12a-c7d9-46e9-963d-47065e7747de","OSBS_005.basePlot.vst","2014-10-01","vst_OSBS_2014","D03","OSBS","OSBS_005",,"NEON.PLA.D03.OSBS.01741",,"single bole tree","Live",25.9,130,17.8,,,,8.0,6.4,"Partially shaded",,,,,,,,,"legacyData"
"4aa760c8-e013-446a-b28b-bcfeb5ae6b98","OSBS_005.basePlot.vst","2014-10-01","vst_OSBS_2014","D03","OSBS","OSBS_005",,"NEON.PLA.D03.OSBS.02629",,,"Live",18.5,101,4.3,,,,9.0,7.0,"Partially shaded",,,,,,"No Transcription Errors",,,"legacyData | noMapTagData"
"4e33f2dc-a470-4c22-99e6-86628c629d62","OSBS_005.basePlot.vst","2014-10-01","vst_OSBS_2014","D03","OSBS","OSBS_005",,"NEON.PLA.D03.OSBS.01749",,"single bole tree","Live",26.1,130,14.6,,,,7.6,5.2,,,,,,,,,,"legacyData"
"6481df1b-da25-400c-9fac-8da2927bd2e6","OSBS_005.basePlot.vst","2014-10-01","vst_OSBS_2014","D03","OSBS","OSBS_005",,"NEON.PLA.D03.OSBS.01732",,"sapling","Live",1.7,10,1.7,,,,0.7,0.6,"Full shade",,,,,,"No Transcription Errors",,,"legacyData"
"470027b7-d58a-4e13-b7e1-110ccf0c1e88","OSBS_005.basePlot.vst","2014-10-01","vst_OSBS_2014","D03","OSBS","OSBS_005",,"NEON.PLA.D03.OSBS.01775",,"small tree","Live",3.5,130,0.1,,,,1.9,1.3,"Mostly shaded",,,,,,,,,"legacyData"
"b64f8eeb-efcf-460c-a3ab-75a004794abe","OSBS_005.basePlot.vst","2014-10-01","vst_OSBS_2014","D03","OSBS","OSBS_005",,"NEON.PLA.D03.OSBS.01721",,"small tree","Live",3.4,130,2.2,,,,1.8,1.7,"Mostly shaded",,,,,,,,,"legacyData"
"1051c582-2568-486a-a72c-9c6d56e9fd01","OSBS_005.basePlot.vst","2014-10-01","vst_OSBS_2014","D03","OSBS","OSBS_005",,"NEON.PLA.D03.OSBS.01730",,"single bole tree","Live",11.5,130,5.9,,,,6.9,4.6,"Mostly shaded",,,,,,,,,"legacyData"
"ffb9817d-6e54-4f26-b901-0af5431e1ee2","OSBS_005.basePlot.vst","2014-10-01","vst_OSBS_2014","D03","OSBS","OSBS_005",,"NEON.PLA.D03.OSBS.01757",,"single bole tree","Live",13.1,130,4.7,,,,4.0,3.7,"Partially shaded",,,,,,,,,"legacyData"
"50a5b361-7dc6-4f07-8983-9acd68c85438","OSBS_005.basePlot.vst","2014-10-01","vst_OSBS_2014","D03","OSBS","OSBS_005",,"NEON.PLA.D03.OSBS.01748",,"single shrub","Live",3.8,61,,,,,,,,,,,,,,,,"legacyData"
"5621b75c-ff62-4e0d-b8a9-3922a55abefa","OSBS_005.basePlot.vst","2014-10-01","vst_OSBS_2014","D03","OSBS","OSBS_005",,"NEON.PLA.D03.OSBS.01710",,"small tree","Live",3.5,130,3.1,,,,2.2,1.5,"Mostly shaded",,,,,,,,,"legacyData"
"e839d239-7312-4b98-b230-7ac3ea0a73c7","OSBS_005.basePlot.vst","2014-10-01","vst_OSBS_2014","D03","OSBS","OSBS_005",,"NEON.PLA.D03.OSBS.01715",,"small tree","Live",5.5,130,0.7,,,,2.0,1.1,"Mostly shaded",,,,,,,,,"legacyData"
"930f038a-043e-4ecc-836f-e518bfeb49d5","OSBS_005.basePlot.vst","2014-10-01","vst_OSBS_2014","D03","OSBS","OSBS_005",,"NEON.PLA.D03.OSBS.01714",,"small tree","Live",7.8,130,1.5,,,,3.2,2.8,"Mostly shaded",,,,,,,,,"legacyData"
"1cb8e084-4d3a-4f53-a8d7-4497f3676f17","OSBS_005.basePlot.vst","2014-10-01","vst_OSBS_2014","D03","OSBS","OSBS_005",,"NEON.PLA.D03.OSBS.01735",,"single shrub","Live",1.8,10,1.8,,,,1.4,1.1,"Full shade",,,,,,,,,"legacyData"
"ce84bdc2-6f91-48fd-b611-2e75d2b4def1","OSBS_005.basePlot.vst","2014-10-01","vst_OSBS_2014","D03","OSBS","OSBS_005",,"NEON.PLA.D03.OSBS.01733",,"single shrub","Live",6.8,92,2.2,,,,5.2,4.1,"Mostly shaded",,,,,,"No Transcription Errors",,,"legacyData"
"99e7a6f4-7f3a-4dc2-8ade-ae2dc97032ff","OSBS_005.basePlot.vst","2014-10-01","vst_OSBS_2014","D03","OSBS","OSBS_005",,"NEON.PLA.D03.OSBS.01753",,"sapling","Live",2.3,10,1.5,,,,1.5,1.3,"Full shade",,,,,,,,,"legacyData"
"dd1ee668-f80e-4fa4-9d2f-e1109576343c","OSBS_005.basePlot.vst","2014-10-01","vst_OSBS_2014","D03","OSBS","OSBS_005",,"NEON.PLA.D03.OSBS.01768",,"single shrub","Live",1.1,130,1.9,,,,1.4,0.7,"Mostly shaded",,,,,,,,,"legacyData"
"11688972-0762-4760-bcfe-6c49d0d6d503","OSBS_005.basePlot.vst","2014-10-01","vst_OSBS_2014","D03","OSBS","OSBS_005",,"NEON.PLA.D03.OSBS.03259",,,"Live",11.4,34,,,,,,,,,,,,,,,,"legacyData"
"8b0e252d-a972-44fe-a6e3-909e04a32fc5","OSBS_005.basePlot.vst","2014-10-01","vst_OSBS_2014","D03","OSBS","OSBS_005",,"NEON.PLA.D03.OSBS.01713",,"sapling","Live",1.9,10,1.5,,,,1.1,0.4,"Full shade",,,,,,,,,"legacyData"
"5721ffa0-1158-43f0-95a0-25a79b9b186e","OSBS_005.basePlot.vst","2014-10-01","vst_OSBS_2014","D03","OSBS","OSBS_005",,"NEON.PLA.D03.OSBS.03369",,,"Live",14.0,7,2.5,,,,5.7,4.7,"Mostly shaded",,,,,,,,,"legacyData | noMapTagData"
"3c2b7128-9177-4e55-8c52-78a81e753c1a","OSBS_005.basePlot.vst","2014-10-01","vst_OSBS_2014","D03","OSBS","OSBS_005",,"NEON.PLA.D03.OSBS.01734",,"single shrub","Live",5.9,98,3.9,,,,3.3,3.3,"Mostly shaded",,,,,,,,,"legacyData"
"b920230d-9037-4401-ba08-f225b26cd50c","OSBS_005.basePlot.vst","2014-10-01","vst_OSBS_2014","D03","OSBS","OSBS_005",,"NEON.PLA.D03.OSBS.01731",,"single bole tree","Live",24.6,134,5.9,,,,6.9,4.6,"Partially shaded",,,,,,,,,"legacyData"
"0a38ad20-ab2f-4b84-9caf-0d5edb132684","OSBS_005.basePlot.vst","2014-10-01","vst_OSBS_2014","D03","OSBS","OSBS_005",,"NEON.PLA.D03.OSBS.01767",,"sapling","Live",1.4,10,1.2,,,,,,"Full shade",,,,,,,,,"legacyData"
"a0925392-17e1-40e8-878a-f14ae70bebed","OSBS_005.basePlot.vst","2014-10-01","vst_OSBS_2014","D03","OSBS","OSBS_005",,"NEON.PLA.D03.OSBS.01762",,"single shrub","Live",2.5,67,2.2,,,,1.5,1.1,"Mostly shaded",,,,,,,,,"legacyData"
"3f7b9f87-498f-489a-ab23-ec15f67b8592","OSBS_005.basePlot.vst","2014-10-01","vst_OSBS_2014","D03","OSBS","OSBS_005",,"NEON.PLA.D03.OSBS.01770",,"single shrub","Live",1.7,93,2.5,,,,1.5,1.5,"Mostly shaded",,,,,,,,,"legacyData"
"a69ca434-38b1-4d0c-bbe3-8388aa0d4ec4","OSBS_005.basePlot.vst","2014-10-01","vst_OSBS_2014","D03","OSBS","OSBS_005",,"NEON.PLA.D03.OSBS.01716",,"single shrub","Live",1.2,130,2.1,,,,1.7,1.2,"Full shade",,,,,,,,,"legacyData"
"e409093b-af34-466c-931e-efb316abe68b","OSBS_005.basePlot.vst","2014-10-01","vst_OSBS_2014","D03","OSBS","OSBS_005",,"NEON.PLA.D03.OSBS.01711",,"single shrub","Live",1.1,130,0.3,,,,1.2,1.2,"Full shade",,,,,,,,,"legacyData"
"17f5d224-4644-4dd2-b24f-186dda432379","OSBS_005.basePlot.vst","2014-10-01","vst_OSBS_2014","D03","OSBS","OSBS_005",,"NEON.PLA.D03.OSBS.01761",,"sapling","Live",2.8,10,1.2,,,,,,"Mostly shaded",,,,,,,,,"legacyData"
"486e3511-b67d-436a-8768-9a04b14f1ad3","OSBS_005.basePlot.vst","2014-10-01","vst_OSBS_2014","D03","OSBS","OSBS_005",,"NEON.PLA.D03.OSBS.01729",,"single shrub","Live",3.2,130,0.2,,,,4.5,2.2,"Mostly shaded",,,,,,,,,"legacyData"
"772d06b8-6b76-4a5e-b022-3fa8fbc44e25","OSBS_005.basePlot.vst","2014-10-01","vst_OSBS_2014","D03","OSBS","OSBS_005",,"NEON.PLA.D03.OSBS.01717",,"sapling","Live",2.3,10,1.9,,,,1.1,1.1,"Mostly shaded",,,,,,,,,"legacyData"
"674a5e23-a373-4dbd-b753-fc1d2f52d172","OSBS_005.basePlot.vst","2014-10-01","vst_OSBS_2014","D03","OSBS","OSBS_005",,"NEON.PLA.D03.OSBS.01769",,"small tree","Live",3.1,129,1.0,,,,2.1,1.6,"Mostly shaded",,,,,,,,,"legacyData"
"36fffd8a-ea7b-4a02-860a-eeef3c4c9951","OSBS_005.basePlot.vst","2014-10-01","vst_OSBS_2014","D03","OSBS","OSBS_005",,"NEON.PLA.D03.OSBS.01766",,"sapling","Live",1.3,10,1.6,,,,0.6,0.6,"Full shade",,,,,,,,,"legacyData"
"6e71c2ba-badd-498d-8d50-24f218a24d7d","OSBS_005.basePlot.vst","2014-10-01","vst_OSBS_2014","D03","OSBS","OSBS_005",,"NEON.PLA.D03.OSBS.01776",,"small tree","Live",5.9,130,1.6,,,,1.9,1.5,"Mostly shaded",,,,,,,,,"legacyData"
"29086ba0-49cc-4155-820d-551132ddd95d","OSBS_005.basePlot.vst","2014-10-01","vst_OSBS_2014","D03","OSBS","OSBS_005",,"NEON.PLA.D03.OSBS.01718",,"single bole tree","Live",30.5,130,14.0,,,,7.0,7.0,"Full sun",,,,,,,,,"legacyData"
"d2eea259-00b9-49fc-a233-cadbfb45d3d3","OSBS_005.basePlot.vst","2014-10-01","vst_OSBS_2014","D03","OSBS","OSBS_005",,"NEON.PLA.D03.OSBS.01712",,"small tree","Live",1.5,130,1.9,,,,1.5,0.8,"Full shade",,,,,,,,,"legacyData"
"c0cf32f5-3249-4536-8278-0455bd5a99a9","OSBS_005.basePlot.vst","2014-10-01","vst_OSBS_2014","D03","OSBS","OSBS_005",,"NEON.PLA.D03.OSBS.01750",,"single bole tree","Live",1.4,130,1.9,,,,0.9,0.8,"Full shade",,,,,,,,,"legacyData"
"98f81a98-d14d-4b4c-8724-aea5c83cd3ce","OSBS_005.basePlot.vst","2014-10-01","vst_OSBS_2014","D03","OSBS","OSBS_005",,"NEON.PLA.D03.OSBS.01772",,"single shrub","Live",3.1,103,0.4,,,,3.0,1.7,"Mostly shaded",,,,,,,,,"legacyData"
"5707bc9a-22c9-44c8-ae03-ec807ccffd6d","OSBS_015.basePlot.vst","2014-10-02","vst_OSBS_2014","D03","OSBS","OSBS_015",,"NEON.PLA.D03.OSBS.01220",,"small tree","Live",5.2,130,,,,,3.6,2.9,"Partially shaded",,,,,,,,,"legacyData"
"404bbe84-b0aa-4ae5-8515-5a8bbbffe7d2","OSBS_015.basePlot.vst","2014-10-02","vst_OSBS_2014","D03","OSBS","OSBS_015",,"NEON.PLA.D03.OSBS.01164",,"small tree","Live",2.2,120,2.5,,,,1.6,1.2,"Mostly shaded",,,,,,,,,"legacyData"
"be0ca91b-436f-413e-8231-73ed293fc208","OSBS_015.basePlot.vst","2014-10-02","vst_OSBS_2014","D03","OSBS","OSBS_015",,"NEON.PLA.D03.OSBS.01195",,"sapling","Live",2.0,10,2.1,,,,,,"Full shade",,,,,,,,,"legacyData"
"c9fe6210-26f7-4dbe-9ccd-462228c03277","OSBS_015.basePlot.vst","2014-10-02","vst_OSBS_2014","D03","OSBS","OSBS_015",,"NEON.PLA.D03.OSBS.01207",,"small tree","Live",1.3,130,2.5,,,,1.3,1.1,"Partially shaded",,,,,,"No Transcription Errors",,,"legacyData"
"14af9342-3118-4d72-8588-c0a2ae34a5a0","OSBS_015.basePlot.vst","2014-10-02","vst_OSBS_2014","D03","OSBS","OSBS_015",,"NEON.PLA.D03.OSBS.01211",,"sapling","Live",1.8,10,1.6,,,,,,"Full shade",,,,,,,,,"legacyData"
"cf525394-ca94-4908-bd95-388b1b0cc22d","OSBS_015.basePlot.vst","2014-10-02","vst_OSBS_2014","D03","OSBS","OSBS_015",,"NEON.PLA.D03.OSBS.01166",,"sapling","Live",1.5,10,1.1,,,,,,"Mostly shaded",,,,,,,,,"legacyData"
"d5078a60-9ad6-48e6-8b31-ebe500d9f74b","OSBS_015.basePlot.vst","2014-10-02","vst_OSBS_2014","D03","OSBS","OSBS_015",,"NEON.PLA.D03.OSBS.01216",,"small tree","Live",1.2,130,2.4,,,,1.4,0.8,"Partially shaded",,,,,,,,,"legacyData"
"ec11f469-8045-4bda-9b4b-c4cf14c119b5","OSBS_015.basePlot.vst","2014-10-02","vst_OSBS_2014","D03","OSBS","OSBS_015",,"NEON.PLA.D03.OSBS.01225",,"single shrub","Live",1.2,130,2.2,,,,1.4,1.3,"Mostly shaded",,,,,,,,,"legacyData"
"beb1c8ec-a700-4439-91d3-2dd6ff5b5f8e","OSBS_015.basePlot.vst","2014-10-02","vst_OSBS_2014","D03","OSBS","OSBS_015",,"NEON.PLA.D03.OSBS.01165",,"sapling","Live",1.3,10,1.2,,,,,,"Mostly shaded",,,,,,,,,"legacyData"
"7b031edb-488d-4fb9-9aa8-a18e1997dc1c","OSBS_015.basePlot.vst","2014-10-02","vst_OSBS_2014","D03","OSBS","OSBS_015",,"NEON.PLA.D03.OSBS.01226",,"single shrub","Live",9.5,130,3.0,,,,5.4,4.3,"Full sun",,,,,,,,,"legacyData"
"4654d364-746e-4a2c-87a6-9168a1b2131d","OSBS_015.basePlot.vst","2014-10-02","vst_OSBS_2014","D03","OSBS","OSBS_015",,"NEON.PLA.D03.OSBS.01189",,"sapling","Live",1.4,10,1.2,,,,,,"Mostly shaded",,,,,,,,,"legacyData"
"8140d7bb-f101-4335-86e6-0d8ef8621cf2","OSBS_015.basePlot.vst","2014-10-02","vst_OSBS_2014","D03","OSBS","OSBS_015",,"NEON.PLA.D03.OSBS.01217",,"single shrub","Live",6.5,130,0.8,,,,5.7,3.4,"Full sun",,,,,,,,,"legacyData"
"6f673b19-d998-49e2-95db-4739e313c5c2","OSBS_015.basePlot.vst","2014-10-02","vst_OSBS_2014","D03","OSBS","OSBS_015",,"NEON.PLA.D03.OSBS.01919",,"small tree","Live",4.3,130,0.7,,,,1.6,1.5,"Full shade",,,,,,,,,"legacyData"
"e19738df-7ef2-4b4f-b31c-3e653621c986","OSBS_015.basePlot.vst","2014-10-02","vst_OSBS_2014","D03","OSBS","OSBS_015",,"NEON.PLA.D03.OSBS.01180",,"small tree","Live",2.8,113,0.3,,,,2.3,1.8,"Partially shaded",,,,,,,,,"legacyData"
"73e6e815-f411-4e92-b542-a9df25c6f376","OSBS_015.basePlot.vst","2014-10-02","vst_OSBS_2014","D03","OSBS","OSBS_015",,"NEON.PLA.D03.OSBS.01159",,"small shrub","Live",1.5,10,1.7,,,,,,"Mostly shaded",,,,,,,,,"legacyData"
"577cc7be-ce2f-4d6c-81f0-4c01a9e7687f","OSBS_015.basePlot.vst","2014-10-02","vst_OSBS_2014","D03","OSBS","OSBS_015",,"NEON.PLA.D03.OSBS.01134",,"small tree","Live",1.8,10,2.6,,,,0.9,0.5,"Mostly shaded",,,,,,,,,"legacyData"
"13047a5d-e58d-4538-9594-300d078d89f0","OSBS_015.basePlot.vst","2014-10-02","vst_OSBS_2014","D03","OSBS","OSBS_015",,"NEON.PLA.D03.OSBS.01210",,"sapling","Live",1.6,10,1.6,,,,,,"Partially shaded",,,,,,,,,"legacyData"
"b912c345-9eba-45cd-a84b-6b414664b0c4","OSBS_015.basePlot.vst","2014-10-02","vst_OSBS_2014","D03","OSBS","OSBS_015",,"NEON.PLA.D03.OSBS.01200",,"small tree","Live",1.7,130,1.0,,,,1.3,1.0,"Open grown",,,,,,,,,"legacyData"
"02641195-78b1-46bf-a966-dc778d50cac0","OSBS_015.basePlot.vst","2014-10-02","vst_OSBS_2014","D03","OSBS","OSBS_015",,"NEON.PLA.D03.OSBS.01140",,"sapling","Live",1.0,10,0.4,,,,,,"Mostly shaded",,,,,,,,,"legacyData"
"73c9023c-5539-4827-b146-5a33c53b3800","OSBS_015.basePlot.vst","2014-10-02","vst_OSBS_2014","D03","OSBS","OSBS_015",,"NEON.PLA.D03.OSBS.01213",,"small tree","Live",2.2,130,2.3,,,,2.2,1.5,"Partially shaded",,,,,,,,,"legacyData"
"8fbf9e8e-1bc4-45dc-be09-512cb70e1312","OSBS_015.basePlot.vst","2014-10-02","vst_OSBS_2014","D03","OSBS","OSBS_015",,"NEON.PLA.D03.OSBS.01203",,"sapling","Live",2.5,10,1.7,,,,,,"Open grown",,,,,,,,,"legacyData"
"33942ae6-c299-4ac3-bdf8-7e8388da3aea","OSBS_015.basePlot.vst","2014-10-02","vst_OSBS_2014","D03","OSBS","OSBS_015",,"NEON.PLA.D03.OSBS.01125",,"liana","Live",1.5,130,,,,,,,,,,,,,,,,"legacyData"
"c1c1167c-f45d-4471-8b5a-c53f8b1fdf63","OSBS_015.basePlot.vst","2014-10-02","vst_OSBS_2014","D03","OSBS","OSBS_015",,"NEON.PLA.D03.OSBS.01170",,"small shrub","Live",1.3,10,,,,,,,"Mostly shaded",,,,,,,,,"legacyData"
"0884b4e0-c14c-463c-aab7-5715227defc9","OSBS_015.basePlot.vst","2014-10-02","vst_OSBS_2014","D03","OSBS","OSBS_015",,"NEON.PLA.D03.OSBS.01228",,"small tree","Live",3.4,130,1.0,,,,1.9,1.3,"Mostly shaded",,,,,,,,,"legacyData"
"537aa0a4-89ab-4f68-9947-6a09db7ec1a4","OSBS_015.basePlot.vst","2014-10-02","vst_OSBS_2014","D03","OSBS","OSBS_015",,"NEON.PLA.D03.OSBS.01209",,"small tree","Live",1.7,130,2.3,,,,2.1,1.8,"Partially shaded",,,,,,,,,"legacyData"
"4fc632b7-d9f7-4b53-ac77-f77d9f068e83","OSBS_015.basePlot.vst","2014-10-02","vst_OSBS_2014","D03","OSBS","OSBS_015",,"NEON.PLA.D03.OSBS.01215",,"sapling","Live",1.8,10,1.8,,,,,,"Full shade",,,,,,,,,"legacyData"
"92cde7e2-c075-4a98-8ae7-65175b6571b6","OSBS_015.basePlot.vst","2014-10-02","vst_OSBS_2014","D03","OSBS","OSBS_015",,"NEON.PLA.D03.OSBS.01197",,"sapling","Live",1.9,10,1.9,,,,,,"Full shade",,,,,,"No Transcription Errors",,,"legacyData"
"ffbaa92f-68f4-4b41-a1a3-2d55a2c7d7a1","OSBS_015.basePlot.vst","2014-10-02","vst_OSBS_2014","D03","OSBS","OSBS_015",,"NEON.PLA.D03.OSBS.01163",,"small tree","Live",1.8,130,0.1,,,,0.9,0.8,"Mostly shaded",,,,,,,,,"legacyData"
"0b207292-727a-4187-8613-6e19fa5a892e","OSBS_015.basePlot.vst","2014-10-02","vst_OSBS_2014","D03","OSBS","OSBS_015",,"NEON.PLA.D03.OSBS.01185",,"sapling","Live",1.1,10,1.5,,,,,,"Full shade",,,,,,,,,"legacyData"
"d6037b8b-fcf7-4022-8a25-00f9ffbf44f6","OSBS_015.basePlot.vst","2014-10-02","vst_OSBS_2014","D03","OSBS","OSBS_015",,"NEON.PLA.D03.OSBS.01190",,"sapling","Live",1.8,109,2.1,,,,1.7,1.2,"Open grown",,,,,,,,,"legacyData"
"f8663c8d-b310-4337-8936-c61654381e2c","OSBS_015.basePlot.vst","2014-10-02","vst_OSBS_2014","D03","OSBS","OSBS_015",,"NEON.PLA.D03.OSBS.01196",,"sapling","Live",1.3,10,1.6,,,,,,"Full shade",,,,,,,,,"legacyData"
"a8e81f57-00c1-44d0-a038-987b19fb4689","OSBS_015.basePlot.vst","2014-10-02","vst_OSBS_2014","D03","OSBS","OSBS_015",,"NEON.PLA.D03.OSBS.01176",,"single bole tree","Live",10.1,130,1.1,,,,2.9,2.7,"Full sun",,,,,,,,,"legacyData"
"a4b40478-e124-484d-80b9-6821de52ec85","OSBS_015.basePlot.vst","2014-10-02","vst_OSBS_2014","D03","OSBS","OSBS_015",,"NEON.PLA.D03.OSBS.01167",,"small tree","Live",2.1,130,2.6,,,,1.5,1.1,"Mostly shaded",,,,,,,,,"legacyData"
"478a80a7-484a-4b34-a104-12ccb8955dd6","OSBS_015.basePlot.vst","2014-10-02","vst_OSBS_2014","D03","OSBS","OSBS_015",,"NEON.PLA.D03.OSBS.01168",,"small tree","Live",3.5,130,0.5,,,,2.8,2.1,"Mostly shaded",,,,,,,,,"legacyData"
"e248a2c9-7f2e-4ae1-ae6f-e6b50c67f962","OSBS_015.basePlot.vst","2014-10-02","vst_OSBS_2014","D03","OSBS","OSBS_015",,"NEON.PLA.D03.OSBS.01223",,"single bole tree","Live",16.5,130,6.2,,,,5.1,5.0,"Full sun",,,,,,,,,"legacyData"
"d2cedd7e-7a5f-450d-9f44-d143c549c742","OSBS_015.basePlot.vst","2014-10-02","vst_OSBS_2014","D03","OSBS","OSBS_015",,"NEON.PLA.D03.OSBS.01158",,"sapling","Live",1.2,10,0.9,,,,,,"Full shade",,,,,,,,,"legacyData"
"8e089189-220b-4f8c-ae6a-4c90183ef6fe","OSBS_015.basePlot.vst","2014-10-02","vst_OSBS_2014","D03","OSBS","OSBS_015",,"NEON.PLA.D03.OSBS.01204",,"sapling","Live",1.3,10,1.5,,,,,,"Full sun",,,,,,,,,"legacyData"
"9fcb2b7e-dd8a-4a0b-a701-cea06c1bd640","OSBS_015.basePlot.vst","2014-10-02","vst_OSBS_2014","D03","OSBS","OSBS_015",,"NEON.PLA.D03.OSBS.01161",,"single bole tree","Live",19.9,130,3.2,,,,,,,,,,,,,,,"legacyData"
"df933ba7-0462-477a-897b-2d100af37741","OSBS_015.basePlot.vst","2014-10-02","vst_OSBS_2014","D03","OSBS","OSBS_015",,"NEON.PLA.D03.OSBS.01141",,"liana","Live",1.2,130,,,,,,,,,,,,,,,,"legacyData"
"812d7cc3-b467-4209-bd43-b3b9a19a0da6","OSBS_015.basePlot.vst","2014-10-02","vst_OSBS_2014","D03","OSBS","OSBS_015",,"NEON.PLA.D03.OSBS.01126",,"single shrub","Live",1.5,10,1.2,,,,,,"Mostly shaded",,,,,,,,,"legacyData"
"4bce342a-b5f9-4d09-aae8-ee144ef96fe5","OSBS_015.basePlot.vst","2014-10-02","vst_OSBS_2014","D03","OSBS","OSBS_015",,"NEON.PLA.D03.OSBS.01149",,"liana","Live",2.2,130,,,,,,,,,,,,,,,,"legacyData"
"b74542c8-1360-4861-ad3c-29bd7788b330","OSBS_015.basePlot.vst","2014-10-02","vst_OSBS_2014","D03","OSBS","OSBS_015",,"NEON.PLA.D03.OSBS.01122",,"small shrub","Live",1.8,10,2.0,,,,1.4,0.9,"Mostly shaded",,,,,,,,,"legacyData"
"9886a8dc-88c4-4309-a077-5f4b11493ea5","OSBS_015.basePlot.vst","2014-10-02","vst_OSBS_2014","D03","OSBS","OSBS_015",,"NEON.PLA.D03.OSBS.01157",,"small tree","Live",3.9,103,1.7,,,,1.9,1.6,"Mostly shaded",,,,,,"No Transcription Errors",,,"legacyData"
"f2dddc81-65cd-48db-8618-4de07c9ba3e2","OSBS_015.basePlot.vst","2014-10-02","vst_OSBS_2014","D03","OSBS","OSBS_015",,"NEON.PLA.D03.OSBS.01218",,"small tree","Live",7.2,130,3.4,,,,4.6,2.7,"Full sun",,,,,,,,,"legacyData"
"30068740-dfc5-4a4a-b717-82f047f57d6d","OSBS_015.basePlot.vst","2014-10-02","vst_OSBS_2014","D03","OSBS","OSBS_015",,"NEON.PLA.D03.OSBS.01205",,"sapling","Live",1.7,10,1.7,,,,,,"Partially shaded",,,,,,,,,"legacyData"
"0b6307d7-ebf6-4757-9f60-b6e948880771","OSBS_015.basePlot.vst","2014-10-02","vst_OSBS_2014","D03","OSBS","OSBS_015",,"NEON.PLA.D03.OSBS.01182",,"sapling","Live",2.0,10,1.9,,,,,,"Mostly shaded",,,,,,"No Transcription Errors",,,"legacyData"
"7f403710-560a-4fd7-819a-ebe6e06ad79c","OSBS_021.basePlot.vst","2014-10-06","vst_OSBS_2014","D03","OSBS","OSBS_021",,"NEON.PLA.D03.OSBS.02119",,"small tree","Live",5.5,130,5.0,,,,2.2,1.6,"Partially shaded",,,,,,,,,"legacyData | noMapTagData"
"230d5a02-9728-404a-83af-2ce4d79bf20f","OSBS_021.basePlot.vst","2014-10-06","vst_OSBS_2014","D03","OSBS","OSBS_021",,"NEON.PLA.D03.OSBS.02118",,"small tree","Live",5.4,130,2.8,,,,2.5,1.1,"Partially shaded",,,,,,,,,"legacyData | noMapTagData"
"479129a7-83e3-4f5a-a189-8c3c692e9748","OSBS_021.basePlot.vst","2014-10-06","vst_OSBS_2014","D03","OSBS","OSBS_021",,"NEON.PLA.D03.OSBS.02832",,,"Live",11.5,130,5.4,,,,4.9,4.3,"Partially shaded",,,,,,,,,"legacyData | noMapTagData"
"101d5ac6-35e7-4ce3-b4c0-740f8b74598b","OSBS_021.basePlot.vst","2014-10-06","vst_OSBS_2014","D03","OSBS","OSBS_021",,"NEON.PLA.D03.OSBS.01791",,,"Live",19.5,130,6.3,,,,6.7,3.4,"Full sun",,,,,,,,,"legacyData"
"4f59ddaa-b9e7-4b84-be19-9dfd81940a98","OSBS_021.basePlot.vst","2014-10-06","vst_OSBS_2014","D03","OSBS","OSBS_021",,"NEON.PLA.D03.OSBS.05312",,,"Live",23.7,130,9.3,,,,8.0,6.5,"Full sun",,,,,,,,,"legacyData | noMapTagData"
"ed693b8d-094a-4882-b1af-3b23796d40a5","OSBS_021.basePlot.vst","2014-10-06","vst_OSBS_2014","D03","OSBS","OSBS_021",,"NEON.PLA.D03.OSBS.02155",,"single bole tree","Live",12.4,130,6.8,,,,4.6,3.7,"Full sun",,,,,,"No Transcription Errors",,,"legacyData | noMapTagData"
"c654d418-476b-4893-aff6-369a3cb73e1b","OSBS_021.basePlot.vst","2014-10-06","vst_OSBS_2014","D03","OSBS","OSBS_021",,"NEON.PLA.D03.OSBS.02065",,"small tree","Live",4.3,130,2.5,,,,1.0,0.6,"Mostly shaded",,,,,,,,,"legacyData | noMapTagData"
"15d20d06-e1bb-4eec-8695-4f167f96173d","OSBS_021.basePlot.vst","2014-10-06","vst_OSBS_2014","D03","OSBS","OSBS_021",,"NEON.PLA.D03.OSBS.02027",,"single bole tree","Live",17.2,130,7.9,,,,2.9,1.7,"Partially shaded",,,,,,,,,"legacyData | noMapTagData"
"96c31c6f-0fab-48e0-9bfd-8c20f4e216ff","OSBS_021.basePlot.vst","2014-10-06","vst_OSBS_2014","D03","OSBS","OSBS_021",,"NEON.PLA.D03.OSBS.02153",,"small tree","Live",7.9,130,4.8,,,,3.4,2.2,"Partially shaded",,,,,,,,,"legacyData | noMapTagData"
"5d2b6eb0-f81b-4f36-ad1f-c307bc1fec8a","OSBS_021.basePlot.vst","2014-10-06","vst_OSBS_2014","D03","OSBS","OSBS_021",,"NEON.PLA.D03.OSBS.02045",,"small tree","Live",5.5,130,6.9,,,,2.1,1.6,"Mostly shaded",,,,,,"No Transcription Errors",,,"legacyData | noMapTagData"
"d6761a97-dfad-4efb-b438-33f6265d616a","OSBS_021.basePlot.vst","2014-10-06","vst_OSBS_2014","D03","OSBS","OSBS_021",,"NEON.PLA.D03.OSBS.02193",,"single bole tree","Live",12.2,130,6.4,,,,4.8,3.9,,,,,,,,,,"legacyData | noMapTagData"
"a70025e7-d64e-42a6-9bf9-f25da0c2f60e","OSBS_021.basePlot.vst","2014-10-06","vst_OSBS_2014","D03","OSBS","OSBS_021",,"NEON.PLA.D03.OSBS.02224",,"small tree","Live",8.5,130,4.7,,,,2.6,2.5,"Partially shaded",,,,,,,,,"legacyData | noMapTagData"
"c87a6425-9066-4627-8747-63a65c359ca0","OSBS_021.basePlot.vst","2014-10-06","vst_OSBS_2014","D03","OSBS","OSBS_021",,"NEON.PLA.D03.OSBS.02213",,"single bole tree","Live",11.2,130,7.9,,,,4.9,3.0,"Full sun",,,,,,,,,"legacyData | noMapTagData"
"36a83dea-e7e4-4de9-b3cd-b781b922d368","OSBS_021.basePlot.vst","2014-10-06","vst_OSBS_2014","D03","OSBS","OSBS_021",,"NEON.PLA.D03.OSBS.02123",,"single bole tree","Live",33.8,130,8.8,,,,9.6,7.9,"Full sun",,,,,,,,,"legacyData | noMapTagData"
"872a2ee3-cb28-4b56-9a80-39e6d4ae84a5","OSBS_021.basePlot.vst","2014-10-06","vst_OSBS_2014","D03","OSBS","OSBS_021",,"NEON.PLA.D03.OSBS.05683",,,"Live",8.7,130,5.9,,,,3.2,2.4,"Partially shaded",,,,,,,,,"legacyData | noMapTagData"
"e676b1fd-5874-4ca5-b3a3-52318ebfec67","OSBS_021.basePlot.vst","2014-10-06","vst_OSBS_2014","D03","OSBS","OSBS_021",,"NEON.PLA.D03.OSBS.02115",,"small tree","Live",5.0,130,2.6,,,,1.7,1.6,"Partially shaded",,,,,,"No Transcription Errors",,,"legacyData | noMapTagData"
"0a3ed4e6-426a-48f0-a479-ebd0dad1ba3f","OSBS_021.basePlot.vst","2014-10-06","vst_OSBS_2014","D03","OSBS","OSBS_021",,"NEON.PLA.D03.OSBS.02215",,"single bole tree","Live",23.6,130,7.3,,,,9.3,5.7,"Full sun",,,,,,,,,"legacyData | noMapTagData"
"62acbbcf-c0fb-4745-8d62-ebf58adcc667","OSBS_021.basePlot.vst","2014-10-06","vst_OSBS_2014","D03","OSBS","OSBS_021",,"NEON.PLA.D03.OSBS.02058",,"small tree","Live",4.2,130,2.7,,,,2.3,1.1,"Mostly shaded",,,,,,,,,"legacyData | noMapTagData"
"4715c37b-265f-486c-88e5-6ac9ccaf0327","OSBS_021.basePlot.vst","2014-10-06","vst_OSBS_2014","D03","OSBS","OSBS_021",,"NEON.PLA.D03.OSBS.02062",,"small tree","Live",3.7,130,1.4,,,,1.8,1.3,"Mostly shaded",,,,,,,,,"legacyData | noMapTagData"
"a5b131e2-7afd-4d4c-8c51-3e11e1660d21","OSBS_021.basePlot.vst","2014-10-06","vst_OSBS_2014","D03","OSBS","OSBS_021",,"NEON.PLA.D03.OSBS.02048",,"small tree","Live",4.5,130,1.8,,,,1.7,1.1,"Mostly shaded",,,,,,,,,"legacyData | noMapTagData"
"6452d450-652f-4230-83f5-e3cdb7c0ea3d","OSBS_021.basePlot.vst","2014-10-06","vst_OSBS_2014","D03","OSBS","OSBS_021",,"NEON.PLA.D03.OSBS.02198",,"small tree","Live",9.9,130,4.5,,,,3.5,2.8,"Partially shaded",,,,,,,,,"legacyData | noMapTagData"
"95343ced-570d-47d0-a407-9ca3737c87ba","OSBS_021.basePlot.vst","2014-10-06","vst_OSBS_2014","D03","OSBS","OSBS_021",,"NEON.PLA.D03.OSBS.02211",,"single bole tree","Live",25.2,130,8.0,,,,5.4,5.0,"Full sun",,,,,,,,,"legacyData | noMapTagData"
"db4d0d2f-7027-4137-9fc1-f4c7f2495381","OSBS_021.basePlot.vst","2014-10-06","vst_OSBS_2014","D03","OSBS","OSBS_021",,"NEON.PLA.D03.OSBS.02145",,"single bole tree","Live",20.7,130,10.9,,,,7.7,5.8,"Full sun",,,,,,,,,"legacyData | noMapTagData"
"60a2d482-af9f-4d2c-8f38-31517c761906","OSBS_021.basePlot.vst","2014-10-06","vst_OSBS_2014","D03","OSBS","OSBS_021",,"NEON.PLA.D03.OSBS.02083",,"single bole tree","Live",23.8,130,10.4,,,,8.0,7.1,"Full sun",,,,,,,,,"legacyData | noMapTagData"
"c3cab172-abfd-4469-a9e7-7e79b53d06cb","OSBS_021.basePlot.vst","2014-10-06","vst_OSBS_2014","D03","OSBS","OSBS_021",,"NEON.PLA.D03.OSBS.02171",,"single bole tree","Live",35.9,130,15.4,,,,11.5,8.7,"Full sun",,,,,,,,,"legacyData | noMapTagData"
"f4077f52-feec-4be2-97e5-b2bd2011d5d7","OSBS_009.basePlot.vst","2014-10-07","vst_OSBS_2014","D03","OSBS","OSBS_009",,"NEON.PLA.D03.OSBS.00933",,"small tree","Live",27.5,120,2.1,,,,4.2,3.2,"Partially shaded",,,,,,"tree knot; NO TRANSCRIPTION ERRORS",,,"legacyData"
"e39b2ae6-dc41-43be-a214-32c1179d484e","OSBS_009.basePlot.vst","2014-10-07","vst_OSBS_2014","D03","OSBS","OSBS_009",,"NEON.PLA.D03.OSBS.00959",,"small tree",,6.3,130,3.0,,,,4.9,3.3,"Partially shaded",,,,,,"Measure with tape; NO TRANSCRIPTION ERROR",,,"legacyData"
"03a4b11e-e0d8-46a3-a0eb-308f3c0ef164","OSBS_009.basePlot.vst","2014-10-07","vst_OSBS_2014","D03","OSBS","OSBS_009",,"NEON.PLA.D03.OSBS.01048",,"sapling",,1.5,10,1.8,,,,,,"Mostly shaded",,,,,,"Measure with tape",,,"legacyData"
"a9aa4b35-99fb-481e-b9b7-e362325cda94","OSBS_009.basePlot.vst","2014-10-07","vst_OSBS_2014","D03","OSBS","OSBS_009",,"NEON.PLA.D03.OSBS.01042",,"small shrub",,1.5,10,1.3,,,,,,"Mostly shaded",,,,,,"Measure with tape",,,"legacyData"
"f4114984-c5c1-49d0-9d9b-a7a7b5babd0d","OSBS_009.basePlot.vst","2014-10-07","vst_OSBS_2014","D03","OSBS","OSBS_009",,"NEON.PLA.D03.OSBS.00748",,,"Live",7.9,109,4.3,,,,4.8,2.4,"Partially shaded",,,,,,"Measure with tape",,,"legacyData | noMapTagData"
"2c38ecdd-ca54-470d-aa5e-b8b1857fd740","OSBS_009.basePlot.vst","2014-10-07","vst_OSBS_2014","D03","OSBS","OSBS_009",,"NEON.PLA.D03.OSBS.06166",,"single bole tree",,10.4,130,1.9,,,,1.7,1.2,"Mostly shaded",,,,,,"Measure with tape",,,"legacyData"
"1e2bf6f4-88a9-4db1-a1cf-befd7a471a42","OSBS_009.basePlot.vst","2014-10-07","vst_OSBS_2014","D03","OSBS","OSBS_009",,"NEON.PLA.D03.OSBS.05671",,,"Live",12.2,130,,,,,,,,,,,,,,,,"legacyData | noMapTagData"
"5bbc4d49-bfda-4d9a-9e25-f8b1d6936390","OSBS_009.basePlot.vst","2014-10-07","vst_OSBS_2014","D03","OSBS","OSBS_009",,"NEON.PLA.D03.OSBS.00966",,"small tree",,2.2,10,1.4,,,,,,"Mostly shaded",,,,,,"Measure with tape",,,"legacyData"
"0e32d96a-6dea-41e1-88a0-dbf749be35be","OSBS_009.basePlot.vst","2014-10-07","vst_OSBS_2014","D03","OSBS","OSBS_009",,"NEON.PLA.D03.OSBS.01038",,"single bole tree","Live, physically damaged",13.0,130,3.2,,,,,,"Partially shaded",,,,,,"Measure with tape; no canopy; dead",,,"legacyData"
"ae51f76a-bd2d-48db-922d-c1ae19bed6d0","OSBS_009.basePlot.vst","2014-10-07","vst_OSBS_2014","D03","OSBS","OSBS_009",,"NEON.PLA.D03.OSBS.00941",,"single bole tree","Live",54.3,130,20.3,,,,9.6,8.2,"Full sun",,,,,,,,,"legacyData"
"5a04d935-5b3e-45b1-be37-62f9117a9dbc","OSBS_009.basePlot.vst","2014-10-07","vst_OSBS_2014","D03","OSBS","OSBS_009",,"NEON.PLA.D03.OSBS.00960",,"small tree",,3.0,130,0.1,,,,3.2,1.4,"Mostly shaded",,,,,,"Measure with tape",,,"legacyData"
"43eb836e-d678-4297-9bda-d575845fe422","OSBS_009.basePlot.vst","2014-10-07","vst_OSBS_2014","D03","OSBS","OSBS_009",,"NEON.PLA.D03.OSBS.00963",,"sapling","Live",1.1,10,16.2,,,,,,"Mostly shaded",,,,,,"Measure with tape",,,"legacyData"
"d9d35b76-1df8-4d00-964d-72a91ccd4e83","OSBS_009.basePlot.vst","2014-10-07","vst_OSBS_2014","D03","OSBS","OSBS_009",,"NEON.PLA.D03.OSBS.01754",,,"Live",11.7,130,1.7,,,,5.6,2.6,"Mostly shaded",,,,,,,,,"legacyData | noMapTagData"
"5e89e466-ca22-486e-b6b4-dc8fe39c6b4a","OSBS_009.basePlot.vst","2014-10-07","vst_OSBS_2014","D03","OSBS","OSBS_009",,"NEON.PLA.D03.OSBS.06161",,"single bole tree","Live",54.4,130,22.0,,,,15.4,8.4,"Full sun",,,,,,"Measure with tape",,,"legacyData"
"2fa2cee3-e565-42a2-9e56-6ff820a11225","OSBS_009.basePlot.vst","2014-10-07","vst_OSBS_2014","D03","OSBS","OSBS_009",,"NEON.PLA.D03.OSBS.06164",,"small tree",,2.2,130,3.0,,,,1.7,1.6,"Partially shaded",,,,,,"Measure with tape",,,"legacyData"
"6e72a292-02f0-46b6-adee-f25989d0bead","OSBS_009.basePlot.vst","2014-10-07","vst_OSBS_2014","D03","OSBS","OSBS_009",,"NEON.PLA.D03.OSBS.06158",,"small tree",,1.8,130,2.9,,,,1.6,1.1,"Mostly shaded",,,,,,"Measure with tape",,,"legacyData"
"8f84c720-baab-432f-9ecd-5a3fc7079bdd","OSBS_009.basePlot.vst","2014-10-07","vst_OSBS_2014","D03","OSBS","OSBS_009",,"NEON.PLA.D03.OSBS.01049",,"sapling",,1.2,10,1.4,,,,,,"Partially shaded",,,,,,"Measure with tape; NO TRANSCRIPTION ERRORS",,,"legacyData"
"9f009e99-dd71-4f41-bdcb-9e6b70890bf9","OSBS_009.basePlot.vst","2014-10-07","vst_OSBS_2014","D03","OSBS","OSBS_009",,"NEON.PLA.D03.OSBS.01039",,"small tree",,3.8,130,2.4,,,,3.1,1.7,"Partially shaded",,,,,,"Measure with tape",,,"legacyData"
"bc73e3a1-82c9-40f8-a87f-af04ce0bc45a","OSBS_009.basePlot.vst","2014-10-07","vst_OSBS_2014","D03","OSBS","OSBS_009",,"NEON.PLA.D03.OSBS.06154",,"small tree","Live",1.6,130,0.4,,,,1.4,1.2,"Mostly shaded",,,,,,"Measure with tape",,,"legacyData | noMapTagData"
"758c653e-f6ab-45fe-8375-ba1ea22f4f41","OSBS_009.basePlot.vst","2014-10-07","vst_OSBS_2014","D03","OSBS","OSBS_009",,"NEON.PLA.D03.OSBS.00934",,"liana","Live",16.0,130,,,,,,,,,,,,,,,,"legacyData | noMapTagData"
"8d574019-af20-494f-9ac4-3bc10697e36f","OSBS_009.basePlot.vst","2014-10-07","vst_OSBS_2014","D03","OSBS","OSBS_009",,"NEON.PLA.D03.OSBS.01034",,"small tree","Live",5.3,130,1.9,,,,2.5,1.9,"Partially shaded",,,,,,"Measure with tape",,,"legacyData"
"1b3443bd-8ad5-494f-941a-4e41bf2a6efc","OSBS_009.basePlot.vst","2014-10-07","vst_OSBS_2014","D03","OSBS","OSBS_009",,"NEON.PLA.D03.OSBS.04353",,,"Live",9.1,130,2.0,,,,3.8,3.7,"Mostly shaded",,,,,,,,,"legacyData | noMapTagData"
"20337e5f-2b7d-4780-a1dd-055b66f1eff0","OSBS_009.basePlot.vst","2014-10-07","vst_OSBS_2014","D03","OSBS","OSBS_009",,"NEON.PLA.D03.OSBS.06152",,"small tree",,3.7,130,1.0,,,,3.5,2.3,"Mostly shaded",,,,,,"Measure with tape",,,"legacyData"
"5c8d95a7-c7f9-41d4-8534-00deffee50c4","OSBS_009.basePlot.vst","2014-10-07","vst_OSBS_2014","D03","OSBS","OSBS_009",,"NEON.PLA.D03.OSBS.01047",,"sapling",,1.4,10,1.4,,,,,,"Mostly shaded",,,,,,"Measure with tape",,,"legacyData"
"a8077caf-f623-4921-8962-e0f86315fd78","OSBS_009.basePlot.vst","2014-10-07","vst_OSBS_2014","D03","OSBS","OSBS_009",,"NEON.PLA.D03.OSBS.06163",,"small tree",,2.6,130,3.6,,,,2.9,1.7,"Mostly shaded",,,,,,"Measure with tape",,,"legacyData"
"8f06ebd8-b099-4833-a34a-7b7a639a83b0","OSBS_009.basePlot.vst","2014-10-07","vst_OSBS_2014","D03","OSBS","OSBS_009",,"NEON.PLA.D03.OSBS.00932",,"single bole tree","Live",44.0,130,6.9,,,,,,"Partially shaded",,,,,,"top cut off",,,"legacyData"
"ee04d4ee-5ba1-4ced-982c-63da6e8b3a96","OSBS_009.basePlot.vst","2014-10-07","vst_OSBS_2014","D03","OSBS","OSBS_009",,"NEON.PLA.D03.OSBS.00957",,"small tree",,1.2,130,2.1,,,,0.7,0.6,"Mostly shaded",,,,,,"Measure with tape",,,"legacyData"
"56eabf95-59a2-4c0a-96cf-7696655cc9c1","OSBS_009.basePlot.vst","2014-10-07","vst_OSBS_2014","D03","OSBS","OSBS_009",,"NEON.PLA.D03.OSBS.04068",,,"Live",7.6,130,1.7,,,,2.9,2.2,"Mostly shaded",,,,,,,,,"legacyData | noMapTagData"
"4df2bffd-4736-47c9-897e-1bccf3927d56","OSBS_009.basePlot.vst","2014-10-07","vst_OSBS_2014","D03","OSBS","OSBS_009",,"NEON.PLA.D03.OSBS.01044",,"small shrub",,1.4,10,1.9,,,,,,"Mostly shaded",,,,,,"Measure with tape",,,"legacyData"
"f5daf088-8926-4167-b762-87b4bab1836f","OSBS_009.basePlot.vst","2014-10-07","vst_OSBS_2014","D03","OSBS","OSBS_009",,"NEON.PLA.D03.OSBS.01040",,"single shrub",,2.6,10,1.4,,,,,,"Mostly shaded",,,,,,"Measure with tape",,,"legacyData"
"5e9a433f-4790-4670-a71e-5708fade2334","OSBS_009.basePlot.vst","2014-10-07","vst_OSBS_2014","D03","OSBS","OSBS_009",,"NEON.PLA.D03.OSBS.01041",,"small tree",,1.6,10,1.3,,,,,,"Mostly shaded",,,,,,"Measure with tape",,,"legacyData"
"f89b4c3c-9f2e-4fbe-99f7-060a5560e428","OSBS_009.basePlot.vst","2014-10-07","vst_OSBS_2014","D03","OSBS","OSBS_009",,"NEON.PLA.D03.OSBS.00939",,"small tree",,1.5,130,2.1,,,,1.5,1.2,"Partially shaded",,,,,,"Measure with tape",,,"legacyData"
"860ad39d-6908-4f2e-a7de-6d55322304d0","OSBS_009.basePlot.vst","2014-10-07","vst_OSBS_2014","D03","OSBS","OSBS_009",,"NEON.PLA.D03.OSBS.00950",,"small shrub","Live",7.1,10,1.5,,,,,,"Mostly shaded",,,,,,,,,"legacyData | noMapTagData"
"bcb4547b-ce48-4124-b64f-f480038292ba","OSBS_009.basePlot.vst","2014-10-07","vst_OSBS_2014","D03","OSBS","OSBS_009",,"NEON.PLA.D03.OSBS.00948",,"liana","Live",7.4,130,,,,,,,,,,,,,,,,"legacyData | noMapTagData"
"65e98963-db45-4de7-bdc1-7429a53b8a0c","OSBS_009.basePlot.vst","2014-10-07","vst_OSBS_2014","D03","OSBS","OSBS_009",,"NEON.PLA.D03.OSBS.06159",,"sapling",,1.5,10,1.1,,,,,,"Mostly shaded",,,,,,"Measure with tape",,,"legacyData"
"1aa61fc8-beeb-4b06-891c-cfc2e8c01d70","OSBS_009.basePlot.vst","2014-10-07","vst_OSBS_2014","D03","OSBS","OSBS_009",,"NEON.PLA.D03.OSBS.02893",,,"Live",31.0,130,7.6,,,,9.9,9.5,"Full sun",,,,,,"Measure with tape",,,"legacyData"
"c5293198-0e3a-4a83-8a71-9d9911c4e59b","OSBS_009.basePlot.vst","2014-10-07","vst_OSBS_2014","D03","OSBS","OSBS_009",,"NEON.PLA.D03.OSBS.00953",,"single bole tree",,36.2,130,10.7,,,,14.4,8.5,"Full sun",,,,,,"Measure with tape; NO TRANSCRIPTION ERRORS",,,"legacyData"
"0d43c7d1-ac38-4e69-af21-25881acb5173","OSBS_009.basePlot.vst","2014-10-07","vst_OSBS_2014","D03","OSBS","OSBS_009",,"NEON.PLA.D03.OSBS.06160",,"single bole tree","Live",42.9,130,21.3,,,,14.4,5.5,"Full sun",,,,,,"Measure with tape; measurement height 130 cm above buttress",,,"legacyData"
"ce3a3bb1-f237-4785-96d2-b3dc03620536","OSBS_009.basePlot.vst","2014-10-07","vst_OSBS_2014","D03","OSBS","OSBS_009",,"NEON.PLA.D03.OSBS.00962",,"sapling",,1.5,10,0.9,,,,,,"Mostly shaded",,,,,,"Measure with tape",,,"legacyData"
"96d08cfc-b24f-4dd9-b265-57e7b603d911","OSBS_009.basePlot.vst","2014-10-07","vst_OSBS_2014","D03","OSBS","OSBS_009",,"NEON.PLA.D03.OSBS.00947",,"small shrub","Live",6.3,10,1.6,,,,,,"Mostly shaded","cone",,,,,,,,"legacyData"
"69450d76-0f05-4fc3-be23-1050a260e982","OSBS_009.basePlot.vst","2014-10-07","vst_OSBS_2014","D03","OSBS","OSBS_009",,"NEON.PLA.D03.OSBS.01045",,"sapling",,1.7,10,1.9,,,,,,"Partially shaded",,,,,,"Measure with tape",,,"legacyData"
"008544da-3ccf-43e1-a87a-f5a08a14f9cd","OSBS_009.basePlot.vst","2014-10-07","vst_OSBS_2014","D03","OSBS","OSBS_009",,"NEON.PLA.D03.OSBS.01035",,"small tree","Live",8.5,130,2.7,,,,4.2,3.3,"Partially shaded",,,,,,"Measure with tape",,,"legacyData"
"0230b974-57a7-48e6-9b4e-fcb159338d29","OSBS_009.basePlot.vst","2014-10-07","vst_OSBS_2014","D03","OSBS","OSBS_009",,"NEON.PLA.D03.OSBS.00965",,"small tree",,2.4,130,1.8,,,,,,"Mostly shaded",,,,,,"Measure with tape",,,"legacyData"
"832b7b48-71c4-4c93-87e1-a9c3610dbe0a","OSBS_009.basePlot.vst","2014-10-07","vst_OSBS_2014","D03","OSBS","OSBS_009",,"NEON.PLA.D03.OSBS.00952",,"single shrub","Live",3.5,130,1.5,,,,,,"Mostly shaded","cone",,,,,,,,"legacyData | noMapTagData"
"940d8544-046c-41b3-9869-576d1ea925a2","OSBS_009.basePlot.vst","2014-10-07","vst_OSBS_2014","D03","OSBS","OSBS_009",,"NEON.PLA.D03.OSBS.01036",,"single bole tree","Live",55.8,130,29.8,,,,10.2,9.4,"Full sun",,,,,,"Measure with tape; Really tall; NO TRANSCRIPTION ERRORS",,,"legacyData"
"e1185a5b-c826-4534-adb4-a04857351deb","OSBS_009.basePlot.vst","2014-10-07","vst_OSBS_2014","D03","OSBS","OSBS_009",,"NEON.PLA.D03.OSBS.01037",,"single bole tree","Live",21.2,130,13.2,,,,6.5,3.7,"Full sun",,,,,,"Measure with tape",,,"legacyData"
"8af2982a-2145-4a3a-9699-84b71d31bf26","OSBS_009.basePlot.vst","2014-10-07","vst_OSBS_2014","D03","OSBS","OSBS_009",,"NEON.PLA.D03.OSBS.03297",,,"Live",9.0,130,,,,,,,,,,,,,"NO TRANSCRIPTION ERRORS",,,"legacyData | noMapTagData"
"11132265-6f84-4aab-af8f-160e17bafab7","OSBS_009.basePlot.vst","2014-10-07","vst_OSBS_2014","D03","OSBS","OSBS_009",,"NEON.PLA.D03.OSBS.00936",,"small tree",,6.0,130,1.1,,,,4.8,1.8,"Mostly shaded",,,,,,"Measure with tape; Stem status: alive and damaged (1;6)",,,"legacyData"
"daf30972-df00-427f-877a-85b34cf72521","OSBS_009.basePlot.vst","2014-10-07","vst_OSBS_2014","D03","OSBS","OSBS_009",,"NEON.PLA.D03.OSBS.00943",,"liana","Live",14.4,130,,,,,,,,,,,,,,,,"legacyData"
"5ddc8850-767a-49d2-9b0d-8b01b6e69dab","OSBS_009.basePlot.vst","2014-10-07","vst_OSBS_2014","D03","OSBS","OSBS_009",,"NEON.PLA.D03.OSBS.06156",,"small tree","Live",4.2,130,0.9,,,,3.5,1.8,"Partially shaded",,,,,,"NO TRANSCRIPTION ERRORS",,,"legacyData"
"bcc448c4-74da-43ef-952b-13e89101143d","OSBS_009.basePlot.vst","2014-10-07","vst_OSBS_2014","D03","OSBS","OSBS_009",,"NEON.PLA.D03.OSBS.00945",,"single bole tree","Live",16.7,130,3.6,,,,4.7,2.7,"Partially shaded",,,,,,,,,"legacyData"
"d78c7efd-bbd3-4c9e-a927-344a9f9b05bd","OSBS_009.basePlot.vst","2014-10-07","vst_OSBS_2014","D03","OSBS","OSBS_009",,"NEON.PLA.D03.OSBS.02661",,,"Live",12.8,130,0.2,,,,3.2,1.6,"Mostly shaded",,,,,,,,,"legacyData | noMapTagData"
"fb8836b5-b940-495c-a351-98f2e1207918","OSBS_009.basePlot.vst","2014-10-07","vst_OSBS_2014","D03","OSBS","OSBS_009",,"NEON.PLA.D03.OSBS.06157",,"small tree",,1.8,130,2.8,,,,1.3,1.1,"Mostly shaded",,,,,,"Measure with tape",,,"legacyData"
"13961623-f0f3-4c2d-a465-706371ab895c","OSBS_009.basePlot.vst","2014-10-07","vst_OSBS_2014","D03","OSBS","OSBS_009",,"NEON.PLA.D03.OSBS.01043",,"sapling",,1.4,130,1.6,,,,1.0,0.5,"Mostly shaded",,,,,,"Measure with tape",,,"legacyData"
"74f85e83-9b51-4db6-a8c5-58e340ec4282","OSBS_009.basePlot.vst","2014-10-07","vst_OSBS_2014","D03","OSBS","OSBS_009",,"NEON.PLA.D03.OSBS.00951",,"small shrub","Live",7.0,10,1.0,,,,,,"Mostly shaded",,,,,,,,,"legacyData | noMapTagData"
"f564b05a-e2af-49b1-af23-bed0067d828a","OSBS_009.basePlot.vst","2014-10-07","vst_OSBS_2014","D03","OSBS","OSBS_009",,"NEON.PLA.D03.OSBS.06151",,"small tree",,4.5,130,3.2,,,,2.3,2.2,"Mostly shaded",,,,,,"Measure with tape",,,"legacyData"
"221fce59-2dec-461f-a09f-2d76dc55dc3e","OSBS_009.basePlot.vst","2014-10-07","vst_OSBS_2014","D03","OSBS","OSBS_009",,"NEON.PLA.D03.OSBS.00937",,"small shrub",,1.7,130,1.6,,,,,,"Mostly shaded",,,,,,"Measure with tape",,,"legacyData"
"c5952b23-be19-4f3d-ab61-d9ef88b28a86","OSBS_009.basePlot.vst","2014-10-07","vst_OSBS_2014","D03","OSBS","OSBS_009",,"NEON.PLA.D03.OSBS.00024",,,"Live",6.5,130,1.7,,,,2.1,1.4,"Mostly shaded",,,,,,,,,"legacyData"
"5926c923-920d-44a4-96be-028b8f1b60c5","OSBS_009.basePlot.vst","2014-10-07","vst_OSBS_2014","D03","OSBS","OSBS_009",,"NEON.PLA.D03.OSBS.06165",,"small shrub",,1.5,10,1.7,,,,,,"Mostly shaded",,,,,,"Measure with tape",,,"legacyData"
"fd6739a9-bedd-415c-970a-0753e271aab2","OSBS_009.basePlot.vst","2014-10-07","vst_OSBS_2014","D03","OSBS","OSBS_009",,"NEON.PLA.D03.OSBS.01050",,"sapling",,5.0,10,1.7,,,,,,"Mostly shaded",,,,,,"Measure with tape",,,"legacyData"
"6dda89ad-08cb-4731-8aa9-a2b06c671fe9","OSBS_009.basePlot.vst","2014-10-07","vst_OSBS_2014","D03","OSBS","OSBS_009",,"NEON.PLA.D03.OSBS.06155",,"small tree","Live",3.7,130,1.4,,,,3.4,2.6,"Partially shaded",,,,,,,,,"legacyData"
"267ebcaf-9c5e-4314-ab78-d10b973b677d","OSBS_009.basePlot.vst","2014-10-07","vst_OSBS_2014","D03","OSBS","OSBS_009",,"NEON.PLA.D03.OSBS.00935",,"small shrub","Live",5.5,10,1.0,,,,,,"Mostly shaded",,,,,,,,,"legacyData | noMapTagData"
"cb14d10a-78e7-41ae-a17a-6086f4592f19","OSBS_009.basePlot.vst","2014-10-07","vst_OSBS_2014","D03","OSBS","OSBS_009",,"NEON.PLA.D03.OSBS.06162",,"single bole tree","Live",29.3,130,18.5,,,,7.0,3.4,"Full sun",,,,,,"Measure with tape; measurement height 130cm above buttress",,,"legacyData"
"91547bf2-2135-4ce2-a5ec-a341597299de","OSBS_009.basePlot.vst","2014-10-07","vst_OSBS_2014","D03","OSBS","OSBS_009",,"NEON.PLA.D03.OSBS.00940",,"sapling",,1.1,10,1.4,,,,,,"Mostly shaded",,,,,,"Measure with tape; NO TRANSCRIPTION ERRORS",,,"legacyData"
