uid,namedLocation,domainID,siteID,plotID,plotType,nlcdClass,decimalLatitude,decimalLongitude,geodeticDatum,coordinateUncertainty,elevation,elevationUncertainty,collectDate,eventID,sampleID,sampleCode,samplingMethod,totalSampledArea,targetTaxaPresent,adultCount,nymphCount,larvaCount,sampleCondition,samplingProtocolVersion,measuredBy,remarks
"15445d18-94e8-4176-8b25-9bf78ca9149b","ORNL_002.tickPlot.tck","D07","ORNL","ORNL_002","distributed","deciduousForest",35.983090,-84.211654,"WGS84",20.3,338.6,0.5,"2018-10-03T12:11Z","ORNL.2018.40","ORNL_002.20181003","A00000012983","drag and flag",160,"Y",0,14,1,"No known compromise","NEON.DOC.014045vJ","01CGT3wgmyhk8ju68sLWvKMg+1LBE0qlVRvi09peaa+n6pRik4oh8g==",
"02a512c2-cdcb-4775-a6b7-bebe150f6cf1","ORNL_003.tickPlot.tck","D07","ORNL","ORNL_003","distributed","deciduousForest",35.967011,-84.229849,"WGS84",20.2,275.5,0.2,"2018-10-03T13:39Z","ORNL.2018.40","ORNL_003.20181003","A00000012565","drag and flag",165,"Y",0,1,0,"No known compromise","NEON.DOC.014045vJ","dUo4y+35fYMLf84WQKENwuHL/E92G+BZoT7HeQZOdG4=",
"18c7ef86-a2f0-4a6c-9a31-1a0aa3c6b152","ORNL_007.tickPlot.tck","D07","ORNL","ORNL_007","distributed","deciduousForest",35.925843,-84.328420,"WGS84",20.2,279.4,0.5,"2018-10-03T14:28Z","ORNL.2018.40","ORNL_007.20181003","A00000046258","drag and flag",163,"Y",0,2,756,"No known compromise","NEON.DOC.014045vJ","nAKPQvGWPz3rFv4/63mKy/6PZ3ONZ0BTbNHKq62JfrI=",
"87d6a66b-c056-4f78-b11f-6f909f881bcf","ORNL_009.tickPlot.tck","D07","ORNL","ORNL_009","distributed","deciduousForest",35.974902,-84.226630,"WGS84",20.2,337.1,0.2,"2018-10-03T14:54Z","ORNL.2018.40","ORNL_009.20181003","A00000012547","drag and flag",160,"Y",0,1,7,"No known compromise","NEON.DOC.014045vJ","dUo4y+35fYMLf84WQKENwuHL/E92G+BZoT7HeQZOdG4=",
"b70172d0-d65d-43ed-a6f7-b1e3ae784ec8","ORNL_008.tickPlot.tck","D07","ORNL","ORNL_008","distributed","deciduousForest",35.933531,-84.334016,"WGS84",20.3,322.7,0.3,"2018-10-03T16:41Z","ORNL.2018.40","ORNL_008.20181003","A00000012555","drag",160,"Y",0,0,9,"No known compromise","NEON.DOC.014045vJ","nAKPQvGWPz3rFv4/63mKy/6PZ3ONZ0BTbNHKq62JfrI=",
"f4900f87-b1df-4535-b152-e4a146e76cc1","ORNL_040.tickPlot.tck","D07","ORNL","ORNL_040","distributed","evergreenForest",35.975525,-84.305103,"WGS84",20.2,273.2,0.2,"2018-10-03T18:12Z","ORNL.2018.40","ORNL_040.20181003","A00000012568","drag and flag",162,"Y",0,0,96,"No known compromise","NEON.DOC.014045vJ","nAKPQvGWPz3rFv4/63mKy/6PZ3ONZ0BTbNHKq62JfrI=",
