uid,namedLocation,domainID,siteID,plotID,plotType,nlcdClass,decimalLatitude,decimalLongitude,geodeticDatum,coordinateUncertainty,elevation,elevationUncertainty,collectDate,eventID,sampleID,sampleCode,samplingMethod,totalSampledArea,targetTaxaPresent,adultCount,nymphCount,larvaCount,sampleCondition,samplingProtocolVersion,measuredBy,remarks
"0b982bef-cff8-44e7-89d4-97bcb6a81a44","BLAN_002.tickPlot.tck","D02","BLAN","BLAN_002","distributed","pastureHay",39.091474,-77.982149,"WGS84",20.1,145.6,0.1,"2017-05-08T15:03Z","BLAN.2017.20",,,"drag",160,"N",0,0,0,"No known compromise","NEON.DOC.014045vH","65MrXCKZ6BZHMIpBwLFSzI3B2iyqckQKC2QVdjxfI44=",
"c95daf37-f59c-4f3e-9e86-144d7053f401","BLAN_004.tickPlot.tck","D02","BLAN","BLAN_004","distributed","pastureHay",39.088416,-77.961331,"WGS84",20.1,123.7,0.1,"2017-05-08T15:57Z","BLAN.2017.20",,,"drag",160,"N",0,0,0,"No known compromise","NEON.DOC.014045vH","vEBCcEQSSh/8g+5EygcyV8s9rq+AI0d+KECPnWYYvhY=",
"42fb71ca-5f72-403d-94dc-4d62b3acfe90","BLAN_008.tickPlot.tck","D02","BLAN","BLAN_008","distributed","pastureHay",39.083870,-77.966320,"WGS84",20.4,159.6,0.5,"2017-05-08T16:28Z","BLAN.2017.20",,,"drag",160,"N",0,0,0,"No known compromise","NEON.DOC.014045vH","65MrXCKZ6BZHMIpBwLFSzI3B2iyqckQKC2QVdjxfI44=",
"fa271565-28aa-4f91-8738-50ee37a0b275","BLAN_012.tickPlot.tck","D02","BLAN","BLAN_012","distributed","deciduousForest",39.082720,-77.959589,"WGS84",20.2,135.1,0.2,"2017-05-08T17:18Z","BLAN.2017.20",,,"drag and flag",148,"N",0,0,0,"No known compromise","NEON.DOC.014045vH","vEBCcEQSSh/8g+5EygcyV8s9rq+AI0d+KECPnWYYvhY=",
"df627ec5-4c4a-4fa8-880f-ecb04b16a220","BLAN_015.tickPlot.tck","D02","BLAN","BLAN_015","distributed","deciduousForest",39.088728,-77.955494,"WGS84",20.2,125.9,0.2,"2017-05-08T18:10Z","BLAN.2017.20","BLAN_015.20170508",,"drag and flag",160,"Y",1,1,0,"No known compromise","NEON.DOC.014045vH","65MrXCKZ6BZHMIpBwLFSzI3B2iyqckQKC2QVdjxfI44=",
"d21c0754-9098-43f1-9b3a-2127beead7c7","BLAN_005.tickPlot.tck","D02","BLAN","BLAN_005","distributed","deciduousForest",39.086223,-77.972729,"WGS84",20.2,169.1,0.3,"2017-05-08T19:12Z","BLAN.2017.20","BLAN_005.20170508",,"drag",159,"Y",0,25,0,"No known compromise","NEON.DOC.014045vH","vEBCcEQSSh/8g+5EygcyV8s9rq+AI0d+KECPnWYYvhY=",
"2b08a52e-370f-4986-878f-1a76b8b68942","BLAN_002.tickPlot.tck","D02","BLAN","BLAN_002","distributed","pastureHay",39.091474,-77.982149,"WGS84",20.1,145.6,0.1,"2017-05-31T16:02Z","BLAN.2017.23",,,"drag",160,"N",0,0,0,"No known compromise","NEON.DOC.014045vH","ena7GLJui5s1h8moQAQPw3Qj2+mVdivS","cows in field while sampling"
"c0acc6e9-31d7-4928-93b3-2829d0e70441","BLAN_008.tickPlot.tck","D02","BLAN","BLAN_008","distributed","pastureHay",39.083870,-77.966320,"WGS84",20.4,159.6,0.5,"2017-05-31T17:16Z","BLAN.2017.23",,,"drag",163,"N",0,0,0,"No known compromise","NEON.DOC.014045vH","ena7GLJui5s1h8moQAQPw3Qj2+mVdivS",
"db48fb69-1884-4df9-9504-9232d67987ce","BLAN_004.tickPlot.tck","D02","BLAN","BLAN_004","distributed","pastureHay",39.088416,-77.961331,"WGS84",20.1,123.7,0.1,"2017-05-31T18:47Z","BLAN.2017.23",,,"drag",160,"N",0,0,0,,"NEON.DOC.014045vH","ena7GLJui5s1h8moQAQPw3Qj2+mVdivS",
