uid,namedLocation,domainID,siteID,plotID,plotType,nlcdClass,decimalLatitude,decimalLongitude,geodeticDatum,coordinateUncertainty,elevation,elevationUncertainty,collectDate,eventID,sampleID,sampleCode,samplingMethod,totalSampledArea,targetTaxaPresent,adultCount,nymphCount,larvaCount,sampleCondition,samplingProtocolVersion,measuredBy,remarks
"cb916014-ae6b-47d9-9053-69f70e9f4851","YELL_009.tickPlot.tck","D12","YELL","YELL_009","distributed","evergreenForest",44.972216,-110.504156,"WGS84",20.1,2018.9,0.2,"2018-06-14T16:09Z","YELL.2018.24",,,"drag and flag",160,"N",0,0,0,,"NEON.DOC.014045vJ","rkwvOVhKeYIT1sfC91awRFj+xf/VrBycR5w1IRnfy0c=",
"9111b46a-b3a0-44fc-93c1-853760c69723","YELL_003.tickPlot.tck","D12","YELL","YELL_003","distributed","shrubScrub",44.956055,-110.533849,"WGS84",20.1,2115.2,0.1,"2018-06-14T18:43Z","YELL.2018.24",,,"drag and flag",160,"N",0,0,0,,"NEON.DOC.014045vJ","rkwvOVhKeYIT1sfC91awRFj+xf/VrBycR5w1IRnfy0c=",
"57678940-4fb6-4a1b-801c-87d1d44fcd92","YELL_004.tickPlot.tck","D12","YELL","YELL_004","distributed","shrubScrub",44.961910,-110.594615,"WGS84",20.0,1994.4,0.0,"2018-06-14T20:10Z","YELL.2018.24","YELL_004.20180614","B00000013579","drag and flag",160,"Y",2,0,0,"No known compromise","NEON.DOC.014045vJ","rkwvOVhKeYIT1sfC91awRFj+xf/VrBycR5w1IRnfy0c=","Windy"
"8712f78a-b440-4a92-959e-2944cf18c514","YELL_009.tickPlot.tck","D12","YELL","YELL_009","distributed","evergreenForest",44.972216,-110.504156,"WGS84",20.1,2018.9,0.2,"2018-06-26T16:05Z","YELL.2018.26",,,"drag and flag",168,"N",0,0,0,,"NEON.DOC.014045vJ","rkwvOVhKeYIT1sfC91awRFj+xf/VrBycR5w1IRnfy0c=",
"346a9423-1d7f-4032-9502-9dddc4784909","YELL_003.tickPlot.tck","D12","YELL","YELL_003","distributed","shrubScrub",44.956055,-110.533849,"WGS84",20.1,2115.2,0.1,"2018-06-26T18:40Z","YELL.2018.26",,,"drag and flag",164,"N",0,0,0,,"NEON.DOC.014045vJ","rkwvOVhKeYIT1sfC91awRFj+xf/VrBycR5w1IRnfy0c=",
"ea6f9de6-4f08-4730-994e-ab4c142b87db","YELL_004.tickPlot.tck","D12","YELL","YELL_004","distributed","shrubScrub",44.961910,-110.594615,"WGS84",20.0,1994.4,0.0,"2018-06-26T20:08Z","YELL.2018.26","YELL_004.20180626","B00000013573","drag and flag",160,"Y",1,0,0,"No known compromise","NEON.DOC.014045vJ","rkwvOVhKeYIT1sfC91awRFj+xf/VrBycR5w1IRnfy0c=",
"1145536b-7b6c-401f-b612-acf8a33941c7","YELL_012.tickPlot.tck","D12","YELL","YELL_012","distributed","evergreenForest",44.943200,-110.433745,"WGS84",20.1,1896.2,0.2,"2018-06-27T16:12Z","YELL.2018.26",,,"drag and flag",145,"N",0,0,0,,"NEON.DOC.014045vJ","rkwvOVhKeYIT1sfC91awRFj+xf/VrBycR5w1IRnfy0c=",
"73b8b245-f01a-451e-8a0a-3fce7b06b92a","YELL_001.tickPlot.tck","D12","YELL","YELL_001","distributed","shrubScrub",44.916840,-110.412018,"WGS84",20.1,1904.8,0.1,"2018-06-27T19:23Z","YELL.2018.26",,,"drag and flag",160,"N",0,0,0,,"NEON.DOC.014045vJ","lsU4too6NAvY4mqV5RUtvoTRsUqrSfixwSQj6bsBvL0=",
"4a0b2a8b-e262-4e3a-8a3a-49c141772966","YELL_002.tickPlot.tck","D12","YELL","YELL_002","distributed","shrubScrub",44.932413,-110.633006,"WGS84",20.0,2097.4,0.0,"2018-06-27T21:28Z","YELL.2018.26",,,"drag and flag",161,"N",0,0,0,,"NEON.DOC.014045vJ","rkwvOVhKeYIT1sfC91awRFj+xf/VrBycR5w1IRnfy0c=",
