uid,namedLocation,domainID,siteID,plotID,plotType,nlcdClass,decimalLatitude,decimalLongitude,geodeticDatum,coordinateUncertainty,elevation,elevationUncertainty,collectDate,eventID,sampleID,sampleCode,samplingMethod,totalSampledArea,targetTaxaPresent,adultCount,nymphCount,larvaCount,sampleCondition,samplingProtocolVersion,measuredBy,remarks
"1ef73d35-713d-4102-a59b-729729003b79","KONZ_002.tickPlot.tck","D06","KONZ","KONZ_002","distributed","grasslandHerbaceous",39.118977,-96.547146,"WGS84",20.0,394.4,0.0,"2018-05-08T13:15Z","KONZ.2018.19",,,"drag and flag",160,"N",0,0,0,,"NEON.DOC.014045vJ","0QknftH/249Fzeup5XgxDmRFrswKMEXrpdiqA+dT0Pw=",
"b57c1b2c-087b-4698-8623-cf7be6dcdd96","KONZ_004.tickPlot.tck","D06","KONZ","KONZ_004","distributed","grasslandHerbaceous",39.109647,-96.551370,"WGS84",20.0,371.9,0.0,"2018-05-08T14:05Z","KONZ.2018.19","KONZ_004.20180508","B00000015637","drag",160,"Y",1,0,0,"No known compromise","NEON.DOC.014045vJ","0QknftH/249Fzeup5XgxDmRFrswKMEXrpdiqA+dT0Pw=",
"ccb74dc8-fe1a-41b5-8c9e-7734db2e2fa2","KONZ_001.tickPlot.tck","D06","KONZ","KONZ_001","distributed","grasslandHerbaceous",39.074114,-96.557107,"WGS84",20.0,423.7,0.0,"2018-05-08T15:17Z","KONZ.2018.19","KONZ_001.20180508","B00000015872","drag",160,"Y",0,1,0,"No known compromise","NEON.DOC.014045vJ","0QknftH/249Fzeup5XgxDmRFrswKMEXrpdiqA+dT0Pw=",
"73a0fd99-243a-4bd1-b2ff-f921578ccb82","KONZ_007.tickPlot.tck","D06","KONZ","KONZ_007","distributed","grasslandHerbaceous",39.087937,-96.545919,"WGS84",20.1,434.0,0.1,"2018-05-08T15:56Z","KONZ.2018.19",,,"drag and flag",120,"N",0,0,0,,"NEON.DOC.014045vJ","0QknftH/249Fzeup5XgxDmRFrswKMEXrpdiqA+dT0Pw=","Wind gusts of 20+ on transect 57 to 61."
"9677910d-8345-4d73-98bd-8207a8eebc0d","KONZ_009.tickPlot.tck","D06","KONZ","KONZ_009","distributed","grasslandHerbaceous",39.107902,-96.584438,"WGS84",20.1,391.9,0.1,"2018-05-08T17:03Z","KONZ.2018.19",,,"drag and flag",160,"N",0,0,0,,"NEON.DOC.014045vJ","0QknftH/249Fzeup5XgxDmRFrswKMEXrpdiqA+dT0Pw=",
"851ced59-6485-4950-a128-e2bbea6a95ed","KONZ_025.tickPlot.tck","D06","KONZ","KONZ_025","distributed","deciduousForest",39.103714,-96.597832,"WGS84",20.1,337.3,0.1,"2018-05-08T17:39Z","KONZ.2018.19","KONZ_025.20180508","B00000015632","drag and flag",160,"Y",4,24,0,"No known compromise","NEON.DOC.014045vJ","0QknftH/249Fzeup5XgxDmRFrswKMEXrpdiqA+dT0Pw=",
"5e85c56a-2725-4b5b-a22e-f2f77d3dd8da","KONZ_002.tickPlot.tck","D06","KONZ","KONZ_002","distributed","grasslandHerbaceous",39.118977,-96.547146,"WGS84",20.0,394.4,0.0,"2018-05-29T13:21Z","KONZ.2018.22","KONZ_002.20180529","B00000015959","drag and flag",160,"Y",1,0,0,"No known compromise","NEON.DOC.014045vJ","9ya+8ESO78bjLXGzD+nV7nftVEBW+hSh1N8qvgzBSi0=",
"169e0cda-6b1c-4469-9210-582780bbf819","KONZ_004.tickPlot.tck","D06","KONZ","KONZ_004","distributed","grasslandHerbaceous",39.109647,-96.551370,"WGS84",20.0,371.9,0.0,"2018-05-29T14:00Z","KONZ.2018.22","KONZ_004.20180529","B00000015963","drag",160,"Y",1,0,0,"No known compromise","NEON.DOC.014045vJ","9ya+8ESO78bjLXGzD+nV7nftVEBW+hSh1N8qvgzBSi0=",
"558d94c7-21ea-4555-8df9-3c7f53e641a6","KONZ_007.tickPlot.tck","D06","KONZ","KONZ_007","distributed","grasslandHerbaceous",39.087937,-96.545919,"WGS84",20.1,434.0,0.1,"2018-05-29T14:40Z","KONZ.2018.22",,,"drag and flag",160,"N",0,0,0,,"NEON.DOC.014045vJ","9ya+8ESO78bjLXGzD+nV7nftVEBW+hSh1N8qvgzBSi0=","Pole 61 down"
"dce4205a-6ab9-4c72-b95a-c9ea83658353","KONZ_001.tickPlot.tck","D06","KONZ","KONZ_001","distributed","grasslandHerbaceous",39.074114,-96.557107,"WGS84",20.0,423.7,0.0,"2018-05-29T15:06Z","KONZ.2018.22","KONZ_001.20180529","B00000015960","drag",160,"Y",0,5,0,"No known compromise","NEON.DOC.014045vJ","9ya+8ESO78bjLXGzD+nV7nftVEBW+hSh1N8qvgzBSi0=",
"f76276db-8123-4ccd-a8c9-77d866466323","KONZ_025.tickPlot.tck","D06","KONZ","KONZ_025","distributed","deciduousForest",39.103714,-96.597832,"WGS84",20.1,337.3,0.1,"2018-05-29T15:48Z","KONZ.2018.22","KONZ_025.20180529","B00000015874","drag and flag",160,"Y",7,50,0,"No known compromise","NEON.DOC.014045vJ","9ya+8ESO78bjLXGzD+nV7nftVEBW+hSh1N8qvgzBSi0=",
"c9bdf8fa-59e9-4e1f-be15-c1086ce8b296","KONZ_009.tickPlot.tck","D06","KONZ","KONZ_009","distributed","grasslandHerbaceous",39.107902,-96.584438,"WGS84",20.1,391.9,0.1,"2018-05-29T16:43Z","KONZ.2018.22",,,"drag",160,"N",0,0,0,,"NEON.DOC.014045vJ","9ya+8ESO78bjLXGzD+nV7nftVEBW+hSh1N8qvgzBSi0=",
