uid,namedLocation,plotID,collectDate,identifiedDate,sampleID,subsampleID,scientificName,acceptedTaxonID,taxonRank,family,subfamily,tribe,subtribe,genus,subgenus,specificEpithet,infraspecificEpithet,identificationQualifier,identificationReferences,identificationProtocolVersion,scientificNameAuthorship,sexOrAge,individualCount,sampleCondition,archiveMedium,archiveFacilityID,deprecatedVialID,identifiedBy,laboratoryName,remarks
"353cd46c-18cb-403d-9af1-d6bbfc0f2284","ORNL_040.tickPlot.tck","ORNL_040","2014-07-16T13:45Z","2015-03-24T12:00Z","ORNL_040.20140716","ORNL_040.20140716.AMBAME.N","Amblyomma americanum","AMBAME","species","Ixodidae",,,,"Amblyomma",,"americanum",,,"Cooley, R. A. and G. M. Kohls. 1944. The genus Amblyomma (ixodidae) in the United States. The Journal of Parasitology, 30(2):77-111.","GSU_tickIdentification_SOP_2016-11-01.pdf","Linnaeus","Nymph",5,"OK","95% ethanol","125509",,"Michael Bischof","Georgia Southern University",
"00d8f6bd-9337-4458-986a-e8ef9730203e","ORNL_009.tickPlot.tck","ORNL_009","2014-07-16T14:00Z","2015-03-24T12:00Z","ORNL_009.20140716","ORNL_009.20140716.AMBAME.N","Amblyomma americanum","AMBAME","species","Ixodidae",,,,"Amblyomma",,"americanum",,,"Cooley, R. A. and G. M. Kohls. 1944. The genus Amblyomma (ixodidae) in the United States. The Journal of Parasitology, 30(2):77-111.","GSU_tickIdentification_SOP_2016-11-01.pdf","Linnaeus","Nymph",14,"OK","95% ethanol","125506",,"Michael Bischof","Georgia Southern University",
"d31237da-6bec-4c71-a3ef-9592f68b3fc4","ORNL_008.tickPlot.tck","ORNL_008","2014-07-16T15:00Z","2015-03-24T12:00Z","ORNL_008.20140716","ORNL_008.20140716.AMBAME.N","Amblyomma americanum","AMBAME","species","Ixodidae",,,,"Amblyomma",,"americanum",,,"Cooley, R. A. and G. M. Kohls. 1944. The genus Amblyomma (ixodidae) in the United States. The Journal of Parasitology, 30(2):77-111.","GSU_tickIdentification_SOP_2016-11-01.pdf","Linnaeus","Nymph",32,"OK","95% ethanol","125505",,"Michael Bischof","Georgia Southern University",
"0bc74227-93ee-44f8-ab7c-21e172c3ac27","ORNL_008.tickPlot.tck","ORNL_008","2014-07-16T15:00Z","2015-03-24T16:00Z","ORNL_008.20140716","ORNL_008.20140716.AMBAME.F","Amblyomma americanum","AMBAME","species","Ixodidae",,,,"Amblyomma",,"americanum",,,"Cooley, R. A. and G. M. Kohls. 1944. The genus Amblyomma (ixodidae) in the United States. The Journal of Parasitology, 30(2):77-111.","GSU_tickIdentification_SOP_2016-11-01.pdf","Linnaeus","Female",1,"OK","90% ethanol","125505",,"Michael Bischof","Georgia Southern University",
"0e2776b6-23d3-4672-80e9-03f4d536fe30","ORNL_003.tickPlot.tck","ORNL_003","2014-07-16T15:00Z","2015-03-26T16:00Z","ORNL_003.20140716","ORNL_003.20140716.IXOSCA.N","Ixodes scapularis","IXOSCA","species","Ixodidae",,,,"Ixodes",,"scapularis",,,"Keirans, J. E., and C. M. Clifford. 1978. The genus Ixodes in the United States: a scanning electron microscope study and key to the adults. Journal of Medical Entomology, 15(Supplement 2):1-38.","GSU_tickIdentification_SOP_2016-11-01.pdf","Say","Nymph",1,"OK","90% ethanol","125500",,"Michael Bischof","Georgia Southern University",
"bfadb505-8617-4b8d-9a28-e305b462e90d","ORNL_003.tickPlot.tck","ORNL_003","2014-07-16T15:00Z","2015-03-26T12:00Z","ORNL_003.20140716","ORNL_003.20140716.AMBAME.N","Amblyomma americanum","AMBAME","species","Ixodidae",,,,"Amblyomma",,"americanum",,,"Cooley, R. A. and G. M. Kohls. 1944. The genus Amblyomma (ixodidae) in the United States. The Journal of Parasitology, 30(2):77-111.","GSU_tickIdentification_SOP_2016-11-01.pdf","Linnaeus","Nymph",8,"OK","95% ethanol","125500",,"Michael Bischof","Georgia Southern University",
"876ad421-45bb-473f-8041-a1a8aaac2199","ORNL_003.tickPlot.tck","ORNL_003","2014-07-16T15:00Z","2015-03-26T16:00Z","ORNL_003.20140716","ORNL_003.20140716.DERVAR.F","Dermacentor variabilis","DERVAR","species","Ixodidae",,,,"Dermacentor",,"variabilis",,,"Cooley, R. A. 1938. The genera Dermacentor and Otocentor (Ixodidae) in the United States, with studies in variation. US Government Printing Office.","GSU_tickIdentification_SOP_2016-11-01.pdf","Say","Female",1,"OK","90% ethanol","125500",,"Michael Bischof","Georgia Southern University",
"ea4c6e47-aa93-4174-8a89-9bd7bb279cd4","ORNL_007.tickPlot.tck","ORNL_007","2014-07-16T16:50Z","2015-03-26T16:00Z","ORNL_007.20140716","ORNL_007.20140716.AMBAME.F","Amblyomma americanum","AMBAME","species","Ixodidae",,,,"Amblyomma",,"americanum",,,"Cooley, R. A. and G. M. Kohls. 1944. The genus Amblyomma (ixodidae) in the United States. The Journal of Parasitology, 30(2):77-111.","GSU_tickIdentification_SOP_2016-11-01.pdf","Linnaeus","Female",1,"OK","90% ethanol","125503",,"Michael Bischof","Georgia Southern University",
"2b97bbf7-0b60-44b7-96d4-56e7c450b4db","ORNL_007.tickPlot.tck","ORNL_007","2014-07-16T16:50Z","2015-03-26T16:00Z","ORNL_007.20140716","ORNL_007.20140716.IXOSCA.N","Ixodes scapularis","IXOSCA","species","Ixodidae",,,,"Ixodes",,"scapularis",,,"Keirans, J. E., and C. M. Clifford. 1978. The genus Ixodes in the United States: a scanning electron microscope study and key to the adults. Journal of Medical Entomology, 15(Supplement 2):1-38.","GSU_tickIdentification_SOP_2016-11-01.pdf","Say","Nymph",1,"OK","90% ethanol","125503",,"Michael Bischof","Georgia Southern University",
"f7f2f128-459a-4b82-896c-ff8f7abdf5dc","ORNL_007.tickPlot.tck","ORNL_007","2014-07-16T16:50Z","2015-03-26T12:00Z","ORNL_007.20140716","ORNL_007.20140716.AMBAME.N","Amblyomma americanum","AMBAME","species","Ixodidae",,,,"Amblyomma",,"americanum",,,"Cooley, R. A. and G. M. Kohls. 1944. The genus Amblyomma (ixodidae) in the United States. The Journal of Parasitology, 30(2):77-111.","GSU_tickIdentification_SOP_2016-11-01.pdf","Linnaeus","Nymph",14,"OK","95% ethanol","125503",,"Michael Bischof","Georgia Southern University",
"97b96d69-5ec0-4af0-898e-55cc47b1b09c","ORNL_002.tickPlot.tck","ORNL_002","2014-07-16T18:30Z","2015-03-26T12:00Z","ORNL_002.20140716","ORNL_002.20140716.AMBAME.N","Amblyomma americanum","AMBAME","species","Ixodidae",,,,"Amblyomma",,"americanum",,,"Cooley, R. A. and G. M. Kohls. 1944. The genus Amblyomma (ixodidae) in the United States. The Journal of Parasitology, 30(2):77-111.","GSU_tickIdentification_SOP_2016-11-01.pdf","Linnaeus","Nymph",34,"OK","95% ethanol","125499",,"Michael Bischof","Georgia Southern University",
