uid,namedLocation,domainID,siteID,plotID,plotType,nlcdClass,decimalLatitude,decimalLongitude,geodeticDatum,coordinateUncertainty,elevation,elevationUncertainty,collectDate,eventID,sampleID,sampleCode,samplingMethod,totalSampledArea,targetTaxaPresent,adultCount,nymphCount,larvaCount,sampleCondition,samplingProtocolVersion,measuredBy,remarks
"6471f87d-8076-413a-9314-5d8e16226fcf","ORNL_040.tickPlot.tck","D07","ORNL","ORNL_040","distributed","evergreenForest",35.975525,-84.305103,"WGS84",20.2,273.2,0.2,"2014-07-16T13:45Z","ORNL.2014.28","ORNL_040.20140716",,"drag",160,"Y",0,5,0,"No known compromise","NEON.DOC.014045vD","5GzZFBu8PyjpNW/sPhpxwg==",
"2abad606-6aa2-4c7a-b2c9-18c708e748e9","ORNL_009.tickPlot.tck","D07","ORNL","ORNL_009","distributed","deciduousForest",35.974902,-84.226630,"WGS84",20.2,337.1,0.2,"2014-07-16T14:00Z","ORNL.2014.28","ORNL_009.20140716",,"drag and flag",161,"Y",0,12,225,"No known compromise","NEON.DOC.014045vD","c9fqInG1ql2wFVwRaHTb4w==",
"d1bef011-cab6-4a41-ac24-fb63d461bbd1","ORNL_008.tickPlot.tck","D07","ORNL","ORNL_008","distributed","deciduousForest",35.933531,-84.334016,"WGS84",20.3,322.7,0.3,"2014-07-16T15:00Z","ORNL.2014.28","ORNL_008.20140716",,"drag",160,"Y",1,34,0,"No known compromise","NEON.DOC.014045vD","5GzZFBu8PyjpNW/sPhpxwg==",
"a3f56d8b-cb77-4207-98d9-8cdbe32624e2","ORNL_003.tickPlot.tck","D07","ORNL","ORNL_003","distributed","deciduousForest",35.967011,-84.229849,"WGS84",20.2,275.5,0.2,"2014-07-16T15:00Z","ORNL.2014.28","ORNL_003.20140716",,"drag and flag",165,"Y",1,7,0,"No known compromise","NEON.DOC.014045vD","c9fqInG1ql2wFVwRaHTb4w==",
"aa233b30-418a-4642-9386-d5b20d94f703","ORNL_007.tickPlot.tck","D07","ORNL","ORNL_007","distributed","deciduousForest",35.925843,-84.328420,"WGS84",20.2,279.4,0.5,"2014-07-16T16:50Z","ORNL.2014.28","ORNL_007.20140716",,"drag",160,"Y",1,15,514,"No known compromise","NEON.DOC.014045vD","5GzZFBu8PyjpNW/sPhpxwg==",
"7ed0cc60-0fb2-4370-9c39-ecc955bc21c2","ORNL_002.tickPlot.tck","D07","ORNL","ORNL_002","distributed","deciduousForest",35.983090,-84.211654,"WGS84",20.3,338.6,0.5,"2014-07-16T18:30Z","ORNL.2014.28","ORNL_002.20140716",,"drag and flag",165,"Y",0,34,0,"No known compromise","NEON.DOC.014045vD","5GzZFBu8PyjpNW/sPhpxwg==",
