uid,namedLocation,domainID,siteID,plotID,plotType,nlcdClass,decimalLatitude,decimalLongitude,geodeticDatum,coordinateUncertainty,elevation,elevationUncertainty,collectDate,eventID,sampleID,sampleCode,samplingMethod,totalSampledArea,targetTaxaPresent,adultCount,nymphCount,larvaCount,sampleCondition,samplingProtocolVersion,measuredBy,remarks
"9f69adca-a6be-4ecc-8aa2-f6b8a855870b","TREE_007.tickPlot.tck","D05","TREE","TREE_007","distributed","deciduousForest",45.496399,-89.559231,"WGS84",20.2,461.3,0.3,"2016-04-29T15:21Z","TREE.2016.17","TREE_007.20160429",,"flag",161,"Y",2,0,0,"No known compromise","NEON.DOC.014045vG","iMRRFt6D4SnvT4gpprfYkcrBo2exp/j+",
"025a8f18-684e-4cf3-8989-820d160592c0","TREE_022.tickPlot.tck","D05","TREE","TREE_022","distributed","evergreenForest",45.494513,-89.551239,"WGS84",20.2,458.4,0.2,"2016-04-29T16:44Z","TREE.2016.17","TREE_022.20160429",,"drag and flag",161,"Y",1,0,0,"No known compromise","NEON.DOC.014045vG","iMRRFt6D4SnvT4gpprfYkcrBo2exp/j+",
"b8f8e2e6-5a49-4c64-80ca-21ba07007893","TREE_015.tickPlot.tck","D05","TREE","TREE_015","distributed","mixedForest",45.485626,-89.554320,"WGS84",20.3,462.1,0.6,"2016-04-29T18:25Z","TREE.2016.17","TREE_015.20160429",,"drag and flag",161,"Y",1,0,0,"No known compromise","NEON.DOC.014045vG","iMRRFt6D4SnvT4gpprfYkcrBo2exp/j+",
"0a23741d-7e9f-45e6-aa6d-82ad30759814","TREE_005.tickPlot.tck","D05","TREE","TREE_005","distributed","woodyWetlands",45.482307,-89.557299,"WGS84",20.1,447.6,0.2,"2016-04-29T19:22Z","TREE.2016.17","TREE_005.20160429",,"flag",150,"Y",2,0,0,"No known compromise","NEON.DOC.014045vG","iMRRFt6D4SnvT4gpprfYkcrBo2exp/j+","One tick found on Sarah. About 15-20% of the cloth got wet."
"263dd8e6-ca76-4a46-9141-eb805d02178a","TREE_019.tickPlot.tck","D05","TREE","TREE_019","distributed","mixedForest",45.494788,-89.575812,"WGS84",20.3,466.2,0.5,"2016-04-29T20:22Z","TREE.2016.17","TREE_019.20160429",,"flag",160,"Y",2,0,0,"No known compromise","NEON.DOC.014045vG","ZLiBrmvqlLBFOFHAJeJ5SGepn/fS4c88",
"05d579c2-88c1-4101-b58a-a6e2ab58d0aa","TREE_017.tickPlot.tck","D05","TREE","TREE_017","distributed","deciduousForest",45.493376,-89.575729,"WGS84",20.1,466.2,0.2,"2016-04-29T21:11Z","TREE.2016.17","TREE_017.20160429",,"flag",167,"Y",2,0,0,"No known compromise","NEON.DOC.014045vG","iMRRFt6D4SnvT4gpprfYkcrBo2exp/j+",
