uid,namedLocation,plotID,collectDate,identifiedDate,sampleID,subsampleID,scientificName,acceptedTaxonID,taxonRank,family,subfamily,tribe,subtribe,genus,subgenus,specificEpithet,infraspecificEpithet,identificationQualifier,identificationReferences,identificationProtocolVersion,scientificNameAuthorship,sexOrAge,individualCount,sampleCondition,archiveMedium,archiveFacilityID,deprecatedVialID,identifiedBy,laboratoryName,remarks
"a562418a-c8b1-495d-8915-0e258fc73f5c","TREE_007.tickPlot.tck","TREE_007","2016-04-29T15:21Z","2017-06-28T16:00Z","TREE_007.20160429","TREE_007.20160429.IXOSCA.M","Ixodes scapularis","IXOSCA","species","Ixodidae",,,,"Ixodes",,"scapularis",,,"Cooley, R. A. and G. M. Kohls. 1945. The genus Ixodes in North America. National Institute of Health Bulletin, 184.","GSU_tickIdentification_SOP_2016-11-01.pdf","Say","Male",2,"OK","RNA stabilization buffer","USNMENT00984802","TREE_007.20160429.IXOSCA.M","Lorenza Beati","Georgia Southern University",
"421434a7-b1d6-4928-8a62-9c1e06a4ad16","TREE_022.tickPlot.tck","TREE_022","2016-04-29T16:44Z","2017-06-28T16:00Z","TREE_022.20160429","TREE_022.20160429.IXOSCA.F","Ixodes scapularis","IXOSCA","species","Ixodidae",,,,"Ixodes",,"scapularis",,,"Cooley, R. A. and G. M. Kohls. 1945. The genus Ixodes in North America. National Institute of Health Bulletin, 184.","GSU_tickIdentification_SOP_2016-11-01.pdf","Say","Female",1,"OK","RNA stabilization buffer","USNMENT00984794","TREE_022.20160429.IXOSCA.F","Lorenza Beati","Georgia Southern University",
"279bf09f-3c0b-4ce7-8b7b-d0e6a7d01de8","TREE_015.tickPlot.tck","TREE_015","2016-04-29T18:25Z","2017-06-28T16:00Z","TREE_015.20160429","TREE_015.20160429.IXOSCA.F","Ixodes scapularis","IXOSCA","species","Ixodidae",,,,"Ixodes",,"scapularis",,,"Cooley, R. A. and G. M. Kohls. 1945. The genus Ixodes in North America. National Institute of Health Bulletin, 184.","GSU_tickIdentification_SOP_2016-11-01.pdf","Say","Female",1,"OK","RNA stabilization buffer","USNMENT00864627","TREE_015.20160429.IXOSCA.F","Lorenza Beati","Georgia Southern University",
"6a55d505-bccb-429e-bffb-2e5963e2df16","TREE_015.tickPlot.tck","TREE_015","2016-04-29T18:25Z","2017-06-28T16:00Z","TREE_015.20160429","TREE_015.20160429.DERVAR.F","Dermacentor variabilis","DERVAR","species","Ixodidae",,,,"Dermacentor",,"variabilis",,,"Yunker, C. E., Keirans, J. E., Clifford, C. M., and E. R. Easton. 1986. Dermacentor ticks (Acari: Ixodoidea: Ixodidae) of the New World: a scanning electron microscope atlas. Proceedings of the Entomological Society of Washington, 88(4):609-627.","GSU_tickIdentification_SOP_2016-11-01.pdf","Say","Female",1,"OK","RNA stabilization buffer","USNMENT00984799","TREE_015.20160429.DERVAR.F","Lorenza Beati","Georgia Southern University",
"bb672077-8668-4e11-a2ac-7e7d10c18b72","TREE_005.tickPlot.tck","TREE_005","2016-04-29T19:22Z","2017-06-28T16:00Z","TREE_005.20160429","TREE_005.20160429.DERVAR.M","Dermacentor variabilis","DERVAR","species","Ixodidae",,,,"Dermacentor",,"variabilis",,,"Yunker, C. E., Keirans, J. E., Clifford, C. M., and E. R. Easton. 1986. Dermacentor ticks (Acari: Ixodoidea: Ixodidae) of the New World: a scanning electron microscope atlas. Proceedings of the Entomological Society of Washington, 88(4):609-627.","GSU_tickIdentification_SOP_2016-11-01.pdf","Say","Male",1,"OK","RNA stabilization buffer","USNMENT00984795","TREE_005.20160429.DERVAR.M","Lorenza Beati","Georgia Southern University",
"b55c0be1-2715-4c2b-b836-cf4527ea00eb","TREE_005.tickPlot.tck","TREE_005","2016-04-29T19:22Z","2017-06-28T16:00Z","TREE_005.20160429","TREE_005.20160429.DERVAR.F","Dermacentor variabilis","DERVAR","species","Ixodidae",,,,"Dermacentor",,"variabilis",,,"Yunker, C. E., Keirans, J. E., Clifford, C. M., and E. R. Easton. 1986. Dermacentor ticks (Acari: Ixodoidea: Ixodidae) of the New World: a scanning electron microscope atlas. Proceedings of the Entomological Society of Washington, 88(4):609-627.","GSU_tickIdentification_SOP_2016-11-01.pdf","Say","Female",1,"OK","RNA stabilization buffer","USNMENT00984796","TREE_005.20160429.DERVAR.F","Lorenza Beati","Georgia Southern University",
"7af4e0a3-f040-4384-83d6-25ec876b74d7","TREE_019.tickPlot.tck","TREE_019","2016-04-29T20:22Z","2017-06-28T16:00Z","TREE_019.20160429","TREE_019.20160429.IXOSCA.F","Ixodes scapularis","IXOSCA","species","Ixodidae",,,,"Ixodes",,"scapularis",,,"Cooley, R. A. and G. M. Kohls. 1945. The genus Ixodes in North America. National Institute of Health Bulletin, 184.","GSU_tickIdentification_SOP_2016-11-01.pdf","Say","Female",1,"OK","RNA stabilization buffer","USNMENT00984801","TREE_019.20160429.IXOSCA.F","Lorenza Beati","Georgia Southern University",
"831a58f1-5d2e-43ed-8437-0740bd60be33","TREE_019.tickPlot.tck","TREE_019","2016-04-29T20:22Z","2017-06-28T16:00Z","TREE_019.20160429","TREE_019.20160429.IXOSCA.M","Ixodes scapularis","IXOSCA","species","Ixodidae",,,,"Ixodes",,"scapularis",,,"Cooley, R. A. and G. M. Kohls. 1945. The genus Ixodes in North America. National Institute of Health Bulletin, 184.","GSU_tickIdentification_SOP_2016-11-01.pdf","Say","Male",1,"OK","RNA stabilization buffer","USNMENT00984800","TREE_019.20160429.IXOSCA.M","Lorenza Beati","Georgia Southern University",
"a2349190-3693-4222-a473-edc68f8d5963","TREE_017.tickPlot.tck","TREE_017","2016-04-29T21:11Z","2017-06-28T16:00Z","TREE_017.20160429","TREE_017.20160429.IXOSCA.F","Ixodes scapularis","IXOSCA","species","Ixodidae",,,,"Ixodes",,"scapularis",,,"Cooley, R. A. and G. M. Kohls. 1945. The genus Ixodes in North America. National Institute of Health Bulletin, 184.","GSU_tickIdentification_SOP_2016-11-01.pdf","Say","Female",1,"OK","RNA stabilization buffer","USNMENT00984798","TREE_017.20160429.IXOSCA.F","Lorenza Beati","Georgia Southern University",
"592586a0-0654-4ed7-8c7c-bcf42e539662","TREE_017.tickPlot.tck","TREE_017","2016-04-29T21:11Z","2017-06-28T16:00Z","TREE_017.20160429","TREE_017.20160429.IXOSCA.M","Ixodes scapularis","IXOSCA","species","Ixodidae",,,,"Ixodes",,"scapularis",,,"Cooley, R. A. and G. M. Kohls. 1945. The genus Ixodes in North America. National Institute of Health Bulletin, 184.","GSU_tickIdentification_SOP_2016-11-01.pdf","Say","Male",1,"OK","RNA stabilization buffer","USNMENT00984797","TREE_017.20160429.IXOSCA.M","Lorenza Beati","Georgia Southern University",
