uid,namedLocation,domainID,siteID,plotID,plotType,nlcdClass,decimalLatitude,decimalLongitude,geodeticDatum,coordinateUncertainty,elevation,elevationUncertainty,collectDate,eventID,sampleID,sampleCode,samplingMethod,totalSampledArea,targetTaxaPresent,adultCount,nymphCount,larvaCount,sampleCondition,samplingProtocolVersion,measuredBy,remarks
"4976f975-aa93-46a1-9928-162a99aed043","UKFS_003.tickPlot.tck","D06","UKFS","UKFS_003","distributed","deciduousForest",39.053769,-95.187084,"WGS84",20.1,323.1,0.1,"2018-09-04T15:02Z","UKFS.2018.36","UKFS_003.20180904","B00000016495","drag and flag",160,"Y",0,8,13605,"No known compromise","NEON.DOC.014045vJ","d3pHA2OuzLJG5kLE5SIdC8P8dp0tl3w8vNiLiYqYT2g=",
"d55bc850-d289-4b0c-b61c-eebad9700b5b","UKFS_018.tickPlot.tck","D06","UKFS","UKFS_018","distributed","grasslandHerbaceous",39.053205,-95.194659,"WGS84",20.1,325.8,0.1,"2018-09-04T17:48Z","UKFS.2018.36",,,"drag and flag",160,"N",0,0,0,,"NEON.DOC.014045vJ","d3pHA2OuzLJG5kLE5SIdC8P8dp0tl3w8vNiLiYqYT2g=",
"fcadcef7-4375-44f0-a98e-b30d45e657a3","UKFS_004.tickPlot.tck","D06","UKFS","UKFS_004","distributed","deciduousForest",39.043188,-95.201000,"WGS84",20.1,320.0,0.2,"2018-09-04T18:33Z","UKFS.2018.36","UKFS_004.20180904","B00000016578","drag and flag",165,"Y",0,9,7457,"No known compromise","NEON.DOC.014045vJ","d3pHA2OuzLJG5kLE5SIdC8P8dp0tl3w8vNiLiYqYT2g=",
"ddd5a09c-9284-48c3-ab27-669b093952da","UKFS_030.tickPlot.tck","D06","UKFS","UKFS_030","distributed","grasslandHerbaceous",39.045115,-95.213433,"WGS84",20.1,321.9,0.1,"2018-09-11T14:45Z","UKFS.2018.37",,,"drag",160,"N",0,0,0,,"NEON.DOC.014045vJ","0QknftH/249Fzeup5XgxDmRFrswKMEXrpdiqA+dT0Pw=",
"84afc4fe-f195-4d45-98c2-ce1c47d7fa25","UKFS_001.tickPlot.tck","D06","UKFS","UKFS_001","distributed","deciduousForest",39.037238,-95.198631,"WGS84",20.1,322.7,0.1,"2018-09-11T14:50Z","UKFS.2018.37","UKFS_001.20180911","B00000016168","drag and flag",160,"Y",0,3,2991,"No known compromise","NEON.DOC.014045vJ","ryPwirbLIGP0z95AI2Ix9nYd6s942sQlUAwVL4UApoo=",
"3a2c69cd-9fc5-4554-abe3-3e0e5a7a9756","UKFS_002.tickPlot.tck","D06","UKFS","UKFS_002","distributed","deciduousForest",39.045892,-95.207026,"WGS84",20.1,316.0,0.2,"2018-09-11T15:07Z","UKFS.2018.37","UKFS_002.20180911","A00000041108","drag and flag",160,"Y",0,10,240,"Tick count estimated (error and instar specified in remarks)","NEON.DOC.014045vJ","0QknftH/249Fzeup5XgxDmRFrswKMEXrpdiqA+dT0Pw=","2 nymphs found on clothing fell off before they could be added to the vial."
"2f264aec-c7b1-483f-8294-0d4b3886a52d","UKFS_001.tickPlot.tck","D06","UKFS","UKFS_001","distributed","deciduousForest",39.037238,-95.198631,"WGS84",20.1,322.7,0.1,"2018-09-25T14:44Z","UKFS.2018.39","UKFS_001.20180925","B00000016467","drag and flag",160,"Y",0,3,2763,"No known compromise","NEON.DOC.014045vJ","ryPwirbLIGP0z95AI2Ix9nYd6s942sQlUAwVL4UApoo=",
"dbe8702c-a558-4377-89d6-9b4ff67eca97","UKFS_003.tickPlot.tck","D06","UKFS","UKFS_003","distributed","deciduousForest",39.053769,-95.187084,"WGS84",20.1,323.1,0.1,"2018-09-25T14:51Z","UKFS.2018.39","UKFS_003.20180925","B00000016175","drag and flag",160,"Y",0,3,6608,"No known compromise","NEON.DOC.014045vJ","kkbwkCoDsA6KGEHVdDf/jWkh+6A9lNBAX0snNK7CGzQ=",
"b79b1b49-543b-4517-b723-37791f94cd1d","UKFS_030.tickPlot.tck","D06","UKFS","UKFS_030","distributed","grasslandHerbaceous",39.045115,-95.213433,"WGS84",20.1,321.9,0.1,"2018-09-25T15:53Z","UKFS.2018.39",,,"drag",160,"N",0,0,0,,"NEON.DOC.014045vJ","ryPwirbLIGP0z95AI2Ix9nYd6s942sQlUAwVL4UApoo=",
"e1cc3ca9-14f7-4186-853c-820b3760801f","UKFS_002.tickPlot.tck","D06","UKFS","UKFS_002","distributed","deciduousForest",39.045892,-95.207026,"WGS84",20.1,316.0,0.2,"2018-09-25T16:15Z","UKFS.2018.39","UKFS_002.20180925","B00000016504","drag and flag",160,"Y",0,1,26,"No known compromise","NEON.DOC.014045vJ","ryPwirbLIGP0z95AI2Ix9nYd6s942sQlUAwVL4UApoo=",
"cccbc954-9693-451e-8362-81781a0f3ce1","UKFS_018.tickPlot.tck","D06","UKFS","UKFS_018","distributed","grasslandHerbaceous",39.053205,-95.194659,"WGS84",20.1,325.8,0.1,"2018-09-25T16:33Z","UKFS.2018.39",,,"drag",160,"N",0,0,0,,"NEON.DOC.014045vJ","kkbwkCoDsA6KGEHVdDf/jWkh+6A9lNBAX0snNK7CGzQ=",
"de3bcadb-5c3a-4ef3-a4a0-ed341a810a20","UKFS_004.tickPlot.tck","D06","UKFS","UKFS_004","distributed","deciduousForest",39.043188,-95.201000,"WGS84",20.1,320.0,0.2,"2018-09-25T17:03Z","UKFS.2018.39","UKFS_004.20180925","B00000016469","drag and flag",160,"Y",0,2,3134,"No known compromise","NEON.DOC.014045vJ","V6tSHRQni+Wbmj3Admpr1k+RorxM22+8PfTKvpaRtsU=",
