uid,namedLocation,plotID,collectDate,identifiedDate,sampleID,subsampleID,scientificName,acceptedTaxonID,taxonRank,family,subfamily,tribe,subtribe,genus,subgenus,specificEpithet,infraspecificEpithet,identificationQualifier,identificationReferences,identificationProtocolVersion,scientificNameAuthorship,sexOrAge,individualCount,sampleCondition,archiveMedium,archiveFacilityID,deprecatedVialID,identifiedBy,laboratoryName,remarks
"b845c8d5-f599-4588-bfb6-29b20c39f23e","STEI_002.tickPlot.tck","STEI_002","2017-07-17T15:02Z","2018-03-10T17:00Z","STEI_002.20170717","STEI_002.20170717.IXOSP.L","Ixodidae sp.","IXOSP","family","Ixodidae",,,,,,"sp.",,,,"GSU_tickIdentification_SOP_2016-11-01.pdf",,"Larva",1,"OK","90% ethanol","USNMENT01430165","STEI_002.20170717.L","Lorenza Beati","Georgia Southern University","one is not a tick (mite)"
"f976bacc-d3d0-42b8-b950-aa65b2060784","STEI_002.tickPlot.tck","STEI_002","2017-07-17T15:02Z","2018-03-10T17:00Z","STEI_002.20170717","STEI_002.20170717.IXOSCA.N","Ixodes scapularis","IXOSCA","species","Ixodidae",,,,"Ixodes",,"scapularis",,,"Cooley, R. A. and G. M. Kohls. 1945. The genus Ixodes in North America. National Institute of Health Bulletin, 184.","GSU_tickIdentification_SOP_2016-11-01.pdf","Say","Nymph",1,"OK","90% ethanol","USNMENT01430160","STEI_002.20170717.IXOSCA.N","Lorenza Beati","Georgia Southern University",
"aefe6813-0e68-4c8f-aa36-2de3e10e3d14","STEI_023.tickPlot.tck","STEI_023","2017-07-17T15:15Z","2018-03-10T17:00Z","STEI_023.20170717","STEI_023.20170717.HAELEP.N","Haemaphysalis leporispalustris","HAELEP","species","Ixodidae",,,,"Haemaphysalis",,"leporispalustris",,,,"GSU_tickIdentification_SOP_2016-11-01.pdf","Packard","Nymph",1,"OK","90% ethanol","USNMENT01430170","STEI_023.20170717.HEALEP.N","Lorenza Beati","Georgia Southern University",
"c3c59752-757d-4ab9-be58-7f67299ee34a","STEI_001.tickPlot.tck","STEI_001","2017-07-17T16:00Z","2018-03-10T17:00Z","STEI_001.20170717","STEI_001.20170717.IXOSCA.N","Ixodes scapularis","IXOSCA","species","Ixodidae",,,,"Ixodes",,"scapularis",,,"Cooley, R. A. and G. M. Kohls. 1945. The genus Ixodes in North America. National Institute of Health Bulletin, 184.","GSU_tickIdentification_SOP_2016-11-01.pdf","Say","Nymph",1,"OK","90% ethanol","USNMENT01430155","STEI_001.20170717.IXOSCA.N","Lorenza Beati","Georgia Southern University",
"e5cd137b-36a6-4a38-81ac-b2c4d22c21f8","STEI_003.tickPlot.tck","STEI_003","2017-07-17T17:39Z","2018-03-10T17:00Z","STEI_003.20170717","STEI_003.20170717.IXOSP.L","Ixodidae sp.","IXOSP","family","Ixodidae",,,,,,"sp.",,,,"GSU_tickIdentification_SOP_2016-11-01.pdf",,"Larva",1,"OK","90% ethanol","USNMENT01430150","STEI_003.20170717.L","Lorenza Beati","Georgia Southern University",
