uid,namedLocation,domainID,siteID,plotID,plotType,nlcdClass,decimalLatitude,decimalLongitude,geodeticDatum,coordinateUncertainty,elevation,elevationUncertainty,collectDate,eventID,sampleID,sampleCode,samplingMethod,totalSampledArea,targetTaxaPresent,adultCount,nymphCount,larvaCount,sampleCondition,samplingProtocolVersion,measuredBy,remarks
"710d934e-eab6-428e-9291-b8e79135a539","STEI_002.tickPlot.tck","D05","STEI","STEI_002","distributed","deciduousForest",45.796166,-90.091452,"WGS84",20.2,520.3,0.4,"2017-07-17T15:02Z","STEI.2017.30","STEI_002.20170717",,"drag",160,"Y",0,1,3,"No known compromise","NEON.DOC.014045vH","wk4JgrKBAQOS7vHUr1IuL6Y+Safneo7GcsG8sSgcnaM=",
"80f824d9-39ab-4b74-881f-c9fcf8dbb2ba","STEI_023.tickPlot.tck","D05","STEI","STEI_023","distributed","woodyWetlands",45.824017,-90.096171,"WGS84",20.2,480.4,0.3,"2017-07-17T15:15Z","STEI.2017.30","STEI_023.20170717",,"drag and flag",160,"Y",0,0,1,"No known compromise","NEON.DOC.014045vH","ZHEXkzpmequ8bHP4OIc5Sa2i4D1lg2hhgarnFdYG4TU=",
"2967b28f-e9b2-43c1-ad23-d55607b55a5c","STEI_001.tickPlot.tck","D05","STEI","STEI_001","distributed","deciduousForest",45.812978,-90.091123,"WGS84",20.3,509.3,0.4,"2017-07-17T16:00Z","STEI.2017.30","STEI_001.20170717",,"drag and flag",160,"Y",0,1,0,"No known compromise","NEON.DOC.014045vH","wk4JgrKBAQOS7vHUr1IuL6Y+Safneo7GcsG8sSgcnaM=",
"1245a3bb-d50f-452f-a1e4-3fc764f29007","STEI_005.tickPlot.tck","D05","STEI","STEI_005","distributed","deciduousForest",45.825112,-90.085882,"WGS84",20.3,509.9,0.5,"2017-07-17T16:48Z","STEI.2017.30",,,"drag and flag",161,"N",0,0,0,,"NEON.DOC.014045vH","B3+A7PSCzYQNuvhFZNKc8WSB7xvTYEqkan9IJpMz8To=",
"e2db0194-0423-4886-b825-11d6987d6b21","STEI_003.tickPlot.tck","D05","STEI","STEI_003","distributed","deciduousForest",45.824086,-90.071058,"WGS84",20.3,510.1,0.5,"2017-07-17T17:39Z","STEI.2017.30","STEI_003.20170717",,"drag and flag",160,"Y",0,0,1,"No known compromise","NEON.DOC.014045vH","tGnUz0GPV2kgdSfOkOVX8+cwFgPS8HIHsKHNPKuVkj8=",
"887571bd-2bc3-4802-95f0-d982799849ab","STEI_029.tickPlot.tck","D05","STEI","STEI_029","distributed","mixedForest",45.832878,-90.075489,"WGS84",20.1,492.2,0.2,"2017-07-17T18:25Z","STEI.2017.30","STEI_029.20170717",,"drag and flag",137,"Y",0,0,1,"Other (described in remarks)","NEON.DOC.014045vH","ZHEXkzpmequ8bHP4OIc5Sa2i4D1lg2hhgarnFdYG4TU=","We lost the one larval tick we caught. Thus no samples."
