uid,namedLocation,domainID,siteID,plotID,plotType,nlcdClass,decimalLatitude,decimalLongitude,geodeticDatum,coordinateUncertainty,elevation,elevationUncertainty,collectDate,eventID,sampleID,sampleCode,samplingMethod,totalSampledArea,targetTaxaPresent,adultCount,nymphCount,larvaCount,sampleCondition,samplingProtocolVersion,measuredBy,remarks
"9bdbbad9-1694-4d18-87ec-9141372ba0d3","DSNY_001.tickPlot.tck","D03","DSNY","DSNY_001","distributed","woodyWetlands",28.098062,-81.418561,"WGS84",20.1,20.3,0.1,"2016-07-13T11:52Z","DSNY.2016.28",,,"drag and flag",160,"N",0,0,0,"No known compromise","NEON.DOC.014045vG","uc/Ogwu/d/aC0/FyeYgRy91eQH6E3aLH",
"e453d554-6984-4f18-9cd5-1f1d37358b5c","DSNY_006.tickPlot.tck","D03","DSNY","DSNY_006","distributed","woodyWetlands",28.093704,-81.398045,"WGS84",20.1,20.1,0.1,"2016-07-13T13:00Z","DSNY.2016.28",,,"drag and flag",166,"N",0,0,0,"No known compromise","NEON.DOC.014045vG","cfnhyGSqXKc3516bF+Ud/jaLDXEcTOrF",
"4fb67d8d-d35e-4e29-ab6b-b79a7687b22f","DSNY_004.tickPlot.tck","D03","DSNY","DSNY_004","distributed","woodyWetlands",28.101022,-81.399501,"WGS84",20.1,18.7,0.1,"2016-07-13T13:37Z","DSNY.2016.28",,,"drag and flag",160,"N",0,0,0,"No known compromise","NEON.DOC.014045vG","uc/Ogwu/d/aC0/FyeYgRy91eQH6E3aLH",
"9b9e465c-1573-41f2-8466-96e847cc38df","DSNY_021.tickPlot.tck","D03","DSNY","DSNY_021","distributed","pastureHay",28.053635,-81.392353,"WGS84",20.1,17.1,0.1,"2016-07-13T14:56Z","DSNY.2016.28",,,"drag and flag",166,"N",0,0,0,"No known compromise","NEON.DOC.014045vG","cfnhyGSqXKc3516bF+Ud/jaLDXEcTOrF",
"97f0799c-3d02-40c3-b43a-6e0b3dfdd11f","DSNY_008.tickPlot.tck","D03","DSNY","DSNY_008","distributed","woodyWetlands",28.047337,-81.403204,"WGS84",20.1,18.8,0.1,"2016-07-13T15:42Z","DSNY.2016.28",,,"drag and flag",170,"N",0,0,0,"No known compromise","NEON.DOC.014045vG","uc/Ogwu/d/aC0/FyeYgRy91eQH6E3aLH",
"43ca2af7-3c70-4eee-ac39-4097f9ad17ce","DSNY_005.tickPlot.tck","D03","DSNY","DSNY_005","distributed","woodyWetlands",28.040497,-81.394482,"WGS84",20.1,16.6,0.1,"2016-07-13T16:53Z","DSNY.2016.28",,,"drag and flag",160,"N",0,0,0,"No known compromise","NEON.DOC.014045vG","cfnhyGSqXKc3516bF+Ud/jaLDXEcTOrF",
