uid,namedLocation,domainID,siteID,plotID,plotType,nlcdClass,decimalLatitude,decimalLongitude,geodeticDatum,coordinateUncertainty,elevation,elevationUncertainty,collectDate,eventID,sampleID,sampleCode,samplingMethod,totalSampledArea,targetTaxaPresent,adultCount,nymphCount,larvaCount,sampleCondition,samplingProtocolVersion,measuredBy,remarks
"82a7db59-c10a-4c67-9627-6d767df52c4c","ORNL_040.tickPlot.tck","D07","ORNL","ORNL_040","distributed","evergreenForest",35.975525,-84.305103,"WGS84",20.2,273.2,0.2,"2016-06-03T13:15Z","ORNL.2016.22","ORNL_040.20160603",,"drag",160,"Y",1,3,0,"No known compromise","NEON.DOC.014045vG","wUBWszgu2lH2diIu19eQL/9vP8SagSqv",
"566a755e-d762-41c5-8500-1e72cd985f13","ORNL_003.tickPlot.tck","D07","ORNL","ORNL_003","distributed","deciduousForest",35.967011,-84.229849,"WGS84",20.2,275.5,0.2,"2016-06-03T13:15Z","ORNL.2016.22","ORNL_003.20160603",,"drag and flag",166,"Y",0,8,0,"No known compromise","NEON.DOC.014045vG","Tka8agi6ymTlpY7IcnyRHQh3iSluqV4z",
"81df4af7-ce13-4145-adb7-930d5d91f137","ORNL_008.tickPlot.tck","D07","ORNL","ORNL_008","distributed","deciduousForest",35.933531,-84.334016,"WGS84",20.3,322.7,0.3,"2016-06-03T14:15Z","ORNL.2016.22","ORNL_008.20160603",,"drag",160,"Y",0,17,0,"No known compromise","NEON.DOC.014045vG","wUBWszgu2lH2diIu19eQL/9vP8SagSqv",
"075868f1-101c-4f42-b27c-8d10bafea2e7","ORNL_009.tickPlot.tck","D07","ORNL","ORNL_009","distributed","deciduousForest",35.974902,-84.226630,"WGS84",20.2,337.1,0.2,"2016-06-03T14:45Z","ORNL.2016.22","ORNL_009.20160603",,"drag and flag",175,"Y",0,10,6,"No known compromise","NEON.DOC.014045vG","Tka8agi6ymTlpY7IcnyRHQh3iSluqV4z",
"912a6f0f-7395-4a68-98bf-5b39cfce47b4","ORNL_007.tickPlot.tck","D07","ORNL","ORNL_007","distributed","deciduousForest",35.925843,-84.328420,"WGS84",20.2,279.4,0.5,"2016-06-03T15:00Z","ORNL.2016.22","ORNL_007.20160603",,"drag",160,"Y",0,10,0,"No known compromise","NEON.DOC.014045vG","wUBWszgu2lH2diIu19eQL/9vP8SagSqv",
"0140124f-4537-437f-962e-79e4b7d003b8","ORNL_002.tickPlot.tck","D07","ORNL","ORNL_002","distributed","deciduousForest",35.983090,-84.211654,"WGS84",20.3,338.6,0.5,"2016-06-03T16:30Z","ORNL.2016.22","ORNL_002.20160603",,"drag and flag",165,"Y",3,18,1,"No known compromise","NEON.DOC.014045vG","Tka8agi6ymTlpY7IcnyRHQh3iSluqV4z",
"b1e6e379-d979-44e5-a690-22dcf81429ee","ORNL_002.tickPlot.tck","D07","ORNL","ORNL_002","distributed","deciduousForest",35.983090,-84.211654,"WGS84",20.3,338.6,0.5,"2016-06-23T14:48Z","ORNL.2016.25","ORNL_002.20160623",,"drag",160,"Y",3,14,0,"No known compromise","NEON.DOC.014045vG","nL+SWK9oAc5Yjm2GME+VBN+0EhEC235E",
"0a6f3c74-34d5-4b58-80ed-8bfb9510cd16","ORNL_040.tickPlot.tck","D07","ORNL","ORNL_040","distributed","evergreenForest",35.975525,-84.305103,"WGS84",20.2,273.2,0.2,"2016-06-23T14:59Z","ORNL.2016.25","ORNL_040.20160623",,"drag and flag",165,"Y",1,2,0,"No known compromise","NEON.DOC.014045vG","1hT74CxByvvtZcvBuZzr+hKhpYRvDfWe",
"e694317c-168d-44b4-8067-9a2216830d2f","ORNL_003.tickPlot.tck","D07","ORNL","ORNL_003","distributed","deciduousForest",35.967011,-84.229849,"WGS84",20.2,275.5,0.2,"2016-06-23T16:14Z","ORNL.2016.25","ORNL_003.20160623",,"drag",160,"Y",0,12,0,"No known compromise","NEON.DOC.014045vG","+Vjg+aypaz7u7gOk9Yl7dsiRc0xz30Nq",
"519c9bfb-5fff-48f2-ae07-eb2c4bd9eb0c","ORNL_008.tickPlot.tck","D07","ORNL","ORNL_008","distributed","deciduousForest",35.933531,-84.334016,"WGS84",20.3,322.7,0.3,"2016-06-23T16:15Z","ORNL.2016.25","ORNL_008.20160623",,"drag",160,"Y",1,9,0,"No known compromise","NEON.DOC.014045vG","1hT74CxByvvtZcvBuZzr+hKhpYRvDfWe",
"52c12e64-deb1-4f19-8591-691b85c1bf18","ORNL_007.tickPlot.tck","D07","ORNL","ORNL_007","distributed","deciduousForest",35.925843,-84.328420,"WGS84",20.2,279.4,0.5,"2016-06-23T17:15Z","ORNL.2016.25","ORNL_007.20160623",,"drag and flag",162,"Y",3,19,44,"No known compromise","NEON.DOC.014045vG","1hT74CxByvvtZcvBuZzr+hKhpYRvDfWe","1 NYMPH LOST"
"1ecaea17-1450-42a6-9bb6-1609973f276b","ORNL_009.tickPlot.tck","D07","ORNL","ORNL_009","distributed","deciduousForest",35.974902,-84.226630,"WGS84",20.2,337.1,0.2,"2016-06-23T17:37Z","ORNL.2016.25","ORNL_009.20160623",,"drag",160,"Y",2,11,0,"No known compromise","NEON.DOC.014045vG","nL+SWK9oAc5Yjm2GME+VBN+0EhEC235E",
