uid,namedLocation,plotID,collectDate,identifiedDate,sampleID,subsampleID,scientificName,acceptedTaxonID,taxonRank,family,subfamily,tribe,subtribe,genus,subgenus,specificEpithet,infraspecificEpithet,identificationQualifier,identificationReferences,identificationProtocolVersion,scientificNameAuthorship,sexOrAge,individualCount,sampleCondition,archiveMedium,archiveFacilityID,deprecatedVialID,identifiedBy,laboratoryName,remarks
"1bbcf90b-0aac-4f88-97da-2bab830bcfb5","ORNL_040.tickPlot.tck","ORNL_040","2016-06-03T13:15Z","2017-06-26T16:00Z","ORNL_040.20160603","ORNL_040.20160603.AMBAME.N","Amblyomma americanum","AMBAME","species","Ixodidae",,,,"Amblyomma",,"americanum",,,"Cooley, R. A. and G. M. Kohls. 1944. The genus Amblyomma (ixodidae) in the United States. The Journal of Parasitology, 30(2):77-111.","GSU_tickIdentification_SOP_2016-11-01.pdf","Linnaeus","Nymph",3,"OK","RNA stabilization buffer","USNMENT00984949","ORNL_040.20160603.AMBAME.N","Lorenza Beati","Georgia Southern University",
"976eb07f-0763-4d0a-aa2b-b801dcbb16ba","ORNL_040.tickPlot.tck","ORNL_040","2016-06-03T13:15Z","2017-06-26T16:00Z","ORNL_040.20160603","ORNL_040.20160603.AMBAME.F","Amblyomma americanum","AMBAME","species","Ixodidae",,,,"Amblyomma",,"americanum",,,"Cooley, R. A. and G. M. Kohls. 1944. The genus Amblyomma (ixodidae) in the United States. The Journal of Parasitology, 30(2):77-111.","GSU_tickIdentification_SOP_2016-11-01.pdf","Linnaeus","Female",1,"OK","RNA stabilization buffer","USNMENT00984948","ORNL_040.20160603.AMBAME.F","Lorenza Beati","Georgia Southern University",
"c00e43b0-62ab-48ff-bc52-d236a2a6f84a","ORNL_003.tickPlot.tck","ORNL_003","2016-06-03T13:15Z","2017-06-26T16:00Z","ORNL_003.20160603","ORNL_003.20160603.IXOSCA.N","Ixodes scapularis","IXOSCA","species","Ixodidae",,,,"Ixodes",,"scapularis",,,"Cooley, R. A. and G. M. Kohls. 1945. The genus Ixodes in North America. National Institute of Health Bulletin, 184.","GSU_tickIdentification_SOP_2016-11-01.pdf","Say","Nymph",1,"OK","RNA stabilization buffer","USNMENT00864631","ORNL_003.20160603.IXOSCA.N","Lorenza Beati","Georgia Southern University",
"badd7aac-aef6-496a-bf4e-5c4a0c82d43d","ORNL_003.tickPlot.tck","ORNL_003","2016-06-03T13:15Z","2017-06-26T16:00Z","ORNL_003.20160603","ORNL_003.20160603.AMBAME.N","Amblyomma americanum","AMBAME","species","Ixodidae",,,,"Amblyomma",,"americanum",,,"Cooley, R. A. and G. M. Kohls. 1944. The genus Amblyomma (ixodidae) in the United States. The Journal of Parasitology, 30(2):77-111.","GSU_tickIdentification_SOP_2016-11-01.pdf","Linnaeus","Nymph",7,"OK","RNA stabilization buffer","USNMENT00984944","ORNL_003.20160603.AMBAME.N","Lorenza Beati","Georgia Southern University",
"fe648b78-b8c0-4265-a9df-8ef11b84fc75","ORNL_008.tickPlot.tck","ORNL_008","2016-06-03T14:15Z","2017-06-26T16:00Z","ORNL_008.20160603","ORNL_008.20160603.AMBAME.N","Amblyomma americanum","AMBAME","species","Ixodidae",,,,"Amblyomma",,"americanum",,,"Cooley, R. A. and G. M. Kohls. 1944. The genus Amblyomma (ixodidae) in the United States. The Journal of Parasitology, 30(2):77-111.","GSU_tickIdentification_SOP_2016-11-01.pdf","Linnaeus","Nymph",16,"OK","RNA stabilization buffer","USNMENT00984950","ORNL_008.20160603.AMBAME.N","Lorenza Beati","Georgia Southern University",
"55258eb0-52ba-4721-bb68-3c287f1c7132","ORNL_009.tickPlot.tck","ORNL_009","2016-06-03T14:45Z","2017-06-26T16:00Z","ORNL_009.20160603","ORNL_009.20160603.IXOSCA.N","Ixodes scapularis","IXOSCA","species","Ixodidae",,,,"Ixodes",,"scapularis",,,"Cooley, R. A. and G. M. Kohls. 1945. The genus Ixodes in North America. National Institute of Health Bulletin, 184.","GSU_tickIdentification_SOP_2016-11-01.pdf","Say","Nymph",2,"OK","RNA stabilization buffer","USNMENT00864630","ORNL_009.20160603.IXOSCA.N","Lorenza Beati","Georgia Southern University",
"3e5b834b-4333-4a2c-b6c4-42dc6b0a7ab2","ORNL_009.tickPlot.tck","ORNL_009","2016-06-03T14:45Z","2017-06-16T16:00Z","ORNL_009.20160603","ORNL_009.20160603.IXOSP.L","Ixodidae sp.","IXOSP","family","Ixodidae",,,,,,"sp.",,,,"GSU_tickIdentification_SOP_2016-11-01.pdf",,"Larva",1,"OK","RNA stabilization buffer","USNMENT00984943","ORNL_009.20160603.L","Cody Norton","Georgia Southern University",
"d14faef0-2a19-4fc8-a901-4e4cdcbd9121","ORNL_009.tickPlot.tck","ORNL_009","2016-06-03T14:45Z","2017-06-26T16:00Z","ORNL_009.20160603","ORNL_009.20160603.AMBAME.N","Amblyomma americanum","AMBAME","species","Ixodidae",,,,"Amblyomma",,"americanum",,,"Cooley, R. A. and G. M. Kohls. 1944. The genus Amblyomma (ixodidae) in the United States. The Journal of Parasitology, 30(2):77-111.","GSU_tickIdentification_SOP_2016-11-01.pdf","Linnaeus","Nymph",10,"OK","RNA stabilization buffer","USNMENT00984942","ORNL_009.20160603.AMBAME.N","Lorenza Beati","Georgia Southern University",
"c2ee35ab-149d-453b-a447-f62f6af481ff","ORNL_007.tickPlot.tck","ORNL_007","2016-06-03T15:00Z","2017-06-26T16:00Z","ORNL_007.20160603","ORNL_007.20160603.AMBAME.N","Amblyomma americanum","AMBAME","species","Ixodidae",,,,"Amblyomma",,"americanum",,,"Cooley, R. A. and G. M. Kohls. 1944. The genus Amblyomma (ixodidae) in the United States. The Journal of Parasitology, 30(2):77-111.","GSU_tickIdentification_SOP_2016-11-01.pdf","Linnaeus","Nymph",9,"OK","RNA stabilization buffer","USNMENT00984951","ORNL_007.20160603.AMBAME.N","Lorenza Beati","Georgia Southern University",
"a548fdef-1129-437a-a910-df632cb215f2","ORNL_007.tickPlot.tck","ORNL_007","2016-06-03T15:00Z","2017-06-26T16:00Z","ORNL_007.20160603","ORNL_007.20160603.IXOSCA.N","Ixodes scapularis","IXOSCA","species","Ixodidae",,,,"Ixodes",,"scapularis",,,"Cooley, R. A. and G. M. Kohls. 1945. The genus Ixodes in North America. National Institute of Health Bulletin, 184.","GSU_tickIdentification_SOP_2016-11-01.pdf","Say","Nymph",1,"OK","RNA stabilization buffer","USNMENT00864632","ORNL_007.20160603.IXOSCA.N","Lorenza Beati","Georgia Southern University",
"bf26870b-f6a5-47ae-96e8-e1c0faba6c5f","ORNL_002.tickPlot.tck","ORNL_002","2016-06-03T16:30Z","2017-06-26T16:00Z","ORNL_002.20160603","ORNL_002.20160603.AMBAME.F","Amblyomma americanum","AMBAME","species","Ixodidae",,,,"Amblyomma",,"americanum",,,"Cooley, R. A. and G. M. Kohls. 1944. The genus Amblyomma (ixodidae) in the United States. The Journal of Parasitology, 30(2):77-111.","GSU_tickIdentification_SOP_2016-11-01.pdf","Linnaeus","Female",2,"OK","RNA stabilization buffer","USNMENT00984945","ORNL_002.20160603.AMBAME.F","Lorenza Beati","Georgia Southern University",
"e31e1997-dd94-4abe-9c53-5c42fb745917","ORNL_002.tickPlot.tck","ORNL_002","2016-06-03T16:30Z","2017-06-26T16:00Z","ORNL_002.20160603","ORNL_002.20160603.IXOSCA.N","Ixodes scapularis","IXOSCA","species","Ixodidae",,,,"Ixodes",,"scapularis",,,"Cooley, R. A. and G. M. Kohls. 1945. The genus Ixodes in North America. National Institute of Health Bulletin, 184.","GSU_tickIdentification_SOP_2016-11-01.pdf","Say","Nymph",2,"OK","RNA stabilization buffer","USNMENT00864637","ORNL_002.20160603.IXOSCA.N","Lorenza Beati","Georgia Southern University",
"448d4eab-6050-474e-a25c-2be50057dca1","ORNL_002.tickPlot.tck","ORNL_002","2016-06-03T16:30Z","2017-06-26T16:00Z","ORNL_002.20160603","ORNL_002.20160603.AMBAME.N","Amblyomma americanum","AMBAME","species","Ixodidae",,,,"Amblyomma",,"americanum",,,"Cooley, R. A. and G. M. Kohls. 1944. The genus Amblyomma (ixodidae) in the United States. The Journal of Parasitology, 30(2):77-111.","GSU_tickIdentification_SOP_2016-11-01.pdf","Linnaeus","Nymph",16,"OK","RNA stabilization buffer","USNMENT00984947","ORNL_002.20160603.AMBAME.N","Lorenza Beati","Georgia Southern University",
"0994fe3a-75c4-4fa4-8760-79739438d9d4","ORNL_002.tickPlot.tck","ORNL_002","2016-06-03T16:30Z","2017-06-26T16:00Z","ORNL_002.20160603","ORNL_002.20160603.AMBAME.M","Amblyomma americanum","AMBAME","species","Ixodidae",,,,"Amblyomma",,"americanum",,,"Cooley, R. A. and G. M. Kohls. 1944. The genus Amblyomma (ixodidae) in the United States. The Journal of Parasitology, 30(2):77-111.","GSU_tickIdentification_SOP_2016-11-01.pdf","Linnaeus","Male",1,"OK","RNA stabilization buffer","USNMENT00984946","ORNL_002.20160603.AMBAME.M","Lorenza Beati","Georgia Southern University",
"e20f9f29-cff5-44de-aab0-9ded637832ba","ORNL_002.tickPlot.tck","ORNL_002","2016-06-23T14:48Z","2017-06-26T16:00Z","ORNL_002.20160623","ORNL_002.20160623.AMBAME.N","Amblyomma americanum","AMBAME","species","Ixodidae",,,,"Amblyomma",,"americanum",,,"Cooley, R. A. and G. M. Kohls. 1944. The genus Amblyomma (ixodidae) in the United States. The Journal of Parasitology, 30(2):77-111.","GSU_tickIdentification_SOP_2016-11-01.pdf","Linnaeus","Nymph",14,"OK","RNA stabilization buffer","USNMENT00984958","ORNL_002.20160623.01.AMBAME.N","Lorenza Beati","Georgia Southern University",
"72d0dbb5-dc46-46ab-8dc0-629972973289","ORNL_002.tickPlot.tck","ORNL_002","2016-06-23T14:48Z","2017-06-26T16:00Z","ORNL_002.20160623","ORNL_002.20160623.AMBAME.F","Amblyomma americanum","AMBAME","species","Ixodidae",,,,"Amblyomma",,"americanum",,,"Cooley, R. A. and G. M. Kohls. 1944. The genus Amblyomma (ixodidae) in the United States. The Journal of Parasitology, 30(2):77-111.","GSU_tickIdentification_SOP_2016-11-01.pdf","Linnaeus","Female",2,"OK","RNA stabilization buffer","USNMENT00984957","ORNL_002.20160623.01.AMBAME.F","Lorenza Beati","Georgia Southern University",
"b88d9189-fa8c-493e-8e6f-c13eb45c2269","ORNL_002.tickPlot.tck","ORNL_002","2016-06-23T14:48Z","2017-06-26T16:00Z","ORNL_002.20160623","ORNL_002.20160623.AMBAME.M","Amblyomma americanum","AMBAME","species","Ixodidae",,,,"Amblyomma",,"americanum",,,"Cooley, R. A. and G. M. Kohls. 1944. The genus Amblyomma (ixodidae) in the United States. The Journal of Parasitology, 30(2):77-111.","GSU_tickIdentification_SOP_2016-11-01.pdf","Linnaeus","Male",1,"OK","RNA stabilization buffer","USNMENT00984956","ORNL_002.20160623.01.AMBAME.M","Lorenza Beati","Georgia Southern University",
"7ca45f74-41fd-4ec9-82a4-ab59700173da","ORNL_040.tickPlot.tck","ORNL_040","2016-06-23T14:59Z","2017-06-26T16:00Z","ORNL_040.20160623","ORNL_040.20160623.AMBAME.F","Amblyomma americanum","AMBAME","species","Ixodidae",,,,"Amblyomma",,"americanum",,,"Cooley, R. A. and G. M. Kohls. 1944. The genus Amblyomma (ixodidae) in the United States. The Journal of Parasitology, 30(2):77-111.","GSU_tickIdentification_SOP_2016-11-01.pdf","Linnaeus","Female",1,"OK","RNA stabilization buffer","USNMENT00984954","ORNL_040.20160623.01.AMBAME.F","Lorenza Beati","Georgia Southern University",
"61859c79-13c9-4dae-9eef-f8fc4fe7ba0b","ORNL_040.tickPlot.tck","ORNL_040","2016-06-23T14:59Z","2017-06-26T16:00Z","ORNL_040.20160623","ORNL_040.20160623.AMBAME.N","Amblyomma americanum","AMBAME","species","Ixodidae",,,,"Amblyomma",,"americanum",,,"Cooley, R. A. and G. M. Kohls. 1944. The genus Amblyomma (ixodidae) in the United States. The Journal of Parasitology, 30(2):77-111.","GSU_tickIdentification_SOP_2016-11-01.pdf","Linnaeus","Nymph",2,"OK","RNA stabilization buffer","USNMENT00984955","ORNL_040.20160623.01.AMBAME.N","Lorenza Beati","Georgia Southern University",
"6c651b04-3dd6-4802-9e33-c5694055f3c8","ORNL_003.tickPlot.tck","ORNL_003","2016-06-23T16:14Z","2017-06-26T16:00Z","ORNL_003.20160623","ORNL_003.20160623.AMBAME.N","Amblyomma americanum","AMBAME","species","Ixodidae",,,,"Amblyomma",,"americanum",,,"Cooley, R. A. and G. M. Kohls. 1944. The genus Amblyomma (ixodidae) in the United States. The Journal of Parasitology, 30(2):77-111.","GSU_tickIdentification_SOP_2016-11-01.pdf","Linnaeus","Nymph",12,"OK","RNA stabilization buffer","USNMENT00984720","ORNL_003.20160623.01.AMBAME.N","Lorenza Beati","Georgia Southern University",
"2f27706d-6b5c-49ee-b7d3-561807e1fedd","ORNL_008.tickPlot.tck","ORNL_008","2016-06-23T16:15Z","2017-06-26T16:00Z","ORNL_008.20160623","ORNL_008.20160623.AMBAME.N","Amblyomma americanum","AMBAME","species","Ixodidae",,,,"Amblyomma",,"americanum",,,"Cooley, R. A. and G. M. Kohls. 1944. The genus Amblyomma (ixodidae) in the United States. The Journal of Parasitology, 30(2):77-111.","GSU_tickIdentification_SOP_2016-11-01.pdf","Linnaeus","Nymph",10,"OK","RNA stabilization buffer","USNMENT00984714","ORNL_008.20160623.01.AMBAME.N","Lorenza Beati","Georgia Southern University",
"1a63fcd5-2b61-4b28-8e9c-e7621f1f857e","ORNL_008.tickPlot.tck","ORNL_008","2016-06-23T16:15Z","2017-06-26T16:00Z","ORNL_008.20160623","ORNL_008.20160623.DERVAR.M","Dermacentor variabilis","DERVAR","species","Ixodidae",,,,"Dermacentor",,"variabilis",,,"Yunker, C. E., Keirans, J. E., Clifford, C. M., and E. R. Easton. 1986. Dermacentor ticks (Acari: Ixodoidea: Ixodidae) of the New World: a scanning electron microscope atlas. Proceedings of the Entomological Society of Washington, 88(4):609-627.","GSU_tickIdentification_SOP_2016-11-01.pdf","Say","Male",1,"OK","RNA stabilization buffer","USNMENT00984713","ORNL_008.20160623.01.DERVAR.M","Lorenza Beati","Georgia Southern University",
"b20c886b-4e38-4b08-9959-781cacd11d9e","ORNL_007.tickPlot.tck","ORNL_007","2016-06-23T17:15Z","2017-06-26T16:00Z","ORNL_007.20160623","ORNL_007.20160623.AMBAME.M","Amblyomma americanum","AMBAME","species","Ixodidae",,,,"Amblyomma",,"americanum",,,"Cooley, R. A. and G. M. Kohls. 1944. The genus Amblyomma (ixodidae) in the United States. The Journal of Parasitology, 30(2):77-111.","GSU_tickIdentification_SOP_2016-11-01.pdf","Linnaeus","Male",1,"OK","RNA stabilization buffer","USNMENT00984718","ORNL_007.20160623.01.AMBAME.M","Lorenza Beati","Georgia Southern University",
"7c3a9727-d9c7-4699-8474-38d30b939676","ORNL_007.tickPlot.tck","ORNL_007","2016-06-23T17:15Z","2017-06-26T16:00Z","ORNL_007.20160623","ORNL_007.20160623.AMBAME.F","Amblyomma americanum","AMBAME","species","Ixodidae",,,,"Amblyomma",,"americanum",,,"Cooley, R. A. and G. M. Kohls. 1944. The genus Amblyomma (ixodidae) in the United States. The Journal of Parasitology, 30(2):77-111.","GSU_tickIdentification_SOP_2016-11-01.pdf","Linnaeus","Female",2,"OK","RNA stabilization buffer","USNMENT00984716","ORNL_007.20160623.01.AMBAME.F","Lorenza Beati","Georgia Southern University",
"31fc2e8a-6925-4272-8a43-ba210b7401d2","ORNL_007.tickPlot.tck","ORNL_007","2016-06-23T17:15Z","2017-06-26T16:00Z","ORNL_007.20160623","ORNL_007.20160623.AMBAME.N","Amblyomma americanum","AMBAME","species","Ixodidae",,,,"Amblyomma",,"americanum",,,"Cooley, R. A. and G. M. Kohls. 1944. The genus Amblyomma (ixodidae) in the United States. The Journal of Parasitology, 30(2):77-111.","GSU_tickIdentification_SOP_2016-11-01.pdf","Linnaeus","Nymph",23,"OK","RNA stabilization buffer","USNMENT00984719","ORNL_007.20160623.01.AMBAME.N","Lorenza Beati","Georgia Southern University",
"f3ebec41-5e44-463f-85cd-d72a4a6cd034","ORNL_007.tickPlot.tck","ORNL_007","2016-06-23T17:15Z","2017-06-26T16:00Z","ORNL_007.20160623","ORNL_007.20160623.IXOSCA.N","Ixodes scapularis","IXOSCA","species","Ixodidae",,,,"Ixodes",,"scapularis",,,"Cooley, R. A. and G. M. Kohls. 1945. The genus Ixodes in North America. National Institute of Health Bulletin, 184.","GSU_tickIdentification_SOP_2016-11-01.pdf","Say","Nymph",3,"OK","RNA stabilization buffer","USNMENT00864658","ORNL_007.20160623.01.IXOSCA.N","Lorenza Beati","Georgia Southern University",
"142fea87-a5da-4e28-a917-995fbd442ff5","ORNL_007.tickPlot.tck","ORNL_007","2016-06-23T17:15Z","2017-06-29T16:00Z","ORNL_007.20160623","ORNL_007.20160623.IXOSP.L","Ixodidae sp.","IXOSP","family","Ixodidae",,,,,,"sp.",,,,"GSU_tickIdentification_SOP_2016-11-01.pdf",,"Larva",1,"OK","RNA stabilization buffer","USNMENT00984961","ORNL_007.20160623.01.L","Cody Norton","Georgia Southern University",
"7a22402e-4207-4210-9ae7-d1800434e574","ORNL_009.tickPlot.tck","ORNL_009","2016-06-23T17:37Z","2017-06-26T16:00Z","ORNL_009.20160623","ORNL_009.20160623.IXOSCA.N","Ixodes scapularis","IXOSCA","species","Ixodidae",,,,"Ixodes",,"scapularis",,,"Cooley, R. A. and G. M. Kohls. 1945. The genus Ixodes in North America. National Institute of Health Bulletin, 184.","GSU_tickIdentification_SOP_2016-11-01.pdf","Say","Nymph",2,"OK","RNA stabilization buffer","USNMENT00864639","ORNL_009.20160623.01.IXOSCA.N","Lorenza Beati","Georgia Southern University",
"28703f31-58bf-46ba-b905-dd25d07ade08","ORNL_009.tickPlot.tck","ORNL_009","2016-06-23T17:37Z","2017-06-26T16:00Z","ORNL_009.20160623","ORNL_009.20160623.AMBAME.F","Amblyomma americanum","AMBAME","species","Ixodidae",,,,"Amblyomma",,"americanum",,,"Cooley, R. A. and G. M. Kohls. 1944. The genus Amblyomma (ixodidae) in the United States. The Journal of Parasitology, 30(2):77-111.","GSU_tickIdentification_SOP_2016-11-01.pdf","Linnaeus","Female",2,"OK","RNA stabilization buffer","USNMENT00984663","ORNL_009.20160623.01.AMBAME.F","Lorenza Beati","Georgia Southern University",
"156ae3fd-624b-449f-8792-c36e3c76dabc","ORNL_009.tickPlot.tck","ORNL_009","2016-06-23T17:37Z","2017-06-26T16:00Z","ORNL_009.20160623","ORNL_009.20160623.AMBAME.N","Amblyomma americanum","AMBAME","species","Ixodidae",,,,"Amblyomma",,"americanum",,,"Cooley, R. A. and G. M. Kohls. 1944. The genus Amblyomma (ixodidae) in the United States. The Journal of Parasitology, 30(2):77-111.","GSU_tickIdentification_SOP_2016-11-01.pdf","Linnaeus","Nymph",9,"OK","RNA stabilization buffer","USNMENT00984664","ORNL_009.20160623.01.AMBAME.N","Lorenza Beati","Georgia Southern University",
