uid,namedLocation,domainID,siteID,plotID,plotType,nlcdClass,decimalLatitude,decimalLongitude,geodeticDatum,coordinateUncertainty,elevation,elevationUncertainty,collectDate,eventID,sampleID,sampleCode,samplingMethod,totalSampledArea,targetTaxaPresent,adultCount,nymphCount,larvaCount,sampleCondition,samplingProtocolVersion,measuredBy,remarks
"db18d1e9-aec6-41f6-8bb3-9a68a46bae89","LAJA_001.tickPlot.tck","D04","LAJA","LAJA_001","distributed","grasslandHerbaceous",18.025778,-67.076305,"WGS84",20.1,21.9,0.1,"2018-06-07T12:25Z","LAJA.2018.23",,,"drag",160,"N",0,0,0,"No known compromise","NEON.DOC.014045vJ","JYpGqoh1QQ1p5pODTarT01AySkX6zLJm731HDg7Ro1Q=",
"d3575315-aee0-4b05-8cb8-f159e554216b","LAJA_002.tickPlot.tck","D04","LAJA","LAJA_002","distributed","cultivatedCrops",18.034056,-67.073646,"WGS84",20.1,30.6,0.1,"2018-06-07T14:10Z","LAJA.2018.23",,,"drag",112,"N",0,0,0,"No known compromise","NEON.DOC.014045vJ","JYpGqoh1QQ1p5pODTarT01AySkX6zLJm731HDg7Ro1Q=","North part of the plot skipped due to corn seedling's."
"45e48046-9f7f-4ec4-af1b-677d4114dfc0","LAJA_030.tickPlot.tck","D04","LAJA","LAJA_030","distributed","evergreenForest",18.038595,-67.070394,"WGS84",20.1,31.1,0.1,"2018-06-07T15:55Z","LAJA.2018.23",,,"flag",88,"N",0,0,0,"No known compromise","NEON.DOC.014045vJ","JYpGqoh1QQ1p5pODTarT01AySkX6zLJm731HDg7Ro1Q=","72 m skipped due to tall grass and fallen trees."
"aeeffff1-eba7-40f5-996b-d3dea4940f45","LAJA_004.tickPlot.tck","D04","LAJA","LAJA_004","distributed","pastureHay",18.016761,-67.079966,"WGS84",20.1,14.2,0.1,"2018-06-08T12:40Z","LAJA.2018.23",,,"drag",160,"N",0,0,0,"No known compromise","NEON.DOC.014045vJ","llBB5GilomiL3H9rNtINJeX8UHMAu+L47sXe3XmgpK0=",
"0a349c84-ae2f-45c1-b78b-f48bc88609de","LAJA_005.tickPlot.tck","D04","LAJA","LAJA_005","distributed","pastureHay",18.026834,-67.085519,"WGS84",20.1,21.3,0.1,"2018-06-08T13:28Z","LAJA.2018.23",,,"drag",160,"N",0,0,0,"No known compromise","NEON.DOC.014045vJ","K7paogYv/yPIIcW0CksD14fzjU5WLb1V7F2Sb1uqUqc=",
"ef85b25d-b894-4bd0-9b3c-b1da2f7f4a7c","LAJA_003.tickPlot.tck","D04","LAJA","LAJA_003","distributed","pastureHay",18.024566,-67.081257,"WGS84",20.1,19.8,0.1,"2018-06-08T14:09Z","LAJA.2018.23",,,"flag",160,"N",0,0,0,"No known compromise","NEON.DOC.014045vJ","llBB5GilomiL3H9rNtINJeX8UHMAu+L47sXe3XmgpK0=",
