uid,namedLocation,date,domainID,siteID,plotID,plotType,nlcdClass,decimalLatitude,decimalLongitude,geodeticDatum,coordinateUncertainty,easting,northing,utmZone,elevation,elevationUncertainty,eventID,samplingProtocolVersion,treesPresent,treesAbsentList,shrubsPresent,shrubsAbsentList,lianasPresent,lianasAbsentList,nestedSubplotAreaShrubSapling,nestedSubplotAreaLiana,totalSampledAreaTrees,totalSampledAreaShrubSapling,totalSampledAreaLiana,remarks,measuredBy,recordedBy,dataQF
"30082c32-5e68-4696-a847-b8c31fa49334","JERC_055.basePlot.vst","2016-10-05","D03","JERC","JERC_055","tower","evergreenForest",31.194074,-84.465132,"WGS84",20.1,741539.18,3453879.03,"16N",41.8,0.3,"vst_JERC_2016","NEON.DOC.000987vE","Y",,"Y","presentInAll","N",,"25","noneSelected",800,100,800,,"IaXfrbXr6GQAKfG/Thmkj2xXG2gxDgR+","Z1kn+qG/kiLVelUOX7kLSqEptlfcv2S8",
"069ed049-ece6-41ff-880b-21419c994840","JERC_053.basePlot.vst","2016-10-05","D03","JERC","JERC_053","tower","evergreenForest",31.194043,-84.463550,"WGS84",20.1,741690.04,3453879.06,"16N",44.9,0.1,"vst_JERC_2016","NEON.DOC.000987vE","Y","presentInAll","Y","presentInAll","N",,"100","noneSelected",800,400,800,,"IaXfrbXr6GQAKfG/Thmkj2xXG2gxDgR+","Z1kn+qG/kiLVelUOX7kLSqEptlfcv2S8",
"55bd8b7e-8e2a-4e5b-9575-873c1357000a","JERC_056.basePlot.vst","2016-10-11","D03","JERC","JERC_056","tower","evergreenForest",31.194637,-84.466362,"WGS84",20.2,741420.51,3453938.77,"16N",44.1,0.3,"vst_JERC_2016","NEON.DOC.000987vE","Y","presentInAll","Y","presentInAll","N",,"25","noneSelected",800,100,800,,"9FGGVOw93jfS5aOA3dpabjU14a/sOVS4","YK5ulgcjQA5M6hxjAkVbmv4a8AjznrKv",
"86963b7e-ada1-486f-906c-8bd8df8bb9a8","JERC_052.basePlot.vst","2016-10-12","D03","JERC","JERC_052","tower","evergreenForest",31.195408,-84.464141,"WGS84",20.2,741630.24,3454029.11,"16N",46.1,0.2,"vst_JERC_2016","NEON.DOC.000987vE","Y","presentInAll","Y","presentInAll","N",,"100","noneSelected",800,400,800,"Field team considered stems in close proximity to be the same individual even when covering a large area - see tag 04546.","9FGGVOw93jfS5aOA3dpabjU14a/sOVS4","YK5ulgcjQA5M6hxjAkVbmv4a8AjznrKv",
"1bd12aa1-96cb-4d66-8596-e580d03d5550","JERC_051.basePlot.vst","2016-10-13","D03","JERC","JERC_051","tower","evergreenForest",31.199489,-84.464343,"WGS84",20.2,741600.61,3454481.17,"16N",41.5,0.2,"vst_JERC_2016","NEON.DOC.000987vE","Y","presentInAll","Y","presentInAll","N",,"100","noneSelected",800,400,800,,"9FGGVOw93jfS5aOA3dpabjU14a/sOVS4","K+tJSr1+vfakLzRtMceLFR7MVx1xGtUA",
"d79d1af9-73d0-4ee8-8b60-5f6d14947740","JERC_060.basePlot.vst","2016-10-18","D03","JERC","JERC_060","tower","evergreenForest",31.198667,-84.465311,"WGS84",20.2,741510.44,3454387.91,"16N",41.7,0.4,"vst_JERC_2016","NEON.DOC.000987vE","Y","presentInAll","Y","presentInAll","Y","23","noneSelected","noneSelected",800,800,800,,"9FGGVOw93jfS5aOA3dpabjU14a/sOVS4","cMb2B+jx12AMjNtsEA8t48GND5R87ks/",
"7c6b1c9c-fe0c-453e-b512-d745d29bec03","JERC_057.basePlot.vst","2016-10-19","D03","JERC","JERC_057","tower","mixedForest",31.200937,-84.469655,"WGS84",20.1,741090.64,3454630.12,"16N",33.6,0.2,"vst_JERC_2016","NEON.DOC.000987vE","Y","presentInAll","Y","presentInAll","Y","41","25","noneSelected",800,100,800,,"Z1kn+qG/kiLVelUOX7kLSqEptlfcv2S8","a+fcOOAiz+7pYTGAZM5S9oWOFHn4va6d",
