uid,namedLocation,domainID,siteID,plotID,plotType,nlcdClass,decimalLatitude,decimalLongitude,geodeticDatum,coordinateUncertainty,elevation,elevationUncertainty,collectDate,eventID,sampleID,sampleCode,samplingMethod,totalSampledArea,targetTaxaPresent,adultCount,nymphCount,larvaCount,sampleCondition,samplingProtocolVersion,measuredBy,remarks
"354fea06-483b-4147-a143-64172fdb6458","WOOD_001.tickPlot.tck","D09","WOOD","WOOD_001","distributed","grasslandHerbaceous",47.127200,-99.256464,"WGS84",20.1,593.8,0.2,"2016-05-04T16:32Z","WOOD.2016.18","WOOD_001.20160504",,"drag",160,"Y",2,0,0,"No known compromise","NEON.DOC.014045vG","iMtZlqFX8RWAks1You64fym7iEU1mv38",
"c1b80f1e-af4d-4613-a847-8251388130dd","WOOD_007.tickPlot.tck","D09","WOOD","WOOD_007","distributed","grasslandHerbaceous",47.133887,-99.251357,"WGS84",20.4,593.6,0.3,"2016-05-04T17:27Z","WOOD.2016.18",,,"drag and flag",161,"N",0,0,0,"No known compromise","NEON.DOC.014045vG","iMtZlqFX8RWAks1You64fym7iEU1mv38",
"db40a2a9-364d-41d9-b961-4cfd3db4d423","WOOD_006.tickPlot.tck","D09","WOOD","WOOD_006","distributed","grasslandHerbaceous",47.141023,-99.248055,"WGS84",20.1,587.2,0.1,"2016-05-04T18:03Z","WOOD.2016.18","WOOD_006.20160504",,"drag and flag",155,"Y",3,0,0,"No known compromise","NEON.DOC.014045vG","iMtZlqFX8RWAks1You64fym7iEU1mv38","SE corner wet; subtract 5 meters"
"2ec194bb-0e43-4c15-a4b8-95edca0d5824","WOOD_002.tickPlot.tck","D09","WOOD","WOOD_002","distributed","grasslandHerbaceous",47.136802,-99.234546,"WGS84",20.1,578.3,0.1,"2016-05-04T18:48Z","WOOD.2016.18","WOOD_002.20160504",,"drag",160,"Y",3,0,0,"No known compromise","NEON.DOC.014045vG","iMtZlqFX8RWAks1You64fym7iEU1mv38",
"4d9c391f-7cd4-4bbc-bb9e-6d6c7c1a2388","WOOD_009.tickPlot.tck","D09","WOOD","WOOD_009","distributed","grasslandHerbaceous",47.144534,-99.231072,"WGS84",20.1,573.5,0.2,"2016-05-04T19:26Z","WOOD.2016.18","WOOD_009.20160504",,"drag",160,"Y",2,0,0,"No known compromise","NEON.DOC.014045vG","iMtZlqFX8RWAks1You64fym7iEU1mv38","Lost 1 weight near SW corner on S line"
"518e6002-1645-431a-ad1f-7069c3ce29c9","WOOD_024.tickPlot.tck","D09","WOOD","WOOD_024","distributed","emergentHerbaceousWetlands",47.150784,-99.260836,"WGS84",20.1,586.1,0.2,"2016-05-04T20:17Z","WOOD.2016.18","WOOD_024.20160504",,"flag",160,"Y",5,0,0,"No known compromise","NEON.DOC.014045vG","iMtZlqFX8RWAks1You64fym7iEU1mv38",
