uid,namedLocation,plotID,collectDate,identifiedDate,sampleID,subsampleID,scientificName,acceptedTaxonID,taxonRank,family,subfamily,tribe,subtribe,genus,subgenus,specificEpithet,infraspecificEpithet,identificationQualifier,identificationReferences,identificationProtocolVersion,scientificNameAuthorship,sexOrAge,individualCount,sampleCondition,archiveMedium,archiveFacilityID,deprecatedVialID,identifiedBy,laboratoryName,remarks
"8f63660c-e299-487d-8a8d-5131df9fd312","WOOD_001.tickPlot.tck","WOOD_001","2016-05-04T16:32Z","2017-02-02T17:00Z","WOOD_001.20160504","WOOD_001.20160504.DERVAR.M","Dermacentor variabilis","DERVAR","species","Ixodidae",,,,"Dermacentor",,"variabilis",,,"Yunker, C. E., Keirans, J. E., Clifford, C. M., and E. R. Easton. 1986. Dermacentor ticks (Acari: Ixodoidea: Ixodidae) of the New World: a scanning electron microscope atlas. Proceedings of the Entomological Society of Washington, 88(4):609-627.","GSU_tickIdentification_SOP_2016-11-01.pdf","Say","Male",1,"OK","RNA stabilization buffer","USNMENT00864675","WOOD_001.20160504.01.Dermacentor variabilis.male","L. Beati","Georgia Southern University",
"873a74bf-a2b2-48fc-b915-1e0fd529f19e","WOOD_001.tickPlot.tck","WOOD_001","2016-05-04T16:32Z","2017-02-02T17:00Z","WOOD_001.20160504","WOOD_001.20160504.DERVAR.F","Dermacentor variabilis","DERVAR","species","Ixodidae",,,,"Dermacentor",,"variabilis",,,"Yunker, C. E., Keirans, J. E., Clifford, C. M., and E. R. Easton. 1986. Dermacentor ticks (Acari: Ixodoidea: Ixodidae) of the New World: a scanning electron microscope atlas. Proceedings of the Entomological Society of Washington, 88(4):609-627.","GSU_tickIdentification_SOP_2016-11-01.pdf","Say","Female",1,"OK","RNA stabilization buffer","USNMENT00864684","WOOD_001.20160504.01.Dermacentor variabilis.female","L. Beati","Georgia Southern University",
"4c25a2a5-fb43-4909-af51-44bac0c0d4ac","WOOD_006.tickPlot.tck","WOOD_006","2016-05-04T18:03Z","2017-02-02T17:00Z","WOOD_006.20160504","WOOD_006.20160504.DERVAR.M","Dermacentor variabilis","DERVAR","species","Ixodidae",,,,"Dermacentor",,"variabilis",,,"Yunker, C. E., Keirans, J. E., Clifford, C. M., and E. R. Easton. 1986. Dermacentor ticks (Acari: Ixodoidea: Ixodidae) of the New World: a scanning electron microscope atlas. Proceedings of the Entomological Society of Washington, 88(4):609-627.","GSU_tickIdentification_SOP_2016-11-01.pdf","Say","Male",2,"OK","RNA stabilization buffer","USNMENT00864681","WOOD_006.20160504.01.Dermacentor variabilis.male","L. Beati","Georgia Southern University",
"33196453-fea8-4aa5-a22b-8891380c03bb","WOOD_006.tickPlot.tck","WOOD_006","2016-05-04T18:03Z","2017-02-02T17:00Z","WOOD_006.20160504","WOOD_006.20160504.DERVAR.F","Dermacentor variabilis","DERVAR","species","Ixodidae",,,,"Dermacentor",,"variabilis",,,"Yunker, C. E., Keirans, J. E., Clifford, C. M., and E. R. Easton. 1986. Dermacentor ticks (Acari: Ixodoidea: Ixodidae) of the New World: a scanning electron microscope atlas. Proceedings of the Entomological Society of Washington, 88(4):609-627.","GSU_tickIdentification_SOP_2016-11-01.pdf","Say","Female",1,"OK","RNA stabilization buffer","USNMENT00864680","WOOD_006.20160504.01.Dermacentor variabilis.female","L. Beati","Georgia Southern University",
"9baaef25-fbc3-4a62-b9f3-c9513c326f9e","WOOD_002.tickPlot.tck","WOOD_002","2016-05-04T18:48Z","2017-02-02T17:00Z","WOOD_002.20160504","WOOD_002.20160504.DERVAR.M","Dermacentor variabilis","DERVAR","species","Ixodidae",,,,"Dermacentor",,"variabilis",,,"Yunker, C. E., Keirans, J. E., Clifford, C. M., and E. R. Easton. 1986. Dermacentor ticks (Acari: Ixodoidea: Ixodidae) of the New World: a scanning electron microscope atlas. Proceedings of the Entomological Society of Washington, 88(4):609-627.","GSU_tickIdentification_SOP_2016-11-01.pdf","Say","Male",3,"OK","RNA stabilization buffer","USNMENT00864676","WOOD_002.20160504.01.Dermacentor variabilis.male","L. Beati","Georgia Southern University",
"b2e8e044-4b51-4eb9-bb96-615e1a19f9e6","WOOD_009.tickPlot.tck","WOOD_009","2016-05-04T19:26Z","2017-02-02T17:00Z","WOOD_009.20160504","WOOD_009.20160504.DERVAR.M","Dermacentor variabilis","DERVAR","species","Ixodidae",,,,"Dermacentor",,"variabilis",,,"Yunker, C. E., Keirans, J. E., Clifford, C. M., and E. R. Easton. 1986. Dermacentor ticks (Acari: Ixodoidea: Ixodidae) of the New World: a scanning electron microscope atlas. Proceedings of the Entomological Society of Washington, 88(4):609-627.","GSU_tickIdentification_SOP_2016-11-01.pdf","Say","Male",1,"OK","RNA stabilization buffer","USNMENT00864683","WOOD_009.20160504.01.Dermacentor variabilis.male","L. Beati","Georgia Southern University",
"a667323e-d0ff-4a60-bb32-daf7a0a77cc2","WOOD_009.tickPlot.tck","WOOD_009","2016-05-04T19:26Z","2017-02-02T17:00Z","WOOD_009.20160504","WOOD_009.20160504.DERVAR.F","Dermacentor variabilis","DERVAR","species","Ixodidae",,,,"Dermacentor",,"variabilis",,,"Yunker, C. E., Keirans, J. E., Clifford, C. M., and E. R. Easton. 1986. Dermacentor ticks (Acari: Ixodoidea: Ixodidae) of the New World: a scanning electron microscope atlas. Proceedings of the Entomological Society of Washington, 88(4):609-627.","GSU_tickIdentification_SOP_2016-11-01.pdf","Say","Female",1,"OK","RNA stabilization buffer","USNMENT00864682","WOOD_009.20160504.01.Dermacentor variabilis.female","L. Beati","Georgia Southern University",
"9b4fcab3-5f33-4da3-a8c5-b6526d29e91f","WOOD_024.tickPlot.tck","WOOD_024","2016-05-04T20:17Z","2017-02-02T17:00Z","WOOD_024.20160504","WOOD_024.20160504.DERVAR.M","Dermacentor variabilis","DERVAR","species","Ixodidae",,,,"Dermacentor",,"variabilis",,,"Yunker, C. E., Keirans, J. E., Clifford, C. M., and E. R. Easton. 1986. Dermacentor ticks (Acari: Ixodoidea: Ixodidae) of the New World: a scanning electron microscope atlas. Proceedings of the Entomological Society of Washington, 88(4):609-627.","GSU_tickIdentification_SOP_2016-11-01.pdf","Say","Male",3,"OK","RNA stabilization buffer","USNMENT00864678","WOOD_024.20160504.01.Dermacentor variabilis.male","L. Beati","Georgia Southern University",
"ce5bcfcb-e810-4194-b27f-516e9f0829ed","WOOD_024.tickPlot.tck","WOOD_024","2016-05-04T20:17Z","2017-02-02T17:00Z","WOOD_024.20160504","WOOD_024.20160504.DERVAR.F","Dermacentor variabilis","DERVAR","species","Ixodidae",,,,"Dermacentor",,"variabilis",,,"Yunker, C. E., Keirans, J. E., Clifford, C. M., and E. R. Easton. 1986. Dermacentor ticks (Acari: Ixodoidea: Ixodidae) of the New World: a scanning electron microscope atlas. Proceedings of the Entomological Society of Washington, 88(4):609-627.","GSU_tickIdentification_SOP_2016-11-01.pdf","Say","Female",2,"OK","RNA stabilization buffer","USNMENT00864677","WOOD_024.20160504.01.Dermacentor variabilis.female","L. Beati","Georgia Southern University",
