uid,namedLocation,domainID,siteID,plotID,plotType,nlcdClass,decimalLatitude,decimalLongitude,geodeticDatum,coordinateUncertainty,elevation,elevationUncertainty,collectDate,eventID,sampleID,sampleCode,samplingMethod,totalSampledArea,targetTaxaPresent,adultCount,nymphCount,larvaCount,sampleCondition,samplingProtocolVersion,measuredBy,remarks
"31ef5df5-bb07-40eb-83b0-393057a28c6b","ABBY_001.tickPlot.tck","D16","ABBY","ABBY_001","distributed","evergreenForest",45.773172,-122.348101,"WGS84",20.1,294.3,0.2,"2016-09-22T18:12Z","ABBY.2016.38","ABBY_001.20160922",,"drag and flag",160,"Y",0,1,0,"No known compromise","NEON.DOC.014045vG","9LLQP2zAGBxvuMR8VfqNBDkoxuflTlB1mTYNJb/lQSw=",
"e89600c8-c925-439f-bdd2-76bea6785869","ABBY_023.tickPlot.tck","D16","ABBY","ABBY_023","distributed","mixedForest",45.745006,-122.383498,"WGS84",20.1,478.7,0.1,"2016-09-22T18:15Z","ABBY.2016.38",,,"drag and flag",156,"N",0,0,0,"No known compromise","NEON.DOC.014045vG","AXuY4z5ddzGYVtlYIFbF04ZbSE1d77qu",
"7b7e974b-323f-48f4-92aa-a8a479f70ca6","ABBY_006.tickPlot.tck","D16","ABBY","ABBY_006","distributed","evergreenForest",45.752800,-122.297903,"WGS84",20.3,576.4,0.4,"2016-09-22T20:17Z","ABBY.2016.38","ABBY_006.20160922",,"drag and flag",160,"Y",0,1,0,"No known compromise","NEON.DOC.014045vG","9LLQP2zAGBxvuMR8VfqNBDkoxuflTlB1mTYNJb/lQSw=",
"f4dfece6-8a80-4b4c-ae20-e30577fbade4","ABBY_003.tickPlot.tck","D16","ABBY","ABBY_003","distributed","evergreenForest",45.760799,-122.371290,"WGS84",20.1,626.2,0.1,"2016-09-22T20:25Z","ABBY.2016.38",,,"drag and flag",164,"N",0,0,0,"No known compromise","NEON.DOC.014045vG","XZoPj1u9UmznO7Lakic/e+h3MMLMvbQt",
"1f1d3dc4-807c-4b03-823f-3b94ba9388ee","ABBY_005.tickPlot.tck","D16","ABBY","ABBY_005","distributed","shrubScrub",45.771976,-122.388089,"WGS84",20.1,492.2,0.1,"2016-09-22T21:45Z","ABBY.2016.38",,,"drag and flag",166,"N",0,0,0,"No known compromise","NEON.DOC.014045vG","AXuY4z5ddzGYVtlYIFbF04ZbSE1d77qu",
"fd6eee1d-ae2a-4cdb-9439-8da651dc0130","ABBY_002.tickPlot.tck","D16","ABBY","ABBY_002","distributed","grasslandHerbaceous",45.737854,-122.308292,"WGS84",20.1,651.1,0.1,"2016-09-22T21:55Z","ABBY.2016.38",,,"drag and flag",160,"N",0,0,0,"No known compromise","NEON.DOC.014045vG","9LLQP2zAGBxvuMR8VfqNBDkoxuflTlB1mTYNJb/lQSw=",
