uid,namedLocation,domainID,siteID,plotID,plotType,nlcdClass,decimalLatitude,decimalLongitude,geodeticDatum,coordinateUncertainty,elevation,elevationUncertainty,collectDate,eventID,sampleID,sampleCode,samplingMethod,totalSampledArea,targetTaxaPresent,adultCount,nymphCount,larvaCount,sampleCondition,samplingProtocolVersion,measuredBy,remarks
"7dc954f5-1ef4-493d-a74c-2cd25d6feda6","GRSM_006.tickPlot.tck","D07","GRSM","GRSM_006","distributed","deciduousForest",35.679072,-83.643678,"WGS84",20.2,533.6,0.2,"2018-07-04T13:42Z","GRSM.2018.27","GRSM_006.20180704","A00000012549","drag and flag",160,"Y",1,0,0,"No known compromise","NEON.DOC.014045vJ","5Ek0n6gchfIDPsOP0jKEohdVx5tVu8KFxKxo4oqalpg=",
"a0058281-5b2e-467a-a6af-35ceeffcc3a9","GRSM_009.tickPlot.tck","D07","GRSM","GRSM_009","distributed","deciduousForest",35.671874,-83.491180,"WGS84",20.2,820.9,0.2,"2018-07-04T13:46Z","GRSM.2018.27",,,"drag and flag",166,"N",0,0,0,"Tick count estimated (error and instar specified in remarks)","NEON.DOC.014045vJ","bj8+IJTPpK9B+X2rN/KZV03LBpX6wb7cr0Ettjp1m08=","Burned plot"
"82bc412a-b61e-48ea-9a86-ecd46ede025c","GRSM_010.tickPlot.tck","D07","GRSM","GRSM_010","distributed","deciduousForest",35.669242,-83.524579,"WGS84",20.2,510.4,0.3,"2018-07-04T14:52Z","GRSM.2018.27",,,"drag and flag",165,"N",0,0,0,,"NEON.DOC.014045vJ","5Ek0n6gchfIDPsOP0jKEohdVx5tVu8KFxKxo4oqalpg=",
"ce448890-7546-49dc-9bd9-991ec449e6dc","GRSM_003.tickPlot.tck","D07","GRSM","GRSM_003","distributed","deciduousForest",35.676584,-83.476209,"WGS84",20.2,880.6,0.2,"2018-07-04T14:56Z","GRSM.2018.27",,,"drag and flag",163,"N",0,0,0,,"NEON.DOC.014045vJ","8y2nCljUmhTZCDMmuiKC/MkPK73nDL+eImQBYOvqCbk=",
"9fb35506-aa9c-4fac-b4a9-7c3ded3cf9be","GRSM_004.tickPlot.tck","D07","GRSM","GRSM_004","distributed","deciduousForest",35.688959,-83.535562,"WGS84",20.3,441.9,0.5,"2018-07-04T16:02Z","GRSM.2018.27",,,"drag and flag",170,"N",0,0,0,,"NEON.DOC.014045vJ","5Ek0n6gchfIDPsOP0jKEohdVx5tVu8KFxKxo4oqalpg=",
"f91c0ac8-b7fb-41ac-935f-a0a0386e92a9","GRSM_015.tickPlot.tck","D07","GRSM","GRSM_015","distributed","deciduousForest",35.729089,-83.408061,"WGS84",20.2,448.3,0.2,"2018-07-04T16:24Z","GRSM.2018.27",,,"drag and flag",162,"N",0,0,0,,"NEON.DOC.014045vJ","bj8+IJTPpK9B+X2rN/KZV03LBpX6wb7cr0Ettjp1m08=","SE blue fiberglass missing field poison ivy junky"
