uid,namedLocation,domainID,siteID,plotID,plotType,nlcdClass,decimalLatitude,decimalLongitude,geodeticDatum,coordinateUncertainty,elevation,elevationUncertainty,collectDate,eventID,sampleID,sampleCode,samplingMethod,totalSampledArea,targetTaxaPresent,adultCount,nymphCount,larvaCount,sampleCondition,samplingProtocolVersion,measuredBy,remarks
"2cb78cae-eb34-4dae-8122-99840d648f46","HEAL_014.tickPlot.tck","D19","HEAL","HEAL_014","distributed","shrubScrub",63.887214,-149.270823,"WGS84",20.1,671.2,0.1,"2017-06-27T21:06Z","HEAL.2017.27",,,"flag",176,"N",0,0,0,,"NEON.DOC.014045vH","s2uDESL1j+AW3Q2Q0IlT2c/WFAdKqXr0DT83SmWL7KI=",
"9edcda88-8a7d-45cb-84a6-7bd97d2e7be0","HEAL_011.tickPlot.tck","D19","HEAL","HEAL_011","distributed","shrubScrub",63.885895,-149.302351,"WGS84",20.1,649.7,0.1,"2017-06-27T22:19Z","HEAL.2017.27",,,"drag and flag",165,"N",0,0,0,,"NEON.DOC.014045vH","xKBEOhuZwfGcnrI70C71xebpG8ko0WtAAGBeWsUSSMQ=",
"9efb1326-76e2-44fe-8371-ce82afa4cb57","HEAL_001.tickPlot.tck","D19","HEAL","HEAL_001","distributed","dwarfScrub",63.889470,-149.202952,"WGS84",20.1,595.7,0.1,"2017-06-27T22:58Z","HEAL.2017.27",,,"drag",164,"N",0,0,0,,"NEON.DOC.014045vH","lXZ755Qyd6s7NGwgdv19TRhUt29wrcDk+0qno2P+XFQ=",
"1edc9e1b-609c-43aa-8c40-b3ace4594431","HEAL_026.tickPlot.tck","D19","HEAL","HEAL_026","distributed","evergreenForest",63.886145,-149.192747,"WGS84",20.1,597.6,0.1,"2017-06-27T23:23Z","HEAL.2017.27",,,"drag",165,"N",0,0,0,,"NEON.DOC.014045vH","lXZ755Qyd6s7NGwgdv19TRhUt29wrcDk+0qno2P+XFQ=",
"f0dbfa10-c5e3-45af-9211-7c9039e6a49e","HEAL_004.tickPlot.tck","D19","HEAL","HEAL_004","distributed","shrubScrub",63.864020,-149.276678,"WGS84",20.1,675.5,0.1,"2017-06-28T00:00Z","HEAL.2017.27",,,"drag and flag",180,"N",0,0,0,,"NEON.DOC.014045vH","1qKvRidwzehueJav3mTYCWDwMtQ2mvYDbYlmQkEZz8c=",
"595a70e7-3bfb-4bd0-bc3c-ef203e6ac9ed","HEAL_010.tickPlot.tck","D19","HEAL","HEAL_010","distributed","shrubScrub",63.877193,-149.260797,"WGS84",20.1,666.7,0.1,"2017-06-28T00:36Z","HEAL.2017.27",,,"flag",165,"N",0,0,0,,"NEON.DOC.014045vH","lXZ755Qyd6s7NGwgdv19TRhUt29wrcDk+0qno2P+XFQ=",
