uid,namedLocation,domainID,siteID,plotID,plotType,nlcdClass,decimalLatitude,decimalLongitude,geodeticDatum,coordinateUncertainty,elevation,elevationUncertainty,collectDate,eventID,sampleID,sampleCode,samplingMethod,totalSampledArea,targetTaxaPresent,adultCount,nymphCount,larvaCount,sampleCondition,samplingProtocolVersion,measuredBy,remarks
"c7493a43-c996-4640-9911-dadfcdfab5e3","DELA_016.tickPlot.tck","D08","DELA","DELA_016","distributed","evergreenForest",32.536850,-87.806995,"WGS84",20.2,23.6,0.3,"2015-08-04T12:49Z","DELA.2015.31",,,"drag",163,"N",0,0,,,"NEON.DOC.014045vF","F649F+le3AHvC1s9mrBbdl/cL0oaCCMF",
"a98c6c26-dc93-45e4-bb36-53dc4c9a7bcf","DELA_007.tickPlot.tck","D08","DELA","DELA_007","distributed","woodyWetlands",32.538957,-87.799922,"WGS84",20.2,25.7,0.2,"2015-08-04T13:30Z","DELA.2015.31",,,"drag and flag",160,"N",0,0,,,"NEON.DOC.014045vF","v7wRdnV1gD6DA7NUoRhtXNeAYtN2k0WN",
"61ff7f07-87d1-4759-9d6e-27c8176c07a9","DELA_005.tickPlot.tck","D08","DELA","DELA_005","distributed","woodyWetlands",32.524379,-87.813851,"WGS84",20.1,27.0,0.3,"2015-08-04T13:40Z","DELA.2015.31",,,"drag and flag",161,"N",0,0,,,"NEON.DOC.014045vF","F649F+le3AHvC1s9mrBbdl/cL0oaCCMF",
"72a00b1e-25f0-40fd-a3b7-1fcf580f3348","DELA_001.tickPlot.tck","D08","DELA","DELA_001","distributed","woodyWetlands",32.533269,-87.805425,"WGS84",20.2,27.5,0.3,"2015-08-04T14:25Z","DELA.2015.31","DELA_001.20150804",,"drag and flag",130,"Y",0,1,,"No known compromise","NEON.DOC.014045vF","v7wRdnV1gD6DA7NUoRhtXNeAYtN2k0WN",
"42383fc0-a1de-47e1-a801-673569a22b7f","DELA_014.tickPlot.tck","D08","DELA","DELA_014","distributed","evergreenForest",32.530627,-87.819367,"WGS84",20.2,33.0,0.2,"2015-08-04T14:50Z","DELA.2015.31",,,"drag",161,"N",0,0,,,"NEON.DOC.014045vF","F649F+le3AHvC1s9mrBbdl/cL0oaCCMF",
"e5fd4d97-d3bd-4914-958a-bb46ecc17a29","DELA_008.tickPlot.tck","D08","DELA","DELA_008","distributed","woodyWetlands",32.538884,-87.814145,"WGS84",20.1,24.5,0.2,"2015-08-04T15:44Z","DELA.2015.31",,,"drag and flag",160,"N",0,0,,,"NEON.DOC.014045vF","F649F+le3AHvC1s9mrBbdl/cL0oaCCMF",
"2ff53c9f-15fa-4ee5-b29b-dcc1f34dcb3d","DELA_008.tickPlot.tck","D08","DELA","DELA_008","distributed","woodyWetlands",32.538884,-87.814145,"WGS84",20.1,24.5,0.2,"2015-08-26T13:50Z","DELA.2015.34",,,"drag and flag",160,"N",0,0,,,"NEON.DOC.014045vF","9NpSOfdMh8lijcaKJO/PGvrTe+m1fKRQ",
"94391428-cfc3-49ad-a916-9c0559c268e1","DELA_007.tickPlot.tck","D08","DELA","DELA_007","distributed","woodyWetlands",32.538957,-87.799922,"WGS84",20.2,25.7,0.2,"2015-08-26T14:11Z","DELA.2015.34","DELA_007.20150826",,"drag and flag",161,"Y",0,1,,"No known compromise","NEON.DOC.014045vF","XIk3CMH/VT2ztcDIBBKNwssfFUwUsihU",
"c0d35597-f059-4661-9060-82486b0e79f0","DELA_005.tickPlot.tck","D08","DELA","DELA_005","distributed","woodyWetlands",32.524379,-87.813851,"WGS84",20.1,27.0,0.3,"2015-08-26T14:42Z","DELA.2015.34","DELA_005.20150826",,"drag and flag",160,"Y",0,1,,"No known compromise","NEON.DOC.014045vF","9NpSOfdMh8lijcaKJO/PGvrTe+m1fKRQ",
"e91f254c-b6cc-47d7-bb23-2c2bff62e05b","DELA_016.tickPlot.tck","D08","DELA","DELA_016","distributed","evergreenForest",32.536850,-87.806995,"WGS84",20.2,23.6,0.3,"2015-08-26T15:18Z","DELA.2015.34",,,"drag and flag",160,"N",0,0,,,"NEON.DOC.014045vF","XIk3CMH/VT2ztcDIBBKNwssfFUwUsihU",
"82b82cbd-50bd-47f7-b8d6-d9721adabcf4","DELA_014.tickPlot.tck","D08","DELA","DELA_014","distributed","evergreenForest",32.530627,-87.819367,"WGS84",20.2,33.0,0.2,"2015-08-26T15:45Z","DELA.2015.34",,,"drag",160,"N",0,0,,,"NEON.DOC.014045vF","9NpSOfdMh8lijcaKJO/PGvrTe+m1fKRQ",
"852e6b3c-8f6f-4137-8587-b2b79b986c08","DELA_001.tickPlot.tck","D08","DELA","DELA_001","distributed","woodyWetlands",32.533269,-87.805425,"WGS84",20.2,27.5,0.3,"2015-08-26T16:07Z","DELA.2015.34",,,"drag",153,"N",0,0,,,"NEON.DOC.014045vF","XIk3CMH/VT2ztcDIBBKNwssfFUwUsihU",
