uid,namedLocation,domainID,siteID,plotID,plotType,nlcdClass,decimalLatitude,decimalLongitude,geodeticDatum,coordinateUncertainty,elevation,elevationUncertainty,collectDate,eventID,sampleID,sampleCode,samplingMethod,totalSampledArea,targetTaxaPresent,adultCount,nymphCount,larvaCount,sampleCondition,samplingProtocolVersion,measuredBy,remarks
"510ed25a-b8b2-489a-916e-a9798db5f7fb","TREE_022.tickPlot.tck","D05","TREE","TREE_022","distributed","evergreenForest",45.494513,-89.551239,"WGS84",20.2,458.4,0.2,"2017-06-13T16:20Z","TREE.2017.25","TREE_022.20170613",,"flag",162,"Y",1,9,3,"No known compromise","NEON.DOC.014045vH","tGnUz0GPV2kgdSfOkOVX8+cwFgPS8HIHsKHNPKuVkj8=",
"cbed99ac-e280-45ba-b586-c67a821717bf","TREE_007.tickPlot.tck","D05","TREE","TREE_007","distributed","deciduousForest",45.496399,-89.559231,"WGS84",20.2,461.3,0.3,"2017-06-13T17:08Z","TREE.2017.25","TREE_007.20170613",,"drag and flag",115,"Y",1,3,0,"No known compromise","NEON.DOC.014045vH","B3+A7PSCzYQNuvhFZNKc8WSB7xvTYEqkan9IJpMz8To=",
"fe37b661-b2b6-4929-83d7-ca33fd3d9e0b","TREE_015.tickPlot.tck","D05","TREE","TREE_015","distributed","mixedForest",45.485626,-89.554320,"WGS84",20.3,462.1,0.6,"2017-06-13T18:38Z","TREE.2017.25","TREE_015.20170613",,"drag and flag",160,"Y",3,3,47,"No known compromise","NEON.DOC.014045vH","U7RagQbUX4u+dLtUkT/w+eKoYvmR7sAlnCu38Rw8Rm0=",
"3bd99d27-b4f1-4b6a-a58a-d6bfd340de0e","TREE_017.tickPlot.tck","D05","TREE","TREE_017","distributed","deciduousForest",45.493376,-89.575729,"WGS84",20.1,466.2,0.2,"2017-06-13T18:46Z","TREE.2017.25","TREE_017.20170613",,"flag",170,"Y",0,14,71,"No known compromise","NEON.DOC.014045vH","WXmC7HijdM2NsP75v+4sQyVqwIMmMBb8",
"74510440-06d0-4c4d-a495-3a4910663f5d","TREE_019.tickPlot.tck","D05","TREE","TREE_019","distributed","mixedForest",45.494788,-89.575812,"WGS84",20.3,466.2,0.5,"2017-06-13T20:22Z","TREE.2017.25","TREE_019.20170613",,"flag",165,"Y",1,11,264,"No known compromise","NEON.DOC.014045vH","tGnUz0GPV2kgdSfOkOVX8+cwFgPS8HIHsKHNPKuVkj8=",
