uid,namedLocation,plotID,collectDate,identifiedDate,sampleID,subsampleID,scientificName,acceptedTaxonID,taxonRank,family,subfamily,tribe,subtribe,genus,subgenus,specificEpithet,infraspecificEpithet,identificationQualifier,identificationReferences,identificationProtocolVersion,scientificNameAuthorship,sexOrAge,individualCount,sampleCondition,archiveMedium,archiveFacilityID,deprecatedVialID,identifiedBy,laboratoryName,remarks
"b0c9d42f-afe3-4e25-bcc6-48e601b252ea","TREE_022.tickPlot.tck","TREE_022","2017-06-13T16:20Z","2018-03-10T17:00Z","TREE_022.20170613","TREE_022.20170613.IXOSCA.N","Ixodes scapularis","IXOSCA","species","Ixodidae",,,,"Ixodes",,"scapularis",,,"Cooley, R. A. and G. M. Kohls. 1945. The genus Ixodes in North America. National Institute of Health Bulletin, 184.","GSU_tickIdentification_SOP_2016-11-01.pdf","Say","Nymph",12,"OK","90% ethanol","USNMENT01430162","TREE_022.20170613.IXOSCA.N","Lorenza Beati","Georgia Southern University",
"16eeb634-a5aa-4fcf-99c4-3eeb651017c5","TREE_022.tickPlot.tck","TREE_022","2017-06-13T16:20Z","2018-03-10T17:00Z","TREE_022.20170613","TREE_022.20170613.DERVAR.F","Dermacentor variabilis","DERVAR","species","Ixodidae",,,,"Dermacentor",,"variabilis",,,"Yunker, C. E., Keirans, J. E., Clifford, C. M., and E. R. Easton. 1986. Dermacentor ticks (Acari: Ixodoidea: Ixodidae) of the New World: a scanning electron microscope atlas. Proceedings of the Entomological Society of Washington, 88(4):609-627.","GSU_tickIdentification_SOP_2016-11-01.pdf","Say","Female",1,"OK","90% ethanol","USNMENT01430157","TREE_022.20170613.DERVAR.F","Lorenza Beati","Georgia Southern University",
"baa6eb4a-d596-4837-ad2d-3c791a1ad928","TREE_022.tickPlot.tck","TREE_022","2017-06-13T16:20Z","2018-03-10T17:00Z","TREE_022.20170613","TREE_022.20170613.IXOSP.L","Ixodidae sp.","IXOSP","family","Ixodidae",,,,,,"sp.",,,,"GSU_tickIdentification_SOP_2016-11-01.pdf",,"Larva",1,"OK","90% ethanol","USNMENT01430167","TREE_022.20170613.L","Lorenza Beati","Georgia Southern University",
"a1e7e80e-222e-45df-b370-3bd976832a3e","TREE_007.tickPlot.tck","TREE_007","2017-06-13T17:08Z","2018-03-11T16:00Z","TREE_007.20170613","TREE_007.20170613.IXOSCA.N","Ixodes scapularis","IXOSCA","species","Ixodidae",,,,"Ixodes",,"scapularis",,,"Cooley, R. A. and G. M. Kohls. 1945. The genus Ixodes in North America. National Institute of Health Bulletin, 184.","GSU_tickIdentification_SOP_2016-11-01.pdf","Say","Nymph",3,"OK","90% ethanol","USNMENT01430119","TREE_007.20170613.IXOSCA.N","Lorenza Beati","Georgia Southern University",
"ce3a8bbc-6b8b-4a72-81ec-4a1296cb63dc","TREE_007.tickPlot.tck","TREE_007","2017-06-13T17:08Z","2018-03-11T16:00Z","TREE_007.20170613","TREE_007.20170613.IXOSCA.F","Ixodes scapularis","IXOSCA","species","Ixodidae",,,,"Ixodes",,"scapularis",,,"Cooley, R. A. and G. M. Kohls. 1945. The genus Ixodes in North America. National Institute of Health Bulletin, 184.","GSU_tickIdentification_SOP_2016-11-01.pdf","Say","Female",1,"OK","90% ethanol","USNMENT01430114","TREE_007.20170613.IXOSCA.F","Lorenza Beati","Georgia Southern University",
"9f4aa2f8-ee7c-465f-967b-bd10c520ca9c","TREE_015.tickPlot.tck","TREE_015","2017-06-13T18:38Z","2018-03-11T16:00Z","TREE_015.20170613","TREE_015.20170613.IXOSCA.N","Ixodes scapularis","IXOSCA","species","Ixodidae",,,,"Ixodes",,"scapularis",,,"Cooley, R. A. and G. M. Kohls. 1945. The genus Ixodes in North America. National Institute of Health Bulletin, 184.","GSU_tickIdentification_SOP_2016-11-01.pdf","Say","Nymph",3,"OK","90% ethanol","USNMENT01430131","TREE_015.20170613.IXOSCA.N","Lorenza Beati","Georgia Southern University",
"d2360892-ab83-4ac0-b7df-dc58342684bf","TREE_015.tickPlot.tck","TREE_015","2017-06-13T18:38Z","2018-03-11T16:00Z","TREE_015.20170613","TREE_015.20170613.IXOSP.L","Ixodidae sp.","IXOSP","family","Ixodidae",,,,,,"sp.",,,,"GSU_tickIdentification_SOP_2016-11-01.pdf",,"Larva",1,"OK","90% ethanol","USNMENT01430136","TREE_015.20170613.L","Lorenza Beati","Georgia Southern University",
"2e5c9581-4190-49c8-b890-8f4d4cc8c637","TREE_015.tickPlot.tck","TREE_015","2017-06-13T18:38Z","2018-03-11T16:00Z","TREE_015.20170613","TREE_015.20170613.DERVAR.M","Dermacentor variabilis","DERVAR","species","Ixodidae",,,,"Dermacentor",,"variabilis",,,"Yunker, C. E., Keirans, J. E., Clifford, C. M., and E. R. Easton. 1986. Dermacentor ticks (Acari: Ixodoidea: Ixodidae) of the New World: a scanning electron microscope atlas. Proceedings of the Entomological Society of Washington, 88(4):609-627.","GSU_tickIdentification_SOP_2016-11-01.pdf","Say","Male",3,"OK","90% ethanol","USNMENT01430126","TREE_015.20170613.DERVAR.M","Lorenza Beati","Georgia Southern University",
"8d9aa745-08fc-49cb-91c2-f2c44e006c5c","TREE_017.tickPlot.tck","TREE_017","2017-06-13T18:46Z","2018-03-11T16:00Z","TREE_017.20170613","TREE_017.20170613.IXOSCA.N","Ixodes scapularis","IXOSCA","species","Ixodidae",,,,"Ixodes",,"scapularis",,,"Cooley, R. A. and G. M. Kohls. 1945. The genus Ixodes in North America. National Institute of Health Bulletin, 184.","GSU_tickIdentification_SOP_2016-11-01.pdf","Say","Nymph",14,"OK","90% ethanol","USNMENT01430124","TREE_017.20170613.IXOSCA.N","Lorenza Beati","Georgia Southern University",
"ad98f99d-3d17-4d8f-9740-9fc54d7ce24b","TREE_017.tickPlot.tck","TREE_017","2017-06-13T18:46Z","2018-03-11T16:00Z","TREE_017.20170613","TREE_017.20170613.IXOSP.L","Ixodidae sp.","IXOSP","family","Ixodidae",,,,,,"sp.",,,,"GSU_tickIdentification_SOP_2016-11-01.pdf",,"Larva",1,"OK","90% ethanol","USNMENT01430129","TREE_017.20170613.L","Lorenza Beati","Georgia Southern University",
"7bbaf80c-9696-455f-8252-f286eb5ad2f1","TREE_019.tickPlot.tck","TREE_019","2017-06-13T20:22Z","2018-03-11T16:00Z","TREE_019.20170613","TREE_019.20170613.IXOSCA.N","Ixodes scapularis","IXOSCA","species","Ixodidae",,,,"Ixodes",,"scapularis",,,"Cooley, R. A. and G. M. Kohls. 1945. The genus Ixodes in North America. National Institute of Health Bulletin, 184.","GSU_tickIdentification_SOP_2016-11-01.pdf","Say","Nymph",12,"OK","90% ethanol","USNMENT01430182","TREE_019.20170613.IXOSCA.N","Lorenza Beati","Georgia Southern University",
"4170daa9-1ae7-4511-9a20-8f90548f38af","TREE_019.tickPlot.tck","TREE_019","2017-06-13T20:22Z","2018-03-11T16:00Z","TREE_019.20170613","TREE_019.20170613.DERVAR.M","Dermacentor variabilis","DERVAR","species","Ixodidae",,,,"Dermacentor",,"variabilis",,,"Yunker, C. E., Keirans, J. E., Clifford, C. M., and E. R. Easton. 1986. Dermacentor ticks (Acari: Ixodoidea: Ixodidae) of the New World: a scanning electron microscope atlas. Proceedings of the Entomological Society of Washington, 88(4):609-627.","GSU_tickIdentification_SOP_2016-11-01.pdf","Say","Male",1,"OK","90% ethanol","USNMENT01430172","TREE_019.20170613.DERVAR.M","Lorenza Beati","Georgia Southern University",
"ca27ff08-0aab-4aa3-988c-82a1ce8b9c3e","TREE_019.tickPlot.tck","TREE_019","2017-06-13T20:22Z","2018-03-11T16:00Z","TREE_019.20170613","TREE_019.20170613.IXOSP.L","Ixodidae sp.","IXOSP","family","Ixodidae",,,,,,"sp.",,,,"GSU_tickIdentification_SOP_2016-11-01.pdf",,"Larva",1,"OK","90% ethanol","USNMENT01430177","TREE_019.20170613.L","Lorenza Beati","Georgia Southern University",
