uid,namedLocation,domainID,siteID,plotID,plotType,nlcdClass,decimalLatitude,decimalLongitude,geodeticDatum,coordinateUncertainty,elevation,elevationUncertainty,collectDate,eventID,sampleID,sampleCode,samplingMethod,totalSampledArea,targetTaxaPresent,adultCount,nymphCount,larvaCount,sampleCondition,samplingProtocolVersion,measuredBy,remarks
"12c81d4b-89cc-43fb-b6fd-edaa2594847d","DELA_001.tickPlot.tck","D08","DELA","DELA_001","distributed","woodyWetlands",32.533269,-87.805425,"WGS84",20.2,27.5,0.3,"2015-11-16T17:07Z","DELA.2015.46",,,"drag",162,"N",0,0,,,"NEON.DOC.014045vF","zAuTdQ8TLTOCAVE+XhtWnklq56XAz8bt",
"2acd89f9-e3b6-4d3f-9d85-95dedaa5b567","DELA_008.tickPlot.tck","D08","DELA","DELA_008","distributed","woodyWetlands",32.538884,-87.814145,"WGS84",20.1,24.5,0.2,"2015-11-16T17:37Z","DELA.2015.46",,,"drag and flag",160,"N",0,0,,,"NEON.DOC.014045vF","XIk3CMH/VT2ztcDIBBKNwssfFUwUsihU",
"2d2989f4-1cec-4aaf-9ab0-eec9f9da53a0","DELA_005.tickPlot.tck","D08","DELA","DELA_005","distributed","woodyWetlands",32.524379,-87.813851,"WGS84",20.1,27.0,0.3,"2015-11-16T17:51Z","DELA.2015.46",,,"drag and flag",164,"N",0,0,,,"NEON.DOC.014045vF","zAuTdQ8TLTOCAVE+XhtWnklq56XAz8bt",
"4db69408-3a78-4d5e-91aa-5f5e38c2e7c7","DELA_016.tickPlot.tck","D08","DELA","DELA_016","distributed","evergreenForest",32.536850,-87.806995,"WGS84",20.2,23.6,0.3,"2015-11-16T18:11Z","DELA.2015.46",,,"drag",160,"N",0,0,,,"NEON.DOC.014045vF","XIk3CMH/VT2ztcDIBBKNwssfFUwUsihU",
"b5a4dd56-b8ee-4961-80ae-1d98f53c5a44","DELA_014.tickPlot.tck","D08","DELA","DELA_014","distributed","evergreenForest",32.530627,-87.819367,"WGS84",20.2,33.0,0.2,"2015-11-16T18:50Z","DELA.2015.46",,,"drag",157,"N",0,0,,,"NEON.DOC.014045vF","zAuTdQ8TLTOCAVE+XhtWnklq56XAz8bt",
"b14b9143-1625-4949-b061-5a1221e5fc0b","DELA_007.tickPlot.tck","D08","DELA","DELA_007","distributed","woodyWetlands",32.538957,-87.799922,"WGS84",20.2,25.7,0.2,"2015-11-16T19:02Z","DELA.2015.46",,,"drag and flag",160,"N",0,0,,,"NEON.DOC.014045vF","XIk3CMH/VT2ztcDIBBKNwssfFUwUsihU",
