uid,namedLocation,plotID,collectDate,identifiedDate,sampleID,subsampleID,scientificName,acceptedTaxonID,taxonRank,family,subfamily,tribe,subtribe,genus,subgenus,specificEpithet,infraspecificEpithet,identificationQualifier,identificationReferences,identificationProtocolVersion,scientificNameAuthorship,sexOrAge,individualCount,sampleCondition,archiveMedium,archiveFacilityID,deprecatedVialID,identifiedBy,laboratoryName,remarks
"0e956c3a-2ea2-482c-b494-ab7c02c122d6","TREE_007.tickPlot.tck","TREE_007","2017-05-03T15:35Z","2018-01-13T17:00Z","TREE_007.20170503","TREE_007.20170503.IXOSCA.M","Ixodes scapularis","IXOSCA","species","Ixodidae",,,,"Ixodes",,"scapularis",,,"Cooley, R. A. and G. M. Kohls. 1945. The genus Ixodes in North America. National Institute of Health Bulletin, 184.","GSU_tickIdentification_SOP_2016-11-01.pdf","Say","Male",1,"OK","90% ethanol","USNMENT01358149","TREE_007.20170503.IXOSCA.M","Lorenza Beati","Georgia Southern University",
"d8e76a5c-942c-452c-b167-e2ca423af1a4","TREE_007.tickPlot.tck","TREE_007","2017-05-03T15:35Z","2018-01-13T17:00Z","TREE_007.20170503","TREE_007.20170503.IXOSCA.F","Ixodes scapularis","IXOSCA","species","Ixodidae",,,,"Ixodes",,"scapularis",,,"Cooley, R. A. and G. M. Kohls. 1945. The genus Ixodes in North America. National Institute of Health Bulletin, 184.","GSU_tickIdentification_SOP_2016-11-01.pdf","Say","Female",1,"OK","90% ethanol","USNMENT01358150","TREE_007.20170503.IXOSCA.F","Lorenza Beati","Georgia Southern University",
"05b8bee0-52d0-4dbb-b9fd-bec8df8c4b1d","TREE_015.tickPlot.tck","TREE_015","2017-05-03T16:41Z","2018-01-13T17:00Z","TREE_015.20170503","TREE_015.20170503.IXOSCA.F","Ixodes scapularis","IXOSCA","species","Ixodidae",,,,"Ixodes",,"scapularis",,,"Cooley, R. A. and G. M. Kohls. 1945. The genus Ixodes in North America. National Institute of Health Bulletin, 184.","GSU_tickIdentification_SOP_2016-11-01.pdf","Say","Female",1,"OK","90% ethanol","USNMENT01358151","TREE_015.20170503.IXOSCA.F","Lorenza Beati","Georgia Southern University",
"afdfcf18-c00c-4fe8-adc1-df168a00de14","TREE_015.tickPlot.tck","TREE_015","2017-05-03T16:41Z","2018-01-13T17:00Z","TREE_015.20170503","TREE_015.20170503.DERVAR.F","Dermacentor variabilis","DERVAR","species","Ixodidae",,,,"Dermacentor",,"variabilis",,,"Yunker, C. E., Keirans, J. E., Clifford, C. M., and E. R. Easton. 1986. Dermacentor ticks (Acari: Ixodoidea: Ixodidae) of the New World: a scanning electron microscope atlas. Proceedings of the Entomological Society of Washington, 88(4):609-627.","GSU_tickIdentification_SOP_2016-11-01.pdf","Say","Female",1,"OK","90% ethanol","USNMENT01358152","TREE_015.20170503.DERVAR.F","Lorenza Beati","Georgia Southern University","TO PAULA"
"f524fa5d-ac4c-4f7d-a813-39bb3d6a97aa","TREE_017.tickPlot.tck","TREE_017","2017-05-03T16:59Z","2018-01-13T17:00Z","TREE_017.20170503","TREE_017.20170503.DERVAR.M","Dermacentor variabilis","DERVAR","species","Ixodidae",,,,"Dermacentor",,"variabilis",,,"Yunker, C. E., Keirans, J. E., Clifford, C. M., and E. R. Easton. 1986. Dermacentor ticks (Acari: Ixodoidea: Ixodidae) of the New World: a scanning electron microscope atlas. Proceedings of the Entomological Society of Washington, 88(4):609-627.","GSU_tickIdentification_SOP_2016-11-01.pdf","Say","Male",2,"OK","90% ethanol","USNMENT01358153","TREE_017.20170503.DERVAR.M","Lorenza Beati","Georgia Southern University","TO PAULA"
"e224dde4-0f5a-4fa9-a2c8-634e01260d4a","TREE_019.tickPlot.tck","TREE_019","2017-05-03T17:58Z","2018-01-13T17:00Z","TREE_019.20170503","TREE_019.20170503.IXOSCA.F","Ixodes scapularis","IXOSCA","species","Ixodidae",,,,"Ixodes",,"scapularis",,,"Cooley, R. A. and G. M. Kohls. 1945. The genus Ixodes in North America. National Institute of Health Bulletin, 184.","GSU_tickIdentification_SOP_2016-11-01.pdf","Say","Female",1,"OK","90% ethanol","USNMENT01358155","TREE_019.20170503.IXOSCA.F","Lorenza Beati","Georgia Southern University",
"08280e7a-9cf5-4632-81bf-56538250827f","TREE_019.tickPlot.tck","TREE_019","2017-05-03T17:58Z","2018-01-13T17:00Z","TREE_019.20170503","TREE_019.20170503.DERVAR.M","Dermacentor variabilis","DERVAR","species","Ixodidae",,,,"Dermacentor",,"variabilis",,,"Yunker, C. E., Keirans, J. E., Clifford, C. M., and E. R. Easton. 1986. Dermacentor ticks (Acari: Ixodoidea: Ixodidae) of the New World: a scanning electron microscope atlas. Proceedings of the Entomological Society of Washington, 88(4):609-627.","GSU_tickIdentification_SOP_2016-11-01.pdf","Say","Male",1,"OK","90% ethanol","USNMENT01358154","TREE_019.20170503.DERVAR.M","Lorenza Beati","Georgia Southern University","TO PAULA"
"cf57bd87-67ae-406d-bb1b-5adba8a9f23c","TREE_022.tickPlot.tck","TREE_022","2017-05-03T21:52Z","2018-01-13T17:00Z","TREE_022.20170503","TREE_022.20170503.IXOSCA.M","Ixodes scapularis","IXOSCA","species","Ixodidae",,,,"Ixodes",,"scapularis",,,"Cooley, R. A. and G. M. Kohls. 1945. The genus Ixodes in North America. National Institute of Health Bulletin, 184.","GSU_tickIdentification_SOP_2016-11-01.pdf","Say","Male",1,"OK","90% ethanol","USNMENT01358156","TREE_022.20170503.IXOSCA.M","Lorenza Beati","Georgia Southern University",
"65c0f27d-8ced-4010-b329-d956f76591d2","TREE_019.tickPlot.tck","TREE_019","2017-05-25T15:42Z","2018-01-13T17:00Z","TREE_019.20170525","TREE_019.20170525.DERVAR.F","Dermacentor variabilis","DERVAR","species","Ixodidae",,,,"Dermacentor",,"variabilis",,,"Yunker, C. E., Keirans, J. E., Clifford, C. M., and E. R. Easton. 1986. Dermacentor ticks (Acari: Ixodoidea: Ixodidae) of the New World: a scanning electron microscope atlas. Proceedings of the Entomological Society of Washington, 88(4):609-627.","GSU_tickIdentification_SOP_2016-11-01.pdf","Say","Female",1,"OK","90% ethanol","USNMENT01358171","TREE_019.20170525.DERVAR.F","Lorenza Beati","Georgia Southern University","TO PAULA"
"b57d0972-ee49-4203-b384-6c7fc86bd392","TREE_019.tickPlot.tck","TREE_019","2017-05-25T15:42Z","2018-01-13T17:00Z","TREE_019.20170525","TREE_019.20170525.DERVAR.M","Dermacentor variabilis","DERVAR","species","Ixodidae",,,,"Dermacentor",,"variabilis",,,"Yunker, C. E., Keirans, J. E., Clifford, C. M., and E. R. Easton. 1986. Dermacentor ticks (Acari: Ixodoidea: Ixodidae) of the New World: a scanning electron microscope atlas. Proceedings of the Entomological Society of Washington, 88(4):609-627.","GSU_tickIdentification_SOP_2016-11-01.pdf","Say","Male",1,"OK","90% ethanol","USNMENT01358169","TREE_019.20170525.DERVAR.M","Lorenza Beati","Georgia Southern University","TO PAULA"
"40bcdd2c-6dc6-4d9d-8801-3bc44a5985dd","TREE_019.tickPlot.tck","TREE_019","2017-05-25T15:42Z","2018-01-13T17:00Z","TREE_019.20170525","TREE_019.20170525.IXOSCA.M","Ixodes scapularis","IXOSCA","species","Ixodidae",,,,"Ixodes",,"scapularis",,,"Cooley, R. A. and G. M. Kohls. 1945. The genus Ixodes in North America. National Institute of Health Bulletin, 184.","GSU_tickIdentification_SOP_2016-11-01.pdf","Say","Male",1,"OK","90% ethanol","USNMENT01358170","TREE_019.20170525.IXOSCA.M","Lorenza Beati","Georgia Southern University",
"eb14fbc5-3d0a-4801-a894-3d297768c2ce","TREE_019.tickPlot.tck","TREE_019","2017-05-25T15:42Z","2018-01-13T17:00Z","TREE_019.20170525","TREE_019.20170525.IXOSCA.N","Ixodes scapularis","IXOSCA","species","Ixodidae",,,,"Ixodes",,"scapularis",,,"Cooley, R. A. and G. M. Kohls. 1945. The genus Ixodes in North America. National Institute of Health Bulletin, 184.","GSU_tickIdentification_SOP_2016-11-01.pdf","Say","Nymph",17,"OK","90% ethanol","USNMENT01358172","TREE_019.20170525.IXOSCA.N","Lorenza Beati","Georgia Southern University",
"bcf45e2c-7192-48b3-b05f-7914ea9c5f34","TREE_017.tickPlot.tck","TREE_017","2017-05-25T16:56Z","2018-01-13T17:00Z","TREE_017.20170525","TREE_017.20170525.DERVAR.F","Dermacentor variabilis","DERVAR","species","Ixodidae",,,,"Dermacentor",,"variabilis",,,"Yunker, C. E., Keirans, J. E., Clifford, C. M., and E. R. Easton. 1986. Dermacentor ticks (Acari: Ixodoidea: Ixodidae) of the New World: a scanning electron microscope atlas. Proceedings of the Entomological Society of Washington, 88(4):609-627.","GSU_tickIdentification_SOP_2016-11-01.pdf","Say","Female",1,"OK","90% ethanol","USNMENT01358167","TREE_017.20170525.DERVAR.F","Lorenza Beati","Georgia Southern University","TO PAULA"
"9c25e747-0106-447f-9412-1ee2ff58b1bd","TREE_017.tickPlot.tck","TREE_017","2017-05-25T16:56Z","2018-01-13T17:00Z","TREE_017.20170525","TREE_017.20170525.IXOSCA.N","Ixodes scapularis","IXOSCA","species","Ixodidae",,,,"Ixodes",,"scapularis",,,"Cooley, R. A. and G. M. Kohls. 1945. The genus Ixodes in North America. National Institute of Health Bulletin, 184.","GSU_tickIdentification_SOP_2016-11-01.pdf","Say","Nymph",12,"OK","90% ethanol","USNMENT01358164","TREE_017.20170525.IXOSCA.N","Lorenza Beati","Georgia Southern University",
"b9deddf3-26a8-4f0e-b296-90546512855a","TREE_017.tickPlot.tck","TREE_017","2017-05-25T16:56Z","2018-01-13T17:00Z","TREE_017.20170525","TREE_017.20170525.DERVAR.M","Dermacentor variabilis","DERVAR","species","Ixodidae",,,,"Dermacentor",,"variabilis",,,"Yunker, C. E., Keirans, J. E., Clifford, C. M., and E. R. Easton. 1986. Dermacentor ticks (Acari: Ixodoidea: Ixodidae) of the New World: a scanning electron microscope atlas. Proceedings of the Entomological Society of Washington, 88(4):609-627.","GSU_tickIdentification_SOP_2016-11-01.pdf","Say","Male",1,"OK","90% ethanol","USNMENT01358165","TREE_017.20170525.DERVAR.M","Lorenza Beati","Georgia Southern University","TO PAULA"
"db2c8742-90be-4ca2-903b-ae4b2700c0d7","TREE_017.tickPlot.tck","TREE_017","2017-05-25T16:56Z","2018-01-13T17:00Z","TREE_017.20170525","TREE_017.20170525.IXOSCA.F","Ixodes scapularis","IXOSCA","species","Ixodidae",,,,"Ixodes",,"scapularis",,,"Cooley, R. A. and G. M. Kohls. 1945. The genus Ixodes in North America. National Institute of Health Bulletin, 184.","GSU_tickIdentification_SOP_2016-11-01.pdf","Say","Female",1,"OK","90% ethanol","USNMENT01358168","TREE_017.20170525.IXOSCA.F","Lorenza Beati","Georgia Southern University",
"fd276926-eeff-4a24-828f-e39bec9be9d0","TREE_017.tickPlot.tck","TREE_017","2017-05-25T16:56Z","2018-01-13T17:00Z","TREE_017.20170525","TREE_017.20170525.IXOSCA.M","Ixodes scapularis","IXOSCA","species","Ixodidae",,,,"Ixodes",,"scapularis",,,"Cooley, R. A. and G. M. Kohls. 1945. The genus Ixodes in North America. National Institute of Health Bulletin, 184.","GSU_tickIdentification_SOP_2016-11-01.pdf","Say","Male",1,"OK","90% ethanol","USNMENT01358166","TREE_017.20170525.IXOSCA.M","Lorenza Beati","Georgia Southern University",
"17c84704-7fe9-4372-8051-f8018772ba0e","TREE_007.tickPlot.tck","TREE_007","2017-05-25T18:28Z","2018-01-13T17:00Z","TREE_007.20170525","TREE_007.20170525.IXOSCA.F","Ixodes scapularis","IXOSCA","species","Ixodidae",,,,"Ixodes",,"scapularis",,,"Cooley, R. A. and G. M. Kohls. 1945. The genus Ixodes in North America. National Institute of Health Bulletin, 184.","GSU_tickIdentification_SOP_2016-11-01.pdf","Say","Female",1,"OK","90% ethanol","USNMENT01358161","TREE_007.20170525.IXOSCA.F","Lorenza Beati","Georgia Southern University",
"0c4c8215-8d53-4d59-896a-401a70666c4a","TREE_007.tickPlot.tck","TREE_007","2017-05-25T18:28Z","2018-01-13T17:00Z","TREE_007.20170525","TREE_007.20170525.IXOSCA.N","Ixodes scapularis","IXOSCA","species","Ixodidae",,,,"Ixodes",,"scapularis",,,"Cooley, R. A. and G. M. Kohls. 1945. The genus Ixodes in North America. National Institute of Health Bulletin, 184.","GSU_tickIdentification_SOP_2016-11-01.pdf","Say","Nymph",6,"OK","90% ethanol","USNMENT01358160","TREE_007.20170525.IXOSCA.N","Lorenza Beati","Georgia Southern University",
"fb096c23-36a3-4ddb-96fa-f0785b35b826","TREE_005.tickPlot.tck","TREE_005","2017-05-25T18:51Z","2018-01-13T17:00Z","TREE_005.20170525","TREE_005.20170525.DERVAR.F","Dermacentor variabilis","DERVAR","species","Ixodidae",,,,"Dermacentor",,"variabilis",,,"Yunker, C. E., Keirans, J. E., Clifford, C. M., and E. R. Easton. 1986. Dermacentor ticks (Acari: Ixodoidea: Ixodidae) of the New World: a scanning electron microscope atlas. Proceedings of the Entomological Society of Washington, 88(4):609-627.","GSU_tickIdentification_SOP_2016-11-01.pdf","Say","Female",5,"OK","90% ethanol","USNMENT01358159","TREE_005.20170525.DERVAR.F","Lorenza Beati","Georgia Southern University","TO PAULA"
"3da78dbe-a3af-4d2e-a3b6-28e381b0675a","TREE_005.tickPlot.tck","TREE_005","2017-05-25T18:51Z","2018-01-13T17:00Z","TREE_005.20170525","TREE_005.20170525.DERVAR.M","Dermacentor variabilis","DERVAR","species","Ixodidae",,,,"Dermacentor",,"variabilis",,,"Yunker, C. E., Keirans, J. E., Clifford, C. M., and E. R. Easton. 1986. Dermacentor ticks (Acari: Ixodoidea: Ixodidae) of the New World: a scanning electron microscope atlas. Proceedings of the Entomological Society of Washington, 88(4):609-627.","GSU_tickIdentification_SOP_2016-11-01.pdf","Say","Male",1,"OK","90% ethanol","USNMENT01358158","TREE_005.20170525.DERVAR.M","Lorenza Beati","Georgia Southern University","TO PAULA"
"d0c94f50-05b3-4c41-b683-9f3bf60e850c","TREE_005.tickPlot.tck","TREE_005","2017-05-25T18:51Z","2018-01-13T17:00Z","TREE_005.20170525","TREE_005.20170525.IXOSP.L","Ixodidae sp.","IXOSP","family","Ixodidae",,,,,,"sp.",,,,"GSU_tickIdentification_SOP_2016-11-01.pdf",,"Larva",1,"OK","90% ethanol","USNMENT01358157","TREE_005.20170525.L","Lorenza Beati","Georgia Southern University",
"ddd49114-f2f2-4c76-8e9d-851bcc2f24b6","TREE_022.tickPlot.tck","TREE_022","2017-05-25T19:15Z","2018-01-13T17:00Z","TREE_022.20170525","TREE_022.20170525.IXOSCA.N","Ixodes scapularis","IXOSCA","species","Ixodidae",,,,"Ixodes",,"scapularis",,,"Cooley, R. A. and G. M. Kohls. 1945. The genus Ixodes in North America. National Institute of Health Bulletin, 184.","GSU_tickIdentification_SOP_2016-11-01.pdf","Say","Nymph",1,"OK","90% ethanol","USNMENT01358174","TREE_022.20170525.IXOSCA.N","Lorenza Beati","Georgia Southern University",
"a732a63c-26d1-4113-8ed6-6b12857ada65","TREE_022.tickPlot.tck","TREE_022","2017-05-25T19:15Z","2018-01-13T17:00Z","TREE_022.20170525","TREE_022.20170525.DERVAR.F","Dermacentor variabilis","DERVAR","species","Ixodidae",,,,"Dermacentor",,"variabilis",,,"Yunker, C. E., Keirans, J. E., Clifford, C. M., and E. R. Easton. 1986. Dermacentor ticks (Acari: Ixodoidea: Ixodidae) of the New World: a scanning electron microscope atlas. Proceedings of the Entomological Society of Washington, 88(4):609-627.","GSU_tickIdentification_SOP_2016-11-01.pdf","Say","Female",1,"OK","90% ethanol","USNMENT01358173","TREE_022.20170525.DERVAR.F","Lorenza Beati","Georgia Southern University",
"9891fec6-cf02-45a1-944c-bf7cae3b7a08","TREE_015.tickPlot.tck","TREE_015","2017-05-25T20:02Z","2018-01-13T17:00Z","TREE_015.20170525","TREE_015.20170525.DERVAR.F","Dermacentor variabilis","DERVAR","species","Ixodidae",,,,"Dermacentor",,"variabilis",,,"Yunker, C. E., Keirans, J. E., Clifford, C. M., and E. R. Easton. 1986. Dermacentor ticks (Acari: Ixodoidea: Ixodidae) of the New World: a scanning electron microscope atlas. Proceedings of the Entomological Society of Washington, 88(4):609-627.","GSU_tickIdentification_SOP_2016-11-01.pdf","Say","Female",1,"OK","90% ethanol","USNMENT01358162","TREE_015.20170525.DERVAR.F","Lorenza Beati","Georgia Southern University","TO PAULA"
"e8846d21-c8f8-47c2-9019-91a5d73676af","TREE_015.tickPlot.tck","TREE_015","2017-05-25T20:02Z","2018-01-13T17:00Z","TREE_015.20170525","TREE_015.20170525.IXOSP.L","Ixodidae sp.","IXOSP","family","Ixodidae",,,,,,"sp.",,,,"GSU_tickIdentification_SOP_2016-11-01.pdf",,"Larva",1,"OK","90% ethanol","USNMENT01358163","TREE_015.20170525.L","Lorenza Beati","Georgia Southern University",
