uid,namedLocation,domainID,siteID,plotID,plotType,nlcdClass,decimalLatitude,decimalLongitude,geodeticDatum,coordinateUncertainty,elevation,elevationUncertainty,collectDate,eventID,sampleID,sampleCode,samplingMethod,totalSampledArea,targetTaxaPresent,adultCount,nymphCount,larvaCount,sampleCondition,samplingProtocolVersion,measuredBy,remarks
"f35775ff-904b-4b88-832f-c606e486e508","TREE_005.tickPlot.tck","D05","TREE","TREE_005","distributed","woodyWetlands",45.482307,-89.557299,"WGS84",20.1,447.6,0.2,"2017-05-03T15:22Z","TREE.2017.19",,,"drag and flag",132,"N",0,0,0,"No known compromise","NEON.DOC.014045vG","ZHEXkzpmequ8bHP4OIc5Sa2i4D1lg2hhgarnFdYG4TU=",
"8d7ad948-10e9-4a7e-b91c-d03ee2e3e8a9","TREE_007.tickPlot.tck","D05","TREE","TREE_007","distributed","deciduousForest",45.496399,-89.559231,"WGS84",20.2,461.3,0.3,"2017-05-03T15:35Z","TREE.2017.19","TREE_007.20170503",,"flag",160,"Y",1,1,0,"No known compromise","NEON.DOC.014045vG","WXmC7HijdM2NsP75v+4sQyVqwIMmMBb8",
"9aed1c0c-19d3-4509-bb47-453193f1cbf0","TREE_015.tickPlot.tck","D05","TREE","TREE_015","distributed","mixedForest",45.485626,-89.554320,"WGS84",20.3,462.1,0.6,"2017-05-03T16:41Z","TREE.2017.19","TREE_015.20170503",,"drag and flag",160,"Y",2,0,0,"No known compromise","NEON.DOC.014045vG","B3+A7PSCzYQNuvhFZNKc8WSB7xvTYEqkan9IJpMz8To=",
"077dc24e-b8ba-4d9e-a669-53ef4ae9a906","TREE_017.tickPlot.tck","D05","TREE","TREE_017","distributed","deciduousForest",45.493376,-89.575729,"WGS84",20.1,466.2,0.2,"2017-05-03T16:59Z","TREE.2017.19","TREE_017.20170503",,"drag and flag",165,"Y",2,0,0,"No known compromise","NEON.DOC.014045vH","WXmC7HijdM2NsP75v+4sQyVqwIMmMBb8",
"ae9462f3-a7eb-4256-94bc-f073e9b889b1","TREE_019.tickPlot.tck","D05","TREE","TREE_019","distributed","mixedForest",45.494788,-89.575812,"WGS84",20.3,466.2,0.5,"2017-05-03T17:58Z","TREE.2017.19","TREE_019.20170503",,"flag",155,"Y",1,1,0,"No known compromise","NEON.DOC.014045vG","WXmC7HijdM2NsP75v+4sQyVqwIMmMBb8",
"c9b6f0a9-2eb1-4469-9d11-316204cfc3d3","TREE_022.tickPlot.tck","D05","TREE","TREE_022","distributed","evergreenForest",45.494513,-89.551239,"WGS84",20.2,458.4,0.2,"2017-05-03T21:52Z","TREE.2017.19","TREE_022.20170503",,"drag and flag",160,"Y",0,1,0,"No known compromise","NEON.DOC.014045vG","ZHEXkzpmequ8bHP4OIc5Sa2i4D1lg2hhgarnFdYG4TU=",
"4337eadb-d535-4a1a-b1a1-0a435d72404b","TREE_019.tickPlot.tck","D05","TREE","TREE_019","distributed","mixedForest",45.494788,-89.575812,"WGS84",20.3,466.2,0.5,"2017-05-25T15:42Z","TREE.2017.22","TREE_019.20170525",,"flag",159,"Y",17,3,0,"No known compromise","NEON.DOC.014045vH","WXmC7HijdM2NsP75v+4sQyVqwIMmMBb8",
"6ff51678-6a80-4fb8-810b-9d85579d2919","TREE_017.tickPlot.tck","D05","TREE","TREE_017","distributed","deciduousForest",45.493376,-89.575729,"WGS84",20.1,466.2,0.2,"2017-05-25T16:56Z","TREE.2017.22","TREE_017.20170525",,"flag",172,"Y",2,4,3,"No known compromise","NEON.DOC.014045vH","WXmC7HijdM2NsP75v+4sQyVqwIMmMBb8",
"4f17f20a-3fd8-4fec-8509-b911ac468f91","TREE_007.tickPlot.tck","D05","TREE","TREE_007","distributed","deciduousForest",45.496399,-89.559231,"WGS84",20.2,461.3,0.3,"2017-05-25T18:28Z","TREE.2017.22","TREE_007.20170525",,"flag",160,"Y",1,0,6,"No known compromise","NEON.DOC.014045vH","WXmC7HijdM2NsP75v+4sQyVqwIMmMBb8",
"721f5858-dc8d-4bbd-9709-a0e03b72da98","TREE_005.tickPlot.tck","D05","TREE","TREE_005","distributed","woodyWetlands",45.482307,-89.557299,"WGS84",20.1,447.6,0.2,"2017-05-25T18:51Z","TREE.2017.22","TREE_005.20170525",,"drag and flag",146,"Y",6,0,11,"No known compromise","NEON.DOC.014045vG","ZHEXkzpmequ8bHP4OIc5Sa2i4D1lg2hhgarnFdYG4TU=",
"0d18e3d0-0ce2-4c9b-a858-f3b445a05491","TREE_022.tickPlot.tck","D05","TREE","TREE_022","distributed","evergreenForest",45.494513,-89.551239,"WGS84",20.2,458.4,0.2,"2017-05-25T19:15Z","TREE.2017.22","TREE_022.20170525",,"flag",160,"Y",1,1,0,"No known compromise","NEON.DOC.014045vH","WXmC7HijdM2NsP75v+4sQyVqwIMmMBb8",
"54c8c73f-bc0e-4bce-bf02-03b1e3cf19dd","TREE_015.tickPlot.tck","D05","TREE","TREE_015","distributed","mixedForest",45.485626,-89.554320,"WGS84",20.3,462.1,0.6,"2017-05-25T20:02Z","TREE.2017.22","TREE_015.20170525",,"drag and flag",160,"Y",1,0,1,"No known compromise","NEON.DOC.014045vG","ZHEXkzpmequ8bHP4OIc5Sa2i4D1lg2hhgarnFdYG4TU=",
