uid,namedLocation,domainID,siteID,plotID,plotType,nlcdClass,decimalLatitude,decimalLongitude,geodeticDatum,coordinateUncertainty,elevation,elevationUncertainty,collectDate,eventID,sampleID,sampleCode,samplingMethod,totalSampledArea,targetTaxaPresent,adultCount,nymphCount,larvaCount,sampleCondition,samplingProtocolVersion,measuredBy,remarks
"9894f2b8-106f-4cb7-a622-2fc81f7d432c","WOOD_007.tickPlot.tck","D09","WOOD","WOOD_007","distributed","grasslandHerbaceous",47.133887,-99.251357,"WGS84",20.4,593.6,0.3,"2017-06-14T05:03Z","WOOD.2017.25","WOOD_007.20170614",,"drag and flag",160,"Y",12,1,0,"No known compromise","NEON.DOC.014045vH","NNG4CGJN6OzYvWHycqiE1LgjVqSM9jPDUsLoHXg700Y=",
"5201dc59-cd81-4866-a1f0-08eadb9ef4d8","WOOD_024.tickPlot.tck","D09","WOOD","WOOD_024","distributed","emergentHerbaceousWetlands",47.150784,-99.260836,"WGS84",20.1,586.1,0.2,"2017-06-14T15:08Z","WOOD.2017.25",,,"flag",160,"N",0,0,0,"No known compromise","NEON.DOC.014045vH","P8Bzc6akoU2s2mU5DxZRUILjrhVcOBcRQZ+yWV/kCkM=",
"d9795f37-8a0a-4276-9bba-4a705f28dc67","WOOD_001.tickPlot.tck","D09","WOOD","WOOD_001","distributed","grasslandHerbaceous",47.127200,-99.256464,"WGS84",20.1,593.8,0.2,"2017-06-14T16:12Z","WOOD.2017.25","WOOD_001.20170614",,"drag",160,"Y",1,0,0,"No known compromise","NEON.DOC.014045vH","P8Bzc6akoU2s2mU5DxZRUILjrhVcOBcRQZ+yWV/kCkM=",
"02e00979-aaf8-41b6-8b89-1055d49add3d","WOOD_006.tickPlot.tck","D09","WOOD","WOOD_006","distributed","grasslandHerbaceous",47.141023,-99.248055,"WGS84",20.1,587.2,0.1,"2017-06-14T17:51Z","WOOD.2017.25","WOOD_006.20170614",,"drag and flag",170,"Y",5,0,0,"No known compromise","NEON.DOC.014045vH","P8Bzc6akoU2s2mU5DxZRUILjrhVcOBcRQZ+yWV/kCkM=","Got off track and could not find SE corner rig ht away"
"e98e240f-474d-4d50-957e-79cdef7588a3","WOOD_002.tickPlot.tck","D09","WOOD","WOOD_002","distributed","grasslandHerbaceous",47.136802,-99.234546,"WGS84",20.1,578.3,0.1,"2017-06-14T18:38Z","WOOD.2017.25","WOOD_002.20170614",,"drag and flag",160,"Y",2,0,0,"No known compromise","NEON.DOC.014045vH","NNG4CGJN6OzYvWHycqiE1LgjVqSM9jPDUsLoHXg700Y=",
"c27a1a06-a955-4735-a22e-5814a4f72618","WOOD_009.tickPlot.tck","D09","WOOD","WOOD_009","distributed","grasslandHerbaceous",47.144534,-99.231072,"WGS84",20.1,573.5,0.2,"2017-06-14T19:12Z","WOOD.2017.25","WOOD_009.20170614",,"drag",160,"Y",1,0,0,"No known compromise","NEON.DOC.014045vH","P8Bzc6akoU2s2mU5DxZRUILjrhVcOBcRQZ+yWV/kCkM=",
