uid,namedLocation,plotID,collectDate,identifiedDate,sampleID,subsampleID,scientificName,acceptedTaxonID,taxonRank,family,subfamily,tribe,subtribe,genus,subgenus,specificEpithet,infraspecificEpithet,identificationQualifier,identificationReferences,identificationProtocolVersion,scientificNameAuthorship,sexOrAge,individualCount,sampleCondition,archiveMedium,archiveFacilityID,deprecatedVialID,identifiedBy,laboratoryName,remarks
"a0a67433-4771-479a-8e75-aaf571bdfead","WOOD_007.tickPlot.tck","WOOD_007","2017-06-14T05:03Z","2017-12-14T17:00Z","WOOD_007.20170614","WOOD_007.20170614.DERVAR.M","Dermacentor variabilis","DERVAR","species","Ixodidae",,,,"Dermacentor",,"variabilis",,,"Yunker, C. E., Keirans, J. E., Clifford, C. M., and E. R. Easton. 1986. Dermacentor ticks (Acari: Ixodoidea: Ixodidae) of the New World: a scanning electron microscope atlas. Proceedings of the Entomological Society of Washington, 88(4):609-627.","GSU_tickIdentification_SOP_2016-11-01.pdf","Say","Male",7,"OK","90% ethanol","USNMENT01358509","WOOD_007.20170614.01.DER.VAR.M","Lorenza Beati","Georgia Southern University",
"431cd765-7a23-42fb-b180-44a953498bdc","WOOD_007.tickPlot.tck","WOOD_007","2017-06-14T05:03Z","2017-12-14T17:00Z","WOOD_007.20170614","WOOD_007.20170614.DERVAR.F","Dermacentor variabilis","DERVAR","species","Ixodidae",,,,"Dermacentor",,"variabilis",,,"Yunker, C. E., Keirans, J. E., Clifford, C. M., and E. R. Easton. 1986. Dermacentor ticks (Acari: Ixodoidea: Ixodidae) of the New World: a scanning electron microscope atlas. Proceedings of the Entomological Society of Washington, 88(4):609-627.","GSU_tickIdentification_SOP_2016-11-01.pdf","Say","Female",6,"OK","90% ethanol","USNMENT01358508","WOOD_007.20170614.01.DER.VAR.F","Lorenza Beati","Georgia Southern University",
"0fb18e79-21af-4bee-bea8-4c803230b2c0","WOOD_001.tickPlot.tck","WOOD_001","2017-06-14T16:12Z","2017-12-07T17:00Z","WOOD_001.20170614","WOOD_001.20170614.DERVAR.F","Dermacentor variabilis","DERVAR","species","Ixodidae",,,,"Dermacentor",,"variabilis",,,"Yunker, C. E., Keirans, J. E., Clifford, C. M., and E. R. Easton. 1986. Dermacentor ticks (Acari: Ixodoidea: Ixodidae) of the New World: a scanning electron microscope atlas. Proceedings of the Entomological Society of Washington, 88(4):609-627.","GSU_tickIdentification_SOP_2016-11-01.pdf","Say","Female",1,"OK","90% ethanol","USNMENT01358497","WOOD_001.20170614.01.DER.VAR.F","Lorenza Beati","Georgia Southern University",
"2d687f64-bc7e-4efd-b5d3-069c9a88d66d","WOOD_006.tickPlot.tck","WOOD_006","2017-06-14T17:51Z","2017-12-14T17:00Z","WOOD_006.20170614","WOOD_006.20170614.DERVAR.F","Dermacentor variabilis","DERVAR","species","Ixodidae",,,,"Dermacentor",,"variabilis",,,"Yunker, C. E., Keirans, J. E., Clifford, C. M., and E. R. Easton. 1986. Dermacentor ticks (Acari: Ixodoidea: Ixodidae) of the New World: a scanning electron microscope atlas. Proceedings of the Entomological Society of Washington, 88(4):609-627.","GSU_tickIdentification_SOP_2016-11-01.pdf","Say","Female",5,"OK","90% ethanol","USNMENT01358507","WOOD_006.20170614.01.DER.VAR.F","Lorenza Beati","Georgia Southern University",
"f6b11500-8edf-45d1-9944-5225dab07759","WOOD_002.tickPlot.tck","WOOD_002","2017-06-14T18:38Z","2017-12-07T17:00Z","WOOD_002.20170614","WOOD_002.20170614.DERVAR.M","Dermacentor variabilis","DERVAR","species","Ixodidae",,,,"Dermacentor",,"variabilis",,,"Yunker, C. E., Keirans, J. E., Clifford, C. M., and E. R. Easton. 1986. Dermacentor ticks (Acari: Ixodoidea: Ixodidae) of the New World: a scanning electron microscope atlas. Proceedings of the Entomological Society of Washington, 88(4):609-627.","GSU_tickIdentification_SOP_2016-11-01.pdf","Say","Male",1,"OK","90% ethanol","USNMENT01358499","WOOD_002.20170614.01.DER.VAR.M","Lorenza Beati","Georgia Southern University",
"773e15eb-dbc3-4a86-8c6f-116a7b9592be","WOOD_002.tickPlot.tck","WOOD_002","2017-06-14T18:38Z","2017-12-07T17:00Z","WOOD_002.20170614","WOOD_002.20170614.DERVAR.F","Dermacentor variabilis","DERVAR","species","Ixodidae",,,,"Dermacentor",,"variabilis",,,"Yunker, C. E., Keirans, J. E., Clifford, C. M., and E. R. Easton. 1986. Dermacentor ticks (Acari: Ixodoidea: Ixodidae) of the New World: a scanning electron microscope atlas. Proceedings of the Entomological Society of Washington, 88(4):609-627.","GSU_tickIdentification_SOP_2016-11-01.pdf","Say","Female",1,"OK","90% ethanol","USNMENT01358498","WOOD_002.20170614.01.DER.VAR.F","Lorenza Beati","Georgia Southern University",
"1e14b843-a65f-470f-9405-05d584f09ef8","WOOD_009.tickPlot.tck","WOOD_009","2017-06-14T19:12Z","2017-12-14T17:00Z","WOOD_009.20170614","WOOD_009.20170614.DERVAR.F","Dermacentor variabilis","DERVAR","species","Ixodidae",,,,"Dermacentor",,"variabilis",,,"Yunker, C. E., Keirans, J. E., Clifford, C. M., and E. R. Easton. 1986. Dermacentor ticks (Acari: Ixodoidea: Ixodidae) of the New World: a scanning electron microscope atlas. Proceedings of the Entomological Society of Washington, 88(4):609-627.","GSU_tickIdentification_SOP_2016-11-01.pdf","Say","Female",1,"OK","90% ethanol","USNMENT01358506","WOOD_009.20170614.01.DER.VAR.F","Lorenza Beati","Georgia Southern University",
