uid,namedLocation,domainID,siteID,plotID,plotType,nlcdClass,decimalLatitude,decimalLongitude,geodeticDatum,coordinateUncertainty,elevation,elevationUncertainty,collectDate,eventID,sampleID,sampleCode,samplingMethod,totalSampledArea,targetTaxaPresent,adultCount,nymphCount,larvaCount,sampleCondition,samplingProtocolVersion,measuredBy,remarks
"543475ac-6289-492a-a7b7-fc198e694dbe","JERC_004.tickPlot.tck","D03","JERC","JERC_004","distributed","cultivatedCrops",31.190115,-84.467381,"WGS84",20.1,43.6,0.2,"2018-05-01T19:16Z","JERC.2018.18",,,"drag and flag",150,"N",0,0,0,,"NEON.DOC.014045vJ","q+sogNxuTpaaq3nt4H3feKdAxSnPr68l",
"a9ec669b-1973-44fe-82d8-626b91e1b6e4","JERC_002.tickPlot.tck","D03","JERC","JERC_002","distributed","evergreenForest",31.194065,-84.461537,"WGS84",20.3,56.0,0.5,"2018-05-01T19:36Z","JERC.2018.18",,,"drag and flag",160,"N",0,0,0,,"NEON.DOC.014045vJ","q+sogNxuTpaaq3nt4H3feKdAxSnPr68l",
"9e17afd0-f174-42eb-95af-8757d02d7d6f","JERC_034.tickPlot.tck","D03","JERC","JERC_034","distributed","deciduousForest",31.198824,-84.491213,"WGS84",20.1,44.9,0.2,"2018-05-02T04:57Z","JERC.2018.18",,,"drag and flag",145,"N",0,0,0,,"NEON.DOC.014045vJ","q+sogNxuTpaaq3nt4H3feKdAxSnPr68l",
"2a82494f-9379-4ce5-bc10-8f295a9d8331","JERC_011.tickPlot.tck","D03","JERC","JERC_011","distributed","evergreenForest",31.184787,-84.466700,"WGS84",20.1,40.0,0.1,"2018-05-02T12:37Z","JERC.2018.18",,,"drag and flag",150,"N",0,0,0,,"NEON.DOC.014045vJ","q+sogNxuTpaaq3nt4H3feKdAxSnPr68l",
"0a873c7a-cf73-468b-b250-8e83adc1b257","JERC_010.tickPlot.tck","D03","JERC","JERC_010","distributed","deciduousForest",31.209219,-84.470530,"WGS84",20.2,40.5,0.5,"2018-05-02T13:20Z","JERC.2018.18",,,"drag and flag",164,"N",0,0,0,,"NEON.DOC.014045vJ","q+sogNxuTpaaq3nt4H3feKdAxSnPr68l",
"922e88e5-36cd-4c2b-ae88-65c87976959d","JERC_044.tickPlot.tck","D03","JERC","JERC_044","distributed","mixedForest",31.195549,-84.482479,"WGS84",20.1,42.5,0.1,"2018-05-02T14:26Z","JERC.2018.18",,,"drag and flag",145,"N",0,0,0,,"NEON.DOC.014045vJ","q+sogNxuTpaaq3nt4H3feKdAxSnPr68l",
