uid,namedLocation,domainID,siteID,plotID,plotType,nlcdClass,decimalLatitude,decimalLongitude,geodeticDatum,coordinateUncertainty,elevation,elevationUncertainty,collectDate,eventID,sampleID,sampleCode,samplingMethod,totalSampledArea,targetTaxaPresent,adultCount,nymphCount,larvaCount,sampleCondition,samplingProtocolVersion,measuredBy,remarks
"df4621e1-1e84-4bed-ac5c-f5cfc9792911","DCFS_001.tickPlot.tck","D09","DCFS","DCFS_001","distributed","grasslandHerbaceous",47.209008,-99.165875,"WGS84",20.2,575.5,0.3,"2018-05-16T13:55Z","DCFS.2018.20","DCFS_001.20180516","A00000016601","drag",160,"Y",12,0,0,"No known compromise","NEON.DOC.014045vJ","ttO3TcNJeBpFKuxVEcOp5VTTMvW/HRuUhMb7pJx+1mk=",
"f131cfbe-21b1-4344-a1ad-69444edc0f6c","DCFS_004.tickPlot.tck","D09","DCFS","DCFS_004","distributed","grasslandHerbaceous",47.171933,-99.053166,"WGS84",20.2,505.0,0.8,"2018-05-16T14:17Z","DCFS.2018.20","DCFS_004.20180516","A00000016617","drag",160,"Y",1,0,0,"No known compromise","NEON.DOC.014045vJ","DBOVl9rxkLgMFOR2Mnr0/p6/uPX4nPcb1mGdo/f7mZ0=",
"7511a2b8-befd-4cac-af2e-e05865153feb","DCFS_010.tickPlot.tck","D09","DCFS","DCFS_010","distributed","grasslandHerbaceous",47.209874,-99.173926,"WGS84",20.1,578.4,0.2,"2018-05-16T14:47Z","DCFS.2018.20","DCFS_010.20180516","A00000016613","drag",160,"Y",6,3,0,"Tick count estimated (error and instar specified in remarks)","NEON.DOC.014045vJ","ttO3TcNJeBpFKuxVEcOp5VTTMvW/HRuUhMb7pJx+1mk=","One nymph dropped"
"aa9d354d-dc43-4118-a09d-d8865d7c9378","DCFS_003.tickPlot.tck","D09","DCFS","DCFS_003","distributed","grasslandHerbaceous",47.207478,-99.183538,"WGS84",20.1,591.2,0.2,"2018-05-16T15:37Z","DCFS.2018.20","DCFS_003.20180516","A00000016600","drag and flag",160,"Y",5,3,0,"No known compromise","NEON.DOC.014045vJ","fvR+k5UR8zJMZTn3BMxECTLsw0cwGlZf/IHfr4oVObA=",
"d2151813-7847-426a-8d4b-21b84c522ae7","DCFS_007.tickPlot.tck","D09","DCFS","DCFS_007","distributed","grasslandHerbaceous",47.162946,-99.113801,"WGS84",20.1,567.7,0.2,"2018-05-16T15:46Z","DCFS.2018.20","DCFS_007.20180516","A00000016618","drag",160,"Y",3,0,0,"No known compromise","NEON.DOC.014045vJ","48hv/AdwGIWPxDZycz1ek5cEK4FFchT/Bxrpsdm6akk=",
"095ecb80-1e26-44c3-b79f-6348404f6bcc","DCFS_005.tickPlot.tck","D09","DCFS","DCFS_005","distributed","grasslandHerbaceous",47.199469,-99.166739,"WGS84",20.1,564.6,0.1,"2018-05-16T16:42Z","DCFS.2018.20","DCFS_005.20180516","A00000016611","drag",160,"Y",2,0,0,"No known compromise","NEON.DOC.014045vJ","ttO3TcNJeBpFKuxVEcOp5VTTMvW/HRuUhMb7pJx+1mk=",
