uid,namedLocation,plotID,collectDate,identifiedDate,sampleID,subsampleID,scientificName,acceptedTaxonID,taxonRank,family,subfamily,tribe,subtribe,genus,subgenus,specificEpithet,infraspecificEpithet,identificationQualifier,identificationReferences,identificationProtocolVersion,scientificNameAuthorship,sexOrAge,individualCount,sampleCondition,archiveMedium,archiveFacilityID,deprecatedVialID,identifiedBy,laboratoryName,remarks
"018f8f65-b030-44ef-8a6f-103870cf699d","DCFS_001.tickPlot.tck","DCFS_001","2018-05-16T13:55Z","2018-09-07T16:00Z","DCFS_001.20180516","DCFS_001.20180516.DERVAR.M","Dermacentor variabilis","DERVAR","species","Ixodidae",,,,"Dermacentor",,"variabilis",,,"Yunker, C. E., Keirans, J. E., Clifford, C. M., and E. R. Easton. 1986. Dermacentor ticks (Acari: Ixodoidea: Ixodidae) of the New World: a scanning electron microscope atlas. Proceedings of the Entomological Society of Washington, 88(4):609-627.","GSU_tickIdentification_SOP_2016-11-01.pdf","Say","Male",4,"OK","90% ethanol","USNMENT01482128",,"Lorenza Beati","Georgia Southern University",
"219dc044-50d0-4484-9c18-b1e596ab518e","DCFS_001.tickPlot.tck","DCFS_001","2018-05-16T13:55Z","2018-09-07T16:00Z","DCFS_001.20180516","DCFS_001.20180516.DERVAR.F","Dermacentor variabilis","DERVAR","species","Ixodidae",,,,"Dermacentor",,"variabilis",,,"Yunker, C. E., Keirans, J. E., Clifford, C. M., and E. R. Easton. 1986. Dermacentor ticks (Acari: Ixodoidea: Ixodidae) of the New World: a scanning electron microscope atlas. Proceedings of the Entomological Society of Washington, 88(4):609-627.","GSU_tickIdentification_SOP_2016-11-01.pdf","Say","Female",8,"OK","90% ethanol","USNMENT01482116",,"Lorenza Beati","Georgia Southern University",
"89fb09e2-823a-41df-a52a-fdd987aaa6cf","DCFS_004.tickPlot.tck","DCFS_004","2018-05-16T14:17Z","2018-09-07T16:00Z","DCFS_004.20180516","DCFS_004.20180516.DERVAR.F","Dermacentor variabilis","DERVAR","species","Ixodidae",,,,"Dermacentor",,"variabilis",,,"Yunker, C. E., Keirans, J. E., Clifford, C. M., and E. R. Easton. 1986. Dermacentor ticks (Acari: Ixodoidea: Ixodidae) of the New World: a scanning electron microscope atlas. Proceedings of the Entomological Society of Washington, 88(4):609-627.","GSU_tickIdentification_SOP_2016-11-01.pdf","Say","Female",1,"OK","90% ethanol","USNMENT01482182",,"Lorenza Beati","Georgia Southern University",
"686af060-b642-4aee-bbf8-aca757bab4ac","DCFS_010.tickPlot.tck","DCFS_010","2018-05-16T14:47Z","2018-09-07T16:00Z","DCFS_010.20180516","DCFS_010.20180516.DERVAR.M","Dermacentor variabilis","DERVAR","species","Ixodidae",,,,"Dermacentor",,"variabilis",,,"Yunker, C. E., Keirans, J. E., Clifford, C. M., and E. R. Easton. 1986. Dermacentor ticks (Acari: Ixodoidea: Ixodidae) of the New World: a scanning electron microscope atlas. Proceedings of the Entomological Society of Washington, 88(4):609-627.","GSU_tickIdentification_SOP_2016-11-01.pdf","Say","Male",4,"OK","90% ethanol","USNMENT01482169",,"Lorenza Beati","Georgia Southern University",
"aeb10730-ff84-4e80-8525-eec7b26576e8","DCFS_010.tickPlot.tck","DCFS_010","2018-05-16T14:47Z","2018-09-07T16:00Z","DCFS_010.20180516","DCFS_010.20180516.DERVAR.F","Dermacentor variabilis","DERVAR","species","Ixodidae",,,,"Dermacentor",,"variabilis",,,"Yunker, C. E., Keirans, J. E., Clifford, C. M., and E. R. Easton. 1986. Dermacentor ticks (Acari: Ixodoidea: Ixodidae) of the New World: a scanning electron microscope atlas. Proceedings of the Entomological Society of Washington, 88(4):609-627.","GSU_tickIdentification_SOP_2016-11-01.pdf","Say","Female",4,"OK","90% ethanol","USNMENT01482183",,"Lorenza Beati","Georgia Southern University",
"fd3c29e6-af95-4379-9c34-265f26f79028","DCFS_003.tickPlot.tck","DCFS_003","2018-05-16T15:37Z","2018-09-07T16:00Z","DCFS_003.20180516","DCFS_003.20180516.DERVAR.F","Dermacentor variabilis","DERVAR","species","Ixodidae",,,,"Dermacentor",,"variabilis",,,"Yunker, C. E., Keirans, J. E., Clifford, C. M., and E. R. Easton. 1986. Dermacentor ticks (Acari: Ixodoidea: Ixodidae) of the New World: a scanning electron microscope atlas. Proceedings of the Entomological Society of Washington, 88(4):609-627.","GSU_tickIdentification_SOP_2016-11-01.pdf","Say","Female",3,"OK","90% ethanol","USNMENT01482150",,"Lorenza Beati","Georgia Southern University",
"37abf7fc-5abf-45ff-8dd5-e709268bcd2d","DCFS_003.tickPlot.tck","DCFS_003","2018-05-16T15:37Z","2018-09-07T16:00Z","DCFS_003.20180516","DCFS_003.20180516.DERVAR.M","Dermacentor variabilis","DERVAR","species","Ixodidae",,,,"Dermacentor",,"variabilis",,,"Yunker, C. E., Keirans, J. E., Clifford, C. M., and E. R. Easton. 1986. Dermacentor ticks (Acari: Ixodoidea: Ixodidae) of the New World: a scanning electron microscope atlas. Proceedings of the Entomological Society of Washington, 88(4):609-627.","GSU_tickIdentification_SOP_2016-11-01.pdf","Say","Male",5,"OK","90% ethanol","USNMENT01482143",,"Lorenza Beati","Georgia Southern University",
"cefa9137-b3e0-4b07-8318-34806ad4d45a","DCFS_007.tickPlot.tck","DCFS_007","2018-05-16T15:46Z","2018-09-07T16:00Z","DCFS_007.20180516","DCFS_007.20180516.DERVAR.M","Dermacentor variabilis","DERVAR","species","Ixodidae",,,,"Dermacentor",,"variabilis",,,"Yunker, C. E., Keirans, J. E., Clifford, C. M., and E. R. Easton. 1986. Dermacentor ticks (Acari: Ixodoidea: Ixodidae) of the New World: a scanning electron microscope atlas. Proceedings of the Entomological Society of Washington, 88(4):609-627.","GSU_tickIdentification_SOP_2016-11-01.pdf","Say","Male",1,"OK","90% ethanol","USNMENT01482170",,"Lorenza Beati","Georgia Southern University",
"f8344c32-9953-43df-b619-2ae56604e2b2","DCFS_007.tickPlot.tck","DCFS_007","2018-05-16T15:46Z","2018-09-07T16:00Z","DCFS_007.20180516","DCFS_007.20180516.DERVAR.F","Dermacentor variabilis","DERVAR","species","Ixodidae",,,,"Dermacentor",,"variabilis",,,"Yunker, C. E., Keirans, J. E., Clifford, C. M., and E. R. Easton. 1986. Dermacentor ticks (Acari: Ixodoidea: Ixodidae) of the New World: a scanning electron microscope atlas. Proceedings of the Entomological Society of Washington, 88(4):609-627.","GSU_tickIdentification_SOP_2016-11-01.pdf","Say","Female",2,"OK","90% ethanol","USNMENT01482141",,"Lorenza Beati","Georgia Southern University",
"1688ee04-2d0a-4e2f-bf41-bd52a8f5366b","DCFS_005.tickPlot.tck","DCFS_005","2018-05-16T16:42Z","2018-09-07T16:00Z","DCFS_005.20180516","DCFS_005.20180516.DERVAR.M","Dermacentor variabilis","DERVAR","species","Ixodidae",,,,"Dermacentor",,"variabilis",,,"Yunker, C. E., Keirans, J. E., Clifford, C. M., and E. R. Easton. 1986. Dermacentor ticks (Acari: Ixodoidea: Ixodidae) of the New World: a scanning electron microscope atlas. Proceedings of the Entomological Society of Washington, 88(4):609-627.","GSU_tickIdentification_SOP_2016-11-01.pdf","Say","Male",1,"OK","90% ethanol","USNMENT01482177",,"Lorenza Beati","Georgia Southern University",
"ac588b73-1df4-4e7b-a9d5-76cb513f3947","DCFS_005.tickPlot.tck","DCFS_005","2018-05-16T16:42Z","2018-09-07T16:00Z","DCFS_005.20180516","DCFS_005.20180516.DERVAR.F","Dermacentor variabilis","DERVAR","species","Ixodidae",,,,"Dermacentor",,"variabilis",,,"Yunker, C. E., Keirans, J. E., Clifford, C. M., and E. R. Easton. 1986. Dermacentor ticks (Acari: Ixodoidea: Ixodidae) of the New World: a scanning electron microscope atlas. Proceedings of the Entomological Society of Washington, 88(4):609-627.","GSU_tickIdentification_SOP_2016-11-01.pdf","Say","Female",1,"OK","90% ethanol","USNMENT01482181",,"Lorenza Beati","Georgia Southern University",
