uid,namedLocation,plotID,collectDate,identifiedDate,sampleID,subsampleID,scientificName,acceptedTaxonID,taxonRank,family,subfamily,tribe,subtribe,genus,subgenus,specificEpithet,infraspecificEpithet,identificationQualifier,identificationReferences,identificationProtocolVersion,scientificNameAuthorship,sexOrAge,individualCount,sampleCondition,archiveMedium,archiveFacilityID,deprecatedVialID,identifiedBy,laboratoryName,remarks
"61d0e583-5de3-4d37-935a-084ba2c1f5eb","SERC_006.tickPlot.tck","SERC_006","2016-08-15T17:19Z","2017-04-20T16:00Z","SERC_006.20160815","SERC_006.20160815.IXOSP.L","Ixodidae sp.","IXOSP","family","Ixodidae",,,,,,"sp.",,,,"GSU_tickIdentification_SOP_2016-11-01.pdf",,"Larva",1,"OK","RNA stabilization buffer","USNMENT00984403","SERC_006.20160815.01.L","Guy Hobbs","Georgia Southern University",
"af2b1a00-d668-4356-8faf-d9ee8d654790","SERC_006.tickPlot.tck","SERC_006","2016-08-15T17:19Z","2017-05-18T16:00Z","SERC_006.20160815","SERC_006.20160815.AMBAME.N","Amblyomma americanum","AMBAME","species","Ixodidae",,,,"Amblyomma",,"americanum",,,"Cooley, R. A. and G. M. Kohls. 1944. The genus Amblyomma (ixodidae) in the United States. The Journal of Parasitology, 30(2):77-111.","GSU_tickIdentification_SOP_2016-11-01.pdf","Linnaeus","Nymph",1,"OK","RNA stabilization buffer","USNMENT00984404","SERC_006.20160815.01.AMBAME.N","Lorenza Beati","Georgia Southern University",
"5cb6a971-16d5-40d7-a442-7588067190d5","SERC_005.tickPlot.tck","SERC_005","2016-08-15T18:45Z","2017-04-20T16:00Z","SERC_005.20160815","SERC_005.20160815.IXOSP.L","Ixodidae sp.","IXOSP","family","Ixodidae",,,,,,"sp.",,,,"GSU_tickIdentification_SOP_2016-11-01.pdf",,"Larva",1,"OK","RNA stabilization buffer","USNMENT00984401","SERC_005.20160815.01.L","Guy Hobbs","Georgia Southern University",
"ba39c210-d401-4e27-9fc0-c3baae3df1c2","SERC_005.tickPlot.tck","SERC_005","2016-08-15T18:45Z","2017-05-18T16:00Z","SERC_005.20160815","SERC_005.20160815.AMBAME.N","Amblyomma americanum","AMBAME","species","Ixodidae",,,,"Amblyomma",,"americanum",,,"Cooley, R. A. and G. M. Kohls. 1944. The genus Amblyomma (ixodidae) in the United States. The Journal of Parasitology, 30(2):77-111.","GSU_tickIdentification_SOP_2016-11-01.pdf","Linnaeus","Nymph",4,"OK","RNA stabilization buffer","USNMENT00984402","SERC_005.20160815.01.AMBAME.N","Lorenza Beati","Georgia Southern University",
"b5ff68d7-49c7-4fc0-9952-2b80aafec926","SERC_001.tickPlot.tck","SERC_001","2016-08-15T20:38Z","2017-05-18T16:00Z","SERC_001.20160815","SERC_001.20160815.AMBAME.N","Amblyomma americanum","AMBAME","species","Ixodidae",,,,"Amblyomma",,"americanum",,,"Cooley, R. A. and G. M. Kohls. 1944. The genus Amblyomma (ixodidae) in the United States. The Journal of Parasitology, 30(2):77-111.","GSU_tickIdentification_SOP_2016-11-01.pdf","Linnaeus","Nymph",1,"OK","RNA stabilization buffer","USNMENT00984400","SERC_001.20160815.01.AMBAME.N","Lorenza Beati","Georgia Southern University",
"d6376644-9458-461e-9c61-6f140d25fb56","SERC_001.tickPlot.tck","SERC_001","2016-08-15T20:38Z","2017-04-20T16:00Z","SERC_001.20160815","SERC_001.20160815.IXOSP.L","Ixodidae sp.","IXOSP","family","Ixodidae",,,,,,"sp.",,,,"GSU_tickIdentification_SOP_2016-11-01.pdf",,"Larva",1,"OK","RNA stabilization buffer","USNMENT00984399","SERC_001.20160815.01.L","Guy Hobbs","Georgia Southern University",
"07666aaa-171c-4446-91fe-8bfefbd6c9b4","SERC_012.tickPlot.tck","SERC_012","2016-08-15T21:59Z","2017-05-18T16:00Z","SERC_012.20160815","SERC_012.20160815.IXOSCA.N","Ixodes scapularis","IXOSCA","species","Ixodidae",,,,"Ixodes",,"scapularis",,,"Cooley, R. A. and G. M. Kohls. 1945. The genus Ixodes in North America. National Institute of Health Bulletin, 184.","GSU_tickIdentification_SOP_2016-11-01.pdf","Say","Nymph",2,"OK","RNA stabilization buffer","USNMENT00984405","SERC_012.20160815.01.IXOSCA.N","Lorenza Beati","Georgia Southern University",
"ebf3cec3-76df-402c-9dc7-fe6cb3b6f0b1","SERC_012.tickPlot.tck","SERC_012","2016-08-15T21:59Z","2017-05-18T16:00Z","SERC_012.20160815","SERC_012.20160815.AMBAME.N","Amblyomma americanum","AMBAME","species","Ixodidae",,,,"Amblyomma",,"americanum",,,"Cooley, R. A. and G. M. Kohls. 1944. The genus Amblyomma (ixodidae) in the United States. The Journal of Parasitology, 30(2):77-111.","GSU_tickIdentification_SOP_2016-11-01.pdf","Linnaeus","Nymph",1,"OK","RNA stabilization buffer","USNMENT00864646","SERC_012.20160815.01.AMBAME.N","Lorenza Beati","Georgia Southern University",
"627d930f-93f1-46a0-a0e7-f59a364a2cbe","SERC_012.tickPlot.tck","SERC_012","2016-08-15T21:59Z","2017-05-18T16:00Z","SERC_012.20160815","SERC_012.20160815.DERVAR.F","Dermacentor variabilis","DERVAR","species","Ixodidae",,,,"Dermacentor",,"variabilis",,,"Yunker, C. E., Keirans, J. E., Clifford, C. M., and E. R. Easton. 1986. Dermacentor ticks (Acari: Ixodoidea: Ixodidae) of the New World: a scanning electron microscope atlas. Proceedings of the Entomological Society of Washington, 88(4):609-627.","GSU_tickIdentification_SOP_2016-11-01.pdf","Say","Female",1,"OK","RNA stabilization buffer","USNMENT00984407","SERC_012.20160815.01.DERVAR.F","Lorenza Beati","Georgia Southern University",
"69514598-0ec1-4854-af75-951292b80e71","SERC_012.tickPlot.tck","SERC_012","2016-08-15T21:59Z","2017-04-20T16:00Z","SERC_012.20160815","SERC_012.20160815.IXOSP.L","Ixodidae sp.","IXOSP","family","Ixodidae",,,,,,"sp.",,,,"GSU_tickIdentification_SOP_2016-11-01.pdf",,"Larva",1,"OK","RNA stabilization buffer","USNMENT00984406","SERC_012.20160815.01.L","Guy Hobbs","Georgia Southern University",
