uid,namedLocation,domainID,siteID,plotID,plotType,nlcdClass,decimalLatitude,decimalLongitude,geodeticDatum,coordinateUncertainty,elevation,elevationUncertainty,collectDate,eventID,sampleID,sampleCode,samplingMethod,totalSampledArea,targetTaxaPresent,adultCount,nymphCount,larvaCount,sampleCondition,samplingProtocolVersion,measuredBy,remarks
"08c868f4-2b59-48d5-bc1f-e2be052bc2b6","SERC_006.tickPlot.tck","D02","SERC","SERC_006","distributed","deciduousForest",38.880025,-76.548376,"WGS84",20.2,2.6,0.3,"2016-08-15T17:19Z","SERC.2016.33","SERC_006.20160815",,"drag",164,"Y",0,1,31,"No known compromise","NEON.DOC.014045vG","/AhbGCCF27wHz9TggrmS1nLN8zUO+zcB",
"a32b5746-0234-4fb3-9582-89ccba05d321","SERC_005.tickPlot.tck","D02","SERC","SERC_005","distributed","deciduousForest",38.894060,-76.546307,"WGS84",20.3,8.5,0.5,"2016-08-15T18:45Z","SERC.2016.33","SERC_005.20160815",,"drag and flag",128,"Y",0,4,19,"No known compromise","NEON.DOC.014045vG","Ctsq6XD9tFCB0DsTMwePiY235aSh3IrY",
"63ee703d-b79c-4563-b533-f91e52fe3f3a","SERC_023.tickPlot.tck","D02","SERC","SERC_023","distributed","cultivatedCrops",38.873978,-76.535925,"WGS84",20.1,6.7,0.1,"2016-08-15T19:55Z","SERC.2016.33",,,"drag",164,"N",0,0,0,"No known compromise","NEON.DOC.014045vG","Ctsq6XD9tFCB0DsTMwePiY235aSh3IrY",
"8bc53612-2e35-4ab4-a236-8bd8b1251529","SERC_001.tickPlot.tck","D02","SERC","SERC_001","distributed","deciduousForest",38.868186,-76.535306,"WGS84",20.2,2.1,0.2,"2016-08-15T20:38Z","SERC.2016.33","SERC_001.20160815",,"drag",162,"Y",0,1,215,"No known compromise","NEON.DOC.014045vG","Ctsq6XD9tFCB0DsTMwePiY235aSh3IrY",
"f26fbbfb-2669-4f79-af1c-45c71cd5f1f9","SERC_012.tickPlot.tck","D02","SERC","SERC_012","distributed","deciduousForest",38.880010,-76.561648,"WGS84",20.2,20.1,0.2,"2016-08-15T21:59Z","SERC.2016.33","SERC_012.20160815",,"drag and flag",161,"Y",1,3,36,"No known compromise","NEON.DOC.014045vG","Ctsq6XD9tFCB0DsTMwePiY235aSh3IrY","Adult tick found on SE corner post"
"35f7f1f6-44c6-4073-9603-2deecf3a4ff9","SERC_002.tickPlot.tck","D02","SERC","SERC_002","distributed","deciduousForest",38.896262,-76.558166,"WGS84",20.2,17.0,0.3,"2016-08-23T17:14Z","SERC.2016.34","SERC_002.20160823",,"drag and flag",180,"Y",0,18,221,"No known compromise","NEON.DOC.014045vG","bDK8sDlzh12ndKKNJYPjoNB31GkKiVlNm6wUpary7OA=","Tape for larvae"
