uid,namedLocation,domainID,siteID,plotID,plotType,nlcdClass,decimalLatitude,decimalLongitude,geodeticDatum,coordinateUncertainty,elevation,elevationUncertainty,collectDate,eventID,sampleID,sampleCode,samplingMethod,totalSampledArea,targetTaxaPresent,adultCount,nymphCount,larvaCount,sampleCondition,samplingProtocolVersion,measuredBy,remarks
"25e4cecd-894c-4db5-8858-d2eaff7f2314","SERC_006.tickPlot.tck","D02","SERC","SERC_006","distributed","deciduousForest",38.880025,-76.548376,"WGS84",20.2,2.6,0.3,"2017-05-18T17:56Z","SERC.2017.21","SERC_006.20170518",,"drag",163,"Y",1,20,0,"No known compromise","NEON.DOC.014045vH","ena7GLJui5s1h8moQAQPw3Qj2+mVdivS",
"14c0ece3-89ed-43b3-ad21-2b4c8505b64a","SERC_023.tickPlot.tck","D02","SERC","SERC_023","distributed","cultivatedCrops",38.873978,-76.535925,"WGS84",20.1,6.7,0.1,"2017-05-18T21:53Z","SERC.2017.21","SERC_023.20170518",,"drag",160,"Y",1,1,0,"No known compromise","NEON.DOC.014045vH","ena7GLJui5s1h8moQAQPw3Qj2+mVdivS",
"71550f82-b32c-43c5-b966-f8f689e3cfdf","SERC_012.tickPlot.tck","D02","SERC","SERC_012","distributed","deciduousForest",38.880010,-76.561648,"WGS84",20.2,20.1,0.2,"2017-05-18T23:10Z","SERC.2017.21","SERC_012.20170518",,"drag",162,"Y",0,13,0,"No known compromise","NEON.DOC.014045vH","ena7GLJui5s1h8moQAQPw3Qj2+mVdivS",
"a9f2758c-44e2-4b4c-a6e8-0d0168053284","SERC_001.tickPlot.tck","D02","SERC","SERC_001","distributed","deciduousForest",38.868186,-76.535306,"WGS84",20.2,2.1,0.2,"2017-05-19T12:50Z","SERC.2017.21","SERC_001.20170519",,"drag",132,"Y",5,15,0,"No known compromise","NEON.DOC.014045vH","ena7GLJui5s1h8moQAQPw3Qj2+mVdivS","dropped adult tick from arm before it could be collected"
"9af41f67-cb8f-4761-89ee-9a6146d6ece6","SERC_005.tickPlot.tck","D02","SERC","SERC_005","distributed","deciduousForest",38.894060,-76.546307,"WGS84",20.3,8.5,0.5,"2017-05-19T13:57Z","SERC.2017.21","SERC_005.20170519",,"drag",127,"Y",3,17,0,"No known compromise","NEON.DOC.014045vH","ena7GLJui5s1h8moQAQPw3Qj2+mVdivS",
"43b6c35e-cd52-4636-aa55-b3fd43574373","SERC_002.tickPlot.tck","D02","SERC","SERC_002","distributed","deciduousForest",38.896262,-76.558166,"WGS84",20.2,17.0,0.3,"2017-05-19T15:18Z","SERC.2017.21","SERC_002.20170519",,"drag",116,"Y",1,32,4,"No known compromise","NEON.DOC.014045vG","ena7GLJui5s1h8moQAQPw3Qj2+mVdivS","adult lone star tick dropped off of metal clip before it could be collected"
