uid,namedLocation,plotID,collectDate,identifiedDate,sampleID,subsampleID,scientificName,acceptedTaxonID,taxonRank,family,subfamily,tribe,subtribe,genus,subgenus,specificEpithet,infraspecificEpithet,identificationQualifier,identificationReferences,identificationProtocolVersion,scientificNameAuthorship,sexOrAge,individualCount,sampleCondition,archiveMedium,archiveFacilityID,deprecatedVialID,identifiedBy,laboratoryName,remarks
"d7847c3a-e09a-45cd-8caf-447b9a091596","SERC_006.tickPlot.tck","SERC_006","2017-05-18T17:56Z","2018-01-30T17:00Z","SERC_006.20170518","SERC_006.20170518.AMBAME.N","Amblyomma americanum","AMBAME","species","Ixodidae",,,,"Amblyomma",,"americanum",,,"Cooley, R. A. and G. M. Kohls. 1944. The genus Amblyomma (ixodidae) in the United States. The Journal of Parasitology, 30(2):77-111.","GSU_tickIdentification_SOP_2016-11-01.pdf","Linnaeus","Nymph",20,"OK","90% ethanol","USNMENT01358395","SERC_006.20170518.AMBAME.N","Lorenza Beati","Georgia Southern University",
"03bb9de7-92e4-486a-accf-9fade0bf705a","SERC_006.tickPlot.tck","SERC_006","2017-05-18T17:56Z","2018-01-30T17:00Z","SERC_006.20170518","SERC_006.20170518.AMBAME.F","Amblyomma americanum","AMBAME","species","Ixodidae",,,,"Amblyomma",,"americanum",,,"Cooley, R. A. and G. M. Kohls. 1944. The genus Amblyomma (ixodidae) in the United States. The Journal of Parasitology, 30(2):77-111.","GSU_tickIdentification_SOP_2016-11-01.pdf","Linnaeus","Female",1,"OK","90% ethanol","USNMENT01358394","SERC_006.20170518.AMBAME.F","Lorenza Beati","Georgia Southern University",
"c73c696f-39be-493f-8d63-7553d35c4787","SERC_023.tickPlot.tck","SERC_023","2017-05-18T21:53Z","2018-01-30T17:00Z","SERC_023.20170518","SERC_023.20170518.AMBAME.N","Amblyomma americanum","AMBAME","species","Ixodidae",,,,"Amblyomma",,"americanum",,,"Cooley, R. A. and G. M. Kohls. 1944. The genus Amblyomma (ixodidae) in the United States. The Journal of Parasitology, 30(2):77-111.","GSU_tickIdentification_SOP_2016-11-01.pdf","Linnaeus","Nymph",1,"OK","90% ethanol","USNMENT01358408","SERC_023.20170518.AMBAME.N","Lorenza Beati","Georgia Southern University",
"3fb6b2e7-aaf0-4d3a-b613-ac822cdfda98","SERC_023.tickPlot.tck","SERC_023","2017-05-18T21:53Z","2018-01-30T17:00Z","SERC_023.20170518","SERC_023.20170518.AMBAME.F","Amblyomma americanum","AMBAME","species","Ixodidae",,,,"Amblyomma",,"americanum",,,"Cooley, R. A. and G. M. Kohls. 1944. The genus Amblyomma (ixodidae) in the United States. The Journal of Parasitology, 30(2):77-111.","GSU_tickIdentification_SOP_2016-11-01.pdf","Linnaeus","Female",1,"OK","90% ethanol","USNMENT01358407","SERC_023.20170518.AMBAME.F","Lorenza Beati","Georgia Southern University","TO PAULA"
"36c24217-6c0b-49c4-a041-661440f35767","SERC_012.tickPlot.tck","SERC_012","2017-05-18T23:10Z","2018-01-30T17:00Z","SERC_012.20170518","SERC_012.20170518.IXOSCA.N","Ixodes scapularis","IXOSCA","species","Ixodidae",,,,"Ixodes",,"scapularis",,,"Cooley, R. A. and G. M. Kohls. 1945. The genus Ixodes in North America. National Institute of Health Bulletin, 184.","GSU_tickIdentification_SOP_2016-11-01.pdf","Say","Nymph",1,"OK","90% ethanol","USNMENT01358401","SERC_012.20170518.IXOSCA.N","Lorenza Beati","Georgia Southern University",
"33607d23-df53-4b34-878d-791f87f04532","SERC_012.tickPlot.tck","SERC_012","2017-05-18T23:10Z","2018-01-30T17:00Z","SERC_012.20170518","SERC_012.20170518.AMBAME.N","Amblyomma americanum","AMBAME","species","Ixodidae",,,,"Amblyomma",,"americanum",,,"Cooley, R. A. and G. M. Kohls. 1944. The genus Amblyomma (ixodidae) in the United States. The Journal of Parasitology, 30(2):77-111.","GSU_tickIdentification_SOP_2016-11-01.pdf","Linnaeus","Nymph",12,"OK","90% ethanol","USNMENT01358400","SERC_012.20170518.AMBAME.N","Lorenza Beati","Georgia Southern University",
"5f866bc2-5d12-4a79-9e75-743b3282c74f","SERC_001.tickPlot.tck","SERC_001","2017-05-19T12:50Z","2018-01-28T17:00Z","SERC_001.20170519","SERC_001.20170519.AMBAME.F","Amblyomma americanum","AMBAME","species","Ixodidae",,,,"Amblyomma",,"americanum",,,"Cooley, R. A. and G. M. Kohls. 1944. The genus Amblyomma (ixodidae) in the United States. The Journal of Parasitology, 30(2):77-111.","GSU_tickIdentification_SOP_2016-11-01.pdf","Linnaeus","Female",4,"OK","90% ethanol","USNMENT01358361","SERC_001.20170519.AMBAME.F","Lorenza Beati","Georgia Southern University","TO PAULA"
"ba78e484-eaa6-4e0c-9132-0246d018eb99","SERC_001.tickPlot.tck","SERC_001","2017-05-19T12:50Z","2018-01-28T17:00Z","SERC_001.20170519","SERC_001.20170519.AMBAME.N","Amblyomma americanum","AMBAME","species","Ixodidae",,,,"Amblyomma",,"americanum",,,"Cooley, R. A. and G. M. Kohls. 1944. The genus Amblyomma (ixodidae) in the United States. The Journal of Parasitology, 30(2):77-111.","GSU_tickIdentification_SOP_2016-11-01.pdf","Linnaeus","Nymph",11,"OK","90% ethanol","USNMENT01358362","SERC_001.20170519.AMBAME.N","Lorenza Beati","Georgia Southern University",
"ada0ec6c-f1b3-410b-b43d-70887aa50451","SERC_001.tickPlot.tck","SERC_001","2017-05-19T12:50Z","2018-01-13T17:00Z","SERC_001.20170519","SERC_001.20170519.DERVAR.F","Dermacentor variabilis","DERVAR","species","Ixodidae",,,,"Dermacentor",,"variabilis",,,"Yunker, C. E., Keirans, J. E., Clifford, C. M., and E. R. Easton. 1986. Dermacentor ticks (Acari: Ixodoidea: Ixodidae) of the New World: a scanning electron microscope atlas. Proceedings of the Entomological Society of Washington, 88(4):609-627.","GSU_tickIdentification_SOP_2016-11-01.pdf","Say","Female",1,"OK","90% ethanol","USNMENT01358360","SERC_001.20170519.DERVAR.F","Lorenza Beati","Georgia Southern University","add RMLTO PAULA"
"39cd0571-4ec3-4485-93c8-d9a1ded39dfe","SERC_001.tickPlot.tck","SERC_001","2017-05-19T12:50Z","2018-01-28T17:00Z","SERC_001.20170519","SERC_001.20170519.IXOSCA.N","Ixodes scapularis","IXOSCA","species","Ixodidae",,,,"Ixodes",,"scapularis",,,"Cooley, R. A. and G. M. Kohls. 1945. The genus Ixodes in North America. National Institute of Health Bulletin, 184.","GSU_tickIdentification_SOP_2016-11-01.pdf","Say","Nymph",3,"OK","90% ethanol","USNMENT01358363","SERC_001.20170519.IXOSCA.N","Lorenza Beati","Georgia Southern University","add RMLfound 3 ticks and not 4"
"2a0047e6-789e-4299-9243-4a6e272b1501","SERC_005.tickPlot.tck","SERC_005","2017-05-19T13:57Z","2018-01-14T17:00Z","SERC_005.20170519","SERC_005.20170519.IXOSCA.N","Ixodes scapularis","IXOSCA","species","Ixodidae",,,,"Ixodes",,"scapularis",,,"Cooley, R. A. and G. M. Kohls. 1945. The genus Ixodes in North America. National Institute of Health Bulletin, 184.","GSU_tickIdentification_SOP_2016-11-01.pdf","Say","Nymph",4,"OK","90% ethanol","USNMENT01358386","SERC_005.20170519.IXOSCA.N","Lorenza Beati","Georgia Southern University",
"66ba6d0a-7dfb-4a03-87a5-c0b42aa3fb22","SERC_005.tickPlot.tck","SERC_005","2017-05-19T13:57Z","2018-01-14T17:00Z","SERC_005.20170519","SERC_005.20170519.AMBAME.M","Amblyomma americanum","AMBAME","species","Ixodidae",,,,"Amblyomma",,"americanum",,,"Cooley, R. A. and G. M. Kohls. 1944. The genus Amblyomma (ixodidae) in the United States. The Journal of Parasitology, 30(2):77-111.","GSU_tickIdentification_SOP_2016-11-01.pdf","Linnaeus","Male",1,"OK","90% ethanol","USNMENT01358388","SERC_005.20170519.AMBAME.M","Lorenza Beati","Georgia Southern University","add RMLTO PAULA"
"17651c49-1c06-4a07-bafc-91477e4b46c3","SERC_005.tickPlot.tck","SERC_005","2017-05-19T13:57Z","2018-01-14T17:00Z","SERC_005.20170519","SERC_005.20170519.AMBAME.N","Amblyomma americanum","AMBAME","species","Ixodidae",,,,"Amblyomma",,"americanum",,,"Cooley, R. A. and G. M. Kohls. 1944. The genus Amblyomma (ixodidae) in the United States. The Journal of Parasitology, 30(2):77-111.","GSU_tickIdentification_SOP_2016-11-01.pdf","Linnaeus","Nymph",15,"OK","90% ethanol","USNMENT01358385","SERC_005.20170519.AMBAME.N","Lorenza Beati","Georgia Southern University",
"3ee5fcd5-8d03-40de-ab38-3c4d896da01b","SERC_005.tickPlot.tck","SERC_005","2017-05-19T13:57Z","2018-01-14T17:00Z","SERC_005.20170519","SERC_005.20170519.AMBAME.F","Amblyomma americanum","AMBAME","species","Ixodidae",,,,"Amblyomma",,"americanum",,,"Cooley, R. A. and G. M. Kohls. 1944. The genus Amblyomma (ixodidae) in the United States. The Journal of Parasitology, 30(2):77-111.","GSU_tickIdentification_SOP_2016-11-01.pdf","Linnaeus","Female",2,"OK","90% ethanol","USNMENT01358387","SERC_005.20170519.AMBAME.F","Lorenza Beati","Georgia Southern University",
"e12078cc-e2d2-4960-ac51-f229886eb3c6","SERC_002.tickPlot.tck","SERC_002","2017-05-19T15:18Z","2018-01-10T17:00Z","SERC_002.20170519","SERC_002.20170519.AMBAME.N","Amblyomma americanum","AMBAME","species","Ixodidae",,,,"Amblyomma",,"americanum",,,"Cooley, R. A. and G. M. Kohls. 1944. The genus Amblyomma (ixodidae) in the United States. The Journal of Parasitology, 30(2):77-111.","GSU_tickIdentification_SOP_2016-11-01.pdf","Linnaeus","Nymph",23,"OK","90% ethanol","USNMENT01358372","SERC_002.20170519.AMBAME.N","Lorenza Beati","Georgia Southern University",
"042124c2-048f-4384-93dd-644712bb3cce","SERC_002.tickPlot.tck","SERC_002","2017-05-19T15:18Z","2017-08-10T16:00Z","SERC_002.20170519","SERC_002.20170519.IXOSP.L","Ixodidae sp.","IXOSP","family","Ixodidae",,,,,,"sp.",,,,"GSU_tickIdentification_SOP_2016-11-01.pdf",,"Larva",1,"OK","90% ethanol","USNMENT01358375","SERC_002.20170519.L","Guy Hobbs","Georgia Southern University","add RML"
"df415b64-2eae-42b2-9903-3f224552fad6","SERC_002.tickPlot.tck","SERC_002","2017-05-19T15:18Z","2018-01-10T17:00Z","SERC_002.20170519","SERC_002.20170519.AMBAME.M","Amblyomma americanum","AMBAME","species","Ixodidae",,,,"Amblyomma",,"americanum",,,"Cooley, R. A. and G. M. Kohls. 1944. The genus Amblyomma (ixodidae) in the United States. The Journal of Parasitology, 30(2):77-111.","GSU_tickIdentification_SOP_2016-11-01.pdf","Linnaeus","Male",1,"OK","90% ethanol","USNMENT01358374","SERC_002.20170519.AMBAME.M","Lorenza Beati","Georgia Southern University","TO PAULA"
"da453fc2-884d-4bc2-82da-9880c2e7c582","SERC_002.tickPlot.tck","SERC_002","2017-05-19T15:18Z","2018-01-10T17:00Z","SERC_002.20170519","SERC_002.20170519.IXOSCA.N","Ixodes scapularis","IXOSCA","species","Ixodidae",,,,"Ixodes",,"scapularis",,,"Cooley, R. A. and G. M. Kohls. 1945. The genus Ixodes in North America. National Institute of Health Bulletin, 184.","GSU_tickIdentification_SOP_2016-11-01.pdf","Say","Nymph",9,"OK","90% ethanol","USNMENT01358373","SERC_002.20170519.IXOSCA.N","Lorenza Beati","Georgia Southern University",
