uid,namedLocation,domainID,siteID,plotID,plotType,nlcdClass,decimalLatitude,decimalLongitude,geodeticDatum,coordinateUncertainty,elevation,elevationUncertainty,collectDate,eventID,sampleID,sampleCode,samplingMethod,totalSampledArea,targetTaxaPresent,adultCount,nymphCount,larvaCount,sampleCondition,samplingProtocolVersion,measuredBy,remarks
"68014d46-0572-4226-8b2f-23c789387f54","DSNY_006.tickPlot.tck","D03","DSNY","DSNY_006","distributed","woodyWetlands",28.093704,-81.398045,"WGS84",20.1,20.1,0.1,"2016-10-12T15:30Z","DSNY.2016.41",,,"drag and flag",160,"N",0,0,0,"No known compromise","NEON.DOC.014045vG","uc/Ogwu/d/aC0/FyeYgRy91eQH6E3aLH",
"c439a137-1f3d-432d-8cb6-85f40d8a6317","DSNY_001.tickPlot.tck","D03","DSNY","DSNY_001","distributed","woodyWetlands",28.098062,-81.418561,"WGS84",20.1,20.3,0.1,"2016-10-12T17:31Z","DSNY.2016.41",,,"drag and flag",165,"N",0,0,0,"No known compromise","NEON.DOC.014045vG","cMb2B+jx12AMjNtsEA8t48GND5R87ks/",
"708bfe0e-bc05-47e2-ba2a-e2d19b7e2890","DSNY_004.tickPlot.tck","D03","DSNY","DSNY_004","distributed","woodyWetlands",28.101022,-81.399501,"WGS84",20.1,18.7,0.1,"2016-10-12T21:14Z","DSNY.2016.41",,,"drag and flag",160,"N",0,0,0,"No known compromise","NEON.DOC.014045vG","uc/Ogwu/d/aC0/FyeYgRy91eQH6E3aLH",
"d6951709-dc77-46da-9343-7209d46f715c","DSNY_008.tickPlot.tck","D03","DSNY","DSNY_008","distributed","woodyWetlands",28.047337,-81.403204,"WGS84",20.1,18.8,0.1,"2016-10-13T14:55Z","DSNY.2016.41",,,"drag and flag",160,"N",0,0,0,"No known compromise","NEON.DOC.014045vG","uc/Ogwu/d/aC0/FyeYgRy91eQH6E3aLH",
"52e668f5-dcb7-4bc5-98b8-d8b3465cd25f","DSNY_005.tickPlot.tck","D03","DSNY","DSNY_005","distributed","woodyWetlands",28.040497,-81.394482,"WGS84",20.1,16.6,0.1,"2016-10-13T15:56Z","DSNY.2016.41",,,"flag",160,"N",0,0,0,"No known compromise","NEON.DOC.014045vG","cMb2B+jx12AMjNtsEA8t48GND5R87ks/",
"cd97c509-34b2-484a-81e2-ec6d664504b4","DSNY_021.tickPlot.tck","D03","DSNY","DSNY_021","distributed","pastureHay",28.053635,-81.392353,"WGS84",20.1,17.1,0.1,"2016-10-14T02:10Z","DSNY.2016.41",,,"drag",165,"N",0,0,0,"No known compromise","NEON.DOC.014045vG","cMb2B+jx12AMjNtsEA8t48GND5R87ks/",
"a8b6f988-e301-4ccb-8f4d-80cc2dd35529","DSNY_001.tickPlot.tck","D03","DSNY","DSNY_001","distributed","woodyWetlands",28.098062,-81.418561,"WGS84",20.1,20.3,0.1,"2016-10-25T15:02Z","DSNY.2016.43",,,"drag and flag",150,"N",0,0,0,"No known compromise","NEON.DOC.014045vG","YK5ulgcjQA5M6hxjAkVbmv4a8AjznrKv","Skipped approximately 10m to avoid water at corner"
"a3496184-b173-429c-b97a-ea857aa3ae75","DSNY_006.tickPlot.tck","D03","DSNY","DSNY_006","distributed","woodyWetlands",28.093704,-81.398045,"WGS84",20.1,20.1,0.1,"2016-10-25T15:55Z","DSNY.2016.43",,,"drag and flag",160,"N",0,0,0,"No known compromise","NEON.DOC.014045vG","YK5ulgcjQA5M6hxjAkVbmv4a8AjznrKv",
"6da920c5-964f-4b9f-bc32-f58decf58c76","DSNY_004.tickPlot.tck","D03","DSNY","DSNY_004","distributed","woodyWetlands",28.101022,-81.399501,"WGS84",20.1,18.7,0.1,"2016-10-25T16:23Z","DSNY.2016.43",,,"drag and flag",160,"N",0,0,0,"No known compromise","NEON.DOC.014045vG","YK5ulgcjQA5M6hxjAkVbmv4a8AjznrKv",
"38552e71-f6f1-4c17-bf4e-706e89c51e7a","DSNY_008.tickPlot.tck","D03","DSNY","DSNY_008","distributed","woodyWetlands",28.047337,-81.403204,"WGS84",20.1,18.8,0.1,"2016-10-25T18:17Z","DSNY.2016.43",,,"drag",160,"N",0,0,0,"No known compromise","NEON.DOC.014045vG","YK5ulgcjQA5M6hxjAkVbmv4a8AjznrKv",
"5311f1bb-9e3c-4ed9-87a5-cdeaf0aa6be2","DSNY_005.tickPlot.tck","D03","DSNY","DSNY_005","distributed","woodyWetlands",28.040497,-81.394482,"WGS84",20.1,16.6,0.1,"2016-10-25T18:57Z","DSNY.2016.43",,,"drag and flag",160,"N",0,0,0,"No known compromise","NEON.DOC.014045vG","YK5ulgcjQA5M6hxjAkVbmv4a8AjznrKv",
"c6e2011c-0699-42c2-a0f8-6f26e221b772","DSNY_021.tickPlot.tck","D03","DSNY","DSNY_021","distributed","pastureHay",28.053635,-81.392353,"WGS84",20.1,17.1,0.1,"2016-10-25T19:31Z","DSNY.2016.43",,,"drag",160,"N",0,0,0,"No known compromise","NEON.DOC.014045vG","YK5ulgcjQA5M6hxjAkVbmv4a8AjznrKv",
