uid,namedLocation,domainID,siteID,plotID,plotType,nlcdClass,decimalLatitude,decimalLongitude,geodeticDatum,coordinateUncertainty,elevation,elevationUncertainty,collectDate,eventID,sampleID,sampleCode,samplingMethod,totalSampledArea,targetTaxaPresent,adultCount,nymphCount,larvaCount,sampleCondition,samplingProtocolVersion,measuredBy,remarks
"0ca73e44-dc63-475e-91f3-c12b627d51cd","DEJU_044.tickPlot.tck","D19","DEJU","DEJU_044","distributed","evergreenForest",63.835516,-145.745056,"WGS84",20.1,538.2,0.1,"2016-08-16T17:00Z","DEJU.2016.33",,,"flag",160,"N",0,0,0,"No known compromise","NEON.DOC.014045vG","xIt9ybNkjihQCNSGffGdH8BJXo6VVNxB",
"56d14a7a-67b2-47b6-95f9-360e1504197d","DEJU_014.tickPlot.tck","D19","DEJU","DEJU_014","distributed","evergreenForest",63.830553,-145.745544,"WGS84",20.3,544.1,0.3,"2016-08-16T18:00Z","DEJU.2016.33",,,"flag",160,"N",0,0,0,"No known compromise","NEON.DOC.014045vG","xIt9ybNkjihQCNSGffGdH8BJXo6VVNxB",
"e4ff8519-eb48-485e-920e-18de5624020b","DEJU_001.tickPlot.tck","D19","DEJU","DEJU_001","distributed","shrubScrub",63.893653,-145.770599,"WGS84",20.1,492.5,0.1,"2016-08-16T19:00Z","DEJU.2016.33",,,"flag",160,"N",0,0,0,"No known compromise","NEON.DOC.014045vG","xIt9ybNkjihQCNSGffGdH8BJXo6VVNxB",
"e2b0a5fa-bafa-4573-9c83-d0a517225e96","DEJU_009.tickPlot.tck","D19","DEJU","DEJU_009","distributed","evergreenForest",63.853075,-145.763773,"WGS84",21.0,574.3,0.8,"2016-08-18T17:00Z","DEJU.2016.33",,,"flag",160,"N",0,0,0,"No known compromise","NEON.DOC.014045vG","xIt9ybNkjihQCNSGffGdH8BJXo6VVNxB",
"9ae717f2-9e7c-47c8-af25-09466ca82888","DEJU_015.tickPlot.tck","D19","DEJU","DEJU_015","distributed","woodyWetlands",63.873814,-145.744346,"WGS84",20.1,521.6,0.1,"2016-08-18T18:00Z","DEJU.2016.33",,,"flag",160,"N",0,0,0,"No known compromise","NEON.DOC.014045vG","xIt9ybNkjihQCNSGffGdH8BJXo6VVNxB",
"aee52f18-7f90-487c-816a-73b98e08304c","DEJU_003.tickPlot.tck","D19","DEJU","DEJU_003","distributed","shrubScrub",63.931557,-145.753452,"WGS84",20.1,450.5,0.1,"2016-08-18T19:00Z","DEJU.2016.33",,,"flag",160,"N",0,0,0,"No known compromise","NEON.DOC.014045vG","xIt9ybNkjihQCNSGffGdH8BJXo6VVNxB",
