uid,namedLocation,date,eventID,domainID,siteID,plotID,subplotID,nestedSubplotID,groupID,taxonID,scientificName,taxonRank,identificationReferences,identificationQualifier,volumePercent,livePercent,deadPercent,canopyArea,meanHeight,remarks,measuredBy,recordedBy,dataQF
"dbf4db9f-951b-4545-b906-9068245d4898","NIWO_058.basePlot.vst","2015-08-03","vst_NIWO_2015","D13","NIWO","NIWO_058",,,"1","SALIX","Salix sp.","genus",,,40,100,0,16.0,1.50,,"Xlq171H9ZZacHRTOGVYKqs8+16kKTkQj","b5Bt2/WAcobZn6HG5BJ0XugSCqR8u1Uj4+iyEzptoVg=","legacyData"
"96119838-9246-4ad1-87f2-eaf9e766b7ca","NIWO_058.basePlot.vst","2015-08-03","vst_NIWO_2015","D13","NIWO","NIWO_058",,,"2","PIEN","Picea engelmannii Parry ex Engelm.","species",,,15,95,5,53.0,1.82,,"Xlq171H9ZZacHRTOGVYKqs8+16kKTkQj","b5Bt2/WAcobZn6HG5BJ0XugSCqR8u1Uj4+iyEzptoVg=","legacyData"
"6497a3eb-6693-4de6-a4d8-d85a44a00e4b","NIWO_058.basePlot.vst","2015-08-03","vst_NIWO_2015","D13","NIWO","NIWO_058",,,"2","ABLA","Abies lasiocarpa (Hook.) Nutt.","species",,,75,100,0,53.0,1.82,,"Xlq171H9ZZacHRTOGVYKqs8+16kKTkQj","b5Bt2/WAcobZn6HG5BJ0XugSCqR8u1Uj4+iyEzptoVg=","legacyData"
"d4436c34-1b23-4b12-aec8-2373c81dd3b8","NIWO_061.basePlot.vst","2015-08-06","vst_NIWO_2015","D13","NIWO","NIWO_061",,"3","NA NA","ABLA","Abies lasiocarpa (Hook.) Nutt.","species",,,100,100,0,3.0,0.66,,"P+EeY8owwbjzXaiaPoIJpc6mcpR6iWBh","Ji4OKY0Opajnq0SAWKqACItMAkkkfnH7","legacyData"
"9be8353d-9423-4861-9063-179b21eb2c5c","NIWO_064.basePlot.vst","2015-08-07","vst_NIWO_2015","D13","NIWO","NIWO_064",,"4","NA NA","JUCO6","Juniperus communis L.","species",,,100,100,0,4.0,0.32,,"P+EeY8owwbjzXaiaPoIJpc6mcpR6iWBh","Xlq171H9ZZacHRTOGVYKqs8+16kKTkQj","legacyData"
"5650a0e3-2678-4780-8822-3bcada59632f","NIWO_063.basePlot.vst","2015-08-14","vst_NIWO_2015","D13","NIWO","NIWO_063",,,"NA NA","SALIX","Salix sp.","genus",,,5,100,0,67.0,2.90,,"P+EeY8owwbjzXaiaPoIJpc6mcpR6iWBh","M2o8YewDo9ZZZVoB4CB60NP1k+iGVSeX","legacyData"
"7ec6f3ba-cee5-48cd-b9e7-c35dfadab525","NIWO_063.basePlot.vst","2015-08-14","vst_NIWO_2015","D13","NIWO","NIWO_063",,,"1","ABLA","Abies lasiocarpa (Hook.) Nutt.","species",,,25,100,0,19.0,2.84,,"P+EeY8owwbjzXaiaPoIJpc6mcpR6iWBh","M2o8YewDo9ZZZVoB4CB60NP1k+iGVSeX","legacyData"
"92204769-d3e5-4e61-b657-567aaf9c2d6f","NIWO_046.basePlot.vst","2015-08-14","vst_NIWO_2015","D13","NIWO","NIWO_046",,"1","NA NA","ABLA","Abies lasiocarpa (Hook.) Nutt.","species",,,100,95,5,2.0,0.68,,"P+EeY8owwbjzXaiaPoIJpc6mcpR6iWBh","b5Bt2/WAcobZn6HG5BJ0XugSCqR8u1Uj4+iyEzptoVg=","legacyData"
"c2fc9579-811e-4b0c-9bfa-8ad362e55e38","NIWO_063.basePlot.vst","2015-08-14","vst_NIWO_2015","D13","NIWO","NIWO_063",,,"NA NA","JUCO6","Juniperus communis L.","species",,,100,100,0,67.0,0.80,,"P+EeY8owwbjzXaiaPoIJpc6mcpR6iWBh","M2o8YewDo9ZZZVoB4CB60NP1k+iGVSeX","legacyData"
"886fdae8-24d1-46e5-8e75-d9fe6429a70d","NIWO_047.basePlot.vst","2015-08-14","vst_NIWO_2015","D13","NIWO","NIWO_047",,,"1","PIEN","Picea engelmannii Parry ex Engelm.","species",,,45,95,5,53.0,1.88,,"P+EeY8owwbjzXaiaPoIJpc6mcpR6iWBh","b5Bt2/WAcobZn6HG5BJ0XugSCqR8u1Uj4+iyEzptoVg=","legacyData"
"9760a7c7-6d4e-4fcb-bea9-d85e5c56c79e","NIWO_047.basePlot.vst","2015-08-14","vst_NIWO_2015","D13","NIWO","NIWO_047",,,"1","ABLA","Abies lasiocarpa (Hook.) Nutt.","species",,,50,95,5,53.0,1.88,,"P+EeY8owwbjzXaiaPoIJpc6mcpR6iWBh","b5Bt2/WAcobZn6HG5BJ0XugSCqR8u1Uj4+iyEzptoVg=","legacyData"
"2afe3f45-9f38-4d5c-83ff-f9387f230b3a","NIWO_047.basePlot.vst","2015-08-14","vst_NIWO_2015","D13","NIWO","NIWO_047",,,"1","SALIX","Salix sp.","genus",,,5,100,0,53.0,1.88,,"P+EeY8owwbjzXaiaPoIJpc6mcpR6iWBh","b5Bt2/WAcobZn6HG5BJ0XugSCqR8u1Uj4+iyEzptoVg=","legacyData"
"42f5822f-4bca-44e6-ac78-8ba81dafa3b3","NIWO_063.basePlot.vst","2015-08-14","vst_NIWO_2015","D13","NIWO","NIWO_063",,,"1","PIEN","Picea engelmannii Parry ex Engelm.","species",,,75,100,0,19.0,2.84,,"P+EeY8owwbjzXaiaPoIJpc6mcpR6iWBh","M2o8YewDo9ZZZVoB4CB60NP1k+iGVSeX","legacyData"
"0aa9a1ba-7c65-48ea-a014-b5a53500e702","NIWO_041.basePlot.vst","2015-08-17","vst_NIWO_2015","D13","NIWO","NIWO_041",,"1","NA NA","ABLA","Abies lasiocarpa (Hook.) Nutt.","species",,,100,100,0,3.5,2.74,,"P+EeY8owwbjzXaiaPoIJpc6mcpR6iWBh","b5Bt2/WAcobZn6HG5BJ0XugSCqR8u1Uj4+iyEzptoVg=","legacyData"
"b97cc292-0957-442e-868f-d9fa41b64923","NIWO_041.basePlot.vst","2015-08-17","vst_NIWO_2015","D13","NIWO","NIWO_041",,"1","NA NA","PIEN","Picea engelmannii Parry ex Engelm.","species",,,80,100,0,3.5,2.42,,"P+EeY8owwbjzXaiaPoIJpc6mcpR6iWBh","b5Bt2/WAcobZn6HG5BJ0XugSCqR8u1Uj4+iyEzptoVg=","legacyData"
"31df69ff-7bbf-4e18-a509-83aee8a1a998","NIWO_024.basePlot.vst","2015-08-20","vst_NIWO_2015","D13","NIWO","NIWO_024","31",,"31 _0","SALIX","Salix sp.","genus",,,100,100,0,6.0,0.44,,"Xlq171H9ZZacHRTOGVYKqs8+16kKTkQj","P+EeY8owwbjzXaiaPoIJpc6mcpR6iWBh","legacyData"
"a334ea8b-5be6-4439-ad19-9faab0385a97","NIWO_018.basePlot.vst","2015-08-20","vst_NIWO_2015","D13","NIWO","NIWO_018","32",,"32 _0","SALIX","Salix sp.","genus",,,100,100,0,3.0,0.46,,"Xlq171H9ZZacHRTOGVYKqs8+16kKTkQj","P+EeY8owwbjzXaiaPoIJpc6mcpR6iWBh","legacyData"
"1ad40c68-39c0-4a2f-9627-4b6395bf851d","NIWO_006.basePlot.vst","2015-08-20","vst_NIWO_2015","D13","NIWO","NIWO_006","41",,"41 _0","SALIX","Salix sp.","genus",,,100,100,0,8.0,0.48,,"Xlq171H9ZZacHRTOGVYKqs8+16kKTkQj","P+EeY8owwbjzXaiaPoIJpc6mcpR6iWBh","legacyData"
"78598d0f-f459-4506-84d0-ff9e005cd3e7","NIWO_006.basePlot.vst","2015-08-20","vst_NIWO_2015","D13","NIWO","NIWO_006","40",,"40 _0","SALIX","Salix sp.","genus",,,100,100,0,5.0,0.32,,"Xlq171H9ZZacHRTOGVYKqs8+16kKTkQj","P+EeY8owwbjzXaiaPoIJpc6mcpR6iWBh","legacyData"
"a693f797-56e6-4b5e-b410-e3d5e86ba00d","NIWO_006.basePlot.vst","2015-08-20","vst_NIWO_2015","D13","NIWO","NIWO_006","32",,"32 _0","SALIX","Salix sp.","genus",,,100,100,0,1.0,0.30,,"Xlq171H9ZZacHRTOGVYKqs8+16kKTkQj","P+EeY8owwbjzXaiaPoIJpc6mcpR6iWBh","legacyData"
"02ba80f9-6d0a-4e56-beb5-7cf0e0e35ef8","NIWO_006.basePlot.vst","2015-08-20","vst_NIWO_2015","D13","NIWO","NIWO_006","32",,"32 _0","SALIX","Salix sp.","genus",,,100,100,0,1.0,0.34,,"Xlq171H9ZZacHRTOGVYKqs8+16kKTkQj","P+EeY8owwbjzXaiaPoIJpc6mcpR6iWBh","legacyData"
"4bb63018-c1c9-4b3c-8380-422a51a367fe","NIWO_018.basePlot.vst","2015-08-20","vst_NIWO_2015","D13","NIWO","NIWO_018","32",,"32 _0","SALIX","Salix sp.","genus",,,100,100,0,3.0,0.28,,"Xlq171H9ZZacHRTOGVYKqs8+16kKTkQj","P+EeY8owwbjzXaiaPoIJpc6mcpR6iWBh","legacyData"
"ed8de092-1887-4bbb-a8a9-ed63dcdd7ba2","NIWO_018.basePlot.vst","2015-08-20","vst_NIWO_2015","D13","NIWO","NIWO_018","32",,"32 _0","SALIX","Salix sp.","genus",,,100,100,0,3.0,0.26,,"Xlq171H9ZZacHRTOGVYKqs8+16kKTkQj","P+EeY8owwbjzXaiaPoIJpc6mcpR6iWBh","legacyData"
"36066a95-35a1-4dc0-a86f-f57c6e31b8cf","NIWO_004.basePlot.vst","2015-08-25","vst_NIWO_2015","D13","NIWO","NIWO_004","41","4","41 _0","JUCO6","Juniperus communis L.","species",,,100,80,20,2.0,0.32,"Canopy position left blank on data sheet; canopy position not required in protocol for shrub groups","P+EeY8owwbjzXaiaPoIJpc6mcpR6iWBh","Ji4OKY0Opajnq0SAWKqACItMAkkkfnH7","legacyData"
"86275357-c599-428d-a099-fb0f8ff135a5","NIWO_004.basePlot.vst","2015-08-25","vst_NIWO_2015","D13","NIWO","NIWO_004","41","1","41 _0","JUCO6","Juniperus communis L.","species",,,100,95,5,2.0,0.26,"Canopy position left blank on data sheet; canopy position not required in protocol for shrub groups","P+EeY8owwbjzXaiaPoIJpc6mcpR6iWBh","Ji4OKY0Opajnq0SAWKqACItMAkkkfnH7","legacyData"
"23f5fda2-78d6-47cf-9709-b1802c5c789a","NIWO_016.basePlot.vst","2015-08-26","vst_NIWO_2015","D13","NIWO","NIWO_016","41",,"41 _0","JUCO6","Juniperus communis L.","species",,,100,75,25,2.0,0.18,,"Xlq171H9ZZacHRTOGVYKqs8+16kKTkQj","b5Bt2/WAcobZn6HG5BJ0XugSCqR8u1Uj4+iyEzptoVg=","legacyData"
"4ac64339-d551-43ae-87b1-57621f375920","NIWO_016.basePlot.vst","2015-08-26","vst_NIWO_2015","D13","NIWO","NIWO_016","41",,"41 _0","JUCO6","Juniperus communis L.","species",,,100,75,25,2.0,0.38,,"Xlq171H9ZZacHRTOGVYKqs8+16kKTkQj","b5Bt2/WAcobZn6HG5BJ0XugSCqR8u1Uj4+iyEzptoVg=","legacyData"
"49994548-efe2-479b-98e7-50053d7682a6","NIWO_016.basePlot.vst","2015-08-26","vst_NIWO_2015","D13","NIWO","NIWO_016","41",,"41 _0","JUCO6","Juniperus communis L.","species",,,100,95,5,2.0,0.24,,"Xlq171H9ZZacHRTOGVYKqs8+16kKTkQj","b5Bt2/WAcobZn6HG5BJ0XugSCqR8u1Uj4+iyEzptoVg=","legacyData"
"7a780b19-70f9-4aba-8f3f-9590fe3314e4","NIWO_016.basePlot.vst","2015-08-26","vst_NIWO_2015","D13","NIWO","NIWO_016","40",,"40 _0","JUCO6","Juniperus communis L.","species",,,100,75,25,2.0,0.46,,"Xlq171H9ZZacHRTOGVYKqs8+16kKTkQj","b5Bt2/WAcobZn6HG5BJ0XugSCqR8u1Uj4+iyEzptoVg=","legacyData"
"b23f5581-54d7-433a-9a1a-6ed6c44e52e7","NIWO_015.basePlot.vst","2015-08-27","vst_NIWO_2015","D13","NIWO","NIWO_015","40","3","40 _0","ABLA","Abies lasiocarpa (Hook.) Nutt.","species",,,100,95,5,1.0,0.20,,"Xlq171H9ZZacHRTOGVYKqs8+16kKTkQj","b5Bt2/WAcobZn6HG5BJ0XugSCqR8u1Uj4+iyEzptoVg=","legacyData"
"a975f9a7-ee88-47a1-92bd-3de8fbe5cfc8","NIWO_007.basePlot.vst","2015-08-28","vst_NIWO_2015","D13","NIWO","NIWO_007","31","4","31 _0","ABLA","Abies lasiocarpa (Hook.) Nutt.","species",,,100,95,5,3.0,0.72,"Canopy position left blank on data sheet. Canopy position not required in protocol.","P+EeY8owwbjzXaiaPoIJpc6mcpR6iWBh","b5Bt2/WAcobZn6HG5BJ0XugSCqR8u1Uj4+iyEzptoVg=","legacyData"
