uid,namedLocation,date,domainID,siteID,plotID,plotType,nlcdClass,decimalLatitude,decimalLongitude,geodeticDatum,coordinateUncertainty,easting,northing,utmZone,elevation,elevationUncertainty,eventID,samplingProtocolVersion,treesPresent,treesAbsentList,shrubsPresent,shrubsAbsentList,lianasPresent,lianasAbsentList,nestedSubplotAreaShrubSapling,nestedSubplotAreaLiana,totalSampledAreaTrees,totalSampledAreaShrubSapling,totalSampledAreaLiana,remarks,measuredBy,recordedBy,dataQF
"a87c1624-1c6e-459a-966a-021a0a7a7e75","NIWO_058.basePlot.vst","2015-08-03","D13","NIWO","NIWO_058","tower","shrubScrub",40.048719,-105.587181,"WGS84",10.1,449913.89,4433329.71,"13N",3446.4,0.1,"vst_NIWO_2015","NEON.DOC.000987vD",,,,,,,"noneSelected","noneSelected",400,400,400,,,"M2o8YewDo9ZZZVoB4CB60NP1k+iGVSeX","legacyData"
"4e637cb4-a61d-46eb-a324-6fd776d983c8","NIWO_042.basePlot.vst","2015-08-03","D13","NIWO","NIWO_042","tower","grasslandHerbaceous",40.048450,-105.584355,"WGS84",20.1,450154.75,4433298.27,"13N",3412.5,0.1,"vst_NIWO_2015","NEON.DOC.000987vD",,,,,,,"noneSelected","noneSelected",400,400,400,,,"XefZozMbeQn6vvswAkgz41/c6uAznSok","legacyData"
"05a1ad94-0b0b-4541-927e-fcfda85cfe96","NIWO_061.basePlot.vst","2015-08-06","D13","NIWO","NIWO_061","tower","evergreenForest",40.047615,-105.586103,"WGS84",10.2,450005.04,4433206.57,"13N",3413.4,0.4,"vst_NIWO_2015","NEON.DOC.000987vD",,,,,,,"10","noneSelected",400,80,400,,,"M2o8YewDo9ZZZVoB4CB60NP1k+iGVSeX","legacyData"
"aea746ad-d5a5-4bf7-9e57-292ab953670f","NIWO_064.basePlot.vst","2015-08-07","D13","NIWO","NIWO_064","tower","evergreenForest",40.047370,-105.583997,"WGS84",10.1,450184.50,4433178.20,"13N",3373.2,0.1,"vst_NIWO_2015","NEON.DOC.000987vD",,,,,,,"25","noneSelected",400,200,400,,,"M2o8YewDo9ZZZVoB4CB60NP1k+iGVSeX","legacyData"
"9a7a8c18-41d1-46a1-bcfb-7c814567b11b","NIWO_051.basePlot.vst","2015-08-12","D13","NIWO","NIWO_051","tower","grasslandHerbaceous",40.048439,-105.585417,"WGS84",10.1,450064.16,4433297.65,"13N",3427.4,0.1,"vst_NIWO_2015","NEON.DOC.000987vD",,,,,,,"noneSelected","noneSelected",400,400,400,,,"YQGD7F95APlUwE2tMnAo5z6OP2oWhM90jU8ejoIs6uE=","legacyData"
"830ab958-ce48-45a7-9767-c115007026a2","NIWO_045.basePlot.vst","2015-08-12","D13","NIWO","NIWO_045","tower","grasslandHerbaceous",40.046800,-105.586451,"WGS84",10.1,449974.76,4433116.31,"13N",3400.2,0.1,"vst_NIWO_2015","NEON.DOC.000987vD",,,,,,,"25","noneSelected",400,200,400,,,"qUVO/nUAMfcwJ+VhC50zNpG2o9W62IEc","legacyData"
"464f753b-ab6d-4a57-8c9b-353fabacf249","NIWO_046.basePlot.vst","2015-08-13","D13","NIWO","NIWO_046","tower","shrubScrub",40.048158,-105.586127,"WGS84",10.1,450003.39,4433266.86,"13N",3426.9,0.1,"vst_NIWO_2015","NEON.DOC.000987vD",,,,,,,"25","noneSelected",400,200,400,,,"M2o8YewDo9ZZZVoB4CB60NP1k+iGVSeX","legacyData"
"fbcfad77-c7e2-487b-a77d-ca48307e314a","NIWO_063.basePlot.vst","2015-08-14","D13","NIWO","NIWO_063","tower","shrubScrub",40.048980,-105.585058,"WGS84",10.1,450095.17,4433357.49,"13N",3432.7,0.1,"vst_NIWO_2015","NEON.DOC.000987vD",,,,,,,"noneSelected","noneSelected",400,400,400,,,"M2o8YewDo9ZZZVoB4CB60NP1k+iGVSeX","legacyData"
"270e21ef-90c2-438a-8385-b2e12be6ddd8","NIWO_041.basePlot.vst","2015-08-17","D13","NIWO","NIWO_041","tower","shrubScrub",40.050349,-105.582965,"WGS84",20.2,450274.70,4433508.27,"13N",3425.6,0.2,"vst_NIWO_2015","NEON.DOC.000987vD",,,,,,,"10","noneSelected",400,80,400,,,"XefZozMbeQn6vvswAkgz41/c6uAznSok","legacyData"
"1fad4ff2-a945-4ade-9640-cd900f48b7b2","NIWO_059.basePlot.vst","2015-08-17","D13","NIWO","NIWO_059","tower","grasslandHerbaceous",40.048717,-105.583295,"WGS84",10.1,450245.37,4433327.31,"13N",3397.9,0.1,"vst_NIWO_2015","NEON.DOC.000987vD",,,,,,,"noneSelected","noneSelected",400,400,400,,,"M2o8YewDo9ZZZVoB4CB60NP1k+iGVSeX","legacyData"
"b11657b3-7c05-4237-b6a3-5a9b62b8c7ce","NIWO_002.basePlot.vst","2015-08-19","D13","NIWO","NIWO_002","distributed","evergreenForest",40.041060,-105.547043,"WGS84",20.1,453332.43,4432457.82,"13N",3059.6,0.2,"vst_NIWO_2015","NEON.DOC.000987vD",,,,,,,"noneSelected","noneSelected",400,400,400,,"P+EeY8owwbjzXaiaPoIJpc6mcpR6iWBh","M2o8YewDo9ZZZVoB4CB60NP1k+iGVSeX","legacyData"
"f9d4ba07-61c2-4500-9912-cefc5ab65222","NIWO_023.basePlot.vst","2015-08-20","D13","NIWO","NIWO_023","distributed","grasslandHerbaceous",40.056627,-105.569307,"WGS84",20.1,451444.15,4434197.54,"13N",3453.8,0.1,"vst_NIWO_2015","NEON.DOC.000987vD",,,,,,,"noneSelected","noneSelected",400,400,400,,"P+EeY8owwbjzXaiaPoIJpc6mcpR6iWBh","M2o8YewDo9ZZZVoB4CB60NP1k+iGVSeX","legacyData"
"6b5f00fe-aeb2-4fb3-aefb-f879ba8a774c","NIWO_013.basePlot.vst","2015-08-20","D13","NIWO","NIWO_013","distributed","grasslandHerbaceous",40.059545,-105.583048,"WGS84",20.1,450274.31,4434529.00,"13N",3513.0,0.1,"vst_NIWO_2015","NEON.DOC.000987vD",,,,,,,"noneSelected","noneSelected",400,400,400,"Target Taxa = No","P+EeY8owwbjzXaiaPoIJpc6mcpR6iWBh","P+EeY8owwbjzXaiaPoIJpc6mcpR6iWBh","legacyData"
"72ecee1e-e4c4-49f9-a99b-90292ab1aabc","NIWO_006.basePlot.vst","2015-08-20","D13","NIWO","NIWO_006","distributed","grasslandHerbaceous",40.055052,-105.561552,"WGS84",20.1,452104.47,4434018.53,"13N",3469.2,0.1,"vst_NIWO_2015","NEON.DOC.000987vD",,,,,,,"noneSelected","noneSelected",400,400,400,,"Xlq171H9ZZacHRTOGVYKqs8+16kKTkQj","jW84+1730rbF9ydK4hYAjdKf4gTfgBlZ","legacyData"
"8d89268b-ee14-486a-bb5d-2e8c59719ad5","NIWO_024.basePlot.vst","2015-08-20","D13","NIWO","NIWO_024","distributed","grasslandHerbaceous",40.057098,-105.584770,"WGS84",20.1,450125.66,4434258.36,"13N",3548.5,0.1,"vst_NIWO_2015","NEON.DOC.000987vD",,,,,,,"noneSelected","noneSelected",400,400,400,,"Xlq171H9ZZZ5J3ckp1BdAB0lm0ecD5Q+","M2o8YewDo9ZZZVoB4CB60NP1k+iGVSeX","legacyData"
"cde69e55-80f1-4ba0-b0db-22e05c00c4eb","NIWO_003.basePlot.vst","2015-08-20","D13","NIWO","NIWO_003","distributed","grasslandHerbaceous",40.051247,-105.565041,"WGS84",20.1,451804.21,4433598.08,"13N",3494.9,0.1,"vst_NIWO_2015","NEON.DOC.000987vD",,,,,,,"noneSelected","noneSelected",400,400,400,,"P+EeY8owwbjzXaiaPoIJpc6mcpR6iWBh","jW84+1730rbF9ydK4hYAjdKf4gTfgBlZ","legacyData"
"fddb2546-9bab-43ff-964e-ef1a18d72db3","NIWO_018.basePlot.vst","2015-08-20","D13","NIWO","NIWO_018","distributed","grasslandHerbaceous",40.052498,-105.584022,"WGS84",20.1,450186.11,4433747.38,"13N",3476.4,0.1,"vst_NIWO_2015","NEON.DOC.000987vD",,,,,,,"noneSelected","noneSelected",400,400,400,,"Xlq171H9ZZacHRTOGVYKqs8+16kKTkQj","M2o8YewDo9ZZZVoB4CB60NP1k+iGVSeX","legacyData"
"34233de2-7b20-40c7-9a91-f3f09f20cecb","NIWO_007.basePlot.vst","2015-08-25","D13","NIWO","NIWO_007","distributed","evergreenForest",40.037739,-105.562156,"WGS84",20.2,452040.83,4432097.25,"13N",3171.3,0.2,"vst_NIWO_2015","NEON.DOC.000987vD",,,,,,,"25","noneSelected",400,200,400,,"P+EeY8owwbjzXaiaPoIJpc6mcpR6iWBh","M2o8YewDo9ZZZVoB4CB60NP1k+iGVSeX","legacyData"
"1012ccdb-acea-4af7-8af8-8a892160bc77","NIWO_004.basePlot.vst","2015-08-25","D13","NIWO","NIWO_004","distributed","evergreenForest",40.043059,-105.581501,"WGS84",20.1,450394.29,4432698.32,"13N",3312.5,0.1,"vst_NIWO_2015","NEON.DOC.000987vD",,,,,,,"25","noneSelected",400,200,400,,"P+EeY8owwbjzXaiaPoIJpc6mcpR6iWBh","M2o8YewDo9ZZZVoB4CB60NP1k+iGVSeX","legacyData"
"d70ba997-075f-4557-a3ec-dc3b3ba91b10","NIWO_016.basePlot.vst","2015-08-26","D13","NIWO","NIWO_016","distributed","evergreenForest",40.048377,-105.542505,"WGS84",20.2,453724.51,4433267.58,"13N",3110.0,0.2,"vst_NIWO_2015","NEON.DOC.000987vD",,,,,,,"noneSelected","noneSelected",400,400,400,,"Xlq171H9ZZacHRTOGVYKqs8+16kKTkQj","YQGD7F95APlUwE2tMnAo5z6OP2oWhM90jU8ejoIs6uE=","legacyData"
"5919f3ff-719c-49f6-a505-5c8bba8af52f","NIWO_014.basePlot.vst","2015-08-26","D13","NIWO","NIWO_014","distributed","evergreenForest",40.050779,-105.548151,"WGS84",20.1,453244.55,4433537.13,"13N",3214.4,0.1,"vst_NIWO_2015","NEON.DOC.000987vD",,,,,,,"10","noneSelected",400,80,400,,"P+EeY8owwbjzXaiaPoIJpc6mcpR6iWBh","Xlq171H9ZZacHRTOGVYKqs8+16kKTkQj","legacyData"
"500917f7-e083-4e01-855f-0700a96d8a36","NIWO_017.basePlot.vst","2015-08-27","D13","NIWO","NIWO_017","distributed","evergreenForest",40.041511,-105.567423,"WGS84",20.1,451594.15,4432518.76,"13N",3240.3,0.2,"vst_NIWO_2015","NEON.DOC.000987vD",,,,,,,"10","noneSelected",400,80,400,,"P+EeY8owwbjzXaiaPoIJpc6mcpR6iWBh","Xlq171H9ZZacHRTOGVYKqs8+16kKTkQj","legacyData"
"8d887acc-2aa3-4bfd-80a5-3554f9a7898e","NIWO_015.basePlot.vst","2015-08-27","D13","NIWO","NIWO_015","distributed","evergreenForest",40.040110,-105.572660,"WGS84",20.2,451146.39,4432366.12,"13N",3247.1,0.2,"vst_NIWO_2015","NEON.DOC.000987vD",,,,,,,"10","noneSelected",400,80,400,,"Xlq171H9ZZacHRTOGVYKqs8+16kKTkQj","Xlq171H9ZZacHRTOGVYKqs8+16kKTkQj","legacyData"
"f0cc18af-4ce4-4067-8ed8-5037bb2430a2","NIWO_008.basePlot.vst","2015-08-29","D13","NIWO","NIWO_008","distributed","grasslandHerbaceous",40.054475,-105.567875,"WGS84",20.1,451564.76,4433957.90,"13N",3500.2,0.1,"vst_NIWO_2015","NEON.DOC.000987vD",,,,,,,"noneSelected","noneSelected",400,400,400,"Target Taxa = No","P+EeY8owwbjzXaiaPoIJpc6mcpR6iWBh","P+EeY8owwbjzXaiaPoIJpc6mcpR6iWBh","legacyData"
"6d957cad-5867-44c7-9d3f-001571cb0f45","NIWO_010.basePlot.vst","2015-08-31","D13","NIWO","NIWO_010","distributed","evergreenForest",40.037194,-105.568794,"WGS84",20.2,451474.13,4432040.35,"13N",3188.7,0.5,"vst_NIWO_2015","NEON.DOC.000987vD",,,,,,,"25","noneSelected",400,200,400,,"AlpMPOItZU51pm3e5i9CbmdyQp9e64VA","5u8WzcwZH8HfkZhMOV00MU9eITJD6zwi","legacyData"
