uid,namedLocation,domainID,siteID,plotID,plotType,nlcdClass,decimalLatitude,decimalLongitude,geodeticDatum,coordinateUncertainty,elevation,elevationUncertainty,collectDate,eventID,sampleID,sampleCode,samplingMethod,totalSampledArea,targetTaxaPresent,adultCount,nymphCount,larvaCount,sampleCondition,samplingProtocolVersion,measuredBy,remarks
"76dbd60e-f90c-4a58-91ab-17dfb8ae950b","DELA_007.tickPlot.tck","D08","DELA","DELA_007","distributed","woodyWetlands",32.538957,-87.799922,"WGS84",20.2,25.7,0.2,"2016-06-16T13:50Z","DELA.2016.24",,,"drag and flag",160,"N",0,0,0,"No known compromise","NEON.DOC.014045vG","5ex9KfzuuBDXjbYUlJ1A9GMGGuz04WrJpLRu45pxUUU=",
"084303ac-1bd5-4e8f-8c8e-04e59a595454","DELA_016.tickPlot.tck","D08","DELA","DELA_016","distributed","evergreenForest",32.536850,-87.806995,"WGS84",20.2,23.6,0.3,"2016-06-16T14:29Z","DELA.2016.24",,,"drag",160,"N",0,0,0,"No known compromise","NEON.DOC.014045vG","ivIRHNyZLcsR/EGAdnc8sn41967l5+h5",
"d2e5e7fd-d652-43dc-b569-4955115bbd7e","DELA_001.tickPlot.tck","D08","DELA","DELA_001","distributed","woodyWetlands",32.533269,-87.805425,"WGS84",20.2,27.5,0.3,"2016-06-16T14:56Z","DELA.2016.24",,,"drag",160,"N",0,0,0,"No known compromise","NEON.DOC.014045vG","ivIRHNyZLcsR/EGAdnc8sn41967l5+h5",
"0eecf117-17a1-4591-a5b3-6e9e69485465","DELA_008.tickPlot.tck","D08","DELA","DELA_008","distributed","woodyWetlands",32.538884,-87.814145,"WGS84",20.1,24.5,0.2,"2016-06-16T15:38Z","DELA.2016.24",,,"drag and flag",160,"N",0,0,0,"No known compromise","NEON.DOC.014045vG","ivIRHNyZLcsR/EGAdnc8sn41967l5+h5",
"5ff52ada-3d21-4265-ab96-7e204b72ca63","DELA_005.tickPlot.tck","D08","DELA","DELA_005","distributed","woodyWetlands",32.524379,-87.813851,"WGS84",20.1,27.0,0.3,"2016-06-16T16:41Z","DELA.2016.24","DELA_005.20160616",,"drag and flag",160,"Y",0,1,0,"No known compromise","NEON.DOC.014045vG","ivIRHNyZLcsR/EGAdnc8sn41967l5+h5",
"ee8631f8-9e55-4368-ad51-4d7007e572f6","DELA_014.tickPlot.tck","D08","DELA","DELA_014","distributed","evergreenForest",32.530627,-87.819367,"WGS84",20.2,33.0,0.2,"2016-06-16T17:11Z","DELA.2016.24",,,"drag",160,"N",0,0,0,"No known compromise","NEON.DOC.014045vG","WyZqSBC++yIyH9bWlefXNeD/gGngDtl/",
