uid,namedLocation,domainID,siteID,plotID,plotType,nlcdClass,decimalLatitude,decimalLongitude,geodeticDatum,coordinateUncertainty,elevation,elevationUncertainty,collectDate,eventID,sampleID,sampleCode,samplingMethod,totalSampledArea,targetTaxaPresent,adultCount,nymphCount,larvaCount,sampleCondition,samplingProtocolVersion,measuredBy,remarks
"a35dac53-f064-4ef3-a59f-25d4310cbdca","CPER_002.tickPlot.tck","D10","CPER","CPER_002","distributed","grasslandHerbaceous",40.811446,-104.727626,"WGS84",20.1,1645.8,0.1,"2017-09-11T15:07Z","CPER.2017.38",,,"drag",160,"N",0,0,0,"No known compromise","NEON.DOC.014045vH","wUoOeYeNRd+jgp17zK6rKygN5eUry8XOUwCtK+M4jBE=",
"828ce676-28a6-47b2-a195-80de87236248","CPER_004.tickPlot.tck","D10","CPER","CPER_004","distributed","grasslandHerbaceous",40.814104,-104.696817,"WGS84",20.1,1617.2,0.1,"2017-09-11T15:55Z","CPER.2017.38",,,"drag",160,"N",0,0,0,,"NEON.DOC.014045vH","i+7wBO4AjDQsMiI2vsaNUjKeg7MpgOnsdoQyr+8BTI4=",
"9dd5b183-a536-4a5a-87dd-d5c6b2d387c7","CPER_003.tickPlot.tck","D10","CPER","CPER_003","distributed","grasslandHerbaceous",40.819808,-104.707147,"WGS84",20.1,1625.7,0.1,"2017-09-11T16:41Z","CPER.2017.38",,,"drag",160,"N",0,0,0,"No known compromise","NEON.DOC.014045vH","wUoOeYeNRd+jgp17zK6rKygN5eUry8XOUwCtK+M4jBE=",
"81bd7956-d792-40bf-8310-9721e4a40df3","CPER_005.tickPlot.tck","D10","CPER","CPER_005","distributed","grasslandHerbaceous",40.852571,-104.726331,"WGS84",20.1,1662.6,0.1,"2017-09-11T17:41Z","CPER.2017.38",,,"drag and flag",160,"N",0,0,0,,"NEON.DOC.014045vH","i+7wBO4AjDQsMiI2vsaNUjKeg7MpgOnsdoQyr+8BTI4=",
"2a6ba70e-7571-436a-8cb8-3c201dc1f10d","CPER_001.tickPlot.tck","D10","CPER","CPER_001","distributed","grasslandHerbaceous",40.851012,-104.701302,"WGS84",20.1,1639.1,0.1,"2017-09-11T18:52Z","CPER.2017.38",,,"drag",160,"N",0,0,0,"No known compromise","NEON.DOC.014045vH","wUoOeYeNRd+jgp17zK6rKygN5eUry8XOUwCtK+M4jBE=",
"3003466d-43fa-4e89-acb3-e52e65bc8a89","CPER_007.tickPlot.tck","D10","CPER","CPER_007","distributed","grasslandHerbaceous",40.860878,-104.684952,"WGS84",20.1,1646.7,0.1,"2017-09-11T19:35Z","CPER.2017.38",,,"drag",160,"N",0,0,0,,"NEON.DOC.014045vH","i+7wBO4AjDQsMiI2vsaNUjKeg7MpgOnsdoQyr+8BTI4=",
