uid,namedLocation,domainID,siteID,plotID,plotType,nlcdClass,decimalLatitude,decimalLongitude,geodeticDatum,coordinateUncertainty,elevation,elevationUncertainty,collectDate,eventID,sampleID,sampleCode,samplingMethod,totalSampledArea,targetTaxaPresent,adultCount,nymphCount,larvaCount,sampleCondition,samplingProtocolVersion,measuredBy,remarks
"3955fd33-43e8-48fa-ab38-b8378c775307","ORNL_002.tickPlot.tck","D07","ORNL","ORNL_002","distributed","deciduousForest",35.983090,-84.211654,"WGS84",20.3,338.6,0.5,"2018-07-12T12:44Z","ORNL.2018.28","ORNL_002.20180712","A00000012569","drag and flag",162,"Y",1,93,193,"No known compromise","NEON.DOC.014045vJ","nAKPQvGWPz3rFv4/63mKy/6PZ3ONZ0BTbNHKq62JfrI=",
"40e5e1cf-16ca-4fa9-b8e1-e80f01d7fef9","ORNL_007.tickPlot.tck","D07","ORNL","ORNL_007","distributed","deciduousForest",35.925843,-84.328420,"WGS84",20.2,279.4,0.5,"2018-07-12T12:48Z","ORNL.2018.28","ORNL_007.20180712","B00000025092","drag",163,"Y",0,15,12,"No known compromise","NEON.DOC.014045vJ","01CGT3wgmyhk8ju68sLWvKMg+1LBE0qlVRvi09peaa+n6pRik4oh8g==",
"4c9fb453-2066-4761-a8e0-8c0d04290eb3","ORNL_009.tickPlot.tck","D07","ORNL","ORNL_009","distributed","deciduousForest",35.974902,-84.226630,"WGS84",20.2,337.1,0.2,"2018-07-12T14:25Z","ORNL.2018.28","ORNL_009.20180712","A00000012560","drag and flag",161,"Y",1,36,0,"No known compromise","NEON.DOC.014045vJ","01CGT3wgmyhk8ju68sLWvKMg+1LBE0qlVRvi09peaa+n6pRik4oh8g==",
"17cbd26e-0d46-4872-b709-c5fb58d7cc4b","ORNL_003.tickPlot.tck","D07","ORNL","ORNL_003","distributed","deciduousForest",35.967011,-84.229849,"WGS84",20.2,275.5,0.2,"2018-07-12T15:28Z","ORNL.2018.28","ORNL_003.20180712","A00000012982","drag and flag",178,"Y",0,4,0,"No known compromise","NEON.DOC.014045vJ","01CGT3wgmyhk8ju68sLWvKMg+1LBE0qlVRvi09peaa+n6pRik4oh8g==",
"073a16a5-821d-4a34-abae-09fe13e03b64","ORNL_008.tickPlot.tck","D07","ORNL","ORNL_008","distributed","deciduousForest",35.933531,-84.334016,"WGS84",20.3,322.7,0.3,"2018-07-12T15:44Z","ORNL.2018.28","ORNL_008.20180712","A00000012567","drag and flag",162,"Y",0,24,74,"No known compromise","NEON.DOC.014045vJ","nAKPQvGWPz3rFv4/63mKy/6PZ3ONZ0BTbNHKq62JfrI=",
"d9588285-4369-4b85-94e8-7c1f92b55be3","ORNL_040.tickPlot.tck","D07","ORNL","ORNL_040","distributed","evergreenForest",35.975525,-84.305103,"WGS84",20.2,273.2,0.2,"2018-07-12T17:56Z","ORNL.2018.28","ORNL_040.20180712","B00000025304","drag and flag",164,"Y",1,6,70,"No known compromise","NEON.DOC.014045vJ","nAKPQvGWPz3rFv4/63mKy/6PZ3ONZ0BTbNHKq62JfrI=",
