uid,namedLocation,domainID,siteID,plotID,plotType,nlcdClass,decimalLatitude,decimalLongitude,geodeticDatum,coordinateUncertainty,elevation,elevationUncertainty,collectDate,eventID,sampleID,sampleCode,samplingMethod,totalSampledArea,targetTaxaPresent,adultCount,nymphCount,larvaCount,sampleCondition,samplingProtocolVersion,measuredBy,remarks
"b436c349-f98c-4408-a6be-0ce6f80911fb","JERC_010.tickPlot.tck","D03","JERC","JERC_010","distributed","deciduousForest",31.209219,-84.470530,"WGS84",20.2,40.5,0.5,"2017-06-06T23:10Z","JERC.2017.24",,,"drag",160,"N",0,0,0,"No known compromise","NEON.DOC.014045vH","q+sogNxuTpaaq3nt4H3feKdAxSnPr68l",
"59f8cd4e-2c58-4142-859c-26848982ebc8","JERC_002.tickPlot.tck","D03","JERC","JERC_002","distributed","evergreenForest",31.194065,-84.461537,"WGS84",20.3,56.0,0.5,"2017-06-06T23:35Z","JERC.2017.24",,,"drag and flag",160,"N",0,0,0,,"NEON.DOC.014045vH","PQeS3Ivl8n7p349q3TXUdwRmVPP1d5yRBGiZV9rpo2U=",
"47059a00-317f-48d4-b1a0-52530f876e34","JERC_004.tickPlot.tck","D03","JERC","JERC_004","distributed","cultivatedCrops",31.190115,-84.467381,"WGS84",20.1,43.6,0.2,"2017-06-06T23:55Z","JERC.2017.24",,,"drag",160,"N",0,0,0,,"NEON.DOC.014045vH","K9OTaQ0zZCLKuSI2a22zmxo5JPNK03YOJDKl7AdSUww=",
"2c392169-9740-41f9-8acf-315e6011a798","JERC_044.tickPlot.tck","D03","JERC","JERC_044","distributed","mixedForest",31.195549,-84.482479,"WGS84",20.1,42.5,0.1,"2017-06-07T00:00Z","JERC.2017.24",,,"drag and flag",130,"N",0,0,0,"No known compromise","NEON.DOC.014045vH","q+sogNxuTpaaq3nt4H3feKdAxSnPr68l",
"6b913e81-3aa8-4524-9642-9945aa94744f","JERC_011.tickPlot.tck","D03","JERC","JERC_011","distributed","evergreenForest",31.184787,-84.466700,"WGS84",20.1,40.0,0.1,"2017-06-07T00:15Z","JERC.2017.24",,,"drag and flag",160,"N",0,0,0,,"NEON.DOC.014045vH","K9OTaQ0zZCLKuSI2a22zmxo5JPNK03YOJDKl7AdSUww=",
