uid,namedLocation,domainID,siteID,plotID,plotType,nlcdClass,decimalLatitude,decimalLongitude,geodeticDatum,coordinateUncertainty,elevation,elevationUncertainty,collectDate,eventID,sampleID,sampleCode,samplingMethod,totalSampledArea,targetTaxaPresent,adultCount,nymphCount,larvaCount,sampleCondition,samplingProtocolVersion,measuredBy,remarks
"b75bfa5f-a61e-454a-8bb7-edd2f5726de4","KONZ_025.tickPlot.tck","D06","KONZ","KONZ_025","distributed","deciduousForest",39.103714,-96.597832,"WGS84",20.1,337.3,0.1,"2016-03-03T15:21Z","KONZ.2016.9",,,"drag",165,"N",0,0,0,"No known compromise","NEON.DOC.014045vG","uXSN77Q7x9cACyt+x8PEhxuBjTDRBKZV",
"8f77e363-ade4-4216-ae69-6fed72226b52","KONZ_009.tickPlot.tck","D06","KONZ","KONZ_009","distributed","grasslandHerbaceous",39.107902,-96.584438,"WGS84",20.1,391.9,0.1,"2016-03-03T16:27Z","KONZ.2016.9",,,"drag and flag",160,"N",0,0,0,"No known compromise","NEON.DOC.014045vG","uXSN77Q7x9cACyt+x8PEhxuBjTDRBKZV",
"ab6a7ce3-df5a-4e9b-a206-d179c38752b7","KONZ_002.tickPlot.tck","D06","KONZ","KONZ_002","distributed","grasslandHerbaceous",39.118977,-96.547146,"WGS84",20.0,394.4,0.0,"2016-03-03T17:45Z","KONZ.2016.9",,,"drag and flag",160,"N",0,0,0,"No known compromise","NEON.DOC.014045vG","uXSN77Q7x9cACyt+x8PEhxuBjTDRBKZV",
"3f6135c8-d420-412d-841d-9ee33af27ea1","KONZ_004.tickPlot.tck","D06","KONZ","KONZ_004","distributed","grasslandHerbaceous",39.109647,-96.551370,"WGS84",20.0,371.9,0.0,"2016-03-03T18:37Z","KONZ.2016.9",,,"drag",160,"N",0,0,0,"No known compromise","NEON.DOC.014045vG","IwiAeKKpgyDNoYNXo7Ff5Z9mnt7Mfl5M",
"dbf617b6-fb33-4934-bb6c-a5fc2f2cc0cb","KONZ_007.tickPlot.tck","D06","KONZ","KONZ_007","distributed","grasslandHerbaceous",39.087937,-96.545919,"WGS84",20.1,434.0,0.1,"2016-03-03T19:22Z","KONZ.2016.9",,,"drag and flag",150,"N",0,0,0,"No known compromise","NEON.DOC.014045vG","uXSN77Q7x9cACyt+x8PEhxuBjTDRBKZV","High gusty winds"
"c01a33a7-a900-43ce-a70e-a12bcd9cde76","KONZ_001.tickPlot.tck","D06","KONZ","KONZ_001","distributed","grasslandHerbaceous",39.074114,-96.557107,"WGS84",20.0,423.7,0.0,"2016-03-03T19:45Z","KONZ.2016.9",,,"drag and flag",160,"N",0,0,0,"No known compromise","NEON.DOC.014045vG","IwiAeKKpgyDNoYNXo7Ff5Z9mnt7Mfl5M",
"696b05e8-fd63-476c-8203-e74dd3a4be0b","KONZ_025.tickPlot.tck","D06","KONZ","KONZ_025","distributed","deciduousForest",39.103714,-96.597832,"WGS84",20.1,337.3,0.1,"2016-03-25T15:31Z","KONZ.2016.12",,,"drag",160,"N",0,0,0,"No known compromise","NEON.DOC.014045vG","ijn3KHaIUtV0sWekGETx2NQD751nHxr3",
"4b3ec37b-64be-4852-9597-6035829514b2","KONZ_009.tickPlot.tck","D06","KONZ","KONZ_009","distributed","grasslandHerbaceous",39.107902,-96.584438,"WGS84",20.1,391.9,0.1,"2016-03-25T16:19Z","KONZ.2016.12",,,"drag",160,"N",0,0,0,"No known compromise","NEON.DOC.014045vG","ijn3KHaIUtV0sWekGETx2NQD751nHxr3",
"757f763b-c8fb-472a-b202-797ccd55d7df","KONZ_002.tickPlot.tck","D06","KONZ","KONZ_002","distributed","grasslandHerbaceous",39.118977,-96.547146,"WGS84",20.0,394.4,0.0,"2016-03-25T17:44Z","KONZ.2016.12",,,"drag and flag",160,"N",0,0,0,"No known compromise","NEON.DOC.014045vG","ijn3KHaIUtV0sWekGETx2NQD751nHxr3","Recently burned since last sampling bout"
"c17c2025-b360-4c69-90cd-addc8c0cdf0a","KONZ_004.tickPlot.tck","D06","KONZ","KONZ_004","distributed","grasslandHerbaceous",39.109647,-96.551370,"WGS84",20.0,371.9,0.0,"2016-03-25T18:34Z","KONZ.2016.12",,,"drag",160,"N",0,0,0,"No known compromise","NEON.DOC.014045vG","JGWJZ1XW1agSnvj4BXBgaByExANCyS2s","Recently burned since last sampling bout"
"da97a0bb-828c-4087-a2b4-8d241d2ea97a","KONZ_007.tickPlot.tck","D06","KONZ","KONZ_007","distributed","grasslandHerbaceous",39.087937,-96.545919,"WGS84",20.1,434.0,0.1,"2016-03-25T19:18Z","KONZ.2016.12",,,"drag and flag",160,"N",0,0,0,"No known compromise","NEON.DOC.014045vG","ijn3KHaIUtV0sWekGETx2NQD751nHxr3",
"b9e0fa21-05ff-442e-ab24-8f263d659fff","KONZ_001.tickPlot.tck","D06","KONZ","KONZ_001","distributed","grasslandHerbaceous",39.074114,-96.557107,"WGS84",20.0,423.7,0.0,"2016-03-25T19:46Z","KONZ.2016.12",,,"drag",160,"N",0,0,0,"No known compromise","NEON.DOC.014045vG","JGWJZ1XW1agSnvj4BXBgaByExANCyS2s",
