uid,namedLocation,domainID,siteID,plotID,plotType,nlcdClass,decimalLatitude,decimalLongitude,geodeticDatum,coordinateUncertainty,elevation,elevationUncertainty,collectDate,eventID,sampleID,sampleCode,samplingMethod,totalSampledArea,targetTaxaPresent,adultCount,nymphCount,larvaCount,sampleCondition,samplingProtocolVersion,measuredBy,remarks
"9f8ef198-56b7-431e-ad8b-2274933000a4","ONAQ_011.tickPlot.tck","D15","ONAQ","ONAQ_011","distributed","shrubScrub",40.152051,-112.455478,"WGS84",20.1,1617.0,0.1,"2016-05-12T16:00Z","ONAQ.2016.19",,,"drag and flag",178,"N",0,0,0,"No known compromise","NEON.DOC.014045vG","tVINx7c4pWTPUDF1Ua+FBOAP5Hlia8uK","Dev: 2.0m +2.0m +1.0m+ 2.0m +1.0m + 1.0m + 1.0m +1.0m +2.0m +3.0m +1.0m +0.5m"
"ef8141d3-5805-4402-a449-7e624a3b5ba0","ONAQ_009.tickPlot.tck","D15","ONAQ","ONAQ_009","distributed","shrubScrub",40.160581,-112.469377,"WGS84",20.1,1668.8,0.1,"2016-05-12T17:53Z","ONAQ.2016.19",,,"drag and flag",172,"N",0,0,0,"No known compromise","NEON.DOC.014045vG","tVINx7c4pWTPUDF1Ua+FBOAP5Hlia8uK","Dev: 1.0m +2.0m +3.0m +1.0m + 1.0m +4.0m"
"2898b19f-48d0-44be-a46a-7531fc101bab","ONAQ_004.tickPlot.tck","D15","ONAQ","ONAQ_004","distributed","shrubScrub",40.187291,-112.471870,"WGS84",,1710.4,,"2016-05-12T19:42Z","ONAQ.2016.19",,,"drag and flag",171,"N",0,0,0,"No known compromise","NEON.DOC.014045vG","614VJGZ9C2hWOtRFMMwQvmUf03XJ1LSC","Dev: 1.5m + 2.0m +2.0m + 1.0m +4.0m"
"9b067719-8b7c-47bb-80dd-8e582d5d7947","ONAQ_023.tickPlot.tck","D15","ONAQ","ONAQ_023","distributed","evergreenForest",40.193985,-112.507206,"WGS84",20.1,1860.6,0.1,"2016-05-12T21:00Z","ONAQ.2016.19",,,"drag and flag",175,"N",0,0,0,"No known compromise","NEON.DOC.014045vG","tVINx7c4pWTPUDF1Ua+FBOAP5Hlia8uK","Dev: 3.0m +1.0m +1.5m +4.0m +4.0m +1.0m"
"055b4d66-d4e8-412b-81b7-9b449be90cbe","ONAQ_016.tickPlot.tck","D15","ONAQ","ONAQ_016","distributed","shrubScrub",40.175449,-112.444448,"WGS84",20.1,1635.3,0.1,"2016-05-12T22:40Z","ONAQ.2016.19",,,"drag and flag",171,"N",0,0,0,"No known compromise","NEON.DOC.014045vG","tVINx7c4pWTPUDF1Ua+FBOAP5Hlia8uK","Dev: 4.0m + 3.0m +3.0m +1.0m"
"349b50f0-ffd2-4489-b92b-0f4729f3e51e","ONAQ_005.tickPlot.tck","D15","ONAQ","ONAQ_005","distributed","shrubScrub",40.181926,-112.432741,"WGS84",20.1,1617.2,0.1,"2016-05-13T00:30Z","ONAQ.2016.19",,,"drag and flag",161,"N",0,0,0,"No known compromise","NEON.DOC.014045vG","tVINx7c4pWTPUDF1Ua+FBOAP5Hlia8uK","Dev: 1.0m"
