uid,namedLocation,domainID,siteID,plotID,plotType,nlcdClass,decimalLatitude,decimalLongitude,geodeticDatum,coordinateUncertainty,elevation,elevationUncertainty,collectDate,eventID,sampleID,sampleCode,samplingMethod,totalSampledArea,targetTaxaPresent,adultCount,nymphCount,larvaCount,sampleCondition,samplingProtocolVersion,measuredBy,remarks
"dc13b5cd-30ac-4650-89a3-4eb7ba9a541f","NOGP_006.tickPlot.tck","D09","NOGP","NOGP_006","distributed","grasslandHerbaceous",46.768522,-100.918874,"WGS84",20.1,588.6,0.1,"2018-08-13T15:00Z","NOGP.2018.33",,,"drag",160,"N",0,0,0,,"NEON.DOC.014045vJ","kgKC0n2jXl+KChnZj+ASFTdtKzbfWjgzPFcDxQqoSz0=",
"c69c291f-36f9-4d44-b534-614218e93e48","NOGP_008.tickPlot.tck","D09","NOGP","NOGP_008","distributed","grasslandHerbaceous",46.783500,-100.905977,"WGS84",20.1,562.0,0.1,"2018-08-13T18:00Z","NOGP.2018.33",,,"drag",160,"N",0,0,0,,"NEON.DOC.014045vJ","fUBrEL92x7IW4Uq93VugiQzszX3I41zjPC7fWv1PjaY=","3 out of 4 corners located used tape and compass to determine fourth corner for sampling"
"d0c0947c-8f96-4ed8-a1c7-185ff6e64502","NOGP_005.tickPlot.tck","D09","NOGP","NOGP_005","distributed","grasslandHerbaceous",46.787576,-100.916830,"WGS84",20.0,564.6,0.0,"2018-08-13T18:39Z","NOGP.2018.33",,,"drag",160,"N",0,0,0,,"NEON.DOC.014045vJ","kgKC0n2jXl+KChnZj+ASFTdtKzbfWjgzPFcDxQqoSz0=",
"cbd2423c-ab3f-473e-9edc-98c4e528df16","NOGP_002.tickPlot.tck","D09","NOGP","NOGP_002","distributed","grasslandHerbaceous",46.797460,-100.910668,"WGS84",20.1,544.6,0.1,"2018-08-13T19:09Z","NOGP.2018.33",,,"drag",160,"N",0,0,0,,"NEON.DOC.014045vJ","fUBrEL92x7IW4Uq93VugiQzszX3I41zjPC7fWv1PjaY=",
"cdadf0d4-b355-4bff-a9c4-dfccba11a442","NOGP_001.tickPlot.tck","D09","NOGP","NOGP_001","distributed","grasslandHerbaceous",46.804811,-100.916048,"WGS84",20.0,530.7,0.0,"2018-08-13T19:49Z","NOGP.2018.33",,,"drag",160,"N",0,0,0,,"NEON.DOC.014045vJ","kgKC0n2jXl+KChnZj+ASFTdtKzbfWjgzPFcDxQqoSz0=",
"f0378406-6444-4ccf-9c11-53f26f9397ed","NOGP_007.tickPlot.tck","D09","NOGP","NOGP_007","distributed","grasslandHerbaceous",46.813251,-100.903783,"WGS84",20.0,527.7,0.0,"2018-08-13T20:15Z","NOGP.2018.33",,,"drag",160,"N",0,0,0,,"NEON.DOC.014045vJ","kgKC0n2jXl+KChnZj+ASFTdtKzbfWjgzPFcDxQqoSz0=",
