uid,namedLocation,domainID,siteID,plotID,plotType,nlcdClass,decimalLatitude,decimalLongitude,geodeticDatum,coordinateUncertainty,elevation,elevationUncertainty,collectDate,eventID,sampleID,sampleCode,samplingMethod,totalSampledArea,targetTaxaPresent,adultCount,nymphCount,larvaCount,sampleCondition,samplingProtocolVersion,measuredBy,remarks
"e963bf0b-09cb-438b-bd6c-c801e079d4fc","SRER_007.tickPlot.tck","D14","SRER","SRER_007","distributed","shrubScrub",31.898810,-110.874149,"WGS84",20.1,934.9,0.1,"2016-08-18T15:54Z","SRER.2016.33",,,"drag and flag",174,"N",0,0,0,"No known compromise","NEON.DOC.014045vG","UIJq0EC2zUCy2xPAxK9r79bnMR9wnxET","16 m deviation"
"fdadf4bc-1d72-4b68-85b6-c9668a2871b9","SRER_008.tickPlot.tck","D14","SRER","SRER_008","distributed","shrubScrub",31.868129,-110.813836,"WGS84",20.1,1172.7,0.1,"2016-08-18T16:53Z","SRER.2016.33",,,"drag and flag",150,"N",0,0,0,"No known compromise","NEON.DOC.014045vG","/ByrziN0LguMJHnInl2NM/trZeA5h+c0",
"d2bd32a4-3d6b-439c-b26c-8fd3b2000d6a","SRER_002.tickPlot.tck","D14","SRER","SRER_002","distributed","shrubScrub",31.871226,-110.855454,"WGS84",20.1,1032.1,0.1,"2016-08-18T17:15Z","SRER.2016.33",,,"drag",177,"N",0,0,0,"No known compromise","NEON.DOC.014045vG","6/MDNjBdx91fPJzKzkLVIEjCDrbXanj2LXB+Tl9Dya8=",
"ac2fd8e2-3855-4519-9bab-367ef0bd3a22","SRER_006.tickPlot.tck","D14","SRER","SRER_006","distributed","shrubScrub",31.797005,-110.910555,"WGS84",20.1,1046.3,0.1,"2016-08-18T19:28Z","SRER.2016.33",,,"drag and flag",178,"N",0,0,0,"No known compromise","NEON.DOC.014045vG","UIJq0EC2zUCy2xPAxK9r79bnMR9wnxET","18 m deviation"
"a93783b4-4759-48ec-9574-630222ffd8a1","SRER_003.tickPlot.tck","D14","SRER","SRER_003","distributed","shrubScrub",31.840004,-110.915794,"WGS84",20.1,977.6,0.1,"2016-08-18T20:50Z","SRER.2016.33",,,"drag and flag",174,"N",0,0,0,"No known compromise","NEON.DOC.014045vG","UIJq0EC2zUCy2xPAxK9r79bnMR9wnxET","14 m deviation"
