uid,namedLocation,date,domainID,siteID,plotID,plotType,nlcdClass,decimalLatitude,decimalLongitude,geodeticDatum,coordinateUncertainty,easting,northing,utmZone,elevation,elevationUncertainty,eventID,samplingProtocolVersion,treesPresent,treesAbsentList,shrubsPresent,shrubsAbsentList,lianasPresent,lianasAbsentList,nestedSubplotAreaShrubSapling,nestedSubplotAreaLiana,totalSampledAreaTrees,totalSampledAreaShrubSapling,totalSampledAreaLiana,remarks,measuredBy,recordedBy,dataQF
"a1fa1ab3-4a75-45c1-bec4-e1137d18ffbd","HARV_004.basePlot.vst","2014-07-21","D01","HARV","HARV_004","distributed","mixedForest",42.427091,-72.229737,"WGS84",20.2,727894.17,4700915.85,"18N",199.7,0.2,"vst_HARV_2014","NEON.DOC.000987vD",,,,,,,"noneSelected","noneSelected",400,400,400,,"HhgrL8V3jN2VlZkgg4tKdQ==",,"legacyData"
"b683c3f4-f74a-45f8-9aa2-7e4d70b639e9","HARV_004.basePlot.vst","2014-07-25","D01","HARV","HARV_004","distributed","mixedForest",42.427091,-72.229737,"WGS84",20.2,727894.17,4700915.85,"18N",199.7,0.2,"vst_HARV_2014","NEON.DOC.000987vD",,,,,,,"noneSelected","noneSelected",400,400,400,,"4lql1spsNJQU4WwqBAD1Kg==",,"legacyData"
"448b5274-674b-4304-821c-c01ca13f5559","HARV_002.basePlot.vst","2014-07-29","D01","HARV","HARV_002","distributed","deciduousForest",42.478578,-72.259572,"WGS84",20.2,725254.91,4706553.74,"18N",192.6,0.3,"vst_HARV_2014","NEON.DOC.000987vD",,,,,,,"noneSelected","noneSelected",400,400,400,,"ugEd8ikOwpl+mQMB7FjZiw==",,"legacyData"
"c498460d-6cb7-4711-884b-b6a44fd7466e","HARV_021.basePlot.vst","2014-07-29","D01","HARV","HARV_021","distributed","evergreenForest",42.452440,-72.250500,"WGS84",20.1,726094.76,4703675.27,"18N",174.6,0.2,"vst_HARV_2014","NEON.DOC.000987vD",,,,,,,"noneSelected","noneSelected",400,400,400,"QC: NO ERRORS","ugEd8ikOwpl+mQMB7FjZiw==",,"legacyData"
"ac505ce0-5f7a-4292-ba3c-fdabdb219584","HARV_016.basePlot.vst","2014-07-29","D01","HARV","HARV_016","distributed","woodyWetlands",42.458480,-72.232000,"WGS84",20.2,727594.26,4704395.49,"18N",230.5,0.2,"vst_HARV_2014","NEON.DOC.000987vD",,,,,,,"noneSelected","noneSelected",400,400,400,,"HhgrL8V3jN2VlZkgg4tKdQ==",,"legacyData"
"1a1c8e47-e406-44af-8efe-5b6dec6c4734","HARV_011.basePlot.vst","2014-07-29","D01","HARV","HARV_011","distributed","deciduousForest",42.455939,-72.238279,"WGS84",20.2,727087.13,4704096.49,"18N",231.6,0.3,"vst_HARV_2014","NEON.DOC.000987vD",,,,,,,"noneSelected","noneSelected",400,400,400,,"HhgrL8V3jN2VlZkgg4tKdQ==",,"legacyData"
"73f2ea64-4203-489d-9b31-f0c1c5a44f8b","HARV_024.basePlot.vst","2014-07-29","D01","HARV","HARV_024","distributed","woodyWetlands",42.460002,-72.250871,"WGS84",20.1,726037.03,4704514.04,"18N",175.0,0.1,"vst_HARV_2014","NEON.DOC.000987vD",,,,,,,"unknown","unknown",400,,,,,,"legacyData"
"6f09d6c1-26ee-4ed6-a84b-1ff3923b10ae","HARV_001.basePlot.vst","2014-07-30","D01","HARV","HARV_001","distributed","deciduousForest",42.424254,-72.258286,"WGS84",20.2,725555.61,4700524.52,"18N",190.6,0.3,"vst_HARV_2014","NEON.DOC.000987vD",,,,,,,"noneSelected","noneSelected",400,400,400,,"iyifn2RN8QO35kHQfcZXEw==",,"legacyData"
"fdd5c7df-829c-4951-9882-d57eac82a7d1","HARV_010.basePlot.vst","2014-07-30","D01","HARV","HARV_010","distributed","mixedForest",42.424733,-72.254600,"WGS84",20.1,725857.16,4700587.52,"18N",206.5,0.2,"vst_HARV_2014","NEON.DOC.000987vD",,,,,,,"noneSelected","noneSelected",400,400,400,,"iyifn2RN8QO35kHQfcZXEw==",,"legacyData"
"569ef8d7-c675-4693-9e07-52d77362016b","HARV_006.basePlot.vst","2014-07-30","D01","HARV","HARV_006","distributed","deciduousForest",42.403097,-72.253722,"WGS84",20.2,726007.13,4698187.21,"18N",188.5,0.3,"vst_HARV_2014","NEON.DOC.000987vD",,,,,,,"noneSelected","noneSelected",400,400,400,,"ugEd8ikOwpl+mQMB7FjZiw==",,"legacyData"
"5450876d-2263-41ac-9d58-8e2a1be57abf","HARV_026.basePlot.vst","2014-07-30","D01","HARV","HARV_026","distributed","evergreenForest",42.410787,-72.247263,"WGS84",20.3,726511.02,4699058.39,"18N",193.2,0.3,"vst_HARV_2014","NEON.DOC.000987vD",,,,,,,"noneSelected","noneSelected",400,400,400,,"ugEd8ikOwpl+mQMB7FjZiw==",,"legacyData"
"8bb1ef6e-e094-4f24-9b11-5a808e8e6988","HARV_014.basePlot.vst","2014-07-30","D01","HARV","HARV_014","distributed","mixedForest",42.471451,-72.265726,"WGS84",20.2,724774.56,4705745.95,"18N",201.4,0.2,"vst_HARV_2014","NEON.DOC.000987vD",,,,,,,"noneSelected","noneSelected",400,400,400,,"r9TmJceGQn9Mas2gKsHx4g==",,"legacyData"
"13c7bb5b-ac4b-473b-8b04-2fd207ea0807","HARV_012.basePlot.vst","2014-07-31","D01","HARV","HARV_012","distributed","deciduousForest",42.429498,-72.239809,"WGS84",20.2,727056.85,4701156.14,"18N",233.2,0.2,"vst_HARV_2014","NEON.DOC.000987vD",,,,,,,"noneSelected","noneSelected",400,400,400,,"67MigL3oyqAlMd7fongckA==",,"legacyData"
"670907a1-bf83-4c40-9db5-4f2681fe1d91","HARV_012.basePlot.vst","2014-07-31","D01","HARV","HARV_012","distributed","deciduousForest",42.429498,-72.239809,"WGS84",20.2,727056.85,4701156.14,"18N",233.2,0.2,"vst_HARV_2014","NEON.DOC.000987vD",,,,,,,"noneSelected","noneSelected",400,400,400,,"Dg/QAq2eeKwG8cAxmJD8dA==",,"legacyData"
"ce2c5c13-91d9-49ac-b3bb-2b09c297f9a5","HARV_005.basePlot.vst","2014-07-31","D01","HARV","HARV_005","distributed","deciduousForest",42.489480,-72.275200,"WGS84",20.1,723931.33,4707722.99,"18N",187.7,0.2,"vst_HARV_2014","NEON.DOC.000987vD",,,,,,,"unknown","unknown",400,,,"nested subplot sizes not recorded at time of measurement.",,,"legacyData"
"dd8fb326-e281-49d0-b703-4ddd6bb712f8","HARV_027.basePlot.vst","2014-07-31","D01","HARV","HARV_027","distributed","evergreenForest",42.430357,-72.253256,"WGS84",20.2,725947.52,4701215.63,"18N",182.3,0.2,"vst_HARV_2014","NEON.DOC.000987vD",,,,,,,"noneSelected","noneSelected",400,400,400,,"r9TmJceGQn9Mas2gKsHx4g==",,"legacyData"
"8d6a4d5c-54f4-4f1f-af3a-03ddac9d6344","HARV_023.basePlot.vst","2014-07-31","D01","HARV","HARV_023","distributed","evergreenForest",42.414330,-72.226600,"WGS84",20.2,728198.56,4699507.18,"18N",170.9,0.2,"vst_HARV_2014","NEON.DOC.000987vD",,,,,,,"noneSelected","noneSelected",400,400,400,,"HhgrL8V3jN2VlZkgg4tKdQ==",,"legacyData"
"bc2cf17f-1fc8-480a-8267-66218f98a6cd","HARV_027.basePlot.vst","2014-07-31","D01","HARV","HARV_027","distributed","evergreenForest",42.430357,-72.253256,"WGS84",20.2,725947.52,4701215.63,"18N",182.3,0.2,"vst_HARV_2014","NEON.DOC.000987vD",,,,,,,"noneSelected","noneSelected",400,400,400,,"67MigL3oyqAlMd7fongckA==",,"legacyData"
