uid,namedLocation,domainID,siteID,plotID,plotType,nlcdClass,decimalLatitude,decimalLongitude,geodeticDatum,coordinateUncertainty,elevation,elevationUncertainty,collectDate,eventID,sampleID,sampleCode,samplingMethod,totalSampledArea,targetTaxaPresent,adultCount,nymphCount,larvaCount,sampleCondition,samplingProtocolVersion,measuredBy,remarks
"3b259cc3-ad9c-41e5-8614-635fb6d23c40","MOAB_004.tickPlot.tck","D13","MOAB","MOAB_004","distributed","shrubScrub",38.234505,-109.398111,"WGS84",20.1,1763.9,0.1,"2017-03-09T19:01Z","MOAB.2017.11",,,"drag",161,"N",0,0,0,"No known compromise","NEON.DOC.014045vH","DDNDpGyuy0rKFCYL/Fhff/iP2cvRYuokCctzc6bexHQ=",
"dd5f2012-056d-4988-88a8-dfba968d1ef5","MOAB_006.tickPlot.tck","D13","MOAB","MOAB_006","distributed","shrubScrub",38.235080,-109.406067,"WGS84",20.1,1759.8,0.1,"2017-03-09T20:50Z","MOAB.2017.11",,,"drag and flag",171,"N",0,0,0,"No known compromise","NEON.DOC.014045vG","DDNDpGyuy0rKFCYL/Fhff/iP2cvRYuokCctzc6bexHQ=",
"d80b9356-5768-4486-9fb0-572c53f9565e","MOAB_003.tickPlot.tck","D13","MOAB","MOAB_003","distributed","evergreenForest",38.261626,-109.347802,"WGS84",20.2,2013.4,0.5,"2017-03-16T16:07Z","MOAB.2017.12",,,"drag and flag",173,"N",0,0,0,"No known compromise","NEON.DOC.014045vG","DDNDpGyuy0rKFCYL/Fhff/iP2cvRYuokCctzc6bexHQ=",
"7318852c-f604-4312-8a03-f07b27a620cf","MOAB_001.tickPlot.tck","D13","MOAB","MOAB_001","distributed","shrubScrub",38.258888,-109.413897,"WGS84",20.1,1804.0,0.1,"2017-03-16T19:40Z","MOAB.2017.12",,,"drag and flag",164,"N",0,0,0,"No known compromise","NEON.DOC.014045vG","DDNDpGyuy0rKFCYL/Fhff/iP2cvRYuokCctzc6bexHQ=",
"ef12918b-0120-4d12-b81d-cdc667c85200","MOAB_005.tickPlot.tck","D13","MOAB","MOAB_005","distributed","shrubScrub",38.210851,-109.402026,"WGS84",20.1,1763.5,0.1,"2017-03-16T22:15Z","MOAB.2017.12",,,"drag and flag",165,"N",0,0,0,"No known compromise","NEON.DOC.014045vG","DDNDpGyuy0rKFCYL/Fhff/iP2cvRYuokCctzc6bexHQ=",
"a9a4c6c1-fffe-4ea6-bef4-3a74dc7b44ad","MOAB_002.tickPlot.tck","D13","MOAB","MOAB_002","distributed","shrubScrub",38.211659,-109.413380,"WGS84",20.1,1770.3,0.1,"2017-03-16T23:50Z","MOAB.2017.12",,,"drag",160,"N",0,0,0,"No known compromise","NEON.DOC.014045vG","DDNDpGyuy0rKFCYL/Fhff/iP2cvRYuokCctzc6bexHQ=",
