uid,namedLocation,date,domainID,siteID,plotID,plotType,nlcdClass,decimalLatitude,decimalLongitude,geodeticDatum,coordinateUncertainty,easting,northing,utmZone,elevation,elevationUncertainty,eventID,samplingProtocolVersion,treesPresent,treesAbsentList,shrubsPresent,shrubsAbsentList,lianasPresent,lianasAbsentList,nestedSubplotAreaShrubSapling,nestedSubplotAreaLiana,totalSampledAreaTrees,totalSampledAreaShrubSapling,totalSampledAreaLiana,remarks,measuredBy,recordedBy,dataQF
"40d1ae39-45a6-4f6e-a294-7fb9be5e9b18","ABBY_074.basePlot.vst","2017-08-01","D16","ABBY","ABBY_074","tower","evergreenForest",45.761302,-122.325028,"WGS84",20.1,552488.90,5067748.57,"10N",365.7,0.1,"vst_ABBY_2017","NEON.DOC.000987vG","N",,"N",,"N",,"25","noneSelected",800,100,800,,"n6C8QabM4GRwBBSExkcug8ZHbDzuixegaGvj2qZxMy8=","9MpvHR97FuJo4gsLwNb5xoR0ZKgI4SjpD6yX9wK3zYo=",
"8972cd98-5c69-4658-8f9a-3dd84da75801","ABBY_076.basePlot.vst","2017-08-01","D16","ABBY","ABBY_076","tower","evergreenForest",45.763791,-122.330004,"WGS84",20.1,552099.63,5068021.85,"10N",358.6,0.1,"vst_ABBY_2017","NEON.DOC.000987vG","N",,"N",,"N",,"25","noneSelected",800,100,800,,"a/0SlN26fEtmJ3LLysIxkaRUfZvckIBE","ek73KqIvQF8RhLDCLTKMoAaxRWZ9yW3gVzCev5Zm+/g=",
"3d827fc0-c35a-4326-bdf8-d73131bbf12e","ABBY_073.basePlot.vst","2017-08-01","D16","ABBY","ABBY_073","tower","evergreenForest",45.762944,-122.324601,"WGS84",20.1,552520.56,5067931.28,"10N",336.5,0.1,"vst_ABBY_2017","NEON.DOC.000987vG",,,,,,,"10","noneSelected",800,40,800,,"Mvo1bt03JMTZR6DZIA23lJNZxcUJiaM9uFJUitaYL48=","s/lmw0PcTzTZ4XfKEf8KqKw+DAg4XZhpYqIPpOx3wng=",
"61193a3c-5aa7-4a0e-8633-5d54131acd31","ABBY_075.basePlot.vst","2017-08-02","D16","ABBY","ABBY_075","tower","shrubScrub",45.762125,-122.323463,"WGS84",20.1,552609.83,5067841.04,"10N",343.6,0.1,"vst_ABBY_2017","NEON.DOC.000987vG",,,,,,,"25","noneSelected",800,100,800,,"+U+GA8YvyAcIR2iT16bCsJaxBTBeLP3Wg8rQ1wbUcL4=","8kXoOpAOzaUMpv0WDeMaGRfSZUXYrtMVEL8cHv62ER4=",
"63cc5de7-8e41-44e7-8217-8c610d25d80d","ABBY_062.basePlot.vst","2017-08-02","D16","ABBY","ABBY_062","tower","evergreenForest",45.763510,-122.328084,"WGS84",20.1,552249.19,5067991.88,"10N",342.8,0.1,"vst_ABBY_2017","NEON.DOC.000987vG","N",,"N",,"N",,"25","noneSelected",800,100,800,,"Mvo1bt03JMTZR6DZIA23lJNZxcUJiaM9uFJUitaYL48=","48hv/AdwGIWPxDZycz1ek5cEK4FFchT/Bxrpsdm6akk=",
"6fbe1c33-1a86-45a2-9dd7-18f5713f762b","ABBY_064.basePlot.vst","2017-08-03","D16","ABBY","ABBY_064","tower","grasslandHerbaceous",45.762429,-122.328467,"WGS84",20.1,552220.42,5067871.53,"10N",361.1,0.1,"vst_ABBY_2017","NEON.DOC.000987vG","Y",,"Y",,"N",,"25","noneSelected",800,100,800,,"rxvQRApCCKY/UVEtKW1BFeWgBpZ8J3yRI94VQnzKk1o=","6GcJ3e14hu2LGG3nGEbIL3jvGLpI7eRMz84sdZxzGcA=",
