uid,namedLocation,date,domainID,siteID,plotID,plotType,nlcdClass,decimalLatitude,decimalLongitude,geodeticDatum,coordinateUncertainty,easting,northing,utmZone,elevation,elevationUncertainty,eventID,samplingProtocolVersion,treesPresent,treesAbsentList,shrubsPresent,shrubsAbsentList,lianasPresent,lianasAbsentList,nestedSubplotAreaShrubSapling,nestedSubplotAreaLiana,totalSampledAreaTrees,totalSampledAreaShrubSapling,totalSampledAreaLiana,remarks,measuredBy,recordedBy,dataQF
"033e4f1f-4db2-413d-869c-a360a4ed650c","MOAB_007.basePlot.vst","2016-10-05","D13","MOAB","MOAB_007","distributed","shrubScrub",38.265495,-109.341840,"WGS84",20.1,645060.36,4236573.07,"12N",1996.4,0.1,"vst_MOAB_2016","NEON.DOC.000987vE",,,,,,,"10","noneSelected",400,80,400,,"Ymvu50svVai947RgaYoGNGTwjbYtyuA7","wcMB+uWhN6DlxgYb80zZ5eNIhcO7pIW7",
"8409d399-121c-41d0-b20f-cd6cc0954544","MOAB_007.basePlot.vst","2016-10-06","D13","MOAB","MOAB_007","distributed","shrubScrub",38.265495,-109.341840,"WGS84",20.1,645060.36,4236573.07,"12N",1996.4,0.1,"vst_MOAB_2016","NEON.DOC.000987vF","N",,"Y",,"N",,"10","noneSelected",400,80,400,,"Ymvu50svVai947RgaYoGNGTwjbYtyuA7","wcMB+uWhN6DlxgYb80zZ5eNIhcO7pIW7",
"e36f12ab-5cff-4e91-b416-7b881e8672b7","MOAB_024.basePlot.vst","2016-10-07","D13","MOAB","MOAB_024","distributed","evergreenForest",38.262290,-109.344633,"WGS84",20.1,644822.37,4236213.04,"12N",2018.6,0.1,"vst_MOAB_2016","NEON.DOC.000987vE",,,,,,,"noneSelected","noneSelected",400,400,400,,"Ymvu50svVai947RgaYoGNGTwjbYtyuA7","tlMoIdYkoo4/frSr+TOZz6pAAC/bv59I",
"ed43bf35-dc0b-40a1-bd12-472b3d4d65e6","MOAB_024.basePlot.vst","2016-10-07","D13","MOAB","MOAB_024","distributed","evergreenForest",38.262290,-109.344633,"WGS84",20.1,644822.37,4236213.04,"12N",2018.6,0.1,"vst_MOAB_2016","NEON.DOC.000987vF","Y",,"Y",,"N",,"noneSelected","noneSelected",400,400,400,,"Ymvu50svVai947RgaYoGNGTwjbYtyuA7","wcMB+uWhN6DlxgYb80zZ5eNIhcO7pIW7",
"6aef01c3-6125-467f-aa45-44101a3dba50","MOAB_025.basePlot.vst","2016-10-17","D13","MOAB","MOAB_025","distributed","evergreenForest",38.269370,-109.347608,"WGS84",20.1,644548.05,4236994.04,"12N",2037.1,0.1,"vst_MOAB_2015","NEON.DOC.000987vE",,,,,,,"noneSelected","noneSelected",400,400,400,,"Ymvu50svVai947RgaYoGNGTwjbYtyuA7","wcMB+uWhN6DlxgYb80zZ5eNIhcO7pIW7",
"af629903-55fc-4fe9-9ebb-2133dcd645eb","MOAB_025.basePlot.vst","2016-10-17","D13","MOAB","MOAB_025","distributed","evergreenForest",38.269370,-109.347608,"WGS84",20.1,644548.05,4236994.04,"12N",2037.1,0.1,"vst_MOAB_2016","NEON.DOC.000987vF","Y",,"N",,"N",,"noneSelected","noneSelected",400,400,400,,"Ymvu50svVai947RgaYoGNGTwjbYtyuA7","wcMB+uWhN6DlxgYb80zZ5eNIhcO7pIW7",
"811559a0-b834-4e48-858a-03941739921c","MOAB_003.basePlot.vst","2016-10-24","D13","MOAB","MOAB_003","distributed","evergreenForest",38.261287,-109.349483,"WGS84",20.1,644400.02,4236094.15,"12N",2006.8,0.1,"vst_MOAB_2016","NEON.DOC.000987vF","Y",,"Y",,"N",,"noneSelected","noneSelected",400,400,400,,"Ymvu50svVai947RgaYoGNGTwjbYtyuA7","wBdmRgzUaOqlUR4U/8aDtZZLDGFFmW8H",
"f0ec548f-c7b6-447d-92f7-8f235cef1a5b","MOAB_003.basePlot.vst","2016-10-24","D13","MOAB","MOAB_003","distributed","evergreenForest",38.261287,-109.349483,"WGS84",20.1,644400.02,4236094.15,"12N",2006.8,0.1,"vst_MOAB_2016","NEON.DOC.000987vE",,,,,,,"noneSelected","noneSelected",400,400,400,,"Ymvu50svVai947RgaYoGNGTwjbYtyuA7","nxLuFUK5aIxeJAwod87f1JBZep10ySFS",
