uid,namedLocation,date,eventID,domainID,siteID,plotID,subplotID,individualID,tagStatus,growthForm,plantStatus,stemDiameter,measurementHeight,height,baseCrownHeight,breakHeight,breakDiameter,maxCrownDiameter,ninetyCrownDiameter,canopyPosition,shape,basalStemDiameter,basalStemDiameterMsrmntHeight,maxBaseCrownDiameter,ninetyBaseCrownDiameter,remarks,recordedBy,measuredBy,dataQF
"d28dab98-bc7c-43d7-873a-4fe1f00bbf0b","MOAB_024.basePlot.vst","2016-10-07","vst_MOAB_2016","D13","MOAB","MOAB_024",,"NEON.PLA.D13.MOAB.00524","ok","small tree","Live",4.2,130,3.1,,,,,,,,,,,,,"tlMoIdYkoo4/frSr+TOZz6pAAC/bv59I","Ymvu50svVai947RgaYoGNGTwjbYtyuA7","legacyData"
"db998fb9-c9a7-4a7d-8787-185bc12ac97d","MOAB_024.basePlot.vst","2016-10-07","vst_MOAB_2016","D13","MOAB","MOAB_024",,"NEON.PLA.D13.MOAB.00520","ok","multi-bole tree","Standing dead",27.8,130,,,,,,,,,,,,,,"tlMoIdYkoo4/frSr+TOZz6pAAC/bv59I","Ymvu50svVai947RgaYoGNGTwjbYtyuA7","legacyData"
"6472ec93-1ce3-45eb-99be-4652ab9a2021","MOAB_024.basePlot.vst","2016-10-07","vst_MOAB_2016","D13","MOAB","MOAB_024",,"NEON.PLA.D13.MOAB.00543","ok","small shrub","Live",,,0.6,,,,1.2,0.7,,"oblate half-sphere",3.1,10,,,,"tlMoIdYkoo4/frSr+TOZz6pAAC/bv59I","Ymvu50svVai947RgaYoGNGTwjbYtyuA7","legacyData"
"24de904d-f386-4c69-8230-4a5a60be0877","MOAB_024.basePlot.vst","2016-10-07","vst_MOAB_2016","D13","MOAB","MOAB_024",,"NEON.PLA.D13.MOAB.00551","ok","small tree","Live",2.0,130,1.4,,,,,,,,,,,,,"tlMoIdYkoo4/frSr+TOZz6pAAC/bv59I","Ymvu50svVai947RgaYoGNGTwjbYtyuA7","legacyData"
"f928d6a2-80c4-43e4-a6d3-68692f0bc482","MOAB_024.basePlot.vst","2016-10-07","vst_MOAB_2016","D13","MOAB","MOAB_024",,"NEON.PLA.D13.MOAB.00552","ok","small tree","Live, disease damaged",3.4,130,2.4,,,,,,,,3.4,,,,"mistletoe","tlMoIdYkoo4/frSr+TOZz6pAAC/bv59I","Ymvu50svVai947RgaYoGNGTwjbYtyuA7","legacyData"
"30f5d3cc-43ac-4a84-ad75-deff8e6e0eb7","MOAB_024.basePlot.vst","2016-10-07","vst_MOAB_2016","D13","MOAB","MOAB_024",,"NEON.PLA.D13.MOAB.00529","ok","small tree","Live",6.2,130,2.7,,,,,,,,,,,,,"tlMoIdYkoo4/frSr+TOZz6pAAC/bv59I","Ymvu50svVai947RgaYoGNGTwjbYtyuA7","legacyData"
"9ee7e293-9172-44ac-84a6-0c7bf4876da3","MOAB_024.basePlot.vst","2016-10-07","vst_MOAB_2016","D13","MOAB","MOAB_024",,"NEON.PLA.D13.MOAB.00548","ok","multi-bole tree","Live",12.4,130,3.6,,,,5.6,4.6,"Partially shaded",,,,,,,"tlMoIdYkoo4/frSr+TOZz6pAAC/bv59I","Ymvu50svVai947RgaYoGNGTwjbYtyuA7","legacyData"
"33454d93-ab5a-48cd-a360-8a9564a8ed43","MOAB_024.basePlot.vst","2016-10-07","vst_MOAB_2016","D13","MOAB","MOAB_024",,"NEON.PLA.D13.MOAB.00555","ok","multi-bole tree","Live",15.3,150,4.0,,,,4.4,2.1,"Partially shaded",,,,,,,"tlMoIdYkoo4/frSr+TOZz6pAAC/bv59I","Ymvu50svVai947RgaYoGNGTwjbYtyuA7","legacyData"
"fc420211-e424-4fd3-9621-5e3c50d3858d","MOAB_024.basePlot.vst","2016-10-07","vst_MOAB_2016","D13","MOAB","MOAB_024",,"NEON.PLA.D13.MOAB.00541","ok","small shrub","Live",,,1.2,,,,1.7,1.2,,"half-sphere",4.2,10,,,,"tlMoIdYkoo4/frSr+TOZz6pAAC/bv59I","Ymvu50svVai947RgaYoGNGTwjbYtyuA7","legacyData"
"aaeacf73-d6d5-4b33-a68f-ab2e8ac53c3a","MOAB_024.basePlot.vst","2016-10-07","vst_MOAB_2016","D13","MOAB","MOAB_024",,"NEON.PLA.D13.MOAB.00532","ok","small shrub","Live",,,0.4,,,,1.0,0.5,,"oblate half-sphere",1.3,10,,,,"tlMoIdYkoo4/frSr+TOZz6pAAC/bv59I","Ymvu50svVai947RgaYoGNGTwjbYtyuA7","legacyData"
"0ea07dcb-18e2-43b8-8fac-edbf7562f590","MOAB_024.basePlot.vst","2016-10-07","vst_MOAB_2016","D13","MOAB","MOAB_024",,"NEON.PLA.D13.MOAB.00520","ok","multi-bole tree","Live",18.5,180,,,,,,,,,,,,,,"tlMoIdYkoo4/frSr+TOZz6pAAC/bv59I","Ymvu50svVai947RgaYoGNGTwjbYtyuA7","legacyData"
"ebafabfb-c85b-479f-8434-47d8cf2a3890","MOAB_024.basePlot.vst","2016-10-07","vst_MOAB_2016","D13","MOAB","MOAB_024",,"NEON.PLA.D13.MOAB.00526","ok","sapling","Live",,,1.4,,,,,,,,3.9,10,,,,"tlMoIdYkoo4/frSr+TOZz6pAAC/bv59I","Ymvu50svVai947RgaYoGNGTwjbYtyuA7","legacyData"
"970143b5-458d-4c04-950a-fac7fc0f97e8","MOAB_024.basePlot.vst","2016-10-07","vst_MOAB_2016","D13","MOAB","MOAB_024",,"NEON.PLA.D13.MOAB.00543","ok","small shrub","Live",,,0.6,,,,1.2,0.7,,"oblate half-sphere",1.3,10,,,,"tlMoIdYkoo4/frSr+TOZz6pAAC/bv59I","Ymvu50svVai947RgaYoGNGTwjbYtyuA7","legacyData"
"1c4c3853-4809-4e98-8fca-0127a9793028","MOAB_024.basePlot.vst","2016-10-07","vst_MOAB_2016","D13","MOAB","MOAB_024",,"NEON.PLA.D13.MOAB.00541","ok","small shrub","Live",,,1.2,,,,1.7,1.2,,"half-sphere",2.1,10,,,,"tlMoIdYkoo4/frSr+TOZz6pAAC/bv59I","Ymvu50svVai947RgaYoGNGTwjbYtyuA7","legacyData"
"b3b83bab-65f1-4d43-ba27-d22ac265d311","MOAB_024.basePlot.vst","2016-10-07","vst_MOAB_2016","D13","MOAB","MOAB_024",,"NEON.PLA.D13.MOAB.00532","ok","small shrub","Live",,,0.4,,,,1.0,0.5,,"oblate half-sphere",1.4,10,,,,"tlMoIdYkoo4/frSr+TOZz6pAAC/bv59I","Ymvu50svVai947RgaYoGNGTwjbYtyuA7","legacyData"
"a4ba990a-8ba1-46f1-b788-559e65dfed73","MOAB_024.basePlot.vst","2016-10-07","vst_MOAB_2016","D13","MOAB","MOAB_024",,"NEON.PLA.D13.MOAB.00553","ok","small tree","Live",1.4,130,1.7,,,,,,,,,,,,,"tlMoIdYkoo4/frSr+TOZz6pAAC/bv59I","Ymvu50svVai947RgaYoGNGTwjbYtyuA7","legacyData"
"c8afdc9c-8730-4205-b8c6-c77a3c961612","MOAB_024.basePlot.vst","2016-10-07","vst_MOAB_2016","D13","MOAB","MOAB_024",,"NEON.PLA.D13.MOAB.00559","ok","small tree","Live",5.2,130,2.8,,,,,,,,,,,,,"tlMoIdYkoo4/frSr+TOZz6pAAC/bv59I","Ymvu50svVai947RgaYoGNGTwjbYtyuA7","legacyData"
"222856d6-f837-415e-bf97-7cb5245271e6","MOAB_024.basePlot.vst","2016-10-07","vst_MOAB_2016","D13","MOAB","MOAB_024",,"NEON.PLA.D13.MOAB.00525","ok","small tree","Live",2.7,130,1.0,,,,,,,,,,,,,"tlMoIdYkoo4/frSr+TOZz6pAAC/bv59I","Ymvu50svVai947RgaYoGNGTwjbYtyuA7","legacyData"
"7865030c-f474-47cf-b3ac-addd2eab6139","MOAB_024.basePlot.vst","2016-10-07","vst_MOAB_2016","D13","MOAB","MOAB_024",,"NEON.PLA.D13.MOAB.00532","ok","small shrub","Live",,,0.4,,,,1.0,0.5,,"oblate half-sphere",1.4,10,,,,"tlMoIdYkoo4/frSr+TOZz6pAAC/bv59I","Ymvu50svVai947RgaYoGNGTwjbYtyuA7","legacyData"
"5e185efd-a315-4cdd-bc1d-5e1b9227eebe","MOAB_024.basePlot.vst","2016-10-07","vst_MOAB_2016","D13","MOAB","MOAB_024",,"NEON.PLA.D13.MOAB.00541","ok","small shrub","Live",,,1.2,,,,1.7,1.2,,"half-sphere",2.9,10,,,,"tlMoIdYkoo4/frSr+TOZz6pAAC/bv59I","Ymvu50svVai947RgaYoGNGTwjbYtyuA7","legacyData"
"392e103a-7865-4bc6-8539-cc22cf95afe9","MOAB_024.basePlot.vst","2016-10-07","vst_MOAB_2016","D13","MOAB","MOAB_024",,"NEON.PLA.D13.MOAB.00520","ok","multi-bole tree","Standing dead",13.6,170,,,,,,,,,,,,,,"tlMoIdYkoo4/frSr+TOZz6pAAC/bv59I","Ymvu50svVai947RgaYoGNGTwjbYtyuA7","legacyData"
"2faae045-2fa9-403b-b874-07ab8c195604","MOAB_024.basePlot.vst","2016-10-07","vst_MOAB_2016","D13","MOAB","MOAB_024",,"NEON.PLA.D13.MOAB.00544","ok","multi-bole tree","Standing dead",34.8,150,3.4,,,,2.6,2.4,"Full sun",,,,,,,"tlMoIdYkoo4/frSr+TOZz6pAAC/bv59I","Ymvu50svVai947RgaYoGNGTwjbYtyuA7","legacyData"
"9d08de8c-493f-4a44-a4f0-fea5e4dc5557","MOAB_024.basePlot.vst","2016-10-07","vst_MOAB_2016","D13","MOAB","MOAB_024",,"NEON.PLA.D13.MOAB.00527","ok","small tree","Live",2.3,130,2.0,,,,,,,,,,,,,"tlMoIdYkoo4/frSr+TOZz6pAAC/bv59I","Ymvu50svVai947RgaYoGNGTwjbYtyuA7","legacyData"
"bcfda666-5837-4e29-87d9-ae9da135f285","MOAB_024.basePlot.vst","2016-10-07","vst_MOAB_2016","D13","MOAB","MOAB_024",,"NEON.PLA.D13.MOAB.00523","ok","small tree","Live",4.6,130,2.2,,,,,,,,,,,,,"tlMoIdYkoo4/frSr+TOZz6pAAC/bv59I","Ymvu50svVai947RgaYoGNGTwjbYtyuA7","legacyData"
"7f89d1cc-f5b1-410a-acec-451dfeee608a","MOAB_024.basePlot.vst","2016-10-07","vst_MOAB_2016","D13","MOAB","MOAB_024",,"NEON.PLA.D13.MOAB.00524","ok","small tree","Live",6.6,130,3.1,,,,,,,,,,,,,"tlMoIdYkoo4/frSr+TOZz6pAAC/bv59I","Ymvu50svVai947RgaYoGNGTwjbYtyuA7","legacyData"
"7d5b5a25-3205-4f04-b59e-12117462a671","MOAB_024.basePlot.vst","2016-10-07","vst_MOAB_2016","D13","MOAB","MOAB_024",,"NEON.PLA.D13.MOAB.00545","ok","sapling","Live",,,0.5,,,,,,,,1.5,10,,,,"tlMoIdYkoo4/frSr+TOZz6pAAC/bv59I","Ymvu50svVai947RgaYoGNGTwjbYtyuA7","legacyData"
"d37a5ae2-a200-4366-9b6d-7b6af2ffb322","MOAB_024.basePlot.vst","2016-10-07","vst_MOAB_2016","D13","MOAB","MOAB_024",,"NEON.PLA.D13.MOAB.00522","ok","single bole tree","Standing dead",24.8,130,3.5,,,,0.8,0.6,"Mostly shaded",,,,,,,"tlMoIdYkoo4/frSr+TOZz6pAAC/bv59I","Ymvu50svVai947RgaYoGNGTwjbYtyuA7","legacyData"
"cd8116c8-1a57-4ccc-9095-4c5d6af20206","MOAB_024.basePlot.vst","2016-10-07","vst_MOAB_2016","D13","MOAB","MOAB_024",,"NEON.PLA.D13.MOAB.00528","ok","small tree","Live",7.3,120,2.5,,,,,,,,,,,,,"tlMoIdYkoo4/frSr+TOZz6pAAC/bv59I","Ymvu50svVai947RgaYoGNGTwjbYtyuA7","legacyData"
"09d905de-85b9-4f1d-a78c-3b749dbaf2ec","MOAB_024.basePlot.vst","2016-10-07","vst_MOAB_2016","D13","MOAB","MOAB_024",,"NEON.PLA.D13.MOAB.00558","ok","multi-bole tree","Live",13.5,180,2.9,,,,4.0,3.0,"Partially shaded",,,,,,,"tlMoIdYkoo4/frSr+TOZz6pAAC/bv59I","Ymvu50svVai947RgaYoGNGTwjbYtyuA7","legacyData"
"f17841b2-0e0c-4b20-9b27-f34ebae4dcc1","MOAB_024.basePlot.vst","2016-10-07","vst_MOAB_2016","D13","MOAB","MOAB_024",,"NEON.PLA.D13.MOAB.00549","ok","sapling","Live",,,0.5,,,,,,,,2.7,10,,,,"tlMoIdYkoo4/frSr+TOZz6pAAC/bv59I","Ymvu50svVai947RgaYoGNGTwjbYtyuA7","legacyData"
"91cbfa6a-a601-4811-a5bb-cfd0d7b1ae31","MOAB_024.basePlot.vst","2016-10-07","vst_MOAB_2016","D13","MOAB","MOAB_024",,"NEON.PLA.D13.MOAB.00535","ok","small tree","Live",4.1,130,2.2,,,,,,,,,,,,,"tlMoIdYkoo4/frSr+TOZz6pAAC/bv59I","Ymvu50svVai947RgaYoGNGTwjbYtyuA7","legacyData"
"ffc1abc4-5043-4186-a208-8a16a9c8ee75","MOAB_024.basePlot.vst","2016-10-07","vst_MOAB_2016","D13","MOAB","MOAB_024",,"NEON.PLA.D13.MOAB.00530","ok","small tree","Live",2.3,130,1.6,,,,1.2,1.1,,,,,,,,"tlMoIdYkoo4/frSr+TOZz6pAAC/bv59I","Ymvu50svVai947RgaYoGNGTwjbYtyuA7","legacyData"
"3f8e89b7-2aa0-40b0-a864-7d2ee6ebd593","MOAB_024.basePlot.vst","2016-10-07","vst_MOAB_2016","D13","MOAB","MOAB_024",,"NEON.PLA.D13.MOAB.00519","ok","multi-bole tree","Live",15.7,150,2.8,,,,3.8,2.8,"Partially shaded",,,,,,,"tlMoIdYkoo4/frSr+TOZz6pAAC/bv59I","Ymvu50svVai947RgaYoGNGTwjbYtyuA7","legacyData"
"79b922ea-4552-412a-9f25-46463f84de22","MOAB_024.basePlot.vst","2016-10-07","vst_MOAB_2016","D13","MOAB","MOAB_024",,"NEON.PLA.D13.MOAB.00518","ok","single bole tree","Live",23.4,130,4.1,,,,4.7,4.0,"Partially shaded",,,,,,,"tlMoIdYkoo4/frSr+TOZz6pAAC/bv59I","Ymvu50svVai947RgaYoGNGTwjbYtyuA7","legacyData"
"8bc471f9-dfb2-4aaa-8a1c-d4b961045ba2","MOAB_024.basePlot.vst","2016-10-07","vst_MOAB_2016","D13","MOAB","MOAB_024",,"NEON.PLA.D13.MOAB.00556","ok","small tree","Live, disease damaged",3.5,130,3.0,,,,,,,,,,,,"mistletoe","tlMoIdYkoo4/frSr+TOZz6pAAC/bv59I","Ymvu50svVai947RgaYoGNGTwjbYtyuA7","legacyData"
"e7dd6a06-3184-4ff5-8af5-45ecdf36a35a","MOAB_024.basePlot.vst","2016-10-07","vst_MOAB_2016","D13","MOAB","MOAB_024",,"NEON.PLA.D13.MOAB.00550","ok","small tree","Live",1.8,130,1.3,,,,,,,,,,,,,"tlMoIdYkoo4/frSr+TOZz6pAAC/bv59I","Ymvu50svVai947RgaYoGNGTwjbYtyuA7","legacyData"
"17582f1b-00cb-4adc-a02d-370ae6d6b49f","MOAB_024.basePlot.vst","2016-10-07","vst_MOAB_2016","D13","MOAB","MOAB_024",,"NEON.PLA.D13.MOAB.00541","ok","small shrub","Live",,,1.2,,,,1.7,1.2,,"half-sphere",1.8,10,,,,"tlMoIdYkoo4/frSr+TOZz6pAAC/bv59I","Ymvu50svVai947RgaYoGNGTwjbYtyuA7","legacyData"
"9043a7c4-dff8-4d82-8e01-52afefb41565","MOAB_024.basePlot.vst","2016-10-07","vst_MOAB_2016","D13","MOAB","MOAB_024",,"NEON.PLA.D13.MOAB.00534","ok","single bole tree","Live",25.5,130,3.6,,,,2.5,2.0,"Full sun",,,,,,,"tlMoIdYkoo4/frSr+TOZz6pAAC/bv59I","Ymvu50svVai947RgaYoGNGTwjbYtyuA7","legacyData"
"1256c43b-f762-41c5-969d-ef6b3f8d11a1","MOAB_024.basePlot.vst","2016-10-07","vst_MOAB_2016","D13","MOAB","MOAB_024",,"NEON.PLA.D13.MOAB.00541","ok","small shrub","Standing dead",,,1.2,,,,1.7,1.2,,"half-sphere",1.0,10,,,,"tlMoIdYkoo4/frSr+TOZz6pAAC/bv59I","Ymvu50svVai947RgaYoGNGTwjbYtyuA7","legacyData"
"b7442712-5fa4-4adc-8ee9-15f04bef4a8c","MOAB_024.basePlot.vst","2016-10-07","vst_MOAB_2016","D13","MOAB","MOAB_024",,"NEON.PLA.D13.MOAB.00559","ok","small tree","Live",6.3,130,2.8,,,,,,,,,,,,,"tlMoIdYkoo4/frSr+TOZz6pAAC/bv59I","Ymvu50svVai947RgaYoGNGTwjbYtyuA7","legacyData"
"f9672010-48ad-4703-8393-a7b1e230adb8","MOAB_024.basePlot.vst","2016-10-07","vst_MOAB_2016","D13","MOAB","MOAB_024",,"NEON.PLA.D13.MOAB.00521","ok","single bole tree","Live",13.6,130,3.7,,,,3.0,2.8,"Partially shaded",,,,,,,"tlMoIdYkoo4/frSr+TOZz6pAAC/bv59I","Ymvu50svVai947RgaYoGNGTwjbYtyuA7","legacyData"
"648c5042-18e9-43f1-a692-6fba822eea4e","MOAB_024.basePlot.vst","2016-10-07","vst_MOAB_2016","D13","MOAB","MOAB_024",,"NEON.PLA.D13.MOAB.00547","ok","multi-bole tree","Standing dead",11.0,130,2.7,,,,1.8,1.5,"Mostly shaded",,,,,,,"tlMoIdYkoo4/frSr+TOZz6pAAC/bv59I","Ymvu50svVai947RgaYoGNGTwjbYtyuA7","legacyData"
"ca53f1d8-4c7a-4788-b573-832510361864","MOAB_024.basePlot.vst","2016-10-07","vst_MOAB_2016","D13","MOAB","MOAB_024",,"NEON.PLA.D13.MOAB.00530","ok","small tree","Live",3.2,130,1.6,,,,1.2,1.1,,,,,,,,"tlMoIdYkoo4/frSr+TOZz6pAAC/bv59I","Ymvu50svVai947RgaYoGNGTwjbYtyuA7","legacyData"
"ef9f86d8-062e-4285-8945-260082bf7132","MOAB_024.basePlot.vst","2016-10-07","vst_MOAB_2016","D13","MOAB","MOAB_024",,"NEON.PLA.D13.MOAB.00536","ok","single shrub","Live",2.8,130,1.8,,,,1.5,0.5,,"cylinder",4.4,10,,,,"tlMoIdYkoo4/frSr+TOZz6pAAC/bv59I","Ymvu50svVai947RgaYoGNGTwjbYtyuA7","legacyData"
"6249730b-0c18-44d5-a329-0265a85ab290","MOAB_024.basePlot.vst","2016-10-07","vst_MOAB_2016","D13","MOAB","MOAB_024",,"NEON.PLA.D13.MOAB.00542","ok","small tree","Live",3.0,130,1.8,,,,,,,,,,,,,"tlMoIdYkoo4/frSr+TOZz6pAAC/bv59I","Ymvu50svVai947RgaYoGNGTwjbYtyuA7","legacyData"
"b9bad78f-5a06-41a2-ba36-55e11c5ef9cc","MOAB_024.basePlot.vst","2016-10-07","vst_MOAB_2016","D13","MOAB","MOAB_024",,"NEON.PLA.D13.MOAB.00548","ok","multi-bole tree","Live",29.3,110,3.6,,,,5.6,4.6,"Partially shaded",,,,,,,"tlMoIdYkoo4/frSr+TOZz6pAAC/bv59I","Ymvu50svVai947RgaYoGNGTwjbYtyuA7","legacyData"
"df36fa59-31f6-4ca0-9793-ab5e167de0b2","MOAB_024.basePlot.vst","2016-10-07","vst_MOAB_2016","D13","MOAB","MOAB_024",,"NEON.PLA.D13.MOAB.00532","ok","small shrub","Live",,,0.4,,,,1.0,0.5,,"oblate half-sphere",1.9,10,,,,"tlMoIdYkoo4/frSr+TOZz6pAAC/bv59I","Ymvu50svVai947RgaYoGNGTwjbYtyuA7","legacyData"
"7834c2e3-57f6-4f48-925f-25c0d4c07362","MOAB_024.basePlot.vst","2016-10-07","vst_MOAB_2016","D13","MOAB","MOAB_024",,"NEON.PLA.D13.MOAB.00533","ok","small tree","Live",6.9,130,2.6,,,,,,,,,,,,,"tlMoIdYkoo4/frSr+TOZz6pAAC/bv59I","Ymvu50svVai947RgaYoGNGTwjbYtyuA7","legacyData"
"17badfab-589e-4014-a882-3477eb317b4a","MOAB_024.basePlot.vst","2016-10-07","vst_MOAB_2016","D13","MOAB","MOAB_024",,"NEON.PLA.D13.MOAB.00520","ok","multi-bole tree","Live",26.1,130,4.4,,,,5.0,2.4,"Partially shaded",,,,,,,"tlMoIdYkoo4/frSr+TOZz6pAAC/bv59I","Ymvu50svVai947RgaYoGNGTwjbYtyuA7","legacyData"
"d863a227-de42-4825-8f5a-9556c7e2f8d7","MOAB_024.basePlot.vst","2016-10-07","vst_MOAB_2016","D13","MOAB","MOAB_024",,"NEON.PLA.D13.MOAB.00519","ok","multi-bole tree","Live",13.0,150,,,,,,,,,,,,,,"tlMoIdYkoo4/frSr+TOZz6pAAC/bv59I","Ymvu50svVai947RgaYoGNGTwjbYtyuA7","legacyData"
"f8a0e55a-b305-4aec-8265-f5ced6708cde","MOAB_024.basePlot.vst","2016-10-07","vst_MOAB_2016","D13","MOAB","MOAB_024",,"NEON.PLA.D13.MOAB.00558","ok","multi-bole tree","Live",23.3,130,2.9,,,,4.0,3.0,"Partially shaded",,,,,,,"tlMoIdYkoo4/frSr+TOZz6pAAC/bv59I","Ymvu50svVai947RgaYoGNGTwjbYtyuA7","legacyData"
"9e566490-196f-4adf-b9d7-a2c26e1024e7","MOAB_024.basePlot.vst","2016-10-07","vst_MOAB_2016","D13","MOAB","MOAB_024",,"NEON.PLA.D13.MOAB.00561","ok","small tree","Live",1.4,130,2.0,,,,,,,,,,,,,"tlMoIdYkoo4/frSr+TOZz6pAAC/bv59I","Ymvu50svVai947RgaYoGNGTwjbYtyuA7","legacyData"
"65c0c14b-f802-4485-b344-3a56445b8a4f","MOAB_024.basePlot.vst","2016-10-07","vst_MOAB_2016","D13","MOAB","MOAB_024",,"NEON.PLA.D13.MOAB.00546","ok","single bole tree","Live, disease damaged",11.4,150,3.9,,,,4.0,3.1,"Partially shaded",,,,,,,"tlMoIdYkoo4/frSr+TOZz6pAAC/bv59I","Ymvu50svVai947RgaYoGNGTwjbYtyuA7","legacyData"
"56ab6b25-9cc7-471d-bf08-04cca3e1ea44","MOAB_024.basePlot.vst","2016-10-07","vst_MOAB_2016","D13","MOAB","MOAB_024",,"NEON.PLA.D13.MOAB.00517","ok","single bole tree","Live",11.2,120,2.4,,,,3.7,3.2,"Full sun",,,,,,,"tlMoIdYkoo4/frSr+TOZz6pAAC/bv59I","Ymvu50svVai947RgaYoGNGTwjbYtyuA7","legacyData"
"ec926df8-02c5-4b2a-93b4-4cdf17d8d0de","MOAB_024.basePlot.vst","2016-10-07","vst_MOAB_2016","D13","MOAB","MOAB_024",,"NEON.PLA.D13.MOAB.00560","ok","small tree","Live",8.8,130,2.8,,,,,,,,,,,,,"tlMoIdYkoo4/frSr+TOZz6pAAC/bv59I","Ymvu50svVai947RgaYoGNGTwjbYtyuA7","legacyData"
"aa49c484-72b8-44c9-85bd-2c9a040582e4","MOAB_024.basePlot.vst","2016-10-07","vst_MOAB_2016","D13","MOAB","MOAB_024",,"NEON.PLA.D13.MOAB.00555","ok","multi-bole tree","Live",16.1,150,4.0,,,,4.4,2.1,"Partially shaded",,,,,,,"tlMoIdYkoo4/frSr+TOZz6pAAC/bv59I","Ymvu50svVai947RgaYoGNGTwjbYtyuA7","legacyData"
"0010b777-f23d-4f52-ab9b-62ce1a2570e3","MOAB_024.basePlot.vst","2016-10-07","vst_MOAB_2016","D13","MOAB","MOAB_024",,"NEON.PLA.D13.MOAB.00541","ok","small shrub","Live",,,1.2,,,,1.7,1.2,,"half-sphere",1.6,10,,,,"tlMoIdYkoo4/frSr+TOZz6pAAC/bv59I","Ymvu50svVai947RgaYoGNGTwjbYtyuA7","legacyData"
"c7fb0dee-fd27-4c79-8b74-7f6ba4f3c047","MOAB_024.basePlot.vst","2016-10-07","vst_MOAB_2016","D13","MOAB","MOAB_024",,"NEON.PLA.D13.MOAB.00558","ok","multi-bole tree","Standing dead",13.1,180,2.9,,,,4.0,3.0,"Partially shaded",,,,,,,"tlMoIdYkoo4/frSr+TOZz6pAAC/bv59I","Ymvu50svVai947RgaYoGNGTwjbYtyuA7","legacyData"
"79071200-52ef-4fa3-9076-5eda1b394157","MOAB_024.basePlot.vst","2016-10-07","vst_MOAB_2016","D13","MOAB","MOAB_024",,"NEON.PLA.D13.MOAB.00537","ok","small tree","Live",2.3,130,1.8,,,,,,,,,,,,,"tlMoIdYkoo4/frSr+TOZz6pAAC/bv59I","Ymvu50svVai947RgaYoGNGTwjbYtyuA7","legacyData"
"4533bc4c-8701-42c5-814d-3bdb4a6be9c1","MOAB_024.basePlot.vst","2016-10-07","vst_MOAB_2016","D13","MOAB","MOAB_024",,"NEON.PLA.D13.MOAB.00561","ok","small tree","Live",1.9,130,2.0,,,,,,,,,,,,,"tlMoIdYkoo4/frSr+TOZz6pAAC/bv59I","Ymvu50svVai947RgaYoGNGTwjbYtyuA7","legacyData"
"5db3a30d-25ab-4353-91af-2182d7033f8d","MOAB_024.basePlot.vst","2016-10-07","vst_MOAB_2016","D13","MOAB","MOAB_024",,"NEON.PLA.D13.MOAB.00538","ok","small tree","Live",8.4,130,2.8,,,,,,,,,,,,,"tlMoIdYkoo4/frSr+TOZz6pAAC/bv59I","Ymvu50svVai947RgaYoGNGTwjbYtyuA7","legacyData"
"7f283cac-7a43-481f-8e6b-95db54b840ff","MOAB_024.basePlot.vst","2016-10-07","vst_MOAB_2016","D13","MOAB","MOAB_024",,"NEON.PLA.D13.MOAB.00532","ok","small shrub","Live",,,0.4,,,,1.0,0.5,,"oblate half-sphere",1.8,10,,,,"tlMoIdYkoo4/frSr+TOZz6pAAC/bv59I","Ymvu50svVai947RgaYoGNGTwjbYtyuA7","legacyData"
"3462eaf3-663c-4170-8114-22f4a6e8ee84","MOAB_024.basePlot.vst","2016-10-07","vst_MOAB_2016","D13","MOAB","MOAB_024",,"NEON.PLA.D13.MOAB.00539","ok","small shrub","Live",,,0.3,,,,0.2,0.1,,"cylinder",2.1,10,,,,"tlMoIdYkoo4/frSr+TOZz6pAAC/bv59I","Ymvu50svVai947RgaYoGNGTwjbYtyuA7","legacyData"
"dc321438-badb-459d-aade-a956ed703edc","MOAB_024.basePlot.vst","2016-10-07","vst_MOAB_2016","D13","MOAB","MOAB_024",,"NEON.PLA.D13.MOAB.00544","ok","multi-bole tree","Live",23.8,150,3.4,,,,2.6,2.4,"Full sun",,,,,,,"tlMoIdYkoo4/frSr+TOZz6pAAC/bv59I","Ymvu50svVai947RgaYoGNGTwjbYtyuA7","legacyData"
"fd82f9a9-6613-4682-bbfd-8496c5e46fad","MOAB_024.basePlot.vst","2016-10-07","vst_MOAB_2016","D13","MOAB","MOAB_024",,"NEON.PLA.D13.MOAB.00557","ok","multi-bole tree","Standing dead",26.5,130,4.5,,,,5.0,4.0,"Partially shaded",,,,,,,"tlMoIdYkoo4/frSr+TOZz6pAAC/bv59I","Ymvu50svVai947RgaYoGNGTwjbYtyuA7","legacyData"
"2d814c50-136e-4e36-b4b2-7403a287e3b8","MOAB_024.basePlot.vst","2016-10-07","vst_MOAB_2016","D13","MOAB","MOAB_024",,"NEON.PLA.D13.MOAB.00532","ok","small shrub","Live",,,0.4,,,,1.0,0.5,,"oblate half-sphere",1.3,10,,,,"tlMoIdYkoo4/frSr+TOZz6pAAC/bv59I","Ymvu50svVai947RgaYoGNGTwjbYtyuA7","legacyData"
"dd491c82-5fa5-4fc1-8cf3-8b9345a69b7e","MOAB_024.basePlot.vst","2016-10-07","vst_MOAB_2016","D13","MOAB","MOAB_024",,"NEON.PLA.D13.MOAB.00557","ok","multi-bole tree","Live",20.8,130,4.5,,,,5.0,4.0,"Partially shaded",,,,,,,"tlMoIdYkoo4/frSr+TOZz6pAAC/bv59I","Ymvu50svVai947RgaYoGNGTwjbYtyuA7","legacyData"
"c0b65192-026f-4f72-9e2b-0c082be5d8d3","MOAB_024.basePlot.vst","2016-10-07","vst_MOAB_2016","D13","MOAB","MOAB_024",,"NEON.PLA.D13.MOAB.00541","ok","small shrub","Live",,,1.2,,,,1.7,1.2,,"half-sphere",1.5,10,,,,"tlMoIdYkoo4/frSr+TOZz6pAAC/bv59I","Ymvu50svVai947RgaYoGNGTwjbYtyuA7","legacyData"
"73bb0a7f-c606-4e0b-8a4a-654c53b1cae7","MOAB_024.basePlot.vst","2016-10-07","vst_MOAB_2016","D13","MOAB","MOAB_024",,"NEON.PLA.D13.MOAB.00531","ok","small tree","Live",5.4,130,2.6,,,,,,,,,,,,,"tlMoIdYkoo4/frSr+TOZz6pAAC/bv59I","Ymvu50svVai947RgaYoGNGTwjbYtyuA7","legacyData"
"f52ad947-68f4-4447-b6a5-8fe791ecd0b9","MOAB_024.basePlot.vst","2016-10-07","vst_MOAB_2016","D13","MOAB","MOAB_024",,"NEON.PLA.D13.MOAB.00541","ok","small shrub","Live",,,1.2,,,,1.7,1.2,,"half-sphere",1.8,10,,,,"tlMoIdYkoo4/frSr+TOZz6pAAC/bv59I","Ymvu50svVai947RgaYoGNGTwjbYtyuA7","legacyData"
"4986da79-9de6-4011-94e6-2ec3eb92a993","MOAB_024.basePlot.vst","2016-10-07","vst_MOAB_2016","D13","MOAB","MOAB_024",,"NEON.PLA.D13.MOAB.00554","ok","small tree","Live",6.5,130,2.9,,,,,,,,,,,,,"tlMoIdYkoo4/frSr+TOZz6pAAC/bv59I","Ymvu50svVai947RgaYoGNGTwjbYtyuA7","legacyData"
"ff4e541d-8d3e-487e-8b9b-6af6711ad181","MOAB_024.basePlot.vst","2016-10-07","vst_MOAB_2016","D13","MOAB","MOAB_024",,"NEON.PLA.D13.MOAB.00539","ok","small shrub","Live",,,0.3,,,,0.2,0.1,,"cylinder",1.1,10,,,,"tlMoIdYkoo4/frSr+TOZz6pAAC/bv59I","Ymvu50svVai947RgaYoGNGTwjbYtyuA7","legacyData"
"f61b092c-e094-4975-bf0c-2b4362dd923a","MOAB_024.basePlot.vst","2016-10-07","vst_MOAB_2016","D13","MOAB","MOAB_024",,"NEON.PLA.D13.MOAB.00547","ok","multi-bole tree","Live",13.0,170,2.7,,,,1.8,1.5,"Mostly shaded",,,,,,,"tlMoIdYkoo4/frSr+TOZz6pAAC/bv59I","Ymvu50svVai947RgaYoGNGTwjbYtyuA7","legacyData"
"f1622863-98d2-420a-ada7-79812fb247be","MOAB_024.basePlot.vst","2016-10-07","vst_MOAB_2016","D13","MOAB","MOAB_024",,"NEON.PLA.D13.MOAB.00541","ok","small shrub","Standing dead",,,1.2,,,,1.7,1.2,,"half-sphere",2.0,10,,,,"tlMoIdYkoo4/frSr+TOZz6pAAC/bv59I","Ymvu50svVai947RgaYoGNGTwjbYtyuA7","legacyData"
"730ee4b7-f0d0-4663-92b2-ba927f388f98","MOAB_024.basePlot.vst","2016-10-07","vst_MOAB_2016","D13","MOAB","MOAB_024",,"NEON.PLA.D13.MOAB.00541","ok","small shrub","Standing dead",,,1.2,,,,1.7,1.2,,"half-sphere",1.7,10,,,,"tlMoIdYkoo4/frSr+TOZz6pAAC/bv59I","Ymvu50svVai947RgaYoGNGTwjbYtyuA7","legacyData"
"bb5e817d-7bf4-4a3b-8c58-ccddfb3d5f08","MOAB_024.basePlot.vst","2016-10-07","vst_MOAB_2016","D13","MOAB","MOAB_024",,"NEON.PLA.D13.MOAB.00540","ok","small tree","Live, disease damaged",5.7,130,2.7,,,,,,,,,,,,"Mistletoe","tlMoIdYkoo4/frSr+TOZz6pAAC/bv59I","Ymvu50svVai947RgaYoGNGTwjbYtyuA7","legacyData"
"1a408461-f49d-4823-877a-70fa45b4eefb","MOAB_024.basePlot.vst","2016-10-07","vst_MOAB_2016","D13","MOAB","MOAB_024",,"NEON.PLA.D13.MOAB.00527","ok","small tree","Live",1.3,130,2.0,,,,,,,,,,,,,"tlMoIdYkoo4/frSr+TOZz6pAAC/bv59I","Ymvu50svVai947RgaYoGNGTwjbYtyuA7","legacyData"
"c8619be3-8a16-4ed0-a4fe-1541785f4418","MOAB_024.basePlot.vst","2016-10-07","vst_MOAB_2016","D13","MOAB","MOAB_024",,"NEON.PLA.D13.MOAB.00532","ok","small shrub","Live",,,0.4,,,,1.0,0.5,,"oblate half-sphere",2.0,10,,,,"tlMoIdYkoo4/frSr+TOZz6pAAC/bv59I","Ymvu50svVai947RgaYoGNGTwjbYtyuA7","legacyData"
"6064cadd-fb94-451b-b9bb-08f892398d89","MOAB_024.basePlot.vst","2016-10-07","vst_MOAB_2016","D13","MOAB","MOAB_024",,"NEON.PLA.D13.MOAB.00543","ok","small shrub","Standing dead",,,0.6,,,,1.2,0.7,,"oblate half-sphere",1.3,10,,,,"tlMoIdYkoo4/frSr+TOZz6pAAC/bv59I","Ymvu50svVai947RgaYoGNGTwjbYtyuA7","legacyData"
