uid,namedLocation,domainID,siteID,plotID,plotType,nlcdClass,decimalLatitude,decimalLongitude,geodeticDatum,coordinateUncertainty,elevation,elevationUncertainty,collectDate,eventID,sampleID,sampleCode,samplingMethod,totalSampledArea,targetTaxaPresent,adultCount,nymphCount,larvaCount,sampleCondition,samplingProtocolVersion,measuredBy,remarks
"d0791940-278a-4156-bb11-ad787332d3f1","JERC_044.tickPlot.tck","D03","JERC","JERC_044","distributed","mixedForest",31.195549,-84.482479,"WGS84",20.1,42.5,0.1,"2014-08-13T14:56Z","JERC.2014.32",,,"drag and flag",180,"N",0,0,0,,"NEON.DOC.014045vD","15UoIG0bBdOUiabUv6LvBQ==","Sampling conducted with 2 concurrent drag cloths. No transcription errors."
"551ec6dd-f7e5-4e4d-b4a8-1a0b6949bd5f","JERC_004.tickPlot.tck","D03","JERC","JERC_004","distributed","cultivatedCrops",31.190115,-84.467381,"WGS84",20.1,43.6,0.2,"2014-08-13T15:11Z","JERC.2014.32",,,"drag",161,"N",0,0,0,,"NEON.DOC.014045vD","YobL0l3TY4gYk6jEsqunwA==","Sampling conducted with 2 concurrent drag cloths. No transcription errors."
"a24343a4-7a34-4886-ad2b-72880ae6fcbc","JERC_034.tickPlot.tck","D03","JERC","JERC_034","distributed","deciduousForest",31.198824,-84.491213,"WGS84",20.1,44.9,0.2,"2014-08-13T15:18Z","JERC.2014.32",,,"drag and flag",175,"N",0,0,0,,"NEON.DOC.014045vD","15UoIG0bBdOUiabUv6LvBQ==","Sampling conducted with 2 concurrent drag cloths. No transcription errors."
"99673be3-0b93-4c9c-89a6-8e21c0941056","JERC_002.tickPlot.tck","D03","JERC","JERC_002","distributed","evergreenForest",31.194065,-84.461537,"WGS84",20.3,56.0,0.5,"2014-08-13T15:28Z","JERC.2014.32",,,"drag and flag",160,"N",0,0,0,,"NEON.DOC.014045vD","YobL0l3TY4gYk6jEsqunwA==","Sampling conducted with 2 concurrent drag cloths. No transcription errors."
"eecf2628-16f8-4d65-bfc9-8a95fb6de6fa","JERC_010.tickPlot.tck","D03","JERC","JERC_010","distributed","deciduousForest",31.209219,-84.470530,"WGS84",20.2,40.5,0.5,"2014-08-13T15:48Z","JERC.2014.32",,,"drag",160,"N",0,0,0,,"NEON.DOC.014045vD","15UoIG0bBdOUiabUv6LvBQ==","Sampling conducted with 2 concurrent drag cloths. No transcription errors."
"2acd2304-ef80-48ac-90e8-a702b9647592","JERC_005.tickPlot.tck","D03","JERC","JERC_005","distributed","evergreenForest",31.194878,-84.452157,"WGS84",20.3,48.1,0.4,"2014-08-13T15:52Z","JERC.2014.32",,,"drag and flag",163,"N",0,0,0,,"NEON.DOC.014045vD","YobL0l3TY4gYk6jEsqunwA==","Sampling conducted with 2 concurrent drag cloths. No transcription errors."
