uid,namedLocation,domainID,siteID,plotID,plotType,nlcdClass,decimalLatitude,decimalLongitude,geodeticDatum,coordinateUncertainty,elevation,elevationUncertainty,collectDate,eventID,sampleID,sampleCode,samplingMethod,totalSampledArea,targetTaxaPresent,adultCount,nymphCount,larvaCount,sampleCondition,samplingProtocolVersion,measuredBy,remarks
"1126ce73-dd93-49d7-a3b2-9a7215fb6e7d","TREE_007.tickPlot.tck","D05","TREE","TREE_007","distributed","deciduousForest",45.496399,-89.559231,"WGS84",20.2,461.3,0.3,"2016-05-18T14:56Z","TREE.2016.20","TREE_007.20160518",,"drag and flag",164,"Y",1,0,0,"No known compromise","NEON.DOC.014045vG","YuW/faeE8CA0LPruU4mWPAB1f1hSTbIk",
"b6d5f07b-b3a1-402d-b6e1-5972d99123dd","TREE_022.tickPlot.tck","D05","TREE","TREE_022","distributed","evergreenForest",45.494513,-89.551239,"WGS84",20.2,458.4,0.2,"2016-05-18T16:10Z","TREE.2016.20","TREE_022.20160518",,"drag and flag",156,"Y",1,0,0,"No known compromise","NEON.DOC.014045vG","YuW/faeE8CA0LPruU4mWPAB1f1hSTbIk",
"f00f318e-afa9-450f-b9b9-5af68c7e8e49","TREE_015.tickPlot.tck","D05","TREE","TREE_015","distributed","mixedForest",45.485626,-89.554320,"WGS84",20.3,462.1,0.6,"2016-05-18T17:42Z","TREE.2016.20","TREE_015.20160518",,"drag and flag",161,"Y",2,0,0,"No known compromise","NEON.DOC.014045vG","YuW/faeE8CA0LPruU4mWPAB1f1hSTbIk",
"aad0ed07-1038-443e-bcc3-95d05ae00b42","TREE_005.tickPlot.tck","D05","TREE","TREE_005","distributed","woodyWetlands",45.482307,-89.557299,"WGS84",20.1,447.6,0.2,"2016-05-18T18:35Z","TREE.2016.20","TREE_005.20160518",,"drag and flag",160,"Y",5,0,0,"No known compromise","NEON.DOC.014045vG","YuW/faeE8CA0LPruU4mWPAB1f1hSTbIk",
"c93aa2c1-770c-44b7-9ac8-ed576c6e8320","TREE_017.tickPlot.tck","D05","TREE","TREE_017","distributed","deciduousForest",45.493376,-89.575729,"WGS84",20.1,466.2,0.2,"2016-05-18T19:47Z","TREE.2016.20","TREE_017.20160518",,"flag",156,"Y",9,0,0,"No known compromise","NEON.DOC.014045vG","YuW/faeE8CA0LPruU4mWPAB1f1hSTbIk",
"7b220d97-5df9-4769-ad6a-4badc8cbc6c1","TREE_019.tickPlot.tck","D05","TREE","TREE_019","distributed","mixedForest",45.494788,-89.575812,"WGS84",20.3,466.2,0.5,"2016-05-18T20:41Z","TREE.2016.20","TREE_019.20160518",,"drag and flag",163,"Y",6,0,0,"No known compromise","NEON.DOC.014045vG","YuW/faeE8CA0LPruU4mWPAB1f1hSTbIk",
