uid,namedLocation,plotID,collectDate,identifiedDate,sampleID,subsampleID,scientificName,acceptedTaxonID,taxonRank,family,subfamily,tribe,subtribe,genus,subgenus,specificEpithet,infraspecificEpithet,identificationQualifier,identificationReferences,identificationProtocolVersion,scientificNameAuthorship,sexOrAge,individualCount,sampleCondition,archiveMedium,archiveFacilityID,deprecatedVialID,identifiedBy,laboratoryName,remarks
"9125ccb4-e8aa-48fe-94fd-98ee3030dd6c","TREE_007.tickPlot.tck","TREE_007","2016-05-18T14:56Z","2017-06-28T16:00Z","TREE_007.20160518","TREE_007.20160518.DERVAR.M","Dermacentor variabilis","DERVAR","species","Ixodidae",,,,"Dermacentor",,"variabilis",,,"Yunker, C. E., Keirans, J. E., Clifford, C. M., and E. R. Easton. 1986. Dermacentor ticks (Acari: Ixodoidea: Ixodidae) of the New World: a scanning electron microscope atlas. Proceedings of the Entomological Society of Washington, 88(4):609-627.","GSU_tickIdentification_SOP_2016-11-01.pdf","Say","Male",1,"OK","RNA stabilization buffer","USNMENT00984791","TREE_007.20160518.DERVAR.M","Lorenza Beati","Georgia Southern University",
"0c3dee73-3b09-4e32-8dd7-85b7d34ab36e","TREE_022.tickPlot.tck","TREE_022","2016-05-18T16:10Z","2017-06-28T16:00Z","TREE_022.20160518","TREE_022.20160518.DERVAR.F","Dermacentor variabilis","DERVAR","species","Ixodidae",,,,"Dermacentor",,"variabilis",,,"Yunker, C. E., Keirans, J. E., Clifford, C. M., and E. R. Easton. 1986. Dermacentor ticks (Acari: Ixodoidea: Ixodidae) of the New World: a scanning electron microscope atlas. Proceedings of the Entomological Society of Washington, 88(4):609-627.","GSU_tickIdentification_SOP_2016-11-01.pdf","Say","Female",1,"OK","RNA stabilization buffer","USNMENT00984790","TREE_022.20160518.DERVAR.F","Lorenza Beati","Georgia Southern University",
"86193a19-6e6e-4d0b-880f-9002c9a604d1","TREE_015.tickPlot.tck","TREE_015","2016-05-18T17:42Z","2017-06-28T16:00Z","TREE_015.20160518","TREE_015.20160518.DERVAR.M","Dermacentor variabilis","DERVAR","species","Ixodidae",,,,"Dermacentor",,"variabilis",,,"Yunker, C. E., Keirans, J. E., Clifford, C. M., and E. R. Easton. 1986. Dermacentor ticks (Acari: Ixodoidea: Ixodidae) of the New World: a scanning electron microscope atlas. Proceedings of the Entomological Society of Washington, 88(4):609-627.","GSU_tickIdentification_SOP_2016-11-01.pdf","Say","Male",1,"OK","RNA stabilization buffer","USNMENT00984788","TREE_015.20160518.DERVAR.M","Lorenza Beati","Georgia Southern University",
"52aabfe2-95de-4532-8d4d-fa5ee02e633d","TREE_015.tickPlot.tck","TREE_015","2016-05-18T17:42Z","2017-06-28T16:00Z","TREE_015.20160518","TREE_015.20160518.IXOSCA.F","Ixodes scapularis","IXOSCA","species","Ixodidae",,,,"Ixodes",,"scapularis",,,"Cooley, R. A. and G. M. Kohls. 1945. The genus Ixodes in North America. National Institute of Health Bulletin, 184.","GSU_tickIdentification_SOP_2016-11-01.pdf","Say","Female",1,"OK","RNA stabilization buffer","USNMENT00984789","TREE_015.20160518.IXOSCA.F","Lorenza Beati","Georgia Southern University",
"c721284d-3229-4cf0-bbb4-9b14c5da85e1","TREE_005.tickPlot.tck","TREE_005","2016-05-18T18:35Z","2017-06-28T16:00Z","TREE_005.20160518","TREE_005.20160518.DERVAR.M","Dermacentor variabilis","DERVAR","species","Ixodidae",,,,"Dermacentor",,"variabilis",,,"Yunker, C. E., Keirans, J. E., Clifford, C. M., and E. R. Easton. 1986. Dermacentor ticks (Acari: Ixodoidea: Ixodidae) of the New World: a scanning electron microscope atlas. Proceedings of the Entomological Society of Washington, 88(4):609-627.","GSU_tickIdentification_SOP_2016-11-01.pdf","Say","Male",4,"OK","RNA stabilization buffer","USNMENT00984792","TREE_005.20160518.DERVAR.M","Lorenza Beati","Georgia Southern University",
"01f1612a-bef7-4c47-90b0-7b925e9ac5e0","TREE_005.tickPlot.tck","TREE_005","2016-05-18T18:35Z","2017-06-28T16:00Z","TREE_005.20160518","TREE_005.20160518.DERVAR.F","Dermacentor variabilis","DERVAR","species","Ixodidae",,,,"Dermacentor",,"variabilis",,,"Yunker, C. E., Keirans, J. E., Clifford, C. M., and E. R. Easton. 1986. Dermacentor ticks (Acari: Ixodoidea: Ixodidae) of the New World: a scanning electron microscope atlas. Proceedings of the Entomological Society of Washington, 88(4):609-627.","GSU_tickIdentification_SOP_2016-11-01.pdf","Say","Female",1,"OK","RNA stabilization buffer","USNMENT00984793","TREE_005.20160518.DERVAR.F","Lorenza Beati","Georgia Southern University",
"7a4cd1d8-a3ed-4161-a39b-6ba9ca83b7a8","TREE_017.tickPlot.tck","TREE_017","2016-05-18T19:47Z","2017-06-28T16:00Z","TREE_017.20160518","TREE_017.20160518.DERVAR.M","Dermacentor variabilis","DERVAR","species","Ixodidae",,,,"Dermacentor",,"variabilis",,,"Yunker, C. E., Keirans, J. E., Clifford, C. M., and E. R. Easton. 1986. Dermacentor ticks (Acari: Ixodoidea: Ixodidae) of the New World: a scanning electron microscope atlas. Proceedings of the Entomological Society of Washington, 88(4):609-627.","GSU_tickIdentification_SOP_2016-11-01.pdf","Say","Male",3,"OK","RNA stabilization buffer","USNMENT00984787","TREE_017.20160518.DERVAR.M","Lorenza Beati","Georgia Southern University",
"4f67fb98-1be2-4786-b535-f8d1724968a7","TREE_017.tickPlot.tck","TREE_017","2016-05-18T19:47Z","2017-06-28T16:00Z","TREE_017.20160518","TREE_017.20160518.DERVAR.F","Dermacentor variabilis","DERVAR","species","Ixodidae",,,,"Dermacentor",,"variabilis",,,"Yunker, C. E., Keirans, J. E., Clifford, C. M., and E. R. Easton. 1986. Dermacentor ticks (Acari: Ixodoidea: Ixodidae) of the New World: a scanning electron microscope atlas. Proceedings of the Entomological Society of Washington, 88(4):609-627.","GSU_tickIdentification_SOP_2016-11-01.pdf","Say","Female",3,"OK","RNA stabilization buffer","USNMENT00984786","TREE_017.20160518.DERVAR.F","Lorenza Beati","Georgia Southern University",
"fcb613cc-77f4-4d55-b984-b9a02c542a3f","TREE_017.tickPlot.tck","TREE_017","2016-05-18T19:47Z","2017-06-28T16:00Z","TREE_017.20160518","TREE_017.20160518.IXOSCA.M","Ixodes scapularis","IXOSCA","species","Ixodidae",,,,"Ixodes",,"scapularis",,,"Cooley, R. A. and G. M. Kohls. 1945. The genus Ixodes in North America. National Institute of Health Bulletin, 184.","GSU_tickIdentification_SOP_2016-11-01.pdf","Say","Male",3,"OK","RNA stabilization buffer","USNMENT00864602","TREE_017.20160518.IXOSCA.M","Lorenza Beati","Georgia Southern University",
"2e72465b-32f2-4ad9-b860-cc77d6661520","TREE_019.tickPlot.tck","TREE_019","2016-05-18T20:41Z","2017-06-28T16:00Z","TREE_019.20160518","TREE_019.20160518.DERVAR.F","Dermacentor variabilis","DERVAR","species","Ixodidae",,,,"Dermacentor",,"variabilis",,,"Yunker, C. E., Keirans, J. E., Clifford, C. M., and E. R. Easton. 1986. Dermacentor ticks (Acari: Ixodoidea: Ixodidae) of the New World: a scanning electron microscope atlas. Proceedings of the Entomological Society of Washington, 88(4):609-627.","GSU_tickIdentification_SOP_2016-11-01.pdf","Say","Female",2,"OK","RNA stabilization buffer","USNMENT00984785","TREE_019.20160518.DERVAR.F","Lorenza Beati","Georgia Southern University",
"2b3a6af0-2bd9-445e-b957-ce88069e337a","TREE_019.tickPlot.tck","TREE_019","2016-05-18T20:41Z","2017-06-28T16:00Z","TREE_019.20160518","TREE_019.20160518.DERVAR.M","Dermacentor variabilis","DERVAR","species","Ixodidae",,,,"Dermacentor",,"variabilis",,,"Yunker, C. E., Keirans, J. E., Clifford, C. M., and E. R. Easton. 1986. Dermacentor ticks (Acari: Ixodoidea: Ixodidae) of the New World: a scanning electron microscope atlas. Proceedings of the Entomological Society of Washington, 88(4):609-627.","GSU_tickIdentification_SOP_2016-11-01.pdf","Say","Male",6,"OK","RNA stabilization buffer","USNMENT00984784","TREE_019.20160518.DERVAR.M","Lorenza Beati","Georgia Southern University",
