uid,namedLocation,date,domainID,siteID,plotID,plotType,nlcdClass,decimalLatitude,decimalLongitude,geodeticDatum,coordinateUncertainty,easting,northing,utmZone,elevation,elevationUncertainty,eventID,samplingProtocolVersion,treesPresent,treesAbsentList,shrubsPresent,shrubsAbsentList,lianasPresent,lianasAbsentList,nestedSubplotAreaShrubSapling,nestedSubplotAreaLiana,totalSampledAreaTrees,totalSampledAreaShrubSapling,totalSampledAreaLiana,remarks,measuredBy,recordedBy,dataQF
"aca90812-9b01-4671-b59c-def16d569d4d","SCBI_063.basePlot.vst","2016-10-04","D02","SCBI","SCBI_063","tower","deciduousForest",38.896180,-78.138517,"WGS84",20.1,748164.56,4309148.61,"17N",358.2,0.2,"vst_SCBI_2016","NEON.DOC.000987vF","Y",,"Y",,"N",,"25","noneSelected",800,100,800,"sap sis sms smt nested subplot reduced from 100m2 to 25m2 many tags removed no lianas","vG946HPdyCak4YNcquSpnhDyztG1jnbiCP4A7p87kck=","2CALKs4JNjmK3iYT4PUVEer6DObkBehF",
"ee9a03c0-f91b-4689-8ad3-020357d889a6","SCBI_062.basePlot.vst","2016-10-05","D02","SCBI","SCBI_062","tower","deciduousForest",38.895117,-78.138236,"WGS84",20.2,748192.64,4309031.38,"17N",368.6,0.2,"vst_SCBI_2016","NEON.DOC.000987vF","Y",,"Y",,"Y",,"25","noneSelected",800,100,800,,"WKwujoF6P3YAOkhzyJ/xP0/1URP18h18","vG946HPdyCak4YNcquSpnhDyztG1jnbiCP4A7p87kck=",
"db4367a9-5371-476c-b8fa-22fcaeaad97c","SCBI_066.basePlot.vst","2016-10-06","D02","SCBI","SCBI_066","tower","deciduousForest",38.893509,-78.138971,"WGS84",20.2,748134.48,4308850.90,"17N",365.5,0.3,"vst_SCBI_2016","NEON.DOC.000987vF","Y",,"Y",,"Y",,"25","noneSelected",800,100,800,,"2CALKs4JNjmK3iYT4PUVEer6DObkBehF","vG946HPdyCak4YNcquSpnhDyztG1jnbiCP4A7p87kck=",
"80bf3c74-ca61-43f3-80fc-1bd433919940","SCBI_064.basePlot.vst","2016-10-06","D02","SCBI","SCBI_064","tower","deciduousForest",38.891613,-78.139038,"WGS84",20.2,748135.28,4308640.26,"17N",357.4,0.2,"vst_SCBI_2016","NEON.DOC.000987vF","Y",,"Y",,"Y",,"25","noneSelected",800,100,800,,"2CALKs4JNjmK3iYT4PUVEer6DObkBehF","vG946HPdyCak4YNcquSpnhDyztG1jnbiCP4A7p87kck=",
"83d471ab-6fad-479a-8ab8-d02788a2f387","SCBI_058.basePlot.vst","2016-10-07","D02","SCBI","SCBI_058","tower","deciduousForest",38.889714,-78.138472,"WGS84",20.1,748190.99,4308431.02,"17N",347.1,0.2,"vst_SCBI_2016","NEON.DOC.000987vF","Y",,"Y",,"Y",,"10","100",800,40,400,,"TvKK6huzmJvQSYcm7w44HKEZTya+DeuysFTWAgNPmiU=","MAihFV9ECLSNBg1HSBddqS0ZUZa4DTjtYmYfVx1TOr0=",
"b8a53d6d-0640-4f67-8006-3f1500b1c4a7","SCBI_046.basePlot.vst","2016-10-10","D02","SCBI","SCBI_046","tower","deciduousForest",38.893831,-78.140758,"WGS84",20.2,747978.35,4308881.78,"17N",354.4,0.3,"vst_SCBI_2016","NEON.DOC.000987vF","Y",,"Y",,"Y",,"noneSelected","noneSelected",800,800,800,,"os5Rd6V2h58xLLGOni43wF5trHQqGKuw","HwrR06bjl3TqPXYD/ecX4LA/iftMi41T",
"d933b7d1-6dab-4418-907f-8be1dd59f074","SCBI_056.basePlot.vst","2016-10-11","D02","SCBI","SCBI_056","tower","deciduousForest",38.890350,-78.143600,"WGS84",20.2,747743.93,4308487.66,"17N",334.9,0.2,"vst_SCBI_2016","NEON.DOC.000987vF","Y",,"Y",,"Y",,"25","noneSelected",800,100,800,,"7gABGk8/BIej00n4oJuY0fI2jXrGKpPT","TvKK6huzmJvQSYcm7w44HKEZTya+DeuysFTWAgNPmiU=",
"9ce19db1-e469-44f8-a73d-c39767172aee","SCBI_051.basePlot.vst","2016-10-12","D02","SCBI","SCBI_051","tower","deciduousForest",38.892471,-78.142806,"WGS84",20.3,747805.43,4308725.25,"17N",312.2,0.3,"vst_SCBI_2016","NEON.DOC.000987vF","Y",,"Y",,"Y",,"25","noneSelected",800,100,800,,"os5Rd6V2h58xLLGOni43wF5trHQqGKuw","7gABGk8/BIej00n4oJuY0fI2jXrGKpPT",
"32664fae-f270-420c-9d3d-630daf7e0a82","SCBI_052.basePlot.vst","2016-10-12","D02","SCBI","SCBI_052","tower","deciduousForest",38.889137,-78.137096,"WGS84",20.1,748312.37,4308370.72,"17N",350.3,0.2,"vst_SCBI_2016","NEON.DOC.000987vF","Y",,"Y",,"Y",,"25","100",800,100,400,,"7gABGk8/BIej00n4oJuY0fI2jXrGKpPT","HwrR06bjl3TqPXYD/ecX4LA/iftMi41T",
"6be7f6e4-7b0c-4215-8402-eab374068fdf","SCBI_048.basePlot.vst","2016-10-13","D02","SCBI","SCBI_048","tower","deciduousForest",38.892604,-78.135922,"WGS84",20.2,748402.12,4308758.75,"17N",418.0,0.2,"vst_SCBI_2016","NEON.DOC.000987vF","Y",,"Y",,"Y",,"25","noneSelected",800,100,800,,"7gABGk8/BIej00n4oJuY0fI2jXrGKpPT","MAihFV9ECLSNBg1HSBddqS0ZUZa4DTjtYmYfVx1TOr0=",
"ff8bde1a-0866-48e1-8848-34731349a233","SCBI_061.basePlot.vst","2016-10-19","D02","SCBI","SCBI_061","tower","evergreenForest",38.889507,-78.142209,"WGS84",20.3,747867.53,4308397.87,"17N",326.7,0.5,"vst_SCBI_2016","NEON.DOC.000987vF","Y",,"Y",,"Y",,"10","100",800,40,400,,"2CALKs4JNjmK3iYT4PUVEer6DObkBehF","WKwujoF6P3YAOkhzyJ/xP0/1URP18h18",
"a889b540-73c2-4c98-b28c-5326c6123265","SCBI_050.basePlot.vst","2016-10-20","D02","SCBI","SCBI_050","tower","deciduousForest",38.890602,-78.142227,"WGS84",20.1,747862.16,4308519.37,"17N",346.0,0.2,"vst_SCBI_2016","NEON.DOC.000987vF","Y",,"Y",,"Y",,"10","noneSelected",800,40,800,,"2CALKs4JNjmK3iYT4PUVEer6DObkBehF","BL/lQPBsvOf0Ug+lYggBj+EypTCDM4Oq",
"4d2537f0-596f-4ea0-9009-796970bfcf4a","SCBI_053.basePlot.vst","2016-10-24","D02","SCBI","SCBI_053","tower","deciduousForest",38.889773,-78.140518,"WGS84",20.1,748013.30,4308432.00,"17N",353.9,0.2,"vst_SCBI_2016","NEON.DOC.000987vF","Y",,"Y",,"Y",,"10","100",800,40,400,,"HwrR06bjl3TqPXYD/ecX4LA/iftMi41T","7gABGk8/BIej00n4oJuY0fI2jXrGKpPT",
"108af4b5-568b-4b3c-b75a-d052d5db104b","SCBI_057.basePlot.vst","2016-10-24","D02","SCBI","SCBI_057","tower","deciduousForest",38.891377,-78.141161,"WGS84",20.1,747951.93,4308608.29,"17N",335.3,0.2,"vst_SCBI_2016","NEON.DOC.000987vF","Y",,"Y",,"Y",,"25","noneSelected",800,100,800,,"7gABGk8/BIej00n4oJuY0fI2jXrGKpPT","TvKK6huzmJvQSYcm7w44HKEZTya+DeuysFTWAgNPmiU=",
"65954827-8c0b-4a17-a5f4-26dfd2b35117","SCBI_054.basePlot.vst","2016-10-25","D02","SCBI","SCBI_054","tower","deciduousForest",38.890803,-78.137674,"WGS84",20.2,748256.42,4308554.07,"17N",369.4,0.4,"vst_SCBI_2016","NEON.DOC.000987vF","Y",,"Y",,"Y",,"25","100",800,100,400,,"HwrR06bjl3TqPXYD/ecX4LA/iftMi41T","7gABGk8/BIej00n4oJuY0fI2jXrGKpPT",
"7962b9d0-d92e-43f0-ab22-447a8e987a69","SCBI_047.basePlot.vst","2016-10-26","D02","SCBI","SCBI_047","tower","deciduousForest",38.894261,-78.137200,"WGS84",20.2,748285.49,4308939.19,"17N",397.0,0.2,"vst_SCBI_2016","NEON.DOC.000987vF","Y",,"Y",,"Y",,"25","noneSelected",800,100,800,,"7gABGk8/BIej00n4oJuY0fI2jXrGKpPT","TvKK6huzmJvQSYcm7w44HKEZTya+DeuysFTWAgNPmiU=",
"efdfb423-c423-48c7-b1df-5660e0d48279","SCBI_045.basePlot.vst","2016-10-27","D02","SCBI","SCBI_045","tower","deciduousForest",38.890566,-78.139431,"WGS84",20.1,748104.83,4308522.98,"17N",359.0,0.1,"vst_SCBI_2016","NEON.DOC.000987vF","Y",,"Y",,"Y",,"10","100",800,40,400,,"7gABGk8/BIej00n4oJuY0fI2jXrGKpPT","BL/lQPBsvOf0Ug+lYggBj+EypTCDM4Oq",
"308d336f-a217-4c1e-8d12-9595d3cb2e29","SCBI_067.basePlot.vst","2016-10-28","D02","SCBI","SCBI_067","tower","deciduousForest",38.893934,-78.135517,"WGS84",20.2,748432.62,4308907.48,"17N",415.9,0.3,"vst_SCBI_2016","NEON.DOC.000987vF","Y",,"Y",,"Y",,"25","noneSelected",800,100,800,,"os5Rd6V2h58xLLGOni43wF5trHQqGKuw","7gABGk8/BIej00n4oJuY0fI2jXrGKpPT",
