uid,namedLocation,date,eventID,domainID,siteID,plotID,subplotID,nestedSubplotID,groupID,taxonID,scientificName,taxonRank,identificationReferences,identificationQualifier,volumePercent,livePercent,deadPercent,canopyArea,meanHeight,remarks,measuredBy,recordedBy,dataQF
"0e77f5fe-5a80-45ab-b92a-2687f38764b2","SCBI_051.basePlot.vst","2016-10-12","vst_SCBI_2016","D02","SCBI","SCBI_051","39","1","39_01","BETH","Berberis thunbergii DC.","species",,,98,100,0,4.1,1.50,,"HwrR06bjl3TqPXYD/ecX4LA/iftMi41T","WKwujoF6P3YAOkhzyJ/xP0/1URP18h18",
"1dd53314-1dc2-4ae5-b4ea-fb57c42e9555","SCBI_051.basePlot.vst","2016-10-12","vst_SCBI_2016","D02","SCBI","SCBI_051","39","1","39_02","ROMU","Rosa multiflora Thunb.","species",,,89,100,0,2.9,1.48,,"HwrR06bjl3TqPXYD/ecX4LA/iftMi41T","WKwujoF6P3YAOkhzyJ/xP0/1URP18h18",
"5f82a2f3-c58f-48b3-8e81-8e497191c535","SCBI_051.basePlot.vst","2016-10-12","vst_SCBI_2016","D02","SCBI","SCBI_051","39","1","39_02","LIBE3","Lindera benzoin (L.) Blume","species",,,11,100,0,2.9,1.48,,"HwrR06bjl3TqPXYD/ecX4LA/iftMi41T","WKwujoF6P3YAOkhzyJ/xP0/1URP18h18",
"5d5d942d-aa3c-44f4-8088-ca4b40dc7e32","SCBI_051.basePlot.vst","2016-10-12","vst_SCBI_2016","D02","SCBI","SCBI_051","39","1","39_01","LIBE3","Lindera benzoin (L.) Blume","species",,,2,100,0,4.1,1.50,,"HwrR06bjl3TqPXYD/ecX4LA/iftMi41T","WKwujoF6P3YAOkhzyJ/xP0/1URP18h18",
