uid,namedLocation,date,eventID,domainID,siteID,plotID,subplotID,nestedSubplotID,groupID,taxonID,scientificName,taxonRank,identificationReferences,identificationQualifier,volumePercent,livePercent,deadPercent,canopyArea,meanHeight,remarks,measuredBy,recordedBy,dataQF
"e3a296d5-e327-4439-9cca-877da0ccd1d0","SERC_055.basePlot.vst","2016-10-19","vst_SERC_2016","D02","SERC","SERC_055","41","4","41_01","LIBE3","Lindera benzoin (L.) Blume","species",,,35,100,0,2.3,1.34,,"MAihFV9ECLSNBg1HSBddqS0ZUZa4DTjtYmYfVx1TOr0=","7gABGk8/BIej00n4oJuY0fI2jXrGKpPT",
"3d396727-9741-40f0-be30-d38c578d0350","SERC_055.basePlot.vst","2016-10-19","vst_SERC_2016","D02","SERC","SERC_055","41","1","41_02","ROMU","Rosa multiflora Thunb.","species",,,100,60,40,13.5,1.48,,"MAihFV9ECLSNBg1HSBddqS0ZUZa4DTjtYmYfVx1TOr0=","7gABGk8/BIej00n4oJuY0fI2jXrGKpPT",
"543401b6-e594-4af4-a690-b28207b2f9df","SERC_055.basePlot.vst","2016-10-19","vst_SERC_2016","D02","SERC","SERC_055","41","4","41_01","LIST2","Liquidambar styraciflua L.","species",,,20,100,0,2.3,1.34,,"MAihFV9ECLSNBg1HSBddqS0ZUZa4DTjtYmYfVx1TOr0=","7gABGk8/BIej00n4oJuY0fI2jXrGKpPT",
"157fc4dc-dc74-4c53-a377-7724341957f9","SERC_055.basePlot.vst","2016-10-19","vst_SERC_2016","D02","SERC","SERC_055","41","4","41_01","ROMU","Rosa multiflora Thunb.","species",,,30,65,35,2.3,1.34,,"MAihFV9ECLSNBg1HSBddqS0ZUZa4DTjtYmYfVx1TOr0=","7gABGk8/BIej00n4oJuY0fI2jXrGKpPT",
"2a108fe4-0a1c-4e7d-a3d4-4cd37056a77d","SERC_055.basePlot.vst","2016-10-19","vst_SERC_2016","D02","SERC","SERC_055","41","4","41_01","CACA18","Carpinus caroliniana Walter","species",,,15,100,0,2.3,1.34,,"MAihFV9ECLSNBg1HSBddqS0ZUZa4DTjtYmYfVx1TOr0=","7gABGk8/BIej00n4oJuY0fI2jXrGKpPT",
