uid,namedLocation,date,domainID,siteID,plotID,plotType,nlcdClass,decimalLatitude,decimalLongitude,geodeticDatum,coordinateUncertainty,easting,northing,utmZone,elevation,elevationUncertainty,eventID,samplingProtocolVersion,treesPresent,treesAbsentList,shrubsPresent,shrubsAbsentList,lianasPresent,lianasAbsentList,nestedSubplotAreaShrubSapling,nestedSubplotAreaLiana,totalSampledAreaTrees,totalSampledAreaShrubSapling,totalSampledAreaLiana,remarks,measuredBy,recordedBy,dataQF
"7db25fee-c055-491f-b184-3de658be825a","SERC_014.basePlot.vst","2016-10-03","D02","SERC","SERC_014","distributed","deciduousForest",38.875990,-76.541093,"WGS84",20.2,366317.97,4304143.74,"18N",2.6,0.2,"vst_SERC_2016","NEON.DOC.000987vF","Y",,"N",,"Y",,"25","noneSelected",400,200,400,,"HwrR06bjl3TqPXYD/ecX4LA/iftMi41T","7gABGk8/BIej00n4oJuY0fI2jXrGKpPT",
"fed273cd-0c91-4d19-8a77-7d57d1744bfb","SERC_010.basePlot.vst","2016-10-03","D02","SERC","SERC_010","distributed","deciduousForest",38.909675,-76.546255,"WGS84",20.2,365933.53,4307889.60,"18N",25.8,0.2,"vst_SERC_2016","NEON.DOC.000987vF","Y",,"Y",,"Y",,"25","noneSelected",400,200,400,,"HwrR06bjl3TqPXYD/ecX4LA/iftMi41T","7gABGk8/BIej00n4oJuY0fI2jXrGKpPT",
"428054bb-dc2c-4b24-bb49-78868902f78f","SERC_016.basePlot.vst","2016-10-04","D02","SERC","SERC_016","distributed","deciduousForest",38.899460,-76.547557,"WGS84",20.2,365801.40,4306757.88,"18N",19.6,0.3,"vst_SERC_2016","NEON.DOC.000987vF","Y",,"N",,"N",,"10","noneSelected",400,80,400,,"HwrR06bjl3TqPXYD/ecX4LA/iftMi41T","7gABGk8/BIej00n4oJuY0fI2jXrGKpPT",
"c0bde54d-a3ad-4e8f-8f25-748fbf220b69","SERC_012.basePlot.vst","2016-10-04","D02","SERC","SERC_012","distributed","deciduousForest",38.878648,-76.560977,"WGS84",20.3,364598.09,4304468.04,"18N",24.5,0.3,"vst_SERC_2016","NEON.DOC.000987vF","Y",,"N",,"Y",,"noneSelected","noneSelected",400,400,400,,"HwrR06bjl3TqPXYD/ecX4LA/iftMi41T","7gABGk8/BIej00n4oJuY0fI2jXrGKpPT",
"a5560019-7734-42c0-9110-6336296fd153","SERC_021.basePlot.vst","2016-10-05","D02","SERC","SERC_021","distributed","deciduousForest",38.896418,-76.560196,"WGS84",20.2,364699.56,4306438.95,"18N",18.0,0.4,"vst_SERC_2016","NEON.DOC.000987vF","Y",,"Y",,"N",,"25","noneSelected",400,200,400,,"HwrR06bjl3TqPXYD/ecX4LA/iftMi41T","7gABGk8/BIej00n4oJuY0fI2jXrGKpPT",
"ec0461bd-fdac-4b00-9917-632bd8b0b4af","SERC_004.basePlot.vst","2016-10-05","D02","SERC","SERC_004","distributed","deciduousForest",38.872417,-76.554054,"WGS84",20.2,365186.86,4303766.29,"18N",14.6,0.3,"vst_SERC_2016","NEON.DOC.000987vF","Y",,"Y",,"Y",,"10","noneSelected",400,80,400,,"HwrR06bjl3TqPXYD/ecX4LA/iftMi41T","7gABGk8/BIej00n4oJuY0fI2jXrGKpPT",
"48d81758-ab45-46e3-bf18-f2d7881b0afb","SERC_022.basePlot.vst","2016-10-05","D02","SERC","SERC_022","distributed","deciduousForest",38.875452,-76.554589,"WGS84",20.2,365146.18,4304103.89,"18N",17.3,0.2,"vst_SERC_2016","NEON.DOC.000987vF","Y",,"Y",,"Y",,"10","noneSelected",400,80,400,,"HwrR06bjl3TqPXYD/ecX4LA/iftMi41T","7gABGk8/BIej00n4oJuY0fI2jXrGKpPT",
"89a992e1-bd5d-4928-ad69-85181c24b47c","SERC_022.basePlot.vst","2016-10-05","D02","SERC","SERC_022","distributed","deciduousForest",38.875452,-76.554589,"WGS84",20.2,365146.18,4304103.89,"18N",17.3,0.2,"vst_SERC_2016","NEON.DOC.000987vF","Y",,"Y",,"Y",,"10","noneSelected",400,80,400,,"HwrR06bjl3TqPXYD/ecX4LA/iftMi41T","7gABGk8/BIej00n4oJuY0fI2jXrGKpPT",
"3ad2bf7d-9bce-4ecc-92ae-354ae1a45dfb","SERC_013.basePlot.vst","2016-10-06","D02","SERC","SERC_013","distributed","deciduousForest",38.871792,-76.544437,"WGS84",20.2,366020.00,4303682.77,"18N",2.7,0.2,"vst_SERC_2016","NEON.DOC.000987vF","Y",,"Y",,"Y",,"10","noneSelected",400,80,400,,"HwrR06bjl3TqPXYD/ecX4LA/iftMi41T","7gABGk8/BIej00n4oJuY0fI2jXrGKpPT",
"19bcd6fa-db24-4866-a4b2-89be8dc13a7c","SERC_005.basePlot.vst","2016-10-10","D02","SERC","SERC_005","distributed","deciduousForest",38.893251,-76.547607,"WGS84",20.3,365785.37,4306068.89,"18N",14.8,0.3,"vst_SERC_2016","NEON.DOC.000987vF","Y",,"Y",,"N",,"25","noneSelected",400,200,400,,"vG946HPdyCak4YNcquSpnhDyztG1jnbiCP4A7p87kck=","2CALKs4JNjmK3iYT4PUVEer6DObkBehF",
"a8a6b483-abd1-4f6f-9b66-929a84c8a010","SERC_002.basePlot.vst","2016-10-10","D02","SERC","SERC_002","distributed","deciduousForest",38.895032,-76.558913,"WGS84",20.2,364808.20,4306283.24,"18N",11.4,0.2,"vst_SERC_2016","NEON.DOC.000987vF","Y",,"Y",,"Y",,"10","noneSelected",400,80,400,,"vG946HPdyCak4YNcquSpnhDyztG1jnbiCP4A7p87kck=","2CALKs4JNjmK3iYT4PUVEer6DObkBehF",
"a23fe68c-7a30-484f-b674-2b7b96728ce8","SERC_067.basePlot.vst","2016-10-11","D02","SERC","SERC_067","tower","deciduousForest",38.890371,-76.564035,"WGS84",20.1,364355.12,4305773.57,"18N",12.0,0.3,"vst_SERC_2016","NEON.DOC.000987vF","Y",,"N",,"N",,"100","noneSelected",800,400,800,,"vG946HPdyCak4YNcquSpnhDyztG1jnbiCP4A7p87kck=","2CALKs4JNjmK3iYT4PUVEer6DObkBehF",
"59197810-df86-4a5e-83f5-dd7cd4bd832f","SERC_060.basePlot.vst","2016-10-11","D02","SERC","SERC_060","tower","deciduousForest",38.893081,-76.564176,"WGS84",20.3,364348.04,4306074.53,"18N",7.9,0.3,"vst_SERC_2016","NEON.DOC.000987vF","Y",,"N",,"Y",,"25","noneSelected",800,100,800,,"vG946HPdyCak4YNcquSpnhDyztG1jnbiCP4A7p87kck=","2CALKs4JNjmK3iYT4PUVEer6DObkBehF",
"eba69bb1-dccc-4d60-82e7-97c37d91c4f0","SERC_050.basePlot.vst","2016-10-11","D02","SERC","SERC_050","tower","deciduousForest",38.881341,-76.561435,"WGS84",20.2,364563.47,4304767.58,"18N",16.5,0.2,"vst_SERC_2016","NEON.DOC.000987vF","Y",,"N",,"N",,"noneSelected","noneSelected",800,800,800,,"vG946HPdyCak4YNcquSpnhDyztG1jnbiCP4A7p87kck=","2CALKs4JNjmK3iYT4PUVEer6DObkBehF",
"5e59159d-8be0-4715-94d6-ddeb78bdbc63","SERC_045.basePlot.vst","2016-10-11","D02","SERC","SERC_045","tower","deciduousForest",38.880974,-76.558720,"WGS84",20.2,364798.28,4304722.83,"18N",19.1,0.4,"vst_SERC_2016","NEON.DOC.000987vF","Y",,"Y",,"N",,"noneSelected","noneSelected",800,800,800,,"vG946HPdyCak4YNcquSpnhDyztG1jnbiCP4A7p87kck=","2CALKs4JNjmK3iYT4PUVEer6DObkBehF",
"9cf93fbe-cf0a-4b44-95ba-389851e73fa9","SERC_057.basePlot.vst","2016-10-11","D02","SERC","SERC_057","tower","deciduousForest",38.887086,-76.562843,"WGS84",20.2,364452.26,4305407.24,"18N",0.9,0.2,"vst_SERC_2016","NEON.DOC.000987vF","Y",,"N",,"N",,"25","noneSelected",800,100,800,,"vG946HPdyCak4YNcquSpnhDyztG1jnbiCP4A7p87kck=","2CALKs4JNjmK3iYT4PUVEer6DObkBehF",
"1d4178b6-5c69-4f76-9fd5-0bd6a1eb7524","SERC_059.basePlot.vst","2016-10-12","D02","SERC","SERC_059","tower","deciduousForest",38.889025,-76.549613,"WGS84",20.3,365603.43,4305602.85,"18N",20.0,0.5,"vst_SERC_2016","NEON.DOC.000987vF","Y",,"Y",,"Y",,"100","noneSelected",800,400,800,,"2CALKs4JNjmK3iYT4PUVEer6DObkBehF","BL/lQPBsvOf0Ug+lYggBj+EypTCDM4Oq",
"254c45fe-da57-41e9-bcd3-f59ee8fc7943","SERC_052.basePlot.vst","2016-10-12","D02","SERC","SERC_052","tower","deciduousForest",38.891367,-76.561547,"WGS84",20.2,364572.80,4305880.41,"18N",4.8,0.3,"vst_SERC_2016","NEON.DOC.000987vF","Y",,"N",,"Y",,"25","noneSelected",800,100,800,,"2CALKs4JNjmK3iYT4PUVEer6DObkBehF","BL/lQPBsvOf0Ug+lYggBj+EypTCDM4Oq",
"702beb72-eed3-4580-9ff0-9c002857a05f","SERC_054.basePlot.vst","2016-10-13","D02","SERC","SERC_054","tower","deciduousForest",38.889274,-76.556464,"WGS84",20.2,365009.69,4305640.60,"18N",19.5,0.3,"vst_SERC_2016","NEON.DOC.000987vF","Y",,"N",,"N",,"noneSelected","noneSelected",800,800,800,,"2CALKs4JNjmK3iYT4PUVEer6DObkBehF","BL/lQPBsvOf0Ug+lYggBj+EypTCDM4Oq",
"ab1d0185-91e8-48eb-a82a-ae0e55e5b6de","SERC_056.basePlot.vst","2016-10-17","D02","SERC","SERC_056","tower","deciduousForest",38.886972,-76.560094,"WGS84",20.2,364690.48,4305390.51,"18N",13.0,0.3,"vst_SERC_2016","NEON.DOC.000987vF","Y",,"Y",,"Y",,"25","noneSelected",800,100,800,,"7gABGk8/BIej00n4oJuY0fI2jXrGKpPT","MAihFV9ECLSNBg1HSBddqS0ZUZa4DTjtYmYfVx1TOr0=",
"ee53970c-eb68-4cbc-b5f2-f3151eab56f0","SERC_047.basePlot.vst","2016-10-17","D02","SERC","SERC_047","tower","deciduousForest",38.885634,-76.560200,"WGS84",20.2,364678.75,4305242.17,"18N",5.7,0.3,"vst_SERC_2016","NEON.DOC.000987vF","Y",,"N",,"N",,"100","noneSelected",800,400,800,,"7gABGk8/BIej00n4oJuY0fI2jXrGKpPT","TvKK6huzmJvQSYcm7w44HKEZTya+DeuysFTWAgNPmiU=",
"fbd745e6-3521-40db-a2f9-e409588f81dc","SERC_049.basePlot.vst","2016-10-17","D02","SERC","SERC_049","tower","deciduousForest",38.886501,-76.561507,"WGS84",20.3,364567.03,4305340.33,"18N",3.5,0.4,"vst_SERC_2016","NEON.DOC.000987vF","Y",,"N",,"N",,"100","noneSelected",800,400,800,,"7gABGk8/BIej00n4oJuY0fI2jXrGKpPT","MAihFV9ECLSNBg1HSBddqS0ZUZa4DTjtYmYfVx1TOr0=",
"e94a78e0-1bff-476f-86f0-789aad8abaa7","SERC_044.basePlot.vst","2016-10-18","D02","SERC","SERC_044","tower","deciduousForest",38.890806,-76.553978,"WGS84",20.2,365228.20,4305806.94,"18N",10.7,0.3,"vst_SERC_2016","NEON.DOC.000987vF","Y",,"Y",,"Y",,"25","noneSelected",800,100,800,,"7gABGk8/BIej00n4oJuY0fI2jXrGKpPT","MAihFV9ECLSNBg1HSBddqS0ZUZa4DTjtYmYfVx1TOr0=",
"25243e10-95ff-4a25-bcee-101f814b6091","SERC_053.basePlot.vst","2016-10-18","D02","SERC","SERC_053","tower","deciduousForest",38.890368,-76.556075,"WGS84",20.3,365045.50,4305761.43,"18N",9.0,0.4,"vst_SERC_2016","NEON.DOC.000987vF","Y",,"Y",,"N",,"25","noneSelected",800,100,800,,"7gABGk8/BIej00n4oJuY0fI2jXrGKpPT","MAihFV9ECLSNBg1HSBddqS0ZUZa4DTjtYmYfVx1TOr0=",
"891e077e-ea5a-4b8b-883c-06c440d69dee","SERC_061.basePlot.vst","2016-10-18","D02","SERC","SERC_061","tower","deciduousForest",38.889743,-76.555114,"WGS84",20.3,365127.67,4305690.65,"18N",12.0,0.4,"vst_SERC_2016","NEON.DOC.000987vF","Y",,"Y",,"Y",,"10","noneSelected",800,40,800,,"7gABGk8/BIej00n4oJuY0fI2jXrGKpPT","MAihFV9ECLSNBg1HSBddqS0ZUZa4DTjtYmYfVx1TOr0=",
"7e454a72-7ae0-4fbd-81c0-ab1524cc9f17","SERC_055.basePlot.vst","2016-10-19","D02","SERC","SERC_055","tower","deciduousForest",38.894328,-76.567942,"WGS84",20.2,364023.80,4306218.53,"18N",10.7,0.2,"vst_SERC_2016","NEON.DOC.000987vF","Y",,"Y",,"Y",,"10","100",800,40,400,,"7gABGk8/BIej00n4oJuY0fI2jXrGKpPT","TvKK6huzmJvQSYcm7w44HKEZTya+DeuysFTWAgNPmiU=",
"98cfe5da-dc77-40b0-a0c2-df545c01aabf","SERC_043.basePlot.vst","2016-10-19","D02","SERC","SERC_043","tower","deciduousForest",38.892735,-76.562158,"WGS84",20.2,364522.41,4306033.13,"18N",14.0,0.3,"vst_SERC_2016","NEON.DOC.000987vF","Y",,"Y",,"Y",,"10","noneSelected",800,40,800,,"MAihFV9ECLSNBg1HSBddqS0ZUZa4DTjtYmYfVx1TOr0=","TvKK6huzmJvQSYcm7w44HKEZTya+DeuysFTWAgNPmiU=",
"9712a510-1ff7-4c83-b7dd-de5e16cd3209","SERC_048.basePlot.vst","2016-10-20","D02","SERC","SERC_048","tower","deciduousForest",38.893180,-76.566967,"WGS84",20.2,364106.17,4306089.67,"18N",12.5,0.3,"vst_SERC_2016","NEON.DOC.000987vF","Y",,"N",,"N",,"10","noneSelected",800,40,800,,"7gABGk8/BIej00n4oJuY0fI2jXrGKpPT","MAihFV9ECLSNBg1HSBddqS0ZUZa4DTjtYmYfVx1TOr0=",
"3249c4e2-e89e-462d-a176-5b7438e19a2f","SERC_062.basePlot.vst","2016-10-24","D02","SERC","SERC_062","tower","deciduousForest",38.881782,-76.558030,"WGS84",20.2,364859.67,4304811.47,"18N",8.8,0.2,"vst_SERC_2016","NEON.DOC.000987vF","Y",,"Y",,"N",,"noneSelected","noneSelected",800,800,800,,"2CALKs4JNjmK3iYT4PUVEer6DObkBehF","MAihFV9ECLSNBg1HSBddqS0ZUZa4DTjtYmYfVx1TOr0=",
"eba9fe0c-5192-40a3-8c5a-43921d8ab3ab","SERC_051.basePlot.vst","2016-10-24","D02","SERC","SERC_051","tower","deciduousForest",38.882861,-76.558624,"WGS84",20.2,364810.19,4304932.10,"18N",9.2,0.2,"vst_SERC_2016","NEON.DOC.000987vF","Y",,"Y",,"N",,"25","noneSelected",800,100,800,,"2CALKs4JNjmK3iYT4PUVEer6DObkBehF","MAihFV9ECLSNBg1HSBddqS0ZUZa4DTjtYmYfVx1TOr0=",
"97f945f9-ab05-417a-90d7-673521122e1b","SERC_058.basePlot.vst","2016-10-25","D02","SERC","SERC_058","tower","deciduousForest",38.894243,-76.566570,"WGS84",20.2,364142.63,4306207.05,"18N",17.1,0.3,"vst_SERC_2016","NEON.DOC.000987vF","Y",,"Y",,"Y",,"10","noneSelected",800,40,800,,"2CALKs4JNjmK3iYT4PUVEer6DObkBehF","MAihFV9ECLSNBg1HSBddqS0ZUZa4DTjtYmYfVx1TOr0=",
