uid,namedLocation,plotID,collectDate,identifiedDate,sampleID,subsampleID,scientificName,acceptedTaxonID,taxonRank,family,subfamily,tribe,subtribe,genus,subgenus,specificEpithet,infraspecificEpithet,identificationQualifier,identificationReferences,identificationProtocolVersion,scientificNameAuthorship,sexOrAge,individualCount,sampleCondition,archiveMedium,archiveFacilityID,deprecatedVialID,identifiedBy,laboratoryName,remarks
"8edaa101-e9e6-4b56-8918-67beacda44d3","OSBS_048.tickPlot.tck","OSBS_048","2018-08-09T14:25Z","2018-10-04T16:00Z","OSBS_048.20180809","OSBS_048.20180809.AMBAME.F","Amblyomma americanum","AMBAME","species","Ixodidae",,,,"Amblyomma",,"americanum",,,"Cooley, R. A. and G. M. Kohls. 1944. The genus Amblyomma (ixodidae) in the United States. The Journal of Parasitology, 30(2):77-111.","GSU_tickIdentification_SOP_2016-11-01.pdf","Linnaeus","Female",1,"OK","90% ethanol","USNMENT01482301",,"Lorenza Beati","Georgia Southern University",
"a12c64da-cf43-44e7-8d26-89213ffa0dcb","OSBS_001.tickPlot.tck","OSBS_001","2018-08-09T16:05Z","2018-10-04T16:00Z","OSBS_001.20180809","OSBS_001.20180809.AMBAME.M","Amblyomma americanum","AMBAME","species","Ixodidae",,,,"Amblyomma",,"americanum",,,"Cooley, R. A. and G. M. Kohls. 1944. The genus Amblyomma (ixodidae) in the United States. The Journal of Parasitology, 30(2):77-111.","GSU_tickIdentification_SOP_2016-11-01.pdf","Linnaeus","Male",4,"OK","90% ethanol","USNMENT01482172",,"Lorenza Beati","Georgia Southern University",
"07192301-9290-4b6d-956b-d47d1063da99","OSBS_001.tickPlot.tck","OSBS_001","2018-08-09T16:05Z","2018-10-04T16:00Z","OSBS_001.20180809","OSBS_001.20180809.L","Ixodida sp.","IXOSP2","order",,,,,,,"sp.",,,,"GSU_tickIdentification_SOP_2016-11-01.pdf",,"Larva",224,"OK","90% ethanol","USNMENT01482351",,"Arianna Gibbs","Georgia Southern University",
"a736e020-d9e6-46af-934e-17bfa0a65373","OSBS_001.tickPlot.tck","OSBS_001","2018-08-09T16:05Z","2018-10-04T16:00Z","OSBS_001.20180809","OSBS_001.20180809.AMBAME.N","Amblyomma americanum","AMBAME","species","Ixodidae",,,,"Amblyomma",,"americanum",,,"Cooley, R. A. and G. M. Kohls. 1944. The genus Amblyomma (ixodidae) in the United States. The Journal of Parasitology, 30(2):77-111.","GSU_tickIdentification_SOP_2016-11-01.pdf","Linnaeus","Nymph",45,"OK","90% ethanol","USNMENT01482147",,"Lorenza Beati","Georgia Southern University",
"a1150000-9dfe-4157-9020-3e0eda91f563","OSBS_001.tickPlot.tck","OSBS_001","2018-08-09T16:05Z","2018-10-04T16:00Z","OSBS_001.20180809","OSBS_001.20180809.AMBAME.F","Amblyomma americanum","AMBAME","species","Ixodidae",,,,"Amblyomma",,"americanum",,,"Cooley, R. A. and G. M. Kohls. 1944. The genus Amblyomma (ixodidae) in the United States. The Journal of Parasitology, 30(2):77-111.","GSU_tickIdentification_SOP_2016-11-01.pdf","Linnaeus","Female",6,"OK","90% ethanol","USNMENT01482167",,"Lorenza Beati","Georgia Southern University",
"bdc0c947-d25e-466e-96a5-105ce39bb657","OSBS_001.tickPlot.tck","OSBS_001","2018-08-31T18:59Z","2018-10-04T16:00Z","OSBS_001.20180831","OSBS_001.20180831.AMBAME.N","Amblyomma americanum","AMBAME","species","Ixodidae",,,,"Amblyomma",,"americanum",,,"Cooley, R. A. and G. M. Kohls. 1944. The genus Amblyomma (ixodidae) in the United States. The Journal of Parasitology, 30(2):77-111.","GSU_tickIdentification_SOP_2016-11-01.pdf","Linnaeus","Nymph",38,"OK","90% ethanol","USNMENT01482153",,"Lorenza Beati","Georgia Southern University",
"35853859-ff09-4b1a-aeb1-9bab4581f6d1","OSBS_001.tickPlot.tck","OSBS_001","2018-08-31T18:59Z","2018-10-04T16:00Z","OSBS_001.20180831","OSBS_001.20180831.AMBAME.M","Amblyomma americanum","AMBAME","species","Ixodidae",,,,"Amblyomma",,"americanum",,,"Cooley, R. A. and G. M. Kohls. 1944. The genus Amblyomma (ixodidae) in the United States. The Journal of Parasitology, 30(2):77-111.","GSU_tickIdentification_SOP_2016-11-01.pdf","Linnaeus","Male",3,"OK","90% ethanol","USNMENT01482158",,"Lorenza Beati","Georgia Southern University",
"ddae3bea-57e0-4bea-a5e5-e59888fb11fb","OSBS_001.tickPlot.tck","OSBS_001","2018-08-31T18:59Z","2018-10-04T16:00Z","OSBS_001.20180831","OSBS_001.20180831.L","Ixodida sp.","IXOSP2","order",,,,,,,"sp.",,,,"GSU_tickIdentification_SOP_2016-11-01.pdf",,"Larva",274,"OK","90% ethanol","USNMENT01482350",,"Arianna Gibbs","Georgia Southern University",
"6ab9a664-5dcd-49a8-9223-1ea9d17f45c9","OSBS_001.tickPlot.tck","OSBS_001","2018-08-31T18:59Z","2018-10-04T16:00Z","OSBS_001.20180831","OSBS_001.20180831.AMBAME.F","Amblyomma americanum","AMBAME","species","Ixodidae",,,,"Amblyomma",,"americanum",,,"Cooley, R. A. and G. M. Kohls. 1944. The genus Amblyomma (ixodidae) in the United States. The Journal of Parasitology, 30(2):77-111.","GSU_tickIdentification_SOP_2016-11-01.pdf","Linnaeus","Female",3,"OK","90% ethanol","USNMENT01482148",,"Lorenza Beati","Georgia Southern University",
