uid,namedLocation,domainID,siteID,plotID,plotType,nlcdClass,decimalLatitude,decimalLongitude,geodeticDatum,coordinateUncertainty,elevation,elevationUncertainty,collectDate,eventID,sampleID,sampleCode,samplingMethod,totalSampledArea,targetTaxaPresent,adultCount,nymphCount,larvaCount,sampleCondition,samplingProtocolVersion,measuredBy,remarks
"17c2f5e4-f19b-42ab-8558-9aa71a67812d","OSBS_002.tickPlot.tck","D03","OSBS","OSBS_002","distributed","evergreenForest",29.703661,-81.958365,"WGS84",20.1,35.8,0.2,"2018-08-09T13:20Z","OSBS.2018.32",,,"drag and flag",160,"N",0,0,0,,"NEON.DOC.014045vJ","v4CQRM1WiuyaapAk+GsVjPjrE0YAwaJYJdSVkUZJlCM=",
"eff9b5ba-642a-428a-a7f5-527d293073cb","OSBS_048.tickPlot.tck","D03","OSBS","OSBS_048","distributed","evergreenForest",29.678818,-81.947790,"WGS84",20.2,36.8,0.4,"2018-08-09T14:25Z","OSBS.2018.32","OSBS_048.20180809","A00000035941","drag and flag",160,"Y",1,0,0,"No known compromise","NEON.DOC.014045vJ","WvXSfWD4ehCPp4x6qnD3+p3dnwrzoU8uG8F7IbYmNWU=",
"26b9e203-35b7-4ecd-8cd5-885724935257","OSBS_004.tickPlot.tck","D03","OSBS","OSBS_004","distributed","evergreenForest",29.683402,-81.960449,"WGS84",20.3,42.4,0.4,"2018-08-09T15:08Z","OSBS.2018.32",,,"drag and flag",160,"N",0,0,0,,"NEON.DOC.014045vJ","v4CQRM1WiuyaapAk+GsVjPjrE0YAwaJYJdSVkUZJlCM=",
"13a823bd-de7b-4169-b221-f4475f8d989d","OSBS_001.tickPlot.tck","D03","OSBS","OSBS_001","distributed","woodyWetlands",29.704063,-82.008061,"WGS84",20.3,34.4,0.3,"2018-08-09T16:05Z","OSBS.2018.32","OSBS_001.20180809","A00000035934","drag and flag",165,"Y",10,45,209,"No known compromise","NEON.DOC.014045vJ","WvXSfWD4ehCPp4x6qnD3+p3dnwrzoU8uG8F7IbYmNWU=",
"df824e1b-895f-4b3d-af92-f750eea7c092","OSBS_002.tickPlot.tck","D03","OSBS","OSBS_002","distributed","evergreenForest",29.703661,-81.958365,"WGS84",20.1,35.8,0.2,"2018-08-29T13:19Z","OSBS.2018.35",,,"drag and flag",160,"N",0,0,0,,"NEON.DOC.014045vJ","WvXSfWD4ehCPp4x6qnD3+p3dnwrzoU8uG8F7IbYmNWU=",
"43e20b65-0c5c-47ba-a4b7-a1fe96b0013a","OSBS_048.tickPlot.tck","D03","OSBS","OSBS_048","distributed","evergreenForest",29.678818,-81.947790,"WGS84",20.2,36.8,0.4,"2018-08-29T14:11Z","OSBS.2018.35",,,"drag and flag",160,"N",0,0,0,,"NEON.DOC.014045vJ","v4CQRM1WiuyaapAk+GsVjPjrE0YAwaJYJdSVkUZJlCM=",
"43498617-f378-410e-9003-38a24364d734","OSBS_004.tickPlot.tck","D03","OSBS","OSBS_004","distributed","evergreenForest",29.683402,-81.960449,"WGS84",20.3,42.4,0.4,"2018-08-29T14:48Z","OSBS.2018.35",,,"drag and flag",160,"N",0,0,0,,"NEON.DOC.014045vJ","WvXSfWD4ehCPp4x6qnD3+p3dnwrzoU8uG8F7IbYmNWU=",
"26bcfb4a-ab98-40a9-bf41-1c105029d6d9","OSBS_001.tickPlot.tck","D03","OSBS","OSBS_001","distributed","woodyWetlands",29.704063,-82.008061,"WGS84",20.3,34.4,0.3,"2018-08-31T18:59Z","OSBS.2018.35","OSBS_001.20180831","A00000036081","drag and flag",180,"Y",6,39,287,"No known compromise","NEON.DOC.014045vJ","YK5ulgcjQA5R7y4cKoPJR4j3Fle/NLuF4bqgrxO8ID4=","Skipped section due to downed tree and wasps on transect"
