uid,namedLocation,domainID,siteID,plotID,plotType,nlcdClass,decimalLatitude,decimalLongitude,geodeticDatum,coordinateUncertainty,elevation,elevationUncertainty,collectDate,eventID,sampleID,sampleCode,samplingMethod,totalSampledArea,targetTaxaPresent,adultCount,nymphCount,larvaCount,sampleCondition,samplingProtocolVersion,measuredBy,remarks
"fe468e6d-1004-4860-a708-b04b422881e1","SRER_007.tickPlot.tck","D14","SRER","SRER_007","distributed","shrubScrub",31.898810,-110.874149,"WGS84",20.1,934.9,0.1,"2017-07-17T15:34Z","SRER.2017.30",,,"drag and flag",180,"N",0,0,0,,"NEON.DOC.014045vH","XwZ6qhORH73MDIMWiRXUeDzW5jIsjXyZlZf5LnKD/4s=",
"6401ffa7-184f-4154-b6c4-6c2f76018c06","SRER_006.tickPlot.tck","D14","SRER","SRER_006","distributed","shrubScrub",31.797005,-110.910555,"WGS84",20.1,1046.3,0.1,"2017-07-17T15:50Z","SRER.2017.30",,,"drag and flag",90,"N",0,0,0,,"NEON.DOC.014045vH","m3h4L7yw9sjYHsfELjQerJ1VehBDk9VOsmMYvrNsbko=",
"165be1cf-0a5a-42ce-88e5-83fa61fd84cf","SRER_008.tickPlot.tck","D14","SRER","SRER_008","distributed","shrubScrub",31.868129,-110.813836,"WGS84",20.1,1172.7,0.1,"2017-07-17T16:36Z","SRER.2017.30",,,"drag and flag",176,"N",0,0,0,,"NEON.DOC.014045vH","5P9rmOp1P9qsXQarJJnM4rTn6gaFs3TLl2ehsbMRLi8=",
"7b2d4f1b-2ad6-4ffb-802a-e7ac71ffa712","SRER_003.tickPlot.tck","D14","SRER","SRER_003","distributed","shrubScrub",31.840004,-110.915794,"WGS84",20.1,977.6,0.1,"2017-07-17T17:08Z","SRER.2017.30",,,"drag and flag",90,"N",0,0,0,,"NEON.DOC.014045vH","47fmII3dmbwIJec1dxdwyBiGTksx4UMrFdhMVXVxQHE=",
