uid,namedLocation,domainID,siteID,plotID,plotType,nlcdClass,decimalLatitude,decimalLongitude,geodeticDatum,coordinateUncertainty,elevation,elevationUncertainty,collectDate,eventID,sampleID,sampleCode,samplingMethod,totalSampledArea,targetTaxaPresent,adultCount,nymphCount,larvaCount,sampleCondition,samplingProtocolVersion,measuredBy,remarks
"c7f01b9e-266b-4362-b88f-0131c2237162","BART_002.tickPlot.tck","D01","BART","BART_002","distributed","deciduousForest",44.035231,-71.274674,"WGS84",20.2,502.6,0.3,"2015-07-22T14:35Z","BART.2015.29",,,"drag and flag",160,"N",0,0,,,"NEON.DOC.014045vF","6HzkzFDdLaNgPi31AaqxNPsuI5nRHqWu","Zero capture; no sample collected. No data transcription errors found"
"1d2be92b-a6e1-4598-b50e-0faf502bb26b","BART_015.tickPlot.tck","D01","BART","BART_015","distributed","mixedForest",44.042149,-71.271603,"WGS84",20.3,455.0,0.5,"2015-07-22T15:57Z","BART.2015.29",,,"drag and flag",160,"N",0,0,,,"NEON.DOC.014045vF","6HzkzFDdLaNgPi31AaqxNPsuI5nRHqWu","Zero capture; no sample collected. No data transcription errors found"
"26363c7d-d4d0-480d-a517-2d1fbb2f6e8b","BART_010.tickPlot.tck","D01","BART","BART_010","distributed","deciduousForest",44.051100,-71.267766,"WGS84",20.2,413.0,0.4,"2015-07-22T17:20Z","BART.2015.29",,,"drag and flag",160,"N",0,0,,,"NEON.DOC.014045vF","6HzkzFDdLaNgPi31AaqxNPsuI5nRHqWu","Zero capture; no sample collected. No data transcription errors found"
"702020a3-b173-4699-9efb-b30386d91742","BART_019.tickPlot.tck","D01","BART","BART_019","distributed","mixedForest",44.069350,-71.288001,"WGS84",20.2,231.8,0.2,"2015-07-23T13:12Z","BART.2015.29",,,"drag and flag",157,"N",0,0,,,"NEON.DOC.014045vF","6HzkzFDdLaNgPi31AaqxNPsuI5nRHqWu","Zero capture; no sample collected. No data transcription errors found"
"df37c38e-b044-42f5-bf42-cd8f8fb70005","BART_029.tickPlot.tck","D01","BART","BART_029","distributed","evergreenForest",44.058948,-71.289336,"WGS84",20.2,291.7,0.3,"2015-07-23T13:52Z","BART.2015.29",,,"drag and flag",148,"N",0,0,,,"NEON.DOC.014045vF","6HzkzFDdLaNgPi31AaqxNPsuI5nRHqWu","Zero capture; no sample collected. No data transcription errors found"
"90b7c5fb-c5c2-4bc2-9b70-891175a27ac7","BART_011.tickPlot.tck","D01","BART","BART_011","distributed","mixedForest",44.048783,-71.295353,"WGS84",20.2,399.5,0.2,"2015-07-23T14:37Z","BART.2015.29",,,"drag and flag",160,"N",0,0,,,"NEON.DOC.014045vF","6HzkzFDdLaNgPi31AaqxNPsuI5nRHqWu","Zero capture; no sample collected. No data transcription errors found"
