uid,namedLocation,domainID,siteID,plotID,plotType,nlcdClass,decimalLatitude,decimalLongitude,geodeticDatum,coordinateUncertainty,elevation,elevationUncertainty,collectDate,eventID,sampleID,sampleCode,samplingMethod,totalSampledArea,targetTaxaPresent,adultCount,nymphCount,larvaCount,sampleCondition,samplingProtocolVersion,measuredBy,remarks
"531796c1-69e8-4fdf-b3c1-e86e5e3a2f8f","TALL_006.tickPlot.tck","D08","TALL","TALL_006","distributed","evergreenForest",32.899144,-87.444571,"WGS84",20.3,108.6,0.3,"2015-09-15T12:53Z","TALL.2015.37","TALL_006.20150915",,"drag and flag",161,"Y",0,1,,"No known compromise","NEON.DOC.014045vF","9NpSOfdMh8lijcaKJO/PGvrTe+m1fKRQ",
"7c9da547-5107-4ae9-93ab-7b77f2adaebe","TALL_008.tickPlot.tck","D08","TALL","TALL_008","distributed","deciduousForest",32.922874,-87.434097,"WGS84",20.2,127.5,0.2,"2015-09-15T13:10Z","TALL.2015.37","TALL_008.20150915",,"drag and flag",160,"Y",0,15,2,"No known compromise","NEON.DOC.014045vF","v7wRdnV1gD6DA7NUoRhtXNeAYtN2k0WN",
"006d415a-3790-4106-80ef-aae05df6cc62","TALL_002.tickPlot.tck","D08","TALL","TALL_002","distributed","mixedForest",32.920823,-87.428955,"WGS84",20.3,104.0,0.4,"2015-09-15T14:05Z","TALL.2015.37","TALL_002.20150915",,"drag and flag",160,"Y",0,3,530,"No known compromise","NEON.DOC.014045vF","v7wRdnV1gD6DA7NUoRhtXNeAYtN2k0WN",
"fad7b076-8efd-4032-a334-b21b18fb7adf","TALL_016.tickPlot.tck","D08","TALL","TALL_016","distributed","evergreenForest",32.971553,-87.415845,"WGS84",20.1,138.9,0.1,"2015-09-15T14:14Z","TALL.2015.37",,,"drag and flag",160,"N",0,0,,,"NEON.DOC.014045vF","9NpSOfdMh8lijcaKJO/PGvrTe+m1fKRQ",
"a34d9e56-8e63-476f-9773-adf9eaa18a57","TALL_001.tickPlot.tck","D08","TALL","TALL_001","distributed","deciduousForest",32.976370,-87.432184,"WGS84",20.2,114.6,0.1,"2015-09-15T15:23Z","TALL.2015.37","TALL_001.20150915",,"drag and flag",160,"Y",1,1,,"No known compromise","NEON.DOC.014045vF","9NpSOfdMh8lijcaKJO/PGvrTe+m1fKRQ",
"ac8dcca5-4cd7-4ec1-975b-a397999ceb48","TALL_003.tickPlot.tck","D08","TALL","TALL_003","distributed","mixedForest",32.894415,-87.416532,"WGS84",20.2,121.9,0.2,"2015-09-15T16:16Z","TALL.2015.37","TALL_003.20150915",,"drag and flag",160,"Y",0,5,136,"No known compromise","NEON.DOC.014045vF","v7wRdnV1gD6DA7NUoRhtXNeAYtN2k0WN",
