uid,namedLocation,plotID,collectDate,identifiedDate,sampleID,subsampleID,scientificName,acceptedTaxonID,taxonRank,family,subfamily,tribe,subtribe,genus,subgenus,specificEpithet,infraspecificEpithet,identificationQualifier,identificationReferences,identificationProtocolVersion,scientificNameAuthorship,sexOrAge,individualCount,sampleCondition,archiveMedium,archiveFacilityID,deprecatedVialID,identifiedBy,laboratoryName,remarks
"705fe06b-2521-4c45-89c4-198f7ab3bb3b","TALL_006.tickPlot.tck","TALL_006","2015-09-15T12:53Z","2016-08-09T16:00Z","TALL_006.20150915","TALL_006.20150915.AMBAME.N","Amblyomma americanum","AMBAME","species","Ixodidae",,,,"Amblyomma",,"americanum",,,"Cooley, R. A. and G. M. Kohls. 1944. The genus Amblyomma (ixodidae) in the United States. The Journal of Parasitology, 30(2):77-111.","GSU_tickIdentification_SOP_2016-11-01.pdf","Linnaeus","Nymph",1,"OK","90% ethanol","127032",,"L. Beati","Georgia Southern University",
"aceeaf5c-7723-450c-b60e-f85e25697eea","TALL_008.tickPlot.tck","TALL_008","2015-09-15T13:10Z","2016-08-09T12:00Z","TALL_008.20150915","TALL_008.20150915.AMBAME.N","Amblyomma americanum","AMBAME","species","Ixodidae",,,,"Amblyomma",,"americanum",,,"Cooley, R. A. and G. M. Kohls. 1944. The genus Amblyomma (ixodidae) in the United States. The Journal of Parasitology, 30(2):77-111.","GSU_tickIdentification_SOP_2016-11-01.pdf","Linnaeus","Nymph",15,"OK","95% ethanol","127033",,"L. Beati","Georgia Southern University",
"1f630097-e671-4c61-b9c0-33d12ec293f8","TALL_008.tickPlot.tck","TALL_008","2015-09-15T13:10Z","2016-08-09T16:00Z","TALL_008.20150915","TALL_008.20150915.IXOSP.L","Ixodidae sp.","IXOSP","family","Ixodidae",,,,,,"sp.",,,,"GSU_tickIdentification_SOP_2016-11-01.pdf",,"Larva",1,"OK","90% ethanol","127033",,"L. Beati","Georgia Southern University",
"e0b4cd76-f021-4a66-9c1d-d32bf136baf0","TALL_002.tickPlot.tck","TALL_002","2015-09-15T14:05Z","2016-08-08T12:00Z","TALL_002.20150915","TALL_002.20150915.AMBAME.N","Amblyomma americanum","AMBAME","species","Ixodidae",,,,"Amblyomma",,"americanum",,,"Cooley, R. A. and G. M. Kohls. 1944. The genus Amblyomma (ixodidae) in the United States. The Journal of Parasitology, 30(2):77-111.","GSU_tickIdentification_SOP_2016-11-01.pdf","Linnaeus","Nymph",3,"OK","95% ethanol","127030",,"L. Beati","Georgia Southern University",
"221e0ccc-d739-4daf-8f76-daafc85dab30","TALL_002.tickPlot.tck","TALL_002","2015-09-15T14:05Z","2016-08-08T16:00Z","TALL_002.20150915","TALL_002.20150915.IXOSP.L","Ixodidae sp.","IXOSP","family","Ixodidae",,,,,,"sp.",,,,"GSU_tickIdentification_SOP_2016-11-01.pdf",,"Larva",1,"OK","90% ethanol","127030",,"L. Beati","Georgia Southern University",
"8df758e7-2597-4c0e-807b-166a65722ab1","TALL_001.tickPlot.tck","TALL_001","2015-09-15T15:23Z","2016-08-08T16:00Z","TALL_001.20150915","TALL_001.20150915.DERVAR.F","Dermacentor variabilis","DERVAR","species","Ixodidae",,,,"Dermacentor",,"variabilis",,,,"GSU_tickIdentification_SOP_2016-11-01.pdf","Say","Female",1,"OK","90% ethanol","127029",,"L. Beati","Georgia Southern University",
"9e3de3d4-ff3a-4eaa-bcf7-291ef4eaa8f5","TALL_003.tickPlot.tck","TALL_003","2015-09-15T16:16Z","2016-08-09T12:00Z","TALL_003.20150915","TALL_003.20150915.AMBAME.N","Amblyomma americanum","AMBAME","species","Ixodidae",,,,"Amblyomma",,"americanum",,,"Cooley, R. A. and G. M. Kohls. 1944. The genus Amblyomma (ixodidae) in the United States. The Journal of Parasitology, 30(2):77-111.","GSU_tickIdentification_SOP_2016-11-01.pdf","Linnaeus","Nymph",5,"OK","95% ethanol","127031",,"L. Beati","Georgia Southern University",
"4b342110-94de-4ad1-bd01-4c9c341e2092","TALL_003.tickPlot.tck","TALL_003","2015-09-15T16:16Z","2016-08-09T16:00Z","TALL_003.20150915","TALL_003.20150915.IXOSP.L","Ixodidae sp.","IXOSP","family","Ixodidae",,,,,,"sp.",,,,"GSU_tickIdentification_SOP_2016-11-01.pdf",,"Larva",1,"OK","90% ethanol","127031",,"L. Beati","Georgia Southern University",
