uid,namedLocation,domainID,siteID,plotID,plotType,nlcdClass,decimalLatitude,decimalLongitude,geodeticDatum,coordinateUncertainty,elevation,elevationUncertainty,collectDate,eventID,sampleID,sampleCode,samplingMethod,totalSampledArea,targetTaxaPresent,adultCount,nymphCount,larvaCount,sampleCondition,samplingProtocolVersion,measuredBy,remarks
"d706cf17-ebb1-4db1-808e-ceb6ead1301e","TALL_016.tickPlot.tck","D08","TALL","TALL_016","distributed","evergreenForest",32.971553,-87.415845,"WGS84",20.1,138.9,0.1,"2015-07-17T12:10Z","TALL.2015.28",,,"drag and flag",160,"N",0,0,,,"NEON.DOC.014045vF","v7wRdnV1gD6DA7NUoRhtXNeAYtN2k0WN",
"415dc378-e696-460c-86a3-614460d93c3d","TALL_008.tickPlot.tck","D08","TALL","TALL_008","distributed","deciduousForest",32.922874,-87.434097,"WGS84",20.2,127.5,0.2,"2015-07-17T12:23Z","TALL.2015.28","TALL_008.20150717",,"drag",169,"Y",3,32,,"No known compromise","NEON.DOC.014045vF","F649F+le3AHvC1s9mrBbdl/cL0oaCCMF",
"f4525ae4-59c0-45d9-adec-3622b64b337e","TALL_001.tickPlot.tck","D08","TALL","TALL_001","distributed","deciduousForest",32.976370,-87.432184,"WGS84",20.2,114.6,0.1,"2015-07-17T13:15Z","TALL.2015.28","TALL_001.20150717",,"drag and flag",163,"Y",1,3,,"No known compromise","NEON.DOC.014045vF","v7wRdnV1gD6DA7NUoRhtXNeAYtN2k0WN",
"ae19bc89-7fa8-440f-909a-de23506449a7","TALL_002.tickPlot.tck","D08","TALL","TALL_002","distributed","mixedForest",32.920823,-87.428955,"WGS84",20.3,104.0,0.4,"2015-07-17T13:44Z","TALL.2015.28","TALL_002.20150717",,"drag and flag",163,"Y",0,4,,"No known compromise","NEON.DOC.014045vF","F649F+le3AHvC1s9mrBbdl/cL0oaCCMF",
"b1e7f5b5-215c-4f7c-9f38-eecbf8ab1641","TALL_006.tickPlot.tck","D08","TALL","TALL_006","distributed","evergreenForest",32.899144,-87.444571,"WGS84",20.3,108.6,0.3,"2015-07-17T15:13Z","TALL.2015.28","TALL_006.20150717",,"drag and flag",166,"Y",0,1,,"No known compromise","NEON.DOC.014045vF","F649F+le3AHvC1s9mrBbdl/cL0oaCCMF",
"799914d9-a09b-443b-b618-b9f317e5305b","TALL_003.tickPlot.tck","D08","TALL","TALL_003","distributed","mixedForest",32.894415,-87.416532,"WGS84",20.2,121.9,0.2,"2015-07-17T16:25Z","TALL.2015.28","TALL_003.20150717",,"drag and flag",155,"Y",0,3,,"No known compromise","NEON.DOC.014045vF","F649F+le3AHvC1s9mrBbdl/cL0oaCCMF",
