uid,namedLocation,plotID,collectDate,identifiedDate,sampleID,subsampleID,scientificName,acceptedTaxonID,taxonRank,family,subfamily,tribe,subtribe,genus,subgenus,specificEpithet,infraspecificEpithet,identificationQualifier,identificationReferences,identificationProtocolVersion,scientificNameAuthorship,sexOrAge,individualCount,sampleCondition,archiveMedium,archiveFacilityID,deprecatedVialID,identifiedBy,laboratoryName,remarks
"9b01370b-76e1-4d34-881d-4e38d0832f8e","TALL_008.tickPlot.tck","TALL_008","2015-07-17T12:23Z","2016-08-02T16:00Z","TALL_008.20150717","TALL_008.20150717.AMBAME.M","Amblyomma americanum","AMBAME","species","Ixodidae",,,,"Amblyomma",,"americanum",,,"Cooley, R. A. and G. M. Kohls. 1944. The genus Amblyomma (ixodidae) in the United States. The Journal of Parasitology, 30(2):77-111.","GSU_tickIdentification_SOP_2016-11-01.pdf","Linnaeus","Male",1,"OK","90% ethanol","127018",,"L. Beati","Georgia Southern University",
"b0ba9f8d-a29d-4d36-8d4b-46e3eecb3a4d","TALL_008.tickPlot.tck","TALL_008","2015-07-17T12:23Z","2016-08-02T16:00Z","TALL_008.20150717","TALL_008.20150717.AMBAME.F","Amblyomma americanum","AMBAME","species","Ixodidae",,,,"Amblyomma",,"americanum",,,"Cooley, R. A. and G. M. Kohls. 1944. The genus Amblyomma (ixodidae) in the United States. The Journal of Parasitology, 30(2):77-111.","GSU_tickIdentification_SOP_2016-11-01.pdf","Linnaeus","Female",1,"OK","90% ethanol","127018",,"L. Beati","Georgia Southern University",
"5e8323b4-ed75-4c31-a3ee-e7f134124d0c","TALL_008.tickPlot.tck","TALL_008","2015-07-17T12:23Z","2016-08-02T12:00Z","TALL_008.20150717","TALL_008.20150717.AMBAME.N","Amblyomma americanum","AMBAME","species","Ixodidae",,,,"Amblyomma",,"americanum",,,"Cooley, R. A. and G. M. Kohls. 1944. The genus Amblyomma (ixodidae) in the United States. The Journal of Parasitology, 30(2):77-111.","GSU_tickIdentification_SOP_2016-11-01.pdf","Linnaeus","Nymph",32,"OK","95% ethanol","127018",,"L. Beati","Georgia Southern University",
"60340d25-ef27-4f5c-9a11-cf9aaa1bc90d","TALL_008.tickPlot.tck","TALL_008","2015-07-17T12:23Z","2016-08-02T16:00Z","TALL_008.20150717","TALL_008.20150717.DERVAR.F","Dermacentor variabilis","DERVAR","species","Ixodidae",,,,"Dermacentor",,"variabilis",,,,"GSU_tickIdentification_SOP_2016-11-01.pdf","Say","Female",1,"OK","90% ethanol","127018",,"L. Beati","Georgia Southern University",
"4d8bc167-34c8-4087-9364-248c2d381eb0","TALL_001.tickPlot.tck","TALL_001","2015-07-17T13:15Z","2016-08-08T16:00Z","TALL_001.20150717","TALL_001.20150717.DERVAR.F","Dermacentor variabilis","DERVAR","species","Ixodidae",,,,"Dermacentor",,"variabilis",,,,"GSU_tickIdentification_SOP_2016-11-01.pdf","Say","Female",1,"OK","90% ethanol","127014",,"L. Beati","Georgia Southern University",
"71b05050-7684-46c5-a948-0dce6026e7cd","TALL_001.tickPlot.tck","TALL_001","2015-07-17T13:15Z","2016-08-08T12:00Z","TALL_001.20150717","TALL_001.20150717.AMBAME.N","Amblyomma americanum","AMBAME","species","Ixodidae",,,,"Amblyomma",,"americanum",,,"Cooley, R. A. and G. M. Kohls. 1944. The genus Amblyomma (ixodidae) in the United States. The Journal of Parasitology, 30(2):77-111.","GSU_tickIdentification_SOP_2016-11-01.pdf","Linnaeus","Nymph",3,"OK","95% ethanol","127014",,"L. Beati","Georgia Southern University",
"c22b01b9-53b7-41b9-8aca-c70b15b1855a","TALL_002.tickPlot.tck","TALL_002","2015-07-17T13:44Z","2016-08-08T12:00Z","TALL_002.20150717","TALL_002.20150717.AMBAME.N","Amblyomma americanum","AMBAME","species","Ixodidae",,,,"Amblyomma",,"americanum",,,"Cooley, R. A. and G. M. Kohls. 1944. The genus Amblyomma (ixodidae) in the United States. The Journal of Parasitology, 30(2):77-111.","GSU_tickIdentification_SOP_2016-11-01.pdf","Linnaeus","Nymph",4,"OK","95% ethanol","127015",,"L. Beati","Georgia Southern University",
"2f8caebc-1da2-469c-8709-5d701dcbc807","TALL_006.tickPlot.tck","TALL_006","2015-07-17T15:13Z","2016-08-02T16:00Z","TALL_006.20150717","TALL_006.20150717.AMBAME.N","Amblyomma americanum","AMBAME","species","Ixodidae",,,,"Amblyomma",,"americanum",,,"Cooley, R. A. and G. M. Kohls. 1944. The genus Amblyomma (ixodidae) in the United States. The Journal of Parasitology, 30(2):77-111.","GSU_tickIdentification_SOP_2016-11-01.pdf","Linnaeus","Nymph",1,"OK","90% ethanol","127017",,"L. Beati","Georgia Southern University",
"6d2f1fb6-eea9-449f-9a08-6b38d2a3b684","TALL_003.tickPlot.tck","TALL_003","2015-07-17T16:25Z","2016-08-02T12:00Z","TALL_003.20150717","TALL_003.20150717.AMBAME.N","Amblyomma americanum","AMBAME","species","Ixodidae",,,,"Amblyomma",,"americanum",,,"Cooley, R. A. and G. M. Kohls. 1944. The genus Amblyomma (ixodidae) in the United States. The Journal of Parasitology, 30(2):77-111.","GSU_tickIdentification_SOP_2016-11-01.pdf","Linnaeus","Nymph",3,"OK","95% ethanol","127016",,"L. Beati","Georgia Southern University",
