uid,namedLocation,domainID,siteID,plotID,plotType,nlcdClass,decimalLatitude,decimalLongitude,geodeticDatum,coordinateUncertainty,elevation,elevationUncertainty,collectDate,eventID,sampleID,sampleCode,samplingMethod,totalSampledArea,targetTaxaPresent,adultCount,nymphCount,larvaCount,sampleCondition,samplingProtocolVersion,measuredBy,remarks
"22636335-8789-4fdf-abcb-7b6f4130fa70","SRER_007.tickPlot.tck","D14","SRER","SRER_007","distributed","shrubScrub",31.898810,-110.874149,"WGS84",20.1,934.9,0.1,"2016-05-27T15:36Z","SRER.2016.21",,,"drag and flag",160,"N",0,0,0,"No known compromise","NEON.DOC.014045vG","Qi5XD4Dru0SRNqQyJDWR/DTZMqMQo/gO","8 meters"
"cb9c736f-7917-473d-81b3-a252196f49a7","SRER_002.tickPlot.tck","D14","SRER","SRER_002","distributed","shrubScrub",31.871226,-110.855454,"WGS84",20.1,1032.1,0.1,"2016-05-27T16:45Z","SRER.2016.21",,,"drag and flag",160,"N",0,0,0,"No known compromise","NEON.DOC.014045vG","LaEMI0VE2Jq2QdGQjNnhw2k8C7fNX28F","5"
"9ff111c7-08fb-40ee-9e10-0496a922532e","SRER_004.tickPlot.tck","D14","SRER","SRER_004","distributed","shrubScrub",31.908022,-110.816123,"WGS84",20.0,1039.1,0.0,"2016-05-27T18:20Z","SRER.2016.21",,,"drag and flag",160,"N",0,0,0,"No known compromise","NEON.DOC.014045vG","Qi5XD4Dru0SRNqQyJDWR/DTZMqMQo/gO","3.5 south edge mostly flagged"
"69e238cc-961d-42eb-8e33-8514900f6613","SRER_008.tickPlot.tck","D14","SRER","SRER_008","distributed","shrubScrub",31.868129,-110.813836,"WGS84",20.1,1172.7,0.1,"2016-05-27T20:05Z","SRER.2016.21",,,"drag and flag",160,"N",0,0,0,"No known compromise","NEON.DOC.014045vG","LaEMI0VE2Jq2QdGQjNnhw2k8C7fNX28F","6"
"ad964f88-28ce-4364-b0b6-8d98079fa82f","SRER_006.tickPlot.tck","D14","SRER","SRER_006","distributed","shrubScrub",31.797005,-110.910555,"WGS84",20.1,1046.3,0.1,"2016-05-27T21:30Z","SRER.2016.21",,,"drag and flag",160,"N",0,0,0,"No known compromise","NEON.DOC.014045vG","Qi5XD4Dru0SRNqQyJDWR/DTZMqMQo/gO","8"
"62e4aadf-496a-41cc-8215-6ca0f09bc88c","SRER_003.tickPlot.tck","D14","SRER","SRER_003","distributed","shrubScrub",31.840004,-110.915794,"WGS84",20.1,977.6,0.1,"2016-05-27T22:27Z","SRER.2016.21",,,"drag and flag",160,"N",0,0,0,"No known compromise","NEON.DOC.014045vG","LaEMI0VE2Jq2QdGQjNnhw2k8C7fNX28F","4"
