uid,namedLocation,domainID,siteID,plotID,plotType,nlcdClass,decimalLatitude,decimalLongitude,geodeticDatum,coordinateUncertainty,elevation,elevationUncertainty,collectDate,eventID,sampleID,sampleCode,samplingMethod,totalSampledArea,targetTaxaPresent,adultCount,nymphCount,larvaCount,sampleCondition,samplingProtocolVersion,measuredBy,remarks
"effe3ec9-7c2a-4c30-ba82-bff1c3fbde21","CLBJ_034.tickPlot.tck","D11","CLBJ","CLBJ_034","distributed","grasslandHerbaceous",33.320090,-97.578537,"WGS84",20.0,325.2,0.0,"2017-03-14T14:59Z","CLBJ.2017.11",,,"drag and flag",120,"N",0,0,0,"No known compromise","NEON.DOC.014045vG","cJ8Mt89MTxlqOnAc6pDp/DoDhz6eIepx","Deviated due to not having corner markers and trees"
"51be82c9-eb6a-43bb-ab24-e8cf2c5797e9","CLBJ_036.tickPlot.tck","D11","CLBJ","CLBJ_036","distributed","grasslandHerbaceous",33.396494,-97.580919,"WGS84",20.1,289.5,0.1,"2017-03-14T16:40Z","CLBJ.2017.11",,,"drag",160,"N",0,0,0,"No known compromise","NEON.DOC.014045vG","pJU2tjLFj6PM4bhwccx2P2/Oc62f5GDMsKvQqg+Zndw=",
"4e9c44d7-5f02-47a4-a90a-0b6c177a43b9","CLBJ_032.tickPlot.tck","D11","CLBJ","CLBJ_032","distributed","grasslandHerbaceous",33.405176,-97.595129,"WGS84",20.1,294.7,0.1,"2017-03-14T17:36Z","CLBJ.2017.11",,,"drag",150,"N",0,0,0,"No known compromise","NEON.DOC.014045vG","cJ8Mt89MTxlqOnAc6pDp/DoDhz6eIepx","Deviated due to missing corner marker"
"ea9317e8-4c4c-471d-895d-f94f63718414","CLBJ_043.tickPlot.tck","D11","CLBJ","CLBJ_043","distributed","deciduousForest",33.410406,-97.593713,"WGS84",20.1,285.9,0.1,"2017-03-14T17:56Z","CLBJ.2017.11",,,"drag and flag",130,"N",0,0,0,"No known compromise","NEON.DOC.014045vG","pJU2tjLFj6PM4bhwccx2P2/Oc62f5GDMsKvQqg+Zndw=","Deviated due to trees and greenbriar"
"56cee0f0-72de-48e0-9ca0-bf7f90401262","CLBJ_033.tickPlot.tck","D11","CLBJ","CLBJ_033","distributed","deciduousForest",33.382288,-97.619783,"WGS84",20.1,305.5,0.1,"2017-03-14T18:58Z","CLBJ.2017.11",,,"drag and flag",120,"N",0,0,0,"No known compromise","NEON.DOC.014045vG","pJU2tjLFj6PM4bhwccx2P2/Oc62f5GDMsKvQqg+Zndw=",
"02c24688-1285-448e-8293-6bb6f40fb21f","CLBJ_040.tickPlot.tck","D11","CLBJ","CLBJ_040","distributed","deciduousForest",33.377571,-97.647238,"WGS84",20.1,328.9,0.1,"2017-03-14T19:31Z","CLBJ.2017.11",,,"drag and flag",100,"N",0,0,0,"No known compromise","NEON.DOC.014045vG","cJ8Mt89MTxlqOnAc6pDp/DoDhz6eIepx",
