uid,namedLocation,plotID,collectDate,identifiedDate,sampleID,subsampleID,scientificName,acceptedTaxonID,taxonRank,family,subfamily,tribe,subtribe,genus,subgenus,specificEpithet,infraspecificEpithet,identificationQualifier,identificationReferences,identificationProtocolVersion,scientificNameAuthorship,sexOrAge,individualCount,sampleCondition,archiveMedium,archiveFacilityID,deprecatedVialID,identifiedBy,laboratoryName,remarks
"043fe9ed-3c3e-4163-bc33-7f91c5bf66ed","BLAN_012.tickPlot.tck","BLAN_012","2016-06-06T20:27Z","2017-05-19T16:00Z","BLAN_012.20160606","BLAN_012.20160606.IXOSCA.N","Ixodes scapularis","IXOSCA","species","Ixodidae",,,,"Ixodes",,"scapularis",,,"Cooley, R. A. and G. M. Kohls. 1945. The genus Ixodes in North America. National Institute of Health Bulletin, 184.","GSU_tickIdentification_SOP_2016-11-01.pdf","Say","Nymph",1,"OK","RNA stabilization buffer","USNMENT00984226","BLAN_012.20160606.1.IXOSCA.N","Lorenza Beati","Georgia Southern University",
"44ffbc34-a25f-4c8b-9498-a71a02acfcd6","BLAN_012.tickPlot.tck","BLAN_012","2016-06-06T20:27Z","2017-05-19T16:00Z","BLAN_012.20160606","BLAN_012.20160606.AMBAME.N","Amblyomma americanum","AMBAME","species","Ixodidae",,,,"Amblyomma",,"americanum",,,"Cooley, R. A. and G. M. Kohls. 1944. The genus Amblyomma (ixodidae) in the United States. The Journal of Parasitology, 30(2):77-111.","GSU_tickIdentification_SOP_2016-11-01.pdf","Linnaeus","Nymph",1,"OK","RNA stabilization buffer","USNMENT00864664","BLAN_012.20160606.1.AMBAME.N","Lorenza Beati","Georgia Southern University",
"98936a87-e72c-4dc7-9ef5-659e7f5dc615","BLAN_012.tickPlot.tck","BLAN_012","2016-06-27T05:17Z","2017-05-19T16:00Z","BLAN_012.20160627","BLAN_012.20160627.AMBAME.N","Amblyomma americanum","AMBAME","species","Ixodidae",,,,"Amblyomma",,"americanum",,,"Cooley, R. A. and G. M. Kohls. 1944. The genus Amblyomma (ixodidae) in the United States. The Journal of Parasitology, 30(2):77-111.","GSU_tickIdentification_SOP_2016-11-01.pdf","Linnaeus","Nymph",1,"OK","RNA stabilization buffer","USNMENT00864662","BLAN_012.20160627.1.AMBAME.N","Lorenza Beati","Georgia Southern University",
"38fe9e76-e46c-43af-a58b-3fe524dd58d3","BLAN_012.tickPlot.tck","BLAN_012","2016-06-27T05:17Z","2017-05-19T16:00Z","BLAN_012.20160627","BLAN_012.20160627.IXOSCA.N","Ixodes scapularis","IXOSCA","species","Ixodidae",,,,"Ixodes",,"scapularis",,,"Cooley, R. A. and G. M. Kohls. 1945. The genus Ixodes in North America. National Institute of Health Bulletin, 184.","GSU_tickIdentification_SOP_2016-11-01.pdf","Say","Nymph",1,"OK","RNA stabilization buffer","USNMENT00984278","BLAN_012.20160627.1.IXOSCA.N","Lorenza Beati","Georgia Southern University",
"aa4f1a7c-70bc-4a79-a5ab-9fa032c4012c","BLAN_008.tickPlot.tck","BLAN_008","2016-06-27T06:07Z","2017-04-09T16:00Z","BLAN_008.20160627","BLAN_008.20160627.IXOSP.L","Ixodidae sp.","IXOSP","family","Ixodidae",,,,,,"sp.",,,,"GSU_tickIdentification_SOP_2016-11-01.pdf",,"Larva",1,"OK","RNA stabilization buffer","USNMENT00984277","BLAN_008.20160627.1.L","Guy Hobbs","Georgia Southern University",
"60c42bb9-62e4-424e-b834-a0cfc68a94b1","BLAN_005.tickPlot.tck","BLAN_005","2016-06-27T14:01Z","2017-04-09T16:00Z","BLAN_005.20160627","BLAN_005.20160627.DERVAR.F","Dermacentor variabilis","DERVAR","species","Ixodidae",,,,"Dermacentor",,"variabilis",,,"Yunker, C. E., Keirans, J. E., Clifford, C. M., and E. R. Easton. 1986. Dermacentor ticks (Acari: Ixodoidea: Ixodidae) of the New World: a scanning electron microscope atlas. Proceedings of the Entomological Society of Washington, 88(4):609-627.","GSU_tickIdentification_SOP_2016-11-01.pdf","Say","Female",1,"OK","RNA stabilization buffer","USNMENT00984275","BLAN_005.20160627.1.DERVAR.F","Guy Hobbs","Georgia Southern University",
"6b31d676-31e4-4537-90fc-f88345b7e8c9","BLAN_005.tickPlot.tck","BLAN_005","2016-06-27T14:01Z","2017-05-19T16:00Z","BLAN_005.20160627","BLAN_005.20160627.AMBAME.N","Amblyomma americanum","AMBAME","species","Ixodidae",,,,"Amblyomma",,"americanum",,,"Cooley, R. A. and G. M. Kohls. 1944. The genus Amblyomma (ixodidae) in the United States. The Journal of Parasitology, 30(2):77-111.","GSU_tickIdentification_SOP_2016-11-01.pdf","Linnaeus","Nymph",4,"OK","RNA stabilization buffer","USNMENT00864671","BLAN_005.20160627.1.AMBAME.N","Lorenza Beati","Georgia Southern University",
"33aa5eb4-6716-46d2-931a-e11167156451","BLAN_005.tickPlot.tck","BLAN_005","2016-06-27T14:01Z","2017-05-19T16:00Z","BLAN_005.20160627","BLAN_005.20160627.IXOSCA.N","Ixodes scapularis","IXOSCA","species","Ixodidae",,,,"Ixodes",,"scapularis",,,"Cooley, R. A. and G. M. Kohls. 1945. The genus Ixodes in North America. National Institute of Health Bulletin, 184.","GSU_tickIdentification_SOP_2016-11-01.pdf","Say","Nymph",14,"OK","RNA stabilization buffer","USNMENT00984274","BLAN_005.20160627.1.IXOSCA.N","Lorenza Beati","Georgia Southern University",
"f89a3a9d-3a10-4385-bcd3-b222bbc3a874","BLAN_015.tickPlot.tck","BLAN_015","2016-06-27T15:20Z","2017-05-19T16:00Z","BLAN_015.20160627","BLAN_015.20160627.IXOSCA.N","Ixodes scapularis","IXOSCA","species","Ixodidae",,,,"Ixodes",,"scapularis",,,"Cooley, R. A. and G. M. Kohls. 1945. The genus Ixodes in North America. National Institute of Health Bulletin, 184.","GSU_tickIdentification_SOP_2016-11-01.pdf","Say","Nymph",1,"OK","RNA stabilization buffer","USNMENT00984279","BLAN_015.20160627.1.IXOSCA.N","Lorenza Beati","Georgia Southern University",
