uid,namedLocation,domainID,siteID,plotID,plotType,nlcdClass,decimalLatitude,decimalLongitude,geodeticDatum,coordinateUncertainty,elevation,elevationUncertainty,collectDate,eventID,sampleID,sampleCode,samplingMethod,totalSampledArea,targetTaxaPresent,adultCount,nymphCount,larvaCount,sampleCondition,samplingProtocolVersion,measuredBy,remarks
"9cb66aaf-278e-4d94-888e-1eebf7406467","BLAN_002.tickPlot.tck","D02","BLAN","BLAN_002","distributed","pastureHay",39.091474,-77.982149,"WGS84",20.1,145.6,0.1,"2016-06-06T17:50Z","BLAN.2016.23",,,"drag",161,"N",0,0,0,"No known compromise","NEON.DOC.014045vG","mp8anvyHTMxgSfzrnILEromrcsyUQO3e","NE orange stake is disturbed"
"58853d88-313b-4459-b8b1-ce1f0ffcc181","BLAN_005.tickPlot.tck","D02","BLAN","BLAN_005","distributed","deciduousForest",39.086223,-77.972729,"WGS84",20.2,169.1,0.3,"2016-06-06T18:18Z","BLAN.2016.23","BLAN_005.20160606",,"drag",162,"Y",0,44,0,"No known compromise","NEON.DOC.014045vG","p8WKbOBZs5/CRPjq/1HrITk8Sf0GvCtj",
"45745519-8225-4e1f-af3a-4588bb8668d7","BLAN_004.tickPlot.tck","D02","BLAN","BLAN_004","distributed","pastureHay",39.088416,-77.961331,"WGS84",20.1,123.7,0.1,"2016-06-06T19:38Z","BLAN.2016.23",,,"drag",165,"N",0,0,0,"No known compromise","NEON.DOC.014045vG","mp8anvyHTMxgSfzrnILEromrcsyUQO3e",
"3e14eb16-6359-4420-bfea-8ded28541aec","BLAN_008.tickPlot.tck","D02","BLAN","BLAN_008","distributed","pastureHay",39.083870,-77.966320,"WGS84",20.4,159.6,0.5,"2016-06-06T19:40Z","BLAN.2016.23",,,"drag",160,"N",0,0,0,"No known compromise","NEON.DOC.014045vG","p8WKbOBZs5/CRPjq/1HrITk8Sf0GvCtj",
"fca686c8-e153-4c2b-96bd-e176d6244fd0","BLAN_015.tickPlot.tck","D02","BLAN","BLAN_015","distributed","deciduousForest",39.088728,-77.955494,"WGS84",20.2,125.9,0.2,"2016-06-06T20:25Z","BLAN.2016.23",,,"drag and flag",161,"N",0,0,0,"No known compromise","NEON.DOC.014045vG","mp8anvyHTMxgSfzrnILEromrcsyUQO3e",
"0c68bbcf-3cd3-40c8-a685-5437b81d984b","BLAN_012.tickPlot.tck","D02","BLAN","BLAN_012","distributed","deciduousForest",39.082720,-77.959589,"WGS84",20.2,135.1,0.2,"2016-06-06T20:27Z","BLAN.2016.23","BLAN_012.20160606",,"drag",150,"Y",0,2,0,"No known compromise","NEON.DOC.014045vG","p8WKbOBZs5/CRPjq/1HrITk8Sf0GvCtj",
"abab0e45-2c27-4a6d-8c9a-5e9fae286193","BLAN_012.tickPlot.tck","D02","BLAN","BLAN_012","distributed","deciduousForest",39.082720,-77.959589,"WGS84",20.2,135.1,0.2,"2016-06-27T05:17Z","BLAN.2016.26","BLAN_012.20160627",,"drag",152,"Y",0,2,0,"No known compromise","NEON.DOC.014045vG","p8WKbOBZs5/CRPjq/1HrITk8Sf0GvCtj",
"80119377-2374-4875-b8b3-c26ba380e49a","BLAN_008.tickPlot.tck","D02","BLAN","BLAN_008","distributed","pastureHay",39.083870,-77.966320,"WGS84",20.4,159.6,0.5,"2016-06-27T06:07Z","BLAN.2016.26","BLAN_008.20160627",,"drag",160,"Y",0,0,3,"No known compromise","NEON.DOC.014045vG","p8WKbOBZs5/CRPjq/1HrITk8Sf0GvCtj",
"8c803de6-7525-4fa1-95cb-c719dec42817","BLAN_004.tickPlot.tck","D02","BLAN","BLAN_004","distributed","pastureHay",39.088416,-77.961331,"WGS84",20.1,123.7,0.1,"2016-06-27T06:42Z","BLAN.2016.26",,,"drag",162,"N",0,0,0,"No known compromise","NEON.DOC.014045vG","p8WKbOBZs5/CRPjq/1HrITk8Sf0GvCtj",
"dc7178cf-2d45-4211-a263-546c3d3730e0","BLAN_002.tickPlot.tck","D02","BLAN","BLAN_002","distributed","pastureHay",39.091474,-77.982149,"WGS84",20.1,145.6,0.1,"2016-06-27T13:20Z","BLAN.2016.26",,,"drag",160,"N",0,0,0,"No known compromise","NEON.DOC.014045vG","p8WKbOBZs5/CRPjq/1HrITk8Sf0GvCtj",
"19ea3a20-487b-48f7-b4b7-5c82010828fe","BLAN_005.tickPlot.tck","D02","BLAN","BLAN_005","distributed","deciduousForest",39.086223,-77.972729,"WGS84",20.2,169.1,0.3,"2016-06-27T14:01Z","BLAN.2016.26","BLAN_005.20160627",,"drag",157,"Y",1,18,0,"No known compromise","NEON.DOC.014045vG","p8WKbOBZs5/CRPjq/1HrITk8Sf0GvCtj",
"b21e7872-d61a-4ea5-8c3f-5229ff45c983","BLAN_015.tickPlot.tck","D02","BLAN","BLAN_015","distributed","deciduousForest",39.088728,-77.955494,"WGS84",20.2,125.9,0.2,"2016-06-27T15:20Z","BLAN.2016.26","BLAN_015.20160627",,"drag",160,"Y",0,1,48,"No known compromise","NEON.DOC.014045vG","p8WKbOBZs5/CRPjq/1HrITk8Sf0GvCtj",
