uid,namedLocation,domainID,siteID,plotID,plotType,nlcdClass,decimalLatitude,decimalLongitude,geodeticDatum,coordinateUncertainty,elevation,elevationUncertainty,collectDate,eventID,sampleID,sampleCode,samplingMethod,totalSampledArea,targetTaxaPresent,adultCount,nymphCount,larvaCount,sampleCondition,samplingProtocolVersion,measuredBy,remarks
"6a3adea7-f80a-4217-9537-26a608ded54e","DELA_005.tickPlot.tck","D08","DELA","DELA_005","distributed","woodyWetlands",32.524379,-87.813851,"WGS84",20.1,27.0,0.3,"2015-06-02T14:00Z","DELA.2015.22",,,"drag and flag",148,"N",0,0,,,"NEON.DOC.014045vF","1BXlVo/+sgQnzGKl3MtQcn6rxZDFIa/f",
"2dde1da2-5b5e-443e-be9a-c001209f4ca5","DELA_007.tickPlot.tck","D08","DELA","DELA_007","distributed","woodyWetlands",32.538957,-87.799922,"WGS84",20.2,25.7,0.2,"2015-06-02T14:30Z","DELA.2015.22",,,"drag and flag",108,"N",0,0,,,"NEON.DOC.014045vF","0ygyTA3URVoNp+waZjN2Lu+zP0lNl3v9",
"2305efd3-7b88-43da-a15d-e5aef38770c2","DELA_001.tickPlot.tck","D08","DELA","DELA_001","distributed","woodyWetlands",32.533269,-87.805425,"WGS84",20.2,27.5,0.3,"2015-06-02T15:37Z","DELA.2015.22",,,"drag and flag",108,"N",0,0,,,"NEON.DOC.014045vF","0ygyTA3URVoNp+waZjN2Lu+zP0lNl3v9",
"dfbfd8dd-ea6c-422b-99f4-77c4bd960831","DELA_014.tickPlot.tck","D08","DELA","DELA_014","distributed","evergreenForest",32.530627,-87.819367,"WGS84",20.2,33.0,0.2,"2015-06-02T15:41Z","DELA.2015.22",,,"drag",164,"N",0,0,,,"NEON.DOC.014045vF","1BXlVo/+sgQnzGKl3MtQcn6rxZDFIa/f",
"34972b61-c3c1-46aa-bf7b-1719db561cbc","DELA_008.tickPlot.tck","D08","DELA","DELA_008","distributed","woodyWetlands",32.538884,-87.814145,"WGS84",20.1,24.5,0.2,"2015-06-02T17:40Z","DELA.2015.22",,,"drag and flag",144,"N",0,0,,,"NEON.DOC.014045vF","1BXlVo/+sgQnzGKl3MtQcn6rxZDFIa/f",
"09ed22ca-a3fe-4a4a-8c6d-45da863acb12","DELA_016.tickPlot.tck","D08","DELA","DELA_016","distributed","evergreenForest",32.536850,-87.806995,"WGS84",20.2,23.6,0.3,"2015-06-02T17:45Z","DELA.2015.22",,,"drag",164,"N",0,0,,,"NEON.DOC.014045vF","0ygyTA3URVoNp+waZjN2Lu+zP0lNl3v9",
