uid,namedLocation,date,eventID,domainID,siteID,plotID,subplotID,individualID,tagStatus,growthForm,plantStatus,stemDiameter,measurementHeight,height,baseCrownHeight,breakHeight,breakDiameter,maxCrownDiameter,ninetyCrownDiameter,canopyPosition,shape,basalStemDiameter,basalStemDiameterMsrmntHeight,maxBaseCrownDiameter,ninetyBaseCrownDiameter,remarks,recordedBy,measuredBy,dataQF
"dbe7d796-0df2-4b5d-9d8e-a79a0119b1ff","LAJA_041.basePlot.vst","2016-03-17","vst_LAJA_2016","D04","LAJA","LAJA_041",,"NEON.PLA.D04.LAJA.04355",,"multi-bole tree","Live, insect damaged",31.0,130,,,,,,,"Open grown",,,,12.00,10.20,,"bLuA32XSwhQ1UEFOt6rO3xlOtBx7Ppbg","XeHqv51r26YPZRP83jHd/mL5WIALVSyUfb6aXI5a0u0=","legacyData"
"72872f79-97d9-480b-8afd-e9913fd8482e","LAJA_041.basePlot.vst","2016-03-17","vst_LAJA_2016","D04","LAJA","LAJA_041",,"NEON.PLA.D04.LAJA.04352E",,,"Live",26.0,130,,,,,,,"Open grown",,,,,,,"bLuA32XSwhQ1UEFOt6rO3xlOtBx7Ppbg","XeHqv51r26YPZRP83jHd/mL5WIALVSyUfb6aXI5a0u0=","legacyData | noMapTagData"
"f117ce1d-bf7a-417c-8fcc-1455ca53c223","LAJA_041.basePlot.vst","2016-03-17","vst_LAJA_2016","D04","LAJA","LAJA_041",,"NEON.PLA.D04.LAJA.04352C",,,"Live",31.5,130,,,,,,,"Open grown",,,,,,,"bLuA32XSwhQ1UEFOt6rO3xlOtBx7Ppbg","XeHqv51r26YPZRP83jHd/mL5WIALVSyUfb6aXI5a0u0=","legacyData | noMapTagData"
"b42370fb-6448-414b-8aee-a6cf018021f4","LAJA_041.basePlot.vst","2016-03-17","vst_LAJA_2016","D04","LAJA","LAJA_041",,"NEON.PLA.D04.LAJA.04355C",,,"Live, insect damaged",14.5,130,,,,,,,"Open grown",,,,,,,"bLuA32XSwhQ1UEFOt6rO3xlOtBx7Ppbg","XeHqv51r26YPZRP83jHd/mL5WIALVSyUfb6aXI5a0u0=","legacyData | noMapTagData"
"50ddad32-c507-41ae-91c3-16f6ad3795d6","LAJA_041.basePlot.vst","2016-03-17","vst_LAJA_2016","D04","LAJA","LAJA_041",,"NEON.PLA.D04.LAJA.04352",,"multi-bole tree","Live",31.6,130,,,,,,,"Open grown",,,,15.00,12.00,,"bLuA32XSwhQ1UEFOt6rO3xlOtBx7Ppbg","XeHqv51r26YPZRP83jHd/mL5WIALVSyUfb6aXI5a0u0=","legacyData"
"89b105cf-4160-49f6-9bf8-877828cf5397","LAJA_041.basePlot.vst","2016-03-17","vst_LAJA_2016","D04","LAJA","LAJA_041",,"NEON.PLA.D04.LAJA.04355A",,,"Live, insect damaged",10.5,130,,,,,,,"Open grown",,,,,,,"bLuA32XSwhQ1UEFOt6rO3xlOtBx7Ppbg","XeHqv51r26YPZRP83jHd/mL5WIALVSyUfb6aXI5a0u0=","legacyData | noMapTagData"
"68167913-64cb-4771-950d-f2b104cf049d","LAJA_041.basePlot.vst","2016-03-17","vst_LAJA_2016","D04","LAJA","LAJA_041",,"NEON.PLA.D04.LAJA.04355B",,,"Live, insect damaged",14.0,130,,,,,,,"Open grown",,,,,,,"bLuA32XSwhQ1UEFOt6rO3xlOtBx7Ppbg","XeHqv51r26YPZRP83jHd/mL5WIALVSyUfb6aXI5a0u0=","legacyData | noMapTagData"
