uid,namedLocation,date,eventID,domainID,siteID,plotID,subplotID,nestedSubplotID,pointID,stemDistance,stemAzimuth,recordType,individualID,supportingStemIndividualID,previouslyTaggedAs,samplingProtocolVersion,taxonID,scientificName,taxonRank,identificationReferences,morphospeciesID,morphospeciesIDRemarks,identificationQualifier,remarks,measuredBy,recordedBy,dataQF
"720861c7-bd57-458e-8ed2-d5f1d20eb416","LAJA_041.basePlot.vst","2016-03-17","vst_LAJA_2016","D04","LAJA","LAJA_041","32",,"51",13.1,199.1,,"NEON.PLA.D04.LAJA.04355",,,"NEON.DOC.000987vE","PIDU","Pithecellobium dulce (Roxb.) Benth.","species",,,,,,"XeHqv51r26YPZRP83jHd/mL5WIALVSyUfb6aXI5a0u0=","bLuA32XSwhQ1UEFOt6rO3xlOtBx7Ppbg",
"33ca85f6-f376-4ccb-b0bb-21bd44c594cf","LAJA_041.basePlot.vst","2016-03-17","vst_LAJA_2016","D04","LAJA","LAJA_041","31",,"51",18.2,226.0,,"NEON.PLA.D04.LAJA.04352",,,"NEON.DOC.000987vE","PIDU","Pithecellobium dulce (Roxb.) Benth.","species",,,,,,"XeHqv51r26YPZRP83jHd/mL5WIALVSyUfb6aXI5a0u0=","bLuA32XSwhQ1UEFOt6rO3xlOtBx7Ppbg",
"3ffca071-b685-4cb8-8ebd-37b7b352a644","LAJA_015.basePlot.vst","2016-10-31","vst_LAJA_2016","D04","LAJA","LAJA_015","32",,,,,,"NEON.PLA.D04.LAJA.08246",,,"NEON.DOC.000987vE","PIDU","Pithecellobium dulce (Roxb.) Benth.","species",,,,,,"8rHzSbnDOXjpaitjHXu3bvZcWZBazBT3Z6JypCrOTws=","fiApssCEcSVZh4fTchGlfQK3pYYnYQUQ",
"55907457-2865-42ad-83d7-636787d29f9b","LAJA_015.basePlot.vst","2016-10-31","vst_LAJA_2016","D04","LAJA","LAJA_015","32",,,,,,"NEON.PLA.D04.LAJA.08998",,,"NEON.DOC.000987vE","PIDU","Pithecellobium dulce (Roxb.) Benth.","species",,,,,,"8rHzSbnDOXjpaitjHXu3bvZcWZBazBT3Z6JypCrOTws=","fiApssCEcSVZh4fTchGlfQK3pYYnYQUQ",
"1a7bee0a-bf4e-4fff-970e-fa8540db2e66","LAJA_015.basePlot.vst","2016-10-31","vst_LAJA_2016","D04","LAJA","LAJA_015","41",,,,,,"NEON.PLA.D04.LAJA.08288",,,"NEON.DOC.000987vE","ACFA","Acacia farnesiana (L.) Willd.","species",,,,,,"8rHzSbnDOXjpaitjHXu3bvZcWZBazBT3Z6JypCrOTws=","fiApssCEcSVZh4fTchGlfQK3pYYnYQUQ",
"9e20a453-782a-49cf-9a56-3790582547f4","LAJA_015.basePlot.vst","2016-10-31","vst_LAJA_2016","D04","LAJA","LAJA_015","31",,,,,,"NEON.PLA.D04.LAJA.08269",,,"NEON.DOC.000987vE","CAAC3","Casearia aculeata Jacq.","species",,,,,,"8rHzSbnDOXjpaitjHXu3bvZcWZBazBT3Z6JypCrOTws=","fiApssCEcSVZh4fTchGlfQK3pYYnYQUQ",
"c510c7f8-769f-4ec1-acf2-a2f707dcbf0c","LAJA_015.basePlot.vst","2016-10-31","vst_LAJA_2016","D04","LAJA","LAJA_015","32",,,,,,"NEON.PLA.D04.LAJA.08247",,,"NEON.DOC.000987vE","PIDU","Pithecellobium dulce (Roxb.) Benth.","species",,,,,,"8rHzSbnDOXjpaitjHXu3bvZcWZBazBT3Z6JypCrOTws=","fiApssCEcSVZh4fTchGlfQK3pYYnYQUQ",
"a0ee187f-0490-401a-b2f1-0d85314a42cf","LAJA_015.basePlot.vst","2016-10-31","vst_LAJA_2016","D04","LAJA","LAJA_015","40",,,,,,"NEON.PLA.D04.LAJA.08242",,,"NEON.DOC.000987vE","ANIN","Andira inermis (W. Wright) Kunth ex DC.","species",,,,,,"8rHzSbnDOXjpaitjHXu3bvZcWZBazBT3Z6JypCrOTws=","fiApssCEcSVZh4fTchGlfQK3pYYnYQUQ",
"88bca97e-b087-4e0f-aa1c-a5eb95c90fcc","LAJA_015.basePlot.vst","2016-10-31","vst_LAJA_2016","D04","LAJA","LAJA_015","32",,,,,,"NEON.PLA.D04.LAJA.08299",,,"NEON.DOC.000987vE","ANIN","Andira inermis (W. Wright) Kunth ex DC.","species",,,,,,"8rHzSbnDOXjpaitjHXu3bvZcWZBazBT3Z6JypCrOTws=","fiApssCEcSVZh4fTchGlfQK3pYYnYQUQ",
"7ee0fdc7-835f-418e-8eae-8167dc682a8d","LAJA_002.basePlot.vst","2016-10-31","vst_LAJA_2016","D04","LAJA","LAJA_002","40",,,,,,"NEON.PLA.D04.LAJA.08261",,,"NEON.DOC.000987vE","MEBI","Melicoccus bijugatus Jacq.","species",,,,,"PointID was taken from 40, stemDist was 3.6, StemAzim was 16.6","8rHzSbnDOXjpaitjHXu3bvZcWZBazBT3Z6JypCrOTws=","fiApssCEcSVZh4fTchGlfQK3pYYnYQUQ",
"39173d93-9e0c-420c-b903-a4a2d846e66a","LAJA_002.basePlot.vst","2016-10-31","vst_LAJA_2016","D04","LAJA","LAJA_002","41",,"51",7.7,227.5,,"NEON.PLA.D04.LAJA.08262",,,"NEON.DOC.000987vE","MEBI","Melicoccus bijugatus Jacq.","species",,,,,,"8rHzSbnDOXjpaitjHXu3bvZcWZBazBT3Z6JypCrOTws=","fiApssCEcSVZh4fTchGlfQK3pYYnYQUQ",
"dbbab741-e001-45b2-859f-6e0d36d527de","LAJA_015.basePlot.vst","2016-10-31","vst_LAJA_2016","D04","LAJA","LAJA_015","32",,,,,,"NEON.PLA.D04.LAJA.05307",,,"NEON.DOC.000987vE","PIDU","Pithecellobium dulce (Roxb.) Benth.","species",,,,,,"8rHzSbnDOXjpaitjHXu3bvZcWZBazBT3Z6JypCrOTws=","fiApssCEcSVZh4fTchGlfQK3pYYnYQUQ",
"0aa40428-4cde-4e30-958d-32adf526a25a","LAJA_015.basePlot.vst","2016-10-31","vst_LAJA_2016","D04","LAJA","LAJA_015","32",,"33",5.0,342.9,,"NEON.PLA.D04.LAJA.08468",,,"NEON.DOC.000987vE","MAIN3","Mangifera indica L.","species",,,,,,"8rHzSbnDOXjpaitjHXu3bvZcWZBazBT3Z6JypCrOTws=","fiApssCEcSVZh4fTchGlfQK3pYYnYQUQ",
"c1a16611-3fd9-46ba-b3d3-876225399ac9","LAJA_015.basePlot.vst","2016-10-31","vst_LAJA_2016","D04","LAJA","LAJA_015","41",,,,,,"NEON.PLA.D04.LAJA.08274",,,"NEON.DOC.000987vE","ACFA","Acacia farnesiana (L.) Willd.","species",,,,,,"8rHzSbnDOXjpaitjHXu3bvZcWZBazBT3Z6JypCrOTws=","fiApssCEcSVZh4fTchGlfQK3pYYnYQUQ",
"d9a514b8-4f36-4379-a6f9-dbd08b01c961","LAJA_015.basePlot.vst","2016-10-31","vst_LAJA_2016","D04","LAJA","LAJA_015","40",,,,,,"NEON.PLA.D04.LAJA.08265",,,"NEON.DOC.000987vE","ANIN","Andira inermis (W. Wright) Kunth ex DC.","species",,,,,,"8rHzSbnDOXjpaitjHXu3bvZcWZBazBT3Z6JypCrOTws=","fiApssCEcSVZh4fTchGlfQK3pYYnYQUQ",
"c0a2e71c-051d-4d42-af86-4b4a8218808e","LAJA_002.basePlot.vst","2016-10-31","vst_LAJA_2016","D04","LAJA","LAJA_002","32",,"33",5.7,283.7,,"NEON.PLA.D04.LAJA.08270A",,,"NEON.DOC.000987vE","MEBI","Melicoccus bijugatus Jacq.","species",,,,,,"8rHzSbnDOXjpaitjHXu3bvZcWZBazBT3Z6JypCrOTws=","fiApssCEcSVZh4fTchGlfQK3pYYnYQUQ",
"6d5d6083-fefa-41dd-9e75-e9907f45be94","LAJA_015.basePlot.vst","2016-10-31","vst_LAJA_2016","D04","LAJA","LAJA_015","32",,,,,,"NEON.PLA.D04.LAJA.08259",,,"NEON.DOC.000987vE","ANIN","Andira inermis (W. Wright) Kunth ex DC.","species",,,,,,"8rHzSbnDOXjpaitjHXu3bvZcWZBazBT3Z6JypCrOTws=","fiApssCEcSVZh4fTchGlfQK3pYYnYQUQ",
"8af9c878-e10f-4d9e-b05b-72b7b80ee119","LAJA_015.basePlot.vst","2016-10-31","vst_LAJA_2016","D04","LAJA","LAJA_015","41",,,,,,"NEON.PLA.D04.LAJA.05301",,,"NEON.DOC.000987vE","ACFA","Acacia farnesiana (L.) Willd.","species",,,,,,"8rHzSbnDOXjpaitjHXu3bvZcWZBazBT3Z6JypCrOTws=","fiApssCEcSVZh4fTchGlfQK3pYYnYQUQ",
"461028ae-0ddb-454d-bd63-9417a955f185","LAJA_015.basePlot.vst","2016-10-31","vst_LAJA_2016","D04","LAJA","LAJA_015","40",,,,,,"NEON.PLA.D04.LAJA.08241",,,"NEON.DOC.000987vE","CAAC3","Casearia aculeata Jacq.","species",,,,,,"8rHzSbnDOXjpaitjHXu3bvZcWZBazBT3Z6JypCrOTws=","fiApssCEcSVZh4fTchGlfQK3pYYnYQUQ",
"32b146a3-4207-49b7-9814-047c38dc6e42","LAJA_015.basePlot.vst","2016-10-31","vst_LAJA_2016","D04","LAJA","LAJA_015","41",,,,,,"NEON.PLA.D04.LAJA.05377",,,"NEON.DOC.000987vE","ACFA","Acacia farnesiana (L.) Willd.","species",,,,,,"8rHzSbnDOXjpaitjHXu3bvZcWZBazBT3Z6JypCrOTws=","fiApssCEcSVZh4fTchGlfQK3pYYnYQUQ",
"c7b29f13-a6f2-4223-a6eb-420e500c961e","LAJA_015.basePlot.vst","2016-10-31","vst_LAJA_2016","D04","LAJA","LAJA_015","32",,,,,,"NEON.PLA.D04.LAJA.05463",,,"NEON.DOC.000987vE","CAAC3","Casearia aculeata Jacq.","species",,,,,,"8rHzSbnDOXjpaitjHXu3bvZcWZBazBT3Z6JypCrOTws=","fiApssCEcSVZh4fTchGlfQK3pYYnYQUQ",
"f765d571-3759-408d-90fd-6333d6d31da0","LAJA_015.basePlot.vst","2016-10-31","vst_LAJA_2016","D04","LAJA","LAJA_015","40",,,,,,"NEON.PLA.D04.LAJA.05355",,,"NEON.DOC.000987vE","ANIN","Andira inermis (W. Wright) Kunth ex DC.","species",,,,,,"8rHzSbnDOXjpaitjHXu3bvZcWZBazBT3Z6JypCrOTws=","fiApssCEcSVZh4fTchGlfQK3pYYnYQUQ",
"b1c0180e-4bee-4dd5-b9ae-e43e1a02e81e","LAJA_015.basePlot.vst","2016-10-31","vst_LAJA_2016","D04","LAJA","LAJA_015","41",,,,,,"NEON.PLA.D04.LAJA.05438",,,"NEON.DOC.000987vE","ACFA","Acacia farnesiana (L.) Willd.","species",,,,,,"8rHzSbnDOXjpaitjHXu3bvZcWZBazBT3Z6JypCrOTws=","fiApssCEcSVZh4fTchGlfQK3pYYnYQUQ",
"28180698-a49f-499b-9552-ac90f1db07cf","LAJA_015.basePlot.vst","2016-10-31","vst_LAJA_2016","D04","LAJA","LAJA_015","40",,,,,,"NEON.PLA.D04.LAJA.08264",,,"NEON.DOC.000987vE","ANIN","Andira inermis (W. Wright) Kunth ex DC.","species",,,,,,"8rHzSbnDOXjpaitjHXu3bvZcWZBazBT3Z6JypCrOTws=","fiApssCEcSVZh4fTchGlfQK3pYYnYQUQ",
"e1158fac-dae0-4f5a-b569-a21eeda0a9df","LAJA_015.basePlot.vst","2016-10-31","vst_LAJA_2016","D04","LAJA","LAJA_015","40",,,,,,"NEON.PLA.D04.LAJA.08475",,,"NEON.DOC.000987vE","PIDU","Pithecellobium dulce (Roxb.) Benth.","species",,,,,,"8rHzSbnDOXjpaitjHXu3bvZcWZBazBT3Z6JypCrOTws=","fiApssCEcSVZh4fTchGlfQK3pYYnYQUQ",
"583166cc-aa19-4d6d-b4ed-7f79b174a44c","LAJA_015.basePlot.vst","2016-10-31","vst_LAJA_2016","D04","LAJA","LAJA_015","32",,,,,,"NEON.PLA.D04.LAJA.08245",,,"NEON.DOC.000987vE","PIDU","Pithecellobium dulce (Roxb.) Benth.","species",,,,,,"8rHzSbnDOXjpaitjHXu3bvZcWZBazBT3Z6JypCrOTws=","fiApssCEcSVZh4fTchGlfQK3pYYnYQUQ",
"4fe673e7-5369-4677-8745-9aa8f20003d8","LAJA_002.basePlot.vst","2016-10-31","vst_LAJA_2016","D04","LAJA","LAJA_002","40",,,,,,"NEON.PLA.D04.LAJA.08261B",,,"NEON.DOC.000987vE","MEBI","Melicoccus bijugatus Jacq.","species",,,,,"PointID was taken from 40, stemDist was 3.6, StemAzim was 16.6","8rHzSbnDOXjpaitjHXu3bvZcWZBazBT3Z6JypCrOTws=","fiApssCEcSVZh4fTchGlfQK3pYYnYQUQ",
"67d10a2d-e844-4675-9df6-ea96ce0d880b","LAJA_015.basePlot.vst","2016-10-31","vst_LAJA_2016","D04","LAJA","LAJA_015","40",,,,,,"NEON.PLA.D04.LAJA.05329",,,"NEON.DOC.000987vE","ANIN","Andira inermis (W. Wright) Kunth ex DC.","species",,,,,,"8rHzSbnDOXjpaitjHXu3bvZcWZBazBT3Z6JypCrOTws=","fiApssCEcSVZh4fTchGlfQK3pYYnYQUQ",
"f0993fea-4f1a-45c6-b102-d3fffa96061a","LAJA_015.basePlot.vst","2016-10-31","vst_LAJA_2016","D04","LAJA","LAJA_015","32",,"33",5.0,342.9,,"NEON.PLA.D04.LAJA.08468A",,,"NEON.DOC.000987vE","MAIN3","Mangifera indica L.","species",,,,,,"8rHzSbnDOXjpaitjHXu3bvZcWZBazBT3Z6JypCrOTws=","fiApssCEcSVZh4fTchGlfQK3pYYnYQUQ",
"555d9dca-b965-44a0-9f6b-66f1243dad54","LAJA_015.basePlot.vst","2016-10-31","vst_LAJA_2016","D04","LAJA","LAJA_015","31",,,,,,"NEON.PLA.D04.LAJA.05333",,,"NEON.DOC.000987vE","PIDU","Pithecellobium dulce (Roxb.) Benth.","species",,,,,,"8rHzSbnDOXjpaitjHXu3bvZcWZBazBT3Z6JypCrOTws=","fiApssCEcSVZh4fTchGlfQK3pYYnYQUQ",
"58f3dd42-b25a-491b-b769-feade8c7e10b","LAJA_015.basePlot.vst","2016-10-31","vst_LAJA_2016","D04","LAJA","LAJA_015","40",,,,,,"NEON.PLA.D04.LAJA.08285",,,"NEON.DOC.000987vE","CAAC3","Casearia aculeata Jacq.","species",,,,,,"8rHzSbnDOXjpaitjHXu3bvZcWZBazBT3Z6JypCrOTws=","fiApssCEcSVZh4fTchGlfQK3pYYnYQUQ",
"e09737f8-6ad9-4b4e-9e75-5f203b7b4bda","LAJA_015.basePlot.vst","2016-10-31","vst_LAJA_2016","D04","LAJA","LAJA_015","40",,,,,,"NEON.PLA.D04.LAJA.05324",,,"NEON.DOC.000987vE","CAAC3","Casearia aculeata Jacq.","species",,,,,,"8rHzSbnDOXjpaitjHXu3bvZcWZBazBT3Z6JypCrOTws=","fiApssCEcSVZh4fTchGlfQK3pYYnYQUQ",
"5ca7960b-1291-4a0b-bcc7-e4b4aa7aa4a3","LAJA_002.basePlot.vst","2016-10-31","vst_LAJA_2016","D04","LAJA","LAJA_002","31",,,,,,"NEON.PLA.D04.LAJA.08263",,,"NEON.DOC.000987vE","MEBI","Melicoccus bijugatus Jacq.","species",,,,,"PointID was taken from 40, stemDist was 8.9, StemAzim was 175.9","8rHzSbnDOXjpaitjHXu3bvZcWZBazBT3Z6JypCrOTws=","fiApssCEcSVZh4fTchGlfQK3pYYnYQUQ",
"9e6a34fb-f992-4817-8a33-3509e8acb96a","LAJA_002.basePlot.vst","2016-10-31","vst_LAJA_2016","D04","LAJA","LAJA_002","40",,,,,,"NEON.PLA.D04.LAJA.08261A",,,"NEON.DOC.000987vE","MEBI","Melicoccus bijugatus Jacq.","species",,,,,"PointID was taken from 40, stemDist was 3.6, StemAzim was 16.6","8rHzSbnDOXjpaitjHXu3bvZcWZBazBT3Z6JypCrOTws=","fiApssCEcSVZh4fTchGlfQK3pYYnYQUQ",
"fb3786a3-304b-444a-83d1-208d80ed2e21","LAJA_015.basePlot.vst","2016-10-31","vst_LAJA_2016","D04","LAJA","LAJA_015","40",,,,,,"NEON.PLA.D04.LAJA.05477",,,"NEON.DOC.000987vE","ANIN","Andira inermis (W. Wright) Kunth ex DC.","species",,,,,,"8rHzSbnDOXjpaitjHXu3bvZcWZBazBT3Z6JypCrOTws=","fiApssCEcSVZh4fTchGlfQK3pYYnYQUQ",
"727ffa18-494c-4535-a63c-f1120977d837","LAJA_015.basePlot.vst","2016-10-31","vst_LAJA_2016","D04","LAJA","LAJA_015","31",,"31",10.1,63.3,,"NEON.PLA.D04.LAJA.08244A",,,"NEON.DOC.000987vE","COCO5","Cordia collococca L.","species",,,,,,"8rHzSbnDOXjpaitjHXu3bvZcWZBazBT3Z6JypCrOTws=","fiApssCEcSVZh4fTchGlfQK3pYYnYQUQ",
"a0664b88-fa4c-4b4f-9582-3e61c0943502","LAJA_015.basePlot.vst","2016-10-31","vst_LAJA_2016","D04","LAJA","LAJA_015","40",,"49",7.6,123.4,,"NEON.PLA.D04.LAJA.08243",,,"NEON.DOC.000987vE","MAIN3","Mangifera indica L.","species",,,,,,"8rHzSbnDOXjpaitjHXu3bvZcWZBazBT3Z6JypCrOTws=","fiApssCEcSVZh4fTchGlfQK3pYYnYQUQ",
"7f47ce71-b49e-4217-a153-430ab2758284","LAJA_015.basePlot.vst","2016-10-31","vst_LAJA_2016","D04","LAJA","LAJA_015","41",,,,,,"NEON.PLA.D04.LAJA.05309",,,"NEON.DOC.000987vE","CAAC3","Casearia aculeata Jacq.","species",,,,,,"8rHzSbnDOXjpaitjHXu3bvZcWZBazBT3Z6JypCrOTws=","fiApssCEcSVZh4fTchGlfQK3pYYnYQUQ",
"36d6843e-f278-474e-80e7-e8b29da60be1","LAJA_015.basePlot.vst","2016-10-31","vst_LAJA_2016","D04","LAJA","LAJA_015","32",,,,,,"NEON.PLA.D04.LAJA.08249",,,"NEON.DOC.000987vE","CAAC3","Casearia aculeata Jacq.","species",,,,,,"8rHzSbnDOXjpaitjHXu3bvZcWZBazBT3Z6JypCrOTws=","fiApssCEcSVZh4fTchGlfQK3pYYnYQUQ",
"77706b6e-5c0c-4a01-aadf-2953356bb251","LAJA_015.basePlot.vst","2016-10-31","vst_LAJA_2016","D04","LAJA","LAJA_015","31",,"31",10.1,63.3,,"NEON.PLA.D04.LAJA.08244",,,"NEON.DOC.000987vE","COCO5","Cordia collococca L.","species",,,,,,"8rHzSbnDOXjpaitjHXu3bvZcWZBazBT3Z6JypCrOTws=","fiApssCEcSVZh4fTchGlfQK3pYYnYQUQ",
"4d67adfc-8f28-402e-9f70-7f2109db49c5","LAJA_015.basePlot.vst","2016-10-31","vst_LAJA_2016","D04","LAJA","LAJA_015","40",,,,,,"NEON.PLA.D04.LAJA.08287",,,"NEON.DOC.000987vE","CAAC3","Casearia aculeata Jacq.","species",,,,,,"8rHzSbnDOXjpaitjHXu3bvZcWZBazBT3Z6JypCrOTws=","fiApssCEcSVZh4fTchGlfQK3pYYnYQUQ",
"8a4bdc8f-1f9f-4337-9342-99d2b88e717a","LAJA_015.basePlot.vst","2016-10-31","vst_LAJA_2016","D04","LAJA","LAJA_015","40",,,,,,"NEON.PLA.D04.LAJA.05429",,,"NEON.DOC.000987vE","ANIN","Andira inermis (W. Wright) Kunth ex DC.","species",,,,,,"8rHzSbnDOXjpaitjHXu3bvZcWZBazBT3Z6JypCrOTws=","fiApssCEcSVZh4fTchGlfQK3pYYnYQUQ",
"fad9abee-10a8-4597-9ed0-bc02acf5abca","LAJA_002.basePlot.vst","2016-10-31","vst_LAJA_2016","D04","LAJA","LAJA_002","32",,"33",5.7,283.7,,"NEON.PLA.D04.LAJA.08260A",,,"NEON.DOC.000987vE","MEBI","Melicoccus bijugatus Jacq.","species",,,,,,"8rHzSbnDOXjpaitjHXu3bvZcWZBazBT3Z6JypCrOTws=","fiApssCEcSVZh4fTchGlfQK3pYYnYQUQ",
"68dad927-386c-48a5-b3aa-20a745346cf2","LAJA_002.basePlot.vst","2016-10-31","vst_LAJA_2016","D04","LAJA","LAJA_002","32",,"33",5.7,283.7,,"NEON.PLA.D04.LAJA.08260",,,"NEON.DOC.000987vE","MEBI","Melicoccus bijugatus Jacq.","species",,,,,,"8rHzSbnDOXjpaitjHXu3bvZcWZBazBT3Z6JypCrOTws=","fiApssCEcSVZh4fTchGlfQK3pYYnYQUQ",
"57222494-53d7-4fe4-a4f3-a967377eda6f","LAJA_026.basePlot.vst","2016-11-04","vst_LAJA_2016","D04","LAJA","LAJA_026","41","4",,,,,"NEON.PLA.D04.LAJA.08270",,,"NEON.DOC.000987vE","ADRI","Adelia ricinella L.","species",,,,,,"8rHzSbnDOXjpaitjHXu3bvZcWZBazBT3Z6JypCrOTws=","fiApssCEcSVZh4fTchGlfQK3pYYnYQUQ",
"5ffc32a6-0526-4a5a-94ce-f778a1ef49a1","LAJA_026.basePlot.vst","2016-11-04","vst_LAJA_2016","D04","LAJA","LAJA_026","32","4",,,,,"NEON.PLA.D04.LAJA.05407",,,"NEON.DOC.000987vE","PIDU","Pithecellobium dulce (Roxb.) Benth.","species",,,,,,"8rHzSbnDOXjpaitjHXu3bvZcWZBazBT3Z6JypCrOTws=","fiApssCEcSVZh4fTchGlfQK3pYYnYQUQ",
"278e759f-09e8-4b09-9eab-a9b7e3071371","LAJA_026.basePlot.vst","2016-11-04","vst_LAJA_2016","D04","LAJA","LAJA_026","31","4",,,,,"NEON.PLA.D04.LAJA.05404",,,"NEON.DOC.000987vE","ADRI","Adelia ricinella L.","species",,,,,,"8rHzSbnDOXjpaitjHXu3bvZcWZBazBT3Z6JypCrOTws=","fiApssCEcSVZh4fTchGlfQK3pYYnYQUQ",
"667d9b19-8514-41f4-8934-eb6111b158cc","LAJA_026.basePlot.vst","2016-11-04","vst_LAJA_2016","D04","LAJA","LAJA_026","41","4",,,,,"NEON.PLA.D04.LAJA.05401",,,"NEON.DOC.000987vE","ADRI","Adelia ricinella L.","species",,,,,,"8rHzSbnDOXjpaitjHXu3bvZcWZBazBT3Z6JypCrOTws=","fiApssCEcSVZh4fTchGlfQK3pYYnYQUQ",
"e463081b-10da-43b9-a0ac-d55e6401f254","LAJA_026.basePlot.vst","2016-11-04","vst_LAJA_2016","D04","LAJA","LAJA_026","41","1",,,,,"NEON.PLA.D04.LAJA.05500",,,"NEON.DOC.000987vE","MUEX2","Murraya exotica L.","species",,,,,,"8rHzSbnDOXjpaitjHXu3bvZcWZBazBT3Z6JypCrOTws=","fiApssCEcSVZh4fTchGlfQK3pYYnYQUQ",
"d05e9cf6-4534-4d29-830b-8d70981423c8","LAJA_026.basePlot.vst","2016-11-04","vst_LAJA_2016","D04","LAJA","LAJA_026","41","1",,,,,"NEON.PLA.D04.LAJA.05431",,,"NEON.DOC.000987vE","CASY2","Casearia sylvestris Sw.","species",,,,,,"8rHzSbnDOXjpaitjHXu3bvZcWZBazBT3Z6JypCrOTws=","fiApssCEcSVZh4fTchGlfQK3pYYnYQUQ",
"64c4d5bd-69db-4dd7-9e26-ca3f0d8ae2e5","LAJA_026.basePlot.vst","2016-11-04","vst_LAJA_2016","D04","LAJA","LAJA_026","41","4",,,,,"NEON.PLA.D04.LAJA.08227",,,"NEON.DOC.000987vE","ADRI","Adelia ricinella L.","species",,,,,,"8rHzSbnDOXjpaitjHXu3bvZcWZBazBT3Z6JypCrOTws=","fiApssCEcSVZh4fTchGlfQK3pYYnYQUQ",
"2db33bbe-c524-4e15-8c7c-be4b5836818c","LAJA_026.basePlot.vst","2016-11-04","vst_LAJA_2016","D04","LAJA","LAJA_026","40","1",,,,,"NEON.PLA.D04.LAJA.05452",,,"NEON.DOC.000987vE","ADRI","Adelia ricinella L.","species",,,,,,"8rHzSbnDOXjpaitjHXu3bvZcWZBazBT3Z6JypCrOTws=","fiApssCEcSVZh4fTchGlfQK3pYYnYQUQ",
"cc697d90-ad63-46d8-9741-78d23a95b196","LAJA_026.basePlot.vst","2016-11-04","vst_LAJA_2016","D04","LAJA","LAJA_026","41","1",,,,,"NEON.PLA.D04.LAJA.08238",,,"NEON.DOC.000987vE","STFL5","Stigmaphyllon floribundum (DC.) C.E. Anderson","species",,,,,,"8rHzSbnDOXjpaitjHXu3bvZcWZBazBT3Z6JypCrOTws=","fiApssCEcSVZh4fTchGlfQK3pYYnYQUQ",
"6039cddd-e9f4-41aa-a7bd-34c1142b0340","LAJA_026.basePlot.vst","2016-11-04","vst_LAJA_2016","D04","LAJA","LAJA_026","41","1",,,,,"NEON.PLA.D04.LAJA.05462",,,"NEON.DOC.000987vE","CASY2","Casearia sylvestris Sw.","species",,,,,,"8rHzSbnDOXjpaitjHXu3bvZcWZBazBT3Z6JypCrOTws=","fiApssCEcSVZh4fTchGlfQK3pYYnYQUQ",
"2b0bf684-02ec-452e-9a90-520976d70e67","LAJA_026.basePlot.vst","2016-11-04","vst_LAJA_2016","D04","LAJA","LAJA_026","40","3",,,,,"NEON.PLA.D04.LAJA.05494",,,"NEON.DOC.000987vE","STFL5","Stigmaphyllon floribundum (DC.) C.E. Anderson","species",,,,,,"8rHzSbnDOXjpaitjHXu3bvZcWZBazBT3Z6JypCrOTws=","fiApssCEcSVZh4fTchGlfQK3pYYnYQUQ",
"43df6a5a-4864-4c74-9148-9de12a1ef37f","LAJA_026.basePlot.vst","2016-11-04","vst_LAJA_2016","D04","LAJA","LAJA_026","41","4",,,,,"NEON.PLA.D04.LAJA.05321",,,"NEON.DOC.000987vE","MAUN3","Macfadyena unguis-cati (L.) A.H. Gentry","species",,,,,,"8rHzSbnDOXjpaitjHXu3bvZcWZBazBT3Z6JypCrOTws=","fiApssCEcSVZh4fTchGlfQK3pYYnYQUQ",
"3f443eab-69ec-408d-b5c4-8f59d287bf84","LAJA_026.basePlot.vst","2016-11-04","vst_LAJA_2016","D04","LAJA","LAJA_026","41","4",,,,,"NEON.PLA.D04.LAJA.05338",,,"NEON.DOC.000987vE","MAUN3","Macfadyena unguis-cati (L.) A.H. Gentry","species",,,,,,"8rHzSbnDOXjpaitjHXu3bvZcWZBazBT3Z6JypCrOTws=","fiApssCEcSVZh4fTchGlfQK3pYYnYQUQ",
"cb7e4a9e-2943-4efa-ace7-aac6ed0a5f2a","LAJA_026.basePlot.vst","2016-11-04","vst_LAJA_2016","D04","LAJA","LAJA_026","40","3",,,,,"NEON.PLA.D04.LAJA.08304",,,"NEON.DOC.000987vE","MAUN3","Macfadyena unguis-cati (L.) A.H. Gentry","species",,,,,,"8rHzSbnDOXjpaitjHXu3bvZcWZBazBT3Z6JypCrOTws=","fiApssCEcSVZh4fTchGlfQK3pYYnYQUQ",
"ed4bfee4-de29-4102-b9df-37ba3a6319c7","LAJA_026.basePlot.vst","2016-11-04","vst_LAJA_2016","D04","LAJA","LAJA_026","41","1",,,,,"NEON.PLA.D04.LAJA.08214",,,"NEON.DOC.000987vE","STFL5","Stigmaphyllon floribundum (DC.) C.E. Anderson","species",,,,,,"8rHzSbnDOXjpaitjHXu3bvZcWZBazBT3Z6JypCrOTws=","fiApssCEcSVZh4fTchGlfQK3pYYnYQUQ",
"46d16ca8-99f6-4471-a4d6-03830424f79e","LAJA_026.basePlot.vst","2016-11-04","vst_LAJA_2016","D04","LAJA","LAJA_026","32","4",,,,,"NEON.PLA.D04.LAJA.08216",,,"NEON.DOC.000987vE","STFL5","Stigmaphyllon floribundum (DC.) C.E. Anderson","species",,,,,,"8rHzSbnDOXjpaitjHXu3bvZcWZBazBT3Z6JypCrOTws=","fiApssCEcSVZh4fTchGlfQK3pYYnYQUQ",
"ccddd494-5fac-4eab-bdd0-f0fc9cd12b13","LAJA_026.basePlot.vst","2016-11-04","vst_LAJA_2016","D04","LAJA","LAJA_026","41","1",,,,,"NEON.PLA.D04.LAJA.08237",,,"NEON.DOC.000987vE","STFL5","Stigmaphyllon floribundum (DC.) C.E. Anderson","species",,,,,,"8rHzSbnDOXjpaitjHXu3bvZcWZBazBT3Z6JypCrOTws=","fiApssCEcSVZh4fTchGlfQK3pYYnYQUQ",
"61fe0483-e912-45fd-935b-51f49295592d","LAJA_026.basePlot.vst","2016-11-04","vst_LAJA_2016","D04","LAJA","LAJA_026","40","1",,,,,"NEON.PLA.D04.LAJA.05409",,,"NEON.DOC.000987vE","ADRI","Adelia ricinella L.","species",,,,,,"zPBe+8pzAK0B2URIObnv4uYPPEuv017obsOPc+5Qw/c=","fiApssCEcSVZh4fTchGlfQK3pYYnYQUQ",
"a0a27ff5-4dbc-410e-90f0-41e4dd0e448e","LAJA_026.basePlot.vst","2016-11-04","vst_LAJA_2016","D04","LAJA","LAJA_026","40","3",,,,,"NEON.PLA.D04.LAJA.05325",,,"NEON.DOC.000987vE","ADRI","Adelia ricinella L.","species",,,,,,"8rHzSbnDOXjpaitjHXu3bvZcWZBazBT3Z6JypCrOTws=","fiApssCEcSVZh4fTchGlfQK3pYYnYQUQ",
"6b15638a-3567-432f-b90e-7058339de285","LAJA_026.basePlot.vst","2016-11-04","vst_LAJA_2016","D04","LAJA","LAJA_026","41","4",,,,,"NEON.PLA.D04.LAJA.05386",,,"NEON.DOC.000987vE","CASY2","Casearia sylvestris Sw.","species",,,,,,"8rHzSbnDOXjpaitjHXu3bvZcWZBazBT3Z6JypCrOTws=","fiApssCEcSVZh4fTchGlfQK3pYYnYQUQ",
"be858a97-adad-4fbd-8fa1-55b5efa89695","LAJA_026.basePlot.vst","2016-11-04","vst_LAJA_2016","D04","LAJA","LAJA_026","41","1",,,,,"NEON.PLA.D04.LAJA.05341",,,"NEON.DOC.000987vE","CASY2","Casearia sylvestris Sw.","species",,,,,,"8rHzSbnDOXjpaitjHXu3bvZcWZBazBT3Z6JypCrOTws=","fiApssCEcSVZh4fTchGlfQK3pYYnYQUQ",
"acea05f9-c8d2-42e1-bc84-fc717ff95e7a","LAJA_026.basePlot.vst","2016-11-04","vst_LAJA_2016","D04","LAJA","LAJA_026","40","1",,,,,"NEON.PLA.D04.LAJA.05428",,,"NEON.DOC.000987vE","ADRI","Adelia ricinella L.","species",,,,,,"8rHzSbnDOXjpaitjHXu3bvZcWZBazBT3Z6JypCrOTws=","fiApssCEcSVZh4fTchGlfQK3pYYnYQUQ",
"aad9bc2c-1ce6-4e88-83f9-c57d6dd574b9","LAJA_026.basePlot.vst","2016-11-04","vst_LAJA_2016","D04","LAJA","LAJA_026","41","1",,,,,"NEON.PLA.D04.LAJA.08202",,,"NEON.DOC.000987vE","JAFL","Jasminum fluminense Vell.","species",,,,,,"8rHzSbnDOXjpaitjHXu3bvZcWZBazBT3Z6JypCrOTws=","fiApssCEcSVZh4fTchGlfQK3pYYnYQUQ",
"1edd9c70-31e7-4f83-b944-e418447cdc17","LAJA_026.basePlot.vst","2016-11-04","vst_LAJA_2016","D04","LAJA","LAJA_026","41","1",,,,,"NEON.PLA.D04.LAJA.08236",,,"NEON.DOC.000987vE","STFL5","Stigmaphyllon floribundum (DC.) C.E. Anderson","species",,,,,,"8rHzSbnDOXjpaitjHXu3bvZcWZBazBT3Z6JypCrOTws=","fiApssCEcSVZh4fTchGlfQK3pYYnYQUQ",
"74519ce6-9f3d-4085-9e56-1d2f08d373f1","LAJA_026.basePlot.vst","2016-11-04","vst_LAJA_2016","D04","LAJA","LAJA_026","41","1",,,,,"NEON.PLA.D04.LAJA.08223",,,"NEON.DOC.000987vE","MUEX2","Murraya exotica L.","species",,,,,,"8rHzSbnDOXjpaitjHXu3bvZcWZBazBT3Z6JypCrOTws=","fiApssCEcSVZh4fTchGlfQK3pYYnYQUQ",
"3d4ae7f1-c2a7-4164-83a3-d7d54031e5ef","LAJA_026.basePlot.vst","2016-11-04","vst_LAJA_2016","D04","LAJA","LAJA_026","41","4",,,,,"NEON.PLA.D04.LAJA.05369",,,"NEON.DOC.000987vE","ADRI","Adelia ricinella L.","species",,,,,,"8rHzSbnDOXjpaitjHXu3bvZcWZBazBT3Z6JypCrOTws=","fiApssCEcSVZh4fTchGlfQK3pYYnYQUQ",
"e7a919c3-0484-4092-bc2c-6c997cae0160","LAJA_026.basePlot.vst","2016-11-04","vst_LAJA_2016","D04","LAJA","LAJA_026","41","1",,,,,"NEON.PLA.D04.LAJA.05457",,,"NEON.DOC.000987vE","ADRI","Adelia ricinella L.","species",,,,,,"8rHzSbnDOXjpaitjHXu3bvZcWZBazBT3Z6JypCrOTws=","fiApssCEcSVZh4fTchGlfQK3pYYnYQUQ",
"5746e6c3-0daf-45f9-9964-569046a08d72","LAJA_026.basePlot.vst","2016-11-04","vst_LAJA_2016","D04","LAJA","LAJA_026","41","4",,,,,"NEON.PLA.D04.LAJA.05487",,,"NEON.DOC.000987vE","ADRI","Adelia ricinella L.","species",,,,,,"8rHzSbnDOXjpaitjHXu3bvZcWZBazBT3Z6JypCrOTws=","fiApssCEcSVZh4fTchGlfQK3pYYnYQUQ",
"21160dd2-8ddd-4d70-878f-acec53aa063c","LAJA_026.basePlot.vst","2016-11-04","vst_LAJA_2016","D04","LAJA","LAJA_026","41","4",,,,,"NEON.PLA.D04.LAJA.05412",,,"NEON.DOC.000987vE","MUEX2","Murraya exotica L.","species",,,,,,"8rHzSbnDOXjpaitjHXu3bvZcWZBazBT3Z6JypCrOTws=","fiApssCEcSVZh4fTchGlfQK3pYYnYQUQ",
"b2464913-1554-44b2-977e-791076186788","LAJA_026.basePlot.vst","2016-11-04","vst_LAJA_2016","D04","LAJA","LAJA_026","32","4",,,,,"NEON.PLA.D04.LAJA.05347",,,"NEON.DOC.000987vE","STFL5","Stigmaphyllon floribundum (DC.) C.E. Anderson","species",,,,,,"8rHzSbnDOXjpaitjHXu3bvZcWZBazBT3Z6JypCrOTws=","fiApssCEcSVZh4fTchGlfQK3pYYnYQUQ",
"d6ff0740-9e0f-4878-aeb4-f04fed9b9258","LAJA_026.basePlot.vst","2016-11-04","vst_LAJA_2016","D04","LAJA","LAJA_026","41","1",,,,,"NEON.PLA.D04.LAJA.05435",,,"NEON.DOC.000987vE","ADRI","Adelia ricinella L.","species",,,,,,"8rHzSbnDOXjpaitjHXu3bvZcWZBazBT3Z6JypCrOTws=","fiApssCEcSVZh4fTchGlfQK3pYYnYQUQ",
"1a48270b-4fd1-4481-bc5b-e5d67cd375b4","LAJA_026.basePlot.vst","2016-11-04","vst_LAJA_2016","D04","LAJA","LAJA_026","41","1",,,,,"NEON.PLA.D04.LAJA.08239",,,"NEON.DOC.000987vE","MAUN3","Macfadyena unguis-cati (L.) A.H. Gentry","species",,,,,,"8rHzSbnDOXjpaitjHXu3bvZcWZBazBT3Z6JypCrOTws=","fiApssCEcSVZh4fTchGlfQK3pYYnYQUQ",
"3cabbe5a-f3ca-4848-917c-4c25ec931c32","LAJA_026.basePlot.vst","2016-11-04","vst_LAJA_2016","D04","LAJA","LAJA_026","41","1",,,,,"NEON.PLA.D04.LAJA.08203",,,"NEON.DOC.000987vE","STFL5","Stigmaphyllon floribundum (DC.) C.E. Anderson","species",,,,,,"8rHzSbnDOXjpaitjHXu3bvZcWZBazBT3Z6JypCrOTws=","fiApssCEcSVZh4fTchGlfQK3pYYnYQUQ",
"0bbf6b76-4f17-4002-bfb2-21aed81e52b3","LAJA_026.basePlot.vst","2016-11-04","vst_LAJA_2016","D04","LAJA","LAJA_026","31","4",,,,,"NEON.PLA.D04.LAJA.05376",,,"NEON.DOC.000987vE","ADRI","Adelia ricinella L.","species",,,,,,"8rHzSbnDOXjpaitjHXu3bvZcWZBazBT3Z6JypCrOTws=","fiApssCEcSVZh4fTchGlfQK3pYYnYQUQ",
"78b0205d-a158-4ce9-9826-e874d461c54e","LAJA_026.basePlot.vst","2016-11-04","vst_LAJA_2016","D04","LAJA","LAJA_026","32","4",,,,,"NEON.PLA.D04.LAJA.08296",,,"NEON.DOC.000987vE","JAFL","Jasminum fluminense Vell.","species",,,,,,"8rHzSbnDOXjpaitjHXu3bvZcWZBazBT3Z6JypCrOTws=","fiApssCEcSVZh4fTchGlfQK3pYYnYQUQ",
"238e2811-6eae-403c-a419-ef376079bbe7","LAJA_026.basePlot.vst","2016-11-04","vst_LAJA_2016","D04","LAJA","LAJA_026","41","4",,,,,"NEON.PLA.D04.LAJA.05489",,,"NEON.DOC.000987vE","ADRI","Adelia ricinella L.","species",,,,,,"8rHzSbnDOXjpaitjHXu3bvZcWZBazBT3Z6JypCrOTws=","fiApssCEcSVZh4fTchGlfQK3pYYnYQUQ",
"92c4d98b-cdf8-473b-9f49-69d4e74f505b","LAJA_026.basePlot.vst","2016-11-04","vst_LAJA_2016","D04","LAJA","LAJA_026","41","4",,,,,"NEON.PLA.D04.LAJA.05459",,,"NEON.DOC.000987vE","ADRI","Adelia ricinella L.","species",,,,,,"8rHzSbnDOXjpaitjHXu3bvZcWZBazBT3Z6JypCrOTws=","fiApssCEcSVZh4fTchGlfQK3pYYnYQUQ",
"db49011e-aa7f-4938-91a4-9d6b93979298","LAJA_026.basePlot.vst","2016-11-04","vst_LAJA_2016","D04","LAJA","LAJA_026","41","4",,,,,"NEON.PLA.D04.LAJA.05320",,,"NEON.DOC.000987vE","ADRI","Adelia ricinella L.","species",,,,,,"8rHzSbnDOXjpaitjHXu3bvZcWZBazBT3Z6JypCrOTws=","fiApssCEcSVZh4fTchGlfQK3pYYnYQUQ",
"24872996-ca2c-4c74-a268-4e67112d96af","LAJA_026.basePlot.vst","2016-11-04","vst_LAJA_2016","D04","LAJA","LAJA_026","41","1",,,,,"NEON.PLA.D04.LAJA.05393",,,"NEON.DOC.000987vE","CASY2","Casearia sylvestris Sw.","species",,,,,,"8rHzSbnDOXjpaitjHXu3bvZcWZBazBT3Z6JypCrOTws=","fiApssCEcSVZh4fTchGlfQK3pYYnYQUQ",
"c480b042-d820-4f40-969e-0b295eb1ed79","LAJA_026.basePlot.vst","2016-11-04","vst_LAJA_2016","D04","LAJA","LAJA_026","41","4",,,,,"NEON.PLA.D04.LAJA.05303",,,"NEON.DOC.000987vE","ADRI","Adelia ricinella L.","species",,,,,,"8rHzSbnDOXjpaitjHXu3bvZcWZBazBT3Z6JypCrOTws=","fiApssCEcSVZh4fTchGlfQK3pYYnYQUQ",
"80654b07-3902-4fa6-9752-fdeea91aa310","LAJA_026.basePlot.vst","2016-11-04","vst_LAJA_2016","D04","LAJA","LAJA_026","32","4",,,,,"NEON.PLA.D04.LAJA.08220",,,"NEON.DOC.000987vE","JAFL","Jasminum fluminense Vell.","species",,,,,,"8rHzSbnDOXjpaitjHXu3bvZcWZBazBT3Z6JypCrOTws=","fiApssCEcSVZh4fTchGlfQK3pYYnYQUQ",
"8b102b96-4fc0-46e2-979a-5e7f51549b87","LAJA_026.basePlot.vst","2016-11-04","vst_LAJA_2016","D04","LAJA","LAJA_026","31","4",,,,,"NEON.PLA.D04.LAJA.05384",,,"NEON.DOC.000987vE","ADRI","Adelia ricinella L.","species",,,,,,"8rHzSbnDOXjpaitjHXu3bvZcWZBazBT3Z6JypCrOTws=","fiApssCEcSVZh4fTchGlfQK3pYYnYQUQ",
"75303f7a-e96a-4035-bfb9-0a6396397350","LAJA_026.basePlot.vst","2016-11-04","vst_LAJA_2016","D04","LAJA","LAJA_026","41","1",,,,,"NEON.PLA.D04.LAJA.08092",,,"NEON.DOC.000987vE","JAFL","Jasminum fluminense Vell.","species",,,,,,"8rHzSbnDOXjpaitjHXu3bvZcWZBazBT3Z6JypCrOTws=","fiApssCEcSVZh4fTchGlfQK3pYYnYQUQ",
"218eff9c-6081-4654-94d6-7c5843d91110","LAJA_026.basePlot.vst","2016-11-04","vst_LAJA_2016","D04","LAJA","LAJA_026","31","4",,,,,"NEON.PLA.D04.LAJA.05410",,,"NEON.DOC.000987vE","ABPR3","Abrus precatorius L.","species",,,,,,"8rHzSbnDOXjpaitjHXu3bvZcWZBazBT3Z6JypCrOTws=","fiApssCEcSVZh4fTchGlfQK3pYYnYQUQ",
"43f0ba03-36b7-4c96-8453-50506385ce04","LAJA_026.basePlot.vst","2016-11-04","vst_LAJA_2016","D04","LAJA","LAJA_026","41","1",,,,,"NEON.PLA.D04.LAJA.08204",,,"NEON.DOC.000987vE","EUGEN","Eugenia sp.","genus",,,,,,"8rHzSbnDOXjpaitjHXu3bvZcWZBazBT3Z6JypCrOTws=","fiApssCEcSVZh4fTchGlfQK3pYYnYQUQ",
"6dea12de-dd07-4826-95f0-948b423d354e","LAJA_026.basePlot.vst","2016-11-04","vst_LAJA_2016","D04","LAJA","LAJA_026","41","1",,,,,"NEON.PLA.D04.LAJA.05451",,,"NEON.DOC.000987vE","ADRI","Adelia ricinella L.","species",,,,,,"8rHzSbnDOXjpaitjHXu3bvZcWZBazBT3Z6JypCrOTws=","fiApssCEcSVZh4fTchGlfQK3pYYnYQUQ",
"da1542e1-aa9e-4335-8f65-ceee2c94d094","LAJA_026.basePlot.vst","2016-11-04","vst_LAJA_2016","D04","LAJA","LAJA_026","41","4",,,,,"NEON.PLA.D04.LAJA.08300",,,"NEON.DOC.000987vE","ADRI","Adelia ricinella L.","species",,,,,,"8rHzSbnDOXjpaitjHXu3bvZcWZBazBT3Z6JypCrOTws=","fiApssCEcSVZh4fTchGlfQK3pYYnYQUQ",
"3705bf20-f10c-438d-833f-5f3e2e5dbe5e","LAJA_026.basePlot.vst","2016-11-04","vst_LAJA_2016","D04","LAJA","LAJA_026","40","3",,,,,"NEON.PLA.D04.LAJA.05348",,,"NEON.DOC.000987vE","ADRI","Adelia ricinella L.","species",,,,,,"8rHzSbnDOXjpaitjHXu3bvZcWZBazBT3Z6JypCrOTws=","fiApssCEcSVZh4fTchGlfQK3pYYnYQUQ",
"b6b48096-4f16-4593-b2a8-14b4bbf2e047","LAJA_026.basePlot.vst","2016-11-04","vst_LAJA_2016","D04","LAJA","LAJA_026","41","1",,,,,"NEON.PLA.D04.LAJA.08408",,,"NEON.DOC.000987vE","CASY2","Casearia sylvestris Sw.","species",,,,,,"8rHzSbnDOXjpaitjHXu3bvZcWZBazBT3Z6JypCrOTws=","fiApssCEcSVZh4fTchGlfQK3pYYnYQUQ",
"ccbbe152-fc1c-4114-8ab6-151d74075e54","LAJA_026.basePlot.vst","2016-11-04","vst_LAJA_2016","D04","LAJA","LAJA_026","41","1",,,,,"NEON.PLA.D04.LAJA.08205",,,"NEON.DOC.000987vE","STFL5","Stigmaphyllon floribundum (DC.) C.E. Anderson","species",,,,,,"8rHzSbnDOXjpaitjHXu3bvZcWZBazBT3Z6JypCrOTws=","fiApssCEcSVZh4fTchGlfQK3pYYnYQUQ",
"03d4b4bb-f579-4fe6-8aef-213c8683ffd4","LAJA_026.basePlot.vst","2016-11-04","vst_LAJA_2016","D04","LAJA","LAJA_026","41","4",,,,,"NEON.PLA.D04.LAJA.05311",,,"NEON.DOC.000987vE","CASY2","Casearia sylvestris Sw.","species",,,,,,"8rHzSbnDOXjpaitjHXu3bvZcWZBazBT3Z6JypCrOTws=","fiApssCEcSVZh4fTchGlfQK3pYYnYQUQ",
"9c63f293-9a4f-4830-82b9-b432a146a74b","LAJA_026.basePlot.vst","2016-11-04","vst_LAJA_2016","D04","LAJA","LAJA_026","41","1",,,,,"NEON.PLA.D04.LAJA.08235",,,"NEON.DOC.000987vE","CASY2","Casearia sylvestris Sw.","species",,,,,,"8rHzSbnDOXjpaitjHXu3bvZcWZBazBT3Z6JypCrOTws=","fiApssCEcSVZh4fTchGlfQK3pYYnYQUQ",
"c4e5d404-f4a1-498e-9405-38613b580cad","LAJA_026.basePlot.vst","2016-11-04","vst_LAJA_2016","D04","LAJA","LAJA_026","41","1",,,,,"NEON.PLA.D04.LAJA.05430",,,"NEON.DOC.000987vE","CASY2","Casearia sylvestris Sw.","species",,,,,,"8rHzSbnDOXjpaitjHXu3bvZcWZBazBT3Z6JypCrOTws=","fiApssCEcSVZh4fTchGlfQK3pYYnYQUQ",
"26542e60-2f82-4c1c-9ae5-0cd6886f426b","LAJA_026.basePlot.vst","2016-11-04","vst_LAJA_2016","D04","LAJA","LAJA_026","41","1",,,,,"NEON.PLA.D04.LAJA.05375",,,"NEON.DOC.000987vE","MUEX2","Murraya exotica L.","species",,,,,,"8rHzSbnDOXjpaitjHXu3bvZcWZBazBT3Z6JypCrOTws=","fiApssCEcSVZh4fTchGlfQK3pYYnYQUQ",
"c994ff22-5576-4271-ae42-570d9a9bca03","LAJA_026.basePlot.vst","2016-11-04","vst_LAJA_2016","D04","LAJA","LAJA_026","41","4",,,,,"NEON.PLA.D04.LAJA.05342",,,"NEON.DOC.000987vE","ADRI","Adelia ricinella L.","species",,,,,,"8rHzSbnDOXjpaitjHXu3bvZcWZBazBT3Z6JypCrOTws=","fiApssCEcSVZh4fTchGlfQK3pYYnYQUQ",
"10a9c167-4b75-41a9-a330-9d42a283b068","LAJA_026.basePlot.vst","2016-11-04","vst_LAJA_2016","D04","LAJA","LAJA_026","41","4",,,,,"NEON.PLA.D04.LAJA.05383",,,"NEON.DOC.000987vE","ADRI","Adelia ricinella L.","species",,,,,,"8rHzSbnDOXjpaitjHXu3bvZcWZBazBT3Z6JypCrOTws=","fiApssCEcSVZh4fTchGlfQK3pYYnYQUQ",
"7d09496e-5e48-4862-bf06-e9218d9e7305","LAJA_026.basePlot.vst","2016-11-04","vst_LAJA_2016","D04","LAJA","LAJA_026","41","1",,,,,"NEON.PLA.D04.LAJA.08218",,,"NEON.DOC.000987vE","CASY2","Casearia sylvestris Sw.","species",,,,,,"8rHzSbnDOXjpaitjHXu3bvZcWZBazBT3Z6JypCrOTws=","fiApssCEcSVZh4fTchGlfQK3pYYnYQUQ",
"6115eedf-c43d-46db-a025-efd9e4a6410b","LAJA_026.basePlot.vst","2016-11-04","vst_LAJA_2016","D04","LAJA","LAJA_026","40","3",,,,,"NEON.PLA.D04.LAJA.05372",,,"NEON.DOC.000987vE","MAUN3","Macfadyena unguis-cati (L.) A.H. Gentry","species",,,,,,"8rHzSbnDOXjpaitjHXu3bvZcWZBazBT3Z6JypCrOTws=","fiApssCEcSVZh4fTchGlfQK3pYYnYQUQ",
"2c3c08b4-546e-475b-8b75-273b67a07c7f","LAJA_026.basePlot.vst","2016-11-04","vst_LAJA_2016","D04","LAJA","LAJA_026","41","4",,,,,"NEON.PLA.D04.LAJA.05335",,,"NEON.DOC.000987vE","ERRO3","Erythroxylum rotundifolium Lunan","species",,,,,,"8rHzSbnDOXjpaitjHXu3bvZcWZBazBT3Z6JypCrOTws=","fiApssCEcSVZh4fTchGlfQK3pYYnYQUQ",
"dfa7c5b7-1698-43f0-adff-4a4205ae2bea","LAJA_026.basePlot.vst","2016-11-04","vst_LAJA_2016","D04","LAJA","LAJA_026","41","4",,,,,"NEON.PLA.D04.LAJA.05322",,,"NEON.DOC.000987vE","ADRI","Adelia ricinella L.","species",,,,,,"8rHzSbnDOXjpaitjHXu3bvZcWZBazBT3Z6JypCrOTws=","fiApssCEcSVZh4fTchGlfQK3pYYnYQUQ",
"7c7ec4a2-64ac-4183-bd31-f6acd7f4c7a9","LAJA_026.basePlot.vst","2016-11-04","vst_LAJA_2016","D04","LAJA","LAJA_026","41","1",,,,,"NEON.PLA.D04.LAJA.08213",,,"NEON.DOC.000987vE","STFL5","Stigmaphyllon floribundum (DC.) C.E. Anderson","species",,,,,,"8rHzSbnDOXjpaitjHXu3bvZcWZBazBT3Z6JypCrOTws=","fiApssCEcSVZh4fTchGlfQK3pYYnYQUQ",
"d3a1f730-e1ae-4400-81b6-4a35e17a09d1","LAJA_026.basePlot.vst","2016-11-04","vst_LAJA_2016","D04","LAJA","LAJA_026","41","1",,,,,"NEON.PLA.D04.LAJA.08282",,,"NEON.DOC.000987vE","CASY2","Casearia sylvestris Sw.","species",,,,,,"8rHzSbnDOXjpaitjHXu3bvZcWZBazBT3Z6JypCrOTws=","fiApssCEcSVZh4fTchGlfQK3pYYnYQUQ",
"7484d00b-9542-4c72-9ce6-d4d6969f25a0","LAJA_026.basePlot.vst","2016-11-04","vst_LAJA_2016","D04","LAJA","LAJA_026","41","1",,,,,"NEON.PLA.D04.LAJA.05395",,,"NEON.DOC.000987vE","ADRI","Adelia ricinella L.","species",,,,,,"8rHzSbnDOXjpaitjHXu3bvZcWZBazBT3Z6JypCrOTws=","fiApssCEcSVZh4fTchGlfQK3pYYnYQUQ",
"6f8e1fcd-bf8e-4d73-ba7d-413e3bf2f302","LAJA_026.basePlot.vst","2016-11-04","vst_LAJA_2016","D04","LAJA","LAJA_026","41","1",,,,,"NEON.PLA.D04.LAJA.05461",,,"NEON.DOC.000987vE","CASY2","Casearia sylvestris Sw.","species",,,,,,"8rHzSbnDOXjpaitjHXu3bvZcWZBazBT3Z6JypCrOTws=","fiApssCEcSVZh4fTchGlfQK3pYYnYQUQ",
"32cd9e79-373c-432a-a8ea-bfa4fba18f0d","LAJA_026.basePlot.vst","2016-11-04","vst_LAJA_2016","D04","LAJA","LAJA_026","41","4",,,,,"NEON.PLA.D04.LAJA.05455",,,"NEON.DOC.000987vE","ADRI","Adelia ricinella L.","species",,,,,,"8rHzSbnDOXjpaitjHXu3bvZcWZBazBT3Z6JypCrOTws=","fiApssCEcSVZh4fTchGlfQK3pYYnYQUQ",
"90b82372-8978-4523-91dd-90e953342d95","LAJA_026.basePlot.vst","2016-11-04","vst_LAJA_2016","D04","LAJA","LAJA_026","40","3",,,,,"NEON.PLA.D04.LAJA.08251",,,"NEON.DOC.000987vE","ADRI","Adelia ricinella L.","species",,,,,,"8rHzSbnDOXjpaitjHXu3bvZcWZBazBT3Z6JypCrOTws=","fiApssCEcSVZh4fTchGlfQK3pYYnYQUQ",
"6e1f832b-84a7-49f0-a790-b596d513f304","LAJA_026.basePlot.vst","2016-11-04","vst_LAJA_2016","D04","LAJA","LAJA_026","41","4",,,,,"NEON.PLA.D04.LAJA.05418",,,"NEON.DOC.000987vE","ADRI","Adelia ricinella L.","species",,,,,,"8rHzSbnDOXjpaitjHXu3bvZcWZBazBT3Z6JypCrOTws=","fiApssCEcSVZh4fTchGlfQK3pYYnYQUQ",
"fd933317-19d2-4edd-8ee0-811bfc4c15d1","LAJA_026.basePlot.vst","2016-11-04","vst_LAJA_2016","D04","LAJA","LAJA_026","41","1",,,,,"NEON.PLA.D04.LAJA.05408",,,"NEON.DOC.000987vE","EURH","Eugenia rhombea (Berg) Krug & Urb.","species",,,,,,"8rHzSbnDOXjpaitjHXu3bvZcWZBazBT3Z6JypCrOTws=","fiApssCEcSVZh4fTchGlfQK3pYYnYQUQ",
"52bdec34-d680-4ee4-b1f5-d0b50bda85a7","LAJA_026.basePlot.vst","2016-11-04","vst_LAJA_2016","D04","LAJA","LAJA_026","40","3",,,,,"NEON.PLA.D04.LAJA.05499",,,"NEON.DOC.000987vE","ADRI","Adelia ricinella L.","species",,,,,,"8rHzSbnDOXjpaitjHXu3bvZcWZBazBT3Z6JypCrOTws=","fiApssCEcSVZh4fTchGlfQK3pYYnYQUQ",
"5fcb43d9-9c9b-4745-8e35-a1e0c8eff1d0","LAJA_026.basePlot.vst","2016-11-04","vst_LAJA_2016","D04","LAJA","LAJA_026","32","4",,,,,"NEON.PLA.D04.LAJA.08217",,,"NEON.DOC.000987vE","STFL5","Stigmaphyllon floribundum (DC.) C.E. Anderson","species",,,,,,"8rHzSbnDOXjpaitjHXu3bvZcWZBazBT3Z6JypCrOTws=","fiApssCEcSVZh4fTchGlfQK3pYYnYQUQ",
"0ae5819f-6ec7-426b-82e3-99f3044c61a5","LAJA_026.basePlot.vst","2016-11-04","vst_LAJA_2016","D04","LAJA","LAJA_026","40","3",,,,,"NEON.PLA.D04.LAJA.05398",,,"NEON.DOC.000987vE","ADRI","Adelia ricinella L.","species",,,,,,"8rHzSbnDOXjpaitjHXu3bvZcWZBazBT3Z6JypCrOTws=","fiApssCEcSVZh4fTchGlfQK3pYYnYQUQ",
"fb3ef347-44c6-462a-a609-756c0cf89b13","LAJA_026.basePlot.vst","2016-11-04","vst_LAJA_2016","D04","LAJA","LAJA_026","41","1",,,,,"NEON.PLA.D04.LAJA.08219",,,"NEON.DOC.000987vE","STFL5","Stigmaphyllon floribundum (DC.) C.E. Anderson","species",,,,,,"8rHzSbnDOXjpaitjHXu3bvZcWZBazBT3Z6JypCrOTws=","fiApssCEcSVZh4fTchGlfQK3pYYnYQUQ",
"21c1ee4a-be2a-4007-9731-52035dec2c15","LAJA_026.basePlot.vst","2016-11-04","vst_LAJA_2016","D04","LAJA","LAJA_026","40","3",,,,,"NEON.PLA.D04.LAJA.05373",,,"NEON.DOC.000987vE","ADRI","Adelia ricinella L.","species",,,,,,"8rHzSbnDOXjpaitjHXu3bvZcWZBazBT3Z6JypCrOTws=","fiApssCEcSVZh4fTchGlfQK3pYYnYQUQ",
"bfc609bd-2c33-4a44-906a-3cbe5b2a859d","LAJA_026.basePlot.vst","2016-11-04","vst_LAJA_2016","D04","LAJA","LAJA_026","32","4",,,,,"NEON.PLA.D04.LAJA.08248",,,"NEON.DOC.000987vE","ADRI","Adelia ricinella L.","species",,,,,,"8rHzSbnDOXjpaitjHXu3bvZcWZBazBT3Z6JypCrOTws=","fiApssCEcSVZh4fTchGlfQK3pYYnYQUQ",
"5b537656-9a6f-4ecc-bdb9-148dadda727f","LAJA_026.basePlot.vst","2016-11-04","vst_LAJA_2016","D04","LAJA","LAJA_026","32","4",,,,,"NEON.PLA.D04.LAJA.08224",,,"NEON.DOC.000987vE","JAFL","Jasminum fluminense Vell.","species",,,,,,"8rHzSbnDOXjpaitjHXu3bvZcWZBazBT3Z6JypCrOTws=","fiApssCEcSVZh4fTchGlfQK3pYYnYQUQ",
"0a6f7c0f-f74a-437a-9245-3acc9fe0bde7","LAJA_026.basePlot.vst","2016-11-04","vst_LAJA_2016","D04","LAJA","LAJA_026","41","1",,,,,"NEON.PLA.D04.LAJA.08090",,,"NEON.DOC.000987vE","STFL5","Stigmaphyllon floribundum (DC.) C.E. Anderson","species",,,,,,"8rHzSbnDOXjpaitjHXu3bvZcWZBazBT3Z6JypCrOTws=","fiApssCEcSVZh4fTchGlfQK3pYYnYQUQ",
"81f9caf2-39c1-4a84-acff-2be05018ef85","LAJA_026.basePlot.vst","2016-11-04","vst_LAJA_2016","D04","LAJA","LAJA_026","41","1",,,,,"NEON.PLA.D04.LAJA.05439",,,"NEON.DOC.000987vE","SEPO4","Serjania polyphylla (L.) Radlk.","species",,,,,,"8rHzSbnDOXjpaitjHXu3bvZcWZBazBT3Z6JypCrOTws=","fiApssCEcSVZh4fTchGlfQK3pYYnYQUQ",
"39a4dc80-27cf-49b4-85db-5fd9af044e35","LAJA_026.basePlot.vst","2016-11-04","vst_LAJA_2016","D04","LAJA","LAJA_026","41","1",,,,,"NEON.PLA.D04.LAJA.08215",,,"NEON.DOC.000987vE","CASY2","Casearia sylvestris Sw.","species",,,,,,"8rHzSbnDOXjpaitjHXu3bvZcWZBazBT3Z6JypCrOTws=","fiApssCEcSVZh4fTchGlfQK3pYYnYQUQ",
"0683fa10-0172-412f-89c0-677262b10497","LAJA_026.basePlot.vst","2016-11-04","vst_LAJA_2016","D04","LAJA","LAJA_026","41","1",,,,,"NEON.PLA.D04.LAJA.08231",,,"NEON.DOC.000987vE","CAIN5","Capparis indica (L.) Druce","species",,,,,,"8rHzSbnDOXjpaitjHXu3bvZcWZBazBT3Z6JypCrOTws=","fiApssCEcSVZh4fTchGlfQK3pYYnYQUQ",
"cd8a4a1b-24e8-4f35-8303-d897b0a6fc2d","LAJA_026.basePlot.vst","2016-11-04","vst_LAJA_2016","D04","LAJA","LAJA_026","41","1",,,,,"NEON.PLA.D04.LAJA.08232",,,"NEON.DOC.000987vE","CASY2","Casearia sylvestris Sw.","species",,,,,,"8rHzSbnDOXjpaitjHXu3bvZcWZBazBT3Z6JypCrOTws=","fiApssCEcSVZh4fTchGlfQK3pYYnYQUQ",
"4bfe73b3-8565-41b7-b9c4-d432d1868cf5","LAJA_026.basePlot.vst","2016-11-04","vst_LAJA_2016","D04","LAJA","LAJA_026","41","1",,,,,"NEON.PLA.D04.LAJA.08222",,,"NEON.DOC.000987vE","EUGEN","Eugenia sp.","genus",,,,,,"8rHzSbnDOXjpaitjHXu3bvZcWZBazBT3Z6JypCrOTws=","fiApssCEcSVZh4fTchGlfQK3pYYnYQUQ",
"1bad15e6-bb90-4ca6-820d-24fad4625ba8","LAJA_026.basePlot.vst","2016-11-04","vst_LAJA_2016","D04","LAJA","LAJA_026","41","4",,,,,"NEON.PLA.D04.LAJA.08277",,,"NEON.DOC.000987vE","MAUN3","Macfadyena unguis-cati (L.) A.H. Gentry","species",,,,,,"8rHzSbnDOXjpaitjHXu3bvZcWZBazBT3Z6JypCrOTws=","fiApssCEcSVZh4fTchGlfQK3pYYnYQUQ",
"42d0e216-6e0d-4c15-a4b0-4c221b408c07","LAJA_026.basePlot.vst","2016-11-04","vst_LAJA_2016","D04","LAJA","LAJA_026","31","4",,,,,"NEON.PLA.D04.LAJA.05446",,,"NEON.DOC.000987vE","SEPO4","Serjania polyphylla (L.) Radlk.","species",,,,,,"8rHzSbnDOXjpaitjHXu3bvZcWZBazBT3Z6JypCrOTws=","fiApssCEcSVZh4fTchGlfQK3pYYnYQUQ",
"36770124-f9ed-41bb-bd94-73463ca5b519","LAJA_026.basePlot.vst","2016-11-04","vst_LAJA_2016","D04","LAJA","LAJA_026","32","4",,,,,"NEON.PLA.D04.LAJA.08233",,,"NEON.DOC.000987vE","STFL5","Stigmaphyllon floribundum (DC.) C.E. Anderson","species",,,,,,"8rHzSbnDOXjpaitjHXu3bvZcWZBazBT3Z6JypCrOTws=","fiApssCEcSVZh4fTchGlfQK3pYYnYQUQ",
"6a587034-5936-44c9-ab78-800637e93ead","LAJA_026.basePlot.vst","2016-11-04","vst_LAJA_2016","D04","LAJA","LAJA_026","40","3",,,,,"NEON.PLA.D04.LAJA.08276",,,"NEON.DOC.000987vE","ADRI","Adelia ricinella L.","species",,,,,,"8rHzSbnDOXjpaitjHXu3bvZcWZBazBT3Z6JypCrOTws=","fiApssCEcSVZh4fTchGlfQK3pYYnYQUQ",
"f8ec56f1-2732-4482-af44-26f5997608ff","LAJA_026.basePlot.vst","2016-11-04","vst_LAJA_2016","D04","LAJA","LAJA_026","32","4",,,,,"NEON.PLA.D04.LAJA.05358",,,"NEON.DOC.000987vE","ADRI","Adelia ricinella L.","species",,,,,,"8rHzSbnDOXjpaitjHXu3bvZcWZBazBT3Z6JypCrOTws=","fiApssCEcSVZh4fTchGlfQK3pYYnYQUQ",
"860871a2-e649-46c1-85ec-0567cd31654f","LAJA_026.basePlot.vst","2016-11-04","vst_LAJA_2016","D04","LAJA","LAJA_026","41","4",,,,,"NEON.PLA.D04.LAJA.05415",,,"NEON.DOC.000987vE","MUEX2","Murraya exotica L.","species",,,,,,"8rHzSbnDOXjpaitjHXu3bvZcWZBazBT3Z6JypCrOTws=","fiApssCEcSVZh4fTchGlfQK3pYYnYQUQ",
"b6d9183c-658f-46f0-ba10-0690c0f534fc","LAJA_026.basePlot.vst","2016-11-04","vst_LAJA_2016","D04","LAJA","LAJA_026","41","1",,,,,"NEON.PLA.D04.LAJA.08207",,,"NEON.DOC.000987vE","MAUN3","Macfadyena unguis-cati (L.) A.H. Gentry","species",,,,,,"8rHzSbnDOXjpaitjHXu3bvZcWZBazBT3Z6JypCrOTws=","fiApssCEcSVZh4fTchGlfQK3pYYnYQUQ",
"eed85b42-d378-46d0-896f-10a7ee968fbf","LAJA_026.basePlot.vst","2016-11-04","vst_LAJA_2016","D04","LAJA","LAJA_026","41","4",,,,,"NEON.PLA.D04.LAJA.05454",,,"NEON.DOC.000987vE","ADRI","Adelia ricinella L.","species",,,,,,"8rHzSbnDOXjpaitjHXu3bvZcWZBazBT3Z6JypCrOTws=","fiApssCEcSVZh4fTchGlfQK3pYYnYQUQ",
"d651577b-5509-43c9-a8e6-e84a37ca6ffd","LAJA_026.basePlot.vst","2016-11-04","vst_LAJA_2016","D04","LAJA","LAJA_026","32","4",,,,,"NEON.PLA.D04.LAJA.08221",,,"NEON.DOC.000987vE","JAFL","Jasminum fluminense Vell.","species",,,,,,"8rHzSbnDOXjpaitjHXu3bvZcWZBazBT3Z6JypCrOTws=","fiApssCEcSVZh4fTchGlfQK3pYYnYQUQ",
"a5ac94ac-02fd-4ae4-8dcf-38f2be7f74dc","LAJA_026.basePlot.vst","2016-11-04","vst_LAJA_2016","D04","LAJA","LAJA_026","41","4",,,,,"NEON.PLA.D04.LAJA.05478",,,"NEON.DOC.000987vE","ADRI","Adelia ricinella L.","species",,,,,,"8rHzSbnDOXjpaitjHXu3bvZcWZBazBT3Z6JypCrOTws=","fiApssCEcSVZh4fTchGlfQK3pYYnYQUQ",
"2230385a-d593-4e92-84b1-949c04bb6a41","LAJA_026.basePlot.vst","2016-11-04","vst_LAJA_2016","D04","LAJA","LAJA_026","31","4",,,,,"NEON.PLA.D04.LAJA.08255",,,"NEON.DOC.000987vE","ADRI","Adelia ricinella L.","species",,,,,,"8rHzSbnDOXjpaitjHXu3bvZcWZBazBT3Z6JypCrOTws=","fiApssCEcSVZh4fTchGlfQK3pYYnYQUQ",
"50a14ff0-6350-4357-9e71-e48481bae825","LAJA_026.basePlot.vst","2016-11-04","vst_LAJA_2016","D04","LAJA","LAJA_026","41","1",,,,,"NEON.PLA.D04.LAJA.08083",,,"NEON.DOC.000987vE","STFL5","Stigmaphyllon floribundum (DC.) C.E. Anderson","species",,,,,,"8rHzSbnDOXjpaitjHXu3bvZcWZBazBT3Z6JypCrOTws=","fiApssCEcSVZh4fTchGlfQK3pYYnYQUQ",
"92010c22-2a83-46fe-871d-8d686eae3199","LAJA_026.basePlot.vst","2016-11-04","vst_LAJA_2016","D04","LAJA","LAJA_026","41","1",,,,,"NEON.PLA.D04.LAJA.05345",,,"NEON.DOC.000987vE","CASY2","Casearia sylvestris Sw.","species",,,,,,"8rHzSbnDOXjpaitjHXu3bvZcWZBazBT3Z6JypCrOTws=","fiApssCEcSVZh4fTchGlfQK3pYYnYQUQ",
"d5dba095-5006-4994-9d1a-63ebec5ead9a","LAJA_026.basePlot.vst","2016-11-04","vst_LAJA_2016","D04","LAJA","LAJA_026","40","3",,,,,"NEON.PLA.D04.LAJA.05420",,,"NEON.DOC.000987vE","ADRI","Adelia ricinella L.","species",,,,,,"8rHzSbnDOXjpaitjHXu3bvZcWZBazBT3Z6JypCrOTws=","fiApssCEcSVZh4fTchGlfQK3pYYnYQUQ",
"3b53897f-fa59-44bb-858b-b2cfe4706a62","LAJA_026.basePlot.vst","2016-11-04","vst_LAJA_2016","D04","LAJA","LAJA_026","41","4",,,,,"NEON.PLA.D04.LAJA.05318",,,"NEON.DOC.000987vE","ADRI","Adelia ricinella L.","species",,,,,,"8rHzSbnDOXjpaitjHXu3bvZcWZBazBT3Z6JypCrOTws=","fiApssCEcSVZh4fTchGlfQK3pYYnYQUQ",
"0d4c3e30-78cf-48f1-a6db-a34c6b7a33dd","LAJA_026.basePlot.vst","2016-11-04","vst_LAJA_2016","D04","LAJA","LAJA_026","41","1",,,,,"NEON.PLA.D04.LAJA.08201",,,"NEON.DOC.000987vE","JAFL","Jasminum fluminense Vell.","species",,,,,,"8rHzSbnDOXjpaitjHXu3bvZcWZBazBT3Z6JypCrOTws=","fiApssCEcSVZh4fTchGlfQK3pYYnYQUQ",
"5ad7c682-5203-4d6b-8a07-f79d077c81ab","LAJA_026.basePlot.vst","2016-11-04","vst_LAJA_2016","D04","LAJA","LAJA_026","41","1",,,,,"NEON.PLA.D04.LAJA.08209",,,"NEON.DOC.000987vE","CASY2","Casearia sylvestris Sw.","species",,,,,,"8rHzSbnDOXjpaitjHXu3bvZcWZBazBT3Z6JypCrOTws=","fiApssCEcSVZh4fTchGlfQK3pYYnYQUQ",
"14be6452-8eea-4f12-a252-065965b22861","LAJA_026.basePlot.vst","2016-11-04","vst_LAJA_2016","D04","LAJA","LAJA_026","41","1",,,,,"NEON.PLA.D04.LAJA.08226",,,"NEON.DOC.000987vE","CASY2","Casearia sylvestris Sw.","species",,,,,,"8rHzSbnDOXjpaitjHXu3bvZcWZBazBT3Z6JypCrOTws=","fiApssCEcSVZh4fTchGlfQK3pYYnYQUQ",
"5a5ab76e-75b7-43e6-9db5-40f031e95bd4","LAJA_026.basePlot.vst","2016-11-04","vst_LAJA_2016","D04","LAJA","LAJA_026","41","4",,,,,"NEON.PLA.D04.LAJA.05331",,,"NEON.DOC.000987vE","STFL5","Stigmaphyllon floribundum (DC.) C.E. Anderson","species",,,,,,"8rHzSbnDOXjpaitjHXu3bvZcWZBazBT3Z6JypCrOTws=","fiApssCEcSVZh4fTchGlfQK3pYYnYQUQ",
"51f1263d-772e-462e-96f2-47ec5f856693","LAJA_026.basePlot.vst","2016-11-04","vst_LAJA_2016","D04","LAJA","LAJA_026","41","1",,,,,"NEON.PLA.D04.LAJA.08208",,,"NEON.DOC.000987vE","CASY2","Casearia sylvestris Sw.","species",,,,,,"8rHzSbnDOXjpaitjHXu3bvZcWZBazBT3Z6JypCrOTws=","fiApssCEcSVZh4fTchGlfQK3pYYnYQUQ",
"6240efbe-cb8a-4244-b709-a3bdec4053f8","LAJA_026.basePlot.vst","2016-11-04","vst_LAJA_2016","D04","LAJA","LAJA_026","41","1",,,,,"NEON.PLA.D04.LAJA.05346",,,"NEON.DOC.000987vE","CASY2","Casearia sylvestris Sw.","species",,,,,,"8rHzSbnDOXjpaitjHXu3bvZcWZBazBT3Z6JypCrOTws=","fiApssCEcSVZh4fTchGlfQK3pYYnYQUQ",
"ba19d0ea-50df-47ae-aaa5-d05976e03065","LAJA_026.basePlot.vst","2016-11-04","vst_LAJA_2016","D04","LAJA","LAJA_026","32","4",,,,,"NEON.PLA.D04.LAJA.08253",,,"NEON.DOC.000987vE","STFL5","Stigmaphyllon floribundum (DC.) C.E. Anderson","species",,,,,,"8rHzSbnDOXjpaitjHXu3bvZcWZBazBT3Z6JypCrOTws=","fiApssCEcSVZh4fTchGlfQK3pYYnYQUQ",
"46253e8c-6cb1-4537-bfdc-d50d56ccd586","LAJA_026.basePlot.vst","2016-11-04","vst_LAJA_2016","D04","LAJA","LAJA_026","41","4",,,,,"NEON.PLA.D04.LAJA.05382",,,"NEON.DOC.000987vE","ADRI","Adelia ricinella L.","species",,,,,,"8rHzSbnDOXjpaitjHXu3bvZcWZBazBT3Z6JypCrOTws=","fiApssCEcSVZh4fTchGlfQK3pYYnYQUQ",
"d1a819e7-9d9e-42fe-b92b-5cfd7bdbddc6","LAJA_026.basePlot.vst","2016-11-04","vst_LAJA_2016","D04","LAJA","LAJA_026","40","3",,,,,"NEON.PLA.D04.LAJA.05365",,,"NEON.DOC.000987vE","STFL5","Stigmaphyllon floribundum (DC.) C.E. Anderson","species",,,,,,"8rHzSbnDOXjpaitjHXu3bvZcWZBazBT3Z6JypCrOTws=","fiApssCEcSVZh4fTchGlfQK3pYYnYQUQ",
"e19b3544-d17e-4dd0-91df-6099998c41cf","LAJA_026.basePlot.vst","2016-11-04","vst_LAJA_2016","D04","LAJA","LAJA_026","41","1",,,,,"NEON.PLA.D04.LAJA.05249",,,"NEON.DOC.000987vE","CASY2","Casearia sylvestris Sw.","species",,,,,,"8rHzSbnDOXjpaitjHXu3bvZcWZBazBT3Z6JypCrOTws=","fiApssCEcSVZh4fTchGlfQK3pYYnYQUQ",
"368069c4-ed6a-4269-bef0-ac049a7317e8","LAJA_026.basePlot.vst","2016-11-04","vst_LAJA_2016","D04","LAJA","LAJA_026","41","4",,,,,"NEON.PLA.D04.LAJA.05364",,,"NEON.DOC.000987vE","ADRI","Adelia ricinella L.","species",,,,,,"8rHzSbnDOXjpaitjHXu3bvZcWZBazBT3Z6JypCrOTws=","fiApssCEcSVZh4fTchGlfQK3pYYnYQUQ",
"5390a465-cf99-4b3c-b086-7757df86ef57","LAJA_026.basePlot.vst","2016-11-04","vst_LAJA_2016","D04","LAJA","LAJA_026","41","1",,,,,"NEON.PLA.D04.LAJA.05344",,,"NEON.DOC.000987vE","CASY2","Casearia sylvestris Sw.","species",,,,,,"8rHzSbnDOXjpaitjHXu3bvZcWZBazBT3Z6JypCrOTws=","fiApssCEcSVZh4fTchGlfQK3pYYnYQUQ",
"961b6cd1-e755-4f3d-9f89-b3f981e09ef6","LAJA_026.basePlot.vst","2016-11-04","vst_LAJA_2016","D04","LAJA","LAJA_026","41","1",,,,,"NEON.PLA.D04.LAJA.05397",,,"NEON.DOC.000987vE","ADRI","Adelia ricinella L.","species",,,,,,"8rHzSbnDOXjpaitjHXu3bvZcWZBazBT3Z6JypCrOTws=","fiApssCEcSVZh4fTchGlfQK3pYYnYQUQ",
"45f4f730-922d-4fc6-8435-1b677d3541c3","LAJA_026.basePlot.vst","2016-11-04","vst_LAJA_2016","D04","LAJA","LAJA_026","40","3",,,,,"NEON.PLA.D04.LAJA.08275",,,"NEON.DOC.000987vE","ADRI","Adelia ricinella L.","species",,,,,,"8rHzSbnDOXjpaitjHXu3bvZcWZBazBT3Z6JypCrOTws=","fiApssCEcSVZh4fTchGlfQK3pYYnYQUQ",
"dccad4a2-0c63-4c81-93b1-3b474787d41c","LAJA_026.basePlot.vst","2016-11-04","vst_LAJA_2016","D04","LAJA","LAJA_026","41","1",,,,,"NEON.PLA.D04.LAJA.08225",,,"NEON.DOC.000987vE","CASY2","Casearia sylvestris Sw.","species",,,,,,"8rHzSbnDOXjpaitjHXu3bvZcWZBazBT3Z6JypCrOTws=","fiApssCEcSVZh4fTchGlfQK3pYYnYQUQ",
"02eb59bb-b880-481f-aa61-62991b486749","LAJA_026.basePlot.vst","2016-11-04","vst_LAJA_2016","D04","LAJA","LAJA_026","41","1",,,,,"NEON.PLA.D04.LAJA.08099",,,"NEON.DOC.000987vE","STFL5","Stigmaphyllon floribundum (DC.) C.E. Anderson","species",,,,,,"8rHzSbnDOXjpaitjHXu3bvZcWZBazBT3Z6JypCrOTws=","fiApssCEcSVZh4fTchGlfQK3pYYnYQUQ",
"67ab3a8c-0b59-44a4-8733-1b81d9c037e3","LAJA_026.basePlot.vst","2016-11-04","vst_LAJA_2016","D04","LAJA","LAJA_026","41","1",,,,,"NEON.PLA.D04.LAJA.08212",,,"NEON.DOC.000987vE","EUGEN","Eugenia sp.","genus",,,,,,"8rHzSbnDOXjpaitjHXu3bvZcWZBazBT3Z6JypCrOTws=","fiApssCEcSVZh4fTchGlfQK3pYYnYQUQ",
"48c49e58-7ca6-4c60-b770-5863796ce92d","LAJA_026.basePlot.vst","2016-11-04","vst_LAJA_2016","D04","LAJA","LAJA_026","40","3",,,,,"NEON.PLA.D04.LAJA.08405",,,"NEON.DOC.000987vE","ADRI","Adelia ricinella L.","species",,,,,,"8rHzSbnDOXjpaitjHXu3bvZcWZBazBT3Z6JypCrOTws=","fiApssCEcSVZh4fTchGlfQK3pYYnYQUQ",
"798da0c9-9265-4f8c-94df-6756640cd2c0","LAJA_026.basePlot.vst","2016-11-04","vst_LAJA_2016","D04","LAJA","LAJA_026","41","1",,,,,"NEON.PLA.D04.LAJA.05447",,,"NEON.DOC.000987vE","ADRI","Adelia ricinella L.","species",,,,,,"8rHzSbnDOXjpaitjHXu3bvZcWZBazBT3Z6JypCrOTws=","fiApssCEcSVZh4fTchGlfQK3pYYnYQUQ",
"83b2d1d6-941c-42c6-8242-9a77ee7d99e9","LAJA_026.basePlot.vst","2016-11-04","vst_LAJA_2016","D04","LAJA","LAJA_026","41","1",,,,,"NEON.PLA.D04.LAJA.05360",,,"NEON.DOC.000987vE","MUEX2","Murraya exotica L.","species",,,,,,"8rHzSbnDOXjpaitjHXu3bvZcWZBazBT3Z6JypCrOTws=","fiApssCEcSVZh4fTchGlfQK3pYYnYQUQ",
"31cb2153-19e6-4a26-b047-dfd911a87cc1","LAJA_026.basePlot.vst","2016-11-04","vst_LAJA_2016","D04","LAJA","LAJA_026","41","4",,,,,"NEON.PLA.D04.LAJA.05437",,,"NEON.DOC.000987vE","ADRI","Adelia ricinella L.","species",,,,,,"8rHzSbnDOXjpaitjHXu3bvZcWZBazBT3Z6JypCrOTws=","fiApssCEcSVZh4fTchGlfQK3pYYnYQUQ",
"7604d408-0091-45be-b44b-597fbc4356d2","LAJA_026.basePlot.vst","2016-11-04","vst_LAJA_2016","D04","LAJA","LAJA_026","41","1",,,,,"NEON.PLA.D04.LAJA.08404",,,"NEON.DOC.000987vE","CASY2","Casearia sylvestris Sw.","species",,,,,,"8rHzSbnDOXjpaitjHXu3bvZcWZBazBT3Z6JypCrOTws=","fiApssCEcSVZh4fTchGlfQK3pYYnYQUQ",
"800e2197-7ff7-413a-9dc8-ba68ff5bd50b","LAJA_026.basePlot.vst","2016-11-04","vst_LAJA_2016","D04","LAJA","LAJA_026","41","4",,,,,"NEON.PLA.D04.LAJA.08286",,,"NEON.DOC.000987vE","ADRI","Adelia ricinella L.","species",,,,,,"8rHzSbnDOXjpaitjHXu3bvZcWZBazBT3Z6JypCrOTws=","fiApssCEcSVZh4fTchGlfQK3pYYnYQUQ",
"fa7e39ff-87cd-454f-b79c-7f8e91caeb87","LAJA_026.basePlot.vst","2016-11-04","vst_LAJA_2016","D04","LAJA","LAJA_026","41","1",,,,,"NEON.PLA.D04.LAJA.08206",,,"NEON.DOC.000987vE","STFL5","Stigmaphyllon floribundum (DC.) C.E. Anderson","species",,,,,,"8rHzSbnDOXjpaitjHXu3bvZcWZBazBT3Z6JypCrOTws=","fiApssCEcSVZh4fTchGlfQK3pYYnYQUQ",
"50f7df12-557c-41fb-809f-e3697ef2db0e","LAJA_026.basePlot.vst","2016-11-04","vst_LAJA_2016","D04","LAJA","LAJA_026","41","4",,,,,"NEON.PLA.D04.LAJA.05317",,,"NEON.DOC.000987vE","STFL5","Stigmaphyllon floribundum (DC.) C.E. Anderson","species",,,,,,"8rHzSbnDOXjpaitjHXu3bvZcWZBazBT3Z6JypCrOTws=","fiApssCEcSVZh4fTchGlfQK3pYYnYQUQ",
"2d701b25-7c61-481f-80b5-f96be034436f","LAJA_026.basePlot.vst","2016-11-04","vst_LAJA_2016","D04","LAJA","LAJA_026","40","3",,,,,"NEON.PLA.D04.LAJA.08401",,,"NEON.DOC.000987vE","SEPO4","Serjania polyphylla (L.) Radlk.","species",,,,"cf. species",,"8rHzSbnDOXjpaitjHXu3bvZcWZBazBT3Z6JypCrOTws=","fiApssCEcSVZh4fTchGlfQK3pYYnYQUQ",
"fec295a3-9dc3-49f9-98b3-b13fa077fbc6","LAJA_026.basePlot.vst","2016-11-04","vst_LAJA_2016","D04","LAJA","LAJA_026","41","1",,,,,"NEON.PLA.D04.LAJA.08281",,,"NEON.DOC.000987vE","CASY2","Casearia sylvestris Sw.","species",,,,,,"8rHzSbnDOXjpaitjHXu3bvZcWZBazBT3Z6JypCrOTws=","fiApssCEcSVZh4fTchGlfQK3pYYnYQUQ",
"a5fbca5b-2fe0-48cf-a9c6-51060dd365d7","LAJA_026.basePlot.vst","2016-11-04","vst_LAJA_2016","D04","LAJA","LAJA_026","41","1",,,,,"NEON.PLA.D04.LAJA.05374",,,"NEON.DOC.000987vE","CASY2","Casearia sylvestris Sw.","species",,,,,,"8rHzSbnDOXjpaitjHXu3bvZcWZBazBT3Z6JypCrOTws=","fiApssCEcSVZh4fTchGlfQK3pYYnYQUQ",
"333388a3-e227-4309-9129-635753f1840a","LAJA_026.basePlot.vst","2016-11-04","vst_LAJA_2016","D04","LAJA","LAJA_026","41","1",,,,,"NEON.PLA.D04.LAJA.08211",,,"NEON.DOC.000987vE","CASY2","Casearia sylvestris Sw.","species",,,,,,"8rHzSbnDOXjpaitjHXu3bvZcWZBazBT3Z6JypCrOTws=","fiApssCEcSVZh4fTchGlfQK3pYYnYQUQ",
"9ab1b86f-1424-48a3-8c0e-82816883ae0f","LAJA_026.basePlot.vst","2016-11-04","vst_LAJA_2016","D04","LAJA","LAJA_026","41","1",,,,,"NEON.PLA.D04.LAJA.08362",,,"NEON.DOC.000987vE","CASY2","Casearia sylvestris Sw.","species",,,,,,"8rHzSbnDOXjpaitjHXu3bvZcWZBazBT3Z6JypCrOTws=","fiApssCEcSVZh4fTchGlfQK3pYYnYQUQ",
"0e1addf6-6303-45a0-9d7a-7dc0e3081336","LAJA_026.basePlot.vst","2016-11-04","vst_LAJA_2016","D04","LAJA","LAJA_026","41","1",,,,,"NEON.PLA.D04.LAJA.05402",,,"NEON.DOC.000987vE","CASY2","Casearia sylvestris Sw.","species",,,,,,"8rHzSbnDOXjpaitjHXu3bvZcWZBazBT3Z6JypCrOTws=","fiApssCEcSVZh4fTchGlfQK3pYYnYQUQ",
"30796de2-4b84-4ed2-a166-89f39a0fd5b7","LAJA_026.basePlot.vst","2016-11-04","vst_LAJA_2016","D04","LAJA","LAJA_026","41","1",,,,,"NEON.PLA.D04.LAJA.08228",,,"NEON.DOC.000987vE","MAUN3","Macfadyena unguis-cati (L.) A.H. Gentry","species",,,,,,"8rHzSbnDOXjpaitjHXu3bvZcWZBazBT3Z6JypCrOTws=","fiApssCEcSVZh4fTchGlfQK3pYYnYQUQ",
"919463e6-ec29-4754-9fb3-fc86d1e909eb","LAJA_026.basePlot.vst","2016-11-04","vst_LAJA_2016","D04","LAJA","LAJA_026","41","1",,,,,"NEON.PLA.D04.LAJA.08234",,,"NEON.DOC.000987vE","MAUN3","Macfadyena unguis-cati (L.) A.H. Gentry","species",,,,,,"8rHzSbnDOXjpaitjHXu3bvZcWZBazBT3Z6JypCrOTws=","fiApssCEcSVZh4fTchGlfQK3pYYnYQUQ",
"8ee5f4b8-a51c-42f9-8334-fda82e61708a","LAJA_026.basePlot.vst","2016-11-04","vst_LAJA_2016","D04","LAJA","LAJA_026","41","4",,,,,"NEON.PLA.D04.LAJA.08293",,,"NEON.DOC.000987vE","ERRO3","Erythroxylum rotundifolium Lunan","species",,,,,,"8rHzSbnDOXjpaitjHXu3bvZcWZBazBT3Z6JypCrOTws=","fiApssCEcSVZh4fTchGlfQK3pYYnYQUQ",
"81fe957c-6007-4588-a2ed-4f127134af39","LAJA_026.basePlot.vst","2016-11-04","vst_LAJA_2016","D04","LAJA","LAJA_026","41","4",,,,,"NEON.PLA.D04.LAJA.05486",,,"NEON.DOC.000987vE","ADRI","Adelia ricinella L.","species",,,,,,"8rHzSbnDOXjpaitjHXu3bvZcWZBazBT3Z6JypCrOTws=","fiApssCEcSVZh4fTchGlfQK3pYYnYQUQ",
"f46432d6-0f88-49c1-9778-a439783bd7aa","LAJA_026.basePlot.vst","2016-11-04","vst_LAJA_2016","D04","LAJA","LAJA_026","41","1",,,,,"NEON.PLA.D04.LAJA.08240",,,"NEON.DOC.000987vE","STFL5","Stigmaphyllon floribundum (DC.) C.E. Anderson","species",,,,,,"8rHzSbnDOXjpaitjHXu3bvZcWZBazBT3Z6JypCrOTws=","fiApssCEcSVZh4fTchGlfQK3pYYnYQUQ",
"21b6f82f-e4fc-49e6-b84c-bee70e3b7d47","LAJA_026.basePlot.vst","2016-11-04","vst_LAJA_2016","D04","LAJA","LAJA_026","41",,"51",6.4,222.6,,"NEON.PLA.D04.LAJA.08100",,,"NEON.DOC.000987vE","ANIN","Andira inermis (W. Wright) Kunth ex DC.","species",,,,,,"zPBe+8pzAK0B2URIObnv4uYPPEuv017obsOPc+5Qw/c=","fiApssCEcSVZh4fTchGlfQK3pYYnYQUQ",
"b6e9bf09-2923-48df-9ecf-f7e8dd1cd43c","LAJA_026.basePlot.vst","2016-11-04","vst_LAJA_2016","D04","LAJA","LAJA_026","41","1",,,,,"NEON.PLA.D04.LAJA.08229",,,"NEON.DOC.000987vE","EURH","Eugenia rhombea (Berg) Krug & Urb.","species",,,,,,"8rHzSbnDOXjpaitjHXu3bvZcWZBazBT3Z6JypCrOTws=","fiApssCEcSVZh4fTchGlfQK3pYYnYQUQ",
"e781ae42-536e-4a22-ac4c-1e19fc7db4c7","LAJA_026.basePlot.vst","2016-11-04","vst_LAJA_2016","D04","LAJA","LAJA_026","40","3",,,,,"NEON.PLA.D04.LAJA.05498",,,"NEON.DOC.000987vE","ADRI","Adelia ricinella L.","species",,,,,,"8rHzSbnDOXjpaitjHXu3bvZcWZBazBT3Z6JypCrOTws=","fiApssCEcSVZh4fTchGlfQK3pYYnYQUQ",
"2e23fa68-6cd9-46d3-a7c1-614c2f603023","LAJA_026.basePlot.vst","2016-11-04","vst_LAJA_2016","D04","LAJA","LAJA_026","40","3",,,,,"NEON.PLA.D04.LAJA.05422",,,"NEON.DOC.000987vE","ADRI","Adelia ricinella L.","species",,,,,,"8rHzSbnDOXjpaitjHXu3bvZcWZBazBT3Z6JypCrOTws=","fiApssCEcSVZh4fTchGlfQK3pYYnYQUQ",
"43d6a4cb-9987-4d42-8639-647aee1be0a3","LAJA_026.basePlot.vst","2016-11-04","vst_LAJA_2016","D04","LAJA","LAJA_026","41","4",,,,,"NEON.PLA.D04.LAJA.08474",,,"NEON.DOC.000987vE","ADRI","Adelia ricinella L.","species",,,,,,"8rHzSbnDOXjpaitjHXu3bvZcWZBazBT3Z6JypCrOTws=","fiApssCEcSVZh4fTchGlfQK3pYYnYQUQ",
"d8735d14-49ea-4143-b419-b2a6a412f0b4","LAJA_026.basePlot.vst","2016-11-04","vst_LAJA_2016","D04","LAJA","LAJA_026","41","1",,,,,"NEON.PLA.D04.LAJA.05483",,,"NEON.DOC.000987vE","CASY2","Casearia sylvestris Sw.","species",,,,,,"8rHzSbnDOXjpaitjHXu3bvZcWZBazBT3Z6JypCrOTws=","fiApssCEcSVZh4fTchGlfQK3pYYnYQUQ",
"a82ac7f3-1515-484f-bcdb-298f8d65bc23","LAJA_026.basePlot.vst","2016-11-04","vst_LAJA_2016","D04","LAJA","LAJA_026","41","1",,,,,"NEON.PLA.D04.LAJA.08292",,,"NEON.DOC.000987vE","MUEX2","Murraya exotica L.","species",,,,,,"8rHzSbnDOXjpaitjHXu3bvZcWZBazBT3Z6JypCrOTws=","fiApssCEcSVZh4fTchGlfQK3pYYnYQUQ",
"2fa606d6-4105-4639-ad5b-4fa53100ab69","LAJA_026.basePlot.vst","2016-11-04","vst_LAJA_2016","D04","LAJA","LAJA_026","41","1",,,,,"NEON.PLA.D04.LAJA.05464",,,"NEON.DOC.000987vE","CASY2","Casearia sylvestris Sw.","species",,,,,,"8rHzSbnDOXjpaitjHXu3bvZcWZBazBT3Z6JypCrOTws=","fiApssCEcSVZh4fTchGlfQK3pYYnYQUQ",
"08e672a6-28ee-4843-90e4-cb47ee20b397","LAJA_026.basePlot.vst","2016-11-04","vst_LAJA_2016","D04","LAJA","LAJA_026","41","1",,,,,"NEON.PLA.D04.LAJA.08210",,,"NEON.DOC.000987vE","JAFL","Jasminum fluminense Vell.","species",,,,,,"8rHzSbnDOXjpaitjHXu3bvZcWZBazBT3Z6JypCrOTws=","fiApssCEcSVZh4fTchGlfQK3pYYnYQUQ",
