uid,namedLocation,domainID,siteID,plotID,plotType,nlcdClass,decimalLatitude,decimalLongitude,geodeticDatum,coordinateUncertainty,elevation,elevationUncertainty,collectDate,eventID,sampleID,sampleCode,samplingMethod,totalSampledArea,targetTaxaPresent,adultCount,nymphCount,larvaCount,sampleCondition,samplingProtocolVersion,measuredBy,remarks
"9ce99290-c1d4-4ea7-a08a-b796e7ef2ae3","CLBJ_034.tickPlot.tck","D11","CLBJ","CLBJ_034","distributed","grasslandHerbaceous",33.320090,-97.578537,"WGS84",20.0,325.2,0.0,"2017-09-19T14:29Z","CLBJ.2017.39",,,"drag",150,"N",0,0,0,,"NEON.DOC.014045vH","IjazmSQBojWxyJ0/VQonJJDN/AWQC3ZwsdN1S7UuDl8=",
"49829949-7808-4747-8e0a-a6aa1e6cbc0d","CLBJ_036.tickPlot.tck","D11","CLBJ","CLBJ_036","distributed","grasslandHerbaceous",33.396494,-97.580919,"WGS84",20.1,289.5,0.1,"2017-09-19T15:13Z","CLBJ.2017.39",,,"drag",160,"N",0,0,0,,"NEON.DOC.014045vH","nHaIHoivgyDuLAnlbU+expC6wb3bqhGN3JY+jhv4Qnk=",
"649cd18c-9827-4166-9ece-bba16a1f8130","CLBJ_032.tickPlot.tck","D11","CLBJ","CLBJ_032","distributed","grasslandHerbaceous",33.405176,-97.595129,"WGS84",20.1,294.7,0.1,"2017-09-19T16:09Z","CLBJ.2017.39",,,"drag",160,"N",0,0,0,,"NEON.DOC.014045vH","IjazmSQBojWxyJ0/VQonJJDN/AWQC3ZwsdN1S7UuDl8=",
"0a99566e-1588-462c-ba93-7460785621de","CLBJ_043.tickPlot.tck","D11","CLBJ","CLBJ_043","distributed","deciduousForest",33.410406,-97.593713,"WGS84",20.1,285.9,0.1,"2017-09-19T16:41Z","CLBJ.2017.39",,,"drag and flag",155,"N",0,0,0,,"NEON.DOC.014045vH","nHaIHoivgyDuLAnlbU+expC6wb3bqhGN3JY+jhv4Qnk=",
"ea62e1bb-2f37-4629-ad75-ad18e48ccba9","CLBJ_033.tickPlot.tck","D11","CLBJ","CLBJ_033","distributed","deciduousForest",33.382288,-97.619783,"WGS84",20.1,305.5,0.1,"2017-09-19T17:42Z","CLBJ.2017.39",,,"drag and flag",157,"N",0,0,0,,"NEON.DOC.014045vH","IjazmSQBojWxyJ0/VQonJJDN/AWQC3ZwsdN1S7UuDl8=","Deviated due to smilax"
"58a62f4d-d6ca-41a9-899e-f2791e1f0b75","CLBJ_040.tickPlot.tck","D11","CLBJ","CLBJ_040","distributed","deciduousForest",33.377571,-97.647238,"WGS84",20.1,328.9,0.1,"2017-09-19T18:35Z","CLBJ.2017.39",,,"drag and flag",104,"N",0,0,0,,"NEON.DOC.014045vH","IjazmSQBojWxyJ0/VQonJJDN/AWQC3ZwsdN1S7UuDl8=","NE corner broken"
