uid,namedLocation,domainID,siteID,plotID,plotType,nlcdClass,decimalLatitude,decimalLongitude,geodeticDatum,coordinateUncertainty,elevation,elevationUncertainty,collectDate,eventID,sampleID,sampleCode,samplingMethod,totalSampledArea,targetTaxaPresent,adultCount,nymphCount,larvaCount,sampleCondition,samplingProtocolVersion,measuredBy,remarks
"b2bb57ce-b25a-400d-9f2b-073ec2fba069","GRSM_004.tickPlot.tck","D07","GRSM","GRSM_004","distributed","deciduousForest",35.688959,-83.535562,"WGS84",20.3,441.9,0.5,"2015-09-16T12:37Z","GRSM.2015.37",,,"drag",165,"N",0,0,,,"NEON.DOC.014045vF","EY6DvO8NpI5lJHYW3QnRiw31VQzGQ6ke",
"53785fd5-97ed-4413-9321-68a3e4d6f53c","GRSM_009.tickPlot.tck","D07","GRSM","GRSM_009","distributed","deciduousForest",35.671874,-83.491180,"WGS84",20.2,820.9,0.2,"2015-09-16T13:45Z","GRSM.2015.37",,,"drag and flag",163,"N",0,0,,,"NEON.DOC.014045vF","EY6DvO8NpI5lJHYW3QnRiw31VQzGQ6ke",
"a14e49e4-81ee-41a0-83f1-277b1907c658","GRSM_003.tickPlot.tck","D07","GRSM","GRSM_003","distributed","deciduousForest",35.676584,-83.476209,"WGS84",20.2,880.6,0.2,"2015-09-16T17:25Z","GRSM.2015.37",,,"drag and flag",170,"N",0,0,,,"NEON.DOC.014045vF","EY6DvO8NpI5lJHYW3QnRiw31VQzGQ6ke",
"5f9743ec-172a-45c2-9afc-fa01b187e9d0","GRSM_005.tickPlot.tck","D07","GRSM","GRSM_005","distributed","deciduousForest",35.682740,-83.398124,"WGS84",20.2,731.0,0.4,"2015-09-17T12:14Z","GRSM.2015.37",,,"drag and flag",167,"N",0,0,,,"NEON.DOC.014045vF","EY6DvO8NpI5lJHYW3QnRiw31VQzGQ6ke",
"a922acab-c589-4aff-9e7e-162f941ada86","GRSM_010.tickPlot.tck","D07","GRSM","GRSM_010","distributed","deciduousForest",35.669242,-83.524579,"WGS84",20.2,510.4,0.3,"2015-09-17T16:45Z","GRSM.2015.37",,,"drag",165,"N",0,0,,,"NEON.DOC.014045vF","EY6DvO8NpI5lJHYW3QnRiw31VQzGQ6ke",
"85aeb11c-a1ca-41f0-ae8b-77cc93c3dff0","GRSM_006.tickPlot.tck","D07","GRSM","GRSM_006","distributed","deciduousForest",35.679072,-83.643678,"WGS84",20.2,533.6,0.2,"2015-09-17T19:50Z","GRSM.2015.37",,,"drag",164,"N",0,0,,,"NEON.DOC.014045vF","EY6DvO8NpI5lJHYW3QnRiw31VQzGQ6ke",
