uid,namedLocation,date,eventID,domainID,siteID,plotID,subplotID,individualID,tagStatus,growthForm,plantStatus,stemDiameter,measurementHeight,height,baseCrownHeight,breakHeight,breakDiameter,maxCrownDiameter,ninetyCrownDiameter,canopyPosition,shape,basalStemDiameter,basalStemDiameterMsrmntHeight,maxBaseCrownDiameter,ninetyBaseCrownDiameter,remarks,recordedBy,measuredBy,dataQF
"e9882544-6061-4019-8ad8-2792d154abe4","TREE_015.basePlot.vst","2018-05-08","vst_TREE_2017","D05","TREE","TREE_015",,"NEON.PLA.D05.TREE.02231","ok","single bole tree","Live, physically damaged",45.9,130,13.5,,,,7.5,6.6,"Partially shaded",,,,,,"Some rotting","jzfp1twVTMq9AbFenwIjmeVtvjtEdzxKqou7cMppQ0w=","kQbLUH0KxIjHPVBCwBwO/Yp6WLfQ273hfuJp3b6XsqQ=","legacyData"
"62966c33-80e2-4796-8254-161815b5547f","TREE_015.basePlot.vst","2018-05-08","vst_TREE_2017","D05","TREE","TREE_015",,"NEON.PLA.D05.TREE.02308","ok","small tree","Live",2.9,130,,,,,2.4,1.9,,,,,,,,"jzfp1twVTMq9AbFenwIjmeVtvjtEdzxKqou7cMppQ0w=","kQbLUH0KxIjHPVBCwBwO/Yp6WLfQ273hfuJp3b6XsqQ=","legacyData"
"8f71cb4a-b13c-4c25-adc0-00a19088d010","TREE_015.basePlot.vst","2018-05-08","vst_TREE_2017","D05","TREE","TREE_015",,"NEON.PLA.D05.TREE.02500","ok","sapling","Live",,,,,,,,,,,2.1,10,,,,"jzfp1twVTMq9AbFenwIjmeVtvjtEdzxKqou7cMppQ0w=","kQbLUH0KxIjHPVBCwBwO/Yp6WLfQ273hfuJp3b6XsqQ=","legacyData"
"3189fcd7-7b16-4e23-b834-6d07f6a615f4","TREE_015.basePlot.vst","2018-05-08","vst_TREE_2017","D05","TREE","TREE_015",,"NEON.PLA.D05.TREE.02496","ok","sapling","Live",,,,,,,,,,,1.3,10,,,,"jzfp1twVTMq9AbFenwIjmeVtvjtEdzxKqou7cMppQ0w=","kQbLUH0KxIjHPVBCwBwO/Yp6WLfQ273hfuJp3b6XsqQ=","legacyData"
"6de12c62-e67e-4755-bcad-a295dd8bfb11","TREE_015.basePlot.vst","2018-05-08","vst_TREE_2017","D05","TREE","TREE_015",,"NEON.PLA.D05.TREE.02218","ok","single bole tree","Live",12.7,130,13.2,,,,4.6,3.4,"Mostly shaded",,,,,,,"jzfp1twVTMq9AbFenwIjmeVtvjtEdzxKqou7cMppQ0w=","kQbLUH0KxIjHPVBCwBwO/Yp6WLfQ273hfuJp3b6XsqQ=","legacyData"
"166a61e3-0911-464e-a2ab-61de691c22d2","TREE_015.basePlot.vst","2018-05-08","vst_TREE_2017","D05","TREE","TREE_015",,"NEON.PLA.D05.TREE.02301","ok","small tree","Live",1.7,130,,,,,2.0,1.2,,,,,,,,"jzfp1twVTMq9AbFenwIjmeVtvjtEdzxKqou7cMppQ0w=","kQbLUH0KxIjHPVBCwBwO/Yp6WLfQ273hfuJp3b6XsqQ=","legacyData"
"54dfc39f-7775-4821-974c-22f225490d13","TREE_015.basePlot.vst","2018-05-08","vst_TREE_2017","D05","TREE","TREE_015",,"NEON.PLA.D05.TREE.02238","ok","small tree","Live",6.1,130,6.5,,,,2.4,1.9,,,,,,,,"jzfp1twVTMq9AbFenwIjmeVtvjtEdzxKqou7cMppQ0w=","kQbLUH0KxIjHPVBCwBwO/Yp6WLfQ273hfuJp3b6XsqQ=","legacyData"
"dc1bce38-02ae-4675-866d-d65511631a64","TREE_015.basePlot.vst","2018-05-08","vst_TREE_2017","D05","TREE","TREE_015",,"NEON.PLA.D05.TREE.02228","ok","single bole tree","Live",44.6,130,23.9,,,,12.6,12.1,"Full sun",,,,,,,"jzfp1twVTMq9AbFenwIjmeVtvjtEdzxKqou7cMppQ0w=","kQbLUH0KxIjHPVBCwBwO/Yp6WLfQ273hfuJp3b6XsqQ=","legacyData"
"b7bf5647-0b08-4638-9dfe-e405873b7171","TREE_015.basePlot.vst","2018-05-08","vst_TREE_2017","D05","TREE","TREE_015",,"NEON.PLA.D05.TREE.02229","ok","single bole tree","Live",12.5,130,11.3,,,,2.9,2.5,"Partially shaded",,,,,,,"jzfp1twVTMq9AbFenwIjmeVtvjtEdzxKqou7cMppQ0w=","kQbLUH0KxIjHPVBCwBwO/Yp6WLfQ273hfuJp3b6XsqQ=","legacyData"
"9f952146-b296-43aa-b970-e8d19c07fe39","TREE_015.basePlot.vst","2018-05-08","vst_TREE_2017","D05","TREE","TREE_015",,"NEON.PLA.D05.TREE.02247","ok","single bole tree","Live",11.2,130,9.9,,,,3.9,3.4,"Partially shaded",,,,,,,"jzfp1twVTMq9AbFenwIjmeVtvjtEdzxKqou7cMppQ0w=","kQbLUH0KxIjHPVBCwBwO/Yp6WLfQ273hfuJp3b6XsqQ=","legacyData"
"571abf20-76b1-4226-9456-3232f614d93e","TREE_015.basePlot.vst","2018-05-08","vst_TREE_2017","D05","TREE","TREE_015",,"NEON.PLA.D05.TREE.02303","ok","sapling","Live",,,,,,,,,,,2.2,10,,,,"jzfp1twVTMq9AbFenwIjmeVtvjtEdzxKqou7cMppQ0w=","kQbLUH0KxIjHPVBCwBwO/Yp6WLfQ273hfuJp3b6XsqQ=","legacyData"
"646f41ad-e4bb-43c2-b963-a1c865fe645b","TREE_015.basePlot.vst","2018-05-08","vst_TREE_2017","D05","TREE","TREE_015",,"NEON.PLA.D05.TREE.02490","ok","small tree","Standing dead",3.9,130,4.1,,,,0.8,0.7,,,,,,,,"jzfp1twVTMq9AbFenwIjmeVtvjtEdzxKqou7cMppQ0w=","kQbLUH0KxIjHPVBCwBwO/Yp6WLfQ273hfuJp3b6XsqQ=","legacyData"
"42f59c2c-2b9d-4b66-8e5e-aebb2fc4440d","TREE_015.basePlot.vst","2018-05-08","vst_TREE_2017","D05","TREE","TREE_015",,"NEON.PLA.D05.TREE.02214","ok","single bole tree","Live",23.0,130,17.0,,,,9.3,6.3,"Partially shaded",,,,,,,"jzfp1twVTMq9AbFenwIjmeVtvjtEdzxKqou7cMppQ0w=","kQbLUH0KxIjHPVBCwBwO/Yp6WLfQ273hfuJp3b6XsqQ=","legacyData"
"0f9d3e0c-a6b9-4845-8e2b-8f60f019b232","TREE_015.basePlot.vst","2018-05-08","vst_TREE_2017","D05","TREE","TREE_015",,"NEON.PLA.D05.TREE.02241","ok","single bole tree","Live",15.7,130,11.8,,,,5.1,4.5,"Partially shaded",,,,,,,"jzfp1twVTMq9AbFenwIjmeVtvjtEdzxKqou7cMppQ0w=","kQbLUH0KxIjHPVBCwBwO/Yp6WLfQ273hfuJp3b6XsqQ=","legacyData"
"27e2aedc-efe0-45d5-9bee-82c88b3a0fc9","TREE_015.basePlot.vst","2018-05-08","vst_TREE_2017","D05","TREE","TREE_015",,"NEON.PLA.D05.TREE.03464","ok","single bole tree","Live",11.5,130,10.8,,,,3.8,2.6,"Mostly shaded",,,,,,,"jzfp1twVTMq9AbFenwIjmeVtvjtEdzxKqou7cMppQ0w=","kQbLUH0KxIjHPVBCwBwO/Yp6WLfQ273hfuJp3b6XsqQ=","legacyData"
"51a2fb43-b728-4d9c-b893-5ec2b829003f","TREE_015.basePlot.vst","2018-05-08","vst_TREE_2017","D05","TREE","TREE_015",,"NEON.PLA.D05.TREE.02483","ok","sapling","Live",,,,,,,,,,,2.1,10,,,,"jzfp1twVTMq9AbFenwIjmeVtvjtEdzxKqou7cMppQ0w=","kQbLUH0KxIjHPVBCwBwO/Yp6WLfQ273hfuJp3b6XsqQ=","legacyData"
"f0cec3dd-e0a7-4b9f-978d-43d4e00fe77a","TREE_015.basePlot.vst","2018-05-08","vst_TREE_2017","D05","TREE","TREE_015",,"NEON.PLA.D05.TREE.02220A","ok","multi-bole tree","Live",24.3,130,18.0,,,,,,"Partially shaded",,,,,,,"jzfp1twVTMq9AbFenwIjmeVtvjtEdzxKqou7cMppQ0w=","kQbLUH0KxIjHPVBCwBwO/Yp6WLfQ273hfuJp3b6XsqQ=","legacyData"
"af258644-d3fb-477e-9a51-373b938ecd98","TREE_015.basePlot.vst","2018-05-08","vst_TREE_2017","D05","TREE","TREE_015",,"NEON.PLA.D05.TREE.02227","ok","single bole tree","Live",13.4,130,13.9,,,,3.9,3.5,"Mostly shaded",,,,,,,"jzfp1twVTMq9AbFenwIjmeVtvjtEdzxKqou7cMppQ0w=","kQbLUH0KxIjHPVBCwBwO/Yp6WLfQ273hfuJp3b6XsqQ=","legacyData"
"9cf9d17f-0663-49d2-af1f-33d2d7461dd8","TREE_015.basePlot.vst","2018-05-08","vst_TREE_2017","D05","TREE","TREE_015",,"NEON.PLA.D05.TREE.02304","ok","sapling","Live",,,,,,,,,,,2.0,10,,,,"jzfp1twVTMq9AbFenwIjmeVtvjtEdzxKqou7cMppQ0w=","kQbLUH0KxIjHPVBCwBwO/Yp6WLfQ273hfuJp3b6XsqQ=","legacyData"
"065caba5-d220-4290-89cd-86660801dec5","TREE_015.basePlot.vst","2018-05-08","vst_TREE_2017","D05","TREE","TREE_015",,"NEON.PLA.D05.TREE.02215","ok","single bole tree","Live",15.6,130,12.5,,,,5.0,4.9,"Partially shaded",,,,,,,"jzfp1twVTMq9AbFenwIjmeVtvjtEdzxKqou7cMppQ0w=","kQbLUH0KxIjHPVBCwBwO/Yp6WLfQ273hfuJp3b6XsqQ=","legacyData"
"c193ee8e-db0d-4e51-adef-b8ae4a1da193","TREE_015.basePlot.vst","2018-05-08","vst_TREE_2017","D05","TREE","TREE_015",,"NEON.PLA.D05.TREE.02235","ok","small tree","Live",5.9,130,6.5,,,,2.1,1.8,,,,,,,,"jzfp1twVTMq9AbFenwIjmeVtvjtEdzxKqou7cMppQ0w=","kQbLUH0KxIjHPVBCwBwO/Yp6WLfQ273hfuJp3b6XsqQ=","legacyData"
"bad4b73d-8c8b-4dcf-ae2c-e0858cd19558","TREE_015.basePlot.vst","2018-05-08","vst_TREE_2017","D05","TREE","TREE_015",,"NEON.PLA.D05.TREE.02219","ok","single bole tree","Live",22.5,130,16.4,,,,8.4,6.9,"Partially shaded",,,,,,,"jzfp1twVTMq9AbFenwIjmeVtvjtEdzxKqou7cMppQ0w=","kQbLUH0KxIjHPVBCwBwO/Yp6WLfQ273hfuJp3b6XsqQ=","legacyData"
"d22947ab-d2e6-44a5-a864-0ab4519cceed","TREE_015.basePlot.vst","2018-05-08","vst_TREE_2017","D05","TREE","TREE_015",,"NEON.PLA.D05.TREE.02305","ok","small tree","Live",3.8,130,3.2,,,,2.0,1.8,,,,,,,,"jzfp1twVTMq9AbFenwIjmeVtvjtEdzxKqou7cMppQ0w=","kQbLUH0KxIjHPVBCwBwO/Yp6WLfQ273hfuJp3b6XsqQ=","legacyData"
"9da9708a-d23e-4f74-9b55-6d245744421e","TREE_015.basePlot.vst","2018-05-08","vst_TREE_2017","D05","TREE","TREE_015",,"NEON.PLA.D05.TREE.02246","ok","single bole tree","Live",13.5,130,10.5,,,,5.0,3.8,"Partially shaded",,,,,,,"jzfp1twVTMq9AbFenwIjmeVtvjtEdzxKqou7cMppQ0w=","kQbLUH0KxIjHPVBCwBwO/Yp6WLfQ273hfuJp3b6XsqQ=","legacyData"
"89e099fa-186b-437a-b3e5-9b4fc0a35952","TREE_015.basePlot.vst","2018-05-08","vst_TREE_2017","D05","TREE","TREE_015",,"NEON.PLA.D05.TREE.02245","ok","single bole tree","Live",27.3,130,16.3,,,,11.4,11.0,"Partially shaded",,,,,,,"jzfp1twVTMq9AbFenwIjmeVtvjtEdzxKqou7cMppQ0w=","kQbLUH0KxIjHPVBCwBwO/Yp6WLfQ273hfuJp3b6XsqQ=","legacyData"
"9b3ad877-dc8f-49ee-8f86-608d07416c16","TREE_015.basePlot.vst","2018-05-08","vst_TREE_2017","D05","TREE","TREE_015",,"NEON.PLA.D05.TREE.02495","ok","sapling","Live",,,,,,,,,,,1.6,10,,,,"jzfp1twVTMq9AbFenwIjmeVtvjtEdzxKqou7cMppQ0w=","kQbLUH0KxIjHPVBCwBwO/Yp6WLfQ273hfuJp3b6XsqQ=","legacyData"
"7bfdec98-41e9-4577-872c-4a3bfd5fc77e","TREE_015.basePlot.vst","2018-05-08","vst_TREE_2017","D05","TREE","TREE_015",,"NEON.PLA.D05.TREE.02239","ok","small tree","Live",5.1,130,4.7,,,,2.2,2.2,,,,,,,,"jzfp1twVTMq9AbFenwIjmeVtvjtEdzxKqou7cMppQ0w=","kQbLUH0KxIjHPVBCwBwO/Yp6WLfQ273hfuJp3b6XsqQ=","legacyData"
"e7afcc79-ca37-403a-b130-03a0b7e1c9b8","TREE_015.basePlot.vst","2018-05-08","vst_TREE_2017","D05","TREE","TREE_015",,"NEON.PLA.D05.TREE.02244","ok","multi-bole tree","Live",24.8,130,17.4,,,,9.5,8.5,"Partially shaded",,,,,,,"jzfp1twVTMq9AbFenwIjmeVtvjtEdzxKqou7cMppQ0w=","kQbLUH0KxIjHPVBCwBwO/Yp6WLfQ273hfuJp3b6XsqQ=","legacyData"
"2c19c330-4d25-4c1a-a4f8-e4755cadb8b6","TREE_015.basePlot.vst","2018-05-08","vst_TREE_2017","D05","TREE","TREE_015",,"NEON.PLA.D05.TREE.02484","ok","sapling","Live",,,,,,,,,,,1.8,10,,,,"jzfp1twVTMq9AbFenwIjmeVtvjtEdzxKqou7cMppQ0w=","kQbLUH0KxIjHPVBCwBwO/Yp6WLfQ273hfuJp3b6XsqQ=","legacyData"
"ea65254e-f3a3-4b89-991e-02e38350c895","TREE_015.basePlot.vst","2018-05-08","vst_TREE_2017","D05","TREE","TREE_015",,"NEON.PLA.D05.TREE.02306","ok","small tree","Live",1.6,130,,,,,1.8,1.3,,,,,,,,"jzfp1twVTMq9AbFenwIjmeVtvjtEdzxKqou7cMppQ0w=","kQbLUH0KxIjHPVBCwBwO/Yp6WLfQ273hfuJp3b6XsqQ=","legacyData"
"c783f22f-b728-4555-9bc1-4ed67e680876","TREE_015.basePlot.vst","2018-05-08","vst_TREE_2017","D05","TREE","TREE_015",,"NEON.PLA.D05.TREE.02226","ok","single bole tree","Live",33.3,130,11.1,,,,6.3,5.7,"Mostly shaded",,,,,,,"jzfp1twVTMq9AbFenwIjmeVtvjtEdzxKqou7cMppQ0w=","kQbLUH0KxIjHPVBCwBwO/Yp6WLfQ273hfuJp3b6XsqQ=","legacyData"
"3a22a57a-6a4d-4b1a-99b4-4e9cad8337fa","TREE_015.basePlot.vst","2018-05-08","vst_TREE_2017","D05","TREE","TREE_015",,"NEON.PLA.D05.TREE.02225","ok","single bole tree","Live",12.3,130,11.9,,,,1.7,1.1,"Mostly shaded",,,,,,,"jzfp1twVTMq9AbFenwIjmeVtvjtEdzxKqou7cMppQ0w=","kQbLUH0KxIjHPVBCwBwO/Yp6WLfQ273hfuJp3b6XsqQ=","legacyData"
"2e3e1ebd-2735-4449-b929-cdf7340bb18c","TREE_015.basePlot.vst","2018-05-08","vst_TREE_2017","D05","TREE","TREE_015",,"NEON.PLA.D05.TREE.02243","ok","single bole tree","Live",12.9,130,10.8,,,,3.5,3.2,"Partially shaded",,,,,,,"jzfp1twVTMq9AbFenwIjmeVtvjtEdzxKqou7cMppQ0w=","kQbLUH0KxIjHPVBCwBwO/Yp6WLfQ273hfuJp3b6XsqQ=","legacyData"
"32087059-8c63-4593-9cf5-998b292b3ced","TREE_015.basePlot.vst","2018-05-08","vst_TREE_2017","D05","TREE","TREE_015",,"NEON.PLA.D05.TREE.02498","ok","small tree","Dead, broken bole",3.0,130,,,,2.4,0.3,0.2,,,,,,,,"jzfp1twVTMq9AbFenwIjmeVtvjtEdzxKqou7cMppQ0w=","kQbLUH0KxIjHPVBCwBwO/Yp6WLfQ273hfuJp3b6XsqQ=","legacyData"
"ed17bced-7e4e-4b9f-80a1-d766beabbc72","TREE_015.basePlot.vst","2018-05-08","vst_TREE_2017","D05","TREE","TREE_015",,"NEON.PLA.D05.TREE.02489","ok","small tree","Live",2.0,130,,,,,1.5,1.5,,,,,,,,"jzfp1twVTMq9AbFenwIjmeVtvjtEdzxKqou7cMppQ0w=","kQbLUH0KxIjHPVBCwBwO/Yp6WLfQ273hfuJp3b6XsqQ=","legacyData"
"be55c18b-cee3-4a95-aab9-730b4db2acc5","TREE_015.basePlot.vst","2018-05-08","vst_TREE_2017","D05","TREE","TREE_015",,"NEON.PLA.D05.TREE.02494","ok","sapling","Live",,,,,,,,,,,1.5,10,,,,"jzfp1twVTMq9AbFenwIjmeVtvjtEdzxKqou7cMppQ0w=","kQbLUH0KxIjHPVBCwBwO/Yp6WLfQ273hfuJp3b6XsqQ=","legacyData"
"2c8992d0-a29e-4063-939d-4037412e49fe","TREE_015.basePlot.vst","2018-05-08","vst_TREE_2017","D05","TREE","TREE_015",,"NEON.PLA.D05.TREE.02492","ok","sapling","Live",,,,,,,,,,,1.1,10,,,,"jzfp1twVTMq9AbFenwIjmeVtvjtEdzxKqou7cMppQ0w=","kQbLUH0KxIjHPVBCwBwO/Yp6WLfQ273hfuJp3b6XsqQ=","legacyData"
"4196de37-5c15-4ae9-8b80-192d785451c6","TREE_015.basePlot.vst","2018-05-08","vst_TREE_2017","D05","TREE","TREE_015",,"NEON.PLA.D05.TREE.02220","ok","multi-bole tree","Live",23.9,130,17.7,,,,9.3,8.6,"Partially shaded",,,,,,,"jzfp1twVTMq9AbFenwIjmeVtvjtEdzxKqou7cMppQ0w=","kQbLUH0KxIjHPVBCwBwO/Yp6WLfQ273hfuJp3b6XsqQ=","legacyData"
"b241f145-6b3a-4958-81fe-91eb48bd378f","TREE_015.basePlot.vst","2018-05-08","vst_TREE_2017","D05","TREE","TREE_015",,"NEON.PLA.D05.TREE.02216","ok","single bole tree","Live",11.3,130,9.6,,,,4.8,3.7,"Partially shaded",,,,,,,"jzfp1twVTMq9AbFenwIjmeVtvjtEdzxKqou7cMppQ0w=","kQbLUH0KxIjHPVBCwBwO/Yp6WLfQ273hfuJp3b6XsqQ=","legacyData"
"03484cfa-603c-4b26-96e8-592aef2d6b2c","TREE_015.basePlot.vst","2018-05-08","vst_TREE_2017","D05","TREE","TREE_015",,"NEON.PLA.D05.TREE.02488","ok","small tree","Live",4.1,130,3.8,,,,2.1,1.9,,,,,,,,"jzfp1twVTMq9AbFenwIjmeVtvjtEdzxKqou7cMppQ0w=","kQbLUH0KxIjHPVBCwBwO/Yp6WLfQ273hfuJp3b6XsqQ=","legacyData"
"1063e591-fea6-4ff1-900d-8789bd3e4dc8","TREE_015.basePlot.vst","2018-05-08","vst_TREE_2017","D05","TREE","TREE_015",,"NEON.PLA.D05.TREE.02497","ok","small tree","Standing dead",3.6,130,,,,,1.5,0.7,,,,,,,,"jzfp1twVTMq9AbFenwIjmeVtvjtEdzxKqou7cMppQ0w=","kQbLUH0KxIjHPVBCwBwO/Yp6WLfQ273hfuJp3b6XsqQ=","legacyData"
"741e8285-f44f-447a-8137-be15c6913c5a","TREE_015.basePlot.vst","2018-05-08","vst_TREE_2017","D05","TREE","TREE_015",,"NEON.PLA.D05.TREE.02240","ok","single bole tree","Live",24.5,130,8.3,,,,5.8,5.6,"Partially shaded",,,,,,,"jzfp1twVTMq9AbFenwIjmeVtvjtEdzxKqou7cMppQ0w=","kQbLUH0KxIjHPVBCwBwO/Yp6WLfQ273hfuJp3b6XsqQ=","legacyData"
"57b57794-fbbe-46d5-8736-5747185a493a","TREE_015.basePlot.vst","2018-05-08","vst_TREE_2017","D05","TREE","TREE_015",,"NEON.PLA.D05.TREE.02221","ok","single bole tree","Live",12.3,130,11.8,,,,4.3,4.2,"Partially shaded",,,,,,,"jzfp1twVTMq9AbFenwIjmeVtvjtEdzxKqou7cMppQ0w=","kQbLUH0KxIjHPVBCwBwO/Yp6WLfQ273hfuJp3b6XsqQ=","legacyData"
"b8e60e74-8424-43fa-8633-76805069a9f6","TREE_015.basePlot.vst","2018-05-08","vst_TREE_2017","D05","TREE","TREE_015",,"NEON.PLA.D05.TREE.02487","ok","small tree","Live",3.2,130,,,,,2.0,1.8,,,,,,,,"jzfp1twVTMq9AbFenwIjmeVtvjtEdzxKqou7cMppQ0w=","kQbLUH0KxIjHPVBCwBwO/Yp6WLfQ273hfuJp3b6XsqQ=","legacyData"
"1c4a6894-7f3a-41a3-b695-79c423399f04","TREE_015.basePlot.vst","2018-05-08","vst_TREE_2017","D05","TREE","TREE_015",,"NEON.PLA.D05.TREE.02222A","ok","multi-bole tree","Live",14.2,130,16.5,,,,,,"Partially shaded",,,,,,,"jzfp1twVTMq9AbFenwIjmeVtvjtEdzxKqou7cMppQ0w=","kQbLUH0KxIjHPVBCwBwO/Yp6WLfQ273hfuJp3b6XsqQ=","legacyData"
"92ecb8da-0b07-47cc-b86b-bd90af5394b3","TREE_015.basePlot.vst","2018-05-08","vst_TREE_2017","D05","TREE","TREE_015",,"NEON.PLA.D05.TREE.02302","ok","small tree","Live",3.5,130,,,,,1.7,1.6,,,,,,,,"jzfp1twVTMq9AbFenwIjmeVtvjtEdzxKqou7cMppQ0w=","kQbLUH0KxIjHPVBCwBwO/Yp6WLfQ273hfuJp3b6XsqQ=","legacyData"
"05854307-babe-496b-9739-881f8a8a4b93","TREE_015.basePlot.vst","2018-05-08","vst_TREE_2017","D05","TREE","TREE_015",,"NEON.PLA.D05.TREE.02234","ok","single bole tree","Live",19.1,130,14.9,,,,7.1,5.1,"Partially shaded",,,,,,,"jzfp1twVTMq9AbFenwIjmeVtvjtEdzxKqou7cMppQ0w=","kQbLUH0KxIjHPVBCwBwO/Yp6WLfQ273hfuJp3b6XsqQ=","legacyData"
"7e177d43-b936-41ee-a712-2bbd7df084f4","TREE_015.basePlot.vst","2018-05-08","vst_TREE_2017","D05","TREE","TREE_015",,"NEON.PLA.D05.TREE.02244A","ok","multi-bole tree","Live",20.6,140,16.1,,,,,,"Partially shaded",,,,,,,"jzfp1twVTMq9AbFenwIjmeVtvjtEdzxKqou7cMppQ0w=","kQbLUH0KxIjHPVBCwBwO/Yp6WLfQ273hfuJp3b6XsqQ=","legacyData"
"afec0218-b574-4244-9214-2a1db267af91","TREE_015.basePlot.vst","2018-05-08","vst_TREE_2017","D05","TREE","TREE_015",,"NEON.PLA.D05.TREE.02491","ok","small tree","Live",5.2,130,4.1,,,,2.9,2.4,,,,,,,,"jzfp1twVTMq9AbFenwIjmeVtvjtEdzxKqou7cMppQ0w=","kQbLUH0KxIjHPVBCwBwO/Yp6WLfQ273hfuJp3b6XsqQ=","legacyData"
"4e509bd2-942d-4826-8845-d6213322cc47","TREE_015.basePlot.vst","2018-05-08","vst_TREE_2017","D05","TREE","TREE_015",,"NEON.PLA.D05.TREE.02237","ok","single bole tree","Live",12.7,130,8.8,,,,5.6,4.9,"Partially shaded",,,,,,,"jzfp1twVTMq9AbFenwIjmeVtvjtEdzxKqou7cMppQ0w=","kQbLUH0KxIjHPVBCwBwO/Yp6WLfQ273hfuJp3b6XsqQ=","legacyData"
"29e7fcbd-23f8-48f2-bfe6-129d9b83aa53","TREE_015.basePlot.vst","2018-05-08","vst_TREE_2017","D05","TREE","TREE_015",,"NEON.PLA.D05.TREE.02493","ok","sapling","Live",,,,,,,,,,,1.7,10,,,,"jzfp1twVTMq9AbFenwIjmeVtvjtEdzxKqou7cMppQ0w=","kQbLUH0KxIjHPVBCwBwO/Yp6WLfQ273hfuJp3b6XsqQ=","legacyData"
"3b173be9-bf63-437b-bce5-645eb1f48b2e","TREE_015.basePlot.vst","2018-05-08","vst_TREE_2017","D05","TREE","TREE_015",,"NEON.PLA.D05.TREE.02485","ok","small tree","Live",6.0,130,5.3,,,,2.6,1.9,,,,,,,,"jzfp1twVTMq9AbFenwIjmeVtvjtEdzxKqou7cMppQ0w=","kQbLUH0KxIjHPVBCwBwO/Yp6WLfQ273hfuJp3b6XsqQ=","legacyData"
"d6e296ea-a641-43be-b0e6-abd25a88c98e","TREE_015.basePlot.vst","2018-05-08","vst_TREE_2017","D05","TREE","TREE_015",,"NEON.PLA.D05.TREE.02223","ok","single bole tree","Live",16.2,130,15.6,,,,7.2,6.8,"Partially shaded",,,,,,,"jzfp1twVTMq9AbFenwIjmeVtvjtEdzxKqou7cMppQ0w=","kQbLUH0KxIjHPVBCwBwO/Yp6WLfQ273hfuJp3b6XsqQ=","legacyData"
"6b99796b-8d05-489d-916f-e3a64b964d0a","TREE_015.basePlot.vst","2018-05-08","vst_TREE_2017","D05","TREE","TREE_015",,"NEON.PLA.D05.TREE.02309","ok","small tree","Live",1.2,130,,,,,1.1,0.9,,,,,,,,"jzfp1twVTMq9AbFenwIjmeVtvjtEdzxKqou7cMppQ0w=","kQbLUH0KxIjHPVBCwBwO/Yp6WLfQ273hfuJp3b6XsqQ=","legacyData"
"49236518-870e-455e-beee-1727a53b41f6","TREE_015.basePlot.vst","2018-05-08","vst_TREE_2017","D05","TREE","TREE_015",,"NEON.PLA.D05.TREE.02230","ok","single bole tree","Live",38.8,130,15.4,,,,6.9,6.8,"Partially shaded",,,,,,,"jzfp1twVTMq9AbFenwIjmeVtvjtEdzxKqou7cMppQ0w=","kQbLUH0KxIjHPVBCwBwO/Yp6WLfQ273hfuJp3b6XsqQ=","legacyData"
"4020d9a7-369d-4fd7-afda-7c8d08511653","TREE_015.basePlot.vst","2018-05-08","vst_TREE_2017","D05","TREE","TREE_015",,"NEON.PLA.D05.TREE.02220B","ok","multi-bole tree","Dead, broken bole",11.9,130,3.2,,3.2,,,,"Partially shaded",,,,,,,"jzfp1twVTMq9AbFenwIjmeVtvjtEdzxKqou7cMppQ0w=","kQbLUH0KxIjHPVBCwBwO/Yp6WLfQ273hfuJp3b6XsqQ=","legacyData"
"175c27dc-09a4-402a-9771-7c9232aea5f9","TREE_015.basePlot.vst","2018-05-08","vst_TREE_2017","D05","TREE","TREE_015",,"NEON.PLA.D05.TREE.02217","ok","single bole tree","Live",12.6,130,9.8,,,,4.6,4.0,"Partially shaded",,,,,,,"jzfp1twVTMq9AbFenwIjmeVtvjtEdzxKqou7cMppQ0w=","kQbLUH0KxIjHPVBCwBwO/Yp6WLfQ273hfuJp3b6XsqQ=","legacyData"
"99b25421-db8c-4773-ae2e-47d8b56f9ef5","TREE_015.basePlot.vst","2018-05-08","vst_TREE_2017","D05","TREE","TREE_015",,"NEON.PLA.D05.TREE.02222","ok","multi-bole tree","Live",24.7,130,19.2,,,,13.0,7.4,"Partially shaded",,,,,,,"jzfp1twVTMq9AbFenwIjmeVtvjtEdzxKqou7cMppQ0w=","kQbLUH0KxIjHPVBCwBwO/Yp6WLfQ273hfuJp3b6XsqQ=","legacyData"
"694734bf-3ad0-46fc-a9f4-0b3f5cd865ec","TREE_015.basePlot.vst","2018-05-08","vst_TREE_2017","D05","TREE","TREE_015",,"NEON.PLA.D05.TREE.02232","ok","single bole tree","Live",22.9,130,14.7,,,,8.0,6.6,"Partially shaded",,,,,,,"jzfp1twVTMq9AbFenwIjmeVtvjtEdzxKqou7cMppQ0w=","kQbLUH0KxIjHPVBCwBwO/Yp6WLfQ273hfuJp3b6XsqQ=","legacyData"
"e99dd740-8d28-4e73-b034-c07dfb9a860e","TREE_015.basePlot.vst","2018-05-08","vst_TREE_2017","D05","TREE","TREE_015",,"NEON.PLA.D05.TREE.02224","ok","single bole tree","Live",21.0,130,16.6,,,,6.0,5.8,"Partially shaded",,,,,,,"jzfp1twVTMq9AbFenwIjmeVtvjtEdzxKqou7cMppQ0w=","kQbLUH0KxIjHPVBCwBwO/Yp6WLfQ273hfuJp3b6XsqQ=","legacyData"
"cbe302d2-dfd1-4e5c-92c8-11c0220efb75","TREE_015.basePlot.vst","2018-05-08","vst_TREE_2017","D05","TREE","TREE_015",,"NEON.PLA.D05.TREE.02486","ok","small tree","Live",4.6,130,,,,,1.6,1.5,,,,,,,,"jzfp1twVTMq9AbFenwIjmeVtvjtEdzxKqou7cMppQ0w=","kQbLUH0KxIjHPVBCwBwO/Yp6WLfQ273hfuJp3b6XsqQ=","legacyData"
