uid,namedLocation,date,eventID,domainID,siteID,plotID,subplotID,individualID,tagStatus,growthForm,plantStatus,stemDiameter,measurementHeight,height,baseCrownHeight,breakHeight,breakDiameter,maxCrownDiameter,ninetyCrownDiameter,canopyPosition,shape,basalStemDiameter,basalStemDiameterMsrmntHeight,maxBaseCrownDiameter,ninetyBaseCrownDiameter,remarks,recordedBy,measuredBy,dataQF
"3b6222ea-a948-4402-b412-a40fb91116f8","PUUM_040.basePlot.vst","2018-07-02","vst_PUUM_2018","D20","PUUM","PUUM_040",,"NEON.PLA.D20.PUUM.00148","ok","sapling","Live",,,1.8,,,,,,,,1.3,10,,,,"TMxCm91ndAnfOpD6M/XyoAyhNi1lNXRsuRZ0KUomQx0=","7b09tKNMSr/wOeeCXM11rXP6e8wTwK5T0tBo3Wt2uFY=",
"4690096c-abed-4989-a212-83aa20e2237f","PUUM_040.basePlot.vst","2018-07-02","vst_PUUM_2018","D20","PUUM","PUUM_040",,"NEON.PLA.D20.PUUM.00151","ok","sapling","Live, physically damaged",,,0.7,,,,,,,,1.5,10,,,,"TMxCm91ndAnfOpD6M/XyoAyhNi1lNXRsuRZ0KUomQx0=","7b09tKNMSr/wOeeCXM11rXP6e8wTwK5T0tBo3Wt2uFY=",
"3595955e-2150-46ec-bf5d-bdb7da704599","PUUM_040.basePlot.vst","2018-07-02","vst_PUUM_2018","D20","PUUM","PUUM_040",,"NEON.PLA.D20.PUUM.00152","ok","small tree","Live",9.7,130,6.3,,,,,,,,,,,,,"TMxCm91ndAnfOpD6M/XyoAyhNi1lNXRsuRZ0KUomQx0=","7b09tKNMSr/wOeeCXM11rXP6e8wTwK5T0tBo3Wt2uFY=",
"b888a841-fef9-48f8-96c7-7f670d384588","PUUM_040.basePlot.vst","2018-07-02","vst_PUUM_2018","D20","PUUM","PUUM_040",,"NEON.PLA.D20.PUUM.00972","ok","single bole tree","Live",12.9,130,10.8,,,,,,,,,,,,,"TMxCm91ndAnfOpD6M/XyoAyhNi1lNXRsuRZ0KUomQx0=","7b09tKNMSr/wOeeCXM11rXP6e8wTwK5T0tBo3Wt2uFY=",
"a580094d-e963-4b69-87ad-1d8d5299a416","PUUM_040.basePlot.vst","2018-07-02","vst_PUUM_2018","D20","PUUM","PUUM_040",,"NEON.PLA.D20.PUUM.00164","ok","small tree","Live",3.4,130,3.4,,,,,,,,,,,,,"TMxCm91ndAnfOpD6M/XyoAyhNi1lNXRsuRZ0KUomQx0=","7b09tKNMSr/wOeeCXM11rXP6e8wTwK5T0tBo3Wt2uFY=",
"06e57e62-90e7-47a7-8306-e95a502bede7","PUUM_040.basePlot.vst","2018-07-02","vst_PUUM_2018","D20","PUUM","PUUM_040",,"NEON.PLA.D20.PUUM.01179","ok","single bole tree","Live",28.0,160,17.5,,,,,,,,,,,,,"TMxCm91ndAnfOpD6M/XyoAyhNi1lNXRsuRZ0KUomQx0=","7b09tKNMSr/wOeeCXM11rXP6e8wTwK5T0tBo3Wt2uFY=",
"6ba9d33d-e747-482b-97e5-45bd1a63c074","PUUM_040.basePlot.vst","2018-07-02","vst_PUUM_2018","D20","PUUM","PUUM_040",,"NEON.PLA.D20.PUUM.01173A","ok","multi-bole tree","Live",8.8,150,,,,,,,,,,,,,,"TMxCm91ndAnfOpD6M/XyoAyhNi1lNXRsuRZ0KUomQx0=","7b09tKNMSr/wOeeCXM11rXP6e8wTwK5T0tBo3Wt2uFY=",
"a9b2f366-66d4-45c9-a313-233731803669","PUUM_040.basePlot.vst","2018-07-02","vst_PUUM_2018","D20","PUUM","PUUM_040",,"NEON.PLA.D20.PUUM.00136","ok","small tree","Live",1.5,130,2.8,,,,,,,,,,,,,"TMxCm91ndAnfOpD6M/XyoAyhNi1lNXRsuRZ0KUomQx0=","7b09tKNMSr/wOeeCXM11rXP6e8wTwK5T0tBo3Wt2uFY=",
"92d1d9d1-84f8-4b7a-bc6e-b2596a03a8ec","PUUM_040.basePlot.vst","2018-07-02","vst_PUUM_2018","D20","PUUM","PUUM_040",,"NEON.PLA.D20.PUUM.00970","ok","single bole tree","Live",12.0,130,6.2,,,,,,,,,,,,,"TMxCm91ndAnfOpD6M/XyoAyhNi1lNXRsuRZ0KUomQx0=","7b09tKNMSr/wOeeCXM11rXP6e8wTwK5T0tBo3Wt2uFY=",
"161b8725-9727-46a0-a8c7-e53656953225","PUUM_040.basePlot.vst","2018-07-02","vst_PUUM_2018","D20","PUUM","PUUM_040",,"NEON.PLA.D20.PUUM.00993","ok","single bole tree","Live",94.9,130,21.4,,,,,,,,,,,,"Irregular bole (reachable part)","TMxCm91ndAnfOpD6M/XyoAyhNi1lNXRsuRZ0KUomQx0=","7b09tKNMSr/wOeeCXM11rXP6e8wTwK5T0tBo3Wt2uFY=",
"9484be90-ff68-4b6c-805d-c5b660d7ca06","PUUM_040.basePlot.vst","2018-07-02","vst_PUUM_2018","D20","PUUM","PUUM_040",,"NEON.PLA.D20.PUUM.01183","ok","sapling","Live",,,0.2,,,,,,,,8.4,10,,,,"TMxCm91ndAnfOpD6M/XyoAyhNi1lNXRsuRZ0KUomQx0=","7b09tKNMSr/wOeeCXM11rXP6e8wTwK5T0tBo3Wt2uFY=",
"383aafdb-c5a8-4024-981c-9a44445394c3","PUUM_040.basePlot.vst","2018-07-02","vst_PUUM_2018","D20","PUUM","PUUM_040",,"NEON.PLA.D20.PUUM.01172","ok","single bole tree","Dead, broken bole",19.4,130,7.6,,0.1,,,,,,,,,,,"TMxCm91ndAnfOpD6M/XyoAyhNi1lNXRsuRZ0KUomQx0=","7b09tKNMSr/wOeeCXM11rXP6e8wTwK5T0tBo3Wt2uFY=",
"c79d1a66-764d-4bcf-a3f3-db0bfff0cea0","PUUM_040.basePlot.vst","2018-07-02","vst_PUUM_2018","D20","PUUM","PUUM_040",,"NEON.PLA.D20.PUUM.00971","ok","single bole tree","Dead, broken bole",19.1,130,9.2,,0.1,,,,,,,,,,,"TMxCm91ndAnfOpD6M/XyoAyhNi1lNXRsuRZ0KUomQx0=","7b09tKNMSr/wOeeCXM11rXP6e8wTwK5T0tBo3Wt2uFY=",
"ebf5642b-5496-4403-b407-37b692fd2419","PUUM_040.basePlot.vst","2018-07-02","vst_PUUM_2018","D20","PUUM","PUUM_040",,"NEON.PLA.D20.PUUM.00119","ok","small tree","Live",8.4,130,8.7,,,,,,,,,,,,,"TMxCm91ndAnfOpD6M/XyoAyhNi1lNXRsuRZ0KUomQx0=","7b09tKNMSr/wOeeCXM11rXP6e8wTwK5T0tBo3Wt2uFY=",
"760b379e-9650-4d41-bcf8-25221208dab1","PUUM_040.basePlot.vst","2018-07-02","vst_PUUM_2018","D20","PUUM","PUUM_040",,"NEON.PLA.D20.PUUM.00165","ok","small tree","Live",2.9,130,3.4,,,,,,,,,,,,,"TMxCm91ndAnfOpD6M/XyoAyhNi1lNXRsuRZ0KUomQx0=","7b09tKNMSr/wOeeCXM11rXP6e8wTwK5T0tBo3Wt2uFY=",
"fcde96f5-4ef9-45f5-bdd8-30cfb66f37aa","PUUM_040.basePlot.vst","2018-07-02","vst_PUUM_2018","D20","PUUM","PUUM_040",,"NEON.PLA.D20.PUUM.01181","ok","single bole tree","Live",42.2,170,0.7,,,,,,,,,,,,,"TMxCm91ndAnfOpD6M/XyoAyhNi1lNXRsuRZ0KUomQx0=","7b09tKNMSr/wOeeCXM11rXP6e8wTwK5T0tBo3Wt2uFY=",
"d60bafdd-a5e6-4436-bcd7-455915d57d54","PUUM_040.basePlot.vst","2018-07-02","vst_PUUM_2018","D20","PUUM","PUUM_040",,"NEON.PLA.D20.PUUM.01175","ok","single bole tree","Dead, broken bole",18.6,130,15.9,,0.1,,,,,,,,,,,"TMxCm91ndAnfOpD6M/XyoAyhNi1lNXRsuRZ0KUomQx0=","7b09tKNMSr/wOeeCXM11rXP6e8wTwK5T0tBo3Wt2uFY=",
"eef73f47-5f02-4a2a-a9e0-95cead2a8f71","PUUM_040.basePlot.vst","2018-07-02","vst_PUUM_2018","D20","PUUM","PUUM_040",,"NEON.PLA.D20.PUUM.00167","ok","small tree","Live",1.2,130,2.4,,,,,,,,,,,,,"TMxCm91ndAnfOpD6M/XyoAyhNi1lNXRsuRZ0KUomQx0=","7b09tKNMSr/wOeeCXM11rXP6e8wTwK5T0tBo3Wt2uFY=",
"b3cddf5d-fb1d-47ad-8e31-b93859689539","PUUM_040.basePlot.vst","2018-07-02","vst_PUUM_2018","D20","PUUM","PUUM_040",,"NEON.PLA.D20.PUUM.01180","ok","single bole tree","Live",11.9,130,10.9,,,,,,,,,,,,,"TMxCm91ndAnfOpD6M/XyoAyhNi1lNXRsuRZ0KUomQx0=","7b09tKNMSr/wOeeCXM11rXP6e8wTwK5T0tBo3Wt2uFY=",
"562618a5-c3bf-4f57-8acc-c9cfe177a50d","PUUM_040.basePlot.vst","2018-07-02","vst_PUUM_2018","D20","PUUM","PUUM_040",,"NEON.PLA.D20.PUUM.00166","ok","small tree","Live",2.9,130,5.4,,,,,,,,,,,,,"TMxCm91ndAnfOpD6M/XyoAyhNi1lNXRsuRZ0KUomQx0=","7b09tKNMSr/wOeeCXM11rXP6e8wTwK5T0tBo3Wt2uFY=",
"a3eea054-a2d9-46b8-9940-83b6dbab8692","PUUM_040.basePlot.vst","2018-07-02","vst_PUUM_2018","D20","PUUM","PUUM_040",,"NEON.PLA.D20.PUUM.00992","ok","single bole tree","Live",26.5,130,0.4,,,,,,,,,,,,,"TMxCm91ndAnfOpD6M/XyoAyhNi1lNXRsuRZ0KUomQx0=","7b09tKNMSr/wOeeCXM11rXP6e8wTwK5T0tBo3Wt2uFY=",
"8758a53c-8954-40e7-863f-29e21ee9afbf","PUUM_040.basePlot.vst","2018-07-02","vst_PUUM_2018","D20","PUUM","PUUM_040",,"NEON.PLA.D20.PUUM.01176","ok","single bole tree","Live",10.3,130,14.9,,,,,,,,,,,,,"TMxCm91ndAnfOpD6M/XyoAyhNi1lNXRsuRZ0KUomQx0=","7b09tKNMSr/wOeeCXM11rXP6e8wTwK5T0tBo3Wt2uFY=",
"134f1b45-7b3d-4cac-813f-4dd1bed0e72a","PUUM_040.basePlot.vst","2018-07-02","vst_PUUM_2018","D20","PUUM","PUUM_040",,"NEON.PLA.D20.PUUM.00137","ok","small tree","Live",5.6,130,4.9,,,,,,,,,,,,,"TMxCm91ndAnfOpD6M/XyoAyhNi1lNXRsuRZ0KUomQx0=","7b09tKNMSr/wOeeCXM11rXP6e8wTwK5T0tBo3Wt2uFY=",
"6b6bbb69-52db-4417-9738-bc8243343673","PUUM_040.basePlot.vst","2018-07-02","vst_PUUM_2018","D20","PUUM","PUUM_040",,"NEON.PLA.D20.PUUM.01184","ok","sapling","Live",,,1.6,,,,,,,,1.9,10,,,,"TMxCm91ndAnfOpD6M/XyoAyhNi1lNXRsuRZ0KUomQx0=","7b09tKNMSr/wOeeCXM11rXP6e8wTwK5T0tBo3Wt2uFY=",
"676ddfa8-5127-4555-9a3f-c04d039f641e","PUUM_040.basePlot.vst","2018-07-02","vst_PUUM_2018","D20","PUUM","PUUM_040",,"NEON.PLA.D20.PUUM.01186","ok","sapling","Live",,,0.6,,,,,,,,7.1,20,,,,"TMxCm91ndAnfOpD6M/XyoAyhNi1lNXRsuRZ0KUomQx0=","7b09tKNMSr/wOeeCXM11rXP6e8wTwK5T0tBo3Wt2uFY=",
"f5ed37c8-e8cb-4ca7-b21f-3667f3992dd3","PUUM_040.basePlot.vst","2018-07-02","vst_PUUM_2018","D20","PUUM","PUUM_040",,"NEON.PLA.D20.PUUM.01188","ok","small tree","Live",1.8,130,2.7,,,,,,,,,,,,,"TMxCm91ndAnfOpD6M/XyoAyhNi1lNXRsuRZ0KUomQx0=","7b09tKNMSr/wOeeCXM11rXP6e8wTwK5T0tBo3Wt2uFY=",
"b29caabe-1476-4216-a4a5-90ef51df62ed","PUUM_040.basePlot.vst","2018-07-02","vst_PUUM_2018","D20","PUUM","PUUM_040",,"NEON.PLA.D20.PUUM.00989","ok","single bole tree","Live",11.1,130,6.6,,,,,,,,,,,,,"TMxCm91ndAnfOpD6M/XyoAyhNi1lNXRsuRZ0KUomQx0=","7b09tKNMSr/wOeeCXM11rXP6e8wTwK5T0tBo3Wt2uFY=",
"0707e1a8-af4f-4d10-a9c1-e860382310dd","PUUM_040.basePlot.vst","2018-07-02","vst_PUUM_2018","D20","PUUM","PUUM_040",,"NEON.PLA.D20.PUUM.00973","ok","single bole tree","Live",23.9,150,0.5,,,,,,,,,,,,,"TMxCm91ndAnfOpD6M/XyoAyhNi1lNXRsuRZ0KUomQx0=","7b09tKNMSr/wOeeCXM11rXP6e8wTwK5T0tBo3Wt2uFY=",
"d12b3917-a2f8-4914-bde8-b7aaf5d3487e","PUUM_040.basePlot.vst","2018-07-02","vst_PUUM_2018","D20","PUUM","PUUM_040",,"NEON.PLA.D20.PUUM.00991","ok","single bole tree","Live",30.3,130,1.9,,,,,,,,,,,,,"TMxCm91ndAnfOpD6M/XyoAyhNi1lNXRsuRZ0KUomQx0=","7b09tKNMSr/wOeeCXM11rXP6e8wTwK5T0tBo3Wt2uFY=",
"fd5b5701-9122-44ed-8b80-7929601baad7","PUUM_040.basePlot.vst","2018-07-02","vst_PUUM_2018","D20","PUUM","PUUM_040",,"NEON.PLA.D20.PUUM.00990","ok","single bole tree","Live",25.8,230,0.6,,,,,,,,,,,,,"TMxCm91ndAnfOpD6M/XyoAyhNi1lNXRsuRZ0KUomQx0=","7b09tKNMSr/wOeeCXM11rXP6e8wTwK5T0tBo3Wt2uFY=",
"b28c3819-15ee-49b2-bd95-d297e7989692","PUUM_040.basePlot.vst","2018-07-02","vst_PUUM_2018","D20","PUUM","PUUM_040",,"NEON.PLA.D20.PUUM.01178","ok","single bole tree","Live",10.6,160,11.8,,,,,,,,,,,,,"TMxCm91ndAnfOpD6M/XyoAyhNi1lNXRsuRZ0KUomQx0=","7b09tKNMSr/wOeeCXM11rXP6e8wTwK5T0tBo3Wt2uFY=",
"f0631e13-4142-4c56-bd97-753d4100701a","PUUM_040.basePlot.vst","2018-07-02","vst_PUUM_2018","D20","PUUM","PUUM_040",,"NEON.PLA.D20.PUUM.00134","ok","small shrub","Live, physically damaged",,,1.1,,,,1.3,0.4,,"half-sphere",1.6,10,,,"Only 2 leaves","TMxCm91ndAnfOpD6M/XyoAyhNi1lNXRsuRZ0KUomQx0=","7b09tKNMSr/wOeeCXM11rXP6e8wTwK5T0tBo3Wt2uFY=",
"e64935d7-be90-47c9-a215-d73c4cbfb4d8","PUUM_040.basePlot.vst","2018-07-02","vst_PUUM_2018","D20","PUUM","PUUM_040",,"NEON.PLA.D20.PUUM.00149","ok","small tree","Live",6.2,130,6.9,,,,,,,,,,,,,"TMxCm91ndAnfOpD6M/XyoAyhNi1lNXRsuRZ0KUomQx0=","7b09tKNMSr/wOeeCXM11rXP6e8wTwK5T0tBo3Wt2uFY=",
"98f50692-8cc2-4ff9-8397-45bfceee3039","PUUM_040.basePlot.vst","2018-07-02","vst_PUUM_2018","D20","PUUM","PUUM_040",,"NEON.PLA.D20.PUUM.00167","ok","small tree","Live",1.9,130,2.4,,,,,,,,,,,,,"TMxCm91ndAnfOpD6M/XyoAyhNi1lNXRsuRZ0KUomQx0=","7b09tKNMSr/wOeeCXM11rXP6e8wTwK5T0tBo3Wt2uFY=",
"7678a9ff-e4a1-4476-8ad9-452c5fc3db4b","PUUM_040.basePlot.vst","2018-07-02","vst_PUUM_2018","D20","PUUM","PUUM_040",,"NEON.PLA.D20.PUUM.00133","ok","small tree","Live",1.9,130,3.5,,,,,,,,,,,,,"TMxCm91ndAnfOpD6M/XyoAyhNi1lNXRsuRZ0KUomQx0=","7b09tKNMSr/wOeeCXM11rXP6e8wTwK5T0tBo3Wt2uFY=",
"118511f1-c116-4ae6-8d77-8beaf21dff74","PUUM_040.basePlot.vst","2018-07-02","vst_PUUM_2018","D20","PUUM","PUUM_040",,"NEON.PLA.D20.PUUM.00149","ok","small tree","Live",7.8,130,6.9,,,,,,,,,,,,,"TMxCm91ndAnfOpD6M/XyoAyhNi1lNXRsuRZ0KUomQx0=","7b09tKNMSr/wOeeCXM11rXP6e8wTwK5T0tBo3Wt2uFY=",
"386b3447-6d6b-4211-ae0a-14fc4ddbcfa3","PUUM_040.basePlot.vst","2018-07-02","vst_PUUM_2018","D20","PUUM","PUUM_040",,"NEON.PLA.D20.PUUM.00126","ok","single shrub","Live",1.2,130,2.4,,,,1.8,1.1,,"inverted cone",1.7,10,0.10,0.05,,"TMxCm91ndAnfOpD6M/XyoAyhNi1lNXRsuRZ0KUomQx0=","7b09tKNMSr/wOeeCXM11rXP6e8wTwK5T0tBo3Wt2uFY=",
"cc388f7c-3fc6-4149-9d50-0ad1170f2547","PUUM_040.basePlot.vst","2018-07-02","vst_PUUM_2018","D20","PUUM","PUUM_040",,"NEON.PLA.D20.PUUM.01187","ok","sapling","Live",,,0.7,,,,,,,,1.1,15,,,,"TMxCm91ndAnfOpD6M/XyoAyhNi1lNXRsuRZ0KUomQx0=","7b09tKNMSr/wOeeCXM11rXP6e8wTwK5T0tBo3Wt2uFY=",
"94976645-1e84-4351-8d69-b45236e64df3","PUUM_040.basePlot.vst","2018-07-02","vst_PUUM_2018","D20","PUUM","PUUM_040",,"NEON.PLA.D20.PUUM.00154","ok","small tree","Live",4.4,130,6.2,,,,,,,,,,,,,"TMxCm91ndAnfOpD6M/XyoAyhNi1lNXRsuRZ0KUomQx0=","7b09tKNMSr/wOeeCXM11rXP6e8wTwK5T0tBo3Wt2uFY=",
"63cb7af8-b564-4873-a837-98f6b4a066f9","PUUM_040.basePlot.vst","2018-07-02","vst_PUUM_2018","D20","PUUM","PUUM_040",,"NEON.PLA.D20.PUUM.01177","ok","single bole tree","Live",20.9,180,0.5,,,,,,,,,,,,,"TMxCm91ndAnfOpD6M/XyoAyhNi1lNXRsuRZ0KUomQx0=","7b09tKNMSr/wOeeCXM11rXP6e8wTwK5T0tBo3Wt2uFY=",
"ca4de897-fd0d-46d1-9dfe-6ad270ce3cb3","PUUM_040.basePlot.vst","2018-07-02","vst_PUUM_2018","D20","PUUM","PUUM_040",,"NEON.PLA.D20.PUUM.00150","ok","small tree","Live",1.5,130,1.9,,,,,,,,,,,,,"TMxCm91ndAnfOpD6M/XyoAyhNi1lNXRsuRZ0KUomQx0=","7b09tKNMSr/wOeeCXM11rXP6e8wTwK5T0tBo3Wt2uFY=",
"3041a9f8-b9cb-4de2-8e69-d6f4b2db1da3","PUUM_040.basePlot.vst","2018-07-02","vst_PUUM_2018","D20","PUUM","PUUM_040",,"NEON.PLA.D20.PUUM.00129","ok","small tree","Live",1.7,130,2.9,,,,,,,,,,,,,"TMxCm91ndAnfOpD6M/XyoAyhNi1lNXRsuRZ0KUomQx0=","7b09tKNMSr/wOeeCXM11rXP6e8wTwK5T0tBo3Wt2uFY=",
"8369184c-d5a4-4f5f-bbe8-acb36010a034","PUUM_040.basePlot.vst","2018-07-02","vst_PUUM_2018","D20","PUUM","PUUM_040",,"NEON.PLA.D20.PUUM.01174","ok","single bole tree","Live",27.4,160,1.2,,,,,,,,,,,,,"TMxCm91ndAnfOpD6M/XyoAyhNi1lNXRsuRZ0KUomQx0=","7b09tKNMSr/wOeeCXM11rXP6e8wTwK5T0tBo3Wt2uFY=",
"6e2aa599-4a42-4cb7-899b-c13d439feec1","PUUM_040.basePlot.vst","2018-07-02","vst_PUUM_2018","D20","PUUM","PUUM_040",,"NEON.PLA.D20.PUUM.00153","ok","small tree","Live, physically damaged",1.2,130,1.4,,,,,,,,,,,,,"TMxCm91ndAnfOpD6M/XyoAyhNi1lNXRsuRZ0KUomQx0=","7b09tKNMSr/wOeeCXM11rXP6e8wTwK5T0tBo3Wt2uFY=",
"796c12ee-fb70-4350-aff2-e9e4ebd7055d","PUUM_040.basePlot.vst","2018-07-02","vst_PUUM_2018","D20","PUUM","PUUM_040",,"NEON.PLA.D20.PUUM.01182","ok","single bole tree","Live",15.2,130,13.5,,,,,,,,,,,,,"TMxCm91ndAnfOpD6M/XyoAyhNi1lNXRsuRZ0KUomQx0=","7b09tKNMSr/wOeeCXM11rXP6e8wTwK5T0tBo3Wt2uFY=",
"def33504-2deb-4b8d-a492-5967ff40ee94","PUUM_040.basePlot.vst","2018-07-02","vst_PUUM_2018","D20","PUUM","PUUM_040",,"NEON.PLA.D20.PUUM.00138","ok","small tree","Standing dead",1.6,130,2.8,,,,,,,,,,,,,"TMxCm91ndAnfOpD6M/XyoAyhNi1lNXRsuRZ0KUomQx0=","7b09tKNMSr/wOeeCXM11rXP6e8wTwK5T0tBo3Wt2uFY=",
"0c6eee2f-447b-4fa5-a8d2-ae71d23eb5ba","PUUM_040.basePlot.vst","2018-07-02","vst_PUUM_2018","D20","PUUM","PUUM_040",,"NEON.PLA.D20.PUUM.01173","ok","multi-bole tree","Live, physically damaged",10.3,130,8.0,,,,,,,,,,,,"Burrows in bole","TMxCm91ndAnfOpD6M/XyoAyhNi1lNXRsuRZ0KUomQx0=","7b09tKNMSr/wOeeCXM11rXP6e8wTwK5T0tBo3Wt2uFY=",
"82416321-6bd0-455a-85ec-2ea87290456a","PUUM_040.basePlot.vst","2018-07-02","vst_PUUM_2018","D20","PUUM","PUUM_040",,"NEON.PLA.D20.PUUM.00147","ok","small tree","Live",6.1,130,6.0,,,,,,,,,,,,,"TMxCm91ndAnfOpD6M/XyoAyhNi1lNXRsuRZ0KUomQx0=","7b09tKNMSr/wOeeCXM11rXP6e8wTwK5T0tBo3Wt2uFY=",
"850e73c8-3e9e-4c69-81bc-f3ad674d1f10","PUUM_040.basePlot.vst","2018-07-02","vst_PUUM_2018","D20","PUUM","PUUM_040",,"NEON.PLA.D20.PUUM.00155","ok","small tree","Standing dead",1.0,130,2.0,,,,,,,,,,,,,"TMxCm91ndAnfOpD6M/XyoAyhNi1lNXRsuRZ0KUomQx0=","7b09tKNMSr/wOeeCXM11rXP6e8wTwK5T0tBo3Wt2uFY=",
"97e2c1d1-19c6-4ba6-b243-c96e0e5e832e","PUUM_040.basePlot.vst","2018-07-02","vst_PUUM_2018","D20","PUUM","PUUM_040",,"NEON.PLA.D20.PUUM.00994","ok","single bole tree","Live",47.3,130,23.6,,,,,,,,,,,,,"TMxCm91ndAnfOpD6M/XyoAyhNi1lNXRsuRZ0KUomQx0=","7b09tKNMSr/wOeeCXM11rXP6e8wTwK5T0tBo3Wt2uFY=",
"1f149e30-c2c4-442f-9d6d-fb180b6851bf","PUUM_040.basePlot.vst","2018-07-02","vst_PUUM_2018","D20","PUUM","PUUM_040",,"NEON.PLA.D20.PUUM.01185","ok","small tree","Live",1.6,130,0.5,,,,,,,,,,,,,"TMxCm91ndAnfOpD6M/XyoAyhNi1lNXRsuRZ0KUomQx0=","7b09tKNMSr/wOeeCXM11rXP6e8wTwK5T0tBo3Wt2uFY=",
"ad71d7a9-e861-4d6a-8195-0cd169154b96","PUUM_043.basePlot.vst","2018-07-03","vst_PUUM_2018","D20","PUUM","PUUM_043",,"NEON.PLA.D20.PUUM.01322","ok","small shrub","Live",,,0.1,,,,1.3,0.4,,"oblate half-sphere",1.7,10,,,,"rU9orPwrba2k9tQivxb94vMCbFauO3l0TxBSAlCjugw=","7b09tKNMSr/wOeeCXM11rXP6e8wTwK5T0tBo3Wt2uFY=",
"b0f127bb-b0b3-44b3-bb4f-64c5d7409588","PUUM_043.basePlot.vst","2018-07-03","vst_PUUM_2018","D20","PUUM","PUUM_043",,"NEON.PLA.D20.PUUM.01024A","ok","multi-bole tree","Live",11.0,120,7.9,,,,,,,,,,,,,"rU9orPwrba2k9tQivxb94vMCbFauO3l0TxBSAlCjugw=","7b09tKNMSr/wOeeCXM11rXP6e8wTwK5T0tBo3Wt2uFY=",
"25ebc511-b314-47c1-977f-3ffc7721edca","PUUM_043.basePlot.vst","2018-07-03","vst_PUUM_2018","D20","PUUM","PUUM_043",,"NEON.PLA.D20.PUUM.01019","ok","multi-bole tree","Live",12.1,110,3.7,,,,,,,,,,,,,"rU9orPwrba2k9tQivxb94vMCbFauO3l0TxBSAlCjugw=","7b09tKNMSr/wOeeCXM11rXP6e8wTwK5T0tBo3Wt2uFY=",
"082941ff-d74a-4564-873c-5660b62773c6","PUUM_043.basePlot.vst","2018-07-03","vst_PUUM_2018","D20","PUUM","PUUM_043",,"NEON.PLA.D20.PUUM.01042","ok","single bole tree","Live",12.6,140,4.1,,,,,,,,,,,,,"rU9orPwrba2k9tQivxb94vMCbFauO3l0TxBSAlCjugw=","7b09tKNMSr/wOeeCXM11rXP6e8wTwK5T0tBo3Wt2uFY=",
"a8ae9a14-4735-49fe-9c6a-648b7186355c","PUUM_043.basePlot.vst","2018-07-03","vst_PUUM_2018","D20","PUUM","PUUM_043",,"NEON.PLA.D20.PUUM.01030B","ok","multi-bole tree","Live",11.8,100,,,,,,,,,,,,,,"rU9orPwrba2k9tQivxb94vMCbFauO3l0TxBSAlCjugw=","7b09tKNMSr/wOeeCXM11rXP6e8wTwK5T0tBo3Wt2uFY=",
"23544ca3-50f1-4bc6-8ccc-09283759c071","PUUM_043.basePlot.vst","2018-07-03","vst_PUUM_2018","D20","PUUM","PUUM_043",,"NEON.PLA.D20.PUUM.01023","ok","single bole tree","Live",13.6,130,7.1,,,,,,,,,,,,,"rU9orPwrba2k9tQivxb94vMCbFauO3l0TxBSAlCjugw=","7b09tKNMSr/wOeeCXM11rXP6e8wTwK5T0tBo3Wt2uFY=",
"33b42e8f-8cd0-4490-86b0-7292a8c23d0f","PUUM_043.basePlot.vst","2018-07-03","vst_PUUM_2018","D20","PUUM","PUUM_043",,"NEON.PLA.D20.PUUM.01031A","ok","multi-bole tree","Live",8.3,130,6.3,,,,,,,,,,,,,"rU9orPwrba2k9tQivxb94vMCbFauO3l0TxBSAlCjugw=","7b09tKNMSr/wOeeCXM11rXP6e8wTwK5T0tBo3Wt2uFY=",
"838c19ee-32de-4986-bd35-a96481889d36","PUUM_043.basePlot.vst","2018-07-03","vst_PUUM_2018","D20","PUUM","PUUM_043",,"NEON.PLA.D20.PUUM.01036","ok","multi-bole tree","Live",18.5,110,4.9,,,,,,,,,,,,,"rU9orPwrba2k9tQivxb94vMCbFauO3l0TxBSAlCjugw=","7b09tKNMSr/wOeeCXM11rXP6e8wTwK5T0tBo3Wt2uFY=",
"faedbdc7-db91-47c0-8aae-7d8e59bc0ea9","PUUM_043.basePlot.vst","2018-07-03","vst_PUUM_2018","D20","PUUM","PUUM_043",,"NEON.PLA.D20.PUUM.01038","ok","single bole tree","Live",16.4,110,5.8,,,,,,,,,,,,,"rU9orPwrba2k9tQivxb94vMCbFauO3l0TxBSAlCjugw=","7b09tKNMSr/wOeeCXM11rXP6e8wTwK5T0tBo3Wt2uFY=",
"2e51ae5d-9097-439f-a0bd-a1c3489bc071","PUUM_043.basePlot.vst","2018-07-03","vst_PUUM_2018","D20","PUUM","PUUM_043",,"NEON.PLA.D20.PUUM.01029B","ok","multi-bole tree","Standing dead",5.2,130,6.1,,,,,,,,,,,,,"rU9orPwrba2k9tQivxb94vMCbFauO3l0TxBSAlCjugw=","7b09tKNMSr/wOeeCXM11rXP6e8wTwK5T0tBo3Wt2uFY=",
"8d113caa-3b28-4ac2-9c91-be3c3c6638e5","PUUM_043.basePlot.vst","2018-07-03","vst_PUUM_2018","D20","PUUM","PUUM_043",,"NEON.PLA.D20.PUUM.01022","ok","multi-bole tree","Live",14.7,130,7.2,,,,,,,,,,,,,"rU9orPwrba2k9tQivxb94vMCbFauO3l0TxBSAlCjugw=","7b09tKNMSr/wOeeCXM11rXP6e8wTwK5T0tBo3Wt2uFY=",
"1cea3499-2bc4-4c59-b33e-3484b4023919","PUUM_043.basePlot.vst","2018-07-03","vst_PUUM_2018","D20","PUUM","PUUM_043",,"NEON.PLA.D20.PUUM.01030A","ok","multi-bole tree","Live",14.5,100,,,,,,,,,,,,,,"rU9orPwrba2k9tQivxb94vMCbFauO3l0TxBSAlCjugw=","7b09tKNMSr/wOeeCXM11rXP6e8wTwK5T0tBo3Wt2uFY=",
"f7d4d75e-f27c-4974-937d-ef0638ae6582","PUUM_043.basePlot.vst","2018-07-03","vst_PUUM_2018","D20","PUUM","PUUM_043",,"NEON.PLA.D20.PUUM.01033","ok","single bole tree","Live",12.1,130,6.0,,,,,,,,,,,,,"rU9orPwrba2k9tQivxb94vMCbFauO3l0TxBSAlCjugw=","7b09tKNMSr/wOeeCXM11rXP6e8wTwK5T0tBo3Wt2uFY=",
"8b0ba1c2-2058-4419-8e24-72140f93ec6b","PUUM_043.basePlot.vst","2018-07-03","vst_PUUM_2018","D20","PUUM","PUUM_043",,"NEON.PLA.D20.PUUM.01029A","ok","multi-bole tree","Live",12.1,150,6.1,,,,,,,,,,,,,"rU9orPwrba2k9tQivxb94vMCbFauO3l0TxBSAlCjugw=","7b09tKNMSr/wOeeCXM11rXP6e8wTwK5T0tBo3Wt2uFY=",
"afe277d2-8806-48a9-ad34-122d6b0dae6e","PUUM_043.basePlot.vst","2018-07-03","vst_PUUM_2018","D20","PUUM","PUUM_043",,"NEON.PLA.D20.PUUM.01043","ok","small tree","Live",3.8,130,3.1,,,,,,,,,,,,,"rU9orPwrba2k9tQivxb94vMCbFauO3l0TxBSAlCjugw=","7b09tKNMSr/wOeeCXM11rXP6e8wTwK5T0tBo3Wt2uFY=",
"e07bead1-1f1f-45cf-96c9-0a3052303ecf","PUUM_043.basePlot.vst","2018-07-03","vst_PUUM_2018","D20","PUUM","PUUM_043",,"NEON.PLA.D20.PUUM.01034A","ok","multi-bole tree","Live",19.3,130,5.9,,,,,,,,,,,,,"rU9orPwrba2k9tQivxb94vMCbFauO3l0TxBSAlCjugw=","7b09tKNMSr/wOeeCXM11rXP6e8wTwK5T0tBo3Wt2uFY=",
"e5f106ec-c035-4be8-a12b-582b6e2e1b50","PUUM_043.basePlot.vst","2018-07-03","vst_PUUM_2018","D20","PUUM","PUUM_043",,"NEON.PLA.D20.PUUM.01026","ok","single bole tree","Live",15.0,130,6.7,,,,,,,,,,,,,"rU9orPwrba2k9tQivxb94vMCbFauO3l0TxBSAlCjugw=","7b09tKNMSr/wOeeCXM11rXP6e8wTwK5T0tBo3Wt2uFY=",
"25d0396f-6a9c-41e3-90b0-fcca78b0efd2","PUUM_043.basePlot.vst","2018-07-03","vst_PUUM_2018","D20","PUUM","PUUM_043",,"NEON.PLA.D20.PUUM.01041","ok","single bole tree","Live",11.4,130,8.0,,,,,,,,,,,,,"rU9orPwrba2k9tQivxb94vMCbFauO3l0TxBSAlCjugw=","7b09tKNMSr/wOeeCXM11rXP6e8wTwK5T0tBo3Wt2uFY=",
"b8438525-88be-4a66-b691-311a1f36589e","PUUM_043.basePlot.vst","2018-07-03","vst_PUUM_2018","D20","PUUM","PUUM_043",,"NEON.PLA.D20.PUUM.01032B","ok","multi-bole tree","Live",10.4,130,,,,,,,,,,,,,,"rU9orPwrba2k9tQivxb94vMCbFauO3l0TxBSAlCjugw=","7b09tKNMSr/wOeeCXM11rXP6e8wTwK5T0tBo3Wt2uFY=",
"e0fddd75-4ffa-4463-9ace-18faaeb69008","PUUM_043.basePlot.vst","2018-07-03","vst_PUUM_2018","D20","PUUM","PUUM_043",,"NEON.PLA.D20.PUUM.01036A","ok","multi-bole tree","Live",10.2,130,,,,,,,,,,,,,,"rU9orPwrba2k9tQivxb94vMCbFauO3l0TxBSAlCjugw=","7b09tKNMSr/wOeeCXM11rXP6e8wTwK5T0tBo3Wt2uFY=",
"fb1b0693-da4b-423a-9361-95eed9b480f4","PUUM_043.basePlot.vst","2018-07-03","vst_PUUM_2018","D20","PUUM","PUUM_043",,"NEON.PLA.D20.PUUM.01021","ok","multi-bole tree","Live",11.2,130,7.4,,,,,,,,,,,,,"rU9orPwrba2k9tQivxb94vMCbFauO3l0TxBSAlCjugw=","7b09tKNMSr/wOeeCXM11rXP6e8wTwK5T0tBo3Wt2uFY=",
"c4e15d52-a951-4745-9b26-722586eaa461","PUUM_043.basePlot.vst","2018-07-03","vst_PUUM_2018","D20","PUUM","PUUM_043",,"NEON.PLA.D20.PUUM.01045","ok","single shrub","Live, physically damaged",1.7,130,2.6,,,,2.9,2.8,,"oblate half-sphere",5.3,10,,,,"rU9orPwrba2k9tQivxb94vMCbFauO3l0TxBSAlCjugw=","7b09tKNMSr/wOeeCXM11rXP6e8wTwK5T0tBo3Wt2uFY=",
"2f98603a-43bc-4ed7-a8e3-6abab58239b9","PUUM_043.basePlot.vst","2018-07-03","vst_PUUM_2018","D20","PUUM","PUUM_043",,"NEON.PLA.D20.PUUM.01037A","ok","multi-bole tree","Live",9.2,130,6.5,,,,,,,,,,,,,"rU9orPwrba2k9tQivxb94vMCbFauO3l0TxBSAlCjugw=","7b09tKNMSr/wOeeCXM11rXP6e8wTwK5T0tBo3Wt2uFY=",
"c37461b2-1e4f-4a79-919b-8f8654b5cd10","PUUM_043.basePlot.vst","2018-07-03","vst_PUUM_2018","D20","PUUM","PUUM_043",,"NEON.PLA.D20.PUUM.01034","ok","multi-bole tree","Live",19.9,130,5.9,,,,,,,,,,,,,"rU9orPwrba2k9tQivxb94vMCbFauO3l0TxBSAlCjugw=","7b09tKNMSr/wOeeCXM11rXP6e8wTwK5T0tBo3Wt2uFY=",
"595550e8-b58d-4bc9-b7bb-6b12bc5c5997","PUUM_043.basePlot.vst","2018-07-03","vst_PUUM_2018","D20","PUUM","PUUM_043",,"NEON.PLA.D20.PUUM.01028A","ok","multi-bole tree","Live",6.7,130,7.6,,,,,,,,,,,,,"rU9orPwrba2k9tQivxb94vMCbFauO3l0TxBSAlCjugw=","7b09tKNMSr/wOeeCXM11rXP6e8wTwK5T0tBo3Wt2uFY=",
"5fd24ade-e8a3-434e-9992-5a49a419a4e2","PUUM_043.basePlot.vst","2018-07-03","vst_PUUM_2018","D20","PUUM","PUUM_043",,"NEON.PLA.D20.PUUM.01030","ok","multi-bole tree","Live",16.8,100,7.3,,,,,,,,,,,,,"rU9orPwrba2k9tQivxb94vMCbFauO3l0TxBSAlCjugw=","7b09tKNMSr/wOeeCXM11rXP6e8wTwK5T0tBo3Wt2uFY=",
"94f0690b-6853-4ae8-88aa-e3d03a951907","PUUM_043.basePlot.vst","2018-07-03","vst_PUUM_2018","D20","PUUM","PUUM_043",,"NEON.PLA.D20.PUUM.01024","ok","multi-bole tree","Live",17.3,130,7.9,,,,,,,,,,,,,"rU9orPwrba2k9tQivxb94vMCbFauO3l0TxBSAlCjugw=","7b09tKNMSr/wOeeCXM11rXP6e8wTwK5T0tBo3Wt2uFY=",
"9e491f27-877d-490d-98e7-a65927cd1c02","PUUM_043.basePlot.vst","2018-07-03","vst_PUUM_2018","D20","PUUM","PUUM_043",,"NEON.PLA.D20.PUUM.01037","ok","multi-bole tree","Live",14.6,130,6.4,,,,,,,,,,,,,"rU9orPwrba2k9tQivxb94vMCbFauO3l0TxBSAlCjugw=","7b09tKNMSr/wOeeCXM11rXP6e8wTwK5T0tBo3Wt2uFY=",
"2b804c17-240e-4412-bed3-497762a0eddb","PUUM_043.basePlot.vst","2018-07-03","vst_PUUM_2018","D20","PUUM","PUUM_043",,"NEON.PLA.D20.PUUM.01019A","ok","multi-bole tree","Live",7.5,150,3.7,,,,,,,,,,,,,"rU9orPwrba2k9tQivxb94vMCbFauO3l0TxBSAlCjugw=","7b09tKNMSr/wOeeCXM11rXP6e8wTwK5T0tBo3Wt2uFY=",
"d9bc2b83-5ed1-4e51-86da-dd858a90e57e","PUUM_043.basePlot.vst","2018-07-03","vst_PUUM_2018","D20","PUUM","PUUM_043",,"NEON.PLA.D20.PUUM.01031","ok","multi-bole tree","Live",11.0,130,6.2,,,,,,,,,,,,,"rU9orPwrba2k9tQivxb94vMCbFauO3l0TxBSAlCjugw=","7b09tKNMSr/wOeeCXM11rXP6e8wTwK5T0tBo3Wt2uFY=",
"258e322a-8ed1-492f-93af-5e0ddd073969","PUUM_043.basePlot.vst","2018-07-03","vst_PUUM_2018","D20","PUUM","PUUM_043",,"NEON.PLA.D20.PUUM.01040","ok","single bole tree","Live",10.3,125,5.1,,,,,,,,,,,,,"rU9orPwrba2k9tQivxb94vMCbFauO3l0TxBSAlCjugw=","7b09tKNMSr/wOeeCXM11rXP6e8wTwK5T0tBo3Wt2uFY=",
"d15c8a8d-1622-4059-ba0b-f1365955abbf","PUUM_043.basePlot.vst","2018-07-03","vst_PUUM_2018","D20","PUUM","PUUM_043",,"NEON.PLA.D20.PUUM.01025","ok","single bole tree","Live",11.7,130,6.4,,,,,,,,,,,,,"rU9orPwrba2k9tQivxb94vMCbFauO3l0TxBSAlCjugw=","7b09tKNMSr/wOeeCXM11rXP6e8wTwK5T0tBo3Wt2uFY=",
"8936feac-483e-4785-8df6-989d7f18f928","PUUM_043.basePlot.vst","2018-07-03","vst_PUUM_2018","D20","PUUM","PUUM_043",,"NEON.PLA.D20.PUUM.01032D","ok","multi-bole tree","Standing dead",5.8,130,,,,,,,,,,,,,,"rU9orPwrba2k9tQivxb94vMCbFauO3l0TxBSAlCjugw=","7b09tKNMSr/wOeeCXM11rXP6e8wTwK5T0tBo3Wt2uFY=",
"df12c45e-93b8-4865-a588-2d568017ff6c","PUUM_043.basePlot.vst","2018-07-03","vst_PUUM_2018","D20","PUUM","PUUM_043",,"NEON.PLA.D20.PUUM.01032C","ok","multi-bole tree","Live",10.3,130,,,,,,,,,,,,,,"rU9orPwrba2k9tQivxb94vMCbFauO3l0TxBSAlCjugw=","7b09tKNMSr/wOeeCXM11rXP6e8wTwK5T0tBo3Wt2uFY=",
"122488cf-2953-4917-93f3-bab310a3307a","PUUM_043.basePlot.vst","2018-07-03","vst_PUUM_2018","D20","PUUM","PUUM_043",,"NEON.PLA.D20.PUUM.01032","ok","multi-bole tree","Live",13.7,130,6.8,,,,,,,,,,,,,"rU9orPwrba2k9tQivxb94vMCbFauO3l0TxBSAlCjugw=","7b09tKNMSr/wOeeCXM11rXP6e8wTwK5T0tBo3Wt2uFY=",
"ed1bae9e-1d60-42cd-9216-29062fd2ffc8","PUUM_043.basePlot.vst","2018-07-03","vst_PUUM_2018","D20","PUUM","PUUM_043",,"NEON.PLA.D20.PUUM.01044","ok","small shrub","Live",,,0.8,,,,0.8,0.4,,"oblate half-sphere",1.3,10,,,,"rU9orPwrba2k9tQivxb94vMCbFauO3l0TxBSAlCjugw=","7b09tKNMSr/wOeeCXM11rXP6e8wTwK5T0tBo3Wt2uFY=",
"42257cf7-0d82-4f5f-b357-399ecd51dbe3","PUUM_043.basePlot.vst","2018-07-03","vst_PUUM_2018","D20","PUUM","PUUM_043",,"NEON.PLA.D20.PUUM.01035","ok","multi-bole tree","Live",10.7,130,5.9,,,,,,,,,,,,,"rU9orPwrba2k9tQivxb94vMCbFauO3l0TxBSAlCjugw=","7b09tKNMSr/wOeeCXM11rXP6e8wTwK5T0tBo3Wt2uFY=",
"46008f5d-624d-4732-ae57-dbe87acb11b9","PUUM_043.basePlot.vst","2018-07-03","vst_PUUM_2018","D20","PUUM","PUUM_043",,"NEON.PLA.D20.PUUM.01046","ok","sapling","Live",,,0.8,,,,,,,,1.8,10,,,,"rU9orPwrba2k9tQivxb94vMCbFauO3l0TxBSAlCjugw=","7b09tKNMSr/wOeeCXM11rXP6e8wTwK5T0tBo3Wt2uFY=",
"88095e96-ec21-4347-96dc-bf4bdd030ec0","PUUM_043.basePlot.vst","2018-07-03","vst_PUUM_2018","D20","PUUM","PUUM_043",,"NEON.PLA.D20.PUUM.01039","ok","single bole tree","Live",12.4,130,5.5,,,,,,,,,,,,,"rU9orPwrba2k9tQivxb94vMCbFauO3l0TxBSAlCjugw=","7b09tKNMSr/wOeeCXM11rXP6e8wTwK5T0tBo3Wt2uFY=",
"7ecd8970-c583-4009-b1ad-476abf240377","PUUM_043.basePlot.vst","2018-07-03","vst_PUUM_2018","D20","PUUM","PUUM_043",,"NEON.PLA.D20.PUUM.01021B","ok","multi-bole tree","Live",7.2,130,7.4,,,,,,,,,,,,,"rU9orPwrba2k9tQivxb94vMCbFauO3l0TxBSAlCjugw=","7b09tKNMSr/wOeeCXM11rXP6e8wTwK5T0tBo3Wt2uFY=",
"06147b4e-1827-46e0-8846-cdafcc4d34f7","PUUM_043.basePlot.vst","2018-07-03","vst_PUUM_2018","D20","PUUM","PUUM_043",,"NEON.PLA.D20.PUUM.01020","ok","single bole tree","Live",13.3,130,7.4,,,,,,,,,,,,,"rU9orPwrba2k9tQivxb94vMCbFauO3l0TxBSAlCjugw=","7b09tKNMSr/wOeeCXM11rXP6e8wTwK5T0tBo3Wt2uFY=",
"4dd79cdc-b2f1-44ba-94b7-a5500d031529","PUUM_043.basePlot.vst","2018-07-03","vst_PUUM_2018","D20","PUUM","PUUM_043",,"NEON.PLA.D20.PUUM.01032A","ok","multi-bole tree","Live",8.8,130,,,,,,,,,,,,,,"rU9orPwrba2k9tQivxb94vMCbFauO3l0TxBSAlCjugw=","7b09tKNMSr/wOeeCXM11rXP6e8wTwK5T0tBo3Wt2uFY=",
"d0fd699d-0070-40e3-b18f-ff062d76d86a","PUUM_043.basePlot.vst","2018-07-03","vst_PUUM_2018","D20","PUUM","PUUM_043",,"NEON.PLA.D20.PUUM.01035A","ok","multi-bole tree","Live",9.0,130,,,,,,,,,,,,,,"rU9orPwrba2k9tQivxb94vMCbFauO3l0TxBSAlCjugw=","7b09tKNMSr/wOeeCXM11rXP6e8wTwK5T0tBo3Wt2uFY=",
"50997057-cfd8-42a3-a207-ee097d8b7b40","PUUM_043.basePlot.vst","2018-07-03","vst_PUUM_2018","D20","PUUM","PUUM_043",,"NEON.PLA.D20.PUUM.01022A","ok","multi-bole tree","Live, physically damaged",7.0,120,6.9,,,,,,,,,,,,,"rU9orPwrba2k9tQivxb94vMCbFauO3l0TxBSAlCjugw=","7b09tKNMSr/wOeeCXM11rXP6e8wTwK5T0tBo3Wt2uFY=",
"69fa8042-c7ef-443a-84b8-7638ae9093c6","PUUM_043.basePlot.vst","2018-07-03","vst_PUUM_2018","D20","PUUM","PUUM_043",,"NEON.PLA.D20.PUUM.01028","ok","multi-bole tree","Live",14.9,130,7.6,,,,,,,,,,,,,"rU9orPwrba2k9tQivxb94vMCbFauO3l0TxBSAlCjugw=","7b09tKNMSr/wOeeCXM11rXP6e8wTwK5T0tBo3Wt2uFY=",
"5ab23949-163f-4311-90f1-d015ab977943","PUUM_043.basePlot.vst","2018-07-03","vst_PUUM_2018","D20","PUUM","PUUM_043",,"NEON.PLA.D20.PUUM.01027","ok","single bole tree","Live",18.0,130,8.6,,,,,,,,,,,,,"rU9orPwrba2k9tQivxb94vMCbFauO3l0TxBSAlCjugw=","7b09tKNMSr/wOeeCXM11rXP6e8wTwK5T0tBo3Wt2uFY=",
"0a903904-78b9-422f-a316-a94e17566809","PUUM_043.basePlot.vst","2018-07-03","vst_PUUM_2018","D20","PUUM","PUUM_043",,"NEON.PLA.D20.PUUM.01047","ok","sapling","Live",,,1.3,,,,,,,,1.3,10,,,,"rU9orPwrba2k9tQivxb94vMCbFauO3l0TxBSAlCjugw=","7b09tKNMSr/wOeeCXM11rXP6e8wTwK5T0tBo3Wt2uFY=",
"80e031f7-bc80-4a7c-a94d-3506c095205f","PUUM_043.basePlot.vst","2018-07-03","vst_PUUM_2018","D20","PUUM","PUUM_043",,"NEON.PLA.D20.PUUM.01024B","ok","multi-bole tree","Live",5.9,130,8.3,,,,,,,,,,,,,"rU9orPwrba2k9tQivxb94vMCbFauO3l0TxBSAlCjugw=","7b09tKNMSr/wOeeCXM11rXP6e8wTwK5T0tBo3Wt2uFY=",
"6976943d-7928-445b-a329-a2ff795bac30","PUUM_043.basePlot.vst","2018-07-03","vst_PUUM_2018","D20","PUUM","PUUM_043",,"NEON.PLA.D20.PUUM.01021A","ok","multi-bole tree","Live",11.0,130,7.4,,,,,,,,,,,,,"rU9orPwrba2k9tQivxb94vMCbFauO3l0TxBSAlCjugw=","7b09tKNMSr/wOeeCXM11rXP6e8wTwK5T0tBo3Wt2uFY=",
"88c1983f-321a-402e-8bcb-6a0bc72355df","PUUM_043.basePlot.vst","2018-07-03","vst_PUUM_2018","D20","PUUM","PUUM_043",,"NEON.PLA.D20.PUUM.01029","ok","multi-bole tree","Live, physically damaged",15.4,150,6.1,,,,,,,,,,,,,"rU9orPwrba2k9tQivxb94vMCbFauO3l0TxBSAlCjugw=","7b09tKNMSr/wOeeCXM11rXP6e8wTwK5T0tBo3Wt2uFY=",
"4942a2f7-01ab-42e6-ba4e-578bb3e07641","PUUM_037.basePlot.vst","2018-07-05","vst_PUUM_2018","D20","PUUM","PUUM_037",,"NEON.PLA.D20.PUUM.01336","ok","single bole tree","Standing dead",19.8,130,9.2,,,,,,,,,,,,,"T+PBpFGEtzlBTPAlO04Zc0fAMPhuORWv4Zdy90mvmEg=","rU9orPwrba2k9tQivxb94vMCbFauO3l0TxBSAlCjugw=",
"43fc5a41-2c76-4b4b-b552-5d157f7b5295","PUUM_037.basePlot.vst","2018-07-05","vst_PUUM_2018","D20","PUUM","PUUM_037",,"NEON.PLA.D20.PUUM.01344","ok","single bole tree","Live",11.8,130,9.9,,,,,,,,,,,,,"T+PBpFGEtzlBTPAlO04Zc0fAMPhuORWv4Zdy90mvmEg=","rU9orPwrba2k9tQivxb94vMCbFauO3l0TxBSAlCjugw=",
"70084346-2776-4080-a57d-1e62041f20e0","PUUM_037.basePlot.vst","2018-07-05","vst_PUUM_2018","D20","PUUM","PUUM_037",,"NEON.PLA.D20.PUUM.01332","ok","single bole tree","Live",11.1,130,8.8,,,,,,,,,,,,,"T+PBpFGEtzlBTPAlO04Zc0fAMPhuORWv4Zdy90mvmEg=","rU9orPwrba2k9tQivxb94vMCbFauO3l0TxBSAlCjugw=",
"14552151-9b02-4118-a1c1-cdf10b4c39ab","PUUM_037.basePlot.vst","2018-07-05","vst_PUUM_2018","D20","PUUM","PUUM_037",,"NEON.PLA.D20.PUUM.01347","ok","single bole tree","Live",33.5,130,12.5,,,,,,,,,,,,,"T+PBpFGEtzlBTPAlO04Zc0fAMPhuORWv4Zdy90mvmEg=","rU9orPwrba2k9tQivxb94vMCbFauO3l0TxBSAlCjugw=",
"ac515969-0521-492e-a358-4471476c5e43","PUUM_037.basePlot.vst","2018-07-05","vst_PUUM_2018","D20","PUUM","PUUM_037",,"NEON.PLA.D20.PUUM.01325","ok","multi-bole tree","Live",19.8,160,11.8,,,,,,,,,,,,,"T+PBpFGEtzlBTPAlO04Zc0fAMPhuORWv4Zdy90mvmEg=","rU9orPwrba2k9tQivxb94vMCbFauO3l0TxBSAlCjugw=",
"ce1af131-ff4c-4f93-930b-4432562a4d6e","PUUM_037.basePlot.vst","2018-07-05","vst_PUUM_2018","D20","PUUM","PUUM_037",,"NEON.PLA.D20.PUUM.01346","ok","single bole tree","Live",24.0,130,14.1,,,,,,,,,,,,,"T+PBpFGEtzlBTPAlO04Zc0fAMPhuORWv4Zdy90mvmEg=","rU9orPwrba2k9tQivxb94vMCbFauO3l0TxBSAlCjugw=",
"cda6c0c0-00b0-4ebb-b84f-8f18098eda53","PUUM_037.basePlot.vst","2018-07-05","vst_PUUM_2018","D20","PUUM","PUUM_037",,"NEON.PLA.D20.PUUM.01196","ok","single bole tree","Live",11.1,130,8.9,,,,,,,,,,,,,"T+PBpFGEtzlBTPAlO04Zc0fAMPhuORWv4Zdy90mvmEg=","rU9orPwrba2k9tQivxb94vMCbFauO3l0TxBSAlCjugw=",
"a32fd29c-cd65-4be4-9412-d7b1423486ed","PUUM_037.basePlot.vst","2018-07-05","vst_PUUM_2018","D20","PUUM","PUUM_037",,"NEON.PLA.D20.PUUM.01199A","ok","multi-bole tree","Live",12.1,130,11.2,,,,,,,,,,,,,"T+PBpFGEtzlBTPAlO04Zc0fAMPhuORWv4Zdy90mvmEg=","rU9orPwrba2k9tQivxb94vMCbFauO3l0TxBSAlCjugw=",
"f12fa45c-29ab-4e01-b899-0e47731176dd","PUUM_037.basePlot.vst","2018-07-05","vst_PUUM_2018","D20","PUUM","PUUM_037",,"NEON.PLA.D20.PUUM.01352B","ok","multi-bole tree","Live",10.4,130,15.1,,,,,,,,,,,,,"T+PBpFGEtzlBTPAlO04Zc0fAMPhuORWv4Zdy90mvmEg=","rU9orPwrba2k9tQivxb94vMCbFauO3l0TxBSAlCjugw=",
"24fd61f0-423d-437d-a1ef-ba95e75d13b7","PUUM_037.basePlot.vst","2018-07-05","vst_PUUM_2018","D20","PUUM","PUUM_037",,"NEON.PLA.D20.PUUM.01335","ok","single bole tree","Live",48.1,150,14.2,,,,,,,,,,,,,"T+PBpFGEtzlBTPAlO04Zc0fAMPhuORWv4Zdy90mvmEg=","rU9orPwrba2k9tQivxb94vMCbFauO3l0TxBSAlCjugw=",
"af99397f-9a5b-42ea-acd3-112b8871aa5f","PUUM_037.basePlot.vst","2018-07-05","vst_PUUM_2018","D20","PUUM","PUUM_037",,"NEON.PLA.D20.PUUM.01194","ok","single bole tree","Live",16.8,120,12.6,,,,,,,,,,,,,"T+PBpFGEtzlBTPAlO04Zc0fAMPhuORWv4Zdy90mvmEg=","rU9orPwrba2k9tQivxb94vMCbFauO3l0TxBSAlCjugw=",
"e6ddcdf4-1ec6-4c02-8455-820e2c7a1da5","PUUM_037.basePlot.vst","2018-07-05","vst_PUUM_2018","D20","PUUM","PUUM_037",,"NEON.PLA.D20.PUUM.01337A","ok","multi-bole tree","Standing dead",11.6,130,11.3,,,,,,,,,,,,,"T+PBpFGEtzlBTPAlO04Zc0fAMPhuORWv4Zdy90mvmEg=","rU9orPwrba2k9tQivxb94vMCbFauO3l0TxBSAlCjugw=",
"73869165-7c1b-4fe1-acbc-51d748e42768","PUUM_037.basePlot.vst","2018-07-05","vst_PUUM_2018","D20","PUUM","PUUM_037",,"NEON.PLA.D20.PUUM.01337","ok","multi-bole tree","Standing dead",17.6,145,11.3,,,,,,,,,,,,,"T+PBpFGEtzlBTPAlO04Zc0fAMPhuORWv4Zdy90mvmEg=","rU9orPwrba2k9tQivxb94vMCbFauO3l0TxBSAlCjugw=",
"0ef0bdb2-400e-46ea-a6e9-56cdc05b1a9a","PUUM_037.basePlot.vst","2018-07-05","vst_PUUM_2018","D20","PUUM","PUUM_037",,"NEON.PLA.D20.PUUM.01198","ok","single bole tree","Live",13.5,130,11.6,,,,,,,,,,,,,"T+PBpFGEtzlBTPAlO04Zc0fAMPhuORWv4Zdy90mvmEg=","rU9orPwrba2k9tQivxb94vMCbFauO3l0TxBSAlCjugw=",
"97da208d-5163-41fa-91fc-073bb11995aa","PUUM_037.basePlot.vst","2018-07-05","vst_PUUM_2018","D20","PUUM","PUUM_037",,"NEON.PLA.D20.PUUM.01193","ok","single bole tree","Live",17.2,130,12.8,,,,,,,,,,,,,"T+PBpFGEtzlBTPAlO04Zc0fAMPhuORWv4Zdy90mvmEg=","rU9orPwrba2k9tQivxb94vMCbFauO3l0TxBSAlCjugw=",
"d96c028f-cb18-46d2-acd4-e2ca96b8a58e","PUUM_037.basePlot.vst","2018-07-05","vst_PUUM_2018","D20","PUUM","PUUM_037",,"NEON.PLA.D20.PUUM.01195","ok","single bole tree","Live",23.7,130,14.3,,,,,,,,,,,,,"T+PBpFGEtzlBTPAlO04Zc0fAMPhuORWv4Zdy90mvmEg=","rU9orPwrba2k9tQivxb94vMCbFauO3l0TxBSAlCjugw=",
"34d77934-ef94-498d-ae65-0c8f61addb00","PUUM_037.basePlot.vst","2018-07-05","vst_PUUM_2018","D20","PUUM","PUUM_037",,"NEON.PLA.D20.PUUM.01339A","ok","multi-bole tree","Standing dead",8.2,110,9.3,,,,,,,,,,,,,"T+PBpFGEtzlBTPAlO04Zc0fAMPhuORWv4Zdy90mvmEg=","rU9orPwrba2k9tQivxb94vMCbFauO3l0TxBSAlCjugw=",
"11981bbb-dc88-4746-aa1e-61eeef05d1b1","PUUM_037.basePlot.vst","2018-07-05","vst_PUUM_2018","D20","PUUM","PUUM_037",,"NEON.PLA.D20.PUUM.01348","ok","single bole tree","Live",21.5,130,15.0,,,,,,,,,,,,,"T+PBpFGEtzlBTPAlO04Zc0fAMPhuORWv4Zdy90mvmEg=","rU9orPwrba2k9tQivxb94vMCbFauO3l0TxBSAlCjugw=",
"168b48ff-d6e9-4284-9bff-6fc8b58a60ed","PUUM_037.basePlot.vst","2018-07-05","vst_PUUM_2018","D20","PUUM","PUUM_037",,"NEON.PLA.D20.PUUM.01343","ok","multi-bole tree","Live",16.2,130,12.0,,,,,,,,,,,,,"T+PBpFGEtzlBTPAlO04Zc0fAMPhuORWv4Zdy90mvmEg=","rU9orPwrba2k9tQivxb94vMCbFauO3l0TxBSAlCjugw=",
"92e40761-b7ac-4a75-8691-efa0c2f449fc","PUUM_037.basePlot.vst","2018-07-05","vst_PUUM_2018","D20","PUUM","PUUM_037",,"NEON.PLA.D20.PUUM.01338","ok","single bole tree","Live",17.8,130,14.9,,,,,,,,,,,,,"T+PBpFGEtzlBTPAlO04Zc0fAMPhuORWv4Zdy90mvmEg=","rU9orPwrba2k9tQivxb94vMCbFauO3l0TxBSAlCjugw=",
"159e65de-0f42-40ee-965a-e51bfca78ac4","PUUM_037.basePlot.vst","2018-07-05","vst_PUUM_2018","D20","PUUM","PUUM_037",,"NEON.PLA.D20.PUUM.01199","ok","multi-bole tree","Live",13.3,130,11.2,,,,,,,,,,,,,"T+PBpFGEtzlBTPAlO04Zc0fAMPhuORWv4Zdy90mvmEg=","rU9orPwrba2k9tQivxb94vMCbFauO3l0TxBSAlCjugw=",
"1ec65230-cfa1-4c43-9536-6c71c7db1a87","PUUM_037.basePlot.vst","2018-07-05","vst_PUUM_2018","D20","PUUM","PUUM_037",,"NEON.PLA.D20.PUUM.01340","ok","single bole tree","Live",12.4,120,9.8,,,,,,,,,,,,,"T+PBpFGEtzlBTPAlO04Zc0fAMPhuORWv4Zdy90mvmEg=","rU9orPwrba2k9tQivxb94vMCbFauO3l0TxBSAlCjugw=",
"91748e18-e08f-4e20-a639-0c3e524ecb10","PUUM_037.basePlot.vst","2018-07-05","vst_PUUM_2018","D20","PUUM","PUUM_037",,"NEON.PLA.D20.PUUM.01324","ok","single bole tree","Live",21.1,130,13.6,,,,,,,,,,,,,"T+PBpFGEtzlBTPAlO04Zc0fAMPhuORWv4Zdy90mvmEg=","rU9orPwrba2k9tQivxb94vMCbFauO3l0TxBSAlCjugw=",
"f70d662a-42c0-407c-bf37-78ccb956fc56","PUUM_037.basePlot.vst","2018-07-05","vst_PUUM_2018","D20","PUUM","PUUM_037",,"NEON.PLA.D20.PUUM.01341","ok","single bole tree","Live",13.5,130,12.2,,,,,,,,,,,,,"T+PBpFGEtzlBTPAlO04Zc0fAMPhuORWv4Zdy90mvmEg=","rU9orPwrba2k9tQivxb94vMCbFauO3l0TxBSAlCjugw=",
"696c3804-8379-4572-a531-309f09fdcabe","PUUM_037.basePlot.vst","2018-07-05","vst_PUUM_2018","D20","PUUM","PUUM_037",,"NEON.PLA.D20.PUUM.01325A","ok","multi-bole tree","Live",10.7,160,11.8,,,,,,,,,,,,,"T+PBpFGEtzlBTPAlO04Zc0fAMPhuORWv4Zdy90mvmEg=","rU9orPwrba2k9tQivxb94vMCbFauO3l0TxBSAlCjugw=",
"6b4f596c-fbd9-4b62-998e-dd0a5264ab41","PUUM_037.basePlot.vst","2018-07-05","vst_PUUM_2018","D20","PUUM","PUUM_037",,"NEON.PLA.D20.PUUM.01339","ok","multi-bole tree","Live",12.4,180,9.3,,,,,,,,,,,,,"T+PBpFGEtzlBTPAlO04Zc0fAMPhuORWv4Zdy90mvmEg=","rU9orPwrba2k9tQivxb94vMCbFauO3l0TxBSAlCjugw=",
"bea26e55-63e8-4150-b2ff-0d8a0f0427fe","PUUM_037.basePlot.vst","2018-07-05","vst_PUUM_2018","D20","PUUM","PUUM_037",,"NEON.PLA.D20.PUUM.01342","ok","single bole tree","Live",20.8,130,13.0,,,,,,,,,,,,,"T+PBpFGEtzlBTPAlO04Zc0fAMPhuORWv4Zdy90mvmEg=","rU9orPwrba2k9tQivxb94vMCbFauO3l0TxBSAlCjugw=",
"246a1445-6fc5-41fc-9bd9-6f22195fccea","PUUM_037.basePlot.vst","2018-07-05","vst_PUUM_2018","D20","PUUM","PUUM_037",,"NEON.PLA.D20.PUUM.01343B","ok","multi-bole tree","Live",14.5,130,12.0,,,,,,,,,,,,,"T+PBpFGEtzlBTPAlO04Zc0fAMPhuORWv4Zdy90mvmEg=","rU9orPwrba2k9tQivxb94vMCbFauO3l0TxBSAlCjugw=",
"0e03d659-e67e-4534-b062-f934e1b7142b","PUUM_037.basePlot.vst","2018-07-05","vst_PUUM_2018","D20","PUUM","PUUM_037",,"NEON.PLA.D20.PUUM.01197","ok","single bole tree","Live",12.2,130,10.3,,,,,,,,,,,,,"T+PBpFGEtzlBTPAlO04Zc0fAMPhuORWv4Zdy90mvmEg=","rU9orPwrba2k9tQivxb94vMCbFauO3l0TxBSAlCjugw=",
"36014c6b-db56-44d5-abc0-939b306273d0","PUUM_037.basePlot.vst","2018-07-05","vst_PUUM_2018","D20","PUUM","PUUM_037",,"NEON.PLA.D20.PUUM.01345","ok","single bole tree","Live",10.2,130,7.9,,,,,,,,,,,,,"T+PBpFGEtzlBTPAlO04Zc0fAMPhuORWv4Zdy90mvmEg=","rU9orPwrba2k9tQivxb94vMCbFauO3l0TxBSAlCjugw=",
"7facf3e9-cd04-434e-87de-051c1b007fbd","PUUM_037.basePlot.vst","2018-07-05","vst_PUUM_2018","D20","PUUM","PUUM_037",,"NEON.PLA.D20.PUUM.01352A","ok","multi-bole tree","Live",13.5,130,15.1,,,,,,,,,,,,,"T+PBpFGEtzlBTPAlO04Zc0fAMPhuORWv4Zdy90mvmEg=","rU9orPwrba2k9tQivxb94vMCbFauO3l0TxBSAlCjugw=",
"c8e09223-faf0-45a4-b80b-30ff24d79d10","PUUM_037.basePlot.vst","2018-07-05","vst_PUUM_2018","D20","PUUM","PUUM_037",,"NEON.PLA.D20.PUUM.01329","ok","single bole tree","Standing dead",10.9,130,5.5,,,,,,,,,,,,,"T+PBpFGEtzlBTPAlO04Zc0fAMPhuORWv4Zdy90mvmEg=","rU9orPwrba2k9tQivxb94vMCbFauO3l0TxBSAlCjugw=",
"566bdf6e-c385-47ab-b45e-978a7c3c443f","PUUM_037.basePlot.vst","2018-07-05","vst_PUUM_2018","D20","PUUM","PUUM_037",,"NEON.PLA.D20.PUUM.01327","ok","single bole tree","Live",13.5,130,10.4,,,,,,,,,,,,,"T+PBpFGEtzlBTPAlO04Zc0fAMPhuORWv4Zdy90mvmEg=","rU9orPwrba2k9tQivxb94vMCbFauO3l0TxBSAlCjugw=",
"0b50bb43-f326-419f-8a86-6b885e840fbc","PUUM_037.basePlot.vst","2018-07-05","vst_PUUM_2018","D20","PUUM","PUUM_037",,"NEON.PLA.D20.PUUM.01349","ok","single bole tree","Live",31.2,130,13.6,,,,,,,,,,,,,"T+PBpFGEtzlBTPAlO04Zc0fAMPhuORWv4Zdy90mvmEg=","rU9orPwrba2k9tQivxb94vMCbFauO3l0TxBSAlCjugw=",
"692294e5-0210-4639-8a12-283a544b1db0","PUUM_037.basePlot.vst","2018-07-05","vst_PUUM_2018","D20","PUUM","PUUM_037",,"NEON.PLA.D20.PUUM.01350","ok","small tree","Live",21.2,130,12.2,,,,,,,,,,,,,"T+PBpFGEtzlBTPAlO04Zc0fAMPhuORWv4Zdy90mvmEg=","rU9orPwrba2k9tQivxb94vMCbFauO3l0TxBSAlCjugw=",
"08dc1144-4015-4e23-810e-d9b67e175f9b","PUUM_037.basePlot.vst","2018-07-05","vst_PUUM_2018","D20","PUUM","PUUM_037",,"NEON.PLA.D20.PUUM.01330","ok","single bole tree","Live",18.8,130,12.7,,,,,,,,,,,,,"T+PBpFGEtzlBTPAlO04Zc0fAMPhuORWv4Zdy90mvmEg=","rU9orPwrba2k9tQivxb94vMCbFauO3l0TxBSAlCjugw=",
"c958ac2e-2cdf-435c-a042-61ff5be4d854","PUUM_037.basePlot.vst","2018-07-05","vst_PUUM_2018","D20","PUUM","PUUM_037",,"NEON.PLA.D20.PUUM.01328","ok","single bole tree","Live",13.1,130,11.3,,,,,,,,,,,,,"T+PBpFGEtzlBTPAlO04Zc0fAMPhuORWv4Zdy90mvmEg=","rU9orPwrba2k9tQivxb94vMCbFauO3l0TxBSAlCjugw=",
"1eb27ebc-2943-4c9c-9beb-c1b2af984ae8","PUUM_037.basePlot.vst","2018-07-05","vst_PUUM_2018","D20","PUUM","PUUM_037",,"NEON.PLA.D20.PUUM.01334","ok","single bole tree","Live",22.3,130,14.5,,,,,,,,,,,,,"T+PBpFGEtzlBTPAlO04Zc0fAMPhuORWv4Zdy90mvmEg=","rU9orPwrba2k9tQivxb94vMCbFauO3l0TxBSAlCjugw=",
"fc6d4485-76f5-4f0e-8983-8e313bc261cf","PUUM_037.basePlot.vst","2018-07-05","vst_PUUM_2018","D20","PUUM","PUUM_037",,"NEON.PLA.D20.PUUM.01326A","ok","multi-bole tree","Live",17.8,130,12.6,,,,,,,,,,,,,"T+PBpFGEtzlBTPAlO04Zc0fAMPhuORWv4Zdy90mvmEg=","rU9orPwrba2k9tQivxb94vMCbFauO3l0TxBSAlCjugw=",
"bfd90436-dc77-47c0-9451-5571f90da196","PUUM_037.basePlot.vst","2018-07-05","vst_PUUM_2018","D20","PUUM","PUUM_037",,"NEON.PLA.D20.PUUM.01343A","ok","multi-bole tree","Live",14.2,130,12.0,,,,,,,,,,,,,"T+PBpFGEtzlBTPAlO04Zc0fAMPhuORWv4Zdy90mvmEg=","rU9orPwrba2k9tQivxb94vMCbFauO3l0TxBSAlCjugw=",
"a41cea64-3c82-4eb6-80f5-fc5925b195b8","PUUM_037.basePlot.vst","2018-07-05","vst_PUUM_2018","D20","PUUM","PUUM_037",,"NEON.PLA.D20.PUUM.01351","ok","single bole tree","Live",24.3,130,14.0,,,,,,,,,,,,,"T+PBpFGEtzlBTPAlO04Zc0fAMPhuORWv4Zdy90mvmEg=","rU9orPwrba2k9tQivxb94vMCbFauO3l0TxBSAlCjugw=",
"1de532da-6be8-4d40-b068-37115c015a98","PUUM_037.basePlot.vst","2018-07-05","vst_PUUM_2018","D20","PUUM","PUUM_037",,"NEON.PLA.D20.PUUM.01326B","ok","multi-bole tree","Standing dead",7.3,130,12.6,,,,,,,,,,,,,"T+PBpFGEtzlBTPAlO04Zc0fAMPhuORWv4Zdy90mvmEg=","rU9orPwrba2k9tQivxb94vMCbFauO3l0TxBSAlCjugw=",
"0145089c-be96-4c48-8b06-845af74656f8","PUUM_037.basePlot.vst","2018-07-05","vst_PUUM_2018","D20","PUUM","PUUM_037",,"NEON.PLA.D20.PUUM.01352","ok","multi-bole tree","Live",21.5,120,15.1,,,,,,,,,,,,,"T+PBpFGEtzlBTPAlO04Zc0fAMPhuORWv4Zdy90mvmEg=","rU9orPwrba2k9tQivxb94vMCbFauO3l0TxBSAlCjugw=",
"982724a3-cc1e-45a1-a58d-09145c598d63","PUUM_037.basePlot.vst","2018-07-05","vst_PUUM_2018","D20","PUUM","PUUM_037",,"NEON.PLA.D20.PUUM.01333","ok","single bole tree","Live",11.3,130,10.4,,,,,,,,,,,,,"T+PBpFGEtzlBTPAlO04Zc0fAMPhuORWv4Zdy90mvmEg=","rU9orPwrba2k9tQivxb94vMCbFauO3l0TxBSAlCjugw=",
"e0d35018-65cf-48b6-afb3-9eb6ff00350a","PUUM_037.basePlot.vst","2018-07-05","vst_PUUM_2018","D20","PUUM","PUUM_037",,"NEON.PLA.D20.PUUM.01331","ok","single bole tree","Live",18.8,130,13.1,,,,,,,,,,,,,"T+PBpFGEtzlBTPAlO04Zc0fAMPhuORWv4Zdy90mvmEg=","rU9orPwrba2k9tQivxb94vMCbFauO3l0TxBSAlCjugw=",
"bade282b-3f7b-4500-b07c-3fe2b1eb5df6","PUUM_037.basePlot.vst","2018-07-05","vst_PUUM_2018","D20","PUUM","PUUM_037",,"NEON.PLA.D20.PUUM.01352C","ok","multi-bole tree","Live",10.0,130,15.1,,,,,,,,,,,,,"T+PBpFGEtzlBTPAlO04Zc0fAMPhuORWv4Zdy90mvmEg=","rU9orPwrba2k9tQivxb94vMCbFauO3l0TxBSAlCjugw=",
"74b6470f-2752-4cbd-9f8b-512dc218b8b8","PUUM_037.basePlot.vst","2018-07-05","vst_PUUM_2018","D20","PUUM","PUUM_037",,"NEON.PLA.D20.PUUM.01323","ok","single bole tree","Live",19.9,130,12.6,,,,,,,,,,,,,"T+PBpFGEtzlBTPAlO04Zc0fAMPhuORWv4Zdy90mvmEg=","rU9orPwrba2k9tQivxb94vMCbFauO3l0TxBSAlCjugw=",
"3d434add-9b22-459c-900f-04209a7d6440","PUUM_037.basePlot.vst","2018-07-05","vst_PUUM_2018","D20","PUUM","PUUM_037",,"NEON.PLA.D20.PUUM.01326","ok","multi-bole tree","Live",20.9,150,12.6,,,,,,,,,,,,,"T+PBpFGEtzlBTPAlO04Zc0fAMPhuORWv4Zdy90mvmEg=","rU9orPwrba2k9tQivxb94vMCbFauO3l0TxBSAlCjugw=",
"dd4dad06-67e1-4aab-850b-07412f488745","PUUM_037.basePlot.vst","2018-07-05","vst_PUUM_2018","D20","PUUM","PUUM_037",,"NEON.PLA.D20.PUUM.01339B","ok","multi-bole tree","Standing dead",11.7,130,9.3,,,,,,,,,,,,,"T+PBpFGEtzlBTPAlO04Zc0fAMPhuORWv4Zdy90mvmEg=","rU9orPwrba2k9tQivxb94vMCbFauO3l0TxBSAlCjugw=",
"992580ee-47c0-427d-8202-f9b775cb7f17","PUUM_037.basePlot.vst","2018-07-05","vst_PUUM_2018","D20","PUUM","PUUM_037",,"NEON.PLA.D20.PUUM.01337C","ok","multi-bole tree","Standing dead",8.6,130,11.3,,,,,,,,,,,,,"T+PBpFGEtzlBTPAlO04Zc0fAMPhuORWv4Zdy90mvmEg=","rU9orPwrba2k9tQivxb94vMCbFauO3l0TxBSAlCjugw=",
"ae99cab1-0402-4190-be2d-67e8a7c8746b","PUUM_037.basePlot.vst","2018-07-05","vst_PUUM_2018","D20","PUUM","PUUM_037",,"NEON.PLA.D20.PUUM.01337B","ok","multi-bole tree","Standing dead",15.7,130,11.3,,,,,,,,,,,,,"T+PBpFGEtzlBTPAlO04Zc0fAMPhuORWv4Zdy90mvmEg=","rU9orPwrba2k9tQivxb94vMCbFauO3l0TxBSAlCjugw=",
"a6000640-bbaf-4a96-bdcb-94dcdd657426","PUUM_037.basePlot.vst","2018-07-06","vst_PUUM_2018","D20","PUUM","PUUM_037",,"NEON.PLA.D20.PUUM.01064","ok","sapling","Live",,,1.3,,,,,,,,5.0,10,,,,"T+PBpFGEtzlBTPAlO04Zc0fAMPhuORWv4Zdy90mvmEg=","dYTcvIvHVKJPhi9zgjcxbq0b/YwwN6jNt8Rx2TIt4DE=",
"983b084e-6e10-4894-a3be-f58ea084d36b","PUUM_037.basePlot.vst","2018-07-06","vst_PUUM_2018","D20","PUUM","PUUM_037",,"NEON.PLA.D20.PUUM.01052","ok","small tree","Live",3.0,130,4.3,,,,,,,,,,,,,"T+PBpFGEtzlBTPAlO04Zc0fAMPhuORWv4Zdy90mvmEg=","dYTcvIvHVKJPhi9zgjcxbq0b/YwwN6jNt8Rx2TIt4DE=",
"577ff4c3-6c6e-43a3-930b-c89251575e84","PUUM_047.basePlot.vst","2018-07-06","vst_PUUM_2018","D20","PUUM","PUUM_047",,"NEON.PLA.D20.PUUM.00207","ok","small tree","Live",2.0,130,3.2,,,,,,,,,,,,,"dYTcvIvHVKJPhi9zgjcxbq0b/YwwN6jNt8Rx2TIt4DE=","dYTcvIvHVKJPhi9zgjcxbq0b/YwwN6jNt8Rx2TIt4DE=",
"5375ad56-849e-4a00-b84a-65292f1a76e0","PUUM_037.basePlot.vst","2018-07-06","vst_PUUM_2018","D20","PUUM","PUUM_037",,"NEON.PLA.D20.PUUM.01063","ok","sapling","Live",,,2.1,,,,,,,,1.9,10,,,,"T+PBpFGEtzlBTPAlO04Zc0fAMPhuORWv4Zdy90mvmEg=","dYTcvIvHVKJPhi9zgjcxbq0b/YwwN6jNt8Rx2TIt4DE=",
"5c6564f6-4e29-444e-97dc-5c244497c05b","PUUM_037.basePlot.vst","2018-07-06","vst_PUUM_2018","D20","PUUM","PUUM_037",,"NEON.PLA.D20.PUUM.01060","ok","small tree","Live",2.1,130,1.5,,,,,,,,,,,,,"T+PBpFGEtzlBTPAlO04Zc0fAMPhuORWv4Zdy90mvmEg=","dYTcvIvHVKJPhi9zgjcxbq0b/YwwN6jNt8Rx2TIt4DE=",
"5975b2d9-cf38-4f43-9fc6-6450a00faef7","PUUM_037.basePlot.vst","2018-07-06","vst_PUUM_2018","D20","PUUM","PUUM_037",,"NEON.PLA.D20.PUUM.01053","ok","sapling","Live",,,0.3,,,,,,,,6.9,10,,,,"T+PBpFGEtzlBTPAlO04Zc0fAMPhuORWv4Zdy90mvmEg=","dYTcvIvHVKJPhi9zgjcxbq0b/YwwN6jNt8Rx2TIt4DE=",
"194a7bd6-77ee-4e3a-990f-171246bdcae6","PUUM_037.basePlot.vst","2018-07-06","vst_PUUM_2018","D20","PUUM","PUUM_037",,"NEON.PLA.D20.PUUM.01056","ok","small tree","Live",5.4,130,5.0,,,,,,,,,,,,,"T+PBpFGEtzlBTPAlO04Zc0fAMPhuORWv4Zdy90mvmEg=","dYTcvIvHVKJPhi9zgjcxbq0b/YwwN6jNt8Rx2TIt4DE=",
"cd5d1d94-bfbe-4c06-8afb-86907cb2bfb5","PUUM_047.basePlot.vst","2018-07-06","vst_PUUM_2018","D20","PUUM","PUUM_047",,"NEON.PLA.D20.PUUM.00188","ok","small shrub","Live",,,1.3,,,,0.3,0.3,,"cylinder",1.1,10,,,,"dYTcvIvHVKJPhi9zgjcxbq0b/YwwN6jNt8Rx2TIt4DE=","dYTcvIvHVKJPhi9zgjcxbq0b/YwwN6jNt8Rx2TIt4DE=",
"f1e81bb2-fa04-47cb-846b-c4a830e97f39","PUUM_037.basePlot.vst","2018-07-06","vst_PUUM_2018","D20","PUUM","PUUM_037",,"NEON.PLA.D20.PUUM.01066","ok","small tree","Live",2.8,130,2.3,,,,,,,,,,,,,"T+PBpFGEtzlBTPAlO04Zc0fAMPhuORWv4Zdy90mvmEg=","dYTcvIvHVKJPhi9zgjcxbq0b/YwwN6jNt8Rx2TIt4DE=",
"86b8b0b9-97dd-4e97-9f14-446ce94e2d6b","PUUM_047.basePlot.vst","2018-07-06","vst_PUUM_2018","D20","PUUM","PUUM_047",,"NEON.PLA.D20.PUUM.00199","ok","small tree","Live",1.0,130,1.7,,,,,,,,,,,,,"dYTcvIvHVKJPhi9zgjcxbq0b/YwwN6jNt8Rx2TIt4DE=","dYTcvIvHVKJPhi9zgjcxbq0b/YwwN6jNt8Rx2TIt4DE=",
"a72c9f34-b580-4c15-869e-5f9d2bd5abde","PUUM_037.basePlot.vst","2018-07-06","vst_PUUM_2018","D20","PUUM","PUUM_037",,"NEON.PLA.D20.PUUM.01059","ok","single shrub","Live",1.7,130,2.7,,,,3.0,1.5,,"half-sphere",5.6,10,,,,"T+PBpFGEtzlBTPAlO04Zc0fAMPhuORWv4Zdy90mvmEg=","dYTcvIvHVKJPhi9zgjcxbq0b/YwwN6jNt8Rx2TIt4DE=",
"3d0cfa2e-335f-4f5a-862f-eb22173e0225","PUUM_037.basePlot.vst","2018-07-06","vst_PUUM_2018","D20","PUUM","PUUM_037",,"NEON.PLA.D20.PUUM.01055","ok","sapling","Live",,,1.6,,,,,,,,1.8,10,,,,"T+PBpFGEtzlBTPAlO04Zc0fAMPhuORWv4Zdy90mvmEg=","dYTcvIvHVKJPhi9zgjcxbq0b/YwwN6jNt8Rx2TIt4DE=",
"6383b849-34a1-4d59-b5d9-a161784dbe5f","PUUM_047.basePlot.vst","2018-07-06","vst_PUUM_2018","D20","PUUM","PUUM_047",,"NEON.PLA.D20.PUUM.00205","ok","single shrub","Live",1.3,130,2.8,,,,0.8,0.7,,"oblate half-sphere",2.5,10,,,,"dYTcvIvHVKJPhi9zgjcxbq0b/YwwN6jNt8Rx2TIt4DE=","dYTcvIvHVKJPhi9zgjcxbq0b/YwwN6jNt8Rx2TIt4DE=",
"d8005d7b-5ace-4b33-85fa-feaef6f1dbe0","PUUM_037.basePlot.vst","2018-07-06","vst_PUUM_2018","D20","PUUM","PUUM_037",,"NEON.PLA.D20.PUUM.01048","ok","small tree","Live",1.4,130,2.7,,,,,,,,,,,,,"T+PBpFGEtzlBTPAlO04Zc0fAMPhuORWv4Zdy90mvmEg=","dYTcvIvHVKJPhi9zgjcxbq0b/YwwN6jNt8Rx2TIt4DE=",
"6447acfa-db43-47ee-9e18-f2269e0d84ac","PUUM_047.basePlot.vst","2018-07-06","vst_PUUM_2018","D20","PUUM","PUUM_047",,"NEON.PLA.D20.PUUM.01354","ok","small shrub","Live",,,1.7,,,,0.5,0.1,,"oblate half-sphere",1.5,10,,,,"dYTcvIvHVKJPhi9zgjcxbq0b/YwwN6jNt8Rx2TIt4DE=","dYTcvIvHVKJPhi9zgjcxbq0b/YwwN6jNt8Rx2TIt4DE=",
"7343d00e-e533-4eab-8407-984463595962","PUUM_047.basePlot.vst","2018-07-06","vst_PUUM_2018","D20","PUUM","PUUM_047",,"NEON.PLA.D20.PUUM.00209","ok","small tree","Live",3.4,130,5.2,,,,,,,,,,,,,"dYTcvIvHVKJPhi9zgjcxbq0b/YwwN6jNt8Rx2TIt4DE=","dYTcvIvHVKJPhi9zgjcxbq0b/YwwN6jNt8Rx2TIt4DE=",
"842d152d-18da-4b34-a456-6afd591c479b","PUUM_047.basePlot.vst","2018-07-06","vst_PUUM_2018","D20","PUUM","PUUM_047",,"NEON.PLA.D20.PUUM.00191","ok","small shrub","Live",,,2.7,0.5,,,1.2,0.4,,"ellipsoid or sphere",1.0,10,,,,"dYTcvIvHVKJPhi9zgjcxbq0b/YwwN6jNt8Rx2TIt4DE=","dYTcvIvHVKJPhi9zgjcxbq0b/YwwN6jNt8Rx2TIt4DE=",
"13c8b597-abbc-423e-a606-109b0a7b1eb5","PUUM_047.basePlot.vst","2018-07-06","vst_PUUM_2018","D20","PUUM","PUUM_047",,"NEON.PLA.D20.PUUM.00208","ok","small tree","Live",3.5,130,4.5,,,,,,,,,,,,,"dYTcvIvHVKJPhi9zgjcxbq0b/YwwN6jNt8Rx2TIt4DE=","dYTcvIvHVKJPhi9zgjcxbq0b/YwwN6jNt8Rx2TIt4DE=",
"f8ef0ed7-c97c-4f9a-bbd8-0881415a972c","PUUM_037.basePlot.vst","2018-07-06","vst_PUUM_2018","D20","PUUM","PUUM_037",,"NEON.PLA.D20.PUUM.01049","ok","small tree","Live",3.6,130,3.3,,,,,,,,,,,,,"T+PBpFGEtzlBTPAlO04Zc0fAMPhuORWv4Zdy90mvmEg=","dYTcvIvHVKJPhi9zgjcxbq0b/YwwN6jNt8Rx2TIt4DE=",
"dd384b37-786b-41de-89b3-385ddf1b4c90","PUUM_047.basePlot.vst","2018-07-06","vst_PUUM_2018","D20","PUUM","PUUM_047",,"NEON.PLA.D20.PUUM.00198","ok","sapling","Live",,,1.5,,,,,,,,1.5,10,,,,"dYTcvIvHVKJPhi9zgjcxbq0b/YwwN6jNt8Rx2TIt4DE=","dYTcvIvHVKJPhi9zgjcxbq0b/YwwN6jNt8Rx2TIt4DE=",
"3fd03f15-5dfd-4b7f-aa62-4204ca60cb3d","PUUM_037.basePlot.vst","2018-07-06","vst_PUUM_2018","D20","PUUM","PUUM_037",,"NEON.PLA.D20.PUUM.01050","ok","small tree","Live",1.3,130,2.0,,,,,,,,,,,,,"T+PBpFGEtzlBTPAlO04Zc0fAMPhuORWv4Zdy90mvmEg=","dYTcvIvHVKJPhi9zgjcxbq0b/YwwN6jNt8Rx2TIt4DE=",
"5dcc1b74-243e-4ecb-a292-65a3c5fa42cf","PUUM_047.basePlot.vst","2018-07-06","vst_PUUM_2018","D20","PUUM","PUUM_047",,"NEON.PLA.D20.PUUM.00206","ok","small tree","Live",1.2,130,2.7,,,,,,,,,,,,,"dYTcvIvHVKJPhi9zgjcxbq0b/YwwN6jNt8Rx2TIt4DE=","dYTcvIvHVKJPhi9zgjcxbq0b/YwwN6jNt8Rx2TIt4DE=",
"83b04ad8-2d2c-4999-a0fe-fcccfd8f4e29","PUUM_047.basePlot.vst","2018-07-06","vst_PUUM_2018","D20","PUUM","PUUM_047",,"NEON.PLA.D20.PUUM.00190","ok","small shrub","Live",,,1.3,,,,0.2,0.2,,"cylinder",1.1,10,,,,"dYTcvIvHVKJPhi9zgjcxbq0b/YwwN6jNt8Rx2TIt4DE=","dYTcvIvHVKJPhi9zgjcxbq0b/YwwN6jNt8Rx2TIt4DE=",
"1951814c-1ae4-4342-a247-f86aa97bd1a6","PUUM_037.basePlot.vst","2018-07-06","vst_PUUM_2018","D20","PUUM","PUUM_037",,"NEON.PLA.D20.PUUM.01052","ok","small tree","Live",2.8,130,4.3,,,,,,,,,,,,,"T+PBpFGEtzlBTPAlO04Zc0fAMPhuORWv4Zdy90mvmEg=","dYTcvIvHVKJPhi9zgjcxbq0b/YwwN6jNt8Rx2TIt4DE=",
"08332ea8-cb9c-4b66-bbd1-0288a10516b4","PUUM_037.basePlot.vst","2018-07-06","vst_PUUM_2018","D20","PUUM","PUUM_037",,"NEON.PLA.D20.PUUM.01054","ok","small tree","Live",1.6,130,2.9,,,,,,,,,,,,,"T+PBpFGEtzlBTPAlO04Zc0fAMPhuORWv4Zdy90mvmEg=","dYTcvIvHVKJPhi9zgjcxbq0b/YwwN6jNt8Rx2TIt4DE=",
"8968f21d-4292-4b71-aaa5-e85199154cce","PUUM_047.basePlot.vst","2018-07-06","vst_PUUM_2018","D20","PUUM","PUUM_047",,"NEON.PLA.D20.PUUM.00190","ok","small shrub","Live",,,1.3,,,,0.2,0.2,,"cylinder",1.0,10,,,,"dYTcvIvHVKJPhi9zgjcxbq0b/YwwN6jNt8Rx2TIt4DE=","dYTcvIvHVKJPhi9zgjcxbq0b/YwwN6jNt8Rx2TIt4DE=",
"77f33f74-a6ae-46f1-8c68-7bec5a0e4d9c","PUUM_037.basePlot.vst","2018-07-06","vst_PUUM_2018","D20","PUUM","PUUM_037",,"NEON.PLA.D20.PUUM.01062","ok","small tree","Live",7.1,130,6.5,,,,,,,,,,,,,"T+PBpFGEtzlBTPAlO04Zc0fAMPhuORWv4Zdy90mvmEg=","dYTcvIvHVKJPhi9zgjcxbq0b/YwwN6jNt8Rx2TIt4DE=",
"ea69f472-d6cf-4eed-baf6-31aa0cfa9a23","PUUM_047.basePlot.vst","2018-07-06","vst_PUUM_2018","D20","PUUM","PUUM_047",,"NEON.PLA.D20.PUUM.00211","ok","small tree","Live",1.3,130,2.7,,,,,,,,,,,,,"dYTcvIvHVKJPhi9zgjcxbq0b/YwwN6jNt8Rx2TIt4DE=","dYTcvIvHVKJPhi9zgjcxbq0b/YwwN6jNt8Rx2TIt4DE=",
"32d6bf51-d436-41ef-bf01-2867e118873f","PUUM_047.basePlot.vst","2018-07-06","vst_PUUM_2018","D20","PUUM","PUUM_047",,"NEON.PLA.D20.PUUM.00196","ok","small tree","Live",3.4,130,4.5,,,,,,,,,,,,,"dYTcvIvHVKJPhi9zgjcxbq0b/YwwN6jNt8Rx2TIt4DE=","dYTcvIvHVKJPhi9zgjcxbq0b/YwwN6jNt8Rx2TIt4DE=",
"8efdbd7a-ec6f-4b88-9c38-163b4aaadb51","PUUM_047.basePlot.vst","2018-07-06","vst_PUUM_2018","D20","PUUM","PUUM_047",,"NEON.PLA.D20.PUUM.00192","ok","small shrub","Live",,,2.4,,,,0.6,0.5,,"cylinder",1.4,10,,,,"dYTcvIvHVKJPhi9zgjcxbq0b/YwwN6jNt8Rx2TIt4DE=","dYTcvIvHVKJPhi9zgjcxbq0b/YwwN6jNt8Rx2TIt4DE=",
"173bec57-f098-4081-b072-91dbe0be6480","PUUM_037.basePlot.vst","2018-07-06","vst_PUUM_2018","D20","PUUM","PUUM_037",,"NEON.PLA.D20.PUUM.01057","ok","sapling","Live",,,0.8,,,,,,,,2.1,10,,,,"T+PBpFGEtzlBTPAlO04Zc0fAMPhuORWv4Zdy90mvmEg=","dYTcvIvHVKJPhi9zgjcxbq0b/YwwN6jNt8Rx2TIt4DE=",
"23cd3b44-b753-4b91-a2a1-4662add03bbc","PUUM_037.basePlot.vst","2018-07-06","vst_PUUM_2018","D20","PUUM","PUUM_037",,"NEON.PLA.D20.PUUM.01067","ok","sapling","Dead, broken bole",,,1.3,,0.1,4.6,,,,,4.6,10,,,,"T+PBpFGEtzlBTPAlO04Zc0fAMPhuORWv4Zdy90mvmEg=","dYTcvIvHVKJPhi9zgjcxbq0b/YwwN6jNt8Rx2TIt4DE=",
"f94d9558-2a07-4da0-b9c6-2a4cb750b2db","PUUM_047.basePlot.vst","2018-07-06","vst_PUUM_2018","D20","PUUM","PUUM_047",,"NEON.PLA.D20.PUUM.00204","ok","small tree","Live",3.7,130,6.1,,,,,,,,,,,,,"dYTcvIvHVKJPhi9zgjcxbq0b/YwwN6jNt8Rx2TIt4DE=","dYTcvIvHVKJPhi9zgjcxbq0b/YwwN6jNt8Rx2TIt4DE=",
"847bfc8e-e13c-49ae-b394-74bfd7c17241","PUUM_037.basePlot.vst","2018-07-06","vst_PUUM_2018","D20","PUUM","PUUM_037",,"NEON.PLA.D20.PUUM.01056","ok","small tree","Live",2.8,130,5.0,,,,,,,,,,,,,"T+PBpFGEtzlBTPAlO04Zc0fAMPhuORWv4Zdy90mvmEg=","dYTcvIvHVKJPhi9zgjcxbq0b/YwwN6jNt8Rx2TIt4DE=",
"a059a7d3-f659-4db2-915f-ef534a95761e","PUUM_037.basePlot.vst","2018-07-06","vst_PUUM_2018","D20","PUUM","PUUM_037",,"NEON.PLA.D20.PUUM.01058","ok","small shrub","Live",,,1.6,,,,2.2,0.7,,"inverted cone",1.1,10,0.10,0.10,,"T+PBpFGEtzlBTPAlO04Zc0fAMPhuORWv4Zdy90mvmEg=","dYTcvIvHVKJPhi9zgjcxbq0b/YwwN6jNt8Rx2TIt4DE=",
"98a7ba02-2193-4b72-b8ad-c8d98e584c46","PUUM_037.basePlot.vst","2018-07-06","vst_PUUM_2018","D20","PUUM","PUUM_037",,"NEON.PLA.D20.PUUM.01051","ok","small tree","Live",2.3,130,2.2,,,,,,,,,,,,,"T+PBpFGEtzlBTPAlO04Zc0fAMPhuORWv4Zdy90mvmEg=","dYTcvIvHVKJPhi9zgjcxbq0b/YwwN6jNt8Rx2TIt4DE=",
"35114831-8e01-4efd-a7d6-0c8eb7fafc58","PUUM_047.basePlot.vst","2018-07-06","vst_PUUM_2018","D20","PUUM","PUUM_047",,"NEON.PLA.D20.PUUM.00194","ok","sapling","Live",,,2.3,,,,,,,,1.2,20,,,,"dYTcvIvHVKJPhi9zgjcxbq0b/YwwN6jNt8Rx2TIt4DE=","dYTcvIvHVKJPhi9zgjcxbq0b/YwwN6jNt8Rx2TIt4DE=",
"a49a8565-298a-4bb2-b5f4-b128165e056a","PUUM_047.basePlot.vst","2018-07-06","vst_PUUM_2018","D20","PUUM","PUUM_047",,"NEON.PLA.D20.PUUM.00193","ok","sapling","Live",,,0.8,,,,,,,,1.1,10,,,,"dYTcvIvHVKJPhi9zgjcxbq0b/YwwN6jNt8Rx2TIt4DE=","dYTcvIvHVKJPhi9zgjcxbq0b/YwwN6jNt8Rx2TIt4DE=",
"5e692b52-6b04-4edd-b8a0-dd837a3ce11f","PUUM_037.basePlot.vst","2018-07-06","vst_PUUM_2018","D20","PUUM","PUUM_037",,"NEON.PLA.D20.PUUM.01065","ok","small tree","Live",2.0,130,3.4,,,,,,,,,,,,,"T+PBpFGEtzlBTPAlO04Zc0fAMPhuORWv4Zdy90mvmEg=","dYTcvIvHVKJPhi9zgjcxbq0b/YwwN6jNt8Rx2TIt4DE=",
"f120b2ae-691b-4a80-9029-d21f59b757e3","PUUM_047.basePlot.vst","2018-07-06","vst_PUUM_2018","D20","PUUM","PUUM_047",,"NEON.PLA.D20.PUUM.00202","ok","small tree","Live",1.9,130,3.0,,,,,,,,,,,,,"dYTcvIvHVKJPhi9zgjcxbq0b/YwwN6jNt8Rx2TIt4DE=","dYTcvIvHVKJPhi9zgjcxbq0b/YwwN6jNt8Rx2TIt4DE=",
"a8c21519-9f98-4c26-a7a0-cc94c2416348","PUUM_047.basePlot.vst","2018-07-06","vst_PUUM_2018","D20","PUUM","PUUM_047",,"NEON.PLA.D20.PUUM.00197","ok","small tree","Live",4.1,130,4.6,,,,,,,,,,,,,"dYTcvIvHVKJPhi9zgjcxbq0b/YwwN6jNt8Rx2TIt4DE=","dYTcvIvHVKJPhi9zgjcxbq0b/YwwN6jNt8Rx2TIt4DE=",
"b0b7567b-3fe1-4728-b247-6f8b05c9706d","PUUM_037.basePlot.vst","2018-07-06","vst_PUUM_2018","D20","PUUM","PUUM_037",,"NEON.PLA.D20.PUUM.01061","ok","sapling","Live",,,1.8,,,,,,,,1.7,10,,,,"T+PBpFGEtzlBTPAlO04Zc0fAMPhuORWv4Zdy90mvmEg=","dYTcvIvHVKJPhi9zgjcxbq0b/YwwN6jNt8Rx2TIt4DE=",
"6aa6f70c-e085-447d-8faf-d7e43f615de2","PUUM_047.basePlot.vst","2018-07-06","vst_PUUM_2018","D20","PUUM","PUUM_047",,"NEON.PLA.D20.PUUM.00203","ok","small tree","Live",9.1,130,7.2,,,,,,,,,,,,,"dYTcvIvHVKJPhi9zgjcxbq0b/YwwN6jNt8Rx2TIt4DE=","dYTcvIvHVKJPhi9zgjcxbq0b/YwwN6jNt8Rx2TIt4DE=",
"ed89860d-f058-4f8b-8d70-5d13ceaa1dde","PUUM_047.basePlot.vst","2018-07-06","vst_PUUM_2018","D20","PUUM","PUUM_047",,"NEON.PLA.D20.PUUM.00208","ok","small tree","Live",2.5,130,4.5,,,,,,,,,,,,,"dYTcvIvHVKJPhi9zgjcxbq0b/YwwN6jNt8Rx2TIt4DE=","dYTcvIvHVKJPhi9zgjcxbq0b/YwwN6jNt8Rx2TIt4DE=",
"0b67393c-3de6-494c-a8ef-173c1dc49296","PUUM_044.basePlot.vst","2018-07-31","vst_PUUM_2018","D20","PUUM","PUUM_044",,"NEON.PLA.D20.PUUM.01379","ok","sapling","Live",,,2.4,,,,,,,,2.0,20,,,,"jWmRYp6330DMjUrdbTka8pQm26lT/m4FxwHxE+lph3I=","T+PBpFGEtzlBTPAlO04Zc0fAMPhuORWv4Zdy90mvmEg=",
"ffb86211-ea17-4323-b64e-2fbc1d9e044c","PUUM_044.basePlot.vst","2018-07-31","vst_PUUM_2018","D20","PUUM","PUUM_044",,"NEON.PLA.D20.PUUM.01226","ok","single bole tree","Live",37.2,130,10.5,,,,,,,,,,,,,"jWmRYp6330DMjUrdbTka8pQm26lT/m4FxwHxE+lph3I=","T+PBpFGEtzlBTPAlO04Zc0fAMPhuORWv4Zdy90mvmEg=",
"525fe191-48ea-4a9a-82ba-104b079f2d65","PUUM_044.basePlot.vst","2018-07-31","vst_PUUM_2018","D20","PUUM","PUUM_044",,"NEON.PLA.D20.PUUM.01213","ok","single bole tree","Live",19.8,130,14.5,,,,,,,,,,,,,"jWmRYp6330DMjUrdbTka8pQm26lT/m4FxwHxE+lph3I=","T+PBpFGEtzlBTPAlO04Zc0fAMPhuORWv4Zdy90mvmEg=",
"ecf2a1fc-c19b-459d-9c93-05dcbaf0733e","PUUM_044.basePlot.vst","2018-07-31","vst_PUUM_2018","D20","PUUM","PUUM_044",,"NEON.PLA.D20.PUUM.01361A","ok","multi-bole tree","Dead, broken bole",11.2,130,13.3,,0.1,,,,,,,,,,,"jWmRYp6330DMjUrdbTka8pQm26lT/m4FxwHxE+lph3I=","T+PBpFGEtzlBTPAlO04Zc0fAMPhuORWv4Zdy90mvmEg=",
"eee1fdbb-da4e-488f-81be-3c1e166b2ecd","PUUM_044.basePlot.vst","2018-07-31","vst_PUUM_2018","D20","PUUM","PUUM_044",,"NEON.PLA.D20.PUUM.01391","ok","small shrub","Live",,,1.5,0.7,,,0.8,0.6,,"ellipsoid or sphere",1.0,10,,,,"jWmRYp6330DMjUrdbTka8pQm26lT/m4FxwHxE+lph3I=","T+PBpFGEtzlBTPAlO04Zc0fAMPhuORWv4Zdy90mvmEg=",
"e2ab27a9-0121-4c1d-bd57-b1c55f5ae353","PUUM_044.basePlot.vst","2018-07-31","vst_PUUM_2018","D20","PUUM","PUUM_044",,"NEON.PLA.D20.PUUM.01389","ok","small shrub","Live",,,1.4,0.7,,,0.6,0.3,,"ellipsoid or sphere",1.2,10,,,,"jWmRYp6330DMjUrdbTka8pQm26lT/m4FxwHxE+lph3I=","T+PBpFGEtzlBTPAlO04Zc0fAMPhuORWv4Zdy90mvmEg=",
"c7209c4a-1b84-451f-bd9f-e669c45c3bbb","PUUM_044.basePlot.vst","2018-07-31","vst_PUUM_2018","D20","PUUM","PUUM_044",,"NEON.PLA.D20.PUUM.01225","ok","multi-bole tree","Live",13.5,130,6.9,,,,,,,,,,,,,"jWmRYp6330DMjUrdbTka8pQm26lT/m4FxwHxE+lph3I=","T+PBpFGEtzlBTPAlO04Zc0fAMPhuORWv4Zdy90mvmEg=",
"1338b078-37da-4705-8a35-e5d90fcd3876","PUUM_044.basePlot.vst","2018-07-31","vst_PUUM_2018","D20","PUUM","PUUM_044",,"NEON.PLA.D20.PUUM.01216A","ok","multi-bole tree","Live",5.7,130,8.5,,,,,,,,,,,,,"jWmRYp6330DMjUrdbTka8pQm26lT/m4FxwHxE+lph3I=","T+PBpFGEtzlBTPAlO04Zc0fAMPhuORWv4Zdy90mvmEg=",
"5000e014-410e-43f9-ba8a-213b879e3613","PUUM_044.basePlot.vst","2018-07-31","vst_PUUM_2018","D20","PUUM","PUUM_044",,"NEON.PLA.D20.PUUM.01378","ok","single shrub","Live",1.3,130,2.5,,,,1.0,0.5,,"cylinder",1.6,10,,,,"jWmRYp6330DMjUrdbTka8pQm26lT/m4FxwHxE+lph3I=","T+PBpFGEtzlBTPAlO04Zc0fAMPhuORWv4Zdy90mvmEg=",
"85ca5cb5-4107-44c2-ad8c-7434f9f5ce0c","PUUM_044.basePlot.vst","2018-07-31","vst_PUUM_2018","D20","PUUM","PUUM_044",,"NEON.PLA.D20.PUUM.01203","ok","single bole tree","Live",19.2,130,10.8,,,,,,,,,,,,,"jWmRYp6330DMjUrdbTka8pQm26lT/m4FxwHxE+lph3I=","T+PBpFGEtzlBTPAlO04Zc0fAMPhuORWv4Zdy90mvmEg=",
"0149a455-3688-40cd-93e3-533491550b00","PUUM_044.basePlot.vst","2018-07-31","vst_PUUM_2018","D20","PUUM","PUUM_044",,"NEON.PLA.D20.PUUM.01386","ok","small shrub","Live",,,1.7,0.5,,,1.0,0.9,,"ellipsoid or sphere",1.9,10,,,,"jWmRYp6330DMjUrdbTka8pQm26lT/m4FxwHxE+lph3I=","T+PBpFGEtzlBTPAlO04Zc0fAMPhuORWv4Zdy90mvmEg=",
"b5df4819-4e53-497f-9841-ebfbf5b9521c","PUUM_044.basePlot.vst","2018-07-31","vst_PUUM_2018","D20","PUUM","PUUM_044",,"NEON.PLA.D20.PUUM.01371","ok","single bole tree","Standing dead",29.6,130,18.4,,,,,,,,,,,,,"jWmRYp6330DMjUrdbTka8pQm26lT/m4FxwHxE+lph3I=","T+PBpFGEtzlBTPAlO04Zc0fAMPhuORWv4Zdy90mvmEg=",
"537273ab-a92d-4632-b3a3-b3c42cc27bdd","PUUM_044.basePlot.vst","2018-07-31","vst_PUUM_2018","D20","PUUM","PUUM_044",,"NEON.PLA.D20.PUUM.01204","ok","single bole tree","Live",18.4,130,10.9,,,,,,,,,,,,,"jWmRYp6330DMjUrdbTka8pQm26lT/m4FxwHxE+lph3I=","T+PBpFGEtzlBTPAlO04Zc0fAMPhuORWv4Zdy90mvmEg=",
"2cbfe993-2c4e-422c-8a2d-db8671b5ed14","PUUM_044.basePlot.vst","2018-07-31","vst_PUUM_2018","D20","PUUM","PUUM_044",,"NEON.PLA.D20.PUUM.01228","ok","single bole tree","Live",14.9,130,6.3,,,,,,,,,,,,,"jWmRYp6330DMjUrdbTka8pQm26lT/m4FxwHxE+lph3I=","T+PBpFGEtzlBTPAlO04Zc0fAMPhuORWv4Zdy90mvmEg=",
"1c2c41e6-6d4a-4419-9c73-673738e2459c","PUUM_044.basePlot.vst","2018-07-31","vst_PUUM_2018","D20","PUUM","PUUM_044",,"NEON.PLA.D20.PUUM.01218","ok","single bole tree","Live, physically damaged",16.2,130,10.3,,,,,,,,,,,,,"jWmRYp6330DMjUrdbTka8pQm26lT/m4FxwHxE+lph3I=","T+PBpFGEtzlBTPAlO04Zc0fAMPhuORWv4Zdy90mvmEg=",
"4f21c658-bb5f-45c1-9153-3a4603b17f06","PUUM_044.basePlot.vst","2018-07-31","vst_PUUM_2018","D20","PUUM","PUUM_044",,"NEON.PLA.D20.PUUM.01369","ok","single bole tree","Live, broken bole",12.0,130,7.2,,0.1,,,,,,,,,,,"jWmRYp6330DMjUrdbTka8pQm26lT/m4FxwHxE+lph3I=","T+PBpFGEtzlBTPAlO04Zc0fAMPhuORWv4Zdy90mvmEg=",
"c67afddb-7a7f-4811-8b70-1f3e4766e36d","PUUM_044.basePlot.vst","2018-07-31","vst_PUUM_2018","D20","PUUM","PUUM_044",,"NEON.PLA.D20.PUUM.01381","ok","sapling","Live",,,2.8,,,,,,,,1.6,10,,,,"jWmRYp6330DMjUrdbTka8pQm26lT/m4FxwHxE+lph3I=","T+PBpFGEtzlBTPAlO04Zc0fAMPhuORWv4Zdy90mvmEg=",
"50fe04f9-29f0-44f6-8f17-2751d8a0134b","PUUM_044.basePlot.vst","2018-07-31","vst_PUUM_2018","D20","PUUM","PUUM_044",,"NEON.PLA.D20.PUUM.00201","ok","single bole tree","Live",22.7,130,15.5,,,,,,,,,,,,,"jWmRYp6330DMjUrdbTka8pQm26lT/m4FxwHxE+lph3I=","T+PBpFGEtzlBTPAlO04Zc0fAMPhuORWv4Zdy90mvmEg=",
"60f8b8f7-72df-4a3e-936f-5f843af1f463","PUUM_044.basePlot.vst","2018-07-31","vst_PUUM_2018","D20","PUUM","PUUM_044",,"NEON.PLA.D20.PUUM.01373","ok","single bole tree","Live",19.3,130,13.4,,,,,,,,,,,,,"jWmRYp6330DMjUrdbTka8pQm26lT/m4FxwHxE+lph3I=","T+PBpFGEtzlBTPAlO04Zc0fAMPhuORWv4Zdy90mvmEg=",
"ebfa614c-8a1e-4efb-966c-6bb7e0830e9e","PUUM_044.basePlot.vst","2018-07-31","vst_PUUM_2018","D20","PUUM","PUUM_044",,"NEON.PLA.D20.PUUM.01223","ok","single bole tree","Live",26.9,130,11.9,,,,,,,,,,,,"Crushed beneath a collection of fallen things","jWmRYp6330DMjUrdbTka8pQm26lT/m4FxwHxE+lph3I=","T+PBpFGEtzlBTPAlO04Zc0fAMPhuORWv4Zdy90mvmEg=",
"ce9ee028-9d66-4b04-b442-3b971c2b8711","PUUM_044.basePlot.vst","2018-07-31","vst_PUUM_2018","D20","PUUM","PUUM_044",,"NEON.PLA.D20.PUUM.01377","ok","single shrub","Standing dead",1.6,130,2.1,,,,1.7,0.9,,"half-sphere",2.2,20,,,,"jWmRYp6330DMjUrdbTka8pQm26lT/m4FxwHxE+lph3I=","T+PBpFGEtzlBTPAlO04Zc0fAMPhuORWv4Zdy90mvmEg=",
"aab8442f-453f-4f80-9f72-c0237a78ecc0","PUUM_044.basePlot.vst","2018-07-31","vst_PUUM_2018","D20","PUUM","PUUM_044",,"NEON.PLA.D20.PUUM.01215","ok","single bole tree","Live, physically damaged",12.3,130,5.0,,,,,,,,,,,,"A inquisitive looking coprosma unsure of it's responsibilities","jWmRYp6330DMjUrdbTka8pQm26lT/m4FxwHxE+lph3I=","T+PBpFGEtzlBTPAlO04Zc0fAMPhuORWv4Zdy90mvmEg=",
"98a9e9e7-8841-41ef-a361-125d8fc1eb32","PUUM_044.basePlot.vst","2018-07-31","vst_PUUM_2018","D20","PUUM","PUUM_044",,"NEON.PLA.D20.PUUM.01227","ok","single bole tree","Live",30.5,130,1.4,,,,,,,,,,,,,"jWmRYp6330DMjUrdbTka8pQm26lT/m4FxwHxE+lph3I=","T+PBpFGEtzlBTPAlO04Zc0fAMPhuORWv4Zdy90mvmEg=",
"78d703f1-21c4-47aa-aef8-975dcb6ed3e3","PUUM_044.basePlot.vst","2018-07-31","vst_PUUM_2018","D20","PUUM","PUUM_044",,"NEON.PLA.D20.PUUM.01243","ok","small tree","Live",4.8,130,7.4,,,,,,,,,,,,,"jWmRYp6330DMjUrdbTka8pQm26lT/m4FxwHxE+lph3I=","T+PBpFGEtzlBTPAlO04Zc0fAMPhuORWv4Zdy90mvmEg=",
"4ceb7180-8e63-4ff8-ae04-b7b3135fc851","PUUM_044.basePlot.vst","2018-07-31","vst_PUUM_2018","D20","PUUM","PUUM_044",,"NEON.PLA.D20.PUUM.01233","ok","sapling","Live",,,0.6,,,,,,,,7.7,20,,,,"jWmRYp6330DMjUrdbTka8pQm26lT/m4FxwHxE+lph3I=","T+PBpFGEtzlBTPAlO04Zc0fAMPhuORWv4Zdy90mvmEg=",
"0ffe88d2-6da8-4961-8675-e9ea648111e7","PUUM_044.basePlot.vst","2018-07-31","vst_PUUM_2018","D20","PUUM","PUUM_044",,"NEON.PLA.D20.PUUM.01382","ok","small shrub","Live",,,1.2,,,,0.9,0.5,,"inverted cone",1.1,10,0.06,0.04,,"jWmRYp6330DMjUrdbTka8pQm26lT/m4FxwHxE+lph3I=","T+PBpFGEtzlBTPAlO04Zc0fAMPhuORWv4Zdy90mvmEg=",
"b4a22ddf-776a-464b-a03e-122abe602524","PUUM_044.basePlot.vst","2018-07-31","vst_PUUM_2018","D20","PUUM","PUUM_044",,"NEON.PLA.D20.PUUM.01229A","ok","multi-bole tree","Live",11.1,130,8.2,,,,,,,,,,,,,"jWmRYp6330DMjUrdbTka8pQm26lT/m4FxwHxE+lph3I=","T+PBpFGEtzlBTPAlO04Zc0fAMPhuORWv4Zdy90mvmEg=",
"b42386ab-75ce-4070-9bd2-9d39b6689c6d","PUUM_044.basePlot.vst","2018-07-31","vst_PUUM_2018","D20","PUUM","PUUM_044",,"NEON.PLA.D20.PUUM.01299","ok","small tree","Live",1.1,130,2.1,,,,,,,,,,,,,"jWmRYp6330DMjUrdbTka8pQm26lT/m4FxwHxE+lph3I=","T+PBpFGEtzlBTPAlO04Zc0fAMPhuORWv4Zdy90mvmEg=",
"c7ae3c91-64e8-41dd-9ee4-9a6591a953a5","PUUM_044.basePlot.vst","2018-07-31","vst_PUUM_2018","D20","PUUM","PUUM_044",,"NEON.PLA.D20.PUUM.01241","ok","small tree","Live",3.5,130,4.3,,,,,,,,,,,,,"jWmRYp6330DMjUrdbTka8pQm26lT/m4FxwHxE+lph3I=","T+PBpFGEtzlBTPAlO04Zc0fAMPhuORWv4Zdy90mvmEg=",
"86028ede-a180-409f-a4d8-2238c21190c9","PUUM_044.basePlot.vst","2018-07-31","vst_PUUM_2018","D20","PUUM","PUUM_044",,"NEON.PLA.D20.PUUM.00195","ok","single bole tree","Live",17.2,130,13.0,,,,,,,,,,,,,"jWmRYp6330DMjUrdbTka8pQm26lT/m4FxwHxE+lph3I=","T+PBpFGEtzlBTPAlO04Zc0fAMPhuORWv4Zdy90mvmEg=",
"10bbb06e-4734-475b-886b-4f54b2f2ec00","PUUM_044.basePlot.vst","2018-07-31","vst_PUUM_2018","D20","PUUM","PUUM_044",,"NEON.PLA.D20.PUUM.01390","ok","small tree","Live",3.7,130,4.9,,,,,,,,,,,,,"jWmRYp6330DMjUrdbTka8pQm26lT/m4FxwHxE+lph3I=","T+PBpFGEtzlBTPAlO04Zc0fAMPhuORWv4Zdy90mvmEg=",
"684d5054-07f4-4f3c-bca4-5f7b14b4ed3a","PUUM_044.basePlot.vst","2018-07-31","vst_PUUM_2018","D20","PUUM","PUUM_044",,"NEON.PLA.D20.PUUM.01224","ok","single bole tree","Live",20.7,130,13.4,,,,,,,,,,,,,"jWmRYp6330DMjUrdbTka8pQm26lT/m4FxwHxE+lph3I=","T+PBpFGEtzlBTPAlO04Zc0fAMPhuORWv4Zdy90mvmEg=",
"960227ae-92fc-458d-afcc-89058e207ea0","PUUM_044.basePlot.vst","2018-07-31","vst_PUUM_2018","D20","PUUM","PUUM_044",,"NEON.PLA.D20.PUUM.01229","ok","multi-bole tree","Live",13.0,130,8.2,,,,,,,,,,,,,"jWmRYp6330DMjUrdbTka8pQm26lT/m4FxwHxE+lph3I=","T+PBpFGEtzlBTPAlO04Zc0fAMPhuORWv4Zdy90mvmEg=",
"ebda900c-6d7f-4b61-9d32-618247a73a8a","PUUM_044.basePlot.vst","2018-07-31","vst_PUUM_2018","D20","PUUM","PUUM_044",,"NEON.PLA.D20.PUUM.01358","ok","single bole tree","Live",27.6,130,18.0,,,,,,,,,,,,,"jWmRYp6330DMjUrdbTka8pQm26lT/m4FxwHxE+lph3I=","T+PBpFGEtzlBTPAlO04Zc0fAMPhuORWv4Zdy90mvmEg=",
"d29c8b49-4f43-4734-b1ea-f9d333c9588f","PUUM_044.basePlot.vst","2018-07-31","vst_PUUM_2018","D20","PUUM","PUUM_044",,"NEON.PLA.D20.PUUM.01361","ok","multi-bole tree","Live",18.8,130,13.3,,,,,,,,,,,,,"jWmRYp6330DMjUrdbTka8pQm26lT/m4FxwHxE+lph3I=","T+PBpFGEtzlBTPAlO04Zc0fAMPhuORWv4Zdy90mvmEg=",
"cdde36cb-d6af-4ed0-a823-8dedfc89a36c","PUUM_044.basePlot.vst","2018-07-31","vst_PUUM_2018","D20","PUUM","PUUM_044",,"NEON.PLA.D20.PUUM.01232","ok","sapling","Live",,,1.0,,,,,,,,9.0,10,,,,"jWmRYp6330DMjUrdbTka8pQm26lT/m4FxwHxE+lph3I=","T+PBpFGEtzlBTPAlO04Zc0fAMPhuORWv4Zdy90mvmEg=",
"cbbd8143-b8ad-404a-bc10-b6e09e465d74","PUUM_044.basePlot.vst","2018-07-31","vst_PUUM_2018","D20","PUUM","PUUM_044",,"NEON.PLA.D20.PUUM.01359","ok","single bole tree","Live",50.3,140,15.0,,,,,,,,,,,,,"jWmRYp6330DMjUrdbTka8pQm26lT/m4FxwHxE+lph3I=","T+PBpFGEtzlBTPAlO04Zc0fAMPhuORWv4Zdy90mvmEg=",
"65a34cc3-5b68-473b-ab07-a19100f92c76","PUUM_044.basePlot.vst","2018-07-31","vst_PUUM_2018","D20","PUUM","PUUM_044",,"NEON.PLA.D20.PUUM.01365","ok","single bole tree","Live",29.5,130,17.2,,,,,,,,,,,,,"jWmRYp6330DMjUrdbTka8pQm26lT/m4FxwHxE+lph3I=","T+PBpFGEtzlBTPAlO04Zc0fAMPhuORWv4Zdy90mvmEg=",
"ed2abe4c-8cbe-4d4a-8e4c-c919209d9f17","PUUM_044.basePlot.vst","2018-07-31","vst_PUUM_2018","D20","PUUM","PUUM_044",,"NEON.PLA.D20.PUUM.01357","ok","single bole tree","Live",22.8,130,17.1,,,,,,,,,,,,,"jWmRYp6330DMjUrdbTka8pQm26lT/m4FxwHxE+lph3I=","T+PBpFGEtzlBTPAlO04Zc0fAMPhuORWv4Zdy90mvmEg=",
"a643179e-73d0-4003-9770-21c1016e19b5","PUUM_044.basePlot.vst","2018-07-31","vst_PUUM_2018","D20","PUUM","PUUM_044",,"NEON.PLA.D20.PUUM.01370","ok","single bole tree","Live",16.1,130,11.4,,,,,,,,,,,,,"jWmRYp6330DMjUrdbTka8pQm26lT/m4FxwHxE+lph3I=","T+PBpFGEtzlBTPAlO04Zc0fAMPhuORWv4Zdy90mvmEg=",
"42bf1497-04dc-460e-b793-f05b2229ae93","PUUM_044.basePlot.vst","2018-07-31","vst_PUUM_2018","D20","PUUM","PUUM_044",,"NEON.PLA.D20.PUUM.01366","ok","single bole tree","Live",20.3,130,17.0,,,,,,,,,,,,,"jWmRYp6330DMjUrdbTka8pQm26lT/m4FxwHxE+lph3I=","T+PBpFGEtzlBTPAlO04Zc0fAMPhuORWv4Zdy90mvmEg=",
"0ce38267-d6b4-4c94-abeb-a101aab39792","PUUM_044.basePlot.vst","2018-07-31","vst_PUUM_2018","D20","PUUM","PUUM_044",,"NEON.PLA.D20.PUUM.01384","ok","single shrub","Live",1.5,130,2.8,1.1,,,1.1,1.1,,"ellipsoid or sphere",2.6,10,,,,"jWmRYp6330DMjUrdbTka8pQm26lT/m4FxwHxE+lph3I=","T+PBpFGEtzlBTPAlO04Zc0fAMPhuORWv4Zdy90mvmEg=",
"d30a609c-4d30-4543-a83d-ade99e4faebd","PUUM_044.basePlot.vst","2018-07-31","vst_PUUM_2018","D20","PUUM","PUUM_044",,"NEON.PLA.D20.PUUM.01363","ok","single bole tree","Live",31.7,150,17.1,,,,,,,,,,,,,"jWmRYp6330DMjUrdbTka8pQm26lT/m4FxwHxE+lph3I=","T+PBpFGEtzlBTPAlO04Zc0fAMPhuORWv4Zdy90mvmEg=",
"4b9f6279-df7a-4363-98ce-b095757a47a5","PUUM_044.basePlot.vst","2018-07-31","vst_PUUM_2018","D20","PUUM","PUUM_044",,"NEON.PLA.D20.PUUM.01207","ok","single bole tree","Live",13.8,130,6.2,,,,,,,,,,,,,"jWmRYp6330DMjUrdbTka8pQm26lT/m4FxwHxE+lph3I=","T+PBpFGEtzlBTPAlO04Zc0fAMPhuORWv4Zdy90mvmEg=",
"f9135098-8adb-426f-9563-87e83f41e6c4","PUUM_044.basePlot.vst","2018-07-31","vst_PUUM_2018","D20","PUUM","PUUM_044",,"NEON.PLA.D20.PUUM.01217","ok","single bole tree","Standing dead",13.5,130,8.8,,,,,,,,,,,,,"jWmRYp6330DMjUrdbTka8pQm26lT/m4FxwHxE+lph3I=","T+PBpFGEtzlBTPAlO04Zc0fAMPhuORWv4Zdy90mvmEg=",
"763cb693-9225-424f-af63-f3aab4ad9e83","PUUM_044.basePlot.vst","2018-07-31","vst_PUUM_2018","D20","PUUM","PUUM_044",,"NEON.PLA.D20.PUUM.00200","ok","single bole tree","Live",10.0,130,9.9,,,,,,,,,,,,,"jWmRYp6330DMjUrdbTka8pQm26lT/m4FxwHxE+lph3I=","T+PBpFGEtzlBTPAlO04Zc0fAMPhuORWv4Zdy90mvmEg=",
"5f285af4-b168-4ab5-bd1a-ea71210ce066","PUUM_044.basePlot.vst","2018-07-31","vst_PUUM_2018","D20","PUUM","PUUM_044",,"NEON.PLA.D20.PUUM.01376","ok","small tree","Live",1.8,130,3.5,,,,,,,,,,,,,"jWmRYp6330DMjUrdbTka8pQm26lT/m4FxwHxE+lph3I=","T+PBpFGEtzlBTPAlO04Zc0fAMPhuORWv4Zdy90mvmEg=",
"997d7232-14e0-4914-a3e9-577e22b14aee","PUUM_044.basePlot.vst","2018-07-31","vst_PUUM_2018","D20","PUUM","PUUM_044",,"NEON.PLA.D20.PUUM.01220","ok","single bole tree","Live",17.1,130,12.1,,,,,,,,,,,,,"jWmRYp6330DMjUrdbTka8pQm26lT/m4FxwHxE+lph3I=","T+PBpFGEtzlBTPAlO04Zc0fAMPhuORWv4Zdy90mvmEg=",
"af57917d-ecf3-4bb1-87ac-a8e4e6e37602","PUUM_044.basePlot.vst","2018-07-31","vst_PUUM_2018","D20","PUUM","PUUM_044",,"NEON.PLA.D20.PUUM.01205","ok","single bole tree","Live",16.9,130,14.1,,,,,,,,,,,,,"jWmRYp6330DMjUrdbTka8pQm26lT/m4FxwHxE+lph3I=","T+PBpFGEtzlBTPAlO04Zc0fAMPhuORWv4Zdy90mvmEg=",
"22148757-d524-4790-b49b-69b5ef8df933","PUUM_044.basePlot.vst","2018-07-31","vst_PUUM_2018","D20","PUUM","PUUM_044",,"NEON.PLA.D20.PUUM.01298","ok","sapling","Live",,,1.2,,,,,,,,1.5,10,,,,"jWmRYp6330DMjUrdbTka8pQm26lT/m4FxwHxE+lph3I=","T+PBpFGEtzlBTPAlO04Zc0fAMPhuORWv4Zdy90mvmEg=",
"ca6408f5-199c-4245-828c-4db5b29cd310","PUUM_044.basePlot.vst","2018-07-31","vst_PUUM_2018","D20","PUUM","PUUM_044",,"NEON.PLA.D20.PUUM.01209","ok","single bole tree","Standing dead",58.0,130,18.8,,,,,,,,,,,,,"jWmRYp6330DMjUrdbTka8pQm26lT/m4FxwHxE+lph3I=","T+PBpFGEtzlBTPAlO04Zc0fAMPhuORWv4Zdy90mvmEg=",
"11961f27-ad49-4df8-904e-486a3a9d4037","PUUM_044.basePlot.vst","2018-07-31","vst_PUUM_2018","D20","PUUM","PUUM_044",,"NEON.PLA.D20.PUUM.01212","ok","single bole tree","Live",29.2,130,1.4,,,,,,,,,,,,,"jWmRYp6330DMjUrdbTka8pQm26lT/m4FxwHxE+lph3I=","T+PBpFGEtzlBTPAlO04Zc0fAMPhuORWv4Zdy90mvmEg=",
"982093f2-c7d4-47f7-86b1-23c4766680a3","PUUM_044.basePlot.vst","2018-07-31","vst_PUUM_2018","D20","PUUM","PUUM_044",,"NEON.PLA.D20.PUUM.01234","ok","sapling","Live",,,0.3,,,,,,,,7.0,20,,,,"jWmRYp6330DMjUrdbTka8pQm26lT/m4FxwHxE+lph3I=","T+PBpFGEtzlBTPAlO04Zc0fAMPhuORWv4Zdy90mvmEg=",
"501ff4df-30af-4295-945b-862a3eb4e2fa","PUUM_044.basePlot.vst","2018-07-31","vst_PUUM_2018","D20","PUUM","PUUM_044",,"NEON.PLA.D20.PUUM.01364","ok","single bole tree","Live",25.4,130,6.3,,,,,,,,,,,,,"jWmRYp6330DMjUrdbTka8pQm26lT/m4FxwHxE+lph3I=","T+PBpFGEtzlBTPAlO04Zc0fAMPhuORWv4Zdy90mvmEg=",
"a9972bff-0edf-4658-8fe7-900961a98d0e","PUUM_044.basePlot.vst","2018-07-31","vst_PUUM_2018","D20","PUUM","PUUM_044",,"NEON.PLA.D20.PUUM.01360","ok","single bole tree","Live",30.0,130,17.2,,,,,,,,,,,,,"jWmRYp6330DMjUrdbTka8pQm26lT/m4FxwHxE+lph3I=","T+PBpFGEtzlBTPAlO04Zc0fAMPhuORWv4Zdy90mvmEg=",
"3af7599f-77de-45d6-9434-f2b056cb8a29","PUUM_044.basePlot.vst","2018-07-31","vst_PUUM_2018","D20","PUUM","PUUM_044",,"NEON.PLA.D20.PUUM.01214","ok","single bole tree","Live, physically damaged",12.5,130,1.8,,,,,,,,,,,,,"jWmRYp6330DMjUrdbTka8pQm26lT/m4FxwHxE+lph3I=","T+PBpFGEtzlBTPAlO04Zc0fAMPhuORWv4Zdy90mvmEg=",
"6c1699c6-0c9c-4bbb-94bc-3112bfe2b816","PUUM_044.basePlot.vst","2018-07-31","vst_PUUM_2018","D20","PUUM","PUUM_044",,"NEON.PLA.D20.PUUM.01383","ok","small tree","Live",1.2,130,2.1,,,,,,,,,,,,,"jWmRYp6330DMjUrdbTka8pQm26lT/m4FxwHxE+lph3I=","T+PBpFGEtzlBTPAlO04Zc0fAMPhuORWv4Zdy90mvmEg=",
"66eddfe8-e13b-412c-8743-5d792fc63745","PUUM_044.basePlot.vst","2018-07-31","vst_PUUM_2018","D20","PUUM","PUUM_044",,"NEON.PLA.D20.PUUM.01385","ok","single shrub","Live",7.2,130,4.1,1.6,,,3.9,2.7,,"ellipsoid or sphere",8.1,20,,,,"jWmRYp6330DMjUrdbTka8pQm26lT/m4FxwHxE+lph3I=","T+PBpFGEtzlBTPAlO04Zc0fAMPhuORWv4Zdy90mvmEg=",
"74617de1-3f54-4f1b-a5e8-b990b52a3a5d","PUUM_044.basePlot.vst","2018-07-31","vst_PUUM_2018","D20","PUUM","PUUM_044",,"NEON.PLA.D20.PUUM.01230","ok","single bole tree","Live",14.3,130,5.1,,,,,,,,,,,,,"jWmRYp6330DMjUrdbTka8pQm26lT/m4FxwHxE+lph3I=","T+PBpFGEtzlBTPAlO04Zc0fAMPhuORWv4Zdy90mvmEg=",
"1b816d7c-41b4-4eff-85cc-04c3e8165d5e","PUUM_044.basePlot.vst","2018-07-31","vst_PUUM_2018","D20","PUUM","PUUM_044",,"NEON.PLA.D20.PUUM.00210","ok","single bole tree","Live",23.6,130,17.1,,,,,,,,,,,,,"jWmRYp6330DMjUrdbTka8pQm26lT/m4FxwHxE+lph3I=","T+PBpFGEtzlBTPAlO04Zc0fAMPhuORWv4Zdy90mvmEg=",
"cb19c300-c38a-47b7-b85c-6f3b193fc7e4","PUUM_044.basePlot.vst","2018-07-31","vst_PUUM_2018","D20","PUUM","PUUM_044",,"NEON.PLA.D20.PUUM.01229B","ok","multi-bole tree","Live",9.0,130,8.2,,,,,,,,,,,,,"jWmRYp6330DMjUrdbTka8pQm26lT/m4FxwHxE+lph3I=","T+PBpFGEtzlBTPAlO04Zc0fAMPhuORWv4Zdy90mvmEg=",
"d21b5e87-3979-4ced-9104-fb3b1c793170","PUUM_044.basePlot.vst","2018-07-31","vst_PUUM_2018","D20","PUUM","PUUM_044",,"NEON.PLA.D20.PUUM.01219","ok","single bole tree","Live",25.8,130,14.7,,,,,,,,,,,,,"jWmRYp6330DMjUrdbTka8pQm26lT/m4FxwHxE+lph3I=","T+PBpFGEtzlBTPAlO04Zc0fAMPhuORWv4Zdy90mvmEg=",
"5b85db6d-cce2-4546-a3ef-e616d58fb59e","PUUM_044.basePlot.vst","2018-07-31","vst_PUUM_2018","D20","PUUM","PUUM_044",,"NEON.PLA.D20.PUUM.01202","ok","single bole tree","Live",17.5,130,15.4,,,,,,,,,,,,,"jWmRYp6330DMjUrdbTka8pQm26lT/m4FxwHxE+lph3I=","T+PBpFGEtzlBTPAlO04Zc0fAMPhuORWv4Zdy90mvmEg=",
"797a92b6-65f8-40eb-a8c3-a6b32295fe56","PUUM_044.basePlot.vst","2018-07-31","vst_PUUM_2018","D20","PUUM","PUUM_044",,"NEON.PLA.D20.PUUM.01362","ok","single bole tree","Live",28.6,130,14.6,,,,,,,,,,,,,"jWmRYp6330DMjUrdbTka8pQm26lT/m4FxwHxE+lph3I=","T+PBpFGEtzlBTPAlO04Zc0fAMPhuORWv4Zdy90mvmEg=",
"5e08952a-e0de-4937-90be-96e1ad1535fb","PUUM_044.basePlot.vst","2018-07-31","vst_PUUM_2018","D20","PUUM","PUUM_044",,"NEON.PLA.D20.PUUM.01380","ok","small shrub","Live",,,1.8,,,,1.6,0.9,,"inverted cone",1.9,10,10.00,0.80,,"jWmRYp6330DMjUrdbTka8pQm26lT/m4FxwHxE+lph3I=","T+PBpFGEtzlBTPAlO04Zc0fAMPhuORWv4Zdy90mvmEg=",
"68fdbc1d-293e-4bb3-b2ee-6d31d7d3df0a","PUUM_044.basePlot.vst","2018-07-31","vst_PUUM_2018","D20","PUUM","PUUM_044",,"NEON.PLA.D20.PUUM.01387","ok","single shrub","Dead, broken bole",6.0,130,1.7,1.0,0.1,5.0,0.2,0.1,,"ellipsoid or sphere",8.7,10,,,,"jWmRYp6330DMjUrdbTka8pQm26lT/m4FxwHxE+lph3I=","T+PBpFGEtzlBTPAlO04Zc0fAMPhuORWv4Zdy90mvmEg=",
"aeb15caf-ee53-4f3d-85d9-472a778a9c94","PUUM_044.basePlot.vst","2018-07-31","vst_PUUM_2018","D20","PUUM","PUUM_044",,"NEON.PLA.D20.PUUM.01372","ok","single bole tree","Live,  other damage",10.7,130,6.6,,,,,,,,,,,,,"jWmRYp6330DMjUrdbTka8pQm26lT/m4FxwHxE+lph3I=","T+PBpFGEtzlBTPAlO04Zc0fAMPhuORWv4Zdy90mvmEg=",
"0482e2d4-db5e-4925-9024-bb13c36b57f0","PUUM_044.basePlot.vst","2018-07-31","vst_PUUM_2018","D20","PUUM","PUUM_044",,"NEON.PLA.D20.PUUM.01206","ok","single bole tree","Live",18.1,130,10.6,,,,,,,,,,,,,"jWmRYp6330DMjUrdbTka8pQm26lT/m4FxwHxE+lph3I=","T+PBpFGEtzlBTPAlO04Zc0fAMPhuORWv4Zdy90mvmEg=",
"35225b00-3722-47b5-b118-783ec4ff15bd","PUUM_044.basePlot.vst","2018-07-31","vst_PUUM_2018","D20","PUUM","PUUM_044",,"NEON.PLA.D20.PUUM.01367","ok","single bole tree","Live",12.5,130,8.3,,,,,,,,,,,,,"jWmRYp6330DMjUrdbTka8pQm26lT/m4FxwHxE+lph3I=","T+PBpFGEtzlBTPAlO04Zc0fAMPhuORWv4Zdy90mvmEg=",
"9cbc4f88-44c2-4d01-945f-3be752e96a21","PUUM_044.basePlot.vst","2018-07-31","vst_PUUM_2018","D20","PUUM","PUUM_044",,"NEON.PLA.D20.PUUM.01374","ok","sapling","Live",,,0.8,,,,,,,,4.4,10,,,,"jWmRYp6330DMjUrdbTka8pQm26lT/m4FxwHxE+lph3I=","T+PBpFGEtzlBTPAlO04Zc0fAMPhuORWv4Zdy90mvmEg=",
"b7d05a52-9b6a-4e56-81df-c81187decd6b","PUUM_044.basePlot.vst","2018-07-31","vst_PUUM_2018","D20","PUUM","PUUM_044",,"NEON.PLA.D20.PUUM.01221","ok","single bole tree","Live, physically damaged",10.3,130,3.3,,,,,,,,,,,,,"jWmRYp6330DMjUrdbTka8pQm26lT/m4FxwHxE+lph3I=","T+PBpFGEtzlBTPAlO04Zc0fAMPhuORWv4Zdy90mvmEg=",
"1bfadb33-c978-4832-a870-c859f244bb25","PUUM_044.basePlot.vst","2018-07-31","vst_PUUM_2018","D20","PUUM","PUUM_044",,"NEON.PLA.D20.PUUM.01201","ok","single bole tree","Live",16.2,130,14.9,,,,,,,,,,,,,"jWmRYp6330DMjUrdbTka8pQm26lT/m4FxwHxE+lph3I=","T+PBpFGEtzlBTPAlO04Zc0fAMPhuORWv4Zdy90mvmEg=",
"5ef0a483-6d77-46eb-a3b8-e60d0f849817","PUUM_044.basePlot.vst","2018-07-31","vst_PUUM_2018","D20","PUUM","PUUM_044",,"NEON.PLA.D20.PUUM.01216","ok","multi-bole tree","Live",13.2,130,8.5,,,,,,,,,,,,"It's appendages work their way through the vertical labyrinth","jWmRYp6330DMjUrdbTka8pQm26lT/m4FxwHxE+lph3I=","T+PBpFGEtzlBTPAlO04Zc0fAMPhuORWv4Zdy90mvmEg=",
"3c668ed8-1574-4243-a4b1-42b3b42f8f07","PUUM_044.basePlot.vst","2018-07-31","vst_PUUM_2018","D20","PUUM","PUUM_044",,"NEON.PLA.D20.PUUM.01388","ok","small shrub","Live",,,1.1,0.3,,,0.6,0.5,,"ellipsoid or sphere",1.1,10,,,,"jWmRYp6330DMjUrdbTka8pQm26lT/m4FxwHxE+lph3I=","T+PBpFGEtzlBTPAlO04Zc0fAMPhuORWv4Zdy90mvmEg=",
"650f8bd8-11bb-4411-8f86-0abb0fe23bfe","PUUM_044.basePlot.vst","2018-07-31","vst_PUUM_2018","D20","PUUM","PUUM_044",,"NEON.PLA.D20.PUUM.01242","ok","sapling","Live",,,1.0,,,,,,,,2.0,10,,,,"jWmRYp6330DMjUrdbTka8pQm26lT/m4FxwHxE+lph3I=","T+PBpFGEtzlBTPAlO04Zc0fAMPhuORWv4Zdy90mvmEg=",
"0a2b94e3-c01b-4ea4-98af-77b245e34fc7","PUUM_044.basePlot.vst","2018-07-31","vst_PUUM_2018","D20","PUUM","PUUM_044",,"NEON.PLA.D20.PUUM.01392","ok","small shrub","Live",,,1.8,,,,1.4,1.0,,"inverted cone",1.8,10,0.10,0.03,,"jWmRYp6330DMjUrdbTka8pQm26lT/m4FxwHxE+lph3I=","T+PBpFGEtzlBTPAlO04Zc0fAMPhuORWv4Zdy90mvmEg=",
"6faa7e25-9826-473c-b2d6-ef153635ea31","PUUM_044.basePlot.vst","2018-07-31","vst_PUUM_2018","D20","PUUM","PUUM_044",,"NEON.PLA.D20.PUUM.01231","ok","small tree","Live, physically damaged",1.4,130,0.2,,,,,,,,,,,,"Crushed","jWmRYp6330DMjUrdbTka8pQm26lT/m4FxwHxE+lph3I=","T+PBpFGEtzlBTPAlO04Zc0fAMPhuORWv4Zdy90mvmEg=",
"05b8e128-05a0-4540-9df7-cd06737b3956","PUUM_044.basePlot.vst","2018-07-31","vst_PUUM_2018","D20","PUUM","PUUM_044",,"NEON.PLA.D20.PUUM.01368","ok","single bole tree","Live",14.7,130,16.0,,,,,,,,,,,,,"jWmRYp6330DMjUrdbTka8pQm26lT/m4FxwHxE+lph3I=","T+PBpFGEtzlBTPAlO04Zc0fAMPhuORWv4Zdy90mvmEg=",
"28ce466c-83a4-4f7b-94f7-38ceb6aa3502","PUUM_044.basePlot.vst","2018-07-31","vst_PUUM_2018","D20","PUUM","PUUM_044",,"NEON.PLA.D20.PUUM.01208","ok","single bole tree","Live",31.0,130,16.4,,,,,,,,,,,,,"jWmRYp6330DMjUrdbTka8pQm26lT/m4FxwHxE+lph3I=","T+PBpFGEtzlBTPAlO04Zc0fAMPhuORWv4Zdy90mvmEg=",
"9454458f-62ca-4653-b2ff-7a43dad8c8c4","PUUM_044.basePlot.vst","2018-07-31","vst_PUUM_2018","D20","PUUM","PUUM_044",,"NEON.PLA.D20.PUUM.01392","ok","small shrub","Live",,,1.8,,,,1.4,1.0,,"inverted cone",1.0,10,0.10,0.03,,"jWmRYp6330DMjUrdbTka8pQm26lT/m4FxwHxE+lph3I=","T+PBpFGEtzlBTPAlO04Zc0fAMPhuORWv4Zdy90mvmEg=",
"9c75caa4-cb14-4cc9-8ad2-f5f9379cb986","PUUM_044.basePlot.vst","2018-07-31","vst_PUUM_2018","D20","PUUM","PUUM_044",,"NEON.PLA.D20.PUUM.01380","ok","small shrub","Live",,,1.8,,,,1.6,0.9,,"inverted cone",2.5,10,0.10,0.08,,"jWmRYp6330DMjUrdbTka8pQm26lT/m4FxwHxE+lph3I=","T+PBpFGEtzlBTPAlO04Zc0fAMPhuORWv4Zdy90mvmEg=",
"57c14ca6-beca-4294-b2fd-95969ba4feba","PUUM_044.basePlot.vst","2018-07-31","vst_PUUM_2018","D20","PUUM","PUUM_044",,"NEON.PLA.D20.PUUM.01222","ok","single bole tree","Live",20.1,130,12.2,,,,,,,,,,,,,"jWmRYp6330DMjUrdbTka8pQm26lT/m4FxwHxE+lph3I=","T+PBpFGEtzlBTPAlO04Zc0fAMPhuORWv4Zdy90mvmEg=",
"c5395c7d-b6e1-45e0-9e75-5d276fa28fe8","PUUM_044.basePlot.vst","2018-07-31","vst_PUUM_2018","D20","PUUM","PUUM_044",,"NEON.PLA.D20.PUUM.01210","ok","single bole tree","Standing dead",12.2,130,5.7,,,,,,,,,,,,,"jWmRYp6330DMjUrdbTka8pQm26lT/m4FxwHxE+lph3I=","T+PBpFGEtzlBTPAlO04Zc0fAMPhuORWv4Zdy90mvmEg=",
"bfa8c838-673d-4a0a-add8-b017652dd752","PUUM_044.basePlot.vst","2018-07-31","vst_PUUM_2018","D20","PUUM","PUUM_044",,"NEON.PLA.D20.PUUM.01211","ok","single bole tree","Live",23.1,130,12.5,,,,,,,,,,,,,"jWmRYp6330DMjUrdbTka8pQm26lT/m4FxwHxE+lph3I=","T+PBpFGEtzlBTPAlO04Zc0fAMPhuORWv4Zdy90mvmEg=",
"0114c3ed-33e4-4019-991e-35e3206badcf","PUUM_044.basePlot.vst","2018-07-31","vst_PUUM_2018","D20","PUUM","PUUM_044",,"NEON.PLA.D20.PUUM.01375","ok","sapling","Live",,,0.7,,,,,,,,4.7,10,,,,"jWmRYp6330DMjUrdbTka8pQm26lT/m4FxwHxE+lph3I=","T+PBpFGEtzlBTPAlO04Zc0fAMPhuORWv4Zdy90mvmEg=",
