uid,namedLocation,domainID,siteID,plotID,plotType,nlcdClass,decimalLatitude,decimalLongitude,geodeticDatum,coordinateUncertainty,elevation,elevationUncertainty,collectDate,eventID,sampleID,sampleCode,samplingMethod,totalSampledArea,targetTaxaPresent,adultCount,nymphCount,larvaCount,sampleCondition,samplingProtocolVersion,measuredBy,remarks
"0cae9b63-62cd-400f-b63d-377946ce41f5","DSNY_008.tickPlot.tck","D03","DSNY","DSNY_008","distributed","woodyWetlands",28.047337,-81.403204,"WGS84",20.1,18.8,0.1,"2015-08-04T15:00Z","DSNY.2015.31",,,"drag and flag",161,"N",0,0,,,"NEON.DOC.014045vF","F0OBrKFXXmZ8aUzIQU1wSVAvrOJLk6+zDNQGm6OYBYE5WuCEGAbFHhPfQE6cNYd0KW3QMVXFHW90W6RguTjm23KpBi9y9eDf",
"979580c7-4570-47d4-88ab-f7bfbbec03e6","DSNY_001.tickPlot.tck","D03","DSNY","DSNY_001","distributed","woodyWetlands",28.098062,-81.418561,"WGS84",20.1,20.3,0.1,"2015-08-04T17:35Z","DSNY.2015.31",,,"drag and flag",159,"N",0,0,,,"NEON.DOC.014045vF","F0OBrKFXXmZ8aUzIQU1wSVAvrOJLk6+zDNQGm6OYBYE5WuCEGAbFHhPfQE6cNYd0KW3QMVXFHW90W6RguTjm23KpBi9y9eDf",
"0f0f71b1-2e1b-4165-b7ed-04199c545e48","DSNY_008.tickPlot.tck","D03","DSNY","DSNY_008","distributed","woodyWetlands",28.047337,-81.403204,"WGS84",20.1,18.8,0.1,"2015-08-18T14:45Z","DSNY.2015.33","DSNY_008.20150818",,"flag",139,"Y",1,0,,"No known compromise","NEON.DOC.014045vF","IaXfrbXr6GQAKfG/Thmkj2xXG2gxDgR+","NE to SE: -3m SE to SW: -6m SW to NW: -7m NW to NE: -5m"
"8357ceb4-0c09-4be5-8df0-f6103a616fd7","DSNY_001.tickPlot.tck","D03","DSNY","DSNY_001","distributed","woodyWetlands",28.098062,-81.418561,"WGS84",20.1,20.3,0.1,"2015-08-18T19:02Z","DSNY.2015.33",,,"drag and flag",107,"N",0,0,,,"NEON.DOC.014045vF","IaXfrbXr6GQAKfG/Thmkj2xXG2gxDgR+","NW to NE: -20m; area surrounding NE stake is under water NE to SE: -10m SE to SW: -6m Sw to NW: -17m Area surrounding NE stake in underwater"
