uid,namedLocation,domainID,siteID,plotID,plotType,nlcdClass,decimalLatitude,decimalLongitude,geodeticDatum,coordinateUncertainty,elevation,elevationUncertainty,collectDate,eventID,sampleID,sampleCode,samplingMethod,totalSampledArea,targetTaxaPresent,adultCount,nymphCount,larvaCount,sampleCondition,samplingProtocolVersion,measuredBy,remarks
"0c5c57a7-a888-4ded-8657-1424ccea1198","ABBY_005.tickPlot.tck","D16","ABBY","ABBY_005","distributed","shrubScrub",45.771976,-122.388089,"WGS84",20.1,492.2,0.1,"2016-08-29T16:45Z","ABBY.2016.35",,,"drag and flag",168,"N",0,0,0,"No known compromise","NEON.DOC.014045vG","4mXObSbH7oSpgpU/8uW0oC7MLK9IpFj9",
"45db5ae3-9f8b-4ffe-ad9a-47b445609431","ABBY_003.tickPlot.tck","D16","ABBY","ABBY_003","distributed","evergreenForest",45.760799,-122.371290,"WGS84",20.1,626.2,0.1,"2016-08-29T20:20Z","ABBY.2016.35",,,"drag and flag",165,"N",0,0,0,"No known compromise","NEON.DOC.014045vG","44cxFOBMZI22hWVpb15dHmbzDXzecVK4",
"15bc018f-29ed-4e05-bf9d-ed23c8541975","ABBY_023.tickPlot.tck","D16","ABBY","ABBY_023","distributed","mixedForest",45.745006,-122.383498,"WGS84",20.1,478.7,0.1,"2016-08-31T15:30Z","ABBY.2016.35",,,"flag",150,"N",0,0,0,"No known compromise","NEON.DOC.014045vG","a/0SlN26fEtmJ3LLysIxkaRUfZvckIBE",
"ad6e276e-48ce-4ca2-a9a8-3b5bc43a0dd8","ABBY_001.tickPlot.tck","D16","ABBY","ABBY_001","distributed","evergreenForest",45.773172,-122.348101,"WGS84",20.1,294.3,0.2,"2016-08-31T15:35Z","ABBY.2016.35","ABBY_001.20160831",,"drag and flag",157,"Y",0,1,0,"No known compromise","NEON.DOC.014045vG","4mXObSbH7oSpgpU/8uW0oC7MLK9IpFj9",
"b3d5d2a5-55cf-4fb1-86da-2e5e2e4c7745","ABBY_002.tickPlot.tck","D16","ABBY","ABBY_002","distributed","grasslandHerbaceous",45.737854,-122.308292,"WGS84",20.1,651.1,0.1,"2016-08-31T17:45Z","ABBY.2016.35",,,"drag and flag",157,"N",0,0,0,"No known compromise","NEON.DOC.014045vG","a/0SlN26fEtmJ3LLysIxkaRUfZvckIBE",
"f348bf51-b7b2-450e-a933-244f3da4088e","ABBY_006.tickPlot.tck","D16","ABBY","ABBY_006","distributed","evergreenForest",45.752800,-122.297903,"WGS84",20.3,576.4,0.4,"2016-08-31T18:40Z","ABBY.2016.35","ABBY_006.20160831",,"drag and flag",156,"Y",0,1,0,"No known compromise","NEON.DOC.014045vG","CA+Z1wp7Q05Jc9/9ins436vQPptWhTNE","Started to sprinkle while dragging, cloth became damp by the end of the plot."
