uid,namedLocation,domainID,siteID,plotID,plotType,nlcdClass,decimalLatitude,decimalLongitude,geodeticDatum,coordinateUncertainty,elevation,elevationUncertainty,collectDate,eventID,sampleID,sampleCode,samplingMethod,totalSampledArea,targetTaxaPresent,adultCount,nymphCount,larvaCount,sampleCondition,samplingProtocolVersion,measuredBy,remarks
"9bb62130-5622-42b3-9b45-c08f2c03531d","UNDE_013.tickPlot.tck","D05","UNDE","UNDE_013","distributed","deciduousForest",46.227776,-89.535166,"WGS84",20.2,510.3,0.3,"2016-08-15T13:54Z","UNDE.2016.33",,,"drag and flag",160,"N",0,0,0,"No known compromise","NEON.DOC.014045vG","ivTX0o97qsvQmuujGuWrKq4nHA2L9cNp",
"c4662d97-b315-4d46-9c11-a99cd989bb99","UNDE_002.tickPlot.tck","D05","UNDE","UNDE_002","distributed","woodyWetlands",46.242285,-89.543255,"WGS84",20.3,506.2,0.4,"2016-08-15T14:20Z","UNDE.2016.33",,,"flag",154,"N",0,0,0,"No known compromise","NEON.DOC.014045vG","PjfLww5oXrAQngYk4wg4E42w2wotfuRI",
"6290e903-12b6-4b0d-af03-ff207f4545bd","UNDE_999.tickPlot.tck","D05","UNDE","UNDE_999","distributed","woodyWetlands",46.256243,-89.534200,"WGS84",20.2,507.1,0.3,"2016-08-15T16:00Z","UNDE.2016.33",,,"drag and flag",152,"N",0,0,0,"No known compromise","NEON.DOC.014045vG","ivTX0o97qsvQmuujGuWrKq4nHA2L9cNp",
"095cf2ae-0e1d-4cd8-94cd-9e7d7c2b33b6","UNDE_019.tickPlot.tck","D05","UNDE","UNDE_019","distributed","deciduousForest",46.257425,-89.542054,"WGS84",20.2,519.0,0.2,"2016-08-15T17:18Z","UNDE.2016.33","UNDE_019.20160815",,"drag and flag",166,"Y",0,1,0,"No known compromise","NEON.DOC.014045vG","PjfLww5oXrAQngYk4wg4E42w2wotfuRI",
"7fefcf7c-2877-4b89-b1ae-2505ac2cd1c4","UNDE_017.tickPlot.tck","D05","UNDE","UNDE_017","distributed","mixedForest",46.236736,-89.497054,"WGS84",20.1,518.8,0.2,"2016-08-15T18:46Z","UNDE.2016.33","UNDE_017.20160815",,"drag and flag",160,"Y",0,0,6,"No known compromise","NEON.DOC.014045vG","ivTX0o97qsvQmuujGuWrKq4nHA2L9cNp",
"203d8fd2-e903-48cb-967e-ef1054e30188","UNDE_011.tickPlot.tck","D05","UNDE","UNDE_011","distributed","woodyWetlands",46.213935,-89.505950,"WGS84",20.3,507.7,0.4,"2016-08-15T19:58Z","UNDE.2016.33",,,"flag",124,"N",0,0,0,"No known compromise","NEON.DOC.014045vG","PjfLww5oXrAQngYk4wg4E42w2wotfuRI",
