uid,namedLocation,domainID,siteID,plotID,plotType,nlcdClass,decimalLatitude,decimalLongitude,geodeticDatum,coordinateUncertainty,elevation,elevationUncertainty,collectDate,eventID,sampleID,sampleCode,samplingMethod,totalSampledArea,targetTaxaPresent,adultCount,nymphCount,larvaCount,sampleCondition,samplingProtocolVersion,measuredBy,remarks
"2e542402-5bd4-462a-b269-0d9b7b9ad019","OSBS_004.tickPlot.tck","D03","OSBS","OSBS_004","distributed","evergreenForest",29.683402,-81.960449,"WGS84",20.3,42.4,0.4,"2015-07-01T13:32Z","OSBS.2015.26",,,"drag",160,"N",0,0,,,"NEON.DOC.014045vF","JdN6ZmAx7oWFIyzymv+BnRh9VwthDgp6K22EnIME4dI=",
"1888e17c-7f08-4025-8904-677d65eb0e7c","OSBS_003.tickPlot.tck","D03","OSBS","OSBS_003","distributed","evergreenForest",29.693693,-81.947010,"WGS84",20.3,38.2,0.5,"2015-07-01T14:20Z","OSBS.2015.26","OSBS_003.20150701",,"drag and flag",160,"Y",3,4,,"No known compromise","NEON.DOC.014045vF","JdN6ZmAx7oWFIyzymv+BnRh9VwthDgp6K22EnIME4dI=","omitted about 15m due to saturated(wet) area below a felled tree. Added approximately the same due to moving around the transect line."
"bbe2205a-46a1-474b-b531-07d1115f6932","OSBS_005.tickPlot.tck","D03","OSBS","OSBS_005","distributed","woodyWetlands",29.697923,-82.025623,"WGS84",20.4,36.0,1.2,"2015-07-01T15:45Z","OSBS.2015.26","OSBS_005.20150701",,"drag and flag",160,"Y",3,14,40,"No known compromise","NEON.DOC.014045vF","JdN6ZmAx7oWFIyzymv+BnRh9VwthDgp6K22EnIME4dI=","Larval tick collection method had many problems in field."
"b1c56c16-edd6-40ef-a571-9359299c8352","OSBS_003.tickPlot.tck","D03","OSBS","OSBS_003","distributed","evergreenForest",29.693693,-81.947010,"WGS84",20.3,38.2,0.5,"2015-07-22T14:48Z","OSBS.2015.29","OSBS_003.20150722",,"drag and flag",148,"Y",1,3,,"No known compromise","NEON.DOC.014045vF","CPmp9t5mZhA/Jlt3T5fTH30MkasxefuVlml150xtvvIn0CWnMn29DCZ9hzhKEKrDijhQ6TuEjwJgtNDD692klvub0pwjVJEb","SE to SW - fallen tree"
"dcd5916b-11f1-4f66-b2db-e5ac2986a098","OSBS_004.tickPlot.tck","D03","OSBS","OSBS_004","distributed","evergreenForest",29.683402,-81.960449,"WGS84",20.3,42.4,0.4,"2015-07-22T15:48Z","OSBS.2015.29",,,"drag",160,"N",0,0,,,"NEON.DOC.014045vF","CPmp9t5mZhA/Jlt3T5fTH30MkasxefuVlml150xtvvIn0CWnMn29DCZ9hzhKEKrDijhQ6TuEjwJgtNDD692klvub0pwjVJEb",
"614ced8b-f726-4ea1-8ba1-dfb25118c60b","OSBS_005.tickPlot.tck","D03","OSBS","OSBS_005","distributed","woodyWetlands",29.697923,-82.025623,"WGS84",20.4,36.0,1.2,"2015-07-22T16:45Z","OSBS.2015.29","OSBS_005.20150722",,"drag and flag",160,"Y",5,12,120,"No known compromise","NEON.DOC.014045vF","CPmp9t5mZhA/Jlt3T5fTH30MkasxefuVlml150xtvvIn0CWnMn29DCZ9hzhKEKrDijhQ6TuEjwJgtNDD692klvub0pwjVJEb","needs ground flags and reflagging"
"d17e2dd8-69d5-4dc8-b4b0-f21783a1d960","OSBS_002.tickPlot.tck","D03","OSBS","OSBS_002","distributed","evergreenForest",29.703661,-81.958365,"WGS84",20.1,35.8,0.2,"2015-07-23T16:00Z","OSBS.2015.29",,,"drag",160,"N",0,0,,,"NEON.DOC.014045vF","SZd6jJU+PWukgvziuyetp+eotaYQ40Ze22wXxS0rViGLnqKGF0xQJNIDeTYrmZiv",
