uid,namedLocation,plotID,collectDate,identifiedDate,sampleID,subsampleID,scientificName,acceptedTaxonID,taxonRank,family,subfamily,tribe,subtribe,genus,subgenus,specificEpithet,infraspecificEpithet,identificationQualifier,identificationReferences,identificationProtocolVersion,scientificNameAuthorship,sexOrAge,individualCount,sampleCondition,archiveMedium,archiveFacilityID,deprecatedVialID,identifiedBy,laboratoryName,remarks
"9a30002d-e0f2-46ba-acf8-67ff4a7b4c4e","OSBS_003.tickPlot.tck","OSBS_003","2015-07-01T14:20Z","2016-06-19T16:00Z","OSBS_003.20150701","OSBS_003.20150701.AMBAME.F","Amblyomma americanum","AMBAME","species","Ixodidae",,,,"Amblyomma",,"americanum",,,"Cooley, R. A. and G. M. Kohls. 1944. The genus Amblyomma (ixodidae) in the United States. The Journal of Parasitology, 30(2):77-111.","GSU_tickIdentification_SOP_2016-11-01.pdf","Linnaeus","Female",4,"OK","90% ethanol","125945",,"L. Beati","Georgia Southern University",
"29817685-bad2-4745-8e60-bbbd03a99e8d","OSBS_003.tickPlot.tck","OSBS_003","2015-07-01T14:20Z","2016-06-19T12:00Z","OSBS_003.20150701","OSBS_003.20150701.AMBAME.N","Amblyomma americanum","AMBAME","species","Ixodidae",,,,"Amblyomma",,"americanum",,,"Cooley, R. A. and G. M. Kohls. 1944. The genus Amblyomma (ixodidae) in the United States. The Journal of Parasitology, 30(2):77-111.","GSU_tickIdentification_SOP_2016-11-01.pdf","Linnaeus","Nymph",4,"OK","95% ethanol","125945",,"L. Beati","Georgia Southern University",
"6cd399c0-766b-4d98-9196-a55b945eb17d","OSBS_005.tickPlot.tck","OSBS_005","2015-07-01T15:45Z","2016-06-20T12:00Z","OSBS_005.20150701","OSBS_005.20150701.AMBAME.N","Amblyomma americanum","AMBAME","species","Ixodidae",,,,"Amblyomma",,"americanum",,,"Cooley, R. A. and G. M. Kohls. 1944. The genus Amblyomma (ixodidae) in the United States. The Journal of Parasitology, 30(2):77-111.","GSU_tickIdentification_SOP_2016-11-01.pdf","Linnaeus","Nymph",16,"OK","95% ethanol","125944",,"L. Beati","Georgia Southern University",
"ec8b8fa1-4b9c-4bc0-a98c-5daf3d762a87","OSBS_005.tickPlot.tck","OSBS_005","2015-07-01T15:45Z","2016-06-20T16:00Z","OSBS_005.20150701","OSBS_005.20150701.AMBAME.F","Amblyomma americanum","AMBAME","species","Ixodidae",,,,"Amblyomma",,"americanum",,,"Cooley, R. A. and G. M. Kohls. 1944. The genus Amblyomma (ixodidae) in the United States. The Journal of Parasitology, 30(2):77-111.","GSU_tickIdentification_SOP_2016-11-01.pdf","Linnaeus","Female",3,"OK","90% ethanol","125944",,"L. Beati","Georgia Southern University",
"e2a100ff-78a6-4407-be4b-2d9e6a484b67","OSBS_005.tickPlot.tck","OSBS_005","2015-07-01T15:45Z","2016-06-29T16:00Z","OSBS_005.20150701","OSBS_005.20150701.IXOSP.L","Ixodidae sp.","IXOSP","family","Ixodidae",,,,,,"sp.",,,,"GSU_tickIdentification_SOP_2016-11-01.pdf",,"Larva",1,"OK","90% ethanol","125943",,"C. Evans","Georgia Southern University",
"122b1757-bc3e-499b-abcc-98158df03ee1","OSBS_005.tickPlot.tck","OSBS_005","2015-07-01T15:45Z","2016-06-20T16:00Z","OSBS_005.20150701","OSBS_005.20150701.AMBAME.M","Amblyomma americanum","AMBAME","species","Ixodidae",,,,"Amblyomma",,"americanum",,,"Cooley, R. A. and G. M. Kohls. 1944. The genus Amblyomma (ixodidae) in the United States. The Journal of Parasitology, 30(2):77-111.","GSU_tickIdentification_SOP_2016-11-01.pdf","Linnaeus","Male",1,"OK","90% ethanol","125944",,"L. Beati","Georgia Southern University",
"12e259a9-c2ea-4d19-a0e3-d516fcf6283f","OSBS_003.tickPlot.tck","OSBS_003","2015-07-22T14:48Z","2016-06-19T12:00Z","OSBS_003.20150722","OSBS_003.20150722.AMBAME.N","Amblyomma americanum","AMBAME","species","Ixodidae",,,,"Amblyomma",,"americanum",,,"Cooley, R. A. and G. M. Kohls. 1944. The genus Amblyomma (ixodidae) in the United States. The Journal of Parasitology, 30(2):77-111.","GSU_tickIdentification_SOP_2016-11-01.pdf","Linnaeus","Nymph",3,"OK","95% ethanol","125939",,"L. Beati","Georgia Southern University",
"e9420499-2ebb-4964-b668-d6c60be3de3b","OSBS_003.tickPlot.tck","OSBS_003","2015-07-22T14:48Z","2016-06-19T16:00Z","OSBS_003.20150722","OSBS_003.20150722.AMBAME.M","Amblyomma americanum","AMBAME","species","Ixodidae",,,,"Amblyomma",,"americanum",,,"Cooley, R. A. and G. M. Kohls. 1944. The genus Amblyomma (ixodidae) in the United States. The Journal of Parasitology, 30(2):77-111.","GSU_tickIdentification_SOP_2016-11-01.pdf","Linnaeus","Male",1,"OK","90% ethanol","125939",,"L. Beati","Georgia Southern University",
"59efe2f1-65b3-4e1d-89d2-0428c1d6c1c0","OSBS_005.tickPlot.tck","OSBS_005","2015-07-22T16:45Z","2016-06-20T16:00Z","OSBS_005.20150722","OSBS_005.20150722.AMBAME.L","Amblyomma americanum","AMBAME","species","Ixodidae",,,,"Amblyomma",,"americanum",,,"Cooley, R. A. and G. M. Kohls. 1944. The genus Amblyomma (ixodidae) in the United States. The Journal of Parasitology, 30(2):77-111.","GSU_tickIdentification_SOP_2016-11-01.pdf","Linnaeus","Larva",1,"OK","90% ethanol","125941","OSBS_005.20150723","L. Beati","Georgia Southern University","On label outside vial, July 23 not 22."
"5f974901-911a-417f-826f-a94b85e98d6c","OSBS_005.tickPlot.tck","OSBS_005","2015-07-22T16:45Z","2016-06-29T16:00Z","OSBS_005.20150722","OSBS_005.20150722.IXOSP.L","Ixodidae sp.","IXOSP","family","Ixodidae",,,,,,"sp.",,,,"GSU_tickIdentification_SOP_2016-11-01.pdf",,"Larva",1,"OK","90% ethanol","125940",,"C. Evans","Georgia Southern University",
"1c2c08da-9b8b-4bca-ab50-8ca134e548ab","OSBS_005.tickPlot.tck","OSBS_005","2015-07-22T16:45Z","2016-06-20T12:00Z","OSBS_005.20150722","OSBS_005.20150722.AMBAME.N","Amblyomma americanum","AMBAME","species","Ixodidae",,,,"Amblyomma",,"americanum",,,"Cooley, R. A. and G. M. Kohls. 1944. The genus Amblyomma (ixodidae) in the United States. The Journal of Parasitology, 30(2):77-111.","GSU_tickIdentification_SOP_2016-11-01.pdf","Linnaeus","Nymph",11,"OK","95% ethanol","125941","OSBS_005.20150723","L. Beati","Georgia Southern University","On label outside vial, July 23 not 22."
"f907e35d-553c-44b0-892f-f949d29a0c44","OSBS_005.tickPlot.tck","OSBS_005","2015-07-22T16:45Z","2016-06-20T16:00Z","OSBS_005.20150722","OSBS_005.20150722.AMBAME.M","Amblyomma americanum","AMBAME","species","Ixodidae",,,,"Amblyomma",,"americanum",,,"Cooley, R. A. and G. M. Kohls. 1944. The genus Amblyomma (ixodidae) in the United States. The Journal of Parasitology, 30(2):77-111.","GSU_tickIdentification_SOP_2016-11-01.pdf","Linnaeus","Male",6,"OK","90% ethanol","125941","OSBS_005.20150723","L. Beati","Georgia Southern University","On label outside vial, July 23 not 22."
