uid,namedLocation,date,domainID,siteID,plotID,plotType,nlcdClass,decimalLatitude,decimalLongitude,geodeticDatum,coordinateUncertainty,easting,northing,utmZone,elevation,elevationUncertainty,eventID,samplingProtocolVersion,treesPresent,treesAbsentList,shrubsPresent,shrubsAbsentList,lianasPresent,lianasAbsentList,nestedSubplotAreaShrubSapling,nestedSubplotAreaLiana,totalSampledAreaTrees,totalSampledAreaShrubSapling,totalSampledAreaLiana,remarks,measuredBy,recordedBy,dataQF
"a433f8e9-b83f-409d-b3c4-2f0a33fab930","HARV_020.basePlot.vst","2016-08-09","D01","HARV","HARV_020","distributed","woodyWetlands",42.436767,-72.228878,"WGS84",20.2,727929.75,4701992.66,"18N",225.4,0.3,"vst_HARV_2016","NEON.DOC.000987vE","Y","presentInAll","Y",,"N",,"25","noneSelected",400,200,400,"ca. 10% of ferns have senesced because of the drought. Nested SubPlot 3 of SubPlot 40 contained no measurable ferns. Two OSCIC have senesced beyond measurability.","+f00xtEQUq1afNaqPyxh9svtGXouuDqR","9/lkABCL2n4b6r19n9Zi1qNJWAzd94Zk",
"42c3e80d-4099-480b-a77a-c9992d363fcb","HARV_011.basePlot.vst","2016-08-09","D01","HARV","HARV_011","distributed","deciduousForest",42.455939,-72.238279,"WGS84",20.2,727087.13,4704096.49,"18N",231.6,0.3,"vst_HARV_2016","NEON.DOC.000987vE","Y","presentInAll","Y",,"N",,"10","noneSelected",400,80,400,,"+f00xtEQUq1afNaqPyxh9svtGXouuDqR","9/lkABCL2n4b6r19n9Zi1qNJWAzd94Zk",
"1ef6ac40-3ff5-4859-98af-3412248942d7","HARV_016.basePlot.vst","2016-08-10","D01","HARV","HARV_016","distributed","woodyWetlands",42.458480,-72.232000,"WGS84",20.2,727594.26,4704395.49,"18N",230.5,0.2,"vst_HARV_2016","NEON.DOC.000987vE","Y","presentInAll","Y",,"N",,"10","noneSelected",400,80,400,,"EkSno5X21V+6BMsaD1wBB48CY0mHxVq/","+f00xtEQUq1afNaqPyxh9svtGXouuDqR",
"405e531f-6302-4dea-a060-f24a62a1672d","HARV_048.basePlot.vst","2016-08-17","D01","HARV","HARV_048","tower","mixedForest",42.541310,-72.178014,"WGS84",20.2,731727.17,4713740.11,"18N",359.9,0.5,"vst_HARV_2016","NEON.DOC.000987vE","Y",,"Y",,"N",,"100","noneSelected",800,400,800,,"+f00xtEQUq1afNaqPyxh9svtGXouuDqR","PDeeglfRpMhcY5NLVbh+bstb6vCqIxGZKgPlDUiyhOM=",
"5b4fdf26-d3c4-4f97-8a98-0e15d37352f6","HARV_052.basePlot.vst","2016-08-24","D01","HARV","HARV_052","tower","mixedForest",42.542140,-72.176565,"WGS84",20.2,731843.09,4713836.25,"18N",359.9,0.3,"vst_HARV_2016","NEON.DOC.000987vE","Y","presentInAll","N",,"N",,"noneSelected","noneSelected",800,800,800,,"wBoWs60NgxeDAxOtJq0HayRsmP8oN/AZ","XdV86USKkiYZfb6rmwpnK/f2Yah5qnQO",
