uid,namedLocation,date,eventID,domainID,siteID,plotID,subplotID,individualID,tagStatus,growthForm,plantStatus,stemDiameter,measurementHeight,height,baseCrownHeight,breakHeight,breakDiameter,maxCrownDiameter,ninetyCrownDiameter,canopyPosition,shape,basalStemDiameter,basalStemDiameterMsrmntHeight,maxBaseCrownDiameter,ninetyBaseCrownDiameter,remarks,recordedBy,measuredBy,dataQF
"a8086394-bde2-4187-9d2d-b8edb2508470","JERC_054.basePlot.vst","2016-09-08","vst_JERC_2016","D03","JERC","JERC_054",,"NEON.PLA.D03.JERC.00987","ok","single bole tree","Live",16.7,130,12.4,,,,,,,,,,,,,"cMb2B+jx12AMjNtsEA8t48GND5R87ks/","9FGGVOw93jfS5aOA3dpabjU14a/sOVS4","legacyData"
"3db6788a-1d9d-4b80-b52a-7114280bbb5d","JERC_054.basePlot.vst","2016-09-08","vst_JERC_2016","D03","JERC","JERC_054",,"NEON.PLA.D03.JERC.02375","ok","liana","Live",1.7,130,,,,,,,,,,,,,,"cMb2B+jx12AMjNtsEA8t48GND5R87ks/","9FGGVOw93jfS5aOA3dpabjU14a/sOVS4","legacyData"
"0705de62-074a-4fbc-b908-cb2a7b217bda","JERC_054.basePlot.vst","2016-09-08","vst_JERC_2016","D03","JERC","JERC_054",,"NEON.PLA.D03.JERC.02168","ok","single bole tree","Live,  other damage",24.9,130,12.6,,,,,,,,,,,,,"cMb2B+jx12AMjNtsEA8t48GND5R87ks/","9FGGVOw93jfS5aOA3dpabjU14a/sOVS4","legacyData"
"99b3ce0d-a82a-4129-89a0-22f3119208b2","JERC_054.basePlot.vst","2016-09-08","vst_JERC_2016","D03","JERC","JERC_054",,"NEON.PLA.D03.JERC.02381","ok","liana","Live",2.6,130,,,,,,,,,,,,,,"cMb2B+jx12AMjNtsEA8t48GND5R87ks/","9FGGVOw93jfS5aOA3dpabjU14a/sOVS4","legacyData"
"d1d5d16b-8ce5-4181-9051-c91cf746a54c","JERC_054.basePlot.vst","2016-09-08","vst_JERC_2016","D03","JERC","JERC_054",,"NEON.PLA.D03.JERC.00960","ok","single bole tree","Live",21.3,130,11.4,,,,,,,,,,,,,"cMb2B+jx12AMjNtsEA8t48GND5R87ks/","9FGGVOw93jfS5aOA3dpabjU14a/sOVS4","legacyData"
"656caf0c-2c93-4ade-bba9-963d1e1ddfba","JERC_054.basePlot.vst","2016-09-08","vst_JERC_2016","D03","JERC","JERC_054",,"NEON.PLA.D03.JERC.02183","unknown",,"Lost, tag damaged",,,,,,,,,,,,,,,"tag not found","cMb2B+jx12AMjNtsEA8t48GND5R87ks/","9FGGVOw93jfS5aOA3dpabjU14a/sOVS4","legacyData"
"da4f2a9a-fa73-43df-ba8d-13ed982c73c8","JERC_054.basePlot.vst","2016-09-08","vst_JERC_2016","D03","JERC","JERC_054",,"NEON.PLA.D03.JERC.02323","ok","small tree","Live",1.7,130,2.8,,,,,,,,,,,,,"cMb2B+jx12AMjNtsEA8t48GND5R87ks/","9FGGVOw93jfS5aOA3dpabjU14a/sOVS4","legacyData"
"26730d88-b168-4bc3-bafe-c15b41be195c","JERC_054.basePlot.vst","2016-09-08","vst_JERC_2016","D03","JERC","JERC_054",,"NEON.PLA.D03.JERC.02169","ok","single bole tree","Live",20.0,140,11.9,,,,,,,,,,,,,"cMb2B+jx12AMjNtsEA8t48GND5R87ks/","9FGGVOw93jfS5aOA3dpabjU14a/sOVS4","legacyData"
"4b97416f-0813-434f-bd25-5556ca9aabf2","JERC_054.basePlot.vst","2016-09-08","vst_JERC_2016","D03","JERC","JERC_054",,"NEON.PLA.D03.JERC.02327","ok","sapling","Live",,,1.6,,,,,,,,1.2,10,,,,"cMb2B+jx12AMjNtsEA8t48GND5R87ks/","9FGGVOw93jfS5aOA3dpabjU14a/sOVS4","legacyData"
"362cf470-4744-476c-afcf-842e61ae9a02","JERC_054.basePlot.vst","2016-09-08","vst_JERC_2016","D03","JERC","JERC_054",,"NEON.PLA.D03.JERC.02505","ok","liana","No longer qualifies",1.4,130,,,,,,,,,,,,,"supporting tree died and no longer qualifies","cMb2B+jx12AMjNtsEA8t48GND5R87ks/","9FGGVOw93jfS5aOA3dpabjU14a/sOVS4","legacyData"
"cbe9b8aa-82e5-4240-b047-966f9d43c9a3","JERC_054.basePlot.vst","2016-09-08","vst_JERC_2016","D03","JERC","JERC_054",,"NEON.PLA.D03.JERC.02157","ok","single bole tree","Live",15.8,130,11.9,,,,,,,,,,,,,"cMb2B+jx12AMjNtsEA8t48GND5R87ks/","9FGGVOw93jfS5aOA3dpabjU14a/sOVS4","legacyData"
"a4829fbe-4d0e-4870-a3df-c6d45c01e0fa","JERC_054.basePlot.vst","2016-09-08","vst_JERC_2016","D03","JERC","JERC_054",,"NEON.PLA.D03.JERC.02164","ok","single bole tree","Dead, broken bole",49.5,130,3.8,,,,,,,,,,,,"break measurements were not taken","cMb2B+jx12AMjNtsEA8t48GND5R87ks/","9FGGVOw93jfS5aOA3dpabjU14a/sOVS4","legacyData"
"ba45508d-773d-4295-a985-247815ac1e62","JERC_054.basePlot.vst","2016-09-08","vst_JERC_2016","D03","JERC","JERC_054",,"NEON.PLA.D03.JERC.00986","ok","single bole tree","Dead, broken bole",20.7,130,4.5,,,,,,,,,,,,,"cMb2B+jx12AMjNtsEA8t48GND5R87ks/","9FGGVOw93jfS5aOA3dpabjU14a/sOVS4","legacyData"
"8364915a-f4b3-4589-a63b-633405b1882f","JERC_054.basePlot.vst","2016-09-08","vst_JERC_2016","D03","JERC","JERC_054",,"NEON.PLA.D03.JERC.00987A","ok","single bole tree","Live",15.1,130,13.2,,,,,,,,,,,,,"cMb2B+jx12AMjNtsEA8t48GND5R87ks/","9FGGVOw93jfS5aOA3dpabjU14a/sOVS4","legacyData"
"15d629b9-8932-497a-80ec-1241f2a41cee","JERC_054.basePlot.vst","2016-09-08","vst_JERC_2016","D03","JERC","JERC_054",,"NEON.PLA.D03.JERC.02366","ok","small tree","Live",1.5,130,2.8,,,,,,,,,,,,,"cMb2B+jx12AMjNtsEA8t48GND5R87ks/","9FGGVOw93jfS5aOA3dpabjU14a/sOVS4","legacyData"
"526e6bf2-e170-46f2-b1d0-a489e28ab414","JERC_054.basePlot.vst","2016-09-08","vst_JERC_2016","D03","JERC","JERC_054",,"NEON.PLA.D03.JERC.02161","ok","single bole tree","Live",11.2,130,12.0,,,,,,,,,,,,,"cMb2B+jx12AMjNtsEA8t48GND5R87ks/","9FGGVOw93jfS5aOA3dpabjU14a/sOVS4","legacyData"
"1c61d295-c678-441c-a78a-f28b04d60487","JERC_054.basePlot.vst","2016-09-08","vst_JERC_2016","D03","JERC","JERC_054",,"NEON.PLA.D03.JERC.02318","ok","small tree","No longer qualifies",3.6,130,2.4,,,,,,,,,,,,,"cMb2B+jx12AMjNtsEA8t48GND5R87ks/","9FGGVOw93jfS5aOA3dpabjU14a/sOVS4","legacyData"
"5c881899-220c-4342-a690-df9fc39e14d5","JERC_054.basePlot.vst","2016-09-08","vst_JERC_2016","D03","JERC","JERC_054",,"NEON.PLA.D03.JERC.00965","ok","single bole tree","Live",12.7,130,10.7,,,,,,,,,,,,,"cMb2B+jx12AMjNtsEA8t48GND5R87ks/","9FGGVOw93jfS5aOA3dpabjU14a/sOVS4","legacyData"
"98fc472d-17cf-4c67-829d-100a106b6a50","JERC_054.basePlot.vst","2016-09-08","vst_JERC_2016","D03","JERC","JERC_054",,"NEON.PLA.D03.JERC.00988","ok","single bole tree","Live",12.8,130,12.8,,,,,,,,,,,,,"cMb2B+jx12AMjNtsEA8t48GND5R87ks/","9FGGVOw93jfS5aOA3dpabjU14a/sOVS4","legacyData"
"a9a3060a-d6b1-4029-8aa3-7e753afb6866","JERC_054.basePlot.vst","2016-09-08","vst_JERC_2016","D03","JERC","JERC_054",,"NEON.PLA.D03.JERC.00989","ok","single bole tree","Live",18.2,130,10.4,,,,,,,,,,,,,"cMb2B+jx12AMjNtsEA8t48GND5R87ks/","9FGGVOw93jfS5aOA3dpabjU14a/sOVS4","legacyData"
"e52b159b-78cd-415a-8985-c8ff79233bd5","JERC_054.basePlot.vst","2016-09-08","vst_JERC_2016","D03","JERC","JERC_054",,"NEON.PLA.D03.JERC.02377","ok","liana","Live",2.0,130,,,,,,,,,,,,,,"cMb2B+jx12AMjNtsEA8t48GND5R87ks/","9FGGVOw93jfS5aOA3dpabjU14a/sOVS4","legacyData"
"94ae0848-4d4a-4a8a-aed4-d13fa50596cc","JERC_054.basePlot.vst","2016-09-08","vst_JERC_2016","D03","JERC","JERC_054",,"NEON.PLA.D03.JERC.02166","ok","single bole tree","Live",10.6,130,9.9,,,,,,,,,,,,,"cMb2B+jx12AMjNtsEA8t48GND5R87ks/","9FGGVOw93jfS5aOA3dpabjU14a/sOVS4","legacyData"
"142eb61a-c9a0-4106-9017-3780aa032a4f","JERC_054.basePlot.vst","2016-09-08","vst_JERC_2016","D03","JERC","JERC_054",,"NEON.PLA.D03.JERC.00900","ok","liana","Live",1.7,130,,,,,,,,,,,,,,"cMb2B+jx12AMjNtsEA8t48GND5R87ks/","9FGGVOw93jfS5aOA3dpabjU14a/sOVS4","legacyData"
"d2878377-6d48-4c1e-94bc-6a97e0b024a4","JERC_054.basePlot.vst","2016-09-08","vst_JERC_2016","D03","JERC","JERC_054",,"NEON.PLA.D03.JERC.05017","ok","small tree","Live",1.3,10,1.8,,,,,,,,,,,,,"cMb2B+jx12AMjNtsEA8t48GND5R87ks/","9FGGVOw93jfS5aOA3dpabjU14a/sOVS4","legacyData"
"376e1b70-6564-47cd-a173-f0dc4385b63a","JERC_054.basePlot.vst","2016-09-08","vst_JERC_2016","D03","JERC","JERC_054",,"NEON.PLA.D03.JERC.00958","ok","single bole tree","Live",19.1,130,8.5,,,,,,,,,,,,,"cMb2B+jx12AMjNtsEA8t48GND5R87ks/","9FGGVOw93jfS5aOA3dpabjU14a/sOVS4","legacyData"
"eb24c8ba-8d1e-4972-a0aa-46f687dc1759","JERC_054.basePlot.vst","2016-09-08","vst_JERC_2016","D03","JERC","JERC_054",,"NEON.PLA.D03.JERC.02365","ok","single shrub","Live",,,1.9,,,,,,,,1.3,10,,,"Shrub shape and stem diameter at 130 cm was not recorded in the field","cMb2B+jx12AMjNtsEA8t48GND5R87ks/","9FGGVOw93jfS5aOA3dpabjU14a/sOVS4","legacyData"
"807af354-6a7a-4652-b87b-5eac4db47c96","JERC_054.basePlot.vst","2016-09-08","vst_JERC_2016","D03","JERC","JERC_054",,"NEON.PLA.D03.JERC.00964","ok","single bole tree","Live",23.8,130,13.3,,,,,,,,,,,,,"cMb2B+jx12AMjNtsEA8t48GND5R87ks/","9FGGVOw93jfS5aOA3dpabjU14a/sOVS4","legacyData"
"3351c0a2-4ace-4fdf-8d88-fb9c2aeaa070","JERC_054.basePlot.vst","2016-09-08","vst_JERC_2016","D03","JERC","JERC_054",,"NEON.PLA.D03.JERC.01000","ok","single bole tree","Live",13.4,130,12.2,,,,,,,,,,,,,"cMb2B+jx12AMjNtsEA8t48GND5R87ks/","9FGGVOw93jfS5aOA3dpabjU14a/sOVS4","legacyData"
"3d3e181b-226b-4387-8f4a-23569ca07a79","JERC_054.basePlot.vst","2016-09-08","vst_JERC_2016","D03","JERC","JERC_054",,"NEON.PLA.D03.JERC.02373","ok","liana","Live",1.5,130,,,,,,,,,,,,,,"cMb2B+jx12AMjNtsEA8t48GND5R87ks/","9FGGVOw93jfS5aOA3dpabjU14a/sOVS4","legacyData"
"081a4e24-957f-4ed1-aa19-bfb3efdb8aa7","JERC_054.basePlot.vst","2016-09-08","vst_JERC_2016","D03","JERC","JERC_054",,"NEON.PLA.D03.JERC.02330A","ok","multi-bole tree","No longer qualifies",6.4,130,4.1,,,,,,,,,,,,,"cMb2B+jx12AMjNtsEA8t48GND5R87ks/","9FGGVOw93jfS5aOA3dpabjU14a/sOVS4","legacyData"
"5fa6c08f-e170-4c79-bc46-2b965855571c","JERC_054.basePlot.vst","2016-09-08","vst_JERC_2016","D03","JERC","JERC_054",,"NEON.PLA.D03.JERC.02326","ok","small tree","Standing dead",3.4,130,,,,,,,,,,,,,"bent/snapped at 0.5 m; stem at a 110 degree angle","cMb2B+jx12AMjNtsEA8t48GND5R87ks/","9FGGVOw93jfS5aOA3dpabjU14a/sOVS4","legacyData"
"e4632d00-d153-4284-95e6-b1028a2a62d4","JERC_054.basePlot.vst","2016-09-08","vst_JERC_2016","D03","JERC","JERC_054",,"NEON.PLA.D03.JERC.00999","ok","single bole tree","Live",37.9,130,15.2,,,,,,,,,,,,,"cMb2B+jx12AMjNtsEA8t48GND5R87ks/","9FGGVOw93jfS5aOA3dpabjU14a/sOVS4","legacyData"
"f67b2cc4-eefb-46b2-9d7d-20ed4a7cc1b6","JERC_054.basePlot.vst","2016-09-08","vst_JERC_2016","D03","JERC","JERC_054",,"NEON.PLA.D03.JERC.02325","ok","sapling","Live",,,1.8,,,,,,,,1.6,10,,,,"cMb2B+jx12AMjNtsEA8t48GND5R87ks/","9FGGVOw93jfS5aOA3dpabjU14a/sOVS4","legacyData"
"eeb40fdf-b17c-43ba-a0da-6989890f6f18","JERC_054.basePlot.vst","2016-09-08","vst_JERC_2016","D03","JERC","JERC_054",,"NEON.PLA.D03.JERC.00983","ok","single bole tree","Live",24.5,130,10.6,,,,,,,,,,,,,"cMb2B+jx12AMjNtsEA8t48GND5R87ks/","9FGGVOw93jfS5aOA3dpabjU14a/sOVS4","legacyData"
"868a4a06-fba3-4af2-9d2c-1aab136bcb6d","JERC_054.basePlot.vst","2016-09-08","vst_JERC_2016","D03","JERC","JERC_054",,"NEON.PLA.D03.JERC.00961","ok","single bole tree","Live",19.3,140,11.1,,,,,,,,,,,,,"cMb2B+jx12AMjNtsEA8t48GND5R87ks/","9FGGVOw93jfS5aOA3dpabjU14a/sOVS4","legacyData"
"33c8f73f-5d35-4b5e-8734-38a5611b9f72","JERC_054.basePlot.vst","2016-09-08","vst_JERC_2016","D03","JERC","JERC_054",,"NEON.PLA.D03.JERC.02379","ok","liana","Live",1.6,130,,,,,,,,,,,,,,"cMb2B+jx12AMjNtsEA8t48GND5R87ks/","9FGGVOw93jfS5aOA3dpabjU14a/sOVS4","legacyData"
"80198dd2-70df-4f48-a69c-29b45275aeaf","JERC_054.basePlot.vst","2016-09-08","vst_JERC_2016","D03","JERC","JERC_054",,"NEON.PLA.D03.JERC.00955","ok","single bole tree","Live",18.3,130,11.5,,,,,,,,,,,,,"cMb2B+jx12AMjNtsEA8t48GND5R87ks/","9FGGVOw93jfS5aOA3dpabjU14a/sOVS4","legacyData"
"09cd229a-e8ac-4505-b9b5-ea961488a140","JERC_054.basePlot.vst","2016-09-08","vst_JERC_2016","D03","JERC","JERC_054",,"NEON.PLA.D03.JERC.02356","ok","small tree","Live",2.2,130,2.4,,,,,,,,,,,,"Recorded as sapling; measurements indicate an smt- check in field","cMb2B+jx12AMjNtsEA8t48GND5R87ks/","9FGGVOw93jfS5aOA3dpabjU14a/sOVS4","legacyData"
"c2b57045-d0ab-47ed-bcff-449a53b45b24","JERC_054.basePlot.vst","2016-09-08","vst_JERC_2016","D03","JERC","JERC_054",,"NEON.PLA.D03.JERC.02502","ok","liana","Live",1.3,130,,,,,,,,,,,,,,"cMb2B+jx12AMjNtsEA8t48GND5R87ks/","9FGGVOw93jfS5aOA3dpabjU14a/sOVS4","legacyData"
"4c5499a9-8a07-4048-ad9a-bd35db2aa676","JERC_054.basePlot.vst","2016-09-08","vst_JERC_2016","D03","JERC","JERC_054",,"NEON.PLA.D03.JERC.02365","ok","single shrub","Live",,,1.9,,,,,,,,1.3,10,,,"shrub shape and other measurements missed/not recorded in field","cMb2B+jx12AMjNtsEA8t48GND5R87ks/","9FGGVOw93jfS5aOA3dpabjU14a/sOVS4","legacyData"
"534062db-7112-480a-99d5-8099223d9045","JERC_054.basePlot.vst","2016-09-08","vst_JERC_2016","D03","JERC","JERC_054",,"NEON.PLA.D03.JERC.02330","ok","multi-bole tree","No longer qualifies",5.2,140,3.3,,,,,,,,,,,,"tag moved to secondary non qualifying secondary bole/stem","cMb2B+jx12AMjNtsEA8t48GND5R87ks/","9FGGVOw93jfS5aOA3dpabjU14a/sOVS4","legacyData"
"7643148c-e305-4c75-bd8a-919d87ff37ce","JERC_054.basePlot.vst","2016-09-08","vst_JERC_2016","D03","JERC","JERC_054",,"NEON.PLA.D03.JERC.02155","ok","single bole tree","Live",20.5,130,13.2,,,,,,,,,,,,,"cMb2B+jx12AMjNtsEA8t48GND5R87ks/","9FGGVOw93jfS5aOA3dpabjU14a/sOVS4","legacyData"
"480317a8-1830-4446-88dd-1a81b9ee4716","JERC_054.basePlot.vst","2016-09-08","vst_JERC_2016","D03","JERC","JERC_054",,"NEON.PLA.D03.JERC.02321","ok","small tree","Live",3.8,130,5.5,,,,,,,,,,,,,"cMb2B+jx12AMjNtsEA8t48GND5R87ks/","9FGGVOw93jfS5aOA3dpabjU14a/sOVS4","legacyData"
"57be14dd-dfe6-4486-ad7c-4f277efe62ba","JERC_054.basePlot.vst","2016-09-08","vst_JERC_2016","D03","JERC","JERC_054",,"NEON.PLA.D03.JERC.02317","ok","sapling","Live",,,0.7,,,,,,,,4.3,10,,,,"cMb2B+jx12AMjNtsEA8t48GND5R87ks/","9FGGVOw93jfS5aOA3dpabjU14a/sOVS4","legacyData"
"22d340af-69f9-40f6-90b5-bb6c2abc9524","JERC_054.basePlot.vst","2016-09-08","vst_JERC_2016","D03","JERC","JERC_054",,"NEON.PLA.D03.JERC.02172","ok","single bole tree","Standing dead",20.2,130,5.8,,,,,,,,,,,,,"cMb2B+jx12AMjNtsEA8t48GND5R87ks/","9FGGVOw93jfS5aOA3dpabjU14a/sOVS4","legacyData"
"c12b85c3-831d-4747-9930-444a837e50b0","JERC_054.basePlot.vst","2016-09-08","vst_JERC_2016","D03","JERC","JERC_054",,"NEON.PLA.D03.JERC.02392","ok","liana","Live",2.0,130,,,,,,,,,,,,,,"cMb2B+jx12AMjNtsEA8t48GND5R87ks/","9FGGVOw93jfS5aOA3dpabjU14a/sOVS4","legacyData"
"7b2870f2-cf80-4c84-bde0-f1f3c6e76d30","JERC_054.basePlot.vst","2016-09-08","vst_JERC_2016","D03","JERC","JERC_054",,"NEON.PLA.D03.JERC.02391","ok","liana","Live",1.7,130,,,,,,,,,,,,,,"cMb2B+jx12AMjNtsEA8t48GND5R87ks/","9FGGVOw93jfS5aOA3dpabjU14a/sOVS4","legacyData"
"fdcf01e6-191b-4f45-a594-ec8c62f13b7b","JERC_054.basePlot.vst","2016-09-08","vst_JERC_2016","D03","JERC","JERC_054",,"NEON.PLA.D03.JERC.00998","ok","single bole tree","Live",24.3,130,19.9,,,,,,,,,,,,,"cMb2B+jx12AMjNtsEA8t48GND5R87ks/","9FGGVOw93jfS5aOA3dpabjU14a/sOVS4","legacyData"
"47d207dd-5a09-4398-b84a-1a40e8efdd06","JERC_054.basePlot.vst","2016-09-08","vst_JERC_2016","D03","JERC","JERC_054",,"NEON.PLA.D03.JERC.02397","ok","liana","Live",1.9,130,,,,,,,,,,,,,,"cMb2B+jx12AMjNtsEA8t48GND5R87ks/","9FGGVOw93jfS5aOA3dpabjU14a/sOVS4","legacyData"
"880d98a6-b97f-4d9a-a093-1d354c71da00","JERC_054.basePlot.vst","2016-09-08","vst_JERC_2016","D03","JERC","JERC_054",,"NEON.PLA.D03.JERC.05012","ok","small tree","Live,  other damage",1.2,130,1.3,,,,,,,,,,,,"bent over by wind; has a falling branch; recorded as sap but measurements and 2015 data indicated it is an smt","cMb2B+jx12AMjNtsEA8t48GND5R87ks/","9FGGVOw93jfS5aOA3dpabjU14a/sOVS4","legacyData"
"6c250793-bab9-492e-bce2-95608064bf4a","JERC_054.basePlot.vst","2016-09-08","vst_JERC_2016","D03","JERC","JERC_054",,"NEON.PLA.D03.JERC.03633","ok","sapling","Live",,,0.9,,,,,,,,1.1,10,,,,"cMb2B+jx12AMjNtsEA8t48GND5R87ks/","9FGGVOw93jfS5aOA3dpabjU14a/sOVS4","legacyData"
"7236ccb7-725a-40d5-8846-6d91c5bbed0c","JERC_054.basePlot.vst","2016-09-08","vst_JERC_2016","D03","JERC","JERC_054",,"NEON.PLA.D03.JERC.02382","ok","liana","Live",4.0,130,,,,,,,,,,,,,,"cMb2B+jx12AMjNtsEA8t48GND5R87ks/","9FGGVOw93jfS5aOA3dpabjU14a/sOVS4","legacyData"
"fc446171-b469-47e6-b6f3-241cd7888368","JERC_054.basePlot.vst","2016-09-08","vst_JERC_2016","D03","JERC","JERC_054",,"NEON.PLA.D03.JERC.03635","ok","sapling","Live",,,0.5,,,,,,,,2.3,10,,,,"cMb2B+jx12AMjNtsEA8t48GND5R87ks/","9FGGVOw93jfS5aOA3dpabjU14a/sOVS4","legacyData"
"45c33069-18d4-4925-9bf7-a4f3f4b77446","JERC_054.basePlot.vst","2016-09-08","vst_JERC_2016","D03","JERC","JERC_054",,"NEON.PLA.D03.JERC.00992","ok","single bole tree","Standing dead",14.0,130,4.6,,,,,,,,,,,,,"cMb2B+jx12AMjNtsEA8t48GND5R87ks/","9FGGVOw93jfS5aOA3dpabjU14a/sOVS4","legacyData"
"6d88dfac-2616-4754-a26b-6b6e815aa001","JERC_054.basePlot.vst","2016-09-08","vst_JERC_2016","D03","JERC","JERC_054",,"NEON.PLA.D03.JERC.02384","ok","liana","Live",6.2,130,,,,,,,,,,,,,,"cMb2B+jx12AMjNtsEA8t48GND5R87ks/","9FGGVOw93jfS5aOA3dpabjU14a/sOVS4","legacyData"
"a03e622b-6d9b-4ef7-b044-ce7169275b50","JERC_054.basePlot.vst","2016-09-08","vst_JERC_2016","D03","JERC","JERC_054",,"NEON.PLA.D03.JERC.00982","ok","single bole tree","Live",27.8,130,14.6,,,,,,,,,,,,,"cMb2B+jx12AMjNtsEA8t48GND5R87ks/","9FGGVOw93jfS5aOA3dpabjU14a/sOVS4","legacyData"
"51c6f111-dbf0-41de-85ee-42026bccf366","JERC_054.basePlot.vst","2016-09-08","vst_JERC_2016","D03","JERC","JERC_054",,"NEON.PLA.D03.JERC.02156","ok","single bole tree","Live,  other damage",24.1,130,16.9,,,,,,,,,,,,"seeping black spots on base of bole; potential fungal damage","cMb2B+jx12AMjNtsEA8t48GND5R87ks/","9FGGVOw93jfS5aOA3dpabjU14a/sOVS4","legacyData"
"f9db6c7b-2d92-47b9-84d9-5c2d8f42b488","JERC_054.basePlot.vst","2016-09-08","vst_JERC_2016","D03","JERC","JERC_054",,"NEON.PLA.D03.JERC.02399","ok","liana","Live",2.2,130,,,,,,,,,,,,,,"cMb2B+jx12AMjNtsEA8t48GND5R87ks/","9FGGVOw93jfS5aOA3dpabjU14a/sOVS4","legacyData"
"065895e3-c194-431b-86bb-b266ae27457a","JERC_054.basePlot.vst","2016-09-08","vst_JERC_2016","D03","JERC","JERC_054",,"NEON.PLA.D03.JERC.00997","ok","multi-bole tree","Live",22.2,130,15.7,,,,,,,,,,,,,"cMb2B+jx12AMjNtsEA8t48GND5R87ks/","9FGGVOw93jfS5aOA3dpabjU14a/sOVS4","legacyData"
"6b55f734-a29b-44c4-b7d1-62d1b6835dad","JERC_054.basePlot.vst","2016-09-08","vst_JERC_2016","D03","JERC","JERC_054",,"NEON.PLA.D03.JERC.02171","ok","single bole tree","Live",28.3,130,11.5,,,,,,,,,,,,,"cMb2B+jx12AMjNtsEA8t48GND5R87ks/","9FGGVOw93jfS5aOA3dpabjU14a/sOVS4","legacyData"
"f5bd1a3b-ffa5-47d1-a8ff-587ed29ead9f","JERC_054.basePlot.vst","2016-09-08","vst_JERC_2016","D03","JERC","JERC_054",,"NEON.PLA.D03.JERC.00984","ok","single bole tree","Standing dead",19.0,130,8.0,,,,,,,,,,,,,"cMb2B+jx12AMjNtsEA8t48GND5R87ks/","9FGGVOw93jfS5aOA3dpabjU14a/sOVS4","legacyData"
"e5c18565-1cd2-4a16-b79f-c7e5eacdd983","JERC_054.basePlot.vst","2016-09-08","vst_JERC_2016","D03","JERC","JERC_054",,"NEON.PLA.D03.JERC.02229","ok","small tree","Live",3.1,130,3.6,,,,,,,,,,,,,"cMb2B+jx12AMjNtsEA8t48GND5R87ks/","9FGGVOw93jfS5aOA3dpabjU14a/sOVS4","legacyData"
"f818af4c-a534-4635-a4ec-eb28e176f71e","JERC_054.basePlot.vst","2016-09-08","vst_JERC_2016","D03","JERC","JERC_054",,"NEON.PLA.D03.JERC.02162","ok","single bole tree","Live",30.5,130,18.1,,,,,,,,,,,,,"cMb2B+jx12AMjNtsEA8t48GND5R87ks/","9FGGVOw93jfS5aOA3dpabjU14a/sOVS4","legacyData"
"95d36d7c-853a-4da9-a031-18bb1365a5bd","JERC_054.basePlot.vst","2016-09-08","vst_JERC_2016","D03","JERC","JERC_054",,"NEON.PLA.D03.JERC.00995","ok","single bole tree","Live",19.1,130,17.1,,,,,,,,,,,,,"cMb2B+jx12AMjNtsEA8t48GND5R87ks/","9FGGVOw93jfS5aOA3dpabjU14a/sOVS4","legacyData"
"cd04f8bf-da4c-4692-9eda-9991b2175586","JERC_054.basePlot.vst","2016-09-08","vst_JERC_2016","D03","JERC","JERC_054",,"NEON.PLA.D03.JERC.02388","ok","liana","Live",2.7,130,,,,,,,,,,,,,"supporting tag 986 is status 10","cMb2B+jx12AMjNtsEA8t48GND5R87ks/","9FGGVOw93jfS5aOA3dpabjU14a/sOVS4","legacyData"
"ba8b9431-c778-4f13-8c4e-f8f50cb3751d","JERC_054.basePlot.vst","2016-09-08","vst_JERC_2016","D03","JERC","JERC_054",,"NEON.PLA.D03.JERC.02159","ok","single bole tree","Live",17.3,130,10.9,,,,,,,,,,,,,"cMb2B+jx12AMjNtsEA8t48GND5R87ks/","9FGGVOw93jfS5aOA3dpabjU14a/sOVS4","legacyData"
"aee2aa21-2adc-4bf2-99c2-a380e34222c0","JERC_054.basePlot.vst","2016-09-08","vst_JERC_2016","D03","JERC","JERC_054",,"NEON.PLA.D03.JERC.00956","ok","single bole tree","Live",36.2,140,18.1,,,,,,,,,,,,,"cMb2B+jx12AMjNtsEA8t48GND5R87ks/","9FGGVOw93jfS5aOA3dpabjU14a/sOVS4","legacyData"
"4bcd274e-d94b-4837-8370-c39461ffabdc","JERC_054.basePlot.vst","2016-09-08","vst_JERC_2016","D03","JERC","JERC_054",,"NEON.PLA.D03.JERC.03636","ok","sapling","Live",,,1.9,,,,,,,,2.0,10,,,,"cMb2B+jx12AMjNtsEA8t48GND5R87ks/","9FGGVOw93jfS5aOA3dpabjU14a/sOVS4","legacyData"
"8ed8badd-0429-44f2-8151-123ac60e9a0d","JERC_054.basePlot.vst","2016-09-08","vst_JERC_2016","D03","JERC","JERC_054",,"NEON.PLA.D03.JERC.02398","ok","liana","Live",2.5,130,,,,,,,,,,,,,,"cMb2B+jx12AMjNtsEA8t48GND5R87ks/","9FGGVOw93jfS5aOA3dpabjU14a/sOVS4","legacyData"
"e55d2127-fc91-48c5-b660-f318dd442a73","JERC_054.basePlot.vst","2016-09-08","vst_JERC_2016","D03","JERC","JERC_054",,"NEON.PLA.D03.JERC.02390","ok",,"No longer qualifies",,,,,,,,,,,,,,,"Recorded as status 8 without indication as to why","cMb2B+jx12AMjNtsEA8t48GND5R87ks/","9FGGVOw93jfS5aOA3dpabjU14a/sOVS4","legacyData"
"12171fb1-6ca4-4f28-9085-ee718187c829","JERC_054.basePlot.vst","2016-09-08","vst_JERC_2016","D03","JERC","JERC_054",,"NEON.PLA.D03.JERC.00985","ok","single bole tree","Live",33.9,130,15.3,,,,,,,,,,,,"shelf fungus present at the base of the bole","cMb2B+jx12AMjNtsEA8t48GND5R87ks/","9FGGVOw93jfS5aOA3dpabjU14a/sOVS4","legacyData"
"dc5ee2d0-bf1d-45b6-a6f8-9addb967bf3f","JERC_054.basePlot.vst","2016-09-08","vst_JERC_2016","D03","JERC","JERC_054",,"NEON.PLA.D03.JERC.02393","ok","liana","Live",2.6,130,,,,,,,,,,,,,,"cMb2B+jx12AMjNtsEA8t48GND5R87ks/","9FGGVOw93jfS5aOA3dpabjU14a/sOVS4","legacyData"
"e2e7a0a1-45e0-48fd-bf8b-29f493a2a953","JERC_054.basePlot.vst","2016-09-08","vst_JERC_2016","D03","JERC","JERC_054",,"NEON.PLA.D03.JERC.02506","ok","liana","Live",2.5,130,,,,,,,,,,,,,,"cMb2B+jx12AMjNtsEA8t48GND5R87ks/","9FGGVOw93jfS5aOA3dpabjU14a/sOVS4","legacyData"
"fb27cf59-679c-40f2-b072-71c7b339c99b","JERC_054.basePlot.vst","2016-09-08","vst_JERC_2016","D03","JERC","JERC_054",,"NEON.PLA.D03.JERC.02380","ok","liana","Live",1.5,130,,,,,,,,,,,,,,"cMb2B+jx12AMjNtsEA8t48GND5R87ks/","9FGGVOw93jfS5aOA3dpabjU14a/sOVS4","legacyData"
"d38a8b89-53ef-4835-b37a-d47e7b3b50fe","JERC_054.basePlot.vst","2016-09-08","vst_JERC_2016","D03","JERC","JERC_054",,"NEON.PLA.D03.JERC.05016","ok","sapling","Live",,,1.0,,,,,,,,1.0,10,,,,"cMb2B+jx12AMjNtsEA8t48GND5R87ks/","9FGGVOw93jfS5aOA3dpabjU14a/sOVS4","legacyData"
"4b2e6ca9-93a1-4e44-aa45-db37ca573a8a","JERC_054.basePlot.vst","2016-09-08","vst_JERC_2016","D03","JERC","JERC_054",,"NEON.PLA.D03.JERC.02206","ok","single bole tree","Live",16.0,130,13.8,,,,,,,,,,,,,"cMb2B+jx12AMjNtsEA8t48GND5R87ks/","9FGGVOw93jfS5aOA3dpabjU14a/sOVS4","legacyData"
"84331a9d-1d30-4e58-8e2a-59745802bba6","JERC_054.basePlot.vst","2016-09-08","vst_JERC_2016","D03","JERC","JERC_054",,"NEON.PLA.D03.JERC.02170","ok","single bole tree","Live",26.4,130,13.4,,,,,,,,,,,,,"cMb2B+jx12AMjNtsEA8t48GND5R87ks/","9FGGVOw93jfS5aOA3dpabjU14a/sOVS4","legacyData"
"7651e370-df4d-412d-aedb-b7ad80d780eb","JERC_054.basePlot.vst","2016-09-08","vst_JERC_2016","D03","JERC","JERC_054",,"NEON.PLA.D03.JERC.00990A","ok","multi-bole tree","Live",9.9,130,12.3,,,,,,,,,,,,,"cMb2B+jx12AMjNtsEA8t48GND5R87ks/","9FGGVOw93jfS5aOA3dpabjU14a/sOVS4","legacyData"
"b84a9177-88e4-4317-a325-abd01675c2c9","JERC_054.basePlot.vst","2016-09-08","vst_JERC_2016","D03","JERC","JERC_054",,"NEON.PLA.D03.JERC.00954","ok","single bole tree","Live",29.7,130,15.1,,,,,,,,,,,,,"cMb2B+jx12AMjNtsEA8t48GND5R87ks/","9FGGVOw93jfS5aOA3dpabjU14a/sOVS4","legacyData"
"536bb00c-d2df-4376-bb6e-f08ab01a22c6","JERC_054.basePlot.vst","2016-09-08","vst_JERC_2016","D03","JERC","JERC_054",,"NEON.PLA.D03.JERC.00991","ok","single bole tree","Live",20.1,130,8.0,,,,,,,,,,,,,"cMb2B+jx12AMjNtsEA8t48GND5R87ks/","9FGGVOw93jfS5aOA3dpabjU14a/sOVS4","legacyData"
"f4c068a4-71d2-4b2f-82a8-8a91983c8dec","JERC_054.basePlot.vst","2016-09-08","vst_JERC_2016","D03","JERC","JERC_054",,"NEON.PLA.D03.JERC.05018","ok","single bole tree","Live",11.9,130,12.0,,,,,,,,,,,,,"cMb2B+jx12AMjNtsEA8t48GND5R87ks/","9FGGVOw93jfS5aOA3dpabjU14a/sOVS4","legacyData"
"39745eb2-d915-44d0-a5a8-739d21162086","JERC_054.basePlot.vst","2016-09-08","vst_JERC_2016","D03","JERC","JERC_054",,"NEON.PLA.D03.JERC.02503","ok","liana","Live",2.1,130,,,,,,,,,,,,,,"cMb2B+jx12AMjNtsEA8t48GND5R87ks/","9FGGVOw93jfS5aOA3dpabjU14a/sOVS4","legacyData"
"c36ce4e8-e7ab-4c74-8b98-4d37b67ed530","JERC_054.basePlot.vst","2016-09-08","vst_JERC_2016","D03","JERC","JERC_054",,"NEON.PLA.D03.JERC.02163","ok","single bole tree","Live, broken bole",14.0,140,3.7,,,,,,,,,,,,"Measurements for the break were not taken. Stem status might be incorrect; but cannot determine without looking at tree in the field. Remarks 2016: @145 suppression; dead top with basal sprouts around 2 m up.","cMb2B+jx12AMjNtsEA8t48GND5R87ks/","9FGGVOw93jfS5aOA3dpabjU14a/sOVS4","legacyData"
"95bdf92e-e9d3-40a3-99f3-09cb41cd496a","JERC_054.basePlot.vst","2016-09-08","vst_JERC_2016","D03","JERC","JERC_054",,"NEON.PLA.D03.JERC.00963","ok","single bole tree","Live",11.2,140,11.5,,,,,,,,,,,,,"cMb2B+jx12AMjNtsEA8t48GND5R87ks/","9FGGVOw93jfS5aOA3dpabjU14a/sOVS4","legacyData"
"1be601c9-3268-4de4-927b-81608ce3d234","JERC_054.basePlot.vst","2016-09-08","vst_JERC_2016","D03","JERC","JERC_054",,"NEON.PLA.D03.JERC.02319","ok","small tree","Live, broken bole",3.8,130,3.1,,,,,,,,,,,,"break measurements were not taken; break at the top of the bole likely due to recent tropical storm winds.","cMb2B+jx12AMjNtsEA8t48GND5R87ks/","9FGGVOw93jfS5aOA3dpabjU14a/sOVS4","legacyData"
"1d372a75-28aa-4990-871d-29ae73f2e102","JERC_054.basePlot.vst","2016-09-08","vst_JERC_2016","D03","JERC","JERC_054",,"NEON.PLA.D03.JERC.05015","ok","sapling","Live",,,0.6,,,,,,,,1.0,10,,,,"cMb2B+jx12AMjNtsEA8t48GND5R87ks/","9FGGVOw93jfS5aOA3dpabjU14a/sOVS4","legacyData"
"24dce955-1694-4ec9-9636-a77467495791","JERC_054.basePlot.vst","2016-09-08","vst_JERC_2016","D03","JERC","JERC_054",,"NEON.PLA.D03.JERC.02507","ok","liana","Live",2.1,130,,,,,,,,,,,,,,"cMb2B+jx12AMjNtsEA8t48GND5R87ks/","9FGGVOw93jfS5aOA3dpabjU14a/sOVS4","legacyData"
"f5911efb-5055-4342-921a-32e29bd43943","JERC_054.basePlot.vst","2016-09-08","vst_JERC_2016","D03","JERC","JERC_054",,"NEON.PLA.D03.JERC.02358","ok","sapling","Live",,,1.3,,,,,,,,1.1,10,,,,"cMb2B+jx12AMjNtsEA8t48GND5R87ks/","9FGGVOw93jfS5aOA3dpabjU14a/sOVS4","legacyData"
"7d34a66b-327d-43a7-a043-ab371795c87f","JERC_054.basePlot.vst","2016-09-08","vst_JERC_2016","D03","JERC","JERC_054",,"NEON.PLA.D03.JERC.02383","ok","liana","Live",3.8,130,,,,,,,,,,,,,,"cMb2B+jx12AMjNtsEA8t48GND5R87ks/","9FGGVOw93jfS5aOA3dpabjU14a/sOVS4","legacyData"
"899c4069-e5fc-46c0-ac76-b9fa5b8c7e10","JERC_054.basePlot.vst","2016-09-08","vst_JERC_2016","D03","JERC","JERC_054",,"NEON.PLA.D03.JERC.02394","unknown",,"Lost, tag damaged",,,,,,,,,,,,,,,"tag not found; listed as dead in previous year","cMb2B+jx12AMjNtsEA8t48GND5R87ks/","9FGGVOw93jfS5aOA3dpabjU14a/sOVS4","legacyData"
"93917523-5566-4e43-94f5-7a477e262019","JERC_054.basePlot.vst","2016-09-08","vst_JERC_2016","D03","JERC","JERC_054",,"NEON.PLA.D03.JERC.02387","ok","liana","Live",2.1,130,,,,,,,,,,,,,"supporting tag 986 is a plantstatus 10","cMb2B+jx12AMjNtsEA8t48GND5R87ks/","9FGGVOw93jfS5aOA3dpabjU14a/sOVS4","legacyData"
"cf2e5463-23fd-442a-8f80-81452653b771","JERC_054.basePlot.vst","2016-09-08","vst_JERC_2016","D03","JERC","JERC_054",,"NEON.PLA.D03.JERC.00962","ok","single bole tree","Live",26.5,130,10.3,,,,,,,,,,,,"A cavity is present at the base of the bole.","cMb2B+jx12AMjNtsEA8t48GND5R87ks/","9FGGVOw93jfS5aOA3dpabjU14a/sOVS4","legacyData"
"3354edba-588e-497e-abf2-b2cb0aaebf48","JERC_054.basePlot.vst","2016-09-08","vst_JERC_2016","D03","JERC","JERC_054",,"NEON.PLA.D03.JERC.02378","ok","liana","Live",1.6,130,,,,,,,,,,,,,,"cMb2B+jx12AMjNtsEA8t48GND5R87ks/","9FGGVOw93jfS5aOA3dpabjU14a/sOVS4","legacyData"
"ae9680c4-e121-4eaf-9dec-cd6bce6c89be","JERC_054.basePlot.vst","2016-09-08","vst_JERC_2016","D03","JERC","JERC_054",,"NEON.PLA.D03.JERC.00957","ok","single bole tree","Live",12.6,130,11.8,,,,,,,,,,,,,"cMb2B+jx12AMjNtsEA8t48GND5R87ks/","9FGGVOw93jfS5aOA3dpabjU14a/sOVS4","legacyData"
"4698af8e-7bb4-4a1d-b315-41090d694d23","JERC_054.basePlot.vst","2016-09-08","vst_JERC_2016","D03","JERC","JERC_054",,"NEON.PLA.D03.JERC.02374","ok","liana","Live",1.3,130,,,,,,,,,,,,,,"cMb2B+jx12AMjNtsEA8t48GND5R87ks/","9FGGVOw93jfS5aOA3dpabjU14a/sOVS4","legacyData"
"9c826699-3afa-4c8d-babd-572c3424c39c","JERC_054.basePlot.vst","2016-09-08","vst_JERC_2016","D03","JERC","JERC_054",,"NEON.PLA.D03.JERC.02165","ok","single bole tree","Standing dead",14.4,130,12.3,,,,,,,,,,,,"tiny basal sprouts present at base","cMb2B+jx12AMjNtsEA8t48GND5R87ks/","9FGGVOw93jfS5aOA3dpabjU14a/sOVS4","legacyData"
"0ee99d70-f523-4bb7-916b-a5f0ef9e0460","JERC_054.basePlot.vst","2016-09-08","vst_JERC_2016","D03","JERC","JERC_054",,"NEON.PLA.D03.JERC.00997A","ok","multi-bole tree","Live, broken bole",19.2,130,7.3,,,,,,,,,,,,"not all break measurements were taken","cMb2B+jx12AMjNtsEA8t48GND5R87ks/","9FGGVOw93jfS5aOA3dpabjU14a/sOVS4","legacyData"
"a616b89c-4354-44d4-a2e6-5e3c52c85b7d","JERC_054.basePlot.vst","2016-09-08","vst_JERC_2016","D03","JERC","JERC_054",,"NEON.PLA.D03.JERC.02322","ok","sapling","Live",,,2.0,,,,,,,,1.6,10,,,,"cMb2B+jx12AMjNtsEA8t48GND5R87ks/","9FGGVOw93jfS5aOA3dpabjU14a/sOVS4","legacyData"
"21e80a0c-bea4-4027-93b9-d72e51f0f1bb","JERC_054.basePlot.vst","2016-09-08","vst_JERC_2016","D03","JERC","JERC_054",,"NEON.PLA.D03.JERC.02385","ok","liana","Live",3.8,130,,,,,,,,,,,,,,"cMb2B+jx12AMjNtsEA8t48GND5R87ks/","9FGGVOw93jfS5aOA3dpabjU14a/sOVS4","legacyData"
"a5a99334-c50e-4735-adcb-b0637e0261c3","JERC_054.basePlot.vst","2016-09-08","vst_JERC_2016","D03","JERC","JERC_054",,"NEON.PLA.D03.JERC.05013","ok","sapling","Live",,,0.8,,,,,,,,1.0,10,,,,"cMb2B+jx12AMjNtsEA8t48GND5R87ks/","9FGGVOw93jfS5aOA3dpabjU14a/sOVS4","legacyData"
"2fee4fd1-66fb-41c2-b71f-489308d29664","JERC_054.basePlot.vst","2016-09-08","vst_JERC_2016","D03","JERC","JERC_054",,"NEON.PLA.D03.JERC.02386","ok","liana","Live",3.0,130,,,,,,,,,,,,,,"cMb2B+jx12AMjNtsEA8t48GND5R87ks/","9FGGVOw93jfS5aOA3dpabjU14a/sOVS4","legacyData"
"4be41848-217a-448f-a517-de46bebe6129","JERC_054.basePlot.vst","2016-09-08","vst_JERC_2016","D03","JERC","JERC_054",,"NEON.PLA.D03.JERC.02160","ok","single bole tree","Live",21.3,130,18.3,,,,,,,,,,,,,"cMb2B+jx12AMjNtsEA8t48GND5R87ks/","9FGGVOw93jfS5aOA3dpabjU14a/sOVS4","legacyData"
"8f1b7277-ec0b-4409-b842-b696ef9ea7bd","JERC_054.basePlot.vst","2016-09-08","vst_JERC_2016","D03","JERC","JERC_054",,"NEON.PLA.D03.JERC.00996","ok","single bole tree","Live",21.9,130,14.3,,,,,,,,,,,,,"cMb2B+jx12AMjNtsEA8t48GND5R87ks/","9FGGVOw93jfS5aOA3dpabjU14a/sOVS4","legacyData"
"9a22ff01-3f47-4910-bbbd-79b9bcd6f508","JERC_054.basePlot.vst","2016-09-08","vst_JERC_2016","D03","JERC","JERC_054",,"NEON.PLA.D03.JERC.02400","ok","liana","Live",3.3,130,,,,,,,,,,,,,,"cMb2B+jx12AMjNtsEA8t48GND5R87ks/","9FGGVOw93jfS5aOA3dpabjU14a/sOVS4","legacyData"
"19c0bf08-1c88-4f4e-b0bf-f336dbedfc42","JERC_054.basePlot.vst","2016-09-08","vst_JERC_2016","D03","JERC","JERC_054",,"NEON.PLA.D03.JERC.00994","ok","single bole tree","Live",25.8,130,15.8,,,,,,,,,,,,,"cMb2B+jx12AMjNtsEA8t48GND5R87ks/","9FGGVOw93jfS5aOA3dpabjU14a/sOVS4","legacyData"
"32b6ec6d-17f5-4e0d-9d40-e62bc91dabf9","JERC_054.basePlot.vst","2016-09-08","vst_JERC_2016","D03","JERC","JERC_054",,"NEON.PLA.D03.JERC.02369","ok","small tree","Live",1.3,130,1.6,,,,,,,,,,,,,"cMb2B+jx12AMjNtsEA8t48GND5R87ks/","9FGGVOw93jfS5aOA3dpabjU14a/sOVS4","legacyData"
"d11d1133-4d78-47aa-b075-0030cfbf6bd4","JERC_054.basePlot.vst","2016-09-08","vst_JERC_2016","D03","JERC","JERC_054",,"NEON.PLA.D03.JERC.02173","ok","single bole tree","Standing dead",12.3,130,2.7,,,,,,,,,,,,,"cMb2B+jx12AMjNtsEA8t48GND5R87ks/","9FGGVOw93jfS5aOA3dpabjU14a/sOVS4","legacyData"
"9d6dc3fa-4c5b-4118-96ff-c110edb8cb8f","JERC_054.basePlot.vst","2016-09-08","vst_JERC_2016","D03","JERC","JERC_054",,"NEON.PLA.D03.JERC.05014","ok","sapling","Live",,,1.6,,,,,,,,1.1,10,,,,"cMb2B+jx12AMjNtsEA8t48GND5R87ks/","9FGGVOw93jfS5aOA3dpabjU14a/sOVS4","legacyData"
"2681d15c-b8a2-4270-a2fc-be630b9a312c","JERC_054.basePlot.vst","2016-09-08","vst_JERC_2016","D03","JERC","JERC_054",,"NEON.PLA.D03.JERC.02330","ok","multi-bole tree","Live, broken bole",12.0,130,0.7,,,,,,,,,,,,"Tag was moved to non qualifying second stem or bole; confusion regarding measurements because of unfamiliarity with a broken multi-bole tree.","cMb2B+jx12AMjNtsEA8t48GND5R87ks/","9FGGVOw93jfS5aOA3dpabjU14a/sOVS4","legacyData"
"d580ed07-baf2-4fd9-8c4d-9699870397b7","JERC_054.basePlot.vst","2016-09-08","vst_JERC_2016","D03","JERC","JERC_054",,"NEON.PLA.D03.JERC.02158","ok","single bole tree","Live",23.9,130,17.6,,,,,,,,,,,,,"cMb2B+jx12AMjNtsEA8t48GND5R87ks/","9FGGVOw93jfS5aOA3dpabjU14a/sOVS4","legacyData"
"65ba1e1d-23ff-42b8-891d-bfd5daca81f4","JERC_054.basePlot.vst","2016-09-08","vst_JERC_2016","D03","JERC","JERC_054",,"NEON.PLA.D03.JERC.02167A","ok","multi-bole tree","Live",3.5,130,5.1,,,,,,,,,,,,,"cMb2B+jx12AMjNtsEA8t48GND5R87ks/","9FGGVOw93jfS5aOA3dpabjU14a/sOVS4","legacyData"
"a255357a-0316-4976-b91c-812920765d4a","JERC_054.basePlot.vst","2016-09-08","vst_JERC_2016","D03","JERC","JERC_054",,"NEON.PLA.D03.JERC.02364","ok","small tree","Live",2.0,130,3.0,,,,,,,,,,,,,"cMb2B+jx12AMjNtsEA8t48GND5R87ks/","9FGGVOw93jfS5aOA3dpabjU14a/sOVS4","legacyData"
"663d6b35-480d-45e4-8418-83f3e224ac7d","JERC_054.basePlot.vst","2016-09-08","vst_JERC_2016","D03","JERC","JERC_054",,"NEON.PLA.D03.JERC.02504","ok","liana","Live",1.6,130,,,,,,,,,,,,,,"cMb2B+jx12AMjNtsEA8t48GND5R87ks/","9FGGVOw93jfS5aOA3dpabjU14a/sOVS4","legacyData"
"2555cbc4-9095-4d98-b701-a6cd680ed466","JERC_054.basePlot.vst","2016-09-08","vst_JERC_2016","D03","JERC","JERC_054",,"NEON.PLA.D03.JERC.02376","ok","liana","Live",1.5,130,,,,,,,,,,,,,,"cMb2B+jx12AMjNtsEA8t48GND5R87ks/","9FGGVOw93jfS5aOA3dpabjU14a/sOVS4","legacyData"
"5fe32d6a-2d91-438e-98da-e57a3b2fae5c","JERC_054.basePlot.vst","2016-09-08","vst_JERC_2016","D03","JERC","JERC_054",,"NEON.PLA.D03.JERC.02167","ok","multi-bole tree","Live",10.5,130,8.5,,,,,,,,,,,,,"cMb2B+jx12AMjNtsEA8t48GND5R87ks/","9FGGVOw93jfS5aOA3dpabjU14a/sOVS4","legacyData"
"c3aacffb-a4db-4767-b9f9-fe0ed83550ed","JERC_054.basePlot.vst","2016-09-08","vst_JERC_2016","D03","JERC","JERC_054",,"NEON.PLA.D03.JERC.02389","ok","liana","Live",2.9,130,,,,,,,,,,,,,,"cMb2B+jx12AMjNtsEA8t48GND5R87ks/","9FGGVOw93jfS5aOA3dpabjU14a/sOVS4","legacyData"
"0bed9560-f6a4-47c7-ae3c-18eb4ee7b872","JERC_054.basePlot.vst","2016-09-08","vst_JERC_2016","D03","JERC","JERC_054",,"NEON.PLA.D03.JERC.00966","ok","single bole tree","Live",18.4,140,13.5,,,,,,,,,,,,,"cMb2B+jx12AMjNtsEA8t48GND5R87ks/","9FGGVOw93jfS5aOA3dpabjU14a/sOVS4","legacyData"
"920ee2bb-48f4-4f16-9c0f-296607b3fab4","JERC_054.basePlot.vst","2016-09-08","vst_JERC_2016","D03","JERC","JERC_054",,"NEON.PLA.D03.JERC.02324","ok","small tree","Live",11.0,130,2.4,,,,,,,,,,,,,"cMb2B+jx12AMjNtsEA8t48GND5R87ks/","9FGGVOw93jfS5aOA3dpabjU14a/sOVS4","legacyData"
"7921aba7-c2ef-46d4-be14-e52d2a79bf21","JERC_054.basePlot.vst","2016-09-08","vst_JERC_2016","D03","JERC","JERC_054",,"NEON.PLA.D03.JERC.00979","ok","single bole tree","Live",13.2,130,6.4,,,,,,,,,,,,,"cMb2B+jx12AMjNtsEA8t48GND5R87ks/","9FGGVOw93jfS5aOA3dpabjU14a/sOVS4","legacyData"
"f96d166f-d524-4c8a-91d9-70e8cfc40607","JERC_054.basePlot.vst","2016-09-08","vst_JERC_2016","D03","JERC","JERC_054",,"NEON.PLA.D03.JERC.03634","ok","small tree","Standing dead",3.7,130,2.5,,,,,,,,,,,,"measurements indicate growth form is smt; was recorded as sapling however- check growth form in the field","cMb2B+jx12AMjNtsEA8t48GND5R87ks/","9FGGVOw93jfS5aOA3dpabjU14a/sOVS4","legacyData"
"0e21b8ba-fdb0-46f3-a812-167b5ab893a6","JERC_054.basePlot.vst","2016-09-08","vst_JERC_2016","D03","JERC","JERC_054",,"NEON.PLA.D03.JERC.00993","ok","single bole tree","Live",13.6,130,102.7,,,,,,,,,,,,,"cMb2B+jx12AMjNtsEA8t48GND5R87ks/","9FGGVOw93jfS5aOA3dpabjU14a/sOVS4","legacyData"
"cbf991ec-9c3b-4d89-9c90-43abd1504676","JERC_054.basePlot.vst","2016-09-08","vst_JERC_2016","D03","JERC","JERC_054",,"NEON.PLA.D03.JERC.02390","ok","liana","Live",1.6,130,,,,,,,,,,,,,,"cMb2B+jx12AMjNtsEA8t48GND5R87ks/","9FGGVOw93jfS5aOA3dpabjU14a/sOVS4","legacyData"
"f2ebc9e4-b7be-46a4-91b2-78bc3a93a6be","JERC_054.basePlot.vst","2016-09-08","vst_JERC_2016","D03","JERC","JERC_054",,"NEON.PLA.D03.JERC.02207","ok","sapling","Live",,,0.9,,,,,,,,1.2,10,,,"Measurements taken on basal sprout from dead smt","cMb2B+jx12AMjNtsEA8t48GND5R87ks/","9FGGVOw93jfS5aOA3dpabjU14a/sOVS4","legacyData"
"2c722a0a-114f-4dfa-8724-1311f0419fce","JERC_054.basePlot.vst","2016-09-08","vst_JERC_2016","D03","JERC","JERC_054",,"NEON.PLA.D03.JERC.05019","ok","small tree","Live",3.9,10,1.0,,,,,,,,,,,,,"cMb2B+jx12AMjNtsEA8t48GND5R87ks/","9FGGVOw93jfS5aOA3dpabjU14a/sOVS4","legacyData"
"33619a1d-f9a0-4705-9e51-903b12be7023","JERC_054.basePlot.vst","2016-09-08","vst_JERC_2016","D03","JERC","JERC_054",,"NEON.PLA.D03.JERC.02368","ok","sapling","Live",,,2.4,,,,,,,,2.3,10,,,,"cMb2B+jx12AMjNtsEA8t48GND5R87ks/","9FGGVOw93jfS5aOA3dpabjU14a/sOVS4","legacyData"
"3f7e58aa-eedc-4abd-9116-5229b2e42812","JERC_054.basePlot.vst","2016-09-08","vst_JERC_2016","D03","JERC","JERC_054",,"NEON.PLA.D03.JERC.02208","ok","sapling","Live",,,0.6,,,,,,,,1.8,12,,,,"cMb2B+jx12AMjNtsEA8t48GND5R87ks/","9FGGVOw93jfS5aOA3dpabjU14a/sOVS4","legacyData"
"9b45e43b-1b8c-4733-beb2-ea3f83d5d6e3","JERC_054.basePlot.vst","2016-09-08","vst_JERC_2016","D03","JERC","JERC_054",,"NEON.PLA.D03.JERC.02396","ok","liana","Live",2.3,130,,,,,,,,,,,,,,"cMb2B+jx12AMjNtsEA8t48GND5R87ks/","9FGGVOw93jfS5aOA3dpabjU14a/sOVS4","legacyData"
"e7b4c6c5-5291-4635-b47e-07ce9104de4b","JERC_054.basePlot.vst","2016-09-08","vst_JERC_2016","D03","JERC","JERC_054",,"NEON.PLA.D03.JERC.00959","ok","single bole tree","Live,  other damage",14.6,130,8.5,,,,,,,,,,,,"Top is dying off. Physical damage at the base of the bole","cMb2B+jx12AMjNtsEA8t48GND5R87ks/","9FGGVOw93jfS5aOA3dpabjU14a/sOVS4","legacyData"
"89e338d7-610b-493d-8e86-6f33a5207dc4","JERC_054.basePlot.vst","2016-09-08","vst_JERC_2016","D03","JERC","JERC_054",,"NEON.PLA.D03.JERC.00990","ok","multi-bole tree","Live",16.7,130,13.2,,,,,,,,,,,,,"cMb2B+jx12AMjNtsEA8t48GND5R87ks/","9FGGVOw93jfS5aOA3dpabjU14a/sOVS4","legacyData"
"6a17839c-7b5d-4deb-8675-26f41b62471a","JERC_064.basePlot.vst","2016-09-19","vst_JERC_2016","D03","JERC","JERC_064",,"NEON.PLA.D03.JERC.03593","ok","sapling","Live, disease damaged",,,1.0,,,,,,,,1.0,10,,,,"a+fcOOAiz+7pYTGAZM5S9oWOFHn4va6d","Z1kn+qG/kiLVelUOX7kLSqEptlfcv2S8","legacyData"
"c9b5fa88-f2c4-434d-8c74-c4beaf4dbe15","JERC_064.basePlot.vst","2016-09-19","vst_JERC_2016","D03","JERC","JERC_064",,"NEON.PLA.D03.JERC.03588","ok","sapling","Live",,,1.3,,,,,,,,1.2,10,,,,"a+fcOOAiz+7pYTGAZM5S9oWOFHn4va6d","Z1kn+qG/kiLVelUOX7kLSqEptlfcv2S8","legacyData"
"e354c1db-f0ba-4a9a-b27d-e28ee10e4b9b","JERC_064.basePlot.vst","2016-09-19","vst_JERC_2016","D03","JERC","JERC_064",,"NEON.PLA.D03.JERC.03578","ok","sapling","Live, disease damaged",,,1.0,,,,,,,,1.2,10,,,,"a+fcOOAiz+7pYTGAZM5S9oWOFHn4va6d","Z1kn+qG/kiLVelUOX7kLSqEptlfcv2S8","legacyData"
"3b638358-3d2f-4368-bc69-75c3e4729475","JERC_064.basePlot.vst","2016-09-19","vst_JERC_2016","D03","JERC","JERC_064",,"NEON.PLA.D03.JERC.02940","ok","sapling","Live",,,0.9,,,,,,,,1.1,10,,,,"a+fcOOAiz+7pYTGAZM5S9oWOFHn4va6d","Z1kn+qG/kiLVelUOX7kLSqEptlfcv2S8","legacyData"
"774eec34-ec18-446e-9b68-b6a9cdb9af95","JERC_064.basePlot.vst","2016-09-19","vst_JERC_2016","D03","JERC","JERC_064",,"NEON.PLA.D03.JERC.03050","unknown",,"Lost, tag damaged",,,,,,,,,,,,,,,"tag not found in 2016","a+fcOOAiz+7pYTGAZM5S9oWOFHn4va6d","Z1kn+qG/kiLVelUOX7kLSqEptlfcv2S8","legacyData"
"14736b1f-5581-4fbe-b658-82ca422adc0f","JERC_064.basePlot.vst","2016-09-19","vst_JERC_2016","D03","JERC","JERC_064",,"NEON.PLA.D03.JERC.03608","ok","sapling","Live, disease damaged",,,1.1,,,,,,,,1.7,10,,,,"a+fcOOAiz+7pYTGAZM5S9oWOFHn4va6d","Z1kn+qG/kiLVelUOX7kLSqEptlfcv2S8","legacyData"
"dd00cc6e-500f-478a-a620-37b3996994d6","JERC_064.basePlot.vst","2016-09-19","vst_JERC_2016","D03","JERC","JERC_064",,"NEON.PLA.D03.JERC.02857","ok","single bole tree","Standing dead",47.4,130,23.7,,,,,,,,,,,,,"a+fcOOAiz+7pYTGAZM5S9oWOFHn4va6d","Z1kn+qG/kiLVelUOX7kLSqEptlfcv2S8","legacyData"
"2c174e14-3f7a-43ba-be31-bdfa9c55f86f","JERC_064.basePlot.vst","2016-09-19","vst_JERC_2016","D03","JERC","JERC_064",,"NEON.PLA.D03.JERC.03587","ok","sapling","Live, disease damaged",,,1.2,,,,,,,,1.8,10,,,,"a+fcOOAiz+7pYTGAZM5S9oWOFHn4va6d","Z1kn+qG/kiLVelUOX7kLSqEptlfcv2S8","legacyData"
"27f85b6a-89b4-41ea-813e-7b39a5d91b5b","JERC_064.basePlot.vst","2016-09-19","vst_JERC_2016","D03","JERC","JERC_064",,"NEON.PLA.D03.JERC.03061","ok","small tree","Live",3.5,10,3.6,,,,,,,,,,,,,"a+fcOOAiz+7pYTGAZM5S9oWOFHn4va6d","Z1kn+qG/kiLVelUOX7kLSqEptlfcv2S8","legacyData"
"ea84e9f7-ce38-43f0-88a8-4a2e35d5d0af","JERC_064.basePlot.vst","2016-09-19","vst_JERC_2016","D03","JERC","JERC_064",,"NEON.PLA.D03.JERC.03598","ok","sapling","Live",,,1.9,,,,,,,,1.2,10,,,,"a+fcOOAiz+7pYTGAZM5S9oWOFHn4va6d","Z1kn+qG/kiLVelUOX7kLSqEptlfcv2S8","legacyData"
"b95be79f-7fdc-4fe1-8502-e894930fdda0","JERC_064.basePlot.vst","2016-09-19","vst_JERC_2016","D03","JERC","JERC_064",,"NEON.PLA.D03.JERC.03045","ok","sapling","Live",,,1.6,,,,,,,,2.1,10,,,,"a+fcOOAiz+7pYTGAZM5S9oWOFHn4va6d","Z1kn+qG/kiLVelUOX7kLSqEptlfcv2S8","legacyData"
"1b8eb96f-d212-4eb8-8544-5a9e76551a18","JERC_064.basePlot.vst","2016-09-19","vst_JERC_2016","D03","JERC","JERC_064",,"NEON.PLA.D03.JERC.03613","ok","sapling","Live",,,1.0,,,,,,,,1.1,10,,,,"a+fcOOAiz+7pYTGAZM5S9oWOFHn4va6d","Z1kn+qG/kiLVelUOX7kLSqEptlfcv2S8","legacyData"
"ae31f8d2-919b-4ef0-a86c-43de6afb00f6","JERC_064.basePlot.vst","2016-09-19","vst_JERC_2016","D03","JERC","JERC_064",,"NEON.PLA.D03.JERC.03586","ok","sapling","Live",,,1.0,,,,,,,,1.6,10,,,,"a+fcOOAiz+7pYTGAZM5S9oWOFHn4va6d","Z1kn+qG/kiLVelUOX7kLSqEptlfcv2S8","legacyData"
"bd80958f-b734-4159-9312-327792ef9f20","JERC_064.basePlot.vst","2016-09-19","vst_JERC_2016","D03","JERC","JERC_064",,"NEON.PLA.D03.JERC.03064","ok","sapling","Live",,,0.8,,,,,,,,3.7,10,,,,"a+fcOOAiz+7pYTGAZM5S9oWOFHn4va6d","Z1kn+qG/kiLVelUOX7kLSqEptlfcv2S8","legacyData"
"12aeff4a-2387-4352-be1b-55bcd87fbaa2","JERC_064.basePlot.vst","2016-09-19","vst_JERC_2016","D03","JERC","JERC_064",,"NEON.PLA.D03.JERC.03582","ok","sapling","Live",,,0.7,,,,,,,,1.1,10,,,,"a+fcOOAiz+7pYTGAZM5S9oWOFHn4va6d","Z1kn+qG/kiLVelUOX7kLSqEptlfcv2S8","legacyData"
"3849f4e8-c59d-4a41-b846-92038b29149e","JERC_064.basePlot.vst","2016-09-19","vst_JERC_2016","D03","JERC","JERC_064",,"NEON.PLA.D03.JERC.03053","ok","sapling","Live, insect damaged",,,1.6,,,,,,,,1.7,10,,,,"a+fcOOAiz+7pYTGAZM5S9oWOFHn4va6d","Z1kn+qG/kiLVelUOX7kLSqEptlfcv2S8","legacyData"
"fda191a4-bdd2-4e46-a1b9-9e921e4d2cb8","JERC_064.basePlot.vst","2016-09-19","vst_JERC_2016","D03","JERC","JERC_064",,"NEON.PLA.D03.JERC.03054","ok","sapling","Live",,,1.4,,,,,,,,4.1,10,,,,"a+fcOOAiz+7pYTGAZM5S9oWOFHn4va6d","Z1kn+qG/kiLVelUOX7kLSqEptlfcv2S8","legacyData"
"5c541266-6084-4075-ace0-e05e23614042","JERC_064.basePlot.vst","2016-09-19","vst_JERC_2016","D03","JERC","JERC_064",,"NEON.PLA.D03.JERC.03577","ok","sapling","Live, disease damaged",,,0.9,,,,,,,,1.3,10,,,,"a+fcOOAiz+7pYTGAZM5S9oWOFHn4va6d","Z1kn+qG/kiLVelUOX7kLSqEptlfcv2S8","legacyData"
"5cf2e6d7-de50-468b-a3a1-430135edb2a0","JERC_064.basePlot.vst","2016-09-19","vst_JERC_2016","D03","JERC","JERC_064",,"NEON.PLA.D03.JERC.03606","ok","sapling","Live",,,1.1,,,,,,,,1.5,10,,,,"a+fcOOAiz+7pYTGAZM5S9oWOFHn4va6d","Z1kn+qG/kiLVelUOX7kLSqEptlfcv2S8","legacyData"
"c8187d58-7a90-4ab4-8b1f-25a962b05258","JERC_064.basePlot.vst","2016-09-19","vst_JERC_2016","D03","JERC","JERC_064",,"NEON.PLA.D03.JERC.02209","ok","sapling","Live, disease damaged",,,1.5,,,,,,,,1.4,10,,,,"a+fcOOAiz+7pYTGAZM5S9oWOFHn4va6d","Z1kn+qG/kiLVelUOX7kLSqEptlfcv2S8","legacyData"
"89a8c463-436f-4a3c-9df1-69149239eaa7","JERC_064.basePlot.vst","2016-09-19","vst_JERC_2016","D03","JERC","JERC_064",,"NEON.PLA.D03.JERC.03589","ok","sapling","Live",,,0.8,,,,,,,,1.1,10,,,,"a+fcOOAiz+7pYTGAZM5S9oWOFHn4va6d","Z1kn+qG/kiLVelUOX7kLSqEptlfcv2S8","legacyData"
"9f7d371a-53a2-44d2-9bc3-89152e704c07","JERC_064.basePlot.vst","2016-09-19","vst_JERC_2016","D03","JERC","JERC_064",,"NEON.PLA.D03.JERC.02859","ok","single bole tree","Live",54.2,130,23.7,,,,,,,,,,,,,"a+fcOOAiz+7pYTGAZM5S9oWOFHn4va6d","Z1kn+qG/kiLVelUOX7kLSqEptlfcv2S8","legacyData"
"e8caeadd-dbd0-432c-89d0-a2b54d2a899a","JERC_064.basePlot.vst","2016-09-19","vst_JERC_2016","D03","JERC","JERC_064",,"NEON.PLA.D03.JERC.03603","ok","sapling","Live, disease damaged",,,1.2,,,,,,,,1.0,10,,,,"a+fcOOAiz+7pYTGAZM5S9oWOFHn4va6d","Z1kn+qG/kiLVelUOX7kLSqEptlfcv2S8","legacyData"
"b2f9beb2-969f-401d-b5cb-57cb5b49a49c","JERC_064.basePlot.vst","2016-09-19","vst_JERC_2016","D03","JERC","JERC_064",,"NEON.PLA.D03.JERC.03616","ok","sapling","Live, disease damaged",,,1.7,,,,,,,,1.8,10,,,,"a+fcOOAiz+7pYTGAZM5S9oWOFHn4va6d","Z1kn+qG/kiLVelUOX7kLSqEptlfcv2S8","legacyData"
"33a9ea6a-909c-4c58-8a43-aa5eda2d63e0","JERC_064.basePlot.vst","2016-09-19","vst_JERC_2016","D03","JERC","JERC_064",,"NEON.PLA.D03.JERC.02931","ok","small tree","Live",3.7,130,3.7,,,,,,,,,,,,,"a+fcOOAiz+7pYTGAZM5S9oWOFHn4va6d","Z1kn+qG/kiLVelUOX7kLSqEptlfcv2S8","legacyData"
"5b88ad2a-81b5-42db-8901-114379ea0480","JERC_064.basePlot.vst","2016-09-19","vst_JERC_2016","D03","JERC","JERC_064",,"NEON.PLA.D03.JERC.03576","ok","sapling","Live, disease damaged",,,0.7,,,,,,,,2.3,10,,,,"a+fcOOAiz+7pYTGAZM5S9oWOFHn4va6d","Z1kn+qG/kiLVelUOX7kLSqEptlfcv2S8","legacyData"
"0e338d39-0377-4423-8a5f-7775859d35e6","JERC_064.basePlot.vst","2016-09-19","vst_JERC_2016","D03","JERC","JERC_064",,"NEON.PLA.D03.JERC.03597","ok","sapling","Live",,,0.9,,,,,,,,1.2,10,,,,"a+fcOOAiz+7pYTGAZM5S9oWOFHn4va6d","Z1kn+qG/kiLVelUOX7kLSqEptlfcv2S8","legacyData"
"bf850d50-9428-4b2e-8fed-29c98adb42d7","JERC_064.basePlot.vst","2016-09-19","vst_JERC_2016","D03","JERC","JERC_064",,"NEON.PLA.D03.JERC.03615","ok","sapling","Live",,,1.3,,,,,,,,1.9,10,,,,"a+fcOOAiz+7pYTGAZM5S9oWOFHn4va6d","Z1kn+qG/kiLVelUOX7kLSqEptlfcv2S8","legacyData"
"d16c3b32-0def-48d0-adc1-c056abc0cf8d","JERC_064.basePlot.vst","2016-09-19","vst_JERC_2016","D03","JERC","JERC_064",,"NEON.PLA.D03.JERC.02861","ok","single bole tree","Live, disease damaged",50.6,130,20.6,,,,,,,,,,,,,"a+fcOOAiz+7pYTGAZM5S9oWOFHn4va6d","Z1kn+qG/kiLVelUOX7kLSqEptlfcv2S8","legacyData"
"3eb47c34-894c-4ea9-b37e-adbb194912b5","JERC_064.basePlot.vst","2016-09-19","vst_JERC_2016","D03","JERC","JERC_064",,"NEON.PLA.D03.JERC.03062","ok","small tree","Live",3.8,130,4.4,,,,,,,,,,,,,"a+fcOOAiz+7pYTGAZM5S9oWOFHn4va6d","Z1kn+qG/kiLVelUOX7kLSqEptlfcv2S8","legacyData"
"936edaf0-e842-47f3-8076-9c6b223db8cd","JERC_064.basePlot.vst","2016-09-19","vst_JERC_2016","D03","JERC","JERC_064",,"NEON.PLA.D03.JERC.02934","ok","small tree","Live",3.0,130,3.5,,,,,,,,,,,,,"a+fcOOAiz+7pYTGAZM5S9oWOFHn4va6d","Z1kn+qG/kiLVelUOX7kLSqEptlfcv2S8","legacyData"
"e38e7d8b-924b-4a11-8cc4-f907f1076caa","JERC_064.basePlot.vst","2016-09-19","vst_JERC_2016","D03","JERC","JERC_064",,"NEON.PLA.D03.JERC.02215","ok","sapling","Live",,,0.8,,,,,,,,1.2,10,,,,"a+fcOOAiz+7pYTGAZM5S9oWOFHn4va6d","Z1kn+qG/kiLVelUOX7kLSqEptlfcv2S8","legacyData"
"5f94be31-b37e-4e84-9fdf-bd603f58d029","JERC_064.basePlot.vst","2016-09-19","vst_JERC_2016","D03","JERC","JERC_064",,"NEON.PLA.D03.JERC.03046","ok","sapling","Live, disease damaged",,,1.3,,,,,,,,1.6,10,,,,"a+fcOOAiz+7pYTGAZM5S9oWOFHn4va6d","Z1kn+qG/kiLVelUOX7kLSqEptlfcv2S8","legacyData"
"e046e3be-aa94-4ceb-abab-23184a482682","JERC_064.basePlot.vst","2016-09-19","vst_JERC_2016","D03","JERC","JERC_064",,"NEON.PLA.D03.JERC.02865","ok","single bole tree","Live, physically damaged",32.8,130,18.7,,,,,,,,,,,,,"a+fcOOAiz+7pYTGAZM5S9oWOFHn4va6d","Z1kn+qG/kiLVelUOX7kLSqEptlfcv2S8","legacyData"
"9c85321e-a9b5-43ee-bf3c-fc9fdda4acf6","JERC_064.basePlot.vst","2016-09-19","vst_JERC_2016","D03","JERC","JERC_064",,"NEON.PLA.D03.JERC.02928","ok","sapling","Live",,,1.3,,,,,,,,2.0,10,,,,"a+fcOOAiz+7pYTGAZM5S9oWOFHn4va6d","Z1kn+qG/kiLVelUOX7kLSqEptlfcv2S8","legacyData"
"1d870d6b-eb89-419d-940d-83fbe7579bda","JERC_064.basePlot.vst","2016-09-19","vst_JERC_2016","D03","JERC","JERC_064",,"NEON.PLA.D03.JERC.03625","ok","sapling","Live",,,1.0,,,,,,,,1.0,10,,,,"a+fcOOAiz+7pYTGAZM5S9oWOFHn4va6d","Z1kn+qG/kiLVelUOX7kLSqEptlfcv2S8","legacyData"
"a05ce709-c258-4615-9ef1-17a892fdd397","JERC_064.basePlot.vst","2016-09-19","vst_JERC_2016","D03","JERC","JERC_064",,"NEON.PLA.D03.JERC.03610","ok","sapling","Live",,,1.8,,,,,,,,1.4,10,,,,"a+fcOOAiz+7pYTGAZM5S9oWOFHn4va6d","Z1kn+qG/kiLVelUOX7kLSqEptlfcv2S8","legacyData"
"ce4340a0-b992-4aa0-8d4f-7912891c523f","JERC_064.basePlot.vst","2016-09-19","vst_JERC_2016","D03","JERC","JERC_064",,"NEON.PLA.D03.JERC.03617","ok","sapling","Live, physically damaged",,,1.2,,,,,,,,1.8,10,,,,"a+fcOOAiz+7pYTGAZM5S9oWOFHn4va6d","Z1kn+qG/kiLVelUOX7kLSqEptlfcv2S8","legacyData"
"b94d1624-b247-4718-8458-54b1a540f75e","JERC_064.basePlot.vst","2016-09-19","vst_JERC_2016","D03","JERC","JERC_064",,"NEON.PLA.D03.JERC.03612","ok","sapling","Live",,,1.1,,,,,,,,1.1,10,,,,"a+fcOOAiz+7pYTGAZM5S9oWOFHn4va6d","Z1kn+qG/kiLVelUOX7kLSqEptlfcv2S8","legacyData"
"193d195d-f7f3-4154-beb0-1b64313875d1","JERC_064.basePlot.vst","2016-09-19","vst_JERC_2016","D03","JERC","JERC_064",,"NEON.PLA.D03.JERC.03585","ok","sapling","Live, disease damaged",,,1.1,,,,,,,,1.0,10,,,,"a+fcOOAiz+7pYTGAZM5S9oWOFHn4va6d","Z1kn+qG/kiLVelUOX7kLSqEptlfcv2S8","legacyData"
"37424165-114a-447f-9775-f5ef7bb968ed","JERC_064.basePlot.vst","2016-09-19","vst_JERC_2016","D03","JERC","JERC_064",,"NEON.PLA.D03.JERC.03609","ok","sapling","Live, disease damaged",,,1.1,,,,,,,,1.1,10,,,,"a+fcOOAiz+7pYTGAZM5S9oWOFHn4va6d","Z1kn+qG/kiLVelUOX7kLSqEptlfcv2S8","legacyData"
"09a23094-47a8-4dcc-b302-966858ab9ef0","JERC_064.basePlot.vst","2016-09-19","vst_JERC_2016","D03","JERC","JERC_064",,"NEON.PLA.D03.JERC.03626","ok","sapling","Live",,,1.1,,,,,,,,1.8,10,,,,"a+fcOOAiz+7pYTGAZM5S9oWOFHn4va6d","Z1kn+qG/kiLVelUOX7kLSqEptlfcv2S8","legacyData"
"1f048f1e-6974-4ef7-843d-c808f810dfed","JERC_064.basePlot.vst","2016-09-19","vst_JERC_2016","D03","JERC","JERC_064",,"NEON.PLA.D03.JERC.03619","ok","sapling","Live",,,1.2,,,,,,,,1.1,10,,,,"a+fcOOAiz+7pYTGAZM5S9oWOFHn4va6d","Z1kn+qG/kiLVelUOX7kLSqEptlfcv2S8","legacyData"
"44ee970e-6927-4b01-aa2c-c95ce19d2599","JERC_064.basePlot.vst","2016-09-19","vst_JERC_2016","D03","JERC","JERC_064",,"NEON.PLA.D03.JERC.03621","ok","sapling","Live, disease damaged",,,1.0,,,,,,,,1.4,10,,,,"a+fcOOAiz+7pYTGAZM5S9oWOFHn4va6d","Z1kn+qG/kiLVelUOX7kLSqEptlfcv2S8","legacyData"
"b09e9cb6-89ae-4147-9129-7c3a1abb5a8c","JERC_064.basePlot.vst","2016-09-19","vst_JERC_2016","D03","JERC","JERC_064",,"NEON.PLA.D03.JERC.03612","ok","sapling","Live",,,1.1,,,,,,,,1.1,10,,,,"a+fcOOAiz+7pYTGAZM5S9oWOFHn4va6d","Z1kn+qG/kiLVelUOX7kLSqEptlfcv2S8","legacyData"
"72421b45-ea2d-4b6d-9ec2-0643db4afdf8","JERC_064.basePlot.vst","2016-09-19","vst_JERC_2016","D03","JERC","JERC_064",,"NEON.PLA.D03.JERC.02858","ok","single bole tree","Live",52.4,140,22.1,,,,,,,,,,,,"tag is at 130 cm ; measurement taken at 140 cm","a+fcOOAiz+7pYTGAZM5S9oWOFHn4va6d","Z1kn+qG/kiLVelUOX7kLSqEptlfcv2S8","legacyData"
"c84c4464-3ca4-4c77-b5db-cfc69567ae27","JERC_064.basePlot.vst","2016-09-19","vst_JERC_2016","D03","JERC","JERC_064",,"NEON.PLA.D03.JERC.03056","ok","small tree","Live",4.1,130,4.7,,,,,,,,,,,,,"a+fcOOAiz+7pYTGAZM5S9oWOFHn4va6d","Z1kn+qG/kiLVelUOX7kLSqEptlfcv2S8","legacyData"
"a663a4cc-c683-47ca-bf8b-b7f8fb66e2c2","JERC_064.basePlot.vst","2016-09-19","vst_JERC_2016","D03","JERC","JERC_064",,"NEON.PLA.D03.JERC.03592","ok","sapling","Live, disease damaged",,,0.9,,,,,,,,1.0,10,,,,"a+fcOOAiz+7pYTGAZM5S9oWOFHn4va6d","Z1kn+qG/kiLVelUOX7kLSqEptlfcv2S8","legacyData"
"a0be1a9e-f400-4cf8-b701-9bd0709c5e9d","JERC_064.basePlot.vst","2016-09-19","vst_JERC_2016","D03","JERC","JERC_064",,"NEON.PLA.D03.JERC.03594","ok","sapling","Live, disease damaged",,,1.0,,,,,,,,1.4,10,,,,"a+fcOOAiz+7pYTGAZM5S9oWOFHn4va6d","Z1kn+qG/kiLVelUOX7kLSqEptlfcv2S8","legacyData"
"782f32ae-7a17-4945-9471-94955f6ed902","JERC_064.basePlot.vst","2016-09-19","vst_JERC_2016","D03","JERC","JERC_064",,"NEON.PLA.D03.JERC.02933","ok","small tree","Live",2.4,130,2.1,,,,,,,,,,,,,"a+fcOOAiz+7pYTGAZM5S9oWOFHn4va6d","Z1kn+qG/kiLVelUOX7kLSqEptlfcv2S8","legacyData"
"248e223d-e7ce-461e-8d42-aaf272c5fce6","JERC_064.basePlot.vst","2016-09-19","vst_JERC_2016","D03","JERC","JERC_064",,"NEON.PLA.D03.JERC.03590","ok","sapling","Live",,,1.0,,,,,,,,1.2,10,,,,"a+fcOOAiz+7pYTGAZM5S9oWOFHn4va6d","Z1kn+qG/kiLVelUOX7kLSqEptlfcv2S8","legacyData"
"2a45538d-a04f-4e89-aa47-54a1a6435eb4","JERC_064.basePlot.vst","2016-09-19","vst_JERC_2016","D03","JERC","JERC_064",,"NEON.PLA.D03.JERC.02935","unknown",,"Lost, tag damaged",,,,,,,,,,,,,,,"No remarks made; plant not measured in 2016","a+fcOOAiz+7pYTGAZM5S9oWOFHn4va6d","Z1kn+qG/kiLVelUOX7kLSqEptlfcv2S8","legacyData"
"d622e3c3-b7ac-4d79-a5f1-a34e5ae614a6","JERC_064.basePlot.vst","2016-09-19","vst_JERC_2016","D03","JERC","JERC_064",,"NEON.PLA.D03.JERC.03580","ok","sapling","Live, disease damaged",,,0.7,,,,,,,,1.6,10,,,,"a+fcOOAiz+7pYTGAZM5S9oWOFHn4va6d","Z1kn+qG/kiLVelUOX7kLSqEptlfcv2S8","legacyData"
"34308620-848e-4ee7-884e-d52b103ff8e1","JERC_064.basePlot.vst","2016-09-19","vst_JERC_2016","D03","JERC","JERC_064",,"NEON.PLA.D03.JERC.02216","ok","sapling","Live",,,1.3,,,,,,,,2.4,10,,,,"a+fcOOAiz+7pYTGAZM5S9oWOFHn4va6d","Z1kn+qG/kiLVelUOX7kLSqEptlfcv2S8","legacyData"
"31484bfc-26d9-469c-89ef-ac4b4efb5dbd","JERC_064.basePlot.vst","2016-09-19","vst_JERC_2016","D03","JERC","JERC_064",,"NEON.PLA.D03.JERC.02928","ok",,"No longer qualifies",,,,,,,,,,,,,,,"No remarks made on datasheet; tag likely moved to a measured qualifying stem","a+fcOOAiz+7pYTGAZM5S9oWOFHn4va6d","Z1kn+qG/kiLVelUOX7kLSqEptlfcv2S8","legacyData"
"a8652c92-aea3-4d0e-bb2c-d9ac7c628085","JERC_064.basePlot.vst","2016-09-19","vst_JERC_2016","D03","JERC","JERC_064",,"NEON.PLA.D03.JERC.03602","ok","sapling","Live, insect damaged",,,1.3,,,,,,,,1.7,10,,,,"a+fcOOAiz+7pYTGAZM5S9oWOFHn4va6d","Z1kn+qG/kiLVelUOX7kLSqEptlfcv2S8","legacyData"
"097c9d4e-8090-43d3-81b4-5d8acbc0ec1d","JERC_064.basePlot.vst","2016-09-19","vst_JERC_2016","D03","JERC","JERC_064",,"NEON.PLA.D03.JERC.02938","unknown",,"Lost, tag damaged",,,,,,,,,,,,,,,"No remarks made; plant not measured in 2016","a+fcOOAiz+7pYTGAZM5S9oWOFHn4va6d","Z1kn+qG/kiLVelUOX7kLSqEptlfcv2S8","legacyData"
"9f045998-fb52-44fa-be5a-8f79398e4f50","JERC_064.basePlot.vst","2016-09-19","vst_JERC_2016","D03","JERC","JERC_064",,"NEON.PLA.D03.JERC.02930","unknown",,"Lost, tag damaged",,,,,,,,,,,,,,,"No remarks. No measurements made in 2016.","a+fcOOAiz+7pYTGAZM5S9oWOFHn4va6d","Z1kn+qG/kiLVelUOX7kLSqEptlfcv2S8","legacyData"
"ceacc362-826f-4a68-9183-b11ff0fac34e","JERC_064.basePlot.vst","2016-09-19","vst_JERC_2016","D03","JERC","JERC_064",,"NEON.PLA.D03.JERC.02862","ok","single bole tree","Live, disease damaged",50.0,130,20.5,,,,,,,,,,,,,"a+fcOOAiz+7pYTGAZM5S9oWOFHn4va6d","Z1kn+qG/kiLVelUOX7kLSqEptlfcv2S8","legacyData"
"a9cc2acb-840d-4210-9e37-88c225355929","JERC_064.basePlot.vst","2016-09-19","vst_JERC_2016","D03","JERC","JERC_064",,"NEON.PLA.D03.JERC.02932","ok","small tree","Live",3.8,130,3.5,,,,,,,,,,,,,"a+fcOOAiz+7pYTGAZM5S9oWOFHn4va6d","Z1kn+qG/kiLVelUOX7kLSqEptlfcv2S8","legacyData"
"84a6e5cd-9dca-4d84-acc3-cb9be756636b","JERC_064.basePlot.vst","2016-09-19","vst_JERC_2016","D03","JERC","JERC_064",,"NEON.PLA.D03.JERC.03584","ok","sapling","Live",,,0.7,,,,,,,,1.1,10,,,,"a+fcOOAiz+7pYTGAZM5S9oWOFHn4va6d","Z1kn+qG/kiLVelUOX7kLSqEptlfcv2S8","legacyData"
"498bf00a-6998-4f74-80fe-1e27e2a141a2","JERC_064.basePlot.vst","2016-09-19","vst_JERC_2016","D03","JERC","JERC_064",,"NEON.PLA.D03.JERC.03596","ok","sapling","Live",,,1.1,,,,,,,,1.2,10,,,,"a+fcOOAiz+7pYTGAZM5S9oWOFHn4va6d","Z1kn+qG/kiLVelUOX7kLSqEptlfcv2S8","legacyData"
"a216780b-7785-4312-82fd-645e029e8200","JERC_064.basePlot.vst","2016-09-19","vst_JERC_2016","D03","JERC","JERC_064",,"NEON.PLA.D03.JERC.02864","ok","single bole tree","Live",55.2,130,24.0,,,,,,,,,,,,,"a+fcOOAiz+7pYTGAZM5S9oWOFHn4va6d","Z1kn+qG/kiLVelUOX7kLSqEptlfcv2S8","legacyData"
"a05377f8-0c19-4742-90e0-65f5e0213f24","JERC_064.basePlot.vst","2016-09-19","vst_JERC_2016","D03","JERC","JERC_064",,"NEON.PLA.D03.JERC.03051","unknown",,"Lost, tag damaged",,,,,,,,,,,,,,,"tag not found in 2016","a+fcOOAiz+7pYTGAZM5S9oWOFHn4va6d","Z1kn+qG/kiLVelUOX7kLSqEptlfcv2S8","legacyData"
"ae840128-6a74-4668-870a-44f46598da35","JERC_064.basePlot.vst","2016-09-19","vst_JERC_2016","D03","JERC","JERC_064",,"NEON.PLA.D03.JERC.02950","unknown",,"Lost, tag damaged",,,,,,,,,,,,,,,"No remarks made; plant not measured in 2016","a+fcOOAiz+7pYTGAZM5S9oWOFHn4va6d","Z1kn+qG/kiLVelUOX7kLSqEptlfcv2S8","legacyData"
"93711b07-a9b1-4bcf-bb97-83d11982e7a6","JERC_064.basePlot.vst","2016-09-19","vst_JERC_2016","D03","JERC","JERC_064",,"NEON.PLA.D03.JERC.03600","ok","sapling","Live, insect damaged",,,1.1,,,,,,,,1.2,10,,,,"a+fcOOAiz+7pYTGAZM5S9oWOFHn4va6d","Z1kn+qG/kiLVelUOX7kLSqEptlfcv2S8","legacyData"
"e576ccea-2a12-4bb7-b624-6f6a5ccf02c6","JERC_064.basePlot.vst","2016-09-19","vst_JERC_2016","D03","JERC","JERC_064",,"NEON.PLA.D03.JERC.02217","ok","sapling","Live",,,0.5,,,,,,,,3.5,10,,,,"a+fcOOAiz+7pYTGAZM5S9oWOFHn4va6d","Z1kn+qG/kiLVelUOX7kLSqEptlfcv2S8","legacyData"
"ecd7b70d-3aa7-4421-a855-516199adc5ee","JERC_064.basePlot.vst","2016-09-19","vst_JERC_2016","D03","JERC","JERC_064",,"NEON.PLA.D03.JERC.02951","unknown",,"Lost, tag damaged",,,,,,,,,,,,,,,"No remarks made; plant not measured in 2016","a+fcOOAiz+7pYTGAZM5S9oWOFHn4va6d","Z1kn+qG/kiLVelUOX7kLSqEptlfcv2S8","legacyData"
"42a481c6-021b-45dd-a37e-4fdac537d925","JERC_064.basePlot.vst","2016-09-19","vst_JERC_2016","D03","JERC","JERC_064",,"NEON.PLA.D03.JERC.03063","unknown",,"Lost, tag damaged",,,,,,,,,,,,,,,"tag was not found in 2016","a+fcOOAiz+7pYTGAZM5S9oWOFHn4va6d","Z1kn+qG/kiLVelUOX7kLSqEptlfcv2S8","legacyData"
"4d4ef414-debe-4744-a83c-2e584569014a","JERC_064.basePlot.vst","2016-09-19","vst_JERC_2016","D03","JERC","JERC_064",,"NEON.PLA.D03.JERC.03604","ok","sapling","Live, disease damaged",,,1.6,,,,,,,,1.2,10,,,,"a+fcOOAiz+7pYTGAZM5S9oWOFHn4va6d","Z1kn+qG/kiLVelUOX7kLSqEptlfcv2S8","legacyData"
"67e45f34-c3cb-4457-847d-00dd106e90a5","JERC_064.basePlot.vst","2016-09-19","vst_JERC_2016","D03","JERC","JERC_064",,"NEON.PLA.D03.JERC.03623","ok","sapling","Live",,,1.3,,,,,,,,1.2,10,,,,"a+fcOOAiz+7pYTGAZM5S9oWOFHn4va6d","Z1kn+qG/kiLVelUOX7kLSqEptlfcv2S8","legacyData"
"e309ddc7-5c15-47cd-9b28-29e98880e989","JERC_064.basePlot.vst","2016-09-19","vst_JERC_2016","D03","JERC","JERC_064",,"NEON.PLA.D03.JERC.02936","unknown",,"Lost, tag damaged",,,,,,,,,,,,,,,"No remarks made; plant not measured in 2016","a+fcOOAiz+7pYTGAZM5S9oWOFHn4va6d","Z1kn+qG/kiLVelUOX7kLSqEptlfcv2S8","legacyData"
"c005cc21-6ac5-469d-8ffb-80d761d0b414","JERC_064.basePlot.vst","2016-09-19","vst_JERC_2016","D03","JERC","JERC_064",,"NEON.PLA.D03.JERC.02939","unknown",,"Lost, tag damaged",,,,,,,,,,,,,,,"No remarks made; plant not measured in 2016","a+fcOOAiz+7pYTGAZM5S9oWOFHn4va6d","Z1kn+qG/kiLVelUOX7kLSqEptlfcv2S8","legacyData"
"5c9ed693-670e-47e9-92d2-7f3c5d96034f","JERC_064.basePlot.vst","2016-09-19","vst_JERC_2016","D03","JERC","JERC_064",,"NEON.PLA.D03.JERC.02211","ok","sapling","Live, disease damaged",,,1.8,,,,,,,,2.7,10,,,,"a+fcOOAiz+7pYTGAZM5S9oWOFHn4va6d","Z1kn+qG/kiLVelUOX7kLSqEptlfcv2S8","legacyData"
"2d88a0b3-cd5e-46e7-9623-c9e601aa7ea3","JERC_064.basePlot.vst","2016-09-19","vst_JERC_2016","D03","JERC","JERC_064",,"NEON.PLA.D03.JERC.03627","ok","sapling","Live",,,0.9,,,,,,,,1.2,10,,,,"a+fcOOAiz+7pYTGAZM5S9oWOFHn4va6d","Z1kn+qG/kiLVelUOX7kLSqEptlfcv2S8","legacyData"
"926089f7-1169-4d19-9126-31359fa4cf5e","JERC_064.basePlot.vst","2016-09-19","vst_JERC_2016","D03","JERC","JERC_064",,"NEON.PLA.D03.JERC.02210","ok","sapling","Live, disease damaged",,,1.4,,,,,,,,2.2,10,,,,"a+fcOOAiz+7pYTGAZM5S9oWOFHn4va6d","Z1kn+qG/kiLVelUOX7kLSqEptlfcv2S8","legacyData"
"39d047ce-c6af-4f38-aaa4-25428f002f08","JERC_064.basePlot.vst","2016-09-19","vst_JERC_2016","D03","JERC","JERC_064",,"NEON.PLA.D03.JERC.03591","ok","sapling","Live, disease damaged",,,1.2,,,,,,,,2.0,10,,,,"a+fcOOAiz+7pYTGAZM5S9oWOFHn4va6d","Z1kn+qG/kiLVelUOX7kLSqEptlfcv2S8","legacyData"
"596bd4d6-6e14-4297-9853-1a1fa2020b96","JERC_064.basePlot.vst","2016-09-19","vst_JERC_2016","D03","JERC","JERC_064",,"NEON.PLA.D03.JERC.03611","ok","sapling","Live, insect damaged",,,1.3,,,,,,,,1.9,10,,,,"a+fcOOAiz+7pYTGAZM5S9oWOFHn4va6d","Z1kn+qG/kiLVelUOX7kLSqEptlfcv2S8","legacyData"
"834ea122-3f77-4e5b-9312-d7334925f944","JERC_064.basePlot.vst","2016-09-19","vst_JERC_2016","D03","JERC","JERC_064",,"NEON.PLA.D03.JERC.03046","ok","sapling","Live, disease damaged",,,1.3,,,,,,,,1.6,10,,,,"a+fcOOAiz+7pYTGAZM5S9oWOFHn4va6d","Z1kn+qG/kiLVelUOX7kLSqEptlfcv2S8","legacyData"
"6aec60e9-634c-471c-9fb4-525cc9d24648","JERC_064.basePlot.vst","2016-09-19","vst_JERC_2016","D03","JERC","JERC_064",,"NEON.PLA.D03.JERC.03599","ok","sapling","Live, insect damaged",,,1.1,,,,,,,,1.5,10,,,,"a+fcOOAiz+7pYTGAZM5S9oWOFHn4va6d","Z1kn+qG/kiLVelUOX7kLSqEptlfcv2S8","legacyData"
"b7c39fa1-b430-4f3e-80c6-654a215805f9","JERC_064.basePlot.vst","2016-09-19","vst_JERC_2016","D03","JERC","JERC_064",,"NEON.PLA.D03.JERC.03583","ok","sapling","Live, disease damaged",,,0.8,,,,,,,,1.4,10,,,,"a+fcOOAiz+7pYTGAZM5S9oWOFHn4va6d","Z1kn+qG/kiLVelUOX7kLSqEptlfcv2S8","legacyData"
"2f7b12bd-950a-498e-b37b-80d6b70f9852","JERC_064.basePlot.vst","2016-09-19","vst_JERC_2016","D03","JERC","JERC_064",,"NEON.PLA.D03.JERC.02214","ok","sapling","Live",,,1.8,,,,,,,,2.5,10,,,,"a+fcOOAiz+7pYTGAZM5S9oWOFHn4va6d","Z1kn+qG/kiLVelUOX7kLSqEptlfcv2S8","legacyData"
"af8ed90a-b776-42d8-99a3-946be9c847c8","JERC_064.basePlot.vst","2016-09-19","vst_JERC_2016","D03","JERC","JERC_064",,"NEON.PLA.D03.JERC.03065","ok","sapling","Live",,,0.9,,,,,,,,3.2,10,,,,"a+fcOOAiz+7pYTGAZM5S9oWOFHn4va6d","Z1kn+qG/kiLVelUOX7kLSqEptlfcv2S8","legacyData"
"1e7dfc71-74f0-43dd-9fc9-31dde80383cc","JERC_064.basePlot.vst","2016-09-19","vst_JERC_2016","D03","JERC","JERC_064",,"NEON.PLA.D03.JERC.03579","ok","sapling","Live, disease damaged",,,0.8,,,,,,,,1.2,10,,,,"a+fcOOAiz+7pYTGAZM5S9oWOFHn4va6d","Z1kn+qG/kiLVelUOX7kLSqEptlfcv2S8","legacyData"
"a4e3e3ff-bfc6-40a9-8c79-1c594aee49d6","JERC_064.basePlot.vst","2016-09-19","vst_JERC_2016","D03","JERC","JERC_064",,"NEON.PLA.D03.JERC.02925","ok","sapling","Live",,,1.0,,,,,,,,1.6,10,,,,"a+fcOOAiz+7pYTGAZM5S9oWOFHn4va6d","Z1kn+qG/kiLVelUOX7kLSqEptlfcv2S8","legacyData"
"063c0f08-3d19-4359-8632-e2e12504179b","JERC_064.basePlot.vst","2016-09-19","vst_JERC_2016","D03","JERC","JERC_064",,"NEON.PLA.D03.JERC.03605","ok","sapling","Live, disease damaged",,,1.5,,,,,,,,1.0,10,,,,"a+fcOOAiz+7pYTGAZM5S9oWOFHn4va6d","Z1kn+qG/kiLVelUOX7kLSqEptlfcv2S8","legacyData"
"322bdc7f-3b0a-4c90-9884-0b1d60e739e1","JERC_064.basePlot.vst","2016-09-19","vst_JERC_2016","D03","JERC","JERC_064",,"NEON.PLA.D03.JERC.03058","ok","sapling","Live",,,1.7,,,,,,,,3.4,10,,,,"a+fcOOAiz+7pYTGAZM5S9oWOFHn4va6d","Z1kn+qG/kiLVelUOX7kLSqEptlfcv2S8","legacyData"
"146be25e-ff94-4e03-befe-ed69a6a5eadc","JERC_064.basePlot.vst","2016-09-19","vst_JERC_2016","D03","JERC","JERC_064",,"NEON.PLA.D03.JERC.03607","ok","sapling","Live, disease damaged",,,1.5,,,,,,,,1.2,10,,,,"a+fcOOAiz+7pYTGAZM5S9oWOFHn4va6d","Z1kn+qG/kiLVelUOX7kLSqEptlfcv2S8","legacyData"
"fd337c21-06f7-4ab7-b555-632c855952c6","JERC_064.basePlot.vst","2016-09-19","vst_JERC_2016","D03","JERC","JERC_064",,"NEON.PLA.D03.JERC.02929","unknown",,"Lost, tag damaged",,,,,,,,,,,,,,,"No remarks; no tag measurements in 2016","a+fcOOAiz+7pYTGAZM5S9oWOFHn4va6d","Z1kn+qG/kiLVelUOX7kLSqEptlfcv2S8","legacyData"
"735dc476-ab26-4b49-9234-c6a390e68e47","JERC_064.basePlot.vst","2016-09-19","vst_JERC_2016","D03","JERC","JERC_064",,"NEON.PLA.D03.JERC.02218","ok","sapling","Live",,,1.5,,,,,,,,2.3,10,,,,"a+fcOOAiz+7pYTGAZM5S9oWOFHn4va6d","Z1kn+qG/kiLVelUOX7kLSqEptlfcv2S8","legacyData"
"d4fb181e-46d4-4439-a0db-7adb63fa0b4b","JERC_064.basePlot.vst","2016-09-19","vst_JERC_2016","D03","JERC","JERC_064",,"NEON.PLA.D03.JERC.03581","ok","sapling","Live, disease damaged",,,1.0,,,,,,,,1.4,10,,,,"a+fcOOAiz+7pYTGAZM5S9oWOFHn4va6d","Z1kn+qG/kiLVelUOX7kLSqEptlfcv2S8","legacyData"
"c25b6594-52a0-41cf-8257-1e029e85bcb7","JERC_064.basePlot.vst","2016-09-19","vst_JERC_2016","D03","JERC","JERC_064",,"NEON.PLA.D03.JERC.03057","ok","small tree","Live",3.6,130,5.4,,,,,,,,,,,,,"a+fcOOAiz+7pYTGAZM5S9oWOFHn4va6d","Z1kn+qG/kiLVelUOX7kLSqEptlfcv2S8","legacyData"
"2d12b812-719b-4a1a-85f3-9432eafc794c","JERC_064.basePlot.vst","2016-09-19","vst_JERC_2016","D03","JERC","JERC_064",,"NEON.PLA.D03.JERC.02860","ok","single bole tree","Live",46.6,130,22.0,,,,,,,,,,,,,"a+fcOOAiz+7pYTGAZM5S9oWOFHn4va6d","Z1kn+qG/kiLVelUOX7kLSqEptlfcv2S8","legacyData"
"09ca9537-e641-4561-a3af-8caf8b3eecf3","JERC_064.basePlot.vst","2016-09-19","vst_JERC_2016","D03","JERC","JERC_064",,"NEON.PLA.D03.JERC.02863","ok","single bole tree","Live, disease damaged",20.1,130,17.4,,,,,,,,,,,,,"a+fcOOAiz+7pYTGAZM5S9oWOFHn4va6d","Z1kn+qG/kiLVelUOX7kLSqEptlfcv2S8","legacyData"
"4852ac46-166f-4875-baf1-c4af52d1f76c","JERC_064.basePlot.vst","2016-09-19","vst_JERC_2016","D03","JERC","JERC_064",,"NEON.PLA.D03.JERC.03044","ok","sapling","Live",,,1.6,,,,,,,,1.6,10,,,,"a+fcOOAiz+7pYTGAZM5S9oWOFHn4va6d","Z1kn+qG/kiLVelUOX7kLSqEptlfcv2S8","legacyData"
"c9d2e764-3ec3-48a8-90a5-7ca35a1646c8","JERC_064.basePlot.vst","2016-09-19","vst_JERC_2016","D03","JERC","JERC_064",,"NEON.PLA.D03.JERC.03631","ok","sapling","Live",,,0.7,,,,,,,,1.0,10,,,,"a+fcOOAiz+7pYTGAZM5S9oWOFHn4va6d","Z1kn+qG/kiLVelUOX7kLSqEptlfcv2S8","legacyData"
"1f2161f4-a840-48b7-8fba-0f0ce89dfc6d","JERC_064.basePlot.vst","2016-09-19","vst_JERC_2016","D03","JERC","JERC_064",,"NEON.PLA.D03.JERC.03624","ok","sapling","Live",,,0.2,,,,,,,,1.2,10,,,,"a+fcOOAiz+7pYTGAZM5S9oWOFHn4va6d","Z1kn+qG/kiLVelUOX7kLSqEptlfcv2S8","legacyData"
"e01e437e-4c01-4ea1-96fe-8371b5537484","JERC_064.basePlot.vst","2016-09-19","vst_JERC_2016","D03","JERC","JERC_064",,"NEON.PLA.D03.JERC.03052","unknown",,"Lost, tag damaged",,,,,,,,,,,,,,,"tag not found in 2016","a+fcOOAiz+7pYTGAZM5S9oWOFHn4va6d","Z1kn+qG/kiLVelUOX7kLSqEptlfcv2S8","legacyData"
"a353c624-f601-4732-a28f-d796aa493bc6","JERC_064.basePlot.vst","2016-09-19","vst_JERC_2016","D03","JERC","JERC_064",,"NEON.PLA.D03.JERC.03049","unknown",,"Lost, tag damaged",,,,,,,,,,,,,,,"tag not found in 2016","a+fcOOAiz+7pYTGAZM5S9oWOFHn4va6d","Z1kn+qG/kiLVelUOX7kLSqEptlfcv2S8","legacyData"
"9d473527-8b81-4dc1-a3b6-17f21d69c1b9","JERC_064.basePlot.vst","2016-09-19","vst_JERC_2016","D03","JERC","JERC_064",,"NEON.PLA.D03.JERC.03622","ok","sapling","Live, insect damaged",,,0.8,,,,,,,,1.1,10,,,,"a+fcOOAiz+7pYTGAZM5S9oWOFHn4va6d","Z1kn+qG/kiLVelUOX7kLSqEptlfcv2S8","legacyData"
"11855d78-4a80-4654-9c1c-9accd47655b1","JERC_064.basePlot.vst","2016-09-19","vst_JERC_2016","D03","JERC","JERC_064",,"NEON.PLA.D03.JERC.03595","ok","sapling","Live",,,1.3,,,,,,,,1.0,10,,,,"a+fcOOAiz+7pYTGAZM5S9oWOFHn4va6d","Z1kn+qG/kiLVelUOX7kLSqEptlfcv2S8","legacyData"
"8671bbfd-9612-43d3-a572-6795127db0e4","JERC_064.basePlot.vst","2016-09-19","vst_JERC_2016","D03","JERC","JERC_064",,"NEON.PLA.D03.JERC.03618","ok","sapling","Live",,,0.8,,,,,,,,1.4,10,,,,"a+fcOOAiz+7pYTGAZM5S9oWOFHn4va6d","Z1kn+qG/kiLVelUOX7kLSqEptlfcv2S8","legacyData"
"7d6ee4eb-4034-4b62-8d5b-c3ac5302cf65","JERC_064.basePlot.vst","2016-09-19","vst_JERC_2016","D03","JERC","JERC_064",,"NEON.PLA.D03.JERC.02926","ok","sapling","Live",,,1.1,,,,,,,,4.8,10,,,,"a+fcOOAiz+7pYTGAZM5S9oWOFHn4va6d","Z1kn+qG/kiLVelUOX7kLSqEptlfcv2S8","legacyData"
"27e65317-1821-4c7d-b515-bb80cf065c95","JERC_064.basePlot.vst","2016-09-19","vst_JERC_2016","D03","JERC","JERC_064",,"NEON.PLA.D03.JERC.03632","ok","sapling","Live",,,1.7,,,,,,,,1.9,10,,,,"a+fcOOAiz+7pYTGAZM5S9oWOFHn4va6d","Z1kn+qG/kiLVelUOX7kLSqEptlfcv2S8","legacyData"
"5f9ee99f-fd08-4eb6-8503-67c8cf020fa0","JERC_064.basePlot.vst","2016-09-19","vst_JERC_2016","D03","JERC","JERC_064",,"NEON.PLA.D03.JERC.03075","unknown",,"Lost, tag damaged",,,,,,,,,,,,,,,"tag was not found in 2016","a+fcOOAiz+7pYTGAZM5S9oWOFHn4va6d","Z1kn+qG/kiLVelUOX7kLSqEptlfcv2S8","legacyData"
"5e2782fc-85ac-4063-b397-ca05b34ca419","JERC_064.basePlot.vst","2016-09-19","vst_JERC_2016","D03","JERC","JERC_064",,"NEON.PLA.D03.JERC.03620","ok","sapling","Live",,,1.5,,,,,,,,1.4,10,,,,"a+fcOOAiz+7pYTGAZM5S9oWOFHn4va6d","Z1kn+qG/kiLVelUOX7kLSqEptlfcv2S8","legacyData"
"8978b1a7-5f36-49a0-9f0b-c2b57a0deacc","JERC_064.basePlot.vst","2016-09-19","vst_JERC_2016","D03","JERC","JERC_064",,"NEON.PLA.D03.JERC.03048","unknown",,"Lost, tag damaged",,,,,,,,,,,,,,,"tag not found in 2016","a+fcOOAiz+7pYTGAZM5S9oWOFHn4va6d","Z1kn+qG/kiLVelUOX7kLSqEptlfcv2S8","legacyData"
"225fc71c-51da-412e-9df0-971a535a5a43","JERC_064.basePlot.vst","2016-09-19","vst_JERC_2016","D03","JERC","JERC_064",,"NEON.PLA.D03.JERC.03601","ok","sapling","Live, insect damaged",,,1.1,,,,,,,,1.8,10,,,,"a+fcOOAiz+7pYTGAZM5S9oWOFHn4va6d","Z1kn+qG/kiLVelUOX7kLSqEptlfcv2S8","legacyData"
"57ac8e08-de5a-404d-ab4b-e45dbd240707","JERC_064.basePlot.vst","2016-09-19","vst_JERC_2016","D03","JERC","JERC_064",,"NEON.PLA.D03.JERC.02212","ok","sapling","Live",,,1.6,,,,,,,,2.3,10,,,,"a+fcOOAiz+7pYTGAZM5S9oWOFHn4va6d","Z1kn+qG/kiLVelUOX7kLSqEptlfcv2S8","legacyData"
"609ca008-eb65-4c2a-91da-cba31e027606","JERC_064.basePlot.vst","2016-09-19","vst_JERC_2016","D03","JERC","JERC_064",,"NEON.PLA.D03.JERC.02213","ok","sapling","Live, disease damaged",,,1.1,,,,,,,,1.5,10,,,,"a+fcOOAiz+7pYTGAZM5S9oWOFHn4va6d","Z1kn+qG/kiLVelUOX7kLSqEptlfcv2S8","legacyData"
"5a997180-caea-495a-9b18-af8b98ff71bf","JERC_064.basePlot.vst","2016-09-19","vst_JERC_2016","D03","JERC","JERC_064",,"NEON.PLA.D03.JERC.02949","unknown",,"Lost, tag damaged",,,,,,,,,,,,,,,"No remarks made; plant not measured in 2016","a+fcOOAiz+7pYTGAZM5S9oWOFHn4va6d","Z1kn+qG/kiLVelUOX7kLSqEptlfcv2S8","legacyData"
"f29ed107-6572-4246-8f2f-b1964003c742","JERC_064.basePlot.vst","2016-09-19","vst_JERC_2016","D03","JERC","JERC_064",,"NEON.PLA.D03.JERC.03614","ok","sapling","Live",,,0.6,,,,,,,,1.1,10,,,,"a+fcOOAiz+7pYTGAZM5S9oWOFHn4va6d","Z1kn+qG/kiLVelUOX7kLSqEptlfcv2S8","legacyData"
"b875e66a-1355-4b95-a56b-ecf43997dc83","JERC_064.basePlot.vst","2016-09-19","vst_JERC_2016","D03","JERC","JERC_064",,"NEON.PLA.D03.JERC.03047","ok","sapling","Live",,,1.6,,,,,,,,1.7,10,,,"Tagged stem was dead; tag moved to qualifying stem","a+fcOOAiz+7pYTGAZM5S9oWOFHn4va6d","Z1kn+qG/kiLVelUOX7kLSqEptlfcv2S8","legacyData"
"7ec26f57-0801-476d-b848-69b733bffec8","JERC_064.basePlot.vst","2016-09-19","vst_JERC_2016","D03","JERC","JERC_064",,"NEON.PLA.D03.JERC.02937","ok",,"Lost, tag damaged",,,,,,,,,,,,,,,"No remarks made; plant not measured in 2016","a+fcOOAiz+7pYTGAZM5S9oWOFHn4va6d","Z1kn+qG/kiLVelUOX7kLSqEptlfcv2S8","legacyData"
"f79bdbd9-aa8e-4775-92d7-d197eb00858a","JERC_064.basePlot.vst","2016-09-19","vst_JERC_2016","D03","JERC","JERC_064",,"NEON.PLA.D03.JERC.02917","ok","small tree","Live, disease damaged",8.6,130,3.4,,,,,,,,,,,,,"a+fcOOAiz+7pYTGAZM5S9oWOFHn4va6d","Z1kn+qG/kiLVelUOX7kLSqEptlfcv2S8","legacyData"
"d1494cc1-bd97-4734-bdb2-edbd07497cdc","JERC_064.basePlot.vst","2016-09-19","vst_JERC_2016","D03","JERC","JERC_064",,"NEON.PLA.D03.JERC.02944","ok","sapling","Live",,,1.4,,,,,,,,2.6,10,,,"tagged stem was dead; tag moved to qualifying stem","a+fcOOAiz+7pYTGAZM5S9oWOFHn4va6d","Z1kn+qG/kiLVelUOX7kLSqEptlfcv2S8","legacyData"
