uid,namedLocation,domainID,siteID,plotID,plotType,nlcdClass,decimalLatitude,decimalLongitude,geodeticDatum,coordinateUncertainty,elevation,elevationUncertainty,collectDate,eventID,sampleID,sampleCode,samplingMethod,totalSampledArea,targetTaxaPresent,adultCount,nymphCount,larvaCount,sampleCondition,samplingProtocolVersion,measuredBy,remarks
"1ca6e3e0-4805-43db-bb2d-8de1fcf35cec","BLAN_002.tickPlot.tck","D02","BLAN","BLAN_002","distributed","pastureHay",39.091474,-77.982149,"WGS84",20.1,145.6,0.1,"2018-09-20T15:54Z","BLAN.2018.38","BLAN_002.20180920","A00000002666","drag",160,"Y",0,1,58,"No known compromise","NEON.DOC.014045vJ","ciinOn2RW7IuiYFzws3I7RiE3SCYtfO0vt+xtLe1Bko=",
"33c2bd3f-f7dc-4c94-938d-5db6793f540a","BLAN_004.tickPlot.tck","D02","BLAN","BLAN_004","distributed","pastureHay",39.088416,-77.961331,"WGS84",20.1,123.7,0.1,"2018-09-20T17:01Z","BLAN.2018.38",,,"drag",160,"N",0,0,0,,"NEON.DOC.014045vJ","y91HGrHLk0lZr/DPX16cTMD5ZLTOKHZ4wAmahG5mA10=",
"e9a93581-6149-4556-b9ba-58c2ab28c5ac","BLAN_005.tickPlot.tck","D02","BLAN","BLAN_005","distributed","deciduousForest",39.086223,-77.972729,"WGS84",20.2,169.1,0.3,"2018-09-20T17:36Z","BLAN.2018.38","BLAN_005.20180920","A00000035257","drag",163,"Y",0,6,17,"No known compromise","NEON.DOC.014045vJ","y91HGrHLk0lZr/DPX16cTMD5ZLTOKHZ4wAmahG5mA10=",
"5b057fe6-39cb-4400-9e0a-68f39d15936d","BLAN_008.tickPlot.tck","D02","BLAN","BLAN_008","distributed","pastureHay",39.083870,-77.966320,"WGS84",20.4,159.6,0.5,"2018-09-20T18:33Z","BLAN.2018.38","BLAN_008.20180920","A00000003261","drag",160,"Y",0,0,2,"No known compromise","NEON.DOC.014045vJ","y91HGrHLk0lZr/DPX16cTMD5ZLTOKHZ4wAmahG5mA10=",
"5e1f3a47-b27c-4e23-aea5-917ed6955205","BLAN_012.tickPlot.tck","D02","BLAN","BLAN_012","distributed","deciduousForest",39.082720,-77.959589,"WGS84",20.2,135.1,0.2,"2018-09-20T19:13Z","BLAN.2018.38","BLAN_012.20180920","A00000035274","drag",160,"Y",0,1,1,"No known compromise","NEON.DOC.014045vJ","y91HGrHLk0lZr/DPX16cTMD5ZLTOKHZ4wAmahG5mA10=",
"2fe32a93-0de7-4131-9b2a-15d49df63e3e","BLAN_015.tickPlot.tck","D02","BLAN","BLAN_015","distributed","deciduousForest",39.088728,-77.955494,"WGS84",20.2,125.9,0.2,"2018-09-20T19:57Z","BLAN.2018.38",,,"drag",150,"N",0,0,0,"No known compromise","NEON.DOC.014045vJ","y91HGrHLk0lZr/DPX16cTMD5ZLTOKHZ4wAmahG5mA10=",
