uid,namedLocation,plotID,collectDate,identifiedDate,sampleID,subsampleID,scientificName,acceptedTaxonID,taxonRank,family,subfamily,tribe,subtribe,genus,subgenus,specificEpithet,infraspecificEpithet,identificationQualifier,identificationReferences,identificationProtocolVersion,scientificNameAuthorship,sexOrAge,individualCount,sampleCondition,archiveMedium,archiveFacilityID,deprecatedVialID,identifiedBy,laboratoryName,remarks
"e4df36d6-d913-4ec2-82d6-1ae5ab80466b","OSBS_003.tickPlot.tck","OSBS_003","2015-06-10T14:30Z","2016-06-19T12:00Z","OSBS_003.20150610","OSBS_003.20150610.AMBAME.N","Amblyomma americanum","AMBAME","species","Ixodidae",,,,"Amblyomma",,"americanum",,,"Cooley, R. A. and G. M. Kohls. 1944. The genus Amblyomma (ixodidae) in the United States. The Journal of Parasitology, 30(2):77-111.","GSU_tickIdentification_SOP_2016-11-01.pdf","Linnaeus","Nymph",22,"OK","95% ethanol","125938",,"L. Beati","Georgia Southern University",
"49113be1-8f36-4923-8052-5cce9c560f12","OSBS_003.tickPlot.tck","OSBS_003","2015-06-10T14:30Z","2016-06-19T16:00Z","OSBS_003.20150610","OSBS_003.20150610.AMBAME.M","Amblyomma americanum","AMBAME","species","Ixodidae",,,,"Amblyomma",,"americanum",,,"Cooley, R. A. and G. M. Kohls. 1944. The genus Amblyomma (ixodidae) in the United States. The Journal of Parasitology, 30(2):77-111.","GSU_tickIdentification_SOP_2016-11-01.pdf","Linnaeus","Male",7,"OK","90% ethanol","125938",,"L. Beati","Georgia Southern University",
"2b62b821-8c56-4058-be5c-b9767fe3433f","OSBS_003.tickPlot.tck","OSBS_003","2015-06-10T14:30Z","2016-06-19T16:00Z","OSBS_003.20150610","OSBS_003.20150610.AMBAME.F","Amblyomma americanum","AMBAME","species","Ixodidae",,,,"Amblyomma",,"americanum",,,"Cooley, R. A. and G. M. Kohls. 1944. The genus Amblyomma (ixodidae) in the United States. The Journal of Parasitology, 30(2):77-111.","GSU_tickIdentification_SOP_2016-11-01.pdf","Linnaeus","Female",2,"OK","90% ethanol","125938",,"L. Beati","Georgia Southern University",
"8182ec45-df49-4250-909f-0690a89109ee","OSBS_005.tickPlot.tck","OSBS_005","2015-06-10T15:00Z","2016-06-20T16:00Z","OSBS_005.20150610","OSBS_005.20150610.AMBAME.M","Amblyomma americanum","AMBAME","species","Ixodidae",,,,"Amblyomma",,"americanum",,,"Cooley, R. A. and G. M. Kohls. 1944. The genus Amblyomma (ixodidae) in the United States. The Journal of Parasitology, 30(2):77-111.","GSU_tickIdentification_SOP_2016-11-01.pdf","Linnaeus","Male",2,"OK","90% ethanol","125899",,"L. Beati","Georgia Southern University",
"3a9af0dd-0167-4dd7-8c0c-76eeee931a96","OSBS_005.tickPlot.tck","OSBS_005","2015-06-10T15:00Z","2016-06-20T16:00Z","OSBS_005.20150610","OSBS_005.20150610.AMBAME.F","Amblyomma americanum","AMBAME","species","Ixodidae",,,,"Amblyomma",,"americanum",,,"Cooley, R. A. and G. M. Kohls. 1944. The genus Amblyomma (ixodidae) in the United States. The Journal of Parasitology, 30(2):77-111.","GSU_tickIdentification_SOP_2016-11-01.pdf","Linnaeus","Female",2,"OK","90% ethanol","125899",,"L. Beati","Georgia Southern University",
"af407c97-fadd-4224-8b6a-e83f3a5edcca","OSBS_004.tickPlot.tck","OSBS_004","2015-06-11T15:15Z","2016-06-20T16:00Z","OSBS_004.20150611","OSBS_004.20150611.AMBAME.N","Amblyomma americanum","AMBAME","species","Ixodidae",,,,"Amblyomma",,"americanum",,,"Keirans, J. E., and L. A. Durden. 1998. Illustrated Key to Nymphs of the Tick Genus Amblyomma (Acari: Ixodidae) Found in the United States. Journal of Medical Entomology, 35:489–495.","GSU_tickIdentification_SOP_2016-11-01.pdf","Linnaeus","Nymph",1,"OK","90% ethanol","125937",,"Lorenza Beati","Georgia Southern University",
