uid,namedLocation,plotID,collectDate,identifiedDate,sampleID,subsampleID,scientificName,acceptedTaxonID,taxonRank,family,subfamily,tribe,subtribe,genus,subgenus,specificEpithet,infraspecificEpithet,identificationQualifier,identificationReferences,identificationProtocolVersion,scientificNameAuthorship,sexOrAge,individualCount,sampleCondition,archiveMedium,archiveFacilityID,deprecatedVialID,identifiedBy,laboratoryName,remarks
"ca2b6618-1034-4911-a41c-3d5d4ca15504","BLAN_005.tickPlot.tck","BLAN_005","2015-06-01T19:04Z","2016-11-04T16:00Z","BLAN_005.20150601","BLAN_005.20150601.IXOSCA.N","Ixodes scapularis","IXOSCA","species","Ixodidae",,,,"Ixodes",,"scapularis",,,"Cooley, R. A. and G. M. Kohls. 1945. The genus Ixodes in North America. National Institute of Health Bulletin, 184.","GSU_tickIdentification_SOP_2016-11-01.pdf","Say","Nymph",45,"OK",,"USNMENT00865208","BLAN_005.20150601.3.01.Ixodes scapularis.nymph","L. Beati","Georgia Southern University",
"18204e1b-ee3b-453c-bc6d-7ae78cc79d70","BLAN_005.tickPlot.tck","BLAN_005","2015-06-01T19:04Z","2016-11-04T16:00Z","BLAN_005.20150601","BLAN_005.20150601.AMBAME.N","Amblyomma americanum","AMBAME","species","Ixodidae",,,,"Amblyomma",,"americanum",,,"Cooley, R. A. and G. M. Kohls. 1944. The genus Amblyomma (ixodidae) in the United States. The Journal of Parasitology, 30(2):77-111.","GSU_tickIdentification_SOP_2016-11-01.pdf","Linnaeus","Nymph",1,"OK","90% ethanol","USNMENT00865207","BLAN_005.20150601.3.01.Amblyomma americanum.nymph","L. Beati","Georgia Southern University",
"6f18effb-917b-4a57-92ed-eaf6a7b5ffbd","BLAN_012.tickPlot.tck","BLAN_012","2015-06-08T15:30Z","2016-11-07T17:00Z","BLAN_012.20150608","BLAN_012.20150608.IXOSCA.N","Ixodes scapularis","IXOSCA","species","Ixodidae",,,,"Ixodes",,"scapularis",,,"Cooley, R. A. and G. M. Kohls. 1945. The genus Ixodes in North America. National Institute of Health Bulletin, 184.","GSU_tickIdentification_SOP_2016-11-01.pdf","Say","Nymph",2,"OK","90% ethanol","USNMENT00865205","BLAN_012.20150608.3.01.Ixodes scapularis.nymph","L. Beati","Georgia Southern University",
"46d50d1d-f17e-46b7-b9a0-dcffc4560478","BLAN_012.tickPlot.tck","BLAN_012","2015-06-08T15:30Z","2016-11-07T17:00Z","BLAN_012.20150608","BLAN_012.20150608.AMBAME.N","Amblyomma americanum","AMBAME","species","Ixodidae",,,,"Amblyomma",,"americanum",,,"Cooley, R. A. and G. M. Kohls. 1944. The genus Amblyomma (ixodidae) in the United States. The Journal of Parasitology, 30(2):77-111.","GSU_tickIdentification_SOP_2016-11-01.pdf","Linnaeus","Nymph",2,"OK",,"USNMENT00865206","BLAN_012.20150608.3.01.Amblyomma americanum.nymph","L. Beati","Georgia Southern University",
"4c1b8b36-35af-4bca-8d4f-da37a9cea3e2","BLAN_015.tickPlot.tck","BLAN_015","2015-06-22T16:22Z","2016-11-02T16:00Z","BLAN_015.20150622","BLAN_015.20150622.IXOSCA.N","Ixodes scapularis","IXOSCA","species","Ixodidae",,,,"Ixodes",,"scapularis",,,"Cooley, R. A. and G. M. Kohls. 1945. The genus Ixodes in North America. National Institute of Health Bulletin, 184.","GSU_tickIdentification_SOP_2016-11-01.pdf","Say","Nymph",3,"OK","90% ethanol","USNMENT00865222","BLAN_015.20150622.4.01.Ixodes scapularis.nymph","L. Beati","Georgia Southern University",
"7be551fb-7f2f-428d-a6a7-a1d97d59a8ea","BLAN_012.tickPlot.tck","BLAN_012","2015-06-22T17:45Z","2016-11-04T16:00Z","BLAN_012.20150622","BLAN_012.20150622.IXOSCA.N","Ixodes scapularis","IXOSCA","species","Ixodidae",,,,"Ixodes",,"scapularis",,,"Cooley, R. A. and G. M. Kohls. 1945. The genus Ixodes in North America. National Institute of Health Bulletin, 184.","GSU_tickIdentification_SOP_2016-11-01.pdf","Say","Nymph",2,"OK","90% ethanol","USNMENT00865191","BLAN_012.20150622.4.01.Ixodes scapularis.nymph","L. Beati","Georgia Southern University",
"fdf02d79-b716-4191-a87e-062db62e4c87","BLAN_005.tickPlot.tck","BLAN_005","2015-06-23T15:15Z","2016-11-04T16:00Z","BLAN_005.20150623","BLAN_005.20150623.IXOSCA.N","Ixodes scapularis","IXOSCA","species","Ixodidae",,,,"Ixodes",,"scapularis",,,"Cooley, R. A. and G. M. Kohls. 1945. The genus Ixodes in North America. National Institute of Health Bulletin, 184.","GSU_tickIdentification_SOP_2016-11-01.pdf","Say","Nymph",23,"OK","90% ethanol","USNMENT00865193","BLAN_005.20150623.4.01.Ixodes scapularis.nymph","L. Beati","Georgia Southern University",
"91f16267-46d8-450d-a901-8d9a59042815","BLAN_005.tickPlot.tck","BLAN_005","2015-06-23T15:15Z","2016-11-04T16:00Z","BLAN_005.20150623","BLAN_005.20150623.AMBAME.N","Amblyomma americanum","AMBAME","species","Ixodidae",,,,"Amblyomma",,"americanum",,,"Cooley, R. A. and G. M. Kohls. 1944. The genus Amblyomma (ixodidae) in the United States. The Journal of Parasitology, 30(2):77-111.","GSU_tickIdentification_SOP_2016-11-01.pdf","Linnaeus","Nymph",1,"OK",,"USNMENT00865194","BLAN_005.20150623.4.01.Amblyomma americanum.nymph","L. Beati","Georgia Southern University",
