uid,namedLocation,domainID,siteID,plotID,plotType,nlcdClass,decimalLatitude,decimalLongitude,geodeticDatum,coordinateUncertainty,elevation,elevationUncertainty,collectDate,eventID,sampleID,sampleCode,samplingMethod,totalSampledArea,targetTaxaPresent,adultCount,nymphCount,larvaCount,sampleCondition,samplingProtocolVersion,measuredBy,remarks
"892140d5-bffd-4359-8c5f-3f3a00a1d103","BLAN_002.tickPlot.tck","D02","BLAN","BLAN_002","distributed","pastureHay",39.091474,-77.982149,"WGS84",20.1,145.6,0.1,"2015-08-03T14:17Z","BLAN.2015.31",,,"drag",165,"N",0,0,,,"NEON.DOC.014045vF","OkD7GLun5+3RpRIEva+aFeLLxTpNtG05","no larval"
"7fc60ccc-4436-45c7-bd7a-10594e847a42","BLAN_008.tickPlot.tck","D02","BLAN","BLAN_008","distributed","pastureHay",39.083870,-77.966320,"WGS84",20.4,159.6,0.5,"2015-08-03T15:06Z","BLAN.2015.31",,,"drag",163,"N",0,0,,,"NEON.DOC.014045vF","OkD7GLun5+3RpRIEva+aFeLLxTpNtG05","No larval"
"6556f5f8-8987-42b4-8b58-e1d32880570c","BLAN_004.tickPlot.tck","D02","BLAN","BLAN_004","distributed","pastureHay",39.088416,-77.961331,"WGS84",20.1,123.7,0.1,"2015-08-03T15:49Z","BLAN.2015.31",,,"drag",160,"N",0,0,,,"NEON.DOC.014045vF","OkD7GLun5+3RpRIEva+aFeLLxTpNtG05","no larval"
"9a58145d-64f7-4f69-8ab2-2e5e73cb9e79","BLAN_015.tickPlot.tck","D02","BLAN","BLAN_015","distributed","deciduousForest",39.088728,-77.955494,"WGS84",20.2,125.9,0.2,"2015-08-03T16:41Z","BLAN.2015.31","BLAN_015.20150803",,"drag",164,"Y",0,0,26,"No known compromise","NEON.DOC.014045vF","OkD7GLun5+3RpRIEva+aFeLLxTpNtG05","26 larval"
"5118e862-068b-4590-bf31-fa97349f8003","BLAN_005.tickPlot.tck","D02","BLAN","BLAN_005","distributed","deciduousForest",39.086223,-77.972729,"WGS84",20.2,169.1,0.3,"2015-08-03T17:00Z","BLAN.2015.31","BLAN_005.20150803",,"drag and flag",160,"Y",0,3,,"No known compromise","NEON.DOC.014045vF","fhqXNoOkfxgX2h02muvP11Fl/AXBdM0Q1u8a+qeHrI0=","larval ticks collected with packing tape and placed in separate vial"
"14ef487d-dd87-4475-ba91-48bc30e9d819","BLAN_012.tickPlot.tck","D02","BLAN","BLAN_012","distributed","deciduousForest",39.082720,-77.959589,"WGS84",20.2,135.1,0.2,"2015-08-03T18:20Z","BLAN.2015.31",,,"drag and flag",170,"N",0,0,,,"NEON.DOC.014045vF","fhqXNoOkfxgX2h02muvP11Fl/AXBdM0Q1u8a+qeHrI0=",
"b50e0df9-d87f-4278-bf22-d635117ae18a","BLAN_002.tickPlot.tck","D02","BLAN","BLAN_002","distributed","pastureHay",39.091474,-77.982149,"WGS84",20.1,145.6,0.1,"2015-08-24T14:18Z","BLAN.2015.34",,,"drag",165,"N",0,0,,,"NEON.DOC.014045vF","esNjjubcI51hdInmRHEEIrFR4+oIJtuN","Tall grass, 4ft"
"1717cf4f-0e7d-4150-b6de-f31fd208164d","BLAN_008.tickPlot.tck","D02","BLAN","BLAN_008","distributed","pastureHay",39.083870,-77.966320,"WGS84",20.4,159.6,0.5,"2015-08-24T15:20Z","BLAN.2015.34",,,"drag",163,"N",0,0,,,"NEON.DOC.014045vF","esNjjubcI51hdInmRHEEIrFR4+oIJtuN","Reinstalled pvc, recently mowed"
"d992f51f-d23b-4930-8168-a21b3ef539ef","BLAN_004.tickPlot.tck","D02","BLAN","BLAN_004","distributed","pastureHay",39.088416,-77.961331,"WGS84",20.1,123.7,0.1,"2015-08-24T16:28Z","BLAN.2015.34",,,"drag",162,"N",0,0,,,"NEON.DOC.014045vF","esNjjubcI51hdInmRHEEIrFR4+oIJtuN","Reinstalled pvc, recently mowed"
"ebaa45ad-7137-4294-a66b-efa376d86efa","BLAN_012.tickPlot.tck","D02","BLAN","BLAN_012","distributed","deciduousForest",39.082720,-77.959589,"WGS84",20.2,135.1,0.2,"2015-08-25T15:52Z","BLAN.2015.34","BLAN_012.20150825",,"drag and flag",165,"Y",0,0,2,"No known compromise","NEON.DOC.014045vF","js8EmhB6nU2WDi0O0huYtBsXHPRFrOwK","Slightly wet ground when sampling"
"5269d7ee-0d4c-4d27-a317-632c7c9d8173","BLAN_015.tickPlot.tck","D02","BLAN","BLAN_015","distributed","deciduousForest",39.088728,-77.955494,"WGS84",20.2,125.9,0.2,"2015-08-25T16:38Z","BLAN.2015.34","BLAN_015.20150825",,"drag",160,"Y",0,1,6,"No known compromise","NEON.DOC.014045vF","fhqXNoOkfxgX2h02muvP11Fl/AXBdM0Q1u8a+qeHrI0=",
"60307261-d663-4716-a975-d88c354835de","BLAN_005.tickPlot.tck","D02","BLAN","BLAN_005","distributed","deciduousForest",39.086223,-77.972729,"WGS84",20.2,169.1,0.3,"2015-08-25T18:09Z","BLAN.2015.34","BLAN_005.20150825",,"drag and flag",160,"Y",0,1,298,"No known compromise","NEON.DOC.014045vF","fhqXNoOkfxgX2h02muvP11Fl/AXBdM0Q1u8a+qeHrI0=",
