uid,namedLocation,plotID,collectDate,identifiedDate,sampleID,subsampleID,scientificName,acceptedTaxonID,taxonRank,family,subfamily,tribe,subtribe,genus,subgenus,specificEpithet,infraspecificEpithet,identificationQualifier,identificationReferences,identificationProtocolVersion,scientificNameAuthorship,sexOrAge,individualCount,sampleCondition,archiveMedium,archiveFacilityID,deprecatedVialID,identifiedBy,laboratoryName,remarks
"96f484f3-fbd7-4805-b8a9-874247651c8e","BLAN_015.tickPlot.tck","BLAN_015","2015-08-03T16:41Z","2016-11-10T17:00Z","BLAN_015.20150803","BLAN_015.20150803.IXOSP.L","Ixodidae sp.","IXOSP","family","Ixodidae",,,,,,"sp.",,,,"GSU_tickIdentification_SOP_2016-11-01.pdf",,"Larva",1,"OK","90% ethanol","USNMENT00864703","BLAN_015.20150803.6.01.larvae","C. Evans","Georgia Southern University",
"4209c090-4c94-4d85-a942-23ed1e731091","BLAN_005.tickPlot.tck","BLAN_005","2015-08-03T17:00Z","2016-11-10T17:00Z","BLAN_005.20150803","BLAN_005.20150803.IXOSP.L","Ixodidae sp.","IXOSP","family","Ixodidae",,,,,,"sp.",,,,"GSU_tickIdentification_SOP_2016-11-01.pdf",,"Larva",1,"OK",,"USNMENT00864702","BLAN_005.20150803.6.01.larvae","C. Evans","Georgia Southern University",
"4cecb232-521b-4f0c-9f5c-fcc01809cc78","BLAN_005.tickPlot.tck","BLAN_005","2015-08-03T17:00Z","2016-11-02T16:00Z","BLAN_005.20150803","BLAN_005.20150803.IXOSCA.N","Ixodes scapularis","IXOSCA","species","Ixodidae",,,,"Ixodes",,"scapularis",,,"Cooley, R. A. and G. M. Kohls. 1945. The genus Ixodes in North America. National Institute of Health Bulletin, 184.","GSU_tickIdentification_SOP_2016-11-01.pdf","Say","Nymph",3,"OK","90% ethanol","USNMENT00865025","BLAN_005.20150803.6.01.Ixodes scapularis.nymph","L. Beati","Georgia Southern University",
"7ca765e5-8071-4326-b8e0-d0e3bab62073","BLAN_012.tickPlot.tck","BLAN_012","2015-08-25T15:52Z","2016-11-10T17:00Z","BLAN_012.20150825","BLAN_012.20150825.IXOSP.L","Ixodidae sp.","IXOSP","family","Ixodidae",,,,,,"sp.",,,,"GSU_tickIdentification_SOP_2016-11-01.pdf",,"Larva",1,"OK","90% ethanol","USNMENT00864704","BLAN_012.20150825.7.01.larvae","C. Evans","Georgia Southern University",
"62a9c8ce-6564-43f5-ba54-3e8f046810f6","BLAN_015.tickPlot.tck","BLAN_015","2015-08-25T16:38Z","2016-11-07T17:00Z","BLAN_015.20150825","BLAN_015.20150825.IXOSP.L","Ixodidae sp.","IXOSP","family","Ixodidae",,,,,,"sp.",,,,"GSU_tickIdentification_SOP_2016-11-01.pdf",,"Larva",1,"OK",,"USNMENT00865224","BLAN_015.20150825.7.01.larvae","L. Beati","Georgia Southern University",
"999b844c-46e8-4309-a8c2-76d96315f409","BLAN_015.tickPlot.tck","BLAN_015","2015-08-25T16:38Z","2016-11-07T17:00Z","BLAN_015.20150825","BLAN_015.20150825.IXOSCA.N","Ixodes scapularis","IXOSCA","species","Ixodidae",,,,"Ixodes",,"scapularis",,,"Cooley, R. A. and G. M. Kohls. 1945. The genus Ixodes in North America. National Institute of Health Bulletin, 184.","GSU_tickIdentification_SOP_2016-11-01.pdf","Say","Nymph",1,"OK","90% ethanol","USNMENT00865223","BLAN_015.20150825.7.01.Ixodes scapularis.nymph","L. Beati","Georgia Southern University",
"acde9007-467a-4fab-97d1-6ea03a71c5bb","BLAN_005.tickPlot.tck","BLAN_005","2015-08-25T18:09Z","2016-11-11T17:00Z","BLAN_005.20150825","BLAN_005.20150825.IXOSP.L","Ixodidae sp.","IXOSP","family","Ixodidae",,,,,,"sp.",,,,"GSU_tickIdentification_SOP_2016-11-01.pdf",,"Larva",1,"OK","90% ethanol","USNMENT00864719","BLAN_005.20150825.7.01.larvae","C. Evans","Georgia Southern University",
