uid,namedLocation,domainID,siteID,plotID,plotType,nlcdClass,decimalLatitude,decimalLongitude,geodeticDatum,coordinateUncertainty,elevation,elevationUncertainty,collectDate,eventID,sampleID,sampleCode,samplingMethod,totalSampledArea,targetTaxaPresent,adultCount,nymphCount,larvaCount,sampleCondition,samplingProtocolVersion,measuredBy,remarks
"a441dea6-20a9-40fc-8619-0ef5b8e2907f","JORN_006.tickPlot.tck","D14","JORN","JORN_006","distributed","shrubScrub",32.591754,-106.825128,"WGS84",20.1,1323.4,0.1,"2018-07-24T12:54Z","JORN.2018.30",,,"drag and flag",172,"N",0,0,0,,"NEON.DOC.014045vJ","BdYPsBF1wVSFIgcnJ4YU7wzVNMmgTmHPoueUWpBsAl4=","Added 12 meters"
"af0762d5-c6a8-4b4a-b1b2-e1e2a54f3c2c","JORN_004.tickPlot.tck","D14","JORN","JORN_004","distributed","shrubScrub",32.629997,-106.859194,"WGS84",20.1,1332.6,0.1,"2018-07-24T14:22Z","JORN.2018.30",,,"drag and flag",153,"N",0,0,0,,"NEON.DOC.014045vJ","wsPgf8Zw9fKLRGP+6ijleG+bHcabHnR0ZUzpfoJsmF4=",
"9656e2e3-e575-4569-9670-3757b594ed28","JORN_003.tickPlot.tck","D14","JORN","JORN_003","distributed","shrubScrub",32.599768,-106.839372,"WGS84",20.1,1321.1,0.1,"2018-07-24T15:15Z","JORN.2018.30",,,"drag and flag",154,"N",0,0,0,,"NEON.DOC.014045vJ","47fmII3dmbwIJec1dxdwyBiGTksx4UMrFdhMVXVxQHE=","Subtracted 6 meters"
"1c7424d9-412e-4fe2-9c50-3188012b5de1","JORN_002.tickPlot.tck","D14","JORN","JORN_002","distributed","shrubScrub",32.612341,-106.827225,"WGS84",20.1,1328.9,0.1,"2018-07-24T16:05Z","JORN.2018.30",,,"drag and flag",157,"N",0,0,0,,"NEON.DOC.014045vJ","5tNyu9dPu0FZ2qqQTj8cd21mFcX6pXoC7LA6b68QgV8=",
"21742729-fc83-4962-835e-1e8952194d2b","JORN_005.tickPlot.tck","D14","JORN","JORN_005","distributed","shrubScrub",32.575619,-106.801784,"WGS84",20.1,1324.8,0.2,"2018-07-24T16:59Z","JORN.2018.30",,,"drag and flag",162,"N",0,0,0,,"NEON.DOC.014045vJ","BdYPsBF1wVSFIgcnJ4YU7wzVNMmgTmHPoueUWpBsAl4=","Added 2 meters"
"a9559ffb-758d-480c-8207-347821b12998","JORN_001.tickPlot.tck","D14","JORN","JORN_001","distributed","shrubScrub",32.603710,-106.801348,"WGS84",20.1,1323.4,0.1,"2018-07-24T17:20Z","JORN.2018.30",,,"drag and flag",147,"N",0,0,0,,"NEON.DOC.014045vJ","5tNyu9dPu0FZ2qqQTj8cd21mFcX6pXoC7LA6b68QgV8=",
