uid,namedLocation,domainID,siteID,plotID,plotType,nlcdClass,decimalLatitude,decimalLongitude,geodeticDatum,coordinateUncertainty,elevation,elevationUncertainty,collectDate,eventID,sampleID,sampleCode,samplingMethod,totalSampledArea,targetTaxaPresent,adultCount,nymphCount,larvaCount,sampleCondition,samplingProtocolVersion,measuredBy,remarks
"545a1874-b6b7-43a9-953b-6c387ac97c18","BART_019.tickPlot.tck","D01","BART","BART_019","distributed","mixedForest",44.069350,-71.288001,"WGS84",20.2,231.8,0.2,"2017-07-17T16:25Z","BART.2017.30",,,"drag and flag",157,"N",0,0,0,,"NEON.DOC.014045vH","Y2eaC7kOodtvF5at3+Kw8mTeqKt2X6vNva5c0wOgyFM=",
"b4cc581e-fcd7-43ff-83cb-cf2207558f32","BART_029.tickPlot.tck","D01","BART","BART_029","distributed","evergreenForest",44.058948,-71.289336,"WGS84",20.2,291.7,0.3,"2017-07-17T17:21Z","BART.2017.30",,,"drag and flag",140,"N",0,0,0,,"NEON.DOC.014045vH","Y2eaC7kOodtvF5at3+Kw8mTeqKt2X6vNva5c0wOgyFM=",
"2d387c19-7b1e-4fc7-85df-f64fd8be7400","BART_011.tickPlot.tck","D01","BART","BART_011","distributed","mixedForest",44.048783,-71.295353,"WGS84",20.2,399.5,0.2,"2017-07-17T18:17Z","BART.2017.30",,,"drag and flag",160,"N",0,0,0,,"NEON.DOC.014045vH","XVpAZvFTV5+SRUEkcK8K7LUOF15VuEMc",
"0d811997-7957-41a6-ba3e-3e374b03a4eb","BART_010.tickPlot.tck","D01","BART","BART_010","distributed","deciduousForest",44.051100,-71.267766,"WGS84",20.2,413.0,0.4,"2017-07-17T19:34Z","BART.2017.30",,,"drag and flag",159,"N",0,0,0,,"NEON.DOC.014045vH","Y2eaC7kOodtvF5at3+Kw8mTeqKt2X6vNva5c0wOgyFM=",
"875f6020-c3a2-4805-b08d-72b1ab1629e0","BART_015.tickPlot.tck","D01","BART","BART_015","distributed","mixedForest",44.042149,-71.271603,"WGS84",20.3,455.0,0.5,"2017-07-17T20:41Z","BART.2017.30",,,"drag and flag",160,"N",0,0,0,,"NEON.DOC.014045vH","Y2eaC7kOodtvF5at3+Kw8mTeqKt2X6vNva5c0wOgyFM=",
"15c0386d-c4ac-4b2d-928d-6e524dbf54a5","BART_002.tickPlot.tck","D01","BART","BART_002","distributed","deciduousForest",44.035231,-71.274674,"WGS84",20.2,502.6,0.3,"2017-07-19T14:50Z","BART.2017.30",,,"drag and flag",160,"N",0,0,0,,"NEON.DOC.014045vH","WpWHyjh7ZEbsFcxLGlzbonUvwbNLZ84R",
"8a5c44f8-a39e-4552-9a5f-31ac87113e7b","BART_002.tickPlot.tck","D01","BART","BART_002","distributed","deciduousForest",44.035231,-71.274674,"WGS84",20.2,502.6,0.3,"2017-07-31T13:12Z","BART.2017.32",,,"drag",160,"N",0,0,0,,"NEON.DOC.014045vH","BlMwct01jY+JetaDdxwqsphNvHcQdgv8bCEDK06lkUk=",
"fbd642c3-668f-4963-9ae9-0422e44e694e","BART_015.tickPlot.tck","D01","BART","BART_015","distributed","mixedForest",44.042149,-71.271603,"WGS84",20.3,455.0,0.5,"2017-07-31T14:06Z","BART.2017.32",,,"drag and flag",160,"N",0,0,0,,"NEON.DOC.014045vH","BlMwct01jY+JetaDdxwqsphNvHcQdgv8bCEDK06lkUk=",
"f80bd9fd-cc6a-43bf-8b5d-6759c7bddd78","BART_011.tickPlot.tck","D01","BART","BART_011","distributed","mixedForest",44.048783,-71.295353,"WGS84",20.2,399.5,0.2,"2017-07-31T15:10Z","BART.2017.32",,,"drag and flag",160,"N",0,0,0,,"NEON.DOC.014045vH","BlMwct01jY+JetaDdxwqsphNvHcQdgv8bCEDK06lkUk=",
"fa0c7366-a213-4f3e-88d0-33fbb35daf6b","BART_029.tickPlot.tck","D01","BART","BART_029","distributed","evergreenForest",44.058948,-71.289336,"WGS84",20.2,291.7,0.3,"2017-07-31T17:25Z","BART.2017.32",,,"drag",145,"N",0,0,0,,"NEON.DOC.014045vH","BlMwct01jY+JetaDdxwqsphNvHcQdgv8bCEDK06lkUk=",
"35c1694d-184e-4b5d-ab3e-4cda8dcbf41e","BART_010.tickPlot.tck","D01","BART","BART_010","distributed","deciduousForest",44.051100,-71.267766,"WGS84",20.2,413.0,0.4,"2017-07-31T18:25Z","BART.2017.32",,,"drag",160,"N",0,0,0,,"NEON.DOC.014045vH","BlMwct01jY+JetaDdxwqsphNvHcQdgv8bCEDK06lkUk=",
