uid,namedLocation,plotID,collectDate,identifiedDate,sampleID,subsampleID,scientificName,acceptedTaxonID,taxonRank,family,subfamily,tribe,subtribe,genus,subgenus,specificEpithet,infraspecificEpithet,identificationQualifier,identificationReferences,identificationProtocolVersion,scientificNameAuthorship,sexOrAge,individualCount,sampleCondition,archiveMedium,archiveFacilityID,deprecatedVialID,identifiedBy,laboratoryName,remarks
"cc0f60b6-ddf1-4a20-b3e6-bde362bff38c","LENO_004.tickPlot.tck","LENO_004","2016-07-20T15:39Z","2017-06-01T16:00Z","LENO_004.20160720","LENO_004.20160720.AMBAME.N","Amblyomma americanum","AMBAME","species","Ixodidae",,,,"Amblyomma",,"americanum",,,"Cooley, R. A. and G. M. Kohls. 1944. The genus Amblyomma (ixodidae) in the United States. The Journal of Parasitology, 30(2):77-111.","GSU_tickIdentification_SOP_2016-11-01.pdf","Linnaeus","Nymph",3,"OK","RNA stabilization buffer","USNMENT00984374","LENO_004.20160720.02.AMBAME.N","Lorenza Beati","Georgia Southern University",
"c4a31134-5c14-4a1a-9f4e-e16f92cee402","LENO_004.tickPlot.tck","LENO_004","2016-07-20T15:39Z","2017-04-21T16:00Z","LENO_004.20160720","LENO_004.20160720.IXOSP.L","Ixodidae sp.","IXOSP","family","Ixodidae",,,,,,"sp.",,,,"GSU_tickIdentification_SOP_2016-11-01.pdf",,"Larva",1,"OK","RNA stabilization buffer","USNMENT00984408","LENO_004.20160720.01.L","Arianna Gibbs","Georgia Southern University",
"37f9a574-0686-43fa-9acc-5fed3348d2de","LENO_004.tickPlot.tck","LENO_004","2016-07-20T15:39Z","2017-06-01T16:00Z","LENO_004.20160720","LENO_004.20160720.IXOSCA.N","Ixodes scapularis","IXOSCA","species","Ixodidae",,,,"Ixodes",,"scapularis",,,"Cooley, R. A. and G. M. Kohls. 1945. The genus Ixodes in North America. National Institute of Health Bulletin, 184.","GSU_tickIdentification_SOP_2016-11-01.pdf","Say","Nymph",2,"OK","RNA stabilization buffer","USNMENT00984373","LENO_004.20160720.02.IXOSCA.N","Lorenza Beati","Georgia Southern University",
"4b6ce2ac-c74d-4498-8c87-ebf30eca0eaf","LENO_015.tickPlot.tck","LENO_015","2016-07-20T17:15Z","2017-04-19T16:00Z","LENO_015.20160720","LENO_015.20160720.IXOSP.L","Ixodidae sp.","IXOSP","family","Ixodidae",,,,,,"sp.",,,,"GSU_tickIdentification_SOP_2016-11-01.pdf",,"Larva",1,"OK","RNA stabilization buffer","USNMENT00984377","LENO_015.20160720.01.L","Arianna Gibbs","Georgia Southern University",
"e97908f7-52ba-4f7a-ad16-b5396b02ebf3","LENO_042.tickPlot.tck","LENO_042","2016-07-20T18:25Z","2017-04-19T16:00Z","LENO_042.20160720","LENO_042.20160720.IXOSP.L","Ixodidae sp.","IXOSP","family","Ixodidae",,,,,,"sp.",,,,"GSU_tickIdentification_SOP_2016-11-01.pdf",,"Larva",1,"OK","RNA stabilization buffer","USNMENT00984376","LENO_042.20160720.01.L","Arianna Gibbs","Georgia Southern University",
"eb592088-8651-4c28-b095-defe7588fa4e","LENO_042.tickPlot.tck","LENO_042","2016-07-20T18:25Z","2017-06-05T16:00Z","LENO_042.20160720","LENO_042.20160720.AMBAME.N","Amblyomma americanum","AMBAME","species","Ixodidae",,,,"Amblyomma",,"americanum",,,"Cooley, R. A. and G. M. Kohls. 1944. The genus Amblyomma (ixodidae) in the United States. The Journal of Parasitology, 30(2):77-111.","GSU_tickIdentification_SOP_2016-11-01.pdf","Linnaeus","Nymph",2,"OK","RNA stabilization buffer","USNMENT00984375","LENO_042.20160720.01.AMBAME.N","Lorenza Beati","Georgia Southern University",
"eae94684-8f91-41f5-b55a-cfe64421775b","LENO_003.tickPlot.tck","LENO_003","2016-07-20T20:23Z","2017-06-01T16:00Z","LENO_003.20160720","LENO_003.20160720.AMBAME.N","Amblyomma americanum","AMBAME","species","Ixodidae",,,,"Amblyomma",,"americanum",,,"Cooley, R. A. and G. M. Kohls. 1944. The genus Amblyomma (ixodidae) in the United States. The Journal of Parasitology, 30(2):77-111.","GSU_tickIdentification_SOP_2016-11-01.pdf","Linnaeus","Nymph",1,"OK","RNA stabilization buffer","USNMENT00984379","LENO_003.20160720.01.AMBAME.N","Lorenza Beati","Georgia Southern University",
"18bc9508-0191-4e55-9ae9-33f9128797f8","LENO_003.tickPlot.tck","LENO_003","2016-07-20T20:23Z","2017-06-01T16:00Z","LENO_003.20160720","LENO_003.20160720.AMBAME.F","Amblyomma americanum","AMBAME","species","Ixodidae",,,,"Amblyomma",,"americanum",,,"Cooley, R. A. and G. M. Kohls. 1944. The genus Amblyomma (ixodidae) in the United States. The Journal of Parasitology, 30(2):77-111.","GSU_tickIdentification_SOP_2016-11-01.pdf","Linnaeus","Female",1,"OK","RNA stabilization buffer","USNMENT00984378","LENO_003.20160720.01.AMBAME.F","Lorenza Beati","Georgia Southern University",
