uid,namedLocation,domainID,siteID,plotID,plotType,nlcdClass,decimalLatitude,decimalLongitude,geodeticDatum,coordinateUncertainty,elevation,elevationUncertainty,collectDate,eventID,sampleID,sampleCode,samplingMethod,totalSampledArea,targetTaxaPresent,adultCount,nymphCount,larvaCount,sampleCondition,samplingProtocolVersion,measuredBy,remarks
"97542ec0-a6b4-44b3-b4f4-7e334b53509a","LENO_004.tickPlot.tck","D08","LENO","LENO_004","distributed","woodyWetlands",31.822376,-88.181956,"WGS84",20.2,12.5,0.2,"2016-07-20T15:39Z","LENO.2016.29","LENO_004.20160720",,"drag and flag",160,"Y",0,5,679,"No known compromise","NEON.DOC.014045vG","0ShTL6IaUenIl8UIrFus2FxL7Gs6+tXJU6TiW3z61Vg=","Sample in 10 ml vial because of so many larval ticks - nymphs in vial 2 because of precipitate in 10 ml vial"
"8a3538a9-f706-4494-8fd8-90479e89f27f","LENO_015.tickPlot.tck","D08","LENO","LENO_015","distributed","woodyWetlands",31.817299,-88.191485,"WGS84",20.5,14.2,0.8,"2016-07-20T17:15Z","LENO.2016.29","LENO_015.20160720",,"drag",160,"Y",0,0,16,"No known compromise","NEON.DOC.014045vG","0ShTL6IaUenIl8UIrFus2FxL7Gs6+tXJU6TiW3z61Vg=",
"f4918792-aec5-41b2-b7c9-3075d60b0d95","LENO_042.tickPlot.tck","D08","LENO","LENO_042","distributed","woodyWetlands",31.817825,-88.182881,"WGS84",20.2,14.6,0.3,"2016-07-20T18:25Z","LENO.2016.29","LENO_042.20160720",,"drag",160,"Y",0,2,9,"No known compromise","NEON.DOC.014045vG","0ShTL6IaUenIl8UIrFus2FxL7Gs6+tXJU6TiW3z61Vg=",
"4926f23b-7ae8-4245-b217-71cb6bb40b28","LENO_023.tickPlot.tck","D08","LENO","LENO_023","distributed","deciduousForest",31.809463,-88.181417,"WGS84",20.2,11.6,0.2,"2016-07-20T19:27Z","LENO.2016.29",,,"drag",160,"N",0,0,0,"No known compromise","NEON.DOC.014045vG","0ShTL6IaUenIl8UIrFus2FxL7Gs6+tXJU6TiW3z61Vg=",
"b1022c92-52da-4e02-a704-3cdf3139cec0","LENO_003.tickPlot.tck","D08","LENO","LENO_003","distributed","deciduousForest",31.809581,-88.187553,"WGS84",20.2,15.4,0.4,"2016-07-20T20:23Z","LENO.2016.29","LENO_003.20160720",,"drag",120,"Y",1,1,0,"No known compromise","NEON.DOC.014045vG","0ShTL6IaUenIl8UIrFus2FxL7Gs6+tXJU6TiW3z61Vg=","Rained out-stopped sampling early"
