uid,namedLocation,domainID,siteID,plotID,plotType,nlcdClass,decimalLatitude,decimalLongitude,geodeticDatum,coordinateUncertainty,elevation,elevationUncertainty,collectDate,eventID,sampleID,sampleCode,samplingMethod,totalSampledArea,targetTaxaPresent,adultCount,nymphCount,larvaCount,sampleCondition,samplingProtocolVersion,measuredBy,remarks
"82e87ab7-072a-4547-9f55-f60b9fa24c85","KONZ_002.tickPlot.tck","D06","KONZ","KONZ_002","distributed","grasslandHerbaceous",39.118977,-96.547146,"WGS84",20.0,394.4,0.0,"2017-08-01T15:54Z","KONZ.2017.32","KONZ_002.20170801",,"drag and flag",160,"Y",0,1,0,"No known compromise","NEON.DOC.014045vH","0QknftH/249Fzeup5XgxDmRFrswKMEXrpdiqA+dT0Pw=",
"f0682edf-e228-46b8-934a-278791550ef5","KONZ_004.tickPlot.tck","D06","KONZ","KONZ_004","distributed","grasslandHerbaceous",39.109647,-96.551370,"WGS84",20.0,371.9,0.0,"2017-08-01T16:50Z","KONZ.2017.32",,,"drag",160,"N",0,0,0,"No known compromise","NEON.DOC.014045vH","0QknftH/249Fzeup5XgxDmRFrswKMEXrpdiqA+dT0Pw=",
"7ad56727-ca88-4a8a-a625-22a379684e82","KONZ_007.tickPlot.tck","D06","KONZ","KONZ_007","distributed","grasslandHerbaceous",39.087937,-96.545919,"WGS84",20.1,434.0,0.1,"2017-08-01T17:43Z","KONZ.2017.32","KONZ_007.20170801",,"drag and flag",160,"Y",1,1,0,"No known compromise","NEON.DOC.014045vH","0QknftH/249Fzeup5XgxDmRFrswKMEXrpdiqA+dT0Pw=",
"61403e0c-4830-4a3d-80b6-ad23fcc6ff14","KONZ_001.tickPlot.tck","D06","KONZ","KONZ_001","distributed","grasslandHerbaceous",39.074114,-96.557107,"WGS84",20.0,423.7,0.0,"2017-08-01T18:31Z","KONZ.2017.32",,,"drag",160,"N",0,0,0,"No known compromise","NEON.DOC.014045vH","0QknftH/249Fzeup5XgxDmRFrswKMEXrpdiqA+dT0Pw=",
"fec96945-1003-46bf-a996-a8c1e22bda5e","KONZ_009.tickPlot.tck","D06","KONZ","KONZ_009","distributed","grasslandHerbaceous",39.107902,-96.584438,"WGS84",20.1,391.9,0.1,"2017-08-01T20:03Z","KONZ.2017.32",,,"drag and flag",160,"N",0,0,0,"No known compromise","NEON.DOC.014045vH","0QknftH/249Fzeup5XgxDmRFrswKMEXrpdiqA+dT0Pw=",
"32acade6-97e5-456a-a499-faa34f22c6e3","KONZ_025.tickPlot.tck","D06","KONZ","KONZ_025","distributed","deciduousForest",39.103714,-96.597832,"WGS84",20.1,337.3,0.1,"2017-08-01T20:36Z","KONZ.2017.32","KONZ_025.20170801",,"drag and flag",160,"Y",1,2,63,"No known compromise","NEON.DOC.014045vH","0QknftH/249Fzeup5XgxDmRFrswKMEXrpdiqA+dT0Pw=",
"ace0f433-6989-4f7b-a30a-f65446aaca1d","KONZ_002.tickPlot.tck","D06","KONZ","KONZ_002","distributed","grasslandHerbaceous",39.118977,-96.547146,"WGS84",20.0,394.4,0.0,"2017-08-21T14:37Z","KONZ.2017.35","KONZ_002.20170821",,"drag and flag",160,"Y",1,0,43,"No known compromise","NEON.DOC.014045vH","0QknftH/249Fzeup5XgxDmRFrswKMEXrpdiqA+dT0Pw=",
"ce6db68f-f987-460c-87d4-ea031e82735e","KONZ_004.tickPlot.tck","D06","KONZ","KONZ_004","distributed","grasslandHerbaceous",39.109647,-96.551370,"WGS84",20.0,371.9,0.0,"2017-08-21T15:58Z","KONZ.2017.35","KONZ_004.20170821",,"drag and flag",160,"Y",0,1,28,"No known compromise","NEON.DOC.014045vH","0QknftH/249Fzeup5XgxDmRFrswKMEXrpdiqA+dT0Pw=",
"4b01e8a3-d694-4f08-9a31-f12f04b01111","KONZ_007.tickPlot.tck","D06","KONZ","KONZ_007","distributed","grasslandHerbaceous",39.087937,-96.545919,"WGS84",20.1,434.0,0.1,"2017-08-21T16:54Z","KONZ.2017.35","KONZ_007.20170821",,"drag and flag",160,"Y",1,0,1,"No known compromise","NEON.DOC.014045vH","0QknftH/249Fzeup5XgxDmRFrswKMEXrpdiqA+dT0Pw=",
"e186cd73-627a-4ad1-92dd-058844fb370e","KONZ_001.tickPlot.tck","D06","KONZ","KONZ_001","distributed","grasslandHerbaceous",39.074114,-96.557107,"WGS84",20.0,423.7,0.0,"2017-08-21T18:08Z","KONZ.2017.35",,,"drag and flag",160,"N",0,0,0,"No known compromise","NEON.DOC.014045vH","0QknftH/249Fzeup5XgxDmRFrswKMEXrpdiqA+dT0Pw=",
"eae0425b-a811-438b-8580-ba0d3fc28816","KONZ_009.tickPlot.tck","D06","KONZ","KONZ_009","distributed","grasslandHerbaceous",39.107902,-96.584438,"WGS84",20.1,391.9,0.1,"2017-08-21T19:43Z","KONZ.2017.35",,,"drag and flag",160,"N",0,0,0,"No known compromise","NEON.DOC.014045vH","0QknftH/249Fzeup5XgxDmRFrswKMEXrpdiqA+dT0Pw=",
"314c48cc-9919-406a-b80e-aa05068c61ac","KONZ_025.tickPlot.tck","D06","KONZ","KONZ_025","distributed","deciduousForest",39.103714,-96.597832,"WGS84",20.1,337.3,0.1,"2017-08-21T20:41Z","KONZ.2017.35","KONZ_025.20170821",,"drag and flag",160,"Y",0,2,626,"No known compromise","NEON.DOC.014045vH","0QknftH/249Fzeup5XgxDmRFrswKMEXrpdiqA+dT0Pw=",
