uid,namedLocation,plotID,collectDate,identifiedDate,sampleID,subsampleID,scientificName,acceptedTaxonID,taxonRank,family,subfamily,tribe,subtribe,genus,subgenus,specificEpithet,infraspecificEpithet,identificationQualifier,identificationReferences,identificationProtocolVersion,scientificNameAuthorship,sexOrAge,individualCount,sampleCondition,archiveMedium,archiveFacilityID,deprecatedVialID,identifiedBy,laboratoryName,remarks
"0865e771-4513-434d-9da1-dda3a57a2b51","KONZ_002.tickPlot.tck","KONZ_002","2017-08-01T15:54Z","2017-12-22T17:00Z","KONZ_002.20170801","KONZ_002.20170801.AMBAME.N","Amblyomma americanum","AMBAME","species","Ixodidae",,,,"Amblyomma",,"americanum",,,"Cooley, R. A. and G. M. Kohls. 1944. The genus Amblyomma (ixodidae) in the United States. The Journal of Parasitology, 30(2):77-111.","GSU_tickIdentification_SOP_2016-11-01.pdf","Linnaeus","Nymph",1,"OK","90% ethanol","1358637","KONZ_002.20170801.AMBAME.N","Lorenza Beati","Georgia Southern University",
"80288813-f594-4699-81c6-2e15ed79818e","KONZ_007.tickPlot.tck","KONZ_007","2017-08-01T17:43Z","2017-12-22T17:00Z","KONZ_007.20170801","KONZ_007.20170801.AMBAME.N","Amblyomma americanum","AMBAME","species","Ixodidae",,,,"Amblyomma",,"americanum",,,"Cooley, R. A. and G. M. Kohls. 1944. The genus Amblyomma (ixodidae) in the United States. The Journal of Parasitology, 30(2):77-111.","GSU_tickIdentification_SOP_2016-11-01.pdf","Linnaeus","Nymph",1,"OK","90% ethanol","1358639","KONZ_007.20170801.AMBAME.N","Lorenza Beati","Georgia Southern University",
"2395805e-579f-42f1-93d3-e2e1069677f2","KONZ_007.tickPlot.tck","KONZ_007","2017-08-01T17:43Z","2017-12-22T17:00Z","KONZ_007.20170801","KONZ_007.20170801.DERVAR.F","Dermacentor variabilis","DERVAR","species","Ixodidae",,,,"Dermacentor",,"variabilis",,,"Yunker, C. E., Keirans, J. E., Clifford, C. M., and E. R. Easton. 1986. Dermacentor ticks (Acari: Ixodoidea: Ixodidae) of the New World: a scanning electron microscope atlas. Proceedings of the Entomological Society of Washington, 88(4):609-627.","GSU_tickIdentification_SOP_2016-11-01.pdf","Say","Female",1,"OK","90% ethanol","1358638","KONZ_007.20170801.DERVAR.F","Lorenza Beati","Georgia Southern University","TO PAULA"
"29b74a32-f105-4282-9d06-b1cb25ab6b24","KONZ_025.tickPlot.tck","KONZ_025","2017-08-01T20:36Z","2017-09-22T16:00Z","KONZ_025.20170801","KONZ_025.20170801.IXOSP.L","Ixodidae sp.","IXOSP","family","Ixodidae",,,,,,"sp.",,,,"GSU_tickIdentification_SOP_2016-11-01.pdf",,"Larva",1,"OK","90% ethanol","1358640","KONZ_025.20170801.L","Guy Hobbs","Georgia Southern University",
"e22a0cc9-e92b-4657-9e9f-c3ecea9cd647","KONZ_025.tickPlot.tck","KONZ_025","2017-08-01T20:36Z","2017-12-22T17:00Z","KONZ_025.20170801","KONZ_025.20170801.AMBAME.N","Amblyomma americanum","AMBAME","species","Ixodidae",,,,"Amblyomma",,"americanum",,,"Cooley, R. A. and G. M. Kohls. 1944. The genus Amblyomma (ixodidae) in the United States. The Journal of Parasitology, 30(2):77-111.","GSU_tickIdentification_SOP_2016-11-01.pdf","Linnaeus","Nymph",2,"OK","90% ethanol","1358641","KONZ_025.20170801.AMBAME.N","Lorenza Beati","Georgia Southern University",
"a7502192-9066-4a72-b7e1-73e83d8dba99","KONZ_025.tickPlot.tck","KONZ_025","2017-08-01T20:36Z","2017-12-22T17:00Z","KONZ_025.20170801","KONZ_025.20170801.DERVAR.M","Dermacentor variabilis","DERVAR","species","Ixodidae",,,,"Dermacentor",,"variabilis",,,"Yunker, C. E., Keirans, J. E., Clifford, C. M., and E. R. Easton. 1986. Dermacentor ticks (Acari: Ixodoidea: Ixodidae) of the New World: a scanning electron microscope atlas. Proceedings of the Entomological Society of Washington, 88(4):609-627.","GSU_tickIdentification_SOP_2016-11-01.pdf","Say","Male",1,"OK","90% ethanol","USNMENT01358642","KONZ_025.20170801.DERVAR.M","Lorenza Beati","Georgia Southern University",
"77402361-e63f-45fe-bbb5-c9a8a44c5f0c","KONZ_002.tickPlot.tck","KONZ_002","2017-08-21T14:37Z","2017-12-07T17:00Z","KONZ_002.20170821","KONZ_002.20170821.AMBMAC.F","Amblyomma maculatum","AMBMAC","species","Ixodidae",,,,"Amblyomma",,"maculatum",,,"Cooley, R. A. and G. M. Kohls. 1944. The genus Amblyomma (ixodidae) in the United States. The Journal of Parasitology, 30(2):77-111.","GSU_tickIdentification_SOP_2016-11-01.pdf","Koch","Female",1,"OK","90% ethanol","1358999","KONZ_002.20170821.AMBMAC.F","Lorenza Beati","Georgia Southern University",
"9069cf38-4b97-42db-bb69-dd40abde0122","KONZ_002.tickPlot.tck","KONZ_002","2017-08-21T14:37Z","2017-09-06T16:00Z","KONZ_002.20170821","KONZ_002.20170821.IXOSP.L","Ixodidae sp.","IXOSP","family","Ixodidae",,,,,,"sp.",,,,"GSU_tickIdentification_SOP_2016-11-01.pdf",,"Larva",1,"OK","90% ethanol","1430010","KONZ_002.20170821.L","Guy Hobbs","Georgia Southern University",
"72330cac-26e1-48c6-9a9c-b80f5293bf0b","KONZ_004.tickPlot.tck","KONZ_004","2017-08-21T15:58Z","2017-12-07T17:00Z","KONZ_004.20170821","KONZ_004.20170821.AMBAME.N","Amblyomma americanum","AMBAME","species","Ixodidae",,,,"Amblyomma",,"americanum",,,"Cooley, R. A. and G. M. Kohls. 1944. The genus Amblyomma (ixodidae) in the United States. The Journal of Parasitology, 30(2):77-111.","GSU_tickIdentification_SOP_2016-11-01.pdf","Linnaeus","Nymph",1,"OK","90% ethanol","1430011","KONZ_004.20170821.AMBAME.N","Lorenza Beati","Georgia Southern University",
"72a10b1d-61ed-454b-a02f-c449567e59e5","KONZ_004.tickPlot.tck","KONZ_004","2017-08-21T15:58Z","2017-09-06T16:00Z","KONZ_004.20170821","KONZ_004.20170821.IXOSP.L","Ixodidae sp.","IXOSP","family","Ixodidae",,,,,,"sp.",,,,"GSU_tickIdentification_SOP_2016-11-01.pdf",,"Larva",1,"OK","90% ethanol","1430012","KONZ_004.20170821.L","Guy Hobbs","Georgia Southern University",
"1f10fd9b-5fa0-4ea2-9f09-2d0861bc3153","KONZ_007.tickPlot.tck","KONZ_007","2017-08-21T16:54Z","2017-09-06T16:00Z","KONZ_007.20170821","KONZ_007.20170821.IXOSP.L","Ixodidae sp.","IXOSP","family","Ixodidae",,,,,,"sp.",,,,"GSU_tickIdentification_SOP_2016-11-01.pdf",,"Larva",1,"OK","90% ethanol","1430013","KONZ_007.20170821.L","Guy Hobbs","Georgia Southern University",
"67660321-dcc6-4914-a9aa-a65e990d9f4a","KONZ_007.tickPlot.tck","KONZ_007","2017-08-21T16:54Z","2017-12-07T17:00Z","KONZ_007.20170821","KONZ_007.20170821.DERVAR.F","Dermacentor variabilis","DERVAR","species","Ixodidae",,,,"Dermacentor",,"variabilis",,,"Yunker, C. E., Keirans, J. E., Clifford, C. M., and E. R. Easton. 1986. Dermacentor ticks (Acari: Ixodoidea: Ixodidae) of the New World: a scanning electron microscope atlas. Proceedings of the Entomological Society of Washington, 88(4):609-627.","GSU_tickIdentification_SOP_2016-11-01.pdf","Say","Female",1,"OK","90% ethanol","1430014","KONZ_007.20170821.DERVAR.F","Lorenza Beati","Georgia Southern University","TO PAULA"
"0ca57b2c-3902-4219-a9a0-611b6f417761","KONZ_025.tickPlot.tck","KONZ_025","2017-08-21T20:41Z","2017-12-07T17:00Z","KONZ_025.20170821","KONZ_025.20170821.AMBAME.N","Amblyomma americanum","AMBAME","species","Ixodidae",,,,"Amblyomma",,"americanum",,,"Cooley, R. A. and G. M. Kohls. 1944. The genus Amblyomma (ixodidae) in the United States. The Journal of Parasitology, 30(2):77-111.","GSU_tickIdentification_SOP_2016-11-01.pdf","Linnaeus","Nymph",2,"OK","90% ethanol","1430016","KONZ_025.20170821.AMBAME.N","Lorenza Beati","Georgia Southern University",
"25d4fcbe-ba79-4ae9-9987-29250bce3d2a","KONZ_025.tickPlot.tck","KONZ_025","2017-08-21T20:41Z","2017-09-06T16:00Z","KONZ_025.20170821","KONZ_025.20170821.IXOSP.L","Ixodidae sp.","IXOSP","family","Ixodidae",,,,,,"sp.",,,,"GSU_tickIdentification_SOP_2016-11-01.pdf",,"Larva",1,"OK","90% ethanol","1430015","KONZ_025.20170821.L","Guy Hobbs","Georgia Southern University",
