uid,namedLocation,domainID,siteID,plotID,plotType,nlcdClass,decimalLatitude,decimalLongitude,geodeticDatum,coordinateUncertainty,elevation,elevationUncertainty,collectDate,eventID,sampleID,sampleCode,samplingMethod,totalSampledArea,targetTaxaPresent,adultCount,nymphCount,larvaCount,sampleCondition,samplingProtocolVersion,measuredBy,remarks
"ca34ad55-2da1-4ab2-87ab-86d77159bd3e","CPER_002.tickPlot.tck","D10","CPER","CPER_002","distributed","grasslandHerbaceous",40.811446,-104.727626,"WGS84",20.1,1645.8,0.1,"2017-03-30T16:05Z","CPER.2017.13",,,"drag",160,"N",0,0,0,"No known compromise","NEON.DOC.014045vG","EWrRKg8wzIP3gJGviI1OodfrkxPTFWIvkFqz4TNL+zc=",
"6360fe52-6b5b-46ae-b012-a9bc38d4f01e","CPER_004.tickPlot.tck","D10","CPER","CPER_004","distributed","grasslandHerbaceous",40.814104,-104.696817,"WGS84",20.1,1617.2,0.1,"2017-03-30T16:34Z","CPER.2017.13",,,"drag",160,"N",0,0,0,"No known compromise","NEON.DOC.014045vG","EWrRKg8wzIP3gJGviI1OodfrkxPTFWIvkFqz4TNL+zc=",
"603a1651-2c34-4976-a33d-01ae5071b4c2","CPER_003.tickPlot.tck","D10","CPER","CPER_003","distributed","grasslandHerbaceous",40.819808,-104.707147,"WGS84",20.1,1625.7,0.1,"2017-03-30T17:07Z","CPER.2017.13",,,"drag",160,"N",0,0,0,"No known compromise","NEON.DOC.014045vG","EWrRKg8wzIP3gJGviI1OodfrkxPTFWIvkFqz4TNL+zc=",
"8a526422-bcbf-41cc-881c-a6ee4820775d","CPER_005.tickPlot.tck","D10","CPER","CPER_005","distributed","grasslandHerbaceous",40.852571,-104.726331,"WGS84",20.1,1662.6,0.1,"2017-03-30T17:50Z","CPER.2017.13",,,"drag",165,"N",0,0,0,"No known compromise","NEON.DOC.014045vG","EWrRKg8wzIP3gJGviI1OodfrkxPTFWIvkFqz4TNL+zc=",
"0cbbf334-b883-4261-b980-bee9584440ed","CPER_001.tickPlot.tck","D10","CPER","CPER_001","distributed","grasslandHerbaceous",40.851012,-104.701302,"WGS84",20.1,1639.1,0.1,"2017-03-30T18:24Z","CPER.2017.13",,,"drag",160,"N",0,0,0,"No known compromise","NEON.DOC.014045vG","EWrRKg8wzIP3gJGviI1OodfrkxPTFWIvkFqz4TNL+zc=",
"7a7e90eb-90f3-48aa-bbfa-d0b3984c6d7f","CPER_007.tickPlot.tck","D10","CPER","CPER_007","distributed","grasslandHerbaceous",40.860878,-104.684952,"WGS84",20.1,1646.7,0.1,"2017-03-30T18:56Z","CPER.2017.13",,,"drag",160,"N",0,0,0,"No known compromise","NEON.DOC.014045vG","EWrRKg8wzIP3gJGviI1OodfrkxPTFWIvkFqz4TNL+zc=",
