uid,namedLocation,domainID,siteID,plotID,plotType,nlcdClass,decimalLatitude,decimalLongitude,geodeticDatum,coordinateUncertainty,elevation,elevationUncertainty,collectDate,eventID,sampleID,sampleCode,samplingMethod,totalSampledArea,targetTaxaPresent,adultCount,nymphCount,larvaCount,sampleCondition,samplingProtocolVersion,measuredBy,remarks
"ddda7ab6-4e12-4f82-aefa-dce42e919c10","WOOD_001.tickPlot.tck","D09","WOOD","WOOD_001","distributed","grasslandHerbaceous",47.127200,-99.256464,"WGS84",20.1,593.8,0.2,"2016-08-17T15:19Z","WOOD.2016.33",,,"drag",160,"N",0,0,0,"No known compromise","NEON.DOC.014045vG","sA0iMgdEYLMVVrcp83z2hpOGrD+j5rgJ",
"965a7a41-823e-4d85-9b8f-22426c3f1dac","WOOD_007.tickPlot.tck","D09","WOOD","WOOD_007","distributed","grasslandHerbaceous",47.133887,-99.251357,"WGS84",20.4,593.6,0.3,"2016-08-17T16:27Z","WOOD.2016.33",,,"drag and flag",160,"N",0,0,0,"No known compromise","NEON.DOC.014045vG","yWcbk7YaFdlp51bAj2iyEXLBxqut43jL",
"ba713008-1162-4859-88fd-142d6fdca55c","WOOD_006.tickPlot.tck","D09","WOOD","WOOD_006","distributed","grasslandHerbaceous",47.141023,-99.248055,"WGS84",20.1,587.2,0.1,"2016-08-17T17:33Z","WOOD.2016.33",,,"drag and flag",160,"N",0,0,0,"No known compromise","NEON.DOC.014045vG","sA0iMgdEYLMVVrcp83z2hpOGrD+j5rgJ",
"0f634a33-ed05-419f-b3f9-49a1741486d1","WOOD_002.tickPlot.tck","D09","WOOD","WOOD_002","distributed","grasslandHerbaceous",47.136802,-99.234546,"WGS84",20.1,578.3,0.1,"2016-08-17T18:27Z","WOOD.2016.33",,,"drag",160,"N",0,0,0,"No known compromise","NEON.DOC.014045vG","yWcbk7YaFdlp51bAj2iyEXLBxqut43jL",
"a91c4fe5-7f8b-4a94-a8fa-eaa37e34bc0d","WOOD_009.tickPlot.tck","D09","WOOD","WOOD_009","distributed","grasslandHerbaceous",47.144534,-99.231072,"WGS84",20.1,573.5,0.2,"2016-08-17T19:15Z","WOOD.2016.33",,,"drag",160,"N",0,0,0,"No known compromise","NEON.DOC.014045vG","sA0iMgdEYLMVVrcp83z2hpOGrD+j5rgJ",
"91ea34b2-f0fa-40f9-b79d-0c7c10357bfc","WOOD_024.tickPlot.tck","D09","WOOD","WOOD_024","distributed","emergentHerbaceousWetlands",47.150784,-99.260836,"WGS84",20.1,586.1,0.2,"2016-08-17T20:17Z","WOOD.2016.33",,,"flag",160,"N",0,0,0,"No known compromise","NEON.DOC.014045vG","yWcbk7YaFdlp51bAj2iyEXLBxqut43jL",
