uid,namedLocation,plotID,collectDate,identifiedDate,sampleID,subsampleID,scientificName,acceptedTaxonID,taxonRank,family,subfamily,tribe,subtribe,genus,subgenus,specificEpithet,infraspecificEpithet,identificationQualifier,identificationReferences,identificationProtocolVersion,scientificNameAuthorship,sexOrAge,individualCount,sampleCondition,archiveMedium,archiveFacilityID,deprecatedVialID,identifiedBy,laboratoryName,remarks
"39545ed8-46b0-4f9e-b95a-caefb6acddeb","SERC_005.tickPlot.tck","SERC_005","2016-04-14T16:41Z","2017-05-17T16:00Z","SERC_005.20160414","SERC_005.20160414.IXOSCA.N","Ixodes scapularis","IXOSCA","species","Ixodidae",,,,"Ixodes",,"scapularis",,,"Cooley, R. A. and G. M. Kohls. 1945. The genus Ixodes in North America. National Institute of Health Bulletin, 184.","GSU_tickIdentification_SOP_2016-11-01.pdf","Say","Nymph",1,"OK","RNA stabilization buffer","USNMENT00984115","SERC_005.20160414.1.IXOSCA.N","Lorenza Beati","Georgia Southern University",
"12732a06-b6b1-4088-81df-3a4e14fc8bab","SERC_005.tickPlot.tck","SERC_005","2016-04-14T16:41Z","2017-05-17T16:00Z","SERC_005.20160414","SERC_005.20160414.AMBAME.F","Amblyomma americanum","AMBAME","species","Ixodidae",,,,"Amblyomma",,"americanum",,,"Cooley, R. A. and G. M. Kohls. 1944. The genus Amblyomma (ixodidae) in the United States. The Journal of Parasitology, 30(2):77-111.","GSU_tickIdentification_SOP_2016-11-01.pdf","Linnaeus","Female",1,"OK","RNA stabilization buffer","USNMENT00984116","SERC_005.20160414.1.AMBAME.F","Lorenza Beati","Georgia Southern University",
"97591311-8715-4f9b-84c3-b36d5f2c40ba","SERC_002.tickPlot.tck","SERC_002","2016-04-14T18:18Z","2017-05-17T16:00Z","SERC_002.20160414","SERC_002.20160414.AMBAME.N","Amblyomma americanum","AMBAME","species","Ixodidae",,,,"Amblyomma",,"americanum",,,"Cooley, R. A. and G. M. Kohls. 1944. The genus Amblyomma (ixodidae) in the United States. The Journal of Parasitology, 30(2):77-111.","GSU_tickIdentification_SOP_2016-11-01.pdf","Linnaeus","Nymph",6,"OK","RNA stabilization buffer","USNMENT00984114","SERC_002.20160414.1.AMBAME.N","Lorenza Beati","Georgia Southern University",
"29ec5c0a-29d7-463f-a6a7-ed28e0fe1247","SERC_001.tickPlot.tck","SERC_001","2016-04-15T17:11Z","2017-05-17T16:00Z","SERC_001.20160415","SERC_001.20160415.AMBAME.N","Amblyomma americanum","AMBAME","species","Ixodidae",,,,"Amblyomma",,"americanum",,,"Cooley, R. A. and G. M. Kohls. 1944. The genus Amblyomma (ixodidae) in the United States. The Journal of Parasitology, 30(2):77-111.","GSU_tickIdentification_SOP_2016-11-01.pdf","Linnaeus","Nymph",5,"OK","RNA stabilization buffer","USNMENT00984113","SERC_001.20160415.1.AMBAME.N","Lorenza Beati","Georgia Southern University",
