uid,namedLocation,domainID,siteID,plotID,plotType,nlcdClass,decimalLatitude,decimalLongitude,geodeticDatum,coordinateUncertainty,elevation,elevationUncertainty,collectDate,eventID,sampleID,sampleCode,samplingMethod,totalSampledArea,targetTaxaPresent,adultCount,nymphCount,larvaCount,sampleCondition,samplingProtocolVersion,measuredBy,remarks
"4dc213cb-5692-4ab4-93cd-5a8972e32609","SERC_006.tickPlot.tck","D02","SERC","SERC_006","distributed","deciduousForest",38.880025,-76.548376,"WGS84",20.2,2.6,0.3,"2016-04-14T15:18Z","SERC.2016.15",,,"drag and flag",162,"N",0,0,0,"No known compromise","NEON.DOC.014045vG","ena7GLJui5s1h8moQAQPw3Qj2+mVdivS","50s and sunny; overnight low 30s"
"900ef6a5-7b2c-4528-9572-163650cb96e9","SERC_005.tickPlot.tck","D02","SERC","SERC_005","distributed","deciduousForest",38.894060,-76.546307,"WGS84",20.3,8.5,0.5,"2016-04-14T16:41Z","SERC.2016.15","SERC_005.20160414",,"drag",147,"Y",1,0,0,"No known compromise","NEON.DOC.014045vG","/AhbGCCF27wHz9TggrmS1nLN8zUO+zcB","50s and sunny; overnight low 30s"
"7a06b176-5c54-46c1-8b76-08e54f74b55c","SERC_002.tickPlot.tck","D02","SERC","SERC_002","distributed","deciduousForest",38.896262,-76.558166,"WGS84",20.2,17.0,0.3,"2016-04-14T18:18Z","SERC.2016.15","SERC_002.20160414",,"drag",163,"Y",0,6,0,"No known compromise","NEON.DOC.014045vG","65MrXCKZ6BZHMIpBwLFSzI3B2iyqckQKC2QVdjxfI44=","found 1 nymph on cloth right out of bag; either picked up in field or was from 005k"
"ab919422-4ba9-4ff4-8fb7-11c90909048d","SERC_012.tickPlot.tck","D02","SERC","SERC_012","distributed","deciduousForest",38.880010,-76.561648,"WGS84",20.2,20.1,0.2,"2016-04-14T20:13Z","SERC.2016.15",,,"drag",160,"N",0,0,0,"No known compromise","NEON.DOC.014045vG","esNjjubcI51hdInmRHEEIrFR4+oIJtuN",
"4bacd71d-9c6b-487a-9ed5-104c7425b8f7","SERC_023.tickPlot.tck","D02","SERC","SERC_023","distributed","cultivatedCrops",38.873978,-76.535925,"WGS84",20.1,6.7,0.1,"2016-04-15T17:00Z","SERC.2016.15",,,"drag",162,"N",0,0,0,"No known compromise","NEON.DOC.014045vG","/AhbGCCF27wHz9TggrmS1nLN8zUO+zcB","not yet tilled; very short grass and weeds"
"03c494c1-d1c0-4b99-adbb-86e85d62305e","SERC_001.tickPlot.tck","D02","SERC","SERC_001","distributed","deciduousForest",38.868186,-76.535306,"WGS84",20.2,2.1,0.2,"2016-04-15T17:11Z","SERC.2016.15","SERC_001.20160415",,"drag",162,"Y",0,5,0,"No known compromise","NEON.DOC.014045vG","ena7GLJui5s1h8moQAQPw3Qj2+mVdivS",
