uid,namedLocation,domainID,siteID,plotID,plotType,nlcdClass,decimalLatitude,decimalLongitude,geodeticDatum,coordinateUncertainty,elevation,elevationUncertainty,collectDate,eventID,sampleID,sampleCode,samplingMethod,totalSampledArea,targetTaxaPresent,adultCount,nymphCount,larvaCount,sampleCondition,samplingProtocolVersion,measuredBy,remarks
"032cac20-11fd-4fc4-86a5-e2fcbbb0eac8","SRER_002.tickPlot.tck","D14","SRER","SRER_002","distributed","shrubScrub",31.871226,-110.855454,"WGS84",20.1,1032.1,0.1,"2018-06-19T14:06Z","SRER.2018.25",,,"drag and flag",172,"N",0,0,0,,"NEON.DOC.014045vJ","EPY5RsIdKdwjSJBxmQB+4RCsYyAVUGGDtIz/1seSEKw=",
"e434039b-1318-43ed-91f0-830a31f714fc","SRER_004.tickPlot.tck","D14","SRER","SRER_004","distributed","shrubScrub",31.908022,-110.816123,"WGS84",20.0,1039.1,0.0,"2018-06-19T14:46Z","SRER.2018.25",,,"drag and flag",155,"N",0,0,0,,"NEON.DOC.014045vJ","BtCEPLcQ51Xgi2lQIq6uQewuI68SZUqXzZQ5EoRkVbM=",
"7eb7ec15-944c-441c-9145-7ea0a0726350","SRER_006.tickPlot.tck","D14","SRER","SRER_006","distributed","shrubScrub",31.797005,-110.910555,"WGS84",20.1,1046.3,0.1,"2018-06-19T16:01Z","SRER.2018.25",,,"drag and flag",164,"N",0,0,0,,"NEON.DOC.014045vJ","jsTjq759p0sW6l4HEM4a2vh3YQ8Sowis",
"d3526185-dffe-4faa-8992-271149f66293","SRER_008.tickPlot.tck","D14","SRER","SRER_008","distributed","shrubScrub",31.868129,-110.813836,"WGS84",20.1,1172.7,0.1,"2018-06-19T16:37Z","SRER.2018.25",,,"drag and flag",164,"N",0,0,0,,"NEON.DOC.014045vJ","u3HxlUyvicQZN3Mh3mzCP4F/ydRVnyGOI11eQPILJdg=",
"25cc3ec5-4df7-4e4c-be12-e633fe28a4e2","SRER_003.tickPlot.tck","D14","SRER","SRER_003","distributed","shrubScrub",31.840004,-110.915794,"WGS84",20.1,977.6,0.1,"2018-06-19T17:30Z","SRER.2018.25",,,"drag and flag",169,"N",0,0,0,,"NEON.DOC.014045vJ","EPY5RsIdKdwjSJBxmQB+4RCsYyAVUGGDtIz/1seSEKw=",
"9ae6f333-874e-450e-93bc-62c024ebd06c","SRER_007.tickPlot.tck","D14","SRER","SRER_007","distributed","shrubScrub",31.898810,-110.874149,"WGS84",20.1,934.9,0.1,"2018-06-19T18:07Z","SRER.2018.25",,,"drag and flag",165,"N",0,0,0,,"NEON.DOC.014045vJ","BtCEPLcQ51Xgi2lQIq6uQewuI68SZUqXzZQ5EoRkVbM=",
