uid,namedLocation,domainID,siteID,plotID,plotType,nlcdClass,decimalLatitude,decimalLongitude,geodeticDatum,coordinateUncertainty,elevation,elevationUncertainty,collectDate,eventID,sampleID,sampleCode,samplingMethod,totalSampledArea,targetTaxaPresent,adultCount,nymphCount,larvaCount,sampleCondition,samplingProtocolVersion,measuredBy,remarks
"23e07142-6d73-4343-b98c-49bf68f60543","HARV_022.tickPlot.tck","D01","HARV","HARV_022","distributed","evergreenForest",42.435462,-72.199291,"WGS84",20.3,186.3,0.3,"2015-05-13T13:48Z","HARV.2015.19",,,"drag",175,"N",0,0,,,"NEON.DOC.014045vF","Py+ZzXoQAhNiZLMUhePVy0KW1AyjvubF",
"3f610c05-81b6-449a-a826-91a24d488340","HARV_006.tickPlot.tck","D01","HARV","HARV_006","distributed","deciduousForest",42.401938,-72.252716,"WGS84",20.2,190.4,0.3,"2015-05-13T16:00Z","HARV.2015.19",,,"drag",165,"N",0,0,,,"NEON.DOC.014045vF","Py+ZzXoQAhNiZLMUhePVy0KW1AyjvubF","No data transcription errors found"
"b1f0ec93-7082-4784-8b16-faa06eb3b0fb","HARV_026.tickPlot.tck","D01","HARV","HARV_026","distributed","evergreenForest",42.412068,-72.246529,"WGS84",20.2,185.7,0.3,"2015-05-13T18:02Z","HARV.2015.19","HARV_026.20150513",,"drag and flag",160,"Y",2,0,,"No known compromise","NEON.DOC.014045vF","Py+ZzXoQAhNiZLMUhePVy0KW1AyjvubF",
"f2a2424f-c353-464d-b86f-8d82a5308e73","HARV_004.tickPlot.tck","D01","HARV","HARV_004","distributed","mixedForest",42.426878,-72.227943,"WGS84",20.3,185.9,0.3,"2015-05-13T19:16Z","HARV.2015.19","HARV_004.20150513",,"drag",160,"Y",1,0,,"No known compromise","NEON.DOC.014045vF","Py+ZzXoQAhNiZLMUhePVy0KW1AyjvubF","No data transcription errors found"
