uid,namedLocation,domainID,siteID,plotID,plotType,nlcdClass,decimalLatitude,decimalLongitude,geodeticDatum,coordinateUncertainty,elevation,elevationUncertainty,collectDate,eventID,sampleID,sampleCode,samplingMethod,totalSampledArea,targetTaxaPresent,adultCount,nymphCount,larvaCount,sampleCondition,samplingProtocolVersion,measuredBy,remarks
"05990b26-22e6-465c-a930-5d8df2ac626e","JERC_010.tickPlot.tck","D03","JERC","JERC_010","distributed","deciduousForest",31.209219,-84.470530,"WGS84",20.2,40.5,0.5,"2018-03-21T12:22Z","JERC.2018.12",,,"drag",162,"N",0,0,0,,"NEON.DOC.014045vJ","q+sogNxuTpaaq3nt4H3feKdAxSnPr68l",
"b14f1d39-ecbd-4407-a324-6510dab64400","JERC_002.tickPlot.tck","D03","JERC","JERC_002","distributed","evergreenForest",31.194065,-84.461537,"WGS84",20.3,56.0,0.5,"2018-03-21T13:10Z","JERC.2018.12",,,"drag",158,"N",0,0,0,,"NEON.DOC.014045vJ","q+sogNxuTpaaq3nt4H3feKdAxSnPr68l",
"e087f86a-22b8-42f7-9434-abbdeeb89be8","JERC_004.tickPlot.tck","D03","JERC","JERC_004","distributed","cultivatedCrops",31.190115,-84.467381,"WGS84",20.1,43.6,0.2,"2018-03-21T13:45Z","JERC.2018.12",,,"drag",162,"N",0,0,0,,"NEON.DOC.014045vJ","q+sogNxuTpaaq3nt4H3feKdAxSnPr68l",
"688d4416-0eb4-4ef4-9460-0b0f72bdf976","JERC_010.tickPlot.tck","D03","JERC","JERC_010","distributed","deciduousForest",31.209219,-84.470530,"WGS84",20.2,40.5,0.5,"2018-03-27T13:20Z","JERC.2018.13",,,"drag and flag",160,"N",0,0,0,,"NEON.DOC.014045vJ","WvXSfWD4ehCPp4x6qnD3+p3dnwrzoU8uG8F7IbYmNWU=",
"37785c16-b5da-4286-8f74-4761325e7889","JERC_044.tickPlot.tck","D03","JERC","JERC_044","distributed","mixedForest",31.195549,-84.482479,"WGS84",20.1,42.5,0.1,"2018-03-27T13:58Z","JERC.2018.13",,,"drag and flag",165,"N",0,0,0,,"NEON.DOC.014045vJ","swB/+pnc2VnF9Fa7wkygb+Kf1gKbJNlh/Nqtv62hWkY=",
"d8f0efaa-1d64-47f8-877a-2e4594cd153d","JERC_034.tickPlot.tck","D03","JERC","JERC_034","distributed","deciduousForest",31.198824,-84.491213,"WGS84",20.1,44.9,0.2,"2018-03-27T14:43Z","JERC.2018.13",,,"drag and flag",160,"N",0,0,0,,"NEON.DOC.014045vJ","WvXSfWD4ehCPp4x6qnD3+p3dnwrzoU8uG8F7IbYmNWU=",
