uid,namedLocation,plotID,collectDate,identifiedDate,sampleID,subsampleID,scientificName,acceptedTaxonID,taxonRank,family,subfamily,tribe,subtribe,genus,subgenus,specificEpithet,infraspecificEpithet,identificationQualifier,identificationReferences,identificationProtocolVersion,scientificNameAuthorship,sexOrAge,individualCount,sampleCondition,archiveMedium,archiveFacilityID,deprecatedVialID,identifiedBy,laboratoryName,remarks
"d878cddd-b587-4445-899f-69261608dd44","OAES_008.tickPlot.tck","OAES_008","2017-04-03T20:27Z","2018-01-19T17:00Z","OAES_008.20170403","OAES_008.20170403.DERVAR.F","Dermacentor variabilis","DERVAR","species","Ixodidae",,,,"Dermacentor",,"variabilis",,,"Yunker, C. E., Keirans, J. E., Clifford, C. M., and E. R. Easton. 1986. Dermacentor ticks (Acari: Ixodoidea: Ixodidae) of the New World: a scanning electron microscope atlas. Proceedings of the Entomological Society of Washington, 88(4):609-627.","GSU_tickIdentification_SOP_2016-11-01.pdf","Say","Female",1,"OK","90% ethanol","USNMENT01358916","OAES_008.20170403.DERVAR.F","Lorenza Beati","Georgia Southern University",
"525c8c67-1467-4fe1-b99f-e4d146aa233d","OAES_021.tickPlot.tck","OAES_021","2017-04-03T22:10Z","2018-01-19T17:00Z","OAES_021.20170403","OAES_021.20170403.DERVAR.M","Dermacentor variabilis","DERVAR","species","Ixodidae",,,,"Dermacentor",,"variabilis",,,"Yunker, C. E., Keirans, J. E., Clifford, C. M., and E. R. Easton. 1986. Dermacentor ticks (Acari: Ixodoidea: Ixodidae) of the New World: a scanning electron microscope atlas. Proceedings of the Entomological Society of Washington, 88(4):609-627.","GSU_tickIdentification_SOP_2016-11-01.pdf","Say","Male",1,"OK","90% ethanol","USNMENT01358918","OAES_021.20170403.DERVAR.M","Lorenza Beati","Georgia Southern University",
"a7dc59f8-7348-45ab-b887-c70308cda837","OAES_003.tickPlot.tck","OAES_003","2017-04-03T22:40Z","2018-01-19T17:00Z","OAES_003.20170403","OAES_003.20170403.DERVAR.F","Dermacentor variabilis","DERVAR","species","Ixodidae",,,,"Dermacentor",,"variabilis",,,"Yunker, C. E., Keirans, J. E., Clifford, C. M., and E. R. Easton. 1986. Dermacentor ticks (Acari: Ixodoidea: Ixodidae) of the New World: a scanning electron microscope atlas. Proceedings of the Entomological Society of Washington, 88(4):609-627.","GSU_tickIdentification_SOP_2016-11-01.pdf","Say","Female",1,"OK","90% ethanol","USNMENT01358917","OAES_003.20170403.DERVAR.F","Lorenza Beati","Georgia Southern University",
"14685f39-4d18-482a-8801-9a44f3f0fe9c","OAES_005.tickPlot.tck","OAES_005","2017-04-03T23:24Z","2018-01-19T17:00Z","OAES_005.20170403","OAES_005.20170403.DERVAR.F","Dermacentor variabilis","DERVAR","species","Ixodidae",,,,"Dermacentor",,"variabilis",,,"Yunker, C. E., Keirans, J. E., Clifford, C. M., and E. R. Easton. 1986. Dermacentor ticks (Acari: Ixodoidea: Ixodidae) of the New World: a scanning electron microscope atlas. Proceedings of the Entomological Society of Washington, 88(4):609-627.","GSU_tickIdentification_SOP_2016-11-01.pdf","Say","Female",1,"OK","90% ethanol","USNMENT01358920","OAES_005.20170403.DERVAR.F","Lorenza Beati","Georgia Southern University",
"35500951-c48c-4ba7-97db-cc7c47da78dd","OAES_004.tickPlot.tck","OAES_004","2017-04-04T00:05Z","2018-01-19T17:00Z","OAES_004.20170403","OAES_004.20170403.DERVAR.F","Dermacentor variabilis","DERVAR","species","Ixodidae",,,,"Dermacentor",,"variabilis",,,"Yunker, C. E., Keirans, J. E., Clifford, C. M., and E. R. Easton. 1986. Dermacentor ticks (Acari: Ixodoidea: Ixodidae) of the New World: a scanning electron microscope atlas. Proceedings of the Entomological Society of Washington, 88(4):609-627.","GSU_tickIdentification_SOP_2016-11-01.pdf","Say","Female",2,"OK","90% ethanol","USNMENT01358921","OAES_004.20170403.DERVAR.F","Lorenza Beati","Georgia Southern University",
"231af5fd-a351-4b6f-9852-1e2d35f68a04","OAES_008.tickPlot.tck","OAES_008","2017-04-18T15:00Z","2018-01-19T17:00Z","OAES_008.20170418","OAES_008.20170418.DERVAR.F","Dermacentor variabilis","DERVAR","species","Ixodidae",,,,"Dermacentor",,"variabilis",,,"Yunker, C. E., Keirans, J. E., Clifford, C. M., and E. R. Easton. 1986. Dermacentor ticks (Acari: Ixodoidea: Ixodidae) of the New World: a scanning electron microscope atlas. Proceedings of the Entomological Society of Washington, 88(4):609-627.","GSU_tickIdentification_SOP_2016-11-01.pdf","Say","Female",2,"OK","90% ethanol","USNMENT01358922","OAES_008.20170418.DERVAR.F","Lorenza Beati","Georgia Southern University",
"f63dc2a1-765c-4bd7-a28b-c074da4d80a5","OAES_007.tickPlot.tck","OAES_007","2017-04-18T15:50Z","2018-01-19T17:00Z","OAES_007.20170418","OAES_007.20170418.DERVAR.M","Dermacentor variabilis","DERVAR","species","Ixodidae",,,,"Dermacentor",,"variabilis",,,"Yunker, C. E., Keirans, J. E., Clifford, C. M., and E. R. Easton. 1986. Dermacentor ticks (Acari: Ixodoidea: Ixodidae) of the New World: a scanning electron microscope atlas. Proceedings of the Entomological Society of Washington, 88(4):609-627.","GSU_tickIdentification_SOP_2016-11-01.pdf","Say","Male",1,"OK","90% ethanol","USNMENT01358919","OAES_007.20170418.DERVAR.M","Lorenza Beati","Georgia Southern University",
"71a37c98-7f85-4398-9c45-0e42e74fa004","OAES_003.tickPlot.tck","OAES_003","2017-04-18T16:35Z","2018-01-19T17:00Z","OAES_003.20170418","OAES_003.20170418.DERVAR.F","Dermacentor variabilis","DERVAR","species","Ixodidae",,,,"Dermacentor",,"variabilis",,,"Yunker, C. E., Keirans, J. E., Clifford, C. M., and E. R. Easton. 1986. Dermacentor ticks (Acari: Ixodoidea: Ixodidae) of the New World: a scanning electron microscope atlas. Proceedings of the Entomological Society of Washington, 88(4):609-627.","GSU_tickIdentification_SOP_2016-11-01.pdf","Say","Female",2,"OK","90% ethanol","USNMENT01358915","OAES_003.20170418.DERVAR.F","Lorenza Beati","Georgia Southern University",
"5965556c-1710-4f1c-927e-e47f9a2c70dc","OAES_021.tickPlot.tck","OAES_021","2017-04-18T17:00Z","2018-01-19T17:00Z","OAES_021.20170418","OAES_021.20170418.DERVAR.M","Dermacentor variabilis","DERVAR","species","Ixodidae",,,,"Dermacentor",,"variabilis",,,"Yunker, C. E., Keirans, J. E., Clifford, C. M., and E. R. Easton. 1986. Dermacentor ticks (Acari: Ixodoidea: Ixodidae) of the New World: a scanning electron microscope atlas. Proceedings of the Entomological Society of Washington, 88(4):609-627.","GSU_tickIdentification_SOP_2016-11-01.pdf","Say","Male",3,"OK","90% ethanol","USNMENT01358912","OAES_021.20170418.DERVAR.M","Lorenza Beati","Georgia Southern University",
"57ad4035-4082-41fa-91c1-83403a6fc177","OAES_021.tickPlot.tck","OAES_021","2017-04-18T17:00Z","2018-01-19T17:00Z","OAES_021.20170418","OAES_021.20170418.AMBMAC.F","Amblyomma maculatum","AMBMAC","species","Ixodidae",,,,"Amblyomma",,"maculatum",,,"Cooley, R. A. and G. M. Kohls. 1944. The genus Amblyomma (ixodidae) in the United States. The Journal of Parasitology, 30(2):77-111.","GSU_tickIdentification_SOP_2016-11-01.pdf","Koch","Female",1,"OK","90% ethanol","USNMENT01358913","OAES_021.20170418.AMBMAC.F","Lorenza Beati","Georgia Southern University",
"c205a2a6-58fe-47fa-9002-b297b092e650","OAES_021.tickPlot.tck","OAES_021","2017-04-18T17:00Z","2018-01-19T17:00Z","OAES_021.20170418","OAES_021.20170418.DERVAR.F","Dermacentor variabilis","DERVAR","species","Ixodidae",,,,"Dermacentor",,"variabilis",,,"Yunker, C. E., Keirans, J. E., Clifford, C. M., and E. R. Easton. 1986. Dermacentor ticks (Acari: Ixodoidea: Ixodidae) of the New World: a scanning electron microscope atlas. Proceedings of the Entomological Society of Washington, 88(4):609-627.","GSU_tickIdentification_SOP_2016-11-01.pdf","Say","Female",2,"OK","90% ethanol","USNMENT01358914","OAES_021.20170418.DERVAR.F","Lorenza Beati","Georgia Southern University",
"10c779bb-3842-4b71-86df-855542cbab5b","OAES_004.tickPlot.tck","OAES_004","2017-04-18T17:40Z","2018-01-19T17:00Z","OAES_004.20170418","OAES_004.20170418.DERVAR.M","Dermacentor variabilis","DERVAR","species","Ixodidae",,,,"Dermacentor",,"variabilis",,,"Yunker, C. E., Keirans, J. E., Clifford, C. M., and E. R. Easton. 1986. Dermacentor ticks (Acari: Ixodoidea: Ixodidae) of the New World: a scanning electron microscope atlas. Proceedings of the Entomological Society of Washington, 88(4):609-627.","GSU_tickIdentification_SOP_2016-11-01.pdf","Say","Male",3,"OK","90% ethanol","USNMENT01358925","OAES_004.20170418.DERVAR.M","Lorenza Beati","Georgia Southern University",
"55842562-f2ba-4336-9609-3d4c2531bb13","OAES_004.tickPlot.tck","OAES_004","2017-04-18T17:40Z","2018-01-19T17:00Z","OAES_004.20170418","OAES_004.20170418.DERVAR.F","Dermacentor variabilis","DERVAR","species","Ixodidae",,,,"Dermacentor",,"variabilis",,,"Yunker, C. E., Keirans, J. E., Clifford, C. M., and E. R. Easton. 1986. Dermacentor ticks (Acari: Ixodoidea: Ixodidae) of the New World: a scanning electron microscope atlas. Proceedings of the Entomological Society of Washington, 88(4):609-627.","GSU_tickIdentification_SOP_2016-11-01.pdf","Say","Female",3,"OK","90% ethanol","USNMENT01358924","OAES_004.20170418.DERVAR.F","Lorenza Beati","Georgia Southern University",
