uid,namedLocation,domainID,siteID,plotID,plotType,nlcdClass,decimalLatitude,decimalLongitude,geodeticDatum,coordinateUncertainty,elevation,elevationUncertainty,collectDate,eventID,sampleID,sampleCode,samplingMethod,totalSampledArea,targetTaxaPresent,adultCount,nymphCount,larvaCount,sampleCondition,samplingProtocolVersion,measuredBy,remarks
"01daebc6-be87-4031-9814-a1a5ee4f0253","OAES_008.tickPlot.tck","D11","OAES","OAES_008","distributed","grasslandHerbaceous",35.394019,-99.063159,"WGS84",20.1,492.6,0.1,"2017-04-03T20:27Z","OAES.2017.14","OAES_008.20170403",,"drag",150,"Y",1,0,0,"No known compromise","NEON.DOC.014045vG","cJ8Mt89MTxlqOnAc6pDp/DoDhz6eIepx","Deviated 10 meters due to water"
"4fb36369-c89e-4f77-a242-102dca0c6640","OAES_007.tickPlot.tck","D11","OAES","OAES_007","distributed","shrubScrub",35.421328,-99.057210,"WGS84",20.1,521.6,0.1,"2017-04-03T21:10Z","OAES.2017.14",,,"drag",165,"N",0,0,0,"No known compromise","NEON.DOC.014045vG","xhxClE0Uw54CDWsqFpdx3lNrWo2tZWyYWI54GxGPi00=","Deviated due to cactus"
"ced903c5-a267-4c8e-bf4a-265b6d9c43e5","OAES_021.tickPlot.tck","D11","OAES","OAES_021","distributed","shrubScrub",35.413211,-99.074301,"WGS84",20.1,501.7,0.1,"2017-04-03T22:10Z","OAES.2017.14","OAES_021.20170403",,"drag and flag",130,"Y",1,0,0,"No known compromise","NEON.DOC.014045vG","cJ8Mt89MTxlqOnAc6pDp/DoDhz6eIepx","Deviated due to Sumac: approximately 30 meters"
"10c89dd9-fef1-4b70-88e3-5d8125d0de1a","OAES_003.tickPlot.tck","D11","OAES","OAES_003","distributed","grasslandHerbaceous",35.412134,-99.068027,"WGS84",20.2,512.2,0.2,"2017-04-03T22:40Z","OAES.2017.14","OAES_003.20170403",,"drag",170,"Y",1,0,0,"No known compromise","NEON.DOC.014045vG","xhxClE0Uw54CDWsqFpdx3lNrWo2tZWyYWI54GxGPi00=","Deviated due to cactus"
"39ddbc1b-4c58-4eea-abf1-d6c63ed82adf","OAES_005.tickPlot.tck","D11","OAES","OAES_005","distributed","grasslandHerbaceous",35.402926,-99.080346,"WGS84",20.1,509.4,0.1,"2017-04-03T23:24Z","OAES.2017.14","OAES_005.20170403",,"flag",160,"Y",1,0,0,"No known compromise","NEON.DOC.014045vG","cJ8Mt89MTxlqOnAc6pDp/DoDhz6eIepx",
"348b9285-db45-45d3-95f8-0a337c1a3e3e","OAES_004.tickPlot.tck","D11","OAES","OAES_004","distributed","grasslandHerbaceous",35.411159,-99.084234,"WGS84",20.1,507.6,0.1,"2017-04-04T00:05Z","OAES.2017.14","OAES_004.20170403",,"drag",160,"Y",2,0,0,"No known compromise","NEON.DOC.014045vG","xhxClE0Uw54CDWsqFpdx3lNrWo2tZWyYWI54GxGPi00=",
"7c25cabf-73e0-452e-9a2c-16027283d539","OAES_008.tickPlot.tck","D11","OAES","OAES_008","distributed","grasslandHerbaceous",35.394019,-99.063159,"WGS84",20.1,492.6,0.1,"2017-04-18T15:00Z","OAES.2017.16","OAES_008.20170418",,"drag",150,"Y",2,0,0,"No known compromise","NEON.DOC.014045vG","xhxClE0Uw54CDWsqFpdx3lNrWo2tZWyYWI54GxGPi00=","Deviated due to water"
"a89877b5-a331-4c5f-bdc6-a74bdeaa2479","OAES_007.tickPlot.tck","D11","OAES","OAES_007","distributed","shrubScrub",35.421328,-99.057210,"WGS84",20.1,521.6,0.1,"2017-04-18T15:50Z","OAES.2017.16","OAES_007.20170418",,"drag",150,"Y",1,0,0,"No known compromise","NEON.DOC.014045vG","xhxClE0Uw54CDWsqFpdx3lNrWo2tZWyYWI54GxGPi00=","Deviated due to cactus and water"
"6fe30905-3fd7-431f-a2bc-17746cef02d7","OAES_003.tickPlot.tck","D11","OAES","OAES_003","distributed","grasslandHerbaceous",35.412134,-99.068027,"WGS84",20.2,512.2,0.2,"2017-04-18T16:35Z","OAES.2017.16","OAES_003.20170418",,"drag",175,"Y",2,0,0,"No known compromise","NEON.DOC.014045vG","cJ8Mt89MTxlqOnAc6pDp/DoDhz6eIepx","Deviated due to cactus"
"eef9f561-2808-4eb8-b9b0-e07f83d5a3ca","OAES_021.tickPlot.tck","D11","OAES","OAES_021","distributed","shrubScrub",35.413211,-99.074301,"WGS84",20.1,501.7,0.1,"2017-04-18T17:00Z","OAES.2017.17","OAES_021.20170418",,"drag and flag",120,"Y",6,0,0,"No known compromise","NEON.DOC.014045vG","xhxClE0Uw54CDWsqFpdx3lNrWo2tZWyYWI54GxGPi00=","Deviated due to sumac"
"4604e790-1e2f-4bce-859e-397a528c5823","OAES_004.tickPlot.tck","D11","OAES","OAES_004","distributed","grasslandHerbaceous",35.411159,-99.084234,"WGS84",20.1,507.6,0.1,"2017-04-18T17:40Z","OAES.2017.16","OAES_004.20170418",,"drag",160,"Y",4,0,0,"No known compromise","NEON.DOC.014045vG","cJ8Mt89MTxlqOnAc6pDp/DoDhz6eIepx",
"890f9c34-f330-4b33-ac2c-78a0cec24d68","OAES_005.tickPlot.tck","D11","OAES","OAES_005","distributed","grasslandHerbaceous",35.402926,-99.080346,"WGS84",20.1,509.4,0.1,"2017-04-18T18:26Z","OAES.2017.16",,,"drag",160,"N",0,0,0,"No known compromise","NEON.DOC.014045vG","cJ8Mt89MTxlqOnAc6pDp/DoDhz6eIepx",
