uid,namedLocation,date,eventID,domainID,siteID,plotID,subplotID,individualID,tagStatus,growthForm,plantStatus,stemDiameter,measurementHeight,height,baseCrownHeight,breakHeight,breakDiameter,maxCrownDiameter,ninetyCrownDiameter,canopyPosition,shape,basalStemDiameter,basalStemDiameterMsrmntHeight,maxBaseCrownDiameter,ninetyBaseCrownDiameter,remarks,recordedBy,measuredBy,dataQF
"5e6a4449-b3bd-4d66-bad5-71cfde488325","KONZ_049.basePlot.vst","2015-09-23","vst_KONZ_2015","D06","KONZ","KONZ_049",,"NEON.PLA.D06.KONZ.01085",,"single shrub","Standing dead",2.2,10,2.0,,,,0.7,0.7,"Partially shaded","cylinder",,,,,,"uHorHgDqo3rmbGvlt3J+fC8Uot/6kvDFiz0X+FIku2A=","IwiAeKKpgyDNoYNXo7Ff5Z9mnt7Mfl5M","legacyData"
"ed954d6c-a243-490c-939a-c616ca0afc1b","KONZ_049.basePlot.vst","2015-09-23","vst_KONZ_2015","D06","KONZ","KONZ_049",,"NEON.PLA.D06.KONZ.01067",,"small tree","Live",1.1,130,2.3,,,,,,,,,,,,,"IwiAeKKpgyDNoYNXo7Ff5Z9mnt7Mfl5M","9ncDnDTowBQd9hSupIjx5CJgq3e17puy","legacyData"
"0061b820-fb35-499f-b2f6-282e19e9a20f","KONZ_049.basePlot.vst","2015-09-23","vst_KONZ_2015","D06","KONZ","KONZ_049",,"NEON.PLA.D06.KONZ.01062",,"single shrub","Live",2.5,15,2.3,,,,1.1,0.8,"Mostly shaded","cylinder",,,,,,"IwiAeKKpgyDNoYNXo7Ff5Z9mnt7Mfl5M","9ncDnDTowBQd9hSupIjx5CJgq3e17puy","legacyData"
"b81bc248-763b-40d5-b16d-b7cd3ee14160","KONZ_049.basePlot.vst","2015-09-23","vst_KONZ_2015","D06","KONZ","KONZ_049",,"NEON.PLA.D06.KONZ.01084",,"sapling","Standing dead",1.6,10,1.8,,,,,,,,,,,,,"uHorHgDqo3rmbGvlt3J+fC8Uot/6kvDFiz0X+FIku2A=","IwiAeKKpgyDNoYNXo7Ff5Z9mnt7Mfl5M","legacyData"
"12655100-2711-49df-956d-35e385ec7d68","KONZ_049.basePlot.vst","2015-09-23","vst_KONZ_2015","D06","KONZ","KONZ_049",,"NEON.PLA.D06.KONZ.01075",,"single shrub","Live",1.7,130,2.5,,,,1.5,0.7,"Mostly shaded","cylinder",,,,,"QC: no transcription errors","IwiAeKKpgyDNoYNXo7Ff5Z9mnt7Mfl5M","9ncDnDTowBQd9hSupIjx5CJgq3e17puy","legacyData"
"c12e19bc-b606-4edb-8421-2b62918f880b","KONZ_049.basePlot.vst","2015-09-23","vst_KONZ_2015","D06","KONZ","KONZ_049",,"NEON.PLA.D06.KONZ.01087",,"single shrub","Live",1.7,130,2.2,,,,1.5,1.0,"Partially shaded","cylinder",,,,,"QC: no transcription errors","uHorHgDqo3rmbGvlt3J+fC8Uot/6kvDFiz0X+FIku2A=","IwiAeKKpgyDNoYNXo7Ff5Z9mnt7Mfl5M","legacyData"
"deb16b99-0dfe-4417-a21d-e856f4e8b672","KONZ_049.basePlot.vst","2015-09-23","vst_KONZ_2015","D06","KONZ","KONZ_049",,"NEON.PLA.D06.KONZ.01092",,"small tree","Live",7.2,130,3.3,,,,,,"Full sun",,,,,,,"uHorHgDqo3rmbGvlt3J+fC8Uot/6kvDFiz0X+FIku2A=","IwiAeKKpgyDNoYNXo7Ff5Z9mnt7Mfl5M","legacyData"
"97d973e5-f58c-4bb7-a4ae-b0abe3c8f1af","KONZ_049.basePlot.vst","2015-09-23","vst_KONZ_2015","D06","KONZ","KONZ_049",,"NEON.PLA.D06.KONZ.01095",,"sapling","Live",1.2,10,1.8,,,,,,,,,,,,,"IwiAeKKpgyDNoYNXo7Ff5Z9mnt7Mfl5M","9ncDnDTowBQd9hSupIjx5CJgq3e17puy","legacyData"
"c0a2c6a7-8d20-4f06-bcdd-08f43f44a6f4","KONZ_049.basePlot.vst","2015-09-23","vst_KONZ_2015","D06","KONZ","KONZ_049",,"NEON.PLA.D06.KONZ.01060",,"sapling","Live, physically damaged",1.6,10,1.8,,,,,,,,,,,,,"IwiAeKKpgyDNoYNXo7Ff5Z9mnt7Mfl5M","9ncDnDTowBQd9hSupIjx5CJgq3e17puy","legacyData"
"3183c97a-7f47-48bf-a958-9deb1fff4516","KONZ_049.basePlot.vst","2015-09-23","vst_KONZ_2015","D06","KONZ","KONZ_049",,"NEON.PLA.D06.KONZ.01073",,"single shrub","Live",1.3,130,2.7,,,,1.5,1.0,"Partially shaded","cylinder",,,,,,"IwiAeKKpgyDNoYNXo7Ff5Z9mnt7Mfl5M","9ncDnDTowBQd9hSupIjx5CJgq3e17puy","legacyData"
"e5ecaee1-6f21-4c33-91aa-4a0ae9742f6e","KONZ_049.basePlot.vst","2015-09-23","vst_KONZ_2015","D06","KONZ","KONZ_049",,"NEON.PLA.D06.KONZ.01083",,"sapling","Live",1.4,10,2.0,,,,,,,,,,,,,"uHorHgDqo3rmbGvlt3J+fC8Uot/6kvDFiz0X+FIku2A=","IwiAeKKpgyDNoYNXo7Ff5Z9mnt7Mfl5M","legacyData"
"300934bd-0596-4457-836d-1068d766a25b","KONZ_049.basePlot.vst","2015-09-23","vst_KONZ_2015","D06","KONZ","KONZ_049",,"NEON.PLA.D06.KONZ.01068",,"sapling","Standing dead",1.7,10,1.7,,,,,,,,,,,,,"IwiAeKKpgyDNoYNXo7Ff5Z9mnt7Mfl5M","9ncDnDTowBQd9hSupIjx5CJgq3e17puy","legacyData"
"08d8a5d7-01b8-4efa-b6ba-896a90d5d574","KONZ_049.basePlot.vst","2015-09-23","vst_KONZ_2015","D06","KONZ","KONZ_049",,"NEON.PLA.D06.KONZ.01099",,"small tree","Live, physically damaged",7.1,130,2.8,,,,,,"Partially shaded",,,,,,,"uHorHgDqo3rmbGvlt3J+fC8Uot/6kvDFiz0X+FIku2A=","IwiAeKKpgyDNoYNXo7Ff5Z9mnt7Mfl5M","legacyData"
"8713258b-35f2-4f8b-bd18-8de2937404b7","KONZ_049.basePlot.vst","2015-09-23","vst_KONZ_2015","D06","KONZ","KONZ_049",,"NEON.PLA.D06.KONZ.01080",,"small tree","Live,  other damage",1.1,130,1.8,,,,,,,,,,,,,"IwiAeKKpgyDNoYNXo7Ff5Z9mnt7Mfl5M","9ncDnDTowBQd9hSupIjx5CJgq3e17puy","legacyData"
"38e42f8d-5a33-4ae6-a5d4-8b4af9beb6b4","KONZ_049.basePlot.vst","2015-09-23","vst_KONZ_2015","D06","KONZ","KONZ_049",,"NEON.PLA.D06.KONZ.01061",,"small tree","Standing dead",1.0,130,1.7,,,,,,,,,,,,,"IwiAeKKpgyDNoYNXo7Ff5Z9mnt7Mfl5M","9ncDnDTowBQd9hSupIjx5CJgq3e17puy","legacyData"
"a2aa2b2f-38d5-44ae-b0b6-70e935984518","KONZ_049.basePlot.vst","2015-09-23","vst_KONZ_2015","D06","KONZ","KONZ_049",,"NEON.PLA.D06.KONZ.01091",,"small tree","Live",2.4,130,2.3,,,,,,,,,,,,"Height with range finder seems very inaccurate","IwiAeKKpgyDNoYNXo7Ff5Z9mnt7Mfl5M","9ncDnDTowBQd9hSupIjx5CJgq3e17puy","legacyData"
"0568b795-71b3-4887-882a-4808fee41600","KONZ_049.basePlot.vst","2015-09-23","vst_KONZ_2015","D06","KONZ","KONZ_049",,"NEON.PLA.D06.KONZ.01069",,"small tree","Live,  other damage",1.0,130,0.9,,,,,,,,,,,,,"IwiAeKKpgyDNoYNXo7Ff5Z9mnt7Mfl5M","9ncDnDTowBQd9hSupIjx5CJgq3e17puy","legacyData"
"bb99c992-b7b5-4f96-b053-eb003272b8fb","KONZ_049.basePlot.vst","2015-09-23","vst_KONZ_2015","D06","KONZ","KONZ_049",,"NEON.PLA.D06.KONZ.01098",,"small tree","Live,  other damage",1.5,130,1.8,,,,,,"Mostly shaded",,,,,,"QC: height entered incorrectly","uHorHgDqo3rmbGvlt3J+fC8Uot/6kvDFiz0X+FIku2A=","IwiAeKKpgyDNoYNXo7Ff5Z9mnt7Mfl5M","legacyData"
"fa071a08-f55c-4df5-9998-47341cd9e942","KONZ_049.basePlot.vst","2015-09-23","vst_KONZ_2015","D06","KONZ","KONZ_049",,"NEON.PLA.D06.KONZ.01079",,"sapling","Live",1.5,10,1.5,,,,,,,,,,,,,"uHorHgDqo3rmbGvlt3J+fC8Uot/6kvDFiz0X+FIku2A=","IwiAeKKpgyDNoYNXo7Ff5Z9mnt7Mfl5M","legacyData"
"5d41ae5a-ce54-48a2-a31c-4f708e373b07","KONZ_049.basePlot.vst","2015-09-23","vst_KONZ_2015","D06","KONZ","KONZ_049",,"NEON.PLA.D06.KONZ.01088",,"small tree","Live",2.3,130,2.7,,,,,,,,,,,,,"uHorHgDqo3rmbGvlt3J+fC8Uot/6kvDFiz0X+FIku2A=","IwiAeKKpgyDNoYNXo7Ff5Z9mnt7Mfl5M","legacyData"
"91f13b12-ae1f-4ec2-afa6-f62864cfb511","KONZ_049.basePlot.vst","2015-09-23","vst_KONZ_2015","D06","KONZ","KONZ_049",,"NEON.PLA.D06.KONZ.01070",,"single shrub","Live",1.4,130,2.4,,,,1.0,0.8,,"cylinder",,,,,,"IwiAeKKpgyDNoYNXo7Ff5Z9mnt7Mfl5M","9ncDnDTowBQd9hSupIjx5CJgq3e17puy","legacyData"
"970be049-12e8-4a92-8c95-6e64fcbd53ec","KONZ_049.basePlot.vst","2015-09-23","vst_KONZ_2015","D06","KONZ","KONZ_049",,"NEON.PLA.D06.KONZ.01078",,"small tree","Live",1.2,130,2.2,,,,,,"Mostly shaded",,,,,,,"uHorHgDqo3rmbGvlt3J+fC8Uot/6kvDFiz0X+FIku2A=","IwiAeKKpgyDNoYNXo7Ff5Z9mnt7Mfl5M","legacyData"
"0ba085c2-b228-4ff6-8b51-7317f0241043","KONZ_049.basePlot.vst","2015-09-23","vst_KONZ_2015","D06","KONZ","KONZ_049",,"NEON.PLA.D06.KONZ.01086",,"small tree","Live",1.3,130,1.7,,,,,,"Partially shaded",,,,,,,"uHorHgDqo3rmbGvlt3J+fC8Uot/6kvDFiz0X+FIku2A=","IwiAeKKpgyDNoYNXo7Ff5Z9mnt7Mfl5M","legacyData"
"37baf2ba-cb22-4bde-b6b1-46a29b22e351","KONZ_049.basePlot.vst","2015-09-23","vst_KONZ_2015","D06","KONZ","KONZ_049",,"NEON.PLA.D06.KONZ.01066",,"sapling","Standing dead",1.3,10,1.7,,,,,,,,,,,,,"uHorHgDqo3rmbGvlt3J+fC8Uot/6kvDFiz0X+FIku2A=","IwiAeKKpgyDNoYNXo7Ff5Z9mnt7Mfl5M","legacyData"
"b5f4cace-7400-48ca-9ddd-8dbfbae33ba3","KONZ_049.basePlot.vst","2015-09-23","vst_KONZ_2015","D06","KONZ","KONZ_049",,"NEON.PLA.D06.KONZ.01059",,"small tree","Live, physically damaged",1.3,130,2.3,,,,,,,,,,,,"QC: no transcription errors","IwiAeKKpgyDNoYNXo7Ff5Z9mnt7Mfl5M","9ncDnDTowBQd9hSupIjx5CJgq3e17puy","legacyData"
"45783ea1-83c9-428a-a0bd-27cb4f172be4","KONZ_049.basePlot.vst","2015-09-23","vst_KONZ_2015","D06","KONZ","KONZ_049",,"NEON.PLA.D06.KONZ.01071",,"single shrub","Live",2.0,130,2.3,,,,0.8,0.8,"Full sun","cylinder",,,,,"Classified as SIS, but only one stem measured as other two did not qualify at DBH and were dead; Height with range finder seems inaccurate","IwiAeKKpgyDNoYNXo7Ff5Z9mnt7Mfl5M","9ncDnDTowBQd9hSupIjx5CJgq3e17puy","legacyData"
"364f40e5-fdba-45fd-94de-32867cd92ee5","KONZ_049.basePlot.vst","2015-09-23","vst_KONZ_2015","D06","KONZ","KONZ_049",,"NEON.PLA.D06.KONZ.01094",,"small tree","Live",2.1,130,2.9,,,,,,"Partially shaded",,,,,,,"uHorHgDqo3rmbGvlt3J+fC8Uot/6kvDFiz0X+FIku2A=","IwiAeKKpgyDNoYNXo7Ff5Z9mnt7Mfl5M","legacyData"
"51f0093d-dd34-4ac1-be83-90a163f20123","KONZ_049.basePlot.vst","2015-09-23","vst_KONZ_2015","D06","KONZ","KONZ_049",,"NEON.PLA.D06.KONZ.01081",,"small tree","Standing dead",1.2,130,2.5,,,,,,,,,,,,,"IwiAeKKpgyDNoYNXo7Ff5Z9mnt7Mfl5M","9ncDnDTowBQd9hSupIjx5CJgq3e17puy","legacyData"
"b4377feb-3257-475b-9618-6f063b2b1825","KONZ_049.basePlot.vst","2015-09-23","vst_KONZ_2015","D06","KONZ","KONZ_049",,"NEON.PLA.D06.KONZ.01097",,"single shrub","Live",1.7,130,2.0,,,,1.4,0.6,"Partially shaded","cylinder",,,,,"QC: no trancriptoin errors","uHorHgDqo3rmbGvlt3J+fC8Uot/6kvDFiz0X+FIku2A=","IwiAeKKpgyDNoYNXo7Ff5Z9mnt7Mfl5M","legacyData"
"4af7a3aa-d304-4d9c-9a2a-12e93d7e493a","KONZ_049.basePlot.vst","2015-09-23","vst_KONZ_2015","D06","KONZ","KONZ_049",,"NEON.PLA.D06.KONZ.01064",,"sapling","Live",1.2,10,1.9,,,,,,,,,,,,,"IwiAeKKpgyDNoYNXo7Ff5Z9mnt7Mfl5M","9ncDnDTowBQd9hSupIjx5CJgq3e17puy","legacyData"
"92e7a43e-bffd-45de-8b19-f90cae9b9f8b","KONZ_049.basePlot.vst","2015-09-23","vst_KONZ_2015","D06","KONZ","KONZ_049",,"NEON.PLA.D06.KONZ.01089",,"small tree","Live",1.6,130,2.2,,,,,,,,,,,,,"IwiAeKKpgyDNoYNXo7Ff5Z9mnt7Mfl5M","9ncDnDTowBQd9hSupIjx5CJgq3e17puy","legacyData"
"9d9cf879-76e4-4902-8892-def0a88cd078","KONZ_049.basePlot.vst","2015-09-23","vst_KONZ_2015","D06","KONZ","KONZ_049",,"NEON.PLA.D06.KONZ.01096",,"single shrub","Live",2.2,130,2.2,,,,1.1,0.9,"Partially shaded","cylinder",,,,,,"uHorHgDqo3rmbGvlt3J+fC8Uot/6kvDFiz0X+FIku2A=","IwiAeKKpgyDNoYNXo7Ff5Z9mnt7Mfl5M","legacyData"
"32ad7a41-307e-4820-a415-734fddcbca3c","KONZ_049.basePlot.vst","2015-09-23","vst_KONZ_2015","D06","KONZ","KONZ_049",,"NEON.PLA.D06.KONZ.01072",,"single shrub","Live",1.0,130,2.2,,,,0.5,0.4,"Mostly shaded","cylinder",,,,,,"uHorHgDqo3rmbGvlt3J+fC8Uot/6kvDFiz0X+FIku2A=","IwiAeKKpgyDNoYNXo7Ff5Z9mnt7Mfl5M","legacyData"
"1b856664-0891-4520-9016-2d76852fdcfb","KONZ_049.basePlot.vst","2015-09-23","vst_KONZ_2015","D06","KONZ","KONZ_049",,"NEON.PLA.D06.KONZ.01093",,"sapling","Standing dead",1.6,10,2.0,,,,,,,,,,,,,"IwiAeKKpgyDNoYNXo7Ff5Z9mnt7Mfl5M","9ncDnDTowBQd9hSupIjx5CJgq3e17puy","legacyData"
"cd87ceaf-e456-4145-9156-9e63d5d6174b","KONZ_049.basePlot.vst","2015-09-23","vst_KONZ_2015","D06","KONZ","KONZ_049",,"NEON.PLA.D06.KONZ.01077",,"single shrub","Standing dead",1.4,130,2.1,,,,2.3,1.9,"Mostly shaded","cylinder",,,,,"all qualifying DBH stems dead, but several 'sucksrs' alive","IwiAeKKpgyDNoYNXo7Ff5Z9mnt7Mfl5M","9ncDnDTowBQd9hSupIjx5CJgq3e17puy","legacyData"
"0c616cc5-8084-4d4b-b498-18699a6721bd","KONZ_049.basePlot.vst","2015-09-23","vst_KONZ_2015","D06","KONZ","KONZ_049",,"NEON.PLA.D06.KONZ.01063",,"sapling","Live",1.5,10,1.2,,,,,,,,,,,,,"uHorHgDqo3rmbGvlt3J+fC8Uot/6kvDFiz0X+FIku2A=","IwiAeKKpgyDNoYNXo7Ff5Z9mnt7Mfl5M","legacyData"
"d2b9ad23-ae90-4133-84d4-7727e8318de0","KONZ_049.basePlot.vst","2015-09-23","vst_KONZ_2015","D06","KONZ","KONZ_049",,"NEON.PLA.D06.KONZ.01076",,"small tree","Live",1.2,130,2.4,,,,,,,,,,,,,"uHorHgDqo3rmbGvlt3J+fC8Uot/6kvDFiz0X+FIku2A=","IwiAeKKpgyDNoYNXo7Ff5Z9mnt7Mfl5M","legacyData"
"d92be6de-5900-4735-b6e4-6734ba4464cc","KONZ_049.basePlot.vst","2015-09-23","vst_KONZ_2015","D06","KONZ","KONZ_049",,"NEON.PLA.D06.KONZ.01082",,"small tree","Live",1.1,130,2.2,,,,,,,,,,,,,"uHorHgDqo3rmbGvlt3J+fC8Uot/6kvDFiz0X+FIku2A=","IwiAeKKpgyDNoYNXo7Ff5Z9mnt7Mfl5M","legacyData"
"c46177c8-bffc-4224-b9e4-e365fae95693","KONZ_049.basePlot.vst","2015-09-23","vst_KONZ_2015","D06","KONZ","KONZ_049",,"NEON.PLA.D06.KONZ.01065",,"sapling","Live",1.2,10,1.9,,,,,,,,,,,,,"uHorHgDqo3rmbGvlt3J+fC8Uot/6kvDFiz0X+FIku2A=","IwiAeKKpgyDNoYNXo7Ff5Z9mnt7Mfl5M","legacyData"
"d62e44c5-c228-497b-a2b1-e6a28f3e3051","KONZ_049.basePlot.vst","2015-09-23","vst_KONZ_2015","D06","KONZ","KONZ_049",,"NEON.PLA.D06.KONZ.01090",,"single shrub","Live",2.8,130,2.3,,,,1.5,0.9,"Partially shaded","cylinder",,,,,,"uHorHgDqo3rmbGvlt3J+fC8Uot/6kvDFiz0X+FIku2A=","IwiAeKKpgyDNoYNXo7Ff5Z9mnt7Mfl5M","legacyData"
"c89c8049-2b25-46df-8187-3d1aeef15665","KONZ_049.basePlot.vst","2015-09-23","vst_KONZ_2015","D06","KONZ","KONZ_049",,"NEON.PLA.D06.KONZ.01074",,"single shrub","Standing dead",1.1,130,2.1,,,,1.2,0.6,"Mostly shaded","cylinder",,,,,,"uHorHgDqo3rmbGvlt3J+fC8Uot/6kvDFiz0X+FIku2A=","IwiAeKKpgyDNoYNXo7Ff5Z9mnt7Mfl5M","legacyData"
