uid,namedLocation,domainID,siteID,plotID,plotType,nlcdClass,decimalLatitude,decimalLongitude,geodeticDatum,coordinateUncertainty,elevation,elevationUncertainty,collectDate,eventID,sampleID,sampleCode,samplingMethod,totalSampledArea,targetTaxaPresent,adultCount,nymphCount,larvaCount,sampleCondition,samplingProtocolVersion,measuredBy,remarks
"8979a3b5-dcc8-4b48-80a2-4c4e9e977ef6","CLBJ_040.tickPlot.tck","D11","CLBJ","CLBJ_040","distributed","deciduousForest",33.377571,-97.647238,"WGS84",20.1,328.9,0.1,"2018-07-12T13:49Z","CLBJ.2018.28",,,"drag and flag",120,"N",0,0,0,,"NEON.DOC.014045vJ","jrpOJzTntmV2NEwaoue+w4foMoyVO618ln53ZC3RtAk=",
"ee9fde74-01a1-486b-83e9-19d5e862a6d9","CLBJ_036.tickPlot.tck","D11","CLBJ","CLBJ_036","distributed","grasslandHerbaceous",33.396494,-97.580919,"WGS84",20.1,289.5,0.1,"2018-07-12T13:51Z","CLBJ.2018.28",,,"drag",160,"N",0,0,0,,"NEON.DOC.014045vJ","OC+NKp63wP0BWVIaaFvsOT5gwOIZab7a+U4IG8VxOxA=",
"87af5c8b-7900-42f1-b47a-3cdeb85212a7","CLBJ_033.tickPlot.tck","D11","CLBJ","CLBJ_033","distributed","deciduousForest",33.382288,-97.619783,"WGS84",20.1,305.5,0.1,"2018-07-12T14:23Z","CLBJ.2018.28",,,"drag and flag",150,"N",0,0,0,,"NEON.DOC.014045vJ","jrpOJzTntmV2NEwaoue+w4foMoyVO618ln53ZC3RtAk=",
"e8e460d7-44e8-484b-9597-29372254c229","CLBJ_032.tickPlot.tck","D11","CLBJ","CLBJ_032","distributed","grasslandHerbaceous",33.405176,-97.595129,"WGS84",20.1,294.7,0.1,"2018-07-12T14:40Z","CLBJ.2018.28",,,"drag and flag",160,"N",0,0,0,,"NEON.DOC.014045vJ","OC+NKp63wP0BWVIaaFvsOT5gwOIZab7a+U4IG8VxOxA=",
"7d344c08-e9a0-4ac2-99b6-3a4c49c441df","CLBJ_034.tickPlot.tck","D11","CLBJ","CLBJ_034","distributed","grasslandHerbaceous",33.320090,-97.578537,"WGS84",20.0,325.2,0.0,"2018-07-12T15:05Z","CLBJ.2018.28",,,"drag and flag",140,"N",0,0,0,,"NEON.DOC.014045vJ","jrpOJzTntmV2NEwaoue+w4foMoyVO618ln53ZC3RtAk=",
"5ea417ad-cf98-4719-b201-21fd88b2a6d9","CLBJ_043.tickPlot.tck","D11","CLBJ","CLBJ_043","distributed","deciduousForest",33.410406,-97.593713,"WGS84",20.1,285.9,0.1,"2018-07-12T15:14Z","CLBJ.2018.28",,,"drag and flag",152,"N",0,0,0,,"NEON.DOC.014045vJ","OC+NKp63wP0BWVIaaFvsOT5gwOIZab7a+U4IG8VxOxA=",
