uid,namedLocation,domainID,siteID,plotID,plotType,nlcdClass,decimalLatitude,decimalLongitude,geodeticDatum,coordinateUncertainty,elevation,elevationUncertainty,collectDate,eventID,sampleID,sampleCode,samplingMethod,totalSampledArea,targetTaxaPresent,adultCount,nymphCount,larvaCount,sampleCondition,samplingProtocolVersion,measuredBy,remarks
"6c28fd2c-6072-43f2-9c79-2e0d4004d9a9","DCFS_004.tickPlot.tck","D09","DCFS","DCFS_004","distributed","grasslandHerbaceous",47.171933,-99.053166,"WGS84",20.2,505.0,0.8,"2017-06-07T15:00Z","DCFS.2017.24","DCFS_004.20170607",,"drag",160,"Y",1,0,0,"No known compromise","NEON.DOC.014045vH","P8Bzc6akoU2s2mU5DxZRUILjrhVcOBcRQZ+yWV/kCkM=",
"489f12af-6b17-4fe2-bc7a-4a48dcc929ff","DCFS_007.tickPlot.tck","D09","DCFS","DCFS_007","distributed","grasslandHerbaceous",47.162946,-99.113801,"WGS84",20.1,567.7,0.2,"2017-06-07T16:14Z","DCFS.2017.24","DCFS_007.20170607",,"drag",163,"Y",1,0,0,"No known compromise","NEON.DOC.014045vH","fUBrEL92x7IW4Uq93VugiQzszX3I41zjPC7fWv1PjaY=",
"8a3721b0-8cfc-4015-99e5-07c16f92de84","DCFS_005.tickPlot.tck","D09","DCFS","DCFS_005","distributed","grasslandHerbaceous",47.199469,-99.166739,"WGS84",20.1,564.6,0.1,"2017-06-07T18:01Z","DCFS.2017.24","DCFS_005.20170607",,"drag",162,"Y",2,0,0,"No known compromise","NEON.DOC.014045vH","P8Bzc6akoU2s2mU5DxZRUILjrhVcOBcRQZ+yWV/kCkM=",
"9b24e92d-94dc-47d5-b0bb-2b16b8958685","DCFS_001.tickPlot.tck","D09","DCFS","DCFS_001","distributed","grasslandHerbaceous",47.209008,-99.165875,"WGS84",20.2,575.5,0.3,"2017-06-07T19:34Z","DCFS.2017.24","DCFS_001.20170607",,"drag",160,"Y",2,0,0,"No known compromise","NEON.DOC.014045vH","fUBrEL92x7IW4Uq93VugiQzszX3I41zjPC7fWv1PjaY=",
"056d23a7-6b84-49fa-8b91-cec4cb8cfadd","DCFS_010.tickPlot.tck","D09","DCFS","DCFS_010","distributed","grasslandHerbaceous",47.209874,-99.173926,"WGS84",20.1,578.4,0.2,"2017-06-07T20:29Z","DCFS.2017.24","DCFS_010.20170607",,"drag",160,"Y",2,0,0,"No known compromise","NEON.DOC.014045vH","P8Bzc6akoU2s2mU5DxZRUILjrhVcOBcRQZ+yWV/kCkM=",
"2ead931a-5d6e-46f9-8c65-74028ce11682","DCFS_003.tickPlot.tck","D09","DCFS","DCFS_003","distributed","grasslandHerbaceous",47.207478,-99.183538,"WGS84",20.1,591.2,0.2,"2017-06-07T21:19Z","DCFS.2017.24",,,"drag",160,"N",0,0,0,"No known compromise","NEON.DOC.014045vH","fUBrEL92x7IW4Uq93VugiQzszX3I41zjPC7fWv1PjaY=",
"53fc90cf-7e32-462a-b596-9139f30be65a","DCFS_004.tickPlot.tck","D09","DCFS","DCFS_004","distributed","grasslandHerbaceous",47.171933,-99.053166,"WGS84",20.2,505.0,0.8,"2017-06-29T14:21Z","DCFS.2017.27",,,"drag",160,"N",0,0,0,"No known compromise","NEON.DOC.014045vH","ippAM7hgZZN9yeJU5Ijf8F5YDP8RekccKAsKIg9hHLs=",
"82a99141-e979-4b92-82b0-fd140febe236","DCFS_007.tickPlot.tck","D09","DCFS","DCFS_007","distributed","grasslandHerbaceous",47.162946,-99.113801,"WGS84",20.1,567.7,0.2,"2017-06-29T15:17Z","DCFS.2017.27","DCFS_007.20170629",,"drag",160,"Y",2,0,0,"No known compromise","NEON.DOC.014045vH","P8Bzc6akoU2s2mU5DxZRUILjrhVcOBcRQZ+yWV/kCkM=",
"6df2ffda-ae3a-4b63-9427-affbf2724e88","DCFS_005.tickPlot.tck","D09","DCFS","DCFS_005","distributed","grasslandHerbaceous",47.199469,-99.166739,"WGS84",20.1,564.6,0.1,"2017-06-29T17:05Z","DCFS.2017.27","DCFS_005.20170629",,"drag",160,"Y",1,0,0,"No known compromise","NEON.DOC.014045vH","ippAM7hgZZN9yeJU5Ijf8F5YDP8RekccKAsKIg9hHLs=",
"aa7c9e37-1058-46a7-88b2-54cc7d629028","DCFS_001.tickPlot.tck","D09","DCFS","DCFS_001","distributed","grasslandHerbaceous",47.209008,-99.165875,"WGS84",20.2,575.5,0.3,"2017-06-29T18:30Z","DCFS.2017.27","DCFS_001.20170629",,"drag",160,"Y",1,0,0,"No known compromise","NEON.DOC.014045vH","P8Bzc6akoU2s2mU5DxZRUILjrhVcOBcRQZ+yWV/kCkM=",
"0ae6fd8a-0ac3-4f79-afa3-9cdf18830155","DCFS_003.tickPlot.tck","D09","DCFS","DCFS_003","distributed","grasslandHerbaceous",47.207478,-99.183538,"WGS84",20.1,591.2,0.2,"2017-06-30T15:51Z","DCFS.2017.27",,,"drag",160,"N",0,0,0,,"NEON.DOC.014045vH","q5FmdU0F+THRYNd6neW4Qym5ZB6unFc38NywBzh4PlI=","Fairly windy."
"7da910b6-7426-4e78-a840-35b066a7e615","DCFS_010.tickPlot.tck","D09","DCFS","DCFS_010","distributed","grasslandHerbaceous",47.209874,-99.173926,"WGS84",20.1,578.4,0.2,"2017-06-30T16:33Z","DCFS.2017.27",,,"drag",160,"N",0,0,0,,"NEON.DOC.014045vH","q5FmdU0F+THRYNd6neW4Qym5ZB6unFc38NywBzh4PlI=","Windy"
