uid,namedLocation,plotID,collectDate,identifiedDate,sampleID,subsampleID,scientificName,acceptedTaxonID,taxonRank,family,subfamily,tribe,subtribe,genus,subgenus,specificEpithet,infraspecificEpithet,identificationQualifier,identificationReferences,identificationProtocolVersion,scientificNameAuthorship,sexOrAge,individualCount,sampleCondition,archiveMedium,archiveFacilityID,deprecatedVialID,identifiedBy,laboratoryName,remarks
"7ff804aa-7afd-491f-bf7f-39905eed1962","DCFS_004.tickPlot.tck","DCFS_004","2017-06-07T15:00Z","2017-12-07T17:00Z","DCFS_004.20170607","DCFS_004.20170607.DERVAR.M","Dermacentor variabilis","DERVAR","species","Ixodidae",,,,"Dermacentor",,"variabilis",,,"Yunker, C. E., Keirans, J. E., Clifford, C. M., and E. R. Easton. 1986. Dermacentor ticks (Acari: Ixodoidea: Ixodidae) of the New World: a scanning electron microscope atlas. Proceedings of the Entomological Society of Washington, 88(4):609-627.","GSU_tickIdentification_SOP_2016-11-01.pdf","Say","Male",1,"OK","90% ethanol","USNMENT01358473","DCFS_004.20170607.01.DER.VAR.M","Lorenza Beati","Georgia Southern University",
"86277e6a-2f4e-45c4-9d59-acf489e50a36","DCFS_007.tickPlot.tck","DCFS_007","2017-06-07T16:14Z","2017-12-07T17:00Z","DCFS_007.20170607","DCFS_007.20170607.DERVAR.M","Dermacentor variabilis","DERVAR","species","Ixodidae",,,,"Dermacentor",,"variabilis",,,"Yunker, C. E., Keirans, J. E., Clifford, C. M., and E. R. Easton. 1986. Dermacentor ticks (Acari: Ixodoidea: Ixodidae) of the New World: a scanning electron microscope atlas. Proceedings of the Entomological Society of Washington, 88(4):609-627.","GSU_tickIdentification_SOP_2016-11-01.pdf","Say","Male",1,"OK","90% ethanol","USNMENT01358469","DCFS_007.20170607.01.DER.VAR.M","Lorenza Beati","Georgia Southern University",
"c7b0c546-a142-4b21-b21a-5164537513c1","DCFS_005.tickPlot.tck","DCFS_005","2017-06-07T18:01Z","2017-12-05T17:00Z","DCFS_005.20170607","DCFS_005.20170607.DERVAR.F","Dermacentor variabilis","DERVAR","species","Ixodidae",,,,"Dermacentor",,"variabilis",,,"Yunker, C. E., Keirans, J. E., Clifford, C. M., and E. R. Easton. 1986. Dermacentor ticks (Acari: Ixodoidea: Ixodidae) of the New World: a scanning electron microscope atlas. Proceedings of the Entomological Society of Washington, 88(4):609-627.","GSU_tickIdentification_SOP_2016-11-01.pdf","Say","Female",1,"OK","90% ethanol","USNMENT01358467","DCFS_005.20170607.01.DER.VAR.F","Lorenza Beati","Georgia Southern University",
"abdc17f0-2780-4bbd-98fa-a0d2553a3b33","DCFS_005.tickPlot.tck","DCFS_005","2017-06-07T18:01Z","2017-12-05T17:00Z","DCFS_005.20170607","DCFS_005.20170607.DERVAR.M","Dermacentor variabilis","DERVAR","species","Ixodidae",,,,"Dermacentor",,"variabilis",,,"Yunker, C. E., Keirans, J. E., Clifford, C. M., and E. R. Easton. 1986. Dermacentor ticks (Acari: Ixodoidea: Ixodidae) of the New World: a scanning electron microscope atlas. Proceedings of the Entomological Society of Washington, 88(4):609-627.","GSU_tickIdentification_SOP_2016-11-01.pdf","Say","Male",1,"OK","90% ethanol","USNMENT01358468","DCFS_005.20170607.01.DER.VAR.M","Lorenza Beati","Georgia Southern University",
"53339ccd-678f-4a88-a333-fd394296a2ae","DCFS_001.tickPlot.tck","DCFS_001","2017-06-07T19:34Z","2017-12-07T17:00Z","DCFS_001.20170607","DCFS_001.20170607.DERVAR.M","Dermacentor variabilis","DERVAR","species","Ixodidae",,,,"Dermacentor",,"variabilis",,,"Yunker, C. E., Keirans, J. E., Clifford, C. M., and E. R. Easton. 1986. Dermacentor ticks (Acari: Ixodoidea: Ixodidae) of the New World: a scanning electron microscope atlas. Proceedings of the Entomological Society of Washington, 88(4):609-627.","GSU_tickIdentification_SOP_2016-11-01.pdf","Say","Male",2,"OK","90% ethanol","USNMENT01358470","DCFS_001.20170607.01.DER.VAR.M","Lorenza Beati","Georgia Southern University",
"8452cc12-4e23-41ac-ae33-b713fb521c11","DCFS_010.tickPlot.tck","DCFS_010","2017-06-07T20:29Z","2017-12-07T17:00Z","DCFS_010.20170607","DCFS_010.20170607.DERVAR.F","Dermacentor variabilis","DERVAR","species","Ixodidae",,,,"Dermacentor",,"variabilis",,,"Yunker, C. E., Keirans, J. E., Clifford, C. M., and E. R. Easton. 1986. Dermacentor ticks (Acari: Ixodoidea: Ixodidae) of the New World: a scanning electron microscope atlas. Proceedings of the Entomological Society of Washington, 88(4):609-627.","GSU_tickIdentification_SOP_2016-11-01.pdf","Say","Female",1,"OK","90% ethanol","USNMENT01358471","DCFS_010.20170607.01.DER.VAR.F","Lorenza Beati","Georgia Southern University",
"6a37990e-f711-4c1f-84c6-69a442dc0863","DCFS_010.tickPlot.tck","DCFS_010","2017-06-07T20:29Z","2017-12-07T17:00Z","DCFS_010.20170607","DCFS_010.20170607.DERVAR.M","Dermacentor variabilis","DERVAR","species","Ixodidae",,,,"Dermacentor",,"variabilis",,,"Yunker, C. E., Keirans, J. E., Clifford, C. M., and E. R. Easton. 1986. Dermacentor ticks (Acari: Ixodoidea: Ixodidae) of the New World: a scanning electron microscope atlas. Proceedings of the Entomological Society of Washington, 88(4):609-627.","GSU_tickIdentification_SOP_2016-11-01.pdf","Say","Male",1,"OK","90% ethanol","USNMENT01358472","DCFS_010.20170607.01.DER.VAR.M","Lorenza Beati","Georgia Southern University",
"035759f3-6ed8-4d39-b178-eafac83b7c06","DCFS_007.tickPlot.tck","DCFS_007","2017-06-29T15:17Z","2017-12-07T17:00Z","DCFS_007.20170629","DCFS_007.20170629.DERVAR.F","Dermacentor variabilis","DERVAR","species","Ixodidae",,,,"Dermacentor",,"variabilis",,,"Yunker, C. E., Keirans, J. E., Clifford, C. M., and E. R. Easton. 1986. Dermacentor ticks (Acari: Ixodoidea: Ixodidae) of the New World: a scanning electron microscope atlas. Proceedings of the Entomological Society of Washington, 88(4):609-627.","GSU_tickIdentification_SOP_2016-11-01.pdf","Say","Female",2,"OK","90% ethanol","USNMENT01358474","DCFS_007.20170629.01.DER.VAR.F","Lorenza Beati","Georgia Southern University",
"e6e6a0b9-f2de-48c7-9177-5a31a46376e0","DCFS_005.tickPlot.tck","DCFS_005","2017-06-29T17:05Z","2017-12-07T17:00Z","DCFS_005.20170629","DCFS_005.20170629.DERVAR.M","Dermacentor variabilis","DERVAR","species","Ixodidae",,,,"Dermacentor",,"variabilis",,,"Yunker, C. E., Keirans, J. E., Clifford, C. M., and E. R. Easton. 1986. Dermacentor ticks (Acari: Ixodoidea: Ixodidae) of the New World: a scanning electron microscope atlas. Proceedings of the Entomological Society of Washington, 88(4):609-627.","GSU_tickIdentification_SOP_2016-11-01.pdf","Say","Male",1,"OK","90% ethanol","USNMENT01358475","DCFS_005.20170629.01.DER.VAR.M","Lorenza Beati","Georgia Southern University",
"8bde4d78-5c8a-4a82-97e2-32872598e792","DCFS_001.tickPlot.tck","DCFS_001","2017-06-29T18:30Z","2017-12-07T17:00Z","DCFS_001.20170629","DCFS_001.20170629.DERVAR.M","Dermacentor variabilis","DERVAR","species","Ixodidae",,,,"Dermacentor",,"variabilis",,,"Yunker, C. E., Keirans, J. E., Clifford, C. M., and E. R. Easton. 1986. Dermacentor ticks (Acari: Ixodoidea: Ixodidae) of the New World: a scanning electron microscope atlas. Proceedings of the Entomological Society of Washington, 88(4):609-627.","GSU_tickIdentification_SOP_2016-11-01.pdf","Say","Male",1,"OK","90% ethanol","USNMENT01358476","DCFS_001.20170629.01.DER.VAR.M","Lorenza Beati","Georgia Southern University",
