uid,namedLocation,domainID,siteID,plotID,plotType,nlcdClass,decimalLatitude,decimalLongitude,geodeticDatum,coordinateUncertainty,elevation,elevationUncertainty,collectDate,eventID,sampleID,sampleCode,samplingMethod,totalSampledArea,targetTaxaPresent,adultCount,nymphCount,larvaCount,sampleCondition,samplingProtocolVersion,measuredBy,remarks
"d607b101-9a82-4370-9d1b-244140297924","JERC_044.tickPlot.tck","D03","JERC","JERC_044","distributed","mixedForest",31.195549,-84.482479,"WGS84",20.1,42.5,0.1,"2016-04-07T18:40Z","JERC.2016.14",,,"drag and flag",148,"N",0,0,0,"No known compromise","NEON.DOC.014045vG","vVbEdruuVEiZYDYLSRuHJtzjyy1RQRhZ",
"cfd301b4-47e2-4cdd-b065-c30dbea4f939","JERC_034.tickPlot.tck","D03","JERC","JERC_034","distributed","deciduousForest",31.198824,-84.491213,"WGS84",20.1,44.9,0.2,"2016-04-07T19:20Z","JERC.2016.14",,,"drag and flag",148,"N",0,0,0,"No known compromise","NEON.DOC.014045vG","UJXQnyichFB4WhORGHkpbbED896YuixX",
"71361533-239f-4e49-9208-646877fd6083","JERC_004.tickPlot.tck","D03","JERC","JERC_004","distributed","cultivatedCrops",31.190115,-84.467381,"WGS84",20.1,43.6,0.2,"2016-04-07T21:25Z","JERC.2016.14",,,"drag and flag",162,"N",0,0,0,"No known compromise","NEON.DOC.014045vG","UJXQnyichFB4WhORGHkpbbED896YuixX",
"662e7b42-55c2-4c42-bfc8-65bb0d0017d1","JERC_002.tickPlot.tck","D03","JERC","JERC_002","distributed","evergreenForest",31.194065,-84.461537,"WGS84",20.3,56.0,0.5,"2016-04-07T22:02Z","JERC.2016.14",,,"drag and flag",160,"N",0,0,0,"No known compromise","NEON.DOC.014045vG","vVbEdruuVEiZYDYLSRuHJtzjyy1RQRhZ",
