uid,namedLocation,domainID,siteID,plotID,plotType,nlcdClass,decimalLatitude,decimalLongitude,geodeticDatum,coordinateUncertainty,elevation,elevationUncertainty,collectDate,eventID,sampleID,sampleCode,samplingMethod,totalSampledArea,targetTaxaPresent,adultCount,nymphCount,larvaCount,sampleCondition,samplingProtocolVersion,measuredBy,remarks
"154edebc-624c-42a2-9c0d-11f0f9d98731","MOAB_003.tickPlot.tck","D13","MOAB","MOAB_003","distributed","evergreenForest",38.261626,-109.347802,"WGS84",20.2,2013.4,0.5,"2018-03-22T15:10Z","MOAB.2018.12",,,"drag and flag",168,"N",0,0,0,,"NEON.DOC.014045vJ","wZHtOqaqtZlqgJsyhA9Al7PULfNbpd9QkQwIml/uQxQ=",
"2f9dc6f1-6908-4a1b-a3d1-a6ed7e038c17","MOAB_005.tickPlot.tck","D13","MOAB","MOAB_005","distributed","shrubScrub",38.210851,-109.402026,"WGS84",20.1,1763.5,0.1,"2018-03-22T17:40Z","MOAB.2018.12",,,"drag and flag",160,"N",0,0,0,,"NEON.DOC.014045vJ","wZHtOqaqtZlqgJsyhA9Al7PULfNbpd9QkQwIml/uQxQ=",
"4a24066b-e581-4fbc-bd6b-0d1811ba1887","MOAB_002.tickPlot.tck","D13","MOAB","MOAB_002","distributed","shrubScrub",38.211659,-109.413380,"WGS84",20.1,1770.3,0.1,"2018-03-22T18:32Z","MOAB.2018.12",,,"drag and flag",160,"N",0,0,0,,"NEON.DOC.014045vJ","wZHtOqaqtZlqgJsyhA9Al7PULfNbpd9QkQwIml/uQxQ=",
"e63b2357-5cd5-48d8-8dab-b6a3f9335232","MOAB_006.tickPlot.tck","D13","MOAB","MOAB_006","distributed","shrubScrub",38.235080,-109.406067,"WGS84",20.1,1759.8,0.1,"2018-03-22T19:51Z","MOAB.2018.12",,,"drag and flag",160,"N",0,0,0,,"NEON.DOC.014045vJ","wZHtOqaqtZlqgJsyhA9Al7PULfNbpd9QkQwIml/uQxQ=",
"a15d9951-fe88-4be1-8ca7-54f52282a45c","MOAB_004.tickPlot.tck","D13","MOAB","MOAB_004","distributed","shrubScrub",38.234505,-109.398111,"WGS84",20.1,1763.9,0.1,"2018-03-22T20:27Z","MOAB.2018.12",,,"drag and flag",160,"N",0,0,0,,"NEON.DOC.014045vJ","wZHtOqaqtZlqgJsyhA9Al7PULfNbpd9QkQwIml/uQxQ=",
"06192a71-3a46-45fb-8b09-0f01dccff414","MOAB_001.tickPlot.tck","D13","MOAB","MOAB_001","distributed","shrubScrub",38.258888,-109.413897,"WGS84",20.1,1804.0,0.1,"2018-03-22T21:43Z","MOAB.2018.12",,,"drag and flag",160,"N",0,0,0,,"NEON.DOC.014045vJ","wZHtOqaqtZlqgJsyhA9Al7PULfNbpd9QkQwIml/uQxQ=",
