uid,namedLocation,date,domainID,siteID,plotID,plotType,nlcdClass,decimalLatitude,decimalLongitude,geodeticDatum,coordinateUncertainty,easting,northing,utmZone,elevation,elevationUncertainty,eventID,samplingProtocolVersion,treesPresent,treesAbsentList,shrubsPresent,shrubsAbsentList,lianasPresent,lianasAbsentList,nestedSubplotAreaShrubSapling,nestedSubplotAreaLiana,totalSampledAreaTrees,totalSampledAreaShrubSapling,totalSampledAreaLiana,remarks,measuredBy,recordedBy,dataQF
"434e43d6-3141-43e7-96e9-55319be98748","MLBS_068.basePlot.vst","2015-10-01","D07","MLBS","MLBS_068","tower","deciduousForest",37.375868,-80.528297,"WGS84",20.2,541762.91,4136674.31,"17N",1167.9,0.3,"vst_MLBS_2015","NEON.DOC.000987vD",,,,,,,"noneSelected","noneSelected",800,800,800,,,"vEvVLxmZ4KgjcDZj0PuqDb8k7/+li+6G","legacyData"
"12158d31-98e3-42a7-814a-01b1e0227ac2","MLBS_071.basePlot.vst","2015-10-01","D07","MLBS","MLBS_071","tower","deciduousForest",37.376632,-80.524178,"WGS84",20.2,542127.17,4136760.90,"17N",1172.6,0.2,"vst_MLBS_2015","NEON.DOC.000987vD",,,,,,,"noneSelected","noneSelected",800,800,800,,,"vEvVLxmZ4KgjcDZj0PuqDb8k7/+li+6G","legacyData"
"91190f2f-6135-4651-b436-638cd692c35f","MLBS_070.basePlot.vst","2015-10-01","D07","MLBS","MLBS_070","tower","deciduousForest",37.375569,-80.526578,"WGS84",20.2,541915.27,4136641.90,"17N",1168.6,0.3,"vst_MLBS_2015","NEON.DOC.000987vD",,,,,,,"noneSelected","noneSelected",800,800,800,,,"vEvVLxmZ4KgjcDZj0PuqDb8k7/+li+6G","legacyData"
"43379d40-3c7e-46de-a912-ca4760e8af8b","MLBS_072.basePlot.vst","2015-10-01","D07","MLBS","MLBS_072","tower","deciduousForest",37.375296,-80.525227,"WGS84",20.2,542035.04,4136612.22,"17N",1171.4,0.3,"vst_MLBS_2015","NEON.DOC.000987vD",,,,,,,"noneSelected","noneSelected",800,800,800,,,"vEvVLxmZ4KgjcDZj0PuqDb8k7/+li+6G","legacyData"
