uid,namedLocation,date,eventID,domainID,siteID,plotID,subplotID,individualID,tagStatus,growthForm,plantStatus,stemDiameter,measurementHeight,height,baseCrownHeight,breakHeight,breakDiameter,maxCrownDiameter,ninetyCrownDiameter,canopyPosition,shape,basalStemDiameter,basalStemDiameterMsrmntHeight,maxBaseCrownDiameter,ninetyBaseCrownDiameter,remarks,recordedBy,measuredBy,dataQF
"13ab7a9d-595b-4815-97f9-d20ccee074c1","MLBS_068.basePlot.vst","2015-10-01","vst_MLBS_2015","D07","MLBS","MLBS_068",,"NEON.PLA.D07.MLBS.01202A",,,"Live",44.1,130,,,,,,,"Full sun",,,,,,,"xvXXx2YfvliZ3zsHMcdXOaIt4dnvXIe8wSogS8jrnDA=","cLunHzhvGfwnGSRgitcE2aQgFynzmRYl","legacyData"
"eaa5fbed-3c37-4a5a-9928-0dd3d3dc0e52","MLBS_070.basePlot.vst","2015-10-01","vst_MLBS_2015","D07","MLBS","MLBS_070",,"NEON.PLA.D07.MLBS.01240",,"single bole tree","Live",17.1,130,,,,,,,"Mostly shaded",,,,,,,"xvXXx2YfvliZ3zsHMcdXOaIt4dnvXIe8wSogS8jrnDA=","cLunHzhvGfwnGSRgitcE2aQgFynzmRYl","legacyData"
"b33035b5-7ad5-49e8-b143-8e64b42d7950","MLBS_071.basePlot.vst","2015-10-01","vst_MLBS_2015","D07","MLBS","MLBS_071",,"NEON.PLA.D07.MLBS.01405",,"small tree","Live",4.5,130,,,,,,,"Mostly shaded",,,,,,,"xvXXx2YfvliZ3zsHMcdXOaIt4dnvXIe8wSogS8jrnDA=","cLunHzhvGfwnGSRgitcE2aQgFynzmRYl","legacyData"
"3ce3f2d4-a05e-4e74-81ef-0e896af7392f","MLBS_068.basePlot.vst","2015-10-01","vst_MLBS_2015","D07","MLBS","MLBS_068",,"NEON.PLA.D07.MLBS.01156",,"multi-bole tree","Live",28.1,130,,,,,,,"Partially shaded",,,,,,,"xvXXx2YfvliZ3zsHMcdXOaIt4dnvXIe8wSogS8jrnDA=","cLunHzhvGfwnGSRgitcE2aQgFynzmRYl","legacyData"
"f1a0ce12-e477-458e-b69c-ff307cd596ef","MLBS_070.basePlot.vst","2015-10-01","vst_MLBS_2015","D07","MLBS","MLBS_070",,"NEON.PLA.D07.MLBS.01261",,"small tree","Standing dead",5.5,130,,,,,,,"Full shade",,,,,,,"xvXXx2YfvliZ3zsHMcdXOaIt4dnvXIe8wSogS8jrnDA=","cLunHzhvGfwnGSRgitcE2aQgFynzmRYl","legacyData"
"3af23c37-1992-4540-8995-dafc4f6deaa9","MLBS_068.basePlot.vst","2015-10-01","vst_MLBS_2015","D07","MLBS","MLBS_068",,"NEON.PLA.D07.MLBS.01144",,"small tree","Live",7.3,130,,,,,,,"Mostly shaded",,,,,,,"xvXXx2YfvliZ3zsHMcdXOaIt4dnvXIe8wSogS8jrnDA=","cLunHzhvGfwnGSRgitcE2aQgFynzmRYl","legacyData"
"0cdbab04-3a31-4287-acb0-019908400599","MLBS_070.basePlot.vst","2015-10-01","vst_MLBS_2015","D07","MLBS","MLBS_070",,"NEON.PLA.D07.MLBS.01269",,"single bole tree","Live",33.9,130,,,,,,,"Partially shaded",,,,,,,"xvXXx2YfvliZ3zsHMcdXOaIt4dnvXIe8wSogS8jrnDA=","cLunHzhvGfwnGSRgitcE2aQgFynzmRYl","legacyData"
"129020ff-8881-4f40-b69b-41a9b61a7a48","MLBS_068.basePlot.vst","2015-10-01","vst_MLBS_2015","D07","MLBS","MLBS_068",,"NEON.PLA.D07.MLBS.01143",,"small tree","Live",3.8,130,,,,,,,"Mostly shaded",,,,,,,"xvXXx2YfvliZ3zsHMcdXOaIt4dnvXIe8wSogS8jrnDA=","cLunHzhvGfwnGSRgitcE2aQgFynzmRYl","legacyData"
"9400d25b-6f25-4786-a63b-86946dd2cf5a","MLBS_071.basePlot.vst","2015-10-01","vst_MLBS_2015","D07","MLBS","MLBS_071",,"NEON.PLA.D07.MLBS.01395",,"multi-bole tree","Live",27.3,130,,,,,,,"Mostly shaded",,,,,,,"xvXXx2YfvliZ3zsHMcdXOaIt4dnvXIe8wSogS8jrnDA=","cLunHzhvGfwnGSRgitcE2aQgFynzmRYl","legacyData"
"5168ae96-8fb2-4658-bec0-16d4ab826952","MLBS_071.basePlot.vst","2015-10-01","vst_MLBS_2015","D07","MLBS","MLBS_071",,"NEON.PLA.D07.MLBS.01399A",,,"Live",24.9,130,,,,,,,"Partially shaded",,,,,,,"xvXXx2YfvliZ3zsHMcdXOaIt4dnvXIe8wSogS8jrnDA=","cLunHzhvGfwnGSRgitcE2aQgFynzmRYl","legacyData"
"012800af-a609-4a27-8af8-7bc208c341de","MLBS_071.basePlot.vst","2015-10-01","vst_MLBS_2015","D07","MLBS","MLBS_071",,"NEON.PLA.D07.MLBS.01399",,"multi-bole tree","Live",28.4,130,,,,,,,"Partially shaded",,,,,,,"xvXXx2YfvliZ3zsHMcdXOaIt4dnvXIe8wSogS8jrnDA=","cLunHzhvGfwnGSRgitcE2aQgFynzmRYl","legacyData"
"7bea8d2a-2bc4-4d5a-baf9-8c551569e79b","MLBS_072.basePlot.vst","2015-10-01","vst_MLBS_2015","D07","MLBS","MLBS_072",,"NEON.PLA.D07.MLBS.01306B",,,"Live",24.0,130,,,,,,,"Partially shaded",,,,,,,"xvXXx2YfvliZ3zsHMcdXOaIt4dnvXIe8wSogS8jrnDA=","cLunHzhvGfwnGSRgitcE2aQgFynzmRYl","legacyData"
"f6c4e2b4-7b19-44e1-bc4b-4f2a638b05a8","MLBS_072.basePlot.vst","2015-10-01","vst_MLBS_2015","D07","MLBS","MLBS_072",,"NEON.PLA.D07.MLBS.01309",,"single bole tree","Live",18.4,130,,,,,,,"Partially shaded",,,,,,,"xvXXx2YfvliZ3zsHMcdXOaIt4dnvXIe8wSogS8jrnDA=","cLunHzhvGfwnGSRgitcE2aQgFynzmRYl","legacyData"
"962ad414-454a-4cff-9129-f51fd8db547c","MLBS_068.basePlot.vst","2015-10-01","vst_MLBS_2015","D07","MLBS","MLBS_068",,"NEON.PLA.D07.MLBS.01146",,"single bole tree","Standing dead",14.6,130,,,,,,,"Mostly shaded",,,,,,,"xvXXx2YfvliZ3zsHMcdXOaIt4dnvXIe8wSogS8jrnDA=","cLunHzhvGfwnGSRgitcE2aQgFynzmRYl","legacyData"
"048cfab9-4392-454a-ad59-c29b4e2534cc","MLBS_071.basePlot.vst","2015-10-01","vst_MLBS_2015","D07","MLBS","MLBS_071",,"NEON.PLA.D07.MLBS.01359",,"single shrub","Live",,,5.0,,,,5.6,3.2,"Full shade","half-sphere",,,,,,"xvXXx2YfvliZ3zsHMcdXOaIt4dnvXIe8wSogS8jrnDA=","cLunHzhvGfwnGSRgitcE2aQgFynzmRYl","legacyData"
"a8dbd654-c210-4af6-ae2c-7a1481fa09ba","MLBS_071.basePlot.vst","2015-10-01","vst_MLBS_2015","D07","MLBS","MLBS_071",,"NEON.PLA.D07.MLBS.01383",,"single bole tree","Live",21.7,130,,,,,,,"Partially shaded",,,,,,,"xvXXx2YfvliZ3zsHMcdXOaIt4dnvXIe8wSogS8jrnDA=","cLunHzhvGfwnGSRgitcE2aQgFynzmRYl","legacyData"
"876df621-b0d5-4d7e-9b42-eb51927b07a6","MLBS_071.basePlot.vst","2015-10-01","vst_MLBS_2015","D07","MLBS","MLBS_071",,"NEON.PLA.D07.MLBS.01386",,"small tree","Live",4.1,130,,,,,,,"Mostly shaded",,,,,,,"xvXXx2YfvliZ3zsHMcdXOaIt4dnvXIe8wSogS8jrnDA=","cLunHzhvGfwnGSRgitcE2aQgFynzmRYl","legacyData"
"900dd07a-eb45-45d1-ac69-6bcb71833bfd","MLBS_071.basePlot.vst","2015-10-01","vst_MLBS_2015","D07","MLBS","MLBS_071",,"NEON.PLA.D07.MLBS.01335",,"single bole tree","Live",72.5,130,,,,,,,"Full sun",,,,,,,"xvXXx2YfvliZ3zsHMcdXOaIt4dnvXIe8wSogS8jrnDA=","cLunHzhvGfwnGSRgitcE2aQgFynzmRYl","legacyData"
"a3fb2799-0d97-43b2-8276-dbc377a344fe","MLBS_070.basePlot.vst","2015-10-01","vst_MLBS_2015","D07","MLBS","MLBS_070",,"NEON.PLA.D07.MLBS.01251",,"single bole tree","Standing dead",38.5,130,,,,,,,"Mostly shaded",,,,,,,"xvXXx2YfvliZ3zsHMcdXOaIt4dnvXIe8wSogS8jrnDA=","cLunHzhvGfwnGSRgitcE2aQgFynzmRYl","legacyData"
"1c8ab35b-7566-4107-b024-d142d19d1c13","MLBS_070.basePlot.vst","2015-10-01","vst_MLBS_2015","D07","MLBS","MLBS_070",,"NEON.PLA.D07.MLBS.01280",,"small tree","Live",3.6,130,,,,,,,"Mostly shaded",,,,,,,"xvXXx2YfvliZ3zsHMcdXOaIt4dnvXIe8wSogS8jrnDA=","cLunHzhvGfwnGSRgitcE2aQgFynzmRYl","legacyData"
"9cf71eb1-4bac-4f91-b1a9-fe8d29f19c67","MLBS_068.basePlot.vst","2015-10-01","vst_MLBS_2015","D07","MLBS","MLBS_068",,"NEON.PLA.D07.MLBS.01193",,"small tree","Live",5.5,130,,,,,,,"Mostly shaded",,,,,,,"xvXXx2YfvliZ3zsHMcdXOaIt4dnvXIe8wSogS8jrnDA=","cLunHzhvGfwnGSRgitcE2aQgFynzmRYl","legacyData"
"e6bd0c21-f090-4176-9d24-eb89f61fa030","MLBS_068.basePlot.vst","2015-10-01","vst_MLBS_2015","D07","MLBS","MLBS_068",,"NEON.PLA.D07.MLBS.01162",,"single shrub","Live",,,6.5,,,,5.1,4.2,"Mostly shaded","cylinder",,,,,,"xvXXx2YfvliZ3zsHMcdXOaIt4dnvXIe8wSogS8jrnDA=","cLunHzhvGfwnGSRgitcE2aQgFynzmRYl","legacyData"
"832e468f-0c7a-459f-914b-db225b047e6c","MLBS_072.basePlot.vst","2015-10-01","vst_MLBS_2015","D07","MLBS","MLBS_072",,"NEON.PLA.D07.MLBS.01299",,"single bole tree","Standing dead",17.0,130,,,,,,,"Mostly shaded",,,,,,,"xvXXx2YfvliZ3zsHMcdXOaIt4dnvXIe8wSogS8jrnDA=","cLunHzhvGfwnGSRgitcE2aQgFynzmRYl","legacyData"
"3eb66014-f58b-4276-bc4c-88d22e7bd163","MLBS_071.basePlot.vst","2015-10-01","vst_MLBS_2015","D07","MLBS","MLBS_071",,"NEON.PLA.D07.MLBS.01351A",,,"Live",21.5,130,,,,,,,"Partially shaded",,,,,,,"xvXXx2YfvliZ3zsHMcdXOaIt4dnvXIe8wSogS8jrnDA=","cLunHzhvGfwnGSRgitcE2aQgFynzmRYl","legacyData"
"e09a75e2-3043-4f70-bd02-e9d74b02af80","MLBS_072.basePlot.vst","2015-10-01","vst_MLBS_2015","D07","MLBS","MLBS_072",,"NEON.PLA.D07.MLBS.01295",,"sapling","Live",1.7,10,,,,,,,"Mostly shaded",,,,,,,"xvXXx2YfvliZ3zsHMcdXOaIt4dnvXIe8wSogS8jrnDA=","cLunHzhvGfwnGSRgitcE2aQgFynzmRYl","legacyData"
"f079001c-f410-42c8-aa18-917d3a8a804a","MLBS_072.basePlot.vst","2015-10-01","vst_MLBS_2015","D07","MLBS","MLBS_072",,"NEON.PLA.D07.MLBS.01294",,"single bole tree","Live",34.2,130,,,,,,,"Partially shaded",,,,,,,"xvXXx2YfvliZ3zsHMcdXOaIt4dnvXIe8wSogS8jrnDA=","cLunHzhvGfwnGSRgitcE2aQgFynzmRYl","legacyData"
"0d1e5b6a-9690-4a6d-b6be-074204e7f990","MLBS_068.basePlot.vst","2015-10-01","vst_MLBS_2015","D07","MLBS","MLBS_068",,"NEON.PLA.D07.MLBS.01195",,"multi-bole tree","Live",16.1,130,,,,,,,"Mostly shaded",,,,,,,"xvXXx2YfvliZ3zsHMcdXOaIt4dnvXIe8wSogS8jrnDA=","cLunHzhvGfwnGSRgitcE2aQgFynzmRYl","legacyData"
"4490b9b6-14da-40ca-8d8a-fd8038b30002","MLBS_071.basePlot.vst","2015-10-01","vst_MLBS_2015","D07","MLBS","MLBS_071",,"NEON.PLA.D07.MLBS.01398C",,,"Standing dead",12.6,130,,,,,,,"Partially shaded",,,,,,,"xvXXx2YfvliZ3zsHMcdXOaIt4dnvXIe8wSogS8jrnDA=","cLunHzhvGfwnGSRgitcE2aQgFynzmRYl","legacyData"
"85dd1993-f4df-495d-b4d5-ba62b46aa0e3","MLBS_068.basePlot.vst","2015-10-01","vst_MLBS_2015","D07","MLBS","MLBS_068",,"NEON.PLA.D07.MLBS.01139",,"single bole tree","Live",30.5,130,,,,,,,"Partially shaded",,,,,,,"xvXXx2YfvliZ3zsHMcdXOaIt4dnvXIe8wSogS8jrnDA=","cLunHzhvGfwnGSRgitcE2aQgFynzmRYl","legacyData"
"aa12b052-e8a9-4145-b9a1-448798a9723c","MLBS_071.basePlot.vst","2015-10-01","vst_MLBS_2015","D07","MLBS","MLBS_071",,"NEON.PLA.D07.MLBS.01358",,"single bole tree","Live",12.3,130,,,,,,,"Mostly shaded",,,,,,,"xvXXx2YfvliZ3zsHMcdXOaIt4dnvXIe8wSogS8jrnDA=","cLunHzhvGfwnGSRgitcE2aQgFynzmRYl","legacyData"
"b5eecbc7-7b5b-48a2-801e-0efff8dafecb","MLBS_068.basePlot.vst","2015-10-01","vst_MLBS_2015","D07","MLBS","MLBS_068",,"NEON.PLA.D07.MLBS.01225",,"multi-bole tree","Live",19.7,130,,,,,,,"Mostly shaded",,,,,,,"xvXXx2YfvliZ3zsHMcdXOaIt4dnvXIe8wSogS8jrnDA=","cLunHzhvGfwnGSRgitcE2aQgFynzmRYl","legacyData"
"088949f7-3c18-46b7-b9e2-91c6a4402255","MLBS_071.basePlot.vst","2015-10-01","vst_MLBS_2015","D07","MLBS","MLBS_071",,"NEON.PLA.D07.MLBS.01397C",,,"Live",20.6,130,,,,,,,"Partially shaded",,,,,,,"xvXXx2YfvliZ3zsHMcdXOaIt4dnvXIe8wSogS8jrnDA=","cLunHzhvGfwnGSRgitcE2aQgFynzmRYl","legacyData"
"4f63f585-a8cf-48aa-b397-e96ac87a7606","MLBS_068.basePlot.vst","2015-10-01","vst_MLBS_2015","D07","MLBS","MLBS_068",,"NEON.PLA.D07.MLBS.01173",,"sapling","Live",1.2,10,,,,,,,"Full shade",,,,,,,"xvXXx2YfvliZ3zsHMcdXOaIt4dnvXIe8wSogS8jrnDA=","cLunHzhvGfwnGSRgitcE2aQgFynzmRYl","legacyData"
"c9a71dbc-d46d-44b8-abb8-511bd8d98a44","MLBS_068.basePlot.vst","2015-10-01","vst_MLBS_2015","D07","MLBS","MLBS_068",,"NEON.PLA.D07.MLBS.01153",,"small tree","Live",2.6,130,,,,,,,"Full shade",,,,,,,"xvXXx2YfvliZ3zsHMcdXOaIt4dnvXIe8wSogS8jrnDA=","cLunHzhvGfwnGSRgitcE2aQgFynzmRYl","legacyData"
"04f0fe93-c6b2-4edd-ba6f-fc2c377c5244","MLBS_071.basePlot.vst","2015-10-01","vst_MLBS_2015","D07","MLBS","MLBS_071",,"NEON.PLA.D07.MLBS.01390A",,,"Live",21.0,130,,,,,,,"Partially shaded",,,,,,,"xvXXx2YfvliZ3zsHMcdXOaIt4dnvXIe8wSogS8jrnDA=","cLunHzhvGfwnGSRgitcE2aQgFynzmRYl","legacyData"
"3f179256-dd59-4c26-9a47-f6f89aa5808e","MLBS_068.basePlot.vst","2015-10-01","vst_MLBS_2015","D07","MLBS","MLBS_068",,"NEON.PLA.D07.MLBS.01181",,"single bole tree","Standing dead",15.0,130,,,,,,,"Mostly shaded",,,,,,,"xvXXx2YfvliZ3zsHMcdXOaIt4dnvXIe8wSogS8jrnDA=","cLunHzhvGfwnGSRgitcE2aQgFynzmRYl","legacyData"
"a8780d31-724d-4f82-af35-25b5cdb4e09b","MLBS_068.basePlot.vst","2015-10-01","vst_MLBS_2015","D07","MLBS","MLBS_068",,"NEON.PLA.D07.MLBS.01214",,"sapling","Live",1.2,10,,,,,,,"Full shade",,,,,,,"xvXXx2YfvliZ3zsHMcdXOaIt4dnvXIe8wSogS8jrnDA=","cLunHzhvGfwnGSRgitcE2aQgFynzmRYl","legacyData"
"c2108d14-936f-4146-ac1c-f7e4691b854d","MLBS_071.basePlot.vst","2015-10-01","vst_MLBS_2015","D07","MLBS","MLBS_071",,"NEON.PLA.D07.MLBS.01356A",,,"Live",11.2,130,,,,,,,"Partially shaded",,,,,,,"xvXXx2YfvliZ3zsHMcdXOaIt4dnvXIe8wSogS8jrnDA=","cLunHzhvGfwnGSRgitcE2aQgFynzmRYl","legacyData"
"a9be3aec-ae1f-4000-a519-ac47ec8fce1f","MLBS_071.basePlot.vst","2015-10-01","vst_MLBS_2015","D07","MLBS","MLBS_071",,"NEON.PLA.D07.MLBS.01340",,"single shrub","Live",,,4.5,,,,4.9,4.1,"Mostly shaded","half-sphere",,,,,,"xvXXx2YfvliZ3zsHMcdXOaIt4dnvXIe8wSogS8jrnDA=","cLunHzhvGfwnGSRgitcE2aQgFynzmRYl","legacyData"
"07019bc7-25b9-4f3f-ae72-ee9a28bb1783","MLBS_072.basePlot.vst","2015-10-01","vst_MLBS_2015","D07","MLBS","MLBS_072",,"NEON.PLA.D07.MLBS.01307",,"single shrub","Live",,,5.1,,,,8.1,4.8,"Mostly shaded","half-sphere",,,,,,"xvXXx2YfvliZ3zsHMcdXOaIt4dnvXIe8wSogS8jrnDA=","cLunHzhvGfwnGSRgitcE2aQgFynzmRYl","legacyData"
"8acb5481-910f-45e8-b451-4b932c456fec","MLBS_068.basePlot.vst","2015-10-01","vst_MLBS_2015","D07","MLBS","MLBS_068",,"NEON.PLA.D07.MLBS.01201",,"single bole tree","Standing dead",17.3,130,,,,,,,"Mostly shaded",,,,,,,"xvXXx2YfvliZ3zsHMcdXOaIt4dnvXIe8wSogS8jrnDA=","cLunHzhvGfwnGSRgitcE2aQgFynzmRYl","legacyData"
"04f16897-8cd2-4337-a1ee-324f322b11be","MLBS_070.basePlot.vst","2015-10-01","vst_MLBS_2015","D07","MLBS","MLBS_070",,"NEON.PLA.D07.MLBS.01284",,"single shrub","Live",,,4.5,,,,3.7,3.4,"Mostly shaded","cylinder",,,,,,"xvXXx2YfvliZ3zsHMcdXOaIt4dnvXIe8wSogS8jrnDA=","cLunHzhvGfwnGSRgitcE2aQgFynzmRYl","legacyData"
"e9ebe069-effb-4e5e-a32d-5614d8a173c3","MLBS_072.basePlot.vst","2015-10-01","vst_MLBS_2015","D07","MLBS","MLBS_072",,"NEON.PLA.D07.MLBS.01311A",,,"Live",14.0,130,,,,,,,"Partially shaded",,,,,,,"xvXXx2YfvliZ3zsHMcdXOaIt4dnvXIe8wSogS8jrnDA=","cLunHzhvGfwnGSRgitcE2aQgFynzmRYl","legacyData"
"5ca00ac1-aaae-421e-bd4d-358e61a0aab3","MLBS_071.basePlot.vst","2015-10-01","vst_MLBS_2015","D07","MLBS","MLBS_071",,"NEON.PLA.D07.MLBS.01398",,"multi-bole tree","Standing dead",24.9,130,,,,,,,"Partially shaded",,,,,,,"xvXXx2YfvliZ3zsHMcdXOaIt4dnvXIe8wSogS8jrnDA=","cLunHzhvGfwnGSRgitcE2aQgFynzmRYl","legacyData"
"a71fc6bb-7922-4128-b23b-f86f6bb87811","MLBS_071.basePlot.vst","2015-10-01","vst_MLBS_2015","D07","MLBS","MLBS_071",,"NEON.PLA.D07.MLBS.01398B",,,"Standing dead",23.4,130,,,,,,,"Partially shaded",,,,,,,"xvXXx2YfvliZ3zsHMcdXOaIt4dnvXIe8wSogS8jrnDA=","cLunHzhvGfwnGSRgitcE2aQgFynzmRYl","legacyData"
"4a75774d-3d78-4643-86fc-3fe7e8383250","MLBS_070.basePlot.vst","2015-10-01","vst_MLBS_2015","D07","MLBS","MLBS_070",,"NEON.PLA.D07.MLBS.01267",,"single bole tree","Live",42.5,130,,,,,,,"Partially shaded",,,,,,,"xvXXx2YfvliZ3zsHMcdXOaIt4dnvXIe8wSogS8jrnDA=","cLunHzhvGfwnGSRgitcE2aQgFynzmRYl","legacyData"
"8bbbd281-0297-4aa9-8fc0-d5c950a38c89","MLBS_070.basePlot.vst","2015-10-01","vst_MLBS_2015","D07","MLBS","MLBS_070",,"NEON.PLA.D07.MLBS.01258",,"single bole tree","Live",43.7,130,,,,,,,"Partially shaded",,,,,,,"xvXXx2YfvliZ3zsHMcdXOaIt4dnvXIe8wSogS8jrnDA=","cLunHzhvGfwnGSRgitcE2aQgFynzmRYl","legacyData"
"30414749-596a-4ae9-bc2c-a30b84e916e9","MLBS_070.basePlot.vst","2015-10-01","vst_MLBS_2015","D07","MLBS","MLBS_070",,"NEON.PLA.D07.MLBS.01255",,"small tree","Live",2.2,130,,,,,,,"Mostly shaded",,,,,,,"xvXXx2YfvliZ3zsHMcdXOaIt4dnvXIe8wSogS8jrnDA=","cLunHzhvGfwnGSRgitcE2aQgFynzmRYl","legacyData"
"6adf9a01-12b5-42f1-838a-00fb94c12135","MLBS_070.basePlot.vst","2015-10-01","vst_MLBS_2015","D07","MLBS","MLBS_070",,"NEON.PLA.D07.MLBS.01281",,"single bole tree","Live",46.4,130,,,,,,,"Full sun",,,,,,,"xvXXx2YfvliZ3zsHMcdXOaIt4dnvXIe8wSogS8jrnDA=","cLunHzhvGfwnGSRgitcE2aQgFynzmRYl","legacyData"
"c1ec64ac-9e99-4593-9d5a-61374bfd4ded","MLBS_068.basePlot.vst","2015-10-01","vst_MLBS_2015","D07","MLBS","MLBS_068",,"NEON.PLA.D07.MLBS.01206",,"single bole tree","Live",20.0,130,,,,,,,"Partially shaded",,,,,,,"xvXXx2YfvliZ3zsHMcdXOaIt4dnvXIe8wSogS8jrnDA=","cLunHzhvGfwnGSRgitcE2aQgFynzmRYl","legacyData"
"3a4b60d3-0b31-40c3-85a2-637852c79f2b","MLBS_068.basePlot.vst","2015-10-01","vst_MLBS_2015","D07","MLBS","MLBS_068",,"NEON.PLA.D07.MLBS.01179",,"single bole tree","Live",12.6,130,,,,,,,"Mostly shaded",,,,,,,"xvXXx2YfvliZ3zsHMcdXOaIt4dnvXIe8wSogS8jrnDA=","cLunHzhvGfwnGSRgitcE2aQgFynzmRYl","legacyData"
"5bbdcae6-0a12-4c53-8417-285ff9cacb60","MLBS_068.basePlot.vst","2015-10-01","vst_MLBS_2015","D07","MLBS","MLBS_068",,"NEON.PLA.D07.MLBS.01154",,"single bole tree","Live",42.0,130,,,,,,,"Partially shaded",,,,,,,"xvXXx2YfvliZ3zsHMcdXOaIt4dnvXIe8wSogS8jrnDA=","cLunHzhvGfwnGSRgitcE2aQgFynzmRYl","legacyData"
"d12218bf-4dd4-4cbe-8149-ca20ded39a84","MLBS_068.basePlot.vst","2015-10-01","vst_MLBS_2015","D07","MLBS","MLBS_068",,"NEON.PLA.D07.MLBS.01219",,"single bole tree","Live",49.2,130,,,,,,,"Partially shaded",,,,,,,"xvXXx2YfvliZ3zsHMcdXOaIt4dnvXIe8wSogS8jrnDA=","cLunHzhvGfwnGSRgitcE2aQgFynzmRYl","legacyData"
"1866bd3f-5ea7-4efe-9ae2-7022691f68c9","MLBS_068.basePlot.vst","2015-10-01","vst_MLBS_2015","D07","MLBS","MLBS_068",,"NEON.PLA.D07.MLBS.01167",,"single bole tree","Live",23.8,130,,,,,,,"Full shade",,,,,,,"xvXXx2YfvliZ3zsHMcdXOaIt4dnvXIe8wSogS8jrnDA=","cLunHzhvGfwnGSRgitcE2aQgFynzmRYl","legacyData"
"9c963666-16e0-43b2-b270-172932574dab","MLBS_068.basePlot.vst","2015-10-01","vst_MLBS_2015","D07","MLBS","MLBS_068",,"NEON.PLA.D07.MLBS.01168",,"small tree","Live",4.0,130,,,,,,,"Mostly shaded",,,,,,,"xvXXx2YfvliZ3zsHMcdXOaIt4dnvXIe8wSogS8jrnDA=","cLunHzhvGfwnGSRgitcE2aQgFynzmRYl","legacyData"
"81af2281-027d-4ee9-bb99-c36890ab1a08","MLBS_068.basePlot.vst","2015-10-01","vst_MLBS_2015","D07","MLBS","MLBS_068",,"NEON.PLA.D07.MLBS.01157",,"small tree","Live",6.0,130,,,,,,,"Mostly shaded",,,,,,,"xvXXx2YfvliZ3zsHMcdXOaIt4dnvXIe8wSogS8jrnDA=","cLunHzhvGfwnGSRgitcE2aQgFynzmRYl","legacyData"
"4fd0f0e8-3e2a-4063-927a-4f448b325832","MLBS_072.basePlot.vst","2015-10-01","vst_MLBS_2015","D07","MLBS","MLBS_072",,"NEON.PLA.D07.MLBS.01305",,"small tree","Live",1.3,130,,,,,,,"Full shade",,,,,,,"xvXXx2YfvliZ3zsHMcdXOaIt4dnvXIe8wSogS8jrnDA=","cLunHzhvGfwnGSRgitcE2aQgFynzmRYl","legacyData"
"cd6d2bf4-4ec0-4977-aded-b72f7c7b8a26","MLBS_071.basePlot.vst","2015-10-01","vst_MLBS_2015","D07","MLBS","MLBS_071",,"NEON.PLA.D07.MLBS.01365",,"small tree","Live",7.3,130,,,,,,,"Mostly shaded",,,,,,,"xvXXx2YfvliZ3zsHMcdXOaIt4dnvXIe8wSogS8jrnDA=","cLunHzhvGfwnGSRgitcE2aQgFynzmRYl","legacyData"
"8060b129-5c71-4acf-ac4b-f8d4ff9d1450","MLBS_068.basePlot.vst","2015-10-01","vst_MLBS_2015","D07","MLBS","MLBS_068",,"NEON.PLA.D07.MLBS.01155",,"single bole tree","Live",17.3,130,,,,,,,"Mostly shaded",,,,,,,"xvXXx2YfvliZ3zsHMcdXOaIt4dnvXIe8wSogS8jrnDA=","cLunHzhvGfwnGSRgitcE2aQgFynzmRYl","legacyData"
"6ff24f52-48c0-4226-9c16-7de28ace855d","MLBS_068.basePlot.vst","2015-10-01","vst_MLBS_2015","D07","MLBS","MLBS_068",,"NEON.PLA.D07.MLBS.01185",,"small tree","Live",1.1,130,,,,,,,"Full shade",,,,,,,"xvXXx2YfvliZ3zsHMcdXOaIt4dnvXIe8wSogS8jrnDA=","cLunHzhvGfwnGSRgitcE2aQgFynzmRYl","legacyData"
"99c6b72a-0c10-443f-a623-59f68a267d50","MLBS_072.basePlot.vst","2015-10-01","vst_MLBS_2015","D07","MLBS","MLBS_072",,"NEON.PLA.D07.MLBS.01317A",,,"Live",25.5,130,,,,,,,"Partially shaded",,,,,,,"xvXXx2YfvliZ3zsHMcdXOaIt4dnvXIe8wSogS8jrnDA=","cLunHzhvGfwnGSRgitcE2aQgFynzmRYl","legacyData"
"7d15f3b6-5511-4274-9612-66bd8770b950","MLBS_070.basePlot.vst","2015-10-01","vst_MLBS_2015","D07","MLBS","MLBS_070",,"NEON.PLA.D07.MLBS.01278",,"small tree","Live",2.2,10,,,,,,,"Full shade",,,,,,,"xvXXx2YfvliZ3zsHMcdXOaIt4dnvXIe8wSogS8jrnDA=","cLunHzhvGfwnGSRgitcE2aQgFynzmRYl","legacyData"
"6cac0fb9-2c63-4571-8278-bad2597453ba","MLBS_068.basePlot.vst","2015-10-01","vst_MLBS_2015","D07","MLBS","MLBS_068",,"NEON.PLA.D07.MLBS.01163",,"sapling","Live",1.5,10,,,,,,,"Full shade",,,,,,,"xvXXx2YfvliZ3zsHMcdXOaIt4dnvXIe8wSogS8jrnDA=","cLunHzhvGfwnGSRgitcE2aQgFynzmRYl","legacyData"
"4a00f040-f887-4211-881e-8164937e360f","MLBS_068.basePlot.vst","2015-10-01","vst_MLBS_2015","D07","MLBS","MLBS_068",,"NEON.PLA.D07.MLBS.01191",,"single bole tree","Live",25.5,130,,,,,,,"Partially shaded",,,,,,,"xvXXx2YfvliZ3zsHMcdXOaIt4dnvXIe8wSogS8jrnDA=","cLunHzhvGfwnGSRgitcE2aQgFynzmRYl","legacyData"
"ff1df8de-00a0-44b1-b63a-469d59b41288","MLBS_070.basePlot.vst","2015-10-01","vst_MLBS_2015","D07","MLBS","MLBS_070",,"NEON.PLA.D07.MLBS.01231",,"small tree","Live",5.3,130,,,,,,,"Mostly shaded",,,,,,,"xvXXx2YfvliZ3zsHMcdXOaIt4dnvXIe8wSogS8jrnDA=","cLunHzhvGfwnGSRgitcE2aQgFynzmRYl","legacyData"
"01ac0fd3-2573-4663-9d3e-b037265a9a07","MLBS_071.basePlot.vst","2015-10-01","vst_MLBS_2015","D07","MLBS","MLBS_071",,"NEON.PLA.D07.MLBS.01338",,"small tree","Standing dead",9.7,130,,,,,,,"Mostly shaded",,,,,,,"xvXXx2YfvliZ3zsHMcdXOaIt4dnvXIe8wSogS8jrnDA=","cLunHzhvGfwnGSRgitcE2aQgFynzmRYl","legacyData"
"4577901b-af9b-4c1c-8403-a2a0b817e976","MLBS_071.basePlot.vst","2015-10-01","vst_MLBS_2015","D07","MLBS","MLBS_071",,"NEON.PLA.D07.MLBS.01403",,"single shrub","Live",,,5.6,,,,6.7,6.5,"Mostly shaded","half-sphere",,,,,,"xvXXx2YfvliZ3zsHMcdXOaIt4dnvXIe8wSogS8jrnDA=","cLunHzhvGfwnGSRgitcE2aQgFynzmRYl","legacyData"
"28d820a8-903a-4ac3-8215-881e3792cecd","MLBS_071.basePlot.vst","2015-10-01","vst_MLBS_2015","D07","MLBS","MLBS_071",,"NEON.PLA.D07.MLBS.01387",,"small tree","Live",9.8,130,,,,,,,"Mostly shaded",,,,,,,"xvXXx2YfvliZ3zsHMcdXOaIt4dnvXIe8wSogS8jrnDA=","cLunHzhvGfwnGSRgitcE2aQgFynzmRYl","legacyData"
"9b5ef5dd-9896-4f5b-a5d8-8dbc19e42fbe","MLBS_071.basePlot.vst","2015-10-01","vst_MLBS_2015","D07","MLBS","MLBS_071",,"NEON.PLA.D07.MLBS.01375",,"single bole tree","Live",13.3,130,,,,,,,"Mostly shaded",,,,,,,"xvXXx2YfvliZ3zsHMcdXOaIt4dnvXIe8wSogS8jrnDA=","cLunHzhvGfwnGSRgitcE2aQgFynzmRYl","legacyData"
"20400870-b47d-477f-aa4c-ff8f4695454c","MLBS_071.basePlot.vst","2015-10-01","vst_MLBS_2015","D07","MLBS","MLBS_071",,"NEON.PLA.D07.MLBS.01394",,"small tree","Standing dead",4.1,130,,,,,,,"Full shade",,,,,,,"xvXXx2YfvliZ3zsHMcdXOaIt4dnvXIe8wSogS8jrnDA=","cLunHzhvGfwnGSRgitcE2aQgFynzmRYl","legacyData"
"1ef8ba78-56c9-4538-8b75-8a4df581f00f","MLBS_071.basePlot.vst","2015-10-01","vst_MLBS_2015","D07","MLBS","MLBS_071",,"NEON.PLA.D07.MLBS.01360",,"small tree","Live",8.2,130,,,,,,,"Mostly shaded",,,,,,,"xvXXx2YfvliZ3zsHMcdXOaIt4dnvXIe8wSogS8jrnDA=","cLunHzhvGfwnGSRgitcE2aQgFynzmRYl","legacyData"
"5b487a77-2462-4b9b-90a7-421011c557f4","MLBS_070.basePlot.vst","2015-10-01","vst_MLBS_2015","D07","MLBS","MLBS_070",,"NEON.PLA.D07.MLBS.01230",,"small tree","Live",4.5,130,,,,,,,"Mostly shaded",,,,,,,"xvXXx2YfvliZ3zsHMcdXOaIt4dnvXIe8wSogS8jrnDA=","cLunHzhvGfwnGSRgitcE2aQgFynzmRYl","legacyData"
"be4bf69f-9add-4ba1-8cfc-cf347fd69bc4","MLBS_072.basePlot.vst","2015-10-01","vst_MLBS_2015","D07","MLBS","MLBS_072",,"NEON.PLA.D07.MLBS.01308",,"single bole tree","Live",23.9,130,,,,,,,"Full shade",,,,,,,"xvXXx2YfvliZ3zsHMcdXOaIt4dnvXIe8wSogS8jrnDA=","cLunHzhvGfwnGSRgitcE2aQgFynzmRYl","legacyData"
"679fe8fd-c7db-487a-be48-b9c2bd9de76c","MLBS_072.basePlot.vst","2015-10-01","vst_MLBS_2015","D07","MLBS","MLBS_072",,"NEON.PLA.D07.MLBS.01312",,"single bole tree","Live",28.2,130,,,,,,,"Partially shaded",,,,,,,"xvXXx2YfvliZ3zsHMcdXOaIt4dnvXIe8wSogS8jrnDA=","cLunHzhvGfwnGSRgitcE2aQgFynzmRYl","legacyData"
"21e8f1e2-ef2c-478a-b846-e7b06314036b","MLBS_072.basePlot.vst","2015-10-01","vst_MLBS_2015","D07","MLBS","MLBS_072",,"NEON.PLA.D07.MLBS.01300",,"single bole tree","Live",19.5,130,,,,,,,"Mostly shaded",,,,,,,"xvXXx2YfvliZ3zsHMcdXOaIt4dnvXIe8wSogS8jrnDA=","cLunHzhvGfwnGSRgitcE2aQgFynzmRYl","legacyData"
"00ee3cf8-0591-4871-8c44-0bba8d5587f4","MLBS_071.basePlot.vst","2015-10-01","vst_MLBS_2015","D07","MLBS","MLBS_071",,"NEON.PLA.D07.MLBS.01392",,"single bole tree","Live",15.3,130,,,,,,,"Mostly shaded",,,,,,,"xvXXx2YfvliZ3zsHMcdXOaIt4dnvXIe8wSogS8jrnDA=","cLunHzhvGfwnGSRgitcE2aQgFynzmRYl","legacyData"
"9f85e057-0d71-4d5b-9bfa-f124fc64598b","MLBS_068.basePlot.vst","2015-10-01","vst_MLBS_2015","D07","MLBS","MLBS_068",,"NEON.PLA.D07.MLBS.01196",,"sapling","Live",1.1,10,,,,,,,"Full shade",,,,,,,"xvXXx2YfvliZ3zsHMcdXOaIt4dnvXIe8wSogS8jrnDA=","cLunHzhvGfwnGSRgitcE2aQgFynzmRYl","legacyData"
"0a6696ec-5636-429b-9742-f4d7bfe80b56","MLBS_068.basePlot.vst","2015-10-01","vst_MLBS_2015","D07","MLBS","MLBS_068",,"NEON.PLA.D07.MLBS.01221",,"single bole tree","Live",25.8,130,,,,,,,"Mostly shaded",,,,,,,"xvXXx2YfvliZ3zsHMcdXOaIt4dnvXIe8wSogS8jrnDA=","cLunHzhvGfwnGSRgitcE2aQgFynzmRYl","legacyData"
"061c723b-32b4-4df5-bcf8-d2eb2fcea815","MLBS_068.basePlot.vst","2015-10-01","vst_MLBS_2015","D07","MLBS","MLBS_068",,"NEON.PLA.D07.MLBS.01136",,"multi-bole tree","Standing dead",20.2,130,,,,,,,"Mostly shaded",,,,,,,"xvXXx2YfvliZ3zsHMcdXOaIt4dnvXIe8wSogS8jrnDA=","cLunHzhvGfwnGSRgitcE2aQgFynzmRYl","legacyData"
"d9f55021-cba6-4f55-abf5-36e7cefe6bc0","MLBS_068.basePlot.vst","2015-10-01","vst_MLBS_2015","D07","MLBS","MLBS_068",,"NEON.PLA.D07.MLBS.01205",,"small tree","Live",6.5,130,,,,,,,"Mostly shaded",,,,,,,"xvXXx2YfvliZ3zsHMcdXOaIt4dnvXIe8wSogS8jrnDA=","cLunHzhvGfwnGSRgitcE2aQgFynzmRYl","legacyData"
"ebb1d7cf-d7dd-469d-99e9-a2037b2a1e58","MLBS_068.basePlot.vst","2015-10-01","vst_MLBS_2015","D07","MLBS","MLBS_068",,"NEON.PLA.D07.MLBS.01204",,"single bole tree","Standing dead",15.0,130,,,,,,,"Mostly shaded",,,,,,,"xvXXx2YfvliZ3zsHMcdXOaIt4dnvXIe8wSogS8jrnDA=","cLunHzhvGfwnGSRgitcE2aQgFynzmRYl","legacyData"
"944189d1-c1ba-4a12-b24a-37a50f97bbac","MLBS_070.basePlot.vst","2015-10-01","vst_MLBS_2015","D07","MLBS","MLBS_070",,"NEON.PLA.D07.MLBS.01248",,"small tree","Live",9.4,130,,,,,,,"Full shade",,,,,,,"xvXXx2YfvliZ3zsHMcdXOaIt4dnvXIe8wSogS8jrnDA=","cLunHzhvGfwnGSRgitcE2aQgFynzmRYl","legacyData"
"a66e2bf2-49ae-45b6-902f-10182d618072","MLBS_070.basePlot.vst","2015-10-01","vst_MLBS_2015","D07","MLBS","MLBS_070",,"NEON.PLA.D07.MLBS.01229",,"small tree","Live",4.0,130,,,,,,,"Mostly shaded",,,,,,,"xvXXx2YfvliZ3zsHMcdXOaIt4dnvXIe8wSogS8jrnDA=","cLunHzhvGfwnGSRgitcE2aQgFynzmRYl","legacyData"
"d45ffaac-568d-49b2-909c-80747f19c517","MLBS_070.basePlot.vst","2015-10-01","vst_MLBS_2015","D07","MLBS","MLBS_070",,"NEON.PLA.D07.MLBS.01276",,"sapling","Live",2.0,130,,,,,,,"Full shade",,,,,,,"xvXXx2YfvliZ3zsHMcdXOaIt4dnvXIe8wSogS8jrnDA=","cLunHzhvGfwnGSRgitcE2aQgFynzmRYl","legacyData"
"b5799181-5064-482b-8399-81b58ca3e046","MLBS_070.basePlot.vst","2015-10-01","vst_MLBS_2015","D07","MLBS","MLBS_070",,"NEON.PLA.D07.MLBS.01282",,"single bole tree","Live",25.7,130,,,,,,,"Mostly shaded",,,,,,,"xvXXx2YfvliZ3zsHMcdXOaIt4dnvXIe8wSogS8jrnDA=","cLunHzhvGfwnGSRgitcE2aQgFynzmRYl","legacyData"
"e5a0132c-ffd8-46c8-8e54-bf45a225af1b","MLBS_070.basePlot.vst","2015-10-01","vst_MLBS_2015","D07","MLBS","MLBS_070",,"NEON.PLA.D07.MLBS.01285",,"sapling","Live",1.2,10,,,,,,,"Mostly shaded",,,,,,,"xvXXx2YfvliZ3zsHMcdXOaIt4dnvXIe8wSogS8jrnDA=","cLunHzhvGfwnGSRgitcE2aQgFynzmRYl","legacyData"
"407bf805-31ef-40d8-86bc-f60862d6e5eb","MLBS_070.basePlot.vst","2015-10-01","vst_MLBS_2015","D07","MLBS","MLBS_070",,"NEON.PLA.D07.MLBS.01244",,"small tree","Live",9.9,130,,,,,,,"Mostly shaded",,,,,,,"xvXXx2YfvliZ3zsHMcdXOaIt4dnvXIe8wSogS8jrnDA=","cLunHzhvGfwnGSRgitcE2aQgFynzmRYl","legacyData"
"fddd771f-ec53-4504-8aa6-e8ef8043f4a9","MLBS_070.basePlot.vst","2015-10-01","vst_MLBS_2015","D07","MLBS","MLBS_070",,"NEON.PLA.D07.MLBS.01259",,"single bole tree","Standing dead",10.6,130,,,,,,,"Mostly shaded",,,,,,,"xvXXx2YfvliZ3zsHMcdXOaIt4dnvXIe8wSogS8jrnDA=","cLunHzhvGfwnGSRgitcE2aQgFynzmRYl","legacyData"
"735ac0a0-d095-49ae-985f-a5e2af33d511","MLBS_071.basePlot.vst","2015-10-01","vst_MLBS_2015","D07","MLBS","MLBS_071",,"NEON.PLA.D07.MLBS.01397A",,,"Live",28.3,130,,,,,,,"Partially shaded",,,,,,,"xvXXx2YfvliZ3zsHMcdXOaIt4dnvXIe8wSogS8jrnDA=","cLunHzhvGfwnGSRgitcE2aQgFynzmRYl","legacyData"
"0bca076e-aed0-413c-8342-b67e0ec75527","MLBS_071.basePlot.vst","2015-10-01","vst_MLBS_2015","D07","MLBS","MLBS_071",,"NEON.PLA.D07.MLBS.01406",,"small tree","Live",1.5,130,,,,,,,"Full shade",,,,,,,"xvXXx2YfvliZ3zsHMcdXOaIt4dnvXIe8wSogS8jrnDA=","cLunHzhvGfwnGSRgitcE2aQgFynzmRYl","legacyData"
"92f2734e-11f9-495a-b3ef-60558131fdbc","MLBS_071.basePlot.vst","2015-10-01","vst_MLBS_2015","D07","MLBS","MLBS_071",,"NEON.PLA.D07.MLBS.01377",,"single bole tree","Live",25.2,130,,,,,,,"Partially shaded",,,,,,,"xvXXx2YfvliZ3zsHMcdXOaIt4dnvXIe8wSogS8jrnDA=","cLunHzhvGfwnGSRgitcE2aQgFynzmRYl","legacyData"
"7072f0da-5665-4234-92a6-a3c9148880a2","MLBS_072.basePlot.vst","2015-10-01","vst_MLBS_2015","D07","MLBS","MLBS_072",,"NEON.PLA.D07.MLBS.01320",,"small tree","Standing dead",9.3,130,,,,,,,"Mostly shaded",,,,,,,"xvXXx2YfvliZ3zsHMcdXOaIt4dnvXIe8wSogS8jrnDA=","cLunHzhvGfwnGSRgitcE2aQgFynzmRYl","legacyData"
"f76390e0-298d-48c5-889b-7a61c82bcd7d","MLBS_071.basePlot.vst","2015-10-01","vst_MLBS_2015","D07","MLBS","MLBS_071",,"NEON.PLA.D07.MLBS.01344",,"single bole tree","Live",22.6,130,,,,,,,"Partially shaded",,,,,,,"xvXXx2YfvliZ3zsHMcdXOaIt4dnvXIe8wSogS8jrnDA=","cLunHzhvGfwnGSRgitcE2aQgFynzmRYl","legacyData"
"d7a8ecaa-69a2-4bc5-8b74-262be9ba0590","MLBS_071.basePlot.vst","2015-10-01","vst_MLBS_2015","D07","MLBS","MLBS_071",,"NEON.PLA.D07.MLBS.01364",,"single bole tree","Live",33.0,130,,,,,,,"Partially shaded",,,,,,,"xvXXx2YfvliZ3zsHMcdXOaIt4dnvXIe8wSogS8jrnDA=","cLunHzhvGfwnGSRgitcE2aQgFynzmRYl","legacyData"
"2938ecc3-36b4-47e7-a7b7-ec0e244dfe5b","MLBS_070.basePlot.vst","2015-10-01","vst_MLBS_2015","D07","MLBS","MLBS_070",,"NEON.PLA.D07.MLBS.01273",,"single bole tree","Live",52.2,130,,,,,,,"Partially shaded",,,,,,,"xvXXx2YfvliZ3zsHMcdXOaIt4dnvXIe8wSogS8jrnDA=","cLunHzhvGfwnGSRgitcE2aQgFynzmRYl","legacyData"
"5f28fb7b-5619-44f4-bfee-886c63d96342","MLBS_070.basePlot.vst","2015-10-01","vst_MLBS_2015","D07","MLBS","MLBS_070",,"NEON.PLA.D07.MLBS.01245",,"small tree","Live",8.0,130,,,,,,,"Mostly shaded",,,,,,,"xvXXx2YfvliZ3zsHMcdXOaIt4dnvXIe8wSogS8jrnDA=","cLunHzhvGfwnGSRgitcE2aQgFynzmRYl","legacyData"
"50fe7bc1-bfba-4426-b9e2-51d161547227","MLBS_068.basePlot.vst","2015-10-01","vst_MLBS_2015","D07","MLBS","MLBS_068",,"NEON.PLA.D07.MLBS.01222",,"multi-bole tree","Live",32.2,130,,,,,,,"Partially shaded",,,,,,,"xvXXx2YfvliZ3zsHMcdXOaIt4dnvXIe8wSogS8jrnDA=","cLunHzhvGfwnGSRgitcE2aQgFynzmRYl","legacyData"
"3483be07-b510-4961-be12-b395fef178ab","MLBS_068.basePlot.vst","2015-10-01","vst_MLBS_2015","D07","MLBS","MLBS_068",,"NEON.PLA.D07.MLBS.01176",,"small tree","Standing dead",4.4,130,,,,,,,"Full shade",,,,,,,"xvXXx2YfvliZ3zsHMcdXOaIt4dnvXIe8wSogS8jrnDA=","cLunHzhvGfwnGSRgitcE2aQgFynzmRYl","legacyData"
"fd9c30d5-0bcc-4758-9b25-5314933e5e32","MLBS_071.basePlot.vst","2015-10-01","vst_MLBS_2015","D07","MLBS","MLBS_071",,"NEON.PLA.D07.MLBS.01397B",,,"Live",25.0,130,,,,,,,"Partially shaded",,,,,,,"xvXXx2YfvliZ3zsHMcdXOaIt4dnvXIe8wSogS8jrnDA=","cLunHzhvGfwnGSRgitcE2aQgFynzmRYl","legacyData"
"d3690a11-d840-43ab-a973-7961f23208d0","MLBS_071.basePlot.vst","2015-10-01","vst_MLBS_2015","D07","MLBS","MLBS_071",,"NEON.PLA.D07.MLBS.01349",,"small tree","Live",2.1,130,,,,,,,"Mostly shaded",,,,,,,"xvXXx2YfvliZ3zsHMcdXOaIt4dnvXIe8wSogS8jrnDA=","cLunHzhvGfwnGSRgitcE2aQgFynzmRYl","legacyData"
"9f370f72-3c8d-409f-bf93-4eb365baf6ba","MLBS_072.basePlot.vst","2015-10-01","vst_MLBS_2015","D07","MLBS","MLBS_072",,"NEON.PLA.D07.MLBS.01304",,"single bole tree","Live",37.2,130,,,,,,,"Partially shaded",,,,,,,"xvXXx2YfvliZ3zsHMcdXOaIt4dnvXIe8wSogS8jrnDA=","cLunHzhvGfwnGSRgitcE2aQgFynzmRYl","legacyData"
"eb194ed0-e693-453a-9aa0-950fa818586c","MLBS_072.basePlot.vst","2015-10-01","vst_MLBS_2015","D07","MLBS","MLBS_072",,"NEON.PLA.D07.MLBS.01315",,"single bole tree","Live",13.4,130,,,,,,,"Mostly shaded",,,,,,,"xvXXx2YfvliZ3zsHMcdXOaIt4dnvXIe8wSogS8jrnDA=","cLunHzhvGfwnGSRgitcE2aQgFynzmRYl","legacyData"
"d36887ba-f5e7-4068-955e-3a0fc6042f14","MLBS_068.basePlot.vst","2015-10-01","vst_MLBS_2015","D07","MLBS","MLBS_068",,"NEON.PLA.D07.MLBS.01149",,"single bole tree","Live",18.5,130,,,,,,,"Mostly shaded",,,,,,,"xvXXx2YfvliZ3zsHMcdXOaIt4dnvXIe8wSogS8jrnDA=","cLunHzhvGfwnGSRgitcE2aQgFynzmRYl","legacyData"
"9ba26d6a-640c-45ac-9fa7-5893cc5edc63","MLBS_068.basePlot.vst","2015-10-01","vst_MLBS_2015","D07","MLBS","MLBS_068",,"NEON.PLA.D07.MLBS.01151",,"small tree","Standing dead",5.9,130,,,,,,,"Mostly shaded",,,,,,,"xvXXx2YfvliZ3zsHMcdXOaIt4dnvXIe8wSogS8jrnDA=","cLunHzhvGfwnGSRgitcE2aQgFynzmRYl","legacyData"
"4b6c68d2-a8b3-4dab-b5ad-542b23ae0de3","MLBS_068.basePlot.vst","2015-10-01","vst_MLBS_2015","D07","MLBS","MLBS_068",,"NEON.PLA.D07.MLBS.01220",,"single shrub","Live",,,5.4,,,,5.7,4.7,"Mostly shaded","cylinder",,,,,,"xvXXx2YfvliZ3zsHMcdXOaIt4dnvXIe8wSogS8jrnDA=","cLunHzhvGfwnGSRgitcE2aQgFynzmRYl","legacyData"
"b3af0d03-bcb1-440e-ab2a-c59d9318bf9f","MLBS_068.basePlot.vst","2015-10-01","vst_MLBS_2015","D07","MLBS","MLBS_068",,"NEON.PLA.D07.MLBS.01202",,"multi-bole tree","Live",53.8,130,,,,,,,"Full sun",,,,,,,"xvXXx2YfvliZ3zsHMcdXOaIt4dnvXIe8wSogS8jrnDA=","cLunHzhvGfwnGSRgitcE2aQgFynzmRYl","legacyData"
"d037a459-8c1f-4b5e-85e7-3d21f370c9f7","MLBS_070.basePlot.vst","2015-10-01","vst_MLBS_2015","D07","MLBS","MLBS_070",,"NEON.PLA.D07.MLBS.01237",,"small tree","Live",4.0,130,,,,,,,"Full shade",,,,,,,"xvXXx2YfvliZ3zsHMcdXOaIt4dnvXIe8wSogS8jrnDA=","cLunHzhvGfwnGSRgitcE2aQgFynzmRYl","legacyData"
"26d93c54-4af7-4fc3-95d6-28dfb28b5532","MLBS_071.basePlot.vst","2015-10-01","vst_MLBS_2015","D07","MLBS","MLBS_071",,"NEON.PLA.D07.MLBS.01378A",,,"Live",32.4,130,,,,,,,"Partially shaded",,,,,,,"xvXXx2YfvliZ3zsHMcdXOaIt4dnvXIe8wSogS8jrnDA=","cLunHzhvGfwnGSRgitcE2aQgFynzmRYl","legacyData"
"bb66b397-4abb-42fd-8bc8-5fb2908930f5","MLBS_071.basePlot.vst","2015-10-01","vst_MLBS_2015","D07","MLBS","MLBS_071",,"NEON.PLA.D07.MLBS.01391",,"multi-bole tree","Live",38.8,130,,,,,,,"Partially shaded",,,,,,,"xvXXx2YfvliZ3zsHMcdXOaIt4dnvXIe8wSogS8jrnDA=","cLunHzhvGfwnGSRgitcE2aQgFynzmRYl","legacyData"
"63a402be-4d3f-4beb-8eed-bd24273d1249","MLBS_072.basePlot.vst","2015-10-01","vst_MLBS_2015","D07","MLBS","MLBS_072",,"NEON.PLA.D07.MLBS.01318",,"single bole tree","Live",41.2,130,,,,,,,"Partially shaded",,,,,,,"xvXXx2YfvliZ3zsHMcdXOaIt4dnvXIe8wSogS8jrnDA=","cLunHzhvGfwnGSRgitcE2aQgFynzmRYl","legacyData"
"2fca8b80-7155-4f5c-a01a-05a1fb71704c","MLBS_071.basePlot.vst","2015-10-01","vst_MLBS_2015","D07","MLBS","MLBS_071",,"NEON.PLA.D07.MLBS.01342",,"small tree","Live",5.4,130,,,,,,,"Mostly shaded",,,,,,,"xvXXx2YfvliZ3zsHMcdXOaIt4dnvXIe8wSogS8jrnDA=","cLunHzhvGfwnGSRgitcE2aQgFynzmRYl","legacyData"
"0bd0716a-ee5e-4d5b-b288-a55b6674a2ec","MLBS_068.basePlot.vst","2015-10-01","vst_MLBS_2015","D07","MLBS","MLBS_068",,"NEON.PLA.D07.MLBS.01207",,"small tree","Live",3.6,130,,,,,,,"Mostly shaded",,,,,,,"xvXXx2YfvliZ3zsHMcdXOaIt4dnvXIe8wSogS8jrnDA=","cLunHzhvGfwnGSRgitcE2aQgFynzmRYl","legacyData"
"ae89cb55-dacc-4357-86cc-c4a93dbee40f","MLBS_068.basePlot.vst","2015-10-01","vst_MLBS_2015","D07","MLBS","MLBS_068",,"NEON.PLA.D07.MLBS.01145",,"small tree","Live",2.6,130,,,,,,,"Full shade",,,,,,,"xvXXx2YfvliZ3zsHMcdXOaIt4dnvXIe8wSogS8jrnDA=","cLunHzhvGfwnGSRgitcE2aQgFynzmRYl","legacyData"
"3c4a0337-1846-4090-9831-139046ceda60","MLBS_071.basePlot.vst","2015-10-01","vst_MLBS_2015","D07","MLBS","MLBS_071",,"NEON.PLA.D07.MLBS.01408",,"small tree","Standing dead",2.4,130,,,,,,,"Mostly shaded",,,,,,,"xvXXx2YfvliZ3zsHMcdXOaIt4dnvXIe8wSogS8jrnDA=","cLunHzhvGfwnGSRgitcE2aQgFynzmRYl","legacyData"
"5df6dd05-802a-4d1c-9c32-33ca74d005b3","MLBS_070.basePlot.vst","2015-10-01","vst_MLBS_2015","D07","MLBS","MLBS_070",,"NEON.PLA.D07.MLBS.01239",,"small tree","Live",7.8,130,,,,,,,"Full shade",,,,,,,"xvXXx2YfvliZ3zsHMcdXOaIt4dnvXIe8wSogS8jrnDA=","cLunHzhvGfwnGSRgitcE2aQgFynzmRYl","legacyData"
"42f9207d-8b3e-4d70-a8ad-b1caa0a47e0a","MLBS_072.basePlot.vst","2015-10-01","vst_MLBS_2015","D07","MLBS","MLBS_072",,"NEON.PLA.D07.MLBS.01292",,"single bole tree","Live",24.0,130,,,,,,,"Partially shaded",,,,,,,"xvXXx2YfvliZ3zsHMcdXOaIt4dnvXIe8wSogS8jrnDA=","cLunHzhvGfwnGSRgitcE2aQgFynzmRYl","legacyData"
"ec189366-07ac-4e0a-9131-f4e62e086f0e","MLBS_068.basePlot.vst","2015-10-01","vst_MLBS_2015","D07","MLBS","MLBS_068",,"NEON.PLA.D07.MLBS.01136A",,,"Standing dead",15.5,130,,,,,,,"Mostly shaded",,,,,,,"xvXXx2YfvliZ3zsHMcdXOaIt4dnvXIe8wSogS8jrnDA=","cLunHzhvGfwnGSRgitcE2aQgFynzmRYl","legacyData"
"8ae9a5e9-32b0-4d66-a902-bd89c5a2e5d2","MLBS_072.basePlot.vst","2015-10-01","vst_MLBS_2015","D07","MLBS","MLBS_072",,"NEON.PLA.D07.MLBS.01331",,"single bole tree","Live",10.1,130,,,,,,,"Mostly shaded",,,,,,,"xvXXx2YfvliZ3zsHMcdXOaIt4dnvXIe8wSogS8jrnDA=","cLunHzhvGfwnGSRgitcE2aQgFynzmRYl","legacyData"
"2d41cca9-3fea-4419-9942-b0ab92ed9891","MLBS_071.basePlot.vst","2015-10-01","vst_MLBS_2015","D07","MLBS","MLBS_071",,"NEON.PLA.D07.MLBS.01397",,"multi-bole tree","Live",33.5,130,,,,,,,"Partially shaded",,,,,,,"xvXXx2YfvliZ3zsHMcdXOaIt4dnvXIe8wSogS8jrnDA=","cLunHzhvGfwnGSRgitcE2aQgFynzmRYl","legacyData"
"77c05c33-3436-44cc-b60e-c1e841b4360e","MLBS_072.basePlot.vst","2015-10-01","vst_MLBS_2015","D07","MLBS","MLBS_072",,"NEON.PLA.D07.MLBS.01297",,"single bole tree","Standing dead",14.4,130,,,,,,,"Mostly shaded",,,,,,,"xvXXx2YfvliZ3zsHMcdXOaIt4dnvXIe8wSogS8jrnDA=","cLunHzhvGfwnGSRgitcE2aQgFynzmRYl","legacyData"
"8b3bf6e6-ffe6-4889-a54e-a6ac37019d9e","MLBS_068.basePlot.vst","2015-10-01","vst_MLBS_2015","D07","MLBS","MLBS_068",,"NEON.PLA.D07.MLBS.01189",,"small tree","Live",8.5,130,,,,,,,"Mostly shaded",,,,,,,"xvXXx2YfvliZ3zsHMcdXOaIt4dnvXIe8wSogS8jrnDA=","cLunHzhvGfwnGSRgitcE2aQgFynzmRYl","legacyData"
"76e061cc-4ed9-44a7-b6d7-b38909218216","MLBS_072.basePlot.vst","2015-10-01","vst_MLBS_2015","D07","MLBS","MLBS_072",,"NEON.PLA.D07.MLBS.01325",,"single bole tree","Live",13.8,130,,,,,,,"Mostly shaded",,,,,,,"xvXXx2YfvliZ3zsHMcdXOaIt4dnvXIe8wSogS8jrnDA=","cLunHzhvGfwnGSRgitcE2aQgFynzmRYl","legacyData"
"b27300ee-b21b-4961-955d-d1194eb10855","MLBS_070.basePlot.vst","2015-10-01","vst_MLBS_2015","D07","MLBS","MLBS_070",,"NEON.PLA.D07.MLBS.01246",,"small tree","Live",8.1,130,,,,,,,"Full shade",,,,,,,"xvXXx2YfvliZ3zsHMcdXOaIt4dnvXIe8wSogS8jrnDA=","cLunHzhvGfwnGSRgitcE2aQgFynzmRYl","legacyData"
"02a49971-a10f-4f34-b7be-ed0bec072dee","MLBS_072.basePlot.vst","2015-10-01","vst_MLBS_2015","D07","MLBS","MLBS_072",,"NEON.PLA.D07.MLBS.01310",,"small tree","Live",1.2,130,,,,,,,"Mostly shaded",,,,,,,"xvXXx2YfvliZ3zsHMcdXOaIt4dnvXIe8wSogS8jrnDA=","cLunHzhvGfwnGSRgitcE2aQgFynzmRYl","legacyData"
"b1e40df2-079e-4286-9833-03559b15d607","MLBS_071.basePlot.vst","2015-10-01","vst_MLBS_2015","D07","MLBS","MLBS_071",,"NEON.PLA.D07.MLBS.01371",,"small tree","Live",4.7,130,,,,,,,"Mostly shaded",,,,,,,"xvXXx2YfvliZ3zsHMcdXOaIt4dnvXIe8wSogS8jrnDA=","cLunHzhvGfwnGSRgitcE2aQgFynzmRYl","legacyData"
"fdedcab3-94c3-4c96-9c19-ef3d1f5d170b","MLBS_068.basePlot.vst","2015-10-01","vst_MLBS_2015","D07","MLBS","MLBS_068",,"NEON.PLA.D07.MLBS.01152",,"small tree","Live",2.2,130,,,,,,,"Mostly shaded",,,,,,,"xvXXx2YfvliZ3zsHMcdXOaIt4dnvXIe8wSogS8jrnDA=","cLunHzhvGfwnGSRgitcE2aQgFynzmRYl","legacyData"
"26d1cc38-68b5-4667-8f64-764616462a15","MLBS_068.basePlot.vst","2015-10-01","vst_MLBS_2015","D07","MLBS","MLBS_068",,"NEON.PLA.D07.MLBS.01159",,"small tree","Live",8.8,130,,,,,,,"Mostly shaded",,,,,,,"xvXXx2YfvliZ3zsHMcdXOaIt4dnvXIe8wSogS8jrnDA=","cLunHzhvGfwnGSRgitcE2aQgFynzmRYl","legacyData"
"78c602e2-4834-4a0a-b247-03ec2df8012b","MLBS_071.basePlot.vst","2015-10-01","vst_MLBS_2015","D07","MLBS","MLBS_071",,"NEON.PLA.D07.MLBS.01399B",,,"Live",12.2,130,,,,,,,"Partially shaded",,,,,,,"xvXXx2YfvliZ3zsHMcdXOaIt4dnvXIe8wSogS8jrnDA=","cLunHzhvGfwnGSRgitcE2aQgFynzmRYl","legacyData"
"aee7d9b7-b8ff-4504-bbaf-bf5c29edb9ad","MLBS_071.basePlot.vst","2015-10-01","vst_MLBS_2015","D07","MLBS","MLBS_071",,"NEON.PLA.D07.MLBS.01347",,"single bole tree","Live",21.6,130,,,,,,,"Mostly shaded",,,,,,,"xvXXx2YfvliZ3zsHMcdXOaIt4dnvXIe8wSogS8jrnDA=","cLunHzhvGfwnGSRgitcE2aQgFynzmRYl","legacyData"
"95b38840-8a97-4556-ba9e-e73e9a7ba02c","MLBS_070.basePlot.vst","2015-10-01","vst_MLBS_2015","D07","MLBS","MLBS_070",,"NEON.PLA.D07.MLBS.01288",,"small tree","Live",4.5,130,,,,,,,"Full shade",,,,,,,"xvXXx2YfvliZ3zsHMcdXOaIt4dnvXIe8wSogS8jrnDA=","cLunHzhvGfwnGSRgitcE2aQgFynzmRYl","legacyData"
"38316c26-e3ec-4ffe-a43c-b1f7d1a4df70","MLBS_070.basePlot.vst","2015-10-01","vst_MLBS_2015","D07","MLBS","MLBS_070",,"NEON.PLA.D07.MLBS.01279",,"single bole tree","Live",13.8,130,,,,,,,"Mostly shaded",,,,,,,"xvXXx2YfvliZ3zsHMcdXOaIt4dnvXIe8wSogS8jrnDA=","cLunHzhvGfwnGSRgitcE2aQgFynzmRYl","legacyData"
"d5ef401e-6832-4342-a30d-9b8b8504c261","MLBS_071.basePlot.vst","2015-10-01","vst_MLBS_2015","D07","MLBS","MLBS_071",,"NEON.PLA.D07.MLBS.01376",,"small tree","Standing dead",2.9,130,,,,,,,"Mostly shaded",,,,,,,"xvXXx2YfvliZ3zsHMcdXOaIt4dnvXIe8wSogS8jrnDA=","cLunHzhvGfwnGSRgitcE2aQgFynzmRYl","legacyData"
"0f54d00a-c7e7-4c6f-8938-75fce23153e0","MLBS_070.basePlot.vst","2015-10-01","vst_MLBS_2015","D07","MLBS","MLBS_070",,"NEON.PLA.D07.MLBS.01227",,"small tree","Standing dead",8.4,130,,,,,,,"Full shade",,,,,,,"xvXXx2YfvliZ3zsHMcdXOaIt4dnvXIe8wSogS8jrnDA=","cLunHzhvGfwnGSRgitcE2aQgFynzmRYl","legacyData"
"cbae458b-e1c8-43aa-b404-b6afb2e96d27","MLBS_072.basePlot.vst","2015-10-01","vst_MLBS_2015","D07","MLBS","MLBS_072",,"NEON.PLA.D07.MLBS.01296",,"sapling","Live",1.4,10,,,,,,,"Mostly shaded",,,,,,,"xvXXx2YfvliZ3zsHMcdXOaIt4dnvXIe8wSogS8jrnDA=","cLunHzhvGfwnGSRgitcE2aQgFynzmRYl","legacyData"
"b63d32bb-db38-4ba6-b9b9-cf14f7a8c491","MLBS_070.basePlot.vst","2015-10-01","vst_MLBS_2015","D07","MLBS","MLBS_070",,"NEON.PLA.D07.MLBS.01264",,"single bole tree","Live",17.9,130,,,,,,,"Mostly shaded",,,,,,,"xvXXx2YfvliZ3zsHMcdXOaIt4dnvXIe8wSogS8jrnDA=","cLunHzhvGfwnGSRgitcE2aQgFynzmRYl","legacyData"
"802d78b0-e84e-43e7-88f9-03f8e7608260","MLBS_068.basePlot.vst","2015-10-01","vst_MLBS_2015","D07","MLBS","MLBS_068",,"NEON.PLA.D07.MLBS.01210A",,,"Live",15.1,130,,,,,,,"Partially shaded",,,,,,,"xvXXx2YfvliZ3zsHMcdXOaIt4dnvXIe8wSogS8jrnDA=","cLunHzhvGfwnGSRgitcE2aQgFynzmRYl","legacyData"
"f2f663a8-ca58-44e6-9529-9d4b3541f9f7","MLBS_071.basePlot.vst","2015-10-01","vst_MLBS_2015","D07","MLBS","MLBS_071",,"NEON.PLA.D07.MLBS.01351",,"multi-bole tree","Live",25.4,130,,,,,,,"Partially shaded",,,,,,,"xvXXx2YfvliZ3zsHMcdXOaIt4dnvXIe8wSogS8jrnDA=","cLunHzhvGfwnGSRgitcE2aQgFynzmRYl","legacyData"
"65563b02-5510-4300-aaf5-b685519f78d4","MLBS_071.basePlot.vst","2015-10-01","vst_MLBS_2015","D07","MLBS","MLBS_071",,"NEON.PLA.D07.MLBS.01352",,"single bole tree","Live",32.8,130,,,,,,,"Partially shaded",,,,,,,"xvXXx2YfvliZ3zsHMcdXOaIt4dnvXIe8wSogS8jrnDA=","cLunHzhvGfwnGSRgitcE2aQgFynzmRYl","legacyData"
"bb64c90c-8f19-4759-9e43-b11301957da3","MLBS_071.basePlot.vst","2015-10-01","vst_MLBS_2015","D07","MLBS","MLBS_071",,"NEON.PLA.D07.MLBS.01370",,"single bole tree","Live",22.1,130,,,,,,,"Partially shaded",,,,,,,"xvXXx2YfvliZ3zsHMcdXOaIt4dnvXIe8wSogS8jrnDA=","cLunHzhvGfwnGSRgitcE2aQgFynzmRYl","legacyData"
"a5535a87-d073-45b9-bb1b-efcd0e8c6964","MLBS_068.basePlot.vst","2015-10-01","vst_MLBS_2015","D07","MLBS","MLBS_068",,"NEON.PLA.D07.MLBS.01183",,"small tree","Standing dead",2.7,130,,,,,,,"Full shade",,,,,,,"xvXXx2YfvliZ3zsHMcdXOaIt4dnvXIe8wSogS8jrnDA=","cLunHzhvGfwnGSRgitcE2aQgFynzmRYl","legacyData"
"47a09ed9-b969-4977-9fff-71a139d44947","MLBS_070.basePlot.vst","2015-10-01","vst_MLBS_2015","D07","MLBS","MLBS_070",,"NEON.PLA.D07.MLBS.01233",,"small tree","Live",3.5,130,,,,,,,"Mostly shaded",,,,,,,"xvXXx2YfvliZ3zsHMcdXOaIt4dnvXIe8wSogS8jrnDA=","cLunHzhvGfwnGSRgitcE2aQgFynzmRYl","legacyData"
"ece782aa-a257-4ca2-a7b7-946cdf7a68e8","MLBS_068.basePlot.vst","2015-10-01","vst_MLBS_2015","D07","MLBS","MLBS_068",,"NEON.PLA.D07.MLBS.01134",,"small tree","Live",2.9,130,,,,,,,"Full shade",,,,,,,"xvXXx2YfvliZ3zsHMcdXOaIt4dnvXIe8wSogS8jrnDA=","cLunHzhvGfwnGSRgitcE2aQgFynzmRYl","legacyData"
"2803e748-3611-4884-bc4d-fd8a813e3f1c","MLBS_071.basePlot.vst","2015-10-01","vst_MLBS_2015","D07","MLBS","MLBS_071",,"NEON.PLA.D07.MLBS.01336",,"small tree","Live",4.0,130,,,,,,,"Full shade",,,,,,,"xvXXx2YfvliZ3zsHMcdXOaIt4dnvXIe8wSogS8jrnDA=","cLunHzhvGfwnGSRgitcE2aQgFynzmRYl","legacyData"
"a0794aa0-b6e3-4500-81c3-2dce3cbe65cd","MLBS_070.basePlot.vst","2015-10-01","vst_MLBS_2015","D07","MLBS","MLBS_070",,"NEON.PLA.D07.MLBS.01268",,"single bole tree","Live",26.6,130,,,,,,,"Partially shaded",,,,,,,"xvXXx2YfvliZ3zsHMcdXOaIt4dnvXIe8wSogS8jrnDA=","cLunHzhvGfwnGSRgitcE2aQgFynzmRYl","legacyData"
"a62e7eab-20fd-424a-a577-c6eb9685fbf5","MLBS_070.basePlot.vst","2015-10-01","vst_MLBS_2015","D07","MLBS","MLBS_070",,"NEON.PLA.D07.MLBS.01234",,"small tree","Live",3.5,130,,,,,,,"Full shade",,,,,,,"xvXXx2YfvliZ3zsHMcdXOaIt4dnvXIe8wSogS8jrnDA=","cLunHzhvGfwnGSRgitcE2aQgFynzmRYl","legacyData"
"f01ba86b-b2dd-409b-96fb-eb2f07138e89","MLBS_068.basePlot.vst","2015-10-01","vst_MLBS_2015","D07","MLBS","MLBS_068",,"NEON.PLA.D07.MLBS.01156A",,,"Live",27.6,130,,,,,,,"Partially shaded",,,,,,,"xvXXx2YfvliZ3zsHMcdXOaIt4dnvXIe8wSogS8jrnDA=","cLunHzhvGfwnGSRgitcE2aQgFynzmRYl","legacyData"
"eb8f141a-deb4-4c1f-a92e-10c2e054f0cb","MLBS_068.basePlot.vst","2015-10-01","vst_MLBS_2015","D07","MLBS","MLBS_068",,"NEON.PLA.D07.MLBS.01187C",,,"Live",25.6,130,,,,,,,"Partially shaded",,,,,,,"xvXXx2YfvliZ3zsHMcdXOaIt4dnvXIe8wSogS8jrnDA=","cLunHzhvGfwnGSRgitcE2aQgFynzmRYl","legacyData"
"ece544b0-c6cd-4e8d-8d7b-4ac2c4a67e6d","MLBS_068.basePlot.vst","2015-10-01","vst_MLBS_2015","D07","MLBS","MLBS_068",,"NEON.PLA.D07.MLBS.01166",,"single bole tree","Standing dead",18.1,130,,,,,,,"Mostly shaded",,,,,,,"xvXXx2YfvliZ3zsHMcdXOaIt4dnvXIe8wSogS8jrnDA=","cLunHzhvGfwnGSRgitcE2aQgFynzmRYl","legacyData"
"00b5f1ab-9a49-485b-b462-bbd2d0da12f2","MLBS_071.basePlot.vst","2015-10-01","vst_MLBS_2015","D07","MLBS","MLBS_071",,"NEON.PLA.D07.MLBS.01366",,"single bole tree","Live",43.4,130,,,,,,,"Partially shaded",,,,,,,"xvXXx2YfvliZ3zsHMcdXOaIt4dnvXIe8wSogS8jrnDA=","cLunHzhvGfwnGSRgitcE2aQgFynzmRYl","legacyData"
"47714a41-0001-4b97-af9e-2c9668483f72","MLBS_068.basePlot.vst","2015-10-01","vst_MLBS_2015","D07","MLBS","MLBS_068",,"NEON.PLA.D07.MLBS.01215",,"small tree","Live",9.9,130,,,,,,,"Mostly shaded",,,,,,,"xvXXx2YfvliZ3zsHMcdXOaIt4dnvXIe8wSogS8jrnDA=","cLunHzhvGfwnGSRgitcE2aQgFynzmRYl","legacyData"
"757462a7-1372-454c-93bc-86bef9284fff","MLBS_068.basePlot.vst","2015-10-01","vst_MLBS_2015","D07","MLBS","MLBS_068",,"NEON.PLA.D07.MLBS.01178",,"small tree","Standing dead",7.4,130,,,,,,,"Mostly shaded",,,,,,,"xvXXx2YfvliZ3zsHMcdXOaIt4dnvXIe8wSogS8jrnDA=","cLunHzhvGfwnGSRgitcE2aQgFynzmRYl","legacyData"
"94ee1162-a17f-400b-9b2c-f950e00f22dd","MLBS_072.basePlot.vst","2015-10-01","vst_MLBS_2015","D07","MLBS","MLBS_072",,"NEON.PLA.D07.MLBS.01316",,"single bole tree","Live",35.2,130,,,,,,,"Partially shaded",,,,,,,"xvXXx2YfvliZ3zsHMcdXOaIt4dnvXIe8wSogS8jrnDA=","cLunHzhvGfwnGSRgitcE2aQgFynzmRYl","legacyData"
"00a4a826-d739-47e8-8447-834f3f33d54c","MLBS_071.basePlot.vst","2015-10-01","vst_MLBS_2015","D07","MLBS","MLBS_071",,"NEON.PLA.D07.MLBS.01382",,"single bole tree","Live",29.0,130,,,,,,,"Partially shaded",,,,,,,"xvXXx2YfvliZ3zsHMcdXOaIt4dnvXIe8wSogS8jrnDA=","cLunHzhvGfwnGSRgitcE2aQgFynzmRYl","legacyData"
"81e4d6c1-4437-4ce4-aa90-5e765f02c7b6","MLBS_071.basePlot.vst","2015-10-01","vst_MLBS_2015","D07","MLBS","MLBS_071",,"NEON.PLA.D07.MLBS.01367",,"single bole tree","Live",26.8,130,,,,,,,"Partially shaded",,,,,,,"xvXXx2YfvliZ3zsHMcdXOaIt4dnvXIe8wSogS8jrnDA=","cLunHzhvGfwnGSRgitcE2aQgFynzmRYl","legacyData"
"55b71537-dc98-4fda-b609-1ea9cc25e644","MLBS_071.basePlot.vst","2015-10-01","vst_MLBS_2015","D07","MLBS","MLBS_071",,"NEON.PLA.D07.MLBS.01345",,"single bole tree","Live",26.0,130,,,,,,,"Partially shaded",,,,,,,"xvXXx2YfvliZ3zsHMcdXOaIt4dnvXIe8wSogS8jrnDA=","cLunHzhvGfwnGSRgitcE2aQgFynzmRYl","legacyData"
"d1fc1b0d-353a-4b79-8eee-46225595ab50","MLBS_068.basePlot.vst","2015-10-01","vst_MLBS_2015","D07","MLBS","MLBS_068",,"NEON.PLA.D07.MLBS.01174",,"single bole tree","Live",10.0,130,,,,,,,"Mostly shaded",,,,,,,"xvXXx2YfvliZ3zsHMcdXOaIt4dnvXIe8wSogS8jrnDA=","cLunHzhvGfwnGSRgitcE2aQgFynzmRYl","legacyData"
"f85a1df8-45fe-439b-aad7-fb9bd7cc0238","MLBS_070.basePlot.vst","2015-10-01","vst_MLBS_2015","D07","MLBS","MLBS_070",,"NEON.PLA.D07.MLBS.01228",,"single bole tree","Live",15.7,130,,,,,,,"Mostly shaded",,,,,,,"xvXXx2YfvliZ3zsHMcdXOaIt4dnvXIe8wSogS8jrnDA=","cLunHzhvGfwnGSRgitcE2aQgFynzmRYl","legacyData"
"d7a7a4d9-cdf0-44eb-852e-863f50938623","MLBS_068.basePlot.vst","2015-10-01","vst_MLBS_2015","D07","MLBS","MLBS_068",,"NEON.PLA.D07.MLBS.01211",,"small tree","Live",7.9,130,,,,,,,"Mostly shaded",,,,,,,"xvXXx2YfvliZ3zsHMcdXOaIt4dnvXIe8wSogS8jrnDA=","cLunHzhvGfwnGSRgitcE2aQgFynzmRYl","legacyData"
"5155fc3e-ae08-4a94-bac6-5badd891138a","MLBS_068.basePlot.vst","2015-10-01","vst_MLBS_2015","D07","MLBS","MLBS_068",,"NEON.PLA.D07.MLBS.01172",,"single bole tree","Live",37.9,130,,,,,,,"Partially shaded",,,,,,,"xvXXx2YfvliZ3zsHMcdXOaIt4dnvXIe8wSogS8jrnDA=","cLunHzhvGfwnGSRgitcE2aQgFynzmRYl","legacyData"
"b1207911-ed59-461a-b62b-a698ab98f076","MLBS_070.basePlot.vst","2015-10-01","vst_MLBS_2015","D07","MLBS","MLBS_070",,"NEON.PLA.D07.MLBS.01275",,"single bole tree","Live",15.5,130,,,,,,,"Mostly shaded",,,,,,,"xvXXx2YfvliZ3zsHMcdXOaIt4dnvXIe8wSogS8jrnDA=","cLunHzhvGfwnGSRgitcE2aQgFynzmRYl","legacyData"
"7a17dfe0-513f-43b8-b536-b01d85992d4a","MLBS_072.basePlot.vst","2015-10-01","vst_MLBS_2015","D07","MLBS","MLBS_072",,"NEON.PLA.D07.MLBS.01330",,"single bole tree","Live",29.7,130,,,,,,,"Partially shaded",,,,,,,"xvXXx2YfvliZ3zsHMcdXOaIt4dnvXIe8wSogS8jrnDA=","cLunHzhvGfwnGSRgitcE2aQgFynzmRYl","legacyData"
"dce191a3-0653-4b24-9593-292374241527","MLBS_068.basePlot.vst","2015-10-01","vst_MLBS_2015","D07","MLBS","MLBS_068",,"NEON.PLA.D07.MLBS.01160",,"multi-bole tree","Live",22.0,130,,,,,,,"Partially shaded",,,,,,,"xvXXx2YfvliZ3zsHMcdXOaIt4dnvXIe8wSogS8jrnDA=","cLunHzhvGfwnGSRgitcE2aQgFynzmRYl","legacyData"
"1a0e5abb-5555-4cab-af85-cc003f518544","MLBS_068.basePlot.vst","2015-10-01","vst_MLBS_2015","D07","MLBS","MLBS_068",,"NEON.PLA.D07.MLBS.01171",,"single bole tree","Live",12.0,130,,,,,,,"Mostly shaded",,,,,,,"xvXXx2YfvliZ3zsHMcdXOaIt4dnvXIe8wSogS8jrnDA=","cLunHzhvGfwnGSRgitcE2aQgFynzmRYl","legacyData"
"903cc753-0671-426d-964b-d9bbc0cf2fe2","MLBS_070.basePlot.vst","2015-10-01","vst_MLBS_2015","D07","MLBS","MLBS_070",,"NEON.PLA.D07.MLBS.01272",,"small tree","Live",5.5,130,,,,,,,"Mostly shaded",,,,,,,"xvXXx2YfvliZ3zsHMcdXOaIt4dnvXIe8wSogS8jrnDA=","cLunHzhvGfwnGSRgitcE2aQgFynzmRYl","legacyData"
"5c315587-32c1-4501-b98f-f2031515f808","MLBS_068.basePlot.vst","2015-10-01","vst_MLBS_2015","D07","MLBS","MLBS_068",,"NEON.PLA.D07.MLBS.01184",,"small tree","Live",5.2,130,,,,,,,"Mostly shaded",,,,,,,"xvXXx2YfvliZ3zsHMcdXOaIt4dnvXIe8wSogS8jrnDA=","cLunHzhvGfwnGSRgitcE2aQgFynzmRYl","legacyData"
"218837a4-6afc-40b5-b8db-08eb7b1889e4","MLBS_072.basePlot.vst","2015-10-01","vst_MLBS_2015","D07","MLBS","MLBS_072",,"NEON.PLA.D07.MLBS.01293",,"sapling","Live",1.7,10,,,,,,,"Mostly shaded",,,,,,,"xvXXx2YfvliZ3zsHMcdXOaIt4dnvXIe8wSogS8jrnDA=","cLunHzhvGfwnGSRgitcE2aQgFynzmRYl","legacyData"
"2d4ce70b-99d8-41c0-bc30-aca8f86774c6","MLBS_071.basePlot.vst","2015-10-01","vst_MLBS_2015","D07","MLBS","MLBS_071",,"NEON.PLA.D07.MLBS.01388",,"single bole tree","Live",12.2,130,,,,,,,"Full shade",,,,,,,"xvXXx2YfvliZ3zsHMcdXOaIt4dnvXIe8wSogS8jrnDA=","cLunHzhvGfwnGSRgitcE2aQgFynzmRYl","legacyData"
"ab2f63c5-3333-49f2-aa7f-dcf2b7faa313","MLBS_071.basePlot.vst","2015-10-01","vst_MLBS_2015","D07","MLBS","MLBS_071",,"NEON.PLA.D07.MLBS.01343",,"single shrub","Live",,,5.7,,,,5.4,5.3,"Mostly shaded","half-sphere",,,,,,"xvXXx2YfvliZ3zsHMcdXOaIt4dnvXIe8wSogS8jrnDA=","cLunHzhvGfwnGSRgitcE2aQgFynzmRYl","legacyData"
"c4b6136c-cccf-464e-ba73-d4787e511ef6","MLBS_071.basePlot.vst","2015-10-01","vst_MLBS_2015","D07","MLBS","MLBS_071",,"NEON.PLA.D07.MLBS.01361",,"single bole tree","Live",32.3,130,,,,,,,"Partially shaded",,,,,,,"xvXXx2YfvliZ3zsHMcdXOaIt4dnvXIe8wSogS8jrnDA=","cLunHzhvGfwnGSRgitcE2aQgFynzmRYl","legacyData"
"ff31299c-ef20-40f1-98b8-448e201bb87e","MLBS_068.basePlot.vst","2015-10-01","vst_MLBS_2015","D07","MLBS","MLBS_068",,"NEON.PLA.D07.MLBS.01218",,"single bole tree","Live",17.5,130,,,,,,,"Mostly shaded",,,,,,,"xvXXx2YfvliZ3zsHMcdXOaIt4dnvXIe8wSogS8jrnDA=","cLunHzhvGfwnGSRgitcE2aQgFynzmRYl","legacyData"
"25e2a8a1-03c9-4f08-8e2c-696dfe9c8e15","MLBS_070.basePlot.vst","2015-10-01","vst_MLBS_2015","D07","MLBS","MLBS_070",,"NEON.PLA.D07.MLBS.01232",,"small tree","Live",5.1,130,,,,,,,"Mostly shaded",,,,,,,"xvXXx2YfvliZ3zsHMcdXOaIt4dnvXIe8wSogS8jrnDA=","cLunHzhvGfwnGSRgitcE2aQgFynzmRYl","legacyData"
"9b44a3a0-0174-4d10-b8ff-10a66f52d558","MLBS_071.basePlot.vst","2015-10-01","vst_MLBS_2015","D07","MLBS","MLBS_071",,"NEON.PLA.D07.MLBS.01409",,"single shrub","Live",,,4.1,,,,4.6,4.6,"Mostly shaded","half-sphere",,,,,,"xvXXx2YfvliZ3zsHMcdXOaIt4dnvXIe8wSogS8jrnDA=","cLunHzhvGfwnGSRgitcE2aQgFynzmRYl","legacyData"
"b5317a5e-6579-48e6-a201-9dfcaefb989e","MLBS_070.basePlot.vst","2015-10-01","vst_MLBS_2015","D07","MLBS","MLBS_070",,"NEON.PLA.D07.MLBS.01252",,"single bole tree","Live",34.9,130,,,,,,,"Partially shaded",,,,,,,"xvXXx2YfvliZ3zsHMcdXOaIt4dnvXIe8wSogS8jrnDA=","cLunHzhvGfwnGSRgitcE2aQgFynzmRYl","legacyData"
"1591ef92-1096-4926-8ae0-b748fdb0cda7","MLBS_068.basePlot.vst","2015-10-01","vst_MLBS_2015","D07","MLBS","MLBS_068",,"NEON.PLA.D07.MLBS.01187B",,,"Live",27.0,130,,,,,,,"Partially shaded",,,,,,,"xvXXx2YfvliZ3zsHMcdXOaIt4dnvXIe8wSogS8jrnDA=","cLunHzhvGfwnGSRgitcE2aQgFynzmRYl","legacyData"
"019dc09a-74b7-4631-a3a3-84e3eb3b5972","MLBS_072.basePlot.vst","2015-10-01","vst_MLBS_2015","D07","MLBS","MLBS_072",,"NEON.PLA.D07.MLBS.01317",,"multi-bole tree","Live",38.6,130,,,,,,,"Partially shaded",,,,,,,"xvXXx2YfvliZ3zsHMcdXOaIt4dnvXIe8wSogS8jrnDA=","cLunHzhvGfwnGSRgitcE2aQgFynzmRYl","legacyData"
"1f8c1cc3-bf19-4a85-9c1c-1dd7d8056bd7","MLBS_072.basePlot.vst","2015-10-01","vst_MLBS_2015","D07","MLBS","MLBS_072",,"NEON.PLA.D07.MLBS.01321",,"small tree","Standing dead",4.7,130,,,,,,,"Full shade",,,,,,,"xvXXx2YfvliZ3zsHMcdXOaIt4dnvXIe8wSogS8jrnDA=","cLunHzhvGfwnGSRgitcE2aQgFynzmRYl","legacyData"
"71abc0ae-4c0f-4253-a8c0-a9282a166111","MLBS_068.basePlot.vst","2015-10-01","vst_MLBS_2015","D07","MLBS","MLBS_068",,"NEON.PLA.D07.MLBS.01203",,"small tree","Live",6.4,130,,,,,,,"Full shade",,,,,,,"xvXXx2YfvliZ3zsHMcdXOaIt4dnvXIe8wSogS8jrnDA=","cLunHzhvGfwnGSRgitcE2aQgFynzmRYl","legacyData"
"c67728aa-ee74-4b61-99f1-cde88149de22","MLBS_068.basePlot.vst","2015-10-01","vst_MLBS_2015","D07","MLBS","MLBS_068",,"NEON.PLA.D07.MLBS.01225A",,,"Live",13.7,130,,,,,,,"Mostly shaded",,,,,,,"xvXXx2YfvliZ3zsHMcdXOaIt4dnvXIe8wSogS8jrnDA=","cLunHzhvGfwnGSRgitcE2aQgFynzmRYl","legacyData"
"d2b82f10-f761-4e17-8814-82b68af40f9f","MLBS_068.basePlot.vst","2015-10-01","vst_MLBS_2015","D07","MLBS","MLBS_068",,"NEON.PLA.D07.MLBS.01187A",,,"Live",29.0,130,,,,,,,"Partially shaded",,,,,,,"xvXXx2YfvliZ3zsHMcdXOaIt4dnvXIe8wSogS8jrnDA=","cLunHzhvGfwnGSRgitcE2aQgFynzmRYl","legacyData"
"bf3407dd-bd12-4c5c-9fa8-5cbd733b0681","MLBS_068.basePlot.vst","2015-10-01","vst_MLBS_2015","D07","MLBS","MLBS_068",,"NEON.PLA.D07.MLBS.01147",,"single bole tree","Live",15.3,130,,,,,,,"Mostly shaded",,,,,,,"xvXXx2YfvliZ3zsHMcdXOaIt4dnvXIe8wSogS8jrnDA=","cLunHzhvGfwnGSRgitcE2aQgFynzmRYl","legacyData"
"dec18bed-ef96-4abe-ab70-bbe98fa3bdc9","MLBS_071.basePlot.vst","2015-10-01","vst_MLBS_2015","D07","MLBS","MLBS_071",,"NEON.PLA.D07.MLBS.01393",,"single bole tree","Live",14.4,130,,,,,,,"Mostly shaded",,,,,,,"xvXXx2YfvliZ3zsHMcdXOaIt4dnvXIe8wSogS8jrnDA=","cLunHzhvGfwnGSRgitcE2aQgFynzmRYl","legacyData"
"6b2d0e71-4628-4b83-8079-d60f73b570cc","MLBS_072.basePlot.vst","2015-10-01","vst_MLBS_2015","D07","MLBS","MLBS_072",,"NEON.PLA.D07.MLBS.01298",,"multi-bole tree","Live",31.3,130,,,,,,,"Partially shaded",,,,,,,"xvXXx2YfvliZ3zsHMcdXOaIt4dnvXIe8wSogS8jrnDA=","cLunHzhvGfwnGSRgitcE2aQgFynzmRYl","legacyData"
"e7241963-f2ba-4d20-9288-6393167daf00","MLBS_068.basePlot.vst","2015-10-01","vst_MLBS_2015","D07","MLBS","MLBS_068",,"NEON.PLA.D07.MLBS.01192A",,,"Live",25.1,130,,,,,,,"Partially shaded",,,,,,,"xvXXx2YfvliZ3zsHMcdXOaIt4dnvXIe8wSogS8jrnDA=","cLunHzhvGfwnGSRgitcE2aQgFynzmRYl","legacyData"
"6d1ef9db-9856-4983-ba37-8095cc6cd98d","MLBS_070.basePlot.vst","2015-10-01","vst_MLBS_2015","D07","MLBS","MLBS_070",,"NEON.PLA.D07.MLBS.01263",,"single bole tree","Live",32.2,130,,,,,,,"Mostly shaded",,,,,,,"xvXXx2YfvliZ3zsHMcdXOaIt4dnvXIe8wSogS8jrnDA=","cLunHzhvGfwnGSRgitcE2aQgFynzmRYl","legacyData"
"4c109ea4-8d76-4442-947f-e5e37ba3a02c","MLBS_068.basePlot.vst","2015-10-01","vst_MLBS_2015","D07","MLBS","MLBS_068",,"NEON.PLA.D07.MLBS.01208",,"multi-bole tree","Live",25.7,130,,,,,,,"Partially shaded",,,,,,,"xvXXx2YfvliZ3zsHMcdXOaIt4dnvXIe8wSogS8jrnDA=","cLunHzhvGfwnGSRgitcE2aQgFynzmRYl","legacyData"
"dde7eaf5-8297-41d7-8279-ecf2584e92f0","MLBS_071.basePlot.vst","2015-10-01","vst_MLBS_2015","D07","MLBS","MLBS_071",,"NEON.PLA.D07.MLBS.01390",,"multi-bole tree","Live",31.4,130,,,,,,,"Partially shaded",,,,,,,"xvXXx2YfvliZ3zsHMcdXOaIt4dnvXIe8wSogS8jrnDA=","cLunHzhvGfwnGSRgitcE2aQgFynzmRYl","legacyData"
"003b179f-fdef-461f-85ca-8fc3fbff5477","MLBS_071.basePlot.vst","2015-10-01","vst_MLBS_2015","D07","MLBS","MLBS_071",,"NEON.PLA.D07.MLBS.01385",,"small tree","Live",9.0,130,,,,,,,"Mostly shaded",,,,,,,"xvXXx2YfvliZ3zsHMcdXOaIt4dnvXIe8wSogS8jrnDA=","cLunHzhvGfwnGSRgitcE2aQgFynzmRYl","legacyData"
"7ca97c4f-1299-4db8-9151-97c6b4602603","MLBS_068.basePlot.vst","2015-10-01","vst_MLBS_2015","D07","MLBS","MLBS_068",,"NEON.PLA.D07.MLBS.01210",,"multi-bole tree","Live",19.7,130,,,,,,,"Partially shaded",,,,,,,"xvXXx2YfvliZ3zsHMcdXOaIt4dnvXIe8wSogS8jrnDA=","cLunHzhvGfwnGSRgitcE2aQgFynzmRYl","legacyData"
"0f31fbae-ff44-4302-9f06-ce3d589e47ff","MLBS_068.basePlot.vst","2015-10-01","vst_MLBS_2015","D07","MLBS","MLBS_068",,"NEON.PLA.D07.MLBS.01213",,"single bole tree","Live",21.8,130,,,,,,,"Partially shaded",,,,,,,"xvXXx2YfvliZ3zsHMcdXOaIt4dnvXIe8wSogS8jrnDA=","cLunHzhvGfwnGSRgitcE2aQgFynzmRYl","legacyData"
"e08ea48b-84f5-425b-96ad-6abf68d695e0","MLBS_068.basePlot.vst","2015-10-01","vst_MLBS_2015","D07","MLBS","MLBS_068",,"NEON.PLA.D07.MLBS.01192",,"multi-bole tree","Live",28.2,130,,,,,,,"Partially shaded",,,,,,,"xvXXx2YfvliZ3zsHMcdXOaIt4dnvXIe8wSogS8jrnDA=","cLunHzhvGfwnGSRgitcE2aQgFynzmRYl","legacyData"
"7db965ec-4f0f-48c2-be64-75724e3ba4b3","MLBS_070.basePlot.vst","2015-10-01","vst_MLBS_2015","D07","MLBS","MLBS_070",,"NEON.PLA.D07.MLBS.01249",,"small tree","Live",7.3,130,,,,,,,"Full shade",,,,,,,"xvXXx2YfvliZ3zsHMcdXOaIt4dnvXIe8wSogS8jrnDA=","cLunHzhvGfwnGSRgitcE2aQgFynzmRYl","legacyData"
"f9928aee-6efc-4766-ae9d-44d14c68d23c","MLBS_068.basePlot.vst","2015-10-01","vst_MLBS_2015","D07","MLBS","MLBS_068",,"NEON.PLA.D07.MLBS.01164",,"small tree","Standing dead",2.8,130,,,,,,,"Full shade",,,,,,,"xvXXx2YfvliZ3zsHMcdXOaIt4dnvXIe8wSogS8jrnDA=","cLunHzhvGfwnGSRgitcE2aQgFynzmRYl","legacyData"
"7b45b14d-52ff-4bd4-a4aa-488403fed17a","MLBS_070.basePlot.vst","2015-10-01","vst_MLBS_2015","D07","MLBS","MLBS_070",,"NEON.PLA.D07.MLBS.01283",,"sapling","Live",1.4,10,,,,,,,"Full shade",,,,,,,"xvXXx2YfvliZ3zsHMcdXOaIt4dnvXIe8wSogS8jrnDA=","cLunHzhvGfwnGSRgitcE2aQgFynzmRYl","legacyData"
"c4ba0651-1a4e-484d-a2ae-daa4469e3eab","MLBS_071.basePlot.vst","2015-10-01","vst_MLBS_2015","D07","MLBS","MLBS_071",,"NEON.PLA.D07.MLBS.01374A",,,"Live",22.5,130,,,,,,,"Partially shaded",,,,,,,"xvXXx2YfvliZ3zsHMcdXOaIt4dnvXIe8wSogS8jrnDA=","cLunHzhvGfwnGSRgitcE2aQgFynzmRYl","legacyData"
"b0170fec-fa7e-47d2-8989-cc66fe341b6b","MLBS_071.basePlot.vst","2015-10-01","vst_MLBS_2015","D07","MLBS","MLBS_071",,"NEON.PLA.D07.MLBS.01389",,"multi-bole tree","Live",13.1,130,,,,,,,"Mostly shaded",,,,,,,"xvXXx2YfvliZ3zsHMcdXOaIt4dnvXIe8wSogS8jrnDA=","cLunHzhvGfwnGSRgitcE2aQgFynzmRYl","legacyData"
"edd88128-259b-4b8f-8cdd-18514d5ac2e1","MLBS_070.basePlot.vst","2015-10-01","vst_MLBS_2015","D07","MLBS","MLBS_070",,"NEON.PLA.D07.MLBS.01254",,"small tree","Live",6.4,130,,,,,,,"Full shade",,,,,,,"xvXXx2YfvliZ3zsHMcdXOaIt4dnvXIe8wSogS8jrnDA=","cLunHzhvGfwnGSRgitcE2aQgFynzmRYl","legacyData"
"e6b67e1c-1f6f-4cb2-9318-ffcca58d1b46","MLBS_072.basePlot.vst","2015-10-01","vst_MLBS_2015","D07","MLBS","MLBS_072",,"NEON.PLA.D07.MLBS.01328",,"single bole tree","Standing dead",15.0,130,,,,,,,"Mostly shaded",,,,,,,"xvXXx2YfvliZ3zsHMcdXOaIt4dnvXIe8wSogS8jrnDA=","cLunHzhvGfwnGSRgitcE2aQgFynzmRYl","legacyData"
"d920d00e-05e6-4c0e-92da-a42dafff61b7","MLBS_071.basePlot.vst","2015-10-01","vst_MLBS_2015","D07","MLBS","MLBS_071",,"NEON.PLA.D07.MLBS.01356",,"multi-bole tree","Live",22.2,130,,,,,,,"Partially shaded",,,,,,,"xvXXx2YfvliZ3zsHMcdXOaIt4dnvXIe8wSogS8jrnDA=","cLunHzhvGfwnGSRgitcE2aQgFynzmRYl","legacyData"
"cff29631-edf2-4d9d-99fd-77740d0ae581","MLBS_070.basePlot.vst","2015-10-01","vst_MLBS_2015","D07","MLBS","MLBS_070",,"NEON.PLA.D07.MLBS.01277",,"single bole tree","Live",38.5,130,,,,,,,"Partially shaded",,,,,,,"xvXXx2YfvliZ3zsHMcdXOaIt4dnvXIe8wSogS8jrnDA=","cLunHzhvGfwnGSRgitcE2aQgFynzmRYl","legacyData"
"b969f26b-ac17-4b2a-a781-2895910eae0a","MLBS_068.basePlot.vst","2015-10-01","vst_MLBS_2015","D07","MLBS","MLBS_068",,"NEON.PLA.D07.MLBS.01175",,"single bole tree","Live",15.3,130,,,,,,,"Mostly shaded",,,,,,,"xvXXx2YfvliZ3zsHMcdXOaIt4dnvXIe8wSogS8jrnDA=","cLunHzhvGfwnGSRgitcE2aQgFynzmRYl","legacyData"
"2bccd7e8-7f68-412a-9503-ce350f20dffb","MLBS_068.basePlot.vst","2015-10-01","vst_MLBS_2015","D07","MLBS","MLBS_068",,"NEON.PLA.D07.MLBS.01217",,"sapling","Live",1.5,10,,,,,,,"Full shade",,,,,,,"xvXXx2YfvliZ3zsHMcdXOaIt4dnvXIe8wSogS8jrnDA=","cLunHzhvGfwnGSRgitcE2aQgFynzmRYl","legacyData"
"ff4c5577-01a8-4357-8e9a-dc1ffadeb4e3","MLBS_068.basePlot.vst","2015-10-01","vst_MLBS_2015","D07","MLBS","MLBS_068",,"NEON.PLA.D07.MLBS.01137",,"single bole tree","Standing dead",15.7,130,,,,,,,"Mostly shaded",,,,,,,"xvXXx2YfvliZ3zsHMcdXOaIt4dnvXIe8wSogS8jrnDA=","cLunHzhvGfwnGSRgitcE2aQgFynzmRYl","legacyData"
"69118ec4-e461-474f-b639-0d6463dfa587","MLBS_070.basePlot.vst","2015-10-01","vst_MLBS_2015","D07","MLBS","MLBS_070",,"NEON.PLA.D07.MLBS.01274",,"single bole tree","Live",52.6,130,,,,,,,"Partially shaded",,,,,,,"xvXXx2YfvliZ3zsHMcdXOaIt4dnvXIe8wSogS8jrnDA=","cLunHzhvGfwnGSRgitcE2aQgFynzmRYl","legacyData"
"26080908-fc45-4015-bddd-23ae0cfcf852","MLBS_071.basePlot.vst","2015-10-01","vst_MLBS_2015","D07","MLBS","MLBS_071",,"NEON.PLA.D07.MLBS.01362",,"multi-bole tree","Live",33.3,130,,,,,,,"Partially shaded",,,,,,,"xvXXx2YfvliZ3zsHMcdXOaIt4dnvXIe8wSogS8jrnDA=","cLunHzhvGfwnGSRgitcE2aQgFynzmRYl","legacyData"
"aaf1319e-b1f5-4032-a574-595215cc6678","MLBS_068.basePlot.vst","2015-10-01","vst_MLBS_2015","D07","MLBS","MLBS_068",,"NEON.PLA.D07.MLBS.01177",,"small tree","Live",3.0,130,,,,,,,"Full shade",,,,,,,"xvXXx2YfvliZ3zsHMcdXOaIt4dnvXIe8wSogS8jrnDA=","cLunHzhvGfwnGSRgitcE2aQgFynzmRYl","legacyData"
"9fb7021f-e6b3-4bf7-8100-588ca106a0de","MLBS_072.basePlot.vst","2015-10-01","vst_MLBS_2015","D07","MLBS","MLBS_072",,"NEON.PLA.D07.MLBS.01306",,"multi-bole tree","Live",26.8,130,,,,,,,"Partially shaded",,,,,,,"xvXXx2YfvliZ3zsHMcdXOaIt4dnvXIe8wSogS8jrnDA=","cLunHzhvGfwnGSRgitcE2aQgFynzmRYl","legacyData"
"d70ac54c-48ed-4d77-8a0c-7560bda83da4","MLBS_071.basePlot.vst","2015-10-01","vst_MLBS_2015","D07","MLBS","MLBS_071",,"NEON.PLA.D07.MLBS.01341",,"small tree","Standing dead",7.4,130,,,,,,,"Full shade",,,,,,,"xvXXx2YfvliZ3zsHMcdXOaIt4dnvXIe8wSogS8jrnDA=","cLunHzhvGfwnGSRgitcE2aQgFynzmRYl","legacyData"
"7fc64b72-4ef7-49ed-aef0-ac9315ee468d","MLBS_070.basePlot.vst","2015-10-01","vst_MLBS_2015","D07","MLBS","MLBS_070",,"NEON.PLA.D07.MLBS.01236",,"single bole tree","Live",10.8,130,,,,,,,"Mostly shaded",,,,,,,"xvXXx2YfvliZ3zsHMcdXOaIt4dnvXIe8wSogS8jrnDA=","cLunHzhvGfwnGSRgitcE2aQgFynzmRYl","legacyData"
"92b0dd9e-3d76-4435-aff1-f83f13b167fe","MLBS_071.basePlot.vst","2015-10-01","vst_MLBS_2015","D07","MLBS","MLBS_071",,"NEON.PLA.D07.MLBS.01397D",,,"Live",17.5,130,,,,,,,"Partially shaded",,,,,,,"xvXXx2YfvliZ3zsHMcdXOaIt4dnvXIe8wSogS8jrnDA=","cLunHzhvGfwnGSRgitcE2aQgFynzmRYl","legacyData"
"eda180c1-3e5a-4c33-aa10-3da91784fc5b","MLBS_071.basePlot.vst","2015-10-01","vst_MLBS_2015","D07","MLBS","MLBS_071",,"NEON.PLA.D07.MLBS.01337",,"single shrub","Live",,,5.1,,,,6.1,4.3,"Mostly shaded","half-sphere",,,,,,"xvXXx2YfvliZ3zsHMcdXOaIt4dnvXIe8wSogS8jrnDA=","cLunHzhvGfwnGSRgitcE2aQgFynzmRYl","legacyData"
"e91ef124-34ed-4f48-bef3-4b0aceeadd8c","MLBS_068.basePlot.vst","2015-10-01","vst_MLBS_2015","D07","MLBS","MLBS_068",,"NEON.PLA.D07.MLBS.01222A",,,"Live",19.9,130,,,,,,,"Partially shaded",,,,,,,"xvXXx2YfvliZ3zsHMcdXOaIt4dnvXIe8wSogS8jrnDA=","cLunHzhvGfwnGSRgitcE2aQgFynzmRYl","legacyData"
"b5860541-0994-418d-9cba-9c64f137f55d","MLBS_070.basePlot.vst","2015-10-01","vst_MLBS_2015","D07","MLBS","MLBS_070",,"NEON.PLA.D07.MLBS.01287",,"single bole tree","Live",16.8,130,,,,,,,"Mostly shaded",,,,,,,"xvXXx2YfvliZ3zsHMcdXOaIt4dnvXIe8wSogS8jrnDA=","cLunHzhvGfwnGSRgitcE2aQgFynzmRYl","legacyData"
"1870f24d-a7e9-4462-9670-cc58fd9cbf08","MLBS_071.basePlot.vst","2015-10-01","vst_MLBS_2015","D07","MLBS","MLBS_071",,"NEON.PLA.D07.MLBS.01398A",,,"Standing dead",24.1,130,,,,,,,"Partially shaded",,,,,,,"xvXXx2YfvliZ3zsHMcdXOaIt4dnvXIe8wSogS8jrnDA=","cLunHzhvGfwnGSRgitcE2aQgFynzmRYl","legacyData"
"6e20f21b-d262-4d27-b607-ed6e7b97713d","MLBS_071.basePlot.vst","2015-10-01","vst_MLBS_2015","D07","MLBS","MLBS_071",,"NEON.PLA.D07.MLBS.01348",,"small tree","Live",4.7,130,,,,,,,"Mostly shaded",,,,,,,"xvXXx2YfvliZ3zsHMcdXOaIt4dnvXIe8wSogS8jrnDA=","cLunHzhvGfwnGSRgitcE2aQgFynzmRYl","legacyData"
"5804cb4f-f11d-4397-bf47-c09e95015cda","MLBS_071.basePlot.vst","2015-10-01","vst_MLBS_2015","D07","MLBS","MLBS_071",,"NEON.PLA.D07.MLBS.01379",,"single bole tree","Standing dead",13.3,130,,,,,,,"Mostly shaded",,,,,,,"xvXXx2YfvliZ3zsHMcdXOaIt4dnvXIe8wSogS8jrnDA=","cLunHzhvGfwnGSRgitcE2aQgFynzmRYl","legacyData"
"4d87c337-466b-47fe-9f21-5aee2f49d136","MLBS_071.basePlot.vst","2015-10-01","vst_MLBS_2015","D07","MLBS","MLBS_071",,"NEON.PLA.D07.MLBS.01381",,"single shrub","Live",,,5.0,,,,6.1,4.2,"Mostly shaded","half-sphere",,,,,,"xvXXx2YfvliZ3zsHMcdXOaIt4dnvXIe8wSogS8jrnDA=","cLunHzhvGfwnGSRgitcE2aQgFynzmRYl","legacyData"
"6c4299ac-98e3-403c-8cae-05b1ab5b9671","MLBS_070.basePlot.vst","2015-10-01","vst_MLBS_2015","D07","MLBS","MLBS_070",,"NEON.PLA.D07.MLBS.01270",,"small tree","Live",7.7,130,,,,,,,"Mostly shaded",,,,,,,"xvXXx2YfvliZ3zsHMcdXOaIt4dnvXIe8wSogS8jrnDA=","cLunHzhvGfwnGSRgitcE2aQgFynzmRYl","legacyData"
"e56a1555-68af-4786-befa-69f87daaf70f","MLBS_072.basePlot.vst","2015-10-01","vst_MLBS_2015","D07","MLBS","MLBS_072",,"NEON.PLA.D07.MLBS.01314",,"single bole tree","Live",18.7,130,,,,,,,"Partially shaded",,,,,,,"xvXXx2YfvliZ3zsHMcdXOaIt4dnvXIe8wSogS8jrnDA=","cLunHzhvGfwnGSRgitcE2aQgFynzmRYl","legacyData"
"8fcd68ff-234f-4e6e-a0d5-6c6e0e6d1b78","MLBS_070.basePlot.vst","2015-10-01","vst_MLBS_2015","D07","MLBS","MLBS_070",,"NEON.PLA.D07.MLBS.01242",,"single bole tree","Live",12.4,130,,,,,,,"Mostly shaded",,,,,,,"xvXXx2YfvliZ3zsHMcdXOaIt4dnvXIe8wSogS8jrnDA=","cLunHzhvGfwnGSRgitcE2aQgFynzmRYl","legacyData"
"e888421c-5eb0-4917-b2e1-7feaf45c7bdc","MLBS_072.basePlot.vst","2015-10-01","vst_MLBS_2015","D07","MLBS","MLBS_072",,"NEON.PLA.D07.MLBS.01322",,"multi-bole tree","Live",11.2,130,,,,,,,"Mostly shaded",,,,,,,"xvXXx2YfvliZ3zsHMcdXOaIt4dnvXIe8wSogS8jrnDA=","cLunHzhvGfwnGSRgitcE2aQgFynzmRYl","legacyData"
"9012102e-bd6f-4aae-ae61-616ab2ed8532","MLBS_071.basePlot.vst","2015-10-01","vst_MLBS_2015","D07","MLBS","MLBS_071",,"NEON.PLA.D07.MLBS.01355",,"small tree","Live",4.8,130,,,,,,,"Mostly shaded",,,,,,,"xvXXx2YfvliZ3zsHMcdXOaIt4dnvXIe8wSogS8jrnDA=","cLunHzhvGfwnGSRgitcE2aQgFynzmRYl","legacyData"
"dabeb6fc-d80f-4763-ae17-69b1a844fa2b","MLBS_071.basePlot.vst","2015-10-01","vst_MLBS_2015","D07","MLBS","MLBS_071",,"NEON.PLA.D07.MLBS.01404",,"small tree","Live",22.9,130,,,,,,,"Partially shaded",,,,,,,"xvXXx2YfvliZ3zsHMcdXOaIt4dnvXIe8wSogS8jrnDA=","cLunHzhvGfwnGSRgitcE2aQgFynzmRYl","legacyData"
"3edaf3d5-87c7-41ed-8cce-38e81d35064b","MLBS_072.basePlot.vst","2015-10-01","vst_MLBS_2015","D07","MLBS","MLBS_072",,"NEON.PLA.D07.MLBS.01302",,"small tree","Standing dead",4.8,130,,,,,,,"Mostly shaded",,,,,,,"xvXXx2YfvliZ3zsHMcdXOaIt4dnvXIe8wSogS8jrnDA=","cLunHzhvGfwnGSRgitcE2aQgFynzmRYl","legacyData"
"d6a8a6e3-ceb2-4f99-825c-5c3974849035","MLBS_072.basePlot.vst","2015-10-01","vst_MLBS_2015","D07","MLBS","MLBS_072",,"NEON.PLA.D07.MLBS.01319",,"single bole tree","Live",18.1,130,,,,,,,"Mostly shaded",,,,,,,"xvXXx2YfvliZ3zsHMcdXOaIt4dnvXIe8wSogS8jrnDA=","cLunHzhvGfwnGSRgitcE2aQgFynzmRYl","legacyData"
"d5c59a98-4d60-4455-93df-8390f1d4fb1e","MLBS_068.basePlot.vst","2015-10-01","vst_MLBS_2015","D07","MLBS","MLBS_068",,"NEON.PLA.D07.MLBS.01195A",,,"Live",14.2,130,,,,,,,"Mostly shaded",,,,,,,"xvXXx2YfvliZ3zsHMcdXOaIt4dnvXIe8wSogS8jrnDA=","cLunHzhvGfwnGSRgitcE2aQgFynzmRYl","legacyData"
"5c0ab076-68c3-48a2-9d69-aa6cd29a5a01","MLBS_071.basePlot.vst","2015-10-01","vst_MLBS_2015","D07","MLBS","MLBS_071",,"NEON.PLA.D07.MLBS.01350",,"single bole tree","Live",48.0,130,,,,,,,"Partially shaded",,,,,,,"xvXXx2YfvliZ3zsHMcdXOaIt4dnvXIe8wSogS8jrnDA=","cLunHzhvGfwnGSRgitcE2aQgFynzmRYl","legacyData"
"bdb8d705-b8b6-415e-b67f-6d071a1ba14d","MLBS_070.basePlot.vst","2015-10-01","vst_MLBS_2015","D07","MLBS","MLBS_070",,"NEON.PLA.D07.MLBS.01226",,"single bole tree","Live",12.8,130,,,,,,,"Mostly shaded",,,,,,,"xvXXx2YfvliZ3zsHMcdXOaIt4dnvXIe8wSogS8jrnDA=","cLunHzhvGfwnGSRgitcE2aQgFynzmRYl","legacyData"
"f63e63dc-b89f-47da-8e3a-e4260cc481af","MLBS_071.basePlot.vst","2015-10-01","vst_MLBS_2015","D07","MLBS","MLBS_071",,"NEON.PLA.D07.MLBS.01402",,"single bole tree","Live",49.8,130,,,,,,,"Partially shaded",,,,,,,"xvXXx2YfvliZ3zsHMcdXOaIt4dnvXIe8wSogS8jrnDA=","cLunHzhvGfwnGSRgitcE2aQgFynzmRYl","legacyData"
"6892c7b7-91c1-4399-a255-e7a0f3222240","MLBS_070.basePlot.vst","2015-10-01","vst_MLBS_2015","D07","MLBS","MLBS_070",,"NEON.PLA.D07.MLBS.01266",,"single bole tree","Live",14.7,130,,,,,,,"Mostly shaded",,,,,,,"xvXXx2YfvliZ3zsHMcdXOaIt4dnvXIe8wSogS8jrnDA=","cLunHzhvGfwnGSRgitcE2aQgFynzmRYl","legacyData"
"98285aba-9371-41b4-8159-6c86e85660bb","MLBS_070.basePlot.vst","2015-10-01","vst_MLBS_2015","D07","MLBS","MLBS_070",,"NEON.PLA.D07.MLBS.01260",,"multi-bole tree","Live",26.0,130,,,,,,,"Partially shaded",,,,,,,"xvXXx2YfvliZ3zsHMcdXOaIt4dnvXIe8wSogS8jrnDA=","cLunHzhvGfwnGSRgitcE2aQgFynzmRYl","legacyData"
"e28c1eaf-0911-4a66-903a-d1ea3fe71a57","MLBS_068.basePlot.vst","2015-10-01","vst_MLBS_2015","D07","MLBS","MLBS_068",,"NEON.PLA.D07.MLBS.01135",,"small tree","Live",4.4,130,,,,,,,"Mostly shaded",,,,,,,"xvXXx2YfvliZ3zsHMcdXOaIt4dnvXIe8wSogS8jrnDA=","cLunHzhvGfwnGSRgitcE2aQgFynzmRYl","legacyData"
"3b0aaeaa-ec5e-4c8b-929d-5559fa2a57b7","MLBS_070.basePlot.vst","2015-10-01","vst_MLBS_2015","D07","MLBS","MLBS_070",,"NEON.PLA.D07.MLBS.01235",,"single bole tree","Live",13.6,130,,,,,,,"Mostly shaded",,,,,,,"xvXXx2YfvliZ3zsHMcdXOaIt4dnvXIe8wSogS8jrnDA=","cLunHzhvGfwnGSRgitcE2aQgFynzmRYl","legacyData"
"d4fb6f91-1a29-49fb-8361-467bb1c38bbd","MLBS_068.basePlot.vst","2015-10-01","vst_MLBS_2015","D07","MLBS","MLBS_068",,"NEON.PLA.D07.MLBS.01160A",,,"Live",13.5,130,,,,,,,"Partially shaded",,,,,,,"xvXXx2YfvliZ3zsHMcdXOaIt4dnvXIe8wSogS8jrnDA=","cLunHzhvGfwnGSRgitcE2aQgFynzmRYl","legacyData"
"9c514d13-48dd-420e-b6c1-b8c1379463cd","MLBS_068.basePlot.vst","2015-10-01","vst_MLBS_2015","D07","MLBS","MLBS_068",,"NEON.PLA.D07.MLBS.01199",,"single bole tree","Live",19.5,130,,,,,,,"Partially shaded",,,,,,,"xvXXx2YfvliZ3zsHMcdXOaIt4dnvXIe8wSogS8jrnDA=","cLunHzhvGfwnGSRgitcE2aQgFynzmRYl","legacyData"
"5c26edbd-d472-47e7-b225-08736621e7bd","MLBS_068.basePlot.vst","2015-10-01","vst_MLBS_2015","D07","MLBS","MLBS_068",,"NEON.PLA.D07.MLBS.01223",,"multi-bole tree","Live",20.0,130,,,,,,,"Partially shaded",,,,,,,"xvXXx2YfvliZ3zsHMcdXOaIt4dnvXIe8wSogS8jrnDA=","cLunHzhvGfwnGSRgitcE2aQgFynzmRYl","legacyData"
"0f2656c5-0c14-467d-9503-f4cb0aba627b","MLBS_071.basePlot.vst","2015-10-01","vst_MLBS_2015","D07","MLBS","MLBS_071",,"NEON.PLA.D07.MLBS.01407",,"small tree","Live",4.1,130,,,,,,,"Mostly shaded",,,,,,,"xvXXx2YfvliZ3zsHMcdXOaIt4dnvXIe8wSogS8jrnDA=","cLunHzhvGfwnGSRgitcE2aQgFynzmRYl","legacyData"
"d632f0fd-147b-4ed4-a4a5-21b13dbee356","MLBS_071.basePlot.vst","2015-10-01","vst_MLBS_2015","D07","MLBS","MLBS_071",,"NEON.PLA.D07.MLBS.01346",,"single bole tree","Live",11.0,130,,,,,,,"Mostly shaded",,,,,,,"xvXXx2YfvliZ3zsHMcdXOaIt4dnvXIe8wSogS8jrnDA=","cLunHzhvGfwnGSRgitcE2aQgFynzmRYl","legacyData"
"3d81af7a-fd5b-43c3-a5af-68779a5f4e6e","MLBS_071.basePlot.vst","2015-10-01","vst_MLBS_2015","D07","MLBS","MLBS_071",,"NEON.PLA.D07.MLBS.01373",,"small tree","Live",3.2,130,,,,,,,"Mostly shaded",,,,,,,"xvXXx2YfvliZ3zsHMcdXOaIt4dnvXIe8wSogS8jrnDA=","cLunHzhvGfwnGSRgitcE2aQgFynzmRYl","legacyData"
"365f9dc9-4ce6-498b-a76e-10e6a7a6f05e","MLBS_068.basePlot.vst","2015-10-01","vst_MLBS_2015","D07","MLBS","MLBS_068",,"NEON.PLA.D07.MLBS.01216",,"small tree","Live",2.5,130,,,,,,,"Full shade",,,,,,,"xvXXx2YfvliZ3zsHMcdXOaIt4dnvXIe8wSogS8jrnDA=","cLunHzhvGfwnGSRgitcE2aQgFynzmRYl","legacyData"
"e779b39e-b404-4c6e-b727-de74dd3f4250","MLBS_071.basePlot.vst","2015-10-01","vst_MLBS_2015","D07","MLBS","MLBS_071",,"NEON.PLA.D07.MLBS.01369",,"small tree","Standing dead",2.7,130,,,,,,,"Mostly shaded",,,,,,,"xvXXx2YfvliZ3zsHMcdXOaIt4dnvXIe8wSogS8jrnDA=","cLunHzhvGfwnGSRgitcE2aQgFynzmRYl","legacyData"
"3730c690-8ede-4067-8b7c-706504020772","MLBS_071.basePlot.vst","2015-10-01","vst_MLBS_2015","D07","MLBS","MLBS_071",,"NEON.PLA.D07.MLBS.01391A",,,"Live",28.5,130,,,,,,,"Partially shaded",,,,,,,"xvXXx2YfvliZ3zsHMcdXOaIt4dnvXIe8wSogS8jrnDA=","cLunHzhvGfwnGSRgitcE2aQgFynzmRYl","legacyData"
"5a01b6cf-6b10-4656-9eb2-2b729cc7d051","MLBS_068.basePlot.vst","2015-10-01","vst_MLBS_2015","D07","MLBS","MLBS_068",,"NEON.PLA.D07.MLBS.01187",,"multi-bole tree","Live",31.5,130,,,,,,,"Partially shaded",,,,,,,"xvXXx2YfvliZ3zsHMcdXOaIt4dnvXIe8wSogS8jrnDA=","cLunHzhvGfwnGSRgitcE2aQgFynzmRYl","legacyData"
"e0b5a727-b032-477f-bbf2-3c0aa47aa487","MLBS_070.basePlot.vst","2015-10-01","vst_MLBS_2015","D07","MLBS","MLBS_070",,"NEON.PLA.D07.MLBS.01247",,"single bole tree","Live",28.3,130,,,,,,,"Partially shaded",,,,,,,"xvXXx2YfvliZ3zsHMcdXOaIt4dnvXIe8wSogS8jrnDA=","cLunHzhvGfwnGSRgitcE2aQgFynzmRYl","legacyData"
"1504c5b9-8f57-43df-8c68-b22178f47427","MLBS_068.basePlot.vst","2015-10-01","vst_MLBS_2015","D07","MLBS","MLBS_068",,"NEON.PLA.D07.MLBS.01198",,"single bole tree","Standing dead",12.1,130,,,,,,,"Mostly shaded",,,,,,,"xvXXx2YfvliZ3zsHMcdXOaIt4dnvXIe8wSogS8jrnDA=","cLunHzhvGfwnGSRgitcE2aQgFynzmRYl","legacyData"
"9e0b0659-1903-4cc4-858a-16dad188d297","MLBS_071.basePlot.vst","2015-10-01","vst_MLBS_2015","D07","MLBS","MLBS_071",,"NEON.PLA.D07.MLBS.01353",,"single bole tree","Live",31.8,130,,,,,,,"Partially shaded",,,,,,,"xvXXx2YfvliZ3zsHMcdXOaIt4dnvXIe8wSogS8jrnDA=","cLunHzhvGfwnGSRgitcE2aQgFynzmRYl","legacyData"
"8a977960-e248-41b1-8a12-db5b96e83ae9","MLBS_071.basePlot.vst","2015-10-01","vst_MLBS_2015","D07","MLBS","MLBS_071",,"NEON.PLA.D07.MLBS.01378",,"multi-bole tree","Live",43.5,130,,,,,,,"Partially shaded",,,,,,,"xvXXx2YfvliZ3zsHMcdXOaIt4dnvXIe8wSogS8jrnDA=","cLunHzhvGfwnGSRgitcE2aQgFynzmRYl","legacyData"
"c57f6f77-c198-4616-8e94-833f26465117","MLBS_070.basePlot.vst","2015-10-01","vst_MLBS_2015","D07","MLBS","MLBS_070",,"NEON.PLA.D07.MLBS.01271",,"single bole tree","Live",21.7,130,,,,,,,"Partially shaded",,,,,,,"xvXXx2YfvliZ3zsHMcdXOaIt4dnvXIe8wSogS8jrnDA=","cLunHzhvGfwnGSRgitcE2aQgFynzmRYl","legacyData"
"0029e4bc-faeb-404d-83f8-be6ab012832a","MLBS_068.basePlot.vst","2015-10-01","vst_MLBS_2015","D07","MLBS","MLBS_068",,"NEON.PLA.D07.MLBS.01142",,"small tree","Live",7.0,130,,,,,,,"Mostly shaded",,,,,,,"xvXXx2YfvliZ3zsHMcdXOaIt4dnvXIe8wSogS8jrnDA=","cLunHzhvGfwnGSRgitcE2aQgFynzmRYl","legacyData"
"a13b4490-3ec3-47d1-bfb6-3d8457097f5a","MLBS_068.basePlot.vst","2015-10-01","vst_MLBS_2015","D07","MLBS","MLBS_068",,"NEON.PLA.D07.MLBS.01180",,"single bole tree","Live",18.4,130,,,,,,,"Mostly shaded",,,,,,,"xvXXx2YfvliZ3zsHMcdXOaIt4dnvXIe8wSogS8jrnDA=","cLunHzhvGfwnGSRgitcE2aQgFynzmRYl","legacyData"
"f557a046-5b71-4412-929c-a7354f611fe5","MLBS_072.basePlot.vst","2015-10-01","vst_MLBS_2015","D07","MLBS","MLBS_072",,"NEON.PLA.D07.MLBS.01313A",,,"Live",22.1,130,,,,,,,"Partially shaded",,,,,,,"xvXXx2YfvliZ3zsHMcdXOaIt4dnvXIe8wSogS8jrnDA=","cLunHzhvGfwnGSRgitcE2aQgFynzmRYl","legacyData"
"52bf816b-8712-4eb6-9ea7-ee636055c1f2","MLBS_072.basePlot.vst","2015-10-01","vst_MLBS_2015","D07","MLBS","MLBS_072",,"NEON.PLA.D07.MLBS.01329",,"single bole tree","Standing dead",20.2,130,,,,,,,"Mostly shaded",,,,,,,"xvXXx2YfvliZ3zsHMcdXOaIt4dnvXIe8wSogS8jrnDA=","cLunHzhvGfwnGSRgitcE2aQgFynzmRYl","legacyData"
"b4fd5f9e-f96c-4a15-96af-9b1c06bfd53a","MLBS_072.basePlot.vst","2015-10-01","vst_MLBS_2015","D07","MLBS","MLBS_072",,"NEON.PLA.D07.MLBS.01311",,"multi-bole tree","Live",19.9,130,,,,,,,"Partially shaded",,,,,,,"xvXXx2YfvliZ3zsHMcdXOaIt4dnvXIe8wSogS8jrnDA=","cLunHzhvGfwnGSRgitcE2aQgFynzmRYl","legacyData"
"a6b40e26-a007-4905-a36b-9e35cf7a87ad","MLBS_071.basePlot.vst","2015-10-01","vst_MLBS_2015","D07","MLBS","MLBS_071",,"NEON.PLA.D07.MLBS.01354",,"small tree","Live",3.1,130,,,,,,,"Full shade",,,,,,,"xvXXx2YfvliZ3zsHMcdXOaIt4dnvXIe8wSogS8jrnDA=","cLunHzhvGfwnGSRgitcE2aQgFynzmRYl","legacyData"
"6a58fc16-326d-4682-8fb2-a2ad8f8b9359","MLBS_071.basePlot.vst","2015-10-01","vst_MLBS_2015","D07","MLBS","MLBS_071",,"NEON.PLA.D07.MLBS.01396",,"single shrub","Live",,,3.4,,,,4.1,3.7,"Mostly shaded","cylinder",,,,,,"xvXXx2YfvliZ3zsHMcdXOaIt4dnvXIe8wSogS8jrnDA=","cLunHzhvGfwnGSRgitcE2aQgFynzmRYl","legacyData"
"1e925801-6846-4c43-822e-8515aaf0e1d4","MLBS_071.basePlot.vst","2015-10-01","vst_MLBS_2015","D07","MLBS","MLBS_071",,"NEON.PLA.D07.MLBS.01389A",,,"Live",10.9,130,,,,,,,"Mostly shaded",,,,,,,"xvXXx2YfvliZ3zsHMcdXOaIt4dnvXIe8wSogS8jrnDA=","cLunHzhvGfwnGSRgitcE2aQgFynzmRYl","legacyData"
"7f4eee23-d77f-4b8b-8045-aeb620937df7","MLBS_068.basePlot.vst","2015-10-01","vst_MLBS_2015","D07","MLBS","MLBS_068",,"NEON.PLA.D07.MLBS.01150",,"single bole tree","Live",46.4,130,,,,,,,"Partially shaded",,,,,,,"xvXXx2YfvliZ3zsHMcdXOaIt4dnvXIe8wSogS8jrnDA=","cLunHzhvGfwnGSRgitcE2aQgFynzmRYl","legacyData"
"9a4c999d-fdf1-44bb-af2d-c4dd1933be52","MLBS_068.basePlot.vst","2015-10-01","vst_MLBS_2015","D07","MLBS","MLBS_068",,"NEON.PLA.D07.MLBS.01169",,"small tree","Live",2.4,130,,,,,,,"Full shade",,,,,,,"xvXXx2YfvliZ3zsHMcdXOaIt4dnvXIe8wSogS8jrnDA=","cLunHzhvGfwnGSRgitcE2aQgFynzmRYl","legacyData"
"344d9b2c-43a6-4dcf-96f6-054de734cbbb","MLBS_071.basePlot.vst","2015-10-01","vst_MLBS_2015","D07","MLBS","MLBS_071",,"NEON.PLA.D07.MLBS.01357",,"single bole tree","Live",17.3,130,,,,,,,"Mostly shaded",,,,,,,"xvXXx2YfvliZ3zsHMcdXOaIt4dnvXIe8wSogS8jrnDA=","cLunHzhvGfwnGSRgitcE2aQgFynzmRYl","legacyData"
"27b1c2e3-919e-4b71-b6cf-fb6b73063835","MLBS_068.basePlot.vst","2015-10-01","vst_MLBS_2015","D07","MLBS","MLBS_068",,"NEON.PLA.D07.MLBS.01148",,"sapling","Live",1.2,10,,,,,,,"Full shade",,,,,,,"xvXXx2YfvliZ3zsHMcdXOaIt4dnvXIe8wSogS8jrnDA=","cLunHzhvGfwnGSRgitcE2aQgFynzmRYl","legacyData"
"bfbf530b-fbf8-4ff0-904a-ba1d16788e24","MLBS_068.basePlot.vst","2015-10-01","vst_MLBS_2015","D07","MLBS","MLBS_068",,"NEON.PLA.D07.MLBS.01209",,"small tree","Live",10.5,130,,,,,,,"Mostly shaded",,,,,,,"xvXXx2YfvliZ3zsHMcdXOaIt4dnvXIe8wSogS8jrnDA=","cLunHzhvGfwnGSRgitcE2aQgFynzmRYl","legacyData"
"25bad87d-9bb2-4621-b212-5b27df438a5b","MLBS_072.basePlot.vst","2015-10-01","vst_MLBS_2015","D07","MLBS","MLBS_072",,"NEON.PLA.D07.MLBS.01327",,"small tree","Live",5.8,130,,,,,,,"Mostly shaded",,,,,,,"xvXXx2YfvliZ3zsHMcdXOaIt4dnvXIe8wSogS8jrnDA=","cLunHzhvGfwnGSRgitcE2aQgFynzmRYl","legacyData"
"bf681f71-8e1a-41c0-bec9-5b4549c996ce","MLBS_068.basePlot.vst","2015-10-01","vst_MLBS_2015","D07","MLBS","MLBS_068",,"NEON.PLA.D07.MLBS.01208A",,,"Live",25.5,130,,,,,,,"Partially shaded",,,,,,,"xvXXx2YfvliZ3zsHMcdXOaIt4dnvXIe8wSogS8jrnDA=","cLunHzhvGfwnGSRgitcE2aQgFynzmRYl","legacyData"
"c09868b8-278b-4cd5-9ed9-0a015e532fc2","MLBS_070.basePlot.vst","2015-10-01","vst_MLBS_2015","D07","MLBS","MLBS_070",,"NEON.PLA.D07.MLBS.01256",,"single bole tree","Live",16.4,130,,,,,,,"Mostly shaded",,,,,,,"xvXXx2YfvliZ3zsHMcdXOaIt4dnvXIe8wSogS8jrnDA=","cLunHzhvGfwnGSRgitcE2aQgFynzmRYl","legacyData"
"d9c2b2c4-d0a2-4e3d-b3e7-597e4cad8a21","MLBS_071.basePlot.vst","2015-10-01","vst_MLBS_2015","D07","MLBS","MLBS_071",,"NEON.PLA.D07.MLBS.01372",,"single bole tree","Live",39.3,130,,,,,,,"Partially shaded",,,,,,,"xvXXx2YfvliZ3zsHMcdXOaIt4dnvXIe8wSogS8jrnDA=","cLunHzhvGfwnGSRgitcE2aQgFynzmRYl","legacyData"
"34414fda-b4cc-46ee-8245-bfc79e4a3a01","MLBS_070.basePlot.vst","2015-10-01","vst_MLBS_2015","D07","MLBS","MLBS_070",,"NEON.PLA.D07.MLBS.01253",,"single shrub","Live",,,4.5,,,,5.9,3.3,"Mostly shaded","cylinder",,,,,,"xvXXx2YfvliZ3zsHMcdXOaIt4dnvXIe8wSogS8jrnDA=","cLunHzhvGfwnGSRgitcE2aQgFynzmRYl","legacyData"
"de3000de-5958-445d-8f7f-89d15832d92d","MLBS_070.basePlot.vst","2015-10-01","vst_MLBS_2015","D07","MLBS","MLBS_070",,"NEON.PLA.D07.MLBS.01286",,"single bole tree","Live",19.1,130,,,,,,,"Partially shaded",,,,,,,"xvXXx2YfvliZ3zsHMcdXOaIt4dnvXIe8wSogS8jrnDA=","cLunHzhvGfwnGSRgitcE2aQgFynzmRYl","legacyData"
"c1cc8c4a-f670-4f90-9a43-b232a7ec284e","MLBS_068.basePlot.vst","2015-10-01","vst_MLBS_2015","D07","MLBS","MLBS_068",,"NEON.PLA.D07.MLBS.01132",,"small tree","Live",6.2,130,,,,,,,"Mostly shaded",,,,,,,"xvXXx2YfvliZ3zsHMcdXOaIt4dnvXIe8wSogS8jrnDA=","cLunHzhvGfwnGSRgitcE2aQgFynzmRYl","legacyData"
"85058751-313e-4fd2-9fc9-8efca5f0ca14","MLBS_070.basePlot.vst","2015-10-01","vst_MLBS_2015","D07","MLBS","MLBS_070",,"NEON.PLA.D07.MLBS.01289",,"small tree","Standing dead",9.8,130,,,,,,,"Full shade",,,,,,,"xvXXx2YfvliZ3zsHMcdXOaIt4dnvXIe8wSogS8jrnDA=","cLunHzhvGfwnGSRgitcE2aQgFynzmRYl","legacyData"
"64faaa41-7850-44d7-8671-91740d703ef7","MLBS_068.basePlot.vst","2015-10-01","vst_MLBS_2015","D07","MLBS","MLBS_068",,"NEON.PLA.D07.MLBS.01141",,"single bole tree","Live",43.0,130,,,,,,,"Full sun",,,,,,,"xvXXx2YfvliZ3zsHMcdXOaIt4dnvXIe8wSogS8jrnDA=","cLunHzhvGfwnGSRgitcE2aQgFynzmRYl","legacyData"
"51c826ff-ccfd-4478-a51e-a7d91ccdcd4d","MLBS_072.basePlot.vst","2015-10-01","vst_MLBS_2015","D07","MLBS","MLBS_072",,"NEON.PLA.D07.MLBS.01313",,"multi-bole tree","Live",32.8,130,,,,,,,"Partially shaded",,,,,,,"xvXXx2YfvliZ3zsHMcdXOaIt4dnvXIe8wSogS8jrnDA=","cLunHzhvGfwnGSRgitcE2aQgFynzmRYl","legacyData"
"ace7031f-8ba4-49d0-abf5-5cb804308d9c","MLBS_071.basePlot.vst","2015-10-01","vst_MLBS_2015","D07","MLBS","MLBS_071",,"NEON.PLA.D07.MLBS.01334",,"small tree","Standing dead",3.4,130,,,,,,,"Full shade",,,,,,,"xvXXx2YfvliZ3zsHMcdXOaIt4dnvXIe8wSogS8jrnDA=","cLunHzhvGfwnGSRgitcE2aQgFynzmRYl","legacyData"
"8f59927b-0ddb-434a-9bc2-a2edc98f48b0","MLBS_071.basePlot.vst","2015-10-01","vst_MLBS_2015","D07","MLBS","MLBS_071",,"NEON.PLA.D07.MLBS.01380",,"small tree","Standing dead",4.4,130,,,,,,,"Mostly shaded",,,,,,,"xvXXx2YfvliZ3zsHMcdXOaIt4dnvXIe8wSogS8jrnDA=","cLunHzhvGfwnGSRgitcE2aQgFynzmRYl","legacyData"
"eb964dd6-baa9-491d-9b41-7b342e3c50a8","MLBS_068.basePlot.vst","2015-10-01","vst_MLBS_2015","D07","MLBS","MLBS_068",,"NEON.PLA.D07.MLBS.01140",,"small tree","Live",2.6,130,,,,,,,"Mostly shaded",,,,,,,"xvXXx2YfvliZ3zsHMcdXOaIt4dnvXIe8wSogS8jrnDA=","cLunHzhvGfwnGSRgitcE2aQgFynzmRYl","legacyData"
"4a354e3c-14d4-4fa5-9c7e-c0c3598dd368","MLBS_068.basePlot.vst","2015-10-01","vst_MLBS_2015","D07","MLBS","MLBS_068",,"NEON.PLA.D07.MLBS.01165",,"single bole tree","Live",47.9,130,,,,,,,"Partially shaded",,,,,,,"xvXXx2YfvliZ3zsHMcdXOaIt4dnvXIe8wSogS8jrnDA=","cLunHzhvGfwnGSRgitcE2aQgFynzmRYl","legacyData"
"0bc3006a-b928-495e-a420-25b54bb25dc4","MLBS_068.basePlot.vst","2015-10-01","vst_MLBS_2015","D07","MLBS","MLBS_068",,"NEON.PLA.D07.MLBS.01182",,"single bole tree","Live",21.8,130,,,,,,,"Full shade",,,,,,,"xvXXx2YfvliZ3zsHMcdXOaIt4dnvXIe8wSogS8jrnDA=","cLunHzhvGfwnGSRgitcE2aQgFynzmRYl","legacyData"
"6b2b7108-edb3-49ff-b7d3-4ed760bf3242","MLBS_068.basePlot.vst","2015-10-01","vst_MLBS_2015","D07","MLBS","MLBS_068",,"NEON.PLA.D07.MLBS.01133",,"single bole tree","Live",30.8,130,,,,,,,"Partially shaded",,,,,,,"xvXXx2YfvliZ3zsHMcdXOaIt4dnvXIe8wSogS8jrnDA=","cLunHzhvGfwnGSRgitcE2aQgFynzmRYl","legacyData"
"65241a56-cabb-44d7-b246-013c056cdb7f","MLBS_068.basePlot.vst","2015-10-01","vst_MLBS_2015","D07","MLBS","MLBS_068",,"NEON.PLA.D07.MLBS.01158",,"small tree","Live",4.5,130,,,,,,,"Mostly shaded",,,,,,,"xvXXx2YfvliZ3zsHMcdXOaIt4dnvXIe8wSogS8jrnDA=","cLunHzhvGfwnGSRgitcE2aQgFynzmRYl","legacyData"
"1c72dd40-5324-4c72-92d9-bb4622dddf8c","MLBS_068.basePlot.vst","2015-10-01","vst_MLBS_2015","D07","MLBS","MLBS_068",,"NEON.PLA.D07.MLBS.01194",,"small tree","Live",8.4,130,,,,,,,"Mostly shaded",,,,,,,"xvXXx2YfvliZ3zsHMcdXOaIt4dnvXIe8wSogS8jrnDA=","cLunHzhvGfwnGSRgitcE2aQgFynzmRYl","legacyData"
"3615a84a-9f0e-4073-b899-5987256f2918","MLBS_070.basePlot.vst","2015-10-01","vst_MLBS_2015","D07","MLBS","MLBS_070",,"NEON.PLA.D07.MLBS.01238",,"single bole tree","Live",44.6,130,,,,,,,"Partially shaded",,,,,,,"xvXXx2YfvliZ3zsHMcdXOaIt4dnvXIe8wSogS8jrnDA=","cLunHzhvGfwnGSRgitcE2aQgFynzmRYl","legacyData"
"252923d7-fab1-464f-ba88-a5e1b4b5ade3","MLBS_072.basePlot.vst","2015-10-01","vst_MLBS_2015","D07","MLBS","MLBS_072",,"NEON.PLA.D07.MLBS.01306A",,,"Live",24.6,130,,,,,,,"Partially shaded",,,,,,,"xvXXx2YfvliZ3zsHMcdXOaIt4dnvXIe8wSogS8jrnDA=","cLunHzhvGfwnGSRgitcE2aQgFynzmRYl","legacyData"
"2da01036-fb05-4555-8954-db3dc7bd8b26","MLBS_072.basePlot.vst","2015-10-01","vst_MLBS_2015","D07","MLBS","MLBS_072",,"NEON.PLA.D07.MLBS.01301",,"single bole tree","Live",32.2,130,,,,,,,"Partially shaded",,,,,,,"xvXXx2YfvliZ3zsHMcdXOaIt4dnvXIe8wSogS8jrnDA=","cLunHzhvGfwnGSRgitcE2aQgFynzmRYl","legacyData"
"bc430d91-b555-419f-9b9d-bf777997013b","MLBS_068.basePlot.vst","2015-10-01","vst_MLBS_2015","D07","MLBS","MLBS_068",,"NEON.PLA.D07.MLBS.01188",,"small tree","Live",8.1,130,,,,,,,"Mostly shaded",,,,,,,"xvXXx2YfvliZ3zsHMcdXOaIt4dnvXIe8wSogS8jrnDA=","cLunHzhvGfwnGSRgitcE2aQgFynzmRYl","legacyData"
"eea2bd63-6f65-4651-96eb-e887f2b0fba6","MLBS_071.basePlot.vst","2015-10-01","vst_MLBS_2015","D07","MLBS","MLBS_071",,"NEON.PLA.D07.MLBS.01368",,"small tree","Live",6.4,130,,,,,,,"Mostly shaded",,,,,,,"xvXXx2YfvliZ3zsHMcdXOaIt4dnvXIe8wSogS8jrnDA=","cLunHzhvGfwnGSRgitcE2aQgFynzmRYl","legacyData"
"759edcf2-2991-48bc-896f-f501dfb955e1","MLBS_072.basePlot.vst","2015-10-01","vst_MLBS_2015","D07","MLBS","MLBS_072",,"NEON.PLA.D07.MLBS.01291",,"single bole tree","Live",30.2,130,,,,,,,"Partially shaded",,,,,,,"xvXXx2YfvliZ3zsHMcdXOaIt4dnvXIe8wSogS8jrnDA=","cLunHzhvGfwnGSRgitcE2aQgFynzmRYl","legacyData"
"8d484421-d790-4297-a480-e42d8927895d","MLBS_072.basePlot.vst","2015-10-01","vst_MLBS_2015","D07","MLBS","MLBS_072",,"NEON.PLA.D07.MLBS.01290",,"single bole tree","Live",37.9,130,,,,,,,"Full sun",,,,,,,"xvXXx2YfvliZ3zsHMcdXOaIt4dnvXIe8wSogS8jrnDA=","cLunHzhvGfwnGSRgitcE2aQgFynzmRYl","legacyData"
"a409cd77-5e79-41bb-9a6b-874bff8c62b2","MLBS_068.basePlot.vst","2015-10-01","vst_MLBS_2015","D07","MLBS","MLBS_068",,"NEON.PLA.D07.MLBS.01186",,"small tree","Live",1.1,130,,,,,,,"Mostly shaded",,,,,,,"xvXXx2YfvliZ3zsHMcdXOaIt4dnvXIe8wSogS8jrnDA=","cLunHzhvGfwnGSRgitcE2aQgFynzmRYl","legacyData"
"455a0f29-8b6e-4979-93be-5026aceeed0b","MLBS_070.basePlot.vst","2015-10-01","vst_MLBS_2015","D07","MLBS","MLBS_070",,"NEON.PLA.D07.MLBS.01243",,"single bole tree","Live",19.6,130,,,,,,,"Mostly shaded",,,,,,,"xvXXx2YfvliZ3zsHMcdXOaIt4dnvXIe8wSogS8jrnDA=","cLunHzhvGfwnGSRgitcE2aQgFynzmRYl","legacyData"
"2b23cbb5-a052-45b8-ae99-1895134194ea","MLBS_070.basePlot.vst","2015-10-01","vst_MLBS_2015","D07","MLBS","MLBS_070",,"NEON.PLA.D07.MLBS.01262",,"single bole tree","Standing dead",16.5,130,,,,,,,"Mostly shaded",,,,,,,"xvXXx2YfvliZ3zsHMcdXOaIt4dnvXIe8wSogS8jrnDA=","cLunHzhvGfwnGSRgitcE2aQgFynzmRYl","legacyData"
"f4e1485e-2099-41df-9c46-6c2975e7bf0e","MLBS_070.basePlot.vst","2015-10-01","vst_MLBS_2015","D07","MLBS","MLBS_070",,"NEON.PLA.D07.MLBS.01257",,"small tree","Standing dead",8.5,130,,,,,,,"Mostly shaded",,,,,,,"xvXXx2YfvliZ3zsHMcdXOaIt4dnvXIe8wSogS8jrnDA=","cLunHzhvGfwnGSRgitcE2aQgFynzmRYl","legacyData"
"8f9ba73d-e9db-47e8-a7bd-3348d9eebc64","MLBS_070.basePlot.vst","2015-10-01","vst_MLBS_2015","D07","MLBS","MLBS_070",,"NEON.PLA.D07.MLBS.01265",,"small tree","Live",3.0,130,,,,,,,"Mostly shaded",,,,,,,"xvXXx2YfvliZ3zsHMcdXOaIt4dnvXIe8wSogS8jrnDA=","cLunHzhvGfwnGSRgitcE2aQgFynzmRYl","legacyData"
"bd9f67de-007e-4d19-a83a-3798830ccb70","MLBS_070.basePlot.vst","2015-10-01","vst_MLBS_2015","D07","MLBS","MLBS_070",,"NEON.PLA.D07.MLBS.01241",,"small tree","Live",4.4,130,,,,,,,"Full shade",,,,,,,"xvXXx2YfvliZ3zsHMcdXOaIt4dnvXIe8wSogS8jrnDA=","cLunHzhvGfwnGSRgitcE2aQgFynzmRYl","legacyData"
"cea2c6e4-894d-47a4-bd6b-54aabe919b3a","MLBS_070.basePlot.vst","2015-10-01","vst_MLBS_2015","D07","MLBS","MLBS_070",,"NEON.PLA.D07.MLBS.01250",,"single bole tree","Live",20.6,130,,,,,,,"Partially shaded",,,,,,,"xvXXx2YfvliZ3zsHMcdXOaIt4dnvXIe8wSogS8jrnDA=","cLunHzhvGfwnGSRgitcE2aQgFynzmRYl","legacyData"
"f2d767eb-451a-4057-a5cc-9956a39e1204","MLBS_071.basePlot.vst","2015-10-01","vst_MLBS_2015","D07","MLBS","MLBS_071",,"NEON.PLA.D07.MLBS.01374",,"multi-bole tree","Live",33.3,130,,,,,,,"Partially shaded",,,,,,,"xvXXx2YfvliZ3zsHMcdXOaIt4dnvXIe8wSogS8jrnDA=","cLunHzhvGfwnGSRgitcE2aQgFynzmRYl","legacyData"
"1a57192c-e653-420d-af9e-6127db0c3e91","MLBS_071.basePlot.vst","2015-10-01","vst_MLBS_2015","D07","MLBS","MLBS_071",,"NEON.PLA.D07.MLBS.01401",,"small tree","Live",2.1,130,,,,,,,"Mostly shaded",,,,,,,"xvXXx2YfvliZ3zsHMcdXOaIt4dnvXIe8wSogS8jrnDA=","cLunHzhvGfwnGSRgitcE2aQgFynzmRYl","legacyData"
"5c975b8d-e55d-4157-9ed9-0a0ae1672e53","MLBS_068.basePlot.vst","2015-10-01","vst_MLBS_2015","D07","MLBS","MLBS_068",,"NEON.PLA.D07.MLBS.01212",,"single bole tree","Live",16.4,130,,,,,,,"Mostly shaded",,,,,,,"xvXXx2YfvliZ3zsHMcdXOaIt4dnvXIe8wSogS8jrnDA=","cLunHzhvGfwnGSRgitcE2aQgFynzmRYl","legacyData"
"24908a3f-5ee0-43bc-adfc-6c14d70441d6","MLBS_068.basePlot.vst","2015-10-01","vst_MLBS_2015","D07","MLBS","MLBS_068",,"NEON.PLA.D07.MLBS.01161",,"small tree","Standing dead",6.5,130,,,,,,,"Full shade",,,,,,,"xvXXx2YfvliZ3zsHMcdXOaIt4dnvXIe8wSogS8jrnDA=","cLunHzhvGfwnGSRgitcE2aQgFynzmRYl","legacyData"
"0524ec97-f06d-4925-bd02-d92c351dbe6f","MLBS_071.basePlot.vst","2015-10-01","vst_MLBS_2015","D07","MLBS","MLBS_071",,"NEON.PLA.D07.MLBS.01339",,"single bole tree","Live",14.4,130,,,,,,,"Mostly shaded",,,,,,,"xvXXx2YfvliZ3zsHMcdXOaIt4dnvXIe8wSogS8jrnDA=","cLunHzhvGfwnGSRgitcE2aQgFynzmRYl","legacyData"
"c55b23af-2c20-4337-ad02-ff89b97ab69b","MLBS_071.basePlot.vst","2015-10-01","vst_MLBS_2015","D07","MLBS","MLBS_071",,"NEON.PLA.D07.MLBS.01363",,"single bole tree","Live",52.7,130,,,,,,,"Partially shaded",,,,,,,"xvXXx2YfvliZ3zsHMcdXOaIt4dnvXIe8wSogS8jrnDA=","cLunHzhvGfwnGSRgitcE2aQgFynzmRYl","legacyData"
"91d9aaaa-6a37-4fef-883b-304027f20d5e","MLBS_068.basePlot.vst","2015-10-01","vst_MLBS_2015","D07","MLBS","MLBS_068",,"NEON.PLA.D07.MLBS.01138",,"small tree","Live",4.8,130,,,,,,,"Mostly shaded",,,,,,,"xvXXx2YfvliZ3zsHMcdXOaIt4dnvXIe8wSogS8jrnDA=","cLunHzhvGfwnGSRgitcE2aQgFynzmRYl","legacyData"
"bff3bfec-605d-47a4-9f6f-7be767f04e6c","MLBS_068.basePlot.vst","2015-10-01","vst_MLBS_2015","D07","MLBS","MLBS_068",,"NEON.PLA.D07.MLBS.01190",,"single shrub","Live",,,2.3,,,,2.4,1.9,"Full shade","cylinder",,,,,,"xvXXx2YfvliZ3zsHMcdXOaIt4dnvXIe8wSogS8jrnDA=","cLunHzhvGfwnGSRgitcE2aQgFynzmRYl","legacyData"
"af384bf0-a56f-4ad8-aeb4-4ad2d939aa0d","MLBS_068.basePlot.vst","2015-10-01","vst_MLBS_2015","D07","MLBS","MLBS_068",,"NEON.PLA.D07.MLBS.01224",,"small tree","Live",3.5,130,,,,,,,"Mostly shaded",,,,,,,"xvXXx2YfvliZ3zsHMcdXOaIt4dnvXIe8wSogS8jrnDA=","cLunHzhvGfwnGSRgitcE2aQgFynzmRYl","legacyData"
"fcedb3c9-9897-4934-a5f2-2ce0744bc5b7","MLBS_072.basePlot.vst","2015-10-01","vst_MLBS_2015","D07","MLBS","MLBS_072",,"NEON.PLA.D07.MLBS.01298A",,,"Standing dead",24.1,130,,,,,,,"Mostly shaded",,,,,,,"xvXXx2YfvliZ3zsHMcdXOaIt4dnvXIe8wSogS8jrnDA=","cLunHzhvGfwnGSRgitcE2aQgFynzmRYl","legacyData"
"9b6ba708-019b-4094-aabb-707a0ae13afc","MLBS_072.basePlot.vst","2015-10-01","vst_MLBS_2015","D07","MLBS","MLBS_072",,"NEON.PLA.D07.MLBS.01332",,"single bole tree","Live",12.7,130,,,,,,,"Mostly shaded",,,,,,,"xvXXx2YfvliZ3zsHMcdXOaIt4dnvXIe8wSogS8jrnDA=","cLunHzhvGfwnGSRgitcE2aQgFynzmRYl","legacyData"
"d5652738-bad0-4d4e-9fe2-21b3e08f863c","MLBS_072.basePlot.vst","2015-10-01","vst_MLBS_2015","D07","MLBS","MLBS_072",,"NEON.PLA.D07.MLBS.01303",,"single bole tree","Live",20.8,130,,,,,,,"Mostly shaded",,,,,,,"xvXXx2YfvliZ3zsHMcdXOaIt4dnvXIe8wSogS8jrnDA=","cLunHzhvGfwnGSRgitcE2aQgFynzmRYl","legacyData"
"40f5e3cb-5b88-4420-a9fc-74ec5c12e2d8","MLBS_072.basePlot.vst","2015-10-01","vst_MLBS_2015","D07","MLBS","MLBS_072",,"NEON.PLA.D07.MLBS.01333",,"single bole tree","Standing dead",59.4,130,,,,,,,"Mostly shaded",,,,,,,"xvXXx2YfvliZ3zsHMcdXOaIt4dnvXIe8wSogS8jrnDA=","cLunHzhvGfwnGSRgitcE2aQgFynzmRYl","legacyData"
"c10f1d29-cb09-4495-9543-21bcb865a546","MLBS_072.basePlot.vst","2015-10-01","vst_MLBS_2015","D07","MLBS","MLBS_072",,"NEON.PLA.D07.MLBS.01324",,"single bole tree","Live",22.0,130,,,,,,,"Mostly shaded",,,,,,,"xvXXx2YfvliZ3zsHMcdXOaIt4dnvXIe8wSogS8jrnDA=","cLunHzhvGfwnGSRgitcE2aQgFynzmRYl","legacyData"
"4290d327-bb1e-41ac-a196-15e34d4b5bb2","MLBS_068.basePlot.vst","2015-10-01","vst_MLBS_2015","D07","MLBS","MLBS_068",,"NEON.PLA.D07.MLBS.01170",,"single bole tree","Live",30.5,130,,,,,,,"Partially shaded",,,,,,,"xvXXx2YfvliZ3zsHMcdXOaIt4dnvXIe8wSogS8jrnDA=","cLunHzhvGfwnGSRgitcE2aQgFynzmRYl","legacyData"
"c681cc7a-349a-433c-9d0b-ca1cd7299c54","MLBS_068.basePlot.vst","2015-10-01","vst_MLBS_2015","D07","MLBS","MLBS_068",,"NEON.PLA.D07.MLBS.01200",,"single bole tree","Live",11.0,130,,,,,,,"Mostly shaded",,,,,,,"xvXXx2YfvliZ3zsHMcdXOaIt4dnvXIe8wSogS8jrnDA=","cLunHzhvGfwnGSRgitcE2aQgFynzmRYl","legacyData"
"f4d36c22-0b1e-4481-907e-07f7e643a081","MLBS_068.basePlot.vst","2015-10-01","vst_MLBS_2015","D07","MLBS","MLBS_068",,"NEON.PLA.D07.MLBS.01197",,"single bole tree","Live",23.3,130,,,,,,,"Mostly shaded",,,,,,,"xvXXx2YfvliZ3zsHMcdXOaIt4dnvXIe8wSogS8jrnDA=","cLunHzhvGfwnGSRgitcE2aQgFynzmRYl","legacyData"
"8faecb83-1eba-49e3-9bdc-55ed6f6479ee","MLBS_072.basePlot.vst","2015-10-01","vst_MLBS_2015","D07","MLBS","MLBS_072",,"NEON.PLA.D07.MLBS.01323",,"single bole tree","Live",27.5,130,,,,,,,"Partially shaded",,,,,,,"xvXXx2YfvliZ3zsHMcdXOaIt4dnvXIe8wSogS8jrnDA=","cLunHzhvGfwnGSRgitcE2aQgFynzmRYl","legacyData"
"a89c766c-9f23-4275-8f33-2eab6f70ff4c","MLBS_072.basePlot.vst","2015-10-01","vst_MLBS_2015","D07","MLBS","MLBS_072",,"NEON.PLA.D07.MLBS.01326",,"single bole tree","Live",23.5,130,,,,,,,"Partially shaded",,,,,,,"xvXXx2YfvliZ3zsHMcdXOaIt4dnvXIe8wSogS8jrnDA=","cLunHzhvGfwnGSRgitcE2aQgFynzmRYl","legacyData"
"99d05cb1-8fbe-4aa5-ad22-7106807d961c","MLBS_071.basePlot.vst","2015-10-01","vst_MLBS_2015","D07","MLBS","MLBS_071",,"NEON.PLA.D07.MLBS.01384",,"single bole tree","Live",26.1,130,,,,,,,"Mostly shaded",,,,,,,"xvXXx2YfvliZ3zsHMcdXOaIt4dnvXIe8wSogS8jrnDA=","cLunHzhvGfwnGSRgitcE2aQgFynzmRYl","legacyData"
"31bc7a1a-c4cb-49cd-ba44-fec3d59cf7e6","MLBS_071.basePlot.vst","2015-10-01","vst_MLBS_2015","D07","MLBS","MLBS_071",,"NEON.PLA.D07.MLBS.01400",,"small tree","Live",5.7,130,,,,,,,"Mostly shaded",,,,,,,"xvXXx2YfvliZ3zsHMcdXOaIt4dnvXIe8wSogS8jrnDA=","cLunHzhvGfwnGSRgitcE2aQgFynzmRYl","legacyData"
