uid,namedLocation,domainID,siteID,plotID,plotType,nlcdClass,decimalLatitude,decimalLongitude,geodeticDatum,coordinateUncertainty,elevation,elevationUncertainty,collectDate,eventID,sampleID,sampleCode,samplingMethod,totalSampledArea,targetTaxaPresent,adultCount,nymphCount,larvaCount,sampleCondition,samplingProtocolVersion,measuredBy,remarks
"52679402-1fa8-4869-989d-6ff56c0782c3","SJER_001.tickPlot.tck","D17","SJER","SJER_001","distributed","grasslandHerbaceous",37.107348,-119.721732,"WGS84",20.1,415.5,0.1,"2016-12-05T22:06Z","SJER.2016.49",,,"drag",170,"N",0,0,0,"No known compromise","NEON.DOC.014045vG","OB3AuIQlTTLDl5/mqouRCYZG78LEzkVg",
"0379cc67-bfda-4c6e-ba77-d275ab10b780","SJER_008.tickPlot.tck","D17","SJER","SJER_008","distributed","evergreenForest",37.106830,-119.716047,"WGS84",20.1,420.6,0.1,"2016-12-05T22:38Z","SJER.2016.49",,,"drag",160,"N",0,0,0,"No known compromise","NEON.DOC.014045vG","6HzkzFDdLaNgPi31AaqxNPsuI5nRHqWu",
"beacd57b-80ce-420b-8532-98da0100b94a","SJER_002.tickPlot.tck","D17","SJER","SJER_002","distributed","grasslandHerbaceous",37.082062,-119.744707,"WGS84",20.1,327.7,0.1,"2016-12-05T23:24Z","SJER.2016.49",,,"drag",160,"N",0,0,0,"No known compromise","NEON.DOC.014045vG","OB3AuIQlTTLDl5/mqouRCYZG78LEzkVg",
"ca60e5da-5916-435d-a417-b5935f5594c8","SJER_009.tickPlot.tck","D17","SJER","SJER_009","distributed","grasslandHerbaceous",37.118203,-119.740038,"WGS84",20.1,460.7,0.1,"2016-12-07T20:24Z","SJER.2016.49",,,"drag",170,"N",0,0,0,"No known compromise","NEON.DOC.014045vG","6HzkzFDdLaNgPi31AaqxNPsuI5nRHqWu",
"24c2b17f-97fa-4504-a300-d4d9a3366a4d","SJER_025.tickPlot.tck","D17","SJER","SJER_025","distributed","shrubScrub",37.128253,-119.760989,"WGS84",20.1,425.6,0.1,"2016-12-07T21:14Z","SJER.2016.49",,,"drag",160,"N",0,0,0,"No known compromise","NEON.DOC.014045vG","OB3AuIQlTTLDl5/mqouRCYZG78LEzkVg",
"aa3153ef-b617-4dde-b6e5-04effb1dc8e7","SJER_007.tickPlot.tck","D17","SJER","SJER_007","distributed","grasslandHerbaceous",37.112815,-119.752224,"WGS84",20.1,419.1,0.1,"2016-12-07T21:52Z","SJER.2016.49",,,"drag",175,"N",0,0,0,"No known compromise","NEON.DOC.014045vG","6HzkzFDdLaNgPi31AaqxNPsuI5nRHqWu",
