uid,namedLocation,domainID,siteID,plotID,plotType,nlcdClass,decimalLatitude,decimalLongitude,geodeticDatum,coordinateUncertainty,elevation,elevationUncertainty,collectDate,eventID,sampleID,sampleCode,samplingMethod,totalSampledArea,targetTaxaPresent,adultCount,nymphCount,larvaCount,sampleCondition,samplingProtocolVersion,measuredBy,remarks
"527e1ae1-9bed-424f-8d69-6bb34b9f9d9a","TREE_017.tickPlot.tck","D05","TREE","TREE_017","distributed","deciduousForest",45.493376,-89.575729,"WGS84",20.1,466.2,0.2,"2016-07-18T15:40Z","TREE.2016.29","TREE_017.20160718",,"drag and flag",164,"Y",0,8,1,"No known compromise","NEON.DOC.014045vG","SSLLKilYJ59gPsiuTY4/MOP/9OOiD+bT",
"40d1f261-2b17-46db-801c-d63e306273ec","TREE_005.tickPlot.tck","D05","TREE","TREE_005","distributed","woodyWetlands",45.482307,-89.557299,"WGS84",20.1,447.6,0.2,"2016-07-18T15:54Z","TREE.2016.29","TREE_005.20160718",,"drag and flag",158,"Y",2,0,0,"No known compromise","NEON.DOC.014045vG","ivTX0o97qsvQmuujGuWrKq4nHA2L9cNp",
"c19ca332-421f-4f79-ae67-0eec9d909a86","TREE_015.tickPlot.tck","D05","TREE","TREE_015","distributed","mixedForest",45.485626,-89.554320,"WGS84",20.3,462.1,0.6,"2016-07-18T17:15Z","TREE.2016.29","TREE_015.20160718",,"drag and flag",161,"Y",2,2,1,"No known compromise","NEON.DOC.014045vG","ivTX0o97qsvQmuujGuWrKq4nHA2L9cNp",
"354a00ab-83cc-4e36-8d64-3aba5ca10a5f","TREE_022.tickPlot.tck","D05","TREE","TREE_022","distributed","evergreenForest",45.494513,-89.551239,"WGS84",20.2,458.4,0.2,"2016-07-18T19:10Z","TREE.2016.29","TREE_022.20160718",,"drag and flag",155,"Y",1,6,9,"No known compromise","NEON.DOC.014045vG","ivTX0o97qsvQmuujGuWrKq4nHA2L9cNp",
"422391fe-62e9-4d1f-8665-a0c53535d769","TREE_007.tickPlot.tck","D05","TREE","TREE_007","distributed","deciduousForest",45.496399,-89.559231,"WGS84",20.2,461.3,0.3,"2016-07-18T20:35Z","TREE.2016.29","TREE_007.20160718",,"drag and flag",159,"Y",1,11,9,"No known compromise","NEON.DOC.014045vG","ivTX0o97qsvQmuujGuWrKq4nHA2L9cNp",
"af832558-1d18-4231-a64a-8825d3c82604","TREE_019.tickPlot.tck","D05","TREE","TREE_019","distributed","mixedForest",45.494788,-89.575812,"WGS84",20.3,466.2,0.5,"2016-07-18T22:20Z","TREE.2016.30","TREE_019.20160718",,"drag and flag",160,"Y",8,9,109,"No known compromise","NEON.DOC.014045vG","ivTX0o97qsvQmuujGuWrKq4nHA2L9cNp",
