uid,namedLocation,plotID,collectDate,identifiedDate,sampleID,subsampleID,scientificName,acceptedTaxonID,taxonRank,family,subfamily,tribe,subtribe,genus,subgenus,specificEpithet,infraspecificEpithet,identificationQualifier,identificationReferences,identificationProtocolVersion,scientificNameAuthorship,sexOrAge,individualCount,sampleCondition,archiveMedium,archiveFacilityID,deprecatedVialID,identifiedBy,laboratoryName,remarks
"5cfd07a5-e304-4470-8d91-59f9c59dec64","TREE_017.tickPlot.tck","TREE_017","2016-07-18T15:40Z","2017-06-28T16:00Z","TREE_017.20160718","TREE_017.20160718.IXOSCA.N","Ixodes scapularis","IXOSCA","species","Ixodidae",,,,"Ixodes",,"scapularis",,,"Cooley, R. A. and G. M. Kohls. 1945. The genus Ixodes in North America. National Institute of Health Bulletin, 184.","GSU_tickIdentification_SOP_2016-11-01.pdf","Say","Nymph",8,"OK","RNA stabilization buffer","USNMENT00984783","TREE_017.20160718.IXOSCA.N","Lorenza Beati","Georgia Southern University",
"d6d06515-0721-44b6-a3c3-c4d6f827fb50","TREE_017.tickPlot.tck","TREE_017","2016-07-18T15:40Z","2017-06-29T16:00Z","TREE_017.20160718","TREE_017.20160718.IXOSP.L","Ixodidae sp.","IXOSP","family","Ixodidae",,,,,,"sp.",,,,"GSU_tickIdentification_SOP_2016-11-01.pdf",,"Larva",1,"OK","RNA stabilization buffer","USNMENT00984857","TREE_017.20160718.L","Guy Hobbs","Georgia Southern University",
"971bc87b-6822-46c2-b948-2c23e313dc58","TREE_005.tickPlot.tck","TREE_005","2016-07-18T15:54Z","2017-06-28T16:00Z","TREE_005.20160718","TREE_005.20160718.DERVAR.F","Dermacentor variabilis","DERVAR","species","Ixodidae",,,,"Dermacentor",,"variabilis",,,"Yunker, C. E., Keirans, J. E., Clifford, C. M., and E. R. Easton. 1986. Dermacentor ticks (Acari: Ixodoidea: Ixodidae) of the New World: a scanning electron microscope atlas. Proceedings of the Entomological Society of Washington, 88(4):609-627.","GSU_tickIdentification_SOP_2016-11-01.pdf","Say","Female",1,"OK","RNA stabilization buffer","USNMENT00984776","TREE_005.20160718.DERVAR.F","Lorenza Beati","Georgia Southern University",
"b8a51c92-19f6-4474-a6c3-b3f97eb7e558","TREE_005.tickPlot.tck","TREE_005","2016-07-18T15:54Z","2017-06-28T16:00Z","TREE_005.20160718","TREE_005.20160718.DERVAR.M","Dermacentor variabilis","DERVAR","species","Ixodidae",,,,"Dermacentor",,"variabilis",,,"Yunker, C. E., Keirans, J. E., Clifford, C. M., and E. R. Easton. 1986. Dermacentor ticks (Acari: Ixodoidea: Ixodidae) of the New World: a scanning electron microscope atlas. Proceedings of the Entomological Society of Washington, 88(4):609-627.","GSU_tickIdentification_SOP_2016-11-01.pdf","Say","Male",1,"OK","RNA stabilization buffer","USNMENT00984775","TREE_005.20160718.DERVAR.M","Lorenza Beati","Georgia Southern University",
"c43dec27-cfd9-4caf-8396-63c6da0447f7","TREE_015.tickPlot.tck","TREE_015","2016-07-18T17:15Z","2017-06-28T16:00Z","TREE_015.20160718","TREE_015.20160718.DERVAR.F","Dermacentor variabilis","DERVAR","species","Ixodidae",,,,"Dermacentor",,"variabilis",,,"Yunker, C. E., Keirans, J. E., Clifford, C. M., and E. R. Easton. 1986. Dermacentor ticks (Acari: Ixodoidea: Ixodidae) of the New World: a scanning electron microscope atlas. Proceedings of the Entomological Society of Washington, 88(4):609-627.","GSU_tickIdentification_SOP_2016-11-01.pdf","Say","Female",1,"OK","RNA stabilization buffer","USNMENT00984778","TREE_015.20160718.DERVAR.F","Lorenza Beati","Georgia Southern University",
"59bbb764-435c-44ad-81e0-55bb9cc8cd2e","TREE_015.tickPlot.tck","TREE_015","2016-07-18T17:15Z","2017-06-28T16:00Z","TREE_015.20160718","TREE_015.20160718.IXOSCA.N","Ixodes scapularis","IXOSCA","species","Ixodidae",,,,"Ixodes",,"scapularis",,,"Cooley, R. A. and G. M. Kohls. 1945. The genus Ixodes in North America. National Institute of Health Bulletin, 184.","GSU_tickIdentification_SOP_2016-11-01.pdf","Say","Nymph",2,"OK","RNA stabilization buffer","USNMENT00984779","TREE_015.20160718.IXOSCA.N","Lorenza Beati","Georgia Southern University",
"353df6a3-f0b1-450b-bf20-14d6a8974bd3","TREE_015.tickPlot.tck","TREE_015","2016-07-18T17:15Z","2017-06-29T16:00Z","TREE_015.20160718","TREE_015.20160718.IXOSP.L","Ixodidae sp.","IXOSP","family","Ixodidae",,,,,,"sp.",,,,"GSU_tickIdentification_SOP_2016-11-01.pdf",,"Larva",1,"OK","RNA stabilization buffer","USNMENT00984860","TREE_015.20160718.L","Guy Hobbs","Georgia Southern University",
"241dd711-8a57-49f7-bcaa-47a28c8a8bde","TREE_015.tickPlot.tck","TREE_015","2016-07-18T17:15Z","2017-06-28T16:00Z","TREE_015.20160718","TREE_015.20160718.DERVAR.M","Dermacentor variabilis","DERVAR","species","Ixodidae",,,,"Dermacentor",,"variabilis",,,"Yunker, C. E., Keirans, J. E., Clifford, C. M., and E. R. Easton. 1986. Dermacentor ticks (Acari: Ixodoidea: Ixodidae) of the New World: a scanning electron microscope atlas. Proceedings of the Entomological Society of Washington, 88(4):609-627.","GSU_tickIdentification_SOP_2016-11-01.pdf","Say","Male",1,"OK","RNA stabilization buffer","USNMENT00984777","TREE_015.20160718.DERVAR.M","Lorenza Beati","Georgia Southern University",
"b01e5367-d87a-40c8-9f83-7dc98d5c7404","TREE_022.tickPlot.tck","TREE_022","2016-07-18T19:10Z","2017-06-28T16:00Z","TREE_022.20160718","TREE_022.20160718.DERVAR.M","Dermacentor variabilis","DERVAR","species","Ixodidae",,,,"Dermacentor",,"variabilis",,,"Yunker, C. E., Keirans, J. E., Clifford, C. M., and E. R. Easton. 1986. Dermacentor ticks (Acari: Ixodoidea: Ixodidae) of the New World: a scanning electron microscope atlas. Proceedings of the Entomological Society of Washington, 88(4):609-627.","GSU_tickIdentification_SOP_2016-11-01.pdf","Say","Male",1,"OK","RNA stabilization buffer","USNMENT00984773","TREE_022.20160718.DERVAR.M","Lorenza Beati","Georgia Southern University",
"97ebfb70-b60c-4275-a400-3e1e5080a608","TREE_022.tickPlot.tck","TREE_022","2016-07-18T19:10Z","2017-06-29T16:00Z","TREE_022.20160718","TREE_022.20160718.IXOSP.L","Ixodidae sp.","IXOSP","family","Ixodidae",,,,,,"sp.",,,,"GSU_tickIdentification_SOP_2016-11-01.pdf",,"Larva",1,"OK","RNA stabilization buffer","USNMENT00984858","TREE_022.20160718.L","Guy Hobbs","Georgia Southern University",
"3d867b7b-c2f8-4b0d-a524-af22bccb09b5","TREE_022.tickPlot.tck","TREE_022","2016-07-18T19:10Z","2017-06-28T16:00Z","TREE_022.20160718","TREE_022.20160718.IXOSCA.N","Ixodes scapularis","IXOSCA","species","Ixodidae",,,,"Ixodes",,"scapularis",,,"Cooley, R. A. and G. M. Kohls. 1945. The genus Ixodes in North America. National Institute of Health Bulletin, 184.","GSU_tickIdentification_SOP_2016-11-01.pdf","Say","Nymph",6,"OK","RNA stabilization buffer","USNMENT00984774","TREE_022.20160718.IXOSCA.N","Lorenza Beati","Georgia Southern University",
"ed2e6984-b901-4334-92eb-ce514e5f45c7","TREE_007.tickPlot.tck","TREE_007","2016-07-18T20:35Z","2017-06-28T16:00Z","TREE_007.20160718","TREE_007.20160718.IXOSCA.N","Ixodes scapularis","IXOSCA","species","Ixodidae",,,,"Ixodes",,"scapularis",,,"Cooley, R. A. and G. M. Kohls. 1945. The genus Ixodes in North America. National Institute of Health Bulletin, 184.","GSU_tickIdentification_SOP_2016-11-01.pdf","Say","Nymph",10,"OK","RNA stabilization buffer","USNMENT00984771","TREE_007.20160718.IXOSCA.N","Lorenza Beati","Georgia Southern University",
"45889e61-bfc7-49e8-afe9-c053898d20fc","TREE_007.tickPlot.tck","TREE_007","2016-07-18T20:35Z","2017-06-29T16:00Z","TREE_007.20160718","TREE_007.20160718.IXOSP.L","Ixodidae sp.","IXOSP","family","Ixodidae",,,,,,"sp.",,,,"GSU_tickIdentification_SOP_2016-11-01.pdf",,"Larva",1,"OK","RNA stabilization buffer","USNMENT00984856","TREE_007.20160718.L","Guy Hobbs","Georgia Southern University",
"21c29ef8-cb88-4443-8a99-a50d77af125f","TREE_007.tickPlot.tck","TREE_007","2016-07-18T20:35Z","2017-06-28T16:00Z","TREE_007.20160718","TREE_007.20160718.IXOSCA.F","Ixodes scapularis","IXOSCA","species","Ixodidae",,,,"Ixodes",,"scapularis",,,"Cooley, R. A. and G. M. Kohls. 1945. The genus Ixodes in North America. National Institute of Health Bulletin, 184.","GSU_tickIdentification_SOP_2016-11-01.pdf","Say","Female",1,"OK","RNA stabilization buffer","USNMENT00984772","TREE_007.20160718.IXOSCA.F","Lorenza Beati","Georgia Southern University",
"85054c11-3814-4d0e-bee5-dc1def78e681","TREE_019.tickPlot.tck","TREE_019","2016-07-18T22:20Z","2017-06-28T16:00Z","TREE_019.20160718","TREE_019.20160718.IXOSCA.N","Ixodes scapularis","IXOSCA","species","Ixodidae",,,,"Ixodes",,"scapularis",,,"Cooley, R. A. and G. M. Kohls. 1945. The genus Ixodes in North America. National Institute of Health Bulletin, 184.","GSU_tickIdentification_SOP_2016-11-01.pdf","Say","Nymph",9,"OK","RNA stabilization buffer","USNMENT00984782","TREE_019.20160718.IXOSCA.N","Lorenza Beati","Georgia Southern University",
"4a538b7e-69c8-411f-8756-db7ca82a5634","TREE_019.tickPlot.tck","TREE_019","2016-07-18T22:20Z","2017-06-28T16:00Z","TREE_019.20160718","TREE_019.20160718.DERVAR.M","Dermacentor variabilis","DERVAR","species","Ixodidae",,,,"Dermacentor",,"variabilis",,,"Yunker, C. E., Keirans, J. E., Clifford, C. M., and E. R. Easton. 1986. Dermacentor ticks (Acari: Ixodoidea: Ixodidae) of the New World: a scanning electron microscope atlas. Proceedings of the Entomological Society of Washington, 88(4):609-627.","GSU_tickIdentification_SOP_2016-11-01.pdf","Say","Male",5,"OK","RNA stabilization buffer","USNMENT00984780","TREE_019.20160718.DERVAR.M","Lorenza Beati","Georgia Southern University",
"c15aafaf-4093-4143-b51a-a9165b45591e","TREE_019.tickPlot.tck","TREE_019","2016-07-18T22:20Z","2017-06-28T16:00Z","TREE_019.20160718","TREE_019.20160718.DERVAR.F","Dermacentor variabilis","DERVAR","species","Ixodidae",,,,"Dermacentor",,"variabilis",,,"Yunker, C. E., Keirans, J. E., Clifford, C. M., and E. R. Easton. 1986. Dermacentor ticks (Acari: Ixodoidea: Ixodidae) of the New World: a scanning electron microscope atlas. Proceedings of the Entomological Society of Washington, 88(4):609-627.","GSU_tickIdentification_SOP_2016-11-01.pdf","Say","Female",2,"OK","RNA stabilization buffer","USNMENT00984781","TREE_019.20160718.DERVAR.F","Lorenza Beati","Georgia Southern University",
"2f0115a1-0697-4d92-8676-a9f4074afdc6","TREE_019.tickPlot.tck","TREE_019","2016-07-18T22:20Z","2017-06-29T16:00Z","TREE_019.20160718","TREE_019.20160718.IXOSP.L","Ixodidae sp.","IXOSP","family","Ixodidae",,,,,,"sp.",,,,"GSU_tickIdentification_SOP_2016-11-01.pdf",,"Larva",1,"OK","RNA stabilization buffer","USNMENT00984861","TREE_019.20160718.L","Guy Hobbs","Georgia Southern University",
