uid,namedLocation,domainID,siteID,plotID,plotType,nlcdClass,decimalLatitude,decimalLongitude,geodeticDatum,coordinateUncertainty,elevation,elevationUncertainty,collectDate,eventID,sampleID,sampleCode,samplingMethod,totalSampledArea,targetTaxaPresent,adultCount,nymphCount,larvaCount,sampleCondition,samplingProtocolVersion,measuredBy,remarks
"9552f4ac-c25a-42d1-bf6b-fabce38bc39f","UKFS_003.tickPlot.tck","D06","UKFS","UKFS_003","distributed","deciduousForest",39.053769,-95.187084,"WGS84",20.1,323.1,0.1,"2018-05-01T14:35Z","UKFS.2018.18","UKFS_003.20180501","B00000015870","drag and flag",165,"Y",35,4,1,"No known compromise","NEON.DOC.014045vJ","ryPwirbLIGP0z95AI2Ix9nYd6s942sQlUAwVL4UApoo=",
"6478ca09-bb4f-4067-be63-23ea420ea21c","UKFS_018.tickPlot.tck","D06","UKFS","UKFS_018","distributed","grasslandHerbaceous",39.053205,-95.194659,"WGS84",20.1,325.8,0.1,"2018-05-01T15:19Z","UKFS.2018.18","UKFS_018.20180501","B00000015638","drag",160,"Y",0,1,0,"No known compromise","NEON.DOC.014045vJ","ryPwirbLIGP0z95AI2Ix9nYd6s942sQlUAwVL4UApoo=",
"4c95ac1b-0d8b-4e0c-a28e-680697dc1acf","UKFS_002.tickPlot.tck","D06","UKFS","UKFS_002","distributed","deciduousForest",39.045892,-95.207026,"WGS84",20.1,316.0,0.2,"2018-05-01T15:51Z","UKFS.2018.18","UKFS_002.20180501","B00000015635","drag and flag",160,"Y",0,1,0,"No known compromise","NEON.DOC.014045vJ","ryPwirbLIGP0z95AI2Ix9nYd6s942sQlUAwVL4UApoo=",
"5a2f7377-9baa-442c-819d-ba516afb9034","UKFS_030.tickPlot.tck","D06","UKFS","UKFS_030","distributed","grasslandHerbaceous",39.045115,-95.213433,"WGS84",20.1,321.9,0.1,"2018-05-01T16:19Z","UKFS.2018.18",,,"drag",160,"N",0,0,0,"No known compromise","NEON.DOC.014045vJ","ryPwirbLIGP0z95AI2Ix9nYd6s942sQlUAwVL4UApoo=",
"6bae6afd-1bdf-4b14-aa64-c395540879ae","UKFS_004.tickPlot.tck","D06","UKFS","UKFS_004","distributed","deciduousForest",39.043188,-95.201000,"WGS84",20.1,320.0,0.2,"2018-05-01T16:55Z","UKFS.2018.18","UKFS_004.20180501","B00000015636","drag and flag",160,"Y",9,3,0,"No known compromise","NEON.DOC.014045vJ","ryPwirbLIGP0z95AI2Ix9nYd6s942sQlUAwVL4UApoo=",
"08961370-e2bb-40ca-ae1d-8aecd4ab18f2","UKFS_001.tickPlot.tck","D06","UKFS","UKFS_001","distributed","deciduousForest",39.037238,-95.198631,"WGS84",20.1,322.7,0.1,"2018-05-01T17:42Z","UKFS.2018.18","UKFS_001.20180501","B00000015871","flag",156,"Y",19,15,0,"No known compromise","NEON.DOC.014045vJ","ryPwirbLIGP0z95AI2Ix9nYd6s942sQlUAwVL4UApoo=",
"df66ed3a-6c28-45c4-941a-4ff283a40e13","UKFS_003.tickPlot.tck","D06","UKFS","UKFS_003","distributed","deciduousForest",39.053769,-95.187084,"WGS84",20.1,323.1,0.1,"2018-05-22T18:11Z","UKFS.2018.21","UKFS_003.20180522","B00000015955","drag and flag",170,"Y",49,31,0,"No known compromise","NEON.DOC.014045vJ","kkbwkCoDsA6KGEHVdDf/jWkh+6A9lNBAX0snNK7CGzQ=",
"b0f6f3f6-f567-48be-959b-5f799054ced0","UKFS_001.tickPlot.tck","D06","UKFS","UKFS_001","distributed","deciduousForest",39.037238,-95.198631,"WGS84",20.1,322.7,0.1,"2018-05-22T18:47Z","UKFS.2018.21","UKFS_001.20180522","B00000015954","drag and flag",180,"Y",18,31,0,"No known compromise","NEON.DOC.014045vJ","0QknftH/249Fzeup5XgxDmRFrswKMEXrpdiqA+dT0Pw=","Sampled 20m out of plot"
"397b7b3f-f503-45b5-8b61-e1155cc05aff","UKFS_018.tickPlot.tck","D06","UKFS","UKFS_018","distributed","grasslandHerbaceous",39.053205,-95.194659,"WGS84",20.1,325.8,0.1,"2018-05-22T19:02Z","UKFS.2018.21","UKFS_018.20180522","B00000015873","drag",160,"Y",0,3,0,"No known compromise","NEON.DOC.014045vJ","ryPwirbLIGP0z95AI2Ix9nYd6s942sQlUAwVL4UApoo=",
"37167ffe-4a02-4f68-a18e-e8f1de0b0cc2","UKFS_004.tickPlot.tck","D06","UKFS","UKFS_004","distributed","deciduousForest",39.043188,-95.201000,"WGS84",20.1,320.0,0.2,"2018-05-22T19:36Z","UKFS.2018.21","UKFS_004.20180522","B00000015876","drag and flag",168,"Y",13,28,0,"No known compromise","NEON.DOC.014045vJ","ryPwirbLIGP0z95AI2Ix9nYd6s942sQlUAwVL4UApoo=",
"d29e65b1-dea7-4cfc-bb5f-1d39aea0e988","UKFS_030.tickPlot.tck","D06","UKFS","UKFS_030","distributed","grasslandHerbaceous",39.045115,-95.213433,"WGS84",20.1,321.9,0.1,"2018-05-22T20:03Z","UKFS.2018.21","UKFS_030.20180522","B00000015952","drag",160,"Y",1,1,0,"No known compromise","NEON.DOC.014045vJ","0QknftH/249Fzeup5XgxDmRFrswKMEXrpdiqA+dT0Pw=",
"4ea6d545-6e94-4fa4-9986-b37c26ca6420","UKFS_002.tickPlot.tck","D06","UKFS","UKFS_002","distributed","deciduousForest",39.045892,-95.207026,"WGS84",20.1,316.0,0.2,"2018-05-22T20:05Z","UKFS.2018.21","UKFS_002.20180522","B00000015950","drag and flag",164,"Y",23,13,0,"No known compromise","NEON.DOC.014045vJ","ryPwirbLIGP0z95AI2Ix9nYd6s942sQlUAwVL4UApoo=",
