uid,namedLocation,domainID,siteID,plotID,plotType,nlcdClass,decimalLatitude,decimalLongitude,geodeticDatum,coordinateUncertainty,elevation,elevationUncertainty,collectDate,eventID,sampleID,sampleCode,samplingMethod,totalSampledArea,targetTaxaPresent,adultCount,nymphCount,larvaCount,sampleCondition,samplingProtocolVersion,measuredBy,remarks
"2dfa68a8-9310-476d-842e-6f36c394b165","LAJA_001.tickPlot.tck","D04","LAJA","LAJA_001","distributed","grasslandHerbaceous",18.025778,-67.076305,"WGS84",20.1,21.9,0.1,"2018-07-18T11:50Z","LAJA.2018.29",,,"drag",160,"N",0,0,0,,"NEON.DOC.014045vJ","zPBe+8pzAK3Kf4/L2qJV36CjLL5KpYr+dJur8mfsxKJSqtDZzH3Glg==",
"d6fb8b98-f36e-4547-9156-4dfc6b9352ce","LAJA_002.tickPlot.tck","D04","LAJA","LAJA_002","distributed","cultivatedCrops",18.034056,-67.073646,"WGS84",20.1,30.6,0.1,"2018-07-18T13:00Z","LAJA.2018.29",,,"drag",160,"N",0,0,0,,"NEON.DOC.014045vJ","zPBe+8pzAK3Kf4/L2qJV36CjLL5KpYr+dJur8mfsxKJSqtDZzH3Glg==",
"4a417b73-362d-4767-83ef-8af214038dcb","LAJA_004.tickPlot.tck","D04","LAJA","LAJA_004","distributed","pastureHay",18.016761,-67.079966,"WGS84",20.1,14.2,0.1,"2018-07-18T14:40Z","LAJA.2018.29",,,"drag",160,"N",0,0,0,,"NEON.DOC.014045vJ","zPBe+8pzAK3Kf4/L2qJV36CjLL5KpYr+dJur8mfsxKJSqtDZzH3Glg==",
"3f756fac-199c-42b9-972a-cc1dd52fcdb4","LAJA_003.tickPlot.tck","D04","LAJA","LAJA_003","distributed","pastureHay",18.024566,-67.081257,"WGS84",20.1,19.8,0.1,"2018-07-19T11:40Z","LAJA.2018.29",,,"drag",160,"N",0,0,0,,"NEON.DOC.014045vJ","K7paogYv/yPIIcW0CksD14fzjU5WLb1V7F2Sb1uqUqc=",
"0f0c9742-398b-4850-80f3-d8ac710f0495","LAJA_005.tickPlot.tck","D04","LAJA","LAJA_005","distributed","pastureHay",18.026834,-67.085519,"WGS84",20.1,21.3,0.1,"2018-07-19T13:00Z","LAJA.2018.29",,,"drag",160,"N",0,0,0,,"NEON.DOC.014045vJ","K7paogYv/yPIIcW0CksD14fzjU5WLb1V7F2Sb1uqUqc=",
"f80c600e-004a-4e28-aabd-feb8c50efb46","LAJA_030.tickPlot.tck","D04","LAJA","LAJA_030","distributed","evergreenForest",18.038595,-67.070394,"WGS84",20.1,31.1,0.1,"2018-07-19T14:42Z","LAJA.2018.29",,,"drag and flag",160,"N",0,0,0,,"NEON.DOC.014045vJ","K7paogYv/yPIIcW0CksD14fzjU5WLb1V7F2Sb1uqUqc=",
