uid,namedLocation,date,domainID,siteID,plotID,plotType,nlcdClass,decimalLatitude,decimalLongitude,geodeticDatum,coordinateUncertainty,easting,northing,utmZone,elevation,elevationUncertainty,eventID,samplingProtocolVersion,treesPresent,treesAbsentList,shrubsPresent,shrubsAbsentList,lianasPresent,lianasAbsentList,nestedSubplotAreaShrubSapling,nestedSubplotAreaLiana,totalSampledAreaTrees,totalSampledAreaShrubSapling,totalSampledAreaLiana,remarks,measuredBy,recordedBy,dataQF
"9568be58-eb4a-4321-b94e-0f60dec9fb64","HARV_046.basePlot.vst","2015-11-03","D01","HARV","HARV_046","tower","mixedForest",42.537915,-72.180751,"WGS84",20.3,731514.96,4713355.60,"18N",360.8,0.2,"vst_HARV_2015","NEON.DOC.000987vD",,,,,,,"10","noneSelected",800,40,800,,"afMynumrDJcbQNK5ece65stvlBUGBI24","9/lkABCL2n4b6r19n9Zi1qNJWAzd94Zk","legacyData"
"7b0f8d5d-2002-4ad7-8a87-bc769db5faa6","HARV_040.basePlot.vst","2015-11-04","D01","HARV","HARV_040","tower","mixedForest",42.539927,-72.175934,"WGS84",20.2,731903.10,4713592.22,"18N",342.2,0.3,"vst_HARV_2015","NEON.DOC.000987vD",,,,,,,"1","noneSelected",800,4,800,,"xYAz/hoNa4beHeF8Co82eF9aIjZ5mOeG","9/lkABCL2n4b6r19n9Zi1qNJWAzd94Zk","legacyData"
"2e03b072-6055-4785-9294-2c4089dda07a","HARV_046.basePlot.vst","2015-11-04","D01","HARV","HARV_046","tower","mixedForest",42.537915,-72.180751,"WGS84",20.3,731514.96,4713355.60,"18N",360.8,0.2,"vst_HARV_2015","NEON.DOC.000987vD",,,,,,,"10","noneSelected",800,40,800,,"xYAz/hoNa4beHeF8Co82eF9aIjZ5mOeG","9/lkABCL2n4b6r19n9Zi1qNJWAzd94Zk","legacyData"
"19e145da-649c-4c70-b116-f7ab164db1d3","HARV_033.basePlot.vst","2015-11-05","D01","HARV","HARV_033","tower","deciduousForest",42.538310,-72.175606,"WGS84",20.2,731936.03,4713413.55,"18N",359.0,0.3,"vst_HARV_2015","NEON.DOC.000987vD",,,,,,,"100","noneSelected",800,400,800,"no transcription errors","9/lkABCL2n4b6r19n9Zi1qNJWAzd94Zk","9/lkABCL2n4b6r19n9Zi1qNJWAzd94Zk","legacyData"
"e6c3d5c6-9043-4793-9454-e722dc5957ed","HARV_051.basePlot.vst","2015-11-05","D01","HARV","HARV_051","tower","mixedForest",42.534090,-72.179145,"WGS84",20.3,731661.00,4712935.23,"18N",368.2,0.5,"vst_HARV_2015","NEON.DOC.000987vD",,,,,,,"100","noneSelected",800,400,800,"no transcription errors","afMynumrDJcbQNK5ece65stvlBUGBI24","9/lkABCL2n4b6r19n9Zi1qNJWAzd94Zk","legacyData"
"34c59c23-ead7-4751-8ad1-699dc811e808","HARV_034.basePlot.vst","2015-11-13","D01","HARV","HARV_034","tower","evergreenForest",42.535693,-72.177962,"WGS84",20.2,731752.23,4713116.48,"18N",372.9,0.2,"vst_HARV_2015","NEON.DOC.000987vD",,,,,,,"10","noneSelected",800,40,800,"no transcription errors","xYAz/hoNa4beHeF8Co82eF9aIjZ5mOeG","9/lkABCL2n4b6r19n9Zi1qNJWAzd94Zk","legacyData"
"eb443459-0f99-428f-9af5-4bc1b9affa5b","HARV_039.basePlot.vst","2015-11-17","D01","HARV","HARV_039","tower","mixedForest",42.533244,-72.177698,"WGS84",20.2,731782.97,4712845.24,"18N",382.0,0.4,"vst_HARV_2015","NEON.DOC.000987vD",,,,,,,"100","noneSelected",800,400,800,"no transcription errors","xYAz/hoNa4beHeF8Co82eF9aIjZ5mOeG","9/lkABCL2n4b6r19n9Zi1qNJWAzd94Zk","legacyData"
"4e894ea3-7105-4031-b62b-b9c5173c943f","HARV_042.basePlot.vst","2015-11-18","D01","HARV","HARV_042","tower","mixedForest",42.534180,-72.176562,"WGS84",20.2,731872.81,4712952.29,"18N",368.8,0.3,"vst_HARV_2015","NEON.DOC.000987vD",,,,,,,"10","noneSelected",800,40,800,"no transcription errors","FXeeUI9aIn8X0VAR1BEIFKA+Tv3GsCYT","xYAz/hoNa4beHeF8Co82eF9aIjZ5mOeG","legacyData"
