uid,namedLocation,domainID,siteID,plotID,plotType,nlcdClass,decimalLatitude,decimalLongitude,geodeticDatum,coordinateUncertainty,elevation,elevationUncertainty,collectDate,eventID,sampleID,sampleCode,samplingMethod,totalSampledArea,targetTaxaPresent,adultCount,nymphCount,larvaCount,sampleCondition,samplingProtocolVersion,measuredBy,remarks
"2ff1dd2a-787a-4c38-83cc-a9351b17804e","LAJA_003.tickPlot.tck","D04","LAJA","LAJA_003","distributed","pastureHay",18.024566,-67.081257,"WGS84",20.1,19.8,0.1,"2016-12-14T13:20Z","LAJA.2016.50",,,"drag",105,"N",0,0,0,"Other (described in remarks)","NEON.DOC.014045vG","JYpGqoh1QQ3eP5RIJnpEN1WEYfJadbWZ","No Captures/55M not sample due to flooded area"
"bd62fc6a-303f-4c60-92d0-fddd9efc19a6","LAJA_001.tickPlot.tck","D04","LAJA","LAJA_001","distributed","grasslandHerbaceous",18.025778,-67.076305,"WGS84",20.1,21.9,0.1,"2016-12-14T14:47Z","LAJA.2016.50",,,"drag",136,"N",0,0,0,"Other (described in remarks)","NEON.DOC.014045vG","JYpGqoh1QQ3eP5RIJnpEN1WEYfJadbWZ","No captures/24M not sample due to flooding"
"d49f921d-4518-420e-ae87-ab5719094f6e","LAJA_002.tickPlot.tck","D04","LAJA","LAJA_002","distributed","cultivatedCrops",18.034056,-67.073646,"WGS84",20.1,30.6,0.1,"2016-12-14T17:18Z","LAJA.2016.50",,,"drag and flag",114,"N",0,0,0,"Other (described in remarks)","NEON.DOC.014045vG","JYpGqoh1QQ3eP5RIJnpEN1WEYfJadbWZ","No captures/46M skipped due to fallen trees"
"fc8bdc30-df85-4b74-a09c-4c148baa8d67","LAJA_030.tickPlot.tck","D04","LAJA","LAJA_030","distributed","evergreenForest",18.038595,-67.070394,"WGS84",20.1,31.1,0.1,"2016-12-15T16:49Z","LAJA.2016.50",,,"flag",150,"N",0,0,0,"Other (described in remarks)","NEON.DOC.014045vG","JYpGqoh1QQ3eP5RIJnpEN1WEYfJadbWZ","No captures/10M skipped due to high vegetation"
