uid,namedLocation,domainID,siteID,plotID,plotType,nlcdClass,decimalLatitude,decimalLongitude,geodeticDatum,coordinateUncertainty,elevation,elevationUncertainty,collectDate,eventID,sampleID,sampleCode,samplingMethod,totalSampledArea,targetTaxaPresent,adultCount,nymphCount,larvaCount,sampleCondition,samplingProtocolVersion,measuredBy,remarks
"90f939eb-ea5c-4537-9e2f-b5e046c52d22","NIWO_005.tickPlot.tck","D13","NIWO","NIWO_005","distributed","evergreenForest",40.043842,-105.571603,"WGS84",20.3,3285.9,0.4,"2016-10-24T16:21Z","NIWO.2016.43",,,"drag and flag",164,"N",0,0,0,"No known compromise","NEON.DOC.014045vG","1dFEKNySUBNuq4xEVAo4quQhHklgSxBG",
"4596ccd6-d5a5-461d-88a0-f34c483229cf","NIWO_003.tickPlot.tck","D13","NIWO","NIWO_003","distributed","grasslandHerbaceous",40.050268,-105.566230,"WGS84",20.1,3460.4,0.1,"2016-10-24T17:50Z","NIWO.2016.43",,,"drag",160,"N",0,0,0,"No known compromise","NEON.DOC.014045vG","1dFEKNySUBNuq4xEVAo4quQhHklgSxBG",
"087d6129-8ff4-4b67-9ff5-3cd8b9f85cda","NIWO_006.tickPlot.tck","D13","NIWO","NIWO_006","distributed","grasslandHerbaceous",40.055786,-105.563006,"WGS84",20.1,3455.0,0.1,"2016-10-24T18:48Z","NIWO.2016.43",,,"drag",160,"N",0,0,0,"No known compromise","NEON.DOC.014045vG","1dFEKNySUBNuq4xEVAo4quQhHklgSxBG",
"0b0ee7fe-e41f-4c31-814e-5cfb31411953","NIWO_021.tickPlot.tck","D13","NIWO","NIWO_021","distributed","evergreenForest",40.041022,-105.541760,"WGS84",20.1,2976.6,0.1,"2016-10-27T15:38Z","NIWO.2016.43",,,"drag and flag",166,"N",0,0,0,"No known compromise","NEON.DOC.014045vG","b5Bt2/WAcobZn6HG5BJ0XugSCqR8u1Uj4+iyEzptoVg=",
"fa64bd75-ccce-4e5b-aa20-2bde44a0882c","NIWO_011.tickPlot.tck","D13","NIWO","NIWO_011","distributed","evergreenForest",40.035326,-105.554902,"WGS84",20.4,3103.3,0.4,"2016-10-27T17:08Z","NIWO.2016.43",,,"drag and flag",172,"N",0,0,0,"No known compromise","NEON.DOC.014045vG","fad3GbP1kauT6szusIfAI4fCy4PuXCvr",
"898db551-0b92-45ce-b79e-0dab83a85421","NIWO_017.tickPlot.tck","D13","NIWO","NIWO_017","distributed","evergreenForest",40.042252,-105.565951,"WGS84",20.2,3263.7,0.2,"2016-10-27T18:30Z","NIWO.2016.43",,,"drag and flag",173,"N",0,0,0,"No known compromise","NEON.DOC.014045vG","fad3GbP1kauT6szusIfAI4fCy4PuXCvr",
