uid,namedLocation,domainID,siteID,plotID,plotType,nlcdClass,decimalLatitude,decimalLongitude,geodeticDatum,coordinateUncertainty,elevation,elevationUncertainty,collectDate,eventID,sampleID,sampleCode,samplingMethod,totalSampledArea,targetTaxaPresent,adultCount,nymphCount,larvaCount,sampleCondition,samplingProtocolVersion,measuredBy,remarks
"0ec3979f-4b7c-4216-a7d5-25fc4ad2c64c","CPER_002.tickPlot.tck","D10","CPER","CPER_002","distributed","grasslandHerbaceous",40.811446,-104.727626,"WGS84",20.1,1645.8,0.1,"2016-08-25T16:36Z","CPER.2016.34",,,"drag",160,"N",0,0,0,"No known compromise","NEON.DOC.014045vG","BqCb9Tf29qD4ATXS+gERPWj8x6meZ+oR",
"e5b89f89-3c31-4de7-a7f0-64613ab8853e","CPER_004.tickPlot.tck","D10","CPER","CPER_004","distributed","grasslandHerbaceous",40.814104,-104.696817,"WGS84",20.1,1617.2,0.1,"2016-08-25T17:30Z","CPER.2016.34",,,"drag",160,"N",0,0,0,"No known compromise","NEON.DOC.014045vG","BqCb9Tf29qD4ATXS+gERPWj8x6meZ+oR",
"c5890783-9b39-4a46-88a4-705a0a0df9c7","CPER_003.tickPlot.tck","D10","CPER","CPER_003","distributed","grasslandHerbaceous",40.819808,-104.707147,"WGS84",20.1,1625.7,0.1,"2016-08-25T18:21Z","CPER.2016.34",,,"drag",160,"N",0,0,0,"No known compromise","NEON.DOC.014045vG","BqCb9Tf29qD4ATXS+gERPWj8x6meZ+oR",
"efa56be3-ae2f-4bd3-a637-22478464866a","CPER_007.tickPlot.tck","D10","CPER","CPER_007","distributed","grasslandHerbaceous",40.860878,-104.684952,"WGS84",20.1,1646.7,0.1,"2016-08-25T19:20Z","CPER.2016.34",,,"drag",160,"N",0,0,0,"No known compromise","NEON.DOC.014045vG","BqCb9Tf29qD4ATXS+gERPWj8x6meZ+oR",
"f940e229-9fac-4399-8e11-e600f88ef483","CPER_001.tickPlot.tck","D10","CPER","CPER_001","distributed","grasslandHerbaceous",40.851012,-104.701302,"WGS84",20.1,1639.1,0.1,"2016-08-25T20:16Z","CPER.2016.34",,,"drag",160,"N",0,0,0,"No known compromise","NEON.DOC.014045vG","BqCb9Tf29qD4ATXS+gERPWj8x6meZ+oR",
"2ab3f2d3-49ca-44aa-8ce4-fb5f9dad2393","CPER_005.tickPlot.tck","D10","CPER","CPER_005","distributed","grasslandHerbaceous",40.852571,-104.726331,"WGS84",20.1,1662.6,0.1,"2016-08-25T21:06Z","CPER.2016.34",,,"drag",160,"N",0,0,0,"No known compromise","NEON.DOC.014045vG","BqCb9Tf29qD4ATXS+gERPWj8x6meZ+oR",
