uid,namedLocation,domainID,siteID,plotID,plotType,nlcdClass,decimalLatitude,decimalLongitude,geodeticDatum,coordinateUncertainty,elevation,elevationUncertainty,collectDate,eventID,sampleID,sampleCode,samplingMethod,totalSampledArea,targetTaxaPresent,adultCount,nymphCount,larvaCount,sampleCondition,samplingProtocolVersion,measuredBy,remarks
"c22110c9-1a41-4f3d-ac0a-3da76f341f43","UNDE_011.tickPlot.tck","D05","UNDE","UNDE_011","distributed","woodyWetlands",46.213935,-89.505950,"WGS84",20.3,507.7,0.4,"2014-07-16T15:22Z","UNDE.2014.28",,,"drag and flag",134,"N",0,0,0,,"NEON.DOC.014045vD","PybWB+gNQtj9ylvl4Eeugg==","Skipped 35 meters; flagged 9 meters, no transcription errors"
"18acf784-be3c-49fa-a8d9-3f4846765039","UNDE_013.tickPlot.tck","D05","UNDE","UNDE_013","distributed","deciduousForest",46.227776,-89.535166,"WGS84",20.2,510.3,0.3,"2014-07-16T15:35Z","UNDE.2014.28",,,"drag and flag",169,"N",0,0,0,,"NEON.DOC.014045vD","02mfIGuJoXd8YGqNMit8tA==",
"00425129-3273-4034-a31c-13ddc1ac3f92","UNDE_019.tickPlot.tck","D05","UNDE","UNDE_019","distributed","deciduousForest",46.257425,-89.542054,"WGS84",20.2,519.0,0.2,"2014-07-16T16:05Z","UNDE.2014.28","UNDE_019.20140716",,"drag and flag",167,"Y",1,0,0,"No known compromise","NEON.DOC.014045vD","02mfIGuJoXd8YGqNMit8tA==",
"691e0144-138a-40a1-b3a7-9030a1c57495","UNDE_017.tickPlot.tck","D05","UNDE","UNDE_017","distributed","mixedForest",46.236736,-89.497054,"WGS84",20.1,518.8,0.2,"2014-07-16T16:50Z","UNDE.2014.28",,,"drag and flag",162,"N",0,0,0,,"NEON.DOC.014045vD","EnNYaN9AODRiQMOaYfKxKQ==","flagged 5 meters"
"863d8b43-5643-4c60-bb9a-1511a3f15a0a","UNDE_002.tickPlot.tck","D05","UNDE","UNDE_002","distributed","woodyWetlands",46.242285,-89.543255,"WGS84",20.3,506.2,0.4,"2014-07-16T17:28Z","UNDE.2014.28",,,"drag and flag",130,"N",0,0,0,,"NEON.DOC.014045vD","02mfIGuJoXd8YGqNMit8tA==","Forced to skip over a few wet areas and some areas too thick to drag or flag, no transcription errors"
"9280c8d8-c5e9-4eb9-bb37-3825579533d1","UNDE_003.tickPlot.tck","D05","UNDE","UNDE_003","distributed","woodyWetlands",46.257317,-89.534895,"WGS84",20.1,501.9,0.1,"2014-07-16T18:25Z","UNDE.2014.28",,,"drag and flag",165,"N",0,0,0,,"NEON.DOC.014045vD","PybWB+gNQtj9ylvl4Eeugg==","Flagged 35 meters"
