uid,namedLocation,domainID,siteID,plotID,plotType,nlcdClass,decimalLatitude,decimalLongitude,geodeticDatum,coordinateUncertainty,elevation,elevationUncertainty,collectDate,eventID,sampleID,sampleCode,samplingMethod,totalSampledArea,targetTaxaPresent,adultCount,nymphCount,larvaCount,sampleCondition,samplingProtocolVersion,measuredBy,remarks
"745bd6f2-2939-4ee0-9b66-6c5f0ced3f9e","BARR_030.tickPlot.tck","D18","BARR","BARR_030","distributed","sedgeHerbaceous",71.247964,-156.434250,"WGS84",20.1,4.9,0.1,"2018-06-26T18:06Z","BARR.2018.26",,,"drag",80,"N",0,0,0,,"NEON.DOC.014045vJ","+wmRCJ94RBVYVw7BO61SEb7PUfFw/Z78D7y6iRzx1k4=",
"4c101edd-c93b-486c-8fb4-0aa63db15f40","BARR_084.tickPlot.tck","D18","BARR","BARR_084","distributed","sedgeHerbaceous",71.247981,-156.448470,"WGS84",20.1,5.1,0.1,"2018-06-26T18:40Z","BARR.2018.26",,,"drag",80,"N",0,0,0,,"NEON.DOC.014045vJ","+wmRCJ94RBVYVw7BO61SEb7PUfFw/Z78D7y6iRzx1k4=",
"a9f2f755-28bb-42ca-92f0-6285517ec75f","BARR_037.tickPlot.tck","D18","BARR","BARR_037","distributed","sedgeHerbaceous",71.250379,-156.489120,"WGS84",20.1,3.4,0.1,"2018-06-26T19:23Z","BARR.2018.26",,,"drag",80,"N",0,0,0,,"NEON.DOC.014045vJ","SokTyoGA+6BAdUbPhhNt0fmvWRN0NTh+/2nrzz7rPlk=",
"a6d4bbb3-4b5d-49ba-939b-28b03166e657","BARR_031.tickPlot.tck","D18","BARR","BARR_031","distributed","sedgeHerbaceous",71.252010,-156.505674,"WGS84",20.1,4.9,0.1,"2018-06-26T19:40Z","BARR.2018.26",,,"drag",80,"N",0,0,0,,"NEON.DOC.014045vJ","+wmRCJ94RBVYVw7BO61SEb7PUfFw/Z78D7y6iRzx1k4=",
"136bab8d-2fc5-4259-9e8a-23172408da53","BARR_034.tickPlot.tck","D18","BARR","BARR_034","distributed","sedgeHerbaceous",71.256148,-156.532613,"WGS84",20.1,6.5,0.1,"2018-06-26T20:04Z","BARR.2018.26",,,"drag",84,"N",0,0,0,,"NEON.DOC.014045vJ","+wmRCJ94RBVYVw7BO61SEb7PUfFw/Z78D7y6iRzx1k4=",
