uid,namedLocation,domainID,siteID,plotID,plotType,nlcdClass,decimalLatitude,decimalLongitude,geodeticDatum,coordinateUncertainty,elevation,elevationUncertainty,collectDate,eventID,sampleID,sampleCode,samplingMethod,totalSampledArea,targetTaxaPresent,adultCount,nymphCount,larvaCount,sampleCondition,samplingProtocolVersion,measuredBy,remarks
"f4a336f3-47da-4335-8571-5ad7ec2bd1bb","WOOD_009.tickPlot.tck","D09","WOOD","WOOD_009","distributed","grasslandHerbaceous",47.144534,-99.231072,"WGS84",20.1,573.5,0.2,"2014-05-13T15:36Z","WOOD.2014.19",,,"drag",160,"N",0,0,0,,"NEON.DOC.014045vD","kG/1AxPobKjgdYAdSrmzKg==","High Winds; no transcription errors found"
"d29c4fff-3d18-4c57-855a-492a59236ee3","WOOD_002.tickPlot.tck","D09","WOOD","WOOD_002","distributed","grasslandHerbaceous",47.136802,-99.234546,"WGS84",20.1,578.3,0.1,"2014-05-13T16:07Z","WOOD.2014.19",,,"drag",160,"N",0,0,0,,"NEON.DOC.014045vD","kG/1AxPobKjgdYAdSrmzKg==","High Winds"
"693c0cbf-aa31-4d4c-8f6e-745a54583df2","WOOD_006.tickPlot.tck","D09","WOOD","WOOD_006","distributed","grasslandHerbaceous",47.141023,-99.248055,"WGS84",20.1,587.2,0.1,"2014-05-13T17:12Z","WOOD.2014.19","WOOD_006.20140513",,"drag",160,"Y",1,0,0,"No known compromise","NEON.DOC.014045vD","kG/1AxPobKjgdYAdSrmzKg==","High Winds;no transcription errors found"
"1b64bfe2-36b5-43f7-abda-e5ccd623db3a","WOOD_007.tickPlot.tck","D09","WOOD","WOOD_007","distributed","grasslandHerbaceous",47.133887,-99.251357,"WGS84",20.4,593.6,0.3,"2014-05-13T17:53Z","WOOD.2014.19",,,"drag and flag",160,"N",0,0,0,,"NEON.DOC.014045vD","kG/1AxPobKjgdYAdSrmzKg==","High Winds Lost one tick to the wind"
"de11917e-dc34-426d-80f5-635f13c93018","WOOD_001.tickPlot.tck","D09","WOOD","WOOD_001","distributed","grasslandHerbaceous",47.127200,-99.256464,"WGS84",20.1,593.8,0.2,"2014-05-13T18:41Z","WOOD.2014.19",,,"drag",160,"N",0,0,0,,"NEON.DOC.014045vD","kG/1AxPobKjgdYAdSrmzKg==","High Winds"
