uid,namedLocation,plotID,collectDate,identifiedDate,sampleID,subsampleID,scientificName,acceptedTaxonID,taxonRank,family,subfamily,tribe,subtribe,genus,subgenus,specificEpithet,infraspecificEpithet,identificationQualifier,identificationReferences,identificationProtocolVersion,scientificNameAuthorship,sexOrAge,individualCount,sampleCondition,archiveMedium,archiveFacilityID,deprecatedVialID,identifiedBy,laboratoryName,remarks
"215024e0-b211-4e5c-9ad5-5dc4fec0b63f","BLAN_005.tickPlot.tck","BLAN_005","2016-09-22T17:30Z","2017-05-17T16:00Z","BLAN_005.20160922","BLAN_005.20160922.IXOSCA.N","Ixodes scapularis","IXOSCA","species","Ixodidae",,,,"Ixodes",,"scapularis",,,"Cooley, R. A. and G. M. Kohls. 1945. The genus Ixodes in North America. National Institute of Health Bulletin, 184.","GSU_tickIdentification_SOP_2016-11-01.pdf","Say","Nymph",1,"OK","RNA stabilization buffer","USNMENT00984582","BLAN_005.20160922.01.IXOSCA.N","Lorenza Beati","Georgia Southern University",
"0cbf08df-b8bc-401b-8779-394cf7b55a6b","BLAN_005.tickPlot.tck","BLAN_005","2016-09-22T17:30Z","2017-05-17T16:00Z","BLAN_005.20160922","BLAN_005.20160922.AMBAME.N","Amblyomma americanum","AMBAME","species","Ixodidae",,,,"Amblyomma",,"americanum",,,"Cooley, R. A. and G. M. Kohls. 1944. The genus Amblyomma (ixodidae) in the United States. The Journal of Parasitology, 30(2):77-111.","GSU_tickIdentification_SOP_2016-11-01.pdf","Linnaeus","Nymph",1,"OK","RNA stabilization buffer","USNMENT00864586","BLAN_005.20160922.01.AMBAME.N","Lorenza Beati","Georgia Southern University",
"8d5e4da5-e099-4f23-a2ac-abd1a204bbb5","BLAN_005.tickPlot.tck","BLAN_005","2016-09-22T17:30Z","2017-05-05T16:00Z","BLAN_005.20160922","BLAN_005.20160922.IXOSP.L","Ixodidae sp.","IXOSP","family","Ixodidae",,,,,,"sp.",,,,"GSU_tickIdentification_SOP_2016-11-01.pdf",,"Larva",1,"OK","RNA stabilization buffer","USNMENT00984581","BLAN_005.20160922.01.L","Guy Hobbs","Georgia Southern University",
"aeddf5c9-dd53-4e36-8058-ba3727b5fa52","BLAN_012.tickPlot.tck","BLAN_012","2016-09-22T17:41Z","2017-05-17T16:00Z","BLAN_012.20160922","BLAN_012.20160922.IXOSCA.N","Ixodes scapularis","IXOSCA","species","Ixodidae",,,,"Ixodes",,"scapularis",,,"Cooley, R. A. and G. M. Kohls. 1945. The genus Ixodes in North America. National Institute of Health Bulletin, 184.","GSU_tickIdentification_SOP_2016-11-01.pdf","Say","Nymph",1,"OK","RNA stabilization buffer","USNMENT00984584","BLAN_012.20160922.01.IXOSCA.N","Lorenza Beati","Georgia Southern University",
"64adb702-062e-48aa-b8d0-c70d7e9be214","BLAN_012.tickPlot.tck","BLAN_012","2016-09-22T17:41Z","2017-05-05T16:00Z","BLAN_012.20160922","BLAN_012.20160922.IXOSP.L","Ixodidae sp.","IXOSP","family","Ixodidae",,,,,,"sp.",,,,"GSU_tickIdentification_SOP_2016-11-01.pdf",,"Larva",1,"OK","RNA stabilization buffer","USNMENT00984583","BLAN_012.20160922.01.L","Guy Hobbs","Georgia Southern University",
