uid,namedLocation,domainID,siteID,plotID,plotType,nlcdClass,decimalLatitude,decimalLongitude,geodeticDatum,coordinateUncertainty,elevation,elevationUncertainty,collectDate,eventID,sampleID,sampleCode,samplingMethod,totalSampledArea,targetTaxaPresent,adultCount,nymphCount,larvaCount,sampleCondition,samplingProtocolVersion,measuredBy,remarks
"f285bed2-4236-447b-8df7-fa0dfa0c22ec","BLAN_008.tickPlot.tck","D02","BLAN","BLAN_008","distributed","pastureHay",39.083870,-77.966320,"WGS84",20.4,159.6,0.5,"2016-09-22T17:15Z","BLAN.2016.38",,,"drag",160,"N",0,0,0,"No known compromise","NEON.DOC.014045vG","p8WKbOBZs5/CRPjq/1HrITk8Sf0GvCtj",
"6098e454-795d-4805-8172-d0ba5779fb52","BLAN_005.tickPlot.tck","D02","BLAN","BLAN_005","distributed","deciduousForest",39.086223,-77.972729,"WGS84",20.2,169.1,0.3,"2016-09-22T17:30Z","BLAN.2016.38","BLAN_005.20160922",,"drag",162,"Y",0,2,13,"No known compromise","NEON.DOC.014045vG","ena7GLJui5s1h8moQAQPw3Qj2+mVdivS",
"4a3621fe-06c7-4487-b4a2-29c1c1b423f4","BLAN_012.tickPlot.tck","D02","BLAN","BLAN_012","distributed","deciduousForest",39.082720,-77.959589,"WGS84",20.2,135.1,0.2,"2016-09-22T17:41Z","BLAN.2016.38","BLAN_012.20160922",,"drag",167,"Y",0,0,2,"No known compromise","NEON.DOC.014045vG","vEBCcEQSSh8r9pJtyJMpi8WPWOrf6mR2",
"b1e8f04d-59c7-44ec-904e-f340aafa3065","BLAN_004.tickPlot.tck","D02","BLAN","BLAN_004","distributed","pastureHay",39.088416,-77.961331,"WGS84",20.1,123.7,0.1,"2016-09-22T18:30Z","BLAN.2016.38",,,"drag",160,"N",0,0,0,"No known compromise","NEON.DOC.014045vG","ena7GLJui5s1h8moQAQPw3Qj2+mVdivS",
"e8454397-eb08-48d7-b629-f432c48377bd","BLAN_015.tickPlot.tck","D02","BLAN","BLAN_015","distributed","deciduousForest",39.088728,-77.955494,"WGS84",20.2,125.9,0.2,"2016-09-22T18:36Z","BLAN.2016.38",,,"drag",160,"N",0,0,0,"No known compromise","NEON.DOC.014045vG","p8WKbOBZs5/CRPjq/1HrITk8Sf0GvCtj",
"0fdceb04-78ff-4d6d-a5d6-e805dc3fdc91","BLAN_002.tickPlot.tck","D02","BLAN","BLAN_002","distributed","pastureHay",39.091474,-77.982149,"WGS84",20.1,145.6,0.1,"2016-09-22T19:05Z","BLAN.2016.38",,,"drag",160,"N",0,0,0,"No known compromise","NEON.DOC.014045vG","ena7GLJui5s1h8moQAQPw3Qj2+mVdivS",
