uid,namedLocation,date,domainID,siteID,plotID,plotType,nlcdClass,decimalLatitude,decimalLongitude,geodeticDatum,coordinateUncertainty,easting,northing,utmZone,elevation,elevationUncertainty,eventID,samplingProtocolVersion,treesPresent,treesAbsentList,shrubsPresent,shrubsAbsentList,lianasPresent,lianasAbsentList,nestedSubplotAreaShrubSapling,nestedSubplotAreaLiana,totalSampledAreaTrees,totalSampledAreaShrubSapling,totalSampledAreaLiana,remarks,measuredBy,recordedBy,dataQF
"9f8bc590-c48c-4a41-87f5-23132b79bf31","ONAQ_004.basePlot.vst","2014-09-03","D15","ONAQ","ONAQ_004","distributed","shrubScrub",40.185937,-112.472482,"WGS84",20.1,374648.62,4449434.23,"12N",1714.1,0.1,"vst_ONAQ_2014","NEON.DOC.000987vE",,,,,,,"10","noneSelected",400,80,400,,"tlMoIdYkoo4/frSr+TOZz6pAAC/bv59I","jdFp/E+zhg275wdNAb0YCHFei8RgiAto",
"5f2bb9bf-576f-4647-9afc-da8408cbf231","ONAQ_007.basePlot.vst","2014-09-08","D15","ONAQ","ONAQ_007","distributed","shrubScrub",40.212498,-112.467435,"WGS84",20.1,375127.03,4452375.39,"12N",1705.7,0.1,"vst_ONAQ_2014","NEON.DOC.000987vE",,,,,,,"10","noneSelected",400,80,400,,,"nastkTFkIbHvylwAWIZ/Lq353g03Bq+k",
"9f54d85e-548b-412b-9d25-331f3710d3c7","ONAQ_003.basePlot.vst","2014-09-08","D15","ONAQ","ONAQ_003","distributed","shrubScrub",40.205921,-112.430276,"WGS84",20.1,378277.46,4451593.71,"12N",1610.9,0.1,"vst_ONAQ_2014","NEON.DOC.000987vE",,,,,,,"10","noneSelected",400,80,400,,,"/lcLnOHxR5/4LMArJcUfoiMVvaaA8/1a",
"e0bfffa6-3f2d-4ab9-9687-6a874bc24722","ONAQ_014.basePlot.vst","2014-09-12","D15","ONAQ","ONAQ_014","distributed","shrubScrub",40.206493,-112.448968,"WGS84",20.1,376687.67,4451683.01,"12N",1646.8,0.1,"vst_ONAQ_2014","NEON.DOC.000987vE",,,,,,,"25","noneSelected",400,200,400,,,"xwW9faweG9zr7ru0t6ISWc+Bsd5QQOzU",
"c421a81e-495b-4356-8a19-13f352c80cb1","ONAQ_011.basePlot.vst","2014-09-12","D15","ONAQ","ONAQ_011","distributed","shrubScrub",40.150746,-112.456227,"WGS84",20.1,375968.39,4445505.22,"12N",1618.7,0.2,"vst_ONAQ_2014","NEON.DOC.000987vE",,,,,,,"10","noneSelected",400,80,400,,"/lcLnOHxR5/4LMArJcUfoiMVvaaA8/1a","nastkTFkIbHvylwAWIZ/Lq353g03Bq+k",
"e22ecab1-201f-4182-a6e1-e0921fd6164d","ONAQ_002.basePlot.vst","2014-09-15","D15","ONAQ","ONAQ_002","distributed","shrubScrub",40.193323,-112.464547,"WGS84",20.1,375337.67,4450242.90,"12N",1688.4,0.2,"vst_ONAQ_2014","NEON.DOC.000987vE",,,,,,,"10","noneSelected",400,80,400,,"IdvAI7RpPuLzKdxwPEJxzewSoUaZ4bqH","xwW9faweG9zr7ru0t6ISWc+Bsd5QQOzU",
"946256ac-3e2e-4088-bb58-7315ac9ef9d3","ONAQ_009.basePlot.vst","2014-09-16","D15","ONAQ","ONAQ_009","distributed","shrubScrub",40.160803,-112.471250,"WGS84",20.1,374707.28,4446642.62,"12N",1671.6,0.1,"vst_ONAQ_2014","NEON.DOC.000987vE",,,,,,,"10","noneSelected",400,80,400,,"xwW9faweG9zr7ru0t6ISWc+Bsd5QQOzU","pULk8y6oQD4yVl0V5tsLiHr25xGu3SiH",
"58844206-7998-4152-a47f-a3a636070f44","ONAQ_041.basePlot.vst","2014-09-16","D15","ONAQ","ONAQ_041","tower","shrubScrub",40.174020,-112.452841,"WGS84",20.1,376299.06,4448083.90,"12N",1651.0,0.1,"vst_ONAQ_2014","NEON.DOC.000987vE",,,,,,,"10","noneSelected",400,80,400,,"IdvAI7RpPuLzKdxwPEJxzewSoUaZ4bqH","jdFp/E+zhg275wdNAb0YCHFei8RgiAto",
"118377dc-3a2d-4512-ae4e-29c3f1be6969","ONAQ_042.basePlot.vst","2014-09-16","D15","ONAQ","ONAQ_042","tower","shrubScrub",40.176672,-112.456784,"WGS84",20.1,375968.15,4448383.77,"12N",1664.2,0.1,"vst_ONAQ_2014","NEON.DOC.000987vE",,,,,,,"10","noneSelected",400,80,400,,"IdvAI7RpPuLzKdxwPEJxzewSoUaZ4bqH","jdFp/E+zhg275wdNAb0YCHFei8RgiAto",
"75226639-5e27-4d33-8e13-81afb27a4d7a","ONAQ_016.basePlot.vst","2014-09-17","D15","ONAQ","ONAQ_016","distributed","shrubScrub",40.175178,-112.446181,"WGS84",20.1,376868.23,4448203.18,"12N",1638.0,0.1,"vst_ONAQ_2014","NEON.DOC.000987vE",,,,,,,"25","noneSelected",400,200,400,,"nastkTFkIbHvylwAWIZ/Lq353g03Bq+k","/lcLnOHxR5/4LMArJcUfoiMVvaaA8/1a",
"0a40f446-8b97-40dc-8cd1-bc90a78fb5dc","ONAQ_043.basePlot.vst","2014-09-19","D15","ONAQ","ONAQ_043","tower","shrubScrub",40.173719,-112.456713,"WGS84",20.1,375968.82,4448055.89,"12N",1658.5,0.2,"vst_ONAQ_2014","NEON.DOC.000987vE",,,,,,,"10","noneSelected",400,80,400,"2016 Apparent Individuals - status from first stem measurement carried through all stems per tag.","IdvAI7RpPuLzKdxwPEJxzewSoUaZ4bqH","xwW9faweG9zr7ru0t6ISWc+Bsd5QQOzU",
"a3dfdc87-9910-4b31-8f0c-579b98685801","ONAQ_044.basePlot.vst","2014-09-22","D15","ONAQ","ONAQ_044","tower","shrubScrub",40.175365,-112.453933,"WGS84",20.1,376208.52,4448234.71,"12N",1655.4,0.2,"vst_ONAQ_2014","NEON.DOC.000987vE",,,,,,,"10","noneSelected",400,80,400,,"IdvAI7RpPuLzKdxwPEJxzewSoUaZ4bqH","nastkTFkIbHvylwAWIZ/Lq353g03Bq+k",
"a10397cd-002d-4c78-925d-5220e4c280eb","ONAQ_044.basePlot.vst","2014-09-22","D15","ONAQ","ONAQ_044","tower","shrubScrub",40.175365,-112.453933,"WGS84",20.1,376208.52,4448234.71,"12N",1655.4,0.2,"vst_ONAQ_2014","NEON.DOC.000987vE",,,,,,,"10","noneSelected",400,80,400,,"IdvAI7RpPuLzKdxwPEJxzewSoUaZ4bqH","nastkTFkIbHvylwAWIZ/Lq353g03Bq+k",
"e17e8ac2-f3bd-431c-acad-c69ea91f3288","ONAQ_045.basePlot.vst","2014-09-23","D15","ONAQ","ONAQ_045","tower","grasslandHerbaceous",40.173199,-112.454237,"WGS84",10.1,376178.70,4447994.71,"12N",1653.3,0.1,"vst_ONAQ_2014","NEON.DOC.000987vE",,,,,,,"noneSelected","noneSelected",400,400,400,,"xwW9faweG9zr7ru0t6ISWc+Bsd5QQOzU","nastkTFkIbHvylwAWIZ/Lq353g03Bq+k",
"2894a40d-3118-4eac-8966-d0d4edc68746","ONAQ_015.basePlot.vst","2014-09-25","D15","ONAQ","ONAQ_015","distributed","shrubScrub",40.151788,-112.478445,"WGS84",20.1,374077.87,4445652.14,"12N",1663.1,0.1,"vst_ONAQ_2014","NEON.DOC.000987vE",,,,,,,"10","noneSelected",400,80,400,"2014 data collected with nested subplot area for shrub/small tree 5m squared instead of 10...new data sheet added in 2016 correcting to 10m and adding plants that were missed","IdvAI7RpPuLzKdxwPEJxzewSoUaZ4bqH","nastkTFkIbHvylwAWIZ/Lq353g03Bq+k",
"07f70fcb-b2d7-4623-9801-02e928c95c92","ONAQ_018.basePlot.vst","2014-09-29","D15","ONAQ","ONAQ_018","distributed","shrubScrub",40.197201,-112.437822,"WGS84",20.1,377619.56,4450636.16,"12N",1629.0,0.1,"vst_ONAQ_2014","NEON.DOC.000987vE",,,,,,,"10","noneSelected",400,80,400,,"nastkTFkIbHvylwAWIZ/Lq353g03Bq+k","J+Oh1wqcSr1QyZp8UHQaXsuv7bh/be3X/UQqIjpwjD0=",
"b8a31072-e53b-44fa-9d63-ade755e31c26","ONAQ_046.basePlot.vst","2014-09-30","D15","ONAQ","ONAQ_046","tower","shrubScrub",40.175373,-112.455002,"WGS84",10.1,376117.52,4448237.09,"12N",1657.9,0.1,"vst_ONAQ_2014","NEON.DOC.000987vE",,,,,,,"10","noneSelected",400,80,400,,"nastkTFkIbHvylwAWIZ/Lq353g03Bq+k","pULk8y6oQD4yVl0V5tsLiHr25xGu3SiH",
