uid,namedLocation,domainID,siteID,plotID,plotType,nlcdClass,decimalLatitude,decimalLongitude,geodeticDatum,coordinateUncertainty,elevation,elevationUncertainty,collectDate,eventID,sampleID,sampleCode,samplingMethod,totalSampledArea,targetTaxaPresent,adultCount,nymphCount,larvaCount,sampleCondition,samplingProtocolVersion,measuredBy,remarks
"dc8b5042-32f9-4519-b4ae-332d83311fc7","HEAL_001.tickPlot.tck","D19","HEAL","HEAL_001","distributed","dwarfScrub",63.889470,-149.202952,"WGS84",20.1,595.7,0.1,"2016-09-19T09:37Z","HEAL.2016.38",,,"drag",160,"N",0,0,0,"No known compromise","NEON.DOC.014045vG","9hOSS3gpVvHUvdbHcI4XlVp94UoAF+Qh",
"4fd5ed4f-0d34-409b-b2d5-6e234fde3f7c","HEAL_004.tickPlot.tck","D19","HEAL","HEAL_004","distributed","shrubScrub",63.864020,-149.276678,"WGS84",20.1,675.5,0.1,"2016-09-19T09:47Z","HEAL.2016.38",,,"drag and flag",160,"N",0,0,0,"No known compromise","NEON.DOC.014045vG","we68UXc5Z4WrFAnthk67aZjSoC3i+EeI",
"39b93aaa-de09-4b88-a2fa-48ad7b00b9c1","HEAL_011.tickPlot.tck","D19","HEAL","HEAL_011","distributed","shrubScrub",63.885895,-149.302351,"WGS84",20.1,649.7,0.1,"2016-09-19T11:25Z","HEAL.2016.38",,,"flag",160,"N",0,0,0,"No known compromise","NEON.DOC.014045vG","GciXs0Yib4997n+t2ZTFYTXKy6JEgvEd",
"b49efe5d-6059-48b0-bd31-132a26f1245b","HEAL_010.tickPlot.tck","D19","HEAL","HEAL_010","distributed","shrubScrub",63.877193,-149.260797,"WGS84",20.1,666.7,0.1,"2016-09-19T20:33Z","HEAL.2016.38",,,"drag and flag",160,"N",0,0,0,"No known compromise","NEON.DOC.014045vG","we68UXc5Z4WrFAnthk67aZjSoC3i+EeI",
"99720e49-60d0-457e-a1ad-24094f1c6d6d","HEAL_026.tickPlot.tck","D19","HEAL","HEAL_026","distributed","evergreenForest",63.886145,-149.192747,"WGS84",20.1,597.6,0.1,"2016-09-19T20:39Z","HEAL.2016.38",,,"flag",160,"N",0,0,0,"No known compromise","NEON.DOC.014045vG","GciXs0Yib4997n+t2ZTFYTXKy6JEgvEd",
"c2731bc4-1b07-4cee-ac39-681731f30356","HEAL_014.tickPlot.tck","D19","HEAL","HEAL_014","distributed","shrubScrub",63.887214,-149.270823,"WGS84",20.1,671.2,0.1,"2016-09-19T23:43Z","HEAL.2016.38",,,"drag and flag",160,"N",0,0,0,"No known compromise","NEON.DOC.014045vG","MeAdgD9GMcAND8ZfQlU8wsL2WyDvsAxatkbBowrKiAc=",
