uid,namedLocation,domainID,siteID,plotID,plotType,nlcdClass,decimalLatitude,decimalLongitude,geodeticDatum,coordinateUncertainty,elevation,elevationUncertainty,collectDate,eventID,sampleID,sampleCode,samplingMethod,totalSampledArea,targetTaxaPresent,adultCount,nymphCount,larvaCount,sampleCondition,samplingProtocolVersion,measuredBy,remarks
"ca69c1e9-0d76-4ee2-864a-3677e9fab892","ORNL_002.tickPlot.tck","D07","ORNL","ORNL_002","distributed","deciduousForest",35.983090,-84.211654,"WGS84",20.3,338.6,0.5,"2015-10-06T13:25Z","ORNL.2015.40","ORNL_002.20151006",,"drag and flag",160,"Y",0,2,6,"No known compromise","NEON.DOC.014045vF","nAKPQvGWPz3w50pS9SF/Wg/TlEjgxRE8",
"8860a8b4-1c1c-4667-a426-a93a85d0e30f","ORNL_040.tickPlot.tck","D07","ORNL","ORNL_040","distributed","evergreenForest",35.975525,-84.305103,"WGS84",20.2,273.2,0.2,"2015-10-06T14:20Z","ORNL.2015.40","ORNL_040.20151006",,"drag",160,"Y",0,1,145,"No known compromise","NEON.DOC.014045vF","vwanwHDJcF+du0zc8hkzNKepTi1KIGtw",
"29ea51c2-1a99-4d14-b1ec-9095a1b0b8d6","ORNL_007.tickPlot.tck","D07","ORNL","ORNL_007","distributed","deciduousForest",35.925843,-84.328420,"WGS84",20.2,279.4,0.5,"2015-10-06T15:00Z","ORNL.2015.40",,,"drag and flag",160,"N",0,0,,,"NEON.DOC.014045vF","vwanwHDJcF+du0zc8hkzNKepTi1KIGtw",
"e95362a1-f846-40ce-8010-9b5856897228","ORNL_009.tickPlot.tck","D07","ORNL","ORNL_009","distributed","deciduousForest",35.974902,-84.226630,"WGS84",20.2,337.1,0.2,"2015-10-06T15:03Z","ORNL.2015.40","ORNL_009.20151006",,"drag and flag",160,"Y",0,0,7,"No known compromise","NEON.DOC.014045vF","FII5NHkrIeQI4f+soqpivO/xVBSahwuJ",
"ad0325fc-22e9-42dc-a9e9-ab2e35c40d2c","ORNL_008.tickPlot.tck","D07","ORNL","ORNL_008","distributed","deciduousForest",35.933531,-84.334016,"WGS84",20.3,322.7,0.3,"2015-10-06T16:00Z","ORNL.2015.40",,,"drag",160,"N",0,0,,,"NEON.DOC.014045vF","vwanwHDJcF+du0zc8hkzNKepTi1KIGtw",
"87d600dc-7ea4-4c63-99d3-8458f82d535d","ORNL_003.tickPlot.tck","D07","ORNL","ORNL_003","distributed","deciduousForest",35.967011,-84.229849,"WGS84",20.2,275.5,0.2,"2015-10-06T16:24Z","ORNL.2015.40","ORNL_003.20151006",,"drag and flag",160,"Y",0,0,38,"No known compromise","NEON.DOC.014045vF","nAKPQvGWPz3w50pS9SF/Wg/TlEjgxRE8",
"01d95c75-b940-43b6-86f3-0d07a7375050","ORNL_040.tickPlot.tck","D07","ORNL","ORNL_040","distributed","evergreenForest",35.975525,-84.305103,"WGS84",20.2,273.2,0.2,"2015-10-21T13:50Z","ORNL.2015.42",,,"drag",165,"N",0,0,,,"NEON.DOC.014045vF","wUBWszgu2lH2diIu19eQL/9vP8SagSqv",
"73baa41f-4774-4fd7-8e03-660509514dde","ORNL_008.tickPlot.tck","D07","ORNL","ORNL_008","distributed","deciduousForest",35.933531,-84.334016,"WGS84",20.3,322.7,0.3,"2015-10-21T14:40Z","ORNL.2015.42",,,"drag",160,"N",0,0,,,"NEON.DOC.014045vF","wUBWszgu2lH2diIu19eQL/9vP8SagSqv",
"c14a9c03-0ce4-4ef6-8320-3d21c7d2f808","ORNL_007.tickPlot.tck","D07","ORNL","ORNL_007","distributed","deciduousForest",35.925843,-84.328420,"WGS84",20.2,279.4,0.5,"2015-10-21T15:30Z","ORNL.2015.42","ORNL_007.20151021",,"drag and flag",172,"Y",0,0,7,"No known compromise","NEON.DOC.014045vF","wUBWszgu2lH2diIu19eQL/9vP8SagSqv",
"c381de6d-4f98-4650-87a6-75d4a80a6697","ORNL_009.tickPlot.tck","D07","ORNL","ORNL_009","distributed","deciduousForest",35.974902,-84.226630,"WGS84",20.2,337.1,0.2,"2015-10-21T16:30Z","ORNL.2015.42",,,"drag and flag",165,"N",0,0,,,"NEON.DOC.014045vF","FII5NHkrIeQI4f+soqpivO/xVBSahwuJ",
"da7780f9-9892-4c2d-a8ac-393b5292f433","ORNL_002.tickPlot.tck","D07","ORNL","ORNL_002","distributed","deciduousForest",35.983090,-84.211654,"WGS84",20.3,338.6,0.5,"2015-10-21T16:50Z","ORNL.2015.42","ORNL_002.20151021",,"drag",160,"Y",0,0,4,"No known compromise","NEON.DOC.014045vF","wUBWszgu2lH2diIu19eQL/9vP8SagSqv","QAQC: Sthomason 0/165 0% error"
"ca483591-27b8-42d8-a890-38032ac1b36a","ORNL_003.tickPlot.tck","D07","ORNL","ORNL_003","distributed","deciduousForest",35.967011,-84.229849,"WGS84",20.2,275.5,0.2,"2015-10-21T17:15Z","ORNL.2015.42","ORNL_003.20151021",,"drag and flag",165,"Y",1,0,1,"No known compromise","NEON.DOC.014045vF","FII5NHkrIeQI4f+soqpivO/xVBSahwuJ",
