uid,namedLocation,plotID,collectDate,identifiedDate,sampleID,subsampleID,scientificName,acceptedTaxonID,taxonRank,family,subfamily,tribe,subtribe,genus,subgenus,specificEpithet,infraspecificEpithet,identificationQualifier,identificationReferences,identificationProtocolVersion,scientificNameAuthorship,sexOrAge,individualCount,sampleCondition,archiveMedium,archiveFacilityID,deprecatedVialID,identifiedBy,laboratoryName,remarks
"dd99600d-9681-48df-8281-338bfbbefd13","ORNL_009.tickPlot.tck","ORNL_009","2015-10-06T15:03Z","2016-10-31T16:00Z","ORNL_009.20151006","ORNL_009.20151006.IXOSP.L","Ixodidae sp.","IXOSP","family","Ixodidae",,,,,,"sp.",,,,"GSU_tickIdentification_SOP_2016-11-01.pdf",,"Larva",1,"OK","90% ethanol","USNMENT00865355","ORNL_009.20151006.8.1.larvae","L. Beati","Georgia Southern University",
"c3128196-d504-4f69-853c-da817f3c592a","ORNL_003.tickPlot.tck","ORNL_003","2015-10-06T16:24Z","2016-10-31T16:00Z","ORNL_003.20151006","ORNL_003.20151006.IXOSP.L","Ixodidae sp.","IXOSP","family","Ixodidae",,,,,,"sp.",,,,"GSU_tickIdentification_SOP_2016-11-01.pdf",,"Larva",1,"OK","90% ethanol","USNMENT00865043","ORNL_003.20151006.8.1.larvae","L. Beati","Georgia Southern University",
"768f5fa3-5e67-4d45-b62d-70bb7f370ec8","ORNL_007.tickPlot.tck","ORNL_007","2015-10-21T15:30Z","2016-10-31T16:00Z","ORNL_007.20151021","ORNL_007.20151021.IXOSP.L","Ixodidae sp.","IXOSP","family","Ixodidae",,,,,,"sp.",,,,"GSU_tickIdentification_SOP_2016-11-01.pdf",,"Larva",1,"OK","90% ethanol","USNMENT00865177","ORNL_007.20151021.9.1.larvae","L. Beati","Georgia Southern University",
"10044c18-3e6e-42c2-bae1-d70261e142a0","ORNL_003.tickPlot.tck","ORNL_003","2015-10-21T17:15Z","2016-10-31T16:00Z","ORNL_003.20151021","ORNL_003.20151021.IXOSP.L","Ixodidae sp.","IXOSP","family","Ixodidae",,,,,,"sp.",,,,"GSU_tickIdentification_SOP_2016-11-01.pdf",,"Larva",1,"OK","90% ethanol","USNMENT00865310","ORNL_003.20151021.9.1.larvae","L. Beati","Georgia Southern University",
"452eea22-a14e-4999-a789-cf31f881b4cb","ORNL_003.tickPlot.tck","ORNL_003","2015-10-21T17:15Z","2016-10-31T16:00Z","ORNL_003.20151021","ORNL_003.20151021.IXOSCA.F","Ixodes scapularis","IXOSCA","species","Ixodidae",,,,"Ixodes",,"scapularis",,,"Keirans, J. E., and C. M. Clifford. 1978. The genus Ixodes in the United States: a scanning electron microscope study and key to the adults. Journal of Medical Entomology, 15(Supplement 2):1-38.","GSU_tickIdentification_SOP_2016-11-01.pdf","Say","Female",1,"OK","90% ethanol","USNMENT00865311","ORNL_003.20151021.9.1.Female","L. Beati","Georgia Southern University",
