uid,namedLocation,date,domainID,siteID,plotID,plotType,nlcdClass,decimalLatitude,decimalLongitude,geodeticDatum,coordinateUncertainty,easting,northing,utmZone,elevation,elevationUncertainty,eventID,samplingProtocolVersion,treesPresent,treesAbsentList,shrubsPresent,shrubsAbsentList,lianasPresent,lianasAbsentList,nestedSubplotAreaShrubSapling,nestedSubplotAreaLiana,totalSampledAreaTrees,totalSampledAreaShrubSapling,totalSampledAreaLiana,remarks,measuredBy,recordedBy,dataQF
"9a3d1e41-73f1-4899-b902-c4a036862f34","OSBS_037.basePlot.vst","2016-05-16","D03","OSBS","OSBS_037","tower","evergreenForest",29.686474,-81.994473,"WGS84",20.1,403782.84,3284458.53,"17N",45.3,0.1,"vst_OSBS_2016","NEON.DOC.000987vE","Y",,"Y",,"Y",,"100","noneSelected",800,400,800,,"XBhTOsXqc3JUpPrNmD30I5JCq90cfBjT","Z1kn+qG/kiLVelUOX7kLSqEptlfcv2S8",
"772cba96-b74a-4f2e-b0fe-deae0098e655","OSBS_038.basePlot.vst","2016-05-16","D03","OSBS","OSBS_038","tower","evergreenForest",29.690777,-81.997627,"WGS84",20.2,403481.78,3284937.98,"17N",46.0,0.2,"vst_OSBS_2016","NEON.DOC.000987vE","Y",,"Y",,"Y",,"100","noneSelected",800,400,800,,"XBhTOsXqc3JUpPrNmD30I5JCq90cfBjT","vlJc9UmbktF8NTcilA9tKrVjUrZIPTa3",
"2de9a85f-5bf9-40b9-a634-a8095e7da603","OSBS_042.basePlot.vst","2016-05-16","D03","OSBS","OSBS_042","tower","evergreenForest",29.692959,-81.996398,"WGS84",20.3,403602.77,3285178.74,"17N",36.6,0.5,"vst_OSBS_2016","NEON.DOC.000987vE","Y",,"Y",,"Y",,"noneSelected","noneSelected",800,800,800,,"XBhTOsXqc3JUpPrNmD30I5JCq90cfBjT","vlJc9UmbktF8NTcilA9tKrVjUrZIPTa3",
"5a0caa2a-d7bd-49f0-bb4d-ceeb1d7a2382","OSBS_030.basePlot.vst","2016-05-17","D03","OSBS","OSBS_030","tower","evergreenForest",29.689424,-81.997606,"WGS84",20.1,403482.52,3284788.03,"17N",46.1,0.1,"vst_OSBS_2016","NEON.DOC.000987vE",,,,,,,"noneSelected","noneSelected",800,800,800,,"Z1kn+qG/kiLVelUOX7kLSqEptlfcv2S8","XBhTOsXqc3JUpPrNmD30I5JCq90cfBjT",
"212594e2-8647-425c-b5be-9aff29a7c5a5","OSBS_026.basePlot.vst","2016-05-17","D03","OSBS","OSBS_026","tower","evergreenForest",29.693584,-81.992057,"WGS84",20.1,404023.36,3285244.39,"17N",43.0,0.1,"vst_OSBS_2016","NEON.DOC.000987vE","Y",,"Y",,"Y",,"noneSelected","noneSelected",800,800,800,,"SZd6jJU+PWukgvziuyetpzviWNuM2FzT","X3ySgOIsTZpMQrKLnAsF4GDB7yir3E/M",
"3df988f2-1fbf-4070-be93-80349097ad8b","OSBS_039.basePlot.vst","2016-05-17","D03","OSBS","OSBS_039","tower","evergreenForest",29.693300,-81.990822,"WGS84",20.1,404142.58,3285211.89,"17N",47.4,0.1,"vst_OSBS_2016","NEON.DOC.000987vE","Y",,"Y",,"Y",,"100","noneSelected",800,400,800,,"SZd6jJU+PWukgvziuyetpzviWNuM2FzT","X3ySgOIsTZpMQrKLnAsF4GDB7yir3E/M",
"06de9d69-9a7d-4794-b171-d69f0598f29b","OSBS_029.basePlot.vst","2016-05-17","D03","OSBS","OSBS_029","tower","evergreenForest",29.692504,-81.989891,"WGS84",20.1,404231.90,3285122.92,"17N",44.3,0.1,"vst_OSBS_2016","NEON.DOC.000987vE","Y",,"Y",,"Y",,"noneSelected","noneSelected",800,800,800,,"SZd6jJU+PWukgvziuyetpzviWNuM2FzT","X3ySgOIsTZpMQrKLnAsF4GDB7yir3E/M",
"4d1e91cc-f064-4f4f-a34b-be2b79b39d1c","OSBS_043.basePlot.vst","2016-05-17","D03","OSBS","OSBS_043","tower","evergreenForest",29.691430,-81.988956,"WGS84",20.1,404321.34,3285003.13,"17N",47.6,0.4,"vst_OSBS_2016","NEON.DOC.000987vE","Y",,"Y",,"Y",,"noneSelected","noneSelected",800,800,800,,"SZd6jJU+PWukgvziuyetpzviWNuM2FzT","X3ySgOIsTZpMQrKLnAsF4GDB7yir3E/M",
"b1420b70-a9e1-43ce-ab7a-534facdd49c8","OSBS_036.basePlot.vst","2016-05-17","D03","OSBS","OSBS_036","tower","evergreenForest",29.691429,-81.990504,"WGS84",20.2,404171.57,3285004.30,"17N",43.9,0.2,"vst_OSBS_2016","NEON.DOC.000987vE","Y",,"Y",,"Y",,"noneSelected","noneSelected",800,800,800,,"SZd6jJU+PWukgvziuyetpzviWNuM2FzT","X3ySgOIsTZpMQrKLnAsF4GDB7yir3E/M",
"1da11ba2-33fd-453d-a709-222e9cc1c124","OSBS_035.basePlot.vst","2016-05-17","D03","OSBS","OSBS_035","tower","evergreenForest",29.687529,-81.997576,"WGS84",20.1,403483.61,3284578.02,"17N",43.6,0.3,"vst_OSBS_2016","NEON.DOC.000987vE","Y",,"Y",,"Y",,"100","noneSelected",800,400,800,,"XBhTOsXqc3JUpPrNmD30I5JCq90cfBjT","Z1kn+qG/kiLVelUOX7kLSqEptlfcv2S8",
"51023fa0-ad1a-4652-b5b0-0503bf3a6a52","OSBS_025.basePlot.vst","2016-05-17","D03","OSBS","OSBS_025","tower","evergreenForest",29.691867,-81.996384,"WGS84",20.1,403603.09,3285057.72,"17N",45.1,0.1,"vst_OSBS_2016","NEON.DOC.000987vE",,,,,,,"noneSelected","noneSelected",800,800,800,,"Z1kn+qG/kiLVelUOX7kLSqEptlfcv2S8","XBhTOsXqc3JUpPrNmD30I5JCq90cfBjT",
"55b22e42-597f-42e6-a1b1-5e1bf0454a6a","OSBS_027.basePlot.vst","2016-05-17","D03","OSBS","OSBS_027","tower","evergreenForest",29.691969,-81.992063,"WGS84",20.1,404021.25,3285065.43,"17N",41.3,0.2,"vst_OSBS_2016","NEON.DOC.000987vE","Y",,"N",,"N",,"noneSelected","noneSelected",800,800,800,,"SZd6jJU+PWukgvziuyetpzviWNuM2FzT","X3ySgOIsTZpMQrKLnAsF4GDB7yir3E/M",
"eb78b7a5-649e-4f2b-855b-b45fef1fa324","OSBS_041.basePlot.vst","2016-05-18","D03","OSBS","OSBS_041","tower","evergreenForest",29.687527,-81.996333,"WGS84",20.1,403603.88,3284576.76,"17N",44.7,0.2,"vst_OSBS_2016","NEON.DOC.000987vE","Y",,"Y",,"Y",,"100","100",800,400,400,,"Z1kn+qG/kiLVelUOX7kLSqEptlfcv2S8","vlJc9UmbktF8NTcilA9tKrVjUrZIPTa3",
"de82e3b7-9c4c-4c27-aa7f-557ec3bdda09","OSBS_031.basePlot.vst","2016-05-18","D03","OSBS","OSBS_031","tower","evergreenForest",29.688968,-81.991105,"WGS84",,404111.08,3284732.09,"17N",49.2,,"vst_OSBS_2016","NEON.DOC.000987vE","Y",,"Y",,"Y",,"100","100",800,400,400,,"Z1kn+qG/kiLVelUOX7kLSqEptlfcv2S8","XBhTOsXqc3JUpPrNmD30I5JCq90cfBjT",
"2091ffd3-5619-4c17-9772-f60021213e6c","OSBS_034.basePlot.vst","2016-05-18","D03","OSBS","OSBS_034","tower","evergreenForest",29.688720,-81.988299,"WGS84",20.1,404382.34,3284702.29,"17N",41.5,0.2,"vst_OSBS_2016","NEON.DOC.000987vE","Y",,"Y",,"Y",,"10","10",800,40,40,,"Z1kn+qG/kiLVelUOX7kLSqEptlfcv2S8","XBhTOsXqc3JUpPrNmD30I5JCq90cfBjT",
"e58a6eaf-dfb3-4531-b3c2-8908fd507421","OSBS_033.basePlot.vst","2016-05-18","D03","OSBS","OSBS_033","tower","evergreenForest",29.690061,-81.989562,"WGS84",20.1,404261.41,3284851.93,"17N",44.1,0.2,"vst_OSBS_2016","NEON.DOC.000987vE","Y",,"Y",,"Y",,"100","noneSelected",800,400,800,,"vlJc9UmbktF8NTcilA9tKrVjUrZIPTa3","XBhTOsXqc3JUpPrNmD30I5JCq90cfBjT",
"58cd1bd2-7832-4c3b-824c-7bb4c2422ca8","OSBS_044.basePlot.vst","2016-05-18","D03","OSBS","OSBS_044","tower","evergreenForest",29.690847,-81.992034,"WGS84",20.1,404022.99,3284941.08,"17N",44.2,0.1,"vst_OSBS_2016","NEON.DOC.000987vE","N",,"N",,"N",,"noneSelected","noneSelected",800,800,800,,"vlJc9UmbktF8NTcilA9tKrVjUrZIPTa3","XBhTOsXqc3JUpPrNmD30I5JCq90cfBjT",
"eaa477f4-63db-4c06-a7b5-8f51a8aa7908","OSBS_028.basePlot.vst","2016-05-18","D03","OSBS","OSBS_028","tower","evergreenForest",29.685933,-81.995718,"WGS84",20.1,403661.86,3284399.61,"17N",45.0,0.1,"vst_OSBS_2016","NEON.DOC.000987vE","Y",,"Y",,"Y",,"100","100",800,400,400,,"Z1kn+qG/kiLVelUOX7kLSqEptlfcv2S8","XBhTOsXqc3JUpPrNmD30I5JCq90cfBjT",
"be133baa-6af7-493f-9913-7522aa870577","OSBS_040.basePlot.vst","2016-05-18","D03","OSBS","OSBS_040","tower","evergreenForest",29.688978,-81.989556,"WGS84",20.1,404260.97,3284731.92,"17N",42.9,0.2,"vst_OSBS_2016","NEON.DOC.000987vE","Y",,"Y",,"Y",,"noneSelected","noneSelected",800,800,800,,"Z1kn+qG/kiLVelUOX7kLSqEptlfcv2S8","XBhTOsXqc3JUpPrNmD30I5JCq90cfBjT",
"38c2e715-59bb-40c1-805c-1034df9aa6f4","OSBS_032.basePlot.vst","2016-05-18","D03","OSBS","OSBS_032","tower","evergreenForest",29.690033,-81.991110,"WGS84",20.1,404111.61,3284850.11,"17N",46.4,0.1,"vst_OSBS_2016","NEON.DOC.000987vE","Y",,"Y",,"Y",,"10","noneSelected",800,40,800,"Plot burned by prescribed fire","Z1kn+qG/kiLVelUOX7kLSqEptlfcv2S8","XBhTOsXqc3JUpPrNmD30I5JCq90cfBjT",
