uid,namedLocation,plotID,collectDate,identifiedDate,sampleID,subsampleID,scientificName,acceptedTaxonID,taxonRank,family,subfamily,tribe,subtribe,genus,subgenus,specificEpithet,infraspecificEpithet,identificationQualifier,identificationReferences,identificationProtocolVersion,scientificNameAuthorship,sexOrAge,individualCount,sampleCondition,archiveMedium,archiveFacilityID,deprecatedVialID,identifiedBy,laboratoryName,remarks
"3ada8ac6-1b1c-4e8a-bedb-4b511efa8a5c","WOOD_006.tickPlot.tck","WOOD_006","2015-05-19T18:36Z","2016-06-29T16:00Z","WOOD_006.20150519","WOOD_006.20150519.DERVAR.F","Dermacentor variabilis","DERVAR","species","Ixodidae",,,,"Dermacentor",,"variabilis",,,"Yunker, C. E., Keirans, J. E., Clifford, C. M., and E. R. Easton. 1986. Dermacentor ticks (Acari: Ixodoidea: Ixodidae) of the New World: a scanning electron microscope atlas. Proceedings of the Entomological Society of Washington, 88(4):609-627.","GSU_tickIdentification_SOP_2016-11-01.pdf","Say","Female",1,"OK","90% ethanol","125969",,"L. Beati","Georgia Southern University",
"df079c7a-c9de-42e5-ba6e-c64eae7ed185","WOOD_006.tickPlot.tck","WOOD_006","2015-05-19T18:36Z","2016-06-29T16:00Z","WOOD_006.20150519","WOOD_006.20150519.DERVAR.M","Dermacentor variabilis","DERVAR","species","Ixodidae",,,,"Dermacentor",,"variabilis",,,"Yunker, C. E., Keirans, J. E., Clifford, C. M., and E. R. Easton. 1986. Dermacentor ticks (Acari: Ixodoidea: Ixodidae) of the New World: a scanning electron microscope atlas. Proceedings of the Entomological Society of Washington, 88(4):609-627.","GSU_tickIdentification_SOP_2016-11-01.pdf","Say","Male",2,"OK","90% ethanol","125969",,"L. Beati","Georgia Southern University",
"094b0ff1-7d67-4adb-80d9-64f19afb2dab","WOOD_007.tickPlot.tck","WOOD_007","2015-05-19T19:15Z","2016-06-29T16:00Z","WOOD_007.20150519","WOOD_007.20150519.DERVAR.M","Dermacentor variabilis","DERVAR","species","Ixodidae",,,,"Dermacentor",,"variabilis",,,"Yunker, C. E., Keirans, J. E., Clifford, C. M., and E. R. Easton. 1986. Dermacentor ticks (Acari: Ixodoidea: Ixodidae) of the New World: a scanning electron microscope atlas. Proceedings of the Entomological Society of Washington, 88(4):609-627.","GSU_tickIdentification_SOP_2016-11-01.pdf","Say","Male",3,"OK","90% ethanol","125970",,"L. Beati","Georgia Southern University",
"322ae08a-20a2-4ea4-8f85-0d447401af67","WOOD_007.tickPlot.tck","WOOD_007","2015-05-19T19:15Z","2016-06-29T16:00Z","WOOD_007.20150519","WOOD_007.20150519.DERVAR.F","Dermacentor variabilis","DERVAR","species","Ixodidae",,,,"Dermacentor",,"variabilis",,,"Yunker, C. E., Keirans, J. E., Clifford, C. M., and E. R. Easton. 1986. Dermacentor ticks (Acari: Ixodoidea: Ixodidae) of the New World: a scanning electron microscope atlas. Proceedings of the Entomological Society of Washington, 88(4):609-627.","GSU_tickIdentification_SOP_2016-11-01.pdf","Say","Female",5,"OK","90% ethanol","125970",,"L. Beati","Georgia Southern University",
"f2becfe3-33a7-48c1-b87d-629d65f3a8e7","WOOD_001.tickPlot.tck","WOOD_001","2015-05-19T19:56Z","2016-06-29T16:00Z","WOOD_001.20150519","WOOD_001.20150519.DERVAR.F","Dermacentor variabilis","DERVAR","species","Ixodidae",,,,"Dermacentor",,"variabilis",,,"Yunker, C. E., Keirans, J. E., Clifford, C. M., and E. R. Easton. 1986. Dermacentor ticks (Acari: Ixodoidea: Ixodidae) of the New World: a scanning electron microscope atlas. Proceedings of the Entomological Society of Washington, 88(4):609-627.","GSU_tickIdentification_SOP_2016-11-01.pdf","Say","Female",1,"OK","90% ethanol","125971",,"L. Beati","Georgia Southern University",
"8dab42f7-56cc-4486-88b9-bb333834a998","WOOD_001.tickPlot.tck","WOOD_001","2015-05-19T19:56Z","2016-06-29T16:00Z","WOOD_001.20150519","WOOD_001.20150519.DERVAR.M","Dermacentor variabilis","DERVAR","species","Ixodidae",,,,"Dermacentor",,"variabilis",,,"Yunker, C. E., Keirans, J. E., Clifford, C. M., and E. R. Easton. 1986. Dermacentor ticks (Acari: Ixodoidea: Ixodidae) of the New World: a scanning electron microscope atlas. Proceedings of the Entomological Society of Washington, 88(4):609-627.","GSU_tickIdentification_SOP_2016-11-01.pdf","Say","Male",2,"OK","90% ethanol","125971",,"L. Beati","Georgia Southern University",
