uid,namedLocation,domainID,siteID,plotID,plotType,nlcdClass,decimalLatitude,decimalLongitude,geodeticDatum,coordinateUncertainty,elevation,elevationUncertainty,collectDate,eventID,sampleID,sampleCode,samplingMethod,totalSampledArea,targetTaxaPresent,adultCount,nymphCount,larvaCount,sampleCondition,samplingProtocolVersion,measuredBy,remarks
"9498245e-d1b4-48b6-bba6-420b3547dd71","WOOD_009.tickPlot.tck","D09","WOOD","WOOD_009","distributed","grasslandHerbaceous",47.144534,-99.231072,"WGS84",20.1,573.5,0.2,"2015-05-19T17:30Z","WOOD.2015.20",,,"drag",149,"N",0,0,,,"NEON.DOC.014045vF","4oCBvlQIQ4DhSH30J22+0bs0GAacIQwk","No ticks collected."
"14da4ffc-2d31-4e65-b246-c0d06d147eb6","WOOD_002.tickPlot.tck","D09","WOOD","WOOD_002","distributed","grasslandHerbaceous",47.136802,-99.234546,"WGS84",20.1,578.3,0.1,"2015-05-19T18:05Z","WOOD.2015.20",,,"drag",160,"N",0,0,,,"NEON.DOC.014045vF","4oCBvlQIQ4DhSH30J22+0bs0GAacIQwk","No ticks collected"
"688e6bc9-7f79-438c-9139-8f27e16a4cec","WOOD_006.tickPlot.tck","D09","WOOD","WOOD_006","distributed","grasslandHerbaceous",47.141023,-99.248055,"WGS84",20.1,587.2,0.1,"2015-05-19T18:36Z","WOOD.2015.20","WOOD_006.20150519",,"drag and flag",155,"Y",3,0,,"No known compromise","NEON.DOC.014045vF","4oCBvlQIQ4DhSH30J22+0bs0GAacIQwk",
"33afc49a-8deb-40aa-ba86-38c2688673b6","WOOD_007.tickPlot.tck","D09","WOOD","WOOD_007","distributed","grasslandHerbaceous",47.133887,-99.251357,"WGS84",20.4,593.6,0.3,"2015-05-19T19:15Z","WOOD.2015.20","WOOD_007.20150519",,"drag and flag",160,"Y",8,0,,"No known compromise","NEON.DOC.014045vF","4oCBvlQIQ4DhSH30J22+0bs0GAacIQwk",
"b0268b16-df45-45f3-b84e-e165c8f0db46","WOOD_001.tickPlot.tck","D09","WOOD","WOOD_001","distributed","grasslandHerbaceous",47.127200,-99.256464,"WGS84",20.1,593.8,0.2,"2015-05-19T19:56Z","WOOD.2015.20","WOOD_001.20150519",,"drag",159,"Y",3,0,,"No known compromise","NEON.DOC.014045vF","4oCBvlQIQ4DhSH30J22+0bs0GAacIQwk",
"dff191d7-b694-464a-bc46-e31eec4a5650","WOOD_024.tickPlot.tck","D09","WOOD","WOOD_024","distributed","emergentHerbaceousWetlands",47.150784,-99.260836,"WGS84",20.1,586.1,0.2,"2015-05-19T21:08Z","WOOD.2015.20",,,"flag",160,"N",0,0,,,"NEON.DOC.014045vF","a/0SlN26fEtmJ3LLysIxkaRUfZvckIBE","No ticks collected. Standing water in plot, higher water level than previous bout."
