uid,namedLocation,date,eventID,domainID,siteID,plotID,subplotID,individualID,tagStatus,growthForm,plantStatus,stemDiameter,measurementHeight,height,baseCrownHeight,breakHeight,breakDiameter,maxCrownDiameter,ninetyCrownDiameter,canopyPosition,shape,basalStemDiameter,basalStemDiameterMsrmntHeight,maxBaseCrownDiameter,ninetyBaseCrownDiameter,remarks,recordedBy,measuredBy,dataQF
"ec620b10-164b-4a91-aea8-53ce5b6389b6","STEI_060.basePlot.vst","2017-10-03","vst_STEI_2017","D05","STEI","STEI_060",,"NEON.PLA.D05.STEI.01660","ok","small tree","Live",1.9,130,1.9,,,,,,,,,,,,,"NSwvk2APJ//WjWZpLZvT5DZlXT6ftllOOBvbV7v+cY8=","e1I0NbzZcADnRcsMGeYsigd5XiUw63bbJX+fOzu7mIk=","legacyData"
"8df216fd-8c7d-4a1b-8cf5-e20e6f8d94f2","STEI_060.basePlot.vst","2017-10-03","vst_STEI_2017","D05","STEI","STEI_060",,"NEON.PLA.D05.STEI.01574","ok","small tree","Live",4.8,130,4.4,,,,,,,,,,,,,"NSwvk2APJ//WjWZpLZvT5DZlXT6ftllOOBvbV7v+cY8=","e1I0NbzZcADnRcsMGeYsigd5XiUw63bbJX+fOzu7mIk=","legacyData"
"bc3d18e4-c3cd-4345-9aae-16601bf31ee1","STEI_060.basePlot.vst","2017-10-03","vst_STEI_2017","D05","STEI","STEI_060",,"NEON.PLA.D05.STEI.01775","ok","sapling","Standing dead",,,1.3,,,,,,,,1.2,10,,,,"NSwvk2APJ//WjWZpLZvT5DZlXT6ftllOOBvbV7v+cY8=","e1I0NbzZcADnRcsMGeYsigd5XiUw63bbJX+fOzu7mIk=","legacyData"
"d9047185-7d84-48a4-a043-8ec5f4b7059e","STEI_060.basePlot.vst","2017-10-03","vst_STEI_2017","D05","STEI","STEI_060",,"NEON.PLA.D05.STEI.01687","ok","small tree","Live",2.3,130,3.5,,,,,,,,,,,,,"NSwvk2APJ//WjWZpLZvT5DZlXT6ftllOOBvbV7v+cY8=","e1I0NbzZcADnRcsMGeYsigd5XiUw63bbJX+fOzu7mIk=","legacyData"
"eb9c8a1a-2782-416c-bd15-38e056cc426b","STEI_060.basePlot.vst","2017-10-03","vst_STEI_2017","D05","STEI","STEI_060",,"NEON.PLA.D05.STEI.01713","ok","small tree","Live",1.6,130,3.4,,,,,,,,,,,,,"NSwvk2APJ//WjWZpLZvT5DZlXT6ftllOOBvbV7v+cY8=","e1I0NbzZcADnRcsMGeYsigd5XiUw63bbJX+fOzu7mIk=","legacyData"
"8046326a-f2ca-4d1c-a171-3d7e4e2ca12f","STEI_060.basePlot.vst","2017-10-03","vst_STEI_2017","D05","STEI","STEI_060",,"NEON.PLA.D05.STEI.01568","ok","small tree","Live",2.6,130,3.1,,,,,,,,,,,,,"NSwvk2APJ//WjWZpLZvT5DZlXT6ftllOOBvbV7v+cY8=","e1I0NbzZcADnRcsMGeYsigd5XiUw63bbJX+fOzu7mIk=","legacyData"
"c06d7f7c-bfd7-4a45-a129-b54cf1139f9c","STEI_060.basePlot.vst","2017-10-03","vst_STEI_2017","D05","STEI","STEI_060",,"NEON.PLA.D05.STEI.01755","ok","small tree","Live",2.3,130,4.4,,,,,,,,,,,,,"NSwvk2APJ//WjWZpLZvT5DZlXT6ftllOOBvbV7v+cY8=","e1I0NbzZcADnRcsMGeYsigd5XiUw63bbJX+fOzu7mIk=","legacyData"
"039caaf4-ddbb-4558-85e1-14a0a3781db7","STEI_060.basePlot.vst","2017-10-03","vst_STEI_2017","D05","STEI","STEI_060",,"NEON.PLA.D05.STEI.01760","ok","single bole tree","Live",11.7,130,5.7,,,,,,,,,,,,,"NSwvk2APJ//WjWZpLZvT5DZlXT6ftllOOBvbV7v+cY8=","e1I0NbzZcADnRcsMGeYsigd5XiUw63bbJX+fOzu7mIk=","legacyData"
"f0b561ac-0711-48b3-87f6-a6acfaf272c8","STEI_060.basePlot.vst","2017-10-03","vst_STEI_2017","D05","STEI","STEI_060",,"NEON.PLA.D05.STEI.01661","ok","small tree","Live",6.5,130,8.2,,,,,,,,,,,,,"NSwvk2APJ//WjWZpLZvT5DZlXT6ftllOOBvbV7v+cY8=","e1I0NbzZcADnRcsMGeYsigd5XiUw63bbJX+fOzu7mIk=","legacyData"
"60e9970a-9815-4341-89e0-b810a3c5de34","STEI_060.basePlot.vst","2017-10-03","vst_STEI_2017","D05","STEI","STEI_060",,"NEON.PLA.D05.STEI.01659","ok","small tree","Live",3.0,130,5.0,,,,,,,,,,,,,"NSwvk2APJ//WjWZpLZvT5DZlXT6ftllOOBvbV7v+cY8=","e1I0NbzZcADnRcsMGeYsigd5XiUw63bbJX+fOzu7mIk=","legacyData"
"d35eb83b-0905-4097-899f-b287066d3831","STEI_060.basePlot.vst","2017-10-03","vst_STEI_2017","D05","STEI","STEI_060",,"NEON.PLA.D05.STEI.01593","ok","small tree","Live",2.6,130,3.0,,,,,,,,,,,,,"NSwvk2APJ//WjWZpLZvT5DZlXT6ftllOOBvbV7v+cY8=","e1I0NbzZcADnRcsMGeYsigd5XiUw63bbJX+fOzu7mIk=","legacyData"
"7148a702-8024-4236-9a2b-c08dcb2fcc93","STEI_060.basePlot.vst","2017-10-03","vst_STEI_2017","D05","STEI","STEI_060",,"NEON.PLA.D05.STEI.01751","ok","small tree","Live",4.4,130,6.1,,,,,,,,,,,,,"NSwvk2APJ//WjWZpLZvT5DZlXT6ftllOOBvbV7v+cY8=","e1I0NbzZcADnRcsMGeYsigd5XiUw63bbJX+fOzu7mIk=","legacyData"
"03c2a86e-6e9b-4dda-91c7-16752173494e","STEI_060.basePlot.vst","2017-10-03","vst_STEI_2017","D05","STEI","STEI_060",,"NEON.PLA.D05.STEI.05689","ok","small tree","Live",1.3,130,2.8,,,,,,,,,,,,,"NSwvk2APJ//WjWZpLZvT5DZlXT6ftllOOBvbV7v+cY8=","e1I0NbzZcADnRcsMGeYsigd5XiUw63bbJX+fOzu7mIk=","legacyData"
"b00b9eea-f021-4012-9f9c-0b744b532967","STEI_060.basePlot.vst","2017-10-03","vst_STEI_2017","D05","STEI","STEI_060",,"NEON.PLA.D05.STEI.01650","ok","small tree","Live",3.7,130,5.9,,,,,,,,,,,,,"NSwvk2APJ//WjWZpLZvT5DZlXT6ftllOOBvbV7v+cY8=","e1I0NbzZcADnRcsMGeYsigd5XiUw63bbJX+fOzu7mIk=","legacyData"
"996b4e99-c66b-4560-9995-db2a5cc1dd96","STEI_060.basePlot.vst","2017-10-03","vst_STEI_2017","D05","STEI","STEI_060",,"NEON.PLA.D05.STEI.01734","ok","small tree","Live",9.1,130,10.1,,,,,,,,,,,,,"NSwvk2APJ//WjWZpLZvT5DZlXT6ftllOOBvbV7v+cY8=","e1I0NbzZcADnRcsMGeYsigd5XiUw63bbJX+fOzu7mIk=","legacyData"
"7a500f93-e280-4ce5-afb5-c20b9a633a03","STEI_060.basePlot.vst","2017-10-03","vst_STEI_2017","D05","STEI","STEI_060",,"NEON.PLA.D05.STEI.00522","ok","sapling","Live",,,0.7,,,,,,,,1.2,10,,,,"NSwvk2APJ//WjWZpLZvT5DZlXT6ftllOOBvbV7v+cY8=","e1I0NbzZcADnRcsMGeYsigd5XiUw63bbJX+fOzu7mIk=","legacyData"
"1c14f72c-2379-4ae9-92a1-aa95565667fa","STEI_060.basePlot.vst","2017-10-03","vst_STEI_2017","D05","STEI","STEI_060",,"NEON.PLA.D05.STEI.01753","ok","small tree","Live",7.6,130,6.5,,,,,,,,,,,,,"NSwvk2APJ//WjWZpLZvT5DZlXT6ftllOOBvbV7v+cY8=","e1I0NbzZcADnRcsMGeYsigd5XiUw63bbJX+fOzu7mIk=","legacyData"
"5d06ecbc-c7a4-4883-bbc9-6bc9cdedba4a","STEI_060.basePlot.vst","2017-10-03","vst_STEI_2017","D05","STEI","STEI_060",,"NEON.PLA.D05.STEI.01758","ok","small tree","Live",3.3,130,5.8,,,,,,,,,,,,,"NSwvk2APJ//WjWZpLZvT5DZlXT6ftllOOBvbV7v+cY8=","e1I0NbzZcADnRcsMGeYsigd5XiUw63bbJX+fOzu7mIk=","legacyData"
"1a36a997-d838-4af7-811d-61bbe3e90c29","STEI_060.basePlot.vst","2017-10-03","vst_STEI_2017","D05","STEI","STEI_060",,"NEON.PLA.D05.STEI.01588","ok","small tree","Live",2.9,130,3.3,,,,,,,,,,,,,"NSwvk2APJ//WjWZpLZvT5DZlXT6ftllOOBvbV7v+cY8=","e1I0NbzZcADnRcsMGeYsigd5XiUw63bbJX+fOzu7mIk=","legacyData"
"41137d3f-0b8f-4ad6-bd6c-8b64f1cb301d","STEI_060.basePlot.vst","2017-10-03","vst_STEI_2017","D05","STEI","STEI_060",,"NEON.PLA.D05.STEI.01601","ok","single shrub","Live",1.0,130,2.7,1.2,,,1.1,0.6,,"ellipsoid or sphere",1.7,10,,,,"NSwvk2APJ//WjWZpLZvT5DZlXT6ftllOOBvbV7v+cY8=","e1I0NbzZcADnRcsMGeYsigd5XiUw63bbJX+fOzu7mIk=","legacyData"
"bd7c831e-d16b-41c8-8da3-fc44cfffe706","STEI_060.basePlot.vst","2017-10-03","vst_STEI_2017","D05","STEI","STEI_060",,"NEON.PLA.D05.STEI.01675","ok","small tree","Live",2.4,130,4.2,,,,,,,,,,,,,"NSwvk2APJ//WjWZpLZvT5DZlXT6ftllOOBvbV7v+cY8=","e1I0NbzZcADnRcsMGeYsigd5XiUw63bbJX+fOzu7mIk=","legacyData"
"a51ad1ed-90c8-478b-a0cd-374b7b2727a2","STEI_060.basePlot.vst","2017-10-03","vst_STEI_2017","D05","STEI","STEI_060",,"NEON.PLA.D05.STEI.01718","ok","small tree","Live",7.7,130,6.5,,,,,,,,,,,,,"NSwvk2APJ//WjWZpLZvT5DZlXT6ftllOOBvbV7v+cY8=","e1I0NbzZcADnRcsMGeYsigd5XiUw63bbJX+fOzu7mIk=","legacyData"
"ce7e990c-1bac-41ac-b035-2758b1b64dea","STEI_060.basePlot.vst","2017-10-03","vst_STEI_2017","D05","STEI","STEI_060",,"NEON.PLA.D05.STEI.01572","ok","small tree","Live",4.2,130,3.8,,,,,,,,,,,,,"NSwvk2APJ//WjWZpLZvT5DZlXT6ftllOOBvbV7v+cY8=","e1I0NbzZcADnRcsMGeYsigd5XiUw63bbJX+fOzu7mIk=","legacyData"
"942f2d9d-d502-40fd-8d97-87757cb2e702","STEI_060.basePlot.vst","2017-10-03","vst_STEI_2017","D05","STEI","STEI_060",,"NEON.PLA.D05.STEI.01723","ok","single shrub","Live",1.3,130,3.0,0.8,,,1.2,0.9,,"ellipsoid or sphere",1.9,10,,,,"NSwvk2APJ//WjWZpLZvT5DZlXT6ftllOOBvbV7v+cY8=","e1I0NbzZcADnRcsMGeYsigd5XiUw63bbJX+fOzu7mIk=","legacyData"
"ab84741e-f547-4b06-a05f-ba4958cc0c48","STEI_060.basePlot.vst","2017-10-03","vst_STEI_2017","D05","STEI","STEI_060",,"NEON.PLA.D05.STEI.01570","ok","small tree","Live",2.9,130,3.3,,,,,,,,,,,,,"NSwvk2APJ//WjWZpLZvT5DZlXT6ftllOOBvbV7v+cY8=","e1I0NbzZcADnRcsMGeYsigd5XiUw63bbJX+fOzu7mIk=","legacyData"
"c90483f9-68d2-42ba-945d-39114fecc390","STEI_060.basePlot.vst","2017-10-03","vst_STEI_2017","D05","STEI","STEI_060",,"NEON.PLA.D05.STEI.01597","ok","small tree","Live",7.1,130,5.3,,,,,,,,,,,,,"NSwvk2APJ//WjWZpLZvT5DZlXT6ftllOOBvbV7v+cY8=","e1I0NbzZcADnRcsMGeYsigd5XiUw63bbJX+fOzu7mIk=","legacyData"
"49638109-390d-4600-99e2-a592c8d1cffc","STEI_060.basePlot.vst","2017-10-03","vst_STEI_2017","D05","STEI","STEI_060",,"NEON.PLA.D05.STEI.01744","ok","small tree","Live",2.2,130,4.2,,,,,,,,,,,,,"NSwvk2APJ//WjWZpLZvT5DZlXT6ftllOOBvbV7v+cY8=","e1I0NbzZcADnRcsMGeYsigd5XiUw63bbJX+fOzu7mIk=","legacyData"
"99b152a6-d98b-44cf-af2f-0aaadc25ebc4","STEI_060.basePlot.vst","2017-10-03","vst_STEI_2017","D05","STEI","STEI_060",,"NEON.PLA.D05.STEI.01581","ok","small tree","Live",2.7,130,2.6,,,,,,,,,,,,,"NSwvk2APJ//WjWZpLZvT5DZlXT6ftllOOBvbV7v+cY8=","e1I0NbzZcADnRcsMGeYsigd5XiUw63bbJX+fOzu7mIk=","legacyData"
"c323cfbc-a4e0-48ed-b07c-1c2de3b70ed1","STEI_060.basePlot.vst","2017-10-03","vst_STEI_2017","D05","STEI","STEI_060",,"NEON.PLA.D05.STEI.01658","ok","small tree","Live",5.5,130,7.8,,,,,,,,,,,,,"NSwvk2APJ//WjWZpLZvT5DZlXT6ftllOOBvbV7v+cY8=","e1I0NbzZcADnRcsMGeYsigd5XiUw63bbJX+fOzu7mIk=","legacyData"
"f7af315c-b5ef-4cb4-abcb-827e93c8044a","STEI_060.basePlot.vst","2017-10-03","vst_STEI_2017","D05","STEI","STEI_060",,"NEON.PLA.D05.STEI.01673","ok","sapling","Standing dead",,,1.9,,,,,,,,1.2,10,,,,"NSwvk2APJ//WjWZpLZvT5DZlXT6ftllOOBvbV7v+cY8=","e1I0NbzZcADnRcsMGeYsigd5XiUw63bbJX+fOzu7mIk=","legacyData"
"0505e214-990c-4a37-80a4-de6d80cbe0f2","STEI_060.basePlot.vst","2017-10-03","vst_STEI_2017","D05","STEI","STEI_060",,"NEON.PLA.D05.STEI.01719","ok","small tree","Live",2.0,130,3.3,,,,,,,,,,,,,"NSwvk2APJ//WjWZpLZvT5DZlXT6ftllOOBvbV7v+cY8=","e1I0NbzZcADnRcsMGeYsigd5XiUw63bbJX+fOzu7mIk=","legacyData"
"ad5807e6-8668-4659-9582-0c71d6454357","STEI_060.basePlot.vst","2017-10-03","vst_STEI_2017","D05","STEI","STEI_060",,"NEON.PLA.D05.STEI.00550","ok","sapling","Live",,,2.0,,,,,,,,1.1,10,,,,"NSwvk2APJ//WjWZpLZvT5DZlXT6ftllOOBvbV7v+cY8=","e1I0NbzZcADnRcsMGeYsigd5XiUw63bbJX+fOzu7mIk=","legacyData"
"9fb74478-fb79-45df-9309-83b9e1b4f755","STEI_060.basePlot.vst","2017-10-03","vst_STEI_2017","D05","STEI","STEI_060",,"NEON.PLA.D05.STEI.01750","ok","small tree","Live",4.8,130,7.8,,,,,,,,,,,,,"NSwvk2APJ//WjWZpLZvT5DZlXT6ftllOOBvbV7v+cY8=","e1I0NbzZcADnRcsMGeYsigd5XiUw63bbJX+fOzu7mIk=","legacyData"
"2552e4a5-dd97-4eed-b373-217faeeb006a","STEI_060.basePlot.vst","2017-10-03","vst_STEI_2017","D05","STEI","STEI_060",,"NEON.PLA.D05.STEI.00564","ok","sapling","Live",,,0.6,,,,,,,,1.1,10,,,,"NSwvk2APJ//WjWZpLZvT5DZlXT6ftllOOBvbV7v+cY8=","e1I0NbzZcADnRcsMGeYsigd5XiUw63bbJX+fOzu7mIk=","legacyData"
"56cced0c-ef9b-44a5-be2c-de1143d23c2d","STEI_060.basePlot.vst","2017-10-03","vst_STEI_2017","D05","STEI","STEI_060",,"NEON.PLA.D05.STEI.01569","ok","small tree","Live",1.8,130,2.5,,,,,,,,,,,,,"NSwvk2APJ//WjWZpLZvT5DZlXT6ftllOOBvbV7v+cY8=","e1I0NbzZcADnRcsMGeYsigd5XiUw63bbJX+fOzu7mIk=","legacyData"
"74692aee-4273-4aef-9979-889e9dffcc56","STEI_060.basePlot.vst","2017-10-03","vst_STEI_2017","D05","STEI","STEI_060",,"NEON.PLA.D05.STEI.01747","ok","single bole tree","Live",12.0,130,8.3,,,,,,,,,,,,,"NSwvk2APJ//WjWZpLZvT5DZlXT6ftllOOBvbV7v+cY8=","e1I0NbzZcADnRcsMGeYsigd5XiUw63bbJX+fOzu7mIk=","legacyData"
"de542d54-cbe4-40c0-9bc1-3ca22558b87b","STEI_060.basePlot.vst","2017-10-03","vst_STEI_2017","D05","STEI","STEI_060",,"NEON.PLA.D05.STEI.01580","ok","small tree","Live",1.6,130,2.6,,,,,,,,,,,,,"NSwvk2APJ//WjWZpLZvT5DZlXT6ftllOOBvbV7v+cY8=","e1I0NbzZcADnRcsMGeYsigd5XiUw63bbJX+fOzu7mIk=","legacyData"
"29cefdb7-b6f9-4fca-9b4a-c7db82bcade3","STEI_060.basePlot.vst","2017-10-03","vst_STEI_2017","D05","STEI","STEI_060",,"NEON.PLA.D05.STEI.01595","ok","small tree","Live",2.5,130,4.2,,,,,,,,,,,,,"NSwvk2APJ//WjWZpLZvT5DZlXT6ftllOOBvbV7v+cY8=","e1I0NbzZcADnRcsMGeYsigd5XiUw63bbJX+fOzu7mIk=","legacyData"
"420baca9-c428-4dd7-b304-7de4f2c0a72d","STEI_060.basePlot.vst","2017-10-03","vst_STEI_2017","D05","STEI","STEI_060",,"NEON.PLA.D05.STEI.01664","ok","small tree","Live",4.7,130,5.0,,,,,,,,,,,,,"NSwvk2APJ//WjWZpLZvT5DZlXT6ftllOOBvbV7v+cY8=","e1I0NbzZcADnRcsMGeYsigd5XiUw63bbJX+fOzu7mIk=","legacyData"
"c94dc0f2-98b4-4e0b-9d1c-6261b2a1cac1","STEI_060.basePlot.vst","2017-10-03","vst_STEI_2017","D05","STEI","STEI_060",,"NEON.PLA.D05.STEI.05688","ok","small tree","Standing dead",1.9,130,3.7,,,,,,,,,,,,,"NSwvk2APJ//WjWZpLZvT5DZlXT6ftllOOBvbV7v+cY8=","e1I0NbzZcADnRcsMGeYsigd5XiUw63bbJX+fOzu7mIk=","legacyData"
"9ba5f395-ccfa-4ea9-8d0a-6f9792a27385","STEI_060.basePlot.vst","2017-10-03","vst_STEI_2017","D05","STEI","STEI_060",,"NEON.PLA.D05.STEI.01712","ok","small tree","Live",3.0,130,5.6,,,,,,,,,,,,,"NSwvk2APJ//WjWZpLZvT5DZlXT6ftllOOBvbV7v+cY8=","e1I0NbzZcADnRcsMGeYsigd5XiUw63bbJX+fOzu7mIk=","legacyData"
"f1b391bb-09e2-44de-8b04-14902ab5e5ad","STEI_060.basePlot.vst","2017-10-03","vst_STEI_2017","D05","STEI","STEI_060",,"NEON.PLA.D05.STEI.01579","ok","small tree","Live",3.3,130,3.6,,,,,,,,,,,,,"NSwvk2APJ//WjWZpLZvT5DZlXT6ftllOOBvbV7v+cY8=","e1I0NbzZcADnRcsMGeYsigd5XiUw63bbJX+fOzu7mIk=","legacyData"
"74c2b638-c912-4f37-ac73-7c8338cb21e2","STEI_060.basePlot.vst","2017-10-03","vst_STEI_2017","D05","STEI","STEI_060",,"NEON.PLA.D05.STEI.01786","ok","small tree","Live",5.9,130,7.7,,,,,,,,,,,,,"NSwvk2APJ//WjWZpLZvT5DZlXT6ftllOOBvbV7v+cY8=","e1I0NbzZcADnRcsMGeYsigd5XiUw63bbJX+fOzu7mIk=","legacyData"
"14cca5a3-1d52-4c1f-97b7-cc12708cf8e6","STEI_060.basePlot.vst","2017-10-03","vst_STEI_2017","D05","STEI","STEI_060",,"NEON.PLA.D05.STEI.01732","ok","small tree","Live",4.9,130,7.5,,,,,,,,,,,,,"NSwvk2APJ//WjWZpLZvT5DZlXT6ftllOOBvbV7v+cY8=","e1I0NbzZcADnRcsMGeYsigd5XiUw63bbJX+fOzu7mIk=","legacyData"
"c474a87c-9e03-41d3-81b3-c0df0fb594ff","STEI_060.basePlot.vst","2017-10-03","vst_STEI_2017","D05","STEI","STEI_060",,"NEON.PLA.D05.STEI.05532","ok","small tree","Live",2.0,130,3.6,,,,,,,,,,,,,"NSwvk2APJ//WjWZpLZvT5DZlXT6ftllOOBvbV7v+cY8=","e1I0NbzZcADnRcsMGeYsigd5XiUw63bbJX+fOzu7mIk=","legacyData"
"9cb44788-98b4-4317-9627-0c3489ae6c8c","STEI_060.basePlot.vst","2017-10-03","vst_STEI_2017","D05","STEI","STEI_060",,"NEON.PLA.D05.STEI.01631","ok","small tree","Live",5.1,130,4.4,,,,,,,,,,,,,"NSwvk2APJ//WjWZpLZvT5DZlXT6ftllOOBvbV7v+cY8=","e1I0NbzZcADnRcsMGeYsigd5XiUw63bbJX+fOzu7mIk=","legacyData"
"b2667372-870c-4384-b00b-dc50e30cabeb","STEI_060.basePlot.vst","2017-10-03","vst_STEI_2017","D05","STEI","STEI_060",,"NEON.PLA.D05.STEI.01735","ok","single shrub","Live",1.1,130,2.7,1.4,,,0.9,0.8,,"ellipsoid or sphere",1.6,10,,,,"NSwvk2APJ//WjWZpLZvT5DZlXT6ftllOOBvbV7v+cY8=","e1I0NbzZcADnRcsMGeYsigd5XiUw63bbJX+fOzu7mIk=","legacyData"
"a63eb4cc-e670-40f2-ac6e-5bb6802cc017","STEI_060.basePlot.vst","2017-10-03","vst_STEI_2017","D05","STEI","STEI_060",,"NEON.PLA.D05.STEI.01733","ok","small tree","Live",1.6,130,3.6,,,,,,,,,,,,,"NSwvk2APJ//WjWZpLZvT5DZlXT6ftllOOBvbV7v+cY8=","e1I0NbzZcADnRcsMGeYsigd5XiUw63bbJX+fOzu7mIk=","legacyData"
"3a7442de-6ae4-4be4-8101-c46da519b7d6","STEI_060.basePlot.vst","2017-10-03","vst_STEI_2017","D05","STEI","STEI_060",,"NEON.PLA.D05.STEI.01556","ok","small tree","Live",3.6,130,4.3,,,,,,,,,,,,,"NSwvk2APJ//WjWZpLZvT5DZlXT6ftllOOBvbV7v+cY8=","e1I0NbzZcADnRcsMGeYsigd5XiUw63bbJX+fOzu7mIk=","legacyData"
"f3254fd1-d61c-426a-8198-bbb8d831377d","STEI_060.basePlot.vst","2017-10-03","vst_STEI_2017","D05","STEI","STEI_060",,"NEON.PLA.D05.STEI.01573","ok","small tree","Live",3.3,130,4.5,,,,,,,,,,,,,"NSwvk2APJ//WjWZpLZvT5DZlXT6ftllOOBvbV7v+cY8=","e1I0NbzZcADnRcsMGeYsigd5XiUw63bbJX+fOzu7mIk=","legacyData"
"8e566ed7-e00d-4b94-b3f5-62d13e097a5b","STEI_060.basePlot.vst","2017-10-03","vst_STEI_2017","D05","STEI","STEI_060",,"NEON.PLA.D05.STEI.05533","ok","sapling","Live",,,1.2,,,,,,,,1.8,10,,,,"NSwvk2APJ//WjWZpLZvT5DZlXT6ftllOOBvbV7v+cY8=","e1I0NbzZcADnRcsMGeYsigd5XiUw63bbJX+fOzu7mIk=","legacyData"
"fad42dbe-cd50-4605-acd2-e3aa014305e2","STEI_060.basePlot.vst","2017-10-03","vst_STEI_2017","D05","STEI","STEI_060",,"NEON.PLA.D05.STEI.01714","ok","small tree","Live",2.4,130,4.5,,,,,,,,,,,,,"NSwvk2APJ//WjWZpLZvT5DZlXT6ftllOOBvbV7v+cY8=","e1I0NbzZcADnRcsMGeYsigd5XiUw63bbJX+fOzu7mIk=","legacyData"
"ef9259b2-8a1d-4839-bf37-a28cde272f55","STEI_060.basePlot.vst","2017-10-03","vst_STEI_2017","D05","STEI","STEI_060",,"NEON.PLA.D05.STEI.01710","ok","sapling","Live",,,2.5,,,,,,,,1.4,10,,,,"NSwvk2APJ//WjWZpLZvT5DZlXT6ftllOOBvbV7v+cY8=","e1I0NbzZcADnRcsMGeYsigd5XiUw63bbJX+fOzu7mIk=","legacyData"
"4e4abf37-d10d-4f91-b921-10ed7114fa01","STEI_060.basePlot.vst","2017-10-03","vst_STEI_2017","D05","STEI","STEI_060",,"NEON.PLA.D05.STEI.01571","ok","small tree","Live",3.9,130,4.7,,,,,,,,,,,,,"NSwvk2APJ//WjWZpLZvT5DZlXT6ftllOOBvbV7v+cY8=","e1I0NbzZcADnRcsMGeYsigd5XiUw63bbJX+fOzu7mIk=","legacyData"
"edbc7937-c5e8-4855-a895-a3ff8d6f157c","STEI_060.basePlot.vst","2017-10-03","vst_STEI_2017","D05","STEI","STEI_060",,"NEON.PLA.D05.STEI.05534","ok","small tree","Live",1.8,130,2.4,,,,,,,,,,,,,"NSwvk2APJ//WjWZpLZvT5DZlXT6ftllOOBvbV7v+cY8=","e1I0NbzZcADnRcsMGeYsigd5XiUw63bbJX+fOzu7mIk=","legacyData"
"e5063824-09ab-47a6-acce-d1c583e4b350","STEI_060.basePlot.vst","2017-10-03","vst_STEI_2017","D05","STEI","STEI_060",,"NEON.PLA.D05.STEI.01578","ok","single bole tree","Live",1.5,130,2.2,,,,,,,,,,,,,"NSwvk2APJ//WjWZpLZvT5DZlXT6ftllOOBvbV7v+cY8=","e1I0NbzZcADnRcsMGeYsigd5XiUw63bbJX+fOzu7mIk=","legacyData"
"0d81304c-f9d6-42cf-ac6e-c586d2f631e1","STEI_060.basePlot.vst","2017-10-03","vst_STEI_2017","D05","STEI","STEI_060",,"NEON.PLA.D05.STEI.01594","ok","small tree","Live",3.9,130,3.5,,,,,,,,,,,,,"NSwvk2APJ//WjWZpLZvT5DZlXT6ftllOOBvbV7v+cY8=","e1I0NbzZcADnRcsMGeYsigd5XiUw63bbJX+fOzu7mIk=","legacyData"
"c73958a3-ace9-478b-98f5-784a40a4b3c5","STEI_060.basePlot.vst","2017-10-03","vst_STEI_2017","D05","STEI","STEI_060",,"NEON.PLA.D05.STEI.01756","ok","small tree","Live",5.0,130,7.8,,,,,,,,,,,,,"NSwvk2APJ//WjWZpLZvT5DZlXT6ftllOOBvbV7v+cY8=","e1I0NbzZcADnRcsMGeYsigd5XiUw63bbJX+fOzu7mIk=","legacyData"
"57b3871f-24ac-4051-9215-7115d8e4b628","STEI_060.basePlot.vst","2017-10-03","vst_STEI_2017","D05","STEI","STEI_060",,"NEON.PLA.D05.STEI.01596","ok","sapling","Standing dead",,,1.9,,,,,,,,1.1,10,,,,"NSwvk2APJ//WjWZpLZvT5DZlXT6ftllOOBvbV7v+cY8=","e1I0NbzZcADnRcsMGeYsigd5XiUw63bbJX+fOzu7mIk=","legacyData"
"eabf978d-e33e-46e6-858e-0dcfacff7d29","STEI_060.basePlot.vst","2017-10-03","vst_STEI_2017","D05","STEI","STEI_060",,"NEON.PLA.D05.STEI.01680","ok","small tree","Live",2.5,130,4.2,,,,,,,,,,,,,"NSwvk2APJ//WjWZpLZvT5DZlXT6ftllOOBvbV7v+cY8=","e1I0NbzZcADnRcsMGeYsigd5XiUw63bbJX+fOzu7mIk=","legacyData"
"2cdeaa69-6172-4c67-9a33-d18b69132089","STEI_060.basePlot.vst","2017-10-03","vst_STEI_2017","D05","STEI","STEI_060",,"NEON.PLA.D05.STEI.01516","ok","small tree","Live",1.1,130,2.7,,,,,,,,,,,,,"NSwvk2APJ//WjWZpLZvT5DZlXT6ftllOOBvbV7v+cY8=","e1I0NbzZcADnRcsMGeYsigd5XiUw63bbJX+fOzu7mIk=","legacyData"
"c3c5b26a-6444-4eaf-bc68-ac1efe2f3c8d","STEI_060.basePlot.vst","2017-10-03","vst_STEI_2017","D05","STEI","STEI_060",,"NEON.PLA.D05.STEI.01752","ok","small tree","Live",5.8,130,6.8,,,,,,,,,,,,,"NSwvk2APJ//WjWZpLZvT5DZlXT6ftllOOBvbV7v+cY8=","e1I0NbzZcADnRcsMGeYsigd5XiUw63bbJX+fOzu7mIk=","legacyData"
"7c37c0bf-bdac-43d7-8e41-ca433f01953e","STEI_060.basePlot.vst","2017-10-03","vst_STEI_2017","D05","STEI","STEI_060",,"NEON.PLA.D05.STEI.01632","ok","small tree","Live",3.4,130,3.1,,,,,,,,,,,,,"NSwvk2APJ//WjWZpLZvT5DZlXT6ftllOOBvbV7v+cY8=","e1I0NbzZcADnRcsMGeYsigd5XiUw63bbJX+fOzu7mIk=","legacyData"
"d18b5b25-624b-46c0-a336-ecba42346618","STEI_060.basePlot.vst","2017-10-03","vst_STEI_2017","D05","STEI","STEI_060",,"NEON.PLA.D05.STEI.01711","ok","small tree","Live",5.8,130,8.1,,,,,,,,,,,,,"NSwvk2APJ//WjWZpLZvT5DZlXT6ftllOOBvbV7v+cY8=","e1I0NbzZcADnRcsMGeYsigd5XiUw63bbJX+fOzu7mIk=","legacyData"
"73f97d4e-85d6-4558-ba04-06dc57b9fc8b","STEI_060.basePlot.vst","2017-10-03","vst_STEI_2017","D05","STEI","STEI_060",,"NEON.PLA.D05.STEI.01556","ok","small tree","Live",3.5,130,4.1,,,,,,,,,,,,,"NSwvk2APJ//WjWZpLZvT5DZlXT6ftllOOBvbV7v+cY8=","e1I0NbzZcADnRcsMGeYsigd5XiUw63bbJX+fOzu7mIk=","legacyData"
"ddf62027-b800-4326-96c2-7c19282c1fb7","STEI_060.basePlot.vst","2017-10-03","vst_STEI_2017","D05","STEI","STEI_060",,"NEON.PLA.D05.STEI.01575","ok","small tree","Live",2.4,130,3.9,,,,,,,,,,,,,"NSwvk2APJ//WjWZpLZvT5DZlXT6ftllOOBvbV7v+cY8=","e1I0NbzZcADnRcsMGeYsigd5XiUw63bbJX+fOzu7mIk=","legacyData"
"d2b57e46-c907-4d7c-8675-c19497fbbc28","STEI_060.basePlot.vst","2017-10-03","vst_STEI_2017","D05","STEI","STEI_060",,"NEON.PLA.D05.STEI.00526","ok","single bole tree","Live",10.1,130,5.2,,,,,,,,,,,,,"NSwvk2APJ//WjWZpLZvT5DZlXT6ftllOOBvbV7v+cY8=","e1I0NbzZcADnRcsMGeYsigd5XiUw63bbJX+fOzu7mIk=","legacyData"
