uid,namedLocation,domainID,siteID,plotID,plotType,nlcdClass,decimalLatitude,decimalLongitude,geodeticDatum,coordinateUncertainty,elevation,elevationUncertainty,collectDate,eventID,sampleID,sampleCode,samplingMethod,totalSampledArea,targetTaxaPresent,adultCount,nymphCount,larvaCount,sampleCondition,samplingProtocolVersion,measuredBy,remarks
"92751cc3-0336-404b-8f8c-18294e4e77f3","ORNL_002.tickPlot.tck","D07","ORNL","ORNL_002","distributed","deciduousForest",35.983090,-84.211654,"WGS84",20.3,338.6,0.5,"2015-07-09T13:00Z","ORNL.2015.27","ORNL_002.20150709",,"drag and flag",160,"Y",1,58,27,"No known compromise","NEON.DOC.014045vF","nAKPQvGWPz3w50pS9SF/Wg/TlEjgxRE8",
"8ffd7f3f-bad2-4161-b88e-0f36f4317b6b","ORNL_009.tickPlot.tck","D07","ORNL","ORNL_009","distributed","deciduousForest",35.974902,-84.226630,"WGS84",20.2,337.1,0.2,"2015-07-09T14:53Z","ORNL.2015.27","ORNL_009.20150709",,"drag and flag",170,"Y",1,6,5,"No known compromise","NEON.DOC.014045vF","nAKPQvGWPz3w50pS9SF/Wg/TlEjgxRE8",
"a1431bbf-3b9d-40ab-8934-6b4c37406b0c","ORNL_007.tickPlot.tck","D07","ORNL","ORNL_007","distributed","deciduousForest",35.925843,-84.328420,"WGS84",20.2,279.4,0.5,"2015-07-09T16:48Z","ORNL.2015.27","ORNL_007.20150709",,"drag and flag",160,"Y",0,11,19,"No known compromise","NEON.DOC.014045vF","nAKPQvGWPz3w50pS9SF/Wg/TlEjgxRE8",
"d327e9d5-c62a-409b-a15b-c849131ed089","ORNL_008.tickPlot.tck","D07","ORNL","ORNL_008","distributed","deciduousForest",35.933531,-84.334016,"WGS84",20.3,322.7,0.3,"2015-07-09T18:21Z","ORNL.2015.27","ORNL_008.20150709",,"drag and flag",160,"Y",1,5,9,"No known compromise","NEON.DOC.014045vF","nAKPQvGWPz3w50pS9SF/Wg/TlEjgxRE8",
"ccb2d579-6c42-44ca-adc5-582344c3560e","ORNL_040.tickPlot.tck","D07","ORNL","ORNL_040","distributed","evergreenForest",35.975525,-84.305103,"WGS84",20.2,273.2,0.2,"2015-07-09T19:21Z","ORNL.2015.27","ORNL_040.20150709",,"drag and flag",160,"Y",0,4,3,"No known compromise","NEON.DOC.014045vF","nAKPQvGWPz3w50pS9SF/Wg/TlEjgxRE8",
"3ae4e662-43cf-4ca8-9425-d0623654cc77","ORNL_009.tickPlot.tck","D07","ORNL","ORNL_009","distributed","deciduousForest",35.974902,-84.226630,"WGS84",20.2,337.1,0.2,"2015-07-30T11:28Z","ORNL.2015.30","ORNL_009.20150730",,"drag and flag",160,"Y",0,6,12,"No known compromise","NEON.DOC.014045vF","nWRBOaU124b01Rs+iLGaSLZBvwgmQ5i5",
"8e80d4d6-ea4c-4fa7-b7af-1e66f891d58e","ORNL_008.tickPlot.tck","D07","ORNL","ORNL_008","distributed","deciduousForest",35.933531,-84.334016,"WGS84",20.3,322.7,0.3,"2015-07-30T12:20Z","ORNL.2015.30","ORNL_008.20150730",,"drag",160,"Y",1,0,,"No known compromise","NEON.DOC.014045vF","cLunHzhvGfwnGSRgitcE2aQgFynzmRYl",
"efdd7008-f1bc-49ae-a456-c82773637777","ORNL_002.tickPlot.tck","D07","ORNL","ORNL_002","distributed","deciduousForest",35.983090,-84.211654,"WGS84",20.3,338.6,0.5,"2015-07-30T13:11Z","ORNL.2015.30","ORNL_002.20150730",,"drag and flag",160,"Y",0,14,,"No known compromise","NEON.DOC.014045vF","nAKPQvGWPz3w50pS9SF/Wg/TlEjgxRE8",
"395699bc-d778-4679-a2ff-c197d7833761","ORNL_007.tickPlot.tck","D07","ORNL","ORNL_007","distributed","deciduousForest",35.925843,-84.328420,"WGS84",20.2,279.4,0.5,"2015-07-30T13:35Z","ORNL.2015.30","ORNL_007.20150730",,"drag and flag",160,"Y",0,0,27,"No known compromise","NEON.DOC.014045vF","cLunHzhvGfwnGSRgitcE2aQgFynzmRYl",
"42ca73e2-bddb-4a87-b11e-a48bed44f5df","ORNL_040.tickPlot.tck","D07","ORNL","ORNL_040","distributed","evergreenForest",35.975525,-84.305103,"WGS84",20.2,273.2,0.2,"2015-07-30T15:35Z","ORNL.2015.30","ORNL_040.20150730",,"drag and flag",160,"Y",3,0,,"No known compromise","NEON.DOC.014045vF","cLunHzhvGfwnGSRgitcE2aQgFynzmRYl",
