uid,namedLocation,plotID,collectDate,identifiedDate,sampleID,subsampleID,scientificName,acceptedTaxonID,taxonRank,family,subfamily,tribe,subtribe,genus,subgenus,specificEpithet,infraspecificEpithet,identificationQualifier,identificationReferences,identificationProtocolVersion,scientificNameAuthorship,sexOrAge,individualCount,sampleCondition,archiveMedium,archiveFacilityID,deprecatedVialID,identifiedBy,laboratoryName,remarks
"c9dc1441-6f95-4bbc-aed9-190cf83cc489","ORNL_009.tickPlot.tck","ORNL_009","2015-07-09T14:53Z","2016-10-26T16:00Z","ORNL_009.20150709","ORNL_009.20150709.AMBAME.F","Amblyomma americanum","AMBAME","species","Ixodidae",,,,"Amblyomma",,"americanum",,,"Cooley, R. A. and G. M. Kohls. 1944. The genus Amblyomma (ixodidae) in the United States. The Journal of Parasitology, 30(2):77-111.","GSU_tickIdentification_SOP_2016-11-01.pdf","Linnaeus","Female",1,"OK","90% ethanol","USNMENT00865385","ORNL_009.20150709.4.1.Female","L. Beati","Georgia Southern University",
"30bf74de-1c56-436e-90a8-b73d39c670df","ORNL_009.tickPlot.tck","ORNL_009","2015-07-09T14:53Z","2016-10-26T16:00Z","ORNL_009.20150709","ORNL_009.20150709.DERVAR.N","Dermacentor variabilis","DERVAR","species","Ixodidae",,,,"Dermacentor",,"variabilis",,,"Yunker, C. E., Keirans, J. E., Clifford, C. M., and E. R. Easton. 1986. Dermacentor ticks (Acari: Ixodoidea: Ixodidae) of the New World: a scanning electron microscope atlas. Proceedings of the Entomological Society of Washington, 88(4):609-627.","GSU_tickIdentification_SOP_2016-11-01.pdf","Say","Nymph",1,"OK","90% ethanol","USNMENT00865388","ORNL_009.20150709.4.1.Nymph","L. Beati","Georgia Southern University",
"5b06837b-c5ee-4949-b4ee-75891ba2e55b","ORNL_009.tickPlot.tck","ORNL_009","2015-07-09T14:53Z","2016-10-26T16:00Z","ORNL_009.20150709","ORNL_009.20150709.AMBAME.N","Amblyomma americanum","AMBAME","species","Ixodidae",,,,"Amblyomma",,"americanum",,,"Cooley, R. A. and G. M. Kohls. 1944. The genus Amblyomma (ixodidae) in the United States. The Journal of Parasitology, 30(2):77-111.","GSU_tickIdentification_SOP_2016-11-01.pdf","Linnaeus","Nymph",4,"OK","90% ethanol","USNMENT00865387","ORNL_009.20150709.4.1.Nymph","L. Beati","Georgia Southern University",
"d218f4d0-22b1-4914-a688-b602c5d5a2ed","ORNL_009.tickPlot.tck","ORNL_009","2015-07-09T14:53Z","2016-10-26T16:00Z","ORNL_009.20150709","ORNL_009.20150709.IXOSP.L","Ixodidae sp.","IXOSP","family","Ixodidae",,,,,,"sp.",,,,"GSU_tickIdentification_SOP_2016-11-01.pdf",,"Larva",1,"OK","90% ethanol","USNMENT00865386","ORNL_009.20150709.4.1.larvae","L. Beati","Georgia Southern University",
"0c1de3d0-bdad-476b-a272-e27731166762","ORNL_007.tickPlot.tck","ORNL_007","2015-07-09T16:48Z","2016-10-26T16:00Z","ORNL_007.20150709","ORNL_007.20150709.AMBAME.N","Amblyomma americanum","AMBAME","species","Ixodidae",,,,"Amblyomma",,"americanum",,,"Cooley, R. A. and G. M. Kohls. 1944. The genus Amblyomma (ixodidae) in the United States. The Journal of Parasitology, 30(2):77-111.","GSU_tickIdentification_SOP_2016-11-01.pdf","Linnaeus","Nymph",10,"OK","90% ethanol","USNMENT00865005","ORNL_007.20150709.4.1.Nymph","L. Beati","Georgia Southern University",
"e330f4a3-fe4a-4c22-97aa-5b92aa43d61c","ORNL_007.tickPlot.tck","ORNL_007","2015-07-09T16:48Z","2016-10-26T16:00Z","ORNL_007.20150709","ORNL_007.20150709.IXOSP.L","Ixodidae sp.","IXOSP","family","Ixodidae",,,,,,"sp.",,,,"GSU_tickIdentification_SOP_2016-11-01.pdf",,"Larva",1,"OK","90% ethanol","USNMENT00865278","ORNL_007.20150709.4.1.larvae","L. Beati","Georgia Southern University",
"00ec3463-adf3-43d5-ad78-d79580cbbbc7","ORNL_007.tickPlot.tck","ORNL_007","2015-07-09T16:48Z","2016-10-26T16:00Z","ORNL_007.20150709","ORNL_007.20150709.IXOSCA.N","Ixodes scapularis","IXOSCA","species","Ixodidae",,,,"Ixodes",,"scapularis",,,"Keirans, J. E., and C. M. Clifford. 1978. The genus Ixodes in the United States: a scanning electron microscope study and key to the adults. Journal of Medical Entomology, 15(Supplement 2):1-38.","GSU_tickIdentification_SOP_2016-11-01.pdf","Say","Nymph",1,"OK","90% ethanol","USNMENT00865279","ORNL_007.20150709.4.1.Nymph","L. Beati","Georgia Southern University",
"5f05324f-94d9-43b7-bc14-c78c4000e094","ORNL_008.tickPlot.tck","ORNL_008","2015-07-09T18:21Z","2016-10-26T16:00Z","ORNL_008.20150709","ORNL_008.20150709.IXOSP.L","Ixodidae sp.","IXOSP","family","Ixodidae",,,,,,"sp.",,,,"GSU_tickIdentification_SOP_2016-11-01.pdf",,"Larva",1,"OK","90% ethanol","USNMENT00865356","ORNL_008.20150709.4.1.larvae","L. Beati","Georgia Southern University",
"9c474660-9ae3-498b-97de-2aeb477c7f43","ORNL_008.tickPlot.tck","ORNL_008","2015-07-09T18:21Z","2016-10-26T16:00Z","ORNL_008.20150709","ORNL_008.20150709.AMBAME.F","Amblyomma americanum","AMBAME","species","Ixodidae",,,,"Amblyomma",,"americanum",,,"Cooley, R. A. and G. M. Kohls. 1944. The genus Amblyomma (ixodidae) in the United States. The Journal of Parasitology, 30(2):77-111.","GSU_tickIdentification_SOP_2016-11-01.pdf","Linnaeus","Female",1,"OK","90% ethanol","USNMENT00865357","ORNL_008.20150709.4.1.Female","L. Beati","Georgia Southern University",
"869a7e5f-4b87-40dc-8d5d-9a08332fa418","ORNL_008.tickPlot.tck","ORNL_008","2015-07-09T18:21Z","2016-10-26T16:00Z","ORNL_008.20150709","ORNL_008.20150709.AMBAME.N","Amblyomma americanum","AMBAME","species","Ixodidae",,,,"Amblyomma",,"americanum",,,"Cooley, R. A. and G. M. Kohls. 1944. The genus Amblyomma (ixodidae) in the United States. The Journal of Parasitology, 30(2):77-111.","GSU_tickIdentification_SOP_2016-11-01.pdf","Linnaeus","Nymph",55,"OK","90% ethanol","USNMENT00865358","ORNL_008.20150709.4.1.Nymph","L. Beati","Georgia Southern University",
"26a6fa9a-a4fb-49a4-a952-15ce7362ba86","ORNL_040.tickPlot.tck","ORNL_040","2015-07-09T19:21Z","2016-10-26T16:00Z","ORNL_040.20150709","ORNL_040.20150709.AMBAME.N","Amblyomma americanum","AMBAME","species","Ixodidae",,,,"Amblyomma",,"americanum",,,"Cooley, R. A. and G. M. Kohls. 1944. The genus Amblyomma (ixodidae) in the United States. The Journal of Parasitology, 30(2):77-111.","GSU_tickIdentification_SOP_2016-11-01.pdf","Linnaeus","Nymph",4,"OK","90% ethanol","USNMENT00865053","ORNL_040.20150709.4.1.Nymph","L. Beati","Georgia Southern University",
"9a26b7a3-d508-4e30-b1f0-e9b305834a87","ORNL_040.tickPlot.tck","ORNL_040","2015-07-09T19:21Z","2016-10-26T16:00Z","ORNL_040.20150709","ORNL_040.20150709.IXOSP.L","Ixodidae sp.","IXOSP","family","Ixodidae",,,,,,"sp.",,,,"GSU_tickIdentification_SOP_2016-11-01.pdf",,"Larva",1,"OK","90% ethanol","USNMENT00865052","ORNL_040.20150709.4.1.larvae","L. Beati","Georgia Southern University",
"8377af0b-f913-43d6-a7aa-b33e34a3c431","ORNL_002.tickPlot.tck","ORNL_002","2015-07-30T13:11Z","2016-10-28T16:00Z","ORNL_002.20150730","ORNL_002.20150730.AMBAME.N","Amblyomma americanum","AMBAME","species","Ixodidae",,,,"Amblyomma",,"americanum",,,"Cooley, R. A. and G. M. Kohls. 1944. The genus Amblyomma (ixodidae) in the United States. The Journal of Parasitology, 30(2):77-111.","GSU_tickIdentification_SOP_2016-11-01.pdf","Linnaeus","Nymph",14,"OK","90% ethanol","USNMENT00865009","ORNL_002.20150730.5.1.Nymph","L. Beati","Georgia Southern University",
"0eedbc53-383e-4b19-90cd-3eddea91eae8","ORNL_040.tickPlot.tck","ORNL_040","2015-07-30T15:35Z","2016-10-28T16:00Z","ORNL_040.20150730","ORNL_040.20150730.AMBAME.N","Amblyomma americanum","AMBAME","species","Ixodidae",,,,"Amblyomma",,"americanum",,,"Cooley, R. A. and G. M. Kohls. 1944. The genus Amblyomma (ixodidae) in the United States. The Journal of Parasitology, 30(2):77-111.","GSU_tickIdentification_SOP_2016-11-01.pdf","Linnaeus","Nymph",3,"OK","90% ethanol","USNMENT00865044","ORNL_040.20150730.5.1.Nymph","L. Beati","Georgia Southern University",
