uid,namedLocation,domainID,siteID,plotID,plotType,nlcdClass,decimalLatitude,decimalLongitude,geodeticDatum,coordinateUncertainty,elevation,elevationUncertainty,collectDate,eventID,sampleID,sampleCode,samplingMethod,totalSampledArea,targetTaxaPresent,adultCount,nymphCount,larvaCount,sampleCondition,samplingProtocolVersion,measuredBy,remarks
"3182023d-937c-41fb-9424-1de05d7f1d23","KONZ_009.tickPlot.tck","D06","KONZ","KONZ_009","distributed","grasslandHerbaceous",39.107902,-96.584438,"WGS84",20.1,391.9,0.1,"2016-12-01T07:46Z","KONZ.2016.48",,,"drag",160,"N",0,0,0,"No known compromise","NEON.DOC.014045vG","uXSN77Q7x9cACyt+x8PEhxuBjTDRBKZV",
"9ca475ed-4079-4a3a-a946-dcac47847cfc","KONZ_002.tickPlot.tck","D06","KONZ","KONZ_002","distributed","grasslandHerbaceous",39.118977,-96.547146,"WGS84",20.0,394.4,0.0,"2016-12-01T15:43Z","KONZ.2016.48",,,"drag and flag",160,"N",0,0,0,"No known compromise","NEON.DOC.014045vG","uXSN77Q7x9cACyt+x8PEhxuBjTDRBKZV",
"df51faf0-bd41-4eff-b03a-cdec7249107c","KONZ_004.tickPlot.tck","D06","KONZ","KONZ_004","distributed","grasslandHerbaceous",39.109647,-96.551370,"WGS84",20.0,371.9,0.0,"2016-12-01T16:33Z","KONZ.2016.48",,,"drag",160,"N",0,0,0,"No known compromise","NEON.DOC.014045vG","uXSN77Q7x9cACyt+x8PEhxuBjTDRBKZV",
"9eafc290-76e4-457d-a58a-49d2b00528cd","KONZ_007.tickPlot.tck","D06","KONZ","KONZ_007","distributed","grasslandHerbaceous",39.087937,-96.545919,"WGS84",20.1,434.0,0.1,"2016-12-01T17:06Z","KONZ.2016.48",,,"drag and flag",160,"N",0,0,0,"No known compromise","NEON.DOC.014045vG","uXSN77Q7x9cACyt+x8PEhxuBjTDRBKZV",
"b302f934-31d3-499a-a3c1-362b78087b44","KONZ_001.tickPlot.tck","D06","KONZ","KONZ_001","distributed","grasslandHerbaceous",39.074114,-96.557107,"WGS84",20.0,423.7,0.0,"2016-12-01T17:29Z","KONZ.2016.48",,,"drag and flag",160,"N",0,0,0,"No known compromise","NEON.DOC.014045vG","uXSN77Q7x9cACyt+x8PEhxuBjTDRBKZV",
"49fa82ba-4128-4e23-803c-36ad397169f8","KONZ_025.tickPlot.tck","D06","KONZ","KONZ_025","distributed","deciduousForest",39.103714,-96.597832,"WGS84",20.1,337.3,0.1,"2016-12-01T18:31Z","KONZ.2016.48",,,"drag and flag",160,"N",0,0,0,"No known compromise","NEON.DOC.014045vG","uXSN77Q7x9cACyt+x8PEhxuBjTDRBKZV",
