uid,namedLocation,domainID,siteID,plotID,plotType,nlcdClass,decimalLatitude,decimalLongitude,geodeticDatum,coordinateUncertainty,elevation,elevationUncertainty,collectDate,eventID,sampleID,sampleCode,samplingMethod,totalSampledArea,targetTaxaPresent,adultCount,nymphCount,larvaCount,sampleCondition,samplingProtocolVersion,measuredBy,remarks
"7ee6d837-7f56-4a19-8930-5d74676f81cc","NIWO_006.tickPlot.tck","D13","NIWO","NIWO_006","distributed","grasslandHerbaceous",40.055786,-105.563006,"WGS84",20.1,3455.0,0.1,"2018-08-15T16:11Z","NIWO.2018.33",,,"drag",160,"N",0,0,0,,"NEON.DOC.014045vJ","K+tJSr1+vfbHsPtL/dLKMjFlKn3yOXeu44OlkjOHon8=",
"85b2f045-e751-49a4-8e82-c3e3c47ab9d1","NIWO_003.tickPlot.tck","D13","NIWO","NIWO_003","distributed","grasslandHerbaceous",40.050268,-105.566230,"WGS84",20.1,3460.4,0.1,"2018-08-15T16:52Z","NIWO.2018.33",,,"drag",151,"N",0,0,0,,"NEON.DOC.014045vJ","K+tJSr1+vfbHsPtL/dLKMjFlKn3yOXeu44OlkjOHon8=",
"ad032314-523a-4e85-8ce8-4f31d704bc78","NIWO_005.tickPlot.tck","D13","NIWO","NIWO_005","distributed","evergreenForest",40.043842,-105.571603,"WGS84",20.3,3285.9,0.4,"2018-08-15T17:55Z","NIWO.2018.33",,,"drag and flag",160,"N",0,0,0,,"NEON.DOC.014045vJ","K+tJSr1+vfbHsPtL/dLKMjFlKn3yOXeu44OlkjOHon8=",
"0b9fd28d-961e-4c00-9355-1e43497fb0cc","NIWO_017.tickPlot.tck","D13","NIWO","NIWO_017","distributed","evergreenForest",40.042252,-105.565951,"WGS84",20.2,3263.7,0.2,"2018-08-16T14:50Z","NIWO.2018.33",,,"drag and flag",170,"N",0,0,0,,"NEON.DOC.014045vJ","i+7wBO4AjDQsMiI2vsaNUjKeg7MpgOnsdoQyr+8BTI4=",
"85216ba4-d19f-4db0-a729-1617e00e21eb","NIWO_011.tickPlot.tck","D13","NIWO","NIWO_011","distributed","evergreenForest",40.035326,-105.554902,"WGS84",20.4,3103.3,0.4,"2018-08-16T15:57Z","NIWO.2018.33",,,"drag and flag",165,"N",0,0,0,,"NEON.DOC.014045vJ","i+7wBO4AjDQsMiI2vsaNUjKeg7MpgOnsdoQyr+8BTI4=",
"ce14d94f-fc35-4afd-be89-9fb62d5c596e","NIWO_021.tickPlot.tck","D13","NIWO","NIWO_021","distributed","evergreenForest",40.041022,-105.541760,"WGS84",20.1,2976.6,0.1,"2018-08-16T17:07Z","NIWO.2018.33",,,"drag",160,"N",0,0,0,,"NEON.DOC.014045vJ","i+7wBO4AjDQsMiI2vsaNUjKeg7MpgOnsdoQyr+8BTI4=",
