uid,namedLocation,domainID,siteID,plotID,plotType,nlcdClass,decimalLatitude,decimalLongitude,geodeticDatum,coordinateUncertainty,elevation,elevationUncertainty,collectDate,eventID,sampleID,sampleCode,samplingMethod,totalSampledArea,targetTaxaPresent,adultCount,nymphCount,larvaCount,sampleCondition,samplingProtocolVersion,measuredBy,remarks
"94c9be5d-80e0-498b-8f24-c25b44b5510d","ONAQ_011.tickPlot.tck","D15","ONAQ","ONAQ_011","distributed","shrubScrub",40.152051,-112.455478,"WGS84",20.1,1617.0,0.1,"2016-06-23T14:02Z","ONAQ.2016.25",,,"drag and flag",170,"N",0,0,0,"No known compromise","NEON.DOC.014045vG","BFc7eNYUHG1/vKVOhBPahhE7ivDjStDaXf5IkwPM6J0=",
"c7dede38-04e1-4531-ac5b-9ba7941e558b","ONAQ_009.tickPlot.tck","D15","ONAQ","ONAQ_009","distributed","shrubScrub",40.160581,-112.469377,"WGS84",20.1,1668.8,0.1,"2016-06-23T15:39Z","ONAQ.2016.25",,,"drag and flag",163,"N",0,0,0,"No known compromise","NEON.DOC.014045vG","tVINx7c4pWTPUDF1Ua+FBOAP5Hlia8uK",
"b2279e3a-e022-4845-a74d-75f60a3b6bce","ONAQ_023.tickPlot.tck","D15","ONAQ","ONAQ_023","distributed","evergreenForest",40.193985,-112.507206,"WGS84",20.1,1860.6,0.1,"2016-06-23T17:12Z","ONAQ.2016.25",,,"drag and flag",175,"N",0,0,0,"No known compromise","NEON.DOC.014045vG","BFc7eNYUHG1/vKVOhBPahhE7ivDjStDaXf5IkwPM6J0=",
"71e07846-05e9-4080-9288-35818c8fd798","ONAQ_004.tickPlot.tck","D15","ONAQ","ONAQ_004","distributed","shrubScrub",40.187291,-112.471870,"WGS84",,1710.4,,"2016-06-23T18:29Z","ONAQ.2016.25",,,"drag and flag",161,"N",0,0,0,"No known compromise","NEON.DOC.014045vG","BFc7eNYUHG1/vKVOhBPahhE7ivDjStDaXf5IkwPM6J0=",
"9c82c792-87e2-499d-97d5-92e15f3d69a9","ONAQ_016.tickPlot.tck","D15","ONAQ","ONAQ_016","distributed","shrubScrub",40.175449,-112.444448,"WGS84",20.1,1635.3,0.1,"2016-06-23T19:36Z","ONAQ.2016.25",,,"drag and flag",163,"N",0,0,0,"No known compromise","NEON.DOC.014045vG","tVINx7c4pWTPUDF1Ua+FBOAP5Hlia8uK",
"bbb6de27-1cec-4fc7-a208-75283432c4c4","ONAQ_005.tickPlot.tck","D15","ONAQ","ONAQ_005","distributed","shrubScrub",40.181926,-112.432741,"WGS84",20.1,1617.2,0.1,"2016-06-23T20:45Z","ONAQ.2016.25",,,"drag and flag",163,"N",0,0,0,"No known compromise","NEON.DOC.014045vG","BFc7eNYUHG1/vKVOhBPahhE7ivDjStDaXf5IkwPM6J0=",
