uid,namedLocation,domainID,siteID,plotID,plotType,nlcdClass,decimalLatitude,decimalLongitude,geodeticDatum,coordinateUncertainty,elevation,elevationUncertainty,collectDate,eventID,sampleID,sampleCode,samplingMethod,totalSampledArea,targetTaxaPresent,adultCount,nymphCount,larvaCount,sampleCondition,samplingProtocolVersion,measuredBy,remarks
"580ff72f-c70e-482e-aea3-5a58e59f7a4d","ORNL_002.tickPlot.tck","D07","ORNL","ORNL_002","distributed","deciduousForest",35.983090,-84.211654,"WGS84",20.3,338.6,0.5,"2014-10-06T12:50Z","ORNL.2014.40","ORNL_002.20141006",,"drag and flag",162,"Y",0,0,25,"No known compromise","NEON.DOC.014045vD","c9fqInG1ql2wFVwRaHTb4w==",
"ecdedb4a-0235-4a41-8163-26351660839d","ORNL_040.tickPlot.tck","D07","ORNL","ORNL_040","distributed","evergreenForest",35.975525,-84.305103,"WGS84",20.2,273.2,0.2,"2014-10-06T13:06Z","ORNL.2014.40","ORNL_040.20141006",,"drag and flag",170,"Y",0,0,194,"No known compromise","NEON.DOC.014045vD","uiggq+BAqv+gTRBpwlJUlg==",
"79f51b4f-96d3-4e77-be4d-cc7c33dacfbf","ORNL_009.tickPlot.tck","D07","ORNL","ORNL_009","distributed","deciduousForest",35.974902,-84.226630,"WGS84",20.2,337.1,0.2,"2014-10-06T13:50Z","ORNL.2014.40","ORNL_009.20141006",,"drag and flag",164,"Y",0,0,2,"No known compromise","NEON.DOC.014045vD","c9fqInG1ql2wFVwRaHTb4w==",
"009ad627-fb8e-4721-808d-35bac54b2867","ORNL_008.tickPlot.tck","D07","ORNL","ORNL_008","distributed","deciduousForest",35.933531,-84.334016,"WGS84",20.3,322.7,0.3,"2014-10-06T14:20Z","ORNL.2014.40","ORNL_008.20141006",,"drag and flag",165,"Y",0,0,257,"No known compromise","NEON.DOC.014045vD","uiggq+BAqv+gTRBpwlJUlg==",
"8c8d65c5-e221-406c-b10c-a0ed0ebfb672","ORNL_003.tickPlot.tck","D07","ORNL","ORNL_003","distributed","deciduousForest",35.967011,-84.229849,"WGS84",20.2,275.5,0.2,"2014-10-06T14:40Z","ORNL.2014.40","ORNL_003.20141006",,"drag and flag",165,"Y",0,0,883,"No known compromise","NEON.DOC.014045vD","c9fqInG1ql2wFVwRaHTb4w==",
"dcf67e8b-3d93-4ee6-bbf7-bc04ffb2d9bc","ORNL_007.tickPlot.tck","D07","ORNL","ORNL_007","distributed","deciduousForest",35.925843,-84.328420,"WGS84",20.2,279.4,0.5,"2014-10-09T15:20Z","ORNL.2014.40","ORNL_007.20141009",,"drag and flag",165,"Y",0,2,181,"No known compromise","NEON.DOC.014045vD","uiggq+BAqv+gTRBpwlJUlg==","sampling delayed due to rain"
"1e0ba7b9-5abd-43f9-a59b-0e828ab7cee0","ORNL_002.tickPlot.tck","D07","ORNL","ORNL_002","distributed","deciduousForest",35.983090,-84.211654,"WGS84",20.3,338.6,0.5,"2014-10-28T13:30Z","ORNL.2014.43","ORNL_002.20141028",,"drag and flag",180,"Y",0,0,12,"No known compromise","NEON.DOC.014045vD","c9fqInG1ql2wFVwRaHTb4w==",
"18589afc-021c-4d28-8f2a-410105cafa99","ORNL_009.tickPlot.tck","D07","ORNL","ORNL_009","distributed","deciduousForest",35.974902,-84.226630,"WGS84",20.2,337.1,0.2,"2014-10-28T14:45Z","ORNL.2014.43",,,"drag and flag",170,"N",0,0,0,,"NEON.DOC.014045vD","c9fqInG1ql2wFVwRaHTb4w==",
"fc3aa73f-c587-4fd9-98c6-f5987ea81da1","ORNL_007.tickPlot.tck","D07","ORNL","ORNL_007","distributed","deciduousForest",35.925843,-84.328420,"WGS84",20.2,279.4,0.5,"2014-10-28T15:03Z","ORNL.2014.43","ORNL_007.20141028",,"drag and flag",162,"Y",0,0,4,"No known compromise","NEON.DOC.014045vD","uiggq+BAqv+gTRBpwlJUlg==","0/117=0%error"
"d6851645-66d1-44d7-b5f8-c922d767dd6e","ORNL_008.tickPlot.tck","D07","ORNL","ORNL_008","distributed","deciduousForest",35.933531,-84.334016,"WGS84",20.3,322.7,0.3,"2014-10-28T16:45Z","ORNL.2014.43","ORNL_008.20141028",,"drag and flag",160,"Y",0,0,5,"No known compromise","NEON.DOC.014045vD","uiggq+BAqv+gTRBpwlJUlg==",
"3d4a01c7-b4ee-4fd5-b7af-f10911bb0477","ORNL_003.tickPlot.tck","D07","ORNL","ORNL_003","distributed","deciduousForest",35.967011,-84.229849,"WGS84",20.2,275.5,0.2,"2014-10-28T17:25Z","ORNL.2014.43",,,"drag and flag",165,"N",0,0,0,,"NEON.DOC.014045vD","c9fqInG1ql2wFVwRaHTb4w==",
"1d77b90c-a0c1-499c-9eed-0f72622cab9d","ORNL_040.tickPlot.tck","D07","ORNL","ORNL_040","distributed","evergreenForest",35.975525,-84.305103,"WGS84",20.2,273.2,0.2,"2014-10-28T18:25Z","ORNL.2014.43","ORNL_040.20141028",,"drag",160,"Y",0,0,5,"No known compromise","NEON.DOC.014045vD","uiggq+BAqv+gTRBpwlJUlg==",
