uid,namedLocation,date,domainID,siteID,plotID,plotType,nlcdClass,decimalLatitude,decimalLongitude,geodeticDatum,coordinateUncertainty,easting,northing,utmZone,elevation,elevationUncertainty,eventID,samplingProtocolVersion,treesPresent,treesAbsentList,shrubsPresent,shrubsAbsentList,lianasPresent,lianasAbsentList,nestedSubplotAreaShrubSapling,nestedSubplotAreaLiana,totalSampledAreaTrees,totalSampledAreaShrubSapling,totalSampledAreaLiana,remarks,measuredBy,recordedBy,dataQF
"b27e5662-16ab-419e-9a9f-369211358c6d","GUAN_042.basePlot.vst","2016-08-02","D04","GUAN","GUAN_042","tower","evergreenForest",17.970725,-66.863970,"WGS84",20.3,726205.73,1988248.04,"19N",146.9,0.5,"vst_GUAN_2016","NEON.DOC.000987vE","Y",,"Y",,"Y",,"10","100",800,40,400,,"fiApssCEcSVZh4fTchGlfQK3pYYnYQUQ","kbCMcQCBYkIGeEbw5o+toEE8cQWHX4IZ","legacyData"
"3f6f4781-ef0c-47c1-90df-2207cf9027d8","GUAN_042.basePlot.vst","2016-08-02","D04","GUAN","GUAN_042","tower","evergreenForest",17.970725,-66.863970,"WGS84",20.3,726205.73,1988248.04,"19N",146.9,0.5,"vst_GUAN_2016","NEON.DOC.000987vE","Y",,"Y",,"Y",,"10","100",800,40,400,,"fiApssCEcSVZh4fTchGlfQK3pYYnYQUQ","kbCMcQCBYkIGeEbw5o+toEE8cQWHX4IZ",
"552b6c13-ccfb-4182-99f5-6f519a3b67b8","GUAN_059.basePlot.vst","2016-08-05","D04","GUAN","GUAN_059","tower","evergreenForest",17.970195,-66.862869,"WGS84",20.2,726323.05,1988190.72,"19N",140.4,0.2,"vst_GUAN_2016","NEON.DOC.000987vE","Y",,"Y",,"Y",,"10","100",800,40,400,,"fiApssCEcSVZh4fTchGlfQK3pYYnYQUQ","8eXXlaWJZW1kxIpGoClDOdgHTO0gS+eF",
"e081eba3-9f56-4e96-96e7-d5a1b80194b0","GUAN_059.basePlot.vst","2016-08-05","D04","GUAN","GUAN_059","tower","evergreenForest",17.970195,-66.862869,"WGS84",20.2,726323.05,1988190.72,"19N",140.4,0.2,"vst_GUAN_2016","NEON.DOC.000987vE","Y",,"Y",,"Y",,"10","100",800,40,400,,"fiApssCEcSVZh4fTchGlfQK3pYYnYQUQ","8eXXlaWJZW1kxIpGoClDOdgHTO0gS+eF","legacyData"
"27cb5c7a-1e2a-479a-a87d-92d4a418324d","GUAN_051.basePlot.vst","2016-08-15","D04","GUAN","GUAN_051","tower","evergreenForest",17.969091,-66.863147,"WGS84",20.1,726295.00,1988068.17,"19N",132.7,0.2,"vst_GUAN_2016","NEON.DOC.000987vE","Y",,"Y",,"Y",,"10","100",800,40,400,,"bLuA32XSwhQ1UEFOt6rO3xlOtBx7Ppbg","8rHzSbnDOXjpaitjHXu3bvZcWZBazBT3Z6JypCrOTws=","legacyData"
"53e59807-cf78-44d7-b458-9ff86ce9893b","GUAN_051.basePlot.vst","2016-08-15","D04","GUAN","GUAN_051","tower","evergreenForest",17.969091,-66.863147,"WGS84",20.1,726295.00,1988068.17,"19N",132.7,0.2,"vst_GUAN_2016","NEON.DOC.000987vE","Y",,"Y",,"Y",,"10","100",800,40,400,,"bLuA32XSwhQ1UEFOt6rO3xlOtBx7Ppbg","8rHzSbnDOXjpaitjHXu3bvZcWZBazBT3Z6JypCrOTws=",
"288590a7-db0a-4f29-bcec-ed64617dd8d2","GUAN_056.basePlot.vst","2016-08-29","D04","GUAN","GUAN_056","tower","evergreenForest",17.971008,-66.865387,"WGS84",20.1,726055.25,1988277.64,"19N",143.7,0.1,"vst_GUAN_2016","NEON.DOC.000987vE","Y",,"Y",,"Y",,"10","noneSelected",800,40,800,,"fiApssCEcSVZh4fTchGlfQK3pYYnYQUQ","8eXXlaWJZW1kxIpGoClDOdgHTO0gS+eF",
"1ffb694f-4339-43d5-bc04-8a5a7ea56acc","GUAN_056.basePlot.vst","2016-08-29","D04","GUAN","GUAN_056","tower","evergreenForest",17.971008,-66.865387,"WGS84",20.1,726055.25,1988277.64,"19N",143.7,0.1,"vst_GUAN_2016","NEON.DOC.000987vE","Y",,"Y",,"Y",,"10","noneSelected",800,40,800,,"fiApssCEcSVZh4fTchGlfQK3pYYnYQUQ","8eXXlaWJZW1kxIpGoClDOdgHTO0gS+eF","legacyData"
