uid,namedLocation,domainID,siteID,plotID,plotType,nlcdClass,decimalLatitude,decimalLongitude,geodeticDatum,coordinateUncertainty,elevation,elevationUncertainty,collectDate,eventID,sampleID,sampleCode,samplingMethod,totalSampledArea,targetTaxaPresent,adultCount,nymphCount,larvaCount,sampleCondition,samplingProtocolVersion,measuredBy,remarks
"81baf0b0-4116-4aea-865b-0ae28a26c6b2","OAES_003.tickPlot.tck","D11","OAES","OAES_003","distributed","grasslandHerbaceous",35.412134,-99.068027,"WGS84",20.2,512.2,0.2,"2015-03-17T17:19Z","OAES.2015.11",,,"drag",160,"N",0,0,,,"NEON.DOC.014045vF","E0QNXD+K2b5q2XkN9RjHNBArNVWYmvwc","SOME TALL GRASSES PRESENT"
"8ff6d620-12bf-4490-82ff-3d00e66c26bc","OAES_021.tickPlot.tck","D11","OAES","OAES_021","distributed","shrubScrub",35.413211,-99.074301,"WGS84",20.1,501.7,0.1,"2015-03-17T19:55Z","OAES.2015.11",,,"drag",96,"N",0,0,,,"NEON.DOC.014045vF","E0QNXD+K2b5q2XkN9RjHNBArNVWYmvwc",
"8fb427ce-f876-4010-a1db-70aaf2bf1461","OAES_005.tickPlot.tck","D11","OAES","OAES_005","distributed","grasslandHerbaceous",35.402926,-99.080346,"WGS84",20.1,509.4,0.1,"2015-03-18T17:50Z","OAES.2015.11",,,"drag",160,"N",0,0,,,"NEON.DOC.014045vF","E0QNXD+K2b5q2XkN9RjHNBArNVWYmvwc",
"5be1d94b-9765-44fe-8cf6-8da2d85ef57c","OAES_004.tickPlot.tck","D11","OAES","OAES_004","distributed","grasslandHerbaceous",35.411159,-99.084234,"WGS84",20.1,507.6,0.1,"2015-03-18T18:54Z","OAES.2015.11",,,"drag",160,"N",0,0,,,"NEON.DOC.014045vF","E0QNXD+K2b5q2XkN9RjHNBArNVWYmvwc",
"4c310438-f2d4-4f16-bbf9-fc98857d2fab","OAES_008.tickPlot.tck","D11","OAES","OAES_008","distributed","grasslandHerbaceous",35.394019,-99.063159,"WGS84",20.1,492.6,0.1,"2015-03-18T20:43Z","OAES.2015.11",,,"drag",160,"N",0,0,,,"NEON.DOC.014045vF","E0QNXD+K2b5q2XkN9RjHNBArNVWYmvwc",
