uid,namedLocation,date,eventID,domainID,siteID,plotID,subplotID,individualID,tagStatus,growthForm,plantStatus,stemDiameter,measurementHeight,height,baseCrownHeight,breakHeight,breakDiameter,maxCrownDiameter,ninetyCrownDiameter,canopyPosition,shape,basalStemDiameter,basalStemDiameterMsrmntHeight,maxBaseCrownDiameter,ninetyBaseCrownDiameter,remarks,recordedBy,measuredBy,dataQF
"c96e7be1-74a3-41bd-9d9a-23640c74da27","HARV_006.basePlot.vst","2014-02-03","vst_HARV_2014","D01","HARV","HARV_006",,"NEON.PLA.D01.HARV.01739",,"small tree","Live",5.9,125,5.3,,,,,,,,,,,,"QC: no error EM",,,"legacyData"
"32e2b920-2b97-4a49-a355-b86206f4201c","HARV_027.basePlot.vst","2014-02-03","vst_HARV_2014","D01","HARV","HARV_027",,"NEON.PLA.D01.HARV.01478",,"sapling",,1.2,10,1.8,,,,,,,,,,,,,,,"legacyData"
"93d85c47-e226-4e4b-8374-22f2fbdb01b6","HARV_006.basePlot.vst","2014-02-03","vst_HARV_2014","D01","HARV","HARV_006",,"NEON.PLA.D01.HARV.01180",,"small tree","Live",7.4,130,4.4,,,,,,,,,,,,,,,"legacyData"
"8aa59b6b-60f1-4ab2-accb-c2588f0fd07d","HARV_027.basePlot.vst","2014-02-03","vst_HARV_2014","D01","HARV","HARV_027",,"NEON.PLA.D01.HARV.01745",,"sapling","Live",1.6,10,1.8,,,,,,,,,,,,,,,"legacyData"
"07496125-9321-48f3-8018-fa988d037317","HARV_027.basePlot.vst","2014-02-03","vst_HARV_2014","D01","HARV","HARV_027",,"NEON.PLA.D01.HARV.01241",,"small shrub","Live",1.5,10,2.2,,,,,,,"inverted cone",,,1.30,1.20,,,,"legacyData"
"5fac6737-07e2-4054-babc-02648f2692b1","HARV_027.basePlot.vst","2014-02-03","vst_HARV_2014","D01","HARV","HARV_027",,"NEON.PLA.D01.HARV.01468",,"sapling","Live",1.7,10,1.9,,,,,,,,,,,,,,,"legacyData"
"bd5eb5da-0f3e-49c5-85c2-075af145e31e","HARV_006.basePlot.vst","2014-02-03","vst_HARV_2014","D01","HARV","HARV_006",,"NEON.PLA.D01.HARV.01171",,"small tree","Live",7.0,130,4.6,,,,,,,,,,,,,,,"legacyData"
"2e319897-cdae-498a-91ba-9c8b08b55dfe","HARV_006.basePlot.vst","2014-02-03","vst_HARV_2014","D01","HARV","HARV_006",,"NEON.PLA.D01.HARV.01795",,"single bole tree","Live",13.2,130,13.3,,,,4.9,3.8,"Partially shaded",,,,,,,,,"legacyData"
"4ece3548-48cb-4a77-a6f3-28d368450263","HARV_027.basePlot.vst","2014-02-03","vst_HARV_2014","D01","HARV","HARV_027",,"NEON.PLA.D01.HARV.01742",,"small tree","Live",4.0,130,3.8,,,,,,,,,,,,,,,"legacyData"
"357971eb-58fd-4752-8af5-30c44acc9785","HARV_027.basePlot.vst","2014-02-03","vst_HARV_2014","D01","HARV","HARV_027",,"NEON.PLA.D01.HARV.01489",,"single bole tree","Live",24.9,130,20.9,,,,9.6,9.3,"Partially shaded",,,,,,,,,"legacyData"
"1c7c4e30-fa92-4056-a204-f18607aadf5a","HARV_006.basePlot.vst","2014-02-03","vst_HARV_2014","D01","HARV","HARV_006",,"NEON.PLA.D01.HARV.01172",,"single bole tree","Live",21.9,130,13.0,,,,10.8,4.7,"Partially shaded",,,,,,,,,"legacyData"
"14d77693-f856-415f-a008-2be70dc4b106","HARV_027.basePlot.vst","2014-02-03","vst_HARV_2014","D01","HARV","HARV_027",,"NEON.PLA.D01.HARV.01763",,"single bole tree","Standing dead",25.4,130,3.7,,,,,,,,,,,,,,,"legacyData"
"de73f6f8-1bef-43ce-bf39-6941c86ef08e","HARV_027.basePlot.vst","2014-02-03","vst_HARV_2014","D01","HARV","HARV_027",,"NEON.PLA.D01.HARV.01240",,"sapling","Live",1.0,10,0.9,,,,,,,,,,,,,,,"legacyData"
"084e1683-e7a9-4e7a-a60c-0f57a1ad8669","HARV_027.basePlot.vst","2014-02-03","vst_HARV_2014","D01","HARV","HARV_027",,"NEON.PLA.D01.HARV.01766",,"single bole tree","Live",32.7,130,21.6,,,,9.7,6.6,"Partially shaded",,,,,,,,,"legacyData"
"0bfc2df8-6294-4946-8c57-4768a0c94a84","HARV_027.basePlot.vst","2014-02-03","vst_HARV_2014","D01","HARV","HARV_027",,"NEON.PLA.D01.HARV.01499",,"single bole tree","Live",32.6,130,23.7,,,,13.9,9.3,"Partially shaded",,,,,,,,,"legacyData"
"1f722544-aea2-4d38-aa6f-3acfbfa535a7","HARV_027.basePlot.vst","2014-02-03","vst_HARV_2014","D01","HARV","HARV_027",,"NEON.PLA.D01.HARV.01481",,"single bole tree","Live",74.8,130,34.4,,,,16.6,14.4,"Partially shaded",,,,,,,,,"legacyData"
"ce97464a-545b-4ced-b9e8-cf0e388caf64","HARV_006.basePlot.vst","2014-02-03","vst_HARV_2014","D01","HARV","HARV_006",,"NEON.PLA.D01.HARV.01793",,"single bole tree","Live",16.7,130,15.0,,,,3.2,2.4,"Partially shaded",,,,,,"QC: no error EM",,,"legacyData"
"d25a1301-1bb3-40e7-9b15-170188cdb8b2","HARV_006.basePlot.vst","2014-02-03","vst_HARV_2014","D01","HARV","HARV_006",,"NEON.PLA.D01.HARV.01156",,"single bole tree","Live",18.0,130,17.8,,,,3.9,3.2,"Partially shaded",,,,,,,,,"legacyData"
"5b56f007-ba24-4116-aa61-855c18acc5bf","HARV_006.basePlot.vst","2014-02-03","vst_HARV_2014","D01","HARV","HARV_006",,"NEON.PLA.D01.HARV.01174",,"small tree","Live",7.8,130,5.8,,,,,,,,,,,,"QC: no error EM",,,"legacyData"
"738605ab-af16-41c3-b406-31796bc7c9e6","HARV_027.basePlot.vst","2014-02-03","vst_HARV_2014","D01","HARV","HARV_027",,"NEON.PLA.D01.HARV.01769",,"single bole tree","Live",21.7,130,18.1,,,,11.0,9.3,"Mostly shaded",,,,,,,,,"legacyData"
"feca8a1e-5226-4ea8-a387-99b39312c42a","HARV_027.basePlot.vst","2014-02-03","vst_HARV_2014","D01","HARV","HARV_027",,"NEON.PLA.D01.HARV.01491",,"single bole tree","Live",10.4,130,14.1,,,,4.4,4.1,"Mostly shaded",,,,,,"top 4 meters dead",,,"legacyData"
"588644e3-58e9-4817-925a-55320d3997b0","HARV_027.basePlot.vst","2014-02-03","vst_HARV_2014","D01","HARV","HARV_027",,"NEON.PLA.D01.HARV.01497",,,"Live",1.3,10,1.0,,,,,,,,,,,,,,,"legacyData | noMapTagData"
"9bff785a-f6f1-41dd-8173-b38625b1b49a","HARV_027.basePlot.vst","2014-02-03","vst_HARV_2014","D01","HARV","HARV_027",,"NEON.PLA.D01.HARV.01764",,"sapling","Live",1.0,10,1.2,,,,,,,,,,,,,,,"legacyData"
"387d1fb4-fe9d-4a36-8a80-0c36ef1bbca0","HARV_027.basePlot.vst","2014-02-03","vst_HARV_2014","D01","HARV","HARV_027",,"NEON.PLA.D01.HARV.01770",,"sapling","Live",1.1,10,1.3,,,,,,,,,,,,,,,"legacyData"
"0dffd9ce-72e2-4cbe-b9db-611987672123","HARV_027.basePlot.vst","2014-02-03","vst_HARV_2014","D01","HARV","HARV_027",,"NEON.PLA.D01.HARV.01467",,"sapling","Live",1.3,10,1.6,,,,,,,,,,,,,,,"legacyData"
"36f096b6-7b54-4458-8490-ffe2132700c7","HARV_006.basePlot.vst","2014-02-03","vst_HARV_2014","D01","HARV","HARV_006",,"NEON.PLA.D01.HARV.01731",,"small tree","Live",4.4,130,1.3,,,,,,,,,,,,,,,"legacyData"
"69f5f39f-550e-40f4-8a7c-9b132e0c1422","HARV_006.basePlot.vst","2014-02-03","vst_HARV_2014","D01","HARV","HARV_006",,"NEON.PLA.D01.HARV.01176",,"single bole tree","Live",20.1,130,16.9,,,,7.5,5.8,"Full sun",,,,,,,,,"legacyData"
"33459010-0571-44db-b4b8-35263dd1864e","HARV_027.basePlot.vst","2014-02-03","vst_HARV_2014","D01","HARV","HARV_027",,"NEON.PLA.D01.HARV.01469",,"single bole tree","Live",16.9,130,14.3,,,,8.4,7.8,"Mostly shaded",,,,,,,,,"legacyData"
"19dfbed8-0027-4e98-9f7c-69aa8352fd61","HARV_006.basePlot.vst","2014-02-03","vst_HARV_2014","D01","HARV","HARV_006",,"NEON.PLA.D01.HARV.01781",,"single bole tree","Live",10.6,125,7.4,,,,3.6,3.4,"Mostly shaded",,,,,,"QC: no error EM",,,"legacyData"
"c774b5e1-998c-4884-8b18-79e2d72e7cf9","HARV_006.basePlot.vst","2014-02-03","vst_HARV_2014","D01","HARV","HARV_006",,"NEON.PLA.D01.HARV.01787",,"single bole tree","Live",28.0,130,18.7,,,,7.1,5.9,"Partially shaded",,,,,,,,,"legacyData"
"c97bfdee-ae2c-4d5f-a7c5-fa4fe30f3e21","HARV_006.basePlot.vst","2014-02-03","vst_HARV_2014","D01","HARV","HARV_006",,"NEON.PLA.D01.HARV.01729",,"small tree","Live",6.3,130,4.4,,,,,,,,,,,,"QC: no error EM",,,"legacyData"
"072dab31-acec-4240-b7a3-509d5d9a6755","HARV_006.basePlot.vst","2014-02-03","vst_HARV_2014","D01","HARV","HARV_006",,"NEON.PLA.D01.HARV.01173",,"small tree","Live",7.2,130,5.4,,,,,,,,,,,,,,,"legacyData"
"03512fb2-32ad-463d-8de1-2510c80e6e23","HARV_006.basePlot.vst","2014-02-03","vst_HARV_2014","D01","HARV","HARV_006",,"NEON.PLA.D01.HARV.01785",,"small tree","Live",8.5,130,6.8,,,,,,,,,,,,,,,"legacyData"
"ad5ef26b-51a2-4f37-863a-23ad1b6af331","HARV_006.basePlot.vst","2014-02-03","vst_HARV_2014","D01","HARV","HARV_006",,"NEON.PLA.D01.HARV.01746",,"sapling","Live",2.2,10,2.0,,,,,,,,,,,,,,,"legacyData"
"49e96933-455a-4900-8180-c15738ccfe1d","HARV_027.basePlot.vst","2014-02-03","vst_HARV_2014","D01","HARV","HARV_027",,"NEON.PLA.D01.HARV.01744",,"single bole tree","Live",27.7,130,24.1,,,,10.5,8.9,"Partially shaded",,,,,,"QC: No Error",,,"legacyData"
"cbaa61c7-81de-4777-82a1-26c7f4da4e12","HARV_027.basePlot.vst","2014-02-03","vst_HARV_2014","D01","HARV","HARV_027",,"NEON.PLA.D01.HARV.01472",,"single bole tree","Standing dead",15.8,130,17.0,,,,,,,,,,,,,,,"legacyData"
"449ca0f8-bbcb-436b-bdb0-35517e9fda44","HARV_006.basePlot.vst","2014-02-03","vst_HARV_2014","D01","HARV","HARV_006",,"NEON.PLA.D01.HARV.01789",,"single bole tree","Live",18.4,130,18.3,,,,6.5,3.4,"Partially shaded",,,,,,"QC: changed stemDiameter from 8.4 to 18.4",,,"legacyData"
"849fa30c-82c1-4e1a-9a9a-83d9ca831d01","HARV_006.basePlot.vst","2014-02-03","vst_HARV_2014","D01","HARV","HARV_006",,"NEON.PLA.D01.HARV.01168",,"single bole tree","Live",13.4,130,13.3,,,,7.6,4.9,"Mostly shaded",,,,,,,,,"legacyData"
"3200cea0-2a37-4fe4-bac1-35388acee831","HARV_027.basePlot.vst","2014-02-03","vst_HARV_2014","D01","HARV","HARV_027",,"NEON.PLA.D01.HARV.01743",,"single bole tree","Live",11.8,130,12.2,,,,7.1,6.2,"Mostly shaded",,,,,,,,,"legacyData"
"b45f628a-c90a-4bbc-9c90-2093d974de2b","HARV_006.basePlot.vst","2014-02-03","vst_HARV_2014","D01","HARV","HARV_006",,"NEON.PLA.D01.HARV.01179",,"single bole tree","Live,  other damage",29.4,130,16.0,,,,6.7,6.4,"Partially shaded",,,,,,"DAMAGE NOT SPECIFIED",,,"legacyData"
"3b01b1e8-f00f-4af2-8eb7-187920284895","HARV_027.basePlot.vst","2014-02-03","vst_HARV_2014","D01","HARV","HARV_027",,"NEON.PLA.D01.HARV.01768",,"single bole tree","Live",35.8,130,24.1,,,,9.2,8.6,"Partially shaded",,,,,,,,,"legacyData"
"a563b702-5ff8-47ad-b1da-e6f4ad4a2829","HARV_027.basePlot.vst","2014-02-03","vst_HARV_2014","D01","HARV","HARV_027",,"NEON.PLA.D01.HARV.01496",,"sapling","Live",1.1,10,1.2,,,,,,,,,,,,"QC: No Error",,,"legacyData"
"63ce9e4a-50a7-475a-a5d1-d466a58d86da","HARV_006.basePlot.vst","2014-02-03","vst_HARV_2014","D01","HARV","HARV_006",,"NEON.PLA.D01.HARV.01799",,"multi-bole tree","Live",14.9,130,15.2,,,,7.8,6.9,"Mostly shaded",,,,,,,,,"legacyData"
"dab6436d-3e49-4d08-9947-e004c9655e04","HARV_006.basePlot.vst","2014-02-03","vst_HARV_2014","D01","HARV","HARV_006",,"NEON.PLA.D01.HARV.01779",,"single bole tree","Live",32.5,130,19.4,,,,8.5,6.8,"Partially shaded",,,,,,,,,"legacyData"
"a513ca23-f5bc-4157-9b55-55a74ce687bb","HARV_006.basePlot.vst","2014-02-03","vst_HARV_2014","D01","HARV","HARV_006",,"NEON.PLA.D01.HARV.01167",,"single bole tree","Live",35.1,130,17.6,,,,8.1,6.1,"Partially shaded",,,,,,,,,"legacyData"
"a4f88a84-533c-45da-856d-e7c3f3b185f2","HARV_027.basePlot.vst","2014-02-03","vst_HARV_2014","D01","HARV","HARV_027",,"NEON.PLA.D01.HARV.01470",,"sapling","Live",1.3,10,0.9,,,,,,,,,,,,"QC: No Error",,,"legacyData"
"c14b5d26-fb1f-440f-8271-23aed8d64d1a","HARV_006.basePlot.vst","2014-02-03","vst_HARV_2014","D01","HARV","HARV_006",,"NEON.PLA.D01.HARV.01178",,"small tree","Live",8.6,130,6.2,,,,,,,,,,,,"QC: no error EM",,,"legacyData"
"eaa16c1f-317e-46cd-b1b6-5988d22a0239","HARV_006.basePlot.vst","2014-02-03","vst_HARV_2014","D01","HARV","HARV_006",,"NEON.PLA.D01.HARV.01790",,"small tree","Live",9.9,130,11.6,,,,,,,,,,,,,,,"legacyData"
"6c1bded6-8f51-49b9-be87-b74e3c2cb4a3","HARV_027.basePlot.vst","2014-02-03","vst_HARV_2014","D01","HARV","HARV_027",,"NEON.PLA.D01.HARV.01767",,"single shrub","Live",1.3,10,1.6,,,,,,,"half-sphere",,,0.80,0.60,,,,"legacyData"
"4ba19014-94f0-4e6a-8a61-013853bf27c3","HARV_006.basePlot.vst","2014-02-03","vst_HARV_2014","D01","HARV","HARV_006",,"NEON.PLA.D01.HARV.01735",,"small tree","Live",4.2,125,2.7,,,,,,,,,,,,,,,"legacyData"
"a4d171ad-132a-40ce-9928-5fc786795c49","HARV_006.basePlot.vst","2014-02-03","vst_HARV_2014","D01","HARV","HARV_006",,"NEON.PLA.D01.HARV.01792",,"small tree","Live",5.3,130,4.5,,,,,,,,,,,,,,,"legacyData"
"5e6475e8-105a-4db6-ad18-aa85e10c8af4","HARV_006.basePlot.vst","2014-02-03","vst_HARV_2014","D01","HARV","HARV_006",,"NEON.PLA.D01.HARV.01159",,"single bole tree","Live",21.0,130,17.5,,,,5.7,5.6,"Partially shaded",,,,,,,,,"legacyData"
"5d0bb2fe-aac1-4f6c-ad33-8277bbdbb8ff","HARV_006.basePlot.vst","2014-02-03","vst_HARV_2014","D01","HARV","HARV_006",,"NEON.PLA.D01.HARV.01732",,"small tree","Live",5.9,130,4.1,,,,,,,,,,,,,,,"legacyData"
"7128fe31-dfb3-4f6f-b875-0880e6991566","HARV_027.basePlot.vst","2014-02-03","vst_HARV_2014","D01","HARV","HARV_027",,"NEON.PLA.D01.HARV.01494",,"small tree","Live",4.8,130,5.0,,,,,,,,,,,,,,,"legacyData"
"3a63dea0-57df-4118-b330-38efaaa1e6a2","HARV_027.basePlot.vst","2014-02-03","vst_HARV_2014","D01","HARV","HARV_027",,"NEON.PLA.D01.HARV.01466",,"sapling","Live",1.2,10,1.6,,,,,,,,,,,,,,,"legacyData"
"821c762a-09cc-4193-ae10-8d0e77a05065","HARV_006.basePlot.vst","2014-02-03","vst_HARV_2014","D01","HARV","HARV_006",,"NEON.PLA.D01.HARV.01733",,,"Live",4.4,130,4.7,,,,,,,,,,,,,,,"legacyData | noMapTagData"
"d451d109-700b-45be-bdea-c01fa170ef05","HARV_006.basePlot.vst","2014-02-03","vst_HARV_2014","D01","HARV","HARV_006",,"NEON.PLA.D01.HARV.01730",,"small tree","Live",4.7,130,3.1,,,,,,,,,,,,,,,"legacyData"
"2e298e34-979b-41fe-a0b6-a0aea09e0e8c","HARV_006.basePlot.vst","2014-02-03","vst_HARV_2014","D01","HARV","HARV_006",,"NEON.PLA.D01.HARV.01800",,"single bole tree","Live",11.0,130,11.7,,,,5.8,5.6,"Mostly shaded",,,,,,"QC: no error EM",,,"legacyData"
"6aeac074-7a58-42ba-ab4b-63bd8e42b7c1","HARV_006.basePlot.vst","2014-02-03","vst_HARV_2014","D01","HARV","HARV_006",,"NEON.PLA.D01.HARV.01177",,"single bole tree","Live",17.9,130,16.7,,,,7.1,6.8,"Partially shaded",,,,,,,,,"legacyData"
"4a022d45-ce94-4fd3-8083-7680180928d9","HARV_006.basePlot.vst","2014-02-03","vst_HARV_2014","D01","HARV","HARV_006",,"NEON.PLA.D01.HARV.01155",,"small tree","Live",8.2,130,4.3,,,,,,,,,,,,,,,"legacyData"
"6cca0fc5-b4da-4357-9411-a4f37c34af61","HARV_006.basePlot.vst","2014-02-03","vst_HARV_2014","D01","HARV","HARV_006",,"NEON.PLA.D01.HARV.01796",,"small tree","Live",4.8,130,3.2,,,,,,,,,,,,"QC: no error EM",,,"legacyData"
"0a814546-7cec-4d79-8e27-a3e06612786f","HARV_006.basePlot.vst","2014-02-03","vst_HARV_2014","D01","HARV","HARV_006",,"NEON.PLA.D01.HARV.01188",,"small tree","Live",7.1,130,10.5,,,,,,"Mostly shaded",,,,,,,,,"legacyData"
"259028b5-2f0a-499d-a53b-976a6323b7c7","HARV_006.basePlot.vst","2014-02-03","vst_HARV_2014","D01","HARV","HARV_006",,"NEON.PLA.D01.HARV.01736",,"small tree","Live",2.8,130,2.9,,,,,,,,,,,,,,,"legacyData"
"8a970f45-0aa0-4d7c-af5b-0beef1aa0175","HARV_027.basePlot.vst","2014-02-03","vst_HARV_2014","D01","HARV","HARV_027",,"NEON.PLA.D01.HARV.01471",,"sapling","Live",1.2,10,0.8,,,,,,,,,,,,,,,"legacyData"
"0b35114b-7c30-4ab8-9229-f02f9b9d9cdc","HARV_027.basePlot.vst","2014-02-03","vst_HARV_2014","D01","HARV","HARV_027",,"NEON.PLA.D01.HARV.01758",,"small tree","Live",5.1,130,6.5,,,,,,,,,,,,,,,"legacyData"
"21cc3293-c6a8-4d0c-b180-0289479b256d","HARV_006.basePlot.vst","2014-02-03","vst_HARV_2014","D01","HARV","HARV_006",,"NEON.PLA.D01.HARV.01797",,"single bole tree","Live",47.5,130,14.6,,,,11.3,6.6,"Partially shaded",,,,,,,,,"legacyData"
"2ddd9451-b5ba-4f76-8f39-e5439fc6adb0","HARV_006.basePlot.vst","2014-02-03","vst_HARV_2014","D01","HARV","HARV_006",,"NEON.PLA.D01.HARV.01748",,"small tree","Live",6.1,130,5.6,,,,,,,,,,,,,,,"legacyData"
"29c18979-2f58-4f3a-ba12-d662d46b3025","HARV_027.basePlot.vst","2014-02-03","vst_HARV_2014","D01","HARV","HARV_027",,"NEON.PLA.D01.HARV.01760",,"single bole tree","Live",24.4,130,22.4,,,,8.8,5.4,"Mostly shaded",,,,,,,,,"legacyData"
"c5a5448e-0da9-4a69-b6c2-0c56ad528746","HARV_027.basePlot.vst","2014-02-03","vst_HARV_2014","D01","HARV","HARV_027",,"NEON.PLA.D01.HARV.01500",,"multi-bole tree","Live",11.3,130,12.2,,,,6.9,6.8,"Mostly shaded",,,,,,,,,"legacyData"
"ae83bd7d-cfb7-420b-8c14-8c2fe175110f","HARV_027.basePlot.vst","2014-02-03","vst_HARV_2014","D01","HARV","HARV_027",,"NEON.PLA.D01.HARV.04454",,,"Live",11.3,130,15.1,,,,6.9,4.1,"Mostly shaded",,,,,,"QC: No Error",,,"legacyData"
"c6508ee7-3351-4dd3-b6a6-a94a26c46f9c","HARV_027.basePlot.vst","2014-02-03","vst_HARV_2014","D01","HARV","HARV_027",,"NEON.PLA.D01.HARV.01477",,"sapling",,1.1,10,1.5,,,,,,,,,,,,"QC: No Error",,,"legacyData"
"eb1813da-ee95-47f3-a6b7-4e0a247608c7","HARV_006.basePlot.vst","2014-02-03","vst_HARV_2014","D01","HARV","HARV_006",,"NEON.PLA.D01.HARV.01786",,"single bole tree","Live",19.1,130,16.9,,,,6.0,5.2,"Partially shaded",,,,,,,,,"legacyData"
"75ae1cbe-2f13-48c4-9f2c-11738b25d625","HARV_027.basePlot.vst","2014-02-03","vst_HARV_2014","D01","HARV","HARV_027",,"NEON.PLA.D01.HARV.01473",,"single bole tree","Live",19.8,130,19.9,,,,,,,,,,,,,,,"legacyData"
"3e6bb837-7d8b-42fc-88b4-25b28daa49dc","HARV_027.basePlot.vst","2014-02-03","vst_HARV_2014","D01","HARV","HARV_027",,"NEON.PLA.D01.HARV.01474",,"sapling","Live",1.5,10,1.5,,,,,,,,,,,,,,,"legacyData"
"2d362a8d-e802-4826-a458-7e7b9f2ea0bf","HARV_006.basePlot.vst","2014-02-03","vst_HARV_2014","D01","HARV","HARV_006",,"NEON.PLA.D01.HARV.01170",,"single bole tree","Live",34.7,130,18.8,,,,10.9,8.9,"Partially shaded",,,,,,,,,"legacyData"
"025dc307-3dab-43ca-98e4-ddceb06daaf5","HARV_006.basePlot.vst","2014-02-03","vst_HARV_2014","D01","HARV","HARV_006",,"NEON.PLA.D01.HARV.01794",,"single bole tree","Live",20.5,130,16.3,,,,5.8,4.6,"Partially shaded",,,,,,,,,"legacyData"
"91acb88a-4c40-4470-a83e-890fdda324bc","HARV_006.basePlot.vst","2014-02-03","vst_HARV_2014","D01","HARV","HARV_006",,"NEON.PLA.D01.HARV.01788",,"single bole tree","Live",27.3,130,15.3,,,,9.7,5.6,"Partially shaded",,,,,,,,,"legacyData"
"8dfab3fb-271e-4aa9-a35f-a23d64fc807e","HARV_006.basePlot.vst","2014-02-03","vst_HARV_2014","D01","HARV","HARV_006",,"NEON.PLA.D01.HARV.01175",,"single bole tree","Standing dead",12.0,130,8.5,,,,3.5,3.0,"Full shade",,,,,,,,,"legacyData"
"8d3f2f49-212c-40d5-8697-646ac9747ed1","HARV_027.basePlot.vst","2014-02-03","vst_HARV_2014","D01","HARV","HARV_027",,"NEON.PLA.D01.HARV.01490",,"small tree","Live",9.2,130,11.2,,,,,,,,,,,,,,,"legacyData"
"1ef2b860-f49c-4ff4-9737-b8d453e09678","HARV_027.basePlot.vst","2014-02-03","vst_HARV_2014","D01","HARV","HARV_027",,"NEON.PLA.D01.HARV.01757",,"single bole tree","Live",22.3,130,24.2,,,,7.1,6.6,"Partially shaded",,,,,,,,,"legacyData"
"a6e336cf-cda5-41ce-94c7-17ea7f25619a","HARV_027.basePlot.vst","2014-02-03","vst_HARV_2014","D01","HARV","HARV_027",,"NEON.PLA.D01.HARV.01740",,"single bole tree","Live",16.4,130,17.0,,,,10.0,8.7,"Mostly shaded",,,,,,"QC: No Error",,,"legacyData"
"b0b17987-f4a3-4dcb-8b8c-4ad26147a49c","HARV_006.basePlot.vst","2014-02-03","vst_HARV_2014","D01","HARV","HARV_006",,"NEON.PLA.D01.HARV.01738",,"small tree","Live",5.7,130,4.1,,,,,,,,,,,,,,,"legacyData"
"3fbc9c6b-43aa-457d-a2ad-cb4113a90d6d","HARV_027.basePlot.vst","2014-02-03","vst_HARV_2014","D01","HARV","HARV_027",,"NEON.PLA.D01.HARV.01761",,"small shrub","Live",1.1,10,1.5,,,,,,,"half-sphere",,,,,,,,"legacyData"
"6b6f1e23-f4a9-4058-886d-54ce7243f80b","HARV_027.basePlot.vst","2014-02-03","vst_HARV_2014","D01","HARV","HARV_027",,"NEON.PLA.D01.HARV.01199",,"sapling","Live",1.5,10,1.4,,,,,,,,,,,,,,,"legacyData"
"d6e40a54-463b-445d-ad0e-04cf732730ee","HARV_027.basePlot.vst","2014-02-03","vst_HARV_2014","D01","HARV","HARV_027",,"NEON.PLA.D01.HARV.01498",,"single bole tree","Live",25.7,130,22.5,,,,6.2,5.2,"Partially shaded",,,,,,,,,"legacyData"
"0d2d4071-d0ee-4044-b9f3-b16427383cb3","HARV_027.basePlot.vst","2014-02-03","vst_HARV_2014","D01","HARV","HARV_027",,"NEON.PLA.D01.HARV.01765",,"single bole tree","Live",73.2,130,30.5,,,,14.4,12.5,"Partially shaded",,,,,,,,,"legacyData"
"0df57436-4f1b-401c-88b8-2b76ec6456a1","HARV_027.basePlot.vst","2014-02-03","vst_HARV_2014","D01","HARV","HARV_027",,"NEON.PLA.D01.HARV.01759",,"single bole tree","Live",15.2,130,20.8,,,,4.6,4.3,"Mostly shaded",,,,,,,,,"legacyData"
"6e999ca1-eb9f-4867-a498-331a0f401ed6","HARV_006.basePlot.vst","2014-02-03","vst_HARV_2014","D01","HARV","HARV_006",,"NEON.PLA.D01.HARV.01750",,"small tree","Live",5.9,130,4.0,,,,,,,,,,,,"QC: no error EM",,,"legacyData"
"79a4da72-ae21-46b9-8e3f-c591a5288396","HARV_027.basePlot.vst","2014-02-03","vst_HARV_2014","D01","HARV","HARV_027",,"NEON.PLA.D01.HARV.01242",,"sapling","Live",1.0,10,0.6,,,,,,,,,,,,,,,"legacyData"
"10feeb1c-8296-43a2-98fb-63099d859dda","HARV_006.basePlot.vst","2014-02-03","vst_HARV_2014","D01","HARV","HARV_006",,"NEON.PLA.D01.HARV.01169",,"small tree","Live",8.2,130,5.3,,,,,,,,,,,,"QC: no error EM",,,"legacyData"
"fc84f2f1-93c0-4878-b4b7-6d9754fe52eb","HARV_006.basePlot.vst","2014-02-03","vst_HARV_2014","D01","HARV","HARV_006",,"NEON.PLA.D01.HARV.01791",,"single bole tree","Live",30.4,130,19.6,,,,7.7,6.9,"Partially shaded",,,,,,,,,"legacyData"
"988b3855-592b-4dc8-a7e0-483cdf5128f5","HARV_027.basePlot.vst","2014-02-03","vst_HARV_2014","D01","HARV","HARV_027",,"NEON.PLA.D01.HARV.01476",,"sapling",,1.3,10,1.4,,,,,,,,,,,,,,,"legacyData"
"11b46bfa-e003-4320-91ff-c04c62bbf783","HARV_027.basePlot.vst","2014-02-03","vst_HARV_2014","D01","HARV","HARV_027",,"NEON.PLA.D01.HARV.01741",,"sapling","Live",1.0,10,0.8,,,,,,,,,,,,,,,"legacyData"
"d2d5588a-9ae0-4e8e-9331-87242d0f617c","HARV_006.basePlot.vst","2014-02-03","vst_HARV_2014","D01","HARV","HARV_006",,"NEON.PLA.D01.HARV.01158",,"small tree","Live",2.9,130,2.4,,,,,,,,,,,,,,,"legacyData"
"53836010-bbf7-4165-8134-328a53845f75","HARV_027.basePlot.vst","2014-02-03","vst_HARV_2014","D01","HARV","HARV_027",,"NEON.PLA.D01.HARV.01480",,"single bole tree","Live",42.8,130,22.6,,,,8.9,8.7,"Partially shaded",,,,,,,,,"legacyData"
"3dfcba42-ae5a-4e91-aed9-55605d09930c","HARV_006.basePlot.vst","2014-02-03","vst_HARV_2014","D01","HARV","HARV_006",,"NEON.PLA.D01.HARV.01734",,"small tree","Live",5.8,60,7.2,,,,,,,,,,,,"QC: no error EM",,,"legacyData"
"bca11860-15ec-4899-b40d-a1b239e15725","HARV_006.basePlot.vst","2014-02-03","vst_HARV_2014","D01","HARV","HARV_006",,"NEON.PLA.D01.HARV.01705",,"small tree","Live",4.2,130,3.9,,,,,,,,,,,,,,,"legacyData"
"829bfa87-d4e1-4610-96e4-225a29945395","HARV_027.basePlot.vst","2014-02-03","vst_HARV_2014","D01","HARV","HARV_027",,"NEON.PLA.D01.HARV.01771",,"single shrub","Live",1.0,10,1.3,,,,,,,"half-sphere",,,1.00,0.70,,,,"legacyData"
"cbc6a350-703d-4180-92a7-e6754ba9ca4d","HARV_027.basePlot.vst","2014-02-03","vst_HARV_2014","D01","HARV","HARV_027",,"NEON.PLA.D01.HARV.01762",,"sapling","Live",1.7,10,1.9,,,,,,,,,,,,,,,"legacyData"
"23e3fedb-79bc-4e06-a1cb-8d68e8ca258e","HARV_006.basePlot.vst","2014-02-03","vst_HARV_2014","D01","HARV","HARV_006",,"NEON.PLA.D01.HARV.01747",,"small tree","Live",5.7,130,4.1,,,,,,,,,,,,,,,"legacyData"
"75e4b4d5-9e33-4915-b156-427f128478cb","HARV_022.basePlot.vst","2014-02-07","vst_HARV_2014","D01","HARV","HARV_022",,"NEON.PLA.D01.HARV.01406",,"single bole tree",,14.3,130,,,,,,,,,,,,,,,,"legacyData"
"11771fcf-c0b6-464a-9775-3abd7ce4395a","HARV_022.basePlot.vst","2014-02-07","vst_HARV_2014","D01","HARV","HARV_022",,"NEON.PLA.D01.HARV.01450",,"small tree",,3.7,130,,,,,,,,,,,,,,,,"legacyData"
"a384d2da-e2b2-4005-82fa-65227134b27e","HARV_022.basePlot.vst","2014-02-07","vst_HARV_2014","D01","HARV","HARV_022",,"NEON.PLA.D01.HARV.01223",,,,5.2,130,,,,,,,,,,,,,,,,"legacyData"
"2b6fc78c-3401-4208-bae1-7aa93066d387","HARV_022.basePlot.vst","2014-02-07","vst_HARV_2014","D01","HARV","HARV_022",,"NEON.PLA.D01.HARV.01457",,,,1.4,10,,,,,,,,,,,,,,,,"legacyData"
"dd4b4293-6e3f-41ce-8d2b-f5d6d1773098","HARV_022.basePlot.vst","2014-02-07","vst_HARV_2014","D01","HARV","HARV_022",,"NEON.PLA.D01.HARV.01424",,"single bole tree",,30.9,130,,,,,,,,,,,,,,,,"legacyData"
"f4b73abb-92f7-4537-8908-070639236d6c","HARV_022.basePlot.vst","2014-02-07","vst_HARV_2014","D01","HARV","HARV_022",,"NEON.PLA.D01.HARV.01445",,,,1.6,10,,,,,,,,,,,,,,,,"legacyData"
"e1908caa-0e35-4361-9259-7978f2cedbf0","HARV_022.basePlot.vst","2014-02-07","vst_HARV_2014","D01","HARV","HARV_022",,"NEON.PLA.D01.HARV.01425",,"small tree",,6.4,130,,,,,,,,,,,,,,,,"legacyData"
"54ead34c-3802-4fe4-9e5a-d2310589e90a","HARV_022.basePlot.vst","2014-02-07","vst_HARV_2014","D01","HARV","HARV_022",,"NEON.PLA.D01.HARV.01420",,"sapling","Live",1.9,10,3.0,,,,,,,,,,,,,,,"legacyData"
"c05d3a86-cee3-4a76-b35a-1e69d3c32165","HARV_022.basePlot.vst","2014-02-07","vst_HARV_2014","D01","HARV","HARV_022",,"NEON.PLA.D01.HARV.01444",,"small tree",,2.6,130,,,,,,,,,,,,,,,,"legacyData"
"ebcec0cd-a575-48cc-bd56-ad8d779bb804","HARV_022.basePlot.vst","2014-02-07","vst_HARV_2014","D01","HARV","HARV_022",,"NEON.PLA.D01.HARV.01451",,"small tree",,1.9,130,,,,,,,,,,,,,,,,"legacyData"
"3b47b090-0d0c-4495-8479-cb90fb6ca1c4","HARV_022.basePlot.vst","2014-02-07","vst_HARV_2014","D01","HARV","HARV_022",,"NEON.PLA.D01.HARV.01413",,"single bole tree",,10.5,130,,,,,,,,,,,,,,,,"legacyData"
"1ca4a7e5-600b-486e-93f8-ad2e76c115f7","HARV_022.basePlot.vst","2014-02-07","vst_HARV_2014","D01","HARV","HARV_022",,"NEON.PLA.D01.HARV.01432",,"sapling",,1.0,10,,,,,,,,,,,,,,,,"legacyData"
"69cfb26b-52f0-467d-8c84-cba6ecc9be2d","HARV_022.basePlot.vst","2014-02-07","vst_HARV_2014","D01","HARV","HARV_022",,"NEON.PLA.D01.HARV.01421",,"single bole tree","Live",19.5,130,16.8,,,,4.6,3.9,"Mostly shaded",,,,,,"QC: No Error",,,"legacyData"
"bca649a5-de2c-4207-8ecb-156ef1e779a9","HARV_022.basePlot.vst","2014-02-07","vst_HARV_2014","D01","HARV","HARV_022",,"NEON.PLA.D01.HARV.01446",,"small tree",,3.0,130,,,,,,,,,,,,,,,,"legacyData"
"d7fac082-fdf3-4c38-a28f-aa6d9a0c12bc","HARV_022.basePlot.vst","2014-02-07","vst_HARV_2014","D01","HARV","HARV_022",,"NEON.PLA.D01.HARV.01237",,,,7.2,130,,,,,,,,,,,,,,,,"legacyData"
"3d4c06ec-bfe3-4ff5-b19b-e276d4474b66","HARV_022.basePlot.vst","2014-02-07","vst_HARV_2014","D01","HARV","HARV_022",,"NEON.PLA.D01.HARV.01204",,"single bole tree",,13.2,130,,,,,,,,,,,,,,,,"legacyData"
"70a4dfbc-7b6e-44e3-b57a-d35791b9fd9a","HARV_022.basePlot.vst","2014-02-07","vst_HARV_2014","D01","HARV","HARV_022",,"NEON.PLA.D01.HARV.01103",,,"Live",6.1,130,7.8,,,,3.6,2.0,,,,,,,,,,"legacyData"
"a30020bf-bb42-4f3c-becc-6af7527fa624","HARV_022.basePlot.vst","2014-02-07","vst_HARV_2014","D01","HARV","HARV_022",,"NEON.PLA.D01.HARV.01448",,"small tree",,1.9,130,,,,,,,,,,,,,,,,"legacyData"
"3d28482a-1ae3-4658-95f0-a8722471d172","HARV_022.basePlot.vst","2014-02-07","vst_HARV_2014","D01","HARV","HARV_022",,"NEON.PLA.D01.HARV.01438",,"small tree","Live, physically damaged",5.5,130,5.4,,,,,,,,,,,,"QC: No Error",,,"legacyData"
"6fe547be-ee2c-4fb3-89d3-78a81b5c44b6","HARV_022.basePlot.vst","2014-02-07","vst_HARV_2014","D01","HARV","HARV_022",,"NEON.PLA.D01.HARV.01411",,"single bole tree",,17.6,130,,,,,,,,,,,,,"dead; QC: No Error",,,"legacyData"
"518297f5-e1f1-4fa5-8d1a-2853d29a6569","HARV_022.basePlot.vst","2014-02-07","vst_HARV_2014","D01","HARV","HARV_022",,"NEON.PLA.D01.HARV.01207",,"single bole tree",,56.6,130,,,,,,,,,,,,,,,,"legacyData"
"ff5f22db-9d5c-4297-af1f-9bdff102ae42","HARV_022.basePlot.vst","2014-02-07","vst_HARV_2014","D01","HARV","HARV_022",,"NEON.PLA.D01.HARV.01229",,,,9.6,130,,,,,,,,,,,,,,,,"legacyData"
"86b0cbfc-a54b-44d3-8fb6-90bc157832b7","HARV_022.basePlot.vst","2014-02-07","vst_HARV_2014","D01","HARV","HARV_022",,"NEON.PLA.D01.HARV.01211",,,,1.8,10,,,,,,,,,,,,,,,,"legacyData"
"9b1ed0f9-3499-4bf9-b3c7-014ba7bb838f","HARV_022.basePlot.vst","2014-02-07","vst_HARV_2014","D01","HARV","HARV_022",,"NEON.PLA.D01.HARV.01453",,"sapling",,1.6,10,,,,,,,,,,,,,"QC: No Error",,,"legacyData"
"dec01b7b-e22b-4d14-bba8-daf7f802ad04","HARV_022.basePlot.vst","2014-02-07","vst_HARV_2014","D01","HARV","HARV_022",,"NEON.PLA.D01.HARV.01235",,"single bole tree",,12.0,130,,,,,,,,,,,,,,,,"legacyData"
"c16f101d-e700-4c4e-835f-7c66803207f8","HARV_022.basePlot.vst","2014-02-07","vst_HARV_2014","D01","HARV","HARV_022",,"NEON.PLA.D01.HARV.01430",,"sapling",,1.4,10,,,,,,,,,,,,,,,,"legacyData"
"d8760293-7d73-441b-a6cb-94a0ee0fce49","HARV_022.basePlot.vst","2014-02-07","vst_HARV_2014","D01","HARV","HARV_022",,"NEON.PLA.D01.HARV.01419",,"sapling","Live",1.7,10,2.3,,,,,,,,,,,,,,,"legacyData"
"841ed214-13af-4d72-8c89-1ecc5cf18e4f","HARV_022.basePlot.vst","2014-02-07","vst_HARV_2014","D01","HARV","HARV_022",,"NEON.PLA.D01.HARV.01205",,,,1.2,10,,,,,,,,,,,,,,,,"legacyData"
"d1c0d5ad-ac4a-41a1-9349-033c67b79774","HARV_022.basePlot.vst","2014-02-07","vst_HARV_2014","D01","HARV","HARV_022",,"NEON.PLA.D01.HARV.01220",,"single bole tree",,18.0,130,,,,,,,,,,,,,,,,"legacyData"
"f492d84b-6e0a-4511-96d1-70e243c50e85","HARV_022.basePlot.vst","2014-02-07","vst_HARV_2014","D01","HARV","HARV_022",,"NEON.PLA.D01.HARV.01440",,"sapling",,1.2,10,,,,,,,,,,,,,,,,"legacyData"
"ab16f356-8419-4e73-b804-367ffed9fcb3","HARV_022.basePlot.vst","2014-02-07","vst_HARV_2014","D01","HARV","HARV_022",,"NEON.PLA.D01.HARV.01102",,,"Live,  other damage",3.2,130,2.5,,,,3.9,1.7,,,,,,,"Fungi",,,"legacyData"
"be3cdf37-6f06-46d9-b31f-f8718efdc823","HARV_022.basePlot.vst","2014-02-07","vst_HARV_2014","D01","HARV","HARV_022",,"NEON.PLA.D01.HARV.01201",,"single bole tree",,11.8,120,,,,,,,,,,,,,,,,"legacyData"
"6a984aaa-1da4-41a6-9f89-70ac8f89950b","HARV_022.basePlot.vst","2014-02-07","vst_HARV_2014","D01","HARV","HARV_022",,"NEON.PLA.D01.HARV.01203",,"single bole tree",,23.3,130,,,,,,,,,,,,,,,,"legacyData"
"10b637c4-d22d-486b-9586-e7f34722f7bf","HARV_022.basePlot.vst","2014-02-07","vst_HARV_2014","D01","HARV","HARV_022",,"NEON.PLA.D01.HARV.01228",,"single bole tree",,15.5,130,,,,,,,,,,,,,,,,"legacyData"
"d7ccae75-3375-46d3-a114-9032eeae995e","HARV_022.basePlot.vst","2014-02-07","vst_HARV_2014","D01","HARV","HARV_022",,"NEON.PLA.D01.HARV.01208",,"single bole tree",,23.7,130,,,,,,,,,,,,,,,,"legacyData"
"88627f68-c764-45f7-b470-46de9ab1c26b","HARV_022.basePlot.vst","2014-02-07","vst_HARV_2014","D01","HARV","HARV_022",,"NEON.PLA.D01.HARV.01429",,"sapling",,1.5,10,,,,,,,,,,,,,"QC: No Error",,,"legacyData"
"b982ece8-5ba8-4904-8446-d36d5eb52d51","HARV_022.basePlot.vst","2014-02-07","vst_HARV_2014","D01","HARV","HARV_022",,"NEON.PLA.D01.HARV.01428",,"sapling",,1.5,10,,,,,,,,,,,,,,,,"legacyData"
"5a093d82-20b0-4823-9db4-bb5d315d71a0","HARV_022.basePlot.vst","2014-02-07","vst_HARV_2014","D01","HARV","HARV_022",,"NEON.PLA.D01.HARV.01202",,"sapling",,1.5,10,,,,,,,,,,,,,,,,"legacyData"
"05d95e07-2487-485f-9dc8-f3c72cd77c51","HARV_022.basePlot.vst","2014-02-07","vst_HARV_2014","D01","HARV","HARV_022",,"NEON.PLA.D01.HARV.01449",,"sapling",,1.2,10,,,,,,,,,,,,,,,,"legacyData"
"2ef0f7b4-28f7-48e2-9863-f9b0292e3597","HARV_022.basePlot.vst","2014-02-07","vst_HARV_2014","D01","HARV","HARV_022",,"NEON.PLA.D01.HARV.01407",,"single bole tree",,12.5,130,,,,,,,,,,,,,,,,"legacyData"
"918582e5-f0e5-49a5-81a6-1eaafdc419f9","HARV_022.basePlot.vst","2014-02-07","vst_HARV_2014","D01","HARV","HARV_022",,"NEON.PLA.D01.HARV.01239",,,,1.0,10,,,,,,,,,,,,,,,,"legacyData"
"9babf688-75c1-4585-acb0-5347715cbbd4","HARV_022.basePlot.vst","2014-02-07","vst_HARV_2014","D01","HARV","HARV_022",,"NEON.PLA.D01.HARV.01401",,"single bole tree",,54.8,130,,,,,,,,,,,,,"QC: No Error",,,"legacyData"
"57ccda41-a401-4c11-95da-04d5948bdca6","HARV_022.basePlot.vst","2014-02-07","vst_HARV_2014","D01","HARV","HARV_022",,"NEON.PLA.D01.HARV.01441",,"small tree","Live",1.8,130,3.7,,,,,,,,,,,,,,,"legacyData"
"ab47535a-ac4c-4c02-8ac2-096e6211d697","HARV_022.basePlot.vst","2014-02-07","vst_HARV_2014","D01","HARV","HARV_022",,"NEON.PLA.D01.HARV.01222",,"single bole tree",,12.3,130,,,,,,,,,,,,,,,,"legacyData"
"9493493d-fe57-454b-8bf0-bfd18c0b5121","HARV_022.basePlot.vst","2014-02-07","vst_HARV_2014","D01","HARV","HARV_022",,"NEON.PLA.D01.HARV.01417",,"small tree",,1.7,130,,,,,,,,,,,,,,,,"legacyData"
"5984c30a-62cb-4372-8004-aba7eb2a1c47","HARV_022.basePlot.vst","2014-02-07","vst_HARV_2014","D01","HARV","HARV_022",,"NEON.PLA.D01.HARV.01408",,"single bole tree",,45.2,130,,,,,,,,,,,,,,,,"legacyData"
"d965e53e-2c61-452d-989d-3b9eed81ec05","HARV_022.basePlot.vst","2014-02-07","vst_HARV_2014","D01","HARV","HARV_022",,"NEON.PLA.D01.HARV.01215",,"small tree","Live",7.8,130,10.3,,,,5.9,2.4,,,,,,,,,,"legacyData"
"d1be4dba-019a-459a-8c6f-267503f31c0b","HARV_022.basePlot.vst","2014-02-07","vst_HARV_2014","D01","HARV","HARV_022",,"NEON.PLA.D01.HARV.01423",,"single bole tree",,10.4,130,,,,,,,,,,,,,,,,"legacyData"
"4d04f296-7b5d-4364-8984-6288ee87b4ba","HARV_022.basePlot.vst","2014-02-07","vst_HARV_2014","D01","HARV","HARV_022",,"NEON.PLA.D01.HARV.01433",,"sapling",,1.9,10,,,,,,,,,,,,,,,,"legacyData"
"cf9951bc-74ed-4d1f-beef-adea9a7814b5","HARV_022.basePlot.vst","2014-02-07","vst_HARV_2014","D01","HARV","HARV_022",,"NEON.PLA.D01.HARV.01447",,"sapling",,1.5,10,,,,,,,,,,,,,,,,"legacyData"
"4a1d7857-a9ad-4e14-b5a8-bcbdfd902425","HARV_022.basePlot.vst","2014-02-07","vst_HARV_2014","D01","HARV","HARV_022",,"NEON.PLA.D01.HARV.01434",,"sapling",,1.2,10,,,,,,,,,,,,,,,,"legacyData"
"afbd8381-9f6b-44a9-89fd-84b1a415614b","HARV_022.basePlot.vst","2014-02-07","vst_HARV_2014","D01","HARV","HARV_022",,"NEON.PLA.D01.HARV.01404",,"single bole tree",,12.2,130,,,,,,,,,,,,,"dead",,,"legacyData"
"cf99cc8b-20ac-49d7-b7ae-80b388d10af4","HARV_022.basePlot.vst","2014-02-07","vst_HARV_2014","D01","HARV","HARV_022",,"NEON.PLA.D01.HARV.01402",,"single bole tree",,25.4,130,,,,,,,,,,,,,,,,"legacyData"
"5dd02cda-2e7b-4eb2-a719-c14dd68493cc","HARV_022.basePlot.vst","2014-02-07","vst_HARV_2014","D01","HARV","HARV_022",,"NEON.PLA.D01.HARV.01442",,"small tree",,1.9,130,,,,,,,,,,,,,,,,"legacyData"
"9616de03-598a-4035-a45c-f11761fffb07","HARV_022.basePlot.vst","2014-02-07","vst_HARV_2014","D01","HARV","HARV_022",,"NEON.PLA.D01.HARV.01456",,,,1.2,130,,,,,,,,,,,,,,,,"legacyData"
"7aa93d85-1982-4690-9f81-ae1b8688971a","HARV_022.basePlot.vst","2014-02-07","vst_HARV_2014","D01","HARV","HARV_022",,"NEON.PLA.D01.HARV.01416",,"single bole tree",,15.2,130,,,,,,,,,,,,,"dead",,,"legacyData"
"677397b7-12b5-4cf8-964f-845dc8076f6c","HARV_022.basePlot.vst","2014-02-07","vst_HARV_2014","D01","HARV","HARV_022",,"NEON.PLA.D01.HARV.01233",,,,7.5,130,,,,,,,,,,,,,,,,"legacyData"
"8f65dc15-e3a5-4f60-a23b-80ac390e0697","HARV_022.basePlot.vst","2014-02-07","vst_HARV_2014","D01","HARV","HARV_022",,"NEON.PLA.D01.HARV.01452",,"sapling",,1.2,10,,,,,,,,,,,,,,,,"legacyData"
"c38c6386-d184-4315-b463-b07459044184","HARV_022.basePlot.vst","2014-02-07","vst_HARV_2014","D01","HARV","HARV_022",,"NEON.PLA.D01.HARV.01403",,"single bole tree",,10.0,130,,,,,,,,,,,,,,,,"legacyData"
"f2469016-e01f-4e15-a4de-45308da8ea5c","HARV_022.basePlot.vst","2014-02-07","vst_HARV_2014","D01","HARV","HARV_022",,"NEON.PLA.D01.HARV.01415",,"single bole tree",,24.0,130,,,,,,,,,,,,,,,,"legacyData"
"794bb46d-ab60-46a8-94c4-859ff68af4a4","HARV_022.basePlot.vst","2014-02-07","vst_HARV_2014","D01","HARV","HARV_022",,"NEON.PLA.D01.HARV.01422",,"single bole tree","Live",44.9,130,21.2,,,,9.2,8.0,"Partially shaded",,,,,,,,,"legacyData"
"210fc1db-a032-4b7f-9aae-6a10f3fb8b89","HARV_022.basePlot.vst","2014-02-07","vst_HARV_2014","D01","HARV","HARV_022",,"NEON.PLA.D01.HARV.01209",,"single bole tree","Live",19.4,130,9.8,,,,2.5,1.2,"Mostly shaded",,,,,,,,,"legacyData"
"0a5c9c23-b4e2-4449-824a-7e3ef01d080e","HARV_022.basePlot.vst","2014-02-07","vst_HARV_2014","D01","HARV","HARV_022",,"NEON.PLA.D01.HARV.01214",,,"Live",6.8,130,8.6,,,,3.7,2.1,,,,,,,"QC: No Error",,,"legacyData"
"3cc27bb2-d8f9-42f8-99c7-0bfc1b62e622","HARV_022.basePlot.vst","2014-02-07","vst_HARV_2014","D01","HARV","HARV_022",,"NEON.PLA.D01.HARV.01412",,"small shrub",,4.6,10,,,,,,,,,,,,,,,,"legacyData"
"4b0f5d15-b6a7-4db9-80f0-417204b0e0ac","HARV_022.basePlot.vst","2014-02-07","vst_HARV_2014","D01","HARV","HARV_022",,"NEON.PLA.D01.HARV.01427",,"sapling",,1.5,10,,,,,,,,,,,,,,,,"legacyData"
"c64d47f2-eebf-44f3-a80c-5bbf42c0a752","HARV_022.basePlot.vst","2014-02-07","vst_HARV_2014","D01","HARV","HARV_022",,"NEON.PLA.D01.HARV.01224",,"single bole tree",,38.8,50,,,,,,,,,,,,,,,,"legacyData"
"035f60b0-efb0-4ec6-bb20-610aef060423","HARV_022.basePlot.vst","2014-02-07","vst_HARV_2014","D01","HARV","HARV_022",,"NEON.PLA.D01.HARV.01221",,"single bole tree",,10.6,130,,,,,,,,,,,,,"QC: No Error",,,"legacyData"
"8f1de2ff-64f5-4543-a4a2-b6f9a6facc36","HARV_022.basePlot.vst","2014-02-07","vst_HARV_2014","D01","HARV","HARV_022",,"NEON.PLA.D01.HARV.01435",,"sapling",,1.2,10,,,,,,,,,,,,,"QC: No Error",,,"legacyData"
"13d06b12-59cd-47fb-9d7b-e98196c93530","HARV_022.basePlot.vst","2014-02-07","vst_HARV_2014","D01","HARV","HARV_022",,"NEON.PLA.D01.HARV.01231",,"single bole tree",,11.3,130,,,,,,,,,,,,,,,,"legacyData"
"4799defe-5cae-4f90-9536-4e98b27877bb","HARV_022.basePlot.vst","2014-02-07","vst_HARV_2014","D01","HARV","HARV_022",,"NEON.PLA.D01.HARV.01217",,"single bole tree","Live",20.7,130,15.9,,,,9.0,5.6,"Partially shaded",,,,,,,,,"legacyData"
"f9386a10-83e4-4e4a-adca-e1b84ed19202","HARV_022.basePlot.vst","2014-02-07","vst_HARV_2014","D01","HARV","HARV_022",,"NEON.PLA.D01.HARV.01454",,"small tree",,1.6,130,,,,,,,,,,,,,,,,"legacyData"
"39921d6e-880b-4e9d-9fd6-b8f1c447a3e1","HARV_022.basePlot.vst","2014-02-07","vst_HARV_2014","D01","HARV","HARV_022",,"NEON.PLA.D01.HARV.01104",,,,1.0,10,,,,,,,,,,,,,,,,"legacyData"
"4b2d5047-e115-451c-9592-aebd62d4fa2e","HARV_022.basePlot.vst","2014-02-07","vst_HARV_2014","D01","HARV","HARV_022",,"NEON.PLA.D01.HARV.01216",,"single bole tree","Live",14.0,130,6.0,,,,5.9,4.0,"Mostly shaded",,,,,,,,,"legacyData"
"ac5c7dc5-459c-4fd8-939f-ab16b10047a6","HARV_022.basePlot.vst","2014-02-07","vst_HARV_2014","D01","HARV","HARV_022",,"NEON.PLA.D01.HARV.01234",,"single bole tree",,20.4,130,,,,,,,,,,,,,,,,"legacyData"
"2b45a585-b20a-410a-87bc-e2546241a90c","HARV_022.basePlot.vst","2014-02-07","vst_HARV_2014","D01","HARV","HARV_022",,"NEON.PLA.D01.HARV.01426",,"sapling",,1.0,10,,,,,,,,,,,,,,,,"legacyData"
"e85f7f97-9317-49d6-aaaa-a1cb28f2b238","HARV_022.basePlot.vst","2014-02-07","vst_HARV_2014","D01","HARV","HARV_022",,"NEON.PLA.D01.HARV.01238",,,,1.4,10,,,,,,,,,,,,,,,,"legacyData"
"e320f478-fa58-49fc-9ffb-3e075ae93411","HARV_022.basePlot.vst","2014-02-07","vst_HARV_2014","D01","HARV","HARV_022",,"NEON.PLA.D01.HARV.01443",,"small tree",,1.5,130,,,,,,,,,,,,,,,,"legacyData"
"8b8c5bcb-c993-433c-b949-bcb432fffb19","HARV_022.basePlot.vst","2014-02-07","vst_HARV_2014","D01","HARV","HARV_022",,"NEON.PLA.D01.HARV.01213",,"single bole tree",,12.3,130,,,,,,,,,,,,,,,,"legacyData"
"e3438fd8-c3a7-4204-a603-3a8218a8c1f4","HARV_022.basePlot.vst","2014-02-07","vst_HARV_2014","D01","HARV","HARV_022",,"NEON.PLA.D01.HARV.01410",,"single bole tree",,64.7,130,,,,,,,,,,,,,,,,"legacyData"
"c1e9a3d9-aacf-41e8-8e74-1cf3f31c717c","HARV_022.basePlot.vst","2014-02-07","vst_HARV_2014","D01","HARV","HARV_022",,"NEON.PLA.D01.HARV.01218",,"single bole tree","Live",22.2,130,14.6,,,,7.7,3.4,"Partially shaded",,,,,,,,,"legacyData"
"680ef9aa-14a3-4156-b4ce-7c932bfc40b0","HARV_022.basePlot.vst","2014-02-07","vst_HARV_2014","D01","HARV","HARV_022",,"NEON.PLA.D01.HARV.01212",,,"Live",1.3,10,1.3,,,,1.5,1.4,,,,,,,,,,"legacyData"
"1da63154-771e-4a10-9929-2b3dad360ded","HARV_022.basePlot.vst","2014-02-07","vst_HARV_2014","D01","HARV","HARV_022",,"NEON.PLA.D01.HARV.01230",,"single bole tree",,9.8,130,,,,,,,,,,,,,"QC: No Error",,,"legacyData"
"feafdccb-63b1-465f-9df0-e24c51a5b427","HARV_022.basePlot.vst","2014-02-07","vst_HARV_2014","D01","HARV","HARV_022",,"NEON.PLA.D01.HARV.01236",,,,9.6,130,,,,,,,,,,,,,,,,"legacyData"
"929a7e2e-69d0-423d-8fad-caa542e82808","HARV_022.basePlot.vst","2014-02-07","vst_HARV_2014","D01","HARV","HARV_022",,"NEON.PLA.D01.HARV.01405",,"single bole tree",,10.9,130,,,,,,,,,,,,,,,,"legacyData"
"ed83074b-b8c7-449a-9d1c-b0452b088c0f","HARV_022.basePlot.vst","2014-02-07","vst_HARV_2014","D01","HARV","HARV_022",,"NEON.PLA.D01.HARV.01439",,"sapling","Live",2.0,10,2.9,,,,,,,,,,,,,,,"legacyData"
"43335d1d-77b4-4572-bff2-ba2c9ac26646","HARV_022.basePlot.vst","2014-02-07","vst_HARV_2014","D01","HARV","HARV_022",,"NEON.PLA.D01.HARV.01232",,"single bole tree",,16.2,130,,,,,,,,,,,,,,,,"legacyData"
"0b09d239-324b-49b7-98d4-07810b7f0945","HARV_022.basePlot.vst","2014-02-07","vst_HARV_2014","D01","HARV","HARV_022",,"NEON.PLA.D01.HARV.01455",,"small tree",,2.1,80,,,,,,,,,,,,,,,,"legacyData"
"71d99baf-dc65-44ba-bf69-89106df9439e","HARV_022.basePlot.vst","2014-02-07","vst_HARV_2014","D01","HARV","HARV_022",,"NEON.PLA.D01.HARV.01436",,"single bole tree","Live",10.1,130,10.2,,,,3.6,3.5,"Mostly shaded",,,,,,,,,"legacyData"
"83b3f57b-e2e3-42b8-8814-2049ea9f619d","HARV_022.basePlot.vst","2014-02-07","vst_HARV_2014","D01","HARV","HARV_022",,"NEON.PLA.D01.HARV.01437",,"sapling",,1.4,10,,,,,,,,,,,,,,,,"legacyData"
"cb2e52f6-da96-46a2-917a-9e37f664d99f","HARV_022.basePlot.vst","2014-02-07","vst_HARV_2014","D01","HARV","HARV_022",,"NEON.PLA.D01.HARV.01409",,"single bole tree",,56.0,130,,,,,,,,,,,,,,,,"legacyData"
"0b70d936-82eb-4ca2-b1fb-562957da6cf1","HARV_022.basePlot.vst","2014-02-07","vst_HARV_2014","D01","HARV","HARV_022",,"NEON.PLA.D01.HARV.01227",,,,9.1,130,,,,,,,,,,,,,,,,"legacyData"
"823499d4-0cfc-45b8-ad4a-addc55afb914","HARV_022.basePlot.vst","2014-02-07","vst_HARV_2014","D01","HARV","HARV_022",,"NEON.PLA.D01.HARV.01414",,"single bole tree",,21.4,130,,,,,,,,,,,,,,,,"legacyData"
"ea0611b5-24c8-4c27-8eb3-9762d30f2cde","HARV_022.basePlot.vst","2014-02-07","vst_HARV_2014","D01","HARV","HARV_022",,"NEON.PLA.D01.HARV.01210",,,,4.2,130,,,,,,,,,,,,,,,,"legacyData"
"4610cbb8-fea1-437c-822b-e616690d3de6","HARV_022.basePlot.vst","2014-02-07","vst_HARV_2014","D01","HARV","HARV_022",,"NEON.PLA.D01.HARV.01219",,"single bole tree","Live",20.3,130,15.4,,,,7.2,7.1,"Partially shaded",,,,,,,,,"legacyData"
"fd7e6eb1-6dc5-4a68-bb82-5b6848c9572c","HARV_022.basePlot.vst","2014-02-07","vst_HARV_2014","D01","HARV","HARV_022",,"NEON.PLA.D01.HARV.01206",,"single bole tree",,11.7,130,,,,,,,,,,,,,"QC: No Error",,,"legacyData"
"a559a7cd-12c2-41e5-8c35-633d2c059223","HARV_022.basePlot.vst","2014-02-07","vst_HARV_2014","D01","HARV","HARV_022",,"NEON.PLA.D01.HARV.01418",,"single bole tree",,13.0,130,,,,,,,,,,,,,,,,"legacyData"
"9f0ab45a-cad9-4808-87cd-032284a8fb81","HARV_022.basePlot.vst","2014-02-07","vst_HARV_2014","D01","HARV","HARV_022",,"NEON.PLA.D01.HARV.01225",,"single bole tree",,13.3,130,,,,,,,,,,,,,,,,"legacyData"
"d2f90f86-5d9e-4f7f-8bde-76ed76e90a83","HARV_022.basePlot.vst","2014-02-07","vst_HARV_2014","D01","HARV","HARV_022",,"NEON.PLA.D01.HARV.01226",,"single bole tree",,53.5,130,,,,,,,,,,,,,,,,"legacyData"
"cb1267c6-843c-4a17-8099-15b292158d52","HARV_022.basePlot.vst","2014-02-07","vst_HARV_2014","D01","HARV","HARV_022",,"NEON.PLA.D01.HARV.01431",,"sapling",,1.2,10,,,,,,,,,,,,,,,,"legacyData"
"2b92345f-64d3-429e-a2c6-b6b9a5cb770b","HARV_027.basePlot.vst","2014-02-10","vst_HARV_2014","D01","HARV","HARV_027",,"NEON.PLA.D01.HARV.01487",,"small tree","Live",6.3,130,8.3,,,,,,,,,,,,,,,"legacyData"
"be79cc21-8c79-4abc-9e36-04da7ee7cd79","HARV_027.basePlot.vst","2014-02-10","vst_HARV_2014","D01","HARV","HARV_027",,"NEON.PLA.D01.HARV.01484",,"small tree","Standing dead",8.6,130,12.3,,,,,,,,,,,,,,,"legacyData"
"5ed7d746-b5a7-409e-aca0-3c843ae3b81a","HARV_027.basePlot.vst","2014-02-10","vst_HARV_2014","D01","HARV","HARV_027",,"NEON.PLA.D01.HARV.01495",,"small tree","Live",4.3,130,4.8,,,,,,,,,,,,,,,"legacyData"
"1224aeee-e625-4241-8401-cd0ed8fb6546","HARV_027.basePlot.vst","2014-02-10","vst_HARV_2014","D01","HARV","HARV_027",,"NEON.PLA.D01.HARV.01486",,"single bole tree","Live",12.6,130,16.1,,,,7.2,6.6,"Mostly shaded",,,,,,,,,"legacyData"
"c8f2333e-f304-4367-baf7-c47bba8a40df","HARV_027.basePlot.vst","2014-02-10","vst_HARV_2014","D01","HARV","HARV_027",,"NEON.PLA.D01.HARV.01485",,"single bole tree","Live",48.5,130,25.6,,,,10.7,10.6,"Partially shaded",,,,,,"QC: No Error",,,"legacyData"
"cd451520-9622-4981-8718-f4d48a361fe4","HARV_027.basePlot.vst","2014-02-10","vst_HARV_2014","D01","HARV","HARV_027",,"NEON.PLA.D01.HARV.01488",,"small tree","Live",5.1,130,6.7,,,,,,,,,,,,,,,"legacyData"
"ef2412f4-3c67-40eb-a99d-9079a3817e73","HARV_027.basePlot.vst","2014-02-10","vst_HARV_2014","D01","HARV","HARV_027",,"NEON.PLA.D01.HARV.01483",,"single bole tree","Live",49.5,130,24.8,,,,11.1,9.0,"Partially shaded",,,,,,,,,"legacyData"
"7846b463-d5c2-4b6e-af2e-46ebf3b7cca1","HARV_027.basePlot.vst","2014-02-10","vst_HARV_2014","D01","HARV","HARV_027",,"NEON.PLA.D01.HARV.01482",,"single bole tree","Live",25.8,130,19.2,,,,10.1,7.5,"Mostly shaded",,,,,,,,,"legacyData"
"60a08e12-20db-4452-b958-14b5378178e0","HARV_027.basePlot.vst","2014-02-10","vst_HARV_2014","D01","HARV","HARV_027",,"NEON.PLA.D01.HARV.01492",,"single bole tree","Live",13.8,130,12.0,,,,9.5,3.4,"Mostly shaded",,,,,,,,,"legacyData"
"4e6a1d8d-d253-4516-94cf-e0e2ddb8ba50","HARV_005.basePlot.vst","2014-02-12","vst_HARV_2014","D01","HARV","HARV_005",,"NEON.PLA.D01.HARV.01577",,"small tree","Live",3.2,130,3.7,,,,,,"Full shade",,,,,,,,,"legacyData"
"0f8ce3e2-9aad-4c60-993b-e56568ae07ad","HARV_005.basePlot.vst","2014-02-12","vst_HARV_2014","D01","HARV","HARV_005",,"NEON.PLA.D01.HARV.01101",,"single shrub","Live",4.5,130,4.1,,,,5.0,3.0,"Full shade","inverted cone",,,2.00,1.40,,,,"legacyData"
"68223d71-c833-468c-96e0-010f7c5e76fd","HARV_005.basePlot.vst","2014-02-12","vst_HARV_2014","D01","HARV","HARV_005",,"NEON.PLA.D01.HARV.01519",,"single bole tree","Live",14.2,130,16.2,,,,5.1,4.6,"Partially shaded",,,,,,,,,"legacyData"
"0cdeca2b-37a7-4315-9b9b-9d753f7007b4","HARV_005.basePlot.vst","2014-02-12","vst_HARV_2014","D01","HARV","HARV_005",,"NEON.PLA.D01.HARV.01534",,"single shrub","Live",3.9,130,4.4,,,,5.4,4.5,"Full shade","inverted cone",,,0.70,0.20,,,,"legacyData"
"da44081e-4cc4-4c51-ba3c-0d233f62a3de","HARV_005.basePlot.vst","2014-02-12","vst_HARV_2014","D01","HARV","HARV_005",,"NEON.PLA.D01.HARV.01593",,"small tree","Live,  other damage",1.1,130,0.8,,,,,,"Full shade",,,,,,"STEM STATUS UNKNOWN: 'PROSTRATE'; QC: NO ERROR JH",,,"legacyData"
"ee84dd64-1d4f-4f16-89cb-175d420f784a","HARV_005.basePlot.vst","2014-02-12","vst_HARV_2014","D01","HARV","HARV_005",,"NEON.PLA.D01.HARV.01582",,"small tree","Live",1.5,130,2.1,,,,,,"Full shade",,,,,,"QC: NO ERROR JH",,,"legacyData"
"7c6e2565-c671-4f7c-af93-ac491404b558","HARV_005.basePlot.vst","2014-02-12","vst_HARV_2014","D01","HARV","HARV_005",,"NEON.PLA.D01.HARV.01275",,"small tree","Live,  other damage",2.0,130,3.6,,,,,,"Full shade",,,,,,"DATASHEET RECORDED 'DAMAGED' WITHOUT INDICATING TYPE OF DAMAGE",,,"legacyData"
"a0d3f58c-9007-4335-9e30-39cfa19aa8c2","HARV_005.basePlot.vst","2014-02-12","vst_HARV_2014","D01","HARV","HARV_005",,"NEON.PLA.D01.HARV.01542",,"small tree","Live",2.0,130,5.2,,,,,,"Full shade",,,,,,,,,"legacyData"
"2238d36f-1e9e-41e0-bebc-c77fc0fe1a83","HARV_005.basePlot.vst","2014-02-12","vst_HARV_2014","D01","HARV","HARV_005",,"NEON.PLA.D01.HARV.01243",,"single shrub","Live",3.1,130,4.4,,,,4.2,4.0,"Full shade","half-sphere",,,,,,,,"legacyData"
"4a8c9a96-8230-4713-ad6b-3f03eb7bc6bc","HARV_005.basePlot.vst","2014-02-12","vst_HARV_2014","D01","HARV","HARV_005",,"NEON.PLA.D01.HARV.01507",,"single bole tree","Standing dead",11.2,130,3.6,,,,,,"Full shade",,,,,,,,,"legacyData"
"a35d1ae2-af5b-4256-8372-cb078232f62a","HARV_005.basePlot.vst","2014-02-12","vst_HARV_2014","D01","HARV","HARV_005",,"NEON.PLA.D01.HARV.01587",,"single shrub","Live",4.0,130,3.5,,,,7.3,4.3,"Full shade","half-sphere",,,,,,,,"legacyData"
"7999c449-f8ba-47b1-b7b8-505b42a7a091","HARV_005.basePlot.vst","2014-02-12","vst_HARV_2014","D01","HARV","HARV_005",,"NEON.PLA.D01.HARV.01549",,"sapling","Live",1.5,130,2.5,,,,,,"Full shade",,,,,,,,,"legacyData"
"51a17ad4-ee4e-4df7-ab16-f4260db55d76","HARV_005.basePlot.vst","2014-02-12","vst_HARV_2014","D01","HARV","HARV_005",,"NEON.PLA.D01.HARV.01263",,"single shrub","Live",1.0,130,1.7,,,,3.2,2.1,"Full shade",,,,,,,,,"legacyData"
"c1f7f205-5d29-48dc-b179-d1801133b87b","HARV_005.basePlot.vst","2014-02-12","vst_HARV_2014","D01","HARV","HARV_005",,"NEON.PLA.D01.HARV.01537",,"small tree","Live",5.0,130,6.5,,,,,,"Full shade",,,,,,,,,"legacyData"
"f664357a-f823-4497-beb5-e930feb5c0e9","HARV_005.basePlot.vst","2014-02-12","vst_HARV_2014","D01","HARV","HARV_005",,"NEON.PLA.D01.HARV.01264",,"sapling","Live",1.1,10,1.6,,,,,,"Full shade",,,,,,,,,"legacyData"
"e42f597e-b39a-4b9d-a793-d2a4e2dc7ae8","HARV_005.basePlot.vst","2014-02-12","vst_HARV_2014","D01","HARV","HARV_005",,"NEON.PLA.D01.HARV.01543",,"single bole tree","Live",13.8,130,14.2,,,,10.3,5.2,"Mostly shaded",,,,,,,,,"legacyData"
"9b81003a-9058-426f-9df9-df54275ad8a7","HARV_005.basePlot.vst","2014-02-12","vst_HARV_2014","D01","HARV","HARV_005",,"NEON.PLA.D01.HARV.01570",,"small tree","Live",1.1,130,1.9,,,,,,"Full shade",,,,,,"QC: NO ERROR",,,"legacyData"
"8601edf5-743a-4d31-bbf2-6283ed5bbef8","HARV_005.basePlot.vst","2014-02-12","vst_HARV_2014","D01","HARV","HARV_005",,"NEON.PLA.D01.HARV.01505",,"small tree","Live",1.9,130,2.6,,,,,,"Full shade",,,,,,,,,"legacyData"
"a258b62b-48bf-46b1-aafa-6bfd023a9662","HARV_005.basePlot.vst","2014-02-12","vst_HARV_2014","D01","HARV","HARV_005",,"NEON.PLA.D01.HARV.01579",,"small tree","Live",1.4,130,2.4,,,,,,"Full shade",,,,,,,,,"legacyData"
"bd26199e-4798-48cb-bb57-6a2827770fca","HARV_005.basePlot.vst","2014-02-12","vst_HARV_2014","D01","HARV","HARV_005",,"NEON.PLA.D01.HARV.01252",,"single shrub","Live",4.8,130,7.4,,,,4.9,2.5,"Full shade","inverted cone",,,1.00,1.40,,,,"legacyData"
"6fad2b9e-38a5-4dd0-a33a-f57aa8112e38","HARV_005.basePlot.vst","2014-02-12","vst_HARV_2014","D01","HARV","HARV_005",,"NEON.PLA.D01.HARV.01555",,"single bole tree","Live",14.6,130,13.9,,,,6.1,5.2,"Mostly shaded",,,,,,,,,"legacyData"
"f6436255-256a-4cdb-90a0-9a08e21cf958","HARV_005.basePlot.vst","2014-02-12","vst_HARV_2014","D01","HARV","HARV_005",,"NEON.PLA.D01.HARV.01249",,"multi-bole tree","Live",18.8,130,17.1,,,,10.4,8.6,"Partially shaded",,,,,,,,,"legacyData"
"3dbe379c-f9b0-4251-84b1-094e8e01f903","HARV_005.basePlot.vst","2014-02-12","vst_HARV_2014","D01","HARV","HARV_005",,"NEON.PLA.D01.HARV.01278",,"sapling","Live",1.5,10,1.4,,,,,,"Full shade",,,,,,,,,"legacyData"
"39ca6117-b432-4045-9bc9-61b84631d445","HARV_005.basePlot.vst","2014-02-12","vst_HARV_2014","D01","HARV","HARV_005",,"NEON.PLA.D01.HARV.01540",,"small tree","Live",7.1,130,7.6,,,,,,"Mostly shaded",,,,,,,,,"legacyData"
"22ab166d-3c69-440a-b061-208280d857be","HARV_005.basePlot.vst","2014-02-12","vst_HARV_2014","D01","HARV","HARV_005",,"NEON.PLA.D01.HARV.01581",,"single bole tree","Live",13.0,130,11.2,,,,4.4,4.2,"Mostly shaded",,,,,,,,,"legacyData"
"4f8abf2c-8ab9-40a4-9254-aab315d07f27","HARV_005.basePlot.vst","2014-02-12","vst_HARV_2014","D01","HARV","HARV_005",,"NEON.PLA.D01.HARV.01515",,"sapling","Live",1.6,10,2.6,,,,,,"Full shade",,,,,,,,,"legacyData"
"0bf0ee05-815c-4e2d-8d77-81e540f2192f","HARV_005.basePlot.vst","2014-02-12","vst_HARV_2014","D01","HARV","HARV_005",,"NEON.PLA.D01.HARV.01576",,"small tree","Live",2.9,130,2.9,,,,,,"Full shade",,,,,,,,,"legacyData"
"753a6a2a-89c1-4b3e-8feb-3fdf9424a5ab","HARV_005.basePlot.vst","2014-02-12","vst_HARV_2014","D01","HARV","HARV_005",,"NEON.PLA.D01.HARV.01590",,"small tree","Live",2.6,130,3.4,,,,,,"Full shade",,,,,,,,,"legacyData"
"69d3fcd2-2a71-44e9-839a-9ebb2386ed00","HARV_005.basePlot.vst","2014-02-12","vst_HARV_2014","D01","HARV","HARV_005",,"NEON.PLA.D01.HARV.01557",,"sapling","Live",1.2,10,2.6,,,,,,"Full shade",,,,,,,,,"legacyData"
"aaff564b-4db6-423a-ac7b-6a397d1d0323","HARV_005.basePlot.vst","2014-02-12","vst_HARV_2014","D01","HARV","HARV_005",,"NEON.PLA.D01.HARV.01516",,"single bole tree","Live",14.7,130,12.7,,,,4.9,3.8,"Mostly shaded",,,,,,"QC: NO ERROR JH",,,"legacyData"
"7da28eb0-6177-4fa9-aa73-7370223874af","HARV_005.basePlot.vst","2014-02-12","vst_HARV_2014","D01","HARV","HARV_005",,"NEON.PLA.D01.HARV.01271",,"small tree","Live",1.2,130,1.8,,,,,,"Full shade",,,,,,,,,"legacyData"
"c75eb1d5-3c50-4dc8-a446-225afa9c06ef","HARV_005.basePlot.vst","2014-02-12","vst_HARV_2014","D01","HARV","HARV_005",,"NEON.PLA.D01.HARV.01539",,"small tree","Live",1.1,130,1.4,,,,,,"Full shade",,,,,,,,,"legacyData"
"2ef15055-f420-429c-996f-4e472065b34e","HARV_005.basePlot.vst","2014-02-12","vst_HARV_2014","D01","HARV","HARV_005",,"NEON.PLA.D01.HARV.01563",,"single bole tree","Live",10.5,130,10.5,,,,5.4,2.8,"Mostly shaded",,,,,,,,,"legacyData"
"3eac5312-98c6-48fe-9f80-6001c550b4ae","HARV_005.basePlot.vst","2014-02-12","vst_HARV_2014","D01","HARV","HARV_005",,"NEON.PLA.D01.HARV.01510",,"single bole tree","Live",17.5,130,15.8,,,,5.0,4.3,"Partially shaded",,,,,,,,,"legacyData"
"d8d0129f-a5a8-468d-9b00-a49eda8b4143","HARV_005.basePlot.vst","2014-02-12","vst_HARV_2014","D01","HARV","HARV_005",,"NEON.PLA.D01.HARV.01502",,"single shrub","Live",3.2,10,3.6,,,,5.2,4.6,"Full shade","inverted cone",,,2.70,2.00,,,,"legacyData"
"0f13cf13-3b83-44c2-82a9-54773d795bb4","HARV_005.basePlot.vst","2014-02-12","vst_HARV_2014","D01","HARV","HARV_005",,"NEON.PLA.D01.HARV.01528",,"small tree","Live",1.7,100,2.0,,,,,,"Full shade",,,,,,,,,"legacyData"
"fd6595d2-d06d-490c-a7c7-b34a763250df","HARV_005.basePlot.vst","2014-02-12","vst_HARV_2014","D01","HARV","HARV_005",,"NEON.PLA.D01.HARV.01550",,"small tree","Live",7.1,130,12.4,,,,,,"Mostly shaded",,,,,,,,,"legacyData"
"d07599f4-d7ab-44c3-b30c-257f380cc992","HARV_005.basePlot.vst","2014-02-12","vst_HARV_2014","D01","HARV","HARV_005",,"NEON.PLA.D01.HARV.01594",,"single shrub","Live",4.1,130,4.0,,,,5.7,4.3,"Full shade","inverted cone",,,0.60,0.60,,,,"legacyData"
"b5724077-1ce8-4f2f-b76c-8dd0fc1d93f4","HARV_005.basePlot.vst","2014-02-12","vst_HARV_2014","D01","HARV","HARV_005",,"NEON.PLA.D01.HARV.01509",,"small tree","Live",9.9,130,5.2,,,,,,"Full shade",,,,,,,,,"legacyData"
"8ff2712f-4808-43f2-ad6f-8b9136612e08","HARV_005.basePlot.vst","2014-02-12","vst_HARV_2014","D01","HARV","HARV_005",,"NEON.PLA.D01.HARV.01262",,"single shrub","Live",2.8,130,3.9,,,,3.8,3.1,"Full shade","inverted cone",,,1.30,0.50,"QC: NO ERROR",,,"legacyData"
"1484e461-03b0-4bf3-a024-2fc90877e943","HARV_005.basePlot.vst","2014-02-12","vst_HARV_2014","D01","HARV","HARV_005",,"NEON.PLA.D01.HARV.01250",,"sapling","Live",1.0,10,1.4,,,,,,"Full shade",,,,,,,,,"legacyData"
"023a52b6-026f-4fd0-b12e-b641448e73f8","HARV_005.basePlot.vst","2014-02-12","vst_HARV_2014","D01","HARV","HARV_005",,"NEON.PLA.D01.HARV.01251",,"single bole tree","Live,  other damage",16.1,130,12.8,,,,9.1,4.3,"Mostly shaded",,,,,,"DATASHEET RECORDED 'DAMAGED' WITHOUT INDICATING TYPE OF DAMAGE",,,"legacyData"
"4e708d10-4349-48c6-b1dc-6077b027f999","HARV_005.basePlot.vst","2014-02-12","vst_HARV_2014","D01","HARV","HARV_005",,"NEON.PLA.D01.HARV.01596",,"small tree","Live",6.3,130,7.1,,,,,,"Full shade",,,,,,,,,"legacyData"
"b3377b1c-38c4-4574-8474-5ba0bcb8aaeb","HARV_005.basePlot.vst","2014-02-12","vst_HARV_2014","D01","HARV","HARV_005",,"NEON.PLA.D01.HARV.01245",,"sapling","Live",1.8,10,1.6,,,,,,"Full shade",,,,,,,,,"legacyData"
"9efa4c7a-a5ad-4b6c-a30b-1467e635b4ec","HARV_005.basePlot.vst","2014-02-12","vst_HARV_2014","D01","HARV","HARV_005",,"NEON.PLA.D01.HARV.01551",,"small tree","Live",1.3,130,2.6,,,,,,"Full shade",,,,,,,,,"legacyData"
"b1ae5c07-d16a-4d1c-ba3c-717c115bdaf0","HARV_005.basePlot.vst","2014-02-12","vst_HARV_2014","D01","HARV","HARV_005",,"NEON.PLA.D01.HARV.01248",,"small tree","Live",2.0,130,1.2,,,,,,"Full shade",,,,,,,,,"legacyData"
"f111b71a-a792-4578-a295-c77ebcd27c6a","HARV_005.basePlot.vst","2014-02-12","vst_HARV_2014","D01","HARV","HARV_005",,"NEON.PLA.D01.HARV.01529",,"small tree","Live",2.2,130,3.9,,,,,,"Full shade",,,,,,,,,"legacyData"
"8b0a3417-c25c-4f40-a809-7272d43da4f1","HARV_005.basePlot.vst","2014-02-12","vst_HARV_2014","D01","HARV","HARV_005",,"NEON.PLA.D01.HARV.01772",,"small tree","Live",1.6,100,1.3,,,,,,"Full shade",,,,,,,,,"legacyData"
"47b58e47-2ee9-466c-abb4-1b5a439610a0","HARV_005.basePlot.vst","2014-02-12","vst_HARV_2014","D01","HARV","HARV_005",,"NEON.PLA.D01.HARV.01276",,"small tree","Live",1.6,130,1.4,,,,,,"Full shade",,,,,,,,,"legacyData"
"36661c36-6027-4b92-97e1-b9867b2602c1","HARV_005.basePlot.vst","2014-02-12","vst_HARV_2014","D01","HARV","HARV_005",,"NEON.PLA.D01.HARV.01281",,"single shrub","Live",2.8,130,4.1,,,,3.6,2.0,"Full shade","inverted cone",,,0.80,0.70,"QC: NO ERROR",,,"legacyData"
"6f31cd89-c44d-47b4-a53a-f20b4fdfe083","HARV_005.basePlot.vst","2014-02-12","vst_HARV_2014","D01","HARV","HARV_005",,"NEON.PLA.D01.HARV.01592",,"small tree","Live",1.7,130,0.8,,,,,,"Full shade",,,,,,"SHRUB SHAPE UNKNOWN: 'PROSTRATE",,,"legacyData"
"309c0156-dfed-4ccf-a67a-2d6a5772d6ec","HARV_005.basePlot.vst","2014-02-12","vst_HARV_2014","D01","HARV","HARV_005",,"NEON.PLA.D01.HARV.01571",,"small tree","Live",2.2,130,3.7,,,,,,"Full shade",,,,,,,,,"legacyData"
"a959add5-333e-42fc-b523-d09e960e03f6","HARV_005.basePlot.vst","2014-02-12","vst_HARV_2014","D01","HARV","HARV_005",,"NEON.PLA.D01.HARV.01508",,"small tree","Live",6.5,130,5.5,,,,,,"Full shade",,,,,,,,,"legacyData"
"7c06bd85-c8d5-4053-a23f-0bcd73f787cf","HARV_005.basePlot.vst","2014-02-12","vst_HARV_2014","D01","HARV","HARV_005",,"NEON.PLA.D01.HARV.01520",,"small tree","Live,  other damage",8.0,130,11.7,,,,,,,,,,,,"DAMAGED NOT SPECIFIED; QC: NO ERROR JH",,,"legacyData"
"81ead044-faf8-489c-83c0-01d3a6c84557","HARV_005.basePlot.vst","2014-02-12","vst_HARV_2014","D01","HARV","HARV_005",,"NEON.PLA.D01.HARV.01255",,"sapling","Live",1.1,10,2.1,,,,,,"Full shade",,,,,,,,,"legacyData"
"96a0db7f-6ec6-4139-aac6-9911c246cbee","HARV_005.basePlot.vst","2014-02-12","vst_HARV_2014","D01","HARV","HARV_005",,"NEON.PLA.D01.HARV.01546",,"single bole tree","Live",16.3,130,14.0,,,,6.5,6.1,"Mostly shaded",,,,,,,,,"legacyData"
"261690e4-8f47-452c-82dc-ce5ae0abb530","HARV_005.basePlot.vst","2014-02-12","vst_HARV_2014","D01","HARV","HARV_005",,"NEON.PLA.D01.HARV.01536",,"small tree","Live",1.8,130,2.8,,,,,,"Full shade",,,,,,,,,"legacyData"
"606ed084-dc64-42be-a542-c5e804f27550","HARV_005.basePlot.vst","2014-02-12","vst_HARV_2014","D01","HARV","HARV_005",,"NEON.PLA.D01.HARV.01254",,"small shrub","Live",1.2,10,1.9,,,,1.4,0.6,"Full shade","oblate half-sphere",,,,,,,,"legacyData"
"bee9d39b-6ffc-468e-acf6-d39e9b6b7f96","HARV_005.basePlot.vst","2014-02-12","vst_HARV_2014","D01","HARV","HARV_005",,"NEON.PLA.D01.HARV.01583",,"small tree","Live",2.4,130,3.3,,,,,,"Full shade",,,,,,,,,"legacyData"
"8735b578-6bd8-4d0c-b13c-4988e9c40b58","HARV_005.basePlot.vst","2014-02-12","vst_HARV_2014","D01","HARV","HARV_005",,"NEON.PLA.D01.HARV.01568",,"single shrub","Live",5.6,10,3.8,,,,5.5,5.1,"Full shade","oblate half-sphere",,,,,,,,"legacyData"
"66305417-fcd0-4262-82f7-f5cb55577484","HARV_005.basePlot.vst","2014-02-12","vst_HARV_2014","D01","HARV","HARV_005",,"NEON.PLA.D01.HARV.01597",,"small tree","Live",6.1,130,7.9,,,,,,"Full shade",,,,,,,,,"legacyData"
"29f5578a-5558-42bd-b747-254e4e3aac9a","HARV_005.basePlot.vst","2014-02-12","vst_HARV_2014","D01","HARV","HARV_005",,"NEON.PLA.D01.HARV.01518",,"single shrub","Live",3.4,130,3.5,,,,4.0,2.4,"Full shade","inverted cone",,,2.70,2.50,,,,"legacyData"
"eb6d1e74-2db2-4206-b4a6-3d72ebf3ab83","HARV_005.basePlot.vst","2014-02-12","vst_HARV_2014","D01","HARV","HARV_005",,"NEON.PLA.D01.HARV.01524",,"small tree","Live",2.6,130,4.0,,,,,,"Full shade",,,,,,,,,"legacyData"
"f0ac10c0-1b51-431c-95e7-2bc7c0d98f19","HARV_005.basePlot.vst","2014-02-12","vst_HARV_2014","D01","HARV","HARV_005",,"NEON.PLA.D01.HARV.01574",,"sapling","Live",1.1,10,0.8,,,,,,"Full shade",,,,,,,,,"legacyData"
"1dbbc60b-02d8-4d7f-98c5-6771ed34cf84","HARV_005.basePlot.vst","2014-02-12","vst_HARV_2014","D01","HARV","HARV_005",,"NEON.PLA.D01.HARV.01595",,"small shrub","Live",1.2,10,1.1,,,,1.9,1.2,"Full shade","oblate half-sphere",,,,,,,,"legacyData"
"46f4d9eb-c58e-4be3-9bfc-e49b794d8370","HARV_005.basePlot.vst","2014-02-12","vst_HARV_2014","D01","HARV","HARV_005",,"NEON.PLA.D01.HARV.01588",,"small tree","Live",1.1,130,2.1,,,,,,"Full shade",,,,,,,,,"legacyData"
"ae4de39a-3339-4362-949d-617a817f6740","HARV_005.basePlot.vst","2014-02-12","vst_HARV_2014","D01","HARV","HARV_005",,"NEON.PLA.D01.HARV.01573",,"sapling","Live",1.9,10,1.7,,,,,,"Full shade",,,,,,,,,"legacyData"
"2853557c-6d1c-42ff-8d58-1cce20b51854","HARV_005.basePlot.vst","2014-02-12","vst_HARV_2014","D01","HARV","HARV_005",,"NEON.PLA.D01.HARV.01589",,"single shrub","Live",2.1,130,3.2,,,,3.0,2.6,"Full shade","inverted cone",,,2.10,0.80,,,,"legacyData"
"57f0d573-4c11-4451-bc22-f7b51b5b6fb2","HARV_005.basePlot.vst","2014-02-12","vst_HARV_2014","D01","HARV","HARV_005",,"NEON.PLA.D01.HARV.01564",,"single bole tree","Live",40.8,130,22.9,,,,12.9,8.7,"Partially shaded",,,,,,,,,"legacyData"
"dc571c17-a2f4-4a1c-b70f-9e231a856a50","HARV_005.basePlot.vst","2014-02-12","vst_HARV_2014","D01","HARV","HARV_005",,"NEON.PLA.D01.HARV.00768",,,"Standing dead",14.9,130,5.3,,,,,,"Full shade",,,,,,,,,"legacyData"
"7062fde3-95a8-4d6d-b0d6-3a6f6df075b6","HARV_005.basePlot.vst","2014-02-12","vst_HARV_2014","D01","HARV","HARV_005",,"NEON.PLA.D01.HARV.01566",,"small tree","Live",1.5,130,2.5,,,,,,"Full shade",,,,,,,,,"legacyData"
"370a5a33-d3ee-496a-91d9-6f4e607d8e0a","HARV_005.basePlot.vst","2014-02-12","vst_HARV_2014","D01","HARV","HARV_005",,"NEON.PLA.D01.HARV.01584",,"small tree","Live",1.8,130,3.2,,,,,,"Full shade",,,,,,,,,"legacyData"
"6d7196e0-af61-4c6e-9ea6-e45d955b72d6","HARV_005.basePlot.vst","2014-02-12","vst_HARV_2014","D01","HARV","HARV_005",,"NEON.PLA.D01.HARV.01548",,"small shrub","Live",1.2,10,1.5,,,,1.3,0.8,"Full shade","half-sphere",,,,,,,,"legacyData"
"176221a0-de0d-450b-8518-3d6a82a166b0","HARV_005.basePlot.vst","2014-02-12","vst_HARV_2014","D01","HARV","HARV_005",,"NEON.PLA.D01.HARV.01585",,"single bole tree","Live",13.5,130,12.6,,,,5.7,5.3,"Partially shaded",,,,,,,,,"legacyData"
"25a8c1aa-859f-43fe-a90e-a68c3caf0d66","HARV_005.basePlot.vst","2014-02-12","vst_HARV_2014","D01","HARV","HARV_005",,"NEON.PLA.D01.HARV.01266",,"sapling","Live",1.2,10,1.6,,,,,,"Full shade",,,,,,,,,"legacyData"
"8d579667-e63b-4af5-9fb4-67230a5ebed0","HARV_005.basePlot.vst","2014-02-12","vst_HARV_2014","D01","HARV","HARV_005",,"NEON.PLA.D01.HARV.01506",,"small tree","Live",3.0,130,5.0,,,,,,"Full shade",,,,,,,,,"legacyData"
"91549223-32ab-4676-bd30-2e6f80eb37c9","HARV_005.basePlot.vst","2014-02-12","vst_HARV_2014","D01","HARV","HARV_005",,"NEON.PLA.D01.HARV.01599",,"single shrub","Live",2.0,130,3.0,,,,3.9,2.4,"Full shade","oblate half-sphere",,,,,,,,"legacyData"
"0ab2d722-de59-460d-a314-722f559a18ad","HARV_005.basePlot.vst","2014-02-12","vst_HARV_2014","D01","HARV","HARV_005",,"NEON.PLA.D01.HARV.02429",,,"Live",13.7,130,14.1,,,,4.5,4.2,"Partially shaded",,,,,,,,,"legacyData"
"296075a2-bcbf-4b17-b5a6-3fe2031be531","HARV_005.basePlot.vst","2014-02-12","vst_HARV_2014","D01","HARV","HARV_005",,"NEON.PLA.D01.HARV.01272",,"small tree","Live",1.0,130,3.0,,,,3.1,3.0,"Full shade","inverted cone",,,2.10,1.10,,,,"legacyData"
"062f121c-58c9-4b48-bbd6-0f33b39626dc","HARV_005.basePlot.vst","2014-02-12","vst_HARV_2014","D01","HARV","HARV_005",,"NEON.PLA.D01.HARV.01501",,"single shrub","Live",2.8,130,4.8,,,,3.0,2.9,"Full shade","inverted cone",,,1.10,1.30,"LOWERED 90CANOPY BY .1 TO MAKE IT LESS THAN MAX",,,"legacyData"
"c8742078-55cb-4b81-a5c2-9306c255d4e9","HARV_005.basePlot.vst","2014-02-12","vst_HARV_2014","D01","HARV","HARV_005",,"NEON.PLA.D01.HARV.01525",,"single bole tree","Live",44.1,130,22.5,,,,11.9,9.4,"Full sun",,,,,,,,,"legacyData"
"fac8acba-385d-4894-bfb1-d8cf4142a84d","HARV_005.basePlot.vst","2014-02-12","vst_HARV_2014","D01","HARV","HARV_005",,"NEON.PLA.D01.HARV.01277",,"small tree","Live",3.5,130,3.9,,,,,,"Full shade",,,,,,,,,"legacyData"
"7b7eb1c0-5b33-42fb-8b6f-edaf43c1509a","HARV_005.basePlot.vst","2014-02-12","vst_HARV_2014","D01","HARV","HARV_005",,"NEON.PLA.D01.HARV.01246",,"sapling","Live",1.3,10,1.2,,,,,,"Full shade",,,,,,"QC: NO ERROR",,,"legacyData"
"f7ef8d9f-8af6-4f77-af61-86b321431cc3","HARV_005.basePlot.vst","2014-02-12","vst_HARV_2014","D01","HARV","HARV_005",,"NEON.PLA.D01.HARV.01541",,"sapling","Live",1.2,10,1.4,,,,,,"Full shade",,,,,,,,,"legacyData"
"64824470-08fb-4937-b481-44006dc00f0f","HARV_005.basePlot.vst","2014-02-12","vst_HARV_2014","D01","HARV","HARV_005",,"NEON.PLA.D01.HARV.01580",,"small tree","Live",1.5,130,2.3,,,,,,"Full shade",,,,,,,,,"legacyData"
"444ec646-75eb-42e8-a261-aeb58c565824","HARV_005.basePlot.vst","2014-02-12","vst_HARV_2014","D01","HARV","HARV_005",,"NEON.PLA.D01.HARV.01265",,"sapling","Live",1.8,10,2.1,,,,,,"Full shade",,,,,,,,,"legacyData"
"db77560b-4ffb-45e8-980d-8b3bcb8393d0","HARV_005.basePlot.vst","2014-02-12","vst_HARV_2014","D01","HARV","HARV_005",,"NEON.PLA.D01.HARV.01247",,"small tree","Live",6.8,130,3.7,,,,,,"Full shade",,,,,,,,,"legacyData"
"eddc5ac5-1d1e-4966-bc84-1ec5c673e77b","HARV_005.basePlot.vst","2014-02-12","vst_HARV_2014","D01","HARV","HARV_005",,"NEON.PLA.D01.HARV.01552",,"small tree","Live",8.5,130,4.2,,,,,,"Full shade",,,,,,,,,"legacyData"
"b984bbb4-4be4-465c-b9ea-b554e4a85baa","HARV_005.basePlot.vst","2014-02-12","vst_HARV_2014","D01","HARV","HARV_005",,"NEON.PLA.D01.HARV.01562",,"single bole tree","Live",13.5,130,16.2,,,,7.1,3.6,"Mostly shaded",,,,,,,,,"legacyData"
"77d345d2-d99d-4b70-9f4d-769e81743ab2","HARV_005.basePlot.vst","2014-02-12","vst_HARV_2014","D01","HARV","HARV_005",,"NEON.PLA.D01.HARV.01598",,"single shrub","Live",2.4,130,5.6,,,,4.9,2.4,"Full shade","inverted cone",,,1.00,0.90,,,,"legacyData"
"1c578e6e-1e3f-4fa0-bb43-84ce391e88d7","HARV_005.basePlot.vst","2014-02-12","vst_HARV_2014","D01","HARV","HARV_005",,"NEON.PLA.D01.HARV.01531",,"small tree","Live",1.4,130,1.8,,,,,,"Full shade",,,,,,,,,"legacyData"
"195846f9-22b2-4a67-913a-75e1589e4d6a","HARV_005.basePlot.vst","2014-02-12","vst_HARV_2014","D01","HARV","HARV_005",,"NEON.PLA.D01.HARV.01586",,"small tree","Live",3.7,130,7.2,,,,,,"Mostly shaded",,,,,,,,,"legacyData"
"14d5119d-753d-4a0f-b12a-86446e98f706","HARV_005.basePlot.vst","2014-02-12","vst_HARV_2014","D01","HARV","HARV_005",,"NEON.PLA.D01.HARV.01280",,"single bole tree","Live",19.0,130,13.4,,,,7.4,6.2,"Full shade",,,,,,,,,"legacyData"
"6f974db0-dbd5-4174-ba80-bd033dbbf8fd","HARV_005.basePlot.vst","2014-02-12","vst_HARV_2014","D01","HARV","HARV_005",,"NEON.PLA.D01.HARV.01270",,"single bole tree","Live",13.0,130,12.4,,,,6.7,6.0,"Full shade",,,,,,,,,"legacyData"
"31e5f008-4613-4003-b31b-fcfa682e9a8e","HARV_005.basePlot.vst","2014-02-12","vst_HARV_2014","D01","HARV","HARV_005",,"NEON.PLA.D01.HARV.01558",,"sapling","Live",1.1,10,1.9,,,,,,"Full shade",,,,,,,,,"legacyData"
"f9ecaca1-0a57-4e1d-9243-29dda2dacfdd","HARV_005.basePlot.vst","2014-02-12","vst_HARV_2014","D01","HARV","HARV_005",,"NEON.PLA.D01.HARV.01504",,"small tree","Live",8.2,130,8.5,,,,,,"Mostly shaded",,,,,,,,,"legacyData"
"9237b0e5-3233-4962-9005-d1a6e29f8990","HARV_005.basePlot.vst","2014-02-12","vst_HARV_2014","D01","HARV","HARV_005",,"NEON.PLA.D01.HARV.01269",,"sapling","Live",1.1,10,1.2,,,,,,"Full shade",,,,,,,,,"legacyData"
"c1990ffd-6f61-43b7-bdc7-9d70558ea7a9","HARV_005.basePlot.vst","2014-02-12","vst_HARV_2014","D01","HARV","HARV_005",,"NEON.PLA.D01.HARV.01775",,"single shrub","Live",1.0,130,1.6,,,,,,"Full shade","oblate half-sphere",,,,,,,,"legacyData"
"d5f28faa-b296-447d-a18a-4da6199c74d9","HARV_005.basePlot.vst","2014-02-12","vst_HARV_2014","D01","HARV","HARV_005",,"NEON.PLA.D01.HARV.01556",,"single bole tree","Live",17.4,130,10.9,,,,7.2,3.9,"Mostly shaded",,,,,,,,,"legacyData"
"28b1fb15-1bee-45c2-93f7-6be8747378c9","HARV_005.basePlot.vst","2014-02-12","vst_HARV_2014","D01","HARV","HARV_005",,"NEON.PLA.D01.HARV.01522",,"single bole tree","Live",16.8,130,15.4,,,,9.2,6.8,"Partially shaded",,,,,,,,,"legacyData"
"79ec7342-d8f8-40f7-947c-0b77d2a7a01e","HARV_005.basePlot.vst","2014-02-12","vst_HARV_2014","D01","HARV","HARV_005",,"NEON.PLA.D01.HARV.01282",,"sapling","Live",1.1,10,1.7,,,,,,"Full shade",,,,,,,,,"legacyData"
"3635967a-074c-4be0-914f-349e53468740","HARV_005.basePlot.vst","2014-02-12","vst_HARV_2014","D01","HARV","HARV_005",,"NEON.PLA.D01.HARV.01257",,"single bole tree","Live",10.9,130,11.7,,,,9.5,4.8,"Mostly shaded",,,,,,,,,"legacyData"
"13dcf51b-2136-48e1-a945-9693ddc844cd","HARV_005.basePlot.vst","2014-02-12","vst_HARV_2014","D01","HARV","HARV_005",,"NEON.PLA.D01.HARV.01514",,"single shrub","Live",2.3,130,4.7,,,,3.2,2.7,"Full shade","inverted cone",,,0.10,0.10,"90 BASE CANOPY IS 0.05 BUT WAS NOT ACCEPTED IN CHART",,,"legacyData"
"b62a88cf-f88a-4d98-b0b2-70971fab8e9c","HARV_005.basePlot.vst","2014-02-12","vst_HARV_2014","D01","HARV","HARV_005",,"NEON.PLA.D01.HARV.01267",,"single shrub","Live",1.8,130,2.8,,,,2.5,2.1,"Full shade","inverted cone",,,1.80,1.00,,,,"legacyData"
"a69293ed-e75d-407d-bdbc-f87a5d29ad13","HARV_005.basePlot.vst","2014-02-12","vst_HARV_2014","D01","HARV","HARV_005",,"NEON.PLA.D01.HARV.01503",,"small tree","Live",3.3,40,3.2,,,,,,"Full shade",,,,,,,,,"legacyData"
"30da2b4c-f95e-4de5-aa9b-90347fa00f9a","HARV_005.basePlot.vst","2014-02-12","vst_HARV_2014","D01","HARV","HARV_005",,"NEON.PLA.D01.HARV.01567",,"single bole tree","Live",9.0,130,14.5,,,,,,"Mostly shaded",,,,,,,,,"legacyData"
"3b9782ef-f699-471d-a1c2-4dd6fff8d3e4","HARV_005.basePlot.vst","2014-02-12","vst_HARV_2014","D01","HARV","HARV_005",,"NEON.PLA.D01.HARV.01561",,"single shrub","Live",5.2,10,5.9,,,,6.0,3.8,"Full shade","inverted cone",,,1.10,0.80,,,,"legacyData"
"8050d8a3-4b8c-4144-bad9-083a274f578c","HARV_005.basePlot.vst","2014-02-12","vst_HARV_2014","D01","HARV","HARV_005",,"NEON.PLA.D01.HARV.01565",,"single bole tree","Live",12.3,130,9.8,,,,4.1,3.7,"Mostly shaded",,,,,,"QC: NO ERROR JH",,,"legacyData"
"0c15a983-9739-470f-9e5e-dfc4621c93c9","HARV_005.basePlot.vst","2014-02-12","vst_HARV_2014","D01","HARV","HARV_005",,"NEON.PLA.D01.HARV.01532",,"single bole tree","Live",48.0,130,22.1,,,,14.1,12.0,"Partially shaded",,,,,,"QC: CHANGED CANOPYDIAMETER90 FROM 12.6 TO 12.0; HANDWRITING ISSUE",,,"legacyData"
"7ceeeec6-6437-4203-9333-ebfdb0006137","HARV_005.basePlot.vst","2014-02-12","vst_HARV_2014","D01","HARV","HARV_005",,"NEON.PLA.D01.HARV.01569",,"small tree","Live",1.1,130,2.3,,,,,,"Full shade",,,,,,,,,"legacyData"
"8dd6f405-e192-4b36-a8c4-912e0e29a6ed","HARV_005.basePlot.vst","2014-02-12","vst_HARV_2014","D01","HARV","HARV_005",,"NEON.PLA.D01.HARV.01553",,"small tree","Live",3.0,100,3.4,,,,,,,,,,,,,,,"legacyData"
"711d3750-6258-4c1a-9804-19268f987b75","HARV_005.basePlot.vst","2014-02-12","vst_HARV_2014","D01","HARV","HARV_005",,"NEON.PLA.D01.HARV.01545",,"single bole tree","Live",46.4,130,22.1,,,,12.9,10.3,"Full sun",,,,,,,,,"legacyData"
"ab7ea50c-b2b6-40e7-8f75-2346556402d7","HARV_005.basePlot.vst","2014-02-12","vst_HARV_2014","D01","HARV","HARV_005",,"NEON.PLA.D01.HARV.01530",,"small tree","Live",1.8,130,3.7,,,,,,"Full shade",,,,,,"QC: NO ERROR JH",,,"legacyData"
"23f27167-eeeb-40bd-9243-c17f20b3b0ad","HARV_005.basePlot.vst","2014-02-12","vst_HARV_2014","D01","HARV","HARV_005",,"NEON.PLA.D01.HARV.01511",,"single shrub","Live",2.7,130,3.4,,,,4.2,1.6,"Full shade","inverted cone",,,1.40,0.90,,,,"legacyData"
"e95591ef-660a-4f8a-942e-152e62e6fbfe","HARV_005.basePlot.vst","2014-02-12","vst_HARV_2014","D01","HARV","HARV_005",,"NEON.PLA.D01.HARV.01554",,"small tree","Live",2.7,110,2.8,,,,,,"Full shade",,,,,,,,,"legacyData"
"d236a0db-7520-4bcf-a944-3e0bfd998d3e","HARV_005.basePlot.vst","2014-02-12","vst_HARV_2014","D01","HARV","HARV_005",,"NEON.PLA.D01.HARV.01572",,"single shrub","Live",5.0,10,5.0,,,,4.1,4.0,"Full shade","inverted cone",,,1.30,1.10,,,,"legacyData"
"d658e003-3c98-428d-983d-436b231fe995","HARV_005.basePlot.vst","2014-02-12","vst_HARV_2014","D01","HARV","HARV_005",,"NEON.PLA.D01.HARV.01244",,"small tree","Live",2.6,130,3.5,,,,,,"Full shade",,,,,,"QC: NO ERROR JH",,,"legacyData"
"5137ec87-b66c-4278-9b73-aef497cbf57b","HARV_005.basePlot.vst","2014-02-12","vst_HARV_2014","D01","HARV","HARV_005",,"NEON.PLA.D01.HARV.01512",,"single shrub","Live",2.8,10,1.5,,,,,,"Full shade","cylinder",,,,,,,,"legacyData"
"ab512230-8e1e-452c-a1a5-f3b730fdc9a3","HARV_005.basePlot.vst","2014-02-12","vst_HARV_2014","D01","HARV","HARV_005",,"NEON.PLA.D01.HARV.01513",,"small tree","Live",1.0,30,2.7,,,,,,"Full shade",,,,,,"QC: CHANGED STEMDIAMETER FROM 1.6 TO 1.0; HANDWRITING ISSUE JH",,,"legacyData"
"03148b65-e0fc-42e8-8369-685bd8ebcc15","HARV_005.basePlot.vst","2014-02-12","vst_HARV_2014","D01","HARV","HARV_005",,"NEON.PLA.D01.HARV.01526",,"single shrub","Live",5.3,130,6.1,,,,7.2,5.6,"Full shade","inverted cone",,,3.00,0.90,,,,"legacyData"
"b11a2aba-f88c-4b79-88fd-eb4bde2406ee","HARV_005.basePlot.vst","2014-02-12","vst_HARV_2014","D01","HARV","HARV_005",,"NEON.PLA.D01.HARV.01268",,"small shrub","Live",1.3,10,1.6,,,,1.6,1.0,"Full shade","inverted cone",,,0.70,0.50,,,,"legacyData"
"6bf886f8-281c-427f-9873-cd67c870932d","HARV_005.basePlot.vst","2014-02-12","vst_HARV_2014","D01","HARV","HARV_005",,"NEON.PLA.D01.HARV.01259",,"single bole tree","Live",67.3,130,23.8,,,,18.9,18.1,"Full sun",,,,,,"QC: NO ERROR",,,"legacyData"
"b15852e4-6755-4b23-867d-6019c1bb7ab3","HARV_005.basePlot.vst","2014-02-12","vst_HARV_2014","D01","HARV","HARV_005",,"NEON.PLA.D01.HARV.01274",,"small tree","Live",1.4,130,2.1,,,,,,"Full shade",,,,,,,,,"legacyData"
"fa3d062e-8f3c-4371-b501-54f5478d1185","HARV_005.basePlot.vst","2014-02-12","vst_HARV_2014","D01","HARV","HARV_005",,"NEON.PLA.D01.HARV.01517",,"single bole tree","Standing dead",16.4,130,3.0,,,,,,"Full shade",,,,,,,,,"legacyData"
"68f10f1a-75b0-4243-b778-55fe9e05b8b9","HARV_005.basePlot.vst","2014-02-12","vst_HARV_2014","D01","HARV","HARV_005",,"NEON.PLA.D01.HARV.01533",,"single bole tree","Live",15.0,130,11.0,,,,5.1,4.6,"Mostly shaded",,,,,,,,,"legacyData"
"487e8410-efe3-4f40-a6b0-4e23b6f0ebfa","HARV_005.basePlot.vst","2014-02-12","vst_HARV_2014","D01","HARV","HARV_005",,"NEON.PLA.D01.HARV.01538",,"small tree","Live",3.4,130,3.0,,,,,,"Full shade",,,,,,,,,"legacyData"
"2ec74424-e45e-4207-908b-8c3defadf9f3","HARV_005.basePlot.vst","2014-02-12","vst_HARV_2014","D01","HARV","HARV_005",,"NEON.PLA.D01.HARV.01578",,"small tree","Live",1.3,130,2.4,,,,,,"Full shade",,,,,,,,,"legacyData"
"def87ab0-6075-4c89-aa7a-d528552efd70","HARV_005.basePlot.vst","2014-02-12","vst_HARV_2014","D01","HARV","HARV_005",,"NEON.PLA.D01.HARV.01527",,"small tree","Live",7.7,130,6.5,,,,,,"Full shade",,,,,,"QC: NO ERROR JH",,,"legacyData"
"a51f2a93-9a85-4e29-aa90-c5f72f34cba7","HARV_005.basePlot.vst","2014-02-12","vst_HARV_2014","D01","HARV","HARV_005",,"NEON.PLA.D01.HARV.01600",,"small tree","Live",1.8,130,2.2,,,,,,"Full shade",,,,,,,,,"legacyData"
"4e7cb637-7ed2-42bc-9282-35bd5fa2188f","HARV_005.basePlot.vst","2014-02-12","vst_HARV_2014","D01","HARV","HARV_005",,"NEON.PLA.D01.HARV.01256",,"sapling","Live",1.5,10,1.6,,,,,,"Full shade",,,,,,,,,"legacyData"
"0bd456e6-f012-499f-9102-95a1390ef037","HARV_005.basePlot.vst","2014-02-12","vst_HARV_2014","D01","HARV","HARV_005",,"NEON.PLA.D01.HARV.01535",,"single shrub","Live",2.6,130,4.0,,,,2.9,2.6,"Full shade","inverted cone",,,0.60,0.20,"QC: NO ERROR JH",,,"legacyData"
"f733d938-c984-4db1-84e3-bca9701cc8e9","HARV_005.basePlot.vst","2014-02-12","vst_HARV_2014","D01","HARV","HARV_005",,"NEON.PLA.D01.HARV.01523",,"small tree","Live",1.4,130,2.6,,,,,,"Full shade",,,,,,,,,"legacyData"
"8c73483d-5a3e-4e87-ba1c-c70eef860d94","HARV_005.basePlot.vst","2014-02-12","vst_HARV_2014","D01","HARV","HARV_005",,"NEON.PLA.D01.HARV.01260",,"single shrub","Live",1.9,130,3.1,,,,2.6,2.0,"Full shade","inverted cone",,,1.40,1.00,,,,"legacyData"
"c7ad5a1f-9444-4da9-9509-d311a84aa24f","HARV_005.basePlot.vst","2014-02-12","vst_HARV_2014","D01","HARV","HARV_005",,"NEON.PLA.D01.HARV.01544",,"small tree","Live",1.0,130,2.5,,,,,,"Full shade",,,,,,"QC: NO ERROR JH",,,"legacyData"
"c247edf0-923d-4765-a477-ee5f38940eb2","HARV_005.basePlot.vst","2014-02-12","vst_HARV_2014","D01","HARV","HARV_005",,"NEON.PLA.D01.HARV.01560",,"single shrub","Live",1.5,130,3.0,,,,2.4,1.6,"Full shade","inverted cone",,,1.90,0.70,,,,"legacyData"
"7c825594-7012-46c6-b0cd-6cb085b4f0fb","HARV_005.basePlot.vst","2014-02-12","vst_HARV_2014","D01","HARV","HARV_005",,"NEON.PLA.D01.HARV.01575",,"sapling","Live",1.6,10,2.0,,,,,,"Full shade",,,,,,,,,"legacyData"
"9734249c-e83e-42cd-99e2-269bd8e0d2fd","HARV_005.basePlot.vst","2014-02-12","vst_HARV_2014","D01","HARV","HARV_005",,"NEON.PLA.D01.HARV.01547",,"single bole tree","Live",12.0,130,10.0,,,,4.2,3.7,"Mostly shaded",,,,,,,,,"legacyData"
"eefffe4e-e90f-455f-b014-50479e28165f","HARV_005.basePlot.vst","2014-02-12","vst_HARV_2014","D01","HARV","HARV_005",,"NEON.PLA.D01.HARV.01273",,"small tree","Live",1.0,130,2.2,,,,,,"Full shade","cylinder",,,,,,,,"legacyData"
"0c8415b3-9c2c-48db-89af-76cc2a27e29d","HARV_005.basePlot.vst","2014-02-12","vst_HARV_2014","D01","HARV","HARV_005",,"NEON.PLA.D01.HARV.01261",,"small tree","Live",1.5,10,2.2,,,,,,"Full shade",,,,,,,,,"legacyData"
"1d4ea645-b3b6-4d35-9f79-12f519237e78","HARV_005.basePlot.vst","2014-02-12","vst_HARV_2014","D01","HARV","HARV_005",,"NEON.PLA.D01.HARV.01591",,"small tree","Live",2.4,130,3.8,,,,,,"Full shade",,,,,,,,,"legacyData"
"b1a23c3d-cd25-450a-8a3a-e2abf0455703","HARV_005.basePlot.vst","2014-02-12","vst_HARV_2014","D01","HARV","HARV_005",,"NEON.PLA.D01.HARV.01258",,"single bole tree","Live",11.8,130,13.5,,,,9.6,7.1,"Mostly shaded",,,,,,,,,"legacyData"
"0866f124-3750-4068-9d2c-3bf92fb882a8","HARV_005.basePlot.vst","2014-02-12","vst_HARV_2014","D01","HARV","HARV_005",,"NEON.PLA.D01.HARV.01559",,"single bole tree","Live",19.9,130,20.4,,,,5.2,3.4,"Partially shaded",,,,,,,,,"legacyData"
"30ec6a93-1e13-41dd-a384-7f1202b62ba4","HARV_005.basePlot.vst","2014-02-12","vst_HARV_2014","D01","HARV","HARV_005",,"NEON.PLA.D01.HARV.01521",,"single shrub","Live",1.8,130,3.7,,,,2.9,2.4,"Full shade","inverted cone",,,1.00,0.50,,,,"legacyData"
