uid,namedLocation,domainID,siteID,plotID,plotType,nlcdClass,decimalLatitude,decimalLongitude,geodeticDatum,coordinateUncertainty,elevation,elevationUncertainty,collectDate,eventID,sampleID,sampleCode,samplingMethod,totalSampledArea,targetTaxaPresent,adultCount,nymphCount,larvaCount,sampleCondition,samplingProtocolVersion,measuredBy,remarks
"f87b26e8-8c84-4c4a-9c7a-53fa573260db","ORNL_002.tickPlot.tck","D07","ORNL","ORNL_002","distributed","deciduousForest",35.983090,-84.211654,"WGS84",20.3,338.6,0.5,"2018-03-26T13:07Z","ORNL.2018.13",,,"drag and flag",162,"N",0,0,0,,"NEON.DOC.014045vJ","o8zDrSGfNRHXTwkNXPAdRAjPrJVp6LTtS+vSpO9tqxI=",
"baa79e46-f26b-4af2-aead-d4d78948e467","ORNL_009.tickPlot.tck","D07","ORNL","ORNL_009","distributed","deciduousForest",35.974902,-84.226630,"WGS84",20.2,337.1,0.2,"2018-03-26T14:15Z","ORNL.2018.13","ORNL_009.20180326","B00000025093","drag and flag",167,"Y",0,1,0,"No known compromise","NEON.DOC.014045vJ","bj8+IJTPpK9B+X2rN/KZV03LBpX6wb7cr0Ettjp1m08=","NW corner stake was lying on the ground so we used our compass and the remaining stakes to give our best estimate. The next crew will need to place it in the correct spot. The NE stake is completely missing."
"4c1a42a5-f495-4181-a1b0-e971124cc332","ORNL_003.tickPlot.tck","D07","ORNL","ORNL_003","distributed","deciduousForest",35.967011,-84.229849,"WGS84",20.2,275.5,0.2,"2018-03-26T15:21Z","ORNL.2018.13","ORNL_003.20180326","B00000025096","drag and flag",165,"Y",0,1,0,"No known compromise","NEON.DOC.014045vJ","ugONmYoFbVmwW0yA7fJ8Gslb7Tvq/R6s3aoJ6OC9WhA=",
"3ef07d21-fa04-4dcf-aa36-6015350d42d6","ORNL_007.tickPlot.tck","D07","ORNL","ORNL_007","distributed","deciduousForest",35.925843,-84.328420,"WGS84",20.2,279.4,0.5,"2018-03-26T16:59Z","ORNL.2018.13","ORNL_007.20180326","B00000025095","drag and flag",162,"Y",0,1,0,"No known compromise","NEON.DOC.014045vJ","o8zDrSGfNRHXTwkNXPAdRAjPrJVp6LTtS+vSpO9tqxI=",
"8e99fd70-0c7d-4c87-8bf9-822eb2a5a268","ORNL_008.tickPlot.tck","D07","ORNL","ORNL_008","distributed","deciduousForest",35.933531,-84.334016,"WGS84",20.3,322.7,0.3,"2018-03-26T18:03Z","ORNL.2018.13",,,"drag and flag",162,"N",0,0,0,,"NEON.DOC.014045vJ","bj8+IJTPpK9B+X2rN/KZV03LBpX6wb7cr0Ettjp1m08=","NE corner missing"
"00cdc17c-0112-4f11-b4f9-5ea2539f95c4","ORNL_040.tickPlot.tck","D07","ORNL","ORNL_040","distributed","evergreenForest",35.975525,-84.305103,"WGS84",20.2,273.2,0.2,"2018-03-26T19:05Z","ORNL.2018.13",,,"drag and flag",162,"N",0,0,0,,"NEON.DOC.014045vJ","ugONmYoFbVmwW0yA7fJ8Gslb7Tvq/R6s3aoJ6OC9WhA=",
