uid,namedLocation,plotID,collectDate,identifiedDate,sampleID,subsampleID,scientificName,acceptedTaxonID,taxonRank,family,subfamily,tribe,subtribe,genus,subgenus,specificEpithet,infraspecificEpithet,identificationQualifier,identificationReferences,identificationProtocolVersion,scientificNameAuthorship,sexOrAge,individualCount,sampleCondition,archiveMedium,archiveFacilityID,deprecatedVialID,identifiedBy,laboratoryName,remarks
"98e881b7-ba38-452b-90f5-d4f740412afd","CLBJ_040.tickPlot.tck","CLBJ_040","2017-06-06T14:51Z","2018-01-19T17:00Z","CLBJ_040.20170606","CLBJ_040.20170606.DERVAR.F","Dermacentor variabilis","DERVAR","species","Ixodidae",,,,"Dermacentor",,"variabilis",,,"Yunker, C. E., Keirans, J. E., Clifford, C. M., and E. R. Easton. 1986. Dermacentor ticks (Acari: Ixodoidea: Ixodidae) of the New World: a scanning electron microscope atlas. Proceedings of the Entomological Society of Washington, 88(4):609-627.","GSU_tickIdentification_SOP_2016-11-01.pdf","Say","Female",1,"OK","90% ethanol","USNMENT01358813","CLBJ_040.20170606.DERVAR.F","Lorenza Beati","Georgia Southern University","TO PAULA"
"4fe73f1c-38e7-4c65-b58d-2ef1bc8f376a","CLBJ_043.tickPlot.tck","CLBJ_043","2017-06-06T17:03Z","2018-01-19T17:00Z","CLBJ_043.20170606","CLBJ_043.20170606.AMBMAC.M","Amblyomma maculatum","AMBMAC","species","Ixodidae",,,,"Amblyomma",,"maculatum",,,"Cooley, R. A. and G. M. Kohls. 1944. The genus Amblyomma (ixodidae) in the United States. The Journal of Parasitology, 30(2):77-111.","GSU_tickIdentification_SOP_2016-11-01.pdf","Koch","Male",1,"OK","90% ethanol","USNMENT01358816","CLBJ_043.20170606.AMBMAC.M","Lorenza Beati","Georgia Southern University",
"95df1224-790a-41f2-bd3d-df3dd52ca2ad","CLBJ_032.tickPlot.tck","CLBJ_032","2017-06-27T15:47Z","2018-01-19T17:00Z","CLBJ_032.20170627","CLBJ_032.20170627.AMBMAC.M","Amblyomma maculatum","AMBMAC","species","Ixodidae",,,,"Amblyomma",,"maculatum",,,"Cooley, R. A. and G. M. Kohls. 1944. The genus Amblyomma (ixodidae) in the United States. The Journal of Parasitology, 30(2):77-111.","GSU_tickIdentification_SOP_2016-11-01.pdf","Koch","Male",1,"OK","90% ethanol","USNMENT01358818","CLBJ_032.20170627.AMBMAC.M","Lorenza Beati","Georgia Southern University",
"19519261-05c3-4889-8aa7-e96930fd8165","CLBJ_033.tickPlot.tck","CLBJ_033","2017-06-27T17:50Z","2018-01-19T17:00Z","CLBJ_033.20170627","CLBJ_033.20170627.DERVAR.F","Dermacentor variabilis","DERVAR","species","Ixodidae",,,,"Dermacentor",,"variabilis",,,"Yunker, C. E., Keirans, J. E., Clifford, C. M., and E. R. Easton. 1986. Dermacentor ticks (Acari: Ixodoidea: Ixodidae) of the New World: a scanning electron microscope atlas. Proceedings of the Entomological Society of Washington, 88(4):609-627.","GSU_tickIdentification_SOP_2016-11-01.pdf","Say","Female",1,"OK","90% ethanol","USNMENT01358814","CLBJ_033.20170627.DERVAR.F","Lorenza Beati","Georgia Southern University","TO PAULA"
"5f817738-c04f-441d-9803-e8edf7241e41","CLBJ_033.tickPlot.tck","CLBJ_033","2017-06-27T17:50Z","2018-01-19T17:00Z","CLBJ_033.20170627","CLBJ_033.20170627.DERVAR.M","Dermacentor variabilis","DERVAR","species","Ixodidae",,,,"Dermacentor",,"variabilis",,,"Yunker, C. E., Keirans, J. E., Clifford, C. M., and E. R. Easton. 1986. Dermacentor ticks (Acari: Ixodoidea: Ixodidae) of the New World: a scanning electron microscope atlas. Proceedings of the Entomological Society of Washington, 88(4):609-627.","GSU_tickIdentification_SOP_2016-11-01.pdf","Say","Male",3,"OK","90% ethanol","USNMENT01358815","CLBJ_033.20170627.DERVAR.M","Lorenza Beati","Georgia Southern University","TO PAULA"
