uid,namedLocation,domainID,siteID,plotID,plotType,nlcdClass,decimalLatitude,decimalLongitude,geodeticDatum,coordinateUncertainty,elevation,elevationUncertainty,collectDate,eventID,sampleID,sampleCode,samplingMethod,totalSampledArea,targetTaxaPresent,adultCount,nymphCount,larvaCount,sampleCondition,samplingProtocolVersion,measuredBy,remarks
"6e59ffab-5ba6-43a6-94e0-00df42d52ef5","CLBJ_034.tickPlot.tck","D11","CLBJ","CLBJ_034","distributed","grasslandHerbaceous",33.320090,-97.578537,"WGS84",20.0,325.2,0.0,"2017-06-06T14:34Z","CLBJ.2017.24",,,"drag and flag",165,"N",0,0,0,,"NEON.DOC.014045vH","gH0cOT0J1yKQOU3jhp+Z8qncpD0sNfngI+0WipSvhmk=","Deviated outside the plot approximately 5 meters"
"507637c4-2c1d-4392-a584-2a9e03f8c5ef","CLBJ_040.tickPlot.tck","D11","CLBJ","CLBJ_040","distributed","deciduousForest",33.377571,-97.647238,"WGS84",20.1,328.9,0.1,"2017-06-06T14:51Z","CLBJ.2017.24","CLBJ_040.20170606",,"drag and flag",175,"Y",1,0,0,"No known compromise","NEON.DOC.014045vH","EAA7v+wQgjZOygosNkUyc6C7X/H/iRg1pBHCfwQLnSU=","SE to SW line heavily blocked. 15m deviated."
"b2d5990f-2cba-4d5d-8016-26deaf8fab2f","CLBJ_036.tickPlot.tck","D11","CLBJ","CLBJ_036","distributed","grasslandHerbaceous",33.396494,-97.580919,"WGS84",20.1,289.5,0.1,"2017-06-06T15:33Z","CLBJ.2017.24",,,"drag",160,"N",0,0,0,,"NEON.DOC.014045vH","0hPws5+7FNFaRmC5nUtwM1CwflkTqNgwIX17qIc8BSQ=",
"97458ce7-a10b-45f4-952a-377abd9fb898","CLBJ_033.tickPlot.tck","D11","CLBJ","CLBJ_033","distributed","deciduousForest",33.382288,-97.619783,"WGS84",20.1,305.5,0.1,"2017-06-06T16:20Z","CLBJ.2017.24",,,"drag and flag",170,"N",0,0,0,,"NEON.DOC.014045vH","EAA7v+wQgjZOygosNkUyc6C7X/H/iRg1pBHCfwQLnSU=","Deviated 10 m around heavily dense trees."
"69dcbc19-bb1b-4b33-ae15-b75a50d52ad0","CLBJ_032.tickPlot.tck","D11","CLBJ","CLBJ_032","distributed","grasslandHerbaceous",33.405176,-97.595129,"WGS84",20.1,294.7,0.1,"2017-06-06T16:28Z","CLBJ.2017.24",,,"drag",160,"N",0,0,0,,"NEON.DOC.014045vH","0hPws5+7FNFaRmC5nUtwM1CwflkTqNgwIX17qIc8BSQ=",
"988fa5d7-8fc8-4eca-8a09-b5d9f381fd06","CLBJ_043.tickPlot.tck","D11","CLBJ","CLBJ_043","distributed","deciduousForest",33.410406,-97.593713,"WGS84",20.1,285.9,0.1,"2017-06-06T17:03Z","CLBJ.2017.24","CLBJ_043.20170606",,"drag and flag",172,"Y",1,0,0,"No known compromise","NEON.DOC.014045vH","xP4KKGihqFI0UU/zU9+Tjib2xvnmUUFCVPHurDTMPoA=","Deviated due to trees"
"6e018f27-d99b-4746-add2-67ce17b9a498","CLBJ_034.tickPlot.tck","D11","CLBJ","CLBJ_034","distributed","grasslandHerbaceous",33.320090,-97.578537,"WGS84",20.0,325.2,0.0,"2017-06-27T13:53Z","CLBJ.2017.27",,,"drag and flag",146,"N",0,0,0,,"NEON.DOC.014045vH","/VkA3yjugMF8nnUbC6d+dh/hTYhVmzgYtPB78jE5mRs=","Deviated 1 meter due to still water and deviated around 13 m around trees"
"806d76eb-42c8-4555-9f73-47d815bddfa9","CLBJ_036.tickPlot.tck","D11","CLBJ","CLBJ_036","distributed","grasslandHerbaceous",33.396494,-97.580919,"WGS84",20.1,289.5,0.1,"2017-06-27T14:52Z","CLBJ.2017.27",,,"drag",160,"N",0,0,0,,"NEON.DOC.014045vH","/VkA3yjugMF8nnUbC6d+dh/hTYhVmzgYtPB78jE5mRs=",
"4b8c70a4-0c3d-4c3f-b81a-31cbf69d1fcb","CLBJ_032.tickPlot.tck","D11","CLBJ","CLBJ_032","distributed","grasslandHerbaceous",33.405176,-97.595129,"WGS84",20.1,294.7,0.1,"2017-06-27T15:47Z","CLBJ.2017.27","CLBJ_032.20170627",,"drag and flag",160,"Y",1,0,0,"No known compromise","NEON.DOC.014045vH","/VkA3yjugMF8nnUbC6d+dh/hTYhVmzgYtPB78jE5mRs=",
"654f116f-647d-497e-88a4-a1a6e322d380","CLBJ_043.tickPlot.tck","D11","CLBJ","CLBJ_043","distributed","deciduousForest",33.410406,-97.593713,"WGS84",20.1,285.9,0.1,"2017-06-27T16:33Z","CLBJ.2017.27",,,"drag and flag",144,"N",0,0,0,,"NEON.DOC.014045vH","/VkA3yjugMF8nnUbC6d+dh/hTYhVmzgYtPB78jE5mRs=",
"430acdbb-ea36-4bdd-a3d3-34bd6b9ddbb6","CLBJ_033.tickPlot.tck","D11","CLBJ","CLBJ_033","distributed","deciduousForest",33.382288,-97.619783,"WGS84",20.1,305.5,0.1,"2017-06-27T17:50Z","CLBJ.2017.27","CLBJ_033.20170627",,"drag and flag",104,"Y",4,0,0,"No known compromise","NEON.DOC.014045vH","/VkA3yjugMF8nnUbC6d+dh/hTYhVmzgYtPB78jE5mRs=","Deviated around heavily dense trees"
"80539bff-abbf-48d4-9ef5-817cbb8f5ca4","CLBJ_040.tickPlot.tck","D11","CLBJ","CLBJ_040","distributed","deciduousForest",33.377571,-97.647238,"WGS84",20.1,328.9,0.1,"2017-06-27T18:52Z","CLBJ.2017.27",,,"drag and flag",102,"N",0,0,0,,"NEON.DOC.014045vH","/VkA3yjugMF8nnUbC6d+dh/hTYhVmzgYtPB78jE5mRs=","Deviated around heavily dense vegitation"
