uid,namedLocation,domainID,siteID,plotID,plotType,nlcdClass,decimalLatitude,decimalLongitude,geodeticDatum,coordinateUncertainty,elevation,elevationUncertainty,collectDate,eventID,sampleID,sampleCode,samplingMethod,totalSampledArea,targetTaxaPresent,adultCount,nymphCount,larvaCount,sampleCondition,samplingProtocolVersion,measuredBy,remarks
"6fb0f674-7dfa-4947-90fe-680e8dcf3329","DELA_014.tickPlot.tck","D08","DELA","DELA_014","distributed","evergreenForest",32.530627,-87.819367,"WGS84",20.2,33.0,0.2,"2018-09-12T17:25Z","DELA.2018.37",,,"drag",160,"N",0,0,0,,"NEON.DOC.014045vJ","G+icSEozoRIO8dFY3CkYHkZbh2f4W2fHB+1iI/Y2HzQ=",
"097c16eb-f2f9-46d3-b3e3-7f8319c5fbd0","DELA_001.tickPlot.tck","D08","DELA","DELA_001","distributed","woodyWetlands",32.533269,-87.805425,"WGS84",20.2,27.5,0.3,"2018-09-12T18:20Z","DELA.2018.37",,,"drag",140,"N",0,0,0,,"NEON.DOC.014045vJ","G+icSEozoRIO8dFY3CkYHkZbh2f4W2fHB+1iI/Y2HzQ=","Part of plot under water"
"c22bd673-060d-414f-b400-21c9503ec179","DELA_008.tickPlot.tck","D08","DELA","DELA_008","distributed","woodyWetlands",32.538884,-87.814145,"WGS84",20.1,24.5,0.2,"2018-09-12T18:55Z","DELA.2018.37",,,"drag and flag",160,"N",0,0,0,,"NEON.DOC.014045vJ","G+icSEozoRIO8dFY3CkYHkZbh2f4W2fHB+1iI/Y2HzQ=",
"f24567a0-ca55-43a3-b2aa-f4dc187daa96","DELA_004.tickPlot.tck","D08","DELA","DELA_004","distributed","woodyWetlands",32.531063,-87.813123,"WGS84",20.2,24.4,0.4,"2018-09-12T19:44Z","DELA.2018.37",,,"drag",160,"N",0,0,0,,"NEON.DOC.014045vJ","G+icSEozoRIO8dFY3CkYHkZbh2f4W2fHB+1iI/Y2HzQ=",
"ae50ea2d-788f-4b33-82c1-c96fb12f5386","DELA_005.tickPlot.tck","D08","DELA","DELA_005","distributed","woodyWetlands",32.524379,-87.813851,"WGS84",20.1,27.0,0.3,"2018-09-13T15:20Z","DELA.2018.37","DELA_005.20180913","A00000013934","drag",160,"Y",0,2,0,"No known compromise","NEON.DOC.014045vJ","tZXjR/3x7TOk9BDyEWab6q4jll3I6RWtXApcX4/hobo=",
"fa167998-c083-4c1e-8e46-7aba86abd4d3","DELA_011.tickPlot.tck","D08","DELA","DELA_011","distributed","woodyWetlands",32.519049,-87.817597,"WGS84",20.2,28.6,0.2,"2018-09-13T16:17Z","DELA.2018.37",,,"drag",160,"N",0,0,0,,"NEON.DOC.014045vJ","0CMTNH3k2YXA39yBCO4z+sSEXId+n9/KQg77YfTK99M=",
