uid,namedLocation,domainID,siteID,plotID,plotType,nlcdClass,decimalLatitude,decimalLongitude,geodeticDatum,coordinateUncertainty,elevation,elevationUncertainty,collectDate,eventID,sampleID,sampleCode,samplingMethod,totalSampledArea,targetTaxaPresent,adultCount,nymphCount,larvaCount,sampleCondition,samplingProtocolVersion,measuredBy,remarks
"307afb66-072b-4a86-9c76-bdae4adf39a1","JERC_002.tickPlot.tck","D03","JERC","JERC_002","distributed","evergreenForest",31.194065,-84.461537,"WGS84",20.3,56.0,0.5,"2016-06-08T13:25Z","JERC.2016.23",,,"drag",160,"N",0,0,0,"No known compromise","NEON.DOC.014045vG","Rxv8FKFfd/ciZf8CWk7KdeVazLIhBZVm",
"f27cb7a3-e060-4923-9c22-0b59e2d12920","JERC_044.tickPlot.tck","D03","JERC","JERC_044","distributed","mixedForest",31.195549,-84.482479,"WGS84",20.1,42.5,0.1,"2016-06-08T14:49Z","JERC.2016.23",,,"drag and flag",172,"N",0,0,0,"No known compromise","NEON.DOC.014045vG","Rxv8FKFfd/ciZf8CWk7KdeVazLIhBZVm",
"1c973bfe-7ef1-474f-a62d-50740ccfd1f2","JERC_034.tickPlot.tck","D03","JERC","JERC_034","distributed","deciduousForest",31.198824,-84.491213,"WGS84",20.1,44.9,0.2,"2016-06-08T15:20Z","JERC.2016.23",,,"drag and flag",160,"N",0,0,0,"No known compromise","NEON.DOC.014045vG","Rxv8FKFfd/ciZf8CWk7KdeVazLIhBZVm",
"3a18b3bd-5f43-4317-93fb-305bec590087","JERC_010.tickPlot.tck","D03","JERC","JERC_010","distributed","deciduousForest",31.209219,-84.470530,"WGS84",20.2,40.5,0.5,"2016-06-08T16:00Z","JERC.2016.23",,,"drag and flag",160,"N",0,0,0,"No known compromise","NEON.DOC.014045vG","PbNu4t/t/O1BAZriMiaA3VbsZD9KatgX",
"6b8d1021-dabf-4f22-b32d-901f3708aaa3","JERC_004.tickPlot.tck","D03","JERC","JERC_004","distributed","cultivatedCrops",31.190115,-84.467381,"WGS84",20.1,43.6,0.2,"2016-06-08T16:25Z","JERC.2016.23",,,"drag",161,"N",0,0,0,"No known compromise","NEON.DOC.014045vG","PbNu4t/t/O1BAZriMiaA3VbsZD9KatgX",
"c8c0382d-8647-4009-9486-6eaf2ea52338","JERC_011.tickPlot.tck","D03","JERC","JERC_011","distributed","evergreenForest",31.184787,-84.466700,"WGS84",20.1,40.0,0.1,"2016-06-08T17:05Z","JERC.2016.23",,,"drag and flag",160,"N",0,0,0,"No known compromise","NEON.DOC.014045vG","PbNu4t/t/O1BAZriMiaA3VbsZD9KatgX",
"89aea33f-6975-4ca4-a757-0f479676fb90","JERC_004.tickPlot.tck","D03","JERC","JERC_004","distributed","cultivatedCrops",31.190115,-84.467381,"WGS84",20.1,43.6,0.2,"2016-06-29T14:28Z","JERC.2016.26",,,"drag",165,"N",0,0,0,"No known compromise","NEON.DOC.014045vG","q+sogNxuTpaaq3nt4H3feKdAxSnPr68l",
"6dbdd1e3-6399-46bc-a254-010d8a8b0980","JERC_011.tickPlot.tck","D03","JERC","JERC_011","distributed","evergreenForest",31.184787,-84.466700,"WGS84",20.1,40.0,0.1,"2016-06-29T15:28Z","JERC.2016.26",,,"drag and flag",160,"N",0,0,0,"No known compromise","NEON.DOC.014045vG","q+sogNxuTpaaq3nt4H3feKdAxSnPr68l",
"1f1250b4-85ef-4083-9dac-2f323daebae5","JERC_002.tickPlot.tck","D03","JERC","JERC_002","distributed","evergreenForest",31.194065,-84.461537,"WGS84",20.3,56.0,0.5,"2016-06-29T15:53Z","JERC.2016.26",,,"drag and flag",158,"N",0,0,0,"No known compromise","NEON.DOC.014045vG","q+sogNxuTpaaq3nt4H3feKdAxSnPr68l",
"9dac756f-8dc2-49a7-9411-c2074ba380a0","JERC_010.tickPlot.tck","D03","JERC","JERC_010","distributed","deciduousForest",31.209219,-84.470530,"WGS84",20.2,40.5,0.5,"2016-06-29T17:14Z","JERC.2016.26",,,"drag",160,"N",0,0,0,"No known compromise","NEON.DOC.014045vG","q+sogNxuTpaaq3nt4H3feKdAxSnPr68l",
"07ffc6b8-39a1-4440-83af-59dd6af367d0","JERC_044.tickPlot.tck","D03","JERC","JERC_044","distributed","mixedForest",31.195549,-84.482479,"WGS84",20.1,42.5,0.1,"2016-06-29T17:47Z","JERC.2016.26",,,"drag and flag",120,"N",0,0,0,"No known compromise","NEON.DOC.014045vG","q+sogNxuTpaaq3nt4H3feKdAxSnPr68l","Deviated dense patches of blackberries"
"2093df45-3b62-407b-85ef-014cb210bdd2","JERC_034.tickPlot.tck","D03","JERC","JERC_034","distributed","deciduousForest",31.198824,-84.491213,"WGS84",20.1,44.9,0.2,"2016-06-29T18:20Z","JERC.2016.26",,,"drag and flag",164,"N",0,0,0,"No known compromise","NEON.DOC.014045vG","q+sogNxuTpaaq3nt4H3feKdAxSnPr68l",
