uid,namedLocation,domainID,siteID,plotID,plotType,nlcdClass,decimalLatitude,decimalLongitude,geodeticDatum,coordinateUncertainty,elevation,elevationUncertainty,collectDate,eventID,sampleID,sampleCode,samplingMethod,totalSampledArea,targetTaxaPresent,adultCount,nymphCount,larvaCount,sampleCondition,samplingProtocolVersion,measuredBy,remarks
"7ea5b22e-fa30-4fd2-8816-ad65c027b752","HARV_022.tickPlot.tck","D01","HARV","HARV_022","distributed","evergreenForest",42.435462,-72.199291,"WGS84",20.3,186.3,0.3,"2015-08-04T14:18Z","HARV.2015.31","HARV_022.20150804",,"drag",165,"Y",0,2,,"No known compromise","NEON.DOC.014045vF","1Yxih5JHJuLa7KiYilXQYzpGAN6mpFOi",
"5b0a430b-1361-4831-a668-018cdcc1e00f","HARV_006.tickPlot.tck","D01","HARV","HARV_006","distributed","deciduousForest",42.401938,-72.252716,"WGS84",20.2,190.4,0.3,"2015-08-04T16:32Z","HARV.2015.31","HARV_006.20150804",,"drag",163,"Y",0,0,11,"No known compromise","NEON.DOC.014045vF","zODC+zTh3jdHKFo7lDoQcuNYRkWsGu3I","no data transcription errors found"
"ba0c61bf-cf97-4b87-b2b6-af3294466a20","HARV_001.tickPlot.tck","D01","HARV","HARV_001","distributed","deciduousForest",42.424227,-72.260097,"WGS84",20.2,201.1,0.3,"2015-08-05T14:08Z","HARV.2015.31",,,"drag",160,"N",0,0,,,"NEON.DOC.014045vF","xLZ+YqMrzOOIoCWuzuptWcn+zeO8dPFj",
"bb762a0c-6cc4-47aa-9864-001cbeeaeb5c","HARV_026.tickPlot.tck","D01","HARV","HARV_026","distributed","evergreenForest",42.412068,-72.246529,"WGS84",20.2,185.7,0.3,"2015-08-05T16:00Z","HARV.2015.31","HARV_026.20150805",,"drag and flag",168,"Y",0,0,64,"No known compromise","NEON.DOC.014045vF","Py+ZzXoQAhNiZLMUhePVy0KW1AyjvubF",
"4748adfc-2ea6-4f12-9e05-c47fe43d516d","HARV_004.tickPlot.tck","D01","HARV","HARV_004","distributed","mixedForest",42.426878,-72.227943,"WGS84",20.3,185.9,0.3,"2015-08-06T13:37Z","HARV.2015.31","HARV_004.20150806",,"drag",165,"Y",0,6,13,"No known compromise","NEON.DOC.014045vF","xLZ+YqMrzOOIoCWuzuptWcn+zeO8dPFj","sampling delayed 2 days due to inability to access plot (downed trees in road); no data transcription errors found"
"b7c76b19-12a7-4cab-b4b2-6bb3abed3275","HARV_020.tickPlot.tck","D01","HARV","HARV_020","distributed","woodyWetlands",42.438157,-72.228923,"WGS84",20.2,228.3,0.3,"2015-08-06T14:57Z","HARV.2015.31","HARV_020.20150806",,"drag and flag",164,"Y",0,3,,"No known compromise","NEON.DOC.014045vF","xLZ+YqMrzOOIoCWuzuptWcn+zeO8dPFj","sampling delayed 2 days due to inability to access plot (downed trees in road)"
"910bb6ce-5be2-4970-802c-c5389db20b69","HARV_006.tickPlot.tck","D01","HARV","HARV_006","distributed","deciduousForest",42.401938,-72.252716,"WGS84",20.2,190.4,0.3,"2015-08-26T14:41Z","HARV.2015.34",,,"drag and flag",160,"N",0,0,0,,"NEON.DOC.014045vF","6HzkzFDdLaNgPi31AaqxNPsuI5nRHqWu",
"fe829680-fc59-42bd-bd99-44cccfe38eac","HARV_022.tickPlot.tck","D01","HARV","HARV_022","distributed","evergreenForest",42.435462,-72.199291,"WGS84",20.3,186.3,0.3,"2015-08-26T15:46Z","HARV.2015.34","HARV_022.20150826",,"drag and flag",165,"Y",0,1,21,"No known compromise","NEON.DOC.014045vF","6HzkzFDdLaNgPi31AaqxNPsuI5nRHqWu","no transcription errors found LL 20150924"
"98f8d98c-13d7-413c-be61-5a03de41d5b0","HARV_004.tickPlot.tck","D01","HARV","HARV_004","distributed","mixedForest",42.426878,-72.227943,"WGS84",20.3,185.9,0.3,"2015-08-26T17:02Z","HARV.2015.34","HARV_004.20150826",,"drag",160,"Y",0,4,19,"No known compromise","NEON.DOC.014045vF","afMynumrDJcbQNK5ece65stvlBUGBI24",
"35d781fb-60a7-4ac9-bf32-0af3bb0bc00c","HARV_020.tickPlot.tck","D01","HARV","HARV_020","distributed","woodyWetlands",42.438157,-72.228923,"WGS84",20.2,228.3,0.3,"2015-08-26T18:05Z","HARV.2015.34","HARV_020.20150826",,"drag and flag",165,"Y",0,0,10,"No known compromise","NEON.DOC.014045vF","6HzkzFDdLaNgPi31AaqxNPsuI5nRHqWu",
"f67e5747-e6bd-4d3c-8f30-ead2770ea357","HARV_001.tickPlot.tck","D01","HARV","HARV_001","distributed","deciduousForest",42.424227,-72.260097,"WGS84",20.2,201.1,0.3,"2015-08-26T19:09Z","HARV.2015.34","HARV_001.20150826",,"drag and flag",175,"Y",0,0,16,"No known compromise","NEON.DOC.014045vF","afMynumrDJcbQNK5ece65stvlBUGBI24",
"8b5855df-8d1b-46fc-a969-114485e9904a","HARV_026.tickPlot.tck","D01","HARV","HARV_026","distributed","evergreenForest",42.412068,-72.246529,"WGS84",20.2,185.7,0.3,"2015-08-26T20:15Z","HARV.2015.34","HARV_026.20150826",,"drag and flag",160,"Y",0,0,145,"No known compromise","NEON.DOC.014045vF","afMynumrDJcbQNK5ece65stvlBUGBI24","no transcription errors found LL 20150924"
