uid,namedLocation,plotID,collectDate,identifiedDate,sampleID,subsampleID,scientificName,acceptedTaxonID,taxonRank,family,subfamily,tribe,subtribe,genus,subgenus,specificEpithet,infraspecificEpithet,identificationQualifier,identificationReferences,identificationProtocolVersion,scientificNameAuthorship,sexOrAge,individualCount,sampleCondition,archiveMedium,archiveFacilityID,deprecatedVialID,identifiedBy,laboratoryName,remarks
"709293a2-59ee-4e29-92ec-4a6bd846fa18","HARV_022.tickPlot.tck","HARV_022","2015-08-04T14:18Z","2016-06-23T12:00Z","HARV_022.20150804","HARV_022.20150804.IXOSCA.N","Ixodes scapularis","IXOSCA","species","Ixodidae",,,,"Ixodes",,"scapularis",,,"Keirans, J. E., and C. M. Clifford. 1978. The genus Ixodes in the United States: a scanning electron microscope study and key to the adults. Journal of Medical Entomology, 15(Supplement 2):1-38.","GSU_tickIdentification_SOP_2016-11-01.pdf","Say","Nymph",2,"OK","95% ethanol","125869",,"L. Beati","Georgia Southern University",
"c4dc6190-c7ee-48af-99a4-079e9eb4708a","HARV_006.tickPlot.tck","HARV_006","2015-08-04T16:32Z","2016-06-30T16:00Z","HARV_006.20150804","HARV_006.20150804.IXOSP.L","Ixodidae sp.","IXOSP","family","Ixodidae",,,,,,"sp.",,,,"GSU_tickIdentification_SOP_2016-11-01.pdf",,"Larva",1,"OK","90% ethanol","125867",,"C. Norton","Georgia Southern University",
"0a91b645-2ffd-439a-b42b-aad6e5816486","HARV_026.tickPlot.tck","HARV_026","2015-08-05T16:00Z","2016-06-30T16:00Z","HARV_026.20150805","HARV_026.20150805.IXOSP.L","Ixodidae sp.","IXOSP","family","Ixodidae",,,,,,"sp.",,,,"GSU_tickIdentification_SOP_2016-11-01.pdf",,"Larva",1,"OK","90% ethanol","125870",,"C. Norton","Georgia Southern University",
"9b686d0f-f984-42d0-af2c-4589c84263b6","HARV_004.tickPlot.tck","HARV_004","2015-08-06T13:37Z","2016-06-23T12:00Z","HARV_004.20150806","HARV_004.20150806.IXOSCA.N","Ixodes scapularis","IXOSCA","species","Ixodidae",,,,"Ixodes",,"scapularis",,,"Keirans, J. E., and C. M. Clifford. 1978. The genus Ixodes in the United States: a scanning electron microscope study and key to the adults. Journal of Medical Entomology, 15(Supplement 2):1-38.","GSU_tickIdentification_SOP_2016-11-01.pdf","Say","Nymph",6,"OK","95% ethanol","125865",,"L. Beati","Georgia Southern University",
"d602208a-71d1-44b2-8b9e-8868477a61c0","HARV_004.tickPlot.tck","HARV_004","2015-08-06T13:37Z","2016-06-30T16:00Z","HARV_004.20150806","HARV_004.20150806.IXOSP.L","Ixodidae sp.","IXOSP","family","Ixodidae",,,,,,"sp.",,,,"GSU_tickIdentification_SOP_2016-11-01.pdf",,"Larva",1,"OK","90% ethanol","125866",,"C. Norton","Georgia Southern University",
"92f8eedb-b1ae-43f0-bcb3-e27be002658b","HARV_020.tickPlot.tck","HARV_020","2015-08-06T14:57Z","2016-06-23T12:00Z","HARV_020.20150806","HARV_020.20150806.IXOSCA.N","Ixodes scapularis","IXOSCA","species","Ixodidae",,,,"Ixodes",,"scapularis",,,"Keirans, J. E., and C. M. Clifford. 1978. The genus Ixodes in the United States: a scanning electron microscope study and key to the adults. Journal of Medical Entomology, 15(Supplement 2):1-38.","GSU_tickIdentification_SOP_2016-11-01.pdf","Say","Nymph",3,"OK","95% ethanol","125868",,"L. Beati","Georgia Southern University",
"516710cc-2bbf-45dd-9ecc-c767c6b35d49","HARV_022.tickPlot.tck","HARV_022","2015-08-26T15:46Z","2016-06-23T16:00Z","HARV_022.20150826","HARV_022.20150826.IXOSCA.N","Ixodes scapularis","IXOSCA","species","Ixodidae",,,,"Ixodes",,"scapularis",,,"Keirans, J. E., and C. M. Clifford. 1978. The genus Ixodes in the United States: a scanning electron microscope study and key to the adults. Journal of Medical Entomology, 15(Supplement 2):1-38.","GSU_tickIdentification_SOP_2016-11-01.pdf","Say","Nymph",1,"OK","90% ethanol","125876",,"L. Beati","Georgia Southern University",
"b5cf189b-2f08-486a-a022-856748ef554a","HARV_022.tickPlot.tck","HARV_022","2015-08-26T15:46Z","2016-06-30T16:00Z","HARV_022.20150826","HARV_022.20150826.IXOSP.L","Ixodidae sp.","IXOSP","family","Ixodidae",,,,,,"sp.",,,,"GSU_tickIdentification_SOP_2016-11-01.pdf",,"Larva",1,"OK","90% ethanol","125875",,"C. Norton","Georgia Southern University",
"5feff609-a2cb-4a18-b7fa-ca955f72af3a","HARV_004.tickPlot.tck","HARV_004","2015-08-26T17:02Z","2016-06-30T16:00Z","HARV_004.20150826","HARV_004.20150826.IXOSP.L","Ixodidae sp.","IXOSP","family","Ixodidae",,,,,,"sp.",,,,"GSU_tickIdentification_SOP_2016-11-01.pdf",,"Larva",1,"OK","90% ethanol","125872",,"C. Norton","Georgia Southern University",
"fcf508bc-eefb-48d5-bef9-52452022aa96","HARV_004.tickPlot.tck","HARV_004","2015-08-26T17:02Z","2016-06-23T12:00Z","HARV_004.20150826","HARV_004.20150826.IXOSCA.N","Ixodes scapularis","IXOSCA","species","Ixodidae",,,,"Ixodes",,"scapularis",,,"Keirans, J. E., and C. M. Clifford. 1978. The genus Ixodes in the United States: a scanning electron microscope study and key to the adults. Journal of Medical Entomology, 15(Supplement 2):1-38.","GSU_tickIdentification_SOP_2016-11-01.pdf","Say","Nymph",4,"OK","95% ethanol","125873",,"L. Beati","Georgia Southern University",
"e8c1eea0-3fe4-4f2a-9b29-a76048c1fc86","HARV_020.tickPlot.tck","HARV_020","2015-08-26T18:05Z","2016-06-30T16:00Z","HARV_020.20150826","HARV_020.20150826.IXOSP.L","Ixodidae sp.","IXOSP","family","Ixodidae",,,,,,"sp.",,,,"GSU_tickIdentification_SOP_2016-11-01.pdf",,"Larva",1,"OK","90% ethanol","125874",,"C. Norton","Georgia Southern University",
"1dc9d239-f5c4-4b54-962c-5e795094d1d0","HARV_001.tickPlot.tck","HARV_001","2015-08-26T19:09Z","2016-06-30T16:00Z","HARV_001.20150826","HARV_001.20150826.IXOSP.L","Ixodidae sp.","IXOSP","family","Ixodidae",,,,,,"sp.",,,,"GSU_tickIdentification_SOP_2016-11-01.pdf",,"Larva",1,"OK","90% ethanol","125871",,"C. Norton","Georgia Southern University",
"6dddf21f-ca32-4d4a-9f4e-f8562721eb13","HARV_026.tickPlot.tck","HARV_026","2015-08-26T20:15Z","2016-06-30T16:00Z","HARV_026.20150826","HARV_026.20150826.IXOSP.L","Ixodidae sp.","IXOSP","family","Ixodidae",,,,,,"sp.",,,,"GSU_tickIdentification_SOP_2016-11-01.pdf",,"Larva",1,"OK","90% ethanol","125877",,"C. Norton","Georgia Southern University",
