uid,namedLocation,domainID,siteID,plotID,plotType,nlcdClass,decimalLatitude,decimalLongitude,geodeticDatum,coordinateUncertainty,elevation,elevationUncertainty,collectDate,eventID,sampleID,sampleCode,samplingMethod,totalSampledArea,targetTaxaPresent,adultCount,nymphCount,larvaCount,sampleCondition,samplingProtocolVersion,measuredBy,remarks
"df4bae47-b990-4487-bc24-42e7826dd026","WOOD_009.tickPlot.tck","D09","WOOD","WOOD_009","distributed","grasslandHerbaceous",47.144534,-99.231072,"WGS84",20.1,573.5,0.2,"2015-08-09T19:15Z","WOOD.2015.31",,,"drag",160,"N",0,0,,,"NEON.DOC.014045vF","8yAqXs8NroBzXWOPhtsdubyIWh5dmMYy",
"5d717b02-61dc-4cad-9424-6f151b4f9b47","WOOD_002.tickPlot.tck","D09","WOOD","WOOD_002","distributed","grasslandHerbaceous",47.136802,-99.234546,"WGS84",20.1,578.3,0.1,"2015-08-09T19:48Z","WOOD.2015.31",,,"drag",160,"N",0,0,,,"NEON.DOC.014045vF","8yAqXs8NroBzXWOPhtsdubyIWh5dmMYy",
"0aefef95-3b16-4ebc-8d12-13244834b525","WOOD_006.tickPlot.tck","D09","WOOD","WOOD_006","distributed","grasslandHerbaceous",47.141023,-99.248055,"WGS84",20.1,587.2,0.1,"2015-08-09T20:20Z","WOOD.2015.31",,,"drag and flag",160,"N",0,0,,,"NEON.DOC.014045vF","8yAqXs8NroBzXWOPhtsdubyIWh5dmMYy",
"0ae7e033-2ff7-4adc-a5c0-b18de6c21863","WOOD_007.tickPlot.tck","D09","WOOD","WOOD_007","distributed","grasslandHerbaceous",47.133887,-99.251357,"WGS84",20.4,593.6,0.3,"2015-08-09T20:52Z","WOOD.2015.31","WOOD_007.20150809",,"drag and flag",160,"Y",1,0,,"No known compromise","NEON.DOC.014045vF","8yAqXs8NroBzXWOPhtsdubyIWh5dmMYy",
"bf6a399f-215d-40a9-ba6e-5b6c0414e3b0","WOOD_001.tickPlot.tck","D09","WOOD","WOOD_001","distributed","grasslandHerbaceous",47.127200,-99.256464,"WGS84",20.1,593.8,0.2,"2015-08-09T21:29Z","WOOD.2015.31",,,"drag",160,"N",0,0,,,"NEON.DOC.014045vF","GOvgZIvQ0qQHj/ySC0OOMgunX2ZttPpr",
"36a9b982-0fee-4297-9c7b-2cbb1278e4ac","WOOD_024.tickPlot.tck","D09","WOOD","WOOD_024","distributed","emergentHerbaceousWetlands",47.150784,-99.260836,"WGS84",20.1,586.1,0.2,"2015-08-09T22:29Z","WOOD.2015.31",,,"flag",145,"N",0,0,,,"NEON.DOC.014045vF","GOvgZIvQ0qQHj/ySC0OOMgunX2ZttPpr","cattails very tall and thick, difficult to navigate"
