uid,namedLocation,domainID,siteID,plotID,plotType,nlcdClass,decimalLatitude,decimalLongitude,geodeticDatum,coordinateUncertainty,elevation,elevationUncertainty,collectDate,eventID,sampleID,sampleCode,samplingMethod,totalSampledArea,targetTaxaPresent,adultCount,nymphCount,larvaCount,sampleCondition,samplingProtocolVersion,measuredBy,remarks
"6bffd120-3d92-4938-9a4f-18bc5ff77510","SERC_006.tickPlot.tck","D02","SERC","SERC_006","distributed","deciduousForest",38.880025,-76.548376,"WGS84",20.2,2.6,0.3,"2018-09-05T17:07Z","SERC.2018.36","SERC_006.20180905","A00000001417","drag",160,"Y",0,1,7,"No known compromise","NEON.DOC.014045vJ","cJDN8FQ+G8BHe8OkvD5PMz1h/kcM7qXCzeFqTpXsSj4=",
"2ee6d780-dd24-4606-a4cf-81dcf0f97a76","SERC_005.tickPlot.tck","D02","SERC","SERC_005","distributed","deciduousForest",38.894060,-76.546307,"WGS84",20.3,8.5,0.5,"2018-09-05T18:30Z","SERC.2018.36","SERC_005.20180905","A00000002178","drag",151,"Y",0,0,160,"No known compromise","NEON.DOC.014045vJ","cJDN8FQ+G8BHe8OkvD5PMz1h/kcM7qXCzeFqTpXsSj4=",
"f99871de-9de2-4132-b415-37283de6d686","SERC_002.tickPlot.tck","D02","SERC","SERC_002","distributed","deciduousForest",38.896262,-76.558166,"WGS84",20.2,17.0,0.3,"2018-09-05T19:51Z","SERC.2018.36","SERC_002.20180905","A00000035616","drag and flag",156,"Y",0,14,378,"No known compromise","NEON.DOC.014045vJ","cJDN8FQ+G8BHe8OkvD5PMz1h/kcM7qXCzeFqTpXsSj4=",
"d10cd527-f078-474f-bed5-de27265521ca","SERC_012.tickPlot.tck","D02","SERC","SERC_012","distributed","deciduousForest",38.880010,-76.561648,"WGS84",20.2,20.1,0.2,"2018-09-05T21:11Z","SERC.2018.36","SERC_012.20180905","A00000003280","drag",160,"Y",0,0,204,"No known compromise","NEON.DOC.014045vJ","cJDN8FQ+G8BHe8OkvD5PMz1h/kcM7qXCzeFqTpXsSj4=",
"450de5aa-b08a-4496-b4db-d8d4ff028086","SERC_001.tickPlot.tck","D02","SERC","SERC_001","distributed","deciduousForest",38.868186,-76.535306,"WGS84",20.2,2.1,0.2,"2018-09-05T22:12Z","SERC.2018.36","SERC_001.20180905","A00000001416","drag",160,"Y",0,5,32,"No known compromise","NEON.DOC.014045vJ","cJDN8FQ+G8BHe8OkvD5PMz1h/kcM7qXCzeFqTpXsSj4=",
"faea8a0a-30a7-45d5-a0af-267ce9cf383a","SERC_023.tickPlot.tck","D02","SERC","SERC_023","distributed","cultivatedCrops",38.873978,-76.535925,"WGS84",20.1,6.7,0.1,"2018-09-05T23:00Z","SERC.2018.36",,,"drag",160,"N",0,0,0,,"NEON.DOC.014045vJ","lOFT5Ztrvajei8vzaZBDqVDde62x2EGi",
"05093480-3593-4e95-b3eb-6c94eba0b30a","SERC_002.tickPlot.tck","D02","SERC","SERC_002","distributed","deciduousForest",38.896262,-76.558166,"WGS84",20.2,17.0,0.3,"2018-09-20T16:30Z","SERC.2018.38","SERC_002.20180920","A00000035277","drag and flag",95,"Y",0,9,45,"No known compromise","NEON.DOC.014045vJ","hEi02w1UuphkAeG8zIXrQDys8MgKlmeYk4EDJa1SRoY=",
"1003ebff-73fe-4de5-aa29-a5f5b997065c","SERC_006.tickPlot.tck","D02","SERC","SERC_006","distributed","deciduousForest",38.880025,-76.548376,"WGS84",20.2,2.6,0.3,"2018-09-20T17:49Z","SERC.2018.38","SERC_006.20180920","A00000002179","drag",160,"Y",0,1,2,"No known compromise","NEON.DOC.014045vJ","hEi02w1UuphkAeG8zIXrQDys8MgKlmeYk4EDJa1SRoY=",
"fe59019f-3e60-4630-bca6-98ae13df8bbc","SERC_023.tickPlot.tck","D02","SERC","SERC_023","distributed","cultivatedCrops",38.873978,-76.535925,"WGS84",20.1,6.7,0.1,"2018-09-21T12:34Z","SERC.2018.38",,,"drag",160,"N",0,0,0,,"NEON.DOC.014045vJ","hEi02w1UuphkAeG8zIXrQDys8MgKlmeYk4EDJa1SRoY=",
"bb509a53-55b2-471f-862c-f34479e7ab8a","SERC_005.tickPlot.tck","D02","SERC","SERC_005","distributed","deciduousForest",38.894060,-76.546307,"WGS84",20.3,8.5,0.5,"2018-09-21T13:05Z","SERC.2018.38",,,"drag and flag",145,"N",0,0,0,"No known compromise","NEON.DOC.014045vJ","hEi02w1UuphkAeG8zIXrQDys8MgKlmeYk4EDJa1SRoY=",
"cbbae0b4-70a6-4798-8c2c-f56aad7730c2","SERC_012.tickPlot.tck","D02","SERC","SERC_012","distributed","deciduousForest",38.880010,-76.561648,"WGS84",20.2,20.1,0.2,"2018-09-21T13:50Z","SERC.2018.38","SERC_012.20180921","A00000001419","drag",160,"Y",0,1,0,"No known compromise","NEON.DOC.014045vJ","gUkNgXXWwVfyyvmNuuhPHfl+ngDS46AHNocWtty9mqU=",
