uid,namedLocation,date,domainID,siteID,plotID,plotType,nlcdClass,decimalLatitude,decimalLongitude,geodeticDatum,coordinateUncertainty,easting,northing,utmZone,elevation,elevationUncertainty,eventID,samplingProtocolVersion,treesPresent,treesAbsentList,shrubsPresent,shrubsAbsentList,lianasPresent,lianasAbsentList,nestedSubplotAreaShrubSapling,nestedSubplotAreaLiana,totalSampledAreaTrees,totalSampledAreaShrubSapling,totalSampledAreaLiana,remarks,measuredBy,recordedBy,dataQF
"710af684-3894-45a8-ae28-1354feae1a51","STEI_009.basePlot.vst","2016-10-03","D05","STEI","STEI_009","distributed","deciduousForest",45.822040,-90.089055,"WGS84",20.2,260044.86,5078916.52,"16N",506.0,0.3,"vst_STEI_2016","NEON.DOC.000987vE","Y","presentInAll","Y","presentInAll","N",,"10","noneSelected",400,80,400,"Ferns not measured 2016","UuiIeI4+6a4w2V3xx4xXIBtOUNDpdb+M","B/1XguR/VImkpiciTImn0yyrFfzGHeqw",
"e37102f7-1976-464a-ac39-02f7e4a416d4","STEI_005.basePlot.vst","2016-10-03","D05","STEI","STEI_005","distributed","deciduousForest",45.826444,-90.086211,"WGS84",20.2,260284.69,5079397.25,"16N",500.0,0.4,"vst_STEI_2016","NEON.DOC.000987vE","Y","presentInAll","Y","presentInAll","N",,"10","noneSelected",400,80,400,"Ferns not measured 2016","UuiIeI4+6a4w2V3xx4xXIBtOUNDpdb+M","n3FTqtv1XKCIEKvil+MbndY+c5Uay6s5",
"46718ea2-838b-4b2a-951b-5724abd81f14","STEI_007.basePlot.vst","2016-10-04","D05","STEI","STEI_007","distributed","deciduousForest",45.793823,-90.053930,"WGS84",20.2,262653.34,5075676.65,"16N",517.4,0.3,"vst_STEI_2016","NEON.DOC.000987vE","Y","presentInAll","Y","presentInAll","N",,"noneSelected","noneSelected",400,400,400,"Ferns not measured 2016","UuiIeI4+6a4w2V3xx4xXIBtOUNDpdb+M","B/1XguR/VImkpiciTImn0yyrFfzGHeqw",
"f895383c-a153-49d2-9316-31f321e67875","STEI_003.basePlot.vst","2016-10-04","D05","STEI","STEI_003","distributed","deciduousForest",45.824937,-90.072611,"WGS84",20.2,261334.57,5079189.07,"16N",503.3,0.3,"vst_STEI_2016","NEON.DOC.000987vE","Y",,"Y",,"N",,"10","noneSelected",400,80,400,"Ferns not measured 2016","UuiIeI4+6a4w2V3xx4xXIBtOUNDpdb+M","B/1XguR/VImkpiciTImn0yyrFfzGHeqw",
"349c69e3-7895-4fdd-abf4-cd41e833fd73","STEI_012.basePlot.vst","2016-10-04","D05","STEI","STEI_012","distributed","deciduousForest",45.785871,-90.048075,"WGS84",20.2,263074.65,5074775.80,"16N",524.9,0.6,"vst_STEI_2016","NEON.DOC.000987vE","Y","presentInAll","Y","presentInAll","N",,"25","noneSelected",400,200,400,"Ferns not measured 2016","UuiIeI4+6a4w2V3xx4xXIBtOUNDpdb+M","n3FTqtv1XKCIEKvil+MbndY+c5Uay6s5",
"d6fbc450-b03e-4a0a-a070-54fde366fbd2","STEI_019.basePlot.vst","2016-10-04","D05","STEI","STEI_019","distributed","mixedForest",45.829717,-90.074788,"WGS84",20.2,261185.94,5079726.63,"16N",491.7,0.4,"vst_STEI_2016","NEON.DOC.000987vE","Y","presentInAll","Y","presentInAll","N",,"10","noneSelected",400,80,400,"Ferns not measured 2016","UuiIeI4+6a4w2V3xx4xXIBtOUNDpdb+M","n3FTqtv1XKCIEKvil+MbndY+c5Uay6s5",
"6b4e8b60-539d-44dd-bd72-d17f83457585","STEI_017.basePlot.vst","2016-10-04","D05","STEI","STEI_017","distributed","deciduousForest",45.822230,-90.073206,"WGS84",20.2,261276.77,5078890.10,"16N",512.1,0.3,"vst_STEI_2016","NEON.DOC.000987vE","Y","presentInAll","Y","presentInAll","N",,"10","noneSelected",400,80,400,"Ferns not measured 2016","UuiIeI4+6a4w2V3xx4xXIBtOUNDpdb+M","n3FTqtv1XKCIEKvil+MbndY+c5Uay6s5",
"b484103d-fe61-4afa-97a5-e18551591eae","STEI_002.basePlot.vst","2016-10-05","D05","STEI","STEI_002","distributed","deciduousForest",45.797373,-90.092311,"WGS84",20.3,259685.78,5076185.84,"16N",522.3,0.4,"vst_STEI_2016","NEON.DOC.000987vE","Y","presentInAll","Y","presentInAll","N",,"25","noneSelected",400,200,400,"Ferns not measured 2016","UuiIeI4+6a4w2V3xx4xXIBtOUNDpdb+M","n3FTqtv1XKCIEKvil+MbndY+c5Uay6s5",
"b708bef4-7ec3-4ce9-b368-70939a535c7f","STEI_015.basePlot.vst","2016-10-05","D05","STEI","STEI_015","distributed","deciduousForest",45.810955,-90.099612,"WGS84",20.2,259177.00,5077716.78,"16N",511.7,0.3,"vst_STEI_2016","NEON.DOC.000987vE","Y","presentInAll","Y","presentInAll","N",,"10","noneSelected",400,80,400,"Ferns not measured 2016","UuiIeI4+6a4w2V3xx4xXIBtOUNDpdb+M","n3FTqtv1XKCIEKvil+MbndY+c5Uay6s5",
"4fcba8c1-3ed7-4ceb-a5ce-ec28b22881c7","STEI_008.basePlot.vst","2016-10-05","D05","STEI","STEI_008","distributed","mixedForest",45.802507,-90.062110,"WGS84",20.2,262054.62,5076665.77,"16N",499.7,0.5,"vst_STEI_2016","NEON.DOC.000987vE","Y","presentInAll","Y","presentInAll","N",,"10","noneSelected",400,80,400,"Ferns not measured 2016","UuiIeI4+6a4w2V3xx4xXIBtOUNDpdb+M","B/1XguR/VImkpiciTImn0yyrFfzGHeqw",
"a2637f35-fabd-499e-b49b-5f029520326f","STEI_011.basePlot.vst","2016-10-05","D05","STEI","STEI_011","distributed","deciduousForest",45.804881,-90.074570,"WGS84",20.2,261096.58,5076966.73,"16N",523.3,0.4,"vst_STEI_2016","NEON.DOC.000987vE","Y","presentInAll","Y","presentInAll","N",,"10","noneSelected",400,80,400,"Ferns not measured 2016","UuiIeI4+6a4w2V3xx4xXIBtOUNDpdb+M","B/1XguR/VImkpiciTImn0yyrFfzGHeqw",
"eb269e6c-538f-4cda-84df-a73e39dba694","STEI_010.basePlot.vst","2016-10-05","D05","STEI","STEI_010","distributed","deciduousForest",45.787641,-90.104113,"WGS84",20.2,258726.60,5075140.22,"16N",530.6,0.4,"vst_STEI_2016","NEON.DOC.000987vE","Y","presentInAll","Y","presentInAll","N",,"10","noneSelected",400,80,400,"Ferns not measured 2016","UuiIeI4+6a4w2V3xx4xXIBtOUNDpdb+M","B/1XguR/VImkpiciTImn0yyrFfzGHeqw",
"e68c9a73-4fd0-40df-9965-470596c43192","STEI_016.basePlot.vst","2016-10-10","D05","STEI","STEI_016","distributed","deciduousForest",45.795920,-90.096476,"WGS84",20.3,259355.86,5076036.96,"16N",516.7,0.6,"vst_STEI_2016","NEON.DOC.000987vE","Y","presentInAll","Y","presentInAll","N",,"10","noneSelected",400,80,400,"Ferns not measured 2016","UuiIeI4+6a4w2V3xx4xXIBtOUNDpdb+M","n3FTqtv1XKCIEKvil+MbndY+c5Uay6s5",
"c090399e-4a96-47cc-aabb-2bb4c0ac32f3","STEI_013.basePlot.vst","2016-10-11","D05","STEI","STEI_013","distributed","deciduousForest",45.792821,-90.071972,"WGS84",20.2,261246.90,5075619.11,"16N",511.4,0.3,"vst_STEI_2016","NEON.DOC.000987vE","Y","presentInAll","Y","presentInAll","N",,"25","noneSelected",400,200,400,"Ferns not measured 2016","UuiIeI4+6a4w2V3xx4xXIBtOUNDpdb+M","n3FTqtv1XKCIEKvil+MbndY+c5Uay6s5",
"1d518f91-4e30-40b9-ad5e-7f5ce5be31cd","STEI_013.basePlot.vst","2016-10-11","D05","STEI","STEI_013","distributed","deciduousForest",45.792821,-90.071972,"WGS84",20.2,261246.90,5075619.11,"16N",511.4,0.3,"vst_STEI_2016","NEON.DOC.000987vE","Y","presentInAll","Y","presentInAll","N",,"25","noneSelected",400,200,400,"Ferns not measured 2016","UuiIeI4+6a4w2V3xx4xXIBtOUNDpdb+M","n3FTqtv1XKCIEKvil+MbndY+c5Uay6s5",
"3e479f2a-fb42-4e97-af8e-ca29e96dad4d","STEI_001.basePlot.vst","2016-10-11","D05","STEI","STEI_001","distributed","deciduousForest",45.812246,-90.092743,"WGS84",20.2,259716.22,5077839.51,"16N",505.9,0.4,"vst_STEI_2016","NEON.DOC.000987vE","Y","presentInAll","Y","presentInAll","N",,"10","noneSelected",400,80,400,"Ferns not measured 2016","UuiIeI4+6a4w2V3xx4xXIBtOUNDpdb+M","n3FTqtv1XKCIEKvil+MbndY+c5Uay6s5",
"9826158e-0fb0-4c60-bcaa-85d1c923429d","STEI_004.basePlot.vst","2016-10-11","D05","STEI","STEI_004","distributed","deciduousForest",45.797893,-90.064147,"WGS84",20.2,261876.67,5076159.24,"16N",510.2,0.3,"vst_STEI_2016","NEON.DOC.000987vE","Y","presentInAll","Y","presentInAll","N",,"10","noneSelected",400,80,400,"Ferns not measured 2016","UuiIeI4+6a4w2V3xx4xXIBtOUNDpdb+M","n3FTqtv1XKCIEKvil+MbndY+c5Uay6s5",
"4a02ce0d-087e-45f7-b24c-482f1aae4768","STEI_021.basePlot.vst","2016-10-12","D05","STEI","STEI_021","distributed","woodyWetlands",45.834307,-90.085088,"WGS84",20.3,260405.69,5080267.45,"16N",480.5,0.3,"vst_STEI_2016","NEON.DOC.000987vE","Y","presentInAll","Y","presentInAll","N",,"10","noneSelected",400,80,400,"Ferns not measured 2016","UuiIeI4+6a4w2V3xx4xXIBtOUNDpdb+M","n3FTqtv1XKCIEKvil+MbndY+c5Uay6s5",
"a9a4d686-da0b-4490-9e40-12d8c434e9b3","STEI_006.basePlot.vst","2016-10-12","D05","STEI","STEI_006","distributed","deciduousForest",45.817469,-90.078389,"WGS84",20.3,260853.77,5078376.68,"16N",504.7,0.4,"vst_STEI_2016","NEON.DOC.000987vE","Y","presentInAll","Y","presentInAll","N",,"10","noneSelected",400,80,400,"Ferns not measured 2016","UuiIeI4+6a4w2V3xx4xXIBtOUNDpdb+M","B/1XguR/VImkpiciTImn0yyrFfzGHeqw",
"442577b7-1f48-4e1a-9ec0-557f476cdb59","STEI_014.basePlot.vst","2016-10-12","D05","STEI","STEI_014","distributed","deciduousForest",45.816394,-90.068271,"WGS84",20.2,261635.18,5078226.98,"16N",499.7,0.3,"vst_STEI_2016","NEON.DOC.000987vE","Y","presentInAll","Y","presentInAll","N",,"10","noneSelected",400,80,400,"Ferns not measured 2016","UuiIeI4+6a4w2V3xx4xXIBtOUNDpdb+M","B/1XguR/VImkpiciTImn0yyrFfzGHeqw",
"84432074-818f-4e41-8469-e5260d35dddc","STEI_022.basePlot.vst","2016-10-13","D05","STEI","STEI_022","distributed","woodyWetlands",45.804414,-90.052165,"WGS84",20.1,262835.49,5076848.05,"16N",489.1,0.1,"vst_STEI_2016","NEON.DOC.000987vE","Y","presentInAll","Y","presentInAll","N",,"10","noneSelected",400,80,400,"Ferns not measured 2016","UuiIeI4+6a4w2V3xx4xXIBtOUNDpdb+M","n3FTqtv1XKCIEKvil+MbndY+c5Uay6s5",
"99862dfa-c9c6-4e08-a7fa-fcaf1ec14857","STEI_057.basePlot.vst","2016-10-24","D05","STEI","STEI_057","tower","deciduousForest",45.507077,-89.584791,"WGS84",20.2,298084.97,5042532.74,"16N",474.1,0.3,"vst_STEI_2016","NEON.DOC.000987vE","Y","presentInAll","Y","presentInAll","N",,"10","noneSelected",800,40,800,"Ferns not measured 2016","UuiIeI4+6a4w2V3xx4xXIBtOUNDpdb+M","B/1XguR/VImkpiciTImn0yyrFfzGHeqw",
"4f8ee01a-2c65-4fed-8b69-c7a2bc202c05","STEI_054.basePlot.vst","2016-10-25","D05","STEI","STEI_054","tower","deciduousForest",45.509972,-89.585671,"WGS84",20.2,298026.59,5042856.57,"16N",477.1,0.3,"vst_STEI_2016","NEON.DOC.000987vE","Y","presentInAll","Y","presentInAll","N",,"10","noneSelected",800,40,800,"Ferns not measured 2016","UuiIeI4+6a4w2V3xx4xXIBtOUNDpdb+M","B/1XguR/VImkpiciTImn0yyrFfzGHeqw",
"46e92e2f-2eb2-486d-a1b8-be83293b5010","STEI_059.basePlot.vst","2016-10-25","D05","STEI","STEI_059","tower","deciduousForest",45.508883,-89.588327,"WGS84",20.2,297815.22,5042742.28,"16N",474.5,0.2,"vst_STEI_2016","NEON.DOC.000987vE","Y","presentInAll","Y","presentInAll","N",,"10","noneSelected",800,40,800,"Ferns not measured 2016","UuiIeI4+6a4w2V3xx4xXIBtOUNDpdb+M","B/1XguR/VImkpiciTImn0yyrFfzGHeqw",
"9a7d24bc-b3af-4424-960d-dc2924b3b479","STEI_056.basePlot.vst","2016-10-25","D05","STEI","STEI_056","tower","deciduousForest",45.507519,-89.587882,"WGS84",20.2,297845.10,5042589.62,"16N",478.3,0.3,"vst_STEI_2016","NEON.DOC.000987vE","Y","presentInAll","Y","presentInAll","N",,"10","noneSelected",800,40,800,"Ferns not measured in 2016","UuiIeI4+6a4w2V3xx4xXIBtOUNDpdb+M","B/1XguR/VImkpiciTImn0yyrFfzGHeqw",
"96a6ea99-0e70-4b63-8449-ec017db20808","STEI_048.basePlot.vst","2016-10-25","D05","STEI","STEI_048","tower","deciduousForest",45.509454,-89.587198,"WGS84",20.2,297905.46,5042802.87,"16N",474.3,0.3,"vst_STEI_2016","NEON.DOC.000987vE","Y","presentInAll","Y","presentInAll","N",,"10","noneSelected",800,40,800,"Ferns not measured 2016","UuiIeI4+6a4w2V3xx4xXIBtOUNDpdb+M","B/1XguR/VImkpiciTImn0yyrFfzGHeqw",
"8675fe63-9429-41b7-8dcf-f892f4827a70","STEI_062.basePlot.vst","2016-10-26","D05","STEI","STEI_062","tower","deciduousForest",45.505974,-89.585482,"WGS84",20.2,298027.05,5042411.94,"16N",472.9,0.3,"vst_STEI_2016","NEON.DOC.000987vE","Y","presentInAll","Y","presentInAll","N",,"10","noneSelected",800,40,800,"Ferns not measured 2016","UuiIeI4+6a4w2V3xx4xXIBtOUNDpdb+M","B/1XguR/VImkpiciTImn0yyrFfzGHeqw",
"d3581644-9657-4f14-8234-f3ea266b5b08","STEI_050.basePlot.vst","2016-10-26","D05","STEI","STEI_050","tower","deciduousForest",45.508958,-89.584867,"WGS84",20.1,298085.76,5042741.90,"16N",475.1,0.3,"vst_STEI_2016","NEON.DOC.000987vE","Y","presentInAll","Y","presentInAll","N",,"10","noneSelected",800,40,800,"Ferns not measured 2016","UuiIeI4+6a4w2V3xx4xXIBtOUNDpdb+M","B/1XguR/VImkpiciTImn0yyrFfzGHeqw",
"f85d83a8-9a05-44d8-9e68-cd48d5df200f","STEI_060.basePlot.vst","2016-10-26","D05","STEI","STEI_060","tower","deciduousForest",45.506757,-89.587060,"WGS84",20.2,297906.58,5042502.90,"16N",472.4,0.3,"vst_STEI_2016","NEON.DOC.000987vE","Y","presentInAll","Y","presentInAll","N",,"10","noneSelected",800,40,800,"Ferns not measured 2016","UuiIeI4+6a4w2V3xx4xXIBtOUNDpdb+M","B/1XguR/VImkpiciTImn0yyrFfzGHeqw",
"0d28d03b-cea0-41cb-a124-2d2ca67c5b53","STEI_049.basePlot.vst","2016-10-26","D05","STEI","STEI_049","tower","deciduousForest",45.507858,-89.585575,"WGS84",20.2,298026.52,5042621.48,"16N",475.5,0.3,"vst_STEI_2016","NEON.DOC.000987vE","Y","presentInAll","Y","presentInAll","N",,"10","noneSelected",800,40,800,"Ferns not measured 2016","B/1XguR/VImkpiciTImn0yyrFfzGHeqw","B/1XguR/VImkpiciTImn0yyrFfzGHeqw",
"f0433daa-fcaf-4a90-9f9d-148d00e05c7a","STEI_052.basePlot.vst","2016-10-27","D05","STEI","STEI_052","tower","deciduousForest",45.505085,-89.588542,"WGS84",20.1,297784.82,5042320.88,"16N",467.9,0.2,"vst_STEI_2016","NEON.DOC.000987vE","Y","presentInAll","Y","presentInAll","N",,"10","noneSelected",800,40,800,"Ferns measured 2016-09-20","UuiIeI4+6a4w2V3xx4xXIBtOUNDpdb+M","B/1XguR/VImkpiciTImn0yyrFfzGHeqw",
"66db15ed-b5ee-4524-b2a3-ede7b1bd818b","STEI_047.basePlot.vst","2016-10-27","D05","STEI","STEI_047","tower","deciduousForest",45.506171,-89.588579,"WGS84",20.2,297785.82,5042441.62,"16N",473.4,0.4,"vst_STEI_2016","NEON.DOC.000987vE","Y","presentInAll","Y","presentInAll","N",,"10","noneSelected",800,40,800,"Ferns not measured 2016","UuiIeI4+6a4w2V3xx4xXIBtOUNDpdb+M","B/1XguR/VImkpiciTImn0yyrFfzGHeqw",
