uid,namedLocation,domainID,siteID,plotID,plotType,nlcdClass,decimalLatitude,decimalLongitude,geodeticDatum,coordinateUncertainty,elevation,elevationUncertainty,collectDate,eventID,sampleID,sampleCode,samplingMethod,totalSampledArea,targetTaxaPresent,adultCount,nymphCount,larvaCount,sampleCondition,samplingProtocolVersion,measuredBy,remarks
"d7be2faa-23e1-4a1d-8fe6-152bb4d97b8a","BONA_004.tickPlot.tck","D19","BONA","BONA_004","distributed","evergreenForest",65.190455,-147.539885,"WGS84",20.1,652.4,0.1,"2018-08-16T18:30Z","BONA.2018.33",,,"drag and flag",120,"N",0,0,0,,"NEON.DOC.014045vJ","rha+4jXk8BftLAKfVp/nWuSkqK8pjV54j+elaFUNpo0=",
"e4a944c8-8000-4026-a79d-c4d17a4c640b","BONA_020.tickPlot.tck","D19","BONA","BONA_020","distributed","evergreenForest",65.188754,-147.552582,"WGS84",20.1,577.8,0.1,"2018-08-17T16:48Z","BONA.2018.33",,,"drag",160,"N",0,0,0,,"NEON.DOC.014045vJ","trRG3hE4Kywk+dIWHUpFJWa34/uQExqj4QPZPs4DOcU=",
"be3f4080-565e-441d-a64b-fe44e0432fc0","BONA_012.tickPlot.tck","D19","BONA","BONA_012","distributed","deciduousForest",65.153244,-147.535939,"WGS84",20.2,290.2,0.2,"2018-08-17T16:53Z","BONA.2018.33",,,"drag and flag",160,"N",0,0,0,,"NEON.DOC.014045vJ","lZ4H5l+LEreVoHhq6y4bByOpdKqn1otgASU4FB/BTwE=",
"398d2e30-4295-4f1e-8abf-0213b03082ae","BONA_002.tickPlot.tck","D19","BONA","BONA_002","distributed","deciduousForest",65.163914,-147.524124,"WGS84",20.1,481.4,0.2,"2018-08-17T17:30Z","BONA.2018.33",,,"drag and flag",160,"N",0,0,0,,"NEON.DOC.014045vJ","lZ4H5l+LEreVoHhq6y4bByOpdKqn1otgASU4FB/BTwE=",
"42a5033d-2768-43ba-96b5-20efbc49cbec","BONA_013.tickPlot.tck","D19","BONA","BONA_013","distributed","mixedForest",65.176867,-147.556284,"WGS84",20.2,507.6,0.2,"2018-08-17T17:45Z","BONA.2018.33",,,"drag",160,"N",0,0,0,,"NEON.DOC.014045vJ","trRG3hE4Kywk+dIWHUpFJWa34/uQExqj4QPZPs4DOcU=",
"ba2c8da8-5beb-4a11-a642-03dd51b2c9a2","BONA_044.tickPlot.tck","D19","BONA","BONA_044","distributed","shrubScrub",65.166233,-147.508264,"WGS84",20.1,309.6,0.1,"2018-08-17T18:11Z","BONA.2018.33",,,"drag and flag",160,"N",0,0,0,,"NEON.DOC.014045vJ","lZ4H5l+LEreVoHhq6y4bByOpdKqn1otgASU4FB/BTwE=",
