uid,namedLocation,date,eventID,domainID,siteID,plotID,subplotID,individualID,tagStatus,growthForm,plantStatus,stemDiameter,measurementHeight,height,baseCrownHeight,breakHeight,breakDiameter,maxCrownDiameter,ninetyCrownDiameter,canopyPosition,shape,basalStemDiameter,basalStemDiameterMsrmntHeight,maxBaseCrownDiameter,ninetyBaseCrownDiameter,remarks,recordedBy,measuredBy,dataQF
"4e8b095d-c3b4-49f4-86f0-49831d652993","TREE_003.basePlot.vst","2018-04-25","vst_TREE_2017","D05","TREE","TREE_003",,"NEON.PLA.D05.TREE.02199","ok","single bole tree","Live",31.8,130,16.3,,,,9.8,9.5,"Mostly shaded",,,,,,,"UuiIeI4+6a5XxeJO9BYoR2g8el9sHFDOaNTnjnMxLl8=","kQbLUH0KxIjHPVBCwBwO/Yp6WLfQ273hfuJp3b6XsqQ=","legacyData"
"1ef2aec5-6e29-4621-8de1-027face07666","TREE_003.basePlot.vst","2018-04-25","vst_TREE_2017","D05","TREE","TREE_003",,"NEON.PLA.D05.TREE.02091","ok","single bole tree","Live",24.6,130,16.0,,,,7.2,4.6,"Partially shaded",,,,,,,"UuiIeI4+6a5XxeJO9BYoR2g8el9sHFDOaNTnjnMxLl8=","kQbLUH0KxIjHPVBCwBwO/Yp6WLfQ273hfuJp3b6XsqQ=","legacyData"
"c7066814-08e9-4f84-96b9-bbb5d8c82ca1","TREE_003.basePlot.vst","2018-04-25","vst_TREE_2017","D05","TREE","TREE_003",,"NEON.PLA.D05.TREE.02095","ok","single bole tree","Live, broken bole",24.1,130,12.4,,7.5,10.8,5.5,5.0,"Mostly shaded",,,,,,"Found piece of bole on the ground","UuiIeI4+6a5XxeJO9BYoR2g8el9sHFDOaNTnjnMxLl8=","kQbLUH0KxIjHPVBCwBwO/Yp6WLfQ273hfuJp3b6XsqQ=","legacyData"
"e1deddf1-d8aa-4380-aa66-4699e64e2eee","TREE_003.basePlot.vst","2018-04-25","vst_TREE_2017","D05","TREE","TREE_003",,"NEON.PLA.D05.TREE.02087","ok","single bole tree","Live",21.0,130,16.5,,,,9.8,6.8,"Mostly shaded",,,,,,,"UuiIeI4+6a5XxeJO9BYoR2g8el9sHFDOaNTnjnMxLl8=","kQbLUH0KxIjHPVBCwBwO/Yp6WLfQ273hfuJp3b6XsqQ=","legacyData"
"f2b15c35-cc1a-4637-8a8c-0678c9723b8c","TREE_003.basePlot.vst","2018-04-25","vst_TREE_2017","D05","TREE","TREE_003",,"NEON.PLA.D05.TREE.03023","ok","small shrub","Live",,,,0.3,,,0.2,0.1,,"ellipsoid or sphere",1.1,10,,,,"UuiIeI4+6a5XxeJO9BYoR2g8el9sHFDOaNTnjnMxLl8=","kQbLUH0KxIjHPVBCwBwO/Yp6WLfQ273hfuJp3b6XsqQ=","legacyData"
"92c1cc0c-281e-41c3-bd0d-29ed92364541","TREE_003.basePlot.vst","2018-04-25","vst_TREE_2017","D05","TREE","TREE_003",,"NEON.PLA.D05.TREE.02090","ok","single bole tree","Live",31.0,130,21.0,,,,7.3,6.9,"Partially shaded",,,,,,,"UuiIeI4+6a5XxeJO9BYoR2g8el9sHFDOaNTnjnMxLl8=","kQbLUH0KxIjHPVBCwBwO/Yp6WLfQ273hfuJp3b6XsqQ=","legacyData"
"b91b7eee-2417-4e8c-980b-7fbf50f29230","TREE_003.basePlot.vst","2018-04-25","vst_TREE_2017","D05","TREE","TREE_003",,"NEON.PLA.D05.TREE.02198A","ok","multi-bole tree","Live",30.4,130,,,,,,,,,,,,,,"UuiIeI4+6a5XxeJO9BYoR2g8el9sHFDOaNTnjnMxLl8=","kQbLUH0KxIjHPVBCwBwO/Yp6WLfQ273hfuJp3b6XsqQ=","legacyData"
"0075c93b-5eee-4a1e-8ffa-5cd33d364b0d","TREE_003.basePlot.vst","2018-04-25","vst_TREE_2017","D05","TREE","TREE_003",,"NEON.PLA.D05.TREE.02096","ok","single bole tree","Live",41.5,130,21.0,,,,12.2,11.7,"Partially shaded",,,,,,,"UuiIeI4+6a5XxeJO9BYoR2g8el9sHFDOaNTnjnMxLl8=","kQbLUH0KxIjHPVBCwBwO/Yp6WLfQ273hfuJp3b6XsqQ=","legacyData"
"0782808e-2de9-4594-a057-c4c8b47741cf","TREE_003.basePlot.vst","2018-04-25","vst_TREE_2017","D05","TREE","TREE_003",,"NEON.PLA.D05.TREE.02198","ok","multi-bole tree","Live",31.3,130,8.5,,,,9.5,9.0,"Partially shaded",,,,,,,"UuiIeI4+6a5XxeJO9BYoR2g8el9sHFDOaNTnjnMxLl8=","kQbLUH0KxIjHPVBCwBwO/Yp6WLfQ273hfuJp3b6XsqQ=","legacyData"
"1f0cb46f-5b84-4a38-93d3-e07b824c1af5","TREE_003.basePlot.vst","2018-04-25","vst_TREE_2017","D05","TREE","TREE_003",,"NEON.PLA.D05.TREE.02100","ok","small shrub","Live",,,,,,,0.6,0.6,,"inverted cone",1.2,10,0.10,0.10,,"UuiIeI4+6a5XxeJO9BYoR2g8el9sHFDOaNTnjnMxLl8=","kQbLUH0KxIjHPVBCwBwO/Yp6WLfQ273hfuJp3b6XsqQ=","legacyData"
"6b028716-872a-4141-8e77-801f81a98d6e","TREE_003.basePlot.vst","2018-04-25","vst_TREE_2017","D05","TREE","TREE_003",,"NEON.PLA.D05.TREE.02094","ok","single bole tree","Live",26.1,130,20.4,,,,7.0,5.2,"Mostly shaded",,,,,,,"UuiIeI4+6a5XxeJO9BYoR2g8el9sHFDOaNTnjnMxLl8=","kQbLUH0KxIjHPVBCwBwO/Yp6WLfQ273hfuJp3b6XsqQ=","legacyData"
"f4ec9286-0c21-4124-aa44-59175913e595","TREE_003.basePlot.vst","2018-04-25","vst_TREE_2017","D05","TREE","TREE_003",,"NEON.PLA.D05.TREE.02200","ok","single bole tree","Live",25.3,130,21.4,,,,6.9,6.3,"Partially shaded",,,,,,,"UuiIeI4+6a5XxeJO9BYoR2g8el9sHFDOaNTnjnMxLl8=","kQbLUH0KxIjHPVBCwBwO/Yp6WLfQ273hfuJp3b6XsqQ=","legacyData"
"b00ec01e-1c40-4855-8730-c75fcb65ddca","TREE_003.basePlot.vst","2018-04-25","vst_TREE_2017","D05","TREE","TREE_003",,"NEON.PLA.D05.TREE.02088","ok","single bole tree","Live",28.7,130,19.5,,,,8.2,6.1,"Partially shaded",,,,,,,"UuiIeI4+6a5XxeJO9BYoR2g8el9sHFDOaNTnjnMxLl8=","kQbLUH0KxIjHPVBCwBwO/Yp6WLfQ273hfuJp3b6XsqQ=","legacyData"
"49f5dda2-9906-4869-9158-f05176284db1","TREE_003.basePlot.vst","2018-04-25","vst_TREE_2017","D05","TREE","TREE_003",,"NEON.PLA.D05.TREE.02098","ok","single bole tree","Live",24.7,130,17.0,,,,10.2,9.2,"Mostly shaded",,,,,,,"UuiIeI4+6a5XxeJO9BYoR2g8el9sHFDOaNTnjnMxLl8=","kQbLUH0KxIjHPVBCwBwO/Yp6WLfQ273hfuJp3b6XsqQ=","legacyData"
"4f0642f6-c1ec-41c9-9a70-dc26909e6f8f","TREE_003.basePlot.vst","2018-04-25","vst_TREE_2017","D05","TREE","TREE_003",,"NEON.PLA.D05.TREE.02097","ok","multi-bole tree","Live, broken bole",10.3,130,,,8.4,,,,,,,,,,,"UuiIeI4+6a5XxeJO9BYoR2g8el9sHFDOaNTnjnMxLl8=","kQbLUH0KxIjHPVBCwBwO/Yp6WLfQ273hfuJp3b6XsqQ=","legacyData"
"aab74452-80f1-430f-b6d4-62d978034f0c","TREE_003.basePlot.vst","2018-04-25","vst_TREE_2017","D05","TREE","TREE_003",,"NEON.PLA.D05.TREE.02092","ok","single bole tree","Live",20.1,130,16.7,,,,7.0,6.8,"Mostly shaded",,,,,,,"UuiIeI4+6a5XxeJO9BYoR2g8el9sHFDOaNTnjnMxLl8=","kQbLUH0KxIjHPVBCwBwO/Yp6WLfQ273hfuJp3b6XsqQ=","legacyData"
"da49575c-8db5-4d54-9277-2f0bf8ff0ca2","TREE_003.basePlot.vst","2018-04-25","vst_TREE_2017","D05","TREE","TREE_003",,"NEON.PLA.D05.TREE.02089","ok","multi-bole tree","Live",26.5,130,19.2,,,,10.0,7.9,"Partially shaded",,,,,,,"UuiIeI4+6a5XxeJO9BYoR2g8el9sHFDOaNTnjnMxLl8=","kQbLUH0KxIjHPVBCwBwO/Yp6WLfQ273hfuJp3b6XsqQ=","legacyData"
"2a9735cb-3cb9-4bd8-bab2-c0cfe6800f08","TREE_003.basePlot.vst","2018-04-25","vst_TREE_2017","D05","TREE","TREE_003",,"NEON.PLA.D05.TREE.02093","ok","single bole tree","Live",41.2,130,21.1,,,,11.8,7.4,"Partially shaded",,,,,,,"UuiIeI4+6a5XxeJO9BYoR2g8el9sHFDOaNTnjnMxLl8=","kQbLUH0KxIjHPVBCwBwO/Yp6WLfQ273hfuJp3b6XsqQ=","legacyData"
"65ea7f60-b1dc-4ad3-95c6-178b065242ba","TREE_003.basePlot.vst","2018-04-25","vst_TREE_2017","D05","TREE","TREE_003",,"NEON.PLA.D05.TREE.02097","ok","multi-bole tree","Live",34.2,130,22.9,,,,10.8,8.1,"Partially shaded",,,,,,,"UuiIeI4+6a5XxeJO9BYoR2g8el9sHFDOaNTnjnMxLl8=","kQbLUH0KxIjHPVBCwBwO/Yp6WLfQ273hfuJp3b6XsqQ=","legacyData"
"14e3392b-6bbb-422a-b790-e85f6be0b000","TREE_003.basePlot.vst","2018-04-25","vst_TREE_2017","D05","TREE","TREE_003",,"NEON.PLA.D05.TREE.02099","ok","sapling","Live",,,,,,,,,,,2.4,10,,,,"UuiIeI4+6a5XxeJO9BYoR2g8el9sHFDOaNTnjnMxLl8=","kQbLUH0KxIjHPVBCwBwO/Yp6WLfQ273hfuJp3b6XsqQ=","legacyData"
"bef3d2f2-62bc-4181-b576-8178ea758854","TREE_003.basePlot.vst","2018-04-25","vst_TREE_2017","D05","TREE","TREE_003",,"NEON.PLA.D05.TREE.02083","ok","single bole tree","Live",21.9,130,13.9,,,,7.7,6.4,"Mostly shaded",,,,,,,"UuiIeI4+6a5XxeJO9BYoR2g8el9sHFDOaNTnjnMxLl8=","kQbLUH0KxIjHPVBCwBwO/Yp6WLfQ273hfuJp3b6XsqQ=","legacyData"
"1f460566-2d60-477c-ac9a-f87d5b6e7974","TREE_003.basePlot.vst","2018-04-25","vst_TREE_2017","D05","TREE","TREE_003",,"NEON.PLA.D05.TREE.02100","ok","small shrub","Live",,,,,,,0.6,0.6,,"inverted cone",1.2,10,0.10,0.10,,"UuiIeI4+6a5XxeJO9BYoR2g8el9sHFDOaNTnjnMxLl8=","kQbLUH0KxIjHPVBCwBwO/Yp6WLfQ273hfuJp3b6XsqQ=","legacyData"
"adb2c1c9-a691-41fe-a4e9-8538a4ba3a13","TREE_003.basePlot.vst","2018-04-25","vst_TREE_2017","D05","TREE","TREE_003",,"NEON.PLA.D05.TREE.02089A","ok","multi-bole tree","Live",22.0,130,,,,,,,,,,,,,,"UuiIeI4+6a5XxeJO9BYoR2g8el9sHFDOaNTnjnMxLl8=","kQbLUH0KxIjHPVBCwBwO/Yp6WLfQ273hfuJp3b6XsqQ=","legacyData"
