uid,namedLocation,date,eventID,domainID,siteID,plotID,subplotID,individualID,tagStatus,growthForm,plantStatus,stemDiameter,measurementHeight,height,baseCrownHeight,breakHeight,breakDiameter,maxCrownDiameter,ninetyCrownDiameter,canopyPosition,shape,basalStemDiameter,basalStemDiameterMsrmntHeight,maxBaseCrownDiameter,ninetyBaseCrownDiameter,remarks,recordedBy,measuredBy,dataQF
"83e4769b-7cb7-456b-b3ed-5b5f7cfa9dda","BART_073.basePlot.vst","2017-08-28","vst_BART_2017","D01","BART","BART_073",,"NEON.PLA.D01.BART.03671","ok","single bole tree","Live",23.7,140,16.8,,,,,,,,,,,,,"WpWHyjh7ZEbsFcxLGlzbonUvwbNLZ84R","XVpAZvFTV5+SRUEkcK8K7LUOF15VuEMc","legacyData"
"e1b8585a-57e1-44c2-8818-393d95aa7fa5","BART_073.basePlot.vst","2017-08-28","vst_BART_2017","D01","BART","BART_073",,"NEON.PLA.D01.HARV.04526","ok","single bole tree","Live, disease damaged",13.5,130,13.3,,,,,,,,,,,,"Bole damage. Beech bark disease.","WpWHyjh7ZEbsFcxLGlzbonUvwbNLZ84R","XVpAZvFTV5+SRUEkcK8K7LUOF15VuEMc","legacyData"
"a40c395a-876f-437d-ae39-5e94ecb29bae","BART_073.basePlot.vst","2017-08-28","vst_BART_2017","D01","BART","BART_073",,"NEON.PLA.D01.BART.03692","ok","small tree","Live, disease damaged",1.5,130,2.8,,,,,,,,,,,,"Bole damage. Beech bark disease.","WpWHyjh7ZEbsFcxLGlzbonUvwbNLZ84R","XVpAZvFTV5+SRUEkcK8K7LUOF15VuEMc","legacyData"
"9ff10817-65b1-43bd-84b3-fbdfe3a9654d","BART_073.basePlot.vst","2017-08-28","vst_BART_2017","D01","BART","BART_073",,"NEON.PLA.D01.BART.04632","ok","sapling","Live, disease damaged",,,0.4,,,,,,,,1.4,10,,,"Bole damage. Beech bark disease. Broken branch.","WpWHyjh7ZEbsFcxLGlzbonUvwbNLZ84R","XVpAZvFTV5+SRUEkcK8K7LUOF15VuEMc","legacyData"
"bdc25630-00eb-4c18-8331-ffe0ffc47c01","BART_073.basePlot.vst","2017-08-28","vst_BART_2017","D01","BART","BART_073",,"NEON.PLA.D01.BART.03925","ok","single bole tree","Live",18.9,130,11.2,,,,,,,,,,,,,"WpWHyjh7ZEbsFcxLGlzbonUvwbNLZ84R","XVpAZvFTV5+SRUEkcK8K7LUOF15VuEMc","legacyData"
"50335691-f700-4bb7-951f-79505f4579a3","BART_073.basePlot.vst","2017-08-28","vst_BART_2017","D01","BART","BART_073",,"NEON.PLA.D01.BART.03917","ok","single bole tree","Live",30.1,130,16.5,,,,,,,,,,,,,"WpWHyjh7ZEbsFcxLGlzbonUvwbNLZ84R","XVpAZvFTV5+SRUEkcK8K7LUOF15VuEMc","legacyData"
"28ca2cde-c4d7-4b88-af67-474ea13ec924","BART_073.basePlot.vst","2017-08-28","vst_BART_2017","D01","BART","BART_073",,"NEON.PLA.D01.BART.03924","ok","single bole tree","Live, physically damaged",18.8,130,12.9,,,,,,,,,,,,"Damage to main branch","WpWHyjh7ZEbsFcxLGlzbonUvwbNLZ84R","XVpAZvFTV5+SRUEkcK8K7LUOF15VuEMc","legacyData"
"8eacfedb-f605-40fd-b901-dbfd960449ce","BART_073.basePlot.vst","2017-08-28","vst_BART_2017","D01","BART","BART_073",,"NEON.PLA.D01.BART.04625","ok","sapling","Live",,,0.8,,,,,,,,2.7,10,,,,"WpWHyjh7ZEbsFcxLGlzbonUvwbNLZ84R","XVpAZvFTV5+SRUEkcK8K7LUOF15VuEMc","legacyData"
"6d19fcbd-d8e0-4b1a-9cba-7d752998e1b4","BART_073.basePlot.vst","2017-08-28","vst_BART_2017","D01","BART","BART_073",,"NEON.PLA.D01.BART.03683","ok","single bole tree","Live",13.0,130,8.2,,,,,,,,,,,,,"WpWHyjh7ZEbsFcxLGlzbonUvwbNLZ84R","XVpAZvFTV5+SRUEkcK8K7LUOF15VuEMc","legacyData"
"867e3d4c-66df-4368-a915-acc0dfcad5dc","BART_073.basePlot.vst","2017-08-28","vst_BART_2017","D01","BART","BART_073",,"NEON.PLA.D01.BART.03933","ok","single bole tree","Live",35.7,130,18.7,,,,,,,,,,,,,"WpWHyjh7ZEbsFcxLGlzbonUvwbNLZ84R","XVpAZvFTV5+SRUEkcK8K7LUOF15VuEMc","legacyData"
"d69f45f3-c7ff-4ff6-9e46-c3ed39ecbd26","BART_073.basePlot.vst","2017-08-28","vst_BART_2017","D01","BART","BART_073",,"NEON.PLA.D01.BART.03908","ok","small tree","Live, disease damaged",5.4,130,8.3,,,,,,,,,,,,"Bole damage. Beech bark disease.","WpWHyjh7ZEbsFcxLGlzbonUvwbNLZ84R","XVpAZvFTV5+SRUEkcK8K7LUOF15VuEMc","legacyData"
"b1585c93-7e53-4012-882d-e60822e0854d","BART_073.basePlot.vst","2017-08-28","vst_BART_2017","D01","BART","BART_073",,"NEON.PLA.D01.BART.03967","ok","sapling","Live, disease damaged",,,2.0,,,,,,,,1.5,10,,,"Bole damage. Beech bark disease.","WpWHyjh7ZEbsFcxLGlzbonUvwbNLZ84R","XVpAZvFTV5+SRUEkcK8K7LUOF15VuEMc","legacyData"
"ffb3321e-7fb1-4f4b-ae3f-61d261427128","BART_073.basePlot.vst","2017-08-28","vst_BART_2017","D01","BART","BART_073",,"NEON.PLA.D01.BART.04637","ok","small tree","No longer qualifies",,,,,,,,,,,,,,,"Under 130 cm in height. Probable cause of death beach bark disease.","WpWHyjh7ZEbsFcxLGlzbonUvwbNLZ84R","XVpAZvFTV5+SRUEkcK8K7LUOF15VuEMc","legacyData"
"8939bf46-95aa-4582-bea8-9ad6ef224d96","BART_073.basePlot.vst","2017-08-28","vst_BART_2017","D01","BART","BART_073",,"NEON.PLA.D01.BART.03905","ok","small tree","Live, disease damaged",1.3,130,1.5,,,,,,,,,,,,"Bole damage. Beech bark disease.","WpWHyjh7ZEbsFcxLGlzbonUvwbNLZ84R","XVpAZvFTV5+SRUEkcK8K7LUOF15VuEMc","legacyData"
"efe0563a-6158-41f1-953b-7514ca1ad4ce","BART_073.basePlot.vst","2017-08-28","vst_BART_2017","D01","BART","BART_073",,"NEON.PLA.D01.BART.03665","ok","multi-bole tree","Live",40.9,130,18.7,,,,,,,,,,,,,"WpWHyjh7ZEbsFcxLGlzbonUvwbNLZ84R","XVpAZvFTV5+SRUEkcK8K7LUOF15VuEMc","legacyData"
"4e80949a-1bde-4cb3-9723-b65f94f0aaca","BART_073.basePlot.vst","2017-08-28","vst_BART_2017","D01","BART","BART_073",,"NEON.PLA.D01.BART.03959","ok","sapling","Live",,,0.7,,,,,,,,1.0,10,,,,"WpWHyjh7ZEbsFcxLGlzbonUvwbNLZ84R","XVpAZvFTV5+SRUEkcK8K7LUOF15VuEMc","legacyData"
"987f33a9-4e48-483b-ad62-24d2066005f2","BART_073.basePlot.vst","2017-08-28","vst_BART_2017","D01","BART","BART_073",,"NEON.PLA.D01.BART.03666","ok","single bole tree","Live, disease damaged",17.2,130,15.0,,,,,,,,,,,,"Bole damage. Beech bark disease.","WpWHyjh7ZEbsFcxLGlzbonUvwbNLZ84R","XVpAZvFTV5+SRUEkcK8K7LUOF15VuEMc","legacyData"
"20325ff1-e633-4ce2-a38f-981a83d8ec54","BART_073.basePlot.vst","2017-08-28","vst_BART_2017","D01","BART","BART_073",,"NEON.PLA.D01.BART.03952","ok","single bole tree","Live, physically damaged",9.2,190,14.0,,,,,,,,,,,,"Very large bulge at 130 cm where diameter is 19.2","WpWHyjh7ZEbsFcxLGlzbonUvwbNLZ84R","XVpAZvFTV5+SRUEkcK8K7LUOF15VuEMc","legacyData"
"98598562-683b-44e5-b2bc-bdb4b408d10e","BART_073.basePlot.vst","2017-08-28","vst_BART_2017","D01","BART","BART_073",,"NEON.PLA.D01.BART.03906","ok","small tree","Live, disease damaged",1.8,130,2.9,,,,,,,,,,,,"Bole damage. Beech bark disease.","WpWHyjh7ZEbsFcxLGlzbonUvwbNLZ84R","XVpAZvFTV5+SRUEkcK8K7LUOF15VuEMc","legacyData"
"4ee22f23-3010-409b-8930-6f46e8169169","BART_073.basePlot.vst","2017-08-28","vst_BART_2017","D01","BART","BART_073",,"NEON.PLA.D01.BART.04761","ok","small tree","Live, disease damaged",1.4,130,2.3,,,,,,,,,,,,"Bole damage. Beech bark disease.","WpWHyjh7ZEbsFcxLGlzbonUvwbNLZ84R","XVpAZvFTV5+SRUEkcK8K7LUOF15VuEMc","legacyData"
"8d27fe22-37ee-4e7b-a9f2-b2a1199c481f","BART_073.basePlot.vst","2017-08-28","vst_BART_2017","D01","BART","BART_073",,"NEON.PLA.D01.BART.03957","ok","single bole tree","Live",10.9,130,7.8,,,,,,,,,,,,,"WpWHyjh7ZEbsFcxLGlzbonUvwbNLZ84R","XVpAZvFTV5+SRUEkcK8K7LUOF15VuEMc","legacyData"
"95e06c50-e336-4b77-b07e-b6a6fd7e9841","BART_073.basePlot.vst","2017-08-28","vst_BART_2017","D01","BART","BART_073",,"NEON.PLA.D01.BART.04627","ok","small tree","Live, disease damaged",8.0,130,9.4,,,,,,,,,,,,"Bole damage. Beech bark disease.","WpWHyjh7ZEbsFcxLGlzbonUvwbNLZ84R","XVpAZvFTV5+SRUEkcK8K7LUOF15VuEMc","legacyData"
"6605040b-5ce6-4385-9e12-f091530d215e","BART_073.basePlot.vst","2017-08-28","vst_BART_2017","D01","BART","BART_073",,"NEON.PLA.D01.BART.03976","ok","single bole tree","Live",26.8,130,18.1,,,,,,,,,,,,,"WpWHyjh7ZEbsFcxLGlzbonUvwbNLZ84R","XVpAZvFTV5+SRUEkcK8K7LUOF15VuEMc","legacyData"
"b989bdbc-afb5-4791-be00-34759f611b4c","BART_073.basePlot.vst","2017-08-28","vst_BART_2017","D01","BART","BART_073",,"NEON.PLA.D01.BART.03928","ok","single bole tree","Live, disease damaged",14.3,130,13.6,,,,,,,,,,,,"Bole damage. Beech bark disease.","WpWHyjh7ZEbsFcxLGlzbonUvwbNLZ84R","XVpAZvFTV5+SRUEkcK8K7LUOF15VuEMc","legacyData"
"40e85e96-b4bb-446a-b909-1b19670c2140","BART_073.basePlot.vst","2017-08-28","vst_BART_2017","D01","BART","BART_073",,"NEON.PLA.D01.BART.03953","ok","single bole tree","Live",35.2,130,19.2,,,,,,,,,,,,,"WpWHyjh7ZEbsFcxLGlzbonUvwbNLZ84R","XVpAZvFTV5+SRUEkcK8K7LUOF15VuEMc","legacyData"
"0cae7d7c-cff5-4155-a862-f5a925fe18cd","BART_073.basePlot.vst","2017-08-28","vst_BART_2017","D01","BART","BART_073",,"NEON.PLA.D01.BART.03942","ok","small tree","Lost, fate unknown",,,,,,,,,,,,,,,"Not measured in 2016 and 2017.","WpWHyjh7ZEbsFcxLGlzbonUvwbNLZ84R","XVpAZvFTV5+SRUEkcK8K7LUOF15VuEMc","legacyData"
"5747a736-4e84-45e1-a052-325e77e2aff0","BART_073.basePlot.vst","2017-08-28","vst_BART_2017","D01","BART","BART_073",,"NEON.PLA.D01.BART.03902","ok","multi-bole tree","Live, disease damaged",16.1,130,13.7,,,,,,,,,,,,"Bole damage. Beech bark disease.","WpWHyjh7ZEbsFcxLGlzbonUvwbNLZ84R","XVpAZvFTV5+SRUEkcK8K7LUOF15VuEMc","legacyData"
"76a3f552-10fe-49e0-a787-c7318fb55b3d","BART_073.basePlot.vst","2017-08-28","vst_BART_2017","D01","BART","BART_073",,"NEON.PLA.D01.BART.03962","ok","small tree","Live, disease damaged",1.6,130,2.9,,,,,,,,,,,,"Bole damage. Beech bark disease.","WpWHyjh7ZEbsFcxLGlzbonUvwbNLZ84R","XVpAZvFTV5+SRUEkcK8K7LUOF15VuEMc","legacyData"
"23e274fb-1acd-4929-9d00-a8fe4b3b9edd","BART_073.basePlot.vst","2017-08-28","vst_BART_2017","D01","BART","BART_073",,"NEON.PLA.D01.BART.03946","ok","single bole tree","Live, disease damaged",11.5,130,10.3,,,,,,,,,,,,"Bole damage. Beech bark disease.","WpWHyjh7ZEbsFcxLGlzbonUvwbNLZ84R","XVpAZvFTV5+SRUEkcK8K7LUOF15VuEMc","legacyData"
"40a80e5d-870a-44d3-98f8-764e42f37b4e","BART_073.basePlot.vst","2017-08-28","vst_BART_2017","D01","BART","BART_073",,"NEON.PLA.D01.BART.04626","ok","sapling","Live, disease damaged",,,1.0,,,,,,,,2.2,10,,,"Bole damage. Beech bark disease. Crown damage. Dead top branches. Unknown cause.","WpWHyjh7ZEbsFcxLGlzbonUvwbNLZ84R","XVpAZvFTV5+SRUEkcK8K7LUOF15VuEMc","legacyData"
"45804cbf-a392-4c94-8a13-7ef9b6ac28fe","BART_073.basePlot.vst","2017-08-28","vst_BART_2017","D01","BART","BART_073",,"NEON.PLA.D01.BART.04760","ok","sapling","Live, disease damaged",,,1.4,,,,,,,,1.4,11,,,"Bole damage. Beech bark disease.","WpWHyjh7ZEbsFcxLGlzbonUvwbNLZ84R","XVpAZvFTV5+SRUEkcK8K7LUOF15VuEMc","legacyData"
"855e5a5a-74e4-4a59-b67b-f4f50f14e85e","BART_073.basePlot.vst","2017-08-28","vst_BART_2017","D01","BART","BART_073",,"NEON.PLA.D01.BART.03922","ok","single bole tree","Live",12.6,130,13.0,,,,,,,,,,,,,"WpWHyjh7ZEbsFcxLGlzbonUvwbNLZ84R","XVpAZvFTV5+SRUEkcK8K7LUOF15VuEMc","legacyData"
"60acccef-7950-4b7d-8d01-29f22e0b6b3d","BART_073.basePlot.vst","2017-08-28","vst_BART_2017","D01","BART","BART_073",,"NEON.PLA.D01.BART.04763","ok","small tree","Live, disease damaged",1.5,130,2.6,,,,,,,,,,,,"Bole damage. Beech bark disease.","WpWHyjh7ZEbsFcxLGlzbonUvwbNLZ84R","XVpAZvFTV5+SRUEkcK8K7LUOF15VuEMc","legacyData"
"15fb66eb-2c24-4af8-bf54-8c489f48ddf7","BART_073.basePlot.vst","2017-08-28","vst_BART_2017","D01","BART","BART_073",,"NEON.PLA.D01.BART.04633","ok","single bole tree","Standing dead",11.2,130,9.9,,,,,,,,,,,,"Unknown cause of death.","WpWHyjh7ZEbsFcxLGlzbonUvwbNLZ84R","XVpAZvFTV5+SRUEkcK8K7LUOF15VuEMc","legacyData"
"e3167bdf-f5bf-4601-b506-1d22d702d799","BART_073.basePlot.vst","2017-08-28","vst_BART_2017","D01","BART","BART_073",,"NEON.PLA.D01.BART.03921","ok","single bole tree","Live, disease damaged",15.4,130,14.0,,,,,,,,,,,,"Bole damage. Beech bark disease.","WpWHyjh7ZEbsFcxLGlzbonUvwbNLZ84R","XVpAZvFTV5+SRUEkcK8K7LUOF15VuEMc","legacyData"
"f4c761bc-2996-4e2e-9c82-9b1b62865931","BART_073.basePlot.vst","2017-08-28","vst_BART_2017","D01","BART","BART_073",,"NEON.PLA.D01.BART.03677","ok","small tree","Lost, fate unknown",,,,,,,,,,,,,,,"Not measured in 2016 and 2017.","WpWHyjh7ZEbsFcxLGlzbonUvwbNLZ84R","XVpAZvFTV5+SRUEkcK8K7LUOF15VuEMc","legacyData"
"321dbf72-3a13-4e3e-aa80-8ae12996a71c","BART_073.basePlot.vst","2017-08-28","vst_BART_2017","D01","BART","BART_073",,"NEON.PLA.D01.BART.03937","ok","single bole tree","Live",15.1,130,9.5,,,,,,,,,,,,,"WpWHyjh7ZEbsFcxLGlzbonUvwbNLZ84R","XVpAZvFTV5+SRUEkcK8K7LUOF15VuEMc","legacyData"
"1b822339-4b6a-4e6e-a7db-f862dd1dfb15","BART_073.basePlot.vst","2017-08-28","vst_BART_2017","D01","BART","BART_073",,"NEON.PLA.D01.BART.03681","ok","single bole tree","Live",28.3,130,14.3,,,,,,,,,,,,,"WpWHyjh7ZEbsFcxLGlzbonUvwbNLZ84R","XVpAZvFTV5+SRUEkcK8K7LUOF15VuEMc","legacyData"
"a320bc55-cfc1-4766-84d9-2c3f53746d73","BART_073.basePlot.vst","2017-08-28","vst_BART_2017","D01","BART","BART_073",,"NEON.PLA.D01.BART.03932","ok","single bole tree","Live",31.2,130,16.3,,,,,,,,,,,,,"WpWHyjh7ZEbsFcxLGlzbonUvwbNLZ84R","XVpAZvFTV5+SRUEkcK8K7LUOF15VuEMc","legacyData"
"c0dd25f0-3310-4ca9-8420-2085451a6ab8","BART_073.basePlot.vst","2017-08-28","vst_BART_2017","D01","BART","BART_073",,"NEON.PLA.D01.BART.03901","ok","single bole tree","Live",15.7,130,18.9,,,,,,,,,,,,,"WpWHyjh7ZEbsFcxLGlzbonUvwbNLZ84R","XVpAZvFTV5+SRUEkcK8K7LUOF15VuEMc","legacyData"
"c9b43495-66f0-404d-9aef-bdbc65c9a2cd","BART_073.basePlot.vst","2017-08-28","vst_BART_2017","D01","BART","BART_073",,"NEON.PLA.D01.BART.03965","ok","sapling","Dead, broken bole",,,0.6,,0.6,0.4,,,,,1.4,10,,,"Probable cause of death is beech bark disease. Unknown cause of bole break.","WpWHyjh7ZEbsFcxLGlzbonUvwbNLZ84R","XVpAZvFTV5+SRUEkcK8K7LUOF15VuEMc","legacyData"
"8112e836-9e39-46ca-9d8d-3e6c133703b6","BART_073.basePlot.vst","2017-08-28","vst_BART_2017","D01","BART","BART_073",,"NEON.PLA.D01.BART.03913","ok","sapling","Live, disease damaged",,,1.0,,,,,,,,1.6,10,,,"Bole damage. Beech bark disease.","WpWHyjh7ZEbsFcxLGlzbonUvwbNLZ84R","XVpAZvFTV5+SRUEkcK8K7LUOF15VuEMc","legacyData"
"515f08f3-31d7-438c-b5ea-49cec69a4299","BART_073.basePlot.vst","2017-08-28","vst_BART_2017","D01","BART","BART_073",,"NEON.PLA.D01.BART.04630","ok","small tree","Live, disease damaged",7.5,130,9.9,,,,,,,,,,,,"Bole damage. Beech bark disease.","WpWHyjh7ZEbsFcxLGlzbonUvwbNLZ84R","XVpAZvFTV5+SRUEkcK8K7LUOF15VuEMc","legacyData"
"89041881-0273-41c6-a37a-ee8c55313aaf","BART_073.basePlot.vst","2017-08-28","vst_BART_2017","D01","BART","BART_073",,"NEON.PLA.D01.BART.03910","ok","small tree","Live, disease damaged",2.4,130,2.7,,,,,,,,,,,,"Bole damage. Beech bark disease. Almost dead.","WpWHyjh7ZEbsFcxLGlzbonUvwbNLZ84R","XVpAZvFTV5+SRUEkcK8K7LUOF15VuEMc","legacyData"
"1c71746a-1529-4c86-9b40-67ed8922276d","BART_073.basePlot.vst","2017-08-28","vst_BART_2017","D01","BART","BART_073",,"NEON.PLA.D01.BART.03926","ok","single bole tree","Live, disease damaged",20.2,130,17.3,,,,,,,,,,,,"Bole damage. Beech bark disease.","WpWHyjh7ZEbsFcxLGlzbonUvwbNLZ84R","XVpAZvFTV5+SRUEkcK8K7LUOF15VuEMc","legacyData"
"b5f9562f-c142-45c5-9f71-129bed197060","BART_073.basePlot.vst","2017-08-28","vst_BART_2017","D01","BART","BART_073",,"NEON.PLA.D01.BART.03930","ok","single bole tree","Live",11.1,130,7.5,,,,,,,,,,,,,"WpWHyjh7ZEbsFcxLGlzbonUvwbNLZ84R","XVpAZvFTV5+SRUEkcK8K7LUOF15VuEMc","legacyData"
"82842cd6-fef8-46f0-8f42-71cce5e40bbd","BART_073.basePlot.vst","2017-08-28","vst_BART_2017","D01","BART","BART_073",,"NEON.PLA.D01.BART.03668","ok","single bole tree","Live",14.3,130,11.1,,,,,,,,,,,,,"WpWHyjh7ZEbsFcxLGlzbonUvwbNLZ84R","XVpAZvFTV5+SRUEkcK8K7LUOF15VuEMc","legacyData"
"a8b0abf2-bbd8-4e59-ae84-0608acef9e39","BART_073.basePlot.vst","2017-08-28","vst_BART_2017","D01","BART","BART_073",,"NEON.PLA.D01.BART.03914","ok","sapling","Live, disease damaged",,,1.3,,,,,,,,2.8,10,,,"Bole damage. Beech bark disease. Main bole dead. Unknown cause.","WpWHyjh7ZEbsFcxLGlzbonUvwbNLZ84R","XVpAZvFTV5+SRUEkcK8K7LUOF15VuEMc","legacyData"
"e64c6b90-de22-45b1-9a17-ace6026302a1","BART_073.basePlot.vst","2017-08-28","vst_BART_2017","D01","BART","BART_073",,"NEON.PLA.D01.BART.03907","ok","single bole tree","Live",18.0,130,11.6,,,,,,,,,,,,,"WpWHyjh7ZEbsFcxLGlzbonUvwbNLZ84R","XVpAZvFTV5+SRUEkcK8K7LUOF15VuEMc","legacyData"
"64ebe561-e016-4c49-93ff-5786ad63d96d","BART_073.basePlot.vst","2017-08-28","vst_BART_2017","D01","BART","BART_073",,"NEON.PLA.D01.BART.03951","ok","single bole tree","Live, disease damaged",15.7,130,13.7,,,,,,,,,,,,"Bole damage. Beech bark disease.","WpWHyjh7ZEbsFcxLGlzbonUvwbNLZ84R","XVpAZvFTV5+SRUEkcK8K7LUOF15VuEMc","legacyData"
"8f3c18f5-202d-4d28-b701-f268506ae038","BART_073.basePlot.vst","2017-08-28","vst_BART_2017","D01","BART","BART_073",,"NEON.PLA.D01.BART.03929","ok","single bole tree","Live, physically damaged",14.2,130,14.0,,,,,,,,,,,,"One large branch dead","WpWHyjh7ZEbsFcxLGlzbonUvwbNLZ84R","XVpAZvFTV5+SRUEkcK8K7LUOF15VuEMc","legacyData"
"382fd6d3-aa39-45c8-8950-b5aa03ac7002","BART_073.basePlot.vst","2017-08-28","vst_BART_2017","D01","BART","BART_073",,"NEON.PLA.D01.BART.03902A","ok","multi-bole tree","Live, disease damaged",8.5,130,,,,,,,,,,,,,"Bole damage. Beech bark disease.","WpWHyjh7ZEbsFcxLGlzbonUvwbNLZ84R","XVpAZvFTV5+SRUEkcK8K7LUOF15VuEMc","legacyData"
"020e9867-4745-4bfd-a737-ce663dd66f69","BART_073.basePlot.vst","2017-08-28","vst_BART_2017","D01","BART","BART_073",,"NEON.PLA.D01.BART.03960","ok","sapling","Live, disease damaged",,,1.1,,,,,,,,1.1,10,,,"Bole damage. Beech bark disease. Also broken bole under 30 cm.","WpWHyjh7ZEbsFcxLGlzbonUvwbNLZ84R","XVpAZvFTV5+SRUEkcK8K7LUOF15VuEMc","legacyData"
"515d7bea-b869-4e81-ad82-614077a1dbb6","BART_073.basePlot.vst","2017-08-28","vst_BART_2017","D01","BART","BART_073",,"NEON.PLA.D01.BART.03945","ok","multi-bole tree","Live",22.6,130,16.6,,,,,,,,,,,,,"WpWHyjh7ZEbsFcxLGlzbonUvwbNLZ84R","XVpAZvFTV5+SRUEkcK8K7LUOF15VuEMc","legacyData"
"8bb94ede-9fe3-4342-8669-6e263608e18b","BART_073.basePlot.vst","2017-08-28","vst_BART_2017","D01","BART","BART_073",,"NEON.PLA.D01.BART.03915","ok","small tree","Live, disease damaged",1.5,130,3.0,,,,,,,,,,,,"Bole damage. Beech bark disease. Crown damage - dead branch. Unknown cause.","WpWHyjh7ZEbsFcxLGlzbonUvwbNLZ84R","XVpAZvFTV5+SRUEkcK8K7LUOF15VuEMc","legacyData"
"3ab25df7-778e-406c-8ff0-d1a345ffcb15","BART_073.basePlot.vst","2017-08-28","vst_BART_2017","D01","BART","BART_073",,"NEON.PLA.D01.BART.03691","ok","small tree","Live, disease damaged",1.2,130,1.7,,,,,,,,,,,,"Bole damage. Beech bark disease.","WpWHyjh7ZEbsFcxLGlzbonUvwbNLZ84R","XVpAZvFTV5+SRUEkcK8K7LUOF15VuEMc","legacyData"
"5bd41f35-c1cf-4998-8e2c-691a65c6cc95","BART_073.basePlot.vst","2017-08-28","vst_BART_2017","D01","BART","BART_073",,"NEON.PLA.D01.BART.03911","ok","small tree","Live, disease damaged",1.1,130,1.8,,,,,,,,,,,,"Bole damage. Beech bark disease.","WpWHyjh7ZEbsFcxLGlzbonUvwbNLZ84R","XVpAZvFTV5+SRUEkcK8K7LUOF15VuEMc","legacyData"
"95b89b46-0dde-45f3-9ade-5700e888549e","BART_073.basePlot.vst","2017-08-28","vst_BART_2017","D01","BART","BART_073",,"NEON.PLA.D01.BART.03679","ok","single bole tree","Live, disease damaged",17.3,130,14.5,,,,,,,,,,,,"Bole damage. Beech bark disease.","WpWHyjh7ZEbsFcxLGlzbonUvwbNLZ84R","XVpAZvFTV5+SRUEkcK8K7LUOF15VuEMc","legacyData"
"31bc346c-560b-4bf2-96ac-86cadd5e8d75","BART_073.basePlot.vst","2017-08-28","vst_BART_2017","D01","BART","BART_073",,"NEON.PLA.D01.BART.03670","ok","single bole tree","Live",40.1,130,20.6,,,,,,,,,,,,,"WpWHyjh7ZEbsFcxLGlzbonUvwbNLZ84R","XVpAZvFTV5+SRUEkcK8K7LUOF15VuEMc","legacyData"
"6b0ce0b3-9e6b-4ea5-98fb-2ba7343560c1","BART_073.basePlot.vst","2017-08-28","vst_BART_2017","D01","BART","BART_073",,"NEON.PLA.D01.BART.03936","ok","single bole tree","Live, disease damaged",20.0,130,14.6,,,,,,,,,,,,"Bole damage. Beech bark disease.","WpWHyjh7ZEbsFcxLGlzbonUvwbNLZ84R","XVpAZvFTV5+SRUEkcK8K7LUOF15VuEMc","legacyData"
"45a428ee-488a-42fd-905a-c8538d18d5fc","BART_073.basePlot.vst","2017-08-28","vst_BART_2017","D01","BART","BART_073",,"NEON.PLA.D01.BART.00994A","ok","multi-bole tree","Live, disease damaged",6.0,130,,,,,,,,,,,,,"Bole damage. Beech bark disease.","WpWHyjh7ZEbsFcxLGlzbonUvwbNLZ84R","XVpAZvFTV5+SRUEkcK8K7LUOF15VuEMc","legacyData"
"b7fe5363-e073-49ae-9659-bbe21f8696d0","BART_073.basePlot.vst","2017-08-28","vst_BART_2017","D01","BART","BART_073",,"NEON.PLA.D01.BART.03672","ok","single bole tree","Live, disease damaged",18.6,130,13.9,,,,,,,,,,,,"Bole damage. Beech bark disease.","WpWHyjh7ZEbsFcxLGlzbonUvwbNLZ84R","XVpAZvFTV5+SRUEkcK8K7LUOF15VuEMc","legacyData"
"fb70416e-c576-408e-a6c6-399cffba7ac3","BART_073.basePlot.vst","2017-08-28","vst_BART_2017","D01","BART","BART_073",,"NEON.PLA.D01.BART.03918A","ok","multi-bole tree","Live",13.4,130,,,,,,,,,,,,,,"WpWHyjh7ZEbsFcxLGlzbonUvwbNLZ84R","XVpAZvFTV5+SRUEkcK8K7LUOF15VuEMc","legacyData"
"7d10e16a-b911-43f0-89fb-90576e939b4c","BART_073.basePlot.vst","2017-08-28","vst_BART_2017","D01","BART","BART_073",,"NEON.PLA.D01.BART.03947","ok","single bole tree","Live, disease damaged",11.6,130,10.1,,,,,,,,,,,,"Bole damage. Beech bark disease.","WpWHyjh7ZEbsFcxLGlzbonUvwbNLZ84R","XVpAZvFTV5+SRUEkcK8K7LUOF15VuEMc","legacyData"
"85771cd5-d196-475b-8640-199134a1b32f","BART_073.basePlot.vst","2017-08-28","vst_BART_2017","D01","BART","BART_073",,"NEON.PLA.D01.BART.03693","ok","single bole tree","Live, disease damaged",18.1,130,18.0,,,,,,,,,,,,"Bole damage. Beech bark disease.","WpWHyjh7ZEbsFcxLGlzbonUvwbNLZ84R","XVpAZvFTV5+SRUEkcK8K7LUOF15VuEMc","legacyData"
"bdb42192-5a8b-458f-9447-5a0097f8ba0e","BART_073.basePlot.vst","2017-08-28","vst_BART_2017","D01","BART","BART_073",,"NEON.PLA.D01.BART.03904","ok","small tree","Live, disease damaged",3.8,130,5.5,,,,,,,,,,,,"Bole damage. Beech bark disease.","WpWHyjh7ZEbsFcxLGlzbonUvwbNLZ84R","XVpAZvFTV5+SRUEkcK8K7LUOF15VuEMc","legacyData"
"894f603c-05a4-4ecf-8a12-73c930d791c7","BART_073.basePlot.vst","2017-08-28","vst_BART_2017","D01","BART","BART_073",,"NEON.PLA.D01.BART.04636","ok","single bole tree","Live",20.3,130,12.5,,,,,,,,,,,,,"WpWHyjh7ZEbsFcxLGlzbonUvwbNLZ84R","XVpAZvFTV5+SRUEkcK8K7LUOF15VuEMc","legacyData"
"33d4349c-02dc-4441-9826-2d9607e36940","BART_073.basePlot.vst","2017-08-28","vst_BART_2017","D01","BART","BART_073",,"NEON.PLA.D01.BART.04628","ok","sapling","Live, disease damaged",,,1.1,,,,,,,,1.5,10,,,"Bole damage. Beech bark disease.","WpWHyjh7ZEbsFcxLGlzbonUvwbNLZ84R","XVpAZvFTV5+SRUEkcK8K7LUOF15VuEMc","legacyData"
"7c58805b-210b-4526-a33b-0d23f70aeb3d","BART_073.basePlot.vst","2017-08-28","vst_BART_2017","D01","BART","BART_073",,"NEON.PLA.D01.BART.03678","ok","single bole tree","Live, disease damaged",17.7,130,10.9,,,,,,,,,,,,"Bole damage. Beech bark disease.","WpWHyjh7ZEbsFcxLGlzbonUvwbNLZ84R","XVpAZvFTV5+SRUEkcK8K7LUOF15VuEMc","legacyData"
"a9a5be5d-7d4b-4026-b076-e3da86d40606","BART_073.basePlot.vst","2017-08-28","vst_BART_2017","D01","BART","BART_073",,"NEON.PLA.D01.BART.03695","ok","sapling","Live, disease damaged",,,1.3,,,,,,,,1.6,10,,,"Bole damage. Beech bark disease.","WpWHyjh7ZEbsFcxLGlzbonUvwbNLZ84R","XVpAZvFTV5+SRUEkcK8K7LUOF15VuEMc","legacyData"
"8da36a13-256e-40c5-acf8-2bf38dd260bc","BART_073.basePlot.vst","2017-08-28","vst_BART_2017","D01","BART","BART_073",,"NEON.PLA.D01.BART.03687","ok","sapling","Live, disease damaged",,,0.7,,,,,,,,1.2,10,,,"Bole damage. Beech bark disease. Crown damage - broken branch. Unknown cause.","WpWHyjh7ZEbsFcxLGlzbonUvwbNLZ84R","XVpAZvFTV5+SRUEkcK8K7LUOF15VuEMc","legacyData"
"cccd3193-111d-47c7-838e-d5c7d7297f4c","BART_073.basePlot.vst","2017-08-28","vst_BART_2017","D01","BART","BART_073",,"NEON.PLA.D01.BART.03945A","ok","multi-bole tree","Dead, broken bole",17.0,130,,,19.3,8.0,,,,,,,,,"Unknown cause of death","WpWHyjh7ZEbsFcxLGlzbonUvwbNLZ84R","XVpAZvFTV5+SRUEkcK8K7LUOF15VuEMc","legacyData"
"a4d3d8d0-4e18-4be4-8a31-0bd0c9d84046","BART_073.basePlot.vst","2017-08-28","vst_BART_2017","D01","BART","BART_073",,"NEON.PLA.D01.BART.03958","ok","small tree","Live, disease damaged",9.4,130,11.1,,,,,,,,,,,,"Bole damage. Beech bark disease.","WpWHyjh7ZEbsFcxLGlzbonUvwbNLZ84R","XVpAZvFTV5+SRUEkcK8K7LUOF15VuEMc","legacyData"
"8bdcb00b-cff9-4727-ad78-2aec838bf660","BART_073.basePlot.vst","2017-08-28","vst_BART_2017","D01","BART","BART_073",,"NEON.PLA.D01.BART.03940","ok","single bole tree","Live, physically damaged",30.7,160,19.5,,,,,,,,,,,,"Very large buldge on bole","WpWHyjh7ZEbsFcxLGlzbonUvwbNLZ84R","XVpAZvFTV5+SRUEkcK8K7LUOF15VuEMc","legacyData"
"d4c91638-6b80-4ca6-9416-6218cfe77c29","BART_073.basePlot.vst","2017-08-28","vst_BART_2017","D01","BART","BART_073",,"NEON.PLA.D01.BART.03674","ok","single bole tree","Live",10.6,130,13.3,,,,,,,,,,,,,"WpWHyjh7ZEbsFcxLGlzbonUvwbNLZ84R","XVpAZvFTV5+SRUEkcK8K7LUOF15VuEMc","legacyData"
"4a04af1f-5b80-4185-bc93-fa70222fae48","BART_073.basePlot.vst","2017-08-28","vst_BART_2017","D01","BART","BART_073",,"NEON.PLA.D01.BART.04762","ok","sapling","Live, broken bole",,,0.4,,0.4,0.5,,,,,1.0,10,,,"Bole damage. Beech bark disease.","WpWHyjh7ZEbsFcxLGlzbonUvwbNLZ84R","XVpAZvFTV5+SRUEkcK8K7LUOF15VuEMc","legacyData"
"1c583f79-9533-438d-9f17-b31e6a90b915","BART_073.basePlot.vst","2017-08-28","vst_BART_2017","D01","BART","BART_073",,"NEON.PLA.D01.BART.03660","ok","single bole tree","Live",12.1,130,8.0,,,,,,,,,,,,,"WpWHyjh7ZEbsFcxLGlzbonUvwbNLZ84R","XVpAZvFTV5+SRUEkcK8K7LUOF15VuEMc","legacyData"
"92a0f26e-bb5e-418e-a492-63303a33d065","BART_073.basePlot.vst","2017-08-28","vst_BART_2017","D01","BART","BART_073",,"NEON.PLA.D01.BART.03675","ok","single bole tree","Live",17.3,130,12.5,,,,,,,,,,,,,"WpWHyjh7ZEbsFcxLGlzbonUvwbNLZ84R","XVpAZvFTV5+SRUEkcK8K7LUOF15VuEMc","legacyData"
"1a38e1f0-1d35-4939-9175-c118c355ee4c","BART_073.basePlot.vst","2017-08-28","vst_BART_2017","D01","BART","BART_073",,"NEON.PLA.D01.BART.03955","ok","single bole tree","Live, physically damaged",19.1,130,12.2,,,,,,,,,,,,"Leaning alive with a large broken branch. Cause probably beach bark disease.","WpWHyjh7ZEbsFcxLGlzbonUvwbNLZ84R","XVpAZvFTV5+SRUEkcK8K7LUOF15VuEMc","legacyData"
"598d6bff-8d2a-4d51-8abc-3d9602d4749d","BART_073.basePlot.vst","2017-08-28","vst_BART_2017","D01","BART","BART_073",,"NEON.PLA.D01.BART.03934","ok","single bole tree","Live",16.3,130,10.1,,,,,,,,,,,,,"WpWHyjh7ZEbsFcxLGlzbonUvwbNLZ84R","XVpAZvFTV5+SRUEkcK8K7LUOF15VuEMc","legacyData"
"7235b213-95d9-41fa-9eae-52e9a5d96698","BART_073.basePlot.vst","2017-08-28","vst_BART_2017","D01","BART","BART_073",,"NEON.PLA.D01.BART.03700","ok","single bole tree","Live, physically damaged",21.7,130,17.7,,,,,,,,,,,,"Bole damage. Large vertical bulge. Unknown cause.","WpWHyjh7ZEbsFcxLGlzbonUvwbNLZ84R","XVpAZvFTV5+SRUEkcK8K7LUOF15VuEMc","legacyData"
"72229abd-d3cd-4c38-bc9f-e435aba96b19","BART_073.basePlot.vst","2017-08-28","vst_BART_2017","D01","BART","BART_073",,"NEON.PLA.D01.BART.03923","ok","single bole tree","Live",12.2,130,8.2,,,,,,,,,,,,,"WpWHyjh7ZEbsFcxLGlzbonUvwbNLZ84R","XVpAZvFTV5+SRUEkcK8K7LUOF15VuEMc","legacyData"
"59b305de-0e40-4d2a-9fa2-27c106c7a4bf","BART_073.basePlot.vst","2017-08-28","vst_BART_2017","D01","BART","BART_073",,"NEON.PLA.D01.BART.03903","ok","small tree","Live, disease damaged",1.1,130,2.4,,,,,,,,,,,,"Bole damage. Beech bark disease.","WpWHyjh7ZEbsFcxLGlzbonUvwbNLZ84R","XVpAZvFTV5+SRUEkcK8K7LUOF15VuEMc","legacyData"
"678fe377-3789-4a86-b5bd-c337d949e0c9","BART_073.basePlot.vst","2017-08-28","vst_BART_2017","D01","BART","BART_073",,"NEON.PLA.D01.BART.03689","ok","sapling","Live, disease damaged",,,2.0,,,,,,,,2.3,10,,,"Bole damage. Beech bark disease.","WpWHyjh7ZEbsFcxLGlzbonUvwbNLZ84R","XVpAZvFTV5+SRUEkcK8K7LUOF15VuEMc","legacyData"
"82c4f714-eaae-4eb4-ab8d-99abc02e6a0a","BART_073.basePlot.vst","2017-08-28","vst_BART_2017","D01","BART","BART_073",,"NEON.PLA.D01.BART.03919","ok","single bole tree","Standing dead",19.3,130,13.7,,,,,,,,,,,,"2 large scars. Unknown cause of death.","WpWHyjh7ZEbsFcxLGlzbonUvwbNLZ84R","XVpAZvFTV5+SRUEkcK8K7LUOF15VuEMc","legacyData"
"3823456d-e7fa-49f2-96c3-a9d88eadfde3","BART_073.basePlot.vst","2017-08-28","vst_BART_2017","D01","BART","BART_073",,"NEON.PLA.D01.BART.03696","ok","single bole tree","Live, disease damaged",22.5,130,14.8,,,,,,,,,,,,"Bole damage. Beech bark disease.","WpWHyjh7ZEbsFcxLGlzbonUvwbNLZ84R","XVpAZvFTV5+SRUEkcK8K7LUOF15VuEMc","legacyData"
"7557305f-8c71-480f-92f3-e17966cece25","BART_073.basePlot.vst","2017-08-28","vst_BART_2017","D01","BART","BART_073",,"NEON.PLA.D01.BART.03912","ok","small tree","Live, disease damaged",3.3,130,3.9,,,,,,,,,,,,"Bole damage. Beech bark disease. Crown damage. Broken branch. Unknown cause.","WpWHyjh7ZEbsFcxLGlzbonUvwbNLZ84R","XVpAZvFTV5+SRUEkcK8K7LUOF15VuEMc","legacyData"
"6e59803a-9b80-4829-a37f-bfb05ed0c7ec","BART_073.basePlot.vst","2017-08-28","vst_BART_2017","D01","BART","BART_073",,"NEON.PLA.D01.BART.03684","ok","single bole tree","Live, disease damaged",23.9,130,15.5,,,,,,,,,,,,"Bole damage. Beech bark disease.","WpWHyjh7ZEbsFcxLGlzbonUvwbNLZ84R","XVpAZvFTV5+SRUEkcK8K7LUOF15VuEMc","legacyData"
"6f7d517b-24d1-41bc-9ce0-b989a5f0b9dd","BART_073.basePlot.vst","2017-08-28","vst_BART_2017","D01","BART","BART_073",,"NEON.PLA.D01.BART.03665A","ok","multi-bole tree","Live",26.7,130,,,,,,,,,,,,,,"WpWHyjh7ZEbsFcxLGlzbonUvwbNLZ84R","XVpAZvFTV5+SRUEkcK8K7LUOF15VuEMc","legacyData"
"8cdecd25-1cd8-4f83-b542-cfd079abfeb3","BART_073.basePlot.vst","2017-08-28","vst_BART_2017","D01","BART","BART_073",,"NEON.PLA.D01.BART.03954","ok","single bole tree","Live, disease damaged",28.3,130,16.8,,,,,,,,,,,,"Bole damage. Beech bark disease.","WpWHyjh7ZEbsFcxLGlzbonUvwbNLZ84R","XVpAZvFTV5+SRUEkcK8K7LUOF15VuEMc","legacyData"
"620f85eb-bc9a-4526-a0bf-e01534fbfe70","BART_073.basePlot.vst","2017-08-28","vst_BART_2017","D01","BART","BART_073",,"NEON.PLA.D01.BART.03950","ok","single bole tree","Live, physically damaged",36.4,130,19.9,,,,,,,,,,,,"Crown damage. Dead branch.","WpWHyjh7ZEbsFcxLGlzbonUvwbNLZ84R","XVpAZvFTV5+SRUEkcK8K7LUOF15VuEMc","legacyData"
"1feb6c9c-33e2-4177-894c-a881f7277530","BART_073.basePlot.vst","2017-08-28","vst_BART_2017","D01","BART","BART_073",,"NEON.PLA.D01.BART.04631","ok","small tree","Live, disease damaged",7.1,130,8.9,,,,,,,,,,,,"Bole damage. Beech bark disease.","WpWHyjh7ZEbsFcxLGlzbonUvwbNLZ84R","XVpAZvFTV5+SRUEkcK8K7LUOF15VuEMc","legacyData"
"2b61f5ea-37b4-4793-bfd6-ad6a29e8dfeb","BART_073.basePlot.vst","2017-08-28","vst_BART_2017","D01","BART","BART_073",,"NEON.PLA.D01.HARV.03909","ok","single bole tree","Dead, broken bole",36.2,130,14.8,,14.8,12.0,,,,,,,,,"Unknown cause of death and break.","WpWHyjh7ZEbsFcxLGlzbonUvwbNLZ84R","XVpAZvFTV5+SRUEkcK8K7LUOF15VuEMc","legacyData"
"94c1c744-1917-4aba-865d-28267640c403","BART_073.basePlot.vst","2017-08-28","vst_BART_2017","D01","BART","BART_073",,"NEON.PLA.D01.BART.03680","ok","single bole tree","Live",21.7,130,10.4,,,,,,,,,,,,,"WpWHyjh7ZEbsFcxLGlzbonUvwbNLZ84R","XVpAZvFTV5+SRUEkcK8K7LUOF15VuEMc","legacyData"
"7becaf46-4e3e-455e-bf2d-c51ec88bd540","BART_073.basePlot.vst","2017-08-28","vst_BART_2017","D01","BART","BART_073",,"NEON.PLA.D01.BART.03682","ok","single bole tree","Live",25.1,130,16.3,,,,,,,,,,,,,"WpWHyjh7ZEbsFcxLGlzbonUvwbNLZ84R","XVpAZvFTV5+SRUEkcK8K7LUOF15VuEMc","legacyData"
"fb3e917e-39c8-4115-a0dd-d96b0548aba3","BART_073.basePlot.vst","2017-08-28","vst_BART_2017","D01","BART","BART_073",,"NEON.PLA.D01.BART.03971","ok","single bole tree","Live",24.5,130,19.3,,,,,,,,,,,,,"WpWHyjh7ZEbsFcxLGlzbonUvwbNLZ84R","XVpAZvFTV5+SRUEkcK8K7LUOF15VuEMc","legacyData"
"9edde252-b265-4e58-9848-8c94ef5b09c4","BART_073.basePlot.vst","2017-08-28","vst_BART_2017","D01","BART","BART_073",,"NEON.PLA.D01.BART.03669","ok","small tree","Lost, fate unknown",,,,,,,,,,,,,,,"Not measured in 2016 and 2017.","WpWHyjh7ZEbsFcxLGlzbonUvwbNLZ84R","XVpAZvFTV5+SRUEkcK8K7LUOF15VuEMc","legacyData"
"ac67e057-af66-4a58-8a44-54d9b74ff07c","BART_073.basePlot.vst","2017-08-28","vst_BART_2017","D01","BART","BART_073",,"NEON.PLA.D01.BART.03948","ok","single bole tree","Standing dead",35.3,130,17.5,,,,,,,,,,,,"Unknown cause of death","WpWHyjh7ZEbsFcxLGlzbonUvwbNLZ84R","XVpAZvFTV5+SRUEkcK8K7LUOF15VuEMc","legacyData"
"5379e0f0-9a78-4184-b031-4495a9889a23","BART_073.basePlot.vst","2017-08-28","vst_BART_2017","D01","BART","BART_073",,"NEON.PLA.D01.BART.03916","ok","small tree","Live, disease damaged",9.2,130,11.7,,,,,,,,,,,,"Bole damage. Beech bark disease.","WpWHyjh7ZEbsFcxLGlzbonUvwbNLZ84R","XVpAZvFTV5+SRUEkcK8K7LUOF15VuEMc","legacyData"
"d925b8eb-8b3a-4a8a-b199-58167f5c1353","BART_073.basePlot.vst","2017-08-28","vst_BART_2017","D01","BART","BART_073",,"NEON.PLA.D01.BART.03667","ok","single bole tree","Live, physically damaged",48.0,130,17.6,,,,,,,,,,,,"Crown damage. Dead branches. Unknown cause.","WpWHyjh7ZEbsFcxLGlzbonUvwbNLZ84R","XVpAZvFTV5+SRUEkcK8K7LUOF15VuEMc","legacyData"
"3ca3d505-3504-42cb-808f-3aa417b438ad","BART_073.basePlot.vst","2017-08-28","vst_BART_2017","D01","BART","BART_073",,"NEON.PLA.D01.BART.04634","ok","single bole tree","Live",23.5,130,11.3,,,,,,,,,,,,,"WpWHyjh7ZEbsFcxLGlzbonUvwbNLZ84R","XVpAZvFTV5+SRUEkcK8K7LUOF15VuEMc","legacyData"
"9c51f6a4-6412-4bda-ae6d-1c4d93f25184","BART_073.basePlot.vst","2017-08-28","vst_BART_2017","D01","BART","BART_073",,"NEON.PLA.D01.BART.03938","ok","small tree","Lost, fate unknown",,,,,,,,,,,,,,,"Not measured in 2016 and 2017.","WpWHyjh7ZEbsFcxLGlzbonUvwbNLZ84R","XVpAZvFTV5+SRUEkcK8K7LUOF15VuEMc","legacyData"
"9f0e8657-e1d9-4dc5-8f70-b71be7b020a1","BART_073.basePlot.vst","2017-08-28","vst_BART_2017","D01","BART","BART_073",,"NEON.PLA.D01.BART.03685","ok","small tree","Standing dead",24.7,130,7.5,,,,,,,,,,,,"Unknown cause of death.","WpWHyjh7ZEbsFcxLGlzbonUvwbNLZ84R","XVpAZvFTV5+SRUEkcK8K7LUOF15VuEMc","legacyData"
"230a1f58-52da-46f7-a2bd-91408cf5cc61","BART_073.basePlot.vst","2017-08-28","vst_BART_2017","D01","BART","BART_073",,"NEON.PLA.D01.BART.03697","ok","single bole tree","Live, disease damaged",13.3,130,15.4,,,,,,,,,,,,"Bole damage. Beech bark disease.","WpWHyjh7ZEbsFcxLGlzbonUvwbNLZ84R","XVpAZvFTV5+SRUEkcK8K7LUOF15VuEMc","legacyData"
"10d2d3b8-f9f9-4f01-819c-a31326a3e72b","BART_073.basePlot.vst","2017-08-28","vst_BART_2017","D01","BART","BART_073",,"NEON.PLA.D01.BART.03927","ok","single bole tree","Live",25.3,130,17.8,,,,,,,,,,,,,"WpWHyjh7ZEbsFcxLGlzbonUvwbNLZ84R","XVpAZvFTV5+SRUEkcK8K7LUOF15VuEMc","legacyData"
"3db952c3-fb62-4e32-b7d3-68f5accd2c48","BART_073.basePlot.vst","2017-08-28","vst_BART_2017","D01","BART","BART_073",,"NEON.PLA.D01.BART.03698A","ok","small tree","Lost, fate unknown",,,,,,,,,,,,,,,"Not measured in 2016 and 2017.","WpWHyjh7ZEbsFcxLGlzbonUvwbNLZ84R","XVpAZvFTV5+SRUEkcK8K7LUOF15VuEMc","legacyData"
"8049ca3f-0388-478c-a4ca-1cdb52295143","BART_073.basePlot.vst","2017-08-28","vst_BART_2017","D01","BART","BART_073",,"NEON.PLA.D01.BART.04629","ok","sapling","Live, disease damaged",,,0.3,,,,,,,,1.4,10,,,"Bole damage. Beech bark disease. Crown damage - dead branches.","WpWHyjh7ZEbsFcxLGlzbonUvwbNLZ84R","XVpAZvFTV5+SRUEkcK8K7LUOF15VuEMc","legacyData"
"b9204984-9971-4414-8a11-d78b0cfdeb04","BART_073.basePlot.vst","2017-08-28","vst_BART_2017","D01","BART","BART_073",,"NEON.PLA.D01.BART.03694","ok","sapling","Live, disease damaged",,,1.8,,,,,,,,1.6,30,,,"Bole damage. Beech bark disease. Bulge at base of main bole.","WpWHyjh7ZEbsFcxLGlzbonUvwbNLZ84R","XVpAZvFTV5+SRUEkcK8K7LUOF15VuEMc","legacyData"
"4d8d9e59-d8e1-4be1-ab4f-2f891641b870","BART_073.basePlot.vst","2017-08-28","vst_BART_2017","D01","BART","BART_073",,"NEON.PLA.D01.BART.03956","ok","single bole tree","Downed",,,,,,,,,,,,,,,,"WpWHyjh7ZEbsFcxLGlzbonUvwbNLZ84R","XVpAZvFTV5+SRUEkcK8K7LUOF15VuEMc","legacyData"
"08867c4e-8088-4f9e-93e6-98965a3f9f23","BART_073.basePlot.vst","2017-08-28","vst_BART_2017","D01","BART","BART_073",,"NEON.PLA.D01.BART.03961","ok","small tree","Live, disease damaged",1.6,130,2.0,,,,,,,,,,,,"Bole damage. Beech bark disease.","WpWHyjh7ZEbsFcxLGlzbonUvwbNLZ84R","XVpAZvFTV5+SRUEkcK8K7LUOF15VuEMc","legacyData"
"65a28083-6574-4cc2-9d8b-f2b09bac1f9b","BART_073.basePlot.vst","2017-08-28","vst_BART_2017","D01","BART","BART_073",,"NEON.PLA.D01.BART.03673","ok","multi-bole tree","Live",32.5,130,18.4,,,,,,,,,,,,,"WpWHyjh7ZEbsFcxLGlzbonUvwbNLZ84R","XVpAZvFTV5+SRUEkcK8K7LUOF15VuEMc","legacyData"
"e1462d7d-91e8-4b23-883d-686e7ec7f31b","BART_073.basePlot.vst","2017-08-28","vst_BART_2017","D01","BART","BART_073",,"NEON.PLA.D01.BART.03659","ok","single bole tree","Live, disease damaged",17.6,130,17.0,,,,,,,,,,,,"Bole damage. Beech bark disease.","WpWHyjh7ZEbsFcxLGlzbonUvwbNLZ84R","XVpAZvFTV5+SRUEkcK8K7LUOF15VuEMc","legacyData"
"848bba51-8b0a-43a3-9ca0-fdb01aed4bee","BART_073.basePlot.vst","2017-08-28","vst_BART_2017","D01","BART","BART_073",,"NEON.PLA.D01.BART.03939","ok","single bole tree","Live",23.5,130,11.7,,,,,,,,,,,,,"WpWHyjh7ZEbsFcxLGlzbonUvwbNLZ84R","XVpAZvFTV5+SRUEkcK8K7LUOF15VuEMc","legacyData"
"a49cb963-6fc8-4b99-b39a-54b24583708d","BART_073.basePlot.vst","2017-08-28","vst_BART_2017","D01","BART","BART_073",,"NEON.PLA.D01.BART.03690","ok",,"No longer qualifies",,,,,,,,,,,,,,,"DBH < 10cm","WpWHyjh7ZEbsFcxLGlzbonUvwbNLZ84R","XVpAZvFTV5+SRUEkcK8K7LUOF15VuEMc","legacyData"
"5481e3eb-e95f-4eab-a5a0-d5d662586288","BART_073.basePlot.vst","2017-08-28","vst_BART_2017","D01","BART","BART_073",,"NEON.PLA.D01.BART.03688","ok","sapling","Live, disease damaged",,,1.8,,,,,,,,1.7,10,,,"Bole damage. Beech bark disease.","WpWHyjh7ZEbsFcxLGlzbonUvwbNLZ84R","XVpAZvFTV5+SRUEkcK8K7LUOF15VuEMc","legacyData"
"ec9153d8-0fd3-4a23-a974-0d69301a1c53","BART_073.basePlot.vst","2017-08-28","vst_BART_2017","D01","BART","BART_073",,"NEON.PLA.D01.BART.03931","ok","single bole tree","Live, physically damaged",26.3,130,18.1,,,,,,,,,,,,"Scarring on bole","WpWHyjh7ZEbsFcxLGlzbonUvwbNLZ84R","XVpAZvFTV5+SRUEkcK8K7LUOF15VuEMc","legacyData"
"a815106d-b295-43bc-a74b-2e850be0705e","BART_073.basePlot.vst","2017-08-28","vst_BART_2017","D01","BART","BART_073",,"NEON.PLA.D01.BART.03699","ok","multi-bole tree","Live, disease damaged",26.6,130,17.7,,,,,,,,,,,,"Bole damage. Beech bark disease.","WpWHyjh7ZEbsFcxLGlzbonUvwbNLZ84R","XVpAZvFTV5+SRUEkcK8K7LUOF15VuEMc","legacyData"
"aff7b373-116e-4128-96f5-e913366a86bf","BART_073.basePlot.vst","2017-08-28","vst_BART_2017","D01","BART","BART_073",,"NEON.PLA.D01.BART.03676","ok","single bole tree","Live, disease damaged",12.0,130,13.0,,,,,,,,,,,,"Bole damage. Beech bark disease.","WpWHyjh7ZEbsFcxLGlzbonUvwbNLZ84R","XVpAZvFTV5+SRUEkcK8K7LUOF15VuEMc","legacyData"
"de4f53b3-e911-42b4-b725-42aaddb2c721","BART_073.basePlot.vst","2017-08-28","vst_BART_2017","D01","BART","BART_073",,"NEON.PLA.D01.BART.04624","ok",,"No longer qualifies",,,,,,,,,,,,,,,"Dead stump under 130cm.","WpWHyjh7ZEbsFcxLGlzbonUvwbNLZ84R","XVpAZvFTV5+SRUEkcK8K7LUOF15VuEMc","legacyData"
"f626a4f5-789f-4e07-87b0-15054ec9ff6a","BART_073.basePlot.vst","2017-08-28","vst_BART_2017","D01","BART","BART_073",,"NEON.PLA.D01.BART.03698","ok","single bole tree","Live, disease damaged",31.5,130,17.0,,,,,,,,,,,,"Bole damage. Beech bark disease. Dead broken side branch.","WpWHyjh7ZEbsFcxLGlzbonUvwbNLZ84R","XVpAZvFTV5+SRUEkcK8K7LUOF15VuEMc","legacyData"
"217b1a3f-3823-4c8e-9e6c-2b11f8a944dd","BART_073.basePlot.vst","2017-08-28","vst_BART_2017","D01","BART","BART_073",,"NEON.PLA.D01.BART.03934","ok","single bole tree","Live",35.5,130,15.9,,,,,,,,,,,,,"WpWHyjh7ZEbsFcxLGlzbonUvwbNLZ84R","XVpAZvFTV5+SRUEkcK8K7LUOF15VuEMc","legacyData"
"5c541e06-a29a-4ee3-b65b-4d365f9c1afc","BART_073.basePlot.vst","2017-08-28","vst_BART_2017","D01","BART","BART_073",,"NEON.PLA.D01.BART.03673A","ok","multi-bole tree","Live, physically damaged",33.9,200,,,,,,,,,,,,,"Bole damage. Large cavity. Unknown cause. DBH was actually taken at 240cm but Fulcrum does not accept values greater than 200cm.","WpWHyjh7ZEbsFcxLGlzbonUvwbNLZ84R","XVpAZvFTV5+SRUEkcK8K7LUOF15VuEMc","legacyData"
"674b71b7-aedc-4db1-b672-4e21494295df","BART_073.basePlot.vst","2017-08-28","vst_BART_2017","D01","BART","BART_073",,"NEON.PLA.D01.BART.03920","ok","single bole tree","Dead, broken bole",23.4,130,11.0,,11.0,10.0,,,,,,,,,"Unknown cause of death and break.","WpWHyjh7ZEbsFcxLGlzbonUvwbNLZ84R","XVpAZvFTV5+SRUEkcK8K7LUOF15VuEMc","legacyData"
"6081ecb0-5ba3-418c-a65d-65f0db0493d0","BART_073.basePlot.vst","2017-08-28","vst_BART_2017","D01","BART","BART_073",,"NEON.PLA.D01.BART.03935","ok","single bole tree","Live",17.8,130,13.5,,,,,,,,,,,,,"WpWHyjh7ZEbsFcxLGlzbonUvwbNLZ84R","XVpAZvFTV5+SRUEkcK8K7LUOF15VuEMc","legacyData"
"bf7b445c-d038-4427-b997-9f89b276b502","BART_073.basePlot.vst","2017-08-28","vst_BART_2017","D01","BART","BART_073",,"NEON.PLA.D01.BART.00994","ok","multi-bole tree","Live, disease damaged",11.5,130,11.8,,,,,,,,,,,,"Bole damage. Beech bark disease.","WpWHyjh7ZEbsFcxLGlzbonUvwbNLZ84R","XVpAZvFTV5+SRUEkcK8K7LUOF15VuEMc","legacyData"
"f7e0b0c0-ddb1-4a4a-93ea-a1b684345ff1","BART_073.basePlot.vst","2017-08-28","vst_BART_2017","D01","BART","BART_073",,"NEON.PLA.D01.BART.04635","ok","single bole tree","Downed",24.4,130,1.7,,,,,,,,,,,,"Unknown cause of death and break.","WpWHyjh7ZEbsFcxLGlzbonUvwbNLZ84R","XVpAZvFTV5+SRUEkcK8K7LUOF15VuEMc","legacyData"
"0c6dd18e-1a05-4a5d-ac0a-f5238e89cdc8","BART_073.basePlot.vst","2017-08-28","vst_BART_2017","D01","BART","BART_073",,"NEON.PLA.D01.BART.03664","ok","single bole tree","Live, disease damaged",23.3,130,15.5,,,,,,,,,,,,"Bole damage. Beech bark disease.","WpWHyjh7ZEbsFcxLGlzbonUvwbNLZ84R","XVpAZvFTV5+SRUEkcK8K7LUOF15VuEMc","legacyData"
"11f0ea7d-c3b6-430d-9d68-ad163490a61b","BART_073.basePlot.vst","2017-08-28","vst_BART_2017","D01","BART","BART_073",,"NEON.PLA.D01.BART.03918","ok","multi-bole tree","Live",26.4,130,16.3,,,,,,,,,,,,,"WpWHyjh7ZEbsFcxLGlzbonUvwbNLZ84R","XVpAZvFTV5+SRUEkcK8K7LUOF15VuEMc","legacyData"
"e5bcd427-4ed4-4f1c-ab98-f132a97ba081","BART_073.basePlot.vst","2017-08-28","vst_BART_2017","D01","BART","BART_073",,"NEON.PLA.D01.BART.03686","ok","sapling","Live, disease damaged",,,1.0,,,,,,,,2.3,10,,,"Bole damage. Beech bark disease.","WpWHyjh7ZEbsFcxLGlzbonUvwbNLZ84R","XVpAZvFTV5+SRUEkcK8K7LUOF15VuEMc","legacyData"
"ccaafc85-b023-440b-be4c-e69fbdc09e7e","BART_073.basePlot.vst","2017-08-28","vst_BART_2017","D01","BART","BART_073",,"NEON.PLA.D01.BART.03945B","ok","multi-bole tree","Downed",,,,,,,,,,,,,,,,"WpWHyjh7ZEbsFcxLGlzbonUvwbNLZ84R","XVpAZvFTV5+SRUEkcK8K7LUOF15VuEMc","legacyData"
"202ce409-58ea-4205-bbb2-946aa466955f","BART_073.basePlot.vst","2017-08-28","vst_BART_2017","D01","BART","BART_073",,"NEON.PLA.D01.BART.03949","ok","single bole tree","Live, disease damaged",13.7,130,15.7,,,,,,,,,,,,"Bole damage. Beech bark disease.","WpWHyjh7ZEbsFcxLGlzbonUvwbNLZ84R","XVpAZvFTV5+SRUEkcK8K7LUOF15VuEMc","legacyData"
"b360181a-9024-463a-9844-88f071e36251","BART_073.basePlot.vst","2017-08-28","vst_BART_2017","D01","BART","BART_073",,"NEON.PLA.D01.BART.03963","ok","small tree","Live, disease damaged",5.5,130,10.3,,,,,,,,,,,,"Bole damage. Beech bark disease.","WpWHyjh7ZEbsFcxLGlzbonUvwbNLZ84R","XVpAZvFTV5+SRUEkcK8K7LUOF15VuEMc","legacyData"
"fbc0ab6a-72a0-4fdd-8c3e-7cd0f0943b32","BART_042.basePlot.vst","2017-08-30","vst_BART_2017","D01","BART","BART_042",,"NEON.PLA.D01.BART.05311","ok","small tree","Live, physically damaged",7.4,130,4.6,,,,,,,,,,,,"Bole damage. Bent over. Unknown cause.","XVpAZvFTV5+SRUEkcK8K7LUOF15VuEMc","WpWHyjh7ZEbsFcxLGlzbonUvwbNLZ84R","legacyData"
"a28b5e5e-5905-473a-914b-0155c7fbc526","BART_042.basePlot.vst","2017-08-30","vst_BART_2017","D01","BART","BART_042",,"NEON.PLA.D01.BART.03173","ok","single bole tree","Live",38.7,130,16.2,,,,,,,,,,,,,"XVpAZvFTV5+SRUEkcK8K7LUOF15VuEMc","WpWHyjh7ZEbsFcxLGlzbonUvwbNLZ84R","legacyData"
"e11c39ba-9c48-4ba1-93ab-4dd71dc76761","BART_042.basePlot.vst","2017-08-30","vst_BART_2017","D01","BART","BART_042",,"NEON.PLA.D01.BART.03410","ok","single bole tree","Live",24.7,130,12.0,,,,,,,,,,,,,"XVpAZvFTV5+SRUEkcK8K7LUOF15VuEMc","WpWHyjh7ZEbsFcxLGlzbonUvwbNLZ84R","legacyData"
"3dc722ef-179b-4d90-a9ec-03e049d6a184","BART_042.basePlot.vst","2017-08-30","vst_BART_2017","D01","BART","BART_042",,"NEON.PLA.D01.BART.03429","ok","sapling","Dead, broken bole",,,0.6,,,,,,,,1.6,16,,,"Unknown cause of death and break. Main stem on ground.","XVpAZvFTV5+SRUEkcK8K7LUOF15VuEMc","WpWHyjh7ZEbsFcxLGlzbonUvwbNLZ84R","legacyData"
"57f2da90-98df-42fe-baa4-f85435b48223","BART_042.basePlot.vst","2017-08-30","vst_BART_2017","D01","BART","BART_042",,"NEON.PLA.D01.BART.03052","ok","small tree","Live, disease damaged",8.9,130,12.1,,,,,,,,,,,,"Bole damage. Beech bark disease.","XVpAZvFTV5+SRUEkcK8K7LUOF15VuEMc","WpWHyjh7ZEbsFcxLGlzbonUvwbNLZ84R","legacyData"
"8d3fcabd-682c-4956-9fcd-3d4ba9e96322","BART_042.basePlot.vst","2017-08-30","vst_BART_2017","D01","BART","BART_042",,"NEON.PLA.D01.BART.03424","ok","sapling","Live",,,0.7,,,,,,,,1.6,10,,,,"XVpAZvFTV5+SRUEkcK8K7LUOF15VuEMc","WpWHyjh7ZEbsFcxLGlzbonUvwbNLZ84R","legacyData"
"5ba0ee39-7a86-401d-bed1-9c3ef3384532","BART_042.basePlot.vst","2017-08-30","vst_BART_2017","D01","BART","BART_042",,"NEON.PLA.D01.BART.03045","ok","single bole tree","Live",40.3,130,22.0,,,,,,,,,,,,,"XVpAZvFTV5+SRUEkcK8K7LUOF15VuEMc","WpWHyjh7ZEbsFcxLGlzbonUvwbNLZ84R","legacyData"
"da825f42-ff8c-44cd-9201-3885773613fb","BART_042.basePlot.vst","2017-08-30","vst_BART_2017","D01","BART","BART_042",,"NEON.PLA.D01.BART.04202","ok","small tree","Live",5.1,130,3.9,,,,,,,,,,,,,"XVpAZvFTV5+SRUEkcK8K7LUOF15VuEMc","WpWHyjh7ZEbsFcxLGlzbonUvwbNLZ84R","legacyData"
"0ac5b0d0-e0cc-4b80-8764-675b1ca5d9ff","BART_042.basePlot.vst","2017-08-30","vst_BART_2017","D01","BART","BART_042",,"NEON.PLA.D01.BART.03404","ok","single bole tree","Live",38.2,130,14.1,,,,,,,,,,,,,"XVpAZvFTV5+SRUEkcK8K7LUOF15VuEMc","WpWHyjh7ZEbsFcxLGlzbonUvwbNLZ84R","legacyData"
"faca0750-072d-4d1e-8ae6-63bbae0584cd","BART_042.basePlot.vst","2017-08-30","vst_BART_2017","D01","BART","BART_042",,"NEON.PLA.D01.BART.03425","ok","sapling","Live",,,0.8,,,,,,,,1.4,10,,,,"XVpAZvFTV5+SRUEkcK8K7LUOF15VuEMc","WpWHyjh7ZEbsFcxLGlzbonUvwbNLZ84R","legacyData"
"32f9a893-893f-47eb-8785-e64b33626a6d","BART_042.basePlot.vst","2017-08-30","vst_BART_2017","D01","BART","BART_042",,"NEON.PLA.D01.BART.03188","ok","sapling","Live, disease damaged",,,1.8,,,,,,,,1.9,10,,,"Bole damage. Beech bark disease.","XVpAZvFTV5+SRUEkcK8K7LUOF15VuEMc","WpWHyjh7ZEbsFcxLGlzbonUvwbNLZ84R","legacyData"
"20afd6ba-ff7d-423e-b76c-b5d301d3a40b","BART_042.basePlot.vst","2017-08-30","vst_BART_2017","D01","BART","BART_042",,"NEON.PLA.D01.BART.03024","ok","single bole tree","Live",11.0,130,13.1,,,,,,,,,,,,,"XVpAZvFTV5+SRUEkcK8K7LUOF15VuEMc","WpWHyjh7ZEbsFcxLGlzbonUvwbNLZ84R","legacyData"
"2b3486b6-f2b3-44ff-ae5b-d3d80a07f7e9","BART_042.basePlot.vst","2017-08-30","vst_BART_2017","D01","BART","BART_042",,"NEON.PLA.D01.BART.03174A","ok","multi-bole tree","Dead, broken bole",16.5,130,,,,14.0,,,,,,,,,"Unknown cause of death. Break height 5.4.","XVpAZvFTV5+SRUEkcK8K7LUOF15VuEMc","WpWHyjh7ZEbsFcxLGlzbonUvwbNLZ84R","legacyData"
"cd088be8-95eb-4a31-8f2f-871f57abf966","BART_042.basePlot.vst","2017-08-30","vst_BART_2017","D01","BART","BART_042",,"NEON.PLA.D01.BART.03056","ok","small tree","Dead, broken bole",2.0,130,1.4,,1.4,1.6,,,,,,,,,"Unknown cause of death and break.","XVpAZvFTV5+SRUEkcK8K7LUOF15VuEMc","WpWHyjh7ZEbsFcxLGlzbonUvwbNLZ84R","legacyData"
"e579b6b9-e9fb-40c6-8d58-dfb364c40fb4","BART_042.basePlot.vst","2017-08-30","vst_BART_2017","D01","BART","BART_042",,"NEON.PLA.D01.BART.03409","ok","single bole tree","Live",13.5,130,20.1,,,,,,,,,,,,,"XVpAZvFTV5+SRUEkcK8K7LUOF15VuEMc","WpWHyjh7ZEbsFcxLGlzbonUvwbNLZ84R","legacyData"
"0a42ca27-c848-4a01-a794-52cafdd34993","BART_042.basePlot.vst","2017-08-30","vst_BART_2017","D01","BART","BART_042",,"NEON.PLA.D01.BART.03179","ok","single bole tree","Live",50.1,130,49.3,,,,,,,,,,,,,"XVpAZvFTV5+SRUEkcK8K7LUOF15VuEMc","WpWHyjh7ZEbsFcxLGlzbonUvwbNLZ84R","legacyData"
"d7a31691-5f81-4d52-8437-82a4d477defa","BART_042.basePlot.vst","2017-08-30","vst_BART_2017","D01","BART","BART_042",,"NEON.PLA.D01.BART.03182","ok","single bole tree","Live",14.0,130,16.7,,,,,,,,,,,,,"XVpAZvFTV5+SRUEkcK8K7LUOF15VuEMc","WpWHyjh7ZEbsFcxLGlzbonUvwbNLZ84R","legacyData"
"a5abdec7-6e75-4dc6-a849-9733957dfc83","BART_042.basePlot.vst","2017-08-30","vst_BART_2017","D01","BART","BART_042",,"NEON.PLA.D01.BART.03035","ok","single bole tree","Live",29.6,130,22.1,,,,,,,,,,,,,"XVpAZvFTV5+SRUEkcK8K7LUOF15VuEMc","WpWHyjh7ZEbsFcxLGlzbonUvwbNLZ84R","legacyData"
"8091a9ac-2084-47e2-9636-14a339e04f81","BART_042.basePlot.vst","2017-08-30","vst_BART_2017","D01","BART","BART_042",,"NEON.PLA.D01.BART.03042","ok","single bole tree","Live, disease damaged",13.9,130,2.7,,,,,,,,,,,,"Beech bark disease.","XVpAZvFTV5+SRUEkcK8K7LUOF15VuEMc","WpWHyjh7ZEbsFcxLGlzbonUvwbNLZ84R","legacyData"
"b1933d95-338d-4726-8009-b4ae131a6bf0","BART_042.basePlot.vst","2017-08-30","vst_BART_2017","D01","BART","BART_042",,"NEON.PLA.D01.BART.03029","ok","single bole tree","Live",13.4,130,8.1,,,,,,,,,,,,,"XVpAZvFTV5+SRUEkcK8K7LUOF15VuEMc","WpWHyjh7ZEbsFcxLGlzbonUvwbNLZ84R","legacyData"
"7586c383-ccda-4920-aaa6-62d4925ff74d","BART_042.basePlot.vst","2017-08-30","vst_BART_2017","D01","BART","BART_042",,"NEON.PLA.D01.BART.03061","ok","sapling","Live",,,0.6,,,,,,,,1.7,10,,,,"XVpAZvFTV5+SRUEkcK8K7LUOF15VuEMc","WpWHyjh7ZEbsFcxLGlzbonUvwbNLZ84R","legacyData"
"eb58068f-ae7e-412b-a2b8-6ac566ac143d","BART_042.basePlot.vst","2017-08-30","vst_BART_2017","D01","BART","BART_042",,"NEON.PLA.D01.BART.03415","ok","sapling","Dead, broken bole",,,1.7,,1.2,2.6,,,,,3.3,10,,,"Unknown cause of death break.","XVpAZvFTV5+SRUEkcK8K7LUOF15VuEMc","WpWHyjh7ZEbsFcxLGlzbonUvwbNLZ84R","legacyData"
"0cfe1b5f-1ea3-4d5e-ba8c-7051496adc8d","BART_042.basePlot.vst","2017-08-30","vst_BART_2017","D01","BART","BART_042",,"NEON.PLA.D01.BART.03034","ok","single bole tree","Live",20.8,130,12.2,,,,,,,,,,,,,"XVpAZvFTV5+SRUEkcK8K7LUOF15VuEMc","WpWHyjh7ZEbsFcxLGlzbonUvwbNLZ84R","legacyData"
"99a54d6b-25a0-4584-97cb-44f883000e49","BART_042.basePlot.vst","2017-08-30","vst_BART_2017","D01","BART","BART_042",,"NEON.PLA.D01.BART.03437","ok","sapling","Live",,,1.2,,,,,,,,1.9,10,,,,"XVpAZvFTV5+SRUEkcK8K7LUOF15VuEMc","WpWHyjh7ZEbsFcxLGlzbonUvwbNLZ84R","legacyData"
"3a0daa52-d3e6-4fff-9d6c-e44f2eeab863","BART_042.basePlot.vst","2017-08-30","vst_BART_2017","D01","BART","BART_042",,"NEON.PLA.D01.BART.03405","ok","single bole tree","Live",52.2,130,23.3,,,,,,,,,,,,,"XVpAZvFTV5+SRUEkcK8K7LUOF15VuEMc","WpWHyjh7ZEbsFcxLGlzbonUvwbNLZ84R","legacyData"
"25ebc499-f7bf-4e6a-9e65-8972498a1c96","BART_042.basePlot.vst","2017-08-30","vst_BART_2017","D01","BART","BART_042",,"NEON.PLA.D01.BART.03183","ok","single bole tree","Live",20.4,130,10.7,,,,,,,,,,,,,"XVpAZvFTV5+SRUEkcK8K7LUOF15VuEMc","WpWHyjh7ZEbsFcxLGlzbonUvwbNLZ84R","legacyData"
"a3f7b092-5448-49e1-b838-1e328ea9e134","BART_042.basePlot.vst","2017-08-30","vst_BART_2017","D01","BART","BART_042",,"NEON.PLA.D01.BART.03418","ok","sapling","Live, disease damaged",,,1.5,,,,,,,,1.4,10,,,"Bole damage. Beech bark disease.","XVpAZvFTV5+SRUEkcK8K7LUOF15VuEMc","WpWHyjh7ZEbsFcxLGlzbonUvwbNLZ84R","legacyData"
"bcf663f1-9e87-4825-895d-b10f92f5e5ed","BART_042.basePlot.vst","2017-08-30","vst_BART_2017","D01","BART","BART_042",,"NEON.PLA.D01.BART.03171","ok","single bole tree","Live",18.1,130,16.7,,,,,,,,,,,,,"XVpAZvFTV5+SRUEkcK8K7LUOF15VuEMc","WpWHyjh7ZEbsFcxLGlzbonUvwbNLZ84R","legacyData"
"96b5cc84-4abd-48bb-a0df-c84e456f7a8e","BART_042.basePlot.vst","2017-08-30","vst_BART_2017","D01","BART","BART_042",,"NEON.PLA.D01.BART.03046","ok","single bole tree","Live",40.4,130,21.3,,,,,,,,,,,,,"XVpAZvFTV5+SRUEkcK8K7LUOF15VuEMc","WpWHyjh7ZEbsFcxLGlzbonUvwbNLZ84R","legacyData"
"4b5eb5d9-1bb8-478b-9419-f66c25146c4a","BART_042.basePlot.vst","2017-08-30","vst_BART_2017","D01","BART","BART_042",,"NEON.PLA.D01.BART.03437","ok","sapling","Live",,,1.2,,,,,,,,1.9,10,,,,"XVpAZvFTV5+SRUEkcK8K7LUOF15VuEMc","WpWHyjh7ZEbsFcxLGlzbonUvwbNLZ84R","legacyData"
"2f753e15-295c-4c59-ad0f-b9d4d3a9a4b9","BART_042.basePlot.vst","2017-08-30","vst_BART_2017","D01","BART","BART_042",,"NEON.PLA.D01.BART.03186","ok","small tree","Live, disease damaged",5.3,130,7.6,,,,,,,,,,,,"Bole damage. Beech bark disease.","XVpAZvFTV5+SRUEkcK8K7LUOF15VuEMc","WpWHyjh7ZEbsFcxLGlzbonUvwbNLZ84R","legacyData"
"4cbbac9c-6c5b-4bef-b674-5dc9e45f0aad","BART_042.basePlot.vst","2017-08-30","vst_BART_2017","D01","BART","BART_042",,"NEON.PLA.D01.BART.03031A","ok","multi-bole tree","Live, physically damaged",10.8,130,,,,,,,,,,,,,"Beech bark disease. Bole damage. Hole through trunk.","XVpAZvFTV5+SRUEkcK8K7LUOF15VuEMc","WpWHyjh7ZEbsFcxLGlzbonUvwbNLZ84R","legacyData"
"16f4efcc-2bf4-48f1-84fc-195a0dec59bf","BART_042.basePlot.vst","2017-08-30","vst_BART_2017","D01","BART","BART_042",,"NEON.PLA.D01.BART.03028","ok","single bole tree","Live",15.5,130,14.2,,,,,,,,,,,,,"XVpAZvFTV5+SRUEkcK8K7LUOF15VuEMc","WpWHyjh7ZEbsFcxLGlzbonUvwbNLZ84R","legacyData"
"484cc8f2-1026-405b-b391-26a8840e1f77","BART_042.basePlot.vst","2017-08-30","vst_BART_2017","D01","BART","BART_042",,"NEON.PLA.D01.BART.03022","ok","single bole tree","Live, disease damaged",13.6,130,14.3,,,,,,,,,,,,"Bole damage. Beech bark disease.","XVpAZvFTV5+SRUEkcK8K7LUOF15VuEMc","WpWHyjh7ZEbsFcxLGlzbonUvwbNLZ84R","legacyData"
"311e09d2-3cf7-48fe-bbff-b815e022a5b0","BART_042.basePlot.vst","2017-08-30","vst_BART_2017","D01","BART","BART_042",,"NEON.PLA.D01.BART.03051","ok","sapling","Live, disease damaged",,,1.4,,,,,,,,1.5,10,,,"Bole damage. Beech bark disease.","XVpAZvFTV5+SRUEkcK8K7LUOF15VuEMc","WpWHyjh7ZEbsFcxLGlzbonUvwbNLZ84R","legacyData"
"fa0d55b9-bb07-4adf-bab0-27a388d8e3a7","BART_042.basePlot.vst","2017-08-30","vst_BART_2017","D01","BART","BART_042",,"NEON.PLA.D01.BART.04667","ok","small tree","Live",5.4,130,4.6,,,,,,,,,,,,,"XVpAZvFTV5+SRUEkcK8K7LUOF15VuEMc","WpWHyjh7ZEbsFcxLGlzbonUvwbNLZ84R","legacyData"
"32afed64-4ffb-4987-b374-8baf4abd59b6","BART_042.basePlot.vst","2017-08-30","vst_BART_2017","D01","BART","BART_042",,"NEON.PLA.D01.BART.03184","ok","small tree","Live, disease damaged",8.3,130,9.6,,,,,,,,,,,,"Bole damage. Beech bark disease.","XVpAZvFTV5+SRUEkcK8K7LUOF15VuEMc","WpWHyjh7ZEbsFcxLGlzbonUvwbNLZ84R","legacyData"
"f6627b27-bcd7-4632-ad1f-737267c5c1a9","BART_042.basePlot.vst","2017-08-30","vst_BART_2017","D01","BART","BART_042",,"NEON.PLA.D01.BART.03050","ok","sapling","Live, disease damaged",,,1.1,,,,,,,,1.0,10,,,"Bole damage. Beech bark disease.","XVpAZvFTV5+SRUEkcK8K7LUOF15VuEMc","WpWHyjh7ZEbsFcxLGlzbonUvwbNLZ84R","legacyData"
"f103b35b-e054-46f5-b726-bf41456c1443","BART_042.basePlot.vst","2017-08-30","vst_BART_2017","D01","BART","BART_042",,"NEON.PLA.D01.BART.03031","ok","multi-bole tree","Live, disease damaged",16.6,130,13.3,,,,,,,,,,,,"Beech bark disease.","XVpAZvFTV5+SRUEkcK8K7LUOF15VuEMc","WpWHyjh7ZEbsFcxLGlzbonUvwbNLZ84R","legacyData"
"ed72fd04-e9a4-480b-8c66-c2d91815aeb7","BART_042.basePlot.vst","2017-08-30","vst_BART_2017","D01","BART","BART_042",,"NEON.PLA.D01.BART.03055","ok","small tree","Live",6.0,130,11.9,,,,,,,,,,,,,"XVpAZvFTV5+SRUEkcK8K7LUOF15VuEMc","WpWHyjh7ZEbsFcxLGlzbonUvwbNLZ84R","legacyData"
"92494b63-e38b-4454-83d9-c987cf0b5ca7","BART_042.basePlot.vst","2017-08-30","vst_BART_2017","D01","BART","BART_042",,"NEON.PLA.D01.BART.03433","ok","small tree","Live",5.7,130,4.8,,,,,,,,,,,,,"XVpAZvFTV5+SRUEkcK8K7LUOF15VuEMc","WpWHyjh7ZEbsFcxLGlzbonUvwbNLZ84R","legacyData"
"8e6a4d39-1649-4d8f-a2c7-b8bd42dd50de","BART_042.basePlot.vst","2017-08-30","vst_BART_2017","D01","BART","BART_042",,"NEON.PLA.D01.BART.03175","ok","single bole tree","Live",23.8,130,10.6,,,,,,,,,,,,,"XVpAZvFTV5+SRUEkcK8K7LUOF15VuEMc","WpWHyjh7ZEbsFcxLGlzbonUvwbNLZ84R","legacyData"
"977aff2d-17f6-4aac-857b-01dd6d5e049a","BART_042.basePlot.vst","2017-08-30","vst_BART_2017","D01","BART","BART_042",,"NEON.PLA.D01.BART.03027","ok","single bole tree","Dead, broken bole",11.5,130,31.5,,4.5,8.0,,,,,,,,,"Unknown cause of death.","XVpAZvFTV5+SRUEkcK8K7LUOF15VuEMc","WpWHyjh7ZEbsFcxLGlzbonUvwbNLZ84R","legacyData"
"c7a41bc4-c321-4ff8-834d-4291da2107e6","BART_042.basePlot.vst","2017-08-30","vst_BART_2017","D01","BART","BART_042",,"NEON.PLA.D01.BART.03057","ok","sapling","Standing dead",,,1.0,,,,,,,,2.9,10,,,,"XVpAZvFTV5+SRUEkcK8K7LUOF15VuEMc","WpWHyjh7ZEbsFcxLGlzbonUvwbNLZ84R","legacyData"
"ccd18c4e-05d8-4f65-a398-9b13872db46a","BART_042.basePlot.vst","2017-08-30","vst_BART_2017","D01","BART","BART_042",,"NEON.PLA.D01.BART.03176","ok","single bole tree","Live",10.0,130,5.0,,,,,,,,,,,,,"XVpAZvFTV5+SRUEkcK8K7LUOF15VuEMc","WpWHyjh7ZEbsFcxLGlzbonUvwbNLZ84R","legacyData"
"50d5e7d5-29c5-497d-a3fd-34f863b3d571","BART_042.basePlot.vst","2017-08-30","vst_BART_2017","D01","BART","BART_042",,"NEON.PLA.D01.BART.03040","ok","single bole tree","Live, physically damaged",47.3,130,24.0,,,,,,,,,,,,"Scar on bole.","XVpAZvFTV5+SRUEkcK8K7LUOF15VuEMc","WpWHyjh7ZEbsFcxLGlzbonUvwbNLZ84R","legacyData"
"5c456e73-ea4e-46de-afba-fc56f61545e6","BART_042.basePlot.vst","2017-08-30","vst_BART_2017","D01","BART","BART_042",,"NEON.PLA.D01.BART.03060","ok","sapling","Live",,,0.7,,,,,,,,1.3,10,,,,"XVpAZvFTV5+SRUEkcK8K7LUOF15VuEMc","WpWHyjh7ZEbsFcxLGlzbonUvwbNLZ84R","legacyData"
"39aefa44-c52a-4b43-91ef-196c8998433b","BART_042.basePlot.vst","2017-08-30","vst_BART_2017","D01","BART","BART_042",,"NEON.PLA.D01.BART.03062","ok","sapling","Live, disease damaged",,,1.6,,,,,,,,1.6,10,,,"Beech bark disease.","XVpAZvFTV5+SRUEkcK8K7LUOF15VuEMc","WpWHyjh7ZEbsFcxLGlzbonUvwbNLZ84R","legacyData"
"1eb6f78f-1d36-43e4-80aa-6a35cee0646a","BART_042.basePlot.vst","2017-08-30","vst_BART_2017","D01","BART","BART_042",,"NEON.PLA.D01.BART.03038","ok","single bole tree","Live",14.4,130,6.7,,,,,,,,,,,,,"XVpAZvFTV5+SRUEkcK8K7LUOF15VuEMc","WpWHyjh7ZEbsFcxLGlzbonUvwbNLZ84R","legacyData"
"9bafbd5c-133a-455b-9368-9dc6aa399289","BART_042.basePlot.vst","2017-08-30","vst_BART_2017","D01","BART","BART_042",,"NEON.PLA.D01.BART.03421","ok","small tree","Dead, broken bole",2.8,130,5.7,,2.2,2.5,,,,,,,,,"Unknown cause of death and break.","XVpAZvFTV5+SRUEkcK8K7LUOF15VuEMc","WpWHyjh7ZEbsFcxLGlzbonUvwbNLZ84R","legacyData"
"6e84e09e-8a7f-411e-98d7-ab4ea3a0c972","BART_042.basePlot.vst","2017-08-30","vst_BART_2017","D01","BART","BART_042",,"NEON.PLA.D01.BART.03438","ok","sapling","Live, disease damaged",,,1.3,,,,,,,,1.4,10,,,"Beech bark disease.","XVpAZvFTV5+SRUEkcK8K7LUOF15VuEMc","WpWHyjh7ZEbsFcxLGlzbonUvwbNLZ84R","legacyData"
"c81dc58d-26fd-4df1-8053-662e2eb26c0d","BART_042.basePlot.vst","2017-08-30","vst_BART_2017","D01","BART","BART_042",,"NEON.PLA.D01.BART.03043","ok","multi-bole tree","Live",17.4,130,16.3,,,,,,,,,,,,,"XVpAZvFTV5+SRUEkcK8K7LUOF15VuEMc","WpWHyjh7ZEbsFcxLGlzbonUvwbNLZ84R","legacyData"
"33e8e46a-2b1b-4e10-a204-c1e1f87abfbb","BART_042.basePlot.vst","2017-08-30","vst_BART_2017","D01","BART","BART_042",,"NEON.PLA.D01.BART.03430","ok","small tree","Live",4.4,130,2.5,,,,,,,,,,,,,"XVpAZvFTV5+SRUEkcK8K7LUOF15VuEMc","WpWHyjh7ZEbsFcxLGlzbonUvwbNLZ84R","legacyData"
"9ec804e1-db2d-4ec5-9510-0e4f83283587","BART_042.basePlot.vst","2017-08-30","vst_BART_2017","D01","BART","BART_042",,"NEON.PLA.D01.BART.03172","ok","single bole tree","Live, physically damaged",53.3,130,21.8,,,,,,,,,,,,"Bole damage. Large vertical scar.","XVpAZvFTV5+SRUEkcK8K7LUOF15VuEMc","WpWHyjh7ZEbsFcxLGlzbonUvwbNLZ84R","legacyData"
"f6bafafa-8d8b-48a7-9ef9-0300b5a75ff6","BART_042.basePlot.vst","2017-08-30","vst_BART_2017","D01","BART","BART_042",,"NEON.PLA.D01.BART.03037","ok","single bole tree","Live",19.4,130,15.4,,,,,,,,,,,,,"XVpAZvFTV5+SRUEkcK8K7LUOF15VuEMc","WpWHyjh7ZEbsFcxLGlzbonUvwbNLZ84R","legacyData"
"ca0c5670-1fed-4b0c-b65c-08505cb778b9","BART_042.basePlot.vst","2017-08-30","vst_BART_2017","D01","BART","BART_042",,"NEON.PLA.D01.BART.03401","ok","single bole tree","Live, physically damaged",11.6,130,12.5,,,,,,,,,,,,,"XVpAZvFTV5+SRUEkcK8K7LUOF15VuEMc","WpWHyjh7ZEbsFcxLGlzbonUvwbNLZ84R","legacyData"
"35d84c0e-6d9e-41ad-a3da-15202a7973b8","BART_042.basePlot.vst","2017-08-30","vst_BART_2017","D01","BART","BART_042",,"NEON.PLA.D01.BART.03047","ok","small tree","Standing dead",7.3,130,7.4,,,,,,,,,,,,"Unknown cause of death.","XVpAZvFTV5+SRUEkcK8K7LUOF15VuEMc","WpWHyjh7ZEbsFcxLGlzbonUvwbNLZ84R","legacyData"
"cc326130-3837-4930-845b-72a7e71754c2","BART_042.basePlot.vst","2017-08-30","vst_BART_2017","D01","BART","BART_042",,"NEON.PLA.D01.BART.03417","ok","sapling","Live, disease damaged",,,1.3,,,,,,,,1.0,10,,,"Bole damage. Beech bark disease.","XVpAZvFTV5+SRUEkcK8K7LUOF15VuEMc","WpWHyjh7ZEbsFcxLGlzbonUvwbNLZ84R","legacyData"
"b0dc2fa8-6e59-4ab1-b332-91e3cfa3a0c5","BART_042.basePlot.vst","2017-08-30","vst_BART_2017","D01","BART","BART_042",,"NEON.PLA.D01.BART.03058","ok","small tree","Live",6.4,130,5.5,,,,,,,,,,,,,"XVpAZvFTV5+SRUEkcK8K7LUOF15VuEMc","WpWHyjh7ZEbsFcxLGlzbonUvwbNLZ84R","legacyData"
"be37a808-004b-47d9-974d-fd74c5f81d1e","BART_042.basePlot.vst","2017-08-30","vst_BART_2017","D01","BART","BART_042",,"NEON.PLA.D01.BART.03185","ok","sapling","Live, disease damaged",,,1.1,,,,,,,,1.4,10,,,"Beech bark disease.","XVpAZvFTV5+SRUEkcK8K7LUOF15VuEMc","WpWHyjh7ZEbsFcxLGlzbonUvwbNLZ84R","legacyData"
"1dcc9c0f-8e4d-492b-9a02-b171bb4a90c4","BART_042.basePlot.vst","2017-08-30","vst_BART_2017","D01","BART","BART_042",,"NEON.PLA.D01.BART.03174","ok","multi-bole tree","Live, physically damaged",26.1,130,18.7,,,,,,,,,,,,"Bole damage. Bulges and scarring.","XVpAZvFTV5+SRUEkcK8K7LUOF15VuEMc","WpWHyjh7ZEbsFcxLGlzbonUvwbNLZ84R","legacyData"
"7dc4bb38-3beb-4252-b663-6739f7bed585","BART_042.basePlot.vst","2017-08-30","vst_BART_2017","D01","BART","BART_042",,"NEON.PLA.D01.BART.03025","ok","single bole tree","Dead, broken bole",25.5,130,2.9,,2.9,15.0,,,,,,,,,"Unknown cause of death and break.","XVpAZvFTV5+SRUEkcK8K7LUOF15VuEMc","WpWHyjh7ZEbsFcxLGlzbonUvwbNLZ84R","legacyData"
"c9c14531-8b38-458c-ba64-f064fa2a45ae","BART_042.basePlot.vst","2017-08-30","vst_BART_2017","D01","BART","BART_042",,"NEON.PLA.D01.BART.03049","ok","sapling","Live, disease damaged",,,1.2,,,,,,,,1.2,10,,,,"XVpAZvFTV5+SRUEkcK8K7LUOF15VuEMc","WpWHyjh7ZEbsFcxLGlzbonUvwbNLZ84R","legacyData"
"66332e50-5f1e-4d96-87a5-14c6b90f84cf","BART_042.basePlot.vst","2017-08-30","vst_BART_2017","D01","BART","BART_042",,"NEON.PLA.D01.BART.04672","ok","sapling","Live, disease damaged",,,1.2,,,,,,,,1.2,10,,,"Beech bark disease.","XVpAZvFTV5+SRUEkcK8K7LUOF15VuEMc","WpWHyjh7ZEbsFcxLGlzbonUvwbNLZ84R","legacyData"
"491e70f4-4a12-4ae3-a872-896593e6044e","BART_042.basePlot.vst","2017-08-30","vst_BART_2017","D01","BART","BART_042",,"NEON.PLA.D01.BART.03043A","ok","multi-bole tree","Live, physically damaged",16.7,130,,,,,,,,,,,,,"Large broken branch.","XVpAZvFTV5+SRUEkcK8K7LUOF15VuEMc","WpWHyjh7ZEbsFcxLGlzbonUvwbNLZ84R","legacyData"
"c1a34ede-c5de-4a46-8f13-3467cd2216c2","BART_042.basePlot.vst","2017-08-30","vst_BART_2017","D01","BART","BART_042",,"NEON.PLA.D01.BART.03436","ok","small tree","Live",19.0,130,1.5,,,,,,,,,,,,,"XVpAZvFTV5+SRUEkcK8K7LUOF15VuEMc","WpWHyjh7ZEbsFcxLGlzbonUvwbNLZ84R","legacyData"
"3023dfa4-c7ba-4eaa-815e-e5898f35c47a","BART_042.basePlot.vst","2017-08-30","vst_BART_2017","D01","BART","BART_042",,"NEON.PLA.D01.BART.03166","ok","single bole tree","Standing dead",13.5,130,7.8,,,,,,,,,,,,"Unknown cause of death","XVpAZvFTV5+SRUEkcK8K7LUOF15VuEMc","WpWHyjh7ZEbsFcxLGlzbonUvwbNLZ84R","legacyData"
"35615d58-0152-4d78-8d62-926a606494b9","BART_042.basePlot.vst","2017-08-30","vst_BART_2017","D01","BART","BART_042",,"NEON.PLA.D01.BART.04201","ok","small tree","Live",3.6,130,2.8,,,,,,,,,,,,,"XVpAZvFTV5+SRUEkcK8K7LUOF15VuEMc","WpWHyjh7ZEbsFcxLGlzbonUvwbNLZ84R","legacyData"
"26856cdc-bb3d-4fb1-84a2-88a4300a17cb","BART_042.basePlot.vst","2017-08-30","vst_BART_2017","D01","BART","BART_042",,"NEON.PLA.D01.BART.03422","ok","small tree","Live, disease damaged",1.2,130,1.9,,,,,,,,,,,,"Bole damage. Beech bark disease.","XVpAZvFTV5+SRUEkcK8K7LUOF15VuEMc","WpWHyjh7ZEbsFcxLGlzbonUvwbNLZ84R","legacyData"
"302fdf50-3ffe-4793-8282-b7bcf32a51a8","BART_042.basePlot.vst","2017-08-30","vst_BART_2017","D01","BART","BART_042",,"NEON.PLA.D01.BART.03033A","ok","multi-bole tree","Live",48.5,130,,,,,,,,,,,,,,"XVpAZvFTV5+SRUEkcK8K7LUOF15VuEMc","WpWHyjh7ZEbsFcxLGlzbonUvwbNLZ84R","legacyData"
"fa505acf-718b-4e9a-938d-0eebbd5ea855","BART_042.basePlot.vst","2017-08-30","vst_BART_2017","D01","BART","BART_042",,"NEON.PLA.D01.BART.03427","ok","small tree","Dead, broken bole",4.9,130,1.7,,1.7,4.9,,,,,,,,,"Unknown cause of death and break.","XVpAZvFTV5+SRUEkcK8K7LUOF15VuEMc","WpWHyjh7ZEbsFcxLGlzbonUvwbNLZ84R","legacyData"
"8322fccc-9ea4-4212-92bd-74249bf4368a","BART_042.basePlot.vst","2017-08-30","vst_BART_2017","D01","BART","BART_042",,"NEON.PLA.D01.BART.03168","ok","single bole tree","Live",17.6,130,16.0,,,,,,,,,,,,,"XVpAZvFTV5+SRUEkcK8K7LUOF15VuEMc","WpWHyjh7ZEbsFcxLGlzbonUvwbNLZ84R","legacyData"
"a08f2778-6acf-489b-a44a-d5d9d6065eb1","BART_042.basePlot.vst","2017-08-30","vst_BART_2017","D01","BART","BART_042",,"NEON.PLA.D01.BART.03426","ok",,"Downed",,,,,,,,,,,,,,,,"XVpAZvFTV5+SRUEkcK8K7LUOF15VuEMc","WpWHyjh7ZEbsFcxLGlzbonUvwbNLZ84R","legacyData"
"24c16918-1a7a-446b-a70f-b3293a3e6baf","BART_042.basePlot.vst","2017-08-30","vst_BART_2017","D01","BART","BART_042",,"NEON.PLA.D01.BART.03032","ok","single bole tree","Live",18.3,130,11.5,,,,,,,,,,,,,"XVpAZvFTV5+SRUEkcK8K7LUOF15VuEMc","WpWHyjh7ZEbsFcxLGlzbonUvwbNLZ84R","legacyData"
"84c7c48a-2453-4394-958b-873b45951df6","BART_042.basePlot.vst","2017-08-30","vst_BART_2017","D01","BART","BART_042",,"NEON.PLA.D01.BART.03406","ok","single bole tree","Live, disease damaged",21.9,130,16.4,,,,,,,,,,,,"Beech bark disease.","XVpAZvFTV5+SRUEkcK8K7LUOF15VuEMc","WpWHyjh7ZEbsFcxLGlzbonUvwbNLZ84R","legacyData"
"923bf0bb-c2d0-496b-b53c-1b12b4904982","BART_042.basePlot.vst","2017-08-30","vst_BART_2017","D01","BART","BART_042",,"NEON.PLA.D01.BART.03054","ok","small tree","Live",8.7,130,10.8,,,,,,,,,,,,,"XVpAZvFTV5+SRUEkcK8K7LUOF15VuEMc","WpWHyjh7ZEbsFcxLGlzbonUvwbNLZ84R","legacyData"
"4bed9b1c-d903-4994-b318-adaf43dfab55","BART_042.basePlot.vst","2017-08-30","vst_BART_2017","D01","BART","BART_042",,"NEON.PLA.D01.BART.03412","ok","single bole tree","Standing dead",13.4,130,9.6,,,,,,,,,,,,,"XVpAZvFTV5+SRUEkcK8K7LUOF15VuEMc","WpWHyjh7ZEbsFcxLGlzbonUvwbNLZ84R","legacyData"
"2ff2f336-03da-4cfc-aae6-2b2b0205aaa2","BART_042.basePlot.vst","2017-08-30","vst_BART_2017","D01","BART","BART_042",,"NEON.PLA.D01.BART.03419","ok","small tree","Live, physically damaged",9.8,130,11.1,,,,,,,,,,,,"Crown damage. Dead broken branch. Unknown cause.","XVpAZvFTV5+SRUEkcK8K7LUOF15VuEMc","WpWHyjh7ZEbsFcxLGlzbonUvwbNLZ84R","legacyData"
"82780978-37e7-406e-aae7-c02194688965","BART_042.basePlot.vst","2017-08-30","vst_BART_2017","D01","BART","BART_042",,"NEON.PLA.D01.BART.03423","ok","small tree","Dead, broken bole",3.4,130,1.6,,1.6,2.7,,,,,,,,,"Unknown cause of death and break.","XVpAZvFTV5+SRUEkcK8K7LUOF15VuEMc","WpWHyjh7ZEbsFcxLGlzbonUvwbNLZ84R","legacyData"
"60f6f2bf-e786-41ee-9695-c68d478f9533","BART_042.basePlot.vst","2017-08-30","vst_BART_2017","D01","BART","BART_042",,"NEON.PLA.D01.BART.03434","ok","small tree","Dead, broken bole",2.2,130,1.5,,2.2,1.7,,,,,,,,,,"XVpAZvFTV5+SRUEkcK8K7LUOF15VuEMc","WpWHyjh7ZEbsFcxLGlzbonUvwbNLZ84R","legacyData"
"18548f64-792d-4777-9c62-5ca46686d2ff","BART_042.basePlot.vst","2017-08-30","vst_BART_2017","D01","BART","BART_042",,"NEON.PLA.D01.BART.03177","ok","single bole tree","Live",17.5,130,15.7,,,,,,,,,,,,,"XVpAZvFTV5+SRUEkcK8K7LUOF15VuEMc","WpWHyjh7ZEbsFcxLGlzbonUvwbNLZ84R","legacyData"
"1a969cd4-3ede-45b8-82ee-23b5fd354d85","BART_042.basePlot.vst","2017-08-30","vst_BART_2017","D01","BART","BART_042",,"NEON.PLA.D01.BART.03181","ok","single bole tree","Dead, broken bole",30.1,130,3.3,,3.3,78.0,,,,,,,,,"Unknown cause of death.","XVpAZvFTV5+SRUEkcK8K7LUOF15VuEMc","WpWHyjh7ZEbsFcxLGlzbonUvwbNLZ84R","legacyData"
"5ba4a963-ffbe-492e-a870-909106d4b533","BART_042.basePlot.vst","2017-08-30","vst_BART_2017","D01","BART","BART_042",,"NEON.PLA.D01.BART.03026","ok","single bole tree","Live",33.4,130,12.6,,,,,,,,,,,,,"XVpAZvFTV5+SRUEkcK8K7LUOF15VuEMc","WpWHyjh7ZEbsFcxLGlzbonUvwbNLZ84R","legacyData"
"c51b5708-a9ab-4570-bdad-6592215d0149","BART_042.basePlot.vst","2017-08-30","vst_BART_2017","D01","BART","BART_042",,"NEON.PLA.D01.BART.03170","ok","single bole tree","Live",10.1,130,13.6,,,,,,,,,,,,,"XVpAZvFTV5+SRUEkcK8K7LUOF15VuEMc","WpWHyjh7ZEbsFcxLGlzbonUvwbNLZ84R","legacyData"
"6d7c066a-144f-4a03-8f0d-fa989612cf66","BART_042.basePlot.vst","2017-08-30","vst_BART_2017","D01","BART","BART_042",,"NEON.PLA.D01.BART.04671","ok","small shrub","Live",,,0.9,0.4,,,1.1,0.9,,"ellipsoid or sphere",1.2,10,,,,"XVpAZvFTV5+SRUEkcK8K7LUOF15VuEMc","WpWHyjh7ZEbsFcxLGlzbonUvwbNLZ84R","legacyData"
"8c3cfa52-9699-48fb-a1d6-ca738a7a915a","BART_042.basePlot.vst","2017-08-30","vst_BART_2017","D01","BART","BART_042",,"NEON.PLA.D01.BART.03021","ok","single bole tree","Standing dead",19.0,130,23.8,,,,,,,,,,,,"Unknown cause of death.","XVpAZvFTV5+SRUEkcK8K7LUOF15VuEMc","WpWHyjh7ZEbsFcxLGlzbonUvwbNLZ84R","legacyData"
"2daf066a-1805-436f-8fdf-a8ec0c84d3a6","BART_042.basePlot.vst","2017-08-30","vst_BART_2017","D01","BART","BART_042",,"NEON.PLA.D01.BART.03023","ok","single bole tree","Live, disease damaged",32.1,130,18.0,,,,,,,,,,,,"Bole damage. Beech bark disease. Crown damage. Broken branches.","XVpAZvFTV5+SRUEkcK8K7LUOF15VuEMc","WpWHyjh7ZEbsFcxLGlzbonUvwbNLZ84R","legacyData"
"cb3c35bb-5e0d-4e2f-a9a9-d966e9f2648c","BART_042.basePlot.vst","2017-08-30","vst_BART_2017","D01","BART","BART_042",,"NEON.PLA.D01.BART.04203","ok","sapling","Live",,,0.5,,,,,,,,1.3,10,,,,"XVpAZvFTV5+SRUEkcK8K7LUOF15VuEMc","WpWHyjh7ZEbsFcxLGlzbonUvwbNLZ84R","legacyData"
"916f98b4-998b-4b55-8bde-7698c3d040be","BART_042.basePlot.vst","2017-08-30","vst_BART_2017","D01","BART","BART_042",,"NEON.PLA.D01.BART.03411","ok","single bole tree","Live",13.0,130,9.9,,,,,,,,,,,,,"XVpAZvFTV5+SRUEkcK8K7LUOF15VuEMc","WpWHyjh7ZEbsFcxLGlzbonUvwbNLZ84R","legacyData"
"41c5dc8e-9ab9-4f66-9fa7-329c38a1b8b7","BART_042.basePlot.vst","2017-08-30","vst_BART_2017","D01","BART","BART_042",,"NEON.PLA.D01.BART.03060","ok","sapling","Live",,,0.7,,,,,,,,1.9,10,,,,"XVpAZvFTV5+SRUEkcK8K7LUOF15VuEMc","WpWHyjh7ZEbsFcxLGlzbonUvwbNLZ84R","legacyData"
"f2046de3-460f-4b6d-a5f0-5485c2a152a6","BART_042.basePlot.vst","2017-08-30","vst_BART_2017","D01","BART","BART_042",,"NEON.PLA.D01.BART.03416","ok","small tree","Live, disease damaged",3.6,130,4.7,,,,,,,,,,,,"Bole damage. Beech bark disease.","XVpAZvFTV5+SRUEkcK8K7LUOF15VuEMc","WpWHyjh7ZEbsFcxLGlzbonUvwbNLZ84R","legacyData"
"6704c267-9303-4b30-84db-8a4f27ce2fe6","BART_042.basePlot.vst","2017-08-30","vst_BART_2017","D01","BART","BART_042",,"NEON.PLA.D01.BART.03189","ok","small tree","Standing dead",5.4,130,5.0,,,,,,,,,,,,"Death possibly caused by beech bark disease.","XVpAZvFTV5+SRUEkcK8K7LUOF15VuEMc","WpWHyjh7ZEbsFcxLGlzbonUvwbNLZ84R","legacyData"
"967d283f-e587-4e11-8448-f01e2d03dbc7","BART_042.basePlot.vst","2017-08-30","vst_BART_2017","D01","BART","BART_042",,"NEON.PLA.D01.BART.03421","ok","small tree","Live",5.0,130,5.7,,,,,,,,,,,,,"XVpAZvFTV5+SRUEkcK8K7LUOF15VuEMc","WpWHyjh7ZEbsFcxLGlzbonUvwbNLZ84R","legacyData"
"f9baac26-b8cd-4a4d-b098-7498d70617cc","BART_042.basePlot.vst","2017-08-30","vst_BART_2017","D01","BART","BART_042",,"NEON.PLA.D01.BART.03428","ok","small tree","Live",4.9,130,3.6,,,,,,,,,,,,,"XVpAZvFTV5+SRUEkcK8K7LUOF15VuEMc","WpWHyjh7ZEbsFcxLGlzbonUvwbNLZ84R","legacyData"
"ffd00c6e-07f3-4b60-9f61-7bbb7601ae5d","BART_042.basePlot.vst","2017-08-30","vst_BART_2017","D01","BART","BART_042",,"NEON.PLA.D01.BART.03187","ok","small tree","Dead, broken bole",1.1,130,1.7,,1.2,1.8,,,,,,,,,"Unknown cause of death and break. Possibly beech bark disease.","XVpAZvFTV5+SRUEkcK8K7LUOF15VuEMc","WpWHyjh7ZEbsFcxLGlzbonUvwbNLZ84R","legacyData"
"b0eb15af-91e4-4d1c-b149-14e0f5bfc665","BART_042.basePlot.vst","2017-08-30","vst_BART_2017","D01","BART","BART_042",,"NEON.PLA.D01.BART.03178","ok","single bole tree","Live",22.5,130,12.6,,,,,,,,,,,,,"XVpAZvFTV5+SRUEkcK8K7LUOF15VuEMc","WpWHyjh7ZEbsFcxLGlzbonUvwbNLZ84R","legacyData"
"f850ffe0-199e-480b-ba88-4b9f27d4bd32","BART_042.basePlot.vst","2017-08-30","vst_BART_2017","D01","BART","BART_042",,"NEON.PLA.D01.BART.03420","ok","small tree","Live, physically damaged",1.8,130,0.3,,,,,,,,,,,,"Tipped over - still rooted.","XVpAZvFTV5+SRUEkcK8K7LUOF15VuEMc","WpWHyjh7ZEbsFcxLGlzbonUvwbNLZ84R","legacyData"
"dbc6ff0d-cc1f-4a40-a603-569604efaaf8","BART_042.basePlot.vst","2017-08-30","vst_BART_2017","D01","BART","BART_042",,"NEON.PLA.D01.BART.03041","ok","single bole tree","Live",11.5,130,7.8,,,,,,,,,,,,,"XVpAZvFTV5+SRUEkcK8K7LUOF15VuEMc","WpWHyjh7ZEbsFcxLGlzbonUvwbNLZ84R","legacyData"
"270afaca-3dbb-4019-b2c2-77230db29467","BART_042.basePlot.vst","2017-08-30","vst_BART_2017","D01","BART","BART_042",,"NEON.PLA.D01.BART.03048","ok","sapling","Live, disease damaged",,,1.2,,,,,,,,1.9,10,,,"Bole damage. Beech bark disease. Main branch is broken.","XVpAZvFTV5+SRUEkcK8K7LUOF15VuEMc","WpWHyjh7ZEbsFcxLGlzbonUvwbNLZ84R","legacyData"
"c3757c2a-4321-428f-b056-8d420834bda7","BART_042.basePlot.vst","2017-08-30","vst_BART_2017","D01","BART","BART_042",,"NEON.PLA.D01.BART.03402","ok","single bole tree","Live",16.5,130,12.2,,,,,,,,,,,,,"XVpAZvFTV5+SRUEkcK8K7LUOF15VuEMc","WpWHyjh7ZEbsFcxLGlzbonUvwbNLZ84R","legacyData"
"6d9c17eb-72b7-4512-b48d-251d9c38dadf","BART_042.basePlot.vst","2017-08-30","vst_BART_2017","D01","BART","BART_042",,"NEON.PLA.D01.BART.03180","ok","single bole tree","Live, disease damaged",22.2,130,13.9,,,,,,,,,,,,"Beech bark disease.","XVpAZvFTV5+SRUEkcK8K7LUOF15VuEMc","WpWHyjh7ZEbsFcxLGlzbonUvwbNLZ84R","legacyData"
"5b215218-1667-43ca-ae09-63e26c801151","BART_042.basePlot.vst","2017-08-30","vst_BART_2017","D01","BART","BART_042",,"NEON.PLA.D01.BART.04670","ok","sapling","Live",,,0.3,,,,,,,,1.0,10,,,,"XVpAZvFTV5+SRUEkcK8K7LUOF15VuEMc","WpWHyjh7ZEbsFcxLGlzbonUvwbNLZ84R","legacyData"
"2824365d-318d-4fe1-9e91-71fb8526c1fc","BART_042.basePlot.vst","2017-08-30","vst_BART_2017","D01","BART","BART_042",,"NEON.PLA.D01.BART.03039A","ok","multi-bole tree","Standing dead",6.4,130,,,,,,,,,,,,,,"XVpAZvFTV5+SRUEkcK8K7LUOF15VuEMc","WpWHyjh7ZEbsFcxLGlzbonUvwbNLZ84R","legacyData"
"a60573ce-da01-48be-9877-507fe4f367cb","BART_042.basePlot.vst","2017-08-30","vst_BART_2017","D01","BART","BART_042",,"NEON.PLA.D01.BART.03039","ok","multi-bole tree","Live",14.2,130,10.3,,,,,,,,,,,,,"XVpAZvFTV5+SRUEkcK8K7LUOF15VuEMc","WpWHyjh7ZEbsFcxLGlzbonUvwbNLZ84R","legacyData"
"2138a00c-4872-4b8f-8303-dcc92fec4c0f","BART_042.basePlot.vst","2017-08-30","vst_BART_2017","D01","BART","BART_042",,"NEON.PLA.D01.BART.03044","ok","single bole tree","Live",24.0,130,18.6,,,,,,,,,,,,,"XVpAZvFTV5+SRUEkcK8K7LUOF15VuEMc","WpWHyjh7ZEbsFcxLGlzbonUvwbNLZ84R","legacyData"
"48c06999-1a4f-4054-810e-87c45d3cf44a","BART_042.basePlot.vst","2017-08-30","vst_BART_2017","D01","BART","BART_042",,"NEON.PLA.D01.BART.03030","ok","single bole tree","Live",10.0,130,5.7,,,,,,,,,,,,,"XVpAZvFTV5+SRUEkcK8K7LUOF15VuEMc","WpWHyjh7ZEbsFcxLGlzbonUvwbNLZ84R","legacyData"
"bd129f9e-7ff7-43de-8f5a-9293cd45f913","BART_042.basePlot.vst","2017-08-30","vst_BART_2017","D01","BART","BART_042",,"NEON.PLA.D01.BART.04752","ok","sapling","Live",,,0.2,,,,,,,,1.3,10,,,,"XVpAZvFTV5+SRUEkcK8K7LUOF15VuEMc","WpWHyjh7ZEbsFcxLGlzbonUvwbNLZ84R","legacyData"
"c3e3be11-00ed-49ed-9d36-8d5a3ab5d353","BART_042.basePlot.vst","2017-08-30","vst_BART_2017","D01","BART","BART_042",,"NEON.PLA.D01.BART.03403","ok","single bole tree","Live",34.8,130,22.2,,,,,,,,,,,,,"XVpAZvFTV5+SRUEkcK8K7LUOF15VuEMc","WpWHyjh7ZEbsFcxLGlzbonUvwbNLZ84R","legacyData"
"41fae83b-15c2-4e13-90bf-f7f3d6127e9f","BART_042.basePlot.vst","2017-08-30","vst_BART_2017","D01","BART","BART_042",,"NEON.PLA.D01.BART.04668","ok","small tree","Live",2.7,130,3.0,,,,,,,,,,,,,"XVpAZvFTV5+SRUEkcK8K7LUOF15VuEMc","WpWHyjh7ZEbsFcxLGlzbonUvwbNLZ84R","legacyData"
"88bac7e2-83ef-48a6-8a7e-4351d55b77a4","BART_042.basePlot.vst","2017-08-30","vst_BART_2017","D01","BART","BART_042",,"NEON.PLA.D01.BART.03063","ok","sapling","Live",,,1.6,,,,,,,,1.4,10,,,,"XVpAZvFTV5+SRUEkcK8K7LUOF15VuEMc","WpWHyjh7ZEbsFcxLGlzbonUvwbNLZ84R","legacyData"
"6b17a9cf-9f93-470e-a446-dfae986d4c6d","BART_042.basePlot.vst","2017-08-30","vst_BART_2017","D01","BART","BART_042",,"NEON.PLA.D01.BART.03060","ok","sapling","Live",,,0.7,,,,,,,,1.3,10,,,,"XVpAZvFTV5+SRUEkcK8K7LUOF15VuEMc","WpWHyjh7ZEbsFcxLGlzbonUvwbNLZ84R","legacyData"
"cbdcb1df-7b24-4718-aa7a-f90b8c110e7b","BART_042.basePlot.vst","2017-08-30","vst_BART_2017","D01","BART","BART_042",,"NEON.PLA.D01.BART.03033","ok","multi-bole tree","Live",58.0,130,23.8,,,,,,,,,,,,,"XVpAZvFTV5+SRUEkcK8K7LUOF15VuEMc","WpWHyjh7ZEbsFcxLGlzbonUvwbNLZ84R","legacyData"
"b08b1d07-366d-4e2b-ab6d-368e995de439","BART_042.basePlot.vst","2017-08-30","vst_BART_2017","D01","BART","BART_042",,"NEON.PLA.D01.BART.03167","ok","single bole tree","Live, disease damaged",12.5,130,13.3,,,,,,,,,,,,"Bole damage. Beech bark disease. Crown damage. Many dead branches.","XVpAZvFTV5+SRUEkcK8K7LUOF15VuEMc","WpWHyjh7ZEbsFcxLGlzbonUvwbNLZ84R","legacyData"
"93d5ac0d-db2c-427a-b70a-c3bc2167a283","BART_042.basePlot.vst","2017-08-30","vst_BART_2017","D01","BART","BART_042",,"NEON.PLA.D01.BART.03439","ok","sapling","Live, physically damaged",,,1.1,,,,,,,,1.0,10,,,"Beech bark disease. Crown dead.","XVpAZvFTV5+SRUEkcK8K7LUOF15VuEMc","WpWHyjh7ZEbsFcxLGlzbonUvwbNLZ84R","legacyData"
"25d53519-8c4f-4c43-86c9-0eeb4e63a478","BART_042.basePlot.vst","2017-08-30","vst_BART_2017","D01","BART","BART_042",,"NEON.PLA.D01.BART.03408","ok","single bole tree","Live",25.3,130,14.1,,,,,,,,,,,,,"XVpAZvFTV5+SRUEkcK8K7LUOF15VuEMc","WpWHyjh7ZEbsFcxLGlzbonUvwbNLZ84R","legacyData"
"f588f547-c5b7-4dcd-9242-7300bdb54e06","BART_042.basePlot.vst","2017-08-30","vst_BART_2017","D01","BART","BART_042",,"NEON.PLA.D01.BART.03059","ok","small tree","Live",8.5,130,6.2,,,,,,,,,,,,,"XVpAZvFTV5+SRUEkcK8K7LUOF15VuEMc","WpWHyjh7ZEbsFcxLGlzbonUvwbNLZ84R","legacyData"
"a84e4139-e0a3-4a4b-88c6-e772f1c1cd20","BART_042.basePlot.vst","2017-08-30","vst_BART_2017","D01","BART","BART_042",,"NEON.PLA.D01.BART.03169","ok","single bole tree","Live",15.6,130,17.4,,,,,,,,,,,,,"XVpAZvFTV5+SRUEkcK8K7LUOF15VuEMc","WpWHyjh7ZEbsFcxLGlzbonUvwbNLZ84R","legacyData"
"c8c6d4b6-a319-4c2b-b314-17bcccb25c77","BART_042.basePlot.vst","2017-08-30","vst_BART_2017","D01","BART","BART_042",,"NEON.PLA.D01.BART.03053","ok",,"Downed",,,,,,,,,,,,,,,,"XVpAZvFTV5+SRUEkcK8K7LUOF15VuEMc","WpWHyjh7ZEbsFcxLGlzbonUvwbNLZ84R","legacyData"
"3d305b88-1c1b-4df2-b5c1-2c11d82b66b5","BART_042.basePlot.vst","2017-08-30","vst_BART_2017","D01","BART","BART_042",,"NEON.PLA.D01.BART.03431","ok","sapling","Live",,,1.0,,,,,,,,1.1,10,,,,"XVpAZvFTV5+SRUEkcK8K7LUOF15VuEMc","WpWHyjh7ZEbsFcxLGlzbonUvwbNLZ84R","legacyData"
"330ebbe3-a228-4ff0-85a2-94128f983cf9","BART_042.basePlot.vst","2017-08-30","vst_BART_2017","D01","BART","BART_042",,"NEON.PLA.D01.BART.03414","ok","single bole tree","Live, disease damaged",11.6,130,12.1,,,,,,,,,,,,"Beech bark disease.","XVpAZvFTV5+SRUEkcK8K7LUOF15VuEMc","WpWHyjh7ZEbsFcxLGlzbonUvwbNLZ84R","legacyData"
"b96850e3-94f8-4825-9193-a76fb8e5b098","BART_042.basePlot.vst","2017-08-30","vst_BART_2017","D01","BART","BART_042",,"NEON.PLA.D01.BART.03359","ok","single bole tree","Live",15.4,130,14.3,,,,,,,,,,,,,"XVpAZvFTV5+SRUEkcK8K7LUOF15VuEMc","WpWHyjh7ZEbsFcxLGlzbonUvwbNLZ84R","legacyData"
"756eb9b1-572d-4328-a9a6-f6e111c1c60e","BART_042.basePlot.vst","2017-08-30","vst_BART_2017","D01","BART","BART_042",,"NEON.PLA.D01.BART.03407","ok","single bole tree","Live",33.3,130,16.7,,,,,,,,,,,,,"XVpAZvFTV5+SRUEkcK8K7LUOF15VuEMc","WpWHyjh7ZEbsFcxLGlzbonUvwbNLZ84R","legacyData"
"9d63b7e1-fd81-4b84-86d8-88c7c3baad9d","BART_042.basePlot.vst","2017-08-30","vst_BART_2017","D01","BART","BART_042",,"NEON.PLA.D01.BART.03036","ok","single bole tree","Live",13.3,130,12.1,,,,,,,,,,,,,"XVpAZvFTV5+SRUEkcK8K7LUOF15VuEMc","WpWHyjh7ZEbsFcxLGlzbonUvwbNLZ84R","legacyData"
