uid,namedLocation,domainID,siteID,plotID,plotType,nlcdClass,decimalLatitude,decimalLongitude,geodeticDatum,coordinateUncertainty,elevation,elevationUncertainty,collectDate,eventID,sampleID,sampleCode,samplingMethod,totalSampledArea,targetTaxaPresent,adultCount,nymphCount,larvaCount,sampleCondition,samplingProtocolVersion,measuredBy,remarks
"4cfb1bc1-e668-49c4-bded-05c9e12cac8b","OSBS_002.tickPlot.tck","D03","OSBS","OSBS_002","distributed","evergreenForest",29.703661,-81.958365,"WGS84",20.1,35.8,0.2,"2016-11-15T14:47Z","OSBS.2016.46",,,"drag and flag",161,"N",0,0,0,"No known compromise","NEON.DOC.014045vG","PbNu4t/t/O1BAZriMiaA3VbsZD9KatgX",
"e4ba18fa-d7e5-4825-b1cf-7ccdc12a4a3d","OSBS_003.tickPlot.tck","D03","OSBS","OSBS_003","distributed","evergreenForest",29.693693,-81.947010,"WGS84",20.3,38.2,0.5,"2016-11-15T15:24Z","OSBS.2016.46","OSBS_003.20161115",,"drag and flag",173,"Y",0,4,20,"No known compromise","NEON.DOC.014045vG","K+tJSr1+vfakLzRtMceLFR7MVx1xGtUA",
"d136d3e1-7f16-47bf-a28d-d8592c6420bf","OSBS_022.tickPlot.tck","D03","OSBS","OSBS_022","distributed","emergentHerbaceousWetlands",29.688309,-81.961968,"WGS84",20.1,24.3,0.1,"2016-11-15T16:23Z","OSBS.2016.46",,,"drag and flag",165,"N",0,0,0,"No known compromise","NEON.DOC.014045vG","PbNu4t/t/O1BAZriMiaA3VbsZD9KatgX",
"7f54a759-d833-498e-b461-2b2a83a69d0c","OSBS_001.tickPlot.tck","D03","OSBS","OSBS_001","distributed","woodyWetlands",29.704063,-82.008061,"WGS84",20.3,34.4,0.3,"2016-11-15T17:30Z","OSBS.2016.46","OSBS_001.20161115",,"drag and flag",170,"Y",1,1,63,"No known compromise","NEON.DOC.014045vG","PbNu4t/t/O1BAZriMiaA3VbsZD9KatgX",
"df94abbc-7e18-4f51-bfcc-2d7e250512b9","OSBS_005.tickPlot.tck","D03","OSBS","OSBS_005","distributed","woodyWetlands",29.697923,-82.025623,"WGS84",20.4,36.0,1.2,"2016-11-15T18:11Z","OSBS.2016.46","OSBS_005.20161115",,"drag and flag",165,"Y",3,2,481,"No known compromise","NEON.DOC.014045vG","K+tJSr1+vfakLzRtMceLFR7MVx1xGtUA",
"e4d9df11-9c83-44a1-a816-032161390240","OSBS_004.tickPlot.tck","D03","OSBS","OSBS_004","distributed","evergreenForest",29.683402,-81.960449,"WGS84",20.3,42.4,0.4,"2016-11-17T16:14Z","OSBS.2016.46","OSBS_004.20161117",,"drag and flag",160,"Y",0,7,0,"No known compromise","NEON.DOC.014045vG","K+tJSr1+vfakLzRtMceLFR7MVx1xGtUA",
