uid,namedLocation,plotID,collectDate,identifiedDate,sampleID,subsampleID,scientificName,acceptedTaxonID,taxonRank,family,subfamily,tribe,subtribe,genus,subgenus,specificEpithet,infraspecificEpithet,identificationQualifier,identificationReferences,identificationProtocolVersion,scientificNameAuthorship,sexOrAge,individualCount,sampleCondition,archiveMedium,archiveFacilityID,deprecatedVialID,identifiedBy,laboratoryName,remarks
"4def1b26-cc9d-4dbf-948f-18e9c20d82bc","OSBS_003.tickPlot.tck","OSBS_003","2016-11-15T15:24Z","2017-06-09T16:00Z","OSBS_003.20161115","OSBS_003.20161115.IXOSP.L","Ixodidae sp.","IXOSP","family","Ixodidae",,,,,,"sp.",,,,"GSU_tickIdentification_SOP_2016-11-01.pdf",,"Larva",1,"OK","RNA stabilization buffer","USNMENT00984754","OSBS_003.20161115.L","Lorenza Beati","Georgia Southern University","Over invoice limit, will not be billed."
"53c144bc-9086-4514-9f59-1cd49bce3013","OSBS_003.tickPlot.tck","OSBS_003","2016-11-15T15:24Z","2017-06-09T16:00Z","OSBS_003.20161115","OSBS_003.20161115.AMBAME.N","Amblyomma americanum","AMBAME","species","Ixodidae",,,,"Amblyomma",,"americanum",,,"Cooley, R. A. and G. M. Kohls. 1944. The genus Amblyomma (ixodidae) in the United States. The Journal of Parasitology, 30(2):77-111.","GSU_tickIdentification_SOP_2016-11-01.pdf","Linnaeus","Nymph",3,"OK","RNA stabilization buffer","USNMENT00984702","OSBS_003.20161115.AMBAME.N","Lorenza Beati","Georgia Southern University",
"2514baa5-761b-4003-9c6b-458085a67b02","OSBS_001.tickPlot.tck","OSBS_001","2016-11-15T17:30Z","2017-06-09T16:00Z","OSBS_001.20161115","OSBS_001.20161115.IXOSCA.M","Ixodes scapularis","IXOSCA","species","Ixodidae",,,,"Ixodes",,"scapularis",,,"Cooley, R. A. and G. M. Kohls. 1945. The genus Ixodes in North America. National Institute of Health Bulletin, 184.","GSU_tickIdentification_SOP_2016-11-01.pdf","Say","Male",1,"OK","RNA stabilization buffer","USNMENT00984701","OSBS_001.20161115.IXOSCA.M","Lorenza Beati","Georgia Southern University",
"0bcedfe9-4cce-4961-83a0-a242e90b3f2c","OSBS_001.tickPlot.tck","OSBS_001","2016-11-15T17:30Z","2017-05-25T16:00Z","OSBS_001.20161115","OSBS_001.20161115.IXOSP.N","Ixodidae sp.","IXOSP","family","Ixodidae",,,,,,"sp.",,,,"GSU_tickIdentification_SOP_2016-11-01.pdf",,"Nymph",1,"OK","RNA stabilization buffer","USNMENT00984700","OSBS_001.20161115.N","Guy Hobbs","Georgia Southern University","Over invoice limit, will not be billed."
"f7600438-b80a-4e11-8f72-350650b9c55d","OSBS_005.tickPlot.tck","OSBS_005","2016-11-15T18:11Z","2017-05-25T16:00Z","OSBS_005.20161115","OSBS_005.20161115.IXOSP.M","Ixodidae sp.","IXOSP","family","Ixodidae",,,,,,"sp.",,,,"GSU_tickIdentification_SOP_2016-11-01.pdf",,"Male",2,"OK","RNA stabilization buffer","USNMENT00984698","OSBS_005.20161115.M","Guy Hobbs","Georgia Southern University","Over invoice limit, will not be billed."
"ccbe79a4-8322-4c9c-9d20-6bf7d2c7bdd5","OSBS_005.tickPlot.tck","OSBS_005","2016-11-15T18:11Z","2017-05-25T16:00Z","OSBS_005.20161115","OSBS_005.20161115.IXOSP.N","Ixodidae sp.","IXOSP","family","Ixodidae",,,,,,"sp.",,,,"GSU_tickIdentification_SOP_2016-11-01.pdf",,"Nymph",2,"OK","RNA stabilization buffer","USNMENT00984697","OSBS_005.20161115.N","Guy Hobbs","Georgia Southern University","Over invoice limit, will not be billed."
"071df85c-9938-4708-8eee-c1a0befb033c","OSBS_005.tickPlot.tck","OSBS_005","2016-11-15T18:11Z","2017-05-25T16:00Z","OSBS_005.20161115","OSBS_005.20161115.IXOSP.L","Ixodidae sp.","IXOSP","family","Ixodidae",,,,,,"sp.",,,,"GSU_tickIdentification_SOP_2016-11-01.pdf",,"Larva",1,"OK","RNA stabilization buffer","USNMENT00984752","OSBS_005.20161115.L","Lorenza Beati","Georgia Southern University","Over invoice limit, will not be billed."
"e4e49a16-c02f-4b8d-a107-748d1efb214e","OSBS_005.tickPlot.tck","OSBS_005","2016-11-15T18:11Z","2017-06-09T16:00Z","OSBS_005.20161115","OSBS_005.20161115.IXOSCA.F","Ixodes scapularis","IXOSCA","species","Ixodidae",,,,"Ixodes",,"scapularis",,,"Cooley, R. A. and G. M. Kohls. 1945. The genus Ixodes in North America. National Institute of Health Bulletin, 184.","GSU_tickIdentification_SOP_2016-11-01.pdf","Say","Female",1,"OK","RNA stabilization buffer","USNMENT00984699","OSBS_005.20161115.IXOSCA.F","Lorenza Beati","Georgia Southern University",
"03362b73-bfd2-44f3-bb90-a5f4b6720463","OSBS_004.tickPlot.tck","OSBS_004","2016-11-17T16:14Z","2017-04-19T16:00Z","OSBS_004.20161117","OSBS_004.20161117.IXOSP.L","Ixodidae sp.","IXOSP","family","Ixodidae",,,,,,"sp.",,,,"GSU_tickIdentification_SOP_2016-11-01.pdf",,"Larva",1,"OK","RNA stabilization buffer","USNMENT00984750","OSBS_004.20161117.L","Lorenza Beati","Georgia Southern University","Over invoice limit, will not be billed."
