uid,namedLocation,domainID,siteID,plotID,plotType,nlcdClass,decimalLatitude,decimalLongitude,geodeticDatum,coordinateUncertainty,elevation,elevationUncertainty,collectDate,eventID,sampleID,sampleCode,samplingMethod,totalSampledArea,targetTaxaPresent,adultCount,nymphCount,larvaCount,sampleCondition,samplingProtocolVersion,measuredBy,remarks
"81d0f11c-2254-4a0e-b65e-570052aeab98","OAES_008.tickPlot.tck","D11","OAES","OAES_008","distributed","grasslandHerbaceous",35.394019,-99.063159,"WGS84",20.1,492.6,0.1,"2018-08-07T13:10Z","OAES.2018.32",,,"drag",160,"N",0,0,0,"No known compromise","NEON.DOC.014045vJ","/VkA3yjugMF8nnUbC6d+dh/hTYhVmzgYtPB78jE5mRs=",
"8151259f-da9b-4600-81dc-0c1362b5e0b7","OAES_007.tickPlot.tck","D11","OAES","OAES_007","distributed","shrubScrub",35.421328,-99.057210,"WGS84",20.1,521.6,0.1,"2018-08-07T13:45Z","OAES.2018.32",,,"drag",155,"N",0,0,0,"No known compromise","NEON.DOC.014045vJ","/VkA3yjugMF8nnUbC6d+dh/hTYhVmzgYtPB78jE5mRs=",
"cb80ed98-ec09-4db0-a135-8e66cdafa3e2","OAES_003.tickPlot.tck","D11","OAES","OAES_003","distributed","grasslandHerbaceous",35.412134,-99.068027,"WGS84",20.2,512.2,0.2,"2018-08-07T14:29Z","OAES.2018.32","OAES_003.20180807","A00000020762","drag",142,"Y",1,0,0,"No known compromise","NEON.DOC.014045vJ","/VkA3yjugMF8nnUbC6d+dh/hTYhVmzgYtPB78jE5mRs=",
"71738a4d-3a68-4d69-ab80-ff80ec0678ca","OAES_021.tickPlot.tck","D11","OAES","OAES_021","distributed","shrubScrub",35.413211,-99.074301,"WGS84",20.1,501.7,0.1,"2018-08-07T15:08Z","OAES.2018.32",,,"drag",91,"N",0,0,0,"No known compromise","NEON.DOC.014045vJ","/VkA3yjugMF8nnUbC6d+dh/hTYhVmzgYtPB78jE5mRs=",
"478e935a-cd3e-46a9-a240-ff63243da96c","OAES_004.tickPlot.tck","D11","OAES","OAES_004","distributed","grasslandHerbaceous",35.411159,-99.084234,"WGS84",20.1,507.6,0.1,"2018-08-07T15:50Z","OAES.2018.32","OAES_004.20180807","A00000020747","drag",148,"Y",1,0,0,"No known compromise","NEON.DOC.014045vJ","/VkA3yjugMF8nnUbC6d+dh/hTYhVmzgYtPB78jE5mRs=",
"ddc3bfde-592b-4a9d-b920-ab3cf30efcb3","OAES_005.tickPlot.tck","D11","OAES","OAES_005","distributed","grasslandHerbaceous",35.402926,-99.080346,"WGS84",20.1,509.4,0.1,"2018-08-07T16:35Z","OAES.2018.32",,,"drag",160,"N",0,0,0,"No known compromise","NEON.DOC.014045vJ","/VkA3yjugMF8nnUbC6d+dh/hTYhVmzgYtPB78jE5mRs=",
"ad8f5a00-2f49-43ae-b407-bf192a01b80b","OAES_008.tickPlot.tck","D11","OAES","OAES_008","distributed","grasslandHerbaceous",35.394019,-99.063159,"WGS84",20.1,492.6,0.1,"2018-08-28T12:53Z","OAES.2018.35",,,"drag",160,"N",0,0,0,"No known compromise","NEON.DOC.014045vJ","GX867jzl2LPd3HlUZbuiNfXOAtWi8JLtNMOknIxXArE=",
"3cff5356-00f4-4de8-bd84-1b6903ab667f","OAES_007.tickPlot.tck","D11","OAES","OAES_007","distributed","shrubScrub",35.421328,-99.057210,"WGS84",20.1,521.6,0.1,"2018-08-28T13:23Z","OAES.2018.35",,,"drag",158,"N",0,0,0,"No known compromise","NEON.DOC.014045vJ","GX867jzl2LPd3HlUZbuiNfXOAtWi8JLtNMOknIxXArE=",
"298422d6-65b0-42d2-95e4-ae6af0b7f306","OAES_003.tickPlot.tck","D11","OAES","OAES_003","distributed","grasslandHerbaceous",35.412134,-99.068027,"WGS84",20.2,512.2,0.2,"2018-08-28T13:53Z","OAES.2018.35",,,"drag",160,"N",0,0,0,"No known compromise","NEON.DOC.014045vJ","GX867jzl2LPd3HlUZbuiNfXOAtWi8JLtNMOknIxXArE=",
"fbf19b2e-ee9a-4b1c-8153-758f8a7ef0e1","OAES_021.tickPlot.tck","D11","OAES","OAES_021","distributed","shrubScrub",35.413211,-99.074301,"WGS84",20.1,501.7,0.1,"2018-08-28T14:17Z","OAES.2018.35",,,"drag",110,"N",0,0,0,"No known compromise","NEON.DOC.014045vJ","GX867jzl2LPd3HlUZbuiNfXOAtWi8JLtNMOknIxXArE=",
"4c331bda-6841-444f-bba0-8229858ab32f","OAES_004.tickPlot.tck","D11","OAES","OAES_004","distributed","grasslandHerbaceous",35.411159,-99.084234,"WGS84",20.1,507.6,0.1,"2018-08-28T14:50Z","OAES.2018.35",,,"drag",160,"N",0,0,0,"No known compromise","NEON.DOC.014045vJ","GX867jzl2LPd3HlUZbuiNfXOAtWi8JLtNMOknIxXArE=",
"ff0e3323-8c78-45a9-a9b0-701e009a1531","OAES_005.tickPlot.tck","D11","OAES","OAES_005","distributed","grasslandHerbaceous",35.402926,-99.080346,"WGS84",20.1,509.4,0.1,"2018-08-28T15:22Z","OAES.2018.35",,,"drag",160,"N",0,0,0,"No known compromise","NEON.DOC.014045vJ","GX867jzl2LPd3HlUZbuiNfXOAtWi8JLtNMOknIxXArE=",
