uid,namedLocation,domainID,siteID,plotID,plotType,nlcdClass,decimalLatitude,decimalLongitude,geodeticDatum,coordinateUncertainty,elevation,elevationUncertainty,collectDate,eventID,sampleID,sampleCode,samplingMethod,totalSampledArea,targetTaxaPresent,adultCount,nymphCount,larvaCount,sampleCondition,samplingProtocolVersion,measuredBy,remarks
"9b93eb60-b4fa-4f7a-9bd2-3f626fc3dd92","GRSM_006.tickPlot.tck","D07","GRSM","GRSM_006","distributed","deciduousForest",35.679072,-83.643678,"WGS84",20.2,533.6,0.2,"2016-05-16T15:27Z","GRSM.2016.20",,,"drag",166,"N",0,0,0,"No known compromise","NEON.DOC.014045vG","zAuTdQ8TLTOCAVE+XhtWnklq56XAz8bt",
"3d09101c-f826-4f72-aa6d-214b3453995f","GRSM_010.tickPlot.tck","D07","GRSM","GRSM_010","distributed","deciduousForest",35.669242,-83.524579,"WGS84",20.2,510.4,0.3,"2016-05-16T16:38Z","GRSM.2016.20",,,"drag",163,"N",0,0,0,"No known compromise","NEON.DOC.014045vG","zAuTdQ8TLTOCAVE+XhtWnklq56XAz8bt",
"cb38006b-c1b8-4378-a857-46208f7305a9","GRSM_004.tickPlot.tck","D07","GRSM","GRSM_004","distributed","deciduousForest",35.688959,-83.535562,"WGS84",20.3,441.9,0.5,"2016-05-16T17:39Z","GRSM.2016.20",,,"drag and flag",165,"N",0,0,0,"No known compromise","NEON.DOC.014045vG","zAuTdQ8TLTOCAVE+XhtWnklq56XAz8bt",
"0f5f1048-8626-4107-ae7b-c428e1f115ae","GRSM_009.tickPlot.tck","D07","GRSM","GRSM_009","distributed","deciduousForest",35.671874,-83.491180,"WGS84",20.2,820.9,0.2,"2016-05-16T18:41Z","GRSM.2016.20",,,"drag and flag",169,"N",0,0,0,"No known compromise","NEON.DOC.014045vG","zAuTdQ8TLTOCAVE+XhtWnklq56XAz8bt",
"1ce26c2b-5d16-4d65-9a76-cc1bf8920662","GRSM_003.tickPlot.tck","D07","GRSM","GRSM_003","distributed","deciduousForest",35.676584,-83.476209,"WGS84",20.2,880.6,0.2,"2016-05-16T19:44Z","GRSM.2016.20",,,"drag and flag",160,"N",0,0,0,"No known compromise","NEON.DOC.014045vG","zAuTdQ8TLTOCAVE+XhtWnklq56XAz8bt",
"d1b8753f-a5bc-4ea8-af51-81094016949a","GRSM_005.tickPlot.tck","D07","GRSM","GRSM_005","distributed","deciduousForest",35.682740,-83.398124,"WGS84",20.2,731.0,0.4,"2016-05-16T21:49Z","GRSM.2016.20","GRSM_005.20160516",,"drag",163,"Y",1,0,0,"No known compromise","NEON.DOC.014045vG","zAuTdQ8TLTOCAVE+XhtWnklq56XAz8bt",
