uid,namedLocation,plotID,collectDate,identifiedDate,sampleID,subsampleID,scientificName,acceptedTaxonID,taxonRank,family,subfamily,tribe,subtribe,genus,subgenus,specificEpithet,infraspecificEpithet,identificationQualifier,identificationReferences,identificationProtocolVersion,scientificNameAuthorship,sexOrAge,individualCount,sampleCondition,archiveMedium,archiveFacilityID,deprecatedVialID,identifiedBy,laboratoryName,remarks
"f86c9e85-e59c-4c2b-87cd-c0d99da14157","ORNL_007.tickPlot.tck","ORNL_007","2016-11-16T14:31Z","2017-06-26T16:00Z","ORNL_007.20161116","ORNL_007.20161116.IXOSCA.F","Ixodes scapularis","IXOSCA","species","Ixodidae",,,,"Ixodes",,"scapularis",,,"Cooley, R. A. and G. M. Kohls. 1945. The genus Ixodes in North America. National Institute of Health Bulletin, 184.","GSU_tickIdentification_SOP_2016-11-01.pdf","Say","Female",1,"OK","RNA stabilization buffer","USNMENT00984433","ORNL_007.20161116.IXOSCA.F","Lorenza Beati","Georgia Southern University",
"2c4b3309-9bf8-402a-87ad-95d3661da4de","ORNL_007.tickPlot.tck","ORNL_007","2016-11-16T14:31Z","2017-06-26T16:00Z","ORNL_007.20161116","ORNL_007.20161116.IXOAFF.F","Ixodes affinis","IXOAFF","species","Ixodidae",,,,"Ixodes",,"affinis",,,"Keirans, J. E., and C. M. Clifford. 1978. The genus Ixodes in the United States: a scanning electron microscope study and key to the adults. Journal of Medical Entomology, 15(Supplement 2):1-38.","GSU_tickIdentification_SOP_2016-11-01.pdf","Neumann","Female",1,"OK","RNA stabilization buffer","USNMENT00864635","ORNL_007.20161116.IXOAFF.F","Lorenza Beati","Georgia Southern University",
"e323a4ed-86bb-41f4-ab85-dc33671a0546","ORNL_003.tickPlot.tck","ORNL_003","2016-11-16T15:17Z","2017-06-26T16:00Z","ORNL_003.20161116","ORNL_003.20161116.IXOSCA.M","Ixodes scapularis","IXOSCA","species","Ixodidae",,,,"Ixodes",,"scapularis",,"cf. species","Cooley, R. A. and G. M. Kohls. 1945. The genus Ixodes in North America. National Institute of Health Bulletin, 184.","GSU_tickIdentification_SOP_2016-11-01.pdf","Say","Male",1,"OK","RNA stabilization buffer","USNMENT00864634","ORNL_003.20161116.IXOSCA.M","Lorenza Beati","Georgia Southern University",
"87a8ca0a-7243-4e2a-84f2-2c9db50c6910","ORNL_003.tickPlot.tck","ORNL_003","2016-11-16T15:17Z","2017-06-26T16:00Z","ORNL_003.20161116","ORNL_003.20161116.IXOAFF.F","Ixodes affinis","IXOAFF","species","Ixodidae",,,,"Ixodes",,"affinis",,,"Keirans, J. E., and C. M. Clifford. 1978. The genus Ixodes in the United States: a scanning electron microscope study and key to the adults. Journal of Medical Entomology, 15(Supplement 2):1-38.","GSU_tickIdentification_SOP_2016-11-01.pdf","Neumann","Female",1,"OK","RNA stabilization buffer","USNMENT00984434","ORNL_003.20161116.IXOAFF.F","Lorenza Beati","Georgia Southern University",
"e5fa844f-dc51-4113-b3b5-15c9122c9d44","ORNL_008.tickPlot.tck","ORNL_008","2016-11-16T15:44Z","2017-06-26T16:00Z","ORNL_008.20161116","ORNL_008.20161116.IXOAFF.F","Ixodes affinis","IXOAFF","species","Ixodidae",,,,"Ixodes",,"affinis",,,"Keirans, J. E., and C. M. Clifford. 1978. The genus Ixodes in the United States: a scanning electron microscope study and key to the adults. Journal of Medical Entomology, 15(Supplement 2):1-38.","GSU_tickIdentification_SOP_2016-11-01.pdf","Neumann","Female",1,"OK","RNA stabilization buffer","USNMENT00984432","ORNL_008.20161116.IXOAFF.F","Lorenza Beati","Georgia Southern University",
