uid,namedLocation,domainID,siteID,plotID,plotType,nlcdClass,decimalLatitude,decimalLongitude,geodeticDatum,coordinateUncertainty,elevation,elevationUncertainty,collectDate,eventID,sampleID,sampleCode,samplingMethod,totalSampledArea,targetTaxaPresent,adultCount,nymphCount,larvaCount,sampleCondition,samplingProtocolVersion,measuredBy,remarks
"45502608-d64e-4ed0-8856-e19658c6e1c4","ORNL_007.tickPlot.tck","D07","ORNL","ORNL_007","distributed","deciduousForest",35.925843,-84.328420,"WGS84",20.2,279.4,0.5,"2016-11-02T14:30Z","ORNL.2016.45","ORNL_007.20161102",,"drag and flag",162,"Y",0,1,0,"No known compromise","NEON.DOC.014045vG","HfCHbUozJCbFIiJx3L+LRM2T2bvp16kb3nRCqH04HMQ=",
"e6eb9bfb-03fe-46d2-b5f5-c8ab0078960c","ORNL_002.tickPlot.tck","D07","ORNL","ORNL_002","distributed","deciduousForest",35.983090,-84.211654,"WGS84",20.3,338.6,0.5,"2016-11-16T14:28Z","ORNL.2016.46",,,"drag",160,"N",0,0,0,"No known compromise","NEON.DOC.014045vG","ntMKYxYUttgTR6u/j2bBWe+VSVcHK8QG",
"4a9f6ef8-ddd0-4781-aed0-73ccbcaf3f42","ORNL_007.tickPlot.tck","D07","ORNL","ORNL_007","distributed","deciduousForest",35.925843,-84.328420,"WGS84",20.2,279.4,0.5,"2016-11-16T14:31Z","ORNL.2016.46","ORNL_007.20161116",,"drag and flag",160,"Y",2,0,0,"No known compromise","NEON.DOC.014045vG","o8zDrSGfNREfY7eUxha3x2psXnRhKRxa",
"2d9ab902-b520-4dc6-8587-b5194d2563f1","ORNL_003.tickPlot.tck","D07","ORNL","ORNL_003","distributed","deciduousForest",35.967011,-84.229849,"WGS84",20.2,275.5,0.2,"2016-11-16T15:17Z","ORNL.2016.46","ORNL_003.20161116",,"drag and flag",160,"Y",1,1,0,"No known compromise","NEON.DOC.014045vG","zAuTdQ8TLTOCAVE+XhtWnklq56XAz8bt",
"f1b4f9fc-9ca1-4686-9715-33399fdea0a7","ORNL_008.tickPlot.tck","D07","ORNL","ORNL_008","distributed","deciduousForest",35.933531,-84.334016,"WGS84",20.3,322.7,0.3,"2016-11-16T15:44Z","ORNL.2016.46","ORNL_008.20161116",,"drag and flag",160,"Y",1,0,0,"No known compromise","NEON.DOC.014045vG","o8zDrSGfNREfY7eUxha3x2psXnRhKRxa",
"efe332e7-01dc-4764-a95b-f1ed81d1a79b","ORNL_009.tickPlot.tck","D07","ORNL","ORNL_009","distributed","deciduousForest",35.974902,-84.226630,"WGS84",20.2,337.1,0.2,"2016-11-16T16:06Z","ORNL.2016.46",,,"drag and flag",160,"N",0,0,0,"No known compromise","NEON.DOC.014045vG","ntMKYxYUttgTR6u/j2bBWe+VSVcHK8QG",
"36c067b8-7850-4b61-be6b-a14c4b99690f","ORNL_040.tickPlot.tck","D07","ORNL","ORNL_040","distributed","evergreenForest",35.975525,-84.305103,"WGS84",20.2,273.2,0.2,"2016-11-16T16:49Z","ORNL.2016.46",,,"drag and flag",160,"N",0,0,0,"No known compromise","NEON.DOC.014045vG","o8zDrSGfNREfY7eUxha3x2psXnRhKRxa",
