uid,namedLocation,date,domainID,siteID,plotID,plotType,nlcdClass,decimalLatitude,decimalLongitude,geodeticDatum,coordinateUncertainty,easting,northing,utmZone,elevation,elevationUncertainty,eventID,samplingProtocolVersion,treesPresent,treesAbsentList,shrubsPresent,shrubsAbsentList,lianasPresent,lianasAbsentList,nestedSubplotAreaShrubSapling,nestedSubplotAreaLiana,totalSampledAreaTrees,totalSampledAreaShrubSapling,totalSampledAreaLiana,remarks,measuredBy,recordedBy,dataQF
"c096c904-2cce-4c2d-877e-9116d4b8e120","UNDE_058.basePlot.vst","2016-08-29","D05","UNDE","UNDE_058","tower","deciduousForest",46.231090,-89.538847,"WGS84",20.1,304233.89,5122856.84,"16N",520.6,0.2,"vst_UNDE_2016","NEON.DOC.000987vE","N",,"N",,"N",,"noneSelected","noneSelected",800,800,800,,"gBlPcqEktYPJ3ySc4yH5VEIhz3XB6CCnPD/906wv49M=","YXC3uZi4GhsSXa/mUnF+CUP449Pd1CnOqn+q/6duk2U=",
"276af4a7-c2e0-4d52-b6bc-102a8541adeb","UNDE_057.basePlot.vst","2016-08-29","D05","UNDE","UNDE_057","tower","woodyWetlands",46.234300,-89.540921,"WGS84",20.3,304085.40,5123218.62,"16N",516.1,0.3,"vst_UNDE_2016","NEON.DOC.000987vE","N",,"N",,"N",,"noneSelected","noneSelected",800,800,800,,"YXC3uZi4GhsSXa/mUnF+CUP449Pd1CnOqn+q/6duk2U=","sJL9zmANpKSnwGI/oM4e269UAtIwSFPlKSnJ2NI7YEI=",
"6f6135a8-e1d3-4760-aa72-a3a307262759","UNDE_050.basePlot.vst","2016-08-31","D05","UNDE","UNDE_050","tower","deciduousForest",46.229500,-89.537992,"WGS84",20.2,304294.16,5122678.07,"16N",513.0,0.2,"vst_UNDE_2016","NEON.DOC.000987vE","N",,"N",,"N",,"noneSelected","noneSelected",800,800,800,,"sJL9zmANpKSnwGI/oM4e269UAtIwSFPlKSnJ2NI7YEI=","Pd5j4AVdzcNiBtTbgFwwXGlEiW8JbN4pQR2fK5CUc+8=",
"477fcfff-0fcf-465f-a581-bca8789c8f70","UNDE_055.basePlot.vst","2016-08-31","D05","UNDE","UNDE_055","tower","mixedForest",46.229527,-89.536018,"WGS84",20.1,304446.47,5122676.20,"16N",508.6,0.3,"vst_UNDE_2016","NEON.DOC.000987vE","N",,"N",,"N",,"noneSelected","noneSelected",800,800,800,,"sJL9zmANpKSnwGI/oM4e269UAtIwSFPlKSnJ2NI7YEI=","gBlPcqEktYPJ3ySc4yH5VEIhz3XB6CCnPD/906wv49M=",
