uid,namedLocation,plotID,collectDate,identifiedDate,sampleID,subsampleID,scientificName,acceptedTaxonID,taxonRank,family,subfamily,tribe,subtribe,genus,subgenus,specificEpithet,infraspecificEpithet,identificationQualifier,identificationReferences,identificationProtocolVersion,scientificNameAuthorship,sexOrAge,individualCount,sampleCondition,archiveMedium,archiveFacilityID,deprecatedVialID,identifiedBy,laboratoryName,remarks
"13250199-ea8d-4883-a7e6-6ba46553b7bf","OSBS_048.tickPlot.tck","OSBS_048","2018-04-05T17:33Z","2018-09-26T16:00Z","OSBS_048.20180405","OSBS_048.20180405.AMBAME.N","Amblyomma americanum","AMBAME","species","Ixodidae",,,,"Amblyomma",,"americanum",,,"Cooley, R. A. and G. M. Kohls. 1944. The genus Amblyomma (ixodidae) in the United States. The Journal of Parasitology, 30(2):77-111.","GSU_tickIdentification_SOP_2016-11-01.pdf","Linnaeus","Nymph",3,"OK","90% ethanol","USNMENT01482161",,"Lorenza Beati","Georgia Southern University",
"adb617da-56a7-4ec1-9e05-9fa483d9bd67","OSBS_048.tickPlot.tck","OSBS_048","2018-04-05T17:33Z","2018-09-26T16:00Z","OSBS_048.20180405","OSBS_048.20180405.AMBAME.F","Amblyomma americanum","AMBAME","species","Ixodidae",,,,"Amblyomma",,"americanum",,,"Cooley, R. A. and G. M. Kohls. 1944. The genus Amblyomma (ixodidae) in the United States. The Journal of Parasitology, 30(2):77-111.","GSU_tickIdentification_SOP_2016-11-01.pdf","Linnaeus","Female",2,"OK","90% ethanol","USNMENT01482166",,"Lorenza Beati","Georgia Southern University",
"ca090b25-d0e3-4d2e-a39f-638b3bb3c4c6","OSBS_001.tickPlot.tck","OSBS_001","2018-04-05T19:40Z","2018-09-26T16:00Z","OSBS_001.20180405","OSBS_001.20180405.AMBAME.N","Amblyomma americanum","AMBAME","species","Ixodidae",,,,"Amblyomma",,"americanum",,,"Cooley, R. A. and G. M. Kohls. 1944. The genus Amblyomma (ixodidae) in the United States. The Journal of Parasitology, 30(2):77-111.","GSU_tickIdentification_SOP_2016-11-01.pdf","Linnaeus","Nymph",35,"OK","90% ethanol","USNMENT01482077",,"Lorenza Beati","Georgia Southern University",
"bc8a6efa-1d0e-4b3a-81f7-290c527887fa","OSBS_001.tickPlot.tck","OSBS_001","2018-04-05T19:40Z","2018-09-26T16:00Z","OSBS_001.20180405","OSBS_001.20180405.AMBAME.F","Amblyomma americanum","AMBAME","species","Ixodidae",,,,"Amblyomma",,"americanum",,,"Cooley, R. A. and G. M. Kohls. 1944. The genus Amblyomma (ixodidae) in the United States. The Journal of Parasitology, 30(2):77-111.","GSU_tickIdentification_SOP_2016-11-01.pdf","Linnaeus","Female",4,"OK","90% ethanol","USNMENT01482146",,"Lorenza Beati","Georgia Southern University",
"a167bd48-07c2-4006-a970-a4ccbefb8faf","OSBS_001.tickPlot.tck","OSBS_001","2018-04-05T19:40Z","2018-09-26T16:00Z","OSBS_001.20180405","OSBS_001.20180405.AMBAME.M","Amblyomma americanum","AMBAME","species","Ixodidae",,,,"Amblyomma",,"americanum",,,"Cooley, R. A. and G. M. Kohls. 1944. The genus Amblyomma (ixodidae) in the United States. The Journal of Parasitology, 30(2):77-111.","GSU_tickIdentification_SOP_2016-11-01.pdf","Linnaeus","Male",2,"OK","90% ethanol","USNMENT01482159",,"Lorenza Beati","Georgia Southern University",
"973fa970-1b0b-4f77-9708-a98c8b629e84","OSBS_005.tickPlot.tck","OSBS_005","2018-04-05T20:59Z","2018-09-26T16:00Z","OSBS_005.20180405","OSBS_005.20180405.AMBAME.N","Amblyomma americanum","AMBAME","species","Ixodidae",,,,"Amblyomma",,"americanum",,,"Cooley, R. A. and G. M. Kohls. 1944. The genus Amblyomma (ixodidae) in the United States. The Journal of Parasitology, 30(2):77-111.","GSU_tickIdentification_SOP_2016-11-01.pdf","Linnaeus","Nymph",20,"OK","90% ethanol","USNMENT01482216",,"Lorenza Beati","Georgia Southern University",
"aa905ce6-6d37-4203-bd4c-2eab57618937","OSBS_005.tickPlot.tck","OSBS_005","2018-04-05T20:59Z","2018-09-19T16:00Z","OSBS_005.20180405","OSBS_005.20180405.AMBAME.M","Amblyomma americanum","AMBAME","species","Ixodidae",,,,"Amblyomma",,"americanum",,,"Cooley, R. A. and G. M. Kohls. 1944. The genus Amblyomma (ixodidae) in the United States. The Journal of Parasitology, 30(2):77-111.","GSU_tickIdentification_SOP_2016-11-01.pdf","Linnaeus","Male",2,"OK","90% ethanol","USNMENT01482215",,"Arianna Gibbs","Georgia Southern University",
"f5aab208-38b7-488f-8f4e-bfccf5551d4c","OSBS_048.tickPlot.tck","OSBS_048","2018-04-24T14:58Z","2018-09-26T16:00Z","OSBS_048.20180424","OSBS_048.20180424.AMBAME.N","Amblyomma americanum","AMBAME","species","Ixodidae",,,,"Amblyomma",,"americanum",,,"Cooley, R. A. and G. M. Kohls. 1944. The genus Amblyomma (ixodidae) in the United States. The Journal of Parasitology, 30(2):77-111.","GSU_tickIdentification_SOP_2016-11-01.pdf","Linnaeus","Nymph",5,"OK","90% ethanol","USNMENT01482204",,"Lorenza Beati","Georgia Southern University",
"d0a97b5d-870f-4bcc-8e5d-283b441a198f","OSBS_001.tickPlot.tck","OSBS_001","2018-04-24T15:50Z","2018-09-19T16:00Z","OSBS_001.20180424","OSBS_001.20180424.AMBAME.F","Amblyomma americanum","AMBAME","species","Ixodidae",,,,"Amblyomma",,"americanum",,,"Cooley, R. A. and G. M. Kohls. 1944. The genus Amblyomma (ixodidae) in the United States. The Journal of Parasitology, 30(2):77-111.","GSU_tickIdentification_SOP_2016-11-01.pdf","Linnaeus","Female",2,"OK","90% ethanol","USNMENT01482206",,"Arianna Gibbs","Georgia Southern University",
"43878b1c-a3a1-49fc-8f62-25ff0afd08e9","OSBS_001.tickPlot.tck","OSBS_001","2018-04-24T15:50Z","2018-09-19T16:00Z","OSBS_001.20180424","OSBS_001.20180424.L","Ixodida sp.","IXOSP2","order",,,,,,,"sp.",,,,"GSU_tickIdentification_SOP_2016-11-01.pdf",,"Larva",11,"OK","90% ethanol","USNMENT01482208",,"Arianna Gibbs","Georgia Southern University",
"f436ec7f-8a03-406a-a69e-252aa4ffc769","OSBS_001.tickPlot.tck","OSBS_001","2018-04-24T15:50Z","2018-09-26T16:00Z","OSBS_001.20180424","OSBS_001.20180424.AMBAME.N","Amblyomma americanum","AMBAME","species","Ixodidae",,,,"Amblyomma",,"americanum",,,"Cooley, R. A. and G. M. Kohls. 1944. The genus Amblyomma (ixodidae) in the United States. The Journal of Parasitology, 30(2):77-111.","GSU_tickIdentification_SOP_2016-11-01.pdf","Linnaeus","Nymph",47,"OK","90% ethanol","USNMENT01482207",,"Lorenza Beati","Georgia Southern University",
"33fdadd0-2ff9-4e7a-9d09-0ee0d36d6699","OSBS_001.tickPlot.tck","OSBS_001","2018-04-24T15:50Z","2018-09-19T16:00Z","OSBS_001.20180424","OSBS_001.20180424.AMBAME.M","Amblyomma americanum","AMBAME","species","Ixodidae",,,,"Amblyomma",,"americanum",,,"Cooley, R. A. and G. M. Kohls. 1944. The genus Amblyomma (ixodidae) in the United States. The Journal of Parasitology, 30(2):77-111.","GSU_tickIdentification_SOP_2016-11-01.pdf","Linnaeus","Male",4,"OK","90% ethanol","USNMENT01482205",,"Arianna Gibbs","Georgia Southern University",
