uid,namedLocation,domainID,siteID,plotID,plotType,nlcdClass,decimalLatitude,decimalLongitude,geodeticDatum,coordinateUncertainty,elevation,elevationUncertainty,collectDate,eventID,sampleID,sampleCode,samplingMethod,totalSampledArea,targetTaxaPresent,adultCount,nymphCount,larvaCount,sampleCondition,samplingProtocolVersion,measuredBy,remarks
"9beb982e-0c92-4028-9b6f-533e4426e30b","OSBS_002.tickPlot.tck","D03","OSBS","OSBS_002","distributed","evergreenForest",29.703661,-81.958365,"WGS84",20.1,35.8,0.2,"2018-04-05T14:31Z","OSBS.2018.14",,,"drag and flag",163,"N",0,0,0,,"NEON.DOC.014045vJ","q+sogNxuTpaaq3nt4H3feKdAxSnPr68l",
"9ad926e1-b1e5-4601-be85-d3331d665bd8","OSBS_048.tickPlot.tck","D03","OSBS","OSBS_048","distributed","evergreenForest",29.678818,-81.947790,"WGS84",20.2,36.8,0.4,"2018-04-05T17:33Z","OSBS.2018.14","OSBS_048.20180405",,"drag and flag",161,"Y",2,3,0,"No known compromise","NEON.DOC.014045vJ","q+sogNxuTpaaq3nt4H3feKdAxSnPr68l",
"816626f2-7742-404a-b1fe-36de021826df","OSBS_004.tickPlot.tck","D03","OSBS","OSBS_004","distributed","evergreenForest",29.683402,-81.960449,"WGS84",20.3,42.4,0.4,"2018-04-05T18:38Z","OSBS.2018.14",,,"drag and flag",162,"N",0,0,0,,"NEON.DOC.014045vJ","q+sogNxuTpaaq3nt4H3feKdAxSnPr68l",
"33204ce1-1a79-485b-b546-a80b0147e71e","OSBS_001.tickPlot.tck","D03","OSBS","OSBS_001","distributed","woodyWetlands",29.704063,-82.008061,"WGS84",20.3,34.4,0.3,"2018-04-05T19:40Z","OSBS.2018.14","OSBS_001.20180405",,"drag and flag",168,"Y",6,38,0,"No known compromise","NEON.DOC.014045vJ","q+sogNxuTpaaq3nt4H3feKdAxSnPr68l",
"f01a21f7-7b7e-42c4-91c9-7afc475588b6","OSBS_005.tickPlot.tck","D03","OSBS","OSBS_005","distributed","woodyWetlands",29.697923,-82.025623,"WGS84",20.4,36.0,1.2,"2018-04-05T20:59Z","OSBS.2018.14","OSBS_005.20180405",,"drag and flag",100,"Y",2,20,0,"No known compromise","NEON.DOC.014045vJ","PeMFT7qqOQEd16b16hQ1mHIk6ClEPN9Prl+j30tuZrY=","Only 100 meters of the plot were dry. The remaining 60 meters were flooded."
"f5621982-db6e-4faf-a542-2c4de389a053","OSBS_002.tickPlot.tck","D03","OSBS","OSBS_002","distributed","evergreenForest",29.703661,-81.958365,"WGS84",20.1,35.8,0.2,"2018-04-24T13:30Z","OSBS.2018.17",,,"drag and flag",160,"N",0,0,0,,"NEON.DOC.014045vJ","PQeS3Ivl8n7p349q3TXUdwRmVPP1d5yRBGiZV9rpo2U=",
"b9ac13ad-9738-45f8-b50a-eae9dfcfd6ab","OSBS_004.tickPlot.tck","D03","OSBS","OSBS_004","distributed","evergreenForest",29.683402,-81.960449,"WGS84",20.3,42.4,0.4,"2018-04-24T14:21Z","OSBS.2018.17",,,"drag",160,"N",0,0,0,,"NEON.DOC.014045vJ","WvXSfWD4ehCPp4x6qnD3+p3dnwrzoU8uG8F7IbYmNWU=",
"f31a96c6-7ad7-4887-8bbc-8c6100534d5a","OSBS_048.tickPlot.tck","D03","OSBS","OSBS_048","distributed","evergreenForest",29.678818,-81.947790,"WGS84",20.2,36.8,0.4,"2018-04-24T14:58Z","OSBS.2018.17","OSBS_048.20180424","A00000004292","drag",160,"Y",0,5,0,"No known compromise","NEON.DOC.014045vJ","PQeS3Ivl8n7p349q3TXUdwRmVPP1d5yRBGiZV9rpo2U=",
"c0cd2375-cc24-45dc-a8b4-409de7fb9e2c","OSBS_001.tickPlot.tck","D03","OSBS","OSBS_001","distributed","woodyWetlands",29.704063,-82.008061,"WGS84",20.3,34.4,0.3,"2018-04-24T15:50Z","OSBS.2018.17","OSBS_001.20180424","A00000004290","drag and flag",168,"Y",6,46,12,"No known compromise","NEON.DOC.014045vJ","WvXSfWD4ehCPp4x6qnD3+p3dnwrzoU8uG8F7IbYmNWU=",
