uid,namedLocation,date,domainID,siteID,plotID,plotType,nlcdClass,decimalLatitude,decimalLongitude,geodeticDatum,coordinateUncertainty,easting,northing,utmZone,elevation,elevationUncertainty,eventID,samplingProtocolVersion,treesPresent,treesAbsentList,shrubsPresent,shrubsAbsentList,lianasPresent,lianasAbsentList,nestedSubplotAreaShrubSapling,nestedSubplotAreaLiana,totalSampledAreaTrees,totalSampledAreaShrubSapling,totalSampledAreaLiana,remarks,measuredBy,recordedBy,dataQF
"51f23802-4df4-4ef3-80da-513c14d53548","OSBS_040.basePlot.vst","2015-05-07","D03","OSBS","OSBS_040","tower","evergreenForest",29.688978,-81.989556,"WGS84",20.1,404260.97,3284731.92,"17N",42.9,0.2,"vst_OSBS_2015","NEON.DOC.000987vD",,,,,,,"noneSelected","noneSelected",800,800,800,"no nested subplot selected","SZd6jJU+PWukgvziuyetpzviWNuM2FzT","qwd4SsQjkwojVAYuvLRi2I6c493EEc9K","legacyData"
"3cab6fca-a3d5-40e4-a0d1-f5a9938f6b37","OSBS_031.basePlot.vst","2015-05-07","D03","OSBS","OSBS_031","tower","evergreenForest",29.688968,-81.991105,"WGS84",,404111.08,3284732.09,"17N",49.2,,"vst_OSBS_2015","NEON.DOC.000987vD",,,,,,,"noneSelected","noneSelected",800,800,800,"no nested subplots for other veg structure","Sb8D4VxxoIjNRU2egFuiFmhpZdv5UFvW","qwd4SsQjkwojVAYuvLRi2I6c493EEc9K","legacyData"
"72ffd7ea-5175-4feb-8358-c24b905b28d4","OSBS_040.basePlot.vst","2015-05-18","D03","OSBS","OSBS_040","tower","evergreenForest",29.688978,-81.989556,"WGS84",20.1,404260.97,3284731.92,"17N",42.9,0.2,"vst_OSBS_2015","NEON.DOC.000987vD",,,,,,,"noneSelected","noneSelected",800,800,800,"teams overlapped appropriate subplot size selected by second team","PO+gLcqpgG6WKM8lPge6HQp6NUBLdhs8","qwd4SsQjkwojVAYuvLRi2I6c493EEc9K","legacyData"
"d7ef2489-f283-487a-a078-5f828f2e1dc7","OSBS_033.basePlot.vst","2015-05-18","D03","OSBS","OSBS_033","tower","evergreenForest",29.690061,-81.989562,"WGS84",20.1,404261.41,3284851.93,"17N",44.1,0.2,"vst_OSBS_2015","NEON.DOC.000987vD",,,,,,,"noneSelected","noneSelected",800,800,800,,"PO+gLcqpgG6WKM8lPge6HQp6NUBLdhs8","qwd4SsQjkwojVAYuvLRi2I6c493EEc9K","legacyData"
"c94a7649-1305-4ed7-952b-9db2cdab16b5","OSBS_034.basePlot.vst","2015-05-18","D03","OSBS","OSBS_034","tower","evergreenForest",29.688720,-81.988299,"WGS84",20.1,404382.34,3284702.29,"17N",41.5,0.2,"vst_OSBS_2015","NEON.DOC.000987vD",,,,,,,"noneSelected","noneSelected",800,800,800,,"PO+gLcqpgG6WKM8lPge6HQp6NUBLdhs8","qwd4SsQjkwojVAYuvLRi2I6c493EEc9K","legacyData"
"559a098f-2fb9-4568-b9a6-4e51be8acbe1","OSBS_028.basePlot.vst","2015-05-19","D03","OSBS","OSBS_028","tower","evergreenForest",29.685933,-81.995718,"WGS84",20.1,403661.86,3284399.61,"17N",45.0,0.1,"vst_OSBS_2015","NEON.DOC.000987vD",,,,,,,"noneSelected","noneSelected",800,800,800,"no nested subplot needed for other veg. structure","wotzsmcGfDFGz7NWBrAUn7dLZE1v2DNq","qwd4SsQjkwojVAYuvLRi2I6c493EEc9K","legacyData"
"800bf05f-71f8-4903-9c9e-909b76ca5a67","OSBS_031.basePlot.vst","2015-05-19","D03","OSBS","OSBS_031","tower","evergreenForest",29.688968,-81.991105,"WGS84",,404111.08,3284732.09,"17N",49.2,,"vst_OSBS_2015","NEON.DOC.000987vD",,,,,,,"noneSelected","noneSelected",800,800,800,"teams overlapped on plot, 2nd team selected appropriate subplot size","wotzsmcGfDFGz7NWBrAUn7dLZE1v2DNq","qwd4SsQjkwojVAYuvLRi2I6c493EEc9K","legacyData"
