uid,namedLocation,domainID,siteID,plotID,plotType,nlcdClass,decimalLatitude,decimalLongitude,geodeticDatum,coordinateUncertainty,elevation,elevationUncertainty,collectDate,eventID,sampleID,sampleCode,samplingMethod,totalSampledArea,targetTaxaPresent,adultCount,nymphCount,larvaCount,sampleCondition,samplingProtocolVersion,measuredBy,remarks
"0e576939-abb4-43cc-b19c-4770ffbc63bf","YELL_009.tickPlot.tck","D12","YELL","YELL_009","distributed","evergreenForest",44.972216,-110.504156,"WGS84",20.1,2018.9,0.2,"2018-07-23T16:13Z","YELL.2018.30",,,"drag and flag",164,"N",0,0,0,,"NEON.DOC.014045vJ","L8O9Jn0cXeXw1s6ZdJy1hEfc0mw2SJ/yrPYnZz6IE/g=",
"69c9c990-6ad4-4cb1-88ed-9a246ed8e428","YELL_003.tickPlot.tck","D12","YELL","YELL_003","distributed","shrubScrub",44.956055,-110.533849,"WGS84",20.1,2115.2,0.1,"2018-07-23T18:13Z","YELL.2018.30",,,"drag and flag",160,"N",0,0,0,,"NEON.DOC.014045vJ","lsU4too6NAvY4mqV5RUtvoTRsUqrSfixwSQj6bsBvL0=",
"675c4349-8edb-48fb-a312-0613496a8619","YELL_004.tickPlot.tck","D12","YELL","YELL_004","distributed","shrubScrub",44.961910,-110.594615,"WGS84",20.0,1994.4,0.0,"2018-07-23T19:34Z","YELL.2018.30",,,"drag and flag",160,"N",0,0,0,,"NEON.DOC.014045vJ","L8O9Jn0cXeXw1s6ZdJy1hEfc0mw2SJ/yrPYnZz6IE/g=",
"157ad7b1-b260-45e0-9f32-61a24bb00eaf","YELL_012.tickPlot.tck","D12","YELL","YELL_012","distributed","evergreenForest",44.943200,-110.433745,"WGS84",20.1,1896.2,0.2,"2018-07-24T16:20Z","YELL.2018.30",,,"drag and flag",154,"N",0,0,0,,"NEON.DOC.014045vJ","lsU4too6NAvY4mqV5RUtvoTRsUqrSfixwSQj6bsBvL0=",
"d7e55992-bb96-47af-b0bb-addcb317edef","YELL_001.tickPlot.tck","D12","YELL","YELL_001","distributed","shrubScrub",44.916840,-110.412018,"WGS84",20.1,1904.8,0.1,"2018-07-24T18:14Z","YELL.2018.30",,,"drag and flag",160,"N",0,0,0,,"NEON.DOC.014045vJ","L8O9Jn0cXeXw1s6ZdJy1hEfc0mw2SJ/yrPYnZz6IE/g=",
"72ec6e76-4669-4b33-9d73-9f7906af67b0","YELL_002.tickPlot.tck","D12","YELL","YELL_002","distributed","shrubScrub",44.932413,-110.633006,"WGS84",20.0,2097.4,0.0,"2018-07-24T20:13Z","YELL.2018.30",,,"drag and flag",160,"N",0,0,0,,"NEON.DOC.014045vJ","lsU4too6NAvY4mqV5RUtvoTRsUqrSfixwSQj6bsBvL0=",
