uid,namedLocation,date,eventID,domainID,siteID,plotID,subplotID,individualID,tagStatus,growthForm,plantStatus,stemDiameter,measurementHeight,height,baseCrownHeight,breakHeight,breakDiameter,maxCrownDiameter,ninetyCrownDiameter,canopyPosition,shape,basalStemDiameter,basalStemDiameterMsrmntHeight,maxBaseCrownDiameter,ninetyBaseCrownDiameter,remarks,recordedBy,measuredBy,dataQF
"282be077-0f05-403b-9c1a-b0dc82737597","STEI_046.basePlot.vst","2016-09-20","vst_STEI_2016","D05","STEI","STEI_046",,"NEON.PLA.D05.STEI.01186","ok","small tree","Live",7.3,130,5.6,,,,,,,,,,,,,"h1zCq+JCQtX4muMmUtXs3rgnDK+zbxYodKSUDb/Kwms=","yK8OKO7i1xqEPAI8O44BvyFgRN6LSHQ9","legacyData"
"13f98a88-99e1-457d-a6b6-2a611cd54935","STEI_046.basePlot.vst","2016-09-20","vst_STEI_2016","D05","STEI","STEI_046",,"NEON.PLA.D05.STEI.01395","ok","single bole tree","Live",25.4,130,17.0,,,,,,,,,,,,,"h1zCq+JCQtX4muMmUtXs3rgnDK+zbxYodKSUDb/Kwms=","yK8OKO7i1xqEPAI8O44BvyFgRN6LSHQ9","legacyData"
"d3e3e2e8-d22f-4aba-a9b2-5f6659577616","STEI_046.basePlot.vst","2016-09-20","vst_STEI_2016","D05","STEI","STEI_046",,"NEON.PLA.D05.STEI.01371","ok","single bole tree","Live",16.1,130,14.7,,,,,,,,,,,,,"h1zCq+JCQtX4muMmUtXs3rgnDK+zbxYodKSUDb/Kwms=","yK8OKO7i1xqEPAI8O44BvyFgRN6LSHQ9","legacyData"
"a49a43eb-378f-47a1-9eab-1d8ff20fe8b0","STEI_046.basePlot.vst","2016-09-20","vst_STEI_2016","D05","STEI","STEI_046",,"NEON.PLA.D05.STEI.01086","ok","single bole tree","Live",21.3,130,12.8,,,,,,,,,,,,,"h1zCq+JCQtX4muMmUtXs3rgnDK+zbxYodKSUDb/Kwms=","yK8OKO7i1xqEPAI8O44BvyFgRN6LSHQ9","legacyData"
"0e87493f-95f1-4bc5-9974-73f0d6349d2d","STEI_046.basePlot.vst","2016-09-20","vst_STEI_2016","D05","STEI","STEI_046",,"NEON.PLA.D05.STEI.01068","ok","single bole tree","Live",33.5,130,14.6,,,,,,,,,,,,,"h1zCq+JCQtX4muMmUtXs3rgnDK+zbxYodKSUDb/Kwms=","yK8OKO7i1xqEPAI8O44BvyFgRN6LSHQ9","legacyData"
"4b3e72c6-c5cb-4943-ab49-ef58eb86e791","STEI_046.basePlot.vst","2016-09-20","vst_STEI_2016","D05","STEI","STEI_046",,"NEON.PLA.D05.STEI.01236","ok","single bole tree","Live",12.9,130,13.6,,,,,,,,,,,,,"h1zCq+JCQtX4muMmUtXs3rgnDK+zbxYodKSUDb/Kwms=","yK8OKO7i1xqEPAI8O44BvyFgRN6LSHQ9","legacyData"
"d36b40be-05d2-4b9f-86a4-2e808c61a08e","STEI_046.basePlot.vst","2016-09-20","vst_STEI_2016","D05","STEI","STEI_046",,"NEON.PLA.D05.STEI.01070A","ok","multi-bole tree","Live",19.0,150,,,,,,,,,,,,,,"h1zCq+JCQtX4muMmUtXs3rgnDK+zbxYodKSUDb/Kwms=","yK8OKO7i1xqEPAI8O44BvyFgRN6LSHQ9","legacyData"
"dbe1b63d-cd91-47f6-911e-a02d8c472cfd","STEI_046.basePlot.vst","2016-09-20","vst_STEI_2016","D05","STEI","STEI_046",,"NEON.PLA.D05.STEI.01324","ok","multi-bole tree","Live",24.0,130,15.0,,,,,,,,,,,,,"h1zCq+JCQtX4muMmUtXs3rgnDK+zbxYodKSUDb/Kwms=","yK8OKO7i1xqEPAI8O44BvyFgRN6LSHQ9","legacyData"
"ba841968-459b-4b4c-babb-e6900c3a8f15","STEI_046.basePlot.vst","2016-09-20","vst_STEI_2016","D05","STEI","STEI_046",,"NEON.PLA.D05.STEI.03308","ok","sapling","Live",,,1.1,,,,,,,,2.0,10,,,,"h1zCq+JCQtX4muMmUtXs3rgnDK+zbxYodKSUDb/Kwms=","yK8OKO7i1xqEPAI8O44BvyFgRN6LSHQ9","legacyData"
"143cacf1-dd25-4ad1-a9d8-71b4df481e06","STEI_046.basePlot.vst","2016-09-20","vst_STEI_2016","D05","STEI","STEI_046",,"NEON.PLA.D05.STEI.01225","ok","single bole tree","Live",19.8,130,13.3,,,,,,,,,,,,,"h1zCq+JCQtX4muMmUtXs3rgnDK+zbxYodKSUDb/Kwms=","yK8OKO7i1xqEPAI8O44BvyFgRN6LSHQ9","legacyData"
"019112ba-1eea-42fe-aca3-29857b3818c1","STEI_046.basePlot.vst","2016-09-20","vst_STEI_2016","D05","STEI","STEI_046",,"NEON.PLA.D05.STEI.01268","ok","single bole tree","Live",20.0,130,12.6,,,,,,,,,,,,,"h1zCq+JCQtX4muMmUtXs3rgnDK+zbxYodKSUDb/Kwms=","yK8OKO7i1xqEPAI8O44BvyFgRN6LSHQ9","legacyData"
"69ff5ce6-27a0-417f-9a8a-9058a825c2ef","STEI_046.basePlot.vst","2016-09-20","vst_STEI_2016","D05","STEI","STEI_046",,"NEON.PLA.D05.STEI.01164","ok","small tree","Live",9.9,130,9.7,,,,,,,,,,,,,"h1zCq+JCQtX4muMmUtXs3rgnDK+zbxYodKSUDb/Kwms=","yK8OKO7i1xqEPAI8O44BvyFgRN6LSHQ9","legacyData"
"edf1d078-7240-40c6-843a-61ec2b91025f","STEI_046.basePlot.vst","2016-09-20","vst_STEI_2016","D05","STEI","STEI_046",,"NEON.PLA.D05.STEI.01241","ok","small tree","Live",1.2,130,1.8,,,,,,,,,,,,,"h1zCq+JCQtX4muMmUtXs3rgnDK+zbxYodKSUDb/Kwms=","yK8OKO7i1xqEPAI8O44BvyFgRN6LSHQ9","legacyData"
"9d49d6cb-d47a-4149-91cf-4f5c36b90031","STEI_046.basePlot.vst","2016-09-20","vst_STEI_2016","D05","STEI","STEI_046",,"NEON.PLA.D05.STEI.01309","ok","small tree","Live",1.2,130,2.5,,,,,,,,,,,,,"h1zCq+JCQtX4muMmUtXs3rgnDK+zbxYodKSUDb/Kwms=","yK8OKO7i1xqEPAI8O44BvyFgRN6LSHQ9","legacyData"
"344f3c17-b7b8-45ab-9061-23b936f03c4b","STEI_046.basePlot.vst","2016-09-20","vst_STEI_2016","D05","STEI","STEI_046",,"NEON.PLA.D05.STEI.01190","ok","sapling","Live",,,1.7,,,,,,,,2.0,10,,,,"h1zCq+JCQtX4muMmUtXs3rgnDK+zbxYodKSUDb/Kwms=","yK8OKO7i1xqEPAI8O44BvyFgRN6LSHQ9","legacyData"
"9bd5d11e-81b4-4b5d-bf7b-ae7af5756637","STEI_046.basePlot.vst","2016-09-20","vst_STEI_2016","D05","STEI","STEI_046",,"NEON.PLA.D05.STEI.01383A","ok","multi-bole tree","Live",8.2,130,,,,,,,,,,,,,,"h1zCq+JCQtX4muMmUtXs3rgnDK+zbxYodKSUDb/Kwms=","yK8OKO7i1xqEPAI8O44BvyFgRN6LSHQ9","legacyData"
"55fa3acf-ee0e-48f1-952c-7a77a5b9bc1e","STEI_046.basePlot.vst","2016-09-20","vst_STEI_2016","D05","STEI","STEI_046",,"NEON.PLA.D05.STEI.01348","ok","small tree","Live",1.1,130,2.2,,,,,,,,,,,,,"h1zCq+JCQtX4muMmUtXs3rgnDK+zbxYodKSUDb/Kwms=","yK8OKO7i1xqEPAI8O44BvyFgRN6LSHQ9","legacyData"
"740fb2e8-4939-4e00-86cf-46699f8ff85c","STEI_046.basePlot.vst","2016-09-20","vst_STEI_2016","D05","STEI","STEI_046",,"NEON.PLA.D05.STEI.01258","ok","sapling","Live",,,2.1,,,,,,,,1.5,10,,,,"h1zCq+JCQtX4muMmUtXs3rgnDK+zbxYodKSUDb/Kwms=","yK8OKO7i1xqEPAI8O44BvyFgRN6LSHQ9","legacyData"
"3c1ca613-1c61-45bd-919d-970e59c76e83","STEI_046.basePlot.vst","2016-09-20","vst_STEI_2016","D05","STEI","STEI_046",,"NEON.PLA.D05.STEI.01062","ok","sapling","Live",,,1.8,,,,,,,,2.4,10,,,,"h1zCq+JCQtX4muMmUtXs3rgnDK+zbxYodKSUDb/Kwms=","yK8OKO7i1xqEPAI8O44BvyFgRN6LSHQ9","legacyData"
"41246e3f-4312-4dd0-a89c-05a4ad03d2e7","STEI_046.basePlot.vst","2016-09-20","vst_STEI_2016","D05","STEI","STEI_046",,"NEON.PLA.D05.STEI.01075","ok","single bole tree","Live",16.4,130,11.4,,,,,,,,,,,,,"h1zCq+JCQtX4muMmUtXs3rgnDK+zbxYodKSUDb/Kwms=","yK8OKO7i1xqEPAI8O44BvyFgRN6LSHQ9","legacyData"
"6998f130-a823-4ee4-a3ea-9fdf9069661c","STEI_046.basePlot.vst","2016-09-20","vst_STEI_2016","D05","STEI","STEI_046",,"NEON.PLA.D05.STEI.01088","ok","single bole tree","Live",14.9,130,14.8,,,,,,,,,,,,,"h1zCq+JCQtX4muMmUtXs3rgnDK+zbxYodKSUDb/Kwms=","yK8OKO7i1xqEPAI8O44BvyFgRN6LSHQ9","legacyData"
"3aa020a4-37b7-47b5-b8fc-1c7dd444a371","STEI_046.basePlot.vst","2016-09-20","vst_STEI_2016","D05","STEI","STEI_046",,"NEON.PLA.D05.STEI.01087","ok","single bole tree","Live",16.8,130,10.1,,,,,,,,,,,,,"h1zCq+JCQtX4muMmUtXs3rgnDK+zbxYodKSUDb/Kwms=","yK8OKO7i1xqEPAI8O44BvyFgRN6LSHQ9","legacyData"
"b027fb21-573d-4b07-afb7-991bb17e8e4a","STEI_046.basePlot.vst","2016-09-20","vst_STEI_2016","D05","STEI","STEI_046",,"NEON.PLA.D05.STEI.01205","ok","single bole tree","Live",15.6,130,13.8,,,,,,,,,,,,,"h1zCq+JCQtX4muMmUtXs3rgnDK+zbxYodKSUDb/Kwms=","yK8OKO7i1xqEPAI8O44BvyFgRN6LSHQ9","legacyData"
"8638b969-c86f-448e-ae09-c20318bae7ac","STEI_046.basePlot.vst","2016-09-20","vst_STEI_2016","D05","STEI","STEI_046",,"NEON.PLA.D05.STEI.01134","ok","small tree","Live",2.6,130,2.9,,,,,,,,,,,,,"h1zCq+JCQtX4muMmUtXs3rgnDK+zbxYodKSUDb/Kwms=","yK8OKO7i1xqEPAI8O44BvyFgRN6LSHQ9","legacyData"
"5fa8fbfa-c653-4daf-b9a0-e4081a360f21","STEI_046.basePlot.vst","2016-09-20","vst_STEI_2016","D05","STEI","STEI_046",,"NEON.PLA.D05.STEI.01274","ok","single bole tree","Live",21.3,130,14.1,,,,,,,,,,,,,"h1zCq+JCQtX4muMmUtXs3rgnDK+zbxYodKSUDb/Kwms=","yK8OKO7i1xqEPAI8O44BvyFgRN6LSHQ9","legacyData"
"dee42a47-c412-4cfa-81ce-df1965848de8","STEI_046.basePlot.vst","2016-09-20","vst_STEI_2016","D05","STEI","STEI_046",,"NEON.PLA.D05.STEI.01070B","ok","multi-bole tree","Dead, broken bole",10.3,150,,,,,,,,,,,,,,"h1zCq+JCQtX4muMmUtXs3rgnDK+zbxYodKSUDb/Kwms=","yK8OKO7i1xqEPAI8O44BvyFgRN6LSHQ9","legacyData"
"b8c00b91-e8c9-4bf1-91e8-79198c19ced5","STEI_046.basePlot.vst","2016-09-20","vst_STEI_2016","D05","STEI","STEI_046",,"NEON.PLA.D05.STEI.01110","ok","small tree","Live",1.6,130,2.3,,,,,,,,,,,,,"h1zCq+JCQtX4muMmUtXs3rgnDK+zbxYodKSUDb/Kwms=","yK8OKO7i1xqEPAI8O44BvyFgRN6LSHQ9","legacyData"
"3679cd49-4c07-485a-b0cc-39a187c3edd1","STEI_046.basePlot.vst","2016-09-20","vst_STEI_2016","D05","STEI","STEI_046",,"NEON.PLA.D05.STEI.01254","ok","small tree","Live",1.5,130,2.8,,,,,,,,,,,,,"h1zCq+JCQtX4muMmUtXs3rgnDK+zbxYodKSUDb/Kwms=","yK8OKO7i1xqEPAI8O44BvyFgRN6LSHQ9","legacyData"
"54b2533e-8166-4671-afa1-c51def00f14d","STEI_046.basePlot.vst","2016-09-20","vst_STEI_2016","D05","STEI","STEI_046",,"NEON.PLA.D05.STEI.01323","ok","single bole tree","Live, physically damaged",10.6,140,3.7,,,,,,,,,,,,,"h1zCq+JCQtX4muMmUtXs3rgnDK+zbxYodKSUDb/Kwms=","yK8OKO7i1xqEPAI8O44BvyFgRN6LSHQ9","legacyData"
"965bbfb4-6c0a-455f-a322-f121d7eb3315","STEI_046.basePlot.vst","2016-09-20","vst_STEI_2016","D05","STEI","STEI_046",,"NEON.PLA.D05.STEI.01281","ok","single bole tree","Live",29.8,130,15.6,,,,,,,,,,,,,"h1zCq+JCQtX4muMmUtXs3rgnDK+zbxYodKSUDb/Kwms=","yK8OKO7i1xqEPAI8O44BvyFgRN6LSHQ9","legacyData"
"12cc20c5-a06d-4bc4-8986-eb80cc5ce0d8","STEI_046.basePlot.vst","2016-09-20","vst_STEI_2016","D05","STEI","STEI_046",,"NEON.PLA.D05.STEI.01069","ok","single bole tree","Live",26.9,130,14.4,,,,,,,,,,,,,"h1zCq+JCQtX4muMmUtXs3rgnDK+zbxYodKSUDb/Kwms=","yK8OKO7i1xqEPAI8O44BvyFgRN6LSHQ9","legacyData"
"7a1890a2-f8bf-4bae-a518-a368495cb5b5","STEI_046.basePlot.vst","2016-09-20","vst_STEI_2016","D05","STEI","STEI_046",,"NEON.PLA.D05.STEI.01016","ok","sapling","Live",,,1.8,,,,,,,,2.3,10,,,,"h1zCq+JCQtX4muMmUtXs3rgnDK+zbxYodKSUDb/Kwms=","yK8OKO7i1xqEPAI8O44BvyFgRN6LSHQ9","legacyData"
"4e142ce4-ea4f-4ef2-83c0-fb69795fa8bc","STEI_046.basePlot.vst","2016-09-20","vst_STEI_2016","D05","STEI","STEI_046",,"NEON.PLA.D05.STEI.01279","ok","small tree","Live",3.0,130,5.0,,,,,,,,,,,,,"h1zCq+JCQtX4muMmUtXs3rgnDK+zbxYodKSUDb/Kwms=","yK8OKO7i1xqEPAI8O44BvyFgRN6LSHQ9","legacyData"
"f65a2011-6b2e-4a3d-b9a6-b1ab9d2bb6b3","STEI_046.basePlot.vst","2016-09-20","vst_STEI_2016","D05","STEI","STEI_046",,"NEON.PLA.D05.STEI.01119","ok","small tree","Live",4.3,130,3.2,,,,,,,,,,,,,"h1zCq+JCQtX4muMmUtXs3rgnDK+zbxYodKSUDb/Kwms=","yK8OKO7i1xqEPAI8O44BvyFgRN6LSHQ9","legacyData"
"602d23f7-4173-485f-aae5-98f5ee2c7130","STEI_046.basePlot.vst","2016-09-20","vst_STEI_2016","D05","STEI","STEI_046",,"NEON.PLA.D05.STEI.01251","ok","single bole tree","Live",30.0,130,16.0,,,,,,,,,,,,,"h1zCq+JCQtX4muMmUtXs3rgnDK+zbxYodKSUDb/Kwms=","yK8OKO7i1xqEPAI8O44BvyFgRN6LSHQ9","legacyData"
"3ebf4381-25c8-420f-937a-68e4cb3f01e7","STEI_046.basePlot.vst","2016-09-20","vst_STEI_2016","D05","STEI","STEI_046",,"NEON.PLA.D05.STEI.01289","ok","small tree","Live",6.9,130,5.4,,,,,,,,,,,,,"h1zCq+JCQtX4muMmUtXs3rgnDK+zbxYodKSUDb/Kwms=","yK8OKO7i1xqEPAI8O44BvyFgRN6LSHQ9","legacyData"
"1fa00ba0-4eee-4f4c-ae26-70dd51d45149","STEI_046.basePlot.vst","2016-09-20","vst_STEI_2016","D05","STEI","STEI_046",,"NEON.PLA.D05.STEI.01192","ok","single bole tree","Live",15.4,130,11.6,,,,,,,,,,,,,"h1zCq+JCQtX4muMmUtXs3rgnDK+zbxYodKSUDb/Kwms=","yK8OKO7i1xqEPAI8O44BvyFgRN6LSHQ9","legacyData"
"763b1bff-b037-4ec9-8580-83d2674b9584","STEI_046.basePlot.vst","2016-09-20","vst_STEI_2016","D05","STEI","STEI_046",,"NEON.PLA.D05.STEI.01163","ok","single bole tree","Live",20.8,130,12.8,,,,,,,,,,,,,"h1zCq+JCQtX4muMmUtXs3rgnDK+zbxYodKSUDb/Kwms=","yK8OKO7i1xqEPAI8O44BvyFgRN6LSHQ9","legacyData"
"f2669c0c-5a35-456a-acbf-d94317147685","STEI_046.basePlot.vst","2016-09-20","vst_STEI_2016","D05","STEI","STEI_046",,"NEON.PLA.D05.STEI.01070","ok","multi-bole tree","Live",20.8,130,14.9,,,,,,,,,,,,,"h1zCq+JCQtX4muMmUtXs3rgnDK+zbxYodKSUDb/Kwms=","yK8OKO7i1xqEPAI8O44BvyFgRN6LSHQ9","legacyData"
"288e73c5-daa4-4c18-9c1e-358cdf31bba1","STEI_046.basePlot.vst","2016-09-20","vst_STEI_2016","D05","STEI","STEI_046",,"NEON.PLA.D05.STEI.01324A","ok","multi-bole tree","Live",23.0,140,,,,,,,,,,,,,,"h1zCq+JCQtX4muMmUtXs3rgnDK+zbxYodKSUDb/Kwms=","yK8OKO7i1xqEPAI8O44BvyFgRN6LSHQ9","legacyData"
"d28f1820-aeed-4e17-a5b7-32705b78578b","STEI_046.basePlot.vst","2016-09-20","vst_STEI_2016","D05","STEI","STEI_046",,"NEON.PLA.D05.STEI.01076","ok","sapling","Live",,,1.2,,,,,,,,1.8,10,,,,"h1zCq+JCQtX4muMmUtXs3rgnDK+zbxYodKSUDb/Kwms=","yK8OKO7i1xqEPAI8O44BvyFgRN6LSHQ9","legacyData"
"556e1f35-ca0a-44ad-b391-0fedcec194af","STEI_046.basePlot.vst","2016-09-20","vst_STEI_2016","D05","STEI","STEI_046",,"NEON.PLA.D05.STEI.01150","ok","small tree","Live",2.9,130,2.7,,,,,,,,,,,,,"h1zCq+JCQtX4muMmUtXs3rgnDK+zbxYodKSUDb/Kwms=","yK8OKO7i1xqEPAI8O44BvyFgRN6LSHQ9","legacyData"
"b89d68f4-662d-471a-b2fb-e370f322dc0e","STEI_046.basePlot.vst","2016-09-20","vst_STEI_2016","D05","STEI","STEI_046",,"NEON.PLA.D05.STEI.01310","ok","single bole tree","Live",11.2,130,10.0,,,,,,,,,,,,,"h1zCq+JCQtX4muMmUtXs3rgnDK+zbxYodKSUDb/Kwms=","yK8OKO7i1xqEPAI8O44BvyFgRN6LSHQ9","legacyData"
"d408b503-484b-4d6c-a2b0-744284ff7a39","STEI_046.basePlot.vst","2016-09-20","vst_STEI_2016","D05","STEI","STEI_046",,"NEON.PLA.D05.STEI.01081","ok","single bole tree","Live",29.8,130,11.6,,,,,,,,,,,,,"h1zCq+JCQtX4muMmUtXs3rgnDK+zbxYodKSUDb/Kwms=","yK8OKO7i1xqEPAI8O44BvyFgRN6LSHQ9","legacyData"
"3fce8d6d-9f4f-4575-a025-344eef94b49d","STEI_046.basePlot.vst","2016-09-20","vst_STEI_2016","D05","STEI","STEI_046",,"NEON.PLA.D05.STEI.01071","ok","multi-bole tree","Live",15.4,130,13.6,,,,,,,,,,,,,"h1zCq+JCQtX4muMmUtXs3rgnDK+zbxYodKSUDb/Kwms=","yK8OKO7i1xqEPAI8O44BvyFgRN6LSHQ9","legacyData"
"b8bf6686-c1a2-49c0-8540-f64dc8af5460","STEI_046.basePlot.vst","2016-09-20","vst_STEI_2016","D05","STEI","STEI_046",,"NEON.PLA.D05.STEI.01262","ok","small tree","Live",2.1,130,2.4,,,,,,,,,,,,,"h1zCq+JCQtX4muMmUtXs3rgnDK+zbxYodKSUDb/Kwms=","yK8OKO7i1xqEPAI8O44BvyFgRN6LSHQ9","legacyData"
"056673d8-9e65-4ff1-b40c-f709f535a7a2","STEI_046.basePlot.vst","2016-09-20","vst_STEI_2016","D05","STEI","STEI_046",,"NEON.PLA.D05.STEI.01071A","ok","multi-bole tree","Live",15.3,130,,,,,,,,,,,,,,"h1zCq+JCQtX4muMmUtXs3rgnDK+zbxYodKSUDb/Kwms=","yK8OKO7i1xqEPAI8O44BvyFgRN6LSHQ9","legacyData"
"afa5f308-68f3-450d-9213-c029f9c043d7","STEI_046.basePlot.vst","2016-09-20","vst_STEI_2016","D05","STEI","STEI_046",,"NEON.PLA.D05.STEI.01166","ok","sapling","Live",,,1.3,,,,,,,,1.6,10,,,,"h1zCq+JCQtX4muMmUtXs3rgnDK+zbxYodKSUDb/Kwms=","yK8OKO7i1xqEPAI8O44BvyFgRN6LSHQ9","legacyData"
"05a56ccb-82a2-4423-a169-f1d443040d30","STEI_046.basePlot.vst","2016-09-20","vst_STEI_2016","D05","STEI","STEI_046",,"NEON.PLA.D05.STEI.01063","ok","single bole tree","Live",18.0,130,10.0,,,,,,,,,,,,,"h1zCq+JCQtX4muMmUtXs3rgnDK+zbxYodKSUDb/Kwms=","yK8OKO7i1xqEPAI8O44BvyFgRN6LSHQ9","legacyData"
"549d8789-e897-408f-9856-b606fbbdb41c","STEI_046.basePlot.vst","2016-09-20","vst_STEI_2016","D05","STEI","STEI_046",,"NEON.PLA.D05.STEI.01148","ok","small tree","Live",1.2,130,1.8,,,,,,,,,,,,,"h1zCq+JCQtX4muMmUtXs3rgnDK+zbxYodKSUDb/Kwms=","yK8OKO7i1xqEPAI8O44BvyFgRN6LSHQ9","legacyData"
"72a380c4-4f75-4d30-a533-ea9df46faac5","STEI_046.basePlot.vst","2016-09-20","vst_STEI_2016","D05","STEI","STEI_046",,"NEON.PLA.D05.STEI.01074","ok","single bole tree","Live",11.6,130,10.5,,,,,,,,,,,,,"h1zCq+JCQtX4muMmUtXs3rgnDK+zbxYodKSUDb/Kwms=","yK8OKO7i1xqEPAI8O44BvyFgRN6LSHQ9","legacyData"
"8cd5675e-babb-4bad-84c1-bcfb2dae0962","STEI_046.basePlot.vst","2016-09-20","vst_STEI_2016","D05","STEI","STEI_046",,"NEON.PLA.D05.STEI.01363","ok","sapling","Live",,,1.4,,,,,,,,2.0,10,,,,"h1zCq+JCQtX4muMmUtXs3rgnDK+zbxYodKSUDb/Kwms=","yK8OKO7i1xqEPAI8O44BvyFgRN6LSHQ9","legacyData"
"e3a2be2c-43db-4d18-ab3e-c1edd178bc76","STEI_046.basePlot.vst","2016-09-20","vst_STEI_2016","D05","STEI","STEI_046",,"NEON.PLA.D05.STEI.03310","ok","single bole tree","Live",10.2,130,6.7,,,,,,,,,,,,,"h1zCq+JCQtX4muMmUtXs3rgnDK+zbxYodKSUDb/Kwms=","yK8OKO7i1xqEPAI8O44BvyFgRN6LSHQ9","legacyData"
"1dba770f-7db5-4c59-8c33-6b9b717481c7","STEI_046.basePlot.vst","2016-09-20","vst_STEI_2016","D05","STEI","STEI_046",,"NEON.PLA.D05.STEI.01165","ok","small tree","Live",1.7,130,3.8,,,,,,,,,,,,,"h1zCq+JCQtX4muMmUtXs3rgnDK+zbxYodKSUDb/Kwms=","yK8OKO7i1xqEPAI8O44BvyFgRN6LSHQ9","legacyData"
"546167f0-cf25-485c-bcf6-e93c9675618f","STEI_046.basePlot.vst","2016-09-20","vst_STEI_2016","D05","STEI","STEI_046",,"NEON.PLA.D05.STEI.01158","ok","small tree","Live",1.6,130,2.1,,,,,,,,,,,,,"h1zCq+JCQtX4muMmUtXs3rgnDK+zbxYodKSUDb/Kwms=","yK8OKO7i1xqEPAI8O44BvyFgRN6LSHQ9","legacyData"
"0fa2d733-67eb-4099-ae85-89c74911bd90","STEI_046.basePlot.vst","2016-09-20","vst_STEI_2016","D05","STEI","STEI_046",,"NEON.PLA.D05.STEI.01047","ok","small tree","Live",1.2,130,2.2,,,,,,,,,,,,,"h1zCq+JCQtX4muMmUtXs3rgnDK+zbxYodKSUDb/Kwms=","yK8OKO7i1xqEPAI8O44BvyFgRN6LSHQ9","legacyData"
"3d66cab4-31bc-47ed-927b-7266e58051a7","STEI_046.basePlot.vst","2016-09-20","vst_STEI_2016","D05","STEI","STEI_046",,"NEON.PLA.D05.STEI.01188","ok","small tree","Live",5.5,130,4.1,,,,,,,,,,,,,"h1zCq+JCQtX4muMmUtXs3rgnDK+zbxYodKSUDb/Kwms=","yK8OKO7i1xqEPAI8O44BvyFgRN6LSHQ9","legacyData"
"5efa0a77-b329-4372-bdf5-86e39df1ef2a","STEI_046.basePlot.vst","2016-09-20","vst_STEI_2016","D05","STEI","STEI_046",,"NEON.PLA.D05.STEI.01242","ok","small tree","Live",6.4,130,9.6,,,,,,,,,,,,,"h1zCq+JCQtX4muMmUtXs3rgnDK+zbxYodKSUDb/Kwms=","yK8OKO7i1xqEPAI8O44BvyFgRN6LSHQ9","legacyData"
"aa75209c-63e4-4d83-ae46-50bca24422ab","STEI_046.basePlot.vst","2016-09-20","vst_STEI_2016","D05","STEI","STEI_046",,"NEON.PLA.D05.STEI.01216","ok","single bole tree","Live",13.2,130,10.1,,,,,,,,,,,,,"h1zCq+JCQtX4muMmUtXs3rgnDK+zbxYodKSUDb/Kwms=","yK8OKO7i1xqEPAI8O44BvyFgRN6LSHQ9","legacyData"
"5117f5e9-0faf-4b3d-96a9-5e0cd18948b2","STEI_046.basePlot.vst","2016-09-20","vst_STEI_2016","D05","STEI","STEI_046",,"NEON.PLA.D05.STEI.01261","ok","small tree","Live",2.6,130,4.1,,,,,,,,,,,,,"h1zCq+JCQtX4muMmUtXs3rgnDK+zbxYodKSUDb/Kwms=","yK8OKO7i1xqEPAI8O44BvyFgRN6LSHQ9","legacyData"
"95bd01eb-1c2f-4239-a6f3-3b3d7958c2d2","STEI_046.basePlot.vst","2016-09-20","vst_STEI_2016","D05","STEI","STEI_046",,"NEON.PLA.D05.STEI.01149","ok","single bole tree","Live",12.3,130,13.3,,,,,,,,,,,,,"h1zCq+JCQtX4muMmUtXs3rgnDK+zbxYodKSUDb/Kwms=","yK8OKO7i1xqEPAI8O44BvyFgRN6LSHQ9","legacyData"
"898093e2-2bea-40e9-a3b7-c71ae503f037","STEI_046.basePlot.vst","2016-09-20","vst_STEI_2016","D05","STEI","STEI_046",,"NEON.PLA.D05.STEI.01382","ok","single bole tree","Live",12.3,130,9.1,,,,,,,,,,,,,"h1zCq+JCQtX4muMmUtXs3rgnDK+zbxYodKSUDb/Kwms=","yK8OKO7i1xqEPAI8O44BvyFgRN6LSHQ9","legacyData"
"2a155396-59e1-4225-aa16-5d976a7d8e9d","STEI_046.basePlot.vst","2016-09-20","vst_STEI_2016","D05","STEI","STEI_046",,"NEON.PLA.D05.STEI.01146","ok","small tree","Live",3.3,130,2.4,,,,,,,,,,,,,"h1zCq+JCQtX4muMmUtXs3rgnDK+zbxYodKSUDb/Kwms=","yK8OKO7i1xqEPAI8O44BvyFgRN6LSHQ9","legacyData"
"12e8dfe2-c027-49bc-bcf6-4321f790d09f","STEI_046.basePlot.vst","2016-09-20","vst_STEI_2016","D05","STEI","STEI_046",,"NEON.PLA.D05.STEI.01233","ok","sapling","Live",,,1.2,,,,,,,,1.7,10,,,,"h1zCq+JCQtX4muMmUtXs3rgnDK+zbxYodKSUDb/Kwms=","yK8OKO7i1xqEPAI8O44BvyFgRN6LSHQ9","legacyData"
"0f771e3c-c44e-43d2-863e-64bcfa8b457e","STEI_046.basePlot.vst","2016-09-20","vst_STEI_2016","D05","STEI","STEI_046",,"NEON.PLA.D05.STEI.01286","ok","single bole tree","Live",11.0,130,7.5,,,,,,,,,,,,,"h1zCq+JCQtX4muMmUtXs3rgnDK+zbxYodKSUDb/Kwms=","yK8OKO7i1xqEPAI8O44BvyFgRN6LSHQ9","legacyData"
"d89164fb-f428-40a3-a0d8-08f3cbfc2e00","STEI_046.basePlot.vst","2016-09-20","vst_STEI_2016","D05","STEI","STEI_046",,"NEON.PLA.D05.STEI.01244","ok","small tree","Live,  other damage",1.2,130,1.9,,,,,,,,,,,,,"h1zCq+JCQtX4muMmUtXs3rgnDK+zbxYodKSUDb/Kwms=","yK8OKO7i1xqEPAI8O44BvyFgRN6LSHQ9","legacyData"
"ff3bafaa-28b2-4424-90fc-04a2d285c59d","STEI_046.basePlot.vst","2016-09-20","vst_STEI_2016","D05","STEI","STEI_046",,"NEON.PLA.D05.STEI.01077","ok","single bole tree","Live",19.4,130,11.2,,,,,,,,,,,,,"h1zCq+JCQtX4muMmUtXs3rgnDK+zbxYodKSUDb/Kwms=","yK8OKO7i1xqEPAI8O44BvyFgRN6LSHQ9","legacyData"
"b8815103-b48a-48bc-8d5d-4f7d881b79c8","STEI_046.basePlot.vst","2016-09-20","vst_STEI_2016","D05","STEI","STEI_046",,"NEON.PLA.D05.STEI.01392","ok","small tree","Live",1.3,130,1.8,,,,,,,,,,,,,"h1zCq+JCQtX4muMmUtXs3rgnDK+zbxYodKSUDb/Kwms=","yK8OKO7i1xqEPAI8O44BvyFgRN6LSHQ9","legacyData"
"f7ad64da-f016-466f-a8ff-32258c016c5f","STEI_046.basePlot.vst","2016-09-20","vst_STEI_2016","D05","STEI","STEI_046",,"NEON.PLA.D05.STEI.01078","ok","single bole tree","Live",44.9,130,16.3,,,,,,,,,,,,,"h1zCq+JCQtX4muMmUtXs3rgnDK+zbxYodKSUDb/Kwms=","yK8OKO7i1xqEPAI8O44BvyFgRN6LSHQ9","legacyData"
"ace77eed-5da0-488b-aa61-2535f317088d","STEI_046.basePlot.vst","2016-09-20","vst_STEI_2016","D05","STEI","STEI_046",,"NEON.PLA.D05.STEI.01354","ok","single bole tree","Live",19.3,130,13.4,,,,,,,,,,,,,"h1zCq+JCQtX4muMmUtXs3rgnDK+zbxYodKSUDb/Kwms=","yK8OKO7i1xqEPAI8O44BvyFgRN6LSHQ9","legacyData"
"555e013d-15a1-4e64-8a3b-7c08141d73dc","STEI_046.basePlot.vst","2016-09-20","vst_STEI_2016","D05","STEI","STEI_046",,"NEON.PLA.D05.STEI.01383","ok","multi-bole tree","Live",11.9,130,11.5,,,,,,,,,,,,,"h1zCq+JCQtX4muMmUtXs3rgnDK+zbxYodKSUDb/Kwms=","yK8OKO7i1xqEPAI8O44BvyFgRN6LSHQ9","legacyData"
"4d65812a-a3ed-4c8d-a50f-dd22f737a194","STEI_046.basePlot.vst","2016-09-20","vst_STEI_2016","D05","STEI","STEI_046",,"NEON.PLA.D05.STEI.01079","ok","single bole tree","Live",22.2,130,13.4,,,,,,,,,,,,,"h1zCq+JCQtX4muMmUtXs3rgnDK+zbxYodKSUDb/Kwms=","yK8OKO7i1xqEPAI8O44BvyFgRN6LSHQ9","legacyData"
"072353cc-833c-4918-b1ef-b74a52f646cb","STEI_046.basePlot.vst","2016-09-20","vst_STEI_2016","D05","STEI","STEI_046",,"NEON.PLA.D05.STEI.01073","ok","single bole tree","Live",22.5,130,12.6,,,,,,,,,,,,,"h1zCq+JCQtX4muMmUtXs3rgnDK+zbxYodKSUDb/Kwms=","yK8OKO7i1xqEPAI8O44BvyFgRN6LSHQ9","legacyData"
"79513425-f8aa-455c-886a-af339dffe7b1","STEI_046.basePlot.vst","2016-09-20","vst_STEI_2016","D05","STEI","STEI_046",,"NEON.PLA.D05.STEI.01080","ok","single bole tree","Live",12.1,130,10.3,,,,,,,,,,,,,"h1zCq+JCQtX4muMmUtXs3rgnDK+zbxYodKSUDb/Kwms=","yK8OKO7i1xqEPAI8O44BvyFgRN6LSHQ9","legacyData"
"3e12d4c0-f815-482c-80be-d067d6d9fb5d","STEI_046.basePlot.vst","2016-09-20","vst_STEI_2016","D05","STEI","STEI_046",,"NEON.PLA.D05.STEI.01364","ok","small tree","Live",1.7,130,2.3,,,,,,,,,,,,,"h1zCq+JCQtX4muMmUtXs3rgnDK+zbxYodKSUDb/Kwms=","yK8OKO7i1xqEPAI8O44BvyFgRN6LSHQ9","legacyData"
"1058fa21-02b4-4297-8640-7698226cc958","STEI_046.basePlot.vst","2016-09-20","vst_STEI_2016","D05","STEI","STEI_046",,"NEON.PLA.D05.STEI.01390","ok","sapling","Live,  other damage",,,2.3,,,,,,,,1.4,10,,,,"h1zCq+JCQtX4muMmUtXs3rgnDK+zbxYodKSUDb/Kwms=","yK8OKO7i1xqEPAI8O44BvyFgRN6LSHQ9","legacyData"
