uid,namedLocation,plotID,collectDate,identifiedDate,sampleID,subsampleID,scientificName,acceptedTaxonID,taxonRank,family,subfamily,tribe,subtribe,genus,subgenus,specificEpithet,infraspecificEpithet,identificationQualifier,identificationReferences,identificationProtocolVersion,scientificNameAuthorship,sexOrAge,individualCount,sampleCondition,archiveMedium,archiveFacilityID,deprecatedVialID,identifiedBy,laboratoryName,remarks
"a97e1752-0ed1-4532-b737-8a95a33223c9","SCBI_006.tickPlot.tck","SCBI_006","2016-05-16T16:18Z","2017-05-17T16:00Z","SCBI_006.20160516","SCBI_006.20160516.AMBAME.N","Amblyomma americanum","AMBAME","species","Ixodidae",,,,"Amblyomma",,"americanum",,,"Cooley, R. A. and G. M. Kohls. 1944. The genus Amblyomma (ixodidae) in the United States. The Journal of Parasitology, 30(2):77-111.","GSU_tickIdentification_SOP_2016-11-01.pdf","Linnaeus","Nymph",1,"OK","RNA stabilization buffer","USNMENT00984162","SCBI_006.20160516.1.AMBAME.N","Lorenza Beati","Georgia Southern University",
"bfdacd4a-57b6-4386-8a7a-8f2d13ae8aa8","SCBI_002.tickPlot.tck","SCBI_002","2016-05-16T17:42Z","2017-05-17T16:00Z","SCBI_002.20160516","SCBI_002.20160516.IXOSCA.N","Ixodes scapularis","IXOSCA","species","Ixodidae",,,,"Ixodes",,"scapularis",,,"Cooley, R. A. and G. M. Kohls. 1945. The genus Ixodes in North America. National Institute of Health Bulletin, 184.","GSU_tickIdentification_SOP_2016-11-01.pdf","Say","Nymph",5,"OK","RNA stabilization buffer","USNMENT00984146","SCBI_002.20160516.1.IXOSCA.N","Lorenza Beati","Georgia Southern University",
"27e89177-b309-4162-bf48-31afa5ac7cc5","SCBI_002.tickPlot.tck","SCBI_002","2016-05-16T17:42Z","2017-05-17T16:00Z","SCBI_002.20160516","SCBI_002.20160516.DERVAR.F","Dermacentor variabilis","DERVAR","species","Ixodidae",,,,"Dermacentor",,"variabilis",,,"Yunker, C. E., Keirans, J. E., Clifford, C. M., and E. R. Easton. 1986. Dermacentor ticks (Acari: Ixodoidea: Ixodidae) of the New World: a scanning electron microscope atlas. Proceedings of the Entomological Society of Washington, 88(4):609-627.","GSU_tickIdentification_SOP_2016-11-01.pdf","Say","Female",1,"OK","RNA stabilization buffer","USNMENT00984147","SCBI_002.20160516.1.DERVAR.F","Lorenza Beati","Georgia Southern University",
"b94ad174-231f-4e8c-8b42-7e5885cabb74","SCBI_013.tickPlot.tck","SCBI_013","2016-05-31T06:09Z","2017-05-19T16:00Z","SCBI_013.20160531","SCBI_013.20160531.AMBAME.N","Amblyomma americanum","AMBAME","species","Ixodidae",,,,"Amblyomma",,"americanum",,,"Cooley, R. A. and G. M. Kohls. 1944. The genus Amblyomma (ixodidae) in the United States. The Journal of Parasitology, 30(2):77-111.","GSU_tickIdentification_SOP_2016-11-01.pdf","Linnaeus","Nymph",1,"OK","RNA stabilization buffer","USNMENT00864665","SCBI_013.20160531.1.AMBAME.N","Lorenza Beati","Georgia Southern University",
"0a9a3fe0-7e21-40a5-9749-cc04b9706946","SCBI_007.tickPlot.tck","SCBI_007","2016-05-31T13:33Z","2017-05-19T16:00Z","SCBI_007.20160531","SCBI_007.20160531.AMBAME.N","Amblyomma americanum","AMBAME","species","Ixodidae",,,,"Amblyomma",,"americanum",,,"Cooley, R. A. and G. M. Kohls. 1944. The genus Amblyomma (ixodidae) in the United States. The Journal of Parasitology, 30(2):77-111.","GSU_tickIdentification_SOP_2016-11-01.pdf","Linnaeus","Nymph",2,"OK","RNA stabilization buffer","USNMENT00864669","SCBI_007.20160531.1.AMBAME.N","Lorenza Beati","Georgia Southern University",
"b5b79900-4106-4a56-a265-df7b73efe32c","SCBI_007.tickPlot.tck","SCBI_007","2016-05-31T13:33Z","2017-05-19T16:00Z","SCBI_007.20160531","SCBI_007.20160531.IXOSCA.N","Ixodes scapularis","IXOSCA","species","Ixodidae",,,,"Ixodes",,"scapularis",,,"Cooley, R. A. and G. M. Kohls. 1945. The genus Ixodes in North America. National Institute of Health Bulletin, 184.","GSU_tickIdentification_SOP_2016-11-01.pdf","Say","Nymph",3,"OK","RNA stabilization buffer","USNMENT00984199","SCBI_007.20160531.1.IXOSCA.N","Lorenza Beati","Georgia Southern University",
"9d7e3e83-a63b-441d-9431-521cdb776726","SCBI_007.tickPlot.tck","SCBI_007","2016-05-31T13:33Z","2017-04-05T16:00Z","SCBI_007.20160531","SCBI_007.20160531.DERVAR.M","Dermacentor variabilis","DERVAR","species","Ixodidae",,,,"Dermacentor",,"variabilis",,,"Yunker, C. E., Keirans, J. E., Clifford, C. M., and E. R. Easton. 1986. Dermacentor ticks (Acari: Ixodoidea: Ixodidae) of the New World: a scanning electron microscope atlas. Proceedings of the Entomological Society of Washington, 88(4):609-627.","GSU_tickIdentification_SOP_2016-11-01.pdf","Say","Male",1,"OK","RNA stabilization buffer","USNMENT00984200","SCBI_007.20160531.1.DERVAR.M","Guy Hobbs","Georgia Southern University",
"490a15eb-49bc-4ed8-b7f4-ac04d2d0943d","SCBI_007.tickPlot.tck","SCBI_007","2016-05-31T13:33Z","2017-04-05T16:00Z","SCBI_007.20160531","SCBI_007.20160531.DERVAR.F","Dermacentor variabilis","DERVAR","species","Ixodidae",,,,"Dermacentor",,"variabilis",,,"Yunker, C. E., Keirans, J. E., Clifford, C. M., and E. R. Easton. 1986. Dermacentor ticks (Acari: Ixodoidea: Ixodidae) of the New World: a scanning electron microscope atlas. Proceedings of the Entomological Society of Washington, 88(4):609-627.","GSU_tickIdentification_SOP_2016-11-01.pdf","Say","Female",1,"OK","RNA stabilization buffer","USNMENT00984201","SCBI_007.20160531.1.DERVAR.F","Guy Hobbs","Georgia Southern University",
"afdc43df-1e08-41d7-96f1-b6dc384b943b","SCBI_002.tickPlot.tck","SCBI_002","2016-05-31T14:40Z","2017-05-19T16:00Z","SCBI_002.20160531","SCBI_002.20160531.IXOSCA.N","Ixodes scapularis","IXOSCA","species","Ixodidae",,,,"Ixodes",,"scapularis",,,"Cooley, R. A. and G. M. Kohls. 1945. The genus Ixodes in North America. National Institute of Health Bulletin, 184.","GSU_tickIdentification_SOP_2016-11-01.pdf","Say","Nymph",16,"OK","RNA stabilization buffer","USNMENT00984192","SCBI_002.20160531.1.IXOSCA.N","Lorenza Beati","Georgia Southern University",
"8c2bf8d1-6ce8-424f-b30c-5ee15447b32f","SCBI_002.tickPlot.tck","SCBI_002","2016-05-31T14:40Z","2017-05-19T16:00Z","SCBI_002.20160531","SCBI_002.20160531.AMBAME.N","Amblyomma americanum","AMBAME","species","Ixodidae",,,,"Amblyomma",,"americanum",,,"Cooley, R. A. and G. M. Kohls. 1944. The genus Amblyomma (ixodidae) in the United States. The Journal of Parasitology, 30(2):77-111.","GSU_tickIdentification_SOP_2016-11-01.pdf","Linnaeus","Nymph",1,"OK","RNA stabilization buffer","USNMENT00864666","SCBI_002.20160531.1.AMBAME.N","Lorenza Beati","Georgia Southern University",
"c3a546b2-729d-43da-9064-9333c00e959b","SCBI_002.tickPlot.tck","SCBI_002","2016-05-31T14:40Z","2017-04-05T16:00Z","SCBI_002.20160531","SCBI_002.20160531.DERVAR.F","Dermacentor variabilis","DERVAR","species","Ixodidae",,,,"Dermacentor",,"variabilis",,,"Yunker, C. E., Keirans, J. E., Clifford, C. M., and E. R. Easton. 1986. Dermacentor ticks (Acari: Ixodoidea: Ixodidae) of the New World: a scanning electron microscope atlas. Proceedings of the Entomological Society of Washington, 88(4):609-627.","GSU_tickIdentification_SOP_2016-11-01.pdf","Say","Female",1,"OK","RNA stabilization buffer","USNMENT00984193","SCBI_002.20160531.1.DERVAR.F","Guy Hobbs","Georgia Southern University",
"67c40ad1-98f7-4589-8e6c-4f9c0cd4944a","SCBI_006.tickPlot.tck","SCBI_006","2016-05-31T15:35Z","2017-04-05T16:00Z","SCBI_006.20160531","SCBI_006.20160531.DERVAR.F","Dermacentor variabilis","DERVAR","species","Ixodidae",,,,"Dermacentor",,"variabilis",,,"Yunker, C. E., Keirans, J. E., Clifford, C. M., and E. R. Easton. 1986. Dermacentor ticks (Acari: Ixodoidea: Ixodidae) of the New World: a scanning electron microscope atlas. Proceedings of the Entomological Society of Washington, 88(4):609-627.","GSU_tickIdentification_SOP_2016-11-01.pdf","Say","Female",1,"OK","RNA stabilization buffer","USNMENT00984195","SCBI_006.20160531.1.DERVAR.F","Guy Hobbs","Georgia Southern University",
"c82cc688-a3d0-4afc-bf58-dbc445305dbf","SCBI_006.tickPlot.tck","SCBI_006","2016-05-31T15:35Z","2017-04-05T16:00Z","SCBI_006.20160531","SCBI_006.20160531.DERVAR.M","Dermacentor variabilis","DERVAR","species","Ixodidae",,,,"Dermacentor",,"variabilis",,,"Yunker, C. E., Keirans, J. E., Clifford, C. M., and E. R. Easton. 1986. Dermacentor ticks (Acari: Ixodoidea: Ixodidae) of the New World: a scanning electron microscope atlas. Proceedings of the Entomological Society of Washington, 88(4):609-627.","GSU_tickIdentification_SOP_2016-11-01.pdf","Say","Male",1,"OK","RNA stabilization buffer","USNMENT00984194","SCBI_006.20160531.1.DERVAR.M","Guy Hobbs","Georgia Southern University",
"acc204bc-72f4-475a-9a34-3d16801a4d49","SCBI_005.tickPlot.tck","SCBI_005","2016-05-31T16:32Z","2017-04-05T16:00Z","SCBI_005.20160531","SCBI_005.20160531.AMBAME.F","Amblyomma americanum","AMBAME","species","Ixodidae",,,,"Amblyomma",,"americanum",,,"Cooley, R. A. and G. M. Kohls. 1944. The genus Amblyomma (ixodidae) in the United States. The Journal of Parasitology, 30(2):77-111.","GSU_tickIdentification_SOP_2016-11-01.pdf","Linnaeus","Female",1,"OK","RNA stabilization buffer","USNMENT00984198","SCBI_005.20160531.1.AMBAME.F","Guy Hobbs","Georgia Southern University",
"b78b0a84-bca2-40ac-aa01-76db1d72f1d5","SCBI_005.tickPlot.tck","SCBI_005","2016-05-31T16:32Z","2017-05-19T16:00Z","SCBI_005.20160531","SCBI_005.20160531.IXOSCA.N","Ixodes scapularis","IXOSCA","species","Ixodidae",,,,"Ixodes",,"scapularis",,,"Cooley, R. A. and G. M. Kohls. 1945. The genus Ixodes in North America. National Institute of Health Bulletin, 184.","GSU_tickIdentification_SOP_2016-11-01.pdf","Say","Nymph",2,"OK","RNA stabilization buffer","USNMENT00984196","SCBI_005.20160531.1.IXOSCA.N","Lorenza Beati","Georgia Southern University",
"899b1232-0278-46ae-a4cc-f74946545ce1","SCBI_005.tickPlot.tck","SCBI_005","2016-05-31T16:32Z","2017-05-19T16:00Z","SCBI_005.20160531","SCBI_005.20160531.AMBAME.N","Amblyomma americanum","AMBAME","species","Ixodidae",,,,"Amblyomma",,"americanum",,,"Cooley, R. A. and G. M. Kohls. 1944. The genus Amblyomma (ixodidae) in the United States. The Journal of Parasitology, 30(2):77-111.","GSU_tickIdentification_SOP_2016-11-01.pdf","Linnaeus","Nymph",4,"OK","RNA stabilization buffer","USNMENT00864672","SCBI_005.20160531.1.AMBAME.N","Lorenza Beati","Georgia Southern University",
"ad7e0fed-567e-4987-9686-ca4f0f2073fe","SCBI_005.tickPlot.tck","SCBI_005","2016-05-31T16:32Z","2017-04-05T16:00Z","SCBI_005.20160531","SCBI_005.20160531.DERVAR.M","Dermacentor variabilis","DERVAR","species","Ixodidae",,,,"Dermacentor",,"variabilis",,,"Yunker, C. E., Keirans, J. E., Clifford, C. M., and E. R. Easton. 1986. Dermacentor ticks (Acari: Ixodoidea: Ixodidae) of the New World: a scanning electron microscope atlas. Proceedings of the Entomological Society of Washington, 88(4):609-627.","GSU_tickIdentification_SOP_2016-11-01.pdf","Say","Male",2,"OK","RNA stabilization buffer","USNMENT00984197","SCBI_005.20160531.1.DERVAR.M","Guy Hobbs","Georgia Southern University",
"4bce8079-bb3a-4caa-9e0c-cb3e573983f5","SCBI_039.tickPlot.tck","SCBI_039","2016-05-31T17:22Z","2017-04-06T16:00Z","SCBI_039.20160531","SCBI_039.20160531.DERVAR.M","Dermacentor variabilis","DERVAR","species","Ixodidae",,,,"Dermacentor",,"variabilis",,,"Yunker, C. E., Keirans, J. E., Clifford, C. M., and E. R. Easton. 1986. Dermacentor ticks (Acari: Ixodoidea: Ixodidae) of the New World: a scanning electron microscope atlas. Proceedings of the Entomological Society of Washington, 88(4):609-627.","GSU_tickIdentification_SOP_2016-11-01.pdf","Say","Male",1,"OK","RNA stabilization buffer","USNMENT00984223","SCBI_039.20160531.1.DERVAR.M","Guy Hobbs","Georgia Southern University",
