uid,namedLocation,domainID,siteID,plotID,plotType,nlcdClass,decimalLatitude,decimalLongitude,geodeticDatum,coordinateUncertainty,elevation,elevationUncertainty,collectDate,eventID,sampleID,sampleCode,samplingMethod,totalSampledArea,targetTaxaPresent,adultCount,nymphCount,larvaCount,sampleCondition,samplingProtocolVersion,measuredBy,remarks
"763738d6-7795-47db-bc63-e9cb9adf0a22","SCBI_039.tickPlot.tck","D02","SCBI","SCBI_039","distributed","pastureHay",38.896433,-78.166542,"WGS84",20.1,330.8,0.1,"2016-05-09T13:41Z","SCBI.2016.19",,,"drag",80,"N",0,0,0,"No known compromise","NEON.DOC.014045vG","Z0zx9vuZ1Z+oMkbp/mYlhlQlWiPsh1e/","Rain"
"a165d8dc-e51b-4423-b5ea-e16f06f597cf","SCBI_006.tickPlot.tck","D02","SCBI","SCBI_006","distributed","pastureHay",38.897080,-78.150277,"WGS84",20.1,277.1,0.1,"2016-05-16T16:18Z","SCBI.2016.20","SCBI_006.20160516",,"drag",162,"Y",0,1,0,"No known compromise","NEON.DOC.014045vG","p8WKbOBZs5/CRPjq/1HrITk8Sf0GvCtj",
"71082fa5-18f0-4a5b-b60a-ff00f1e0641b","SCBI_002.tickPlot.tck","D02","SCBI","SCBI_002","distributed","deciduousForest",38.893863,-78.142704,"WGS84",20.2,327.7,0.2,"2016-05-16T17:42Z","SCBI.2016.20","SCBI_002.20160516",,"drag",167,"Y",1,5,0,"No known compromise","NEON.DOC.014045vG","p8WKbOBZs5/CRPjq/1HrITk8Sf0GvCtj",
"7891c568-81bf-40cb-b4fd-b20095b8c760","SCBI_013.tickPlot.tck","D02","SCBI","SCBI_013","distributed","deciduousForest",38.873041,-78.163313,"WGS84",20.2,361.3,0.3,"2016-05-31T06:09Z","SCBI.2016.22","SCBI_013.20160531",,"drag",160,"Y",0,43,0,"No known compromise","NEON.DOC.014045vG","Z0zx9vuZ1Z+oMkbp/mYlhlQlWiPsh1e/",
"57115d9c-f74b-4217-a954-3089d321c607","SCBI_007.tickPlot.tck","D02","SCBI","SCBI_007","distributed","deciduousForest",38.886013,-78.129365,"WGS84",20.2,428.3,0.2,"2016-05-31T13:33Z","SCBI.2016.22","SCBI_007.20160531",,"drag",148,"Y",2,7,0,"No known compromise","NEON.DOC.014045vG","Z0zx9vuZ1Z+oMkbp/mYlhlQlWiPsh1e/",
"9dc05e40-d2c5-43de-b520-4291086040dd","SCBI_002.tickPlot.tck","D02","SCBI","SCBI_002","distributed","deciduousForest",38.893863,-78.142704,"WGS84",20.2,327.7,0.2,"2016-05-31T14:40Z","SCBI.2016.22","SCBI_002.20160531",,"drag",160,"Y",1,16,0,"No known compromise","NEON.DOC.014045vG","Z0zx9vuZ1Z+oMkbp/mYlhlQlWiPsh1e/",
"7cfd1189-58ef-48fc-b3bc-7b297baeb4b7","SCBI_006.tickPlot.tck","D02","SCBI","SCBI_006","distributed","pastureHay",38.897080,-78.150277,"WGS84",20.1,277.1,0.1,"2016-05-31T15:35Z","SCBI.2016.22","SCBI_006.20160531",,"drag",160,"Y",2,0,0,"No known compromise","NEON.DOC.014045vG","Z0zx9vuZ1Z+oMkbp/mYlhlQlWiPsh1e/",
"41675dbe-5d62-4f64-83a5-a069dedc718c","SCBI_005.tickPlot.tck","D02","SCBI","SCBI_005","distributed","deciduousForest",38.901859,-78.161940,"WGS84",20.2,263.6,0.3,"2016-05-31T16:32Z","SCBI.2016.22","SCBI_005.20160531",,"drag",155,"Y",3,7,0,"No known compromise","NEON.DOC.014045vG","Z0zx9vuZ1Z+oMkbp/mYlhlQlWiPsh1e/",
"2cb0155f-e90b-437e-92cb-770cfc454bed","SCBI_039.tickPlot.tck","D02","SCBI","SCBI_039","distributed","pastureHay",38.896433,-78.166542,"WGS84",20.1,330.8,0.1,"2016-05-31T17:22Z","SCBI.2016.22","SCBI_039.20160531",,"drag",165,"Y",1,0,0,"No known compromise","NEON.DOC.014045vG","Z0zx9vuZ1Z+oMkbp/mYlhlQlWiPsh1e/",
