uid,namedLocation,date,domainID,siteID,plotID,plotType,nlcdClass,decimalLatitude,decimalLongitude,geodeticDatum,coordinateUncertainty,easting,northing,utmZone,elevation,elevationUncertainty,eventID,samplingProtocolVersion,treesPresent,treesAbsentList,shrubsPresent,shrubsAbsentList,lianasPresent,lianasAbsentList,nestedSubplotAreaShrubSapling,nestedSubplotAreaLiana,totalSampledAreaTrees,totalSampledAreaShrubSapling,totalSampledAreaLiana,remarks,measuredBy,recordedBy,dataQF
"b9f58471-9885-4e60-8684-38dd59d53d8f","GUAN_049.basePlot.vst","2016-10-17","D04","GUAN","GUAN_049","tower","evergreenForest",17.967743,-66.864300,"WGS84",20.1,726174.57,1987917.54,"19N",124.8,0.1,"vst_GUAN_2016","NEON.DOC.000987vE","Y",,"Y",,"Y",,"10","100",800,40,400,,"fiApssCEcSVZh4fTchGlfQK3pYYnYQUQ","2G6jL1xU09kc++3fEPpQLkA2cHzpx8zXwl+Jr/s/QvQ=","legacyData"
"610e2d9d-ac0d-4def-bb41-a93ef4016dfc","GUAN_049.basePlot.vst","2016-10-17","D04","GUAN","GUAN_049","tower","evergreenForest",17.967743,-66.864300,"WGS84",20.1,726174.57,1987917.54,"19N",124.8,0.1,"vst_GUAN_2016","NEON.DOC.000987vE","Y",,"Y",,"Y",,"10","100",800,40,400,,"fiApssCEcSVZh4fTchGlfQK3pYYnYQUQ","2G6jL1xU09kc++3fEPpQLkA2cHzpx8zXwl+Jr/s/QvQ=",
"0b9719d1-92b7-4773-98fe-69be39d2d44a","GUAN_061.basePlot.vst","2016-10-24","D04","GUAN","GUAN_061","tower","evergreenForest",17.966929,-66.863728,"WGS84",20.1,726236.20,1987828.13,"19N",104.3,0.1,"vst_GUAN_2016","NEON.DOC.000987vE","Y",,"Y",,"Y",,"10","noneSelected",800,40,800,,"bLuA32XSwhQ1UEFOt6rO3xlOtBx7Ppbg","dkUVz+Ep9mjwe8AKJjPrCYTGVeHZyOun","legacyData"
"d1a54679-4acb-42c0-bd78-5a0133877daa","GUAN_061.basePlot.vst","2016-10-24","D04","GUAN","GUAN_061","tower","evergreenForest",17.966929,-66.863728,"WGS84",20.1,726236.20,1987828.13,"19N",104.3,0.1,"vst_GUAN_2016","NEON.DOC.000987vE","Y",,"Y",,"Y",,"10","noneSelected",800,40,800,,"bLuA32XSwhQ1UEFOt6rO3xlOtBx7Ppbg","dkUVz+Ep9mjwe8AKJjPrCYTGVeHZyOun",
