uid,namedLocation,domainID,siteID,plotID,plotType,nlcdClass,decimalLatitude,decimalLongitude,geodeticDatum,coordinateUncertainty,elevation,elevationUncertainty,collectDate,eventID,sampleID,sampleCode,samplingMethod,totalSampledArea,targetTaxaPresent,adultCount,nymphCount,larvaCount,sampleCondition,samplingProtocolVersion,measuredBy,remarks
"cce96475-6eb3-4353-9519-d15d474bdeaf","ABBY_002.tickPlot.tck","D16","ABBY","ABBY_002","distributed","grasslandHerbaceous",45.737854,-122.308292,"WGS84",20.1,651.1,0.1,"2016-10-11T18:35Z","ABBY.2016.41",,,"drag and flag",158,"N",0,0,0,"No known compromise","NEON.DOC.014045vG","AXuY4z5ddzGYVtlYIFbF04ZbSE1d77qu",
"34377655-77fe-44a3-9398-114f58b1c92d","ABBY_005.tickPlot.tck","D16","ABBY","ABBY_005","distributed","shrubScrub",45.771976,-122.388089,"WGS84",20.1,492.2,0.1,"2016-10-11T18:36Z","ABBY.2016.41",,,"drag and flag",165,"N",0,0,0,"No known compromise","NEON.DOC.014045vG","Mvo1bt03JMQGnUSOZfuCuKiPzECGjdoQ",
"15b00fa9-abea-4c40-9752-dd5464db77d6","ABBY_003.tickPlot.tck","D16","ABBY","ABBY_003","distributed","evergreenForest",45.760799,-122.371290,"WGS84",20.1,626.2,0.1,"2016-10-11T19:50Z","ABBY.2016.41",,,"drag and flag",160,"N",0,0,0,"No known compromise","NEON.DOC.014045vG","Mvo1bt03JMQGnUSOZfuCuKiPzECGjdoQ",
"3a5ab921-6269-469f-9869-52732409e25c","ABBY_006.tickPlot.tck","D16","ABBY","ABBY_006","distributed","evergreenForest",45.752800,-122.297903,"WGS84",20.3,576.4,0.4,"2016-10-11T20:30Z","ABBY.2016.41",,,"drag and flag",160,"N",0,0,0,"No known compromise","NEON.DOC.014045vG","AXuY4z5ddzGYVtlYIFbF04ZbSE1d77qu",
"a324bc4c-0504-406a-ab5b-34997c0e291d","ABBY_023.tickPlot.tck","D16","ABBY","ABBY_023","distributed","mixedForest",45.745006,-122.383498,"WGS84",20.1,478.7,0.1,"2016-10-11T21:52Z","ABBY.2016.41",,,"drag and flag",145,"N",0,0,0,"No known compromise","NEON.DOC.014045vG","a/0SlN26fEtmJ3LLysIxkaRUfZvckIBE",
"ae2e5327-397d-4936-9268-3f5405d8f469","ABBY_001.tickPlot.tck","D16","ABBY","ABBY_001","distributed","evergreenForest",45.773172,-122.348101,"WGS84",20.1,294.3,0.2,"2016-10-11T22:17Z","ABBY.2016.41","ABBY_001.20161011",,"drag and flag",151,"Y",3,0,0,"No known compromise","NEON.DOC.014045vG","AXuY4z5ddzGYVtlYIFbF04ZbSE1d77qu",
