uid,namedLocation,domainID,siteID,plotID,plotType,nlcdClass,decimalLatitude,decimalLongitude,geodeticDatum,coordinateUncertainty,elevation,elevationUncertainty,collectDate,eventID,sampleID,sampleCode,samplingMethod,totalSampledArea,targetTaxaPresent,adultCount,nymphCount,larvaCount,sampleCondition,samplingProtocolVersion,measuredBy,remarks
"59396ea5-10fb-45f8-bc19-8914f9fb3fb4","TREE_019.tickPlot.tck","D05","TREE","TREE_019","distributed","mixedForest",45.494788,-89.575812,"WGS84",20.3,466.2,0.5,"2016-08-08T15:25Z","TREE.2016.32","TREE_019.20160808",,"flag",161,"Y",0,9,13,"No known compromise","NEON.DOC.014045vG","ENeP0aOc3IJKOzpx0s21WjiUy0VSbDmm",
"3bb72aad-7880-45ca-bbac-b471366e1703","TREE_017.tickPlot.tck","D05","TREE","TREE_017","distributed","deciduousForest",45.493376,-89.575729,"WGS84",20.1,466.2,0.2,"2016-08-08T16:59Z","TREE.2016.32","TREE_017.20160808",,"flag",165,"Y",0,5,2,"No known compromise","NEON.DOC.014045vG","ENeP0aOc3IJKOzpx0s21WjiUy0VSbDmm",
"98b03e1d-4ab8-43e5-985e-c95ba3e10de8","TREE_007.tickPlot.tck","D05","TREE","TREE_007","distributed","deciduousForest",45.496399,-89.559231,"WGS84",20.2,461.3,0.3,"2016-08-08T18:33Z","TREE.2016.32","TREE_007.20160808",,"flag",160,"Y",0,6,1,"No known compromise","NEON.DOC.014045vG","WXmC7HijdM2NsP75v+4sQyVqwIMmMBb8","Lost one nymph tick from vile after field collection was complete but before sample was stored."
"513dfc4c-b5a5-4a58-9a60-6013b8fa1a6d","TREE_022.tickPlot.tck","D05","TREE","TREE_022","distributed","evergreenForest",45.494513,-89.551239,"WGS84",20.2,458.4,0.2,"2016-08-08T19:46Z","TREE.2016.33","TREE_022.20160808",,"flag",163,"Y",0,1,48,"No known compromise","NEON.DOC.014045vG","WXmC7HijdM2NsP75v+4sQyVqwIMmMBb8","Lost the one nymph before we were able to get it into the vile."
"4ced63ea-575d-48fe-b99b-93dffcfc81c2","TREE_015.tickPlot.tck","D05","TREE","TREE_015","distributed","mixedForest",45.485626,-89.554320,"WGS84",20.3,462.1,0.6,"2016-08-08T21:07Z","TREE.2016.32","TREE_015.20160808",,"flag",160,"Y",0,0,1,"No known compromise","NEON.DOC.014045vG","WXmC7HijdM2NsP75v+4sQyVqwIMmMBb8",
"95246f9d-d8fc-43a4-b136-001970c1de47","TREE_005.tickPlot.tck","D05","TREE","TREE_005","distributed","woodyWetlands",45.482307,-89.557299,"WGS84",20.1,447.6,0.2,"2016-08-08T22:08Z","TREE.2016.32","TREE_005.20160808",,"flag",154,"Y",1,0,1,"No known compromise","NEON.DOC.014045vG","WXmC7HijdM2NsP75v+4sQyVqwIMmMBb8",
