uid,namedLocation,plotID,collectDate,identifiedDate,sampleID,subsampleID,scientificName,acceptedTaxonID,taxonRank,family,subfamily,tribe,subtribe,genus,subgenus,specificEpithet,infraspecificEpithet,identificationQualifier,identificationReferences,identificationProtocolVersion,scientificNameAuthorship,sexOrAge,individualCount,sampleCondition,archiveMedium,archiveFacilityID,deprecatedVialID,identifiedBy,laboratoryName,remarks
"c6f5dbdd-42e6-4c3b-b5bf-44b5122c59ab","TREE_019.tickPlot.tck","TREE_019","2016-08-08T15:25Z","2017-06-29T16:00Z","TREE_019.20160808","TREE_019.20160808.IXOSP.L","Ixodidae sp.","IXOSP","family","Ixodidae",,,,,,"sp.",,,,"GSU_tickIdentification_SOP_2016-11-01.pdf",,"Larva",1,"OK","RNA stabilization buffer","USNMENT00984847","TREE_019.20160808.L","Guy Hobbs","Georgia Southern University",
"fa7ff39c-47e0-4cad-8cdb-673623d7a13b","TREE_019.tickPlot.tck","TREE_019","2016-08-08T15:25Z","2017-06-28T16:00Z","TREE_019.20160808","TREE_019.20160808.IXOSCA.N","Ixodes scapularis","IXOSCA","species","Ixodidae",,,,"Ixodes",,"scapularis",,,"Cooley, R. A. and G. M. Kohls. 1945. The genus Ixodes in North America. National Institute of Health Bulletin, 184.","GSU_tickIdentification_SOP_2016-11-01.pdf","Say","Nymph",8,"OK","RNA stabilization buffer","USNMENT00984768","TREE_019.20160808.IXOSCA.N","Lorenza Beati","Georgia Southern University",
"97f504b1-7f73-4935-a5cc-8aff69793de8","TREE_017.tickPlot.tck","TREE_017","2016-08-08T16:59Z","2017-06-28T16:00Z","TREE_017.20160808","TREE_017.20160808.IXOSCA.N","Ixodes scapularis","IXOSCA","species","Ixodidae",,,,"Ixodes",,"scapularis",,,"Cooley, R. A. and G. M. Kohls. 1945. The genus Ixodes in North America. National Institute of Health Bulletin, 184.","GSU_tickIdentification_SOP_2016-11-01.pdf","Say","Nymph",5,"OK","RNA stabilization buffer","USNMENT00984770","TREE_017.20160808.IXOSCA.N","Lorenza Beati","Georgia Southern University",
"49e19aa3-3471-410d-aa6e-8e75996e1456","TREE_017.tickPlot.tck","TREE_017","2016-08-08T16:59Z","2017-06-29T16:00Z","TREE_017.20160808","TREE_017.20160808.IXOSP.L","Ixodidae sp.","IXOSP","family","Ixodidae",,,,,,"sp.",,,,"GSU_tickIdentification_SOP_2016-11-01.pdf",,"Larva",1,"OK","RNA stabilization buffer","USNMENT00984850","TREE_017.20160808.L","Guy Hobbs","Georgia Southern University",
"6f1d0d47-2137-41ec-be7b-772bdb770740","TREE_007.tickPlot.tck","TREE_007","2016-08-08T18:33Z","2017-06-28T16:00Z","TREE_007.20160808","TREE_007.20160808.IXOSCA.N","Ixodes scapularis","IXOSCA","species","Ixodidae",,,,"Ixodes",,"scapularis",,,"Cooley, R. A. and G. M. Kohls. 1945. The genus Ixodes in North America. National Institute of Health Bulletin, 184.","GSU_tickIdentification_SOP_2016-11-01.pdf","Say","Nymph",4,"OK","RNA stabilization buffer","USNMENT00984769","TREE_007.20160808.IXOSCA.N","Lorenza Beati","Georgia Southern University",
"c3df1644-bdf1-44ee-b272-b3690fb7d452","TREE_007.tickPlot.tck","TREE_007","2016-08-08T18:33Z","2017-06-29T16:00Z","TREE_007.20160808","TREE_007.20160808.IXOSP.L","Ixodidae sp.","IXOSP","family","Ixodidae",,,,,,"sp.",,,,"GSU_tickIdentification_SOP_2016-11-01.pdf",,"Larva",1,"OK","RNA stabilization buffer","USNMENT00984848","TREE_007.20160808.L","Guy Hobbs","Georgia Southern University",
"87c1589c-8949-47a5-bf08-23703c18d926","TREE_022.tickPlot.tck","TREE_022","2016-08-08T19:46Z","2017-06-29T16:00Z","TREE_022.20160808","TREE_022.20160808.IXOSP.L","Ixodidae sp.","IXOSP","family","Ixodidae",,,,,,"sp.",,,,"GSU_tickIdentification_SOP_2016-11-01.pdf",,"Larva",1,"OK","RNA stabilization buffer","USNMENT00984846","TREE_022.20160808.L","Guy Hobbs","Georgia Southern University",
"92fec56d-dbcd-42a3-ac8a-9b413f6c5f0f","TREE_015.tickPlot.tck","TREE_015","2016-08-08T21:07Z","2017-06-29T16:00Z","TREE_015.20160808","TREE_015.20160808.IXOSP.L","Ixodidae sp.","IXOSP","family","Ixodidae",,,,,,"sp.",,,,"GSU_tickIdentification_SOP_2016-11-01.pdf",,"Larva",1,"OK","RNA stabilization buffer","USNMENT00984849","TREE_015.20160808.L","Guy Hobbs","Georgia Southern University",
"4cd313f6-735b-4025-a12b-72bebda1dae9","TREE_005.tickPlot.tck","TREE_005","2016-08-08T22:08Z","2017-06-28T16:00Z","TREE_005.20160808","TREE_005.20160808.DERVAR.F","Dermacentor variabilis","DERVAR","species","Ixodidae",,,,"Dermacentor",,"variabilis",,,"Yunker, C. E., Keirans, J. E., Clifford, C. M., and E. R. Easton. 1986. Dermacentor ticks (Acari: Ixodoidea: Ixodidae) of the New World: a scanning electron microscope atlas. Proceedings of the Entomological Society of Washington, 88(4):609-627.","GSU_tickIdentification_SOP_2016-11-01.pdf","Say","Female",1,"OK","RNA stabilization buffer","USNMENT00984766","TREE_005.20160808.DERVAR.F","Lorenza Beati","Georgia Southern University",
"10ab0ec2-e241-4ea6-9bd9-7f985493ff0c","TREE_005.tickPlot.tck","TREE_005","2016-08-08T22:08Z","2017-06-28T16:00Z","TREE_005.20160808","TREE_005.20160808.HAELEP.N","Haemaphysalis leporispalustris","HAELEP","species","Ixodidae",,,,"Haemaphysalis",,"leporispalustris",,,,"GSU_tickIdentification_SOP_2016-11-01.pdf","Packard","Nymph",1,"OK","RNA stabilization buffer","USNMENT00984767","TREE_005.20160808.HAELEP.N","Lorenza Beati","Georgia Southern University",
