uid,namedLocation,domainID,siteID,plotID,plotType,nlcdClass,decimalLatitude,decimalLongitude,geodeticDatum,coordinateUncertainty,elevation,elevationUncertainty,collectDate,eventID,sampleID,sampleCode,samplingMethod,totalSampledArea,targetTaxaPresent,adultCount,nymphCount,larvaCount,sampleCondition,samplingProtocolVersion,measuredBy,remarks
"dd29e902-bfee-4c5e-a363-6ba52453859c","BONA_004.tickPlot.tck","D19","BONA","BONA_004","distributed","evergreenForest",65.190455,-147.539885,"WGS84",20.1,652.4,0.1,"2018-07-04T09:15Z","BONA.2018.27",,,"drag and flag",160,"N",0,0,0,,"NEON.DOC.014045vJ","WXmC7HijdM20Wf0oL8SzDVG6m56mZdOV57IvJ/u3pTE=",
"869e754b-db88-4dc3-b58d-af30eae95a97","BONA_013.tickPlot.tck","D19","BONA","BONA_013","distributed","mixedForest",65.176867,-147.556284,"WGS84",20.2,507.6,0.2,"2018-07-04T19:10Z","BONA.2018.27",,,"drag and flag",160,"N",0,0,0,,"NEON.DOC.014045vJ","WXmC7HijdM20Wf0oL8SzDVG6m56mZdOV57IvJ/u3pTE=",
"d7fe32a0-46da-41c3-9a22-dd69eb50e616","BONA_020.tickPlot.tck","D19","BONA","BONA_020","distributed","evergreenForest",65.188754,-147.552582,"WGS84",20.1,577.8,0.1,"2018-07-04T20:18Z","BONA.2018.27",,,"drag and flag",160,"N",0,0,0,,"NEON.DOC.014045vJ","B89Z/IeBZxWLIW3Z9xXJ10X7Hm8jgTUapi15Hp4Dy9Q=",
"a01415dc-cc57-450e-9584-7ff2c73ae407","BONA_012.tickPlot.tck","D19","BONA","BONA_012","distributed","deciduousForest",65.153244,-147.535939,"WGS84",20.2,290.2,0.2,"2018-07-10T18:05Z","BONA.2018.28",,,"drag and flag",160,"N",0,0,0,,"NEON.DOC.014045vJ","vqVpIV5hx+lOlEAZNX0AWi9PcnJu2eOf/B0jM12fbWo=",
"d5890278-b7d6-4134-ae89-90bf78f7b5f4","BONA_002.tickPlot.tck","D19","BONA","BONA_002","distributed","deciduousForest",65.163914,-147.524124,"WGS84",20.1,481.4,0.2,"2018-07-12T19:50Z","BONA.2018.28",,,"drag and flag",160,"N",0,0,0,,"NEON.DOC.014045vJ","TZ47nSbZGZgjJAXtu+IPg+u17mCKHfg31MDKiynA6WA=",
"0b9a1fba-645b-4da5-8373-a6e659296b9f","BONA_044.tickPlot.tck","D19","BONA","BONA_044","distributed","shrubScrub",65.166233,-147.508264,"WGS84",20.1,309.6,0.1,"2018-07-12T22:20Z","BONA.2018.28",,,"drag and flag",170,"N",0,0,0,,"NEON.DOC.014045vJ","/G1QLAqpKnIJLxiKSMpAFXgqQJjBxaqBtKXnLXJTgrU=",
