uid,namedLocation,domainID,siteID,plotID,plotType,nlcdClass,decimalLatitude,decimalLongitude,geodeticDatum,coordinateUncertainty,elevation,elevationUncertainty,collectDate,eventID,sampleID,sampleCode,samplingMethod,totalSampledArea,targetTaxaPresent,adultCount,nymphCount,larvaCount,sampleCondition,samplingProtocolVersion,measuredBy,remarks
"fbc54771-1be7-4e11-96df-6ab93960c862","GRSM_009.tickPlot.tck","D07","GRSM","GRSM_009","distributed","deciduousForest",35.671874,-83.491180,"WGS84",20.2,820.9,0.2,"2016-08-11T13:31Z","GRSM.2016.32",,,"drag and flag",180,"N",0,0,0,"No known compromise","NEON.DOC.014045vG","B89Z/IeBZxVUVqkZavcPJo3avqhPk8Rn",
"1c5287e9-65a3-462c-ad44-5bc94cd85558","GRSM_003.tickPlot.tck","D07","GRSM","GRSM_003","distributed","deciduousForest",35.676584,-83.476209,"WGS84",20.2,880.6,0.2,"2016-08-11T14:28Z","GRSM.2016.32",,,"drag and flag",162,"N",0,0,0,"No known compromise","NEON.DOC.014045vG","KeiTLHEbiMjaDPgOwG0WGFZqdsUtDWAc",
"2cacdf13-4646-4b4f-9105-bc59b3827060","GRSM_005.tickPlot.tck","D07","GRSM","GRSM_005","distributed","deciduousForest",35.682740,-83.398124,"WGS84",20.2,731.0,0.4,"2016-08-11T14:31Z","GRSM.2016.32",,,"drag and flag",80,"N",0,0,0,"No known compromise","NEON.DOC.014045vG","qUVO/nUAMfdJop3kv4Cvwz9twxCm+mTQqC6nCO2BLeA=",
"3bd57b2f-6139-4b84-b9fc-59641dc79389","GRSM_004.tickPlot.tck","D07","GRSM","GRSM_004","distributed","deciduousForest",35.688959,-83.535562,"WGS84",20.3,441.9,0.5,"2016-08-11T15:55Z","GRSM.2016.32",,,"drag and flag",85,"N",0,0,0,"No known compromise","NEON.DOC.014045vG","qUVO/nUAMfdJop3kv4Cvwz9twxCm+mTQqC6nCO2BLeA=",
"c7b0f391-3182-4523-8d00-4d9e11d34717","GRSM_006.tickPlot.tck","D07","GRSM","GRSM_006","distributed","deciduousForest",35.679072,-83.643678,"WGS84",20.2,533.6,0.2,"2016-08-11T16:15Z","GRSM.2016.32",,,"drag",160,"N",0,0,0,"No known compromise","NEON.DOC.014045vG","B89Z/IeBZxVUVqkZavcPJo3avqhPk8Rn",
"747d94f5-0256-40bd-be00-cf89aa5ed418","GRSM_010.tickPlot.tck","D07","GRSM","GRSM_010","distributed","deciduousForest",35.669242,-83.524579,"WGS84",20.2,510.4,0.3,"2016-08-11T16:22Z","GRSM.2016.32",,,"drag and flag",80,"N",0,0,0,"No known compromise","NEON.DOC.014045vG","qUVO/nUAMfdJop3kv4Cvwz9twxCm+mTQqC6nCO2BLeA=",
"4f35cf5b-8e47-43cb-a185-72efc23f5547","GRSM_004.tickPlot.tck","D07","GRSM","GRSM_004","distributed","deciduousForest",35.688959,-83.535562,"WGS84",20.3,441.9,0.5,"2016-08-29T05:22Z","GRSM.2016.35",,,"drag and flag",168,"N",0,0,0,"No known compromise","NEON.DOC.014045vG","xvXXx2YfvliZ3zsHMcdXOaIt4dnvXIe8wSogS8jrnDA=",
"95d4fa77-662e-4325-8175-aac8a13fcf16","GRSM_010.tickPlot.tck","D07","GRSM","GRSM_010","distributed","deciduousForest",35.669242,-83.524579,"WGS84",20.2,510.4,0.3,"2016-08-29T06:10Z","GRSM.2016.35",,,"drag",165,"N",0,0,0,"No known compromise","NEON.DOC.014045vG","xvXXx2YfvliZ3zsHMcdXOaIt4dnvXIe8wSogS8jrnDA=",
"8b043eda-c7da-4102-a9db-a3bcd34418f4","GRSM_009.tickPlot.tck","D07","GRSM","GRSM_009","distributed","deciduousForest",35.671874,-83.491180,"WGS84",20.2,820.9,0.2,"2016-08-29T14:29Z","GRSM.2016.35",,,"drag",163,"N",0,0,0,"No known compromise","NEON.DOC.014045vG","zAuTdQ8TLTOCAVE+XhtWnklq56XAz8bt",
"c4d26291-a1e2-4664-8606-be5839f2e51f","GRSM_005.tickPlot.tck","D07","GRSM","GRSM_005","distributed","deciduousForest",35.682740,-83.398124,"WGS84",20.2,731.0,0.4,"2016-08-29T15:00Z","GRSM.2016.35",,,"drag",170,"N",0,0,0,"No known compromise","NEON.DOC.014045vG","xvXXx2YfvliZ3zsHMcdXOaIt4dnvXIe8wSogS8jrnDA=",
"79de79d0-ef6e-4002-aa1d-faf4a3dce30a","GRSM_003.tickPlot.tck","D07","GRSM","GRSM_003","distributed","deciduousForest",35.676584,-83.476209,"WGS84",20.2,880.6,0.2,"2016-08-29T15:52Z","GRSM.2016.35",,,"drag",160,"N",0,0,0,"No known compromise","NEON.DOC.014045vG","zAuTdQ8TLTOCAVE+XhtWnklq56XAz8bt",
"9c16bdd4-d961-4bea-b2ef-cb8c50da76cb","GRSM_006.tickPlot.tck","D07","GRSM","GRSM_006","distributed","deciduousForest",35.679072,-83.643678,"WGS84",20.2,533.6,0.2,"2016-08-29T18:06Z","GRSM.2016.35",,,"drag",160,"N",0,0,0,"No known compromise","NEON.DOC.014045vG","2nGPXjKWVyJkJi2ZU+t5cD/44gqk/Kl4",
