uid,namedLocation,domainID,siteID,plotID,plotType,nlcdClass,decimalLatitude,decimalLongitude,geodeticDatum,coordinateUncertainty,elevation,elevationUncertainty,collectDate,eventID,sampleID,sampleCode,samplingMethod,totalSampledArea,targetTaxaPresent,adultCount,nymphCount,larvaCount,sampleCondition,samplingProtocolVersion,measuredBy,remarks
"8fe5aa0e-e7d5-4a7f-aef1-6fae8490f318","SERC_005.tickPlot.tck","D02","SERC","SERC_005","distributed","deciduousForest",38.894060,-76.546307,"WGS84",20.3,8.5,0.5,"2016-03-21T16:42Z","SERC.2016.12","SERC_005.20160321",,"drag and flag",155,"Y",1,0,0,"No known compromise","NEON.DOC.014045vG","wYCqaZcA+7tKZqVSOMaNBCcRKvQIOBzP",
"f9585de9-374e-4a99-99ed-c721adef30e7","SERC_006.tickPlot.tck","D02","SERC","SERC_006","distributed","deciduousForest",38.880025,-76.548376,"WGS84",20.2,2.6,0.3,"2016-03-21T17:56Z","SERC.2016.12",,,"drag",162,"N",0,0,0,"No known compromise","NEON.DOC.014045vG","p8WKbOBZs5/CRPjq/1HrITk8Sf0GvCtj",
"eb56e31a-0caa-4f66-a2ac-8258b9365161","SERC_002.tickPlot.tck","D02","SERC","SERC_002","distributed","deciduousForest",38.896262,-76.558166,"WGS84",20.2,17.0,0.3,"2016-03-21T19:03Z","SERC.2016.12",,,"drag",161,"N",0,0,0,"No known compromise","NEON.DOC.014045vG","wYCqaZcA+7tKZqVSOMaNBCcRKvQIOBzP",
"89ced465-bb07-4700-a9e7-8344b55a1b27","SERC_012.tickPlot.tck","D02","SERC","SERC_012","distributed","deciduousForest",38.880010,-76.561648,"WGS84",20.2,20.1,0.2,"2016-03-21T19:52Z","SERC.2016.12","SERC_012.20160321",,"drag",160,"Y",1,0,0,"No known compromise","NEON.DOC.014045vG","p8WKbOBZs5/CRPjq/1HrITk8Sf0GvCtj",
"71637816-3b19-44f6-b9a6-07e5afa3deae","SERC_001.tickPlot.tck","D02","SERC","SERC_001","distributed","deciduousForest",38.868186,-76.535306,"WGS84",20.2,2.1,0.2,"2016-03-22T12:56Z","SERC.2016.12",,,"drag",164,"N",0,0,0,"No known compromise","NEON.DOC.014045vG","wYCqaZcA+7tKZqVSOMaNBCcRKvQIOBzP",
"43bd7020-f780-40c9-b6db-fa2165638714","SERC_023.tickPlot.tck","D02","SERC","SERC_023","distributed","cultivatedCrops",38.873978,-76.535925,"WGS84",20.1,6.7,0.1,"2016-03-22T13:41Z","SERC.2016.12",,,"drag",160,"N",0,0,0,"No known compromise","NEON.DOC.014045vG","p8WKbOBZs5/CRPjq/1HrITk8Sf0GvCtj","could not find magnet at NW and SW corners"
