uid,namedLocation,domainID,siteID,plotID,plotType,nlcdClass,decimalLatitude,decimalLongitude,geodeticDatum,coordinateUncertainty,elevation,elevationUncertainty,collectDate,eventID,sampleID,sampleCode,samplingMethod,totalSampledArea,targetTaxaPresent,adultCount,nymphCount,larvaCount,sampleCondition,samplingProtocolVersion,measuredBy,remarks
"2232280a-83d8-4edc-a28c-8814baa85744","SCBI_039.tickPlot.tck","D02","SCBI","SCBI_039","distributed","pastureHay",38.896433,-78.166542,"WGS84",20.1,330.8,0.1,"2018-03-26T14:43Z","SCBI.2018.13",,,"drag",154,"N",0,0,0,,"NEON.DOC.014045vJ","M7EpIfYzzITs8Y5PIRNBZjG1wPJDljoZp5tr4GwKmKc=",
"2d7183dc-579f-4862-ae98-dbf8d124542d","SCBI_006.tickPlot.tck","D02","SCBI","SCBI_006","distributed","pastureHay",38.897080,-78.150277,"WGS84",20.1,277.1,0.1,"2018-03-26T15:37Z","SCBI.2018.13",,,"drag",164,"N",0,0,0,,"NEON.DOC.014045vJ","lOFT5ZtrvaiJ4T7EyG7l/vya5+OrTmTB+xSkSf9bCqk=",
"be6d1613-33ab-4640-8b92-a16c4af633bf","SCBI_013.tickPlot.tck","D02","SCBI","SCBI_013","distributed","deciduousForest",38.873041,-78.163313,"WGS84",20.2,361.3,0.3,"2018-03-30T12:52Z","SCBI.2018.13","SCBI_013.20180330","A00000003268","drag",163,"Y",0,1,0,"No known compromise","NEON.DOC.014045vJ","y91HGrHLk0lZr/DPX16cTMD5ZLTOKHZ4wAmahG5mA10=",
"073b1432-e4ef-45c0-9f37-fcb6a5a4b566","SCBI_002.tickPlot.tck","D02","SCBI","SCBI_002","distributed","deciduousForest",38.893863,-78.142704,"WGS84",20.2,327.7,0.2,"2018-03-30T12:57Z","SCBI.2018.13",,,"drag",160,"N",0,0,0,,"NEON.DOC.014045vJ","ciinOn2RW7IuiYFzws3I7RiE3SCYtfO0vt+xtLe1Bko=",
"b5e42455-d2fb-4215-a2b1-d36b03a504c4","SCBI_005.tickPlot.tck","D02","SCBI","SCBI_005","distributed","deciduousForest",38.901859,-78.161940,"WGS84",20.2,263.6,0.3,"2018-03-30T14:16Z","SCBI.2018.13","SCBI_005.20180330","A00000003287","drag",153,"Y",0,0,1,"No known compromise","NEON.DOC.014045vJ","M7EpIfYzzITs8Y5PIRNBZjG1wPJDljoZp5tr4GwKmKc=",
"93965d08-0df6-4edc-b0a3-95baa61fa03b","SCBI_007.tickPlot.tck","D02","SCBI","SCBI_007","distributed","deciduousForest",38.886013,-78.129365,"WGS84",20.2,428.3,0.2,"2018-03-30T14:44Z","SCBI.2018.13",,,"drag",113,"N",0,0,0,,"NEON.DOC.014045vJ","cJDN8FQ+G8BHe8OkvD5PMz1h/kcM7qXCzeFqTpXsSj4=","NW and SE PVC pipes down. Distances estimated."
