uid,namedLocation,date,domainID,siteID,plotID,plotType,nlcdClass,decimalLatitude,decimalLongitude,geodeticDatum,coordinateUncertainty,easting,northing,utmZone,elevation,elevationUncertainty,eventID,samplingProtocolVersion,treesPresent,treesAbsentList,shrubsPresent,shrubsAbsentList,lianasPresent,lianasAbsentList,nestedSubplotAreaShrubSapling,nestedSubplotAreaLiana,totalSampledAreaTrees,totalSampledAreaShrubSapling,totalSampledAreaLiana,remarks,measuredBy,recordedBy,dataQF
"f9700f88-93e7-4c44-99d0-d7ea29d364fe","CPER_013.basePlot.vst","2014-09-10","D10","CPER","CPER_013","distributed","grasslandHerbaceous",40.821979,-104.712840,"WGS84",20.1,524215.47,4519035.02,"13N",1623.6,0.1,"vst_CPER_2014","NEON.DOC.000987vD",,,,,,,"noneSelected","noneSelected",400,400,400,"No qualifying stems for Liana","2coQEYj5B4jyZLqI8rh4cw==",,"legacyData"
"78d1c29f-0f3b-4416-baa5-5bdc7754e1ed","CPER_013.basePlot.vst","2014-09-10","D10","CPER","CPER_013","distributed","grasslandHerbaceous",40.821979,-104.712840,"WGS84",20.1,524215.47,4519035.02,"13N",1623.6,0.1,"vst_CPER_2014","NEON.DOC.000987vD",,,,,,,"noneSelected","noneSelected",400,400,400,"No qualifying stems for Liana","2coQEYj5B4jyZLqI8rh4cw==",,"legacyData"
"6b1b6e9c-53aa-4ce0-adc9-5399bc20682b","CPER_056.basePlot.vst","2014-09-11","D10","CPER","CPER_056","tower","grasslandHerbaceous",40.816756,-104.748161,"WGS84",10.1,521238.61,4518446.07,"13N",1652.1,0.1,"vst_CPER_2014","NEON.DOC.000987vD",,,,,,,"noneSelected","noneSelected",400,400,400,"No qualifying stems for ShrubSapling or Liana","2coQEYj5B4jyZLqI8rh4cw==",,"legacyData"
"bdb04db7-54e2-4dc6-96cb-f747ccf06e1a","CPER_059.basePlot.vst","2014-09-11","D10","CPER","CPER_059","tower","grasslandHerbaceous",40.817554,-104.748855,"WGS84",10.1,521179.82,4518534.49,"13N",1651.3,0.1,"vst_CPER_2014","NEON.DOC.000987vD",,,,,,,"noneSelected","noneSelected",400,400,400,"No qualifying stems for ShrubSapling or Liana","2coQEYj5B4jyZLqI8rh4cw==",,"legacyData"
"e8925483-90b3-483b-bae3-834e0e35d6e9","CPER_004.basePlot.vst","2014-09-11","D10","CPER","CPER_004","distributed","grasslandHerbaceous",40.812750,-104.696873,"WGS84",20.1,525565.47,4518015.08,"13N",1622.7,0.1,"vst_CPER_2014","NEON.DOC.000987vD",,,,,,,"noneSelected","noneSelected",400,400,400,"No qualifying stems for lianas","2coQEYj5B4jyZLqI8rh4cw==",,"legacyData"
"04d72a4e-e32a-4273-8a87-cb61e319d178","CPER_066.basePlot.vst","2014-09-11","D10","CPER","CPER_066","tower","grasslandHerbaceous",40.816751,-104.749576,"WGS84",10.1,521119.27,4518445.18,"13N",1651.2,0.1,"vst_CPER_2014","NEON.DOC.000987vD",,,,,,,"noneSelected","noneSelected",400,400,400,"No qualifying stems for ShrubSapling or Liana","2coQEYj5B4jyZLqI8rh4cw==",,"legacyData"
"97df46c3-c5ad-491c-8133-171e9144912b","CPER_062.basePlot.vst","2014-09-11","D10","CPER","CPER_062","tower","grasslandHerbaceous",40.817267,-104.747786,"WGS84",10.1,521270.07,4518502.89,"13N",1651.7,0.1,"vst_CPER_2014","NEON.DOC.000987vD",,,,,,,"noneSelected","noneSelected",400,400,400,"No qualifying stems for ShrubSapling or Liana","2coQEYj5B4jyZLqI8rh4cw==",,"legacyData"
"c33a84c1-4616-4100-94cc-a62df443e0b4","CPER_059.basePlot.vst","2014-09-11","D10","CPER","CPER_059","tower","grasslandHerbaceous",40.817554,-104.748855,"WGS84",10.1,521179.82,4518534.49,"13N",1651.3,0.1,"vst_CPER_2014","NEON.DOC.000987vD",,,,,,,"noneSelected","noneSelected",400,400,400,"No qualifying stems for ShrubSapling or Liana","2coQEYj5B4jyZLqI8rh4cw==",,"legacyData"
"28f5908a-b9be-4235-952f-0da61400736c","CPER_062.basePlot.vst","2014-09-11","D10","CPER","CPER_062","tower","grasslandHerbaceous",40.817267,-104.747786,"WGS84",10.1,521270.07,4518502.89,"13N",1651.7,0.1,"vst_CPER_2014","NEON.DOC.000987vD",,,,,,,"noneSelected","noneSelected",400,400,400,"No qualifying stems for ShrubSapling or Liana","2coQEYj5B4jyZLqI8rh4cw==",,"legacyData"
"0053fbfe-42b8-4090-bb52-4d744e69e84a","CPER_004.basePlot.vst","2014-09-11","D10","CPER","CPER_004","distributed","grasslandHerbaceous",40.812750,-104.696873,"WGS84",20.1,525565.47,4518015.08,"13N",1622.7,0.1,"vst_CPER_2014","NEON.DOC.000987vD",,,,,,,"noneSelected","noneSelected",400,400,400,"No qualifying stems for lianas","2coQEYj5B4jyZLqI8rh4cw==",,"legacyData"
"c03d6b8d-b230-4fa2-99c3-0db6778d5aa0","CPER_066.basePlot.vst","2014-09-11","D10","CPER","CPER_066","tower","grasslandHerbaceous",40.816751,-104.749576,"WGS84",10.1,521119.27,4518445.18,"13N",1651.2,0.1,"vst_CPER_2014","NEON.DOC.000987vD",,,,,,,"noneSelected","noneSelected",400,400,400,"No qualifying stems for ShrubSapling or Liana","2coQEYj5B4jyZLqI8rh4cw==",,"legacyData"
"03bf87e3-bb79-41d8-ad2d-61265617846e","CPER_056.basePlot.vst","2014-09-11","D10","CPER","CPER_056","tower","grasslandHerbaceous",40.816756,-104.748161,"WGS84",10.1,521238.61,4518446.07,"13N",1652.1,0.1,"vst_CPER_2014","NEON.DOC.000987vD",,,,,,,"noneSelected","noneSelected",400,400,400,"No qualifying stems for ShrubSapling or Liana","2coQEYj5B4jyZLqI8rh4cw==",,"legacyData"
"a36afdbe-02c8-4492-bc64-542ae44486ec","CPER_010.basePlot.vst","2014-09-15","D10","CPER","CPER_010","distributed","grasslandHerbaceous",40.850010,-104.681398,"WGS84",20.1,526855.59,4522155.81,"13N",1646.2,0.1,"vst_CPER_2014","NEON.DOC.000987vD",,,,,,,"noneSelected","noneSelected",400,400,400,"No qualifying stems for Liana","2coQEYj5B4jyZLqI8rh4cw==",,"legacyData"
"99fea5b2-c3a5-4f27-9289-26af795e7a2e","CPER_002.basePlot.vst","2014-09-15","D10","CPER","CPER_002","distributed","grasslandHerbaceous",40.810934,-104.729248,"WGS84",20.1,522835.61,4517804.55,"13N",1651.1,0.1,"vst_CPER_2014","NEON.DOC.000987vD",,,,,,,"noneSelected","noneSelected",400,400,400,"No qualifying stems for ShrubSapling or Liana","2coQEYj5B4jyZLqI8rh4cw==",,"legacyData"
"9616edb2-7d8d-40c5-836b-afc43958b35d","CPER_018.basePlot.vst","2014-09-15","D10","CPER","CPER_018","distributed","grasslandHerbaceous",40.825715,-104.695047,"WGS84",20.1,525714.47,4519454.81,"13N",1627.7,0.1,"vst_CPER_2014","NEON.DOC.000987vD",,,,,,,"noneSelected","noneSelected",400,400,400,"No qualifying stems for ShrubSapling or Liana","2coQEYj5B4jyZLqI8rh4cw==",,"legacyData"
"77b3035b-d926-4a1b-96db-4255df799b61","CPER_017.basePlot.vst","2014-09-15","D10","CPER","CPER_017","distributed","grasslandHerbaceous",40.856261,-104.691691,"WGS84",20.1,525985.53,4522846.60,"13N",1640.4,0.1,"vst_CPER_2014","NEON.DOC.000987vD",,,,,,,"noneSelected","noneSelected",400,400,400,"No qualifying stems for Liana or Other","2coQEYj5B4jyZLqI8rh4cw==",,"legacyData"
"fd0a9dc8-e784-45db-8361-db3c950aa527","CPER_018.basePlot.vst","2014-09-15","D10","CPER","CPER_018","distributed","grasslandHerbaceous",40.825715,-104.695047,"WGS84",20.1,525714.47,4519454.81,"13N",1627.7,0.1,"vst_CPER_2014","NEON.DOC.000987vD",,,,,,,"noneSelected","noneSelected",400,400,400,"No qualifying stems for ShrubSapling or Liana","2coQEYj5B4jyZLqI8rh4cw==",,"legacyData"
"16ec77cf-fccd-4328-b989-b7fbc6361264","CPER_010.basePlot.vst","2014-09-15","D10","CPER","CPER_010","distributed","grasslandHerbaceous",40.850010,-104.681398,"WGS84",20.1,526855.59,4522155.81,"13N",1646.2,0.1,"vst_CPER_2014","NEON.DOC.000987vD",,,,,,,"noneSelected","noneSelected",400,400,400,"No qualifying stems for Liana","2coQEYj5B4jyZLqI8rh4cw==",,"legacyData"
"ed43bbb1-2672-4a84-9a82-c567359092dc","CPER_017.basePlot.vst","2014-09-15","D10","CPER","CPER_017","distributed","grasslandHerbaceous",40.856261,-104.691691,"WGS84",20.1,525985.53,4522846.60,"13N",1640.4,0.1,"vst_CPER_2014","NEON.DOC.000987vD",,,,,,,"noneSelected","noneSelected",400,400,400,"No qualifying stems for Liana or Other","2coQEYj5B4jyZLqI8rh4cw==",,"legacyData"
"c71ef33b-4ae5-4f01-adc4-6527cdafef8f","CPER_002.basePlot.vst","2014-09-15","D10","CPER","CPER_002","distributed","grasslandHerbaceous",40.810934,-104.729248,"WGS84",20.1,522835.61,4517804.55,"13N",1651.1,0.1,"vst_CPER_2014","NEON.DOC.000987vD",,,,,,,"noneSelected","noneSelected",400,400,400,"No qualifying stems for ShrubSapling or Liana","2coQEYj5B4jyZLqI8rh4cw==",,"legacyData"
"07804601-c49f-4762-98ef-b520a57b7bf8","CPER_051.basePlot.vst","2014-09-16","D10","CPER","CPER_051","tower","grasslandHerbaceous",40.818106,-104.748495,"WGS84",10.1,521210.01,4518595.85,"13N",1651.4,0.2,"vst_CPER_2014","NEON.DOC.000987vD",,,,,,,"noneSelected","noneSelected",400,400,400,"No qualifying stems for ShrubSapling or Liana","2coQEYj5B4jyZLqI8rh4cw==",,"legacyData"
"5adaa86e-a15e-43d2-b537-451eda6ea0e8","CPER_054.basePlot.vst","2014-09-16","D10","CPER","CPER_054","tower","grasslandHerbaceous",40.818898,-104.748127,"WGS84",10.1,521240.79,4518683.86,"13N",1651.8,0.1,"vst_CPER_2014","NEON.DOC.000987vD",,,,,,,"noneSelected","noneSelected",400,400,400,"No qualifying stems for ShrubSapling or Liana","2coQEYj5B4jyZLqI8rh4cw==",,"legacyData"
"b0b67b59-c851-4392-bdd6-ca08213e7523","CPER_007.basePlot.vst","2014-09-16","D10","CPER","CPER_007","distributed","grasslandHerbaceous",40.861915,-104.683832,"WGS84",20.1,526645.65,4523476.60,"13N",1646.7,0.1,"vst_CPER_2014","NEON.DOC.000987vD",,,,,,,"noneSelected","noneSelected",400,400,400,"No qualifying stems for Liana","2coQEYj5B4jyZLqI8rh4cw==",,"legacyData"
"2674c159-233d-464e-9789-d3a8f45f33ca","CPER_063.basePlot.vst","2014-09-16","D10","CPER","CPER_063","tower","grasslandHerbaceous",40.818369,-104.747802,"WGS84",10.1,521268.37,4518625.21,"13N",1651.2,0.1,"vst_CPER_2014","NEON.DOC.000987vD",,,,,,,"noneSelected","noneSelected",400,400,400,"No qualifying stems for ShrubSapling or Liana","2coQEYj5B4jyZLqI8rh4cw==",,"legacyData"
"7dc2f9b7-1997-45c3-a938-fa2553af95a6","CPER_063.basePlot.vst","2014-09-16","D10","CPER","CPER_063","tower","grasslandHerbaceous",40.818369,-104.747802,"WGS84",10.1,521268.37,4518625.21,"13N",1651.2,0.1,"vst_CPER_2014","NEON.DOC.000987vD",,,,,,,"noneSelected","noneSelected",400,400,400,"No qualifying stems for ShrubSapling or Liana","2coQEYj5B4jyZLqI8rh4cw==",,"legacyData"
"283b8245-5fd5-4c7c-bb61-89962aead1d6","CPER_054.basePlot.vst","2014-09-16","D10","CPER","CPER_054","tower","grasslandHerbaceous",40.818898,-104.748127,"WGS84",10.1,521240.79,4518683.86,"13N",1651.8,0.1,"vst_CPER_2014","NEON.DOC.000987vD",,,,,,,"noneSelected","noneSelected",400,400,400,"No qualifying stems for ShrubSapling or Liana","2coQEYj5B4jyZLqI8rh4cw==",,"legacyData"
"a79a1c02-a786-47fc-b810-ed992b5d768d","CPER_007.basePlot.vst","2014-09-16","D10","CPER","CPER_007","distributed","grasslandHerbaceous",40.861915,-104.683832,"WGS84",20.1,526645.65,4523476.60,"13N",1646.7,0.1,"vst_CPER_2014","NEON.DOC.000987vD",,,,,,,"noneSelected","noneSelected",400,400,400,"No qualifying stems for Liana","2coQEYj5B4jyZLqI8rh4cw==",,"legacyData"
"8e99c9e1-2f71-4824-8342-8faef3f2e6b5","CPER_051.basePlot.vst","2014-09-16","D10","CPER","CPER_051","tower","grasslandHerbaceous",40.818106,-104.748495,"WGS84",10.1,521210.01,4518595.85,"13N",1651.4,0.2,"vst_CPER_2014","NEON.DOC.000987vD",,,,,,,"noneSelected","noneSelected",400,400,400,"No qualifying stems for ShrubSapling or Liana","2coQEYj5B4jyZLqI8rh4cw==",,"legacyData"
"eb6866a0-f289-442f-a908-9878f488851b","CPER_009.basePlot.vst","2014-09-17","D10","CPER","CPER_009","distributed","grasslandHerbaceous",40.826120,-104.745903,"WGS84",20.1,521426.02,4519486.09,"13N",1656.6,0.1,"vst_CPER_2014","NEON.DOC.000987vD",,,,,,,"noneSelected","noneSelected",400,400,400,"No qualifying stems for ShrubSapling or Liana","2coQEYj5B4jyZLqI8rh4cw==",,"legacyData"
"b456d045-0ac2-4c8d-b3b3-6e3f6c10709a","CPER_012.basePlot.vst","2014-09-17","D10","CPER","CPER_012","distributed","grasslandHerbaceous",40.802126,-104.771251,"WGS84",20.1,519295.57,4516816.72,"13N",1644.6,0.1,"vst_CPER_2014","NEON.DOC.000987vD",,,,,,,"noneSelected","noneSelected",400,400,400,"No qualifying stems for ShrubSapling or Liana or Other","2coQEYj5B4jyZLqI8rh4cw==",,"legacyData"
"49cb2816-8017-42c9-be66-baf8b0759136","CPER_016.basePlot.vst","2014-09-17","D10","CPER","CPER_016","distributed","grasslandHerbaceous",40.804501,-104.756306,"WGS84",20.1,520555.49,4517083.75,"13N",1640.3,0.1,"vst_CPER_2014","NEON.DOC.000987vD",,,,,,,"noneSelected","noneSelected",400,400,400,"No qualifying stems for ShrubSapling or Liana","2coQEYj5B4jyZLqI8rh4cw==",,"legacyData"
"dd959b86-84a6-42fe-b86e-8e1bafb6fe55","CPER_008.basePlot.vst","2014-09-17","D10","CPER","CPER_008","distributed","grasslandHerbaceous",40.798822,-104.749212,"WGS84",20.1,521155.66,4516455.04,"13N",1644.8,0.1,"vst_CPER_2014","NEON.DOC.000987vD",,,,,,,"noneSelected","noneSelected",400,400,400,"No qualifying stems for ShrubSapling or Liana","2coQEYj5B4jyZLqI8rh4cw==",,"legacyData"
"71ad6a04-922f-4273-ae3c-d8239513cf70","CPER_006.basePlot.vst","2014-09-17","D10","CPER","CPER_006","distributed","grasslandHerbaceous",40.814769,-104.748078,"WGS84",20.1,521246.24,4518225.52,"13N",1650.0,0.1,"vst_CPER_2014","NEON.DOC.000987vD",,,,,,,"noneSelected","noneSelected",400,400,400,"No qualifying stems for ShrubSapling or Liana","2coQEYj5B4jyZLqI8rh4cw==",,"legacyData"
"64decb42-e0ed-4786-8b84-1360e7d8b420","CPER_019.basePlot.vst","2014-09-17","D10","CPER","CPER_019","distributed","grasslandHerbaceous",40.824819,-104.785759,"WGS84",20.1,518065.62,4519332.69,"13N",1666.0,0.1,"vst_CPER_2014","NEON.DOC.000987vD",,,,,,,"noneSelected","noneSelected",400,400,400,"No qualifying stems for ShrubSapling or Liana","2coQEYj5B4jyZLqI8rh4cw==",,"legacyData"
"aff534d3-79b9-465c-8c50-f7ccb425de50","CPER_012.basePlot.vst","2014-09-17","D10","CPER","CPER_012","distributed","grasslandHerbaceous",40.802126,-104.771251,"WGS84",20.1,519295.57,4516816.72,"13N",1644.6,0.1,"vst_CPER_2014","NEON.DOC.000987vD",,,,,,,"noneSelected","noneSelected",400,400,400,"No qualifying stems for ShrubSapling or Liana or Other","2coQEYj5B4jyZLqI8rh4cw==",,"legacyData"
"94936aea-5521-493d-b996-a6c9ca06807b","CPER_019.basePlot.vst","2014-09-17","D10","CPER","CPER_019","distributed","grasslandHerbaceous",40.824819,-104.785759,"WGS84",20.1,518065.62,4519332.69,"13N",1666.0,0.1,"vst_CPER_2014","NEON.DOC.000987vD",,,,,,,"noneSelected","noneSelected",400,400,400,"No qualifying stems for ShrubSapling or Liana","2coQEYj5B4jyZLqI8rh4cw==",,"legacyData"
"fbf271c3-dfb9-40a6-afc9-ef180410ec25","CPER_008.basePlot.vst","2014-09-17","D10","CPER","CPER_008","distributed","grasslandHerbaceous",40.798822,-104.749212,"WGS84",20.1,521155.66,4516455.04,"13N",1644.8,0.1,"vst_CPER_2014","NEON.DOC.000987vD",,,,,,,"noneSelected","noneSelected",400,400,400,"No qualifying stems for ShrubSapling or Liana","2coQEYj5B4jyZLqI8rh4cw==",,"legacyData"
"d0b4f350-fbae-4b3c-9fed-61a301c251b8","CPER_006.basePlot.vst","2014-09-17","D10","CPER","CPER_006","distributed","grasslandHerbaceous",40.814769,-104.748078,"WGS84",20.1,521246.24,4518225.52,"13N",1650.0,0.1,"vst_CPER_2014","NEON.DOC.000987vD",,,,,,,"noneSelected","noneSelected",400,400,400,"No qualifying stems for ShrubSapling or Liana","2coQEYj5B4jyZLqI8rh4cw==",,"legacyData"
"7d5c4d1a-c64b-4376-99e4-45b14b6f6711","CPER_009.basePlot.vst","2014-09-17","D10","CPER","CPER_009","distributed","grasslandHerbaceous",40.826120,-104.745903,"WGS84",20.1,521426.02,4519486.09,"13N",1656.6,0.1,"vst_CPER_2014","NEON.DOC.000987vD",,,,,,,"noneSelected","noneSelected",400,400,400,"No qualifying stems for ShrubSapling or Liana","2coQEYj5B4jyZLqI8rh4cw==",,"legacyData"
"27ef5c84-5ccb-4e56-a5a3-4acf315838bf","CPER_016.basePlot.vst","2014-09-17","D10","CPER","CPER_016","distributed","grasslandHerbaceous",40.804501,-104.756306,"WGS84",20.1,520555.49,4517083.75,"13N",1640.3,0.1,"vst_CPER_2014","NEON.DOC.000987vD",,,,,,,"noneSelected","noneSelected",400,400,400,"No qualifying stems for ShrubSapling or Liana","2coQEYj5B4jyZLqI8rh4cw==",,"legacyData"
"97b322bf-c071-4cdf-9cbc-5a36e391db6a","CPER_020.basePlot.vst","2014-09-18","D10","CPER","CPER_020","distributed","grasslandHerbaceous",40.785746,-104.707657,"WGS84",20.1,524665.95,4515014.39,"13N",1604.3,0.1,"vst_CPER_2014","NEON.DOC.000987vD",,,,,,,"noneSelected","noneSelected",400,400,400,"No qualifying stems for lianas","2coQEYj5B4jyZLqI8rh4cw==",,"legacyData"
"44c7ce80-2334-4633-90d9-88dd5a97f203","CPER_020.basePlot.vst","2014-09-18","D10","CPER","CPER_020","distributed","grasslandHerbaceous",40.785746,-104.707657,"WGS84",20.1,524665.95,4515014.39,"13N",1604.3,0.1,"vst_CPER_2014","NEON.DOC.000987vD",,,,,,,"noneSelected","noneSelected",400,400,400,"No qualifying stems for lianas","2coQEYj5B4jyZLqI8rh4cw==",,"legacyData"
"64e08b82-61ff-4c09-a3f1-6809c13173b1","CPER_001.basePlot.vst","2014-09-18","D10","CPER","CPER_001","distributed","grasslandHerbaceous",40.850866,-104.699535,"WGS84",20.1,525326.45,4522245.42,"13N",1637.9,0.1,"vst_CPER_2014","NEON.DOC.000987vD",,,,,,,"noneSelected","noneSelected",400,400,400,"No qualifying stems for Liana","2coQEYj5B4jyZLqI8rh4cw==",,"legacyData"
"b6df1458-caa9-4102-a397-4214f5299560","CPER_001.basePlot.vst","2014-09-18","D10","CPER","CPER_001","distributed","grasslandHerbaceous",40.850866,-104.699535,"WGS84",20.1,525326.45,4522245.42,"13N",1637.9,0.1,"vst_CPER_2014","NEON.DOC.000987vD",,,,,,,"noneSelected","noneSelected",400,400,400,"No qualifying stems for Liana","2coQEYj5B4jyZLqI8rh4cw==",,"legacyData"
"6346bc86-fb4a-4f28-acf2-6a547e65225a","CPER_058.basePlot.vst","2014-09-29","D10","CPER","CPER_058","tower","grasslandHerbaceous",40.820271,-104.745646,"WGS84",10.1,521449.57,4518836.87,"13N",1647.0,0.1,"vst_CPER_2014","NEON.DOC.000987vD",,,,,,,"noneSelected","noneSelected",400,400,400,"No qualifying stems for ShrubSapling or Liana","jzZCvziQ3R4SU04xzcWAhQ==",,"legacyData"
"ae8077a7-a169-4d5a-ab7c-c1f364129b25","CPER_048.basePlot.vst","2014-09-29","D10","CPER","CPER_048","tower","grasslandHerbaceous",40.818931,-104.748858,"WGS84",20.1,521179.13,4518687.34,"13N",1652.1,0.1,"vst_CPER_2014","NEON.DOC.000987vD",,,,,,,"noneSelected","noneSelected",400,400,400,"No qualifying stems for ShrubSapling or Liana","jzZCvziQ3R4SU04xzcWAhQ==",,"legacyData"
"af373f1a-b19f-40e3-b152-07b7ee6ee4ff","CPER_048.basePlot.vst","2014-09-29","D10","CPER","CPER_048","tower","grasslandHerbaceous",40.818931,-104.748858,"WGS84",20.1,521179.13,4518687.34,"13N",1652.1,0.1,"vst_CPER_2014","NEON.DOC.000987vD",,,,,,,"noneSelected","noneSelected",400,400,400,"No qualifying stems for ShrubSapling or Liana","jzZCvziQ3R4SU04xzcWAhQ==",,"legacyData"
"a8d74601-fe1b-4b98-a368-5fc05d8ab9b0","CPER_061.basePlot.vst","2014-09-29","D10","CPER","CPER_061","tower","grasslandHerbaceous",40.818121,-104.750648,"WGS84",10.1,521028.44,4518597.00,"13N",1652.8,0.1,"vst_CPER_2014","NEON.DOC.000987vD",,,,,,,"noneSelected","noneSelected",400,400,400,"No qualifying stems for Liana","jzZCvziQ3R4SU04xzcWAhQ==",,"legacyData"
"f19d4f83-914f-4948-a88d-e3c9898dc4ac","CPER_045.basePlot.vst","2014-09-29","D10","CPER","CPER_045","tower","grasslandHerbaceous",40.817292,-104.750288,"WGS84",20.1,521059.06,4518505.06,"13N",1652.0,0.1,"vst_CPER_2014","NEON.DOC.000987vD",,,,,,,"noneSelected","noneSelected",400,400,400,"No qualifying stems for ShrubSapling or Liana","jzZCvziQ3R4SU04xzcWAhQ==",,"legacyData"
"f0c43c45-25d0-47f0-8e14-3d9855d314fd","CPER_053.basePlot.vst","2014-09-29","D10","CPER","CPER_053","tower","grasslandHerbaceous",40.817842,-104.749919,"WGS84",10.1,521090.00,4518566.20,"13N",1651.5,0.1,"vst_CPER_2014","NEON.DOC.000987vD",,,,,,,"noneSelected","noneSelected",400,400,400,"No qualifying stems for ShrubSapling or Liana","XLmkVg34pb/7eMi4Q3dEfA==",,"legacyData"
"b82c0bf3-cc1b-4b27-9387-4d94c718c51c","CPER_058.basePlot.vst","2014-09-29","D10","CPER","CPER_058","tower","grasslandHerbaceous",40.820271,-104.745646,"WGS84",10.1,521449.57,4518836.87,"13N",1647.0,0.1,"vst_CPER_2014","NEON.DOC.000987vD",,,,,,,"noneSelected","noneSelected",400,400,400,"No qualifying stems for ShrubSapling or Liana","jzZCvziQ3R4SU04xzcWAhQ==",,"legacyData"
"62fc479a-6e26-49b1-8929-523e65731cfa","CPER_074.basePlot.vst","2014-09-29","D10","CPER","CPER_074","tower","grasslandHerbaceous",40.820001,-104.746711,"WGS84",10.1,521359.85,4518806.64,"13N",1646.1,0.1,"vst_CPER_2014","NEON.DOC.000987vD",,,,,,,"noneSelected","noneSelected",400,400,400,"No qualifying stems for ShrubSapling or Liana","jzZCvziQ3R4SU04xzcWAhQ==",,"legacyData"
"57c34014-c505-423e-bf3b-b3cf78af3c32","CPER_061.basePlot.vst","2014-09-29","D10","CPER","CPER_061","tower","grasslandHerbaceous",40.818121,-104.750648,"WGS84",10.1,521028.44,4518597.00,"13N",1652.8,0.1,"vst_CPER_2014","NEON.DOC.000987vD",,,,,,,"noneSelected","noneSelected",400,400,400,"No qualifying stems for Liana","jzZCvziQ3R4SU04xzcWAhQ==",,"legacyData"
"48dbc146-0fe5-442c-b7d8-03768c93b660","CPER_069.basePlot.vst","2014-09-29","D10","CPER","CPER_069","tower","grasslandHerbaceous",40.818644,-104.749581,"WGS84",10.1,521118.25,4518655.31,"13N",1652.8,0.1,"vst_CPER_2014","NEON.DOC.000987vD",,,,,,,"noneSelected","noneSelected",400,400,400,"No qualifying stems for ShrubSapling or Liana","jzZCvziQ3R4SU04xzcWAhQ==",,"legacyData"
"f2367498-62a9-4ad9-8d97-5658f1f96a3f","CPER_071.basePlot.vst","2014-09-29","D10","CPER","CPER_071","tower","grasslandHerbaceous",40.819728,-104.745640,"WGS84",10.1,521450.25,4518776.60,"13N",1645.2,0.1,"vst_CPER_2014","NEON.DOC.000987vD",,,,,,,"noneSelected","noneSelected",400,400,400,"No qualifying stems for ShrubSapling or Liana","jzZCvziQ3R4SU04xzcWAhQ==",,"legacyData"
"421861b8-f609-46c5-aa29-ae35d0808843","CPER_069.basePlot.vst","2014-09-29","D10","CPER","CPER_069","tower","grasslandHerbaceous",40.818644,-104.749581,"WGS84",10.1,521118.25,4518655.31,"13N",1652.8,0.1,"vst_CPER_2014","NEON.DOC.000987vD",,,,,,,"noneSelected","noneSelected",400,400,400,"No qualifying stems for ShrubSapling or Liana","jzZCvziQ3R4SU04xzcWAhQ==",,"legacyData"
"8ee3c859-eec0-42a1-be71-d8db480e141f","CPER_053.basePlot.vst","2014-09-29","D10","CPER","CPER_053","tower","grasslandHerbaceous",40.817842,-104.749919,"WGS84",10.1,521090.00,4518566.20,"13N",1651.5,0.1,"vst_CPER_2014","NEON.DOC.000987vD",,,,,,,"noneSelected","noneSelected",400,400,400,"No qualifying stems for ShrubSapling or Liana","XLmkVg34pb/7eMi4Q3dEfA==",,"legacyData"
"f6ed68a9-f5a2-4205-81cd-c2c6c15f1bf2","CPER_045.basePlot.vst","2014-09-29","D10","CPER","CPER_045","tower","grasslandHerbaceous",40.817292,-104.750288,"WGS84",20.1,521059.06,4518505.06,"13N",1652.0,0.1,"vst_CPER_2014","NEON.DOC.000987vD",,,,,,,"noneSelected","noneSelected",400,400,400,"No qualifying stems for ShrubSapling or Liana","jzZCvziQ3R4SU04xzcWAhQ==",,"legacyData"
"0e49f18f-1153-45bf-a5fc-fbaad6e37644","CPER_071.basePlot.vst","2014-09-29","D10","CPER","CPER_071","tower","grasslandHerbaceous",40.819728,-104.745640,"WGS84",10.1,521450.25,4518776.60,"13N",1645.2,0.1,"vst_CPER_2014","NEON.DOC.000987vD",,,,,,,"noneSelected","noneSelected",400,400,400,"No qualifying stems for ShrubSapling or Liana","jzZCvziQ3R4SU04xzcWAhQ==",,"legacyData"
"24a52be7-9bc7-45d1-ad3f-6a7ed23ad138","CPER_074.basePlot.vst","2014-09-29","D10","CPER","CPER_074","tower","grasslandHerbaceous",40.820001,-104.746711,"WGS84",10.1,521359.85,4518806.64,"13N",1646.1,0.1,"vst_CPER_2014","NEON.DOC.000987vD",,,,,,,"noneSelected","noneSelected",400,400,400,"No qualifying stems for ShrubSapling or Liana","jzZCvziQ3R4SU04xzcWAhQ==",,"legacyData"
"07ced700-8ec6-43c1-9d56-f8b3e4c7f249","CPER_060.basePlot.vst","2014-09-30","D10","CPER","CPER_060","tower","grasslandHerbaceous",40.817273,-104.746358,"WGS84",10.1,521390.49,4518503.90,"13N",1653.0,0.1,"vst_CPER_2014","NEON.DOC.000987vD",,,,,,,"noneSelected","noneSelected",400,400,400,"No qualifying stems for ShrubSapling or Liana","2coQEYj5B4jyZLqI8rh4cw==",,"legacyData"
"3dd15d8f-1a0f-4320-8a2b-8a2e45dff89e","CPER_047.basePlot.vst","2014-09-30","D10","CPER","CPER_047","tower","grasslandHerbaceous",40.818371,-104.746715,"WGS84",20.1,521360.03,4518625.70,"13N",1649.3,0.1,"vst_CPER_2014","NEON.DOC.000987vD",,,,,,,"noneSelected","noneSelected",400,400,400,"No qualifying stems for ShrubSapling or Liana","2coQEYj5B4jyZLqI8rh4cw==",,"legacyData"
"c7cdcdf1-0ae0-419e-be83-144474a14a8a","CPER_064.basePlot.vst","2014-09-30","D10","CPER","CPER_064","tower","grasslandHerbaceous",40.818358,-104.745994,"WGS84",10.1,521420.84,4518624.43,"13N",1648.5,0.1,"vst_CPER_2014","NEON.DOC.000987vD",,,,,,,"noneSelected","noneSelected",400,400,400,"No qualifying stems for ShrubSapling or Liana","2coQEYj5B4jyZLqI8rh4cw==",,"legacyData"
"ee3a21d0-b299-475b-a10e-5df4800a5e34","CPER_065.basePlot.vst","2014-09-30","D10","CPER","CPER_065","tower","grasslandHerbaceous",40.818362,-104.743864,"WGS84",10.1,521600.47,4518625.40,"13N",1645.6,0.1,"vst_CPER_2014","NEON.DOC.000987vD",,,,,,,"noneSelected","noneSelected",400,400,400,"No qualifying stems for ShrubSapling or Liana","2coQEYj5B4jyZLqI8rh4cw==",,"legacyData"
"0e91034a-3fdd-47ce-bed1-cd611f50c914","CPER_073.basePlot.vst","2014-09-30","D10","CPER","CPER_073","tower","grasslandHerbaceous",40.819188,-104.744585,"WGS84",10.1,521539.40,4518716.91,"13N",1644.4,0.1,"vst_CPER_2014","NEON.DOC.000987vD",,,,,,,"noneSelected","noneSelected",400,400,400,"No qualifying stems for ShrubSapling or Liana","2coQEYj5B4jyZLqI8rh4cw==",,"legacyData"
"65965a6c-3e3b-4086-8d2a-ee1090acd8b9","CPER_068.basePlot.vst","2014-09-30","D10","CPER","CPER_068","tower","grasslandHerbaceous",40.819722,-104.744935,"WGS84",10.1,521509.71,4518776.10,"13N",1645.1,0.1,"vst_CPER_2014","NEON.DOC.000987vD",,,,,,,"noneSelected","noneSelected",400,400,400,"No qualifying stems for ShrubSapling or Liana","2coQEYj5B4jyZLqI8rh4cw==",,"legacyData"
"1162a909-7652-4d86-9546-c5c1c90c0dc4","CPER_055.basePlot.vst","2014-09-30","D10","CPER","CPER_055","tower","grasslandHerbaceous",40.819185,-104.745645,"WGS84",10.1,521450.01,4518716.32,"13N",1645.2,0.1,"vst_CPER_2014","NEON.DOC.000987vD",,,,,,,"noneSelected","noneSelected",400,400,400,"No qualifying stems for ShrubSapling or Liana","2coQEYj5B4jyZLqI8rh4cw==",,"legacyData"
"f9e4dafa-21f3-4548-b3ec-b42711c7d6c7","CPER_072.basePlot.vst","2014-09-30","D10","CPER","CPER_072","tower","grasslandHerbaceous",40.817821,-104.746715,"WGS84",10.1,521360.21,4518564.65,"13N",1654.1,0.1,"vst_CPER_2014","NEON.DOC.000987vD",,,,,,,"noneSelected","noneSelected",400,400,400,"No qualifying stems for ShrubSapling or Liana","2coQEYj5B4jyZLqI8rh4cw==",,"legacyData"
"6fef58ae-acf5-45c0-beb8-f90b3e13981c","CPER_055.basePlot.vst","2014-09-30","D10","CPER","CPER_055","tower","grasslandHerbaceous",40.819185,-104.745645,"WGS84",10.1,521450.01,4518716.32,"13N",1645.2,0.1,"vst_CPER_2014","NEON.DOC.000987vD",,,,,,,"noneSelected","noneSelected",400,400,400,"No qualifying stems for ShrubSapling or Liana","2coQEYj5B4jyZLqI8rh4cw==",,"legacyData"
"1efaaebb-69d0-4670-ae3f-b636d5fd65c8","CPER_060.basePlot.vst","2014-09-30","D10","CPER","CPER_060","tower","grasslandHerbaceous",40.817273,-104.746358,"WGS84",10.1,521390.49,4518503.90,"13N",1653.0,0.1,"vst_CPER_2014","NEON.DOC.000987vD",,,,,,,"noneSelected","noneSelected",400,400,400,"No qualifying stems for ShrubSapling or Liana","2coQEYj5B4jyZLqI8rh4cw==",,"legacyData"
"e659878e-5435-4f20-9220-08c342498100","CPER_046.basePlot.vst","2014-09-30","D10","CPER","CPER_046","tower","grasslandHerbaceous",40.817297,-104.747096,"WGS84",20.1,521328.25,4518506.39,"13N",1652.1,0.1,"vst_CPER_2014","NEON.DOC.000987vD",,,,,,,"noneSelected","noneSelected",400,400,400,"No qualifying stems for ShrubSapling or Liana","2coQEYj5B4jyZLqI8rh4cw==",,"legacyData"
"2b150962-fd7b-4736-8687-96b34eac8d94","CPER_073.basePlot.vst","2014-09-30","D10","CPER","CPER_073","tower","grasslandHerbaceous",40.819188,-104.744585,"WGS84",10.1,521539.40,4518716.91,"13N",1644.4,0.1,"vst_CPER_2014","NEON.DOC.000987vD",,,,,,,"noneSelected","noneSelected",400,400,400,"No qualifying stems for ShrubSapling or Liana","2coQEYj5B4jyZLqI8rh4cw==",,"legacyData"
"d8982541-9a21-4f57-8de6-faa38fa1021a","CPER_064.basePlot.vst","2014-09-30","D10","CPER","CPER_064","tower","grasslandHerbaceous",40.818358,-104.745994,"WGS84",10.1,521420.84,4518624.43,"13N",1648.5,0.1,"vst_CPER_2014","NEON.DOC.000987vD",,,,,,,"noneSelected","noneSelected",400,400,400,"No qualifying stems for ShrubSapling or Liana","2coQEYj5B4jyZLqI8rh4cw==",,"legacyData"
"8151d938-55df-4a74-911d-68e6c95a137a","CPER_067.basePlot.vst","2014-09-30","D10","CPER","CPER_067","tower","grasslandHerbaceous",40.818646,-104.745295,"WGS84",10.1,521479.70,4518656.57,"13N",1645.5,0.1,"vst_CPER_2014","NEON.DOC.000987vD",,,,,,,"noneSelected","noneSelected",400,400,400,"No qualifying stems for ShrubSapling or Liana","2coQEYj5B4jyZLqI8rh4cw==",,"legacyData"
"a883f264-8147-4fe5-b71a-dc95709fb851","CPER_050.basePlot.vst","2014-09-30","D10","CPER","CPER_050","tower","grasslandHerbaceous",40.818645,-104.744577,"WGS84",10.1,521540.25,4518656.64,"13N",1645.4,0.1,"vst_CPER_2014","NEON.DOC.000987vD",,,,,,,"noneSelected","noneSelected",400,400,400,"No qualifying stems for ShrubSapling or Liana","2coQEYj5B4jyZLqI8rh4cw==",,"legacyData"
"b78c6f7f-6480-461b-a8e3-a54061bcf8b9","CPER_047.basePlot.vst","2014-09-30","D10","CPER","CPER_047","tower","grasslandHerbaceous",40.818371,-104.746715,"WGS84",20.1,521360.03,4518625.70,"13N",1649.3,0.1,"vst_CPER_2014","NEON.DOC.000987vD",,,,,,,"noneSelected","noneSelected",400,400,400,"No qualifying stems for ShrubSapling or Liana","2coQEYj5B4jyZLqI8rh4cw==",,"legacyData"
"502d8126-9b15-4728-af22-82ba83558eaa","CPER_065.basePlot.vst","2014-09-30","D10","CPER","CPER_065","tower","grasslandHerbaceous",40.818362,-104.743864,"WGS84",10.1,521600.47,4518625.40,"13N",1645.6,0.1,"vst_CPER_2014","NEON.DOC.000987vD",,,,,,,"noneSelected","noneSelected",400,400,400,"No qualifying stems for ShrubSapling or Liana","2coQEYj5B4jyZLqI8rh4cw==",,"legacyData"
"f48307bb-0b3f-4ef0-9d74-a8eca9e3c560","CPER_068.basePlot.vst","2014-09-30","D10","CPER","CPER_068","tower","grasslandHerbaceous",40.819722,-104.744935,"WGS84",10.1,521509.71,4518776.10,"13N",1645.1,0.1,"vst_CPER_2014","NEON.DOC.000987vD",,,,,,,"noneSelected","noneSelected",400,400,400,"No qualifying stems for ShrubSapling or Liana","2coQEYj5B4jyZLqI8rh4cw==",,"legacyData"
"f0558b5b-d9c7-471a-ad65-425eea3893c2","CPER_072.basePlot.vst","2014-09-30","D10","CPER","CPER_072","tower","grasslandHerbaceous",40.817821,-104.746715,"WGS84",10.1,521360.21,4518564.65,"13N",1654.1,0.1,"vst_CPER_2014","NEON.DOC.000987vD",,,,,,,"noneSelected","noneSelected",400,400,400,"No qualifying stems for ShrubSapling or Liana","2coQEYj5B4jyZLqI8rh4cw==",,"legacyData"
"4328e7cc-a509-44c9-b8fe-4824c4530ba6","CPER_050.basePlot.vst","2014-09-30","D10","CPER","CPER_050","tower","grasslandHerbaceous",40.818645,-104.744577,"WGS84",10.1,521540.25,4518656.64,"13N",1645.4,0.1,"vst_CPER_2014","NEON.DOC.000987vD",,,,,,,"noneSelected","noneSelected",400,400,400,"No qualifying stems for ShrubSapling or Liana","2coQEYj5B4jyZLqI8rh4cw==",,"legacyData"
"3cabce4c-7efb-42b4-bcd4-69f43db9919a","CPER_067.basePlot.vst","2014-09-30","D10","CPER","CPER_067","tower","grasslandHerbaceous",40.818646,-104.745295,"WGS84",10.1,521479.70,4518656.57,"13N",1645.5,0.1,"vst_CPER_2014","NEON.DOC.000987vD",,,,,,,"noneSelected","noneSelected",400,400,400,"No qualifying stems for ShrubSapling or Liana","2coQEYj5B4jyZLqI8rh4cw==",,"legacyData"
"e446e2c7-0593-490a-88c7-e43d7b63090c","CPER_046.basePlot.vst","2014-09-30","D10","CPER","CPER_046","tower","grasslandHerbaceous",40.817297,-104.747096,"WGS84",20.1,521328.25,4518506.39,"13N",1652.1,0.1,"vst_CPER_2014","NEON.DOC.000987vD",,,,,,,"noneSelected","noneSelected",400,400,400,"No qualifying stems for ShrubSapling or Liana","2coQEYj5B4jyZLqI8rh4cw==",,"legacyData"
