uid,namedLocation,date,eventID,domainID,siteID,plotID,subplotID,individualID,tagStatus,growthForm,plantStatus,stemDiameter,measurementHeight,height,baseCrownHeight,breakHeight,breakDiameter,maxCrownDiameter,ninetyCrownDiameter,canopyPosition,shape,basalStemDiameter,basalStemDiameterMsrmntHeight,maxBaseCrownDiameter,ninetyBaseCrownDiameter,remarks,recordedBy,measuredBy,dataQF
"f4a3a292-8eed-4aed-bc30-2e1a8dd374f3","CPER_013.basePlot.vst","2014-09-10","vst_CPER_2014","D10","CPER","CPER_013",,"NEON.PLA.D10.CPER.00024",,"small shrub","Live",1.1,10,0.6,,,,1.2,1.0,"Open grown","half-sphere",,,,,,,,"legacyData"
"0f691e42-be43-4f03-b777-abff75e82268","CPER_013.basePlot.vst","2014-09-10","vst_CPER_2014","D10","CPER","CPER_013",,"NEON.PLA.D10.CPER.00021",,"small shrub","Live",2.6,10,0.5,,,,0.6,0.5,"Partially shaded","half-sphere",,,,,,,,"legacyData"
"905d45c2-87f0-45a2-8446-4b52f161a629","CPER_013.basePlot.vst","2014-09-10","vst_CPER_2014","D10","CPER","CPER_013",,"NEON.PLA.D10.CPER.00035",,"small shrub","Standing dead",1.4,10,0.7,,,,1.2,0.4,"Open grown","half-sphere",,,,,,,,"legacyData"
"32402238-dc30-41a6-a8d9-ed0ed1481dce","CPER_013.basePlot.vst","2014-09-10","vst_CPER_2014","D10","CPER","CPER_013",,"NEON.PLA.D10.CPER.00031",,"small shrub","Live",2.2,10,0.4,,,,1.0,0.9,"Open grown","half-sphere",,,,,,,,"legacyData"
"2663ec68-7a7e-4e6b-9883-b54de8ac5a34","CPER_013.basePlot.vst","2014-09-10","vst_CPER_2014","D10","CPER","CPER_013",,"NEON.PLA.D10.CPER.00063",,"small shrub","Live",1.0,10,0.5,,,,1.0,0.4,"Open grown","half-sphere",,,,,,,,"legacyData"
"40cf23af-914e-4bd3-aa55-a912aaadc6ec","CPER_013.basePlot.vst","2014-09-10","vst_CPER_2014","D10","CPER","CPER_013",,"NEON.PLA.D10.CPER.00075",,"small shrub","Live",1.7,10,0.8,,,,1.4,1.2,"Open grown","half-sphere",,,,,,,,"legacyData"
"ce8969dd-1de3-4fc0-ba45-4425cbe49073","CPER_013.basePlot.vst","2014-09-10","vst_CPER_2014","D10","CPER","CPER_013",,"NEON.PLA.D10.CPER.00028",,"small shrub","Live",2.1,10,0.4,,,,0.5,0.5,"Open grown","half-sphere",,,,,,,,"legacyData"
"d5a2fc13-4f30-478f-bbb2-56d6c6949b38","CPER_013.basePlot.vst","2014-09-10","vst_CPER_2014","D10","CPER","CPER_013",,"NEON.PLA.D10.CPER.00023",,"small shrub","Live",2.9,10,0.7,,,,1.1,0.9,"Open grown","half-sphere",,,,,,,,"legacyData"
"2217a935-3fdc-4185-bc9b-2f39cde2e8b1","CPER_013.basePlot.vst","2014-09-10","vst_CPER_2014","D10","CPER","CPER_013",,"NEON.PLA.D10.CPER.00011",,"small shrub","Live",1.2,10,0.3,,,,0.7,0.6,"Open grown","half-sphere",,,,,,,,"legacyData"
"a01202b3-003b-469d-add2-f23c1d4c4b83","CPER_013.basePlot.vst","2014-09-10","vst_CPER_2014","D10","CPER","CPER_013",,"NEON.PLA.D10.CPER.00006",,"small shrub","Live",1.4,10,0.5,,,,0.8,0.6,"Open grown","half-sphere",,,,,,,,"legacyData"
"896eee18-f55a-4e83-a377-a7210e0f70c5","CPER_013.basePlot.vst","2014-09-10","vst_CPER_2014","D10","CPER","CPER_013",,"NEON.PLA.D10.CPER.00059",,"small shrub","Live",1.1,10,0.4,,,,1.0,0.8,"Open grown","half-sphere",,,,,,,,"legacyData"
"7fed3021-b678-4179-a34f-d85b94448c47","CPER_013.basePlot.vst","2014-09-10","vst_CPER_2014","D10","CPER","CPER_013",,"NEON.PLA.D10.CPER.00078",,"small shrub","Live",1.8,10,0.5,,,,0.9,0.7,"Open grown","half-sphere",,,,,,,,"legacyData"
"a1e7faa1-a5e1-42c2-a1c6-dd51bf4ebbbf","CPER_013.basePlot.vst","2014-09-10","vst_CPER_2014","D10","CPER","CPER_013",,"NEON.PLA.D10.CPER.00061",,"small shrub","Live",3.2,10,0.7,,,,1.5,1.4,"Open grown","half-sphere",,,,,,,,"legacyData"
"cbf4683d-ee04-4f39-906a-680ea7632100","CPER_013.basePlot.vst","2014-09-10","vst_CPER_2014","D10","CPER","CPER_013",,"NEON.PLA.D10.CPER.00001",,"small shrub","Live",2.5,10,0.7,,,,0.9,0.9,"Open grown","half-sphere",,,,,,,,"legacyData"
"c8f3828c-ee21-4d05-9192-3d072b1e7756","CPER_013.basePlot.vst","2014-09-10","vst_CPER_2014","D10","CPER","CPER_013",,"NEON.PLA.D10.CPER.00008",,"small shrub","Live",3.9,10,0.5,,,,0.5,0.4,"Partially shaded","half-sphere",,,,,,,,"legacyData"
"d4dec4fb-292b-4f47-87e1-66700702506e","CPER_013.basePlot.vst","2014-09-10","vst_CPER_2014","D10","CPER","CPER_013",,"NEON.PLA.D10.CPER.00033",,"small shrub","Live",1.6,10,0.6,,,,1.4,1.4,"Open grown","half-sphere",,,,,,,,"legacyData"
"5b77ef68-946e-442f-af69-3069c9218888","CPER_013.basePlot.vst","2014-09-10","vst_CPER_2014","D10","CPER","CPER_013",,"NEON.PLA.D10.CPER.00013",,"small shrub","Live",1.3,10,0.5,,,,0.7,0.5,"Open grown","half-sphere",,,,,,,,"legacyData"
"8760cd33-9830-4b52-b969-fc6d3ad47713","CPER_013.basePlot.vst","2014-09-10","vst_CPER_2014","D10","CPER","CPER_013",,"NEON.PLA.D10.CPER.00066",,"small shrub","Live",6.5,10,0.5,,,,1.2,1.1,"Open grown","half-sphere",,,,,,,,"legacyData"
"bc28cca4-186a-48cc-8d39-e4b0f271a258","CPER_013.basePlot.vst","2014-09-10","vst_CPER_2014","D10","CPER","CPER_013",,"NEON.PLA.D10.CPER.00012",,"small shrub","Live",1.9,10,0.4,,,,0.5,0.5,"Open grown","half-sphere",,,,,,,,"legacyData"
"c7f11bc9-e5db-4b48-a2b4-b221bda469f5","CPER_013.basePlot.vst","2014-09-10","vst_CPER_2014","D10","CPER","CPER_013",,"NEON.PLA.D10.CPER.00019",,"small shrub","Live",1.2,10,0.3,,,,0.6,0.5,"Open grown","half-sphere",,,,,,,,"legacyData"
"f2be4121-3323-45b3-8909-ae08cdce3ae4","CPER_013.basePlot.vst","2014-09-10","vst_CPER_2014","D10","CPER","CPER_013",,"NEON.PLA.D10.CPER.00073",,"small shrub","Live",2.8,10,0.5,,,,1.3,0.8,"Open grown","half-sphere",,,,,,,,"legacyData"
"24e78f9c-3b22-4010-9ad3-135b465646f6","CPER_013.basePlot.vst","2014-09-10","vst_CPER_2014","D10","CPER","CPER_013",,"NEON.PLA.D10.CPER.00003",,"small shrub","Live",1.1,10,0.7,,,,0.8,0.6,"Partially shaded","half-sphere",,,,,,,,"legacyData"
"8ce5aa18-6a84-41a9-a958-baf92ce64f6b","CPER_013.basePlot.vst","2014-09-10","vst_CPER_2014","D10","CPER","CPER_013",,"NEON.PLA.D10.CPER.00014",,"small shrub","Live",1.0,10,0.4,,,,0.7,0.4,"Open grown","half-sphere",,,,,,,,"legacyData"
"3b3e9c90-4db1-412f-acec-12856ed0e49b","CPER_013.basePlot.vst","2014-09-10","vst_CPER_2014","D10","CPER","CPER_013",,"NEON.PLA.D10.CPER.00069",,"small shrub","Live",2.0,10,0.2,,,,0.4,0.3,"Open grown","half-sphere",,,,,,,,"legacyData"
"f9ea5bb4-e010-4d5e-aebb-e43eb4443b91","CPER_013.basePlot.vst","2014-09-10","vst_CPER_2014","D10","CPER","CPER_013",,"NEON.PLA.D10.CPER.00022",,"small shrub","Live",2.6,10,0.7,,,,1.0,0.9,"Partially shaded","half-sphere",,,,,,,,"legacyData"
"f1a99d01-d6d7-45e1-82e4-d99742fcf029","CPER_013.basePlot.vst","2014-09-10","vst_CPER_2014","D10","CPER","CPER_013",,"NEON.PLA.D10.CPER.00020",,"small shrub","Live,  other damage",1.6,10,0.4,,,,0.5,0.5,"Open grown","half-sphere",,,,,,,,"legacyData"
"3071fddd-13e2-4b43-985f-8ba61924ebec","CPER_013.basePlot.vst","2014-09-10","vst_CPER_2014","D10","CPER","CPER_013",,"NEON.PLA.D10.CPER.00005",,"small shrub","Live",4.0,10,0.6,,,,0.8,0.6,"Open grown","half-sphere",,,,,,,,"legacyData"
"1a268a6e-547a-4801-8730-f63376d508e2","CPER_013.basePlot.vst","2014-09-10","vst_CPER_2014","D10","CPER","CPER_013",,"NEON.PLA.D10.CPER.00036",,"small shrub","Live",1.3,10,0.8,,,,1.1,0.9,"Open grown","half-sphere",,,,,,,,"legacyData"
"453e46e9-ad23-4e2e-98b8-7c3ff4ba63d8","CPER_013.basePlot.vst","2014-09-10","vst_CPER_2014","D10","CPER","CPER_013",,"NEON.PLA.D10.CPER.00025",,"small shrub","Live",1.1,10,0.6,,,,0.8,0.8,"Open grown","half-sphere",,,,,,,,"legacyData"
"b90281fa-d190-4480-ab5b-001f5cad4db0","CPER_013.basePlot.vst","2014-09-10","vst_CPER_2014","D10","CPER","CPER_013",,"NEON.PLA.D10.CPER.00062",,"small shrub","Live",1.7,10,0.6,,,,1.3,0.9,"Open grown","half-sphere",,,,,,,,"legacyData"
"bbd710c7-4aea-41a9-a42b-9b701f87c4cb","CPER_013.basePlot.vst","2014-09-10","vst_CPER_2014","D10","CPER","CPER_013",,"NEON.PLA.D10.CPER.00058",,"small shrub","Live",1.7,10,0.5,,,,0.9,0.6,"Open grown","half-sphere",,,,,,,,"legacyData"
"4c5a2e5c-4135-46cb-ac0b-607fb70a0781","CPER_013.basePlot.vst","2014-09-10","vst_CPER_2014","D10","CPER","CPER_013",,"NEON.PLA.D10.CPER.00017",,"small shrub","Live",2.7,10,0.4,,,,1.0,0.9,"Open grown","half-sphere",,,,,,,,"legacyData"
"7754a051-bd2e-41b4-a6a4-4fa784fb9bf4","CPER_013.basePlot.vst","2014-09-10","vst_CPER_2014","D10","CPER","CPER_013",,"NEON.PLA.D10.CPER.00070",,"small shrub","Live",3.4,10,0.5,,,,1.4,1.2,"Open grown","half-sphere",,,,,,,,"legacyData"
"87c20f87-a8b0-4c10-acaa-24ef41522e88","CPER_013.basePlot.vst","2014-09-10","vst_CPER_2014","D10","CPER","CPER_013",,"NEON.PLA.D10.CPER.00077",,"small shrub","Live",1.0,10,0.4,,,,0.6,0.5,"Open grown","half-sphere",,,,,,,,"legacyData"
"62ca24c2-5ac8-40c5-84c1-8fff2c085af2","CPER_013.basePlot.vst","2014-09-10","vst_CPER_2014","D10","CPER","CPER_013",,"NEON.PLA.D10.CPER.00067",,"small shrub","Live",1.1,10,0.3,,,,0.4,0.2,"Open grown","half-sphere",,,,,,,,"legacyData"
"9411182b-cfed-4320-801c-b0cb51dba1fd","CPER_013.basePlot.vst","2014-09-10","vst_CPER_2014","D10","CPER","CPER_013",,"NEON.PLA.D10.CPER.00071",,"small shrub","Live",3.1,10,0.4,,,,0.8,0.6,"Open grown","oblate half-sphere",,,,,,,,"legacyData"
"1c613453-2a0b-4e18-a307-373950542cb8","CPER_013.basePlot.vst","2014-09-10","vst_CPER_2014","D10","CPER","CPER_013",,"NEON.PLA.D10.CPER.00016",,"small shrub","Live",1.3,10,0.5,,,,1.0,0.7,"Open grown","half-sphere",,,,,,,,"legacyData"
"1b08bfc3-5858-407f-8722-8e38d95cddd9","CPER_013.basePlot.vst","2014-09-10","vst_CPER_2014","D10","CPER","CPER_013",,"NEON.PLA.D10.CPER.00004",,"small shrub","Live",1.3,10,0.5,,,,0.7,0.7,"Open grown","half-sphere",,,,,,,,"legacyData"
"aebebd29-67c3-47e2-9088-021a31f1a453","CPER_013.basePlot.vst","2014-09-10","vst_CPER_2014","D10","CPER","CPER_013",,"NEON.PLA.D10.CPER.00002",,"small shrub","Live",1.8,10,0.6,,,,0.8,0.4,"Partially shaded","half-sphere",,,,,,,,"legacyData"
"caa92585-36dd-4cd5-b3e8-2da2cd6719dc","CPER_013.basePlot.vst","2014-09-10","vst_CPER_2014","D10","CPER","CPER_013",,"NEON.PLA.D10.CPER.00065",,"small shrub","Live",5.6,10,0.7,,,,1.2,1.0,"Open grown","oblate half-sphere",,,,,,,,"legacyData"
"394ddecc-35a2-463a-8815-955d419165ac","CPER_013.basePlot.vst","2014-09-10","vst_CPER_2014","D10","CPER","CPER_013",,"NEON.PLA.D10.CPER.00010",,"small shrub","Live",2.7,10,0.5,,,,0.6,0.5,"Partially shaded","half-sphere",,,,,,,,"legacyData"
"35d47ede-a84d-46f7-9a0c-b13d8c264c9c","CPER_013.basePlot.vst","2014-09-10","vst_CPER_2014","D10","CPER","CPER_013",,"NEON.PLA.D10.CPER.00026",,"small shrub","Live",1.1,10,0.6,,,,0.7,0.4,"Open grown","half-sphere",,,,,,,,"legacyData"
"a53bbaf0-3ae0-493d-b928-5e4d6f303c8a","CPER_013.basePlot.vst","2014-09-10","vst_CPER_2014","D10","CPER","CPER_013",,"NEON.PLA.D10.CPER.00029",,"small shrub","Live",2.5,10,0.9,,,,1.3,1.0,"Open grown","half-sphere",,,,,,,,"legacyData"
"58e7b4c7-f7a5-4cf2-b8af-754146c4896e","CPER_013.basePlot.vst","2014-09-10","vst_CPER_2014","D10","CPER","CPER_013",,"NEON.PLA.D10.CPER.00030",,"small shrub","Live",1.7,10,0.5,,,,1.0,0.4,"Open grown","half-sphere",,,,,,,,"legacyData"
"2f9fce84-2174-4682-9af0-c8f4a98432c2","CPER_013.basePlot.vst","2014-09-10","vst_CPER_2014","D10","CPER","CPER_013",,"NEON.PLA.D10.CPER.00064",,"small shrub","Live",2.3,10,0.6,,,,1.0,0.7,"Partially shaded","half-sphere",,,,,,,,"legacyData"
"abea92a8-81f8-45a4-b5fd-0289954df35a","CPER_013.basePlot.vst","2014-09-10","vst_CPER_2014","D10","CPER","CPER_013",,"NEON.PLA.D10.CPER.00072",,"small shrub","Live",1.4,10,0.6,,,,0.8,0.6,"Open grown","half-sphere",,,,,,,,"legacyData"
"57088039-c29a-47b2-91a8-49e36fb80ac3","CPER_013.basePlot.vst","2014-09-10","vst_CPER_2014","D10","CPER","CPER_013",,"NEON.PLA.D10.CPER.00007",,"small shrub","Live",1.1,10,0.3,,,,0.8,0.7,"Open grown","half-sphere",,,,,,,,"legacyData"
"459a6d1a-b9c2-43f6-9fa2-df69d3386600","CPER_013.basePlot.vst","2014-09-10","vst_CPER_2014","D10","CPER","CPER_013",,"NEON.PLA.D10.CPER.00018",,"small shrub","Live",3.3,10,0.7,,,,0.6,0.5,"Partially shaded","half-sphere",,,,,,,,"legacyData"
"5b6f8d03-840f-4e69-bce4-12b9c36f5299","CPER_013.basePlot.vst","2014-09-10","vst_CPER_2014","D10","CPER","CPER_013",,"NEON.PLA.D10.CPER.00034",,"small shrub","Live",1.2,10,0.5,,,,1.1,0.9,"Open grown","half-sphere",,,,,,,,"legacyData"
"57241392-7a95-4bf9-a347-7ec31af88fcf","CPER_013.basePlot.vst","2014-09-10","vst_CPER_2014","D10","CPER","CPER_013",,"NEON.PLA.D10.CPER.00015",,"small shrub","Live",1.2,10,0.5,,,,1.0,0.7,"Open grown","half-sphere",,,,,,,,"legacyData"
"bae0d4dc-4bf9-4594-88ce-2aa11bd27eb2","CPER_013.basePlot.vst","2014-09-10","vst_CPER_2014","D10","CPER","CPER_013",,"NEON.PLA.D10.CPER.00027",,"small shrub","Live",1.3,10,0.6,,,,1.0,0.7,"Open grown","half-sphere",,,,,,,,"legacyData"
"b7a61c9b-7b58-4736-81ce-3aa065502da7","CPER_013.basePlot.vst","2014-09-10","vst_CPER_2014","D10","CPER","CPER_013",,"NEON.PLA.D10.CPER.00074",,"small shrub","Live",2.2,10,0.7,,,,1.5,1.4,"Open grown","half-sphere",,,,,,,,"legacyData"
"8b865db6-f577-4bac-81d2-c6336898c7cb","CPER_013.basePlot.vst","2014-09-10","vst_CPER_2014","D10","CPER","CPER_013",,"NEON.PLA.D10.CPER.00060",,"small shrub","Live",3.4,10,0.4,,,,0.7,0.4,"Open grown","oblate half-sphere",,,,,,,,"legacyData"
"df038986-e5c5-44d5-aaa2-abccea135cc7","CPER_013.basePlot.vst","2014-09-10","vst_CPER_2014","D10","CPER","CPER_013",,"NEON.PLA.D10.CPER.00068",,"small shrub","Live",2.8,10,0.3,,,,0.6,0.4,"Open grown","half-sphere",,,,,,,,"legacyData"
"e621ce56-30ef-4864-ae30-f433f4fbae05","CPER_013.basePlot.vst","2014-09-10","vst_CPER_2014","D10","CPER","CPER_013",,"NEON.PLA.D10.CPER.00009",,"small shrub","Live",1.4,10,0.4,,,,0.4,0.4,"Partially shaded","half-sphere",,,,,,,,"legacyData"
"f3f30459-1374-4766-930b-f6a786a3fcd9","CPER_013.basePlot.vst","2014-09-10","vst_CPER_2014","D10","CPER","CPER_013",,"NEON.PLA.D10.CPER.00032",,"small shrub","Live",1.5,10,0.5,,,,1.0,0.4,"Open grown","half-sphere",,,,,,,,"legacyData"
"a0176f7b-40b1-4fd9-b7be-cd8bad03a5b8","CPER_004.basePlot.vst","2014-09-11","vst_CPER_2014","D10","CPER","CPER_004",,"NEON.PLA.D10.CPER.00049",,"small shrub","Live",1.1,10,0.6,,,,0.9,0.8,"Open grown","half-sphere",,,,,,,,"legacyData"
"e95912ee-3b79-4df6-a78b-d2d82fac91b6","CPER_004.basePlot.vst","2014-09-11","vst_CPER_2014","D10","CPER","CPER_004",,"NEON.PLA.D10.CPER.00037",,"small shrub","Live",2.7,10,0.3,,,,1.3,0.7,"Open grown","oblate half-sphere",,,,,,,,"legacyData"
"9d7b2560-0564-4450-b67e-9f603af4dd35","CPER_004.basePlot.vst","2014-09-11","vst_CPER_2014","D10","CPER","CPER_004",,"NEON.PLA.D10.CPER.00048",,"small shrub","Live",1.9,10,0.5,,,,1.4,1.1,"Open grown","oblate half-sphere",,,,,,,,"legacyData"
"f8feb1d0-96cf-4ca0-8542-a66837de4d23","CPER_004.basePlot.vst","2014-09-11","vst_CPER_2014","D10","CPER","CPER_004",,"NEON.PLA.D10.CPER.00047",,"small shrub","Live",2.7,10,0.8,,,,1.7,1.7,"Open grown","half-sphere",,,,,,,,"legacyData"
"a353a418-e051-425b-97ec-9cff286ed09a","CPER_004.basePlot.vst","2014-09-11","vst_CPER_2014","D10","CPER","CPER_004",,"NEON.PLA.D10.CPER.00053",,"small shrub","Live",1.2,10,0.6,,,,1.0,0.7,"Open grown","half-sphere",,,,,,,,"legacyData"
"58ac1f88-39f8-477e-99b3-b33f2fa1670a","CPER_004.basePlot.vst","2014-09-11","vst_CPER_2014","D10","CPER","CPER_004",,"NEON.PLA.D10.CPER.00056",,"small shrub","Live",1.1,10,0.5,,,,0.8,0.4,"Partially shaded","half-sphere",,,,,,,,"legacyData"
"9428a4c2-04ef-4873-a31b-b4c51f453a81","CPER_004.basePlot.vst","2014-09-11","vst_CPER_2014","D10","CPER","CPER_004",,"NEON.PLA.D10.CPER.00045",,"small shrub","Live",1.8,10,0.7,,,,0.5,0.4,"Partially shaded","oblate half-sphere",,,,,,,,"legacyData"
"9f843dc0-9b2a-44e4-b4a3-620cde42696e","CPER_004.basePlot.vst","2014-09-11","vst_CPER_2014","D10","CPER","CPER_004",,"NEON.PLA.D10.CPER.00043",,"small shrub","Live",3.4,10,0.7,,,,1.2,1.1,"Open grown","half-sphere",,,,,,,,"legacyData"
"682d8b3c-e0eb-4317-a3ac-d3d84306e126","CPER_004.basePlot.vst","2014-09-11","vst_CPER_2014","D10","CPER","CPER_004",,"NEON.PLA.D10.CPER.00054",,"small shrub","Live",1.7,10,0.8,,,,1.1,0.8,"Open grown","half-sphere",,,,,,,,"legacyData"
"7b6f5d74-80b1-4cdc-85bc-fb58ef9a29f0","CPER_004.basePlot.vst","2014-09-11","vst_CPER_2014","D10","CPER","CPER_004",,"NEON.PLA.D10.CPER.00042",,"small shrub","Live",3.5,10,0.8,,,,1.4,1.2,"Open grown","half-sphere",,,,,,,,"legacyData"
"9fb1e211-9087-4d1d-921f-5a22b5467ac1","CPER_004.basePlot.vst","2014-09-11","vst_CPER_2014","D10","CPER","CPER_004",,"NEON.PLA.D10.CPER.00039",,"small shrub","Live",1.4,10,0.6,,,,1.2,0.7,"Partially shaded","half-sphere",,,,,,,,"legacyData"
"94ccf498-e360-4818-97a4-7cf957bdac12","CPER_004.basePlot.vst","2014-09-11","vst_CPER_2014","D10","CPER","CPER_004",,"NEON.PLA.D10.CPER.00057",,"small shrub","Live",3.0,10,0.5,,,,1.2,0.6,"Open grown","half-sphere",,,,,,,,"legacyData"
"7559e0bd-7f9b-4624-a286-55357d42d9ee","CPER_004.basePlot.vst","2014-09-11","vst_CPER_2014","D10","CPER","CPER_004",,"NEON.PLA.D10.CPER.00040",,"small shrub","Live",2.7,10,0.6,,,,1.2,1.1,"Partially shaded","half-sphere",,,,,,,,"legacyData"
"b9f1b9ae-24b9-4107-ac0f-6959d777a311","CPER_004.basePlot.vst","2014-09-11","vst_CPER_2014","D10","CPER","CPER_004",,"NEON.PLA.D10.CPER.00050",,"small shrub","Live",1.1,10,0.7,,,,0.9,0.6,"Partially shaded","half-sphere",,,,,,,,"legacyData"
"3c9c0aef-6339-4295-a6fe-0a51175d52d9","CPER_004.basePlot.vst","2014-09-11","vst_CPER_2014","D10","CPER","CPER_004",,"NEON.PLA.D10.CPER.00052",,"small shrub","Standing dead",1.9,10,0.5,,,,0.6,0.4,"Open grown","half-sphere",,,,,,,,"legacyData"
"09795cbc-4f89-4851-ae0e-a64b42f5201c","CPER_004.basePlot.vst","2014-09-11","vst_CPER_2014","D10","CPER","CPER_004",,"NEON.PLA.D10.CPER.00055",,"small shrub","Live",3.9,10,0.5,,,,0.9,0.6,"Open grown","half-sphere",,,,,,,,"legacyData"
"f307c0fb-fa3b-4e39-acaf-3a600ad1e269","CPER_004.basePlot.vst","2014-09-11","vst_CPER_2014","D10","CPER","CPER_004",,"NEON.PLA.D10.CPER.00051",,"small shrub","Live",3.0,10,0.6,,,,0.7,0.5,"Open grown","half-sphere",,,,,,,,"legacyData"
"88ae3f55-e9d9-4c7e-ba36-81720f579693","CPER_004.basePlot.vst","2014-09-11","vst_CPER_2014","D10","CPER","CPER_004",,"NEON.PLA.D10.CPER.00041",,"small shrub","Live",1.0,10,0.6,,,,0.7,0.5,"Open grown","half-sphere",,,,,,,,"legacyData"
"35bc43d9-6a59-4e05-8ed7-8082250683f2","CPER_004.basePlot.vst","2014-09-11","vst_CPER_2014","D10","CPER","CPER_004",,"NEON.PLA.D10.CPER.00044",,"small shrub","Live",1.5,10,0.5,,,,0.7,0.3,"Partially shaded","half-sphere",,,,,,,,"legacyData"
"c56a2dd0-dab7-443a-8f74-c1a6ce233e49","CPER_004.basePlot.vst","2014-09-11","vst_CPER_2014","D10","CPER","CPER_004",,"NEON.PLA.D10.CPER.00038",,"small shrub","Live",1.7,10,0.5,,,,1.1,0.8,"Open grown","half-sphere",,,,,,,,"legacyData"
"25a4be26-000d-4277-b7fa-e7b2750cd2a9","CPER_004.basePlot.vst","2014-09-11","vst_CPER_2014","D10","CPER","CPER_004",,"NEON.PLA.D10.CPER.00046",,"small shrub","Live",2.5,10,0.8,,,,1.6,1.0,"Open grown","half-sphere",,,,,,,,"legacyData"
"b428ae9b-9c47-4c61-a08f-663858a8f37b","CPER_004.basePlot.vst","2014-09-11","vst_CPER_2014","D10","CPER","CPER_004",,"NEON.PLA.D10.CPER.00195",,"small shrub","Live",1.6,10,0.6,,,,0.5,0.2,"Partially shaded","half-sphere",,,,,,,,"legacyData"
"46c85335-4975-408e-8ae1-93860a6242f2","CPER_010.basePlot.vst","2014-09-15","vst_CPER_2014","D10","CPER","CPER_010",,"NEON.PLA.D10.CPER.00097",,"small shrub","Live",2.5,10,0.4,,,,0.8,0.7,"Open grown","half-sphere",,,,,,,,"legacyData"
"5917ea20-7915-4f88-af16-b98373af8b41","CPER_010.basePlot.vst","2014-09-15","vst_CPER_2014","D10","CPER","CPER_010",,"NEON.PLA.D10.CPER.00090",,"small shrub","Live",1.6,10,0.4,,,,0.4,0.3,"Open grown","half-sphere",,,,,,,,"legacyData"
"14946391-3b4e-402d-b4be-a2bb405a1010","CPER_010.basePlot.vst","2014-09-15","vst_CPER_2014","D10","CPER","CPER_010",,"NEON.PLA.D10.CPER.00098",,"small shrub","Standing dead",2.9,10,0.6,,,,1.0,1.0,"Open grown","half-sphere",,,,,,,,"legacyData"
"daaf9314-ea5e-43d9-8928-8619855a9582","CPER_010.basePlot.vst","2014-09-15","vst_CPER_2014","D10","CPER","CPER_010",,"NEON.PLA.D10.CPER.00089",,"small shrub","Live,  other damage",2.5,10,0.4,,,,0.7,0.7,"Open grown","half-sphere",,,,,,,,"legacyData"
"3a583e77-5179-46fc-9131-1e587973cc70","CPER_010.basePlot.vst","2014-09-15","vst_CPER_2014","D10","CPER","CPER_010",,"NEON.PLA.D10.CPER.00096",,"small shrub","Live",1.0,10,0.3,,,,0.5,0.4,"Open grown","half-sphere",,,,,,,,"legacyData"
"c6cb935c-35ca-4331-9ae2-04ee5718a85d","CPER_010.basePlot.vst","2014-09-15","vst_CPER_2014","D10","CPER","CPER_010",,"NEON.PLA.D10.CPER.00080",,"small shrub","Standing dead",2.1,10,0.5,,,,0.8,0.6,"Open grown","half-sphere",,,,,,,,"legacyData"
"4650ed0f-10d6-414d-994b-81d1ee6b31c4","CPER_010.basePlot.vst","2014-09-15","vst_CPER_2014","D10","CPER","CPER_010",,"NEON.PLA.D10.CPER.00085",,"small shrub","Live",2.6,10,0.5,,,,0.9,0.6,"Open grown","half-sphere",,,,,,,,"legacyData"
"9be9928b-6fa6-482a-8a89-d867a614fcdf","CPER_010.basePlot.vst","2014-09-15","vst_CPER_2014","D10","CPER","CPER_010",,"NEON.PLA.D10.CPER.00099",,"small shrub","Live,  other damage",2.0,10,0.3,,,,0.6,0.4,"Open grown","half-sphere",,,,,,,,"legacyData"
"c9cff2dd-661a-40ec-9aca-7bb4be5e18a1","CPER_010.basePlot.vst","2014-09-15","vst_CPER_2014","D10","CPER","CPER_010",,"NEON.PLA.D10.CPER.00081",,"small shrub","Standing dead",1.7,10,0.3,,,,0.7,0.5,"Open grown","half-sphere",,,,,,,,"legacyData"
"1ddc62ac-879c-42af-bf86-62e4f9d0ee47","CPER_010.basePlot.vst","2014-09-15","vst_CPER_2014","D10","CPER","CPER_010",,"NEON.PLA.D10.CPER.00079",,"small shrub","Live",2.0,10,0.5,,,,1.0,0.8,"Open grown","half-sphere",,,,,,,,"legacyData"
"f75556cb-b26b-442b-bfb7-6d4587592666","CPER_010.basePlot.vst","2014-09-15","vst_CPER_2014","D10","CPER","CPER_010",,"NEON.PLA.D10.CPER.00091",,"small shrub","Standing dead",2.3,10,0.2,,,,0.4,0.3,"Open grown","half-sphere",,,,,,,,"legacyData"
"ed8d3479-adbe-466f-8c8f-892659db5e0e","CPER_010.basePlot.vst","2014-09-15","vst_CPER_2014","D10","CPER","CPER_010",,"NEON.PLA.D10.CPER.00100",,"small shrub","Live",4.5,10,0.5,,,,1.0,0.7,"Partially shaded","half-sphere",,,,,,,,"legacyData"
"04b168de-dd12-4a94-8ca0-68fa00dfb29c","CPER_010.basePlot.vst","2014-09-15","vst_CPER_2014","D10","CPER","CPER_010",,"NEON.PLA.D10.CPER.00082",,"small shrub","Live",1.5,10,0.5,,,,0.7,0.5,"Open grown","half-sphere",,,,,,,,"legacyData"
"96e1862b-9710-46b1-a243-14403a865685","CPER_010.basePlot.vst","2014-09-15","vst_CPER_2014","D10","CPER","CPER_010",,"NEON.PLA.D10.CPER.00092",,"small shrub","Live",1.4,10,0.4,,,,0.7,0.7,"Open grown","half-sphere",,,,,,,,"legacyData"
"18ed602b-5116-4132-bf68-483f8d18d1db","CPER_010.basePlot.vst","2014-09-15","vst_CPER_2014","D10","CPER","CPER_010",,"NEON.PLA.D10.CPER.00086",,"small shrub","Live,  other damage",1.3,10,0.3,,,,0.7,0.6,"Open grown","half-sphere",,,,,,,,"legacyData"
"29352891-e91d-4243-b2ff-6f735db81144","CPER_010.basePlot.vst","2014-09-15","vst_CPER_2014","D10","CPER","CPER_010",,"NEON.PLA.D10.CPER.00095",,"small shrub","Live",1.1,10,0.3,,,,0.7,0.3,"Open grown","half-sphere",,,,,,,,"legacyData"
"30f495ad-a768-4756-8ffc-302f9d3469ab","CPER_010.basePlot.vst","2014-09-15","vst_CPER_2014","D10","CPER","CPER_010",,"NEON.PLA.D10.CPER.00093",,"small shrub","Live",1.0,10,0.4,,,,0.7,0.6,"Open grown","half-sphere",,,,,,,,"legacyData"
"a637c0a7-4084-4cb2-b443-598644eb3e71","CPER_010.basePlot.vst","2014-09-15","vst_CPER_2014","D10","CPER","CPER_010",,"NEON.PLA.D10.CPER.00084",,"small shrub","Standing dead",2.2,10,0.6,,,,0.3,0.2,"Partially shaded","half-sphere",,,,,,,,"legacyData"
"07f716e8-fbaa-48d4-9cb9-60b31d516676","CPER_010.basePlot.vst","2014-09-15","vst_CPER_2014","D10","CPER","CPER_010",,"NEON.PLA.D10.CPER.00083",,"small shrub","Live,  other damage",3.0,10,0.5,,,,0.5,0.4,"Partially shaded","half-sphere",,,,,,,,"legacyData"
"d827aad6-bad0-42b1-90e6-b237ae122be2","CPER_010.basePlot.vst","2014-09-15","vst_CPER_2014","D10","CPER","CPER_010",,"NEON.PLA.D10.CPER.00088",,"small shrub","Standing dead",1.3,10,0.4,,,,1.0,0.7,"Open grown","half-sphere",,,,,,,,"legacyData"
"8bbc4e30-cafc-4047-a126-c1a3cf23971e","CPER_010.basePlot.vst","2014-09-15","vst_CPER_2014","D10","CPER","CPER_010",,"NEON.PLA.D10.CPER.00087",,"small shrub","Standing dead",2.5,10,0.5,,,,1.0,0.5,"Partially shaded","half-sphere",,,,,,,,"legacyData"
"9ec764cc-b3a3-4bf6-b401-756db7edee93","CPER_010.basePlot.vst","2014-09-15","vst_CPER_2014","D10","CPER","CPER_010",,"NEON.PLA.D10.CPER.00094",,"small shrub","Live",1.4,10,0.3,,,,0.6,0.4,"Open grown","half-sphere",,,,,,,,"legacyData"
"5868412b-8782-48a6-bae4-bb550806ef28","CPER_017.basePlot.vst","2014-09-15","vst_CPER_2014","D10","CPER","CPER_017",,"NEON.PLA.D10.CPER.00106",,"small shrub","Live",2.2,10,0.2,,,,0.6,0.4,"Open grown","half-sphere",,,,,,,,"legacyData"
"fea90cc4-83dd-41b4-a4ff-c29322d2d46e","CPER_007.basePlot.vst","2014-09-16","vst_CPER_2014","D10","CPER","CPER_007",,"NEON.PLA.D10.CPER.00105",,"small shrub","Live",2.2,10,0.4,,,,1.3,0.6,"Open grown","oblate half-sphere",,,,,,,,"legacyData"
"97675ae5-862b-489b-99b2-e71d51460e28","CPER_007.basePlot.vst","2014-09-16","vst_CPER_2014","D10","CPER","CPER_007",,"NEON.PLA.D10.CPER.00103",,"small shrub","Live",1.8,1,0.6,,,,1.0,0.8,"Open grown","half-sphere",,,,,,,,"legacyData"
"5c7d2327-8768-48ea-aa4b-421798544a90","CPER_007.basePlot.vst","2014-09-16","vst_CPER_2014","D10","CPER","CPER_007",,"NEON.PLA.D10.CPER.00102",,"small shrub","Live",1.3,10,0.5,,,,1.0,0.9,"Open grown","half-sphere",,,,,,,,"legacyData"
"220992ec-f0d5-47b9-8c7c-133ac3a049bd","CPER_010.basePlot.vst","2014-09-16","vst_CPER_2014","D10","CPER","CPER_010",,"NEON.PLA.D10.CPER.00101",,"small shrub","Live",2.0,10,0.3,,,,0.8,0.6,"Open grown","oblate half-sphere",,,,,,,,"legacyData"
"74e1a162-a32d-4cfc-a707-4a43258aa73b","CPER_007.basePlot.vst","2014-09-16","vst_CPER_2014","D10","CPER","CPER_007",,"NEON.PLA.D10.CPER.00104",,"small shrub","Live",1.3,10,0.6,,,,1.3,0.8,"Open grown","half-sphere",,,,,,,,"legacyData"
"cf559ad5-bfe4-4513-9f58-5683653de4a3","CPER_020.basePlot.vst","2014-09-18","vst_CPER_2014","D10","CPER","CPER_020",,"NEON.PLA.D10.CPER.00141",,"small shrub","Live",1.0,10,0.5,,,,0.9,0.6,"Partially shaded","half-sphere",,,,,,,,"legacyData"
"88e03f89-1daf-403f-bb26-5d5ed1148c66","CPER_001.basePlot.vst","2014-09-18","vst_CPER_2014","D10","CPER","CPER_001",,"NEON.PLA.D10.CPER.00111",,"small shrub","Live",2.7,10,0.7,,,,1.2,1.0,"Partially shaded","half-sphere",,,,,,,,"legacyData"
"e874115c-0c73-40ee-9408-82930ba7ff86","CPER_001.basePlot.vst","2014-09-18","vst_CPER_2014","D10","CPER","CPER_001",,"NEON.PLA.D10.CPER.00119",,"small shrub","Live",1.2,10,0.4,,,,0.8,0.7,"Open grown","half-sphere",,,,,,,,"legacyData"
"4e32392f-9839-4993-938f-997a9165ea4a","CPER_001.basePlot.vst","2014-09-18","vst_CPER_2014","D10","CPER","CPER_001",,"NEON.PLA.D10.CPER.00113",,"small shrub","Live,  other damage",3.2,1,0.3,,,,0.8,0.2,"Open grown","oblate half-sphere",,,,,,,,"legacyData"
"3e209c68-756e-4096-9c28-5bdf76c35e6a","CPER_001.basePlot.vst","2014-09-18","vst_CPER_2014","D10","CPER","CPER_001",,"NEON.PLA.D10.CPER.00115",,"small shrub","Live",2.4,10,0.4,,,,1.1,0.7,"Open grown","oblate half-sphere",,,,,,,,"legacyData"
"4ceead11-722b-41b7-b98b-aba148f8067c","CPER_001.basePlot.vst","2014-09-18","vst_CPER_2014","D10","CPER","CPER_001",,"NEON.PLA.D10.CPER.00118",,"small shrub","Live,  other damage",1.3,10,0.3,,,,0.4,0.4,"Open grown","half-sphere",,,,,,,,"legacyData"
"8aec9f26-529a-49ff-a7b1-6c88d4d24597","CPER_020.basePlot.vst","2014-09-18","vst_CPER_2014","D10","CPER","CPER_020",,"NEON.PLA.D10.CPER.00137",,"small shrub","Live",1.5,10,0.4,,,,1.0,0.8,"Open grown","half-sphere",,,,,,,,"legacyData"
"dbb8e0ca-2dd7-466b-8547-c32e8ace0bd3","CPER_020.basePlot.vst","2014-09-18","vst_CPER_2014","D10","CPER","CPER_020",,"NEON.PLA.D10.CPER.00189",,"small shrub","Live",1.0,10,0.4,,,,0.8,0.7,"Open grown","half-sphere",,,,,,,,"legacyData"
"98ef54ac-bdff-435d-b648-e55c2ed86ad9","CPER_020.basePlot.vst","2014-09-18","vst_CPER_2014","D10","CPER","CPER_020",,"NEON.PLA.D10.CPER.00124",,"small shrub","Live",1.3,10,0.3,,,,1.0,0.7,"Open grown","half-sphere",,,,,,,,"legacyData"
"e0c39e7f-373b-4ac7-b273-6c40859b1d48","CPER_020.basePlot.vst","2014-09-18","vst_CPER_2014","D10","CPER","CPER_020",,"NEON.PLA.D10.CPER.00130",,"small shrub","Live",1.9,10,0.5,,,,0.6,0.6,"Open grown","half-sphere",,,,,,,,"legacyData"
"3ada1b55-24cc-4d65-b52e-f000b77d54fa","CPER_020.basePlot.vst","2014-09-18","vst_CPER_2014","D10","CPER","CPER_020",,"NEON.PLA.D10.CPER.00136",,"small shrub","Live",1.9,10,0.3,,,,0.8,0.6,"Open grown","half-sphere",,,,,,,,"legacyData"
"5b18981f-4c50-4e2c-bf4e-fce17b5a0c2c","CPER_020.basePlot.vst","2014-09-18","vst_CPER_2014","D10","CPER","CPER_020",,"NEON.PLA.D10.CPER.00179",,"small shrub","Live",1.1,10,0.4,,,,0.7,0.5,"Open grown","half-sphere",,,,,,,,"legacyData"
"a81bc110-1547-4c61-9ff2-3677fea58738","CPER_020.basePlot.vst","2014-09-18","vst_CPER_2014","D10","CPER","CPER_020",,"NEON.PLA.D10.CPER.00194",,"small shrub","Live",1.0,10,0.2,,,,0.5,0.4,"Open grown","half-sphere",,,,,,,,"legacyData"
"28cab8c4-041d-4118-aa1c-0defcfac915b","CPER_020.basePlot.vst","2014-09-18","vst_CPER_2014","D10","CPER","CPER_020",,"NEON.PLA.D10.CPER.00178",,"small shrub","Live",1.2,10,0.3,,,,0.6,0.3,"Open grown","half-sphere",,,,,,,,"legacyData"
"845f7172-f7d0-471c-a9a2-6907cc40718c","CPER_020.basePlot.vst","2014-09-18","vst_CPER_2014","D10","CPER","CPER_020",,"NEON.PLA.D10.CPER.00192",,"small shrub","Live",1.7,10,0.4,,,,0.8,0.8,"Open grown","half-sphere",,,,,,,,"legacyData"
"d5843517-2407-44a7-9910-b62516a0fbf4","CPER_020.basePlot.vst","2014-09-18","vst_CPER_2014","D10","CPER","CPER_020",,"NEON.PLA.D10.CPER.00128",,"small shrub","Live,  other damage",2.0,10,0.3,,,,0.6,0.3,"Open grown","half-sphere",,,,,,,,"legacyData"
"bd215a8e-94f6-4bcd-ba18-8b306e774a3f","CPER_020.basePlot.vst","2014-09-18","vst_CPER_2014","D10","CPER","CPER_020",,"NEON.PLA.D10.CPER.00138",,"small shrub","Live",1.4,10,0.4,,,,0.7,0.5,"Open grown","half-sphere",,,,,,,,"legacyData"
"6d093f2f-36c2-43a6-bb00-d1627eab8466","CPER_020.basePlot.vst","2014-09-18","vst_CPER_2014","D10","CPER","CPER_020",,"NEON.PLA.D10.CPER.00193",,"small shrub","Live",1.0,10,0.4,,,,0.7,0.5,"Open grown","half-sphere",,,,,,,,"legacyData"
"426be334-1d39-4467-ad2d-38e3204b28ad","CPER_020.basePlot.vst","2014-09-18","vst_CPER_2014","D10","CPER","CPER_020",,"NEON.PLA.D10.CPER.00180",,"small shrub","Live",1.8,10,0.4,,,,0.9,0.7,"Open grown","half-sphere",,,,,,,,"legacyData"
"e302545e-f4a9-46cc-b1c2-b722d27bed34","CPER_001.basePlot.vst","2014-09-18","vst_CPER_2014","D10","CPER","CPER_001",,"NEON.PLA.D10.CPER.00110",,"small shrub","Live",3.7,10,0.4,,,,1.2,1.0,"Partially shaded","half-sphere",,,,,,,,"legacyData"
"792c8b7a-362f-4c1b-9371-152012a9ed56","CPER_001.basePlot.vst","2014-09-18","vst_CPER_2014","D10","CPER","CPER_001",,"NEON.PLA.D10.CPER.00120",,"small shrub","Live",1.5,10,0.6,,,,1.5,1.1,"Open grown","half-sphere",,,,,,,,"legacyData"
"45399391-b90f-40d7-8c0f-0a4b8f27529e","CPER_001.basePlot.vst","2014-09-18","vst_CPER_2014","D10","CPER","CPER_001",,"NEON.PLA.D10.CPER.00117",,"small shrub","Live",2.1,10,0.5,,,,0.6,0.6,"Open grown","half-sphere",,,,,,,,"legacyData"
"a81dddf2-e8fd-450f-aee7-2c8c7923c752","CPER_001.basePlot.vst","2014-09-18","vst_CPER_2014","D10","CPER","CPER_001",,"NEON.PLA.D10.CPER.00121",,"small shrub","Live",1.1,10,0.6,,,,1.4,1.0,"Open grown","half-sphere",,,,,,,,"legacyData"
"41dd4fdf-30cc-44e1-b62a-7321bd666d85","CPER_020.basePlot.vst","2014-09-18","vst_CPER_2014","D10","CPER","CPER_020",,"NEON.PLA.D10.CPER.00142",,"small shrub","Live",1.1,10,0.3,,,,0.5,0.4,"Partially shaded","half-sphere",,,,,,,,"legacyData"
"ab6eb88c-ef5b-472d-85c9-6f6c9a44a849","CPER_020.basePlot.vst","2014-09-18","vst_CPER_2014","D10","CPER","CPER_020",,"NEON.PLA.D10.CPER.00126",,"small shrub","Live",1.4,10,0.3,,,,0.7,0.4,"Partially shaded","half-sphere",,,,,,,,"legacyData"
"9f85cb28-71d7-48a7-8cde-6d1c649ce1c6","CPER_020.basePlot.vst","2014-09-18","vst_CPER_2014","D10","CPER","CPER_020",,"NEON.PLA.D10.CPER.00140",,"small shrub","Live",1.3,10,0.4,,,,1.0,0.5,"Open grown","half-sphere",,,,,,,,"legacyData"
"fb603045-103d-4bc7-a722-aa7737e2a4d4","CPER_020.basePlot.vst","2014-09-18","vst_CPER_2014","D10","CPER","CPER_020",,"NEON.PLA.D10.CPER.00186",,"small shrub","Live",1.2,10,0.4,,,,0.8,0.6,"Open grown","half-sphere",,,,,,,,"legacyData"
"e4230050-1dce-452f-8d7b-f59a91cdcef1","CPER_020.basePlot.vst","2014-09-18","vst_CPER_2014","D10","CPER","CPER_020",,"NEON.PLA.D10.CPER.00127",,"small shrub","Live",1.4,10,0.5,,,,0.8,0.8,"Open grown","half-sphere",,,,,,,,"legacyData"
"bd5e4d02-fb4c-4e42-b60e-d1a207713e82","CPER_020.basePlot.vst","2014-09-18","vst_CPER_2014","D10","CPER","CPER_020",,"NEON.PLA.D10.CPER.00183",,"small shrub","Live",1.2,10,0.4,,,,0.5,0.3,"Partially shaded","half-sphere",,,,,,,,"legacyData"
"a3bdc5fe-dfd8-4b2b-aa06-5aae5b0a27bb","CPER_020.basePlot.vst","2014-09-18","vst_CPER_2014","D10","CPER","CPER_020",,"NEON.PLA.D10.CPER.00187",,"small shrub","Live",1.0,10,0.2,,,,0.5,0.5,"Open grown","half-sphere",,,,,,,,"legacyData"
"939600c7-6465-442e-bc7e-55bc54ca8bf1","CPER_020.basePlot.vst","2014-09-18","vst_CPER_2014","D10","CPER","CPER_020",,"NEON.PLA.D10.CPER.00125",,"small shrub","Live",1.7,10,0.3,,,,0.4,0.4,"Partially shaded","half-sphere",,,,,,,,"legacyData"
"5bc572a1-f715-4dea-87dc-6dd6f4c9dc72","CPER_020.basePlot.vst","2014-09-18","vst_CPER_2014","D10","CPER","CPER_020",,"NEON.PLA.D10.CPER.00188",,"small shrub","Live",2.1,10,0.5,,,,1.0,0.9,"Full sun","half-sphere",,,,,,,,"legacyData"
"9b87b113-fe22-49f9-b335-86e49be68fe0","CPER_020.basePlot.vst","2014-09-18","vst_CPER_2014","D10","CPER","CPER_020",,"NEON.PLA.D10.CPER.00185",,"small shrub","Live",1.2,10,0.3,,,,0.7,0.5,"Partially shaded","half-sphere",,,,,,,,"legacyData"
"b0c9a519-16c8-4177-95bf-5eaebb676d2b","CPER_020.basePlot.vst","2014-09-18","vst_CPER_2014","D10","CPER","CPER_020",,"NEON.PLA.D10.CPER.00181",,"small shrub","Live",1.2,10,0.4,,,,1.1,0.6,"Full sun","oblate half-sphere",,,,,,,,"legacyData"
"9c3d2ff0-4d05-4797-8fe8-c15845be04ca","CPER_020.basePlot.vst","2014-09-18","vst_CPER_2014","D10","CPER","CPER_020",,"NEON.PLA.D10.CPER.00129",,"small shrub","Live",1.1,10,0.3,,,,1.0,0.6,"Open grown","half-sphere",,,,,,,,"legacyData"
"44d51527-7204-4c06-9d46-e63e11f4e14c","CPER_020.basePlot.vst","2014-09-18","vst_CPER_2014","D10","CPER","CPER_020",,"NEON.PLA.D10.CPER.00143",,"small shrub","Live",1.6,10,0.4,,,,1.2,0.8,"Open grown","half-sphere",,,,,,,,"legacyData"
"bd24694f-43e5-4ac4-b5bb-3a8f8ec96394","CPER_020.basePlot.vst","2014-09-18","vst_CPER_2014","D10","CPER","CPER_020",,"NEON.PLA.D10.CPER.00123",,"small shrub","Live",1.3,10,0.3,,,,0.6,0.4,"Open grown","half-sphere",,,,,,,,"legacyData"
"5a14d7a7-167e-4da1-bcfb-f5e0ac4dab7d","CPER_020.basePlot.vst","2014-09-18","vst_CPER_2014","D10","CPER","CPER_020",,"NEON.PLA.D10.CPER.00132",,"small shrub","Live",1.1,10,0.3,,,,0.5,0.3,"Open grown","half-sphere",,,,,,,,"legacyData"
"a6c5fced-d47c-4f05-8594-51c0b0bc31de","CPER_020.basePlot.vst","2014-09-18","vst_CPER_2014","D10","CPER","CPER_020",,"NEON.PLA.D10.CPER.00182",,"small shrub","Live",1.4,10,0.4,,,,0.9,0.7,"Open grown","half-sphere",,,,,,,,"legacyData"
"eb5248ca-4c93-4118-bfa6-ed93faa9af6e","CPER_020.basePlot.vst","2014-09-18","vst_CPER_2014","D10","CPER","CPER_020",,"NEON.PLA.D10.CPER.00133",,"small shrub","Live",1.1,10,0.2,,,,0.6,0.4,"Open grown","half-sphere",,,,,,,,"legacyData"
"ed1c14a2-1c87-4cde-b617-b411feaa1884","CPER_020.basePlot.vst","2014-09-18","vst_CPER_2014","D10","CPER","CPER_020",,"NEON.PLA.D10.CPER.00190",,"small shrub","Live",1.3,10,0.4,,,,1.1,0.6,"Open grown","half-sphere",,,,,,,,"legacyData"
"fb34fb9e-0fa0-439d-8e55-dbaf9fc91cba","CPER_020.basePlot.vst","2014-09-18","vst_CPER_2014","D10","CPER","CPER_020",,"NEON.PLA.D10.CPER.00184",,"small shrub","Live",1.1,10,0.3,,,,0.6,0.5,"Open grown","half-sphere",,,,,,,,"legacyData"
"71aa2245-4067-4f2e-9952-02e0b927b8b4","CPER_020.basePlot.vst","2014-09-18","vst_CPER_2014","D10","CPER","CPER_020",,"NEON.PLA.D10.CPER.00135",,"small shrub","Live",1.0,10,0.3,,,,1.2,0.7,"Open grown","oblate half-sphere",,,,,,,,"legacyData"
"0bcfad70-fd67-4b6e-b7f8-b0d6082841ab","CPER_020.basePlot.vst","2014-09-18","vst_CPER_2014","D10","CPER","CPER_020",,"NEON.PLA.D10.CPER.00134",,"small shrub","Live",1.2,10,0.3,,,,0.4,0.3,"Open grown","half-sphere",,,,,,,,"legacyData"
"55900921-12b9-4d19-93a4-e1368bac1abf","CPER_020.basePlot.vst","2014-09-18","vst_CPER_2014","D10","CPER","CPER_020",,"NEON.PLA.D10.CPER.00131",,"small shrub","Live",2.4,10,0.3,,,,0.4,0.4,"Open grown","half-sphere",,,,,,,,"legacyData"
"9c5cf859-28b7-4966-ba48-d2b2f4f22227","CPER_020.basePlot.vst","2014-09-18","vst_CPER_2014","D10","CPER","CPER_020",,"NEON.PLA.D10.CPER.00139",,"small shrub","Live",1.5,10,0.4,,,,1.5,1.2,"Open grown","half-sphere",,,,,,,,"legacyData"
"42036b45-a94d-4f5a-b431-d7c34b32c043","CPER_001.basePlot.vst","2014-09-18","vst_CPER_2014","D10","CPER","CPER_001",,"NEON.PLA.D10.CPER.00107",,"small shrub","Live",1.2,10,0.6,,,,1.2,1.1,"Partially shaded","half-sphere",,,,,,,,"legacyData"
"e6cc3098-130d-4ab3-a48a-112cc2f5a4e7","CPER_001.basePlot.vst","2014-09-18","vst_CPER_2014","D10","CPER","CPER_001",,"NEON.PLA.D10.CPER.00108",,"small shrub","Live",1.4,10,0.6,,,,1.2,1.2,"Open grown","half-sphere",,,,,,,,"legacyData"
"bc1fe99c-f3c7-497d-ad22-0d8db873cebd","CPER_001.basePlot.vst","2014-09-18","vst_CPER_2014","D10","CPER","CPER_001",,"NEON.PLA.D10.CPER.00109",,"small shrub","Live,  other damage",2.6,10,0.4,,,,0.6,0.5,"Open grown","half-sphere",,,,,,,,"legacyData"
"1be62b33-6157-4a9c-ac2a-76d5f2606f5c","CPER_001.basePlot.vst","2014-09-18","vst_CPER_2014","D10","CPER","CPER_001",,"NEON.PLA.D10.CPER.00112",,"small shrub","Live",1.6,10,0.5,,,,1.0,0.5,"Partially shaded","oblate half-sphere",,,,,,,,"legacyData"
"b2298b25-674a-4935-a991-c52199e2dd7b","CPER_001.basePlot.vst","2014-09-18","vst_CPER_2014","D10","CPER","CPER_001",,"NEON.PLA.D10.CPER.00116",,"small shrub","Live",2.3,10,0.4,,,,0.7,0.5,"Open grown","half-sphere",,,,,,,,"legacyData"
"b21191b2-1233-4ccb-813a-2979eab18aed","CPER_001.basePlot.vst","2014-09-18","vst_CPER_2014","D10","CPER","CPER_001",,"NEON.PLA.D10.CPER.00114",,"small shrub","Live,  other damage",2.5,10,0.4,,,,0.6,0.5,"Open grown","half-sphere",,,,,,,,"legacyData"
"cba96dec-a3d3-451d-ac79-ec6a048fda52","CPER_001.basePlot.vst","2014-09-18","vst_CPER_2014","D10","CPER","CPER_001",,"NEON.PLA.D10.CPER.00122",,"small shrub","Live",1.9,10,0.5,,,,0.9,0.9,"Open grown","half-sphere",,,,,,,,"legacyData"
"8d1220bc-963b-445d-aedd-af9bc9d38c19","CPER_020.basePlot.vst","2014-09-18","vst_CPER_2014","D10","CPER","CPER_020",,"NEON.PLA.D10.CPER.00191",,"small shrub","Live",1.6,10,0.5,,,,1.0,0.9,"Open grown","half-sphere",,,,,,,,"legacyData"
"c4418878-d689-4333-b310-ed1954c58a4f","CPER_061.basePlot.vst","2014-09-29","vst_CPER_2014","D10","CPER","CPER_061",,"NEON.PLA.D10.CPER.00144",,"small shrub","Live",1.5,10,0.2,,,,0.3,0.2,"Open grown","half-sphere",,,,,,,,"legacyData"
