uid,namedLocation,domainID,siteID,plotID,plotType,nlcdClass,decimalLatitude,decimalLongitude,geodeticDatum,coordinateUncertainty,elevation,elevationUncertainty,collectDate,eventID,sampleID,sampleCode,samplingMethod,totalSampledArea,targetTaxaPresent,adultCount,nymphCount,larvaCount,sampleCondition,samplingProtocolVersion,measuredBy,remarks
"e9142763-ad02-46f9-baf1-a341baedf7f0","ORNL_002.tickPlot.tck","D07","ORNL","ORNL_002","distributed","deciduousForest",35.983090,-84.211654,"WGS84",20.3,338.6,0.5,"2014-08-04T13:45Z","ORNL.2014.31","ORNL_002.20140804",,"drag and flag",160,"Y",0,35,329,"No known compromise","NEON.DOC.014045vD","c9fqInG1ql2wFVwRaHTb4w==",
"31da1879-c613-44eb-a510-32e71f2f1b58","ORNL_040.tickPlot.tck","D07","ORNL","ORNL_040","distributed","evergreenForest",35.975525,-84.305103,"WGS84",20.2,273.2,0.2,"2014-08-04T14:10Z","ORNL.2014.31","ORNL_040.20140804",,"drag and flag",170,"Y",0,1,197,"No known compromise","NEON.DOC.014045vD","6fywgNEEU9zI7rOq8gCCvQ==",
"8ac9e372-521a-4941-ba7f-6b2ebcf8c426","ORNL_009.tickPlot.tck","D07","ORNL","ORNL_009","distributed","deciduousForest",35.974902,-84.226630,"WGS84",20.2,337.1,0.2,"2014-08-04T15:20Z","ORNL.2014.31","ORNL_009.20140804",,"drag and flag",160,"Y",0,13,719,"No known compromise","NEON.DOC.014045vD","c9fqInG1ql2wFVwRaHTb4w==",
"87b44c8a-2e0a-4dd4-af38-42cf88babb24","ORNL_008.tickPlot.tck","D07","ORNL","ORNL_008","distributed","deciduousForest",35.933531,-84.334016,"WGS84",20.3,322.7,0.3,"2014-08-04T15:40Z","ORNL.2014.31","ORNL_008.20140804",,"drag and flag",160,"Y",0,38,16,"No known compromise","NEON.DOC.014045vD","5GzZFBu8PyjpNW/sPhpxwg==",
"bc563f73-b960-4dbc-8669-1048adf0d796","ORNL_003.tickPlot.tck","D07","ORNL","ORNL_003","distributed","deciduousForest",35.967011,-84.229849,"WGS84",20.2,275.5,0.2,"2014-08-04T17:00Z","ORNL.2014.31","ORNL_003.20140804",,"drag and flag",160,"Y",0,3,494,"No known compromise","NEON.DOC.014045vD","c9fqInG1ql2wFVwRaHTb4w==",
"1b3ef11b-404c-4635-9619-44546bd001c3","ORNL_007.tickPlot.tck","D07","ORNL","ORNL_007","distributed","deciduousForest",35.925843,-84.328420,"WGS84",20.2,279.4,0.5,"2014-08-04T17:00Z","ORNL.2014.31","ORNL_007.20140804",,"drag and flag",175,"Y",1,3,2740,"No known compromise","NEON.DOC.014045vD","iVyFvhFyJa+IxLlmxrePEQ==",
"1c1176d7-06f7-4cb5-aa4d-517c91745d6a","ORNL_040.tickPlot.tck","D07","ORNL","ORNL_040","distributed","evergreenForest",35.975525,-84.305103,"WGS84",20.2,273.2,0.2,"2014-08-25T12:15Z","ORNL.2014.34","ORNL_040.20140825",,"drag and flag",170,"Y",0,1,362,"No known compromise","NEON.DOC.014045vD","iVyFvhFyJa+IxLlmxrePEQ==",
"28531e07-9aa3-426f-bacd-4957b0f5df81","ORNL_008.tickPlot.tck","D07","ORNL","ORNL_008","distributed","deciduousForest",35.933531,-84.334016,"WGS84",20.3,322.7,0.3,"2014-08-25T14:00Z","ORNL.2014.34","ORNL_008.20140825",,"drag and flag",160,"Y",0,25,27,"No known compromise","NEON.DOC.014045vD","iVyFvhFyJa+IxLlmxrePEQ==",
"18ab189e-ef31-4561-a037-39c6ec4dfae4","ORNL_007.tickPlot.tck","D07","ORNL","ORNL_007","distributed","deciduousForest",35.925843,-84.328420,"WGS84",20.2,279.4,0.5,"2014-08-25T15:00Z","ORNL.2014.34","ORNL_007.20140825",,"drag and flag",165,"Y",0,7,2004,"No known compromise","NEON.DOC.014045vD","fXs5IXoedECpuxoUybeyTg==",
"69734d6f-b626-428f-90b9-f942bbce3e63","ORNL_003.tickPlot.tck","D07","ORNL","ORNL_003","distributed","deciduousForest",35.967011,-84.229849,"WGS84",20.2,275.5,0.2,"2014-08-25T16:54Z","ORNL.2014.34","ORNL_003.20140825",,"drag and flag",165,"Y",0,3,75,"No known compromise","NEON.DOC.014045vD","fXs5IXoedECpuxoUybeyTg==",
"8906f116-50a6-40d9-ac1e-0ac58dd6f891","ORNL_009.tickPlot.tck","D07","ORNL","ORNL_009","distributed","deciduousForest",35.974902,-84.226630,"WGS84",20.2,337.1,0.2,"2014-08-25T17:58Z","ORNL.2014.34","ORNL_009.20140825",,"drag and flag",160,"Y",0,12,723,"No known compromise","NEON.DOC.014045vD","iVyFvhFyJa+IxLlmxrePEQ==",
"9dda020c-581b-42bc-9112-e363b5eb5531","ORNL_002.tickPlot.tck","D07","ORNL","ORNL_002","distributed","deciduousForest",35.983090,-84.211654,"WGS84",20.3,338.6,0.5,"2014-08-25T19:36Z","ORNL.2014.34","ORNL_002.20140825",,"drag and flag",170,"Y",0,8,99,"No known compromise","NEON.DOC.014045vD","fXs5IXoedECpuxoUybeyTg==",
