uid,namedLocation,date,domainID,siteID,plotID,plotType,nlcdClass,decimalLatitude,decimalLongitude,geodeticDatum,coordinateUncertainty,easting,northing,utmZone,elevation,elevationUncertainty,eventID,samplingProtocolVersion,treesPresent,treesAbsentList,shrubsPresent,shrubsAbsentList,lianasPresent,lianasAbsentList,nestedSubplotAreaShrubSapling,nestedSubplotAreaLiana,totalSampledAreaTrees,totalSampledAreaShrubSapling,totalSampledAreaLiana,remarks,measuredBy,recordedBy,dataQF
"60f5186f-d407-4c4b-b86f-8555465244d1","ABBY_063.basePlot.vst","2017-07-26","D16","ABBY","ABBY_063","tower","evergreenForest",45.760544,-122.330038,"WGS84",20.1,552100.00,5067661.08,"10N",363.3,0.1,"vst_ABBY_2017","NEON.DOC.000987vG","N",,"N",,"N",,"noneSelected","noneSelected",800,800,800,,"Mvo1bt03JMTZR6DZIA23lJNZxcUJiaM9uFJUitaYL48=","8kXoOpAOzaUMpv0WDeMaGRfSZUXYrtMVEL8cHv62ER4=",
"7d3e2d64-8760-4830-bafd-cb4a0533f3ab","ABBY_068.basePlot.vst","2017-07-26","D16","ABBY","ABBY_068","tower","evergreenForest",45.760541,-122.328492,"WGS84",20.1,552220.23,5067661.76,"10N",366.6,0.1,"vst_ABBY_2017","NEON.DOC.000987vG","N",,"N",,"N",,"25","noneSelected",800,100,800,,"6GcJ3e14hu2LGG3nGEbIL3jvGLpI7eRMz84sdZxzGcA=","a/0SlN26fEtmJ3LLysIxkaRUfZvckIBE",
"22e95616-8485-492e-9b04-4905009186e5","ABBY_069.basePlot.vst","2017-07-27","D16","ABBY","ABBY_069","tower","grasslandHerbaceous",45.761620,-122.327336,"WGS84",20.1,552309.12,5067782.39,"10N",369.0,0.1,"vst_ABBY_2017","NEON.DOC.000987vG","N",,"N",,"N",,"100","noneSelected",800,400,800,,"n6C8QabM4GRwBBSExkcug8ZHbDzuixegaGvj2qZxMy8=","a/0SlN26fEtmJ3LLysIxkaRUfZvckIBE",
"f3a94e51-57b8-4949-a663-80b9df0bb17f","ABBY_061.basePlot.vst","2017-07-27","D16","ABBY","ABBY_061","tower","evergreenForest",45.762451,-122.331158,"WGS84",20.1,552011.14,5067872.22,"10N",362.8,0.1,"vst_ABBY_2017","NEON.DOC.000987vG","N",,"N",,"N",,"100","noneSelected",800,400,800,"21.1 corner is fairly trampled","8kXoOpAOzaUMpv0WDeMaGRfSZUXYrtMVEL8cHv62ER4=","Mvo1bt03JMTZR6DZIA23lJNZxcUJiaM9uFJUitaYL48=",
"bd32a472-8278-45eb-a90b-557509fdb6d1","ABBY_065.basePlot.vst","2017-07-27","D16","ABBY","ABBY_065","tower","grasslandHerbaceous",45.762196,-122.333084,"WGS84",20.1,551861.60,5067842.64,"10N",357.0,0.1,"vst_ABBY_2017","NEON.DOC.000987vG","Y","presentInAll","Y","presentInAll","N",,"25","noneSelected",800,100,800,"Pt 43 is both South and West of cardinal. 41.1 is mildly affected. 41.4 is highly affected. REDUCED NESTED PER NEON-10460 nestedSubplotShrubSapling changed from 100 m2 to 25m2","tVmsHvU48bLy1stjrb+Uos0Ca8JyM7gnatLsj09kBuI=","XF7+6w3ZdG4dkrdZbAxOAZtdZV1tlY7Km4jqFmsFyAs=",
"95605c31-6306-455c-b34b-3b59b65bf820","ABBY_067.basePlot.vst","2017-07-27","D16","ABBY","ABBY_067","tower","evergreenForest",45.760563,-122.331558,"WGS84",20.1,551981.78,5067662.20,"10N",359.9,0.1,"vst_ABBY_2017","NEON.DOC.000987vG","Y",,"Y",,"N",,"25","noneSelected",800,100,800,,"6GcJ3e14hu2LGG3nGEbIL3jvGLpI7eRMz84sdZxzGcA=","Mvo1bt03JMTZR6DZIA23lJNZxcUJiaM9uFJUitaYL48=",
"2e4f5a82-a81b-4a2c-98d3-45a269eee56a","ABBY_070.basePlot.vst","2017-07-31","D16","ABBY","ABBY_070","tower","evergreenForest",45.761364,-122.330792,"WGS84",20.1,552040.61,5067751.69,"10N",364.3,0.1,"vst_ABBY_2017","NEON.DOC.000987vG","Y","presentInAll","Y","presentInAll","N",,"100","noneSelected",800,400,800,,"tVmsHvU48bLy1stjrb+Uos0Ca8JyM7gnatLsj09kBuI=","XF7+6w3ZdG4dkrdZbAxOAZtdZV1tlY7Km4jqFmsFyAs=",
