uid,namedLocation,date,eventID,domainID,siteID,plotID,subplotID,individualID,tagStatus,growthForm,plantStatus,stemDiameter,measurementHeight,height,baseCrownHeight,breakHeight,breakDiameter,maxCrownDiameter,ninetyCrownDiameter,canopyPosition,shape,basalStemDiameter,basalStemDiameterMsrmntHeight,maxBaseCrownDiameter,ninetyBaseCrownDiameter,remarks,recordedBy,measuredBy,dataQF
"f9a2e5b9-37af-463d-9996-232870154c9b","ABBY_061.basePlot.vst","2017-07-27","vst_ABBY_2017","D16","ABBY","ABBY_061",,"NEON.PLA.D16.ABBY.00702","ok","small tree","Live",8.5,146,7.4,,,,,,,,,,,,,"Mvo1bt03JMTZR6DZIA23lJNZxcUJiaM9uFJUitaYL48=","8kXoOpAOzaUMpv0WDeMaGRfSZUXYrtMVEL8cHv62ER4=","legacyData"
"58795062-9495-4116-99bd-e5d052231c5a","ABBY_061.basePlot.vst","2017-07-27","vst_ABBY_2017","D16","ABBY","ABBY_061",,"NEON.PLA.D16.ABBY.00948","ok","single bole tree","Live",12.0,130,8.3,,,,,,,,,,,,,"Mvo1bt03JMTZR6DZIA23lJNZxcUJiaM9uFJUitaYL48=","8kXoOpAOzaUMpv0WDeMaGRfSZUXYrtMVEL8cHv62ER4=","legacyData"
"efc4fbd7-103a-4502-88f1-d735dcc74399","ABBY_061.basePlot.vst","2017-07-27","vst_ABBY_2017","D16","ABBY","ABBY_061",,"NEON.PLA.D16.ABBY.00937","ok","single shrub","Live",2.0,123,3.3,,,,4.0,3.4,,"inverted cone",6.6,10,0.40,0.30,,"Mvo1bt03JMTZR6DZIA23lJNZxcUJiaM9uFJUitaYL48=","8kXoOpAOzaUMpv0WDeMaGRfSZUXYrtMVEL8cHv62ER4=","legacyData"
"0601aa72-0262-4817-9453-43b816b654c1","ABBY_061.basePlot.vst","2017-07-27","vst_ABBY_2017","D16","ABBY","ABBY_061",,"NEON.PLA.D16.ABBY.00936","ok","small shrub","Live",,,0.9,0.5,,,0.8,0.4,,"ellipsoid or sphere",10.2,10,,,,"Mvo1bt03JMTZR6DZIA23lJNZxcUJiaM9uFJUitaYL48=","8kXoOpAOzaUMpv0WDeMaGRfSZUXYrtMVEL8cHv62ER4=","legacyData"
"f4ed263a-3ea9-4f96-ac3a-361177bf383a","ABBY_061.basePlot.vst","2017-07-27","vst_ABBY_2017","D16","ABBY","ABBY_061",,"NEON.PLA.D16.ABBY.00718","ok","single bole tree","Live",11.6,130,8.5,,,,,,,,,,,,,"Mvo1bt03JMTZR6DZIA23lJNZxcUJiaM9uFJUitaYL48=","8kXoOpAOzaUMpv0WDeMaGRfSZUXYrtMVEL8cHv62ER4=","legacyData"
"5802d428-c6bb-48bf-b073-f59dba716677","ABBY_061.basePlot.vst","2017-07-27","vst_ABBY_2017","D16","ABBY","ABBY_061",,"NEON.PLA.D16.ABBY.00893","ok","single shrub","Live",1.2,130,2.6,,,,2.3,2.2,,"inverted cone",2.0,10,0.60,0.40,,"Mvo1bt03JMTZR6DZIA23lJNZxcUJiaM9uFJUitaYL48=","8kXoOpAOzaUMpv0WDeMaGRfSZUXYrtMVEL8cHv62ER4=","legacyData"
"191146a7-0d5e-4467-98db-a9c858fef7f4","ABBY_061.basePlot.vst","2017-07-27","vst_ABBY_2017","D16","ABBY","ABBY_061",,"NEON.PLA.D16.ABBY.00534","ok","small tree","Live",1.2,130,2.5,,,,,,,,,,,,,"Mvo1bt03JMTZR6DZIA23lJNZxcUJiaM9uFJUitaYL48=","8kXoOpAOzaUMpv0WDeMaGRfSZUXYrtMVEL8cHv62ER4=","legacyData"
"b4ea25d0-e60a-4a9e-a397-ec66a818ec0a","ABBY_061.basePlot.vst","2017-07-27","vst_ABBY_2017","D16","ABBY","ABBY_061",,"NEON.PLA.D16.ABBY.00900","ok","single bole tree","Live",12.7,134,9.1,,,,,,,,,,,,,"Mvo1bt03JMTZR6DZIA23lJNZxcUJiaM9uFJUitaYL48=","8kXoOpAOzaUMpv0WDeMaGRfSZUXYrtMVEL8cHv62ER4=","legacyData"
"4641124e-d887-4213-901d-2684957f53f5","ABBY_061.basePlot.vst","2017-07-27","vst_ABBY_2017","D16","ABBY","ABBY_061",,"NEON.PLA.D16.ABBY.00529","ok","single bole tree","Live",10.5,124,6.6,,,,,,,,,,,,,"Mvo1bt03JMTZR6DZIA23lJNZxcUJiaM9uFJUitaYL48=","8kXoOpAOzaUMpv0WDeMaGRfSZUXYrtMVEL8cHv62ER4=","legacyData"
"b73600d2-35f9-48c0-902e-a789166e7b93","ABBY_061.basePlot.vst","2017-07-27","vst_ABBY_2017","D16","ABBY","ABBY_061",,"NEON.PLA.D16.ABBY.00726","ok","small tree","Live",9.8,130,8.2,,,,,,,,,,,,,"Mvo1bt03JMTZR6DZIA23lJNZxcUJiaM9uFJUitaYL48=","8kXoOpAOzaUMpv0WDeMaGRfSZUXYrtMVEL8cHv62ER4=","legacyData"
"975a714e-2bf8-4866-8332-b59b2e272cca","ABBY_061.basePlot.vst","2017-07-27","vst_ABBY_2017","D16","ABBY","ABBY_061",,"NEON.PLA.D16.ABBY.00715","ok","sapling","Live, physically damaged",,,0.8,,,,,,,,1.2,10,,,"browsed. stem broken at fork","Mvo1bt03JMTZR6DZIA23lJNZxcUJiaM9uFJUitaYL48=","8kXoOpAOzaUMpv0WDeMaGRfSZUXYrtMVEL8cHv62ER4=","legacyData"
"6a412297-44bf-46d5-a91c-1fbc63159a91","ABBY_061.basePlot.vst","2017-07-27","vst_ABBY_2017","D16","ABBY","ABBY_061",,"NEON.PLA.D16.ABBY.00893","ok","single shrub","Live",1.2,130,2.6,,,,2.3,2.2,,"inverted cone",1.9,10,0.60,0.40,,"Mvo1bt03JMTZR6DZIA23lJNZxcUJiaM9uFJUitaYL48=","8kXoOpAOzaUMpv0WDeMaGRfSZUXYrtMVEL8cHv62ER4=","legacyData"
"39c6e89a-1dcb-4829-a0e3-df9739c80b37","ABBY_061.basePlot.vst","2017-07-27","vst_ABBY_2017","D16","ABBY","ABBY_061",,"NEON.PLA.D16.ABBY.00654","ok","single bole tree","Live",14.4,130,8.7,,,,,,,,,,,,,"Mvo1bt03JMTZR6DZIA23lJNZxcUJiaM9uFJUitaYL48=","8kXoOpAOzaUMpv0WDeMaGRfSZUXYrtMVEL8cHv62ER4=","legacyData"
"c575261c-c2fa-4f52-9564-d2d4b6482b7a","ABBY_061.basePlot.vst","2017-07-27","vst_ABBY_2017","D16","ABBY","ABBY_061",,"NEON.PLA.D16.ABBY.00941","ok","small tree","Live",1.5,130,2.7,,,,,,,,,,,,,"Mvo1bt03JMTZR6DZIA23lJNZxcUJiaM9uFJUitaYL48=","8kXoOpAOzaUMpv0WDeMaGRfSZUXYrtMVEL8cHv62ER4=","legacyData"
"a67a4bba-6276-482b-98d9-7469757a91da","ABBY_061.basePlot.vst","2017-07-27","vst_ABBY_2017","D16","ABBY","ABBY_061",,"NEON.PLA.D16.ABBY.00712","ok","single bole tree","Live",12.0,128,7.5,,,,,,,,,,,,,"Mvo1bt03JMTZR6DZIA23lJNZxcUJiaM9uFJUitaYL48=","8kXoOpAOzaUMpv0WDeMaGRfSZUXYrtMVEL8cHv62ER4=","legacyData"
"bafac6cd-9fbc-4911-ad82-2b97bea56e8c","ABBY_061.basePlot.vst","2017-07-27","vst_ABBY_2017","D16","ABBY","ABBY_061",,"NEON.PLA.D16.ABBY.00657","ok","small tree","Live",6.5,130,5.0,,,,,,,,,,,,,"Mvo1bt03JMTZR6DZIA23lJNZxcUJiaM9uFJUitaYL48=","8kXoOpAOzaUMpv0WDeMaGRfSZUXYrtMVEL8cHv62ER4=","legacyData"
"ffac5083-799e-431d-93c9-074fdec7c47d","ABBY_061.basePlot.vst","2017-07-27","vst_ABBY_2017","D16","ABBY","ABBY_061",,"NEON.PLA.D16.ABBY.00893","ok","single shrub","Live",1.8,130,2.6,,,,2.3,2.2,,"inverted cone",3.0,10,0.60,0.40,,"Mvo1bt03JMTZR6DZIA23lJNZxcUJiaM9uFJUitaYL48=","8kXoOpAOzaUMpv0WDeMaGRfSZUXYrtMVEL8cHv62ER4=","legacyData"
"c7e9e44b-c6e0-461e-952c-853a49a0da1a","ABBY_061.basePlot.vst","2017-07-27","vst_ABBY_2017","D16","ABBY","ABBY_061",,"NEON.PLA.D16.ABBY.00521","ok","small tree","Live",2.5,128,3.3,,,,,,,,,,,,,"Mvo1bt03JMTZR6DZIA23lJNZxcUJiaM9uFJUitaYL48=","8kXoOpAOzaUMpv0WDeMaGRfSZUXYrtMVEL8cHv62ER4=","legacyData"
"f1a9d9cd-816f-497a-a3a6-36706f5f42a6","ABBY_061.basePlot.vst","2017-07-27","vst_ABBY_2017","D16","ABBY","ABBY_061",,"NEON.PLA.D16.ABBY.00939","ok","small tree","Live",1.0,130,2.4,,,,,,,,,,,,,"Mvo1bt03JMTZR6DZIA23lJNZxcUJiaM9uFJUitaYL48=","8kXoOpAOzaUMpv0WDeMaGRfSZUXYrtMVEL8cHv62ER4=","legacyData"
"da078229-76c3-451f-9de4-e84005a7a0e3","ABBY_061.basePlot.vst","2017-07-27","vst_ABBY_2017","D16","ABBY","ABBY_061",,"NEON.PLA.D16.ABBY.00660","ok","single bole tree","Dead, broken bole",42.2,130,3.5,,9.5,,,,,,,,,,,"Mvo1bt03JMTZR6DZIA23lJNZxcUJiaM9uFJUitaYL48=","8kXoOpAOzaUMpv0WDeMaGRfSZUXYrtMVEL8cHv62ER4=","legacyData"
"e361c319-ca9c-4a4e-afc9-5905aba73251","ABBY_061.basePlot.vst","2017-07-27","vst_ABBY_2017","D16","ABBY","ABBY_061",,"NEON.PLA.D16.ABBY.00950","ok","small tree","Live",13.5,128,8.6,,,,,,,,,,,,,"Mvo1bt03JMTZR6DZIA23lJNZxcUJiaM9uFJUitaYL48=","8kXoOpAOzaUMpv0WDeMaGRfSZUXYrtMVEL8cHv62ER4=","legacyData"
"5807aff6-1831-42cc-a915-64b045c152a9","ABBY_061.basePlot.vst","2017-07-27","vst_ABBY_2017","D16","ABBY","ABBY_061",,"NEON.PLA.D16.ABBY.00893","ok","single shrub","Live",1.6,130,2.6,,,,2.3,2.2,,"inverted cone",2.7,10,0.60,0.40,,"Mvo1bt03JMTZR6DZIA23lJNZxcUJiaM9uFJUitaYL48=","8kXoOpAOzaUMpv0WDeMaGRfSZUXYrtMVEL8cHv62ER4=","legacyData"
"052b1810-881f-415d-afa6-749fb9403f84","ABBY_061.basePlot.vst","2017-07-27","vst_ABBY_2017","D16","ABBY","ABBY_061",,"NEON.PLA.D16.ABBY.00715","ok","sapling","Live, physically damaged",,,0.8,,,,,,,,1.7,10,,,"crown damaged. browsed","Mvo1bt03JMTZR6DZIA23lJNZxcUJiaM9uFJUitaYL48=","8kXoOpAOzaUMpv0WDeMaGRfSZUXYrtMVEL8cHv62ER4=","legacyData"
"5e6ec210-f1ad-4979-b61e-2e6300f2db50","ABBY_061.basePlot.vst","2017-07-27","vst_ABBY_2017","D16","ABBY","ABBY_061",,"NEON.PLA.D16.ABBY.00711","ok","single bole tree","Live",10.5,130,8.1,,,,,,,,,,,,"measured at 125 during previous bout- also 10.5 diameter","Mvo1bt03JMTZR6DZIA23lJNZxcUJiaM9uFJUitaYL48=","8kXoOpAOzaUMpv0WDeMaGRfSZUXYrtMVEL8cHv62ER4=","legacyData"
"5fbe7f25-5184-4d38-acaa-84f312489f0b","ABBY_061.basePlot.vst","2017-07-27","vst_ABBY_2017","D16","ABBY","ABBY_061",,"NEON.PLA.D16.ABBY.00943","ok","small tree","Live",1.0,130,2.1,,,,,,,,,,,,,"Mvo1bt03JMTZR6DZIA23lJNZxcUJiaM9uFJUitaYL48=","8kXoOpAOzaUMpv0WDeMaGRfSZUXYrtMVEL8cHv62ER4=","legacyData"
"5ffa4422-6623-4378-96ca-202120236e60","ABBY_061.basePlot.vst","2017-07-27","vst_ABBY_2017","D16","ABBY","ABBY_061",,"NEON.PLA.D16.ABBY.00890","ok","small tree","Live",1.0,130,2.1,,,,,,,,,,,,,"Mvo1bt03JMTZR6DZIA23lJNZxcUJiaM9uFJUitaYL48=","8kXoOpAOzaUMpv0WDeMaGRfSZUXYrtMVEL8cHv62ER4=","legacyData"
"f1a1d23a-0d9d-41f4-92a6-71d1e160d179","ABBY_061.basePlot.vst","2017-07-27","vst_ABBY_2017","D16","ABBY","ABBY_061",,"NEON.PLA.D16.ABBY.00895","ok","single bole tree","Live, disease damaged",10.2,130,7.9,,,,,,,,,,,,"swiss needle cast","Mvo1bt03JMTZR6DZIA23lJNZxcUJiaM9uFJUitaYL48=","8kXoOpAOzaUMpv0WDeMaGRfSZUXYrtMVEL8cHv62ER4=","legacyData"
"42c8ac5a-ece0-418e-b78b-05ed180df1bd","ABBY_061.basePlot.vst","2017-07-27","vst_ABBY_2017","D16","ABBY","ABBY_061",,"NEON.PLA.D16.ABBY.00893","ok","single shrub","Live",1.9,130,2.6,,,,2.3,2.2,,"inverted cone",3.0,10,0.60,0.40,,"Mvo1bt03JMTZR6DZIA23lJNZxcUJiaM9uFJUitaYL48=","8kXoOpAOzaUMpv0WDeMaGRfSZUXYrtMVEL8cHv62ER4=","legacyData"
"dce6b54e-a9bf-4edc-b5f0-bf6c14ce8932","ABBY_061.basePlot.vst","2017-07-27","vst_ABBY_2017","D16","ABBY","ABBY_061",,"NEON.PLA.D16.ABBY.03155","ok","small shrub","Live, physically damaged",,,1.8,0.3,,,0.7,0.4,,"ellipsoid or sphere",1.0,10,,,,"Mvo1bt03JMTZR6DZIA23lJNZxcUJiaM9uFJUitaYL48=","8kXoOpAOzaUMpv0WDeMaGRfSZUXYrtMVEL8cHv62ER4=","legacyData"
"5e24c8de-39c6-49ee-a815-aea744e9d5e8","ABBY_061.basePlot.vst","2017-07-27","vst_ABBY_2017","D16","ABBY","ABBY_061",,"NEON.PLA.D16.ABBY.00935","ok","sapling","Live",,,2.0,,,,,,,,1.4,10,,,,"Mvo1bt03JMTZR6DZIA23lJNZxcUJiaM9uFJUitaYL48=","8kXoOpAOzaUMpv0WDeMaGRfSZUXYrtMVEL8cHv62ER4=","legacyData"
"100d9223-acf3-47a3-8c2b-5f9337c8f86f","ABBY_061.basePlot.vst","2017-07-27","vst_ABBY_2017","D16","ABBY","ABBY_061",,"NEON.PLA.D16.ABBY.00942","ok","sapling","Live",,,2.3,,,,,,,,2.0,10,,,,"Mvo1bt03JMTZR6DZIA23lJNZxcUJiaM9uFJUitaYL48=","8kXoOpAOzaUMpv0WDeMaGRfSZUXYrtMVEL8cHv62ER4=","legacyData"
"b59adcd4-e949-44e9-ab7a-13a79ed85996","ABBY_061.basePlot.vst","2017-07-27","vst_ABBY_2017","D16","ABBY","ABBY_061",,"NEON.PLA.D16.ABBY.00722","ok","single bole tree","Live",11.0,130,8.3,,,,,,,,,,,,,"Mvo1bt03JMTZR6DZIA23lJNZxcUJiaM9uFJUitaYL48=","8kXoOpAOzaUMpv0WDeMaGRfSZUXYrtMVEL8cHv62ER4=","legacyData"
"20f159df-e98c-464c-93a3-771c8ac3041d","ABBY_061.basePlot.vst","2017-07-27","vst_ABBY_2017","D16","ABBY","ABBY_061",,"NEON.PLA.D16.ABBY.00714","ok","small tree","Live",9.9,130,7.1,,,,,,,,,,,,,"Mvo1bt03JMTZR6DZIA23lJNZxcUJiaM9uFJUitaYL48=","8kXoOpAOzaUMpv0WDeMaGRfSZUXYrtMVEL8cHv62ER4=","legacyData"
"d4525ce1-5ed9-4fbb-9825-ca66a020e35f","ABBY_061.basePlot.vst","2017-07-27","vst_ABBY_2017","D16","ABBY","ABBY_061",,"NEON.PLA.D16.ABBY.03158","ok","sapling","Live",,,0.9,,,,,,,,1.0,10,,,,"Mvo1bt03JMTZR6DZIA23lJNZxcUJiaM9uFJUitaYL48=","8kXoOpAOzaUMpv0WDeMaGRfSZUXYrtMVEL8cHv62ER4=","legacyData"
"cfd6e98c-205f-4a4e-b25a-5c00e7f39257","ABBY_061.basePlot.vst","2017-07-27","vst_ABBY_2017","D16","ABBY","ABBY_061",,"NEON.PLA.D16.ABBY.00728","ok","small tree","Live",9.5,130,7.4,,,,,,,,,,,,,"Mvo1bt03JMTZR6DZIA23lJNZxcUJiaM9uFJUitaYL48=","8kXoOpAOzaUMpv0WDeMaGRfSZUXYrtMVEL8cHv62ER4=","legacyData"
"b0726905-2380-49c2-8d0c-bac6b9840536","ABBY_061.basePlot.vst","2017-07-27","vst_ABBY_2017","D16","ABBY","ABBY_061",,"NEON.PLA.D16.ABBY.00720","ok","small tree","Live",2.7,130,4.4,,,,,,,,,,,,,"Mvo1bt03JMTZR6DZIA23lJNZxcUJiaM9uFJUitaYL48=","8kXoOpAOzaUMpv0WDeMaGRfSZUXYrtMVEL8cHv62ER4=","legacyData"
"62b9f476-df61-429e-a147-0a560fa43f58","ABBY_061.basePlot.vst","2017-07-27","vst_ABBY_2017","D16","ABBY","ABBY_061",,"NEON.PLA.D16.ABBY.00893","ok","single shrub","Live",1.4,130,2.6,,,,2.3,2.2,,"inverted cone",3.4,10,0.60,0.40,,"Mvo1bt03JMTZR6DZIA23lJNZxcUJiaM9uFJUitaYL48=","8kXoOpAOzaUMpv0WDeMaGRfSZUXYrtMVEL8cHv62ER4=","legacyData"
"1514998d-d8b2-41bc-948f-2060dfa4e978","ABBY_061.basePlot.vst","2017-07-27","vst_ABBY_2017","D16","ABBY","ABBY_061",,"NEON.PLA.D16.ABBY.03157","ok","sapling","Live, disease damaged",,,1.2,,,,,,,,1.2,10,,,"bole damage","Mvo1bt03JMTZR6DZIA23lJNZxcUJiaM9uFJUitaYL48=","8kXoOpAOzaUMpv0WDeMaGRfSZUXYrtMVEL8cHv62ER4=","legacyData"
"7362650a-ad2f-490a-9d9d-42e1d8a207d3","ABBY_061.basePlot.vst","2017-07-27","vst_ABBY_2017","D16","ABBY","ABBY_061",,"NEON.PLA.D16.ABBY.00891","ok","single shrub","Live",1.4,130,,,,,,,,"inverted cone",1.7,10,,,,"Mvo1bt03JMTZR6DZIA23lJNZxcUJiaM9uFJUitaYL48=","8kXoOpAOzaUMpv0WDeMaGRfSZUXYrtMVEL8cHv62ER4=","legacyData"
"255e0145-4208-4084-adc8-f1adbac0f7c2","ABBY_061.basePlot.vst","2017-07-27","vst_ABBY_2017","D16","ABBY","ABBY_061",,"NEON.PLA.D16.ABBY.00643","ok","single bole tree","Live",12.2,120,6.6,,,,,,,,,,,,,"Mvo1bt03JMTZR6DZIA23lJNZxcUJiaM9uFJUitaYL48=","8kXoOpAOzaUMpv0WDeMaGRfSZUXYrtMVEL8cHv62ER4=","legacyData"
"f9a149e7-42c6-401c-89a8-f5261ea6707d","ABBY_061.basePlot.vst","2017-07-27","vst_ABBY_2017","D16","ABBY","ABBY_061",,"NEON.PLA.D16.ABBY.00724","ok","small tree","Live",2.4,130,3.2,,,,,,,,,,,,,"Mvo1bt03JMTZR6DZIA23lJNZxcUJiaM9uFJUitaYL48=","8kXoOpAOzaUMpv0WDeMaGRfSZUXYrtMVEL8cHv62ER4=","legacyData"
"bd3a0581-6d6e-4ecc-b626-fc1b2aea6c5a","ABBY_061.basePlot.vst","2017-07-27","vst_ABBY_2017","D16","ABBY","ABBY_061",,"NEON.PLA.D16.ABBY.00898","ok","sapling","Live, physically damaged",,,1.2,,,,,,,,1.1,10,,,"browsed bole/crown","Mvo1bt03JMTZR6DZIA23lJNZxcUJiaM9uFJUitaYL48=","8kXoOpAOzaUMpv0WDeMaGRfSZUXYrtMVEL8cHv62ER4=","legacyData"
"e4444c7a-c74b-40ec-bf5a-9951f51bab55","ABBY_061.basePlot.vst","2017-07-27","vst_ABBY_2017","D16","ABBY","ABBY_061",,"NEON.PLA.D16.ABBY.00541","ok","single bole tree","Live",10.8,127,8.3,,,,,,,,,,,,,"Mvo1bt03JMTZR6DZIA23lJNZxcUJiaM9uFJUitaYL48=","8kXoOpAOzaUMpv0WDeMaGRfSZUXYrtMVEL8cHv62ER4=","legacyData"
"44c79d74-b83d-4ee7-a8d7-cfe463f0d41f","ABBY_061.basePlot.vst","2017-07-27","vst_ABBY_2017","D16","ABBY","ABBY_061",,"NEON.PLA.D16.ABBY.00940","ok","small tree","Live",1.6,138,2.8,,,,,,,,,,,,,"Mvo1bt03JMTZR6DZIA23lJNZxcUJiaM9uFJUitaYL48=","8kXoOpAOzaUMpv0WDeMaGRfSZUXYrtMVEL8cHv62ER4=","legacyData"
"b19325a2-6410-4a4c-8519-cb825fb4b6ae","ABBY_061.basePlot.vst","2017-07-27","vst_ABBY_2017","D16","ABBY","ABBY_061",,"NEON.PLA.D16.ABBY.00937","ok","single shrub","Live",2.1,129,3.3,,,,4.0,3.4,,"inverted cone",6.1,10,0.40,0.30,,"Mvo1bt03JMTZR6DZIA23lJNZxcUJiaM9uFJUitaYL48=","8kXoOpAOzaUMpv0WDeMaGRfSZUXYrtMVEL8cHv62ER4=","legacyData"
"be711ea8-e0e0-4ede-b5a9-33570a2a80fc","ABBY_061.basePlot.vst","2017-07-27","vst_ABBY_2017","D16","ABBY","ABBY_061",,"NEON.PLA.D16.ABBY.00719","ok","sapling","Live, physically damaged",,,1.0,,,,,,,,1.5,10,,,"knocked over by broken ferns","Mvo1bt03JMTZR6DZIA23lJNZxcUJiaM9uFJUitaYL48=","8kXoOpAOzaUMpv0WDeMaGRfSZUXYrtMVEL8cHv62ER4=","legacyData"
"da994a1c-c836-4600-84d0-61190be7e9d8","ABBY_061.basePlot.vst","2017-07-27","vst_ABBY_2017","D16","ABBY","ABBY_061",,"NEON.PLA.D16.ABBY.00944","ok","single shrub","Live",1.9,120,2.7,,,,2.6,2.5,,"inverted cone",2.5,10,0.50,0.50,,"Mvo1bt03JMTZR6DZIA23lJNZxcUJiaM9uFJUitaYL48=","8kXoOpAOzaUMpv0WDeMaGRfSZUXYrtMVEL8cHv62ER4=","legacyData"
"46fec03e-6d08-46b1-8e0a-55ff7893b65d","ABBY_061.basePlot.vst","2017-07-27","vst_ABBY_2017","D16","ABBY","ABBY_061",,"NEON.PLA.D16.ABBY.00893","ok","single shrub","Live",1.4,130,2.6,,,,2.3,2.2,,"inverted cone",1.8,10,0.60,0.40,,"Mvo1bt03JMTZR6DZIA23lJNZxcUJiaM9uFJUitaYL48=","8kXoOpAOzaUMpv0WDeMaGRfSZUXYrtMVEL8cHv62ER4=","legacyData"
"2f5e0611-1514-4ac5-bdb8-d74ad14855da","ABBY_061.basePlot.vst","2017-07-27","vst_ABBY_2017","D16","ABBY","ABBY_061",,"NEON.PLA.D16.ABBY.00716","ok","single bole tree","Live",10.5,130,7.6,,,,,,,,,,,,,"Mvo1bt03JMTZR6DZIA23lJNZxcUJiaM9uFJUitaYL48=","8kXoOpAOzaUMpv0WDeMaGRfSZUXYrtMVEL8cHv62ER4=","legacyData"
"2c0c29a4-015f-4f93-b326-19afa6410c51","ABBY_061.basePlot.vst","2017-07-27","vst_ABBY_2017","D16","ABBY","ABBY_061",,"NEON.PLA.D16.ABBY.03150","ok","single bole tree","Live",10.5,130,7.3,,,,,,,,,,,,,"Mvo1bt03JMTZR6DZIA23lJNZxcUJiaM9uFJUitaYL48=","8kXoOpAOzaUMpv0WDeMaGRfSZUXYrtMVEL8cHv62ER4=","legacyData"
"77992d0d-3ab6-455a-bb23-d3cbdf28c470","ABBY_061.basePlot.vst","2017-07-27","vst_ABBY_2017","D16","ABBY","ABBY_061",,"NEON.PLA.D16.ABBY.00531","ok","small tree","Live",8.9,123,4.6,,,,,,,,,,,,,"Mvo1bt03JMTZR6DZIA23lJNZxcUJiaM9uFJUitaYL48=","8kXoOpAOzaUMpv0WDeMaGRfSZUXYrtMVEL8cHv62ER4=","legacyData"
"bcf44d17-b5c6-4567-ad18-84a90b0cc05b","ABBY_061.basePlot.vst","2017-07-27","vst_ABBY_2017","D16","ABBY","ABBY_061",,"NEON.PLA.D16.ABBY.00893","ok","single shrub","Live",1.8,130,2.6,,,,2.3,2.2,,"inverted cone",3.0,10,0.60,0.40,,"Mvo1bt03JMTZR6DZIA23lJNZxcUJiaM9uFJUitaYL48=","8kXoOpAOzaUMpv0WDeMaGRfSZUXYrtMVEL8cHv62ER4=","legacyData"
"91f0b49f-d542-4614-9928-243de5e6e708","ABBY_061.basePlot.vst","2017-07-27","vst_ABBY_2017","D16","ABBY","ABBY_061",,"NEON.PLA.D16.ABBY.03147","ok","sapling","Live",,,2.2,,,,,,,,1.3,10,,,,"Mvo1bt03JMTZR6DZIA23lJNZxcUJiaM9uFJUitaYL48=","8kXoOpAOzaUMpv0WDeMaGRfSZUXYrtMVEL8cHv62ER4=","legacyData"
"5aad4c1a-89f5-4c1e-815a-1ba75baaf00d","ABBY_061.basePlot.vst","2017-07-27","vst_ABBY_2017","D16","ABBY","ABBY_061",,"NEON.PLA.D16.ABBY.00723","ok","small tree","Live",1.4,130,2.5,,,,,,,,,,,,,"Mvo1bt03JMTZR6DZIA23lJNZxcUJiaM9uFJUitaYL48=","8kXoOpAOzaUMpv0WDeMaGRfSZUXYrtMVEL8cHv62ER4=","legacyData"
"7057ebeb-dcf4-422c-904a-9532d3ba44ae","ABBY_061.basePlot.vst","2017-07-27","vst_ABBY_2017","D16","ABBY","ABBY_061",,"NEON.PLA.D16.ABBY.00713","ok","small tree","Live",9.9,130,7.9,,,,,,,,,,,,"measured at 123cm during previous bout. amongst side branches","Mvo1bt03JMTZR6DZIA23lJNZxcUJiaM9uFJUitaYL48=","8kXoOpAOzaUMpv0WDeMaGRfSZUXYrtMVEL8cHv62ER4=","legacyData"
"398c9aa8-aaff-4c28-800e-7a2eda180146","ABBY_061.basePlot.vst","2017-07-27","vst_ABBY_2017","D16","ABBY","ABBY_061",,"NEON.PLA.D16.ABBY.03154","ok","small shrub","Live, physically damaged",,,1.1,0.1,,,1.4,1.2,,"ellipsoid or sphere",1.0,10,,,"crown damaged. browsed","Mvo1bt03JMTZR6DZIA23lJNZxcUJiaM9uFJUitaYL48=","8kXoOpAOzaUMpv0WDeMaGRfSZUXYrtMVEL8cHv62ER4=","legacyData"
"572011cb-1a8e-4908-ba1f-e7194e10ed82","ABBY_061.basePlot.vst","2017-07-27","vst_ABBY_2017","D16","ABBY","ABBY_061",,"NEON.PLA.D16.ABBY.00937","ok","single shrub","Live",1.6,130,3.3,,,,4.0,3.4,,"inverted cone",2.2,10,0.40,0.30,,"Mvo1bt03JMTZR6DZIA23lJNZxcUJiaM9uFJUitaYL48=","8kXoOpAOzaUMpv0WDeMaGRfSZUXYrtMVEL8cHv62ER4=","legacyData"
"48280dda-ba3c-45c0-babf-edad0c22c3fc","ABBY_061.basePlot.vst","2017-07-27","vst_ABBY_2017","D16","ABBY","ABBY_061",,"NEON.PLA.D16.ABBY.00721","ok","small tree","Live",8.6,130,7.3,,,,,,,,,,,,,"Mvo1bt03JMTZR6DZIA23lJNZxcUJiaM9uFJUitaYL48=","8kXoOpAOzaUMpv0WDeMaGRfSZUXYrtMVEL8cHv62ER4=","legacyData"
"74e54b5a-576a-45f5-a82f-f81c30c4832e","ABBY_061.basePlot.vst","2017-07-27","vst_ABBY_2017","D16","ABBY","ABBY_061",,"NEON.PLA.D16.ABBY.00655","ok","single bole tree","Live",11.0,123,7.3,,,,,,,,,,,,,"Mvo1bt03JMTZR6DZIA23lJNZxcUJiaM9uFJUitaYL48=","8kXoOpAOzaUMpv0WDeMaGRfSZUXYrtMVEL8cHv62ER4=","legacyData"
"2745ff18-b249-4493-b0cc-506797801702","ABBY_061.basePlot.vst","2017-07-27","vst_ABBY_2017","D16","ABBY","ABBY_061",,"NEON.PLA.D16.ABBY.00727","ok","small tree","Live",8.3,129,6.9,,,,,,,,,,,,,"Mvo1bt03JMTZR6DZIA23lJNZxcUJiaM9uFJUitaYL48=","8kXoOpAOzaUMpv0WDeMaGRfSZUXYrtMVEL8cHv62ER4=","legacyData"
"a1c6407d-fde1-4178-b5c4-02930da0fc46","ABBY_061.basePlot.vst","2017-07-27","vst_ABBY_2017","D16","ABBY","ABBY_061",,"NEON.PLA.D16.ABBY.00892","ok","sapling","Live, physically damaged",,,1.3,,,,,,,,1.3,10,,,"bole/crown damage- browsed","Mvo1bt03JMTZR6DZIA23lJNZxcUJiaM9uFJUitaYL48=","8kXoOpAOzaUMpv0WDeMaGRfSZUXYrtMVEL8cHv62ER4=","legacyData"
"f5138717-b9f1-42d7-9bfe-fb8935c86af4","ABBY_061.basePlot.vst","2017-07-27","vst_ABBY_2017","D16","ABBY","ABBY_061",,"NEON.PLA.D16.ABBY.00537","ok","sapling","Live",,,1.0,,,,,,,,1.3,10,,,,"Mvo1bt03JMTZR6DZIA23lJNZxcUJiaM9uFJUitaYL48=","8kXoOpAOzaUMpv0WDeMaGRfSZUXYrtMVEL8cHv62ER4=","legacyData"
"77edb3d9-d013-40d3-b221-2883430e7b57","ABBY_061.basePlot.vst","2017-07-27","vst_ABBY_2017","D16","ABBY","ABBY_061",,"NEON.PLA.D16.ABBY.00889","ok","single shrub","Live",1.6,130,2.7,,,,1.4,1.3,,"inverted cone",2.7,10,0.20,0.10,,"Mvo1bt03JMTZR6DZIA23lJNZxcUJiaM9uFJUitaYL48=","8kXoOpAOzaUMpv0WDeMaGRfSZUXYrtMVEL8cHv62ER4=","legacyData"
"7264f030-aea4-40d2-a701-09a90b0204cd","ABBY_061.basePlot.vst","2017-07-27","vst_ABBY_2017","D16","ABBY","ABBY_061",,"NEON.PLA.D16.ABBY.00540","ok","sapling","Live, physically damaged",,,1.2,,,,,,,,1.1,10,,,"crown damage","Mvo1bt03JMTZR6DZIA23lJNZxcUJiaM9uFJUitaYL48=","8kXoOpAOzaUMpv0WDeMaGRfSZUXYrtMVEL8cHv62ER4=","legacyData"
"2102e1a5-b74b-4034-abc5-f5c90bf16f28","ABBY_061.basePlot.vst","2017-07-27","vst_ABBY_2017","D16","ABBY","ABBY_061",,"NEON.PLA.D16.ABBY.03153","ok","sapling","Live",,,1.2,,,,,,,,1.2,10,,,,"Mvo1bt03JMTZR6DZIA23lJNZxcUJiaM9uFJUitaYL48=","8kXoOpAOzaUMpv0WDeMaGRfSZUXYrtMVEL8cHv62ER4=","legacyData"
"e8eb6127-d19c-4c79-ba6a-6b3d0ecdafc7","ABBY_061.basePlot.vst","2017-07-27","vst_ABBY_2017","D16","ABBY","ABBY_061",,"NEON.PLA.D16.ABBY.00654","ok","small tree","Live",5.9,133,5.2,,,,,,,,,,,,,"Mvo1bt03JMTZR6DZIA23lJNZxcUJiaM9uFJUitaYL48=","8kXoOpAOzaUMpv0WDeMaGRfSZUXYrtMVEL8cHv62ER4=","legacyData"
"604061b1-31d6-448b-9316-f830eb33dc3c","ABBY_061.basePlot.vst","2017-07-27","vst_ABBY_2017","D16","ABBY","ABBY_061",,"NEON.PLA.D16.ABBY.00896","ok","small tree","Live",1.0,130,2.3,,,,,,,,,,,,,"Mvo1bt03JMTZR6DZIA23lJNZxcUJiaM9uFJUitaYL48=","8kXoOpAOzaUMpv0WDeMaGRfSZUXYrtMVEL8cHv62ER4=","legacyData"
"ec0375c5-4922-42e3-9ed0-bdbfd180a445","ABBY_061.basePlot.vst","2017-07-27","vst_ABBY_2017","D16","ABBY","ABBY_061",,"NEON.PLA.D16.ABBY.00645","ok","sapling","Live, physically damaged",,,1.0,,,,,,,,1.6,10,,,"damage to crown","Mvo1bt03JMTZR6DZIA23lJNZxcUJiaM9uFJUitaYL48=","8kXoOpAOzaUMpv0WDeMaGRfSZUXYrtMVEL8cHv62ER4=","legacyData"
"9c6e9c08-6b18-4d21-9857-a8b65e3fc463","ABBY_061.basePlot.vst","2017-07-27","vst_ABBY_2017","D16","ABBY","ABBY_061",,"NEON.PLA.D16.ABBY.00651","ok","small tree","Live",9.9,143,7.1,,,,,,,,,,,,,"Mvo1bt03JMTZR6DZIA23lJNZxcUJiaM9uFJUitaYL48=","8kXoOpAOzaUMpv0WDeMaGRfSZUXYrtMVEL8cHv62ER4=","legacyData"
"6ca108f8-f532-4b95-9b85-60d11809f7c5","ABBY_061.basePlot.vst","2017-07-27","vst_ABBY_2017","D16","ABBY","ABBY_061",,"NEON.PLA.D16.ABBY.00647","ok","small tree","Live",9.8,143,6.7,,,,,,,,,,,,,"Mvo1bt03JMTZR6DZIA23lJNZxcUJiaM9uFJUitaYL48=","8kXoOpAOzaUMpv0WDeMaGRfSZUXYrtMVEL8cHv62ER4=","legacyData"
"06e285b9-52d3-411a-9482-59e16d9d7c07","ABBY_061.basePlot.vst","2017-07-27","vst_ABBY_2017","D16","ABBY","ABBY_061",,"NEON.PLA.D16.ABBY.00522","ok","sapling","Live",,,1.1,,,,,,,,2.1,7,,,,"Mvo1bt03JMTZR6DZIA23lJNZxcUJiaM9uFJUitaYL48=","8kXoOpAOzaUMpv0WDeMaGRfSZUXYrtMVEL8cHv62ER4=","legacyData"
"2fae817e-4801-4b57-856b-6aad293a85cd","ABBY_061.basePlot.vst","2017-07-27","vst_ABBY_2017","D16","ABBY","ABBY_061",,"NEON.PLA.D16.ABBY.03148","ok","single bole tree","Live",10.5,130,7.3,,,,,,,,,,,,,"Mvo1bt03JMTZR6DZIA23lJNZxcUJiaM9uFJUitaYL48=","8kXoOpAOzaUMpv0WDeMaGRfSZUXYrtMVEL8cHv62ER4=","legacyData"
"bec940d8-8e0a-4d5f-92a4-79ce925e00be","ABBY_061.basePlot.vst","2017-07-27","vst_ABBY_2017","D16","ABBY","ABBY_061",,"NEON.PLA.D16.ABBY.00710","ok","single bole tree","Live",12.8,129,7.5,,,,,,,,,,,,,"Mvo1bt03JMTZR6DZIA23lJNZxcUJiaM9uFJUitaYL48=","8kXoOpAOzaUMpv0WDeMaGRfSZUXYrtMVEL8cHv62ER4=","legacyData"
"ec2a54f3-e1ec-45f8-b224-0e51a7fe0b3c","ABBY_061.basePlot.vst","2017-07-27","vst_ABBY_2017","D16","ABBY","ABBY_061",,"NEON.PLA.D16.ABBY.00891","ok","single shrub","Live",1.1,130,,,,,,,,"inverted cone",2.5,10,,,,"Mvo1bt03JMTZR6DZIA23lJNZxcUJiaM9uFJUitaYL48=","8kXoOpAOzaUMpv0WDeMaGRfSZUXYrtMVEL8cHv62ER4=","legacyData"
"7db0add0-d4b6-4bc2-b9d3-b69747d9aca3","ABBY_061.basePlot.vst","2017-07-27","vst_ABBY_2017","D16","ABBY","ABBY_061",,"NEON.PLA.D16.ABBY.00542","ok","single bole tree","Live, physically damaged",14.5,130,8.4,,,,,,,,,,,,"needle cast","Mvo1bt03JMTZR6DZIA23lJNZxcUJiaM9uFJUitaYL48=","8kXoOpAOzaUMpv0WDeMaGRfSZUXYrtMVEL8cHv62ER4=","legacyData"
"911826e0-05ea-4ff0-8e55-886bd8cae8a6","ABBY_061.basePlot.vst","2017-07-27","vst_ABBY_2017","D16","ABBY","ABBY_061",,"NEON.PLA.D16.ABBY.03152","ok","single bole tree","Live",12.2,132,7.1,,,,,,,,,,,,,"Mvo1bt03JMTZR6DZIA23lJNZxcUJiaM9uFJUitaYL48=","8kXoOpAOzaUMpv0WDeMaGRfSZUXYrtMVEL8cHv62ER4=","legacyData"
"84da0162-a093-4163-bc01-8b1dc646d43a","ABBY_061.basePlot.vst","2017-07-27","vst_ABBY_2017","D16","ABBY","ABBY_061",,"NEON.PLA.D16.ABBY.00891","ok","single shrub","Live",1.4,130,3.2,,,,1.9,1.6,,"inverted cone",3.4,10,0.50,0.50,,"Mvo1bt03JMTZR6DZIA23lJNZxcUJiaM9uFJUitaYL48=","8kXoOpAOzaUMpv0WDeMaGRfSZUXYrtMVEL8cHv62ER4=","legacyData"
"c643c347-be3b-4a86-9407-3e05f70728c8","ABBY_061.basePlot.vst","2017-07-27","vst_ABBY_2017","D16","ABBY","ABBY_061",,"NEON.PLA.D16.ABBY.00899","ok","sapling","Live",,,1.4,,,,,,,,1.3,10,,,,"Mvo1bt03JMTZR6DZIA23lJNZxcUJiaM9uFJUitaYL48=","8kXoOpAOzaUMpv0WDeMaGRfSZUXYrtMVEL8cHv62ER4=","legacyData"
"5a03ecd7-6f81-4db0-87c6-2f17eac07237","ABBY_061.basePlot.vst","2017-07-27","vst_ABBY_2017","D16","ABBY","ABBY_061",,"NEON.PLA.D16.ABBY.03159","ok","sapling","Live",,,2.3,,,,,,,,1.7,10,,,,"Mvo1bt03JMTZR6DZIA23lJNZxcUJiaM9uFJUitaYL48=","8kXoOpAOzaUMpv0WDeMaGRfSZUXYrtMVEL8cHv62ER4=","legacyData"
"eee67959-7b5b-4f13-b90f-c756d5d50b49","ABBY_061.basePlot.vst","2017-07-27","vst_ABBY_2017","D16","ABBY","ABBY_061",,"NEON.PLA.D16.ABBY.00656","ok","small tree","Live",1.3,130,2.7,,,,,,,,,,,,,"Mvo1bt03JMTZR6DZIA23lJNZxcUJiaM9uFJUitaYL48=","8kXoOpAOzaUMpv0WDeMaGRfSZUXYrtMVEL8cHv62ER4=","legacyData"
"066f618a-8e93-487b-94b2-5087273eb276","ABBY_061.basePlot.vst","2017-07-27","vst_ABBY_2017","D16","ABBY","ABBY_061",,"NEON.PLA.D16.ABBY.00539","ok","sapling","Live",,,1.8,,,,,,,,1.7,10,,,,"Mvo1bt03JMTZR6DZIA23lJNZxcUJiaM9uFJUitaYL48=","8kXoOpAOzaUMpv0WDeMaGRfSZUXYrtMVEL8cHv62ER4=","legacyData"
"5c166e41-7b81-4b46-9829-dc9e8f6ec333","ABBY_061.basePlot.vst","2017-07-27","vst_ABBY_2017","D16","ABBY","ABBY_061",,"NEON.PLA.D16.ABBY.00532","ok","small tree","Live",7.8,140,5.8,,,,,,,,,,,,,"Mvo1bt03JMTZR6DZIA23lJNZxcUJiaM9uFJUitaYL48=","8kXoOpAOzaUMpv0WDeMaGRfSZUXYrtMVEL8cHv62ER4=","legacyData"
"6ee2dca0-30cf-4b9f-a078-10a1aecb8c9e","ABBY_061.basePlot.vst","2017-07-27","vst_ABBY_2017","D16","ABBY","ABBY_061",,"NEON.PLA.D16.ABBY.00536","ok","small tree","Live",1.9,133,3.2,,,,,,,,,,,,,"Mvo1bt03JMTZR6DZIA23lJNZxcUJiaM9uFJUitaYL48=","8kXoOpAOzaUMpv0WDeMaGRfSZUXYrtMVEL8cHv62ER4=","legacyData"
"836cca41-e816-437f-9b8b-67f6091e7d7e","ABBY_061.basePlot.vst","2017-07-27","vst_ABBY_2017","D16","ABBY","ABBY_061",,"NEON.PLA.D16.ABBY.00888","ok","small tree","Live",3.4,130,3.5,,,,,,,,,,,,,"Mvo1bt03JMTZR6DZIA23lJNZxcUJiaM9uFJUitaYL48=","8kXoOpAOzaUMpv0WDeMaGRfSZUXYrtMVEL8cHv62ER4=","legacyData"
"0d46cdcb-388c-4571-88dc-81db021eda9e","ABBY_061.basePlot.vst","2017-07-27","vst_ABBY_2017","D16","ABBY","ABBY_061",,"NEON.PLA.D16.ABBY.00725","ok","small tree","Live",9.9,130,6.9,,,,,,,,,,,,"measured amongst twigs during previous bouts","Mvo1bt03JMTZR6DZIA23lJNZxcUJiaM9uFJUitaYL48=","8kXoOpAOzaUMpv0WDeMaGRfSZUXYrtMVEL8cHv62ER4=","legacyData"
"7d115e72-7173-48fa-a393-d21c31a181a3","ABBY_061.basePlot.vst","2017-07-27","vst_ABBY_2017","D16","ABBY","ABBY_061",,"NEON.PLA.D16.ABBY.00652","ok","small tree","Live",9.4,134,8.3,,,,,,,,,,,,,"Mvo1bt03JMTZR6DZIA23lJNZxcUJiaM9uFJUitaYL48=","8kXoOpAOzaUMpv0WDeMaGRfSZUXYrtMVEL8cHv62ER4=","legacyData"
"d0f9cbd0-1fd8-409c-9936-1242feafb7ab","ABBY_061.basePlot.vst","2017-07-27","vst_ABBY_2017","D16","ABBY","ABBY_061",,"NEON.PLA.D16.ABBY.03146","ok","small tree","Live",2.3,135,2.4,,,,,,,,,,,,,"Mvo1bt03JMTZR6DZIA23lJNZxcUJiaM9uFJUitaYL48=","8kXoOpAOzaUMpv0WDeMaGRfSZUXYrtMVEL8cHv62ER4=","legacyData"
"0216937c-8813-4af3-b64a-872fc394b656","ABBY_061.basePlot.vst","2017-07-27","vst_ABBY_2017","D16","ABBY","ABBY_061",,"NEON.PLA.D16.ABBY.03151","ok","single bole tree","Live",10.1,130,7.2,,,,,,,,,,,,,"Mvo1bt03JMTZR6DZIA23lJNZxcUJiaM9uFJUitaYL48=","8kXoOpAOzaUMpv0WDeMaGRfSZUXYrtMVEL8cHv62ER4=","legacyData"
"d2a5c234-e1dd-4390-8a03-b085c40a140d","ABBY_061.basePlot.vst","2017-07-27","vst_ABBY_2017","D16","ABBY","ABBY_061",,"NEON.PLA.D16.ABBY.00894","ok","single bole tree","Live",16.8,130,8.7,,,,,,,,,,,,,"Mvo1bt03JMTZR6DZIA23lJNZxcUJiaM9uFJUitaYL48=","8kXoOpAOzaUMpv0WDeMaGRfSZUXYrtMVEL8cHv62ER4=","legacyData"
"e7c6d13b-20b9-4378-abab-c1a5ea2cccc3","ABBY_061.basePlot.vst","2017-07-27","vst_ABBY_2017","D16","ABBY","ABBY_061",,"NEON.PLA.D16.ABBY.00653","ok","small tree","Live",7.1,140,7.0,,,,,,,,,,,,,"Mvo1bt03JMTZR6DZIA23lJNZxcUJiaM9uFJUitaYL48=","8kXoOpAOzaUMpv0WDeMaGRfSZUXYrtMVEL8cHv62ER4=","legacyData"
"56bbe390-75f4-4da4-8a08-f31ddb5416b5","ABBY_061.basePlot.vst","2017-07-27","vst_ABBY_2017","D16","ABBY","ABBY_061",,"NEON.PLA.D16.ABBY.00893","ok","single shrub","Live",1.8,130,2.6,,,,2.3,2.2,,"inverted cone",2.3,10,0.60,0.40,,"Mvo1bt03JMTZR6DZIA23lJNZxcUJiaM9uFJUitaYL48=","8kXoOpAOzaUMpv0WDeMaGRfSZUXYrtMVEL8cHv62ER4=","legacyData"
"6e0466b0-5f8f-4687-a2bb-68b9e12fa054","ABBY_061.basePlot.vst","2017-07-27","vst_ABBY_2017","D16","ABBY","ABBY_061",,"NEON.PLA.D16.ABBY.00946","ok","single bole tree","Live",13.6,123,7.6,,,,,,,,,,,,,"Mvo1bt03JMTZR6DZIA23lJNZxcUJiaM9uFJUitaYL48=","8kXoOpAOzaUMpv0WDeMaGRfSZUXYrtMVEL8cHv62ER4=","legacyData"
"03784bfa-50a2-4c10-ad8b-8ed90d1fc34d","ABBY_061.basePlot.vst","2017-07-27","vst_ABBY_2017","D16","ABBY","ABBY_061",,"NEON.PLA.D16.ABBY.00717","ok","small tree","Live",9.8,120,6.9,,,,,,,,,,,,"same measurment as previous bouts","Mvo1bt03JMTZR6DZIA23lJNZxcUJiaM9uFJUitaYL48=","8kXoOpAOzaUMpv0WDeMaGRfSZUXYrtMVEL8cHv62ER4=","legacyData"
"9b328a58-a0f6-42ae-9c82-0d58324961fd","ABBY_061.basePlot.vst","2017-07-27","vst_ABBY_2017","D16","ABBY","ABBY_061",,"NEON.PLA.D16.ABBY.00653","ok","small tree","Live",7.6,155,7.0,,,,,,,,,,,,,"Mvo1bt03JMTZR6DZIA23lJNZxcUJiaM9uFJUitaYL48=","8kXoOpAOzaUMpv0WDeMaGRfSZUXYrtMVEL8cHv62ER4=","legacyData"
"f43089dd-61f3-4948-a03d-f5fb6019b227","ABBY_061.basePlot.vst","2017-07-27","vst_ABBY_2017","D16","ABBY","ABBY_061",,"NEON.PLA.D16.ABBY.00945","ok","single bole tree","Live",14.2,123,9.1,,,,,,,,,,,,,"Mvo1bt03JMTZR6DZIA23lJNZxcUJiaM9uFJUitaYL48=","8kXoOpAOzaUMpv0WDeMaGRfSZUXYrtMVEL8cHv62ER4=","legacyData"
"9e4aa199-4920-41c1-b794-c760de3d4b5f","ABBY_061.basePlot.vst","2017-07-27","vst_ABBY_2017","D16","ABBY","ABBY_061",,"NEON.PLA.D16.ABBY.00944","ok","single shrub","Live",1.5,133,2.7,,,,2.6,2.5,,"inverted cone",2.1,10,0.50,0.50,,"Mvo1bt03JMTZR6DZIA23lJNZxcUJiaM9uFJUitaYL48=","8kXoOpAOzaUMpv0WDeMaGRfSZUXYrtMVEL8cHv62ER4=","legacyData"
"bd21d70a-df92-4872-a018-bf9e26ba9aaf","ABBY_061.basePlot.vst","2017-07-27","vst_ABBY_2017","D16","ABBY","ABBY_061",,"NEON.PLA.D16.ABBY.00650","ok","small tree","Live",3.9,145,3.8,,,,,,,,,,,,,"Mvo1bt03JMTZR6DZIA23lJNZxcUJiaM9uFJUitaYL48=","8kXoOpAOzaUMpv0WDeMaGRfSZUXYrtMVEL8cHv62ER4=","legacyData"
"69b7fb0a-deda-45ba-b175-d4af0dbc2d36","ABBY_061.basePlot.vst","2017-07-27","vst_ABBY_2017","D16","ABBY","ABBY_061",,"NEON.PLA.D16.ABBY.00944","ok","single shrub","Live",1.8,123,2.7,,,,2.6,2.5,,"inverted cone",2.6,10,0.50,0.50,,"Mvo1bt03JMTZR6DZIA23lJNZxcUJiaM9uFJUitaYL48=","8kXoOpAOzaUMpv0WDeMaGRfSZUXYrtMVEL8cHv62ER4=","legacyData"
"40c6fd21-be3b-4da3-ab86-80a8db5651eb","ABBY_061.basePlot.vst","2017-07-27","vst_ABBY_2017","D16","ABBY","ABBY_061",,"NEON.PLA.D16.ABBY.00947","ok","single bole tree","Live",11.7,120,8.8,,,,,,,,,,,,,"Mvo1bt03JMTZR6DZIA23lJNZxcUJiaM9uFJUitaYL48=","8kXoOpAOzaUMpv0WDeMaGRfSZUXYrtMVEL8cHv62ER4=","legacyData"
"f5598144-678c-4efd-a3e1-b6390463d4ea","ABBY_061.basePlot.vst","2017-07-27","vst_ABBY_2017","D16","ABBY","ABBY_061",,"NEON.PLA.D16.ABBY.00897","ok","sapling","Live",,,1.4,,,,,,,,1.7,10,,,,"Mvo1bt03JMTZR6DZIA23lJNZxcUJiaM9uFJUitaYL48=","8kXoOpAOzaUMpv0WDeMaGRfSZUXYrtMVEL8cHv62ER4=","legacyData"
"a6be3353-37bf-455b-b9ca-8b607bfa4100","ABBY_061.basePlot.vst","2017-07-27","vst_ABBY_2017","D16","ABBY","ABBY_061",,"NEON.PLA.D16.ABBY.00530","ok","small tree","Live",1.8,120,2.6,,,,,,,,,,,,,"Mvo1bt03JMTZR6DZIA23lJNZxcUJiaM9uFJUitaYL48=","8kXoOpAOzaUMpv0WDeMaGRfSZUXYrtMVEL8cHv62ER4=","legacyData"
"1e84f2da-ab99-4e18-ab24-21385bade701","ABBY_061.basePlot.vst","2017-07-27","vst_ABBY_2017","D16","ABBY","ABBY_061",,"NEON.PLA.D16.ABBY.00646","ok","small tree","Live",1.3,130,2.9,,,,,,,,,,,,,"Mvo1bt03JMTZR6DZIA23lJNZxcUJiaM9uFJUitaYL48=","8kXoOpAOzaUMpv0WDeMaGRfSZUXYrtMVEL8cHv62ER4=","legacyData"
"e6b228b1-fa3e-42b8-b6db-65b1a23619fb","ABBY_061.basePlot.vst","2017-07-27","vst_ABBY_2017","D16","ABBY","ABBY_061",,"NEON.PLA.D16.ABBY.00889","ok","single shrub","Live",1.1,130,,,,,,,,"inverted cone",1.8,10,,,,"Mvo1bt03JMTZR6DZIA23lJNZxcUJiaM9uFJUitaYL48=","8kXoOpAOzaUMpv0WDeMaGRfSZUXYrtMVEL8cHv62ER4=","legacyData"
"d45b234a-b588-4ac2-b65a-8e2d9a7ecb66","ABBY_061.basePlot.vst","2017-07-27","vst_ABBY_2017","D16","ABBY","ABBY_061",,"NEON.PLA.D16.ABBY.00648","ok","small tree","Live",7.8,143,6.3,,,,,,,,,,,,,"Mvo1bt03JMTZR6DZIA23lJNZxcUJiaM9uFJUitaYL48=","8kXoOpAOzaUMpv0WDeMaGRfSZUXYrtMVEL8cHv62ER4=","legacyData"
"534b3e52-654c-41f4-9d10-6e6a58400469","ABBY_061.basePlot.vst","2017-07-27","vst_ABBY_2017","D16","ABBY","ABBY_061",,"NEON.PLA.D16.ABBY.00938","ok","small tree","Live",1.4,131,2.4,,,,,,,,,,,,,"Mvo1bt03JMTZR6DZIA23lJNZxcUJiaM9uFJUitaYL48=","8kXoOpAOzaUMpv0WDeMaGRfSZUXYrtMVEL8cHv62ER4=","legacyData"
"f355ba3e-6d77-42b4-a88d-eb1b285cc84a","ABBY_061.basePlot.vst","2017-07-27","vst_ABBY_2017","D16","ABBY","ABBY_061",,"NEON.PLA.D16.ABBY.00709","ok","single bole tree","Live, physically damaged",10.1,130,7.0,,,,,,,,,,,,"bole damage- crack in bole above DBH measured 121 previous bout","Mvo1bt03JMTZR6DZIA23lJNZxcUJiaM9uFJUitaYL48=","8kXoOpAOzaUMpv0WDeMaGRfSZUXYrtMVEL8cHv62ER4=","legacyData"
"5ba24d53-3914-434a-86a5-41c9a39a1480","ABBY_061.basePlot.vst","2017-07-27","vst_ABBY_2017","D16","ABBY","ABBY_061",,"NEON.PLA.D16.ABBY.03156","ok","sapling","Live",,,2.2,,,,,,,,1.2,10,,,,"Mvo1bt03JMTZR6DZIA23lJNZxcUJiaM9uFJUitaYL48=","8kXoOpAOzaUMpv0WDeMaGRfSZUXYrtMVEL8cHv62ER4=","legacyData"
"24cb0458-8daa-43c0-8ddf-f9d1fc73bef8","ABBY_061.basePlot.vst","2017-07-27","vst_ABBY_2017","D16","ABBY","ABBY_061",,"NEON.PLA.D16.ABBY.00659","ok","small tree","Live, physically damaged",1.4,130,1.9,,,,,,,,,,,,"damage to crown and bole","Mvo1bt03JMTZR6DZIA23lJNZxcUJiaM9uFJUitaYL48=","8kXoOpAOzaUMpv0WDeMaGRfSZUXYrtMVEL8cHv62ER4=","legacyData"
"6ebff729-7603-4248-80d1-5cfd44001a91","ABBY_061.basePlot.vst","2017-07-27","vst_ABBY_2017","D16","ABBY","ABBY_061",,"NEON.PLA.D16.ABBY.00644","ok","small tree","Live",9.6,118,7.8,,,,,,,,,,,,,"Mvo1bt03JMTZR6DZIA23lJNZxcUJiaM9uFJUitaYL48=","8kXoOpAOzaUMpv0WDeMaGRfSZUXYrtMVEL8cHv62ER4=","legacyData"
"9e0b3ae3-2a5a-4d35-9198-1e50c2e2168f","ABBY_061.basePlot.vst","2017-07-27","vst_ABBY_2017","D16","ABBY","ABBY_061",,"NEON.PLA.D16.ABBY.00658","ok","small tree","Live",7.6,136,6.2,,,,,,,,,,,,,"Mvo1bt03JMTZR6DZIA23lJNZxcUJiaM9uFJUitaYL48=","8kXoOpAOzaUMpv0WDeMaGRfSZUXYrtMVEL8cHv62ER4=","legacyData"
"64fae50f-edcb-445d-b357-7cace0229f4d","ABBY_061.basePlot.vst","2017-07-27","vst_ABBY_2017","D16","ABBY","ABBY_061",,"NEON.PLA.D16.ABBY.00717","ok","small tree","Live",9.8,120,6.9,,,,,,,,,,,,,"Mvo1bt03JMTZR6DZIA23lJNZxcUJiaM9uFJUitaYL48=","8kXoOpAOzaUMpv0WDeMaGRfSZUXYrtMVEL8cHv62ER4=","legacyData"
"027355cb-6cb4-4518-a224-7ba5ed753486","ABBY_061.basePlot.vst","2017-07-27","vst_ABBY_2017","D16","ABBY","ABBY_061",,"NEON.PLA.D16.ABBY.03149","ok","single bole tree","Live",10.6,130,7.4,,,,,,,,,,,,,"Mvo1bt03JMTZR6DZIA23lJNZxcUJiaM9uFJUitaYL48=","8kXoOpAOzaUMpv0WDeMaGRfSZUXYrtMVEL8cHv62ER4=","legacyData"
"7d910453-d619-4d62-a18a-6252ee111bcc","ABBY_069.basePlot.vst","2017-07-27","vst_ABBY_2017","D16","ABBY","ABBY_069",,"NEON.PLA.D16.ABBY.00825","ok","single bole tree","Live",10.0,130,7.0,,,,,,,,,,,,,"a/0SlN26fEtmJ3LLysIxkaRUfZvckIBE","n6C8QabM4GRwBBSExkcug8ZHbDzuixegaGvj2qZxMy8=","legacyData"
"ac59ad85-ccf2-4766-a00a-3402523387a4","ABBY_069.basePlot.vst","2017-07-27","vst_ABBY_2017","D16","ABBY","ABBY_069",,"NEON.PLA.D16.ABBY.00820","ok","single bole tree","Live",10.9,130,7.8,,,,,,,,,,,,,"a/0SlN26fEtmJ3LLysIxkaRUfZvckIBE","n6C8QabM4GRwBBSExkcug8ZHbDzuixegaGvj2qZxMy8=","legacyData"
"77cd7e57-2892-4f39-b3b9-d86fea747e64","ABBY_069.basePlot.vst","2017-07-27","vst_ABBY_2017","D16","ABBY","ABBY_069",,"NEON.PLA.D16.ABBY.00838","ok","single bole tree","Live",10.6,130,6.2,,,,,,,,,,,,,"a/0SlN26fEtmJ3LLysIxkaRUfZvckIBE","n6C8QabM4GRwBBSExkcug8ZHbDzuixegaGvj2qZxMy8=","legacyData"
"49b6e435-4300-4e22-b014-b6c89b040b6b","ABBY_069.basePlot.vst","2017-07-27","vst_ABBY_2017","D16","ABBY","ABBY_069",,"NEON.PLA.D16.ABBY.00830","ok","single bole tree","Live",11.0,130,8.5,,,,,,,,,,,,,"a/0SlN26fEtmJ3LLysIxkaRUfZvckIBE","n6C8QabM4GRwBBSExkcug8ZHbDzuixegaGvj2qZxMy8=","legacyData"
"452338b1-7344-4c0d-9a49-d87dad722662","ABBY_069.basePlot.vst","2017-07-27","vst_ABBY_2017","D16","ABBY","ABBY_069",,"NEON.PLA.D16.ABBY.01103","ok","single bole tree","Live",11.9,130,7.5,,,,,,,,,,,,,"a/0SlN26fEtmJ3LLysIxkaRUfZvckIBE","n6C8QabM4GRwBBSExkcug8ZHbDzuixegaGvj2qZxMy8=","legacyData"
