uid,namedLocation,date,domainID,siteID,plotID,plotType,nlcdClass,decimalLatitude,decimalLongitude,geodeticDatum,coordinateUncertainty,easting,northing,utmZone,elevation,elevationUncertainty,eventID,samplingProtocolVersion,treesPresent,treesAbsentList,shrubsPresent,shrubsAbsentList,lianasPresent,lianasAbsentList,nestedSubplotAreaShrubSapling,nestedSubplotAreaLiana,totalSampledAreaTrees,totalSampledAreaShrubSapling,totalSampledAreaLiana,remarks,measuredBy,recordedBy,dataQF
"bbed821c-9236-4fea-be2b-4ca90d968c26","DSNY_017.basePlot.vst","2018-01-02","D03","DSNY","DSNY_017","distributed","woodyWetlands",28.058282,-81.402874,"WGS84",20.1,460409.56,3103724.07,"17N",20.1,0.1,"vst_DSNY_2017","NEON.DOC.000987vG","N",,"Y",,"N",,"noneSelected","noneSelected",400,400,400,,"cMb2B+jx12AMjNtsEA8t48GND5R87ks/","uQ3flT+jLrW85u7nE+3riIGajIA12ojXUYMflWmsZYI=",
"2ae96f18-6c68-467a-9c03-12305b505a7c","DSNY_004.basePlot.vst","2018-01-04","D03","DSNY","DSNY_004","distributed","woodyWetlands",28.099732,-81.399974,"WGS84",20.1,460709.63,3108314.87,"17N",18.8,0.1,"vst_DSNY_2017","NEON.DOC.000987vG","N",,"Y",,"N",,"10","noneSelected",400,80,400,,"YK5ulgcjQA5R7y4cKoPJR4j3Fle/NLuF4bqgrxO8ID4=","XHDcovp85mKKhOyBJRCCG9BrUnGU9ms3Kfo1BikqVt4=",
"c378588c-f00e-410b-a4c0-d9412718f0cd","DSNY_001.basePlot.vst","2018-01-05","D03","DSNY","DSNY_001","distributed","woodyWetlands",28.096700,-81.418579,"WGS84",20.1,458880.85,3107985.14,"17N",20.7,0.1,"vst_DSNY_2017","NEON.DOC.000987vG","N",,"Y","31","N",,"noneSelected","noneSelected",400,400,400,,"cMb2B+jx12AMjNtsEA8t48GND5R87ks/","uQ3flT+jLrW85u7nE+3riIGajIA12ojXUYMflWmsZYI=",
"06e917f5-c38d-4bf5-973e-676504687cc0","DSNY_005.basePlot.vst","2018-01-09","D03","DSNY","DSNY_005","distributed","woodyWetlands",28.039641,-81.393323,"WGS84",20.1,461341.48,3101656.00,"17N",19.5,0.1,"vst_DSNY_2017","NEON.DOC.000987vG","N",,"Y","32_2","N",,"10","10",400,80,80,,"cMb2B+jx12AMjNtsEA8t48GND5R87ks/","uQ3flT+jLrW85u7nE+3riIGajIA12ojXUYMflWmsZYI=",
"351b9b4d-e0cd-4f54-b190-e51847223887","DSNY_016.basePlot.vst","2018-01-11","D03","DSNY","DSNY_016","distributed","pastureHay",28.043948,-81.393638,"WGS84",20.1,461312.06,3102133.21,"17N",19.7,0.1,"vst_DSNY_2017","NEON.DOC.000987vG","N",,"Y",,"N",,"noneSelected","noneSelected",400,400,400,,"cMb2B+jx12AMjNtsEA8t48GND5R87ks/","uQ3flT+jLrW85u7nE+3riIGajIA12ojXUYMflWmsZYI=",
"f0aae7ce-ce3e-47b2-a241-5e5054b5f648","DSNY_003.basePlot.vst","2018-01-11","D03","DSNY","DSNY_003","distributed","woodyWetlands",28.074209,-81.425532,"WGS84",20.1,458189.10,3105496.00,"17N",18.9,0.1,"vst_DSNY_2017","NEON.DOC.000987vG","Y",,"Y","32_2","N",,"10","noneSelected",400,80,400,,"qwd4SsQjkwojVAYuvLRi2I6c493EEc9K","JUWO5gmfzwbX9BXfaYbJvjMa5YVXa9L5T/092eYFpVo=",
"93699129-faa5-42e2-a431-4bc57056d188","DSNY_011.basePlot.vst","2018-01-15","D03","DSNY","DSNY_011","distributed","woodyWetlands",28.070798,-81.383974,"WGS84",20.2,462271.25,3105104.56,"17N",20.2,0.6,"vst_DSNY_2017","NEON.DOC.000987vG","Y",,"Y","32","Y",,"noneSelected","noneSelected",400,400,400,,"GrsE2Yu+ldmCqBHwBY6DBDQlk9sv4Hmw1h5L3rY7BgA=","uQ3flT+jLrW85u7nE+3riIGajIA12ojXUYMflWmsZYI=",
"48e86a6d-f06d-4bc8-9fef-379c2fac833b","DSNY_006.basePlot.vst","2018-01-16","D03","DSNY","DSNY_006","distributed","woodyWetlands",28.092969,-81.399332,"WGS84",20.1,460770.24,3107565.47,"17N",20.7,0.1,"vst_DSNY_2017","NEON.DOC.000987vG","Y","40","Y",,"N",,"noneSelected","noneSelected",400,400,400,,"UuiIeI4+6a5XxeJO9BYoR2g8el9sHFDOaNTnjnMxLl8=","qwd4SsQjkwojVAYuvLRi2I6c493EEc9K",
"63803aa9-efce-481b-a3e0-87e96c9295c3","DSNY_013.basePlot.vst","2018-01-16","D03","DSNY","DSNY_013","distributed","woodyWetlands",28.110482,-81.425956,"WGS84",20.1,458161.51,3109514.40,"17N",20.0,0.1,"vst_DSNY_2017","NEON.DOC.000987vG","Y",,"Y",,"N",,"10","noneSelected",400,80,400,,"GrsE2Yu+ldmCqBHwBY6DBDQlk9sv4Hmw1h5L3rY7BgA=","swB/+pnc2VnF9Fa7wkygb+Kf1gKbJNlh/Nqtv62hWkY=",
"59518beb-5fdb-4958-9f04-fda767be3b71","DSNY_012.basePlot.vst","2018-01-16","D03","DSNY","DSNY_012","distributed","woodyWetlands",28.102984,-81.406399,"WGS84",20.1,460079.69,3108677.21,"17N",20.2,0.1,"vst_DSNY_2017","NEON.DOC.000987vG","Y",,"Y",,"N",,"noneSelected","noneSelected",400,400,400,,"UuiIeI4+6a5XxeJO9BYoR2g8el9sHFDOaNTnjnMxLl8=","qwd4SsQjkwojVAYuvLRi2I6c493EEc9K",
"7cac83d7-d049-4821-a88a-2ab71347ef2d","DSNY_015.basePlot.vst","2018-01-17","D03","DSNY","DSNY_015","distributed","woodyWetlands",28.111847,-81.421680,"WGS84",20.1,458582.04,3109664.15,"17N",20.8,0.1,"vst_DSNY_2017","NEON.DOC.000987vG","Y",,"Y",,"N",,"10","noneSelected",400,80,400,,"swB/+pnc2VnF9Fa7wkygb+Kf1gKbJNlh/Nqtv62hWkY=","GrsE2Yu+ldmCqBHwBY6DBDQlk9sv4Hmw1h5L3rY7BgA=",
"9f6854e9-1077-4d30-b677-c464e55e3370","DSNY_009.basePlot.vst","2018-01-17","D03","DSNY","DSNY_009","distributed","pastureHay",28.073118,-81.428559,"WGS84",20.1,457891.25,3105376.18,"17N",19.0,0.1,"vst_DSNY_2017","NEON.DOC.000987vG","N",,"Y",,"N",,"noneSelected","noneSelected",400,400,400,,"UuiIeI4+6a5XxeJO9BYoR2g8el9sHFDOaNTnjnMxLl8=","qwd4SsQjkwojVAYuvLRi2I6c493EEc9K",
"ed79f381-9576-47cc-9a37-f3891c9e0e08","DSNY_025.basePlot.vst","2018-01-17","D03","DSNY","DSNY_025","distributed","pastureHay",28.071776,-81.420620,"WGS84",20.1,458670.81,3105224.80,"17N",19.9,0.1,"vst_DSNY_2017","NEON.DOC.000987vG","Y","presentInAll","Y",,"N",,"noneSelected","noneSelected",400,400,400,,"UuiIeI4+6a5XxeJO9BYoR2g8el9sHFDOaNTnjnMxLl8=","qwd4SsQjkwojVAYuvLRi2I6c493EEc9K",
"a4fdd8da-c900-43f2-8faa-fbecd80a1292","DSNY_034.basePlot.vst","2018-01-17","D03","DSNY","DSNY_034","distributed","pastureHay",28.063937,-81.418449,"WGS84",20.1,458881.14,3104355.67,"17N",19.5,0.1,"vst_DSNY_2017","NEON.DOC.000987vG","Y",,"Y","32","N",,"noneSelected","noneSelected",400,400,400,,"UuiIeI4+6a5XxeJO9BYoR2g8el9sHFDOaNTnjnMxLl8=","qwd4SsQjkwojVAYuvLRi2I6c493EEc9K",
"02b97646-785c-4653-8f2a-b565dd692fcf","DSNY_014.basePlot.vst","2018-01-17","D03","DSNY","DSNY_014","distributed","woodyWetlands",28.063373,-81.428518,"WGS84",20.1,457891.48,3104296.64,"17N",18.0,0.1,"vst_DSNY_2017","NEON.DOC.000987vG","Y",,"Y",,"N",,"25","noneSelected",400,200,400,,"UuiIeI4+6a5XxeJO9BYoR2g8el9sHFDOaNTnjnMxLl8=","qwd4SsQjkwojVAYuvLRi2I6c493EEc9K",
"fb2b8090-a382-4db7-b6ee-9191e04af2aa","DSNY_008.basePlot.vst","2018-01-18","D03","DSNY","DSNY_008","distributed","woodyWetlands",28.046662,-81.401888,"WGS84",20.1,460502.21,3102436.51,"17N",19.0,0.1,"vst_DSNY_2017","NEON.DOC.000987vG","Y","32","Y","40","N",,"noneSelected","noneSelected",400,400,400,,"swB/+pnc2VnF9Fa7wkygb+Kf1gKbJNlh/Nqtv62hWkY=","GrsE2Yu+ldmCqBHwBY6DBDQlk9sv4Hmw1h5L3rY7BgA=",
"3ac11d0a-7a62-4061-8982-0da634749278","DSNY_007.basePlot.vst","2018-01-18","D03","DSNY","DSNY_007","distributed","woodyWetlands",28.053114,-81.417507,"WGS84",20.1,458969.60,3103156.41,"17N",17.8,0.1,"vst_DSNY_2017","NEON.DOC.000987vG","Y",,"Y",,"N",,"noneSelected","noneSelected",400,400,400,,"UuiIeI4+6a5XxeJO9BYoR2g8el9sHFDOaNTnjnMxLl8=","qwd4SsQjkwojVAYuvLRi2I6c493EEc9K",
"315c1f5f-0e28-4a11-b898-8f3511d06272","DSNY_010.basePlot.vst","2018-01-18","D03","DSNY","DSNY_010","distributed","woodyWetlands",28.118590,-81.435161,"WGS84",20.1,457260.58,3110415.80,"17N",20.0,0.1,"vst_DSNY_2017","NEON.DOC.000987vG","Y",,"N",,"N",,"noneSelected","noneSelected",400,400,400,,"swB/+pnc2VnF9Fa7wkygb+Kf1gKbJNlh/Nqtv62hWkY=","GrsE2Yu+ldmCqBHwBY6DBDQlk9sv4Hmw1h5L3rY7BgA=",
"c1716129-41ff-424e-a07a-f4c35977d41c","DSNY_021.basePlot.vst","2018-01-18","D03","DSNY","DSNY_021","distributed","pastureHay",28.052638,-81.393374,"WGS84",20.1,461341.12,3103095.79,"17N",19.8,0.1,"vst_DSNY_2017","NEON.DOC.000987vG","N",,"Y",,"N",,"noneSelected","noneSelected",400,400,400,,"swB/+pnc2VnF9Fa7wkygb+Kf1gKbJNlh/Nqtv62hWkY=","GrsE2Yu+ldmCqBHwBY6DBDQlk9sv4Hmw1h5L3rY7BgA=",
"638601b9-a709-4b80-9d12-612c9b72e3a1","DSNY_002.basePlot.vst","2018-01-18","D03","DSNY","DSNY_002","distributed","woodyWetlands",28.048244,-81.416879,"WGS84",20.1,459029.47,3102616.71,"17N",17.7,0.1,"vst_DSNY_2017","NEON.DOC.000987vG","Y","40","Y","presentInAll","N",,"noneSelected","noneSelected",400,400,400,,"UuiIeI4+6a5XxeJO9BYoR2g8el9sHFDOaNTnjnMxLl8=","qwd4SsQjkwojVAYuvLRi2I6c493EEc9K",
