uid,namedLocation,domainID,siteID,plotID,plotType,nlcdClass,decimalLatitude,decimalLongitude,geodeticDatum,coordinateUncertainty,elevation,elevationUncertainty,collectDate,eventID,sampleID,sampleCode,samplingMethod,totalSampledArea,targetTaxaPresent,adultCount,nymphCount,larvaCount,sampleCondition,samplingProtocolVersion,measuredBy,remarks
"d51d3abc-3304-4871-ae5b-9b221a404680","RMNP_004.tickPlot.tck","D10","RMNP","RMNP_004","distributed","evergreenForest",40.185729,-105.539818,"WGS84",20.1,2864.5,0.1,"2017-06-26T15:00Z","RMNP.2017.27",,,"drag",160,"N",0,0,0,"No known compromise","NEON.DOC.014045vH","k+J/4+nbChaGYKxKxr+WkM++gKhG3f0NCGGdmM110G8=",
"fba28177-8104-4356-b1fd-9faffd5e696b","RMNP_007.tickPlot.tck","D10","RMNP","RMNP_007","distributed","evergreenForest",40.180329,-105.535913,"WGS84",20.1,2821.9,0.1,"2017-06-26T16:50Z","RMNP.2017.27",,,"drag",160,"N",0,0,0,"No known compromise","NEON.DOC.014045vH","i+7wBO4AjDQsMiI2vsaNUjKeg7MpgOnsdoQyr+8BTI4=",
"9893faac-98b4-4c11-92eb-b5d3c8b26394","RMNP_012.tickPlot.tck","D10","RMNP","RMNP_012","distributed","evergreenForest",40.156570,-105.533982,"WGS84",20.1,2925.1,0.2,"2017-06-26T20:29Z","RMNP.2017.27",,,"drag",160,"N",0,0,0,"No known compromise","NEON.DOC.014045vH","i+7wBO4AjDQsMiI2vsaNUjKeg7MpgOnsdoQyr+8BTI4=",
"a0b3f78b-a104-4131-9d47-9377c30554fc","RMNP_013.tickPlot.tck","D10","RMNP","RMNP_013","distributed","evergreenForest",40.197179,-105.488569,"WGS84",20.1,2649.5,0.1,"2017-06-29T14:33Z","RMNP.2017.27",,,"drag",160,"N",0,0,0,"No known compromise","NEON.DOC.014045vH","F9i0Hf8ERNYFzwYaY/PTXcLpQlbQomu0QtzoQwYT50M=",
"2a77bb8e-97b9-4b2c-a14b-e60af544bcef","RMNP_003.tickPlot.tck","D10","RMNP","RMNP_003","distributed","evergreenForest",40.200139,-105.482624,"WGS84",20.1,2658.3,0.1,"2017-06-29T15:45Z","RMNP.2017.27",,,"drag",160,"N",0,0,0,"No known compromise","NEON.DOC.014045vH","F9i0Hf8ERNYFzwYaY/PTXcLpQlbQomu0QtzoQwYT50M=",
"96eb8797-1aa8-4ffe-bc2c-56f1efbb5c4f","RMNP_002.tickPlot.tck","D10","RMNP","RMNP_002","distributed","evergreenForest",40.196225,-105.473182,"WGS84",20.1,2637.7,0.1,"2017-06-29T17:12Z","RMNP.2017.27",,,"drag",160,"N",0,0,0,"No known compromise","NEON.DOC.014045vH","F9i0Hf8ERNYFzwYaY/PTXcLpQlbQomu0QtzoQwYT50M=",
