uid,namedLocation,domainID,siteID,plotID,plotType,nlcdClass,decimalLatitude,decimalLongitude,geodeticDatum,coordinateUncertainty,elevation,elevationUncertainty,collectDate,eventID,sampleID,sampleCode,samplingMethod,totalSampledArea,targetTaxaPresent,adultCount,nymphCount,larvaCount,sampleCondition,samplingProtocolVersion,measuredBy,remarks
"d4f23bb1-5587-44d2-82aa-7921328d0e29","ORNL_002.tickPlot.tck","D07","ORNL","ORNL_002","distributed","deciduousForest",35.983090,-84.211654,"WGS84",20.3,338.6,0.5,"2014-12-08T15:30Z","ORNL.2014.49",,,"drag and flag",160,"N",0,0,0,,"NEON.DOC.014045vD","uiggq+BAqv+gTRBpwlJUlg==",
"207ed18c-2018-4b05-af5b-21e545291f14","ORNL_040.tickPlot.tck","D07","ORNL","ORNL_040","distributed","evergreenForest",35.975525,-84.305103,"WGS84",20.2,273.2,0.2,"2014-12-08T15:40Z","ORNL.2014.49",,,"drag and flag",160,"N",0,0,0,,"NEON.DOC.014045vD","uiggq+BAqv+gTRBpwlJUlg==",
"3b28d291-5aa3-4fd4-b079-64587e8e2a60","ORNL_009.tickPlot.tck","D07","ORNL","ORNL_009","distributed","deciduousForest",35.974902,-84.226630,"WGS84",20.2,337.1,0.2,"2014-12-08T16:15Z","ORNL.2014.49",,,"drag and flag",160,"N",0,0,0,,"NEON.DOC.014045vD","uiggq+BAqv+gTRBpwlJUlg==",
"0f7caa4c-e9bf-4d30-9ef8-431768b30e9f","ORNL_008.tickPlot.tck","D07","ORNL","ORNL_008","distributed","deciduousForest",35.933531,-84.334016,"WGS84",20.3,322.7,0.3,"2014-12-08T16:38Z","ORNL.2014.49",,,"drag",160,"N",0,0,0,,"NEON.DOC.014045vD","uiggq+BAqv+gTRBpwlJUlg==",
"368419d0-013a-4042-a28c-41c64096b403","ORNL_003.tickPlot.tck","D07","ORNL","ORNL_003","distributed","deciduousForest",35.967011,-84.229849,"WGS84",20.2,275.5,0.2,"2014-12-08T16:45Z","ORNL.2014.49",,,"drag and flag",160,"N",0,0,0,,"NEON.DOC.014045vD","uiggq+BAqv+gTRBpwlJUlg==",
"81da00a9-bce5-4f6f-96cb-69ea6fa1e1f4","ORNL_007.tickPlot.tck","D07","ORNL","ORNL_007","distributed","deciduousForest",35.925843,-84.328420,"WGS84",20.2,279.4,0.5,"2014-12-08T17:38Z","ORNL.2014.49","ORNL_007.20141208",,"drag and flag",160,"Y",0,4,2,"No known compromise","NEON.DOC.014045vD","uiggq+BAqv+gTRBpwlJUlg==",
