uid,namedLocation,domainID,siteID,plotID,plotType,nlcdClass,decimalLatitude,decimalLongitude,geodeticDatum,coordinateUncertainty,elevation,elevationUncertainty,collectDate,eventID,sampleID,sampleCode,samplingMethod,totalSampledArea,targetTaxaPresent,adultCount,nymphCount,larvaCount,sampleCondition,samplingProtocolVersion,measuredBy,remarks
"e63b900e-d6e1-4fd6-8df9-f2c936cfaf9a","ONAQ_009.tickPlot.tck","D15","ONAQ","ONAQ_009","distributed","shrubScrub",40.160581,-112.469377,"WGS84",20.1,1668.8,0.1,"2016-10-27T08:00Z","ONAQ.2016.43",,,"drag and flag",160,"N",0,0,0,"No known compromise","NEON.DOC.014045vG","D1jrxg2YLS//oLEpl5ktAWgJkZADIS1b",
"aec5dc5f-fe3b-46a1-bd27-e5e0c1188cb3","ONAQ_005.tickPlot.tck","D15","ONAQ","ONAQ_005","distributed","shrubScrub",40.181926,-112.432741,"WGS84",20.1,1617.2,0.1,"2016-10-27T15:42Z","ONAQ.2016.43",,,"drag",160,"N",0,0,0,"No known compromise","NEON.DOC.014045vG","D1jrxg2YLS//oLEpl5ktAWgJkZADIS1b",
"2248dc10-f9c3-4ff9-9b5b-f4a138014a0a","ONAQ_016.tickPlot.tck","D15","ONAQ","ONAQ_016","distributed","shrubScrub",40.175449,-112.444448,"WGS84",20.1,1635.3,0.1,"2016-10-27T16:48Z","ONAQ.2016.43",,,"drag",160,"N",0,0,0,"No known compromise","NEON.DOC.014045vG","9G96sOZHreW1zLx1Wn5Z/CXf862Qa/Lm",
"0c0292e6-1636-4de8-b422-481dcc528ae7","ONAQ_004.tickPlot.tck","D15","ONAQ","ONAQ_004","distributed","shrubScrub",40.187291,-112.471870,"WGS84",,1710.4,,"2016-10-27T17:30Z","ONAQ.2016.43",,,"drag",160,"N",0,0,0,"No known compromise","NEON.DOC.014045vG","D1jrxg2YLS//oLEpl5ktAWgJkZADIS1b",
"668ea3be-f8ca-441e-a5fc-41d29377b368","ONAQ_023.tickPlot.tck","D15","ONAQ","ONAQ_023","distributed","evergreenForest",40.193985,-112.507206,"WGS84",20.1,1860.6,0.1,"2016-10-27T18:44Z","ONAQ.2016.43",,,"drag and flag",165,"N",0,0,0,"No known compromise","NEON.DOC.014045vG","9G96sOZHreW1zLx1Wn5Z/CXf862Qa/Lm",
"ee7d4c49-e0ce-4e15-b266-37d8f24ba16d","ONAQ_011.tickPlot.tck","D15","ONAQ","ONAQ_011","distributed","shrubScrub",40.152051,-112.455478,"WGS84",20.1,1617.0,0.1,"2016-10-27T20:59Z","ONAQ.2016.43",,,"drag and flag",159,"N",0,0,0,"No known compromise","NEON.DOC.014045vG","9G96sOZHreW1zLx1Wn5Z/CXf862Qa/Lm",
