uid,namedLocation,domainID,siteID,plotID,plotType,nlcdClass,decimalLatitude,decimalLongitude,geodeticDatum,coordinateUncertainty,elevation,elevationUncertainty,collectDate,eventID,sampleID,sampleCode,samplingMethod,totalSampledArea,targetTaxaPresent,adultCount,nymphCount,larvaCount,sampleCondition,samplingProtocolVersion,measuredBy,remarks
"9b8d0a9d-6716-4f72-aeeb-4aea407ea11e","STEI_002.tickPlot.tck","D05","STEI","STEI_002","distributed","deciduousForest",45.796166,-90.091452,"WGS84",20.2,520.3,0.4,"2017-05-15T15:05Z","STEI.2017.21",,,"drag and flag",160,"N",0,0,0,"No known compromise","NEON.DOC.014045vH","WXmC7HijdM2NsP75v+4sQyVqwIMmMBb8",
"86a1ddae-c5be-41fa-af4e-84d54f07bf92","STEI_023.tickPlot.tck","D05","STEI","STEI_023","distributed","woodyWetlands",45.824017,-90.096171,"WGS84",20.2,480.4,0.3,"2017-05-15T15:10Z","STEI.2017.21",,,"drag and flag",80,"N",0,0,0,"No known compromise","NEON.DOC.014045vG","ZHEXkzpmequ8bHP4OIc5Sa2i4D1lg2hhgarnFdYG4TU=","Stopped halfway through due to rain"
"66c2b153-1cef-493e-bc64-538b1f1f85c4","STEI_001.tickPlot.tck","D05","STEI","STEI_001","distributed","deciduousForest",45.812978,-90.091123,"WGS84",20.3,509.3,0.4,"2017-05-19T14:34Z","STEI.2017.21",,,"drag and flag",153,"N",0,0,0,"No known compromise","NEON.DOC.014045vG","B3+A7PSCzYQNuvhFZNKc8WSB7xvTYEqkan9IJpMz8To=",
"9cf11b08-b0e6-484a-a830-7157974274a0","STEI_005.tickPlot.tck","D05","STEI","STEI_005","distributed","deciduousForest",45.825112,-90.085882,"WGS84",20.3,509.9,0.5,"2017-05-19T15:44Z","STEI.2017.21",,,"drag and flag",151,"N",0,0,0,"No known compromise","NEON.DOC.014045vG","B3+A7PSCzYQNuvhFZNKc8WSB7xvTYEqkan9IJpMz8To=",
"f67a13fd-fe37-494a-bf3e-a0134791342a","STEI_003.tickPlot.tck","D05","STEI","STEI_003","distributed","deciduousForest",45.824086,-90.071058,"WGS84",20.3,510.1,0.5,"2017-05-19T17:33Z","STEI.2017.21",,,"drag and flag",160,"N",0,0,0,"No known compromise","NEON.DOC.014045vG","ZHEXkzpmequ8bHP4OIc5Sa2i4D1lg2hhgarnFdYG4TU=",
