uid,namedLocation,domainID,siteID,plotID,plotType,nlcdClass,decimalLatitude,decimalLongitude,geodeticDatum,coordinateUncertainty,elevation,elevationUncertainty,collectDate,eventID,sampleID,sampleCode,samplingMethod,totalSampledArea,targetTaxaPresent,adultCount,nymphCount,larvaCount,sampleCondition,samplingProtocolVersion,measuredBy,remarks
"edd53bec-9a1e-4307-ac46-aeb5f6e4a9a9","KONZ_002.tickPlot.tck","D06","KONZ","KONZ_002","distributed","grasslandHerbaceous",39.118977,-96.547146,"WGS84",20.0,394.4,0.0,"2016-11-10T14:33Z","KONZ.2016.45",,,"drag and flag",160,"N",0,0,0,"No known compromise","NEON.DOC.014045vG","BzXmPCNcOOHl9ws4JG7MP7BkkCvctwH+",
"182fab7c-9c44-41ea-b14f-78c16767a11a","KONZ_004.tickPlot.tck","D06","KONZ","KONZ_004","distributed","grasslandHerbaceous",39.109647,-96.551370,"WGS84",20.0,371.9,0.0,"2016-11-10T15:33Z","KONZ.2016.45",,,"drag",160,"N",0,0,0,"No known compromise","NEON.DOC.014045vG","BzXmPCNcOOHl9ws4JG7MP7BkkCvctwH+",
"f73e8a6a-e4fe-494f-979c-3c30e1809533","KONZ_007.tickPlot.tck","D06","KONZ","KONZ_007","distributed","grasslandHerbaceous",39.087937,-96.545919,"WGS84",20.1,434.0,0.1,"2016-11-10T16:22Z","KONZ.2016.45",,,"drag and flag",160,"N",0,0,0,"No known compromise","NEON.DOC.014045vG","BzXmPCNcOOHl9ws4JG7MP7BkkCvctwH+",
"2e06f45a-9fea-4ee6-8c1a-a2fd0af1a306","KONZ_001.tickPlot.tck","D06","KONZ","KONZ_001","distributed","grasslandHerbaceous",39.074114,-96.557107,"WGS84",20.0,423.7,0.0,"2016-11-10T17:05Z","KONZ.2016.45",,,"drag",160,"N",0,0,0,"No known compromise","NEON.DOC.014045vG","UiQJ6NC02X5uZEcYqJAeU1eiGY+Ji5h+",
"e08113db-ce6d-47fd-a579-3da988b5dcbe","KONZ_009.tickPlot.tck","D06","KONZ","KONZ_009","distributed","grasslandHerbaceous",39.107902,-96.584438,"WGS84",20.1,391.9,0.1,"2016-11-10T18:32Z","KONZ.2016.45",,,"drag",160,"N",0,0,0,"No known compromise","NEON.DOC.014045vG","BzXmPCNcOOHl9ws4JG7MP7BkkCvctwH+",
"6691aabd-f2aa-4660-955f-bd4c7bb634df","KONZ_025.tickPlot.tck","D06","KONZ","KONZ_025","distributed","deciduousForest",39.103714,-96.597832,"WGS84",20.1,337.3,0.1,"2016-11-10T19:16Z","KONZ.2016.45",,,"drag and flag",160,"N",0,0,0,"No known compromise","NEON.DOC.014045vG","BzXmPCNcOOHl9ws4JG7MP7BkkCvctwH+",
