uid,namedLocation,domainID,siteID,plotID,plotType,nlcdClass,decimalLatitude,decimalLongitude,geodeticDatum,coordinateUncertainty,elevation,elevationUncertainty,collectDate,eventID,sampleID,sampleCode,samplingMethod,totalSampledArea,targetTaxaPresent,adultCount,nymphCount,larvaCount,sampleCondition,samplingProtocolVersion,measuredBy,remarks
"4395a7ad-3b64-45f2-b56b-c3167c6155ce","KONZ_002.tickPlot.tck","D06","KONZ","KONZ_002","distributed","grasslandHerbaceous",39.118977,-96.547146,"WGS84",20.0,394.4,0.0,"2018-08-01T13:30Z","KONZ.2018.31",,,"drag and flag",160,"N",0,0,0,,"NEON.DOC.014045vJ","0QknftH/249Fzeup5XgxDmRFrswKMEXrpdiqA+dT0Pw=",
"a04497fd-4cad-4968-a861-d80ff0a05aba","KONZ_004.tickPlot.tck","D06","KONZ","KONZ_004","distributed","grasslandHerbaceous",39.109647,-96.551370,"WGS84",20.0,371.9,0.0,"2018-08-01T14:14Z","KONZ.2018.31",,,"drag",160,"N",0,0,0,,"NEON.DOC.014045vJ","0QknftH/249Fzeup5XgxDmRFrswKMEXrpdiqA+dT0Pw=",
"f66dd539-5f4d-4f9f-9016-47f6bf3b7eed","KONZ_007.tickPlot.tck","D06","KONZ","KONZ_007","distributed","grasslandHerbaceous",39.087937,-96.545919,"WGS84",20.1,434.0,0.1,"2018-08-01T14:54Z","KONZ.2018.31",,,"drag and flag",160,"N",0,0,0,,"NEON.DOC.014045vJ","0QknftH/249Fzeup5XgxDmRFrswKMEXrpdiqA+dT0Pw=",
"cb102939-374c-4bfb-b5e4-6a6a0be26be9","KONZ_001.tickPlot.tck","D06","KONZ","KONZ_001","distributed","grasslandHerbaceous",39.074114,-96.557107,"WGS84",20.0,423.7,0.0,"2018-08-01T15:23Z","KONZ.2018.31",,,"drag",160,"N",0,0,0,,"NEON.DOC.014045vJ","0QknftH/249Fzeup5XgxDmRFrswKMEXrpdiqA+dT0Pw=",
"c3b3a8cd-f951-45c3-bec4-c0371ff9005b","KONZ_025.tickPlot.tck","D06","KONZ","KONZ_025","distributed","deciduousForest",39.103714,-96.597832,"WGS84",20.1,337.3,0.1,"2018-08-01T16:07Z","KONZ.2018.31","KONZ_025.20180801","B00000015957","drag",160,"Y",1,9,330,"No known compromise","NEON.DOC.014045vJ","0QknftH/249Fzeup5XgxDmRFrswKMEXrpdiqA+dT0Pw=",
"e2bc027e-8a47-4fa0-91c8-bd7f6e04a8b5","KONZ_009.tickPlot.tck","D06","KONZ","KONZ_009","distributed","grasslandHerbaceous",39.107902,-96.584438,"WGS84",20.1,391.9,0.1,"2018-08-01T17:15Z","KONZ.2018.31",,,"drag",160,"N",0,0,0,,"NEON.DOC.014045vJ","0QknftH/249Fzeup5XgxDmRFrswKMEXrpdiqA+dT0Pw=",
"b5c46859-a7ff-4f61-baef-97a1a97dfa2c","KONZ_009.tickPlot.tck","D06","KONZ","KONZ_009","distributed","grasslandHerbaceous",39.107902,-96.584438,"WGS84",20.1,391.9,0.1,"2018-08-21T14:05Z","KONZ.2018.34","KONZ_009.20180821","B00000016188","drag",160,"Y",0,1,0,"No known compromise","NEON.DOC.014045vJ","kkbwkCoDsA6KGEHVdDf/jWkh+6A9lNBAX0snNK7CGzQ=",
"7dfa6ef1-dc62-46b5-9b68-576a78f506dc","KONZ_025.tickPlot.tck","D06","KONZ","KONZ_025","distributed","deciduousForest",39.103714,-96.597832,"WGS84",20.1,337.3,0.1,"2018-08-21T14:49Z","KONZ.2018.34","KONZ_025.20180821","B00000016132","drag",160,"Y",2,2,2084,"No known compromise","NEON.DOC.014045vJ","kkbwkCoDsA6KGEHVdDf/jWkh+6A9lNBAX0snNK7CGzQ=",
"3a89ed88-dd3d-4fdf-893a-636879952cb3","KONZ_002.tickPlot.tck","D06","KONZ","KONZ_002","distributed","grasslandHerbaceous",39.118977,-96.547146,"WGS84",20.0,394.4,0.0,"2018-08-21T16:36Z","KONZ.2018.34",,,"drag and flag",160,"N",0,0,0,,"NEON.DOC.014045vJ","kkbwkCoDsA6KGEHVdDf/jWkh+6A9lNBAX0snNK7CGzQ=",
"67afd46e-a2fa-4c87-b5ab-758a8c3023c8","KONZ_004.tickPlot.tck","D06","KONZ","KONZ_004","distributed","grasslandHerbaceous",39.109647,-96.551370,"WGS84",20.0,371.9,0.0,"2018-08-21T17:19Z","KONZ.2018.34",,,"flag",160,"N",0,0,0,,"NEON.DOC.014045vJ","V6tSHRQni+Wbmj3Admpr1k+RorxM22+8PfTKvpaRtsU=",
"f285820d-73f6-411c-9acc-474a971abc74","KONZ_007.tickPlot.tck","D06","KONZ","KONZ_007","distributed","grasslandHerbaceous",39.087937,-96.545919,"WGS84",20.1,434.0,0.1,"2018-08-21T18:05Z","KONZ.2018.34",,,"drag and flag",160,"N",0,0,0,,"NEON.DOC.014045vJ","V6tSHRQni+Wbmj3Admpr1k+RorxM22+8PfTKvpaRtsU=",
"eb83ec7f-f3ca-4540-b92b-bbae41eb8301","KONZ_001.tickPlot.tck","D06","KONZ","KONZ_001","distributed","grasslandHerbaceous",39.074114,-96.557107,"WGS84",20.0,423.7,0.0,"2018-08-21T18:35Z","KONZ.2018.34",,,"drag",160,"N",0,0,0,,"NEON.DOC.014045vJ","V6tSHRQni+Wbmj3Admpr1k+RorxM22+8PfTKvpaRtsU=",
