uid,namedLocation,domainID,siteID,plotID,plotType,nlcdClass,decimalLatitude,decimalLongitude,geodeticDatum,coordinateUncertainty,elevation,elevationUncertainty,collectDate,eventID,sampleID,sampleCode,samplingMethod,totalSampledArea,targetTaxaPresent,adultCount,nymphCount,larvaCount,sampleCondition,samplingProtocolVersion,measuredBy,remarks
"d331a6d1-271a-4dd2-8e2d-72928a0efd3c","ONAQ_011.tickPlot.tck","D15","ONAQ","ONAQ_011","distributed","shrubScrub",40.152051,-112.455478,"WGS84",20.1,1617.0,0.1,"2017-07-20T14:00Z","ONAQ.2017.30",,,"drag and flag",160,"N",0,0,0,,"NEON.DOC.014045vH","aWiYlv4RWOpRr3GIbMwbR8dK/HT7kxbpfqPk66ffpQ4=",
"4e3c6d72-48fc-43a9-8ed0-9b79e6f12f09","ONAQ_009.tickPlot.tck","D15","ONAQ","ONAQ_009","distributed","shrubScrub",40.160581,-112.469377,"WGS84",20.1,1668.8,0.1,"2017-07-20T15:12Z","ONAQ.2017.30",,,"drag and flag",160,"N",0,0,0,,"NEON.DOC.014045vH","aWiYlv4RWOpRr3GIbMwbR8dK/HT7kxbpfqPk66ffpQ4=",
"637cb227-1914-49c5-9335-854150bb3377","ONAQ_023.tickPlot.tck","D15","ONAQ","ONAQ_023","distributed","evergreenForest",40.193985,-112.507206,"WGS84",20.1,1860.6,0.1,"2017-07-20T16:25Z","ONAQ.2017.30",,,"drag and flag",163,"N",0,0,0,,"NEON.DOC.014045vH","aWiYlv4RWOpRr3GIbMwbR8dK/HT7kxbpfqPk66ffpQ4=",
"e980a3bd-0a73-4dad-804e-b56048b4b83d","ONAQ_004.tickPlot.tck","D15","ONAQ","ONAQ_004","distributed","shrubScrub",40.187291,-112.471870,"WGS84",,1710.4,,"2017-07-20T17:40Z","ONAQ.2017.30",,,"drag and flag",160,"N",0,0,0,,"NEON.DOC.014045vH","aWiYlv4RWOpRr3GIbMwbR8dK/HT7kxbpfqPk66ffpQ4=",
"d3a18cce-f515-46aa-92e2-a0a531dbf147","ONAQ_016.tickPlot.tck","D15","ONAQ","ONAQ_016","distributed","shrubScrub",40.175449,-112.444448,"WGS84",20.1,1635.3,0.1,"2017-07-20T18:32Z","ONAQ.2017.30",,,"drag and flag",161,"N",0,0,0,,"NEON.DOC.014045vH","aWiYlv4RWOpRr3GIbMwbR8dK/HT7kxbpfqPk66ffpQ4=",
"3cef5edd-90e0-4df0-ba3a-f03e08349f43","ONAQ_005.tickPlot.tck","D15","ONAQ","ONAQ_005","distributed","shrubScrub",40.181926,-112.432741,"WGS84",20.1,1617.2,0.1,"2017-07-20T19:10Z","ONAQ.2017.30",,,"drag and flag",160,"N",0,0,0,,"NEON.DOC.014045vH","aWiYlv4RWOpRr3GIbMwbR8dK/HT7kxbpfqPk66ffpQ4=",
