uid,namedLocation,date,domainID,siteID,plotID,plotType,nlcdClass,decimalLatitude,decimalLongitude,geodeticDatum,coordinateUncertainty,easting,northing,utmZone,elevation,elevationUncertainty,eventID,samplingProtocolVersion,treesPresent,treesAbsentList,shrubsPresent,shrubsAbsentList,lianasPresent,lianasAbsentList,nestedSubplotAreaShrubSapling,nestedSubplotAreaLiana,totalSampledAreaTrees,totalSampledAreaShrubSapling,totalSampledAreaLiana,remarks,measuredBy,recordedBy,dataQF
"bd7250ea-30fa-48ab-bb5f-cf997b25e420","LENO_061.basePlot.vst","2015-11-03","D08","LENO","LENO_061","tower","woodyWetlands",31.857548,-88.163273,"WGS84",20.2,389949.73,3525235.85,"16N",13.7,0.4,"vst_LENO_2015","NEON.DOC.000987vE",,,,,,,"25","noneSelected",800,100,800,,"uJ5xbzbiYYfl0x/GiDbsyp9NPQfiopZ0","1BXlVo/+sgQnzGKl3MtQcn6rxZDFIa/f","legacyData"
"4e995358-3b4e-42a3-8ffc-467c9706ccc9","LENO_065.basePlot.vst","2015-11-03","D08","LENO","LENO_065","tower","deciduousForest",31.858088,-88.162382,"WGS84",20.2,390034.67,3525294.80,"16N",14.9,0.2,"vst_LENO_2015","NEON.DOC.000987vE",,,,,,,"10","noneSelected",800,40,800,,"uJ5xbzbiYYfl0x/GiDbsyp9NPQfiopZ0","1BXlVo/+sgQnzGKl3MtQcn6rxZDFIa/f","legacyData"
"a570bdc2-b86d-455a-a976-1a2daf4e17f9","LENO_068.basePlot.vst","2015-11-04","D08","LENO","LENO_068","tower","deciduousForest",31.856751,-88.160450,"WGS84",20.2,390215.87,3525144.64,"16N",13.2,0.2,"vst_LENO_2015","NEON.DOC.000987vE",,,,,,,"100","noneSelected",800,400,800,,"uJ5xbzbiYYfl0x/GiDbsyp9NPQfiopZ0","fPsz3Cj+WnSf7fhO9S0U5mWC7OJtKmKE","legacyData"
"b7ad8a17-91b7-4db0-849f-e3ed28b89e0f","LENO_062.basePlot.vst","2015-11-04","D08","LENO","LENO_062","tower","woodyWetlands",31.857053,-88.161742,"WGS84",20.2,390093.99,3525179.42,"16N",11.3,0.3,"vst_LENO_2015","NEON.DOC.000987vE",,,,,,,"25","noneSelected",800,100,800,,"uJ5xbzbiYYfl0x/GiDbsyp9NPQfiopZ0","LL/gXdi67CgOxDk89BiEoiy0+ICVjEP4","legacyData"
"d83d7abe-f25e-4245-997f-73baf7babcad","LENO_067.basePlot.vst","2015-11-05","D08","LENO","LENO_067","tower","woodyWetlands",31.857067,-88.159155,"WGS84",20.2,390338.77,3525178.36,"16N",20.5,0.3,"vst_LENO_2015","NEON.DOC.000987vE",,,,,,,"25","noneSelected",800,100,800,,"uJ5xbzbiYYfl0x/GiDbsyp9NPQfiopZ0","LL/gXdi67CgOxDk89BiEoiy0+ICVjEP4","legacyData"
"33fdeb72-34c9-4f71-959a-15151f14144f","LENO_063.basePlot.vst","2015-11-10","D08","LENO","LENO_063","tower","deciduousForest",31.855410,-88.160398,"WGS84",20.2,390219.20,3524995.94,"16N",12.1,0.3,"vst_LENO_2015","NEON.DOC.000987vE",,,,,,,"25","noneSelected",800,100,800,,"uJ5xbzbiYYfl0x/GiDbsyp9NPQfiopZ0","1BXlVo/+sgQnzGKl3MtQcn6rxZDFIa/f","legacyData"
"c683dbb7-0359-43f9-beb6-6b7caa21942c","LENO_064.basePlot.vst","2015-11-10","D08","LENO","LENO_064","tower","deciduousForest",31.854294,-88.160718,"WGS84",20.1,390187.60,3524872.55,"16N",12.4,0.1,"vst_LENO_2015","NEON.DOC.000987vE",,,,,,,"25","noneSelected",800,100,800,,"uJ5xbzbiYYfl0x/GiDbsyp9NPQfiopZ0","0ygyTA3URVoNp+waZjN2Lu+zP0lNl3v9","legacyData"
"3eea13ba-7ae8-4d72-a637-fe4f7e526be1","LENO_066.basePlot.vst","2015-11-11","D08","LENO","LENO_066","tower","deciduousForest",31.853773,-88.161978,"WGS84",20.2,390067.77,3524816.07,"16N",14.8,0.3,"vst_LENO_2015","NEON.DOC.000987vE",,,,,,,"25","noneSelected",800,100,800,,"uJ5xbzbiYYfl0x/GiDbsyp9NPQfiopZ0","LL/gXdi67CgOxDk89BiEoiy0+ICVjEP4","legacyData"
"56b24c1c-4003-44c6-9ad2-14cf67884242","LENO_070.basePlot.vst","2015-11-12","D08","LENO","LENO_070","tower","woodyWetlands",31.852659,-88.161998,"WGS84",20.1,390064.56,3524692.61,"16N",12.4,0.1,"vst_LENO_2015","NEON.DOC.000987vE",,,,,,,"100","noneSelected",800,400,800,,"56NWpqkULoxnJRco3jytVpwp1mk4BuSv","LL/gXdi67CgOxDk89BiEoiy0+ICVjEP4","legacyData"
"d7e2202c-9a99-4a77-bd03-3ee2331217ae","LENO_069.basePlot.vst","2015-11-12","D08","LENO","LENO_069","tower","woodyWetlands",31.852664,-88.163256,"WGS84",20.2,389945.54,3524694.44,"16N",14.4,0.3,"vst_LENO_2015","NEON.DOC.000987vE",,,,,,,"25","noneSelected",800,100,800,,"uJ5xbzbiYYfl0x/GiDbsyp9NPQfiopZ0","LL/gXdi67CgOxDk89BiEoiy0+ICVjEP4","legacyData"
