uid,namedLocation,domainID,siteID,plotID,plotType,nlcdClass,decimalLatitude,decimalLongitude,geodeticDatum,coordinateUncertainty,elevation,elevationUncertainty,collectDate,eventID,sampleID,sampleCode,samplingMethod,totalSampledArea,targetTaxaPresent,adultCount,nymphCount,larvaCount,sampleCondition,samplingProtocolVersion,measuredBy,remarks
"9b23239a-cd6a-4ffb-a148-b861debea320","CPER_002.tickPlot.tck","D10","CPER","CPER_002","distributed","grasslandHerbaceous",40.811446,-104.727626,"WGS84",20.1,1645.8,0.1,"2014-05-14T17:01Z","CPER.2014.19",,,"drag",160,"N",0,0,0,,"NEON.DOC.014045vD","G3MboO703H8TL3FEQQ8g4g==",
"e0ab9218-d8e7-4f02-80c0-08517cf74d16","CPER_004.tickPlot.tck","D10","CPER","CPER_004","distributed","grasslandHerbaceous",40.814104,-104.696817,"WGS84",20.1,1617.2,0.1,"2014-05-14T18:17Z","CPER.2014.19",,,"drag",160,"N",0,0,0,,"NEON.DOC.014045vD","G3MboO703H8TL3FEQQ8g4g==",
"59e46685-ec26-432f-812f-4962b047e149","CPER_003.tickPlot.tck","D10","CPER","CPER_003","distributed","grasslandHerbaceous",40.819808,-104.707147,"WGS84",20.1,1625.7,0.1,"2014-05-14T19:35Z","CPER.2014.19",,,"drag",160,"N",0,0,0,,"NEON.DOC.014045vD","G3MboO703H8TL3FEQQ8g4g==",
"6e4c7041-51ef-4c5a-8338-4140393158c1","CPER_007.tickPlot.tck","D10","CPER","CPER_007","distributed","grasslandHerbaceous",40.860878,-104.684952,"WGS84",20.1,1646.7,0.1,"2014-05-15T15:53Z","CPER.2014.19",,,"drag",160,"N",0,0,0,,"NEON.DOC.014045vD","G3MboO703H8TL3FEQQ8g4g==",
"884b3cdb-9664-4920-b7bc-b972ca4df0ff","CPER_001.tickPlot.tck","D10","CPER","CPER_001","distributed","grasslandHerbaceous",40.851012,-104.701302,"WGS84",20.1,1639.1,0.1,"2014-05-15T17:17Z","CPER.2014.19",,,"drag",160,"N",0,0,0,,"NEON.DOC.014045vD","G3MboO703H8TL3FEQQ8g4g==",
"b93cf491-75b8-4751-a0ee-a15998a99a59","CPER_005.tickPlot.tck","D10","CPER","CPER_005","distributed","grasslandHerbaceous",40.852571,-104.726331,"WGS84",20.1,1662.6,0.1,"2014-05-15T18:51Z","CPER.2014.19",,,"drag",176,"N",0,0,0,,"NEON.DOC.014045vD","G3MboO703H8TL3FEQQ8g4g==",
