uid,namedLocation,date,eventID,domainID,siteID,plotID,subplotID,individualID,tagStatus,growthForm,plantStatus,stemDiameter,measurementHeight,height,baseCrownHeight,breakHeight,breakDiameter,maxCrownDiameter,ninetyCrownDiameter,canopyPosition,shape,basalStemDiameter,basalStemDiameterMsrmntHeight,maxBaseCrownDiameter,ninetyBaseCrownDiameter,remarks,recordedBy,measuredBy,dataQF
"6adb70b3-225d-4237-aedb-0c5e18bf9ec3","BONA_026.basePlot.vst","2017-09-27","vst_BONA_2017","D19","BONA","BONA_026",,"NEON.PLA.D19.BONA.03709","ok","sapling","Live",,,0.9,,,,,,,,1.8,10,,,,"lZ4H5l+LEreVoHhq6y4bByOpdKqn1otgASU4FB/BTwE=","B5gK1LhWHHp9Z0QBZTqVgC9whgpKqfPBM276tutrwzA=","legacyData"
"f417a2e5-77fb-469c-a081-dfbdd2c6a665","BONA_026.basePlot.vst","2017-09-27","vst_BONA_2017","D19","BONA","BONA_026",,"NEON.PLA.D19.BONA.01757","ok","single bole tree","Live",21.0,130,14.0,,,,6.5,5.1,"Full sun",,,,,,,"lZ4H5l+LEreVoHhq6y4bByOpdKqn1otgASU4FB/BTwE=","B5gK1LhWHHp9Z0QBZTqVgC9whgpKqfPBM276tutrwzA=","legacyData"
"e17aa121-02f8-4f74-9872-3c125fece24a","BONA_026.basePlot.vst","2017-09-27","vst_BONA_2017","D19","BONA","BONA_026",,"NEON.PLA.D19.BONA.03720","ok","small tree","Live",2.7,130,3.3,,,,,,,,,,,,,"lZ4H5l+LEreVoHhq6y4bByOpdKqn1otgASU4FB/BTwE=","B5gK1LhWHHp9Z0QBZTqVgC9whgpKqfPBM276tutrwzA=","legacyData"
"2511bcc0-f010-4a71-b56c-d39e0afc9cbc","BONA_026.basePlot.vst","2017-09-27","vst_BONA_2017","D19","BONA","BONA_026",,"NEON.PLA.D19.BONA.03714","ok","sapling","Standing dead",,,0.5,,,,,,,,1.7,10,,,,"lZ4H5l+LEreVoHhq6y4bByOpdKqn1otgASU4FB/BTwE=","B5gK1LhWHHp9Z0QBZTqVgC9whgpKqfPBM276tutrwzA=","legacyData"
"c03dc4aa-5bd6-4159-b410-f1ea5c82fcb4","BONA_026.basePlot.vst","2017-09-27","vst_BONA_2017","D19","BONA","BONA_026",,"NEON.PLA.D19.BONA.03719","ok","sapling","Live",,,1.1,,,,,,,,1.4,10,,,,"lZ4H5l+LEreVoHhq6y4bByOpdKqn1otgASU4FB/BTwE=","B5gK1LhWHHp9Z0QBZTqVgC9whgpKqfPBM276tutrwzA=","legacyData"
"732ac44e-a257-4146-bb49-096cc16664de","BONA_026.basePlot.vst","2017-09-27","vst_BONA_2017","D19","BONA","BONA_026",,"NEON.PLA.D19.BONA.04801","ok","small tree","Live",6.8,130,4.0,,,,,,,,,,,,,"lZ4H5l+LEreVoHhq6y4bByOpdKqn1otgASU4FB/BTwE=","B5gK1LhWHHp9Z0QBZTqVgC9whgpKqfPBM276tutrwzA=","legacyData"
"7eca7b41-0537-4456-beac-594836bc0767","BONA_026.basePlot.vst","2017-09-27","vst_BONA_2017","D19","BONA","BONA_026",,"NEON.PLA.D19.BONA.03729","ok","sapling","Live",,,0.7,,,,,,,,1.1,10,,,,"lZ4H5l+LEreVoHhq6y4bByOpdKqn1otgASU4FB/BTwE=","B5gK1LhWHHp9Z0QBZTqVgC9whgpKqfPBM276tutrwzA=","legacyData"
"c1208b66-cc7f-48a1-9c0d-3c04a6b2e3d5","BONA_026.basePlot.vst","2017-09-27","vst_BONA_2017","D19","BONA","BONA_026",,"NEON.PLA.D19.BONA.01788","ok","single bole tree","Live",11.3,130,7.0,,,,5.1,4.6,"Partially shaded",,,,,,,"lZ4H5l+LEreVoHhq6y4bByOpdKqn1otgASU4FB/BTwE=","B5gK1LhWHHp9Z0QBZTqVgC9whgpKqfPBM276tutrwzA=","legacyData"
"efa2106b-81d3-40bc-920f-5f790cf8e1bd","BONA_026.basePlot.vst","2017-09-27","vst_BONA_2017","D19","BONA","BONA_026",,"NEON.PLA.D19.BONA.01775A","ok","multi-bole tree","Live",13.1,130,,,,,,,,,,,,,,"lZ4H5l+LEreVoHhq6y4bByOpdKqn1otgASU4FB/BTwE=","B5gK1LhWHHp9Z0QBZTqVgC9whgpKqfPBM276tutrwzA=","legacyData"
"041cda0d-8f49-468b-b1bf-fa95b8618202","BONA_026.basePlot.vst","2017-09-27","vst_BONA_2017","D19","BONA","BONA_026",,"NEON.PLA.D19.BONA.01774","ok","single bole tree","Standing dead",16.5,130,7.6,,,,3.4,1.3,"Partially shaded",,,,,,,"lZ4H5l+LEreVoHhq6y4bByOpdKqn1otgASU4FB/BTwE=","B5gK1LhWHHp9Z0QBZTqVgC9whgpKqfPBM276tutrwzA=","legacyData"
"f7d12839-727a-4652-92b9-51fc87175cfd","BONA_026.basePlot.vst","2017-09-27","vst_BONA_2017","D19","BONA","BONA_026",,"NEON.PLA.D19.BONA.01797","ok","single bole tree","Live",33.5,130,11.5,,,,6.5,5.7,"Open grown",,,,,,,"lZ4H5l+LEreVoHhq6y4bByOpdKqn1otgASU4FB/BTwE=","B5gK1LhWHHp9Z0QBZTqVgC9whgpKqfPBM276tutrwzA=","legacyData"
"880ab96b-679a-483e-84fa-7568016e75f2","BONA_026.basePlot.vst","2017-09-27","vst_BONA_2017","D19","BONA","BONA_026",,"NEON.PLA.D19.BONA.03704","ok","small tree","Live",3.1,130,3.5,,,,,,,,,,,,,"lZ4H5l+LEreVoHhq6y4bByOpdKqn1otgASU4FB/BTwE=","B5gK1LhWHHp9Z0QBZTqVgC9whgpKqfPBM276tutrwzA=","legacyData"
"cec56fa6-099b-43c9-aa4b-bd8efdd8e033","BONA_026.basePlot.vst","2017-09-27","vst_BONA_2017","D19","BONA","BONA_026",,"NEON.PLA.D19.BONA.04802","ok","small shrub","Live",,,0.6,,,,0.6,0.2,,"cone",1.2,10,,,,"lZ4H5l+LEreVoHhq6y4bByOpdKqn1otgASU4FB/BTwE=","B5gK1LhWHHp9Z0QBZTqVgC9whgpKqfPBM276tutrwzA=","legacyData"
"6f0b1a25-93ee-41fd-8b4c-fbe7b9d39361","BONA_026.basePlot.vst","2017-09-27","vst_BONA_2017","D19","BONA","BONA_026",,"NEON.PLA.D19.BONA.03721","ok","small tree","Live",8.6,130,6.8,,,,,,,,,,,,,"lZ4H5l+LEreVoHhq6y4bByOpdKqn1otgASU4FB/BTwE=","B5gK1LhWHHp9Z0QBZTqVgC9whgpKqfPBM276tutrwzA=","legacyData"
"87363701-4410-4379-a43e-5622a62f0ad1","BONA_026.basePlot.vst","2017-09-27","vst_BONA_2017","D19","BONA","BONA_026",,"NEON.PLA.D19.BONA.03708","ok","small tree","Live",2.3,130,2.1,,,,,,,,,,,,,"lZ4H5l+LEreVoHhq6y4bByOpdKqn1otgASU4FB/BTwE=","B5gK1LhWHHp9Z0QBZTqVgC9whgpKqfPBM276tutrwzA=","legacyData"
"52ba1ec1-0429-4784-9209-fdfcfe4e8058","BONA_026.basePlot.vst","2017-09-27","vst_BONA_2017","D19","BONA","BONA_026",,"NEON.PLA.D19.BONA.01760","ok","single bole tree","Live",13.2,130,4.9,,,,4.0,3.5,"Full sun",,,,,,,"lZ4H5l+LEreVoHhq6y4bByOpdKqn1otgASU4FB/BTwE=","B5gK1LhWHHp9Z0QBZTqVgC9whgpKqfPBM276tutrwzA=","legacyData"
"9611489f-74df-4fca-8fc9-0751e80cc595","BONA_026.basePlot.vst","2017-09-27","vst_BONA_2017","D19","BONA","BONA_026",,"NEON.PLA.D19.BONA.03706","ok","small tree","Live",7.0,130,5.4,,,,,,,,,,,,,"lZ4H5l+LEreVoHhq6y4bByOpdKqn1otgASU4FB/BTwE=","B5gK1LhWHHp9Z0QBZTqVgC9whgpKqfPBM276tutrwzA=","legacyData"
"dfc0b141-3122-4d58-a2c0-1ce68ec07de0","BONA_026.basePlot.vst","2017-09-27","vst_BONA_2017","D19","BONA","BONA_026",,"NEON.PLA.D19.BONA.01784","ok","single bole tree","Live",16.1,130,7.6,,,,3.3,2.5,"Partially shaded",,,,,,,"lZ4H5l+LEreVoHhq6y4bByOpdKqn1otgASU4FB/BTwE=","B5gK1LhWHHp9Z0QBZTqVgC9whgpKqfPBM276tutrwzA=","legacyData"
"889d8a15-c53e-4a99-99f3-0a8bb72632ef","BONA_026.basePlot.vst","2017-09-27","vst_BONA_2017","D19","BONA","BONA_026",,"NEON.PLA.D19.BONA.03713","ok","sapling","Standing dead",,,1.0,,,,,,,,1.4,10,,,,"lZ4H5l+LEreVoHhq6y4bByOpdKqn1otgASU4FB/BTwE=","B5gK1LhWHHp9Z0QBZTqVgC9whgpKqfPBM276tutrwzA=","legacyData"
"e4015b08-5e96-434b-bceb-40225899ae76","BONA_026.basePlot.vst","2017-09-27","vst_BONA_2017","D19","BONA","BONA_026",,"NEON.PLA.D19.BONA.03707","ok","single shrub","Standing dead",5.3,130,1.5,,,,1.6,0.5,,"cone",6.4,10,,,,"lZ4H5l+LEreVoHhq6y4bByOpdKqn1otgASU4FB/BTwE=","B5gK1LhWHHp9Z0QBZTqVgC9whgpKqfPBM276tutrwzA=","legacyData"
"3e60c13d-bdc2-4125-8cff-769171ce002e","BONA_026.basePlot.vst","2017-09-27","vst_BONA_2017","D19","BONA","BONA_026",,"NEON.PLA.D19.BONA.01796","ok","multi-bole tree","Live",18.3,130,2.8,,,,6.7,6.7,"Full sun",,,,,,,"lZ4H5l+LEreVoHhq6y4bByOpdKqn1otgASU4FB/BTwE=","B5gK1LhWHHp9Z0QBZTqVgC9whgpKqfPBM276tutrwzA=","legacyData"
"747cff99-44fc-4091-97cf-c7f441dd6b40","BONA_026.basePlot.vst","2017-09-27","vst_BONA_2017","D19","BONA","BONA_026",,"NEON.PLA.D19.BONA.03725","ok","small tree","Live",1.1,130,1.8,,,,,,,,,,,,,"lZ4H5l+LEreVoHhq6y4bByOpdKqn1otgASU4FB/BTwE=","B5gK1LhWHHp9Z0QBZTqVgC9whgpKqfPBM276tutrwzA=","legacyData"
"925fb33f-71a9-4217-9d0a-1920b03819bb","BONA_026.basePlot.vst","2017-09-27","vst_BONA_2017","D19","BONA","BONA_026",,"NEON.PLA.D19.BONA.01786","ok","single bole tree","Live",20.6,130,9.6,,,,3.4,2.4,"Full sun",,,,,,,"lZ4H5l+LEreVoHhq6y4bByOpdKqn1otgASU4FB/BTwE=","B5gK1LhWHHp9Z0QBZTqVgC9whgpKqfPBM276tutrwzA=","legacyData"
"05124c67-d2b3-4f3f-8fdb-c97ffd49b57e","BONA_026.basePlot.vst","2017-09-27","vst_BONA_2017","D19","BONA","BONA_026",,"NEON.PLA.D19.BONA.01791","ok","single bole tree","Live",16.3,130,7.0,,,,4.6,3.0,"Partially shaded",,,,,,,"lZ4H5l+LEreVoHhq6y4bByOpdKqn1otgASU4FB/BTwE=","B5gK1LhWHHp9Z0QBZTqVgC9whgpKqfPBM276tutrwzA=","legacyData"
"c0296c21-b288-40c8-9e78-d6154a2a96c6","BONA_026.basePlot.vst","2017-09-27","vst_BONA_2017","D19","BONA","BONA_026",,"NEON.PLA.D19.BONA.03712","ok","sapling","Live",,,1.2,,,,,,,,1.1,10,,,,"lZ4H5l+LEreVoHhq6y4bByOpdKqn1otgASU4FB/BTwE=","B5gK1LhWHHp9Z0QBZTqVgC9whgpKqfPBM276tutrwzA=","legacyData"
"de8e9771-c048-4149-889d-fc965553ae2e","BONA_026.basePlot.vst","2017-09-27","vst_BONA_2017","D19","BONA","BONA_026",,"NEON.PLA.D19.BONA.01796A","ok","multi-bole tree","Standing dead",15.9,130,6.2,,,,3.9,2.5,"Full sun",,,,,,,"lZ4H5l+LEreVoHhq6y4bByOpdKqn1otgASU4FB/BTwE=","B5gK1LhWHHp9Z0QBZTqVgC9whgpKqfPBM276tutrwzA=","legacyData"
"a8423a7c-01ec-42e5-84c1-7433c7f2c957","BONA_026.basePlot.vst","2017-09-27","vst_BONA_2017","D19","BONA","BONA_026",,"NEON.PLA.D19.BONA.03727","ok","small tree","Live",5.1,130,4.5,,,,,,,,,,,,,"lZ4H5l+LEreVoHhq6y4bByOpdKqn1otgASU4FB/BTwE=","B5gK1LhWHHp9Z0QBZTqVgC9whgpKqfPBM276tutrwzA=","legacyData"
"ad20e8b4-4c8e-45b8-9429-d066dc77119e","BONA_026.basePlot.vst","2017-09-27","vst_BONA_2017","D19","BONA","BONA_026",,"NEON.PLA.D19.BONA.01787","ok","single bole tree","Standing dead",20.2,130,4.9,,,,2.9,2.8,"Partially shaded",,,,,,,"lZ4H5l+LEreVoHhq6y4bByOpdKqn1otgASU4FB/BTwE=","B5gK1LhWHHp9Z0QBZTqVgC9whgpKqfPBM276tutrwzA=","legacyData"
"c353c3ff-3652-450e-b36a-2b73820918a8","BONA_026.basePlot.vst","2017-09-27","vst_BONA_2017","D19","BONA","BONA_026",,"NEON.PLA.D19.BONA.03702","ok","sapling","Live",,,1.3,,,,,,,,2.1,10,,,,"lZ4H5l+LEreVoHhq6y4bByOpdKqn1otgASU4FB/BTwE=","B5gK1LhWHHp9Z0QBZTqVgC9whgpKqfPBM276tutrwzA=","legacyData"
"93df93e3-1834-41c4-b405-ceae7c169258","BONA_026.basePlot.vst","2017-09-27","vst_BONA_2017","D19","BONA","BONA_026",,"NEON.PLA.D19.BONA.03730","ok","sapling","Live",,,0.6,,,,,,,,1.0,10,,,,"lZ4H5l+LEreVoHhq6y4bByOpdKqn1otgASU4FB/BTwE=","B5gK1LhWHHp9Z0QBZTqVgC9whgpKqfPBM276tutrwzA=","legacyData"
"8decddd1-b00a-4144-be47-63996eb8a561","BONA_026.basePlot.vst","2017-09-27","vst_BONA_2017","D19","BONA","BONA_026",,"NEON.PLA.D19.BONA.03718","ok","small tree","Live",1.0,130,1.7,,,,,,,,,,,,,"lZ4H5l+LEreVoHhq6y4bByOpdKqn1otgASU4FB/BTwE=","B5gK1LhWHHp9Z0QBZTqVgC9whgpKqfPBM276tutrwzA=","legacyData"
"8d9926f5-803a-4227-ad72-6f69ac66cf63","BONA_026.basePlot.vst","2017-09-27","vst_BONA_2017","D19","BONA","BONA_026",,"NEON.PLA.D19.BONA.01795","ok","single bole tree","Live",18.8,130,6.6,,,,5.1,3.1,"Full sun",,,,,,,"lZ4H5l+LEreVoHhq6y4bByOpdKqn1otgASU4FB/BTwE=","B5gK1LhWHHp9Z0QBZTqVgC9whgpKqfPBM276tutrwzA=","legacyData"
"a7752095-0188-45a0-862b-6a608acc88d9","BONA_026.basePlot.vst","2017-09-27","vst_BONA_2017","D19","BONA","BONA_026",,"NEON.PLA.D19.BONA.03728","ok","sapling","Live",,,0.5,,,,,,,,1.1,,,,,"lZ4H5l+LEreVoHhq6y4bByOpdKqn1otgASU4FB/BTwE=","B5gK1LhWHHp9Z0QBZTqVgC9whgpKqfPBM276tutrwzA=","legacyData"
"9b2b202c-ca07-4891-9e9a-75bcab5eca21","BONA_026.basePlot.vst","2017-09-27","vst_BONA_2017","D19","BONA","BONA_026",,"NEON.PLA.D19.BONA.03711","ok","small tree","Live",1.8,130,1.7,,,,,,,,,,,,,"lZ4H5l+LEreVoHhq6y4bByOpdKqn1otgASU4FB/BTwE=","B5gK1LhWHHp9Z0QBZTqVgC9whgpKqfPBM276tutrwzA=","legacyData"
"8965be92-aa03-4f74-9b13-7a77ce6aad90","BONA_026.basePlot.vst","2017-09-27","vst_BONA_2017","D19","BONA","BONA_026",,"NEON.PLA.D19.BONA.03701","ok","small tree","Live",1.6,130,1.2,,,,,,,,,,,,,"lZ4H5l+LEreVoHhq6y4bByOpdKqn1otgASU4FB/BTwE=","B5gK1LhWHHp9Z0QBZTqVgC9whgpKqfPBM276tutrwzA=","legacyData"
"ca4dce73-cdca-4fb5-880b-595f240d6d38","BONA_026.basePlot.vst","2017-09-27","vst_BONA_2017","D19","BONA","BONA_026",,"NEON.PLA.D19.BONA.03705","ok","small tree","Live",2.9,130,3.2,,,,,,,,,,,,,"lZ4H5l+LEreVoHhq6y4bByOpdKqn1otgASU4FB/BTwE=","B5gK1LhWHHp9Z0QBZTqVgC9whgpKqfPBM276tutrwzA=","legacyData"
"08be3515-54a0-428a-98e2-fc3542fad914","BONA_026.basePlot.vst","2017-09-27","vst_BONA_2017","D19","BONA","BONA_026",,"NEON.PLA.D19.BONA.01762","ok","single bole tree","Standing dead",11.7,130,4.7,,,,0.1,0.1,"Partially shaded",,,,,,,"lZ4H5l+LEreVoHhq6y4bByOpdKqn1otgASU4FB/BTwE=","B5gK1LhWHHp9Z0QBZTqVgC9whgpKqfPBM276tutrwzA=","legacyData"
"fbc8703a-fd55-4221-b80f-47ad2fe6b858","BONA_026.basePlot.vst","2017-09-27","vst_BONA_2017","D19","BONA","BONA_026",,"NEON.PLA.D19.BONA.03732","ok","sapling","Standing dead",,,0.4,,,,,,,,1.0,10,,,,"lZ4H5l+LEreVoHhq6y4bByOpdKqn1otgASU4FB/BTwE=","B5gK1LhWHHp9Z0QBZTqVgC9whgpKqfPBM276tutrwzA=","legacyData"
"59fdbbec-74ce-4018-acec-e6b209d9401b","BONA_026.basePlot.vst","2017-09-27","vst_BONA_2017","D19","BONA","BONA_026",,"NEON.PLA.D19.BONA.01778","ok","single bole tree","Live",10.5,130,8.0,,,,2.2,1.8,"Partially shaded",,,,,,,"lZ4H5l+LEreVoHhq6y4bByOpdKqn1otgASU4FB/BTwE=","B5gK1LhWHHp9Z0QBZTqVgC9whgpKqfPBM276tutrwzA=","legacyData"
"4ed27754-71db-4128-9cd5-eb49125ae896","BONA_026.basePlot.vst","2017-09-27","vst_BONA_2017","D19","BONA","BONA_026",,"NEON.PLA.D19.BONA.01783","ok","single bole tree","Live",27.3,130,12.3,,,,9.5,9.0,"Full sun",,,,,,,"lZ4H5l+LEreVoHhq6y4bByOpdKqn1otgASU4FB/BTwE=","B5gK1LhWHHp9Z0QBZTqVgC9whgpKqfPBM276tutrwzA=","legacyData"
"46814b2d-2ed4-4830-b927-8242df3f55ca","BONA_026.basePlot.vst","2017-09-27","vst_BONA_2017","D19","BONA","BONA_026",,"NEON.PLA.D19.BONA.03726","ok","sapling","Live",,,1.5,,,,,,,,2.2,10,,,,"lZ4H5l+LEreVoHhq6y4bByOpdKqn1otgASU4FB/BTwE=","B5gK1LhWHHp9Z0QBZTqVgC9whgpKqfPBM276tutrwzA=","legacyData"
"354ead33-a558-4948-958c-2a1c78fe76c0","BONA_026.basePlot.vst","2017-09-27","vst_BONA_2017","D19","BONA","BONA_026",,"NEON.PLA.D19.BONA.03724","ok","small tree","Live",1.7,130,2.3,,,,,,,,,,,,,"lZ4H5l+LEreVoHhq6y4bByOpdKqn1otgASU4FB/BTwE=","B5gK1LhWHHp9Z0QBZTqVgC9whgpKqfPBM276tutrwzA=","legacyData"
"42e750f2-cad2-4c8b-bcd3-b697658bcb24","BONA_026.basePlot.vst","2017-09-27","vst_BONA_2017","D19","BONA","BONA_026",,"NEON.PLA.D19.BONA.01761","ok","single bole tree","Live",15.0,130,5.4,,,,4.1,3.9,"Partially shaded",,,,,,,"lZ4H5l+LEreVoHhq6y4bByOpdKqn1otgASU4FB/BTwE=","B5gK1LhWHHp9Z0QBZTqVgC9whgpKqfPBM276tutrwzA=","legacyData"
"8506f192-3174-4c00-8973-09a8eb25e5c0","BONA_026.basePlot.vst","2017-09-27","vst_BONA_2017","D19","BONA","BONA_026",,"NEON.PLA.D19.BONA.01775","ok","multi-bole tree","Live",21.7,130,12.5,,,,7.6,4.9,"Open grown",,,,,,,"lZ4H5l+LEreVoHhq6y4bByOpdKqn1otgASU4FB/BTwE=","B5gK1LhWHHp9Z0QBZTqVgC9whgpKqfPBM276tutrwzA=","legacyData"
"d5b60165-e224-4eb3-a4fa-7af50eb72296","BONA_026.basePlot.vst","2017-09-27","vst_BONA_2017","D19","BONA","BONA_026",,"NEON.PLA.D19.BONA.01758","ok","single bole tree","Live",10.8,130,11.5,,,,5.5,5.4,"Partially shaded",,,,,,,"lZ4H5l+LEreVoHhq6y4bByOpdKqn1otgASU4FB/BTwE=","B5gK1LhWHHp9Z0QBZTqVgC9whgpKqfPBM276tutrwzA=","legacyData"
"af650ea6-e8a5-4e75-b0a2-2709bc345368","BONA_026.basePlot.vst","2017-09-27","vst_BONA_2017","D19","BONA","BONA_026",,"NEON.PLA.D19.BONA.01763","ok","single bole tree","Standing dead",18.0,130,4.3,,,,0.1,0.1,"Partially shaded",,,,,,,"lZ4H5l+LEreVoHhq6y4bByOpdKqn1otgASU4FB/BTwE=","B5gK1LhWHHp9Z0QBZTqVgC9whgpKqfPBM276tutrwzA=","legacyData"
"a29d0eca-6f2c-4039-9084-7d7e1873f1c7","BONA_026.basePlot.vst","2017-09-27","vst_BONA_2017","D19","BONA","BONA_026",,"NEON.PLA.D19.BONA.03716","ok","single shrub","Live",7.1,130,5.5,,,,3.8,2.3,,"cylinder",9.1,10,,,,"lZ4H5l+LEreVoHhq6y4bByOpdKqn1otgASU4FB/BTwE=","B5gK1LhWHHp9Z0QBZTqVgC9whgpKqfPBM276tutrwzA=","legacyData"
"c0539680-cfee-43dd-9ffd-c7fc41e68933","BONA_026.basePlot.vst","2017-09-27","vst_BONA_2017","D19","BONA","BONA_026",,"NEON.PLA.D19.BONA.03710","ok","sapling","Live",,,1.5,,,,,,,,4.0,10,,,,"lZ4H5l+LEreVoHhq6y4bByOpdKqn1otgASU4FB/BTwE=","B5gK1LhWHHp9Z0QBZTqVgC9whgpKqfPBM276tutrwzA=","legacyData"
"162fb4b6-4d92-4c3e-820c-8695c92ede37","BONA_026.basePlot.vst","2017-09-27","vst_BONA_2017","D19","BONA","BONA_026",,"NEON.PLA.D19.BONA.01756","ok","single bole tree","Live",19.0,130,8.2,,,,5.3,4.9,"Partially shaded",,,,,,,"lZ4H5l+LEreVoHhq6y4bByOpdKqn1otgASU4FB/BTwE=","B5gK1LhWHHp9Z0QBZTqVgC9whgpKqfPBM276tutrwzA=","legacyData"
"536312f5-1bb6-4865-9c87-add5dced4044","BONA_026.basePlot.vst","2017-09-27","vst_BONA_2017","D19","BONA","BONA_026",,"NEON.PLA.D19.BONA.01764","ok","single bole tree","Live",17.9,130,6.3,,,,5.0,4.9,"Partially shaded",,,,,,,"lZ4H5l+LEreVoHhq6y4bByOpdKqn1otgASU4FB/BTwE=","B5gK1LhWHHp9Z0QBZTqVgC9whgpKqfPBM276tutrwzA=","legacyData"
"c974199c-6b2f-410d-acdb-03b21d98afde","BONA_026.basePlot.vst","2017-09-27","vst_BONA_2017","D19","BONA","BONA_026",,"NEON.PLA.D19.BONA.03722","ok","sapling","Live",,,1.1,,,,,,,,1.8,10,,,,"lZ4H5l+LEreVoHhq6y4bByOpdKqn1otgASU4FB/BTwE=","B5gK1LhWHHp9Z0QBZTqVgC9whgpKqfPBM276tutrwzA=","legacyData"
"97fe45ec-6180-42c2-8bf0-c93630a937ef","BONA_026.basePlot.vst","2017-09-27","vst_BONA_2017","D19","BONA","BONA_026",,"NEON.PLA.D19.BONA.03703","ok","small tree","Live",2.0,130,2.3,,,,,,,,,,,,,"lZ4H5l+LEreVoHhq6y4bByOpdKqn1otgASU4FB/BTwE=","B5gK1LhWHHp9Z0QBZTqVgC9whgpKqfPBM276tutrwzA=","legacyData"
"3b075e16-ae07-4568-a3ba-9a0d0507d054","BONA_026.basePlot.vst","2017-09-27","vst_BONA_2017","D19","BONA","BONA_026",,"NEON.PLA.D19.BONA.01759","ok","single bole tree","Standing dead",18.8,130,5.7,,,,0.1,0.1,"Full sun",,,,,,,"lZ4H5l+LEreVoHhq6y4bByOpdKqn1otgASU4FB/BTwE=","B5gK1LhWHHp9Z0QBZTqVgC9whgpKqfPBM276tutrwzA=","legacyData"
"9634db16-8c62-410a-91ff-b4db583389bd","BONA_026.basePlot.vst","2017-09-27","vst_BONA_2017","D19","BONA","BONA_026",,"NEON.PLA.D19.BONA.01776","ok","single bole tree","Live",12.5,130,6.5,,,,2.3,2.3,"Partially shaded",,,,,,,"lZ4H5l+LEreVoHhq6y4bByOpdKqn1otgASU4FB/BTwE=","B5gK1LhWHHp9Z0QBZTqVgC9whgpKqfPBM276tutrwzA=","legacyData"
"9c57d159-5c7b-40a9-89b3-ca0008d9f849","BONA_026.basePlot.vst","2017-09-27","vst_BONA_2017","D19","BONA","BONA_026",,"NEON.PLA.D19.BONA.03717","ok","single shrub","Standing dead",2.7,130,2.0,,,,1.6,0.7,,"cylinder",7.5,10,,,,"lZ4H5l+LEreVoHhq6y4bByOpdKqn1otgASU4FB/BTwE=","B5gK1LhWHHp9Z0QBZTqVgC9whgpKqfPBM276tutrwzA=","legacyData"
"37161f01-dff8-43bf-9661-bdc53e8f2d9c","BONA_026.basePlot.vst","2017-09-27","vst_BONA_2017","D19","BONA","BONA_026",,"NEON.PLA.D19.BONA.03731","ok","small shrub","Live",,,0.8,,,,0.7,0.6,,"cone",1.0,10,,,,"lZ4H5l+LEreVoHhq6y4bByOpdKqn1otgASU4FB/BTwE=","B5gK1LhWHHp9Z0QBZTqVgC9whgpKqfPBM276tutrwzA=","legacyData"
"e33b652a-461d-4d8c-baa0-86c9c34ed739","BONA_026.basePlot.vst","2017-09-27","vst_BONA_2017","D19","BONA","BONA_026",,"NEON.PLA.D19.BONA.01780","ok","single bole tree","Live",11.2,130,8.7,,,,4.9,4.3,"Partially shaded",,,,,,,"lZ4H5l+LEreVoHhq6y4bByOpdKqn1otgASU4FB/BTwE=","B5gK1LhWHHp9Z0QBZTqVgC9whgpKqfPBM276tutrwzA=","legacyData"
"50e79176-98e2-4fbb-96bc-25f5ff609d76","BONA_026.basePlot.vst","2017-09-27","vst_BONA_2017","D19","BONA","BONA_026",,"NEON.PLA.D19.BONA.04803","ok","sapling","Live",,,0.7,,,,,,,,1.2,10,,,,"lZ4H5l+LEreVoHhq6y4bByOpdKqn1otgASU4FB/BTwE=","B5gK1LhWHHp9Z0QBZTqVgC9whgpKqfPBM276tutrwzA=","legacyData"
