uid,namedLocation,domainID,siteID,plotID,plotType,nlcdClass,decimalLatitude,decimalLongitude,geodeticDatum,coordinateUncertainty,elevation,elevationUncertainty,collectDate,eventID,sampleID,sampleCode,samplingMethod,totalSampledArea,targetTaxaPresent,adultCount,nymphCount,larvaCount,sampleCondition,samplingProtocolVersion,measuredBy,remarks
"aa1a57b9-b9c2-4540-9d6a-77bf65908548","WOOD_024.tickPlot.tck","D09","WOOD","WOOD_024","distributed","emergentHerbaceousWetlands",47.150784,-99.260836,"WGS84",20.1,586.1,0.2,"2017-09-06T14:35Z","WOOD.2017.37",,,"flag",160,"N",0,0,0,,"NEON.DOC.014045vH","DD62lVgvxIvGiszkTLWsCVk62oBz49UvoSCJnX9WeEw=",
"81263e58-bfe7-485e-b16e-ca593bab7b3d","WOOD_009.tickPlot.tck","D09","WOOD","WOOD_009","distributed","grasslandHerbaceous",47.144534,-99.231072,"WGS84",20.1,573.5,0.2,"2017-09-06T15:44Z","WOOD.2017.37",,,"drag",160,"N",0,0,0,,"NEON.DOC.014045vH","DD62lVgvxIvGiszkTLWsCVk62oBz49UvoSCJnX9WeEw=",
"f93007cb-5644-4719-9e7e-e5e90a20c01c","WOOD_002.tickPlot.tck","D09","WOOD","WOOD_002","distributed","grasslandHerbaceous",47.136802,-99.234546,"WGS84",20.1,578.3,0.1,"2017-09-06T16:20Z","WOOD.2017.37",,,"drag",160,"N",0,0,0,,"NEON.DOC.014045vH","DD62lVgvxIvGiszkTLWsCVk62oBz49UvoSCJnX9WeEw=",
"a933e721-617b-4c41-adfe-d27c980879c2","WOOD_006.tickPlot.tck","D09","WOOD","WOOD_006","distributed","grasslandHerbaceous",47.141023,-99.248055,"WGS84",20.1,587.2,0.1,"2017-09-06T17:00Z","WOOD.2017.37",,,"drag and flag",160,"N",0,0,0,,"NEON.DOC.014045vH","DD62lVgvxIvGiszkTLWsCVk62oBz49UvoSCJnX9WeEw=",
"07a63862-9a36-486b-b3c7-ba8a32abcb54","WOOD_007.tickPlot.tck","D09","WOOD","WOOD_007","distributed","grasslandHerbaceous",47.133887,-99.251357,"WGS84",20.4,593.6,0.3,"2017-09-06T17:30Z","WOOD.2017.37",,,"drag",160,"N",0,0,0,,"NEON.DOC.014045vH","DD62lVgvxIvGiszkTLWsCVk62oBz49UvoSCJnX9WeEw=",
"86abaa41-67f6-43f2-bcb5-b07415c1059b","WOOD_001.tickPlot.tck","D09","WOOD","WOOD_001","distributed","grasslandHerbaceous",47.127200,-99.256464,"WGS84",20.1,593.8,0.2,"2017-09-06T18:10Z","WOOD.2017.37",,,"drag",160,"N",0,0,0,,"NEON.DOC.014045vH","wZHtOqaqtZlqgJsyhA9Al7PULfNbpd9QkQwIml/uQxQ=",
