uid,namedLocation,plotID,collectDate,identifiedDate,sampleID,subsampleID,scientificName,acceptedTaxonID,taxonRank,family,subfamily,tribe,subtribe,genus,subgenus,specificEpithet,infraspecificEpithet,identificationQualifier,identificationReferences,identificationProtocolVersion,scientificNameAuthorship,sexOrAge,individualCount,sampleCondition,archiveMedium,archiveFacilityID,deprecatedVialID,identifiedBy,laboratoryName,remarks
"3787472a-5077-4ed9-90e5-1694e4c51b15","UKFS_001.tickPlot.tck","UKFS_001","2017-07-03T14:55Z","2017-12-20T17:00Z","UKFS_001.20170703","UKFS_001.20170703.DERVAR.M","Dermacentor variabilis","DERVAR","species","Ixodidae",,,,"Dermacentor",,"variabilis",,,"Yunker, C. E., Keirans, J. E., Clifford, C. M., and E. R. Easton. 1986. Dermacentor ticks (Acari: Ixodoidea: Ixodidae) of the New World: a scanning electron microscope atlas. Proceedings of the Entomological Society of Washington, 88(4):609-627.","GSU_tickIdentification_SOP_2016-11-01.pdf","Say","Male",1,"OK","90% ethanol","1358669","UKFS_001.20170703.DERVAR.M","Lorenza Beati","Georgia Southern University",
"1a149905-aab9-4a6c-9422-75a61fdc4fd8","UKFS_001.tickPlot.tck","UKFS_001","2017-07-03T14:55Z","2017-12-20T17:00Z","UKFS_001.20170703","UKFS_001.20170703.AMBAME.F","Amblyomma americanum","AMBAME","species","Ixodidae",,,,"Amblyomma",,"americanum",,,"Cooley, R. A. and G. M. Kohls. 1944. The genus Amblyomma (ixodidae) in the United States. The Journal of Parasitology, 30(2):77-111.","GSU_tickIdentification_SOP_2016-11-01.pdf","Linnaeus","Female",5,"OK","90% ethanol","1358668","UKFS_001.20170703.AMBAME.F","Lorenza Beati","Georgia Southern University",
"b7619428-9923-456e-abde-9a7ff8ecff49","UKFS_001.tickPlot.tck","UKFS_001","2017-07-03T14:55Z","2017-12-20T17:00Z","UKFS_001.20170703","UKFS_001.20170703.AMBAME.M","Amblyomma americanum","AMBAME","species","Ixodidae",,,,"Amblyomma",,"americanum",,,"Cooley, R. A. and G. M. Kohls. 1944. The genus Amblyomma (ixodidae) in the United States. The Journal of Parasitology, 30(2):77-111.","GSU_tickIdentification_SOP_2016-11-01.pdf","Linnaeus","Male",6,"OK","90% ethanol","1358667","UKFS_001.20170703.AMBAME.M","Lorenza Beati","Georgia Southern University",
"73d39d9a-342e-4836-9afb-de47371f92f9","UKFS_001.tickPlot.tck","UKFS_001","2017-07-03T14:55Z","2017-12-20T17:00Z","UKFS_001.20170703","UKFS_001.20170703.AMBAME.N","Amblyomma americanum","AMBAME","species","Ixodidae",,,,"Amblyomma",,"americanum",,,"Cooley, R. A. and G. M. Kohls. 1944. The genus Amblyomma (ixodidae) in the United States. The Journal of Parasitology, 30(2):77-111.","GSU_tickIdentification_SOP_2016-11-01.pdf","Linnaeus","Nymph",36,"OK","90% ethanol","1358670","UKFS_001.20170703.AMBAME.N","Lorenza Beati","Georgia Southern University","add RML"
"3cd0233a-3f18-4300-9305-a7ecd4689888","UKFS_002.tickPlot.tck","UKFS_002","2017-07-03T16:39Z","2017-12-20T17:00Z","UKFS_002.20170703","UKFS_002.20170703.AMBAME.F","Amblyomma americanum","AMBAME","species","Ixodidae",,,,"Amblyomma",,"americanum",,,"Cooley, R. A. and G. M. Kohls. 1944. The genus Amblyomma (ixodidae) in the United States. The Journal of Parasitology, 30(2):77-111.","GSU_tickIdentification_SOP_2016-11-01.pdf","Linnaeus","Female",1,"OK","90% ethanol","1358672","UKFS_002.20170703.AMBAME.F","Lorenza Beati","Georgia Southern University",
"deb4c271-a27f-45a5-8fb6-6010bc9f011f","UKFS_002.tickPlot.tck","UKFS_002","2017-07-03T16:39Z","2017-12-20T17:00Z","UKFS_002.20170703","UKFS_002.20170703.AMBAME.N","Amblyomma americanum","AMBAME","species","Ixodidae",,,,"Amblyomma",,"americanum",,,"Cooley, R. A. and G. M. Kohls. 1944. The genus Amblyomma (ixodidae) in the United States. The Journal of Parasitology, 30(2):77-111.","GSU_tickIdentification_SOP_2016-11-01.pdf","Linnaeus","Nymph",11,"OK","90% ethanol","1358671","UKFS_002.20170703.AMBAME.N","Lorenza Beati","Georgia Southern University",
"637f9559-4ead-4989-bd8b-e69479db9916","UKFS_002.tickPlot.tck","UKFS_002","2017-07-03T16:39Z","2017-12-20T17:00Z","UKFS_002.20170703","UKFS_002.20170703.AMBAME.M","Amblyomma americanum","AMBAME","species","Ixodidae",,,,"Amblyomma",,"americanum",,,"Cooley, R. A. and G. M. Kohls. 1944. The genus Amblyomma (ixodidae) in the United States. The Journal of Parasitology, 30(2):77-111.","GSU_tickIdentification_SOP_2016-11-01.pdf","Linnaeus","Male",1,"OK","90% ethanol","1358673","UKFS_002.20170703.AMBAME.M","Lorenza Beati","Georgia Southern University",
"e42a4aee-db77-4450-a3c3-8ef90605956d","UKFS_004.tickPlot.tck","UKFS_004","2017-07-03T17:32Z","2017-12-20T17:00Z","UKFS_004.20170703","UKFS_004.20170703.AMBAME.F","Amblyomma americanum","AMBAME","species","Ixodidae",,,,"Amblyomma",,"americanum",,,"Cooley, R. A. and G. M. Kohls. 1944. The genus Amblyomma (ixodidae) in the United States. The Journal of Parasitology, 30(2):77-111.","GSU_tickIdentification_SOP_2016-11-01.pdf","Linnaeus","Female",1,"OK","90% ethanol","1358674","UKFS_004.20170703.AMBAME.F","Lorenza Beati","Georgia Southern University",
"189fa2d5-5676-4a17-9d82-18a3ffe8a12c","UKFS_004.tickPlot.tck","UKFS_004","2017-07-03T17:32Z","2017-12-20T17:00Z","UKFS_004.20170703","UKFS_004.20170703.AMBAME.M","Amblyomma americanum","AMBAME","species","Ixodidae",,,,"Amblyomma",,"americanum",,,"Cooley, R. A. and G. M. Kohls. 1944. The genus Amblyomma (ixodidae) in the United States. The Journal of Parasitology, 30(2):77-111.","GSU_tickIdentification_SOP_2016-11-01.pdf","Linnaeus","Male",4,"OK","90% ethanol","1358675","UKFS_004.20170703.AMBAME.M","Lorenza Beati","Georgia Southern University",
"89793814-6a47-44de-b138-ff557201bff2","UKFS_004.tickPlot.tck","UKFS_004","2017-07-03T17:32Z","2017-12-20T17:00Z","UKFS_004.20170703","UKFS_004.20170703.AMBAME.N","Amblyomma americanum","AMBAME","species","Ixodidae",,,,"Amblyomma",,"americanum",,,"Cooley, R. A. and G. M. Kohls. 1944. The genus Amblyomma (ixodidae) in the United States. The Journal of Parasitology, 30(2):77-111.","GSU_tickIdentification_SOP_2016-11-01.pdf","Linnaeus","Nymph",105,"OK","90% ethanol","1358676","UKFS_004.20170703.AMBAME.N","Lorenza Beati","Georgia Southern University","only 77 billed, over billing limit"
"e9a58c5e-926f-40f0-a537-31360aeb793e","UKFS_003.tickPlot.tck","UKFS_003","2017-07-03T18:58Z","2017-12-20T17:00Z","UKFS_003.20170703","UKFS_003.20170703.AMBAME.N","Amblyomma americanum","AMBAME","species","Ixodidae",,,,"Amblyomma",,"americanum",,,"Cooley, R. A. and G. M. Kohls. 1944. The genus Amblyomma (ixodidae) in the United States. The Journal of Parasitology, 30(2):77-111.","GSU_tickIdentification_SOP_2016-11-01.pdf","Linnaeus","Nymph",72,"OK","90% ethanol","1358677","UKFS_003.20170703.AMBAME.N","Lorenza Beati","Georgia Southern University","add RML"
"86ddf9dd-d0a2-4190-aa77-8e6bf3a32cb8","UKFS_003.tickPlot.tck","UKFS_003","2017-07-03T18:58Z","2017-12-20T17:00Z","UKFS_003.20170703","UKFS_003.20170703.AMBAME.F","Amblyomma americanum","AMBAME","species","Ixodidae",,,,"Amblyomma",,"americanum",,,"Cooley, R. A. and G. M. Kohls. 1944. The genus Amblyomma (ixodidae) in the United States. The Journal of Parasitology, 30(2):77-111.","GSU_tickIdentification_SOP_2016-11-01.pdf","Linnaeus","Female",5,"OK","90% ethanol","1358678","UKFS_003.20170703.AMBAME.F","Lorenza Beati","Georgia Southern University",
"3099aac9-d98c-4023-b006-1b9e01b7d3d6","UKFS_003.tickPlot.tck","UKFS_003","2017-07-03T18:58Z","2017-12-20T17:00Z","UKFS_003.20170703","UKFS_003.20170703.AMBMAC.F","Amblyomma maculatum","AMBMAC","species","Ixodidae",,,,"Amblyomma",,"maculatum",,,"Cooley, R. A. and G. M. Kohls. 1944. The genus Amblyomma (ixodidae) in the United States. The Journal of Parasitology, 30(2):77-111.","GSU_tickIdentification_SOP_2016-11-01.pdf","Koch","Female",2,"OK","90% ethanol","1358680","UKFS_003.20170703.AMBMAC.F","Lorenza Beati","Georgia Southern University",
"f2ec25cf-2841-4586-a735-17f4ad35e613","UKFS_003.tickPlot.tck","UKFS_003","2017-07-03T18:58Z","2017-12-20T17:00Z","UKFS_003.20170703","UKFS_003.20170703.AMBAME.M","Amblyomma americanum","AMBAME","species","Ixodidae",,,,"Amblyomma",,"americanum",,,"Cooley, R. A. and G. M. Kohls. 1944. The genus Amblyomma (ixodidae) in the United States. The Journal of Parasitology, 30(2):77-111.","GSU_tickIdentification_SOP_2016-11-01.pdf","Linnaeus","Male",1,"OK","90% ethanol","1358679","UKFS_003.20170703.AMBAME.M","Lorenza Beati","Georgia Southern University",
"0041a198-a5ba-45e8-9ebc-89bb72637e26","UKFS_003.tickPlot.tck","UKFS_003","2017-07-03T18:58Z","2017-12-20T17:00Z","UKFS_003.20170703","UKFS_003.20170703.DERVAR.M","Dermacentor variabilis","DERVAR","species","Ixodidae",,,,"Dermacentor",,"variabilis",,,"Yunker, C. E., Keirans, J. E., Clifford, C. M., and E. R. Easton. 1986. Dermacentor ticks (Acari: Ixodoidea: Ixodidae) of the New World: a scanning electron microscope atlas. Proceedings of the Entomological Society of Washington, 88(4):609-627.","GSU_tickIdentification_SOP_2016-11-01.pdf","Say","Male",1,"OK","90% ethanol","1358681","UKFS_003.20170703.DERVAR.M","Lorenza Beati","Georgia Southern University","add RML TO PAULA"
"1f5bdc3f-99a4-469e-91d6-4827552d09c1","UKFS_018.tickPlot.tck","UKFS_018","2017-07-03T19:55Z","2017-12-20T17:00Z","UKFS_018.20170703","UKFS_018.20170703.AMBAME.F","Amblyomma americanum","AMBAME","species","Ixodidae",,,,"Amblyomma",,"americanum",,,"Cooley, R. A. and G. M. Kohls. 1944. The genus Amblyomma (ixodidae) in the United States. The Journal of Parasitology, 30(2):77-111.","GSU_tickIdentification_SOP_2016-11-01.pdf","Linnaeus","Female",1,"OK","90% ethanol","1358682","UKFS_018.20170703.AMBAME.F","Lorenza Beati","Georgia Southern University","TO PAULA"
"0ec5d543-9bec-432f-b7ec-8a1c8a67a30d","UKFS_018.tickPlot.tck","UKFS_018","2017-07-03T19:55Z","2017-12-20T17:00Z","UKFS_018.20170703","UKFS_018.20170703.AMBSP.N","Amblyomma sp.","AMBSP","genus","Ixodidae",,,,"Amblyomma",,"sp.",,,,"GSU_tickIdentification_SOP_2016-11-01.pdf",,"Nymph",1,"OK","90% ethanol","1358683","UKFS_018.20170703.AMB.N","Lorenza Beati","Georgia Southern University","Over invoice limit, will not be billed."
"875f4b75-c219-4cb9-a051-4f11d70ee6a1","UKFS_018.tickPlot.tck","UKFS_018","2017-07-03T19:55Z","2017-12-20T17:00Z","UKFS_018.20170703","UKFS_018.20170703.DERVAR.F","Dermacentor variabilis","DERVAR","species","Ixodidae",,,,"Dermacentor",,"variabilis",,,"Yunker, C. E., Keirans, J. E., Clifford, C. M., and E. R. Easton. 1986. Dermacentor ticks (Acari: Ixodoidea: Ixodidae) of the New World: a scanning electron microscope atlas. Proceedings of the Entomological Society of Washington, 88(4):609-627.","GSU_tickIdentification_SOP_2016-11-01.pdf","Say","Female",1,"OK","90% ethanol","1358684","UKFS_018.20170703.DERVAR.F","Lorenza Beati","Georgia Southern University","TO PAULA"
"f49d29e9-6da0-4e68-917a-6b7f58902cce","UKFS_003.tickPlot.tck","UKFS_003","2017-07-24T14:50Z","2017-12-05T17:00Z","UKFS_003.20170724","UKFS_003.20170724.AMBMAC.M","Amblyomma maculatum","AMBMAC","species","Ixodidae",,,,"Amblyomma",,"maculatum",,,"Cooley, R. A. and G. M. Kohls. 1944. The genus Amblyomma (ixodidae) in the United States. The Journal of Parasitology, 30(2):77-111.","GSU_tickIdentification_SOP_2016-11-01.pdf","Koch","Male",1,"OK","90% ethanol","1430001","UKFS_003.20170724.AMBMAC.M","Lorenza Beati","Georgia Southern University",
"e4f0da8c-0a47-432e-8874-705a3f12e9d2","UKFS_003.tickPlot.tck","UKFS_003","2017-07-24T14:50Z","2017-12-05T17:00Z","UKFS_003.20170724","UKFS_003.20170724.AMBAME.M","Amblyomma americanum","AMBAME","species","Ixodidae",,,,"Amblyomma",,"americanum",,,"Cooley, R. A. and G. M. Kohls. 1944. The genus Amblyomma (ixodidae) in the United States. The Journal of Parasitology, 30(2):77-111.","GSU_tickIdentification_SOP_2016-11-01.pdf","Linnaeus","Male",1,"OK","90% ethanol","1430002","UKFS_003.20170724.AMBAME.M","Lorenza Beati","Georgia Southern University",
"5c87cbee-39c0-4576-ab1f-a56cf27b4c0f","UKFS_003.tickPlot.tck","UKFS_003","2017-07-24T14:50Z","2017-12-05T17:00Z","UKFS_003.20170724","UKFS_003.20170724.AMBAME.N","Amblyomma americanum","AMBAME","species","Ixodidae",,,,"Amblyomma",,"americanum",,,"Cooley, R. A. and G. M. Kohls. 1944. The genus Amblyomma (ixodidae) in the United States. The Journal of Parasitology, 30(2):77-111.","GSU_tickIdentification_SOP_2016-11-01.pdf","Linnaeus","Nymph",20,"OK","90% ethanol","1430000","UKFS_003.20170724.AMBAME.N","Lorenza Beati","Georgia Southern University",
"8e13ecb9-9644-4d15-99ff-ce5d0d375d0b","UKFS_004.tickPlot.tck","UKFS_004","2017-07-24T15:43Z","2017-12-05T17:00Z","UKFS_004.20170724","UKFS_004.20170724.AMBAME.M","Amblyomma americanum","AMBAME","species","Ixodidae",,,,"Amblyomma",,"americanum",,,"Cooley, R. A. and G. M. Kohls. 1944. The genus Amblyomma (ixodidae) in the United States. The Journal of Parasitology, 30(2):77-111.","GSU_tickIdentification_SOP_2016-11-01.pdf","Linnaeus","Male",2,"OK","90% ethanol","1430003","UKFS_004.20170724.AMBAME.M","Lorenza Beati","Georgia Southern University",
"9576a344-7b81-4a48-acb1-ef7848a64857","UKFS_004.tickPlot.tck","UKFS_004","2017-07-24T15:43Z","2017-11-05T17:00Z","UKFS_004.20170724","UKFS_004.20170724.IXOSP.L","Ixodidae sp.","IXOSP","family","Ixodidae",,,,,,"sp.",,,,"GSU_tickIdentification_SOP_2016-11-01.pdf",,"Larva",1,"OK","90% ethanol","1430006","UKFS_004.20170724.L","Arianna Gibbs","Georgia Southern University","Over invoice limit, will not be billed."
"841e7c31-1dad-4493-a458-9898a79cfef8","UKFS_004.tickPlot.tck","UKFS_004","2017-07-24T15:43Z","2017-12-05T17:00Z","UKFS_004.20170724","UKFS_004.20170724.AMBAME.F","Amblyomma americanum","AMBAME","species","Ixodidae",,,,"Amblyomma",,"americanum",,,"Cooley, R. A. and G. M. Kohls. 1944. The genus Amblyomma (ixodidae) in the United States. The Journal of Parasitology, 30(2):77-111.","GSU_tickIdentification_SOP_2016-11-01.pdf","Linnaeus","Female",1,"OK","90% ethanol","1430004","UKFS_004.20170724.AMBAME.F","Lorenza Beati","Georgia Southern University",
"540f8d34-db98-43b2-bdd7-961990b4eda8","UKFS_004.tickPlot.tck","UKFS_004","2017-07-24T15:43Z","2017-12-05T17:00Z","UKFS_004.20170724","UKFS_004.20170724.IXOSP.N","Ixodidae sp.","IXOSP","family","Ixodidae",,,,,,"sp.",,,,"GSU_tickIdentification_SOP_2016-11-01.pdf",,"Nymph",29,"OK","90% ethanol","1430005","UKFS_004.20170724.N","Lorenza Beati","Georgia Southern University","Over invoice limit, will not be billed."
"9a253877-6fa9-4531-bc9d-ed276fbc25d4","UKFS_002.tickPlot.tck","UKFS_002","2017-07-24T17:42Z","2017-12-07T17:00Z","UKFS_002.20170724","UKFS_002.20170724.DERVAR.F","Dermacentor variabilis","DERVAR","species","Ixodidae",,,,"Dermacentor",,"variabilis",,,"Yunker, C. E., Keirans, J. E., Clifford, C. M., and E. R. Easton. 1986. Dermacentor ticks (Acari: Ixodoidea: Ixodidae) of the New World: a scanning electron microscope atlas. Proceedings of the Entomological Society of Washington, 88(4):609-627.","GSU_tickIdentification_SOP_2016-11-01.pdf","Say","Female",1,"OK","90% ethanol","1358997","UKFS_002.20170724.DERVAR.F","Lorenza Beati","Georgia Southern University","TO PAULA"
"839df428-0d8c-48fa-aa75-704f77ab5cc7","UKFS_002.tickPlot.tck","UKFS_002","2017-07-24T17:42Z","2017-09-03T16:00Z","UKFS_002.20170724","UKFS_002.20170724.IXOSP.L","Ixodidae sp.","IXOSP","family","Ixodidae",,,,,,"sp.",,,,"GSU_tickIdentification_SOP_2016-11-01.pdf",,"Larva",1,"OK","90% ethanol","1358995","UKFS_002.20170724.L","Guy Hobbs","Georgia Southern University","add RML; Over invoice limit, will not be billed."
"d840555a-2100-42fd-b197-fc6e732a5c64","UKFS_002.tickPlot.tck","UKFS_002","2017-07-24T17:42Z","2017-12-07T17:00Z","UKFS_002.20170724","UKFS_002.20170724.AMBAME.N","Amblyomma americanum","AMBAME","species","Ixodidae",,,,"Amblyomma",,"americanum",,,"Cooley, R. A. and G. M. Kohls. 1944. The genus Amblyomma (ixodidae) in the United States. The Journal of Parasitology, 30(2):77-111.","GSU_tickIdentification_SOP_2016-11-01.pdf","Linnaeus","Nymph",10,"OK","90% ethanol","1358996","UKFS_002.20170724.AMBAME.N","Lorenza Beati","Georgia Southern University",
"73999c2d-9eb6-4a5b-bdb4-0319f458673c","UKFS_002.tickPlot.tck","UKFS_002","2017-07-24T17:42Z","2017-12-07T17:00Z","UKFS_002.20170724","UKFS_002.20170724.AMBAME.M","Amblyomma americanum","AMBAME","species","Ixodidae",,,,"Amblyomma",,"americanum",,,"Cooley, R. A. and G. M. Kohls. 1944. The genus Amblyomma (ixodidae) in the United States. The Journal of Parasitology, 30(2):77-111.","GSU_tickIdentification_SOP_2016-11-01.pdf","Linnaeus","Male",1,"OK","90% ethanol","1358998","UKFS_002.20170724.AMBAME.M","Lorenza Beati","Georgia Southern University",
"e2c593bc-2813-4818-906f-a6b306d9e29f","UKFS_001.tickPlot.tck","UKFS_001","2017-07-24T20:15Z","2017-09-03T16:00Z","UKFS_001.20170724","UKFS_001.20170724.IXOSP.L","Ixodidae sp.","IXOSP","family","Ixodidae",,,,,,"sp.",,,,"GSU_tickIdentification_SOP_2016-11-01.pdf",,"Larva",1,"OK","90% ethanol","1358991","UKFS_001.20170724.L","Guy Hobbs","Georgia Southern University","Over invoice limit, will not be billed."
"cf8d7754-d09e-494d-9fff-5575b3c61997","UKFS_001.tickPlot.tck","UKFS_001","2017-07-24T20:15Z","2017-12-07T17:00Z","UKFS_001.20170724","UKFS_001.20170724.DERVAR.F","Dermacentor variabilis","DERVAR","species","Ixodidae",,,,"Dermacentor",,"variabilis",,,"Yunker, C. E., Keirans, J. E., Clifford, C. M., and E. R. Easton. 1986. Dermacentor ticks (Acari: Ixodoidea: Ixodidae) of the New World: a scanning electron microscope atlas. Proceedings of the Entomological Society of Washington, 88(4):609-627.","GSU_tickIdentification_SOP_2016-11-01.pdf","Say","Female",1,"OK","90% ethanol","1358994","UKFS_001.20170724.DERVAR.F","Lorenza Beati","Georgia Southern University","add RML TO PAULA"
"5088ef2f-f0d4-4d2c-8eff-cbf91c47dce8","UKFS_001.tickPlot.tck","UKFS_001","2017-07-24T20:15Z","2017-12-07T17:00Z","UKFS_001.20170724","UKFS_001.20170724.AMBAME.N","Amblyomma americanum","AMBAME","species","Ixodidae",,,,"Amblyomma",,"americanum",,,"Cooley, R. A. and G. M. Kohls. 1944. The genus Amblyomma (ixodidae) in the United States. The Journal of Parasitology, 30(2):77-111.","GSU_tickIdentification_SOP_2016-11-01.pdf","Linnaeus","Nymph",9,"OK","90% ethanol","1358992","UKFS_001.20170724.AMBAME.N","Lorenza Beati","Georgia Southern University",
"d8251b9b-c416-4875-86fb-01f82b6d7acd","UKFS_001.tickPlot.tck","UKFS_001","2017-07-24T20:15Z","2017-12-07T17:00Z","UKFS_001.20170724","UKFS_001.20170724.AMBAME.F","Amblyomma americanum","AMBAME","species","Ixodidae",,,,"Amblyomma",,"americanum",,,"Cooley, R. A. and G. M. Kohls. 1944. The genus Amblyomma (ixodidae) in the United States. The Journal of Parasitology, 30(2):77-111.","GSU_tickIdentification_SOP_2016-11-01.pdf","Linnaeus","Female",1,"OK","90% ethanol","1358993","UKFS_001.20170724.AMBAME.F","Lorenza Beati","Georgia Southern University",
