uid,namedLocation,domainID,siteID,plotID,plotType,nlcdClass,decimalLatitude,decimalLongitude,geodeticDatum,coordinateUncertainty,elevation,elevationUncertainty,collectDate,eventID,sampleID,sampleCode,samplingMethod,totalSampledArea,targetTaxaPresent,adultCount,nymphCount,larvaCount,sampleCondition,samplingProtocolVersion,measuredBy,remarks
"cf99e8b5-bfb0-4be3-872c-d7eb0d137e2e","UKFS_001.tickPlot.tck","D06","UKFS","UKFS_001","distributed","deciduousForest",39.037238,-95.198631,"WGS84",20.1,322.7,0.1,"2017-07-03T14:55Z","UKFS.2017.28","UKFS_001.20170703",,"drag and flag",160,"Y",12,36,0,"No known compromise","NEON.DOC.014045vH","aWsnnbx5JV4fkcC9io0n2tyuYS6o2YAv2EcLrE/IqiX/78dmluZuVQ==",
"205859ca-e2f7-4276-b08e-e94afc952dac","UKFS_030.tickPlot.tck","D06","UKFS","UKFS_030","distributed","grasslandHerbaceous",39.045115,-95.213433,"WGS84",20.1,321.9,0.1,"2017-07-03T16:09Z","UKFS.2017.28",,,"drag",160,"N",0,0,0,"No known compromise","NEON.DOC.014045vH","aWsnnbx5JV4fkcC9io0n2tyuYS6o2YAv2EcLrE/IqiX/78dmluZuVQ==",
"df303269-8492-4a0e-b42d-6e3ec480a86b","UKFS_002.tickPlot.tck","D06","UKFS","UKFS_002","distributed","deciduousForest",39.045892,-95.207026,"WGS84",20.1,316.0,0.2,"2017-07-03T16:39Z","UKFS.2017.28","UKFS_002.20170703",,"drag and flag",160,"Y",2,11,0,"No known compromise","NEON.DOC.014045vH","aWsnnbx5JV4fkcC9io0n2tyuYS6o2YAv2EcLrE/IqiX/78dmluZuVQ==",
"4618e967-d573-4da3-ab5c-03944937b301","UKFS_004.tickPlot.tck","D06","UKFS","UKFS_004","distributed","deciduousForest",39.043188,-95.201000,"WGS84",20.1,320.0,0.2,"2017-07-03T17:32Z","UKFS.2017.28","UKFS_004.20170703",,"drag and flag",160,"Y",5,105,0,"No known compromise","NEON.DOC.014045vH","BzXmPCNcOOHl9ws4JG7MP7BkkCvctwH+",
"88565129-2f7c-41bf-ae2d-c32d176c7ebb","UKFS_003.tickPlot.tck","D06","UKFS","UKFS_003","distributed","deciduousForest",39.053769,-95.187084,"WGS84",20.1,323.1,0.1,"2017-07-03T18:58Z","UKFS.2017.28","UKFS_003.20170703",,"drag and flag",160,"Y",9,71,0,"No known compromise","NEON.DOC.014045vH","BzXmPCNcOOHl9ws4JG7MP7BkkCvctwH+","Dropped 1 nymph."
"9f9aca3e-e9fc-4370-be3a-b6f999804813","UKFS_018.tickPlot.tck","D06","UKFS","UKFS_018","distributed","grasslandHerbaceous",39.053205,-95.194659,"WGS84",20.1,325.8,0.1,"2017-07-03T19:55Z","UKFS.2017.28","UKFS_018.20170703",,"drag",160,"Y",2,1,0,"No known compromise","NEON.DOC.014045vH","BzXmPCNcOOHl9ws4JG7MP7BkkCvctwH+",
"d9b9a151-a443-4362-b3d9-1b0f99a5c3a6","UKFS_018.tickPlot.tck","D06","UKFS","UKFS_018","distributed","grasslandHerbaceous",39.053205,-95.194659,"WGS84",20.1,325.8,0.1,"2017-07-24T14:15Z","UKFS.2017.31",,,"drag",160,"N",0,0,0,,"NEON.DOC.014045vH","DKQZyyZ0MOuyIDXmOVOZikLgcjtaVUUutAOFpiMfgY4=",
"a9b939a2-ddc6-415a-a2e9-907ffe7e1647","UKFS_003.tickPlot.tck","D06","UKFS","UKFS_003","distributed","deciduousForest",39.053769,-95.187084,"WGS84",20.1,323.1,0.1,"2017-07-24T14:50Z","UKFS.2017.31","UKFS_003.20170724",,"flag",160,"Y",2,20,0,"No known compromise","NEON.DOC.014045vH","aWsnnbx5JV4fkcC9io0n2tyuYS6o2YAv2EcLrE/IqiX/78dmluZuVQ==",
"0b6e0515-fcfd-4380-b38e-28f17fa3e874","UKFS_004.tickPlot.tck","D06","UKFS","UKFS_004","distributed","deciduousForest",39.043188,-95.201000,"WGS84",20.1,320.0,0.2,"2017-07-24T15:43Z","UKFS.2017.31","UKFS_004.20170724",,"drag",160,"Y",3,30,1808,"No known compromise","NEON.DOC.014045vH","DKQZyyZ0MOuyIDXmOVOZikLgcjtaVUUutAOFpiMfgY4=",
"8ed6db8e-f955-4764-ba49-931b8e99a544","UKFS_002.tickPlot.tck","D06","UKFS","UKFS_002","distributed","deciduousForest",39.045892,-95.207026,"WGS84",20.1,316.0,0.2,"2017-07-24T17:42Z","UKFS.2017.31","UKFS_002.20170724",,"drag and flag",160,"Y",2,10,1224,"No known compromise","NEON.DOC.014045vH","DKQZyyZ0MOuyIDXmOVOZikLgcjtaVUUutAOFpiMfgY4=",
"b88462a9-e57c-4056-9e7d-20a56a51afbe","UKFS_030.tickPlot.tck","D06","UKFS","UKFS_030","distributed","grasslandHerbaceous",39.045115,-95.213433,"WGS84",20.1,321.9,0.1,"2017-07-24T19:09Z","UKFS.2017.31",,,"drag",160,"N",0,0,0,,"NEON.DOC.014045vH","kkbwkCoDsA6KGEHVdDf/jWkh+6A9lNBAX0snNK7CGzQ=",
"acee06c9-daef-4605-8004-310858407e9b","UKFS_001.tickPlot.tck","D06","UKFS","UKFS_001","distributed","deciduousForest",39.037238,-95.198631,"WGS84",20.1,322.7,0.1,"2017-07-24T20:15Z","UKFS.2017.31","UKFS_001.20170724",,"flag",160,"Y",2,10,590,"No known compromise","NEON.DOC.014045vH","kkbwkCoDsA6KGEHVdDf/jWkh+6A9lNBAX0snNK7CGzQ=",
