uid,namedLocation,domainID,siteID,plotID,plotType,nlcdClass,decimalLatitude,decimalLongitude,geodeticDatum,coordinateUncertainty,elevation,elevationUncertainty,collectDate,eventID,sampleID,sampleCode,samplingMethod,totalSampledArea,targetTaxaPresent,adultCount,nymphCount,larvaCount,sampleCondition,samplingProtocolVersion,measuredBy,remarks
"bc51729d-a2e1-4859-bbab-4ab97b63236a","WREF_008.tickPlot.tck","D16","WREF","WREF_008","distributed","evergreenForest",45.822946,-121.971832,"WGS84",20.3,451.8,0.4,"2018-08-29T15:48Z","WREF.2018.35",,,"drag and flag",160,"N",0,0,0,,"NEON.DOC.014045vJ","A/RRczOckiF0yLsm5QLvenZZSpmx5R/GxdMYXQe8nd8aK+63Kw71Xg==",
"3ac5d775-cb65-4c6e-880b-cab377e777ef","WREF_007.tickPlot.tck","D16","WREF","WREF_007","distributed","evergreenForest",45.851145,-121.988562,"WGS84",20.2,583.2,0.3,"2018-08-29T16:05Z","WREF.2018.35",,,"drag and flag",160,"N",0,0,0,,"NEON.DOC.014045vJ","WZOy1r8gs+lNFPIdyuQ55dnAuSeTcechQaeuLv/m3a0=",
"3a2662bf-8f95-4501-bbcf-6ac7f50fc5a0","WREF_009.tickPlot.tck","D16","WREF","WREF_009","distributed","evergreenForest",45.834792,-122.001011,"WGS84",20.2,827.5,0.3,"2018-08-29T16:50Z","WREF.2018.35",,,"drag and flag",160,"N",0,0,0,,"NEON.DOC.014045vJ","A/RRczOckiF0yLsm5QLvenZZSpmx5R/GxdMYXQe8nd8aK+63Kw71Xg==",
"a11cee43-b612-4232-8f82-85e94ef6e609","WREF_001.tickPlot.tck","D16","WREF","WREF_001","distributed","evergreenForest",45.844857,-122.000505,"WGS84",20.1,654.4,0.1,"2018-08-29T16:53Z","WREF.2018.35",,,"drag and flag",160,"N",0,0,0,,"NEON.DOC.014045vJ","9MpvHR97FuJo4gsLwNb5xoR0ZKgI4SjpD6yX9wK3zYo=",
"8ae2c685-ac50-4565-b8fa-7aae13c91b00","WREF_004.tickPlot.tck","D16","WREF","WREF_004","distributed","evergreenForest",45.821500,-121.998892,"WGS84",20.1,558.6,0.1,"2018-08-29T17:39Z","WREF.2018.35",,,"drag and flag",162,"N",0,0,0,,"NEON.DOC.014045vG","A/RRczOckiF0yLsm5QLvenZZSpmx5R/GxdMYXQe8nd8aK+63Kw71Xg==",
"9a16478b-0073-41f9-9bba-795c2c8fac2f","WREF_013.tickPlot.tck","D16","WREF","WREF_013","distributed","evergreenForest",45.837147,-122.018217,"WGS84",20.2,616.1,0.2,"2018-08-29T17:45Z","WREF.2018.35",,,"drag and flag",160,"N",0,0,0,,"NEON.DOC.014045vJ","WZOy1r8gs+lNFPIdyuQ55dnAuSeTcechQaeuLv/m3a0=",
