uid,namedLocation,domainID,siteID,plotID,plotType,nlcdClass,decimalLatitude,decimalLongitude,geodeticDatum,coordinateUncertainty,elevation,elevationUncertainty,collectDate,eventID,sampleID,sampleCode,samplingMethod,totalSampledArea,targetTaxaPresent,adultCount,nymphCount,larvaCount,sampleCondition,samplingProtocolVersion,measuredBy,remarks
"c2d28afe-70c3-46df-8b5d-3a4f986149b3","GUAN_002.tickPlot.tck","D04","GUAN","GUAN_002","distributed","evergreenForest",17.972295,-66.826103,"WGS84",6.6,87.8,0.3,"2016-08-16T12:30Z","GUAN.2016.33",,,"drag and flag",126,"N",0,0,0,"No known compromise","NEON.DOC.014045vG","kbCMcQCBYkIGeEbw5o+toEE8cQWHX4IZ",
"b034daf6-6497-422c-b89a-b56f2cb2dbab","GUAN_031.tickPlot.tck","D04","GUAN","GUAN_031","distributed","evergreenForest",17.962171,-66.844084,"WGS84",6.4,43.4,0.1,"2016-08-16T14:10Z","GUAN.2016.33",,,"drag and flag",116,"N",0,0,0,"No known compromise","NEON.DOC.014045vG","zPBe+8pzAK0B2URIObnv4uYPPEuv017obsOPc+5Qw/c=","0"
"a1570f58-456a-48db-8ec0-1e5712de2bf7","GUAN_066.tickPlot.tck","D04","GUAN","GUAN_066","distributed","evergreenForest",17.974132,-66.879606,"WGS84",6.5,197.3,0.2,"2016-08-16T15:15Z","GUAN.2016.33",,,"drag and flag",160,"N",0,0,0,"No known compromise","NEON.DOC.014045vG","kbCMcQCBYkIGeEbw5o+toEE8cQWHX4IZ","0"
"88bd7ddb-7637-46c4-b45e-02042c78e69b","GUAN_006.tickPlot.tck","D04","GUAN","GUAN_006","distributed","evergreenForest",17.964057,-66.875100,"WGS84",6.5,84.5,0.3,"2016-08-17T12:35Z","GUAN.2016.33",,,"drag and flag",160,"N",0,0,0,"No known compromise","NEON.DOC.014045vG","kbCMcQCBYkIGeEbw5o+toEE8cQWHX4IZ","0"
"e2647471-1e20-41f5-a2e2-86eb215e3689","GUAN_064.tickPlot.tck","D04","GUAN","GUAN_064","distributed","evergreenForest",17.969936,-66.850735,"WGS84",7.1,117.7,2.6,"2016-08-17T14:00Z","GUAN.2016.33",,,"drag and flag",160,"N",0,0,0,"No known compromise","NEON.DOC.014045vG","zPBe+8pzAK0B2URIObnv4uYPPEuv017obsOPc+5Qw/c=",
"ec1ff4da-9007-40ad-91f9-5b43433f3ac2","GUAN_065.tickPlot.tck","D04","GUAN","GUAN_065","distributed","evergreenForest",17.972714,-66.873134,"WGS84",6.6,187.3,0.5,"2016-08-17T15:10Z","GUAN.2016.33",,,"drag and flag",158,"N",0,0,0,"No known compromise","NEON.DOC.014045vG","zPBe+8pzAK0B2URIObnv4uYPPEuv017obsOPc+5Qw/c=","0"
