uid,namedLocation,date,domainID,siteID,plotID,plotType,nlcdClass,decimalLatitude,decimalLongitude,geodeticDatum,coordinateUncertainty,easting,northing,utmZone,elevation,elevationUncertainty,eventID,samplingProtocolVersion,treesPresent,treesAbsentList,shrubsPresent,shrubsAbsentList,lianasPresent,lianasAbsentList,nestedSubplotAreaShrubSapling,nestedSubplotAreaLiana,totalSampledAreaTrees,totalSampledAreaShrubSapling,totalSampledAreaLiana,remarks,measuredBy,recordedBy,dataQF
"8a01a96b-8162-4e17-ae27-c17ec3d2bdb4","STEI_053.basePlot.vst","2017-08-16","D05","STEI","STEI_053","tower","deciduousForest",45.505662,-89.587395,"WGS84",20.2,297876.49,5042382.09,"16N",472.1,0.3,"vst_STEI_2017","NEON.DOC.000987vG","Y","presentInAll","Y","presentInAll","N",,"10","noneSelected",800,40,800,,"e1I0NbzZcADnRcsMGeYsigd5XiUw63bbJX+fOzu7mIk=","2Li2TmTZ1dmTCu9unJAMhJSXNkcRpdMMg0Aw45oBndk=",
"a5c39c7c-1491-4f8b-8923-5be01e988c34","STEI_058.basePlot.vst","2017-08-16","D05","STEI","STEI_058","tower","deciduousForest",45.503500,-89.587311,"WGS84",20.3,297875.31,5042141.69,"16N",473.8,0.5,"vst_STEI_2017","NEON.DOC.000987vG",,,,,,,"10","noneSelected",800,40,800,,"e1I0NbzZcADnRcsMGeYsigd5XiUw63bbJX+fOzu7mIk=","2Li2TmTZ1dmTCu9unJAMhJSXNkcRpdMMg0Aw45oBndk=",
"e703e613-b378-4860-a80d-648cf295c02d","STEI_046.basePlot.vst","2017-08-17","D05","STEI","STEI_046","tower","deciduousForest",45.504594,-89.586592,"WGS84",20.1,297935.40,5042261.42,"16N",470.9,0.2,"vst_STEI_2017","NEON.DOC.000987vG",,,,,,,"25","noneSelected",800,100,800,,"e1I0NbzZcADnRcsMGeYsigd5XiUw63bbJX+fOzu7mIk=","2Li2TmTZ1dmTCu9unJAMhJSXNkcRpdMMg0Aw45oBndk=",
"371cc29c-9cf1-4c3a-9fe4-bbe2d3e66722","STEI_054.basePlot.vst","2017-08-17","D05","STEI","STEI_054","tower","deciduousForest",45.509972,-89.585671,"WGS84",20.2,298026.59,5042856.57,"16N",477.1,0.3,"vst_STEI_2017","NEON.DOC.000987vG",,,,,,,"10","noneSelected",800,40,800,,"B/1XguR/VIn+6poxXX6Fz9l/Lnuan5x0zOrM56XsTCc=","UuiIeI4+6a4w2V3xx4xXIBtOUNDpdb+M",
