uid,namedLocation,domainID,siteID,plotID,plotType,nlcdClass,decimalLatitude,decimalLongitude,geodeticDatum,coordinateUncertainty,elevation,elevationUncertainty,collectDate,eventID,sampleID,sampleCode,samplingMethod,totalSampledArea,targetTaxaPresent,adultCount,nymphCount,larvaCount,sampleCondition,samplingProtocolVersion,measuredBy,remarks
"b4e9d263-9bfc-4c6c-975f-d565ddc4b301","LAJA_004.tickPlot.tck","D04","LAJA","LAJA_004","distributed","pastureHay",18.016761,-67.079966,"WGS84",20.1,14.2,0.1,"2017-06-01T13:40Z","LAJA.2017.23",,,"flag",154,"N",0,0,0,,"NEON.DOC.014045vH","llBB5GilomiL3H9rNtINJeX8UHMAu+L47sXe3XmgpK0=","6 m skipped due to talk grass"
"00688194-7ffe-4f51-a520-18bd19637d42","LAJA_005.tickPlot.tck","D04","LAJA","LAJA_005","distributed","pastureHay",18.026834,-67.085519,"WGS84",20.1,21.3,0.1,"2017-06-01T14:55Z","LAJA.2017.23",,,"drag",160,"N",0,0,0,,"NEON.DOC.014045vH","llBB5GilomiL3H9rNtINJeX8UHMAu+L47sXe3XmgpK0=",
"444ad3e1-5690-4620-87f6-f82d67668c4f","LAJA_003.tickPlot.tck","D04","LAJA","LAJA_003","distributed","pastureHay",18.024566,-67.081257,"WGS84",20.1,19.8,0.1,"2017-06-01T16:35Z","LAJA.2017.23",,,"drag",160,"N",0,0,0,,"NEON.DOC.014045vH","llBB5GilomiL3H9rNtINJeX8UHMAu+L47sXe3XmgpK0=","Plot recently planted/no vegetation"
"2418ffa5-ae5f-4bb3-8af6-f0a9f0c596cd","LAJA_030.tickPlot.tck","D04","LAJA","LAJA_030","distributed","evergreenForest",18.038595,-67.070394,"WGS84",20.1,31.1,0.1,"2017-06-02T13:40Z","LAJA.2017.23",,,"drag",135,"N",0,0,0,,"NEON.DOC.014045vG","JYpGqoh1QQ3eP5RIJnpEN1WEYfJadbWZ","25 meters jumped; tall vegetation"
"34af4cbc-d6fc-4892-b555-7e93b717c976","LAJA_002.tickPlot.tck","D04","LAJA","LAJA_002","distributed","cultivatedCrops",18.034056,-67.073646,"WGS84",20.1,30.6,0.1,"2017-06-02T15:25Z","LAJA.2017.23",,,"drag and flag",154,"N",0,0,0,,"NEON.DOC.014045vG","JYpGqoh1QQ3eP5RIJnpEN1WEYfJadbWZ","6 meters jumped; tall vegetation"
"d6333dcc-4d54-4c40-9760-c73e995e6f84","LAJA_001.tickPlot.tck","D04","LAJA","LAJA_001","distributed","grasslandHerbaceous",18.025778,-67.076305,"WGS84",20.1,21.9,0.1,"2017-06-02T16:40Z","LAJA.2017.23",,,"drag",160,"N",0,0,0,,"NEON.DOC.014045vG","JYpGqoh1QQ3eP5RIJnpEN1WEYfJadbWZ",
