uid,namedLocation,domainID,siteID,plotID,plotType,nlcdClass,decimalLatitude,decimalLongitude,geodeticDatum,coordinateUncertainty,elevation,elevationUncertainty,collectDate,eventID,sampleID,sampleCode,samplingMethod,totalSampledArea,targetTaxaPresent,adultCount,nymphCount,larvaCount,sampleCondition,samplingProtocolVersion,measuredBy,remarks
"24061ee3-406b-4597-9f31-220b72186586","GUAN_031.tickPlot.tck","D04","GUAN","GUAN_031","distributed","evergreenForest",17.962171,-66.844084,"WGS84",6.4,43.4,0.1,"2016-05-24T12:30Z","GUAN.2016.21",,,"drag and flag",116,"N",0,0,0,"No known compromise","NEON.DOC.014045vG","97+5NGPyAWiAkYtPY9lWvWLaaPCCSnNl","0"
"a8055dbe-f9ac-4992-8482-5017c317574f","GUAN_002.tickPlot.tck","D04","GUAN","GUAN_002","distributed","evergreenForest",17.972295,-66.826103,"WGS84",6.6,87.8,0.3,"2016-05-24T14:27Z","GUAN.2016.21",,,"drag and flag",126,"N",0,0,0,"No known compromise","NEON.DOC.014045vG","2G6jL1xU09kc++3fEPpQLkA2cHzpx8zXwl+Jr/s/QvQ=",
"9c9fbdef-5f64-4e36-bbc8-6bad7e598532","GUAN_064.tickPlot.tck","D04","GUAN","GUAN_064","distributed","evergreenForest",17.969936,-66.850735,"WGS84",7.1,117.7,2.6,"2016-05-24T16:30Z","GUAN.2016.21",,,"drag and flag",160,"N",0,0,0,"No known compromise","NEON.DOC.014045vG","97+5NGPyAWiAkYtPY9lWvWLaaPCCSnNl",
"fd711d9f-954a-4cda-a981-3aee81491536","GUAN_006.tickPlot.tck","D04","GUAN","GUAN_006","distributed","evergreenForest",17.964057,-66.875100,"WGS84",6.5,84.5,0.3,"2016-05-25T12:00Z","GUAN.2016.21",,,"drag and flag",160,"N",0,0,0,"No known compromise","NEON.DOC.014045vG","97+5NGPyAWiAkYtPY9lWvWLaaPCCSnNl","0"
"98e15c31-5e1e-4cf7-b885-d92761e0fa23","GUAN_065.tickPlot.tck","D04","GUAN","GUAN_065","distributed","evergreenForest",17.972714,-66.873134,"WGS84",6.6,187.3,0.5,"2016-05-25T14:10Z","GUAN.2016.21",,,"drag and flag",158,"N",0,0,0,"No known compromise","NEON.DOC.014045vG","97+5NGPyAWiAkYtPY9lWvWLaaPCCSnNl","0"
"4bcd2f91-b18a-45b0-b1e1-7cb8ed5e9701","GUAN_066.tickPlot.tck","D04","GUAN","GUAN_066","distributed","evergreenForest",17.974132,-66.879606,"WGS84",6.5,197.3,0.2,"2016-05-25T16:00Z","GUAN.2016.21",,,"drag and flag",160,"N",0,0,0,"No known compromise","NEON.DOC.014045vG","2G6jL1xU09kc++3fEPpQLkA2cHzpx8zXwl+Jr/s/QvQ=","0"
