uid,namedLocation,domainID,siteID,plotID,plotType,nlcdClass,decimalLatitude,decimalLongitude,geodeticDatum,coordinateUncertainty,elevation,elevationUncertainty,collectDate,eventID,sampleID,sampleCode,samplingMethod,totalSampledArea,targetTaxaPresent,adultCount,nymphCount,larvaCount,sampleCondition,samplingProtocolVersion,measuredBy,remarks
"e4bf11c5-6b62-4d54-a571-667fc6065892","DELA_008.tickPlot.tck","D08","DELA","DELA_008","distributed","woodyWetlands",32.538884,-87.814145,"WGS84",20.1,24.5,0.2,"2017-03-06T15:40Z","DELA.2017.10",,,"drag and flag",160,"N",0,0,0,"No known compromise","NEON.DOC.014045vG","Ty5ktdGiRSp05LT6y3oRIJX9t8YK1JGMhptSFXGHZWc=",
"7c4c93d9-4c0b-4800-9abd-b73d1b4a233e","DELA_005.tickPlot.tck","D08","DELA","DELA_005","distributed","woodyWetlands",32.524379,-87.813851,"WGS84",20.1,27.0,0.3,"2017-03-06T16:27Z","DELA.2017.10",,,"drag",160,"N",0,0,0,"No known compromise","NEON.DOC.014045vG","Ty5ktdGiRSp05LT6y3oRIJX9t8YK1JGMhptSFXGHZWc=",
"f31c7913-99e4-4e88-8029-106d2769d533","DELA_014.tickPlot.tck","D08","DELA","DELA_014","distributed","evergreenForest",32.530627,-87.819367,"WGS84",20.2,33.0,0.2,"2017-03-06T17:11Z","DELA.2017.10",,,"drag",160,"N",0,0,0,"No known compromise","NEON.DOC.014045vG","Ty5ktdGiRSp05LT6y3oRIJX9t8YK1JGMhptSFXGHZWc=",
"2788388a-2694-49cd-a2eb-bfddefb2f769","DELA_016.tickPlot.tck","D08","DELA","DELA_016","distributed","evergreenForest",32.536850,-87.806995,"WGS84",20.2,23.6,0.3,"2017-03-06T18:34Z","DELA.2017.10",,,"drag",160,"N",0,0,0,"No known compromise","NEON.DOC.014045vG","Ty5ktdGiRSp05LT6y3oRIJX9t8YK1JGMhptSFXGHZWc=",
"c602c386-5018-4531-8fc0-ab1ac57f5b56","DELA_001.tickPlot.tck","D08","DELA","DELA_001","distributed","woodyWetlands",32.533269,-87.805425,"WGS84",20.2,27.5,0.3,"2017-03-06T19:20Z","DELA.2017.10",,,"drag",120,"N",0,0,0,"No known compromise","NEON.DOC.014045vG","Ty5ktdGiRSp05LT6y3oRIJX9t8YK1JGMhptSFXGHZWc=",
"41bd1548-faa5-46f6-adf4-24d94e7da49e","DELA_007.tickPlot.tck","D08","DELA","DELA_007","distributed","woodyWetlands",32.538957,-87.799922,"WGS84",20.2,25.7,0.2,"2017-03-06T20:15Z","DELA.2017.10",,,"drag",160,"N",0,0,0,"No known compromise","NEON.DOC.014045vG","Ty5ktdGiRSp05LT6y3oRIJX9t8YK1JGMhptSFXGHZWc=",
"2a855d50-bc64-4452-90f4-6d114922857f","DELA_016.tickPlot.tck","D08","DELA","DELA_016","distributed","evergreenForest",32.536850,-87.806995,"WGS84",20.2,23.6,0.3,"2017-03-27T15:33Z","DELA.2017.13","DELA_016.20170327",,"drag",160,"Y",0,1,0,"No known compromise","NEON.DOC.014045vG","cJDN8FQ+G8BHe8OkvD5PMz1h/kcM7qXCzeFqTpXsSj4=",
"aa99300f-0ea8-43c3-8b07-808b43f50be8","DELA_007.tickPlot.tck","D08","DELA","DELA_007","distributed","woodyWetlands",32.538957,-87.799922,"WGS84",20.2,25.7,0.2,"2017-03-27T16:27Z","DELA.2017.13",,,"drag",160,"N",0,0,0,"No known compromise","NEON.DOC.014045vG","cJDN8FQ+G8BHe8OkvD5PMz1h/kcM7qXCzeFqTpXsSj4=",
"02796f0a-59db-4942-89ff-024a7c572193","DELA_005.tickPlot.tck","D08","DELA","DELA_005","distributed","woodyWetlands",32.524379,-87.813851,"WGS84",20.1,27.0,0.3,"2017-03-27T20:14Z","DELA.2017.13","DELA_005.20170327",,"drag and flag",155,"Y",1,1,0,"No known compromise","NEON.DOC.014045vG","71MfCy+FRstpZer5T0iw8M+PBSzABHAbojUJO96sh64=",
"5368ad4c-5909-41b7-a4bf-532e3abd4bb7","DELA_014.tickPlot.tck","D08","DELA","DELA_014","distributed","evergreenForest",32.530627,-87.819367,"WGS84",20.2,33.0,0.2,"2017-03-27T21:34Z","DELA.2017.13",,,"drag",160,"N",0,0,0,"No known compromise","NEON.DOC.014045vG","Ty5ktdGiRSp05LT6y3oRIJX9t8YK1JGMhptSFXGHZWc=",
"5b4f68a8-d243-401e-9e10-eedb7d48a4ab","DELA_008.tickPlot.tck","D08","DELA","DELA_008","distributed","woodyWetlands",32.538884,-87.814145,"WGS84",20.1,24.5,0.2,"2017-03-29T13:54Z","DELA.2017.13",,,"drag and flag",160,"N",0,0,0,"No known compromise","NEON.DOC.014045vG","cJDN8FQ+G8BHe8OkvD5PMz1h/kcM7qXCzeFqTpXsSj4=",
"5b04d26b-d85c-4c6d-aa5f-052a9a43a97f","DELA_001.tickPlot.tck","D08","DELA","DELA_001","distributed","woodyWetlands",32.533269,-87.805425,"WGS84",20.2,27.5,0.3,"2017-03-29T14:57Z","DELA.2017.13",,,"drag",120,"N",0,0,0,"No known compromise","NEON.DOC.014045vG","Ty5ktdGiRSp05LT6y3oRIJX9t8YK1JGMhptSFXGHZWc=",
