uid,namedLocation,date,domainID,siteID,plotID,plotType,nlcdClass,decimalLatitude,decimalLongitude,geodeticDatum,coordinateUncertainty,easting,northing,utmZone,elevation,elevationUncertainty,eventID,samplingProtocolVersion,treesPresent,treesAbsentList,shrubsPresent,shrubsAbsentList,lianasPresent,lianasAbsentList,nestedSubplotAreaShrubSapling,nestedSubplotAreaLiana,totalSampledAreaTrees,totalSampledAreaShrubSapling,totalSampledAreaLiana,remarks,measuredBy,recordedBy,dataQF
"c5a0438c-9acc-4ceb-944f-2aa4b09b058b","SCBI_063.basePlot.vst","2017-10-17","D02","SCBI","SCBI_063","tower","deciduousForest",38.896180,-78.138517,"WGS84",20.1,748164.56,4309148.61,"17N",358.2,0.2,"vst_SCBI_2017","NEON.DOC.000987vG","Y","presentInAll","Y","presentInAll","N",,"25","noneSelected",800,100,800,,"F1aLHfHLM4qaIk0WIP5D+6fDrn//30Wj","HwrR06bjl3TqPXYD/ecX4LA/iftMi41T",
"b0f9c73d-e2a6-4db8-af09-bca19bc58895","SCBI_049.basePlot.vst","2017-10-19","D02","SCBI","SCBI_049","tower","deciduousForest",38.894615,-78.139640,"WGS84",20.2,748072.60,4308971.84,"17N",365.1,0.2,"vst_SCBI_2017","NEON.DOC.000987vG","Y","presentInAll","Y","presentInAll","Y","presentInAll","noneSelected","noneSelected",800,800,800,,"i3SDxFb/lMMZxDIw/9OBsZ3OfckbEDnA","HwrR06bjl3TqPXYD/ecX4LA/iftMi41T",
"33a60f5e-15bb-4ac0-9097-ed0bcdb53673","SCBI_062.basePlot.vst","2017-10-19","D02","SCBI","SCBI_062","tower","deciduousForest",38.895117,-78.138236,"WGS84",20.2,748192.64,4309031.38,"17N",368.6,0.2,"vst_SCBI_2017","NEON.DOC.000987vG","Y","presentInAll","Y","presentInAll","Y","presentInAll","25","noneSelected",800,100,800,,"2CALKs4JNjmK3iYT4PUVEer6DObkBehF","F1aLHfHLM4qaIk0WIP5D+6fDrn//30Wj",
"3e4d376f-1631-49f5-a5e6-aefb6af928d9","SCBI_047.basePlot.vst","2017-10-20","D02","SCBI","SCBI_047","tower","deciduousForest",38.894261,-78.137200,"WGS84",20.2,748285.49,4308939.19,"17N",397.0,0.2,"vst_SCBI_2017","NEON.DOC.000987vG","Y","presentInAll","Y","presentInAll","Y","presentInAll","25","noneSelected",800,100,800,,"2CALKs4JNjmK3iYT4PUVEer6DObkBehF","F1aLHfHLM4qaIk0WIP5D+6fDrn//30Wj",
"0a9064b6-7be5-4a0f-b278-d0712bc5a6f7","SCBI_046.basePlot.vst","2017-10-24","D02","SCBI","SCBI_046","tower","deciduousForest",38.893831,-78.140758,"WGS84",20.2,747978.35,4308881.78,"17N",354.4,0.3,"vst_SCBI_2017","NEON.DOC.000987vG","Y","presentInAll","Y","presentInAll","Y","presentInAll","noneSelected","noneSelected",800,800,800,,"dMVZgSbiazVu0oXyzneal5IPnECwOfLe","HwrR06bjl3TqPXYD/ecX4LA/iftMi41T",
"b819eeb1-bc11-4f00-a7d3-b26e6b0ac1d8","SCBI_066.basePlot.vst","2017-10-26","D02","SCBI","SCBI_066","tower","deciduousForest",38.893509,-78.138971,"WGS84",20.2,748134.48,4308850.90,"17N",365.5,0.3,"vst_SCBI_2017","NEON.DOC.000987vG","Y","presentInAll","Y","presentInAll","Y","presentInAll","25","noneSelected",800,100,800,,"F1aLHfHLM4qaIk0WIP5D+6fDrn//30Wj","HwrR06bjl3TqPXYD/ecX4LA/iftMi41T",
"d3b0dce1-2f39-4e96-b4a3-ac0134953e70","SCBI_064.basePlot.vst","2017-10-27","D02","SCBI","SCBI_064","tower","deciduousForest",38.891613,-78.139038,"WGS84",20.2,748135.28,4308640.26,"17N",357.4,0.2,"vst_SCBI_2017","NEON.DOC.000987vG","Y","presentInAll","Y","presentInAll","Y","presentInAll","25","noneSelected",800,100,800,,"F1aLHfHLM4qaIk0WIP5D+6fDrn//30Wj","HwrR06bjl3TqPXYD/ecX4LA/iftMi41T",
"99c8cc91-a892-4305-805f-1213313f9847","SCBI_055.basePlot.vst","2017-10-30","D02","SCBI","SCBI_055","tower","deciduousForest",38.892469,-78.140415,"WGS84",20.1,748012.85,4308731.53,"17N",339.4,0.2,"vst_SCBI_2017","NEON.DOC.000987vG","Y","presentInAll","Y","presentInAll","Y","presentInAll","100","noneSelected",800,400,800,,"i3SDxFb/lMMZxDIw/9OBsZ3OfckbEDnA","dMVZgSbiazVu0oXyzneal5IPnECwOfLe",
