uid,namedLocation,domainID,siteID,plotID,plotType,nlcdClass,decimalLatitude,decimalLongitude,geodeticDatum,coordinateUncertainty,elevation,elevationUncertainty,collectDate,eventID,sampleID,sampleCode,samplingMethod,totalSampledArea,targetTaxaPresent,adultCount,nymphCount,larvaCount,sampleCondition,samplingProtocolVersion,measuredBy,remarks
"1e63da27-6cdd-44e8-9ea0-8779560fb7de","BLAN_002.tickPlot.tck","D02","BLAN","BLAN_002","distributed","pastureHay",39.091474,-77.982149,"WGS84",20.1,145.6,0.1,"2018-04-05T13:47Z","BLAN.2018.14",,,"drag",161,"N",0,0,0,,"NEON.DOC.014045vJ","ciinOn2RW7L53SAeOrOGD/2onrpbttp+",
"a23010d0-5d4a-4c0a-b18a-dfc25959bd6e","BLAN_005.tickPlot.tck","D02","BLAN","BLAN_005","distributed","deciduousForest",39.086223,-77.972729,"WGS84",20.2,169.1,0.3,"2018-04-05T13:49Z","BLAN.2018.14",,,"drag",167,"N",0,0,0,"No known compromise","NEON.DOC.014045vJ","y91HGrHLk0lZr/DPX16cTMD5ZLTOKHZ4wAmahG5mA10=",
"806ab93e-f323-4964-a420-beef10ba7d0f","BLAN_008.tickPlot.tck","D02","BLAN","BLAN_008","distributed","pastureHay",39.083870,-77.966320,"WGS84",20.4,159.6,0.5,"2018-04-05T14:42Z","BLAN.2018.14",,,"drag",162,"N",0,0,0,"No known compromise","NEON.DOC.014045vJ","hEi02w1UuphkAeG8zIXrQDys8MgKlmeYk4EDJa1SRoY=",
"7ac852a9-60ca-45bc-ae98-a839056cb7b2","BLAN_004.tickPlot.tck","D02","BLAN","BLAN_004","distributed","pastureHay",39.088416,-77.961331,"WGS84",20.1,123.7,0.1,"2018-04-05T14:52Z","BLAN.2018.14",,,"drag",160,"N",0,0,0,,"NEON.DOC.014045vJ","ciinOn2RW7L53SAeOrOGD/2onrpbttp+",
"2edaad21-93d7-4718-b407-b7d88fc6ca80","BLAN_012.tickPlot.tck","D02","BLAN","BLAN_012","distributed","deciduousForest",39.082720,-77.959589,"WGS84",20.2,135.1,0.2,"2018-04-05T15:18Z","BLAN.2018.14",,,"drag",164,"N",0,0,0,"No known compromise","NEON.DOC.014045vJ","M7EpIfYzzITs8Y5PIRNBZjG1wPJDljoZp5tr4GwKmKc=",
"dea2bf74-97ed-493d-964a-cb570da0f1ed","BLAN_015.tickPlot.tck","D02","BLAN","BLAN_015","distributed","deciduousForest",39.088728,-77.955494,"WGS84",20.2,125.9,0.2,"2018-04-05T15:39Z","BLAN.2018.14",,,"drag",165,"N",0,0,0,,"NEON.DOC.014045vJ","ciinOn2RW7L53SAeOrOGD/2onrpbttp+",
"a6ac288a-8c1b-4979-b45f-3301de8929a3","BLAN_002.tickPlot.tck","D02","BLAN","BLAN_002","distributed","pastureHay",39.091474,-77.982149,"WGS84",20.1,145.6,0.1,"2018-04-23T14:43Z","BLAN.2018.17",,,"drag",160,"N",0,0,0,"No known compromise","NEON.DOC.014045vJ","lOFT5Ztrvajei8vzaZBDqVDde62x2EGi",
"41b11da9-b0ff-4544-9947-2b14920e6714","BLAN_005.tickPlot.tck","D02","BLAN","BLAN_005","distributed","deciduousForest",39.086223,-77.972729,"WGS84",20.2,169.1,0.3,"2018-04-23T15:26Z","BLAN.2018.17",,,"drag",152,"N",0,0,0,"No known compromise","NEON.DOC.014045vJ","cJDN8FQ+G8BHe8OkvD5PMz1h/kcM7qXCzeFqTpXsSj4=",
"4b148aeb-a02e-4927-886e-b59681266a88","BLAN_012.tickPlot.tck","D02","BLAN","BLAN_012","distributed","deciduousForest",39.082720,-77.959589,"WGS84",20.2,135.1,0.2,"2018-04-23T16:16Z","BLAN.2018.17","BLAN_012.20180423","A00000003293","drag",160,"Y",0,1,0,"No known compromise","NEON.DOC.014045vJ","lOFT5Ztrvajei8vzaZBDqVDde62x2EGi",
"3f1d522a-fdc0-4033-88fa-77e8e022fe49","BLAN_015.tickPlot.tck","D02","BLAN","BLAN_015","distributed","deciduousForest",39.088728,-77.955494,"WGS84",20.2,125.9,0.2,"2018-04-23T17:20Z","BLAN.2018.17",,,"drag",162,"N",0,0,0,"No known compromise","NEON.DOC.014045vJ","cJDN8FQ+G8BHe8OkvD5PMz1h/kcM7qXCzeFqTpXsSj4=",
"467a9d1d-c59b-483e-b038-defae1f3fb4f","BLAN_004.tickPlot.tck","D02","BLAN","BLAN_004","distributed","pastureHay",39.088416,-77.961331,"WGS84",20.1,123.7,0.1,"2018-04-23T18:02Z","BLAN.2018.17",,,"drag",160,"N",0,0,0,"No known compromise","NEON.DOC.014045vJ","lOFT5Ztrvajei8vzaZBDqVDde62x2EGi",
"cf19dbba-c2ad-40de-be9f-5cfac4851f4a","BLAN_008.tickPlot.tck","D02","BLAN","BLAN_008","distributed","pastureHay",39.083870,-77.966320,"WGS84",20.4,159.6,0.5,"2018-04-23T18:32Z","BLAN.2018.17",,,"drag",160,"N",0,0,0,"No known compromise","NEON.DOC.014045vJ","cJDN8FQ+G8BHe8OkvD5PMz1h/kcM7qXCzeFqTpXsSj4=",
