uid,namedLocation,domainID,siteID,plotID,plotType,nlcdClass,decimalLatitude,decimalLongitude,geodeticDatum,coordinateUncertainty,elevation,elevationUncertainty,collectDate,eventID,sampleID,sampleCode,samplingMethod,totalSampledArea,targetTaxaPresent,adultCount,nymphCount,larvaCount,sampleCondition,samplingProtocolVersion,measuredBy,remarks
"e9fd5107-919c-498e-b1c7-0d087b695f7f","MOAB_003.tickPlot.tck","D13","MOAB","MOAB_003","distributed","evergreenForest",38.261626,-109.347802,"WGS84",20.2,2013.4,0.5,"2017-08-29T14:59Z","MOAB.2017.36",,,"drag and flag",175,"N",0,0,0,,"NEON.DOC.014045vH","z9o8IP9Ju0WjxV0jkcNiemgk1dPMzU9n8bGLvpLqA9I=",
"8f77226c-5688-45eb-af86-d1c40a560aed","MOAB_001.tickPlot.tck","D13","MOAB","MOAB_001","distributed","shrubScrub",38.258888,-109.413897,"WGS84",20.1,1804.0,0.1,"2017-08-29T17:03Z","MOAB.2017.36",,,"drag and flag",166,"N",0,0,0,,"NEON.DOC.014045vH","z9o8IP9Ju0WjxV0jkcNiemgk1dPMzU9n8bGLvpLqA9I=",
"98f0ba36-5446-416b-bfe2-896683aa0c0f","MOAB_005.tickPlot.tck","D13","MOAB","MOAB_005","distributed","shrubScrub",38.210851,-109.402026,"WGS84",20.1,1763.5,0.1,"2017-08-29T18:52Z","MOAB.2017.36",,,"drag and flag",164,"N",0,0,0,,"NEON.DOC.014045vH","DDNDpGyuy0rKFCYL/Fhff/iP2cvRYuokCctzc6bexHQ=",
"d34c2a58-07f6-4fe1-a8e7-ed145c445d19","MOAB_002.tickPlot.tck","D13","MOAB","MOAB_002","distributed","shrubScrub",38.211659,-109.413380,"WGS84",20.1,1770.3,0.1,"2017-08-29T19:41Z","MOAB.2017.36",,,"drag",167,"N",0,0,0,,"NEON.DOC.014045vH","z9o8IP9Ju0WjxV0jkcNiemgk1dPMzU9n8bGLvpLqA9I=",
"729dcddc-f8ff-42b7-ad6f-176a2eeee317","MOAB_006.tickPlot.tck","D13","MOAB","MOAB_006","distributed","shrubScrub",38.235080,-109.406067,"WGS84",20.1,1759.8,0.1,"2017-08-29T20:55Z","MOAB.2017.36",,,"drag and flag",165,"N",0,0,0,,"NEON.DOC.014045vH","DDNDpGyuy0rKFCYL/Fhff/iP2cvRYuokCctzc6bexHQ=",
"5da78222-fac0-4b28-839e-b5a1143a1dd8","MOAB_004.tickPlot.tck","D13","MOAB","MOAB_004","distributed","shrubScrub",38.234505,-109.398111,"WGS84",20.1,1763.9,0.1,"2017-08-29T22:00Z","MOAB.2017.36",,,"drag and flag",160,"N",0,0,0,,"NEON.DOC.014045vH","xqonGTcJFj9Jlj5pB/1ROihJf/z8DSbnN6pD2kWVaTs=",
