uid,namedLocation,domainID,siteID,plotID,plotType,nlcdClass,decimalLatitude,decimalLongitude,geodeticDatum,coordinateUncertainty,elevation,elevationUncertainty,collectDate,eventID,sampleID,sampleCode,samplingMethod,totalSampledArea,targetTaxaPresent,adultCount,nymphCount,larvaCount,sampleCondition,samplingProtocolVersion,measuredBy,remarks
"ad375394-ecbe-456e-950d-38757c00415c","SCBI_005.tickPlot.tck","D02","SCBI","SCBI_005","distributed","deciduousForest",38.901859,-78.161940,"WGS84",20.2,263.6,0.3,"2014-06-09T18:28Z","SCBI.2014.23","SCBI_005.20140609",,"drag and flag",167,"Y",1,4,0,"No known compromise","NEON.DOC.014045vD","OZu0swQoN0QSbFUusmihGg==","Crossed stream twice in plot (missed 5m). Avoided obstacles and added 12m so total m was 167"
"8fb22b46-cf5c-4c9c-8685-c1710eb7d026","SCBI_006.tickPlot.tck","D02","SCBI","SCBI_006","distributed","pastureHay",38.897080,-78.150277,"WGS84",20.1,277.1,0.1,"2014-06-09T19:32Z","SCBI.2014.23","SCBI_006.20140609",,"flag",167,"Y",0,2,0,"No known compromise","NEON.DOC.014045vD","OZu0swQoN0QSbFUusmihGg==","Was flagged according to protocol. But have approval to drag next time so plot remains accepted."
"82d1b968-0ce4-410f-b1fd-6d7f9dde0626","SCBI_013.tickPlot.tck","D02","SCBI","SCBI_013","distributed","deciduousForest",38.873041,-78.163313,"WGS84",20.2,361.3,0.3,"2014-06-10T17:53Z","SCBI.2014.23","SCBI_013.20140610",,"drag and flag",169,"Y",1,54,12,"No known compromise","NEON.DOC.014045vD","OZu0swQoN0QSbFUusmihGg==",
"21fde878-178c-4066-aed0-a5bc069a664a","SCBI_007.tickPlot.tck","D02","SCBI","SCBI_007","distributed","deciduousForest",38.886013,-78.129365,"WGS84",20.2,428.3,0.2,"2014-06-10T20:02Z","SCBI.2014.23","SCBI_007.20140610",,"drag and flag",180,"Y",3,36,2,"No known compromise","NEON.DOC.014045vD","OZu0swQoN0QSbFUusmihGg==","thorny at bottom"
"2fa21fca-c97a-4f3d-9382-b25852a8ee63","SCBI_002.tickPlot.tck","D02","SCBI","SCBI_002","distributed","deciduousForest",38.893863,-78.142704,"WGS84",20.2,327.7,0.2,"2014-06-11T15:44Z","SCBI.2014.23","SCBI_002.20140611",,"drag",160,"Y",2,18,0,"No known compromise","NEON.DOC.014045vD","OZu0swQoN0QSbFUusmihGg==","no transcription errors found"
