uid,namedLocation,plotID,collectDate,identifiedDate,sampleID,subsampleID,scientificName,acceptedTaxonID,taxonRank,family,subfamily,tribe,subtribe,genus,subgenus,specificEpithet,infraspecificEpithet,identificationQualifier,identificationReferences,identificationProtocolVersion,scientificNameAuthorship,sexOrAge,individualCount,sampleCondition,archiveMedium,archiveFacilityID,deprecatedVialID,identifiedBy,laboratoryName,remarks
"864c2687-1e09-426b-ae5b-8edc878370fd","SCBI_005.tickPlot.tck","SCBI_005","2014-06-09T18:28Z","2015-05-08T12:00Z","SCBI_005.20140609","SCBI_005.20140609.AMBAME.N","Amblyomma americanum","AMBAME","species","Ixodidae",,,,"Amblyomma",,"americanum",,,"Cooley, R. A. and G. M. Kohls. 1944. The genus Amblyomma (ixodidae) in the United States. The Journal of Parasitology, 30(2):77-111.","GSU_tickIdentification_SOP_2016-11-01.pdf","Linnaeus","Nymph",4,"OK","95% ethanol","125292",,"Lorenza Beati","Georgia Southern University","West side of Silver Lake along road 40 (proxy for Bartlett Experimental Forest, BART)"
"faabbeba-3114-46f4-b2c5-ca8378713ecc","SCBI_005.tickPlot.tck","SCBI_005","2014-06-09T18:28Z","2015-04-06T16:00Z","SCBI_005.20140609","SCBI_005.20140609.AMBAME.M","Amblyomma americanum","AMBAME","species","Ixodidae",,,,"Amblyomma",,"americanum",,,"Cooley, R. A. and G. M. Kohls. 1944. The genus Amblyomma (ixodidae) in the United States. The Journal of Parasitology, 30(2):77-111.","GSU_tickIdentification_SOP_2016-11-01.pdf","Linnaeus","Male",1,"OK","90% ethanol","125292",,"Michael Bischof","Georgia Southern University","West side of Silver Lake along road 40 (proxy for Bartlett Experimental Forest, BART)"
"460dfb63-552a-442c-a808-15f1e4012073","SCBI_006.tickPlot.tck","SCBI_006","2014-06-09T19:32Z","2015-05-08T12:00Z","SCBI_006.20140609","SCBI_006.20140609.AMBAME.N","Amblyomma americanum","AMBAME","species","Ixodidae",,,,"Amblyomma",,"americanum",,,"Cooley, R. A. and G. M. Kohls. 1944. The genus Amblyomma (ixodidae) in the United States. The Journal of Parasitology, 30(2):77-111.","GSU_tickIdentification_SOP_2016-11-01.pdf","Linnaeus","Nymph",2,"OK","95% ethanol","125298",,"Lorenza Beati","Georgia Southern University",
"829b8e9b-ba0a-4253-8fa2-20b8ebb5bba6","SCBI_013.tickPlot.tck","SCBI_013","2014-06-10T17:53Z","2015-04-13T16:00Z","SCBI_013.20140610","SCBI_013.20140610.IXOSP.L","Ixodidae sp.","IXOSP","family","Ixodidae",,,,,,"sp.",,,,"GSU_tickIdentification_SOP_2016-11-01.pdf",,"Larva",1,"OK","90% ethanol","125314",,"Michael Bischof","Georgia Southern University",
"df652732-7907-4ad8-b074-3e43441e2de0","SCBI_013.tickPlot.tck","SCBI_013","2014-06-10T17:53Z","2015-04-13T16:00Z","SCBI_013.20140610","SCBI_013.20140610.AMBAME.A","Amblyomma americanum","AMBAME","species","Ixodidae",,,,"Amblyomma",,"americanum",,,"Cooley, R. A. and G. M. Kohls. 1944. The genus Amblyomma (ixodidae) in the United States. The Journal of Parasitology, 30(2):77-111.","GSU_tickIdentification_SOP_2016-11-01.pdf","Linnaeus","Adult",5,"OK","90% ethanol","125313",,"Michael Bischof","Georgia Southern University",
"1eecb4f6-3880-403d-bd24-410cf52b36a3","SCBI_013.tickPlot.tck","SCBI_013","2014-06-10T17:53Z","2015-05-07T12:00Z","SCBI_013.20140610","SCBI_013.20140610.IXOSCA.N","Ixodes scapularis","IXOSCA","species","Ixodidae",,,,"Ixodes",,"scapularis",,,"Keirans, J. E., and C. M. Clifford. 1978. The genus Ixodes in the United States: a scanning electron microscope study and key to the adults. Journal of Medical Entomology, 15(Supplement 2):1-38.","GSU_tickIdentification_SOP_2016-11-01.pdf","Say","Nymph",49,"OK","95% ethanol","125313",,"Lorenza Beati","Georgia Southern University",
"54cff6e7-b6b2-4ed2-baa1-0517eb50cc01","SCBI_013.tickPlot.tck","SCBI_013","2014-06-10T17:53Z","2015-04-13T16:00Z","SCBI_013.20140610","SCBI_013.20140610.AMBAME.M","Amblyomma americanum","AMBAME","species","Ixodidae",,,,"Amblyomma",,"americanum",,,"Cooley, R. A. and G. M. Kohls. 1944. The genus Amblyomma (ixodidae) in the United States. The Journal of Parasitology, 30(2):77-111.","GSU_tickIdentification_SOP_2016-11-01.pdf","Linnaeus","Male",1,"OK","90% ethanol","125313",,"Michael Bischof","Georgia Southern University",
"4c6af0ac-8252-4adc-8fac-cbab11cada12","SCBI_007.tickPlot.tck","SCBI_007","2014-06-10T20:02Z","2015-05-08T12:00Z","SCBI_007.20140610","SCBI_007.20140610.AMBAME.N","Amblyomma americanum","AMBAME","species","Ixodidae",,,,"Amblyomma",,"americanum",,,"Cooley, R. A. and G. M. Kohls. 1944. The genus Amblyomma (ixodidae) in the United States. The Journal of Parasitology, 30(2):77-111.","GSU_tickIdentification_SOP_2016-11-01.pdf","Linnaeus","Nymph",13,"OK","95% ethanol","125304",,"Lorenza Beati","Georgia Southern University","Around Canyonside Campground, Poudre Canyon (proxy for Rocky Mountain National Park, RMNP)"
"061f04f2-733d-4423-a6d2-8ff77186e562","SCBI_007.tickPlot.tck","SCBI_007","2014-06-10T20:02Z","2015-05-07T12:00Z","SCBI_007.20140610","SCBI_007.20140610.IXOSCA.N","Ixodes scapularis","IXOSCA","species","Ixodidae",,,,"Ixodes",,"scapularis",,,"Keirans, J. E., and C. M. Clifford. 1978. The genus Ixodes in the United States: a scanning electron microscope study and key to the adults. Journal of Medical Entomology, 15(Supplement 2):1-38.","GSU_tickIdentification_SOP_2016-11-01.pdf","Say","Nymph",24,"OK","95% ethanol","125304",,"Lorenza Beati","Georgia Southern University","Around Canyonside Campground, Poudre Canyon (proxy for Rocky Mountain National Park, RMNP)"
"698527c6-4b44-46fc-a394-d0b6696edb48","SCBI_007.tickPlot.tck","SCBI_007","2014-06-10T20:02Z","2015-04-06T16:00Z","SCBI_007.20140610","SCBI_007.20140610.DERVAR.M","Dermacentor variabilis","DERVAR","species","Ixodidae",,,,"Dermacentor",,"variabilis",,,"Cooley, R. A. 1938. The genera Dermacentor and Otocentor (Ixodidae) in the United States, with studies in variation. US Government Printing Office.","GSU_tickIdentification_SOP_2016-11-01.pdf","Say","Male",2,"OK","90% ethanol","125304",,"Michael Bischof","Georgia Southern University","Around Canyonside Campground, Poudre Canyon (proxy for Rocky Mountain National Park, RMNP)"
"ba78cbee-75c2-4d9c-bc3e-32fa9d33426e","SCBI_007.tickPlot.tck","SCBI_007","2014-06-10T20:02Z","2015-04-06T16:00Z","SCBI_007.20140610","SCBI_007.20140610.IXOSP.L","Ixodidae sp.","IXOSP","family","Ixodidae",,,,,,"sp.",,,,"GSU_tickIdentification_SOP_2016-11-01.pdf",,"Larva",1,"OK","90% ethanol","125303",,"Michael Bischof","Georgia Southern University",
"a3ef095b-1bb0-47ab-a851-547e4055d29a","SCBI_007.tickPlot.tck","SCBI_007","2014-06-10T20:02Z","2015-04-06T16:00Z","SCBI_007.20140610","SCBI_007.20140610.DERVAR.F","Dermacentor variabilis","DERVAR","species","Ixodidae",,,,"Dermacentor",,"variabilis",,,"Cooley, R. A. 1938. The genera Dermacentor and Otocentor (Ixodidae) in the United States, with studies in variation. US Government Printing Office.","GSU_tickIdentification_SOP_2016-11-01.pdf","Say","Female",1,"OK","90% ethanol","125304",,"Michael Bischof","Georgia Southern University","Around Canyonside Campground, Poudre Canyon (proxy for Rocky Mountain National Park, RMNP)"
"ef8ac2a2-dbec-475f-ad9d-ddb0fa05f0ff","SCBI_002.tickPlot.tck","SCBI_002","2014-06-11T15:44Z","2015-04-06T16:00Z","SCBI_002.20140611","SCBI_002.20140611.IXOSP.L","Ixodidae sp.","IXOSP","family","Ixodidae",,,,,,"sp.",,,,"GSU_tickIdentification_SOP_2016-11-01.pdf",,"Larva",1,"OK","90% ethanol","125283",,"Michael Bischof","Georgia Southern University",
"ee29fd52-6550-43b9-b8ba-018e73b7e393","SCBI_002.tickPlot.tck","SCBI_002","2014-06-11T15:44Z","2015-05-08T12:00Z","SCBI_002.20140611","SCBI_002.20140611.AMBAME.N","Amblyomma americanum","AMBAME","species","Ixodidae",,,,"Amblyomma",,"americanum",,,"Cooley, R. A. and G. M. Kohls. 1944. The genus Amblyomma (ixodidae) in the United States. The Journal of Parasitology, 30(2):77-111.","GSU_tickIdentification_SOP_2016-11-01.pdf","Linnaeus","Nymph",3,"OK","95% ethanol","125283",,"Lorenza Beati","Georgia Southern University",
"0a691440-56e6-4fd7-843f-6a16d48c9a8c","SCBI_002.tickPlot.tck","SCBI_002","2014-06-11T15:44Z","2015-04-06T16:00Z","SCBI_002.20140611","SCBI_002.20140611.AMBAME.M","Amblyomma americanum","AMBAME","species","Ixodidae",,,,"Amblyomma",,"americanum",,,"Cooley, R. A. and G. M. Kohls. 1944. The genus Amblyomma (ixodidae) in the United States. The Journal of Parasitology, 30(2):77-111.","GSU_tickIdentification_SOP_2016-11-01.pdf","Linnaeus","Male",1,"OK","90% ethanol","125283",,"Michael Bischof","Georgia Southern University",
"dc1cfb0d-73b6-4c3f-9cc5-b9e8754cda6a","SCBI_002.tickPlot.tck","SCBI_002","2014-06-11T15:44Z","2015-04-06T16:00Z","SCBI_002.20140611","SCBI_002.20140611.DERVAR.M","Dermacentor variabilis","DERVAR","species","Ixodidae",,,,"Dermacentor",,"variabilis",,,"Cooley, R. A. 1938. The genera Dermacentor and Otocentor (Ixodidae) in the United States, with studies in variation. US Government Printing Office.","GSU_tickIdentification_SOP_2016-11-01.pdf","Say","Male",1,"OK","90% ethanol","125283",,"Michael Bischof","Georgia Southern University",
"ef35a972-76dd-496d-9fc8-2dadcdd7012a","SCBI_002.tickPlot.tck","SCBI_002","2014-06-11T15:44Z","2015-05-08T12:00Z","SCBI_002.20140611","SCBI_002.20140611.IXOSCA.N","Ixodes scapularis","IXOSCA","species","Ixodidae",,,,"Ixodes",,"scapularis",,,"Keirans, J. E., and C. M. Clifford. 1978. The genus Ixodes in the United States: a scanning electron microscope study and key to the adults. Journal of Medical Entomology, 15(Supplement 2):1-38.","GSU_tickIdentification_SOP_2016-11-01.pdf","Say","Nymph",16,"OK","95% ethanol","125283",,"Lorenza Beati","Georgia Southern University",
