uid,namedLocation,domainID,siteID,plotID,plotType,nlcdClass,decimalLatitude,decimalLongitude,geodeticDatum,coordinateUncertainty,elevation,elevationUncertainty,collectDate,endDate,subsampleID,testedDate,testingID,batchID,individualCount,sampleCondition,testProtocolVersion,testResult,testPathogenName,remarks,testedBy,laboratoryName
"50f14293-a445-405a-984a-6d085abd9d09","KONZ_025.tickPlot.tck","D06","KONZ","KONZ_025","distributed","deciduousForest",39.103714,-96.597832,"WGS84",20.1,337.3,0.1,"2015-09-02T14:57Z","2015-09-02T15:24Z","KONZ_025.20150902.AMBAME.N","2017-02-15","KONZ_025.20150902.AMBAME.N.T.002","NEON_20170126",1,"OK","UMASS_LMZ_tickPathogens_SOP_2016-08-29.pdf","Negative","Francisella tularensis",,"wK9iiuBPE+pQoUpsMlAp9A==","University of Massachusetts Laboratory of Medical Zoology"
"71439793-4252-4e62-a7ad-cfbbf3562ce4","KONZ_025.tickPlot.tck","D06","KONZ","KONZ_025","distributed","deciduousForest",39.103714,-96.597832,"WGS84",20.1,337.3,0.1,"2015-09-02T14:57Z","2015-09-02T15:24Z","KONZ_025.20150902.AMBAME.N","2017-02-15","KONZ_025.20150902.AMBAME.N.T.001","NEON_20170126",1,"OK","UMASS_LMZ_tickPathogens_SOP_2016-08-29.pdf","Positive","HardTick DNA Quality",,"wK9iiuBPE+pQoUpsMlAp9A==","University of Massachusetts Laboratory of Medical Zoology"
"e2321ba4-3e7d-4afb-a694-1383b850d5cf","KONZ_025.tickPlot.tck","D06","KONZ","KONZ_025","distributed","deciduousForest",39.103714,-96.597832,"WGS84",20.1,337.3,0.1,"2015-09-02T14:57Z","2015-09-02T15:24Z","KONZ_025.20150902.AMBAME.N","2017-02-15","KONZ_025.20150902.AMBAME.N.T.001","NEON_20170126",1,"OK","UMASS_LMZ_tickPathogens_SOP_2016-08-29.pdf",,"Babesia microti",,"wK9iiuBPE+pQoUpsMlAp9A==","University of Massachusetts Laboratory of Medical Zoology"
"4ad0971e-6863-49db-9418-4957b391f794","KONZ_025.tickPlot.tck","D06","KONZ","KONZ_025","distributed","deciduousForest",39.103714,-96.597832,"WGS84",20.1,337.3,0.1,"2015-09-02T14:57Z","2015-09-02T15:24Z","KONZ_025.20150902.AMBAME.N","2017-02-15","KONZ_025.20150902.AMBAME.N.T.002","NEON_20170126",1,"OK","UMASS_LMZ_tickPathogens_SOP_2016-08-29.pdf",,"Borrelia miyamotoi",,"wK9iiuBPE+pQoUpsMlAp9A==","University of Massachusetts Laboratory of Medical Zoology"
"79ac8a9e-fcdb-43ef-83cd-d4d9296bd54a","KONZ_025.tickPlot.tck","D06","KONZ","KONZ_025","distributed","deciduousForest",39.103714,-96.597832,"WGS84",20.1,337.3,0.1,"2015-09-02T14:57Z","2015-09-02T15:24Z","KONZ_025.20150902.AMBAME.N","2017-02-15","KONZ_025.20150902.AMBAME.N.T.001","NEON_20170126",1,"OK","UMASS_LMZ_tickPathogens_SOP_2016-08-29.pdf",,"Borrelia burgdorferi sensu lato",,"wK9iiuBPE+pQoUpsMlAp9A==","University of Massachusetts Laboratory of Medical Zoology"
"9d4c9566-a0c6-477e-b1bf-27f437b6f930","KONZ_025.tickPlot.tck","D06","KONZ","KONZ_025","distributed","deciduousForest",39.103714,-96.597832,"WGS84",20.1,337.3,0.1,"2015-09-02T14:57Z","2015-09-02T15:24Z","KONZ_025.20150902.AMBAME.N","2017-02-15","KONZ_025.20150902.AMBAME.N.T.002","NEON_20170126",1,"OK","UMASS_LMZ_tickPathogens_SOP_2016-08-29.pdf","Positive","HardTick DNA Quality",,"wK9iiuBPE+pQoUpsMlAp9A==","University of Massachusetts Laboratory of Medical Zoology"
"26b69738-09c2-49c1-b4e4-bcd413bb0345","KONZ_025.tickPlot.tck","D06","KONZ","KONZ_025","distributed","deciduousForest",39.103714,-96.597832,"WGS84",20.1,337.3,0.1,"2015-09-02T14:57Z","2015-09-02T15:24Z","KONZ_025.20150902.AMBAME.N","2017-02-15","KONZ_025.20150902.AMBAME.N.T.002","NEON_20170126",1,"OK","UMASS_LMZ_tickPathogens_SOP_2016-08-29.pdf",,"Borrelia mayonii",,"wK9iiuBPE+pQoUpsMlAp9A==","University of Massachusetts Laboratory of Medical Zoology"
"507f6b95-c9dc-45c2-8a1e-d321403f7d82","KONZ_025.tickPlot.tck","D06","KONZ","KONZ_025","distributed","deciduousForest",39.103714,-96.597832,"WGS84",20.1,337.3,0.1,"2015-09-02T14:57Z","2015-09-02T15:24Z","KONZ_025.20150902.AMBAME.N","2017-02-15","KONZ_025.20150902.AMBAME.N.T.001","NEON_20170126",1,"OK","UMASS_LMZ_tickPathogens_SOP_2016-08-29.pdf","Negative","Ixodes pacificus",,"wK9iiuBPE+pQoUpsMlAp9A==","University of Massachusetts Laboratory of Medical Zoology"
"58a3211e-4b86-4abb-897a-3e5121d7ef5c","KONZ_025.tickPlot.tck","D06","KONZ","KONZ_025","distributed","deciduousForest",39.103714,-96.597832,"WGS84",20.1,337.3,0.1,"2015-09-02T14:57Z","2015-09-02T15:24Z","KONZ_025.20150902.AMBAME.N","2017-02-15","KONZ_025.20150902.AMBAME.N.T.001","NEON_20170126",1,"OK","UMASS_LMZ_tickPathogens_SOP_2016-08-29.pdf",,"Borrelia mayonii",,"wK9iiuBPE+pQoUpsMlAp9A==","University of Massachusetts Laboratory of Medical Zoology"
"d81ca9e9-7012-430d-9c49-c02d427e5135","KONZ_025.tickPlot.tck","D06","KONZ","KONZ_025","distributed","deciduousForest",39.103714,-96.597832,"WGS84",20.1,337.3,0.1,"2015-09-02T14:57Z","2015-09-02T15:24Z","KONZ_025.20150902.AMBAME.N","2017-02-15","KONZ_025.20150902.AMBAME.N.T.001","NEON_20170126",1,"OK","UMASS_LMZ_tickPathogens_SOP_2016-08-29.pdf",,"Borrelia miyamotoi",,"wK9iiuBPE+pQoUpsMlAp9A==","University of Massachusetts Laboratory of Medical Zoology"
"e2e0bc3c-be75-48ea-ab26-f8a9bc4136bb","KONZ_025.tickPlot.tck","D06","KONZ","KONZ_025","distributed","deciduousForest",39.103714,-96.597832,"WGS84",20.1,337.3,0.1,"2015-09-02T14:57Z","2015-09-02T15:24Z","KONZ_025.20150902.AMBAME.N","2017-02-15","KONZ_025.20150902.AMBAME.N.T.002","NEON_20170126",1,"OK","UMASS_LMZ_tickPathogens_SOP_2016-08-29.pdf","Negative","Ixodes pacificus",,"wK9iiuBPE+pQoUpsMlAp9A==","University of Massachusetts Laboratory of Medical Zoology"
"f0e0b1e5-4e21-47ec-b69a-8faadb8e7887","KONZ_025.tickPlot.tck","D06","KONZ","KONZ_025","distributed","deciduousForest",39.103714,-96.597832,"WGS84",20.1,337.3,0.1,"2015-09-02T14:57Z","2015-09-02T15:24Z","KONZ_025.20150902.AMBAME.N","2017-02-15","KONZ_025.20150902.AMBAME.N.T.002","NEON_20170126",1,"OK","UMASS_LMZ_tickPathogens_SOP_2016-08-29.pdf","Negative","Borrelia sp.",,"wK9iiuBPE+pQoUpsMlAp9A==","University of Massachusetts Laboratory of Medical Zoology"
"4b4d1d5e-f10d-46d7-8891-6440036f6878","KONZ_025.tickPlot.tck","D06","KONZ","KONZ_025","distributed","deciduousForest",39.103714,-96.597832,"WGS84",20.1,337.3,0.1,"2015-09-02T14:57Z","2015-09-02T15:24Z","KONZ_025.20150902.AMBAME.N","2017-02-15","KONZ_025.20150902.AMBAME.N.T.001","NEON_20170126",1,"OK","UMASS_LMZ_tickPathogens_SOP_2016-08-29.pdf","Negative","Borrelia sp.",,"wK9iiuBPE+pQoUpsMlAp9A==","University of Massachusetts Laboratory of Medical Zoology"
"b807539d-0dd1-494e-90d3-b259681ee106","KONZ_025.tickPlot.tck","D06","KONZ","KONZ_025","distributed","deciduousForest",39.103714,-96.597832,"WGS84",20.1,337.3,0.1,"2015-09-02T14:57Z","2015-09-02T15:24Z","KONZ_025.20150902.AMBAME.N","2017-02-15","KONZ_025.20150902.AMBAME.N.T.002","NEON_20170126",1,"OK","UMASS_LMZ_tickPathogens_SOP_2016-08-29.pdf",,"Babesia microti",,"wK9iiuBPE+pQoUpsMlAp9A==","University of Massachusetts Laboratory of Medical Zoology"
"689d4775-6b6c-41e0-be84-6eeb91f3fc51","KONZ_025.tickPlot.tck","D06","KONZ","KONZ_025","distributed","deciduousForest",39.103714,-96.597832,"WGS84",20.1,337.3,0.1,"2015-09-02T14:57Z","2015-09-02T15:24Z","KONZ_025.20150902.AMBAME.N","2017-02-15","KONZ_025.20150902.AMBAME.N.T.002","NEON_20170126",1,"OK","UMASS_LMZ_tickPathogens_SOP_2016-08-29.pdf",,"Ehrlichia muris-like",,"wK9iiuBPE+pQoUpsMlAp9A==","University of Massachusetts Laboratory of Medical Zoology"
"a79ca091-1677-4dad-8a9b-5c495d256680","KONZ_025.tickPlot.tck","D06","KONZ","KONZ_025","distributed","deciduousForest",39.103714,-96.597832,"WGS84",20.1,337.3,0.1,"2015-09-02T14:57Z","2015-09-02T15:24Z","KONZ_025.20150902.AMBAME.N","2017-02-15","KONZ_025.20150902.AMBAME.N.T.001","NEON_20170126",1,"OK","UMASS_LMZ_tickPathogens_SOP_2016-08-29.pdf","Negative","Anaplasma phagocytophilum",,"wK9iiuBPE+pQoUpsMlAp9A==","University of Massachusetts Laboratory of Medical Zoology"
"41b1e859-c730-4b95-9c60-2adc94a61deb","KONZ_025.tickPlot.tck","D06","KONZ","KONZ_025","distributed","deciduousForest",39.103714,-96.597832,"WGS84",20.1,337.3,0.1,"2015-09-02T14:57Z","2015-09-02T15:24Z","KONZ_025.20150902.AMBAME.N","2017-02-15","KONZ_025.20150902.AMBAME.N.T.002","NEON_20170126",1,"OK","UMASS_LMZ_tickPathogens_SOP_2016-08-29.pdf","Negative","Ehrlichia chaffeensis",,"wK9iiuBPE+pQoUpsMlAp9A==","University of Massachusetts Laboratory of Medical Zoology"
"d3564bbb-6a2c-4e20-82dc-eb704b058395","KONZ_025.tickPlot.tck","D06","KONZ","KONZ_025","distributed","deciduousForest",39.103714,-96.597832,"WGS84",20.1,337.3,0.1,"2015-09-02T14:57Z","2015-09-02T15:24Z","KONZ_025.20150902.AMBAME.N","2017-02-15","KONZ_025.20150902.AMBAME.N.T.002","NEON_20170126",1,"OK","UMASS_LMZ_tickPathogens_SOP_2016-08-29.pdf","Negative","Anaplasma phagocytophilum",,"wK9iiuBPE+pQoUpsMlAp9A==","University of Massachusetts Laboratory of Medical Zoology"
"c5c39628-79e4-43d2-ba11-bdd629eded60","KONZ_025.tickPlot.tck","D06","KONZ","KONZ_025","distributed","deciduousForest",39.103714,-96.597832,"WGS84",20.1,337.3,0.1,"2015-09-02T14:57Z","2015-09-02T15:24Z","KONZ_025.20150902.AMBAME.N","2017-02-15","KONZ_025.20150902.AMBAME.N.T.002","NEON_20170126",1,"OK","UMASS_LMZ_tickPathogens_SOP_2016-08-29.pdf","Negative","Rickettsia rickettsii",,"wK9iiuBPE+pQoUpsMlAp9A==","University of Massachusetts Laboratory of Medical Zoology"
"51bda945-0e51-4853-a74e-8e2413a9bd31","KONZ_025.tickPlot.tck","D06","KONZ","KONZ_025","distributed","deciduousForest",39.103714,-96.597832,"WGS84",20.1,337.3,0.1,"2015-09-02T14:57Z","2015-09-02T15:24Z","KONZ_025.20150902.AMBAME.N","2017-02-15","KONZ_025.20150902.AMBAME.N.T.001","NEON_20170126",1,"OK","UMASS_LMZ_tickPathogens_SOP_2016-08-29.pdf","Negative","Borrelia lonestari",,"wK9iiuBPE+pQoUpsMlAp9A==","University of Massachusetts Laboratory of Medical Zoology"
"1129633c-cf4f-49ef-b1a1-e1fac7a3a78e","KONZ_025.tickPlot.tck","D06","KONZ","KONZ_025","distributed","deciduousForest",39.103714,-96.597832,"WGS84",20.1,337.3,0.1,"2015-09-02T14:57Z","2015-09-02T15:24Z","KONZ_025.20150902.AMBAME.N","2017-02-15","KONZ_025.20150902.AMBAME.N.T.002","NEON_20170126",1,"OK","UMASS_LMZ_tickPathogens_SOP_2016-08-29.pdf",,"Borrelia burgdorferi sensu lato",,"wK9iiuBPE+pQoUpsMlAp9A==","University of Massachusetts Laboratory of Medical Zoology"
"7a9abb24-fc58-42fc-b1fd-6186c135d18f","KONZ_025.tickPlot.tck","D06","KONZ","KONZ_025","distributed","deciduousForest",39.103714,-96.597832,"WGS84",20.1,337.3,0.1,"2015-09-02T14:57Z","2015-09-02T15:24Z","KONZ_025.20150902.AMBAME.N","2017-02-15","KONZ_025.20150902.AMBAME.N.T.001","NEON_20170126",1,"OK","UMASS_LMZ_tickPathogens_SOP_2016-08-29.pdf","Negative","Ehrlichia ewingii",,"wK9iiuBPE+pQoUpsMlAp9A==","University of Massachusetts Laboratory of Medical Zoology"
"bcf0a3ab-2757-4416-9cab-d83500b12e01","KONZ_025.tickPlot.tck","D06","KONZ","KONZ_025","distributed","deciduousForest",39.103714,-96.597832,"WGS84",20.1,337.3,0.1,"2015-09-02T14:57Z","2015-09-02T15:24Z","KONZ_025.20150902.AMBAME.N","2017-02-15","KONZ_025.20150902.AMBAME.N.T.002","NEON_20170126",1,"OK","UMASS_LMZ_tickPathogens_SOP_2016-08-29.pdf","Negative","Borrelia lonestari",,"wK9iiuBPE+pQoUpsMlAp9A==","University of Massachusetts Laboratory of Medical Zoology"
"95e7b5d5-982d-4609-87f3-f2eeb30c0baa","KONZ_025.tickPlot.tck","D06","KONZ","KONZ_025","distributed","deciduousForest",39.103714,-96.597832,"WGS84",20.1,337.3,0.1,"2015-09-02T14:57Z","2015-09-02T15:24Z","KONZ_025.20150902.AMBAME.N","2017-02-15","KONZ_025.20150902.AMBAME.N.T.001","NEON_20170126",1,"OK","UMASS_LMZ_tickPathogens_SOP_2016-08-29.pdf","Negative","Francisella tularensis",,"wK9iiuBPE+pQoUpsMlAp9A==","University of Massachusetts Laboratory of Medical Zoology"
"552f19e3-cf0a-4bd8-b65b-9d13d4af92fc","KONZ_025.tickPlot.tck","D06","KONZ","KONZ_025","distributed","deciduousForest",39.103714,-96.597832,"WGS84",20.1,337.3,0.1,"2015-09-02T14:57Z","2015-09-02T15:24Z","KONZ_025.20150902.AMBAME.N","2017-02-15","KONZ_025.20150902.AMBAME.N.T.001","NEON_20170126",1,"OK","UMASS_LMZ_tickPathogens_SOP_2016-08-29.pdf",,"Ehrlichia muris-like",,"wK9iiuBPE+pQoUpsMlAp9A==","University of Massachusetts Laboratory of Medical Zoology"
"f5cb7ce1-fc35-4f58-a695-e95a1741f4a2","KONZ_025.tickPlot.tck","D06","KONZ","KONZ_025","distributed","deciduousForest",39.103714,-96.597832,"WGS84",20.1,337.3,0.1,"2015-09-02T14:57Z","2015-09-02T15:24Z","KONZ_025.20150902.AMBAME.N","2017-02-15","KONZ_025.20150902.AMBAME.N.T.001","NEON_20170126",1,"OK","UMASS_LMZ_tickPathogens_SOP_2016-08-29.pdf","Negative","Ehrlichia chaffeensis",,"wK9iiuBPE+pQoUpsMlAp9A==","University of Massachusetts Laboratory of Medical Zoology"
"b1baadc6-1ba5-4cc8-8a6e-345e716ed68b","KONZ_025.tickPlot.tck","D06","KONZ","KONZ_025","distributed","deciduousForest",39.103714,-96.597832,"WGS84",20.1,337.3,0.1,"2015-09-02T14:57Z","2015-09-02T15:24Z","KONZ_025.20150902.AMBAME.N","2017-02-15","KONZ_025.20150902.AMBAME.N.T.001","NEON_20170126",1,"OK","UMASS_LMZ_tickPathogens_SOP_2016-08-29.pdf","Negative","Rickettsia rickettsii",,"wK9iiuBPE+pQoUpsMlAp9A==","University of Massachusetts Laboratory of Medical Zoology"
"2dd367c1-8798-4a72-85b2-b142f8da27fd","KONZ_025.tickPlot.tck","D06","KONZ","KONZ_025","distributed","deciduousForest",39.103714,-96.597832,"WGS84",20.1,337.3,0.1,"2015-09-02T14:57Z","2015-09-02T15:24Z","KONZ_025.20150902.AMBAME.N","2017-02-15","KONZ_025.20150902.AMBAME.N.T.002","NEON_20170126",1,"OK","UMASS_LMZ_tickPathogens_SOP_2016-08-29.pdf","Negative","Ehrlichia ewingii",,"wK9iiuBPE+pQoUpsMlAp9A==","University of Massachusetts Laboratory of Medical Zoology"
"632e1f95-a3f6-487d-81d0-69e9b19ae029","KONZ_025.tickPlot.tck","D06","KONZ","KONZ_025","distributed","deciduousForest",39.103714,-96.597832,"WGS84",20.1,337.3,0.1,"2015-09-23T14:56Z","2015-09-23T15:55Z","KONZ_025.20150923.AMBAME.N","2017-02-15","KONZ_025.20150923.AMBAME.N.T.001","NEON_20170126",1,"OK","UMASS_LMZ_tickPathogens_SOP_2016-08-29.pdf","Negative","Ixodes pacificus",,"wK9iiuBPE+pQoUpsMlAp9A==","University of Massachusetts Laboratory of Medical Zoology"
"c1e1670b-30e6-45e5-b3a3-c591af8b129f","KONZ_025.tickPlot.tck","D06","KONZ","KONZ_025","distributed","deciduousForest",39.103714,-96.597832,"WGS84",20.1,337.3,0.1,"2015-09-23T14:56Z","2015-09-23T15:55Z","KONZ_025.20150923.AMBAME.N","2017-02-15","KONZ_025.20150923.AMBAME.N.T.001","NEON_20170126",1,"OK","UMASS_LMZ_tickPathogens_SOP_2016-08-29.pdf",,"Borrelia miyamotoi",,"wK9iiuBPE+pQoUpsMlAp9A==","University of Massachusetts Laboratory of Medical Zoology"
"288d534b-c852-443a-80e3-76372e2660d1","KONZ_025.tickPlot.tck","D06","KONZ","KONZ_025","distributed","deciduousForest",39.103714,-96.597832,"WGS84",20.1,337.3,0.1,"2015-09-23T14:56Z","2015-09-23T15:55Z","KONZ_025.20150923.AMBAME.N","2017-02-15","KONZ_025.20150923.AMBAME.N.T.001","NEON_20170126",1,"OK","UMASS_LMZ_tickPathogens_SOP_2016-08-29.pdf",,"Borrelia burgdorferi sensu lato",,"wK9iiuBPE+pQoUpsMlAp9A==","University of Massachusetts Laboratory of Medical Zoology"
"144ba08d-d2a2-4409-96a9-ebb9ba49e6b5","KONZ_025.tickPlot.tck","D06","KONZ","KONZ_025","distributed","deciduousForest",39.103714,-96.597832,"WGS84",20.1,337.3,0.1,"2015-09-23T14:56Z","2015-09-23T15:55Z","KONZ_025.20150923.AMBAME.N","2017-02-15","KONZ_025.20150923.AMBAME.N.T.001","NEON_20170126",1,"OK","UMASS_LMZ_tickPathogens_SOP_2016-08-29.pdf",,"Borrelia mayonii",,"wK9iiuBPE+pQoUpsMlAp9A==","University of Massachusetts Laboratory of Medical Zoology"
"16c2261f-866f-46d1-b248-16e3c368d2bc","KONZ_025.tickPlot.tck","D06","KONZ","KONZ_025","distributed","deciduousForest",39.103714,-96.597832,"WGS84",20.1,337.3,0.1,"2015-09-23T14:56Z","2015-09-23T15:55Z","KONZ_025.20150923.AMBAME.N","2017-02-15","KONZ_025.20150923.AMBAME.N.T.001","NEON_20170126",1,"OK","UMASS_LMZ_tickPathogens_SOP_2016-08-29.pdf","Positive","HardTick DNA Quality",,"wK9iiuBPE+pQoUpsMlAp9A==","University of Massachusetts Laboratory of Medical Zoology"
"6804c6d1-b8b9-4498-95e9-0b882c90f5ec","KONZ_025.tickPlot.tck","D06","KONZ","KONZ_025","distributed","deciduousForest",39.103714,-96.597832,"WGS84",20.1,337.3,0.1,"2015-09-23T14:56Z","2015-09-23T15:55Z","KONZ_025.20150923.AMBAME.N","2017-02-15","KONZ_025.20150923.AMBAME.N.T.001","NEON_20170126",1,"OK","UMASS_LMZ_tickPathogens_SOP_2016-08-29.pdf","Negative","Borrelia sp.",,"wK9iiuBPE+pQoUpsMlAp9A==","University of Massachusetts Laboratory of Medical Zoology"
"1ffc13fe-cbc2-4af3-991b-7358296f6442","KONZ_025.tickPlot.tck","D06","KONZ","KONZ_025","distributed","deciduousForest",39.103714,-96.597832,"WGS84",20.1,337.3,0.1,"2015-09-23T14:56Z","2015-09-23T15:55Z","KONZ_025.20150923.AMBAME.N","2017-02-15","KONZ_025.20150923.AMBAME.N.T.001","NEON_20170126",1,"OK","UMASS_LMZ_tickPathogens_SOP_2016-08-29.pdf","Negative","Anaplasma phagocytophilum",,"wK9iiuBPE+pQoUpsMlAp9A==","University of Massachusetts Laboratory of Medical Zoology"
"145f07ca-c8cf-4eb2-afb0-7b910f24d59c","KONZ_025.tickPlot.tck","D06","KONZ","KONZ_025","distributed","deciduousForest",39.103714,-96.597832,"WGS84",20.1,337.3,0.1,"2015-09-23T14:56Z","2015-09-23T15:55Z","KONZ_025.20150923.AMBAME.N","2017-02-15","KONZ_025.20150923.AMBAME.N.T.001","NEON_20170126",1,"OK","UMASS_LMZ_tickPathogens_SOP_2016-08-29.pdf","Negative","Borrelia lonestari",,"wK9iiuBPE+pQoUpsMlAp9A==","University of Massachusetts Laboratory of Medical Zoology"
"278a7948-55c6-41dd-a1b9-7d387a099ecf","KONZ_025.tickPlot.tck","D06","KONZ","KONZ_025","distributed","deciduousForest",39.103714,-96.597832,"WGS84",20.1,337.3,0.1,"2015-09-23T14:56Z","2015-09-23T15:55Z","KONZ_025.20150923.AMBAME.N","2017-02-15","KONZ_025.20150923.AMBAME.N.T.001","NEON_20170126",1,"OK","UMASS_LMZ_tickPathogens_SOP_2016-08-29.pdf",,"Ehrlichia muris-like",,"wK9iiuBPE+pQoUpsMlAp9A==","University of Massachusetts Laboratory of Medical Zoology"
"032b8d61-abd9-498d-9947-7e5b1e9b5633","KONZ_025.tickPlot.tck","D06","KONZ","KONZ_025","distributed","deciduousForest",39.103714,-96.597832,"WGS84",20.1,337.3,0.1,"2015-09-23T14:56Z","2015-09-23T15:55Z","KONZ_025.20150923.AMBAME.N","2017-02-15","KONZ_025.20150923.AMBAME.N.T.001","NEON_20170126",1,"OK","UMASS_LMZ_tickPathogens_SOP_2016-08-29.pdf","Negative","Ehrlichia chaffeensis",,"wK9iiuBPE+pQoUpsMlAp9A==","University of Massachusetts Laboratory of Medical Zoology"
"854118db-723d-4a24-b672-0a6cbfb097c2","KONZ_025.tickPlot.tck","D06","KONZ","KONZ_025","distributed","deciduousForest",39.103714,-96.597832,"WGS84",20.1,337.3,0.1,"2015-09-23T14:56Z","2015-09-23T15:55Z","KONZ_025.20150923.AMBAME.N","2017-02-15","KONZ_025.20150923.AMBAME.N.T.001","NEON_20170126",1,"OK","UMASS_LMZ_tickPathogens_SOP_2016-08-29.pdf","Negative","Ehrlichia ewingii",,"wK9iiuBPE+pQoUpsMlAp9A==","University of Massachusetts Laboratory of Medical Zoology"
"de8f18a3-2fb7-48e0-b4d2-4e46fec13656","KONZ_025.tickPlot.tck","D06","KONZ","KONZ_025","distributed","deciduousForest",39.103714,-96.597832,"WGS84",20.1,337.3,0.1,"2015-09-23T14:56Z","2015-09-23T15:55Z","KONZ_025.20150923.AMBAME.N","2017-02-15","KONZ_025.20150923.AMBAME.N.T.001","NEON_20170126",1,"OK","UMASS_LMZ_tickPathogens_SOP_2016-08-29.pdf","Negative","Francisella tularensis",,"wK9iiuBPE+pQoUpsMlAp9A==","University of Massachusetts Laboratory of Medical Zoology"
"7932377d-fe96-451d-9d1f-5711de7c7df6","KONZ_025.tickPlot.tck","D06","KONZ","KONZ_025","distributed","deciduousForest",39.103714,-96.597832,"WGS84",20.1,337.3,0.1,"2015-09-23T14:56Z","2015-09-23T15:55Z","KONZ_025.20150923.AMBAME.N","2017-02-15","KONZ_025.20150923.AMBAME.N.T.001","NEON_20170126",1,"OK","UMASS_LMZ_tickPathogens_SOP_2016-08-29.pdf","Negative","Rickettsia rickettsii",,"wK9iiuBPE+pQoUpsMlAp9A==","University of Massachusetts Laboratory of Medical Zoology"
"08ae1c50-d57c-459a-8828-1f7798751760","KONZ_025.tickPlot.tck","D06","KONZ","KONZ_025","distributed","deciduousForest",39.103714,-96.597832,"WGS84",20.1,337.3,0.1,"2015-09-23T14:56Z","2015-09-23T15:55Z","KONZ_025.20150923.AMBAME.N","2017-02-15","KONZ_025.20150923.AMBAME.N.T.001","NEON_20170126",1,"OK","UMASS_LMZ_tickPathogens_SOP_2016-08-29.pdf",,"Babesia microti",,"wK9iiuBPE+pQoUpsMlAp9A==","University of Massachusetts Laboratory of Medical Zoology"
