uid,namedLocation,domainID,siteID,plotID,plotType,nlcdClass,decimalLatitude,decimalLongitude,geodeticDatum,coordinateUncertainty,elevation,elevationUncertainty,collectDate,eventID,sampleID,sampleCode,samplingMethod,totalSampledArea,targetTaxaPresent,adultCount,nymphCount,larvaCount,sampleCondition,samplingProtocolVersion,measuredBy,remarks
"2b82938c-525a-4509-8193-52ecb27910c4","CPER_002.tickPlot.tck","D10","CPER","CPER_002","distributed","grasslandHerbaceous",40.811446,-104.727626,"WGS84",20.1,1645.8,0.1,"2016-10-04T15:38Z","CPER.2016.40",,,"drag",160,"N",0,0,0,"No known compromise","NEON.DOC.014045vG","1dFEKNySUBNuq4xEVAo4quQhHklgSxBG",
"546d62a4-b46d-4d8f-b71b-4c26ddfa9727","CPER_004.tickPlot.tck","D10","CPER","CPER_004","distributed","grasslandHerbaceous",40.814104,-104.696817,"WGS84",20.1,1617.2,0.1,"2016-10-04T16:29Z","CPER.2016.40",,,"drag",160,"N",0,0,0,"No known compromise","NEON.DOC.014045vG","/H9GLxVsm6WFraZjcy6LCqsNDzKzoqIN9mmXI2mgQR4=",
"d972b446-8f53-4beb-aa3e-c16d45b46771","CPER_003.tickPlot.tck","D10","CPER","CPER_003","distributed","grasslandHerbaceous",40.819808,-104.707147,"WGS84",20.1,1625.7,0.1,"2016-10-04T17:19Z","CPER.2016.40",,,"drag",160,"N",0,0,0,"No known compromise","NEON.DOC.014045vG","1dFEKNySUBNuq4xEVAo4quQhHklgSxBG",
"76a49306-ac52-4e10-a4f7-f697dd492a28","CPER_005.tickPlot.tck","D10","CPER","CPER_005","distributed","grasslandHerbaceous",40.852571,-104.726331,"WGS84",20.1,1662.6,0.1,"2016-10-04T18:29Z","CPER.2016.40",,,"drag",166,"N",0,0,0,"No known compromise","NEON.DOC.014045vG","/H9GLxVsm6WFraZjcy6LCqsNDzKzoqIN9mmXI2mgQR4=",
"432a869a-5bbf-4001-be5f-67cbc5f5687c","CPER_001.tickPlot.tck","D10","CPER","CPER_001","distributed","grasslandHerbaceous",40.851012,-104.701302,"WGS84",20.1,1639.1,0.1,"2016-10-04T19:24Z","CPER.2016.40",,,"drag",160,"N",0,0,0,"No known compromise","NEON.DOC.014045vG","1dFEKNySUBNuq4xEVAo4quQhHklgSxBG",
"77f6a545-2bb1-4288-a77c-d9cb4062b2a1","CPER_007.tickPlot.tck","D10","CPER","CPER_007","distributed","grasslandHerbaceous",40.860878,-104.684952,"WGS84",20.1,1646.7,0.1,"2016-10-04T20:13Z","CPER.2016.40",,,"drag",160,"N",0,0,0,"No known compromise","NEON.DOC.014045vG","/H9GLxVsm6WFraZjcy6LCqsNDzKzoqIN9mmXI2mgQR4=",
