uid,namedLocation,date,domainID,siteID,plotID,plotType,nlcdClass,decimalLatitude,decimalLongitude,geodeticDatum,coordinateUncertainty,easting,northing,utmZone,elevation,elevationUncertainty,eventID,samplingProtocolVersion,treesPresent,treesAbsentList,shrubsPresent,shrubsAbsentList,lianasPresent,lianasAbsentList,nestedSubplotAreaShrubSapling,nestedSubplotAreaLiana,totalSampledAreaTrees,totalSampledAreaShrubSapling,totalSampledAreaLiana,remarks,measuredBy,recordedBy,dataQF
"f8c33022-0f48-4cbe-ae66-2cf7d6289fcc","KONZ_051.basePlot.vst","2016-10-21","D06","KONZ","KONZ_051","tower","grasslandHerbaceous",39.099277,-96.565124,"WGS84",10.1,710558.33,4330616.10,"14N",397.9,0.1,"vst_KONZ_2016","NEON.DOC.000987vE","N",,"Y",,"N",,"noneSelected","noneSelected",400,400,400,,"iq7r+K7zVrnuv4AA404AgFzhbma7sELOneHM1T36pZk=","e0g/DT/hi4sj5NO5YzyRB72hjYLFyy85",
"7aca1dce-3f5a-46bd-a8a2-fe03c5e2e926","KONZ_058.basePlot.vst","2016-10-24","D06","KONZ","KONZ_058","tower","grasslandHerbaceous",39.101390,-96.561203,"WGS84",10.1,710891.15,4330859.73,"14N",413.1,0.1,"vst_KONZ_2016","NEON.DOC.000987vE","N",,"Y",,"N",,"10","noneSelected",400,80,400,,"g5rJEq0k/0nNX+T4moJmV2YbYul0bP1VmhFSJXZUo2Y=","iq7r+K7zVrnuv4AA404AgFzhbma7sELOneHM1T36pZk=",
"901a0ebd-a29c-4733-9100-5fa9c3f77397","KONZ_043.basePlot.vst","2016-10-24","D06","KONZ","KONZ_043","tower","grasslandHerbaceous",39.102192,-96.561182,"WGS84",20.1,710890.57,4330948.80,"14N",406.2,0.2,"vst_KONZ_2016","NEON.DOC.000987vE","N",,"Y","32","N",,"noneSelected","noneSelected",400,400,400,,"g5rJEq0k/0nNX+T4moJmV2YbYul0bP1VmhFSJXZUo2Y=","iq7r+K7zVrnuv4AA404AgFzhbma7sELOneHM1T36pZk=",
"1154de9f-66d4-400e-a2bc-6f5bfa96bbb2","KONZ_045.basePlot.vst","2016-10-25","D06","KONZ","KONZ_045","tower","grasslandHerbaceous",39.103828,-96.561811,"WGS84",20.1,710831.30,4331128.92,"14N",392.8,0.1,"vst_KONZ_2016","NEON.DOC.000987vE","N",,"Y",,"N",,"25","noneSelected",400,200,400,,"g5rJEq0k/0nNX+T4moJmV2YbYul0bP1VmhFSJXZUo2Y=","e0g/DT/hi4sj5NO5YzyRB72hjYLFyy85",
"0581b020-c947-4a32-97f4-5cc7bc144a9a","KONZ_048.basePlot.vst","2016-10-25","D06","KONZ","KONZ_048","tower","grasslandHerbaceous",39.101357,-96.560164,"WGS84",10.1,710981.10,4330858.48,"14N",411.4,0.1,"vst_KONZ_2016","NEON.DOC.000987vE","N",,"Y","presentInAll","N",,"noneSelected","noneSelected",400,400,400,,"p+l0R7+o0BMujrOEuQuJxVYKsiOTKnpJ","e0g/DT/hi4sj5NO5YzyRB72hjYLFyy85",
"0ea46747-7e48-46d8-8fef-3f5362307101","KONZ_050.basePlot.vst","2016-10-26","D06","KONZ","KONZ_050","tower","grasslandHerbaceous",39.098781,-96.566171,"WGS84",10.0,710469.26,4330558.62,"14N",389.6,0.0,"vst_KONZ_2016","NEON.DOC.000987vE","N",,"Y","31","N",,"noneSelected","noneSelected",400,400,400,,"p+l0R7+o0BMujrOEuQuJxVYKsiOTKnpJ","iq7r+K7zVrnuv4AA404AgFzhbma7sELOneHM1T36pZk=",
"46c1a18f-58a5-4bda-9217-8d32316eb2f0","KONZ_069.basePlot.vst","2016-10-26","D06","KONZ","KONZ_069","tower","grasslandHerbaceous",39.102726,-96.561169,"WGS84",10.1,710890.10,4331008.10,"14N",391.8,0.2,"vst_KONZ_2016","NEON.DOC.000987vE","Y",,"Y",,"N",,"10","noneSelected",400,80,400,,"p+l0R7+o0BMujrOEuQuJxVYKsiOTKnpJ","iq7r+K7zVrnuv4AA404AgFzhbma7sELOneHM1T36pZk=",
"1e9b7b0e-4b31-47ce-bf6e-c8f372031317","KONZ_054.basePlot.vst","2016-10-27","D06","KONZ","KONZ_054","tower","grasslandHerbaceous",39.098415,-96.562343,"WGS84",10.0,710801.42,4330526.88,"14N",402.6,0.0,"vst_KONZ_2016","NEON.DOC.000987vE","N",,"Y",,"N",,"25","noneSelected",400,200,400,,"Rrox/5DLJhV/NBTC7vrZFFNsjMpjyJvE","p+l0R7+o0BMujrOEuQuJxVYKsiOTKnpJ",
"9a6db33f-17f6-4c7b-bec2-a2aa8b8d9fc4","KONZ_068.basePlot.vst","2016-10-27","D06","KONZ","KONZ_068","tower","grasslandHerbaceous",39.100080,-96.564037,"WGS84",10.1,710649.95,4330707.75,"14N",405.9,0.1,"vst_KONZ_2016","NEON.DOC.000987vE","N",,"Y",,"N",,"noneSelected","noneSelected",400,400,400,,"Rrox/5DLJhV/NBTC7vrZFFNsjMpjyJvE","p+l0R7+o0BMujrOEuQuJxVYKsiOTKnpJ",
"b1698924-880f-43f0-9691-6af128a5dcb3","KONZ_056.basePlot.vst","2016-10-28","D06","KONZ","KONZ_056","tower","grasslandHerbaceous",39.097361,-96.563430,"WGS84",10.1,710710.55,4330407.37,"14N",400.9,0.1,"vst_KONZ_2016","NEON.DOC.000987vE","N",,"Y","40","N",,"noneSelected","noneSelected",400,400,400,,"iq7r+K7zVrnuv4AA404AgFzhbma7sELOneHM1T36pZk=","uXSN77Q7x9cACyt+x8PEhxuBjTDRBKZV",
"f76048a6-85f7-48ad-9da4-a98253c359b0","KONZ_070.basePlot.vst","2016-10-28","D06","KONZ","KONZ_070","tower","grasslandHerbaceous",39.097869,-96.562372,"WGS84",10.0,710800.54,4330466.21,"14N",403.6,0.0,"vst_KONZ_2016","NEON.DOC.000987vE","N",,"Y","presentInAll","N",,"noneSelected","noneSelected",400,400,400,,"iq7r+K7zVrnuv4AA404AgFzhbma7sELOneHM1T36pZk=","uXSN77Q7x9cACyt+x8PEhxuBjTDRBKZV",
"fd13d78a-15c0-4b2a-9b56-d9ca74211353","KONZ_057.basePlot.vst","2016-10-28","D06","KONZ","KONZ_057","tower","grasslandHerbaceous",39.103580,-96.562517,"WGS84",10.1,710770.98,4331099.76,"14N",405.0,0.1,"vst_KONZ_2016","NEON.DOC.000987vE","Y",,"Y",,"N",,"noneSelected","noneSelected",400,400,400,,"5iWmXCGg+z2BZwm+dzHZsOHJLaNEsURY","e0g/DT/hi4sj5NO5YzyRB72hjYLFyy85",
"1370db34-4892-401f-bd34-4587d19ffc9a","KONZ_046.basePlot.vst","2016-10-28","D06","KONZ","KONZ_046","tower","shrubScrub",39.103068,-96.563925,"WGS84",20.1,710650.74,4331039.66,"14N",405.6,0.1,"vst_KONZ_2016","NEON.DOC.000987vE","N",,"Y",,"N",,"1","noneSelected",400,8,400,,"5iWmXCGg+z2BZwm+dzHZsOHJLaNEsURY","e0g/DT/hi4sj5NO5YzyRB72hjYLFyy85",
"25edbba1-355f-4500-a899-60c305d4f46d","KONZ_061.basePlot.vst","2016-10-31","D06","KONZ","KONZ_061","tower","deciduousForest",39.101910,-96.560496,"WGS84",10.1,710950.74,4330919.09,"14N",399.0,0.1,"vst_KONZ_2016","NEON.DOC.000987vE","Y","40","Y",,"N",,"10","noneSelected",400,80,400,,"5iWmXCGg+z2BZwm+dzHZsOHJLaNEsURY","e0g/DT/hi4sj5NO5YzyRB72hjYLFyy85",
"8a11b766-c7bf-4444-9f19-c23b0fb84159","KONZ_066.basePlot.vst","2016-10-31","D06","KONZ","KONZ_066","tower","grasslandHerbaceous",39.103042,-96.562185,"WGS84",10.1,710801.30,4331040.81,"14N",406.6,0.1,"vst_KONZ_2016","NEON.DOC.000987vE","N",,"Y",,"N",,"noneSelected","noneSelected",400,400,400,,"g5rJEq0k/0nNX+T4moJmV2YbYul0bP1VmhFSJXZUo2Y=","fE2uLz1StI6+tVhgO907+ZGbWy0woTPf",
"bdc54205-ca0e-487e-bdac-1168a2f8eb28","KONZ_042.basePlot.vst","2016-10-31","D06","KONZ","KONZ_042","tower","grasslandHerbaceous",39.099570,-96.564404,"WGS84",20.0,710619.73,4330650.29,"14N",401.3,0.0,"vst_KONZ_2016","NEON.DOC.000987vE",,,,,,,"noneSelected","noneSelected",400,400,400,,"g5rJEq0k/0nNX+T4moJmV2YbYul0bP1VmhFSJXZUo2Y=","5iWmXCGg+z2BZwm+dzHZsOHJLaNEsURY",
