uid,namedLocation,date,eventID,domainID,siteID,plotID,subplotID,nestedSubplotID,groupID,taxonID,scientificName,taxonRank,identificationReferences,identificationQualifier,volumePercent,livePercent,deadPercent,canopyArea,meanHeight,remarks,measuredBy,recordedBy,dataQF
"7d09d74a-a330-414c-9e0e-9ef1ea6219ee","KONZ_051.basePlot.vst","2016-10-21","vst_KONZ_2016","D06","KONZ","KONZ_051","40",,"40_02","RHAR4","Rhus aromatica Aiton","species",,,100,75,25,1.7,0.64,,"iq7r+K7zVrnuv4AA404AgFzhbma7sELOneHM1T36pZk=","e0g/DT/hi4sj5NO5YzyRB72hjYLFyy85",
"f0cf46af-9614-459f-8eab-368363b0c451","KONZ_051.basePlot.vst","2016-10-21","vst_KONZ_2016","D06","KONZ","KONZ_051","40",,"40_01","RHAR4","Rhus aromatica Aiton","species",,,100,67,33,2.2,0.72,,"iq7r+K7zVrnuv4AA404AgFzhbma7sELOneHM1T36pZk=","e0g/DT/hi4sj5NO5YzyRB72hjYLFyy85",
"ea1a2e8c-826a-4d99-b868-0e33521f3b5a","KONZ_045.basePlot.vst","2016-10-25","vst_KONZ_2016","D06","KONZ","KONZ_045","31",,"31_01","RHAR4","Rhus aromatica Aiton","species",,,25,96,4,7.4,1.62,,"g5rJEq0k/0nNX+T4moJmV2YbYul0bP1VmhFSJXZUo2Y=","e0g/DT/hi4sj5NO5YzyRB72hjYLFyy85",
"d2947cf2-e3a4-4b26-93b8-796453628df1","KONZ_045.basePlot.vst","2016-10-25","vst_KONZ_2016","D06","KONZ","KONZ_045","31",,"31_01","ZAAM","Zanthoxylum americanum Mill.","species",,,3,99,1,7.4,1.62,,"g5rJEq0k/0nNX+T4moJmV2YbYul0bP1VmhFSJXZUo2Y=","e0g/DT/hi4sj5NO5YzyRB72hjYLFyy85",
"e98cf2b3-1243-42e5-98d7-a146730e42eb","KONZ_045.basePlot.vst","2016-10-25","vst_KONZ_2016","D06","KONZ","KONZ_045","31",,"31_01","CODR","Cornus drummondii C.A. Mey.","species",,,72,98,2,7.4,1.62,,"g5rJEq0k/0nNX+T4moJmV2YbYul0bP1VmhFSJXZUo2Y=","e0g/DT/hi4sj5NO5YzyRB72hjYLFyy85",
"7b576ae7-8bed-4894-aba0-2af0e709233c","KONZ_069.basePlot.vst","2016-10-26","vst_KONZ_2016","D06","KONZ","KONZ_069","40",,"40_01","RHAR4","Rhus aromatica Aiton","species",,,100,90,10,21.0,1.66,,"p+l0R7+o0BMujrOEuQuJxVYKsiOTKnpJ","iq7r+K7zVrnuv4AA404AgFzhbma7sELOneHM1T36pZk=",
"1cb5d6ce-5964-429c-9927-d782d0fcf4d6","KONZ_054.basePlot.vst","2016-10-27","vst_KONZ_2016","D06","KONZ","KONZ_054","40","3","40_01","RHAR4","Rhus aromatica Aiton","species",,,100,75,25,1.6,1.00,,"Rrox/5DLJhV/NBTC7vrZFFNsjMpjyJvE","p+l0R7+o0BMujrOEuQuJxVYKsiOTKnpJ",
"edfb2775-6051-4526-b054-a1d6e1b49151","KONZ_057.basePlot.vst","2016-10-28","vst_KONZ_2016","D06","KONZ","KONZ_057","32",,"32_01","ROAR3","Rosa arkansana Porter","species",,,2,100,0,1.5,0.86,,"5iWmXCGg+z2BZwm+dzHZsOHJLaNEsURY","e0g/DT/hi4sj5NO5YzyRB72hjYLFyy85",
"5c4f8fc4-68d4-44d8-b6f6-8cc3dde9270c","KONZ_056.basePlot.vst","2016-10-28","vst_KONZ_2016","D06","KONZ","KONZ_056","31",,"31_01","CODR","Cornus drummondii C.A. Mey.","species",,,7,100,0,2.5,1.02,,"iq7r+K7zVrnuv4AA404AgFzhbma7sELOneHM1T36pZk=","uXSN77Q7x9cACyt+x8PEhxuBjTDRBKZV",
"2f2e1504-0f57-41b7-8078-b68fb7451b6b","KONZ_070.basePlot.vst","2016-10-28","vst_KONZ_2016","D06","KONZ","KONZ_070","31",,"31_02","RHAR4","Rhus aromatica Aiton","species",,,80,90,10,3.0,1.08,,"iq7r+K7zVrnuv4AA404AgFzhbma7sELOneHM1T36pZk=","uXSN77Q7x9cACyt+x8PEhxuBjTDRBKZV",
"22723ee9-6b9c-416e-ba5f-ff3a55b563a4","KONZ_057.basePlot.vst","2016-10-28","vst_KONZ_2016","D06","KONZ","KONZ_057","32",,"32_02","RHAR4","Rhus aromatica Aiton","species",,,92,98,2,1.7,1.08,,"5iWmXCGg+z2BZwm+dzHZsOHJLaNEsURY","e0g/DT/hi4sj5NO5YzyRB72hjYLFyy85",
"5bc2db0d-b3bf-4040-a402-36acf0336ec6","KONZ_070.basePlot.vst","2016-10-28","vst_KONZ_2016","D06","KONZ","KONZ_070","31",,"31_02","CODR","Cornus drummondii C.A. Mey.","species",,,20,80,20,3.0,1.08,,"iq7r+K7zVrnuv4AA404AgFzhbma7sELOneHM1T36pZk=","uXSN77Q7x9cACyt+x8PEhxuBjTDRBKZV",
"ed7590c7-badb-4980-ae60-dea3f18b1be9","KONZ_057.basePlot.vst","2016-10-28","vst_KONZ_2016","D06","KONZ","KONZ_057","32",,"32_01","CODR","Cornus drummondii C.A. Mey.","species",,,5,100,0,1.5,0.86,,"5iWmXCGg+z2BZwm+dzHZsOHJLaNEsURY","e0g/DT/hi4sj5NO5YzyRB72hjYLFyy85",
"b2b3a144-b01d-4f2d-b49a-4052be78c62d","KONZ_056.basePlot.vst","2016-10-28","vst_KONZ_2016","D06","KONZ","KONZ_056","31",,"31_01","RHAR4","Rhus aromatica Aiton","species",,,93,97,3,2.5,1.02,,"iq7r+K7zVrnuv4AA404AgFzhbma7sELOneHM1T36pZk=","uXSN77Q7x9cACyt+x8PEhxuBjTDRBKZV",
"93a6d6bf-c22f-419c-9451-0bd154859221","KONZ_070.basePlot.vst","2016-10-28","vst_KONZ_2016","D06","KONZ","KONZ_070","31",,"31_01","RHAR4","Rhus aromatica Aiton","species",,,40,80,20,3.0,1.24,,"iq7r+K7zVrnuv4AA404AgFzhbma7sELOneHM1T36pZk=","uXSN77Q7x9cACyt+x8PEhxuBjTDRBKZV",
"eb6cf711-ccfe-4391-8c63-957acab2897d","KONZ_070.basePlot.vst","2016-10-28","vst_KONZ_2016","D06","KONZ","KONZ_070","31",,"31_01","CODR","Cornus drummondii C.A. Mey.","species",,,60,70,30,3.0,1.24,,"iq7r+K7zVrnuv4AA404AgFzhbma7sELOneHM1T36pZk=","uXSN77Q7x9cACyt+x8PEhxuBjTDRBKZV",
"600c4dbf-675f-44b8-b766-e6f829e1c242","KONZ_070.basePlot.vst","2016-10-28","vst_KONZ_2016","D06","KONZ","KONZ_070","32",,"32_01","CODR","Cornus drummondii C.A. Mey.","species",,,45,85,15,3.0,1.22,,"iq7r+K7zVrnuv4AA404AgFzhbma7sELOneHM1T36pZk=","uXSN77Q7x9cACyt+x8PEhxuBjTDRBKZV",
"dd5326e6-717e-4a8b-983c-261108df4843","KONZ_070.basePlot.vst","2016-10-28","vst_KONZ_2016","D06","KONZ","KONZ_070","32",,"32_01","RHAR4","Rhus aromatica Aiton","species",,,55,90,10,3.0,1.22,,"iq7r+K7zVrnuv4AA404AgFzhbma7sELOneHM1T36pZk=","uXSN77Q7x9cACyt+x8PEhxuBjTDRBKZV",
"9368a1de-03aa-4361-bbff-9d2e68d58f21","KONZ_057.basePlot.vst","2016-10-28","vst_KONZ_2016","D06","KONZ","KONZ_057","32",,"32_02","CODR","Cornus drummondii C.A. Mey.","species",,,6,100,0,1.7,1.08,,"5iWmXCGg+z2BZwm+dzHZsOHJLaNEsURY","e0g/DT/hi4sj5NO5YzyRB72hjYLFyy85",
"7d7ee1b5-82b8-43c9-a405-181b51fd40a7","KONZ_057.basePlot.vst","2016-10-28","vst_KONZ_2016","D06","KONZ","KONZ_057","32",,"32_03","CODR","Cornus drummondii C.A. Mey.","species",,,20,100,0,1.0,0.96,,"5iWmXCGg+z2BZwm+dzHZsOHJLaNEsURY","e0g/DT/hi4sj5NO5YzyRB72hjYLFyy85",
"14d3bbf7-ae47-4b75-a30d-6f261901b23d","KONZ_057.basePlot.vst","2016-10-28","vst_KONZ_2016","D06","KONZ","KONZ_057","32",,"32_02","ROAR3","Rosa arkansana Porter","species",,,2,100,0,1.7,1.08,,"5iWmXCGg+z2BZwm+dzHZsOHJLaNEsURY","e0g/DT/hi4sj5NO5YzyRB72hjYLFyy85",
"e9637cab-9a9f-49b5-b190-1194e88af01c","KONZ_057.basePlot.vst","2016-10-28","vst_KONZ_2016","D06","KONZ","KONZ_057","32",,"32_03","ROAR3","Rosa arkansana Porter","species",,,5,100,0,1.0,0.96,,"5iWmXCGg+z2BZwm+dzHZsOHJLaNEsURY","e0g/DT/hi4sj5NO5YzyRB72hjYLFyy85",
"cafc44e9-75e3-472b-aad7-7baf9474e3cd","KONZ_057.basePlot.vst","2016-10-28","vst_KONZ_2016","D06","KONZ","KONZ_057","32",,"32_03","RHAR4","Rhus aromatica Aiton","species",,,75,95,5,1.0,0.96,,"5iWmXCGg+z2BZwm+dzHZsOHJLaNEsURY","e0g/DT/hi4sj5NO5YzyRB72hjYLFyy85",
"4db30f47-16f7-49d6-bdb4-1f52de640b57","KONZ_057.basePlot.vst","2016-10-28","vst_KONZ_2016","D06","KONZ","KONZ_057","32",,"32_01","RHAR4","Rhus aromatica Aiton","species",,,93,95,5,1.5,0.86,,"5iWmXCGg+z2BZwm+dzHZsOHJLaNEsURY","e0g/DT/hi4sj5NO5YzyRB72hjYLFyy85",
"8505ec08-6298-4074-88b7-79acf9ef780b","KONZ_042.basePlot.vst","2016-10-31","vst_KONZ_2016","D06","KONZ","KONZ_042","40",,"40_01","RHAR4","Rhus aromatica Aiton","species",,,25,65,35,37.0,1.48,,"g5rJEq0k/0nNX+T4moJmV2YbYul0bP1VmhFSJXZUo2Y=","5iWmXCGg+z2BZwm+dzHZsOHJLaNEsURY",
"3a584d9d-99db-42e2-8243-d4570bd4804b","KONZ_042.basePlot.vst","2016-10-31","vst_KONZ_2016","D06","KONZ","KONZ_042","32",,"32_02","CODR","Cornus drummondii C.A. Mey.","species",,,6,100,0,2.0,0.94,,"g5rJEq0k/0nNX+T4moJmV2YbYul0bP1VmhFSJXZUo2Y=","5iWmXCGg+z2BZwm+dzHZsOHJLaNEsURY",
"e7d189cf-869d-4e3c-9990-036444c2a4bc","KONZ_042.basePlot.vst","2016-10-31","vst_KONZ_2016","D06","KONZ","KONZ_042","41",,"41_02","ROAR3","Rosa arkansana Porter","species",,,1,100,0,13.0,1.54,,"g5rJEq0k/0nNX+T4moJmV2YbYul0bP1VmhFSJXZUo2Y=","5iWmXCGg+z2BZwm+dzHZsOHJLaNEsURY",
"0121bcf6-5594-4562-9156-9b83ea5f848d","KONZ_042.basePlot.vst","2016-10-31","vst_KONZ_2016","D06","KONZ","KONZ_042","31",,"31_02","RHAR4","Rhus aromatica Aiton","species",,,100,54,46,2.0,0.92,,"g5rJEq0k/0nNX+T4moJmV2YbYul0bP1VmhFSJXZUo2Y=","5iWmXCGg+z2BZwm+dzHZsOHJLaNEsURY",
"53e7eaa6-fb10-4336-8cb1-8d0ffced773b","KONZ_042.basePlot.vst","2016-10-31","vst_KONZ_2016","D06","KONZ","KONZ_042","31",,"31_03","CODR","Cornus drummondii C.A. Mey.","species",,,4,100,0,2.0,1.14,,"g5rJEq0k/0nNX+T4moJmV2YbYul0bP1VmhFSJXZUo2Y=","5iWmXCGg+z2BZwm+dzHZsOHJLaNEsURY",
"bfc12055-0e5a-43c7-a91a-3e3a63696eb1","KONZ_042.basePlot.vst","2016-10-31","vst_KONZ_2016","D06","KONZ","KONZ_042","31",,"31_01","CODR","Cornus drummondii C.A. Mey.","species",,,18,90,10,13.0,1.06,,"g5rJEq0k/0nNX+T4moJmV2YbYul0bP1VmhFSJXZUo2Y=","5iWmXCGg+z2BZwm+dzHZsOHJLaNEsURY",
"77ad81e0-b8b6-4a38-9036-ba95d5070178","KONZ_042.basePlot.vst","2016-10-31","vst_KONZ_2016","D06","KONZ","KONZ_042","41",,"41_02","RHAR4","Rhus aromatica Aiton","species",,,15,67,33,13.0,1.54,,"g5rJEq0k/0nNX+T4moJmV2YbYul0bP1VmhFSJXZUo2Y=","5iWmXCGg+z2BZwm+dzHZsOHJLaNEsURY",
"c453e798-c9e3-4caa-8032-70a7741309bb","KONZ_042.basePlot.vst","2016-10-31","vst_KONZ_2016","D06","KONZ","KONZ_042","41",,"41_01","SYOR","Symphoricarpos orbiculatus Moench","species",,,2,100,0,5.0,1.26,,"g5rJEq0k/0nNX+T4moJmV2YbYul0bP1VmhFSJXZUo2Y=","5iWmXCGg+z2BZwm+dzHZsOHJLaNEsURY",
"797fec9a-1cd8-43dd-8439-be4c9f3e4c55","KONZ_042.basePlot.vst","2016-10-31","vst_KONZ_2016","D06","KONZ","KONZ_042","41",,"41_01","RHAR4","Rhus aromatica Aiton","species",,,86,68,32,5.0,1.26,,"g5rJEq0k/0nNX+T4moJmV2YbYul0bP1VmhFSJXZUo2Y=","5iWmXCGg+z2BZwm+dzHZsOHJLaNEsURY",
"fb2e8e94-3dbd-40b5-9bfb-7187a7837247","KONZ_042.basePlot.vst","2016-10-31","vst_KONZ_2016","D06","KONZ","KONZ_042","32",,"32_01","CODR","Cornus drummondii C.A. Mey.","species",,,80,80,20,2.0,0.80,,"g5rJEq0k/0nNX+T4moJmV2YbYul0bP1VmhFSJXZUo2Y=","5iWmXCGg+z2BZwm+dzHZsOHJLaNEsURY",
"9117e783-cee2-4dc7-8a69-4dc138d6f227","KONZ_042.basePlot.vst","2016-10-31","vst_KONZ_2016","D06","KONZ","KONZ_042","31",,"31_01","RHAR4","Rhus aromatica Aiton","species",,,82,50,50,13.0,1.06,,"g5rJEq0k/0nNX+T4moJmV2YbYul0bP1VmhFSJXZUo2Y=","5iWmXCGg+z2BZwm+dzHZsOHJLaNEsURY",
"5b1a3c14-a8f3-4ec3-8da0-cd9cb386d52e","KONZ_042.basePlot.vst","2016-10-31","vst_KONZ_2016","D06","KONZ","KONZ_042","41",,"41_02","CODR","Cornus drummondii C.A. Mey.","species",,,84,70,30,13.0,1.54,,"g5rJEq0k/0nNX+T4moJmV2YbYul0bP1VmhFSJXZUo2Y=","5iWmXCGg+z2BZwm+dzHZsOHJLaNEsURY",
"21c4ea03-4443-48be-949e-ce9935dcf0b6","KONZ_042.basePlot.vst","2016-10-31","vst_KONZ_2016","D06","KONZ","KONZ_042","32",,"32_02","RHAR4","Rhus aromatica Aiton","species",,,94,45,55,2.0,0.94,,"g5rJEq0k/0nNX+T4moJmV2YbYul0bP1VmhFSJXZUo2Y=","5iWmXCGg+z2BZwm+dzHZsOHJLaNEsURY",
"6e66597a-c76f-4813-bc8a-3e0f3303b537","KONZ_042.basePlot.vst","2016-10-31","vst_KONZ_2016","D06","KONZ","KONZ_042","32",,"32_01","RHAR4","Rhus aromatica Aiton","species",,,20,40,60,2.0,0.80,,"g5rJEq0k/0nNX+T4moJmV2YbYul0bP1VmhFSJXZUo2Y=","5iWmXCGg+z2BZwm+dzHZsOHJLaNEsURY",
"32ca0a12-5c36-4fa2-9f23-55fbd553d07f","KONZ_042.basePlot.vst","2016-10-31","vst_KONZ_2016","D06","KONZ","KONZ_042","41",,"41_01","CODR","Cornus drummondii C.A. Mey.","species",,,12,99,1,5.0,1.26,,"g5rJEq0k/0nNX+T4moJmV2YbYul0bP1VmhFSJXZUo2Y=","5iWmXCGg+z2BZwm+dzHZsOHJLaNEsURY",
"42e48a54-1b83-452d-b4b8-7df548766470","KONZ_042.basePlot.vst","2016-10-31","vst_KONZ_2016","D06","KONZ","KONZ_042","31",,"31_03","RHAR4","Rhus aromatica Aiton","species",,,96,41,59,2.0,1.14,,"g5rJEq0k/0nNX+T4moJmV2YbYul0bP1VmhFSJXZUo2Y=","5iWmXCGg+z2BZwm+dzHZsOHJLaNEsURY",
"f7861d96-c33a-4725-a41b-e9b7d80f437d","KONZ_042.basePlot.vst","2016-10-31","vst_KONZ_2016","D06","KONZ","KONZ_042","40",,"40_01","CODR","Cornus drummondii C.A. Mey.","species",,,75,45,55,37.0,1.48,,"g5rJEq0k/0nNX+T4moJmV2YbYul0bP1VmhFSJXZUo2Y=","5iWmXCGg+z2BZwm+dzHZsOHJLaNEsURY",
