uid,namedLocation,domainID,siteID,plotID,plotType,nlcdClass,decimalLatitude,decimalLongitude,geodeticDatum,coordinateUncertainty,elevation,elevationUncertainty,collectDate,eventID,sampleID,sampleCode,samplingMethod,totalSampledArea,targetTaxaPresent,adultCount,nymphCount,larvaCount,sampleCondition,samplingProtocolVersion,measuredBy,remarks
"bf15f420-f3f1-45a9-8206-df4e8a442641","NIWO_006.tickPlot.tck","D13","NIWO","NIWO_006","distributed","grasslandHerbaceous",40.055786,-105.563006,"WGS84",20.1,3455.0,0.1,"2017-07-03T15:28Z","NIWO.2017.28",,,"drag",162,"N",0,0,0,,"NEON.DOC.014045vH","M7EpIfYzzITs8Y5PIRNBZjG1wPJDljoZp5tr4GwKmKc=",
"45be12a0-3193-4da8-b655-ac00e635c3e3","NIWO_003.tickPlot.tck","D13","NIWO","NIWO_003","distributed","grasslandHerbaceous",40.050268,-105.566230,"WGS84",20.1,3460.4,0.1,"2017-07-03T16:17Z","NIWO.2017.28",,,"drag",160,"N",0,0,0,,"NEON.DOC.014045vH","8GldvWi0HTbzjEnLSyJLTKMli6VzlJS8hhCMlPZNe+JFRb9CjP0D+w==",
"dac33b16-451e-45eb-a8d4-166491b7a221","NIWO_005.tickPlot.tck","D13","NIWO","NIWO_005","distributed","evergreenForest",40.043842,-105.571603,"WGS84",20.3,3285.9,0.4,"2017-07-03T18:02Z","NIWO.2017.28",,,"drag and flag",138,"N",0,0,0,,"NEON.DOC.014045vH","8GldvWi0HTbzjEnLSyJLTKMli6VzlJS8hhCMlPZNe+JFRb9CjP0D+w==","Did not sample 22m of marsh on transect"
"43f7b9fa-da02-495e-8ba3-7f38b0b2c81d","NIWO_017.tickPlot.tck","D13","NIWO","NIWO_017","distributed","evergreenForest",40.042252,-105.565951,"WGS84",20.2,3263.7,0.2,"2017-07-03T18:58Z","NIWO.2017.28",,,"drag and flag",132,"N",0,0,0,,"NEON.DOC.014045vH","/H9GLxVsm6UL9QBprOOj3Jwc0gjr4kCxj64qtwogMhk=","Sample area cut short due to rain"
"acf12229-7a80-4e0a-88a8-8657e968837f","NIWO_011.tickPlot.tck","D13","NIWO","NIWO_011","distributed","evergreenForest",40.035326,-105.554902,"WGS84",20.4,3103.3,0.4,"2017-07-05T15:30Z","NIWO.2017.28",,,"drag and flag",152,"N",0,0,0,,"NEON.DOC.014045vH","M7EpIfYzzITs8Y5PIRNBZjG1wPJDljoZp5tr4GwKmKc=",
"f2b010dc-091a-4fd3-bfb0-180c3a9baad7","NIWO_021.tickPlot.tck","D13","NIWO","NIWO_021","distributed","evergreenForest",40.041022,-105.541760,"WGS84",20.1,2976.6,0.1,"2017-07-05T16:52Z","NIWO.2017.28",,,"drag and flag",160,"N",0,0,0,,"NEON.DOC.014045vH","JUWO5gmfzwbX9BXfaYbJvjMa5YVXa9L5T/092eYFpVo=",
