uid,namedLocation,domainID,siteID,plotID,plotType,nlcdClass,decimalLatitude,decimalLongitude,geodeticDatum,coordinateUncertainty,elevation,elevationUncertainty,collectDate,eventID,sampleID,sampleCode,samplingMethod,totalSampledArea,targetTaxaPresent,adultCount,nymphCount,larvaCount,sampleCondition,samplingProtocolVersion,measuredBy,remarks
"46741902-e815-417d-b6ae-78dc83e71625","KONA_021.tickPlot.tck","D06","KONA","KONA_021","distributed","cultivatedCrops",39.125028,-96.643572,"WGS84",20.1,339.5,0.2,"2018-08-07T14:36Z","KONA.2018.32",,,"drag",160,"N",0,0,0,,"NEON.DOC.014045vJ","ryPwirbLIGP0z95AI2Ix9nYd6s942sQlUAwVL4UApoo=",
"83ac02bb-cb97-4592-9555-3c01371ca2f2","KONA_004.tickPlot.tck","D06","KONA","KONA_004","distributed","cultivatedCrops",39.125575,-96.637356,"WGS84",20.1,323.5,0.1,"2018-08-07T15:03Z","KONA.2018.32",,,"drag",160,"N",0,0,0,,"NEON.DOC.014045vJ","ryPwirbLIGP0z95AI2Ix9nYd6s942sQlUAwVL4UApoo=",
"adeae074-e8ce-4523-9b61-dbdb7ab47e52","KONA_002.tickPlot.tck","D06","KONA","KONA_002","distributed","cultivatedCrops",39.114235,-96.638612,"WGS84",20.1,324.7,0.1,"2018-08-07T15:27Z","KONA.2018.32",,,"drag",160,"N",0,0,0,,"NEON.DOC.014045vJ","ryPwirbLIGP0z95AI2Ix9nYd6s942sQlUAwVL4UApoo=",
"de0be462-3c96-4818-860f-29f779ce9a29","KONA_003.tickPlot.tck","D06","KONA","KONA_003","distributed","cultivatedCrops",39.214274,-96.600435,"WGS84",20.1,329.1,0.1,"2018-08-07T16:17Z","KONA.2018.32",,,"drag and flag",160,"N",0,0,0,,"NEON.DOC.014045vJ","d3pHA2OuzLJG5kLE5SIdC8P8dp0tl3w8vNiLiYqYT2g=",
"6558d11a-cf87-4876-a003-6b77ad2e4200","KONA_019.tickPlot.tck","D06","KONA","KONA_019","distributed","cultivatedCrops",39.211742,-96.590109,"WGS84",20.1,327.1,0.1,"2018-08-07T16:44Z","KONA.2018.32",,,"drag and flag",160,"N",0,0,0,,"NEON.DOC.014045vJ","ryPwirbLIGP0z95AI2Ix9nYd6s942sQlUAwVL4UApoo=",
"117f710d-5e41-4fd2-a502-f6852ffa6529","KONA_024.tickPlot.tck","D06","KONA","KONA_024","distributed","cultivatedCrops",39.208663,-96.595138,"WGS84",20.1,329.1,0.1,"2018-08-07T17:06Z","KONA.2018.32",,,"drag",160,"N",0,0,0,,"NEON.DOC.014045vJ","ryPwirbLIGP0z95AI2Ix9nYd6s942sQlUAwVL4UApoo=",
"1da1b9ae-c937-4db8-b01e-5847e3cdce4c","KONA_002.tickPlot.tck","D06","KONA","KONA_002","distributed","cultivatedCrops",39.114235,-96.638612,"WGS84",20.1,324.7,0.1,"2018-08-28T12:39Z","KONA.2018.35",,,"drag",160,"N",0,0,0,,"NEON.DOC.014045vJ","0QknftH/249Fzeup5XgxDmRFrswKMEXrpdiqA+dT0Pw=",
"919b0e32-58cb-4dda-8bac-a08122b47c77","KONA_004.tickPlot.tck","D06","KONA","KONA_004","distributed","cultivatedCrops",39.125575,-96.637356,"WGS84",20.1,323.5,0.1,"2018-08-28T13:04Z","KONA.2018.35",,,"drag and flag",160,"N",0,0,0,,"NEON.DOC.014045vJ","0QknftH/249Fzeup5XgxDmRFrswKMEXrpdiqA+dT0Pw=",
"5eb031ff-ffaf-42e9-a67d-657d614952e4","KONA_021.tickPlot.tck","D06","KONA","KONA_021","distributed","cultivatedCrops",39.125028,-96.643572,"WGS84",20.1,339.5,0.2,"2018-08-28T13:33Z","KONA.2018.35",,,"drag and flag",160,"N",0,0,0,,"NEON.DOC.014045vJ","0QknftH/249Fzeup5XgxDmRFrswKMEXrpdiqA+dT0Pw=",
"26188485-7072-4655-9a8a-9997a9b07ad0","KONA_003.tickPlot.tck","D06","KONA","KONA_003","distributed","cultivatedCrops",39.214274,-96.600435,"WGS84",20.1,329.1,0.1,"2018-08-28T14:26Z","KONA.2018.35",,,"flag",160,"N",0,0,0,,"NEON.DOC.014045vJ","0QknftH/249Fzeup5XgxDmRFrswKMEXrpdiqA+dT0Pw=",
"55cded30-03e1-4cbc-8f5d-2fff9c4c8bd5","KONA_019.tickPlot.tck","D06","KONA","KONA_019","distributed","cultivatedCrops",39.211742,-96.590109,"WGS84",20.1,327.1,0.1,"2018-08-28T14:54Z","KONA.2018.35",,,"flag",160,"N",0,0,0,,"NEON.DOC.014045vJ","0QknftH/249Fzeup5XgxDmRFrswKMEXrpdiqA+dT0Pw=",
"9d7a9a68-ba98-4742-a6a5-3956cb427950","KONA_024.tickPlot.tck","D06","KONA","KONA_024","distributed","cultivatedCrops",39.208663,-96.595138,"WGS84",20.1,329.1,0.1,"2018-08-28T15:14Z","KONA.2018.35",,,"drag",160,"N",0,0,0,,"NEON.DOC.014045vJ","0QknftH/249Fzeup5XgxDmRFrswKMEXrpdiqA+dT0Pw=",
