uid,namedLocation,plotID,collectDate,identifiedDate,sampleID,subsampleID,scientificName,acceptedTaxonID,taxonRank,family,subfamily,tribe,subtribe,genus,subgenus,specificEpithet,infraspecificEpithet,identificationQualifier,identificationReferences,identificationProtocolVersion,scientificNameAuthorship,sexOrAge,individualCount,sampleCondition,archiveMedium,archiveFacilityID,deprecatedVialID,identifiedBy,laboratoryName,remarks
"aa8e4036-d20f-4e28-8587-f150d361412a","OSBS_003.tickPlot.tck","OSBS_003","2017-08-08T14:43Z","2017-12-17T17:00Z","OSBS_003.20170808","OSBS_003.20170808.AMBAME.F","Amblyomma americanum","AMBAME","species","Ixodidae",,,,"Amblyomma",,"americanum",,,"Cooley, R. A. and G. M. Kohls. 1944. The genus Amblyomma (ixodidae) in the United States. The Journal of Parasitology, 30(2):77-111.","GSU_tickIdentification_SOP_2016-11-01.pdf","Linnaeus","Female",3,"OK","90% ethanol","USNMENT01358551","OSBS_003.20170808.01.AMBAME.F","Lorenza Beati","Georgia Southern University",
"5424326c-66bc-4e17-98f0-630077b86ecd","OSBS_003.tickPlot.tck","OSBS_003","2017-08-08T14:43Z","2017-09-17T16:00Z","OSBS_003.20170808","OSBS_003.20170808.AMBAME.M","Amblyomma americanum","AMBAME","species","Ixodidae",,,,"Amblyomma",,"americanum",,,"Cooley, R. A. and G. M. Kohls. 1944. The genus Amblyomma (ixodidae) in the United States. The Journal of Parasitology, 30(2):77-111.","GSU_tickIdentification_SOP_2016-11-01.pdf","Linnaeus","Male",1,"OK","90% ethanol","USNMENT01358552","OSBS_003.20170808.01.AMBAME.M","Guy Hobbs","Georgia Southern University","Over invoice limit, will not be billed."
"e3fbf0c6-e9db-46be-950e-b1852f919b39","OSBS_003.tickPlot.tck","OSBS_003","2017-08-08T14:43Z","2017-09-17T16:00Z","OSBS_003.20170808","OSBS_003.20170808.IXOSP.L","Ixodidae sp.","IXOSP","family","Ixodidae",,,,,,"sp.",,,,"GSU_tickIdentification_SOP_2016-11-01.pdf",,"Larva",1,"OK","90% ethanol","USNMENT01358554","OSBS_003.20170808.01.L","Guy Hobbs","Georgia Southern University","Over invoice limit, will not be billed."
"ee803b4b-ea5d-446e-ac3b-85d5463cedf3","OSBS_003.tickPlot.tck","OSBS_003","2017-08-08T14:43Z","2017-12-17T17:00Z","OSBS_003.20170808","OSBS_003.20170808.AMBAME.N","Amblyomma americanum","AMBAME","species","Ixodidae",,,,"Amblyomma",,"americanum",,,"Cooley, R. A. and G. M. Kohls. 1944. The genus Amblyomma (ixodidae) in the United States. The Journal of Parasitology, 30(2):77-111.","GSU_tickIdentification_SOP_2016-11-01.pdf","Linnaeus","Nymph",21,"OK","90% ethanol","USNMENT01358553","OSBS_003.20170808.01.AMBAME.N","Lorenza Beati","Georgia Southern University",
"0ea48fb4-7504-47d6-8aee-71047e0b11e7","OSBS_004.tickPlot.tck","OSBS_004","2017-08-08T16:47Z","2017-09-17T16:00Z","OSBS_004.20170808","OSBS_004.20170808.AMBSP.N","Amblyomma sp.","AMBSP","genus","Ixodidae",,,,"Amblyomma",,"sp.",,,,"GSU_tickIdentification_SOP_2016-11-01.pdf",,"Nymph",1,"OK","90% ethanol","USNMENT01358545","OSBS_004.20170808.01.AMB.N","Guy Hobbs","Georgia Southern University","Over invoice limit, will not be billed."
"61a45915-1d70-46c1-b34b-db907c77cb6f","OSBS_004.tickPlot.tck","OSBS_004","2017-08-08T16:47Z","2017-09-17T16:00Z","OSBS_004.20170808","OSBS_004.20170808.IXOSP.L","Ixodidae sp.","IXOSP","family","Ixodidae",,,,,,"sp.",,,,"GSU_tickIdentification_SOP_2016-11-01.pdf",,"Larva",1,"OK","90% ethanol","USNMENT01358546","OSBS_004.20170808.01.L","Guy Hobbs","Georgia Southern University",
"42e26ff0-70e1-4f1d-a5a9-a1eacb4d0235","OSBS_005.tickPlot.tck","OSBS_005","2017-08-08T18:42Z","2017-12-17T17:00Z","OSBS_005.20170808","OSBS_005.20170808.AMBAME.F","Amblyomma americanum","AMBAME","species","Ixodidae",,,,"Amblyomma",,"americanum",,,"Cooley, R. A. and G. M. Kohls. 1944. The genus Amblyomma (ixodidae) in the United States. The Journal of Parasitology, 30(2):77-111.","GSU_tickIdentification_SOP_2016-11-01.pdf","Linnaeus","Female",5,"OK","90% ethanol","USNMENT01358547","OSBS_005.20170808.01.AMBAME.F","Lorenza Beati","Georgia Southern University",
"82e50001-4cfb-4ba4-b48d-61984d453fcf","OSBS_005.tickPlot.tck","OSBS_005","2017-08-08T18:42Z","2017-09-17T16:00Z","OSBS_005.20170808","OSBS_005.20170808.IXOSP.L","Ixodidae sp.","IXOSP","family","Ixodidae",,,,,,"sp.",,,,"GSU_tickIdentification_SOP_2016-11-01.pdf",,"Larva",1,"OK","90% ethanol","USNMENT01358550","OSBS_005.20170808.01.L","Guy Hobbs","Georgia Southern University","add RML"
"74ebe596-643a-41de-9395-4c3dc2661f06","OSBS_005.tickPlot.tck","OSBS_005","2017-08-08T18:42Z","2017-12-17T17:00Z","OSBS_005.20170808","OSBS_005.20170808.AMBAME.N","Amblyomma americanum","AMBAME","species","Ixodidae",,,,"Amblyomma",,"americanum",,,"Cooley, R. A. and G. M. Kohls. 1944. The genus Amblyomma (ixodidae) in the United States. The Journal of Parasitology, 30(2):77-111.","GSU_tickIdentification_SOP_2016-11-01.pdf","Linnaeus","Nymph",18,"OK","90% ethanol","USNMENT01358549","OSBS_005.20170808.01.AMBAME.N","Lorenza Beati","Georgia Southern University",
"1eaae039-25ac-4b34-bec0-2cc9a7e06146","OSBS_005.tickPlot.tck","OSBS_005","2017-08-08T18:42Z","2017-09-17T16:00Z","OSBS_005.20170808","OSBS_005.20170808.AMBAME.M","Amblyomma americanum","AMBAME","species","Ixodidae",,,,"Amblyomma",,"americanum",,,"Cooley, R. A. and G. M. Kohls. 1944. The genus Amblyomma (ixodidae) in the United States. The Journal of Parasitology, 30(2):77-111.","GSU_tickIdentification_SOP_2016-11-01.pdf","Linnaeus","Male",1,"OK","90% ethanol","USNMENT01358548","OSBS_005.20170808.01.AMBAME.M","Guy Hobbs","Georgia Southern University","Over invoice limit, will not be billed."
"bef21cf2-47b9-4f39-ab17-1ebd391b7a7f","OSBS_005.tickPlot.tck","OSBS_005","2017-08-24T04:36Z","2017-12-13T17:00Z","OSBS_005.20170824","OSBS_005.20170824.AMBAME.F","Amblyomma americanum","AMBAME","species","Ixodidae",,,,"Amblyomma",,"americanum",,,"Cooley, R. A. and G. M. Kohls. 1944. The genus Amblyomma (ixodidae) in the United States. The Journal of Parasitology, 30(2):77-111.","GSU_tickIdentification_SOP_2016-11-01.pdf","Linnaeus","Female",3,"OK","90% ethanol","USNMENT01358777","OSBS_005.20170824.01.AMBAME.F","Lorenza Beati","Georgia Southern University",
"ddabb826-b64f-47b0-af1a-2cc0c25032a1","OSBS_005.tickPlot.tck","OSBS_005","2017-08-24T04:36Z","2017-10-13T16:00Z","OSBS_005.20170824","OSBS_005.20170824.IXOSP.L","Ixodidae sp.","IXOSP","family","Ixodidae",,,,,,"sp.",,,,"GSU_tickIdentification_SOP_2016-11-01.pdf",,"Larva",1,"OK","90% ethanol","USNMENT01358781","OSBS_005.20170824.02.L","Arianna Gibbs","Georgia Southern University",
"e7aaf66c-fcf3-49ce-a861-ed7083541ebd","OSBS_005.tickPlot.tck","OSBS_005","2017-08-24T04:36Z","2017-12-13T17:00Z","OSBS_005.20170824","OSBS_005.20170824.AMBAME.N","Amblyomma americanum","AMBAME","species","Ixodidae",,,,"Amblyomma",,"americanum",,,"Cooley, R. A. and G. M. Kohls. 1944. The genus Amblyomma (ixodidae) in the United States. The Journal of Parasitology, 30(2):77-111.","GSU_tickIdentification_SOP_2016-11-01.pdf","Linnaeus","Nymph",39,"OK","90% ethanol","USNMENT01358776","OSBS_005.20170824.01.AMBAME.N","Lorenza Beati","Georgia Southern University",
"81382dee-29bc-4a6a-9ac4-73564a07ee5f","OSBS_001.tickPlot.tck","OSBS_001","2017-08-24T14:59Z","2017-12-13T17:00Z","OSBS_001.20170824","OSBS_001.20170824.DERVAR.F","Dermacentor variabilis","DERVAR","species","Ixodidae",,,,"Dermacentor",,"variabilis",,,"Yunker, C. E., Keirans, J. E., Clifford, C. M., and E. R. Easton. 1986. Dermacentor ticks (Acari: Ixodoidea: Ixodidae) of the New World: a scanning electron microscope atlas. Proceedings of the Entomological Society of Washington, 88(4):609-627.","GSU_tickIdentification_SOP_2016-11-01.pdf","Say","Female",2,"OK","90% ethanol","USNMENT01358779","OSBS_001.20170824.01.DERVAR.F","Lorenza Beati","Georgia Southern University",
"0f16b8c9-d704-4128-8b29-8482b2cd745e","OSBS_001.tickPlot.tck","OSBS_001","2017-08-24T14:59Z","2017-12-13T17:00Z","OSBS_001.20170824","OSBS_001.20170824.IXOSP.N","Ixodidae sp.","IXOSP","family","Ixodidae",,,,,,"sp.",,,,"GSU_tickIdentification_SOP_2016-11-01.pdf",,"Nymph",17,"OK","90% ethanol","USNMENT01358778","OSBS_001.20170824.01.N","Lorenza Beati","Georgia Southern University",
"fd07500c-8125-4d05-9d0e-5b0bb908f305","OSBS_001.tickPlot.tck","OSBS_001","2017-08-24T14:59Z","2017-10-14T16:00Z","OSBS_001.20170824","OSBS_001.20170824.IXOSP.L","Ixodidae sp.","IXOSP","family","Ixodidae",,,,,,"sp.",,,,"GSU_tickIdentification_SOP_2016-11-01.pdf",,"Larva",1,"OK","90% ethanol","USNMENT01358795","OSBS_001.20170824.02.L","Arianna Gibbs","Georgia Southern University","Over invoice limit, will not be billed."
"611b70a9-ef80-456f-85bd-f66e0ac7caf8","OSBS_001.tickPlot.tck","OSBS_001","2017-08-24T14:59Z","2017-12-13T17:00Z","OSBS_001.20170824","OSBS_001.20170824.AMBAME.F","Amblyomma americanum","AMBAME","species","Ixodidae",,,,"Amblyomma",,"americanum",,,"Cooley, R. A. and G. M. Kohls. 1944. The genus Amblyomma (ixodidae) in the United States. The Journal of Parasitology, 30(2):77-111.","GSU_tickIdentification_SOP_2016-11-01.pdf","Linnaeus","Female",1,"OK","90% ethanol","USNMENT01358780","OSBS_001.20170824.01.AMBAME.F","Lorenza Beati","Georgia Southern University",
"cd6d3051-fc1b-4952-a0df-b3800ed96a1c","OSBS_022.tickPlot.tck","OSBS_022","2017-08-24T16:00Z","2017-12-10T17:00Z","OSBS_022.20170824","OSBS_022.20170824.DERVAR.F","Dermacentor variabilis","DERVAR","species","Ixodidae",,,,"Dermacentor",,"variabilis",,,"Yunker, C. E., Keirans, J. E., Clifford, C. M., and E. R. Easton. 1986. Dermacentor ticks (Acari: Ixodoidea: Ixodidae) of the New World: a scanning electron microscope atlas. Proceedings of the Entomological Society of Washington, 88(4):609-627.","GSU_tickIdentification_SOP_2016-11-01.pdf","Say","Female",2,"OK","90% ethanol","USNMENT01358752","OSBS_022.20170824.01.DERVAR.F","Lorenza Beati","Georgia Southern University",
