uid,namedLocation,domainID,siteID,plotID,plotType,nlcdClass,decimalLatitude,decimalLongitude,geodeticDatum,coordinateUncertainty,elevation,elevationUncertainty,collectDate,eventID,sampleID,sampleCode,samplingMethod,totalSampledArea,targetTaxaPresent,adultCount,nymphCount,larvaCount,sampleCondition,samplingProtocolVersion,measuredBy,remarks
"fe69dd89-a796-41cd-9552-3673e8020735","OSBS_022.tickPlot.tck","D03","OSBS","OSBS_022","distributed","emergentHerbaceousWetlands",29.688309,-81.961968,"WGS84",20.1,24.3,0.1,"2017-08-01T13:19Z","OSBS.2017.32","OSBS_022.20170801",,"drag and flag",160,"Y",2,0,0,"No known compromise","NEON.DOC.014045vH","K9OTaQ0zZCLKuSI2a22zmxo5JPNK03YOJDKl7AdSUww=",
"c0e55b45-63dc-4432-b853-f2733faf6c75","OSBS_001.tickPlot.tck","D03","OSBS","OSBS_001","distributed","woodyWetlands",29.704063,-82.008061,"WGS84",20.3,34.4,0.3,"2017-08-08T05:48Z","OSBS.2017.33","OSBS_001.20170808",,"drag and flag",155,"Y",6,10,405,"No known compromise","NEON.DOC.014045vH","q+sogNxuTpaaq3nt4H3feKdAxSnPr68l",
"ed662884-6415-4ba9-971c-ce7329baae3a","OSBS_002.tickPlot.tck","D03","OSBS","OSBS_002","distributed","evergreenForest",29.703661,-81.958365,"WGS84",20.1,35.8,0.2,"2017-08-08T13:53Z","OSBS.2017.33",,,"drag and flag",156,"N",0,0,0,,"NEON.DOC.014045vH","q+sogNxuTpaaq3nt4H3feKdAxSnPr68l",
"7c6aa620-3f92-40e9-beb9-7d826c295d6e","OSBS_003.tickPlot.tck","D03","OSBS","OSBS_003","distributed","evergreenForest",29.693693,-81.947010,"WGS84",20.3,38.2,0.5,"2017-08-08T14:43Z","OSBS.2017.33","OSBS_003.20170808",,"drag and flag",170,"Y",4,21,112,"No known compromise","NEON.DOC.014045vH","q+sogNxuTpaaq3nt4H3feKdAxSnPr68l",
"0796f56e-f635-4ef9-8f4d-73a78d8a8a1f","OSBS_022.tickPlot.tck","D03","OSBS","OSBS_022","distributed","emergentHerbaceousWetlands",29.688309,-81.961968,"WGS84",20.1,24.3,0.1,"2017-08-08T16:08Z","OSBS.2017.33",,,"drag and flag",150,"N",0,0,0,,"NEON.DOC.014045vH","q+sogNxuTpaaq3nt4H3feKdAxSnPr68l",
"744709d2-577b-4522-a576-6b4ff1cf9c58","OSBS_004.tickPlot.tck","D03","OSBS","OSBS_004","distributed","evergreenForest",29.683402,-81.960449,"WGS84",20.3,42.4,0.4,"2017-08-08T16:47Z","OSBS.2017.33","OSBS_004.20170808",,"drag and flag",159,"Y",0,1,2,"No known compromise","NEON.DOC.014045vH","q+sogNxuTpaaq3nt4H3feKdAxSnPr68l",
"bb9b1505-c10b-4cdb-a9fe-5cfc390f55be","OSBS_005.tickPlot.tck","D03","OSBS","OSBS_005","distributed","woodyWetlands",29.697923,-82.025623,"WGS84",20.4,36.0,1.2,"2017-08-08T18:42Z","OSBS.2017.33","OSBS_005.20170808",,"drag and flag",158,"Y",6,18,27,"No known compromise","NEON.DOC.014045vH","q+sogNxuTpaaq3nt4H3feKdAxSnPr68l",
"ca157b61-06e2-4b7a-8ef5-5e62b3c527bb","OSBS_002.tickPlot.tck","D03","OSBS","OSBS_002","distributed","evergreenForest",29.703661,-81.958365,"WGS84",20.1,35.8,0.2,"2017-08-22T15:47Z","OSBS.2017.35",,,"drag and flag",158,"N",0,0,0,,"NEON.DOC.014045vH","q+sogNxuTpaaq3nt4H3feKdAxSnPr68l",
"0c65979a-7ad7-4e44-ba3b-4be53520dc57","OSBS_004.tickPlot.tck","D03","OSBS","OSBS_004","distributed","evergreenForest",29.683402,-81.960449,"WGS84",20.3,42.4,0.4,"2017-08-22T16:59Z","OSBS.2017.35",,,"drag",160,"N",0,0,0,,"NEON.DOC.014045vH","WvXSfWD4ehCPp4x6qnD3+p3dnwrzoU8uG8F7IbYmNWU=",
"4337c7b0-91e7-4e78-a0a7-f1bc9586bc39","OSBS_005.tickPlot.tck","D03","OSBS","OSBS_005","distributed","woodyWetlands",29.697923,-82.025623,"WGS84",20.4,36.0,1.2,"2017-08-24T04:36Z","OSBS.2017.35","OSBS_005.20170824",,"drag and flag",162,"Y",3,43,50,"No known compromise","NEON.DOC.014045vH","q+sogNxuTpaaq3nt4H3feKdAxSnPr68l",
"7bb29a5a-0943-404d-83d2-080ee5576867","OSBS_003.tickPlot.tck","D03","OSBS","OSBS_003","distributed","evergreenForest",29.693693,-81.947010,"WGS84",20.3,38.2,0.5,"2017-08-24T04:59Z","OSBS.2017.35","OSBS_003.20170824",,"drag and flag",170,"Y",4,36,68,"No known compromise","NEON.DOC.014045vH","q+sogNxuTpaaq3nt4H3feKdAxSnPr68l",
"fb385231-beda-409d-b56c-0d666065eb25","OSBS_001.tickPlot.tck","D03","OSBS","OSBS_001","distributed","woodyWetlands",29.704063,-82.008061,"WGS84",20.3,34.4,0.3,"2017-08-24T14:59Z","OSBS.2017.35","OSBS_001.20170824",,"drag and flag",158,"Y",4,17,429,"No known compromise","NEON.DOC.014045vH","q+sogNxuTpaaq3nt4H3feKdAxSnPr68l",
"203ecfbc-491c-44c7-8c6a-ffd69f650aee","OSBS_022.tickPlot.tck","D03","OSBS","OSBS_022","distributed","emergentHerbaceousWetlands",29.688309,-81.961968,"WGS84",20.1,24.3,0.1,"2017-08-24T16:00Z","OSBS.2017.35","OSBS_022.20170824",,"drag and flag",150,"Y",2,0,0,"Distance estimated (described in remarks)","NEON.DOC.014045vH","K9OTaQ0zZCLKuSI2a22zmxo5JPNK03YOJDKl7AdSUww=","data was not recorded in field and only discovered upon shipment QC/QA. Time and distance had to be estimated. The SW corner of the plot was inundated with water and could not be sampled."
