uid,namedLocation,domainID,siteID,plotID,plotType,nlcdClass,decimalLatitude,decimalLongitude,geodeticDatum,coordinateUncertainty,elevation,elevationUncertainty,collectDate,eventID,sampleID,sampleCode,samplingMethod,totalSampledArea,targetTaxaPresent,adultCount,nymphCount,larvaCount,sampleCondition,samplingProtocolVersion,measuredBy,remarks
"f976ff3e-760e-4f92-bc1a-5d8adad0f61d","UKFS_002.tickPlot.tck","D06","UKFS","UKFS_002","distributed","deciduousForest",39.045892,-95.207026,"WGS84",20.1,316.0,0.2,"2017-04-11T06:21Z","UKFS.2017.16","UKFS_002.20170411",,"drag and flag",160,"Y",1,1,0,"No known compromise","NEON.DOC.014045vG","UiQJ6NC02X5uZEcYqJAeU1eiGY+Ji5h+",
"ea9b8d71-d813-4d21-9031-6fd16dbe1fa6","UKFS_018.tickPlot.tck","D06","UKFS","UKFS_018","distributed","grasslandHerbaceous",39.053205,-95.194659,"WGS84",20.1,325.8,0.1,"2017-04-11T15:11Z","UKFS.2017.15",,,"drag",160,"N",0,0,0,"No known compromise","NEON.DOC.014045vG","UiQJ6NC02X5uZEcYqJAeU1eiGY+Ji5h+",
"be61af4f-6123-4b59-9dac-92eb48302cb4","UKFS_003.tickPlot.tck","D06","UKFS","UKFS_003","distributed","deciduousForest",39.053769,-95.187084,"WGS84",20.1,323.1,0.1,"2017-04-11T15:43Z","UKFS.2017.16","UKFS_003.20170411",,"drag and flag",160,"Y",11,6,3,"No known compromise","NEON.DOC.014045vG","UiQJ6NC02X5uZEcYqJAeU1eiGY+Ji5h+",
"f2f5bce7-d08d-47f9-87d8-8421a7ea9f27","UKFS_004.tickPlot.tck","D06","UKFS","UKFS_004","distributed","deciduousForest",39.043188,-95.201000,"WGS84",20.1,320.0,0.2,"2017-04-11T17:08Z","UKFS.2017.16","UKFS_004.20170411",,"flag",160,"Y",4,7,0,"No known compromise","NEON.DOC.014045vG","UiQJ6NC02X5uZEcYqJAeU1eiGY+Ji5h+",
"daa40922-c721-4333-bd95-7ada3c167238","UKFS_030.tickPlot.tck","D06","UKFS","UKFS_030","distributed","grasslandHerbaceous",39.045115,-95.213433,"WGS84",20.1,321.9,0.1,"2017-04-11T19:03Z","UKFS.2017.15",,,"drag",160,"N",0,0,0,"No known compromise","NEON.DOC.014045vG","UiQJ6NC02X5uZEcYqJAeU1eiGY+Ji5h+",
"594ca52f-76af-40b5-9344-a0d376d33a80","UKFS_001.tickPlot.tck","D06","UKFS","UKFS_001","distributed","deciduousForest",39.037238,-95.198631,"WGS84",20.1,322.7,0.1,"2017-04-11T19:53Z","UKFS.2017.16","UKFS_001.20170411",,"drag and flag",160,"Y",17,16,0,"No known compromise","NEON.DOC.014045vG","UiQJ6NC02X5uZEcYqJAeU1eiGY+Ji5h+",
