uid,namedLocation,plotID,collectDate,identifiedDate,sampleID,subsampleID,scientificName,acceptedTaxonID,taxonRank,family,subfamily,tribe,subtribe,genus,subgenus,specificEpithet,infraspecificEpithet,identificationQualifier,identificationReferences,identificationProtocolVersion,scientificNameAuthorship,sexOrAge,individualCount,sampleCondition,archiveMedium,archiveFacilityID,deprecatedVialID,identifiedBy,laboratoryName,remarks
"4fc9d781-6784-463b-9e4d-5096c92e6290","UKFS_002.tickPlot.tck","UKFS_002","2017-04-11T06:21Z","2017-12-14T17:00Z","UKFS_002.20170411","UKFS_002.20170411.AMBSP.N","Amblyomma sp.","AMBSP","genus","Ixodidae",,,,"Amblyomma",,"sp.",,,,"GSU_tickIdentification_SOP_2016-11-01.pdf",,"Nymph",1,"OK","90% ethanol","1358211","UKFS_002.20170411.AMB.N","Lorenza Beati","Georgia Southern University","Over invoice limit, will not be billed."
"370349f9-fa13-4853-814f-537b22ccd16f","UKFS_002.tickPlot.tck","UKFS_002","2017-04-11T06:21Z","2017-12-14T17:00Z","UKFS_002.20170411","UKFS_002.20170411.AMBSP.M","Amblyomma sp.","AMBSP","genus","Ixodidae",,,,"Amblyomma",,"sp.",,,,"GSU_tickIdentification_SOP_2016-11-01.pdf",,"Male",1,"OK","90% ethanol","1358210","UKFS_002.20170411.AMB.M","Lorenza Beati","Georgia Southern University","Over invoice limit, will not be billed."
"598b8c4f-297e-4b4f-bee1-b4081da6ebee","UKFS_003.tickPlot.tck","UKFS_003","2017-04-11T15:43Z","2017-12-14T17:00Z","UKFS_003.20170411","UKFS_003.20170411.IXOSCA.M","Ixodes scapularis","IXOSCA","species","Ixodidae",,,,"Ixodes",,"scapularis",,,"Cooley, R. A. and G. M. Kohls. 1945. The genus Ixodes in North America. National Institute of Health Bulletin, 184.","GSU_tickIdentification_SOP_2016-11-01.pdf","Say","Male",1,"OK","90% ethanol","1358237","UKFS_003.20170411.IXOSCA.M","Lorenza Beati","Georgia Southern University",
"e8a8d0c9-d3bf-44fc-8496-250cf803aa53","UKFS_003.tickPlot.tck","UKFS_003","2017-04-11T15:43Z","2017-12-14T17:00Z","UKFS_003.20170411","UKFS_003.20170411.AMBAME.M","Amblyomma americanum","AMBAME","species","Ixodidae",,,,"Amblyomma",,"americanum",,,"Cooley, R. A. and G. M. Kohls. 1944. The genus Amblyomma (ixodidae) in the United States. The Journal of Parasitology, 30(2):77-111.","GSU_tickIdentification_SOP_2016-11-01.pdf","Linnaeus","Male",7,"OK","90% ethanol","1358236","UKFS_003.20170411.AMBAME.M","Lorenza Beati","Georgia Southern University",
"c0017776-ef39-4018-9f96-32c57666ec8c","UKFS_003.tickPlot.tck","UKFS_003","2017-04-11T15:43Z","2017-12-14T17:00Z","UKFS_003.20170411","UKFS_003.20170411.AMBSP.N","Amblyomma sp.","AMBSP","genus","Ixodidae",,,,"Amblyomma",,"sp.",,,,"GSU_tickIdentification_SOP_2016-11-01.pdf",,"Nymph",6,"OK","90% ethanol","1358235","UKFS_003.20170411.AMB.N","Lorenza Beati","Georgia Southern University","Over invoice limit, will not be billed."
"323f7ce6-5aa8-49b3-90a1-75b7db1dc9ed","UKFS_003.tickPlot.tck","UKFS_003","2017-04-11T15:43Z","2017-12-14T17:00Z","UKFS_003.20170411","UKFS_003.20170411.AMBSP.F","Amblyomma sp.","AMBSP","genus","Ixodidae",,,,"Amblyomma",,"sp.",,,,"GSU_tickIdentification_SOP_2016-11-01.pdf",,"Female",3,"OK","90% ethanol","1358238","UKFS_003.20170411.AMB.F","Lorenza Beati","Georgia Southern University","Over invoice limit, will not be billed."
"614cfca5-ae86-4840-b683-34943803e14a","UKFS_003.tickPlot.tck","UKFS_003","2017-04-11T15:43Z","2017-07-14T16:00Z","UKFS_003.20170411","UKFS_003.20170411.IXOSP.L","Ixodidae sp.","IXOSP","family","Ixodidae",,,,,,"sp.",,,,"GSU_tickIdentification_SOP_2016-11-01.pdf",,"Larva",1,"OK","90% ethanol","1358244","UKFS_003.20170411.L","Guy Hobbs","Georgia Southern University","Over invoice limit, will not be billed."
"6c4191c1-8a97-4323-a400-78c3399a553b","UKFS_004.tickPlot.tck","UKFS_004","2017-04-11T17:08Z","2017-12-14T17:00Z","UKFS_004.20170411","UKFS_004.20170411.AMBAME.N","Amblyomma americanum","AMBAME","species","Ixodidae",,,,"Amblyomma",,"americanum",,,"Cooley, R. A. and G. M. Kohls. 1944. The genus Amblyomma (ixodidae) in the United States. The Journal of Parasitology, 30(2):77-111.","GSU_tickIdentification_SOP_2016-11-01.pdf","Linnaeus","Nymph",7,"OK","90% ethanol","1358230","UKFS_004.20170411.AMBAME.N","Lorenza Beati","Georgia Southern University",
"836e9539-710f-4f07-8964-006773517b90","UKFS_004.tickPlot.tck","UKFS_004","2017-04-11T17:08Z","2017-12-14T17:00Z","UKFS_004.20170411","UKFS_004.20170411.AMBAME.F","Amblyomma americanum","AMBAME","species","Ixodidae",,,,"Amblyomma",,"americanum",,,"Cooley, R. A. and G. M. Kohls. 1944. The genus Amblyomma (ixodidae) in the United States. The Journal of Parasitology, 30(2):77-111.","GSU_tickIdentification_SOP_2016-11-01.pdf","Linnaeus","Female",2,"OK","90% ethanol","1358239","UKFS_004.20170411.AMBAME.F","Lorenza Beati","Georgia Southern University",
"73a66137-c3c1-477c-903f-9faf1499ebe2","UKFS_004.tickPlot.tck","UKFS_004","2017-04-11T17:08Z","2017-12-14T17:00Z","UKFS_004.20170411","UKFS_004.20170411.AMBSP.M","Amblyomma sp.","AMBSP","genus","Ixodidae",,,,"Amblyomma",,"sp.",,,,"GSU_tickIdentification_SOP_2016-11-01.pdf",,"Male",2,"OK","90% ethanol","1358243","UKFS_004.20170411.AMB.M","Lorenza Beati","Georgia Southern University","Over invoice limit, will not be billed."
"95cacb91-d5fb-4523-a72f-66fb9a15a889","UKFS_001.tickPlot.tck","UKFS_001","2017-04-11T19:53Z","2017-12-14T17:00Z","UKFS_001.20170411","UKFS_001.20170411.AMBAME.N","Amblyomma americanum","AMBAME","species","Ixodidae",,,,"Amblyomma",,"americanum",,,"Cooley, R. A. and G. M. Kohls. 1944. The genus Amblyomma (ixodidae) in the United States. The Journal of Parasitology, 30(2):77-111.","GSU_tickIdentification_SOP_2016-11-01.pdf","Linnaeus","Nymph",15,"OK","90% ethanol","1358242","UKFS_001.20170411.AMBAME.N","Lorenza Beati","Georgia Southern University",
"a826c510-3afb-49a0-a1dd-c439f1ddf688","UKFS_001.tickPlot.tck","UKFS_001","2017-04-11T19:53Z","2017-12-14T17:00Z","UKFS_001.20170411","UKFS_001.20170411.AMBSP.F","Amblyomma sp.","AMBSP","genus","Ixodidae",,,,"Amblyomma",,"sp.",,,,"GSU_tickIdentification_SOP_2016-11-01.pdf",,"Female",2,"OK","90% ethanol","1358241","UKFS_001.20170411.AMB.F","Lorenza Beati","Georgia Southern University","Over invoice limit, will not be billed."
"7be7667d-cc11-4c57-b1ed-e6b36e3a5705","UKFS_001.tickPlot.tck","UKFS_001","2017-04-11T19:53Z","2017-12-14T17:00Z","UKFS_001.20170411","UKFS_001.20170411.AMBSP.M","Amblyomma sp.","AMBSP","genus","Ixodidae",,,,"Amblyomma",,"sp.",,,,"GSU_tickIdentification_SOP_2016-11-01.pdf",,"Male",15,"OK","90% ethanol","1358240","UKFS_001.20170411.AMB.M","Lorenza Beati","Georgia Southern University","Over invoice limit, will not be billed."
