uid,namedLocation,plotID,collectDate,identifiedDate,sampleID,subsampleID,scientificName,acceptedTaxonID,taxonRank,family,subfamily,tribe,subtribe,genus,subgenus,specificEpithet,infraspecificEpithet,identificationQualifier,identificationReferences,identificationProtocolVersion,scientificNameAuthorship,sexOrAge,individualCount,sampleCondition,archiveMedium,archiveFacilityID,deprecatedVialID,identifiedBy,laboratoryName,remarks
"9c344851-2e63-4cae-bc2e-619508de0756","LENO_003.tickPlot.tck","LENO_003","2016-09-06T17:33Z","2017-06-01T16:00Z","LENO_003.20160906","LENO_003.20160906.AMBAME.N","Amblyomma americanum","AMBAME","species","Ixodidae",,,,"Amblyomma",,"americanum",,,"Cooley, R. A. and G. M. Kohls. 1944. The genus Amblyomma (ixodidae) in the United States. The Journal of Parasitology, 30(2):77-111.","GSU_tickIdentification_SOP_2016-11-01.pdf","Linnaeus","Nymph",14,"OK","RNA stabilization buffer","USNMENT00984202","LENO_003.20160906.01.AMBAME.N","Lorenza Beati","Georgia Southern University",
"98122dbf-0cd6-45fc-b1fe-ff02ca14567b","LENO_003.tickPlot.tck","LENO_003","2016-09-06T17:33Z","2017-04-06T16:00Z","LENO_003.20160906","LENO_003.20160906.IXOSP.L","Ixodidae sp.","IXOSP","family","Ixodidae",,,,,,"sp.",,,,"GSU_tickIdentification_SOP_2016-11-01.pdf",,"Larva",1,"OK","RNA stabilization buffer","USNMENT00984203","LENO_003.20160906.01.L","Arianna Gibbs","Georgia Southern University",
"3b996321-13b6-4cc3-97e0-1386f46dbef2","LENO_023.tickPlot.tck","LENO_023","2016-09-06T18:43Z","2017-06-01T16:00Z","LENO_023.20160906","LENO_023.20160906.AMBAME.N","Amblyomma americanum","AMBAME","species","Ixodidae",,,,"Amblyomma",,"americanum",,,"Cooley, R. A. and G. M. Kohls. 1944. The genus Amblyomma (ixodidae) in the United States. The Journal of Parasitology, 30(2):77-111.","GSU_tickIdentification_SOP_2016-11-01.pdf","Linnaeus","Nymph",6,"OK","RNA stabilization buffer","USNMENT00984183","LENO_023.20160906.01.AMBAME.N","Lorenza Beati","Georgia Southern University",
"9ea747f7-bae9-49bc-9365-d69c56b39276","LENO_023.tickPlot.tck","LENO_023","2016-09-06T18:43Z","2017-04-04T16:00Z","LENO_023.20160906","LENO_023.20160906.IXOSP.L","Ixodidae sp.","IXOSP","family","Ixodidae",,,,,,"sp.",,,,"GSU_tickIdentification_SOP_2016-11-01.pdf",,"Larva",1,"OK","RNA stabilization buffer","USNMENT00984184","LENO_023.20160906.01.L","Arianna Gibbs","Georgia Southern University",
"9693b12c-6f9f-4386-b868-096bc0455eea","LENO_042.tickPlot.tck","LENO_042","2016-09-06T20:05Z","2017-06-05T16:00Z","LENO_042.20160906","LENO_042.20160906.IXOSCA.N","Ixodes scapularis","IXOSCA","species","Ixodidae",,,,"Ixodes",,"scapularis",,,"Cooley, R. A. and G. M. Kohls. 1945. The genus Ixodes in North America. National Institute of Health Bulletin, 184.","GSU_tickIdentification_SOP_2016-11-01.pdf","Say","Nymph",2,"OK","RNA stabilization buffer","USNMENT00984204","LENO_042.20160906.01.IXOSCA.N","Lorenza Beati","Georgia Southern University",
"100bf4d7-5eb9-4f58-a880-b0b68b7c8a35","LENO_042.tickPlot.tck","LENO_042","2016-09-06T20:05Z","2017-06-05T16:00Z","LENO_042.20160906","LENO_042.20160906.AMBAME.N","Amblyomma americanum","AMBAME","species","Ixodidae",,,,"Amblyomma",,"americanum",,,"Cooley, R. A. and G. M. Kohls. 1944. The genus Amblyomma (ixodidae) in the United States. The Journal of Parasitology, 30(2):77-111.","GSU_tickIdentification_SOP_2016-11-01.pdf","Linnaeus","Nymph",3,"OK","RNA stabilization buffer","USNMENT00984205","LENO_042.20160906.01.AMBAME.N","Lorenza Beati","Georgia Southern University",
"a4374258-5af2-417a-8063-8baef9f3ee81","LENO_004.tickPlot.tck","LENO_004","2016-09-20T14:37Z","2017-06-01T16:00Z","LENO_004.20160920","LENO_004.20160920.AMBAME.N","Amblyomma americanum","AMBAME","species","Ixodidae",,,,"Amblyomma",,"americanum",,,"Cooley, R. A. and G. M. Kohls. 1944. The genus Amblyomma (ixodidae) in the United States. The Journal of Parasitology, 30(2):77-111.","GSU_tickIdentification_SOP_2016-11-01.pdf","Linnaeus","Nymph",1,"OK","RNA stabilization buffer","USNMENT00984209","LENO_004.20160920.01.AMBAME.N","Lorenza Beati","Georgia Southern University",
"d2957ec8-3b68-4b3f-b9ff-9420a72910ac","LENO_042.tickPlot.tck","LENO_042","2016-09-20T15:27Z","2017-06-05T16:00Z","LENO_042.20160920","LENO_042.20160920.AMBAME.N","Amblyomma americanum","AMBAME","species","Ixodidae",,,,"Amblyomma",,"americanum",,,"Cooley, R. A. and G. M. Kohls. 1944. The genus Amblyomma (ixodidae) in the United States. The Journal of Parasitology, 30(2):77-111.","GSU_tickIdentification_SOP_2016-11-01.pdf","Linnaeus","Nymph",1,"OK","RNA stabilization buffer","USNMENT00984211","LENO_042.20160920.01.AMBAME.N","Lorenza Beati","Georgia Southern University",
"471a69b7-7cd0-46a6-aa6a-7fc1f04b0443","LENO_042.tickPlot.tck","LENO_042","2016-09-20T15:27Z","2017-06-05T16:00Z","LENO_042.20160920","LENO_042.20160920.IXOSCA.N","Ixodes scapularis","IXOSCA","species","Ixodidae",,,,"Ixodes",,"scapularis",,,"Cooley, R. A. and G. M. Kohls. 1945. The genus Ixodes in North America. National Institute of Health Bulletin, 184.","GSU_tickIdentification_SOP_2016-11-01.pdf","Say","Nymph",1,"OK","RNA stabilization buffer","USNMENT00984212","LENO_042.20160920.01.IXOSCA.N","Lorenza Beati","Georgia Southern University",
"97edb217-bd1b-4b15-ab85-43c44d31c86f","LENO_002.tickPlot.tck","LENO_002","2016-09-20T16:08Z","2017-06-01T16:00Z","LENO_002.20160920","LENO_002.20160920.AMBAME.N","Amblyomma americanum","AMBAME","species","Ixodidae",,,,"Amblyomma",,"americanum",,,"Cooley, R. A. and G. M. Kohls. 1944. The genus Amblyomma (ixodidae) in the United States. The Journal of Parasitology, 30(2):77-111.","GSU_tickIdentification_SOP_2016-11-01.pdf","Linnaeus","Nymph",3,"OK","RNA stabilization buffer","USNMENT00984208","LENO_002.20160920.01.AMBAME.N","Lorenza Beati","Georgia Southern University",
"3ddba3e2-6b1d-4a9d-8082-4e44685783d9","LENO_003.tickPlot.tck","LENO_003","2016-09-20T16:54Z","2017-06-01T16:00Z","LENO_003.20160920","LENO_003.20160920.AMBAME.N","Amblyomma americanum","AMBAME","species","Ixodidae",,,,"Amblyomma",,"americanum",,,"Cooley, R. A. and G. M. Kohls. 1944. The genus Amblyomma (ixodidae) in the United States. The Journal of Parasitology, 30(2):77-111.","GSU_tickIdentification_SOP_2016-11-01.pdf","Linnaeus","Nymph",9,"OK","RNA stabilization buffer","USNMENT00984210","LENO_003.20160920.01.AMBAME.N","Lorenza Beati","Georgia Southern University",
