uid,namedLocation,domainID,siteID,plotID,plotType,nlcdClass,decimalLatitude,decimalLongitude,geodeticDatum,coordinateUncertainty,elevation,elevationUncertainty,collectDate,eventID,sampleID,sampleCode,samplingMethod,totalSampledArea,targetTaxaPresent,adultCount,nymphCount,larvaCount,sampleCondition,samplingProtocolVersion,measuredBy,remarks
"23fe2f88-036f-4fc6-b5f0-9ed74066cff2","LENO_004.tickPlot.tck","D08","LENO","LENO_004","distributed","woodyWetlands",31.822376,-88.181956,"WGS84",20.2,12.5,0.2,"2016-09-06T14:28Z","LENO.2016.36",,,"drag",120,"N",0,0,0,"No known compromise","NEON.DOC.014045vG","5ex9KfzuuBDXjbYUlJ1A9GMGGuz04WrJpLRu45pxUUU=",
"4bdb31b1-4a8b-4ed4-b641-1d232d69d339","LENO_015.tickPlot.tck","D08","LENO","LENO_015","distributed","woodyWetlands",31.817299,-88.191485,"WGS84",20.5,14.2,0.8,"2016-09-06T15:22Z","LENO.2016.36",,,"drag",160,"N",0,0,0,"No known compromise","NEON.DOC.014045vG","5ex9KfzuuBDXjbYUlJ1A9GMGGuz04WrJpLRu45pxUUU=",
"0980f2ae-a25d-4c68-b9ea-3226c5f3a53e","LENO_002.tickPlot.tck","D08","LENO","LENO_002","distributed","woodyWetlands",31.806282,-88.195216,"WGS84",20.2,16.8,0.2,"2016-09-06T16:32Z","LENO.2016.36",,,"drag",160,"N",0,0,0,"No known compromise","NEON.DOC.014045vG","5ex9KfzuuBDXjbYUlJ1A9GMGGuz04WrJpLRu45pxUUU=",
"882b7c3d-c87d-4929-83bb-fb5e4f8ddd62","LENO_003.tickPlot.tck","D08","LENO","LENO_003","distributed","deciduousForest",31.809581,-88.187553,"WGS84",20.2,15.4,0.4,"2016-09-06T17:33Z","LENO.2016.36","LENO_003.20160906",,"drag",160,"Y",0,14,23,"No known compromise","NEON.DOC.014045vG","0ShTL6IaUenIl8UIrFus2FxL7Gs6+tXJU6TiW3z61Vg=",
"eac88508-7bd9-4e4a-a193-e0b132621e7b","LENO_023.tickPlot.tck","D08","LENO","LENO_023","distributed","deciduousForest",31.809463,-88.181417,"WGS84",20.2,11.6,0.2,"2016-09-06T18:43Z","LENO.2016.36","LENO_023.20160906",,"drag",160,"Y",0,6,73,"No known compromise","NEON.DOC.014045vG","0ShTL6IaUenIl8UIrFus2FxL7Gs6+tXJU6TiW3z61Vg=",
"78075454-dff6-43f4-8167-5cfc2f9852fe","LENO_042.tickPlot.tck","D08","LENO","LENO_042","distributed","woodyWetlands",31.817825,-88.182881,"WGS84",20.2,14.6,0.3,"2016-09-06T20:05Z","LENO.2016.36","LENO_042.20160906",,"drag",160,"Y",0,5,0,"No known compromise","NEON.DOC.014045vG","0ShTL6IaUenIl8UIrFus2FxL7Gs6+tXJU6TiW3z61Vg=",
"aecd6ea9-9912-4b64-9e42-3b4e42087d33","LENO_004.tickPlot.tck","D08","LENO","LENO_004","distributed","woodyWetlands",31.822376,-88.181956,"WGS84",20.2,12.5,0.2,"2016-09-20T14:37Z","LENO.2016.38","LENO_004.20160920",,"drag",160,"Y",0,1,0,"No known compromise","NEON.DOC.014045vG","2UFG2QdEDMcJxcx0vKz5FjHy9sBCqsDJ",
"27d59bf1-990a-43b5-8f7d-814b6989bd6e","LENO_042.tickPlot.tck","D08","LENO","LENO_042","distributed","woodyWetlands",31.817825,-88.182881,"WGS84",20.2,14.6,0.3,"2016-09-20T15:27Z","LENO.2016.38","LENO_042.20160920",,"drag and flag",160,"Y",0,2,0,"No known compromise","NEON.DOC.014045vG","2UFG2QdEDMcJxcx0vKz5FjHy9sBCqsDJ",
"1dc9fdbd-0630-4f54-b1ed-c8247b44a121","LENO_002.tickPlot.tck","D08","LENO","LENO_002","distributed","woodyWetlands",31.806282,-88.195216,"WGS84",20.2,16.8,0.2,"2016-09-20T16:08Z","LENO.2016.38","LENO_002.20160920",,"drag",160,"Y",0,3,0,"No known compromise","NEON.DOC.014045vG","2UFG2QdEDMcJxcx0vKz5FjHy9sBCqsDJ",
"b9c847fc-974e-46af-8f29-d7dcee6d103b","LENO_003.tickPlot.tck","D08","LENO","LENO_003","distributed","deciduousForest",31.809581,-88.187553,"WGS84",20.2,15.4,0.4,"2016-09-20T16:54Z","LENO.2016.38","LENO_003.20160920",,"drag",160,"Y",0,8,0,"No known compromise","NEON.DOC.014045vG","2UFG2QdEDMcJxcx0vKz5FjHy9sBCqsDJ",
"58228108-fafd-4660-b124-6b263e9910e5","LENO_023.tickPlot.tck","D08","LENO","LENO_023","distributed","deciduousForest",31.809463,-88.181417,"WGS84",20.2,11.6,0.2,"2016-09-20T17:38Z","LENO.2016.38","LENO_023.20160920",,"drag",160,"Y",0,3,0,"No known compromise","NEON.DOC.014045vG","2UFG2QdEDMcJxcx0vKz5FjHy9sBCqsDJ",
"078a37d8-1fca-44af-a888-1e023a0538a8","LENO_015.tickPlot.tck","D08","LENO","LENO_015","distributed","woodyWetlands",31.817299,-88.191485,"WGS84",20.5,14.2,0.8,"2016-09-20T18:24Z","LENO.2016.38",,,"drag",160,"N",0,0,0,"No known compromise","NEON.DOC.014045vG","2UFG2QdEDMcJxcx0vKz5FjHy9sBCqsDJ",
