uid,namedLocation,domainID,siteID,plotID,plotType,nlcdClass,decimalLatitude,decimalLongitude,geodeticDatum,coordinateUncertainty,elevation,elevationUncertainty,collectDate,eventID,sampleID,sampleCode,samplingMethod,totalSampledArea,targetTaxaPresent,adultCount,nymphCount,larvaCount,sampleCondition,samplingProtocolVersion,measuredBy,remarks
"1a8c2d67-3a3d-485c-9cd8-f063f435d48e","JORN_006.tickPlot.tck","D14","JORN","JORN_006","distributed","shrubScrub",32.591754,-106.825128,"WGS84",20.1,1323.4,0.1,"2018-09-04T13:10Z","JORN.2018.36",,,"drag",157,"N",0,0,0,,"NEON.DOC.014045vJ","u3HxlUyvicQZN3Mh3mzCP4F/ydRVnyGOI11eQPILJdg=",
"60e0296c-0c85-417b-b365-de56fd904333","JORN_004.tickPlot.tck","D14","JORN","JORN_004","distributed","shrubScrub",32.629997,-106.859194,"WGS84",20.1,1332.6,0.1,"2018-09-04T13:39Z","JORN.2018.36",,,"drag",150,"N",0,0,0,,"NEON.DOC.014045vJ","47fmII3dmbwIJec1dxdwyBiGTksx4UMrFdhMVXVxQHE=",
"bf1c112d-6b1a-4311-a9c2-417a06e7c86c","JORN_002.tickPlot.tck","D14","JORN","JORN_002","distributed","shrubScrub",32.612341,-106.827225,"WGS84",20.1,1328.9,0.1,"2018-09-04T15:21Z","JORN.2018.36",,,"drag and flag",142,"N",0,0,0,,"NEON.DOC.014045vJ","47fmII3dmbwIJec1dxdwyBiGTksx4UMrFdhMVXVxQHE=","Skipped 18 meters"
"f24b5d9f-6135-4ad1-9383-a220ec79d5c4","JORN_003.tickPlot.tck","D14","JORN","JORN_003","distributed","shrubScrub",32.599768,-106.839372,"WGS84",20.1,1321.1,0.1,"2018-09-04T15:42Z","JORN.2018.36",,,"drag",163,"N",0,0,0,,"NEON.DOC.014045vJ","u3HxlUyvicQZN3Mh3mzCP4F/ydRVnyGOI11eQPILJdg=",
"94a26425-269c-4d73-a4cc-effc09223491","JORN_001.tickPlot.tck","D14","JORN","JORN_001","distributed","shrubScrub",32.603710,-106.801348,"WGS84",20.1,1323.4,0.1,"2018-09-04T16:26Z","JORN.2018.36",,,"drag and flag",140,"N",0,0,0,,"NEON.DOC.014045vJ","47fmII3dmbwIJec1dxdwyBiGTksx4UMrFdhMVXVxQHE=","Skipped 20 meters"
"952f4673-b030-47fd-9bc4-d69fe005b4bc","JORN_005.tickPlot.tck","D14","JORN","JORN_005","distributed","shrubScrub",32.575619,-106.801784,"WGS84",20.1,1324.8,0.2,"2018-09-04T17:18Z","JORN.2018.36",,,"drag and flag",164,"N",0,0,0,,"NEON.DOC.014045vJ","u3HxlUyvicQZN3Mh3mzCP4F/ydRVnyGOI11eQPILJdg=",
