uid,namedLocation,date,domainID,siteID,plotID,plotType,nlcdClass,decimalLatitude,decimalLongitude,geodeticDatum,coordinateUncertainty,easting,northing,utmZone,elevation,elevationUncertainty,eventID,samplingProtocolVersion,treesPresent,treesAbsentList,shrubsPresent,shrubsAbsentList,lianasPresent,lianasAbsentList,nestedSubplotAreaShrubSapling,nestedSubplotAreaLiana,totalSampledAreaTrees,totalSampledAreaShrubSapling,totalSampledAreaLiana,remarks,measuredBy,recordedBy,dataQF
"190d4443-c324-41b2-b898-c200fedb4c8b","BART_047.basePlot.vst","2015-07-16","D01","BART","BART_047","tower","deciduousForest",44.064958,-71.290866,"WGS84",20.2,316530.69,4881639.21,"19N",266.9,0.3,"vst_BART_2015","NEON.DOC.000987vD",,,,,,,"100","noneSelected",800,400,800,,"zODC+zTh3jdHKFo7lDoQcuNYRkWsGu3I","XdV86USKkiYZfb6rmwpnK/f2Yah5qnQO","legacyData"
"6fe52189-18f0-4995-9533-06944caa90bd","BART_047.basePlot.vst","2015-07-21","D01","BART","BART_047","tower","deciduousForest",44.064958,-71.290866,"WGS84",20.2,316530.69,4881639.21,"19N",266.9,0.3,"vst_BART_2015","NEON.DOC.000987vD",,,,,,,"100","noneSelected",800,400,800,,"zODC+zTh3jdHKFo7lDoQcuNYRkWsGu3I","XdV86USKkiYZfb6rmwpnK/f2Yah5qnQO","legacyData"
"988c9876-4358-4b85-a412-3ae1de7844f6","BART_034.basePlot.vst","2015-07-22","D01","BART","BART_034","tower","mixedForest",44.064283,-71.285609,"WGS84",20.2,316949.64,4881552.53,"19N",267.5,0.3,"vst_BART_2015","NEON.DOC.000987vD",,,,,,,"100","noneSelected",800,400,800,,"0uwWHUCkGoRVT9RpJxngFjI8cZrsFWgn","bWvVSKjgptV89BwHA3h10JNaeV+PHmDU","legacyData"
"e8dd8847-5983-42e5-b17a-19e33bf55441","BART_041.basePlot.vst","2015-07-22","D01","BART","BART_041","tower","deciduousForest",44.065340,-71.285606,"WGS84",20.3,316953.13,4881669.93,"19N",260.7,0.4,"vst_BART_2015","NEON.DOC.000987vD",,,,,,,"100","noneSelected",800,400,800,,"wmtulGhdefWiPr5g1VRF0YnRBawgSBx1","MRgCvwP2WueoGZahvpQXNZ+be1CYdCGm","legacyData"
"75030a6f-5dee-4945-b401-e67f364ea398","BART_033.basePlot.vst","2015-07-22","D01","BART","BART_033","tower","deciduousForest",44.063204,-71.283666,"WGS84",20.2,317101.93,4881428.37,"19N",273.5,0.2,"vst_BART_2015","NEON.DOC.000987vD",,,,,,,"25","noneSelected",800,100,800,,"zODC+zTh3jdHKFo7lDoQcuNYRkWsGu3I","XdV86USKkiYZfb6rmwpnK/f2Yah5qnQO","legacyData"
"f1f4bbb1-ca71-4084-bb06-e5e1b880bccb","BART_041.basePlot.vst","2015-07-22","D01","BART","BART_041","tower","deciduousForest",44.065340,-71.285606,"WGS84",20.3,316953.13,4881669.93,"19N",260.7,0.4,"vst_BART_2015","NEON.DOC.000987vD",,,,,,,"100","noneSelected",800,400,800,,"0uwWHUCkGoRVT9RpJxngFjI8cZrsFWgn","MRgCvwP2WueoGZahvpQXNZ+be1CYdCGm","legacyData"
"e52784af-e75d-4643-84ff-ea0473e461de","BART_070.basePlot.vst","2015-07-23","D01","BART","BART_070","tower","mixedForest",44.064339,-71.281445,"WGS84",20.2,317283.30,4881549.50,"19N",249.8,0.2,"vst_BART_2015","NEON.DOC.000987vD",,,,,,,"100","noneSelected",800,400,800,,"0uwWHUCkGoRVT9RpJxngFjI8cZrsFWgn","xLZ+YqMrzOOIoCWuzuptWcn+zeO8dPFj","legacyData"
"d56fe4c2-af29-428b-8c74-cae326d89be0","BART_033.basePlot.vst","2015-07-23","D01","BART","BART_033","tower","deciduousForest",44.063204,-71.283666,"WGS84",20.2,317101.93,4881428.37,"19N",273.5,0.2,"vst_BART_2015","NEON.DOC.000987vD",,,,,,,"25","noneSelected",800,100,800,,"zODC+zTh3jdHKFo7lDoQcuNYRkWsGu3I","XdV86USKkiYZfb6rmwpnK/f2Yah5qnQO","legacyData"
"c28cd9f6-0204-42ef-bcbc-2a0d296afa47","BART_073.basePlot.vst","2015-07-28","D01","BART","BART_073","tower","mixedForest",44.064770,-71.288610,"WGS84",20.2,316710.79,4881613.30,"19N",280.7,0.3,"vst_BART_2015","NEON.DOC.000987vD",,,,,,,"25","noneSelected",800,100,800,,"zODC+zTh3jdHKFo7lDoQcuNYRkWsGu3I","wmtulGhdefWiPr5g1VRF0YnRBawgSBx1","legacyData"
"2537a515-2a93-4fb1-bf59-62d3e6038ad5","BART_040.basePlot.vst","2015-07-28","D01","BART","BART_040","tower","deciduousForest",44.065761,-71.291993,"WGS84",20.2,316442.91,4881730.91,"19N",260.5,0.3,"vst_BART_2015","NEON.DOC.000987vD",,,,,,,"25","noneSelected",800,100,800,,"zODC+zTh3jdHKFo7lDoQcuNYRkWsGu3I","MRgCvwP2WueoGZahvpQXNZ+be1CYdCGm","legacyData"
"d5a05917-7bf2-43a2-a044-0cf3d0ce5075","BART_040.basePlot.vst","2015-07-29","D01","BART","BART_040","tower","deciduousForest",44.065761,-71.291993,"WGS84",20.2,316442.91,4881730.91,"19N",260.5,0.3,"vst_BART_2015","NEON.DOC.000987vD",,,,,,,"25","noneSelected",800,100,800,,"zODC+zTh3jdHKFo7lDoQcuNYRkWsGu3I","MRgCvwP2WueoGZahvpQXNZ+be1CYdCGm","legacyData"
