uid,namedLocation,plotID,collectDate,identifiedDate,sampleID,subsampleID,scientificName,acceptedTaxonID,taxonRank,family,subfamily,tribe,subtribe,genus,subgenus,specificEpithet,infraspecificEpithet,identificationQualifier,identificationReferences,identificationProtocolVersion,scientificNameAuthorship,sexOrAge,individualCount,sampleCondition,archiveMedium,archiveFacilityID,deprecatedVialID,identifiedBy,laboratoryName,remarks
"a084502b-e6de-4780-9689-3a4a148f4c63","SERC_012.tickPlot.tck","SERC_012","2017-10-16T20:13Z","2018-01-13T17:00Z","SERC_012.20171016","SERC_012.20171016.IXOSCA.N","Ixodes scapularis","IXOSCA","species","Ixodidae",,,,"Ixodes",,"scapularis",,,"Cooley, R. A. and G. M. Kohls. 1945. The genus Ixodes in North America. National Institute of Health Bulletin, 184.","GSU_tickIdentification_SOP_2016-11-01.pdf","Say","Nymph",1,"OK","90% ethanol","USNMENT01430076","SERC_012.20171016.IXOSCA.N","Lorenza Beati","Georgia Southern University",
"7bc6778d-fdc1-4cc4-bc74-0e5e44483814","SERC_001.tickPlot.tck","SERC_001","2017-10-17T16:13Z","2018-01-13T17:00Z","SERC_001.20171017","SERC_001.20171017.IXOSCA.N","Ixodes scapularis","IXOSCA","species","Ixodidae",,,,"Ixodes",,"scapularis",,,"Cooley, R. A. and G. M. Kohls. 1945. The genus Ixodes in North America. National Institute of Health Bulletin, 184.","GSU_tickIdentification_SOP_2016-11-01.pdf","Say","Nymph",2,"OK","90% ethanol","USNMENT01430074","SERC_001.20171017.IXOSCA.N","Lorenza Beati","Georgia Southern University",
"4dae22c7-18bd-4cb1-9355-3f99719b5850","SERC_001.tickPlot.tck","SERC_001","2017-10-17T16:13Z","2017-11-28T17:00Z","SERC_001.20171017","SERC_001.20171017.IXOSP.L","Ixodidae sp.","IXOSP","family","Ixodidae",,,,,,"sp.",,,,"GSU_tickIdentification_SOP_2016-11-01.pdf",,"Larva",1,"OK","90% ethanol","USNMENT01430075","SERC_001.20171017.L","Arianna Gibbs","Georgia Southern University",
"2cc4fe9b-fd1d-411e-a864-0285cf7dafdf","SERC_002.tickPlot.tck","SERC_002","2017-10-17T17:16Z","2018-01-13T17:00Z","SERC_002.20171017","SERC_002.20171017.IXOSCA.N","Ixodes scapularis","IXOSCA","species","Ixodidae",,,,"Ixodes",,"scapularis",,,"Cooley, R. A. and G. M. Kohls. 1945. The genus Ixodes in North America. National Institute of Health Bulletin, 184.","GSU_tickIdentification_SOP_2016-11-01.pdf","Say","Nymph",1,"OK","90% ethanol","USNMENT01430079","SERC_002.20171017.IXOSCA.N","Lorenza Beati","Georgia Southern University",
