uid,namedLocation,domainID,siteID,plotID,plotType,nlcdClass,decimalLatitude,decimalLongitude,geodeticDatum,coordinateUncertainty,elevation,elevationUncertainty,collectDate,eventID,sampleID,sampleCode,samplingMethod,totalSampledArea,targetTaxaPresent,adultCount,nymphCount,larvaCount,sampleCondition,samplingProtocolVersion,measuredBy,remarks
"6dd22d45-0d3a-408e-90a4-8d48e6bf92e1","SERC_023.tickPlot.tck","D02","SERC","SERC_023","distributed","cultivatedCrops",38.873978,-76.535925,"WGS84",20.1,6.7,0.1,"2017-10-16T19:25Z","SERC.2017.43",,,"drag",160,"N",0,0,0,,"NEON.DOC.014045vH","ena7GLJui5s1h8moQAQPw3Qj2+mVdivS",
"bd5984a5-906b-447f-a625-bf7c385946db","SERC_012.tickPlot.tck","D02","SERC","SERC_012","distributed","deciduousForest",38.880010,-76.561648,"WGS84",20.2,20.1,0.2,"2017-10-16T20:13Z","SERC.2017.43","SERC_012.20171016",,"drag",160,"Y",0,1,3,"No known compromise","NEON.DOC.014045vH","y91HGrHLk0lZr/DPX16cTMD5ZLTOKHZ4wAmahG5mA10=",
"82f123fb-ee11-426f-8b8d-185ea6a1dac0","SERC_006.tickPlot.tck","D02","SERC","SERC_006","distributed","deciduousForest",38.880025,-76.548376,"WGS84",20.2,2.6,0.3,"2017-10-17T14:27Z","SERC.2017.43",,,"drag",162,"N",0,0,0,,"NEON.DOC.014045vH","ena7GLJui5s1h8moQAQPw3Qj2+mVdivS",
"646014c6-7216-4545-b049-d2d0d163a2e0","SERC_005.tickPlot.tck","D02","SERC","SERC_005","distributed","deciduousForest",38.894060,-76.546307,"WGS84",20.3,8.5,0.5,"2017-10-17T15:12Z","SERC.2017.43",,,"drag",131,"N",0,0,0,,"NEON.DOC.014045vH","y91HGrHLk0lZr/DPX16cTMD5ZLTOKHZ4wAmahG5mA10=",
"1f5a9084-6b91-48f6-9593-0b50fdc5e4ef","SERC_001.tickPlot.tck","D02","SERC","SERC_001","distributed","deciduousForest",38.868186,-76.535306,"WGS84",20.2,2.1,0.2,"2017-10-17T16:13Z","SERC.2017.43","SERC_001.20171017",,"drag",163,"Y",0,2,26,"No known compromise","NEON.DOC.014045vH","ena7GLJui5s1h8moQAQPw3Qj2+mVdivS",
"5782c025-6ead-4397-9791-4186d35eb7e2","SERC_002.tickPlot.tck","D02","SERC","SERC_002","distributed","deciduousForest",38.896262,-76.558166,"WGS84",20.2,17.0,0.3,"2017-10-17T17:16Z","SERC.2017.43","SERC_002.20171017",,"drag",160,"Y",0,1,8,"No known compromise","NEON.DOC.014045vH","y91HGrHLk0lZr/DPX16cTMD5ZLTOKHZ4wAmahG5mA10=",
