uid,namedLocation,domainID,siteID,plotID,plotType,nlcdClass,decimalLatitude,decimalLongitude,geodeticDatum,coordinateUncertainty,elevation,elevationUncertainty,collectDate,eventID,sampleID,sampleCode,samplingMethod,totalSampledArea,targetTaxaPresent,adultCount,nymphCount,larvaCount,sampleCondition,samplingProtocolVersion,measuredBy,remarks
"3813da4c-2c01-400d-a163-32b423ab729e","CLBJ_034.tickPlot.tck","D11","CLBJ","CLBJ_034","distributed","grasslandHerbaceous",33.320090,-97.578537,"WGS84",20.0,325.2,0.0,"2018-08-02T13:50Z","CLBJ.2018.31",,,"drag",150,"N",0,0,0,,"NEON.DOC.014045vJ","GX867jzl2LPd3HlUZbuiNfXOAtWi8JLtNMOknIxXArE=",
"2f79ec50-93da-48c0-a47c-2e9de7905c6e","CLBJ_040.tickPlot.tck","D11","CLBJ","CLBJ_040","distributed","deciduousForest",33.377571,-97.647238,"WGS84",20.1,328.9,0.1,"2018-08-02T14:02Z","CLBJ.2018.31",,,"drag and flag",87,"N",0,0,0,,"NEON.DOC.014045vJ","Nn+eKtNyUTQC2f/fb2VCAwmtrkFByQ6sAXmgGDPq3Og=",
"cfbc5386-48c8-44b6-9716-8fc0ba84c28e","CLBJ_033.tickPlot.tck","D11","CLBJ","CLBJ_033","distributed","deciduousForest",33.382288,-97.619783,"WGS84",20.1,305.5,0.1,"2018-08-02T14:44Z","CLBJ.2018.31",,,"drag and flag",110,"N",0,0,0,,"NEON.DOC.014045vJ","Nn+eKtNyUTQC2f/fb2VCAwmtrkFByQ6sAXmgGDPq3Og=",
"fd3231ca-a877-405f-98bc-bfd59d980694","CLBJ_043.tickPlot.tck","D11","CLBJ","CLBJ_043","distributed","deciduousForest",33.410406,-97.593713,"WGS84",20.1,285.9,0.1,"2018-08-02T14:48Z","CLBJ.2018.31",,,"drag and flag",160,"N",0,0,0,,"NEON.DOC.014045vJ","GX867jzl2LPd3HlUZbuiNfXOAtWi8JLtNMOknIxXArE=",
"e10b4c41-9347-43ef-8a4c-284d615d06d6","CLBJ_032.tickPlot.tck","D11","CLBJ","CLBJ_032","distributed","grasslandHerbaceous",33.405176,-97.595129,"WGS84",20.1,294.7,0.1,"2018-08-02T15:15Z","CLBJ.2018.31",,,"drag",160,"N",0,0,0,,"NEON.DOC.014045vJ","GX867jzl2LPd3HlUZbuiNfXOAtWi8JLtNMOknIxXArE=",
"a381139b-9e86-451f-b788-c6d5cdafaefc","CLBJ_036.tickPlot.tck","D11","CLBJ","CLBJ_036","distributed","grasslandHerbaceous",33.396494,-97.580919,"WGS84",20.1,289.5,0.1,"2018-08-02T15:30Z","CLBJ.2018.31",,,"drag",158,"N",0,0,0,,"NEON.DOC.014045vJ","Nn+eKtNyUTQC2f/fb2VCAwmtrkFByQ6sAXmgGDPq3Og=",
"daf243d7-60bf-4bd6-a0e0-0a85848c650d","CLBJ_034.tickPlot.tck","D11","CLBJ","CLBJ_034","distributed","grasslandHerbaceous",33.320090,-97.578537,"WGS84",20.0,325.2,0.0,"2018-08-23T14:01Z","CLBJ.2018.34","CLBJ_034.20180823","A00000020744","drag",154,"Y",1,0,0,"No known compromise","NEON.DOC.014045vJ","GX867jzl2LPd3HlUZbuiNfXOAtWi8JLtNMOknIxXArE=",
"90af7fb9-5257-40c1-b324-8c5c7d2b7e61","CLBJ_033.tickPlot.tck","D11","CLBJ","CLBJ_033","distributed","deciduousForest",33.382288,-97.619783,"WGS84",20.1,305.5,0.1,"2018-08-23T14:13Z","CLBJ.2018.34",,,"drag and flag",145,"N",0,0,0,,"NEON.DOC.014045vJ","Nn+eKtNyUTQC2f/fb2VCAwmtrkFByQ6sAXmgGDPq3Og=","Deviated due to thick vegetation"
"ab94dc28-5893-420c-b946-22c128e7d75c","CLBJ_036.tickPlot.tck","D11","CLBJ","CLBJ_036","distributed","grasslandHerbaceous",33.396494,-97.580919,"WGS84",20.1,289.5,0.1,"2018-08-23T14:55Z","CLBJ.2018.34",,,"drag",170,"N",0,0,0,"No known compromise","NEON.DOC.014045vJ","GX867jzl2LPd3HlUZbuiNfXOAtWi8JLtNMOknIxXArE=",
"bb134167-ced3-41d3-a190-902936531ebd","CLBJ_040.tickPlot.tck","D11","CLBJ","CLBJ_040","distributed","deciduousForest",33.377571,-97.647238,"WGS84",20.1,328.9,0.1,"2018-08-23T15:34Z","CLBJ.2018.34","CLBJ_040.20180823","A00000020763","drag and flag",114,"Y",1,0,0,"No known compromise","NEON.DOC.014045vJ","Nn+eKtNyUTQC2f/fb2VCAwmtrkFByQ6sAXmgGDPq3Og=",
"96f59179-9052-4f00-8228-a69c2e398bb5","CLBJ_043.tickPlot.tck","D11","CLBJ","CLBJ_043","distributed","deciduousForest",33.410406,-97.593713,"WGS84",20.1,285.9,0.1,"2018-08-23T15:42Z","CLBJ.2018.34",,,"drag and flag",150,"N",0,0,0,"No known compromise","NEON.DOC.014045vJ","GX867jzl2LPd3HlUZbuiNfXOAtWi8JLtNMOknIxXArE=",
"2b3fc1cd-8bf6-448a-a2c5-51686ad84eab","CLBJ_032.tickPlot.tck","D11","CLBJ","CLBJ_032","distributed","grasslandHerbaceous",33.405176,-97.595129,"WGS84",20.1,294.7,0.1,"2018-08-23T16:42Z","CLBJ.2018.34",,,"drag",160,"N",0,0,0,"No known compromise","NEON.DOC.014045vJ","GX867jzl2LPd3HlUZbuiNfXOAtWi8JLtNMOknIxXArE=",
