uid,namedLocation,plotID,collectDate,identifiedDate,sampleID,subsampleID,scientificName,acceptedTaxonID,taxonRank,family,subfamily,tribe,subtribe,genus,subgenus,specificEpithet,infraspecificEpithet,identificationQualifier,identificationReferences,identificationProtocolVersion,scientificNameAuthorship,sexOrAge,individualCount,sampleCondition,archiveMedium,archiveFacilityID,deprecatedVialID,identifiedBy,laboratoryName,remarks
"4b3bed91-d0f1-4871-aef1-050fb7999f2e","WOOD_001.tickPlot.tck","WOOD_001","2014-07-02T18:47Z","2015-04-03T16:00Z","WOOD_001.20140702","WOOD_001.20140702.DERVAR.F","Dermacentor variabilis","DERVAR","species","Ixodidae",,,,"Dermacentor",,"variabilis",,,"Yunker, C. E., Keirans, J. E., Clifford, C. M., and E. R. Easton. 1986. Dermacentor ticks (Acari: Ixodoidea: Ixodidae) of the New World: a scanning electron microscope atlas. Proceedings of the Entomological Society of Washington, 88(4):609-627.","GSU_tickIdentification_SOP_2016-11-01.pdf","Say","Female",2,"OK","90% ethanol","124333",,"Philip Panhorst","Georgia Southern University",
"2edd378b-403d-4119-b34c-c401ef271964","WOOD_001.tickPlot.tck","WOOD_001","2014-07-02T18:47Z","2015-04-03T16:00Z","WOOD_001.20140702","WOOD_001.20140702.DERVAR.M","Dermacentor variabilis","DERVAR","species","Ixodidae",,,,"Dermacentor",,"variabilis",,,"Yunker, C. E., Keirans, J. E., Clifford, C. M., and E. R. Easton. 1986. Dermacentor ticks (Acari: Ixodoidea: Ixodidae) of the New World: a scanning electron microscope atlas. Proceedings of the Entomological Society of Washington, 88(4):609-627.","GSU_tickIdentification_SOP_2016-11-01.pdf","Say","Male",4,"OK","90% ethanol","124333",,"Philip Panhorst","Georgia Southern University",
"8928a38e-cb8f-45b9-b612-594882dbb7ab","WOOD_007.tickPlot.tck","WOOD_007","2014-07-02T19:45Z","2015-04-03T16:00Z","WOOD_007.20140702","WOOD_007.20140702.DERVAR.F","Dermacentor variabilis","DERVAR","species","Ixodidae",,,,"Dermacentor",,"variabilis",,,"Yunker, C. E., Keirans, J. E., Clifford, C. M., and E. R. Easton. 1986. Dermacentor ticks (Acari: Ixodoidea: Ixodidae) of the New World: a scanning electron microscope atlas. Proceedings of the Entomological Society of Washington, 88(4):609-627.","GSU_tickIdentification_SOP_2016-11-01.pdf","Say","Female",1,"OK","90% ethanol","125342",,"Philip Panhorst","Georgia Southern University",
"35d1f9de-1914-410d-aad7-7f1b7e7d2206","WOOD_007.tickPlot.tck","WOOD_007","2014-07-02T19:45Z","2015-04-03T16:00Z","WOOD_007.20140702","WOOD_007.20140702.DERVAR.M","Dermacentor variabilis","DERVAR","species","Ixodidae",,,,"Dermacentor",,"variabilis",,,"Yunker, C. E., Keirans, J. E., Clifford, C. M., and E. R. Easton. 1986. Dermacentor ticks (Acari: Ixodoidea: Ixodidae) of the New World: a scanning electron microscope atlas. Proceedings of the Entomological Society of Washington, 88(4):609-627.","GSU_tickIdentification_SOP_2016-11-01.pdf","Say","Male",2,"OK","90% ethanol","125342",,"Philip Panhorst","Georgia Southern University",
"442ed442-c61a-4985-b5cc-7adef1bdf4db","WOOD_006.tickPlot.tck","WOOD_006","2014-07-02T20:54Z","2015-04-03T16:00Z","WOOD_006.20140702","WOOD_006.20140702.DERVAR.M","Dermacentor variabilis","DERVAR","species","Ixodidae",,,,"Dermacentor",,"variabilis",,,"Yunker, C. E., Keirans, J. E., Clifford, C. M., and E. R. Easton. 1986. Dermacentor ticks (Acari: Ixodoidea: Ixodidae) of the New World: a scanning electron microscope atlas. Proceedings of the Entomological Society of Washington, 88(4):609-627.","GSU_tickIdentification_SOP_2016-11-01.pdf","Say","Male",6,"OK","90% ethanol","125339",,"Philip Panhorst","Georgia Southern University",
"c0d47c24-8038-4572-bbdd-3f00e29a5e70","WOOD_006.tickPlot.tck","WOOD_006","2014-07-02T20:54Z","2015-04-03T16:00Z","WOOD_006.20140702","WOOD_006.20140702.DERVAR.F","Dermacentor variabilis","DERVAR","species","Ixodidae",,,,"Dermacentor",,"variabilis",,,"Yunker, C. E., Keirans, J. E., Clifford, C. M., and E. R. Easton. 1986. Dermacentor ticks (Acari: Ixodoidea: Ixodidae) of the New World: a scanning electron microscope atlas. Proceedings of the Entomological Society of Washington, 88(4):609-627.","GSU_tickIdentification_SOP_2016-11-01.pdf","Say","Female",2,"OK","90% ethanol","125339",,"Philip Panhorst","Georgia Southern University",
"8b2569d9-cb5d-4fc6-9b02-4610bcef5b36","WOOD_009.tickPlot.tck","WOOD_009","2014-07-03T18:22Z","2014-08-02T16:00Z","WOOD_009.20140703","WOOD_009.20140703.DERVAR.F","Dermacentor variabilis","DERVAR","species","Ixodidae",,,,"Dermacentor",,"variabilis",,,"Yunker, C. E., Keirans, J. E., Clifford, C. M., and E. R. Easton. 1986. Dermacentor ticks (Acari: Ixodoidea: Ixodidae) of the New World: a scanning electron microscope atlas. Proceedings of the Entomological Society of Washington, 88(4):609-627.","GSU_tickIdentification_SOP_2016-11-01.pdf","Say","Female",2,"OK","90% ethanol","125346",,"Philip Panhorst","Georgia Southern University",
"2efaa489-59cb-4421-8b6a-bbd77a3f95f4","WOOD_009.tickPlot.tck","WOOD_009","2014-07-03T18:22Z","2014-08-02T16:00Z","WOOD_009.20140703","WOOD_009.20140703.DERVAR.M","Dermacentor variabilis","DERVAR","species","Ixodidae",,,,"Dermacentor",,"variabilis",,,"Yunker, C. E., Keirans, J. E., Clifford, C. M., and E. R. Easton. 1986. Dermacentor ticks (Acari: Ixodoidea: Ixodidae) of the New World: a scanning electron microscope atlas. Proceedings of the Entomological Society of Washington, 88(4):609-627.","GSU_tickIdentification_SOP_2016-11-01.pdf","Say","Male",1,"OK","90% ethanol","125346",,"Philip Panhorst","Georgia Southern University",
"35a83dc2-65f8-4e9e-86a1-724341fd3776","WOOD_001.tickPlot.tck","WOOD_001","2014-07-14T21:11Z","2014-08-13T16:00Z","WOOD_001.20140714","WOOD_001.20140714.DERVAR.M","Dermacentor variabilis","DERVAR","species","Ixodidae",,,,"Dermacentor",,"variabilis",,,"Yunker, C. E., Keirans, J. E., Clifford, C. M., and E. R. Easton. 1986. Dermacentor ticks (Acari: Ixodoidea: Ixodidae) of the New World: a scanning electron microscope atlas. Proceedings of the Entomological Society of Washington, 88(4):609-627.","GSU_tickIdentification_SOP_2016-11-01.pdf","Say","Male",1,"OK","90% ethanol","125334",,"philip Panhorst","Georgia Southern University",
"28e3d15a-e271-4ce1-9050-659429e98855","WOOD_001.tickPlot.tck","WOOD_001","2014-07-14T21:11Z","2014-08-13T16:00Z","WOOD_001.20140714","WOOD_001.20140714.DERVAR.F","Dermacentor variabilis","DERVAR","species","Ixodidae",,,,"Dermacentor",,"variabilis",,,"Yunker, C. E., Keirans, J. E., Clifford, C. M., and E. R. Easton. 1986. Dermacentor ticks (Acari: Ixodoidea: Ixodidae) of the New World: a scanning electron microscope atlas. Proceedings of the Entomological Society of Washington, 88(4):609-627.","GSU_tickIdentification_SOP_2016-11-01.pdf","Say","Female",2,"OK","90% ethanol","125334",,"philip Panhorst","Georgia Southern University",
"739ea774-317d-41e7-a8fb-37c094bdd1ee","WOOD_009.tickPlot.tck","WOOD_009","2014-07-14T22:02Z","2014-08-13T16:00Z","WOOD_009.20140714","WOOD_009.20140714.DERVAR.F","Dermacentor variabilis","DERVAR","species","Ixodidae",,,,"Dermacentor",,"variabilis",,,"Yunker, C. E., Keirans, J. E., Clifford, C. M., and E. R. Easton. 1986. Dermacentor ticks (Acari: Ixodoidea: Ixodidae) of the New World: a scanning electron microscope atlas. Proceedings of the Entomological Society of Washington, 88(4):609-627.","GSU_tickIdentification_SOP_2016-11-01.pdf","Say","Female",2,"OK","90% ethanol","125347",,"Philip Panhorst","Georgia Southern University",
"6055fb15-e870-4b4c-9c60-6c3e3a2eee05","WOOD_009.tickPlot.tck","WOOD_009","2014-07-14T22:02Z","2014-08-13T16:00Z","WOOD_009.20140714","WOOD_009.20140714.DERVAR.M","Dermacentor variabilis","DERVAR","species","Ixodidae",,,,"Dermacentor",,"variabilis",,,"Yunker, C. E., Keirans, J. E., Clifford, C. M., and E. R. Easton. 1986. Dermacentor ticks (Acari: Ixodoidea: Ixodidae) of the New World: a scanning electron microscope atlas. Proceedings of the Entomological Society of Washington, 88(4):609-627.","GSU_tickIdentification_SOP_2016-11-01.pdf","Say","Male",2,"OK","90% ethanol","125347",,"Philip Panhorst","Georgia Southern University",
"ff502aaf-2322-40a7-bab6-8c7fce57b2cb","WOOD_007.tickPlot.tck","WOOD_007","2014-07-14T22:45Z","2014-08-13T16:00Z","WOOD_007.20140714","WOOD_007.20140714.DERVAR.M","Dermacentor variabilis","DERVAR","species","Ixodidae",,,,"Dermacentor",,"variabilis",,,"Yunker, C. E., Keirans, J. E., Clifford, C. M., and E. R. Easton. 1986. Dermacentor ticks (Acari: Ixodoidea: Ixodidae) of the New World: a scanning electron microscope atlas. Proceedings of the Entomological Society of Washington, 88(4):609-627.","GSU_tickIdentification_SOP_2016-11-01.pdf","Say","Male",1,"OK","90% ethanol","125343",,"Philip Panhorst","Georgia Southern University",
