uid,namedLocation,domainID,siteID,plotID,plotType,nlcdClass,decimalLatitude,decimalLongitude,geodeticDatum,coordinateUncertainty,elevation,elevationUncertainty,collectDate,eventID,sampleID,sampleCode,samplingMethod,totalSampledArea,targetTaxaPresent,adultCount,nymphCount,larvaCount,sampleCondition,samplingProtocolVersion,measuredBy,remarks
"a7462f6d-6460-4109-9f1e-d6175b27c497","WOOD_001.tickPlot.tck","D09","WOOD","WOOD_001","distributed","grasslandHerbaceous",47.127200,-99.256464,"WGS84",20.1,593.8,0.2,"2014-07-02T18:47Z","WOOD.2014.26","WOOD_001.20140702",,"drag",170,"Y",6,0,0,"No known compromise","NEON.DOC.014045vD","kG/1AxPobKjgdYAdSrmzKg==",
"6ff1024a-1e25-48f5-bae3-df716e8bf9b5","WOOD_007.tickPlot.tck","D09","WOOD","WOOD_007","distributed","grasslandHerbaceous",47.133887,-99.251357,"WGS84",20.4,593.6,0.3,"2014-07-02T19:45Z","WOOD.2014.26","WOOD_007.20140702",,"drag and flag",160,"Y",3,0,0,"No known compromise","NEON.DOC.014045vD","kG/1AxPobKjgdYAdSrmzKg==",
"d378301a-19bd-49d5-9f2e-c0ec5629bb88","WOOD_006.tickPlot.tck","D09","WOOD","WOOD_006","distributed","grasslandHerbaceous",47.141023,-99.248055,"WGS84",20.1,587.2,0.1,"2014-07-02T20:54Z","WOOD.2014.26","WOOD_006.20140702",,"drag and flag",156,"Y",8,0,0,"No known compromise","NEON.DOC.014045vD","kG/1AxPobKjgdYAdSrmzKg==",
"35d555cc-ebcd-4281-95a8-e53584024ce5","WOOD_009.tickPlot.tck","D09","WOOD","WOOD_009","distributed","grasslandHerbaceous",47.144534,-99.231072,"WGS84",20.1,573.5,0.2,"2014-07-03T18:22Z","WOOD.2014.26","WOOD_009.20140703",,"drag",160,"Y",3,0,0,"No known compromise","NEON.DOC.014045vD","kG/1AxPobKjgdYAdSrmzKg==","No transcription errors found."
"58987b91-a0b7-4f2a-9917-4db0ca28b70c","WOOD_002.tickPlot.tck","D09","WOOD","WOOD_002","distributed","grasslandHerbaceous",47.136802,-99.234546,"WGS84",20.1,578.3,0.1,"2014-07-03T19:05Z","WOOD.2014.26",,,"drag",160,"N",0,0,0,,"NEON.DOC.014045vD","kG/1AxPobKjgdYAdSrmzKg==","No transcription errors found"
"2c6bd212-6a7b-4622-a218-bb7bc444878d","WOOD_002.tickPlot.tck","D09","WOOD","WOOD_002","distributed","grasslandHerbaceous",47.136802,-99.234546,"WGS84",20.1,578.3,0.1,"2014-07-14T19:32Z","WOOD.2014.28",,,"drag",160,"N",0,0,0,,"NEON.DOC.014045vD","kG/1AxPobKjgdYAdSrmzKg==","High winds, overcast, No transcription errors found"
"342351a8-7e05-4c24-8cc8-5fb1754f8f77","WOOD_006.tickPlot.tck","D09","WOOD","WOOD_006","distributed","grasslandHerbaceous",47.141023,-99.248055,"WGS84",20.1,587.2,0.1,"2014-07-14T20:19Z","WOOD.2014.28",,,"drag and flag",157,"N",0,0,0,,"NEON.DOC.014045vD","kG/1AxPobKjgdYAdSrmzKg==","High winds, overcast, No transcription errors found"
"d4c2dea0-281a-4ec3-9185-7bedc7694aaf","WOOD_001.tickPlot.tck","D09","WOOD","WOOD_001","distributed","grasslandHerbaceous",47.127200,-99.256464,"WGS84",20.1,593.8,0.2,"2014-07-14T21:11Z","WOOD.2014.28","WOOD_001.20140714",,"drag",160,"Y",3,0,0,"No known compromise","NEON.DOC.014045vD","kG/1AxPobKjgdYAdSrmzKg==","High winds, overcast, No transcription errors found"
"6d01bb14-b248-43f5-b0f3-b37f1e765866","WOOD_009.tickPlot.tck","D09","WOOD","WOOD_009","distributed","grasslandHerbaceous",47.144534,-99.231072,"WGS84",20.1,573.5,0.2,"2014-07-14T22:02Z","WOOD.2014.28","WOOD_009.20140714",,"drag",160,"Y",4,0,0,"No known compromise","NEON.DOC.014045vD","kG/1AxPobKjgdYAdSrmzKg==","High winds, overcast, No transcription errors found"
"f5cce40e-9bda-4f31-9577-59ec430e9bec","WOOD_007.tickPlot.tck","D09","WOOD","WOOD_007","distributed","grasslandHerbaceous",47.133887,-99.251357,"WGS84",20.4,593.6,0.3,"2014-07-14T22:45Z","WOOD.2014.28","WOOD_007.20140714",,"drag and flag",160,"Y",2,0,0,"No known compromise","NEON.DOC.014045vD","kG/1AxPobKjgdYAdSrmzKg==","High winds, overcast, No transcription errors found"
