uid,namedLocation,date,eventID,domainID,siteID,plotID,subplotID,individualID,tagStatus,growthForm,plantStatus,stemDiameter,measurementHeight,height,baseCrownHeight,breakHeight,breakDiameter,maxCrownDiameter,ninetyCrownDiameter,canopyPosition,shape,basalStemDiameter,basalStemDiameterMsrmntHeight,maxBaseCrownDiameter,ninetyBaseCrownDiameter,remarks,recordedBy,measuredBy,dataQF
"0ada5f5a-29c2-44ec-b595-217e558ec180","DEJU_049.basePlot.vst","2017-05-23","vst_DEJU_2016","D19","DEJU","DEJU_049",,"NEON.PLA.D19.DEJU.00168","ok",,"No longer qualifies",,,,,,,,,,,,,,,,"TMxCm91ndAnfOpD6M/XyoAyhNi1lNXRsuRZ0KUomQx0=","jWX8R8ReoxJFrY+DgVUlBQhuD+toSUWj0ebWbUVDxUk=","legacyData"
"c27a6747-634a-4ecd-978d-1e9d89aab1ed","DEJU_049.basePlot.vst","2017-05-23","vst_DEJU_2016","D19","DEJU","DEJU_049",,"NEON.PLA.D19.DEJU.00200","ok","single bole tree","Live",12.6,130,7.3,,,,,,,,,,,,,"TMxCm91ndAnfOpD6M/XyoAyhNi1lNXRsuRZ0KUomQx0=","jWX8R8ReoxJFrY+DgVUlBQhuD+toSUWj0ebWbUVDxUk=","legacyData"
"68d77a3a-1bd1-4dbd-b8ec-e6c88221aee8","DEJU_049.basePlot.vst","2017-05-23","vst_DEJU_2016","D19","DEJU","DEJU_049",,"NEON.PLA.D19.DEJU.04507","ok","sapling","Live",,,0.4,,,,,,,,1.9,11,,,,"TMxCm91ndAnfOpD6M/XyoAyhNi1lNXRsuRZ0KUomQx0=","jWX8R8ReoxJFrY+DgVUlBQhuD+toSUWj0ebWbUVDxUk=","legacyData"
"9cae37f4-0ca4-4c3e-ad73-16d0a6b0f947","DEJU_049.basePlot.vst","2017-05-23","vst_DEJU_2016","D19","DEJU","DEJU_049",,"NEON.PLA.D19.DEJU.00187","ok","single bole tree","Live",22.8,130,8.8,,,,,,,,,,,,,"TMxCm91ndAnfOpD6M/XyoAyhNi1lNXRsuRZ0KUomQx0=","jWX8R8ReoxJFrY+DgVUlBQhuD+toSUWj0ebWbUVDxUk=","legacyData"
"c363e76b-1be2-490a-9a43-899fb6f9113e","DEJU_049.basePlot.vst","2017-05-23","vst_DEJU_2016","D19","DEJU","DEJU_049",,"NEON.PLA.D19.DEJU.04503","ok","sapling","Standing dead",,,0.7,,,,,,,,1.2,10,,,,"TMxCm91ndAnfOpD6M/XyoAyhNi1lNXRsuRZ0KUomQx0=","jWX8R8ReoxJFrY+DgVUlBQhuD+toSUWj0ebWbUVDxUk=","legacyData"
"e42356ad-7a39-4e7e-8013-0fdbb5f3f128","DEJU_049.basePlot.vst","2017-05-23","vst_DEJU_2016","D19","DEJU","DEJU_049",,"NEON.PLA.D19.DEJU.04505","ok","sapling","Standing dead",,,1.4,,,,,,,,1.2,10,,,,"TMxCm91ndAnfOpD6M/XyoAyhNi1lNXRsuRZ0KUomQx0=","jWX8R8ReoxJFrY+DgVUlBQhuD+toSUWj0ebWbUVDxUk=","legacyData"
"480edfe3-a17f-46db-932b-d94599715588","DEJU_049.basePlot.vst","2017-05-23","vst_DEJU_2016","D19","DEJU","DEJU_049",,"NEON.PLA.D19.DEJU.04504","ok","sapling","Standing dead",,,0.7,,,,,,,,1.4,10,,,,"TMxCm91ndAnfOpD6M/XyoAyhNi1lNXRsuRZ0KUomQx0=","jWX8R8ReoxJFrY+DgVUlBQhuD+toSUWj0ebWbUVDxUk=","legacyData"
"55d8d89d-e4f8-42df-98f6-a292861dc2f4","DEJU_049.basePlot.vst","2017-05-23","vst_DEJU_2016","D19","DEJU","DEJU_049",,"NEON.PLA.D19.DEJU.04701","ok","sapling","Live",,,0.4,,,,,,,,1.3,10,,,,"TMxCm91ndAnfOpD6M/XyoAyhNi1lNXRsuRZ0KUomQx0=","jWX8R8ReoxJFrY+DgVUlBQhuD+toSUWj0ebWbUVDxUk=","legacyData"
"3b6d23c0-bad0-42fe-933c-cae282b72443","DEJU_049.basePlot.vst","2017-05-23","vst_DEJU_2016","D19","DEJU","DEJU_049",,"NEON.PLA.D19.DEJU.04514","ok","small shrub","Live",,,0.6,,,,0.3,0.1,,"cylinder",1.1,10,,,,"TMxCm91ndAnfOpD6M/XyoAyhNi1lNXRsuRZ0KUomQx0=","jWX8R8ReoxJFrY+DgVUlBQhuD+toSUWj0ebWbUVDxUk=","legacyData"
"d11ceef2-11cb-42cb-965f-01c7d9f2ae33","DEJU_049.basePlot.vst","2017-05-23","vst_DEJU_2016","D19","DEJU","DEJU_049",,"NEON.PLA.D19.DEJU.00196","ok","single bole tree","Standing dead",13.4,130,4.7,,,,,,,,,,,,,"TMxCm91ndAnfOpD6M/XyoAyhNi1lNXRsuRZ0KUomQx0=","jWX8R8ReoxJFrY+DgVUlBQhuD+toSUWj0ebWbUVDxUk=","legacyData"
"a17562b0-2215-4eb5-a093-cbc771ef5810","DEJU_049.basePlot.vst","2017-05-23","vst_DEJU_2016","D19","DEJU","DEJU_049",,"NEON.PLA.D19.DEJU.00177","ok","small tree","Live",7.7,130,4.8,,,,,,,,,,,,,"TMxCm91ndAnfOpD6M/XyoAyhNi1lNXRsuRZ0KUomQx0=","jWX8R8ReoxJFrY+DgVUlBQhuD+toSUWj0ebWbUVDxUk=","legacyData"
"c363d98a-b7c1-4a2e-a288-8ccac8870c66","DEJU_049.basePlot.vst","2017-05-23","vst_DEJU_2016","D19","DEJU","DEJU_049",,"NEON.PLA.D19.DEJU.00186","ok",,"No longer qualifies",,,,,,,,,,,,,,,,"TMxCm91ndAnfOpD6M/XyoAyhNi1lNXRsuRZ0KUomQx0=","jWX8R8ReoxJFrY+DgVUlBQhuD+toSUWj0ebWbUVDxUk=","legacyData"
"fa26052e-7595-419a-ae94-730881eba1ee","DEJU_049.basePlot.vst","2017-05-23","vst_DEJU_2016","D19","DEJU","DEJU_049",,"NEON.PLA.D19.DEJU.04710","ok","sapling","Live",,,0.6,,,,,,,,1.4,10,,,,"TMxCm91ndAnfOpD6M/XyoAyhNi1lNXRsuRZ0KUomQx0=","jWX8R8ReoxJFrY+DgVUlBQhuD+toSUWj0ebWbUVDxUk=","legacyData"
"77ca4ab2-208f-41b3-8837-e1a829ed1c3c","DEJU_049.basePlot.vst","2017-05-23","vst_DEJU_2016","D19","DEJU","DEJU_049",,"NEON.PLA.D19.DEJU.00092","ok",,"No longer qualifies",,,,,,,,,,,,,,,,"TMxCm91ndAnfOpD6M/XyoAyhNi1lNXRsuRZ0KUomQx0=","jWX8R8ReoxJFrY+DgVUlBQhuD+toSUWj0ebWbUVDxUk=","legacyData"
"220a5d02-94cf-4695-a5be-c496acfd9090","DEJU_049.basePlot.vst","2017-05-23","vst_DEJU_2016","D19","DEJU","DEJU_049",,"NEON.PLA.D19.DEJU.00182","ok",,"No longer qualifies",,,,,,,,,,,,,,,,"TMxCm91ndAnfOpD6M/XyoAyhNi1lNXRsuRZ0KUomQx0=","jWX8R8ReoxJFrY+DgVUlBQhuD+toSUWj0ebWbUVDxUk=","legacyData"
"9b8604d7-5657-4e90-a3a2-1902f91cb243","DEJU_049.basePlot.vst","2017-05-23","vst_DEJU_2016","D19","DEJU","DEJU_049",,"NEON.PLA.D19.DEJU.00091","ok",,"No longer qualifies",,,,,,,,,,,,,,,,"TMxCm91ndAnfOpD6M/XyoAyhNi1lNXRsuRZ0KUomQx0=","jWX8R8ReoxJFrY+DgVUlBQhuD+toSUWj0ebWbUVDxUk=","legacyData"
"a1a3f5e4-f4bf-4b16-a567-9b5777d737b2","DEJU_049.basePlot.vst","2017-05-23","vst_DEJU_2016","D19","DEJU","DEJU_049",,"NEON.PLA.D19.DEJU.04708","ok","sapling","Live",,,0.6,,,,,,,,1.2,10,,,,"TMxCm91ndAnfOpD6M/XyoAyhNi1lNXRsuRZ0KUomQx0=","jWX8R8ReoxJFrY+DgVUlBQhuD+toSUWj0ebWbUVDxUk=","legacyData"
"615074b8-d949-4072-9a94-a544fbcdd966","DEJU_049.basePlot.vst","2017-05-23","vst_DEJU_2016","D19","DEJU","DEJU_049",,"NEON.PLA.D19.DEJU.00183","ok",,"No longer qualifies",,,,,,,,,,,,,,,,"TMxCm91ndAnfOpD6M/XyoAyhNi1lNXRsuRZ0KUomQx0=","jWX8R8ReoxJFrY+DgVUlBQhuD+toSUWj0ebWbUVDxUk=","legacyData"
"b9f26dbc-963f-4b7b-952d-1ef61b6c14ba","DEJU_049.basePlot.vst","2017-05-23","vst_DEJU_2016","D19","DEJU","DEJU_049",,"NEON.PLA.D19.DEJU.04511","ok","sapling","Standing dead",,,0.5,,,,,,,,1.2,10,,,,"TMxCm91ndAnfOpD6M/XyoAyhNi1lNXRsuRZ0KUomQx0=","jWX8R8ReoxJFrY+DgVUlBQhuD+toSUWj0ebWbUVDxUk=","legacyData"
"9fc2077c-cb4f-4bc6-869c-ab13ad636e7e","DEJU_049.basePlot.vst","2017-05-23","vst_DEJU_2016","D19","DEJU","DEJU_049",,"NEON.PLA.D19.DEJU.04707","ok","sapling","Standing dead",,,0.8,,,,,,,,2.3,10,,,,"TMxCm91ndAnfOpD6M/XyoAyhNi1lNXRsuRZ0KUomQx0=","jWX8R8ReoxJFrY+DgVUlBQhuD+toSUWj0ebWbUVDxUk=","legacyData"
"cf6538de-00ca-4e10-925c-e8dcb4a81876","DEJU_049.basePlot.vst","2017-05-23","vst_DEJU_2016","D19","DEJU","DEJU_049",,"NEON.PLA.D19.DEJU.04509","ok","small shrub","Live",,,0.5,,,,0.7,0.3,,"cylinder",2.1,10,,,,"TMxCm91ndAnfOpD6M/XyoAyhNi1lNXRsuRZ0KUomQx0=","jWX8R8ReoxJFrY+DgVUlBQhuD+toSUWj0ebWbUVDxUk=","legacyData"
"70eed553-6c92-4130-85b9-8ef6290f9319","DEJU_049.basePlot.vst","2017-05-23","vst_DEJU_2016","D19","DEJU","DEJU_049",,"NEON.PLA.D19.DEJU.00173","ok",,"No longer qualifies",,,,,,,,,,,,,,,,"TMxCm91ndAnfOpD6M/XyoAyhNi1lNXRsuRZ0KUomQx0=","jWX8R8ReoxJFrY+DgVUlBQhuD+toSUWj0ebWbUVDxUk=","legacyData"
"740e59c9-db0d-406f-9807-3f2ae9c6808b","DEJU_049.basePlot.vst","2017-05-23","vst_DEJU_2016","D19","DEJU","DEJU_049",,"NEON.PLA.D19.DEJU.00392","ok","single bole tree","Live,  other damage",12.3,130,6.5,,,,,,,,,,,,"Measurement height moved","TMxCm91ndAnfOpD6M/XyoAyhNi1lNXRsuRZ0KUomQx0=","jWX8R8ReoxJFrY+DgVUlBQhuD+toSUWj0ebWbUVDxUk=","legacyData"
"e2b6b279-e3f5-4d7e-8abd-e050d452b8d9","DEJU_049.basePlot.vst","2017-05-23","vst_DEJU_2016","D19","DEJU","DEJU_049",,"NEON.PLA.D19.DEJU.04717","ok","small tree","Live",1.4,130,1.8,,,,,,,,,,,,,"TMxCm91ndAnfOpD6M/XyoAyhNi1lNXRsuRZ0KUomQx0=","jWX8R8ReoxJFrY+DgVUlBQhuD+toSUWj0ebWbUVDxUk=","legacyData"
"e01d4066-3d98-4a93-9c1c-905853fdb22f","DEJU_049.basePlot.vst","2017-05-23","vst_DEJU_2016","D19","DEJU","DEJU_049",,"NEON.PLA.D19.DEJU.00179","ok","small tree","Live",6.0,130,4.3,,,,,,,,,,,,,"TMxCm91ndAnfOpD6M/XyoAyhNi1lNXRsuRZ0KUomQx0=","jWX8R8ReoxJFrY+DgVUlBQhuD+toSUWj0ebWbUVDxUk=","legacyData"
"a873bdb4-e9dd-4782-8a61-194ce7fe83e0","DEJU_049.basePlot.vst","2017-05-23","vst_DEJU_2016","D19","DEJU","DEJU_049",,"NEON.PLA.D19.DEJU.04508","ok","small shrub","Live",,,0.8,,,,0.6,0.4,,"cylinder",1.1,10,,,,"TMxCm91ndAnfOpD6M/XyoAyhNi1lNXRsuRZ0KUomQx0=","jWX8R8ReoxJFrY+DgVUlBQhuD+toSUWj0ebWbUVDxUk=","legacyData"
"c80ce4d1-608e-4814-85c7-e7d10b5d6040","DEJU_049.basePlot.vst","2017-05-23","vst_DEJU_2016","D19","DEJU","DEJU_049",,"NEON.PLA.D19.DEJU.04506","ok","small shrub","Live",,,0.9,,,,0.9,0.7,,"cylinder",1.2,10,,,,"TMxCm91ndAnfOpD6M/XyoAyhNi1lNXRsuRZ0KUomQx0=","jWX8R8ReoxJFrY+DgVUlBQhuD+toSUWj0ebWbUVDxUk=","legacyData"
"10da8810-be32-4560-bd0a-c627357480d2","DEJU_049.basePlot.vst","2017-05-23","vst_DEJU_2016","D19","DEJU","DEJU_049",,"NEON.PLA.D19.DEJU.00194","ok","single bole tree","Live",10.1,130,6.5,,,,,,,,,,,,,"TMxCm91ndAnfOpD6M/XyoAyhNi1lNXRsuRZ0KUomQx0=","jWX8R8ReoxJFrY+DgVUlBQhuD+toSUWj0ebWbUVDxUk=","legacyData"
"34025e04-d87b-42f7-a0fa-e86653d87ba6","DEJU_049.basePlot.vst","2017-05-23","vst_DEJU_2016","D19","DEJU","DEJU_049",,"NEON.PLA.D19.DEJU.00170","ok",,"No longer qualifies",,,,,,,,,,,,,,,,"TMxCm91ndAnfOpD6M/XyoAyhNi1lNXRsuRZ0KUomQx0=","jWX8R8ReoxJFrY+DgVUlBQhuD+toSUWj0ebWbUVDxUk=","legacyData"
"4a234168-059b-4d3c-9814-bd536a32d457","DEJU_049.basePlot.vst","2017-05-23","vst_DEJU_2016","D19","DEJU","DEJU_049",,"NEON.PLA.D19.DEJU.04702","ok","sapling","Live,  other damage",,,0.9,,,,,,,,2.3,10,,,,"TMxCm91ndAnfOpD6M/XyoAyhNi1lNXRsuRZ0KUomQx0=","jWX8R8ReoxJFrY+DgVUlBQhuD+toSUWj0ebWbUVDxUk=","legacyData"
"857be70c-50ab-4dc4-a12c-798cf150176c","DEJU_049.basePlot.vst","2017-05-23","vst_DEJU_2016","D19","DEJU","DEJU_049",,"NEON.PLA.D19.DEJU.04515","ok","small shrub","Standing dead",,,0.9,,,,0.6,0.2,,"cylinder",1.2,10,,,,"TMxCm91ndAnfOpD6M/XyoAyhNi1lNXRsuRZ0KUomQx0=","jWX8R8ReoxJFrY+DgVUlBQhuD+toSUWj0ebWbUVDxUk=","legacyData"
"64450745-7afe-4213-beb2-83322674daec","DEJU_049.basePlot.vst","2017-05-23","vst_DEJU_2016","D19","DEJU","DEJU_049",,"NEON.PLA.D19.DEJU.04502","ok","sapling","Standing dead",,,1.6,,,,,,,,1.2,10,,,,"TMxCm91ndAnfOpD6M/XyoAyhNi1lNXRsuRZ0KUomQx0=","jWX8R8ReoxJFrY+DgVUlBQhuD+toSUWj0ebWbUVDxUk=","legacyData"
"5db7084e-300b-4f52-9cd4-eae33b301e34","DEJU_049.basePlot.vst","2017-05-23","vst_DEJU_2016","D19","DEJU","DEJU_049",,"NEON.PLA.D19.DEJU.00181","ok","single bole tree","Live",21.5,135,8.4,,,,,,,,,,,,,"TMxCm91ndAnfOpD6M/XyoAyhNi1lNXRsuRZ0KUomQx0=","jWX8R8ReoxJFrY+DgVUlBQhuD+toSUWj0ebWbUVDxUk=","legacyData"
"6889efa2-7b6e-4581-9dcf-99cddde4beb2","DEJU_049.basePlot.vst","2017-05-23","vst_DEJU_2016","D19","DEJU","DEJU_049",,"NEON.PLA.D19.DEJU.00178","ok","small tree","Live",7.3,135,3.9,,,,,,,,,,,,,"TMxCm91ndAnfOpD6M/XyoAyhNi1lNXRsuRZ0KUomQx0=","jWX8R8ReoxJFrY+DgVUlBQhuD+toSUWj0ebWbUVDxUk=","legacyData"
"e80debf5-055c-496c-8ae7-efc8bdfe5a18","DEJU_049.basePlot.vst","2017-05-23","vst_DEJU_2016","D19","DEJU","DEJU_049",,"NEON.PLA.D19.DEJU.00176","ok",,"No longer qualifies",,,,,,,,,,,,,,,,"TMxCm91ndAnfOpD6M/XyoAyhNi1lNXRsuRZ0KUomQx0=","jWX8R8ReoxJFrY+DgVUlBQhuD+toSUWj0ebWbUVDxUk=","legacyData"
"a4f3c54b-905e-4e16-80db-757d44db4d15","DEJU_049.basePlot.vst","2017-05-23","vst_DEJU_2016","D19","DEJU","DEJU_049",,"NEON.PLA.D19.DEJU.00394","ok","single bole tree","Live",14.1,130,5.7,,,,,,,,,,,,"Measurement height moved","TMxCm91ndAnfOpD6M/XyoAyhNi1lNXRsuRZ0KUomQx0=","jWX8R8ReoxJFrY+DgVUlBQhuD+toSUWj0ebWbUVDxUk=","legacyData"
"e6d9f259-8ab3-4697-a89d-446c97c818dc","DEJU_049.basePlot.vst","2017-05-23","vst_DEJU_2016","D19","DEJU","DEJU_049",,"NEON.PLA.D19.DEJU.04502","ok","sapling","Standing dead",,,1.6,,,,,,,,2.7,10,,,,"TMxCm91ndAnfOpD6M/XyoAyhNi1lNXRsuRZ0KUomQx0=","jWX8R8ReoxJFrY+DgVUlBQhuD+toSUWj0ebWbUVDxUk=","legacyData"
"cc5907c0-ff26-445d-9a85-2c339faf346a","DEJU_049.basePlot.vst","2017-05-23","vst_DEJU_2016","D19","DEJU","DEJU_049",,"NEON.PLA.D19.DEJU.00393","ok","multi-bole tree","Live",12.0,130,5.7,,,,,,,,,,,,"Measurement height moved","TMxCm91ndAnfOpD6M/XyoAyhNi1lNXRsuRZ0KUomQx0=","jWX8R8ReoxJFrY+DgVUlBQhuD+toSUWj0ebWbUVDxUk=","legacyData"
"fa55a2e5-0554-4234-bae5-22d877c807a7","DEJU_049.basePlot.vst","2017-05-23","vst_DEJU_2016","D19","DEJU","DEJU_049",,"NEON.PLA.D19.DEJU.00199","ok","single bole tree","Live",16.9,130,8.1,,,,,,,,,,,,,"TMxCm91ndAnfOpD6M/XyoAyhNi1lNXRsuRZ0KUomQx0=","jWX8R8ReoxJFrY+DgVUlBQhuD+toSUWj0ebWbUVDxUk=","legacyData"
"f2ed557b-e80d-4d7c-8188-173875369adb","DEJU_049.basePlot.vst","2017-05-23","vst_DEJU_2016","D19","DEJU","DEJU_049",,"NEON.PLA.D19.DEJU.00174","ok","small tree","Live",1.7,130,1.9,,,,,,,,,,,,,"TMxCm91ndAnfOpD6M/XyoAyhNi1lNXRsuRZ0KUomQx0=","jWX8R8ReoxJFrY+DgVUlBQhuD+toSUWj0ebWbUVDxUk=","legacyData"
"f1059786-e5fe-4459-9319-b0ac3dcb1ba9","DEJU_049.basePlot.vst","2017-05-23","vst_DEJU_2016","D19","DEJU","DEJU_049",,"NEON.PLA.D19.DEJU.04515","ok","small shrub","Standing dead",10.0,,0.9,,,,0.6,0.2,,"cylinder",1.5,10,,,,"TMxCm91ndAnfOpD6M/XyoAyhNi1lNXRsuRZ0KUomQx0=","jWX8R8ReoxJFrY+DgVUlBQhuD+toSUWj0ebWbUVDxUk=","legacyData"
"e54da30b-8a50-4562-b78a-81866d8b1c14","DEJU_049.basePlot.vst","2017-05-23","vst_DEJU_2016","D19","DEJU","DEJU_049",,"NEON.PLA.D19.DEJU.00390","ok","single bole tree","Live",11.0,130,4.7,,,,,,,,,,,,,"TMxCm91ndAnfOpD6M/XyoAyhNi1lNXRsuRZ0KUomQx0=","jWX8R8ReoxJFrY+DgVUlBQhuD+toSUWj0ebWbUVDxUk=","legacyData"
"8b6c2612-7d46-41b1-a0cd-ddbbacf0df39","DEJU_049.basePlot.vst","2017-05-23","vst_DEJU_2016","D19","DEJU","DEJU_049",,"NEON.PLA.D19.DEJU.04503","ok","sapling","Standing dead",,,0.7,,,,,,,,1.2,10,,,,"TMxCm91ndAnfOpD6M/XyoAyhNi1lNXRsuRZ0KUomQx0=","jWX8R8ReoxJFrY+DgVUlBQhuD+toSUWj0ebWbUVDxUk=","legacyData"
"2eb5f9ea-c7bc-43f4-82fd-196a2e2ab2d8","DEJU_049.basePlot.vst","2017-05-23","vst_DEJU_2016","D19","DEJU","DEJU_049",,"NEON.PLA.D19.DEJU.00171","ok",,"No longer qualifies",,,,,,,,,,,,,,,,"TMxCm91ndAnfOpD6M/XyoAyhNi1lNXRsuRZ0KUomQx0=","jWX8R8ReoxJFrY+DgVUlBQhuD+toSUWj0ebWbUVDxUk=","legacyData"
"c9cf6989-2dce-4225-b508-72f9305d188a","DEJU_049.basePlot.vst","2017-05-23","vst_DEJU_2016","D19","DEJU","DEJU_049",,"NEON.PLA.D19.DEJU.00188","ok","sapling","Live",,,0.4,,,,,,,,1.9,10,,,,"TMxCm91ndAnfOpD6M/XyoAyhNi1lNXRsuRZ0KUomQx0=","jWX8R8ReoxJFrY+DgVUlBQhuD+toSUWj0ebWbUVDxUk=","legacyData"
"79af0152-9177-4b22-8317-d09584dbae2f","DEJU_049.basePlot.vst","2017-05-23","vst_DEJU_2016","D19","DEJU","DEJU_049",,"NEON.PLA.D19.DEJU.00397","ok","sapling","Standing dead",,,0.7,,,,,,,,1.1,10,,,,"TMxCm91ndAnfOpD6M/XyoAyhNi1lNXRsuRZ0KUomQx0=","jWX8R8ReoxJFrY+DgVUlBQhuD+toSUWj0ebWbUVDxUk=","legacyData"
"fcff9e62-d2ba-414d-96b9-892a82d57d65","DEJU_049.basePlot.vst","2017-05-23","vst_DEJU_2016","D19","DEJU","DEJU_049",,"NEON.PLA.D19.DEJU.04513","ok","small shrub","Live",,,0.8,,,,0.3,0.2,,"cylinder",1.1,8,,,,"TMxCm91ndAnfOpD6M/XyoAyhNi1lNXRsuRZ0KUomQx0=","jWX8R8ReoxJFrY+DgVUlBQhuD+toSUWj0ebWbUVDxUk=","legacyData"
"724efb28-419e-494e-91e6-69d4b49ce4d4","DEJU_049.basePlot.vst","2017-05-23","vst_DEJU_2016","D19","DEJU","DEJU_049",,"NEON.PLA.D19.DEJU.00094","ok","small tree","Live, insect damaged",4.1,130,3.0,,,,,,,,,,,,,"TMxCm91ndAnfOpD6M/XyoAyhNi1lNXRsuRZ0KUomQx0=","jWX8R8ReoxJFrY+DgVUlBQhuD+toSUWj0ebWbUVDxUk=","legacyData"
"55c20738-5faa-4a86-b047-67ae78c8d8d6","DEJU_049.basePlot.vst","2017-05-23","vst_DEJU_2016","D19","DEJU","DEJU_049",,"NEON.PLA.D19.DEJU.00098","ok","small shrub","Live",,,0.8,,,,0.8,0.7,,"cylinder",1.2,10,,,,"TMxCm91ndAnfOpD6M/XyoAyhNi1lNXRsuRZ0KUomQx0=","jWX8R8ReoxJFrY+DgVUlBQhuD+toSUWj0ebWbUVDxUk=","legacyData"
"95c8866f-230e-4375-b6e5-483624e729ee","DEJU_049.basePlot.vst","2017-05-23","vst_DEJU_2016","D19","DEJU","DEJU_049",,"NEON.PLA.D19.DEJU.04706","ok","sapling","Live",,,0.7,,,,,,,,1.4,10,,,,"TMxCm91ndAnfOpD6M/XyoAyhNi1lNXRsuRZ0KUomQx0=","jWX8R8ReoxJFrY+DgVUlBQhuD+toSUWj0ebWbUVDxUk=","legacyData"
"354b94ac-3f69-4578-a2e5-65ad7465e1bf","DEJU_049.basePlot.vst","2017-05-23","vst_DEJU_2016","D19","DEJU","DEJU_049",,"NEON.PLA.D19.DEJU.00393","ok","multi-bole tree","Live",4.1,130,5.7,,,,,,,,,,,,,"TMxCm91ndAnfOpD6M/XyoAyhNi1lNXRsuRZ0KUomQx0=","jWX8R8ReoxJFrY+DgVUlBQhuD+toSUWj0ebWbUVDxUk=","legacyData"
"bfb664e0-e9af-4c55-8a45-462af8ef6bb9","DEJU_049.basePlot.vst","2017-05-23","vst_DEJU_2016","D19","DEJU","DEJU_049",,"NEON.PLA.D19.DEJU.00097","ok","sapling","Standing dead",,,0.6,,,,,,,,1.4,10,,,,"TMxCm91ndAnfOpD6M/XyoAyhNi1lNXRsuRZ0KUomQx0=","jWX8R8ReoxJFrY+DgVUlBQhuD+toSUWj0ebWbUVDxUk=","legacyData"
"7a945122-83b3-42f6-973b-1147e632093b","DEJU_049.basePlot.vst","2017-05-23","vst_DEJU_2016","D19","DEJU","DEJU_049",,"NEON.PLA.D19.DEJU.04718","ok","single bole tree","Live",14.7,130,9.0,,,,,,,,,,,,,"TMxCm91ndAnfOpD6M/XyoAyhNi1lNXRsuRZ0KUomQx0=","jWX8R8ReoxJFrY+DgVUlBQhuD+toSUWj0ebWbUVDxUk=","legacyData"
"07a585a8-e54c-418e-9232-553b53ab4ad8","DEJU_049.basePlot.vst","2017-05-23","vst_DEJU_2016","D19","DEJU","DEJU_049",,"NEON.PLA.D19.DEJU.00185","ok","single bole tree","Live",10.6,140,6.1,,,,,,,,,,,,,"TMxCm91ndAnfOpD6M/XyoAyhNi1lNXRsuRZ0KUomQx0=","jWX8R8ReoxJFrY+DgVUlBQhuD+toSUWj0ebWbUVDxUk=","legacyData"
"24cd26bb-7e6b-4d4c-832c-fcf6035967e2","DEJU_049.basePlot.vst","2017-05-23","vst_DEJU_2016","D19","DEJU","DEJU_049",,"NEON.PLA.D19.DEJU.04704","ok","sapling","Live",,,0.6,,,,,,,,1.6,10,,,,"TMxCm91ndAnfOpD6M/XyoAyhNi1lNXRsuRZ0KUomQx0=","jWX8R8ReoxJFrY+DgVUlBQhuD+toSUWj0ebWbUVDxUk=","legacyData"
"88a37ba2-91df-425e-9c6f-3c794d6af9d3","DEJU_049.basePlot.vst","2017-05-23","vst_DEJU_2016","D19","DEJU","DEJU_049",,"NEON.PLA.D19.DEJU.04703","ok","sapling","Live",,,0.4,,,,,,,,1.7,10,,,,"TMxCm91ndAnfOpD6M/XyoAyhNi1lNXRsuRZ0KUomQx0=","jWX8R8ReoxJFrY+DgVUlBQhuD+toSUWj0ebWbUVDxUk=","legacyData"
"7abcb67f-24d6-48e9-beae-e97523785cfd","DEJU_049.basePlot.vst","2017-05-23","vst_DEJU_2016","D19","DEJU","DEJU_049",,"NEON.PLA.D19.DEJU.04501","ok","sapling","Standing dead",,,1.1,,,,,,,,5.0,10,,,,"TMxCm91ndAnfOpD6M/XyoAyhNi1lNXRsuRZ0KUomQx0=","jWX8R8ReoxJFrY+DgVUlBQhuD+toSUWj0ebWbUVDxUk=","legacyData"
"d96ac7bc-e995-4f12-9981-fcabfc6c080b","DEJU_049.basePlot.vst","2017-05-23","vst_DEJU_2016","D19","DEJU","DEJU_049",,"NEON.PLA.D19.DEJU.00177","ok","small tree","Standing dead",3.3,130,4.8,,,,,,,,,,,,,"TMxCm91ndAnfOpD6M/XyoAyhNi1lNXRsuRZ0KUomQx0=","jWX8R8ReoxJFrY+DgVUlBQhuD+toSUWj0ebWbUVDxUk=","legacyData"
"723e16ae-b909-45ad-9873-33521e63ac7a","DEJU_049.basePlot.vst","2017-05-23","vst_DEJU_2016","D19","DEJU","DEJU_049",,"NEON.PLA.D19.DEJU.00391","ok","single bole tree","Live",11.6,130,6.4,,,,,,,,,,,,,"TMxCm91ndAnfOpD6M/XyoAyhNi1lNXRsuRZ0KUomQx0=","jWX8R8ReoxJFrY+DgVUlBQhuD+toSUWj0ebWbUVDxUk=","legacyData"
"426adc71-f962-4073-9263-930d7bd59f31","DEJU_049.basePlot.vst","2017-05-23","vst_DEJU_2016","D19","DEJU","DEJU_049",,"NEON.PLA.D19.DEJU.04716","ok","small tree","Live",3.3,130,3.0,,,,,,,,,,,,,"TMxCm91ndAnfOpD6M/XyoAyhNi1lNXRsuRZ0KUomQx0=","jWX8R8ReoxJFrY+DgVUlBQhuD+toSUWj0ebWbUVDxUk=","legacyData"
"276f100d-df26-4274-a94a-cd8b3260298c","DEJU_049.basePlot.vst","2017-05-23","vst_DEJU_2016","D19","DEJU","DEJU_049",,"NEON.PLA.D19.DEJU.00184","ok",,"No longer qualifies",,,,,,,,,,,,,,,,"TMxCm91ndAnfOpD6M/XyoAyhNi1lNXRsuRZ0KUomQx0=","jWX8R8ReoxJFrY+DgVUlBQhuD+toSUWj0ebWbUVDxUk=","legacyData"
"69b7c4f6-1795-4b1e-a73b-c9c12b2deaf0","DEJU_049.basePlot.vst","2017-05-23","vst_DEJU_2016","D19","DEJU","DEJU_049",,"NEON.PLA.D19.DEJU.04502","ok","sapling","Standing dead",,,1.6,,,,,,,,1.2,10,,,,"TMxCm91ndAnfOpD6M/XyoAyhNi1lNXRsuRZ0KUomQx0=","jWX8R8ReoxJFrY+DgVUlBQhuD+toSUWj0ebWbUVDxUk=","legacyData"
"f6aebd5c-e86b-4703-955a-ad87d11ce41e","DEJU_049.basePlot.vst","2017-05-23","vst_DEJU_2016","D19","DEJU","DEJU_049",,"NEON.PLA.D19.DEJU.04510","ok","small shrub","Standing dead",,,0.6,,,,0.5,0.4,,"cylinder",1.0,10,,,,"TMxCm91ndAnfOpD6M/XyoAyhNi1lNXRsuRZ0KUomQx0=","jWX8R8ReoxJFrY+DgVUlBQhuD+toSUWj0ebWbUVDxUk=","legacyData"
"a6a7d98c-cf29-4460-b1bd-016a339e905c","DEJU_049.basePlot.vst","2017-05-23","vst_DEJU_2016","D19","DEJU","DEJU_049",,"NEON.PLA.D19.DEJU.00175","ok",,"No longer qualifies",,,,,,,,,,,,,,,,"TMxCm91ndAnfOpD6M/XyoAyhNi1lNXRsuRZ0KUomQx0=","jWX8R8ReoxJFrY+DgVUlBQhuD+toSUWj0ebWbUVDxUk=","legacyData"
"2ded0984-e53a-41db-b0a5-607c572ecffb","DEJU_049.basePlot.vst","2017-05-23","vst_DEJU_2016","D19","DEJU","DEJU_049",,"NEON.PLA.D19.DEJU.00197","ok","single bole tree","Live",14.4,130,8.3,,,,,,,,,,,,,"TMxCm91ndAnfOpD6M/XyoAyhNi1lNXRsuRZ0KUomQx0=","jWX8R8ReoxJFrY+DgVUlBQhuD+toSUWj0ebWbUVDxUk=","legacyData"
"ae9a157e-50b7-4114-a2cc-c725651b65b7","DEJU_049.basePlot.vst","2017-05-23","vst_DEJU_2016","D19","DEJU","DEJU_049",,"NEON.PLA.D19.DEJU.04512","ok","small shrub","Live",,,0.7,,,,0.5,0.3,,"cylinder",1.2,10,,,,"TMxCm91ndAnfOpD6M/XyoAyhNi1lNXRsuRZ0KUomQx0=","jWX8R8ReoxJFrY+DgVUlBQhuD+toSUWj0ebWbUVDxUk=","legacyData"
"dab4a19b-0330-4e1b-a2a5-b75850a4ea33","DEJU_049.basePlot.vst","2017-05-23","vst_DEJU_2016","D19","DEJU","DEJU_049",,"NEON.PLA.D19.DEJU.04506","ok","small shrub","Live",,,0.9,,,,0.9,0.7,,"cylinder",1.1,10,,,,"TMxCm91ndAnfOpD6M/XyoAyhNi1lNXRsuRZ0KUomQx0=","jWX8R8ReoxJFrY+DgVUlBQhuD+toSUWj0ebWbUVDxUk=","legacyData"
"fe7b4e26-61fe-45b7-a3c2-1b30cb7a7081","DEJU_049.basePlot.vst","2017-05-23","vst_DEJU_2016","D19","DEJU","DEJU_049",,"NEON.PLA.D19.DEJU.00180","ok","small tree","Standing dead",4.8,130,2.5,,,,,,,,,,,,,"TMxCm91ndAnfOpD6M/XyoAyhNi1lNXRsuRZ0KUomQx0=","jWX8R8ReoxJFrY+DgVUlBQhuD+toSUWj0ebWbUVDxUk=","legacyData"
"adda6ba3-1d40-4ec9-9ab6-345089cb43eb","DEJU_049.basePlot.vst","2017-05-23","vst_DEJU_2016","D19","DEJU","DEJU_049",,"NEON.PLA.D19.DEJU.04713","ok","small tree","Live",1.7,130,1.7,,,,,,,,1.0,,,,,"TMxCm91ndAnfOpD6M/XyoAyhNi1lNXRsuRZ0KUomQx0=","jWX8R8ReoxJFrY+DgVUlBQhuD+toSUWj0ebWbUVDxUk=","legacyData"
"b866ced8-41e3-4f03-880d-f1703844a611","DEJU_049.basePlot.vst","2017-05-23","vst_DEJU_2016","D19","DEJU","DEJU_049",,"NEON.PLA.D19.DEJU.00097","ok","sapling","Standing dead",,,0.6,,,,,,,,1.2,10,,,,"TMxCm91ndAnfOpD6M/XyoAyhNi1lNXRsuRZ0KUomQx0=","jWX8R8ReoxJFrY+DgVUlBQhuD+toSUWj0ebWbUVDxUk=","legacyData"
"0862c02a-2be8-4081-8f0f-674793623504","DEJU_049.basePlot.vst","2017-05-23","vst_DEJU_2016","D19","DEJU","DEJU_049",,"NEON.PLA.D19.DEJU.00398","ok","sapling","Standing dead",,,0.6,,,,,,,,1.1,10,,,,"TMxCm91ndAnfOpD6M/XyoAyhNi1lNXRsuRZ0KUomQx0=","jWX8R8ReoxJFrY+DgVUlBQhuD+toSUWj0ebWbUVDxUk=","legacyData"
"39394f62-6c7e-43b8-a785-a8d1cd717554","DEJU_049.basePlot.vst","2017-05-23","vst_DEJU_2016","D19","DEJU","DEJU_049",,"NEON.PLA.D19.DEJU.04515","ok","small shrub","Standing dead",,,0.9,,,,0.6,0.2,,"cylinder",1.0,10,,,,"TMxCm91ndAnfOpD6M/XyoAyhNi1lNXRsuRZ0KUomQx0=","jWX8R8ReoxJFrY+DgVUlBQhuD+toSUWj0ebWbUVDxUk=","legacyData"
"c062109d-7bfb-41da-a772-8adefe4080e4","DEJU_049.basePlot.vst","2017-05-23","vst_DEJU_2016","D19","DEJU","DEJU_049",,"NEON.PLA.D19.DEJU.00089","ok",,"No longer qualifies",,,,,,,,,,,,,,,,"TMxCm91ndAnfOpD6M/XyoAyhNi1lNXRsuRZ0KUomQx0=","jWX8R8ReoxJFrY+DgVUlBQhuD+toSUWj0ebWbUVDxUk=","legacyData"
"9946e5d9-0989-4deb-a885-5c3e543ecb77","DEJU_049.basePlot.vst","2017-05-23","vst_DEJU_2016","D19","DEJU","DEJU_049",,"NEON.PLA.D19.DEJU.00198","ok","single bole tree","Live,  other damage",12.3,130,5.9,,,,,,,,,,,,"Crown damage","TMxCm91ndAnfOpD6M/XyoAyhNi1lNXRsuRZ0KUomQx0=","jWX8R8ReoxJFrY+DgVUlBQhuD+toSUWj0ebWbUVDxUk=","legacyData"
"6f5199a5-1ccb-47ad-a08b-77ad1a2f1460","DEJU_049.basePlot.vst","2017-05-23","vst_DEJU_2016","D19","DEJU","DEJU_049",,"NEON.PLA.D19.DEJU.00090","ok",,"No longer qualifies",,,,,,,,,,,,,,,,"TMxCm91ndAnfOpD6M/XyoAyhNi1lNXRsuRZ0KUomQx0=","jWX8R8ReoxJFrY+DgVUlBQhuD+toSUWj0ebWbUVDxUk=","legacyData"
"b18a5839-7412-4615-acac-ad175f86bcd0","DEJU_049.basePlot.vst","2017-05-23","vst_DEJU_2016","D19","DEJU","DEJU_049",,"NEON.PLA.D19.DEJU.00397","ok","sapling","Live",,,0.7,,,,,,,,1.2,10,,,,"TMxCm91ndAnfOpD6M/XyoAyhNi1lNXRsuRZ0KUomQx0=","jWX8R8ReoxJFrY+DgVUlBQhuD+toSUWj0ebWbUVDxUk=","legacyData"
"bb376c94-eb5f-4748-ab2a-e9bcd4f50257","DEJU_049.basePlot.vst","2017-05-23","vst_DEJU_2016","D19","DEJU","DEJU_049",,"NEON.PLA.D19.DEJU.04705","ok","sapling","Live,  other damage",,,0.7,,,,,,,,2.5,10,,,,"TMxCm91ndAnfOpD6M/XyoAyhNi1lNXRsuRZ0KUomQx0=","jWX8R8ReoxJFrY+DgVUlBQhuD+toSUWj0ebWbUVDxUk=","legacyData"
"d02960a7-9e23-4347-8da0-caac515528b5","DEJU_049.basePlot.vst","2017-05-23","vst_DEJU_2016","D19","DEJU","DEJU_049",,"NEON.PLA.D19.DEJU.04714","ok","sapling","Standing dead",,,0.8,,,,,,,,1.4,10,,,,"TMxCm91ndAnfOpD6M/XyoAyhNi1lNXRsuRZ0KUomQx0=","jWX8R8ReoxJFrY+DgVUlBQhuD+toSUWj0ebWbUVDxUk=","legacyData"
"4f00a1ac-0049-4ba6-b7a1-1bc7f023fecc","DEJU_049.basePlot.vst","2017-05-23","vst_DEJU_2016","D19","DEJU","DEJU_049",,"NEON.PLA.D19.DEJU.00172","ok","single bole tree","Live",10.9,140,5.2,,,,,,,,,,,,,"TMxCm91ndAnfOpD6M/XyoAyhNi1lNXRsuRZ0KUomQx0=","jWX8R8ReoxJFrY+DgVUlBQhuD+toSUWj0ebWbUVDxUk=","legacyData"
"41ebe411-f9d6-497c-8d21-dfec3e95b6ce","DEJU_049.basePlot.vst","2017-05-23","vst_DEJU_2016","D19","DEJU","DEJU_049",,"NEON.PLA.D19.DEJU.00300","ok","single bole tree","Live",13.0,130,5.5,,,,,,,,,,,,,"TMxCm91ndAnfOpD6M/XyoAyhNi1lNXRsuRZ0KUomQx0=","jWX8R8ReoxJFrY+DgVUlBQhuD+toSUWj0ebWbUVDxUk=","legacyData"
"d11097cc-3607-446e-8048-bddad014c617","DEJU_049.basePlot.vst","2017-05-23","vst_DEJU_2016","D19","DEJU","DEJU_049",,"NEON.PLA.D19.DEJU.04505","ok","sapling","Standing dead",,,1.4,,,,,,,,2.2,10,,,,"TMxCm91ndAnfOpD6M/XyoAyhNi1lNXRsuRZ0KUomQx0=","jWX8R8ReoxJFrY+DgVUlBQhuD+toSUWj0ebWbUVDxUk=","legacyData"
"38bae245-b16b-4f0c-b1ff-559f8605c004","DEJU_049.basePlot.vst","2017-05-23","vst_DEJU_2016","D19","DEJU","DEJU_049",,"NEON.PLA.D19.DEJU.00189","ok","small shrub","Live",,,0.7,,,,0.5,0.5,,"cylinder",1.3,10,,,,"TMxCm91ndAnfOpD6M/XyoAyhNi1lNXRsuRZ0KUomQx0=","jWX8R8ReoxJFrY+DgVUlBQhuD+toSUWj0ebWbUVDxUk=","legacyData"
"d5583ae0-b942-439e-a59f-5f0c05b080ed","DEJU_049.basePlot.vst","2017-05-23","vst_DEJU_2016","D19","DEJU","DEJU_049",,"NEON.PLA.D19.DEJU.04709","ok","sapling","Live",,,0.9,,,,,,,,2.5,10,,,,"TMxCm91ndAnfOpD6M/XyoAyhNi1lNXRsuRZ0KUomQx0=","jWX8R8ReoxJFrY+DgVUlBQhuD+toSUWj0ebWbUVDxUk=","legacyData"
"6fa3e388-b4c0-4807-8811-22da9d99161c","DEJU_049.basePlot.vst","2017-05-23","vst_DEJU_2016","D19","DEJU","DEJU_049",,"NEON.PLA.D19.DEJU.00299","ok","single bole tree","Live",22.9,130,11.6,,,,,,,,,,,,,"TMxCm91ndAnfOpD6M/XyoAyhNi1lNXRsuRZ0KUomQx0=","jWX8R8ReoxJFrY+DgVUlBQhuD+toSUWj0ebWbUVDxUk=","legacyData"
"57629873-bb08-4eac-aa8c-6aaf9432bb07","DEJU_049.basePlot.vst","2017-05-23","vst_DEJU_2016","D19","DEJU","DEJU_049",,"NEON.PLA.D19.DEJU.00169","ok","single bole tree","Live",25.6,135,10.1,,,,,,,,,,,,,"TMxCm91ndAnfOpD6M/XyoAyhNi1lNXRsuRZ0KUomQx0=","jWX8R8ReoxJFrY+DgVUlBQhuD+toSUWj0ebWbUVDxUk=","legacyData"
"c3db476b-fed7-497d-8d87-8d50f979285a","DEJU_047.basePlot.vst","2017-05-24","vst_DEJU_2016","D19","DEJU","DEJU_047",,"NEON.PLA.D19.DEJU.00368","ok","sapling","Standing dead",,,1.0,,,,,,,,2.0,10,,,,"Rrox/5DLJhW4X3GMJF1uErPrG19WF5LaQN5/6q2QGf0=","jWX8R8ReoxJFrY+DgVUlBQhuD+toSUWj0ebWbUVDxUk=","legacyData"
"2de4dfac-76fa-4305-9d0b-d758f4d8e5ad","DEJU_047.basePlot.vst","2017-05-24","vst_DEJU_2016","D19","DEJU","DEJU_047",,"NEON.PLA.D19.DEJU.00214","ok","single bole tree","Live,  other damage",15.7,130,9.7,,,,,,,,,,,,,"Rrox/5DLJhW4X3GMJF1uErPrG19WF5LaQN5/6q2QGf0=","jWX8R8ReoxJFrY+DgVUlBQhuD+toSUWj0ebWbUVDxUk=","legacyData"
"10215326-e64d-4786-97ff-cf251f387d96","DEJU_047.basePlot.vst","2017-05-24","vst_DEJU_2016","D19","DEJU","DEJU_047",,"NEON.PLA.D19.DEJU.00217","ok","single bole tree","Live",10.9,140,7.8,,,,,,,,,,,,,"Rrox/5DLJhW4X3GMJF1uErPrG19WF5LaQN5/6q2QGf0=","jWX8R8ReoxJFrY+DgVUlBQhuD+toSUWj0ebWbUVDxUk=","legacyData"
"396ebeee-4149-4f4e-9765-1e1ebc6ce895","DEJU_047.basePlot.vst","2017-05-24","vst_DEJU_2016","D19","DEJU","DEJU_047",,"NEON.PLA.D19.DEJU.00381","ok","sapling","Standing dead",,,0.6,,,,,,,,3.4,10,,,,"Rrox/5DLJhW4X3GMJF1uErPrG19WF5LaQN5/6q2QGf0=","jWX8R8ReoxJFrY+DgVUlBQhuD+toSUWj0ebWbUVDxUk=","legacyData"
"634228fc-e4cd-4fdd-b90d-9a1db0ee602c","DEJU_047.basePlot.vst","2017-05-24","vst_DEJU_2016","D19","DEJU","DEJU_047",,"NEON.PLA.D19.DEJU.00240","ok","single bole tree","Live",19.0,130,9.6,,,,,,,,,,,,,"Rrox/5DLJhW4X3GMJF1uErPrG19WF5LaQN5/6q2QGf0=","jWX8R8ReoxJFrY+DgVUlBQhuD+toSUWj0ebWbUVDxUk=","legacyData"
"f6d2177b-8a17-4ba7-b248-24c3f1045099","DEJU_047.basePlot.vst","2017-05-24","vst_DEJU_2016","D19","DEJU","DEJU_047",,"NEON.PLA.D19.DEJU.00232","ok","single bole tree","Live",11.0,130,7.3,,,,,,,,,,,,,"Rrox/5DLJhW4X3GMJF1uErPrG19WF5LaQN5/6q2QGf0=","jWX8R8ReoxJFrY+DgVUlBQhuD+toSUWj0ebWbUVDxUk=","legacyData"
"18798fd8-c846-413f-b335-a1174e0b0e40","DEJU_047.basePlot.vst","2017-05-24","vst_DEJU_2016","D19","DEJU","DEJU_047",,"NEON.PLA.D19.DEJU.00355","ok","single bole tree","Live",13.8,130,8.6,,,,,,,,,,,,,"Rrox/5DLJhW4X3GMJF1uErPrG19WF5LaQN5/6q2QGf0=","jWX8R8ReoxJFrY+DgVUlBQhuD+toSUWj0ebWbUVDxUk=","legacyData"
"468a49ae-f4c8-488f-8a7b-edddce8e79a8","DEJU_047.basePlot.vst","2017-05-24","vst_DEJU_2016","D19","DEJU","DEJU_047",,"NEON.PLA.D19.DEJU.00329","ok","single bole tree","Live",10.2,130,4.1,,,,,,,,,,,,,"Rrox/5DLJhW4X3GMJF1uErPrG19WF5LaQN5/6q2QGf0=","jWX8R8ReoxJFrY+DgVUlBQhuD+toSUWj0ebWbUVDxUk=","legacyData"
"9fd3a700-1f57-4704-85af-0c96f5722ebe","DEJU_047.basePlot.vst","2017-05-24","vst_DEJU_2016","D19","DEJU","DEJU_047",,"NEON.PLA.D19.DEJU.00372","ok","sapling","Standing dead",,,1.1,,,,,,,,1.7,10,,,,"Rrox/5DLJhW4X3GMJF1uErPrG19WF5LaQN5/6q2QGf0=","jWX8R8ReoxJFrY+DgVUlBQhuD+toSUWj0ebWbUVDxUk=","legacyData"
"91e83085-3974-4ff7-8744-1c4b7406dbc1","DEJU_047.basePlot.vst","2017-05-24","vst_DEJU_2016","D19","DEJU","DEJU_047",,"NEON.PLA.D19.DEJU.00328","ok","single bole tree","Standing dead",11.6,130,4.2,,,,,,,,,,,,,"Rrox/5DLJhW4X3GMJF1uErPrG19WF5LaQN5/6q2QGf0=","jWX8R8ReoxJFrY+DgVUlBQhuD+toSUWj0ebWbUVDxUk=","legacyData"
"839440f2-abe1-4ef5-ab04-6b6c530f6de8","DEJU_047.basePlot.vst","2017-05-24","vst_DEJU_2016","D19","DEJU","DEJU_047",,"NEON.PLA.D19.DEJU.00253","ok","single bole tree","Live",14.4,130,8.6,,,,,,,,,,,,,"Rrox/5DLJhW4X3GMJF1uErPrG19WF5LaQN5/6q2QGf0=","jWX8R8ReoxJFrY+DgVUlBQhuD+toSUWj0ebWbUVDxUk=","legacyData"
"562ffbba-b12e-4f0e-82c2-d749d64fb9e3","DEJU_047.basePlot.vst","2017-05-24","vst_DEJU_2016","D19","DEJU","DEJU_047",,"NEON.PLA.D19.DEJU.04720","ok","sapling","Standing dead",,,0.6,,,,,,,,1.2,10,,,,"Rrox/5DLJhW4X3GMJF1uErPrG19WF5LaQN5/6q2QGf0=","jWX8R8ReoxJFrY+DgVUlBQhuD+toSUWj0ebWbUVDxUk=","legacyData"
"d1789a72-b82f-4685-8f92-3f487a7a8d6f","DEJU_047.basePlot.vst","2017-05-24","vst_DEJU_2016","D19","DEJU","DEJU_047",,"NEON.PLA.D19.DEJU.00306","ok","small tree","Live",2.1,130,2.8,,,,,,,,,,,,,"Rrox/5DLJhW4X3GMJF1uErPrG19WF5LaQN5/6q2QGf0=","jWX8R8ReoxJFrY+DgVUlBQhuD+toSUWj0ebWbUVDxUk=","legacyData"
"1ba1d3ba-8733-4d3d-9e83-95cdf47f2160","DEJU_047.basePlot.vst","2017-05-24","vst_DEJU_2016","D19","DEJU","DEJU_047",,"NEON.PLA.D19.DEJU.00221","ok","single bole tree","Live",14.0,130,10.1,,,,,,,,,,,,,"Rrox/5DLJhW4X3GMJF1uErPrG19WF5LaQN5/6q2QGf0=","jWX8R8ReoxJFrY+DgVUlBQhuD+toSUWj0ebWbUVDxUk=","legacyData"
"4917c878-a5bb-4694-93da-30c9db9c6710","DEJU_047.basePlot.vst","2017-05-24","vst_DEJU_2016","D19","DEJU","DEJU_047",,"NEON.PLA.D19.DEJU.00371","ok","sapling","Standing dead",,,1.6,,,,,,,,1.4,10,,,,"Rrox/5DLJhW4X3GMJF1uErPrG19WF5LaQN5/6q2QGf0=","jWX8R8ReoxJFrY+DgVUlBQhuD+toSUWj0ebWbUVDxUk=","legacyData"
"1dec572d-b63b-45b4-b221-93d4aa34f75e","DEJU_047.basePlot.vst","2017-05-24","vst_DEJU_2016","D19","DEJU","DEJU_047",,"NEON.PLA.D19.DEJU.00351","ok","single bole tree","Live",15.2,130,4.9,,,,,,,,,,,,,"Rrox/5DLJhW4X3GMJF1uErPrG19WF5LaQN5/6q2QGf0=","jWX8R8ReoxJFrY+DgVUlBQhuD+toSUWj0ebWbUVDxUk=","legacyData"
"d839da6a-ae07-4d28-9459-d272772d083d","DEJU_047.basePlot.vst","2017-05-24","vst_DEJU_2016","D19","DEJU","DEJU_047",,"NEON.PLA.D19.DEJU.00352","ok","single bole tree","Live",11.3,130,4.8,,,,,,,,,,,,,"Rrox/5DLJhW4X3GMJF1uErPrG19WF5LaQN5/6q2QGf0=","jWX8R8ReoxJFrY+DgVUlBQhuD+toSUWj0ebWbUVDxUk=","legacyData"
"b0c4f197-0aa4-4f7c-a6cd-ab18d8d39526","DEJU_047.basePlot.vst","2017-05-24","vst_DEJU_2016","D19","DEJU","DEJU_047",,"NEON.PLA.D19.DEJU.00387","ok","sapling","Live",,,0.9,,,,,,,,1.3,10,,,,"Rrox/5DLJhW4X3GMJF1uErPrG19WF5LaQN5/6q2QGf0=","jWX8R8ReoxJFrY+DgVUlBQhuD+toSUWj0ebWbUVDxUk=","legacyData"
"6ec8906b-c6b0-4393-87b4-8b56e2a9d545","DEJU_047.basePlot.vst","2017-05-24","vst_DEJU_2016","D19","DEJU","DEJU_047",,"NEON.PLA.D19.DEJU.00225","ok","single bole tree","Live",14.1,14,7.7,,,,,,,,,,,,,"Rrox/5DLJhW4X3GMJF1uErPrG19WF5LaQN5/6q2QGf0=","jWX8R8ReoxJFrY+DgVUlBQhuD+toSUWj0ebWbUVDxUk=","legacyData"
"a883a0f3-5373-4578-bc49-e05e282406b3","DEJU_047.basePlot.vst","2017-05-24","vst_DEJU_2016","D19","DEJU","DEJU_047",,"NEON.PLA.D19.DEJU.00340","ok",,"No longer qualifies",,,,,,,,,,,,,,,,"Rrox/5DLJhW4X3GMJF1uErPrG19WF5LaQN5/6q2QGf0=","jWX8R8ReoxJFrY+DgVUlBQhuD+toSUWj0ebWbUVDxUk=","legacyData"
"79c39901-3861-4e4b-a06b-a7d671a09349","DEJU_047.basePlot.vst","2017-05-24","vst_DEJU_2016","D19","DEJU","DEJU_047",,"NEON.PLA.D19.DEJU.00341","ok","single bole tree","Live",13.5,130,8.3,,,,,,,,,,,,,"Rrox/5DLJhW4X3GMJF1uErPrG19WF5LaQN5/6q2QGf0=","jWX8R8ReoxJFrY+DgVUlBQhuD+toSUWj0ebWbUVDxUk=","legacyData"
"b275247b-9cec-4117-b20c-b0245504edde","DEJU_047.basePlot.vst","2017-05-24","vst_DEJU_2016","D19","DEJU","DEJU_047",,"NEON.PLA.D19.DEJU.04722","ok","sapling","Live",,,0.9,,,,,,,,1.0,10,,,,"Rrox/5DLJhW4X3GMJF1uErPrG19WF5LaQN5/6q2QGf0=","jWX8R8ReoxJFrY+DgVUlBQhuD+toSUWj0ebWbUVDxUk=","legacyData"
"615c2e1c-fe6c-41b7-a753-ba9c5352870c","DEJU_047.basePlot.vst","2017-05-24","vst_DEJU_2016","D19","DEJU","DEJU_047",,"NEON.PLA.D19.DEJU.00350","ok","single bole tree","Live",13.0,130,5.9,,,,,,,,,,,,,"Rrox/5DLJhW4X3GMJF1uErPrG19WF5LaQN5/6q2QGf0=","jWX8R8ReoxJFrY+DgVUlBQhuD+toSUWj0ebWbUVDxUk=","legacyData"
"90fd030b-bf11-4fbd-9dc2-54295233208b","DEJU_047.basePlot.vst","2017-05-24","vst_DEJU_2016","D19","DEJU","DEJU_047",,"NEON.PLA.D19.DEJU.00326","ok","single bole tree","Live",12.3,130,7.2,,,,,,,,,,,,,"Rrox/5DLJhW4X3GMJF1uErPrG19WF5LaQN5/6q2QGf0=","jWX8R8ReoxJFrY+DgVUlBQhuD+toSUWj0ebWbUVDxUk=","legacyData"
"cf6129cb-7a65-458b-8b5f-96e582800de2","DEJU_047.basePlot.vst","2017-05-24","vst_DEJU_2016","D19","DEJU","DEJU_047",,"NEON.PLA.D19.DEJU.00202","ok","single bole tree","Live",11.1,130,7.2,,,,,,,,,,,,,"Rrox/5DLJhW4X3GMJF1uErPrG19WF5LaQN5/6q2QGf0=","jWX8R8ReoxJFrY+DgVUlBQhuD+toSUWj0ebWbUVDxUk=","legacyData"
"822d3d12-5ea0-42e8-b550-bcbff345d3ee","DEJU_047.basePlot.vst","2017-05-24","vst_DEJU_2016","D19","DEJU","DEJU_047",,"NEON.PLA.D19.DEJU.00252","ok","single bole tree","Live, physically damaged",10.8,130,4.9,,,,,,,,,,,,,"Rrox/5DLJhW4X3GMJF1uErPrG19WF5LaQN5/6q2QGf0=","jWX8R8ReoxJFrY+DgVUlBQhuD+toSUWj0ebWbUVDxUk=","legacyData"
"c8d0c4a9-a691-4bb1-be25-6603071969be","DEJU_047.basePlot.vst","2017-05-24","vst_DEJU_2016","D19","DEJU","DEJU_047",,"NEON.PLA.D19.DEJU.00387","ok","sapling","Live",,,0.9,,,,,,,,1.3,10,,,,"Rrox/5DLJhW4X3GMJF1uErPrG19WF5LaQN5/6q2QGf0=","jWX8R8ReoxJFrY+DgVUlBQhuD+toSUWj0ebWbUVDxUk=","legacyData"
"64dbd9c0-c5b2-48c3-8ed1-835ebc8bde17","DEJU_047.basePlot.vst","2017-05-24","vst_DEJU_2016","D19","DEJU","DEJU_047",,"NEON.PLA.D19.DEJU.00380","ok","small tree","Live",6.3,130,2.2,,,,,,,,,,,,,"Rrox/5DLJhW4X3GMJF1uErPrG19WF5LaQN5/6q2QGf0=","jWX8R8ReoxJFrY+DgVUlBQhuD+toSUWj0ebWbUVDxUk=","legacyData"
"dd997531-3684-4750-acfb-74d5d8d52565","DEJU_047.basePlot.vst","2017-05-24","vst_DEJU_2016","D19","DEJU","DEJU_047",,"NEON.PLA.D19.DEJU.00331","ok","single bole tree","Live",11.7,130,5.8,,,,,,,,,,,,,"Rrox/5DLJhW4X3GMJF1uErPrG19WF5LaQN5/6q2QGf0=","jWX8R8ReoxJFrY+DgVUlBQhuD+toSUWj0ebWbUVDxUk=","legacyData"
"0a58c656-d42b-453f-b94f-88f0fcf36bc8","DEJU_047.basePlot.vst","2017-05-24","vst_DEJU_2016","D19","DEJU","DEJU_047",,"NEON.PLA.D19.DEJU.00305","ok","small tree","Live",1.8,130,2.4,,,,,,,,,,,,,"Rrox/5DLJhW4X3GMJF1uErPrG19WF5LaQN5/6q2QGf0=","jWX8R8ReoxJFrY+DgVUlBQhuD+toSUWj0ebWbUVDxUk=","legacyData"
"bfad755a-2793-4242-8f04-7e0dee608da8","DEJU_047.basePlot.vst","2017-05-24","vst_DEJU_2016","D19","DEJU","DEJU_047",,"NEON.PLA.D19.DEJU.00313","ok","small tree","Live",8.8,130,5.9,,,,,,,,,,,,,"Rrox/5DLJhW4X3GMJF1uErPrG19WF5LaQN5/6q2QGf0=","jWX8R8ReoxJFrY+DgVUlBQhuD+toSUWj0ebWbUVDxUk=","legacyData"
"d9f12f0b-3789-4731-b411-40b6d72bad40","DEJU_047.basePlot.vst","2017-05-24","vst_DEJU_2016","D19","DEJU","DEJU_047",,"NEON.PLA.D19.DEJU.00228","ok","single bole tree","Live",15.5,130,8.9,,,,,,,,,,,,,"Rrox/5DLJhW4X3GMJF1uErPrG19WF5LaQN5/6q2QGf0=","jWX8R8ReoxJFrY+DgVUlBQhuD+toSUWj0ebWbUVDxUk=","legacyData"
"cd5092e4-f5e6-4d8f-8e5f-375caef3b52c","DEJU_047.basePlot.vst","2017-05-24","vst_DEJU_2016","D19","DEJU","DEJU_047",,"NEON.PLA.D19.DEJU.00254","ok","multi-bole tree","Live, disease damaged",14.2,140,10.0,,,,,,,,,,,,,"Rrox/5DLJhW4X3GMJF1uErPrG19WF5LaQN5/6q2QGf0=","jWX8R8ReoxJFrY+DgVUlBQhuD+toSUWj0ebWbUVDxUk=","legacyData"
"964bca9e-b53b-4ecc-a348-06e5d3bfaa31","DEJU_047.basePlot.vst","2017-05-24","vst_DEJU_2016","D19","DEJU","DEJU_047",,"NEON.PLA.D19.DEJU.00216","ok","single bole tree","Live,  other damage",16.7,140,8.9,,,,,,,,,,,,,"Rrox/5DLJhW4X3GMJF1uErPrG19WF5LaQN5/6q2QGf0=","jWX8R8ReoxJFrY+DgVUlBQhuD+toSUWj0ebWbUVDxUk=","legacyData"
"e244f338-7725-4c18-ab8b-2340e69a1947","DEJU_047.basePlot.vst","2017-05-24","vst_DEJU_2016","D19","DEJU","DEJU_047",,"NEON.PLA.D19.DEJU.00375","ok","small tree","Standing dead",3.1,130,2.0,,,,,,,,,,,,,"Rrox/5DLJhW4X3GMJF1uErPrG19WF5LaQN5/6q2QGf0=","jWX8R8ReoxJFrY+DgVUlBQhuD+toSUWj0ebWbUVDxUk=","legacyData"
"d5ebdfdc-dfc7-4623-93d5-5d94b0dda4a4","DEJU_047.basePlot.vst","2017-05-24","vst_DEJU_2016","D19","DEJU","DEJU_047",,"NEON.PLA.D19.DEJU.00327","ok","single bole tree","Live",11.8,130,5.9,,,,,,,,,,,,,"Rrox/5DLJhW4X3GMJF1uErPrG19WF5LaQN5/6q2QGf0=","jWX8R8ReoxJFrY+DgVUlBQhuD+toSUWj0ebWbUVDxUk=","legacyData"
"508128ab-b864-4700-b904-ac4538cd3acb","DEJU_047.basePlot.vst","2017-05-24","vst_DEJU_2016","D19","DEJU","DEJU_047",,"NEON.PLA.D19.DEJU.00385","ok","small tree","No longer qualifies",,,,,,,,,,,,,,,,"Rrox/5DLJhW4X3GMJF1uErPrG19WF5LaQN5/6q2QGf0=","jWX8R8ReoxJFrY+DgVUlBQhuD+toSUWj0ebWbUVDxUk=","legacyData"
"0eedb08c-0947-4a01-a04d-53d8fccc48a5","DEJU_047.basePlot.vst","2017-05-24","vst_DEJU_2016","D19","DEJU","DEJU_047",,"NEON.PLA.D19.DEJU.00203","ok","single bole tree","Standing dead",10.0,130,5.2,,,,,,,,,,,,,"Rrox/5DLJhW4X3GMJF1uErPrG19WF5LaQN5/6q2QGf0=","jWX8R8ReoxJFrY+DgVUlBQhuD+toSUWj0ebWbUVDxUk=","legacyData"
"0469575b-124e-4d10-a6f4-c1143cfb6287","DEJU_047.basePlot.vst","2017-05-24","vst_DEJU_2016","D19","DEJU","DEJU_047",,"NEON.PLA.D19.DEJU.00254A","ok","multi-bole tree","Live",10.3,130,,,,,,,,,,,,,,"Rrox/5DLJhW4X3GMJF1uErPrG19WF5LaQN5/6q2QGf0=","jWX8R8ReoxJFrY+DgVUlBQhuD+toSUWj0ebWbUVDxUk=","legacyData"
"bbe9bdd2-e76f-4e6f-b17d-d6303dc84be4","DEJU_047.basePlot.vst","2017-05-24","vst_DEJU_2016","D19","DEJU","DEJU_047",,"NEON.PLA.D19.DEJU.00324","ok","single bole tree","No longer qualifies",9.6,130,3.9,,,,,,,,,,,,,"Rrox/5DLJhW4X3GMJF1uErPrG19WF5LaQN5/6q2QGf0=","jWX8R8ReoxJFrY+DgVUlBQhuD+toSUWj0ebWbUVDxUk=","legacyData"
"8d9015d6-0ab3-429c-b564-a9199b9781d3","DEJU_047.basePlot.vst","2017-05-24","vst_DEJU_2016","D19","DEJU","DEJU_047",,"NEON.PLA.D19.DEJU.00344","ok","single bole tree","Standing dead",13.2,130,6.9,,,,,,,,,,,,,"Rrox/5DLJhW4X3GMJF1uErPrG19WF5LaQN5/6q2QGf0=","jWX8R8ReoxJFrY+DgVUlBQhuD+toSUWj0ebWbUVDxUk=","legacyData"
"2ab534b0-a71a-47f7-a4ed-911017428630","DEJU_047.basePlot.vst","2017-05-24","vst_DEJU_2016","D19","DEJU","DEJU_047",,"NEON.PLA.D19.DEJU.00315","ok","small shrub","Standing dead",,,0.6,,,,0.4,0.2,,"cylinder",1.3,10,,,,"Rrox/5DLJhW4X3GMJF1uErPrG19WF5LaQN5/6q2QGf0=","jWX8R8ReoxJFrY+DgVUlBQhuD+toSUWj0ebWbUVDxUk=","legacyData"
"491eb1ba-0993-4577-899f-ed5cb11a6a59","DEJU_047.basePlot.vst","2017-05-24","vst_DEJU_2016","D19","DEJU","DEJU_047",,"NEON.PLA.D19.DEJU.00339","ok","single bole tree","Live",17.5,130,8.0,,,,,,,,,,,,,"Rrox/5DLJhW4X3GMJF1uErPrG19WF5LaQN5/6q2QGf0=","jWX8R8ReoxJFrY+DgVUlBQhuD+toSUWj0ebWbUVDxUk=","legacyData"
"7a8ad205-fba6-4867-b560-7ad5f38ce42a","DEJU_047.basePlot.vst","2017-05-24","vst_DEJU_2016","D19","DEJU","DEJU_047",,"NEON.PLA.D19.DEJU.00233","ok","single bole tree","Live",10.3,140,6.6,,,,,,,,,,,,,"Rrox/5DLJhW4X3GMJF1uErPrG19WF5LaQN5/6q2QGf0=","jWX8R8ReoxJFrY+DgVUlBQhuD+toSUWj0ebWbUVDxUk=","legacyData"
"604dc86f-e0a0-4bd6-86cf-e68a5de4adf7","DEJU_047.basePlot.vst","2017-05-24","vst_DEJU_2016","D19","DEJU","DEJU_047",,"NEON.PLA.D19.DEJU.00320","ok",,"No longer qualifies",,,,,,,,,,,,,,,,"Rrox/5DLJhW4X3GMJF1uErPrG19WF5LaQN5/6q2QGf0=","jWX8R8ReoxJFrY+DgVUlBQhuD+toSUWj0ebWbUVDxUk=","legacyData"
"009cec19-42b5-4b10-be4f-616ec2d79312","DEJU_047.basePlot.vst","2017-05-24","vst_DEJU_2016","D19","DEJU","DEJU_047",,"NEON.PLA.D19.DEJU.00249","ok","single bole tree","Live,  other damage",17.1,150,9.7,,,,,,,,,,,,,"Rrox/5DLJhW4X3GMJF1uErPrG19WF5LaQN5/6q2QGf0=","jWX8R8ReoxJFrY+DgVUlBQhuD+toSUWj0ebWbUVDxUk=","legacyData"
"65eb43e6-3a69-4844-9a9b-520dc606ebb3","DEJU_047.basePlot.vst","2017-05-24","vst_DEJU_2016","D19","DEJU","DEJU_047",,"NEON.PLA.D19.DEJU.00322","ok","single bole tree","Standing dead",10.3,130,3.6,,,,,,,,,,,,,"Rrox/5DLJhW4X3GMJF1uErPrG19WF5LaQN5/6q2QGf0=","jWX8R8ReoxJFrY+DgVUlBQhuD+toSUWj0ebWbUVDxUk=","legacyData"
"31cfd09b-a041-4257-a139-8d2f43de8e6c","DEJU_047.basePlot.vst","2017-05-24","vst_DEJU_2016","D19","DEJU","DEJU_047",,"NEON.PLA.D19.DEJU.00325","ok","single bole tree","Live",12.0,130,5.8,,,,,,,,,,,,,"Rrox/5DLJhW4X3GMJF1uErPrG19WF5LaQN5/6q2QGf0=","jWX8R8ReoxJFrY+DgVUlBQhuD+toSUWj0ebWbUVDxUk=","legacyData"
"d408dab1-80f3-4456-95e6-da4a84792de9","DEJU_047.basePlot.vst","2017-05-24","vst_DEJU_2016","D19","DEJU","DEJU_047",,"NEON.PLA.D19.DEJU.00201","ok","single bole tree","Live",10.9,150,7.8,,,,,,,,,,,,,"Rrox/5DLJhW4X3GMJF1uErPrG19WF5LaQN5/6q2QGf0=","jWX8R8ReoxJFrY+DgVUlBQhuD+toSUWj0ebWbUVDxUk=","legacyData"
"26c933b0-5e74-481f-9209-2832c73f7cd3","DEJU_047.basePlot.vst","2017-05-24","vst_DEJU_2016","D19","DEJU","DEJU_047",,"NEON.PLA.D19.DEJU.00363","ok","small tree","Live",3.0,130,2.3,,,,,,,,,,,,,"Rrox/5DLJhW4X3GMJF1uErPrG19WF5LaQN5/6q2QGf0=","jWX8R8ReoxJFrY+DgVUlBQhuD+toSUWj0ebWbUVDxUk=","legacyData"
"addf796e-f41c-4d47-bd9f-28a7a9db2ca8","DEJU_047.basePlot.vst","2017-05-24","vst_DEJU_2016","D19","DEJU","DEJU_047",,"NEON.PLA.D19.DEJU.00349","ok","single bole tree","Live",13.2,130,3.9,,,,,,,,,,,,,"Rrox/5DLJhW4X3GMJF1uErPrG19WF5LaQN5/6q2QGf0=","jWX8R8ReoxJFrY+DgVUlBQhuD+toSUWj0ebWbUVDxUk=","legacyData"
"8b6687f5-215d-4b2b-ab59-4d2bf6895a44","DEJU_047.basePlot.vst","2017-05-24","vst_DEJU_2016","D19","DEJU","DEJU_047",,"NEON.PLA.D19.DEJU.00242","ok","single bole tree","Live,  other damage",12.1,130,8.4,,,,,,,,,,,,,"Rrox/5DLJhW4X3GMJF1uErPrG19WF5LaQN5/6q2QGf0=","jWX8R8ReoxJFrY+DgVUlBQhuD+toSUWj0ebWbUVDxUk=","legacyData"
"4fe7e75a-abe1-4223-b176-f81cd836df35","DEJU_047.basePlot.vst","2017-05-24","vst_DEJU_2016","D19","DEJU","DEJU_047",,"NEON.PLA.D19.DEJU.00227","ok","single bole tree","Live",11.3,130,7.9,,,,,,,,,,,,,"Rrox/5DLJhW4X3GMJF1uErPrG19WF5LaQN5/6q2QGf0=","jWX8R8ReoxJFrY+DgVUlBQhuD+toSUWj0ebWbUVDxUk=","legacyData"
"5fcd2644-f589-447b-a5c3-901119b8b68b","DEJU_047.basePlot.vst","2017-05-24","vst_DEJU_2016","D19","DEJU","DEJU_047",,"NEON.PLA.D19.DEJU.00210","ok","single bole tree","Live,  other damage",18.7,130,10.9,,,,,,,,,,,,,"Rrox/5DLJhW4X3GMJF1uErPrG19WF5LaQN5/6q2QGf0=","jWX8R8ReoxJFrY+DgVUlBQhuD+toSUWj0ebWbUVDxUk=","legacyData"
"58bbebc4-2fc3-490c-9c0d-8dfd3c96c914","DEJU_047.basePlot.vst","2017-05-24","vst_DEJU_2016","D19","DEJU","DEJU_047",,"NEON.PLA.D19.DEJU.00318","ok","small shrub","Standing dead",,,0.8,,,,0.1,0.1,,"cylinder",1.4,10,,,,"Rrox/5DLJhW4X3GMJF1uErPrG19WF5LaQN5/6q2QGf0=","jWX8R8ReoxJFrY+DgVUlBQhuD+toSUWj0ebWbUVDxUk=","legacyData"
"33861c57-0cd2-47c2-9eab-a4a4516477c4","DEJU_047.basePlot.vst","2017-05-24","vst_DEJU_2016","D19","DEJU","DEJU_047",,"NEON.PLA.D19.DEJU.00374","ok","small tree","Live",8.0,130,4.0,,,,,,,,,,,,,"Rrox/5DLJhW4X3GMJF1uErPrG19WF5LaQN5/6q2QGf0=","jWX8R8ReoxJFrY+DgVUlBQhuD+toSUWj0ebWbUVDxUk=","legacyData"
"6dec7855-2e7e-4100-bd2c-cc2cefb83bdc","DEJU_047.basePlot.vst","2017-05-24","vst_DEJU_2016","D19","DEJU","DEJU_047",,"NEON.PLA.D19.DEJU.00335","ok","single bole tree","Live",13.4,130,7.7,,,,,,,,,,,,,"Rrox/5DLJhW4X3GMJF1uErPrG19WF5LaQN5/6q2QGf0=","jWX8R8ReoxJFrY+DgVUlBQhuD+toSUWj0ebWbUVDxUk=","legacyData"
"d2758bc7-2e8d-4599-9272-f71f5b27158e","DEJU_047.basePlot.vst","2017-05-24","vst_DEJU_2016","D19","DEJU","DEJU_047",,"NEON.PLA.D19.DEJU.00383","ok","sapling","Standing dead",,,0.5,,,,,,,,1.4,10,,,,"Rrox/5DLJhW4X3GMJF1uErPrG19WF5LaQN5/6q2QGf0=","jWX8R8ReoxJFrY+DgVUlBQhuD+toSUWj0ebWbUVDxUk=","legacyData"
"be2c3f29-be14-46f0-85ff-cea07ea73bef","DEJU_047.basePlot.vst","2017-05-24","vst_DEJU_2016","D19","DEJU","DEJU_047",,"NEON.PLA.D19.DEJU.00342","ok","single bole tree","Live",19.9,130,8.3,,,,,,,,,,,,,"Rrox/5DLJhW4X3GMJF1uErPrG19WF5LaQN5/6q2QGf0=","jWX8R8ReoxJFrY+DgVUlBQhuD+toSUWj0ebWbUVDxUk=","legacyData"
"94fe02e3-8080-422e-86a1-6b6908e7bebf","DEJU_047.basePlot.vst","2017-05-24","vst_DEJU_2016","D19","DEJU","DEJU_047",,"NEON.PLA.D19.DEJU.00224","ok","single bole tree","Live",12.8,130,8.9,,,,,,,,,,,,,"Rrox/5DLJhW4X3GMJF1uErPrG19WF5LaQN5/6q2QGf0=","jWX8R8ReoxJFrY+DgVUlBQhuD+toSUWj0ebWbUVDxUk=","legacyData"
"2258e2ae-d6e3-41b5-b319-064f2c7c48bb","DEJU_047.basePlot.vst","2017-05-24","vst_DEJU_2016","D19","DEJU","DEJU_047",,"NEON.PLA.D19.DEJU.00222","ok","single bole tree","Live",11.4,130,7.3,,,,,,,,,,,,,"Rrox/5DLJhW4X3GMJF1uErPrG19WF5LaQN5/6q2QGf0=","jWX8R8ReoxJFrY+DgVUlBQhuD+toSUWj0ebWbUVDxUk=","legacyData"
"bd01bb5f-25e9-49a0-bbc8-70d7d3e93e27","DEJU_047.basePlot.vst","2017-05-24","vst_DEJU_2016","D19","DEJU","DEJU_047",,"NEON.PLA.D19.DEJU.00386","ok","sapling","Live",,,0.7,,,,,,,,1.0,10,,,,"Rrox/5DLJhW4X3GMJF1uErPrG19WF5LaQN5/6q2QGf0=","jWX8R8ReoxJFrY+DgVUlBQhuD+toSUWj0ebWbUVDxUk=","legacyData"
"642344dd-7c33-4fea-88db-b1db8f8a9be2","DEJU_047.basePlot.vst","2017-05-24","vst_DEJU_2016","D19","DEJU","DEJU_047",,"NEON.PLA.D19.DEJU.00357","ok","single bole tree","Live",15.0,130,8.6,,,,,,,,,,,,,"Rrox/5DLJhW4X3GMJF1uErPrG19WF5LaQN5/6q2QGf0=","jWX8R8ReoxJFrY+DgVUlBQhuD+toSUWj0ebWbUVDxUk=","legacyData"
"9e71acbe-3241-40db-a834-31c359f78b5f","DEJU_047.basePlot.vst","2017-05-24","vst_DEJU_2016","D19","DEJU","DEJU_047",,"NEON.PLA.D19.DEJU.00335","ok","single bole tree","Live",11.5,130,5.5,,,,,,,,,,,,,"Rrox/5DLJhW4X3GMJF1uErPrG19WF5LaQN5/6q2QGf0=","jWX8R8ReoxJFrY+DgVUlBQhuD+toSUWj0ebWbUVDxUk=","legacyData"
"c0402385-98c9-4b1e-a4e7-01762d000166","DEJU_047.basePlot.vst","2017-05-24","vst_DEJU_2016","D19","DEJU","DEJU_047",,"NEON.PLA.D19.DEJU.00354","ok","single bole tree","Live",12.5,130,5.6,,,,,,,,,,,,,"Rrox/5DLJhW4X3GMJF1uErPrG19WF5LaQN5/6q2QGf0=","jWX8R8ReoxJFrY+DgVUlBQhuD+toSUWj0ebWbUVDxUk=","legacyData"
"94501c11-402c-48e0-b74c-b7a4007a3b16","DEJU_047.basePlot.vst","2017-05-24","vst_DEJU_2016","D19","DEJU","DEJU_047",,"NEON.PLA.D19.DEJU.00309","ok","sapling","Live",,,0.7,,,,,,,,1.7,10,,,,"Rrox/5DLJhW4X3GMJF1uErPrG19WF5LaQN5/6q2QGf0=","jWX8R8ReoxJFrY+DgVUlBQhuD+toSUWj0ebWbUVDxUk=","legacyData"
"39fe9638-b4fa-48ef-b690-1b50503c3437","DEJU_047.basePlot.vst","2017-05-24","vst_DEJU_2016","D19","DEJU","DEJU_047",,"NEON.PLA.D19.DEJU.00205","ok","single bole tree","Live,  other damage",14.4,130,7.6,,,,,,,,,,,,,"Rrox/5DLJhW4X3GMJF1uErPrG19WF5LaQN5/6q2QGf0=","jWX8R8ReoxJFrY+DgVUlBQhuD+toSUWj0ebWbUVDxUk=","legacyData"
"69910d12-b8c1-4c2f-be54-3f3c17872ed3","DEJU_047.basePlot.vst","2017-05-24","vst_DEJU_2016","D19","DEJU","DEJU_047",,"NEON.PLA.D19.DEJU.00312","ok","sapling","Standing dead",,,1.5,,,,,,,,2.2,10,,,,"Rrox/5DLJhW4X3GMJF1uErPrG19WF5LaQN5/6q2QGf0=","jWX8R8ReoxJFrY+DgVUlBQhuD+toSUWj0ebWbUVDxUk=","legacyData"
"1ab8146d-2d0b-4a74-ae2b-444059767826","DEJU_047.basePlot.vst","2017-05-24","vst_DEJU_2016","D19","DEJU","DEJU_047",,"NEON.PLA.D19.DEJU.00337","ok","single bole tree","Live",13.4,130,5.1,,,,,,,,,,,,,"Rrox/5DLJhW4X3GMJF1uErPrG19WF5LaQN5/6q2QGf0=","jWX8R8ReoxJFrY+DgVUlBQhuD+toSUWj0ebWbUVDxUk=","legacyData"
"616e6e03-2881-437f-b1dd-aed47f45a5c6","DEJU_047.basePlot.vst","2017-05-24","vst_DEJU_2016","D19","DEJU","DEJU_047",,"NEON.PLA.D19.DEJU.00336","ok","sapling","Standing dead",,,0.8,,,,,,,,1.9,10,,,,"Rrox/5DLJhW4X3GMJF1uErPrG19WF5LaQN5/6q2QGf0=","jWX8R8ReoxJFrY+DgVUlBQhuD+toSUWj0ebWbUVDxUk=","legacyData"
"93dc3af1-fe8d-41d8-80f5-270506a3b4ec","DEJU_047.basePlot.vst","2017-05-24","vst_DEJU_2016","D19","DEJU","DEJU_047",,"NEON.PLA.D19.DEJU.00376","ok","multi-bole tree","Live",11.0,140,6.0,,,,,,,,,,,,,"Rrox/5DLJhW4X3GMJF1uErPrG19WF5LaQN5/6q2QGf0=","jWX8R8ReoxJFrY+DgVUlBQhuD+toSUWj0ebWbUVDxUk=","legacyData"
"9699f289-d0ae-423a-9c11-1ab452a6f827","DEJU_047.basePlot.vst","2017-05-24","vst_DEJU_2016","D19","DEJU","DEJU_047",,"NEON.PLA.D19.DEJU.00255","ok","small tree","Live",5.5,130,5.0,,,,,,,,,,,,,"Rrox/5DLJhW4X3GMJF1uErPrG19WF5LaQN5/6q2QGf0=","jWX8R8ReoxJFrY+DgVUlBQhuD+toSUWj0ebWbUVDxUk=","legacyData"
"02f9a440-afda-459c-9d6d-85a495de9e42","DEJU_047.basePlot.vst","2017-05-24","vst_DEJU_2016","D19","DEJU","DEJU_047",,"NEON.PLA.D19.DEJU.00245","ok","single bole tree","Live",11.9,140,8.7,,,,,,,,,,,,,"Rrox/5DLJhW4X3GMJF1uErPrG19WF5LaQN5/6q2QGf0=","jWX8R8ReoxJFrY+DgVUlBQhuD+toSUWj0ebWbUVDxUk=","legacyData"
"1058dbe5-ff32-4bc1-83a5-ad85ce50c28b","DEJU_047.basePlot.vst","2017-05-24","vst_DEJU_2016","D19","DEJU","DEJU_047",,"NEON.PLA.D19.DEJU.00379","ok","small tree","Live",1.6,10,3.1,,,,,,,,,,,,,"Rrox/5DLJhW4X3GMJF1uErPrG19WF5LaQN5/6q2QGf0=","jWX8R8ReoxJFrY+DgVUlBQhuD+toSUWj0ebWbUVDxUk=","legacyData"
"d8e5166c-95b1-4653-9eba-249d8abb7f39","DEJU_047.basePlot.vst","2017-05-24","vst_DEJU_2016","D19","DEJU","DEJU_047",,"NEON.PLA.D19.DEJU.00307","ok","small tree","Live",2.5,130,2.9,,,,,,,,,,,,,"Rrox/5DLJhW4X3GMJF1uErPrG19WF5LaQN5/6q2QGf0=","jWX8R8ReoxJFrY+DgVUlBQhuD+toSUWj0ebWbUVDxUk=","legacyData"
"ea04e257-e145-4514-801e-2eb0860c8746","DEJU_047.basePlot.vst","2017-05-24","vst_DEJU_2016","D19","DEJU","DEJU_047",,"NEON.PLA.D19.DEJU.00321","ok",,"No longer qualifies",,,,,,,,,,,,,,,,"Rrox/5DLJhW4X3GMJF1uErPrG19WF5LaQN5/6q2QGf0=","jWX8R8ReoxJFrY+DgVUlBQhuD+toSUWj0ebWbUVDxUk=","legacyData"
"6791b405-5faf-4854-93a4-6d3b381ed355","DEJU_047.basePlot.vst","2017-05-24","vst_DEJU_2016","D19","DEJU","DEJU_047",,"NEON.PLA.D19.DEJU.00356","ok","single bole tree","Live",11.5,130,6.6,,,,,,,,,,,,,"Rrox/5DLJhW4X3GMJF1uErPrG19WF5LaQN5/6q2QGf0=","jWX8R8ReoxJFrY+DgVUlBQhuD+toSUWj0ebWbUVDxUk=","legacyData"
"8c84560b-0a2e-4001-b92c-f30fd13537ce","DEJU_047.basePlot.vst","2017-05-24","vst_DEJU_2016","D19","DEJU","DEJU_047",,"NEON.PLA.D19.DEJU.00361","ok","single bole tree","Live",11.6,130,5.3,,,,,,,,,,,,,"Rrox/5DLJhW4X3GMJF1uErPrG19WF5LaQN5/6q2QGf0=","jWX8R8ReoxJFrY+DgVUlBQhuD+toSUWj0ebWbUVDxUk=","legacyData"
"20e4a611-f92c-41fa-a1d8-28687572bde5","DEJU_047.basePlot.vst","2017-05-24","vst_DEJU_2016","D19","DEJU","DEJU_047",,"NEON.PLA.D19.DEJU.00209","ok","single bole tree","Live,  other damage",13.1,130,7.9,,,,,,,,,,,,,"Rrox/5DLJhW4X3GMJF1uErPrG19WF5LaQN5/6q2QGf0=","jWX8R8ReoxJFrY+DgVUlBQhuD+toSUWj0ebWbUVDxUk=","legacyData"
"f4827666-acc5-4b05-a92d-34bafc11c49b","DEJU_047.basePlot.vst","2017-05-24","vst_DEJU_2016","D19","DEJU","DEJU_047",,"NEON.PLA.D19.DEJU.00353","ok","single bole tree","Live",10.1,130,7.5,,,,,,,,,,,,,"Rrox/5DLJhW4X3GMJF1uErPrG19WF5LaQN5/6q2QGf0=","jWX8R8ReoxJFrY+DgVUlBQhuD+toSUWj0ebWbUVDxUk=","legacyData"
"d91a4065-286d-42f7-90da-f2ec03788af2","DEJU_047.basePlot.vst","2017-05-24","vst_DEJU_2016","D19","DEJU","DEJU_047",,"NEON.PLA.D19.DEJU.00382","ok","sapling","Live",,,0.6,,,,,,,,1.6,10,,,,"Rrox/5DLJhW4X3GMJF1uErPrG19WF5LaQN5/6q2QGf0=","jWX8R8ReoxJFrY+DgVUlBQhuD+toSUWj0ebWbUVDxUk=","legacyData"
"71d81d70-8aeb-45bc-bb2b-c55febf69e17","DEJU_047.basePlot.vst","2017-05-24","vst_DEJU_2016","D19","DEJU","DEJU_047",,"NEON.PLA.D19.DEJU.00338","ok","single bole tree","Live",15.9,130,6.3,,,,,,,,,,,,,"Rrox/5DLJhW4X3GMJF1uErPrG19WF5LaQN5/6q2QGf0=","jWX8R8ReoxJFrY+DgVUlBQhuD+toSUWj0ebWbUVDxUk=","legacyData"
"4359d10e-8eab-4d07-a10e-b4b423904889","DEJU_047.basePlot.vst","2017-05-24","vst_DEJU_2016","D19","DEJU","DEJU_047",,"NEON.PLA.D19.DEJU.00373","ok","small tree","Live",5.2,130,3.6,,,,,,,,,,,,,"Rrox/5DLJhW4X3GMJF1uErPrG19WF5LaQN5/6q2QGf0=","jWX8R8ReoxJFrY+DgVUlBQhuD+toSUWj0ebWbUVDxUk=","legacyData"
"dfd30a4f-5a94-4b54-8a80-f8f3cf28607f","DEJU_047.basePlot.vst","2017-05-24","vst_DEJU_2016","D19","DEJU","DEJU_047",,"NEON.PLA.D19.DEJU.00207","ok","single bole tree","Live,  other damage",11.5,130,6.2,,,,,,,,,,,,,"Rrox/5DLJhW4X3GMJF1uErPrG19WF5LaQN5/6q2QGf0=","jWX8R8ReoxJFrY+DgVUlBQhuD+toSUWj0ebWbUVDxUk=","legacyData"
"dab692ed-6b7f-4d8e-af37-d300aadcc3b3","DEJU_047.basePlot.vst","2017-05-24","vst_DEJU_2016","D19","DEJU","DEJU_047",,"NEON.PLA.D19.DEJU.00211","ok","single bole tree","Live",13.3,150,8.1,,,,,,,,,,,,,"Rrox/5DLJhW4X3GMJF1uErPrG19WF5LaQN5/6q2QGf0=","jWX8R8ReoxJFrY+DgVUlBQhuD+toSUWj0ebWbUVDxUk=","legacyData"
"0f115293-5247-4bed-a95a-8e7133db0fbb","DEJU_047.basePlot.vst","2017-05-24","vst_DEJU_2016","D19","DEJU","DEJU_047",,"NEON.PLA.D19.DEJU.00317","ok","sapling","Live",,,0.4,,,,,,,,2.8,10,,,,"Rrox/5DLJhW4X3GMJF1uErPrG19WF5LaQN5/6q2QGf0=","jWX8R8ReoxJFrY+DgVUlBQhuD+toSUWj0ebWbUVDxUk=","legacyData"
"587d9241-b688-4594-84a3-c8f83fe4de51","DEJU_047.basePlot.vst","2017-05-24","vst_DEJU_2016","D19","DEJU","DEJU_047",,"NEON.PLA.D19.DEJU.00323","ok","single bole tree","Live",11.9,130,5.6,,,,,,,,,,,,,"Rrox/5DLJhW4X3GMJF1uErPrG19WF5LaQN5/6q2QGf0=","jWX8R8ReoxJFrY+DgVUlBQhuD+toSUWj0ebWbUVDxUk=","legacyData"
"068196c6-65cf-4833-ba64-95cac3d897b8","DEJU_047.basePlot.vst","2017-05-24","vst_DEJU_2016","D19","DEJU","DEJU_047",,"NEON.PLA.D19.DEJU.00220A","ok","multi-bole tree","Live",10.5,140,,,,,,,,,,,,,,"Rrox/5DLJhW4X3GMJF1uErPrG19WF5LaQN5/6q2QGf0=","jWX8R8ReoxJFrY+DgVUlBQhuD+toSUWj0ebWbUVDxUk=","legacyData"
"b38a1879-b272-4110-ae5a-791e3bde63a2","DEJU_047.basePlot.vst","2017-05-24","vst_DEJU_2016","D19","DEJU","DEJU_047",,"NEON.PLA.D19.DEJU.00220B","ok","multi-bole tree","Live",6.8,140,,,,,,,,,,,,,,"Rrox/5DLJhW4X3GMJF1uErPrG19WF5LaQN5/6q2QGf0=","jWX8R8ReoxJFrY+DgVUlBQhuD+toSUWj0ebWbUVDxUk=","legacyData"
"9bd4cf6a-5374-4b48-aaa0-04ff859f4e73","DEJU_047.basePlot.vst","2017-05-24","vst_DEJU_2016","D19","DEJU","DEJU_047",,"NEON.PLA.D19.DEJU.00345","ok","single bole tree","Live",11.9,130,5.8,,,,,,,,,,,,,"Rrox/5DLJhW4X3GMJF1uErPrG19WF5LaQN5/6q2QGf0=","jWX8R8ReoxJFrY+DgVUlBQhuD+toSUWj0ebWbUVDxUk=","legacyData"
"09d3d485-1b1a-43ae-90ad-a15c722359d4","DEJU_047.basePlot.vst","2017-05-24","vst_DEJU_2016","D19","DEJU","DEJU_047",,"NEON.PLA.D19.DEJU.00330","ok","single bole tree","Live",20.7,140,11.7,,,,,,,,,,,,,"Rrox/5DLJhW4X3GMJF1uErPrG19WF5LaQN5/6q2QGf0=","jWX8R8ReoxJFrY+DgVUlBQhuD+toSUWj0ebWbUVDxUk=","legacyData"
"95b5dcfe-d1c6-4956-a82c-04525a064f78","DEJU_047.basePlot.vst","2017-05-24","vst_DEJU_2016","D19","DEJU","DEJU_047",,"NEON.PLA.D19.DEJU.00204","ok","single bole tree","Live",16.7,130,11.2,,,,,,,,,,,,,"Rrox/5DLJhW4X3GMJF1uErPrG19WF5LaQN5/6q2QGf0=","jWX8R8ReoxJFrY+DgVUlBQhuD+toSUWj0ebWbUVDxUk=","legacyData"
"9850a785-ecb5-4688-aa52-1395f32e11ce","DEJU_047.basePlot.vst","2017-05-24","vst_DEJU_2016","D19","DEJU","DEJU_047",,"NEON.PLA.D19.DEJU.00226","ok","single bole tree","Live, physically damaged",17.0,130,6.8,,,,,,,,,,,,,"Rrox/5DLJhW4X3GMJF1uErPrG19WF5LaQN5/6q2QGf0=","jWX8R8ReoxJFrY+DgVUlBQhuD+toSUWj0ebWbUVDxUk=","legacyData"
"aa28561b-4619-4510-b11a-56499e132a4d","DEJU_047.basePlot.vst","2017-05-24","vst_DEJU_2016","D19","DEJU","DEJU_047",,"NEON.PLA.D19.DEJU.00219","ok","single bole tree","Live",10.4,140,7.6,,,,,,,,,,,,,"Rrox/5DLJhW4X3GMJF1uErPrG19WF5LaQN5/6q2QGf0=","jWX8R8ReoxJFrY+DgVUlBQhuD+toSUWj0ebWbUVDxUk=","legacyData"
"0b4222d8-799d-45da-98ce-bd8f1e22e863","DEJU_047.basePlot.vst","2017-05-24","vst_DEJU_2016","D19","DEJU","DEJU_047",,"NEON.PLA.D19.DEJU.00343","ok","single bole tree","Live",13.7,130,7.9,,,,,,,,,,,,,"Rrox/5DLJhW4X3GMJF1uErPrG19WF5LaQN5/6q2QGf0=","jWX8R8ReoxJFrY+DgVUlBQhuD+toSUWj0ebWbUVDxUk=","legacyData"
"6e6ae0fe-bb70-4a04-8c16-eb9d55560be3","DEJU_047.basePlot.vst","2017-05-24","vst_DEJU_2016","D19","DEJU","DEJU_047",,"NEON.PLA.D19.DEJU.00346","ok","single bole tree","Live",13.9,130,8.3,,,,,,,,,,,,,"Rrox/5DLJhW4X3GMJF1uErPrG19WF5LaQN5/6q2QGf0=","jWX8R8ReoxJFrY+DgVUlBQhuD+toSUWj0ebWbUVDxUk=","legacyData"
"e4bdc6c4-6fa2-48eb-b959-2741f7945d18","DEJU_047.basePlot.vst","2017-05-24","vst_DEJU_2016","D19","DEJU","DEJU_047",,"NEON.PLA.D19.DEJU.00241","ok","single bole tree","Live, disease damaged",19.5,130,11.6,,,,,,,,,,,,,"Rrox/5DLJhW4X3GMJF1uErPrG19WF5LaQN5/6q2QGf0=","jWX8R8ReoxJFrY+DgVUlBQhuD+toSUWj0ebWbUVDxUk=","legacyData"
"32dc3eaf-cc0b-4df1-bf6b-969f2b6eb2b8","DEJU_047.basePlot.vst","2017-05-24","vst_DEJU_2016","D19","DEJU","DEJU_047",,"NEON.PLA.D19.DEJU.00248","ok","single bole tree","Standing dead",10.9,130,6.6,,,,,,,,,,,,,"Rrox/5DLJhW4X3GMJF1uErPrG19WF5LaQN5/6q2QGf0=","jWX8R8ReoxJFrY+DgVUlBQhuD+toSUWj0ebWbUVDxUk=","legacyData"
"344bf459-c964-4ca8-8e62-a473ac60a701","DEJU_047.basePlot.vst","2017-05-24","vst_DEJU_2016","D19","DEJU","DEJU_047",,"NEON.PLA.D19.DEJU.00095","ok","sapling","Standing dead",,,0.7,,,,,,,,1.6,10,,,,"Rrox/5DLJhW4X3GMJF1uErPrG19WF5LaQN5/6q2QGf0=","jWX8R8ReoxJFrY+DgVUlBQhuD+toSUWj0ebWbUVDxUk=","legacyData"
"6a10d206-44a2-43f4-a7d0-d195b1aebc08","DEJU_047.basePlot.vst","2017-05-24","vst_DEJU_2016","D19","DEJU","DEJU_047",,"NEON.PLA.D19.DEJU.00377","ok","single bole tree","Live,  other damage",16.0,140,9.1,,,,,,,,,,,,,"Rrox/5DLJhW4X3GMJF1uErPrG19WF5LaQN5/6q2QGf0=","jWX8R8ReoxJFrY+DgVUlBQhuD+toSUWj0ebWbUVDxUk=","legacyData"
"a1af4e52-0b56-4355-b642-e0147fc2951e","DEJU_047.basePlot.vst","2017-05-24","vst_DEJU_2016","D19","DEJU","DEJU_047",,"NEON.PLA.D19.DEJU.00333","ok","single bole tree","Live",14.2,130,8.1,,,,,,,,,,,,,"Rrox/5DLJhW4X3GMJF1uErPrG19WF5LaQN5/6q2QGf0=","jWX8R8ReoxJFrY+DgVUlBQhuD+toSUWj0ebWbUVDxUk=","legacyData"
"3761ec02-c2b9-4809-b743-41fb603b2cf5","DEJU_047.basePlot.vst","2017-05-24","vst_DEJU_2016","D19","DEJU","DEJU_047",,"NEON.PLA.D19.DEJU.00310","ok","sapling","Live",,,0.6,,,,,,,,1.2,12,,,,"Rrox/5DLJhW4X3GMJF1uErPrG19WF5LaQN5/6q2QGf0=","jWX8R8ReoxJFrY+DgVUlBQhuD+toSUWj0ebWbUVDxUk=","legacyData"
"362104db-caf6-4f82-9a87-7e2171550eee","DEJU_047.basePlot.vst","2017-05-24","vst_DEJU_2016","D19","DEJU","DEJU_047",,"NEON.PLA.D19.DEJU.04721","ok","sapling","Standing dead",,,0.3,,,,,,,,1.0,10,,,,"Rrox/5DLJhW4X3GMJF1uErPrG19WF5LaQN5/6q2QGf0=","jWX8R8ReoxJFrY+DgVUlBQhuD+toSUWj0ebWbUVDxUk=","legacyData"
"e82fd485-ab0d-43ac-96cf-c82cfc6e47a2","DEJU_047.basePlot.vst","2017-05-24","vst_DEJU_2016","D19","DEJU","DEJU_047",,"NEON.PLA.D19.DEJU.00238","ok","single bole tree","Live",10.5,130,5.7,,,,,,,,,,,,,"Rrox/5DLJhW4X3GMJF1uErPrG19WF5LaQN5/6q2QGf0=","jWX8R8ReoxJFrY+DgVUlBQhuD+toSUWj0ebWbUVDxUk=","legacyData"
"df747d6a-58bf-4c7f-bc15-33199dc85af7","DEJU_047.basePlot.vst","2017-05-24","vst_DEJU_2016","D19","DEJU","DEJU_047",,"NEON.PLA.D19.DEJU.00223","ok","single bole tree","Live",15.0,130,8.9,,,,,,,,,,,,,"Rrox/5DLJhW4X3GMJF1uErPrG19WF5LaQN5/6q2QGf0=","jWX8R8ReoxJFrY+DgVUlBQhuD+toSUWj0ebWbUVDxUk=","legacyData"
"c14b4d09-9e11-47e8-91e2-7bb3cfd94d47","DEJU_047.basePlot.vst","2017-05-24","vst_DEJU_2016","D19","DEJU","DEJU_047",,"NEON.PLA.D19.DEJU.00360","ok","small tree","Live",1.9,130,2.1,,,,,,,,,,,,,"Rrox/5DLJhW4X3GMJF1uErPrG19WF5LaQN5/6q2QGf0=","jWX8R8ReoxJFrY+DgVUlBQhuD+toSUWj0ebWbUVDxUk=","legacyData"
"14fab021-b67b-4e1a-abab-3a816344f009","DEJU_047.basePlot.vst","2017-05-24","vst_DEJU_2016","D19","DEJU","DEJU_047",,"NEON.PLA.D19.DEJU.00244","ok","small tree","Live,  other damage",12.8,140,7.8,,,,,,,,,,,,,"Rrox/5DLJhW4X3GMJF1uErPrG19WF5LaQN5/6q2QGf0=","jWX8R8ReoxJFrY+DgVUlBQhuD+toSUWj0ebWbUVDxUk=","legacyData"
"58bdd194-d38d-4657-9340-42d4b5ac281c","DEJU_047.basePlot.vst","2017-05-24","vst_DEJU_2016","D19","DEJU","DEJU_047",,"NEON.PLA.D19.DEJU.00316","ok","small shrub","Standing dead",,,0.5,,,,0.1,0.1,,"cylinder",1.0,10,,,,"Rrox/5DLJhW4X3GMJF1uErPrG19WF5LaQN5/6q2QGf0=","jWX8R8ReoxJFrY+DgVUlBQhuD+toSUWj0ebWbUVDxUk=","legacyData"
"6e9697b6-444c-4fd4-b07c-b4d0ca074f33","DEJU_047.basePlot.vst","2017-05-24","vst_DEJU_2016","D19","DEJU","DEJU_047",,"NEON.PLA.D19.DEJU.00348","ok","single bole tree","Live",11.3,130,6.1,,,,,,,,,,,,,"Rrox/5DLJhW4X3GMJF1uErPrG19WF5LaQN5/6q2QGf0=","jWX8R8ReoxJFrY+DgVUlBQhuD+toSUWj0ebWbUVDxUk=","legacyData"
"ae4d7c0d-4133-43e4-b94c-f57b6fcc47e8","DEJU_047.basePlot.vst","2017-05-24","vst_DEJU_2016","D19","DEJU","DEJU_047",,"NEON.PLA.D19.DEJU.00231","ok","single bole tree","Live,  other damage",14.3,130,5.6,,,,,,,,,,,,,"Rrox/5DLJhW4X3GMJF1uErPrG19WF5LaQN5/6q2QGf0=","jWX8R8ReoxJFrY+DgVUlBQhuD+toSUWj0ebWbUVDxUk=","legacyData"
"af1628e2-08ef-4b96-b6e5-6fb2c1345b3a","DEJU_047.basePlot.vst","2017-05-24","vst_DEJU_2016","D19","DEJU","DEJU_047",,"NEON.PLA.D19.DEJU.00364","ok","small tree","Live",5.0,130,2.3,,,,,,,,,,,,,"Rrox/5DLJhW4X3GMJF1uErPrG19WF5LaQN5/6q2QGf0=","jWX8R8ReoxJFrY+DgVUlBQhuD+toSUWj0ebWbUVDxUk=","legacyData"
"65acd3eb-7cc2-44c0-99c2-39e33390a011","DEJU_047.basePlot.vst","2017-05-24","vst_DEJU_2016","D19","DEJU","DEJU_047",,"NEON.PLA.D19.DEJU.00384","ok","sapling","Standing dead",,,0.7,,,,,,,,2.2,10,,,,"Rrox/5DLJhW4X3GMJF1uErPrG19WF5LaQN5/6q2QGf0=","jWX8R8ReoxJFrY+DgVUlBQhuD+toSUWj0ebWbUVDxUk=","legacyData"
"9ff43db1-0b57-430e-a8d1-10639f02f83f","DEJU_047.basePlot.vst","2017-05-24","vst_DEJU_2016","D19","DEJU","DEJU_047",,"NEON.PLA.D19.DEJU.00319","ok","small tree","Live",5.9,130,4.7,,,,,,,,,,,,,"Rrox/5DLJhW4X3GMJF1uErPrG19WF5LaQN5/6q2QGf0=","jWX8R8ReoxJFrY+DgVUlBQhuD+toSUWj0ebWbUVDxUk=","legacyData"
"6966c7d6-7e12-4382-9ef6-2955cbcd2be6","DEJU_047.basePlot.vst","2017-05-24","vst_DEJU_2016","D19","DEJU","DEJU_047",,"NEON.PLA.D19.DEJU.00304","ok","small tree","Standing dead",1.5,130,2.3,,,,,,,,,,,,,"Rrox/5DLJhW4X3GMJF1uErPrG19WF5LaQN5/6q2QGf0=","jWX8R8ReoxJFrY+DgVUlBQhuD+toSUWj0ebWbUVDxUk=","legacyData"
"83e031c6-84f8-4491-8158-8a4354da5573","DEJU_047.basePlot.vst","2017-05-24","vst_DEJU_2016","D19","DEJU","DEJU_047",,"NEON.PLA.D19.DEJU.00347","ok",,"No longer qualifies",,,,,,,,,,,,,,,,"Rrox/5DLJhW4X3GMJF1uErPrG19WF5LaQN5/6q2QGf0=","jWX8R8ReoxJFrY+DgVUlBQhuD+toSUWj0ebWbUVDxUk=","legacyData"
"d94d4ba6-619b-440e-b392-52e1a663aa1c","DEJU_047.basePlot.vst","2017-05-24","vst_DEJU_2016","D19","DEJU","DEJU_047",,"NEON.PLA.D19.DEJU.00234","ok","single bole tree","Live",10.6,130,5.4,,,,,,,,,,,,,"Rrox/5DLJhW4X3GMJF1uErPrG19WF5LaQN5/6q2QGf0=","jWX8R8ReoxJFrY+DgVUlBQhuD+toSUWj0ebWbUVDxUk=","legacyData"
"f72a6ab0-14d6-4ab0-b518-b1afaf91a115","DEJU_047.basePlot.vst","2017-05-24","vst_DEJU_2016","D19","DEJU","DEJU_047",,"NEON.PLA.D19.DEJU.00247","ok","single bole tree","Live,  other damage",11.4,130,7.5,,,,,,,,,,,,,"Rrox/5DLJhW4X3GMJF1uErPrG19WF5LaQN5/6q2QGf0=","jWX8R8ReoxJFrY+DgVUlBQhuD+toSUWj0ebWbUVDxUk=","legacyData"
"5014d73c-4fa6-406e-9bbe-aa882562ed8f","DEJU_047.basePlot.vst","2017-05-24","vst_DEJU_2016","D19","DEJU","DEJU_047",,"NEON.PLA.D19.DEJU.00250","ok","single bole tree","Live, physically damaged",13.1,130,4.0,,,,,,,,,,,,,"Rrox/5DLJhW4X3GMJF1uErPrG19WF5LaQN5/6q2QGf0=","jWX8R8ReoxJFrY+DgVUlBQhuD+toSUWj0ebWbUVDxUk=","legacyData"
"8ab03cd6-94c7-483c-8ef0-e901a4285c15","DEJU_047.basePlot.vst","2017-05-24","vst_DEJU_2016","D19","DEJU","DEJU_047",,"NEON.PLA.D19.DEJU.00336","ok","single bole tree","Live",14.4,130,9.1,,,,,,,,,,,,,"Rrox/5DLJhW4X3GMJF1uErPrG19WF5LaQN5/6q2QGf0=","jWX8R8ReoxJFrY+DgVUlBQhuD+toSUWj0ebWbUVDxUk=","legacyData"
"b530cfbd-3ab2-4ce3-af62-ca64c406025f","DEJU_047.basePlot.vst","2017-05-24","vst_DEJU_2016","D19","DEJU","DEJU_047",,"NEON.PLA.D19.DEJU.00229","ok","single bole tree","Live,  other damage",17.4,130,8.4,,,,,,,,,,,,,"Rrox/5DLJhW4X3GMJF1uErPrG19WF5LaQN5/6q2QGf0=","jWX8R8ReoxJFrY+DgVUlBQhuD+toSUWj0ebWbUVDxUk=","legacyData"
"10a556ca-4399-428f-bb12-1d89fd244639","DEJU_047.basePlot.vst","2017-05-24","vst_DEJU_2016","D19","DEJU","DEJU_047",,"NEON.PLA.D19.DEJU.00220","ok","multi-bole tree","Live",11.5,140,9.3,,,,,,,,,,,,,"Rrox/5DLJhW4X3GMJF1uErPrG19WF5LaQN5/6q2QGf0=","jWX8R8ReoxJFrY+DgVUlBQhuD+toSUWj0ebWbUVDxUk=","legacyData"
"fcd20993-5065-45f9-bb4a-4901747b3cfd","DEJU_047.basePlot.vst","2017-05-24","vst_DEJU_2016","D19","DEJU","DEJU_047",,"NEON.PLA.D19.DEJU.00243","ok","single bole tree","Live,  other damage",11.2,130,6.9,,,,,,,,,,,,,"Rrox/5DLJhW4X3GMJF1uErPrG19WF5LaQN5/6q2QGf0=","jWX8R8ReoxJFrY+DgVUlBQhuD+toSUWj0ebWbUVDxUk=","legacyData"
"37d820b8-181b-4b33-99e7-eab8567524db","DEJU_047.basePlot.vst","2017-05-24","vst_DEJU_2016","D19","DEJU","DEJU_047",,"NEON.PLA.D19.DEJU.00213","ok","single bole tree","Live",12.2,130,8.8,,,,,,,,,,,,,"Rrox/5DLJhW4X3GMJF1uErPrG19WF5LaQN5/6q2QGf0=","jWX8R8ReoxJFrY+DgVUlBQhuD+toSUWj0ebWbUVDxUk=","legacyData"
"4356b77e-d821-4180-b058-a3419aa5eb21","DEJU_047.basePlot.vst","2017-05-24","vst_DEJU_2016","D19","DEJU","DEJU_047",,"NEON.PLA.D19.DEJU.00369","ok","sapling","Standing dead",,,1.1,,,,,,,,1.6,10,,,,"Rrox/5DLJhW4X3GMJF1uErPrG19WF5LaQN5/6q2QGf0=","jWX8R8ReoxJFrY+DgVUlBQhuD+toSUWj0ebWbUVDxUk=","legacyData"
"6407cf8b-b4a0-44f8-906d-4efd53274177","DEJU_047.basePlot.vst","2017-05-24","vst_DEJU_2016","D19","DEJU","DEJU_047",,"NEON.PLA.D19.DEJU.00212","ok","single bole tree","Live",14.9,130,9.4,,,,,,,,,,,,,"Rrox/5DLJhW4X3GMJF1uErPrG19WF5LaQN5/6q2QGf0=","jWX8R8ReoxJFrY+DgVUlBQhuD+toSUWj0ebWbUVDxUk=","legacyData"
"7a7d16d4-d2b9-4b37-9a65-683138ec59e9","DEJU_047.basePlot.vst","2017-05-24","vst_DEJU_2016","D19","DEJU","DEJU_047",,"NEON.PLA.D19.DEJU.00334","ok","single bole tree","Live",10.0,130,6.7,,,,,,,,,,,,,"Rrox/5DLJhW4X3GMJF1uErPrG19WF5LaQN5/6q2QGf0=","jWX8R8ReoxJFrY+DgVUlBQhuD+toSUWj0ebWbUVDxUk=","legacyData"
"889749c9-15b1-42ea-b17f-ecd33f9096eb","DEJU_047.basePlot.vst","2017-05-24","vst_DEJU_2016","D19","DEJU","DEJU_047",,"NEON.PLA.D19.DEJU.00362","ok","small tree","Live",3.4,130,3.0,,,,,,,,,,,,,"Rrox/5DLJhW4X3GMJF1uErPrG19WF5LaQN5/6q2QGf0=","jWX8R8ReoxJFrY+DgVUlBQhuD+toSUWj0ebWbUVDxUk=","legacyData"
"b152840d-decd-4f54-a10d-7f62e6db2a36","DEJU_047.basePlot.vst","2017-05-24","vst_DEJU_2016","D19","DEJU","DEJU_047",,"NEON.PLA.D19.DEJU.00246","ok","single bole tree","Live",11.2,130,7.2,,,,,,,,,,,,,"Rrox/5DLJhW4X3GMJF1uErPrG19WF5LaQN5/6q2QGf0=","jWX8R8ReoxJFrY+DgVUlBQhuD+toSUWj0ebWbUVDxUk=","legacyData"
"8a72fb11-af64-45ca-aacc-7ab039814a09","DEJU_047.basePlot.vst","2017-05-24","vst_DEJU_2016","D19","DEJU","DEJU_047",,"NEON.PLA.D19.DEJU.00378","ok","small tree","Live",5.4,130,4.0,,,,,,,,,,,,,"Rrox/5DLJhW4X3GMJF1uErPrG19WF5LaQN5/6q2QGf0=","jWX8R8ReoxJFrY+DgVUlBQhuD+toSUWj0ebWbUVDxUk=","legacyData"
"f991e38f-78e6-4416-8500-fa5dbcc381a0","DEJU_047.basePlot.vst","2017-05-24","vst_DEJU_2016","D19","DEJU","DEJU_047",,"NEON.PLA.D19.DEJU.00370","ok","sapling","Standing dead",,,0.8,,,,,,,,2.4,10,,,,"Rrox/5DLJhW4X3GMJF1uErPrG19WF5LaQN5/6q2QGf0=","jWX8R8ReoxJFrY+DgVUlBQhuD+toSUWj0ebWbUVDxUk=","legacyData"
"229aaced-d09c-4224-ac75-7f081fa54db7","DEJU_047.basePlot.vst","2017-05-24","vst_DEJU_2016","D19","DEJU","DEJU_047",,"NEON.PLA.D19.DEJU.00365","ok","sapling","Standing dead",,,1.4,,,,,,,,2.5,10,,,,"Rrox/5DLJhW4X3GMJF1uErPrG19WF5LaQN5/6q2QGf0=","jWX8R8ReoxJFrY+DgVUlBQhuD+toSUWj0ebWbUVDxUk=","legacyData"
"e0a9142c-8925-431c-9021-e5af4390b18a","DEJU_047.basePlot.vst","2017-05-24","vst_DEJU_2016","D19","DEJU","DEJU_047",,"NEON.PLA.D19.DEJU.04720","ok","sapling","Standing dead",,,0.6,,,,,,,,1.2,10,,,,"Rrox/5DLJhW4X3GMJF1uErPrG19WF5LaQN5/6q2QGf0=","jWX8R8ReoxJFrY+DgVUlBQhuD+toSUWj0ebWbUVDxUk=","legacyData"
"bc7d34eb-f550-4324-9749-4358e93f633e","DEJU_047.basePlot.vst","2017-05-24","vst_DEJU_2016","D19","DEJU","DEJU_047",,"NEON.PLA.D19.DEJU.04723","ok","sapling","Standing dead",,,,,,,,,,,1.8,10,,,"apex height left blank on datasheet","Rrox/5DLJhW4X3GMJF1uErPrG19WF5LaQN5/6q2QGf0=","jWX8R8ReoxJFrY+DgVUlBQhuD+toSUWj0ebWbUVDxUk=","legacyData"
"e1bac172-b06b-4ce6-b815-1e90df22d201","DEJU_047.basePlot.vst","2017-05-24","vst_DEJU_2016","D19","DEJU","DEJU_047",,"NEON.PLA.D19.DEJU.00239","ok","single bole tree","Live",12.2,140,7.6,,,,,,,,,,,,,"Rrox/5DLJhW4X3GMJF1uErPrG19WF5LaQN5/6q2QGf0=","jWX8R8ReoxJFrY+DgVUlBQhuD+toSUWj0ebWbUVDxUk=","legacyData"
"4b43df6f-97c5-426f-892b-68293fdf8dd8","DEJU_047.basePlot.vst","2017-05-24","vst_DEJU_2016","D19","DEJU","DEJU_047",,"NEON.PLA.D19.DEJU.00358","ok","single bole tree","Live",11.4,130,5.7,,,,,,,,,,,,,"Rrox/5DLJhW4X3GMJF1uErPrG19WF5LaQN5/6q2QGf0=","jWX8R8ReoxJFrY+DgVUlBQhuD+toSUWj0ebWbUVDxUk=","legacyData"
"d0d43ce4-d570-40df-99cf-0ff208159084","DEJU_047.basePlot.vst","2017-05-24","vst_DEJU_2016","D19","DEJU","DEJU_047",,"NEON.PLA.D19.DEJU.04719","ok","sapling","Standing dead",,,0.5,,,,,,,,1.0,10,,,,"Rrox/5DLJhW4X3GMJF1uErPrG19WF5LaQN5/6q2QGf0=","jWX8R8ReoxJFrY+DgVUlBQhuD+toSUWj0ebWbUVDxUk=","legacyData"
"018050a7-b1b0-44f1-a6c9-3a401af5f1b2","DEJU_047.basePlot.vst","2017-05-24","vst_DEJU_2016","D19","DEJU","DEJU_047",,"NEON.PLA.D19.DEJU.00236","ok","single bole tree","Live",12.7,130,9.1,,,,,,,,,,,,,"Rrox/5DLJhW4X3GMJF1uErPrG19WF5LaQN5/6q2QGf0=","jWX8R8ReoxJFrY+DgVUlBQhuD+toSUWj0ebWbUVDxUk=","legacyData"
"78405bc3-a7fe-4275-81b8-c5e7743702bc","DEJU_047.basePlot.vst","2017-05-24","vst_DEJU_2016","D19","DEJU","DEJU_047",,"NEON.PLA.D19.DEJU.00230","ok","single bole tree","Live",13.5,140,8.0,,,,,,,,,,,,,"Rrox/5DLJhW4X3GMJF1uErPrG19WF5LaQN5/6q2QGf0=","jWX8R8ReoxJFrY+DgVUlBQhuD+toSUWj0ebWbUVDxUk=","legacyData"
"96bf8d11-b890-4532-a769-0cb154c1ec00","DEJU_047.basePlot.vst","2017-05-24","vst_DEJU_2016","D19","DEJU","DEJU_047",,"NEON.PLA.D19.DEJU.00376A","ok","multi-bole tree","Live",8.1,130,6.0,,,,,,,,,,,,"corresponding to tag 376","Rrox/5DLJhW4X3GMJF1uErPrG19WF5LaQN5/6q2QGf0=","jWX8R8ReoxJFrY+DgVUlBQhuD+toSUWj0ebWbUVDxUk=","legacyData"
"88e375bd-b154-41e9-80e4-20b1eb4d3889","DEJU_047.basePlot.vst","2017-05-24","vst_DEJU_2016","D19","DEJU","DEJU_047",,"NEON.PLA.D19.DEJU.00311","ok","sapling","Live, insect damaged",,,0.7,,,,,,,,1.8,10,,,,"Rrox/5DLJhW4X3GMJF1uErPrG19WF5LaQN5/6q2QGf0=","jWX8R8ReoxJFrY+DgVUlBQhuD+toSUWj0ebWbUVDxUk=","legacyData"
"cd158bfd-e1c1-40d2-8e7e-95d16173ed5b","DEJU_047.basePlot.vst","2017-05-24","vst_DEJU_2016","D19","DEJU","DEJU_047",,"NEON.PLA.D19.DEJU.00388","ok","small tree","Live",5.4,130,2.0,,,,,,,,,,,,,"Rrox/5DLJhW4X3GMJF1uErPrG19WF5LaQN5/6q2QGf0=","jWX8R8ReoxJFrY+DgVUlBQhuD+toSUWj0ebWbUVDxUk=","legacyData"
