uid,namedLocation,domainID,siteID,plotID,plotType,nlcdClass,decimalLatitude,decimalLongitude,geodeticDatum,coordinateUncertainty,elevation,elevationUncertainty,collectDate,eventID,sampleID,sampleCode,samplingMethod,totalSampledArea,targetTaxaPresent,adultCount,nymphCount,larvaCount,sampleCondition,samplingProtocolVersion,measuredBy,remarks
"f8d9ae3e-1f7b-4367-882f-307a2c0b1dbb","TALL_001.tickPlot.tck","D08","TALL","TALL_001","distributed","deciduousForest",32.976370,-87.432184,"WGS84",20.2,114.6,0.1,"2018-06-11T14:17Z","TALL.2018.24","TALL_001.20180611","B00000003217","drag and flag",160,"Y",2,8,1,"No known compromise","NEON.DOC.014045vJ","VlGS9knfep4oIPmMdzrYPvhmhmcAnEWcmbTWayWKGyM=",
"3f79abfd-b8b4-4deb-8c34-7ed807a46c7e","TALL_008.tickPlot.tck","D08","TALL","TALL_008","distributed","deciduousForest",32.922874,-87.434097,"WGS84",20.2,127.5,0.2,"2018-06-11T14:20Z","TALL.2018.24","TALL_008.20180611","A00000013435","drag",160,"Y",4,5,0,"No known compromise","NEON.DOC.014045vJ","71MfCy+FRsto69311gQJvR+pq8mHvc/9aCd1qcCUSbo=",
"78b991a7-82cb-45fe-b310-d6e469683354","TALL_016.tickPlot.tck","D08","TALL","TALL_016","distributed","evergreenForest",32.971553,-87.415845,"WGS84",20.1,138.9,0.1,"2018-06-11T15:38Z","TALL.2018.24",,,"drag and flag",160,"N",0,0,0,,"NEON.DOC.014045vJ","VlGS9knfep4oIPmMdzrYPvhmhmcAnEWcmbTWayWKGyM=",
"5638ca71-96d5-4956-bf9f-7e0af2de7c02","TALL_002.tickPlot.tck","D08","TALL","TALL_002","distributed","mixedForest",32.920823,-87.428955,"WGS84",20.3,104.0,0.4,"2018-06-11T15:42Z","TALL.2018.24","TALL_002.20180611","A00000013971","drag",160,"Y",0,2,0,"No known compromise","NEON.DOC.014045vJ","71MfCy+FRsto69311gQJvR+pq8mHvc/9aCd1qcCUSbo=",
"412e4716-9dba-426f-9ebb-59cc61bedbfc","TALL_006.tickPlot.tck","D08","TALL","TALL_006","distributed","evergreenForest",32.899144,-87.444571,"WGS84",20.3,108.6,0.3,"2018-06-11T16:26Z","TALL.2018.24",,,"drag and flag",160,"N",0,0,0,,"NEON.DOC.014045vJ","64poQFGJhhoGk+ViS/sbZSFJ9fXNQZFjip4PFFWHEAg=",
"d7417991-097b-4b9d-8c57-e066a8176bcc","TALL_003.tickPlot.tck","D08","TALL","TALL_003","distributed","mixedForest",32.894415,-87.416532,"WGS84",20.2,121.9,0.2,"2018-06-11T16:49Z","TALL.2018.24","TALL_003.20180611","A00000013955","drag and flag",160,"Y",1,0,0,"No known compromise","NEON.DOC.014045vJ","71MfCy+FRsto69311gQJvR+pq8mHvc/9aCd1qcCUSbo=",
