uid,namedLocation,domainID,siteID,plotID,plotType,nlcdClass,decimalLatitude,decimalLongitude,geodeticDatum,coordinateUncertainty,elevation,elevationUncertainty,collectDate,eventID,sampleID,sampleCode,samplingMethod,totalSampledArea,targetTaxaPresent,adultCount,nymphCount,larvaCount,sampleCondition,samplingProtocolVersion,measuredBy,remarks
"73ea6a41-f0a8-41c8-ac9f-96c234113a7f","BART_002.tickPlot.tck","D01","BART","BART_002","distributed","deciduousForest",44.035231,-71.274674,"WGS84",20.2,502.6,0.3,"2016-10-17T16:46Z","BART.2016.42",,,"drag and flag",160,"N",0,0,0,"No known compromise","NEON.DOC.014045vG","wW0wKk06IKxDITy81LRiBfvd++mf3Bck",
"fa509cae-3a82-4d05-9ecf-fba99f8d264c","BART_015.tickPlot.tck","D01","BART","BART_015","distributed","mixedForest",44.042149,-71.271603,"WGS84",20.3,455.0,0.5,"2016-10-17T17:27Z","BART.2016.42",,,"drag and flag",160,"N",0,0,0,"No known compromise","NEON.DOC.014045vG","+f00xtEQUq1afNaqPyxh9svtGXouuDqR",
"730d9c8b-825b-4b26-8030-8916dd5204d5","BART_010.tickPlot.tck","D01","BART","BART_010","distributed","deciduousForest",44.051100,-71.267766,"WGS84",20.2,413.0,0.4,"2016-10-17T18:16Z","BART.2016.42",,,"drag and flag",160,"N",0,0,0,"No known compromise","NEON.DOC.014045vG","+f00xtEQUq1afNaqPyxh9svtGXouuDqR",
"ef548360-ad7f-497d-ae2c-530839f20176","BART_019.tickPlot.tck","D01","BART","BART_019","distributed","mixedForest",44.069350,-71.288001,"WGS84",20.2,231.8,0.2,"2016-10-17T19:10Z","BART.2016.42",,,"drag and flag",140,"N",0,0,0,"No known compromise","NEON.DOC.014045vG","+f00xtEQUq1afNaqPyxh9svtGXouuDqR","Dragged about 1 meter less than required because of small stream in plot"
"b489960f-8cc4-44f6-97b1-d96ce1c7c9e4","BART_029.tickPlot.tck","D01","BART","BART_029","distributed","evergreenForest",44.058948,-71.289336,"WGS84",20.2,291.7,0.3,"2016-10-17T20:03Z","BART.2016.42",,,"drag and flag",150,"N",0,0,0,"No known compromise","NEON.DOC.014045vG","wW0wKk06IKxDITy81LRiBfvd++mf3Bck","Dragged about 10 meters less because of river obstruction in plot"
"306ff28e-692b-4e27-baeb-25c878b67a4f","BART_011.tickPlot.tck","D01","BART","BART_011","distributed","mixedForest",44.048783,-71.295353,"WGS84",20.2,399.5,0.2,"2016-10-17T20:41Z","BART.2016.42",,,"drag and flag",160,"N",0,0,0,"No known compromise","NEON.DOC.014045vG","wW0wKk06IKxDITy81LRiBfvd++mf3Bck",
