uid,namedLocation,date,domainID,siteID,plotID,plotType,nlcdClass,decimalLatitude,decimalLongitude,geodeticDatum,coordinateUncertainty,easting,northing,utmZone,elevation,elevationUncertainty,eventID,samplingProtocolVersion,treesPresent,treesAbsentList,shrubsPresent,shrubsAbsentList,lianasPresent,lianasAbsentList,nestedSubplotAreaShrubSapling,nestedSubplotAreaLiana,totalSampledAreaTrees,totalSampledAreaShrubSapling,totalSampledAreaLiana,remarks,measuredBy,recordedBy,dataQF
"b98a2965-5022-4b78-919e-d5560def08bd","SERC_046.basePlot.vst","2015-07-13","D02","SERC","SERC_046","tower","deciduousForest",38.891258,-76.551167,"WGS84",20.2,365472.86,4305852.96,"18N",30.1,0.2,"vst_SERC_2015","NEON.DOC.000987vD",,,,,,,"10","noneSelected",800,40,800,"Lianas present measure entire subplot","otzZ09yzQEzFIIPcpdl9PUakADElVpVu","P4lrVtPFrkPuBLuswPEC3A9oL4a4uI2Jk9QEmD6BXjg=","legacyData"
"db866e2e-800c-4b27-89fd-49f5b016ef68","SERC_046.basePlot.vst","2015-07-13","D02","SERC","SERC_046","tower","deciduousForest",38.891258,-76.551167,"WGS84",20.2,365472.86,4305852.96,"18N",30.1,0.2,"vst_SERC_2015","NEON.DOC.000987vD",,,,,,,"10","noneSelected",800,40,800,"Lianas present measure entire subplot",,"P4lrVtPFrkPuBLuswPEC3A9oL4a4uI2Jk9QEmD6BXjg=","legacyData"
"0e8791f6-a0a1-448a-8c80-5d625b914846","SERC_059.basePlot.vst","2015-07-14","D02","SERC","SERC_059","tower","deciduousForest",38.889025,-76.549613,"WGS84",20.3,365603.43,4305602.85,"18N",20.0,0.5,"vst_SERC_2015","NEON.DOC.000987vD",,,,,,,"100","noneSelected",800,400,800,"Lianas present measure entire subplot","3Oj39/OBT55/4dkV8iDMwcmbT5IEac/X","3Oj39/OBT55/4dkV8iDMwcmbT5IEac/X","legacyData"
"d24bb7d0-0ab2-4810-8686-336ae8e364d5","SERC_046.basePlot.vst","2015-07-14","D02","SERC","SERC_046","tower","deciduousForest",38.891258,-76.551167,"WGS84",20.2,365472.86,4305852.96,"18N",30.1,0.2,"vst_SERC_2015","NEON.DOC.000987vD",,,,,,,"10","noneSelected",800,40,800,"Lianas present measure entire subplot","P4lrVtPFrkPuBLuswPEC3A9oL4a4uI2Jk9QEmD6BXjg=","P4lrVtPFrkPuBLuswPEC3A9oL4a4uI2Jk9QEmD6BXjg=","legacyData"
"3793350e-bb7b-456f-8833-5f032256b560","SERC_046.basePlot.vst","2015-07-14","D02","SERC","SERC_046","tower","deciduousForest",38.891258,-76.551167,"WGS84",20.2,365472.86,4305852.96,"18N",30.1,0.2,"vst_SERC_2015","NEON.DOC.000987vD",,,,,,,"10","noneSelected",800,40,800,"Lianas present measure entire subplot",,"P4lrVtPFrkPuBLuswPEC3A9oL4a4uI2Jk9QEmD6BXjg=","legacyData"
"57ffe43d-54fd-48e7-bbd0-ea832e96c650","SERC_059.basePlot.vst","2015-07-14","D02","SERC","SERC_059","tower","deciduousForest",38.889025,-76.549613,"WGS84",20.3,365603.43,4305602.85,"18N",20.0,0.5,"vst_SERC_2015","NEON.DOC.000987vD",,,,,,,"100","noneSelected",800,400,800,"Lianas present measure entire subplot",,"3Oj39/OBT55/4dkV8iDMwcmbT5IEac/X","legacyData"
"c743b30b-1ec2-46b6-b758-a42c27f2ff96","SERC_059.basePlot.vst","2015-07-14","D02","SERC","SERC_059","tower","deciduousForest",38.889025,-76.549613,"WGS84",20.3,365603.43,4305602.85,"18N",20.0,0.5,"vst_SERC_2015","NEON.DOC.000987vD",,,,,,,"100","noneSelected",800,400,800,"Lianas present measure entire subplot","otzZ09yzQEzFIIPcpdl9PUakADElVpVu","3Oj39/OBT55/4dkV8iDMwcmbT5IEac/X","legacyData"
"9e072afc-aa28-4e40-b049-1ede43d3c2bb","SERC_059.basePlot.vst","2015-07-14","D02","SERC","SERC_059","tower","deciduousForest",38.889025,-76.549613,"WGS84",20.3,365603.43,4305602.85,"18N",20.0,0.5,"vst_SERC_2015","NEON.DOC.000987vD",,,,,,,"100","noneSelected",800,400,800,"Lianas present measure entire subplot",,"3Oj39/OBT55/4dkV8iDMwcmbT5IEac/X","legacyData"
"d342b0ea-0450-497b-a2e8-a6db867c3e82","SERC_053.basePlot.vst","2015-07-15","D02","SERC","SERC_053","tower","deciduousForest",38.890368,-76.556075,"WGS84",20.3,365045.50,4305761.43,"18N",9.0,0.4,"vst_SERC_2015","NEON.DOC.000987vD",,,,,,,"25","noneSelected",800,100,800,"Check for liana recruitment","TvKK6huzmJvQSYcm7w44HKEZTya+DeuysFTWAgNPmiU=","P4lrVtPFrkPuBLuswPEC3A9oL4a4uI2Jk9QEmD6BXjg=","legacyData"
"a082f844-41a6-406a-ade6-15279588a72a","SERC_053.basePlot.vst","2015-07-15","D02","SERC","SERC_053","tower","deciduousForest",38.890368,-76.556075,"WGS84",20.3,365045.50,4305761.43,"18N",9.0,0.4,"vst_SERC_2015","NEON.DOC.000987vD",,,,,,,"25","noneSelected",800,100,800,"Check for liana recruitment",,"P4lrVtPFrkPuBLuswPEC3A9oL4a4uI2Jk9QEmD6BXjg=","legacyData"
"13faed24-f821-4b0c-b463-20d22becdb0f","SERC_053.basePlot.vst","2015-07-15","D02","SERC","SERC_053","tower","deciduousForest",38.890368,-76.556075,"WGS84",20.3,365045.50,4305761.43,"18N",9.0,0.4,"vst_SERC_2015","NEON.DOC.000987vD",,,,,,,"25","noneSelected",800,100,800,"Check for liana recruitment","P4lrVtPFrkPuBLuswPEC3A9oL4a4uI2Jk9QEmD6BXjg=","P4lrVtPFrkPuBLuswPEC3A9oL4a4uI2Jk9QEmD6BXjg=","legacyData"
"90f1de7d-e1d2-407b-ae76-2b4f59d93a0c","SERC_053.basePlot.vst","2015-07-15","D02","SERC","SERC_053","tower","deciduousForest",38.890368,-76.556075,"WGS84",20.3,365045.50,4305761.43,"18N",9.0,0.4,"vst_SERC_2015","NEON.DOC.000987vD",,,,,,,"25","noneSelected",800,100,800,"Check for liana recruitment",,"P4lrVtPFrkPuBLuswPEC3A9oL4a4uI2Jk9QEmD6BXjg=","legacyData"
"4673c798-ea0e-48fe-a8c3-c6c3e4b844e2","SERC_044.basePlot.vst","2015-07-16","D02","SERC","SERC_044","tower","deciduousForest",38.890806,-76.553978,"WGS84",20.2,365228.20,4305806.94,"18N",10.7,0.3,"vst_SERC_2015","NEON.DOC.000987vD",,,,,,,"25","noneSelected",800,100,800,"Lianas present measure entire subplot",,"otzZ09yzQEzFIIPcpdl9PUakADElVpVu","legacyData"
"181d4adf-ecfd-466a-9d35-1a96d5e6e143","SERC_044.basePlot.vst","2015-07-16","D02","SERC","SERC_044","tower","deciduousForest",38.890806,-76.553978,"WGS84",20.2,365228.20,4305806.94,"18N",10.7,0.3,"vst_SERC_2015","NEON.DOC.000987vD",,,,,,,"25","noneSelected",800,100,800,"Lianas present measure entire subplot","3Oj39/OBT55/4dkV8iDMwcmbT5IEac/X","otzZ09yzQEzFIIPcpdl9PUakADElVpVu","legacyData"
"000da51a-6c08-4f3b-82ed-5ad58c959eb5","SERC_044.basePlot.vst","2015-07-16","D02","SERC","SERC_044","tower","deciduousForest",38.890806,-76.553978,"WGS84",20.2,365228.20,4305806.94,"18N",10.7,0.3,"vst_SERC_2015","NEON.DOC.000987vD",,,,,,,"25","noneSelected",800,100,800,"Lianas present measure entire subplot",,"otzZ09yzQEzFIIPcpdl9PUakADElVpVu","legacyData"
"be1fb1ac-dae2-437a-9e68-2d59cca63ddd","SERC_044.basePlot.vst","2015-07-16","D02","SERC","SERC_044","tower","deciduousForest",38.890806,-76.553978,"WGS84",20.2,365228.20,4305806.94,"18N",10.7,0.3,"vst_SERC_2015","NEON.DOC.000987vD",,,,,,,"25","noneSelected",800,100,800,"Lianas present measure entire subplot","P4lrVtPFrkPuBLuswPEC3A9oL4a4uI2Jk9QEmD6BXjg=","otzZ09yzQEzFIIPcpdl9PUakADElVpVu","legacyData"
"709f7c63-2ed7-4e7a-9b02-873ac9792424","SERC_047.basePlot.vst","2015-07-27","D02","SERC","SERC_047","tower","deciduousForest",38.885634,-76.560200,"WGS84",20.2,364678.75,4305242.17,"18N",5.7,0.3,"vst_SERC_2015","NEON.DOC.000987vD",,,,,,,"100","noneSelected",800,400,800,"Check for liana recruitment","3Oj39/OBT55/4dkV8iDMwcmbT5IEac/X","otzZ09yzQEzFIIPcpdl9PUakADElVpVu","legacyData"
"c74f4b1c-594d-4628-a2fe-5f44923308ce","SERC_047.basePlot.vst","2015-07-27","D02","SERC","SERC_047","tower","deciduousForest",38.885634,-76.560200,"WGS84",20.2,364678.75,4305242.17,"18N",5.7,0.3,"vst_SERC_2015","NEON.DOC.000987vD",,,,,,,"100","noneSelected",800,400,800,"Check for liana recruitment",,"otzZ09yzQEzFIIPcpdl9PUakADElVpVu","legacyData"
"a073e8aa-ce75-4fb9-a500-f95976f8194e","SERC_047.basePlot.vst","2015-07-27","D02","SERC","SERC_047","tower","deciduousForest",38.885634,-76.560200,"WGS84",20.2,364678.75,4305242.17,"18N",5.7,0.3,"vst_SERC_2015","NEON.DOC.000987vD",,,,,,,"100","noneSelected",800,400,800,"Check for liana recruitment",,"otzZ09yzQEzFIIPcpdl9PUakADElVpVu","legacyData"
"fb98e735-77ff-490e-b2aa-766a66d14af8","SERC_047.basePlot.vst","2015-07-27","D02","SERC","SERC_047","tower","deciduousForest",38.885634,-76.560200,"WGS84",20.2,364678.75,4305242.17,"18N",5.7,0.3,"vst_SERC_2015","NEON.DOC.000987vD",,,,,,,"100","noneSelected",800,400,800,"Check for liana recruitment","otzZ09yzQEzFIIPcpdl9PUakADElVpVu","otzZ09yzQEzFIIPcpdl9PUakADElVpVu","legacyData"
"6a3c7f15-e78a-4f8a-abfe-4e7c5cb63cdf","SERC_049.basePlot.vst","2015-07-28","D02","SERC","SERC_049","tower","deciduousForest",38.886501,-76.561507,"WGS84",20.3,364567.03,4305340.33,"18N",3.5,0.4,"vst_SERC_2015","NEON.DOC.000987vD",,,,,,,"100","noneSelected",800,400,800,"Check for liana recruitment","otzZ09yzQEzFIIPcpdl9PUakADElVpVu","TvKK6huzmJvQSYcm7w44HKEZTya+DeuysFTWAgNPmiU=","legacyData"
"91cdd818-d607-433f-be8d-2b96a00d1258","SERC_049.basePlot.vst","2015-07-28","D02","SERC","SERC_049","tower","deciduousForest",38.886501,-76.561507,"WGS84",20.3,364567.03,4305340.33,"18N",3.5,0.4,"vst_SERC_2015","NEON.DOC.000987vD",,,,,,,"100","noneSelected",800,400,800,"Check for liana recruitment",,"TvKK6huzmJvQSYcm7w44HKEZTya+DeuysFTWAgNPmiU=","legacyData"
"86ffa730-f77a-4c8e-8904-9f5eeef7101c","SERC_049.basePlot.vst","2015-07-28","D02","SERC","SERC_049","tower","deciduousForest",38.886501,-76.561507,"WGS84",20.3,364567.03,4305340.33,"18N",3.5,0.4,"vst_SERC_2015","NEON.DOC.000987vD",,,,,,,"100","noneSelected",800,400,800,"Check for liana recruitment",,"TvKK6huzmJvQSYcm7w44HKEZTya+DeuysFTWAgNPmiU=","legacyData"
"c0a34fab-ca63-45df-928a-54210214dc39","SERC_049.basePlot.vst","2015-07-28","D02","SERC","SERC_049","tower","deciduousForest",38.886501,-76.561507,"WGS84",20.3,364567.03,4305340.33,"18N",3.5,0.4,"vst_SERC_2015","NEON.DOC.000987vD",,,,,,,"100","noneSelected",800,400,800,"Check for liana recruitment","TvKK6huzmJvQSYcm7w44HKEZTya+DeuysFTWAgNPmiU=","TvKK6huzmJvQSYcm7w44HKEZTya+DeuysFTWAgNPmiU=","legacyData"
