uid,namedLocation,domainID,siteID,plotID,plotType,nlcdClass,decimalLatitude,decimalLongitude,geodeticDatum,coordinateUncertainty,elevation,elevationUncertainty,collectDate,eventID,sampleID,sampleCode,samplingMethod,totalSampledArea,targetTaxaPresent,adultCount,nymphCount,larvaCount,sampleCondition,samplingProtocolVersion,measuredBy,remarks
"0c41d151-8834-40dd-b6d9-3917c26c4c8d","DELA_007.tickPlot.tck","D08","DELA","DELA_007","distributed","woodyWetlands",32.538957,-87.799922,"WGS84",20.2,25.7,0.2,"2016-07-13T13:00Z","DELA.2016.28",,,"drag and flag",120,"N",0,0,0,"No known compromise","NEON.DOC.014045vG","26b2LQSyIrRUOQkaYIGoF5QmqFJC+Tn0",
"8213c910-f315-4be6-9ada-b1d2f5bbda48","DELA_016.tickPlot.tck","D08","DELA","DELA_016","distributed","evergreenForest",32.536850,-87.806995,"WGS84",20.2,23.6,0.3,"2016-07-13T14:07Z","DELA.2016.28",,,"drag and flag",160,"N",0,0,0,"No known compromise","NEON.DOC.014045vG","26b2LQSyIrRUOQkaYIGoF5QmqFJC+Tn0",
"063f0802-3f43-4c1d-9384-77aa869c08e9","DELA_001.tickPlot.tck","D08","DELA","DELA_001","distributed","woodyWetlands",32.533269,-87.805425,"WGS84",20.2,27.5,0.3,"2016-07-13T15:08Z","DELA.2016.28",,,"drag and flag",160,"N",0,0,0,"No known compromise","NEON.DOC.014045vG","26b2LQSyIrRUOQkaYIGoF5QmqFJC+Tn0",
"4fd64f4c-741d-4ee8-8b4c-980f44e4176c","DELA_008.tickPlot.tck","D08","DELA","DELA_008","distributed","woodyWetlands",32.538884,-87.814145,"WGS84",20.1,24.5,0.2,"2016-07-13T16:07Z","DELA.2016.28",,,"drag and flag",160,"N",0,0,0,"No known compromise","NEON.DOC.014045vG","26b2LQSyIrRUOQkaYIGoF5QmqFJC+Tn0",
"4fe0f0cc-258c-4851-9453-0cb05fd31c56","DELA_014.tickPlot.tck","D08","DELA","DELA_014","distributed","evergreenForest",32.530627,-87.819367,"WGS84",20.2,33.0,0.2,"2016-07-13T17:17Z","DELA.2016.28",,,"drag",160,"N",0,0,0,"No known compromise","NEON.DOC.014045vG","26b2LQSyIrRUOQkaYIGoF5QmqFJC+Tn0",
"ba8e136b-0ef9-4a23-bc95-de49660250e4","DELA_005.tickPlot.tck","D08","DELA","DELA_005","distributed","woodyWetlands",32.524379,-87.813851,"WGS84",20.1,27.0,0.3,"2016-07-13T18:14Z","DELA.2016.28",,,"drag and flag",160,"N",0,0,0,"No known compromise","NEON.DOC.014045vG","26b2LQSyIrRUOQkaYIGoF5QmqFJC+Tn0",
"d2f362a0-4162-4ced-95e0-31fe335be52e","DELA_001.tickPlot.tck","D08","DELA","DELA_001","distributed","woodyWetlands",32.533269,-87.805425,"WGS84",20.2,27.5,0.3,"2016-07-25T12:45Z","DELA.2016.30",,,"drag and flag",160,"N",0,0,0,"No known compromise","NEON.DOC.014045vG","LFtSQUzg3D5rM81pWhEN+hmbq2RanalI",
"5215be55-d14e-49d7-b56e-fe56617a846f","DELA_008.tickPlot.tck","D08","DELA","DELA_008","distributed","woodyWetlands",32.538884,-87.814145,"WGS84",20.1,24.5,0.2,"2016-07-25T12:48Z","DELA.2016.30",,,"drag and flag",160,"N",0,0,0,"No known compromise","NEON.DOC.014045vG","Z8ZjOdYSUdFcy3JLIHElhGfjZRi6soXiWPP5GbsCcNo=",
"22478bbb-dc0a-441a-ae81-2c66a84ed6f4","DELA_016.tickPlot.tck","D08","DELA","DELA_016","distributed","evergreenForest",32.536850,-87.806995,"WGS84",20.2,23.6,0.3,"2016-07-25T13:40Z","DELA.2016.30",,,"drag",160,"N",0,0,0,"No known compromise","NEON.DOC.014045vG","ivIRHNyZLcsR/EGAdnc8sn41967l5+h5",
"ebefb49f-298c-4473-b6e5-ae2927df3b21","DELA_014.tickPlot.tck","D08","DELA","DELA_014","distributed","evergreenForest",32.530627,-87.819367,"WGS84",20.2,33.0,0.2,"2016-07-25T13:49Z","DELA.2016.30",,,"drag",160,"N",0,0,0,"No known compromise","NEON.DOC.014045vG","5ex9KfzuuBDXjbYUlJ1A9GMGGuz04WrJpLRu45pxUUU=",
"2616bae7-8576-47ac-a11d-2065c2b9f61b","DELA_007.tickPlot.tck","D08","DELA","DELA_007","distributed","woodyWetlands",32.538957,-87.799922,"WGS84",20.2,25.7,0.2,"2016-07-25T14:32Z","DELA.2016.30",,,"drag",160,"N",0,0,0,"No known compromise","NEON.DOC.014045vG","LFtSQUzg3D5rM81pWhEN+hmbq2RanalI",
"fae5fb77-9cb2-4613-845b-5e6e2c6d19cd","DELA_005.tickPlot.tck","D08","DELA","DELA_005","distributed","woodyWetlands",32.524379,-87.813851,"WGS84",20.1,27.0,0.3,"2016-07-25T15:03Z","DELA.2016.30",,,"drag and flag",170,"N",0,0,0,"No known compromise","NEON.DOC.014045vG","Z8ZjOdYSUdFcy3JLIHElhGfjZRi6soXiWPP5GbsCcNo=",
