uid,namedLocation,domainID,siteID,plotID,plotType,nlcdClass,decimalLatitude,decimalLongitude,geodeticDatum,coordinateUncertainty,elevation,elevationUncertainty,collectDate,eventID,sampleID,sampleCode,samplingMethod,totalSampledArea,targetTaxaPresent,adultCount,nymphCount,larvaCount,sampleCondition,samplingProtocolVersion,measuredBy,remarks
"1c9fe22c-2fb2-49a2-866d-492da1677c52","ONAQ_011.tickPlot.tck","D15","ONAQ","ONAQ_011","distributed","shrubScrub",40.152051,-112.455478,"WGS84",20.1,1617.0,0.1,"2017-04-06T14:15Z","ONAQ.2017.15",,,"drag and flag",171,"N",0,0,0,"No known compromise","NEON.DOC.014045vG","wsPgf8Zw9fJKymWy47Zkre6IykLRH3+g",
"fb4bc094-9697-415d-a126-1a51a9c817da","ONAQ_009.tickPlot.tck","D15","ONAQ","ONAQ_009","distributed","shrubScrub",40.160581,-112.469377,"WGS84",20.1,1668.8,0.1,"2017-04-06T15:48Z","ONAQ.2017.15",,,"drag and flag",162,"N",0,0,0,"No known compromise","NEON.DOC.014045vG","wsPgf8Zw9fJKymWy47Zkre6IykLRH3+g",
"f2dd7027-c41f-4960-9db2-22c763bcfff7","ONAQ_016.tickPlot.tck","D15","ONAQ","ONAQ_016","distributed","shrubScrub",40.175449,-112.444448,"WGS84",20.1,1635.3,0.1,"2017-04-06T17:08Z","ONAQ.2017.15",,,"drag and flag",164,"N",0,0,0,"No known compromise","NEON.DOC.014045vG","mIVBXj2F9NDm7sslbfJSKumXaeYzAjh/",
"623da079-fa0e-4734-83e7-54a88d724761","ONAQ_004.tickPlot.tck","D15","ONAQ","ONAQ_004","distributed","shrubScrub",40.187291,-112.471870,"WGS84",,1710.4,,"2017-04-06T18:05Z","ONAQ.2017.15",,,"drag and flag",160,"N",0,0,0,"No known compromise","NEON.DOC.014045vG","p2UN2HDPf58ITmcd3ellSheGBidP8jg2GYGJTpVj6IE=",
"f75586ca-948b-43fc-8d57-a9e1c1ae8a3b","ONAQ_023.tickPlot.tck","D15","ONAQ","ONAQ_023","distributed","evergreenForest",40.193985,-112.507206,"WGS84",20.1,1860.6,0.1,"2017-04-06T19:11Z","ONAQ.2017.15",,,"drag and flag",161,"N",0,0,0,"No known compromise","NEON.DOC.014045vG","wsPgf8Zw9fJKymWy47Zkre6IykLRH3+g",
"c138e0b8-7887-43d3-a40f-96366a05f810","ONAQ_005.tickPlot.tck","D15","ONAQ","ONAQ_005","distributed","shrubScrub",40.181926,-112.432741,"WGS84",20.1,1617.2,0.1,"2017-04-06T20:53Z","ONAQ.2017.15",,,"drag and flag",160,"N",0,0,0,"No known compromise","NEON.DOC.014045vG","wsPgf8Zw9fJKymWy47Zkre6IykLRH3+g",
