uid,namedLocation,domainID,siteID,plotID,plotType,nlcdClass,decimalLatitude,decimalLongitude,geodeticDatum,coordinateUncertainty,elevation,elevationUncertainty,collectDate,eventID,sampleID,sampleCode,samplingMethod,totalSampledArea,targetTaxaPresent,adultCount,nymphCount,larvaCount,sampleCondition,samplingProtocolVersion,measuredBy,remarks
"a1ba766a-b3be-4f5e-b409-20d334f7b02f","KONZ_009.tickPlot.tck","D06","KONZ","KONZ_009","distributed","grasslandHerbaceous",39.107902,-96.584438,"WGS84",20.1,391.9,0.1,"2018-07-10T12:53Z","KONZ.2018.28","KONZ_009.20180710","B00000016171","drag",160,"Y",1,0,0,"No known compromise","NEON.DOC.014045vJ","kkbwkCoDsA6KGEHVdDf/jWkh+6A9lNBAX0snNK7CGzQ=",
"1866fa43-3b32-43bd-9f25-86d5b7ac59e9","KONZ_025.tickPlot.tck","D06","KONZ","KONZ_025","distributed","deciduousForest",39.103714,-96.597832,"WGS84",20.1,337.3,0.1,"2018-07-10T13:38Z","KONZ.2018.28","KONZ_025.20180710","B00000015956","flag",160,"Y",1,6,0,"No known compromise","NEON.DOC.014045vJ","kkbwkCoDsA6KGEHVdDf/jWkh+6A9lNBAX0snNK7CGzQ=",
"02877569-9387-4307-bd65-c42de1d9022c","KONZ_002.tickPlot.tck","D06","KONZ","KONZ_002","distributed","grasslandHerbaceous",39.118977,-96.547146,"WGS84",20.0,394.4,0.0,"2018-07-10T14:32Z","KONZ.2018.28","KONZ_002.20180710","B00000015962","drag and flag",160,"Y",0,1,0,"No known compromise","NEON.DOC.014045vJ","kkbwkCoDsA6KGEHVdDf/jWkh+6A9lNBAX0snNK7CGzQ=",
"bccf7716-aee4-47de-b998-4265f4919409","KONZ_004.tickPlot.tck","D06","KONZ","KONZ_004","distributed","grasslandHerbaceous",39.109647,-96.551370,"WGS84",20.0,371.9,0.0,"2018-07-10T15:10Z","KONZ.2018.28",,,"drag",160,"N",0,0,0,,"NEON.DOC.014045vJ","d3pHA2OuzLJG5kLE5SIdC8P8dp0tl3w8vNiLiYqYT2g=",
"a4aec992-4627-4fb8-97a8-15e0eaa5e8b4","KONZ_007.tickPlot.tck","D06","KONZ","KONZ_007","distributed","grasslandHerbaceous",39.087937,-96.545919,"WGS84",20.1,434.0,0.1,"2018-07-10T15:47Z","KONZ.2018.28",,,"drag and flag",160,"N",0,0,0,,"NEON.DOC.014045vJ","d3pHA2OuzLJG5kLE5SIdC8P8dp0tl3w8vNiLiYqYT2g=",
"1583fd7d-3468-49dd-a337-ae30e5b5dc39","KONZ_001.tickPlot.tck","D06","KONZ","KONZ_001","distributed","grasslandHerbaceous",39.074114,-96.557107,"WGS84",20.0,423.7,0.0,"2018-07-10T16:14Z","KONZ.2018.28",,,"drag",160,"N",0,0,0,,"NEON.DOC.014045vJ","d3pHA2OuzLJG5kLE5SIdC8P8dp0tl3w8vNiLiYqYT2g=",
