uid,namedLocation,domainID,siteID,plotID,plotType,nlcdClass,decimalLatitude,decimalLongitude,geodeticDatum,coordinateUncertainty,elevation,elevationUncertainty,collectDate,eventID,sampleID,sampleCode,samplingMethod,totalSampledArea,targetTaxaPresent,adultCount,nymphCount,larvaCount,sampleCondition,samplingProtocolVersion,measuredBy,remarks
"cc5cf889-6c5f-4252-9539-0ddf92d64b8e","STER_033.tickPlot.tck","D10","STER","STER_033","distributed","cultivatedCrops",40.476290,-103.010114,"WGS84",20.2,1355.1,0.2,"2017-09-21T15:06Z","STER.2017.39",,,"drag",160,"N",0,0,0,,"NEON.DOC.014045vH","M7EpIfYzzITs8Y5PIRNBZjG1wPJDljoZp5tr4GwKmKc=",
"0c59591b-dde8-4c35-9cf6-f1446617f4ed","STER_029.tickPlot.tck","D10","STER","STER_029","distributed","cultivatedCrops",40.469400,-103.010366,"WGS84",20.2,1352.6,0.3,"2017-09-21T16:05Z","STER.2017.39",,,"drag",160,"N",0,0,0,,"NEON.DOC.014045vH","wUoOeYeNRd+jgp17zK6rKygN5eUry8XOUwCtK+M4jBE=",
"abbda469-e05d-484f-92de-ad1cbdbc3e66","STER_006.tickPlot.tck","D10","STER","STER_006","distributed","cultivatedCrops",40.465644,-103.032824,"WGS84",20.1,1361.1,0.1,"2017-09-21T17:02Z","STER.2017.39",,,"drag",160,"N",0,0,0,,"NEON.DOC.014045vH","M7EpIfYzzITs8Y5PIRNBZjG1wPJDljoZp5tr4GwKmKc=",
"59d6b1aa-665a-4858-a9d0-c67c4fab7c75","STER_028.tickPlot.tck","D10","STER","STER_028","distributed","cultivatedCrops",40.472367,-103.017002,"WGS84",20.2,1358.2,0.3,"2017-09-21T17:44Z","STER.2017.39",,,"drag",160,"N",0,0,0,,"NEON.DOC.014045vH","wUoOeYeNRd+jgp17zK6rKygN5eUry8XOUwCtK+M4jBE=",
"df7c3beb-1a17-48e8-8031-0476fcf4aa9d","STER_026.tickPlot.tck","D10","STER","STER_026","distributed","cultivatedCrops",40.474857,-103.022558,"WGS84",20.2,1358.2,0.2,"2017-09-21T18:27Z","STER.2017.39",,,"drag",160,"N",0,0,0,,"NEON.DOC.014045vH","M7EpIfYzzITs8Y5PIRNBZjG1wPJDljoZp5tr4GwKmKc=",
"269c2d98-018d-4c63-bb66-7dbb7b4ca6cd","STER_027.tickPlot.tck","D10","STER","STER_027","distributed","cultivatedCrops",40.480002,-103.017416,"WGS84",20.2,1365.6,0.2,"2017-09-21T18:59Z","STER.2017.39",,,"drag and flag",160,"N",0,0,0,,"NEON.DOC.014045vH","wUoOeYeNRd+jgp17zK6rKygN5eUry8XOUwCtK+M4jBE=",
