uid,namedLocation,domainID,siteID,plotID,plotType,nlcdClass,decimalLatitude,decimalLongitude,geodeticDatum,coordinateUncertainty,elevation,elevationUncertainty,collectDate,eventID,sampleID,sampleCode,samplingMethod,totalSampledArea,targetTaxaPresent,adultCount,nymphCount,larvaCount,sampleCondition,samplingProtocolVersion,measuredBy,remarks
"585bc3d0-2291-4a6c-b1d4-f0b5cf81d41e","ORNL_007.tickPlot.tck","D07","ORNL","ORNL_007","distributed","deciduousForest",35.925843,-84.328420,"WGS84",20.2,279.4,0.5,"2016-07-13T04:53Z","ORNL.2016.28","ORNL_007.20160713",,"drag and flag",162,"Y",0,42,17,"No known compromise","NEON.DOC.014045vG","B89Z/IeBZxVUVqkZavcPJo3avqhPk8Rn",
"9dc9f52a-0f3c-4d81-a2c1-6336888055fe","ORNL_002.tickPlot.tck","D07","ORNL","ORNL_002","distributed","deciduousForest",35.983090,-84.211654,"WGS84",20.3,338.6,0.5,"2016-07-13T14:40Z","ORNL.2016.28","ORNL_002.20160713",,"drag and flag",165,"Y",0,7,114,"No known compromise","NEON.DOC.014045vG","Tka8agi6ymTlpY7IcnyRHQh3iSluqV4z",
"ed9ca407-9d03-4ddd-b346-ee2ec3c90ffa","ORNL_009.tickPlot.tck","D07","ORNL","ORNL_009","distributed","deciduousForest",35.974902,-84.226630,"WGS84",20.2,337.1,0.2,"2016-07-13T17:12Z","ORNL.2016.28","ORNL_009.20160713",,"drag and flag",160,"Y",0,2,0,"No known compromise","NEON.DOC.014045vG","wUBWszgu2lH2diIu19eQL/9vP8SagSqv",
"06a7a7d1-9fe1-439d-8114-2b6474593721","ORNL_003.tickPlot.tck","D07","ORNL","ORNL_003","distributed","deciduousForest",35.967011,-84.229849,"WGS84",20.2,275.5,0.2,"2016-07-13T18:18Z","ORNL.2016.28","ORNL_003.20160713",,"drag and flag",165,"Y",0,9,0,"No known compromise","NEON.DOC.014045vG","wUBWszgu2lH2diIu19eQL/9vP8SagSqv",
"4c35c0d6-068e-4457-b128-6e518ec07c39","ORNL_008.tickPlot.tck","D07","ORNL","ORNL_008","distributed","deciduousForest",35.933531,-84.334016,"WGS84",20.3,322.7,0.3,"2016-07-13T18:39Z","ORNL.2016.28","ORNL_008.20160713",,"drag and flag",164,"Y",2,8,20,"No known compromise","NEON.DOC.014045vG","Tka8agi6ymTlpY7IcnyRHQh3iSluqV4z",
"4edbd84c-8234-44ef-a5d4-5778bcc5db43","ORNL_040.tickPlot.tck","D07","ORNL","ORNL_040","distributed","evergreenForest",35.975525,-84.305103,"WGS84",20.2,273.2,0.2,"2016-07-13T19:44Z","ORNL.2016.28","ORNL_040.20160713",,"drag and flag",164,"Y",0,1,266,"No known compromise","NEON.DOC.014045vG","B89Z/IeBZxVUVqkZavcPJo3avqhPk8Rn",
