uid,namedLocation,plotID,collectDate,identifiedDate,sampleID,subsampleID,scientificName,acceptedTaxonID,taxonRank,family,subfamily,tribe,subtribe,genus,subgenus,specificEpithet,infraspecificEpithet,identificationQualifier,identificationReferences,identificationProtocolVersion,scientificNameAuthorship,sexOrAge,individualCount,sampleCondition,archiveMedium,archiveFacilityID,deprecatedVialID,identifiedBy,laboratoryName,remarks
"f7441ff6-fa60-480a-8b26-7d4e5752989c","ORNL_007.tickPlot.tck","ORNL_007","2016-07-13T04:53Z","2017-06-26T16:00Z","ORNL_007.20160713","ORNL_007.20160713.AMBAME.N","Amblyomma americanum","AMBAME","species","Ixodidae",,,,"Amblyomma",,"americanum",,,"Cooley, R. A. and G. M. Kohls. 1944. The genus Amblyomma (ixodidae) in the United States. The Journal of Parasitology, 30(2):77-111.","GSU_tickIdentification_SOP_2016-11-01.pdf","Linnaeus","Nymph",41,"OK","RNA stabilization buffer","USNMENT00984952","ORNL_007.20160713.02.AMBAME.N","Lorenza Beati","Georgia Southern University",
"aa71c0c3-75f8-4db9-8252-367daa3fa692","ORNL_007.tickPlot.tck","ORNL_007","2016-07-13T04:53Z","2017-05-25T16:00Z","ORNL_007.20160713","ORNL_007.20160713.IXOSP.L","Ixodidae sp.","IXOSP","family","Ixodidae",,,,,,"sp.",,,,"GSU_tickIdentification_SOP_2016-11-01.pdf",,"Larva",1,"OK","RNA stabilization buffer","USNMENT00984696","ORNL_007.20160713.01.L","Cody Norton","Georgia Southern University",
"88e978f7-a213-405c-8a7a-6db5ddf09fb5","ORNL_007.tickPlot.tck","ORNL_007","2016-07-13T04:53Z","2017-06-26T16:00Z","ORNL_007.20160713","ORNL_007.20160713.IXOSCA.N","Ixodes scapularis","IXOSCA","species","Ixodidae",,,,"Ixodes",,"scapularis",,,"Cooley, R. A. and G. M. Kohls. 1945. The genus Ixodes in North America. National Institute of Health Bulletin, 184.","GSU_tickIdentification_SOP_2016-11-01.pdf","Say","Nymph",1,"OK","RNA stabilization buffer","USNMENT00984953","ORNL_007.20160713.02.IXOSCA.N","Lorenza Beati","Georgia Southern University",
"615009d9-2598-4036-9596-5bda78480a5d","ORNL_002.tickPlot.tck","ORNL_002","2016-07-13T14:40Z","2017-06-26T16:00Z","ORNL_002.20160713","ORNL_002.20160713.IXOSCA.N","Ixodes scapularis","IXOSCA","species","Ixodidae",,,,"Ixodes",,"scapularis",,,"Cooley, R. A. and G. M. Kohls. 1945. The genus Ixodes in North America. National Institute of Health Bulletin, 184.","GSU_tickIdentification_SOP_2016-11-01.pdf","Say","Nymph",1,"OK","RNA stabilization buffer","USNMENT00864633","ORNL_002.20160713.02.IXOSCA.N","Lorenza Beati","Georgia Southern University",
"2b866ada-01b7-45fd-9218-fa214cabeba3","ORNL_002.tickPlot.tck","ORNL_002","2016-07-13T14:40Z","2017-05-19T16:00Z","ORNL_002.20160713","ORNL_002.20160713.IXOSP.L","Ixodidae sp.","IXOSP","family","Ixodidae",,,,,,"sp.",,,,"GSU_tickIdentification_SOP_2016-11-01.pdf",,"Larva",1,"OK","RNA stabilization buffer","USNMENT00984662","ORNL_002.20160713.01.L","Cody Norton","Georgia Southern University",
"cbd1ce6d-2cbf-4d84-af46-60a8bd711822","ORNL_002.tickPlot.tck","ORNL_002","2016-07-13T14:40Z","2017-06-26T16:00Z","ORNL_002.20160713","ORNL_002.20160713.AMBAME.N","Amblyomma americanum","AMBAME","species","Ixodidae",,,,"Amblyomma",,"americanum",,,"Cooley, R. A. and G. M. Kohls. 1944. The genus Amblyomma (ixodidae) in the United States. The Journal of Parasitology, 30(2):77-111.","GSU_tickIdentification_SOP_2016-11-01.pdf","Linnaeus","Nymph",6,"OK","RNA stabilization buffer","USNMENT00984700","ORNL_002.20160713.02.AMBAME.N","Lorenza Beati","Georgia Southern University",
"7142830a-d146-4e82-ae7a-49e559802f16","ORNL_009.tickPlot.tck","ORNL_009","2016-07-13T17:12Z","2017-06-26T16:00Z","ORNL_009.20160713","ORNL_009.20160713.AMBAME.N","Amblyomma americanum","AMBAME","species","Ixodidae",,,,"Amblyomma",,"americanum",,,"Cooley, R. A. and G. M. Kohls. 1944. The genus Amblyomma (ixodidae) in the United States. The Journal of Parasitology, 30(2):77-111.","GSU_tickIdentification_SOP_2016-11-01.pdf","Linnaeus","Nymph",2,"OK","RNA stabilization buffer","USNMENT00984661","ORNL_009.20160713.01.AMBAME.N","Lorenza Beati","Georgia Southern University",
"5640b5ac-d459-4dd2-9710-4912e71b4ec0","ORNL_003.tickPlot.tck","ORNL_003","2016-07-13T18:18Z","2017-06-26T16:00Z","ORNL_003.20160713","ORNL_003.20160713.AMBAME.N","Amblyomma americanum","AMBAME","species","Ixodidae",,,,"Amblyomma",,"americanum",,,"Cooley, R. A. and G. M. Kohls. 1944. The genus Amblyomma (ixodidae) in the United States. The Journal of Parasitology, 30(2):77-111.","GSU_tickIdentification_SOP_2016-11-01.pdf","Linnaeus","Nymph",9,"OK","RNA stabilization buffer","USNMENT00984660","ORNL_003.20160713.01.AMBAME.N","Lorenza Beati","Georgia Southern University",
"e0e3df70-4cd8-4c69-8839-f5fcc79de7f3","ORNL_008.tickPlot.tck","ORNL_008","2016-07-13T18:39Z","2017-06-26T16:00Z","ORNL_008.20160713","ORNL_008.20160713.AMBAME.F","Amblyomma americanum","AMBAME","species","Ixodidae",,,,"Amblyomma",,"americanum",,,"Cooley, R. A. and G. M. Kohls. 1944. The genus Amblyomma (ixodidae) in the United States. The Journal of Parasitology, 30(2):77-111.","GSU_tickIdentification_SOP_2016-11-01.pdf","Linnaeus","Female",1,"OK","RNA stabilization buffer","USNMENT00984704","ORNL_008.20160713.01.AMBAME.F","Lorenza Beati","Georgia Southern University",
"b40e189b-cde7-409a-8f9b-249e7f58a626","ORNL_008.tickPlot.tck","ORNL_008","2016-07-13T18:39Z","2017-06-26T16:00Z","ORNL_008.20160713","ORNL_008.20160713.AMBAME.N","Amblyomma americanum","AMBAME","species","Ixodidae",,,,"Amblyomma",,"americanum",,,"Cooley, R. A. and G. M. Kohls. 1944. The genus Amblyomma (ixodidae) in the United States. The Journal of Parasitology, 30(2):77-111.","GSU_tickIdentification_SOP_2016-11-01.pdf","Linnaeus","Nymph",7,"OK","RNA stabilization buffer","USNMENT00984705","ORNL_008.20160713.01.AMBAME.N","Lorenza Beati","Georgia Southern University",
"75c812b9-b683-4c19-8439-bdc0b09759a3","ORNL_008.tickPlot.tck","ORNL_008","2016-07-13T18:39Z","2017-06-29T16:00Z","ORNL_008.20160713","ORNL_008.20160713.IXOSP.L","Ixodidae sp.","IXOSP","family","Ixodidae",,,,,,"sp.",,,,"GSU_tickIdentification_SOP_2016-11-01.pdf",,"Larva",1,"OK","RNA stabilization buffer","USNMENT00984962","ORNL_008.20160713.02.L","Cody Norton","Georgia Southern University",
"90ac8373-f579-416f-b4ff-019a13119c04","ORNL_040.tickPlot.tck","ORNL_040","2016-07-13T19:44Z","2017-06-30T16:00Z","ORNL_040.20160713","ORNL_040.20160713.IXOSP.L","Ixodidae sp.","IXOSP","family","Ixodidae",,,,,,"sp.",,,,"GSU_tickIdentification_SOP_2016-11-01.pdf",,"Larva",1,"OK","RNA stabilization buffer","USNMENT00984963","ORNL_040.20160713.01.L","Guy Hobbs","Georgia Southern University",
"be5e7685-fca8-4831-840e-97d91067330b","ORNL_040.tickPlot.tck","ORNL_040","2016-07-13T19:44Z","2017-06-26T16:00Z","ORNL_040.20160713","ORNL_040.20160713.AMBAME.N","Amblyomma americanum","AMBAME","species","Ixodidae",,,,"Amblyomma",,"americanum",,,"Cooley, R. A. and G. M. Kohls. 1944. The genus Amblyomma (ixodidae) in the United States. The Journal of Parasitology, 30(2):77-111.","GSU_tickIdentification_SOP_2016-11-01.pdf","Linnaeus","Nymph",2,"OK","RNA stabilization buffer","USNMENT00984960","ORNL_040.20160713.02.AMBAME.N","Lorenza Beati","Georgia Southern University",
"876a6491-b755-4826-b92d-157c613511e5","ORNL_040.tickPlot.tck","ORNL_040","2016-07-13T19:44Z","2017-06-26T16:00Z","ORNL_040.20160713","ORNL_040.20160713.DERVAR.F","Dermacentor variabilis","DERVAR","species","Ixodidae",,,,"Dermacentor",,"variabilis",,,"Yunker, C. E., Keirans, J. E., Clifford, C. M., and E. R. Easton. 1986. Dermacentor ticks (Acari: Ixodoidea: Ixodidae) of the New World: a scanning electron microscope atlas. Proceedings of the Entomological Society of Washington, 88(4):609-627.","GSU_tickIdentification_SOP_2016-11-01.pdf","Say","Female",1,"OK","RNA stabilization buffer","USNMENT00984959","ORNL_040.20160713.02.DERVAR.F","Lorenza Beati","Georgia Southern University",
