uid,namedLocation,domainID,siteID,plotID,plotType,nlcdClass,decimalLatitude,decimalLongitude,geodeticDatum,coordinateUncertainty,elevation,elevationUncertainty,collectDate,eventID,sampleID,sampleCode,samplingMethod,totalSampledArea,targetTaxaPresent,adultCount,nymphCount,larvaCount,sampleCondition,samplingProtocolVersion,measuredBy,remarks
"4a94d4ad-b822-4ee6-bf9a-465bf8221cfc","GRSM_006.tickPlot.tck","D07","GRSM","GRSM_006","distributed","deciduousForest",35.679072,-83.643678,"WGS84",20.2,533.6,0.2,"2018-05-17T14:43Z","GRSM.2018.20",,,"drag and flag",180,"N",0,0,0,"No known compromise","NEON.DOC.014045vJ","2H55su/YJR5LPFmvOFXSwF0uMtbHyYnwq0ApKEkczBw=",
"d7182fd6-9617-45db-9030-522babfc9332","GRSM_015.tickPlot.tck","D07","GRSM","GRSM_015","distributed","deciduousForest",35.729089,-83.408061,"WGS84",20.2,448.3,0.2,"2018-05-17T15:41Z","GRSM.2018.20","GRSM_015.20180517",,"drag and flag",160,"Y",1,0,0,"No known compromise","NEON.DOC.014045vJ","dUo4y+35fYMLf84WQKENwuHL/E92G+BZoT7HeQZOdG4=",
"5b12f25a-4d27-4528-8d0f-d7c19d7018fb","GRSM_004.tickPlot.tck","D07","GRSM","GRSM_004","distributed","deciduousForest",35.688959,-83.535562,"WGS84",20.3,441.9,0.5,"2018-05-17T16:02Z","GRSM.2018.20",,,"drag and flag",180,"N",0,0,0,"No known compromise","NEON.DOC.014045vJ","2H55su/YJR5LPFmvOFXSwF0uMtbHyYnwq0ApKEkczBw=",
"46858223-d442-4cd9-b508-5531cdd8e76c","GRSM_009.tickPlot.tck","D07","GRSM","GRSM_009","distributed","deciduousForest",35.671874,-83.491180,"WGS84",20.2,820.9,0.2,"2018-05-17T17:26Z","GRSM.2018.20",,,"drag and flag",158,"N",0,0,0,"No known compromise","NEON.DOC.014045vJ","dUo4y+35fYMLf84WQKENwuHL/E92G+BZoT7HeQZOdG4=",
"c4b736aa-98cc-4fcb-8655-3868f9ecc8af","GRSM_010.tickPlot.tck","D07","GRSM","GRSM_010","distributed","deciduousForest",35.669242,-83.524579,"WGS84",20.2,510.4,0.3,"2018-05-17T17:40Z","GRSM.2018.20",,,"drag and flag",80,"N",0,0,0,"No known compromise","NEON.DOC.014045vJ","2H55su/YJR5LPFmvOFXSwF0uMtbHyYnwq0ApKEkczBw=",
"c2f0e89f-39c2-46fd-a07a-0d2a5dd2a8a0","GRSM_003.tickPlot.tck","D07","GRSM","GRSM_003","distributed","deciduousForest",35.676584,-83.476209,"WGS84",20.2,880.6,0.2,"2018-05-17T18:37Z","GRSM.2018.20",,,"drag and flag",160,"N",0,0,0,"No known compromise","NEON.DOC.014045vJ","dUo4y+35fYMLf84WQKENwuHL/E92G+BZoT7HeQZOdG4=",
