uid,namedLocation,domainID,siteID,plotID,plotType,nlcdClass,decimalLatitude,decimalLongitude,geodeticDatum,coordinateUncertainty,elevation,elevationUncertainty,collectDate,eventID,sampleID,sampleCode,samplingMethod,totalSampledArea,targetTaxaPresent,adultCount,nymphCount,larvaCount,sampleCondition,samplingProtocolVersion,measuredBy,remarks
"f5aa4fa6-7728-4c96-963d-b70f778b24ba","JORN_004.tickPlot.tck","D14","JORN","JORN_004","distributed","shrubScrub",32.629997,-106.859194,"WGS84",20.1,1332.6,0.1,"2017-05-09T14:05Z","JORN.2017.20",,,"drag and flag",168,"N",0,0,0,"No known compromise","NEON.DOC.014045vG","jsTjq759p0sW6l4HEM4a2vh3YQ8Sowis","Added 8 meters"
"88d1c2c6-e8ba-4c38-9506-f4f2d429a4a8","JORN_006.tickPlot.tck","D14","JORN","JORN_006","distributed","shrubScrub",32.591754,-106.825128,"WGS84",20.1,1323.4,0.1,"2017-05-09T14:47Z","JORN.2017.20",,,"drag and flag",169,"N",0,0,0,"No known compromise","NEON.DOC.014045vH","Sf6Yo6UV2y4IqBxH2CIvxtTGM+hWRbt0qlTMKiAoDAg=",
"eaa70bdd-96e3-4289-bdf6-5973734f8b53","JORN_002.tickPlot.tck","D14","JORN","JORN_002","distributed","shrubScrub",32.612341,-106.827225,"WGS84",20.1,1328.9,0.1,"2017-05-09T15:42Z","JORN.2017.20",,,"drag and flag",166,"N",0,0,0,"No known compromise","NEON.DOC.014045vH","47fmII3dmbwIJec1dxdwyBiGTksx4UMrFdhMVXVxQHE=","Added 6 meters"
"4f609ee8-7d54-4032-ba39-5df14d435dd7","JORN_003.tickPlot.tck","D14","JORN","JORN_003","distributed","shrubScrub",32.599768,-106.839372,"WGS84",20.1,1321.1,0.1,"2017-05-09T15:58Z","JORN.2017.20",,,"drag and flag",175,"N",0,0,0,"No known compromise","NEON.DOC.014045vH","Sf6Yo6UV2y4IqBxH2CIvxtTGM+hWRbt0qlTMKiAoDAg=",
"96194a8c-32ee-42e1-a68a-fdeb9a549f9d","JORN_001.tickPlot.tck","D14","JORN","JORN_001","distributed","shrubScrub",32.603710,-106.801348,"WGS84",20.1,1323.4,0.1,"2017-05-09T16:03Z","JORN.2017.20",,,"drag and flag",179,"N",0,0,0,"No known compromise","NEON.DOC.014045vH","HSLHxoHyU+OUsiFMGmLLQtrjXj9jFn9P",
"8d5d0c42-f7d8-429c-996b-710074e4fc05","JORN_005.tickPlot.tck","D14","JORN","JORN_005","distributed","shrubScrub",32.575619,-106.801784,"WGS84",20.1,1324.8,0.2,"2017-05-09T17:41Z","JORN.2017.20",,,"drag and flag",160,"N",0,0,0,"No known compromise","NEON.DOC.014045vH","jsTjq759p0sW6l4HEM4a2vh3YQ8Sowis",
