uid,namedLocation,domainID,siteID,plotID,plotType,nlcdClass,decimalLatitude,decimalLongitude,geodeticDatum,coordinateUncertainty,elevation,elevationUncertainty,collectDate,eventID,sampleID,sampleCode,samplingMethod,totalSampledArea,targetTaxaPresent,adultCount,nymphCount,larvaCount,sampleCondition,samplingProtocolVersion,measuredBy,remarks
"24274ace-c0ae-48b6-a653-f1da957c3568","BLAN_012.tickPlot.tck","D02","BLAN","BLAN_012","distributed","deciduousForest",39.082720,-77.959589,"WGS84",20.2,135.1,0.2,"2017-08-01T15:22Z","BLAN.2017.32","BLAN_012.20170801",,"drag",161,"Y",1,0,25,"No known compromise","NEON.DOC.014045vH","65MrXCKZ6BZHMIpBwLFSzI3B2iyqckQKC2QVdjxfI44=",
"dee8d37b-7a98-462d-9d76-d2c191684f3f","BLAN_015.tickPlot.tck","D02","BLAN","BLAN_015","distributed","deciduousForest",39.088728,-77.955494,"WGS84",20.2,125.9,0.2,"2017-08-01T16:38Z","BLAN.2017.32","BLAN_015.20170801",,"drag",159,"Y",1,0,56,"No known compromise","NEON.DOC.014045vH","65MrXCKZ6BZHMIpBwLFSzI3B2iyqckQKC2QVdjxfI44=",
"a48e3a8c-3c77-431a-a241-bef82ba038e7","BLAN_005.tickPlot.tck","D02","BLAN","BLAN_005","distributed","deciduousForest",39.086223,-77.972729,"WGS84",20.2,169.1,0.3,"2017-08-21T15:57Z","BLAN.2017.35","BLAN_005.20170821",,"drag",160,"Y",0,0,122,"No known compromise","NEON.DOC.014045vH","ena7GLJui5s1h8moQAQPw3Qj2+mVdivS",
"f6782c88-ddbb-4bb2-9431-64cda5de4333","BLAN_008.tickPlot.tck","D02","BLAN","BLAN_008","distributed","pastureHay",39.083870,-77.966320,"WGS84",20.4,159.6,0.5,"2017-08-21T17:50Z","BLAN.2017.35",,,"drag",160,"N",0,0,0,"No known compromise","NEON.DOC.014045vH","5KHGCJU8MVi1+7ablrc8J9GceIxGWQkD57A2WbAFRSE=",
"6b186a16-f516-40d2-b4dc-b2275b011b4e","BLAN_004.tickPlot.tck","D02","BLAN","BLAN_004","distributed","pastureHay",39.088416,-77.961331,"WGS84",20.1,123.7,0.1,"2017-08-21T18:30Z","BLAN.2017.35",,,"drag",160,"N",0,0,0,"No known compromise","NEON.DOC.014045vH","5KHGCJU8MVi1+7ablrc8J9GceIxGWQkD57A2WbAFRSE=",
"6e54f4e4-5f34-460a-8371-f3e5aab017f7","BLAN_002.tickPlot.tck","D02","BLAN","BLAN_002","distributed","pastureHay",39.091474,-77.982149,"WGS84",20.1,145.6,0.1,"2017-08-22T15:47Z","BLAN.2017.35",,,"drag",160,"N",0,0,0,"No known compromise","NEON.DOC.014045vH","5KHGCJU8MVi1+7ablrc8J9GceIxGWQkD57A2WbAFRSE=","re-staked/found SW corner marker with rangefinder while sampling"
"6c3df773-e20e-404b-b4db-36e160290842","BLAN_012.tickPlot.tck","D02","BLAN","BLAN_012","distributed","deciduousForest",39.082720,-77.959589,"WGS84",20.2,135.1,0.2,"2017-08-22T16:57Z","BLAN.2017.35","BLAN_012.20170822",,"drag",155,"Y",0,0,5,"No known compromise","NEON.DOC.014045vH","5KHGCJU8MVi1+7ablrc8J9GceIxGWQkD57A2WbAFRSE=",
"70e74f04-cf71-458c-aa6e-9b0e0af41992","BLAN_015.tickPlot.tck","D02","BLAN","BLAN_015","distributed","deciduousForest",39.088728,-77.955494,"WGS84",20.2,125.9,0.2,"2017-08-22T18:09Z","BLAN.2017.35","BLAN_015.20170822",,"drag",161,"Y",0,0,16,"Other (described in remarks)","NEON.DOC.014045vH","ena7GLJui5s1h8moQAQPw3Qj2+mVdivS","1 larval tick dropped off of tape (included in count)"
