uid,namedLocation,plotID,collectDate,identifiedDate,sampleID,subsampleID,scientificName,acceptedTaxonID,taxonRank,family,subfamily,tribe,subtribe,genus,subgenus,specificEpithet,infraspecificEpithet,identificationQualifier,identificationReferences,identificationProtocolVersion,scientificNameAuthorship,sexOrAge,individualCount,sampleCondition,archiveMedium,archiveFacilityID,deprecatedVialID,identifiedBy,laboratoryName,remarks
"a0e44b03-3b13-44b4-a99a-2df7845f9491","BLAN_012.tickPlot.tck","BLAN_012","2017-08-01T15:22Z","2017-10-13T16:00Z","BLAN_012.20170801","BLAN_012.20170801.IXOSP.L","Ixodidae sp.","IXOSP","family","Ixodidae",,,,,,"sp.",,,,"GSU_tickIdentification_SOP_2016-11-01.pdf",,"Larva",1,"OK","90% ethanol","USNMENT01358790","BLAN_012.20170801.L","Guy Hobbs","Georgia Southern University",
"14a6fca2-ac0a-46ec-be15-bcde7ab644ab","BLAN_012.tickPlot.tck","BLAN_012","2017-08-01T15:22Z","2018-01-13T17:00Z","BLAN_012.20170801","BLAN_012.20170801.DERVAR.M","Dermacentor variabilis","DERVAR","species","Ixodidae",,,,"Dermacentor",,"variabilis",,,"Yunker, C. E., Keirans, J. E., Clifford, C. M., and E. R. Easton. 1986. Dermacentor ticks (Acari: Ixodoidea: Ixodidae) of the New World: a scanning electron microscope atlas. Proceedings of the Entomological Society of Washington, 88(4):609-627.","GSU_tickIdentification_SOP_2016-11-01.pdf","Say","Male",1,"OK","90% ethanol","USNMENT01358789","BLAN_012.20170801.DERVAR.M","Lorenza Beati","Georgia Southern University",
"43fdde3b-15b4-416b-ae9d-977bb2bddd97","BLAN_015.tickPlot.tck","BLAN_015","2017-08-01T16:38Z","2017-10-13T16:00Z","BLAN_015.20170801","BLAN_015.20170801.IXOSP.L","Ixodidae sp.","IXOSP","family","Ixodidae",,,,,,"sp.",,,,"GSU_tickIdentification_SOP_2016-11-01.pdf",,"Larva",1,"OK","90% ethanol","USNMENT01358787","BLAN_015.20170801.L","Guy Hobbs","Georgia Southern University",
"75c4c4af-4a4a-48dc-92cb-f6733fb9be2b","BLAN_015.tickPlot.tck","BLAN_015","2017-08-01T16:38Z","2018-01-13T17:00Z","BLAN_015.20170801","BLAN_015.20170801.DERVAR.M","Dermacentor variabilis","DERVAR","species","Ixodidae",,,,"Dermacentor",,"variabilis",,,"Yunker, C. E., Keirans, J. E., Clifford, C. M., and E. R. Easton. 1986. Dermacentor ticks (Acari: Ixodoidea: Ixodidae) of the New World: a scanning electron microscope atlas. Proceedings of the Entomological Society of Washington, 88(4):609-627.","GSU_tickIdentification_SOP_2016-11-01.pdf","Say","Male",1,"OK","90% ethanol","USNMENT01358788","BLAN_015.20170801.DERVAR.M","Lorenza Beati","Georgia Southern University",
"71d5d6d7-8065-41b6-8043-283f6a9c47aa","BLAN_005.tickPlot.tck","BLAN_005","2017-08-21T15:57Z","2017-10-01T16:00Z","BLAN_005.20170821","BLAN_005.20170821.IXOSP.L","Ixodidae sp.","IXOSP","family","Ixodidae",,,,,,"sp.",,,,"GSU_tickIdentification_SOP_2016-11-01.pdf",,"Larva",1,"OK","90% ethanol","USNMENT01358750","BLAN_005.20170821.L","Guy Hobbs","Georgia Southern University",
"46ed7738-a561-4aae-a1b8-2e4aea90f2e7","BLAN_012.tickPlot.tck","BLAN_012","2017-08-22T16:57Z","2017-10-01T16:00Z","BLAN_012.20170822","BLAN_012.20170822.IXOSP.L","Ixodidae sp.","IXOSP","family","Ixodidae",,,,,,"sp.",,,,"GSU_tickIdentification_SOP_2016-11-01.pdf",,"Larva",1,"OK","90% ethanol","USNMENT01358749","BLAN_012.20170822.L","Guy Hobbs","Georgia Southern University",
"abba87a7-357f-456f-a3a3-1a54d57a3c85","BLAN_015.tickPlot.tck","BLAN_015","2017-08-22T18:09Z","2017-10-01T16:00Z","BLAN_015.20170822","BLAN_015.20170822.IXOSP.L","Ixodidae sp.","IXOSP","family","Ixodidae",,,,,,"sp.",,,,"GSU_tickIdentification_SOP_2016-11-01.pdf",,"Larva",1,"OK","90% ethanol","USNMENT01358748","BLAN_015.20170822.L","Guy Hobbs","Georgia Southern University",
