uid,namedLocation,domainID,siteID,plotID,plotType,nlcdClass,decimalLatitude,decimalLongitude,geodeticDatum,coordinateUncertainty,elevation,elevationUncertainty,collectDate,eventID,sampleID,sampleCode,samplingMethod,totalSampledArea,targetTaxaPresent,adultCount,nymphCount,larvaCount,sampleCondition,samplingProtocolVersion,measuredBy,remarks
"eb4d25a3-7d2d-4b35-b226-1cf40391ec72","BONA_020.tickPlot.tck","D19","BONA","BONA_020","distributed","evergreenForest",65.188754,-147.552582,"WGS84",20.1,577.8,0.1,"2017-08-03T22:58Z","BONA.2017.32",,,"drag and flag",177,"N",0,0,0,,"NEON.DOC.014045vH","iPKcgnocYReBkGFdhds0fCTebQG1tqCylWHEWBECO88=",
"c9ee1d5c-e37c-4e46-827f-05a935a94ec2","BONA_004.tickPlot.tck","D19","BONA","BONA_004","distributed","evergreenForest",65.190455,-147.539885,"WGS84",20.1,652.4,0.1,"2017-08-07T20:00Z","BONA.2017.33",,,"drag and flag",178,"N",0,0,0,,"NEON.DOC.014045vH","mBJxlAYbbGTroI8U1cqmMangHVXpuZ3Yx3uRxz/5Rb8=",
"5c2c6b11-64a3-4954-8bee-b5f03c822de9","BONA_013.tickPlot.tck","D19","BONA","BONA_013","distributed","mixedForest",65.176867,-147.556284,"WGS84",20.2,507.6,0.2,"2017-08-07T21:34Z","BONA.2017.33",,,"drag and flag",172,"N",0,0,0,,"NEON.DOC.014045vH","s2uDESL1j+AW3Q2Q0IlT2c/WFAdKqXr0DT83SmWL7KI=",
"8c09a0d4-b92d-4369-9399-c98e1f41d6ac","BONA_012.tickPlot.tck","D19","BONA","BONA_012","distributed","deciduousForest",65.153244,-147.535939,"WGS84",20.2,290.2,0.2,"2017-08-08T00:25Z","BONA.2017.33",,,"drag and flag",176,"N",0,0,0,,"NEON.DOC.014045vH","s2uDESL1j+AW3Q2Q0IlT2c/WFAdKqXr0DT83SmWL7KI=",
"73a16c86-79a3-4b92-bef4-80a22728ae92","BONA_002.tickPlot.tck","D19","BONA","BONA_002","distributed","deciduousForest",65.163914,-147.524124,"WGS84",20.1,481.4,0.2,"2017-08-09T19:05Z","BONA.2017.33",,,"drag and flag",162,"N",0,0,0,,"NEON.DOC.014045vH","61wW4ZEW7CFGv2AKZTPJLWKQjy+7o/HGbdvEKL583M8=",
"bd84cb51-feb1-4328-abf4-c29aa21c2a9f","BONA_044.tickPlot.tck","D19","BONA","BONA_044","distributed","shrubScrub",65.166233,-147.508264,"WGS84",20.1,309.6,0.1,"2017-08-09T20:30Z","BONA.2017.33",,,"drag and flag",163,"N",0,0,0,,"NEON.DOC.014045vH","1dFEKNySUBNEtiGkHvaOmgzfRLGqTpB/bfJegKNASvI=",
