uid,namedLocation,plotID,collectDate,identifiedDate,sampleID,subsampleID,scientificName,acceptedTaxonID,taxonRank,family,subfamily,tribe,subtribe,genus,subgenus,specificEpithet,infraspecificEpithet,identificationQualifier,identificationReferences,identificationProtocolVersion,scientificNameAuthorship,sexOrAge,individualCount,sampleCondition,archiveMedium,archiveFacilityID,deprecatedVialID,identifiedBy,laboratoryName,remarks
"8191fa7c-a70b-46b5-a1e9-d6f3a60ef160","SCBI_002.tickPlot.tck","SCBI_002","2017-06-12T13:12Z","2018-01-02T17:00Z","SCBI_002.20170612","SCBI_002.20170612.AMBAME.N","Amblyomma americanum","AMBAME","species","Ixodidae",,,,"Amblyomma",,"americanum",,,"Cooley, R. A. and G. M. Kohls. 1944. The genus Amblyomma (ixodidae) in the United States. The Journal of Parasitology, 30(2):77-111.","GSU_tickIdentification_SOP_2016-11-01.pdf","Linnaeus","Nymph",2,"OK","90% ethanol","USNMENT01358455","SCBI_002.20170612.AMBAME.N","Lorenza Beati","Georgia Southern University",
"4eddb4ef-a424-4b1c-bc72-09d186ab582a","SCBI_002.tickPlot.tck","SCBI_002","2017-06-12T13:12Z","2018-01-02T17:00Z","SCBI_002.20170612","SCBI_002.20170612.IXOSCA.N","Ixodes scapularis","IXOSCA","species","Ixodidae",,,,"Ixodes",,"scapularis",,,"Cooley, R. A. and G. M. Kohls. 1945. The genus Ixodes in North America. National Institute of Health Bulletin, 184.","GSU_tickIdentification_SOP_2016-11-01.pdf","Say","Nymph",5,"OK","90% ethanol","USNMENT01358456","SCBI_002.20170612.IXOSCA.N","Lorenza Beati","Georgia Southern University",
"bddbe5f2-3d87-4c7a-aa96-d12b73db6a81","SCBI_006.tickPlot.tck","SCBI_006","2017-06-12T14:17Z","2018-01-02T17:00Z","SCBI_006.20170612","SCBI_006.20170612.IXOSCA.N","Ixodes scapularis","IXOSCA","species","Ixodidae",,,,"Ixodes",,"scapularis",,,"Cooley, R. A. and G. M. Kohls. 1945. The genus Ixodes in North America. National Institute of Health Bulletin, 184.","GSU_tickIdentification_SOP_2016-11-01.pdf","Say","Nymph",1,"OK","90% ethanol","USNMENT01358422","SCBI_006.20170612.IXOSCA.N","Lorenza Beati","Georgia Southern University",
"ef118a79-4183-4ff5-8329-1b09161df471","SCBI_039.tickPlot.tck","SCBI_039","2017-06-12T15:07Z","2018-01-02T17:00Z","SCBI_039.20170612","SCBI_039.20170612.AMBAME.N","Amblyomma americanum","AMBAME","species","Ixodidae",,,,"Amblyomma",,"americanum",,,"Cooley, R. A. and G. M. Kohls. 1944. The genus Amblyomma (ixodidae) in the United States. The Journal of Parasitology, 30(2):77-111.","GSU_tickIdentification_SOP_2016-11-01.pdf","Linnaeus","Nymph",10,"OK","90% ethanol","USNMENT01358463","SCBI_039.20170612.AMBAME.N","Lorenza Beati","Georgia Southern University",
"420249e2-1d25-44bd-bba6-710417147699","SCBI_007.tickPlot.tck","SCBI_007","2017-06-12T18:13Z","2018-01-02T17:00Z","SCBI_007.20170612","SCBI_007.20170612.DERVAR.M","Dermacentor variabilis","DERVAR","species","Ixodidae",,,,"Dermacentor",,"variabilis",,,"Yunker, C. E., Keirans, J. E., Clifford, C. M., and E. R. Easton. 1986. Dermacentor ticks (Acari: Ixodoidea: Ixodidae) of the New World: a scanning electron microscope atlas. Proceedings of the Entomological Society of Washington, 88(4):609-627.","GSU_tickIdentification_SOP_2016-11-01.pdf","Say","Male",1,"OK","90% ethanol","USNMENT01358445","SCBI_007.20170612.DERVAR.M","Lorenza Beati","Georgia Southern University","TO PAULA"
"b3b288e6-fb80-46b9-9386-4ea3d27a69cd","SCBI_007.tickPlot.tck","SCBI_007","2017-06-12T18:13Z","2018-01-02T17:00Z","SCBI_007.20170612","SCBI_007.20170612.IXOSCA.N","Ixodes scapularis","IXOSCA","species","Ixodidae",,,,"Ixodes",,"scapularis",,,"Cooley, R. A. and G. M. Kohls. 1945. The genus Ixodes in North America. National Institute of Health Bulletin, 184.","GSU_tickIdentification_SOP_2016-11-01.pdf","Say","Nymph",7,"OK","90% ethanol","USNMENT01358447","SCBI_007.20170612.IXOSCA.N","Lorenza Beati","Georgia Southern University",
"0a706d15-c4ca-473f-8c7e-1a76fc18e067","SCBI_007.tickPlot.tck","SCBI_007","2017-06-12T18:13Z","2018-01-02T17:00Z","SCBI_007.20170612","SCBI_007.20170612.DERVAR.F","Dermacentor variabilis","DERVAR","species","Ixodidae",,,,"Dermacentor",,"variabilis",,,"Yunker, C. E., Keirans, J. E., Clifford, C. M., and E. R. Easton. 1986. Dermacentor ticks (Acari: Ixodoidea: Ixodidae) of the New World: a scanning electron microscope atlas. Proceedings of the Entomological Society of Washington, 88(4):609-627.","GSU_tickIdentification_SOP_2016-11-01.pdf","Say","Female",1,"OK","90% ethanol","USNMENT01358446","SCBI_007.20170612.DEMVAR.F","Lorenza Beati","Georgia Southern University","TO PAULA"
"5cd602e4-c23c-4161-8ff4-91bb4038cd18","SCBI_013.tickPlot.tck","SCBI_013","2017-06-13T16:50Z","2018-01-02T17:00Z","SCBI_013.20170613","SCBI_013.20170613.IXOSCA.N","Ixodes scapularis","IXOSCA","species","Ixodidae",,,,"Ixodes",,"scapularis",,,"Cooley, R. A. and G. M. Kohls. 1945. The genus Ixodes in North America. National Institute of Health Bulletin, 184.","GSU_tickIdentification_SOP_2016-11-01.pdf","Say","Nymph",3,"OK","90% ethanol","USNMENT01358453","SCBI_013.20170613.IXOSCA.N","Lorenza Beati","Georgia Southern University",
"adcc2002-5b57-4d3c-93f5-0a706a5c9b53","SCBI_013.tickPlot.tck","SCBI_013","2017-06-13T16:50Z","2018-01-02T17:00Z","SCBI_013.20170613","SCBI_013.20170613.AMBAME.N","Amblyomma americanum","AMBAME","species","Ixodidae",,,,"Amblyomma",,"americanum",,,"Cooley, R. A. and G. M. Kohls. 1944. The genus Amblyomma (ixodidae) in the United States. The Journal of Parasitology, 30(2):77-111.","GSU_tickIdentification_SOP_2016-11-01.pdf","Linnaeus","Nymph",17,"OK","90% ethanol","USNMENT01358454","SCBI_013.20170613.AMBAME.N","Lorenza Beati","Georgia Southern University","found 17 not 18 in vial"
"7ad4fad9-1444-4804-b273-18d35b11f63b","SCBI_013.tickPlot.tck","SCBI_013","2017-06-13T16:50Z","2018-01-02T17:00Z","SCBI_013.20170613","SCBI_013.20170613.AMBAME.M","Amblyomma americanum","AMBAME","species","Ixodidae",,,,"Amblyomma",,"americanum",,,"Cooley, R. A. and G. M. Kohls. 1944. The genus Amblyomma (ixodidae) in the United States. The Journal of Parasitology, 30(2):77-111.","GSU_tickIdentification_SOP_2016-11-01.pdf","Linnaeus","Male",1,"OK","90% ethanol","USNMENT01358452","SCBI_013.20170613.AMBAME.M","Lorenza Beati","Georgia Southern University","TO PAULA"
