uid,namedLocation,domainID,siteID,plotID,plotType,nlcdClass,decimalLatitude,decimalLongitude,geodeticDatum,coordinateUncertainty,elevation,elevationUncertainty,collectDate,eventID,sampleID,sampleCode,samplingMethod,totalSampledArea,targetTaxaPresent,adultCount,nymphCount,larvaCount,sampleCondition,samplingProtocolVersion,measuredBy,remarks
"62e297a5-e30c-4164-9325-c344dda808fc","SCBI_002.tickPlot.tck","D02","SCBI","SCBI_002","distributed","deciduousForest",38.893863,-78.142704,"WGS84",20.2,327.7,0.2,"2017-06-12T13:12Z","SCBI.2017.25","SCBI_002.20170612",,"drag",162,"Y",0,7,0,"No known compromise","NEON.DOC.014045vH","5KHGCJU8MVi1+7ablrc8J9GceIxGWQkD57A2WbAFRSE=",
"ac0f2328-9700-4fa0-91d3-d79dedd364d9","SCBI_006.tickPlot.tck","D02","SCBI","SCBI_006","distributed","pastureHay",38.897080,-78.150277,"WGS84",20.1,277.1,0.1,"2017-06-12T14:17Z","SCBI.2017.25","SCBI_006.20170612",,"drag",162,"Y",0,1,0,"No known compromise","NEON.DOC.014045vH","5KHGCJU8MVi1+7ablrc8J9GceIxGWQkD57A2WbAFRSE=",
"f6a78915-5af4-4877-94fb-532c1f4141ba","SCBI_039.tickPlot.tck","D02","SCBI","SCBI_039","distributed","pastureHay",38.896433,-78.166542,"WGS84",20.1,330.8,0.1,"2017-06-12T15:07Z","SCBI.2017.25","SCBI_039.20170612",,"drag",158,"Y",0,10,0,"No known compromise","NEON.DOC.014045vH","5KHGCJU8MVi1+7ablrc8J9GceIxGWQkD57A2WbAFRSE=",
"433b4ca3-1756-4109-bc20-0b582c5cafd1","SCBI_005.tickPlot.tck","D02","SCBI","SCBI_005","distributed","deciduousForest",38.901859,-78.161940,"WGS84",20.2,263.6,0.3,"2017-06-12T16:14Z","SCBI.2017.25",,,"drag",149,"N",0,0,0,,"NEON.DOC.014045vH","ena7GLJui5s1h8moQAQPw3Qj2+mVdivS",
"6d04b415-af3b-4bf9-b1ec-15593a1a5352","SCBI_007.tickPlot.tck","D02","SCBI","SCBI_007","distributed","deciduousForest",38.886013,-78.129365,"WGS84",20.2,428.3,0.2,"2017-06-12T18:13Z","SCBI.2017.25","SCBI_007.20170612",,"drag",128,"Y",2,7,0,"No known compromise","NEON.DOC.014045vH","ena7GLJui5s1h8moQAQPw3Qj2+mVdivS",
"a8455257-c3be-4799-b77f-1533063067f4","SCBI_013.tickPlot.tck","D02","SCBI","SCBI_013","distributed","deciduousForest",38.873041,-78.163313,"WGS84",20.2,361.3,0.3,"2017-06-13T16:50Z","SCBI.2017.25","SCBI_013.20170613",,"drag",160,"Y",2,21,0,"No known compromise","NEON.DOC.014045vH","esNjjubcI51hdInmRHEEIrFR4+oIJtuN","One adult fell off the cloth before dragging"
