uid,namedLocation,domainID,siteID,plotID,plotType,nlcdClass,decimalLatitude,decimalLongitude,geodeticDatum,coordinateUncertainty,elevation,elevationUncertainty,collectDate,eventID,sampleID,sampleCode,samplingMethod,totalSampledArea,targetTaxaPresent,adultCount,nymphCount,larvaCount,sampleCondition,samplingProtocolVersion,measuredBy,remarks
"be7711b8-ae56-436d-8ea6-5fb1a5e64160","GRSM_009.tickPlot.tck","D07","GRSM","GRSM_009","distributed","deciduousForest",35.671874,-83.491180,"WGS84",20.2,820.9,0.2,"2015-05-13T13:00Z","GRSM.2015.19",,,"drag and flag",100,"N",0,0,,,"NEON.DOC.014045vF","WmAojBj4q9lPhur9nwi+LcYtlz/DsGor","no vial"
"27ccd017-1c65-46ee-b5a9-8ac66789c0ee","GRSM_010.tickPlot.tck","D07","GRSM","GRSM_010","distributed","deciduousForest",35.669242,-83.524579,"WGS84",20.2,510.4,0.3,"2015-05-13T13:02Z","GRSM.2015.19",,,"drag and flag",160,"N",0,0,,,"NEON.DOC.014045vF","EY6DvO8NpI5lJHYW3QnRiw31VQzGQ6ke","No vial."
"f9940dc2-453d-437d-80c0-69bc64513380","GRSM_003.tickPlot.tck","D07","GRSM","GRSM_003","distributed","deciduousForest",35.676584,-83.476209,"WGS84",20.2,880.6,0.2,"2015-05-13T14:05Z","GRSM.2015.19",,,"drag and flag",160,"N",0,0,,,"NEON.DOC.014045vF","WmAojBj4q9lPhur9nwi+LcYtlz/DsGor","no vial"
"d98152a5-dab2-4201-8935-7f5437031cc6","GRSM_004.tickPlot.tck","D07","GRSM","GRSM_004","distributed","deciduousForest",35.688959,-83.535562,"WGS84",20.3,441.9,0.5,"2015-05-13T14:14Z","GRSM.2015.19",,,"drag and flag",160,"N",0,0,,,"NEON.DOC.014045vF","EY6DvO8NpI5lJHYW3QnRiw31VQzGQ6ke","No vial."
"d16bb071-7c81-443f-9477-d8cac5900cd8","GRSM_006.tickPlot.tck","D07","GRSM","GRSM_006","distributed","deciduousForest",35.679072,-83.643678,"WGS84",20.2,533.6,0.2,"2015-05-13T16:17Z","GRSM.2015.19",,,"drag and flag",120,"N",0,0,,,"NEON.DOC.014045vF","EY6DvO8NpI5lJHYW3QnRiw31VQzGQ6ke","No vial Plot markers uprooted by hogs. Paced to get measurement."
"0b19bb7f-28fd-4543-8d9d-8a252b9c321c","GRSM_005.tickPlot.tck","D07","GRSM","GRSM_005","distributed","deciduousForest",35.682740,-83.398124,"WGS84",20.2,731.0,0.4,"2015-05-13T16:25Z","GRSM.2015.19",,,"drag and flag",150,"N",0,0,,,"NEON.DOC.014045vF","WmAojBj4q9lPhur9nwi+LcYtlz/DsGor","no vial"
