uid,namedLocation,domainID,siteID,plotID,plotType,nlcdClass,decimalLatitude,decimalLongitude,geodeticDatum,coordinateUncertainty,elevation,elevationUncertainty,collectDate,eventID,sampleID,sampleCode,samplingMethod,totalSampledArea,targetTaxaPresent,adultCount,nymphCount,larvaCount,sampleCondition,samplingProtocolVersion,measuredBy,remarks
"d2b1f36f-1e57-45eb-9935-2530299d5183","CPER_001.tickPlot.tck","D10","CPER","CPER_001","distributed","grasslandHerbaceous",40.851012,-104.701302,"WGS84",20.1,1639.1,0.1,"2016-07-13T15:49Z","CPER.2016.28",,,"drag",164,"N",0,0,0,"No known compromise","NEON.DOC.014045vG","ft2s3GHNn6oXnw/L8dDn+WjM5cwjpaWJY8t81KbBwqU=",
"5b347e7b-a63a-4e60-b816-2dc6c27f1ee4","CPER_007.tickPlot.tck","D10","CPER","CPER_007","distributed","grasslandHerbaceous",40.860878,-104.684952,"WGS84",20.1,1646.7,0.1,"2016-07-13T17:06Z","CPER.2016.28",,,"drag",161,"N",0,0,0,"No known compromise","NEON.DOC.014045vG","aSeea7zyu40Pbl+/zawCeqcAJDNFBLhPjn9tFZMagGU=",
"246ad3c5-03ad-4281-a547-6efbe5ff92dc","CPER_005.tickPlot.tck","D10","CPER","CPER_005","distributed","grasslandHerbaceous",40.852571,-104.726331,"WGS84",20.1,1662.6,0.1,"2016-07-13T18:34Z","CPER.2016.28",,,"drag",180,"N",0,0,0,"No known compromise","NEON.DOC.014045vG","ft2s3GHNn6oXnw/L8dDn+WjM5cwjpaWJY8t81KbBwqU=",
"28941567-5c90-4342-ae27-4a78486d4d30","CPER_004.tickPlot.tck","D10","CPER","CPER_004","distributed","grasslandHerbaceous",40.814104,-104.696817,"WGS84",20.1,1617.2,0.1,"2016-07-13T20:02Z","CPER.2016.28",,,"drag",160,"N",0,0,0,"No known compromise","NEON.DOC.014045vG","aSeea7zyu40Pbl+/zawCeqcAJDNFBLhPjn9tFZMagGU=",
"92004e78-774c-4753-b621-d4d32c7f6ef2","CPER_003.tickPlot.tck","D10","CPER","CPER_003","distributed","grasslandHerbaceous",40.819808,-104.707147,"WGS84",20.1,1625.7,0.1,"2016-07-13T21:01Z","CPER.2016.28",,,"drag",160,"N",0,0,0,"No known compromise","NEON.DOC.014045vG","ft2s3GHNn6oXnw/L8dDn+WjM5cwjpaWJY8t81KbBwqU=",
"9269d01d-3a43-4bf5-930d-0b6d35a2db5d","CPER_002.tickPlot.tck","D10","CPER","CPER_002","distributed","grasslandHerbaceous",40.811446,-104.727626,"WGS84",20.1,1645.8,0.1,"2016-07-13T21:55Z","CPER.2016.28",,,"drag",161,"N",0,0,0,"No known compromise","NEON.DOC.014045vG","SRq68+XWTJGxMyFKJc9NFu9le+x2zF+d8BFUNCJ0Kvc=",
