uid,namedLocation,plotID,collectDate,identifiedDate,sampleID,subsampleID,scientificName,acceptedTaxonID,taxonRank,family,subfamily,tribe,subtribe,genus,subgenus,specificEpithet,infraspecificEpithet,identificationQualifier,identificationReferences,identificationProtocolVersion,scientificNameAuthorship,sexOrAge,individualCount,sampleCondition,archiveMedium,archiveFacilityID,deprecatedVialID,identifiedBy,laboratoryName,remarks
"7ff3083c-3fd5-4b1e-96cb-8f6ce5bb467d","TREE_007.tickPlot.tck","TREE_007","2016-09-19T15:15Z","2017-06-29T16:00Z","TREE_007.20160919","TREE_007.20160919.IXOSP.L","Ixodidae sp.","IXOSP","family","Ixodidae",,,,,,"sp.",,,,"GSU_tickIdentification_SOP_2016-11-01.pdf",,"Larva",1,"OK","RNA stabilization buffer","USNMENT00984853","TREE_007.20160919.L","Guy Hobbs","Georgia Southern University",
"b00224dd-3f6b-407e-9fe2-6f22767229f1","TREE_007.tickPlot.tck","TREE_007","2016-09-19T15:15Z","2017-06-28T16:00Z","TREE_007.20160919","TREE_007.20160919.IXOSCA.N","Ixodes scapularis","IXOSCA","species","Ixodidae",,,,"Ixodes",,"scapularis",,,"Cooley, R. A. and G. M. Kohls. 1945. The genus Ixodes in North America. National Institute of Health Bulletin, 184.","GSU_tickIdentification_SOP_2016-11-01.pdf","Say","Nymph",3,"OK","RNA stabilization buffer","USNMENT00984762","TREE_007.20160919.IXOSCA.N","Lorenza Beati","Georgia Southern University",
"0d5b865f-146e-4b5e-9ebd-59b54df0d2ea","TREE_022.tickPlot.tck","TREE_022","2016-09-19T15:28Z","2017-06-29T16:00Z","TREE_022.20160919","TREE_022.20160919.IXOSP.L","Ixodidae sp.","IXOSP","family","Ixodidae",,,,,,"sp.",,,,"GSU_tickIdentification_SOP_2016-11-01.pdf",,"Larva",1,"OK","RNA stabilization buffer","USNMENT00984852","TREE_022.20160919.L","Guy Hobbs","Georgia Southern University",
"27009509-3f91-4d2d-992f-515eac5b7768","TREE_022.tickPlot.tck","TREE_022","2016-09-19T15:28Z","2017-06-28T16:00Z","TREE_022.20160919","TREE_022.20160919.HAELEP.N","Haemaphysalis leporispalustris","HAELEP","species","Ixodidae",,,,"Haemaphysalis",,"leporispalustris",,,,"GSU_tickIdentification_SOP_2016-11-01.pdf","Packard","Nymph",1,"OK","RNA stabilization buffer","USNMENT00984760","TREE_022.20160919.HAELEP.N","Lorenza Beati","Georgia Southern University",
"daf5ed28-52b8-40fa-b875-431f7043fa9f","TREE_017.tickPlot.tck","TREE_017","2016-09-19T16:30Z","2017-06-28T16:00Z","TREE_017.20160919","TREE_017.20160919.IXOSCA.N","Ixodes scapularis","IXOSCA","species","Ixodidae",,,,"Ixodes",,"scapularis",,,"Cooley, R. A. and G. M. Kohls. 1945. The genus Ixodes in North America. National Institute of Health Bulletin, 184.","GSU_tickIdentification_SOP_2016-11-01.pdf","Say","Nymph",1,"OK","RNA stabilization buffer","USNMENT00984761","TREE_017.20160919.IXOSCA.N","Lorenza Beati","Georgia Southern University",
"e00333a2-13ed-489a-ae34-6ab4fe706097","TREE_017.tickPlot.tck","TREE_017","2016-09-19T16:30Z","2017-06-29T16:00Z","TREE_017.20160919","TREE_017.20160919.IXOSP.L","Ixodidae sp.","IXOSP","family","Ixodidae",,,,,,"sp.",,,,"GSU_tickIdentification_SOP_2016-11-01.pdf",,"Larva",1,"OK","RNA stabilization buffer","USNMENT00984854","TREE_017.20160919.L","Guy Hobbs","Georgia Southern University",
