uid,namedLocation,date,eventID,domainID,siteID,plotID,subplotID,individualID,tagStatus,growthForm,plantStatus,stemDiameter,measurementHeight,height,baseCrownHeight,breakHeight,breakDiameter,maxCrownDiameter,ninetyCrownDiameter,canopyPosition,shape,basalStemDiameter,basalStemDiameterMsrmntHeight,maxBaseCrownDiameter,ninetyBaseCrownDiameter,remarks,recordedBy,measuredBy,dataQF
"6bc65d27-3ac8-4c49-bb1d-7a0009c632d2","JERC_047.basePlot.vst","2016-08-30","vst_JERC_2016","D03","JERC","JERC_047",,"NEON.PLA.D03.JERC.03700","ok","small tree","Live",8.7,130,7.8,,,,,,,,,,,,,"dQ1vinbEFchEmTyUrQj1wJMzRbyIYmox","9FGGVOw93jfS5aOA3dpabjU14a/sOVS4","legacyData"
"c7696fc7-383e-400e-bd3d-a7054f332ad8","JERC_047.basePlot.vst","2016-08-30","vst_JERC_2016","D03","JERC","JERC_047",,"NEON.PLA.D03.JERC.02681","ok","liana","Live",1.5,130,,,,,,,,,,,,,,"dQ1vinbEFchEmTyUrQj1wJMzRbyIYmox","9FGGVOw93jfS5aOA3dpabjU14a/sOVS4","legacyData"
"9335e2d4-6a83-4fbd-a60b-5b4fa94a5eb2","JERC_047.basePlot.vst","2016-08-30","vst_JERC_2016","D03","JERC","JERC_047",,"NEON.PLA.D03.JERC.02556","ok","single bole tree","Live",26.5,130,11.5,,,,,,,,,,,,,"dQ1vinbEFchEmTyUrQj1wJMzRbyIYmox","9FGGVOw93jfS5aOA3dpabjU14a/sOVS4","legacyData"
"51583f68-9207-4209-a51c-98f1bb2d53c8","JERC_047.basePlot.vst","2016-08-30","vst_JERC_2016","D03","JERC","JERC_047",,"NEON.PLA.D03.JERC.05009","ok","sapling","Live",,,1.8,,,,,,,,1.5,10,,,,"dQ1vinbEFchEmTyUrQj1wJMzRbyIYmox","9FGGVOw93jfS5aOA3dpabjU14a/sOVS4","legacyData"
"cd758fe7-7d4f-44e8-afa4-2d5b1730acb2","JERC_047.basePlot.vst","2016-08-30","vst_JERC_2016","D03","JERC","JERC_047",,"NEON.PLA.D03.JERC.02618","ok","small tree","Live",2.1,130,2.6,,,,,,,,,,,,,"dQ1vinbEFchEmTyUrQj1wJMzRbyIYmox","9FGGVOw93jfS5aOA3dpabjU14a/sOVS4","legacyData"
"48588ad5-3928-43c0-adc7-ee8143672cf3","JERC_047.basePlot.vst","2016-08-30","vst_JERC_2016","D03","JERC","JERC_047",,"NEON.PLA.D03.JERC.02655","ok","sapling","Live",,,1.2,,,,,,,,1.4,10,,,,"dQ1vinbEFchEmTyUrQj1wJMzRbyIYmox","9FGGVOw93jfS5aOA3dpabjU14a/sOVS4","legacyData"
"6e771bca-6648-416c-b593-340fa349416f","JERC_047.basePlot.vst","2016-08-30","vst_JERC_2016","D03","JERC","JERC_047",,"NEON.PLA.D03.JERC.02588","ok","small tree","Live",2.3,130,3.0,,,,,,,,,,,,,"dQ1vinbEFchEmTyUrQj1wJMzRbyIYmox","9FGGVOw93jfS5aOA3dpabjU14a/sOVS4","legacyData"
"ef05f85b-df27-468a-a1ef-33f6fe3afbcf","JERC_047.basePlot.vst","2016-08-30","vst_JERC_2016","D03","JERC","JERC_047",,"NEON.PLA.D03.JERC.02641","ok","small tree","Live",1.4,130,2.2,,,,,,,,,,,,,"dQ1vinbEFchEmTyUrQj1wJMzRbyIYmox","9FGGVOw93jfS5aOA3dpabjU14a/sOVS4","legacyData"
"c7f2e9d4-6dd5-478b-862f-beb380ba7cc1","JERC_047.basePlot.vst","2016-08-30","vst_JERC_2016","D03","JERC","JERC_047",,"NEON.PLA.D03.JERC.03688","ok","sapling","Live",,,1.8,,,,,,,,1.1,10,,,,"dQ1vinbEFchEmTyUrQj1wJMzRbyIYmox","9FGGVOw93jfS5aOA3dpabjU14a/sOVS4","legacyData"
"08997f4a-1f12-46f1-bd09-21999d832bef","JERC_047.basePlot.vst","2016-08-30","vst_JERC_2016","D03","JERC","JERC_047",,"NEON.PLA.D03.JERC.02633","ok","sapling","Live",,,2.4,,,,,,,,1.5,10,,,,"dQ1vinbEFchEmTyUrQj1wJMzRbyIYmox","9FGGVOw93jfS5aOA3dpabjU14a/sOVS4","legacyData"
"1b789acc-f514-4a80-b196-de1c90ab5aff","JERC_047.basePlot.vst","2016-08-30","vst_JERC_2016","D03","JERC","JERC_047",,"NEON.PLA.D03.JERC.02628","ok","small tree","Live",1.6,130,3.0,,,,,,,,,,,,,"dQ1vinbEFchEmTyUrQj1wJMzRbyIYmox","9FGGVOw93jfS5aOA3dpabjU14a/sOVS4","legacyData"
"e4ed0da6-4872-4387-8719-5472ab1b4af3","JERC_047.basePlot.vst","2016-08-30","vst_JERC_2016","D03","JERC","JERC_047",,"NEON.PLA.D03.JERC.02555","ok","single bole tree","Live",23.9,130,10.4,,,,,,,,,,,,,"dQ1vinbEFchEmTyUrQj1wJMzRbyIYmox","9FGGVOw93jfS5aOA3dpabjU14a/sOVS4","legacyData"
"36e753d1-f484-4a8c-a977-37d1aff9774b","JERC_047.basePlot.vst","2016-08-30","vst_JERC_2016","D03","JERC","JERC_047",,"NEON.PLA.D03.JERC.05008","ok","single bole tree","Live",11.0,130,7.8,,,,,,,,,,,,,"dQ1vinbEFchEmTyUrQj1wJMzRbyIYmox","9FGGVOw93jfS5aOA3dpabjU14a/sOVS4","legacyData"
"b1739754-a9cc-48f8-bf53-c63d4c5640ed","JERC_047.basePlot.vst","2016-08-30","vst_JERC_2016","D03","JERC","JERC_047",,"NEON.PLA.D03.JERC.02620","ok","small tree","Live",5.8,130,4.4,,,,,,,,,,,,"shape not indicated on datasheets","dQ1vinbEFchEmTyUrQj1wJMzRbyIYmox","9FGGVOw93jfS5aOA3dpabjU14a/sOVS4","legacyData"
"b737fef8-cd65-44f6-b814-388bf0f2133c","JERC_047.basePlot.vst","2016-08-30","vst_JERC_2016","D03","JERC","JERC_047",,"NEON.PLA.D03.JERC.02547A","ok","multi-bole tree","Live",33.7,190,19.0,,,,,,,,,,,,,"dQ1vinbEFchEmTyUrQj1wJMzRbyIYmox","9FGGVOw93jfS5aOA3dpabjU14a/sOVS4","legacyData"
"551f0926-4c58-4d7b-941e-7ef8fe9855fa","JERC_047.basePlot.vst","2016-08-30","vst_JERC_2016","D03","JERC","JERC_047",,"NEON.PLA.D03.JERC.02625","ok","sapling","Live",,,1.8,,,,,,,,1.4,10,,,,"dQ1vinbEFchEmTyUrQj1wJMzRbyIYmox","9FGGVOw93jfS5aOA3dpabjU14a/sOVS4","legacyData"
"1bd01bec-77dc-4bc9-9260-ddf3fdac5ab6","JERC_047.basePlot.vst","2016-08-30","vst_JERC_2016","D03","JERC","JERC_047",,"NEON.PLA.D03.JERC.02657","ok","small tree","Live",1.0,130,2.3,,,,,,,,,,,,,"dQ1vinbEFchEmTyUrQj1wJMzRbyIYmox","9FGGVOw93jfS5aOA3dpabjU14a/sOVS4","legacyData"
"0313b207-dce4-402c-91fc-67c2e1e6fab1","JERC_047.basePlot.vst","2016-08-30","vst_JERC_2016","D03","JERC","JERC_047",,"NEON.PLA.D03.JERC.03697","ok","sapling","Live",,,1.3,,,,,,,,1.1,10,,,,"dQ1vinbEFchEmTyUrQj1wJMzRbyIYmox","9FGGVOw93jfS5aOA3dpabjU14a/sOVS4","legacyData"
"d02430a8-2663-46c9-a90e-add2390158c5","JERC_047.basePlot.vst","2016-08-30","vst_JERC_2016","D03","JERC","JERC_047",,"NEON.PLA.D03.JERC.02662","ok","sapling","Live",,,2.1,,,,,,,,1.6,10,,,,"dQ1vinbEFchEmTyUrQj1wJMzRbyIYmox","9FGGVOw93jfS5aOA3dpabjU14a/sOVS4","legacyData"
"fddfdb9b-bf22-4961-94d9-3a9cdaa0f57b","JERC_047.basePlot.vst","2016-08-30","vst_JERC_2016","D03","JERC","JERC_047",,"NEON.PLA.D03.JERC.02587","ok","sapling","Live",,,2.1,,,,,,,,1.5,10,,,,"dQ1vinbEFchEmTyUrQj1wJMzRbyIYmox","9FGGVOw93jfS5aOA3dpabjU14a/sOVS4","legacyData"
"f2481669-fbdb-4394-8dca-665e895d8a86","JERC_047.basePlot.vst","2016-08-30","vst_JERC_2016","D03","JERC","JERC_047",,"NEON.PLA.D03.JERC.02651","ok","sapling","Live",,,7.8,,,,,,,,1.3,10,,,,"dQ1vinbEFchEmTyUrQj1wJMzRbyIYmox","9FGGVOw93jfS5aOA3dpabjU14a/sOVS4","legacyData"
"c408d954-1fa8-44c7-a40e-2e6a0e5e7e61","JERC_047.basePlot.vst","2016-08-30","vst_JERC_2016","D03","JERC","JERC_047",,"NEON.PLA.D03.JERC.02660","ok","sapling","Live",,,1.4,,,,,,,,1.4,10,,,,"dQ1vinbEFchEmTyUrQj1wJMzRbyIYmox","9FGGVOw93jfS5aOA3dpabjU14a/sOVS4","legacyData"
"95399a65-b3e8-45db-acbd-eb23dd7643a3","JERC_047.basePlot.vst","2016-08-30","vst_JERC_2016","D03","JERC","JERC_047",,"NEON.PLA.D03.JERC.02649","ok","small tree","Live,  other damage",1.7,130,82.0,,,,,,,,,,,,"Main stem is dead; has one live branch on lower half of bole","dQ1vinbEFchEmTyUrQj1wJMzRbyIYmox","9FGGVOw93jfS5aOA3dpabjU14a/sOVS4","legacyData"
"c573413e-0bcf-4abc-989c-13c20cf41fcf","JERC_047.basePlot.vst","2016-08-30","vst_JERC_2016","D03","JERC","JERC_047",,"NEON.PLA.D03.JERC.02666","ok","liana",,2.3,130,,,,,,,,,,,,,"plant status was not record on data sheet","dQ1vinbEFchEmTyUrQj1wJMzRbyIYmox","9FGGVOw93jfS5aOA3dpabjU14a/sOVS4","legacyData"
"fee75f65-6b7e-47e8-a6ac-d8c1013b8175","JERC_047.basePlot.vst","2016-08-30","vst_JERC_2016","D03","JERC","JERC_047",,"NEON.PLA.D03.JERC.02614","ok","sapling","Live",,,2.1,,,,,,,,1.6,10,,,,"dQ1vinbEFchEmTyUrQj1wJMzRbyIYmox","9FGGVOw93jfS5aOA3dpabjU14a/sOVS4","legacyData"
"4a8ba2ed-5f2e-46f3-a8be-fcb688664380","JERC_047.basePlot.vst","2016-08-30","vst_JERC_2016","D03","JERC","JERC_047",,"NEON.PLA.D03.JERC.02652","ok","sapling","Live",,,2.2,,,,,,,,1.1,10,,,,"dQ1vinbEFchEmTyUrQj1wJMzRbyIYmox","9FGGVOw93jfS5aOA3dpabjU14a/sOVS4","legacyData"
"b43eec2a-4a2e-4f3d-8fcb-bdac26e67e5a","JERC_047.basePlot.vst","2016-08-30","vst_JERC_2016","D03","JERC","JERC_047",,"NEON.PLA.D03.JERC.02658","ok","small tree","Live",1.1,130,2.0,,,,,,,,,,,,,"dQ1vinbEFchEmTyUrQj1wJMzRbyIYmox","9FGGVOw93jfS5aOA3dpabjU14a/sOVS4","legacyData"
"ed8b93be-50be-491e-b5ba-62822d1f3d95","JERC_047.basePlot.vst","2016-08-30","vst_JERC_2016","D03","JERC","JERC_047",,"NEON.PLA.D03.JERC.02668","ok","liana","Live",1.9,130,,,,,,,,,,,,,,"dQ1vinbEFchEmTyUrQj1wJMzRbyIYmox","9FGGVOw93jfS5aOA3dpabjU14a/sOVS4","legacyData"
"957c37b7-f9f6-4c91-834b-1734465c0adf","JERC_047.basePlot.vst","2016-08-30","vst_JERC_2016","D03","JERC","JERC_047",,"NEON.PLA.D03.JERC.02617","ok","small tree","Live",2.6,130,4.7,,,,,,,,,,,,,"dQ1vinbEFchEmTyUrQj1wJMzRbyIYmox","9FGGVOw93jfS5aOA3dpabjU14a/sOVS4","legacyData"
"c2ae261a-d1fa-4675-81fa-e4a4fa2d50d8","JERC_047.basePlot.vst","2016-08-30","vst_JERC_2016","D03","JERC","JERC_047",,"NEON.PLA.D03.JERC.02687","ok","liana","Live",1.8,130,,,,,,,,,,,,,,"dQ1vinbEFchEmTyUrQj1wJMzRbyIYmox","9FGGVOw93jfS5aOA3dpabjU14a/sOVS4","legacyData"
"475aee86-8926-4cb9-96ca-a87163d74ddb","JERC_047.basePlot.vst","2016-08-30","vst_JERC_2016","D03","JERC","JERC_047",,"NEON.PLA.D03.JERC.02623","ok","sapling","Live",,,1.2,,,,,,,,1.5,10,,,,"dQ1vinbEFchEmTyUrQj1wJMzRbyIYmox","9FGGVOw93jfS5aOA3dpabjU14a/sOVS4","legacyData"
"44dc190d-5d1f-44a2-8b72-24ec56ede6f4","JERC_047.basePlot.vst","2016-08-30","vst_JERC_2016","D03","JERC","JERC_047",,"NEON.PLA.D03.JERC.02544","ok","single bole tree","Live",35.5,130,14.4,,,,,,,,,,,,,"dQ1vinbEFchEmTyUrQj1wJMzRbyIYmox","9FGGVOw93jfS5aOA3dpabjU14a/sOVS4","legacyData"
"79dc424e-7552-43c5-8f95-eb4fa565f8fb","JERC_047.basePlot.vst","2016-08-30","vst_JERC_2016","D03","JERC","JERC_047",,"NEON.PLA.D03.JERC.02675","ok","liana","Live",1.6,130,,,,,,,,,,,,,,"dQ1vinbEFchEmTyUrQj1wJMzRbyIYmox","9FGGVOw93jfS5aOA3dpabjU14a/sOVS4","legacyData"
"626ce40c-3cdf-4d84-b8f1-abc1bf271c95","JERC_047.basePlot.vst","2016-08-30","vst_JERC_2016","D03","JERC","JERC_047",,"NEON.PLA.D03.JERC.03690","ok","sapling","Live",,,2.0,,,,,,,,1.4,10,,,,"dQ1vinbEFchEmTyUrQj1wJMzRbyIYmox","9FGGVOw93jfS5aOA3dpabjU14a/sOVS4","legacyData"
"0b908792-95ef-4b79-bcc7-51cab9da9e50","JERC_047.basePlot.vst","2016-08-30","vst_JERC_2016","D03","JERC","JERC_047",,"NEON.PLA.D03.JERC.02557","ok","single bole tree","Live",32.7,130,14.1,,,,,,,,,,,,,"dQ1vinbEFchEmTyUrQj1wJMzRbyIYmox","9FGGVOw93jfS5aOA3dpabjU14a/sOVS4","legacyData"
"55bd83d2-8873-46b7-bd2e-9c4d46a212e8","JERC_047.basePlot.vst","2016-08-30","vst_JERC_2016","D03","JERC","JERC_047",,"NEON.PLA.D03.JERC.02627","ok","small tree","Live",1.4,130,3.5,,,,,,,,,,,,,"dQ1vinbEFchEmTyUrQj1wJMzRbyIYmox","9FGGVOw93jfS5aOA3dpabjU14a/sOVS4","legacyData"
"7aeabf55-0ae5-48b7-8dd5-15e2b1523fa6","JERC_047.basePlot.vst","2016-08-30","vst_JERC_2016","D03","JERC","JERC_047",,"NEON.PLA.D03.JERC.02541","ok","single bole tree","Live",41.0,130,20.6,,,,,,,,,,,,,"dQ1vinbEFchEmTyUrQj1wJMzRbyIYmox","9FGGVOw93jfS5aOA3dpabjU14a/sOVS4","legacyData"
"aa0ba87c-b0ab-4be2-8629-126550d761cf","JERC_047.basePlot.vst","2016-08-30","vst_JERC_2016","D03","JERC","JERC_047",,"NEON.PLA.D03.JERC.05010","ok","liana","Live",1.2,130,,,,,,,,,,,,,,"dQ1vinbEFchEmTyUrQj1wJMzRbyIYmox","9FGGVOw93jfS5aOA3dpabjU14a/sOVS4","legacyData"
"ce65ef3e-1893-43f2-b6a6-4e7bf8083aee","JERC_047.basePlot.vst","2016-08-30","vst_JERC_2016","D03","JERC","JERC_047",,"NEON.PLA.D03.JERC.02638","ok","small tree","Live",1.3,130,3.1,,,,,,,,,,,,,"dQ1vinbEFchEmTyUrQj1wJMzRbyIYmox","9FGGVOw93jfS5aOA3dpabjU14a/sOVS4","legacyData"
"f2980d08-23ac-4e3a-9392-93faed648603","JERC_047.basePlot.vst","2016-08-30","vst_JERC_2016","D03","JERC","JERC_047",,"NEON.PLA.D03.JERC.02631","ok","sapling","Live",,,1.6,,,,,,,,1.4,10,,,,"dQ1vinbEFchEmTyUrQj1wJMzRbyIYmox","9FGGVOw93jfS5aOA3dpabjU14a/sOVS4","legacyData"
"ac1be688-6e25-4a1a-98ce-96cf5ec9dc6c","JERC_047.basePlot.vst","2016-08-30","vst_JERC_2016","D03","JERC","JERC_047",,"NEON.PLA.D03.JERC.02648","ok","sapling","Live",,,1.9,,,,,,,,1.6,10,,,,"dQ1vinbEFchEmTyUrQj1wJMzRbyIYmox","9FGGVOw93jfS5aOA3dpabjU14a/sOVS4","legacyData"
"ae772346-2de9-46bf-ac73-4abd5b8835b7","JERC_047.basePlot.vst","2016-08-30","vst_JERC_2016","D03","JERC","JERC_047",,"NEON.PLA.D03.JERC.02656","ok","small tree","Standing dead",1.4,130,2.4,,,,,,,,,,,,,"dQ1vinbEFchEmTyUrQj1wJMzRbyIYmox","9FGGVOw93jfS5aOA3dpabjU14a/sOVS4","legacyData"
"089f492e-c6b0-4f0c-841f-9fc5224fdf21","JERC_047.basePlot.vst","2016-08-30","vst_JERC_2016","D03","JERC","JERC_047",,"NEON.PLA.D03.JERC.02639","ok","sapling","Live",,,1.4,,,,,,,,1.4,10,,,,"dQ1vinbEFchEmTyUrQj1wJMzRbyIYmox","9FGGVOw93jfS5aOA3dpabjU14a/sOVS4","legacyData"
"d9f2c5b2-cb87-47cd-b60c-69296fd0ed58","JERC_047.basePlot.vst","2016-08-30","vst_JERC_2016","D03","JERC","JERC_047",,"NEON.PLA.D03.JERC.05011","ok","liana","Live",1.4,130,,,,,,,,,,,,,,"dQ1vinbEFchEmTyUrQj1wJMzRbyIYmox","9FGGVOw93jfS5aOA3dpabjU14a/sOVS4","legacyData"
"7795f5b2-a62a-4cfb-956e-30f15d4f0428","JERC_047.basePlot.vst","2016-08-30","vst_JERC_2016","D03","JERC","JERC_047",,"NEON.PLA.D03.JERC.02642","ok","small tree","Live",1.1,130,2.9,,,,,,,,,,,,,"dQ1vinbEFchEmTyUrQj1wJMzRbyIYmox","9FGGVOw93jfS5aOA3dpabjU14a/sOVS4","legacyData"
"7171f84f-b8e2-4b8c-8764-11d945a40946","JERC_047.basePlot.vst","2016-08-30","vst_JERC_2016","D03","JERC","JERC_047",,"NEON.PLA.D03.JERC.02636","ok","sapling","Live",,,1.0,,,,,,,,1.2,10,,,,"dQ1vinbEFchEmTyUrQj1wJMzRbyIYmox","9FGGVOw93jfS5aOA3dpabjU14a/sOVS4","legacyData"
"654ad669-5843-4d83-9527-d0e9d4b91049","JERC_047.basePlot.vst","2016-08-30","vst_JERC_2016","D03","JERC","JERC_047",,"NEON.PLA.D03.JERC.02634","ok","small tree","Live",1.1,130,2.1,,,,,,,,,,,,,"dQ1vinbEFchEmTyUrQj1wJMzRbyIYmox","9FGGVOw93jfS5aOA3dpabjU14a/sOVS4","legacyData"
"0f59b15a-571f-4e71-b587-4e9fc8e00a2c","JERC_047.basePlot.vst","2016-08-30","vst_JERC_2016","D03","JERC","JERC_047",,"NEON.PLA.D03.JERC.02664","ok","liana","Live",1.9,130,,,,,,,,,,,,,,"dQ1vinbEFchEmTyUrQj1wJMzRbyIYmox","9FGGVOw93jfS5aOA3dpabjU14a/sOVS4","legacyData"
"741352f3-5091-40c7-9d9d-db8569ec9f01","JERC_047.basePlot.vst","2016-08-30","vst_JERC_2016","D03","JERC","JERC_047",,"NEON.PLA.D03.JERC.02546","ok","single bole tree","Live",12.8,150,6.5,,,,,,,,,,,,,"dQ1vinbEFchEmTyUrQj1wJMzRbyIYmox","9FGGVOw93jfS5aOA3dpabjU14a/sOVS4","legacyData"
"24faa405-0d31-4ba4-a458-0fccac33d42e","JERC_047.basePlot.vst","2016-08-30","vst_JERC_2016","D03","JERC","JERC_047",,"NEON.PLA.D03.JERC.05007","ok","sapling","Live",,,1.6,,,,,,,,1.0,10,,,,"dQ1vinbEFchEmTyUrQj1wJMzRbyIYmox","9FGGVOw93jfS5aOA3dpabjU14a/sOVS4","legacyData"
"bd3d07a8-e685-412a-b62e-8fb0d793af4f","JERC_047.basePlot.vst","2016-08-30","vst_JERC_2016","D03","JERC","JERC_047",,"NEON.PLA.D03.JERC.03692","ok","sapling","Live",,,1.6,,,,,,,,1.1,10,,,,"dQ1vinbEFchEmTyUrQj1wJMzRbyIYmox","9FGGVOw93jfS5aOA3dpabjU14a/sOVS4","legacyData"
"38f4d394-0b42-4fe5-9049-2d542f0675ef","JERC_047.basePlot.vst","2016-08-30","vst_JERC_2016","D03","JERC","JERC_047",,"NEON.PLA.D03.JERC.03693","ok","sapling","Live",,,1.1,,,,,,,,1.1,10,,,,"dQ1vinbEFchEmTyUrQj1wJMzRbyIYmox","9FGGVOw93jfS5aOA3dpabjU14a/sOVS4","legacyData"
"37ad9af0-e9c8-4962-81a5-1871466dc900","JERC_047.basePlot.vst","2016-08-30","vst_JERC_2016","D03","JERC","JERC_047",,"NEON.PLA.D03.JERC.02650","ok","sapling","Live",,,1.5,,,,,,,,1.8,10,,,,"dQ1vinbEFchEmTyUrQj1wJMzRbyIYmox","9FGGVOw93jfS5aOA3dpabjU14a/sOVS4","legacyData"
"ab76747c-37b8-4e6b-b39a-bfd41dea5529","JERC_047.basePlot.vst","2016-08-30","vst_JERC_2016","D03","JERC","JERC_047",,"NEON.PLA.D03.JERC.02663","ok","sapling","Live",,,1.5,,,,,,,,1.4,10,,,,"dQ1vinbEFchEmTyUrQj1wJMzRbyIYmox","9FGGVOw93jfS5aOA3dpabjU14a/sOVS4","legacyData"
"c8ae1a6b-6eef-4a0e-a5f9-c19f71082ec5","JERC_047.basePlot.vst","2016-08-30","vst_JERC_2016","D03","JERC","JERC_047",,"NEON.PLA.D03.JERC.02624","ok","small tree","Live",5.2,130,6.2,,,,,,,,,,,,,"dQ1vinbEFchEmTyUrQj1wJMzRbyIYmox","9FGGVOw93jfS5aOA3dpabjU14a/sOVS4","legacyData"
"bd29d0c6-f481-446b-a55d-a144eff882ec","JERC_047.basePlot.vst","2016-08-30","vst_JERC_2016","D03","JERC","JERC_047",,"NEON.PLA.D03.JERC.02621","ok","small tree","Live",2.7,130,3.6,,,,,,,,,,,,,"dQ1vinbEFchEmTyUrQj1wJMzRbyIYmox","9FGGVOw93jfS5aOA3dpabjU14a/sOVS4","legacyData"
"de416e2c-7b84-4b72-8b99-857205a0d2b0","JERC_047.basePlot.vst","2016-08-30","vst_JERC_2016","D03","JERC","JERC_047",,"NEON.PLA.D03.JERC.02679","ok","liana","Live",1.2,130,,,,,,,,,,,,,,"dQ1vinbEFchEmTyUrQj1wJMzRbyIYmox","9FGGVOw93jfS5aOA3dpabjU14a/sOVS4","legacyData"
"b715cf18-d83a-4390-b05a-2446533506fa","JERC_047.basePlot.vst","2016-08-30","vst_JERC_2016","D03","JERC","JERC_047",,"NEON.PLA.D03.JERC.02553","ok","single bole tree","Live",22.3,140,11.8,,,,,,,,,,,,,"dQ1vinbEFchEmTyUrQj1wJMzRbyIYmox","9FGGVOw93jfS5aOA3dpabjU14a/sOVS4","legacyData"
"6c46ce54-81be-4461-96d6-eeeb53cecf28","JERC_047.basePlot.vst","2016-08-30","vst_JERC_2016","D03","JERC","JERC_047",,"NEON.PLA.D03.JERC.02661","ok","small tree","Live",1.3,130,2.7,,,,,,,,,,,,,"dQ1vinbEFchEmTyUrQj1wJMzRbyIYmox","9FGGVOw93jfS5aOA3dpabjU14a/sOVS4","legacyData"
"f4e1cf44-f4f3-4abf-9ae4-de7911f07c29","JERC_047.basePlot.vst","2016-08-30","vst_JERC_2016","D03","JERC","JERC_047",,"NEON.PLA.D03.JERC.02554","ok","single bole tree","Live",26.1,160,10.2,,,,,,,,,,,,,"dQ1vinbEFchEmTyUrQj1wJMzRbyIYmox","9FGGVOw93jfS5aOA3dpabjU14a/sOVS4","legacyData"
"ce6adaa8-d7b8-4e52-b5bf-476f6658c53f","JERC_047.basePlot.vst","2016-08-30","vst_JERC_2016","D03","JERC","JERC_047",,"NEON.PLA.D03.JERC.02637","ok","sapling","Live",,,1.8,,,,,,,,1.2,10,,,,"dQ1vinbEFchEmTyUrQj1wJMzRbyIYmox","9FGGVOw93jfS5aOA3dpabjU14a/sOVS4","legacyData"
"dbd66921-f729-45d3-b2a3-c7ff3cd68663","JERC_047.basePlot.vst","2016-08-30","vst_JERC_2016","D03","JERC","JERC_047",,"NEON.PLA.D03.JERC.02630","ok","small tree","Live",1.7,130,2.8,,,,,,,,,,,,,"dQ1vinbEFchEmTyUrQj1wJMzRbyIYmox","9FGGVOw93jfS5aOA3dpabjU14a/sOVS4","legacyData"
"4f0ab2cf-89a5-4c65-8437-69299636d17d","JERC_047.basePlot.vst","2016-08-30","vst_JERC_2016","D03","JERC","JERC_047",,"NEON.PLA.D03.JERC.02542","ok","single bole tree","Live",24.7,130,8.4,,,,,,,,,,,,,"dQ1vinbEFchEmTyUrQj1wJMzRbyIYmox","9FGGVOw93jfS5aOA3dpabjU14a/sOVS4","legacyData"
"321ea1cd-53f8-45d5-adf4-a909f0e5cb3e","JERC_047.basePlot.vst","2016-08-30","vst_JERC_2016","D03","JERC","JERC_047",,"NEON.PLA.D03.JERC.02659","ok","small tree","Live",1.3,130,2.5,,,,,,,,,,,,,"dQ1vinbEFchEmTyUrQj1wJMzRbyIYmox","9FGGVOw93jfS5aOA3dpabjU14a/sOVS4","legacyData"
"8529bba4-93ae-4793-b0ec-740d3ff632f1","JERC_047.basePlot.vst","2016-08-30","vst_JERC_2016","D03","JERC","JERC_047",,"NEON.PLA.D03.JERC.02654","ok","small tree","Standing dead",1.3,130,2.4,,,,,,,,,,,,,"dQ1vinbEFchEmTyUrQj1wJMzRbyIYmox","9FGGVOw93jfS5aOA3dpabjU14a/sOVS4","legacyData"
"5271c374-0b3b-4abc-8ea9-0a936eb68e75","JERC_047.basePlot.vst","2016-08-30","vst_JERC_2016","D03","JERC","JERC_047",,"NEON.PLA.D03.JERC.02549","ok","single bole tree","Live",21.4,130,9.4,,,,,,,,,,,,,"dQ1vinbEFchEmTyUrQj1wJMzRbyIYmox","9FGGVOw93jfS5aOA3dpabjU14a/sOVS4","legacyData"
"f6c9575c-dc98-4d5c-a130-1c8a9995bb33","JERC_047.basePlot.vst","2016-08-30","vst_JERC_2016","D03","JERC","JERC_047",,"NEON.PLA.D03.JERC.02551","ok","single bole tree","Live",20.3,130,9.5,,,,,,,,,,,,,"dQ1vinbEFchEmTyUrQj1wJMzRbyIYmox","9FGGVOw93jfS5aOA3dpabjU14a/sOVS4","legacyData"
"40aba1f1-10d7-4ac8-9921-fa02427be89e","JERC_047.basePlot.vst","2016-08-30","vst_JERC_2016","D03","JERC","JERC_047",,"NEON.PLA.D03.JERC.03695","ok","single bole tree","Live",11.3,150,8.7,,,,,,,,,,,,,"dQ1vinbEFchEmTyUrQj1wJMzRbyIYmox","9FGGVOw93jfS5aOA3dpabjU14a/sOVS4","legacyData"
"3daaa2d1-f0b8-46dc-8dce-c07a5073d193","JERC_047.basePlot.vst","2016-08-30","vst_JERC_2016","D03","JERC","JERC_047",,"NEON.PLA.D03.JERC.02673","ok","liana","Live",1.4,130,,,,,,,,,,,,,,"dQ1vinbEFchEmTyUrQj1wJMzRbyIYmox","9FGGVOw93jfS5aOA3dpabjU14a/sOVS4","legacyData"
"96388534-796b-41ca-b227-6cc494c4f804","JERC_047.basePlot.vst","2016-08-30","vst_JERC_2016","D03","JERC","JERC_047",,"NEON.PLA.D03.JERC.02626","ok","small tree","Live",1.1,130,2.5,,,,,,,,,,,,,"dQ1vinbEFchEmTyUrQj1wJMzRbyIYmox","9FGGVOw93jfS5aOA3dpabjU14a/sOVS4","legacyData"
"ca3dac40-ae77-46a5-81bf-57177dde0aeb","JERC_047.basePlot.vst","2016-08-30","vst_JERC_2016","D03","JERC","JERC_047",,"NEON.PLA.D03.JERC.02686","ok","liana","Live",2.7,130,,,,,,,,,,,,,,"dQ1vinbEFchEmTyUrQj1wJMzRbyIYmox","9FGGVOw93jfS5aOA3dpabjU14a/sOVS4","legacyData"
"450053f0-d9ce-49ba-910e-dde82fec57a0","JERC_047.basePlot.vst","2016-08-30","vst_JERC_2016","D03","JERC","JERC_047",,"NEON.PLA.D03.JERC.02640","ok","small tree","Live",1.9,130,2.7,,,,,,,,,,,,,"dQ1vinbEFchEmTyUrQj1wJMzRbyIYmox","9FGGVOw93jfS5aOA3dpabjU14a/sOVS4","legacyData"
"099ff7bc-1529-402a-94d6-cd94e2bb90c3","JERC_047.basePlot.vst","2016-08-30","vst_JERC_2016","D03","JERC","JERC_047",,"NEON.PLA.D03.JERC.03699","ok","sapling","Live",,,1.5,,,,,,,,1.1,10,,,,"dQ1vinbEFchEmTyUrQj1wJMzRbyIYmox","9FGGVOw93jfS5aOA3dpabjU14a/sOVS4","legacyData"
"0c7b0861-003b-4142-ad06-74bfea6030a7","JERC_047.basePlot.vst","2016-08-30","vst_JERC_2016","D03","JERC","JERC_047",,"NEON.PLA.D03.JERC.02674","ok","liana",,1.4,130,,,,,,,,,,,,,"Plant status not recorded on datasheet","dQ1vinbEFchEmTyUrQj1wJMzRbyIYmox","9FGGVOw93jfS5aOA3dpabjU14a/sOVS4","legacyData"
"52f648e3-2617-40c6-abde-d86bb02cee20","JERC_047.basePlot.vst","2016-08-30","vst_JERC_2016","D03","JERC","JERC_047",,"NEON.PLA.D03.JERC.02677","ok","liana","Live",1.3,130,,,,,,,,,,,,,,"dQ1vinbEFchEmTyUrQj1wJMzRbyIYmox","9FGGVOw93jfS5aOA3dpabjU14a/sOVS4","legacyData"
"81ef6bf8-6bef-41b7-833e-62355d7773cb","JERC_047.basePlot.vst","2016-08-30","vst_JERC_2016","D03","JERC","JERC_047",,"NEON.PLA.D03.JERC.02685","ok","liana","Live",2.2,130,,,,,,,,,,,,,,"dQ1vinbEFchEmTyUrQj1wJMzRbyIYmox","9FGGVOw93jfS5aOA3dpabjU14a/sOVS4","legacyData"
"1dd235dd-d0b9-4248-a589-8800a560961c","JERC_047.basePlot.vst","2016-08-30","vst_JERC_2016","D03","JERC","JERC_047",,"NEON.PLA.D03.JERC.02584","ok","sapling","Live",,,0.5,,,,,,,,2.4,8,,,,"dQ1vinbEFchEmTyUrQj1wJMzRbyIYmox","9FGGVOw93jfS5aOA3dpabjU14a/sOVS4","legacyData"
"8aa365d0-92cd-4ad8-aecd-b8e9d096002a","JERC_047.basePlot.vst","2016-08-30","vst_JERC_2016","D03","JERC","JERC_047",,"NEON.PLA.D03.JERC.02619","unknown",,"Lost, tag damaged",,,,,,,,,,,,,,,,"dQ1vinbEFchEmTyUrQj1wJMzRbyIYmox","9FGGVOw93jfS5aOA3dpabjU14a/sOVS4","legacyData"
"e2911743-2900-45b7-bc85-b2d83f257c2e","JERC_047.basePlot.vst","2016-08-30","vst_JERC_2016","D03","JERC","JERC_047",,"NEON.PLA.D03.JERC.02543","ok","single bole tree","Live",46.6,130,11.8,,,,,,,,,,,,,"dQ1vinbEFchEmTyUrQj1wJMzRbyIYmox","9FGGVOw93jfS5aOA3dpabjU14a/sOVS4","legacyData"
"9dcdebae-46a8-4f90-8eb9-1b85af1a30d7","JERC_047.basePlot.vst","2016-08-30","vst_JERC_2016","D03","JERC","JERC_047",,"NEON.PLA.D03.JERC.02552","ok","single bole tree","Live",21.5,130,9.0,,,,,,,,,,,,,"dQ1vinbEFchEmTyUrQj1wJMzRbyIYmox","9FGGVOw93jfS5aOA3dpabjU14a/sOVS4","legacyData"
"a5ba4f3b-ae57-48c9-9e18-92e691fa8277","JERC_047.basePlot.vst","2016-08-30","vst_JERC_2016","D03","JERC","JERC_047",,"NEON.PLA.D03.JERC.02593","untagged","sapling","No longer qualifies",,,,,,,,,,,,,,,"dead/fallen- tag was removed","dQ1vinbEFchEmTyUrQj1wJMzRbyIYmox","9FGGVOw93jfS5aOA3dpabjU14a/sOVS4","legacyData"
"f7a73f69-3d3d-4e09-bf0e-c3e48e3de1f7","JERC_047.basePlot.vst","2016-08-30","vst_JERC_2016","D03","JERC","JERC_047",,"NEON.PLA.D03.JERC.02632","unknown",,"Lost, tag damaged",,,,,,,,,,,,,,,"tag was not found","dQ1vinbEFchEmTyUrQj1wJMzRbyIYmox","9FGGVOw93jfS5aOA3dpabjU14a/sOVS4","legacyData"
"f05c0cc4-83b1-4a0e-b10d-4deefbdcd685","JERC_047.basePlot.vst","2016-08-30","vst_JERC_2016","D03","JERC","JERC_047",,"NEON.PLA.D03.JERC.02635","ok","sapling","Standing dead",,,1.4,,,,,,,,1.1,10,,,,"dQ1vinbEFchEmTyUrQj1wJMzRbyIYmox","9FGGVOw93jfS5aOA3dpabjU14a/sOVS4","legacyData"
"7926fc01-2620-4cad-9473-020b990e976f","JERC_047.basePlot.vst","2016-08-30","vst_JERC_2016","D03","JERC","JERC_047",,"NEON.PLA.D03.JERC.02547","ok","multi-bole tree","Live",46.3,190,10.3,,,,,,,,,,,,,"dQ1vinbEFchEmTyUrQj1wJMzRbyIYmox","9FGGVOw93jfS5aOA3dpabjU14a/sOVS4","legacyData"
"a76dad89-005b-4565-8621-8b3c1eeb1c1c","JERC_047.basePlot.vst","2016-08-30","vst_JERC_2016","D03","JERC","JERC_047",,"NEON.PLA.D03.JERC.02669","ok","liana","Live",2.5,130,,,,,,,,,,,,,,"dQ1vinbEFchEmTyUrQj1wJMzRbyIYmox","9FGGVOw93jfS5aOA3dpabjU14a/sOVS4","legacyData"
"1e33c407-98b7-4ee0-a4e8-269a8a41dd49","JERC_047.basePlot.vst","2016-08-30","vst_JERC_2016","D03","JERC","JERC_047",,"NEON.PLA.D03.JERC.02646","ok","small tree","Live",4.3,130,4.4,,,,,,,,,,,,,"dQ1vinbEFchEmTyUrQj1wJMzRbyIYmox","9FGGVOw93jfS5aOA3dpabjU14a/sOVS4","legacyData"
"774a78f6-ad8a-443b-bda8-358ae335f6d3","JERC_047.basePlot.vst","2016-08-30","vst_JERC_2016","D03","JERC","JERC_047",,"NEON.PLA.D03.JERC.02684","ok","liana","Live",2.2,130,,,,,,,,,,,,,,"dQ1vinbEFchEmTyUrQj1wJMzRbyIYmox","9FGGVOw93jfS5aOA3dpabjU14a/sOVS4","legacyData"
"e50e3b78-1098-4e35-b094-e2be9c9943e5","JERC_047.basePlot.vst","2016-08-30","vst_JERC_2016","D03","JERC","JERC_047",,"NEON.PLA.D03.JERC.02613","ok","small tree","Live",1.3,130,2.6,,,,,,,,,,,,,"dQ1vinbEFchEmTyUrQj1wJMzRbyIYmox","9FGGVOw93jfS5aOA3dpabjU14a/sOVS4","legacyData"
"980b60e9-6a68-4c8e-b950-897b415bcd06","JERC_047.basePlot.vst","2016-08-30","vst_JERC_2016","D03","JERC","JERC_047",,"NEON.PLA.D03.JERC.03694","ok","small tree","Live",1.2,130,2.2,,,,,,,,,,,,,"dQ1vinbEFchEmTyUrQj1wJMzRbyIYmox","9FGGVOw93jfS5aOA3dpabjU14a/sOVS4","legacyData"
"6a7c03b0-b7a4-4092-9b8d-3f88345fd9a6","JERC_047.basePlot.vst","2016-08-30","vst_JERC_2016","D03","JERC","JERC_047",,"NEON.PLA.D03.JERC.02643","ok","sapling","Live",,,2.4,,,,,,,,1.2,10,,,,"dQ1vinbEFchEmTyUrQj1wJMzRbyIYmox","9FGGVOw93jfS5aOA3dpabjU14a/sOVS4","legacyData"
"948c4e2e-a75c-4895-97b3-718e9288ca90","JERC_047.basePlot.vst","2016-08-30","vst_JERC_2016","D03","JERC","JERC_047",,"NEON.PLA.D03.JERC.02550","ok","single bole tree","Live",22.6,130,9.3,,,,,,,,,,,,,"dQ1vinbEFchEmTyUrQj1wJMzRbyIYmox","9FGGVOw93jfS5aOA3dpabjU14a/sOVS4","legacyData"
"bc6391c7-dcea-4b42-b521-cf414cf0353c","JERC_047.basePlot.vst","2016-08-30","vst_JERC_2016","D03","JERC","JERC_047",,"NEON.PLA.D03.JERC.02676","ok","liana","Live",1.4,130,,,,,,,,,,,,,,"dQ1vinbEFchEmTyUrQj1wJMzRbyIYmox","9FGGVOw93jfS5aOA3dpabjU14a/sOVS4","legacyData"
"4a7c5518-577e-4eef-9270-9ce9acbeba1f","JERC_047.basePlot.vst","2016-08-30","vst_JERC_2016","D03","JERC","JERC_047",,"NEON.PLA.D03.JERC.02616","ok","small tree","Live",2.7,130,2.7,,,,,,,,,,,,,"dQ1vinbEFchEmTyUrQj1wJMzRbyIYmox","9FGGVOw93jfS5aOA3dpabjU14a/sOVS4","legacyData"
"9d85ab69-547a-48d1-84c9-ed4ea0652273","JERC_047.basePlot.vst","2016-08-30","vst_JERC_2016","D03","JERC","JERC_047",,"NEON.PLA.D03.JERC.02653","ok","sapling","Live",,,1.9,,,,,,,,1.5,10,,,,"dQ1vinbEFchEmTyUrQj1wJMzRbyIYmox","9FGGVOw93jfS5aOA3dpabjU14a/sOVS4","legacyData"
"81077c7f-e8ed-42eb-b906-8c906f7f509b","JERC_047.basePlot.vst","2016-08-30","vst_JERC_2016","D03","JERC","JERC_047",,"NEON.PLA.D03.JERC.02683","ok","liana","Live",2.5,130,,,,,,,,,,,,,,"dQ1vinbEFchEmTyUrQj1wJMzRbyIYmox","9FGGVOw93jfS5aOA3dpabjU14a/sOVS4","legacyData"
"0b1a7590-2cbd-496c-8d5e-4bf7da8adf35","JERC_047.basePlot.vst","2016-08-30","vst_JERC_2016","D03","JERC","JERC_047",,"NEON.PLA.D03.JERC.02548","ok","single bole tree","Live",12.4,130,6.8,,,,,,,,,,,,,"dQ1vinbEFchEmTyUrQj1wJMzRbyIYmox","9FGGVOw93jfS5aOA3dpabjU14a/sOVS4","legacyData"
"e16cd2d2-4ed9-410a-bb12-1b4ed696b2e5","JERC_047.basePlot.vst","2016-08-30","vst_JERC_2016","D03","JERC","JERC_047",,"NEON.PLA.D03.JERC.02680","ok","liana","Live",4.3,130,,,,,,,,,,,,,,"dQ1vinbEFchEmTyUrQj1wJMzRbyIYmox","9FGGVOw93jfS5aOA3dpabjU14a/sOVS4","legacyData"
"c497dd60-dd97-4146-9315-aecc6532bc06","JERC_047.basePlot.vst","2016-08-30","vst_JERC_2016","D03","JERC","JERC_047",,"NEON.PLA.D03.JERC.02665","ok","liana",,1.9,130,,,,,,,,,,,,,"plant status not recorded on datatsheet","dQ1vinbEFchEmTyUrQj1wJMzRbyIYmox","9FGGVOw93jfS5aOA3dpabjU14a/sOVS4","legacyData"
"17209a8f-6d28-4eb6-bb4b-021b747c1d5b","JERC_047.basePlot.vst","2016-08-30","vst_JERC_2016","D03","JERC","JERC_047",,"NEON.PLA.D03.JERC.02647","ok","sapling","Live",,,2.3,,,,,,,,1.4,10,,,,"dQ1vinbEFchEmTyUrQj1wJMzRbyIYmox","9FGGVOw93jfS5aOA3dpabjU14a/sOVS4","legacyData"
"2627c8b4-eb4d-41ba-83d9-d2b5d1e83296","JERC_047.basePlot.vst","2016-08-30","vst_JERC_2016","D03","JERC","JERC_047",,"NEON.PLA.D03.JERC.02644","ok","small tree","Live",1.1,130,2.1,,,,,,,,,,,,,"dQ1vinbEFchEmTyUrQj1wJMzRbyIYmox","9FGGVOw93jfS5aOA3dpabjU14a/sOVS4","legacyData"
"5a2377d7-f0c9-41ec-9121-e19f54537659","JERC_047.basePlot.vst","2016-08-30","vst_JERC_2016","D03","JERC","JERC_047",,"NEON.PLA.D03.JERC.02667","ok","liana","Live",1.1,130,,,,,,,,,,,,,,"dQ1vinbEFchEmTyUrQj1wJMzRbyIYmox","9FGGVOw93jfS5aOA3dpabjU14a/sOVS4","legacyData"
"fdeaefec-a0a8-44c7-8867-bfb9bbdd1c34","JERC_047.basePlot.vst","2016-08-30","vst_JERC_2016","D03","JERC","JERC_047",,"NEON.PLA.D03.JERC.03698","ok","sapling","Live",,,1.4,,,,,,,,1.1,10,,,,"dQ1vinbEFchEmTyUrQj1wJMzRbyIYmox","9FGGVOw93jfS5aOA3dpabjU14a/sOVS4","legacyData"
"c3945868-dcae-4323-874d-7aa7c7c3e85c","JERC_047.basePlot.vst","2016-08-30","vst_JERC_2016","D03","JERC","JERC_047",,"NEON.PLA.D03.JERC.02545","ok","single bole tree","Live, physically damaged",43.3,130,15.6,,,,,,,,,,,,,"dQ1vinbEFchEmTyUrQj1wJMzRbyIYmox","9FGGVOw93jfS5aOA3dpabjU14a/sOVS4","legacyData"
"2cfff2c0-5048-41b7-b307-2f7a91b321b4","JERC_047.basePlot.vst","2016-08-30","vst_JERC_2016","D03","JERC","JERC_047",,"NEON.PLA.D03.JERC.02591","ok","sapling","Live",,,2.1,,,,,,,,1.5,10,,,,"dQ1vinbEFchEmTyUrQj1wJMzRbyIYmox","9FGGVOw93jfS5aOA3dpabjU14a/sOVS4","legacyData"
"693f4343-0b4b-4de0-93af-15646e246eec","JERC_047.basePlot.vst","2016-08-30","vst_JERC_2016","D03","JERC","JERC_047",,"NEON.PLA.D03.JERC.02629","ok","sapling","Live",,,1.4,,,,,,,,1.1,10,,,,"dQ1vinbEFchEmTyUrQj1wJMzRbyIYmox","9FGGVOw93jfS5aOA3dpabjU14a/sOVS4","legacyData"
"ab08a8ed-9161-44b5-b344-1110420f96e4","JERC_047.basePlot.vst","2016-08-30","vst_JERC_2016","D03","JERC","JERC_047",,"NEON.PLA.D03.JERC.02682","ok","liana","Live",1.8,130,,,,,,,,,,,,,,"dQ1vinbEFchEmTyUrQj1wJMzRbyIYmox","9FGGVOw93jfS5aOA3dpabjU14a/sOVS4","legacyData"
"1526e5a3-beb0-4c49-b07a-d5f4dbe26d3c","JERC_047.basePlot.vst","2016-08-30","vst_JERC_2016","D03","JERC","JERC_047",,"NEON.PLA.D03.JERC.02622","unknown",,"Lost, tag damaged",,,,,,,,,,,,,,,"Tag not found in 2016","dQ1vinbEFchEmTyUrQj1wJMzRbyIYmox","9FGGVOw93jfS5aOA3dpabjU14a/sOVS4","legacyData"
"d7476b04-c394-48a5-87dd-0d877e653afb","JERC_047.basePlot.vst","2016-08-30","vst_JERC_2016","D03","JERC","JERC_047",,"NEON.PLA.D03.JERC.02558","ok","single bole tree","Live",29.0,130,15.3,,,,,,,,,,,,,"dQ1vinbEFchEmTyUrQj1wJMzRbyIYmox","9FGGVOw93jfS5aOA3dpabjU14a/sOVS4","legacyData"
"9ee68012-79ad-46e0-83fa-a91f4889e91f","JERC_047.basePlot.vst","2016-08-30","vst_JERC_2016","D03","JERC","JERC_047",,"NEON.PLA.D03.JERC.03691","ok","sapling","Live",,,1.5,,,,,,,,1.0,10,,,,"dQ1vinbEFchEmTyUrQj1wJMzRbyIYmox","9FGGVOw93jfS5aOA3dpabjU14a/sOVS4","legacyData"
"77b6e9c6-871d-4595-8adb-47aa391ddddf","JERC_047.basePlot.vst","2016-08-30","vst_JERC_2016","D03","JERC","JERC_047",,"NEON.PLA.D03.JERC.02615","ok","sapling","Live, physically damaged",,,1.4,,,,,,,,1.3,10,,,"Deer rub","dQ1vinbEFchEmTyUrQj1wJMzRbyIYmox","9FGGVOw93jfS5aOA3dpabjU14a/sOVS4","legacyData"
"7801c8ee-ee75-47e3-aed1-743699284abf","JERC_047.basePlot.vst","2016-08-30","vst_JERC_2016","D03","JERC","JERC_047",,"NEON.PLA.D03.JERC.03696","ok","sapling","Live",,,1.8,,,,,,,,1.6,10,,,,"dQ1vinbEFchEmTyUrQj1wJMzRbyIYmox","9FGGVOw93jfS5aOA3dpabjU14a/sOVS4","legacyData"
"bfb94424-a22d-4bfa-b8d4-168ff3f4dec7","JERC_047.basePlot.vst","2016-08-30","vst_JERC_2016","D03","JERC","JERC_047",,"NEON.PLA.D03.JERC.02645","ok","small tree","Live",1.3,130,3.4,,,,,,,,,,,,,"dQ1vinbEFchEmTyUrQj1wJMzRbyIYmox","9FGGVOw93jfS5aOA3dpabjU14a/sOVS4","legacyData"
"2e99b472-47fe-4e36-8570-192c159ea203","JERC_047.basePlot.vst","2016-08-30","vst_JERC_2016","D03","JERC","JERC_047",,"NEON.PLA.D03.JERC.02678","ok","liana","Live",41.0,130,,,,,,,,,,,,,,"dQ1vinbEFchEmTyUrQj1wJMzRbyIYmox","9FGGVOw93jfS5aOA3dpabjU14a/sOVS4","legacyData"
"55f025a6-87c1-46a2-a212-0a4ed2bfe0a4","JERC_047.basePlot.vst","2016-08-30","vst_JERC_2016","D03","JERC","JERC_047",,"NEON.PLA.D03.JERC.03689","ok","sapling","Live",,,2.0,,,,,,,,1.0,10,,,,"dQ1vinbEFchEmTyUrQj1wJMzRbyIYmox","9FGGVOw93jfS5aOA3dpabjU14a/sOVS4","legacyData"
"0b5dc520-5d44-4476-acf1-73255d50771c","JERC_062.basePlot.vst","2016-08-31","vst_JERC_2016","D03","JERC","JERC_062",,"NEON.PLA.D03.JERC.03673","ok","sapling","Live",,,1.2,,,,,,,,1.1,10,,,,"cMb2B+jx12AMjNtsEA8t48GND5R87ks/","uc/Ogwu/d/aC0/FyeYgRy91eQH6E3aLH","legacyData"
"9d73fa47-a266-41a2-a25d-937e4e6f6857","JERC_062.basePlot.vst","2016-08-31","vst_JERC_2016","D03","JERC","JERC_062",,"NEON.PLA.D03.JERC.03663","ok","sapling","Live",,,1.1,,,,,,,,1.2,10,,,,"cMb2B+jx12AMjNtsEA8t48GND5R87ks/","uc/Ogwu/d/aC0/FyeYgRy91eQH6E3aLH","legacyData"
"8a3187a7-7eec-46b1-bbde-1d366cdd2fc0","JERC_062.basePlot.vst","2016-08-31","vst_JERC_2016","D03","JERC","JERC_062",,"NEON.PLA.D03.JERC.02704","ok","single bole tree","Live",35.0,130,23.0,,,,,,,,,,,,,"cMb2B+jx12AMjNtsEA8t48GND5R87ks/","uc/Ogwu/d/aC0/FyeYgRy91eQH6E3aLH","legacyData"
"dc1f2638-b84d-4f47-b24d-4a3d325ca65b","JERC_062.basePlot.vst","2016-08-31","vst_JERC_2016","D03","JERC","JERC_062",,"NEON.PLA.D03.JERC.03682","ok","sapling","Live",,,1.4,,,,,,,,1.0,10,,,,"cMb2B+jx12AMjNtsEA8t48GND5R87ks/","uc/Ogwu/d/aC0/FyeYgRy91eQH6E3aLH","legacyData"
"8b3622d6-6793-4696-88a8-7f84d377c520","JERC_062.basePlot.vst","2016-08-31","vst_JERC_2016","D03","JERC","JERC_062",,"NEON.PLA.D03.JERC.03662","ok","sapling","Live",,,1.3,,,,,,,,1.1,10,,,,"cMb2B+jx12AMjNtsEA8t48GND5R87ks/","uc/Ogwu/d/aC0/FyeYgRy91eQH6E3aLH","legacyData"
"8219e807-1303-4951-b585-4c77f9ca08c4","JERC_062.basePlot.vst","2016-08-31","vst_JERC_2016","D03","JERC","JERC_062",,"NEON.PLA.D03.JERC.03680","ok","sapling","Live",,,0.8,,,,,,,,1.3,10,,,"fallen branch on tree has bent it over and changed original height of tree","cMb2B+jx12AMjNtsEA8t48GND5R87ks/","uc/Ogwu/d/aC0/FyeYgRy91eQH6E3aLH","legacyData"
"8259de49-9a95-445d-915e-bee461e8bf7a","JERC_062.basePlot.vst","2016-08-31","vst_JERC_2016","D03","JERC","JERC_062",,"NEON.PLA.D03.JERC.02710","ok","single bole tree","Live",29.3,130,24.6,,,,,,,,,,,,,"cMb2B+jx12AMjNtsEA8t48GND5R87ks/","uc/Ogwu/d/aC0/FyeYgRy91eQH6E3aLH","legacyData"
"cb98f248-9419-4f3a-8bf1-891695cb9740","JERC_062.basePlot.vst","2016-08-31","vst_JERC_2016","D03","JERC","JERC_062",,"NEON.PLA.D03.JERC.03649","ok","sapling","Live",,,1.2,,,,,,,,1.0,10,,,,"cMb2B+jx12AMjNtsEA8t48GND5R87ks/","uc/Ogwu/d/aC0/FyeYgRy91eQH6E3aLH","legacyData"
"7c406727-ebeb-4250-8650-234ff779e808","JERC_062.basePlot.vst","2016-08-31","vst_JERC_2016","D03","JERC","JERC_062",,"NEON.PLA.D03.JERC.05005","ok","sapling","Live",,,0.7,,,,,,,,2.4,7,,,,"cMb2B+jx12AMjNtsEA8t48GND5R87ks/","uc/Ogwu/d/aC0/FyeYgRy91eQH6E3aLH","legacyData"
"338d93b9-b9e6-4125-b07b-7ae0bf88652f","JERC_062.basePlot.vst","2016-08-31","vst_JERC_2016","D03","JERC","JERC_062",,"NEON.PLA.D03.JERC.03684","ok","sapling","Live",,,1.1,,,,,,,,1.1,10,,,,"cMb2B+jx12AMjNtsEA8t48GND5R87ks/","uc/Ogwu/d/aC0/FyeYgRy91eQH6E3aLH","legacyData"
"872efc32-28f0-40be-8bbd-c472ec39f5d9","JERC_062.basePlot.vst","2016-08-31","vst_JERC_2016","D03","JERC","JERC_062",,"NEON.PLA.D03.JERC.02846","ok","sapling","Live",,,0.7,,,,,,,,3.2,10,,,,"cMb2B+jx12AMjNtsEA8t48GND5R87ks/","uc/Ogwu/d/aC0/FyeYgRy91eQH6E3aLH","legacyData"
"ff32aa2a-fc0f-4d1d-9d65-fcac650ae7bd","JERC_062.basePlot.vst","2016-08-31","vst_JERC_2016","D03","JERC","JERC_062",,"NEON.PLA.D03.JERC.03653","ok","sapling","Live",,,1.1,,,,,,,,1.1,10,,,,"cMb2B+jx12AMjNtsEA8t48GND5R87ks/","uc/Ogwu/d/aC0/FyeYgRy91eQH6E3aLH","legacyData"
"c5f33ebc-0e37-46bc-afd1-84c1d55fc69c","JERC_062.basePlot.vst","2016-08-31","vst_JERC_2016","D03","JERC","JERC_062",,"NEON.PLA.D03.JERC.02854","ok","sapling","Live",,,0.9,,,,,,,,3.5,10,,,,"cMb2B+jx12AMjNtsEA8t48GND5R87ks/","uc/Ogwu/d/aC0/FyeYgRy91eQH6E3aLH","legacyData"
"4f1aac2d-0656-49a8-b177-9f08836dee32","JERC_062.basePlot.vst","2016-08-31","vst_JERC_2016","D03","JERC","JERC_062",,"NEON.PLA.D03.JERC.03672","ok","sapling","Live",,,1.2,,,,,,,,1.1,10,,,,"cMb2B+jx12AMjNtsEA8t48GND5R87ks/","uc/Ogwu/d/aC0/FyeYgRy91eQH6E3aLH","legacyData"
"20d0a204-b7e4-4274-8df5-0c93bd0fe892","JERC_062.basePlot.vst","2016-08-31","vst_JERC_2016","D03","JERC","JERC_062",,"NEON.PLA.D03.JERC.03664","ok","sapling","Live",,,1.0,,,,,,,,1.4,10,,,,"cMb2B+jx12AMjNtsEA8t48GND5R87ks/","uc/Ogwu/d/aC0/FyeYgRy91eQH6E3aLH","legacyData"
"83900e77-956b-4780-8788-58b8cda01af1","JERC_062.basePlot.vst","2016-08-31","vst_JERC_2016","D03","JERC","JERC_062",,"NEON.PLA.D03.JERC.02706","ok","single bole tree","Standing dead",35.5,130,18.8,,,,,,,,,,,,,"cMb2B+jx12AMjNtsEA8t48GND5R87ks/","uc/Ogwu/d/aC0/FyeYgRy91eQH6E3aLH","legacyData"
"4e50e37e-43ff-4b76-b6ef-32b7a55f1e65","JERC_062.basePlot.vst","2016-08-31","vst_JERC_2016","D03","JERC","JERC_062",,"NEON.PLA.D03.JERC.02853","ok","sapling","Live",,,1.5,,,,,,,,4.3,10,,,,"cMb2B+jx12AMjNtsEA8t48GND5R87ks/","uc/Ogwu/d/aC0/FyeYgRy91eQH6E3aLH","legacyData"
"145fa449-d2d4-4d97-bfa2-cdd824e79228","JERC_062.basePlot.vst","2016-08-31","vst_JERC_2016","D03","JERC","JERC_062",,"NEON.PLA.D03.JERC.03671","ok","sapling","Live",,,1.1,,,,,,,,1.2,10,,,,"cMb2B+jx12AMjNtsEA8t48GND5R87ks/","uc/Ogwu/d/aC0/FyeYgRy91eQH6E3aLH","legacyData"
"d38e39d9-0539-4b95-af37-cd8483778e31","JERC_062.basePlot.vst","2016-08-31","vst_JERC_2016","D03","JERC","JERC_062",,"NEON.PLA.D03.JERC.02842","ok","single shrub","Live",,,1.2,,,,,,,,1.3,10,,,"shape not indicated","cMb2B+jx12AMjNtsEA8t48GND5R87ks/","uc/Ogwu/d/aC0/FyeYgRy91eQH6E3aLH","legacyData"
"7928dc7f-58ad-4b40-8e1f-fb5b0e07d742","JERC_062.basePlot.vst","2016-08-31","vst_JERC_2016","D03","JERC","JERC_062",,"NEON.PLA.D03.JERC.03642","ok","sapling","Live",,,1.5,,,,,,,,1.3,10,,,,"cMb2B+jx12AMjNtsEA8t48GND5R87ks/","uc/Ogwu/d/aC0/FyeYgRy91eQH6E3aLH","legacyData"
"38423f4d-283e-43cd-90cf-a7ec9589297a","JERC_062.basePlot.vst","2016-08-31","vst_JERC_2016","D03","JERC","JERC_062",,"NEON.PLA.D03.JERC.02837","ok",,"Lost, tag damaged",,,,,,,,,,,,,,,,"cMb2B+jx12AMjNtsEA8t48GND5R87ks/","uc/Ogwu/d/aC0/FyeYgRy91eQH6E3aLH","legacyData"
"fca98772-41ce-45fb-8d0b-9637220504b8","JERC_062.basePlot.vst","2016-08-31","vst_JERC_2016","D03","JERC","JERC_062",,"NEON.PLA.D03.JERC.03650","ok","sapling","Live",,,1.3,,,,,,,,1.1,10,,,,"cMb2B+jx12AMjNtsEA8t48GND5R87ks/","uc/Ogwu/d/aC0/FyeYgRy91eQH6E3aLH","legacyData"
"27e0ab82-f01c-4bc3-a5e2-4abf450d161d","JERC_062.basePlot.vst","2016-08-31","vst_JERC_2016","D03","JERC","JERC_062",,"NEON.PLA.D03.JERC.03677","ok","sapling","Live",,,1.5,,,,,,,,1.8,10,,,,"cMb2B+jx12AMjNtsEA8t48GND5R87ks/","uc/Ogwu/d/aC0/FyeYgRy91eQH6E3aLH","legacyData"
"9811b0fa-5c71-4294-a9a5-d25d19166ab8","JERC_062.basePlot.vst","2016-08-31","vst_JERC_2016","D03","JERC","JERC_062",,"NEON.PLA.D03.JERC.03644","ok","sapling","Live",,,1.5,,,,,,,,11.0,10,,,,"cMb2B+jx12AMjNtsEA8t48GND5R87ks/","uc/Ogwu/d/aC0/FyeYgRy91eQH6E3aLH","legacyData"
"ea341d32-c007-4eb8-a4f9-782f271954cb","JERC_062.basePlot.vst","2016-08-31","vst_JERC_2016","D03","JERC","JERC_062",,"NEON.PLA.D03.JERC.02848","untagged","sapling","No longer qualifies",,,0.9,,,,,,,,3.2,10,,,"Dead-tag removed in 2016","cMb2B+jx12AMjNtsEA8t48GND5R87ks/","uc/Ogwu/d/aC0/FyeYgRy91eQH6E3aLH","legacyData"
"aa086212-07c5-4f25-8565-7895c6afdfdf","JERC_062.basePlot.vst","2016-08-31","vst_JERC_2016","D03","JERC","JERC_062",,"NEON.PLA.D03.JERC.05003","ok","sapling","Live",,,1.4,,,,,,,,1.2,10,,,,"cMb2B+jx12AMjNtsEA8t48GND5R87ks/","uc/Ogwu/d/aC0/FyeYgRy91eQH6E3aLH","legacyData"
"8ea7bc7e-a439-4552-a931-53f17df01044","JERC_062.basePlot.vst","2016-08-31","vst_JERC_2016","D03","JERC","JERC_062",,"NEON.PLA.D03.JERC.02850","ok","sapling","Live",,,0.7,,,,,,,,3.4,10,,,,"cMb2B+jx12AMjNtsEA8t48GND5R87ks/","uc/Ogwu/d/aC0/FyeYgRy91eQH6E3aLH","legacyData"
"9f4c6fa7-48e6-4571-b8cc-8520545a1a20","JERC_062.basePlot.vst","2016-08-31","vst_JERC_2016","D03","JERC","JERC_062",,"NEON.PLA.D03.JERC.03647","ok","sapling","Live",,,1.3,,,,,,,,1.0,10,,,,"cMb2B+jx12AMjNtsEA8t48GND5R87ks/","uc/Ogwu/d/aC0/FyeYgRy91eQH6E3aLH","legacyData"
"dc7af671-8e07-45ac-a955-76a3b2fad634","JERC_062.basePlot.vst","2016-08-31","vst_JERC_2016","D03","JERC","JERC_062",,"NEON.PLA.D03.JERC.05006","ok","sapling","Live",,,0.5,,,,,,,,2.6,5,,,,"cMb2B+jx12AMjNtsEA8t48GND5R87ks/","uc/Ogwu/d/aC0/FyeYgRy91eQH6E3aLH","legacyData"
"edee146d-fb6f-426b-a668-1d333ba0c392","JERC_062.basePlot.vst","2016-08-31","vst_JERC_2016","D03","JERC","JERC_062",,"NEON.PLA.D03.JERC.03666","ok","sapling","Live",,,1.0,,,,,,,,2.0,10,,,,"cMb2B+jx12AMjNtsEA8t48GND5R87ks/","uc/Ogwu/d/aC0/FyeYgRy91eQH6E3aLH","legacyData"
"3cb162df-6537-4f27-a4cc-f90e5f8c8573","JERC_062.basePlot.vst","2016-08-31","vst_JERC_2016","D03","JERC","JERC_062",,"NEON.PLA.D03.JERC.03659","ok","sapling","Live",,,1.2,,,,,,,,1.0,10,,,,"cMb2B+jx12AMjNtsEA8t48GND5R87ks/","uc/Ogwu/d/aC0/FyeYgRy91eQH6E3aLH","legacyData"
"77623b44-f62e-4db9-a1ec-a9b0d6f2478c","JERC_062.basePlot.vst","2016-08-31","vst_JERC_2016","D03","JERC","JERC_062",,"NEON.PLA.D03.JERC.02852","ok","small tree","Live",2.3,10,2.1,,,,,,,,,,,,,"cMb2B+jx12AMjNtsEA8t48GND5R87ks/","uc/Ogwu/d/aC0/FyeYgRy91eQH6E3aLH","legacyData"
"d791ab83-e1b5-4856-b81f-d216464456b1","JERC_062.basePlot.vst","2016-08-31","vst_JERC_2016","D03","JERC","JERC_062",,"NEON.PLA.D03.JERC.02856","ok","sapling","Live",,,0.7,,,,,,,,2.6,10,,,,"cMb2B+jx12AMjNtsEA8t48GND5R87ks/","uc/Ogwu/d/aC0/FyeYgRy91eQH6E3aLH","legacyData"
"cbe41fdf-ab43-472a-ae61-fac4cf2423ed","JERC_062.basePlot.vst","2016-08-31","vst_JERC_2016","D03","JERC","JERC_062",,"NEON.PLA.D03.JERC.03670","ok","sapling","Live",,,1.0,,,,,,,,1.0,10,,,,"cMb2B+jx12AMjNtsEA8t48GND5R87ks/","uc/Ogwu/d/aC0/FyeYgRy91eQH6E3aLH","legacyData"
"5f9cf808-d5cb-4914-bcde-4d708bd4f612","JERC_062.basePlot.vst","2016-08-31","vst_JERC_2016","D03","JERC","JERC_062",,"NEON.PLA.D03.JERC.03678","ok","sapling","Live",,,1.7,,,,,,,,1.6,10,,,,"cMb2B+jx12AMjNtsEA8t48GND5R87ks/","uc/Ogwu/d/aC0/FyeYgRy91eQH6E3aLH","legacyData"
"a79af479-8afe-4bf8-9437-765a676c98e4","JERC_062.basePlot.vst","2016-08-31","vst_JERC_2016","D03","JERC","JERC_062",,"NEON.PLA.D03.JERC.03668","ok","sapling","Live",,,1.1,,,,,,,,1.0,10,,,,"cMb2B+jx12AMjNtsEA8t48GND5R87ks/","uc/Ogwu/d/aC0/FyeYgRy91eQH6E3aLH","legacyData"
"dbf42052-1bd3-470d-b949-76d69d61f0c7","JERC_062.basePlot.vst","2016-08-31","vst_JERC_2016","D03","JERC","JERC_062",,"NEON.PLA.D03.JERC.03637","ok","sapling","Live",,,1.2,,,,,,,,1.0,10,,,,"cMb2B+jx12AMjNtsEA8t48GND5R87ks/","uc/Ogwu/d/aC0/FyeYgRy91eQH6E3aLH","legacyData"
"f127a93f-99ee-4f1e-9400-8107612b9eb9","JERC_062.basePlot.vst","2016-08-31","vst_JERC_2016","D03","JERC","JERC_062",,"NEON.PLA.D03.JERC.03660","ok","sapling","Live",,,1.2,,,,,,,,1.0,10,,,,"cMb2B+jx12AMjNtsEA8t48GND5R87ks/","uc/Ogwu/d/aC0/FyeYgRy91eQH6E3aLH","legacyData"
"2a846a4d-0e95-4619-895c-571a7098e510","JERC_062.basePlot.vst","2016-08-31","vst_JERC_2016","D03","JERC","JERC_062",,"NEON.PLA.D03.JERC.02847","ok","sapling","Live",,,0.7,,,,,,,,3.0,10,,,,"cMb2B+jx12AMjNtsEA8t48GND5R87ks/","uc/Ogwu/d/aC0/FyeYgRy91eQH6E3aLH","legacyData"
"e96f8986-e29d-4f8b-b639-fea5d011c599","JERC_062.basePlot.vst","2016-08-31","vst_JERC_2016","D03","JERC","JERC_062",,"NEON.PLA.D03.JERC.02713","ok","single bole tree","Live",31.4,130,11.9,,,,,,,,,,,,,"cMb2B+jx12AMjNtsEA8t48GND5R87ks/","uc/Ogwu/d/aC0/FyeYgRy91eQH6E3aLH","legacyData"
"34ddf01c-64c8-411e-bee9-b3b07e766111","JERC_062.basePlot.vst","2016-08-31","vst_JERC_2016","D03","JERC","JERC_062",,"NEON.PLA.D03.JERC.02820","ok","small tree","Live",1.0,130,2.0,,,,,,,,,,,,,"cMb2B+jx12AMjNtsEA8t48GND5R87ks/","uc/Ogwu/d/aC0/FyeYgRy91eQH6E3aLH","legacyData"
"04d5d81e-8a06-42f1-b753-d55a98052d76","JERC_062.basePlot.vst","2016-08-31","vst_JERC_2016","D03","JERC","JERC_062",,"NEON.PLA.D03.JERC.03669","ok","sapling","Live",,,1.0,,,,,,,,1.2,10,,,,"cMb2B+jx12AMjNtsEA8t48GND5R87ks/","uc/Ogwu/d/aC0/FyeYgRy91eQH6E3aLH","legacyData"
"670d567d-a629-4875-933e-47800707955f","JERC_062.basePlot.vst","2016-08-31","vst_JERC_2016","D03","JERC","JERC_062",,"NEON.PLA.D03.JERC.03667","ok","sapling","Live",,,1.9,,,,,,,,1.2,10,,,,"cMb2B+jx12AMjNtsEA8t48GND5R87ks/","uc/Ogwu/d/aC0/FyeYgRy91eQH6E3aLH","legacyData"
"2715a3ca-04c4-49df-b6b4-9d5de6c9c04f","JERC_062.basePlot.vst","2016-08-31","vst_JERC_2016","D03","JERC","JERC_062",,"NEON.PLA.D03.JERC.02843","ok","sapling","Live",,,0.6,,,,,,,,3.3,10,,,,"cMb2B+jx12AMjNtsEA8t48GND5R87ks/","uc/Ogwu/d/aC0/FyeYgRy91eQH6E3aLH","legacyData"
"a033a367-0dd8-42a8-957b-8aaa2143f6bc","JERC_062.basePlot.vst","2016-08-31","vst_JERC_2016","D03","JERC","JERC_062",,"NEON.PLA.D03.JERC.02711","ok","single bole tree","Live",29.0,130,20.3,,,,,,,,,,,,,"cMb2B+jx12AMjNtsEA8t48GND5R87ks/","uc/Ogwu/d/aC0/FyeYgRy91eQH6E3aLH","legacyData"
"f92915de-09fc-4d82-8d10-06d736b65fc2","JERC_062.basePlot.vst","2016-08-31","vst_JERC_2016","D03","JERC","JERC_062",,"NEON.PLA.D03.JERC.02821","ok","sapling","Live",,,1.4,,,,,,,,1.2,10,,,,"cMb2B+jx12AMjNtsEA8t48GND5R87ks/","uc/Ogwu/d/aC0/FyeYgRy91eQH6E3aLH","legacyData"
"406a8cc2-f2af-47a7-94c9-4a9b67b57111","JERC_062.basePlot.vst","2016-08-31","vst_JERC_2016","D03","JERC","JERC_062",,"NEON.PLA.D03.JERC.02709","ok","single bole tree","Live",36.0,130,23.7,,,,,,,,,,,,,"cMb2B+jx12AMjNtsEA8t48GND5R87ks/","uc/Ogwu/d/aC0/FyeYgRy91eQH6E3aLH","legacyData"
"671e8606-2b78-4336-a459-7b7b5b318f61","JERC_062.basePlot.vst","2016-08-31","vst_JERC_2016","D03","JERC","JERC_062",,"NEON.PLA.D03.JERC.02705","ok","single bole tree","Live",38.8,130,21.8,,,,,,,,,,,,,"cMb2B+jx12AMjNtsEA8t48GND5R87ks/","uc/Ogwu/d/aC0/FyeYgRy91eQH6E3aLH","legacyData"
"9c0d367b-cf53-4973-b405-30f0787b051a","JERC_062.basePlot.vst","2016-08-31","vst_JERC_2016","D03","JERC","JERC_062",,"NEON.PLA.D03.JERC.02842","ok","single shrub",,,,1.2,,,,,,,,1.0,10,,,"2nd stem","cMb2B+jx12AMjNtsEA8t48GND5R87ks/","uc/Ogwu/d/aC0/FyeYgRy91eQH6E3aLH","legacyData"
"ff85d53c-2bb1-4d91-b94a-97ef9558ee11","JERC_062.basePlot.vst","2016-08-31","vst_JERC_2016","D03","JERC","JERC_062",,"NEON.PLA.D03.JERC.03652","ok","sapling","Live",,,1.3,,,,,,,,1.0,10,,,,"cMb2B+jx12AMjNtsEA8t48GND5R87ks/","uc/Ogwu/d/aC0/FyeYgRy91eQH6E3aLH","legacyData"
"d591123c-8426-4735-bdcd-dc7579493bcf","JERC_062.basePlot.vst","2016-08-31","vst_JERC_2016","D03","JERC","JERC_062",,"NEON.PLA.D03.JERC.05003","ok","sapling","Live",,,1.4,,,,,,,,1.0,10,,,"2nd stem","cMb2B+jx12AMjNtsEA8t48GND5R87ks/","uc/Ogwu/d/aC0/FyeYgRy91eQH6E3aLH","legacyData"
"59a5b77a-f783-4a89-8434-58733a93c945","JERC_062.basePlot.vst","2016-08-31","vst_JERC_2016","D03","JERC","JERC_062",,"NEON.PLA.D03.JERC.02845","ok","sapling","Live",,,0.6,,,,,,,,2.7,10,,,,"cMb2B+jx12AMjNtsEA8t48GND5R87ks/","uc/Ogwu/d/aC0/FyeYgRy91eQH6E3aLH","legacyData"
"80974db4-5acd-4011-8df3-303f3314c7e8","JERC_062.basePlot.vst","2016-08-31","vst_JERC_2016","D03","JERC","JERC_062",,"NEON.PLA.D03.JERC.05001","ok","sapling","Live",,,1.6,,,,,,,,1.4,10,,,,"cMb2B+jx12AMjNtsEA8t48GND5R87ks/","uc/Ogwu/d/aC0/FyeYgRy91eQH6E3aLH","legacyData"
"a5e855f6-a26b-4753-8b4c-89f56f4cdc37","JERC_062.basePlot.vst","2016-08-31","vst_JERC_2016","D03","JERC","JERC_062",,"NEON.PLA.D03.JERC.02849","ok","small tree","Live",1.8,10,1.6,,,,,,,,,,,,,"cMb2B+jx12AMjNtsEA8t48GND5R87ks/","uc/Ogwu/d/aC0/FyeYgRy91eQH6E3aLH","legacyData"
"5bb85857-8125-419d-941a-a66ec486fe60","JERC_062.basePlot.vst","2016-08-31","vst_JERC_2016","D03","JERC","JERC_062",,"NEON.PLA.D03.JERC.03687","ok","sapling","Live",,,1.2,,,,,,,,1.1,10,,,,"cMb2B+jx12AMjNtsEA8t48GND5R87ks/","uc/Ogwu/d/aC0/FyeYgRy91eQH6E3aLH","legacyData"
"96ca0eb7-6654-4971-ae63-a3152b9d032f","JERC_062.basePlot.vst","2016-08-31","vst_JERC_2016","D03","JERC","JERC_062",,"NEON.PLA.D03.JERC.02708","ok","single bole tree","Live, physically damaged",50.5,130,25.4,,,,,,,,,,,,"fire damage at base of bole","cMb2B+jx12AMjNtsEA8t48GND5R87ks/","uc/Ogwu/d/aC0/FyeYgRy91eQH6E3aLH","legacyData"
"ee2c7da3-dcb6-41c1-a94a-ba1c33833b8d","JERC_062.basePlot.vst","2016-08-31","vst_JERC_2016","D03","JERC","JERC_062",,"NEON.PLA.D03.JERC.02851","ok","sapling","Live",,,0.8,,,,,,,,3.0,10,,,,"cMb2B+jx12AMjNtsEA8t48GND5R87ks/","uc/Ogwu/d/aC0/FyeYgRy91eQH6E3aLH","legacyData"
"ab6c4211-97be-478d-b924-1d4a84b38af4","JERC_062.basePlot.vst","2016-08-31","vst_JERC_2016","D03","JERC","JERC_062",,"NEON.PLA.D03.JERC.03646","ok","sapling","Live",,,1.1,,,,,,,,1.1,10,,,,"cMb2B+jx12AMjNtsEA8t48GND5R87ks/","uc/Ogwu/d/aC0/FyeYgRy91eQH6E3aLH","legacyData"
"4ddbf29f-a0f2-4d6e-b88a-be581717d4cf","JERC_062.basePlot.vst","2016-08-31","vst_JERC_2016","D03","JERC","JERC_062",,"NEON.PLA.D03.JERC.03657","ok","sapling","Live",,,1.6,,,,,,,,1.1,10,,,,"cMb2B+jx12AMjNtsEA8t48GND5R87ks/","uc/Ogwu/d/aC0/FyeYgRy91eQH6E3aLH","legacyData"
"029d1fb2-916c-4734-a800-5baa08f6f2bb","JERC_062.basePlot.vst","2016-08-31","vst_JERC_2016","D03","JERC","JERC_062",,"NEON.PLA.D03.JERC.03661","ok","sapling","Live",,,1.4,,,,,,,,1.3,10,,,,"cMb2B+jx12AMjNtsEA8t48GND5R87ks/","uc/Ogwu/d/aC0/FyeYgRy91eQH6E3aLH","legacyData"
"7db19c4d-91bc-4cc2-bd86-a5c2d9b89865","JERC_062.basePlot.vst","2016-08-31","vst_JERC_2016","D03","JERC","JERC_062",,"NEON.PLA.D03.JERC.03679","ok","sapling","Live",,,1.0,,,,,,,,1.0,10,,,,"cMb2B+jx12AMjNtsEA8t48GND5R87ks/","uc/Ogwu/d/aC0/FyeYgRy91eQH6E3aLH","legacyData"
"10e1c0c8-432f-4646-b53b-e35032827b53","JERC_062.basePlot.vst","2016-08-31","vst_JERC_2016","D03","JERC","JERC_062",,"NEON.PLA.D03.JERC.03681","ok","sapling","Live",,,1.6,,,,,,,,1.2,10,,,,"cMb2B+jx12AMjNtsEA8t48GND5R87ks/","uc/Ogwu/d/aC0/FyeYgRy91eQH6E3aLH","legacyData"
"871340a7-3425-4a27-9a90-3d255eb0bbfa","JERC_062.basePlot.vst","2016-08-31","vst_JERC_2016","D03","JERC","JERC_062",,"NEON.PLA.D03.JERC.03640","ok","sapling","Live",,,1.4,,,,,,,,1.3,10,,,,"cMb2B+jx12AMjNtsEA8t48GND5R87ks/","uc/Ogwu/d/aC0/FyeYgRy91eQH6E3aLH","legacyData"
"2d2351a9-7d1b-4af4-b013-d03942957ec0","JERC_062.basePlot.vst","2016-08-31","vst_JERC_2016","D03","JERC","JERC_062",,"NEON.PLA.D03.JERC.02823","ok","small tree","Live",1.1,130,1.9,,,,,,,,,,,,,"cMb2B+jx12AMjNtsEA8t48GND5R87ks/","uc/Ogwu/d/aC0/FyeYgRy91eQH6E3aLH","legacyData"
"d7abcd68-f5c7-4189-b826-66e41e31b3f2","JERC_062.basePlot.vst","2016-08-31","vst_JERC_2016","D03","JERC","JERC_062",,"NEON.PLA.D03.JERC.03676","ok","sapling","Live",,,1.0,,,,,,,,1.0,10,,,,"cMb2B+jx12AMjNtsEA8t48GND5R87ks/","uc/Ogwu/d/aC0/FyeYgRy91eQH6E3aLH","legacyData"
"f1a3e2f9-932b-4fe4-a9ff-7022b992a23b","JERC_062.basePlot.vst","2016-08-31","vst_JERC_2016","D03","JERC","JERC_062",,"NEON.PLA.D03.JERC.03643","ok","sapling","Live",,,1.4,,,,,,,,1.2,10,,,,"cMb2B+jx12AMjNtsEA8t48GND5R87ks/","uc/Ogwu/d/aC0/FyeYgRy91eQH6E3aLH","legacyData"
"0d4bbba6-4fa0-47e4-bfa8-1f7be2c3185c","JERC_062.basePlot.vst","2016-08-31","vst_JERC_2016","D03","JERC","JERC_062",,"NEON.PLA.D03.JERC.03651","ok","sapling","Live",,,1.4,,,,,,,,1.2,10,,,,"cMb2B+jx12AMjNtsEA8t48GND5R87ks/","uc/Ogwu/d/aC0/FyeYgRy91eQH6E3aLH","legacyData"
"a5392146-d84f-435c-a812-637787e4753d","JERC_062.basePlot.vst","2016-08-31","vst_JERC_2016","D03","JERC","JERC_062",,"NEON.PLA.D03.JERC.03655","ok","sapling","Live",,,1.4,,,,,,,,1.2,10,,,,"cMb2B+jx12AMjNtsEA8t48GND5R87ks/","uc/Ogwu/d/aC0/FyeYgRy91eQH6E3aLH","legacyData"
"f89ae19e-a6db-474c-b8bd-4b30160008bc","JERC_062.basePlot.vst","2016-08-31","vst_JERC_2016","D03","JERC","JERC_062",,"NEON.PLA.D03.JERC.03683","ok","sapling","Live",,,1.3,,,,,,,,1.2,10,,,,"cMb2B+jx12AMjNtsEA8t48GND5R87ks/","uc/Ogwu/d/aC0/FyeYgRy91eQH6E3aLH","legacyData"
"268452b6-36cb-4fb7-9184-d471d6b45076","JERC_062.basePlot.vst","2016-08-31","vst_JERC_2016","D03","JERC","JERC_062",,"NEON.PLA.D03.JERC.02828","ok","sapling","Live",,,1.5,,,,,,,,1.3,10,,,,"cMb2B+jx12AMjNtsEA8t48GND5R87ks/","uc/Ogwu/d/aC0/FyeYgRy91eQH6E3aLH","legacyData"
"ed432fac-8ee8-4f41-9190-ed6e15f71336","JERC_062.basePlot.vst","2016-08-31","vst_JERC_2016","D03","JERC","JERC_062",,"NEON.PLA.D03.JERC.02844","ok","small tree","Live",2.4,130,2.3,,,,,,,,,,,,,"cMb2B+jx12AMjNtsEA8t48GND5R87ks/","uc/Ogwu/d/aC0/FyeYgRy91eQH6E3aLH","legacyData"
"546243dc-e051-400b-998c-d90772b6cf50","JERC_062.basePlot.vst","2016-08-31","vst_JERC_2016","D03","JERC","JERC_062",,"NEON.PLA.D03.JERC.03641","ok","sapling","Live",,,1.4,,,,,,,,1.1,10,,,,"cMb2B+jx12AMjNtsEA8t48GND5R87ks/","uc/Ogwu/d/aC0/FyeYgRy91eQH6E3aLH","legacyData"
"5d91727e-b11c-4927-8c1e-5ab0838173b0","JERC_062.basePlot.vst","2016-08-31","vst_JERC_2016","D03","JERC","JERC_062",,"NEON.PLA.D03.JERC.03686","ok","sapling","Live",,,1.2,,,,,,,,1.1,10,,,,"cMb2B+jx12AMjNtsEA8t48GND5R87ks/","uc/Ogwu/d/aC0/FyeYgRy91eQH6E3aLH","legacyData"
"b2fc94be-bbec-4695-9e97-3543bde7ec01","JERC_062.basePlot.vst","2016-08-31","vst_JERC_2016","D03","JERC","JERC_062",,"NEON.PLA.D03.JERC.03639","ok","sapling","Live",,,1.7,,,,,,,,1.1,10,,,,"cMb2B+jx12AMjNtsEA8t48GND5R87ks/","uc/Ogwu/d/aC0/FyeYgRy91eQH6E3aLH","legacyData"
"04654679-2eef-430d-8b69-43c01dbb161d","JERC_062.basePlot.vst","2016-08-31","vst_JERC_2016","D03","JERC","JERC_062",,"NEON.PLA.D03.JERC.02714","ok","single bole tree","Live",11.5,130,7.3,,,,,,,,,,,,,"cMb2B+jx12AMjNtsEA8t48GND5R87ks/","uc/Ogwu/d/aC0/FyeYgRy91eQH6E3aLH","legacyData"
"6d0f82e5-5f13-4507-817d-f0b7b0b83060","JERC_062.basePlot.vst","2016-08-31","vst_JERC_2016","D03","JERC","JERC_062",,"NEON.PLA.D03.JERC.03648","ok","sapling","Live",,,1.4,,,,,,,,1.1,10,,,,"cMb2B+jx12AMjNtsEA8t48GND5R87ks/","uc/Ogwu/d/aC0/FyeYgRy91eQH6E3aLH","legacyData"
"8bf41e93-da33-4d5d-8b1d-c75185a67427","JERC_062.basePlot.vst","2016-08-31","vst_JERC_2016","D03","JERC","JERC_062",,"NEON.PLA.D03.JERC.03685","ok","sapling","Live",,,1.6,,,,,,,,1.4,10,,,,"cMb2B+jx12AMjNtsEA8t48GND5R87ks/","uc/Ogwu/d/aC0/FyeYgRy91eQH6E3aLH","legacyData"
"b0550efb-cd1e-4cbc-ad38-9d3730e7250a","JERC_062.basePlot.vst","2016-08-31","vst_JERC_2016","D03","JERC","JERC_062",,"NEON.PLA.D03.JERC.05004","ok","sapling","Live",,,0.5,,,,,,,,2.0,10,,,,"cMb2B+jx12AMjNtsEA8t48GND5R87ks/","uc/Ogwu/d/aC0/FyeYgRy91eQH6E3aLH","legacyData"
"f33b5f31-0311-4550-b1c7-3ba2009b8e24","JERC_062.basePlot.vst","2016-08-31","vst_JERC_2016","D03","JERC","JERC_062",,"NEON.PLA.D03.JERC.02825","ok","sapling","Live",,,1.1,,,,,,,,1.1,10,,,,"cMb2B+jx12AMjNtsEA8t48GND5R87ks/","uc/Ogwu/d/aC0/FyeYgRy91eQH6E3aLH","legacyData"
"608c2255-8ba7-49fd-ad2b-7772364f6a45","JERC_062.basePlot.vst","2016-08-31","vst_JERC_2016","D03","JERC","JERC_062",,"NEON.PLA.D03.JERC.03656","ok","sapling","Live",,,1.6,,,,,,,,1.2,10,,,,"cMb2B+jx12AMjNtsEA8t48GND5R87ks/","uc/Ogwu/d/aC0/FyeYgRy91eQH6E3aLH","legacyData"
"0b5665cf-4ad5-4bdb-93e3-057753f52671","JERC_062.basePlot.vst","2016-08-31","vst_JERC_2016","D03","JERC","JERC_062",,"NEON.PLA.D03.JERC.03674","ok","sapling","Live",,,1.3,,,,,,,,1.2,10,,,,"cMb2B+jx12AMjNtsEA8t48GND5R87ks/","uc/Ogwu/d/aC0/FyeYgRy91eQH6E3aLH","legacyData"
"1c9a48e5-5e27-4093-953a-23df6a05828d","JERC_062.basePlot.vst","2016-08-31","vst_JERC_2016","D03","JERC","JERC_062",,"NEON.PLA.D03.JERC.02826","ok",,"No longer qualifies",,,,,,,,,,,,,,,,"cMb2B+jx12AMjNtsEA8t48GND5R87ks/","uc/Ogwu/d/aC0/FyeYgRy91eQH6E3aLH","legacyData"
"d90e6387-aa3c-42e4-999b-95a94c8a2e63","JERC_062.basePlot.vst","2016-08-31","vst_JERC_2016","D03","JERC","JERC_062",,"NEON.PLA.D03.JERC.02707","ok","single bole tree","Live",40.3,130,25.6,,,,,,,,,,,,,"cMb2B+jx12AMjNtsEA8t48GND5R87ks/","uc/Ogwu/d/aC0/FyeYgRy91eQH6E3aLH","legacyData"
"86436e22-f099-4775-b7a0-e7c4b5d79d48","JERC_062.basePlot.vst","2016-08-31","vst_JERC_2016","D03","JERC","JERC_062",,"NEON.PLA.D03.JERC.03645","ok","sapling","Live",,,1.3,,,,,,,,1.2,10,,,,"cMb2B+jx12AMjNtsEA8t48GND5R87ks/","uc/Ogwu/d/aC0/FyeYgRy91eQH6E3aLH","legacyData"
"05e1b89e-5f1e-4c9c-8970-062850cc3c30","JERC_062.basePlot.vst","2016-08-31","vst_JERC_2016","D03","JERC","JERC_062",,"NEON.PLA.D03.JERC.03658","ok","sapling","Live",,,1.0,,,,,,,,1.1,10,,,,"cMb2B+jx12AMjNtsEA8t48GND5R87ks/","uc/Ogwu/d/aC0/FyeYgRy91eQH6E3aLH","legacyData"
"a03a8892-100a-4c51-9d2a-637983c41b68","JERC_062.basePlot.vst","2016-08-31","vst_JERC_2016","D03","JERC","JERC_062",,"NEON.PLA.D03.JERC.03675","ok","sapling","Live",,,1.2,,,,,,,,1.4,10,,,,"cMb2B+jx12AMjNtsEA8t48GND5R87ks/","uc/Ogwu/d/aC0/FyeYgRy91eQH6E3aLH","legacyData"
"f2170d42-34c0-46cd-b961-4cbea6350d72","JERC_062.basePlot.vst","2016-08-31","vst_JERC_2016","D03","JERC","JERC_062",,"NEON.PLA.D03.JERC.02712","ok","single bole tree","Live",43.3,130,15.3,,,,,,,,,,,,,"cMb2B+jx12AMjNtsEA8t48GND5R87ks/","uc/Ogwu/d/aC0/FyeYgRy91eQH6E3aLH","legacyData"
"37764fdf-9c40-43a3-972d-98c3acde59f3","JERC_062.basePlot.vst","2016-08-31","vst_JERC_2016","D03","JERC","JERC_062",,"NEON.PLA.D03.JERC.02855","ok","sapling","Live",,,0.9,,,,,,,,3.2,10,,,,"cMb2B+jx12AMjNtsEA8t48GND5R87ks/","uc/Ogwu/d/aC0/FyeYgRy91eQH6E3aLH","legacyData"
"d61c2e29-a2eb-4bd3-9a23-f8f3821e8f1c","JERC_062.basePlot.vst","2016-08-31","vst_JERC_2016","D03","JERC","JERC_062",,"NEON.PLA.D03.JERC.05003","ok","sapling","Live",,,1.4,,,,,,,,1.1,10,,,"3rd stem","cMb2B+jx12AMjNtsEA8t48GND5R87ks/","uc/Ogwu/d/aC0/FyeYgRy91eQH6E3aLH","legacyData"
"c9df6658-3b53-465f-adaa-6b48aa6f7b95","JERC_062.basePlot.vst","2016-08-31","vst_JERC_2016","D03","JERC","JERC_062",,"NEON.PLA.D03.JERC.03665","ok","sapling","Live",,,1.6,,,,,,,,1.5,10,,,,"cMb2B+jx12AMjNtsEA8t48GND5R87ks/","uc/Ogwu/d/aC0/FyeYgRy91eQH6E3aLH","legacyData"
"953895d4-51e4-4ff1-bf63-d52b74a3f9a9","JERC_062.basePlot.vst","2016-08-31","vst_JERC_2016","D03","JERC","JERC_062",,"NEON.PLA.D03.JERC.03638","ok","sapling","Live",,,1.8,,,,,,,,1.4,10,,,,"cMb2B+jx12AMjNtsEA8t48GND5R87ks/","uc/Ogwu/d/aC0/FyeYgRy91eQH6E3aLH","legacyData"
"7869c1ad-d1bd-4668-a147-153894ab3e43","JERC_062.basePlot.vst","2016-08-31","vst_JERC_2016","D03","JERC","JERC_062",,"NEON.PLA.D03.JERC.03654","ok","sapling","Live",,,1.2,,,,,,,,1.1,10,,,,"cMb2B+jx12AMjNtsEA8t48GND5R87ks/","uc/Ogwu/d/aC0/FyeYgRy91eQH6E3aLH","legacyData"
