uid,namedLocation,date,eventID,domainID,siteID,plotID,subplotID,individualID,tagStatus,growthForm,plantStatus,stemDiameter,measurementHeight,height,baseCrownHeight,breakHeight,breakDiameter,maxCrownDiameter,ninetyCrownDiameter,canopyPosition,shape,basalStemDiameter,basalStemDiameterMsrmntHeight,maxBaseCrownDiameter,ninetyBaseCrownDiameter,remarks,recordedBy,measuredBy,dataQF
"5b12b134-55f5-4f7e-9ca3-12ff4cc5c9a0","WOOD_070.basePlot.vst","2014-09-23","vst_WOOD_2014","D09","WOOD","WOOD_070",,"NEON.PLA.D09.WOOD.00002",,"small shrub","Live",1.3,10,1.1,,,,0.4,0.2,,"cylinder",,,,,,,,"legacyData"
"eb8ede3c-4cc2-483e-a625-dfc6d80cd327","WOOD_070.basePlot.vst","2014-09-23","vst_WOOD_2014","D09","WOOD","WOOD_070",,"NEON.PLA.D09.WOOD.00001",,"sapling","Live",1.1,10,1.1,,,,,,,,,,,,"No Transcription Errors Found",,,"legacyData"
"b41f1916-a213-460f-914c-2ffeff1ef8f1","WOOD_070.basePlot.vst","2014-09-23","vst_WOOD_2014","D09","WOOD","WOOD_070",,"NEON.PLA.D09.WOOD.00004",,"sapling","Standing dead",1.1,10,1.1,,,,,,,,,,,,"Individual had another primary stem that has broken off",,,"legacyData"
"d2e482c8-783f-4c26-ab92-a907b2ad6338","WOOD_070.basePlot.vst","2014-09-23","vst_WOOD_2014","D09","WOOD","WOOD_070",,"NEON.PLA.D09.WOOD.00005",,"sapling","Standing dead",1.2,10,0.9,,,,,,,,,,,,,,,"legacyData"
"6474a135-ce18-4b02-974b-d5bccc7887c4","WOOD_070.basePlot.vst","2014-09-23","vst_WOOD_2014","D09","WOOD","WOOD_070",,"NEON.PLA.D09.WOOD.00003",,"sapling","Live",1.3,10,1.1,,,,,,,,,,,,,,,"legacyData"
"b9d0db96-1adb-4d2a-ba6f-12e3ffd710a2","WOOD_057.basePlot.vst","2014-09-24","vst_WOOD_2014","D09","WOOD","WOOD_057",,"NEON.PLA.D09.WOOD.00073",,"sapling","Standing dead",1.4,10,1.0,,,,,,,,,,,,"No Transcription Errors Found",,,"legacyData"
"cde0c554-7542-457e-bfcb-43df4c0d2c49","WOOD_057.basePlot.vst","2014-09-24","vst_WOOD_2014","D09","WOOD","WOOD_057",,"NEON.PLA.D09.WOOD.00088",,"sapling","Live",1.1,10,1.1,,,,0.3,0.3,,"inverted cone",,,0.50,0.01,,,,"legacyData"
"71831e91-2331-465d-85d5-adecd1d1da21","WOOD_057.basePlot.vst","2014-09-24","vst_WOOD_2014","D09","WOOD","WOOD_057",,"NEON.PLA.D09.WOOD.00095",,"sapling","Live",1.0,10,1.0,,,,,,,,,,,,,,,"legacyData"
"76b8201b-98f7-4fb7-837e-2a059c73db09","WOOD_057.basePlot.vst","2014-09-24","vst_WOOD_2014","D09","WOOD","WOOD_057",,"NEON.PLA.D09.WOOD.00025",,"small shrub","Live",1.3,10,0.9,,,,0.6,0.4,,"inverted cone",,,0.05,0.05,,,,"legacyData"
"ea696803-055d-424d-8de6-aee3582b54b0","WOOD_057.basePlot.vst","2014-09-24","vst_WOOD_2014","D09","WOOD","WOOD_057",,"NEON.PLA.D09.WOOD.00075",,"sapling","Standing dead",1.1,10,0.9,,,,,,,,,,,,,,,"legacyData"
"f09a10a9-a793-4802-84d2-04c8d35551c6","WOOD_057.basePlot.vst","2014-09-24","vst_WOOD_2014","D09","WOOD","WOOD_057",,"NEON.PLA.D09.WOOD.00092",,"sapling","Live",1.2,10,1.0,,,,,,,,,,,,,,,"legacyData"
"46501032-6645-4a21-97a9-f65176bf74ca","WOOD_057.basePlot.vst","2014-09-24","vst_WOOD_2014","D09","WOOD","WOOD_057",,"NEON.PLA.D09.WOOD.00089",,"sapling","Standing dead",1.3,10,0.8,,,,,,,,,,,,,,,"legacyData"
"b8c293df-c2a9-4548-98e1-6e7ec16c6c2f","WOOD_057.basePlot.vst","2014-09-24","vst_WOOD_2014","D09","WOOD","WOOD_057",,"NEON.PLA.D09.WOOD.00042",,"sapling","Standing dead",1.1,10,0.7,,,,,,,,,,,,"No Transcription Errors Found",,,"legacyData"
"344bb5a2-207d-4c82-8c15-3bebd40cf979","WOOD_057.basePlot.vst","2014-09-24","vst_WOOD_2014","D09","WOOD","WOOD_057",,"NEON.PLA.D09.WOOD.00066",,"sapling","Live",1.3,10,1.3,,,,,,,,,,,,,,,"legacyData"
"16aca52a-7f08-466f-9373-7d5a4680a00f","WOOD_057.basePlot.vst","2014-09-24","vst_WOOD_2014","D09","WOOD","WOOD_057",,"NEON.PLA.D09.WOOD.00031",,"small shrub","Live",1.2,10,0.8,,,,0.9,0.2,,"oblate half-sphere",,,,,,,,"legacyData"
"c3ad6b36-be33-4ec6-ac23-5fdb13f20c4a","WOOD_057.basePlot.vst","2014-09-24","vst_WOOD_2014","D09","WOOD","WOOD_057",,"NEON.PLA.D09.WOOD.00038",,"sapling","Standing dead",1.8,10,0.9,,,,,,,,,,,,"Dead stem loosely rooted to ground",,,"legacyData"
"24e65e6e-01dc-4a32-b291-67975053057a","WOOD_057.basePlot.vst","2014-09-24","vst_WOOD_2014","D09","WOOD","WOOD_057",,"NEON.PLA.D09.WOOD.00068",,"sapling","Live",1.9,10,1.6,,,,,,,,,,,,,,,"legacyData"
"63a43fb0-c832-41eb-881d-240736fe05c5","WOOD_057.basePlot.vst","2014-09-24","vst_WOOD_2014","D09","WOOD","WOOD_057",,"NEON.PLA.D09.WOOD.00012",,"small shrub","Standing dead",1.2,10,0.5,,,,0.4,0.2,,"inverted cone",,,0.10,0.05,"Qualifying stem is dead, second stem alive but not qualifying, No Transcription Errors Found",,,"legacyData"
"c2a1e45f-d5cd-466c-80b8-dbe676c62dd4","WOOD_057.basePlot.vst","2014-09-24","vst_WOOD_2014","D09","WOOD","WOOD_057",,"NEON.PLA.D09.WOOD.00043",,"small shrub","Live",1.2,10,1.1,,,,0.8,0.7,,"inverted cone",,,0.08,0.10,"Multiple qualifying stems",,,"legacyData"
"9d8cd4c7-bbb0-4694-bcc2-bebc7bf4993f","WOOD_057.basePlot.vst","2014-09-24","vst_WOOD_2014","D09","WOOD","WOOD_057",,"NEON.PLA.D09.WOOD.00065",,"sapling","Standing dead",1.0,10,0.7,,,,,,,,,,,,,,,"legacyData"
"d3a07053-a4ad-4b93-b3dd-e3e2bedebc00","WOOD_057.basePlot.vst","2014-09-24","vst_WOOD_2014","D09","WOOD","WOOD_057",,"NEON.PLA.D09.WOOD.00022",,"sapling","Live",1.1,10,0.9,,,,,,,,,,,,,,,"legacyData"
"f89b9196-b670-4d98-a445-e08d366be905","WOOD_057.basePlot.vst","2014-09-24","vst_WOOD_2014","D09","WOOD","WOOD_057",,"NEON.PLA.D09.WOOD.00046",,"small shrub","Standing dead",1.0,10,0.4,,,,0.3,0.3,,"inverted cone",,,0.05,0.10,"No transcription errors found",,,"legacyData"
"bb3cc6af-df94-42cf-a78b-438cb6cf4dc1","WOOD_057.basePlot.vst","2014-09-24","vst_WOOD_2014","D09","WOOD","WOOD_057",,"NEON.PLA.D09.WOOD.00045",,"sapling","Live",1.1,10,0.9,,,,,,,,,,,,,,,"legacyData"
"d32da165-32e3-4fb7-bd08-a4d0cdeed472","WOOD_057.basePlot.vst","2014-09-24","vst_WOOD_2014","D09","WOOD","WOOD_057",,"NEON.PLA.D09.WOOD.00054",,"sapling","Live",1.3,10,1.0,,,,,,,,,,,,,,,"legacyData"
"e757eccd-2e2f-4bbe-a41a-6c0cc8da867e","WOOD_057.basePlot.vst","2014-09-24","vst_WOOD_2014","D09","WOOD","WOOD_057",,"NEON.PLA.D09.WOOD.00098",,"sapling","Live",1.1,10,0.9,,,,,,,,,,,,,,,"legacyData"
"cc7fa943-8ea9-4d6c-9a5b-9e2f4297255e","WOOD_057.basePlot.vst","2014-09-24","vst_WOOD_2014","D09","WOOD","WOOD_057",,"NEON.PLA.D09.WOOD.00013",,"sapling","Live",1.0,10,0.8,,,,,,,,,,,,,,,"legacyData"
"0b085cbe-48c4-4720-9094-3edaaf7132ff","WOOD_057.basePlot.vst","2014-09-24","vst_WOOD_2014","D09","WOOD","WOOD_057",,"NEON.PLA.D09.WOOD.00047",,"small shrub","Standing dead",1.0,10,0.5,,,,0.3,0.1,,"inverted cone",,,0.06,0.10,"Only qualifying stem is dead, others are alive and do not qualify",,,"legacyData"
"1f8d3c1b-5263-4450-b71a-ce80c8913f56","WOOD_057.basePlot.vst","2014-09-24","vst_WOOD_2014","D09","WOOD","WOOD_057",,"NEON.PLA.D09.WOOD.00055",,"small shrub","Live",1.1,10,1.0,,,,0.5,0.3,,"inverted cone",,,0.10,0.10,,,,"legacyData"
"ed58e76b-e898-4bf3-8c48-11edae12cd2b","WOOD_057.basePlot.vst","2014-09-24","vst_WOOD_2014","D09","WOOD","WOOD_057",,"NEON.PLA.D09.WOOD.00010",,"small shrub","Standing dead",1.1,10,0.6,,,,,,,,,,,,"No canopy, stem dead",,,"legacyData"
"af83209f-da28-4306-81e7-c00fe9428af9","WOOD_057.basePlot.vst","2014-09-24","vst_WOOD_2014","D09","WOOD","WOOD_057",,"NEON.PLA.D09.WOOD.00071",,"small shrub","Standing dead",1.2,10,0.7,,,,0.3,0.3,,"inverted cone",,,0.05,0.05,"Only one qualifying stem, other stems alive",,,"legacyData"
"9e51a43a-d07e-4ef7-864e-f98e1cc8d4d2","WOOD_057.basePlot.vst","2014-09-24","vst_WOOD_2014","D09","WOOD","WOOD_057",,"NEON.PLA.D09.WOOD.00037",,"sapling","Live",1.0,10,0.9,,,,,,,,,,,,,,,"legacyData"
"f2ec202a-b9f9-4625-a1c5-3b0a988e7dfa","WOOD_057.basePlot.vst","2014-09-24","vst_WOOD_2014","D09","WOOD","WOOD_057",,"NEON.PLA.D09.WOOD.00023",,"small shrub","Standing dead",1.4,10,0.8,,,,0.4,0.4,,"cylinder",,,,,"Primary stem is dead, no other qualifying stems, No Transcription Errors Found",,,"legacyData"
"68ff5af1-3cc9-4e77-a270-fcdfb31dc755","WOOD_057.basePlot.vst","2014-09-24","vst_WOOD_2014","D09","WOOD","WOOD_057",,"NEON.PLA.D09.WOOD.00084",,"sapling","Live",1.3,10,1.3,,,,,,,,,,,,,,,"legacyData"
"ccf4841a-6afa-4884-be4d-bd65ebead14d","WOOD_057.basePlot.vst","2014-09-24","vst_WOOD_2014","D09","WOOD","WOOD_057",,"NEON.PLA.D09.WOOD.00102",,"sapling","Live",1.5,10,0.9,,,,,,,,,,,,,,,"legacyData"
"92408529-0456-48c6-a535-0140fd7efeb7","WOOD_057.basePlot.vst","2014-09-24","vst_WOOD_2014","D09","WOOD","WOOD_057",,"NEON.PLA.D09.WOOD.00091",,"sapling","Live",1.2,10,1.1,,,,,,,,,,,,,,,"legacyData"
"d652c109-b268-4b57-8df6-9f49b892f9a9","WOOD_057.basePlot.vst","2014-09-24","vst_WOOD_2014","D09","WOOD","WOOD_057",,"NEON.PLA.D09.WOOD.00048",,"sapling","Live",1.2,10,0.9,,,,,,,,,,,,,,,"legacyData"
"9f7fea33-fcbb-482b-aacf-843d503a4317","WOOD_057.basePlot.vst","2014-09-24","vst_WOOD_2014","D09","WOOD","WOOD_057",,"NEON.PLA.D09.WOOD.00024",,"sapling","Live",1.2,10,1.1,,,,,,,,,,,,"Other primary stem does not qualify",,,"legacyData"
"5899a07c-5af0-439f-9e39-19fda1bd16e9","WOOD_057.basePlot.vst","2014-09-24","vst_WOOD_2014","D09","WOOD","WOOD_057",,"NEON.PLA.D09.WOOD.00057",,"sapling","Live",1.0,10,0.8,,,,,,,,,,,,,,,"legacyData"
"d11925a5-04d4-4d6b-a0a4-454b8ce0b541","WOOD_057.basePlot.vst","2014-09-24","vst_WOOD_2014","D09","WOOD","WOOD_057",,"NEON.PLA.D09.WOOD.00107",,"sapling","Live",1.2,10,0.9,,,,,,,,,,,,,,,"legacyData"
"735139ca-39b0-43f7-9c3a-81bd433fe34c","WOOD_057.basePlot.vst","2014-09-24","vst_WOOD_2014","D09","WOOD","WOOD_057",,"NEON.PLA.D09.WOOD.00077",,"sapling","Live",1.8,10,1.3,,,,,,,,,,,,,,,"legacyData"
"314b4dd3-5652-40b7-9e19-0092f44c4b8e","WOOD_057.basePlot.vst","2014-09-24","vst_WOOD_2014","D09","WOOD","WOOD_057",,"NEON.PLA.D09.WOOD.00009",,"small shrub","Live",1.4,10,0.8,,,,0.4,0.4,,"cylinder",,,,,,,,"legacyData"
"027356e7-9023-4f80-bf58-6d4c7c817a73","WOOD_057.basePlot.vst","2014-09-24","vst_WOOD_2014","D09","WOOD","WOOD_057",,"NEON.PLA.D09.WOOD.00101",,"sapling","Live",1.1,10,1.0,,,,,,,,,,,,,,,"legacyData"
"3a1f8975-ca02-45e5-a5ea-7757a6f0760d","WOOD_057.basePlot.vst","2014-09-24","vst_WOOD_2014","D09","WOOD","WOOD_057",,"NEON.PLA.D09.WOOD.00033",,"small shrub","Live",1.1,10,0.9,,,,0.4,0.3,,"inverted cone",,,0.10,0.10,,,,"legacyData"
"365c3e9b-6cb3-4fe2-b415-bdc3e39d783c","WOOD_057.basePlot.vst","2014-09-24","vst_WOOD_2014","D09","WOOD","WOOD_057",,"NEON.PLA.D09.WOOD.00017",,"sapling","Standing dead",1.5,10,0.5,,,,,,,,,,,,"Single dead stem, no canopy, loosely rooted in ground",,,"legacyData"
"9867f721-f504-4df0-a109-528244a11c55","WOOD_057.basePlot.vst","2014-09-24","vst_WOOD_2014","D09","WOOD","WOOD_057",,"NEON.PLA.D09.WOOD.00085",,"sapling","Live",1.6,10,1.3,,,,,,,,,,,,,,,"legacyData"
"f752e7b9-f5a1-4d5e-b600-4d4857fa6e7d","WOOD_057.basePlot.vst","2014-09-24","vst_WOOD_2014","D09","WOOD","WOOD_057",,"NEON.PLA.D09.WOOD.00044",,"small shrub","Standing dead",1.0,10,0.6,,,,0.2,0.1,,"cylinder",,,,,"Second primary stem does not qualify",,,"legacyData"
"a8cba48f-c57a-4d78-b4b2-f4fea3209c30","WOOD_057.basePlot.vst","2014-09-24","vst_WOOD_2014","D09","WOOD","WOOD_057",,"NEON.PLA.D09.WOOD.00036",,"sapling","Live",1.1,10,1.0,,,,,,,,,,,,,,,"legacyData"
"932df7ec-a72a-4a09-86d0-50d6378ebc44","WOOD_057.basePlot.vst","2014-09-24","vst_WOOD_2014","D09","WOOD","WOOD_057",,"NEON.PLA.D09.WOOD.00067",,"sapling","Live",2.1,10,1.5,,,,,,,,,,,,,,,"legacyData"
"bc1ca135-6b0a-439c-94da-26b8745cc633","WOOD_057.basePlot.vst","2014-09-24","vst_WOOD_2014","D09","WOOD","WOOD_057",,"NEON.PLA.D09.WOOD.00053",,"sapling","Live",1.1,10,0.8,,,,,,,,,,,,,,,"legacyData"
"dfc9ee4d-ecaf-4a13-b43f-a6015ae1d40c","WOOD_057.basePlot.vst","2014-09-24","vst_WOOD_2014","D09","WOOD","WOOD_057",,"NEON.PLA.D09.WOOD.00074",,"sapling","Live",1.2,10,1.2,,,,,,,,,,,,,,,"legacyData"
"a6409a94-99c0-4436-b781-1de689a565d9","WOOD_057.basePlot.vst","2014-09-24","vst_WOOD_2014","D09","WOOD","WOOD_057",,"NEON.PLA.D09.WOOD.00052",,"small shrub","Live",1.1,10,0.8,,,,0.4,0.2,,"inverted cone",,,0.05,0.10,,,,"legacyData"
"016e1e59-d8da-4a57-8992-e0e7f8d73a5d","WOOD_057.basePlot.vst","2014-09-24","vst_WOOD_2014","D09","WOOD","WOOD_057",,"NEON.PLA.D09.WOOD.00056",,"small shrub","Live",1.1,10,1.0,,,,0.4,0.3,,"inverted cone",,,0.10,0.10,,,,"legacyData"
"f754dc9d-c8d2-4676-ad21-ae9320084f5f","WOOD_057.basePlot.vst","2014-09-24","vst_WOOD_2014","D09","WOOD","WOOD_057",,"NEON.PLA.D09.WOOD.00050",,"small shrub","Live",1.1,10,0.9,,,,0.4,0.3,,"inverted cone",,,0.05,0.10,,,,"legacyData"
"597422ee-a35b-4739-8caa-4f78bcfd36c6","WOOD_057.basePlot.vst","2014-09-24","vst_WOOD_2014","D09","WOOD","WOOD_057",,"NEON.PLA.D09.WOOD.00086",,"sapling","Live",1.6,10,1.2,,,,,,,,,,,,,,,"legacyData"
"7c5fadcf-33bc-4c28-bbf3-bd44d8613a08","WOOD_057.basePlot.vst","2014-09-24","vst_WOOD_2014","D09","WOOD","WOOD_057",,"NEON.PLA.D09.WOOD.00027",,"sapling","Live",1.3,10,0.9,,,,,,,,,,,,,,,"legacyData"
"c814bbc0-45f5-41b5-bddd-5e2b8d3dd871","WOOD_057.basePlot.vst","2014-09-24","vst_WOOD_2014","D09","WOOD","WOOD_057",,"NEON.PLA.D09.WOOD.00096",,"sapling","Standing dead",1.2,10,0.8,,,,,,,,,,,,,,,"legacyData"
"3dc290ae-b9d8-4dea-8829-7b49b833ecdd","WOOD_057.basePlot.vst","2014-09-24","vst_WOOD_2014","D09","WOOD","WOOD_057",,"NEON.PLA.D09.WOOD.00016",,"small shrub","Live",1.2,10,0.8,,,,0.6,0.4,,"inverted cone",,,0.11,0.05,"Multiple stems, only one qualifying",,,"legacyData"
"af7bece0-d773-4c50-9d67-5619529ad34f","WOOD_057.basePlot.vst","2014-09-24","vst_WOOD_2014","D09","WOOD","WOOD_057",,"NEON.PLA.D09.WOOD.00061",,"sapling","Live",1.5,10,1.1,,,,,,,,,,,,,,,"legacyData"
"92e36ad3-df34-4036-97f3-4d9018dbb6dc","WOOD_057.basePlot.vst","2014-09-24","vst_WOOD_2014","D09","WOOD","WOOD_057",,"NEON.PLA.D09.WOOD.00034",,"sapling","Live",1.2,10,0.9,,,,,,,,,,,,,,,"legacyData"
"f85612f9-7671-4c3d-87eb-02789d1a46c1","WOOD_057.basePlot.vst","2014-09-24","vst_WOOD_2014","D09","WOOD","WOOD_057",,"NEON.PLA.D09.WOOD.00108",,"sapling","Standing dead",1.4,10,0.5,,,,,,,,,,,,,,,"legacyData"
"27438ac0-8254-4ce1-b3e7-aa3c3caa6e68","WOOD_057.basePlot.vst","2014-09-24","vst_WOOD_2014","D09","WOOD","WOOD_057",,"NEON.PLA.D09.WOOD.00021",,"sapling","Live",1.1,10,0.9,,,,,,,,,,,,,,,"legacyData"
"d3c01ba8-ba04-4201-b575-978ca61f0a54","WOOD_057.basePlot.vst","2014-09-24","vst_WOOD_2014","D09","WOOD","WOOD_057",,"NEON.PLA.D09.WOOD.00014",,"sapling","Live",1.1,10,0.9,,,,,,,,,,,,,,,"legacyData"
"d490875e-0339-4b75-b002-2d118d4b2294","WOOD_057.basePlot.vst","2014-09-24","vst_WOOD_2014","D09","WOOD","WOOD_057",,"NEON.PLA.D09.WOOD.00100",,"sapling","Live",1.2,10,1.0,,,,,,,,,,,,,,,"legacyData"
"3ee3c0a2-0662-4908-855b-3e55ac7198c5","WOOD_057.basePlot.vst","2014-09-24","vst_WOOD_2014","D09","WOOD","WOOD_057",,"NEON.PLA.D09.WOOD.00026",,"small shrub","Live",1.2,10,0.3,,,,1.0,0.4,,"inverted cone",,,0.20,0.15,,,,"legacyData"
"19407136-9ca1-46b8-b5c9-3f35bd728dae","WOOD_057.basePlot.vst","2014-09-24","vst_WOOD_2014","D09","WOOD","WOOD_057",,"NEON.PLA.D09.WOOD.00019",,"sapling","Live",1.0,10,0.8,,,,,,,,,,,,,,,"legacyData"
"45fa1cd3-9ebb-4325-acef-df0f71cfb2b0","WOOD_057.basePlot.vst","2014-09-24","vst_WOOD_2014","D09","WOOD","WOOD_057",,"NEON.PLA.D09.WOOD.00064",,"sapling","Standing dead",1.2,10,0.9,,,,,,,,,,,,,,,"legacyData"
"bc770c4a-945a-42c3-a2f7-63b9f17c4bb1","WOOD_057.basePlot.vst","2014-09-24","vst_WOOD_2014","D09","WOOD","WOOD_057",,"NEON.PLA.D09.WOOD.00083",,"sapling","Live",1.5,10,1.2,,,,,,,,,,,,,,,"legacyData"
"cf0039d1-ddd6-4813-8d43-75c94083cd89","WOOD_057.basePlot.vst","2014-09-24","vst_WOOD_2014","D09","WOOD","WOOD_057",,"NEON.PLA.D09.WOOD.00090",,"sapling","Live",1.3,10,1.1,,,,0.5,0.4,,"cylinder",,,,,,,,"legacyData"
"a6c8f807-bf44-4a5e-8569-2b5ffc8b3f81","WOOD_057.basePlot.vst","2014-09-24","vst_WOOD_2014","D09","WOOD","WOOD_057",,"NEON.PLA.D09.WOOD.00051",,"sapling","Live",1.0,10,1.1,,,,,,,,,,,,,,,"legacyData"
"9f9839d8-8cf0-4927-929c-7e8152ba5bce","WOOD_057.basePlot.vst","2014-09-24","vst_WOOD_2014","D09","WOOD","WOOD_057",,"NEON.PLA.D09.WOOD.00040",,"small shrub","Live",1.3,10,0.7,,,,0.6,0.3,,"cylinder",,,,,"Only one qualifying stem",,,"legacyData"
"255bb61b-a412-4f2a-95fc-37762661ff84","WOOD_057.basePlot.vst","2014-09-24","vst_WOOD_2014","D09","WOOD","WOOD_057",,"NEON.PLA.D09.WOOD.00039",,"sapling","Live",1.0,10,1.0,,,,,,,,,,,,,,,"legacyData"
"280e5a5f-e424-4f4f-a2aa-56257099d77e","WOOD_057.basePlot.vst","2014-09-24","vst_WOOD_2014","D09","WOOD","WOOD_057",,"NEON.PLA.D09.WOOD.00078",,"sapling","Live",2.2,10,1.7,,,,,,,,,,,,,,,"legacyData"
"8a146db8-2ce1-4df2-8379-e4d64b4a6ba2","WOOD_071.basePlot.vst","2014-09-24","vst_WOOD_2014","D09","WOOD","WOOD_071",,"NEON.PLA.D09.WOOD.00007",,"sapling","Live",1.2,10,1.4,,,,,,,,,,,,"No Transcription Errors Found",,,"legacyData"
"fbaaa1fc-7185-47ac-82f2-01a0e34d4f6b","WOOD_071.basePlot.vst","2014-09-24","vst_WOOD_2014","D09","WOOD","WOOD_071",,"NEON.PLA.D09.WOOD.00008",,"sapling","Live",1.0,10,1.1,,,,,,,,,,,,"No Transcription Errors Found",,,"legacyData"
"184fb436-7b37-424c-8fa6-22703cf88235","WOOD_071.basePlot.vst","2014-09-24","vst_WOOD_2014","D09","WOOD","WOOD_071",,"NEON.PLA.D09.WOOD.00006",,"sapling","Standing dead",1.0,10,0.5,,,,,,,,,,,,"No Transcription Errors Found",,,"legacyData"
"a0c11d8e-44db-4775-8413-89669be4a6e2","WOOD_057.basePlot.vst","2014-09-24","vst_WOOD_2014","D09","WOOD","WOOD_057",,"NEON.PLA.D09.WOOD.00060",,"sapling","Standing dead",1.2,10,1.0,,,,,,,,,,,,"No transcription errors found",,,"legacyData"
"ab02dc5a-34c6-453b-b49c-8f1c3f7bb92b","WOOD_057.basePlot.vst","2014-09-24","vst_WOOD_2014","D09","WOOD","WOOD_057",,"NEON.PLA.D09.WOOD.00093",,"sapling","Standing dead",1.6,10,1.0,,,,,,,,,,,,,,,"legacyData"
"eff08ae1-a19f-4ec3-9cef-b6facfbb892b","WOOD_057.basePlot.vst","2014-09-24","vst_WOOD_2014","D09","WOOD","WOOD_057",,"NEON.PLA.D09.WOOD.00041",,"small shrub","Live",1.1,10,0.8,,,,0.5,0.4,,"cylinder",,,,,"Only one qualifying stem",,,"legacyData"
"b5660b09-31a5-4edd-af64-efcfc0f600ac","WOOD_057.basePlot.vst","2014-09-24","vst_WOOD_2014","D09","WOOD","WOOD_057",,"NEON.PLA.D09.WOOD.00076",,"sapling","Standing dead",1.0,10,0.9,,,,,,,,,,,,,,,"legacyData"
"18507569-0a8d-4c6e-a901-df72ad869d32","WOOD_057.basePlot.vst","2014-09-24","vst_WOOD_2014","D09","WOOD","WOOD_057",,"NEON.PLA.D09.WOOD.00069",,"sapling","Live",1.6,10,1.3,,,,,,,,,,,,,,,"legacyData"
"d0c77a8b-d782-4625-91bd-467b311b99fc","WOOD_057.basePlot.vst","2014-09-24","vst_WOOD_2014","D09","WOOD","WOOD_057",,"NEON.PLA.D09.WOOD.00015",,"small shrub","Live",1.1,10,0.7,,,,0.4,0.3,,"cylinder",,,,,"Second primary stem doesn't qualify",,,"legacyData"
"16c9ec8c-0e62-4439-8268-baeeb4b6040a","WOOD_057.basePlot.vst","2014-09-24","vst_WOOD_2014","D09","WOOD","WOOD_057",,"NEON.PLA.D09.WOOD.00020",,"small shrub","Standing dead",1.5,10,0.6,,,,0.3,0.3,,"cylinder",,,,,"Other primary stems are alive but do not quaify",,,"legacyData"
"553cddf6-1ca3-4da6-adfd-4f58c8279a62","WOOD_057.basePlot.vst","2014-09-24","vst_WOOD_2014","D09","WOOD","WOOD_057",,"NEON.PLA.D09.WOOD.00081",,"sapling","Live",1.4,10,1.0,,,,,,,,,,,,,,,"legacyData"
"0450e289-9e25-4ad1-85e6-02715402c27f","WOOD_057.basePlot.vst","2014-09-24","vst_WOOD_2014","D09","WOOD","WOOD_057",,"NEON.PLA.D09.WOOD.00106",,"sapling","Live",1.1,10,0.8,,,,,,,,,,,,,,,"legacyData"
"dab24f76-7bd3-420a-aa48-7f5026576efa","WOOD_057.basePlot.vst","2014-09-24","vst_WOOD_2014","D09","WOOD","WOOD_057",,"NEON.PLA.D09.WOOD.00103",,"sapling","Live",1.0,10,1.0,,,,,,,,,,,,,,,"legacyData"
"a69861e0-bb85-4fc8-b68e-7fbf4932a355","WOOD_057.basePlot.vst","2014-09-24","vst_WOOD_2014","D09","WOOD","WOOD_057",,"NEON.PLA.D09.WOOD.00094",,"sapling","Standing dead",1.5,10,0.5,,,,,,,,,,,,,,,"legacyData"
"66901e88-3de4-41c8-90f5-759a81d7f365","WOOD_057.basePlot.vst","2014-09-24","vst_WOOD_2014","D09","WOOD","WOOD_057",,"NEON.PLA.D09.WOOD.00097",,"sapling","Standing dead",2.1,10,0.4,,,,,,,,,,,,,,,"legacyData"
"42a4c17a-be03-4c89-b27a-3a95f2547bdd","WOOD_057.basePlot.vst","2014-09-24","vst_WOOD_2014","D09","WOOD","WOOD_057",,"NEON.PLA.D09.WOOD.00030",,"sapling","Live",1.0,10,0.8,,,,,,,,,,,,,,,"legacyData"
"94fe84ba-3e38-4e72-9e76-72724c92d9cd","WOOD_057.basePlot.vst","2014-09-24","vst_WOOD_2014","D09","WOOD","WOOD_057",,"NEON.PLA.D09.WOOD.00011",,"small shrub","Live",1.0,10,0.8,,,,0.3,0.3,,"cylinder",,,,,,,,"legacyData"
"615be070-ff3c-40fc-b624-6718cc0e555d","WOOD_057.basePlot.vst","2014-09-24","vst_WOOD_2014","D09","WOOD","WOOD_057",,"NEON.PLA.D09.WOOD.00062",,"sapling","Live",1.5,10,1.2,,,,,,,,,,,,,,,"legacyData"
"a80b8e52-2a25-4972-a4a0-72180447f036","WOOD_057.basePlot.vst","2014-09-24","vst_WOOD_2014","D09","WOOD","WOOD_057",,"NEON.PLA.D09.WOOD.00072",,"sapling","Live",1.1,10,1.0,,,,,,,,,,,,,,,"legacyData"
"2bc6b7c5-c301-49ba-a2ca-576669314639","WOOD_057.basePlot.vst","2014-09-24","vst_WOOD_2014","D09","WOOD","WOOD_057",,"NEON.PLA.D09.WOOD.00063",,"sapling","Live",2.0,10,1.4,,,,,,,,,,,,,,,"legacyData"
"79bd9910-4bbf-4382-b1a4-864b5095992f","WOOD_057.basePlot.vst","2014-09-24","vst_WOOD_2014","D09","WOOD","WOOD_057",,"NEON.PLA.D09.WOOD.00087",,"sapling","Live",1.2,10,0.9,,,,,,,,,,,,,,,"legacyData"
"1731fdbc-a46f-4a9b-942e-020947bcd028","WOOD_057.basePlot.vst","2014-09-24","vst_WOOD_2014","D09","WOOD","WOOD_057",,"NEON.PLA.D09.WOOD.00029",,"sapling","Live",1.1,10,0.9,,,,,,,,,,,,,,,"legacyData"
"7a57c485-4983-462c-aafb-36da5b6e40c8","WOOD_057.basePlot.vst","2014-09-24","vst_WOOD_2014","D09","WOOD","WOOD_057",,"NEON.PLA.D09.WOOD.00049",,"sapling","Live",1.1,10,1.1,,,,,,,,,,,,,,,"legacyData"
"5a7a8145-b96b-4fdd-8f21-6ed4f2a5e841","WOOD_057.basePlot.vst","2014-09-24","vst_WOOD_2014","D09","WOOD","WOOD_057",,"NEON.PLA.D09.WOOD.00070",,"sapling","Live",1.1,10,0.9,,,,,,,,,,,,,,,"legacyData"
"d7e63777-9103-4960-95c3-a69af01cc2e0","WOOD_057.basePlot.vst","2014-09-24","vst_WOOD_2014","D09","WOOD","WOOD_057",,"NEON.PLA.D09.WOOD.00105",,"sapling","Live",1.1,10,1.0,,,,,,,,,,,,,,,"legacyData"
"b5d3b6cd-e262-4b8f-9fcc-2085ec2bf417","WOOD_057.basePlot.vst","2014-09-24","vst_WOOD_2014","D09","WOOD","WOOD_057",,"NEON.PLA.D09.WOOD.00035",,"small shrub","Live",1.3,10,1.1,,,,0.6,0.4,,"inverted cone",,,0.10,0.10,,,,"legacyData"
"4207cafa-ae7e-40c9-acd3-4794d205bd29","WOOD_057.basePlot.vst","2014-09-24","vst_WOOD_2014","D09","WOOD","WOOD_057",,"NEON.PLA.D09.WOOD.00082",,"sapling","Live",1.1,10,1.0,,,,,,,,,,,,"No Transcription Errors Found",,,"legacyData"
"d6214e9d-7dfd-4b7e-bf36-44fac300394f","WOOD_057.basePlot.vst","2014-09-24","vst_WOOD_2014","D09","WOOD","WOOD_057",,"NEON.PLA.D09.WOOD.00032",,"small shrub","Live",1.2,10,0.9,,,,0.8,0.5,,"oblate half-sphere",,,,,"No Transcription Errors Found",,,"legacyData"
"1fcb269c-5b93-4bd1-a997-42805182ee74","WOOD_057.basePlot.vst","2014-09-24","vst_WOOD_2014","D09","WOOD","WOOD_057",,"NEON.PLA.D09.WOOD.00104",,"sapling","Live",1.1,10,1.0,,,,,,,,,,,,"No Transcription Errors Found",,,"legacyData"
"60e43744-0cd2-4008-9734-ccb6e6e0be3c","WOOD_057.basePlot.vst","2014-09-24","vst_WOOD_2014","D09","WOOD","WOOD_057",,"NEON.PLA.D09.WOOD.00058",,"sapling","Live",1.1,10,0.9,,,,,,,,,,,,,,,"legacyData"
"4b19f0b8-0c36-47a2-a316-9a03897a7762","WOOD_057.basePlot.vst","2014-09-24","vst_WOOD_2014","D09","WOOD","WOOD_057",,"NEON.PLA.D09.WOOD.00099",,"sapling","Live",1.3,10,1.1,,,,,,,,,,,,,,,"legacyData"
"de8cdfc9-b486-470c-9e0a-ec77db9820a8","WOOD_057.basePlot.vst","2014-09-24","vst_WOOD_2014","D09","WOOD","WOOD_057",,"NEON.PLA.D09.WOOD.00080",,"sapling","Live",1.8,10,1.2,,,,,,,,,,,,,,,"legacyData"
"54121a41-603d-4525-8eeb-61c7250ff6e4","WOOD_057.basePlot.vst","2014-09-24","vst_WOOD_2014","D09","WOOD","WOOD_057",,"NEON.PLA.D09.WOOD.00028",,"sapling","Live",1.0,10,1.0,,,,,,,,,,,,,,,"legacyData"
"4f8b8af2-c508-4b9b-aef3-f4950bd6ffb4","WOOD_057.basePlot.vst","2014-09-24","vst_WOOD_2014","D09","WOOD","WOOD_057",,"NEON.PLA.D09.WOOD.00059",,"sapling","Standing dead",1.1,10,0.7,,,,,,,,,,,,,,,"legacyData"
"11e9d877-5294-472b-b87d-e48541417c49","WOOD_045.basePlot.vst","2014-09-26","vst_WOOD_2014","D09","WOOD","WOOD_045",,"NEON.PLA.D09.WOOD.00129",,"sapling","Live",1.0,10,0.8,,,,,,,,,,,,,,,"legacyData"
"df5311c0-8358-4dd5-8153-a0a34303ecdb","WOOD_056.basePlot.vst","2014-09-26","vst_WOOD_2014","D09","WOOD","WOOD_056",,"NEON.PLA.D09.WOOD.00115",,"small shrub","Live",1.4,10,1.2,,,,0.6,0.4,,"cylinder",,,,,"Second primary stem is dead",,,"legacyData"
"1640fac6-8e94-4dcd-a11e-2ed944ed583c","WOOD_061.basePlot.vst","2014-09-26","vst_WOOD_2014","D09","WOOD","WOOD_061",,"NEON.PLA.D09.WOOD.00123",,"sapling","Live",1.0,10,0.6,,,,,,,,,,,,"No Transcription Errors Found",,,"legacyData"
"17e0c625-d472-4abf-b2e1-fc02865949fc","WOOD_056.basePlot.vst","2014-09-26","vst_WOOD_2014","D09","WOOD","WOOD_056",,"NEON.PLA.D09.WOOD.00109",,"sapling","Live",1.2,10,1.2,,,,,,,,,,,,"No Transcription Errors Found",,,"legacyData"
"47a29474-aefb-4b4c-acc7-3dcce9ecebd9","WOOD_056.basePlot.vst","2014-09-26","vst_WOOD_2014","D09","WOOD","WOOD_056",,"NEON.PLA.D09.WOOD.00118",,"sapling","Live",1.6,10,1.4,,,,,,,,,,,,,,,"legacyData"
"04de2178-f7a2-4223-a9ea-0d33d4691d30","WOOD_056.basePlot.vst","2014-09-26","vst_WOOD_2014","D09","WOOD","WOOD_056",,"NEON.PLA.D09.WOOD.00112",,"sapling","Live",1.9,10,1.4,,,,,,,,,,,,,,,"legacyData"
"00f2e715-8cc8-46b9-9f3e-42f131141ed2","WOOD_056.basePlot.vst","2014-09-26","vst_WOOD_2014","D09","WOOD","WOOD_056",,"NEON.PLA.D09.WOOD.00113",,"sapling","Live",1.3,10,1.1,,,,,,,,,,,,,,,"legacyData"
"65b009eb-b48b-4ca0-8bf5-021fb9685379","WOOD_056.basePlot.vst","2014-09-26","vst_WOOD_2014","D09","WOOD","WOOD_056",,"NEON.PLA.D09.WOOD.00110",,"sapling","Standing dead",1.0,10,1.0,,,,,,,,,,,,,,,"legacyData"
"99e8f6f9-7dbd-4cf4-8838-28ba287c4379","WOOD_056.basePlot.vst","2014-09-26","vst_WOOD_2014","D09","WOOD","WOOD_056",,"NEON.PLA.D09.WOOD.00119",,"sapling","Live",1.3,10,1.1,,,,,,,,,,,,,,,"legacyData"
"75d966d1-d84f-4a22-b6b5-3e373ee74b62","WOOD_056.basePlot.vst","2014-09-26","vst_WOOD_2014","D09","WOOD","WOOD_056",,"NEON.PLA.D09.WOOD.00120",,"sapling","Live",1.1,10,0.9,,,,,,,,,,,,,,,"legacyData"
"10083ab9-6d72-49c4-8057-a9e126427f42","WOOD_056.basePlot.vst","2014-09-26","vst_WOOD_2014","D09","WOOD","WOOD_056",,"NEON.PLA.D09.WOOD.00121",,"sapling","Live",1.0,10,0.8,,,,,,,,,,,,"No Transcription Errors Found",,,"legacyData"
"8265bb97-0732-4f75-a6e0-47938db9045d","WOOD_045.basePlot.vst","2014-09-26","vst_WOOD_2014","D09","WOOD","WOOD_045",,"NEON.PLA.D09.WOOD.00138",,"sapling","Live",1.1,10,0.8,,,,,,,,,,,,"No Transcription Errors Found",,,"legacyData"
"10c67a04-e1fa-489e-8946-5c7b74cefb30","WOOD_045.basePlot.vst","2014-09-26","vst_WOOD_2014","D09","WOOD","WOOD_045",,"NEON.PLA.D09.WOOD.00125",,"sapling","Live",1.1,10,0.8,,,,,,,,,,,,,,,"legacyData"
"5ad3d62d-8ea5-48cc-94b2-178d1c92983c","WOOD_045.basePlot.vst","2014-09-26","vst_WOOD_2014","D09","WOOD","WOOD_045",,"NEON.PLA.D09.WOOD.00137",,"sapling","Live",1.3,10,0.8,,,,,,,,,,,,,,,"legacyData"
"4de7881d-4130-489d-97ac-175822a54208","WOOD_045.basePlot.vst","2014-09-26","vst_WOOD_2014","D09","WOOD","WOOD_045",,"NEON.PLA.D09.WOOD.00136",,"sapling","Standing dead",1.1,10,0.4,,,,,,,,,,,,,,,"legacyData"
"87f92490-56b1-42bb-8721-26574a18eec9","WOOD_045.basePlot.vst","2014-09-26","vst_WOOD_2014","D09","WOOD","WOOD_045",,"NEON.PLA.D09.WOOD.00127",,"sapling","Live",1.4,10,1.3,,,,,,,,,,,,,,,"legacyData"
"06a2f9d8-899e-4975-b60c-1e245edf6eed","WOOD_045.basePlot.vst","2014-09-26","vst_WOOD_2014","D09","WOOD","WOOD_045",,"NEON.PLA.D09.WOOD.00134",,"sapling","Live",1.2,10,0.9,,,,,,,,,,,,,,,"legacyData"
"1b30abfe-ca71-4884-bc51-b0e8d3d98161","WOOD_045.basePlot.vst","2014-09-26","vst_WOOD_2014","D09","WOOD","WOOD_045",,"NEON.PLA.D09.WOOD.00132",,"sapling","Live",1.1,10,1.1,,,,,,,,,,,,,,,"legacyData"
"f23091e4-715d-4bcc-812e-c8261251461a","WOOD_045.basePlot.vst","2014-09-26","vst_WOOD_2014","D09","WOOD","WOOD_045",,"NEON.PLA.D09.WOOD.00126",,"sapling","Live",1.3,10,1.0,,,,,,,,,,,,,,,"legacyData"
"6c793280-8afb-4efd-bce5-b1da15b70b3e","WOOD_056.basePlot.vst","2014-09-26","vst_WOOD_2014","D09","WOOD","WOOD_056",,"NEON.PLA.D09.WOOD.00111",,"sapling","Live",1.6,10,1.5,,,,,,,,,,,,,,,"legacyData"
"fe149d9a-8c5f-4660-a779-d65b5a3d6761","WOOD_056.basePlot.vst","2014-09-26","vst_WOOD_2014","D09","WOOD","WOOD_056",,"NEON.PLA.D09.WOOD.00117",,"sapling","Live",1.2,10,1.0,,,,,,,,,,,,,,,"legacyData"
"175256a8-9bd7-41ff-9def-5c51cd42ab7d","WOOD_056.basePlot.vst","2014-09-26","vst_WOOD_2014","D09","WOOD","WOOD_056",,"NEON.PLA.D09.WOOD.00116",,"sapling","Live",1.5,10,1.2,,,,,,,,,,,,,,,"legacyData"
"4a1bf59d-a336-47cc-994a-bf9b3e8bb7bb","WOOD_045.basePlot.vst","2014-09-26","vst_WOOD_2014","D09","WOOD","WOOD_045",,"NEON.PLA.D09.WOOD.00133",,"sapling","Live",1.9,10,1.3,,,,,,,,,,,,"No Transcription Errors Found",,,"legacyData"
"d608fe30-6021-45c5-badd-4d5c99397bd5","WOOD_045.basePlot.vst","2014-09-26","vst_WOOD_2014","D09","WOOD","WOOD_045",,"NEON.PLA.D09.WOOD.00124",,"sapling","Live",1.2,10,0.9,,,,,,,,,,,,,,,"legacyData"
"6fe6cd22-d3de-4207-94d6-03f938b0ea42","WOOD_045.basePlot.vst","2014-09-26","vst_WOOD_2014","D09","WOOD","WOOD_045",,"NEON.PLA.D09.WOOD.00130",,"sapling","Live",1.1,10,1.0,,,,,,,,,,,,,,,"legacyData"
"f392f0da-57b3-41cf-acbd-d8405ddc2ee9","WOOD_056.basePlot.vst","2014-09-26","vst_WOOD_2014","D09","WOOD","WOOD_056",,"NEON.PLA.D09.WOOD.00114",,"sapling","Live",1.7,10,1.5,,,,,,,,,,,,,,,"legacyData"
"e3a80e96-05da-4ede-a547-9f82e60a61da","WOOD_045.basePlot.vst","2014-09-26","vst_WOOD_2014","D09","WOOD","WOOD_045",,"NEON.PLA.D09.WOOD.00131",,"small shrub","Live",1.2,10,1.2,,,,0.4,0.4,,"cylinder",,,,,"Only one qualifying stem",,,"legacyData"
"52c1d78d-b15f-4620-804e-ecc7aaeb283c","WOOD_045.basePlot.vst","2014-09-26","vst_WOOD_2014","D09","WOOD","WOOD_045",,"NEON.PLA.D09.WOOD.00135",,"sapling","Standing dead",1.1,10,0.5,,,,,,,,,,,,,,,"legacyData"
"de4437f0-1546-4393-b484-2a520dfbc83f","WOOD_045.basePlot.vst","2014-09-26","vst_WOOD_2014","D09","WOOD","WOOD_045",,"NEON.PLA.D09.WOOD.00128",,"sapling","Live",1.1,10,0.9,,,,,,,,,,,,"No Transcription Errors Found",,,"legacyData"
"26b2c901-6384-4a57-ae09-d6e54bc62ce0","WOOD_061.basePlot.vst","2014-09-26","vst_WOOD_2014","D09","WOOD","WOOD_061",,"NEON.PLA.D09.WOOD.00122",,"sapling","Live",1.4,10,1.2,,,,,,,,,,,,"No Transcription Errors Found",,,"legacyData"
