uid,namedLocation,domainID,siteID,plotID,plotType,nlcdClass,decimalLatitude,decimalLongitude,geodeticDatum,coordinateUncertainty,elevation,elevationUncertainty,collectDate,eventID,sampleID,sampleCode,samplingMethod,totalSampledArea,targetTaxaPresent,adultCount,nymphCount,larvaCount,sampleCondition,samplingProtocolVersion,measuredBy,remarks
"fbe60a8a-30e5-4ac4-b746-e035e69d9fe2","DELA_007.tickPlot.tck","D08","DELA","DELA_007","distributed","woodyWetlands",32.538957,-87.799922,"WGS84",20.2,25.7,0.2,"2016-11-17T20:00Z","DELA.2016.46",,,"drag",160,"N",0,0,0,"No known compromise","NEON.DOC.014045vG","ADzqoWOfwevQ2rrllzoCJTnDjie0NTbT",
"da0b85eb-baff-494f-9be4-badb807cfb88","DELA_008.tickPlot.tck","D08","DELA","DELA_008","distributed","woodyWetlands",32.538884,-87.814145,"WGS84",20.1,24.5,0.2,"2016-11-17T20:14Z","DELA.2016.46","DELA_008.20161117",,"drag and flag",160,"Y",0,0,1,"No known compromise","NEON.DOC.014045vG","qv2hryw2aAHcRZnU/CeJIVfNxxJegRBH",
"948305bc-cbe0-4c42-91d4-916a70765051","DELA_016.tickPlot.tck","D08","DELA","DELA_016","distributed","evergreenForest",32.536850,-87.806995,"WGS84",20.2,23.6,0.3,"2016-11-17T20:44Z","DELA.2016.46",,,"drag",160,"N",0,0,0,"No known compromise","NEON.DOC.014045vG","Ty5ktdGiRSp05LT6y3oRIJX9t8YK1JGMhptSFXGHZWc=",
"3ec9f028-9ea8-4071-94b8-9a0ca9b069c3","DELA_014.tickPlot.tck","D08","DELA","DELA_014","distributed","evergreenForest",32.530627,-87.819367,"WGS84",20.2,33.0,0.2,"2016-11-17T21:09Z","DELA.2016.46",,,"drag",160,"N",0,0,0,"No known compromise","NEON.DOC.014045vG","0ygyTA3URVoNp+waZjN2Lu+zP0lNl3v9",
