uid,namedLocation,domainID,siteID,plotID,plotType,nlcdClass,decimalLatitude,decimalLongitude,geodeticDatum,coordinateUncertainty,elevation,elevationUncertainty,collectDate,eventID,sampleID,sampleCode,samplingMethod,totalSampledArea,targetTaxaPresent,adultCount,nymphCount,larvaCount,sampleCondition,samplingProtocolVersion,measuredBy,remarks
"09edd889-26d5-482f-9330-30804a1364f6","RMNP_012.tickPlot.tck","D10","RMNP","RMNP_012","distributed","evergreenForest",40.156570,-105.533982,"WGS84",20.1,2925.1,0.2,"2018-08-01T14:50Z","RMNP.2018.31",,,"drag and flag",160,"N",0,0,0,,"NEON.DOC.014045vJ","yovtsZDHF2bJJO1F4nw1jH8ccdG3PG6PuDTHeS1TozA=",
"79473db5-4f0f-453a-bc35-b718705152d0","RMNP_002.tickPlot.tck","D10","RMNP","RMNP_002","distributed","evergreenForest",40.196225,-105.473182,"WGS84",20.1,2637.7,0.1,"2018-08-01T16:18Z","RMNP.2018.31",,,"drag and flag",160,"N",0,0,0,,"NEON.DOC.014045vJ","/wUkqjBpeVB5677FebcgDePH8BHkj6D9LJ2l1pJxiww=",
"f0504f0d-0472-442c-a8a9-bef819d5e46b","RMNP_007.tickPlot.tck","D10","RMNP","RMNP_007","distributed","evergreenForest",40.180329,-105.535913,"WGS84",20.1,2821.9,0.1,"2018-08-01T16:35Z","RMNP.2018.31",,,"drag and flag",160,"N",0,0,0,,"NEON.DOC.014045vJ","f7kwngJupV+/C6on1dBoK+jgemH6LrXPD70Qe2oQof8=",
"33b0dc2a-3a26-4454-8781-fb43cbf1cc0d","RMNP_004.tickPlot.tck","D10","RMNP","RMNP_004","distributed","evergreenForest",40.185729,-105.539818,"WGS84",20.1,2864.5,0.1,"2018-08-01T18:11Z","RMNP.2018.31",,,"drag and flag",163,"N",0,0,0,,"NEON.DOC.014045vJ","yovtsZDHF2bJJO1F4nw1jH8ccdG3PG6PuDTHeS1TozA=",
"4223a36f-61e9-4da6-8b72-f5159fcac3a3","RMNP_013.tickPlot.tck","D10","RMNP","RMNP_013","distributed","evergreenForest",40.197179,-105.488569,"WGS84",20.1,2649.5,0.1,"2018-08-02T14:31Z","RMNP.2018.31",,,"drag and flag",145,"N",0,0,0,,"NEON.DOC.014045vJ","9piKDJvWVkAkhVxhhD7ruNlPpYfDpREJt4a2qexS0mE=",
"f5d2f102-da2d-4eb9-9980-4b34f6da2b48","RMNP_003.tickPlot.tck","D10","RMNP","RMNP_003","distributed","evergreenForest",40.200139,-105.482624,"WGS84",20.1,2658.3,0.1,"2018-08-02T15:09Z","RMNP.2018.31",,,"drag and flag",138,"N",0,0,0,,"NEON.DOC.014045vJ","mmEckVtOkg8Ppw/emT+oh05tZj304sIopqY7hcdK2W4=",
