uid,namedLocation,domainID,siteID,plotID,plotType,nlcdClass,decimalLatitude,decimalLongitude,geodeticDatum,coordinateUncertainty,elevation,elevationUncertainty,collectDate,eventID,sampleID,sampleCode,samplingMethod,totalSampledArea,targetTaxaPresent,adultCount,nymphCount,larvaCount,sampleCondition,samplingProtocolVersion,measuredBy,remarks
"f0305bb8-72b2-4734-8733-3d3e2558e8ba","TALL_002.tickPlot.tck","D08","TALL","TALL_002","distributed","mixedForest",32.920823,-87.428955,"WGS84",20.3,104.0,0.4,"2018-08-15T12:51Z","TALL.2018.33","TALL_002.20180815","A00000013944","drag",160,"Y",0,4,0,"No known compromise","NEON.DOC.014045vJ","ZEw83eKjbdVwmzbrK6rIvBJKEPCDjgcrm+1HylQByNc=",
"46545538-2d74-41f4-92d0-285ac4e8b724","TALL_003.tickPlot.tck","D08","TALL","TALL_003","distributed","mixedForest",32.894415,-87.416532,"WGS84",20.2,121.9,0.2,"2018-08-15T13:50Z","TALL.2018.33",,,"drag and flag",155,"N",0,0,0,,"NEON.DOC.014045vJ","VlGS9knfep4oIPmMdzrYPvhmhmcAnEWcmbTWayWKGyM=","Thick areas of plot still damp and skipped"
"8983472e-f3f1-4df0-bd0e-52f3644a553a","TALL_016.tickPlot.tck","D08","TALL","TALL_016","distributed","evergreenForest",32.971553,-87.415845,"WGS84",20.1,138.9,0.1,"2018-08-15T14:15Z","TALL.2018.33",,,"drag and flag",160,"N",0,0,0,,"NEON.DOC.014045vJ","BDzq2IAJfRwsrXnG+WJfFzkBkbtaDALAaR+O7WZv4cM=",
"ed9aeb32-6046-446e-92f2-843a193a7a88","TALL_008.tickPlot.tck","D08","TALL","TALL_008","distributed","deciduousForest",32.922874,-87.434097,"WGS84",20.2,127.5,0.2,"2018-08-15T14:21Z","TALL.2018.33","TALL_008.20180815","A00000013940","drag",160,"Y",0,2,0,"No known compromise","NEON.DOC.014045vJ","oX/XD4hR8uH1v/K48gL8UTU4ZwHMmbIJwV8of1A0EJ8=",
"17d6d650-8c3e-4bf8-9194-2d0ce466f9e8","TALL_006.tickPlot.tck","D08","TALL","TALL_006","distributed","evergreenForest",32.899144,-87.444571,"WGS84",20.3,108.6,0.3,"2018-08-15T14:43Z","TALL.2018.33",,,"drag and flag",160,"N",0,0,0,,"NEON.DOC.014045vJ","VlGS9knfep4oIPmMdzrYPvhmhmcAnEWcmbTWayWKGyM=",
"a1a1290d-f9d2-4061-b00f-bd09b3434139","TALL_001.tickPlot.tck","D08","TALL","TALL_001","distributed","deciduousForest",32.976370,-87.432184,"WGS84",20.2,114.6,0.1,"2018-08-15T15:17Z","TALL.2018.33","TALL_001.20180815","A00000013434","drag and flag",160,"Y",3,5,0,"No known compromise","NEON.DOC.014045vJ","71MfCy+FRsto69311gQJvR+pq8mHvc/9aCd1qcCUSbo=",
