uid,namedLocation,date,eventID,domainID,siteID,plotID,subplotID,nestedSubplotID,groupID,taxonID,scientificName,taxonRank,identificationReferences,identificationQualifier,volumePercent,livePercent,deadPercent,canopyArea,meanHeight,remarks,measuredBy,recordedBy,dataQF
"d737e0de-04cc-4aaa-961c-22e32199079f","SRER_048.basePlot.vst","2016-01-08","vst_SRER_2016","D14","SRER","SRER_048","23","2","23_00","LATR2","Larrea tridentata (DC.) Coville","species",,,100,75,25,5.0,1.64,,"mOcIykOnDgd3QV5gHrl8B5rxlWe9VRn+","/okdeQQFj3ok0YrB9sbbCIk0Gya2xtkj","legacyData"
"0b5045d8-2c5f-453e-9e2a-e531711ae2ac","SRER_048.basePlot.vst","2016-01-08","vst_SRER_2016","D14","SRER","SRER_048","23","2","23_00","PROSO","Prosopis sp.","genus",,,40,80,20,5.0,2.40,,"mOcIykOnDgd3QV5gHrl8B5rxlWe9VRn+","/okdeQQFj3ok0YrB9sbbCIk0Gya2xtkj","legacyData"
"1c4b0241-593f-44d7-9c77-dca63d294930","SRER_048.basePlot.vst","2016-01-08","vst_SRER_2016","D14","SRER","SRER_048","23","2","23 _0","PROSO","Prosopis sp.","genus",,,40,80,20,5.0,2.40,,"mOcIykOnDgd3QV5gHrl8B5rxlWe9VRn+","/okdeQQFj3ok0YrB9sbbCIk0Gya2xtkj","legacyData"
"0a33d8f2-d342-46ac-91cd-2416a9bb30df","SRER_048.basePlot.vst","2016-01-08","vst_SRER_2016","D14","SRER","SRER_048","23","2","23 _0","LATR2","Larrea tridentata (DC.) Coville","species",,,100,75,25,5.0,1.64,,"mOcIykOnDgd3QV5gHrl8B5rxlWe9VRn+","/okdeQQFj3ok0YrB9sbbCIk0Gya2xtkj","legacyData"
"c7d6183d-424b-446d-a8ad-44410304b332","SRER_048.basePlot.vst","2016-01-09","vst_SRER_2016","D14","SRER","SRER_048","41","4","41 _0","FOUQU","Fouquieria sp.","genus",,,1,100,0,9.0,2.60,,"mOcIykOnDgd3QV5gHrl8B5rxlWe9VRn+","/okdeQQFj3ok0YrB9sbbCIk0Gya2xtkj","legacyData"
"457a9de0-63a2-488f-bbe5-85ce7d10e359","SRER_046.basePlot.vst","2016-01-09","vst_SRER_2016","D14","SRER","SRER_046","23","2","23 _0","LATR2","Larrea tridentata (DC.) Coville","species",,,100,90,10,1.0,1.72,,"tlMoIdYkoo4/frSr+TOZz6pAAC/bv59I","bhyqAGH4uRkcir9xDj7d5wq9Q3xNnOdK","legacyData"
"2cae2cce-03ff-4964-895b-40f1c9c70f32","SRER_057.basePlot.vst","2016-01-09","vst_SRER_2016","D14","SRER","SRER_057","23","2","23 _0","PROSO","Prosopis sp.","genus",,,20,20,80,3.0,1.22,,"FXeeUI9aIn8X0VAR1BEIFKA+Tv3GsCYT","/ByrziN0LguMJHnInl2NM/trZeA5h+c0","legacyData"
"9a0b6143-3978-4ed9-828c-ba985fb126f5","SRER_048.basePlot.vst","2016-01-09","vst_SRER_2016","D14","SRER","SRER_048","41","4","41_00","FOUQU","Fouquieria sp.","genus",,,1,100,0,9.0,2.60,,"mOcIykOnDgd3QV5gHrl8B5rxlWe9VRn+","/okdeQQFj3ok0YrB9sbbCIk0Gya2xtkj","legacyData"
"fec545ce-b081-4253-9830-bb06b1bfcbac","SRER_057.basePlot.vst","2016-01-09","vst_SRER_2016","D14","SRER","SRER_057","23","2","23 _0","LATR2","Larrea tridentata (DC.) Coville","species",,,100,80,20,3.0,1.54,,"FXeeUI9aIn8X0VAR1BEIFKA+Tv3GsCYT","/ByrziN0LguMJHnInl2NM/trZeA5h+c0","legacyData"
"6938661c-6c6b-41df-865c-9df4db261998","SRER_046.basePlot.vst","2016-01-09","vst_SRER_2016","D14","SRER","SRER_046","23","2","23 _0","PROSO","Prosopis sp.","genus",,,10,80,20,1.0,1.72,,"tlMoIdYkoo4/frSr+TOZz6pAAC/bv59I","bhyqAGH4uRkcir9xDj7d5wq9Q3xNnOdK","legacyData"
"be5fb8d5-0586-408b-9157-3df20dc2d7d2","SRER_046.basePlot.vst","2016-01-09","vst_SRER_2016","D14","SRER","SRER_046","23","2","23_00","LATR2","Larrea tridentata (DC.) Coville","species",,,100,90,10,1.0,1.72,,"tlMoIdYkoo4/frSr+TOZz6pAAC/bv59I","bhyqAGH4uRkcir9xDj7d5wq9Q3xNnOdK","legacyData"
"2b35bf04-b5b9-40dd-8daa-e2deedb16baa","SRER_057.basePlot.vst","2016-01-09","vst_SRER_2016","D14","SRER","SRER_057","23","2","23_00","LATR2","Larrea tridentata (DC.) Coville","species",,,100,80,20,3.0,1.54,,"FXeeUI9aIn8X0VAR1BEIFKA+Tv3GsCYT","/ByrziN0LguMJHnInl2NM/trZeA5h+c0","legacyData"
"fb1817c5-de31-4a03-a675-ee8b677b4805","SRER_048.basePlot.vst","2016-01-09","vst_SRER_2016","D14","SRER","SRER_048","41","1","41 _0","LATR2","Larrea tridentata (DC.) Coville","species",,,100,65,35,9.0,2.52,,"mOcIykOnDgd3QV5gHrl8B5rxlWe9VRn+","/okdeQQFj3ok0YrB9sbbCIk0Gya2xtkj","legacyData"
"ba060ed9-8912-4700-bf39-9975071b61c4","SRER_046.basePlot.vst","2016-01-09","vst_SRER_2016","D14","SRER","SRER_046","23","2","23_00","PROSO","Prosopis sp.","genus",,,10,80,20,1.0,2.00,,"tlMoIdYkoo4/frSr+TOZz6pAAC/bv59I","bhyqAGH4uRkcir9xDj7d5wq9Q3xNnOdK","legacyData"
"f18794d9-92f6-4ba6-88f2-3c8b48663f8f","SRER_057.basePlot.vst","2016-01-09","vst_SRER_2016","D14","SRER","SRER_057","23","2","23_00","PROSO","Prosopis sp.","genus",,,20,20,80,3.0,1.22,,"FXeeUI9aIn8X0VAR1BEIFKA+Tv3GsCYT","/ByrziN0LguMJHnInl2NM/trZeA5h+c0","legacyData"
"fc9eff04-d061-42fb-983d-4b0e8d60fee3","SRER_048.basePlot.vst","2016-01-09","vst_SRER_2016","D14","SRER","SRER_048","41","1","41_00","LATR2","Larrea tridentata (DC.) Coville","species",,,100,65,35,9.0,2.52,,"mOcIykOnDgd3QV5gHrl8B5rxlWe9VRn+","/okdeQQFj3ok0YrB9sbbCIk0Gya2xtkj","legacyData"
"f4fb3df5-6b07-498b-b726-4fb0ed582f3f","SRER_042.basePlot.vst","2016-01-11","vst_SRER_2016","D14","SRER","SRER_042","39","3","39_00","PROSO","Prosopis sp.","genus",,,40,65,35,16.0,3.26,,"tlMoIdYkoo4/frSr+TOZz6pAAC/bv59I","/ByrziN0LguMJHnInl2NM/trZeA5h+c0","legacyData"
"df3e9ad5-5b98-48fa-85c2-ebc3e9641f30","SRER_047.basePlot.vst","2016-01-11","vst_SRER_2016","D14","SRER","SRER_047","39","1","39_00","LATR2","Larrea tridentata (DC.) Coville","species",,,100,100,0,1.0,1.00,,"bhyqAGH4uRkcir9xDj7d5wq9Q3xNnOdK","/okdeQQFj3ok0YrB9sbbCIk0Gya2xtkj","legacyData"
"bd712bb2-a26e-4e20-ab77-df60f733086d","SRER_042.basePlot.vst","2016-01-11","vst_SRER_2016","D14","SRER","SRER_042","23","2","23_00","LYPA","Lycium pallidum Miers","species",,,100,50,50,1.0,0.86,,"FXeeUI9aIn8X0VAR1BEIFKA+Tv3GsCYT","mOcIykOnDgd3QV5gHrl8B5rxlWe9VRn+","legacyData"
"30a01082-a069-455d-ad62-4f7e89a271cf","SRER_047.basePlot.vst","2016-01-11","vst_SRER_2016","D14","SRER","SRER_047","39","3","39_00","PROSO","Prosopis sp.","genus",,,1,40,60,1.0,1.10,,"bhyqAGH4uRkcir9xDj7d5wq9Q3xNnOdK","/okdeQQFj3ok0YrB9sbbCIk0Gya2xtkj","legacyData"
"1b741d42-7865-41e1-be11-01292803b818","SRER_042.basePlot.vst","2016-01-11","vst_SRER_2016","D14","SRER","SRER_042","23","2","23_00","LATR2","Larrea tridentata (DC.) Coville","species",,,100,100,0,1.0,1.40,,"FXeeUI9aIn8X0VAR1BEIFKA+Tv3GsCYT","mOcIykOnDgd3QV5gHrl8B5rxlWe9VRn+","legacyData"
"9a8f691f-d3c3-436d-a78f-411b302079bf","SRER_047.basePlot.vst","2016-01-11","vst_SRER_2016","D14","SRER","SRER_047","39","1","39 _0","LATR2","Larrea tridentata (DC.) Coville","species",,,100,100,0,1.0,1.00,,"bhyqAGH4uRkcir9xDj7d5wq9Q3xNnOdK","/okdeQQFj3ok0YrB9sbbCIk0Gya2xtkj","legacyData"
"6c3488a5-be8d-4698-a5c5-82606a7a4614","SRER_047.basePlot.vst","2016-01-11","vst_SRER_2016","D14","SRER","SRER_047","39","3","39 _0","PROSO","Prosopis sp.","genus",,,1,40,60,1.0,1.10,,"bhyqAGH4uRkcir9xDj7d5wq9Q3xNnOdK","/okdeQQFj3ok0YrB9sbbCIk0Gya2xtkj","legacyData"
"22c25b7b-b67a-41b5-9c95-56acb1b42bbd","SRER_042.basePlot.vst","2016-01-11","vst_SRER_2016","D14","SRER","SRER_042","39","3","39 _0","PROSO","Prosopis sp.","genus",,,40,65,35,16.0,3.26,,"tlMoIdYkoo4/frSr+TOZz6pAAC/bv59I","/ByrziN0LguMJHnInl2NM/trZeA5h+c0","legacyData"
"13e74db1-1769-4481-92d4-8df18cbdfa88","SRER_042.basePlot.vst","2016-01-11","vst_SRER_2016","D14","SRER","SRER_042","23","2","23 _0","LYPA","Lycium pallidum Miers","species",,,100,50,50,1.0,0.86,,"FXeeUI9aIn8X0VAR1BEIFKA+Tv3GsCYT","mOcIykOnDgd3QV5gHrl8B5rxlWe9VRn+","legacyData"
"3c5c50c8-be85-4ef3-95e4-ee92c3f3bbc3","SRER_042.basePlot.vst","2016-01-11","vst_SRER_2016","D14","SRER","SRER_042","23","2","23 _0","LATR2","Larrea tridentata (DC.) Coville","species",,,100,100,0,1.0,1.40,,"FXeeUI9aIn8X0VAR1BEIFKA+Tv3GsCYT","mOcIykOnDgd3QV5gHrl8B5rxlWe9VRn+","legacyData"
"890a1ac5-9715-45c7-a984-0681c0a076d1","SRER_045.basePlot.vst","2016-01-12","vst_SRER_2016","D14","SRER","SRER_045","21","4","21_00","LYPA","Lycium pallidum Miers","species",,,100,80,20,1.0,1.14,,"mOcIykOnDgd3QV5gHrl8B5rxlWe9VRn+","a0DIygQs4rguY6Ey57+V6npgK+c4E00t","legacyData"
"24e4637c-f687-40e1-b8ed-e385f616af62","SRER_045.basePlot.vst","2016-01-12","vst_SRER_2016","D14","SRER","SRER_045","21","4","21_00","LATR2","Larrea tridentata (DC.) Coville","species",,,100,100,0,1.0,1.12,,"mOcIykOnDgd3QV5gHrl8B5rxlWe9VRn+","a0DIygQs4rguY6Ey57+V6npgK+c4E00t","legacyData"
"fac04bbf-ef54-450a-985e-3e95918f03d3","SRER_053.basePlot.vst","2016-01-12","vst_SRER_2016","D14","SRER","SRER_053","39","1","39_00","LATR2","Larrea tridentata (DC.) Coville","species",,,100,90,10,4.0,2.60,,"FXeeUI9aIn8X0VAR1BEIFKA+Tv3GsCYT","/okdeQQFj3ok0YrB9sbbCIk0Gya2xtkj","legacyData"
"8b6c11da-f879-44ea-a9de-d932a9629974","SRER_054.basePlot.vst","2016-01-12","vst_SRER_2016","D14","SRER","SRER_054","39",,"39_00","LATR2","Larrea tridentata (DC.) Coville","species",,,100,100,0,2.0,0.56,,"tlMoIdYkoo4/frSr+TOZz6pAAC/bv59I","bhyqAGH4uRkcir9xDj7d5wq9Q3xNnOdK","legacyData"
"a8619740-8cee-48e6-952d-850573425f49","SRER_054.basePlot.vst","2016-01-12","vst_SRER_2016","D14","SRER","SRER_054","41",,"41_00","PROSO","Prosopis sp.","genus",,,20,,,9.0,2.10,,"tlMoIdYkoo4/frSr+TOZz6pAAC/bv59I","bhyqAGH4uRkcir9xDj7d5wq9Q3xNnOdK","legacyData"
"e6f94fe9-183c-4cc1-9e3d-4c5f2dae5cce","SRER_054.basePlot.vst","2016-01-12","vst_SRER_2016","D14","SRER","SRER_054","41",,"41_00","CEEH","Celtis ehrenbergiana (Klotzsch) Liebm.","species",,,100,80,20,9.0,2.00,,"tlMoIdYkoo4/frSr+TOZz6pAAC/bv59I","bhyqAGH4uRkcir9xDj7d5wq9Q3xNnOdK","legacyData"
"673209b2-08bc-4c1e-b248-a5cfb2b056e5","SRER_054.basePlot.vst","2016-01-12","vst_SRER_2016","D14","SRER","SRER_054","39",,"39_00","ACGR","Acacia greggii A. Gray","species",,,100,50,50,2.0,0.86,,"tlMoIdYkoo4/frSr+TOZz6pAAC/bv59I","bhyqAGH4uRkcir9xDj7d5wq9Q3xNnOdK","legacyData"
"4c567c86-cf3c-4156-b006-dbf8d3b073a8","SRER_054.basePlot.vst","2016-01-12","vst_SRER_2016","D14","SRER","SRER_054","39",,"39_00","EPTR","Ephedra trifurca Torr. ex S. Watson","species",,,100,70,30,2.0,1.14,,"tlMoIdYkoo4/frSr+TOZz6pAAC/bv59I","bhyqAGH4uRkcir9xDj7d5wq9Q3xNnOdK","legacyData"
"551b3f19-81a2-4c29-8365-8e8de39343a0","SRER_045.basePlot.vst","2016-01-12","vst_SRER_2016","D14","SRER","SRER_045","23","2","23 _0","CEEH","Celtis ehrenbergiana (Klotzsch) Liebm.","species",,,100,40,60,1.0,1.00,,"mOcIykOnDgd3QV5gHrl8B5rxlWe9VRn+","a0DIygQs4rguY6Ey57+V6npgK+c4E00t","legacyData"
"76bc4256-07d5-4158-9276-3f181134acf7","SRER_054.basePlot.vst","2016-01-12","vst_SRER_2016","D14","SRER","SRER_054","41",,"41 _0","PROSO","Prosopis sp.","genus",,,20,,,9.0,2.10,,"tlMoIdYkoo4/frSr+TOZz6pAAC/bv59I","bhyqAGH4uRkcir9xDj7d5wq9Q3xNnOdK","legacyData"
"fb321a95-f29e-4705-880f-6fbe8e1465aa","SRER_045.basePlot.vst","2016-01-12","vst_SRER_2016","D14","SRER","SRER_045","21","4","21 _0","LATR2","Larrea tridentata (DC.) Coville","species",,,100,100,0,1.0,1.12,,"mOcIykOnDgd3QV5gHrl8B5rxlWe9VRn+","a0DIygQs4rguY6Ey57+V6npgK+c4E00t","legacyData"
"913d1169-be5f-4e0e-a251-b84b1aa61c09","SRER_045.basePlot.vst","2016-01-12","vst_SRER_2016","D14","SRER","SRER_045","21","4","21 _0","LYPA","Lycium pallidum Miers","species",,,100,80,20,1.0,1.14,,"mOcIykOnDgd3QV5gHrl8B5rxlWe9VRn+","a0DIygQs4rguY6Ey57+V6npgK+c4E00t","legacyData"
"e8b40770-73ed-4973-a7fb-67363392b33d","SRER_053.basePlot.vst","2016-01-12","vst_SRER_2016","D14","SRER","SRER_053","39","1","39 _0","LATR2","Larrea tridentata (DC.) Coville","species",,,100,90,10,4.0,2.60,,"FXeeUI9aIn8X0VAR1BEIFKA+Tv3GsCYT","/okdeQQFj3ok0YrB9sbbCIk0Gya2xtkj","legacyData"
"78dca99e-88bc-4583-a083-e013058c2daf","SRER_054.basePlot.vst","2016-01-12","vst_SRER_2016","D14","SRER","SRER_054","39",,"39 _0","LATR2","Larrea tridentata (DC.) Coville","species",,,100,100,0,2.0,0.56,,"tlMoIdYkoo4/frSr+TOZz6pAAC/bv59I","bhyqAGH4uRkcir9xDj7d5wq9Q3xNnOdK","legacyData"
"7ddb1cee-2d51-4d0c-a670-a67c3b2458d8","SRER_054.basePlot.vst","2016-01-12","vst_SRER_2016","D14","SRER","SRER_054","39",,"39 _0","ACGR","Acacia greggii A. Gray","species",,,100,50,50,2.0,0.86,,"tlMoIdYkoo4/frSr+TOZz6pAAC/bv59I","bhyqAGH4uRkcir9xDj7d5wq9Q3xNnOdK","legacyData"
"45dd3930-491e-425e-9143-d795a7494321","SRER_054.basePlot.vst","2016-01-12","vst_SRER_2016","D14","SRER","SRER_054","39",,"39 _0","EPTR","Ephedra trifurca Torr. ex S. Watson","species",,,100,70,30,2.0,1.14,,"tlMoIdYkoo4/frSr+TOZz6pAAC/bv59I","bhyqAGH4uRkcir9xDj7d5wq9Q3xNnOdK","legacyData"
"ee7d5435-84cd-4580-8b8a-4ca7c3f8aa14","SRER_054.basePlot.vst","2016-01-12","vst_SRER_2016","D14","SRER","SRER_054","41",,"41 _0","CEEH","Celtis ehrenbergiana (Klotzsch) Liebm.","species",,,100,80,20,9.0,2.00,,"tlMoIdYkoo4/frSr+TOZz6pAAC/bv59I","bhyqAGH4uRkcir9xDj7d5wq9Q3xNnOdK","legacyData"
"120f390e-6411-45f1-bbac-60ebbf729148","SRER_045.basePlot.vst","2016-01-12","vst_SRER_2016","D14","SRER","SRER_045","23","2","23_00","CEEH","Celtis ehrenbergiana (Klotzsch) Liebm.","species",,,100,40,60,1.0,1.00,,"mOcIykOnDgd3QV5gHrl8B5rxlWe9VRn+","a0DIygQs4rguY6Ey57+V6npgK+c4E00t","legacyData"
"2f6b3fce-a7d0-47fc-8586-66c71e3a0763","SRER_059.basePlot.vst","2016-01-13","vst_SRER_2016","D14","SRER","SRER_059","41","4","41_00","FOUQU","Fouquieria sp.","genus",,,100,100,0,1.0,0.28,,"bhyqAGH4uRkcir9xDj7d5wq9Q3xNnOdK","/okdeQQFj3ok0YrB9sbbCIk0Gya2xtkj","legacyData"
"c8172752-4bf1-43b4-8161-85ce27a34ef8","SRER_059.basePlot.vst","2016-01-13","vst_SRER_2016","D14","SRER","SRER_059","21","1","21_00","LATR2","Larrea tridentata (DC.) Coville","species",,,100,90,10,1.0,1.68,,"bhyqAGH4uRkcir9xDj7d5wq9Q3xNnOdK","/okdeQQFj3ok0YrB9sbbCIk0Gya2xtkj","legacyData"
"bb61fb81-5738-4269-b5fe-a9cba973c2df","SRER_058.basePlot.vst","2016-01-13","vst_SRER_2016","D14","SRER","SRER_058","23","2","23_00","LATR2","Larrea tridentata (DC.) Coville","species",,,100,95,5,4.0,2.22,,"mOcIykOnDgd3QV5gHrl8B5rxlWe9VRn+","a0DIygQs4rguY6Ey57+V6npgK+c4E00t","legacyData"
"ae174fc8-7e7d-4e68-ba7b-f47abf8c88ea","SRER_058.basePlot.vst","2016-01-13","vst_SRER_2016","D14","SRER","SRER_058","23","2","23_00","FOUQU","Fouquieria sp.","genus",,,100,100,0,4.0,1.38,,"mOcIykOnDgd3QV5gHrl8B5rxlWe9VRn+","a0DIygQs4rguY6Ey57+V6npgK+c4E00t","legacyData"
"28c4d210-6532-48b0-ab46-87f77b05a533","SRER_058.basePlot.vst","2016-01-13","vst_SRER_2016","D14","SRER","SRER_058","23","4","23_00","HYEM","Hyptis emoryi Torr.","species",,,100,90,10,4.0,1.34,,"mOcIykOnDgd3QV5gHrl8B5rxlWe9VRn+","a0DIygQs4rguY6Ey57+V6npgK+c4E00t","legacyData"
"50e9380d-a212-4fd1-b4cf-f9661ab76f16","SRER_059.basePlot.vst","2016-01-13","vst_SRER_2016","D14","SRER","SRER_059","21","1","21 _0","LATR2","Larrea tridentata (DC.) Coville","species",,,100,90,10,1.0,1.68,,"bhyqAGH4uRkcir9xDj7d5wq9Q3xNnOdK","/okdeQQFj3ok0YrB9sbbCIk0Gya2xtkj","legacyData"
"db97cd59-1abb-4c0c-a068-2b418d7ae345","SRER_058.basePlot.vst","2016-01-13","vst_SRER_2016","D14","SRER","SRER_058","23","2","23 _0","FOUQU","Fouquieria sp.","genus",,,100,100,0,4.0,1.38,,"mOcIykOnDgd3QV5gHrl8B5rxlWe9VRn+","a0DIygQs4rguY6Ey57+V6npgK+c4E00t","legacyData"
"1c5182e0-733a-4621-a2fb-fceeba198f7d","SRER_058.basePlot.vst","2016-01-13","vst_SRER_2016","D14","SRER","SRER_058","23","4","23 _0","HYEM","Hyptis emoryi Torr.","species",,,100,90,10,4.0,1.34,,"mOcIykOnDgd3QV5gHrl8B5rxlWe9VRn+","a0DIygQs4rguY6Ey57+V6npgK+c4E00t","legacyData"
"923c3345-2447-4370-81d0-f27245fb9568","SRER_058.basePlot.vst","2016-01-13","vst_SRER_2016","D14","SRER","SRER_058","23","2","23 _0","LATR2","Larrea tridentata (DC.) Coville","species",,,100,95,5,4.0,2.22,,"mOcIykOnDgd3QV5gHrl8B5rxlWe9VRn+","a0DIygQs4rguY6Ey57+V6npgK+c4E00t","legacyData"
"71ad396a-4f63-4557-a9a5-b10b7daf3536","SRER_059.basePlot.vst","2016-01-13","vst_SRER_2016","D14","SRER","SRER_059","41","4","41 _0","FOUQU","Fouquieria sp.","genus",,,100,100,0,1.0,0.28,,"bhyqAGH4uRkcir9xDj7d5wq9Q3xNnOdK","/okdeQQFj3ok0YrB9sbbCIk0Gya2xtkj","legacyData"
"8a899f12-2375-4a4f-9796-12c65728f80c","SRER_055.basePlot.vst","2016-01-14","vst_SRER_2016","D14","SRER","SRER_055","39","1","39_00","LATR2","Larrea tridentata (DC.) Coville","species",,,100,80,20,2.0,2.26,,"mOcIykOnDgd3QV5gHrl8B5rxlWe9VRn+","a0DIygQs4rguY6Ey57+V6npgK+c4E00t","legacyData"
"2871f8ed-323c-4270-8719-e331b5d7e7b8","SRER_051.basePlot.vst","2016-01-14","vst_SRER_2016","D14","SRER","SRER_051","23","2","23_00","LATR2","Larrea tridentata (DC.) Coville","species",,,100,90,10,1.0,1.40,,"/okdeQQFj3ok0YrB9sbbCIk0Gya2xtkj","/ByrziN0LguMJHnInl2NM/trZeA5h+c0","legacyData"
"e81a9be9-169c-4116-9ca3-a62fc4342080","SRER_049.basePlot.vst","2016-01-14","vst_SRER_2016","D14","SRER","SRER_049","21","1","21_00","LATR2","Larrea tridentata (DC.) Coville","species",,,100,90,10,6.0,2.00,,"/ByrziN0LguMJHnInl2NM/trZeA5h+c0","/okdeQQFj3ok0YrB9sbbCIk0Gya2xtkj","legacyData"
"f3ab64a9-8a7a-4ae3-8846-98253e6f8459","SRER_055.basePlot.vst","2016-01-14","vst_SRER_2016","D14","SRER","SRER_055","39","1","39 _0","LATR2","Larrea tridentata (DC.) Coville","species",,,100,80,20,2.0,2.26,,"mOcIykOnDgd3QV5gHrl8B5rxlWe9VRn+","a0DIygQs4rguY6Ey57+V6npgK+c4E00t","legacyData"
"dd33cd82-9a09-4cf4-b534-9b7be2c034a3","SRER_049.basePlot.vst","2016-01-14","vst_SRER_2016","D14","SRER","SRER_049","21","1","21 _0","LATR2","Larrea tridentata (DC.) Coville","species",,,100,90,10,6.0,2.00,,"/ByrziN0LguMJHnInl2NM/trZeA5h+c0","/okdeQQFj3ok0YrB9sbbCIk0Gya2xtkj","legacyData"
"5f5ec5d4-df7d-44ab-9318-3d87810f0e92","SRER_051.basePlot.vst","2016-01-14","vst_SRER_2016","D14","SRER","SRER_051","23","2","23 _0","LATR2","Larrea tridentata (DC.) Coville","species",,,100,90,10,1.0,1.40,,"/okdeQQFj3ok0YrB9sbbCIk0Gya2xtkj","/ByrziN0LguMJHnInl2NM/trZeA5h+c0","legacyData"
"31dc7545-4465-4b25-bb99-7a48ce1b11d5","SRER_043.basePlot.vst","2016-01-15","vst_SRER_2016","D14","SRER","SRER_043","21","1","21 _0","LATR2","Larrea tridentata (DC.) Coville","species",,,100,80,20,1.0,1.36,,"mOcIykOnDgd3QV5gHrl8B5rxlWe9VRn+","a0DIygQs4rguY6Ey57+V6npgK+c4E00t","legacyData"
"5dde895a-fe36-4773-bb9c-12af3df72209","SRER_043.basePlot.vst","2016-01-15","vst_SRER_2016","D14","SRER","SRER_043","21","1","21_00","LATR2","Larrea tridentata (DC.) Coville","species",,,100,80,20,1.0,1.36,,"mOcIykOnDgd3QV5gHrl8B5rxlWe9VRn+","a0DIygQs4rguY6Ey57+V6npgK+c4E00t","legacyData"
"bc0946b4-03cf-468a-8019-584c750dfa2b","SRER_056.basePlot.vst","2016-01-25","vst_SRER_2016","D14","SRER","SRER_056","39","3","39_00","LATR2","Larrea tridentata (DC.) Coville","species",,,100,90,10,1.0,1.58,,"mOcIykOnDgd3QV5gHrl8B5rxlWe9VRn+","a0DIygQs4rguY6Ey57+V6npgK+c4E00t","legacyData"
"428cf7f8-3845-4fb5-961c-34cee7dee05b","SRER_056.basePlot.vst","2016-01-25","vst_SRER_2016","D14","SRER","SRER_056","39","3","39 _0","LATR2","Larrea tridentata (DC.) Coville","species",,,100,90,10,1.0,1.58,,"mOcIykOnDgd3QV5gHrl8B5rxlWe9VRn+","a0DIygQs4rguY6Ey57+V6npgK+c4E00t","legacyData"
"331384fc-23bf-4e7b-9f9d-888dd46d4621","SRER_052.basePlot.vst","2016-01-26","vst_SRER_2016","D14","SRER","SRER_052","21","1","21 _0","FOUQU","Fouquieria sp.","genus",,,100,90,10,1.0,1.32,,"a0DIygQs4rguY6Ey57+V6npgK+c4E00t","mOcIykOnDgd3QV5gHrl8B5rxlWe9VRn+","legacyData"
"7feffa4a-5062-4756-946d-a3e9c4b46eb4","SRER_052.basePlot.vst","2016-01-26","vst_SRER_2016","D14","SRER","SRER_052","21","1","21 _0","LATR2","Larrea tridentata (DC.) Coville","species",,,100,90,10,1.0,1.24,,"a0DIygQs4rguY6Ey57+V6npgK+c4E00t","mOcIykOnDgd3QV5gHrl8B5rxlWe9VRn+","legacyData"
"05b1e3ff-7f58-42f2-9d5e-9554bcab36e4","SRER_044.basePlot.vst","2016-01-26","vst_SRER_2016","D14","SRER","SRER_044","39","1","39 _0","LATR2","Larrea tridentata (DC.) Coville","species",,,100,0,100,1.0,1.28,,"mOcIykOnDgd3QV5gHrl8B5rxlWe9VRn+","a0DIygQs4rguY6Ey57+V6npgK+c4E00t","legacyData"
"1fc74da1-8930-480b-8d44-3005f51eb358","SRER_052.basePlot.vst","2016-01-26","vst_SRER_2016","D14","SRER","SRER_052","21","1","21_00","FOUQU","Fouquieria sp.","genus",,,100,90,10,1.0,1.32,,"a0DIygQs4rguY6Ey57+V6npgK+c4E00t","mOcIykOnDgd3QV5gHrl8B5rxlWe9VRn+","legacyData"
"4a8a931c-99d1-4066-b0e9-8f7200aa3fdb","SRER_044.basePlot.vst","2016-01-26","vst_SRER_2016","D14","SRER","SRER_044","41","4","41 _0","FOUQU","Fouquieria sp.","genus",,,100,100,0,1.0,0.78,,"mOcIykOnDgd3QV5gHrl8B5rxlWe9VRn+","a0DIygQs4rguY6Ey57+V6npgK+c4E00t","legacyData"
"e8d04901-2858-4f67-8eef-fa9a38214e51","SRER_044.basePlot.vst","2016-01-26","vst_SRER_2016","D14","SRER","SRER_044","41","4","41_00","FOUQU","Fouquieria sp.","genus",,,100,100,0,1.0,0.78,,"mOcIykOnDgd3QV5gHrl8B5rxlWe9VRn+","a0DIygQs4rguY6Ey57+V6npgK+c4E00t","legacyData"
"f1577f60-19d3-4cc7-b3a4-8db4ee56d748","SRER_044.basePlot.vst","2016-01-26","vst_SRER_2016","D14","SRER","SRER_044","39","1","39_00","LATR2","Larrea tridentata (DC.) Coville","species",,,100,0,100,1.0,1.28,,"mOcIykOnDgd3QV5gHrl8B5rxlWe9VRn+","a0DIygQs4rguY6Ey57+V6npgK+c4E00t","legacyData"
"e2e3a6ec-e06e-454d-85e1-ad11b8f74386","SRER_052.basePlot.vst","2016-01-26","vst_SRER_2016","D14","SRER","SRER_052","21","1","21_00","LATR2","Larrea tridentata (DC.) Coville","species",,,100,90,10,1.0,1.24,,"a0DIygQs4rguY6Ey57+V6npgK+c4E00t","mOcIykOnDgd3QV5gHrl8B5rxlWe9VRn+","legacyData"
"ddc21025-1f6e-4494-a403-8c4d509dfd84","SRER_050.basePlot.vst","2016-01-27","vst_SRER_2016","D14","SRER","SRER_050","39","1","39 _0","LATR2","Larrea tridentata (DC.) Coville","species",,,100,80,20,5.0,2.18,,"a0DIygQs4rguY6Ey57+V6npgK+c4E00t","mOcIykOnDgd3QV5gHrl8B5rxlWe9VRn+","legacyData"
"5ee5913c-fd1f-4a6f-9fe3-59550575f7ae","SRER_050.basePlot.vst","2016-01-27","vst_SRER_2016","D14","SRER","SRER_050","39","1","39_00","LATR2","Larrea tridentata (DC.) Coville","species",,,100,80,20,5.0,2.18,,"a0DIygQs4rguY6Ey57+V6npgK+c4E00t","mOcIykOnDgd3QV5gHrl8B5rxlWe9VRn+","legacyData"
