uid,namedLocation,domainID,siteID,plotID,plotType,nlcdClass,decimalLatitude,decimalLongitude,geodeticDatum,coordinateUncertainty,elevation,elevationUncertainty,collectDate,eventID,sampleID,sampleCode,samplingMethod,totalSampledArea,targetTaxaPresent,adultCount,nymphCount,larvaCount,sampleCondition,samplingProtocolVersion,measuredBy,remarks
"9ab03715-364c-4bab-bcef-7440bb45acc3","GRSM_006.tickPlot.tck","D07","GRSM","GRSM_006","distributed","deciduousForest",35.679072,-83.643678,"WGS84",20.2,533.6,0.2,"2017-08-24T14:05Z","GRSM.2017.35",,,"drag and flag",163,"N",0,0,0,,"NEON.DOC.014045vH","B89Z/IeBZxWLIW3Z9xXJ10X7Hm8jgTUapi15Hp4Dy9Q=",
"77146abe-33a6-4ba1-bca5-35874ac71a35","GRSM_015.tickPlot.tck","D07","GRSM","GRSM_015","distributed","deciduousForest",35.729089,-83.408061,"WGS84",20.2,448.3,0.2,"2017-08-24T14:23Z","GRSM.2017.35",,,"drag and flag",161,"N",0,0,0,,"NEON.DOC.014045vH","r06MDBPxfayB7LqY7uL+NgRmLXQ/kzw+W2LWlW0d8tk=",
"8f35855f-f252-40e9-8af7-970eb2425009","GRSM_010.tickPlot.tck","D07","GRSM","GRSM_010","distributed","deciduousForest",35.669242,-83.524579,"WGS84",20.2,510.4,0.3,"2017-08-24T15:24Z","GRSM.2017.35",,,"drag and flag",162,"N",0,0,0,,"NEON.DOC.014045vH","B89Z/IeBZxWLIW3Z9xXJ10X7Hm8jgTUapi15Hp4Dy9Q=",
"338c97dd-d55f-48f8-b388-6ddadafd7790","GRSM_009.tickPlot.tck","D07","GRSM","GRSM_009","distributed","deciduousForest",35.671874,-83.491180,"WGS84",20.2,820.9,0.2,"2017-08-24T15:39Z","GRSM.2017.35",,,"drag",162,"N",0,0,0,,"NEON.DOC.014045vH","a/aqUH+4CfjbVMKT8GZX5jp1ciwPhaJJmObVM7eRPRo=",
"b19e9f69-4b70-4929-9127-e60271f9aea1","GRSM_004.tickPlot.tck","D07","GRSM","GRSM_004","distributed","deciduousForest",35.688959,-83.535562,"WGS84",20.3,441.9,0.5,"2017-08-24T16:38Z","GRSM.2017.35",,,"drag and flag",160,"N",0,0,0,,"NEON.DOC.014045vH","B89Z/IeBZxWLIW3Z9xXJ10X7Hm8jgTUapi15Hp4Dy9Q=",
"b09907cb-ef09-4b4d-8721-f598ebb13d5c","GRSM_003.tickPlot.tck","D07","GRSM","GRSM_003","distributed","deciduousForest",35.676584,-83.476209,"WGS84",20.2,880.6,0.2,"2017-08-24T16:47Z","GRSM.2017.35",,,"drag and flag",163,"N",0,0,0,,"NEON.DOC.014045vH","r06MDBPxfayB7LqY7uL+NgRmLXQ/kzw+W2LWlW0d8tk=",
