uid,namedLocation,domainID,siteID,plotID,plotType,nlcdClass,decimalLatitude,decimalLongitude,geodeticDatum,coordinateUncertainty,elevation,elevationUncertainty,collectDate,eventID,sampleID,sampleCode,samplingMethod,totalSampledArea,targetTaxaPresent,adultCount,nymphCount,larvaCount,sampleCondition,samplingProtocolVersion,measuredBy,remarks
"0b264af4-c406-4ea6-82e2-c93938e41ff3","WREF_013.tickPlot.tck","D16","WREF","WREF_013","distributed","evergreenForest",45.837147,-122.018217,"WGS84",20.2,616.1,0.2,"2018-06-04T19:12Z","WREF.2018.23",,,"drag and flag",160,"N",0,0,0,,"NEON.DOC.014045vJ","A/RRczOckiF0yLsm5QLvenZZSpmx5R/GxdMYXQe8nd8aK+63Kw71Xg==",
"c7357757-321c-4484-bff4-55ed975265eb","WREF_009.tickPlot.tck","D16","WREF","WREF_009","distributed","evergreenForest",45.834792,-122.001011,"WGS84",20.2,827.5,0.3,"2018-06-04T19:30Z","WREF.2018.23",,,"drag and flag",160,"N",0,0,0,,"NEON.DOC.014045vJ","9MpvHR97FuJo4gsLwNb5xoR0ZKgI4SjpD6yX9wK3zYo=",
"a44b099e-653c-4d4b-a4a6-da7bd3ae0fce","WREF_001.tickPlot.tck","D16","WREF","WREF_001","distributed","evergreenForest",45.844857,-122.000505,"WGS84",20.1,654.4,0.1,"2018-06-04T20:02Z","WREF.2018.23",,,"drag and flag",160,"N",0,0,0,,"NEON.DOC.014045vJ","A/RRczOckiF0yLsm5QLvenZZSpmx5R/GxdMYXQe8nd8aK+63Kw71Xg==",
"1455fc45-7aa3-4095-97aa-634e661a318c","WREF_004.tickPlot.tck","D16","WREF","WREF_004","distributed","evergreenForest",45.821500,-121.998892,"WGS84",20.1,558.6,0.1,"2018-06-04T20:35Z","WREF.2018.23",,,"drag and flag",160,"N",0,0,0,,"NEON.DOC.014045vJ","9MpvHR97FuJo4gsLwNb5xoR0ZKgI4SjpD6yX9wK3zYo=",
"d4289ef7-37cd-45b7-a737-031b3f1e355f","WREF_007.tickPlot.tck","D16","WREF","WREF_007","distributed","evergreenForest",45.851145,-121.988562,"WGS84",20.2,583.2,0.3,"2018-06-04T20:53Z","WREF.2018.23",,,"drag and flag",160,"N",0,0,0,,"NEON.DOC.014045vJ","A/RRczOckiF0yLsm5QLvenZZSpmx5R/GxdMYXQe8nd8aK+63Kw71Xg==",
"e82a18b0-12e8-4909-a799-bfd81d665ac0","WREF_008.tickPlot.tck","D16","WREF","WREF_008","distributed","evergreenForest",45.822946,-121.971832,"WGS84",20.3,451.8,0.4,"2018-06-04T21:23Z","WREF.2018.23",,,"drag and flag",160,"N",0,0,0,,"NEON.DOC.014045vJ","9MpvHR97FuJo4gsLwNb5xoR0ZKgI4SjpD6yX9wK3zYo=",
