uid,namedLocation,domainID,siteID,plotID,plotType,nlcdClass,decimalLatitude,decimalLongitude,geodeticDatum,coordinateUncertainty,elevation,elevationUncertainty,collectDate,eventID,sampleID,sampleCode,samplingMethod,totalSampledArea,targetTaxaPresent,adultCount,nymphCount,larvaCount,sampleCondition,samplingProtocolVersion,measuredBy,remarks
"38e9d698-bf99-4211-b4f9-5a7121867f7b","BART_019.tickPlot.tck","D01","BART","BART_019","distributed","mixedForest",44.069350,-71.288001,"WGS84",20.2,231.8,0.2,"2016-07-05T15:24Z","BART.2016.27",,,"drag and flag",154,"N",0,0,0,"No known compromise","NEON.DOC.014045vG","2xX6mTIEU2zzk+aGAURxuwRthSzBo/kx",
"175c5d70-e5b5-4a8c-b2d7-af0f9bb936c6","BART_029.tickPlot.tck","D01","BART","BART_029","distributed","evergreenForest",44.058948,-71.289336,"WGS84",20.2,291.7,0.3,"2016-07-05T16:51Z","BART.2016.27",,,"drag and flag",151,"N",0,0,0,"No known compromise","NEON.DOC.014045vG","2xX6mTIEU2zzk+aGAURxuwRthSzBo/kx",
"b47f6e74-7674-4b3c-988c-24a8b29dfd91","BART_010.tickPlot.tck","D01","BART","BART_010","distributed","deciduousForest",44.051100,-71.267766,"WGS84",20.2,413.0,0.4,"2016-07-05T18:08Z","BART.2016.27",,,"drag and flag",160,"N",0,0,0,"No known compromise","NEON.DOC.014045vG","2xX6mTIEU2zzk+aGAURxuwRthSzBo/kx",
"58228771-dc51-4d77-94e0-72172181951b","BART_011.tickPlot.tck","D01","BART","BART_011","distributed","mixedForest",44.048783,-71.295353,"WGS84",20.2,399.5,0.2,"2016-07-05T19:28Z","BART.2016.27",,,"drag and flag",160,"N",0,0,0,"No known compromise","NEON.DOC.014045vG","2xX6mTIEU2zzk+aGAURxuwRthSzBo/kx",
"e75e8a33-52f5-482c-a7d5-71b83612f480","BART_002.tickPlot.tck","D01","BART","BART_002","distributed","deciduousForest",44.035231,-71.274674,"WGS84",20.2,502.6,0.3,"2016-07-06T12:25Z","BART.2016.27",,,"drag and flag",160,"N",0,0,0,"No known compromise","NEON.DOC.014045vG","2xX6mTIEU2zzk+aGAURxuwRthSzBo/kx",
"2f727eb1-7f02-4392-9396-4f93983b7352","BART_015.tickPlot.tck","D01","BART","BART_015","distributed","mixedForest",44.042149,-71.271603,"WGS84",20.3,455.0,0.5,"2016-07-06T13:38Z","BART.2016.27",,,"drag and flag",160,"N",0,0,0,"No known compromise","NEON.DOC.014045vG","2xX6mTIEU2zzk+aGAURxuwRthSzBo/kx",
"f18f5488-6e62-4a94-b6a9-c99f056d9a1e","BART_019.tickPlot.tck","D01","BART","BART_019","distributed","mixedForest",44.069350,-71.288001,"WGS84",20.2,231.8,0.2,"2016-07-25T06:12Z","BART.2016.30",,,"drag and flag",157,"N",0,0,0,"No known compromise","NEON.DOC.014045vG","6SJ325p65hb3UnCLYcVTsvIc8JdpRGee",
"c0bab7e3-2c80-427a-9d7d-ca9d1ab33634","BART_011.tickPlot.tck","D01","BART","BART_011","distributed","mixedForest",44.048783,-71.295353,"WGS84",20.2,399.5,0.2,"2016-07-25T07:53Z","BART.2016.30",,,"drag and flag",160,"N",0,0,0,"No known compromise","NEON.DOC.014045vG","6SJ325p65hb3UnCLYcVTsvIc8JdpRGee",
"bea1d115-c237-4473-9b03-c19dce008195","BART_010.tickPlot.tck","D01","BART","BART_010","distributed","deciduousForest",44.051100,-71.267766,"WGS84",20.2,413.0,0.4,"2016-07-26T11:48Z","BART.2016.30",,,"drag and flag",160,"N",0,0,0,"No known compromise","NEON.DOC.014045vG","6SJ325p65hb3UnCLYcVTsvIc8JdpRGee",
"17538238-19c4-4015-a93c-4c32be7e9cb8","BART_002.tickPlot.tck","D01","BART","BART_002","distributed","deciduousForest",44.035231,-71.274674,"WGS84",20.2,502.6,0.3,"2016-07-26T12:44Z","BART.2016.30",,,"drag and flag",160,"N",0,0,0,"No known compromise","NEON.DOC.014045vG","snxj1sDwU/3W2iE26x/SLaGfXy7c8O53",
