uid,namedLocation,domainID,siteID,plotID,plotType,nlcdClass,decimalLatitude,decimalLongitude,geodeticDatum,coordinateUncertainty,elevation,elevationUncertainty,collectDate,eventID,sampleID,sampleCode,samplingMethod,totalSampledArea,targetTaxaPresent,adultCount,nymphCount,larvaCount,sampleCondition,samplingProtocolVersion,measuredBy,remarks
"51c106ef-ff45-423f-8522-aa6425971c3c","ORNL_009.tickPlot.tck","D07","ORNL","ORNL_009","distributed","deciduousForest",35.974902,-84.226630,"WGS84",20.2,337.1,0.2,"2016-08-04T13:24Z","ORNL.2016.31","ORNL_009.20160804",,"drag",160,"Y",0,6,447,"No known compromise","NEON.DOC.014045vG","wUBWszgu2lH2diIu19eQL/9vP8SagSqv","Larval roll tape in vial"
"b9ffcbab-137a-4b77-8016-14523b68e4e5","ORNL_040.tickPlot.tck","D07","ORNL","ORNL_040","distributed","evergreenForest",35.975525,-84.305103,"WGS84",20.2,273.2,0.2,"2016-08-04T13:37Z","ORNL.2016.31","ORNL_040.20160804",,"drag",165,"Y",0,6,921,"No known compromise","NEON.DOC.014045vG","3N/2Y8uyC8QiXJYH2uxv9fESwdLF7S/KKQgrEFvMikc=",
"36acbab3-c220-497e-9aec-aa310585141c","ORNL_003.tickPlot.tck","D07","ORNL","ORNL_003","distributed","deciduousForest",35.967011,-84.229849,"WGS84",20.2,275.5,0.2,"2016-08-04T14:28Z","ORNL.2016.31","ORNL_003.20160804",,"drag",163,"Y",0,2,234,"No known compromise","NEON.DOC.014045vG","wUBWszgu2lH2diIu19eQL/9vP8SagSqv","Larval tape roll"
"a98bdfec-5d3d-4e58-ba68-3b8e48f26c0c","ORNL_008.tickPlot.tck","D07","ORNL","ORNL_008","distributed","deciduousForest",35.933531,-84.334016,"WGS84",20.3,322.7,0.3,"2016-08-04T14:49Z","ORNL.2016.31","ORNL_008.20160804",,"drag",160,"Y",0,5,52,"No known compromise","NEON.DOC.014045vG","3N/2Y8uyC8QiXJYH2uxv9fESwdLF7S/KKQgrEFvMikc=",
"20a4db4a-84bf-4d27-89d8-0d46951b620b","ORNL_002.tickPlot.tck","D07","ORNL","ORNL_002","distributed","deciduousForest",35.983090,-84.211654,"WGS84",20.3,338.6,0.5,"2016-08-04T15:55Z","ORNL.2016.31","ORNL_002.20160804",,"drag",160,"Y",0,2,144,"No known compromise","NEON.DOC.014045vG","wUBWszgu2lH2diIu19eQL/9vP8SagSqv","Larval tickk tape roll"
"792a8bd3-6f19-4735-9765-e84625882b40","ORNL_007.tickPlot.tck","D07","ORNL","ORNL_007","distributed","deciduousForest",35.925843,-84.328420,"WGS84",20.2,279.4,0.5,"2016-08-04T16:00Z","ORNL.2016.31","ORNL_007.20160804",,"drag",175,"Y",1,9,179,"No known compromise","NEON.DOC.014045vG","xvXXx2YfvliZ3zsHMcdXOaIt4dnvXIe8wSogS8jrnDA=",
"c0119de3-5b3b-483c-8e14-9a6b5126075e","ORNL_002.tickPlot.tck","D07","ORNL","ORNL_002","distributed","deciduousForest",35.983090,-84.211654,"WGS84",20.3,338.6,0.5,"2016-08-22T14:46Z","ORNL.2016.34","ORNL_002.20160822",,"drag and flag",160,"Y",0,0,1425,"No known compromise","NEON.DOC.014045vG","2nGPXjKWVyJkJi2ZU+t5cD/44gqk/Kl4",
"04b34bf9-ef72-4ab6-84e8-633a5bd2a0dc","ORNL_008.tickPlot.tck","D07","ORNL","ORNL_008","distributed","deciduousForest",35.933531,-84.334016,"WGS84",20.3,322.7,0.3,"2016-08-22T15:16Z","ORNL.2016.34","ORNL_008.20160822",,"drag",160,"Y",0,2,1,"No known compromise","NEON.DOC.014045vG","xvXXx2YfvliZ3zsHMcdXOaIt4dnvXIe8wSogS8jrnDA=",
"1e7d43b7-5ffa-4ac3-addd-63559d3ab318","ORNL_007.tickPlot.tck","D07","ORNL","ORNL_007","distributed","deciduousForest",35.925843,-84.328420,"WGS84",20.2,279.4,0.5,"2016-08-22T16:09Z","ORNL.2016.34","ORNL_007.20160822",,"drag and flag",162,"Y",0,11,115,"No known compromise","NEON.DOC.014045vG","xvXXx2YfvliZ3zsHMcdXOaIt4dnvXIe8wSogS8jrnDA=",
"35f6d0c0-5c44-4f27-a69f-214b37943782","ORNL_009.tickPlot.tck","D07","ORNL","ORNL_009","distributed","deciduousForest",35.974902,-84.226630,"WGS84",20.2,337.1,0.2,"2016-08-22T16:12Z","ORNL.2016.34","ORNL_009.20160822",,"drag and flag",163,"Y",0,3,218,"No known compromise","NEON.DOC.014045vG","B89Z/IeBZxVUVqkZavcPJo3avqhPk8Rn",
"35d69dbf-8d10-4cec-affa-1e4248ab538c","ORNL_040.tickPlot.tck","D07","ORNL","ORNL_040","distributed","evergreenForest",35.975525,-84.305103,"WGS84",20.2,273.2,0.2,"2016-08-22T17:29Z","ORNL.2016.34","ORNL_040.20160822",,"drag",160,"Y",0,12,148,"No known compromise","NEON.DOC.014045vG","xvXXx2YfvliZ3zsHMcdXOaIt4dnvXIe8wSogS8jrnDA=",
"a099796d-23bd-4dea-a8ce-1b9cbacc73cc","ORNL_003.tickPlot.tck","D07","ORNL","ORNL_003","distributed","deciduousForest",35.967011,-84.229849,"WGS84",20.2,275.5,0.2,"2016-08-22T17:49Z","ORNL.2016.34","ORNL_003.20160822",,"drag and flag",160,"Y",0,6,0,"No known compromise","NEON.DOC.014045vG","B89Z/IeBZxVUVqkZavcPJo3avqhPk8Rn",
