uid,namedLocation,plotID,collectDate,identifiedDate,sampleID,subsampleID,scientificName,acceptedTaxonID,taxonRank,family,subfamily,tribe,subtribe,genus,subgenus,specificEpithet,infraspecificEpithet,identificationQualifier,identificationReferences,identificationProtocolVersion,scientificNameAuthorship,sexOrAge,individualCount,sampleCondition,archiveMedium,archiveFacilityID,deprecatedVialID,identifiedBy,laboratoryName,remarks
"46ca723f-ba75-411a-833d-4e3103dca6b3","ORNL_009.tickPlot.tck","ORNL_009","2016-08-04T13:24Z","2017-06-23T16:00Z","ORNL_009.20160804","ORNL_009.20160804.AMBAME.N","Amblyomma americanum","AMBAME","species","Ixodidae",,,,"Amblyomma",,"americanum",,,"Cooley, R. A. and G. M. Kohls. 1944. The genus Amblyomma (ixodidae) in the United States. The Journal of Parasitology, 30(2):77-111.","GSU_tickIdentification_SOP_2016-11-01.pdf","Linnaeus","Nymph",6,"OK","RNA stabilization buffer","USNMENT00984476","ORNL_009.20160804.AMBAME.N","Lorenza Beati","Georgia Southern University",
"1063586e-c052-446b-9ecc-2bd91465fd7a","ORNL_009.tickPlot.tck","ORNL_009","2016-08-04T13:24Z","2017-04-28T16:00Z","ORNL_009.20160804","ORNL_009.20160804.IXOSP.L","Ixodidae sp.","IXOSP","family","Ixodidae",,,,,,"sp.",,,,"GSU_tickIdentification_SOP_2016-11-01.pdf",,"Larva",1,"OK","RNA stabilization buffer","USNMENT00984478","ORNL_009.20160804.L","Arianna Gibbs","Georgia Southern University",
"f47e2120-e3d8-48c3-ab5b-23d3e9eb1c7c","ORNL_040.tickPlot.tck","ORNL_040","2016-08-04T13:37Z","2017-05-01T16:00Z","ORNL_040.20160804","ORNL_040.20160804.IXOSP.L","Ixodidae sp.","IXOSP","family","Ixodidae",,,,,,"sp.",,,,"GSU_tickIdentification_SOP_2016-11-01.pdf",,"Larva",1,"OK","RNA stabilization buffer","USNMENT00984497","ORNL_040.20160804.L","Arianna Gibbs","Georgia Southern University",
"85bc2005-0791-4d7c-962a-22ef47ce004a","ORNL_040.tickPlot.tck","ORNL_040","2016-08-04T13:37Z","2017-06-23T16:00Z","ORNL_040.20160804","ORNL_040.20160804.AMBAME.N","Amblyomma americanum","AMBAME","species","Ixodidae",,,,"Amblyomma",,"americanum",,,"Cooley, R. A. and G. M. Kohls. 1944. The genus Amblyomma (ixodidae) in the United States. The Journal of Parasitology, 30(2):77-111.","GSU_tickIdentification_SOP_2016-11-01.pdf","Linnaeus","Nymph",6,"OK","RNA stabilization buffer","USNMENT00984496","ORNL_040.20160804.AMBAME.N","Lorenza Beati","Georgia Southern University",
"4da7bdf1-94f8-4fa5-8ad0-6e7c11e046a1","ORNL_003.tickPlot.tck","ORNL_003","2016-08-04T14:28Z","2017-04-26T16:00Z","ORNL_003.20160804","ORNL_003.20160804.IXOSP.L","Ixodidae sp.","IXOSP","family","Ixodidae",,,,,,"sp.",,,,"GSU_tickIdentification_SOP_2016-11-01.pdf",,"Larva",1,"OK","RNA stabilization buffer","USNMENT00984462","ORNL_003.20160804.L","Arianna Gibbs","Georgia Southern University",
"4d10571a-332c-4c64-87d2-6dab16be2b79","ORNL_003.tickPlot.tck","ORNL_003","2016-08-04T14:28Z","2017-06-23T16:00Z","ORNL_003.20160804","ORNL_003.20160804.AMBAME.N","Amblyomma americanum","AMBAME","species","Ixodidae",,,,"Amblyomma",,"americanum",,,"Cooley, R. A. and G. M. Kohls. 1944. The genus Amblyomma (ixodidae) in the United States. The Journal of Parasitology, 30(2):77-111.","GSU_tickIdentification_SOP_2016-11-01.pdf","Linnaeus","Nymph",3,"OK","RNA stabilization buffer","USNMENT00984461","ORNL_003.20160804.AMBAME.N","Lorenza Beati","Georgia Southern University",
"bca7b427-89a7-40d8-b15c-4690b81e7c98","ORNL_008.tickPlot.tck","ORNL_008","2016-08-04T14:49Z","2017-06-23T16:00Z","ORNL_008.20160804","ORNL_008.20160804.AMBAME.N","Amblyomma americanum","AMBAME","species","Ixodidae",,,,"Amblyomma",,"americanum",,,"Cooley, R. A. and G. M. Kohls. 1944. The genus Amblyomma (ixodidae) in the United States. The Journal of Parasitology, 30(2):77-111.","GSU_tickIdentification_SOP_2016-11-01.pdf","Linnaeus","Nymph",5,"OK","RNA stabilization buffer","USNMENT00984467","ORNL_008.20160804.AMBAME.N","Lorenza Beati","Georgia Southern University",
"fe440a6e-d00d-43a3-b9a4-e05671efbc82","ORNL_002.tickPlot.tck","ORNL_002","2016-08-04T15:55Z","2017-06-23T16:00Z","ORNL_002.20160804","ORNL_002.20160804.AMBAME.N","Amblyomma americanum","AMBAME","species","Ixodidae",,,,"Amblyomma",,"americanum",,,"Cooley, R. A. and G. M. Kohls. 1944. The genus Amblyomma (ixodidae) in the United States. The Journal of Parasitology, 30(2):77-111.","GSU_tickIdentification_SOP_2016-11-01.pdf","Linnaeus","Nymph",3,"OK","RNA stabilization buffer","USNMENT00984436","ORNL_002.20160804.AMBAME.N","Lorenza Beati","Georgia Southern University",
"70cc21ae-b764-4132-b4ca-b1de5e7806cb","ORNL_002.tickPlot.tck","ORNL_002","2016-08-04T15:55Z","2017-04-25T16:00Z","ORNL_002.20160804","ORNL_002.20160804.IXOSP.L","Ixodidae sp.","IXOSP","family","Ixodidae",,,,,,"sp.",,,,"GSU_tickIdentification_SOP_2016-11-01.pdf",,"Larva",1,"OK","RNA stabilization buffer","USNMENT00984437","ORNL_002.20160804.L","Arianna Gibbs","Georgia Southern University",
"6868ac6f-c88d-4e2b-8f85-eb6ab2247abc","ORNL_007.tickPlot.tck","ORNL_007","2016-08-04T16:00Z","2017-06-23T16:00Z","ORNL_007.20160804","ORNL_007.20160804.AMBAME.N","Amblyomma americanum","AMBAME","species","Ixodidae",,,,"Amblyomma",,"americanum",,,"Cooley, R. A. and G. M. Kohls. 1944. The genus Amblyomma (ixodidae) in the United States. The Journal of Parasitology, 30(2):77-111.","GSU_tickIdentification_SOP_2016-11-01.pdf","Linnaeus","Nymph",2,"OK","RNA stabilization buffer","USNMENT00984493","ORNL_007.20160804.AMBAME.N","Lorenza Beati","Georgia Southern University",
"5b1ded3c-7ca8-44ac-a88f-e09271aa1153","ORNL_007.tickPlot.tck","ORNL_007","2016-08-04T16:00Z","2017-05-01T16:00Z","ORNL_007.20160804","ORNL_007.20160804.IXOSP.L","Ixodidae sp.","IXOSP","family","Ixodidae",,,,,,"sp.",,,,"GSU_tickIdentification_SOP_2016-11-01.pdf",,"Larva",1,"OK","RNA stabilization buffer","USNMENT00984495","ORNL_007.20160804.L","Arianna Gibbs","Georgia Southern University",
"c929f91c-23d1-4ef1-8667-182690c92770","ORNL_007.tickPlot.tck","ORNL_007","2016-08-04T16:00Z","2017-06-23T16:00Z","ORNL_007.20160804","ORNL_007.20160804.AMBAME.F","Amblyomma americanum","AMBAME","species","Ixodidae",,,,"Amblyomma",,"americanum",,,"Cooley, R. A. and G. M. Kohls. 1944. The genus Amblyomma (ixodidae) in the United States. The Journal of Parasitology, 30(2):77-111.","GSU_tickIdentification_SOP_2016-11-01.pdf","Linnaeus","Female",1,"OK","RNA stabilization buffer","USNMENT00984479","ORNL_007.20160804.AMBAME.F","Lorenza Beati","Georgia Southern University",
"172e1280-25e9-4dd3-bf30-f38f6686199a","ORNL_002.tickPlot.tck","ORNL_002","2016-08-22T14:46Z","2017-05-03T16:00Z","ORNL_002.20160822","ORNL_002.20160822.IXOSP.L","Ixodidae sp.","IXOSP","family","Ixodidae",,,,,,"sp.",,,,"GSU_tickIdentification_SOP_2016-11-01.pdf",,"Larva",1,"OK","RNA stabilization buffer","USNMENT00984512","ORNL_002.20160822.L","Arianna Gibbs","Georgia Southern University",
"a66beee3-662c-4269-b711-9280606a2ef6","ORNL_008.tickPlot.tck","ORNL_008","2016-08-22T15:16Z","2017-06-23T16:00Z","ORNL_008.20160822","ORNL_008.20160822.AMBAME.N","Amblyomma americanum","AMBAME","species","Ixodidae",,,,"Amblyomma",,"americanum",,,"Cooley, R. A. and G. M. Kohls. 1944. The genus Amblyomma (ixodidae) in the United States. The Journal of Parasitology, 30(2):77-111.","GSU_tickIdentification_SOP_2016-11-01.pdf","Linnaeus","Nymph",2,"OK","RNA stabilization buffer","USNMENT00984463","ORNL_008.20160822.AMBAME.N","Lorenza Beati","Georgia Southern University",
"c6df35f4-5fdd-420d-a746-c37c5f477e14","ORNL_008.tickPlot.tck","ORNL_008","2016-08-22T15:16Z","2017-04-26T16:00Z","ORNL_008.20160822","ORNL_008.20160822.IXOSP.L","Ixodidae sp.","IXOSP","family","Ixodidae",,,,,,"sp.",,,,"GSU_tickIdentification_SOP_2016-11-01.pdf",,"Larva",1,"OK","RNA stabilization buffer","USNMENT00984464","ORNL_008.20160822.L","Arianna Gibbs","Georgia Southern University",
"5716d612-2a85-4fc0-90e6-90ccc37431b3","ORNL_007.tickPlot.tck","ORNL_007","2016-08-22T16:09Z","2017-05-01T16:00Z","ORNL_007.20160822","ORNL_007.20160822.IXOSP.L","Ixodidae sp.","IXOSP","family","Ixodidae",,,,,,"sp.",,,,"GSU_tickIdentification_SOP_2016-11-01.pdf",,"Larva",1,"OK","RNA stabilization buffer","USNMENT00984499","ORNL_007.20160822.L","Arianna Gibbs","Georgia Southern University",
"9969e1d1-5907-4f5b-a7ef-f9c13054c2d3","ORNL_007.tickPlot.tck","ORNL_007","2016-08-22T16:09Z","2017-06-23T16:00Z","ORNL_007.20160822","ORNL_007.20160822.AMBAME.N","Amblyomma americanum","AMBAME","species","Ixodidae",,,,"Amblyomma",,"americanum",,,"Cooley, R. A. and G. M. Kohls. 1944. The genus Amblyomma (ixodidae) in the United States. The Journal of Parasitology, 30(2):77-111.","GSU_tickIdentification_SOP_2016-11-01.pdf","Linnaeus","Nymph",11,"OK","RNA stabilization buffer","USNMENT00984498","ORNL_007.20160822.AMBAME.N","Lorenza Beati","Georgia Southern University",
"83c35569-3904-4d9b-b52e-7a1ea5b3fee8","ORNL_009.tickPlot.tck","ORNL_009","2016-08-22T16:12Z","2017-05-03T16:00Z","ORNL_009.20160822","ORNL_009.20160822.IXOSP.L","Ixodidae sp.","IXOSP","family","Ixodidae",,,,,,"sp.",,,,"GSU_tickIdentification_SOP_2016-11-01.pdf",,"Larva",1,"OK","RNA stabilization buffer","USNMENT00984514","ORNL_009.20160822.L","Arianna Gibbs","Georgia Southern University",
"e3c20088-b579-4d0c-864e-c910ae3849ec","ORNL_009.tickPlot.tck","ORNL_009","2016-08-22T16:12Z","2017-06-23T16:00Z","ORNL_009.20160822","ORNL_009.20160822.AMBAME.N","Amblyomma americanum","AMBAME","species","Ixodidae",,,,"Amblyomma",,"americanum",,,"Cooley, R. A. and G. M. Kohls. 1944. The genus Amblyomma (ixodidae) in the United States. The Journal of Parasitology, 30(2):77-111.","GSU_tickIdentification_SOP_2016-11-01.pdf","Linnaeus","Nymph",2,"OK","RNA stabilization buffer","USNMENT00984513","ORNL_009.20160822.AMBAME.N","Lorenza Beati","Georgia Southern University",
"1fd0d3e5-9e00-4cd7-8641-151f934dfe50","ORNL_040.tickPlot.tck","ORNL_040","2016-08-22T17:29Z","2017-06-23T16:00Z","ORNL_040.20160822","ORNL_040.20160822.AMBAME.N","Amblyomma americanum","AMBAME","species","Ixodidae",,,,"Amblyomma",,"americanum",,,"Cooley, R. A. and G. M. Kohls. 1944. The genus Amblyomma (ixodidae) in the United States. The Journal of Parasitology, 30(2):77-111.","GSU_tickIdentification_SOP_2016-11-01.pdf","Linnaeus","Nymph",13,"OK","RNA stabilization buffer","USNMENT00984510","ORNL_040.20160822.AMBAME.N","Lorenza Beati","Georgia Southern University",
"3b35519e-9934-462b-98b2-f48c9010692f","ORNL_040.tickPlot.tck","ORNL_040","2016-08-22T17:29Z","2017-05-03T16:00Z","ORNL_040.20160822","ORNL_040.20160822.IXOSP.L","Ixodidae sp.","IXOSP","family","Ixodidae",,,,,,"sp.",,,,"GSU_tickIdentification_SOP_2016-11-01.pdf",,"Larva",1,"OK","RNA stabilization buffer","USNMENT00984511","ORNL_040.20160822.L","Arianna Gibbs","Georgia Southern University",
"96803b64-01fc-4b54-aede-5e2b3aa5eb03","ORNL_003.tickPlot.tck","ORNL_003","2016-08-22T17:49Z","2017-06-23T16:00Z","ORNL_003.20160822","ORNL_003.20160822.AMBAME.N","Amblyomma americanum","AMBAME","species","Ixodidae",,,,"Amblyomma",,"americanum",,,"Cooley, R. A. and G. M. Kohls. 1944. The genus Amblyomma (ixodidae) in the United States. The Journal of Parasitology, 30(2):77-111.","GSU_tickIdentification_SOP_2016-11-01.pdf","Linnaeus","Nymph",2,"OK","RNA stabilization buffer","USNMENT00984465","ORNL_003.20160822.AMBAME.N","Lorenza Beati","Georgia Southern University",
"02b802e6-b264-4e05-8448-2363984e6b41","ORNL_003.tickPlot.tck","ORNL_003","2016-08-22T17:49Z","2017-04-26T16:00Z","ORNL_003.20160822","ORNL_003.20160822.IXOSP.L","Ixodidae sp.","IXOSP","family","Ixodidae",,,,,,"sp.",,,,"GSU_tickIdentification_SOP_2016-11-01.pdf",,"Larva",1,"OK","RNA stabilization buffer","USNMENT00984466","ORNL_003.20160822.L","Arianna Gibbs","Georgia Southern University",
