uid,namedLocation,domainID,siteID,plotID,plotType,nlcdClass,decimalLatitude,decimalLongitude,geodeticDatum,coordinateUncertainty,elevation,elevationUncertainty,collectDate,eventID,sampleID,sampleCode,samplingMethod,totalSampledArea,targetTaxaPresent,adultCount,nymphCount,larvaCount,sampleCondition,samplingProtocolVersion,measuredBy,remarks
"956daad9-6502-41ee-897b-0364ec2c1613","WOOD_024.tickPlot.tck","D09","WOOD","WOOD_024","distributed","emergentHerbaceousWetlands",47.150784,-99.260836,"WGS84",20.1,586.1,0.2,"2016-04-13T18:55Z","WOOD.2016.15",,,"drag and flag",160,"N",0,0,0,"No known compromise","NEON.DOC.014045vG","4oCBvlQIQ4DhSH30J22+0bs0GAacIQwk",
"ea7b1485-8774-47b9-9464-efaa4943aff5","WOOD_009.tickPlot.tck","D09","WOOD","WOOD_009","distributed","grasslandHerbaceous",47.144534,-99.231072,"WGS84",20.1,573.5,0.2,"2016-04-13T19:35Z","WOOD.2016.15",,,"drag",170,"N",0,0,0,"No known compromise","NEON.DOC.014045vG","4oCBvlQIQ4DhSH30J22+0bs0GAacIQwk",
"204da110-51e6-4e64-87bd-9cf0fb040aeb","WOOD_002.tickPlot.tck","D09","WOOD","WOOD_002","distributed","grasslandHerbaceous",47.136802,-99.234546,"WGS84",20.1,578.3,0.1,"2016-04-13T20:09Z","WOOD.2016.15",,,"drag",160,"N",0,0,0,"No known compromise","NEON.DOC.014045vG","Y5z6Fmrws3jA1BVsC0w+H9mBsn34g2gg",
"92a5ffdd-5106-440f-a388-384d4eb2a336","WOOD_007.tickPlot.tck","D09","WOOD","WOOD_007","distributed","grasslandHerbaceous",47.133887,-99.251357,"WGS84",20.4,593.6,0.3,"2016-04-14T18:42Z","WOOD.2016.15",,,"drag",175,"N",0,0,0,"No known compromise","NEON.DOC.014045vG","Y5z6Fmrws3jA1BVsC0w+H9mBsn34g2gg","Got off course"
"3af8bb3f-2299-4bc9-91db-f28318e1952a","WOOD_001.tickPlot.tck","D09","WOOD","WOOD_001","distributed","grasslandHerbaceous",47.127200,-99.256464,"WGS84",20.1,593.8,0.2,"2016-04-14T18:56Z","WOOD.2016.15",,,"drag",162,"N",0,0,0,"No known compromise","NEON.DOC.014045vG","62fl6f7RhOrHuWsa16zJtHZ8eiAg71yu","Got off course; couldn't see flag"
"df42dde5-23e8-4966-91ce-3ed0eec55b04","WOOD_006.tickPlot.tck","D09","WOOD","WOOD_006","distributed","grasslandHerbaceous",47.141023,-99.248055,"WGS84",20.1,587.2,0.1,"2016-04-14T19:20Z","WOOD.2016.15",,,"drag",160,"N",0,0,0,"No known compromise","NEON.DOC.014045vG","iMtZlqFX8RWAks1You64fym7iEU1mv38","Forgot to mark initial start time; given start time is incorrect."
