uid,namedLocation,domainID,siteID,plotID,plotType,nlcdClass,decimalLatitude,decimalLongitude,geodeticDatum,coordinateUncertainty,elevation,elevationUncertainty,collectDate,eventID,sampleID,sampleCode,samplingMethod,totalSampledArea,targetTaxaPresent,adultCount,nymphCount,larvaCount,sampleCondition,samplingProtocolVersion,measuredBy,remarks
"832e7a4a-cab9-4ea8-9f49-d24985195bfa","MOAB_003.tickPlot.tck","D13","MOAB","MOAB_003","distributed","evergreenForest",38.261626,-109.347802,"WGS84",20.2,2013.4,0.5,"2017-06-01T14:00Z","MOAB.2017.23",,,"drag and flag",176,"N",0,0,0,,"NEON.DOC.014045vH","DDNDpGyuy0rKFCYL/Fhff/iP2cvRYuokCctzc6bexHQ=","Deviations: 6+2+2+4+2=16"
"bf34bf16-ac2b-4cea-aa19-3ddec78d7860","MOAB_001.tickPlot.tck","D13","MOAB","MOAB_001","distributed","shrubScrub",38.258888,-109.413897,"WGS84",20.1,1804.0,0.1,"2017-06-01T16:05Z","MOAB.2017.23",,,"drag and flag",163,"N",0,0,0,,"NEON.DOC.014045vH","DDNDpGyuy0rKFCYL/Fhff/iP2cvRYuokCctzc6bexHQ=","Deviations: 1+1+1=3"
"09def7e1-eb82-45b9-bdb6-b36359543ba0","MOAB_005.tickPlot.tck","D13","MOAB","MOAB_005","distributed","shrubScrub",38.210851,-109.402026,"WGS84",20.1,1763.5,0.1,"2017-06-01T17:40Z","MOAB.2017.23",,,"drag and flag",162,"N",0,0,0,,"NEON.DOC.014045vH","DDNDpGyuy0rKFCYL/Fhff/iP2cvRYuokCctzc6bexHQ=","Deviation: 1+1=2"
"ee2fc72c-a7e2-4047-9122-b07044cd09fc","MOAB_002.tickPlot.tck","D13","MOAB","MOAB_002","distributed","shrubScrub",38.211659,-109.413380,"WGS84",20.1,1770.3,0.1,"2017-06-01T18:56Z","MOAB.2017.23",,,"drag and flag",160,"N",0,0,0,,"NEON.DOC.014045vH","DDNDpGyuy0rKFCYL/Fhff/iP2cvRYuokCctzc6bexHQ=",
"2761f30f-a9ae-4914-8d42-f7e980c5d4ab","MOAB_006.tickPlot.tck","D13","MOAB","MOAB_006","distributed","shrubScrub",38.235080,-109.406067,"WGS84",20.1,1759.8,0.1,"2017-06-02T16:30Z","MOAB.2017.23",,,"drag and flag",166,"N",0,0,0,,"NEON.DOC.014045vH","DDNDpGyuy0rKFCYL/Fhff/iP2cvRYuokCctzc6bexHQ=","Deviation: 2+2+2=6"
"3ebcd01b-6221-40cc-aec9-324487e2b4d0","MOAB_004.tickPlot.tck","D13","MOAB","MOAB_004","distributed","shrubScrub",38.234505,-109.398111,"WGS84",20.1,1763.9,0.1,"2017-06-02T17:40Z","MOAB.2017.23",,,"drag and flag",162,"N",0,0,0,,"NEON.DOC.014045vH","DDNDpGyuy0rKFCYL/Fhff/iP2cvRYuokCctzc6bexHQ=","Deviation: 1+1=2"
