uid,namedLocation,domainID,siteID,plotID,plotType,nlcdClass,decimalLatitude,decimalLongitude,geodeticDatum,coordinateUncertainty,elevation,elevationUncertainty,collectDate,eventID,sampleID,sampleCode,samplingMethod,totalSampledArea,targetTaxaPresent,adultCount,nymphCount,larvaCount,sampleCondition,samplingProtocolVersion,measuredBy,remarks
"2c25d8b9-4bac-4748-92fa-abe455bdc9a4","NOGP_006.tickPlot.tck","D09","NOGP","NOGP_006","distributed","grasslandHerbaceous",46.768522,-100.918874,"WGS84",20.1,588.6,0.1,"2016-07-20T14:15Z","NOGP.2016.29",,,"drag",160,"N",0,0,0,"No known compromise","NEON.DOC.014045vG","sA0iMgdEYLMVVrcp83z2hpOGrD+j5rgJ",
"9a879683-9beb-4a76-b3a1-f6e733e93f07","NOGP_008.tickPlot.tck","D09","NOGP","NOGP_008","distributed","grasslandHerbaceous",46.783500,-100.905977,"WGS84",20.1,562.0,0.1,"2016-07-20T15:08Z","NOGP.2016.29",,,"drag and flag",160,"N",0,0,0,"No known compromise","NEON.DOC.014045vG","sA0iMgdEYLMVVrcp83z2hpOGrD+j5rgJ","Error=0 percent"
"ddbfde35-3e25-4503-890d-f9366538c939","NOGP_005.tickPlot.tck","D09","NOGP","NOGP_005","distributed","grasslandHerbaceous",46.787576,-100.916830,"WGS84",20.0,564.6,0.0,"2016-07-20T16:00Z","NOGP.2016.29",,,"drag and flag",160,"N",0,0,0,"No known compromise","NEON.DOC.014045vG","sA0iMgdEYLMVVrcp83z2hpOGrD+j5rgJ",
"ff648382-543f-427e-b8e4-ea12551f9e09","NOGP_002.tickPlot.tck","D09","NOGP","NOGP_002","distributed","grasslandHerbaceous",46.797460,-100.910668,"WGS84",20.1,544.6,0.1,"2016-07-20T17:00Z","NOGP.2016.29",,,"drag",160,"N",0,0,0,"No known compromise","NEON.DOC.014045vG","sA0iMgdEYLMVVrcp83z2hpOGrD+j5rgJ",
"2d804cb3-564f-450b-8c1a-e9e2dd193d2f","NOGP_001.tickPlot.tck","D09","NOGP","NOGP_001","distributed","grasslandHerbaceous",46.804811,-100.916048,"WGS84",20.0,530.7,0.0,"2016-07-20T17:37Z","NOGP.2016.29",,,"drag and flag",160,"N",0,0,0,"No known compromise","NEON.DOC.014045vG","sA0iMgdEYLMVVrcp83z2hpOGrD+j5rgJ",
"5d1a5e8a-0b7b-4458-b9fa-12cd603cf8b7","NOGP_007.tickPlot.tck","D09","NOGP","NOGP_007","distributed","grasslandHerbaceous",46.813251,-100.903783,"WGS84",20.0,527.7,0.0,"2016-07-20T18:24Z","NOGP.2016.29",,,"drag",162,"N",0,0,0,"No known compromise","NEON.DOC.014045vG","sA0iMgdEYLMVVrcp83z2hpOGrD+j5rgJ",
