uid,namedLocation,domainID,siteID,plotID,plotType,nlcdClass,decimalLatitude,decimalLongitude,geodeticDatum,coordinateUncertainty,elevation,elevationUncertainty,collectDate,eventID,sampleID,sampleCode,samplingMethod,totalSampledArea,targetTaxaPresent,adultCount,nymphCount,larvaCount,sampleCondition,samplingProtocolVersion,measuredBy,remarks
"06ac648f-46b8-4e93-813d-a8376a02ccba","CLBJ_034.tickPlot.tck","D11","CLBJ","CLBJ_034","distributed","grasslandHerbaceous",33.320090,-97.578537,"WGS84",20.0,325.2,0.0,"2016-10-18T14:15Z","CLBJ.2016.42",,,"drag",170,"N",0,0,0,"No known compromise","NEON.DOC.014045vG","nLY7eam4tn5KvmhUGKXYjL1ERBP4294P","Deviation around trees"
"5cf6398c-d1c5-4b56-9dc0-e9babdfa142a","CLBJ_036.tickPlot.tck","D11","CLBJ","CLBJ_036","distributed","grasslandHerbaceous",33.396494,-97.580919,"WGS84",20.1,289.5,0.1,"2016-10-18T14:20Z","CLBJ.2016.42",,,"drag",160,"N",0,0,0,"No known compromise","NEON.DOC.014045vG","E0QNXD+K2b5q2XkN9RjHNBArNVWYmvwc",
"df6d62ca-038d-42f9-a27a-3f6eef483b14","CLBJ_033.tickPlot.tck","D11","CLBJ","CLBJ_033","distributed","deciduousForest",33.382288,-97.619783,"WGS84",20.1,305.5,0.1,"2016-10-18T15:09Z","CLBJ.2016.42",,,"drag and flag",132,"N",0,0,0,"No known compromise","NEON.DOC.014045vG","nLY7eam4tn5KvmhUGKXYjL1ERBP4294P","Deviation around trees"
"19ad7db3-23dc-45ed-ac4d-4ba822e5a845","CLBJ_043.tickPlot.tck","D11","CLBJ","CLBJ_043","distributed","deciduousForest",33.410406,-97.593713,"WGS84",20.1,285.9,0.1,"2016-10-18T15:10Z","CLBJ.2016.42",,,"drag and flag",175,"N",0,0,0,"No known compromise","NEON.DOC.014045vG","E0QNXD+K2b5q2XkN9RjHNBArNVWYmvwc","Deviation around trees"
"9017c3a2-804a-4281-99db-37643744cb6b","CLBJ_032.tickPlot.tck","D11","CLBJ","CLBJ_032","distributed","grasslandHerbaceous",33.405176,-97.595129,"WGS84",20.1,294.7,0.1,"2016-10-18T15:55Z","CLBJ.2016.42",,,"drag",160,"N",0,0,0,"No known compromise","NEON.DOC.014045vG","YvxfKx9PhZKcpyRUl2HPSGWrrvBoMwJ+",
"1541d26b-f16e-41af-ad4d-82de154e9515","CLBJ_040.tickPlot.tck","D11","CLBJ","CLBJ_040","distributed","deciduousForest",33.377571,-97.647238,"WGS84",20.1,328.9,0.1,"2016-10-18T15:59Z","CLBJ.2016.42",,,"drag and flag",145,"N",0,0,0,"No known compromise","NEON.DOC.014045vG","nLY7eam4tn5KvmhUGKXYjL1ERBP4294P","Deviation around trees"
