uid,namedLocation,domainID,siteID,plotID,plotType,nlcdClass,decimalLatitude,decimalLongitude,geodeticDatum,coordinateUncertainty,elevation,elevationUncertainty,collectDate,eventID,sampleID,sampleCode,samplingMethod,totalSampledArea,targetTaxaPresent,adultCount,nymphCount,larvaCount,sampleCondition,samplingProtocolVersion,measuredBy,remarks
"3a61f37d-3616-474e-bf1c-fe93bd52bae8","KONZ_004.tickPlot.tck","D06","KONZ","KONZ_004","distributed","grasslandHerbaceous",39.109647,-96.551370,"WGS84",20.0,371.9,0.0,"2016-06-16T13:41Z","KONZ.2016.24",,,"drag",160,"N",0,0,0,"No known compromise","NEON.DOC.014045vG","5D/KBQPUb7UI99RfJwbeDR5fxLm7XG62",
"661cec98-a795-41ae-b5eb-95510742b740","KONZ_007.tickPlot.tck","D06","KONZ","KONZ_007","distributed","grasslandHerbaceous",39.087937,-96.545919,"WGS84",20.1,434.0,0.1,"2016-06-16T14:59Z","KONZ.2016.24",,,"drag and flag",160,"N",0,0,0,"No known compromise","NEON.DOC.014045vG","5D/KBQPUb7UI99RfJwbeDR5fxLm7XG62",
"7942af63-b567-4ff3-98be-c40315e90d28","KONZ_001.tickPlot.tck","D06","KONZ","KONZ_001","distributed","grasslandHerbaceous",39.074114,-96.557107,"WGS84",20.0,423.7,0.0,"2016-06-16T15:55Z","KONZ.2016.24","KONZ_001.20160616",,"drag",160,"Y",1,3,0,"No known compromise","NEON.DOC.014045vG","ijn3KHaIUtV0sWekGETx2NQD751nHxr3",
"28247f8a-756e-47e6-b280-cbabf346ce87","KONZ_025.tickPlot.tck","D06","KONZ","KONZ_025","distributed","deciduousForest",39.103714,-96.597832,"WGS84",20.1,337.3,0.1,"2016-06-16T17:00Z","KONZ.2016.24","KONZ_025.20160616",,"drag and flag",160,"Y",4,32,0,"No known compromise","NEON.DOC.014045vG","ijn3KHaIUtV0sWekGETx2NQD751nHxr3",
"0eb39a2c-81f3-441f-9c8a-42322d0aa50d","KONZ_009.tickPlot.tck","D06","KONZ","KONZ_009","distributed","grasslandHerbaceous",39.107902,-96.584438,"WGS84",20.1,391.9,0.1,"2016-06-16T18:07Z","KONZ.2016.24","KONZ_009.20160616",,"drag",160,"Y",0,1,0,"No known compromise","NEON.DOC.014045vG","5D/KBQPUb7UI99RfJwbeDR5fxLm7XG62",
"6304fd3e-8b1e-4dea-9b29-74d2ea075a87","KONZ_002.tickPlot.tck","D06","KONZ","KONZ_002","distributed","grasslandHerbaceous",39.118977,-96.547146,"WGS84",20.0,394.4,0.0,"2016-06-16T19:34Z","KONZ.2016.24","KONZ_002.20160616",,"drag and flag",160,"Y",0,6,0,"No known compromise","NEON.DOC.014045vG","ijn3KHaIUtV0sWekGETx2NQD751nHxr3",
