uid,namedLocation,plotID,collectDate,identifiedDate,sampleID,subsampleID,scientificName,acceptedTaxonID,taxonRank,family,subfamily,tribe,subtribe,genus,subgenus,specificEpithet,infraspecificEpithet,identificationQualifier,identificationReferences,identificationProtocolVersion,scientificNameAuthorship,sexOrAge,individualCount,sampleCondition,archiveMedium,archiveFacilityID,deprecatedVialID,identifiedBy,laboratoryName,remarks
"db06e2c2-83f7-4239-a0e4-9397982be45b","KONZ_001.tickPlot.tck","KONZ_001","2016-06-16T15:55Z","2017-06-27T16:00Z","KONZ_001.20160616","KONZ_001.20160616.DERVAR.F","Dermacentor variabilis","DERVAR","species","Ixodidae",,,,"Dermacentor",,"variabilis",,,"Yunker, C. E., Keirans, J. E., Clifford, C. M., and E. R. Easton. 1986. Dermacentor ticks (Acari: Ixodoidea: Ixodidae) of the New World: a scanning electron microscope atlas. Proceedings of the Entomological Society of Washington, 88(4):609-627.","GSU_tickIdentification_SOP_2016-11-01.pdf","Say","Female",1,"OK","RNA stabilization buffer","USNMENT00984865","KONZ_001.20160616.01.DERVAR.F","Lorenza Beati","Georgia Southern University",
"c11fd2fc-af45-409c-a80a-5efe2e386d5e","KONZ_001.tickPlot.tck","KONZ_001","2016-06-16T15:55Z","2017-06-27T16:00Z","KONZ_001.20160616","KONZ_001.20160616.AMBAME.N","Amblyomma americanum","AMBAME","species","Ixodidae",,,,"Amblyomma",,"americanum",,,"Cooley, R. A. and G. M. Kohls. 1944. The genus Amblyomma (ixodidae) in the United States. The Journal of Parasitology, 30(2):77-111.","GSU_tickIdentification_SOP_2016-11-01.pdf","Linnaeus","Nymph",3,"OK","RNA stabilization buffer","USNMENT00984866","KONZ_001.20160616.01.AMBAME.N","Lorenza Beati","Georgia Southern University",
"e458e34f-466f-4a07-ab08-a063a70be8cf","KONZ_025.tickPlot.tck","KONZ_025","2016-06-16T17:00Z","2017-06-27T16:00Z","KONZ_025.20160616","KONZ_025.20160616.AMBAME.F","Amblyomma americanum","AMBAME","species","Ixodidae",,,,"Amblyomma",,"americanum",,,"Cooley, R. A. and G. M. Kohls. 1944. The genus Amblyomma (ixodidae) in the United States. The Journal of Parasitology, 30(2):77-111.","GSU_tickIdentification_SOP_2016-11-01.pdf","Linnaeus","Female",1,"OK","RNA stabilization buffer","USNMENT00984869","KONZ_025.20160616.01.AMBAME.F","Lorenza Beati","Georgia Southern University",
"87767961-89d4-4a47-aad3-83bde96b0e43","KONZ_025.tickPlot.tck","KONZ_025","2016-06-16T17:00Z","2017-06-27T16:00Z","KONZ_025.20160616","KONZ_025.20160616.AMBAME.M","Amblyomma americanum","AMBAME","species","Ixodidae",,,,"Amblyomma",,"americanum",,,"Cooley, R. A. and G. M. Kohls. 1944. The genus Amblyomma (ixodidae) in the United States. The Journal of Parasitology, 30(2):77-111.","GSU_tickIdentification_SOP_2016-11-01.pdf","Linnaeus","Male",3,"OK","RNA stabilization buffer","USNMENT00984868","KONZ_025.20160616.01.AMBAME.M","Lorenza Beati","Georgia Southern University",
"205b37c6-d066-45ef-8920-031c7aa803df","KONZ_025.tickPlot.tck","KONZ_025","2016-06-16T17:00Z","2017-06-27T16:00Z","KONZ_025.20160616","KONZ_025.20160616.AMBAME.N","Amblyomma americanum","AMBAME","species","Ixodidae",,,,"Amblyomma",,"americanum",,,"Cooley, R. A. and G. M. Kohls. 1944. The genus Amblyomma (ixodidae) in the United States. The Journal of Parasitology, 30(2):77-111.","GSU_tickIdentification_SOP_2016-11-01.pdf","Linnaeus","Nymph",32,"OK","RNA stabilization buffer","USNMENT00984870","KONZ_025.20160616.01.AMBAME.N","Lorenza Beati","Georgia Southern University",
"92fc4ffe-5de5-47ff-9251-46f823226d30","KONZ_009.tickPlot.tck","KONZ_009","2016-06-16T18:07Z","2017-06-27T16:00Z","KONZ_009.20160616","KONZ_009.20160616.AMBAME.N","Amblyomma americanum","AMBAME","species","Ixodidae",,,,"Amblyomma",,"americanum",,,"Cooley, R. A. and G. M. Kohls. 1944. The genus Amblyomma (ixodidae) in the United States. The Journal of Parasitology, 30(2):77-111.","GSU_tickIdentification_SOP_2016-11-01.pdf","Linnaeus","Nymph",1,"OK","RNA stabilization buffer","USNMENT00984871","KONZ_009.20160616.01.AMBAME.N","Lorenza Beati","Georgia Southern University",
"49f0ea80-02d1-4f40-aebb-c84f15d2ed64","KONZ_002.tickPlot.tck","KONZ_002","2016-06-16T19:34Z","2017-06-27T16:00Z","KONZ_002.20160616","KONZ_002.20160616.AMBAME.N","Amblyomma americanum","AMBAME","species","Ixodidae",,,,"Amblyomma",,"americanum",,,"Cooley, R. A. and G. M. Kohls. 1944. The genus Amblyomma (ixodidae) in the United States. The Journal of Parasitology, 30(2):77-111.","GSU_tickIdentification_SOP_2016-11-01.pdf","Linnaeus","Nymph",5,"OK","RNA stabilization buffer","USNMENT00984867","KONZ_002.20160616.01.AMBAME.N","Lorenza Beati","Georgia Southern University",
