uid,namedLocation,plotID,collectDate,identifiedDate,sampleID,subsampleID,scientificName,acceptedTaxonID,taxonRank,family,subfamily,tribe,subtribe,genus,subgenus,specificEpithet,infraspecificEpithet,identificationQualifier,identificationReferences,identificationProtocolVersion,scientificNameAuthorship,sexOrAge,individualCount,sampleCondition,archiveMedium,archiveFacilityID,deprecatedVialID,identifiedBy,laboratoryName,remarks
"d79c38c2-732c-499f-8a4f-3f3c589327a2","SCBI_039.tickPlot.tck","SCBI_039","2016-11-14T16:00Z","2017-04-28T16:00Z","SCBI_039.20161114","SCBI_039.20161114.IXOSP.L","Ixodidae sp.","IXOSP","family","Ixodidae",,,,,,"sp.",,,,"GSU_tickIdentification_SOP_2016-11-01.pdf",,"Larva",1,"OK","RNA stabilization buffer","USNMENT00984495","SCBI_039.20161114.01.L","Guy Hobbs","Georgia Southern University",
"95de0ac8-db74-475d-880d-90af2cc9f1e1","SCBI_039.tickPlot.tck","SCBI_039","2016-11-14T16:00Z","2017-05-17T16:00Z","SCBI_039.20161114","SCBI_039.20161114.IXOSCA.F","Ixodes scapularis","IXOSCA","species","Ixodidae",,,,"Ixodes",,"scapularis",,,"Cooley, R. A. and G. M. Kohls. 1945. The genus Ixodes in North America. National Institute of Health Bulletin, 184.","GSU_tickIdentification_SOP_2016-11-01.pdf","Say","Female",1,"OK","RNA stabilization buffer","USNMENT00984491","SCBI_039.20161114.01.IXOSCA.F","Lorenza Beati","Georgia Southern University",
"4cb99d0c-9204-4f5d-bc29-be415eaf1e6b","SCBI_039.tickPlot.tck","SCBI_039","2016-11-14T16:00Z","2017-05-17T16:00Z","SCBI_039.20161114","SCBI_039.20161114.IXOSCA.M","Ixodes scapularis","IXOSCA","species","Ixodidae",,,,"Ixodes",,"scapularis",,,"Cooley, R. A. and G. M. Kohls. 1945. The genus Ixodes in North America. National Institute of Health Bulletin, 184.","GSU_tickIdentification_SOP_2016-11-01.pdf","Say","Male",1,"OK","RNA stabilization buffer","USNMENT00984490","SCBI_039.20161114.01.IXOSCA.M","Lorenza Beati","Georgia Southern University",
"5d6d2a25-35de-4b75-b484-c67eb84fb53f","SCBI_005.tickPlot.tck","SCBI_005","2016-11-14T17:05Z","2017-04-27T16:00Z","SCBI_005.20161114","SCBI_005.20161114.IXOSCA.M","Ixodes scapularis","IXOSCA","species","Ixodidae",,,,"Ixodes",,"scapularis",,,"Cooley, R. A. and G. M. Kohls. 1945. The genus Ixodes in North America. National Institute of Health Bulletin, 184.","GSU_tickIdentification_SOP_2016-11-01.pdf","Say","Male",1,"OK","RNA stabilization buffer","USNMENT00984472","SCBI_005.20161114.01.IXOSCA.M","Guy Hobbs","Georgia Southern University",
"d25c36bd-d0dd-4987-b588-c417e864223c","SCBI_005.tickPlot.tck","SCBI_005","2016-11-14T17:05Z","2017-04-27T16:00Z","SCBI_005.20161114","SCBI_005.20161114.IXOSCA.F","Ixodes scapularis","IXOSCA","species","Ixodidae",,,,"Ixodes",,"scapularis",,,"Cooley, R. A. and G. M. Kohls. 1945. The genus Ixodes in North America. National Institute of Health Bulletin, 184.","GSU_tickIdentification_SOP_2016-11-01.pdf","Say","Female",1,"OK","RNA stabilization buffer","USNMENT00984473","SCBI_005.20161114.01.IXOSCA.F","Guy Hobbs","Georgia Southern University",
"c4fc8826-01f1-4df9-96e9-863ce3a8b151","SCBI_002.tickPlot.tck","SCBI_002","2016-11-14T17:30Z","2017-04-27T16:00Z","SCBI_002.20161114","SCBI_002.20161114.IXOSCA.M","Ixodes scapularis","IXOSCA","species","Ixodidae",,,,"Ixodes",,"scapularis",,,"Cooley, R. A. and G. M. Kohls. 1945. The genus Ixodes in North America. National Institute of Health Bulletin, 184.","GSU_tickIdentification_SOP_2016-11-01.pdf","Say","Male",1,"OK","RNA stabilization buffer","USNMENT00984471","SCBI_002.20161114.01.IXOSCA.M","Guy Hobbs","Georgia Southern University",
"c4e0e446-52cb-49af-8680-ca68ac127af6","SCBI_002.tickPlot.tck","SCBI_002","2016-11-14T17:30Z","2017-04-27T16:00Z","SCBI_002.20161114","SCBI_002.20161114.IXOSCA.F","Ixodes scapularis","IXOSCA","species","Ixodidae",,,,"Ixodes",,"scapularis",,,"Cooley, R. A. and G. M. Kohls. 1945. The genus Ixodes in North America. National Institute of Health Bulletin, 184.","GSU_tickIdentification_SOP_2016-11-01.pdf","Say","Female",1,"OK","RNA stabilization buffer","USNMENT00984470","SCBI_002.20161114.01.IXOSCA.F","Guy Hobbs","Georgia Southern University",
"8af8ec3d-c7ac-4334-93c4-3f75e6af05ce","SCBI_013.tickPlot.tck","SCBI_013","2016-11-14T18:15Z","2017-04-27T16:00Z","SCBI_013.20161114","SCBI_013.20161114.IXOSCA.F","Ixodes scapularis","IXOSCA","species","Ixodidae",,,,"Ixodes",,"scapularis",,,"Cooley, R. A. and G. M. Kohls. 1945. The genus Ixodes in North America. National Institute of Health Bulletin, 184.","GSU_tickIdentification_SOP_2016-11-01.pdf","Say","Female",2,"OK","RNA stabilization buffer","USNMENT00984475","SCBI_013.20161114.01.IXOSCA.F","Guy Hobbs","Georgia Southern University",
"1ba814dd-1f73-4791-beac-2bc84ac0fc45","SCBI_007.tickPlot.tck","SCBI_007","2016-11-14T18:45Z","2017-04-27T16:00Z","SCBI_007.20161114","SCBI_007.20161114.IXOSCA.F","Ixodes scapularis","IXOSCA","species","Ixodidae",,,,"Ixodes",,"scapularis",,,"Cooley, R. A. and G. M. Kohls. 1945. The genus Ixodes in North America. National Institute of Health Bulletin, 184.","GSU_tickIdentification_SOP_2016-11-01.pdf","Say","Female",1,"OK","RNA stabilization buffer","USNMENT00984474","SCBI_007.20161114.01.IXOSCA.F","Guy Hobbs","Georgia Southern University",
