uid,namedLocation,domainID,siteID,plotID,plotType,nlcdClass,decimalLatitude,decimalLongitude,geodeticDatum,coordinateUncertainty,elevation,elevationUncertainty,collectDate,eventID,sampleID,sampleCode,samplingMethod,totalSampledArea,targetTaxaPresent,adultCount,nymphCount,larvaCount,sampleCondition,samplingProtocolVersion,measuredBy,remarks
"9372bb36-44f3-417a-8327-9ffdbe68f7d6","SCBI_039.tickPlot.tck","D02","SCBI","SCBI_039","distributed","pastureHay",38.896433,-78.166542,"WGS84",20.1,330.8,0.1,"2016-11-14T16:00Z","SCBI.2016.46","SCBI_039.20161114",,"drag",160,"Y",1,1,1,"No known compromise","NEON.DOC.014045vG","/AhbGCCF27wHz9TggrmS1nLN8zUO+zcB",
"108d3b2e-709e-4c41-a784-efa985a7fb76","SCBI_006.tickPlot.tck","D02","SCBI","SCBI_006","distributed","pastureHay",38.897080,-78.150277,"WGS84",20.1,277.1,0.1,"2016-11-14T16:09Z","SCBI.2016.46",,,"drag",162,"N",0,0,0,"No known compromise","NEON.DOC.014045vG","2CALKs4JNjmK3iYT4PUVEer6DObkBehF",
"620b1245-35f2-43d8-a18e-6be8ffe52acf","SCBI_005.tickPlot.tck","D02","SCBI","SCBI_005","distributed","deciduousForest",38.901859,-78.161940,"WGS84",20.2,263.6,0.3,"2016-11-14T17:05Z","SCBI.2016.46","SCBI_005.20161114",,"drag",164,"Y",1,1,0,"No known compromise","NEON.DOC.014045vG","wYCqaZcA+7tKZqVSOMaNBCcRKvQIOBzP",
"278199c7-ce0b-490e-937a-8218ef614b5f","SCBI_002.tickPlot.tck","D02","SCBI","SCBI_002","distributed","deciduousForest",38.893863,-78.142704,"WGS84",20.2,327.7,0.2,"2016-11-14T17:30Z","SCBI.2016.46","SCBI_002.20161114",,"drag",162,"Y",2,0,0,"No known compromise","NEON.DOC.014045vG","2CALKs4JNjmK3iYT4PUVEer6DObkBehF",
"07ef97c9-87e1-43ef-ba58-8494d3f0ad78","SCBI_013.tickPlot.tck","D02","SCBI","SCBI_013","distributed","deciduousForest",38.873041,-78.163313,"WGS84",20.2,361.3,0.3,"2016-11-14T18:15Z","SCBI.2016.46","SCBI_013.20161114",,"drag",160,"Y",2,0,0,"No known compromise","NEON.DOC.014045vG","/AhbGCCF27wHz9TggrmS1nLN8zUO+zcB",
"a47d667d-6fb3-4c38-96f4-33865e647fd8","SCBI_007.tickPlot.tck","D02","SCBI","SCBI_007","distributed","deciduousForest",38.886013,-78.129365,"WGS84",20.2,428.3,0.2,"2016-11-14T18:45Z","SCBI.2016.46","SCBI_007.20161114",,"drag and flag",160,"Y",1,0,0,"No known compromise","NEON.DOC.014045vG","2CALKs4JNjmK3iYT4PUVEer6DObkBehF",
