uid,namedLocation,domainID,siteID,plotID,plotType,nlcdClass,decimalLatitude,decimalLongitude,geodeticDatum,coordinateUncertainty,elevation,elevationUncertainty,collectDate,eventID,sampleID,sampleCode,samplingMethod,totalSampledArea,targetTaxaPresent,adultCount,nymphCount,larvaCount,sampleCondition,samplingProtocolVersion,measuredBy,remarks
"26002336-41fe-4586-a96a-4605993d045a","DELA_001.tickPlot.tck","D08","DELA","DELA_001","distributed","woodyWetlands",32.533269,-87.805425,"WGS84",20.2,27.5,0.3,"2018-07-10T14:38Z","DELA.2018.28","DELA_001.20180710","A00000013939","drag",123,"Y",0,1,0,"No known compromise","NEON.DOC.014045vJ","71MfCy+FRsto69311gQJvR+pq8mHvc/9aCd1qcCUSbo=","NW corner of plot under water"
"7fb72fe9-351f-4beb-b3ca-1966af542cae","DELA_008.tickPlot.tck","D08","DELA","DELA_008","distributed","woodyWetlands",32.538884,-87.814145,"WGS84",20.1,24.5,0.2,"2018-07-10T15:22Z","DELA.2018.28",,,"drag and flag",158,"N",0,0,0,,"NEON.DOC.014045vJ","VlGS9knfep4oIPmMdzrYPvhmhmcAnEWcmbTWayWKGyM=",
"bbe4c6cb-f105-45d6-a4f1-6b9ade048583","DELA_014.tickPlot.tck","D08","DELA","DELA_014","distributed","evergreenForest",32.530627,-87.819367,"WGS84",20.2,33.0,0.2,"2018-07-10T16:08Z","DELA.2018.28",,,"drag",160,"N",0,0,0,,"NEON.DOC.014045vJ","VlGS9knfep4oIPmMdzrYPvhmhmcAnEWcmbTWayWKGyM=",
"7c1427b7-6c13-40fd-ad71-a5d6f0a8637e","DELA_011.tickPlot.tck","D08","DELA","DELA_011","distributed","woodyWetlands",32.519049,-87.817597,"WGS84",20.2,28.6,0.2,"2018-07-10T16:25Z","DELA.2018.28",,,"drag",160,"N",0,0,0,,"NEON.DOC.014045vJ","BAPHqkFAAcxWh7OUuCxaQ/y/2/YuoCfRmHwCznLmIAE=",
"3df05c4e-f4bd-4531-a25c-ae2501091e6a","DELA_004.tickPlot.tck","D08","DELA","DELA_004","distributed","woodyWetlands",32.531063,-87.813123,"WGS84",20.2,24.4,0.4,"2018-07-10T16:45Z","DELA.2018.28",,,"drag",160,"N",0,0,0,,"NEON.DOC.014045vJ","VlGS9knfep4oIPmMdzrYPvhmhmcAnEWcmbTWayWKGyM=",
"6dc401c4-3136-48fd-aad8-76d80683fc37","DELA_005.tickPlot.tck","D08","DELA","DELA_005","distributed","woodyWetlands",32.524379,-87.813851,"WGS84",20.1,27.0,0.3,"2018-07-10T17:05Z","DELA.2018.28",,,"drag",160,"N",0,0,0,,"NEON.DOC.014045vJ","BAPHqkFAAcxWh7OUuCxaQ/y/2/YuoCfRmHwCznLmIAE=",
"5b006018-07b8-447e-8b7f-6b51a4ec4c9c","DELA_014.tickPlot.tck","D08","DELA","DELA_014","distributed","evergreenForest",32.530627,-87.819367,"WGS84",20.2,33.0,0.2,"2018-07-31T14:13Z","DELA.2018.31",,,"drag",160,"N",0,0,0,,"NEON.DOC.014045vJ","71MfCy+FRsto69311gQJvR+pq8mHvc/9aCd1qcCUSbo=",
"ba09c830-af80-48a9-85c1-f7880b908d25","DELA_004.tickPlot.tck","D08","DELA","DELA_004","distributed","woodyWetlands",32.531063,-87.813123,"WGS84",20.2,24.4,0.4,"2018-07-31T14:47Z","DELA.2018.31",,,"drag",160,"N",0,0,0,,"NEON.DOC.014045vJ","nDk3u3/Gyje+hKaTCMqqjsY5CgZT7s9cLLilPZHkLiA=",
"233f8a6c-eb5c-4343-96eb-7ea6a4665476","DELA_008.tickPlot.tck","D08","DELA","DELA_008","distributed","woodyWetlands",32.538884,-87.814145,"WGS84",20.1,24.5,0.2,"2018-07-31T15:04Z","DELA.2018.31","DELA_008.20180731","A00000013951","drag and flag",160,"Y",0,1,0,"No known compromise","NEON.DOC.014045vJ","71MfCy+FRsto69311gQJvR+pq8mHvc/9aCd1qcCUSbo=",
"50c1a1c8-d7a1-46f0-a449-ef421f10dad9","DELA_011.tickPlot.tck","D08","DELA","DELA_011","distributed","woodyWetlands",32.519049,-87.817597,"WGS84",20.2,28.6,0.2,"2018-07-31T15:41Z","DELA.2018.31",,,"drag",160,"N",0,0,0,,"NEON.DOC.014045vJ","nDk3u3/Gyje+hKaTCMqqjsY5CgZT7s9cLLilPZHkLiA=",
"c80dbac9-9361-40c8-8f24-0bfffd5ae48b","DELA_001.tickPlot.tck","D08","DELA","DELA_001","distributed","woodyWetlands",32.533269,-87.805425,"WGS84",20.2,27.5,0.3,"2018-07-31T15:55Z","DELA.2018.31",,,"drag",129,"N",0,0,0,,"NEON.DOC.014045vJ","EKdNizS+3kOSaN4xEB1UW9XHhDFEO0UoYMAU6YiiakM=",
"55bab2fc-11b0-4596-8ece-de3afd7f7445","DELA_005.tickPlot.tck","D08","DELA","DELA_005","distributed","woodyWetlands",32.524379,-87.813851,"WGS84",20.1,27.0,0.3,"2018-07-31T16:26Z","DELA.2018.31",,,"drag and flag",160,"N",0,0,0,,"NEON.DOC.014045vJ","nDk3u3/Gyje+hKaTCMqqjsY5CgZT7s9cLLilPZHkLiA=",
