uid,namedLocation,domainID,siteID,plotID,plotType,nlcdClass,decimalLatitude,decimalLongitude,geodeticDatum,coordinateUncertainty,elevation,elevationUncertainty,collectDate,eventID,sampleID,sampleCode,samplingMethod,totalSampledArea,targetTaxaPresent,adultCount,nymphCount,larvaCount,sampleCondition,samplingProtocolVersion,measuredBy,remarks
"119e0551-8091-4ade-b6cb-a523834d4fdf","DELA_007.tickPlot.tck","D08","DELA","DELA_007","distributed","woodyWetlands",32.538957,-87.799922,"WGS84",20.2,25.7,0.2,"2015-10-07T13:40Z","DELA.2015.40",,,"drag and flag",157,"N",0,0,,,"NEON.DOC.014045vF","v7wRdnV1gD6DA7NUoRhtXNeAYtN2k0WN",
"d80f686d-a341-4d7f-aea8-840eadea17fd","DELA_016.tickPlot.tck","D08","DELA","DELA_016","distributed","evergreenForest",32.536850,-87.806995,"WGS84",20.2,23.6,0.3,"2015-10-07T14:36Z","DELA.2015.40",,,"drag and flag",160,"N",0,0,,,"NEON.DOC.014045vF","v7wRdnV1gD6DA7NUoRhtXNeAYtN2k0WN",
"ac3371cb-036b-490b-b6bd-1a7fb206e738","DELA_001.tickPlot.tck","D08","DELA","DELA_001","distributed","woodyWetlands",32.533269,-87.805425,"WGS84",20.2,27.5,0.3,"2015-10-07T14:45Z","DELA.2015.40",,,"drag and flag",145,"N",0,0,,,"NEON.DOC.014045vF","1BXlVo/+sgQnzGKl3MtQcn6rxZDFIa/f",
"d9496627-24e3-46bc-bc57-ede9eef4aae3","DELA_008.tickPlot.tck","D08","DELA","DELA_008","distributed","woodyWetlands",32.538884,-87.814145,"WGS84",20.1,24.5,0.2,"2015-10-07T15:17Z","DELA.2015.40",,,"drag and flag",156,"N",0,0,,,"NEON.DOC.014045vF","v7wRdnV1gD6DA7NUoRhtXNeAYtN2k0WN",
"4470d2de-8eab-4103-a265-10e0a89e5d96","DELA_005.tickPlot.tck","D08","DELA","DELA_005","distributed","woodyWetlands",32.524379,-87.813851,"WGS84",20.1,27.0,0.3,"2015-10-07T15:30Z","DELA.2015.40",,,"drag and flag",160,"N",0,0,,,"NEON.DOC.014045vF","1BXlVo/+sgQnzGKl3MtQcn6rxZDFIa/f",
"b41c9041-f2f7-4aec-8522-ecb898e41666","DELA_014.tickPlot.tck","D08","DELA","DELA_014","distributed","evergreenForest",32.530627,-87.819367,"WGS84",20.2,33.0,0.2,"2015-10-07T16:10Z","DELA.2015.40",,,"drag",160,"N",0,0,,,"NEON.DOC.014045vF","1BXlVo/+sgQnzGKl3MtQcn6rxZDFIa/f",
"5ab952b3-946d-4e2f-829a-fd1363304583","DELA_005.tickPlot.tck","D08","DELA","DELA_005","distributed","woodyWetlands",32.524379,-87.813851,"WGS84",20.1,27.0,0.3,"2015-10-30T13:45Z","DELA.2015.43",,,"drag and flag",160,"N",0,0,,,"NEON.DOC.014045vF","XIk3CMH/VT2ztcDIBBKNwssfFUwUsihU",
"2f8436a7-b7a7-4c38-919b-23e86c9286dd","DELA_008.tickPlot.tck","D08","DELA","DELA_008","distributed","woodyWetlands",32.538884,-87.814145,"WGS84",20.1,24.5,0.2,"2015-10-30T14:10Z","DELA.2015.43",,,"drag and flag",148,"N",0,0,,,"NEON.DOC.014045vF","0ygyTA3URVoNp+waZjN2Lu+zP0lNl3v9",
"3552d334-c8e0-4d46-8072-f5820041b293","DELA_016.tickPlot.tck","D08","DELA","DELA_016","distributed","evergreenForest",32.536850,-87.806995,"WGS84",20.2,23.6,0.3,"2015-10-30T15:20Z","DELA.2015.43",,,"drag",160,"N",0,0,,,"NEON.DOC.014045vF","0ygyTA3URVoNp+waZjN2Lu+zP0lNl3v9",
"44811a90-5565-4835-a4dd-d78f6c3abdd9","DELA_014.tickPlot.tck","D08","DELA","DELA_014","distributed","evergreenForest",32.530627,-87.819367,"WGS84",20.2,33.0,0.2,"2015-10-30T15:31Z","DELA.2015.43",,,"drag",160,"N",0,0,,,"NEON.DOC.014045vF","XIk3CMH/VT2ztcDIBBKNwssfFUwUsihU",
"53dcb3b6-e9b6-4ebf-a251-4393720761d6","DELA_007.tickPlot.tck","D08","DELA","DELA_007","distributed","woodyWetlands",32.538957,-87.799922,"WGS84",20.2,25.7,0.2,"2015-10-30T16:35Z","DELA.2015.43",,,"drag",152,"N",0,0,,,"NEON.DOC.014045vF","0ygyTA3URVoNp+waZjN2Lu+zP0lNl3v9",
"131faa15-4242-4a53-b6cd-cdc18c5de103","DELA_001.tickPlot.tck","D08","DELA","DELA_001","distributed","woodyWetlands",32.533269,-87.805425,"WGS84",20.2,27.5,0.3,"2015-10-30T16:56Z","DELA.2015.43",,,"drag",150,"N",0,0,,,"NEON.DOC.014045vF","XIk3CMH/VT2ztcDIBBKNwssfFUwUsihU",
