uid,namedLocation,domainID,siteID,plotID,plotType,nlcdClass,decimalLatitude,decimalLongitude,geodeticDatum,coordinateUncertainty,elevation,elevationUncertainty,collectDate,eventID,sampleID,sampleCode,samplingMethod,totalSampledArea,targetTaxaPresent,adultCount,nymphCount,larvaCount,sampleCondition,samplingProtocolVersion,measuredBy,remarks
"436c51f5-068b-4b49-b787-2148d74bafd3","SCBI_006.tickPlot.tck","D02","SCBI","SCBI_006","distributed","pastureHay",38.897080,-78.150277,"WGS84",20.1,277.1,0.1,"2017-03-20T17:12Z","SCBI.2017.12",,,"drag",159,"N",0,0,0,"No known compromise","NEON.DOC.014045vG","bmOhft9iQFaoZfOSocg2T6ISxDuCZU4HRO9QvRXj2vs=","Plot built same day as sampling"
"d98cab59-4f8c-4213-a3e1-64175e6c66c1","SCBI_039.tickPlot.tck","D02","SCBI","SCBI_039","distributed","pastureHay",38.896433,-78.166542,"WGS84",20.1,330.8,0.1,"2017-03-20T19:11Z","SCBI.2017.12",,,"drag and flag",150,"N",0,0,0,"No known compromise","NEON.DOC.014045vG","bmOhft9iQFaoZfOSocg2T6ISxDuCZU4HRO9QvRXj2vs=","Plot built same day as sampling"
"a3ea5426-59fb-4455-9ebd-049892b7c720","SCBI_005.tickPlot.tck","D02","SCBI","SCBI_005","distributed","deciduousForest",38.901859,-78.161940,"WGS84",20.2,263.6,0.3,"2017-03-23T16:31Z","SCBI.2017.12",,,"drag",133,"N",0,0,0,"No known compromise","NEON.DOC.014045vG","65MrXCKZ6BZHMIpBwLFSzI3B2iyqckQKC2QVdjxfI44=","One side almost entirely too wet to sample"
"3c089a76-c031-421d-a098-87961bc604e7","SCBI_007.tickPlot.tck","D02","SCBI","SCBI_007","distributed","deciduousForest",38.886013,-78.129365,"WGS84",20.2,428.3,0.2,"2017-03-23T16:39Z","SCBI.2017.12","SCBI_007.20170323",,"drag and flag",134,"Y",2,0,0,"No known compromise","NEON.DOC.014045vG","/AhbGCCF27wHz9TggrmS1nLN8zUO+zcB",
"e46b0e2f-1e32-4943-a84d-f4ee4d376dcb","SCBI_013.tickPlot.tck","D02","SCBI","SCBI_013","distributed","deciduousForest",38.873041,-78.163313,"WGS84",20.2,361.3,0.3,"2017-03-23T17:43Z","SCBI.2017.12",,,"drag",160,"N",0,0,0,"No known compromise","NEON.DOC.014045vG","65MrXCKZ6BZHMIpBwLFSzI3B2iyqckQKC2QVdjxfI44=",
"e4373127-17f4-434c-8689-d6030575bdc8","SCBI_002.tickPlot.tck","D02","SCBI","SCBI_002","distributed","deciduousForest",38.893863,-78.142704,"WGS84",20.2,327.7,0.2,"2017-03-23T18:04Z","SCBI.2017.12",,,"drag",160,"N",0,0,0,"No known compromise","NEON.DOC.014045vG","ena7GLJui5s1h8moQAQPw3Qj2+mVdivS",
