uid,namedLocation,date,eventID,domainID,siteID,plotID,subplotID,individualID,tagStatus,growthForm,plantStatus,stemDiameter,measurementHeight,height,baseCrownHeight,breakHeight,breakDiameter,maxCrownDiameter,ninetyCrownDiameter,canopyPosition,shape,basalStemDiameter,basalStemDiameterMsrmntHeight,maxBaseCrownDiameter,ninetyBaseCrownDiameter,remarks,recordedBy,measuredBy,dataQF
"dae7ca88-389f-4bff-a460-5374599c461c","GUAN_047.basePlot.vst","2017-02-27","vst_GUAN_2017","D04","GUAN","GUAN_047",,"NEON.PLA.D04.GUAN.01619","ok","single shrub","Live",1.7,130,3.5,,,,1.6,1.5,,"cylinder",2.2,10,,,,"BUWuBJizbbqJ1SVYbs0wjmnYdl8b9NIq1adFzCQuvl8=","8rHzSbnDOXjpaitjHXu3bvZcWZBazBT3Z6JypCrOTws=","legacyData"
"0f534b46-9a91-41ca-aed9-a04c8b93ab64","GUAN_047.basePlot.vst","2017-02-27","vst_GUAN_2017","D04","GUAN","GUAN_047",,"NEON.PLA.D04.GUAN.01712","ok","single shrub","Live",,,2.1,,,,1.6,1.0,,"cylinder",1.4,10,,,,"BUWuBJizbbqJ1SVYbs0wjmnYdl8b9NIq1adFzCQuvl8=","8rHzSbnDOXjpaitjHXu3bvZcWZBazBT3Z6JypCrOTws=","legacyData"
"cac1d611-f2c8-4112-b359-78d7497c3122","GUAN_047.basePlot.vst","2017-02-27","vst_GUAN_2017","D04","GUAN","GUAN_047",,"NEON.PLA.D04.GUAN.01397","ok","single shrub","Live",1.2,130,2.8,,,,1.3,1.1,,"cylinder",1.5,20,,,,"BUWuBJizbbqJ1SVYbs0wjmnYdl8b9NIq1adFzCQuvl8=","8rHzSbnDOXjpaitjHXu3bvZcWZBazBT3Z6JypCrOTws=","legacyData"
"0962f74f-5c94-4921-8c77-d3496137ae8f","GUAN_047.basePlot.vst","2017-02-27","vst_GUAN_2017","D04","GUAN","GUAN_047",,"NEON.PLA.D04.GUAN.01638","ok","single shrub","Live",1.6,130,2.8,,,,1.2,0.6,,"cylinder",2.0,10,,,,"BUWuBJizbbqJ1SVYbs0wjmnYdl8b9NIq1adFzCQuvl8=","8rHzSbnDOXjpaitjHXu3bvZcWZBazBT3Z6JypCrOTws=","legacyData"
"e65c838f-0b95-4440-9d2e-2c32cbe97129","GUAN_047.basePlot.vst","2017-02-27","vst_GUAN_2017","D04","GUAN","GUAN_047",,"NEON.PLA.D04.GUAN.01629","ok","single shrub","Live",1.0,130,2.0,,,,0.6,0.4,,"cylinder",1.4,10,,,,"BUWuBJizbbqJ1SVYbs0wjmnYdl8b9NIq1adFzCQuvl8=","8rHzSbnDOXjpaitjHXu3bvZcWZBazBT3Z6JypCrOTws=","legacyData"
"9fe418d5-26ac-4cc2-bbcf-87d17eff548f","GUAN_047.basePlot.vst","2017-02-27","vst_GUAN_2017","D04","GUAN","GUAN_047",,"NEON.PLA.D04.GUAN.01706","untagged",,"No longer qualifies",,,,,,,,,,,,,,,"Same individual with two tags.","BUWuBJizbbqJ1SVYbs0wjmnYdl8b9NIq1adFzCQuvl8=","8rHzSbnDOXjpaitjHXu3bvZcWZBazBT3Z6JypCrOTws=","legacyData"
"6140e0bf-ba0c-43ee-bb3e-060738054916","GUAN_047.basePlot.vst","2017-02-27","vst_GUAN_2017","D04","GUAN","GUAN_047",,"NEON.PLA.D04.GUAN.01707","untagged",,"No longer qualifies",,,,,,,,,,,,,,,"Same individual with multiple tags.","BUWuBJizbbqJ1SVYbs0wjmnYdl8b9NIq1adFzCQuvl8=","8rHzSbnDOXjpaitjHXu3bvZcWZBazBT3Z6JypCrOTws=","legacyData"
"df5a72cd-6d40-45f6-b8ba-b351c1b11316","GUAN_047.basePlot.vst","2017-02-27","vst_GUAN_2017","D04","GUAN","GUAN_047",,"NEON.PLA.D04.GUAN.01620","ok","single shrub","Live",,,1.6,,,,1.4,1.0,,"cylinder",1.5,10,,,,"BUWuBJizbbqJ1SVYbs0wjmnYdl8b9NIq1adFzCQuvl8=","8rHzSbnDOXjpaitjHXu3bvZcWZBazBT3Z6JypCrOTws=","legacyData"
"a7c6560f-a137-4367-a36c-1718550fd17a","GUAN_047.basePlot.vst","2017-02-27","vst_GUAN_2017","D04","GUAN","GUAN_047",,"NEON.PLA.D04.GUAN.01607","ok","single shrub","Live",1.3,130,2.2,,,,1.1,1.0,,"cylinder",2.0,10,,,,"BUWuBJizbbqJ1SVYbs0wjmnYdl8b9NIq1adFzCQuvl8=","8rHzSbnDOXjpaitjHXu3bvZcWZBazBT3Z6JypCrOTws=","legacyData"
"5440308f-7a98-463b-8c6c-c7a06a7a2146","GUAN_047.basePlot.vst","2017-02-27","vst_GUAN_2017","D04","GUAN","GUAN_047",,"NEON.PLA.D04.GUAN.01606","ok","single shrub","Live",3.0,130,3.4,,,,2.9,1.7,,"cylinder",3.8,20,,,,"BUWuBJizbbqJ1SVYbs0wjmnYdl8b9NIq1adFzCQuvl8=","8rHzSbnDOXjpaitjHXu3bvZcWZBazBT3Z6JypCrOTws=","legacyData"
"82d2e543-805c-4e7d-8d83-a159b5490c32","GUAN_047.basePlot.vst","2017-02-27","vst_GUAN_2017","D04","GUAN","GUAN_047",,"NEON.PLA.D04.GUAN.01601","ok","single shrub","Standing dead",1.3,130,2.9,,,,3.0,2.6,,"cylinder",1.5,10,,,,"BUWuBJizbbqJ1SVYbs0wjmnYdl8b9NIq1adFzCQuvl8=","8rHzSbnDOXjpaitjHXu3bvZcWZBazBT3Z6JypCrOTws=","legacyData"
"e41e822d-c93b-46d6-b814-49b9da4ab490","GUAN_047.basePlot.vst","2017-02-27","vst_GUAN_2017","D04","GUAN","GUAN_047",,"NEON.PLA.D04.GUAN.01708","ok","single shrub","Live",3.6,130,3.2,,,,1.6,1.5,,"cylinder",3.4,10,,,,"BUWuBJizbbqJ1SVYbs0wjmnYdl8b9NIq1adFzCQuvl8=","8rHzSbnDOXjpaitjHXu3bvZcWZBazBT3Z6JypCrOTws=","legacyData"
"b03b8256-4671-40f8-bd62-56edbb3fb4b5","GUAN_047.basePlot.vst","2017-02-27","vst_GUAN_2017","D04","GUAN","GUAN_047",,"NEON.PLA.D04.GUAN.01611","ok","single shrub","Live",2.6,130,2.7,,,,1.3,1.1,,"cylinder",2.8,10,,,,"BUWuBJizbbqJ1SVYbs0wjmnYdl8b9NIq1adFzCQuvl8=","8rHzSbnDOXjpaitjHXu3bvZcWZBazBT3Z6JypCrOTws=","legacyData"
"a2ab8aa1-0782-47fb-9bfb-9315e3416cfa","GUAN_047.basePlot.vst","2017-02-27","vst_GUAN_2017","D04","GUAN","GUAN_047",,"NEON.PLA.D04.GUAN.01621","ok","single shrub","Live",1.9,130,2.3,,,,1.0,0.6,,"cylinder",2.6,10,,,,"BUWuBJizbbqJ1SVYbs0wjmnYdl8b9NIq1adFzCQuvl8=","8rHzSbnDOXjpaitjHXu3bvZcWZBazBT3Z6JypCrOTws=","legacyData"
"1b0e4df2-f93a-46e1-9ddd-54034d8894eb","GUAN_047.basePlot.vst","2017-02-27","vst_GUAN_2017","D04","GUAN","GUAN_047",,"NEON.PLA.D04.GUAN.01628","ok","single shrub","Live",2.3,130,3.7,,,,0.3,0.2,,"cylinder",2.5,10,,,,"BUWuBJizbbqJ1SVYbs0wjmnYdl8b9NIq1adFzCQuvl8=","8rHzSbnDOXjpaitjHXu3bvZcWZBazBT3Z6JypCrOTws=","legacyData"
"8a5393a2-f0c8-4e6d-80e5-973e260bf2a1","GUAN_047.basePlot.vst","2017-02-27","vst_GUAN_2017","D04","GUAN","GUAN_047",,"NEON.PLA.D04.GUAN.08104","ok","small shrub","Live",,,1.7,,,,1.0,0.6,,"cylinder",1.2,10,,,,"BUWuBJizbbqJ1SVYbs0wjmnYdl8b9NIq1adFzCQuvl8=","8rHzSbnDOXjpaitjHXu3bvZcWZBazBT3Z6JypCrOTws=","legacyData"
"a51ab90f-96ad-4112-9e99-94f37f9d22c9","GUAN_047.basePlot.vst","2017-02-27","vst_GUAN_2017","D04","GUAN","GUAN_047",,"NEON.PLA.D04.GUAN.01623","ok","single shrub","Live",1.7,130,2.1,,,,1.0,0.5,,"cylinder",1.7,10,,,,"BUWuBJizbbqJ1SVYbs0wjmnYdl8b9NIq1adFzCQuvl8=","8rHzSbnDOXjpaitjHXu3bvZcWZBazBT3Z6JypCrOTws=","legacyData"
"b848a2c1-7eae-4272-b0ee-c3e524f8c73a","GUAN_047.basePlot.vst","2017-02-27","vst_GUAN_2017","D04","GUAN","GUAN_047",,"NEON.PLA.D04.GUAN.01398","untagged",,"No longer qualifies",,,,,,,,,,,,,,,"Same individual with two tags.","BUWuBJizbbqJ1SVYbs0wjmnYdl8b9NIq1adFzCQuvl8=","8rHzSbnDOXjpaitjHXu3bvZcWZBazBT3Z6JypCrOTws=","legacyData"
"6e98ab8b-299a-4e02-a71c-314b5dc48639","GUAN_047.basePlot.vst","2017-02-27","vst_GUAN_2017","D04","GUAN","GUAN_047",,"NEON.PLA.D04.GUAN.01624","ok","small shrub","Live",,,1.5,,,,0.8,0.7,,"cylinder",1.3,10,,,,"BUWuBJizbbqJ1SVYbs0wjmnYdl8b9NIq1adFzCQuvl8=","8rHzSbnDOXjpaitjHXu3bvZcWZBazBT3Z6JypCrOTws=","legacyData"
"f125b053-049e-44fb-8cea-f5ad633defc0","GUAN_047.basePlot.vst","2017-02-27","vst_GUAN_2017","D04","GUAN","GUAN_047",,"NEON.PLA.D04.GUAN.01702","ok","single shrub","Live",6.0,130,3.4,,,,1.8,1.6,,"cylinder",7.5,10,,,,"BUWuBJizbbqJ1SVYbs0wjmnYdl8b9NIq1adFzCQuvl8=","8rHzSbnDOXjpaitjHXu3bvZcWZBazBT3Z6JypCrOTws=","legacyData"
"9fcdc136-d405-447a-b2be-37764f185d5f","GUAN_047.basePlot.vst","2017-02-27","vst_GUAN_2017","D04","GUAN","GUAN_047",,"NEON.PLA.D04.GUAN.01708","ok","single shrub","Live",2.6,130,3.2,,,,1.6,1.5,,"cylinder",2.7,10,,,,"BUWuBJizbbqJ1SVYbs0wjmnYdl8b9NIq1adFzCQuvl8=","8rHzSbnDOXjpaitjHXu3bvZcWZBazBT3Z6JypCrOTws=","legacyData"
"a4a12656-e4e9-4c2d-99b7-f935ee085f0d","GUAN_047.basePlot.vst","2017-02-27","vst_GUAN_2017","D04","GUAN","GUAN_047",,"NEON.PLA.D04.GUAN.09443","ok","single shrub","Live",2.2,130,3.8,,,,2.7,1.8,,"cylinder",2.8,20,,,,"BUWuBJizbbqJ1SVYbs0wjmnYdl8b9NIq1adFzCQuvl8=","8rHzSbnDOXjpaitjHXu3bvZcWZBazBT3Z6JypCrOTws=","legacyData"
"8d862e9d-6b95-46dc-ac7e-6fbc76831870","GUAN_047.basePlot.vst","2017-02-27","vst_GUAN_2017","D04","GUAN","GUAN_047",,"NEON.PLA.D04.GUAN.01703","ok","single shrub","Live",4.5,130,4.4,,,,3.9,3.4,,"inverted cone",5.2,10,0.20,0.15,,"BUWuBJizbbqJ1SVYbs0wjmnYdl8b9NIq1adFzCQuvl8=","8rHzSbnDOXjpaitjHXu3bvZcWZBazBT3Z6JypCrOTws=","legacyData"
"c9af2b31-f6aa-4237-aaf9-d8595052a9b7","GUAN_047.basePlot.vst","2017-02-27","vst_GUAN_2017","D04","GUAN","GUAN_047",,"NEON.PLA.D04.GUAN.01631","ok","single shrub","Live",1.9,130,3.7,,,,0.9,0.8,,"cylinder",2.5,10,,,,"BUWuBJizbbqJ1SVYbs0wjmnYdl8b9NIq1adFzCQuvl8=","8rHzSbnDOXjpaitjHXu3bvZcWZBazBT3Z6JypCrOTws=","legacyData"
"3e9bafba-9e76-480f-a0ef-cc8a4e24e5b9","GUAN_047.basePlot.vst","2017-02-27","vst_GUAN_2017","D04","GUAN","GUAN_047",,"NEON.PLA.D04.GUAN.01715","ok","small shrub","Live",,,1.4,,,,0.5,0.5,,"cylinder",1.0,10,,,,"BUWuBJizbbqJ1SVYbs0wjmnYdl8b9NIq1adFzCQuvl8=","8rHzSbnDOXjpaitjHXu3bvZcWZBazBT3Z6JypCrOTws=","legacyData"
"9b0d2708-93f5-4543-8e0c-901271905e7b","GUAN_047.basePlot.vst","2017-02-27","vst_GUAN_2017","D04","GUAN","GUAN_047",,"NEON.PLA.D04.GUAN.01702","ok","single shrub","Live",2.0,130,3.3,,,,1.8,1.6,,"cylinder",2.4,20,,,,"BUWuBJizbbqJ1SVYbs0wjmnYdl8b9NIq1adFzCQuvl8=","8rHzSbnDOXjpaitjHXu3bvZcWZBazBT3Z6JypCrOTws=","legacyData"
"b577358e-7669-411f-80d5-2f91ee2c1265","GUAN_047.basePlot.vst","2017-02-27","vst_GUAN_2017","D04","GUAN","GUAN_047",,"NEON.PLA.D04.GUAN.01632","ok","single shrub","Live",1.1,130,2.8,,,,0.9,0.8,,"cylinder",1.7,10,,,,"BUWuBJizbbqJ1SVYbs0wjmnYdl8b9NIq1adFzCQuvl8=","8rHzSbnDOXjpaitjHXu3bvZcWZBazBT3Z6JypCrOTws=","legacyData"
"598907d1-69c4-4024-b9c7-96c55d33fa42","GUAN_047.basePlot.vst","2017-02-27","vst_GUAN_2017","D04","GUAN","GUAN_047",,"NEON.PLA.D04.GUAN.01616","ok","single shrub","Live",2.9,130,3.0,,,,1.3,1.1,,"cylinder",3.5,10,,,,"BUWuBJizbbqJ1SVYbs0wjmnYdl8b9NIq1adFzCQuvl8=","8rHzSbnDOXjpaitjHXu3bvZcWZBazBT3Z6JypCrOTws=","legacyData"
"ef4d96e7-f358-4202-a576-b2f3cd13cd75","GUAN_047.basePlot.vst","2017-02-27","vst_GUAN_2017","D04","GUAN","GUAN_047",,"NEON.PLA.D04.GUAN.01606","ok","single shrub","Live",1.0,130,3.4,,,,2.9,1.7,,"cylinder",1.0,20,,,,"BUWuBJizbbqJ1SVYbs0wjmnYdl8b9NIq1adFzCQuvl8=","8rHzSbnDOXjpaitjHXu3bvZcWZBazBT3Z6JypCrOTws=","legacyData"
"666deb12-a9b4-4cac-ac56-5990887f6d1c","GUAN_047.basePlot.vst","2017-02-27","vst_GUAN_2017","D04","GUAN","GUAN_047",,"NEON.PLA.D04.GUAN.09437","ok","single shrub","Live",1.1,130,3.0,,,,0.6,0.5,,"cylinder",1.4,10,,,,"BUWuBJizbbqJ1SVYbs0wjmnYdl8b9NIq1adFzCQuvl8=","8rHzSbnDOXjpaitjHXu3bvZcWZBazBT3Z6JypCrOTws=","legacyData"
"1507f474-e84d-4d49-a6d2-62d890c1d9bd","GUAN_047.basePlot.vst","2017-02-27","vst_GUAN_2017","D04","GUAN","GUAN_047",,"NEON.PLA.D04.GUAN.01396","ok","single shrub","Live",1.3,130,2.7,,,,1.5,1.0,,"cylinder",1.9,10,,,,"BUWuBJizbbqJ1SVYbs0wjmnYdl8b9NIq1adFzCQuvl8=","8rHzSbnDOXjpaitjHXu3bvZcWZBazBT3Z6JypCrOTws=","legacyData"
"a0e8dd51-7c02-46ec-85cb-0c0cc973e715","GUAN_047.basePlot.vst","2017-02-27","vst_GUAN_2017","D04","GUAN","GUAN_047",,"NEON.PLA.D04.GUAN.01635","ok","single shrub","Live",1.2,130,2.3,,,,0.4,0.3,,"cylinder",1.5,10,,,,"BUWuBJizbbqJ1SVYbs0wjmnYdl8b9NIq1adFzCQuvl8=","8rHzSbnDOXjpaitjHXu3bvZcWZBazBT3Z6JypCrOTws=","legacyData"
"e7ca110e-8567-4e5c-8a0e-a5150a09d874","GUAN_047.basePlot.vst","2017-02-27","vst_GUAN_2017","D04","GUAN","GUAN_047",,"NEON.PLA.D04.GUAN.01711","ok","sapling","Live",,,1.2,,,,,,,,1.5,10,,,,"BUWuBJizbbqJ1SVYbs0wjmnYdl8b9NIq1adFzCQuvl8=","8rHzSbnDOXjpaitjHXu3bvZcWZBazBT3Z6JypCrOTws=","legacyData"
"6faaefe3-11e1-422d-bb97-59708429541e","GUAN_047.basePlot.vst","2017-02-27","vst_GUAN_2017","D04","GUAN","GUAN_047",,"NEON.PLA.D04.GUAN.01617","ok","single shrub","Live",1.0,130,1.7,,,,0.5,0.4,,"cylinder",2.4,10,,,,"BUWuBJizbbqJ1SVYbs0wjmnYdl8b9NIq1adFzCQuvl8=","8rHzSbnDOXjpaitjHXu3bvZcWZBazBT3Z6JypCrOTws=","legacyData"
"d18a2dea-a847-4b7f-b258-d944ac450e4a","GUAN_047.basePlot.vst","2017-02-27","vst_GUAN_2017","D04","GUAN","GUAN_047",,"NEON.PLA.D04.GUAN.01627","ok","small shrub","Live",,,1.8,,,,1.2,0.9,,"cylinder",1.5,10,,,,"BUWuBJizbbqJ1SVYbs0wjmnYdl8b9NIq1adFzCQuvl8=","8rHzSbnDOXjpaitjHXu3bvZcWZBazBT3Z6JypCrOTws=","legacyData"
"9a1507c9-e795-4d4f-98d2-d915f7fd22f2","GUAN_047.basePlot.vst","2017-02-27","vst_GUAN_2017","D04","GUAN","GUAN_047",,"NEON.PLA.D04.GUAN.01626","ok","single shrub","Live",1.0,130,2.0,,,,1.3,0.9,,"cylinder",2.7,10,,,,"BUWuBJizbbqJ1SVYbs0wjmnYdl8b9NIq1adFzCQuvl8=","8rHzSbnDOXjpaitjHXu3bvZcWZBazBT3Z6JypCrOTws=","legacyData"
"3ccadb50-b5ad-406b-9ec7-98f520ddba69","GUAN_047.basePlot.vst","2017-02-27","vst_GUAN_2017","D04","GUAN","GUAN_047",,"NEON.PLA.D04.GUAN.01395","ok","single shrub","Live",1.0,130,3.1,,,,1.5,0.5,,"cylinder",1.6,10,,,,"BUWuBJizbbqJ1SVYbs0wjmnYdl8b9NIq1adFzCQuvl8=","8rHzSbnDOXjpaitjHXu3bvZcWZBazBT3Z6JypCrOTws=","legacyData"
"809939ad-d299-46b5-b32e-0fd01208d1b7","GUAN_047.basePlot.vst","2017-02-27","vst_GUAN_2017","D04","GUAN","GUAN_047",,"NEON.PLA.D04.GUAN.01606","ok","single shrub","Live",,,3.4,,,,2.9,1.7,,"cylinder",2.1,20,,,,"BUWuBJizbbqJ1SVYbs0wjmnYdl8b9NIq1adFzCQuvl8=","8rHzSbnDOXjpaitjHXu3bvZcWZBazBT3Z6JypCrOTws=","legacyData"
"2619b33f-1b2f-4a3d-ac6a-4b68732b49c4","GUAN_047.basePlot.vst","2017-02-27","vst_GUAN_2017","D04","GUAN","GUAN_047",,"NEON.PLA.D04.GUAN.01703","ok","single shrub","Standing dead",4.1,140,4.4,,,,3.9,3.4,,"inverted cone",5.0,10,0.20,0.15,,"BUWuBJizbbqJ1SVYbs0wjmnYdl8b9NIq1adFzCQuvl8=","8rHzSbnDOXjpaitjHXu3bvZcWZBazBT3Z6JypCrOTws=","legacyData"
"6e876e6a-85f9-4f5d-9d69-2b18c4f384af","GUAN_047.basePlot.vst","2017-02-27","vst_GUAN_2017","D04","GUAN","GUAN_047",,"NEON.PLA.D04.GUAN.01705","untagged",,"No longer qualifies",,,,,,,,,,,,,,,"Same individual with two tags.","BUWuBJizbbqJ1SVYbs0wjmnYdl8b9NIq1adFzCQuvl8=","8rHzSbnDOXjpaitjHXu3bvZcWZBazBT3Z6JypCrOTws=","legacyData"
"7ccb08c6-3d0f-4c0f-91de-2879e94e988b","GUAN_047.basePlot.vst","2017-02-27","vst_GUAN_2017","D04","GUAN","GUAN_047",,"NEON.PLA.D04.GUAN.01384","ok","small shrub","Live",,,1.4,,,,1.3,1.2,,"cylinder",1.0,10,,,,"BUWuBJizbbqJ1SVYbs0wjmnYdl8b9NIq1adFzCQuvl8=","8rHzSbnDOXjpaitjHXu3bvZcWZBazBT3Z6JypCrOTws=","legacyData"
"9f2090d6-b9b5-4d02-bf9c-3527d87cf784","GUAN_047.basePlot.vst","2017-02-27","vst_GUAN_2017","D04","GUAN","GUAN_047",,"NEON.PLA.D04.GUAN.01713","ok","sapling","Live",,,0.6,,,,,,,,1.1,10,,,,"BUWuBJizbbqJ1SVYbs0wjmnYdl8b9NIq1adFzCQuvl8=","8rHzSbnDOXjpaitjHXu3bvZcWZBazBT3Z6JypCrOTws=","legacyData"
"9aee949d-6f40-4e6e-bd39-2d0cf0170ec0","GUAN_047.basePlot.vst","2017-02-27","vst_GUAN_2017","D04","GUAN","GUAN_047",,"NEON.PLA.D04.GUAN.09443","ok","single shrub","Live",1.4,130,3.8,,,,2.7,1.8,,"cylinder",1.9,20,,,,"BUWuBJizbbqJ1SVYbs0wjmnYdl8b9NIq1adFzCQuvl8=","8rHzSbnDOXjpaitjHXu3bvZcWZBazBT3Z6JypCrOTws=","legacyData"
"3a2ab91a-590d-48f8-9cf0-31dbe728ecfa","GUAN_047.basePlot.vst","2017-02-27","vst_GUAN_2017","D04","GUAN","GUAN_047",,"NEON.PLA.D04.GUAN.01712","ok","single shrub","Live",1.2,130,2.1,,,,1.6,1.0,,"cylinder",1.9,10,,,,"BUWuBJizbbqJ1SVYbs0wjmnYdl8b9NIq1adFzCQuvl8=","8rHzSbnDOXjpaitjHXu3bvZcWZBazBT3Z6JypCrOTws=","legacyData"
"ea51b951-0414-4bfc-b33a-c349290bb6f1","GUAN_047.basePlot.vst","2017-02-27","vst_GUAN_2017","D04","GUAN","GUAN_047",,"NEON.PLA.D04.GUAN.01633","ok","single shrub","Live",2.7,130,3.3,,,,0.4,0.2,,"cylinder",3.4,10,,,,"BUWuBJizbbqJ1SVYbs0wjmnYdl8b9NIq1adFzCQuvl8=","8rHzSbnDOXjpaitjHXu3bvZcWZBazBT3Z6JypCrOTws=","legacyData"
"b02da6f4-e319-4b58-a200-6056d0481905","GUAN_047.basePlot.vst","2017-02-27","vst_GUAN_2017","D04","GUAN","GUAN_047",,"NEON.PLA.D04.GUAN.09434","ok","single shrub","Live",1.6,130,2.9,,,,0.7,0.6,,"cylinder",2.3,10,,,,"BUWuBJizbbqJ1SVYbs0wjmnYdl8b9NIq1adFzCQuvl8=","8rHzSbnDOXjpaitjHXu3bvZcWZBazBT3Z6JypCrOTws=","legacyData"
"b55e6189-fa63-48d9-8853-b6e66e2e5569","GUAN_047.basePlot.vst","2017-02-27","vst_GUAN_2017","D04","GUAN","GUAN_047",,"NEON.PLA.D04.GUAN.09443","ok","single shrub","Live",2.5,130,3.8,,,,2.7,1.8,,"cylinder",2.9,20,,,,"BUWuBJizbbqJ1SVYbs0wjmnYdl8b9NIq1adFzCQuvl8=","8rHzSbnDOXjpaitjHXu3bvZcWZBazBT3Z6JypCrOTws=","legacyData"
"7ee9a2ef-7e5a-4cee-be93-a8dec28b8c60","GUAN_047.basePlot.vst","2017-02-27","vst_GUAN_2017","D04","GUAN","GUAN_047",,"NEON.PLA.D04.GUAN.01606","ok","single shrub","Live",1.7,130,3.4,,,,2.9,1.7,,"cylinder",2.2,20,,,,"BUWuBJizbbqJ1SVYbs0wjmnYdl8b9NIq1adFzCQuvl8=","8rHzSbnDOXjpaitjHXu3bvZcWZBazBT3Z6JypCrOTws=","legacyData"
"664aae8f-edb8-4ca5-829f-9ac6824ff493","GUAN_047.basePlot.vst","2017-02-27","vst_GUAN_2017","D04","GUAN","GUAN_047",,"NEON.PLA.D04.GUAN.01701","ok","single shrub","Live",2.3,130,4.0,,,,1.3,1.0,,"cylinder",2.8,10,,,,"BUWuBJizbbqJ1SVYbs0wjmnYdl8b9NIq1adFzCQuvl8=","8rHzSbnDOXjpaitjHXu3bvZcWZBazBT3Z6JypCrOTws=","legacyData"
"7da7c031-001c-4f20-9d6c-4a88037c9e95","GUAN_047.basePlot.vst","2017-02-27","vst_GUAN_2017","D04","GUAN","GUAN_047",,"NEON.PLA.D04.GUAN.01604","ok","small tree","Live",1.1,130,2.9,,,,,,,,,,,,,"BUWuBJizbbqJ1SVYbs0wjmnYdl8b9NIq1adFzCQuvl8=","8rHzSbnDOXjpaitjHXu3bvZcWZBazBT3Z6JypCrOTws=","legacyData"
"620f3584-0ea9-45ec-bf4b-ec82a6d338de","GUAN_047.basePlot.vst","2017-02-27","vst_GUAN_2017","D04","GUAN","GUAN_047",,"NEON.PLA.D04.GUAN.09443","ok","single shrub","Live",1.8,130,3.8,,,,2.7,1.8,,"cylinder",1.4,20,2.70,1.80,,"BUWuBJizbbqJ1SVYbs0wjmnYdl8b9NIq1adFzCQuvl8=","8rHzSbnDOXjpaitjHXu3bvZcWZBazBT3Z6JypCrOTws=","legacyData"
"0c708b56-f085-4656-a79d-f7ed9a4477f8","GUAN_047.basePlot.vst","2017-02-27","vst_GUAN_2017","D04","GUAN","GUAN_047",,"NEON.PLA.D04.GUAN.01630","ok","single shrub","Live",1.3,130,2.3,,,,0.3,0.3,,"cylinder",2.1,10,,,,"BUWuBJizbbqJ1SVYbs0wjmnYdl8b9NIq1adFzCQuvl8=","8rHzSbnDOXjpaitjHXu3bvZcWZBazBT3Z6JypCrOTws=","legacyData"
"87f577de-3fce-41bd-8ee7-60eebe138043","GUAN_047.basePlot.vst","2017-02-27","vst_GUAN_2017","D04","GUAN","GUAN_047",,"NEON.PLA.D04.GUAN.05580","ok","single shrub","Live",1.8,140,3.4,,,,1.5,1.2,,"cylinder",2.3,10,,,,"BUWuBJizbbqJ1SVYbs0wjmnYdl8b9NIq1adFzCQuvl8=","8rHzSbnDOXjpaitjHXu3bvZcWZBazBT3Z6JypCrOTws=","legacyData"
"08029fee-55d4-4f97-a78a-0df1e503237a","GUAN_047.basePlot.vst","2017-02-27","vst_GUAN_2017","D04","GUAN","GUAN_047",,"NEON.PLA.D04.GUAN.01399","ok","single shrub","Live",2.7,130,3.4,,,,2.0,1.7,,"cylinder",3.7,10,,,,"BUWuBJizbbqJ1SVYbs0wjmnYdl8b9NIq1adFzCQuvl8=","8rHzSbnDOXjpaitjHXu3bvZcWZBazBT3Z6JypCrOTws=","legacyData"
"91f901ba-eb8e-4b90-b34e-e6b098419ae3","GUAN_047.basePlot.vst","2017-02-27","vst_GUAN_2017","D04","GUAN","GUAN_047",,"NEON.PLA.D04.GUAN.01603","ok","small shrub","Live",,,1.6,,,,0.8,0.5,,"cylinder",1.6,10,,,,"BUWuBJizbbqJ1SVYbs0wjmnYdl8b9NIq1adFzCQuvl8=","8rHzSbnDOXjpaitjHXu3bvZcWZBazBT3Z6JypCrOTws=","legacyData"
"abd6a199-e800-4351-9053-62e2c4b6539a","GUAN_047.basePlot.vst","2017-02-27","vst_GUAN_2017","D04","GUAN","GUAN_047",,"NEON.PLA.D04.GUAN.01608","ok","single shrub","Live",1.7,130,4.5,,,,1.0,0.8,,"cylinder",2.1,10,,,,"BUWuBJizbbqJ1SVYbs0wjmnYdl8b9NIq1adFzCQuvl8=","8rHzSbnDOXjpaitjHXu3bvZcWZBazBT3Z6JypCrOTws=","legacyData"
"be9bd6eb-6777-44eb-8544-feba384a84d1","GUAN_047.basePlot.vst","2017-02-27","vst_GUAN_2017","D04","GUAN","GUAN_047",,"NEON.PLA.D04.GUAN.01710","ok","small shrub","Live",,,1.1,,,,0.5,0.5,,"cylinder",1.1,10,,,,"BUWuBJizbbqJ1SVYbs0wjmnYdl8b9NIq1adFzCQuvl8=","8rHzSbnDOXjpaitjHXu3bvZcWZBazBT3Z6JypCrOTws=","legacyData"
"fbbf5bbd-e035-4c63-8507-38f61a614be0","GUAN_047.basePlot.vst","2017-02-27","vst_GUAN_2017","D04","GUAN","GUAN_047",,"NEON.PLA.D04.GUAN.01622","ok","single shrub","Live",4.1,130,3.0,,,,1.4,1.0,,"cylinder",6.0,10,,,,"BUWuBJizbbqJ1SVYbs0wjmnYdl8b9NIq1adFzCQuvl8=","8rHzSbnDOXjpaitjHXu3bvZcWZBazBT3Z6JypCrOTws=","legacyData"
"31529bba-4d3f-4184-841d-aacadee2a015","GUAN_047.basePlot.vst","2017-02-27","vst_GUAN_2017","D04","GUAN","GUAN_047",,"NEON.PLA.D04.GUAN.01634",,,"No longer qualifies",,,,,,,,,,,,,,,"Individual no longer attached to the soil. Tag status: removed.","BUWuBJizbbqJ1SVYbs0wjmnYdl8b9NIq1adFzCQuvl8=","8rHzSbnDOXjpaitjHXu3bvZcWZBazBT3Z6JypCrOTws=","legacyData"
"2600f642-0be6-429b-9760-b86b09ec8f2f","GUAN_047.basePlot.vst","2017-02-27","vst_GUAN_2017","D04","GUAN","GUAN_047",,"NEON.PLA.D04.GUAN.05595","ok","small shrub","Live",,,2.0,,,,0.8,0.7,,"cylinder",1.1,10,,,,"BUWuBJizbbqJ1SVYbs0wjmnYdl8b9NIq1adFzCQuvl8=","8rHzSbnDOXjpaitjHXu3bvZcWZBazBT3Z6JypCrOTws=","legacyData"
"46236313-3103-416b-9032-c4a1f831516e","GUAN_047.basePlot.vst","2017-02-27","vst_GUAN_2017","D04","GUAN","GUAN_047",,"NEON.PLA.D04.GUAN.01382","ok","single shrub","Live",1.1,130,2.2,,,,1.1,1.0,,"cylinder",1.9,10,,,,"BUWuBJizbbqJ1SVYbs0wjmnYdl8b9NIq1adFzCQuvl8=","8rHzSbnDOXjpaitjHXu3bvZcWZBazBT3Z6JypCrOTws=","legacyData"
"61bf871f-dcdb-46c1-bdd5-6d26ec31a8f0","GUAN_047.basePlot.vst","2017-02-27","vst_GUAN_2017","D04","GUAN","GUAN_047",,"NEON.PLA.D04.GUAN.01618","ok","single shrub","Live",2.1,130,2.7,,,,0.4,0.2,,"cylinder",3.2,10,,,,"BUWuBJizbbqJ1SVYbs0wjmnYdl8b9NIq1adFzCQuvl8=","8rHzSbnDOXjpaitjHXu3bvZcWZBazBT3Z6JypCrOTws=","legacyData"
"5f6ad569-6dd3-498f-b31a-6914bebe1afe","GUAN_047.basePlot.vst","2017-02-27","vst_GUAN_2017","D04","GUAN","GUAN_047",,"NEON.PLA.D04.GUAN.01400","untagged",,"No longer qualifies",,,,,,,,,,,,,,,"Same individual with two tags.","BUWuBJizbbqJ1SVYbs0wjmnYdl8b9NIq1adFzCQuvl8=","8rHzSbnDOXjpaitjHXu3bvZcWZBazBT3Z6JypCrOTws=","legacyData"
"fddeebda-7859-4aa8-85ab-6bb7a95437e9","GUAN_047.basePlot.vst","2017-02-27","vst_GUAN_2017","D04","GUAN","GUAN_047",,"NEON.PLA.D04.GUAN.01615","ok","single shrub","Live",1.9,130,3.4,,,,0.9,0.8,,"cylinder",2.4,10,,,,"BUWuBJizbbqJ1SVYbs0wjmnYdl8b9NIq1adFzCQuvl8=","8rHzSbnDOXjpaitjHXu3bvZcWZBazBT3Z6JypCrOTws=","legacyData"
"6c7bed19-5d5a-4682-ad09-739cca2ea65c","GUAN_047.basePlot.vst","2017-02-27","vst_GUAN_2017","D04","GUAN","GUAN_047",,"NEON.PLA.D04.GUAN.01714","untagged",,"No longer qualifies",,,,,,,,,,,,,,,"Individual outside of nested area.","BUWuBJizbbqJ1SVYbs0wjmnYdl8b9NIq1adFzCQuvl8=","8rHzSbnDOXjpaitjHXu3bvZcWZBazBT3Z6JypCrOTws=","legacyData"
"1582105d-edd6-4089-a12e-90ff94fa5243","GUAN_047.basePlot.vst","2017-02-27","vst_GUAN_2017","D04","GUAN","GUAN_047",,"NEON.PLA.D04.GUAN.01601","ok","single shrub","Live",1.1,130,2.9,,,,3.0,2.6,,"cylinder",1.3,10,,,,"BUWuBJizbbqJ1SVYbs0wjmnYdl8b9NIq1adFzCQuvl8=","8rHzSbnDOXjpaitjHXu3bvZcWZBazBT3Z6JypCrOTws=","legacyData"
"0ca8ba09-7719-4299-86e0-a8b410f0afb9","GUAN_047.basePlot.vst","2017-02-27","vst_GUAN_2017","D04","GUAN","GUAN_047",,"NEON.PLA.D04.GUAN.01399","ok","single shrub","Live",1.6,130,3.4,,,,2.0,1.7,,"cylinder",2.0,10,,,,"BUWuBJizbbqJ1SVYbs0wjmnYdl8b9NIq1adFzCQuvl8=","8rHzSbnDOXjpaitjHXu3bvZcWZBazBT3Z6JypCrOTws=","legacyData"
"81924ec6-e25a-4553-813c-2a52da5c355f","GUAN_047.basePlot.vst","2017-02-27","vst_GUAN_2017","D04","GUAN","GUAN_047",,"NEON.PLA.D04.GUAN.01625","ok","single shrub","Live",1.5,130,2.8,,,,1.6,1.4,,"cylinder",1.8,10,,,,"BUWuBJizbbqJ1SVYbs0wjmnYdl8b9NIq1adFzCQuvl8=","8rHzSbnDOXjpaitjHXu3bvZcWZBazBT3Z6JypCrOTws=","legacyData"
"6c8d4a8d-3970-4c55-bcdd-4be736f09493","GUAN_047.basePlot.vst","2017-02-27","vst_GUAN_2017","D04","GUAN","GUAN_047",,"NEON.PLA.D04.GUAN.01703","ok","single shrub","Live",2.8,130,4.4,,,,3.9,3.4,,"inverted cone",3.5,10,0.20,0.15,,"BUWuBJizbbqJ1SVYbs0wjmnYdl8b9NIq1adFzCQuvl8=","8rHzSbnDOXjpaitjHXu3bvZcWZBazBT3Z6JypCrOTws=","legacyData"
"f37f691e-0a2c-4bf4-aa83-2517156b5ae3","GUAN_047.basePlot.vst","2017-02-27","vst_GUAN_2017","D04","GUAN","GUAN_047",,"NEON.PLA.D04.GUAN.01704","untagged",,"No longer qualifies",,,,,,,,,,,,,,,"Same individual with multiple tags.","BUWuBJizbbqJ1SVYbs0wjmnYdl8b9NIq1adFzCQuvl8=","8rHzSbnDOXjpaitjHXu3bvZcWZBazBT3Z6JypCrOTws=","legacyData"
"31c76d4a-999e-498f-95ab-31d86241b1b4","GUAN_047.basePlot.vst","2017-02-27","vst_GUAN_2017","D04","GUAN","GUAN_047",,"NEON.PLA.D04.GUAN.01703","ok","single shrub","Live",3.0,130,4.4,,,,3.9,3.4,,"inverted cone",4.0,10,0.20,0.15,,"BUWuBJizbbqJ1SVYbs0wjmnYdl8b9NIq1adFzCQuvl8=","8rHzSbnDOXjpaitjHXu3bvZcWZBazBT3Z6JypCrOTws=","legacyData"
"336ef9c8-029c-4f34-b26b-ac1cf9184003","GUAN_047.basePlot.vst","2017-02-27","vst_GUAN_2017","D04","GUAN","GUAN_047",,"NEON.PLA.D04.GUAN.01399","ok","single shrub","Live",2.7,130,3.4,,,,2.0,1.7,,"cylinder",3.4,10,,,,"BUWuBJizbbqJ1SVYbs0wjmnYdl8b9NIq1adFzCQuvl8=","8rHzSbnDOXjpaitjHXu3bvZcWZBazBT3Z6JypCrOTws=","legacyData"
"c1710450-8cc2-4cd2-9fa8-4a24e1e12b02","GUAN_047.basePlot.vst","2017-02-27","vst_GUAN_2017","D04","GUAN","GUAN_047",,"NEON.PLA.D04.GUAN.01605","ok","small shrub","Live",,,1.3,,,,0.7,0.6,,"cylinder",1.1,10,,,,"BUWuBJizbbqJ1SVYbs0wjmnYdl8b9NIq1adFzCQuvl8=","8rHzSbnDOXjpaitjHXu3bvZcWZBazBT3Z6JypCrOTws=","legacyData"
"3161e509-d0d2-4509-bf82-f21f249df58b","GUAN_047.basePlot.vst","2017-02-27","vst_GUAN_2017","D04","GUAN","GUAN_047",,"NEON.PLA.D04.GUAN.01610","ok","single shrub","Live",3.3,130,3.6,,,,4.1,1.5,,"cylinder",5.2,10,,,,"BUWuBJizbbqJ1SVYbs0wjmnYdl8b9NIq1adFzCQuvl8=","8rHzSbnDOXjpaitjHXu3bvZcWZBazBT3Z6JypCrOTws=","legacyData"
"fe9ce249-fbbc-4a51-9e6c-78aef80828f9","GUAN_047.basePlot.vst","2017-02-27","vst_GUAN_2017","D04","GUAN","GUAN_047",,"NEON.PLA.D04.GUAN.01609","ok","single shrub","Live",1.2,130,2.1,,,,1.2,0.6,,"cylinder",1.9,10,,,,"BUWuBJizbbqJ1SVYbs0wjmnYdl8b9NIq1adFzCQuvl8=","8rHzSbnDOXjpaitjHXu3bvZcWZBazBT3Z6JypCrOTws=","legacyData"
"e28bf607-345a-4a62-84cb-da900cb8960b","GUAN_047.basePlot.vst","2017-02-27","vst_GUAN_2017","D04","GUAN","GUAN_047",,"NEON.PLA.D04.GUAN.01602","ok","small shrub","Live",,,1.8,,,,1.2,1.1,,"cylinder",1.8,10,,,,"BUWuBJizbbqJ1SVYbs0wjmnYdl8b9NIq1adFzCQuvl8=","8rHzSbnDOXjpaitjHXu3bvZcWZBazBT3Z6JypCrOTws=","legacyData"
"0fb8b1f4-8bad-4a9d-b5b5-3a77cdb52f64","GUAN_047.basePlot.vst","2017-02-27","vst_GUAN_2017","D04","GUAN","GUAN_047",,"NEON.PLA.D04.GUAN.01716","ok","single shrub","Live",2.8,130,4.7,,,,2.3,2.1,,"cylinder",5.3,10,,,,"BUWuBJizbbqJ1SVYbs0wjmnYdl8b9NIq1adFzCQuvl8=","8rHzSbnDOXjpaitjHXu3bvZcWZBazBT3Z6JypCrOTws=","legacyData"
"b6a1bfbc-2e63-424f-9ea2-f972f00f221e","GUAN_047.basePlot.vst","2017-02-27","vst_GUAN_2017","D04","GUAN","GUAN_047",,"NEON.PLA.D04.GUAN.09441","ok","small shrub","Live",,,1.8,,,,0.8,0.6,,"cylinder",1.5,10,,,,"BUWuBJizbbqJ1SVYbs0wjmnYdl8b9NIq1adFzCQuvl8=","8rHzSbnDOXjpaitjHXu3bvZcWZBazBT3Z6JypCrOTws=","legacyData"
"eac62c5f-963a-4bb0-924b-25cc1df3c873","GUAN_047.basePlot.vst","2017-02-27","vst_GUAN_2017","D04","GUAN","GUAN_047",,"NEON.PLA.D04.GUAN.01717","ok","single shrub","Live",1.1,130,2.8,,,,1.0,0.7,,"cylinder",1.5,10,,,,"BUWuBJizbbqJ1SVYbs0wjmnYdl8b9NIq1adFzCQuvl8=","8rHzSbnDOXjpaitjHXu3bvZcWZBazBT3Z6JypCrOTws=","legacyData"
"ac6965ab-a80d-429d-b83a-762f18f29874","GUAN_047.basePlot.vst","2017-02-27","vst_GUAN_2017","D04","GUAN","GUAN_047",,"NEON.PLA.D04.GUAN.01702","ok","single shrub","Live",1.9,130,3.3,,,,1.8,1.6,,"cylinder",2.1,20,,,,"BUWuBJizbbqJ1SVYbs0wjmnYdl8b9NIq1adFzCQuvl8=","8rHzSbnDOXjpaitjHXu3bvZcWZBazBT3Z6JypCrOTws=","legacyData"
"5246a742-431d-4271-af80-412bb3c2785b","GUAN_047.basePlot.vst","2017-02-27","vst_GUAN_2017","D04","GUAN","GUAN_047",,"NEON.PLA.D04.GUAN.01601","ok","single shrub","Live",2.1,130,2.9,,,,3.0,2.6,,"cylinder",2.2,20,,,,"BUWuBJizbbqJ1SVYbs0wjmnYdl8b9NIq1adFzCQuvl8=","8rHzSbnDOXjpaitjHXu3bvZcWZBazBT3Z6JypCrOTws=","legacyData"
"38d2060b-49bc-4706-8f5e-a16c1eced206","GUAN_047.basePlot.vst","2017-02-27","vst_GUAN_2017","D04","GUAN","GUAN_047",,"NEON.PLA.D04.GUAN.01612","ok","single shrub","Live",2.9,130,1.8,,,,2.0,1.5,,"cylinder",2.8,10,,,,"BUWuBJizbbqJ1SVYbs0wjmnYdl8b9NIq1adFzCQuvl8=","8rHzSbnDOXjpaitjHXu3bvZcWZBazBT3Z6JypCrOTws=","legacyData"
"a52cef41-6819-46cc-8d4e-8131dbe7ca5e","GUAN_047.basePlot.vst","2017-02-27","vst_GUAN_2017","D04","GUAN","GUAN_047",,"NEON.PLA.D04.GUAN.01613","ok","small tree","Live",4.0,130,3.7,,,,,,,,,,,,,"BUWuBJizbbqJ1SVYbs0wjmnYdl8b9NIq1adFzCQuvl8=","8rHzSbnDOXjpaitjHXu3bvZcWZBazBT3Z6JypCrOTws=","legacyData"
"30f798ae-f19c-4a21-a47e-f013a7762dd2","GUAN_047.basePlot.vst","2017-02-27","vst_GUAN_2017","D04","GUAN","GUAN_047",,"NEON.PLA.D04.GUAN.05581","ok","small shrub","Live",,,1.4,,,,0.6,0.5,,"cylinder",1.2,10,,,,"BUWuBJizbbqJ1SVYbs0wjmnYdl8b9NIq1adFzCQuvl8=","8rHzSbnDOXjpaitjHXu3bvZcWZBazBT3Z6JypCrOTws=","legacyData"
"4c380cc7-e1f3-4cd0-a14f-be16fc923554","GUAN_047.basePlot.vst","2017-02-27","vst_GUAN_2017","D04","GUAN","GUAN_047",,"NEON.PLA.D04.GUAN.01637","ok","small shrub","Standing dead",,,8.1,,,,,,,"cylinder",1.5,10,,,,"BUWuBJizbbqJ1SVYbs0wjmnYdl8b9NIq1adFzCQuvl8=","8rHzSbnDOXjpaitjHXu3bvZcWZBazBT3Z6JypCrOTws=","legacyData"
"67c1759f-353f-43e0-965d-fffc233fa123","GUAN_047.basePlot.vst","2017-02-27","vst_GUAN_2017","D04","GUAN","GUAN_047",,"NEON.PLA.D04.GUAN.01614","ok","single shrub","Live",2.5,130,2.8,,,,2.0,1.9,,"cylinder",3.1,10,,,,"BUWuBJizbbqJ1SVYbs0wjmnYdl8b9NIq1adFzCQuvl8=","8rHzSbnDOXjpaitjHXu3bvZcWZBazBT3Z6JypCrOTws=","legacyData"
"bab126e8-6794-4479-aecb-e73bade2b4fa","GUAN_047.basePlot.vst","2017-02-27","vst_GUAN_2017","D04","GUAN","GUAN_047",,"NEON.PLA.D04.GUAN.09433","ok","single shrub","Live",1.2,130,2.1,,,,0.7,0.4,,"cylinder",1.9,10,,,,"BUWuBJizbbqJ1SVYbs0wjmnYdl8b9NIq1adFzCQuvl8=","8rHzSbnDOXjpaitjHXu3bvZcWZBazBT3Z6JypCrOTws=","legacyData"
"1767c3fb-c36b-44fc-b84d-8c677aa21cf2","GUAN_047.basePlot.vst","2017-02-27","vst_GUAN_2017","D04","GUAN","GUAN_047",,"NEON.PLA.D04.GUAN.01702","ok","single shrub","Live",3.6,130,3.3,,,,1.8,1.6,,"cylinder",5.0,20,,,,"BUWuBJizbbqJ1SVYbs0wjmnYdl8b9NIq1adFzCQuvl8=","8rHzSbnDOXjpaitjHXu3bvZcWZBazBT3Z6JypCrOTws=","legacyData"
"2330fba1-8f49-4fba-b30a-715c2eda4224","GUAN_047.basePlot.vst","2017-02-27","vst_GUAN_2017","D04","GUAN","GUAN_047",,"NEON.PLA.D04.GUAN.09500","ok","single shrub","Live",1.3,130,3.1,,,,1.2,0.8,,"cylinder",2.0,10,,,,"BUWuBJizbbqJ1SVYbs0wjmnYdl8b9NIq1adFzCQuvl8=","8rHzSbnDOXjpaitjHXu3bvZcWZBazBT3Z6JypCrOTws=","legacyData"
"0aa27490-0206-447b-a1d3-f8e74e38e326","GUAN_047.basePlot.vst","2017-02-27","vst_GUAN_2017","D04","GUAN","GUAN_047",,"NEON.PLA.D04.GUAN.01709","untagged",,"No longer qualifies",,,,,,,,,,,,,,,"Same individual with two tags.","BUWuBJizbbqJ1SVYbs0wjmnYdl8b9NIq1adFzCQuvl8=","8rHzSbnDOXjpaitjHXu3bvZcWZBazBT3Z6JypCrOTws=","legacyData"
"575a3e92-cc52-496a-bb37-014c01ab8978","GUAN_047.basePlot.vst","2017-02-27","vst_GUAN_2017","D04","GUAN","GUAN_047",,"NEON.PLA.D04.GUAN.01636","ok","single shrub","Live",1.9,130,3.1,,,,0.7,0.6,,"cylinder",2.5,10,,,,"BUWuBJizbbqJ1SVYbs0wjmnYdl8b9NIq1adFzCQuvl8=","8rHzSbnDOXjpaitjHXu3bvZcWZBazBT3Z6JypCrOTws=","legacyData"
