uid,namedLocation,domainID,siteID,plotID,plotType,nlcdClass,decimalLatitude,decimalLongitude,geodeticDatum,coordinateUncertainty,elevation,elevationUncertainty,collectDate,eventID,sampleID,sampleCode,samplingMethod,totalSampledArea,targetTaxaPresent,adultCount,nymphCount,larvaCount,sampleCondition,samplingProtocolVersion,measuredBy,remarks
"53f4793a-ae14-45f9-985b-f4c10c3d120c","ORNL_040.tickPlot.tck","D07","ORNL","ORNL_040","distributed","evergreenForest",35.975525,-84.305103,"WGS84",20.2,273.2,0.2,"2015-06-18T13:40Z","ORNL.2015.24","ORNL_040.20150618",,"drag and flag",160,"Y",5,0,,"No known compromise","NEON.DOC.014045vF","EY6DvO8NpI5lJHYW3QnRiw31VQzGQ6ke",
"e68ce972-294b-44c6-be47-117f37234e5c","ORNL_002.tickPlot.tck","D07","ORNL","ORNL_002","distributed","deciduousForest",35.983090,-84.211654,"WGS84",20.3,338.6,0.5,"2015-06-18T13:45Z","ORNL.2015.24","ORNL_002.20150618",,"drag and flag",160,"Y",2,7,17,"No known compromise","NEON.DOC.014045vF","yCQc4NQ2guNKJZiruRA1rBfUqhEJHcab",
"6e71ca5a-2e13-4d98-9067-db67cbf970df","ORNL_009.tickPlot.tck","D07","ORNL","ORNL_009","distributed","deciduousForest",35.974902,-84.226630,"WGS84",20.2,337.1,0.2,"2015-06-18T14:45Z","ORNL.2015.24","ORNL_009.20150618",,"drag and flag",160,"Y",0,0,15,"No known compromise","NEON.DOC.014045vF","yCQc4NQ2guNKJZiruRA1rBfUqhEJHcab","only larval ticks collected; QAQC: Sthomason 20150806 0/75 0% error"
"7a214b3e-d748-4f6f-827d-3f20d1376f44","ORNL_008.tickPlot.tck","D07","ORNL","ORNL_008","distributed","deciduousForest",35.933531,-84.334016,"WGS84",20.3,322.7,0.3,"2015-06-18T14:55Z","ORNL.2015.24","ORNL_008.20150618",,"drag and flag",160,"Y",5,0,,"No known compromise","NEON.DOC.014045vF","EY6DvO8NpI5lJHYW3QnRiw31VQzGQ6ke",
"a0f5c82c-7926-447b-b945-33295fe83905","ORNL_007.tickPlot.tck","D07","ORNL","ORNL_007","distributed","deciduousForest",35.925843,-84.328420,"WGS84",20.2,279.4,0.5,"2015-06-18T15:45Z","ORNL.2015.24","ORNL_007.20150618",,"drag and flag",160,"Y",21,0,,"No known compromise","NEON.DOC.014045vF","EY6DvO8NpI5lJHYW3QnRiw31VQzGQ6ke",
