uid,namedLocation,plotID,collectDate,identifiedDate,sampleID,subsampleID,scientificName,acceptedTaxonID,taxonRank,family,subfamily,tribe,subtribe,genus,subgenus,specificEpithet,infraspecificEpithet,identificationQualifier,identificationReferences,identificationProtocolVersion,scientificNameAuthorship,sexOrAge,individualCount,sampleCondition,archiveMedium,archiveFacilityID,deprecatedVialID,identifiedBy,laboratoryName,remarks
"dba68f39-d093-47a1-b91d-96e0dbae9297","ORNL_040.tickPlot.tck","ORNL_040","2015-06-18T13:40Z","2016-10-24T16:00Z","ORNL_040.20150618","ORNL_040.20150618.AMBAME.N","Amblyomma americanum","AMBAME","species","Ixodidae",,,,"Amblyomma",,"americanum",,,"Cooley, R. A. and G. M. Kohls. 1944. The genus Amblyomma (ixodidae) in the United States. The Journal of Parasitology, 30(2):77-111.","GSU_tickIdentification_SOP_2016-11-01.pdf","Linnaeus","Nymph",4,"OK","90% ethanol","USNMENT00865219","ORNL_040.20150618.3.1.Nymph","L. Beati","Georgia Southern University",
"76003f56-8f13-412d-9c73-eef870013f33","ORNL_040.tickPlot.tck","ORNL_040","2015-06-18T13:40Z","2016-10-24T16:00Z","ORNL_040.20150618","ORNL_040.20150618.AMBAME.M","Amblyomma americanum","AMBAME","species","Ixodidae",,,,"Amblyomma",,"americanum",,,"Cooley, R. A. and G. M. Kohls. 1944. The genus Amblyomma (ixodidae) in the United States. The Journal of Parasitology, 30(2):77-111.","GSU_tickIdentification_SOP_2016-11-01.pdf","Linnaeus","Male",1,"OK","90% ethanol","USNMENT00865218","ORNL_040.20150618.3.1.male","L. Beati","Georgia Southern University",
"e38bad74-448d-4145-a667-344bb3fb48f6","ORNL_009.tickPlot.tck","ORNL_009","2015-06-18T14:45Z","2016-10-24T16:00Z","ORNL_009.20150618","ORNL_009.20150618.IXOSP.L","Ixodidae sp.","IXOSP","family","Ixodidae",,,,,,"sp.",,,,"GSU_tickIdentification_SOP_2016-11-01.pdf",,"Larva",1,"OK","90% ethanol","USNMENT00865041","ORNL_009.20150618.3.1.larvae","L. Beati","Georgia Southern University",
"4afc0d33-da17-42ad-9174-ebeb66313075","ORNL_008.tickPlot.tck","ORNL_008","2015-06-18T14:55Z","2016-10-24T16:00Z","ORNL_008.20150618","ORNL_008.20150618.AMBAME.N","Amblyomma americanum","AMBAME","species","Ixodidae",,,,"Amblyomma",,"americanum",,,"Cooley, R. A. and G. M. Kohls. 1944. The genus Amblyomma (ixodidae) in the United States. The Journal of Parasitology, 30(2):77-111.","GSU_tickIdentification_SOP_2016-11-01.pdf","Linnaeus","Nymph",5,"OK","90% ethanol","USNMENT00865042","ORNL_008.20150618.3.1.Nymph","L. Beati","Georgia Southern University",
"4fa4c1ce-cacb-4f46-93dd-7d07f73e1f46","ORNL_007.tickPlot.tck","ORNL_007","2015-06-18T15:45Z","2016-10-24T16:00Z","ORNL_007.20150618","ORNL_007.20150618.AMBAME.N","Amblyomma americanum","AMBAME","species","Ixodidae",,,,"Amblyomma",,"americanum",,,"Cooley, R. A. and G. M. Kohls. 1944. The genus Amblyomma (ixodidae) in the United States. The Journal of Parasitology, 30(2):77-111.","GSU_tickIdentification_SOP_2016-11-01.pdf","Linnaeus","Nymph",21,"OK","90% ethanol","USNMENT00865313","ORNL_007.20150618.3.1.Nymph","L. Beati","Georgia Southern University",
"9715fb48-b4f0-42a9-90bf-cbeae8fa6cb9","ORNL_007.tickPlot.tck","ORNL_007","2015-06-18T15:45Z","2016-10-24T16:00Z","ORNL_007.20150618","ORNL_007.20150618.AMBAME.M","Amblyomma americanum","AMBAME","species","Ixodidae",,,,"Amblyomma",,"americanum",,,"Cooley, R. A. and G. M. Kohls. 1944. The genus Amblyomma (ixodidae) in the United States. The Journal of Parasitology, 30(2):77-111.","GSU_tickIdentification_SOP_2016-11-01.pdf","Linnaeus","Male",2,"OK","90% ethanol","USNMENT00865312","ORNL_007.20150618.3.1.male","L. Beati","Georgia Southern University",
"33477bf4-e3aa-41d6-9e3b-690716c9126d","ORNL_007.tickPlot.tck","ORNL_007","2015-06-18T15:45Z","2016-10-24T16:00Z","ORNL_007.20150618","ORNL_007.20150618.IXOSCA.N","Ixodes scapularis","IXOSCA","species","Ixodidae",,,,"Ixodes",,"scapularis",,,"Keirans, J. E., and C. M. Clifford. 1978. The genus Ixodes in the United States: a scanning electron microscope study and key to the adults. Journal of Medical Entomology, 15(Supplement 2):1-38.","GSU_tickIdentification_SOP_2016-11-01.pdf","Say","Nymph",1,"OK","90% ethanol","USNMENT00865314","ORNL_007.20150618.3.1.Nymph","L. Beati","Georgia Southern University",
