uid,namedLocation,domainID,siteID,plotID,plotType,nlcdClass,decimalLatitude,decimalLongitude,geodeticDatum,coordinateUncertainty,elevation,elevationUncertainty,collectDate,eventID,sampleID,sampleCode,samplingMethod,totalSampledArea,targetTaxaPresent,adultCount,nymphCount,larvaCount,sampleCondition,samplingProtocolVersion,measuredBy,remarks
"66e7a6ad-36e1-45a4-858c-bd0988f3bc31","NIWO_005.tickPlot.tck","D13","NIWO","NIWO_005","distributed","evergreenForest",40.043842,-105.571603,"WGS84",20.3,3285.9,0.4,"2018-06-11T15:13Z","NIWO.2018.24",,,"drag and flag",147,"N",0,0,0,,"NEON.DOC.014045vJ","LNwpgRE1aFsz4Eo6S0oHXbZbSzrlJnj8qYRePodjhJ0=",
"c95108c8-046c-4417-9bb3-1fd7a32d4e73","NIWO_017.tickPlot.tck","D13","NIWO","NIWO_017","distributed","evergreenForest",40.042252,-105.565951,"WGS84",20.2,3263.7,0.2,"2018-06-11T16:48Z","NIWO.2018.24",,,"drag and flag",160,"N",0,0,0,,"NEON.DOC.014045vJ","yovtsZDHF2bJJO1F4nw1jH8ccdG3PG6PuDTHeS1TozA=",
"ede3e81b-3561-4e83-8408-cc5f9e1fe8f2","NIWO_011.tickPlot.tck","D13","NIWO","NIWO_011","distributed","evergreenForest",40.035326,-105.554902,"WGS84",20.4,3103.3,0.4,"2018-06-11T18:32Z","NIWO.2018.24",,,"drag and flag",162,"N",0,0,0,,"NEON.DOC.014045vJ","yovtsZDHF2bJJO1F4nw1jH8ccdG3PG6PuDTHeS1TozA=",
"4e22ea33-7309-4202-8e62-c76d662f18c8","NIWO_006.tickPlot.tck","D13","NIWO","NIWO_006","distributed","grasslandHerbaceous",40.055786,-105.563006,"WGS84",20.1,3455.0,0.1,"2018-06-11T18:59Z","NIWO.2018.24",,,"drag",160,"N",0,0,0,,"NEON.DOC.014045vJ","fWHghMULgzydjDlBKdRJnn+LrnIOOPluX0H9MFosrfc=",
"11960ee6-a73f-4c85-b80c-540657305178","NIWO_003.tickPlot.tck","D13","NIWO","NIWO_003","distributed","grasslandHerbaceous",40.050268,-105.566230,"WGS84",20.1,3460.4,0.1,"2018-06-11T19:57Z","NIWO.2018.24",,,"drag",160,"N",0,0,0,,"NEON.DOC.014045vJ","fWHghMULgzydjDlBKdRJnn+LrnIOOPluX0H9MFosrfc=",
"a8ae6fa5-2be3-406c-a58d-5449c873bf4c","NIWO_021.tickPlot.tck","D13","NIWO","NIWO_021","distributed","evergreenForest",40.041022,-105.541760,"WGS84",20.1,2976.6,0.1,"2018-06-11T20:25Z","NIWO.2018.24",,,"drag and flag",163,"N",0,0,0,,"NEON.DOC.014045vJ","yovtsZDHF2bJJO1F4nw1jH8ccdG3PG6PuDTHeS1TozA=",
