uid,namedLocation,domainID,siteID,plotID,plotType,nlcdClass,decimalLatitude,decimalLongitude,geodeticDatum,coordinateUncertainty,elevation,elevationUncertainty,collectDate,eventID,sampleID,sampleCode,samplingMethod,totalSampledArea,targetTaxaPresent,adultCount,nymphCount,larvaCount,sampleCondition,samplingProtocolVersion,measuredBy,remarks
"6ff55416-b466-4217-a97e-8984c3dea3d9","UNDE_013.tickPlot.tck","D05","UNDE","UNDE_013","distributed","deciduousForest",46.227776,-89.535166,"WGS84",20.2,510.3,0.3,"2017-05-05T15:28Z","UNDE.2017.19",,,"drag and flag",158,"N",0,0,0,"No known compromise","NEON.DOC.014045vG","WXmC7HijdM2NsP75v+4sQyVqwIMmMBb8",
"c1c1ee66-b274-461c-a670-475dd63dc5bc","UNDE_002.tickPlot.tck","D05","UNDE","UNDE_002","distributed","woodyWetlands",46.242285,-89.543255,"WGS84",20.3,506.2,0.4,"2017-05-05T16:35Z","UNDE.2017.19",,,"drag and flag",108,"N",0,0,0,"No known compromise","NEON.DOC.014045vG","ZHEXkzpmequ8bHP4OIc5Sa2i4D1lg2hhgarnFdYG4TU=",
"6e659575-0517-4644-bd69-bb800d257856","UNDE_999.tickPlot.tck","D05","UNDE","UNDE_999","distributed","woodyWetlands",46.256243,-89.534200,"WGS84",20.2,507.1,0.3,"2017-05-05T18:07Z","UNDE.2017.19",,,"drag and flag",145,"N",0,0,0,"No known compromise","NEON.DOC.014045vG","ZHEXkzpmequ8bHP4OIc5Sa2i4D1lg2hhgarnFdYG4TU=",
"1e5cf3be-8b9a-4fb0-bc50-b982d7c40a4a","UNDE_019.tickPlot.tck","D05","UNDE","UNDE_019","distributed","deciduousForest",46.257425,-89.542054,"WGS84",20.2,519.0,0.2,"2017-05-05T19:14Z","UNDE.2017.19",,,"drag and flag",152,"N",0,0,0,"No known compromise","NEON.DOC.014045vG","WXmC7HijdM2NsP75v+4sQyVqwIMmMBb8",
"67672b9b-6a6b-450e-aa78-7bbec3299c01","UNDE_011.tickPlot.tck","D05","UNDE","UNDE_011","distributed","woodyWetlands",46.213935,-89.505950,"WGS84",20.3,507.7,0.4,"2017-05-05T20:08Z","UNDE.2017.19",,,"drag and flag",119,"N",0,0,0,"No known compromise","NEON.DOC.014045vG","ARejzCBrb6CRpGj0oWJ3lcNFFJLhhdyHL/qtSIEd/o0=",
"81ed167d-847d-4f23-8524-3ce864c13907","UNDE_017.tickPlot.tck","D05","UNDE","UNDE_017","distributed","mixedForest",46.236736,-89.497054,"WGS84",20.1,518.8,0.2,"2017-05-05T20:23Z","UNDE.2017.19",,,"drag and flag",156,"N",0,0,0,"No known compromise","NEON.DOC.014045vG","ZHEXkzpmequ8bHP4OIc5Sa2i4D1lg2hhgarnFdYG4TU=",
