uid,namedLocation,domainID,siteID,plotID,plotType,nlcdClass,decimalLatitude,decimalLongitude,geodeticDatum,coordinateUncertainty,elevation,elevationUncertainty,collectDate,eventID,sampleID,sampleCode,samplingMethod,totalSampledArea,targetTaxaPresent,adultCount,nymphCount,larvaCount,sampleCondition,samplingProtocolVersion,measuredBy,remarks
"2ab68c2a-7c33-42a8-a86e-8bca2ef35e46","TALL_003.tickPlot.tck","D08","TALL","TALL_003","distributed","mixedForest",32.894415,-87.416532,"WGS84",20.2,121.9,0.2,"2017-07-09T13:00Z","TALL.2017.27","TALL_003.20170709",,"drag",160,"Y",0,14,1,"No known compromise","NEON.DOC.014045vH","RSPgZ4EbCAx7Z+7QmyZcSQ==","no transcription errors found"
"2493375e-95d7-4631-88a4-66eabdbbd96d","TALL_002.tickPlot.tck","D08","TALL","TALL_002","distributed","mixedForest",32.920823,-87.428955,"WGS84",20.3,104.0,0.4,"2017-07-17T14:16Z","TALL.2017.30","TALL_002.20170717",,"drag",160,"Y",2,15,21,"No known compromise","NEON.DOC.014045vH","LVAPgAv6xh19C/3VJQSXPdnCeq509g5NN3aoB1Pgu+U=",
"613c0795-7f49-4fe5-90e3-7e555b75ce58","TALL_001.tickPlot.tck","D08","TALL","TALL_001","distributed","deciduousForest",32.976370,-87.432184,"WGS84",20.2,114.6,0.1,"2017-07-17T15:00Z","TALL.2017.30","TALL_001.20170717",,"drag and flag",160,"Y",2,2,0,"No known compromise","NEON.DOC.014045vH","71MfCy+FRsto69311gQJvR+pq8mHvc/9aCd1qcCUSbo=",
"b616c375-5dd2-43f7-b670-962f0b671112","TALL_008.tickPlot.tck","D08","TALL","TALL_008","distributed","deciduousForest",32.922874,-87.434097,"WGS84",20.2,127.5,0.2,"2017-07-17T15:44Z","TALL.2017.30","TALL_008.20170717",,"drag",160,"Y",0,10,280,"No known compromise","NEON.DOC.014045vH","LVAPgAv6xh19C/3VJQSXPdnCeq509g5NN3aoB1Pgu+U=",
"bc5c38e1-9f97-4ae2-8233-52ebfaade80b","TALL_016.tickPlot.tck","D08","TALL","TALL_016","distributed","evergreenForest",32.971553,-87.415845,"WGS84",20.1,138.9,0.1,"2017-07-17T16:25Z","TALL.2017.30",,,"drag and flag",160,"N",0,0,0,,"NEON.DOC.014045vH","71MfCy+FRsto69311gQJvR+pq8mHvc/9aCd1qcCUSbo=",
"cb0d3e7b-1e05-4810-90d2-602e0af1dd08","TALL_003.tickPlot.tck","D08","TALL","TALL_003","distributed","mixedForest",32.894415,-87.416532,"WGS84",20.2,121.9,0.2,"2017-07-17T17:09Z","TALL.2017.30",,,"drag",160,"N",0,0,0,,"NEON.DOC.014045vH","LVAPgAv6xh19C/3VJQSXPdnCeq509g5NN3aoB1Pgu+U=",
"b07ba80f-3e0f-4fda-92df-4753db07c8c2","TALL_006.tickPlot.tck","D08","TALL","TALL_006","distributed","evergreenForest",32.899144,-87.444571,"WGS84",20.3,108.6,0.3,"2017-07-17T17:48Z","TALL.2017.30",,,"drag and flag",170,"N",0,0,0,,"NEON.DOC.014045vH","71MfCy+FRsto69311gQJvR+pq8mHvc/9aCd1qcCUSbo=",
