uid,namedLocation,plotID,collectDate,identifiedDate,sampleID,subsampleID,scientificName,acceptedTaxonID,taxonRank,family,subfamily,tribe,subtribe,genus,subgenus,specificEpithet,infraspecificEpithet,identificationQualifier,identificationReferences,identificationProtocolVersion,scientificNameAuthorship,sexOrAge,individualCount,sampleCondition,archiveMedium,archiveFacilityID,deprecatedVialID,identifiedBy,laboratoryName,remarks
"a27fa28a-bdc5-4117-b974-7a6881dc47a9","TALL_003.tickPlot.tck","TALL_003","2017-07-09T13:00Z","2017-08-08T16:00Z","TALL_003.20170709","TALL_003.20170709.AMBSPP.N","Amblyomma spp.","AMBSPP","genus","Ixodidae",,,,"Amblyomma",,"spp.",,,"Keirans, J. E., and L. A. Durden. 1998. Illustrated Key to Nymphs of the Tick Genus Amblyomma (Acari: Ixodidae) Found in the United States. Journal of Medical Entomology, 35:489–495.","GSU_tickIdentification_SOP_2016-11-01.pdf",,"Nymph",14,"OK","95% ethanol","125263","TALL_003.20170709.AMBSPP.N","L. Beati","Georgia Southern University",
"a34b8758-ad67-40b8-9d18-7429d1512434","TALL_002.tickPlot.tck","TALL_002","2017-07-17T14:16Z","2017-12-14T17:00Z","TALL_002.20170717","TALL_002.20170717.AMBAME.F","Amblyomma americanum","AMBAME","species","Ixodidae",,,,"Amblyomma",,"americanum",,,"Cooley, R. A. and G. M. Kohls. 1944. The genus Amblyomma (ixodidae) in the United States. The Journal of Parasitology, 30(2):77-111.","GSU_tickIdentification_SOP_2016-11-01.pdf","Linnaeus","Female",2,"OK","90% ethanol","USNMENT01358537","TALL_002.20170717.AMBAME.F","Lorenza Beati","Georgia Southern University",
"05086eb4-c6ab-4f50-ac6d-a56cc36b22a4","TALL_002.tickPlot.tck","TALL_002","2017-07-17T14:16Z","2017-12-14T17:00Z","TALL_002.20170717","TALL_002.20170717.AMBAME.N","Amblyomma americanum","AMBAME","species","Ixodidae",,,,"Amblyomma",,"americanum",,,"Cooley, R. A. and G. M. Kohls. 1944. The genus Amblyomma (ixodidae) in the United States. The Journal of Parasitology, 30(2):77-111.","GSU_tickIdentification_SOP_2016-11-01.pdf","Linnaeus","Nymph",17,"OK","90% ethanol","USNMENT01358538","TALL_002.20170717.AMBAME.N","Lorenza Beati","Georgia Southern University",
"2d27f137-77a7-4d81-ab57-3729943823db","TALL_002.tickPlot.tck","TALL_002","2017-07-17T14:16Z","2017-09-14T16:00Z","TALL_002.20170717","TALL_002.20170717.IXOSP.L","Ixodidae sp.","IXOSP","family","Ixodidae",,,,,,"sp.",,,,"GSU_tickIdentification_SOP_2016-11-01.pdf",,"Larva",1,"OK","90% ethanol","USNMENT01358539","TALL_002.20170717.L","Arianna Gibbs","Georgia Southern University",
"4969768b-498d-4336-9f43-791cb9987b04","TALL_001.tickPlot.tck","TALL_001","2017-07-17T15:00Z","2017-12-14T17:00Z","TALL_001.20170717","TALL_001.20170717.DERVAR.M","Dermacentor variabilis","DERVAR","species","Ixodidae",,,,"Dermacentor",,"variabilis",,,"Yunker, C. E., Keirans, J. E., Clifford, C. M., and E. R. Easton. 1986. Dermacentor ticks (Acari: Ixodoidea: Ixodidae) of the New World: a scanning electron microscope atlas. Proceedings of the Entomological Society of Washington, 88(4):609-627.","GSU_tickIdentification_SOP_2016-11-01.pdf","Say","Male",1,"OK","90% ethanol","USNMENT01358541","TALL_001.20170717.DERVAR.M","Lorenza Beati","Georgia Southern University","TO PAULA"
"e001f016-d9df-41e7-9b3f-906bab73f5bd","TALL_001.tickPlot.tck","TALL_001","2017-07-17T15:00Z","2017-12-14T17:00Z","TALL_001.20170717","TALL_001.20170717.AMBAME.N","Amblyomma americanum","AMBAME","species","Ixodidae",,,,"Amblyomma",,"americanum",,,"Cooley, R. A. and G. M. Kohls. 1944. The genus Amblyomma (ixodidae) in the United States. The Journal of Parasitology, 30(2):77-111.","GSU_tickIdentification_SOP_2016-11-01.pdf","Linnaeus","Nymph",2,"OK","90% ethanol","USNMENT01358542","TALL_001.20170717.AMBAME.N","Lorenza Beati","Georgia Southern University",
"ec335687-e9ad-41e5-ab67-8010499d729f","TALL_001.tickPlot.tck","TALL_001","2017-07-17T15:00Z","2017-12-14T17:00Z","TALL_001.20170717","TALL_001.20170717.DERVAR.F","Dermacentor variabilis","DERVAR","species","Ixodidae",,,,"Dermacentor",,"variabilis",,,"Yunker, C. E., Keirans, J. E., Clifford, C. M., and E. R. Easton. 1986. Dermacentor ticks (Acari: Ixodoidea: Ixodidae) of the New World: a scanning electron microscope atlas. Proceedings of the Entomological Society of Washington, 88(4):609-627.","GSU_tickIdentification_SOP_2016-11-01.pdf","Say","Female",1,"OK","90% ethanol","USNMENT01358540","TALL_001.20170717.DERVAR.F","Lorenza Beati","Georgia Southern University","To PAULA"
"345782a5-bf61-444c-b2cf-6165cd5bdd2e","TALL_008.tickPlot.tck","TALL_008","2017-07-17T15:44Z","2017-12-14T17:00Z","TALL_008.20170717","TALL_008.20170717.AMBAME.N","Amblyomma americanum","AMBAME","species","Ixodidae",,,,"Amblyomma",,"americanum",,,"Cooley, R. A. and G. M. Kohls. 1944. The genus Amblyomma (ixodidae) in the United States. The Journal of Parasitology, 30(2):77-111.","GSU_tickIdentification_SOP_2016-11-01.pdf","Linnaeus","Nymph",10,"OK","90% ethanol","USNMENT01358626","TALL_008.20170717.AMBAME.N","Lorenza Beati","Georgia Southern University",
"f79d8eec-a7e6-4f41-8fed-863608b44c54","TALL_008.tickPlot.tck","TALL_008","2017-07-17T15:44Z","2017-09-20T16:00Z","TALL_008.20170717","TALL_008.20170717.IXOSP.L","Ixodidae sp.","IXOSP","family","Ixodidae",,,,,,"sp.",,,,"GSU_tickIdentification_SOP_2016-11-01.pdf",,"Larva",1,"OK","90% ethanol","USNMENT01358627","TALL_008.20170717.L","Arianna Gibbs","Georgia Southern University",
