uid,namedLocation,date,domainID,siteID,plotID,plotType,nlcdClass,decimalLatitude,decimalLongitude,geodeticDatum,coordinateUncertainty,easting,northing,utmZone,elevation,elevationUncertainty,eventID,samplingProtocolVersion,treesPresent,treesAbsentList,shrubsPresent,shrubsAbsentList,lianasPresent,lianasAbsentList,nestedSubplotAreaShrubSapling,nestedSubplotAreaLiana,totalSampledAreaTrees,totalSampledAreaShrubSapling,totalSampledAreaLiana,remarks,measuredBy,recordedBy,dataQF
"87c023ff-032b-416c-a083-8a77ed84bb86","HEAL_010.basePlot.vst","2015-08-10","D19","HEAL","HEAL_010","distributed","shrubScrub",63.877229,-149.263771,"WGS84",20.1,388806.20,7085306.19,"6N",657.0,0.1,"vst_HEAL_2015","NEON.DOC.000987vD",,,,,,,"10","noneSelected",400,80,400,"TAGID1786 was left out of apparent individuals sue to a lack of stm diamtr","Mi7tVpStYnSoq2hTO8vaoNyWhwEPwgHi","coznLteBYyAkyMa4lGIJnoDhnFdnpkUYMn9BYPVaZow=","legacyData"
"69058911-e555-4c1a-9684-741baa455696","HEAL_002.basePlot.vst","2015-08-10","D19","HEAL","HEAL_002","distributed","dwarfScrub",63.871137,-149.240038,"WGS84",20.1,389947.74,7084586.53,"6N",696.7,0.1,"vst_HEAL_2015","NEON.DOC.000987vD",,,,,,,"noneSelected","noneSelected",400,400,400,,"UdgDjQtJX07DZeqMKH1Q7KfO+VF4a2jv","zbE96DuRlskYMD4y0DQVeK1rP8HOL1uC","legacyData"
"d92ded74-1ab0-4a69-bf37-5f4cfd14441b","HEAL_003.basePlot.vst","2015-08-10","D19","HEAL","HEAL_003","distributed","dwarfScrub",63.865625,-149.229880,"WGS84",20.1,390425.18,7083955.13,"6N",715.7,0.1,"vst_HEAL_2015","NEON.DOC.000987vD",,,,,,,"noneSelected","noneSelected",400,400,400,,"UdgDjQtJX07DZeqMKH1Q7KfO+VF4a2jv","zbE96DuRlskYMD4y0DQVeK1rP8HOL1uC","legacyData"
"149f2e8b-c682-4e9c-9964-7834de2d9d35","HEAL_014.basePlot.vst","2015-08-11","D19","HEAL","HEAL_014","distributed","shrubScrub",63.886767,-149.273720,"WGS84",20.1,388355.54,7086385.89,"6N",671.5,0.1,"vst_HEAL_2015","NEON.DOC.000987vD",,,,,,,"1","noneSelected",400,8,400,,"UdgDjQtJX07DZeqMKH1Q7KfO+VF4a2jv","zbE96DuRlskYMD4y0DQVeK1rP8HOL1uC","legacyData"
"de899118-2596-4b31-bfc7-097f83da041e","HEAL_023.basePlot.vst","2015-08-13","D19","HEAL","HEAL_023","distributed","shrubScrub",63.887447,-149.282290,"WGS84",20.1,387937.58,7086476.65,"6N",669.5,0.1,"vst_HEAL_2015","NEON.DOC.000987vD",,,,,,,"10","noneSelected",400,80,400,,"0nczF1YZTN/gghmqTFVPTD23c6TU5AxA","zbE96DuRlskYMD4y0DQVeK1rP8HOL1uC","legacyData"
"63acb965-23fc-4f06-a911-842e953701de","HEAL_022.basePlot.vst","2015-08-13","D19","HEAL","HEAL_022","distributed","shrubScrub",63.887475,-149.212621,"WGS84",20.1,391357.44,7086359.25,"6N",630.4,0.1,"vst_HEAL_2015","NEON.DOC.000987vD",,,,,,,"10","noneSelected",400,80,400,,"Mi7tVpStYnSoq2hTO8vaoNyWhwEPwgHi","coznLteBYyAkyMa4lGIJnoDhnFdnpkUYMn9BYPVaZow=","legacyData"
"118765c8-9c14-4aa0-af5e-ee7628951136","HEAL_021.basePlot.vst","2015-08-26","D19","HEAL","HEAL_021","distributed","shrubScrub",63.890700,-149.264221,"WGS84",20.1,388837.37,7086807.35,"6N",665.3,0.1,"vst_HEAL_2015","NEON.DOC.000987vD",,,,,,,"10","noneSelected",400,80,400,,"Mi7tVpStYnSoq2hTO8vaoNyWhwEPwgHi","coznLteBYyAkyMa4lGIJnoDhnFdnpkUYMn9BYPVaZow=","legacyData"
