uid,namedLocation,plotID,collectDate,identifiedDate,sampleID,subsampleID,scientificName,acceptedTaxonID,taxonRank,family,subfamily,tribe,subtribe,genus,subgenus,specificEpithet,infraspecificEpithet,identificationQualifier,identificationReferences,identificationProtocolVersion,scientificNameAuthorship,sexOrAge,individualCount,sampleCondition,archiveMedium,archiveFacilityID,deprecatedVialID,identifiedBy,laboratoryName,remarks
"8c44e98d-46ef-44a6-adb1-2722dc0abd29","TALL_008.tickPlot.tck","TALL_008","2015-08-03T12:10Z","2016-08-04T12:00Z","TALL_008.20150803","TALL_008.20150803.AMBAME.N","Amblyomma americanum","AMBAME","species","Ixodidae",,,,"Amblyomma",,"americanum",,,"Cooley, R. A. and G. M. Kohls. 1944. The genus Amblyomma (ixodidae) in the United States. The Journal of Parasitology, 30(2):77-111.","GSU_tickIdentification_SOP_2016-11-01.pdf","Linnaeus","Nymph",3,"OK","95% ethanol","127023",,"L. Beati","Georgia Southern University",
"7a0fb307-76d8-4145-a453-6d080dfb6209","TALL_001.tickPlot.tck","TALL_001","2015-08-03T12:15Z","2016-08-02T12:00Z","TALL_001.20150803","TALL_001.20150803.AMBAME.N","Amblyomma americanum","AMBAME","species","Ixodidae",,,,"Amblyomma",,"americanum",,,"Cooley, R. A. and G. M. Kohls. 1944. The genus Amblyomma (ixodidae) in the United States. The Journal of Parasitology, 30(2):77-111.","GSU_tickIdentification_SOP_2016-11-01.pdf","Linnaeus","Nymph",2,"OK","95% ethanol","127019",,"L. Beati","Georgia Southern University",
"9656fe44-6a06-4941-83d8-32d73b1afb8e","TALL_001.tickPlot.tck","TALL_001","2015-08-03T12:15Z","2016-08-02T16:00Z","TALL_001.20150803","TALL_001.20150803.DERVAR.F","Dermacentor variabilis","DERVAR","species","Ixodidae",,,,"Dermacentor",,"variabilis",,,,"GSU_tickIdentification_SOP_2016-11-01.pdf","Say","Female",2,"OK","90% ethanol","127019",,"L. Beati","Georgia Southern University",
"9b75f82c-f732-43f9-a166-29d2e3fc2aee","TALL_002.tickPlot.tck","TALL_002","2015-08-03T13:03Z","2016-08-08T12:00Z","TALL_002.20150803","TALL_002.20150803.AMBAME.N","Amblyomma americanum","AMBAME","species","Ixodidae",,,,"Amblyomma",,"americanum",,,"Cooley, R. A. and G. M. Kohls. 1944. The genus Amblyomma (ixodidae) in the United States. The Journal of Parasitology, 30(2):77-111.","GSU_tickIdentification_SOP_2016-11-01.pdf","Linnaeus","Nymph",4,"OK","95% ethanol","127020",,"L. Beati","Georgia Southern University",
"19219843-efdb-4597-94b9-bba1447d7828","TALL_002.tickPlot.tck","TALL_002","2015-08-03T13:03Z","2016-08-08T16:00Z","TALL_002.20150803","TALL_002.20150803.AMBAME.F","Amblyomma americanum","AMBAME","species","Ixodidae",,,,"Amblyomma",,"americanum",,,"Cooley, R. A. and G. M. Kohls. 1944. The genus Amblyomma (ixodidae) in the United States. The Journal of Parasitology, 30(2):77-111.","GSU_tickIdentification_SOP_2016-11-01.pdf","Linnaeus","Female",1,"OK","90% ethanol","127020",,"L. Beati","Georgia Southern University",
"8977e9df-ae2b-4764-bcea-65e7a0164add","TALL_006.tickPlot.tck","TALL_006","2015-08-03T14:22Z","2016-08-04T16:00Z","TALL_006.20150803","TALL_006.20150803.DERVAR.F","Dermacentor variabilis","DERVAR","species","Ixodidae",,,,"Dermacentor",,"variabilis",,,,"GSU_tickIdentification_SOP_2016-11-01.pdf","Say","Female",1,"OK","90% ethanol","127022",,"L. Beati","Georgia Southern University",
"e1b17b9a-1cc8-4442-b832-1a5f8af4b48a","TALL_006.tickPlot.tck","TALL_006","2015-08-03T14:22Z","2016-08-04T16:00Z","TALL_006.20150803","TALL_006.20150803.IXOSP.L","Ixodidae sp.","IXOSP","family","Ixodidae",,,,,,"sp.",,,,"GSU_tickIdentification_SOP_2016-11-01.pdf",,"Larva",1,"OK","90% ethanol","127022",,"L. Beati","Georgia Southern University",
"319e20fd-f8b2-4ce9-9069-397f25f28625","TALL_003.tickPlot.tck","TALL_003","2015-08-03T16:00Z","2016-08-08T16:00Z","TALL_003.20150803","TALL_003.20150803.AMBAME.N","Amblyomma americanum","AMBAME","species","Ixodidae",,,,"Amblyomma",,"americanum",,,"Cooley, R. A. and G. M. Kohls. 1944. The genus Amblyomma (ixodidae) in the United States. The Journal of Parasitology, 30(2):77-111.","GSU_tickIdentification_SOP_2016-11-01.pdf","Linnaeus","Nymph",1,"OK","90% ethanol","127021",,"L. Beati","Georgia Southern University",
"638afe4b-78e0-496c-9eaf-1f82bc1a27d6","TALL_006.tickPlot.tck","TALL_006","2015-08-25T13:00Z","2016-08-03T12:00Z","TALL_006.20150825","TALL_006.20150825.AMBAME.N","Amblyomma americanum","AMBAME","species","Ixodidae",,,,"Amblyomma",,"americanum",,,"Cooley, R. A. and G. M. Kohls. 1944. The genus Amblyomma (ixodidae) in the United States. The Journal of Parasitology, 30(2):77-111.","GSU_tickIdentification_SOP_2016-11-01.pdf","Linnaeus","Nymph",3,"OK","95% ethanol","127027",,"L. Beati","Georgia Southern University",
"fbb0669c-0d6f-4fee-9ca9-89961e7cc1bd","TALL_006.tickPlot.tck","TALL_006","2015-08-25T13:00Z","2016-08-03T16:00Z","TALL_006.20150825","TALL_006.20150825.IXOSP.L","Ixodidae sp.","IXOSP","family","Ixodidae",,,,,,"sp.",,,,"GSU_tickIdentification_SOP_2016-11-01.pdf",,"Larva",1,"OK","90% ethanol","127027",,"L. Beati","Georgia Southern University",
"abe0f762-f081-40b1-94aa-3318ed42276b","TALL_008.tickPlot.tck","TALL_008","2015-08-25T13:18Z","2016-08-08T12:00Z","TALL_008.20150825","TALL_008.20150825.AMBAME.N","Amblyomma americanum","AMBAME","species","Ixodidae",,,,"Amblyomma",,"americanum",,,"Cooley, R. A. and G. M. Kohls. 1944. The genus Amblyomma (ixodidae) in the United States. The Journal of Parasitology, 30(2):77-111.","GSU_tickIdentification_SOP_2016-11-01.pdf","Linnaeus","Nymph",18,"OK","95% ethanol","127028",,"L. Beati","Georgia Southern University",
"3bc99e1d-37c7-421b-b004-3973813cb530","TALL_008.tickPlot.tck","TALL_008","2015-08-25T13:18Z","2016-08-08T16:00Z","TALL_008.20150825","TALL_008.20150825.AMBAME.M","Amblyomma americanum","AMBAME","species","Ixodidae",,,,"Amblyomma",,"americanum",,,"Cooley, R. A. and G. M. Kohls. 1944. The genus Amblyomma (ixodidae) in the United States. The Journal of Parasitology, 30(2):77-111.","GSU_tickIdentification_SOP_2016-11-01.pdf","Linnaeus","Male",1,"OK","90% ethanol","127028",,"L. Beati","Georgia Southern University",
"f9a2740a-af51-4471-a826-49d785b1d5ee","TALL_002.tickPlot.tck","TALL_002","2015-08-25T14:34Z","2016-08-03T12:00Z","TALL_002.20150825","TALL_002.20150825.AMBAME.N","Amblyomma americanum","AMBAME","species","Ixodidae",,,,"Amblyomma",,"americanum",,,"Cooley, R. A. and G. M. Kohls. 1944. The genus Amblyomma (ixodidae) in the United States. The Journal of Parasitology, 30(2):77-111.","GSU_tickIdentification_SOP_2016-11-01.pdf","Linnaeus","Nymph",4,"OK","95% ethanol","127025",,"L. Beati","Georgia Southern University",
"cf9a6e4c-a6b3-4449-9862-76c4a4554589","TALL_002.tickPlot.tck","TALL_002","2015-08-25T14:34Z","2016-08-03T16:00Z","TALL_002.20150825","TALL_002.20150825.AMBAME.F","Amblyomma americanum","AMBAME","species","Ixodidae",,,,"Amblyomma",,"americanum",,,"Cooley, R. A. and G. M. Kohls. 1944. The genus Amblyomma (ixodidae) in the United States. The Journal of Parasitology, 30(2):77-111.","GSU_tickIdentification_SOP_2016-11-01.pdf","Linnaeus","Female",1,"OK","90% ethanol","127025",,"L. Beati","Georgia Southern University",
"531f4684-626a-4082-b40d-e0cfba50e2a1","TALL_002.tickPlot.tck","TALL_002","2015-08-25T14:34Z","2016-08-03T16:00Z","TALL_002.20150825","TALL_002.20150825.IXOSP.L","Ixodidae sp.","IXOSP","family","Ixodidae",,,,,,"sp.",,,,"GSU_tickIdentification_SOP_2016-11-01.pdf",,"Larva",1,"OK","90% ethanol","127025",,"L. Beati","Georgia Southern University",
"d83fab91-af8a-4eb1-95e1-190cffda36e6","TALL_001.tickPlot.tck","TALL_001","2015-08-25T16:00Z","2016-08-04T12:00Z","TALL_001.20150825","TALL_001.20150825.AMBAME.N","Amblyomma americanum","AMBAME","species","Ixodidae",,,,"Amblyomma",,"americanum",,,"Cooley, R. A. and G. M. Kohls. 1944. The genus Amblyomma (ixodidae) in the United States. The Journal of Parasitology, 30(2):77-111.","GSU_tickIdentification_SOP_2016-11-01.pdf","Linnaeus","Nymph",7,"OK","95% ethanol","127024",,"L. Beati","Georgia Southern University",
"3c117c82-3eca-4d7e-ada6-bac43f1d07bd","TALL_003.tickPlot.tck","TALL_003","2015-08-25T16:22Z","2016-08-03T12:00Z","TALL_003.20150825","TALL_003.20150825.AMBAME.N","Amblyomma americanum","AMBAME","species","Ixodidae",,,,"Amblyomma",,"americanum",,,"Cooley, R. A. and G. M. Kohls. 1944. The genus Amblyomma (ixodidae) in the United States. The Journal of Parasitology, 30(2):77-111.","GSU_tickIdentification_SOP_2016-11-01.pdf","Linnaeus","Nymph",3,"OK","95% ethanol","127026",,"L. Beati","Georgia Southern University",
