uid,namedLocation,domainID,siteID,plotID,plotType,nlcdClass,decimalLatitude,decimalLongitude,geodeticDatum,coordinateUncertainty,elevation,elevationUncertainty,collectDate,eventID,sampleID,sampleCode,samplingMethod,totalSampledArea,targetTaxaPresent,adultCount,nymphCount,larvaCount,sampleCondition,samplingProtocolVersion,measuredBy,remarks
"b746ff06-05de-4c34-9773-1c8b6112d40a","TALL_008.tickPlot.tck","D08","TALL","TALL_008","distributed","deciduousForest",32.922874,-87.434097,"WGS84",20.2,127.5,0.2,"2015-08-03T12:10Z","TALL.2015.31","TALL_008.20150803",,"drag",164,"Y",0,3,,"No known compromise","NEON.DOC.014045vF","XIk3CMH/VT2ztcDIBBKNwssfFUwUsihU",
"05a67cf7-cb75-4bfa-b524-2be9afce5b21","TALL_001.tickPlot.tck","D08","TALL","TALL_001","distributed","deciduousForest",32.976370,-87.432184,"WGS84",20.2,114.6,0.1,"2015-08-03T12:15Z","TALL.2015.31","TALL_001.20150803",,"drag and flag",162,"Y",2,2,,"No known compromise","NEON.DOC.014045vF","F649F+le3AHvC1s9mrBbdl/cL0oaCCMF",
"50757eb0-042b-496a-b816-a2836da0a85e","TALL_002.tickPlot.tck","D08","TALL","TALL_002","distributed","mixedForest",32.920823,-87.428955,"WGS84",20.3,104.0,0.4,"2015-08-03T13:03Z","TALL.2015.31","TALL_002.20150803",,"drag",163,"Y",1,4,,"No known compromise","NEON.DOC.014045vF","XIk3CMH/VT2ztcDIBBKNwssfFUwUsihU",
"89ef406c-11b5-4471-a6b7-5241ea155a74","TALL_016.tickPlot.tck","D08","TALL","TALL_016","distributed","evergreenForest",32.971553,-87.415845,"WGS84",20.1,138.9,0.1,"2015-08-03T14:08Z","TALL.2015.31",,,"drag and flag",160,"N",0,0,,,"NEON.DOC.014045vF","F649F+le3AHvC1s9mrBbdl/cL0oaCCMF",
"ad8e69c0-7ff7-40e9-8f45-e1b95850f3dc","TALL_006.tickPlot.tck","D08","TALL","TALL_006","distributed","evergreenForest",32.899144,-87.444571,"WGS84",20.3,108.6,0.3,"2015-08-03T14:22Z","TALL.2015.31","TALL_006.20150803",,"drag and flag",167,"Y",1,0,110,"No known compromise","NEON.DOC.014045vF","XIk3CMH/VT2ztcDIBBKNwssfFUwUsihU",
"93f41757-846c-419b-a71e-8ee669216a67","TALL_003.tickPlot.tck","D08","TALL","TALL_003","distributed","mixedForest",32.894415,-87.416532,"WGS84",20.2,121.9,0.2,"2015-08-03T16:00Z","TALL.2015.31","TALL_003.20150803",,"drag and flag",161,"Y",0,1,,"No known compromise","NEON.DOC.014045vF","XIk3CMH/VT2ztcDIBBKNwssfFUwUsihU",
"871b7741-a972-46b7-8fba-58829f234cbf","TALL_006.tickPlot.tck","D08","TALL","TALL_006","distributed","evergreenForest",32.899144,-87.444571,"WGS84",20.3,108.6,0.3,"2015-08-25T13:00Z","TALL.2015.34","TALL_006.20150825",,"drag and flag",150,"Y",0,3,391,"No known compromise","NEON.DOC.014045vF","v7wRdnV1gD6DA7NUoRhtXNeAYtN2k0WN",
"9e83fa97-8e7e-4b1c-9d82-f4c029baa953","TALL_008.tickPlot.tck","D08","TALL","TALL_008","distributed","deciduousForest",32.922874,-87.434097,"WGS84",20.2,127.5,0.2,"2015-08-25T13:18Z","TALL.2015.34","TALL_008.20150825",,"drag",164,"Y",1,18,,"No known compromise","NEON.DOC.014045vF","F649F+le3AHvC1s9mrBbdl/cL0oaCCMF",
"f9cdf289-23bb-4d0d-b41d-81f33ade5221","TALL_002.tickPlot.tck","D08","TALL","TALL_002","distributed","mixedForest",32.920823,-87.428955,"WGS84",20.3,104.0,0.4,"2015-08-25T14:34Z","TALL.2015.34","TALL_002.20150825",,"drag",160,"Y",1,3,84,"No known compromise","NEON.DOC.014045vF","F649F+le3AHvC1s9mrBbdl/cL0oaCCMF",
"022bde87-0221-45db-a9a4-15a7eba88c3f","TALL_016.tickPlot.tck","D08","TALL","TALL_016","distributed","evergreenForest",32.971553,-87.415845,"WGS84",20.1,138.9,0.1,"2015-08-25T14:50Z","TALL.2015.34",,,"drag",160,"N",0,0,,,"NEON.DOC.014045vF","v7wRdnV1gD6DA7NUoRhtXNeAYtN2k0WN",
"7e0cb712-cad1-45b5-a5f0-f4e511e7d107","TALL_001.tickPlot.tck","D08","TALL","TALL_001","distributed","deciduousForest",32.976370,-87.432184,"WGS84",20.2,114.6,0.1,"2015-08-25T16:00Z","TALL.2015.34","TALL_001.20150825",,"drag and flag",160,"Y",0,7,,"No known compromise","NEON.DOC.014045vF","v7wRdnV1gD6DA7NUoRhtXNeAYtN2k0WN",
"78151d7f-5d8a-439f-b9d1-451b84091903","TALL_003.tickPlot.tck","D08","TALL","TALL_003","distributed","mixedForest",32.894415,-87.416532,"WGS84",20.2,121.9,0.2,"2015-08-25T16:22Z","TALL.2015.34","TALL_003.20150825",,"drag and flag",158,"Y",0,4,,"No known compromise","NEON.DOC.014045vF","F649F+le3AHvC1s9mrBbdl/cL0oaCCMF",
