uid,namedLocation,domainID,siteID,plotID,plotType,nlcdClass,decimalLatitude,decimalLongitude,geodeticDatum,coordinateUncertainty,elevation,elevationUncertainty,collectDate,eventID,sampleID,sampleCode,samplingMethod,totalSampledArea,targetTaxaPresent,adultCount,nymphCount,larvaCount,sampleCondition,samplingProtocolVersion,measuredBy,remarks
"dc6515f1-42b7-4ba9-b5c5-e65e3ca73ae6","KONZ_004.tickPlot.tck","D06","KONZ","KONZ_004","distributed","grasslandHerbaceous",39.109647,-96.551370,"WGS84",20.0,371.9,0.0,"2016-10-20T06:18Z","KONZ.2016.42",,,"drag",160,"N",0,0,0,"No known compromise","NEON.DOC.014045vG","CeevIf8NfrIuKdd8yks9CF2MxsBMId06",
"d0b67d4c-bf7b-4e20-b54d-22804b356e66","KONZ_025.tickPlot.tck","D06","KONZ","KONZ_025","distributed","deciduousForest",39.103714,-96.597832,"WGS84",20.1,337.3,0.1,"2016-10-20T14:49Z","KONZ.2016.42","KONZ_025.20161020",,"drag",160,"Y",0,0,4,"No known compromise","NEON.DOC.014045vG","BzXmPCNcOOHl9ws4JG7MP7BkkCvctwH+",
"819bcfe4-dd90-4670-90ec-6485bff8c12b","KONZ_009.tickPlot.tck","D06","KONZ","KONZ_009","distributed","grasslandHerbaceous",39.107902,-96.584438,"WGS84",20.1,391.9,0.1,"2016-10-20T15:48Z","KONZ.2016.42",,,"drag",160,"N",0,0,0,"No known compromise","NEON.DOC.014045vG","BzXmPCNcOOHl9ws4JG7MP7BkkCvctwH+",
"e90daf73-0d60-4be9-a9e4-d059e8c4a0ec","KONZ_002.tickPlot.tck","D06","KONZ","KONZ_002","distributed","grasslandHerbaceous",39.118977,-96.547146,"WGS84",20.0,394.4,0.0,"2016-10-20T17:25Z","KONZ.2016.42",,,"drag and flag",160,"N",0,0,0,"No known compromise","NEON.DOC.014045vG","BzXmPCNcOOHl9ws4JG7MP7BkkCvctwH+",
"958bcc34-4c64-44c2-8f51-9b5a2034e59a","KONZ_007.tickPlot.tck","D06","KONZ","KONZ_007","distributed","grasslandHerbaceous",39.087937,-96.545919,"WGS84",20.1,434.0,0.1,"2016-10-20T19:16Z","KONZ.2016.42",,,"drag",160,"N",0,0,0,"No known compromise","NEON.DOC.014045vG","CeevIf8NfrIuKdd8yks9CF2MxsBMId06",
"2a8bd70c-0e50-4fad-830c-d9696d24d88e","KONZ_001.tickPlot.tck","D06","KONZ","KONZ_001","distributed","grasslandHerbaceous",39.074114,-96.557107,"WGS84",20.0,423.7,0.0,"2016-10-20T19:55Z","KONZ.2016.42",,,"drag",160,"N",0,0,0,"No known compromise","NEON.DOC.014045vG","CeevIf8NfrIuKdd8yks9CF2MxsBMId06",
