uid,namedLocation,date,domainID,siteID,plotID,plotType,nlcdClass,decimalLatitude,decimalLongitude,geodeticDatum,coordinateUncertainty,easting,northing,utmZone,elevation,elevationUncertainty,eventID,samplingProtocolVersion,treesPresent,treesAbsentList,shrubsPresent,shrubsAbsentList,lianasPresent,lianasAbsentList,nestedSubplotAreaShrubSapling,nestedSubplotAreaLiana,totalSampledAreaTrees,totalSampledAreaShrubSapling,totalSampledAreaLiana,remarks,measuredBy,recordedBy,dataQF
"c7cba740-04eb-463b-bd8d-f897b8869fe9","OSBS_003.basePlot.vst","2016-10-03","D03","OSBS","OSBS_003","distributed","evergreenForest",29.694992,-81.947420,"WGS84",20.1,408343.26,3285364.20,"17N",31.9,0.2,"vst_OSBS_2016","NEON.DOC.000987vE","Y","presentInAll","Y",,"Y","32","10","noneSelected",400,80,400,,"q+sogNxuTpaaq3nt4H3feKdAxSnPr68l","9FGGVOw93jfS5aOA3dpabjU14a/sOVS4",
"66980041-fcfa-4123-8735-7331f1b09c50","OSBS_022.basePlot.vst","2016-10-06","D03","OSBS","OSBS_022","distributed","emergentHerbaceousWetlands",29.689482,-81.960693,"WGS84",20.1,407054.05,3284764.23,"17N",24.0,0.1,"vst_OSBS_2016","NEON.DOC.000987vE","Y",,"Y",,"N",,"noneSelected","noneSelected",400,400,400,,"9FGGVOw93jfS5aOA3dpabjU14a/sOVS4","YK5ulgcjQA5M6hxjAkVbmv4a8AjznrKv",
"2cc9ccf6-24b4-496d-8de0-9f096c06fbd0","OSBS_048.basePlot.vst","2016-10-11","D03","OSBS","OSBS_048","distributed","evergreenForest",29.679299,-81.946352,"WGS84",,408432.36,3283624.40,"17N",34.6,,"vst_OSBS_2016","NEON.DOC.000987vE","Y","presentInAll","Y","presentInAll","N",,"noneSelected","noneSelected",400,400,400,,"XBhTOsXqc3JUpPrNmD30I5JCq90cfBjT","a+fcOOAiz+7pYTGAZM5S9oWOFHn4va6d",
"94fa7db0-837a-4af9-a91d-2625cdd09bad","OSBS_011.basePlot.vst","2016-10-12","D03","OSBS","OSBS_011","distributed","evergreenForest",29.721507,-81.987042,"WGS84",20.2,404534.98,3288334.43,"17N",27.2,0.3,"vst_OSBS_2016","NEON.DOC.000987vE","Y","presentInAll","Y","presentInAll","Y",,"noneSelected","noneSelected",400,400,400,,"qwd4SsQjkwojVAYuvLRi2I6c493EEc9K","cfnhyGSqXKc3516bF+Ud/jaLDXEcTOrF",
"32abcd2b-b0c6-4784-ae5d-0d635979c0ef","OSBS_015.basePlot.vst","2016-10-17","D03","OSBS","OSBS_015","distributed","woodyWetlands",29.710251,-81.969273,"WGS84",20.1,406243.19,3287072.59,"17N",25.6,0.1,"vst_OSBS_2016","NEON.DOC.000987vE","Y","31","Y","presentInAll","Y","32","25","noneSelected",400,200,400,,"YK5ulgcjQA5M6hxjAkVbmv4a8AjznrKv","XBhTOsXqc3JUpPrNmD30I5JCq90cfBjT",
"4bc8e32d-0669-45ec-b7e3-fcf5e606e36b","OSBS_007.basePlot.vst","2016-10-20","D03","OSBS","OSBS_007","distributed","evergreenForest",29.690276,-81.962572,"WGS84",20.1,406872.98,3284853.72,"17N",34.3,0.1,"vst_OSBS_2016","NEON.DOC.000987vE","Y","presentInAll","Y","presentInAll","N",,"noneSelected","noneSelected",400,400,400,,"YK5ulgcjQA5M6hxjAkVbmv4a8AjznrKv","K+tJSr1+vfakLzRtMceLFR7MVx1xGtUA",
"1b3a620f-164e-4dc2-9ee5-f1d3ff253aa9","OSBS_004.basePlot.vst","2016-10-21","D03","OSBS","OSBS_004","distributed","evergreenForest",29.684073,-81.959108,"WGS84",20.2,407202.43,3284163.58,"17N",36.8,0.6,"vst_OSBS_2016","NEON.DOC.000987vE","Y","presentInAll","Y",,"N",,"noneSelected","noneSelected",400,400,400,,"K+tJSr1+vfakLzRtMceLFR7MVx1xGtUA","vlJc9UmbktF8NTcilA9tKrVjUrZIPTa3",
"08c39def-28c0-4370-a22c-39421913d590","OSBS_005.basePlot.vst","2016-10-25","D03","OSBS","OSBS_005","distributed","woodyWetlands",29.696569,-82.025578,"WGS84",20.3,400783.13,3285603.45,"17N",30.3,0.6,"vst_OSBS_2016","NEON.DOC.000987vE","Y",,"Y",,"N",,"25","noneSelected",400,200,400,,"9FGGVOw93jfS5aOA3dpabjU14a/sOVS4","qwd4SsQjkwojVAYuvLRi2I6c493EEc9K",
