uid,namedLocation,plotID,collectDate,identifiedDate,sampleID,subsampleID,scientificName,acceptedTaxonID,taxonRank,family,subfamily,tribe,subtribe,genus,subgenus,specificEpithet,infraspecificEpithet,identificationQualifier,identificationReferences,identificationProtocolVersion,scientificNameAuthorship,sexOrAge,individualCount,sampleCondition,archiveMedium,archiveFacilityID,deprecatedVialID,identifiedBy,laboratoryName,remarks
"df56afc7-5e2e-45d3-884b-e5b4fa99ae35","LENO_042.tickPlot.tck","LENO_042","2016-08-09T18:04Z","2017-06-05T16:00Z","LENO_042.20160809","LENO_042.20160809.AMBAME.N","Amblyomma americanum","AMBAME","species","Ixodidae",,,,"Amblyomma",,"americanum",,,"Cooley, R. A. and G. M. Kohls. 1944. The genus Amblyomma (ixodidae) in the United States. The Journal of Parasitology, 30(2):77-111.","GSU_tickIdentification_SOP_2016-11-01.pdf","Linnaeus","Nymph",3,"OK","RNA stabilization buffer","USNMENT00984369","LENO_042.20160809.01.AMBAME.N","Lorenza Beati","Georgia Southern University",
"3b727c4a-23d2-4ecc-8c3f-b6316546c953","LENO_042.tickPlot.tck","LENO_042","2016-08-09T18:04Z","2017-04-19T16:00Z","LENO_042.20160809","LENO_042.20160809.IXOSP.L","Ixodidae sp.","IXOSP","family","Ixodidae",,,,,,"sp.",,,,"GSU_tickIdentification_SOP_2016-11-01.pdf",,"Larva",1,"OK","RNA stabilization buffer","USNMENT00984370","LENO_042.20160809.01.L","Arianna Gibbs","Georgia Southern University",
"e25fb0bb-fbbd-49b1-81e3-1342c1721348","LENO_003.tickPlot.tck","LENO_003","2016-08-09T18:52Z","2017-04-20T16:00Z","LENO_003.20160809","LENO_003.20160809.IXOSP.L","Ixodidae sp.","IXOSP","family","Ixodidae",,,,,,"sp.",,,,"GSU_tickIdentification_SOP_2016-11-01.pdf",,"Larva",1,"OK","RNA stabilization buffer","USNMENT00984380","LENO_003.20160809.02.L","Arianna Gibbs","Georgia Southern University",
"0295be76-ded9-4722-abaf-6ed418548c1c","LENO_003.tickPlot.tck","LENO_003","2016-08-09T18:52Z","2017-06-01T16:00Z","LENO_003.20160809","LENO_003.20160809.AMBAME.N","Amblyomma americanum","AMBAME","species","Ixodidae",,,,"Amblyomma",,"americanum",,,"Cooley, R. A. and G. M. Kohls. 1944. The genus Amblyomma (ixodidae) in the United States. The Journal of Parasitology, 30(2):77-111.","GSU_tickIdentification_SOP_2016-11-01.pdf","Linnaeus","Nymph",2,"OK","RNA stabilization buffer","USNMENT00984372","LENO_003.20160809.01.AMBAME.N","Lorenza Beati","Georgia Southern University",
"fa1a129f-afe7-4160-a94c-1130493c744c","LENO_002.tickPlot.tck","LENO_002","2016-08-09T19:41Z","2017-06-01T16:00Z","LENO_002.20160809","LENO_002.20160809.AMBAME.N","Amblyomma americanum","AMBAME","species","Ixodidae",,,,"Amblyomma",,"americanum",,,"Cooley, R. A. and G. M. Kohls. 1944. The genus Amblyomma (ixodidae) in the United States. The Journal of Parasitology, 30(2):77-111.","GSU_tickIdentification_SOP_2016-11-01.pdf","Linnaeus","Nymph",1,"OK","RNA stabilization buffer","USNMENT00984371","LENO_002.20160809.01.AMBAME.N","Lorenza Beati","Georgia Southern University",
