uid,namedLocation,domainID,siteID,plotID,plotType,nlcdClass,decimalLatitude,decimalLongitude,geodeticDatum,coordinateUncertainty,elevation,elevationUncertainty,collectDate,eventID,sampleID,sampleCode,samplingMethod,totalSampledArea,targetTaxaPresent,adultCount,nymphCount,larvaCount,sampleCondition,samplingProtocolVersion,measuredBy,remarks
"32d60f0c-dc5f-4a08-a85b-6bdee9eb169b","LENO_023.tickPlot.tck","D08","LENO","LENO_023","distributed","deciduousForest",31.809463,-88.181417,"WGS84",20.2,11.6,0.2,"2016-08-09T15:42Z","LENO.2016.32",,,"drag",165,"N",0,0,0,"No known compromise","NEON.DOC.014045vG","WyZqSBC++yIyH9bWlefXNeD/gGngDtl/",
"b738b47f-c04e-4979-b089-e6fd71b5cb81","LENO_015.tickPlot.tck","D08","LENO","LENO_015","distributed","woodyWetlands",31.817299,-88.191485,"WGS84",20.5,14.2,0.8,"2016-08-09T16:24Z","LENO.2016.32",,,"drag",160,"N",0,0,0,"No known compromise","NEON.DOC.014045vG","WyZqSBC++yIyH9bWlefXNeD/gGngDtl/",
"5005e942-0ec6-42b6-a580-abf1c363e2b8","LENO_004.tickPlot.tck","D08","LENO","LENO_004","distributed","woodyWetlands",31.822376,-88.181956,"WGS84",20.2,12.5,0.2,"2016-08-09T17:21Z","LENO.2016.32",,,"drag",160,"N",0,0,0,"No known compromise","NEON.DOC.014045vG","WyZqSBC++yIyH9bWlefXNeD/gGngDtl/",
"f31106e7-80a9-4c54-8b55-e4ccf3781c0b","LENO_042.tickPlot.tck","D08","LENO","LENO_042","distributed","woodyWetlands",31.817825,-88.182881,"WGS84",20.2,14.6,0.3,"2016-08-09T18:04Z","LENO.2016.32","LENO_042.20160809",,"drag",160,"Y",1,2,10,"No known compromise","NEON.DOC.014045vG","WyZqSBC++yIyH9bWlefXNeD/gGngDtl/",
"43f573c3-719b-40f6-a05f-a155cf01214a","LENO_003.tickPlot.tck","D08","LENO","LENO_003","distributed","deciduousForest",31.809581,-88.187553,"WGS84",20.2,15.4,0.4,"2016-08-09T18:52Z","LENO.2016.32","LENO_003.20160809",,"drag",160,"Y",0,2,586,"No known compromise","NEON.DOC.014045vG","WyZqSBC++yIyH9bWlefXNeD/gGngDtl/","Larval ticks in separate larger vial"
"33da03fb-a965-49ae-a52a-8c500dc2c399","LENO_002.tickPlot.tck","D08","LENO","LENO_002","distributed","woodyWetlands",31.806282,-88.195216,"WGS84",20.2,16.8,0.2,"2016-08-09T19:41Z","LENO.2016.32","LENO_002.20160809",,"drag",160,"Y",0,1,0,"No known compromise","NEON.DOC.014045vG","WyZqSBC++yIyH9bWlefXNeD/gGngDtl/",
