uid,namedLocation,date,domainID,siteID,plotID,plotType,nlcdClass,decimalLatitude,decimalLongitude,geodeticDatum,coordinateUncertainty,easting,northing,utmZone,elevation,elevationUncertainty,eventID,samplingProtocolVersion,treesPresent,treesAbsentList,shrubsPresent,shrubsAbsentList,lianasPresent,lianasAbsentList,nestedSubplotAreaShrubSapling,nestedSubplotAreaLiana,totalSampledAreaTrees,totalSampledAreaShrubSapling,totalSampledAreaLiana,remarks,measuredBy,recordedBy,dataQF
"23d9d13c-41fa-4023-9612-f9d70a51f7e2","NOGP_071.basePlot.vst","2015-06-24","D09","NOGP","NOGP_071","tower","grasslandHerbaceous",46.766958,-100.913647,"WGS84",10.1,353884.15,5181045.64,"14N",583.4,0.1,"vst_NOGP_2015","NEON.DOC.000987vD",,,,,,,"noneSelected","noneSelected",400,400,400,"Target taxa present: N",,"Q97LKb9yzbP7tOLkuD+tPeCj3Bww5R2I","legacyData"
"fc79b632-1b70-4f3c-9e6b-5a7d3c765c67","NOGP_079.basePlot.vst","2015-06-24","D09","NOGP","NOGP_079","tower","grasslandHerbaceous",46.767758,-100.914460,"WGS84",10.1,353824.24,5181136.04,"14N",585.1,0.1,"vst_NOGP_2015","NEON.DOC.000987vD",,,,,,,"noneSelected","noneSelected",400,400,400,"Target taxa present: N",,"Q97LKb9yzbP7tOLkuD+tPeCj3Bww5R2I","legacyData"
"a2d6b8a6-4e1f-48b9-8353-9dd312854d88","NOGP_088.basePlot.vst","2015-06-26","D09","NOGP","NOGP_088","tower","grasslandHerbaceous",46.768891,-100.912520,"WGS84",10.1,353975.43,5181258.34,"14N",583.8,0.1,"vst_NOGP_2015","NEON.DOC.000987vD",,,,,,,"noneSelected","noneSelected",400,400,400,"Target taxa present: N",,"Q97LKb9yzbP7tOLkuD+tPeCj3Bww5R2I","legacyData"
"c5ddab26-d8eb-425a-9acc-23b93f280577","NOGP_074.basePlot.vst","2015-06-26","D09","NOGP","NOGP_074","tower","grasslandHerbaceous",46.770512,-100.911026,"WGS84",10.1,354093.88,5181435.68,"14N",584.8,0.1,"vst_NOGP_2015","NEON.DOC.000987vD",,,,,,,"noneSelected","noneSelected",400,400,400,"Target taxa present: N",,"Q97LKb9yzbP7tOLkuD+tPeCj3Bww5R2I","legacyData"
"8cd3413d-52ac-4d07-a2d6-11625e8b2db7","NOGP_068.basePlot.vst","2015-06-30","D09","NOGP","NOGP_068","tower","grasslandHerbaceous",46.771586,-100.911055,"WGS84",10.1,354094.56,5181555.08,"14N",586.3,0.1,"vst_NOGP_2015","NEON.DOC.000987vD",,,,,,,"noneSelected","noneSelected",400,400,400,"Target taxa present: N",,"Q97LKb9yzbP7tOLkuD+tPeCj3Bww5R2I","legacyData"
