uid,namedLocation,date,domainID,siteID,plotID,plotType,nlcdClass,decimalLatitude,decimalLongitude,geodeticDatum,coordinateUncertainty,easting,northing,utmZone,elevation,elevationUncertainty,eventID,samplingProtocolVersion,treesPresent,treesAbsentList,shrubsPresent,shrubsAbsentList,lianasPresent,lianasAbsentList,nestedSubplotAreaShrubSapling,nestedSubplotAreaLiana,totalSampledAreaTrees,totalSampledAreaShrubSapling,totalSampledAreaLiana,remarks,measuredBy,recordedBy,dataQF
"ee4e788d-5d0b-490c-92d8-c7dd2f8703c6","SCBI_055.basePlot.vst","2015-10-05","D02","SCBI","SCBI_055","tower","deciduousForest",38.892469,-78.140415,"WGS84",20.1,748012.85,4308731.53,"17N",339.4,0.2,"vst_SCBI_2015","NEON.DOC.000987vD",,,,,,,"100","noneSelected",800,400,800,,"2CALKs4JNjmK3iYT4PUVEer6DObkBehF","1Rhr/Sk5OKrgJutMkYRopWWLezYoK1PDcWUGJgiF2Tw=","legacyData"
"48923fda-5de2-44c5-b1fb-286db35b2a30","SCBI_048.basePlot.vst","2015-10-05","D02","SCBI","SCBI_048","tower","deciduousForest",38.892604,-78.135922,"WGS84",20.2,748402.12,4308758.75,"17N",418.0,0.2,"vst_SCBI_2015","NEON.DOC.000987vD",,,,,,,"100","noneSelected",800,400,800,"Lianas present measure entire subplot","1Rhr/Sk5OKrgJutMkYRopWWLezYoK1PDcWUGJgiF2Tw=","vG946HPdyCak4YNcquSpnhDyztG1jnbiCP4A7p87kck=","legacyData"
"a1120df2-0fbe-4b1b-bffd-a0335ec855a5","SCBI_051.basePlot.vst","2015-10-07","D02","SCBI","SCBI_051","tower","deciduousForest",38.892471,-78.142806,"WGS84",20.3,747805.43,4308725.25,"17N",312.2,0.3,"vst_SCBI_2015","NEON.DOC.000987vD",,,,,,,"25","noneSelected",800,100,800,"Lianas present measure entire subplot","2CALKs4JNjmK3iYT4PUVEer6DObkBehF","vG946HPdyCak4YNcquSpnhDyztG1jnbiCP4A7p87kck=","legacyData"
"d39258fd-2f02-4032-b3b1-c0e97c30969e","SCBI_058.basePlot.vst","2015-10-13","D02","SCBI","SCBI_058","tower","deciduousForest",38.889714,-78.138472,"WGS84",20.1,748190.99,4308431.02,"17N",347.1,0.2,"vst_SCBI_2015","NEON.DOC.000987vD",,,,,,,"10","100",800,40,400,,"0FfNr+0lWbo+uXUYZYVhxYKNrQHHRiMH","vG946HPdyCak4YNcquSpnhDyztG1jnbiCP4A7p87kck=","legacyData"
