uid,namedLocation,domainID,siteID,plotID,plotType,nlcdClass,decimalLatitude,decimalLongitude,geodeticDatum,coordinateUncertainty,elevation,elevationUncertainty,collectDate,eventID,sampleID,sampleCode,samplingMethod,totalSampledArea,targetTaxaPresent,adultCount,nymphCount,larvaCount,sampleCondition,samplingProtocolVersion,measuredBy,remarks
"d4550c48-6cd2-4caf-8933-2770fe4fe98c","GUAN_002.tickPlot.tck","D04","GUAN","GUAN_002","distributed","evergreenForest",17.972295,-66.826103,"WGS84",6.6,87.8,0.3,"2018-10-04T11:00Z","GUAN.2018.40",,,"drag and flag",121,"N",0,0,0,"No known compromise","NEON.DOC.014045vJ","GpwpAYpsrfXOb1jQ7wslzb+kf5M1gj7AeRGYQcqcQec=","5 meters skipped due to difficult terrain."
"cbe1757b-0318-4f12-ad5f-5ac1f85477a2","GUAN_031.tickPlot.tck","D04","GUAN","GUAN_031","distributed","evergreenForest",17.962171,-66.844084,"WGS84",6.4,43.4,0.1,"2018-10-04T12:20Z","GUAN.2018.40",,,"drag and flag",117,"N",0,0,0,"No known compromise","NEON.DOC.014045vJ","GpwpAYpsrfXOb1jQ7wslzb+kf5M1gj7AeRGYQcqcQec=",
"eee67125-a734-40c8-a257-6ae143b3caf3","GUAN_064.tickPlot.tck","D04","GUAN","GUAN_064","distributed","evergreenForest",17.969936,-66.850735,"WGS84",7.1,117.7,2.6,"2018-10-04T13:30Z","GUAN.2018.40",,,"drag",160,"N",0,0,0,"No known compromise","NEON.DOC.014045vJ","llBB5GilomiL3H9rNtINJeX8UHMAu+L47sXe3XmgpK0=",
"b80848cc-5ca5-4a6f-a00c-5eda20ff40ce","GUAN_066.tickPlot.tck","D04","GUAN","GUAN_066","distributed","evergreenForest",17.974132,-66.879606,"WGS84",6.5,197.3,0.2,"2018-10-04T14:20Z","GUAN.2018.40",,,"drag",160,"N",0,0,0,"No known compromise","NEON.DOC.014045vJ","llBB5GilomiL3H9rNtINJeX8UHMAu+L47sXe3XmgpK0=",
"fcc51807-d989-4d13-953f-defe8fcb2f4f","GUAN_065.tickPlot.tck","D04","GUAN","GUAN_065","distributed","evergreenForest",17.972714,-66.873134,"WGS84",6.6,187.3,0.5,"2018-10-05T12:15Z","GUAN.2018.40",,,"flag",160,"N",0,0,0,,"NEON.DOC.014045vJ","GpwpAYpsrfXOb1jQ7wslzb+kf5M1gj7AeRGYQcqcQec=",
"d82a69b7-4cb8-4f06-83ea-f0d49372af3d","GUAN_006.tickPlot.tck","D04","GUAN","GUAN_006","distributed","evergreenForest",17.964057,-66.875100,"WGS84",6.5,84.5,0.3,"2018-10-05T13:44Z","GUAN.2018.40",,,"flag",160,"N",0,0,0,,"NEON.DOC.014045vJ","JYpGqoh1QQ1p5pODTarT01AySkX6zLJm731HDg7Ro1Q=",
