uid,namedLocation,domainID,siteID,plotID,plotType,nlcdClass,decimalLatitude,decimalLongitude,geodeticDatum,coordinateUncertainty,elevation,elevationUncertainty,collectDate,eventID,sampleID,sampleCode,samplingMethod,totalSampledArea,targetTaxaPresent,adultCount,nymphCount,larvaCount,sampleCondition,samplingProtocolVersion,measuredBy,remarks
"df5ff7c0-a8c2-431a-851c-820d010552cd","DSNY_005.tickPlot.tck","D03","DSNY","DSNY_005","distributed","woodyWetlands",28.040497,-81.394482,"WGS84",20.1,16.6,0.1,"2018-07-18T13:14Z","DSNY.2018.29",,,"drag and flag",155,"N",0,0,0,"No known compromise","NEON.DOC.014045vJ","WvXSfWD4ehCPp4x6qnD3+p3dnwrzoU8uG8F7IbYmNWU=",
"df9dfead-f203-45f0-b8dc-1901d99f3175","DSNY_008.tickPlot.tck","D03","DSNY","DSNY_008","distributed","woodyWetlands",28.047337,-81.403204,"WGS84",20.1,18.8,0.1,"2018-07-18T14:08Z","DSNY.2018.29",,,"drag and flag",160,"N",0,0,0,,"NEON.DOC.014045vJ","/L8XoKjUxx5Tw8VHH8HYehjghzbeK0eHaf9HHKh/QyY=",
"77e10b83-553d-4473-9e5c-ac33dbf7080e","DSNY_021.tickPlot.tck","D03","DSNY","DSNY_021","distributed","pastureHay",28.053635,-81.392353,"WGS84",20.1,17.1,0.1,"2018-07-18T14:51Z","DSNY.2018.29",,,"drag",160,"N",0,0,0,,"NEON.DOC.014045vJ","WvXSfWD4ehCPp4x6qnD3+p3dnwrzoU8uG8F7IbYmNWU=",
"d1fc58ce-842c-483d-ab42-3e7571fda756","DSNY_006.tickPlot.tck","D03","DSNY","DSNY_006","distributed","woodyWetlands",28.093704,-81.398045,"WGS84",20.1,20.1,0.1,"2018-07-19T13:36Z","DSNY.2018.29",,,"drag and flag",160,"N",0,0,0,,"NEON.DOC.014045vJ","/L8XoKjUxx5Tw8VHH8HYehjghzbeK0eHaf9HHKh/QyY=",
"b55f3586-917f-4ef4-9243-1d9c565e5b9e","DSNY_004.tickPlot.tck","D03","DSNY","DSNY_004","distributed","woodyWetlands",28.101022,-81.399501,"WGS84",20.1,18.7,0.1,"2018-07-19T14:14Z","DSNY.2018.29",,,"drag and flag",160,"N",0,0,0,,"NEON.DOC.014045vJ","WvXSfWD4ehCPp4x6qnD3+p3dnwrzoU8uG8F7IbYmNWU=",
