uid,namedLocation,domainID,siteID,plotID,plotType,nlcdClass,decimalLatitude,decimalLongitude,geodeticDatum,coordinateUncertainty,elevation,elevationUncertainty,collectDate,eventID,sampleID,sampleCode,samplingMethod,totalSampledArea,targetTaxaPresent,adultCount,nymphCount,larvaCount,sampleCondition,samplingProtocolVersion,measuredBy,remarks
"841335a8-3c1c-44c6-b360-2dc61fb8c2ad","SCBI_006.tickPlot.tck","D02","SCBI","SCBI_006","distributed","pastureHay",38.897080,-78.150277,"WGS84",20.1,277.1,0.1,"2014-07-01T12:59Z","SCBI.2014.26","SCBI_006.20140701",,"drag and flag",162,"Y",2,5,0,"No known compromise","NEON.DOC.014045vD","OZu0swQoN0QSbFUusmihGg==",
"97a2c094-d93a-4312-8983-af5d910a558c","SCBI_002.tickPlot.tck","D02","SCBI","SCBI_002","distributed","deciduousForest",38.893863,-78.142704,"WGS84",20.2,327.7,0.2,"2014-07-01T14:08Z","SCBI.2014.26","SCBI_002.20140701",,"drag",168,"Y",0,22,0,"No known compromise","NEON.DOC.014045vD","OZu0swQoN0QSbFUusmihGg==",
"5608e2de-4c55-46fb-88c7-f13025f2cf24","SCBI_007.tickPlot.tck","D02","SCBI","SCBI_007","distributed","deciduousForest",38.886013,-78.129365,"WGS84",20.2,428.3,0.2,"2014-07-01T16:04Z","SCBI.2014.26","SCBI_007.20140701",,"drag and flag",172,"Y",1,20,1,"No known compromise","NEON.DOC.014045vD","OZu0swQoN0QSbFUusmihGg==",
"59869be1-4f32-443e-bf10-593dd1c2683b","SCBI_005.tickPlot.tck","D02","SCBI","SCBI_005","distributed","deciduousForest",38.901859,-78.161940,"WGS84",20.2,263.6,0.3,"2014-07-01T16:58Z","SCBI.2014.26","SCBI_005.20140701",,"drag and flag",174,"Y",1,6,0,"No known compromise","NEON.DOC.014045vD","OZu0swQoN0QSbFUusmihGg==",
"03eb207a-f1fc-4ff7-8785-ea1154b6ce87","SCBI_039.tickPlot.tck","D02","SCBI","SCBI_039","distributed","pastureHay",38.896433,-78.166542,"WGS84",20.1,330.8,0.1,"2014-07-02T14:22Z","SCBI.2014.26","SCBI_039.20140702",,"drag and flag",161,"Y",0,6,0,"No known compromise","NEON.DOC.014045vD","OZu0swQoN0QSbFUusmihGg==","This plot was established prior to dragging as we had just gotten approval for the plot. First time dragging at this plot."
"267cb194-4b7c-4a5e-b87a-2b2d467b5902","SCBI_013.tickPlot.tck","D02","SCBI","SCBI_013","distributed","deciduousForest",38.873041,-78.163313,"WGS84",20.2,361.3,0.3,"2014-07-02T18:32Z","SCBI.2014.26","SCBI_013.20140702",,"drag and flag",165,"Y",2,16,0,"No known compromise","NEON.DOC.014045vD","OZu0swQoN0QSbFUusmihGg==",
"e5b3d394-ea96-4aef-9f9b-17d73abaf0b0","SCBI_006.tickPlot.tck","D02","SCBI","SCBI_006","distributed","pastureHay",38.897080,-78.150277,"WGS84",20.1,277.1,0.1,"2014-07-25T13:27Z","SCBI.2014.29","SCBI_006.20140725",,"drag and flag",150,"Y",3,1,0,"No known compromise","NEON.DOC.014045vD","VYFCbumDeK0=",
"a073cb42-2263-4b77-bfba-2207701df503","SCBI_039.tickPlot.tck","D02","SCBI","SCBI_039","distributed","pastureHay",38.896433,-78.166542,"WGS84",20.1,330.8,0.1,"2014-07-25T14:27Z","SCBI.2014.29","SCBI_039.20140725",,"drag and flag",160,"Y",0,2,0,"No known compromise","NEON.DOC.014045vD","VYFCbumDeK0=","larval ticks on masking tape"
"4a1f8187-7b8e-4d6c-9fcf-bc2c42b06ac7","SCBI_005.tickPlot.tck","D02","SCBI","SCBI_005","distributed","deciduousForest",38.901859,-78.161940,"WGS84",20.2,263.6,0.3,"2014-07-25T16:05Z","SCBI.2014.29","SCBI_005.20140725",,"drag and flag",180,"Y",1,1,23,"No known compromise","NEON.DOC.014045vD","VYFCbumDeK0=","Used masking tape on cardboard card for all 23 larvae"
"0101f61e-79d6-449e-8da5-8b9bb08cb3d2","SCBI_013.tickPlot.tck","D02","SCBI","SCBI_013","distributed","deciduousForest",38.873041,-78.163313,"WGS84",20.2,361.3,0.3,"2014-07-25T19:15Z","SCBI.2014.29","SCBI_013.20140725",,"drag",160,"Y",1,6,15,"No known compromise","NEON.DOC.014045vD","VYFCbumDeK0=","1 vial spilled and 1 adult tick lost"
"e692caeb-7a33-4392-98a3-6c85c5b2f3ab","SCBI_007.tickPlot.tck","D02","SCBI","SCBI_007","distributed","deciduousForest",38.886013,-78.129365,"WGS84",20.2,428.3,0.2,"2014-07-28T15:22Z","SCBI.2014.30","SCBI_007.20140728",,"drag and flag",156,"Y",0,9,120,"No known compromise","NEON.DOC.014045vD","qO0Ifc/cCAY=","Used masking tape on cardboard card for 101 of the larvae, 19 larvae are in vial"
"37355533-6b22-4a9d-9628-5cc72ef8cbcf","SCBI_002.tickPlot.tck","D02","SCBI","SCBI_002","distributed","deciduousForest",38.893863,-78.142704,"WGS84",20.2,327.7,0.2,"2014-07-28T17:42Z","SCBI.2014.30","SCBI_002.20140728",,"drag and flag",160,"Y",0,5,47,"No known compromise","NEON.DOC.014045vD","qO0Ifc/cCAY=","Used masking tape on cardboard card to collect 44 larvae, 3 larvae are in vial"
