uid,namedLocation,plotID,collectDate,identifiedDate,sampleID,subsampleID,scientificName,acceptedTaxonID,taxonRank,family,subfamily,tribe,subtribe,genus,subgenus,specificEpithet,infraspecificEpithet,identificationQualifier,identificationReferences,identificationProtocolVersion,scientificNameAuthorship,sexOrAge,individualCount,sampleCondition,archiveMedium,archiveFacilityID,deprecatedVialID,identifiedBy,laboratoryName,remarks
"da00c754-a31c-433b-8f98-f71560a959e5","SCBI_006.tickPlot.tck","SCBI_006","2014-07-01T12:59Z","2015-05-08T16:00Z","SCBI_006.20140701","SCBI_006.20140701.IXOSCA.N","Ixodes scapularis","IXOSCA","species","Ixodidae",,,,"Ixodes",,"scapularis",,,"Keirans, J. E., and C. M. Clifford. 1978. The genus Ixodes in the United States: a scanning electron microscope study and key to the adults. Journal of Medical Entomology, 15(Supplement 2):1-38.","GSU_tickIdentification_SOP_2016-11-01.pdf","Say","Nymph",1,"OK","90% ethanol","125299",,"Lorenza Beati","Georgia Southern University",
"029a201a-d8f2-43e3-ad4a-65a118f08f72","SCBI_006.tickPlot.tck","SCBI_006","2014-07-01T12:59Z","2015-05-08T12:00Z","SCBI_006.20140701","SCBI_006.20140701.AMBAME.N","Amblyomma americanum","AMBAME","species","Ixodidae",,,,"Amblyomma",,"americanum",,,"Cooley, R. A. and G. M. Kohls. 1944. The genus Amblyomma (ixodidae) in the United States. The Journal of Parasitology, 30(2):77-111.","GSU_tickIdentification_SOP_2016-11-01.pdf","Linnaeus","Nymph",4,"OK","95% ethanol","125299",,"Lorenza Beati","Georgia Southern University",
"093813b6-bd7a-4811-93ec-cbd049e03aa5","SCBI_006.tickPlot.tck","SCBI_006","2014-07-01T12:59Z","2015-04-20T16:00Z","SCBI_006.20140701","SCBI_006.20140701.DERVAR.F","Dermacentor variabilis","DERVAR","species","Ixodidae",,,,"Dermacentor",,"variabilis",,,"Cooley, R. A. 1938. The genera Dermacentor and Otocentor (Ixodidae) in the United States, with studies in variation. US Government Printing Office.","GSU_tickIdentification_SOP_2016-11-01.pdf","Say","Female",2,"OK","90% ethanol","125299",,"Philip Panhorst","Georgia Southern University",
"bf64ba24-0178-4c81-bf93-046daad02cd8","SCBI_002.tickPlot.tck","SCBI_002","2014-07-01T14:08Z","2015-05-07T12:00Z","SCBI_002.20140701","SCBI_002.20140701.IXOSCA.N","Ixodes scapularis","IXOSCA","species","Ixodidae",,,,"Ixodes",,"scapularis",,,"Keirans, J. E., and C. M. Clifford. 1978. The genus Ixodes in the United States: a scanning electron microscope study and key to the adults. Journal of Medical Entomology, 15(Supplement 2):1-38.","GSU_tickIdentification_SOP_2016-11-01.pdf","Say","Nymph",21,"OK","95% ethanol","125284",,"Lorenza Beati","Georgia Southern University",
"196c37e6-6ad4-4ba9-84cc-9d21680b936c","SCBI_002.tickPlot.tck","SCBI_002","2014-07-01T14:08Z","2015-05-07T12:00Z","SCBI_002.20140701","SCBI_002.20140701.AMBAME.N","Amblyomma americanum","AMBAME","species","Ixodidae",,,,"Amblyomma",,"americanum",,,"Cooley, R. A. and G. M. Kohls. 1944. The genus Amblyomma (ixodidae) in the United States. The Journal of Parasitology, 30(2):77-111.","GSU_tickIdentification_SOP_2016-11-01.pdf","Linnaeus","Nymph",4,"OK","95% ethanol","125284",,"Lorenza Beati","Georgia Southern University",
"1dde0b69-b49c-4d06-b549-661e7d3a828c","SCBI_007.tickPlot.tck","SCBI_007","2014-07-01T16:04Z","2015-05-08T12:00Z","SCBI_007.20140701","SCBI_007.20140701.AMBAME.N","Amblyomma americanum","AMBAME","species","Ixodidae",,,,"Amblyomma",,"americanum",,,"Cooley, R. A. and G. M. Kohls. 1944. The genus Amblyomma (ixodidae) in the United States. The Journal of Parasitology, 30(2):77-111.","GSU_tickIdentification_SOP_2016-11-01.pdf","Linnaeus","Nymph",5,"OK","95% ethanol","125305",,"Lorenza Beati","Georgia Southern University",
"8be61ed2-172e-49f6-8a68-aa34e9037ced","SCBI_007.tickPlot.tck","SCBI_007","2014-07-01T16:04Z","2015-05-08T12:00Z","SCBI_007.20140701","SCBI_007.20140701.IXOSCA.N","Ixodes scapularis","IXOSCA","species","Ixodidae",,,,"Ixodes",,"scapularis",,,"Keirans, J. E., and C. M. Clifford. 1978. The genus Ixodes in the United States: a scanning electron microscope study and key to the adults. Journal of Medical Entomology, 15(Supplement 2):1-38.","GSU_tickIdentification_SOP_2016-11-01.pdf","Say","Nymph",16,"OK","95% ethanol","125305",,"Lorenza Beati","Georgia Southern University",
"918cebca-f31f-4cbd-b380-ce3b430221a0","SCBI_007.tickPlot.tck","SCBI_007","2014-07-01T16:04Z","2015-04-20T16:00Z","SCBI_007.20140701","SCBI_007.20140701.IXOSP.L","Ixodidae sp.","IXOSP","family","Ixodidae",,,,,,"sp.",,,,"GSU_tickIdentification_SOP_2016-11-01.pdf",,"Larva",1,"OK","90% ethanol","125306",,"Philip Panhorst","Georgia Southern University",
"68a68ec5-21af-4d9d-a9c1-18f64c477333","SCBI_007.tickPlot.tck","SCBI_007","2014-07-01T16:04Z","2015-04-20T16:00Z","SCBI_007.20140701","SCBI_007.20140701.AMBAME.F","Amblyomma americanum","AMBAME","species","Ixodidae",,,,"Amblyomma",,"americanum",,,"Cooley, R. A. and G. M. Kohls. 1944. The genus Amblyomma (ixodidae) in the United States. The Journal of Parasitology, 30(2):77-111.","GSU_tickIdentification_SOP_2016-11-01.pdf","Linnaeus","Female",1,"OK","90% ethanol","125305",,"Philip Panhorst","Georgia Southern University",
"97638a34-1803-4942-a51b-89776bef7226","SCBI_005.tickPlot.tck","SCBI_005","2014-07-01T16:58Z","2015-05-07T12:00Z","SCBI_005.20140701","SCBI_005.20140701.IXOSCA.N","Ixodes scapularis","IXOSCA","species","Ixodidae",,,,"Ixodes",,"scapularis",,,"Keirans, J. E., and C. M. Clifford. 1978. The genus Ixodes in the United States: a scanning electron microscope study and key to the adults. Journal of Medical Entomology, 15(Supplement 2):1-38.","GSU_tickIdentification_SOP_2016-11-01.pdf","Say","Nymph",3,"OK","95% ethanol","125293",,"Lorenza Beati","Georgia Southern University",
"6469bb0b-d301-4b0a-bda1-bf9ac80654a6","SCBI_005.tickPlot.tck","SCBI_005","2014-07-01T16:58Z","2015-04-13T16:00Z","SCBI_005.20140701","SCBI_005.20140701.AMBAME.F","Amblyomma americanum","AMBAME","species","Ixodidae",,,,"Amblyomma",,"americanum",,,"Cooley, R. A. and G. M. Kohls. 1944. The genus Amblyomma (ixodidae) in the United States. The Journal of Parasitology, 30(2):77-111.","GSU_tickIdentification_SOP_2016-11-01.pdf","Linnaeus","Female",1,"OK","90% ethanol","125293",,"Philip Panhorst","Georgia Southern University",
"351ca56c-18ee-4cee-b67a-1f685bdf90b6","SCBI_005.tickPlot.tck","SCBI_005","2014-07-01T16:58Z","2015-05-07T12:00Z","SCBI_005.20140701","SCBI_005.20140701.AMBAME.N","Amblyomma americanum","AMBAME","species","Ixodidae",,,,"Amblyomma",,"americanum",,,"Cooley, R. A. and G. M. Kohls. 1944. The genus Amblyomma (ixodidae) in the United States. The Journal of Parasitology, 30(2):77-111.","GSU_tickIdentification_SOP_2016-11-01.pdf","Linnaeus","Nymph",3,"OK","95% ethanol","125293",,"Lorenza Beati","Georgia Southern University",
"cc25aa40-79bd-4210-ba35-497b2200ba49","SCBI_039.tickPlot.tck","SCBI_039","2014-07-02T14:22Z","2015-05-08T12:00Z","SCBI_039.20140702","SCBI_039.20140702.AMBAME.N","Amblyomma americanum","AMBAME","species","Ixodidae",,,,"Amblyomma",,"americanum",,,"Cooley, R. A. and G. M. Kohls. 1944. The genus Amblyomma (ixodidae) in the United States. The Journal of Parasitology, 30(2):77-111.","GSU_tickIdentification_SOP_2016-11-01.pdf","Linnaeus","Nymph",5,"OK","95% ethanol","125325",,"Lorenza Beati","Georgia Southern University",
"bc7afe4d-cd63-434e-a920-eae3dffc9b46","SCBI_039.tickPlot.tck","SCBI_039","2014-07-02T14:22Z","2015-05-08T16:00Z","SCBI_039.20140702","SCBI_039.20140702.IXOSCA.N","Ixodes scapularis","IXOSCA","species","Ixodidae",,,,"Ixodes",,"scapularis",,,"Keirans, J. E., and C. M. Clifford. 1978. The genus Ixodes in the United States: a scanning electron microscope study and key to the adults. Journal of Medical Entomology, 15(Supplement 2):1-38.","GSU_tickIdentification_SOP_2016-11-01.pdf","Say","Nymph",1,"OK","90% ethanol","125325",,"Lorenza Beati","Georgia Southern University",
"7ef0967c-edb1-441f-a70d-f9253e036082","SCBI_013.tickPlot.tck","SCBI_013","2014-07-02T18:32Z","2015-04-20T16:00Z","SCBI_013.20140702","SCBI_013.20140702.DERVAR.F","Dermacentor variabilis","DERVAR","species","Ixodidae",,,,"Dermacentor",,"variabilis",,,"Cooley, R. A. 1938. The genera Dermacentor and Otocentor (Ixodidae) in the United States, with studies in variation. US Government Printing Office.","GSU_tickIdentification_SOP_2016-11-01.pdf","Say","Female",1,"OK","90% ethanol","125315",,"Michael Bischof","Georgia Southern University",
"b7d0ad45-5851-442f-9046-b482c4363a42","SCBI_013.tickPlot.tck","SCBI_013","2014-07-02T18:32Z","2015-04-20T16:00Z","SCBI_013.20140702","SCBI_013.20140702.DERVAR.M","Dermacentor variabilis","DERVAR","species","Ixodidae",,,,"Dermacentor",,"variabilis",,,"Cooley, R. A. 1938. The genera Dermacentor and Otocentor (Ixodidae) in the United States, with studies in variation. US Government Printing Office.","GSU_tickIdentification_SOP_2016-11-01.pdf","Say","Male",1,"OK","90% ethanol","125315",,"Michael Bischof","Georgia Southern University",
"f15cc7dc-7106-4343-a077-bb6082ad2c4e","SCBI_013.tickPlot.tck","SCBI_013","2014-07-02T18:32Z","2015-05-08T12:00Z","SCBI_013.20140702","SCBI_013.20140702.IXOSCA.N","Ixodes scapularis","IXOSCA","species","Ixodidae",,,,"Ixodes",,"scapularis",,,"Keirans, J. E., and C. M. Clifford. 1978. The genus Ixodes in the United States: a scanning electron microscope study and key to the adults. Journal of Medical Entomology, 15(Supplement 2):1-38.","GSU_tickIdentification_SOP_2016-11-01.pdf","Say","Nymph",16,"OK","95% ethanol","125315",,"Lorenza Beati","Georgia Southern University",
"b7194494-131f-4016-bba3-83b8c71862d4","SCBI_006.tickPlot.tck","SCBI_006","2014-07-25T13:27Z","2015-05-08T16:00Z","SCBI_006.20140725","SCBI_006.20140725.AMBAME.N","Amblyomma americanum","AMBAME","species","Ixodidae",,,,"Amblyomma",,"americanum",,,"Cooley, R. A. and G. M. Kohls. 1944. The genus Amblyomma (ixodidae) in the United States. The Journal of Parasitology, 30(2):77-111.","GSU_tickIdentification_SOP_2016-11-01.pdf","Linnaeus","Nymph",1,"OK","90% ethanol","125300",,"Lorenza Beati","Georgia Southern University",
"c3454412-8bc4-4d8c-87d6-e37ad1a63f02","SCBI_006.tickPlot.tck","SCBI_006","2014-07-25T13:27Z","2015-04-20T16:00Z","SCBI_006.20140725","SCBI_006.20140725.DERVAR.N","Dermacentor variabilis","DERVAR","species","Ixodidae",,,,"Dermacentor",,"variabilis",,,"Cooley, R. A. 1938. The genera Dermacentor and Otocentor (Ixodidae) in the United States, with studies in variation. US Government Printing Office.","GSU_tickIdentification_SOP_2016-11-01.pdf","Say","Nymph",1,"OK","90% ethanol","125300",,"Michael Bischof","Georgia Southern University",
"681e9d82-d503-4bce-824d-5677063e518a","SCBI_006.tickPlot.tck","SCBI_006","2014-07-25T13:27Z","2015-04-20T16:00Z","SCBI_006.20140725","SCBI_006.20140725.DERVAR.M","Dermacentor variabilis","DERVAR","species","Ixodidae",,,,"Dermacentor",,"variabilis",,,"Cooley, R. A. 1938. The genera Dermacentor and Otocentor (Ixodidae) in the United States, with studies in variation. US Government Printing Office.","GSU_tickIdentification_SOP_2016-11-01.pdf","Say","Male",1,"OK","90% ethanol","125300",,"Michael Bischof","Georgia Southern University",
"acf00084-be5e-4b44-96a3-88d465cffaa4","SCBI_006.tickPlot.tck","SCBI_006","2014-07-25T13:27Z","2015-04-20T16:00Z","SCBI_006.20140725","SCBI_006.20140725.DERVAR.F","Dermacentor variabilis","DERVAR","species","Ixodidae",,,,"Dermacentor",,"variabilis",,,"Cooley, R. A. 1938. The genera Dermacentor and Otocentor (Ixodidae) in the United States, with studies in variation. US Government Printing Office.","GSU_tickIdentification_SOP_2016-11-01.pdf","Say","Female",2,"OK","90% ethanol","125300",,"Michael Bischof","Georgia Southern University",
"a80f55ac-9f08-42e4-8a38-b40d3ee6e2dd","SCBI_039.tickPlot.tck","SCBI_039","2014-07-25T14:27Z","2015-05-07T12:00Z","SCBI_039.20140725","SCBI_039.20140725.AMBAME.N","Amblyomma americanum","AMBAME","species","Ixodidae",,,,"Amblyomma",,"americanum",,,"Cooley, R. A. and G. M. Kohls. 1944. The genus Amblyomma (ixodidae) in the United States. The Journal of Parasitology, 30(2):77-111.","GSU_tickIdentification_SOP_2016-11-01.pdf","Linnaeus","Nymph",2,"OK","95% ethanol","125326",,"Lorenza Beati","Georgia Southern University",
"c406f767-5a9e-4934-bf34-c14da64ba172","SCBI_005.tickPlot.tck","SCBI_005","2014-07-25T16:05Z","2015-04-20T16:00Z","SCBI_005.20140725","SCBI_005.20140725.AMBAME.F","Amblyomma americanum","AMBAME","species","Ixodidae",,,,"Amblyomma",,"americanum",,,"Cooley, R. A. and G. M. Kohls. 1944. The genus Amblyomma (ixodidae) in the United States. The Journal of Parasitology, 30(2):77-111.","GSU_tickIdentification_SOP_2016-11-01.pdf","Linnaeus","Female",1,"OK","90% ethanol","125294",,"Michael Bischof","Georgia Southern University",
"a458f5ca-6179-47db-8794-8fdc22a46378","SCBI_005.tickPlot.tck","SCBI_005","2014-07-25T16:05Z","2015-05-08T16:00Z","SCBI_005.20140725","SCBI_005.20140725.IXOSCA.N","Ixodes scapularis","IXOSCA","species","Ixodidae",,,,"Ixodes",,"scapularis",,,"Keirans, J. E., and C. M. Clifford. 1978. The genus Ixodes in the United States: a scanning electron microscope study and key to the adults. Journal of Medical Entomology, 15(Supplement 2):1-38.","GSU_tickIdentification_SOP_2016-11-01.pdf","Say","Nymph",1,"OK","90% ethanol","125294",,"Lorenza Beati","Georgia Southern University",
"80283dcc-0af0-4855-9e8a-05786fba18e0","SCBI_013.tickPlot.tck","SCBI_013","2014-07-25T19:15Z","2015-05-07T12:00Z","SCBI_013.20140725","SCBI_013.20140725.IXOSCA.N","Ixodes scapularis","IXOSCA","species","Ixodidae",,,,"Ixodes",,"scapularis",,,"Keirans, J. E., and C. M. Clifford. 1978. The genus Ixodes in the United States: a scanning electron microscope study and key to the adults. Journal of Medical Entomology, 15(Supplement 2):1-38.","GSU_tickIdentification_SOP_2016-11-01.pdf","Say","Nymph",6,"OK","95% ethanol","125316",,"Lorenza Beati","Georgia Southern University",
"e6c137c8-8248-4e53-8aec-daf7af07e518","SCBI_007.tickPlot.tck","SCBI_007","2014-07-28T15:22Z","2015-05-07T12:00Z","SCBI_007.20140728","SCBI_007.20140728.AMBAME.N","Amblyomma americanum","AMBAME","species","Ixodidae",,,,"Amblyomma",,"americanum",,,"Cooley, R. A. and G. M. Kohls. 1944. The genus Amblyomma (ixodidae) in the United States. The Journal of Parasitology, 30(2):77-111.","GSU_tickIdentification_SOP_2016-11-01.pdf","Linnaeus","Nymph",2,"OK","95% ethanol","125307",,"Lorenza Beati","Georgia Southern University",
"232d7cf7-653f-4fce-b38c-687d4afa5430","SCBI_007.tickPlot.tck","SCBI_007","2014-07-28T15:22Z","2015-05-08T12:00Z","SCBI_007.20140728","SCBI_007.20140728.IXOSCA.N","Ixodes scapularis","IXOSCA","species","Ixodidae",,,,"Ixodes",,"scapularis",,,"Keirans, J. E., and C. M. Clifford. 1978. The genus Ixodes in the United States: a scanning electron microscope study and key to the adults. Journal of Medical Entomology, 15(Supplement 2):1-38.","GSU_tickIdentification_SOP_2016-11-01.pdf","Say","Nymph",7,"OK","95% ethanol","125307",,"Lorenza Beati","Georgia Southern University",
"17e3f2ca-ac28-4188-bf76-90fe00b7d0e9","SCBI_007.tickPlot.tck","SCBI_007","2014-07-28T15:22Z","2015-04-20T16:00Z","SCBI_007.20140728","SCBI_007.20140728.IXOSP.L","Ixodidae sp.","IXOSP","family","Ixodidae",,,,,,"sp.",,,,"GSU_tickIdentification_SOP_2016-11-01.pdf",,"Larva",1,"OK","90% ethanol","125308",,"Michael Bischof","Georgia Southern University",
"3b8ec9d9-175a-4df7-ab70-93c52ab24627","SCBI_002.tickPlot.tck","SCBI_002","2014-07-28T17:42Z","2015-05-08T12:00Z","SCBI_002.20140728","SCBI_002.20140728.IXOSCA.N","Ixodes scapularis","IXOSCA","species","Ixodidae",,,,"Ixodes",,"scapularis",,,"Keirans, J. E., and C. M. Clifford. 1978. The genus Ixodes in the United States: a scanning electron microscope study and key to the adults. Journal of Medical Entomology, 15(Supplement 2):1-38.","GSU_tickIdentification_SOP_2016-11-01.pdf","Say","Nymph",5,"OK","95% ethanol","125285",,"Lorenza Beati","Georgia Southern University",
"863ce098-8341-459c-b458-26c996c8185c","SCBI_002.tickPlot.tck","SCBI_002","2014-07-28T17:42Z","2015-04-20T16:00Z","SCBI_002.20140728","SCBI_002.20140728.IXOSP.L","Ixodidae sp.","IXOSP","family","Ixodidae",,,,,,"sp.",,,,"GSU_tickIdentification_SOP_2016-11-01.pdf",,"Larva",1,"OK","90% ethanol","125286",,"Michael Bischof","Georgia Southern University",
