uid,namedLocation,domainID,siteID,plotID,plotType,nlcdClass,decimalLatitude,decimalLongitude,geodeticDatum,coordinateUncertainty,elevation,elevationUncertainty,collectDate,eventID,sampleID,sampleCode,samplingMethod,totalSampledArea,targetTaxaPresent,adultCount,nymphCount,larvaCount,sampleCondition,samplingProtocolVersion,measuredBy,remarks
"1b070656-1de1-47dc-91d9-cf27d29e498a","HARV_022.tickPlot.tck","D01","HARV","HARV_022","distributed","evergreenForest",42.435462,-72.199291,"WGS84",20.3,186.3,0.3,"2014-10-06T13:14Z","HARV.2014.40","HARV_022.20141006",,"drag and flag",165,"Y",1,0,15,"No known compromise","NEON.DOC.014045vD","/3bcEKq5VKxtZhnURtKeew==","QC: NO ERROR NH"
"0378d3c8-d866-464d-91a7-097818cc7895","HARV_006.tickPlot.tck","D01","HARV","HARV_006","distributed","deciduousForest",42.401938,-72.252716,"WGS84",20.2,190.4,0.3,"2014-10-06T14:42Z","HARV.2014.40","HARV_006.20141006",,"drag and flag",163,"Y",0,0,1,"No known compromise","NEON.DOC.014045vD","iXt4M3loQKBOqiuM/+B7Tw==",
"ea849121-94a4-4036-9070-da2066fa84d1","HARV_026.tickPlot.tck","D01","HARV","HARV_026","distributed","evergreenForest",42.412068,-72.246529,"WGS84",20.2,185.7,0.3,"2014-10-06T15:33Z","HARV.2014.40","HARV_026.20141006",,"drag and flag",156,"Y",0,1,1,"No known compromise","NEON.DOC.014045vD","/3bcEKq5VKxtZhnURtKeew==","QC: NO ERROR NH"
"50d1f372-258f-40d7-9601-7889081b76fb","HARV_001.tickPlot.tck","D01","HARV","HARV_001","distributed","deciduousForest",42.424227,-72.260097,"WGS84",20.2,201.1,0.3,"2014-10-06T16:45Z","HARV.2014.40",,,"drag and flag",160,"N",0,0,0,,"NEON.DOC.014045vD","iXt4M3loQKBOqiuM/+B7Tw==",
"709e7c96-e1e6-48e0-85af-c1aa5de14c13","HARV_004.tickPlot.tck","D01","HARV","HARV_004","distributed","mixedForest",42.426878,-72.227943,"WGS84",20.3,185.9,0.3,"2014-10-06T17:52Z","HARV.2014.40","HARV_004.20141006",,"drag and flag",160,"Y",2,1,10,"No known compromise","NEON.DOC.014045vD","/3bcEKq5VKxtZhnURtKeew==",
"04a3fb8f-04ba-4e15-aa39-cc705fe93082","HARV_020.tickPlot.tck","D01","HARV","HARV_020","distributed","woodyWetlands",42.438157,-72.228923,"WGS84",20.2,228.3,0.3,"2014-10-07T13:06Z","HARV.2014.40","HARV_020.20141007",,"drag and flag",158,"Y",1,0,0,"No known compromise","NEON.DOC.014045vD","iXt4M3loQKBOqiuM/+B7Tw==","QC: NO ERROR NH"
