uid,namedLocation,date,domainID,siteID,plotID,plotType,nlcdClass,decimalLatitude,decimalLongitude,geodeticDatum,coordinateUncertainty,easting,northing,utmZone,elevation,elevationUncertainty,eventID,samplingProtocolVersion,treesPresent,treesAbsentList,shrubsPresent,shrubsAbsentList,lianasPresent,lianasAbsentList,nestedSubplotAreaShrubSapling,nestedSubplotAreaLiana,totalSampledAreaTrees,totalSampledAreaShrubSapling,totalSampledAreaLiana,remarks,measuredBy,recordedBy,dataQF
"0c144694-dfaa-4f46-a72f-3cc27f881983","TREE_042.basePlot.vst","2015-07-27","D05","TREE","TREE_042","tower","deciduousForest",45.495224,-89.591102,"WGS84",20.3,297549.48,5041231.82,"16N",466.0,0.4,"vst_TREE_2015","NEON.DOC.000987vD",,,,,,,"noneSelected","noneSelected",800,800,800,,,"pFrwQTwEWJN+GiFv8r3h8Z0vAfADqHPd","legacyData"
"16d1e5f9-cfbf-4125-a277-8eeac7780e0b","TREE_053.basePlot.vst","2015-07-27","D05","TREE","TREE_053","tower","deciduousForest",45.491644,-89.592476,"WGS84",20.2,297429.28,5040837.57,"16N",463.7,0.3,"vst_TREE_2015","NEON.DOC.000987vD",,,,,,,"noneSelected","noneSelected",800,800,800,,,"pFrwQTwEWJN+GiFv8r3h8Z0vAfADqHPd","legacyData"
"8e286501-0fe0-4ee2-96c1-2963984cc120","TREE_049.basePlot.vst","2015-07-28","D05","TREE","TREE_049","tower","deciduousForest",45.493863,-89.591027,"WGS84",20.2,297550.46,5041080.43,"16N",467.3,0.3,"vst_TREE_2015","NEON.DOC.000987vD",,,,,,,"100","noneSelected",800,400,800,,,"pFrwQTwEWJN+GiFv8r3h8Z0vAfADqHPd","legacyData"
"f40d313b-74bf-46f1-a442-676be1f67de2","TREE_046.basePlot.vst","2015-07-28","D05","TREE","TREE_046","tower","deciduousForest",45.493548,-89.592161,"WGS84",20.2,297460.73,5041048.30,"16N",465.4,0.3,"vst_TREE_2015","NEON.DOC.000987vD",,,,,,,"noneSelected","noneSelected",800,800,800,,,"pFrwQTwEWJN+GiFv8r3h8Z0vAfADqHPd","legacyData"
"b60ce44a-0ffc-40e1-9f92-7d385ee0b8d9","TREE_055.basePlot.vst","2015-07-29","D05","TREE","TREE_055","tower","deciduousForest",45.491887,-89.594045,"WGS84",20.2,297307.56,5040868.52,"16N",464.6,0.3,"vst_TREE_2015","NEON.DOC.000987vD",,,,,,,"noneSelected","noneSelected",800,800,800,,,"pFrwQTwEWJN+GiFv8r3h8Z0vAfADqHPd","legacyData"
"8cbb61b0-ffce-4473-85d7-6b19b3734656","TREE_050.basePlot.vst","2015-07-29","D05","TREE","TREE_050","tower","evergreenForest",45.490088,-89.590099,"WGS84",20.3,297609.44,5040658.71,"16N",467.6,0.3,"vst_TREE_2015","NEON.DOC.000987vD",,,,,,,"10","noneSelected",800,40,800,,,"pFrwQTwEWJN+GiFv8r3h8Z0vAfADqHPd","legacyData"
"12ae8eb1-fd11-436c-977a-48b3aad968ef","TREE_056.basePlot.vst","2015-07-29","D05","TREE","TREE_056","tower","mixedForest",45.492740,-89.591767,"WGS84",20.1,297488.61,5040957.54,"16N",465.7,0.2,"vst_TREE_2015","NEON.DOC.000987vD",,,,,,,"10","noneSelected",800,40,800,,,"pFrwQTwEWJN+GiFv8r3h8Z0vAfADqHPd","legacyData"
"2ba4816b-72fb-418c-b395-dce4e5cfce63","TREE_056.basePlot.vst","2015-07-29","D05","TREE","TREE_056","tower","mixedForest",45.492740,-89.591767,"WGS84",20.1,297488.61,5040957.54,"16N",465.7,0.2,"vst_TREE_2015","NEON.DOC.000987vD",,,,,,,"10","noneSelected",800,40,800,,,"pFrwQTwEWJN+GiFv8r3h8Z0vAfADqHPd","legacyData"
"6b13c64a-1a94-4329-9aac-98fb644f8ace","TREE_054.basePlot.vst","2015-07-30","D05","TREE","TREE_054","tower","mixedForest",45.490570,-89.593196,"WGS84",20.2,297369.17,5040720.07,"16N",464.1,0.4,"vst_TREE_2015","NEON.DOC.000987vD",,,,,,,"10","noneSelected",800,40,800,,,"pFrwQTwEWJN+GiFv8r3h8Z0vAfADqHPd","legacyData"
