uid,namedLocation,date,eventID,domainID,siteID,plotID,subplotID,nestedSubplotID,groupID,taxonID,scientificName,taxonRank,identificationReferences,identificationQualifier,volumePercent,livePercent,deadPercent,canopyArea,meanHeight,remarks,measuredBy,recordedBy,dataQF
"802578a0-d5ae-46c7-bb18-09ed850b7188","GUAN_061.basePlot.vst","2015-06-30","vst_GUAN_2015","D04","GUAN","GUAN_061","39","3","39 _0","2PLANT","Unknown plant","kingdom",,,100,100,0,0.7,2.78,,"VgRfkWGhIvw7Lc3BZsfq46duR9Pzwglz","VgRfkWGhIvw7Lc3BZsfq46duR9Pzwglz","legacyData"
"2db34532-5c22-49b1-9a65-10b5b83c5058","GUAN_061.basePlot.vst","2015-06-30","vst_GUAN_2015","D04","GUAN","GUAN_061","21","1","21 _0","2PLANT","Unknown plant","kingdom",,,100,80,20,1.5,3.62,,"VgRfkWGhIvw7Lc3BZsfq46duR9Pzwglz","VgRfkWGhIvw7Lc3BZsfq46duR9Pzwglz","legacyData"
"83f66039-fd45-435d-9383-09c2f4860744","GUAN_061.basePlot.vst","2015-06-30","vst_GUAN_2015","D04","GUAN","GUAN_061","21","1","21 _0","2PLANT","Unknown plant","kingdom",,,100,60,40,1.5,4.84,,"VgRfkWGhIvw7Lc3BZsfq46duR9Pzwglz","VgRfkWGhIvw7Lc3BZsfq46duR9Pzwglz","legacyData"
"9ae3a97c-bf07-44a7-aabd-226d47343080","GUAN_061.basePlot.vst","2015-06-30","vst_GUAN_2015","D04","GUAN","GUAN_061","21","4","21 _0","CROTO","Croton sp.","genus",,,100,100,0,1.5,1.68,,"VgRfkWGhIvw7Lc3BZsfq46duR9Pzwglz","VgRfkWGhIvw7Lc3BZsfq46duR9Pzwglz","legacyData"
"dbdfff25-3718-43eb-a328-39c14a1fe228","GUAN_061.basePlot.vst","2015-06-30","vst_GUAN_2015","D04","GUAN","GUAN_061","21","1","21 _0","2PLANT","Unknown plant","kingdom",,,100,100,0,1.5,4.56,,"VgRfkWGhIvw7Lc3BZsfq46duR9Pzwglz","VgRfkWGhIvw7Lc3BZsfq46duR9Pzwglz","legacyData"
