uid,namedLocation,domainID,siteID,plotID,plotType,nlcdClass,decimalLatitude,decimalLongitude,geodeticDatum,coordinateUncertainty,elevation,elevationUncertainty,collectDate,eventID,sampleID,sampleCode,samplingMethod,totalSampledArea,targetTaxaPresent,adultCount,nymphCount,larvaCount,sampleCondition,samplingProtocolVersion,measuredBy,remarks
"c49fc276-cedb-41c3-8d1a-a518ee4c121c","KONA_002.tickPlot.tck","D06","KONA","KONA_002","distributed","cultivatedCrops",39.114235,-96.638612,"WGS84",20.1,324.7,0.1,"2017-08-07T14:39Z","KONA.2017.33","KONA_002.20170807",,"drag",160,"Y",0,7,0,"No known compromise","NEON.DOC.014045vH","aWsnnbx5JV4fkcC9io0n2tyuYS6o2YAv2EcLrE/IqiX/78dmluZuVQ==",
"1a364874-67bc-4a83-baf9-c34ebea256ef","KONA_004.tickPlot.tck","D06","KONA","KONA_004","distributed","cultivatedCrops",39.125575,-96.637356,"WGS84",20.1,323.5,0.1,"2017-08-07T15:11Z","KONA.2017.33",,,"drag",160,"N",0,0,0,,"NEON.DOC.014045vH","aWsnnbx5JV4fkcC9io0n2tyuYS6o2YAv2EcLrE/IqiX/78dmluZuVQ==",
"6e5de20c-645f-42ba-bb89-24e480fbe612","KONA_021.tickPlot.tck","D06","KONA","KONA_021","distributed","cultivatedCrops",39.125028,-96.643572,"WGS84",20.1,339.5,0.2,"2017-08-07T15:34Z","KONA.2017.33",,,"drag",160,"N",0,0,0,"Distance estimated (described in remarks)","NEON.DOC.014045vH","dcM8u/BhP7UbDDvxSpMzrlrnTorUEUOxkTJsGqUfT1M=","57 to 21 stopped 8m short due to standing water. 21 to 25 skipped 4m due to standing water"
"26328977-6263-411b-8738-e617628a74ea","KONA_003.tickPlot.tck","D06","KONA","KONA_003","distributed","cultivatedCrops",39.214274,-96.600435,"WGS84",20.1,329.1,0.1,"2017-08-07T16:38Z","KONA.2017.33","KONA_003.20170807",,"drag",160,"Y",0,1,0,"No known compromise","NEON.DOC.014045vH","aWsnnbx5JV4fkcC9io0n2tyuYS6o2YAv2EcLrE/IqiX/78dmluZuVQ==",
"bb193b50-8f57-44e8-982d-257e7a96c293","KONA_019.tickPlot.tck","D06","KONA","KONA_019","distributed","cultivatedCrops",39.211742,-96.590109,"WGS84",20.1,327.1,0.1,"2017-08-07T17:04Z","KONA.2017.33",,,"drag",160,"N",0,0,0,,"NEON.DOC.014045vH","aWsnnbx5JV4fkcC9io0n2tyuYS6o2YAv2EcLrE/IqiX/78dmluZuVQ==",
"16a02cbf-bd05-4a46-948c-059b04b3f7a2","KONA_024.tickPlot.tck","D06","KONA","KONA_024","distributed","cultivatedCrops",39.208663,-96.595138,"WGS84",20.1,329.1,0.1,"2017-08-07T17:26Z","KONA.2017.33",,,"drag",160,"N",0,0,0,,"NEON.DOC.014045vH","aWsnnbx5JV4fkcC9io0n2tyuYS6o2YAv2EcLrE/IqiX/78dmluZuVQ==",
"f34831e1-05db-45db-bd6a-16adf8dd51d0","KONA_003.tickPlot.tck","D06","KONA","KONA_003","distributed","cultivatedCrops",39.214274,-96.600435,"WGS84",20.1,329.1,0.1,"2017-08-29T14:18Z","KONA.2017.36","KONA_003.20170829",,"drag",160,"Y",0,1,0,"No known compromise","NEON.DOC.014045vH","9ya+8ESO78bjLXGzD+nV7nftVEBW+hSh1N8qvgzBSi0=",
"3b293f05-2238-488d-9513-be654b4118ff","KONA_019.tickPlot.tck","D06","KONA","KONA_019","distributed","cultivatedCrops",39.211742,-96.590109,"WGS84",20.1,327.1,0.1,"2017-08-29T14:46Z","KONA.2017.36",,,"drag",160,"N",0,0,0,,"NEON.DOC.014045vH","9ya+8ESO78bjLXGzD+nV7nftVEBW+hSh1N8qvgzBSi0=",
"9db02e2d-e051-4f1d-ba8e-4786280c41dd","KONA_024.tickPlot.tck","D06","KONA","KONA_024","distributed","cultivatedCrops",39.208663,-96.595138,"WGS84",20.1,329.1,0.1,"2017-08-29T15:09Z","KONA.2017.36",,,"drag",160,"N",0,0,0,,"NEON.DOC.014045vH","9ya+8ESO78bjLXGzD+nV7nftVEBW+hSh1N8qvgzBSi0=",
"ba50d6df-c9ca-40b3-a370-d93e5c5ab979","KONA_002.tickPlot.tck","D06","KONA","KONA_002","distributed","cultivatedCrops",39.114235,-96.638612,"WGS84",20.1,324.7,0.1,"2017-08-29T16:02Z","KONA.2017.36",,,"drag",160,"N",0,0,0,,"NEON.DOC.014045vH","9ya+8ESO78bjLXGzD+nV7nftVEBW+hSh1N8qvgzBSi0=",
"15bb2801-a058-4d89-a1e4-4cbce30b3894","KONA_004.tickPlot.tck","D06","KONA","KONA_004","distributed","cultivatedCrops",39.125575,-96.637356,"WGS84",20.1,323.5,0.1,"2017-08-29T16:25Z","KONA.2017.36",,,"drag and flag",160,"N",0,0,0,,"NEON.DOC.014045vH","9ya+8ESO78bjLXGzD+nV7nftVEBW+hSh1N8qvgzBSi0=",
"0b9e87f7-6ba0-4e05-a3a7-c8510767a9c2","KONA_021.tickPlot.tck","D06","KONA","KONA_021","distributed","cultivatedCrops",39.125028,-96.643572,"WGS84",20.1,339.5,0.2,"2017-08-29T16:58Z","KONA.2017.36",,,"drag",160,"N",0,0,0,,"NEON.DOC.014045vH","9ya+8ESO78bjLXGzD+nV7nftVEBW+hSh1N8qvgzBSi0=",
