uid,namedLocation,domainID,siteID,plotID,plotType,nlcdClass,decimalLatitude,decimalLongitude,geodeticDatum,coordinateUncertainty,elevation,elevationUncertainty,collectDate,eventID,sampleID,sampleCode,samplingMethod,totalSampledArea,targetTaxaPresent,adultCount,nymphCount,larvaCount,sampleCondition,samplingProtocolVersion,measuredBy,remarks
"7c8ce9db-0c1e-4278-8ba9-746c22a9be6a","BART_011.tickPlot.tck","D01","BART","BART_011","distributed","mixedForest",44.048783,-71.295353,"WGS84",20.2,399.5,0.2,"2014-06-02T18:32Z","BART.2014.22","BART_011.20140602",,"drag and flag",160,"Y",1,0,0,"No known compromise","NEON.DOC.014045vD","5njDI51jv+VDHrY+nvUpKw==",
"f39d065a-1176-44da-943a-6d49274a4dc5","BART_015.tickPlot.tck","D01","BART","BART_015","distributed","mixedForest",44.042149,-71.271603,"WGS84",20.3,455.0,0.5,"2014-06-02T18:35Z","BART.2014.22",,,"drag and flag",165,"N",0,0,0,,"NEON.DOC.014045vD","/3bcEKq5VKxtZhnURtKeew==","QC: NO ERROR JH"
"7a91ac72-b280-41ff-9317-1bf2dd7f4bd1","BART_010.tickPlot.tck","D01","BART","BART_010","distributed","deciduousForest",44.051100,-71.267766,"WGS84",20.2,413.0,0.4,"2014-06-03T14:06Z","BART.2014.22",,,"drag and flag",168,"N",0,0,0,,"NEON.DOC.014045vD","/3bcEKq5VKxtZhnURtKeew==","QC: NO ERROR JH"
"6a03026b-cb6b-4b5e-abaf-c3387680b026","BART_002.tickPlot.tck","D01","BART","BART_002","distributed","deciduousForest",44.035231,-71.274674,"WGS84",20.2,502.6,0.3,"2014-06-03T16:24Z","BART.2014.22",,,"drag and flag",170,"N",0,0,0,,"NEON.DOC.014045vD","hj7Xm3r1ztpJ3/urJLAfrQ==","QC: NO ERROR JH"
"2e1e5160-f1ce-4a32-9f9f-da0b2b3725fa","BART_019.tickPlot.tck","D01","BART","BART_019","distributed","mixedForest",44.069350,-71.288001,"WGS84",20.2,231.8,0.2,"2014-06-03T18:41Z","BART.2014.22",,,"drag and flag",172,"N",0,0,0,,"NEON.DOC.014045vD","5njDI51jv+VDHrY+nvUpKw==","Stream running through W side next to trail--and water running through trail; also stream running through E side of plot"
