uid,namedLocation,plotID,collectDate,identifiedDate,sampleID,subsampleID,scientificName,acceptedTaxonID,taxonRank,family,subfamily,tribe,subtribe,genus,subgenus,specificEpithet,infraspecificEpithet,identificationQualifier,identificationReferences,identificationProtocolVersion,scientificNameAuthorship,sexOrAge,individualCount,sampleCondition,archiveMedium,archiveFacilityID,deprecatedVialID,identifiedBy,laboratoryName,remarks
"5cda08f5-0a8d-4f5d-90df-972e8d97c906","ORNL_002.tickPlot.tck","ORNL_002","2015-09-14T14:50Z","2016-10-28T16:00Z","ORNL_002.20150914","ORNL_002.20150914.AMBAME.N","Amblyomma americanum","AMBAME","species","Ixodidae",,,,"Amblyomma",,"americanum",,,"Cooley, R. A. and G. M. Kohls. 1944. The genus Amblyomma (ixodidae) in the United States. The Journal of Parasitology, 30(2):77-111.","GSU_tickIdentification_SOP_2016-11-01.pdf","Linnaeus","Nymph",25,"OK","90% ethanol","USNMENT00865344","ORNL_002.20150914.7.1.Nymph","L. Beati","Georgia Southern University",
"6e0f7994-dced-444c-898c-aab9e783ff10","ORNL_002.tickPlot.tck","ORNL_002","2015-09-14T14:50Z","2016-10-28T16:00Z","ORNL_002.20150914","ORNL_002.20150914.IXOSP.L","Ixodidae sp.","IXOSP","family","Ixodidae",,,,,,"sp.",,,,"GSU_tickIdentification_SOP_2016-11-01.pdf",,"Larva",1,"OK","90% ethanol","USNMENT00865343","ORNL_002.20150914.7.1.larvae","L. Beati","Georgia Southern University",
"b3cb8634-f68e-4626-b755-35f273aaeb23","ORNL_009.tickPlot.tck","ORNL_009","2015-09-14T15:50Z","2016-10-31T16:00Z","ORNL_009.20150914","ORNL_009.20150914.IXOSP.L","Ixodidae sp.","IXOSP","family","Ixodidae",,,,,,"sp.",,,,"GSU_tickIdentification_SOP_2016-11-01.pdf",,"Larva",1,"OK","90% ethanol","USNMENT00865340","ORNL_009.20150914.7.1.larvae","L. Beati","Georgia Southern University",
"bbf173ae-5469-4f06-abc4-0cb98d7da76c","ORNL_009.tickPlot.tck","ORNL_009","2015-09-14T15:50Z","2016-10-31T16:00Z","ORNL_009.20150914","ORNL_009.20150914.AMBAME.N","Amblyomma americanum","AMBAME","species","Ixodidae",,,,"Amblyomma",,"americanum",,,"Cooley, R. A. and G. M. Kohls. 1944. The genus Amblyomma (ixodidae) in the United States. The Journal of Parasitology, 30(2):77-111.","GSU_tickIdentification_SOP_2016-11-01.pdf","Linnaeus","Nymph",3,"OK","90% ethanol","USNMENT00865341","ORNL_009.20150914.7.1.Nymph","L. Beati","Georgia Southern University",
"62b6af41-f18c-4f88-a4d6-738d3ef560c2","ORNL_040.tickPlot.tck","ORNL_040","2015-09-14T17:10Z","2016-10-28T16:00Z","ORNL_040.20150914","ORNL_040.20150914.AMBAME.N","Amblyomma americanum","AMBAME","species","Ixodidae",,,,"Amblyomma",,"americanum",,,"Cooley, R. A. and G. M. Kohls. 1944. The genus Amblyomma (ixodidae) in the United States. The Journal of Parasitology, 30(2):77-111.","GSU_tickIdentification_SOP_2016-11-01.pdf","Linnaeus","Nymph",1,"OK","90% ethanol","USNMENT00865342","ORNL_040.20150914.7.1.Nymph","L. Beati","Georgia Southern University",
"b33d5d63-991b-4c33-a9a2-05ea15ed3e65","ORNL_007.tickPlot.tck","ORNL_007","2015-09-14T17:45Z","2016-10-31T16:00Z","ORNL_007.20150914","ORNL_007.20150914.AMBAME.N","Amblyomma americanum","AMBAME","species","Ixodidae",,,,"Amblyomma",,"americanum",,,"Cooley, R. A. and G. M. Kohls. 1944. The genus Amblyomma (ixodidae) in the United States. The Journal of Parasitology, 30(2):77-111.","GSU_tickIdentification_SOP_2016-11-01.pdf","Linnaeus","Nymph",2,"OK","90% ethanol","USNMENT00865226","ORNL_007.20150914.7.1.Nymph","L. Beati","Georgia Southern University",
"05e8c47c-d625-4b62-96f3-8991861d1df9","ORNL_007.tickPlot.tck","ORNL_007","2015-09-14T17:45Z","2016-10-31T16:00Z","ORNL_007.20150914","ORNL_007.20150914.IXOSP.L","Ixodidae sp.","IXOSP","family","Ixodidae",,,,,,"sp.",,,,"GSU_tickIdentification_SOP_2016-11-01.pdf",,"Larva",1,"OK","90% ethanol","USNMENT00865225","ORNL_007.20150914.7.1.larvae","L. Beati","Georgia Southern University",
"77a01ab2-3cad-4a56-a50c-aefc2a2cc3e6","ORNL_008.tickPlot.tck","ORNL_008","2015-09-14T18:00Z","2016-10-28T16:00Z","ORNL_008.20150914","ORNL_008.20150914.AMBAME.N","Amblyomma americanum","AMBAME","species","Ixodidae",,,,"Amblyomma",,"americanum",,,"Cooley, R. A. and G. M. Kohls. 1944. The genus Amblyomma (ixodidae) in the United States. The Journal of Parasitology, 30(2):77-111.","GSU_tickIdentification_SOP_2016-11-01.pdf","Linnaeus","Nymph",1,"OK","90% ethanol","USNMENT00865228","ORNL_008.20150914.7.1.Nymph","L. Beati","Georgia Southern University",
"bc46faec-6734-4506-8603-f6c7cf3503af","ORNL_008.tickPlot.tck","ORNL_008","2015-09-14T18:00Z","2016-10-28T16:00Z","ORNL_008.20150914","ORNL_008.20150914.IXOSP.L","Ixodidae sp.","IXOSP","family","Ixodidae",,,,,,"sp.",,,,"GSU_tickIdentification_SOP_2016-11-01.pdf",,"Larva",1,"OK","90% ethanol","USNMENT00865227","ORNL_008.20150914.7.1.larvae","L. Beati","Georgia Southern University",
