uid,namedLocation,domainID,siteID,plotID,plotType,nlcdClass,decimalLatitude,decimalLongitude,geodeticDatum,coordinateUncertainty,elevation,elevationUncertainty,collectDate,eventID,sampleID,sampleCode,samplingMethod,totalSampledArea,targetTaxaPresent,adultCount,nymphCount,larvaCount,sampleCondition,samplingProtocolVersion,measuredBy,remarks
"c55d4e9f-b850-4b9d-b7fe-e276cc027892","ORNL_002.tickPlot.tck","D07","ORNL","ORNL_002","distributed","deciduousForest",35.983090,-84.211654,"WGS84",20.3,338.6,0.5,"2015-09-14T14:50Z","ORNL.2015.37","ORNL_002.20150914",,"drag and flag",163,"Y",0,25,169,"No known compromise","NEON.DOC.014045vF","cLunHzhvGfwnGSRgitcE2aQgFynzmRYl","sampling delayed 3 days from original date due to rain"
"9e31097b-6134-4f9f-878c-f8e58861767e","ORNL_009.tickPlot.tck","D07","ORNL","ORNL_009","distributed","deciduousForest",35.974902,-84.226630,"WGS84",20.2,337.1,0.2,"2015-09-14T15:50Z","ORNL.2015.37","ORNL_009.20150914",,"drag",170,"Y",0,3,311,"No known compromise","NEON.DOC.014045vF","cLunHzhvGfwnGSRgitcE2aQgFynzmRYl","sampling delayed 3 days from original date due to rain"
"0ac5dff1-fe0d-4fee-8688-d75396b95c29","ORNL_040.tickPlot.tck","D07","ORNL","ORNL_040","distributed","evergreenForest",35.975525,-84.305103,"WGS84",20.2,273.2,0.2,"2015-09-14T17:10Z","ORNL.2015.37","ORNL_040.20150914",,"drag",150,"Y",0,1,,"No known compromise","NEON.DOC.014045vF","wUBWszgu2lH2diIu19eQL/9vP8SagSqv","sampling delayed 3 days from original date due to rain"
"6c5a5fde-cdc8-4aa2-bc2b-a88060738a47","ORNL_007.tickPlot.tck","D07","ORNL","ORNL_007","distributed","deciduousForest",35.925843,-84.328420,"WGS84",20.2,279.4,0.5,"2015-09-14T17:45Z","ORNL.2015.37","ORNL_007.20150914",,"drag and flag",162,"Y",0,2,10,"No known compromise","NEON.DOC.014045vF","cLunHzhvGfwnGSRgitcE2aQgFynzmRYl","sampling delayed 3 days from original date due to rain"
"f2d9f0bf-e0a9-45a4-8405-d0bad27a80e0","ORNL_008.tickPlot.tck","D07","ORNL","ORNL_008","distributed","deciduousForest",35.933531,-84.334016,"WGS84",20.3,322.7,0.3,"2015-09-14T18:00Z","ORNL.2015.37","ORNL_008.20150914",,"drag",160,"Y",0,1,132,"No known compromise","NEON.DOC.014045vF","wUBWszgu2lH2diIu19eQL/9vP8SagSqv","sampling delayed 3 days from original date due to rain"
