uid,namedLocation,domainID,siteID,plotID,plotType,nlcdClass,decimalLatitude,decimalLongitude,geodeticDatum,coordinateUncertainty,elevation,elevationUncertainty,collectDate,eventID,sampleID,sampleCode,samplingMethod,totalSampledArea,targetTaxaPresent,adultCount,nymphCount,larvaCount,sampleCondition,samplingProtocolVersion,measuredBy,remarks
"d8db6394-fa89-425f-b49e-8070618f4537","WOOD_001.tickPlot.tck","D09","WOOD","WOOD_001","distributed","grasslandHerbaceous",47.127200,-99.256464,"WGS84",20.1,593.8,0.2,"2016-07-06T15:50Z","WOOD.2016.27",,,"drag",155,"N",0,0,0,"No known compromise","NEON.DOC.014045vG","Glfb8KVQCs2ca8MrfE5d5cOANQu8NmNl",
"ac1bba65-1beb-4e88-ae4b-6b4f8f2e4713","WOOD_007.tickPlot.tck","D09","WOOD","WOOD_007","distributed","grasslandHerbaceous",47.133887,-99.251357,"WGS84",20.4,593.6,0.3,"2016-07-06T16:45Z","WOOD.2016.27","WOOD_007.20160706",,"drag and flag",165,"Y",3,0,0,"No known compromise","NEON.DOC.014045vG","Glfb8KVQCs2ca8MrfE5d5cOANQu8NmNl","Put in ethanol vial. Ink bled"
"c0160d5b-422e-4f9c-b3e9-200442425fbe","WOOD_006.tickPlot.tck","D09","WOOD","WOOD_006","distributed","grasslandHerbaceous",47.141023,-99.248055,"WGS84",20.1,587.2,0.1,"2016-07-06T18:00Z","WOOD.2016.27","WOOD_006.20160706",,"drag and flag",160,"Y",3,0,0,"No known compromise","NEON.DOC.014045vG","Glfb8KVQCs2ca8MrfE5d5cOANQu8NmNl",
"7ba722ae-4082-48e9-8970-994f1cab1ca8","WOOD_002.tickPlot.tck","D09","WOOD","WOOD_002","distributed","grasslandHerbaceous",47.136802,-99.234546,"WGS84",20.1,578.3,0.1,"2016-07-06T19:05Z","WOOD.2016.27","WOOD_002.20160706",,"drag",160,"Y",2,0,0,"No known compromise","NEON.DOC.014045vG","Glfb8KVQCs2ca8MrfE5d5cOANQu8NmNl",
"cd22819b-2df7-4793-b54e-85d2e4bfb5d4","WOOD_009.tickPlot.tck","D09","WOOD","WOOD_009","distributed","grasslandHerbaceous",47.144534,-99.231072,"WGS84",20.1,573.5,0.2,"2016-07-06T19:50Z","WOOD.2016.27","WOOD_009.20160706",,"flag",160,"Y",1,0,0,"No known compromise","NEON.DOC.014045vG","Glfb8KVQCs2ca8MrfE5d5cOANQu8NmNl",
"a8e1a5e3-f15b-4a89-ab1b-a1fb358154d1","WOOD_024.tickPlot.tck","D09","WOOD","WOOD_024","distributed","emergentHerbaceousWetlands",47.150784,-99.260836,"WGS84",20.1,586.1,0.2,"2016-07-06T21:09Z","WOOD.2016.27",,,"flag",180,"N",0,0,0,"No known compromise","NEON.DOC.014045vG","Glfb8KVQCs2ca8MrfE5d5cOANQu8NmNl",
"c9a5d6f4-870e-41d5-9385-8c485743d727","WOOD_001.tickPlot.tck","D09","WOOD","WOOD_001","distributed","grasslandHerbaceous",47.127200,-99.256464,"WGS84",20.1,593.8,0.2,"2016-07-27T14:53Z","WOOD.2016.30","WOOD_001.20160727",,"drag",160,"Y",1,0,0,"No known compromise","NEON.DOC.014045vG","1k5dJ2omBULpfXt6kRdmABpGfWygU5kx","Sample stored at 25 degrees for 12 days post collection"
"a96769db-601d-441a-be64-0a6d41dc81cc","WOOD_007.tickPlot.tck","D09","WOOD","WOOD_007","distributed","grasslandHerbaceous",47.133887,-99.251357,"WGS84",20.4,593.6,0.3,"2016-07-27T16:02Z","WOOD.2016.30","WOOD_007.20160727",,"drag and flag",160,"Y",1,0,0,"No known compromise","NEON.DOC.014045vG","1k5dJ2omBULpfXt6kRdmABpGfWygU5kx","Went wrong direction, sample stored at 25 degrees for 12 days post collection"
"cf083154-c621-4027-877b-4f850d345964","WOOD_006.tickPlot.tck","D09","WOOD","WOOD_006","distributed","grasslandHerbaceous",47.141023,-99.248055,"WGS84",20.1,587.2,0.1,"2016-07-27T17:50Z","WOOD.2016.30",,,"drag and flag",160,"N",0,0,0,"No known compromise","NEON.DOC.014045vG","1k5dJ2omBULpfXt6kRdmABpGfWygU5kx",
"c5335c86-a7d4-4541-9577-c0ad6a9e7800","WOOD_002.tickPlot.tck","D09","WOOD","WOOD_002","distributed","grasslandHerbaceous",47.136802,-99.234546,"WGS84",20.1,578.3,0.1,"2016-07-27T18:58Z","WOOD.2016.30","WOOD_002.20160727",,"drag and flag",160,"Y",1,0,0,"No known compromise","NEON.DOC.014045vG","1k5dJ2omBULpfXt6kRdmABpGfWygU5kx","Sample stored at 25 degrees post collection"
"ce52693f-73b9-4d3b-b0b0-4dbe72a48c34","WOOD_009.tickPlot.tck","D09","WOOD","WOOD_009","distributed","grasslandHerbaceous",47.144534,-99.231072,"WGS84",20.1,573.5,0.2,"2016-07-27T19:55Z","WOOD.2016.30",,,"drag and flag",160,"N",0,0,0,"No known compromise","NEON.DOC.014045vG","1k5dJ2omBULpfXt6kRdmABpGfWygU5kx",
"44a5b1d7-0b78-40eb-9353-c3c8dfeda777","WOOD_024.tickPlot.tck","D09","WOOD","WOOD_024","distributed","emergentHerbaceousWetlands",47.150784,-99.260836,"WGS84",20.1,586.1,0.2,"2016-07-27T21:16Z","WOOD.2016.30","WOOD_024.20160727",,"flag",160,"Y",2,0,0,"No known compromise","NEON.DOC.014045vG","1k5dJ2omBULpfXt6kRdmABpGfWygU5kx","Sample stored at 25 degrees for 12 days post collection"
