uid,namedLocation,domainID,siteID,plotID,plotType,nlcdClass,decimalLatitude,decimalLongitude,geodeticDatum,coordinateUncertainty,elevation,elevationUncertainty,collectDate,eventID,sampleID,sampleCode,samplingMethod,totalSampledArea,targetTaxaPresent,adultCount,nymphCount,larvaCount,sampleCondition,samplingProtocolVersion,measuredBy,remarks
"0d95ba82-49c9-4e4a-9f1b-059a7f029497","STER_006.tickPlot.tck","D10","STER","STER_006","distributed","cultivatedCrops",40.465644,-103.032824,"WGS84",20.1,1361.1,0.1,"2017-08-09T16:01Z","STER.2017.33",,,"drag",160,"N",0,0,0,,"NEON.DOC.014045vH","wUoOeYeNRd+jgp17zK6rKygN5eUry8XOUwCtK+M4jBE=",
"8e423684-87da-4254-b6b9-7275dbe11ca1","STER_029.tickPlot.tck","D10","STER","STER_029","distributed","cultivatedCrops",40.469400,-103.010366,"WGS84",20.2,1352.6,0.3,"2017-08-09T16:46Z","STER.2017.33",,,"drag",157,"N",0,0,0,,"NEON.DOC.014045vH","wUoOeYeNRd+jgp17zK6rKygN5eUry8XOUwCtK+M4jBE=",
"56b6a727-abad-4ac4-8ef5-b9936742062c","STER_033.tickPlot.tck","D10","STER","STER_033","distributed","cultivatedCrops",40.476290,-103.010114,"WGS84",20.2,1355.1,0.2,"2017-08-09T17:30Z","STER.2017.33",,,"drag",160,"N",0,0,0,,"NEON.DOC.014045vH","wUoOeYeNRd+jgp17zK6rKygN5eUry8XOUwCtK+M4jBE=",
"de5249e8-0c0a-4dcf-9c61-6c6174cb1348","STER_028.tickPlot.tck","D10","STER","STER_028","distributed","cultivatedCrops",40.472367,-103.017002,"WGS84",20.2,1358.2,0.3,"2017-08-09T18:14Z","STER.2017.33",,,"drag",160,"N",0,0,0,,"NEON.DOC.014045vH","wUoOeYeNRd+jgp17zK6rKygN5eUry8XOUwCtK+M4jBE=",
"90ec4fff-7756-4dff-a951-fde47ea60363","STER_026.tickPlot.tck","D10","STER","STER_026","distributed","cultivatedCrops",40.474857,-103.022558,"WGS84",20.2,1358.2,0.2,"2017-08-09T18:44Z","STER.2017.33",,,"drag",160,"N",0,0,0,,"NEON.DOC.014045vH","wUoOeYeNRd+jgp17zK6rKygN5eUry8XOUwCtK+M4jBE=",
"d908c974-82f5-46bc-b870-1a53a92ce462","STER_027.tickPlot.tck","D10","STER","STER_027","distributed","cultivatedCrops",40.480002,-103.017416,"WGS84",20.2,1365.6,0.2,"2017-08-09T19:12Z","STER.2017.33",,,"drag",160,"N",0,0,0,,"NEON.DOC.014045vH","wUoOeYeNRd+jgp17zK6rKygN5eUry8XOUwCtK+M4jBE=",
