uid,namedLocation,domainID,siteID,plotID,plotType,nlcdClass,decimalLatitude,decimalLongitude,geodeticDatum,coordinateUncertainty,elevation,elevationUncertainty,collectDate,eventID,sampleID,sampleCode,samplingMethod,totalSampledArea,targetTaxaPresent,adultCount,nymphCount,larvaCount,sampleCondition,samplingProtocolVersion,measuredBy,remarks
"6ec4e7b4-905a-44fe-b936-9f337b365a70","GRSM_009.tickPlot.tck","D07","GRSM","GRSM_009","distributed","deciduousForest",35.671874,-83.491180,"WGS84",20.2,820.9,0.2,"2016-09-21T15:01Z","GRSM.2016.38",,,"drag",161,"N",0,0,0,"No known compromise","NEON.DOC.014045vG","qUVO/nUAMfdJop3kv4Cvwz9twxCm+mTQqC6nCO2BLeA=",
"f12051b2-b5c6-4f1d-90f4-7a920626428c","GRSM_005.tickPlot.tck","D07","GRSM","GRSM_005","distributed","deciduousForest",35.682740,-83.398124,"WGS84",20.2,731.0,0.4,"2016-09-21T15:30Z","GRSM.2016.38",,,"drag and flag",174,"N",0,0,0,"No known compromise","NEON.DOC.014045vG","a/aqUH+4CfiBgwLfCE3X31nn4h1Dbw12",
"4f27474c-5679-4294-ada0-d98c839e6240","GRSM_003.tickPlot.tck","D07","GRSM","GRSM_003","distributed","deciduousForest",35.676584,-83.476209,"WGS84",20.2,880.6,0.2,"2016-09-21T15:59Z","GRSM.2016.38",,,"drag",160,"N",0,0,0,"No known compromise","NEON.DOC.014045vG","qUVO/nUAMfdJop3kv4Cvwz9twxCm+mTQqC6nCO2BLeA=",
"338dc0d8-c137-4aa6-a416-f75de97f66d0","GRSM_004.tickPlot.tck","D07","GRSM","GRSM_004","distributed","deciduousForest",35.688959,-83.535562,"WGS84",20.3,441.9,0.5,"2016-09-21T17:04Z","GRSM.2016.38",,,"drag and flag",170,"N",0,0,0,"No known compromise","NEON.DOC.014045vG","B89Z/IeBZxVUVqkZavcPJo3avqhPk8Rn",
"95a9c4d4-f77f-4da8-9571-5c35b948b8f5","GRSM_010.tickPlot.tck","D07","GRSM","GRSM_010","distributed","deciduousForest",35.669242,-83.524579,"WGS84",20.2,510.4,0.3,"2016-09-21T17:17Z","GRSM.2016.38",,,"drag",160,"N",0,0,0,"No known compromise","NEON.DOC.014045vG","qUVO/nUAMfdJop3kv4Cvwz9twxCm+mTQqC6nCO2BLeA=",
"f13baa79-21dc-4416-99a9-fcb1fdb4b506","GRSM_006.tickPlot.tck","D07","GRSM","GRSM_006","distributed","deciduousForest",35.679072,-83.643678,"WGS84",20.2,533.6,0.2,"2016-09-21T17:56Z","GRSM.2016.38",,,"drag and flag",166,"N",0,0,0,"No known compromise","NEON.DOC.014045vG","a/aqUH+4CfiBgwLfCE3X31nn4h1Dbw12",
