uid,namedLocation,domainID,siteID,plotID,plotType,nlcdClass,decimalLatitude,decimalLongitude,geodeticDatum,coordinateUncertainty,elevation,elevationUncertainty,collectDate,eventID,sampleID,sampleCode,samplingMethod,totalSampledArea,targetTaxaPresent,adultCount,nymphCount,larvaCount,sampleCondition,samplingProtocolVersion,measuredBy,remarks
"e10cbd4f-b9e0-4f9a-b729-afedcb417c66","WOOD_001.tickPlot.tck","D09","WOOD","WOOD_001","distributed","grasslandHerbaceous",47.127200,-99.256464,"WGS84",20.1,593.8,0.2,"2016-06-02T16:48Z","WOOD.2016.22","WOOD_001.20160602",,"drag",160,"Y",2,0,0,"No known compromise","NEON.DOC.014045vG","4oCBvlQIQ4DhSH30J22+0bs0GAacIQwk",
"ac2bb776-8891-4aef-866b-56ec9a02205a","WOOD_007.tickPlot.tck","D09","WOOD","WOOD_007","distributed","grasslandHerbaceous",47.133887,-99.251357,"WGS84",20.4,593.6,0.3,"2016-06-02T17:49Z","WOOD.2016.22","WOOD_007.20160602",,"drag and flag",160,"Y",2,0,0,"No known compromise","NEON.DOC.014045vG","4oCBvlQIQ4DhSH30J22+0bs0GAacIQwk",
"7c5eb728-92f6-440e-a8ac-3be6c31c5a2d","WOOD_006.tickPlot.tck","D09","WOOD","WOOD_006","distributed","grasslandHerbaceous",47.141023,-99.248055,"WGS84",20.1,587.2,0.1,"2016-06-02T18:49Z","WOOD.2016.22","WOOD_006.20160602",,"drag and flag",175,"Y",2,0,0,"No known compromise","NEON.DOC.014045vG","NsNpMvxoGp5pubit+XEqYQ6rN4TJd9z6",
"01dcafdd-5182-4d68-aa2f-d61e65fb7572","WOOD_002.tickPlot.tck","D09","WOOD","WOOD_002","distributed","grasslandHerbaceous",47.136802,-99.234546,"WGS84",20.1,578.3,0.1,"2016-06-02T19:34Z","WOOD.2016.22","WOOD_002.20160602",,"drag",160,"Y",7,0,0,"No known compromise","NEON.DOC.014045vG","4oCBvlQIQ4DhSH30J22+0bs0GAacIQwk",
"b64bd770-8146-4bb1-9052-cc8d6cdfc312","WOOD_009.tickPlot.tck","D09","WOOD","WOOD_009","distributed","grasslandHerbaceous",47.144534,-99.231072,"WGS84",20.1,573.5,0.2,"2016-06-02T20:13Z","WOOD.2016.22",,,"drag",170,"N",0,0,0,"No known compromise","NEON.DOC.014045vG","4oCBvlQIQ4DhSH30J22+0bs0GAacIQwk",
"6abb2158-f5a7-4926-9870-69781eef689d","WOOD_024.tickPlot.tck","D09","WOOD","WOOD_024","distributed","emergentHerbaceousWetlands",47.150784,-99.260836,"WGS84",20.1,586.1,0.2,"2016-06-02T21:08Z","WOOD.2016.22","WOOD_024.20160602",,"drag and flag",165,"Y",2,0,0,"No known compromise","NEON.DOC.014045vG","NsNpMvxoGp5pubit+XEqYQ6rN4TJd9z6",
"f5188a94-5f38-48f1-b851-2866a81c5f3b","WOOD_007.tickPlot.tck","D09","WOOD","WOOD_007","distributed","grasslandHerbaceous",47.133887,-99.251357,"WGS84",20.4,593.6,0.3,"2016-06-15T15:04Z","WOOD.2016.24","WOOD_007.20160615",,"drag and flag",160,"Y",1,0,0,"No known compromise","NEON.DOC.014045vG","ggkgk2091apasPcuWUIBkujvfQCU/bV8YcyIJXFMgCs=","Lost weight on west transect"
"c5e92f4f-465d-49c3-b7cd-df229b7c01d8","WOOD_001.tickPlot.tck","D09","WOOD","WOOD_001","distributed","grasslandHerbaceous",47.127200,-99.256464,"WGS84",20.1,593.8,0.2,"2016-06-15T16:12Z","WOOD.2016.24","WOOD_001.20160615",,"drag",160,"Y",2,0,0,"No known compromise","NEON.DOC.014045vG","62fl6f7RhOrHuWsa16zJtHZ8eiAg71yu",
"253d8cad-f448-4323-b2cb-a23e7defbd66","WOOD_006.tickPlot.tck","D09","WOOD","WOOD_006","distributed","grasslandHerbaceous",47.141023,-99.248055,"WGS84",20.1,587.2,0.1,"2016-06-15T17:02Z","WOOD.2016.24","WOOD_006.20160615",,"drag and flag",150,"Y",2,0,0,"No known compromise","NEON.DOC.014045vG","62fl6f7RhOrHuWsa16zJtHZ8eiAg71yu","Could not find NE or NW corner markers. Estimated transect distance"
"1e8547ed-68ac-4d08-9c5e-30aa5a8819b0","WOOD_002.tickPlot.tck","D09","WOOD","WOOD_002","distributed","grasslandHerbaceous",47.136802,-99.234546,"WGS84",20.1,578.3,0.1,"2016-06-15T18:00Z","WOOD.2016.24","WOOD_002.20160615",,"drag",160,"Y",5,0,0,"No known compromise","NEON.DOC.014045vG","ggkgk2091apasPcuWUIBkujvfQCU/bV8YcyIJXFMgCs=",
"b2ee5159-4e61-41de-88b2-bd8a1e6f7136","WOOD_009.tickPlot.tck","D09","WOOD","WOOD_009","distributed","grasslandHerbaceous",47.144534,-99.231072,"WGS84",20.1,573.5,0.2,"2016-06-15T18:45Z","WOOD.2016.24","WOOD_009.20160615",,"drag",163,"Y",2,0,0,"No known compromise","NEON.DOC.014045vG","62fl6f7RhOrHuWsa16zJtHZ8eiAg71yu","Forgot to mark start time. Time is approximate."
"5ad93ae0-5086-4085-bfbe-e787a7b3c859","WOOD_024.tickPlot.tck","D09","WOOD","WOOD_024","distributed","emergentHerbaceousWetlands",47.150784,-99.260836,"WGS84",20.1,586.1,0.2,"2016-06-15T19:55Z","WOOD.2016.24",,,"flag",160,"N",0,0,0,"No known compromise","NEON.DOC.014045vG","62fl6f7RhOrHuWsa16zJtHZ8eiAg71yu",
