uid,namedLocation,plotID,collectDate,identifiedDate,sampleID,subsampleID,scientificName,acceptedTaxonID,taxonRank,family,subfamily,tribe,subtribe,genus,subgenus,specificEpithet,infraspecificEpithet,identificationQualifier,identificationReferences,identificationProtocolVersion,scientificNameAuthorship,sexOrAge,individualCount,sampleCondition,archiveMedium,archiveFacilityID,deprecatedVialID,identifiedBy,laboratoryName,remarks
"a1578b4c-520c-4339-a3ed-385b43bbb755","WOOD_001.tickPlot.tck","WOOD_001","2016-06-02T16:48Z","2017-02-02T17:00Z","WOOD_001.20160602","WOOD_001.20160602.DERVAR.F","Dermacentor variabilis","DERVAR","species","Ixodidae",,,,"Dermacentor",,"variabilis",,,"Yunker, C. E., Keirans, J. E., Clifford, C. M., and E. R. Easton. 1986. Dermacentor ticks (Acari: Ixodoidea: Ixodidae) of the New World: a scanning electron microscope atlas. Proceedings of the Entomological Society of Washington, 88(4):609-627.","GSU_tickIdentification_SOP_2016-11-01.pdf","Say","Female",1,"OK","RNA stabilization buffer","USNMENT00865932","WOOD_001.20160602.01.Dermacentor variabilis.female","L. Beati","Georgia Southern University",
"3f4e5cb4-519f-45db-ae77-526df87579fa","WOOD_001.tickPlot.tck","WOOD_001","2016-06-02T16:48Z","2017-02-02T17:00Z","WOOD_001.20160602","WOOD_001.20160602.DERVAR.M","Dermacentor variabilis","DERVAR","species","Ixodidae",,,,"Dermacentor",,"variabilis",,,"Yunker, C. E., Keirans, J. E., Clifford, C. M., and E. R. Easton. 1986. Dermacentor ticks (Acari: Ixodoidea: Ixodidae) of the New World: a scanning electron microscope atlas. Proceedings of the Entomological Society of Washington, 88(4):609-627.","GSU_tickIdentification_SOP_2016-11-01.pdf","Say","Male",1,"OK","RNA stabilization buffer","USNMENT00864579","WOOD_001.20160602.01.Dermacentor variabilis.male","L. Beati","Georgia Southern University",
"e6282b24-689c-4799-86e9-8afe45f6afe2","WOOD_007.tickPlot.tck","WOOD_007","2016-06-02T17:49Z","2017-02-02T17:00Z","WOOD_007.20160602","WOOD_007.20160602.DERVAR.M","Dermacentor variabilis","DERVAR","species","Ixodidae",,,,"Dermacentor",,"variabilis",,,"Yunker, C. E., Keirans, J. E., Clifford, C. M., and E. R. Easton. 1986. Dermacentor ticks (Acari: Ixodoidea: Ixodidae) of the New World: a scanning electron microscope atlas. Proceedings of the Entomological Society of Washington, 88(4):609-627.","GSU_tickIdentification_SOP_2016-11-01.pdf","Say","Male",2,"OK","RNA stabilization buffer","USNMENT00865933","WOOD_007.20160602.01.Dermacentor variabilis.male","L. Beati","Georgia Southern University",
"9b3ce9f0-0434-4392-b73e-ff35a518b53d","WOOD_006.tickPlot.tck","WOOD_006","2016-06-02T18:49Z","2017-02-06T17:00Z","WOOD_006.20160602","WOOD_006.20160602.DERVAR.M","Dermacentor variabilis","DERVAR","species","Ixodidae",,,,"Dermacentor",,"variabilis",,,"Yunker, C. E., Keirans, J. E., Clifford, C. M., and E. R. Easton. 1986. Dermacentor ticks (Acari: Ixodoidea: Ixodidae) of the New World: a scanning electron microscope atlas. Proceedings of the Entomological Society of Washington, 88(4):609-627.","GSU_tickIdentification_SOP_2016-11-01.pdf","Say","Male",1,"OK","RNA stabilization buffer","USNMENT00864575","WOOD_006.20160602.01.Dermacentor variabilis.male","L. Beati","Georgia Southern University",
"83b648c0-0753-4f56-b08c-6f0ba6860ae0","WOOD_006.tickPlot.tck","WOOD_006","2016-06-02T18:49Z","2017-02-02T17:00Z","WOOD_006.20160602","WOOD_006.20160602.DERVAR.F","Dermacentor variabilis","DERVAR","species","Ixodidae",,,,"Dermacentor",,"variabilis",,,"Yunker, C. E., Keirans, J. E., Clifford, C. M., and E. R. Easton. 1986. Dermacentor ticks (Acari: Ixodoidea: Ixodidae) of the New World: a scanning electron microscope atlas. Proceedings of the Entomological Society of Washington, 88(4):609-627.","GSU_tickIdentification_SOP_2016-11-01.pdf","Say","Female",1,"OK","RNA stabilization buffer","USNMENT00865931","WOOD_006.20160602.01.Dermacentor variabilis.female","L. Beati","Georgia Southern University",
"e562f5c5-ea9b-4534-9e4b-b8ce03698555","WOOD_002.tickPlot.tck","WOOD_002","2016-06-02T19:34Z","2017-02-06T17:00Z","WOOD_002.20160602","WOOD_002.20160602.DERVAR.F","Dermacentor variabilis","DERVAR","species","Ixodidae",,,,"Dermacentor",,"variabilis",,,"Yunker, C. E., Keirans, J. E., Clifford, C. M., and E. R. Easton. 1986. Dermacentor ticks (Acari: Ixodoidea: Ixodidae) of the New World: a scanning electron microscope atlas. Proceedings of the Entomological Society of Washington, 88(4):609-627.","GSU_tickIdentification_SOP_2016-11-01.pdf","Say","Female",4,"OK","RNA stabilization buffer","USNMENT00865930","WOOD_002.20160602.01.Dermacentor variabilis.female","L. Beati","Georgia Southern University",
"36a14f6c-7cc8-4b8d-b1db-5eb6b2c786a0","WOOD_002.tickPlot.tck","WOOD_002","2016-06-02T19:34Z","2017-02-06T17:00Z","WOOD_002.20160602","WOOD_002.20160602.DERVAR.M","Dermacentor variabilis","DERVAR","species","Ixodidae",,,,"Dermacentor",,"variabilis",,,"Yunker, C. E., Keirans, J. E., Clifford, C. M., and E. R. Easton. 1986. Dermacentor ticks (Acari: Ixodoidea: Ixodidae) of the New World: a scanning electron microscope atlas. Proceedings of the Entomological Society of Washington, 88(4):609-627.","GSU_tickIdentification_SOP_2016-11-01.pdf","Say","Male",3,"OK","RNA stabilization buffer","USNMENT00864576","WOOD_002.20160602.01.Dermacentor variabilis.male","L. Beati","Georgia Southern University",
"9a8ec402-1df7-49ca-871a-ba93396ac992","WOOD_024.tickPlot.tck","WOOD_024","2016-06-02T21:08Z","2017-02-06T17:00Z","WOOD_024.20160602","WOOD_024.20160602.DERVAR.F","Dermacentor variabilis","DERVAR","species","Ixodidae",,,,"Dermacentor",,"variabilis",,,"Yunker, C. E., Keirans, J. E., Clifford, C. M., and E. R. Easton. 1986. Dermacentor ticks (Acari: Ixodoidea: Ixodidae) of the New World: a scanning electron microscope atlas. Proceedings of the Entomological Society of Washington, 88(4):609-627.","GSU_tickIdentification_SOP_2016-11-01.pdf","Say","Female",1,"OK","RNA stabilization buffer","USNMENT00865900","WOOD_024.20160602.01.Dermacentor variabilis.female","L. Beati","Georgia Southern University",
"f4652c0e-d15a-4238-9d70-59ad0e0b504a","WOOD_024.tickPlot.tck","WOOD_024","2016-06-02T21:08Z","2017-02-06T17:00Z","WOOD_024.20160602","WOOD_024.20160602.DERVAR.M","Dermacentor variabilis","DERVAR","species","Ixodidae",,,,"Dermacentor",,"variabilis",,,"Yunker, C. E., Keirans, J. E., Clifford, C. M., and E. R. Easton. 1986. Dermacentor ticks (Acari: Ixodoidea: Ixodidae) of the New World: a scanning electron microscope atlas. Proceedings of the Entomological Society of Washington, 88(4):609-627.","GSU_tickIdentification_SOP_2016-11-01.pdf","Say","Male",1,"OK","RNA stabilization buffer","USNMENT00864577","WOOD_024.20160602.01.Dermacentor variabilis.male","L. Beati","Georgia Southern University",
"5cff784a-efc5-4ec2-8a41-4f703dad0961","WOOD_007.tickPlot.tck","WOOD_007","2016-06-15T15:04Z","2017-02-06T17:00Z","WOOD_007.20160615","WOOD_007.20160615.DERVAR.F","Dermacentor variabilis","DERVAR","species","Ixodidae",,,,"Dermacentor",,"variabilis",,,"Yunker, C. E., Keirans, J. E., Clifford, C. M., and E. R. Easton. 1986. Dermacentor ticks (Acari: Ixodoidea: Ixodidae) of the New World: a scanning electron microscope atlas. Proceedings of the Entomological Society of Washington, 88(4):609-627.","GSU_tickIdentification_SOP_2016-11-01.pdf","Say","Female",1,"OK","RNA stabilization buffer","USNMENT00865934","WOOD_007.20160615.01.Dermacentor variabilis.female","L. Beati","Georgia Southern University",
"a6a20490-0e9d-41e6-b44c-d3895786c90c","WOOD_001.tickPlot.tck","WOOD_001","2016-06-15T16:12Z","2017-02-06T17:00Z","WOOD_001.20160615","WOOD_001.20160615.DERVAR.F","Dermacentor variabilis","DERVAR","species","Ixodidae",,,,"Dermacentor",,"variabilis",,,"Yunker, C. E., Keirans, J. E., Clifford, C. M., and E. R. Easton. 1986. Dermacentor ticks (Acari: Ixodoidea: Ixodidae) of the New World: a scanning electron microscope atlas. Proceedings of the Entomological Society of Washington, 88(4):609-627.","GSU_tickIdentification_SOP_2016-11-01.pdf","Say","Female",2,"OK","RNA stabilization buffer","USNMENT00865920","WOOD_001.20160615.01.Dermacentor variabilis.female","L. Beati","Georgia Southern University",
"2b73f07e-e401-406f-81da-5af32169f5ba","WOOD_006.tickPlot.tck","WOOD_006","2016-06-15T17:02Z","2017-02-06T17:00Z","WOOD_006.20160615","WOOD_006.20160615.DERVAR.M","Dermacentor variabilis","DERVAR","species","Ixodidae",,,,"Dermacentor",,"variabilis",,,"Yunker, C. E., Keirans, J. E., Clifford, C. M., and E. R. Easton. 1986. Dermacentor ticks (Acari: Ixodoidea: Ixodidae) of the New World: a scanning electron microscope atlas. Proceedings of the Entomological Society of Washington, 88(4):609-627.","GSU_tickIdentification_SOP_2016-11-01.pdf","Say","Male",1,"OK","RNA stabilization buffer","USNMENT00864580","WOOD_006.20160615.01.Dermacentor variabilis.male","L. Beati","Georgia Southern University",
"7499bd38-a533-48c5-8376-b2beca712c38","WOOD_006.tickPlot.tck","WOOD_006","2016-06-15T17:02Z","2017-02-06T17:00Z","WOOD_006.20160615","WOOD_006.20160615.DERVAR.F","Dermacentor variabilis","DERVAR","species","Ixodidae",,,,"Dermacentor",,"variabilis",,,"Yunker, C. E., Keirans, J. E., Clifford, C. M., and E. R. Easton. 1986. Dermacentor ticks (Acari: Ixodoidea: Ixodidae) of the New World: a scanning electron microscope atlas. Proceedings of the Entomological Society of Washington, 88(4):609-627.","GSU_tickIdentification_SOP_2016-11-01.pdf","Say","Female",1,"OK","RNA stabilization buffer","USNMENT00865922","WOOD_006.20160615.01.Dermacentor variabilis.female","L. Beati","Georgia Southern University",
"95634de8-a094-44cd-bf8e-c21b9c764e3d","WOOD_002.tickPlot.tck","WOOD_002","2016-06-15T18:00Z","2017-02-06T17:00Z","WOOD_002.20160615","WOOD_002.20160615.DERVAR.M","Dermacentor variabilis","DERVAR","species","Ixodidae",,,,"Dermacentor",,"variabilis",,,"Yunker, C. E., Keirans, J. E., Clifford, C. M., and E. R. Easton. 1986. Dermacentor ticks (Acari: Ixodoidea: Ixodidae) of the New World: a scanning electron microscope atlas. Proceedings of the Entomological Society of Washington, 88(4):609-627.","GSU_tickIdentification_SOP_2016-11-01.pdf","Say","Male",3,"OK","RNA stabilization buffer","USNMENT00864581","WOOD_002.20160615.01.Dermacentor variabilis.male","L. Beati","Georgia Southern University",
"6cc7929e-ced8-40d1-b296-e21eb3ce1ced","WOOD_002.tickPlot.tck","WOOD_002","2016-06-15T18:00Z","2017-02-06T17:00Z","WOOD_002.20160615","WOOD_002.20160615.DERVAR.F","Dermacentor variabilis","DERVAR","species","Ixodidae",,,,"Dermacentor",,"variabilis",,,"Yunker, C. E., Keirans, J. E., Clifford, C. M., and E. R. Easton. 1986. Dermacentor ticks (Acari: Ixodoidea: Ixodidae) of the New World: a scanning electron microscope atlas. Proceedings of the Entomological Society of Washington, 88(4):609-627.","GSU_tickIdentification_SOP_2016-11-01.pdf","Say","Female",3,"OK","RNA stabilization buffer","USNMENT00865925","WOOD_002.20160615.01.Dermacentor variabilis.female","L. Beati","Georgia Southern University",
"7dfa30ac-ee4a-4be8-aba1-7d888af6b67c","WOOD_009.tickPlot.tck","WOOD_009","2016-06-15T18:45Z","2017-02-06T17:00Z","WOOD_009.20160615","WOOD_009.20160615.DERVAR.M","Dermacentor variabilis","DERVAR","species","Ixodidae",,,,"Dermacentor",,"variabilis",,,"Yunker, C. E., Keirans, J. E., Clifford, C. M., and E. R. Easton. 1986. Dermacentor ticks (Acari: Ixodoidea: Ixodidae) of the New World: a scanning electron microscope atlas. Proceedings of the Entomological Society of Washington, 88(4):609-627.","GSU_tickIdentification_SOP_2016-11-01.pdf","Say","Male",2,"OK","RNA stabilization buffer","USNMENT00865921","WOOD_009.20160615.01.Dermacentor variabilis.male","L. Beati","Georgia Southern University",
