uid,namedLocation,date,domainID,siteID,plotID,plotType,nlcdClass,decimalLatitude,decimalLongitude,geodeticDatum,coordinateUncertainty,easting,northing,utmZone,elevation,elevationUncertainty,eventID,samplingProtocolVersion,treesPresent,treesAbsentList,shrubsPresent,shrubsAbsentList,lianasPresent,lianasAbsentList,nestedSubplotAreaShrubSapling,nestedSubplotAreaLiana,totalSampledAreaTrees,totalSampledAreaShrubSapling,totalSampledAreaLiana,remarks,measuredBy,recordedBy,dataQF
"33e25d3c-a6e6-4f18-9f21-d8860c1a06d7","OSBS_007.basePlot.vst","2015-03-04","D03","OSBS","OSBS_007","distributed","evergreenForest",29.690276,-81.962572,"WGS84",20.1,406872.98,3284853.72,"17N",34.3,0.1,"vst_OSBS_2015","NEON.DOC.000987vD",,,,,,,"noneSelected","noneSelected",400,400,400,,"Og6WBnpVjODUH13MWbFaL/CkHIfmSZ72","cMb2B+jx12AMjNtsEA8t48GND5R87ks/","legacyData"
"4026e94d-e463-4c4e-97bf-28dc50eab2bc","OSBS_007.basePlot.vst","2015-03-04","D03","OSBS","OSBS_007","distributed","evergreenForest",29.690276,-81.962572,"WGS84",20.1,406872.98,3284853.72,"17N",34.3,0.1,"vst_OSBS_2015","NEON.DOC.000987vD",,,,,,,"noneSelected","noneSelected",400,400,400,,"SZd6jJU+PWukgvziuyetpzviWNuM2FzT","cMb2B+jx12AMjNtsEA8t48GND5R87ks/","legacyData"
"5155d04b-1915-4a26-a394-c87898c87179","OSBS_013.basePlot.vst","2015-03-09","D03","OSBS","OSBS_013","distributed","evergreenForest",29.682159,-81.961565,"WGS84",20.1,406962.93,3283953.46,"17N",42.3,0.2,"vst_OSBS_2015","NEON.DOC.000987vD",,,,,,,"noneSelected","noneSelected",400,400,400,,"PO+gLcqpgG6WKM8lPge6HQp6NUBLdhs8","cMb2B+jx12AMjNtsEA8t48GND5R87ks/","legacyData"
"b884221a-7874-46ce-a971-9052ffece0c9","OSBS_014.basePlot.vst","2015-03-09","D03","OSBS","OSBS_014","distributed","evergreenForest",29.692721,-81.958260,"WGS84",,407292.43,3285121.14,"17N",32.0,,"vst_OSBS_2015","NEON.DOC.000987vD",,,,,,,"noneSelected","noneSelected",400,400,400,,"qwd4SsQjkwojVAYuvLRi2I6c493EEc9K","cMb2B+jx12AMjNtsEA8t48GND5R87ks/","legacyData"
