uid,namedLocation,date,eventID,domainID,siteID,plotID,subplotID,individualID,tagStatus,growthForm,plantStatus,stemDiameter,measurementHeight,height,baseCrownHeight,breakHeight,breakDiameter,maxCrownDiameter,ninetyCrownDiameter,canopyPosition,shape,basalStemDiameter,basalStemDiameterMsrmntHeight,maxBaseCrownDiameter,ninetyBaseCrownDiameter,remarks,recordedBy,measuredBy,dataQF
"04ad9dd0-fa6f-445a-8480-1f9d75b1b071","OSBS_007.basePlot.vst","2015-03-04","vst_OSBS_2015","D03","OSBS","OSBS_007",,"NEON.PLA.D03.OSBS.01560",,"small tree","Live",9.7,130,,,,,,,,,,,,,,"Sb8D4VxxoIjNRU2egFuiFmhpZdv5UFvW","SZd6jJU+PWukgvziuyetpzviWNuM2FzT","legacyData"
"a3d40cf7-0fb7-47a2-b912-2908260a738e","OSBS_007.basePlot.vst","2015-03-04","vst_OSBS_2015","D03","OSBS","OSBS_007",,"NEON.PLA.D03.OSBS.01570",,"single bole tree","Live",19.8,130,9.2,,,,5.1,3.9,"Mostly shaded",,,,,,,"Sb8D4VxxoIjNRU2egFuiFmhpZdv5UFvW","SZd6jJU+PWukgvziuyetpzviWNuM2FzT","legacyData"
"eec0853a-327a-4425-80bc-e38267f9b786","OSBS_007.basePlot.vst","2015-03-04","vst_OSBS_2015","D03","OSBS","OSBS_007",,"NEON.PLA.D03.OSBS.01591",,"single bole tree","Live",11.8,130,5.4,,,,2.4,2.1,"Full shade",,,,,,,"Sb8D4VxxoIjNRU2egFuiFmhpZdv5UFvW","SZd6jJU+PWukgvziuyetpzviWNuM2FzT","legacyData"
"dbb4fc9b-b6b2-4612-ab88-b1c2c1d1f3bc","OSBS_051.basePlot.vst","2015-03-04","vst_OSBS_2015","D03","OSBS","OSBS_051",,"NEON.PLA.D03.OSBS.01707",,,"Live",9.1,130,0.2,,,,3.2,2.5,"Open grown",,,,,,"Pinus elliottii","PO+gLcqpgG6WKM8lPge6HQp6NUBLdhs8","qwd4SsQjkwojVAYuvLRi2I6c493EEc9K","legacyData"
"331c0859-402c-414a-b9aa-6a3516b2336b","OSBS_007.basePlot.vst","2015-03-04","vst_OSBS_2015","D03","OSBS","OSBS_007",,"NEON.PLA.D03.OSBS.01919",,"small tree","Standing dead",5.7,130,3.2,,,,,,,,,,,,,"Sb8D4VxxoIjNRU2egFuiFmhpZdv5UFvW","SZd6jJU+PWukgvziuyetpzviWNuM2FzT","legacyData"
"1bcda336-4fe0-4593-8023-f27aa2c9e348","OSBS_007.basePlot.vst","2015-03-04","vst_OSBS_2015","D03","OSBS","OSBS_007",,"NEON.PLA.D03.OSBS.01911",,"single bole tree","Live",10.0,130,2.0,,,,2.9,2.0,"Mostly shaded",,,,,,,"Sb8D4VxxoIjNRU2egFuiFmhpZdv5UFvW","SZd6jJU+PWukgvziuyetpzviWNuM2FzT","legacyData"
"905d0063-7799-48a1-8ed2-23923379380e","OSBS_007.basePlot.vst","2015-03-04","vst_OSBS_2015","D03","OSBS","OSBS_007",,"NEON.PLA.D03.OSBS.01578",,"sapling","Live",1.5,10,2.1,,,,,,,,,,,,,"Sb8D4VxxoIjNRU2egFuiFmhpZdv5UFvW","SZd6jJU+PWukgvziuyetpzviWNuM2FzT","legacyData"
"1c999581-08ba-48e4-9831-bd3c6cdc782a","OSBS_007.basePlot.vst","2015-03-04","vst_OSBS_2015","D03","OSBS","OSBS_007",,"NEON.PLA.D03.OSBS.01580",,"single bole tree","Standing dead",10.9,130,7.0,,,,,,,,,,,,"height at break. Need canopy diameter","Sb8D4VxxoIjNRU2egFuiFmhpZdv5UFvW","SZd6jJU+PWukgvziuyetpzviWNuM2FzT","legacyData"
"325d6f38-e979-48ca-97ba-2c6d23dc32f2","OSBS_007.basePlot.vst","2015-03-04","vst_OSBS_2015","D03","OSBS","OSBS_007",,"NEON.PLA.D03.OSBS.01914",,"single bole tree","Live",11.1,130,3.7,,,,2.1,1.3,"Partially shaded",,,,,,,"Sb8D4VxxoIjNRU2egFuiFmhpZdv5UFvW","SZd6jJU+PWukgvziuyetpzviWNuM2FzT","legacyData"
"33270719-f6e3-459b-95b0-0f4082a4dcad","OSBS_050.basePlot.vst","2015-03-04","vst_OSBS_2015","D03","OSBS","OSBS_050",,"NEON.PLA.D03.OSBS.00769",,,"Live",2.5,10,1.0,,,,,,"Open grown",,,,,,"Pinus elliottii","4dE3V8GRifFOQGo7IQAtCiAvYsufpA+2","Sr1dksTZPuPeT7w3tASAP+Nl4XOx5Lmq","legacyData | noMapTagData"
"1ee5086f-9fe2-49f6-b9ba-fdca1b797aa5","OSBS_007.basePlot.vst","2015-03-04","vst_OSBS_2015","D03","OSBS","OSBS_007",,"NEON.PLA.D03.OSBS.01597",,"small tree","Standing dead",7.5,130,1.8,,,,,,,,,,,,,"Sb8D4VxxoIjNRU2egFuiFmhpZdv5UFvW","SZd6jJU+PWukgvziuyetpzviWNuM2FzT","legacyData"
"15442d97-01b6-45f0-8b52-ae6544fce134","OSBS_007.basePlot.vst","2015-03-04","vst_OSBS_2015","D03","OSBS","OSBS_007",,"NEON.PLA.D03.OSBS.01565",,"single bole tree","Live",15.8,130,11.8,,,,3.6,3.3,"Partially shaded",,,,,,,"Sb8D4VxxoIjNRU2egFuiFmhpZdv5UFvW","SZd6jJU+PWukgvziuyetpzviWNuM2FzT","legacyData"
"fc6bd600-ffbb-4e11-9086-145f30fc9e1d","OSBS_007.basePlot.vst","2015-03-04","vst_OSBS_2015","D03","OSBS","OSBS_007",,"NEON.PLA.D03.OSBS.01906",,"single bole tree","Live",22.1,140,8.8,,,,3.9,3.5,"Partially shaded",,,,,,,"Sb8D4VxxoIjNRU2egFuiFmhpZdv5UFvW","SZd6jJU+PWukgvziuyetpzviWNuM2FzT","legacyData"
"e7b7d6f7-ff32-4f53-893a-5ce5fed44e75","OSBS_007.basePlot.vst","2015-03-04","vst_OSBS_2015","D03","OSBS","OSBS_007",,"NEON.PLA.D03.OSBS.01557",,"small tree","Standing dead",6.1,130,,,,,,,,,,,,,"dead, bark sloughed off height at break","Sb8D4VxxoIjNRU2egFuiFmhpZdv5UFvW","SZd6jJU+PWukgvziuyetpzviWNuM2FzT","legacyData"
"488fe4b6-a347-4e7c-b563-3cec2c2ba4ac","OSBS_007.basePlot.vst","2015-03-04","vst_OSBS_2015","D03","OSBS","OSBS_007",,"NEON.PLA.D03.OSBS.01575",,"sapling","Live",1.0,10,0.7,,,,,,,,,,,,,"Sb8D4VxxoIjNRU2egFuiFmhpZdv5UFvW","SZd6jJU+PWukgvziuyetpzviWNuM2FzT","legacyData"
"049e7fec-6143-475c-98cb-f28e03e647c3","OSBS_007.basePlot.vst","2015-03-04","vst_OSBS_2015","D03","OSBS","OSBS_007",,"NEON.PLA.D03.OSBS.01916",,"small tree","Live",8.4,130,0.1,,,,,,,,,,,,"drooping over","Sb8D4VxxoIjNRU2egFuiFmhpZdv5UFvW","SZd6jJU+PWukgvziuyetpzviWNuM2FzT","legacyData"
"826bf6b3-d354-448e-b86b-e967163dc4dc","OSBS_051.basePlot.vst","2015-03-04","vst_OSBS_2015","D03","OSBS","OSBS_051",,"NEON.PLA.D03.OSBS.01708",,,"Live, insect damaged",4.0,10,0.6,,,,,,"Mostly shaded",,,,,,"Pinus palustris","PO+gLcqpgG6WKM8lPge6HQp6NUBLdhs8","qwd4SsQjkwojVAYuvLRi2I6c493EEc9K","legacyData"
"93a3a881-98df-42d2-b194-cdc244389330","OSBS_007.basePlot.vst","2015-03-04","vst_OSBS_2015","D03","OSBS","OSBS_007",,"NEON.PLA.D03.OSBS.01918",,"single bole tree","Live",14.2,130,6.0,,,,4.2,2.1,"Mostly shaded",,,,,,,"Sb8D4VxxoIjNRU2egFuiFmhpZdv5UFvW","SZd6jJU+PWukgvziuyetpzviWNuM2FzT","legacyData"
"7058230a-d308-49e3-80cd-81df8b789402","OSBS_007.basePlot.vst","2015-03-04","vst_OSBS_2015","D03","OSBS","OSBS_007",,"NEON.PLA.D03.OSBS.01905",,"small tree","Live",8.0,130,3.6,,,,,,,,,,,,,"Sb8D4VxxoIjNRU2egFuiFmhpZdv5UFvW","SZd6jJU+PWukgvziuyetpzviWNuM2FzT","legacyData"
"c9689101-b23d-49a2-89d2-568f909792ff","OSBS_007.basePlot.vst","2015-03-04","vst_OSBS_2015","D03","OSBS","OSBS_007",,"NEON.PLA.D03.OSBS.01600",,"small tree","Standing dead",7.2,130,1.2,,,,,,,,,,,,,"Sb8D4VxxoIjNRU2egFuiFmhpZdv5UFvW","SZd6jJU+PWukgvziuyetpzviWNuM2FzT","legacyData"
"fc076252-074b-4d6c-a02a-7a481c57ff52","OSBS_007.basePlot.vst","2015-03-04","vst_OSBS_2015","D03","OSBS","OSBS_007",,"NEON.PLA.D03.OSBS.01587",,"small tree","Live",9.8,130,8.8,,,,,,,,,,,,,"Sb8D4VxxoIjNRU2egFuiFmhpZdv5UFvW","SZd6jJU+PWukgvziuyetpzviWNuM2FzT","legacyData"
"e444b8c8-2573-451b-81ae-89b390a2fd7d","OSBS_007.basePlot.vst","2015-03-04","vst_OSBS_2015","D03","OSBS","OSBS_007",,"NEON.PLA.D03.OSBS.01596",,"sapling","Live",1.4,10,1.7,,,,,,,,,,,,,"Sb8D4VxxoIjNRU2egFuiFmhpZdv5UFvW","SZd6jJU+PWukgvziuyetpzviWNuM2FzT","legacyData"
"fc2106e3-1ad8-4f07-8778-2b1d11def294","OSBS_007.basePlot.vst","2015-03-04","vst_OSBS_2015","D03","OSBS","OSBS_007",,"NEON.PLA.D03.OSBS.01556",,"single bole tree","Live",14.5,130,9.6,,,,6.2,4.1,,,,,,,,"Sb8D4VxxoIjNRU2egFuiFmhpZdv5UFvW","SZd6jJU+PWukgvziuyetpzviWNuM2FzT","legacyData"
"67e78762-bcb1-4c04-bd3f-b327d107461c","OSBS_007.basePlot.vst","2015-03-04","vst_OSBS_2015","D03","OSBS","OSBS_007",,"NEON.PLA.D03.OSBS.01583",,"small tree","Standing dead",6.5,130,0.7,,,,,,,,,,,,"xheight at break","Sb8D4VxxoIjNRU2egFuiFmhpZdv5UFvW","SZd6jJU+PWukgvziuyetpzviWNuM2FzT","legacyData"
"9f04d33f-1ae6-417f-b7aa-5e028ae5962c","OSBS_007.basePlot.vst","2015-03-04","vst_OSBS_2015","D03","OSBS","OSBS_007",,"NEON.PLA.D03.OSBS.01598",,"small tree","Standing dead",6.9,130,0.5,,,,,,,,,,,,"height at break","Sb8D4VxxoIjNRU2egFuiFmhpZdv5UFvW","SZd6jJU+PWukgvziuyetpzviWNuM2FzT","legacyData"
"df322b3c-7627-4c5f-8e70-fe629d57c9bc","OSBS_007.basePlot.vst","2015-03-04","vst_OSBS_2015","D03","OSBS","OSBS_007",,"NEON.PLA.D03.OSBS.01589",,"single bole tree","Live",12.2,130,8.3,,,,2.4,1.9,"Mostly shaded",,,,,,,"Sb8D4VxxoIjNRU2egFuiFmhpZdv5UFvW","SZd6jJU+PWukgvziuyetpzviWNuM2FzT","legacyData"
"c7c093bf-9e55-4d42-b812-3b2d3d005d67","OSBS_007.basePlot.vst","2015-03-04","vst_OSBS_2015","D03","OSBS","OSBS_007",,"NEON.PLA.D03.OSBS.01566",,"single bole tree","Live",40.5,130,12.5,,,,9.7,9.6,,,,,,,,"Sb8D4VxxoIjNRU2egFuiFmhpZdv5UFvW","SZd6jJU+PWukgvziuyetpzviWNuM2FzT","legacyData"
"96e9e52b-d635-4c7a-94c9-cdd6cd335376","OSBS_007.basePlot.vst","2015-03-04","vst_OSBS_2015","D03","OSBS","OSBS_007",,"NEON.PLA.D03.OSBS.01915",,"single bole tree","Live",16.0,130,7.0,,,,3.9,3.0,"Partially shaded",,,,,,,"Sb8D4VxxoIjNRU2egFuiFmhpZdv5UFvW","SZd6jJU+PWukgvziuyetpzviWNuM2FzT","legacyData"
"b6679c6e-77f7-4687-bec6-869fffbdea73","OSBS_007.basePlot.vst","2015-03-04","vst_OSBS_2015","D03","OSBS","OSBS_007",,"NEON.PLA.D03.OSBS.02243",,"sapling","Live",1.3,10,1.2,,,,,,,,,,,,"Quercus laurifolia","Sb8D4VxxoIjNRU2egFuiFmhpZdv5UFvW","SZd6jJU+PWukgvziuyetpzviWNuM2FzT","legacyData"
"8822d42f-c6d0-4dd5-815b-a46d92929190","OSBS_007.basePlot.vst","2015-03-04","vst_OSBS_2015","D03","OSBS","OSBS_007",,"NEON.PLA.D03.OSBS.01567",,"small tree","Standing dead",4.0,130,,,,,,,,,,,,,,"Sb8D4VxxoIjNRU2egFuiFmhpZdv5UFvW","SZd6jJU+PWukgvziuyetpzviWNuM2FzT","legacyData"
"5394652a-0d0f-4036-bf5e-d09916bb9a6c","OSBS_007.basePlot.vst","2015-03-04","vst_OSBS_2015","D03","OSBS","OSBS_007",,"NEON.PLA.D03.OSBS.01588",,"small tree","Standing dead",7.0,130,1.7,,,,,,,,,,,,,"Sb8D4VxxoIjNRU2egFuiFmhpZdv5UFvW","SZd6jJU+PWukgvziuyetpzviWNuM2FzT","legacyData"
"e0e01909-68d7-481b-babc-fa06d425fec8","OSBS_051.basePlot.vst","2015-03-04","vst_OSBS_2015","D03","OSBS","OSBS_051",,"NEON.PLA.D03.OSBS.01706",,,"Live",25.4,130,8.4,,,,8.2,6.5,"Partially shaded",,,,,,"Pinus taeda","PO+gLcqpgG6WKM8lPge6HQp6NUBLdhs8","qwd4SsQjkwojVAYuvLRi2I6c493EEc9K","legacyData"
"3eea9530-5d60-41c9-a57f-928c7a972173","OSBS_007.basePlot.vst","2015-03-04","vst_OSBS_2015","D03","OSBS","OSBS_007",,"NEON.PLA.D03.OSBS.01579",,"small tree","Live",7.8,130,8.9,,,,,,,,,,,,,"Sb8D4VxxoIjNRU2egFuiFmhpZdv5UFvW","SZd6jJU+PWukgvziuyetpzviWNuM2FzT","legacyData"
"5280ffbb-de25-4d83-8be7-1b57a1a07d3d","OSBS_007.basePlot.vst","2015-03-04","vst_OSBS_2015","D03","OSBS","OSBS_007",,"NEON.PLA.D03.OSBS.01595",,"small shrub","Live",1.2,10,0.6,,,,,,,,,,,,,"Sb8D4VxxoIjNRU2egFuiFmhpZdv5UFvW","SZd6jJU+PWukgvziuyetpzviWNuM2FzT","legacyData"
"4a57fdcf-4949-40e5-a8f2-9688438986b3","OSBS_007.basePlot.vst","2015-03-04","vst_OSBS_2015","D03","OSBS","OSBS_007",,"NEON.PLA.D03.OSBS.01909",,"single bole tree","Live",18.4,130,9.2,,,,3.5,2.2,"Partially shaded",,,,,,,"Sb8D4VxxoIjNRU2egFuiFmhpZdv5UFvW","SZd6jJU+PWukgvziuyetpzviWNuM2FzT","legacyData"
"d7d78dcb-fe8a-468f-8853-086f6c99cc9b","OSBS_007.basePlot.vst","2015-03-04","vst_OSBS_2015","D03","OSBS","OSBS_007",,"NEON.PLA.D03.OSBS.01925",,"single bole tree","Live",18.2,130,7.6,,,,4.3,2.6,"Partially shaded",,,,,,,"Sb8D4VxxoIjNRU2egFuiFmhpZdv5UFvW","SZd6jJU+PWukgvziuyetpzviWNuM2FzT","legacyData"
"b1ded6ad-b897-46ea-9154-e22a1084d991","OSBS_007.basePlot.vst","2015-03-04","vst_OSBS_2015","D03","OSBS","OSBS_007",,"NEON.PLA.D03.OSBS.01571",,"single bole tree","Live",18.0,130,8.6,,,,3.1,2.3,"Mostly shaded",,,,,,,"Sb8D4VxxoIjNRU2egFuiFmhpZdv5UFvW","SZd6jJU+PWukgvziuyetpzviWNuM2FzT","legacyData"
"e821d5b2-c7d4-4952-95b4-344ef67573c3","OSBS_007.basePlot.vst","2015-03-04","vst_OSBS_2015","D03","OSBS","OSBS_007",,"NEON.PLA.D03.OSBS.01574",,"single bole tree","Live",20.4,130,0.7,,,,5.2,3.8,"Partially shaded",,,,,,,"Sb8D4VxxoIjNRU2egFuiFmhpZdv5UFvW","SZd6jJU+PWukgvziuyetpzviWNuM2FzT","legacyData"
"97832916-4e8e-414a-93f5-fe3d3812e8dd","OSBS_007.basePlot.vst","2015-03-04","vst_OSBS_2015","D03","OSBS","OSBS_007",,"NEON.PLA.D03.OSBS.01921",,"single bole tree","Live",16.1,130,5.1,,,,5.4,3.1,"Partially shaded",,,,,,,"Sb8D4VxxoIjNRU2egFuiFmhpZdv5UFvW","SZd6jJU+PWukgvziuyetpzviWNuM2FzT","legacyData"
"f1ea59e1-410c-4667-8376-06ac65815427","OSBS_007.basePlot.vst","2015-03-04","vst_OSBS_2015","D03","OSBS","OSBS_007",,"NEON.PLA.D03.OSBS.01903",,"small tree","Live",1.1,130,1.9,,,,,,,,,,,,,"Sb8D4VxxoIjNRU2egFuiFmhpZdv5UFvW","SZd6jJU+PWukgvziuyetpzviWNuM2FzT","legacyData"
"13e416fe-3bf5-4c8d-843d-690e9984cf51","OSBS_007.basePlot.vst","2015-03-04","vst_OSBS_2015","D03","OSBS","OSBS_007",,"NEON.PLA.D03.OSBS.01573",,"small tree","Standing dead",3.9,130,1.6,,,,,,,,,,,,"xheight at break","Sb8D4VxxoIjNRU2egFuiFmhpZdv5UFvW","SZd6jJU+PWukgvziuyetpzviWNuM2FzT","legacyData"
"16697c43-694a-43f1-8b3f-1a791dd12f71","OSBS_007.basePlot.vst","2015-03-04","vst_OSBS_2015","D03","OSBS","OSBS_007",,"NEON.PLA.D03.OSBS.01568",,"single bole tree","Live",21.4,130,8.5,,,,4.0,1.9,"Partially shaded",,,,,,,"Sb8D4VxxoIjNRU2egFuiFmhpZdv5UFvW","SZd6jJU+PWukgvziuyetpzviWNuM2FzT","legacyData"
"41e5f5d6-a01f-4189-9cef-c3bd9aaab089","OSBS_007.basePlot.vst","2015-03-04","vst_OSBS_2015","D03","OSBS","OSBS_007",,"NEON.PLA.D03.OSBS.01910",,"single bole tree","Live",23.4,130,8.8,,,,6.3,4.5,"Partially shaded",,,,,,,"Sb8D4VxxoIjNRU2egFuiFmhpZdv5UFvW","SZd6jJU+PWukgvziuyetpzviWNuM2FzT","legacyData"
"e91a2fe8-b0f4-4ee1-9786-3dc277a093cd","OSBS_007.basePlot.vst","2015-03-04","vst_OSBS_2015","D03","OSBS","OSBS_007",,"NEON.PLA.D03.OSBS.01908",,"single bole tree","Live",11.7,130,3.2,,,,3.1,1.4,"Mostly shaded",,,,,,,"Sb8D4VxxoIjNRU2egFuiFmhpZdv5UFvW","SZd6jJU+PWukgvziuyetpzviWNuM2FzT","legacyData"
"0c154b66-bef1-4d43-838f-fa46dba83a49","OSBS_007.basePlot.vst","2015-03-04","vst_OSBS_2015","D03","OSBS","OSBS_007",,"NEON.PLA.D03.OSBS.01561",,"single bole tree","Standing dead",10.7,130,0.8,,,,2.4,1.5,,,,,,,,"Sb8D4VxxoIjNRU2egFuiFmhpZdv5UFvW","SZd6jJU+PWukgvziuyetpzviWNuM2FzT","legacyData"
"a3a072ad-b433-4f0a-8018-ff74355b940f","OSBS_007.basePlot.vst","2015-03-04","vst_OSBS_2015","D03","OSBS","OSBS_007",,"NEON.PLA.D03.OSBS.01912",,"single bole tree","Standing dead",13.3,130,5.0,,,,,,,,,,,,,"Sb8D4VxxoIjNRU2egFuiFmhpZdv5UFvW","SZd6jJU+PWukgvziuyetpzviWNuM2FzT","legacyData"
"cd1f6782-b014-4211-ae19-947feeb1951a","OSBS_007.basePlot.vst","2015-03-04","vst_OSBS_2015","D03","OSBS","OSBS_007",,"NEON.PLA.D03.OSBS.01913",,"single bole tree","Live",12.9,130,6.8,,,,2.6,1.1,"Partially shaded",,,,,,,"Sb8D4VxxoIjNRU2egFuiFmhpZdv5UFvW","SZd6jJU+PWukgvziuyetpzviWNuM2FzT","legacyData"
"061f05f3-b5db-498d-9ff4-4cc437043700","OSBS_007.basePlot.vst","2015-03-04","vst_OSBS_2015","D03","OSBS","OSBS_007",,"NEON.PLA.D03.OSBS.01917",,"single bole tree","Live",13.6,130,6.8,,,,3.1,1.6,"Partially shaded",,,,,,,"Sb8D4VxxoIjNRU2egFuiFmhpZdv5UFvW","SZd6jJU+PWukgvziuyetpzviWNuM2FzT","legacyData"
"8db66b20-1739-4593-b7d2-7079eef9d92d","OSBS_007.basePlot.vst","2015-03-04","vst_OSBS_2015","D03","OSBS","OSBS_007",,"NEON.PLA.D03.OSBS.01902",,"small tree","Standing dead",5.6,130,1.5,,,,,,,,,,,,"height at break","Sb8D4VxxoIjNRU2egFuiFmhpZdv5UFvW","SZd6jJU+PWukgvziuyetpzviWNuM2FzT","legacyData"
"502f33ab-4791-4e3b-97d4-2e5a77b47526","OSBS_007.basePlot.vst","2015-03-04","vst_OSBS_2015","D03","OSBS","OSBS_007",,"NEON.PLA.D03.OSBS.01576",,"sapling","Live",1.3,10,0.7,,,,,,,,,,,,,"Sb8D4VxxoIjNRU2egFuiFmhpZdv5UFvW","SZd6jJU+PWukgvziuyetpzviWNuM2FzT","legacyData"
"727d5c25-efc6-4546-8b30-786caa84531d","OSBS_007.basePlot.vst","2015-03-04","vst_OSBS_2015","D03","OSBS","OSBS_007",,"NEON.PLA.D03.OSBS.01572",,"small tree","Standing dead",6.2,130,0.1,,,,,,,,,,,,,"Sb8D4VxxoIjNRU2egFuiFmhpZdv5UFvW","SZd6jJU+PWukgvziuyetpzviWNuM2FzT","legacyData"
"2e84d949-2aa0-4c61-97f8-1cefa54b7992","OSBS_007.basePlot.vst","2015-03-04","vst_OSBS_2015","D03","OSBS","OSBS_007",,"NEON.PLA.D03.OSBS.02242",,"sapling","Live",1.1,10,1.7,,,,,,,,,,,,"Diospyros virginiana. Height=1.65","Sb8D4VxxoIjNRU2egFuiFmhpZdv5UFvW","SZd6jJU+PWukgvziuyetpzviWNuM2FzT","legacyData"
"5f99890a-3899-493b-b353-bcf4fa33b78a","OSBS_050.basePlot.vst","2015-03-04","vst_OSBS_2015","D03","OSBS","OSBS_050",,"NEON.PLA.D03.OSBS.00770",,,"Live",2.1,10,0.9,,,,,,"Open grown",,,,,,"Pinus elliottii","4dE3V8GRifFOQGo7IQAtCiAvYsufpA+2","Sr1dksTZPuPeT7w3tASAP+Nl4XOx5Lmq","legacyData | noMapTagData"
"51334f17-434a-4873-8db5-85070f74d9ad","OSBS_007.basePlot.vst","2015-03-04","vst_OSBS_2015","D03","OSBS","OSBS_007",,"NEON.PLA.D03.OSBS.01594",,"small tree","Standing dead",4.8,130,1.1,,,,,,,,,,,,,"Sb8D4VxxoIjNRU2egFuiFmhpZdv5UFvW","SZd6jJU+PWukgvziuyetpzviWNuM2FzT","legacyData"
"b760a3a8-dfce-470a-bbab-8358bdf321da","OSBS_007.basePlot.vst","2015-03-04","vst_OSBS_2015","D03","OSBS","OSBS_007",,"NEON.PLA.D03.OSBS.01558",,"single bole tree","Live",24.0,130,9.1,,,,,,"Partially shaded",,,,,,,"Sb8D4VxxoIjNRU2egFuiFmhpZdv5UFvW","SZd6jJU+PWukgvziuyetpzviWNuM2FzT","legacyData"
"109a553a-7b3e-46a4-88c9-f9647d11e10c","OSBS_007.basePlot.vst","2015-03-04","vst_OSBS_2015","D03","OSBS","OSBS_007",,"NEON.PLA.D03.OSBS.01593",,"single bole tree","Live",12.5,130,7.5,,,,2.5,2.0,"Mostly shaded",,,,,,,"Sb8D4VxxoIjNRU2egFuiFmhpZdv5UFvW","SZd6jJU+PWukgvziuyetpzviWNuM2FzT","legacyData"
"d0b8ec14-2991-4a16-8033-f5ef1b4d03ae","OSBS_007.basePlot.vst","2015-03-04","vst_OSBS_2015","D03","OSBS","OSBS_007",,"NEON.PLA.D03.OSBS.01924",,"small tree","Standing dead",7.9,130,1.5,,,,,,,,,,,,"height at break","Sb8D4VxxoIjNRU2egFuiFmhpZdv5UFvW","SZd6jJU+PWukgvziuyetpzviWNuM2FzT","legacyData"
"58696a61-7da9-4a4e-ad82-f9063b734671","OSBS_007.basePlot.vst","2015-03-04","vst_OSBS_2015","D03","OSBS","OSBS_007",,"NEON.PLA.D03.OSBS.02244",,"sapling","Live",1.5,10,2.0,,,,,,,,,,,,"Diospyros virginiana","Sb8D4VxxoIjNRU2egFuiFmhpZdv5UFvW","SZd6jJU+PWukgvziuyetpzviWNuM2FzT","legacyData"
"8834ddea-3e66-433a-95ef-c3ce9d87e39d","OSBS_007.basePlot.vst","2015-03-04","vst_OSBS_2015","D03","OSBS","OSBS_007",,"NEON.PLA.D03.OSBS.01581",,"sapling","Live",1.4,10,1.2,,,,,,,,,,,,,"Sb8D4VxxoIjNRU2egFuiFmhpZdv5UFvW","SZd6jJU+PWukgvziuyetpzviWNuM2FzT","legacyData"
"dcb9ad57-3c14-4b25-a332-0bc2a14a85fd","OSBS_007.basePlot.vst","2015-03-04","vst_OSBS_2015","D03","OSBS","OSBS_007",,"NEON.PLA.D03.OSBS.02245",,"small tree","Live",6.8,130,4.2,,,,,,,,,,,,"Pinus palustris","Sb8D4VxxoIjNRU2egFuiFmhpZdv5UFvW","SZd6jJU+PWukgvziuyetpzviWNuM2FzT","legacyData"
"ccd5d277-1950-4616-a772-bfb2df47c403","OSBS_007.basePlot.vst","2015-03-04","vst_OSBS_2015","D03","OSBS","OSBS_007",,"NEON.PLA.D03.OSBS.01592",,"small tree","Live",9.7,130,7.5,,,,,,,,,,,,,"Sb8D4VxxoIjNRU2egFuiFmhpZdv5UFvW","SZd6jJU+PWukgvziuyetpzviWNuM2FzT","legacyData"
"89b98107-afe9-49ca-8b70-58de2a27fa56","OSBS_007.basePlot.vst","2015-03-04","vst_OSBS_2015","D03","OSBS","OSBS_007",,"NEON.PLA.D03.OSBS.01577",,"small tree","Standing dead",5.4,130,10.0,,,,,,,,,,,,"height at break","Sb8D4VxxoIjNRU2egFuiFmhpZdv5UFvW","SZd6jJU+PWukgvziuyetpzviWNuM2FzT","legacyData"
"5953dbc5-73cf-4237-be47-341c94de637b","OSBS_007.basePlot.vst","2015-03-04","vst_OSBS_2015","D03","OSBS","OSBS_007",,"NEON.PLA.D03.OSBS.01907",,"small tree","Standing dead",8.0,130,0.2,,,,,,,,,,,,"xheight at break","Sb8D4VxxoIjNRU2egFuiFmhpZdv5UFvW","SZd6jJU+PWukgvziuyetpzviWNuM2FzT","legacyData"
"0a9e34ae-669f-4aca-9439-5d49d350b91f","OSBS_007.basePlot.vst","2015-03-04","vst_OSBS_2015","D03","OSBS","OSBS_007",,"NEON.PLA.D03.OSBS.01926",,"small tree","Standing dead",7.0,130,1.3,,,,,,,,,,,,,"Sb8D4VxxoIjNRU2egFuiFmhpZdv5UFvW","SZd6jJU+PWukgvziuyetpzviWNuM2FzT","legacyData"
"0674bbbd-947c-4e22-b591-a5e882cdfce9","OSBS_007.basePlot.vst","2015-03-04","vst_OSBS_2015","D03","OSBS","OSBS_007",,"NEON.PLA.D03.OSBS.01563",,"small tree","Standing dead",4.5,130,1.0,,,,,,,,,,,,,"Sb8D4VxxoIjNRU2egFuiFmhpZdv5UFvW","SZd6jJU+PWukgvziuyetpzviWNuM2FzT","legacyData"
"1b46af97-37a8-427c-8f18-1bfeea248f03","OSBS_051.basePlot.vst","2015-03-04","vst_OSBS_2015","D03","OSBS","OSBS_051",,"NEON.PLA.D03.OSBS.01705",,,"Live,  other damage",18.2,130,4.5,,,,2.6,2.0,"Mostly shaded",,,,,,"Pinus taeda","PO+gLcqpgG6WKM8lPge6HQp6NUBLdhs8","qwd4SsQjkwojVAYuvLRi2I6c493EEc9K","legacyData"
"22d37396-cb71-4673-be18-37dc0ae1e2ba","OSBS_007.basePlot.vst","2015-03-04","vst_OSBS_2015","D03","OSBS","OSBS_007",,"NEON.PLA.D03.OSBS.01590",,"small tree","Live",1.3,130,0.2,,,,,,,,,,,,,"Sb8D4VxxoIjNRU2egFuiFmhpZdv5UFvW","SZd6jJU+PWukgvziuyetpzviWNuM2FzT","legacyData"
"c0f969d4-b91f-4379-be9b-645112e900b2","OSBS_007.basePlot.vst","2015-03-04","vst_OSBS_2015","D03","OSBS","OSBS_007",,"NEON.PLA.D03.OSBS.01562",,"small tree","Standing dead",4.2,130,1.4,,,,,,,,,,,,,"Sb8D4VxxoIjNRU2egFuiFmhpZdv5UFvW","SZd6jJU+PWukgvziuyetpzviWNuM2FzT","legacyData"
"ce92a7ec-a17a-47fb-b271-ddb62ecaa700","OSBS_004.basePlot.vst","2015-03-05","vst_OSBS_2015","D03","OSBS","OSBS_004",,"NEON.PLA.D03.OSBS.01361",,"sapling","Live, physically damaged",1.3,10,0.8,,,,,,,,,,,,"Quercus laevis","qwd4SsQjkwojVAYuvLRi2I6c493EEc9K","7ZsG8s1cQijU1p7CX6b9FNrZuRO+/rX6","legacyData"
"71fbc9bb-f7ff-46cb-aa41-e054c49fb64c","OSBS_004.basePlot.vst","2015-03-05","vst_OSBS_2015","D03","OSBS","OSBS_004",,"NEON.PLA.D03.OSBS.01506",,"sapling","Live, physically damaged",1.7,10,1.3,,,,,,,,,,,,"Quercus laevis","qwd4SsQjkwocaftfUdQmiIMSDucic6cu","7ZsG8s1cQijU1p7CX6b9FNrZuRO+/rX6","legacyData"
"12936b9f-28bf-4e46-8cc8-a432b5571501","OSBS_004.basePlot.vst","2015-03-05","vst_OSBS_2015","D03","OSBS","OSBS_004",,"NEON.PLA.D03.OSBS.01341",,"single bole tree","Live",15.6,130,12.1,,,,2.6,1.5,"Partially shaded",,,,,,"Pinus palustris","qwd4SsQjkwojVAYuvLRi2I6c493EEc9K","7ZsG8s1cQijU1p7CX6b9FNrZuRO+/rX6","legacyData"
"f634887f-5141-4efa-b384-c18610a08cb9","OSBS_004.basePlot.vst","2015-03-05","vst_OSBS_2015","D03","OSBS","OSBS_004",,"NEON.PLA.D03.OSBS.01369",,"single bole tree","Live",12.7,130,9.7,,,,2.2,1.8,"Partially shaded",,,,,,"Pinus palustris","qwd4SsQjkwojVAYuvLRi2I6c493EEc9K","7ZsG8s1cQijU1p7CX6b9FNrZuRO+/rX6","legacyData"
"902d42d1-0e07-4078-b2e3-3297dafabad6","OSBS_004.basePlot.vst","2015-03-05","vst_OSBS_2015","D03","OSBS","OSBS_004",,"NEON.PLA.D03.OSBS.01368",,"sapling","Live, physically damaged",1.4,10,1.5,,,,,,,,,,,,"Quercus geminata","qwd4SsQjkwojVAYuvLRi2I6c493EEc9K","7ZsG8s1cQijU1p7CX6b9FNrZuRO+/rX6","legacyData"
"c7a159cc-43f7-480e-a421-e5f7cc43a8a7","OSBS_004.basePlot.vst","2015-03-05","vst_OSBS_2015","D03","OSBS","OSBS_004",,"NEON.PLA.D03.OSBS.01382",,"sapling","Live, physically damaged",1.0,10,1.5,,,,,,,,,,,,"Quercus geminata","qwd4SsQjkwojVAYuvLRi2I6c493EEc9K","7ZsG8s1cQijU1p7CX6b9FNrZuRO+/rX6","legacyData"
"c4622f72-edde-435a-a82f-d7f196525523","OSBS_004.basePlot.vst","2015-03-05","vst_OSBS_2015","D03","OSBS","OSBS_004",,"NEON.PLA.D03.OSBS.01357",,"small tree","Live",9.2,130,1.0,,,,,,,,,,,,"Pinus palustris","qwd4SsQjkwojVAYuvLRi2I6c493EEc9K","7ZsG8s1cQijU1p7CX6b9FNrZuRO+/rX6","legacyData"
"9f2b06d0-a25b-435f-a16e-2009ab05fc88","OSBS_004.basePlot.vst","2015-03-05","vst_OSBS_2015","D03","OSBS","OSBS_004",,"NEON.PLA.D03.OSBS.01381",,"sapling","Live, physically damaged",1.3,10,1.7,,,,,,,,,,,,"Quercus geminata","qwd4SsQjkwojVAYuvLRi2I6c493EEc9K","7ZsG8s1cQijU1p7CX6b9FNrZuRO+/rX6","legacyData"
"f89ed1c0-9bf2-453c-bbf7-92ee6ae287b4","OSBS_004.basePlot.vst","2015-03-05","vst_OSBS_2015","D03","OSBS","OSBS_004",,"NEON.PLA.D03.OSBS.01394",,"sapling","Live, physically damaged",1.4,10,1.9,,,,,,,,,,,,"Quercus geminata","qwd4SsQjkwojVAYuvLRi2I6c493EEc9K","7ZsG8s1cQijU1p7CX6b9FNrZuRO+/rX6","legacyData"
"6b055f18-af73-4de1-b527-88588cfc05e5","OSBS_004.basePlot.vst","2015-03-05","vst_OSBS_2015","D03","OSBS","OSBS_004",,"NEON.PLA.D03.OSBS.01396",,"sapling","Live, physically damaged",1.2,10,1.5,,,,,,,,,,,,"Quercus geminata","qwd4SsQjkwojVAYuvLRi2I6c493EEc9K","7ZsG8s1cQijU1p7CX6b9FNrZuRO+/rX6","legacyData"
"cd938ee0-daf8-4269-8145-1679fc949fb4","OSBS_004.basePlot.vst","2015-03-05","vst_OSBS_2015","D03","OSBS","OSBS_004",,"NEON.PLA.D03.OSBS.01351",,"sapling","Live, physically damaged",1.8,10,1.9,,,,,,,,,,,,"Quercus geminata","qwd4SsQjkwocaftfUdQmiIMSDucic6cu","7ZsG8s1cQijU1p7CX6b9FNrZuRO+/rX6","legacyData"
"dd1fa394-beb3-4d98-826b-529f57843209","OSBS_004.basePlot.vst","2015-03-05","vst_OSBS_2015","D03","OSBS","OSBS_004",,"NEON.PLA.D03.OSBS.01373",,"single bole tree","Live",14.8,130,10.2,,,,3.2,2.6,"Full sun",,,,,,"Pinus palustris","qwd4SsQjkwojVAYuvLRi2I6c493EEc9K","7ZsG8s1cQijU1p7CX6b9FNrZuRO+/rX6","legacyData"
"2258ac3e-cd7f-4c33-8484-17618772dc9e","OSBS_004.basePlot.vst","2015-03-05","vst_OSBS_2015","D03","OSBS","OSBS_004",,"NEON.PLA.D03.OSBS.01324",,"sapling","Live, physically damaged",1.4,10,1.4,,,,,,,,,,,,"Quercus laevis","qwd4SsQjkwocaftfUdQmiIMSDucic6cu","7ZsG8s1cQijU1p7CX6b9FNrZuRO+/rX6","legacyData"
"cfaf5ee4-bc9b-479b-b644-cfbf304f1317","OSBS_004.basePlot.vst","2015-03-05","vst_OSBS_2015","D03","OSBS","OSBS_004",,"NEON.PLA.D03.OSBS.01326",,"sapling","Live",1.6,10,1.7,,,,,,,,,,,,"Diospyros virginiana","qwd4SsQjkwocaftfUdQmiIMSDucic6cu","7ZsG8s1cQijU1p7CX6b9FNrZuRO+/rX6","legacyData"
"f7ce5ad2-8d8f-4c60-82b5-dc0170a1fbcf","OSBS_004.basePlot.vst","2015-03-05","vst_OSBS_2015","D03","OSBS","OSBS_004",,"NEON.PLA.D03.OSBS.01335",,"small tree","Live, physically damaged",5.4,125,1.4,,,,,,,,,,,,"Quercus geminata","qwd4SsQjkwocaftfUdQmiIMSDucic6cu","7ZsG8s1cQijU1p7CX6b9FNrZuRO+/rX6","legacyData"
"093128c9-f528-4eb6-8dad-9fad24fc3314","OSBS_004.basePlot.vst","2015-03-05","vst_OSBS_2015","D03","OSBS","OSBS_004",,"NEON.PLA.D03.OSBS.01329",,"sapling","Live, physically damaged",1.4,10,1.4,,,,,,,,,,,,"Diospyros virginiana","qwd4SsQjkwocaftfUdQmiIMSDucic6cu","7ZsG8s1cQijU1p7CX6b9FNrZuRO+/rX6","legacyData"
"0e3f2200-de00-4c8a-b55a-c209f0c986e4","OSBS_004.basePlot.vst","2015-03-05","vst_OSBS_2015","D03","OSBS","OSBS_004",,"NEON.PLA.D03.OSBS.01352",,"single bole tree","Live",15.0,130,3.9,,,,,,"Mostly shaded",,,,,,"Quercus geminata","qwd4SsQjkwojVAYuvLRi2I6c493EEc9K","7ZsG8s1cQijU1p7CX6b9FNrZuRO+/rX6","legacyData"
"c31e7ee8-fb5f-4a93-96fd-941831be2c13","OSBS_004.basePlot.vst","2015-03-05","vst_OSBS_2015","D03","OSBS","OSBS_004",,"NEON.PLA.D03.OSBS.01504",,"sapling","Live, physically damaged",1.4,10,1.1,,,,,,,,,,,,"Quercus geminata","qwd4SsQjkwocaftfUdQmiIMSDucic6cu","7ZsG8s1cQijU1p7CX6b9FNrZuRO+/rX6","legacyData"
"799633d6-609b-42f5-93e2-79846da9b896","OSBS_004.basePlot.vst","2015-03-05","vst_OSBS_2015","D03","OSBS","OSBS_004",,"NEON.PLA.D03.OSBS.01348",,,"Live, insect damaged",5.7,125,1.3,,,,,,,,,,,,"Quercus geminata. Termites","qwd4SsQjkwojVAYuvLRi2I6c493EEc9K","7ZsG8s1cQijU1p7CX6b9FNrZuRO+/rX6","legacyData"
"244878d5-aee4-42cb-bb08-5b5ef09fb278","OSBS_004.basePlot.vst","2015-03-05","vst_OSBS_2015","D03","OSBS","OSBS_004",,"NEON.PLA.D03.OSBS.01363",,"single bole tree","Live",20.8,130,11.9,,,,6.0,3.3,"Partially shaded",,,,,,"Pinus palustris","qwd4SsQjkwojVAYuvLRi2I6c493EEc9K","7ZsG8s1cQijU1p7CX6b9FNrZuRO+/rX6","legacyData"
"bef7a812-0d75-4695-a52c-291583d7b426","OSBS_004.basePlot.vst","2015-03-05","vst_OSBS_2015","D03","OSBS","OSBS_004",,"NEON.PLA.D03.OSBS.01507",,"single bole tree","Live",22.5,130,11.2,,,,6.8,4.9,"Partially shaded",,,,,,"Pinus palustris","qwd4SsQjkwocaftfUdQmiIMSDucic6cu","7ZsG8s1cQijU1p7CX6b9FNrZuRO+/rX6","legacyData"
"52d12c1e-8686-4a63-b897-45ce0ec91d81","OSBS_004.basePlot.vst","2015-03-05","vst_OSBS_2015","D03","OSBS","OSBS_004",,"NEON.PLA.D03.OSBS.01386",,"sapling","Live, physically damaged",1.3,10,1.8,,,,,,,,,,,,"Quercus geminata","qwd4SsQjkwocaftfUdQmiIMSDucic6cu","7ZsG8s1cQijU1p7CX6b9FNrZuRO+/rX6","legacyData"
"b236129c-4b58-453e-b488-66286901f720","OSBS_004.basePlot.vst","2015-03-05","vst_OSBS_2015","D03","OSBS","OSBS_004",,"NEON.PLA.D03.OSBS.01337",,"small tree","Live, physically damaged",6.8,130,1.9,,,,,,,,,,,,"Quercus gemintata","qwd4SsQjkwocaftfUdQmiIMSDucic6cu","7ZsG8s1cQijU1p7CX6b9FNrZuRO+/rX6","legacyData"
"11fa9bc7-172f-4366-a266-abe711177acc","OSBS_004.basePlot.vst","2015-03-05","vst_OSBS_2015","D03","OSBS","OSBS_004",,"NEON.PLA.D03.OSBS.01397",,"sapling","Live, physically damaged",1.2,10,1.1,,,,,,,,,,,,"Quercus geminata","qwd4SsQjkwojVAYuvLRi2I6c493EEc9K","7ZsG8s1cQijU1p7CX6b9FNrZuRO+/rX6","legacyData"
"f2596c28-d107-4d96-8bed-5282563d1ee5","OSBS_004.basePlot.vst","2015-03-05","vst_OSBS_2015","D03","OSBS","OSBS_004",,"NEON.PLA.D03.OSBS.01345",,"single bole tree","Live",21.5,130,12.2,,,,5.6,4.0,"Open grown",,,,,,"Pinus palustris","qwd4SsQjkwocaftfUdQmiIMSDucic6cu","7ZsG8s1cQijU1p7CX6b9FNrZuRO+/rX6","legacyData"
"1a540c76-4ad4-4ba4-99f0-3e170a13c89f","OSBS_004.basePlot.vst","2015-03-05","vst_OSBS_2015","D03","OSBS","OSBS_004",,"NEON.PLA.D03.OSBS.01355",,"sapling","Live, physically damaged",1.6,10,1.6,,,,,,,,,,,,"Quercus laevis","qwd4SsQjkwocaftfUdQmiIMSDucic6cu","7ZsG8s1cQijU1p7CX6b9FNrZuRO+/rX6","legacyData"
"d5e050a5-079b-4c94-9bea-64c51bc5b6db","OSBS_004.basePlot.vst","2015-03-05","vst_OSBS_2015","D03","OSBS","OSBS_004",,"NEON.PLA.D03.OSBS.01336",,"small tree","Live, physically damaged",8.7,130,4.5,,,,,,,,,,,,"Quercus geminata","qwd4SsQjkwocaftfUdQmiIMSDucic6cu","7ZsG8s1cQijU1p7CX6b9FNrZuRO+/rX6","legacyData"
"9669007b-7194-4673-972b-0ae8a1e8830f","OSBS_004.basePlot.vst","2015-03-05","vst_OSBS_2015","D03","OSBS","OSBS_004",,"NEON.PLA.D03.OSBS.01375",,"small tree","Live, physically damaged",8.0,130,0.3,,,,,,,,,,,,"Pinus palustris","qwd4SsQjkwojVAYuvLRi2I6c493EEc9K","7ZsG8s1cQijU1p7CX6b9FNrZuRO+/rX6","legacyData"
"040e7197-4bfe-4ce9-b0a3-7e2019def1dd","OSBS_004.basePlot.vst","2015-03-05","vst_OSBS_2015","D03","OSBS","OSBS_004",,"NEON.PLA.D03.OSBS.01395",,"small tree","Live, physically damaged",1.3,130,1.1,,,,,,,,,,,,"Diospyros virginiana","qwd4SsQjkwojVAYuvLRi2I6c493EEc9K","7ZsG8s1cQijU1p7CX6b9FNrZuRO+/rX6","legacyData"
"210577b1-8309-4f53-833f-e34e5c753da1","OSBS_004.basePlot.vst","2015-03-05","vst_OSBS_2015","D03","OSBS","OSBS_004",,"NEON.PLA.D03.OSBS.01344",,"small tree","Live",8.8,130,8.0,,,,,,,,,,,,"Pinus palustris","qwd4SsQjkwojVAYuvLRi2I6c493EEc9K","7ZsG8s1cQijU1p7CX6b9FNrZuRO+/rX6","legacyData"
"1807e912-5033-42b3-8615-a5bd17474149","OSBS_004.basePlot.vst","2015-03-05","vst_OSBS_2015","D03","OSBS","OSBS_004",,"NEON.PLA.D03.OSBS.01503",,"sapling","Live, physically damaged",1.3,10,1.1,,,,,,,,,,,,"Quercus geminata","qwd4SsQjkwocaftfUdQmiIMSDucic6cu","7ZsG8s1cQijU1p7CX6b9FNrZuRO+/rX6","legacyData"
"1fad37e9-dedb-4bbc-91e2-a11d8d064b97","OSBS_004.basePlot.vst","2015-03-05","vst_OSBS_2015","D03","OSBS","OSBS_004",,"NEON.PLA.D03.OSBS.01332",,"small tree","Live, physically damaged",4.2,130,1.1,,,,,,,,,,,,"Quercus geminata","qwd4SsQjkwocaftfUdQmiIMSDucic6cu","7ZsG8s1cQijU1p7CX6b9FNrZuRO+/rX6","legacyData"
"bba15f46-7364-471c-a8d6-fd734d0ac747","OSBS_004.basePlot.vst","2015-03-05","vst_OSBS_2015","D03","OSBS","OSBS_004",,"NEON.PLA.D03.OSBS.01330",,"small tree","Live,  other damage",6.8,130,0.3,,,,,,,,,,,,"Quercus geminata","qwd4SsQjkwocaftfUdQmiIMSDucic6cu","7ZsG8s1cQijU1p7CX6b9FNrZuRO+/rX6","legacyData"
"6a90d14e-31aa-450f-9eaa-92ee976acf6f","OSBS_004.basePlot.vst","2015-03-05","vst_OSBS_2015","D03","OSBS","OSBS_004",,"NEON.PLA.D03.OSBS.01333",,"small tree","Live, physically damaged",3.6,130,22.4,,,,,,,,,,,,"Quercus geminata","qwd4SsQjkwocaftfUdQmiIMSDucic6cu","7ZsG8s1cQijU1p7CX6b9FNrZuRO+/rX6","legacyData"
"1786e948-1c31-47ad-b577-69150f01ea19","OSBS_004.basePlot.vst","2015-03-05","vst_OSBS_2015","D03","OSBS","OSBS_004",,"NEON.PLA.D03.OSBS.01339",,"sapling","Live, physically damaged",1.2,10,1.6,,,,,,,,,,,,"Quercus laevis","qwd4SsQjkwojVAYuvLRi2I6c493EEc9K","7ZsG8s1cQijU1p7CX6b9FNrZuRO+/rX6","legacyData"
"a6fdfc77-b6f6-4a42-9e0d-2e6edda500e4","OSBS_004.basePlot.vst","2015-03-05","vst_OSBS_2015","D03","OSBS","OSBS_004",,"NEON.PLA.D03.OSBS.01398",,"small tree","Live, physically damaged",1.2,130,2.1,,,,,,,,,,,,"Quercus geminata","qwd4SsQjkwojVAYuvLRi2I6c493EEc9K","7ZsG8s1cQijU1p7CX6b9FNrZuRO+/rX6","legacyData"
"6571a9b1-0b1e-4331-b499-61daff66b0b2","OSBS_004.basePlot.vst","2015-03-05","vst_OSBS_2015","D03","OSBS","OSBS_004",,"NEON.PLA.D03.OSBS.01328",,"sapling","Live, physically damaged",1.7,10,1.2,,,,,,,,,,,,"Diospyros virginiana","qwd4SsQjkwocaftfUdQmiIMSDucic6cu","7ZsG8s1cQijU1p7CX6b9FNrZuRO+/rX6","legacyData"
"657bae8c-b3a2-4d18-90b5-b7793344590c","OSBS_004.basePlot.vst","2015-03-05","vst_OSBS_2015","D03","OSBS","OSBS_004",,"NEON.PLA.D03.OSBS.01346",,"sapling","Live, physically damaged",1.3,10,1.6,,,,,,,,,,,,"Quercus geminata","qwd4SsQjkwocaftfUdQmiIMSDucic6cu","7ZsG8s1cQijU1p7CX6b9FNrZuRO+/rX6","legacyData"
"ea783662-b140-4784-af1a-d080f12f82f9","OSBS_004.basePlot.vst","2015-03-05","vst_OSBS_2015","D03","OSBS","OSBS_004",,"NEON.PLA.D03.OSBS.01383",,"small tree","Live",6.8,130,2.1,,,,,,,,,,,,"Quercus geminata","qwd4SsQjkwojVAYuvLRi2I6c493EEc9K","7ZsG8s1cQijU1p7CX6b9FNrZuRO+/rX6","legacyData"
"76b242d1-41b4-4547-a452-d0ffad1828a9","OSBS_004.basePlot.vst","2015-03-05","vst_OSBS_2015","D03","OSBS","OSBS_004",,"NEON.PLA.D03.OSBS.01393",,"sapling","Live, physically damaged",1.4,10,2.0,,,,,,,,,,,,"Quercus geminata","qwd4SsQjkwojVAYuvLRi2I6c493EEc9K","7ZsG8s1cQijU1p7CX6b9FNrZuRO+/rX6","legacyData"
"1abd5ca9-a413-488b-85c1-f2edcbb8a78f","OSBS_004.basePlot.vst","2015-03-05","vst_OSBS_2015","D03","OSBS","OSBS_004",,"NEON.PLA.D03.OSBS.01340",,"single bole tree","Live",19.4,130,13.4,,,,3.8,3.8,"Partially shaded",,,,,,"Pinus palustris","qwd4SsQjkwojVAYuvLRi2I6c493EEc9K","7ZsG8s1cQijU1p7CX6b9FNrZuRO+/rX6","legacyData"
"42081000-c7ed-4af2-8943-0f610a2e2661","OSBS_004.basePlot.vst","2015-03-05","vst_OSBS_2015","D03","OSBS","OSBS_004",,"NEON.PLA.D03.OSBS.01370",,"small tree","Live",7.5,130,5.6,,,,,,,,,,,,"Pinus palustris","qwd4SsQjkwojVAYuvLRi2I6c493EEc9K","7ZsG8s1cQijU1p7CX6b9FNrZuRO+/rX6","legacyData"
"78455f6d-6abb-4e94-9ee3-07bfb85710be","OSBS_004.basePlot.vst","2015-03-05","vst_OSBS_2015","D03","OSBS","OSBS_004",,"NEON.PLA.D03.OSBS.01331",,"single bole tree","Live",20.0,130,13.1,,,,4.5,2.1,"Partially shaded",,,,,,"Pinus palustris","qwd4SsQjkwocaftfUdQmiIMSDucic6cu","7ZsG8s1cQijU1p7CX6b9FNrZuRO+/rX6","legacyData"
"61a230c9-2a99-4460-af86-c27a22cf3f1d","OSBS_004.basePlot.vst","2015-03-05","vst_OSBS_2015","D03","OSBS","OSBS_004",,"NEON.PLA.D03.OSBS.01376",,"sapling","Live, physically damaged",1.2,10,0.6,,,,,,,,,,,,"Diospyros virginiana","qwd4SsQjkwojVAYuvLRi2I6c493EEc9K","7ZsG8s1cQijU1p7CX6b9FNrZuRO+/rX6","legacyData"
"587f6007-94e0-4b50-a4eb-eeb441b28b1c","OSBS_004.basePlot.vst","2015-03-05","vst_OSBS_2015","D03","OSBS","OSBS_004",,"NEON.PLA.D03.OSBS.01349",,"sapling","Live, physically damaged",1.1,10,1.2,,,,,,,,,,,,"Quercus geminata","qwd4SsQjkwojVAYuvLRi2I6c493EEc9K","7ZsG8s1cQijU1p7CX6b9FNrZuRO+/rX6","legacyData"
"2923c66a-6664-4c87-a657-455e783777d6","OSBS_004.basePlot.vst","2015-03-05","vst_OSBS_2015","D03","OSBS","OSBS_004",,"NEON.PLA.D03.OSBS.01327",,"sapling","Live, physically damaged",1.8,10,1.5,,,,,,,,,,,,"Quercus laevis","qwd4SsQjkwocaftfUdQmiIMSDucic6cu","7ZsG8s1cQijU1p7CX6b9FNrZuRO+/rX6","legacyData"
"7f2a02ed-79f2-41eb-9afa-aaaabb9ea79e","OSBS_004.basePlot.vst","2015-03-05","vst_OSBS_2015","D03","OSBS","OSBS_004",,"NEON.PLA.D03.OSBS.01338",,"sapling","Live, physically damaged",1.1,10,1.2,,,,,,,,,,,,"Diospyrus virginiana","qwd4SsQjkwojVAYuvLRi2I6c493EEc9K","7ZsG8s1cQijU1p7CX6b9FNrZuRO+/rX6","legacyData"
"a728261e-a844-4817-bce7-5c762e6396e4","OSBS_004.basePlot.vst","2015-03-05","vst_OSBS_2015","D03","OSBS","OSBS_004",,"NEON.PLA.D03.OSBS.01389",,"sapling","Live, physically damaged",1.2,10,1.4,,,,,,,,,,,,"Quercus geminata","qwd4SsQjkwocaftfUdQmiIMSDucic6cu","7ZsG8s1cQijU1p7CX6b9FNrZuRO+/rX6","legacyData"
"6fbb65e8-2322-47f2-9e79-1ff60a998eb6","OSBS_004.basePlot.vst","2015-03-05","vst_OSBS_2015","D03","OSBS","OSBS_004",,"NEON.PLA.D03.OSBS.01379",,"sapling","Standing dead",1.3,10,1.6,,,,,,,,,,,,"Quercus geminata","qwd4SsQjkwojVAYuvLRi2I6c493EEc9K","7ZsG8s1cQijU1p7CX6b9FNrZuRO+/rX6","legacyData"
"169126ea-93b7-44d7-8471-7ba1ac9b7075","OSBS_004.basePlot.vst","2015-03-05","vst_OSBS_2015","D03","OSBS","OSBS_004",,"NEON.PLA.D03.OSBS.01400",,"sapling","Live, physically damaged",1.3,10,0.9,,,,,,,,,,,,"Quercus geminata","qwd4SsQjkwocaftfUdQmiIMSDucic6cu","7ZsG8s1cQijU1p7CX6b9FNrZuRO+/rX6","legacyData"
"2bdad31c-26ab-4171-98e1-9a73447711ae","OSBS_004.basePlot.vst","2015-03-05","vst_OSBS_2015","D03","OSBS","OSBS_004",,"NEON.PLA.D03.OSBS.01508",,"single bole tree","Live",27.7,130,13.3,,,,7.9,7.2,"Partially shaded",,,,,,"Pinus palustris","qwd4SsQjkwocaftfUdQmiIMSDucic6cu","7ZsG8s1cQijU1p7CX6b9FNrZuRO+/rX6","legacyData"
"b01781b5-1801-4336-bdb0-838222d00048","OSBS_004.basePlot.vst","2015-03-05","vst_OSBS_2015","D03","OSBS","OSBS_004",,"NEON.PLA.D03.OSBS.01354",,"sapling","Live, physically damaged",1.6,10,1.0,,,,,,,,,,,,"Quercus laevis","qwd4SsQjkwojVAYuvLRi2I6c493EEc9K","7ZsG8s1cQijU1p7CX6b9FNrZuRO+/rX6","legacyData"
"150f4219-fc55-45d7-beca-69414e2086c5","OSBS_004.basePlot.vst","2015-03-05","vst_OSBS_2015","D03","OSBS","OSBS_004",,"NEON.PLA.D03.OSBS.01347",,"small tree","Live, physically damaged",8.5,10,1.6,,,,,,,,,,,,"Quercus geminata","qwd4SsQjkwojVAYuvLRi2I6c493EEc9K","7ZsG8s1cQijU1p7CX6b9FNrZuRO+/rX6","legacyData"
"96e867d1-586c-4437-9a49-94daa26b7868","OSBS_004.basePlot.vst","2015-03-05","vst_OSBS_2015","D03","OSBS","OSBS_004",,"NEON.PLA.D03.OSBS.01501",,"sapling","Live, physically damaged",1.4,10,1.5,,,,,,,,,,,,"Quercus geminata","qwd4SsQjkwocaftfUdQmiIMSDucic6cu","7ZsG8s1cQijU1p7CX6b9FNrZuRO+/rX6","legacyData"
"d857812b-099e-4638-99f5-f61ffd4069c9","OSBS_004.basePlot.vst","2015-03-05","vst_OSBS_2015","D03","OSBS","OSBS_004",,"NEON.PLA.D03.OSBS.01367",,"sapling","Live, physically damaged",1.6,10,1.1,,,,,,,,,,,,"Quercus geminata","qwd4SsQjkwojVAYuvLRi2I6c493EEc9K","7ZsG8s1cQijU1p7CX6b9FNrZuRO+/rX6","legacyData"
"7e0910ca-086e-4c5d-a103-f5af76fc0388","OSBS_004.basePlot.vst","2015-03-05","vst_OSBS_2015","D03","OSBS","OSBS_004",,"NEON.PLA.D03.OSBS.01358",,"single bole tree","Live",22.0,130,12.8,,,,4.0,3.3,"Partially shaded",,,,,,"Pinus palustris","qwd4SsQjkwojVAYuvLRi2I6c493EEc9K","7ZsG8s1cQijU1p7CX6b9FNrZuRO+/rX6","legacyData"
"0a09dc55-944e-4ff9-a0c1-86d1beacf24d","OSBS_004.basePlot.vst","2015-03-05","vst_OSBS_2015","D03","OSBS","OSBS_004",,"NEON.PLA.D03.OSBS.01380",,"sapling","Standing dead",1.2,10,1.2,,,,,,,,,,,,"Quercus geminata","qwd4SsQjkwojVAYuvLRi2I6c493EEc9K","7ZsG8s1cQijU1p7CX6b9FNrZuRO+/rX6","legacyData"
"0dd17f1a-3705-4817-aebf-de9544942026","OSBS_004.basePlot.vst","2015-03-05","vst_OSBS_2015","D03","OSBS","OSBS_004",,"NEON.PLA.D03.OSBS.01342",,"single bole tree","Live",20.5,130,11.5,,,,6.1,5.6,"Partially shaded",,,,,,"Pinus palustris","qwd4SsQjkwocaftfUdQmiIMSDucic6cu","7ZsG8s1cQijU1p7CX6b9FNrZuRO+/rX6","legacyData"
"4ada87a2-6c06-46c7-a8fa-ff55f1dee4ab","OSBS_004.basePlot.vst","2015-03-05","vst_OSBS_2015","D03","OSBS","OSBS_004",,"NEON.PLA.D03.OSBS.01360",,"sapling","Live, physically damaged",1.5,10,1.4,,,,,,,,,,,,"Diospyros virginiana","qwd4SsQjkwojVAYuvLRi2I6c493EEc9K","7ZsG8s1cQijU1p7CX6b9FNrZuRO+/rX6","legacyData"
"eee2d129-8d01-468c-9f28-f86883402ffc","OSBS_004.basePlot.vst","2015-03-05","vst_OSBS_2015","D03","OSBS","OSBS_004",,"NEON.PLA.D03.OSBS.01399",,"small tree","Live, physically damaged",1.2,130,2.4,,,,,,,,,,,,"Quercus geminata","qwd4SsQjkwojVAYuvLRi2I6c493EEc9K","7ZsG8s1cQijU1p7CX6b9FNrZuRO+/rX6","legacyData"
"e0b097da-2743-496f-8713-a71a7c229cab","OSBS_004.basePlot.vst","2015-03-05","vst_OSBS_2015","D03","OSBS","OSBS_004",,"NEON.PLA.D03.OSBS.01372",,"single bole tree","Live",27.4,130,8.0,,,,7.1,6.2,"Full sun",,,,,,"Pinus palustris","qwd4SsQjkwojVAYuvLRi2I6c493EEc9K","7ZsG8s1cQijU1p7CX6b9FNrZuRO+/rX6","legacyData"
"9cd0da54-315d-4ee0-8a24-e3698e869b1e","OSBS_004.basePlot.vst","2015-03-05","vst_OSBS_2015","D03","OSBS","OSBS_004",,"NEON.PLA.D03.OSBS.01502",,"sapling","Live, physically damaged",1.8,10,1.0,,,,,,,,,,,,"Quercus laevis","qwd4SsQjkwocaftfUdQmiIMSDucic6cu","7ZsG8s1cQijU1p7CX6b9FNrZuRO+/rX6","legacyData"
"fead8a28-809f-4d6b-9818-4740631ffff8","OSBS_004.basePlot.vst","2015-03-05","vst_OSBS_2015","D03","OSBS","OSBS_004",,"NEON.PLA.D03.OSBS.01390",,"sapling","Live, physically damaged",1.5,10,1.8,,,,,,,,,,,,"Quercus geminata","qwd4SsQjkwocaftfUdQmiIMSDucic6cu","7ZsG8s1cQijU1p7CX6b9FNrZuRO+/rX6","legacyData"
"7624fed5-95e9-460c-be0d-19bbc0558ca1","OSBS_004.basePlot.vst","2015-03-05","vst_OSBS_2015","D03","OSBS","OSBS_004",,"NEON.PLA.D03.OSBS.01391",,"small tree","Live, physically damaged",1.6,130,0.4,,,,,,,,,,,,"Quercus geminata","qwd4SsQjkwocaftfUdQmiIMSDucic6cu","7ZsG8s1cQijU1p7CX6b9FNrZuRO+/rX6","legacyData"
"f7fdab5f-19d1-4fbb-8d7d-21fcf7b5a8f6","OSBS_004.basePlot.vst","2015-03-05","vst_OSBS_2015","D03","OSBS","OSBS_004",,"NEON.PLA.D03.OSBS.01392",,"small tree","Live, physically damaged",8.5,130,3.3,,,,,,,,,,,,"Quercus geminata","qwd4SsQjkwocaftfUdQmiIMSDucic6cu","7ZsG8s1cQijU1p7CX6b9FNrZuRO+/rX6","legacyData"
"cdc11dfd-f9e0-425a-8d05-03bf66d3a868","OSBS_004.basePlot.vst","2015-03-05","vst_OSBS_2015","D03","OSBS","OSBS_004",,"NEON.PLA.D03.OSBS.01371",,"single bole tree","Live",14.5,130,8.3,,,,2.8,1.9,"Mostly shaded",,,,,,"Pinus palustris","qwd4SsQjkwojVAYuvLRi2I6c493EEc9K","7ZsG8s1cQijU1p7CX6b9FNrZuRO+/rX6","legacyData"
"dcb8c4e8-0e34-44f5-9dc3-9d473bcbb650","OSBS_004.basePlot.vst","2015-03-05","vst_OSBS_2015","D03","OSBS","OSBS_004",,"NEON.PLA.D03.OSBS.01377",,"small tree","Live",9.0,130,1.4,,,,,,,,,,,,"Quercus geminata","qwd4SsQjkwojVAYuvLRi2I6c493EEc9K","7ZsG8s1cQijU1p7CX6b9FNrZuRO+/rX6","legacyData"
"37910ae1-80d4-40b4-b940-971cc28e81d3","OSBS_004.basePlot.vst","2015-03-05","vst_OSBS_2015","D03","OSBS","OSBS_004",,"NEON.PLA.D03.OSBS.01334",,"small tree","Live, physically damaged",6.0,130,1.5,,,,,,,,,,,,"Quercus geminata","qwd4SsQjkwocaftfUdQmiIMSDucic6cu","7ZsG8s1cQijU1p7CX6b9FNrZuRO+/rX6","legacyData"
"327e4c9d-1953-46d8-9278-139ac12ef0f4","OSBS_004.basePlot.vst","2015-03-05","vst_OSBS_2015","D03","OSBS","OSBS_004",,"NEON.PLA.D03.OSBS.01387",,"sapling","Live, physically damaged",1.8,10,1.4,,,,,,,,,,,,"Quercus geminata","qwd4SsQjkwocaftfUdQmiIMSDucic6cu","7ZsG8s1cQijU1p7CX6b9FNrZuRO+/rX6","legacyData"
"08fcc30a-c0e1-495e-8f6e-13dda99060e1","OSBS_004.basePlot.vst","2015-03-05","vst_OSBS_2015","D03","OSBS","OSBS_004",,"NEON.PLA.D03.OSBS.01323",,"sapling","Live, physically damaged",2.1,10,1.4,,,,,,,,,,,,"Quercus laevis","qwd4SsQjkwocaftfUdQmiIMSDucic6cu","7ZsG8s1cQijU1p7CX6b9FNrZuRO+/rX6","legacyData"
"f3957705-aa76-4b8a-aac5-34270e5503a3","OSBS_004.basePlot.vst","2015-03-05","vst_OSBS_2015","D03","OSBS","OSBS_004",,"NEON.PLA.D03.OSBS.01364",,"single bole tree","Live",15.1,130,9.0,,,,4.0,2.6,"Partially shaded",,,,,,"Pinus palustris","qwd4SsQjkwojVAYuvLRi2I6c493EEc9K","7ZsG8s1cQijU1p7CX6b9FNrZuRO+/rX6","legacyData"
"2d918111-5c19-47ef-ab80-8e2f72da676f","OSBS_004.basePlot.vst","2015-03-05","vst_OSBS_2015","D03","OSBS","OSBS_004",,"NEON.PLA.D03.OSBS.01366",,"sapling","Live, physically damaged",1.1,10,1.0,,,,,,,,,,,,"Quercus geminata","qwd4SsQjkwojVAYuvLRi2I6c493EEc9K","7ZsG8s1cQijU1p7CX6b9FNrZuRO+/rX6","legacyData"
"470d3c4b-a895-455f-94e5-b7c22f169d1a","OSBS_004.basePlot.vst","2015-03-05","vst_OSBS_2015","D03","OSBS","OSBS_004",,"NEON.PLA.D03.OSBS.01365",,"single bole tree","Live",12.8,130,9.5,,,,3.3,1.3,"Partially shaded",,,,,,"Pinus palustris","qwd4SsQjkwojVAYuvLRi2I6c493EEc9K","7ZsG8s1cQijU1p7CX6b9FNrZuRO+/rX6","legacyData"
"79dcb162-6a0a-4b7a-af6c-3e7c2bc1016c","OSBS_004.basePlot.vst","2015-03-05","vst_OSBS_2015","D03","OSBS","OSBS_004",,"NEON.PLA.D03.OSBS.01343",,"single bole tree","Live",11.5,130,9.7,,,,1.9,1.7,"Mostly shaded",,,,,,"Pinus palustris","qwd4SsQjkwocaftfUdQmiIMSDucic6cu","7ZsG8s1cQijU1p7CX6b9FNrZuRO+/rX6","legacyData"
"1b99cce5-88f2-4262-91d6-29b78e3469e9","OSBS_004.basePlot.vst","2015-03-05","vst_OSBS_2015","D03","OSBS","OSBS_004",,"NEON.PLA.D03.OSBS.01325",,"sapling","Live, physically damaged",1.5,10,1.5,,,,,,,,,,,,"Diospyros virginiana","qwd4SsQjkwocaftfUdQmiIMSDucic6cu","7ZsG8s1cQijU1p7CX6b9FNrZuRO+/rX6","legacyData"
"fc95754b-b3ee-4885-a30d-094dcfbee884","OSBS_014.basePlot.vst","2015-03-09","vst_OSBS_2015","D03","OSBS","OSBS_014",,"NEON.PLA.D03.OSBS.06206",,"single bole tree","Live, physically damaged",14.8,130,4.5,,,,6.1,1.3,"Mostly shaded",,,,,,"Quercus geminata","JdN6ZmAx7oWFIyzymv+BnRh9VwthDgp6K22EnIME4dI=","g3Fkz40Buxf1iaK04TVEVgbVfWbi/y8e","legacyData | noMapTagData"
"9fb18d63-c8af-409b-bd58-240111f78402","OSBS_014.basePlot.vst","2015-03-09","vst_OSBS_2015","D03","OSBS","OSBS_014",,"NEON.PLA.D03.OSBS.06184",,"small tree","Live",5.0,130,4.3,,,,,,,,,,,,"Pinus palustris","JdN6ZmAx7oWFIyzymv+BnRh9VwthDgp6K22EnIME4dI=","qwd4SsQjkwojVAYuvLRi2I6c493EEc9K","legacyData | noMapTagData"
"3a196fc7-5c0d-4b42-9d0f-9a0cc8cc988f","OSBS_014.basePlot.vst","2015-03-09","vst_OSBS_2015","D03","OSBS","OSBS_014",,"NEON.PLA.D03.OSBS.06195",,"small tree","Live",8.5,130,8.9,,,,,,,,,,,,"Pinus palustris","JdN6ZmAx7oWFIyzymv+BnRh9VwthDgp6K22EnIME4dI=","g3Fkz40Buxf1iaK04TVEVgbVfWbi/y8e","legacyData | noMapTagData"
"d7536a68-1f31-4cfb-adcc-6e354a6a774c","OSBS_014.basePlot.vst","2015-03-09","vst_OSBS_2015","D03","OSBS","OSBS_014",,"NEON.PLA.D03.OSBS.06212",,"small tree","Live, physically damaged",9.5,130,4.0,,,,,,,,,,,,"Quercus hemispherica","JdN6ZmAx7oWFIyzymv+BnRh9VwthDgp6K22EnIME4dI=","qwd4SsQjkwojVAYuvLRi2I6c493EEc9K","legacyData | noMapTagData"
"73ce131b-221d-4fae-8747-413cf6f6208f","OSBS_014.basePlot.vst","2015-03-09","vst_OSBS_2015","D03","OSBS","OSBS_014",,"NEON.PLA.D03.OSBS.06234",,"sapling","Live",1.0,10,1.4,,,,,,,,,,,,"Diospyros virginiana","JdN6ZmAx7oWFIyzymv+BnRh9VwthDgp6K22EnIME4dI=","g3Fkz40Buxf1iaK04TVEVgbVfWbi/y8e","legacyData | noMapTagData"
"3db3f875-5d80-4348-8386-45e795ee5812","OSBS_014.basePlot.vst","2015-03-09","vst_OSBS_2015","D03","OSBS","OSBS_014",,"NEON.PLA.D03.OSBS.06181",,"small tree","Live, physically damaged",6.9,130,4.2,,,,,,,,,,,,"Pinus palustris","JdN6ZmAx7oWFIyzymv+BnRh9VwthDgp6K22EnIME4dI=","qwd4SsQjkwojVAYuvLRi2I6c493EEc9K","legacyData | noMapTagData"
"86a2678f-7283-4c72-a5fc-e19009d4d000","OSBS_014.basePlot.vst","2015-03-09","vst_OSBS_2015","D03","OSBS","OSBS_014",,"NEON.PLA.D03.OSBS.06196",,"single bole tree","Live",10.3,130,9.2,,,,2.0,0.9,"Partially shaded",,,,,,"Pinus palustris","JdN6ZmAx7oWFIyzymv+BnRh9VwthDgp6K22EnIME4dI=","g3Fkz40Buxf1iaK04TVEVgbVfWbi/y8e","legacyData | noMapTagData"
"dfedc54e-5269-41ba-8de1-4a91753dbd3e","OSBS_014.basePlot.vst","2015-03-09","vst_OSBS_2015","D03","OSBS","OSBS_014",,"NEON.PLA.D03.OSBS.06219",,"single bole tree","Live",19.3,130,14.2,,,,5.2,4.0,"Partially shaded",,,,,,"Pinus palustris","JdN6ZmAx7oWFIyzymv+BnRh9VwthDgp6K22EnIME4dI=","g3Fkz40Buxf1iaK04TVEVgbVfWbi/y8e","legacyData | noMapTagData"
"c2715f4a-7dcb-428e-9c60-f3c002cffbd9","OSBS_014.basePlot.vst","2015-03-09","vst_OSBS_2015","D03","OSBS","OSBS_014",,"NEON.PLA.D03.OSBS.06192",,"single bole tree","Live",10.9,130,10.1,,,,1.8,1.6,"Mostly shaded",,,,,,"Pinus palustris","JdN6ZmAx7oWFIyzymv+BnRh9VwthDgp6K22EnIME4dI=","g3Fkz40Buxf1iaK04TVEVgbVfWbi/y8e","legacyData | noMapTagData"
"d9695606-6afb-46ac-bacf-4e6a39931479","OSBS_014.basePlot.vst","2015-03-09","vst_OSBS_2015","D03","OSBS","OSBS_014",,"NEON.PLA.D03.OSBS.06182",,"small tree","Live",9.5,130,9.8,,,,,,,,,,,,"Pinus palustris","JdN6ZmAx7oWFIyzymv+BnRh9VwthDgp6K22EnIME4dI=","qwd4SsQjkwojVAYuvLRi2I6c493EEc9K","legacyData | noMapTagData"
"550ca01b-9e5b-44a6-be85-ede946830f18","OSBS_014.basePlot.vst","2015-03-09","vst_OSBS_2015","D03","OSBS","OSBS_014",,"NEON.PLA.D03.OSBS.06208",,"small tree","Live,  other damage",8.5,130,3.1,,,,,,,,,,,,"Quercus geminata","JdN6ZmAx7oWFIyzymv+BnRh9VwthDgp6K22EnIME4dI=","g3Fkz40Buxf1iaK04TVEVgbVfWbi/y8e","legacyData | noMapTagData"
"8e3ca350-11d9-484b-a57b-e649a1bd75d2","OSBS_014.basePlot.vst","2015-03-09","vst_OSBS_2015","D03","OSBS","OSBS_014",,"NEON.PLA.D03.OSBS.06231",,"sapling","Live",1.2,130,1.4,,,,,,,,,,,,"Diospyros virginiana","JdN6ZmAx7oWFIyzymv+BnRh9VwthDgp6K22EnIME4dI=","g3Fkz40Buxf1iaK04TVEVgbVfWbi/y8e","legacyData | noMapTagData"
"3b260d6f-4977-4cc1-b22a-aefbc7fa71ee","OSBS_014.basePlot.vst","2015-03-09","vst_OSBS_2015","D03","OSBS","OSBS_014",,"NEON.PLA.D03.OSBS.06203",,"small tree","Standing dead",3.2,130,1.2,,,,,,,,,,,,"Pinus palustris","JdN6ZmAx7oWFIyzymv+BnRh9VwthDgp6K22EnIME4dI=","g3Fkz40Buxf1iaK04TVEVgbVfWbi/y8e","legacyData | noMapTagData"
"3da283ba-9845-43d8-af50-3f57cab0992f","OSBS_014.basePlot.vst","2015-03-09","vst_OSBS_2015","D03","OSBS","OSBS_014",,"NEON.PLA.D03.OSBS.06207",,"single bole tree","Live",17.3,130,6.7,,,,4.7,1.3,"Partially shaded",,,,,,"Quercus geminata","JdN6ZmAx7oWFIyzymv+BnRh9VwthDgp6K22EnIME4dI=","g3Fkz40Buxf1iaK04TVEVgbVfWbi/y8e","legacyData | noMapTagData"
"b191373d-22d8-4c7f-a82c-18e27f77e7ab","OSBS_014.basePlot.vst","2015-03-09","vst_OSBS_2015","D03","OSBS","OSBS_014",,"NEON.PLA.D03.OSBS.06205",,"small tree","Live",5.6,130,1.7,,,,,,,,,,,,"Quercus hemispherica","JdN6ZmAx7oWFIyzymv+BnRh9VwthDgp6K22EnIME4dI=","g3Fkz40Buxf1iaK04TVEVgbVfWbi/y8e","legacyData | noMapTagData"
"b9ba4db1-f237-42ce-904a-035adf6c74a1","OSBS_014.basePlot.vst","2015-03-09","vst_OSBS_2015","D03","OSBS","OSBS_014",,"NEON.PLA.D03.OSBS.06218",,"small tree","Live, disease damaged",7.0,130,3.3,,,,,,,,,,,,"Quercus nigra","JdN6ZmAx7oWFIyzymv+BnRh9VwthDgp6K22EnIME4dI=","qwd4SsQjkwojVAYuvLRi2I6c493EEc9K","legacyData | noMapTagData"
"3a2ea058-e3c6-42e3-8660-985716577050","OSBS_014.basePlot.vst","2015-03-09","vst_OSBS_2015","D03","OSBS","OSBS_014",,"NEON.PLA.D03.OSBS.06198",,"small tree","Live",6.6,130,5.7,,,,,,,,,,,,"Pinus palustris","JdN6ZmAx7oWFIyzymv+BnRh9VwthDgp6K22EnIME4dI=","g3Fkz40Buxf1iaK04TVEVgbVfWbi/y8e","legacyData | noMapTagData"
"2384b1c7-61c9-4014-a975-826a1673f30e","OSBS_014.basePlot.vst","2015-03-09","vst_OSBS_2015","D03","OSBS","OSBS_014",,"NEON.PLA.D03.OSBS.06199",,"single bole tree","Live",10.9,130,9.2,,,,2.3,1.3,"Partially shaded",,,,,,"Pinus palustris","JdN6ZmAx7oWFIyzymv+BnRh9VwthDgp6K22EnIME4dI=","g3Fkz40Buxf1iaK04TVEVgbVfWbi/y8e","legacyData | noMapTagData"
"24a1616e-e7a9-4e95-b253-cbcf664daacf","OSBS_014.basePlot.vst","2015-03-09","vst_OSBS_2015","D03","OSBS","OSBS_014",,"NEON.PLA.D03.OSBS.06229",,"small tree","Live",3.2,130,0.6,,,,,,,,,,,,"Pinus palustris","JdN6ZmAx7oWFIyzymv+BnRh9VwthDgp6K22EnIME4dI=","g3Fkz40Buxf1iaK04TVEVgbVfWbi/y8e","legacyData | noMapTagData"
"de38f2cb-4a96-4e6a-8e3a-b3710d5e5523","OSBS_014.basePlot.vst","2015-03-09","vst_OSBS_2015","D03","OSBS","OSBS_014",,"NEON.PLA.D03.OSBS.06216",,"single bole tree","Live",10.4,130,9.5,,,,2.3,2.0,"Mostly shaded",,,,,,"Pinus palustris","JdN6ZmAx7oWFIyzymv+BnRh9VwthDgp6K22EnIME4dI=","qwd4SsQjkwojVAYuvLRi2I6c493EEc9K","legacyData | noMapTagData"
"ad1e4f4a-0bc3-43a6-888a-6dc567cf9c3e","OSBS_014.basePlot.vst","2015-03-09","vst_OSBS_2015","D03","OSBS","OSBS_014",,"NEON.PLA.D03.OSBS.06202",,"single bole tree","Live, physically damaged",13.4,130,6.7,,,,4.6,2.3,"Mostly shaded",,,,,,"Quercus laevis","JdN6ZmAx7oWFIyzymv+BnRh9VwthDgp6K22EnIME4dI=","g3Fkz40Buxf1iaK04TVEVgbVfWbi/y8e","legacyData | noMapTagData"
"bbd3b659-4c09-448c-8836-4d1a16ef1098","OSBS_014.basePlot.vst","2015-03-09","vst_OSBS_2015","D03","OSBS","OSBS_014",,"NEON.PLA.D03.OSBS.06204",,"single bole tree","Live",24.5,130,9.8,,,,10.2,6.9,"Full sun",,,,,,"Quercus laevis","JdN6ZmAx7oWFIyzymv+BnRh9VwthDgp6K22EnIME4dI=","g3Fkz40Buxf1iaK04TVEVgbVfWbi/y8e","legacyData | noMapTagData"
"96e4757c-ceee-4de7-bfe9-81a8bf220e47","OSBS_014.basePlot.vst","2015-03-09","vst_OSBS_2015","D03","OSBS","OSBS_014",,"NEON.PLA.D03.OSBS.06213",,"single bole tree","Live",11.1,130,8.2,,,,2.7,1.3,"Partially shaded",,,,,,"Pinus palustris","JdN6ZmAx7oWFIyzymv+BnRh9VwthDgp6K22EnIME4dI=","qwd4SsQjkwojVAYuvLRi2I6c493EEc9K","legacyData | noMapTagData"
"e57dcdb2-985d-4145-bb5b-4862b18f85dd","OSBS_014.basePlot.vst","2015-03-09","vst_OSBS_2015","D03","OSBS","OSBS_014",,"NEON.PLA.D03.OSBS.06185",,"small tree","Live, physically damaged",5.1,130,1.7,,,,,,,,,,,,"Quercus hemispherica","JdN6ZmAx7oWFIyzymv+BnRh9VwthDgp6K22EnIME4dI=","qwd4SsQjkwojVAYuvLRi2I6c493EEc9K","legacyData | noMapTagData"
"df5f09f0-6949-4407-8e02-f9dfdd082fac","OSBS_014.basePlot.vst","2015-03-09","vst_OSBS_2015","D03","OSBS","OSBS_014",,"NEON.PLA.D03.OSBS.06200",,"single bole tree","Standing dead",15.6,130,6.2,,,,6.6,2.0,"Partially shaded",,,,,,"Quercus laevis","JdN6ZmAx7oWFIyzymv+BnRh9VwthDgp6K22EnIME4dI=","g3Fkz40Buxf1iaK04TVEVgbVfWbi/y8e","legacyData | noMapTagData"
"55052ec0-a974-4b5e-97ef-7f34de8f0e1f","OSBS_014.basePlot.vst","2015-03-09","vst_OSBS_2015","D03","OSBS","OSBS_014",,"NEON.PLA.D03.OSBS.06188",,"small tree","Live",8.4,130,6.1,,,,,,,,,,,,"Pinus palustris","JdN6ZmAx7oWFIyzymv+BnRh9VwthDgp6K22EnIME4dI=","qwd4SsQjkwojVAYuvLRi2I6c493EEc9K","legacyData | noMapTagData"
"523b5a37-7ee6-47a4-8950-a1627a9ed3a6","OSBS_014.basePlot.vst","2015-03-09","vst_OSBS_2015","D03","OSBS","OSBS_014",,"NEON.PLA.D03.OSBS.06193",,"single bole tree","Standing dead",22.7,130,2.4,,,,,,,,,,,,"Quercus spp. Dia at break 20cm","JdN6ZmAx7oWFIyzymv+BnRh9VwthDgp6K22EnIME4dI=","g3Fkz40Buxf1iaK04TVEVgbVfWbi/y8e","legacyData | noMapTagData"
"b209fb35-b12a-4a18-a8f4-9213fd2ae7d4","OSBS_014.basePlot.vst","2015-03-09","vst_OSBS_2015","D03","OSBS","OSBS_014",,"NEON.PLA.D03.OSBS.02251",,"small tree","Live, physically damaged",5.8,130,0.3,,,,,,,,,,,,"Pinus palustris","JdN6ZmAx7oWFIyzymv+BnRh9VwthDgp6K22EnIME4dI=","g3Fkz40Buxf1iaK04TVEVgbVfWbi/y8e","legacyData | noMapTagData"
"e321bfd8-d8af-4292-8313-82803c2d4d23","OSBS_014.basePlot.vst","2015-03-09","vst_OSBS_2015","D03","OSBS","OSBS_014",,"NEON.PLA.D03.OSBS.06183",,"single bole tree","Live",20.0,130,4.5,,,,,,"Partially shaded",,,,8.20,6.10,"QUGE2","JdN6ZmAx7oWFIyzymv+BnRh9VwthDgp6K22EnIME4dI=","g3Fkz40Buxf1iaK04TVEVgbVfWbi/y8e","legacyData | noMapTagData"
"83a566b6-a97b-4cde-9989-81fb6a8f80bb","OSBS_014.basePlot.vst","2015-03-09","vst_OSBS_2015","D03","OSBS","OSBS_014",,"NEON.PLA.D03.OSBS.06214",,"small tree","Live",9.5,130,4.7,,,,,,,,,,,,"Quercus laevis","JdN6ZmAx7oWFIyzymv+BnRh9VwthDgp6K22EnIME4dI=","qwd4SsQjkwojVAYuvLRi2I6c493EEc9K","legacyData | noMapTagData"
"ebb003db-ef65-4cd2-be19-aa98379b0039","OSBS_014.basePlot.vst","2015-03-09","vst_OSBS_2015","D03","OSBS","OSBS_014",,"NEON.PLA.D03.OSBS.06187",,"small tree","Live",5.0,130,3.5,,,,,,,,,,,,"Pinus palustris","JdN6ZmAx7oWFIyzymv+BnRh9VwthDgp6K22EnIME4dI=","qwd4SsQjkwojVAYuvLRi2I6c493EEc9K","legacyData | noMapTagData"
"420c4912-12a5-49e5-b8c9-f7e9fdbdb515","OSBS_014.basePlot.vst","2015-03-09","vst_OSBS_2015","D03","OSBS","OSBS_014",,"NEON.PLA.D03.OSBS.06220",,"single bole tree","Live",54.0,130,17.2,,,,13.8,9.1,"Full sun",,,,,,"Pinus palustris","JdN6ZmAx7oWFIyzymv+BnRh9VwthDgp6K22EnIME4dI=","g3Fkz40Buxf1iaK04TVEVgbVfWbi/y8e","legacyData | noMapTagData"
"7f0eb855-f16c-48a8-9d12-54059654578f","OSBS_014.basePlot.vst","2015-03-09","vst_OSBS_2015","D03","OSBS","OSBS_014",,"NEON.PLA.D03.OSBS.06191",,"sapling","Live",2.3,10,0.3,,,,,,,,,,,,"Pinus palustris","JdN6ZmAx7oWFIyzymv+BnRh9VwthDgp6K22EnIME4dI=","g3Fkz40Buxf1iaK04TVEVgbVfWbi/y8e","legacyData | noMapTagData"
"b100ea7c-c3d9-4c18-92a3-0262e9d43cb1","OSBS_014.basePlot.vst","2015-03-09","vst_OSBS_2015","D03","OSBS","OSBS_014",,"NEON.PLA.D03.OSBS.06194",,"single bole tree","Live",11.1,130,9.3,,,,3.3,1.8,"Full sun",,,,,,"Pinus palustris","JdN6ZmAx7oWFIyzymv+BnRh9VwthDgp6K22EnIME4dI=","g3Fkz40Buxf1iaK04TVEVgbVfWbi/y8e","legacyData | noMapTagData"
"b16e1de9-8b02-4b62-887e-1cf8917ed507","OSBS_014.basePlot.vst","2015-03-09","vst_OSBS_2015","D03","OSBS","OSBS_014",,"NEON.PLA.D03.OSBS.06197",,"small tree","Live,  other damage",3.2,130,1.6,,,,,,,,,,,,"Quercus laevis broken, diameter at break 2.7cm","JdN6ZmAx7oWFIyzymv+BnRh9VwthDgp6K22EnIME4dI=","g3Fkz40Buxf1iaK04TVEVgbVfWbi/y8e","legacyData | noMapTagData"
"abc1873b-b087-45cc-a09e-6ad166736298","OSBS_014.basePlot.vst","2015-03-09","vst_OSBS_2015","D03","OSBS","OSBS_014",,"NEON.PLA.D03.OSBS.06209",,"single bole tree","Standing dead",7.7,130,1.9,,,,,,,,,,,,"Quercus geminata","JdN6ZmAx7oWFIyzymv+BnRh9VwthDgp6K22EnIME4dI=","g3Fkz40Buxf1iaK04TVEVgbVfWbi/y8e","legacyData | noMapTagData"
"8430ec22-8db6-43fa-b648-bdc1d286a298","OSBS_014.basePlot.vst","2015-03-09","vst_OSBS_2015","D03","OSBS","OSBS_014",,"NEON.PLA.D03.OSBS.06186",,"single bole tree","Live",22.4,130,10.8,,,,7.4,5.4,"Partially shaded",,,,,,"Pinus clausa","JdN6ZmAx7oWFIyzymv+BnRh9VwthDgp6K22EnIME4dI=","qwd4SsQjkwojVAYuvLRi2I6c493EEc9K","legacyData | noMapTagData"
"bcb9da23-11a3-4929-b8cb-b1ba7ca1f05c","OSBS_014.basePlot.vst","2015-03-09","vst_OSBS_2015","D03","OSBS","OSBS_014",,"NEON.PLA.D03.OSBS.06201",,"small tree","Live, physically damaged",6.8,130,2.7,,,,,,,,,,,,"Quercus laevis","JdN6ZmAx7oWFIyzymv+BnRh9VwthDgp6K22EnIME4dI=","g3Fkz40Buxf1iaK04TVEVgbVfWbi/y8e","legacyData | noMapTagData"
"e3a5a1a8-94a4-4f80-bcba-c3385c0da2d6","OSBS_014.basePlot.vst","2015-03-09","vst_OSBS_2015","D03","OSBS","OSBS_014",,"NEON.PLA.D03.OSBS.01689",,"single bole tree","Live",12.0,130,11.2,,,,4.1,2.2,"Partially shaded",,,,,,"Pinus palustris","JdN6ZmAx7oWFIyzymv+BnRh9VwthDgp6K22EnIME4dI=","qwd4SsQjkwojVAYuvLRi2I6c493EEc9K","legacyData | noMapTagData"
"f1593f9a-a6e5-4268-9f80-48553e0c8b8d","OSBS_014.basePlot.vst","2015-03-09","vst_OSBS_2015","D03","OSBS","OSBS_014",,"NEON.PLA.D03.OSBS.06217",,"small tree","Live",8.7,130,6.7,,,,,,,,,,,,"Pinus palustris","JdN6ZmAx7oWFIyzymv+BnRh9VwthDgp6K22EnIME4dI=","qwd4SsQjkwojVAYuvLRi2I6c493EEc9K","legacyData | noMapTagData"
"41f1effa-b796-43d2-a4a5-60f2dce4db50","OSBS_014.basePlot.vst","2015-03-09","vst_OSBS_2015","D03","OSBS","OSBS_014",,"NEON.PLA.D03.OSBS.06190",,"small tree","Live, physically damaged",6.7,130,4.8,,,,,,,,,,,,"Pinus palustris","JdN6ZmAx7oWFIyzymv+BnRh9VwthDgp6K22EnIME4dI=","qwd4SsQjkwojVAYuvLRi2I6c493EEc9K","legacyData | noMapTagData"
"f83e3be6-34f7-49eb-95db-4f783aaedabd","OSBS_014.basePlot.vst","2015-03-09","vst_OSBS_2015","D03","OSBS","OSBS_014",,"NEON.PLA.D03.OSBS.06210",,"single bole tree","Live",11.5,130,11.9,,,,2.7,2.1,"Partially shaded",,,,,,"Pinus palustris","JdN6ZmAx7oWFIyzymv+BnRh9VwthDgp6K22EnIME4dI=","g3Fkz40Buxf1iaK04TVEVgbVfWbi/y8e","legacyData | noMapTagData"
"46d77dd8-147b-423e-8894-6b33f4cdb68b","OSBS_014.basePlot.vst","2015-03-09","vst_OSBS_2015","D03","OSBS","OSBS_014",,"NEON.PLA.D03.OSBS.06215",,"single bole tree","Live",11.2,130,10.6,,,,2.9,1.7,"Partially shaded",,,,,,"Pinus palustris","JdN6ZmAx7oWFIyzymv+BnRh9VwthDgp6K22EnIME4dI=","qwd4SsQjkwojVAYuvLRi2I6c493EEc9K","legacyData | noMapTagData"
"3202f2c7-c6c2-48dd-8458-0ad723faa935","OSBS_014.basePlot.vst","2015-03-09","vst_OSBS_2015","D03","OSBS","OSBS_014",,"NEON.PLA.D03.OSBS.06211",,"single bole tree","Live",13.9,130,12.8,,,,2.5,1.7,"Partially shaded",,,,,,"Pinus palustris","JdN6ZmAx7oWFIyzymv+BnRh9VwthDgp6K22EnIME4dI=","g3Fkz40Buxf1iaK04TVEVgbVfWbi/y8e","legacyData | noMapTagData"
"26e6decd-3de4-4267-ad72-ac4075e6809f","OSBS_014.basePlot.vst","2015-03-09","vst_OSBS_2015","D03","OSBS","OSBS_014",,"NEON.PLA.D03.OSBS.06153",,"single bole tree","Live",15.2,130,7.4,,,,5.9,5.8,"Mostly shaded",,,,,,"Quercus laevis","JdN6ZmAx7oWFIyzymv+BnRh9VwthDgp6K22EnIME4dI=","qwd4SsQjkwojVAYuvLRi2I6c493EEc9K","legacyData | noMapTagData"
"eba09718-6b26-4baf-a254-9067f8e2931e","OSBS_014.basePlot.vst","2015-03-09","vst_OSBS_2015","D03","OSBS","OSBS_014",,"NEON.PLA.D03.OSBS.06230",,"small tree","Live",6.2,130,6.0,,,,,,,,,,,,"Pinus palustris","JdN6ZmAx7oWFIyzymv+BnRh9VwthDgp6K22EnIME4dI=","g3Fkz40Buxf1iaK04TVEVgbVfWbi/y8e","legacyData | noMapTagData"
"510c6b08-9f82-4046-b4fa-087e76f8bd06","OSBS_023.basePlot.vst","2015-03-09","vst_OSBS_2015","D03","OSBS","OSBS_023",,"NEON.PLA.D03.OSBS.01114",,,"Live",1.8,,1.9,,,,,,,,,,,,"Diospyros virginiana","JdN6ZmAx7oWFIyzymv+BnRh9VwthDgp6K22EnIME4dI=","qwd4SsQjkwojVAYuvLRi2I6c493EEc9K","legacyData"
"3bf8747e-5fd6-4550-b75e-97f7264b8b0d","OSBS_030.basePlot.vst","2015-03-11","vst_OSBS_2015","D03","OSBS","OSBS_030",,"NEON.PLA.D03.OSBS.03144",,"single bole tree","Live",10.9,130,5.9,,,,,,"Partially shaded",,,,,,"PIPA2","Sr1dksTZPuPeT7w3tASAP+Nl4XOx5Lmq","g3Fkz40Buxf1iaK04TVEVgbVfWbi/y8e","legacyData"
"a3096489-97d2-4d42-a27b-669548011ef0","OSBS_030.basePlot.vst","2015-03-11","vst_OSBS_2015","D03","OSBS","OSBS_030",,"NEON.PLA.D03.OSBS.03138",,"single bole tree","Live",13.2,130,9.1,,,,2.8,2.7,"Partially shaded",,,,,,"PIPA2","Sr1dksTZPuPeT7w3tASAP+Nl4XOx5Lmq","qwd4SsQjkwojVAYuvLRi2I6c493EEc9K","legacyData"
"f6dd8cb1-369e-4138-81fa-137dddae9949","OSBS_030.basePlot.vst","2015-03-11","vst_OSBS_2015","D03","OSBS","OSBS_030",,"NEON.PLA.D03.OSBS.03145",,"single bole tree","Live",15.1,130,8.1,,,,,,"Full sun",,,,,,"PIPA2","Sr1dksTZPuPeT7w3tASAP+Nl4XOx5Lmq","g3Fkz40Buxf1iaK04TVEVgbVfWbi/y8e","legacyData"
"87ec7922-56b8-4597-b52c-c0fc47651df6","OSBS_027.basePlot.vst","2015-03-11","vst_OSBS_2015","D03","OSBS","OSBS_027",,"NEON.PLA.D03.OSBS.02940",,"sapling","Live, physically damaged",1.3,10,0.8,,,,,,,,,,,,"Quercus laevis","SZd6jJU+PWukgvziuyetpzviWNuM2FzT","PO+gLcqpgG6WKM8lPge6HQp6NUBLdhs8","legacyData"
"b9aed31d-f567-4179-b471-133f8a81cd7f","OSBS_030.basePlot.vst","2015-03-11","vst_OSBS_2015","D03","OSBS","OSBS_030",,"NEON.PLA.D03.OSBS.03160",,"small tree","Live",3.6,130,0.6,,,,,,,,,,,,"PIPA2","Sr1dksTZPuPeT7w3tASAP+Nl4XOx5Lmq","g3Fkz40Buxf1iaK04TVEVgbVfWbi/y8e","legacyData"
"18f735af-9a14-4304-b865-6db0e2d6c51a","OSBS_027.basePlot.vst","2015-03-11","vst_OSBS_2015","D03","OSBS","OSBS_027",,"NEON.PLA.D03.OSBS.02287",,"sapling","Live",2.1,10,1.0,,,,,,,,,,,,"Quercus laevis","SZd6jJU+PWukgvziuyetpzviWNuM2FzT","PO+gLcqpgG6WKM8lPge6HQp6NUBLdhs8","legacyData"
"e7246088-595b-47ec-a1fb-2ae9bc4c6a4c","OSBS_030.basePlot.vst","2015-03-11","vst_OSBS_2015","D03","OSBS","OSBS_030",,"NEON.PLA.D03.OSBS.03172",,"small tree","Live",8.0,130,5.7,,,,,,,,,,,,"PIPA2, smt","Sr1dksTZPuPeT7w3tASAP+Nl4XOx5Lmq","g3Fkz40Buxf1iaK04TVEVgbVfWbi/y8e","legacyData"
"5a36e23a-f193-419b-b0e3-bafd52ed46d4","OSBS_030.basePlot.vst","2015-03-11","vst_OSBS_2015","D03","OSBS","OSBS_030",,"NEON.PLA.D03.OSBS.03185",,"small tree","Live",3.6,130,0.6,,,,,,,,,,,,"PIPA2, smt","Sr1dksTZPuPeT7w3tASAP+Nl4XOx5Lmq","g3Fkz40Buxf1iaK04TVEVgbVfWbi/y8e","legacyData"
"70bf15ee-a2f7-4104-aac4-5d305c91ed27","OSBS_027.basePlot.vst","2015-03-11","vst_OSBS_2015","D03","OSBS","OSBS_027",,"NEON.PLA.D03.OSBS.02847",,"single bole tree","Live, physically damaged",13.5,120,8.9,,,,3.6,2.1,"Partially shaded",,,,,,"Quercus geminata","cirXiP/Ecx/kMFKhFmjN8mT8kcIebjHK","PO+gLcqpgG6WKM8lPge6HQp6NUBLdhs8","legacyData"
"a462093b-85d7-497a-b8b7-175b85f0fc08","OSBS_030.basePlot.vst","2015-03-11","vst_OSBS_2015","D03","OSBS","OSBS_030",,"NEON.PLA.D03.OSBS.03149",,"single bole tree","Live",34.7,130,9.2,,,,,,"Full sun",,,,,,"PIPA2, smt","Sr1dksTZPuPeT7w3tASAP+Nl4XOx5Lmq","g3Fkz40Buxf1iaK04TVEVgbVfWbi/y8e","legacyData"
"5dc6b05e-71b1-4240-b00f-719b9911f07b","OSBS_030.basePlot.vst","2015-03-11","vst_OSBS_2015","D03","OSBS","OSBS_030",,"NEON.PLA.D03.OSBS.03186",,"sapling","Live",2.7,10,0.5,,,,,,,,,,,,"PIPA2","Sr1dksTZPuPeT7w3tASAP+Nl4XOx5Lmq","g3Fkz40Buxf1iaK04TVEVgbVfWbi/y8e","legacyData"
"0ff8e6d5-1b59-43ab-af12-3770dbf54073","OSBS_027.basePlot.vst","2015-03-11","vst_OSBS_2015","D03","OSBS","OSBS_027",,"NEON.PLA.D03.OSBS.02941",,"sapling","Live",1.2,10,0.8,,,,,,,,,,,,"Quercus laevis","SZd6jJU+PWukgvziuyetpzviWNuM2FzT","PO+gLcqpgG6WKM8lPge6HQp6NUBLdhs8","legacyData"
"61049d67-3f2c-4144-98b6-c054d0beb0a0","OSBS_030.basePlot.vst","2015-03-11","vst_OSBS_2015","D03","OSBS","OSBS_030",,"NEON.PLA.D03.OSBS.03139",,"single bole tree","Live",15.6,130,8.4,,,,3.4,2.0,"Partially shaded",,,,,,"PIPA2","Sr1dksTZPuPeT7w3tASAP+Nl4XOx5Lmq","qwd4SsQjkwojVAYuvLRi2I6c493EEc9K","legacyData"
"40bb7bc3-e402-4002-bb0c-8c0d2769a43f","OSBS_027.basePlot.vst","2015-03-11","vst_OSBS_2015","D03","OSBS","OSBS_027",,"NEON.PLA.D03.OSBS.02929",,"small tree","Live",7.0,130,3.5,,,,,,,,,,,,"Pinus palustris","cirXiP/Ecx/kMFKhFmjN8mT8kcIebjHK","PO+gLcqpgG6WKM8lPge6HQp6NUBLdhs8","legacyData"
"08007429-354f-4fd9-a2b7-4318b92d3c27","OSBS_030.basePlot.vst","2015-03-11","vst_OSBS_2015","D03","OSBS","OSBS_030",,"NEON.PLA.D03.OSBS.03621",,,"Standing dead",13.0,130,1.6,,,,,,,,,,,,"QULA - dead, mbt, hollowed out","Sr1dksTZPuPeT7w3tASAP+Nl4XOx5Lmq","g3Fkz40Buxf1iaK04TVEVgbVfWbi/y8e","legacyData | noMapTagData"
"29244a57-c4cc-4019-8475-b18bd393197c","OSBS_027.basePlot.vst","2015-03-11","vst_OSBS_2015","D03","OSBS","OSBS_027",,"NEON.PLA.D03.OSBS.02853",,"single bole tree","Live, disease damaged",17.6,130,10.6,,,,5.0,4.6,"Partially shaded",,,,,,"Pinus palustris","cirXiP/Ecx/kMFKhFmjN8mT8kcIebjHK","PO+gLcqpgG6WKM8lPge6HQp6NUBLdhs8","legacyData"
"d907185b-f59a-42e4-ae6a-b83236ed7b84","OSBS_030.basePlot.vst","2015-03-11","vst_OSBS_2015","D03","OSBS","OSBS_030",,"NEON.PLA.D03.OSBS.03188",,"small tree","Live",6.3,120,2.2,,,,,,,,,,,,"PIPA2, smt","Sr1dksTZPuPeT7w3tASAP+Nl4XOx5Lmq","g3Fkz40Buxf1iaK04TVEVgbVfWbi/y8e","legacyData"
"13e84db5-4a0f-4652-a8c0-21d1869f406a","OSBS_030.basePlot.vst","2015-03-11","vst_OSBS_2015","D03","OSBS","OSBS_030",,"NEON.PLA.D03.OSBS.03176",,"small tree","Live",8.0,130,4.6,,,,,,,,,,,,"PIPA2, smt","Sr1dksTZPuPeT7w3tASAP+Nl4XOx5Lmq","g3Fkz40Buxf1iaK04TVEVgbVfWbi/y8e","legacyData"
"53792e4f-ad92-4e91-b703-74ace7698829","OSBS_030.basePlot.vst","2015-03-11","vst_OSBS_2015","D03","OSBS","OSBS_030",,"NEON.PLA.D03.OSBS.03184",,"sapling","Live, disease damaged",3.9,10,1.2,,,,,,,,,,,,"PIPA2, sap","Sr1dksTZPuPeT7w3tASAP+Nl4XOx5Lmq","g3Fkz40Buxf1iaK04TVEVgbVfWbi/y8e","legacyData"
"502e99b7-dfda-48c1-bb08-c5d51c31620e","OSBS_027.basePlot.vst","2015-03-11","vst_OSBS_2015","D03","OSBS","OSBS_027",,"NEON.PLA.D03.OSBS.02946",,"sapling","Live",1.1,10,0.7,,,,,,,,,,,,"Quercus laevis","SZd6jJU+PWukgvziuyetpzviWNuM2FzT","PO+gLcqpgG6WKM8lPge6HQp6NUBLdhs8","legacyData"
"ccfc408d-b590-42ef-a232-c867c51fa0c2","OSBS_030.basePlot.vst","2015-03-11","vst_OSBS_2015","D03","OSBS","OSBS_030",,"NEON.PLA.D03.OSBS.03189",,"small tree","Live",3.9,130,0.7,,,,,,,,,,,,"PIPA2, smt","Sr1dksTZPuPeT7w3tASAP+Nl4XOx5Lmq","g3Fkz40Buxf1iaK04TVEVgbVfWbi/y8e","legacyData"
"cf22a970-a021-4970-8964-0f34abdd25c0","OSBS_030.basePlot.vst","2015-03-11","vst_OSBS_2015","D03","OSBS","OSBS_030",,"NEON.PLA.D03.OSBS.03180",,"small tree","Live",7.1,130,3.4,,,,,,,,,,,,"PIPA2","Sr1dksTZPuPeT7w3tASAP+Nl4XOx5Lmq","g3Fkz40Buxf1iaK04TVEVgbVfWbi/y8e","legacyData"
"8d9611ae-8df3-40c4-9909-bd73a2efaae5","OSBS_027.basePlot.vst","2015-03-11","vst_OSBS_2015","D03","OSBS","OSBS_027",,"NEON.PLA.D03.OSBS.02845",,"single bole tree","Live",29.0,130,12.6,,,,7.6,5.9,"Full sun",,,,,,"Pinus palustris","cirXiP/Ecx/kMFKhFmjN8mT8kcIebjHK","PO+gLcqpgG6WKM8lPge6HQp6NUBLdhs8","legacyData"
"82b40ce3-8e0d-4465-9732-8c585c176e19","OSBS_030.basePlot.vst","2015-03-11","vst_OSBS_2015","D03","OSBS","OSBS_030",,"NEON.PLA.D03.OSBS.03152",,"single bole tree","Live",11.0,130,7.2,,,,,,"Partially shaded",,,,,,"PIPA2, sbt","Sr1dksTZPuPeT7w3tASAP+Nl4XOx5Lmq","g3Fkz40Buxf1iaK04TVEVgbVfWbi/y8e","legacyData"
"9351cec7-b61c-48e9-b66c-3eacdb37f1d8","OSBS_030.basePlot.vst","2015-03-11","vst_OSBS_2015","D03","OSBS","OSBS_030",,"NEON.PLA.D03.OSBS.03162",,"small tree","Live",5.7,130,2.9,,,,,,,,,,,,"PIPA2","Sr1dksTZPuPeT7w3tASAP+Nl4XOx5Lmq","g3Fkz40Buxf1iaK04TVEVgbVfWbi/y8e","legacyData"
"c3fb9200-d41f-4960-bb76-957919e48251","OSBS_027.basePlot.vst","2015-03-11","vst_OSBS_2015","D03","OSBS","OSBS_027",,"NEON.PLA.D03.OSBS.02844",,"single bole tree","Live, physically damaged",15.7,130,9.3,,,,3.5,3.0,"Partially shaded",,,,,,"Pinus palustris","cirXiP/Ecx/kMFKhFmjN8mT8kcIebjHK","PO+gLcqpgG6WKM8lPge6HQp6NUBLdhs8","legacyData"
"b7496302-9daf-4bba-be90-b97f7e571e1e","OSBS_030.basePlot.vst","2015-03-11","vst_OSBS_2015","D03","OSBS","OSBS_030",,"NEON.PLA.D03.OSBS.03161",,"small tree","Live, disease damaged",6.0,130,3.1,,,,,,,,,,,,"PIPA2","Sr1dksTZPuPeT7w3tASAP+Nl4XOx5Lmq","g3Fkz40Buxf1iaK04TVEVgbVfWbi/y8e","legacyData"
"9dbf9e75-acd6-4ff7-b98f-e6f03bd88715","OSBS_030.basePlot.vst","2015-03-11","vst_OSBS_2015","D03","OSBS","OSBS_030",,"NEON.PLA.D03.OSBS.03171",,"small tree","Live",4.8,130,1.5,,,,,,,,,,,,"PIPA2, smt","Sr1dksTZPuPeT7w3tASAP+Nl4XOx5Lmq","g3Fkz40Buxf1iaK04TVEVgbVfWbi/y8e","legacyData"
"ca3b94e7-2c26-4b9c-8f73-7adb4c4cb934","OSBS_030.basePlot.vst","2015-03-11","vst_OSBS_2015","D03","OSBS","OSBS_030",,"NEON.PLA.D03.OSBS.03153",,"small tree","Live",9.8,130,5.6,,,,,,,,,,,,"PIPA2, smt","Sr1dksTZPuPeT7w3tASAP+Nl4XOx5Lmq","g3Fkz40Buxf1iaK04TVEVgbVfWbi/y8e","legacyData"
"7e553eb7-888a-40a1-87df-6e8ba230d11a","OSBS_030.basePlot.vst","2015-03-11","vst_OSBS_2015","D03","OSBS","OSBS_030",,"NEON.PLA.D03.OSBS.03154",,"small tree","Live",5.7,130,1.2,,,,,,,,,,,,"PIPA2","Sr1dksTZPuPeT7w3tASAP+Nl4XOx5Lmq","g3Fkz40Buxf1iaK04TVEVgbVfWbi/y8e","legacyData"
"c64ad928-73bd-4fdc-8e26-2352df943757","OSBS_030.basePlot.vst","2015-03-11","vst_OSBS_2015","D03","OSBS","OSBS_030",,"NEON.PLA.D03.OSBS.03131",,"single bole tree","Live",13.4,130,6.5,,,,,,"Partially shaded",,,,,,"PIPA2","Sr1dksTZPuPeT7w3tASAP+Nl4XOx5Lmq","g3Fkz40Buxf1iaK04TVEVgbVfWbi/y8e","legacyData"
"28591dc4-8667-494f-b8c3-e26ef2dd7048","OSBS_027.basePlot.vst","2015-03-11","vst_OSBS_2015","D03","OSBS","OSBS_027",,"NEON.PLA.D03.OSBS.02850",,"single bole tree","Live, physically damaged",12.5,130,6.8,,,,3.4,2.6,"Partially shaded",,,,,,"Quercus laevis","cirXiP/Ecx/kMFKhFmjN8mT8kcIebjHK","PO+gLcqpgG6WKM8lPge6HQp6NUBLdhs8","legacyData"
"23575732-852a-4f68-9ced-37f59ff560e0","OSBS_027.basePlot.vst","2015-03-11","vst_OSBS_2015","D03","OSBS","OSBS_027",,"NEON.PLA.D03.OSBS.02843",,"single bole tree","Live",17.5,120,12.0,,,,4.7,4.6,"Full sun",,,,,,"Pinus palustris","cirXiP/Ecx/kMFKhFmjN8mT8kcIebjHK","PO+gLcqpgG6WKM8lPge6HQp6NUBLdhs8","legacyData"
"b2ddbb2b-8acc-4a61-8722-4ade03fa933d","OSBS_030.basePlot.vst","2015-03-11","vst_OSBS_2015","D03","OSBS","OSBS_030",,"NEON.PLA.D03.OSBS.03140",,"single bole tree","Live",13.0,130,8.3,,,,2.6,1.9,"Partially shaded",,,,,,"PIPA2","Sr1dksTZPuPeT7w3tASAP+Nl4XOx5Lmq","qwd4SsQjkwojVAYuvLRi2I6c493EEc9K","legacyData"
"963bae5a-0ec7-4394-8fb6-c018027b5d50","OSBS_030.basePlot.vst","2015-03-11","vst_OSBS_2015","D03","OSBS","OSBS_030",,"NEON.PLA.D03.OSBS.03164",,"single bole tree","Live",10.2,130,5.7,,,,,,"Partially shaded",,,,,,"PIPA2, smt","Sr1dksTZPuPeT7w3tASAP+Nl4XOx5Lmq","g3Fkz40Buxf1iaK04TVEVgbVfWbi/y8e","legacyData"
"3b43604f-058c-4cfe-9442-41398f72b914","OSBS_027.basePlot.vst","2015-03-11","vst_OSBS_2015","D03","OSBS","OSBS_027",,"NEON.PLA.D03.OSBS.02949",,"small tree","Live, disease damaged",8.2,130,5.4,,,,,,,,,,,,"Pinus palustris","SZd6jJU+PWukgvziuyetpzviWNuM2FzT","PO+gLcqpgG6WKM8lPge6HQp6NUBLdhs8","legacyData"
"8d9988ce-91c4-46d2-a43d-526826e301c2","OSBS_027.basePlot.vst","2015-03-11","vst_OSBS_2015","D03","OSBS","OSBS_027",,"NEON.PLA.D03.OSBS.02286",,"small shrub","Live",1.8,10,1.1,,,,1.1,0.8,,"half-sphere",,,,,"Quercus laevis 2nd stem 1.6","SZd6jJU+PWukgvziuyetpzviWNuM2FzT","PO+gLcqpgG6WKM8lPge6HQp6NUBLdhs8","legacyData"
"47d672c4-c0f7-4247-881c-0778f57963ea","OSBS_030.basePlot.vst","2015-03-11","vst_OSBS_2015","D03","OSBS","OSBS_030",,"NEON.PLA.D03.OSBS.03156",,"small tree","Live",7.4,130,3.4,,,,,,,,,,,,"PIPA2, smt","Sr1dksTZPuPeT7w3tASAP+Nl4XOx5Lmq","g3Fkz40Buxf1iaK04TVEVgbVfWbi/y8e","legacyData"
"5f07494b-52ac-4a07-8917-8532debc3a53","OSBS_030.basePlot.vst","2015-03-11","vst_OSBS_2015","D03","OSBS","OSBS_030",,"NEON.PLA.D03.OSBS.03163",,"small tree","Live",9.8,130,8.7,,,,,,,,,,,,"PIPA2","Sr1dksTZPuPeT7w3tASAP+Nl4XOx5Lmq","g3Fkz40Buxf1iaK04TVEVgbVfWbi/y8e","legacyData"
"6c57e255-0f42-4d70-922e-aa5a9552698e","OSBS_030.basePlot.vst","2015-03-11","vst_OSBS_2015","D03","OSBS","OSBS_030",,"NEON.PLA.D03.OSBS.03147",,"single bole tree","Live",10.9,130,5.9,,,,2.1,2.0,"Partially shaded",,,,,,"PIPA2","Sr1dksTZPuPeT7w3tASAP+Nl4XOx5Lmq","g3Fkz40Buxf1iaK04TVEVgbVfWbi/y8e","legacyData"
"df3a4226-fa83-4aa4-ae8e-24c8053c26dc","OSBS_027.basePlot.vst","2015-03-11","vst_OSBS_2015","D03","OSBS","OSBS_027",,"NEON.PLA.D03.OSBS.02942",,"sapling","Live",1.1,10,1.0,,,,,,,,,,,,"DIVI5","SZd6jJU+PWukgvziuyetpzviWNuM2FzT","PO+gLcqpgG6WKM8lPge6HQp6NUBLdhs8","legacyData"
"9b56c961-868b-40de-9059-154122c50c2c","OSBS_030.basePlot.vst","2015-03-11","vst_OSBS_2015","D03","OSBS","OSBS_030",,"NEON.PLA.D03.OSBS.02910",,,"Live",30.2,130,6.1,,,,,,"Mostly shaded",,,,,,"QULA, mbt","Sr1dksTZPuPeT7w3tASAP+Nl4XOx5Lmq","g3Fkz40Buxf1iaK04TVEVgbVfWbi/y8e","legacyData | noMapTagData"
"f88ee7d9-77ee-4bad-8f07-8fe960bd8bb6","OSBS_030.basePlot.vst","2015-03-11","vst_OSBS_2015","D03","OSBS","OSBS_030",,"NEON.PLA.D03.OSBS.03178",,"small tree","Live",7.0,130,4.4,,,,,,,,,,,,"PIPA2, smt","Sr1dksTZPuPeT7w3tASAP+Nl4XOx5Lmq","g3Fkz40Buxf1iaK04TVEVgbVfWbi/y8e","legacyData"
"a895b412-d84d-45f7-9de5-49424eb609f4","OSBS_030.basePlot.vst","2015-03-11","vst_OSBS_2015","D03","OSBS","OSBS_030",,"NEON.PLA.D03.OSBS.03187",,"small tree","Live, disease damaged",5.0,130,1.3,,,,,,,,,,,,"PIPA2, smt","Sr1dksTZPuPeT7w3tASAP+Nl4XOx5Lmq","g3Fkz40Buxf1iaK04TVEVgbVfWbi/y8e","legacyData"
"abd49290-556d-4780-88ae-dbb1e72a4785","OSBS_027.basePlot.vst","2015-03-11","vst_OSBS_2015","D03","OSBS","OSBS_027",,"NEON.PLA.D03.OSBS.02943",,"sapling","Live",1.8,10,0.7,,,,,,,,,,,,"Quercus laevis","SZd6jJU+PWukgvziuyetpzviWNuM2FzT","PO+gLcqpgG6WKM8lPge6HQp6NUBLdhs8","legacyData"
"73dc3a4c-f535-449c-b33c-a443637e03b8","OSBS_030.basePlot.vst","2015-03-11","vst_OSBS_2015","D03","OSBS","OSBS_030",,"NEON.PLA.D03.OSBS.03143",,"single bole tree","Live",14.6,130,8.9,,,,,,"Partially shaded",,,,,,"PIPA2","Sr1dksTZPuPeT7w3tASAP+Nl4XOx5Lmq","g3Fkz40Buxf1iaK04TVEVgbVfWbi/y8e","legacyData"
"a50fe350-f0ed-416b-b26a-ff1f7ffbf56a","OSBS_030.basePlot.vst","2015-03-11","vst_OSBS_2015","D03","OSBS","OSBS_030",,"NEON.PLA.D03.OSBS.03170",,"small tree","Live",5.2,130,1.9,,,,,,,,,,,,"PIPA2, smt","Sr1dksTZPuPeT7w3tASAP+Nl4XOx5Lmq","g3Fkz40Buxf1iaK04TVEVgbVfWbi/y8e","legacyData"
"1500adda-da99-4838-81bf-d4afaf569c89","OSBS_030.basePlot.vst","2015-03-11","vst_OSBS_2015","D03","OSBS","OSBS_030",,"NEON.PLA.D03.OSBS.03151",,"single bole tree","Live",19.6,130,8.5,,,,,,"Partially shaded",,,,,,"PIPA2, sbt","Sr1dksTZPuPeT7w3tASAP+Nl4XOx5Lmq","g3Fkz40Buxf1iaK04TVEVgbVfWbi/y8e","legacyData"
"d5b4d1f2-4f9a-4c29-91bd-c3b1cdf575b9","OSBS_030.basePlot.vst","2015-03-11","vst_OSBS_2015","D03","OSBS","OSBS_030",,"NEON.PLA.D03.OSBS.03168",,"small tree","Live, disease damaged",4.6,110,1.1,,,,,,,,,,,,"PIPA2, smt","Sr1dksTZPuPeT7w3tASAP+Nl4XOx5Lmq","g3Fkz40Buxf1iaK04TVEVgbVfWbi/y8e","legacyData"
"f87bd80d-bd9b-4ae0-8589-c6633ff5e202","OSBS_030.basePlot.vst","2015-03-11","vst_OSBS_2015","D03","OSBS","OSBS_030",,"NEON.PLA.D03.OSBS.03177",,"small tree","Live",6.5,130,4.4,,,,,,,,,,,,"PIPA2, smt","Sr1dksTZPuPeT7w3tASAP+Nl4XOx5Lmq","g3Fkz40Buxf1iaK04TVEVgbVfWbi/y8e","legacyData"
"f40a419d-e614-4236-a965-fd4f04299132","OSBS_030.basePlot.vst","2015-03-11","vst_OSBS_2015","D03","OSBS","OSBS_030",,"NEON.PLA.D03.OSBS.03158",,"small tree","Live, disease damaged",5.6,130,2.2,,,,,,,,,,,,"PIPA2","Sr1dksTZPuPeT7w3tASAP+Nl4XOx5Lmq","g3Fkz40Buxf1iaK04TVEVgbVfWbi/y8e","legacyData"
"4ae1a6fc-49f6-4e05-8b4d-9723f64784be","OSBS_027.basePlot.vst","2015-03-11","vst_OSBS_2015","D03","OSBS","OSBS_027",,"NEON.PLA.D03.OSBS.02947",,"sapling","Live, physically damaged",1.1,10,0.7,,,,,,,,,,,,"Quercus laevis","SZd6jJU+PWukgvziuyetpzviWNuM2FzT","PO+gLcqpgG6WKM8lPge6HQp6NUBLdhs8","legacyData"
"eaf5ce96-9acf-4978-aed6-749293dcb0c9","OSBS_030.basePlot.vst","2015-03-11","vst_OSBS_2015","D03","OSBS","OSBS_030",,"NEON.PLA.D03.OSBS.03167",,"small tree","Live",8.5,130,5.7,,,,,,,,,,,,"PIPA2, smt","Sr1dksTZPuPeT7w3tASAP+Nl4XOx5Lmq","g3Fkz40Buxf1iaK04TVEVgbVfWbi/y8e","legacyData"
"6cc1f5b9-91ce-4242-8b16-5a80a2c1f007","OSBS_030.basePlot.vst","2015-03-11","vst_OSBS_2015","D03","OSBS","OSBS_030",,"NEON.PLA.D03.OSBS.03174",,"small tree","Live",7.7,130,4.7,,,,,,,,,,,,"PIPA2, smt","Sr1dksTZPuPeT7w3tASAP+Nl4XOx5Lmq","g3Fkz40Buxf1iaK04TVEVgbVfWbi/y8e","legacyData"
"deb992e6-8758-4bc0-9045-df056155c827","OSBS_030.basePlot.vst","2015-03-11","vst_OSBS_2015","D03","OSBS","OSBS_030",,"NEON.PLA.D03.OSBS.03146",,"single bole tree","Live",11.1,130,8.3,,,,2.6,1.9,"Partially shaded",,,,,,"PIPA2","Sr1dksTZPuPeT7w3tASAP+Nl4XOx5Lmq","qwd4SsQjkwojVAYuvLRi2I6c493EEc9K","legacyData"
"2540fd50-954c-4226-a8b4-28fcd32f6aba","OSBS_030.basePlot.vst","2015-03-11","vst_OSBS_2015","D03","OSBS","OSBS_030",,"NEON.PLA.D03.OSBS.03142",,"single bole tree","Live",14.1,130,9.0,,,,3.6,3.0,"Partially shaded",,,,,,"PIPA2","Sr1dksTZPuPeT7w3tASAP+Nl4XOx5Lmq","qwd4SsQjkwojVAYuvLRi2I6c493EEc9K","legacyData"
"9240cb20-8919-4b8e-920c-ea96e2b0b01b","OSBS_027.basePlot.vst","2015-03-11","vst_OSBS_2015","D03","OSBS","OSBS_027",,"NEON.PLA.D03.OSBS.02852",,"single bole tree","Live",11.1,130,6.6,,,,2.9,2.6,"Partially shaded",,,,,,"Pinus palustris","cirXiP/Ecx/kMFKhFmjN8mT8kcIebjHK","PO+gLcqpgG6WKM8lPge6HQp6NUBLdhs8","legacyData"
"77c448a0-bb24-4726-b787-dd5509c535a2","OSBS_027.basePlot.vst","2015-03-11","vst_OSBS_2015","D03","OSBS","OSBS_027",,"NEON.PLA.D03.OSBS.02939",,"sapling","Live, physically damaged",1.1,10,0.7,,,,,,,,,,,,"Quercus laevis","cirXiP/Ecx/kMFKhFmjN8mT8kcIebjHK","PO+gLcqpgG6WKM8lPge6HQp6NUBLdhs8","legacyData"
"8c959aa5-dc4a-4c88-9909-9806cffe81f6","OSBS_027.basePlot.vst","2015-03-11","vst_OSBS_2015","D03","OSBS","OSBS_027",,"NEON.PLA.D03.OSBS.02944",,"sapling","Live",1.0,10,0.8,,,,,,,,,,,,"Quercus laevis","SZd6jJU+PWukgvziuyetpzviWNuM2FzT","PO+gLcqpgG6WKM8lPge6HQp6NUBLdhs8","legacyData"
"f3470c62-6994-449e-b299-de3ebd74198d","OSBS_027.basePlot.vst","2015-03-11","vst_OSBS_2015","D03","OSBS","OSBS_027",,"NEON.PLA.D03.OSBS.02849",,"single bole tree","Live, disease damaged",11.8,130,2.6,,,,8.2,2.6,"Mostly shaded",,,,,,"Pinus palustris","cirXiP/Ecx/kMFKhFmjN8mT8kcIebjHK","PO+gLcqpgG6WKM8lPge6HQp6NUBLdhs8","legacyData"
"883d4a72-69cb-49c5-8888-19ff6f128dad","OSBS_030.basePlot.vst","2015-03-11","vst_OSBS_2015","D03","OSBS","OSBS_030",,"NEON.PLA.D03.OSBS.03179",,"small tree","Live",6.0,130,2.6,,,,,,,,,,,,"PIPA2","Sr1dksTZPuPeT7w3tASAP+Nl4XOx5Lmq","g3Fkz40Buxf1iaK04TVEVgbVfWbi/y8e","legacyData"
"ca3290bf-88f9-4abe-aef7-91302268a5d4","OSBS_030.basePlot.vst","2015-03-11","vst_OSBS_2015","D03","OSBS","OSBS_030",,"NEON.PLA.D03.OSBS.03166",,"small tree","Live",8.0,130,5.7,,,,,,,,,,,,"PIPA2, smt","Sr1dksTZPuPeT7w3tASAP+Nl4XOx5Lmq","g3Fkz40Buxf1iaK04TVEVgbVfWbi/y8e","legacyData"
"31b04784-0a9e-4d1c-bf15-5e5ab99383d4","OSBS_030.basePlot.vst","2015-03-11","vst_OSBS_2015","D03","OSBS","OSBS_030",,"NEON.PLA.D03.OSBS.03182",,"small tree","Live",6.8,110,1.8,,,,,,,,,,,,"PIPA2","Sr1dksTZPuPeT7w3tASAP+Nl4XOx5Lmq","g3Fkz40Buxf1iaK04TVEVgbVfWbi/y8e","legacyData"
"c80e55ba-5896-40b4-9190-d80f15db5a7c","OSBS_027.basePlot.vst","2015-03-11","vst_OSBS_2015","D03","OSBS","OSBS_027",,"NEON.PLA.D03.OSBS.02288",,"sapling","Live, physically damaged",1.5,10,0.9,,,,,,,,,,,,"Quercus laevis","SZd6jJU+PWukgvziuyetpzviWNuM2FzT","PO+gLcqpgG6WKM8lPge6HQp6NUBLdhs8","legacyData"
"97b2ced5-09a4-462d-a21d-20ec9795d085","OSBS_027.basePlot.vst","2015-03-11","vst_OSBS_2015","D03","OSBS","OSBS_027",,"NEON.PLA.D03.OSBS.02948",,"small tree","Live, physically damaged",6.5,130,0.4,,,,,,,,,,,,"Pinus palustris","SZd6jJU+PWukgvziuyetpzviWNuM2FzT","PO+gLcqpgG6WKM8lPge6HQp6NUBLdhs8","legacyData"
"7bb49190-7ed1-4872-afc5-0bc2791c3d61","OSBS_027.basePlot.vst","2015-03-11","vst_OSBS_2015","D03","OSBS","OSBS_027",,"NEON.PLA.D03.OSBS.02938",,"sapling","Live",1.1,10,0.8,,,,,,,,,,,,"Quercus laevis","cirXiP/Ecx/kMFKhFmjN8mT8kcIebjHK","PO+gLcqpgG6WKM8lPge6HQp6NUBLdhs8","legacyData"
"9b4d6a03-569f-4362-83c6-78a646fd37ea","OSBS_027.basePlot.vst","2015-03-11","vst_OSBS_2015","D03","OSBS","OSBS_027",,"NEON.PLA.D03.OSBS.02846",,"single bole tree","Live, disease damaged",12.9,130,9.5,,,,3.2,2.7,"Mostly shaded",,,,,,"Pinus palustris","cirXiP/Ecx/kMFKhFmjN8mT8kcIebjHK","PO+gLcqpgG6WKM8lPge6HQp6NUBLdhs8","legacyData"
"fe4478b6-e7b1-4b47-9a6b-ea09d4df6764","OSBS_027.basePlot.vst","2015-03-11","vst_OSBS_2015","D03","OSBS","OSBS_027",,"NEON.PLA.D03.OSBS.02280",,"sapling","Standing dead",1.5,10,0.8,,,,,,,,,,,,"Quercus laevis","SZd6jJU+PWukgvziuyetpzviWNuM2FzT","PO+gLcqpgG6WKM8lPge6HQp6NUBLdhs8","legacyData"
"d39c837a-a83e-461c-87b0-8ae4ab0b6712","OSBS_030.basePlot.vst","2015-03-11","vst_OSBS_2015","D03","OSBS","OSBS_030",,"NEON.PLA.D03.OSBS.03175",,"small tree","Live",6.6,130,3.2,,,,,,,,,,,,"PIPA2, smt","Sr1dksTZPuPeT7w3tASAP+Nl4XOx5Lmq","g3Fkz40Buxf1iaK04TVEVgbVfWbi/y8e","legacyData"
"38b08468-0cd8-491e-8867-43bb1cced878","OSBS_027.basePlot.vst","2015-03-11","vst_OSBS_2015","D03","OSBS","OSBS_027",,"NEON.PLA.D03.OSBS.02848",,"single bole tree","Live, disease damaged",11.1,130,6.6,,,,4.0,3.3,"Mostly shaded",,,,,,"Pinus palustris","cirXiP/Ecx/kMFKhFmjN8mT8kcIebjHK","PO+gLcqpgG6WKM8lPge6HQp6NUBLdhs8","legacyData"
"20cc4fef-4673-4903-bee4-c8fdff781030","OSBS_030.basePlot.vst","2015-03-11","vst_OSBS_2015","D03","OSBS","OSBS_030",,"NEON.PLA.D03.OSBS.03181",,"small tree","Live",8.6,130,0.4,,,,,,,,,,,,"PIPA2","Sr1dksTZPuPeT7w3tASAP+Nl4XOx5Lmq","g3Fkz40Buxf1iaK04TVEVgbVfWbi/y8e","legacyData"
"c1d215de-2380-4ae8-b6e7-c6a9ef076b1e","OSBS_030.basePlot.vst","2015-03-11","vst_OSBS_2015","D03","OSBS","OSBS_030",,"NEON.PLA.D03.OSBS.03159",,"small tree","Live",4.5,130,0.4,,,,,,,,,,,,"PIPA2","Sr1dksTZPuPeT7w3tASAP+Nl4XOx5Lmq","g3Fkz40Buxf1iaK04TVEVgbVfWbi/y8e","legacyData"
"0eb13a39-775d-4458-99d8-0daa5e869ba1","OSBS_030.basePlot.vst","2015-03-11","vst_OSBS_2015","D03","OSBS","OSBS_030",,"NEON.PLA.D03.OSBS.03165",,"small tree","Live",7.5,130,5.0,,,,,,,,,,,,"PIPA2, smt","Sr1dksTZPuPeT7w3tASAP+Nl4XOx5Lmq","g3Fkz40Buxf1iaK04TVEVgbVfWbi/y8e","legacyData"
"d3d48377-79fd-4205-ae2a-a2a772df18e6","OSBS_030.basePlot.vst","2015-03-11","vst_OSBS_2015","D03","OSBS","OSBS_030",,"NEON.PLA.D03.OSBS.03183",,"small tree","Live, disease damaged",8.4,130,5.4,,,,,,,,,,,,"PIPA2","Sr1dksTZPuPeT7w3tASAP+Nl4XOx5Lmq","g3Fkz40Buxf1iaK04TVEVgbVfWbi/y8e","legacyData"
"cd95a77c-543f-4e65-8e79-7bdff6735120","OSBS_030.basePlot.vst","2015-03-11","vst_OSBS_2015","D03","OSBS","OSBS_030",,"NEON.PLA.D03.OSBS.03169",,"small tree","Live",7.3,130,4.3,,,,,,,,,,,,"PIPA2, smt","Sr1dksTZPuPeT7w3tASAP+Nl4XOx5Lmq","g3Fkz40Buxf1iaK04TVEVgbVfWbi/y8e","legacyData"
"ac9eaf34-2841-41d4-93ef-ea6e5259cc0d","OSBS_030.basePlot.vst","2015-03-11","vst_OSBS_2015","D03","OSBS","OSBS_030",,"NEON.PLA.D03.OSBS.03173",,"small tree","Live",6.0,130,2.7,,,,,,,,,,,,"PIPA2, sbt","Sr1dksTZPuPeT7w3tASAP+Nl4XOx5Lmq","g3Fkz40Buxf1iaK04TVEVgbVfWbi/y8e","legacyData"
"426dabf4-1430-4278-b734-ec14c6af8819","OSBS_027.basePlot.vst","2015-03-11","vst_OSBS_2015","D03","OSBS","OSBS_027",,"NEON.PLA.D03.OSBS.02928",,"small tree","Live, disease damaged",7.7,130,4.1,,,,,,,,,,,,"Pinus palustris","cirXiP/Ecx/kMFKhFmjN8mT8kcIebjHK","PO+gLcqpgG6WKM8lPge6HQp6NUBLdhs8","legacyData"
"c20c1d03-75ec-46e4-b87d-22cf3aa81888","OSBS_030.basePlot.vst","2015-03-11","vst_OSBS_2015","D03","OSBS","OSBS_030",,"NEON.PLA.D03.OSBS.03157",,"small tree","Live",5.3,130,2.2,,,,,,,,,,,,"PIPA2","Sr1dksTZPuPeT7w3tASAP+Nl4XOx5Lmq","g3Fkz40Buxf1iaK04TVEVgbVfWbi/y8e","legacyData"
