uid,namedLocation,domainID,siteID,plotID,plotType,nlcdClass,decimalLatitude,decimalLongitude,geodeticDatum,coordinateUncertainty,elevation,elevationUncertainty,collectDate,eventID,sampleID,sampleCode,samplingMethod,totalSampledArea,targetTaxaPresent,adultCount,nymphCount,larvaCount,sampleCondition,samplingProtocolVersion,measuredBy,remarks
"86de5d89-7107-4b85-96ae-9a9ce1a296af","SJER_002.tickPlot.tck","D17","SJER","SJER_002","distributed","grasslandHerbaceous",37.082062,-119.744707,"WGS84",20.1,327.7,0.1,"2017-02-19T17:36Z","SJER.2017.7",,,"drag",158,"N",0,0,0,"No known compromise","NEON.DOC.014045vG","6HzkzFDdLaNgPi31AaqxNPsuI5nRHqWu",
"99e2d184-5d17-4971-8970-358c428e9d24","SJER_009.tickPlot.tck","D17","SJER","SJER_009","distributed","grasslandHerbaceous",37.118203,-119.740038,"WGS84",20.1,460.7,0.1,"2017-02-19T18:36Z","SJER.2017.7",,,"drag",160,"N",0,0,0,"No known compromise","NEON.DOC.014045vG","6HzkzFDdLaNgPi31AaqxNPsuI5nRHqWu",
"feb768a0-7e9c-42c4-b454-0d398eb7bfc5","SJER_008.tickPlot.tck","D17","SJER","SJER_008","distributed","evergreenForest",37.106830,-119.716047,"WGS84",20.1,420.6,0.1,"2017-02-19T19:30Z","SJER.2017.7",,,"drag",159,"N",0,0,0,"No known compromise","NEON.DOC.014045vG","6O4GMD80+R1PwLk+7ZFzI0Tp2lwP64pOoX80OgdCeqE=",
"a97cd9b9-c410-4e18-9849-98f69b2c205e","SJER_001.tickPlot.tck","D17","SJER","SJER_001","distributed","grasslandHerbaceous",37.107348,-119.721732,"WGS84",20.1,415.5,0.1,"2017-02-19T19:50Z","SJER.2017.7",,,"drag",160,"N",0,0,0,"No known compromise","NEON.DOC.014045vG","6HzkzFDdLaNgPi31AaqxNPsuI5nRHqWu",
"30c8ac43-10cb-4e55-8765-670d1fef47bc","SJER_007.tickPlot.tck","D17","SJER","SJER_007","distributed","grasslandHerbaceous",37.112815,-119.752224,"WGS84",20.1,419.1,0.1,"2017-02-28T09:51Z","SJER.2017.9",,,"drag",160,"N",0,0,0,"No known compromise","NEON.DOC.014045vG","lNwDlCZ462p9ff+LyWxRHdu+Q79u75Rx2V0LapMMAN0=",
"9e73430e-c901-4f95-a509-d79885b9c4b4","SJER_025.tickPlot.tck","D17","SJER","SJER_025","distributed","shrubScrub",37.128253,-119.760989,"WGS84",20.1,425.6,0.1,"2017-02-28T20:30Z","SJER.2017.9",,,"drag",160,"N",0,0,0,"No known compromise","NEON.DOC.014045vG","6HzkzFDdLaNgPi31AaqxNPsuI5nRHqWu",
