uid,namedLocation,domainID,siteID,plotID,plotType,nlcdClass,decimalLatitude,decimalLongitude,geodeticDatum,coordinateUncertainty,elevation,elevationUncertainty,collectDate,eventID,sampleID,sampleCode,samplingMethod,totalSampledArea,targetTaxaPresent,adultCount,nymphCount,larvaCount,sampleCondition,samplingProtocolVersion,measuredBy,remarks
"810e0ce5-1dfc-47c4-86ce-dc5b38293bcf","ABBY_005.tickPlot.tck","D16","ABBY","ABBY_005","distributed","shrubScrub",45.771976,-122.388089,"WGS84",20.1,492.2,0.1,"2018-05-11T16:46Z","ABBY.2018.19","ABBY_005.20180511","D00000001963","drag and flag",157,"Y",1,0,0,"No known compromise","NEON.DOC.014045vJ","A/RRczOckiF0yLsm5QLvenZZSpmx5R/GxdMYXQe8nd8aK+63Kw71Xg==",
"6733af87-f6f4-4eb1-93f1-733e6a3552b4","ABBY_002.tickPlot.tck","D16","ABBY","ABBY_002","distributed","grasslandHerbaceous",45.737854,-122.308292,"WGS84",20.1,651.1,0.1,"2018-05-11T16:53Z","ABBY.2018.19",,,"drag and flag",160,"N",0,0,0,,"NEON.DOC.014045vJ","9MpvHR97FuJo4gsLwNb5xoR0ZKgI4SjpD6yX9wK3zYo=","Slightly damp"
"96ce004a-a3ac-41b1-9f48-2880ef8e1a8b","ABBY_003.tickPlot.tck","D16","ABBY","ABBY_003","distributed","evergreenForest",45.760799,-122.371290,"WGS84",20.1,626.2,0.1,"2018-05-11T17:43Z","ABBY.2018.19",,,"drag and flag",160,"N",0,0,0,,"NEON.DOC.014045vJ","A/RRczOckiF0yLsm5QLvenZZSpmx5R/GxdMYXQe8nd8aK+63Kw71Xg==",
"6e03e67b-d188-4005-8a09-3088e075dfb5","ABBY_001.tickPlot.tck","D16","ABBY","ABBY_001","distributed","evergreenForest",45.773172,-122.348101,"WGS84",20.1,294.3,0.2,"2018-05-11T18:04Z","ABBY.2018.19",,,"drag and flag",160,"N",0,0,0,,"NEON.DOC.014045vJ","a/0SlN26fEtmJ3LLysIxkaRUfZvckIBE",
"6ec11394-f8d7-4082-93e7-bd0bc2a2ed14","ABBY_023.tickPlot.tck","D16","ABBY","ABBY_023","distributed","mixedForest",45.745006,-122.383498,"WGS84",20.1,478.7,0.1,"2018-05-11T18:48Z","ABBY.2018.19",,,"drag and flag",157,"N",0,0,0,,"NEON.DOC.014045vJ","A/RRczOckiF0yLsm5QLvenZZSpmx5R/GxdMYXQe8nd8aK+63Kw71Xg==",
"eddc58d0-15b4-4c3f-bf17-e5092b9c5e0d","ABBY_006.tickPlot.tck","D16","ABBY","ABBY_006","distributed","evergreenForest",45.752800,-122.297903,"WGS84",20.3,576.4,0.4,"2018-05-11T19:42Z","ABBY.2018.19",,,"drag and flag",160,"N",0,0,0,,"NEON.DOC.014045vJ","a/0SlN26fEtmJ3LLysIxkaRUfZvckIBE",
"0cf41c6d-f55e-464c-b636-6df656f4eaf2","ABBY_002.tickPlot.tck","D16","ABBY","ABBY_002","distributed","grasslandHerbaceous",45.737854,-122.308292,"WGS84",20.1,651.1,0.1,"2018-05-31T20:21Z","ABBY.2018.22",,,"drag and flag",160,"N",0,0,0,,"NEON.DOC.014045vJ","A/RRczOckiF0yLsm5QLvenZZSpmx5R/GxdMYXQe8nd8aK+63Kw71Xg==",
"1babbb54-8cba-4ebb-93c3-2055645d068d","ABBY_001.tickPlot.tck","D16","ABBY","ABBY_001","distributed","evergreenForest",45.773172,-122.348101,"WGS84",20.1,294.3,0.2,"2018-05-31T21:38Z","ABBY.2018.22","ABBY_001.20180531","D00000001962","drag and flag",160,"Y",1,0,0,"No known compromise","NEON.DOC.014045vJ","A/RRczOckiF0yLsm5QLvenZZSpmx5R/GxdMYXQe8nd8aK+63Kw71Xg==",
"e060854a-1525-4ed4-9bae-fc735024556d","ABBY_006.tickPlot.tck","D16","ABBY","ABBY_006","distributed","evergreenForest",45.752800,-122.297903,"WGS84",20.3,576.4,0.4,"2018-05-31T23:09Z","ABBY.2018.22",,,"drag and flag",160,"N",0,0,0,,"NEON.DOC.014045vJ","A/RRczOckiF0yLsm5QLvenZZSpmx5R/GxdMYXQe8nd8aK+63Kw71Xg==",
