uid,namedLocation,date,domainID,siteID,plotID,plotType,nlcdClass,decimalLatitude,decimalLongitude,geodeticDatum,coordinateUncertainty,easting,northing,utmZone,elevation,elevationUncertainty,eventID,samplingProtocolVersion,treesPresent,treesAbsentList,shrubsPresent,shrubsAbsentList,lianasPresent,lianasAbsentList,nestedSubplotAreaShrubSapling,nestedSubplotAreaLiana,totalSampledAreaTrees,totalSampledAreaShrubSapling,totalSampledAreaLiana,remarks,measuredBy,recordedBy,dataQF
"c4a01e1c-2fe9-49ec-8f61-09401a8eee72","DCFS_063.basePlot.vst","2015-08-10","D09","DCFS","DCFS_063","tower","grasslandHerbaceous",47.164750,-99.110683,"WGS84",20.2,491611.16,5223478.39,"14N",563.3,0.2,"vst_DCFS_2015","NEON.DOC.000987vD",,,,,,,"noneSelected","noneSelected",400,400,400,"Target taxa present: N",,"Q97LKb9yzbP7tOLkuD+tPeCj3Bww5R2I","legacyData"
"e4a58018-177f-4a80-882b-bf48ebcd97d6","DCFS_083.basePlot.vst","2015-08-10","D09","DCFS","DCFS_083","tower","grasslandHerbaceous",47.163667,-99.108290,"WGS84",10.1,491792.36,5223357.78,"14N",563.2,0.2,"vst_DCFS_2015","NEON.DOC.000987vD",,,,,,,"noneSelected","noneSelected",400,400,400,"Target taxa present: N",,"Q97LKb9yzbP7tOLkuD+tPeCj3Bww5R2I","legacyData"
"3853c475-75d0-4d89-95fb-768681015a9f","DCFS_085.basePlot.vst","2015-08-11","D09","DCFS","DCFS_085","tower","grasslandHerbaceous",47.165290,-99.110278,"WGS84",10.1,491641.94,5223538.35,"14N",564.4,0.2,"vst_DCFS_2015","NEON.DOC.000987vD",,,,,,,"noneSelected","noneSelected",400,400,400,"Target taxa present: N",,"Q97LKb9yzbP7tOLkuD+tPeCj3Bww5R2I","legacyData"
"699b842b-ed96-4590-af48-02dd4fb0ee35","DCFS_075.basePlot.vst","2015-08-11","D09","DCFS","DCFS_075","tower","grasslandHerbaceous",47.164205,-99.108688,"WGS84",10.1,491762.28,5223417.61,"14N",564.3,0.2,"vst_DCFS_2015","NEON.DOC.000987vD",,,,,,,"noneSelected","noneSelected",400,400,400,"Target taxa present: N",,"Q97LKb9yzbP7tOLkuD+tPeCj3Bww5R2I","legacyData"
"ace8f4ea-58fe-48e0-848d-32cf61e9878c","DCFS_066.basePlot.vst","2015-08-11","D09","DCFS","DCFS_066","tower","emergentHerbaceousWetlands",47.161236,-99.108297,"WGS84",10.1,491791.46,5223087.62,"14N",566.8,0.2,"vst_DCFS_2015","NEON.DOC.000987vD",,,,,,,"noneSelected","noneSelected",400,400,400,"Target taxa present: N",,"Q97LKb9yzbP7tOLkuD+tPeCj3Bww5R2I","legacyData"
"c6d4b0a9-f9c9-434e-9d66-8263888cd467","DCFS_064.basePlot.vst","2015-08-11","D09","DCFS","DCFS_064","tower","emergentHerbaceousWetlands",47.163142,-99.107908,"WGS84",10.1,491821.24,5223299.40,"14N",563.0,0.2,"vst_DCFS_2015","NEON.DOC.000987vD",,,,,,,"noneSelected","noneSelected",400,400,400,"Target taxa present: N",,"Q97LKb9yzbP7tOLkuD+tPeCj3Bww5R2I","legacyData"
