uid,namedLocation,date,eventID,domainID,siteID,plotID,subplotID,nestedSubplotID,groupID,taxonID,scientificName,taxonRank,identificationReferences,identificationQualifier,volumePercent,livePercent,deadPercent,canopyArea,meanHeight,remarks,measuredBy,recordedBy,dataQF
"69ab3481-c558-4b43-9473-ab49aaf4a851","HARV_023.basePlot.vst","2015-09-24","vst_HARV_2015","D01","HARV","HARV_023","31","1","31 _0","BETH","Berberis thunbergii DC.","species",,,93,95,5,9.2,1.66,,"FXeeUI9aIn8X0VAR1BEIFKA+Tv3GsCYT","FXeeUI9aIn8X0VAR1BEIFKA+Tv3GsCYT","legacyData"
"177cdc39-f13b-483e-8aa7-9aca6445258b","HARV_023.basePlot.vst","2015-09-24","vst_HARV_2015","D01","HARV","HARV_023","31","1","31 _0","PIST","Pinus strobus L.","species",,,4,100,0,9.2,1.66,,"FXeeUI9aIn8X0VAR1BEIFKA+Tv3GsCYT","FXeeUI9aIn8X0VAR1BEIFKA+Tv3GsCYT","legacyData"
"6c405320-acd5-4f4e-9d3d-cf78bdf4590f","HARV_023.basePlot.vst","2015-09-24","vst_HARV_2015","D01","HARV","HARV_023","41","4","41 _0","BETH","Berberis thunbergii DC.","species",,,100,50,50,3.8,1.50,"Entered 99.9 for %volumeOfGroup because a value of 100 was not acceptable.","FXeeUI9aIn8X0VAR1BEIFKA+Tv3GsCYT","FXeeUI9aIn8X0VAR1BEIFKA+Tv3GsCYT","legacyData"
"4baade7f-2f7b-40b2-9366-e97ce5e571fb","HARV_023.basePlot.vst","2015-09-24","vst_HARV_2015","D01","HARV","HARV_023","31","1","31 _0","ILEX","Ilex sp.","genus",,,3,100,0,9.2,1.66,,"FXeeUI9aIn8X0VAR1BEIFKA+Tv3GsCYT","FXeeUI9aIn8X0VAR1BEIFKA+Tv3GsCYT","legacyData"
