uid,namedLocation,date,domainID,siteID,plotID,plotType,nlcdClass,decimalLatitude,decimalLongitude,geodeticDatum,coordinateUncertainty,easting,northing,utmZone,elevation,elevationUncertainty,eventID,samplingProtocolVersion,treesPresent,treesAbsentList,shrubsPresent,shrubsAbsentList,lianasPresent,lianasAbsentList,nestedSubplotAreaShrubSapling,nestedSubplotAreaLiana,totalSampledAreaTrees,totalSampledAreaShrubSapling,totalSampledAreaLiana,remarks,measuredBy,recordedBy,dataQF
"ac2a46c4-8da3-461d-832c-c4af4e293fe9","HARV_008.basePlot.vst","2015-09-03","D01","HARV","HARV_008","distributed","deciduousForest",42.444569,-72.226080,"WGS84",20.2,728131.58,4702866.59,"18N",241.6,0.2,"vst_HARV_2015","NEON.DOC.000987vD",,,,,,,"10","noneSelected",400,80,400,,"0uwWHUCkGoRVT9RpJxngFjI8cZrsFWgn","0uwWHUCkGoRVT9RpJxngFjI8cZrsFWgn","legacyData"
"c2f7df74-4d8a-49b0-9002-f51a5b0cdafe","HARV_008.basePlot.vst","2015-09-03","D01","HARV","HARV_008","distributed","deciduousForest",42.444569,-72.226080,"WGS84",20.2,728131.58,4702866.59,"18N",241.6,0.2,"vst_HARV_2015","NEON.DOC.000987vD",,,,,,,"10","noneSelected",400,80,400,"no transcription errors found","0uwWHUCkGoRVT9RpJxngFjI8cZrsFWgn","0uwWHUCkGoRVT9RpJxngFjI8cZrsFWgn","legacyData"
"912d89c1-1381-4c93-b428-c7b07f2cce6d","HARV_022.basePlot.vst","2015-09-03","D01","HARV","HARV_022","distributed","evergreenForest",42.434194,-72.198778,"WGS84",20.2,730415.14,4701788.24,"18N",188.1,0.2,"vst_HARV_2015","NEON.DOC.000987vD",,,,,,,"25","noneSelected",400,200,400,,"FXeeUI9aIn8X0VAR1BEIFKA+Tv3GsCYT","FXeeUI9aIn8X0VAR1BEIFKA+Tv3GsCYT","legacyData"
"afd2af51-4902-4e72-9b72-18c4e276d0b0","HARV_027.basePlot.vst","2015-09-16","D01","HARV","HARV_027","distributed","evergreenForest",42.430357,-72.253256,"WGS84",20.2,725947.52,4701215.63,"18N",182.3,0.2,"vst_HARV_2015","NEON.DOC.000987vD",,,,,,,"noneSelected","noneSelected",400,400,400,"o transcription errors","FXeeUI9aIn8X0VAR1BEIFKA+Tv3GsCYT","9/lkABCL2n4b6r19n9Zi1qNJWAzd94Zk","legacyData"
"7bf19710-a21e-4da1-a1a6-91e5fc8c63a8","HARV_008.basePlot.vst","2015-09-17","D01","HARV","HARV_008","distributed","deciduousForest",42.444569,-72.226080,"WGS84",20.2,728131.58,4702866.59,"18N",241.6,0.2,"vst_HARV_2015","NEON.DOC.000987vD",,,,,,,"10","noneSelected",400,80,400,,"xLZ+YqMrzOOIoCWuzuptWcn+zeO8dPFj","0uwWHUCkGoRVT9RpJxngFjI8cZrsFWgn","legacyData"
"0f3e5d35-197f-4a98-a3df-0490d39c72f4","HARV_008.basePlot.vst","2015-09-17","D01","HARV","HARV_008","distributed","deciduousForest",42.444569,-72.226080,"WGS84",20.2,728131.58,4702866.59,"18N",241.6,0.2,"vst_HARV_2015","NEON.DOC.000987vD",,,,,,,"10","noneSelected",400,80,400,"no transcription errors found","xLZ+YqMrzOOIoCWuzuptWcn+zeO8dPFj","0uwWHUCkGoRVT9RpJxngFjI8cZrsFWgn","legacyData"
"727d5a20-6f51-4bf0-82f7-494c61d0fa78","HARV_020.basePlot.vst","2015-09-21","D01","HARV","HARV_020","distributed","woodyWetlands",42.436767,-72.228878,"WGS84",20.2,727929.75,4701992.66,"18N",225.4,0.3,"vst_HARV_2015","NEON.DOC.000987vD",,,,,,,"25","noneSelected",400,200,400,,"XdV86USKkiYZfb6rmwpnK/f2Yah5qnQO","MRgCvwP2WueoGZahvpQXNZ+be1CYdCGm","legacyData"
"e7f42641-e970-43e5-a053-74602c959bb5","HARV_013.basePlot.vst","2015-09-21","D01","HARV","HARV_013","distributed","evergreenForest",42.392290,-72.254610,"WGS84",20.2,725972.85,4696984.75,"18N",184.3,0.3,"vst_HARV_2015","NEON.DOC.000987vD",,,,,,,"noneSelected","noneSelected",400,400,400,,"FXeeUI9aIn8X0VAR1BEIFKA+Tv3GsCYT","6HzkzFDdLaNgPi31AaqxNPsuI5nRHqWu","legacyData"
"795d94a7-6787-4e75-8033-99583c3847ca","HARV_011.basePlot.vst","2015-09-22","D01","HARV","HARV_011","distributed","deciduousForest",42.455939,-72.238279,"WGS84",20.2,727087.13,4704096.49,"18N",231.6,0.3,"vst_HARV_2015","NEON.DOC.000987vD",,,,,,,"10","noneSelected",400,80,400,,"aJjM6Ib7Q/GDLb8JyiXIxXYT9Z/r85Ze","wmtulGhdefWiPr5g1VRF0YnRBawgSBx1","legacyData"
"9af1330d-aaf4-46db-b68c-7e005a54f337","HARV_020.basePlot.vst","2015-09-22","D01","HARV","HARV_020","distributed","woodyWetlands",42.436767,-72.228878,"WGS84",20.2,727929.75,4701992.66,"18N",225.4,0.3,"vst_HARV_2015","NEON.DOC.000987vD",,,,,,,"25","noneSelected",400,200,400,,"aJjM6Ib7Q/GDLb8JyiXIxXYT9Z/r85Ze","MRgCvwP2WueoGZahvpQXNZ+be1CYdCGm","legacyData"
"76cda930-0fcc-41ea-a4ca-c709a35db760","HARV_026.basePlot.vst","2015-09-22","D01","HARV","HARV_026","distributed","evergreenForest",42.410787,-72.247263,"WGS84",20.3,726511.02,4699058.39,"18N",193.2,0.3,"vst_HARV_2015","NEON.DOC.000987vD",,,,,,,"10","noneSelected",400,80,400,,"FXeeUI9aIn8X0VAR1BEIFKA+Tv3GsCYT","MRgCvwP2WueoGZahvpQXNZ+be1CYdCGm","legacyData"
"50a07ef3-1257-4441-8d50-e3455f5aa846","HARV_012.basePlot.vst","2015-09-22","D01","HARV","HARV_012","distributed","deciduousForest",42.429498,-72.239809,"WGS84",20.2,727056.85,4701156.14,"18N",233.2,0.2,"vst_HARV_2015","NEON.DOC.000987vD",,,,,,,"10","noneSelected",400,80,400,,"MRgCvwP2WueoGZahvpQXNZ+be1CYdCGm","aJjM6Ib7Q/GDLb8JyiXIxXYT9Z/r85Ze","legacyData"
"74ab204e-fe54-40c5-bb10-4493e663f188","HARV_023.basePlot.vst","2015-09-23","D01","HARV","HARV_023","distributed","evergreenForest",42.414330,-72.226600,"WGS84",20.2,728198.56,4699507.18,"18N",170.9,0.2,"vst_HARV_2015","NEON.DOC.000987vD",,,,,,,"10","noneSelected",400,80,400,,"6HzkzFDdLaNgPi31AaqxNPsuI5nRHqWu","aJjM6Ib7Q/GDLb8JyiXIxXYT9Z/r85Ze","legacyData"
"c7dffbc6-1d07-4149-b6f9-8386ea1e5e5d","HARV_023.basePlot.vst","2015-09-23","D01","HARV","HARV_023","distributed","evergreenForest",42.414330,-72.226600,"WGS84",20.2,728198.56,4699507.18,"18N",170.9,0.2,"vst_HARV_2015","NEON.DOC.000987vD",,,,,,,"10","noneSelected",400,80,400,,"aJjM6Ib7Q/GDLb8JyiXIxXYT9Z/r85Ze","MRgCvwP2WueoGZahvpQXNZ+be1CYdCGm","legacyData"
"7ec69a6f-ef45-45e4-a97b-7bce06a64857","HARV_022.basePlot.vst","2015-09-23","D01","HARV","HARV_022","distributed","evergreenForest",42.434194,-72.198778,"WGS84",20.2,730415.14,4701788.24,"18N",188.1,0.2,"vst_HARV_2015","NEON.DOC.000987vD",,,,,,,"25","noneSelected",400,200,400,,"2OYxmUTfKqOmXcj1PpsHH8o2Vq9HGzFA","FXeeUI9aIn8X0VAR1BEIFKA+Tv3GsCYT","legacyData"
"d81b0ea6-8c6a-4d21-9dc4-76a46c9e18dc","HARV_022.basePlot.vst","2015-09-24","D01","HARV","HARV_022","distributed","evergreenForest",42.434194,-72.198778,"WGS84",20.2,730415.14,4701788.24,"18N",188.1,0.2,"vst_HARV_2015","NEON.DOC.000987vD",,,,,,,"25","noneSelected",400,200,400,,"FXeeUI9aIn8X0VAR1BEIFKA+Tv3GsCYT","FXeeUI9aIn8X0VAR1BEIFKA+Tv3GsCYT","legacyData"
"28e7e956-d556-498e-9ace-5dfb09e44f5b","HARV_022.basePlot.vst","2015-09-24","D01","HARV","HARV_022","distributed","evergreenForest",42.434194,-72.198778,"WGS84",20.2,730415.14,4701788.24,"18N",188.1,0.2,"vst_HARV_2015","NEON.DOC.000987vD",,,,,,,"25","noneSelected",400,200,400,,"k/k/kBf3UsZO1iBmWXMyCKPJySRlqaon","FXeeUI9aIn8X0VAR1BEIFKA+Tv3GsCYT","legacyData"
"42f6dce3-2d4c-4452-9893-ff9580be61ab","HARV_002.basePlot.vst","2015-09-28","D01","HARV","HARV_002","distributed","deciduousForest",42.478578,-72.259572,"WGS84",20.2,725254.91,4706553.74,"18N",192.6,0.3,"vst_HARV_2015","NEON.DOC.000987vD",,,,,,,"10","noneSelected",400,80,400,,"FXeeUI9aIn8X0VAR1BEIFKA+Tv3GsCYT","MRgCvwP2WueoGZahvpQXNZ+be1CYdCGm","legacyData"
"ddc28db3-4934-4c85-9848-c219f3358175","HARV_014.basePlot.vst","2015-09-29","D01","HARV","HARV_014","distributed","mixedForest",42.471451,-72.265726,"WGS84",20.2,724774.56,4705745.95,"18N",201.4,0.2,"vst_HARV_2015","NEON.DOC.000987vD",,,,,,,"10","noneSelected",400,80,400,,"FXeeUI9aIn8X0VAR1BEIFKA+Tv3GsCYT","MRgCvwP2WueoGZahvpQXNZ+be1CYdCGm","legacyData"
"57f88129-44a9-4170-88cc-101b4373c04f","HARV_024.basePlot.vst","2015-09-29","D01","HARV","HARV_024","distributed","woodyWetlands",42.460002,-72.250871,"WGS84",20.1,726037.03,4704514.04,"18N",175.0,0.1,"vst_HARV_2015","NEON.DOC.000987vD",,,,,,,"10","noneSelected",400,80,400,,"FXeeUI9aIn8X0VAR1BEIFKA+Tv3GsCYT","FXeeUI9aIn8X0VAR1BEIFKA+Tv3GsCYT","legacyData"
"530385a4-cf02-4024-ba45-901d388c56d8","HARV_016.basePlot.vst","2015-09-29","D01","HARV","HARV_016","distributed","woodyWetlands",42.458480,-72.232000,"WGS84",20.2,727594.26,4704395.49,"18N",230.5,0.2,"vst_HARV_2015","NEON.DOC.000987vD",,,,,,,"10","noneSelected",400,80,400,,"MRgCvwP2WueoGZahvpQXNZ+be1CYdCGm","FXeeUI9aIn8X0VAR1BEIFKA+Tv3GsCYT","legacyData"
