uid,namedLocation,domainID,siteID,plotID,plotType,nlcdClass,decimalLatitude,decimalLongitude,geodeticDatum,coordinateUncertainty,elevation,elevationUncertainty,collectDate,eventID,sampleID,sampleCode,samplingMethod,totalSampledArea,targetTaxaPresent,adultCount,nymphCount,larvaCount,sampleCondition,samplingProtocolVersion,measuredBy,remarks
"07965250-7776-4ae3-b7c2-be3699dfd120","SCBI_039.tickPlot.tck","D02","SCBI","SCBI_039","distributed","pastureHay",38.896433,-78.166542,"WGS84",20.1,330.8,0.1,"2018-10-01T14:36Z","SCBI.2018.40","SCBI_039.20181001","A00000002356","drag",154,"Y",0,15,0,"No known compromise","NEON.DOC.014045vJ","ciinOn2RW7IuiYFzws3I7RiE3SCYtfO0vt+xtLe1Bko=","Plot a bit damp in some places and lost on nymph"
"880fec65-d0b1-43ac-9af6-5ef3f43eede9","SCBI_013.tickPlot.tck","D02","SCBI","SCBI_013","distributed","deciduousForest",38.873041,-78.163313,"WGS84",20.2,361.3,0.3,"2018-10-01T15:47Z","SCBI.2018.40","SCBI_013.20181001","A00000035223","drag",160,"Y",0,0,80,"No known compromise","NEON.DOC.014045vJ","gUkNgXXWwVfyyvmNuuhPHfl+ngDS46AHNocWtty9mqU=",
"0544edae-c372-41b7-a569-b8d0575ecb26","SCBI_006.tickPlot.tck","D02","SCBI","SCBI_006","distributed","pastureHay",38.897080,-78.150277,"WGS84",20.1,277.1,0.1,"2018-10-01T16:20Z","SCBI.2018.40","SCBI_006.20181001","A00000035308","drag",164,"Y",0,18,0,"No known compromise","NEON.DOC.014045vJ","lOFT5ZtrvaiJ4T7EyG7l/vya5+OrTmTB+xSkSf9bCqk=",
"31a5c665-f150-4f77-9b08-85d38bb49fcb","SCBI_007.tickPlot.tck","D02","SCBI","SCBI_007","distributed","deciduousForest",38.886013,-78.129365,"WGS84",20.2,428.3,0.2,"2018-10-01T17:17Z","SCBI.2018.40",,,"drag and flag",145,"N",0,0,0,,"NEON.DOC.014045vJ","gUkNgXXWwVfyyvmNuuhPHfl+ngDS46AHNocWtty9mqU=","End time estimated"
"fb4fc1b0-cfc5-4ec9-aba2-b53c6fe79da3","SCBI_002.tickPlot.tck","D02","SCBI","SCBI_002","distributed","deciduousForest",38.893863,-78.142704,"WGS84",20.2,327.7,0.2,"2018-10-01T17:18Z","SCBI.2018.40","SCBI_002.20181001","A00000035291","drag",160,"Y",0,0,2,"No known compromise","NEON.DOC.014045vJ","ciinOn2RW7L53SAeOrOGD/2onrpbttp+",
