uid,namedLocation,domainID,siteID,plotID,plotType,nlcdClass,decimalLatitude,decimalLongitude,geodeticDatum,coordinateUncertainty,elevation,elevationUncertainty,collectDate,eventID,sampleID,sampleCode,samplingMethod,totalSampledArea,targetTaxaPresent,adultCount,nymphCount,larvaCount,sampleCondition,samplingProtocolVersion,measuredBy,remarks
"89d13396-9a1c-4c25-aec3-ce2e62559c79","STER_029.tickPlot.tck","D10","STER","STER_029","distributed","cultivatedCrops",40.469400,-103.010366,"WGS84",20.2,1352.6,0.3,"2014-05-21T17:15Z","STER.2014.20",,,"drag",160,"N",0,0,0,,"NEON.DOC.014045vD","jzZCvziQ3R4SU04xzcWAhQ==",
"5062c67b-63df-4391-a87b-0b24c9f623b2","STER_028.tickPlot.tck","D10","STER","STER_028","distributed","cultivatedCrops",40.472367,-103.017002,"WGS84",20.2,1358.2,0.3,"2014-05-21T18:15Z","STER.2014.20",,,"drag",160,"N",0,0,0,,"NEON.DOC.014045vD","jzZCvziQ3R4SU04xzcWAhQ==",
"6090e8a9-e4ef-4b85-9141-41887bae3461","STER_026.tickPlot.tck","D10","STER","STER_026","distributed","cultivatedCrops",40.474857,-103.022558,"WGS84",20.2,1358.2,0.2,"2014-05-21T20:19Z","STER.2014.20",,,"drag",160,"N",0,0,0,,"NEON.DOC.014045vD","wOZTxK704xYa6MLcg9OxEw==",
"bc1a60e8-a390-4120-9a8b-46b6665d50d4","STER_027.tickPlot.tck","D10","STER","STER_027","distributed","cultivatedCrops",40.480002,-103.017416,"WGS84",20.2,1365.6,0.2,"2014-05-21T21:06Z","STER.2014.20",,,"drag",160,"N",0,0,0,,"NEON.DOC.014045vD","LLlD3iInP5QN7fTKcNK+lA==",
"af0bd692-9727-4ce9-a727-9abd73fd1672","STER_033.tickPlot.tck","D10","STER","STER_033","distributed","cultivatedCrops",40.476290,-103.010114,"WGS84",20.2,1355.1,0.2,"2014-05-21T21:55Z","STER.2014.20",,,"drag",160,"N",0,0,0,,"NEON.DOC.014045vD","LLlD3iInP5QN7fTKcNK+lA==",
