uid,namedLocation,date,domainID,siteID,plotID,plotType,nlcdClass,decimalLatitude,decimalLongitude,geodeticDatum,coordinateUncertainty,easting,northing,utmZone,elevation,elevationUncertainty,eventID,samplingProtocolVersion,treesPresent,treesAbsentList,shrubsPresent,shrubsAbsentList,lianasPresent,lianasAbsentList,nestedSubplotAreaShrubSapling,nestedSubplotAreaLiana,totalSampledAreaTrees,totalSampledAreaShrubSapling,totalSampledAreaLiana,remarks,measuredBy,recordedBy,dataQF
"29201763-7b74-47d0-b7b5-0282c2c07032","SJER_001.basePlot.vst","2016-12-01","D17","SJER","SJER_001","distributed","grasslandHerbaceous",37.106602,-119.720240,"WGS84",20.1,258277.12,4110161.50,"11N",399.7,0.1,"vst_SJER_2016","NEON.DOC.000987vE",,,,,,,"noneSelected","noneSelected",400,400,400,,"nFN2blYPeqOOXsaf8wc2iNjJqP5Cb/Pq","lX3vzM5VjEiL5o0+CewjLCbxe6oT8o7B",
"1250f5b1-42df-4f08-aa81-59b2b955f469","SJER_025.basePlot.vst","2016-12-01","D17","SJER","SJER_025","distributed","shrubScrub",37.127267,-119.759842,"WGS84",20.1,254824.02,4112556.34,"11N",432.6,0.1,"vst_SJER_2016","NEON.DOC.000987vE","Y",,"Y","presentInAll","Y",,"noneSelected","noneSelected",400,400,400,,"V5rt+BKIicJ6EBjqe3TMuRqHR0FOIj8d","6HzkzFDdLaNgPi31AaqxNPsuI5nRHqWu",
"4fb2fbc6-8201-4c51-8b14-2476932dbc3f","SJER_020.basePlot.vst","2016-12-01","D17","SJER","SJER_020","distributed","grasslandHerbaceous",37.127155,-119.753095,"WGS84",20.1,255423.17,4112526.49,"11N",413.9,0.1,"vst_SJER_2016","NEON.DOC.000987vE",,,,,,,"noneSelected","noneSelected",400,400,400,,"nFN2blYPeqOOXsaf8wc2iNjJqP5Cb/Pq","6HzkzFDdLaNgPi31AaqxNPsuI5nRHqWu",
"5a2ccaf1-8718-4f5b-844a-3067e9780ba7","SJER_010.basePlot.vst","2016-12-01","D17","SJER","SJER_010","distributed","evergreenForest",37.128636,-119.749394,"WGS84",20.1,255756.79,4112681.30,"11N",409.5,0.1,"vst_SJER_2016","NEON.DOC.000987vE","Y","presentInAll","Y","32","Y",,"noneSelected","noneSelected",400,400,400,,"nFN2blYPeqOOXsaf8wc2iNjJqP5Cb/Pq","6HzkzFDdLaNgPi31AaqxNPsuI5nRHqWu",
"49155066-ec4a-45ef-bc61-707f13cb27e5","SJER_004.basePlot.vst","2016-12-05","D17","SJER","SJER_004","distributed","grasslandHerbaceous",37.108972,-119.746305,"WGS84",20.1,255968.09,4110491.23,"11N",383.3,0.1,"vst_SJER_2016","NEON.DOC.000987vE","Y","31","Y","presentInAll","N",,"noneSelected","noneSelected",400,400,400,,"6HzkzFDdLaNgPi31AaqxNPsuI5nRHqWu","6O4GMD80+R1PwLk+7ZFzI0Tp2lwP64pOoX80OgdCeqE=",
"49fb96f1-f56b-45d0-8a11-0a0ac6a1e8e2","SJER_007.basePlot.vst","2016-12-05","D17","SJER","SJER_007","distributed","grasslandHerbaceous",37.113927,-119.753248,"WGS84",20.1,255366.97,4111058.97,"11N",426.5,0.1,"vst_SJER_2016","NEON.DOC.000987vE","Y",,"Y",,"N",,"noneSelected","noneSelected",400,400,400,,"6HzkzFDdLaNgPi31AaqxNPsuI5nRHqWu","6O4GMD80+R1PwLk+7ZFzI0Tp2lwP64pOoX80OgdCeqE=",
"a4946baf-b6db-4095-8193-4823f13b0dc0","SJER_005.basePlot.vst","2016-12-12","D17","SJER","SJER_005","distributed","grasslandHerbaceous",37.123501,-119.748517,"WGS84",20.1,255818.20,4112109.21,"11N",499.6,0.1,"vst_SJER_2016","NEON.DOC.000987vE","N",,"Y",,"N",,"noneSelected","noneSelected",400,400,400,,"6HzkzFDdLaNgPi31AaqxNPsuI5nRHqWu","6O4GMD80+R1PwLk+7ZFzI0Tp2lwP64pOoX80OgdCeqE=",
