uid,namedLocation,date,eventID,domainID,siteID,plotID,subplotID,individualID,tagStatus,growthForm,plantStatus,stemDiameter,measurementHeight,height,baseCrownHeight,breakHeight,breakDiameter,maxCrownDiameter,ninetyCrownDiameter,canopyPosition,shape,basalStemDiameter,basalStemDiameterMsrmntHeight,maxBaseCrownDiameter,ninetyBaseCrownDiameter,remarks,recordedBy,measuredBy,dataQF
"b4dca52d-93ef-4178-95ba-dca782cd3af2","SJER_025.basePlot.vst","2016-12-01","vst_SJER_2016","D17","SJER","SJER_025",,"NEON.PLA.D17.SJER.04992","ok","single shrub","Live",8.5,135,3.6,0.6,,,5.7,5.2,,"ellipsoid or sphere",13.7,30,,,,"6HzkzFDdLaNgPi31AaqxNPsuI5nRHqWu","V5rt+BKIicJ6EBjqe3TMuRqHR0FOIj8d","legacyData"
"1bd58309-7bc2-4f85-ba52-97f852af5bb1","SJER_025.basePlot.vst","2016-12-01","vst_SJER_2016","D17","SJER","SJER_025",,"NEON.PLA.D17.SJER.04999","ok","single shrub","Live",5.0,130,4.6,,,,5.8,5.6,,"half-sphere",10.3,20,,,,"6HzkzFDdLaNgPi31AaqxNPsuI5nRHqWu","V5rt+BKIicJ6EBjqe3TMuRqHR0FOIj8d","legacyData"
"ed0bb882-a14d-48b5-9382-2754efc4d21c","SJER_025.basePlot.vst","2016-12-01","vst_SJER_2016","D17","SJER","SJER_025",,"NEON.PLA.D17.SJER.04999","ok","single shrub","Live",3.1,130,4.6,,,,5.8,5.6,,"half-sphere",4.9,20,,,,"6HzkzFDdLaNgPi31AaqxNPsuI5nRHqWu","V5rt+BKIicJ6EBjqe3TMuRqHR0FOIj8d","legacyData"
"29db3b54-6144-47bb-8813-3644ceb704ff","SJER_025.basePlot.vst","2016-12-01","vst_SJER_2016","D17","SJER","SJER_025",,"NEON.PLA.D17.SJER.04198","ok","single shrub","Live",3.7,130,2.4,,,,4.1,2.4,,"oblate half-sphere",6.5,25,,,,"6HzkzFDdLaNgPi31AaqxNPsuI5nRHqWu","V5rt+BKIicJ6EBjqe3TMuRqHR0FOIj8d","legacyData"
"9f686771-89e2-46b2-8d99-3e27ce0e05db","SJER_025.basePlot.vst","2016-12-01","vst_SJER_2016","D17","SJER","SJER_025",,"NEON.PLA.D17.SJER.04992","ok","single shrub","Live",4.7,130,3.6,0.6,,,5.7,5.2,,"ellipsoid or sphere",6.5,20,,,,"6HzkzFDdLaNgPi31AaqxNPsuI5nRHqWu","V5rt+BKIicJ6EBjqe3TMuRqHR0FOIj8d","legacyData"
"4c5a6d1d-6645-4783-bb1f-7eb1c04498a1","SJER_025.basePlot.vst","2016-12-01","vst_SJER_2016","D17","SJER","SJER_025",,"NEON.PLA.D17.SJER.04088","ok","single shrub","Standing dead",6.0,130,1.8,,,,3.0,1.5,,"oblate half-sphere",16.1,30,,,,"6HzkzFDdLaNgPi31AaqxNPsuI5nRHqWu","V5rt+BKIicJ6EBjqe3TMuRqHR0FOIj8d","legacyData"
"b6ed0117-4a03-46d4-a6f0-31a7d7fa4965","SJER_025.basePlot.vst","2016-12-01","vst_SJER_2016","D17","SJER","SJER_025",,"NEON.PLA.D17.SJER.04086","ok","single shrub","Standing dead",2.4,130,1.7,,,,2.2,1.6,,"cylinder",10.5,20,,,,"6HzkzFDdLaNgPi31AaqxNPsuI5nRHqWu","V5rt+BKIicJ6EBjqe3TMuRqHR0FOIj8d","legacyData"
"250beae9-f4a1-4c7d-9b9a-fdecd720579f","SJER_025.basePlot.vst","2016-12-01","vst_SJER_2016","D17","SJER","SJER_025",,"NEON.PLA.D17.SJER.04086","ok","single shrub","Standing dead",2.6,130,1.7,,,,2.2,1.6,,"cylinder",8.0,20,,,,"6HzkzFDdLaNgPi31AaqxNPsuI5nRHqWu","V5rt+BKIicJ6EBjqe3TMuRqHR0FOIj8d","legacyData"
"7f82790d-4a91-4e35-8bd1-af2d41b2bb08","SJER_025.basePlot.vst","2016-12-01","vst_SJER_2016","D17","SJER","SJER_025",,"NEON.PLA.D17.SJER.04085","ok","single shrub","Standing dead",2.8,130,3.1,,,,4.9,3.8,,"oblate half-sphere",4.7,20,,,,"6HzkzFDdLaNgPi31AaqxNPsuI5nRHqWu","V5rt+BKIicJ6EBjqe3TMuRqHR0FOIj8d","legacyData"
"1a3689eb-d174-40b9-ba5c-2f75ce1b88f4","SJER_025.basePlot.vst","2016-12-01","vst_SJER_2016","D17","SJER","SJER_025",,"NEON.PLA.D17.SJER.04999","ok","single shrub","Live",2.8,130,4.6,,,,5.8,5.6,,"half-sphere",7.2,20,,,,"6HzkzFDdLaNgPi31AaqxNPsuI5nRHqWu","V5rt+BKIicJ6EBjqe3TMuRqHR0FOIj8d","legacyData"
"31b3fbf7-8faa-4360-9d2e-7fa3b587972e","SJER_025.basePlot.vst","2016-12-01","vst_SJER_2016","D17","SJER","SJER_025",,"NEON.PLA.D17.SJER.04197","ok","single shrub","Standing dead",2.4,130,1.1,,,,2.0,1.4,,"oblate half-sphere",7.1,25,,,,"6HzkzFDdLaNgPi31AaqxNPsuI5nRHqWu","V5rt+BKIicJ6EBjqe3TMuRqHR0FOIj8d","legacyData"
"4ab8da26-deab-41a8-aa98-b4761fb1f046","SJER_025.basePlot.vst","2016-12-01","vst_SJER_2016","D17","SJER","SJER_025",,"NEON.PLA.D17.SJER.04198","ok","single shrub","Live",2.5,130,2.4,,,,4.1,2.4,,"oblate half-sphere",,,,,"Access denied for basal diameter","6HzkzFDdLaNgPi31AaqxNPsuI5nRHqWu","V5rt+BKIicJ6EBjqe3TMuRqHR0FOIj8d","legacyData"
"eb2e0667-4eac-4460-8997-2f7890c75364","SJER_025.basePlot.vst","2016-12-01","vst_SJER_2016","D17","SJER","SJER_025",,"NEON.PLA.D17.SJER.04992","ok","single shrub","Live",2.4,130,3.6,0.6,,,5.7,5.2,,"ellipsoid or sphere",3.2,10,,,,"6HzkzFDdLaNgPi31AaqxNPsuI5nRHqWu","V5rt+BKIicJ6EBjqe3TMuRqHR0FOIj8d","legacyData"
"742000ca-6b9a-4d0b-b953-3062fd656dd2","SJER_025.basePlot.vst","2016-12-01","vst_SJER_2016","D17","SJER","SJER_025",,"NEON.PLA.D17.SJER.04992","ok","single shrub","Live",4.1,130,3.6,0.6,,,5.7,5.2,,"ellipsoid or sphere",7.5,10,,,,"6HzkzFDdLaNgPi31AaqxNPsuI5nRHqWu","V5rt+BKIicJ6EBjqe3TMuRqHR0FOIj8d","legacyData"
"46619910-91b9-48a4-aabf-a3431359e4a1","SJER_025.basePlot.vst","2016-12-01","vst_SJER_2016","D17","SJER","SJER_025",,"NEON.PLA.D17.SJER.04992","ok","single shrub","Live",2.4,130,3.6,0.6,,,5.7,5.2,,"ellipsoid or sphere",4.3,20,,,,"6HzkzFDdLaNgPi31AaqxNPsuI5nRHqWu","V5rt+BKIicJ6EBjqe3TMuRqHR0FOIj8d","legacyData"
"27c5b8b2-7a79-4785-acba-12145762a573","SJER_025.basePlot.vst","2016-12-01","vst_SJER_2016","D17","SJER","SJER_025",,"NEON.PLA.D17.SJER.04992","ok","single shrub","Live",6.0,135,3.6,0.6,,,5.7,5.2,,"ellipsoid or sphere",8.5,20,,,,"6HzkzFDdLaNgPi31AaqxNPsuI5nRHqWu","V5rt+BKIicJ6EBjqe3TMuRqHR0FOIj8d","legacyData"
"77928240-dc8c-48df-b4b5-574ee01e06b8","SJER_025.basePlot.vst","2016-12-01","vst_SJER_2016","D17","SJER","SJER_025",,"NEON.PLA.D17.SJER.04999","ok","single shrub","Live",7.5,130,4.6,,,,5.8,5.6,,"half-sphere",16.7,25,,,,"6HzkzFDdLaNgPi31AaqxNPsuI5nRHqWu","V5rt+BKIicJ6EBjqe3TMuRqHR0FOIj8d","legacyData"
"39c53f5f-1101-427e-94fb-fcd1ae9a73b8","SJER_025.basePlot.vst","2016-12-01","vst_SJER_2016","D17","SJER","SJER_025",,"NEON.PLA.D17.SJER.04999","ok","single shrub","Live",3.3,130,4.6,,,,5.8,5.6,,"half-sphere",7.0,20,,,,"6HzkzFDdLaNgPi31AaqxNPsuI5nRHqWu","V5rt+BKIicJ6EBjqe3TMuRqHR0FOIj8d","legacyData"
"6761ffb3-0011-4ca2-9070-ad5c8527e76b","SJER_025.basePlot.vst","2016-12-01","vst_SJER_2016","D17","SJER","SJER_025",,"NEON.PLA.D17.SJER.04992","ok","single shrub","Live",2.4,130,3.6,0.6,,,5.7,5.2,,"ellipsoid or sphere",4.7,10,,,,"6HzkzFDdLaNgPi31AaqxNPsuI5nRHqWu","V5rt+BKIicJ6EBjqe3TMuRqHR0FOIj8d","legacyData"
"b61829d0-e4c8-4df7-944c-08420b1dd1e5","SJER_025.basePlot.vst","2016-12-01","vst_SJER_2016","D17","SJER","SJER_025",,"NEON.PLA.D17.SJER.04087","ok","single shrub","Live",2.9,130,3.2,,,,4.1,-3.6,,"oblate half-sphere",5.7,10,,,,"6HzkzFDdLaNgPi31AaqxNPsuI5nRHqWu","V5rt+BKIicJ6EBjqe3TMuRqHR0FOIj8d","legacyData"
"f49bf254-14f9-463d-b51d-557a3f2dbbcc","SJER_025.basePlot.vst","2016-12-01","vst_SJER_2016","D17","SJER","SJER_025",,"NEON.PLA.D17.SJER.04999","ok","single shrub","Live",4.2,130,4.6,,,,5.8,5.6,,"half-sphere",4.8,20,,,,"6HzkzFDdLaNgPi31AaqxNPsuI5nRHqWu","V5rt+BKIicJ6EBjqe3TMuRqHR0FOIj8d","legacyData"
"da0ba0d1-5d43-4046-8dcc-6c9a87b2faa0","SJER_025.basePlot.vst","2016-12-01","vst_SJER_2016","D17","SJER","SJER_025",,"NEON.PLA.D17.SJER.04992","ok","single shrub","Live",9.8,130,3.6,0.6,,,5.7,5.2,,"ellipsoid or sphere",12.7,30,,,,"6HzkzFDdLaNgPi31AaqxNPsuI5nRHqWu","V5rt+BKIicJ6EBjqe3TMuRqHR0FOIj8d","legacyData"
"f0498dff-f9fb-4365-841f-599325774b77","SJER_025.basePlot.vst","2016-12-01","vst_SJER_2016","D17","SJER","SJER_025",,"NEON.PLA.D17.SJER.04085","ok","single shrub","Standing dead",4.0,130,3.1,,,,4.9,3.8,,"oblate half-sphere",13.2,25,,,,"6HzkzFDdLaNgPi31AaqxNPsuI5nRHqWu","V5rt+BKIicJ6EBjqe3TMuRqHR0FOIj8d","legacyData"
"226de865-bf15-4533-929f-e56180d4ae6e","SJER_025.basePlot.vst","2016-12-01","vst_SJER_2016","D17","SJER","SJER_025",,"NEON.PLA.D17.SJER.04087","ok","single shrub","Live",4.5,130,3.2,,,,4.1,3.6,,"oblate half-sphere",26.8,10,,,,"6HzkzFDdLaNgPi31AaqxNPsuI5nRHqWu","V5rt+BKIicJ6EBjqe3TMuRqHR0FOIj8d","legacyData"
"d2162aef-370c-4a34-9a3f-30731516a228","SJER_025.basePlot.vst","2016-12-01","vst_SJER_2016","D17","SJER","SJER_025",,"NEON.PLA.D17.SJER.04999","ok","single shrub","Live",4.2,130,4.6,,,,5.8,5.6,,"half-sphere",5.9,20,,,,"6HzkzFDdLaNgPi31AaqxNPsuI5nRHqWu","V5rt+BKIicJ6EBjqe3TMuRqHR0FOIj8d","legacyData"
"2d8bd2cd-eea9-4525-b1b0-7190635917e2","SJER_025.basePlot.vst","2016-12-01","vst_SJER_2016","D17","SJER","SJER_025",,"NEON.PLA.D17.SJER.04198","ok","single shrub","Live",3.6,130,2.4,,,,4.1,2.4,,"oblate half-sphere",9.8,25,,,,"6HzkzFDdLaNgPi31AaqxNPsuI5nRHqWu","V5rt+BKIicJ6EBjqe3TMuRqHR0FOIj8d","legacyData"
"643a9107-7571-45c3-9a6e-803289c49628","SJER_025.basePlot.vst","2016-12-01","vst_SJER_2016","D17","SJER","SJER_025",,"NEON.PLA.D17.SJER.04999","ok","single shrub","Live",3.5,130,4.6,,,,5.8,5.6,,"half-sphere",,,,,"Access denied for basal diameter","6HzkzFDdLaNgPi31AaqxNPsuI5nRHqWu","V5rt+BKIicJ6EBjqe3TMuRqHR0FOIj8d","legacyData"
"7e7c79ef-47ab-47b5-a72e-84930af7dc51","SJER_025.basePlot.vst","2016-12-01","vst_SJER_2016","D17","SJER","SJER_025",,"NEON.PLA.D17.SJER.04085","ok","single shrub","Standing dead",3.5,130,3.1,,,,4.9,3.8,,"oblate half-sphere",11.9,20,,,,"6HzkzFDdLaNgPi31AaqxNPsuI5nRHqWu","V5rt+BKIicJ6EBjqe3TMuRqHR0FOIj8d","legacyData"
"bca928cd-243a-468c-ada8-dbf9db8efa30","SJER_025.basePlot.vst","2016-12-01","vst_SJER_2016","D17","SJER","SJER_025",,"NEON.PLA.D17.SJER.04064","ok","small shrub","Live",,,1.4,,,,1.5,0.9,,"cylinder",1.2,20,,,,"6HzkzFDdLaNgPi31AaqxNPsuI5nRHqWu","V5rt+BKIicJ6EBjqe3TMuRqHR0FOIj8d","legacyData"
"2ed2fe00-8ba3-42b9-9c19-4e222747d0a1","SJER_025.basePlot.vst","2016-12-01","vst_SJER_2016","D17","SJER","SJER_025",,"NEON.PLA.D17.SJER.04061A","ok","multi-bole tree","Live",15.6,170,,,,,,,,,,,,,,"6HzkzFDdLaNgPi31AaqxNPsuI5nRHqWu","V5rt+BKIicJ6EBjqe3TMuRqHR0FOIj8d","legacyData"
"66c64291-3649-46a2-8bba-a52523b5b3aa","SJER_025.basePlot.vst","2016-12-01","vst_SJER_2016","D17","SJER","SJER_025",,"NEON.PLA.D17.SJER.04072","ok","small shrub","Live",,,0.7,,,,1.0,0.1,,"cylinder",1.1,10,,,,"6HzkzFDdLaNgPi31AaqxNPsuI5nRHqWu","V5rt+BKIicJ6EBjqe3TMuRqHR0FOIj8d","legacyData"
"63d1b00a-867c-47ab-bba8-6cc20a0ad454","SJER_025.basePlot.vst","2016-12-01","vst_SJER_2016","D17","SJER","SJER_025",,"NEON.PLA.D17.SJER.04082","ok","liana","Live",1.1,130,,,,,,,,,,,,,,"6HzkzFDdLaNgPi31AaqxNPsuI5nRHqWu","V5rt+BKIicJ6EBjqe3TMuRqHR0FOIj8d","legacyData"
"9c0e1d42-8a3a-4027-8eea-c119a0676e3f","SJER_025.basePlot.vst","2016-12-01","vst_SJER_2016","D17","SJER","SJER_025",,"NEON.PLA.D17.SJER.04066","ok","liana","Live",1.0,130,,,,,,,,,,,,,,"6HzkzFDdLaNgPi31AaqxNPsuI5nRHqWu","V5rt+BKIicJ6EBjqe3TMuRqHR0FOIj8d","legacyData"
"c25dd428-ae9d-4072-89c6-8166e1c6fbeb","SJER_025.basePlot.vst","2016-12-01","vst_SJER_2016","D17","SJER","SJER_025",,"NEON.PLA.D17.SJER.04062","ok","single shrub","Live",2.0,130,4.2,1.2,,,3.4,2.2,,"ellipsoid or sphere",3.4,10,,,,"6HzkzFDdLaNgPi31AaqxNPsuI5nRHqWu","V5rt+BKIicJ6EBjqe3TMuRqHR0FOIj8d","legacyData"
"c5e39d79-e884-4245-8327-f89a402afe9c","SJER_025.basePlot.vst","2016-12-01","vst_SJER_2016","D17","SJER","SJER_025",,"NEON.PLA.D17.SJER.04069","ok","single shrub","Live",14.7,130,3.3,,,,5.4,4.7,,"half-sphere",21.5,20,,,,"6HzkzFDdLaNgPi31AaqxNPsuI5nRHqWu","V5rt+BKIicJ6EBjqe3TMuRqHR0FOIj8d","legacyData"
"c43e3ce6-5f82-47d0-aa55-eea43a9f6e10","SJER_025.basePlot.vst","2016-12-01","vst_SJER_2016","D17","SJER","SJER_025",,"NEON.PLA.D17.SJER.04079","ok","liana","Live",2.5,130,,,,,,,,,,,,,,"6HzkzFDdLaNgPi31AaqxNPsuI5nRHqWu","V5rt+BKIicJ6EBjqe3TMuRqHR0FOIj8d","legacyData"
"b47bcac5-a79c-470e-b0f0-6e599d945e38","SJER_025.basePlot.vst","2016-12-01","vst_SJER_2016","D17","SJER","SJER_025",,"NEON.PLA.D17.SJER.04080","ok","liana","Live",2.6,130,,,,,,,,,,,,,,"6HzkzFDdLaNgPi31AaqxNPsuI5nRHqWu","V5rt+BKIicJ6EBjqe3TMuRqHR0FOIj8d","legacyData"
"a809933a-2bbd-4649-ba86-ce9a1efd6635","SJER_025.basePlot.vst","2016-12-01","vst_SJER_2016","D17","SJER","SJER_025",,"NEON.PLA.D17.SJER.04078","ok","liana","Standing dead",1.5,130,,,,,,,,,,,,,,"6HzkzFDdLaNgPi31AaqxNPsuI5nRHqWu","V5rt+BKIicJ6EBjqe3TMuRqHR0FOIj8d","legacyData"
"e31a4e41-12a9-42a2-aac8-92fb1bfd7935","SJER_025.basePlot.vst","2016-12-01","vst_SJER_2016","D17","SJER","SJER_025",,"NEON.PLA.D17.SJER.04071","ok","small shrub","Live",,,1.1,,,,0.8,0.4,,"cylinder",1.5,10,,,,"6HzkzFDdLaNgPi31AaqxNPsuI5nRHqWu","V5rt+BKIicJ6EBjqe3TMuRqHR0FOIj8d","legacyData"
"470c8f77-4141-4a23-b1c1-ef79e5332620","SJER_025.basePlot.vst","2016-12-01","vst_SJER_2016","D17","SJER","SJER_025",,"NEON.PLA.D17.SJER.04065","ok","small shrub","Live",,,0.3,,,,1.5,0.3,,"oblate half-sphere",2.4,10,,,,"6HzkzFDdLaNgPi31AaqxNPsuI5nRHqWu","V5rt+BKIicJ6EBjqe3TMuRqHR0FOIj8d","legacyData"
"28a21fd4-6030-487a-958b-f45f8b0fbb22","SJER_025.basePlot.vst","2016-12-01","vst_SJER_2016","D17","SJER","SJER_025",,"NEON.PLA.D17.SJER.04075","ok","liana","Live",2.9,130,,,,,,,,,,,,,,"6HzkzFDdLaNgPi31AaqxNPsuI5nRHqWu","V5rt+BKIicJ6EBjqe3TMuRqHR0FOIj8d","legacyData"
"de189ceb-d331-44b6-a220-6e60d66ac907","SJER_025.basePlot.vst","2016-12-01","vst_SJER_2016","D17","SJER","SJER_025",,"NEON.PLA.D17.SJER.04083","ok","liana","Live",1.0,130,,,,,,,,,,,,,,"6HzkzFDdLaNgPi31AaqxNPsuI5nRHqWu","V5rt+BKIicJ6EBjqe3TMuRqHR0FOIj8d","legacyData"
"0f395399-dd85-4e47-9fc1-a94af1a7e9b9","SJER_025.basePlot.vst","2016-12-01","vst_SJER_2016","D17","SJER","SJER_025",,"NEON.PLA.D17.SJER.04085","ok","single shrub","Standing dead",3.6,130,3.1,,,,4.9,3.8,,"oblate half-sphere",10.0,25,,,,"6HzkzFDdLaNgPi31AaqxNPsuI5nRHqWu","V5rt+BKIicJ6EBjqe3TMuRqHR0FOIj8d","legacyData"
"6135c13a-7ea2-4360-83c2-971a68e3a1e7","SJER_025.basePlot.vst","2016-12-01","vst_SJER_2016","D17","SJER","SJER_025",,"NEON.PLA.D17.SJER.04064","ok","small shrub","Live",,,1.4,,,,1.5,0.9,,"cylinder",1.9,10,,,,"6HzkzFDdLaNgPi31AaqxNPsuI5nRHqWu","V5rt+BKIicJ6EBjqe3TMuRqHR0FOIj8d","legacyData"
"ac2a6620-4115-44cb-97c3-6dae26a139ae","SJER_025.basePlot.vst","2016-12-01","vst_SJER_2016","D17","SJER","SJER_025",,"NEON.PLA.D17.SJER.04085","ok","single shrub","Standing dead",5.4,130,3.1,,,,4.9,3.8,,"oblate half-sphere",10.4,20,,,,"6HzkzFDdLaNgPi31AaqxNPsuI5nRHqWu","V5rt+BKIicJ6EBjqe3TMuRqHR0FOIj8d","legacyData"
"b8d1c9b0-8647-45c3-8e0b-1fee00d2dc7c","SJER_025.basePlot.vst","2016-12-01","vst_SJER_2016","D17","SJER","SJER_025",,"NEON.PLA.D17.SJER.04067","ok","small shrub","Live",,,0.7,,,,0.8,0.5,,"cylinder",1.4,10,,,,"6HzkzFDdLaNgPi31AaqxNPsuI5nRHqWu","V5rt+BKIicJ6EBjqe3TMuRqHR0FOIj8d","legacyData"
"73c7023c-6753-4e09-a76d-fb7567c725ce","SJER_025.basePlot.vst","2016-12-01","vst_SJER_2016","D17","SJER","SJER_025",,"NEON.PLA.D17.SJER.04067","ok","small shrub","Live",,,0.7,,,,0.8,0.5,,"cylinder",1.6,10,,,,"6HzkzFDdLaNgPi31AaqxNPsuI5nRHqWu","V5rt+BKIicJ6EBjqe3TMuRqHR0FOIj8d","legacyData"
"b3f01c6d-0786-4c94-ab1e-2b011d5446f5","SJER_025.basePlot.vst","2016-12-01","vst_SJER_2016","D17","SJER","SJER_025",,"NEON.PLA.D17.SJER.04070","ok","single shrub","Standing dead",4.9,130,3.0,,,,3.0,2.9,,"cylinder",13.8,20,,,,"6HzkzFDdLaNgPi31AaqxNPsuI5nRHqWu","V5rt+BKIicJ6EBjqe3TMuRqHR0FOIj8d","legacyData"
"a6d9d2c2-4be8-4675-9463-f3fa522d2ddc","SJER_025.basePlot.vst","2016-12-01","vst_SJER_2016","D17","SJER","SJER_025",,"NEON.PLA.D17.SJER.04085","ok","single shrub","Standing dead",2.4,130,3.1,,,,4.9,3.8,,"oblate half-sphere",6.0,30,,,,"6HzkzFDdLaNgPi31AaqxNPsuI5nRHqWu","V5rt+BKIicJ6EBjqe3TMuRqHR0FOIj8d","legacyData"
"1782ee34-e72a-4c7f-bba2-3ce1099a4f39","SJER_025.basePlot.vst","2016-12-01","vst_SJER_2016","D17","SJER","SJER_025",,"NEON.PLA.D17.SJER.04073","ok","single shrub","Live",5.0,130,2.2,,,,4.6,3.8,,"half-sphere",9.0,10,,,,"6HzkzFDdLaNgPi31AaqxNPsuI5nRHqWu","V5rt+BKIicJ6EBjqe3TMuRqHR0FOIj8d","legacyData"
"bb0a0b57-4c0b-40ae-9161-8e069455eb89","SJER_025.basePlot.vst","2016-12-01","vst_SJER_2016","D17","SJER","SJER_025",,"NEON.PLA.D17.SJER.04084","ok","liana","Live",1.1,130,,,,,,,,,,,,,,"6HzkzFDdLaNgPi31AaqxNPsuI5nRHqWu","V5rt+BKIicJ6EBjqe3TMuRqHR0FOIj8d","legacyData"
"6c7f6355-b639-4e2d-853c-3c0291bd0120","SJER_025.basePlot.vst","2016-12-01","vst_SJER_2016","D17","SJER","SJER_025",,"NEON.PLA.D17.SJER.04061","ok","multi-bole tree","Live",21.4,165,7.7,,,,7.4,7.2,"Partially shaded",,,,,,,"6HzkzFDdLaNgPi31AaqxNPsuI5nRHqWu","V5rt+BKIicJ6EBjqe3TMuRqHR0FOIj8d","legacyData"
"14f674ec-dd76-4f52-aed9-9c30cdc414b1","SJER_025.basePlot.vst","2016-12-01","vst_SJER_2016","D17","SJER","SJER_025",,"NEON.PLA.D17.SJER.04068","ok","single shrub","Live",8.4,130,3.3,,,,5.5,4.6,,"half-sphere",19.0,25,,,,"6HzkzFDdLaNgPi31AaqxNPsuI5nRHqWu","V5rt+BKIicJ6EBjqe3TMuRqHR0FOIj8d","legacyData"
"5d0f6cb3-d2a5-4a3e-934d-0a4c3ab9f435","SJER_025.basePlot.vst","2016-12-01","vst_SJER_2016","D17","SJER","SJER_025",,"NEON.PLA.D17.SJER.04081","ok","liana","Live",1.6,130,,,,,,,,,,,,,,"6HzkzFDdLaNgPi31AaqxNPsuI5nRHqWu","V5rt+BKIicJ6EBjqe3TMuRqHR0FOIj8d","legacyData"
"d21ca26b-ef10-46ea-82e3-fb386921b9c0","SJER_025.basePlot.vst","2016-12-01","vst_SJER_2016","D17","SJER","SJER_025",,"NEON.PLA.D17.SJER.04068","ok","single shrub","Live",12.8,130,3.3,,,,5.5,4.6,,"half-sphere",17.2,25,,,,"6HzkzFDdLaNgPi31AaqxNPsuI5nRHqWu","V5rt+BKIicJ6EBjqe3TMuRqHR0FOIj8d","legacyData"
"61ef923d-f664-417d-a5a7-aba00f98ec51","SJER_025.basePlot.vst","2016-12-01","vst_SJER_2016","D17","SJER","SJER_025",,"NEON.PLA.D17.SJER.04076","ok","liana","Live",1.1,130,,,,,,,,,,,,,,"6HzkzFDdLaNgPi31AaqxNPsuI5nRHqWu","V5rt+BKIicJ6EBjqe3TMuRqHR0FOIj8d","legacyData"
"e9612702-f467-4e80-8af7-b992acd7df21","SJER_010.basePlot.vst","2016-12-01","vst_SJER_2016","D17","SJER","SJER_010",,"NEON.PLA.D17.SJER.04407","ok","small shrub","Standing dead",,,1.0,,,,0.8,0.4,,"cylinder",1.1,10,,,,"6HzkzFDdLaNgPi31AaqxNPsuI5nRHqWu","V5rt+BKIicJ6EBjqe3TMuRqHR0FOIj8d","legacyData"
"c2577c13-9545-4656-af27-519cd7bfab2f","SJER_010.basePlot.vst","2016-12-01","vst_SJER_2016","D17","SJER","SJER_010",,"NEON.PLA.D17.SJER.04406","ok","liana","Standing dead",1.8,130,,,,,,,,,,,,,,"6HzkzFDdLaNgPi31AaqxNPsuI5nRHqWu","V5rt+BKIicJ6EBjqe3TMuRqHR0FOIj8d","legacyData"
"303480ad-a591-467d-a71b-8be53b969608","SJER_010.basePlot.vst","2016-12-01","vst_SJER_2016","D17","SJER","SJER_010",,"NEON.PLA.D17.SJER.04100","ok","small tree","Live",2.4,180,3.3,,,,,,,,,,,,,"6HzkzFDdLaNgPi31AaqxNPsuI5nRHqWu","V5rt+BKIicJ6EBjqe3TMuRqHR0FOIj8d","legacyData"
"580ac525-60fb-48ee-b708-f5b5faabc42a","SJER_010.basePlot.vst","2016-12-01","vst_SJER_2016","D17","SJER","SJER_010",,"NEON.PLA.D17.SJER.04099","ok","small shrub","Live",,,0.9,,,,1.1,0.9,,"half-sphere",2.1,10,,,,"6HzkzFDdLaNgPi31AaqxNPsuI5nRHqWu","V5rt+BKIicJ6EBjqe3TMuRqHR0FOIj8d","legacyData"
"8ce10c57-1207-4678-8f0c-cf44bdb34efc","SJER_010.basePlot.vst","2016-12-01","vst_SJER_2016","D17","SJER","SJER_010",,"NEON.PLA.D17.SJER.04412","ok","single shrub","Standing dead",1.7,130,1.6,,,,2.0,1.4,,"half-sphere",2.3,10,,,,"6HzkzFDdLaNgPi31AaqxNPsuI5nRHqWu","V5rt+BKIicJ6EBjqe3TMuRqHR0FOIj8d","legacyData"
"142f8251-24f6-4bc9-ba5d-be5d63d963d3","SJER_010.basePlot.vst","2016-12-01","vst_SJER_2016","D17","SJER","SJER_010",,"NEON.PLA.D17.SJER.04096","ok","single bole tree","Live",14.1,130,9.1,,,,4.2,3.9,"Full sun",,,,,,,"6HzkzFDdLaNgPi31AaqxNPsuI5nRHqWu","V5rt+BKIicJ6EBjqe3TMuRqHR0FOIj8d","legacyData"
"84b35740-c236-46ca-98de-d7ed3b34d327","SJER_010.basePlot.vst","2016-12-01","vst_SJER_2016","D17","SJER","SJER_010",,"NEON.PLA.D17.SJER.04098","ok","single shrub","Live",3.6,130,4.5,0.9,,,4.9,4.5,,"ellipsoid or sphere",6.1,15,,,,"6HzkzFDdLaNgPi31AaqxNPsuI5nRHqWu","V5rt+BKIicJ6EBjqe3TMuRqHR0FOIj8d","legacyData"
"7f4b88ba-a000-4d2c-b86c-2bcd9d2f1045","SJER_010.basePlot.vst","2016-12-01","vst_SJER_2016","D17","SJER","SJER_010",,"NEON.PLA.D17.SJER.04935","ok","single bole tree","Live",37.0,130,16.8,,,,10.2,8.8,"Full sun",,,,,,,"6HzkzFDdLaNgPi31AaqxNPsuI5nRHqWu","V5rt+BKIicJ6EBjqe3TMuRqHR0FOIj8d","legacyData"
"b3f103b4-15cf-4bda-b0bc-bb51dcfa743f","SJER_010.basePlot.vst","2016-12-01","vst_SJER_2016","D17","SJER","SJER_010",,"NEON.PLA.D17.SJER.04404","ok","small shrub","Live",,,1.2,,,,0.9,0.8,,"cylinder",1.4,10,,,,"6HzkzFDdLaNgPi31AaqxNPsuI5nRHqWu","V5rt+BKIicJ6EBjqe3TMuRqHR0FOIj8d","legacyData"
"1507e44f-8133-4fba-9ce7-984c102391b8","SJER_010.basePlot.vst","2016-12-01","vst_SJER_2016","D17","SJER","SJER_010",,"NEON.PLA.D17.SJER.04414","ok","small shrub","Live",,,0.5,,,,1.6,0.3,,"cylinder",1.2,10,,,,"6HzkzFDdLaNgPi31AaqxNPsuI5nRHqWu","V5rt+BKIicJ6EBjqe3TMuRqHR0FOIj8d","legacyData"
"34fd867d-ffce-41aa-a8fc-8b12d0a1e317","SJER_010.basePlot.vst","2016-12-01","vst_SJER_2016","D17","SJER","SJER_010",,"NEON.PLA.D17.SJER.04098","ok","single shrub","Live",2.8,130,4.5,0.9,,,4.9,4.5,,"ellipsoid or sphere",4.9,20,,,,"6HzkzFDdLaNgPi31AaqxNPsuI5nRHqWu","V5rt+BKIicJ6EBjqe3TMuRqHR0FOIj8d","legacyData"
"80428e9a-9f61-4ee7-879c-6dd7db0c1789","SJER_010.basePlot.vst","2016-12-01","vst_SJER_2016","D17","SJER","SJER_010",,"NEON.PLA.D17.SJER.04099","ok","small shrub","Live",,,0.9,,,,1.1,0.9,,"half-sphere",1.9,10,,,,"6HzkzFDdLaNgPi31AaqxNPsuI5nRHqWu","V5rt+BKIicJ6EBjqe3TMuRqHR0FOIj8d","legacyData"
"0f47c07e-b63e-4c88-a7e4-e58f204caba3","SJER_010.basePlot.vst","2016-12-01","vst_SJER_2016","D17","SJER","SJER_010",,"NEON.PLA.D17.SJER.04091C","ok","multi-bole tree","Standing dead",25.8,150,,,,,,,,,,,,,,"6HzkzFDdLaNgPi31AaqxNPsuI5nRHqWu","V5rt+BKIicJ6EBjqe3TMuRqHR0FOIj8d","legacyData"
"bc779681-51bc-4d9e-899e-357df59c34c4","SJER_010.basePlot.vst","2016-12-01","vst_SJER_2016","D17","SJER","SJER_010",,"NEON.PLA.D17.SJER.04092","ok","single bole tree","Live",14.3,130,8.5,,,,3.5,3.1,"Full sun",,,,,,,"6HzkzFDdLaNgPi31AaqxNPsuI5nRHqWu","V5rt+BKIicJ6EBjqe3TMuRqHR0FOIj8d","legacyData"
"74bfa797-aa3f-47f5-a6f1-e10f4445793f","SJER_010.basePlot.vst","2016-12-01","vst_SJER_2016","D17","SJER","SJER_010",,"NEON.PLA.D17.SJER.04093","ok","single bole tree","Live",27.4,130,15.0,,,,7.7,6.0,"Full sun",,,,,,,"6HzkzFDdLaNgPi31AaqxNPsuI5nRHqWu","V5rt+BKIicJ6EBjqe3TMuRqHR0FOIj8d","legacyData"
"c86806ca-15c1-47b8-ac6c-5fececa5399e","SJER_010.basePlot.vst","2016-12-01","vst_SJER_2016","D17","SJER","SJER_010",,"NEON.PLA.D17.SJER.04090","ok","single shrub","Live",8.1,130,,,,,,,,,10.0,20,,,,"6HzkzFDdLaNgPi31AaqxNPsuI5nRHqWu","V5rt+BKIicJ6EBjqe3TMuRqHR0FOIj8d","legacyData"
"07d4e172-18b4-42ac-aa94-7349641f693c","SJER_010.basePlot.vst","2016-12-01","vst_SJER_2016","D17","SJER","SJER_010",,"NEON.PLA.D17.SJER.04091D","ok","multi-bole tree","Live",22.9,130,,,,,,,,,,,,,,"6HzkzFDdLaNgPi31AaqxNPsuI5nRHqWu","V5rt+BKIicJ6EBjqe3TMuRqHR0FOIj8d","legacyData"
"c5f1e031-c6ca-4e37-8f77-317a73fc6ed0","SJER_010.basePlot.vst","2016-12-01","vst_SJER_2016","D17","SJER","SJER_010",,"NEON.PLA.D17.SJER.04090","ok","single shrub","Standing dead",10.8,130,,,,,,,,,14.2,20,,,,"6HzkzFDdLaNgPi31AaqxNPsuI5nRHqWu","V5rt+BKIicJ6EBjqe3TMuRqHR0FOIj8d","legacyData"
"b803c36f-e9b3-4be1-85ad-572ea61bdd53","SJER_010.basePlot.vst","2016-12-01","vst_SJER_2016","D17","SJER","SJER_010",,"NEON.PLA.D17.SJER.04091","ok","multi-bole tree","Standing dead",24.2,200,8.1,,,,14.5,13.2,"Full sun",,,,,,,"6HzkzFDdLaNgPi31AaqxNPsuI5nRHqWu","V5rt+BKIicJ6EBjqe3TMuRqHR0FOIj8d","legacyData"
"9aaec320-b200-4202-ae10-f9db3cf25c7b","SJER_010.basePlot.vst","2016-12-01","vst_SJER_2016","D17","SJER","SJER_010",,"NEON.PLA.D17.SJER.04090","ok","single shrub","Standing dead",8.8,130,,,,,,,,,17.8,30,,,,"6HzkzFDdLaNgPi31AaqxNPsuI5nRHqWu","V5rt+BKIicJ6EBjqe3TMuRqHR0FOIj8d","legacyData"
"4251495f-860e-47c1-87a2-f075232d8bdd","SJER_010.basePlot.vst","2016-12-01","vst_SJER_2016","D17","SJER","SJER_010",,"NEON.PLA.D17.SJER.04094","ok","small tree","Live",3.3,130,3.2,,,,,,,,,,,,,"6HzkzFDdLaNgPi31AaqxNPsuI5nRHqWu","V5rt+BKIicJ6EBjqe3TMuRqHR0FOIj8d","legacyData"
"d37a1d0a-fa70-4fe7-9979-836bf8203b68","SJER_010.basePlot.vst","2016-12-01","vst_SJER_2016","D17","SJER","SJER_010",,"NEON.PLA.D17.SJER.04091A","ok","multi-bole tree","Standing dead",22.5,190,,,,,,,,,,,,,,"6HzkzFDdLaNgPi31AaqxNPsuI5nRHqWu","V5rt+BKIicJ6EBjqe3TMuRqHR0FOIj8d","legacyData"
"49938b83-a197-431c-82fa-cf56e4f1d19a","SJER_010.basePlot.vst","2016-12-01","vst_SJER_2016","D17","SJER","SJER_010",,"NEON.PLA.D17.SJER.04091B","ok","multi-bole tree","Live",24.2,130,,,,,,,,,,,,,,"6HzkzFDdLaNgPi31AaqxNPsuI5nRHqWu","V5rt+BKIicJ6EBjqe3TMuRqHR0FOIj8d","legacyData"
"6b723cd0-3f23-415c-bfb2-ea255192a439","SJER_010.basePlot.vst","2016-12-01","vst_SJER_2016","D17","SJER","SJER_010",,"NEON.PLA.D17.SJER.04090","ok","single shrub","Live",7.3,130,,,,,,,,,10.9,10,,,,"6HzkzFDdLaNgPi31AaqxNPsuI5nRHqWu","V5rt+BKIicJ6EBjqe3TMuRqHR0FOIj8d","legacyData"
"9d01a943-9711-46e9-916c-f77654de29e9","SJER_010.basePlot.vst","2016-12-01","vst_SJER_2016","D17","SJER","SJER_010",,"NEON.PLA.D17.SJER.04090","ok","single shrub","Standing dead",11.2,130,3.8,1.6,,,7.2,6.6,,"ellipsoid or sphere",20.1,25,,,,"6HzkzFDdLaNgPi31AaqxNPsuI5nRHqWu","V5rt+BKIicJ6EBjqe3TMuRqHR0FOIj8d","legacyData"
"5e857269-51b6-48b9-bedc-2280d6681a12","SJER_025.basePlot.vst","2016-12-01","vst_SJER_2016","D17","SJER","SJER_025",,"NEON.PLA.D17.SJER.04073","ok","single shrub","Live",5.2,130,2.2,,,,4.6,3.8,,"half-sphere",13.4,10,,,,"6HzkzFDdLaNgPi31AaqxNPsuI5nRHqWu","V5rt+BKIicJ6EBjqe3TMuRqHR0FOIj8d","legacyData"
"b52033d6-7e9f-4e67-bd95-b79dd1695095","SJER_025.basePlot.vst","2016-12-01","vst_SJER_2016","D17","SJER","SJER_025",,"NEON.PLA.D17.SJER.04063","ok","small shrub","Live",,,1.5,,,,0.8,0.7,,"cylinder",1.2,10,,,,"6HzkzFDdLaNgPi31AaqxNPsuI5nRHqWu","V5rt+BKIicJ6EBjqe3TMuRqHR0FOIj8d","legacyData"
"2f809d58-9ac6-4c3e-985c-319ecea7be69","SJER_025.basePlot.vst","2016-12-01","vst_SJER_2016","D17","SJER","SJER_025",,"NEON.PLA.D17.SJER.04077","ok","liana","Standing dead",1.1,130,,,,,,,,,,,,,,"6HzkzFDdLaNgPi31AaqxNPsuI5nRHqWu","V5rt+BKIicJ6EBjqe3TMuRqHR0FOIj8d","legacyData"
"68bbf360-0a83-4eca-a6c0-8227c3e02f02","SJER_010.basePlot.vst","2016-12-01","vst_SJER_2016","D17","SJER","SJER_010",,"NEON.PLA.D17.SJER.04097","ok","single shrub","Standing dead",8.0,130,1.4,,,,2.6,1.8,,"half-sphere",10.3,30,,,,"6HzkzFDdLaNgPi31AaqxNPsuI5nRHqWu","V5rt+BKIicJ6EBjqe3TMuRqHR0FOIj8d","legacyData"
"ab73d0b3-64ad-4a69-b669-7b29339f1334","SJER_010.basePlot.vst","2016-12-01","vst_SJER_2016","D17","SJER","SJER_010",,"NEON.PLA.D17.SJER.04098","ok","single shrub","Live",4.3,130,4.5,0.9,,,4.9,4.5,,"ellipsoid or sphere",8.1,10,,,,"6HzkzFDdLaNgPi31AaqxNPsuI5nRHqWu","V5rt+BKIicJ6EBjqe3TMuRqHR0FOIj8d","legacyData"
"9963f9d6-c3dd-4862-aa09-d6d73bced467","SJER_010.basePlot.vst","2016-12-01","vst_SJER_2016","D17","SJER","SJER_010",,"NEON.PLA.D17.SJER.04100","ok","small tree","Live",2.0,180,3.3,,,,,,,,,,,,,"6HzkzFDdLaNgPi31AaqxNPsuI5nRHqWu","V5rt+BKIicJ6EBjqe3TMuRqHR0FOIj8d","legacyData"
"89ce9239-1bee-492e-b023-e1c3a4d58c7b","SJER_010.basePlot.vst","2016-12-01","vst_SJER_2016","D17","SJER","SJER_010",,"NEON.PLA.D17.SJER.04098","ok","single shrub","Live",4.4,130,4.5,0.9,,,4.9,4.5,,"ellipsoid or sphere",8.5,15,,,,"6HzkzFDdLaNgPi31AaqxNPsuI5nRHqWu","V5rt+BKIicJ6EBjqe3TMuRqHR0FOIj8d","legacyData"
"d981e0c8-4bd0-49df-bad9-ef01d237fa09","SJER_010.basePlot.vst","2016-12-01","vst_SJER_2016","D17","SJER","SJER_010",,"NEON.PLA.D17.SJER.04405","ok","small shrub","Live",,,1.3,,,,0.5,0.4,,"cylinder",1.0,10,,,,"6HzkzFDdLaNgPi31AaqxNPsuI5nRHqWu","V5rt+BKIicJ6EBjqe3TMuRqHR0FOIj8d","legacyData"
"9edcecac-4d52-4db4-80c3-ace5425b9ae6","SJER_010.basePlot.vst","2016-12-01","vst_SJER_2016","D17","SJER","SJER_010",,"NEON.PLA.D17.SJER.04098","ok","single shrub","Live",4.3,130,4.5,0.9,,,4.9,4.5,,"ellipsoid or sphere",6.6,20,,,,"6HzkzFDdLaNgPi31AaqxNPsuI5nRHqWu","V5rt+BKIicJ6EBjqe3TMuRqHR0FOIj8d","legacyData"
"85d2b5e4-27cf-46b9-be8c-00218b07df00","SJER_010.basePlot.vst","2016-12-01","vst_SJER_2016","D17","SJER","SJER_010",,"NEON.PLA.D17.SJER.04415","ok","small shrub","Standing dead",,,1.4,,,,0.8,0.8,,"cylinder",1.6,10,,,,"6HzkzFDdLaNgPi31AaqxNPsuI5nRHqWu","V5rt+BKIicJ6EBjqe3TMuRqHR0FOIj8d","legacyData"
"5fc3170a-8b84-486b-82a4-0df2fa9a631c","SJER_010.basePlot.vst","2016-12-01","vst_SJER_2016","D17","SJER","SJER_010",,"NEON.PLA.D17.SJER.04410","ok","liana","Live",1.4,130,,,,,,,,,,,,,,"6HzkzFDdLaNgPi31AaqxNPsuI5nRHqWu","V5rt+BKIicJ6EBjqe3TMuRqHR0FOIj8d","legacyData"
"af7f6cc5-2d3d-434c-899a-e92bf6fce8d1","SJER_010.basePlot.vst","2016-12-01","vst_SJER_2016","D17","SJER","SJER_010",,"NEON.PLA.D17.SJER.04409","ok","liana","Live",1.3,130,,,,,,,,,,,,,,"6HzkzFDdLaNgPi31AaqxNPsuI5nRHqWu","V5rt+BKIicJ6EBjqe3TMuRqHR0FOIj8d","legacyData"
"68d7a0c5-ffc2-4850-ab92-115611154843","SJER_010.basePlot.vst","2016-12-01","vst_SJER_2016","D17","SJER","SJER_010",,"NEON.PLA.D17.SJER.04403","ok","liana","Live",1.0,130,,,,,,,,,,,,,,"6HzkzFDdLaNgPi31AaqxNPsuI5nRHqWu","V5rt+BKIicJ6EBjqe3TMuRqHR0FOIj8d","legacyData"
"9bf67cac-b849-4dfe-a28c-4656c669a148","SJER_010.basePlot.vst","2016-12-01","vst_SJER_2016","D17","SJER","SJER_010",,"NEON.PLA.D17.SJER.04099","ok","small shrub","Live",,,0.9,,,,1.1,0.9,,"half-sphere",1.5,10,,,,"6HzkzFDdLaNgPi31AaqxNPsuI5nRHqWu","V5rt+BKIicJ6EBjqe3TMuRqHR0FOIj8d","legacyData"
"77eb7adb-fa8d-4c15-b422-df98211fc31e","SJER_010.basePlot.vst","2016-12-01","vst_SJER_2016","D17","SJER","SJER_010",,"NEON.PLA.D17.SJER.04095","ok","single bole tree","Live",52.1,130,19.2,,,,13.1,11.5,"Full sun",,,,,,,"6HzkzFDdLaNgPi31AaqxNPsuI5nRHqWu","V5rt+BKIicJ6EBjqe3TMuRqHR0FOIj8d","legacyData"
"9dd199a2-2168-4d1f-9e65-71f3995f2682","SJER_010.basePlot.vst","2016-12-01","vst_SJER_2016","D17","SJER","SJER_010",,"NEON.PLA.D17.SJER.04402","ok","small shrub","Live",,,1.5,,,,1.5,0.6,,"cylinder",2.0,10,,,,"6HzkzFDdLaNgPi31AaqxNPsuI5nRHqWu","V5rt+BKIicJ6EBjqe3TMuRqHR0FOIj8d","legacyData"
"6e3e181e-88c6-4f16-b248-9cf0836a3847","SJER_010.basePlot.vst","2016-12-01","vst_SJER_2016","D17","SJER","SJER_010",,"NEON.PLA.D17.SJER.04099","ok","small shrub","Live",,,0.9,,,,1.1,0.9,,"half-sphere",2.2,10,,,,"6HzkzFDdLaNgPi31AaqxNPsuI5nRHqWu","V5rt+BKIicJ6EBjqe3TMuRqHR0FOIj8d","legacyData"
"cd87b0e4-ca00-412f-99bc-182ab90ab135","SJER_010.basePlot.vst","2016-12-01","vst_SJER_2016","D17","SJER","SJER_010",,"NEON.PLA.D17.SJER.04413","ok","small shrub","Live",,,1.9,,,,1.3,1.2,,"cylinder",1.9,10,,,,"6HzkzFDdLaNgPi31AaqxNPsuI5nRHqWu","V5rt+BKIicJ6EBjqe3TMuRqHR0FOIj8d","legacyData"
"8bd5af5f-5cc0-472c-af12-993c7bc25c62","SJER_010.basePlot.vst","2016-12-01","vst_SJER_2016","D17","SJER","SJER_010",,"NEON.PLA.D17.SJER.04415","ok","small shrub","Live",,,1.4,,,,0.8,0.8,,"cylinder",1.5,10,,,,"6HzkzFDdLaNgPi31AaqxNPsuI5nRHqWu","V5rt+BKIicJ6EBjqe3TMuRqHR0FOIj8d","legacyData"
"56cffc1c-c138-4b78-b0b1-06fb10d8e5d0","SJER_007.basePlot.vst","2016-12-05","vst_SJER_2016","D17","SJER","SJER_007",,"NEON.PLA.D17.SJER.04416","ok","sapling","Live",,,1.1,,,,,,,,1.3,10,,,,"6O4GMD80+R1PwLk+7ZFzI0Tp2lwP64pOoX80OgdCeqE=","6HzkzFDdLaNgPi31AaqxNPsuI5nRHqWu","legacyData"
"084e4ca7-3662-4347-81bc-9b00f45a7910","SJER_004.basePlot.vst","2016-12-05","vst_SJER_2016","D17","SJER","SJER_004",,"NEON.PLA.D17.SJER.04429","ok","small shrub","Standing dead",,,1.2,,,,1.7,0.4,,"oblate half-sphere",4.0,10,,,,"6O4GMD80+R1PwLk+7ZFzI0Tp2lwP64pOoX80OgdCeqE=","6HzkzFDdLaNgPi31AaqxNPsuI5nRHqWu","legacyData"
"3a98d528-b186-48ba-9cf0-460c270a0d13","SJER_007.basePlot.vst","2016-12-05","vst_SJER_2016","D17","SJER","SJER_007",,"NEON.PLA.D17.SJER.04416","ok","sapling","Live",,,,,,,,,,,3.8,10,,,,"6O4GMD80+R1PwLk+7ZFzI0Tp2lwP64pOoX80OgdCeqE=","6HzkzFDdLaNgPi31AaqxNPsuI5nRHqWu","legacyData"
"0373e6d8-03d2-41f2-9074-0b81dff0a518","SJER_007.basePlot.vst","2016-12-05","vst_SJER_2016","D17","SJER","SJER_007",,"NEON.PLA.D17.SJER.04408","ok","single shrub","Live",1.9,2,1.9,,,,1.5,1.4,,"cylinder",5.2,10,,,,"6O4GMD80+R1PwLk+7ZFzI0Tp2lwP64pOoX80OgdCeqE=","6HzkzFDdLaNgPi31AaqxNPsuI5nRHqWu","legacyData"
"9b5a546a-6192-4ca2-994b-3c6eacc4a3c9","SJER_007.basePlot.vst","2016-12-05","vst_SJER_2016","D17","SJER","SJER_007",,"NEON.PLA.D17.SJER.04416","ok","sapling","Live",,,1.1,,,,,,,,4.7,10,,,,"6O4GMD80+R1PwLk+7ZFzI0Tp2lwP64pOoX80OgdCeqE=","6HzkzFDdLaNgPi31AaqxNPsuI5nRHqWu","legacyData"
"2d1a79ad-0f13-4a64-8cda-15436b195d49","SJER_007.basePlot.vst","2016-12-05","vst_SJER_2016","D17","SJER","SJER_007",,"NEON.PLA.D17.SJER.04411","ok","sapling","Live",,,0.5,,,,,,,,1.2,10,,,,"6O4GMD80+R1PwLk+7ZFzI0Tp2lwP64pOoX80OgdCeqE=","6HzkzFDdLaNgPi31AaqxNPsuI5nRHqWu","legacyData"
"848d17c3-5c98-4e22-9354-fc73452e692a","SJER_007.basePlot.vst","2016-12-05","vst_SJER_2016","D17","SJER","SJER_007",,"NEON.PLA.D17.SJER.04416","ok","sapling","Live",,,1.1,,,,,,,,2.5,10,,,,"6O4GMD80+R1PwLk+7ZFzI0Tp2lwP64pOoX80OgdCeqE=","6HzkzFDdLaNgPi31AaqxNPsuI5nRHqWu","legacyData"
"65913f04-bc2c-4266-a4bc-1f1d6d5e77ae","SJER_004.basePlot.vst","2016-12-05","vst_SJER_2016","D17","SJER","SJER_004",,"NEON.PLA.D17.SJER.04437","ok","small shrub","Live",,,1.5,,,,1.7,1.4,,"oblate half-sphere",3.1,10,,,,"6O4GMD80+R1PwLk+7ZFzI0Tp2lwP64pOoX80OgdCeqE=","6HzkzFDdLaNgPi31AaqxNPsuI5nRHqWu","legacyData"
"192abcaa-e877-45b0-bab6-e05b1d4f2562","SJER_004.basePlot.vst","2016-12-05","vst_SJER_2016","D17","SJER","SJER_004",,"NEON.PLA.D17.SJER.04424","ok","small shrub","Live",,,0.8,,,,0.5,0.4,,"cylinder",1.3,10,,,,"6O4GMD80+R1PwLk+7ZFzI0Tp2lwP64pOoX80OgdCeqE=","6HzkzFDdLaNgPi31AaqxNPsuI5nRHqWu","legacyData"
"422cc9c4-2708-4641-a41a-bd82b7e20b0e","SJER_004.basePlot.vst","2016-12-05","vst_SJER_2016","D17","SJER","SJER_004",,"NEON.PLA.D17.SJER.04435","ok","small shrub","Live",,,0.5,,,,0.4,0.1,,"cylinder",1.0,10,,,,"6O4GMD80+R1PwLk+7ZFzI0Tp2lwP64pOoX80OgdCeqE=","6HzkzFDdLaNgPi31AaqxNPsuI5nRHqWu","legacyData"
"f92843e7-48ce-461d-9caa-6dc22650230a","SJER_004.basePlot.vst","2016-12-05","vst_SJER_2016","D17","SJER","SJER_004",,"NEON.PLA.D17.SJER.04428","ok","small shrub","Standing dead",,,1.2,,,,1.8,1.6,,"half-sphere",2.5,20,,,,"6O4GMD80+R1PwLk+7ZFzI0Tp2lwP64pOoX80OgdCeqE=","6HzkzFDdLaNgPi31AaqxNPsuI5nRHqWu","legacyData"
"55bf1c29-9fe1-440c-a75e-12c5003a8960","SJER_004.basePlot.vst","2016-12-05","vst_SJER_2016","D17","SJER","SJER_004",,"NEON.PLA.D17.SJER.04438B","ok","multi-bole tree","Live",12.6,130,,,,,,,,,,,,,,"6O4GMD80+R1PwLk+7ZFzI0Tp2lwP64pOoX80OgdCeqE=","6HzkzFDdLaNgPi31AaqxNPsuI5nRHqWu","legacyData"
"715db39d-73cf-4318-948b-20ba1a454087","SJER_004.basePlot.vst","2016-12-05","vst_SJER_2016","D17","SJER","SJER_004",,"NEON.PLA.D17.SJER.04428","ok","small shrub","Standing dead",,,1.2,,,,1.8,1.6,,"half-sphere",4.9,10,,,,"6O4GMD80+R1PwLk+7ZFzI0Tp2lwP64pOoX80OgdCeqE=","6HzkzFDdLaNgPi31AaqxNPsuI5nRHqWu","legacyData"
"60848741-6a7d-4660-956b-4537ff46ae83","SJER_004.basePlot.vst","2016-12-05","vst_SJER_2016","D17","SJER","SJER_004",,"NEON.PLA.D17.SJER.04428","ok","small shrub","Standing dead",,,1.2,,,,1.8,1.6,,"half-sphere",2.0,15,,,,"6O4GMD80+R1PwLk+7ZFzI0Tp2lwP64pOoX80OgdCeqE=","6HzkzFDdLaNgPi31AaqxNPsuI5nRHqWu","legacyData"
"761898fe-ae46-4314-b45d-e54973d3f972","SJER_004.basePlot.vst","2016-12-05","vst_SJER_2016","D17","SJER","SJER_004",,"NEON.PLA.D17.SJER.04436","ok","small shrub","Live",,,0.8,,,,0.5,0.5,,"cylinder",1.0,10,,,,"6O4GMD80+R1PwLk+7ZFzI0Tp2lwP64pOoX80OgdCeqE=","6HzkzFDdLaNgPi31AaqxNPsuI5nRHqWu","legacyData"
"787a9dc1-217a-4ce2-930f-ab499787f2e5","SJER_004.basePlot.vst","2016-12-05","vst_SJER_2016","D17","SJER","SJER_004",,"NEON.PLA.D17.SJER.04428","ok","small shrub","Standing dead",,,1.2,,,,1.8,1.6,,"half-sphere",3.6,15,,,,"6O4GMD80+R1PwLk+7ZFzI0Tp2lwP64pOoX80OgdCeqE=","6HzkzFDdLaNgPi31AaqxNPsuI5nRHqWu","legacyData"
"5e31ed8b-14de-4acc-8e68-79a1c645a6c3","SJER_004.basePlot.vst","2016-12-05","vst_SJER_2016","D17","SJER","SJER_004",,"NEON.PLA.D17.SJER.04429","ok","small shrub","Standing dead",,,1.2,,,,1.7,0.4,,"oblate half-sphere",1.9,10,,,,"6O4GMD80+R1PwLk+7ZFzI0Tp2lwP64pOoX80OgdCeqE=","6HzkzFDdLaNgPi31AaqxNPsuI5nRHqWu","legacyData"
"89fab9e6-f6f8-4c35-8db0-a7c54477cf3c","SJER_004.basePlot.vst","2016-12-05","vst_SJER_2016","D17","SJER","SJER_004",,"NEON.PLA.D17.SJER.04437","ok","small shrub","Standing dead",,,1.5,,,,1.7,1.4,,"oblate half-sphere",1.5,10,,,,"6O4GMD80+R1PwLk+7ZFzI0Tp2lwP64pOoX80OgdCeqE=","6HzkzFDdLaNgPi31AaqxNPsuI5nRHqWu","legacyData"
"ff0a6c4c-5e6a-4072-b327-4c78ae247bbd","SJER_004.basePlot.vst","2016-12-05","vst_SJER_2016","D17","SJER","SJER_004",,"NEON.PLA.D17.SJER.04438","ok","multi-bole tree","Live",20.0,150,6.8,,,,8.9,7.6,"Open grown",,,,,,,"6O4GMD80+R1PwLk+7ZFzI0Tp2lwP64pOoX80OgdCeqE=","6HzkzFDdLaNgPi31AaqxNPsuI5nRHqWu","legacyData"
"e967844a-ded3-4d51-b452-3d20030a634c","SJER_004.basePlot.vst","2016-12-05","vst_SJER_2016","D17","SJER","SJER_004",,"NEON.PLA.D17.SJER.04427","ok","small shrub","Live",,,1.1,,,,0.8,0.4,,"cylinder",1.5,10,,,,"6O4GMD80+R1PwLk+7ZFzI0Tp2lwP64pOoX80OgdCeqE=","6HzkzFDdLaNgPi31AaqxNPsuI5nRHqWu","legacyData"
"17adbfde-8046-43a8-8827-fec81175ac5c","SJER_004.basePlot.vst","2016-12-05","vst_SJER_2016","D17","SJER","SJER_004",,"NEON.PLA.D17.SJER.04438A","ok","multi-bole tree","Live",19.4,150,,,,,,,,,,,,,,"6O4GMD80+R1PwLk+7ZFzI0Tp2lwP64pOoX80OgdCeqE=","6HzkzFDdLaNgPi31AaqxNPsuI5nRHqWu","legacyData"
"5541a47a-f1ef-4f72-8a79-21e59409e2dd","SJER_004.basePlot.vst","2016-12-05","vst_SJER_2016","D17","SJER","SJER_004",,"NEON.PLA.D17.SJER.04428","ok","small shrub","Standing dead",,,1.2,,,,1.8,1.6,,"half-sphere",5.5,10,,,,"6O4GMD80+R1PwLk+7ZFzI0Tp2lwP64pOoX80OgdCeqE=","6HzkzFDdLaNgPi31AaqxNPsuI5nRHqWu","legacyData"
"111f7f2d-b807-47d7-913b-2475b16c6132","SJER_004.basePlot.vst","2016-12-05","vst_SJER_2016","D17","SJER","SJER_004",,"NEON.PLA.D17.SJER.04437","ok","small shrub","Live",,,1.5,,,,1.7,1.4,,"oblate half-sphere",2.2,10,,,,"6O4GMD80+R1PwLk+7ZFzI0Tp2lwP64pOoX80OgdCeqE=","6HzkzFDdLaNgPi31AaqxNPsuI5nRHqWu","legacyData"
"88fa6f38-bded-442b-a85e-4d82c0c7d932","SJER_004.basePlot.vst","2016-12-05","vst_SJER_2016","D17","SJER","SJER_004",,"NEON.PLA.D17.SJER.04436","ok","small shrub","Live",,,0.8,,,,0.5,0.5,,"cylinder",1.0,10,,,,"6O4GMD80+R1PwLk+7ZFzI0Tp2lwP64pOoX80OgdCeqE=","6HzkzFDdLaNgPi31AaqxNPsuI5nRHqWu","legacyData"
"7ed675ca-c181-401d-82c7-c33fcde6c74d","SJER_007.basePlot.vst","2016-12-05","vst_SJER_2016","D17","SJER","SJER_007",,"NEON.PLA.D17.SJER.04416","ok","sapling","Live",,,1.1,,,,,,,,1.3,10,,,,"6O4GMD80+R1PwLk+7ZFzI0Tp2lwP64pOoX80OgdCeqE=","6HzkzFDdLaNgPi31AaqxNPsuI5nRHqWu","legacyData"
"74b697e9-f97e-45a7-b7b4-5f9d0a74d740","SJER_005.basePlot.vst","2016-12-12","vst_SJER_2016","D17","SJER","SJER_005",,"NEON.PLA.D17.SJER.04433","ok","small shrub","Live",,,1.4,,,,1.0,0.9,,"cylinder",2.1,10,,,,"6O4GMD80+R1PwLk+7ZFzI0Tp2lwP64pOoX80OgdCeqE=","6HzkzFDdLaNgPi31AaqxNPsuI5nRHqWu","legacyData"
"b6a94b12-f921-416b-a92f-94297d2e7c03","SJER_005.basePlot.vst","2016-12-12","vst_SJER_2016","D17","SJER","SJER_005",,"NEON.PLA.D17.SJER.04421","ok","single shrub","Live",,,1.4,,,,1.5,1.5,,"cylinder",2.4,10,,,,"6O4GMD80+R1PwLk+7ZFzI0Tp2lwP64pOoX80OgdCeqE=","6HzkzFDdLaNgPi31AaqxNPsuI5nRHqWu","legacyData"
"2a0d2bc2-2a26-4900-91e6-862a66658f03","SJER_005.basePlot.vst","2016-12-12","vst_SJER_2016","D17","SJER","SJER_005",,"NEON.PLA.D17.SJER.04423","ok","single shrub","Live",3.5,130,3.6,0.6,,,6.2,5.7,,"ellipsoid or sphere",7.0,10,,,,"6O4GMD80+R1PwLk+7ZFzI0Tp2lwP64pOoX80OgdCeqE=","6HzkzFDdLaNgPi31AaqxNPsuI5nRHqWu","legacyData"
"e0f51e9c-5bf3-41e6-9f5d-fd7388d94376","SJER_005.basePlot.vst","2016-12-12","vst_SJER_2016","D17","SJER","SJER_005",,"NEON.PLA.D17.SJER.04422","ok","small shrub","Live",,,1.3,,,,1.6,1.5,,"cylinder",1.4,10,,,,"6O4GMD80+R1PwLk+7ZFzI0Tp2lwP64pOoX80OgdCeqE=","6HzkzFDdLaNgPi31AaqxNPsuI5nRHqWu","legacyData"
"166fd9cc-b351-4d3b-9369-6ef2b25594d4","SJER_005.basePlot.vst","2016-12-12","vst_SJER_2016","D17","SJER","SJER_005",,"NEON.PLA.D17.SJER.04422","ok","small shrub","Live",,,1.3,,,,1.6,1.5,,"cylinder",2.1,10,,,,"6O4GMD80+R1PwLk+7ZFzI0Tp2lwP64pOoX80OgdCeqE=","6HzkzFDdLaNgPi31AaqxNPsuI5nRHqWu","legacyData"
"1a9bdd09-9fad-4fc4-ac3a-f92d74636cd1","SJER_005.basePlot.vst","2016-12-12","vst_SJER_2016","D17","SJER","SJER_005",,"NEON.PLA.D17.SJER.04420","ok","small shrub","Live",,,0.6,,,,0.5,0.4,,"cylinder",3.2,10,,,,"6O4GMD80+R1PwLk+7ZFzI0Tp2lwP64pOoX80OgdCeqE=","6HzkzFDdLaNgPi31AaqxNPsuI5nRHqWu","legacyData"
"7b3bb489-5687-4d91-b047-2a44b9232bc9","SJER_005.basePlot.vst","2016-12-12","vst_SJER_2016","D17","SJER","SJER_005",,"NEON.PLA.D17.SJER.04433","ok","small shrub","Live",,,1.4,,,,1.0,0.9,,"cylinder",2.2,15,,,,"6O4GMD80+R1PwLk+7ZFzI0Tp2lwP64pOoX80OgdCeqE=","6HzkzFDdLaNgPi31AaqxNPsuI5nRHqWu","legacyData"
"f7d3731e-1411-4f89-934f-47f39f6dfae8","SJER_005.basePlot.vst","2016-12-12","vst_SJER_2016","D17","SJER","SJER_005",,"NEON.PLA.D17.SJER.04423","ok","single shrub","Live",4.5,130,3.6,0.6,,,6.2,5.7,,"ellipsoid or sphere",10.2,20,,,,"6O4GMD80+R1PwLk+7ZFzI0Tp2lwP64pOoX80OgdCeqE=","6HzkzFDdLaNgPi31AaqxNPsuI5nRHqWu","legacyData"
"0251ddb9-f06d-40b9-bccc-37903625d0a4","SJER_005.basePlot.vst","2016-12-12","vst_SJER_2016","D17","SJER","SJER_005",,"NEON.PLA.D17.SJER.04426","ok","single shrub","Live",1.0,130,2.0,,,,1.6,1.4,,"cylinder",13.2,10,,,,"6O4GMD80+R1PwLk+7ZFzI0Tp2lwP64pOoX80OgdCeqE=","6HzkzFDdLaNgPi31AaqxNPsuI5nRHqWu","legacyData"
"8a99afb5-5759-4824-a1e4-a63e02d30738","SJER_005.basePlot.vst","2016-12-12","vst_SJER_2016","D17","SJER","SJER_005",,"NEON.PLA.D17.SJER.04431","ok","small shrub","Live",,,1.3,,,,1.3,0.8,,"cylinder",1.3,10,,,,"6O4GMD80+R1PwLk+7ZFzI0Tp2lwP64pOoX80OgdCeqE=","6HzkzFDdLaNgPi31AaqxNPsuI5nRHqWu","legacyData"
"9a4a6b18-17f2-4e48-bc36-dc9f22bc9ec6","SJER_005.basePlot.vst","2016-12-12","vst_SJER_2016","D17","SJER","SJER_005",,"NEON.PLA.D17.SJER.04433","ok","small shrub","Live",,,1.4,,,,1.0,0.9,,"cylinder",1.8,10,,,,"6O4GMD80+R1PwLk+7ZFzI0Tp2lwP64pOoX80OgdCeqE=","6HzkzFDdLaNgPi31AaqxNPsuI5nRHqWu","legacyData"
"234e2ed0-a4b1-4caa-83f4-8619819b071f","SJER_005.basePlot.vst","2016-12-12","vst_SJER_2016","D17","SJER","SJER_005",,"NEON.PLA.D17.SJER.04423","ok","single shrub","Live",4.0,130,3.6,0.6,,,6.2,5.7,,"ellipsoid or sphere",8.6,10,,,,"6O4GMD80+R1PwLk+7ZFzI0Tp2lwP64pOoX80OgdCeqE=","6HzkzFDdLaNgPi31AaqxNPsuI5nRHqWu","legacyData"
"964629a6-d186-4c07-aad2-378bb30fcf23","SJER_005.basePlot.vst","2016-12-12","vst_SJER_2016","D17","SJER","SJER_005",,"NEON.PLA.D17.SJER.04417","ok","single shrub","Live",1.1,130,2.4,,,,19.0,1.3,,"cylinder",5.5,10,,,,"6O4GMD80+R1PwLk+7ZFzI0Tp2lwP64pOoX80OgdCeqE=","6HzkzFDdLaNgPi31AaqxNPsuI5nRHqWu","legacyData"
"c2cf8377-aadb-4a7c-87d8-5725b7e59f00","SJER_005.basePlot.vst","2016-12-12","vst_SJER_2016","D17","SJER","SJER_005",,"NEON.PLA.D17.SJER.04432","ok","single shrub","Live",1.3,130,2.0,,,,1.6,1.2,,"half-sphere",7.5,20,,,,"6O4GMD80+R1PwLk+7ZFzI0Tp2lwP64pOoX80OgdCeqE=","6HzkzFDdLaNgPi31AaqxNPsuI5nRHqWu","legacyData"
"56b0c985-8954-47dc-95c2-6480e67b66d5","SJER_005.basePlot.vst","2016-12-12","vst_SJER_2016","D17","SJER","SJER_005",,"NEON.PLA.D17.SJER.04423","ok","single shrub","Live",2.9,130,3.6,0.6,,,6.2,5.7,,"ellipsoid or sphere",5.9,10,,,"Delete","6O4GMD80+R1PwLk+7ZFzI0Tp2lwP64pOoX80OgdCeqE=","6HzkzFDdLaNgPi31AaqxNPsuI5nRHqWu","legacyData"
"5b65793d-e215-49d0-8bf1-6d3a6725eb76","SJER_005.basePlot.vst","2016-12-12","vst_SJER_2016","D17","SJER","SJER_005",,"NEON.PLA.D17.SJER.04434","ok","small shrub","Live",,,2.1,,,,1.3,1.1,,"cylinder",1.5,10,,,,"6O4GMD80+R1PwLk+7ZFzI0Tp2lwP64pOoX80OgdCeqE=","6HzkzFDdLaNgPi31AaqxNPsuI5nRHqWu","legacyData"
"6422803a-6b4a-43d7-918d-5dfc6aa972f1","SJER_005.basePlot.vst","2016-12-12","vst_SJER_2016","D17","SJER","SJER_005",,"NEON.PLA.D17.SJER.04433","ok","small shrub","Live",,,1.4,,,,1.0,0.9,,"cylinder",1.5,15,,,,"6O4GMD80+R1PwLk+7ZFzI0Tp2lwP64pOoX80OgdCeqE=","6HzkzFDdLaNgPi31AaqxNPsuI5nRHqWu","legacyData"
"ebed4814-5c73-43f7-9e27-80e5ea7b805d","SJER_005.basePlot.vst","2016-12-12","vst_SJER_2016","D17","SJER","SJER_005",,"NEON.PLA.D17.SJER.04423","ok","single shrub","Live",4.9,130,3.6,0.6,,,6.2,5.7,,"ellipsoid or sphere",12.0,10,,,,"6O4GMD80+R1PwLk+7ZFzI0Tp2lwP64pOoX80OgdCeqE=","6HzkzFDdLaNgPi31AaqxNPsuI5nRHqWu","legacyData"
"4edc9ca2-20b6-4608-8781-26d60f9276df","SJER_005.basePlot.vst","2016-12-12","vst_SJER_2016","D17","SJER","SJER_005",,"NEON.PLA.D17.SJER.04431","ok","small shrub","Live",,,1.3,,,,1.3,0.8,,"cylinder",2.0,10,,,,"6O4GMD80+R1PwLk+7ZFzI0Tp2lwP64pOoX80OgdCeqE=","6HzkzFDdLaNgPi31AaqxNPsuI5nRHqWu","legacyData"
"943d019e-521a-4eaf-a76a-df0db7bcca3c","SJER_005.basePlot.vst","2016-12-12","vst_SJER_2016","D17","SJER","SJER_005",,"NEON.PLA.D17.SJER.04423","ok","single shrub","Live",5.6,130,3.6,0.6,,,6.2,5.7,,"ellipsoid or sphere",10.0,20,,,,"6O4GMD80+R1PwLk+7ZFzI0Tp2lwP64pOoX80OgdCeqE=","6HzkzFDdLaNgPi31AaqxNPsuI5nRHqWu","legacyData"
"cb74bde9-074e-4a0b-837b-515e868718a2","SJER_005.basePlot.vst","2016-12-12","vst_SJER_2016","D17","SJER","SJER_005",,"NEON.PLA.D17.SJER.04423","ok","single shrub","Live",5.2,130,3.6,0.6,,,6.2,5.7,,"ellipsoid or sphere",14.1,10,,,,"6O4GMD80+R1PwLk+7ZFzI0Tp2lwP64pOoX80OgdCeqE=","6HzkzFDdLaNgPi31AaqxNPsuI5nRHqWu","legacyData"
"147fd8ae-f467-4134-8813-4465d0cb8636","SJER_005.basePlot.vst","2016-12-12","vst_SJER_2016","D17","SJER","SJER_005",,"NEON.PLA.D17.SJER.04417","ok","single shrub","Live",1.1,130,2.4,,,,19.0,1.3,,"cylinder",3.8,10,,,,"6O4GMD80+R1PwLk+7ZFzI0Tp2lwP64pOoX80OgdCeqE=","6HzkzFDdLaNgPi31AaqxNPsuI5nRHqWu","legacyData"
"d1fd7b7f-fb72-415f-ab9a-3fee4f5dfe75","SJER_005.basePlot.vst","2016-12-12","vst_SJER_2016","D17","SJER","SJER_005",,"NEON.PLA.D17.SJER.04418","ok","small shrub","Live",,,1.9,,,,1.2,1.0,,"cylinder",7.5,10,,,,"6O4GMD80+R1PwLk+7ZFzI0Tp2lwP64pOoX80OgdCeqE=","6HzkzFDdLaNgPi31AaqxNPsuI5nRHqWu","legacyData"
"816d0022-3ac9-4022-b2f6-1a879bb8b140","SJER_005.basePlot.vst","2016-12-12","vst_SJER_2016","D17","SJER","SJER_005",,"NEON.PLA.D17.SJER.04425","ok","small shrub","Live",,,1.7,,,,1.9,1.8,,"cylinder",5.0,10,,,,"6O4GMD80+R1PwLk+7ZFzI0Tp2lwP64pOoX80OgdCeqE=","6HzkzFDdLaNgPi31AaqxNPsuI5nRHqWu","legacyData"
"cce19c0a-1d7a-46d3-9c11-56a7ccdf20a6","SJER_005.basePlot.vst","2016-12-12","vst_SJER_2016","D17","SJER","SJER_005",,"NEON.PLA.D17.SJER.04434","ok","small shrub","Live",,,2.1,,,,1.3,1.1,,"cylinder",3.6,10,,,,"6O4GMD80+R1PwLk+7ZFzI0Tp2lwP64pOoX80OgdCeqE=","6HzkzFDdLaNgPi31AaqxNPsuI5nRHqWu","legacyData"
"39e67c90-111d-4efe-8abe-bbdc45251c36","SJER_005.basePlot.vst","2016-12-12","vst_SJER_2016","D17","SJER","SJER_005",,"NEON.PLA.D17.SJER.04434","ok","small shrub","Live",,,2.1,,,,1.3,1.1,,"cylinder",2.3,10,,,,"6O4GMD80+R1PwLk+7ZFzI0Tp2lwP64pOoX80OgdCeqE=","6HzkzFDdLaNgPi31AaqxNPsuI5nRHqWu","legacyData"
"4cdfbc81-878f-4146-9da6-b4ae55d6ba3f","SJER_005.basePlot.vst","2016-12-12","vst_SJER_2016","D17","SJER","SJER_005",,"NEON.PLA.D17.SJER.04434","ok","small shrub","Live",,,2.1,,,,1.3,1.1,,"cylinder",1.7,10,,,,"6O4GMD80+R1PwLk+7ZFzI0Tp2lwP64pOoX80OgdCeqE=","6HzkzFDdLaNgPi31AaqxNPsuI5nRHqWu","legacyData"
"93fabb65-10fa-4366-9f02-2b8c3703139c","SJER_005.basePlot.vst","2016-12-12","vst_SJER_2016","D17","SJER","SJER_005",,"NEON.PLA.D17.SJER.04425","ok","small shrub","Live",,,1.7,,,,1.9,1.8,,"cylinder",7.8,10,,,,"6O4GMD80+R1PwLk+7ZFzI0Tp2lwP64pOoX80OgdCeqE=","6HzkzFDdLaNgPi31AaqxNPsuI5nRHqWu","legacyData"
"cebfed14-b19f-4e59-88d6-646c745e404f","SJER_005.basePlot.vst","2016-12-12","vst_SJER_2016","D17","SJER","SJER_005",,"NEON.PLA.D17.SJER.04434","ok","small shrub","Live",,,2.1,,,,1.3,1.1,,"cylinder",1.1,10,,,,"6O4GMD80+R1PwLk+7ZFzI0Tp2lwP64pOoX80OgdCeqE=","6HzkzFDdLaNgPi31AaqxNPsuI5nRHqWu","legacyData"
"febbb3b7-a1c3-47f0-a811-291b1a446580","SJER_005.basePlot.vst","2016-12-12","vst_SJER_2016","D17","SJER","SJER_005",,"NEON.PLA.D17.SJER.04430","ok","small shrub","Live",,,0.8,,,,0.9,0.8,,"cylinder",2.0,10,,,,"6O4GMD80+R1PwLk+7ZFzI0Tp2lwP64pOoX80OgdCeqE=","6HzkzFDdLaNgPi31AaqxNPsuI5nRHqWu","legacyData"
"891397e4-dbe6-4e91-996c-dd527d14f149","SJER_005.basePlot.vst","2016-12-12","vst_SJER_2016","D17","SJER","SJER_005",,"NEON.PLA.D17.SJER.04425","ok","small shrub","Live",,,1.7,,,,1.9,1.8,,"cylinder",3.5,10,,,,"6O4GMD80+R1PwLk+7ZFzI0Tp2lwP64pOoX80OgdCeqE=","6HzkzFDdLaNgPi31AaqxNPsuI5nRHqWu","legacyData"
"84211bed-8dd0-4e01-a9e8-bf048526ae49","SJER_005.basePlot.vst","2016-12-12","vst_SJER_2016","D17","SJER","SJER_005",,"NEON.PLA.D17.SJER.04434","ok","small shrub","Live",,,2.1,,,,1.3,1.1,,"cylinder",2.5,10,,,,"6O4GMD80+R1PwLk+7ZFzI0Tp2lwP64pOoX80OgdCeqE=","6HzkzFDdLaNgPi31AaqxNPsuI5nRHqWu","legacyData"
"1610dfe1-9f71-4341-9e92-13451846269e","SJER_005.basePlot.vst","2016-12-12","vst_SJER_2016","D17","SJER","SJER_005",,"NEON.PLA.D17.SJER.04434","ok","small shrub","Live",,,2.1,,,,1.3,1.1,,"cylinder",1.8,10,,,,"6O4GMD80+R1PwLk+7ZFzI0Tp2lwP64pOoX80OgdCeqE=","6HzkzFDdLaNgPi31AaqxNPsuI5nRHqWu","legacyData"
"2d69dfbb-bd73-4fdf-945f-d4506c44c542","SJER_005.basePlot.vst","2016-12-12","vst_SJER_2016","D17","SJER","SJER_005",,"NEON.PLA.D17.SJER.04434","ok","small shrub","Live",,,2.1,,,,1.3,1.1,,"cylinder",1.1,10,,,,"6O4GMD80+R1PwLk+7ZFzI0Tp2lwP64pOoX80OgdCeqE=","6HzkzFDdLaNgPi31AaqxNPsuI5nRHqWu","legacyData"
"a4144ca0-5631-4d5b-bb40-e20d19c6d5fb","SJER_005.basePlot.vst","2016-12-12","vst_SJER_2016","D17","SJER","SJER_005",,"NEON.PLA.D17.SJER.04434","ok","small shrub","Live",,,2.1,,,,1.3,1.1,,"cylinder",2.1,10,,,,"6O4GMD80+R1PwLk+7ZFzI0Tp2lwP64pOoX80OgdCeqE=","6HzkzFDdLaNgPi31AaqxNPsuI5nRHqWu","legacyData"
"bba7ecac-0cb9-46c4-9a27-463a7c24dfa8","SJER_005.basePlot.vst","2016-12-12","vst_SJER_2016","D17","SJER","SJER_005",,"NEON.PLA.D17.SJER.04425","ok","small shrub","Live",,,1.7,,,,1.9,1.8,,"cylinder",3.0,10,,,,"6O4GMD80+R1PwLk+7ZFzI0Tp2lwP64pOoX80OgdCeqE=","6HzkzFDdLaNgPi31AaqxNPsuI5nRHqWu","legacyData"
"ece45dcd-b16f-4899-b4b4-665b586a876c","SJER_005.basePlot.vst","2016-12-12","vst_SJER_2016","D17","SJER","SJER_005",,"NEON.PLA.D17.SJER.04434","ok","small shrub","Live",,,2.1,,,,1.3,1.1,,"cylinder",2.4,15,,,,"6O4GMD80+R1PwLk+7ZFzI0Tp2lwP64pOoX80OgdCeqE=","6HzkzFDdLaNgPi31AaqxNPsuI5nRHqWu","legacyData"
"25d10522-8367-4d99-bbec-84b58d990f63","SJER_005.basePlot.vst","2016-12-12","vst_SJER_2016","D17","SJER","SJER_005",,"NEON.PLA.D17.SJER.04434","ok","small shrub","Live",,,2.1,,,,1.3,1.1,,"cylinder",2.0,10,,,,"6O4GMD80+R1PwLk+7ZFzI0Tp2lwP64pOoX80OgdCeqE=","6HzkzFDdLaNgPi31AaqxNPsuI5nRHqWu","legacyData"
"9c2133e9-b6fb-4b6c-a08f-ce139c86e8db","SJER_005.basePlot.vst","2016-12-12","vst_SJER_2016","D17","SJER","SJER_005",,"NEON.PLA.D17.SJER.04423","ok","single shrub","Live",1.7,130,3.6,0.6,,,6.2,5.7,,"ellipsoid or sphere",5.3,10,,,,"6O4GMD80+R1PwLk+7ZFzI0Tp2lwP64pOoX80OgdCeqE=","6HzkzFDdLaNgPi31AaqxNPsuI5nRHqWu","legacyData"
"fa4efa61-8f29-4716-85cc-976e2befb305","SJER_005.basePlot.vst","2016-12-12","vst_SJER_2016","D17","SJER","SJER_005",,"NEON.PLA.D17.SJER.04431","ok","small shrub","Live",,,1.3,,,,1.3,0.8,,"cylinder",1.2,10,,,,"6O4GMD80+R1PwLk+7ZFzI0Tp2lwP64pOoX80OgdCeqE=","6HzkzFDdLaNgPi31AaqxNPsuI5nRHqWu","legacyData"
"5b1356a6-68f3-4a82-8c93-f3b4661b507f","SJER_005.basePlot.vst","2016-12-12","vst_SJER_2016","D17","SJER","SJER_005",,"NEON.PLA.D17.SJER.04423","ok","single shrub","Live",2.5,130,3.6,0.6,,,6.2,5.7,,"ellipsoid or sphere",4.7,10,,,,"6O4GMD80+R1PwLk+7ZFzI0Tp2lwP64pOoX80OgdCeqE=","6HzkzFDdLaNgPi31AaqxNPsuI5nRHqWu","legacyData"
"d612f589-6edb-494a-8054-7b0a61df89ac","SJER_005.basePlot.vst","2016-12-12","vst_SJER_2016","D17","SJER","SJER_005",,"NEON.PLA.D17.SJER.04431","ok","small shrub","Live",,,1.3,,,,1.3,0.8,,"cylinder",2.5,10,,,,"6O4GMD80+R1PwLk+7ZFzI0Tp2lwP64pOoX80OgdCeqE=","6HzkzFDdLaNgPi31AaqxNPsuI5nRHqWu","legacyData"
"44bf3733-be85-47e6-a458-d7e3581ecb52","SJER_005.basePlot.vst","2016-12-12","vst_SJER_2016","D17","SJER","SJER_005",,"NEON.PLA.D17.SJER.04423","ok","single shrub","Live",4.1,130,3.6,0.6,,,6.2,5.7,,"ellipsoid or sphere",8.7,10,,,,"6O4GMD80+R1PwLk+7ZFzI0Tp2lwP64pOoX80OgdCeqE=","6HzkzFDdLaNgPi31AaqxNPsuI5nRHqWu","legacyData"
"6ef97bfd-d6cb-44a0-bc90-408834476607","SJER_005.basePlot.vst","2016-12-12","vst_SJER_2016","D17","SJER","SJER_005",,"NEON.PLA.D17.SJER.04431","ok","small shrub","Live",,,1.3,,,,1.3,0.8,,"cylinder",1.6,10,,,,"6O4GMD80+R1PwLk+7ZFzI0Tp2lwP64pOoX80OgdCeqE=","6HzkzFDdLaNgPi31AaqxNPsuI5nRHqWu","legacyData"
"aad36186-df8d-4150-a7a6-147eb6363c35","SJER_005.basePlot.vst","2016-12-12","vst_SJER_2016","D17","SJER","SJER_005",,"NEON.PLA.D17.SJER.04431","ok","small shrub","Live",,,1.3,,,,1.3,0.8,,"cylinder",1.9,10,,,,"6O4GMD80+R1PwLk+7ZFzI0Tp2lwP64pOoX80OgdCeqE=","6HzkzFDdLaNgPi31AaqxNPsuI5nRHqWu","legacyData"
"d54a3cf1-3631-4952-8f4f-15558d34e907","SJER_005.basePlot.vst","2016-12-12","vst_SJER_2016","D17","SJER","SJER_005",,"NEON.PLA.D17.SJER.04422","ok","small shrub","Live",,,1.3,,,,1.6,1.5,,"cylinder",3.8,10,,,,"6O4GMD80+R1PwLk+7ZFzI0Tp2lwP64pOoX80OgdCeqE=","6HzkzFDdLaNgPi31AaqxNPsuI5nRHqWu","legacyData"
"5841051d-db7b-4251-bb2d-a060f8ba2c6b","SJER_005.basePlot.vst","2016-12-12","vst_SJER_2016","D17","SJER","SJER_005",,"NEON.PLA.D17.SJER.04423","ok","single shrub","Live",2.9,130,3.6,0.6,,,6.2,5.7,,"ellipsoid or sphere",5.9,20,,,,"6O4GMD80+R1PwLk+7ZFzI0Tp2lwP64pOoX80OgdCeqE=","6HzkzFDdLaNgPi31AaqxNPsuI5nRHqWu","legacyData"
"f5ce79a7-abce-4305-9c14-e8d1eaec8c58","SJER_005.basePlot.vst","2016-12-12","vst_SJER_2016","D17","SJER","SJER_005",,"NEON.PLA.D17.SJER.04417","ok","single shrub","Live",1.3,130,2.4,,,,19.0,1.3,,"cylinder",,,,,,"6O4GMD80+R1PwLk+7ZFzI0Tp2lwP64pOoX80OgdCeqE=","6HzkzFDdLaNgPi31AaqxNPsuI5nRHqWu","legacyData"
"9986aa00-aa4e-4225-a4ec-88cb292973e1","SJER_005.basePlot.vst","2016-12-12","vst_SJER_2016","D17","SJER","SJER_005",,"NEON.PLA.D17.SJER.04419","ok","small shrub","Live",,,1.6,,,,0.6,0.5,,"cylinder",3.1,10,,,,"6O4GMD80+R1PwLk+7ZFzI0Tp2lwP64pOoX80OgdCeqE=","6HzkzFDdLaNgPi31AaqxNPsuI5nRHqWu","legacyData"
"255dc044-9a1e-4323-9f68-e2f26b95dc19","SJER_005.basePlot.vst","2016-12-12","vst_SJER_2016","D17","SJER","SJER_005",,"NEON.PLA.D17.SJER.04419","ok","small shrub","Live",,,1.6,,,,0.6,0.5,,"cylinder",1.5,10,,,,"6O4GMD80+R1PwLk+7ZFzI0Tp2lwP64pOoX80OgdCeqE=","6HzkzFDdLaNgPi31AaqxNPsuI5nRHqWu","legacyData"
"20c2aa6c-eb34-4b7c-b9dd-d31cf8e55dda","SJER_005.basePlot.vst","2016-12-12","vst_SJER_2016","D17","SJER","SJER_005",,"NEON.PLA.D17.SJER.04433","ok","small shrub","Live",,,1.4,,,,1.0,0.9,,"cylinder",1.6,15,,,,"6O4GMD80+R1PwLk+7ZFzI0Tp2lwP64pOoX80OgdCeqE=","6HzkzFDdLaNgPi31AaqxNPsuI5nRHqWu","legacyData"
"47d78c49-4a1e-4ff9-854e-7046b2d769ea","SJER_005.basePlot.vst","2016-12-12","vst_SJER_2016","D17","SJER","SJER_005",,"NEON.PLA.D17.SJER.04423","ok","single shrub","Live",4.6,130,3.6,0.6,,,6.2,5.7,,"ellipsoid or sphere",7.0,20,,,,"6O4GMD80+R1PwLk+7ZFzI0Tp2lwP64pOoX80OgdCeqE=","6HzkzFDdLaNgPi31AaqxNPsuI5nRHqWu","legacyData"
"5c7dbc87-57de-4a01-850f-3a992ac6b2a1","SJER_005.basePlot.vst","2016-12-12","vst_SJER_2016","D17","SJER","SJER_005",,"NEON.PLA.D17.SJER.04417","ok","single shrub","Live",2.5,130,2.4,,,,19.0,1.3,,"cylinder",5.5,10,,,,"6O4GMD80+R1PwLk+7ZFzI0Tp2lwP64pOoX80OgdCeqE=","6HzkzFDdLaNgPi31AaqxNPsuI5nRHqWu","legacyData"
"6c5b8652-0ed5-467a-a8b4-5d01160493ee","SJER_005.basePlot.vst","2016-12-12","vst_SJER_2016","D17","SJER","SJER_005",,"NEON.PLA.D17.SJER.04422","ok","small shrub","Live",,,1.3,,,,1.6,1.5,,"cylinder",3.6,10,,,,"6O4GMD80+R1PwLk+7ZFzI0Tp2lwP64pOoX80OgdCeqE=","6HzkzFDdLaNgPi31AaqxNPsuI5nRHqWu","legacyData"
"91ec074b-5f42-4b1d-95e7-714dc72382a9","SJER_005.basePlot.vst","2016-12-12","vst_SJER_2016","D17","SJER","SJER_005",,"NEON.PLA.D17.SJER.04419","ok","small shrub","Live",,,1.6,,,,0.6,0.5,,"cylinder",2.0,10,,,,"6O4GMD80+R1PwLk+7ZFzI0Tp2lwP64pOoX80OgdCeqE=","6HzkzFDdLaNgPi31AaqxNPsuI5nRHqWu","legacyData"
"63065490-f850-4d52-acd9-c5c34d26c338","SJER_005.basePlot.vst","2016-12-12","vst_SJER_2016","D17","SJER","SJER_005",,"NEON.PLA.D17.SJER.04432","ok","single shrub","Live",1.0,130,2.0,,,,1.6,1.2,,"half-sphere",2.5,10,,,,"6O4GMD80+R1PwLk+7ZFzI0Tp2lwP64pOoX80OgdCeqE=","6HzkzFDdLaNgPi31AaqxNPsuI5nRHqWu","legacyData"
"64a1468c-82dd-45d1-89b3-a6c93259b501","SJER_005.basePlot.vst","2016-12-12","vst_SJER_2016","D17","SJER","SJER_005",,"NEON.PLA.D17.SJER.04431","ok","small shrub","Live",,,1.3,,,,1.3,0.8,,"cylinder",,,,,"Access denied at ddh","6O4GMD80+R1PwLk+7ZFzI0Tp2lwP64pOoX80OgdCeqE=","6HzkzFDdLaNgPi31AaqxNPsuI5nRHqWu","legacyData"
"381dd44c-adb3-47d2-a02f-79801f6e8afd","SJER_005.basePlot.vst","2016-12-12","vst_SJER_2016","D17","SJER","SJER_005",,"NEON.PLA.D17.SJER.04423","ok","single shrub","Live",4.2,130,3.6,0.6,,,6.2,5.7,,"ellipsoid or sphere",10.1,10,,,,"6O4GMD80+R1PwLk+7ZFzI0Tp2lwP64pOoX80OgdCeqE=","6HzkzFDdLaNgPi31AaqxNPsuI5nRHqWu","legacyData"
"c6753217-1759-41f2-b27a-938886e9d4ee","SJER_005.basePlot.vst","2016-12-12","vst_SJER_2016","D17","SJER","SJER_005",,"NEON.PLA.D17.SJER.04422","ok","small shrub","Live",,,1.3,,,,1.6,1.5,,"cylinder",2.0,10,,,,"6O4GMD80+R1PwLk+7ZFzI0Tp2lwP64pOoX80OgdCeqE=","6HzkzFDdLaNgPi31AaqxNPsuI5nRHqWu","legacyData"
"1473ef6d-2b47-4b4b-8bbf-af358eafd7eb","SJER_005.basePlot.vst","2016-12-12","vst_SJER_2016","D17","SJER","SJER_005",,"NEON.PLA.D17.SJER.04423","ok","single shrub","Live",3.6,130,3.6,0.6,,,6.2,5.7,,"ellipsoid or sphere",4.8,15,,,,"6O4GMD80+R1PwLk+7ZFzI0Tp2lwP64pOoX80OgdCeqE=","6HzkzFDdLaNgPi31AaqxNPsuI5nRHqWu","legacyData"
"623b0e13-e235-4cc5-aceb-de3c4713ec1a","SJER_005.basePlot.vst","2016-12-12","vst_SJER_2016","D17","SJER","SJER_005",,"NEON.PLA.D17.SJER.04419","ok","small shrub","Live",,,1.6,,,,0.6,0.5,,"cylinder",1.0,10,,,,"6O4GMD80+R1PwLk+7ZFzI0Tp2lwP64pOoX80OgdCeqE=","6HzkzFDdLaNgPi31AaqxNPsuI5nRHqWu","legacyData"
"309b549e-769e-47e8-9cea-2b939f9de88a","SJER_005.basePlot.vst","2016-12-12","vst_SJER_2016","D17","SJER","SJER_005",,"NEON.PLA.D17.SJER.04431","ok","small shrub","Live",,,1.3,,,,1.3,0.8,,"cylinder",1.1,10,,,,"6O4GMD80+R1PwLk+7ZFzI0Tp2lwP64pOoX80OgdCeqE=","6HzkzFDdLaNgPi31AaqxNPsuI5nRHqWu","legacyData"
