uid,namedLocation,domainID,siteID,plotID,plotType,nlcdClass,decimalLatitude,decimalLongitude,geodeticDatum,coordinateUncertainty,elevation,elevationUncertainty,collectDate,eventID,sampleID,sampleCode,samplingMethod,totalSampledArea,targetTaxaPresent,adultCount,nymphCount,larvaCount,sampleCondition,samplingProtocolVersion,measuredBy,remarks
"2775e41f-b4f4-44ce-912f-bbe57838a919","KONZ_002.tickPlot.tck","D06","KONZ","KONZ_002","distributed","grasslandHerbaceous",39.118977,-96.547146,"WGS84",20.0,394.4,0.0,"2018-03-28T14:03Z","KONZ.2018.13","KONZ_002.20180328","B00000015639","drag and flag",160,"Y",1,1,0,"No known compromise","NEON.DOC.014045vJ","ryPwirbLIGP0z95AI2Ix9nYd6s942sQlUAwVL4UApoo=",
"54bc7817-87fd-41ba-8571-8f1d6e262e43","KONZ_004.tickPlot.tck","D06","KONZ","KONZ_004","distributed","grasslandHerbaceous",39.109647,-96.551370,"WGS84",20.0,371.9,0.0,"2018-03-28T14:49Z","KONZ.2018.13",,,"drag and flag",160,"N",0,0,0,,"NEON.DOC.014045vJ","ryPwirbLIGP0z95AI2Ix9nYd6s942sQlUAwVL4UApoo=",
"52c63ec7-fb3f-4a6d-8bba-cc7df8a50e3a","KONZ_001.tickPlot.tck","D06","KONZ","KONZ_001","distributed","grasslandHerbaceous",39.074114,-96.557107,"WGS84",20.0,423.7,0.0,"2018-03-28T15:36Z","KONZ.2018.13",,,"drag and flag",160,"N",0,0,0,,"NEON.DOC.014045vJ","ryPwirbLIGP0z95AI2Ix9nYd6s942sQlUAwVL4UApoo=",
"536d74bc-5d34-43a7-947c-6b5d5fd5d470","KONZ_007.tickPlot.tck","D06","KONZ","KONZ_007","distributed","grasslandHerbaceous",39.087937,-96.545919,"WGS84",20.1,434.0,0.1,"2018-03-28T16:07Z","KONZ.2018.13",,,"drag and flag",160,"N",0,0,0,,"NEON.DOC.014045vJ","ryPwirbLIGP0z95AI2Ix9nYd6s942sQlUAwVL4UApoo=",
"ae6bd6a3-99bb-4da8-8246-f23c6b4f1ce4","KONZ_009.tickPlot.tck","D06","KONZ","KONZ_009","distributed","grasslandHerbaceous",39.107902,-96.584438,"WGS84",20.1,391.9,0.1,"2018-03-28T17:09Z","KONZ.2018.13",,,"drag",160,"N",0,0,0,,"NEON.DOC.014045vJ","ryPwirbLIGP0z95AI2Ix9nYd6s942sQlUAwVL4UApoo=",
"be410c31-0c9f-4fe9-a518-4ac3c94c529b","KONZ_025.tickPlot.tck","D06","KONZ","KONZ_025","distributed","deciduousForest",39.103714,-96.597832,"WGS84",20.1,337.3,0.1,"2018-03-28T17:40Z","KONZ.2018.13",,,"drag and flag",160,"N",0,0,0,,"NEON.DOC.014045vJ","ryPwirbLIGP0z95AI2Ix9nYd6s942sQlUAwVL4UApoo=",
