uid,namedLocation,domainID,siteID,plotID,plotType,nlcdClass,decimalLatitude,decimalLongitude,geodeticDatum,coordinateUncertainty,elevation,elevationUncertainty,collectDate,eventID,sampleID,sampleCode,samplingMethod,totalSampledArea,targetTaxaPresent,adultCount,nymphCount,larvaCount,sampleCondition,samplingProtocolVersion,measuredBy,remarks
"377681a3-6d82-44c2-a091-85b4c7a8c71f","UKFS_001.tickPlot.tck","D06","UKFS","UKFS_001","distributed","deciduousForest",39.037238,-95.198631,"WGS84",20.1,322.7,0.1,"2018-03-21T14:43Z","UKFS.2018.12","UKFS_001.20180321",,"drag and flag",160,"Y",1,0,0,"No known compromise","NEON.DOC.014045vJ","iq7r+K7zVrnuv4AA404AgFzhbma7sELOneHM1T36pZk=",
"a27955da-3fbb-4fd7-b220-b12f3263a13b","UKFS_002.tickPlot.tck","D06","UKFS","UKFS_002","distributed","deciduousForest",39.045892,-95.207026,"WGS84",20.1,316.0,0.2,"2018-03-21T15:46Z","UKFS.2018.12",,,"drag and flag",160,"N",0,0,0,,"NEON.DOC.014045vJ","iq7r+K7zVrnuv4AA404AgFzhbma7sELOneHM1T36pZk=",
"1771dbf3-6207-4f10-8125-481110afaeaf","UKFS_030.tickPlot.tck","D06","UKFS","UKFS_030","distributed","grasslandHerbaceous",39.045115,-95.213433,"WGS84",20.1,321.9,0.1,"2018-03-21T16:20Z","UKFS.2018.12",,,"drag and flag",160,"N",0,0,0,,"NEON.DOC.014045vJ","iq7r+K7zVrnuv4AA404AgFzhbma7sELOneHM1T36pZk=",
"d3217728-838f-4588-892a-aa190ede2cca","UKFS_004.tickPlot.tck","D06","UKFS","UKFS_004","distributed","deciduousForest",39.043188,-95.201000,"WGS84",20.1,320.0,0.2,"2018-03-21T17:14Z","UKFS.2018.12",,,"drag and flag",160,"N",0,0,0,,"NEON.DOC.014045vJ","iq7r+K7zVrnuv4AA404AgFzhbma7sELOneHM1T36pZk=",
"356b8a4e-0259-42b5-a669-bd58980142d2","UKFS_003.tickPlot.tck","D06","UKFS","UKFS_003","distributed","deciduousForest",39.053769,-95.187084,"WGS84",20.1,323.1,0.1,"2018-03-21T18:07Z","UKFS.2018.12","UKFS_003.20180321",,"drag and flag",160,"Y",2,0,0,"No known compromise","NEON.DOC.014045vJ","iq7r+K7zVrnuv4AA404AgFzhbma7sELOneHM1T36pZk=",
"a569c004-36db-4d37-a020-0aa4aea5a6f5","UKFS_018.tickPlot.tck","D06","UKFS","UKFS_018","distributed","grasslandHerbaceous",39.053205,-95.194659,"WGS84",20.1,325.8,0.1,"2018-03-21T18:48Z","UKFS.2018.12",,,"drag and flag",160,"N",0,0,0,,"NEON.DOC.014045vJ","iq7r+K7zVrnuv4AA404AgFzhbma7sELOneHM1T36pZk=",
