uid,namedLocation,date,eventID,domainID,siteID,plotID,subplotID,individualID,tagStatus,growthForm,plantStatus,stemDiameter,measurementHeight,height,baseCrownHeight,breakHeight,breakDiameter,maxCrownDiameter,ninetyCrownDiameter,canopyPosition,shape,basalStemDiameter,basalStemDiameterMsrmntHeight,maxBaseCrownDiameter,ninetyBaseCrownDiameter,remarks,recordedBy,measuredBy,dataQF
"7bbc29cc-4016-4599-a93a-eb1508c7cf2f","GUAN_018.basePlot.vst","2016-02-16","vst_GUAN_2016","D04","GUAN","GUAN_018",,"NEON.PLA.D04.GUAN.04281","ok","liana","Live",1.5,130,,,,,,,,,,,,,,"fiApssCEcSVZh4fTchGlfQK3pYYnYQUQ","8rHzSbnDOXjpaitjHXu3bvZcWZBazBT3Z6JypCrOTws=","legacyData"
"209ec6bb-da7f-40be-9660-3553c332ebe5","GUAN_018.basePlot.vst","2016-02-16","vst_GUAN_2016","D04","GUAN","GUAN_018",,"NEON.PLA.D04.GUAN.04099","ok","multi-bole tree","Live",11.0,130,6.1,,,,8.0,7.0,"Full sun",,,,,,,"fiApssCEcSVZh4fTchGlfQK3pYYnYQUQ","8rHzSbnDOXjpaitjHXu3bvZcWZBazBT3Z6JypCrOTws=","legacyData"
"00a4d26a-fa0f-4d99-a7ab-db616288ed75","GUAN_018.basePlot.vst","2016-02-16","vst_GUAN_2016","D04","GUAN","GUAN_018",,"NEON.PLA.D04.GUAN.04202","ok","single bole tree","Live",13.0,130,5.5,,,,4.7,4.1,"Partially shaded",,,,,,,"fiApssCEcSVZh4fTchGlfQK3pYYnYQUQ","8rHzSbnDOXjpaitjHXu3bvZcWZBazBT3Z6JypCrOTws=","legacyData"
"74833a36-030f-4951-9638-aac07a6c6d31","GUAN_018.basePlot.vst","2016-02-16","vst_GUAN_2016","D04","GUAN","GUAN_018",,"NEON.PLA.D04.GUAN.04274","ok","small tree","Standing dead",5.5,130,,,,,,,,,,,,,,"fiApssCEcSVZh4fTchGlfQK3pYYnYQUQ","8rHzSbnDOXjpaitjHXu3bvZcWZBazBT3Z6JypCrOTws=","legacyData"
"fcbeb56e-6fcb-48a0-a2ee-7870afb8f067","GUAN_018.basePlot.vst","2016-02-16","vst_GUAN_2016","D04","GUAN","GUAN_018",,"NEON.PLA.D04.GUAN.04749","ok","sapling","Live",,,,,,,,,,,1.1,10,,,"Height measurements were not recorded in the datasheet.","fiApssCEcSVZh4fTchGlfQK3pYYnYQUQ","8rHzSbnDOXjpaitjHXu3bvZcWZBazBT3Z6JypCrOTws=","legacyData"
"2d9dfa31-5c77-4a93-b2a8-3e5e059a063d","GUAN_018.basePlot.vst","2016-02-16","vst_GUAN_2016","D04","GUAN","GUAN_018",,"NEON.PLA.D04.GUAN.04273","ok","single bole tree","Live",28.0,130,4.4,,,,8.5,6.9,"Open grown",,,,,,,"fiApssCEcSVZh4fTchGlfQK3pYYnYQUQ","8rHzSbnDOXjpaitjHXu3bvZcWZBazBT3Z6JypCrOTws=","legacyData"
"9c1970e5-baba-4000-a5c1-12e66b810f02","GUAN_018.basePlot.vst","2016-02-16","vst_GUAN_2016","D04","GUAN","GUAN_018",,"NEON.PLA.D04.GUAN.04726","ok","small tree","Live",6.0,130,,,,,,,,,,,,,,"fiApssCEcSVZh4fTchGlfQK3pYYnYQUQ","8rHzSbnDOXjpaitjHXu3bvZcWZBazBT3Z6JypCrOTws=","legacyData"
"53d423c1-9d1a-4382-8e45-f58af65cb2d5","GUAN_018.basePlot.vst","2016-02-16","vst_GUAN_2016","D04","GUAN","GUAN_018",,"NEON.PLA.D04.GUAN.04099A","ok","multi-bole tree","Live",10.3,130,6.1,,,,8.0,7.0,"Full sun",,,,,,,"fiApssCEcSVZh4fTchGlfQK3pYYnYQUQ","8rHzSbnDOXjpaitjHXu3bvZcWZBazBT3Z6JypCrOTws=","legacyData"
"18a469ad-5241-4998-b526-2282335b6cdd","GUAN_018.basePlot.vst","2016-02-16","vst_GUAN_2016","D04","GUAN","GUAN_018",,"NEON.PLA.D04.GUAN.04010","ok","small tree","Live, insect damaged",4.9,130,,,,,,,,,,,,,"Height and canopy measurements were not recorded in the datasheet.","fiApssCEcSVZh4fTchGlfQK3pYYnYQUQ","8rHzSbnDOXjpaitjHXu3bvZcWZBazBT3Z6JypCrOTws=","legacyData"
"1d6754e0-38da-4e37-a385-31d0df6770ed","GUAN_018.basePlot.vst","2016-02-16","vst_GUAN_2016","D04","GUAN","GUAN_018",,"NEON.PLA.D04.GUAN.04981","ok","single bole tree","Live",12.0,130,4.6,,,,3.7,3.3,"Full sun",,,,,,,"fiApssCEcSVZh4fTchGlfQK3pYYnYQUQ","8rHzSbnDOXjpaitjHXu3bvZcWZBazBT3Z6JypCrOTws=","legacyData"
"89f34e15-c506-444e-a2a6-20a76304234b","GUAN_018.basePlot.vst","2016-02-16","vst_GUAN_2016","D04","GUAN","GUAN_018",,"NEON.PLA.D04.GUAN.03295","ok","small tree","Live",6.8,130,,,,,,,,,,,,,"Height and canopy measurements were not recorded in the datasheet.","fiApssCEcSVZh4fTchGlfQK3pYYnYQUQ","8rHzSbnDOXjpaitjHXu3bvZcWZBazBT3Z6JypCrOTws=","legacyData"
"2ce008ae-d3c5-40c0-8a20-50d1cc28a80e","GUAN_018.basePlot.vst","2016-02-16","vst_GUAN_2016","D04","GUAN","GUAN_018",,"NEON.PLA.D04.GUAN.04708","ok","single shrub","Live",1.9,130,4.1,,,,1.6,1.5,,"cylinder",,,,,"No stem basal diameter measurements were recorded in the datasheet.","fiApssCEcSVZh4fTchGlfQK3pYYnYQUQ","8rHzSbnDOXjpaitjHXu3bvZcWZBazBT3Z6JypCrOTws=","legacyData"
"3e954e50-0d01-4273-8c48-04b295aa9d76","GUAN_018.basePlot.vst","2016-02-16","vst_GUAN_2016","D04","GUAN","GUAN_018",,"NEON.PLA.D04.GUAN.04719","ok","sapling","Live",,,,,,,,,,,1.0,10,,,"Canopy measurements were not recorded in the datasheet.","fiApssCEcSVZh4fTchGlfQK3pYYnYQUQ","8rHzSbnDOXjpaitjHXu3bvZcWZBazBT3Z6JypCrOTws=","legacyData"
"2fc9d4a8-1aea-47ce-bb7b-796b360ea8ff","GUAN_018.basePlot.vst","2016-02-17","vst_GUAN_2016","D04","GUAN","GUAN_018",,"NEON.PLA.D04.GUAN.04206","ok","sapling","Live",,,,,,,,,,,1.3,10,,,"Height measurements were not recorded on the datasheet.","RS9r3fYolQ8OjMegYBbIjMNwHRFQe/2+","fiApssCEcSVZh4fTchGlfQK3pYYnYQUQ","legacyData"
"b07274a2-64ad-44bf-947e-61093ae5447f","GUAN_018.basePlot.vst","2016-02-17","vst_GUAN_2016","D04","GUAN","GUAN_018",,"NEON.PLA.D04.GUAN.04027","ok","small tree","Live",8.7,130,,,,,,,,,,,,,"Height and canopy measurements were not recorded on the datasheet.","RS9r3fYolQ8OjMegYBbIjMNwHRFQe/2+","fiApssCEcSVZh4fTchGlfQK3pYYnYQUQ","legacyData"
"30f1ec37-eeac-4c6c-accf-8c1dcab51430","GUAN_018.basePlot.vst","2016-02-17","vst_GUAN_2016","D04","GUAN","GUAN_018",,"NEON.PLA.D04.GUAN.04242","ok","single shrub","Live",2.9,130,2.5,,,,3.4,2.4,,"inverted cone",8.5,10,0.10,0.07,,"RS9r3fYolQ8OjMegYBbIjMNwHRFQe/2+","fiApssCEcSVZh4fTchGlfQK3pYYnYQUQ","legacyData"
"d54aee22-eaba-49dd-82b9-7bfec6ad7af3","GUAN_018.basePlot.vst","2016-02-17","vst_GUAN_2016","D04","GUAN","GUAN_018",,"NEON.PLA.D04.GUAN.04223","ok","small tree","Live",2.8,130,,,,,,,,,,,,,"Height and canopy measurements were not recorded on the datasheet.","RS9r3fYolQ8OjMegYBbIjMNwHRFQe/2+","fiApssCEcSVZh4fTchGlfQK3pYYnYQUQ","legacyData"
"1e714f99-94ae-427a-9c61-07a0c015cb87","GUAN_018.basePlot.vst","2016-02-17","vst_GUAN_2016","D04","GUAN","GUAN_018",,"NEON.PLA.D04.GUAN.04004","ok","small tree","Live",6.2,130,,,,,,,,,,,,,"Height and canopy measurements were not recorded on the datasheet.","RS9r3fYolQ8OjMegYBbIjMNwHRFQe/2+","fiApssCEcSVZh4fTchGlfQK3pYYnYQUQ","legacyData"
"9a529444-f89c-45d0-9ce7-8988e73e26dc","GUAN_018.basePlot.vst","2016-02-17","vst_GUAN_2016","D04","GUAN","GUAN_018",,"NEON.PLA.D04.GUAN.04167","ok","small tree","Live",1.2,130,,,,,,,,,,,,,"Height and canopy measurements were not recorded on the datasheet.","RS9r3fYolQ8OjMegYBbIjMNwHRFQe/2+","fiApssCEcSVZh4fTchGlfQK3pYYnYQUQ","legacyData"
"f7817fde-15b6-4801-896b-6cc7a6c3f135","GUAN_018.basePlot.vst","2016-02-17","vst_GUAN_2016","D04","GUAN","GUAN_018",,"NEON.PLA.D04.GUAN.03642","ok","sapling","Live",,,,,,,,,,,1.0,10,,,"Height measurements were not recorded on the datasheet.","RS9r3fYolQ8OjMegYBbIjMNwHRFQe/2+","fiApssCEcSVZh4fTchGlfQK3pYYnYQUQ","legacyData"
"7c268fc2-95c6-441a-bd9c-2cd57be2b97c","GUAN_018.basePlot.vst","2016-02-17","vst_GUAN_2016","D04","GUAN","GUAN_018",,"NEON.PLA.D04.GUAN.04245","ok","single shrub","Live",7.3,130,4.4,,,,4.8,3.2,,"inverted cone",10.3,10,0.35,0.19,,"RS9r3fYolQ8OjMegYBbIjMNwHRFQe/2+","fiApssCEcSVZh4fTchGlfQK3pYYnYQUQ","legacyData"
"e6c27372-5597-4ff7-8277-1a3bb237df86","GUAN_018.basePlot.vst","2016-02-17","vst_GUAN_2016","D04","GUAN","GUAN_018",,"NEON.PLA.D04.GUAN.04097","ok","single shrub","Live",5.1,130,4.7,,,,1.4,1.0,,"inverted cone",9.3,10,0.10,0.08,,"RS9r3fYolQ8OjMegYBbIjMNwHRFQe/2+","fiApssCEcSVZh4fTchGlfQK3pYYnYQUQ","legacyData"
"9a93355d-b1c0-4ebc-878b-c81464da42aa","GUAN_018.basePlot.vst","2016-02-17","vst_GUAN_2016","D04","GUAN","GUAN_018",,"NEON.PLA.D04.GUAN.04142","ok","single shrub","Live",7.0,130,6.0,,,,3.4,3.4,,"inverted cone",23.3,10,0.34,0.21,,"RS9r3fYolQ8OjMegYBbIjMNwHRFQe/2+","fiApssCEcSVZh4fTchGlfQK3pYYnYQUQ","legacyData"
"538fcd8b-fa47-4eb2-8ab6-9ab9a6dda7cb","GUAN_018.basePlot.vst","2016-02-17","vst_GUAN_2016","D04","GUAN","GUAN_018",,"NEON.PLA.D04.GUAN.04212","ok","sapling","Standing dead",,,,,,,,,,,2.6,10,,,"Height measurements were not recorded on the datasheet.","RS9r3fYolQ8OjMegYBbIjMNwHRFQe/2+","fiApssCEcSVZh4fTchGlfQK3pYYnYQUQ","legacyData"
"4d17db1e-2f34-4b0e-82ef-fd953717a76d","GUAN_018.basePlot.vst","2016-02-17","vst_GUAN_2016","D04","GUAN","GUAN_018",,"NEON.PLA.D04.GUAN.04100","ok","small shrub","Live",,,2.3,,,,1.3,1.1,,"inverted cone",1.0,10,0.09,0.04,,"RS9r3fYolQ8OjMegYBbIjMNwHRFQe/2+","fiApssCEcSVZh4fTchGlfQK3pYYnYQUQ","legacyData"
"e26b0bc5-2eaf-4d2b-9004-f3129f150991","GUAN_018.basePlot.vst","2016-02-17","vst_GUAN_2016","D04","GUAN","GUAN_018",,"NEON.PLA.D04.GUAN.04277","ok","small tree","Live",1.5,130,,,,,,,,,,,,,"Height and canopy measurements were not recorded on the datasheet.","RS9r3fYolQ8OjMegYBbIjMNwHRFQe/2+","fiApssCEcSVZh4fTchGlfQK3pYYnYQUQ","legacyData"
"7664b69e-0a7a-48d3-9755-127d83d403b2","GUAN_018.basePlot.vst","2016-02-17","vst_GUAN_2016","D04","GUAN","GUAN_018",,"NEON.PLA.D04.GUAN.04216","ok","small tree","Live",1.7,130,,,,,,,,,,,,,"Height and canopy measurements were not recorded on the datasheet.","RS9r3fYolQ8OjMegYBbIjMNwHRFQe/2+","fiApssCEcSVZh4fTchGlfQK3pYYnYQUQ","legacyData"
"0423a4e5-717c-4ce2-9a2c-988caf87d4d5","GUAN_018.basePlot.vst","2016-02-17","vst_GUAN_2016","D04","GUAN","GUAN_018",,"NEON.PLA.D04.GUAN.04140","ok","small tree","Live",3.7,130,,,,,,,,,,,,,"Height and canopy measurements were not recorded on the datasheet.","RS9r3fYolQ8OjMegYBbIjMNwHRFQe/2+","fiApssCEcSVZh4fTchGlfQK3pYYnYQUQ","legacyData"
"890fd193-5116-4826-ba61-6436c378fd0f","GUAN_018.basePlot.vst","2016-02-17","vst_GUAN_2016","D04","GUAN","GUAN_018",,"NEON.PLA.D04.GUAN.04733","ok","single shrub","Live",,,,,,,,,,,2.1,10,,,"Height; canopy; shrub shape; and stem diameter (DBH) measurements were not recorded on the datasheet","RS9r3fYolQ8OjMegYBbIjMNwHRFQe/2+","fiApssCEcSVZh4fTchGlfQK3pYYnYQUQ","legacyData"
"4c26fd0e-4567-4aad-a75b-5ee87710b03d","GUAN_018.basePlot.vst","2016-02-17","vst_GUAN_2016","D04","GUAN","GUAN_018",,"NEON.PLA.D04.GUAN.04098","ok","single shrub","Live",5.0,130,4.2,,,,1.4,1.3,,"inverted cone",5.7,10,0.04,0.02,,"RS9r3fYolQ8OjMegYBbIjMNwHRFQe/2+","fiApssCEcSVZh4fTchGlfQK3pYYnYQUQ","legacyData"
"5e195f14-050f-4fce-b4ae-fca638a6b028","GUAN_018.basePlot.vst","2016-02-17","vst_GUAN_2016","D04","GUAN","GUAN_018",,"NEON.PLA.D04.GUAN.04098","ok","single shrub","Live",5.0,130,4.2,,,,1.4,1.3,,"inverted cone",6.2,10,0.04,0.02,,"RS9r3fYolQ8OjMegYBbIjMNwHRFQe/2+","fiApssCEcSVZh4fTchGlfQK3pYYnYQUQ","legacyData"
"871c6c9f-c714-4c15-9d05-a7074481b84f","GUAN_018.basePlot.vst","2016-02-17","vst_GUAN_2016","D04","GUAN","GUAN_018",,"NEON.PLA.D04.GUAN.04246","ok","small tree","Live, insect damaged",3.8,130,,,,,,,,,,,,,"Height and canopy measurements were not recorded on the datasheet.","RS9r3fYolQ8OjMegYBbIjMNwHRFQe/2+","fiApssCEcSVZh4fTchGlfQK3pYYnYQUQ","legacyData"
"ea1ca210-fca6-4820-a515-00e197f27ebf","GUAN_018.basePlot.vst","2016-02-17","vst_GUAN_2016","D04","GUAN","GUAN_018",,"NEON.PLA.D04.GUAN.04220","ok","single shrub","Live, insect damaged",5.2,130,7.7,,,,4.0,3.2,,"inverted cone",2.7,10,0.05,0.05,,"RS9r3fYolQ8OjMegYBbIjMNwHRFQe/2+","fiApssCEcSVZh4fTchGlfQK3pYYnYQUQ","legacyData"
"1a657c65-3d4c-4676-b81e-2cedb70b99af","GUAN_018.basePlot.vst","2016-02-17","vst_GUAN_2016","D04","GUAN","GUAN_018",,"NEON.PLA.D04.GUAN.04096","ok","sapling","Live",,,,,,,,,,,1.5,10,,,"Height and canopy measurements were not recorded on the datasheet.","RS9r3fYolQ8OjMegYBbIjMNwHRFQe/2+","fiApssCEcSVZh4fTchGlfQK3pYYnYQUQ","legacyData"
"98798734-e65e-4de0-9e66-30874845db1e","GUAN_018.basePlot.vst","2016-02-17","vst_GUAN_2016","D04","GUAN","GUAN_018",,"NEON.PLA.D04.GUAN.04220","ok","single shrub","Live, insect damaged",5.2,130,7.7,,,,4.0,3.2,,"inverted cone",3.4,10,0.05,0.05,,"RS9r3fYolQ8OjMegYBbIjMNwHRFQe/2+","fiApssCEcSVZh4fTchGlfQK3pYYnYQUQ","legacyData"
"2cc520dd-54f6-4a1a-9956-3c8eb06e1fda","GUAN_018.basePlot.vst","2016-02-17","vst_GUAN_2016","D04","GUAN","GUAN_018",,"NEON.PLA.D04.GUAN.04271","ok","small tree","Live",5.3,130,,,,,,,,,,,,,"Height and canopy measurements were not recorded on the datasheet.","RS9r3fYolQ8OjMegYBbIjMNwHRFQe/2+","fiApssCEcSVZh4fTchGlfQK3pYYnYQUQ","legacyData"
"89d1c914-60ba-4c3b-b174-71ee0914985b","GUAN_018.basePlot.vst","2016-02-17","vst_GUAN_2016","D04","GUAN","GUAN_018",,"NEON.PLA.D04.GUAN.03257","ok","small tree","Live",4.2,130,,,,,,,,,,,,,"Height and canopy measurements were not recorded on the datasheet.","RS9r3fYolQ8OjMegYBbIjMNwHRFQe/2+","fiApssCEcSVZh4fTchGlfQK3pYYnYQUQ","legacyData"
"eb93f4ff-fd44-4600-af99-0e9a7d958891","GUAN_018.basePlot.vst","2016-02-17","vst_GUAN_2016","D04","GUAN","GUAN_018",,"NEON.PLA.D04.GUAN.04400","ok","small tree","Live",3.3,130,,,,,,,,,,,,,"Height and canopy measurements were not recorded on the datasheet.","RS9r3fYolQ8OjMegYBbIjMNwHRFQe/2+","fiApssCEcSVZh4fTchGlfQK3pYYnYQUQ","legacyData"
"71848acb-e679-473d-8d59-4ac5674ab445","GUAN_018.basePlot.vst","2016-02-17","vst_GUAN_2016","D04","GUAN","GUAN_018",,"NEON.PLA.D04.GUAN.04241","ok","sapling","Live",,,,,,,,,,,1.1,10,,,"Height measurements were not recorded on the datasheet.","RS9r3fYolQ8OjMegYBbIjMNwHRFQe/2+","fiApssCEcSVZh4fTchGlfQK3pYYnYQUQ","legacyData"
"a5028174-325b-41bf-8307-c6ef0f224e73","GUAN_018.basePlot.vst","2016-02-17","vst_GUAN_2016","D04","GUAN","GUAN_018",,"NEON.PLA.D04.GUAN.04220","ok","single shrub","Live, insect damaged",5.2,130,7.7,,,,4.0,3.2,,"inverted cone",2.0,10,0.05,0.05,,"RS9r3fYolQ8OjMegYBbIjMNwHRFQe/2+","fiApssCEcSVZh4fTchGlfQK3pYYnYQUQ","legacyData"
"12233490-c3ba-4e04-96fb-eaa7b6ee1343","GUAN_018.basePlot.vst","2016-02-17","vst_GUAN_2016","D04","GUAN","GUAN_018",,"NEON.PLA.D04.GUAN.04215","ok","small tree","Live",7.0,140,,,,,,,,,,,,,"Height and canopy measurements were not recorded on the datasheet.","RS9r3fYolQ8OjMegYBbIjMNwHRFQe/2+","fiApssCEcSVZh4fTchGlfQK3pYYnYQUQ","legacyData"
"80a46c64-0664-49a8-b557-2ea4f87b9883","GUAN_018.basePlot.vst","2016-02-17","vst_GUAN_2016","D04","GUAN","GUAN_018",,"NEON.PLA.D04.GUAN.04244","ok","small tree","Live",6.5,130,,,,,,,,,,,,,"Height and canopy measurements were not recorded on the datasheet.","RS9r3fYolQ8OjMegYBbIjMNwHRFQe/2+","fiApssCEcSVZh4fTchGlfQK3pYYnYQUQ","legacyData"
"b43da071-e127-4bad-b07b-1b06efdb273b","GUAN_018.basePlot.vst","2016-02-17","vst_GUAN_2016","D04","GUAN","GUAN_018",,"NEON.PLA.D04.GUAN.04138","ok","small tree","Live",1.0,130,,,,,,,,,,,,,"Height and canopy measurements were not recorded on the datasheet.","RS9r3fYolQ8OjMegYBbIjMNwHRFQe/2+","fiApssCEcSVZh4fTchGlfQK3pYYnYQUQ","legacyData"
"a497cef3-51f2-4cfd-a701-7f343822f053","GUAN_018.basePlot.vst","2016-02-17","vst_GUAN_2016","D04","GUAN","GUAN_018",,"NEON.PLA.D04.GUAN.04741","ok","sapling","Live",,,,,,,,,,,1.5,10,,,"Height and canopy measurements were not recorded on the datasheet.","RS9r3fYolQ8OjMegYBbIjMNwHRFQe/2+","fiApssCEcSVZh4fTchGlfQK3pYYnYQUQ","legacyData"
"a6c00647-8240-407d-b699-58050c72b9b5","GUAN_018.basePlot.vst","2016-02-17","vst_GUAN_2016","D04","GUAN","GUAN_018",,"NEON.PLA.D04.GUAN.04204","ok","small tree","Live",7.1,130,,,,,,,,,,,,,"Height and canopy measurements were not recorded on the datasheet.","RS9r3fYolQ8OjMegYBbIjMNwHRFQe/2+","fiApssCEcSVZh4fTchGlfQK3pYYnYQUQ","legacyData"
"d085b352-981e-4e88-9bc5-7677a4d99d44","GUAN_018.basePlot.vst","2016-02-17","vst_GUAN_2016","D04","GUAN","GUAN_018",,"NEON.PLA.D04.GUAN.04220","ok","single shrub","Live, insect damaged",5.2,130,7.7,,,,4.0,3.2,,"inverted cone",3.2,10,0.05,0.05,,"RS9r3fYolQ8OjMegYBbIjMNwHRFQe/2+","fiApssCEcSVZh4fTchGlfQK3pYYnYQUQ","legacyData"
"3839581d-f641-4365-9ed4-5c276664eeea","GUAN_018.basePlot.vst","2016-02-17","vst_GUAN_2016","D04","GUAN","GUAN_018",,"NEON.PLA.D04.GUAN.04199","ok","small tree","Live",8.6,130,,,,,,,,,,,,,"Height and canopy measurements were not recorded on the datasheet.","RS9r3fYolQ8OjMegYBbIjMNwHRFQe/2+","fiApssCEcSVZh4fTchGlfQK3pYYnYQUQ","legacyData"
"d4801450-8ed4-44a2-8869-039da92639ff","GUAN_018.basePlot.vst","2016-02-17","vst_GUAN_2016","D04","GUAN","GUAN_018",,"NEON.PLA.D04.GUAN.04725","ok","small tree","Live",5.3,130,,,,,,,,,,,,,"Height and canopy measurements were not recorded on the datasheet.","RS9r3fYolQ8OjMegYBbIjMNwHRFQe/2+","fiApssCEcSVZh4fTchGlfQK3pYYnYQUQ","legacyData"
"07a09881-ec2f-454c-b2f1-4ad57d173f06","GUAN_018.basePlot.vst","2016-02-17","vst_GUAN_2016","D04","GUAN","GUAN_018",,"NEON.PLA.D04.GUAN.04225","ok","single shrub","Live",5.7,130,6.2,,,,1.9,1.5,,"inverted cone",8.0,10,0.10,0.08,,"RS9r3fYolQ8OjMegYBbIjMNwHRFQe/2+","fiApssCEcSVZh4fTchGlfQK3pYYnYQUQ","legacyData"
"ef2ed871-bc5c-47ac-8184-1ad6cf45c54b","GUAN_018.basePlot.vst","2016-02-17","vst_GUAN_2016","D04","GUAN","GUAN_018",,"NEON.PLA.D04.GUAN.04219","ok","small tree","Live, insect damaged",7.5,130,,,,,,,,,,,,,"Height and canopy measurements were not recorded on the datasheet.","RS9r3fYolQ8OjMegYBbIjMNwHRFQe/2+","fiApssCEcSVZh4fTchGlfQK3pYYnYQUQ","legacyData"
"c040191b-dfa4-4426-9b40-4dfbe3989837","GUAN_018.basePlot.vst","2016-02-17","vst_GUAN_2016","D04","GUAN","GUAN_018",,"NEON.PLA.D04.GUAN.04220","ok","single shrub","Live, insect damaged",5.2,130,7.7,,,,4.0,3.2,,"inverted cone",3.6,10,0.05,0.05,,"RS9r3fYolQ8OjMegYBbIjMNwHRFQe/2+","fiApssCEcSVZh4fTchGlfQK3pYYnYQUQ","legacyData"
"421bbf8b-d820-4937-a7c5-00144a5740b8","GUAN_018.basePlot.vst","2016-02-17","vst_GUAN_2016","D04","GUAN","GUAN_018",,"NEON.PLA.D04.GUAN.04733","ok","single shrub","Live",3.8,130,3.4,,,,2.0,1.9,,"inverted cone",,,0.49,0.43,"Basal stem diameter measurements were not recorded on the datasheet.","RS9r3fYolQ8OjMegYBbIjMNwHRFQe/2+","fiApssCEcSVZh4fTchGlfQK3pYYnYQUQ","legacyData"
"aac2c86d-971a-423b-9186-582230b53f81","GUAN_018.basePlot.vst","2016-02-17","vst_GUAN_2016","D04","GUAN","GUAN_018",,"NEON.PLA.D04.GUAN.04139","ok","small tree","Live",2.7,130,,,,,,,,,,,,,"Height and canopy measurements were not recorded on the datasheet.","RS9r3fYolQ8OjMegYBbIjMNwHRFQe/2+","fiApssCEcSVZh4fTchGlfQK3pYYnYQUQ","legacyData"
"f86d81bb-2b00-4721-b6c6-0350c25a55e4","GUAN_018.basePlot.vst","2016-02-17","vst_GUAN_2016","D04","GUAN","GUAN_018",,"NEON.PLA.D04.GUAN.04162","ok","sapling","Live",,,,,,,,,,,1.3,10,,,"Height measurements were not recorded on the datasheet.","RS9r3fYolQ8OjMegYBbIjMNwHRFQe/2+","fiApssCEcSVZh4fTchGlfQK3pYYnYQUQ","legacyData"
"d09e051f-2989-417a-ac48-4448ef92a98c","GUAN_018.basePlot.vst","2016-02-17","vst_GUAN_2016","D04","GUAN","GUAN_018",,"NEON.PLA.D04.GUAN.04240","ok","single shrub","Live",1.6,130,3.3,,,,2.1,1.2,,"cylinder",2.7,10,,,,"RS9r3fYolQ8OjMegYBbIjMNwHRFQe/2+","fiApssCEcSVZh4fTchGlfQK3pYYnYQUQ","legacyData"
"70d8ac9f-9ad1-4fb8-bea2-faad248703d2","GUAN_018.basePlot.vst","2016-02-17","vst_GUAN_2016","D04","GUAN","GUAN_018",,"NEON.PLA.D04.GUAN.04266","ok","small tree","Live",6.4,130,,,,,,,,,,,,,"Height and canopy measurements were not recorded on the datasheet.","RS9r3fYolQ8OjMegYBbIjMNwHRFQe/2+","fiApssCEcSVZh4fTchGlfQK3pYYnYQUQ","legacyData"
"248dccdf-73f4-4e73-b164-1a3e1ed8e5ec","GUAN_018.basePlot.vst","2016-02-17","vst_GUAN_2016","D04","GUAN","GUAN_018",,"NEON.PLA.D04.GUAN.04137","ok","small tree","Live,  other damage",4.5,190,,,,,,,,,,,,,"Height and canopy measurements were not recorded on the datasheet.","RS9r3fYolQ8OjMegYBbIjMNwHRFQe/2+","fiApssCEcSVZh4fTchGlfQK3pYYnYQUQ","legacyData"
"15e661c4-3b6e-46e9-a6c5-0def9825fee3","GUAN_018.basePlot.vst","2016-02-17","vst_GUAN_2016","D04","GUAN","GUAN_018",,"NEON.PLA.D04.GUAN.04100","ok","small shrub","Live",,,2.3,,,,1.3,1.1,,"inverted cone",1.4,10,0.09,0.04,,"RS9r3fYolQ8OjMegYBbIjMNwHRFQe/2+","fiApssCEcSVZh4fTchGlfQK3pYYnYQUQ","legacyData"
"7ab2f74d-77f0-479e-9e07-31a55a114544","GUAN_018.basePlot.vst","2016-02-17","vst_GUAN_2016","D04","GUAN","GUAN_018",,"NEON.PLA.D04.GUAN.04095","ok","single shrub","Live",9.3,130,3.7,,,,2.2,0.9,,"inverted cone",17.5,10,0.20,0.16,,"RS9r3fYolQ8OjMegYBbIjMNwHRFQe/2+","fiApssCEcSVZh4fTchGlfQK3pYYnYQUQ","legacyData"
"9216c6a0-de5a-4989-aa79-84421fd382c4","GUAN_018.basePlot.vst","2016-02-17","vst_GUAN_2016","D04","GUAN","GUAN_018",,"NEON.PLA.D04.GUAN.04098","ok","single shrub","Live",5.0,130,4.2,,,,1.4,1.3,,"inverted cone",4.1,10,0.04,0.02,,"RS9r3fYolQ8OjMegYBbIjMNwHRFQe/2+","fiApssCEcSVZh4fTchGlfQK3pYYnYQUQ","legacyData"
"fb3173c8-ba3d-457d-a021-a5788f4278f6","GUAN_018.basePlot.vst","2016-02-18","vst_GUAN_2016","D04","GUAN","GUAN_018",,"NEON.PLA.D04.GUAN.04105","ok","liana","Live",1.1,130,,,,,,,,,,,,,,"ZZxq8icdmxh6CcwukhVt9yghXNT5av5R90+bR+k7dNM=","fiApssCEcSVZh4fTchGlfQK3pYYnYQUQ","legacyData"
"6e9875d3-69cd-453c-bb0e-93b91bcfeb99","GUAN_018.basePlot.vst","2016-02-18","vst_GUAN_2016","D04","GUAN","GUAN_018",,"NEON.PLA.D04.GUAN.04224","ok","small tree","Live",1.0,130,,,,,,,,,,,,,"height and canopy measurements were not recorded on datasheet","ZZxq8icdmxh6CcwukhVt9yghXNT5av5R90+bR+k7dNM=","fiApssCEcSVZh4fTchGlfQK3pYYnYQUQ","legacyData"
"aaffdf70-6d40-4a42-9581-ad93ae160538","GUAN_018.basePlot.vst","2016-02-18","vst_GUAN_2016","D04","GUAN","GUAN_018",,"NEON.PLA.D04.GUAN.04107","ok","liana","Live",1.6,130,,,,,,,,,,,,,,"ZZxq8icdmxh6CcwukhVt9yghXNT5av5R90+bR+k7dNM=","fiApssCEcSVZh4fTchGlfQK3pYYnYQUQ","legacyData"
"881ff30e-857b-45b1-9adf-d9e759e9f4b4","GUAN_018.basePlot.vst","2016-02-18","vst_GUAN_2016","D04","GUAN","GUAN_018",,"NEON.PLA.D04.GUAN.04740","ok","sapling","Live",,,,,,,,,,,1.3,10,,,"height measurements were not recorded on datasheet","ZZxq8icdmxh6CcwukhVt9yghXNT5av5R90+bR+k7dNM=","fiApssCEcSVZh4fTchGlfQK3pYYnYQUQ","legacyData"
"869d4469-41ee-4080-9a8b-a6d5b3d21f98","GUAN_018.basePlot.vst","2016-02-18","vst_GUAN_2016","D04","GUAN","GUAN_018",,"NEON.PLA.D04.GUAN.04141","ok","single shrub","Live",,,3.4,,,,1.8,1.5,,"inverted cone",1.9,10,0.10,0.09,,"ZZxq8icdmxh6CcwukhVt9yghXNT5av5R90+bR+k7dNM=","fiApssCEcSVZh4fTchGlfQK3pYYnYQUQ","legacyData"
"9f1b5647-95f7-4b0e-80d4-56530dd4201a","GUAN_018.basePlot.vst","2016-02-18","vst_GUAN_2016","D04","GUAN","GUAN_018",,"NEON.PLA.D04.GUAN.04126","ok","liana","Live",1.7,130,,,,,,,,,,,,,,"ZZxq8icdmxh6CcwukhVt9yghXNT5av5R90+bR+k7dNM=","fiApssCEcSVZh4fTchGlfQK3pYYnYQUQ","legacyData"
"e737b010-da9e-4f8f-a2e4-f24ff1fd2c2a","GUAN_018.basePlot.vst","2016-02-18","vst_GUAN_2016","D04","GUAN","GUAN_018",,"NEON.PLA.D04.GUAN.04136","ok","single shrub","Live",,,2.8,,,,4.1,3.1,,"inverted cone",2.8,10,0.14,0.08,,"ZZxq8icdmxh6CcwukhVt9yghXNT5av5R90+bR+k7dNM=","fiApssCEcSVZh4fTchGlfQK3pYYnYQUQ","legacyData"
"ae3874fb-2db7-4ef0-bdaf-5f5b39c2204c","GUAN_018.basePlot.vst","2016-02-18","vst_GUAN_2016","D04","GUAN","GUAN_018",,"NEON.PLA.D04.GUAN.04115","ok","single shrub","Live",,,2.9,,,,5.9,5.2,,"inverted cone",8.0,10,0.30,0.10,,"ZZxq8icdmxh6CcwukhVt9yghXNT5av5R90+bR+k7dNM=","fiApssCEcSVZh4fTchGlfQK3pYYnYQUQ","legacyData"
"4d184400-810f-43e6-af0f-2edb88d9593f","GUAN_018.basePlot.vst","2016-02-18","vst_GUAN_2016","D04","GUAN","GUAN_018",,"NEON.PLA.D04.GUAN.04101","ok","liana","Live",2.4,130,,,,,,,,,,,,,,"ZZxq8icdmxh6CcwukhVt9yghXNT5av5R90+bR+k7dNM=","fiApssCEcSVZh4fTchGlfQK3pYYnYQUQ","legacyData"
"9d6c7830-a013-41a7-a68c-0038ad50cd3d","GUAN_018.basePlot.vst","2016-02-18","vst_GUAN_2016","D04","GUAN","GUAN_018",,"NEON.PLA.D04.GUAN.04102","ok","small shrub","Live",,,4.0,,,,1.9,1.9,,"cylinder",1.2,10,,,,"ZZxq8icdmxh6CcwukhVt9yghXNT5av5R90+bR+k7dNM=","fiApssCEcSVZh4fTchGlfQK3pYYnYQUQ","legacyData"
"908efd88-ccc7-4bc0-aed7-e528cf00bb3d","GUAN_018.basePlot.vst","2016-02-18","vst_GUAN_2016","D04","GUAN","GUAN_018",,"NEON.PLA.D04.GUAN.04131","ok","liana","Live",1.2,130,,,,,,,,,,,,,,"ZZxq8icdmxh6CcwukhVt9yghXNT5av5R90+bR+k7dNM=","fiApssCEcSVZh4fTchGlfQK3pYYnYQUQ","legacyData"
"8743e54d-8f19-454b-8ca7-7e72efede373","GUAN_018.basePlot.vst","2016-02-18","vst_GUAN_2016","D04","GUAN","GUAN_018",,"NEON.PLA.D04.GUAN.04115","ok","single shrub","Live",7.5,130,2.9,,,,5.9,5.2,,"inverted cone",9.6,10,0.30,0.10,,"ZZxq8icdmxh6CcwukhVt9yghXNT5av5R90+bR+k7dNM=","fiApssCEcSVZh4fTchGlfQK3pYYnYQUQ","legacyData"
"8fd3b874-b1b6-460e-b015-746f50e52681","GUAN_018.basePlot.vst","2016-02-18","vst_GUAN_2016","D04","GUAN","GUAN_018",,"NEON.PLA.D04.GUAN.04250","ok","liana","Live, insect damaged",1.0,130,,,,,,,,,,,,,,"ZZxq8icdmxh6CcwukhVt9yghXNT5av5R90+bR+k7dNM=","fiApssCEcSVZh4fTchGlfQK3pYYnYQUQ","legacyData"
"d7ad2941-7139-43ca-8bbf-3fb0e84f06ef","GUAN_018.basePlot.vst","2016-02-18","vst_GUAN_2016","D04","GUAN","GUAN_018",,"NEON.PLA.D04.GUAN.04124","ok","liana","Live",1.7,130,,,,,,,,,,,,,,"ZZxq8icdmxh6CcwukhVt9yghXNT5av5R90+bR+k7dNM=","fiApssCEcSVZh4fTchGlfQK3pYYnYQUQ","legacyData"
"6ea54b1c-c4ca-4e9a-9382-a65118c8db50","GUAN_018.basePlot.vst","2016-02-18","vst_GUAN_2016","D04","GUAN","GUAN_018",,"NEON.PLA.D04.GUAN.04123","ok","liana","Live",2.4,130,,,,,,,,,,,,,,"ZZxq8icdmxh6CcwukhVt9yghXNT5av5R90+bR+k7dNM=","fiApssCEcSVZh4fTchGlfQK3pYYnYQUQ","legacyData"
"1b43be56-f110-4a4b-98b2-7f3b2945e32c","GUAN_018.basePlot.vst","2016-02-18","vst_GUAN_2016","D04","GUAN","GUAN_018",,"NEON.PLA.D04.GUAN.04135","ok","liana","Live",1.0,130,,,,,,,,,,,,,,"ZZxq8icdmxh6CcwukhVt9yghXNT5av5R90+bR+k7dNM=","fiApssCEcSVZh4fTchGlfQK3pYYnYQUQ","legacyData"
"ac3748d8-cbd4-4543-9ca9-d0f00a54a79a","GUAN_018.basePlot.vst","2016-02-18","vst_GUAN_2016","D04","GUAN","GUAN_018",,"NEON.PLA.D04.GUAN.04114","ok","liana","Live",2.2,130,,,,,,,,,,,,,,"ZZxq8icdmxh6CcwukhVt9yghXNT5av5R90+bR+k7dNM=","fiApssCEcSVZh4fTchGlfQK3pYYnYQUQ","legacyData"
"448bb03d-391f-4ed2-ab50-099390cdb182","GUAN_018.basePlot.vst","2016-02-18","vst_GUAN_2016","D04","GUAN","GUAN_018",,"NEON.PLA.D04.GUAN.04108","ok","liana","Live",1.2,130,,,,,,,,,,,,,,"ZZxq8icdmxh6CcwukhVt9yghXNT5av5R90+bR+k7dNM=","fiApssCEcSVZh4fTchGlfQK3pYYnYQUQ","legacyData"
"c3ce79ea-e1d0-4429-9085-62417b3a7539","GUAN_018.basePlot.vst","2016-02-18","vst_GUAN_2016","D04","GUAN","GUAN_018",,"NEON.PLA.D04.GUAN.04136","ok","single shrub","Live",2.6,130,2.8,,,,4.1,3.1,,"inverted cone",2.8,10,0.14,0.08,,"ZZxq8icdmxh6CcwukhVt9yghXNT5av5R90+bR+k7dNM=","fiApssCEcSVZh4fTchGlfQK3pYYnYQUQ","legacyData"
"715c8f2c-82c3-49cb-9e5c-5a118e63d91b","GUAN_018.basePlot.vst","2016-02-18","vst_GUAN_2016","D04","GUAN","GUAN_018",,"NEON.PLA.D04.GUAN.04112","ok","single shrub","Live",3.4,130,3.7,,,,3.5,1.9,,"inverted cone",4.7,10,0.08,0.05,,"ZZxq8icdmxh6CcwukhVt9yghXNT5av5R90+bR+k7dNM=","fiApssCEcSVZh4fTchGlfQK3pYYnYQUQ","legacyData"
"96d06d69-c155-41e0-aa44-e540b15d3326","GUAN_018.basePlot.vst","2016-02-18","vst_GUAN_2016","D04","GUAN","GUAN_018",,"NEON.PLA.D04.GUAN.04128","ok","small tree","Live",1.2,130,,,,,,,,,,,,,"height and canopy measurements were not recorded on datasheet","ZZxq8icdmxh6CcwukhVt9yghXNT5av5R90+bR+k7dNM=","fiApssCEcSVZh4fTchGlfQK3pYYnYQUQ","legacyData"
"469297e2-64e3-4a64-9ed2-e62441c21b7c","GUAN_018.basePlot.vst","2016-02-18","vst_GUAN_2016","D04","GUAN","GUAN_018",,"NEON.PLA.D04.GUAN.04214","ok","sapling","Live",,,,,,,,,,,1.6,10,,,"height measurements were not recorded on datasheet","ZZxq8icdmxh6CcwukhVt9yghXNT5av5R90+bR+k7dNM=","fiApssCEcSVZh4fTchGlfQK3pYYnYQUQ","legacyData"
"ce9a6762-2763-4c84-911e-507640d582f0","GUAN_018.basePlot.vst","2016-02-18","vst_GUAN_2016","D04","GUAN","GUAN_018",,"NEON.PLA.D04.GUAN.04113","ok","liana","Live",1.3,130,,,,,,,,,,,,,,"ZZxq8icdmxh6CcwukhVt9yghXNT5av5R90+bR+k7dNM=","fiApssCEcSVZh4fTchGlfQK3pYYnYQUQ","legacyData"
"d4212ddc-85f6-451d-85bc-0b9f422ecf36","GUAN_018.basePlot.vst","2016-02-18","vst_GUAN_2016","D04","GUAN","GUAN_018",,"NEON.PLA.D04.GUAN.04121","ok","liana","Live",1.3,130,,,,,,,,,,,,,,"ZZxq8icdmxh6CcwukhVt9yghXNT5av5R90+bR+k7dNM=","fiApssCEcSVZh4fTchGlfQK3pYYnYQUQ","legacyData"
"fb13bead-88dc-4ea2-8ef9-861b5e33badb","GUAN_018.basePlot.vst","2016-02-18","vst_GUAN_2016","D04","GUAN","GUAN_018",,"NEON.PLA.D04.GUAN.04157","ok","small tree","Live",7.3,130,,,,,,,,,,,,,"height and canopy measurements were not recorded on datasheet","ZZxq8icdmxh6CcwukhVt9yghXNT5av5R90+bR+k7dNM=","fiApssCEcSVZh4fTchGlfQK3pYYnYQUQ","legacyData"
"0fac71e4-6cc8-4240-b9b4-6c249d553129","GUAN_018.basePlot.vst","2016-02-18","vst_GUAN_2016","D04","GUAN","GUAN_018",,"NEON.PLA.D04.GUAN.04120","ok","liana","Live",1.2,130,,,,,,,,,,,,,,"ZZxq8icdmxh6CcwukhVt9yghXNT5av5R90+bR+k7dNM=","fiApssCEcSVZh4fTchGlfQK3pYYnYQUQ","legacyData"
"b0de6e83-07cb-48c6-9e3c-5f6aa5bfb2ea","GUAN_018.basePlot.vst","2016-02-18","vst_GUAN_2016","D04","GUAN","GUAN_018",,"NEON.PLA.D04.GUAN.04141","ok","single shrub","Live",,,3.4,,,,1.8,1.5,,"inverted cone",1.5,10,0.10,0.09,,"ZZxq8icdmxh6CcwukhVt9yghXNT5av5R90+bR+k7dNM=","fiApssCEcSVZh4fTchGlfQK3pYYnYQUQ","legacyData"
"b24f0b43-50ec-4eb8-88a7-029a511428bc","GUAN_018.basePlot.vst","2016-02-18","vst_GUAN_2016","D04","GUAN","GUAN_018",,"NEON.PLA.D04.GUAN.04117","ok","sapling","Live",,,,,,,,,,,1.2,10,,,"height measurements were not recorded on datasheet","ZZxq8icdmxh6CcwukhVt9yghXNT5av5R90+bR+k7dNM=","fiApssCEcSVZh4fTchGlfQK3pYYnYQUQ","legacyData"
"42b49643-dddf-4ca1-956e-c1abb0007fa3","GUAN_018.basePlot.vst","2016-02-18","vst_GUAN_2016","D04","GUAN","GUAN_018",,"NEON.PLA.D04.GUAN.04134","ok","liana","Live",1.6,130,,,,,,,,,,,,,,"ZZxq8icdmxh6CcwukhVt9yghXNT5av5R90+bR+k7dNM=","fiApssCEcSVZh4fTchGlfQK3pYYnYQUQ","legacyData"
"b7358c97-afd5-4f95-b7b1-0e7c65df082c","GUAN_018.basePlot.vst","2016-02-18","vst_GUAN_2016","D04","GUAN","GUAN_018",,"NEON.PLA.D04.GUAN.04222","ok","liana","Live",1.5,130,,,,,,,,,,,,,,"ZZxq8icdmxh6CcwukhVt9yghXNT5av5R90+bR+k7dNM=","fiApssCEcSVZh4fTchGlfQK3pYYnYQUQ","legacyData"
"5f9c4dcd-a426-4588-8221-171921dcd8bb","GUAN_018.basePlot.vst","2016-02-18","vst_GUAN_2016","D04","GUAN","GUAN_018",,"NEON.PLA.D04.GUAN.04141","ok","single shrub","Live",1.8,130,3.4,,,,1.8,1.5,,"inverted cone",2.6,10,0.10,0.09,,"ZZxq8icdmxh6CcwukhVt9yghXNT5av5R90+bR+k7dNM=","fiApssCEcSVZh4fTchGlfQK3pYYnYQUQ","legacyData"
"c53a9e98-b63b-4b14-ac73-19412d9adba3","GUAN_018.basePlot.vst","2016-02-18","vst_GUAN_2016","D04","GUAN","GUAN_018",,"NEON.PLA.D04.GUAN.04130","ok","small shrub","Live",,,2.6,,,,2.0,0.5,,"inverted cone",1.2,10,0.09,0.04,,"ZZxq8icdmxh6CcwukhVt9yghXNT5av5R90+bR+k7dNM=","fiApssCEcSVZh4fTchGlfQK3pYYnYQUQ","legacyData"
"e6c42e77-e771-428e-af95-65fabd1cc96b","GUAN_018.basePlot.vst","2016-02-18","vst_GUAN_2016","D04","GUAN","GUAN_018",,"NEON.PLA.D04.GUAN.04118","ok","sapling","Live",,,,,,,,,,,1.0,10,,,"height measurements were not recorded on datasheet","ZZxq8icdmxh6CcwukhVt9yghXNT5av5R90+bR+k7dNM=","fiApssCEcSVZh4fTchGlfQK3pYYnYQUQ","legacyData"
"5cd579f8-342e-44c7-b101-62814ea6c055","GUAN_018.basePlot.vst","2016-02-18","vst_GUAN_2016","D04","GUAN","GUAN_018",,"NEON.PLA.D04.GUAN.04110","ok","liana","Live",1.0,130,,,,,,,,,,,,,,"ZZxq8icdmxh6CcwukhVt9yghXNT5av5R90+bR+k7dNM=","fiApssCEcSVZh4fTchGlfQK3pYYnYQUQ","legacyData"
"24eb8263-cf95-4197-a8b7-34f94e107b8e","GUAN_018.basePlot.vst","2016-02-18","vst_GUAN_2016","D04","GUAN","GUAN_018",,"NEON.PLA.D04.GUAN.04136","ok","single shrub","Live",,,2.8,,,,4.1,3.1,,"inverted cone",1.3,10,0.14,0.08,,"ZZxq8icdmxh6CcwukhVt9yghXNT5av5R90+bR+k7dNM=","fiApssCEcSVZh4fTchGlfQK3pYYnYQUQ","legacyData"
"4d53fa74-97d2-4b04-a7e8-d5dd26e29aee","GUAN_018.basePlot.vst","2016-02-18","vst_GUAN_2016","D04","GUAN","GUAN_018",,"NEON.PLA.D04.GUAN.04132","ok","liana","Live",1.1,130,,,,,,,,,,,,,,"ZZxq8icdmxh6CcwukhVt9yghXNT5av5R90+bR+k7dNM=","fiApssCEcSVZh4fTchGlfQK3pYYnYQUQ","legacyData"
"6ad21a65-4fe1-4e39-b922-10886984927d","GUAN_018.basePlot.vst","2016-02-18","vst_GUAN_2016","D04","GUAN","GUAN_018",,"NEON.PLA.D04.GUAN.04109","ok","single shrub","Live",,,2.1,,,,1.9,1.8,,"inverted cone",3.8,10,0.15,0.10,,"ZZxq8icdmxh6CcwukhVt9yghXNT5av5R90+bR+k7dNM=","fiApssCEcSVZh4fTchGlfQK3pYYnYQUQ","legacyData"
"b8c271ac-7407-42da-b0e0-1e4fe01a931c","GUAN_018.basePlot.vst","2016-02-18","vst_GUAN_2016","D04","GUAN","GUAN_018",,"NEON.PLA.D04.GUAN.04103","ok","liana","Live",1.1,130,,,,,,,,,,,,,,"ZZxq8icdmxh6CcwukhVt9yghXNT5av5R90+bR+k7dNM=","fiApssCEcSVZh4fTchGlfQK3pYYnYQUQ","legacyData"
"8f355d12-8d5b-4c1f-8275-cba5de381d65","GUAN_018.basePlot.vst","2016-02-18","vst_GUAN_2016","D04","GUAN","GUAN_018",,"NEON.PLA.D04.GUAN.04109","ok","single shrub","Live",4.1,130,2.1,,,,1.9,1.8,,"inverted cone",5.7,10,0.15,0.10,,"ZZxq8icdmxh6CcwukhVt9yghXNT5av5R90+bR+k7dNM=","fiApssCEcSVZh4fTchGlfQK3pYYnYQUQ","legacyData"
"eac07166-88c4-4655-8182-6fde12de6a88","GUAN_018.basePlot.vst","2016-02-18","vst_GUAN_2016","D04","GUAN","GUAN_018",,"NEON.PLA.D04.GUAN.04254","ok","sapling","Live",,,,,,,,,,,1.3,10,,,"height measurements were not recorded on datasheet","ZZxq8icdmxh6CcwukhVt9yghXNT5av5R90+bR+k7dNM=","fiApssCEcSVZh4fTchGlfQK3pYYnYQUQ","legacyData"
"4c1f5849-fba9-4391-93f6-d47badcffbcf","GUAN_018.basePlot.vst","2016-02-18","vst_GUAN_2016","D04","GUAN","GUAN_018",,"NEON.PLA.D04.GUAN.04130","ok","small shrub","Live",,,2.6,,,,2.0,0.5,,"inverted cone",1.5,10,0.09,0.04,,"ZZxq8icdmxh6CcwukhVt9yghXNT5av5R90+bR+k7dNM=","fiApssCEcSVZh4fTchGlfQK3pYYnYQUQ","legacyData"
"8b50d89a-ad0e-40ee-b3c9-9e8cec1f9060","GUAN_018.basePlot.vst","2016-02-18","vst_GUAN_2016","D04","GUAN","GUAN_018",,"NEON.PLA.D04.GUAN.04102","ok","small shrub","Live",,,4.0,,,,1.9,1.9,,"cylinder",3.8,10,,,,"ZZxq8icdmxh6CcwukhVt9yghXNT5av5R90+bR+k7dNM=","fiApssCEcSVZh4fTchGlfQK3pYYnYQUQ","legacyData"
"e4b04371-5651-45da-99af-9c245b075f97","GUAN_018.basePlot.vst","2016-02-18","vst_GUAN_2016","D04","GUAN","GUAN_018",,"NEON.PLA.D04.GUAN.04066","ok","small tree","Live, insect damaged",4.5,130,,,,,,,,,,,,,"height and canopys measurement were not recorded on datasheet","ZZxq8icdmxh6CcwukhVt9yghXNT5av5R90+bR+k7dNM=","fiApssCEcSVZh4fTchGlfQK3pYYnYQUQ","legacyData"
"3f7aefac-5b5e-4e3f-8338-771357c99a44","GUAN_018.basePlot.vst","2016-02-18","vst_GUAN_2016","D04","GUAN","GUAN_018",,"NEON.PLA.D04.GUAN.04486","ok","liana","Live",1.9,130,,,,,,,,,,,,,,"ZZxq8icdmxh6CcwukhVt9yghXNT5av5R90+bR+k7dNM=","fiApssCEcSVZh4fTchGlfQK3pYYnYQUQ","legacyData"
"8c6f209a-df28-46bf-b19d-9a5b337fae3f","GUAN_018.basePlot.vst","2016-02-18","vst_GUAN_2016","D04","GUAN","GUAN_018",,"NEON.PLA.D04.GUAN.04129","ok","small tree","Live",2.2,130,,,,,,,,,,,,,"height and canopy measurements were not recorded on datasheet","ZZxq8icdmxh6CcwukhVt9yghXNT5av5R90+bR+k7dNM=","fiApssCEcSVZh4fTchGlfQK3pYYnYQUQ","legacyData"
"fc217eba-f7c5-4866-9ab1-da71521be0f7","GUAN_018.basePlot.vst","2016-02-18","vst_GUAN_2016","D04","GUAN","GUAN_018",,"NEON.PLA.D04.GUAN.04122","ok","liana","Live",1.0,130,,,,,,,,,,,,,,"ZZxq8icdmxh6CcwukhVt9yghXNT5av5R90+bR+k7dNM=","fiApssCEcSVZh4fTchGlfQK3pYYnYQUQ","legacyData"
"53d71976-6940-4d75-83d3-b60a0961ec8e","GUAN_018.basePlot.vst","2016-02-18","vst_GUAN_2016","D04","GUAN","GUAN_018",,"NEON.PLA.D04.GUAN.04119","ok","liana","Live",1.5,130,,,,,,,,,,,,,,"ZZxq8icdmxh6CcwukhVt9yghXNT5av5R90+bR+k7dNM=","fiApssCEcSVZh4fTchGlfQK3pYYnYQUQ","legacyData"
"93668212-fdd0-4d30-b522-b0ef1c17a6f4","GUAN_018.basePlot.vst","2016-02-18","vst_GUAN_2016","D04","GUAN","GUAN_018",,"NEON.PLA.D04.GUAN.04127","ok","liana","Live",1.1,130,,,,,,,,,,,,,,"ZZxq8icdmxh6CcwukhVt9yghXNT5av5R90+bR+k7dNM=","fiApssCEcSVZh4fTchGlfQK3pYYnYQUQ","legacyData"
"36a6ef50-8e58-4b7c-ba55-5940b3a2214b","GUAN_018.basePlot.vst","2016-02-18","vst_GUAN_2016","D04","GUAN","GUAN_018",,"NEON.PLA.D04.GUAN.04111","ok","liana","Live",1.6,130,,,,,,,,,,,,,,"ZZxq8icdmxh6CcwukhVt9yghXNT5av5R90+bR+k7dNM=","fiApssCEcSVZh4fTchGlfQK3pYYnYQUQ","legacyData"
"7f32cf1e-f61a-4dd0-8995-7e74c16f8d87","GUAN_018.basePlot.vst","2016-02-18","vst_GUAN_2016","D04","GUAN","GUAN_018",,"NEON.PLA.D04.GUAN.04125","ok","liana","Live",2.3,130,,,,,,,,,,,,,,"ZZxq8icdmxh6CcwukhVt9yghXNT5av5R90+bR+k7dNM=","fiApssCEcSVZh4fTchGlfQK3pYYnYQUQ","legacyData"
"ce0ffb8c-a6bf-43cf-b928-20d3c5aa1228","GUAN_018.basePlot.vst","2016-02-18","vst_GUAN_2016","D04","GUAN","GUAN_018",,"NEON.PLA.D04.GUAN.03249","ok","liana","Live",1.1,130,,,,,,,,,,,,,,"ZZxq8icdmxh6CcwukhVt9yghXNT5av5R90+bR+k7dNM=","fiApssCEcSVZh4fTchGlfQK3pYYnYQUQ","legacyData"
"6429b6c4-281c-4e50-92f2-ba1fdbc8541e","GUAN_018.basePlot.vst","2016-02-18","vst_GUAN_2016","D04","GUAN","GUAN_018",,"NEON.PLA.D04.GUAN.04133","ok","sapling","Live",,,,,,,,,,,1.4,10,,,"height measurements were not recorded on datasheet","ZZxq8icdmxh6CcwukhVt9yghXNT5av5R90+bR+k7dNM=","fiApssCEcSVZh4fTchGlfQK3pYYnYQUQ","legacyData"
"c79d5c51-8405-45da-a1a5-5ccaa13db07f","GUAN_018.basePlot.vst","2016-02-18","vst_GUAN_2016","D04","GUAN","GUAN_018",,"NEON.PLA.D04.GUAN.02951","ok","small tree","Standing dead",1.3,130,,,,,,,,,,,,,"height and canopy measurements were not recorded on datasheet","ZZxq8icdmxh6CcwukhVt9yghXNT5av5R90+bR+k7dNM=","fiApssCEcSVZh4fTchGlfQK3pYYnYQUQ","legacyData"
"1c59ae2c-3c41-4919-b72c-2e5de212a4aa","GUAN_004.basePlot.vst","2016-02-19","vst_GUAN_2016","D04","GUAN","GUAN_004",,"NEON.PLA.D04.GUAN.04481","ok","small shrub","Live",,,,,,,,,,,2.1,10,,,"Height and canopy measurements were not recorded on the datasheet. Shrub shape was not recorded on datasheet.","RS9r3fYolQ8OjMegYBbIjMNwHRFQe/2+","fiApssCEcSVZh4fTchGlfQK3pYYnYQUQ","legacyData"
"f44ea523-a834-4956-9b2c-bbfe3df55653","GUAN_004.basePlot.vst","2016-02-19","vst_GUAN_2016","D04","GUAN","GUAN_004",,"NEON.PLA.D04.GUAN.04467","ok","small shrub","Live",,,,,,,,,,,1.5,10,,,"Height and canopy measurements were not recorded on the datasheet. Shrub shape was not recorded on datasheet.","RS9r3fYolQ8OjMegYBbIjMNwHRFQe/2+","fiApssCEcSVZh4fTchGlfQK3pYYnYQUQ","legacyData"
"60491586-0156-4be5-9b55-4ff55f563070","GUAN_004.basePlot.vst","2016-02-19","vst_GUAN_2016","D04","GUAN","GUAN_004",,"NEON.PLA.D04.GUAN.04116","ok","small tree","Live",2.0,130,,,,,,,,,,,,,"Height and canopy measurements were not recorded on the datasheet.","RS9r3fYolQ8OjMegYBbIjMNwHRFQe/2+","fiApssCEcSVZh4fTchGlfQK3pYYnYQUQ","legacyData"
"221b6608-3381-4008-bb9f-4935214d0866","GUAN_004.basePlot.vst","2016-02-19","vst_GUAN_2016","D04","GUAN","GUAN_004",,"NEON.PLA.D04.GUAN.04213","ok","sapling","Live, insect damaged",,,,,,,,,,,1.9,10,,,"Height measurement was not recorded on the datasheet.","RS9r3fYolQ8OjMegYBbIjMNwHRFQe/2+","fiApssCEcSVZh4fTchGlfQK3pYYnYQUQ","legacyData"
"dc13aaf2-21d7-4515-86b5-a73fe50f84f4","GUAN_004.basePlot.vst","2016-02-19","vst_GUAN_2016","D04","GUAN","GUAN_004",,"NEON.PLA.D04.GUAN.04478","ok","small shrub","Live",,,1.2,,,,1.8,0.9,,"inverted cone",1.1,10,1.40,0.80,,"RS9r3fYolQ8OjMegYBbIjMNwHRFQe/2+","fiApssCEcSVZh4fTchGlfQK3pYYnYQUQ","legacyData"
"19bfe85b-1437-4382-9d91-e06a6faad130","GUAN_004.basePlot.vst","2016-02-19","vst_GUAN_2016","D04","GUAN","GUAN_004",,"NEON.PLA.D04.GUAN.04482","ok","single shrub","Live",,130,3.3,,,,2.0,0.9,,"inverted cone",1.5,10,1.10,0.50,,"RS9r3fYolQ8OjMegYBbIjMNwHRFQe/2+","fiApssCEcSVZh4fTchGlfQK3pYYnYQUQ","legacyData"
"ef871797-bed4-418e-9a33-6efc1c15e154","GUAN_004.basePlot.vst","2016-02-19","vst_GUAN_2016","D04","GUAN","GUAN_004",,"NEON.PLA.D04.GUAN.04478","ok","small shrub","Live",,,1.2,,,,1.8,0.9,,"inverted cone",1.3,10,1.40,0.80,,"RS9r3fYolQ8OjMegYBbIjMNwHRFQe/2+","fiApssCEcSVZh4fTchGlfQK3pYYnYQUQ","legacyData"
"bf5c2577-e138-4c82-aac4-758fe0d3c088","GUAN_004.basePlot.vst","2016-02-19","vst_GUAN_2016","D04","GUAN","GUAN_004",,"NEON.PLA.D04.GUAN.04474","ok","sapling","Live",,,,,,,,,,,1.4,10,,,"Height measurement was not recorded on the datasheet.","RS9r3fYolQ8OjMegYBbIjMNwHRFQe/2+","fiApssCEcSVZh4fTchGlfQK3pYYnYQUQ","legacyData"
"35887082-6ed0-4f0c-8085-f04f9789a5e8","GUAN_004.basePlot.vst","2016-02-19","vst_GUAN_2016","D04","GUAN","GUAN_004",,"NEON.PLA.D04.GUAN.04207","ok","small tree","Live",2.3,130,,,,,,,,,,,,,"Height and canopy measurements were not recorded on the datasheet.","RS9r3fYolQ8OjMegYBbIjMNwHRFQe/2+","fiApssCEcSVZh4fTchGlfQK3pYYnYQUQ","legacyData"
"15469832-ef29-4ac2-bdde-f6a8d2a5f4a9","GUAN_004.basePlot.vst","2016-02-19","vst_GUAN_2016","D04","GUAN","GUAN_004",,"NEON.PLA.D04.GUAN.04472","ok","small tree","Live, insect damaged",2.9,130,,,,,,,,,,,,,"Height and canopy measurements were not recorded on the datasheet.","RS9r3fYolQ8OjMegYBbIjMNwHRFQe/2+","fiApssCEcSVZh4fTchGlfQK3pYYnYQUQ","legacyData"
"c4bc1387-fd9d-44f3-ab20-1a196729713d","GUAN_004.basePlot.vst","2016-02-19","vst_GUAN_2016","D04","GUAN","GUAN_004",,"NEON.PLA.D04.GUAN.04482","ok","single shrub","Live",1.3,130,3.3,,,,2.0,0.9,,"inverted cone",1.6,10,1.10,0.50,,"RS9r3fYolQ8OjMegYBbIjMNwHRFQe/2+","fiApssCEcSVZh4fTchGlfQK3pYYnYQUQ","legacyData"
"43a4de49-0f4b-40f8-80b9-2983014d78e3","GUAN_004.basePlot.vst","2016-02-19","vst_GUAN_2016","D04","GUAN","GUAN_004",,"NEON.PLA.D04.GUAN.04480","ok","sapling","Live",,,,,,,,,,,1.1,10,,,"Height measurement was not recorded on the datasheet.","RS9r3fYolQ8OjMegYBbIjMNwHRFQe/2+","fiApssCEcSVZh4fTchGlfQK3pYYnYQUQ","legacyData"
"ef243ca9-6d49-431b-aaf0-7d4337aa6c87","GUAN_004.basePlot.vst","2016-02-19","vst_GUAN_2016","D04","GUAN","GUAN_004",,"NEON.PLA.D04.GUAN.04478","ok","small shrub","Standing dead",,,1.2,,,,1.8,0.9,,"inverted cone",1.2,10,1.40,0.80,,"RS9r3fYolQ8OjMegYBbIjMNwHRFQe/2+","fiApssCEcSVZh4fTchGlfQK3pYYnYQUQ","legacyData"
"1b06a241-74db-4504-b02f-e2b8829a1a06","GUAN_004.basePlot.vst","2016-02-19","vst_GUAN_2016","D04","GUAN","GUAN_004",,"NEON.PLA.D04.GUAN.04104","ok","small tree","Live",6.2,130,,,,,,,,,,,,,"Height and canopy measurements were not recorded on the datasheet.","RS9r3fYolQ8OjMegYBbIjMNwHRFQe/2+","fiApssCEcSVZh4fTchGlfQK3pYYnYQUQ","legacyData"
"1f8cef1b-fd91-484c-83dc-5ce340d341bf","GUAN_004.basePlot.vst","2016-02-19","vst_GUAN_2016","D04","GUAN","GUAN_004",,"NEON.PLA.D04.GUAN.04458","ok","small tree","Live",2.9,130,,,,,,,,,,,,,"Height and canopy measurements were not recorded on the datasheet.","RS9r3fYolQ8OjMegYBbIjMNwHRFQe/2+","fiApssCEcSVZh4fTchGlfQK3pYYnYQUQ","legacyData"
"e92a1c77-264b-47dc-a734-bfed270fdeb3","GUAN_004.basePlot.vst","2016-02-19","vst_GUAN_2016","D04","GUAN","GUAN_004",,"NEON.PLA.D04.GUAN.04482","ok","single shrub","Live",,130,3.3,,,,2.0,0.9,,"inverted cone",1.0,10,1.10,0.50,,"RS9r3fYolQ8OjMegYBbIjMNwHRFQe/2+","fiApssCEcSVZh4fTchGlfQK3pYYnYQUQ","legacyData"
"509d1ca0-05b4-4ca9-8f8d-e03c3caee0fc","GUAN_004.basePlot.vst","2016-02-19","vst_GUAN_2016","D04","GUAN","GUAN_004",,"NEON.PLA.D04.GUAN.04478","ok","small shrub","Live",,,1.2,,,,1.8,0.9,,"inverted cone",1.0,10,1.40,0.80,,"RS9r3fYolQ8OjMegYBbIjMNwHRFQe/2+","fiApssCEcSVZh4fTchGlfQK3pYYnYQUQ","legacyData"
"3dd35b56-3fa5-49e6-931c-bd4dbe611092","GUAN_004.basePlot.vst","2016-02-19","vst_GUAN_2016","D04","GUAN","GUAN_004",,"NEON.PLA.D04.GUAN.04479","ok","small tree","Live",3.7,130,,,,,,,,,,,,,"Height and canopy measurements were not recorded on the datasheet.","RS9r3fYolQ8OjMegYBbIjMNwHRFQe/2+","fiApssCEcSVZh4fTchGlfQK3pYYnYQUQ","legacyData"
"1eb40a88-4c3e-4809-80c7-613ede8cd510","GUAN_004.basePlot.vst","2016-02-19","vst_GUAN_2016","D04","GUAN","GUAN_004",,"NEON.PLA.D04.GUAN.04456","ok","single shrub","Live",1.2,130,6.0,,,,2.0,0.6,,"inverted cone",1.7,10,0.40,0.30,,"RS9r3fYolQ8OjMegYBbIjMNwHRFQe/2+","fiApssCEcSVZh4fTchGlfQK3pYYnYQUQ","legacyData"
"4a9f25e5-4390-4ec9-bd62-344f0434dfbf","GUAN_004.basePlot.vst","2016-02-19","vst_GUAN_2016","D04","GUAN","GUAN_004",,"NEON.PLA.D04.GUAN.04465","ok","sapling","Live",,,,,,,,,,,1.2,10,,,"Height measurement was not recorded on the datasheet.","RS9r3fYolQ8OjMegYBbIjMNwHRFQe/2+","fiApssCEcSVZh4fTchGlfQK3pYYnYQUQ","legacyData"
"a98e46ab-5600-43ec-b2c2-8ab4fcf0fd89","GUAN_004.basePlot.vst","2016-02-19","vst_GUAN_2016","D04","GUAN","GUAN_004",,"NEON.PLA.D04.GUAN.04473","ok","small tree","Live",3.5,130,,,,,,,,,,,,,"Height and canopy measurements were not recorded on the datasheet.","RS9r3fYolQ8OjMegYBbIjMNwHRFQe/2+","fiApssCEcSVZh4fTchGlfQK3pYYnYQUQ","legacyData"
"1aad3fab-8f28-40a7-815a-62f0da9a2289","GUAN_004.basePlot.vst","2016-02-23","vst_GUAN_2016","D04","GUAN","GUAN_004",,"NEON.PLA.D04.GUAN.04434","ok","single shrub","Live",4.2,140,4.5,,,,3.5,1.7,,"inverted cone",,,0.13,0.08,"No basal stem diameter (DDH) measurements were recorded on the datasheet.","8rHzSbnDOXjpaitjHXu3bvZcWZBazBT3Z6JypCrOTws=","bLuA32XSwhQ1UEFOt6rO3xlOtBx7Ppbg","legacyData"
"73055184-0997-414f-be10-8185b66e0106","GUAN_004.basePlot.vst","2016-02-23","vst_GUAN_2016","D04","GUAN","GUAN_004",,"NEON.PLA.D04.GUAN.04457","ok","small tree","Live",1.7,130,,,,,,,,,,,,,"Height not given in datasheet","8rHzSbnDOXjpaitjHXu3bvZcWZBazBT3Z6JypCrOTws=","bLuA32XSwhQ1UEFOt6rO3xlOtBx7Ppbg","legacyData"
"b1992d23-6c5b-48f7-a029-f723fdcd2981","GUAN_004.basePlot.vst","2016-02-23","vst_GUAN_2016","D04","GUAN","GUAN_004",,"NEON.PLA.D04.GUAN.04431","ok","sapling","Live",,,,,,,,,,,1.0,10,,,"Height measurement was not recorded on the datasheet.","8rHzSbnDOXjpaitjHXu3bvZcWZBazBT3Z6JypCrOTws=","bLuA32XSwhQ1UEFOt6rO3xlOtBx7Ppbg","legacyData"
"c93c977e-46c7-41ef-b37e-3b60535253f9","GUAN_004.basePlot.vst","2016-02-23","vst_GUAN_2016","D04","GUAN","GUAN_004",,"NEON.PLA.D04.GUAN.04454","ok","small tree","Live",1.2,130,,,,,,,,,,,,,"height not given in datasheet","8rHzSbnDOXjpaitjHXu3bvZcWZBazBT3Z6JypCrOTws=","bLuA32XSwhQ1UEFOt6rO3xlOtBx7Ppbg","legacyData"
"15a4140e-8708-4e8b-97a1-818d96689490","GUAN_004.basePlot.vst","2016-02-23","vst_GUAN_2016","D04","GUAN","GUAN_004",,"NEON.PLA.D04.GUAN.04449","ok","sapling","Live",,,,,,,,,,,1.1,10,,,"height not given in datasheet","8rHzSbnDOXjpaitjHXu3bvZcWZBazBT3Z6JypCrOTws=","bLuA32XSwhQ1UEFOt6rO3xlOtBx7Ppbg","legacyData"
"62417925-b2bc-474c-85a3-63370214be14","GUAN_004.basePlot.vst","2016-02-23","vst_GUAN_2016","D04","GUAN","GUAN_004",,"NEON.PLA.D04.GUAN.04461","ok","small tree","Live",3.3,130,,,,,,,,,,,,,"No height and canopy measurements were recorded on the datasheet.","8rHzSbnDOXjpaitjHXu3bvZcWZBazBT3Z6JypCrOTws=","bLuA32XSwhQ1UEFOt6rO3xlOtBx7Ppbg","legacyData"
"06f44c05-7de1-4cb1-a73a-4c50f83d7011","GUAN_004.basePlot.vst","2016-02-23","vst_GUAN_2016","D04","GUAN","GUAN_004",,"NEON.PLA.D04.GUAN.04463","ok","single shrub","Live",,,3.6,,,,2.5,1.8,,"cylinder",14.5,10,,,"No stem diameter (DBH) measurements were recorded on the datasheet.","8rHzSbnDOXjpaitjHXu3bvZcWZBazBT3Z6JypCrOTws=","bLuA32XSwhQ1UEFOt6rO3xlOtBx7Ppbg","legacyData"
"cbd4e6b6-7a66-4734-b949-cc8fe5738140","GUAN_004.basePlot.vst","2016-02-23","vst_GUAN_2016","D04","GUAN","GUAN_004",,"NEON.PLA.D04.GUAN.04477","ok","small tree","Live",3.1,130,,,,,,,,,,,,,"No height and canopy measurements were recorded on the datasheet.","8rHzSbnDOXjpaitjHXu3bvZcWZBazBT3Z6JypCrOTws=","bLuA32XSwhQ1UEFOt6rO3xlOtBx7Ppbg","legacyData"
"51fc2fc0-13da-4a07-8923-14ac63cd927e","GUAN_004.basePlot.vst","2016-02-23","vst_GUAN_2016","D04","GUAN","GUAN_004",,"NEON.PLA.D04.GUAN.04487","ok","small tree","Live",2.4,130,,,,,,,,,,,,,"No height and canopy measurements were recorded on the datasheet.","8rHzSbnDOXjpaitjHXu3bvZcWZBazBT3Z6JypCrOTws=","bLuA32XSwhQ1UEFOt6rO3xlOtBx7Ppbg","legacyData"
"eda59947-72fb-44e0-90fc-15b67ebee935","GUAN_004.basePlot.vst","2016-02-23","vst_GUAN_2016","D04","GUAN","GUAN_004",,"NEON.PLA.D04.GUAN.04395","ok","small shrub","Live",,,2.0,0.3,,,2.1,1.8,,"ellipsoid or sphere",1.9,10,,,,"8rHzSbnDOXjpaitjHXu3bvZcWZBazBT3Z6JypCrOTws=","bLuA32XSwhQ1UEFOt6rO3xlOtBx7Ppbg","legacyData"
"182c88af-b5e1-4cdc-9496-a9af302f99b3","GUAN_004.basePlot.vst","2016-02-23","vst_GUAN_2016","D04","GUAN","GUAN_004",,"NEON.PLA.D04.GUAN.04466","ok","small tree","Live",2.8,130,,,,,,,,,,,,,"No height and canopy measurements were recorded on the datasheet.","8rHzSbnDOXjpaitjHXu3bvZcWZBazBT3Z6JypCrOTws=","bLuA32XSwhQ1UEFOt6rO3xlOtBx7Ppbg","legacyData"
"26513dd5-ec2f-43a0-a714-e56f23b4ab51","GUAN_004.basePlot.vst","2016-02-23","vst_GUAN_2016","D04","GUAN","GUAN_004",,"NEON.PLA.D04.GUAN.04434","ok","single shrub","Live",,,4.5,,,,3.5,1.7,,"cylinder",3.2,10,,,"No stem diameter (DBH) measurements were recorded on the datasheet.","8rHzSbnDOXjpaitjHXu3bvZcWZBazBT3Z6JypCrOTws=","bLuA32XSwhQ1UEFOt6rO3xlOtBx7Ppbg","legacyData"
"2da060c8-47d2-426a-8ec0-0907acb4f72d","GUAN_004.basePlot.vst","2016-02-23","vst_GUAN_2016","D04","GUAN","GUAN_004",,"NEON.PLA.D04.GUAN.04394","ok","small tree","Live",2.3,130,,,,,,,,,,,,,"No height and canopy measurements were recorded on the datasheet.","8rHzSbnDOXjpaitjHXu3bvZcWZBazBT3Z6JypCrOTws=","bLuA32XSwhQ1UEFOt6rO3xlOtBx7Ppbg","legacyData"
"6047c488-2a51-405e-bf50-29cbb0433ff9","GUAN_004.basePlot.vst","2016-02-23","vst_GUAN_2016","D04","GUAN","GUAN_004",,"NEON.PLA.D04.GUAN.04438","ok","small tree","Live",2.0,130,,,,,,,,,,,,,,"8rHzSbnDOXjpaitjHXu3bvZcWZBazBT3Z6JypCrOTws=","bLuA32XSwhQ1UEFOt6rO3xlOtBx7Ppbg","legacyData"
"5524c144-a46a-4ec4-8873-7ecc81b31c34","GUAN_004.basePlot.vst","2016-02-23","vst_GUAN_2016","D04","GUAN","GUAN_004",,"NEON.PLA.D04.GUAN.04425","ok","small tree","Live",1.5,130,,,,,,,,,,,,,"No height and canopy measurements were recorded on the datasheet.","8rHzSbnDOXjpaitjHXu3bvZcWZBazBT3Z6JypCrOTws=","bLuA32XSwhQ1UEFOt6rO3xlOtBx7Ppbg","legacyData"
"daca86ef-3c56-4db6-a725-51aa81c96e10","GUAN_004.basePlot.vst","2016-02-23","vst_GUAN_2016","D04","GUAN","GUAN_004",,"NEON.PLA.D04.GUAN.04431","ok","single shrub","Live",,,6.0,,,,4.7,1.9,,"inverted cone",3.5,10,0.23,0.16,"No stem diameter (DBH) measurements were recorded on the datasheet.","8rHzSbnDOXjpaitjHXu3bvZcWZBazBT3Z6JypCrOTws=","bLuA32XSwhQ1UEFOt6rO3xlOtBx7Ppbg","legacyData"
"87a5e06a-5a36-472b-a1a5-0a87d8b80ab5","GUAN_004.basePlot.vst","2016-02-23","vst_GUAN_2016","D04","GUAN","GUAN_004",,"NEON.PLA.D04.GUAN.04440","ok","small tree","Live",3.1,130,,,,,,,,,,,,,"height not given in datasheet","8rHzSbnDOXjpaitjHXu3bvZcWZBazBT3Z6JypCrOTws=","bLuA32XSwhQ1UEFOt6rO3xlOtBx7Ppbg","legacyData"
"8e79d2b6-ebc6-4855-94d7-1e9febcb122a","GUAN_004.basePlot.vst","2016-02-23","vst_GUAN_2016","D04","GUAN","GUAN_004",,"NEON.PLA.D04.GUAN.04463","ok","single shrub","Live",3.8,130,3.6,,,,2.5,1.8,,"cylinder",,,,,"DDH not given in datasheet","8rHzSbnDOXjpaitjHXu3bvZcWZBazBT3Z6JypCrOTws=","bLuA32XSwhQ1UEFOt6rO3xlOtBx7Ppbg","legacyData"
"5bb37413-264f-4c2c-86c6-737a45fc6fd2","GUAN_004.basePlot.vst","2016-02-23","vst_GUAN_2016","D04","GUAN","GUAN_004",,"NEON.PLA.D04.GUAN.04434","ok","single shrub","Live",,,4.5,,,,3.5,1.7,,"cylinder",5.2,10,,,"No stem diameter (DBH) measurements were recorded on the datasheet.","8rHzSbnDOXjpaitjHXu3bvZcWZBazBT3Z6JypCrOTws=","bLuA32XSwhQ1UEFOt6rO3xlOtBx7Ppbg","legacyData"
"6b2c7327-c4be-44ad-afc8-737bd4695596","GUAN_004.basePlot.vst","2016-02-23","vst_GUAN_2016","D04","GUAN","GUAN_004",,"NEON.PLA.D04.GUAN.04462","ok","small tree","Live",1.5,130,,,,,,,,,,,,,"No height and canopy measurements were recorded on the datasheet.","8rHzSbnDOXjpaitjHXu3bvZcWZBazBT3Z6JypCrOTws=","bLuA32XSwhQ1UEFOt6rO3xlOtBx7Ppbg","legacyData"
"3ba21a4c-458f-42a0-85cb-db7fc6fb8346","GUAN_004.basePlot.vst","2016-02-23","vst_GUAN_2016","D04","GUAN","GUAN_004",,"NEON.PLA.D04.GUAN.04490","ok","small tree","Standing dead",5.2,130,,,,,,,,,,,,,"height given in the datasheet","8rHzSbnDOXjpaitjHXu3bvZcWZBazBT3Z6JypCrOTws=","bLuA32XSwhQ1UEFOt6rO3xlOtBx7Ppbg","legacyData"
"328e6753-20b7-49f0-8595-808e0165339e","GUAN_004.basePlot.vst","2016-02-23","vst_GUAN_2016","D04","GUAN","GUAN_004",,"NEON.PLA.D04.GUAN.04427","ok","sapling","Live",,,,,,,,,,,1.1,10,,,"Height measurement was not recorded on the datasheet.","8rHzSbnDOXjpaitjHXu3bvZcWZBazBT3Z6JypCrOTws=","bLuA32XSwhQ1UEFOt6rO3xlOtBx7Ppbg","legacyData"
"ad6f66d3-3884-4197-b1a6-42727cd53020","GUAN_004.basePlot.vst","2016-02-23","vst_GUAN_2016","D04","GUAN","GUAN_004",,"NEON.PLA.D04.GUAN.04439","ok","sapling","Live",,,,,,,,,,,2.0,10,,,,"8rHzSbnDOXjpaitjHXu3bvZcWZBazBT3Z6JypCrOTws=","bLuA32XSwhQ1UEFOt6rO3xlOtBx7Ppbg","legacyData"
"f7c43799-d7ba-48b8-b690-2d30074049ec","GUAN_004.basePlot.vst","2016-02-23","vst_GUAN_2016","D04","GUAN","GUAN_004",,"NEON.PLA.D04.GUAN.04430","ok","small tree","Live",2.8,130,,,,,,,,,,,,,"No height and canopy measurements were recorded on the datasheet.","8rHzSbnDOXjpaitjHXu3bvZcWZBazBT3Z6JypCrOTws=","bLuA32XSwhQ1UEFOt6rO3xlOtBx7Ppbg","legacyData"
"256a3592-6e52-4341-9996-82a0feafbc67","GUAN_004.basePlot.vst","2016-02-23","vst_GUAN_2016","D04","GUAN","GUAN_004",,"NEON.PLA.D04.GUAN.04471","ok","sapling","Live",,,,,,,,,,,1.1,10,,,"Height measurement was not recorded on the datasheet.","8rHzSbnDOXjpaitjHXu3bvZcWZBazBT3Z6JypCrOTws=","bLuA32XSwhQ1UEFOt6rO3xlOtBx7Ppbg","legacyData"
"1bb94efb-bc71-45d1-8e19-8bae36834b76","GUAN_004.basePlot.vst","2016-02-23","vst_GUAN_2016","D04","GUAN","GUAN_004",,"NEON.PLA.D04.GUAN.04455","ok","small tree","Live",1.7,130,,,,,,,,,,,,,"No height and canopy measurements were recorded on the datasheet.","8rHzSbnDOXjpaitjHXu3bvZcWZBazBT3Z6JypCrOTws=","bLuA32XSwhQ1UEFOt6rO3xlOtBx7Ppbg","legacyData"
"56de5da1-7a9e-42ca-b993-6775fafcba26","GUAN_004.basePlot.vst","2016-02-23","vst_GUAN_2016","D04","GUAN","GUAN_004",,"NEON.PLA.D04.GUAN.04451","ok","small tree","Live",3.4,130,,,,,,,,,,,,,"height not given in datasheet","8rHzSbnDOXjpaitjHXu3bvZcWZBazBT3Z6JypCrOTws=","bLuA32XSwhQ1UEFOt6rO3xlOtBx7Ppbg","legacyData"
"2c6b4b57-4c06-4ddd-8b79-c2422136e320","GUAN_004.basePlot.vst","2016-02-23","vst_GUAN_2016","D04","GUAN","GUAN_004",,"NEON.PLA.D04.GUAN.04489","ok","small tree","Live",4.5,130,,,,,,,,,,,,,"height not given in datasheet","8rHzSbnDOXjpaitjHXu3bvZcWZBazBT3Z6JypCrOTws=","bLuA32XSwhQ1UEFOt6rO3xlOtBx7Ppbg","legacyData"
"52c08fed-625e-4054-9eb6-018cb79cec68","GUAN_004.basePlot.vst","2016-02-23","vst_GUAN_2016","D04","GUAN","GUAN_004",,"NEON.PLA.D04.GUAN.04452","ok","small tree","Live",1.7,130,,,,,,,,,,,,,"height not given in datasheet","8rHzSbnDOXjpaitjHXu3bvZcWZBazBT3Z6JypCrOTws=","bLuA32XSwhQ1UEFOt6rO3xlOtBx7Ppbg","legacyData"
"47bff447-b459-4947-b0ab-86e33807299f","GUAN_004.basePlot.vst","2016-02-23","vst_GUAN_2016","D04","GUAN","GUAN_004",,"NEON.PLA.D04.GUAN.04445","ok","sapling","Live",,,,,,,,,,,1.4,10,,,"height not given in datasheet","8rHzSbnDOXjpaitjHXu3bvZcWZBazBT3Z6JypCrOTws=","bLuA32XSwhQ1UEFOt6rO3xlOtBx7Ppbg","legacyData"
"33d9aa7c-8ca2-42de-9f6f-4f8e3969c548","GUAN_004.basePlot.vst","2016-02-23","vst_GUAN_2016","D04","GUAN","GUAN_004",,"NEON.PLA.D04.GUAN.04441","ok","sapling","Live",,,,,,,,,,,2.7,10,,,"height no given in datasheet","8rHzSbnDOXjpaitjHXu3bvZcWZBazBT3Z6JypCrOTws=","bLuA32XSwhQ1UEFOt6rO3xlOtBx7Ppbg","legacyData"
"0e6777f9-42c9-4f44-b80e-619079e278f6","GUAN_004.basePlot.vst","2016-02-23","vst_GUAN_2016","D04","GUAN","GUAN_004",,"NEON.PLA.D04.GUAN.04468","ok","small tree","Live",1.3,130,,,,,,,,,,,,,"height not given in datasheet","8rHzSbnDOXjpaitjHXu3bvZcWZBazBT3Z6JypCrOTws=","bLuA32XSwhQ1UEFOt6rO3xlOtBx7Ppbg","legacyData"
"25873a52-395a-4e34-b94e-5bd3b15ae160","GUAN_004.basePlot.vst","2016-02-23","vst_GUAN_2016","D04","GUAN","GUAN_004",,"NEON.PLA.D04.GUAN.04455","ok","small tree","Live",1.8,130,,,,,,,,,,,,,,"8rHzSbnDOXjpaitjHXu3bvZcWZBazBT3Z6JypCrOTws=","bLuA32XSwhQ1UEFOt6rO3xlOtBx7Ppbg","legacyData"
"bdcf7c9e-618d-4ddb-baed-16540960f5f3","GUAN_004.basePlot.vst","2016-02-23","vst_GUAN_2016","D04","GUAN","GUAN_004",,"NEON.PLA.D04.GUAN.04428","ok","small tree","Live",2.4,130,,,,,,,,,,,,,"No height and canopy measurements were recorded on the datasheet.","8rHzSbnDOXjpaitjHXu3bvZcWZBazBT3Z6JypCrOTws=","bLuA32XSwhQ1UEFOt6rO3xlOtBx7Ppbg","legacyData"
"3d237103-7e48-4347-9852-5ea7508e1b63","GUAN_004.basePlot.vst","2016-02-23","vst_GUAN_2016","D04","GUAN","GUAN_004",,"NEON.PLA.D04.GUAN.04429","ok","sapling","Live",,,,,,,,,,,2.6,10,,,"Height measurement was not recorded on the datasheet.","8rHzSbnDOXjpaitjHXu3bvZcWZBazBT3Z6JypCrOTws=","bLuA32XSwhQ1UEFOt6rO3xlOtBx7Ppbg","legacyData"
"28590778-29d9-4379-a5ba-ffa45752c308","GUAN_004.basePlot.vst","2016-02-23","vst_GUAN_2016","D04","GUAN","GUAN_004",,"NEON.PLA.D04.GUAN.04446","ok","small tree","Live",2.5,130,,,,,,,,,,,,,"height not given in datasheet","8rHzSbnDOXjpaitjHXu3bvZcWZBazBT3Z6JypCrOTws=","bLuA32XSwhQ1UEFOt6rO3xlOtBx7Ppbg","legacyData"
"9bc45621-5c81-4671-a162-bbbe3ec5fea1","GUAN_004.basePlot.vst","2016-02-23","vst_GUAN_2016","D04","GUAN","GUAN_004",,"NEON.PLA.D04.GUAN.04448","ok","small tree","Live",1.2,130,,,,,,,,,,,,,"height not given in datasheet","8rHzSbnDOXjpaitjHXu3bvZcWZBazBT3Z6JypCrOTws=","bLuA32XSwhQ1UEFOt6rO3xlOtBx7Ppbg","legacyData"
"10c9be54-f566-4b5f-a93a-284651a8a22c","GUAN_004.basePlot.vst","2016-02-23","vst_GUAN_2016","D04","GUAN","GUAN_004",,"NEON.PLA.D04.GUAN.04457","ok","small tree","Live",1.6,130,,,,,,,,,,,,,"No height and canopy measurements were recorded on the datasheet.","8rHzSbnDOXjpaitjHXu3bvZcWZBazBT3Z6JypCrOTws=","bLuA32XSwhQ1UEFOt6rO3xlOtBx7Ppbg","legacyData"
"f59b1585-ccad-4ec0-87a3-0cefada7a283","GUAN_004.basePlot.vst","2016-02-23","vst_GUAN_2016","D04","GUAN","GUAN_004",,"NEON.PLA.D04.GUAN.04431","ok","single shrub","Live",,,6.0,,,,4.7,1.9,,"inverted cone",2.0,10,0.23,0.16,"No stem diameter (DBH) measurements were recorded on the datasheet.","8rHzSbnDOXjpaitjHXu3bvZcWZBazBT3Z6JypCrOTws=","bLuA32XSwhQ1UEFOt6rO3xlOtBx7Ppbg","legacyData"
"9aabd68e-399c-4f8b-ac98-450a4f66d69b","GUAN_004.basePlot.vst","2016-02-23","vst_GUAN_2016","D04","GUAN","GUAN_004",,"NEON.PLA.D04.GUAN.04393","ok","small tree","Live",3.0,130,,,,,,,,,,,,,"No height and canopy measurements were recorded on the datasheet.","8rHzSbnDOXjpaitjHXu3bvZcWZBazBT3Z6JypCrOTws=","bLuA32XSwhQ1UEFOt6rO3xlOtBx7Ppbg","legacyData"
"80f4db92-5275-48d4-8a4b-802e16174fff","GUAN_004.basePlot.vst","2016-02-23","vst_GUAN_2016","D04","GUAN","GUAN_004",,"NEON.PLA.D04.GUAN.04444","ok","sapling","Live",,,,,,,,,,,2.3,10,,,"height not given in datasheet","8rHzSbnDOXjpaitjHXu3bvZcWZBazBT3Z6JypCrOTws=","bLuA32XSwhQ1UEFOt6rO3xlOtBx7Ppbg","legacyData"
"7f500ea4-ad21-42f7-9bd2-c5bd925de992","GUAN_004.basePlot.vst","2016-02-23","vst_GUAN_2016","D04","GUAN","GUAN_004",,"NEON.PLA.D04.GUAN.04434","ok","single shrub","Live",,,4.5,,,,3.5,1.7,,"cylinder",1.3,10,,,"No stem diameter (DBH) measurements were recorded on the datasheet.","8rHzSbnDOXjpaitjHXu3bvZcWZBazBT3Z6JypCrOTws=","bLuA32XSwhQ1UEFOt6rO3xlOtBx7Ppbg","legacyData"
"ce98e669-2c95-4e2d-8f7f-efd6f9305da1","GUAN_004.basePlot.vst","2016-02-23","vst_GUAN_2016","D04","GUAN","GUAN_004",,"NEON.PLA.D04.GUAN.04434","ok","single shrub","Live",,,4.5,,,,3.5,1.7,,"cylinder",6.5,10,,,"No stem diameter (DBH) measurements were recorded on the datasheet.","8rHzSbnDOXjpaitjHXu3bvZcWZBazBT3Z6JypCrOTws=","bLuA32XSwhQ1UEFOt6rO3xlOtBx7Ppbg","legacyData"
"7485bef4-bd7a-4ce9-8159-6da72d53232c","GUAN_004.basePlot.vst","2016-02-23","vst_GUAN_2016","D04","GUAN","GUAN_004",,"NEON.PLA.D04.GUAN.04442","ok","sapling","Live",,,,,,,,,,,1.5,10,,,,"8rHzSbnDOXjpaitjHXu3bvZcWZBazBT3Z6JypCrOTws=","bLuA32XSwhQ1UEFOt6rO3xlOtBx7Ppbg","legacyData"
"a574dbf9-ea44-42cd-8a58-ce696506eec3","GUAN_004.basePlot.vst","2016-02-23","vst_GUAN_2016","D04","GUAN","GUAN_004",,"NEON.PLA.D04.GUAN.04431","ok","single shrub","Live",,,6.0,,,,4.7,1.9,,"inverted cone",2.7,10,0.23,0.16,"No stem diameter (DBH) measurements were recorded on the datasheet.","8rHzSbnDOXjpaitjHXu3bvZcWZBazBT3Z6JypCrOTws=","bLuA32XSwhQ1UEFOt6rO3xlOtBx7Ppbg","legacyData"
"cf238d4b-5de9-4544-91cb-f22f4bb61b04","GUAN_004.basePlot.vst","2016-02-23","vst_GUAN_2016","D04","GUAN","GUAN_004",,"NEON.PLA.D04.GUAN.04450","ok","small tree","Standing dead",7.1,130,,,,,,,,,,,,,"height not given in datasheet","8rHzSbnDOXjpaitjHXu3bvZcWZBazBT3Z6JypCrOTws=","bLuA32XSwhQ1UEFOt6rO3xlOtBx7Ppbg","legacyData"
"69583d96-cfd0-4ed3-ab93-5c6eb5945695","GUAN_004.basePlot.vst","2016-02-23","vst_GUAN_2016","D04","GUAN","GUAN_004",,"NEON.PLA.D04.GUAN.04433","ok","single shrub","Live",2.8,130,6.0,,,,4.7,1.9,,"inverted cone",,,0.23,0.16,"No basal stem diameter measurements were recorded on the datasheet.","8rHzSbnDOXjpaitjHXu3bvZcWZBazBT3Z6JypCrOTws=","bLuA32XSwhQ1UEFOt6rO3xlOtBx7Ppbg","legacyData"
"33c15411-3b7b-4859-897d-4972b2e3b012","GUAN_004.basePlot.vst","2016-02-23","vst_GUAN_2016","D04","GUAN","GUAN_004",,"NEON.PLA.D04.GUAN.04443","ok","sapling","Live",,,,,,,,,,,1.3,10,,,"height not given in datasheet","8rHzSbnDOXjpaitjHXu3bvZcWZBazBT3Z6JypCrOTws=","bLuA32XSwhQ1UEFOt6rO3xlOtBx7Ppbg","legacyData"
"baddb6b1-a540-4c41-8b9c-4c5324f2e4ef","GUAN_004.basePlot.vst","2016-02-23","vst_GUAN_2016","D04","GUAN","GUAN_004",,"NEON.PLA.D04.GUAN.04475","ok","sapling","Live",,,,,,,,,,,2.8,10,,,"Height measurement was not recorded on the datasheet.","8rHzSbnDOXjpaitjHXu3bvZcWZBazBT3Z6JypCrOTws=","bLuA32XSwhQ1UEFOt6rO3xlOtBx7Ppbg","legacyData"
"d233cb49-3264-418e-b596-e33e6da3a0f2","GUAN_004.basePlot.vst","2016-02-23","vst_GUAN_2016","D04","GUAN","GUAN_004",,"NEON.PLA.D04.GUAN.04431","ok","single shrub","Live",,,6.0,,,,4.7,1.9,,"inverted cone",2.5,10,0.23,0.16,"No stem diameter (DBH) measurements were recorded on the datasheet.","8rHzSbnDOXjpaitjHXu3bvZcWZBazBT3Z6JypCrOTws=","bLuA32XSwhQ1UEFOt6rO3xlOtBx7Ppbg","legacyData"
"2fa56f8b-5fa8-44e9-9f88-7d60fea288fb","GUAN_004.basePlot.vst","2016-02-23","vst_GUAN_2016","D04","GUAN","GUAN_004",,"NEON.PLA.D04.GUAN.04426","ok","small tree","Live",1.9,130,,,,,,,,,,,,,"No height and canopy measurements were recorded on the datasheet.","8rHzSbnDOXjpaitjHXu3bvZcWZBazBT3Z6JypCrOTws=","bLuA32XSwhQ1UEFOt6rO3xlOtBx7Ppbg","legacyData"
"c3f4ff21-4206-4f20-abe7-abb9590e5f89","GUAN_004.basePlot.vst","2016-02-23","vst_GUAN_2016","D04","GUAN","GUAN_004",,"NEON.PLA.D04.GUAN.04424","ok","small tree","Live",2.2,130,,,,,,,,,,,,,"No height and canopy measurements were recorded on the datasheet.","8rHzSbnDOXjpaitjHXu3bvZcWZBazBT3Z6JypCrOTws=","bLuA32XSwhQ1UEFOt6rO3xlOtBx7Ppbg","legacyData"
"508467ce-b68e-49f1-8e3b-c435d28a30b4","GUAN_004.basePlot.vst","2016-02-23","vst_GUAN_2016","D04","GUAN","GUAN_004",,"NEON.PLA.D04.GUAN.04435","ok","small shrub","Live",,,4.0,,,,1.7,1.3,,"inverted cone",2.3,10,0.09,0.07,,"8rHzSbnDOXjpaitjHXu3bvZcWZBazBT3Z6JypCrOTws=","bLuA32XSwhQ1UEFOt6rO3xlOtBx7Ppbg","legacyData"
"9b446e36-97f1-4aff-9c89-8cd193d07d0c","GUAN_004.basePlot.vst","2016-02-23","vst_GUAN_2016","D04","GUAN","GUAN_004",,"NEON.PLA.D04.GUAN.04396","ok","sapling","Live",,,,,,,,,,,1.5,15,,,"Height measurement was not recorded on the datasheet.","8rHzSbnDOXjpaitjHXu3bvZcWZBazBT3Z6JypCrOTws=","bLuA32XSwhQ1UEFOt6rO3xlOtBx7Ppbg","legacyData"
"2477b1c9-e007-46c1-8cd3-348341be189d","GUAN_004.basePlot.vst","2016-02-23","vst_GUAN_2016","D04","GUAN","GUAN_004",,"NEON.PLA.D04.GUAN.04106","ok","small tree","Live",2.5,130,,,,,,,,,,,,,"height not given in datasheet","8rHzSbnDOXjpaitjHXu3bvZcWZBazBT3Z6JypCrOTws=","bLuA32XSwhQ1UEFOt6rO3xlOtBx7Ppbg","legacyData"
"116c6eee-1d1d-46f4-9437-8970dcfe6b7b","GUAN_004.basePlot.vst","2016-02-23","vst_GUAN_2016","D04","GUAN","GUAN_004",,"NEON.PLA.D04.GUAN.04459","ok","sapling","Live",,,,,,,,,,,1.0,10,,,"Height measurement was not recorded on the datasheet.","8rHzSbnDOXjpaitjHXu3bvZcWZBazBT3Z6JypCrOTws=","bLuA32XSwhQ1UEFOt6rO3xlOtBx7Ppbg","legacyData"
"fecdada7-15b2-4234-9fe7-78aebf190ab8","GUAN_004.basePlot.vst","2016-02-23","vst_GUAN_2016","D04","GUAN","GUAN_004",,"NEON.PLA.D04.GUAN.04447","ok","sapling","Live",,,,,,,,,,,2.0,10,,,"height not given in datasheet","8rHzSbnDOXjpaitjHXu3bvZcWZBazBT3Z6JypCrOTws=","bLuA32XSwhQ1UEFOt6rO3xlOtBx7Ppbg","legacyData"
"145fef71-9510-492c-8092-988e413eebcf","GUAN_004.basePlot.vst","2016-02-23","vst_GUAN_2016","D04","GUAN","GUAN_004",,"NEON.PLA.D04.GUAN.04476","ok","sapling","Live",,,,,,,,,,,1.2,10,,,"height not given in datasheet","8rHzSbnDOXjpaitjHXu3bvZcWZBazBT3Z6JypCrOTws=","bLuA32XSwhQ1UEFOt6rO3xlOtBx7Ppbg","legacyData"
"7d81ff98-67a5-4374-90a2-85e1c16eb5b8","GUAN_004.basePlot.vst","2016-02-23","vst_GUAN_2016","D04","GUAN","GUAN_004",,"NEON.PLA.D04.GUAN.04488","ok","small shrub","Live",,,0.9,,,,1.5,1.4,,"half-sphere",1.2,10,,,,"8rHzSbnDOXjpaitjHXu3bvZcWZBazBT3Z6JypCrOTws=","bLuA32XSwhQ1UEFOt6rO3xlOtBx7Ppbg","legacyData"
"3692524e-af56-4efb-946e-9eae8cf1cc13","GUAN_004.basePlot.vst","2016-02-23","vst_GUAN_2016","D04","GUAN","GUAN_004",,"NEON.PLA.D04.GUAN.04423","ok","small tree","Live",3.1,130,,,,,,,,,,,,,"No height and canopy measurements were recorded on the datasheet.","8rHzSbnDOXjpaitjHXu3bvZcWZBazBT3Z6JypCrOTws=","bLuA32XSwhQ1UEFOt6rO3xlOtBx7Ppbg","legacyData"
"45a6f45d-7d29-4064-abd3-52431ddf6707","GUAN_004.basePlot.vst","2016-02-23","vst_GUAN_2016","D04","GUAN","GUAN_004",,"NEON.PLA.D04.GUAN.04460","ok","small tree","Live",1.4,130,,,,,,,,,,,,,"height not given in datasheet","8rHzSbnDOXjpaitjHXu3bvZcWZBazBT3Z6JypCrOTws=","bLuA32XSwhQ1UEFOt6rO3xlOtBx7Ppbg","legacyData"
"52d95aaf-b38b-4beb-b65f-c046eb0df2c2","GUAN_004.basePlot.vst","2016-02-23","vst_GUAN_2016","D04","GUAN","GUAN_004",,"NEON.PLA.D04.GUAN.04419","ok","small tree","Live",2.2,130,,,,,,,,,,,,,"No height and canopy measurements were recorded on the datasheet.","8rHzSbnDOXjpaitjHXu3bvZcWZBazBT3Z6JypCrOTws=","bLuA32XSwhQ1UEFOt6rO3xlOtBx7Ppbg","legacyData"
"31afcbd9-02ea-424c-9188-37acf5ec8921","GUAN_004.basePlot.vst","2016-02-23","vst_GUAN_2016","D04","GUAN","GUAN_004",,"NEON.PLA.D04.GUAN.04453","ok","small tree","Standing dead",3.6,130,,,,,,,,,,,,,"height not given in datasheet","8rHzSbnDOXjpaitjHXu3bvZcWZBazBT3Z6JypCrOTws=","bLuA32XSwhQ1UEFOt6rO3xlOtBx7Ppbg","legacyData"
"3c9c25d1-a437-4cdd-8a99-66e6a3c216e8","GUAN_004.basePlot.vst","2016-02-24","vst_GUAN_2016","D04","GUAN","GUAN_004",,"NEON.PLA.D04.GUAN.04385","ok","small tree","Live",1.6,130,,,,,,,,,,,,,"Height and canopy measurements were not recorded on the datasheet.","8rHzSbnDOXjpaitjHXu3bvZcWZBazBT3Z6JypCrOTws=","GpwpAYpsrfUvg3+I3K3jEJjzqQmzqOEvAG0zyeYqDlc=","legacyData"
"b0b2e6ba-e454-49f8-9212-a35339d55619","GUAN_004.basePlot.vst","2016-02-24","vst_GUAN_2016","D04","GUAN","GUAN_004",,"NEON.PLA.D04.GUAN.04412","ok","small tree","Live",1.0,130,,,,,,,,,,,,,"Height -canopy- stemBasalDiam measurements were not recorded on datasheet","8rHzSbnDOXjpaitjHXu3bvZcWZBazBT3Z6JypCrOTws=","GpwpAYpsrfUvg3+I3K3jEJjzqQmzqOEvAG0zyeYqDlc=","legacyData"
"34674be4-925e-4197-9e81-e22d3e9be2b3","GUAN_004.basePlot.vst","2016-02-24","vst_GUAN_2016","D04","GUAN","GUAN_004",,"NEON.PLA.D04.GUAN.04415","ok","small tree","Live",2.1,130,,,,,,,,,,,,,"Height and canopy measurements were not recorded on the datasheet.","8rHzSbnDOXjpaitjHXu3bvZcWZBazBT3Z6JypCrOTws=","GpwpAYpsrfUvg3+I3K3jEJjzqQmzqOEvAG0zyeYqDlc=","legacyData"
"000b3d39-641b-4551-9629-88fe5f461f75","GUAN_004.basePlot.vst","2016-02-24","vst_GUAN_2016","D04","GUAN","GUAN_004",,"NEON.PLA.D04.GUAN.04377","ok","sapling","Live",,,,,,,,,,,1.2,10,,,"Height measurements not recorded on datasheet","8rHzSbnDOXjpaitjHXu3bvZcWZBazBT3Z6JypCrOTws=","GpwpAYpsrfUvg3+I3K3jEJjzqQmzqOEvAG0zyeYqDlc=","legacyData"
"6db7d8be-4935-4e25-8213-185707df66d0","GUAN_004.basePlot.vst","2016-02-24","vst_GUAN_2016","D04","GUAN","GUAN_004",,"NEON.PLA.D04.GUAN.04778","ok","single shrub","Live",,,2.8,,,,2.8,2.7,,"inverted cone",2.6,10,0.20,0.09,"Stem diameter not recorded on datasheet","8rHzSbnDOXjpaitjHXu3bvZcWZBazBT3Z6JypCrOTws=","GpwpAYpsrfUvg3+I3K3jEJjzqQmzqOEvAG0zyeYqDlc=","legacyData"
"7a305b3c-fd65-41ce-b013-f6842b8dd164","GUAN_004.basePlot.vst","2016-02-24","vst_GUAN_2016","D04","GUAN","GUAN_004",,"NEON.PLA.D04.GUAN.04436","ok","single shrub","Live",,,4.5,,,,1.1,0.9,,"cylinder",2.3,10,,,"stemDiam measurements not recorded on datasheet","8rHzSbnDOXjpaitjHXu3bvZcWZBazBT3Z6JypCrOTws=","GpwpAYpsrfUvg3+I3K3jEJjzqQmzqOEvAG0zyeYqDlc=","legacyData"
"7e40a873-df62-4a8d-9208-1ea4a427a0e3","GUAN_004.basePlot.vst","2016-02-24","vst_GUAN_2016","D04","GUAN","GUAN_004",,"NEON.PLA.D04.GUAN.04408","ok","single shrub","Live",4.0,130,3.7,,,,0.9,0.8,,"cylinder",,,,,"Basal stem diameter not recorded on datasheet","8rHzSbnDOXjpaitjHXu3bvZcWZBazBT3Z6JypCrOTws=","GpwpAYpsrfUvg3+I3K3jEJjzqQmzqOEvAG0zyeYqDlc=","legacyData"
"665c5edb-d1bc-4cc1-857d-43f203ac5c90","GUAN_004.basePlot.vst","2016-02-24","vst_GUAN_2016","D04","GUAN","GUAN_004",,"NEON.PLA.D04.GUAN.04403","ok","single shrub","Live",1.9,130,2.4,,,,0.4,0.3,,"cylinder",,,,,"Basal stem diameter measurement was not recorded on the datasheet.","8rHzSbnDOXjpaitjHXu3bvZcWZBazBT3Z6JypCrOTws=","GpwpAYpsrfUvg3+I3K3jEJjzqQmzqOEvAG0zyeYqDlc=","legacyData"
"005cb5f3-afed-4a07-b77f-9be71a17451e","GUAN_004.basePlot.vst","2016-02-24","vst_GUAN_2016","D04","GUAN","GUAN_004",,"NEON.PLA.D04.GUAN.04413","ok","small shrub","Live",,,,,,,,,,,2.7,10,,,"Shape-height-canopy-stemDiam measurements not recorded on datasheet","8rHzSbnDOXjpaitjHXu3bvZcWZBazBT3Z6JypCrOTws=","GpwpAYpsrfUvg3+I3K3jEJjzqQmzqOEvAG0zyeYqDlc=","legacyData"
"fec5bb88-4dab-48d8-a0e8-ed8239c8ab3d","GUAN_004.basePlot.vst","2016-02-24","vst_GUAN_2016","D04","GUAN","GUAN_004",,"NEON.PLA.D04.GUAN.04408","ok","single shrub","Live",,,3.7,,,,0.9,0.8,,"cylinder",8.4,10,,,"Stem diameter not recorded on datasheet","8rHzSbnDOXjpaitjHXu3bvZcWZBazBT3Z6JypCrOTws=","GpwpAYpsrfUvg3+I3K3jEJjzqQmzqOEvAG0zyeYqDlc=","legacyData"
"65a7eae4-b275-4be5-8dce-b070d70ef865","GUAN_004.basePlot.vst","2016-02-24","vst_GUAN_2016","D04","GUAN","GUAN_004",,"NEON.PLA.D04.GUAN.04366","ok","liana","Live",1.3,130,,,,,,,,,,,,,,"8rHzSbnDOXjpaitjHXu3bvZcWZBazBT3Z6JypCrOTws=","GpwpAYpsrfUvg3+I3K3jEJjzqQmzqOEvAG0zyeYqDlc=","legacyData"
"a201ba28-a021-409a-b9b2-c3f20dcde452","GUAN_004.basePlot.vst","2016-02-24","vst_GUAN_2016","D04","GUAN","GUAN_004",,"NEON.PLA.D04.GUAN.04401","ok","single shrub","Live",,,2.6,,,,0.8,0.5,,"cylinder",2.2,10,,,"Stem diameter (DBH) measurement was not recorded on the datasheet.","8rHzSbnDOXjpaitjHXu3bvZcWZBazBT3Z6JypCrOTws=","GpwpAYpsrfUvg3+I3K3jEJjzqQmzqOEvAG0zyeYqDlc=","legacyData"
"babf4374-da83-4156-83c9-05e0f31e212e","GUAN_004.basePlot.vst","2016-02-24","vst_GUAN_2016","D04","GUAN","GUAN_004",,"NEON.PLA.D04.GUAN.04382","ok","small tree","Standing dead",3.2,130,,,,,,,,,,,,,"Height-canopy-stemBasalDiam measurements not recorded on datasheet","8rHzSbnDOXjpaitjHXu3bvZcWZBazBT3Z6JypCrOTws=","GpwpAYpsrfUvg3+I3K3jEJjzqQmzqOEvAG0zyeYqDlc=","legacyData"
"c1d8aa88-8e19-4ca4-91de-8306d11c984e","GUAN_004.basePlot.vst","2016-02-24","vst_GUAN_2016","D04","GUAN","GUAN_004",,"NEON.PLA.D04.GUAN.04432","ok","small shrub","Live",,,2.0,,,,3.5,1.7,,"half-sphere",1.1,10,,,,"8rHzSbnDOXjpaitjHXu3bvZcWZBazBT3Z6JypCrOTws=","GpwpAYpsrfUvg3+I3K3jEJjzqQmzqOEvAG0zyeYqDlc=","legacyData"
"6d97ad77-c918-410d-b74a-66ff77381c99","GUAN_004.basePlot.vst","2016-02-24","vst_GUAN_2016","D04","GUAN","GUAN_004",,"NEON.PLA.D04.GUAN.04365","ok","liana","Live",1.2,130,,,,,,,,,,,,,,"8rHzSbnDOXjpaitjHXu3bvZcWZBazBT3Z6JypCrOTws=","GpwpAYpsrfUvg3+I3K3jEJjzqQmzqOEvAG0zyeYqDlc=","legacyData"
"f0e44d44-fc7b-48bd-92d9-9c34c5ac23bd","GUAN_004.basePlot.vst","2016-02-24","vst_GUAN_2016","D04","GUAN","GUAN_004",,"NEON.PLA.D04.GUAN.04351","ok","single shrub","Live",3.8,135,2.9,,,,1.8,1.6,,"cylinder",,,,,"basalStem Diam measurement not recorded","8rHzSbnDOXjpaitjHXu3bvZcWZBazBT3Z6JypCrOTws=","GpwpAYpsrfUvg3+I3K3jEJjzqQmzqOEvAG0zyeYqDlc=","legacyData"
"750a5180-75ec-440c-b667-1f242dc032d4","GUAN_004.basePlot.vst","2016-02-24","vst_GUAN_2016","D04","GUAN","GUAN_004",,"NEON.PLA.D04.GUAN.04351","ok","single shrub","Live",,,2.9,,,,1.8,1.6,,"cylinder",5.0,10,,,"stemDiam measurements not recorded on datasheet","8rHzSbnDOXjpaitjHXu3bvZcWZBazBT3Z6JypCrOTws=","GpwpAYpsrfUvg3+I3K3jEJjzqQmzqOEvAG0zyeYqDlc=","legacyData"
"c34d7dcc-0f66-49dc-9f16-8703287fea32","GUAN_004.basePlot.vst","2016-02-24","vst_GUAN_2016","D04","GUAN","GUAN_004",,"NEON.PLA.D04.GUAN.04417","ok","small shrub","Live",,,1.7,,,,2.4,2.1,,"half-sphere",1.4,10,,,,"8rHzSbnDOXjpaitjHXu3bvZcWZBazBT3Z6JypCrOTws=","GpwpAYpsrfUvg3+I3K3jEJjzqQmzqOEvAG0zyeYqDlc=","legacyData"
"5b707c11-e847-4a96-b1bf-a69786ca5a05","GUAN_004.basePlot.vst","2016-02-24","vst_GUAN_2016","D04","GUAN","GUAN_004",,"NEON.PLA.D04.GUAN.04420","ok","single shrub","Live",1.7,130,3.7,,,,2.0,0.7,,"cylinder",,,,,"Basal stem diameter measurement was not recorded on the datasheet.","8rHzSbnDOXjpaitjHXu3bvZcWZBazBT3Z6JypCrOTws=","GpwpAYpsrfUvg3+I3K3jEJjzqQmzqOEvAG0zyeYqDlc=","legacyData"
"63196b30-377c-4596-a48f-c2120ee64d90","GUAN_004.basePlot.vst","2016-02-24","vst_GUAN_2016","D04","GUAN","GUAN_004",,"NEON.PLA.D04.GUAN.04383","ok","small tree","Standing dead",7.8,130,,,,,,,,,,,,,"Height and canopy measurements were not recorded on the datasheet.","8rHzSbnDOXjpaitjHXu3bvZcWZBazBT3Z6JypCrOTws=","GpwpAYpsrfUvg3+I3K3jEJjzqQmzqOEvAG0zyeYqDlc=","legacyData"
"e01fe4a1-db19-41ef-b786-68d14dade679","GUAN_004.basePlot.vst","2016-02-24","vst_GUAN_2016","D04","GUAN","GUAN_004",,"NEON.PLA.D04.GUAN.04380","ok","small tree","Live",1.2,130,,,,,,,,,,,,,"Height-canopy-stemBasalDiam measurements not recorded on datasheet","8rHzSbnDOXjpaitjHXu3bvZcWZBazBT3Z6JypCrOTws=","GpwpAYpsrfUvg3+I3K3jEJjzqQmzqOEvAG0zyeYqDlc=","legacyData"
"e9c5a629-096a-4b98-82ce-6f33d0c65e5d","GUAN_004.basePlot.vst","2016-02-24","vst_GUAN_2016","D04","GUAN","GUAN_004",,"NEON.PLA.D04.GUAN.04432","ok","small shrub","Live",,,2.0,,,,3.5,1.7,,"half-sphere",1.0,10,,,,"8rHzSbnDOXjpaitjHXu3bvZcWZBazBT3Z6JypCrOTws=","GpwpAYpsrfUvg3+I3K3jEJjzqQmzqOEvAG0zyeYqDlc=","legacyData"
"f108665b-4894-4e35-953b-5367b176ec99","GUAN_004.basePlot.vst","2016-02-24","vst_GUAN_2016","D04","GUAN","GUAN_004",,"NEON.PLA.D04.GUAN.04422","ok","small tree","Live",1.2,130,,,,,,,,,,,,,"Height-canopy-stemBasalDiam measurements not recorded on datasheet","8rHzSbnDOXjpaitjHXu3bvZcWZBazBT3Z6JypCrOTws=","GpwpAYpsrfUvg3+I3K3jEJjzqQmzqOEvAG0zyeYqDlc=","legacyData"
"cfd76051-b0c9-4416-8a6d-162e1a82f42b","GUAN_004.basePlot.vst","2016-02-24","vst_GUAN_2016","D04","GUAN","GUAN_004",,"NEON.PLA.D04.GUAN.04437","ok","single shrub","Live",,,2.3,,,,1.2,1.1,,"cylinder",3.6,10,,,"StemDiam measurements not recorded on datasheet","8rHzSbnDOXjpaitjHXu3bvZcWZBazBT3Z6JypCrOTws=","GpwpAYpsrfUvg3+I3K3jEJjzqQmzqOEvAG0zyeYqDlc=","legacyData"
"e0333c22-726c-405c-b0b6-880e8bfac6d3","GUAN_004.basePlot.vst","2016-02-24","vst_GUAN_2016","D04","GUAN","GUAN_004",,"NEON.PLA.D04.GUAN.04416","ok","small tree","Live",2.0,130,,,,,,,,,,,,,"Height-canopy-stemBasalDiam measurements not recorded on datasheet","8rHzSbnDOXjpaitjHXu3bvZcWZBazBT3Z6JypCrOTws=","GpwpAYpsrfUvg3+I3K3jEJjzqQmzqOEvAG0zyeYqDlc=","legacyData"
"1069fe23-407f-4c67-ac8e-cd15c8711400","GUAN_004.basePlot.vst","2016-02-24","vst_GUAN_2016","D04","GUAN","GUAN_004",,"NEON.PLA.D04.GUAN.04414","ok","single shrub","Live",1.9,130,4.0,,,,1.1,1.0,,"cylinder",,,,,"StemBasalDiam measurements not recorded on datasheet","8rHzSbnDOXjpaitjHXu3bvZcWZBazBT3Z6JypCrOTws=","GpwpAYpsrfUvg3+I3K3jEJjzqQmzqOEvAG0zyeYqDlc=","legacyData"
"f30d70d5-5982-44c5-a666-8aeb6f0794f7","GUAN_004.basePlot.vst","2016-02-24","vst_GUAN_2016","D04","GUAN","GUAN_004",,"NEON.PLA.D04.GUAN.04386","ok","small shrub","Live",,,1.4,,,,1.9,1.5,,"half-sphere",1.0,10,1.00,,,"8rHzSbnDOXjpaitjHXu3bvZcWZBazBT3Z6JypCrOTws=","GpwpAYpsrfUvg3+I3K3jEJjzqQmzqOEvAG0zyeYqDlc=","legacyData"
"ccf8be37-8c0f-4355-af40-2ead24297a23","GUAN_004.basePlot.vst","2016-02-24","vst_GUAN_2016","D04","GUAN","GUAN_004",,"NEON.PLA.D04.GUAN.04367","ok","sapling","Live",,,,,,,,,,,1.1,10,,,"Height measurements not given","8rHzSbnDOXjpaitjHXu3bvZcWZBazBT3Z6JypCrOTws=","GpwpAYpsrfUvg3+I3K3jEJjzqQmzqOEvAG0zyeYqDlc=","legacyData"
"bbeabb8d-7d9e-48f7-b879-0d589a936963","GUAN_004.basePlot.vst","2016-02-24","vst_GUAN_2016","D04","GUAN","GUAN_004",,"NEON.PLA.D04.GUAN.04421","ok","small tree","Live",1.7,130,,,,,,,,,,,,,"Height-canopy-stemBasalDiam measurements not recorded on datasheet","8rHzSbnDOXjpaitjHXu3bvZcWZBazBT3Z6JypCrOTws=","GpwpAYpsrfUvg3+I3K3jEJjzqQmzqOEvAG0zyeYqDlc=","legacyData"
"9b2e9142-c3db-4b77-9d88-5c926265395d","GUAN_004.basePlot.vst","2016-02-24","vst_GUAN_2016","D04","GUAN","GUAN_004",,"NEON.PLA.D04.GUAN.04401","ok","single shrub","Live",1.1,130,2.6,,,,0.8,0.5,,"cylinder",,,,,"Basal stem diameter measurement was not recorded on the datasheet.","8rHzSbnDOXjpaitjHXu3bvZcWZBazBT3Z6JypCrOTws=","GpwpAYpsrfUvg3+I3K3jEJjzqQmzqOEvAG0zyeYqDlc=","legacyData"
"a38e6611-342a-4293-9b58-35dbf94f9557","GUAN_004.basePlot.vst","2016-02-24","vst_GUAN_2016","D04","GUAN","GUAN_004",,"NEON.PLA.D04.GUAN.04417","ok","small shrub","Live",,,1.7,,,,2.4,2.1,,"half-sphere",1.5,10,,,,"8rHzSbnDOXjpaitjHXu3bvZcWZBazBT3Z6JypCrOTws=","GpwpAYpsrfUvg3+I3K3jEJjzqQmzqOEvAG0zyeYqDlc=","legacyData"
"d4315835-aae7-4eba-9206-4852d25a1d7a","GUAN_004.basePlot.vst","2016-02-24","vst_GUAN_2016","D04","GUAN","GUAN_004",,"NEON.PLA.D04.GUAN.04778","ok","single shrub","Live",,,2.8,,,,2.8,2.7,,"inverted cone",2.9,10,0.20,0.09,"Stem diameter not recorded in datasheet","8rHzSbnDOXjpaitjHXu3bvZcWZBazBT3Z6JypCrOTws=","GpwpAYpsrfUvg3+I3K3jEJjzqQmzqOEvAG0zyeYqDlc=","legacyData"
"129a60e8-389e-4dfd-8565-a29030302931","GUAN_004.basePlot.vst","2016-02-24","vst_GUAN_2016","D04","GUAN","GUAN_004",,"NEON.PLA.D04.GUAN.04410","ok","small tree","Standing dead",2.5,130,,,,,,,,,,,,,"Height and canopy measurements were not recorded on the datasheet.","8rHzSbnDOXjpaitjHXu3bvZcWZBazBT3Z6JypCrOTws=","GpwpAYpsrfUvg3+I3K3jEJjzqQmzqOEvAG0zyeYqDlc=","legacyData"
"4ec74aa2-8da7-46bc-a48b-2ea7166eac31","GUAN_004.basePlot.vst","2016-02-24","vst_GUAN_2016","D04","GUAN","GUAN_004",,"NEON.PLA.D04.GUAN.04437","ok","single shrub","Live",1.3,130,2.3,,,,1.2,1.1,,"cylinder",,,,,"BasalStemDiam measurement not recorded on datasheet","8rHzSbnDOXjpaitjHXu3bvZcWZBazBT3Z6JypCrOTws=","GpwpAYpsrfUvg3+I3K3jEJjzqQmzqOEvAG0zyeYqDlc=","legacyData"
"5fad325a-f4ab-4f5e-9a7d-54345183cace","GUAN_004.basePlot.vst","2016-02-24","vst_GUAN_2016","D04","GUAN","GUAN_004",,"NEON.PLA.D04.GUAN.04353","ok","small tree","Live",3.2,130,,,,,,,,,,,,,"Height-canopy-stemBasalDiam measurements not recorded on datasheet","8rHzSbnDOXjpaitjHXu3bvZcWZBazBT3Z6JypCrOTws=","GpwpAYpsrfUvg3+I3K3jEJjzqQmzqOEvAG0zyeYqDlc=","legacyData"
"cdb82d45-7815-48c0-9b8a-6eea190d421e","GUAN_004.basePlot.vst","2016-02-24","vst_GUAN_2016","D04","GUAN","GUAN_004",,"NEON.PLA.D04.GUAN.04404","ok","single shrub","Live",3.5,130,2.6,,,,2.1,1.8,,"cylinder",,,,,"stemBasalDiam measurements not recorded on datasheet","8rHzSbnDOXjpaitjHXu3bvZcWZBazBT3Z6JypCrOTws=","GpwpAYpsrfUvg3+I3K3jEJjzqQmzqOEvAG0zyeYqDlc=","legacyData"
"d2348ebe-1919-4ccd-9ea9-8e98e74b1f3c","GUAN_004.basePlot.vst","2016-02-24","vst_GUAN_2016","D04","GUAN","GUAN_004",,"NEON.PLA.D04.GUAN.04379","ok","small tree","Live",1.8,130,,,,,,,,,,,,,"Height-canopy-stemBasalDiam measurements not recorded on datasheet","8rHzSbnDOXjpaitjHXu3bvZcWZBazBT3Z6JypCrOTws=","GpwpAYpsrfUvg3+I3K3jEJjzqQmzqOEvAG0zyeYqDlc=","legacyData"
"3a1a9ee5-51aa-4c61-a2e0-55bbedce006f","GUAN_004.basePlot.vst","2016-02-24","vst_GUAN_2016","D04","GUAN","GUAN_004",,"NEON.PLA.D04.GUAN.04411","ok","small tree","Live",2.3,130,,,,,,,,,,,,,"Height-canopy-stemBasalDiam measurements not recorded on datasheet","8rHzSbnDOXjpaitjHXu3bvZcWZBazBT3Z6JypCrOTws=","GpwpAYpsrfUvg3+I3K3jEJjzqQmzqOEvAG0zyeYqDlc=","legacyData"
"b64bd086-f6e4-4863-9663-aa65a3c94ea5","GUAN_004.basePlot.vst","2016-02-24","vst_GUAN_2016","D04","GUAN","GUAN_004",,"NEON.PLA.D04.GUAN.04369","ok","liana","Live",1.3,130,,,,,,,,,,,,,,"8rHzSbnDOXjpaitjHXu3bvZcWZBazBT3Z6JypCrOTws=","GpwpAYpsrfUvg3+I3K3jEJjzqQmzqOEvAG0zyeYqDlc=","legacyData"
"b00c47cc-8c58-487b-92dd-8f091578f6e8","GUAN_004.basePlot.vst","2016-02-24","vst_GUAN_2016","D04","GUAN","GUAN_004",,"NEON.PLA.D04.GUAN.04362","ok","liana","Live",1.1,130,,,,,,,,,,,,,,"8rHzSbnDOXjpaitjHXu3bvZcWZBazBT3Z6JypCrOTws=","GpwpAYpsrfUvg3+I3K3jEJjzqQmzqOEvAG0zyeYqDlc=","legacyData"
"c43046c9-2c00-4dfd-b9e7-26543c9bf017","GUAN_004.basePlot.vst","2016-02-24","vst_GUAN_2016","D04","GUAN","GUAN_004",,"NEON.PLA.D04.GUAN.04432","ok","small shrub","Live",,,2.0,,,,3.5,1.7,,"half-sphere",1.5,10,,,,"8rHzSbnDOXjpaitjHXu3bvZcWZBazBT3Z6JypCrOTws=","GpwpAYpsrfUvg3+I3K3jEJjzqQmzqOEvAG0zyeYqDlc=","legacyData"
"3cbf7077-b682-4e58-8587-01c179c8e084","GUAN_004.basePlot.vst","2016-02-24","vst_GUAN_2016","D04","GUAN","GUAN_004",,"NEON.PLA.D04.GUAN.04375","ok","small tree","Live",5.7,130,,,,,,,,,,,,,"Height measurements not recorded on datasheet","8rHzSbnDOXjpaitjHXu3bvZcWZBazBT3Z6JypCrOTws=","GpwpAYpsrfUvg3+I3K3jEJjzqQmzqOEvAG0zyeYqDlc=","legacyData"
"5a9bbf67-085d-42c2-afa0-7879dbfca82e","GUAN_004.basePlot.vst","2016-02-24","vst_GUAN_2016","D04","GUAN","GUAN_004",,"NEON.PLA.D04.GUAN.04404","ok","single shrub","Live",,,2.6,,,,2.1,1.8,,"cylinder",6.9,10,,,"stemDiam measurements not recorded on datasheet","8rHzSbnDOXjpaitjHXu3bvZcWZBazBT3Z6JypCrOTws=","GpwpAYpsrfUvg3+I3K3jEJjzqQmzqOEvAG0zyeYqDlc=","legacyData"
"8393087a-d824-4419-b2f3-e08c3dff5149","GUAN_004.basePlot.vst","2016-02-24","vst_GUAN_2016","D04","GUAN","GUAN_004",,"NEON.PLA.D04.GUAN.04364","ok","small tree","Live",3.7,130,,,,,,,,,,,,,"Height measurements not recorded on datasheet","8rHzSbnDOXjpaitjHXu3bvZcWZBazBT3Z6JypCrOTws=","GpwpAYpsrfUvg3+I3K3jEJjzqQmzqOEvAG0zyeYqDlc=","legacyData"
"95d0e1ce-02fb-477d-918a-50c9e079cdc0","GUAN_004.basePlot.vst","2016-02-24","vst_GUAN_2016","D04","GUAN","GUAN_004",,"NEON.PLA.D04.GUAN.04414","ok","single shrub","Live",,,4.0,,,,1.1,1.0,,"cylinder",5.7,10,,,"StemDiam measurements not recorded on datasheet","8rHzSbnDOXjpaitjHXu3bvZcWZBazBT3Z6JypCrOTws=","GpwpAYpsrfUvg3+I3K3jEJjzqQmzqOEvAG0zyeYqDlc=","legacyData"
"d81d2c0e-5e5f-40c9-9493-6d3344d2ba7a","GUAN_004.basePlot.vst","2016-02-24","vst_GUAN_2016","D04","GUAN","GUAN_004",,"NEON.PLA.D04.GUAN.04402","ok","small tree","Live",1.5,130,,,,,,,,,,,,,"Height- canopy-stemBasalDiam measurements were not recorded on datashee","8rHzSbnDOXjpaitjHXu3bvZcWZBazBT3Z6JypCrOTws=","GpwpAYpsrfUvg3+I3K3jEJjzqQmzqOEvAG0zyeYqDlc=","legacyData"
"e78f4306-d218-46be-8179-8e2aa021bf89","GUAN_004.basePlot.vst","2016-02-24","vst_GUAN_2016","D04","GUAN","GUAN_004",,"NEON.PLA.D04.GUAN.04778","ok","single shrub","Live",2.4,130,2.8,,,,2.8,2.7,,"inverted cone",,,0.20,0.09,"Basal stem diam not recorded on datasheet","8rHzSbnDOXjpaitjHXu3bvZcWZBazBT3Z6JypCrOTws=","GpwpAYpsrfUvg3+I3K3jEJjzqQmzqOEvAG0zyeYqDlc=","legacyData"
"3be39124-66e9-4804-a999-700b4bf9c124","GUAN_004.basePlot.vst","2016-02-24","vst_GUAN_2016","D04","GUAN","GUAN_004",,"NEON.PLA.D04.GUAN.04406","ok","small tree","Live",1.0,130,,,,,,,,,,,,,"Height-canopy-stemBasalDiam measurements not recorded on datasheet","8rHzSbnDOXjpaitjHXu3bvZcWZBazBT3Z6JypCrOTws=","GpwpAYpsrfUvg3+I3K3jEJjzqQmzqOEvAG0zyeYqDlc=","legacyData"
"00cd54fa-718e-41ce-ba0b-9ab6e4732d61","GUAN_004.basePlot.vst","2016-02-24","vst_GUAN_2016","D04","GUAN","GUAN_004",,"NEON.PLA.D04.GUAN.04357","ok","liana","Live",1.5,130,,,,,,,,,,,,,,"8rHzSbnDOXjpaitjHXu3bvZcWZBazBT3Z6JypCrOTws=","GpwpAYpsrfUvg3+I3K3jEJjzqQmzqOEvAG0zyeYqDlc=","legacyData"
"d66d0bc8-2c31-456f-8b56-2cbb132113bb","GUAN_004.basePlot.vst","2016-02-24","vst_GUAN_2016","D04","GUAN","GUAN_004",,"NEON.PLA.D04.GUAN.04432","ok","small shrub","Live",,,2.0,,,,3.5,1.7,,"half-sphere",1.3,10,,,,"8rHzSbnDOXjpaitjHXu3bvZcWZBazBT3Z6JypCrOTws=","GpwpAYpsrfUvg3+I3K3jEJjzqQmzqOEvAG0zyeYqDlc=","legacyData"
"1b90f408-3212-49a9-a8fb-9e904e0df45a","GUAN_004.basePlot.vst","2016-02-24","vst_GUAN_2016","D04","GUAN","GUAN_004",,"NEON.PLA.D04.GUAN.04407","ok","small tree","Live",5.3,130,,,,,,,,,,,,,"Height-canopy-stemBasalDiam measurements not recorded on datasheet","8rHzSbnDOXjpaitjHXu3bvZcWZBazBT3Z6JypCrOTws=","GpwpAYpsrfUvg3+I3K3jEJjzqQmzqOEvAG0zyeYqDlc=","legacyData"
"0f2ed5ab-7488-4bad-b522-b6ecb5a8d716","GUAN_004.basePlot.vst","2016-02-24","vst_GUAN_2016","D04","GUAN","GUAN_004",,"NEON.PLA.D04.GUAN.04388","ok","small tree","Live",1.5,130,,,,,,,,,,,,,"Height-canopy-stemBasalDiam measurements not recorded on datasheet","8rHzSbnDOXjpaitjHXu3bvZcWZBazBT3Z6JypCrOTws=","GpwpAYpsrfUvg3+I3K3jEJjzqQmzqOEvAG0zyeYqDlc=","legacyData"
"fff4f0ea-90e6-483c-a35a-833a5fea5277","GUAN_004.basePlot.vst","2016-02-24","vst_GUAN_2016","D04","GUAN","GUAN_004",,"NEON.PLA.D04.GUAN.04420","ok","single shrub","Live",,,3.7,,,,2.0,0.7,,"cylinder",3.6,10,,,"Stem diameter (DBH) measurement was not recorded on the datasheet.","8rHzSbnDOXjpaitjHXu3bvZcWZBazBT3Z6JypCrOTws=","GpwpAYpsrfUvg3+I3K3jEJjzqQmzqOEvAG0zyeYqDlc=","legacyData"
"e7acd080-140e-41e1-8576-3d3533d5d2a5","GUAN_004.basePlot.vst","2016-02-24","vst_GUAN_2016","D04","GUAN","GUAN_004",,"NEON.PLA.D04.GUAN.04391","ok","small tree","Live",2.5,130,,,,,,,,,,,,,"Height-canopy-stemBasalDiam measurements not recorded on datasheet","8rHzSbnDOXjpaitjHXu3bvZcWZBazBT3Z6JypCrOTws=","GpwpAYpsrfUvg3+I3K3jEJjzqQmzqOEvAG0zyeYqDlc=","legacyData"
"53d8fbac-cf44-49a8-9397-971690f17722","GUAN_004.basePlot.vst","2016-02-24","vst_GUAN_2016","D04","GUAN","GUAN_004",,"NEON.PLA.D04.GUAN.04384","ok","small tree","Live",3.6,130,,,,,,,,,,,,,"Height-canopy-stemBasalDiam measurements not recorded on datasheet","8rHzSbnDOXjpaitjHXu3bvZcWZBazBT3Z6JypCrOTws=","GpwpAYpsrfUvg3+I3K3jEJjzqQmzqOEvAG0zyeYqDlc=","legacyData"
"aa5c34c9-ed24-4934-9a88-3534029be0a3","GUAN_004.basePlot.vst","2016-02-24","vst_GUAN_2016","D04","GUAN","GUAN_004",,"NEON.PLA.D04.GUAN.04359","ok","single shrub","Live",1.7,130,3.2,,,,1.8,1.5,,"cylinder",,,,,"basalStemDiam measurements not given","8rHzSbnDOXjpaitjHXu3bvZcWZBazBT3Z6JypCrOTws=","GpwpAYpsrfUvg3+I3K3jEJjzqQmzqOEvAG0zyeYqDlc=","legacyData"
"caab5c7b-ad18-4783-96c1-71ac80132bc5","GUAN_004.basePlot.vst","2016-02-24","vst_GUAN_2016","D04","GUAN","GUAN_004",,"NEON.PLA.D04.GUAN.04417","ok","small shrub","Live",,,1.7,,,,2.4,2.1,,"half-sphere",3.9,10,,,,"8rHzSbnDOXjpaitjHXu3bvZcWZBazBT3Z6JypCrOTws=","GpwpAYpsrfUvg3+I3K3jEJjzqQmzqOEvAG0zyeYqDlc=","legacyData"
"a313d5f1-73e2-4230-bc06-c9c4b007d93a","GUAN_004.basePlot.vst","2016-02-24","vst_GUAN_2016","D04","GUAN","GUAN_004",,"NEON.PLA.D04.GUAN.04409","ok","single shrub","Live",,,3.5,,,,0.6,0.5,,"cylinder",3.1,10,,,"Stem diameter (DBH) measurement was not recorded on the datasheet.","8rHzSbnDOXjpaitjHXu3bvZcWZBazBT3Z6JypCrOTws=","GpwpAYpsrfUvg3+I3K3jEJjzqQmzqOEvAG0zyeYqDlc=","legacyData"
"064783fe-28ed-4f64-9e69-b4c76b3b6581","GUAN_004.basePlot.vst","2016-02-24","vst_GUAN_2016","D04","GUAN","GUAN_004",,"NEON.PLA.D04.GUAN.04372","ok","small tree","Live",2.0,130,,,,,,,,,,,,,"Height-canopy measurements not recorded on datasheet","8rHzSbnDOXjpaitjHXu3bvZcWZBazBT3Z6JypCrOTws=","GpwpAYpsrfUvg3+I3K3jEJjzqQmzqOEvAG0zyeYqDlc=","legacyData"
"afe714e5-3f56-47e9-a3d9-18e5fef53a44","GUAN_004.basePlot.vst","2016-02-24","vst_GUAN_2016","D04","GUAN","GUAN_004",,"NEON.PLA.D04.GUAN.04436","ok","single shrub","Live",1.6,130,4.5,,,,1.1,0.9,,"cylinder",,,,,"stemBasalDiam measurements not recorded on datasheet","8rHzSbnDOXjpaitjHXu3bvZcWZBazBT3Z6JypCrOTws=","GpwpAYpsrfUvg3+I3K3jEJjzqQmzqOEvAG0zyeYqDlc=","legacyData"
"59fbf9db-8521-4881-9d8b-ff90ea72d82c","GUAN_004.basePlot.vst","2016-02-24","vst_GUAN_2016","D04","GUAN","GUAN_004",,"NEON.PLA.D04.GUAN.04778","ok","single shrub","Live",,,2.8,,,,2.8,2.7,,"inverted cone",3.4,10,0.20,0.09,"Stem diameter not recorded in datasheet","8rHzSbnDOXjpaitjHXu3bvZcWZBazBT3Z6JypCrOTws=","GpwpAYpsrfUvg3+I3K3jEJjzqQmzqOEvAG0zyeYqDlc=","legacyData"
"5fdcf450-5baa-467e-b6e3-21b39fbbf161","GUAN_004.basePlot.vst","2016-02-24","vst_GUAN_2016","D04","GUAN","GUAN_004",,"NEON.PLA.D04.GUAN.04432","ok","small shrub","Live",,,2.0,,,,3.5,1.7,,"half-sphere",1.2,10,,,,"8rHzSbnDOXjpaitjHXu3bvZcWZBazBT3Z6JypCrOTws=","GpwpAYpsrfUvg3+I3K3jEJjzqQmzqOEvAG0zyeYqDlc=","legacyData"
"84a37c60-72d2-43f1-8cba-b29121e58e3b","GUAN_004.basePlot.vst","2016-02-24","vst_GUAN_2016","D04","GUAN","GUAN_004",,"NEON.PLA.D04.GUAN.04401","ok","single shrub","Live",,,2.6,,,,0.8,0.5,,"cylinder",1.5,10,,,"Stem diameter (DBH) measurement was not recorded on the datasheet.","8rHzSbnDOXjpaitjHXu3bvZcWZBazBT3Z6JypCrOTws=","GpwpAYpsrfUvg3+I3K3jEJjzqQmzqOEvAG0zyeYqDlc=","legacyData"
"091f93af-3cff-4040-9691-c8956022737d","GUAN_004.basePlot.vst","2016-02-24","vst_GUAN_2016","D04","GUAN","GUAN_004",,"NEON.PLA.D04.GUAN.04350","ok","sapling","Standing dead",,,,,,,,,,,1.4,20,,,"Height measurements not given","8rHzSbnDOXjpaitjHXu3bvZcWZBazBT3Z6JypCrOTws=","GpwpAYpsrfUvg3+I3K3jEJjzqQmzqOEvAG0zyeYqDlc=","legacyData"
"30f2f829-8003-4704-8a2a-8355d0c43cb5","GUAN_004.basePlot.vst","2016-02-24","vst_GUAN_2016","D04","GUAN","GUAN_004",,"NEON.PLA.D04.GUAN.04389","ok","sapling","Live",,,,,,,,,,,1.5,10,,,"Height measurement was not recorded on datasheet","8rHzSbnDOXjpaitjHXu3bvZcWZBazBT3Z6JypCrOTws=","GpwpAYpsrfUvg3+I3K3jEJjzqQmzqOEvAG0zyeYqDlc=","legacyData"
"72f64755-e201-425f-b1ee-a540f73fcc81","GUAN_004.basePlot.vst","2016-02-24","vst_GUAN_2016","D04","GUAN","GUAN_004",,"NEON.PLA.D04.GUAN.04368","ok","liana","Live",1.0,130,,,,,,,,,,,,,,"8rHzSbnDOXjpaitjHXu3bvZcWZBazBT3Z6JypCrOTws=","GpwpAYpsrfUvg3+I3K3jEJjzqQmzqOEvAG0zyeYqDlc=","legacyData"
"1f2f4e1e-ffb1-4062-8e99-98508d0a2831","GUAN_004.basePlot.vst","2016-02-24","vst_GUAN_2016","D04","GUAN","GUAN_004",,"NEON.PLA.D04.GUAN.04361","ok","small tree","Live",6.5,130,,,,,,,,,,,,,"Height-canopy-stemBasalDiam not recorded on datasheet","8rHzSbnDOXjpaitjHXu3bvZcWZBazBT3Z6JypCrOTws=","GpwpAYpsrfUvg3+I3K3jEJjzqQmzqOEvAG0zyeYqDlc=","legacyData"
"e943a125-4e53-4887-8453-11fb47ad4af1","GUAN_004.basePlot.vst","2016-02-24","vst_GUAN_2016","D04","GUAN","GUAN_004",,"NEON.PLA.D04.GUAN.04363","ok","liana","Live",1.3,130,,,,,,,,,,,,,,"8rHzSbnDOXjpaitjHXu3bvZcWZBazBT3Z6JypCrOTws=","GpwpAYpsrfUvg3+I3K3jEJjzqQmzqOEvAG0zyeYqDlc=","legacyData"
"a8809593-948e-4ce8-a351-84cc860a503d","GUAN_004.basePlot.vst","2016-02-24","vst_GUAN_2016","D04","GUAN","GUAN_004",,"NEON.PLA.D04.GUAN.04371","ok","small tree","Live",2.6,130,,,,,,,,,,,,,"Height-canopy-stemBasalDiam measurements not recorded on datasheet","8rHzSbnDOXjpaitjHXu3bvZcWZBazBT3Z6JypCrOTws=","GpwpAYpsrfUvg3+I3K3jEJjzqQmzqOEvAG0zyeYqDlc=","legacyData"
"9f9b725d-9263-41cb-8d39-158bafb22a3b","GUAN_004.basePlot.vst","2016-02-24","vst_GUAN_2016","D04","GUAN","GUAN_004",,"NEON.PLA.D04.GUAN.04432","ok","small shrub","Live",,,2.0,,,,3.5,1.7,,"half-sphere",1.2,10,,,,"8rHzSbnDOXjpaitjHXu3bvZcWZBazBT3Z6JypCrOTws=","GpwpAYpsrfUvg3+I3K3jEJjzqQmzqOEvAG0zyeYqDlc=","legacyData"
"6e0898a8-3254-45a3-9b0c-a3baf4baf677","GUAN_004.basePlot.vst","2016-02-24","vst_GUAN_2016","D04","GUAN","GUAN_004",,"NEON.PLA.D04.GUAN.04358","ok","liana","Live",1.3,130,,,,,,,,,,,,,,"8rHzSbnDOXjpaitjHXu3bvZcWZBazBT3Z6JypCrOTws=","GpwpAYpsrfUvg3+I3K3jEJjzqQmzqOEvAG0zyeYqDlc=","legacyData"
"d753f733-2bfb-4fe5-b673-cb7611c31cf9","GUAN_004.basePlot.vst","2016-02-24","vst_GUAN_2016","D04","GUAN","GUAN_004",,"NEON.PLA.D04.GUAN.04409","ok","single shrub","Live",1.8,130,3.5,,,,0.6,0.5,,"cylinder",,,,,"Stem basal diameter measurement was not recorded on the datasheet.","8rHzSbnDOXjpaitjHXu3bvZcWZBazBT3Z6JypCrOTws=","GpwpAYpsrfUvg3+I3K3jEJjzqQmzqOEvAG0zyeYqDlc=","legacyData"
"38171e87-4d95-43e9-b5d3-7c6e09dd7f12","GUAN_004.basePlot.vst","2016-02-24","vst_GUAN_2016","D04","GUAN","GUAN_004",,"NEON.PLA.D04.GUAN.04381","ok","small tree","Live",1.4,130,,,,,,,,,,,,,"Height and canopy measurements were not recorded on the datasheet.","8rHzSbnDOXjpaitjHXu3bvZcWZBazBT3Z6JypCrOTws=","GpwpAYpsrfUvg3+I3K3jEJjzqQmzqOEvAG0zyeYqDlc=","legacyData"
"32ea6360-5eb4-4df7-af6f-f87e909acbdc","GUAN_004.basePlot.vst","2016-02-24","vst_GUAN_2016","D04","GUAN","GUAN_004",,"NEON.PLA.D04.GUAN.04370","ok","small tree","Live",1.8,130,,,,,,,,,,,,,"Height-canopy-stemBasalDiam measurements not recorded on datasheet","8rHzSbnDOXjpaitjHXu3bvZcWZBazBT3Z6JypCrOTws=","GpwpAYpsrfUvg3+I3K3jEJjzqQmzqOEvAG0zyeYqDlc=","legacyData"
"299453b8-2283-4cd9-bd93-976b28aadb11","GUAN_004.basePlot.vst","2016-02-24","vst_GUAN_2016","D04","GUAN","GUAN_004",,"NEON.PLA.D04.GUAN.04387","ok","small tree","Standing dead",2.5,130,,,,,,,,,,,,,"Height and canopy measurements were not recorded on the datasheet.","8rHzSbnDOXjpaitjHXu3bvZcWZBazBT3Z6JypCrOTws=","GpwpAYpsrfUvg3+I3K3jEJjzqQmzqOEvAG0zyeYqDlc=","legacyData"
"7a1a337b-69f2-4de3-a996-11589b1d561f","GUAN_004.basePlot.vst","2016-02-24","vst_GUAN_2016","D04","GUAN","GUAN_004",,"NEON.PLA.D04.GUAN.04374","ok","liana","Live",1.2,130,,,,,,,,,,,,,,"8rHzSbnDOXjpaitjHXu3bvZcWZBazBT3Z6JypCrOTws=","GpwpAYpsrfUvg3+I3K3jEJjzqQmzqOEvAG0zyeYqDlc=","legacyData"
"7cdbf9c8-dddb-4d01-a140-e5b67eceae04","GUAN_004.basePlot.vst","2016-02-24","vst_GUAN_2016","D04","GUAN","GUAN_004",,"NEON.PLA.D04.GUAN.04418","ok","sapling","Live",,,,,,,,,,,1.3,10,,,"Height-canopy measurements not recorded on datasheet","8rHzSbnDOXjpaitjHXu3bvZcWZBazBT3Z6JypCrOTws=","GpwpAYpsrfUvg3+I3K3jEJjzqQmzqOEvAG0zyeYqDlc=","legacyData"
"97819315-02d2-4ab4-80b7-f46d0eb5d950","GUAN_004.basePlot.vst","2016-02-24","vst_GUAN_2016","D04","GUAN","GUAN_004",,"NEON.PLA.D04.GUAN.04349","ok","liana","Live",1.9,130,,,,,,,,,,,,,,"8rHzSbnDOXjpaitjHXu3bvZcWZBazBT3Z6JypCrOTws=","GpwpAYpsrfUvg3+I3K3jEJjzqQmzqOEvAG0zyeYqDlc=","legacyData"
"9bbb8fbb-0b46-4007-9211-2eb2203ab7e5","GUAN_004.basePlot.vst","2016-02-24","vst_GUAN_2016","D04","GUAN","GUAN_004",,"NEON.PLA.D04.GUAN.04405","ok","small tree","Live",1.1,130,,,,,,,,,,,,,"Height and canopy measurements were not recorded on the datasheet.","8rHzSbnDOXjpaitjHXu3bvZcWZBazBT3Z6JypCrOTws=","GpwpAYpsrfUvg3+I3K3jEJjzqQmzqOEvAG0zyeYqDlc=","legacyData"
"2e9a34f0-6fed-48e1-8a0a-6dbb5848f8db","GUAN_004.basePlot.vst","2016-02-24","vst_GUAN_2016","D04","GUAN","GUAN_004",,"NEON.PLA.D04.GUAN.04376","ok","liana","Live",1.1,130,,,,,,,,,,,,,,"8rHzSbnDOXjpaitjHXu3bvZcWZBazBT3Z6JypCrOTws=","GpwpAYpsrfUvg3+I3K3jEJjzqQmzqOEvAG0zyeYqDlc=","legacyData"
"2edb4626-325c-4d9c-af5f-11636ab1e312","GUAN_004.basePlot.vst","2016-02-24","vst_GUAN_2016","D04","GUAN","GUAN_004",,"NEON.PLA.D04.GUAN.04359","ok","single shrub","Live",,,3.2,,,,1.8,1.5,,"cylinder",4.8,10,,,"stemDiam measurements not given","8rHzSbnDOXjpaitjHXu3bvZcWZBazBT3Z6JypCrOTws=","GpwpAYpsrfUvg3+I3K3jEJjzqQmzqOEvAG0zyeYqDlc=","legacyData"
"dc208033-dbbf-428f-8cb7-41bb1c3ff612","GUAN_004.basePlot.vst","2016-02-24","vst_GUAN_2016","D04","GUAN","GUAN_004",,"NEON.PLA.D04.GUAN.04403","ok","single shrub","Live",,,2.4,,,,0.4,0.3,,"cylinder",3.4,10,,,"Stem diameter (DBH) measurement was not recorded on the datasheet.","8rHzSbnDOXjpaitjHXu3bvZcWZBazBT3Z6JypCrOTws=","GpwpAYpsrfUvg3+I3K3jEJjzqQmzqOEvAG0zyeYqDlc=","legacyData"
"caadd41e-76ce-4298-8325-4afe29f7d117","GUAN_004.basePlot.vst","2016-02-26","vst_GUAN_2016","D04","GUAN","GUAN_004",,"NEON.PLA.D04.GUAN.04335A","ok","multi-bole tree","Live",13.0,190,3.3,,,,6.4,6.0,"Full sun",,,,,,,"8rHzSbnDOXjpaitjHXu3bvZcWZBazBT3Z6JypCrOTws=","8rHzSbnDOXjpaitjHXu3bvZcWZBazBT3Z6JypCrOTws=","legacyData"
"1de0206b-41d1-46de-bd8b-1ea99e4d15c1","GUAN_004.basePlot.vst","2016-02-26","vst_GUAN_2016","D04","GUAN","GUAN_004",,"NEON.PLA.D04.GUAN.04333B","ok","multi-bole tree","Live, insect damaged",10.0,180,8.5,,,,7.9,6.1,"Full sun",,,,,,,"8rHzSbnDOXjpaitjHXu3bvZcWZBazBT3Z6JypCrOTws=","8rHzSbnDOXjpaitjHXu3bvZcWZBazBT3Z6JypCrOTws=","legacyData"
"f6eb7db8-5ca1-49b1-af68-551a520c7556","GUAN_004.basePlot.vst","2016-02-26","vst_GUAN_2016","D04","GUAN","GUAN_004",,"NEON.PLA.D04.GUAN.04334A","ok","multi-bole tree","Live",20.5,138,5.5,,,,7.7,7.0,"Full sun",,,,,,,"8rHzSbnDOXjpaitjHXu3bvZcWZBazBT3Z6JypCrOTws=","8rHzSbnDOXjpaitjHXu3bvZcWZBazBT3Z6JypCrOTws=","legacyData"
"d97b18a8-6718-4253-8044-82259ec478f4","GUAN_004.basePlot.vst","2016-02-26","vst_GUAN_2016","D04","GUAN","GUAN_004",,"NEON.PLA.D04.GUAN.04333","ok","multi-bole tree","Live, insect damaged",15.0,165,8.5,,,,7.9,6.1,"Full sun",,,,,,,"8rHzSbnDOXjpaitjHXu3bvZcWZBazBT3Z6JypCrOTws=","8rHzSbnDOXjpaitjHXu3bvZcWZBazBT3Z6JypCrOTws=","legacyData"
"27649dec-381a-488d-a932-2c394d56fc91","GUAN_004.basePlot.vst","2016-02-26","vst_GUAN_2016","D04","GUAN","GUAN_004",,"NEON.PLA.D04.GUAN.04330","ok","single bole tree","Live",10.5,130,5.0,,,,4.9,3.3,"Open grown",,,,,,,"8rHzSbnDOXjpaitjHXu3bvZcWZBazBT3Z6JypCrOTws=","8rHzSbnDOXjpaitjHXu3bvZcWZBazBT3Z6JypCrOTws=","legacyData"
"f3d075d8-98fc-405f-a3dd-ed125b2b42d0","GUAN_004.basePlot.vst","2016-02-26","vst_GUAN_2016","D04","GUAN","GUAN_004",,"NEON.PLA.D04.GUAN.04331","ok","multi-bole tree","Live",29.2,74,9.0,,,,11.0,9.1,"Open grown",,,,,,,"8rHzSbnDOXjpaitjHXu3bvZcWZBazBT3Z6JypCrOTws=","8rHzSbnDOXjpaitjHXu3bvZcWZBazBT3Z6JypCrOTws=","legacyData"
"cf3502bf-28af-4b93-8bb7-058e734d2e00","GUAN_004.basePlot.vst","2016-02-26","vst_GUAN_2016","D04","GUAN","GUAN_004",,"NEON.PLA.D04.GUAN.04331A","ok","multi-bole tree","Live",13.4,,9.0,,,,11.0,9.1,"Open grown",,,,,,"Stem Diameter (DBH) measurement height was taken at 245cm.","8rHzSbnDOXjpaitjHXu3bvZcWZBazBT3Z6JypCrOTws=","8rHzSbnDOXjpaitjHXu3bvZcWZBazBT3Z6JypCrOTws=","legacyData"
"9663b1d7-d3ed-4e33-899f-311872332f93","GUAN_004.basePlot.vst","2016-02-26","vst_GUAN_2016","D04","GUAN","GUAN_004",,"NEON.PLA.D04.GUAN.04334","ok","multi-bole tree","Live",27.7,80,5.5,,,,7.7,7.0,"Full sun",,,,,,,"8rHzSbnDOXjpaitjHXu3bvZcWZBazBT3Z6JypCrOTws=","8rHzSbnDOXjpaitjHXu3bvZcWZBazBT3Z6JypCrOTws=","legacyData"
"e8a56e96-58a6-4b9e-80e0-eca106d35b71","GUAN_004.basePlot.vst","2016-02-26","vst_GUAN_2016","D04","GUAN","GUAN_004",,"NEON.PLA.D04.GUAN.04335","ok","multi-bole tree","Live",13.5,190,3.3,,,,6.4,6.0,"Full sun",,,,,,,"8rHzSbnDOXjpaitjHXu3bvZcWZBazBT3Z6JypCrOTws=","8rHzSbnDOXjpaitjHXu3bvZcWZBazBT3Z6JypCrOTws=","legacyData"
"996c7d11-9f62-4285-818b-972905e99c44","GUAN_004.basePlot.vst","2016-02-26","vst_GUAN_2016","D04","GUAN","GUAN_004",,"NEON.PLA.D04.GUAN.04329","ok","single bole tree","Live",15.3,130,2.8,,,,4.0,2.8,"Open grown",,,,,,,"8rHzSbnDOXjpaitjHXu3bvZcWZBazBT3Z6JypCrOTws=","8rHzSbnDOXjpaitjHXu3bvZcWZBazBT3Z6JypCrOTws=","legacyData"
"5c590448-c9b1-4eff-8ecb-bccd22978857","GUAN_004.basePlot.vst","2016-02-26","vst_GUAN_2016","D04","GUAN","GUAN_004",,"NEON.PLA.D04.GUAN.04333A","ok","multi-bole tree","Live, insect damaged",13.5,165,8.5,,,,7.9,6.1,"Full sun",,,,,,,"8rHzSbnDOXjpaitjHXu3bvZcWZBazBT3Z6JypCrOTws=","8rHzSbnDOXjpaitjHXu3bvZcWZBazBT3Z6JypCrOTws=","legacyData"
"8b2a604e-e992-4d96-a9f2-af1ff619ee2a","GUAN_004.basePlot.vst","2016-02-26","vst_GUAN_2016","D04","GUAN","GUAN_004",,"NEON.PLA.D04.GUAN.04332","ok","single bole tree","Live",14.2,130,5.4,,,,4.0,3.8,"Open grown",,,,,,,"8rHzSbnDOXjpaitjHXu3bvZcWZBazBT3Z6JypCrOTws=","8rHzSbnDOXjpaitjHXu3bvZcWZBazBT3Z6JypCrOTws=","legacyData"
