uid,namedLocation,date,domainID,siteID,plotID,plotType,nlcdClass,decimalLatitude,decimalLongitude,geodeticDatum,coordinateUncertainty,easting,northing,utmZone,elevation,elevationUncertainty,eventID,samplingProtocolVersion,treesPresent,treesAbsentList,shrubsPresent,shrubsAbsentList,lianasPresent,lianasAbsentList,nestedSubplotAreaShrubSapling,nestedSubplotAreaLiana,totalSampledAreaTrees,totalSampledAreaShrubSapling,totalSampledAreaLiana,remarks,measuredBy,recordedBy,dataQF
"566962cf-2cb9-4933-aa52-1f143f0bb167","TALL_043.basePlot.vst","2016-10-17","D08","TALL","TALL_043","tower","evergreenForest",32.953399,-87.395664,"WGS84",20.2,463019.18,3646190.23,"16N",137.6,0.2,"vst_TALL_2016","NEON.DOC.000987vE",,,,,,,"noneSelected","10",800,800,40,,"i++YfdKxcrxXYVscbSnlRu1P6zrsNmWH","LVSiyA6Tq3zB5gSTdDoChwEPCZrh3pEg",
"72791627-a0af-412c-b95b-e1b9b854cd94","TALL_042.basePlot.vst","2016-10-17","D08","TALL","TALL_042","tower","evergreenForest",32.953944,-87.396960,"WGS84",20.2,462898.27,3646251.10,"16N",124.7,0.3,"vst_TALL_2016","NEON.DOC.000987vE",,,,,,,"25","noneSelected",800,100,800,,"2UFG2QdEDMcJxcx0vKz5FjHy9sBCqsDJ","gKlTR8ZroBmVFSkzxA4yQazmYWlx7WaI",
"a4701f06-119c-4832-b4aa-09824a4ed307","TALL_045.basePlot.vst","2016-10-18","D08","TALL","TALL_045","tower","evergreenForest",32.951776,-87.397297,"WGS84",20.1,462865.87,3646010.88,"16N",137.7,0.2,"vst_TALL_2016","NEON.DOC.000987vE",,,,,,,"10","noneSelected",800,40,800,,"LnIDmrEQmAUtwQFMbC1CIKUZraB/NwPgV6cB6TW941k=","qHOagdXN4gWZ2ImQsYe21kOoNSbv5P6a",
"f85b4447-e2e1-4499-924f-7323ba765c45","TALL_044.basePlot.vst","2016-10-18","D08","TALL","TALL_044","tower","evergreenForest",32.952869,-87.397604,"WGS84",20.2,462837.63,3646132.16,"16N",130.1,0.2,"vst_TALL_2016","NEON.DOC.000987vE",,,,,,,"10","noneSelected",800,40,800,,"i++YfdKxcrxXYVscbSnlRu1P6zrsNmWH","gKlTR8ZroBmVFSkzxA4yQazmYWlx7WaI",
"98aad5c6-c419-492d-8b13-2aa05e7b1896","TALL_047.basePlot.vst","2016-10-20","D08","TALL","TALL_047","tower","evergreenForest",32.951506,-87.398919,"WGS84",20.2,462714.15,3645981.52,"16N",135.8,0.2,"vst_TALL_2016","NEON.DOC.000987vE",,,,,,,"100","noneSelected",800,400,800,,"ADzqoWOfwevQ2rrllzoCJTnDjie0NTbT","gKlTR8ZroBmVFSkzxA4yQazmYWlx7WaI",
"0d3b55e4-6399-4560-b4a3-386d0ecd0fd2","TALL_049.basePlot.vst","2016-10-20","D08","TALL","TALL_049","tower","evergreenForest",32.950694,-87.394720,"WGS84",20.2,463106.29,3645890.02,"16N",134.9,0.2,"vst_TALL_2016","NEON.DOC.000987vE",,,,,,,"10","noneSelected",800,40,800,,"ADzqoWOfwevQ2rrllzoCJTnDjie0NTbT","gKlTR8ZroBmVFSkzxA4yQazmYWlx7WaI",
"5a2e0a0a-7583-4b70-966c-6e84cac5928a","TALL_048.basePlot.vst","2016-10-20","D08","TALL","TALL_048","tower","evergreenForest",32.950700,-87.396003,"WGS84",20.2,462986.37,3645891.14,"16N",141.6,0.2,"vst_TALL_2016","NEON.DOC.000987vE",,,,,,,"10","noneSelected",800,40,800,,"2UFG2QdEDMcJxcx0vKz5FjHy9sBCqsDJ","qHOagdXN4gWZ2ImQsYe21kOoNSbv5P6a",
"d56960b2-7053-46ef-97f3-16cb0f6163fe","TALL_046.basePlot.vst","2016-10-20","D08","TALL","TALL_046","tower","evergreenForest",32.951781,-87.395394,"WGS84",20.2,463043.74,3646010.76,"16N",135.8,0.3,"vst_TALL_2016","NEON.DOC.000987vE",,,,,,,"25","noneSelected",800,100,800,,"Ec+cMQWmrZ6oUw8Lk421QEcKgRrZc//E","9y6NQSbuV6GzYP422liEmX9wFUt216Yv",
"9eed396a-771f-4609-8bdd-476cb15691be","TALL_052.basePlot.vst","2016-10-20","D08","TALL","TALL_052","tower","evergreenForest",32.949358,-87.395673,"WGS84",20.1,463016.65,3645742.25,"16N",132.1,0.2,"vst_TALL_2016","NEON.DOC.000987vE",,,,,,,"10","noneSelected",800,40,800,,"2UFG2QdEDMcJxcx0vKz5FjHy9sBCqsDJ","qHOagdXN4gWZ2ImQsYe21kOoNSbv5P6a",
"b76c19fe-5797-4edf-986e-753909efbd94","TALL_051.basePlot.vst","2016-10-20","D08","TALL","TALL_051","tower","mixedForest",32.950148,-87.397284,"WGS84",20.3,462866.40,3645830.39,"16N",117.9,0.4,"vst_TALL_2016","NEON.DOC.000987vE",,,,,,,"10","noneSelected",800,40,800,,"LL/gXdi67CgOxDk89BiEoiy0+ICVjEP4","9y6NQSbuV6GzYP422liEmX9wFUt216Yv",
"edecedb2-9dd6-41b4-a7ee-808eff0a3633","TALL_053.basePlot.vst","2016-10-24","D08","TALL","TALL_053","tower","deciduousForest",32.949103,-87.394395,"WGS84",20.2,463136.00,3645713.53,"16N",121.0,0.3,"vst_TALL_2016","NEON.DOC.000987vE",,,,,,,"25","noneSelected",800,100,800,,"9y6NQSbuV6GzYP422liEmX9wFUt216Yv","LVSiyA6Tq3zB5gSTdDoChwEPCZrh3pEg",
"6eaf8a39-08ff-4e74-9f36-b78ed867c2f1","TALL_055.basePlot.vst","2016-10-24","D08","TALL","TALL_055","tower","deciduousForest",32.948540,-87.398567,"WGS84",20.1,462745.81,3645652.58,"16N",102.4,0.1,"vst_TALL_2016","NEON.DOC.000987vE",,,,,,,"10","noneSelected",800,40,800,,"2UFG2QdEDMcJxcx0vKz5FjHy9sBCqsDJ","gKlTR8ZroBmVFSkzxA4yQazmYWlx7WaI",
"724c4d61-d632-4119-b52c-dd0d2cb8dbf2","TALL_050.basePlot.vst","2016-10-24","D08","TALL","TALL_050","tower","evergreenForest",32.950429,-87.399202,"WGS84",20.2,462687.25,3645862.22,"16N",132.7,0.2,"vst_TALL_2016","NEON.DOC.000987vE",,,,,,,"25","noneSelected",800,100,800,,"2UFG2QdEDMcJxcx0vKz5FjHy9sBCqsDJ","gKlTR8ZroBmVFSkzxA4yQazmYWlx7WaI",
"0fc74d52-9659-4cd6-be64-bd105473ef38","TALL_054.basePlot.vst","2016-10-24","D08","TALL","TALL_054","tower","evergreenForest",32.948793,-87.397268,"WGS84",20.2,462867.33,3645680.17,"16N",124.8,0.3,"vst_TALL_2016","NEON.DOC.000987vE",,,,,,,"10","noneSelected",800,40,800,,"9y6NQSbuV6GzYP422liEmX9wFUt216Yv","LVSiyA6Tq3zB5gSTdDoChwEPCZrh3pEg",
"f6b8fed2-2e28-4c91-90d7-0665bd8e8f9e","TALL_056.basePlot.vst","2016-10-25","D08","TALL","TALL_056","tower","evergreenForest",32.948031,-87.395988,"WGS84",20.2,462986.66,3645595.25,"16N",128.1,0.3,"vst_TALL_2016","NEON.DOC.000987vE",,,,,,,"25","noneSelected",800,100,800,,"i++YfdKxcrxXYVscbSnlRu1P6zrsNmWH","gKlTR8ZroBmVFSkzxA4yQazmYWlx7WaI",
"5e4956f6-7993-49fb-9639-02231df6c0a3","TALL_057.basePlot.vst","2016-10-25","D08","TALL","TALL_057","tower","evergreenForest",32.947183,-87.397927,"WGS84",20.1,462805.06,3645501.92,"16N",102.7,0.2,"vst_TALL_2016","NEON.DOC.000987vE",,,,,,,"25","noneSelected",800,100,800,,"gKlTR8ZroBmVFSkzxA4yQazmYWlx7WaI","LnIDmrEQmAUtwQFMbC1CIKUZraB/NwPgV6cB6TW941k=",
"4468ebfa-fabb-4a26-b9ac-93bea96c43bc","TALL_059.basePlot.vst","2016-10-26","D08","TALL","TALL_059","tower","deciduousForest",32.946631,-87.395039,"WGS84",20.2,463074.78,3645439.71,"16N",99.2,0.2,"vst_TALL_2016","NEON.DOC.000987vE",,,,,,,"100","noneSelected",800,400,800,,"2UFG2QdEDMcJxcx0vKz5FjHy9sBCqsDJ","qHOagdXN4gWZ2ImQsYe21kOoNSbv5P6a",
"ae36dc17-dd83-4b16-abeb-5f856972c4a3","TALL_058.basePlot.vst","2016-10-26","D08","TALL","TALL_058","tower","deciduousForest",32.946941,-87.396620,"WGS84",20.2,462927.13,3645474.63,"16N",102.4,0.2,"vst_TALL_2016","NEON.DOC.000987vE",,,,,,,"25","noneSelected",800,100,800,,"2UFG2QdEDMcJxcx0vKz5FjHy9sBCqsDJ","qHOagdXN4gWZ2ImQsYe21kOoNSbv5P6a",
"c491ca91-ee62-4d0a-9035-ce63af7782c9","TALL_061.basePlot.vst","2016-10-27","D08","TALL","TALL_061","tower","evergreenForest",32.948259,-87.399841,"WGS84",20.2,462626.61,3645621.88,"16N",123.1,0.3,"vst_TALL_2016","NEON.DOC.000987vE",,,,,,,"10","noneSelected",800,40,800,,"2UFG2QdEDMcJxcx0vKz5FjHy9sBCqsDJ","qHOagdXN4gWZ2ImQsYe21kOoNSbv5P6a",
