uid,namedLocation,domainID,siteID,plotID,plotType,nlcdClass,decimalLatitude,decimalLongitude,geodeticDatum,coordinateUncertainty,elevation,elevationUncertainty,collectDate,eventID,sampleID,sampleCode,samplingMethod,totalSampledArea,targetTaxaPresent,adultCount,nymphCount,larvaCount,sampleCondition,samplingProtocolVersion,measuredBy,remarks
"4479811e-254f-40e3-b266-c062582d4841","CPER_002.tickPlot.tck","D10","CPER","CPER_002","distributed","grasslandHerbaceous",40.811446,-104.727626,"WGS84",20.1,1645.8,0.1,"2016-05-31T15:26Z","CPER.2016.22",,,"drag",162,"N",0,0,0,"No known compromise","NEON.DOC.014045vG","XZc4otxvw81jUcPDZ6F4g30QzOP3GO9L",
"143d3558-e81c-425a-a68b-46a703982098","CPER_004.tickPlot.tck","D10","CPER","CPER_004","distributed","grasslandHerbaceous",40.814104,-104.696817,"WGS84",20.1,1617.2,0.1,"2016-05-31T16:18Z","CPER.2016.22",,,"drag",160,"N",0,0,0,"No known compromise","NEON.DOC.014045vG","dfV1P9wI2TUdXknRLFkHLARcb5rSEXMF",
"a90937e2-c538-457b-8413-b386a782b641","CPER_003.tickPlot.tck","D10","CPER","CPER_003","distributed","grasslandHerbaceous",40.819808,-104.707147,"WGS84",20.1,1625.7,0.1,"2016-05-31T17:13Z","CPER.2016.22",,,"drag",160,"N",0,0,0,"No known compromise","NEON.DOC.014045vG","dfV1P9wI2TUdXknRLFkHLARcb5rSEXMF",
"13de6818-f0a7-449f-a311-b7cf5bf42d48","CPER_001.tickPlot.tck","D10","CPER","CPER_001","distributed","grasslandHerbaceous",40.851012,-104.701302,"WGS84",20.1,1639.1,0.1,"2016-05-31T18:18Z","CPER.2016.22",,,"drag",162,"N",0,0,0,"No known compromise","NEON.DOC.014045vG","dfV1P9wI2TUdXknRLFkHLARcb5rSEXMF",
"8cc58e4d-6f21-468d-826c-5b08354369dc","CPER_007.tickPlot.tck","D10","CPER","CPER_007","distributed","grasslandHerbaceous",40.860878,-104.684952,"WGS84",20.1,1646.7,0.1,"2016-05-31T19:07Z","CPER.2016.22",,,"drag",160,"N",0,0,0,"No known compromise","NEON.DOC.014045vG","XZc4otxvw81jUcPDZ6F4g30QzOP3GO9L",
"bd07776d-e3b3-4ce5-8e58-566542c27aca","CPER_005.tickPlot.tck","D10","CPER","CPER_005","distributed","grasslandHerbaceous",40.852571,-104.726331,"WGS84",20.1,1662.6,0.1,"2016-05-31T20:19Z","CPER.2016.22",,,"drag",165,"N",0,0,0,"No known compromise","NEON.DOC.014045vG","dfV1P9wI2TUdXknRLFkHLARcb5rSEXMF",
