uid,namedLocation,plotID,collectDate,identifiedDate,sampleID,subsampleID,scientificName,acceptedTaxonID,taxonRank,family,subfamily,tribe,subtribe,genus,subgenus,specificEpithet,infraspecificEpithet,identificationQualifier,identificationReferences,identificationProtocolVersion,scientificNameAuthorship,sexOrAge,individualCount,sampleCondition,archiveMedium,archiveFacilityID,deprecatedVialID,identifiedBy,laboratoryName,remarks
"7f6d94a1-097a-4986-ad40-51cd7fcbe366","SERC_002.tickPlot.tck","SERC_002","2018-05-21T14:36Z","2018-09-20T16:00Z","SERC_002.20180521","SERC_002.20180521.AMBAME.M","Amblyomma americanum","AMBAME","species","Ixodidae",,,,"Amblyomma",,"americanum",,,"Cooley, R. A. and G. M. Kohls. 1944. The genus Amblyomma (ixodidae) in the United States. The Journal of Parasitology, 30(2):77-111.","GSU_tickIdentification_SOP_2016-11-01.pdf","Linnaeus","Male",2,"OK","90% ethanol","USNMENT01482257",,"Lorenza Beati","Georgia Southern University",
"b153135d-4b38-4ba7-a034-11725b926058","SERC_002.tickPlot.tck","SERC_002","2018-05-21T14:36Z","2018-09-20T16:00Z","SERC_002.20180521","SERC_002.20180521.IXOSCA.N","Ixodes scapularis","IXOSCA","species","Ixodidae",,,,"Ixodes",,"scapularis",,,"Cooley, R. A. and G. M. Kohls. 1945. The genus Ixodes in North America. National Institute of Health Bulletin, 184.","GSU_tickIdentification_SOP_2016-11-01.pdf","Say","Nymph",18,"OK","90% ethanol","USNMENT01482307",,"Lorenza Beati","Georgia Southern University",
"a16ced22-44f2-4bf4-9584-f6a2fa64255b","SERC_002.tickPlot.tck","SERC_002","2018-05-21T14:36Z","2018-09-20T16:00Z","SERC_002.20180521","SERC_002.20180521.AMBAME.N","Amblyomma americanum","AMBAME","species","Ixodidae",,,,"Amblyomma",,"americanum",,,"Cooley, R. A. and G. M. Kohls. 1944. The genus Amblyomma (ixodidae) in the United States. The Journal of Parasitology, 30(2):77-111.","GSU_tickIdentification_SOP_2016-11-01.pdf","Linnaeus","Nymph",21,"OK","90% ethanol","USNMENT01482262",,"Lorenza Beati","Georgia Southern University",
"a1b120b9-d678-49fb-89f4-5c6828b1521c","SERC_002.tickPlot.tck","SERC_002","2018-05-21T14:36Z","2018-09-20T16:00Z","SERC_002.20180521","SERC_002.20180521.AMBAME.F","Amblyomma americanum","AMBAME","species","Ixodidae",,,,"Amblyomma",,"americanum",,,"Cooley, R. A. and G. M. Kohls. 1944. The genus Amblyomma (ixodidae) in the United States. The Journal of Parasitology, 30(2):77-111.","GSU_tickIdentification_SOP_2016-11-01.pdf","Linnaeus","Female",2,"OK","90% ethanol","USNMENT01482277",,"Lorenza Beati","Georgia Southern University",
"3fb3e630-8776-4f10-99ce-a337f0d12d8a","SERC_001.tickPlot.tck","SERC_001","2018-05-21T19:07Z","2018-09-20T16:00Z","SERC_001.20180521","SERC_001.20180521.AMBAME.N","Amblyomma americanum","AMBAME","species","Ixodidae",,,,"Amblyomma",,"americanum",,,"Cooley, R. A. and G. M. Kohls. 1944. The genus Amblyomma (ixodidae) in the United States. The Journal of Parasitology, 30(2):77-111.","GSU_tickIdentification_SOP_2016-11-01.pdf","Linnaeus","Nymph",22,"OK","90% ethanol","USNMENT01482292",,"Lorenza Beati","Georgia Southern University",
"dbbc6f5d-633b-4f50-87ac-819a240f83ef","SERC_001.tickPlot.tck","SERC_001","2018-05-21T19:07Z","2018-09-20T16:00Z","SERC_001.20180521","SERC_001.20180521.IXOSCA.N","Ixodes scapularis","IXOSCA","species","Ixodidae",,,,"Ixodes",,"scapularis",,,"Cooley, R. A. and G. M. Kohls. 1945. The genus Ixodes in North America. National Institute of Health Bulletin, 184.","GSU_tickIdentification_SOP_2016-11-01.pdf","Say","Nymph",17,"OK","90% ethanol","USNMENT01482259",,"Lorenza Beati","Georgia Southern University",
"e5be83eb-b198-43a4-b10d-4300afda0f38","SERC_001.tickPlot.tck","SERC_001","2018-05-21T19:07Z","2018-09-20T16:00Z","SERC_001.20180521","SERC_001.20180521.AMBAME.F","Amblyomma americanum","AMBAME","species","Ixodidae",,,,"Amblyomma",,"americanum",,,"Cooley, R. A. and G. M. Kohls. 1944. The genus Amblyomma (ixodidae) in the United States. The Journal of Parasitology, 30(2):77-111.","GSU_tickIdentification_SOP_2016-11-01.pdf","Linnaeus","Female",1,"OK","90% ethanol","USNMENT01482272",,"Lorenza Beati","Georgia Southern University",
"4dde1240-3e9b-41bb-949c-2dfe127335dc","SERC_006.tickPlot.tck","SERC_006","2018-05-21T20:32Z","2018-09-17T16:00Z","SERC_006.20180521","SERC_006.20180521.AMBAME.M","Amblyomma americanum","AMBAME","species","Ixodidae",,,,"Amblyomma",,"americanum",,,"Cooley, R. A. and G. M. Kohls. 1944. The genus Amblyomma (ixodidae) in the United States. The Journal of Parasitology, 30(2):77-111.","GSU_tickIdentification_SOP_2016-11-01.pdf","Linnaeus","Male",1,"OK","90% ethanol","USNMENT01482255",,"Lorenza Beati","Georgia Southern University",
"d20fb92d-1574-4ade-aa2e-24761c4d2a61","SERC_006.tickPlot.tck","SERC_006","2018-05-21T20:32Z","2018-09-17T16:00Z","SERC_006.20180521","SERC_006.20180521.IXOSCA.N","Ixodes scapularis","IXOSCA","species","Ixodidae",,,,"Ixodes",,"scapularis",,,"Cooley, R. A. and G. M. Kohls. 1945. The genus Ixodes in North America. National Institute of Health Bulletin, 184.","GSU_tickIdentification_SOP_2016-11-01.pdf","Say","Nymph",8,"OK","90% ethanol","USNMENT01482322",,"Lorenza Beati","Georgia Southern University",
"69741c67-26a0-4e5c-85fd-ff1f92322049","SERC_006.tickPlot.tck","SERC_006","2018-05-21T20:32Z","2018-09-17T16:00Z","SERC_006.20180521","SERC_006.20180521.AMBAME.N","Amblyomma americanum","AMBAME","species","Ixodidae",,,,"Amblyomma",,"americanum",,,"Cooley, R. A. and G. M. Kohls. 1944. The genus Amblyomma (ixodidae) in the United States. The Journal of Parasitology, 30(2):77-111.","GSU_tickIdentification_SOP_2016-11-01.pdf","Linnaeus","Nymph",26,"OK","90% ethanol","USNMENT01482300",,"Lorenza Beati","Georgia Southern University",
"80f40e00-0305-4f1f-8320-8b453bc96b60","SERC_012.tickPlot.tck","SERC_012","2018-05-21T20:33Z","2018-09-24T16:00Z","SERC_012.20180521","SERC_012.20180521.AMBAME.N","Amblyomma americanum","AMBAME","species","Ixodidae",,,,"Amblyomma",,"americanum",,,"Cooley, R. A. and G. M. Kohls. 1944. The genus Amblyomma (ixodidae) in the United States. The Journal of Parasitology, 30(2):77-111.","GSU_tickIdentification_SOP_2016-11-01.pdf","Linnaeus","Nymph",4,"OK","90% ethanol","USNMENT01482302",,"Lorenza Beati","Georgia Southern University",
"e1b0c9b8-7f46-4805-9e55-3b698abe05ae","SERC_012.tickPlot.tck","SERC_012","2018-05-21T20:33Z","2018-09-24T16:00Z","SERC_012.20180521","SERC_012.20180521.IXOSCA.N","Ixodes scapularis","IXOSCA","species","Ixodidae",,,,"Ixodes",,"scapularis",,,"Cooley, R. A. and G. M. Kohls. 1945. The genus Ixodes in North America. National Institute of Health Bulletin, 184.","GSU_tickIdentification_SOP_2016-11-01.pdf","Say","Nymph",9,"OK","90% ethanol","USNMENT01482287",,"Lorenza Beati","Georgia Southern University",
"3b103892-6fd7-4d3e-b459-ea9f234d1e06","SERC_005.tickPlot.tck","SERC_005","2018-05-21T21:34Z","2018-09-20T16:00Z","SERC_005.20180521","SERC_005.20180521.AMBAME.N","Amblyomma americanum","AMBAME","species","Ixodidae",,,,"Amblyomma",,"americanum",,,"Cooley, R. A. and G. M. Kohls. 1944. The genus Amblyomma (ixodidae) in the United States. The Journal of Parasitology, 30(2):77-111.","GSU_tickIdentification_SOP_2016-11-01.pdf","Linnaeus","Nymph",11,"OK","90% ethanol","USNMENT01482247",,"Lorenza Beati","Georgia Southern University",
"9c28169b-3204-4a23-b5bb-d237a410aa07","SERC_005.tickPlot.tck","SERC_005","2018-05-21T21:34Z","2018-09-20T16:00Z","SERC_005.20180521","SERC_005.20180521.IXOSCA.N","Ixodes scapularis","IXOSCA","species","Ixodidae",,,,"Ixodes",,"scapularis",,,"Cooley, R. A. and G. M. Kohls. 1945. The genus Ixodes in North America. National Institute of Health Bulletin, 184.","GSU_tickIdentification_SOP_2016-11-01.pdf","Say","Nymph",7,"OK","90% ethanol","USNMENT01482242",,"Lorenza Beati","Georgia Southern University",
"eaf8f7a3-00d2-4e6d-8d00-b7f9df723378","SERC_005.tickPlot.tck","SERC_005","2018-05-21T21:34Z","2018-09-20T16:00Z","SERC_005.20180521","SERC_005.20180521.AMBAME.M","Amblyomma americanum","AMBAME","species","Ixodidae",,,,"Amblyomma",,"americanum",,,"Cooley, R. A. and G. M. Kohls. 1944. The genus Amblyomma (ixodidae) in the United States. The Journal of Parasitology, 30(2):77-111.","GSU_tickIdentification_SOP_2016-11-01.pdf","Linnaeus","Male",2,"OK","90% ethanol","USNMENT01482252",,"Lorenza Beati","Georgia Southern University",
"b58871c2-b345-421b-ba9e-5a1838c96d78","SERC_005.tickPlot.tck","SERC_005","2018-05-21T21:34Z","2018-09-20T16:00Z","SERC_005.20180521","SERC_005.20180521.AMBAME.F","Amblyomma americanum","AMBAME","species","Ixodidae",,,,"Amblyomma",,"americanum",,,"Cooley, R. A. and G. M. Kohls. 1944. The genus Amblyomma (ixodidae) in the United States. The Journal of Parasitology, 30(2):77-111.","GSU_tickIdentification_SOP_2016-11-01.pdf","Linnaeus","Female",1,"OK","90% ethanol","USNMENT01482267",,"Lorenza Beati","Georgia Southern University",
