uid,namedLocation,domainID,siteID,plotID,plotType,nlcdClass,decimalLatitude,decimalLongitude,geodeticDatum,coordinateUncertainty,elevation,elevationUncertainty,collectDate,eventID,sampleID,sampleCode,samplingMethod,totalSampledArea,targetTaxaPresent,adultCount,nymphCount,larvaCount,sampleCondition,samplingProtocolVersion,measuredBy,remarks
"dd00da00-e606-4ea1-b4c5-06c302746fef","SERC_002.tickPlot.tck","D02","SERC","SERC_002","distributed","deciduousForest",38.896262,-76.558166,"WGS84",20.2,17.0,0.3,"2018-05-21T14:36Z","SERC.2018.21","SERC_002.20180521","A00000001420","drag",167,"Y",4,41,0,"No known compromise","NEON.DOC.014045vJ","M7EpIfYzzITs8Y5PIRNBZjG1wPJDljoZp5tr4GwKmKc=",
"40924ebf-75b2-4f9b-97e4-e8cc0ce7d554","SERC_023.tickPlot.tck","D02","SERC","SERC_023","distributed","cultivatedCrops",38.873978,-76.535925,"WGS84",20.1,6.7,0.1,"2018-05-21T15:30Z","SERC.2018.21",,,"drag",150,"N",0,0,0,,"NEON.DOC.014045vJ","ciinOn2RW7L53SAeOrOGD/2onrpbttp+","Wet"
"273ca5f6-ce6c-4c37-83ec-3477d12acf54","SERC_001.tickPlot.tck","D02","SERC","SERC_001","distributed","deciduousForest",38.868186,-76.535306,"WGS84",20.2,2.1,0.2,"2018-05-21T19:07Z","SERC.2018.21","SERC_001.20180521","A00000001535","drag and flag",159,"Y",2,40,0,"Other (described in remarks)","NEON.DOC.014045vJ","M7EpIfYzzITs8Y5PIRNBZjG1wPJDljoZp5tr4GwKmKc=","1 adult and 1 nymph counted but lost"
"a421656d-4d99-47f6-91f2-56c68d64c3bc","SERC_006.tickPlot.tck","D02","SERC","SERC_006","distributed","deciduousForest",38.880025,-76.548376,"WGS84",20.2,2.6,0.3,"2018-05-21T20:32Z","SERC.2018.21","SERC_006.20180521","A00000003317","drag",160,"Y",1,34,0,"No known compromise","NEON.DOC.014045vJ","y91HGrHLk0lZr/DPX16cTMD5ZLTOKHZ4wAmahG5mA10=",
"f2039fc1-d9e2-420b-8f44-8285770aaf36","SERC_012.tickPlot.tck","D02","SERC","SERC_012","distributed","deciduousForest",38.880010,-76.561648,"WGS84",20.2,20.1,0.2,"2018-05-21T20:33Z","SERC.2018.21","SERC_012.20180521","A00000001401","drag",160,"Y",0,13,0,"No known compromise","NEON.DOC.014045vJ","ciinOn2RW7L53SAeOrOGD/2onrpbttp+",
"0660f8ee-024d-483c-aead-3d4b566c45e9","SERC_005.tickPlot.tck","D02","SERC","SERC_005","distributed","deciduousForest",38.894060,-76.546307,"WGS84",20.3,8.5,0.5,"2018-05-21T21:34Z","SERC.2018.21","SERC_005.20180521","A00000003324","drag",139,"Y",3,19,0,"No known compromise","NEON.DOC.014045vJ","y91HGrHLk0lZr/DPX16cTMD5ZLTOKHZ4wAmahG5mA10=","1 dropped nymph included in count"
