uid,namedLocation,date,domainID,siteID,plotID,plotType,nlcdClass,decimalLatitude,decimalLongitude,geodeticDatum,coordinateUncertainty,easting,northing,utmZone,elevation,elevationUncertainty,eventID,samplingProtocolVersion,treesPresent,treesAbsentList,shrubsPresent,shrubsAbsentList,lianasPresent,lianasAbsentList,nestedSubplotAreaShrubSapling,nestedSubplotAreaLiana,totalSampledAreaTrees,totalSampledAreaShrubSapling,totalSampledAreaLiana,remarks,measuredBy,recordedBy,dataQF
"24341bea-8c04-475e-a18a-a47d694635ae","GRSM_052.basePlot.vst","2017-11-01","D07","GRSM","GRSM_052","tower","mixedForest",35.692347,-83.500764,"WGS84",20.2,273716.79,3952708.32,"17N",590.1,0.3,"vst_GRSM_2017","NEON.DOC.000987vG","Y",,"Y",,"Y",,"100","noneSelected",800,400,800,,"W+a35C/f5OeEFcA0E/vzcw1iit76HEIMhVdqeL6jdEY=","ntMKYxYUttiqg+M2We4SbKWIfDoMDecaAZhfwjEr5Eo=",
"50b14263-4e41-4c96-bf83-764a436a3ee9","GRSM_049.basePlot.vst","2017-11-02","D07","GRSM","GRSM_049","tower","deciduousForest",35.687540,-83.497000,"WGS84",20.3,274043.88,3952166.34,"17N",643.2,0.3,"vst_GRSM_2017","NEON.DOC.000987vG","Y",,"Y",,"N",,"25","noneSelected",800,100,800,,"ntMKYxYUttiqg+M2We4SbKWIfDoMDecaAZhfwjEr5Eo=","W+a35C/f5OeEFcA0E/vzcw1iit76HEIMhVdqeL6jdEY=",
"78eea517-714e-4425-a410-022a03650206","GRSM_058.basePlot.vst","2017-11-02","D07","GRSM","GRSM_058","tower","deciduousForest",35.691948,-83.505433,"WGS84",20.2,273293.10,3952674.83,"17N",551.3,0.4,"vst_GRSM_2017","NEON.DOC.000987vG","Y",,"Y",,"Y",,"100","noneSelected",800,400,800,,"ntMKYxYUttiqg+M2We4SbKWIfDoMDecaAZhfwjEr5Eo=","W+a35C/f5OeEFcA0E/vzcw1iit76HEIMhVdqeL6jdEY=",
"368131be-fdad-44bd-8bfb-3ddaad340cea","GRSM_062.basePlot.vst","2017-11-06","D07","GRSM","GRSM_062","tower","deciduousForest",35.693342,-83.502845,"WGS84",20.1,273531.27,3952823.51,"17N",579.0,0.1,"vst_GRSM_2017","NEON.DOC.000987vG","Y",,"Y",,"N",,"25","noneSelected",800,100,800,,"o8zDrSGfNRHXTwkNXPAdRAjPrJVp6LTtS+vSpO9tqxI=","hQmM94qCox9ShahsI96Rwu1g4XhuHnzKb5LUIgjnDlo=",
"a1885afa-25b6-454d-ab56-d6f628d1747a","GRSM_057.basePlot.vst","2017-11-07","D07","GRSM","GRSM_057","tower","deciduousForest",35.686589,-83.502284,"WGS84",20.3,273562.94,3952073.01,"17N",592.2,0.4,"vst_GRSM_2017","NEON.DOC.000987vE","Y",,"Y",,"Y",,"100","noneSelected",800,400,800,,"o8zDrSGfNREfY7eUxha3x2psXnRhKRxa","hQmM94qCox9ShahsI96Rwu1g4XhuHnzKb5LUIgjnDlo=",
"8f0a6dc4-32f2-4ff5-877b-a7fee149b363","GRSM_047.basePlot.vst","2017-11-08","D07","GRSM","GRSM_047","tower","deciduousForest",35.687618,-83.506289,"WGS84",20.1,273203.36,3952196.42,"17N",657.3,0.1,"vst_GRSM_2017","NEON.DOC.000987vE","Y",,"Y",,"N",,"25","noneSelected",800,100,800,,"cAMnPe2IGlgiVRcJZXRLOWg7s1vzvr1PiVXcYdMqxYU=","W+a35C/f5OeEFcA0E/vzcw1iit76HEIMhVdqeL6jdEY=",
"1a942cff-953d-4713-a087-e953ab2c08d6","GRSM_061.basePlot.vst","2017-11-13","D07","GRSM","GRSM_061","tower","deciduousForest",35.685733,-83.505223,"WGS84",20.1,273294.51,3951984.83,"17N",665.2,0.2,"vst_GRSM_2017","NEON.DOC.000987vE","Y",,"Y",,"N",,"25","25",800,100,100,,"W+a35C/f5OeEFcA0E/vzcw1iit76HEIMhVdqeL6jdEY=","cAMnPe2IGlgiVRcJZXRLOWg7s1vzvr1PiVXcYdMqxYU=",
"99ae2dc8-f744-47cd-a164-055d4afa7070","GRSM_051.basePlot.vst","2017-11-14","D07","GRSM","GRSM_051","tower","deciduousForest",35.688413,-83.507293,"WGS84",20.1,273114.74,3952286.94,"17N",657.4,0.3,"vst_GRSM_2017","NEON.DOC.000987vE","Y",,"Y",,"N",,"10","noneSelected",800,40,800,,"cAMnPe2IGlgiVRcJZXRLOWg7s1vzvr1PiVXcYdMqxYU=","W+a35C/f5OeEFcA0E/vzcw1iit76HEIMhVdqeL6jdEY=",
"53c9f640-3c91-4dba-a8d4-ad087be2628c","GRSM_059.basePlot.vst","2017-11-14","D07","GRSM","GRSM_059","tower","deciduousForest",35.686508,-83.506607,"WGS84",20.2,273171.43,3952074.01,"17N",655.0,0.3,"vst_GRSM_2017","NEON.DOC.000987vE","Y",,"Y",,"N",,"25","noneSelected",800,100,800,,"cAMnPe2IGlgiVRcJZXRLOWg7s1vzvr1PiVXcYdMqxYU=","W+a35C/f5OeEFcA0E/vzcw1iit76HEIMhVdqeL6jdEY=",
"028a04fb-1e02-4e9a-a5ed-b4f19e3f6f05","GRSM_060.basePlot.vst","2017-11-15","D07","GRSM","GRSM_060","tower","deciduousForest",35.686007,-83.503986,"WGS84",20.2,273407.24,3952012.37,"17N",639.1,0.3,"vst_GRSM_2017","NEON.DOC.000987vE","Y",,"Y",,"N",,"25","25",800,100,100,,"cAMnPe2IGlgiVRcJZXRLOWg7s1vzvr1PiVXcYdMqxYU=","W+a35C/f5OeEFcA0E/vzcw1iit76HEIMhVdqeL6jdEY=",
"68895655-0e68-4032-810c-f48f46066cb6","GRSM_063.basePlot.vst","2017-11-28","D07","GRSM","GRSM_063","tower","deciduousForest",35.684768,-83.498909,"WGS84",20.2,273863.27,3951863.21,"17N",626.8,0.3,"vst_GRSM_2017","NEON.DOC.000987vE","Y",,"Y",,"Y",,"100","noneSelected",800,400,800,,"o8zDrSGfNRHXTwkNXPAdRAjPrJVp6LTtS+vSpO9tqxI=","xvXXx2Yfvlgbr4WjL8siVejDyLo38hAGJ4Ae5VMHZ/o=",
"e58d1b79-b0b8-4f9d-9b98-0662441f70ae","GRSM_053.basePlot.vst","2017-11-28","D07","GRSM","GRSM_053","tower","deciduousForest",35.685026,-83.500254,"WGS84",20.2,273742.26,3951894.93,"17N",619.9,0.3,"vst_GRSM_2017","NEON.DOC.000987vE","Y",,"Y",,"N",,"100","noneSelected",800,400,800,,"o8zDrSGfNRHXTwkNXPAdRAjPrJVp6LTtS+vSpO9tqxI=","xvXXx2Yfvlgbr4WjL8siVejDyLo38hAGJ4Ae5VMHZ/o=",
"df715e45-b7ac-4073-9a93-0b1b20f3f381","GRSM_050.basePlot.vst","2017-11-29","D07","GRSM","GRSM_050","tower","deciduousForest",35.684969,-83.503885,"WGS84",20.2,273413.45,3951896.98,"17N",673.0,0.3,"vst_GRSM_2017","NEON.DOC.000987vE","Y",,"Y",,"Y",,"100","noneSelected",800,400,800,,"o8zDrSGfNRHXTwkNXPAdRAjPrJVp6LTtS+vSpO9tqxI=","xvXXx2Yfvlgbr4WjL8siVejDyLo38hAGJ4Ae5VMHZ/o=",
"9d12da86-1720-472d-896b-ee3491a69026","GRSM_055.basePlot.vst","2017-11-29","D07","GRSM","GRSM_055","tower","deciduousForest",35.685524,-83.502249,"WGS84",20.1,273563.10,3951954.78,"17N",624.4,0.2,"vst_GRSM_2017","NEON.DOC.000987vE","Y",,"Y",,"N",,"25","noneSelected",800,100,800,,"o8zDrSGfNRHXTwkNXPAdRAjPrJVp6LTtS+vSpO9tqxI=","xvXXx2Yfvlgbr4WjL8siVejDyLo38hAGJ4Ae5VMHZ/o=",
"38fd9881-cc56-4925-bd7e-3d815e3c17b4","GRSM_056.basePlot.vst","2017-11-29","D07","GRSM","GRSM_056","tower","deciduousForest",35.687094,-83.504948,"WGS84",20.1,273323.25,3952135.19,"17N",635.0,0.2,"vst_GRSM_2017","NEON.DOC.000987vE","Y",,"Y",,"N",,"10","noneSelected",800,40,800,,"o8zDrSGfNRHXTwkNXPAdRAjPrJVp6LTtS+vSpO9tqxI=","xvXXx2Yfvlgbr4WjL8siVejDyLo38hAGJ4Ae5VMHZ/o=",
"3e755837-d10a-433e-a186-dc0e28cf6692","GRSM_048.basePlot.vst","2017-11-30","D07","GRSM","GRSM_048","tower","deciduousForest",35.685860,-83.498951,"WGS84",20.1,273862.55,3951984.45,"17N",602.9,0.2,"vst_GRSM_2017","NEON.DOC.000987vE","Y",,"Y",,"Y",,"100","noneSelected",800,400,800,,"o8zDrSGfNRHXTwkNXPAdRAjPrJVp6LTtS+vSpO9tqxI=","xvXXx2Yfvlgbr4WjL8siVejDyLo38hAGJ4Ae5VMHZ/o=",
