uid,namedLocation,domainID,siteID,plotID,plotType,nlcdClass,decimalLatitude,decimalLongitude,geodeticDatum,coordinateUncertainty,elevation,elevationUncertainty,collectDate,eventID,sampleID,sampleCode,samplingMethod,totalSampledArea,targetTaxaPresent,adultCount,nymphCount,larvaCount,sampleCondition,samplingProtocolVersion,measuredBy,remarks
"3827ed12-d03f-485f-9611-fc25136dc322","STER_006.tickPlot.tck","D10","STER","STER_006","distributed","cultivatedCrops",40.465644,-103.032824,"WGS84",20.1,1361.1,0.1,"2016-10-13T15:45Z","STER.2016.41",,,"drag",162,"N",0,0,0,"No known compromise","NEON.DOC.014045vG","EWrRKg8wzIMaNrWK6a7MhpXyyIIOA6PNDE6EHntJeoM=",
"7d0352cd-7a1c-4573-bae9-e8c28c2ae7af","STER_029.tickPlot.tck","D10","STER","STER_029","distributed","cultivatedCrops",40.469400,-103.010366,"WGS84",20.2,1352.6,0.3,"2016-10-13T16:41Z","STER.2016.41",,,"drag",160,"N",0,0,0,"No known compromise","NEON.DOC.014045vG","1dFEKNySUBNuq4xEVAo4quQhHklgSxBG",
"81239c44-c69e-4ca0-bb09-8fb3d3b868b4","STER_028.tickPlot.tck","D10","STER","STER_028","distributed","cultivatedCrops",40.472367,-103.017002,"WGS84",20.2,1358.2,0.3,"2016-10-13T17:38Z","STER.2016.41",,,"drag",160,"N",0,0,0,"No known compromise","NEON.DOC.014045vG","EWrRKg8wzIMaNrWK6a7MhpXyyIIOA6PNDE6EHntJeoM=",
"c6df7b28-7b6a-4875-9524-1d606490d001","STER_026.tickPlot.tck","D10","STER","STER_026","distributed","cultivatedCrops",40.474857,-103.022558,"WGS84",20.2,1358.2,0.2,"2016-10-13T19:49Z","STER.2016.41",,,"drag",160,"N",0,0,0,"No known compromise","NEON.DOC.014045vG","1dFEKNySUBNuq4xEVAo4quQhHklgSxBG",
"ae8e029d-5a7c-4d74-998f-1cec7c34560f","STER_027.tickPlot.tck","D10","STER","STER_027","distributed","cultivatedCrops",40.480002,-103.017416,"WGS84",20.2,1365.6,0.2,"2016-10-13T20:38Z","STER.2016.41",,,"drag",160,"N",0,0,0,"No known compromise","NEON.DOC.014045vG","EWrRKg8wzIMaNrWK6a7MhpXyyIIOA6PNDE6EHntJeoM=",
"e7952b9c-76f7-4073-8bd2-6c987773e9ea","STER_033.tickPlot.tck","D10","STER","STER_033","distributed","cultivatedCrops",40.476290,-103.010114,"WGS84",20.2,1355.1,0.2,"2016-10-13T21:24Z","STER.2016.41",,,"drag",160,"N",0,0,0,"No known compromise","NEON.DOC.014045vG","1dFEKNySUBNuq4xEVAo4quQhHklgSxBG",
