uid,namedLocation,domainID,siteID,plotID,plotType,nlcdClass,decimalLatitude,decimalLongitude,geodeticDatum,coordinateUncertainty,elevation,elevationUncertainty,collectDate,eventID,sampleID,sampleCode,samplingMethod,totalSampledArea,targetTaxaPresent,adultCount,nymphCount,larvaCount,sampleCondition,samplingProtocolVersion,measuredBy,remarks
"5e303e31-854d-4577-b7b3-9980ab2c16d0","MOAB_005.tickPlot.tck","D13","MOAB","MOAB_005","distributed","shrubScrub",38.210851,-109.402026,"WGS84",20.1,1763.5,0.1,"2015-08-04T18:25Z","MOAB.2015.31",,,"drag",168,"N",0,0,,,"NEON.DOC.014045vF","rH0y25EZ/wo8rEp9/Jz97aFnOA2p/2o2","Deviation 1.5+1.0+1.5+1.5+2.0=7.5m"
"26fe340d-82b5-4439-a2d4-99414d7bcbf4","MOAB_002.tickPlot.tck","D13","MOAB","MOAB_002","distributed","shrubScrub",38.211659,-109.413380,"WGS84",20.1,1770.3,0.1,"2015-08-04T19:51Z","MOAB.2015.31",,,"drag and flag",164,"N",0,0,,,"NEON.DOC.014045vF","rH0y25EZ/wo8rEp9/Jz97aFnOA2p/2o2","Deviation: 1.5+2.0=3.5m Flag: 0.25m"
"d74376d0-c706-4357-832b-7fcc7e0ef135","MOAB_003.tickPlot.tck","D13","MOAB","MOAB_003","distributed","evergreenForest",38.261626,-109.347802,"WGS84",20.2,2013.4,0.5,"2015-08-05T16:15Z","MOAB.2015.31",,,"drag and flag",169,"N",0,0,,,"NEON.DOC.014045vF","rH0y25EZ/wo8rEp9/Jz97aFnOA2p/2o2","Split sampling into 2 days due to overnight rain event on 8/4/2015. Site dried out later in the day and sampling was resumed. Deviation: 2.0+0.25+1+1.25+0.25+2.25+2=9m Flag: 1.5+0.25+0.5+2+3+1+2+2+2+3=15.5m"
"69dec066-30f0-4d3f-ba6a-5c14d8cd43f8","MOAB_001.tickPlot.tck","D13","MOAB","MOAB_001","distributed","shrubScrub",38.258888,-109.413897,"WGS84",20.1,1804.0,0.1,"2015-08-05T19:11Z","MOAB.2015.31",,,"drag and flag",167,"N",0,0,,,"NEON.DOC.014045vF","rH0y25EZ/wo8rEp9/Jz97aFnOA2p/2o2","Split sampling into 2 days due to overnight rain event on 8/4/2015. Site dried out later in the day and sampling was resumed. Deviation 0.75+2+3+1.25=7m Flag 0.5+1+0.25=1.75m"
"b18d7a6b-9f99-41cc-bf09-b5f4d963d6b7","MOAB_006.tickPlot.tck","D13","MOAB","MOAB_006","distributed","shrubScrub",38.235080,-109.406067,"WGS84",20.1,1759.8,0.1,"2015-08-05T20:44Z","MOAB.2015.31",,,"drag and flag",168,"N",0,0,,,"NEON.DOC.014045vF","rH0y25EZ/wo8rEp9/Jz97aFnOA2p/2o2","Split sampling into 2 days due to overnight rain event on 8/4/2015. Site dried out later in the day and sampling was resumed. Deviation 0.5+0.25+3.0+3+1.5=8.25m Flag 1+0.5+0.5=2m"
"3afd6f1f-19f1-48af-bce8-d9ce07de3c46","MOAB_004.tickPlot.tck","D13","MOAB","MOAB_004","distributed","shrubScrub",38.234505,-109.398111,"WGS84",20.1,1763.9,0.1,"2015-08-05T21:56Z","MOAB.2015.31",,,"drag",160,"N",0,0,,,"NEON.DOC.014045vF","rH0y25EZ/wo8rEp9/Jz97aFnOA2p/2o2","Split sampling into 2 days due to overnight rain event on 8/4/2015. Site dried out later in the day and sampling was resumed. Deviation=0.5"
