uid,namedLocation,plotID,collectDate,identifiedDate,sampleID,subsampleID,scientificName,acceptedTaxonID,taxonRank,family,subfamily,tribe,subtribe,genus,subgenus,specificEpithet,infraspecificEpithet,identificationQualifier,identificationReferences,identificationProtocolVersion,scientificNameAuthorship,sexOrAge,individualCount,sampleCondition,archiveMedium,archiveFacilityID,deprecatedVialID,identifiedBy,laboratoryName,remarks
"298c647b-1e4a-4cff-af06-852e2c8f7ff8","UKFS_003.tickPlot.tck","UKFS_003","2015-07-13T14:16Z","2016-06-27T16:00Z","UKFS_003.20150713","UKFS_003.20150713.DERVAR.M","Dermacentor variabilis","DERVAR","species","Ixodidae",,,,"Dermacentor",,"variabilis",,,"Yunker, C. E., Keirans, J. E., Clifford, C. M., and E. R. Easton. 1986. Dermacentor ticks (Acari: Ixodoidea: Ixodidae) of the New World: a scanning electron microscope atlas. Proceedings of the Entomological Society of Washington, 88(4):609-627.","GSU_tickIdentification_SOP_2016-11-01.pdf","Say","Male",1,"OK","90% ethanol","127053",,"L. Beati","Georgia Southern University",
"b5caa4dd-ed2a-44ab-aecc-4aec2eeb9b89","UKFS_003.tickPlot.tck","UKFS_003","2015-07-13T14:16Z","2016-06-27T12:00Z","UKFS_003.20150713","UKFS_003.20150713.AMBAME.N","Amblyomma americanum","AMBAME","species","Ixodidae",,,,"Amblyomma",,"americanum",,,"Cooley, R. A. and G. M. Kohls. 1944. The genus Amblyomma (ixodidae) in the United States. The Journal of Parasitology, 30(2):77-111.","GSU_tickIdentification_SOP_2016-11-01.pdf","Linnaeus","Nymph",9,"OK","95% ethanol","127053",,"L. Beati","Georgia Southern University",
"eac26bc4-6fca-46b5-afb3-107cb0bd9b21","UKFS_003.tickPlot.tck","UKFS_003","2015-07-13T14:16Z","2016-06-27T16:00Z","UKFS_003.20150713","UKFS_003.20150713.DERVAR.F","Dermacentor variabilis","DERVAR","species","Ixodidae",,,,"Dermacentor",,"variabilis",,,"Yunker, C. E., Keirans, J. E., Clifford, C. M., and E. R. Easton. 1986. Dermacentor ticks (Acari: Ixodoidea: Ixodidae) of the New World: a scanning electron microscope atlas. Proceedings of the Entomological Society of Washington, 88(4):609-627.","GSU_tickIdentification_SOP_2016-11-01.pdf","Say","Female",2,"OK","90% ethanol","127053",,"L. Beati","Georgia Southern University",
"d1fe4af3-ef50-41a2-8eb1-344b9d22da72","UKFS_003.tickPlot.tck","UKFS_003","2015-07-13T14:16Z","2016-06-27T16:00Z","UKFS_003.20150713","UKFS_003.20150713.AMBAME.F","Amblyomma americanum","AMBAME","species","Ixodidae",,,,"Amblyomma",,"americanum",,,"Cooley, R. A. and G. M. Kohls. 1944. The genus Amblyomma (ixodidae) in the United States. The Journal of Parasitology, 30(2):77-111.","GSU_tickIdentification_SOP_2016-11-01.pdf","Linnaeus","Female",1,"OK","90% ethanol","127053",,"L. Beati","Georgia Southern University",
"f79d8688-be21-4241-8413-a1c77da65f2e","UKFS_018.tickPlot.tck","UKFS_018","2015-07-13T15:10Z","2016-06-27T16:00Z","UKFS_018.20150713","UKFS_018.20150713.AMBAME.N","Amblyomma americanum","AMBAME","species","Ixodidae",,,,"Amblyomma",,"americanum",,,"Cooley, R. A. and G. M. Kohls. 1944. The genus Amblyomma (ixodidae) in the United States. The Journal of Parasitology, 30(2):77-111.","GSU_tickIdentification_SOP_2016-11-01.pdf","Linnaeus","Nymph",1,"OK","90% ethanol","127054",,"L. Beati","Georgia Southern University",
"0ad9cfa8-a37b-4e9d-85de-f279b5775b22","UKFS_002.tickPlot.tck","UKFS_002","2015-07-13T16:41Z","2016-06-27T16:00Z","UKFS_002.20150713","UKFS_002.20150713.AMBAME.L","Amblyomma americanum","AMBAME","species","Ixodidae",,,,"Amblyomma",,"americanum",,,"Cooley, R. A. and G. M. Kohls. 1944. The genus Amblyomma (ixodidae) in the United States. The Journal of Parasitology, 30(2):77-111.","GSU_tickIdentification_SOP_2016-11-01.pdf","Linnaeus","Larva",1,"OK","90% ethanol","127055",,"L. Beati","Georgia Southern University",
"f054273e-2a85-4842-8e17-896d9cbdb5eb","UKFS_002.tickPlot.tck","UKFS_002","2015-07-13T16:41Z","2016-06-27T12:00Z","UKFS_002.20150713","UKFS_002.20150713.AMBAME.N","Amblyomma americanum","AMBAME","species","Ixodidae",,,,"Amblyomma",,"americanum",,,"Cooley, R. A. and G. M. Kohls. 1944. The genus Amblyomma (ixodidae) in the United States. The Journal of Parasitology, 30(2):77-111.","GSU_tickIdentification_SOP_2016-11-01.pdf","Linnaeus","Nymph",2,"OK","95% ethanol","127055",,"L. Beati","Georgia Southern University",
"85612719-c409-42ae-9591-dc4eebdadb75","UKFS_004.tickPlot.tck","UKFS_004","2015-07-13T17:49Z","2016-06-28T12:00Z","UKFS_004.20150713","UKFS_004.20150713.AMBAME.N","Amblyomma americanum","AMBAME","species","Ixodidae",,,,"Amblyomma",,"americanum",,,"Cooley, R. A. and G. M. Kohls. 1944. The genus Amblyomma (ixodidae) in the United States. The Journal of Parasitology, 30(2):77-111.","GSU_tickIdentification_SOP_2016-11-01.pdf","Linnaeus","Nymph",7,"OK","95% ethanol","127056",,"L. Beati","Georgia Southern University",
"39985b95-269e-4961-a3b1-a631eb8d5f36","UKFS_004.tickPlot.tck","UKFS_004","2015-07-13T17:49Z","2016-06-28T16:00Z","UKFS_004.20150713","UKFS_004.20150713.AMBAME.M","Amblyomma americanum","AMBAME","species","Ixodidae",,,,"Amblyomma",,"americanum",,,"Cooley, R. A. and G. M. Kohls. 1944. The genus Amblyomma (ixodidae) in the United States. The Journal of Parasitology, 30(2):77-111.","GSU_tickIdentification_SOP_2016-11-01.pdf","Linnaeus","Male",5,"OK","90% ethanol","127056",,"L. Beati","Georgia Southern University",
"3b64dfb5-9d90-4bf0-b65a-998f6c1ea59b","UKFS_004.tickPlot.tck","UKFS_004","2015-07-13T17:49Z","2016-06-28T16:00Z","UKFS_004.20150713","UKFS_004.20150713.AMBAME.F","Amblyomma americanum","AMBAME","species","Ixodidae",,,,"Amblyomma",,"americanum",,,"Cooley, R. A. and G. M. Kohls. 1944. The genus Amblyomma (ixodidae) in the United States. The Journal of Parasitology, 30(2):77-111.","GSU_tickIdentification_SOP_2016-11-01.pdf","Linnaeus","Female",6,"OK","90% ethanol","127056",,"L. Beati","Georgia Southern University",
"bfa0d95b-9fba-4c15-8860-3c98957c0bd9","UKFS_001.tickPlot.tck","UKFS_001","2015-07-13T19:06Z","2016-06-28T16:00Z","UKFS_001.20150713","UKFS_001.20150713.AMBAME.F","Amblyomma americanum","AMBAME","species","Ixodidae",,,,"Amblyomma",,"americanum",,,"Cooley, R. A. and G. M. Kohls. 1944. The genus Amblyomma (ixodidae) in the United States. The Journal of Parasitology, 30(2):77-111.","GSU_tickIdentification_SOP_2016-11-01.pdf","Linnaeus","Female",4,"OK","90% ethanol","127057",,"L. Beati","Georgia Southern University","77 identified, only 62 billed"
"81b30288-e87b-47ad-aa6e-3acf50601313","UKFS_001.tickPlot.tck","UKFS_001","2015-07-13T19:06Z","2016-06-28T12:00Z","UKFS_001.20150713","UKFS_001.20150713.AMBAME.N","Amblyomma americanum","AMBAME","species","Ixodidae",,,,"Amblyomma",,"americanum",,,"Cooley, R. A. and G. M. Kohls. 1944. The genus Amblyomma (ixodidae) in the United States. The Journal of Parasitology, 30(2):77-111.","GSU_tickIdentification_SOP_2016-11-01.pdf","Linnaeus","Nymph",70,"OK","95% ethanol","127057",,"L. Beati","Georgia Southern University","77 identified, only 62 billed"
"2352505e-8629-4b5b-bd5e-e88b018e96e4","UKFS_001.tickPlot.tck","UKFS_001","2015-07-13T19:06Z","2016-06-28T16:00Z","UKFS_001.20150713","UKFS_001.20150713.AMBAME.M","Amblyomma americanum","AMBAME","species","Ixodidae",,,,"Amblyomma",,"americanum",,,"Cooley, R. A. and G. M. Kohls. 1944. The genus Amblyomma (ixodidae) in the United States. The Journal of Parasitology, 30(2):77-111.","GSU_tickIdentification_SOP_2016-11-01.pdf","Linnaeus","Male",3,"OK","90% ethanol","127057",,"L. Beati","Georgia Southern University","77 identified, only 62 billed"
"87126461-7a40-4a9f-9a56-74623122ef2a","UKFS_001.tickPlot.tck","UKFS_001","2015-07-28T14:20Z","2016-06-28T16:00Z","UKFS_001.20150728","UKFS_001.20150728.AMBAME.F","Amblyomma americanum","AMBAME","species","Ixodidae",,,,"Amblyomma",,"americanum",,,"Cooley, R. A. and G. M. Kohls. 1944. The genus Amblyomma (ixodidae) in the United States. The Journal of Parasitology, 30(2):77-111.","GSU_tickIdentification_SOP_2016-11-01.pdf","Linnaeus","Female",2,"OK","90% ethanol","127062",,"L. Beati","Georgia Southern University",
"93dd27f8-eb10-4965-b30a-1a7925f402dd","UKFS_001.tickPlot.tck","UKFS_001","2015-07-28T14:20Z","2016-06-28T16:00Z","UKFS_001.20150728","UKFS_001.20150728.AMBAME.L","Amblyomma americanum","AMBAME","species","Ixodidae",,,,"Amblyomma",,"americanum",,,"Cooley, R. A. and G. M. Kohls. 1944. The genus Amblyomma (ixodidae) in the United States. The Journal of Parasitology, 30(2):77-111.","GSU_tickIdentification_SOP_2016-11-01.pdf","Linnaeus","Larva",1,"OK","90% ethanol","127062",,"L. Beati","Georgia Southern University",
"7f280ef5-a3c9-4a55-aa53-e36c18d4414a","UKFS_001.tickPlot.tck","UKFS_001","2015-07-28T14:20Z","2016-06-28T12:00Z","UKFS_001.20150728","UKFS_001.20150728.AMBAME.N","Amblyomma americanum","AMBAME","species","Ixodidae",,,,"Amblyomma",,"americanum",,,"Cooley, R. A. and G. M. Kohls. 1944. The genus Amblyomma (ixodidae) in the United States. The Journal of Parasitology, 30(2):77-111.","GSU_tickIdentification_SOP_2016-11-01.pdf","Linnaeus","Nymph",58,"OK","95% ethanol","127062",,"L. Beati","Georgia Southern University",
"747c70fe-eb38-4028-b033-efe0876d8bb9","UKFS_004.tickPlot.tck","UKFS_004","2015-07-28T18:25Z","2016-06-27T12:00Z","UKFS_004.20150728","UKFS_004.20150728.AMBAME.N","Amblyomma americanum","AMBAME","species","Ixodidae",,,,"Amblyomma",,"americanum",,,"Cooley, R. A. and G. M. Kohls. 1944. The genus Amblyomma (ixodidae) in the United States. The Journal of Parasitology, 30(2):77-111.","GSU_tickIdentification_SOP_2016-11-01.pdf","Linnaeus","Nymph",14,"OK","95% ethanol","127064",,"L. Beati","Georgia Southern University",
"ae9a47d9-83a7-4459-a72d-54f5a258ad6b","UKFS_004.tickPlot.tck","UKFS_004","2015-07-28T18:25Z","2016-06-27T16:00Z","UKFS_004.20150728","UKFS_004.20150728.AMBAME.M","Amblyomma americanum","AMBAME","species","Ixodidae",,,,"Amblyomma",,"americanum",,,"Cooley, R. A. and G. M. Kohls. 1944. The genus Amblyomma (ixodidae) in the United States. The Journal of Parasitology, 30(2):77-111.","GSU_tickIdentification_SOP_2016-11-01.pdf","Linnaeus","Male",1,"OK","90% ethanol","127064",,"L. Beati","Georgia Southern University",
"333f90b2-3537-4a3a-94e4-a152cc4c76e5","UKFS_004.tickPlot.tck","UKFS_004","2015-07-28T18:25Z","2016-06-27T16:00Z","UKFS_004.20150728","UKFS_004.20150728.AMBAME.F","Amblyomma americanum","AMBAME","species","Ixodidae",,,,"Amblyomma",,"americanum",,,"Cooley, R. A. and G. M. Kohls. 1944. The genus Amblyomma (ixodidae) in the United States. The Journal of Parasitology, 30(2):77-111.","GSU_tickIdentification_SOP_2016-11-01.pdf","Linnaeus","Female",2,"OK","90% ethanol","127064",,"L. Beati","Georgia Southern University",
"3a23f449-b0b9-453e-8744-b7b64c18824e","UKFS_004.tickPlot.tck","UKFS_004","2015-07-28T18:25Z","2016-06-27T16:00Z","UKFS_004.20150728","UKFS_004.20150728.AMBAME.L","Amblyomma americanum","AMBAME","species","Ixodidae",,,,"Amblyomma",,"americanum",,,"Cooley, R. A. and G. M. Kohls. 1944. The genus Amblyomma (ixodidae) in the United States. The Journal of Parasitology, 30(2):77-111.","GSU_tickIdentification_SOP_2016-11-01.pdf","Linnaeus","Larva",1,"OK","90% ethanol","127064",,"L. Beati","Georgia Southern University",
"8dd1b4d0-d56d-43a5-8eb7-4e3acb79758a","UKFS_003.tickPlot.tck","UKFS_003","2015-07-28T20:42Z","2016-06-28T12:00Z","UKFS_003.20150728","UKFS_003.20150728.AMBAME.N","Amblyomma americanum","AMBAME","species","Ixodidae",,,,"Amblyomma",,"americanum",,,"Cooley, R. A. and G. M. Kohls. 1944. The genus Amblyomma (ixodidae) in the United States. The Journal of Parasitology, 30(2):77-111.","GSU_tickIdentification_SOP_2016-11-01.pdf","Linnaeus","Nymph",9,"OK","95% ethanol","127066",,"L. Beati","Georgia Southern University",
"073d9fbe-0aca-4964-be6f-96c9146d7cf4","UKFS_003.tickPlot.tck","UKFS_003","2015-07-28T20:42Z","2016-06-28T16:00Z","UKFS_003.20150728","UKFS_003.20150728.AMBAME.L","Amblyomma americanum","AMBAME","species","Ixodidae",,,,"Amblyomma",,"americanum",,,"Cooley, R. A. and G. M. Kohls. 1944. The genus Amblyomma (ixodidae) in the United States. The Journal of Parasitology, 30(2):77-111.","GSU_tickIdentification_SOP_2016-11-01.pdf","Linnaeus","Larva",1,"OK","90% ethanol","127066",,"L. Beati","Georgia Southern University",
"61ce51cc-e647-4f16-85ba-d7eafdb30361","UKFS_003.tickPlot.tck","UKFS_003","2015-07-28T20:42Z","2016-06-28T16:00Z","UKFS_003.20150728","UKFS_003.20150728.AMBAME.F","Amblyomma americanum","AMBAME","species","Ixodidae",,,,"Amblyomma",,"americanum",,,"Cooley, R. A. and G. M. Kohls. 1944. The genus Amblyomma (ixodidae) in the United States. The Journal of Parasitology, 30(2):77-111.","GSU_tickIdentification_SOP_2016-11-01.pdf","Linnaeus","Female",2,"OK","90% ethanol","127066",,"L. Beati","Georgia Southern University",
