uid,namedLocation,domainID,siteID,plotID,plotType,nlcdClass,decimalLatitude,decimalLongitude,geodeticDatum,coordinateUncertainty,elevation,elevationUncertainty,collectDate,eventID,sampleID,sampleCode,samplingMethod,totalSampledArea,targetTaxaPresent,adultCount,nymphCount,larvaCount,sampleCondition,samplingProtocolVersion,measuredBy,remarks
"ed66ac60-f7e2-4e5c-a41e-38808847a614","UKFS_003.tickPlot.tck","D06","UKFS","UKFS_003","distributed","deciduousForest",39.053769,-95.187084,"WGS84",20.1,323.1,0.1,"2015-07-13T14:16Z","UKFS.2015.28","UKFS_003.20150713",,"drag and flag",160,"Y",4,7,,"No known compromise","NEON.DOC.014045vF","77todYjt/jkS7ch3SPrT+HLnOarQO0yI",
"d6648182-6cfa-4da3-a07f-629ae4d812de","UKFS_018.tickPlot.tck","D06","UKFS","UKFS_018","distributed","grasslandHerbaceous",39.053205,-95.194659,"WGS84",20.1,325.8,0.1,"2015-07-13T15:10Z","UKFS.2015.28","UKFS_018.20150713",,"drag",160,"Y",0,1,,"No known compromise","NEON.DOC.014045vF","77todYjt/jkS7ch3SPrT+HLnOarQO0yI",
"eab80604-2733-4982-9bf6-1fc5802e6341","UKFS_030.tickPlot.tck","D06","UKFS","UKFS_030","distributed","grasslandHerbaceous",39.045115,-95.213433,"WGS84",20.1,321.9,0.1,"2015-07-13T16:11Z","UKFS.2015.28",,,"drag",160,"N",0,0,,,"NEON.DOC.014045vF","77todYjt/jkS7ch3SPrT+HLnOarQO0yI","No ticks collected, no vial generated."
"6149ce4b-4b6a-4802-91f2-278132e8cf7f","UKFS_002.tickPlot.tck","D06","UKFS","UKFS_002","distributed","deciduousForest",39.045892,-95.207026,"WGS84",20.1,316.0,0.2,"2015-07-13T16:41Z","UKFS.2015.28","UKFS_002.20150713",,"drag and flag",160,"Y",0,2,,"No known compromise","NEON.DOC.014045vF","77todYjt/jkS7ch3SPrT+HLnOarQO0yI",
"7e8f8fba-bccc-426f-b1e1-ba6c4e548529","UKFS_004.tickPlot.tck","D06","UKFS","UKFS_004","distributed","deciduousForest",39.043188,-95.201000,"WGS84",20.1,320.0,0.2,"2015-07-13T17:49Z","UKFS.2015.28","UKFS_004.20150713",,"drag and flag",160,"Y",10,8,,"No known compromise","NEON.DOC.014045vF","77todYjt/jkS7ch3SPrT+HLnOarQO0yI",
"9c09454a-7c88-43ce-99d9-06326f2047b8","UKFS_001.tickPlot.tck","D06","UKFS","UKFS_001","distributed","deciduousForest",39.037238,-95.198631,"WGS84",20.1,322.7,0.1,"2015-07-13T19:06Z","UKFS.2015.28","UKFS_001.20150713",,"drag and flag",160,"Y",9,92,,"No known compromise","NEON.DOC.014045vF","77todYjt/jkS7ch3SPrT+HLnOarQO0yI",
"fe669da7-4617-492f-b7ef-539c996dc71b","UKFS_001.tickPlot.tck","D06","UKFS","UKFS_001","distributed","deciduousForest",39.037238,-95.198631,"WGS84",20.1,322.7,0.1,"2015-07-28T14:20Z","UKFS.2015.30","UKFS_001.20150728",,"drag",165,"Y",2,59,9,"No known compromise","NEON.DOC.014045vF","4ap3oWa44i+OU41AqpNxZie9h1zLMZD/","few larval ticks on sticky buddy - couldn't remove them successfully; picked 9 larvae off cloth and placed in vial"
"3b83ca14-139a-425c-91a9-836e88ad8270","UKFS_030.tickPlot.tck","D06","UKFS","UKFS_030","distributed","grasslandHerbaceous",39.045115,-95.213433,"WGS84",20.1,321.9,0.1,"2015-07-28T16:15Z","UKFS.2015.30","UKFS_030.20150728",,"drag",160,"Y",0,0,12,"No known compromise","NEON.DOC.014045vF","4ap3oWa44i+OU41AqpNxZie9h1zLMZD/","larvae caught and placed on duct tape - in baggie"
"3731f7a5-d5c5-4f4e-9cf4-999e61119fd5","UKFS_002.tickPlot.tck","D06","UKFS","UKFS_002","distributed","deciduousForest",39.045892,-95.207026,"WGS84",20.1,316.0,0.2,"2015-07-28T17:00Z","UKFS.2015.30","UKFS_002.20150728",,"drag",160,"Y",2,4,58,"No known compromise","NEON.DOC.014045vF","4ap3oWa44i+OU41AqpNxZie9h1zLMZD/","larval ticks caught in whirlpack baggie"
"b10add1c-e4a5-4f99-901b-887e19189085","UKFS_004.tickPlot.tck","D06","UKFS","UKFS_004","distributed","deciduousForest",39.043188,-95.201000,"WGS84",20.1,320.0,0.2,"2015-07-28T18:25Z","UKFS.2015.30","UKFS_004.20150728",,"drag and flag",170,"Y",3,13,1,"No known compromise","NEON.DOC.014045vF","/sVzRO01Fu+91IQNMsKeUEFazyktd0rY",
"cfecf037-c58f-47c1-8121-8cc5fc9f9ce7","UKFS_018.tickPlot.tck","D06","UKFS","UKFS_018","distributed","grasslandHerbaceous",39.053205,-95.194659,"WGS84",20.1,325.8,0.1,"2015-07-28T20:01Z","UKFS.2015.30","UKFS_018.20150728",,"drag",160,"Y",0,0,2,"No known compromise","NEON.DOC.014045vF","uHorHgDqo3rmbGvlt3J+fC8Uot/6kvDFiz0X+FIku2A=","2 larvae in vial"
"8bb39e25-cb6a-4aca-8812-62838faa6948","UKFS_003.tickPlot.tck","D06","UKFS","UKFS_003","distributed","deciduousForest",39.053769,-95.187084,"WGS84",20.1,323.1,0.1,"2015-07-28T20:42Z","UKFS.2015.30","UKFS_003.20150728",,"drag",170,"Y",2,8,119,"No known compromise","NEON.DOC.014045vF","4ap3oWa44i+OU41AqpNxZie9h1zLMZD/","ran out of DI, collected remainder of larvae with duct tape"
