uid,namedLocation,plotID,collectDate,identifiedDate,sampleID,subsampleID,scientificName,acceptedTaxonID,taxonRank,family,subfamily,tribe,subtribe,genus,subgenus,specificEpithet,infraspecificEpithet,identificationQualifier,identificationReferences,identificationProtocolVersion,scientificNameAuthorship,sexOrAge,individualCount,sampleCondition,archiveMedium,archiveFacilityID,deprecatedVialID,identifiedBy,laboratoryName,remarks
"7371f09b-abf5-443f-a4c2-cfdbb9a084c7","SERC_005.tickPlot.tck","SERC_005","2016-05-24T15:17Z","2017-05-17T16:00Z","SERC_005.20160524","SERC_005.20160524.IXOSCA.N","Ixodes scapularis","IXOSCA","species","Ixodidae",,,,"Ixodes",,"scapularis",,,"Cooley, R. A. and G. M. Kohls. 1945. The genus Ixodes in North America. National Institute of Health Bulletin, 184.","GSU_tickIdentification_SOP_2016-11-01.pdf","Say","Nymph",1,"OK","RNA stabilization buffer","USNMENT00984131","SERC_005.20160524.1.IXOSCA.N","Lorenza Beati","Georgia Southern University",
"32fcb426-2834-4daf-9600-4f4d241c6cf7","SERC_006.tickPlot.tck","SERC_006","2016-05-25T12:27Z","2017-04-05T16:00Z","SERC_006.20160525","SERC_006.20160525.AMBAME.F","Amblyomma americanum","AMBAME","species","Ixodidae",,,,"Amblyomma",,"americanum",,,"Cooley, R. A. and G. M. Kohls. 1944. The genus Amblyomma (ixodidae) in the United States. The Journal of Parasitology, 30(2):77-111.","GSU_tickIdentification_SOP_2016-11-01.pdf","Linnaeus","Female",1,"OK","RNA stabilization buffer","USNMENT00984186","SERC_006.20160525.1.AMBAME.F","Guy Hobbs","Georgia Southern University",
"7f1008bc-efd7-44d5-b82e-50cbe7a234c0","SERC_006.tickPlot.tck","SERC_006","2016-05-25T12:27Z","2017-05-19T16:00Z","SERC_006.20160525","SERC_006.20160525.AMBAME.N","Amblyomma americanum","AMBAME","species","Ixodidae",,,,"Amblyomma",,"americanum",,,"Cooley, R. A. and G. M. Kohls. 1944. The genus Amblyomma (ixodidae) in the United States. The Journal of Parasitology, 30(2):77-111.","GSU_tickIdentification_SOP_2016-11-01.pdf","Linnaeus","Nymph",3,"OK","RNA stabilization buffer","USNMENT00864667","SERC_006.20160525.1.AMBAME.N","Lorenza Beati","Georgia Southern University",
"59bfb9dc-249f-418d-9ba8-a6383aea01c4","SERC_006.tickPlot.tck","SERC_006","2016-05-25T12:27Z","2017-05-19T16:00Z","SERC_006.20160525","SERC_006.20160525.IXOSCA.N","Ixodes scapularis","IXOSCA","species","Ixodidae",,,,"Ixodes",,"scapularis",,,"Cooley, R. A. and G. M. Kohls. 1945. The genus Ixodes in North America. National Institute of Health Bulletin, 184.","GSU_tickIdentification_SOP_2016-11-01.pdf","Say","Nymph",5,"OK","RNA stabilization buffer","USNMENT00984185","SERC_006.20160525.1.IXOSCA.N","Lorenza Beati","Georgia Southern University",
"17bba9d3-a335-4642-9328-07534145409f","SERC_012.tickPlot.tck","SERC_012","2016-05-25T13:47Z","2017-03-23T16:00Z","SERC_012.20160525","SERC_012.20160525.AMBAME.M","Amblyomma americanum","AMBAME","species","Ixodidae",,,,"Amblyomma",,"americanum",,,"Cooley, R. A. and G. M. Kohls. 1944. The genus Amblyomma (ixodidae) in the United States. The Journal of Parasitology, 30(2):77-111.","GSU_tickIdentification_SOP_2016-11-01.pdf","Linnaeus","Male",1,"OK","RNA stabilization buffer","USNMENT00984133","SERC_012.20160525.2.AMBAME.M","Guy Hobbs","Georgia Southern University",
