uid,namedLocation,domainID,siteID,plotID,plotType,nlcdClass,decimalLatitude,decimalLongitude,geodeticDatum,coordinateUncertainty,elevation,elevationUncertainty,collectDate,eventID,sampleID,sampleCode,samplingMethod,totalSampledArea,targetTaxaPresent,adultCount,nymphCount,larvaCount,sampleCondition,samplingProtocolVersion,measuredBy,remarks
"69eb10ae-2fc4-4060-a6b2-91dbb70fc67d","SERC_005.tickPlot.tck","D02","SERC","SERC_005","distributed","deciduousForest",38.894060,-76.546307,"WGS84",20.3,8.5,0.5,"2016-05-24T15:17Z","SERC.2016.21","SERC_005.20160524",,"drag and flag",117,"Y",0,1,0,"No known compromise","NEON.DOC.014045vG","/AhbGCCF27wHz9TggrmS1nLN8zUO+zcB","Wet cloth after 3rd side; 4th side not completed"
"5a239897-a3af-4a07-98a5-68df40a9220f","SERC_023.tickPlot.tck","D02","SERC","SERC_023","distributed","cultivatedCrops",38.873978,-76.535925,"WGS84",20.1,6.7,0.1,"2016-05-24T19:31Z","SERC.2016.21",,,"drag",160,"N",0,0,0,"No known compromise","NEON.DOC.014045vG","/AhbGCCF27wHz9TggrmS1nLN8zUO+zcB","NE corner muddy"
"06b9e7be-541c-4b4a-8f2f-8c089faabc69","SERC_001.tickPlot.tck","D02","SERC","SERC_001","distributed","deciduousForest",38.868186,-76.535306,"WGS84",20.2,2.1,0.2,"2016-05-24T20:07Z","SERC.2016.21","SERC_001.20160524",,"drag",157,"Y",5,35,0,"No known compromise","NEON.DOC.014045vG","/AhbGCCF27wHz9TggrmS1nLN8zUO+zcB",
"4f0a723d-e428-4934-86e3-a86b6fb6f79e","SERC_006.tickPlot.tck","D02","SERC","SERC_006","distributed","deciduousForest",38.880025,-76.548376,"WGS84",20.2,2.6,0.3,"2016-05-25T12:27Z","SERC.2016.21","SERC_006.20160525",,"drag and flag",160,"Y",1,8,0,"No known compromise","NEON.DOC.014045vG","/AhbGCCF27wHz9TggrmS1nLN8zUO+zcB",
"f789932f-d4e6-4e80-8717-52e3d5497b70","SERC_012.tickPlot.tck","D02","SERC","SERC_012","distributed","deciduousForest",38.880010,-76.561648,"WGS84",20.2,20.1,0.2,"2016-05-25T13:47Z","SERC.2016.21","SERC_012.20160525",,"drag",162,"Y",1,24,0,"No known compromise","NEON.DOC.014045vG","/AhbGCCF27wHz9TggrmS1nLN8zUO+zcB",
"186abdea-513a-48e2-838a-bd2a2243bcce","SERC_002.tickPlot.tck","D02","SERC","SERC_002","distributed","deciduousForest",38.896262,-76.558166,"WGS84",20.2,17.0,0.3,"2016-05-25T14:59Z","SERC.2016.21","SERC_002.20160525",,"drag and flag",160,"Y",6,96,0,"No known compromise","NEON.DOC.014045vG","/AhbGCCF27wHz9TggrmS1nLN8zUO+zcB","May have lost one tick while putting another in a vial"
