uid,namedLocation,domainID,siteID,plotID,plotType,nlcdClass,decimalLatitude,decimalLongitude,geodeticDatum,coordinateUncertainty,elevation,elevationUncertainty,collectDate,eventID,sampleID,sampleCode,samplingMethod,totalSampledArea,targetTaxaPresent,adultCount,nymphCount,larvaCount,sampleCondition,samplingProtocolVersion,measuredBy,remarks
"79a3e6fb-e895-4a3b-abc2-cfee30b7d6c2","GUAN_002.tickPlot.tck","D04","GUAN","GUAN_002","distributed","evergreenForest",17.972295,-66.826103,"WGS84",6.6,87.8,0.3,"2017-08-16T13:10Z","GUAN.2017.34",,,"drag",126,"N",0,0,0,,"NEON.DOC.014045vH","llBB5GilomiL3H9rNtINJeX8UHMAu+L47sXe3XmgpK0=",
"d3264ba1-fe10-40e3-8504-782424712d31","GUAN_031.tickPlot.tck","D04","GUAN","GUAN_031","distributed","evergreenForest",17.962171,-66.844084,"WGS84",6.4,43.4,0.1,"2017-08-16T14:10Z","GUAN.2017.34",,,"drag and flag",116,"N",0,0,0,,"NEON.DOC.014045vH","zPBe+8pzAK3Kf4/L2qJV36CjLL5KpYr+dJur8mfsxKJSqtDZzH3Glg==",
"2a707923-b2e2-43bf-9ddd-c1943ad08e32","GUAN_064.tickPlot.tck","D04","GUAN","GUAN_064","distributed","evergreenForest",17.969936,-66.850735,"WGS84",7.1,117.7,2.6,"2017-08-16T15:30Z","GUAN.2017.34",,,"drag",160,"N",0,0,0,,"NEON.DOC.014045vH","zPBe+8pzAK3Kf4/L2qJV36CjLL5KpYr+dJur8mfsxKJSqtDZzH3Glg==",
"cde37831-b002-4cd4-b52c-9cee89cc9c8f","GUAN_006.tickPlot.tck","D04","GUAN","GUAN_006","distributed","evergreenForest",17.964057,-66.875100,"WGS84",6.5,84.5,0.3,"2017-08-18T12:44Z","GUAN.2017.34",,,"flag",160,"N",0,0,0,,"NEON.DOC.014045vH","GpwpAYpsrfXOb1jQ7wslzb+kf5M1gj7AeRGYQcqcQec=",
"33372a11-b251-4b69-9c3d-012b444a7db1","GUAN_066.tickPlot.tck","D04","GUAN","GUAN_066","distributed","evergreenForest",17.974132,-66.879606,"WGS84",6.5,197.3,0.2,"2017-08-18T14:20Z","GUAN.2017.34",,,"drag",160,"N",0,0,0,,"NEON.DOC.014045vH","JYpGqoh1QQ1p5pODTarT01AySkX6zLJm731HDg7Ro1Q=",
"7040daba-d79e-4f6e-8e58-0d68e851e72f","GUAN_065.tickPlot.tck","D04","GUAN","GUAN_065","distributed","evergreenForest",17.972714,-66.873134,"WGS84",6.6,187.3,0.5,"2017-08-18T15:38Z","GUAN.2017.34",,,"flag",160,"N",0,0,0,,"NEON.DOC.014045vH","GpwpAYpsrfXOb1jQ7wslzb+kf5M1gj7AeRGYQcqcQec=",
