uid,namedLocation,domainID,siteID,plotID,plotType,nlcdClass,decimalLatitude,decimalLongitude,geodeticDatum,coordinateUncertainty,elevation,elevationUncertainty,collectDate,eventID,sampleID,sampleCode,samplingMethod,totalSampledArea,targetTaxaPresent,adultCount,nymphCount,larvaCount,sampleCondition,samplingProtocolVersion,measuredBy,remarks
"04ccdb48-3c48-48e1-8166-c7f3fb790924","MOAB_003.tickPlot.tck","D13","MOAB","MOAB_003","distributed","evergreenForest",38.261626,-109.347802,"WGS84",20.2,2013.4,0.5,"2018-07-26T13:12Z","MOAB.2018.30",,,"drag and flag",160,"N",0,0,0,,"NEON.DOC.014045vJ","p2UN2HDPf58ITmcd3ellSheGBidP8jg2GYGJTpVj6IE=",
"ce00bec3-6984-403a-9cfa-3c41be73452c","MOAB_005.tickPlot.tck","D13","MOAB","MOAB_005","distributed","shrubScrub",38.210851,-109.402026,"WGS84",20.1,1763.5,0.1,"2018-07-26T16:00Z","MOAB.2018.30",,,"drag and flag",160,"N",0,0,0,,"NEON.DOC.014045vJ","cf0zeUVrJoqlPE6jZ8TO2ZPQNvHLkw5d1zT7KOjoCMo=",
"80dddd17-b9fd-49e2-8a8e-5b0131edba57","MOAB_002.tickPlot.tck","D13","MOAB","MOAB_002","distributed","shrubScrub",38.211659,-109.413380,"WGS84",20.1,1770.3,0.1,"2018-07-26T16:49Z","MOAB.2018.30",,,"drag",160,"N",0,0,0,,"NEON.DOC.014045vJ","p2UN2HDPf58ITmcd3ellSheGBidP8jg2GYGJTpVj6IE=",
"69698d6f-643f-4a5c-997e-b5733d4fbecf","MOAB_006.tickPlot.tck","D13","MOAB","MOAB_006","distributed","shrubScrub",38.235080,-109.406067,"WGS84",20.1,1759.8,0.1,"2018-07-26T18:00Z","MOAB.2018.30",,,"drag and flag",160,"N",0,0,0,,"NEON.DOC.014045vJ","cf0zeUVrJoqlPE6jZ8TO2ZPQNvHLkw5d1zT7KOjoCMo=",
"060d0d0b-fad3-46cb-add9-1e823f7286da","MOAB_004.tickPlot.tck","D13","MOAB","MOAB_004","distributed","shrubScrub",38.234505,-109.398111,"WGS84",20.1,1763.9,0.1,"2018-07-26T18:50Z","MOAB.2018.30",,,"drag and flag",160,"N",0,0,0,,"NEON.DOC.014045vJ","p2UN2HDPf58ITmcd3ellSheGBidP8jg2GYGJTpVj6IE=",
"60dd4285-0639-4b96-a070-8c45c4391d51","MOAB_001.tickPlot.tck","D13","MOAB","MOAB_001","distributed","shrubScrub",38.258888,-109.413897,"WGS84",20.1,1804.0,0.1,"2018-07-26T20:00Z","MOAB.2018.30",,,"drag and flag",160,"N",0,0,0,,"NEON.DOC.014045vJ","cf0zeUVrJoqlPE6jZ8TO2ZPQNvHLkw5d1zT7KOjoCMo=",
