uid,namedLocation,date,eventID,domainID,siteID,plotID,subplotID,nestedSubplotID,groupID,taxonID,scientificName,taxonRank,identificationReferences,identificationQualifier,volumePercent,livePercent,deadPercent,canopyArea,meanHeight,remarks,measuredBy,recordedBy,dataQF
"61d38c34-cfa1-4dbd-9444-61334cbd0b7a","JORN_055.basePlot.vst","2015-04-22","vst_JORN_2015","D14","JORN","JORN_055",,,"4","PRGL2","Prosopis glandulosa Torr.","species",,,100,90,10,4.5,1.12,,"GRD/pi2+u3LHUSfXNpeRAdGu3wvED84H","mOcIykOnDgd3QV5gHrl8B5rxlWe9VRn+","legacyData"
"b063ee58-07a6-4af5-8aef-1edd65f99c27","JORN_061.basePlot.vst","2015-04-22","vst_JORN_2015","D14","JORN","JORN_061",,,"2","PRGL2","Prosopis glandulosa Torr.","species",,,100,85,15,6.0,1.10,,"GRD/pi2+u3LHUSfXNpeRAdGu3wvED84H","mOcIykOnDgd3QV5gHrl8B5rxlWe9VRn+","legacyData"
"738b67f3-596f-4678-8b04-622e08c403ae","JORN_062.basePlot.vst","2015-04-23","vst_JORN_2015","D14","JORN","JORN_062",,,"4","PRGL2","Prosopis glandulosa Torr.","species",,,100,92,8,27.5,1.86,,"mOcIykOnDgd3QV5gHrl8B5rxlWe9VRn+","bJI9oX5aCRvNTjBdLWWO/JGiL7uEPDaz","legacyData"
"cf07c547-a607-4211-9342-ab3cec4726ca","JORN_053.basePlot.vst","2015-04-23","vst_JORN_2015","D14","JORN","JORN_053",,,"3","PRGL2","Prosopis glandulosa Torr.","species",,,100,75,25,1.8,0.52,,"GRD/pi2+u3LHUSfXNpeRAdGu3wvED84H","jHECQ426tsNcvBVS9izW3OPD/HXXsr/W","legacyData"
"faae9216-7b8b-4cf4-aea0-e67eef0c05f9","JORN_042.basePlot.vst","2015-04-23","vst_JORN_2015","D14","JORN","JORN_042",,,"NA NA","PRGL2","Prosopis glandulosa Torr.","species",,,100,93,7,6.2,0.86,,"bJI9oX5aCRvNTjBdLWWO/JGiL7uEPDaz","mOcIykOnDgd3QV5gHrl8B5rxlWe9VRn+","legacyData"
"35a7a64e-c657-4e93-8e60-91bbf4c31e80","JORN_057.basePlot.vst","2015-04-23","vst_JORN_2015","D14","JORN","JORN_057",,,"3","EPTR","Ephedra trifurca Torr. ex S. Watson","species",,,100,81,19,2.8,1.12,,"bJI9oX5aCRvNTjBdLWWO/JGiL7uEPDaz","mOcIykOnDgd3QV5gHrl8B5rxlWe9VRn+","legacyData"
"c73bfb94-4a4a-4246-acfd-cbe3a96b7f6c","JORN_066.basePlot.vst","2015-04-23","vst_JORN_2015","D14","JORN","JORN_066",,,"6","PRGL2","Prosopis glandulosa Torr.","species",,,100,87,13,0.7,0.44,,"cyBtucnFNGpJI8jm2+Rz1Zm1rXj26jk9","GRD/pi2+u3LHUSfXNpeRAdGu3wvED84H","legacyData"
"f2aeeda5-7a8b-48fd-b8ea-f108a59ddc0e","JORN_057.basePlot.vst","2015-04-23","vst_JORN_2015","D14","JORN","JORN_057",,,"2","PRGL2","Prosopis glandulosa Torr.","species",,,100,75,25,9.3,1.22,,"bJI9oX5aCRvNTjBdLWWO/JGiL7uEPDaz","mOcIykOnDgd3QV5gHrl8B5rxlWe9VRn+","legacyData"
"bb551901-8ebc-481a-b42f-d52a075a44f2","JORN_059.basePlot.vst","2015-04-23","vst_JORN_2015","D14","JORN","JORN_059",,,"9","PRGL2","Prosopis glandulosa Torr.","species",,,100,60,40,6.5,1.68,,"jHECQ426tsNcvBVS9izW3OPD/HXXsr/W","cyBtucnFNGpJI8jm2+Rz1Zm1rXj26jk9","legacyData"
"41a1f239-2f02-4aa0-aba4-cf675e084be3","JORN_054.basePlot.vst","2015-04-24","vst_JORN_2015","D14","JORN","JORN_054",,,"3","PRGL2","Prosopis glandulosa Torr.","species",,,100,90,10,1.8,0.44,,"bJI9oX5aCRvNTjBdLWWO/JGiL7uEPDaz","lwslV2p6Pw5kfRWBW4+k7s38OMLSUYqS","legacyData"
"88955f8e-635c-4c10-93f3-e5cc34a367f2","JORN_067.basePlot.vst","2015-04-24","vst_JORN_2015","D14","JORN","JORN_067",,,"3","PRGL2","Prosopis glandulosa Torr.","species",,,98,91,9,15.0,1.06,,"mOcIykOnDgd3QV5gHrl8B5rxlWe9VRn+","lwslV2p6Pw5kfRWBW4+k7s38OMLSUYqS","legacyData"
"bb5ec9b1-8ff1-41e9-899d-792ec25be3f8","JORN_065.basePlot.vst","2015-04-24","vst_JORN_2015","D14","JORN","JORN_065",,,"3","EPTR","Ephedra trifurca Torr. ex S. Watson","species",,,100,90,10,2.0,0.80,"no transcription errors found","cyBtucnFNGpJI8jm2+Rz1Zm1rXj26jk9","GRD/pi2+u3LHUSfXNpeRAdGu3wvED84H","legacyData"
"34c0f99b-d200-4440-bcbc-e37bf725b37b","JORN_064.basePlot.vst","2015-04-24","vst_JORN_2015","D14","JORN","JORN_064",,,"9","PRGL2","Prosopis glandulosa Torr.","species",,,100,60,40,8.0,1.04,"no transcription errors found","cyBtucnFNGpJI8jm2+Rz1Zm1rXj26jk9","CxWlXtj1NvtNxLbcJnjAP5Zu1Ug04Eq8","legacyData"
"8bf5c7ae-f966-4613-b3c3-7437aa9721f8","JORN_052.basePlot.vst","2015-04-24","vst_JORN_2015","D14","JORN","JORN_052",,,"4","PRGL2","Prosopis glandulosa Torr.","species",,,100,97,3,1.2,0.44,,"bJI9oX5aCRvNTjBdLWWO/JGiL7uEPDaz","lwslV2p6Pw5kfRWBW4+k7s38OMLSUYqS","legacyData"
"ff3d875a-aa2e-48e2-8236-6ad7f316ce47","JORN_063.basePlot.vst","2015-04-24","vst_JORN_2015","D14","JORN","JORN_063",,,"1","PRGL2","Prosopis glandulosa Torr.","species",,,100,68,32,1.0,0.66,,"CxWlXtj1NvtNxLbcJnjAP5Zu1Ug04Eq8","cyBtucnFNGpJI8jm2+Rz1Zm1rXj26jk9","legacyData"
"cc729dd2-4e68-44de-9e36-823523a318ed","JORN_070.basePlot.vst","2015-04-24","vst_JORN_2015","D14","JORN","JORN_070",,,"3","PRGL2","Prosopis glandulosa Torr.","species",,,100,93,7,2.0,0.82,,"bJI9oX5aCRvNTjBdLWWO/JGiL7uEPDaz","lwslV2p6Pw5kfRWBW4+k7s38OMLSUYqS","legacyData"
"c5efff3f-bccb-43ae-aba7-aad3c10e14ff","JORN_065.basePlot.vst","2015-04-24","vst_JORN_2015","D14","JORN","JORN_065",,,"4","PRGL2","Prosopis glandulosa Torr.","species",,,100,50,50,1.5,0.74,"no transcription errors found","cyBtucnFNGpJI8jm2+Rz1Zm1rXj26jk9","GRD/pi2+u3LHUSfXNpeRAdGu3wvED84H","legacyData"
"959a36f5-3ab3-4212-9841-58263968a422","JORN_067.basePlot.vst","2015-04-24","vst_JORN_2015","D14","JORN","JORN_067",,,"3","GUSA2","Gutierrezia sarothrae (Pursh) Britton & Rusby","species",,,2,100,0,15.0,1.06,,"mOcIykOnDgd3QV5gHrl8B5rxlWe9VRn+","lwslV2p6Pw5kfRWBW4+k7s38OMLSUYqS","legacyData"
"6bdaf704-88f0-4b53-a148-3c8c6ccedd5a","JORN_043.basePlot.vst","2015-04-25","vst_JORN_2015","D14","JORN","JORN_043",,,"NA NA","GUTIE","Gutierrezia sp.","genus",,,20,100,0,1.7,0.60,,"cyBtucnFNGpJI8jm2+Rz1Zm1rXj26jk9","GRD/pi2+u3LHUSfXNpeRAdGu3wvED84H","legacyData"
"2682e396-38d5-4fee-9e46-e275363f7f19","JORN_048.basePlot.vst","2015-04-25","vst_JORN_2015","D14","JORN","JORN_048",,,"NA NA","PRGL2","Prosopis glandulosa Torr.","species",,,100,96,4,9.8,1.18,,"mOcIykOnDgd3QV5gHrl8B5rxlWe9VRn+","CxWlXtj1NvtNxLbcJnjAP5Zu1Ug04Eq8","legacyData"
"528f4112-d171-4b96-806f-98cfa33b2a8a","JORN_050.basePlot.vst","2015-04-25","vst_JORN_2015","D14","JORN","JORN_050",,,"NA NA","PRGL2","Prosopis glandulosa Torr.","species",,,100,95,5,2.0,0.76,,"mOcIykOnDgd3QV5gHrl8B5rxlWe9VRn+","CxWlXtj1NvtNxLbcJnjAP5Zu1Ug04Eq8","legacyData"
"6e686d69-5250-4ced-811f-af36614ac253","JORN_071.basePlot.vst","2015-04-25","vst_JORN_2015","D14","JORN","JORN_071",,,"3","PRGL2","Prosopis glandulosa Torr.","species",,,100,70,30,3.4,1.32,,"mOcIykOnDgd3QV5gHrl8B5rxlWe9VRn+","CxWlXtj1NvtNxLbcJnjAP5Zu1Ug04Eq8","legacyData"
"dd2b7260-39e8-408e-a969-177b67612bda","JORN_043.basePlot.vst","2015-04-25","vst_JORN_2015","D14","JORN","JORN_043",,,"NA NA","PRGL2","Prosopis glandulosa Torr.","species",,,100,55,45,1.7,0.50,,"cyBtucnFNGpJI8jm2+Rz1Zm1rXj26jk9","GRD/pi2+u3LHUSfXNpeRAdGu3wvED84H","legacyData"
"389cdf96-2941-4cfa-9cf1-681542239809","JORN_051.basePlot.vst","2015-04-25","vst_JORN_2015","D14","JORN","JORN_051",,,"3","GUSA2","Gutierrezia sarothrae (Pursh) Britton & Rusby","species",,,5,100,,5.0,1.20,,"cyBtucnFNGpJI8jm2+Rz1Zm1rXj26jk9","bJI9oX5aCRvNTjBdLWWO/JGiL7uEPDaz","legacyData"
"3cb0d63d-f4a4-460e-a74b-b8415c79ca24","JORN_051.basePlot.vst","2015-04-25","vst_JORN_2015","D14","JORN","JORN_051",,,"3","PRGL2","Prosopis glandulosa Torr.","species",,,95,70,30,5.0,1.50,,"cyBtucnFNGpJI8jm2+Rz1Zm1rXj26jk9","bJI9oX5aCRvNTjBdLWWO/JGiL7uEPDaz","legacyData"
"bda5ae30-aa45-47c7-807b-a25275638731","JORN_068.basePlot.vst","2015-04-25","vst_JORN_2015","D14","JORN","JORN_068",,,"3","PRGL2","Prosopis glandulosa Torr.","species",,,100,70,30,2.8,0.82,,"GRD/pi2+u3LHUSfXNpeRAdGu3wvED84H","cyBtucnFNGpJI8jm2+Rz1Zm1rXj26jk9","legacyData"
"fe0853b8-9c47-4a16-ba8c-255c94a22b64","JORN_069.basePlot.vst","2015-04-25","vst_JORN_2015","D14","JORN","JORN_069",,,"4","PRGL2","Prosopis glandulosa Torr.","species",,,100,90,10,8.1,1.76,,"s2aZhoe0Z7ikrheZGb4A/c7uZD+uchQG","CxWlXtj1NvtNxLbcJnjAP5Zu1Ug04Eq8","legacyData"
"0d57ce85-a392-4b99-bcf7-5019498fc111","JORN_049.basePlot.vst","2015-04-25","vst_JORN_2015","D14","JORN","JORN_049",,,"NA NA","PRGL2","Prosopis glandulosa Torr.","species",,,100,70,30,3.0,0.84,"no transcription errors found","bJI9oX5aCRvNTjBdLWWO/JGiL7uEPDaz","GRD/pi2+u3LHUSfXNpeRAdGu3wvED84H","legacyData"
"48688de5-359e-4687-b819-babb904db01a","JORN_056.basePlot.vst","2015-04-26","vst_JORN_2015","D14","JORN","JORN_056",,,"6","PRGL2","Prosopis glandulosa Torr.","species",,,100,50,50,3.1,0.64,,"mOcIykOnDgd3QV5gHrl8B5rxlWe9VRn+","CxWlXtj1NvtNxLbcJnjAP5Zu1Ug04Eq8","legacyData"
"0159f5bd-4df5-471f-a02c-c672b827daba","JORN_060.basePlot.vst","2015-04-26","vst_JORN_2015","D14","JORN","JORN_060",,,"4","PRGL2","Prosopis glandulosa Torr.","species",,,100,67,33,4.9,1.38,,"mOcIykOnDgd3QV5gHrl8B5rxlWe9VRn+","CxWlXtj1NvtNxLbcJnjAP5Zu1Ug04Eq8","legacyData"
"e7eaec98-7d87-407c-9313-b6bb44c7a9af","JORN_046.basePlot.vst","2015-04-26","vst_JORN_2015","D14","JORN","JORN_046",,,"9","PRGL2","Prosopis glandulosa Torr.","species",,,90,70,30,6.0,1.08,,"cyBtucnFNGpJI8jm2+Rz1Zm1rXj26jk9","bJI9oX5aCRvNTjBdLWWO/JGiL7uEPDaz","legacyData"
"517ecb73-66de-4c58-bf67-5297037505f4","JORN_046.basePlot.vst","2015-04-26","vst_JORN_2015","D14","JORN","JORN_046",,,"9","GUSA2","Gutierrezia sarothrae (Pursh) Britton & Rusby","species",,,10,100,0,6.0,1.08,,"cyBtucnFNGpJI8jm2+Rz1Zm1rXj26jk9","bJI9oX5aCRvNTjBdLWWO/JGiL7uEPDaz","legacyData"
