uid,namedLocation,date,eventID,domainID,siteID,plotID,subplotID,individualID,tagStatus,growthForm,plantStatus,stemDiameter,measurementHeight,height,baseCrownHeight,breakHeight,breakDiameter,maxCrownDiameter,ninetyCrownDiameter,canopyPosition,shape,basalStemDiameter,basalStemDiameterMsrmntHeight,maxBaseCrownDiameter,ninetyBaseCrownDiameter,remarks,recordedBy,measuredBy,dataQF
"7895a2f0-2705-42b8-b456-b62182595df6","JORN_055.basePlot.vst","2015-04-22","vst_JORN_2015","D14","JORN","JORN_055",,"NEON.PLA.D14.JORN.00002",,"small shrub","No longer qualifies",,,1.0,,,,1.6,1.3,"Full sun","half-sphere",,,,,,"bJI9oX5aCRvNTjBdLWWO/JGiL7uEPDaz","GRD/pi2+u3LHUSfXNpeRAdGu3wvED84H","legacyData"
"fc9a377b-bac5-4674-9d01-dab3001097a9","JORN_055.basePlot.vst","2015-04-22","vst_JORN_2015","D14","JORN","JORN_055",,"NEON.PLA.D14.JORN.00007",,"small shrub","No longer qualifies",,,0.7,,,,0.7,0.6,"Open grown","half-sphere",,,,,,"mOcIykOnDgd3QV5gHrl8B5rxlWe9VRn+","GRD/pi2+u3LHUSfXNpeRAdGu3wvED84H","legacyData"
"8d29b905-463d-49a8-9dd4-a13ebbef3cb1","JORN_055.basePlot.vst","2015-04-22","vst_JORN_2015","D14","JORN","JORN_055",,"NEON.PLA.D14.JORN.00008",,"small shrub","No longer qualifies",,,0.9,,,,1.0,0.9,"Open grown","half-sphere",,,,,,"mOcIykOnDgd3QV5gHrl8B5rxlWe9VRn+","GRD/pi2+u3LHUSfXNpeRAdGu3wvED84H","legacyData"
"e97ef492-6b7e-4251-9be1-21423f859a4c","JORN_055.basePlot.vst","2015-04-22","vst_JORN_2015","D14","JORN","JORN_055",,"NEON.PLA.D14.JORN.00005",,"small shrub","No longer qualifies",,,1.1,,,,1.4,1.4,"Open grown","inverted cone",,,0.60,0.50,,"mOcIykOnDgd3QV5gHrl8B5rxlWe9VRn+","GRD/pi2+u3LHUSfXNpeRAdGu3wvED84H","legacyData"
"f770d86f-1186-407e-aa49-c275bf12dc64","JORN_061.basePlot.vst","2015-04-22","vst_JORN_2015","D14","JORN","JORN_061",,"NEON.PLA.D14.JORN.00001",,"small shrub","No longer qualifies",1.5,10,0.6,,,,0.8,0.4,,"half-sphere",,,,,,"mOcIykOnDgd3QV5gHrl8B5rxlWe9VRn+","GRD/pi2+u3LHUSfXNpeRAdGu3wvED84H","legacyData"
"8c5b1c24-cfd4-4af6-9df1-710a8234e873","JORN_055.basePlot.vst","2015-04-22","vst_JORN_2015","D14","JORN","JORN_055",,"NEON.PLA.D14.JORN.00004",,"small shrub","No longer qualifies",,,0.9,,,,1.0,1.0,"Open grown","half-sphere",,,,,,"mOcIykOnDgd3QV5gHrl8B5rxlWe9VRn+","GRD/pi2+u3LHUSfXNpeRAdGu3wvED84H","legacyData"
"c61f1e2a-70b9-45b8-9eee-c7951ae836d2","JORN_055.basePlot.vst","2015-04-22","vst_JORN_2015","D14","JORN","JORN_055",,"NEON.PLA.D14.JORN.00003",,"small shrub","No longer qualifies",,,1.1,,,,1.5,1.3,"Open grown","half-sphere",,,,,,"mOcIykOnDgd3QV5gHrl8B5rxlWe9VRn+","GRD/pi2+u3LHUSfXNpeRAdGu3wvED84H","legacyData"
"a70261e0-8168-4913-8816-8ceb4d72781a","JORN_055.basePlot.vst","2015-04-22","vst_JORN_2015","D14","JORN","JORN_055",,"NEON.PLA.D14.JORN.00006",,"small shrub","No longer qualifies",,,1.9,,,,1.5,1.4,"Open grown","inverted cone",,,0.60,0.60,"(icn)","mOcIykOnDgd3QV5gHrl8B5rxlWe9VRn+","GRD/pi2+u3LHUSfXNpeRAdGu3wvED84H","legacyData"
"bba5d344-9d47-4b34-89d5-e81a2be0a4cb","JORN_053.basePlot.vst","2015-04-23","vst_JORN_2015","D14","JORN","JORN_053",,"NEON.PLA.D14.JORN.00101",,"small shrub","No longer qualifies",,,0.8,,,,1.3,0.7,"Full sun","inverted cone",,,0.60,0.30,,"jHECQ426tsNcvBVS9izW3OPD/HXXsr/W","GRD/pi2+u3LHUSfXNpeRAdGu3wvED84H","legacyData"
"2b337b98-3687-482c-ae1f-726f9da9c2eb","JORN_066.basePlot.vst","2015-04-23","vst_JORN_2015","D14","JORN","JORN_066",,"NEON.PLA.D14.JORN.00102",,"small shrub","No longer qualifies",,,0.5,,,,1.4,0.9,"Open grown","oblate half-sphere",,,,,,"GRD/pi2+u3LHUSfXNpeRAdGu3wvED84H","cyBtucnFNGpJI8jm2+Rz1Zm1rXj26jk9","legacyData"
"ba9184a4-a428-4e8f-aad5-b910c5ae0265","JORN_057.basePlot.vst","2015-04-23","vst_JORN_2015","D14","JORN","JORN_057",,"NEON.PLA.D14.JORN.00011",,"small shrub","Live",,,1.0,,,,1.3,1.3,"Open grown","half-sphere",,,,,,"mOcIykOnDgd3QV5gHrl8B5rxlWe9VRn+","bJI9oX5aCRvNTjBdLWWO/JGiL7uEPDaz","legacyData"
"c320dd6d-9125-46ba-8376-be411240570a","JORN_057.basePlot.vst","2015-04-23","vst_JORN_2015","D14","JORN","JORN_057",,"NEON.PLA.D14.JORN.00012",,"small shrub","Standing dead",,,1.0,,,,1.0,0.9,"Open grown","half-sphere",,,,,,"mOcIykOnDgd3QV5gHrl8B5rxlWe9VRn+","bJI9oX5aCRvNTjBdLWWO/JGiL7uEPDaz","legacyData"
"9c8c6cb3-ada6-4da2-bb64-89e8a4514334","JORN_057.basePlot.vst","2015-04-23","vst_JORN_2015","D14","JORN","JORN_057",,"NEON.PLA.D14.JORN.00010",,"small shrub","Live",,,1.5,,,,1.8,1.7,"Open grown",,,,,,,"mOcIykOnDgd3QV5gHrl8B5rxlWe9VRn+","bJI9oX5aCRvNTjBdLWWO/JGiL7uEPDaz","legacyData"
"6746abde-bd1b-4d39-b031-51f14b62b9e7","JORN_057.basePlot.vst","2015-04-23","vst_JORN_2015","D14","JORN","JORN_057",,"NEON.PLA.D14.JORN.00013",,"small shrub","Live",,,1.3,,,,1.1,0.9,"Open grown","inverted cone",,,0.40,0.20,,"mOcIykOnDgd3QV5gHrl8B5rxlWe9VRn+","bJI9oX5aCRvNTjBdLWWO/JGiL7uEPDaz","legacyData"
"3a61afc4-5935-4d20-8906-b0684bf56848","JORN_066.basePlot.vst","2015-04-23","vst_JORN_2015","D14","JORN","JORN_066",,"NEON.PLA.D14.JORN.00102",,"small shrub","No longer qualifies",,,0.5,,,,1.4,0.9,"Open grown","oblate half-sphere",,,,,,"GRD/pi2+u3LHUSfXNpeRAdGu3wvED84H","cyBtucnFNGpJI8jm2+Rz1Zm1rXj26jk9","legacyData"
"e6040b97-1154-4750-8169-d7c761b1b93e","JORN_053.basePlot.vst","2015-04-23","vst_JORN_2015","D14","JORN","JORN_053",,"NEON.PLA.D14.JORN.00101",,"small shrub","No longer qualifies",,,0.8,,,,1.3,0.7,"Full sun","inverted cone",,,0.60,0.30,,"jHECQ426tsNcvBVS9izW3OPD/HXXsr/W","GRD/pi2+u3LHUSfXNpeRAdGu3wvED84H","legacyData"
"1b8bba5b-0185-4e2c-bb21-006fded06dcc","JORN_042.basePlot.vst","2015-04-23","vst_JORN_2015","D14","JORN","JORN_042",,"NEON.PLA.D14.JORN.00014",,"small shrub","Live",,,1.5,,,,2.0,1.8,"Open grown","half-sphere",,,,,,"mOcIykOnDgd3QV5gHrl8B5rxlWe9VRn+","bJI9oX5aCRvNTjBdLWWO/JGiL7uEPDaz","legacyData"
"6c5b1365-2fe6-49ac-ba48-558dc50c5b88","JORN_057.basePlot.vst","2015-04-23","vst_JORN_2015","D14","JORN","JORN_057",,"NEON.PLA.D14.JORN.00009",,"small shrub","Live",,,1.4,,,,1.7,1.3,"Open grown","inverted cone",,,0.50,0.30,,"mOcIykOnDgd3QV5gHrl8B5rxlWe9VRn+","bJI9oX5aCRvNTjBdLWWO/JGiL7uEPDaz","legacyData"
"37008710-ee64-4d90-b093-6af57c23827b","JORN_058.basePlot.vst","2015-04-25","vst_JORN_2015","D14","JORN","JORN_058",,"NEON.PLA.D14.JORN.00103",,"small shrub","Live",,,1.1,,,,1.1,0.7,"Open grown","inverted cone",,,0.60,0.20,"diameters@ddh: 1.8, 1.7, 1.5, 1.6, 1.2, 1.6, 1.4, 1.5, 1.0, 1.2","GRD/pi2+u3LHUSfXNpeRAdGu3wvED84H","cyBtucnFNGpJI8jm2+Rz1Zm1rXj26jk9","legacyData"
"ba4d3959-46fa-47d4-8f6b-c523639070f8","JORN_071.basePlot.vst","2015-04-25","vst_JORN_2015","D14","JORN","JORN_071",,"NEON.PLA.D14.JORN.00016",,"small shrub","Standing dead",,,0.6,,,,0.5,0.4,"Open grown","inverted cone",,,0.30,0.20,"stem diameters@ddh: 1.8, 1.2, 1.3","CxWlXtj1NvtNxLbcJnjAP5Zu1Ug04Eq8","mOcIykOnDgd3QV5gHrl8B5rxlWe9VRn+","legacyData"
"6bbdd01b-ceac-41db-b3ce-daacfb599c2e","JORN_060.basePlot.vst","2015-04-26","vst_JORN_2015","D14","JORN","JORN_060",,"NEON.PLA.D14.JORN.00017",,"small shrub","Live",,,1.5,,,,1.4,1.2,"Open grown","inverted cone",,,0.50,0.30,,"CxWlXtj1NvtNxLbcJnjAP5Zu1Ug04Eq8","mOcIykOnDgd3QV5gHrl8B5rxlWe9VRn+","legacyData"
