uid,namedLocation,date,domainID,siteID,plotID,plotType,nlcdClass,decimalLatitude,decimalLongitude,geodeticDatum,coordinateUncertainty,easting,northing,utmZone,elevation,elevationUncertainty,eventID,samplingProtocolVersion,treesPresent,treesAbsentList,shrubsPresent,shrubsAbsentList,lianasPresent,lianasAbsentList,nestedSubplotAreaShrubSapling,nestedSubplotAreaLiana,totalSampledAreaTrees,totalSampledAreaShrubSapling,totalSampledAreaLiana,remarks,measuredBy,recordedBy,dataQF
"d6a65ad0-827c-4e24-97e7-4336230fc7d3","JORN_055.basePlot.vst","2015-04-22","D14","JORN","JORN_055","tower","shrubScrub",32.591615,-106.842695,"WGS84",10.1,327061.86,3607513.09,"13N",1319.9,0.2,"vst_JORN_2015","NEON.DOC.000987vD",,,,,,,"noneSelected","noneSelected",400,400,400,,"GRD/pi2+u3LHUSfXNpeRAdGu3wvED84H","bJI9oX5aCRvNTjBdLWWO/JGiL7uEPDaz","legacyData"
"47afe14c-d309-49a7-82d8-03c2a7c6c1e4","JORN_055.basePlot.vst","2015-04-22","D14","JORN","JORN_055","tower","shrubScrub",32.591615,-106.842695,"WGS84",10.1,327061.86,3607513.09,"13N",1319.9,0.2,"vst_JORN_2015","NEON.DOC.000987vD",,,,,,,"noneSelected","noneSelected",400,400,400,,"GRD/pi2+u3LHUSfXNpeRAdGu3wvED84H","bJI9oX5aCRvNTjBdLWWO/JGiL7uEPDaz","legacyData"
"fefcf015-5a20-4216-890d-8d806fc54237","JORN_061.basePlot.vst","2015-04-22","D14","JORN","JORN_061","tower","shrubScrub",32.591079,-106.842674,"WGS84",10.1,327062.80,3607453.62,"13N",1321.6,0.2,"vst_JORN_2015","NEON.DOC.000987vD",,,,,,,"noneSelected","noneSelected",400,400,400,,"GRD/pi2+u3LHUSfXNpeRAdGu3wvED84H","bJI9oX5aCRvNTjBdLWWO/JGiL7uEPDaz","legacyData"
"1ee90eef-3b8a-410d-bbbd-44273fb90df5","JORN_061.basePlot.vst","2015-04-22","D14","JORN","JORN_061","tower","shrubScrub",32.591079,-106.842674,"WGS84",10.1,327062.80,3607453.62,"13N",1321.6,0.2,"vst_JORN_2015","NEON.DOC.000987vD",,,,,,,"noneSelected","noneSelected",400,400,400,,"GRD/pi2+u3LHUSfXNpeRAdGu3wvED84H","bJI9oX5aCRvNTjBdLWWO/JGiL7uEPDaz","legacyData"
"05ae5981-386c-4982-a2e6-3f284db34f2a","JORN_062.basePlot.vst","2015-04-23","D14","JORN","JORN_062","tower","shrubScrub",32.590027,-106.841069,"WGS84",10.1,327211.44,3607334.37,"13N",1320.6,0.2,"vst_JORN_2015","NEON.DOC.000987vD",,,,,,,"noneSelected","noneSelected",400,400,400,,"mOcIykOnDgd3QV5gHrl8B5rxlWe9VRn+","bJI9oX5aCRvNTjBdLWWO/JGiL7uEPDaz","legacyData"
"06e5140e-1c0d-44c5-8b7d-8cbc6ac71939","JORN_057.basePlot.vst","2015-04-23","D14","JORN","JORN_057","tower","shrubScrub",32.590589,-106.841085,"WGS84",10.1,327211.01,3607396.71,"13N",1317.8,0.2,"vst_JORN_2015","NEON.DOC.000987vD",,,,,,,"noneSelected","noneSelected",400,400,400,,"bJI9oX5aCRvNTjBdLWWO/JGiL7uEPDaz","bJI9oX5aCRvNTjBdLWWO/JGiL7uEPDaz","legacyData"
"a0a044af-1c51-4bab-a762-d4bcaa97635b","JORN_042.basePlot.vst","2015-04-23","D14","JORN","JORN_042","tower","shrubScrub",32.590028,-106.840435,"WGS84",20.1,327270.95,3607333.45,"13N",1320.0,0.1,"vst_JORN_2015","NEON.DOC.000987vD",,,,,,,"noneSelected","noneSelected",400,400,400,,"bJI9oX5aCRvNTjBdLWWO/JGiL7uEPDaz","bJI9oX5aCRvNTjBdLWWO/JGiL7uEPDaz","legacyData"
"2ab34cac-07ff-467c-84fd-4a3aae4a5c7c","JORN_062.basePlot.vst","2015-04-23","D14","JORN","JORN_062","tower","shrubScrub",32.590027,-106.841069,"WGS84",10.1,327211.44,3607334.37,"13N",1320.6,0.2,"vst_JORN_2015","NEON.DOC.000987vD",,,,,,,"noneSelected","noneSelected",400,400,400,,"mOcIykOnDgd3QV5gHrl8B5rxlWe9VRn+","bJI9oX5aCRvNTjBdLWWO/JGiL7uEPDaz","legacyData"
"88d1c4c0-1171-4635-8496-1b3d7bf4f741","JORN_053.basePlot.vst","2015-04-23","D14","JORN","JORN_053","tower","shrubScrub",32.591098,-106.841728,"WGS84",10.2,327151.64,3607454.19,"13N",1317.0,0.2,"vst_JORN_2015","NEON.DOC.000987vD",,,,,,,"noneSelected","noneSelected",400,400,400,,"GRD/pi2+u3LHUSfXNpeRAdGu3wvED84H","bJI9oX5aCRvNTjBdLWWO/JGiL7uEPDaz","legacyData"
"16046d1c-e18f-4b37-869b-45ba95c5e143","JORN_066.basePlot.vst","2015-04-23","D14","JORN","JORN_066","tower","shrubScrub",32.592174,-106.842711,"WGS84",10.1,327061.44,3607575.09,"13N",1318.8,0.2,"vst_JORN_2015","NEON.DOC.000987vD",,,,,,,"noneSelected","noneSelected",400,400,400,,"cyBtucnFNGpJI8jm2+Rz1Zm1rXj26jk9","bJI9oX5aCRvNTjBdLWWO/JGiL7uEPDaz","legacyData"
"b677c74f-0f8b-4158-a250-c69e4bb2ba9e","JORN_059.basePlot.vst","2015-04-23","D14","JORN","JORN_059","tower","shrubScrub",32.592969,-106.844006,"WGS84",10.1,326941.41,3607665.35,"13N",1321.9,0.1,"vst_JORN_2015","NEON.DOC.000987vD",,,,,,,"noneSelected","noneSelected",400,400,400,,"CxWlXtj1NvtNxLbcJnjAP5Zu1Ug04Eq8","bJI9oX5aCRvNTjBdLWWO/JGiL7uEPDaz","legacyData"
"c8dfad66-87f4-4608-94d3-a2497a6e0bdc","JORN_059.basePlot.vst","2015-04-23","D14","JORN","JORN_059","tower","shrubScrub",32.592969,-106.844006,"WGS84",10.1,326941.41,3607665.35,"13N",1321.9,0.1,"vst_JORN_2015","NEON.DOC.000987vD",,,,,,,"noneSelected","noneSelected",400,400,400,,"CxWlXtj1NvtNxLbcJnjAP5Zu1Ug04Eq8","bJI9oX5aCRvNTjBdLWWO/JGiL7uEPDaz","legacyData"
"45a276ad-3f48-4550-974d-c31aff6233ed","JORN_053.basePlot.vst","2015-04-23","D14","JORN","JORN_053","tower","shrubScrub",32.591098,-106.841728,"WGS84",10.2,327151.64,3607454.19,"13N",1317.0,0.2,"vst_JORN_2015","NEON.DOC.000987vD",,,,,,,"noneSelected","noneSelected",400,400,400,,"GRD/pi2+u3LHUSfXNpeRAdGu3wvED84H","bJI9oX5aCRvNTjBdLWWO/JGiL7uEPDaz","legacyData"
"f432bf68-ecc8-457c-9638-539b7b11c6ce","JORN_042.basePlot.vst","2015-04-23","D14","JORN","JORN_042","tower","shrubScrub",32.590028,-106.840435,"WGS84",20.1,327270.95,3607333.45,"13N",1320.0,0.1,"vst_JORN_2015","NEON.DOC.000987vD",,,,,,,"noneSelected","noneSelected",400,400,400,,"bJI9oX5aCRvNTjBdLWWO/JGiL7uEPDaz","bJI9oX5aCRvNTjBdLWWO/JGiL7uEPDaz","legacyData"
"be1629c6-068f-47d3-9c7b-3b6ba819187d","JORN_066.basePlot.vst","2015-04-23","D14","JORN","JORN_066","tower","shrubScrub",32.592174,-106.842711,"WGS84",10.1,327061.44,3607575.09,"13N",1318.8,0.2,"vst_JORN_2015","NEON.DOC.000987vD",,,,,,,"noneSelected","noneSelected",400,400,400,,"cyBtucnFNGpJI8jm2+Rz1Zm1rXj26jk9","bJI9oX5aCRvNTjBdLWWO/JGiL7uEPDaz","legacyData"
"b8aaf446-5421-4f00-9a7a-a276a16cce52","JORN_057.basePlot.vst","2015-04-23","D14","JORN","JORN_057","tower","shrubScrub",32.590589,-106.841085,"WGS84",10.1,327211.01,3607396.71,"13N",1317.8,0.2,"vst_JORN_2015","NEON.DOC.000987vD",,,,,,,"noneSelected","noneSelected",400,400,400,,"bJI9oX5aCRvNTjBdLWWO/JGiL7uEPDaz","bJI9oX5aCRvNTjBdLWWO/JGiL7uEPDaz","legacyData"
"54e677d9-ee9d-4aca-a201-22329b6339b9","JORN_052.basePlot.vst","2015-04-24","D14","JORN","JORN_052","tower","shrubScrub",32.588660,-106.840415,"WGS84",10.1,327270.20,3607181.74,"13N",1324.2,0.2,"vst_JORN_2015","NEON.DOC.000987vD",,,,,,,"noneSelected","noneSelected",400,400,400,,"bJI9oX5aCRvNTjBdLWWO/JGiL7uEPDaz","bJI9oX5aCRvNTjBdLWWO/JGiL7uEPDaz","legacyData"
"35608ff8-0e36-43bc-a5d0-aa514aa67452","JORN_067.basePlot.vst","2015-04-24","D14","JORN","JORN_067","tower","shrubScrub",32.589495,-106.840094,"WGS84",10.1,327301.94,3607273.80,"13N",1321.8,0.1,"vst_JORN_2015","NEON.DOC.000987vD",,,,,,,"noneSelected","noneSelected",400,400,400,,"mOcIykOnDgd3QV5gHrl8B5rxlWe9VRn+","CxWlXtj1NvtNxLbcJnjAP5Zu1Ug04Eq8","legacyData"
"e1b5942c-bf46-4a32-a603-44b71ae084d8","JORN_054.basePlot.vst","2015-04-24","D14","JORN","JORN_054","tower","shrubScrub",32.588932,-106.841054,"WGS84",10.2,327210.74,3607212.93,"13N",1323.6,0.3,"vst_JORN_2015","NEON.DOC.000987vD",,,,,,,"noneSelected","noneSelected",400,400,400,,"bJI9oX5aCRvNTjBdLWWO/JGiL7uEPDaz","bJI9oX5aCRvNTjBdLWWO/JGiL7uEPDaz","legacyData"
"01088b89-2d03-4ffe-b746-fc06157e00fe","JORN_065.basePlot.vst","2015-04-24","D14","JORN","JORN_065","tower","shrubScrub",32.592207,-106.840473,"WGS84",10.1,327271.57,3607575.11,"13N",1317.6,0.2,"vst_JORN_2015","NEON.DOC.000987vD",,,,,,,"noneSelected","noneSelected",400,400,400,,"cyBtucnFNGpJI8jm2+Rz1Zm1rXj26jk9","CxWlXtj1NvtNxLbcJnjAP5Zu1Ug04Eq8","legacyData"
"09c37d14-b211-4db3-992d-eb63a511089f","JORN_064.basePlot.vst","2015-04-24","D14","JORN","JORN_064","tower","shrubScrub",32.592698,-106.844653,"WGS84",10.1,326880.16,3607636.35,"13N",1323.6,0.1,"vst_JORN_2015","NEON.DOC.000987vD",,,,,,,"noneSelected","noneSelected",400,400,400,,"cyBtucnFNGpJI8jm2+Rz1Zm1rXj26jk9","GRD/pi2+u3LHUSfXNpeRAdGu3wvED84H","legacyData"
"eca42219-f000-4bd1-ba15-4b7987b82683","JORN_070.basePlot.vst","2015-04-24","D14","JORN","JORN_070","tower","grasslandHerbaceous",32.589491,-106.840734,"WGS84",10.2,327241.85,3607274.39,"13N",1322.7,0.2,"vst_JORN_2015","NEON.DOC.000987vD",,,,,,,"noneSelected","noneSelected",400,400,400,,"bJI9oX5aCRvNTjBdLWWO/JGiL7uEPDaz","bJI9oX5aCRvNTjBdLWWO/JGiL7uEPDaz","legacyData"
"c031025c-a1d7-4776-8b8e-b95b86ca9e91","JORN_063.basePlot.vst","2015-04-24","D14","JORN","JORN_063","tower","shrubScrub",32.592451,-106.841109,"WGS84",10.1,327212.34,3607603.20,"13N",1317.4,0.1,"vst_JORN_2015","NEON.DOC.000987vD",,,,,,,"noneSelected","noneSelected",400,400,400,,"CxWlXtj1NvtNxLbcJnjAP5Zu1Ug04Eq8","GRD/pi2+u3LHUSfXNpeRAdGu3wvED84H","legacyData"
"188c4f7e-79b6-44f5-96b6-6471f0262374","JORN_052.basePlot.vst","2015-04-24","D14","JORN","JORN_052","tower","shrubScrub",32.588660,-106.840415,"WGS84",10.1,327270.20,3607181.74,"13N",1324.2,0.2,"vst_JORN_2015","NEON.DOC.000987vD",,,,,,,"noneSelected","noneSelected",400,400,400,,"bJI9oX5aCRvNTjBdLWWO/JGiL7uEPDaz","bJI9oX5aCRvNTjBdLWWO/JGiL7uEPDaz","legacyData"
"58bdcd8b-9ca3-4372-89f1-3d7e76698ac4","JORN_064.basePlot.vst","2015-04-24","D14","JORN","JORN_064","tower","shrubScrub",32.592698,-106.844653,"WGS84",10.1,326880.16,3607636.35,"13N",1323.6,0.1,"vst_JORN_2015","NEON.DOC.000987vD",,,,,,,"noneSelected","noneSelected",400,400,400,,"cyBtucnFNGpJI8jm2+Rz1Zm1rXj26jk9","GRD/pi2+u3LHUSfXNpeRAdGu3wvED84H","legacyData"
"df867da9-2327-443a-80af-bfbc1d787d64","JORN_063.basePlot.vst","2015-04-24","D14","JORN","JORN_063","tower","shrubScrub",32.592451,-106.841109,"WGS84",10.1,327212.34,3607603.20,"13N",1317.4,0.1,"vst_JORN_2015","NEON.DOC.000987vD",,,,,,,"noneSelected","noneSelected",400,400,400,,"CxWlXtj1NvtNxLbcJnjAP5Zu1Ug04Eq8","GRD/pi2+u3LHUSfXNpeRAdGu3wvED84H","legacyData"
"ad6a6b11-3181-43e7-be2a-86e565e68b75","JORN_070.basePlot.vst","2015-04-24","D14","JORN","JORN_070","tower","grasslandHerbaceous",32.589491,-106.840734,"WGS84",10.2,327241.85,3607274.39,"13N",1322.7,0.2,"vst_JORN_2015","NEON.DOC.000987vD",,,,,,,"noneSelected","noneSelected",400,400,400,,"bJI9oX5aCRvNTjBdLWWO/JGiL7uEPDaz","bJI9oX5aCRvNTjBdLWWO/JGiL7uEPDaz","legacyData"
"7b0eea79-7ec3-49c5-a798-88ac916d5dd5","JORN_065.basePlot.vst","2015-04-24","D14","JORN","JORN_065","tower","shrubScrub",32.592207,-106.840473,"WGS84",10.1,327271.57,3607575.11,"13N",1317.6,0.2,"vst_JORN_2015","NEON.DOC.000987vD",,,,,,,"noneSelected","noneSelected",400,400,400,,"cyBtucnFNGpJI8jm2+Rz1Zm1rXj26jk9","CxWlXtj1NvtNxLbcJnjAP5Zu1Ug04Eq8","legacyData"
"3f98151c-5520-4522-b01c-56ad53b737e7","JORN_067.basePlot.vst","2015-04-24","D14","JORN","JORN_067","tower","shrubScrub",32.589495,-106.840094,"WGS84",10.1,327301.94,3607273.80,"13N",1321.8,0.1,"vst_JORN_2015","NEON.DOC.000987vD",,,,,,,"noneSelected","noneSelected",400,400,400,,"mOcIykOnDgd3QV5gHrl8B5rxlWe9VRn+","CxWlXtj1NvtNxLbcJnjAP5Zu1Ug04Eq8","legacyData"
"ce2a9453-e1c9-4849-90fe-8d0a90b1fca5","JORN_054.basePlot.vst","2015-04-24","D14","JORN","JORN_054","tower","shrubScrub",32.588932,-106.841054,"WGS84",10.2,327210.74,3607212.93,"13N",1323.6,0.3,"vst_JORN_2015","NEON.DOC.000987vD",,,,,,,"noneSelected","noneSelected",400,400,400,,"bJI9oX5aCRvNTjBdLWWO/JGiL7uEPDaz","bJI9oX5aCRvNTjBdLWWO/JGiL7uEPDaz","legacyData"
"9c7240d8-4743-4b1e-aa1a-650bd0709940","JORN_043.basePlot.vst","2015-04-25","D14","JORN","JORN_043","tower","shrubScrub",32.591931,-106.839841,"WGS84",10.2,327330.36,3607543.48,"13N",1318.3,0.4,"vst_JORN_2015","NEON.DOC.000987vD",,,,,,,"noneSelected","noneSelected",400,400,400,,"cyBtucnFNGpJI8jm2+Rz1Zm1rXj26jk9","bJI9oX5aCRvNTjBdLWWO/JGiL7uEPDaz","legacyData"
"80a2863f-72b7-476e-89aa-6f792cfdaba4","JORN_069.basePlot.vst","2015-04-25","D14","JORN","JORN_069","tower","shrubScrub",32.589200,-106.842011,"WGS84",10.1,327121.43,3607244.21,"13N",1323.2,0.2,"vst_JORN_2015","NEON.DOC.000987vD",,,,,,,"noneSelected","noneSelected",400,400,400,,"rT3Yl3ajt10V8w40mB+1aaiQYfD/eF32","bJI9oX5aCRvNTjBdLWWO/JGiL7uEPDaz","legacyData"
"706bd741-0a5e-459f-a112-da97a3f37258","JORN_068.basePlot.vst","2015-04-25","D14","JORN","JORN_068","tower","shrubScrub",32.591391,-106.839824,"WGS84",10.1,327330.92,3607483.58,"13N",1316.8,0.1,"vst_JORN_2015","NEON.DOC.000987vD",,,,,,,"noneSelected","noneSelected",400,400,400,,"GRD/pi2+u3LHUSfXNpeRAdGu3wvED84H","bJI9oX5aCRvNTjBdLWWO/JGiL7uEPDaz","legacyData"
"c698a3f7-f071-4b69-9dbe-6df9a7788863","JORN_071.basePlot.vst","2015-04-25","D14","JORN","JORN_071","tower","shrubScrub",32.588114,-106.841997,"WGS84",10.1,327120.66,3607123.77,"13N",1323.5,0.1,"vst_JORN_2015","NEON.DOC.000987vD",,,,,,,"noneSelected","noneSelected",400,400,400,,"rT3Yl3ajt10V8w40mB+1aaiQYfD/eF32","CxWlXtj1NvtNxLbcJnjAP5Zu1Ug04Eq8","legacyData"
"ea3aad31-c24e-4403-a3bc-7e56d66ac418","JORN_068.basePlot.vst","2015-04-25","D14","JORN","JORN_068","tower","shrubScrub",32.591391,-106.839824,"WGS84",10.1,327330.92,3607483.58,"13N",1316.8,0.1,"vst_JORN_2015","NEON.DOC.000987vD",,,,,,,"noneSelected","noneSelected",400,400,400,,"GRD/pi2+u3LHUSfXNpeRAdGu3wvED84H","bJI9oX5aCRvNTjBdLWWO/JGiL7uEPDaz","legacyData"
"9f4c5743-50fa-41d4-8b5c-6880fc35bbbe","JORN_051.basePlot.vst","2015-04-25","D14","JORN","JORN_051","tower","shrubScrub",32.592948,-106.843359,"WGS84",10.1,327002.10,3607661.97,"13N",1318.9,0.1,"vst_JORN_2015","NEON.DOC.000987vD",,,,,,,"noneSelected","noneSelected",400,400,400,,"cyBtucnFNGpJI8jm2+Rz1Zm1rXj26jk9","GRD/pi2+u3LHUSfXNpeRAdGu3wvED84H","legacyData"
"56ec8a2d-69f4-42fa-ae81-4838c38c73ad","JORN_058.basePlot.vst","2015-04-25","D14","JORN","JORN_058","tower","shrubScrub",32.591132,-106.839184,"WGS84",10.1,327390.49,3607453.83,"13N",1318.5,0.2,"vst_JORN_2015","NEON.DOC.000987vD",,,,,,,"noneSelected","noneSelected",400,400,400,,"cyBtucnFNGpJI8jm2+Rz1Zm1rXj26jk9","bJI9oX5aCRvNTjBdLWWO/JGiL7uEPDaz","legacyData"
"b0714237-d7ca-42ff-aa1f-501eb2e06c50","JORN_071.basePlot.vst","2015-04-25","D14","JORN","JORN_071","tower","shrubScrub",32.588114,-106.841997,"WGS84",10.1,327120.66,3607123.77,"13N",1323.5,0.1,"vst_JORN_2015","NEON.DOC.000987vD",,,,,,,"noneSelected","noneSelected",400,400,400,,"rT3Yl3ajt10V8w40mB+1aaiQYfD/eF32","CxWlXtj1NvtNxLbcJnjAP5Zu1Ug04Eq8","legacyData"
"2f44847f-1b1f-4f3b-9be4-19d40222db40","JORN_049.basePlot.vst","2015-04-25","D14","JORN","JORN_049","tower","shrubScrub",32.593517,-106.843048,"WGS84",10.1,327032.38,3607724.55,"13N",1317.6,0.1,"vst_JORN_2015","NEON.DOC.000987vD",,,,,,,"noneSelected","noneSelected",400,400,400,,"bJI9oX5aCRvNTjBdLWWO/JGiL7uEPDaz","bJI9oX5aCRvNTjBdLWWO/JGiL7uEPDaz","legacyData"
"ed3fbe90-4fa5-4d45-9dd1-df3711f7a2db","JORN_050.basePlot.vst","2015-04-25","D14","JORN","JORN_050","tower","shrubScrub",32.589742,-106.842024,"WGS84",10.1,327121.25,3607304.32,"13N",1323.0,0.2,"vst_JORN_2015","NEON.DOC.000987vD",,,,,,,"noneSelected","noneSelected",400,400,400,,"rT3Yl3ajt10V8w40mB+1aaiQYfD/eF32","GRD/pi2+u3LHUSfXNpeRAdGu3wvED84H","legacyData"
"b5458893-2e26-4d12-bd3f-6a6b333d5496","JORN_058.basePlot.vst","2015-04-25","D14","JORN","JORN_058","tower","shrubScrub",32.591132,-106.839184,"WGS84",10.1,327390.49,3607453.83,"13N",1318.5,0.2,"vst_JORN_2015","NEON.DOC.000987vD",,,,,,,"noneSelected","noneSelected",400,400,400,,"cyBtucnFNGpJI8jm2+Rz1Zm1rXj26jk9","bJI9oX5aCRvNTjBdLWWO/JGiL7uEPDaz","legacyData"
"839d583c-6cad-44e9-acc1-e237fc2a2445","JORN_048.basePlot.vst","2015-04-25","D14","JORN","JORN_048","tower","shrubScrub",32.588660,-106.842327,"WGS84",10.1,327090.73,3607184.85,"13N",1322.5,0.2,"vst_JORN_2015","NEON.DOC.000987vD",,,,,,,"noneSelected","noneSelected",400,400,400,,"mOcIykOnDgd3QV5gHrl8B5rxlWe9VRn+","bJI9oX5aCRvNTjBdLWWO/JGiL7uEPDaz","legacyData"
"ac6c4f07-87bc-404f-a899-3a9e19e62540","JORN_043.basePlot.vst","2015-04-25","D14","JORN","JORN_043","tower","shrubScrub",32.591931,-106.839841,"WGS84",10.2,327330.36,3607543.48,"13N",1318.3,0.4,"vst_JORN_2015","NEON.DOC.000987vD",,,,,,,"noneSelected","noneSelected",400,400,400,,"cyBtucnFNGpJI8jm2+Rz1Zm1rXj26jk9","bJI9oX5aCRvNTjBdLWWO/JGiL7uEPDaz","legacyData"
"6eeeb76f-ec2f-4cc1-96cd-9476f7997263","JORN_048.basePlot.vst","2015-04-25","D14","JORN","JORN_048","tower","shrubScrub",32.588660,-106.842327,"WGS84",10.1,327090.73,3607184.85,"13N",1322.5,0.2,"vst_JORN_2015","NEON.DOC.000987vD",,,,,,,"noneSelected","noneSelected",400,400,400,,"mOcIykOnDgd3QV5gHrl8B5rxlWe9VRn+","bJI9oX5aCRvNTjBdLWWO/JGiL7uEPDaz","legacyData"
"c45bcea4-6215-40f8-b5a2-51ea69b2dce9","JORN_050.basePlot.vst","2015-04-25","D14","JORN","JORN_050","tower","shrubScrub",32.589742,-106.842024,"WGS84",10.1,327121.25,3607304.32,"13N",1323.0,0.2,"vst_JORN_2015","NEON.DOC.000987vD",,,,,,,"noneSelected","noneSelected",400,400,400,,"rT3Yl3ajt10V8w40mB+1aaiQYfD/eF32","GRD/pi2+u3LHUSfXNpeRAdGu3wvED84H","legacyData"
"1dea2c18-e83a-4202-9534-1656e93b7a35","JORN_051.basePlot.vst","2015-04-25","D14","JORN","JORN_051","tower","shrubScrub",32.592948,-106.843359,"WGS84",10.1,327002.10,3607661.97,"13N",1318.9,0.1,"vst_JORN_2015","NEON.DOC.000987vD",,,,,,,"noneSelected","noneSelected",400,400,400,,"cyBtucnFNGpJI8jm2+Rz1Zm1rXj26jk9","GRD/pi2+u3LHUSfXNpeRAdGu3wvED84H","legacyData"
"1bf97840-da75-4b58-8681-3cadc9d68127","JORN_049.basePlot.vst","2015-04-25","D14","JORN","JORN_049","tower","shrubScrub",32.593517,-106.843048,"WGS84",10.1,327032.38,3607724.55,"13N",1317.6,0.1,"vst_JORN_2015","NEON.DOC.000987vD",,,,,,,"noneSelected","noneSelected",400,400,400,,"bJI9oX5aCRvNTjBdLWWO/JGiL7uEPDaz","bJI9oX5aCRvNTjBdLWWO/JGiL7uEPDaz","legacyData"
"59e404d7-b038-482e-bcea-84fb4dc10054","JORN_069.basePlot.vst","2015-04-25","D14","JORN","JORN_069","tower","shrubScrub",32.589200,-106.842011,"WGS84",10.1,327121.43,3607244.21,"13N",1323.2,0.2,"vst_JORN_2015","NEON.DOC.000987vD",,,,,,,"noneSelected","noneSelected",400,400,400,,"rT3Yl3ajt10V8w40mB+1aaiQYfD/eF32","bJI9oX5aCRvNTjBdLWWO/JGiL7uEPDaz","legacyData"
"3db8a34e-6c54-49f0-8872-cca3d59d49dc","JORN_060.basePlot.vst","2015-04-26","D14","JORN","JORN_060","tower","shrubScrub",32.589481,-106.839474,"WGS84",10.1,327360.11,3607271.24,"13N",1321.8,0.1,"vst_JORN_2015","NEON.DOC.000987vD",,,,,,,"noneSelected","noneSelected",400,400,400,,"rT3Yl3ajt10V8w40mB+1aaiQYfD/eF32","bJI9oX5aCRvNTjBdLWWO/JGiL7uEPDaz","legacyData"
"5d1f5731-2150-4763-8503-e90b498dab94","JORN_046.basePlot.vst","2015-04-26","D14","JORN","JORN_046","tower","shrubScrub",32.593501,-106.842416,"WGS84",10.1,327091.67,3607721.75,"13N",1317.8,0.1,"vst_JORN_2015","NEON.DOC.000987vD",,,,,,,"noneSelected","noneSelected",400,400,400,,"cyBtucnFNGpJI8jm2+Rz1Zm1rXj26jk9","bJI9oX5aCRvNTjBdLWWO/JGiL7uEPDaz","legacyData"
"deaf091c-a9c7-4c19-94ee-0a4cd21cf900","JORN_056.basePlot.vst","2015-04-26","D14","JORN","JORN_056","tower","shrubScrub",32.588388,-106.841368,"WGS84",10.1,327180.22,3607153.13,"13N",1323.7,0.2,"vst_JORN_2015","NEON.DOC.000987vD",,,,,,,"noneSelected","noneSelected",400,400,400,,"mOcIykOnDgd3QV5gHrl8B5rxlWe9VRn+","bJI9oX5aCRvNTjBdLWWO/JGiL7uEPDaz","legacyData"
"3bb241af-aac9-4d11-83eb-b3a3f6b02634","JORN_056.basePlot.vst","2015-04-26","D14","JORN","JORN_056","tower","shrubScrub",32.588388,-106.841368,"WGS84",10.1,327180.22,3607153.13,"13N",1323.7,0.2,"vst_JORN_2015","NEON.DOC.000987vD",,,,,,,"noneSelected","noneSelected",400,400,400,,"mOcIykOnDgd3QV5gHrl8B5rxlWe9VRn+","bJI9oX5aCRvNTjBdLWWO/JGiL7uEPDaz","legacyData"
"7ad13e2e-c0ac-4e08-bfcf-1bb3d766f651","JORN_046.basePlot.vst","2015-04-26","D14","JORN","JORN_046","tower","shrubScrub",32.593501,-106.842416,"WGS84",10.1,327091.67,3607721.75,"13N",1317.8,0.1,"vst_JORN_2015","NEON.DOC.000987vD",,,,,,,"noneSelected","noneSelected",400,400,400,,"cyBtucnFNGpJI8jm2+Rz1Zm1rXj26jk9","bJI9oX5aCRvNTjBdLWWO/JGiL7uEPDaz","legacyData"
"d79fc0ea-e1ea-42ea-add8-92063f2301f4","JORN_060.basePlot.vst","2015-04-26","D14","JORN","JORN_060","tower","shrubScrub",32.589481,-106.839474,"WGS84",10.1,327360.11,3607271.24,"13N",1321.8,0.1,"vst_JORN_2015","NEON.DOC.000987vD",,,,,,,"noneSelected","noneSelected",400,400,400,,"rT3Yl3ajt10V8w40mB+1aaiQYfD/eF32","bJI9oX5aCRvNTjBdLWWO/JGiL7uEPDaz","legacyData"
