uid,namedLocation,domainID,siteID,plotID,plotType,nlcdClass,decimalLatitude,decimalLongitude,geodeticDatum,coordinateUncertainty,elevation,elevationUncertainty,collectDate,eventID,sampleID,sampleCode,samplingMethod,totalSampledArea,targetTaxaPresent,adultCount,nymphCount,larvaCount,sampleCondition,samplingProtocolVersion,measuredBy,remarks
"beb7f6e3-f348-437e-9c9e-62c14d6c1233","OAES_005.tickPlot.tck","D11","OAES","OAES_005","distributed","grasslandHerbaceous",35.402926,-99.080346,"WGS84",20.1,509.4,0.1,"2017-09-11T20:19Z","OAES.2017.38",,,"drag",160,"N",0,0,0,,"NEON.DOC.014045vH","LSZWSTVV0z7oKiovbKzMeaRuYCo7u+MNQjEB6Tx1qFE=",
"aeb73a3b-b5e6-4865-995f-ae74d61bea8a","OAES_004.tickPlot.tck","D11","OAES","OAES_004","distributed","grasslandHerbaceous",35.411159,-99.084234,"WGS84",20.1,507.6,0.1,"2017-09-11T21:07Z","OAES.2017.38",,,"drag",160,"N",0,0,0,,"NEON.DOC.014045vH","nHaIHoivgyDuLAnlbU+expC6wb3bqhGN3JY+jhv4Qnk=",
"b4b3174f-8c6a-4862-8c55-c359a96e9046","OAES_021.tickPlot.tck","D11","OAES","OAES_021","distributed","shrubScrub",35.413211,-99.074301,"WGS84",20.1,501.7,0.1,"2017-09-11T21:55Z","OAES.2017.38",,,"drag",130,"N",0,0,0,,"NEON.DOC.014045vH","LSZWSTVV0z7oKiovbKzMeaRuYCo7u+MNQjEB6Tx1qFE=",
"11f1bb3e-a882-40bc-99a6-78a46b28b5bc","OAES_003.tickPlot.tck","D11","OAES","OAES_003","distributed","grasslandHerbaceous",35.412134,-99.068027,"WGS84",20.2,512.2,0.2,"2017-09-11T22:25Z","OAES.2017.38",,,"drag",160,"N",0,0,0,,"NEON.DOC.014045vH","nHaIHoivgyDuLAnlbU+expC6wb3bqhGN3JY+jhv4Qnk=",
"21946088-73e3-45ed-bee9-a8f4cd913183","OAES_007.tickPlot.tck","D11","OAES","OAES_007","distributed","shrubScrub",35.421328,-99.057210,"WGS84",20.1,521.6,0.1,"2017-09-11T23:03Z","OAES.2017.38",,,"drag",160,"N",0,0,0,,"NEON.DOC.014045vH","LSZWSTVV0z7oKiovbKzMeaRuYCo7u+MNQjEB6Tx1qFE=",
"4a312821-20cc-40b3-9f88-df8c359d7dd2","OAES_008.tickPlot.tck","D11","OAES","OAES_008","distributed","grasslandHerbaceous",35.394019,-99.063159,"WGS84",20.1,492.6,0.1,"2017-09-11T23:34Z","OAES.2017.38",,,"drag",160,"N",0,0,0,,"NEON.DOC.014045vH","nHaIHoivgyDuLAnlbU+expC6wb3bqhGN3JY+jhv4Qnk=",
