uid,namedLocation,date,eventID,domainID,siteID,plotID,subplotID,individualID,tagStatus,growthForm,plantStatus,stemDiameter,measurementHeight,height,baseCrownHeight,breakHeight,breakDiameter,maxCrownDiameter,ninetyCrownDiameter,canopyPosition,shape,basalStemDiameter,basalStemDiameterMsrmntHeight,maxBaseCrownDiameter,ninetyBaseCrownDiameter,remarks,recordedBy,measuredBy,dataQF
"4ebdcd4e-6527-424b-b835-33a02d49c0f0","STEI_061.basePlot.vst","2016-11-02","vst_STEI_2016","D05","STEI","STEI_061",,"NEON.PLA.D05.STEI.01315","ok","single bole tree","Live",15.0,130,13.3,,,,,,,,,,,,,"B/1XguR/VImkpiciTImn0yyrFfzGHeqw","UuiIeI4+6a4w2V3xx4xXIBtOUNDpdb+M","legacyData"
"e98bfc45-7fd2-4702-a5cb-953830d38887","STEI_061.basePlot.vst","2016-11-02","vst_STEI_2016","D05","STEI","STEI_061",,"NEON.PLA.D05.STEI.05510","ok","small shrub","Live",,,1.4,0.6,,,0.5,0.4,,"ellipsoid or sphere",1.3,10,,,,"B/1XguR/VImkpiciTImn0yyrFfzGHeqw","UuiIeI4+6a4w2V3xx4xXIBtOUNDpdb+M","legacyData"
"d15b2c64-d14b-428f-9b2f-4132fc2a0d2d","STEI_061.basePlot.vst","2016-11-02","vst_STEI_2016","D05","STEI","STEI_061",,"NEON.PLA.D05.STEI.01235","ok","small tree","Live",1.4,130,2.2,,,,,,,,,,,,,"B/1XguR/VImkpiciTImn0yyrFfzGHeqw","UuiIeI4+6a4w2V3xx4xXIBtOUNDpdb+M","legacyData"
"59813f52-555a-4777-bee6-8ba04fdbe0cc","STEI_061.basePlot.vst","2016-11-02","vst_STEI_2016","D05","STEI","STEI_061",,"NEON.PLA.D05.STEI.01053","ok","small shrub","Live",,,1.3,0.6,,,0.5,0.4,,"ellipsoid or sphere",1.4,10,,,,"B/1XguR/VImkpiciTImn0yyrFfzGHeqw","UuiIeI4+6a4w2V3xx4xXIBtOUNDpdb+M","legacyData"
"bca0a0ef-6106-4057-8c09-def07a69b6cf","STEI_061.basePlot.vst","2016-11-02","vst_STEI_2016","D05","STEI","STEI_061",,"NEON.PLA.D05.STEI.01005","ok","single shrub","Live",2.1,130,5.4,0.5,,,1.9,1.8,,"ellipsoid or sphere",3.3,20,,,,"B/1XguR/VImkpiciTImn0yyrFfzGHeqw","UuiIeI4+6a4w2V3xx4xXIBtOUNDpdb+M","legacyData"
"eea1e7e2-ed0a-4e18-b7d3-2a4795ab9f97","STEI_061.basePlot.vst","2016-11-02","vst_STEI_2016","D05","STEI","STEI_061",,"NEON.PLA.D05.STEI.01106","ok","small shrub","Live",,,0.8,0.3,,,0.3,0.2,,"ellipsoid or sphere",1.1,10,,,,"B/1XguR/VImkpiciTImn0yyrFfzGHeqw","UuiIeI4+6a4w2V3xx4xXIBtOUNDpdb+M","legacyData"
"9422cd47-3990-4524-8e85-4368974728a4","STEI_053.basePlot.vst","2016-11-02","vst_STEI_2016","D05","STEI","STEI_053",,"NEON.PLA.D05.STEI.01692","ok","single bole tree","Live",11.1,130,10.8,,,,,,,,,,,,,"P9hftDyV5NLbHB2gcoQF666NEvwuiXGq","V35Wye4FvhrxI6uTqmElE4vMuTa4eEyL","legacyData"
"0a47952d-b841-48e4-975c-e97502d92e6a","STEI_053.basePlot.vst","2016-11-02","vst_STEI_2016","D05","STEI","STEI_053",,"NEON.PLA.D05.STEI.01669","ok","small tree","Live",4.5,130,7.8,,,,,,,,,,,,,"P9hftDyV5NLbHB2gcoQF666NEvwuiXGq","V35Wye4FvhrxI6uTqmElE4vMuTa4eEyL","legacyData"
"46f0f653-58df-46b6-a289-a7a25414922f","STEI_053.basePlot.vst","2016-11-02","vst_STEI_2016","D05","STEI","STEI_053",,"NEON.PLA.D05.STEI.01248","ok","small tree","Standing dead",2.8,130,8.0,,,,,,,,,,,,,"P9hftDyV5NLbHB2gcoQF666NEvwuiXGq","V35Wye4FvhrxI6uTqmElE4vMuTa4eEyL","legacyData"
"32a93926-e976-4a6a-9e6b-a5c77517cd5a","STEI_053.basePlot.vst","2016-11-02","vst_STEI_2016","D05","STEI","STEI_053",,"NEON.PLA.D05.STEI.01641","ok","sapling","Live",,,2.2,,,,,,,,1.5,10,,,,"P9hftDyV5NLbHB2gcoQF666NEvwuiXGq","V35Wye4FvhrxI6uTqmElE4vMuTa4eEyL","legacyData"
"c62895ff-7015-480c-a6b5-0422571a5177","STEI_051.basePlot.vst","2016-11-02","vst_STEI_2016","D05","STEI","STEI_051",,"NEON.PLA.D05.STEI.01027","ok","small tree","Live",4.6,130,4.2,,,,,,,,,,,,,"B/1XguR/VImkpiciTImn0yyrFfzGHeqw","UuiIeI4+6a4w2V3xx4xXIBtOUNDpdb+M","legacyData"
"5c76192b-34c5-47c4-ba58-bc02414853fc","STEI_061.basePlot.vst","2016-11-02","vst_STEI_2016","D05","STEI","STEI_061",,"NEON.PLA.D05.STEI.01218","ok","small tree","Live",2.8,130,3.1,,,,,,,,,,,,,"B/1XguR/VImkpiciTImn0yyrFfzGHeqw","UuiIeI4+6a4w2V3xx4xXIBtOUNDpdb+M","legacyData"
"369bbf8b-1e6d-40d9-bd2a-acf2325f17f2","STEI_061.basePlot.vst","2016-11-02","vst_STEI_2016","D05","STEI","STEI_061",,"NEON.PLA.D05.STEI.01067","ok","single shrub","Live",7.2,130,6.8,1.3,,,4.2,3.6,,"ellipsoid or sphere",9.2,10,,,,"B/1XguR/VImkpiciTImn0yyrFfzGHeqw","UuiIeI4+6a4w2V3xx4xXIBtOUNDpdb+M","legacyData"
"895629bd-2cf4-46a3-a6ad-c0c1f0707a0a","STEI_061.basePlot.vst","2016-11-02","vst_STEI_2016","D05","STEI","STEI_061",,"NEON.PLA.D05.STEI.01274","ok","single bole tree","Live, physically damaged",30.5,130,15.1,,,,,,,,,,,,"needs to be mapped","B/1XguR/VImkpiciTImn0yyrFfzGHeqw","UuiIeI4+6a4w2V3xx4xXIBtOUNDpdb+M","legacyData"
"d270fac3-ffb0-46a3-a288-87e6b50e1c88","STEI_061.basePlot.vst","2016-11-02","vst_STEI_2016","D05","STEI","STEI_061",,"NEON.PLA.D05.STEI.01034","ok","single shrub","Live",2.2,130,5.1,1.0,,,3.3,3.1,,"ellipsoid or sphere",3.2,10,,,,"B/1XguR/VImkpiciTImn0yyrFfzGHeqw","UuiIeI4+6a4w2V3xx4xXIBtOUNDpdb+M","legacyData"
"1420b8a8-09bd-46d6-88a9-52780c4f5d2e","STEI_061.basePlot.vst","2016-11-02","vst_STEI_2016","D05","STEI","STEI_061",,"NEON.PLA.D05.STEI.00350","ok","sapling","Live",,,1.0,,,,,,,,1.0,10,,,,"B/1XguR/VImkpiciTImn0yyrFfzGHeqw","UuiIeI4+6a4w2V3xx4xXIBtOUNDpdb+M","legacyData"
"df8e3a72-d9dc-4c8e-b07e-4cb3a8bffee1","STEI_061.basePlot.vst","2016-11-02","vst_STEI_2016","D05","STEI","STEI_061",,"NEON.PLA.D05.STEI.01366","ok","single bole tree","Live",15.1,130,7.2,,,,,,,,,,,,,"B/1XguR/VImkpiciTImn0yyrFfzGHeqw","UuiIeI4+6a4w2V3xx4xXIBtOUNDpdb+M","legacyData"
"3ef42712-e0d6-42a4-944a-9e2f5d4e5be4","STEI_061.basePlot.vst","2016-11-02","vst_STEI_2016","D05","STEI","STEI_061",,"NEON.PLA.D05.STEI.01381","ok","single bole tree","Live",24.2,160,10.2,,,,,,,,,,,,,"B/1XguR/VImkpiciTImn0yyrFfzGHeqw","UuiIeI4+6a4w2V3xx4xXIBtOUNDpdb+M","legacyData"
"6c06f444-558f-4d1d-b7f8-42bf90117755","STEI_061.basePlot.vst","2016-11-02","vst_STEI_2016","D05","STEI","STEI_061",,"NEON.PLA.D05.STEI.00341","ok","sapling","Live",,,0.7,,,,,,,,1.0,10,,,,"B/1XguR/VImkpiciTImn0yyrFfzGHeqw","UuiIeI4+6a4w2V3xx4xXIBtOUNDpdb+M","legacyData"
"da75bc7e-c67d-48dd-95cc-debe3027e684","STEI_061.basePlot.vst","2016-11-02","vst_STEI_2016","D05","STEI","STEI_061",,"NEON.PLA.D05.STEI.01115","ok","small shrub","Live",,,1.9,0.3,,,0.6,0.4,,"ellipsoid or sphere",2.1,10,,,,"B/1XguR/VImkpiciTImn0yyrFfzGHeqw","UuiIeI4+6a4w2V3xx4xXIBtOUNDpdb+M","legacyData"
"8ff40de3-d1c0-4cf4-bf68-595368779e6f","STEI_061.basePlot.vst","2016-11-02","vst_STEI_2016","D05","STEI","STEI_061",,"NEON.PLA.D05.STEI.05513","ok","small shrub","Live",,,1.8,0.6,,,0.5,0.5,,"ellipsoid or sphere",1.8,10,,,,"B/1XguR/VImkpiciTImn0yyrFfzGHeqw","UuiIeI4+6a4w2V3xx4xXIBtOUNDpdb+M","legacyData"
"8b97c442-ff2b-4414-a231-8c82ee012d7e","STEI_061.basePlot.vst","2016-11-02","vst_STEI_2016","D05","STEI","STEI_061",,"NEON.PLA.D05.STEI.01060","ok","single shrub","Live",2.5,130,5.9,0.7,,,3.0,2.3,,"ellipsoid or sphere",2.9,10,,,,"B/1XguR/VImkpiciTImn0yyrFfzGHeqw","UuiIeI4+6a4w2V3xx4xXIBtOUNDpdb+M","legacyData"
"6046a706-53f0-44d2-b29a-2e35fbd24e05","STEI_061.basePlot.vst","2016-11-02","vst_STEI_2016","D05","STEI","STEI_061",,"NEON.PLA.D05.STEI.01347","ok","single bole tree","Live",14.4,130,11.1,,,,,,,,,,,,,"B/1XguR/VImkpiciTImn0yyrFfzGHeqw","UuiIeI4+6a4w2V3xx4xXIBtOUNDpdb+M","legacyData"
"ab918888-3213-4055-9197-b915183879fa","STEI_061.basePlot.vst","2016-11-02","vst_STEI_2016","D05","STEI","STEI_061",,"NEON.PLA.D05.STEI.01308","ok","single bole tree","Dead, broken bole",13.2,130,1.6,,,,,,,,,,,,,"B/1XguR/VImkpiciTImn0yyrFfzGHeqw","UuiIeI4+6a4w2V3xx4xXIBtOUNDpdb+M","legacyData"
"58d1ccc1-191b-46de-aa7a-c51a19decdb7","STEI_061.basePlot.vst","2016-11-02","vst_STEI_2016","D05","STEI","STEI_061",,"NEON.PLA.D05.STEI.01282","ok","small tree","Live",3.1,130,2.7,,,,,,,,,,,,,"B/1XguR/VImkpiciTImn0yyrFfzGHeqw","UuiIeI4+6a4w2V3xx4xXIBtOUNDpdb+M","legacyData"
"53a62d77-ad4b-4d78-be01-ea5339e0a662","STEI_061.basePlot.vst","2016-11-02","vst_STEI_2016","D05","STEI","STEI_061",,"NEON.PLA.D05.STEI.01005","ok","single shrub","Live",2.7,130,5.4,0.5,,,1.9,1.8,,"ellipsoid or sphere",4.4,10,,,,"B/1XguR/VImkpiciTImn0yyrFfzGHeqw","UuiIeI4+6a4w2V3xx4xXIBtOUNDpdb+M","legacyData"
"19ad80c8-a139-4ef4-ab4f-b0633ccd8cb0","STEI_061.basePlot.vst","2016-11-02","vst_STEI_2016","D05","STEI","STEI_061",,"NEON.PLA.D05.STEI.01002","ok","small shrub","Live",,,1.3,0.2,,,1.1,0.7,,"ellipsoid or sphere",1.4,10,,,,"B/1XguR/VImkpiciTImn0yyrFfzGHeqw","UuiIeI4+6a4w2V3xx4xXIBtOUNDpdb+M","legacyData"
"f237dd09-9d21-4a3d-937c-fbcfb8b2a971","STEI_061.basePlot.vst","2016-11-02","vst_STEI_2016","D05","STEI","STEI_061",,"NEON.PLA.D05.STEI.01341","ok","small tree","Live",1.4,130,2.1,,,,,,,,,,,,,"B/1XguR/VImkpiciTImn0yyrFfzGHeqw","UuiIeI4+6a4w2V3xx4xXIBtOUNDpdb+M","legacyData"
"60188001-6acc-4c3a-90f6-4b44b41c8db1","STEI_061.basePlot.vst","2016-11-02","vst_STEI_2016","D05","STEI","STEI_061",,"NEON.PLA.D05.STEI.05510","ok","small shrub","Live",,,1.4,0.6,,,0.5,0.4,,"ellipsoid or sphere",1.8,10,,,,"B/1XguR/VImkpiciTImn0yyrFfzGHeqw","UuiIeI4+6a4w2V3xx4xXIBtOUNDpdb+M","legacyData"
"0b38d6b4-b846-46a9-ba04-fb0f7d11a12f","STEI_051.basePlot.vst","2016-11-02","vst_STEI_2016","D05","STEI","STEI_051",,"NEON.PLA.D05.STEI.01361","ok","single bole tree","Live",22.3,130,16.8,,,,,,,,,,,,,"B/1XguR/VImkpiciTImn0yyrFfzGHeqw","UuiIeI4+6a4w2V3xx4xXIBtOUNDpdb+M","legacyData"
"32e003ad-9208-4ae9-aef1-dddf38b49faf","STEI_051.basePlot.vst","2016-11-02","vst_STEI_2016","D05","STEI","STEI_051",,"NEON.PLA.D05.STEI.01058","ok","small tree","Live",1.6,130,4.1,,,,,,,,,,,,,"B/1XguR/VImkpiciTImn0yyrFfzGHeqw","UuiIeI4+6a4w2V3xx4xXIBtOUNDpdb+M","legacyData"
"fe9f2f84-64ac-455c-8115-428c32463dcd","STEI_051.basePlot.vst","2016-11-02","vst_STEI_2016","D05","STEI","STEI_051",,"NEON.PLA.D05.STEI.01011","ok","small tree","Live",5.7,130,5.0,,,,,,,,,,,,,"B/1XguR/VImkpiciTImn0yyrFfzGHeqw","UuiIeI4+6a4w2V3xx4xXIBtOUNDpdb+M","legacyData"
"bd5d1777-b3d3-4491-8194-070d74941e83","STEI_051.basePlot.vst","2016-11-02","vst_STEI_2016","D05","STEI","STEI_051",,"NEON.PLA.D05.STEI.01369","ok","single bole tree","Live",34.0,130,20.2,,,,,,,,,,,,,"B/1XguR/VImkpiciTImn0yyrFfzGHeqw","UuiIeI4+6a4w2V3xx4xXIBtOUNDpdb+M","legacyData"
"1ab12c99-82ea-469d-b361-f421fc9d514d","STEI_051.basePlot.vst","2016-11-02","vst_STEI_2016","D05","STEI","STEI_051",,"NEON.PLA.D05.STEI.01350","ok","single bole tree","Live",21.0,130,16.0,,,,,,,,,,,,,"B/1XguR/VImkpiciTImn0yyrFfzGHeqw","UuiIeI4+6a4w2V3xx4xXIBtOUNDpdb+M","legacyData"
"392dc86c-1fd1-4ecb-8540-82434c204440","STEI_051.basePlot.vst","2016-11-02","vst_STEI_2016","D05","STEI","STEI_051",,"NEON.PLA.D05.STEI.01022","ok","single bole tree","Live",22.1,130,17.5,,,,,,,,,,,,,"B/1XguR/VImkpiciTImn0yyrFfzGHeqw","UuiIeI4+6a4w2V3xx4xXIBtOUNDpdb+M","legacyData"
"20c888de-bdea-4b11-8616-fdcd509f5bb1","STEI_051.basePlot.vst","2016-11-02","vst_STEI_2016","D05","STEI","STEI_051",,"NEON.PLA.D05.STEI.01329","ok","small tree","Live",2.0,130,3.3,,,,,,,,,,,,,"B/1XguR/VImkpiciTImn0yyrFfzGHeqw","UuiIeI4+6a4w2V3xx4xXIBtOUNDpdb+M","legacyData"
"1f7943d2-633d-4388-83c9-767fd8d034d1","STEI_051.basePlot.vst","2016-11-02","vst_STEI_2016","D05","STEI","STEI_051",,"NEON.PLA.D05.STEI.01028","ok","small tree","Live",1.6,130,3.8,,,,,,,,,,,,,"B/1XguR/VImkpiciTImn0yyrFfzGHeqw","UuiIeI4+6a4w2V3xx4xXIBtOUNDpdb+M","legacyData"
"85868be9-48b0-4052-8c4e-86ec6260e7d0","STEI_051.basePlot.vst","2016-11-02","vst_STEI_2016","D05","STEI","STEI_051",,"NEON.PLA.D05.STEI.01132","ok","single bole tree","Live",21.2,130,16.7,,,,,,,,,,,,,"B/1XguR/VImkpiciTImn0yyrFfzGHeqw","UuiIeI4+6a4w2V3xx4xXIBtOUNDpdb+M","legacyData"
"ad50b0fd-7587-4722-84cb-da8aa9d32b1e","STEI_051.basePlot.vst","2016-11-02","vst_STEI_2016","D05","STEI","STEI_051",,"NEON.PLA.D05.STEI.01319","ok","single bole tree","Live",15.6,130,11.4,,,,,,,,,,,,,"B/1XguR/VImkpiciTImn0yyrFfzGHeqw","UuiIeI4+6a4w2V3xx4xXIBtOUNDpdb+M","legacyData"
"f6458d34-3b15-48f5-aabe-741a9260ebcb","STEI_053.basePlot.vst","2016-11-02","vst_STEI_2016","D05","STEI","STEI_053",,"NEON.PLA.D05.STEI.01633","ok","small shrub","Live",,,1.7,0.4,,,0.8,0.6,,"ellipsoid or sphere",1.2,10,,,,"P9hftDyV5NLbHB2gcoQF666NEvwuiXGq","V35Wye4FvhrxI6uTqmElE4vMuTa4eEyL","legacyData"
"2b5e10a7-fc14-42e2-b054-ebc5a88ba00d","STEI_053.basePlot.vst","2016-11-02","vst_STEI_2016","D05","STEI","STEI_053",,"NEON.PLA.D05.STEI.01686","ok","small tree","Standing dead",1.6,130,3.6,,,,,,,,,,,,,"P9hftDyV5NLbHB2gcoQF666NEvwuiXGq","V35Wye4FvhrxI6uTqmElE4vMuTa4eEyL","legacyData"
"332dc7fd-bf97-44db-bd97-e8437f488fe1","STEI_053.basePlot.vst","2016-11-02","vst_STEI_2016","D05","STEI","STEI_053",,"NEON.PLA.D05.STEI.01617","ok","small shrub","Live",,,0.6,0.1,,,0.7,0.4,,"ellipsoid or sphere",1.5,10,,,,"P9hftDyV5NLbHB2gcoQF666NEvwuiXGq","V35Wye4FvhrxI6uTqmElE4vMuTa4eEyL","legacyData"
"aa1cc58f-39fd-4d1d-9ada-5d90089ffda7","STEI_053.basePlot.vst","2016-11-02","vst_STEI_2016","D05","STEI","STEI_053",,"NEON.PLA.D05.STEI.01396","ok","small tree","Live",3.8,130,9.6,,,,,,,,,,,,,"P9hftDyV5NLbHB2gcoQF666NEvwuiXGq","V35Wye4FvhrxI6uTqmElE4vMuTa4eEyL","legacyData"
"f0ee5191-211d-4ced-b462-d18950b7d5eb","STEI_053.basePlot.vst","2016-11-02","vst_STEI_2016","D05","STEI","STEI_053",,"NEON.PLA.D05.STEI.01299","ok","small tree","Live",1.6,130,4.1,,,,,,,,,,,,,"P9hftDyV5NLbHB2gcoQF666NEvwuiXGq","V35Wye4FvhrxI6uTqmElE4vMuTa4eEyL","legacyData"
"608a4617-5b28-4819-b3c1-20667fe02b63","STEI_053.basePlot.vst","2016-11-02","vst_STEI_2016","D05","STEI","STEI_053",,"NEON.PLA.D05.STEI.01454","ok","small tree","Live",3.6,130,5.6,,,,,,,,,,,,,"P9hftDyV5NLbHB2gcoQF666NEvwuiXGq","V35Wye4FvhrxI6uTqmElE4vMuTa4eEyL","legacyData"
"6975e6f7-4045-4933-b88a-8f275c2c0e8b","STEI_053.basePlot.vst","2016-11-02","vst_STEI_2016","D05","STEI","STEI_053",,"NEON.PLA.D05.STEI.01698","ok","small tree","Standing dead",1.7,130,4.0,,,,,,,,,,,,,"P9hftDyV5NLbHB2gcoQF666NEvwuiXGq","V35Wye4FvhrxI6uTqmElE4vMuTa4eEyL","legacyData"
"5a1d66e8-54db-4565-b0e6-cb9f2c24c56e","STEI_053.basePlot.vst","2016-11-02","vst_STEI_2016","D05","STEI","STEI_053",,"NEON.PLA.D05.STEI.01455","ok","small tree","Live",7.8,130,9.0,,,,,,,,,,,,,"P9hftDyV5NLbHB2gcoQF666NEvwuiXGq","V35Wye4FvhrxI6uTqmElE4vMuTa4eEyL","legacyData"
"017b76fe-6ccf-447f-8007-cd1070f2a254","STEI_061.basePlot.vst","2016-11-02","vst_STEI_2016","D05","STEI","STEI_061",,"NEON.PLA.D05.STEI.01034","ok","single shrub","Live",3.2,130,5.1,1.0,,,3.3,3.1,,"ellipsoid or sphere",6.1,10,,,,"B/1XguR/VImkpiciTImn0yyrFfzGHeqw","UuiIeI4+6a4w2V3xx4xXIBtOUNDpdb+M","legacyData"
"da4fda3b-fb5b-4756-bf5e-5089ab5ed70b","STEI_061.basePlot.vst","2016-11-02","vst_STEI_2016","D05","STEI","STEI_061",,"NEON.PLA.D05.STEI.01276","ok","sapling","Live, physically damaged",,,0.7,,,,,,,,1.4,10,,,,"B/1XguR/VImkpiciTImn0yyrFfzGHeqw","UuiIeI4+6a4w2V3xx4xXIBtOUNDpdb+M","legacyData"
"7ff03b94-1f6b-49a4-8ed7-393ee5b1bb63","STEI_061.basePlot.vst","2016-11-02","vst_STEI_2016","D05","STEI","STEI_061",,"NEON.PLA.D05.STEI.01239","ok","single bole tree","Standing dead",31.8,130,8.9,,,,,,,,,,,,,"B/1XguR/VImkpiciTImn0yyrFfzGHeqw","UuiIeI4+6a4w2V3xx4xXIBtOUNDpdb+M","legacyData"
"e53ef4ab-bf83-46f2-b76e-cea48bb8b402","STEI_061.basePlot.vst","2016-11-02","vst_STEI_2016","D05","STEI","STEI_061",,"NEON.PLA.D05.STEI.01387","ok","small tree","Live",6.5,130,8.3,,,,,,,,,,,,,"B/1XguR/VImkpiciTImn0yyrFfzGHeqw","UuiIeI4+6a4w2V3xx4xXIBtOUNDpdb+M","legacyData"
"b52fd0f0-2959-459d-be99-c0d0933cb43c","STEI_061.basePlot.vst","2016-11-02","vst_STEI_2016","D05","STEI","STEI_061",,"NEON.PLA.D05.STEI.01065","ok","small tree","Live",4.8,130,,,,,,,,,,,,,"i forgot to get the height here","B/1XguR/VImkpiciTImn0yyrFfzGHeqw","UuiIeI4+6a4w2V3xx4xXIBtOUNDpdb+M","legacyData"
"5a17b737-b11e-4fa3-94b7-64c3c163fa29","STEI_061.basePlot.vst","2016-11-02","vst_STEI_2016","D05","STEI","STEI_061",,"NEON.PLA.D05.STEI.01123","ok","single shrub","Live",4.4,130,6.3,1.0,,,4.0,3.8,,"ellipsoid or sphere",5.7,20,,,,"B/1XguR/VImkpiciTImn0yyrFfzGHeqw","UuiIeI4+6a4w2V3xx4xXIBtOUNDpdb+M","legacyData"
"14a0ab85-08fd-4c82-b2d1-c46651ed8011","STEI_061.basePlot.vst","2016-11-02","vst_STEI_2016","D05","STEI","STEI_061",,"NEON.PLA.D05.STEI.01232","ok","small tree","Live",3.5,130,5.5,,,,,,,,,,,,,"B/1XguR/VImkpiciTImn0yyrFfzGHeqw","UuiIeI4+6a4w2V3xx4xXIBtOUNDpdb+M","legacyData"
"df3ca560-759f-4989-91cc-a7590fff5891","STEI_061.basePlot.vst","2016-11-02","vst_STEI_2016","D05","STEI","STEI_061",,"NEON.PLA.D05.STEI.01034","ok","single shrub","Live",4.3,130,5.1,1.0,,,3.3,3.1,,"ellipsoid or sphere",6.5,10,,,,"B/1XguR/VImkpiciTImn0yyrFfzGHeqw","UuiIeI4+6a4w2V3xx4xXIBtOUNDpdb+M","legacyData"
"db0f8b22-8c5d-4aae-bcd4-4ad022e1c3f7","STEI_061.basePlot.vst","2016-11-02","vst_STEI_2016","D05","STEI","STEI_061",,"NEON.PLA.D05.STEI.01222","ok","single bole tree","Live",16.4,130,11.1,,,,,,,,,,,,,"B/1XguR/VImkpiciTImn0yyrFfzGHeqw","UuiIeI4+6a4w2V3xx4xXIBtOUNDpdb+M","legacyData"
"0f58ab3c-e326-49cc-9a6c-5e6a77b6401d","STEI_061.basePlot.vst","2016-11-02","vst_STEI_2016","D05","STEI","STEI_061",,"NEON.PLA.D05.STEI.01003","ok","single shrub","Live",3.6,130,5.6,0.2,,,1.8,1.6,,"ellipsoid or sphere",5.7,10,,,,"B/1XguR/VImkpiciTImn0yyrFfzGHeqw","UuiIeI4+6a4w2V3xx4xXIBtOUNDpdb+M","legacyData"
"14405dca-4e2f-41c6-baaf-6cc4fa978c47","STEI_061.basePlot.vst","2016-11-02","vst_STEI_2016","D05","STEI","STEI_061",,"NEON.PLA.D05.STEI.01340","ok","small tree","Live",1.4,130,2.8,,,,,,,,,,,,,"B/1XguR/VImkpiciTImn0yyrFfzGHeqw","UuiIeI4+6a4w2V3xx4xXIBtOUNDpdb+M","legacyData"
"1da6f084-e6bb-4753-a138-e9e944a03d4b","STEI_061.basePlot.vst","2016-11-02","vst_STEI_2016","D05","STEI","STEI_061",,"NEON.PLA.D05.STEI.00345","ok","small shrub","Live",,,1.2,0.6,,,0.2,0.2,,"ellipsoid or sphere",1.0,10,,,,"B/1XguR/VImkpiciTImn0yyrFfzGHeqw","UuiIeI4+6a4w2V3xx4xXIBtOUNDpdb+M","legacyData"
"a025a7cb-4246-460f-93b0-9144a1eb5dd4","STEI_061.basePlot.vst","2016-11-02","vst_STEI_2016","D05","STEI","STEI_061",,"NEON.PLA.D05.STEI.00347","ok","small shrub","Live",,,1.5,0.6,,,0.3,0.3,,"ellipsoid or sphere",1.3,10,,,,"B/1XguR/VImkpiciTImn0yyrFfzGHeqw","UuiIeI4+6a4w2V3xx4xXIBtOUNDpdb+M","legacyData"
"1155fa08-57cf-4bc5-ae7c-75e8b00bc5e5","STEI_061.basePlot.vst","2016-11-02","vst_STEI_2016","D05","STEI","STEI_061",,"NEON.PLA.D05.STEI.01228","ok","single shrub","Live",1.6,130,2.3,0.4,,,2.3,1.2,,"ellipsoid or sphere",2.5,10,,,,"B/1XguR/VImkpiciTImn0yyrFfzGHeqw","UuiIeI4+6a4w2V3xx4xXIBtOUNDpdb+M","legacyData"
"9f1fa104-1674-4445-b4d9-a8ba962c48e1","STEI_061.basePlot.vst","2016-11-02","vst_STEI_2016","D05","STEI","STEI_061",,"NEON.PLA.D05.STEI.01277","ok","single bole tree","Live",32.1,130,14.4,,,,,,,,,,,,,"B/1XguR/VImkpiciTImn0yyrFfzGHeqw","UuiIeI4+6a4w2V3xx4xXIBtOUNDpdb+M","legacyData"
"1d478529-eb35-4234-9ed8-b8b602cbdde7","STEI_061.basePlot.vst","2016-11-02","vst_STEI_2016","D05","STEI","STEI_061",,"NEON.PLA.D05.STEI.01065","ok","small tree","Live",2.7,130,,,,,,,,,,,,,,"B/1XguR/VImkpiciTImn0yyrFfzGHeqw","UuiIeI4+6a4w2V3xx4xXIBtOUNDpdb+M","legacyData"
"4117465d-47fa-4b31-95ff-ba0c62a4483a","STEI_061.basePlot.vst","2016-11-02","vst_STEI_2016","D05","STEI","STEI_061",,"NEON.PLA.D05.STEI.00348","ok","small shrub","Live",,,1.8,0.5,,,0.6,0.4,,"ellipsoid or sphere",1.5,10,,,,"B/1XguR/VImkpiciTImn0yyrFfzGHeqw","UuiIeI4+6a4w2V3xx4xXIBtOUNDpdb+M","legacyData"
"40de9b42-8beb-436c-9da2-319de588de3d","STEI_061.basePlot.vst","2016-11-02","vst_STEI_2016","D05","STEI","STEI_061",,"NEON.PLA.D05.STEI.01123","ok","single shrub","Live",4.4,130,6.3,1.0,,,4.0,3.8,,"ellipsoid or sphere",5.8,20,,,,"B/1XguR/VImkpiciTImn0yyrFfzGHeqw","UuiIeI4+6a4w2V3xx4xXIBtOUNDpdb+M","legacyData"
"de3e1525-a391-404c-af94-0044b219466a","STEI_061.basePlot.vst","2016-11-02","vst_STEI_2016","D05","STEI","STEI_061",,"NEON.PLA.D05.STEI.00343","ok","small shrub","Live",,,1.0,0.5,,,0.5,0.4,,"ellipsoid or sphere",1.0,10,,,,"B/1XguR/VImkpiciTImn0yyrFfzGHeqw","UuiIeI4+6a4w2V3xx4xXIBtOUNDpdb+M","legacyData"
"3c586c6c-335a-4bc1-9367-371f69fd5c39","STEI_061.basePlot.vst","2016-11-02","vst_STEI_2016","D05","STEI","STEI_061",,"NEON.PLA.D05.STEI.05517","ok","sapling","Live",,,1.4,,,,,,,,1.7,10,,,,"B/1XguR/VImkpiciTImn0yyrFfzGHeqw","UuiIeI4+6a4w2V3xx4xXIBtOUNDpdb+M","legacyData"
"41e016c6-d9c7-4c84-946f-259e29169129","STEI_061.basePlot.vst","2016-11-02","vst_STEI_2016","D05","STEI","STEI_061",,"NEON.PLA.D05.STEI.01014","ok","single shrub","Live",3.7,130,5.2,0.6,,,2.7,2.6,,"ellipsoid or sphere",6.5,10,,,,"B/1XguR/VImkpiciTImn0yyrFfzGHeqw","UuiIeI4+6a4w2V3xx4xXIBtOUNDpdb+M","legacyData"
"19d88707-d01d-4455-bccd-06bacacbabc7","STEI_061.basePlot.vst","2016-11-02","vst_STEI_2016","D05","STEI","STEI_061",,"NEON.PLA.D05.STEI.01013","ok","small tree","Live",2.9,130,,,,,,,,,,,,,,"B/1XguR/VImkpiciTImn0yyrFfzGHeqw","UuiIeI4+6a4w2V3xx4xXIBtOUNDpdb+M","legacyData"
"c4db5514-7821-4a3f-ba2a-d0b3957d658a","STEI_051.basePlot.vst","2016-11-02","vst_STEI_2016","D05","STEI","STEI_051",,"NEON.PLA.D05.STEI.01377","ok","single bole tree","Live",22.3,130,18.4,,,,,,,,,,,,,"B/1XguR/VImkpiciTImn0yyrFfzGHeqw","UuiIeI4+6a4w2V3xx4xXIBtOUNDpdb+M","legacyData"
"c9d99b00-4837-4aa0-8a3c-d4395ea541a7","STEI_051.basePlot.vst","2016-11-02","vst_STEI_2016","D05","STEI","STEI_051",,"NEON.PLA.D05.STEI.01154","ok","small tree","Live",1.2,130,3.0,,,,,,,,,,,,,"B/1XguR/VImkpiciTImn0yyrFfzGHeqw","UuiIeI4+6a4w2V3xx4xXIBtOUNDpdb+M","legacyData"
"32ceabf2-0daa-49c6-8b7f-4fd1b7a6c684","STEI_051.basePlot.vst","2016-11-02","vst_STEI_2016","D05","STEI","STEI_051",,"NEON.PLA.D05.STEI.01349","ok","small tree","Live",1.4,130,3.4,,,,,,,,,,,,,"B/1XguR/VImkpiciTImn0yyrFfzGHeqw","UuiIeI4+6a4w2V3xx4xXIBtOUNDpdb+M","legacyData"
"b5b331fd-5188-4ede-ab0c-e813d32e85e1","STEI_051.basePlot.vst","2016-11-02","vst_STEI_2016","D05","STEI","STEI_051",,"NEON.PLA.D05.STEI.01181B","ok","multi-bole tree","Live",10.1,130,16.8,,,,,,,,,,,,,"B/1XguR/VImkpiciTImn0yyrFfzGHeqw","UuiIeI4+6a4w2V3xx4xXIBtOUNDpdb+M","legacyData"
"1adc4ca6-e3d2-4ecf-ae67-255ec1d37f22","STEI_051.basePlot.vst","2016-11-02","vst_STEI_2016","D05","STEI","STEI_051",,"NEON.PLA.D05.STEI.01374","ok","single bole tree","Live",18.0,130,18.6,,,,,,,,,,,,,"B/1XguR/VImkpiciTImn0yyrFfzGHeqw","UuiIeI4+6a4w2V3xx4xXIBtOUNDpdb+M","legacyData"
"3804e7ec-24a6-403d-b608-ea985d82ce2d","STEI_051.basePlot.vst","2016-11-02","vst_STEI_2016","D05","STEI","STEI_051",,"NEON.PLA.D05.STEI.01144","ok","small tree","Live",1.2,130,3.1,,,,,,,,,,,,,"B/1XguR/VImkpiciTImn0yyrFfzGHeqw","UuiIeI4+6a4w2V3xx4xXIBtOUNDpdb+M","legacyData"
"10426867-92dd-4ede-ac0c-5f461ad8f4a5","STEI_051.basePlot.vst","2016-11-02","vst_STEI_2016","D05","STEI","STEI_051",,"NEON.PLA.D05.STEI.01336","ok","single bole tree","Live",11.4,130,12.0,,,,,,,,,,,,,"B/1XguR/VImkpiciTImn0yyrFfzGHeqw","UuiIeI4+6a4w2V3xx4xXIBtOUNDpdb+M","legacyData"
"d6fed094-111a-4bf0-8a75-9622b01af469","STEI_051.basePlot.vst","2016-11-02","vst_STEI_2016","D05","STEI","STEI_051",,"NEON.PLA.D05.STEI.01342","ok","small tree","Live",2.0,130,3.4,,,,,,,,,,,,,"B/1XguR/VImkpiciTImn0yyrFfzGHeqw","UuiIeI4+6a4w2V3xx4xXIBtOUNDpdb+M","legacyData"
"43c5bd09-b458-4540-8cdb-77376876a81c","STEI_051.basePlot.vst","2016-11-02","vst_STEI_2016","D05","STEI","STEI_051",,"NEON.PLA.D05.STEI.01317A","ok","multi-bole tree","Live",10.7,130,14.9,,,,,,,"oblate half-sphere",,,,,,"B/1XguR/VImkpiciTImn0yyrFfzGHeqw","UuiIeI4+6a4w2V3xx4xXIBtOUNDpdb+M","legacyData"
"bd36f47b-c54e-44e3-9052-95242364b7ed","STEI_051.basePlot.vst","2016-11-02","vst_STEI_2016","D05","STEI","STEI_051",,"NEON.PLA.D05.STEI.01043","ok","small tree","Live",4.3,130,7.6,,,,,,,,,,,,,"B/1XguR/VImkpiciTImn0yyrFfzGHeqw","UuiIeI4+6a4w2V3xx4xXIBtOUNDpdb+M","legacyData"
"cebbd4d7-7fe1-42be-a871-3b00e00c2c13","STEI_051.basePlot.vst","2016-11-02","vst_STEI_2016","D05","STEI","STEI_051",,"NEON.PLA.D05.STEI.01267","ok","single bole tree","Live",28.5,130,17.5,,,,,,,,,,,,,"B/1XguR/VImkpiciTImn0yyrFfzGHeqw","UuiIeI4+6a4w2V3xx4xXIBtOUNDpdb+M","legacyData"
"fadf3b0d-e665-4eb5-a70a-86a9a8bc8c6e","STEI_051.basePlot.vst","2016-11-02","vst_STEI_2016","D05","STEI","STEI_051",,"NEON.PLA.D05.STEI.01156","ok","single bole tree","Live",29.5,130,18.2,,,,,,,,,,,,,"B/1XguR/VImkpiciTImn0yyrFfzGHeqw","UuiIeI4+6a4w2V3xx4xXIBtOUNDpdb+M","legacyData"
"9ab893df-96f7-43f1-ab23-1182effe3a99","STEI_051.basePlot.vst","2016-11-02","vst_STEI_2016","D05","STEI","STEI_051",,"NEON.PLA.D05.STEI.01245","ok","single bole tree","Live",23.1,130,17.6,,,,,,,,,,,,,"B/1XguR/VImkpiciTImn0yyrFfzGHeqw","UuiIeI4+6a4w2V3xx4xXIBtOUNDpdb+M","legacyData"
"263aa4c8-c0ad-4ba8-8b18-1ffd3b786044","STEI_053.basePlot.vst","2016-11-02","vst_STEI_2016","D05","STEI","STEI_053",,"NEON.PLA.D05.STEI.00334","ok","sapling","Dead, broken bole",,,0.5,,,,,,,,1.3,10,,,,"P9hftDyV5NLbHB2gcoQF666NEvwuiXGq","V35Wye4FvhrxI6uTqmElE4vMuTa4eEyL","legacyData"
"acc2331c-4b10-4ded-9d02-babb3b881a80","STEI_053.basePlot.vst","2016-11-02","vst_STEI_2016","D05","STEI","STEI_053",,"NEON.PLA.D05.STEI.01248","ok","small tree","Live",6.9,130,8.0,,,,,,,,,,,,,"P9hftDyV5NLbHB2gcoQF666NEvwuiXGq","V35Wye4FvhrxI6uTqmElE4vMuTa4eEyL","legacyData"
"2a0484ef-aa06-410d-8acb-3dae944a9347","STEI_053.basePlot.vst","2016-11-02","vst_STEI_2016","D05","STEI","STEI_053",,"NEON.PLA.D05.STEI.01463","ok","small tree","Live",4.4,130,6.3,,,,,,,,,,,,,"P9hftDyV5NLbHB2gcoQF666NEvwuiXGq","V35Wye4FvhrxI6uTqmElE4vMuTa4eEyL","legacyData"
"0856a75c-fc61-4a67-8941-6f8a39c8699b","STEI_053.basePlot.vst","2016-11-02","vst_STEI_2016","D05","STEI","STEI_053",,"NEON.PLA.D05.STEI.00331","ok","sapling","Live",,,0.8,,,,,,,,1.0,10,,,,"P9hftDyV5NLbHB2gcoQF666NEvwuiXGq","V35Wye4FvhrxI6uTqmElE4vMuTa4eEyL","legacyData"
"a1c9ccd9-1c2b-4c20-b26e-1ab49c216884","STEI_053.basePlot.vst","2016-11-02","vst_STEI_2016","D05","STEI","STEI_053",,"NEON.PLA.D05.STEI.01684","ok","single bole tree","Live",11.6,130,10.9,,,,,,,,,,,,,"P9hftDyV5NLbHB2gcoQF666NEvwuiXGq","V35Wye4FvhrxI6uTqmElE4vMuTa4eEyL","legacyData"
"5e34d99a-673d-4bc0-9333-e940b715d065","STEI_053.basePlot.vst","2016-11-02","vst_STEI_2016","D05","STEI","STEI_053",,"NEON.PLA.D05.STEI.01628","ok","small shrub","Live",,,0.8,0.0,,,0.5,0.2,,"ellipsoid or sphere",1.2,10,,,,"P9hftDyV5NLbHB2gcoQF666NEvwuiXGq","V35Wye4FvhrxI6uTqmElE4vMuTa4eEyL","legacyData"
"1ac37ae5-801b-4ff7-a214-9c3e9e282d6c","STEI_053.basePlot.vst","2016-11-02","vst_STEI_2016","D05","STEI","STEI_053",,"NEON.PLA.D05.STEI.01643","ok","sapling","Live",,,2.3,,,,,,,,1.7,10,,,,"P9hftDyV5NLbHB2gcoQF666NEvwuiXGq","V35Wye4FvhrxI6uTqmElE4vMuTa4eEyL","legacyData"
"e0002047-1b37-4801-aaea-fb9d27e52812","STEI_053.basePlot.vst","2016-11-02","vst_STEI_2016","D05","STEI","STEI_053",,"NEON.PLA.D05.STEI.01700","ok","small shrub","Live",,,1.4,,,,0.5,0.3,,"cylinder",1.6,10,,,,"P9hftDyV5NLbHB2gcoQF666NEvwuiXGq","V35Wye4FvhrxI6uTqmElE4vMuTa4eEyL","legacyData"
"98a248c2-b20f-419b-a15d-5a7af7592fe1","STEI_053.basePlot.vst","2016-11-02","vst_STEI_2016","D05","STEI","STEI_053",,"NEON.PLA.D05.STEI.01649","ok","small shrub","Live",,,0.6,0.3,,,0.5,0.3,,"ellipsoid or sphere",1.0,10,,,,"P9hftDyV5NLbHB2gcoQF666NEvwuiXGq","V35Wye4FvhrxI6uTqmElE4vMuTa4eEyL","legacyData"
"afd33bde-7993-4a8e-82a9-4fc7ccd9ec23","STEI_061.basePlot.vst","2016-11-02","vst_STEI_2016","D05","STEI","STEI_061",,"NEON.PLA.D05.STEI.01228","ok","single shrub","Live",1.3,130,2.3,0.4,,,2.3,1.2,,"ellipsoid or sphere",2.0,10,,,,"B/1XguR/VImkpiciTImn0yyrFfzGHeqw","UuiIeI4+6a4w2V3xx4xXIBtOUNDpdb+M","legacyData"
"62fb375d-1510-4e56-b5cb-ce177c503ad1","STEI_061.basePlot.vst","2016-11-02","vst_STEI_2016","D05","STEI","STEI_061",,"NEON.PLA.D05.STEI.00336","ok","small shrub","Live",,,1.2,0.4,,,0.5,0.5,,"ellipsoid or sphere",1.7,10,,,,"B/1XguR/VImkpiciTImn0yyrFfzGHeqw","UuiIeI4+6a4w2V3xx4xXIBtOUNDpdb+M","legacyData"
"281affd7-4fe0-455c-a6e7-6bbf05c20c79","STEI_053.basePlot.vst","2016-11-02","vst_STEI_2016","D05","STEI","STEI_053",,"NEON.PLA.D05.STEI.01499","ok","small tree","Live",3.4,130,5.7,,,,,,,,,,,,,"P9hftDyV5NLbHB2gcoQF666NEvwuiXGq","V35Wye4FvhrxI6uTqmElE4vMuTa4eEyL","legacyData"
"a05d1d94-f706-418f-bc5c-961a04fc0515","STEI_061.basePlot.vst","2016-11-02","vst_STEI_2016","D05","STEI","STEI_061",,"NEON.PLA.D05.STEI.01283","ok","sapling","Live",,,0.9,,,,,,,,1.4,10,,,,"B/1XguR/VImkpiciTImn0yyrFfzGHeqw","UuiIeI4+6a4w2V3xx4xXIBtOUNDpdb+M","legacyData"
"51af94c5-0757-4777-9121-a6e39ffe891a","STEI_061.basePlot.vst","2016-11-02","vst_STEI_2016","D05","STEI","STEI_061",,"NEON.PLA.D05.STEI.01060","ok","single shrub","Live",1.2,130,5.9,0.7,,,3.0,2.3,,"ellipsoid or sphere",1.6,10,,,,"B/1XguR/VImkpiciTImn0yyrFfzGHeqw","UuiIeI4+6a4w2V3xx4xXIBtOUNDpdb+M","legacyData"
"500d62fb-346a-43c2-b58a-388983cd1245","STEI_061.basePlot.vst","2016-11-02","vst_STEI_2016","D05","STEI","STEI_061",,"NEON.PLA.D05.STEI.01270","ok","small tree","Standing dead",1.5,130,2.7,,,,,,,,,,,,,"B/1XguR/VImkpiciTImn0yyrFfzGHeqw","UuiIeI4+6a4w2V3xx4xXIBtOUNDpdb+M","legacyData"
"484a23dc-0e3a-4192-9923-718091d60b75","STEI_061.basePlot.vst","2016-11-02","vst_STEI_2016","D05","STEI","STEI_061",,"NEON.PLA.D05.STEI.01203","ok","small tree","Live",1.3,130,2.3,,,,,,,,,,,,,"B/1XguR/VImkpiciTImn0yyrFfzGHeqw","UuiIeI4+6a4w2V3xx4xXIBtOUNDpdb+M","legacyData"
"78749f75-e70d-4a46-af4d-c432c26d2a1c","STEI_061.basePlot.vst","2016-11-02","vst_STEI_2016","D05","STEI","STEI_061",,"NEON.PLA.D05.STEI.01228","ok","single shrub","Live",1.7,130,2.3,0.4,,,2.3,1.2,,"ellipsoid or sphere",2.6,10,,,,"B/1XguR/VImkpiciTImn0yyrFfzGHeqw","UuiIeI4+6a4w2V3xx4xXIBtOUNDpdb+M","legacyData"
"f478799e-1ac2-4365-906c-dc34e005176d","STEI_061.basePlot.vst","2016-11-02","vst_STEI_2016","D05","STEI","STEI_061",,"NEON.PLA.D05.STEI.01005","ok","single shrub","Live",2.3,130,5.4,0.5,,,1.9,1.8,,"ellipsoid or sphere",3.6,10,,,,"B/1XguR/VImkpiciTImn0yyrFfzGHeqw","UuiIeI4+6a4w2V3xx4xXIBtOUNDpdb+M","legacyData"
"e53fe6be-da4d-4a0e-9fbe-d7b56cd9cecb","STEI_061.basePlot.vst","2016-11-02","vst_STEI_2016","D05","STEI","STEI_061",,"NEON.PLA.D05.STEI.05512","ok","small shrub","Live",,,2.0,0.4,,,0.5,0.5,,"ellipsoid or sphere",1.9,10,,,,"B/1XguR/VImkpiciTImn0yyrFfzGHeqw","UuiIeI4+6a4w2V3xx4xXIBtOUNDpdb+M","legacyData"
"ffe60cca-71a0-41e7-b449-6259766e569d","STEI_051.basePlot.vst","2016-11-02","vst_STEI_2016","D05","STEI","STEI_051",,"NEON.PLA.D05.STEI.01009","ok","single bole tree","Live",18.8,130,15.8,,,,,,,,,,,,,"B/1XguR/VImkpiciTImn0yyrFfzGHeqw","UuiIeI4+6a4w2V3xx4xXIBtOUNDpdb+M","legacyData"
"81cc7a0e-4fee-41f7-922b-c9c2005427b0","STEI_051.basePlot.vst","2016-11-02","vst_STEI_2016","D05","STEI","STEI_051",,"NEON.PLA.D05.STEI.01050","ok","single bole tree","Live",25.0,130,19.7,,,,,,,,,,,,,"B/1XguR/VImkpiciTImn0yyrFfzGHeqw","UuiIeI4+6a4w2V3xx4xXIBtOUNDpdb+M","legacyData"
"72b22223-bd4f-41ea-8a44-60fc4108bf2b","STEI_051.basePlot.vst","2016-11-02","vst_STEI_2016","D05","STEI","STEI_051",,"NEON.PLA.D05.STEI.01130","ok","single bole tree","Live",20.8,130,18.0,,,,,,,,,,,,,"B/1XguR/VImkpiciTImn0yyrFfzGHeqw","UuiIeI4+6a4w2V3xx4xXIBtOUNDpdb+M","legacyData"
"7794dda8-e6fb-4525-9b3b-7c1a0de8a16f","STEI_051.basePlot.vst","2016-11-02","vst_STEI_2016","D05","STEI","STEI_051",,"NEON.PLA.D05.STEI.01181A","ok","multi-bole tree","Live",22.2,130,16.8,,,,,,,,,,,,,"B/1XguR/VImkpiciTImn0yyrFfzGHeqw","UuiIeI4+6a4w2V3xx4xXIBtOUNDpdb+M","legacyData"
"0951d14d-18f2-41e5-a896-6fd0217d11fe","STEI_051.basePlot.vst","2016-11-02","vst_STEI_2016","D05","STEI","STEI_051",,"NEON.PLA.D05.STEI.01052","ok","single bole tree","Live",19.2,130,17.7,,,,,,,,,,,,,"B/1XguR/VImkpiciTImn0yyrFfzGHeqw","UuiIeI4+6a4w2V3xx4xXIBtOUNDpdb+M","legacyData"
"6c3c6bdc-6b02-4eb1-a9e7-6c68b6523e90","STEI_051.basePlot.vst","2016-11-02","vst_STEI_2016","D05","STEI","STEI_051",,"NEON.PLA.D05.STEI.01388","ok","single bole tree","Live",28.3,130,17.7,,,,,,,,,,,,,"B/1XguR/VImkpiciTImn0yyrFfzGHeqw","UuiIeI4+6a4w2V3xx4xXIBtOUNDpdb+M","legacyData"
"965fb864-64da-42f7-b221-7adfc3341edb","STEI_053.basePlot.vst","2016-11-02","vst_STEI_2016","D05","STEI","STEI_053",,"NEON.PLA.D05.STEI.01618","ok","small tree","Live",2.5,130,3.4,,,,,,,,,,,,,"P9hftDyV5NLbHB2gcoQF666NEvwuiXGq","V35Wye4FvhrxI6uTqmElE4vMuTa4eEyL","legacyData"
"e3f7acf5-25b6-4ceb-8b03-62bbef9d74f5","STEI_053.basePlot.vst","2016-11-02","vst_STEI_2016","D05","STEI","STEI_053",,"NEON.PLA.D05.STEI.01670","ok","single bole tree","Live",37.3,130,16.4,,,,,,,,,,,,,"P9hftDyV5NLbHB2gcoQF666NEvwuiXGq","V35Wye4FvhrxI6uTqmElE4vMuTa4eEyL","legacyData"
"67710e9d-f1e8-45d6-a873-552b98c344f2","STEI_053.basePlot.vst","2016-11-02","vst_STEI_2016","D05","STEI","STEI_053",,"NEON.PLA.D05.STEI.01604","ok","small tree","Live",3.3,130,6.5,,,,,,,,,,,,,"P9hftDyV5NLbHB2gcoQF666NEvwuiXGq","V35Wye4FvhrxI6uTqmElE4vMuTa4eEyL","legacyData"
"68a77310-51ca-40ea-838d-2ae5cc6f31ab","STEI_053.basePlot.vst","2016-11-02","vst_STEI_2016","D05","STEI","STEI_053",,"NEON.PLA.D05.STEI.01612","ok","small tree","Live",1.5,130,2.6,,,,,,,,,,,,,"P9hftDyV5NLbHB2gcoQF666NEvwuiXGq","V35Wye4FvhrxI6uTqmElE4vMuTa4eEyL","legacyData"
"292a93c0-342d-4287-9a1f-3add6691277a","STEI_053.basePlot.vst","2016-11-02","vst_STEI_2016","D05","STEI","STEI_053",,"NEON.PLA.D05.STEI.01685","ok","small tree","Live",1.6,130,2.8,,,,,,,,,,,,,"P9hftDyV5NLbHB2gcoQF666NEvwuiXGq","V35Wye4FvhrxI6uTqmElE4vMuTa4eEyL","legacyData"
"57f6ede3-455e-4c94-9f84-b3ee41822ac5","STEI_053.basePlot.vst","2016-11-02","vst_STEI_2016","D05","STEI","STEI_053",,"NEON.PLA.D05.STEI.01480","ok","small tree","Live",2.8,130,4.3,,,,,,,,,,,,,"P9hftDyV5NLbHB2gcoQF666NEvwuiXGq","V35Wye4FvhrxI6uTqmElE4vMuTa4eEyL","legacyData"
"3fd42391-6037-49fd-9d8a-fc756233f969","STEI_053.basePlot.vst","2016-11-02","vst_STEI_2016","D05","STEI","STEI_053",,"NEON.PLA.D05.STEI.01667","ok","small tree","Live",2.1,130,3.4,,,,,,,,,,,,,"P9hftDyV5NLbHB2gcoQF666NEvwuiXGq","V35Wye4FvhrxI6uTqmElE4vMuTa4eEyL","legacyData"
"3f16a6f4-1bec-47e9-8259-5539cc0b1acf","STEI_053.basePlot.vst","2016-11-02","vst_STEI_2016","D05","STEI","STEI_053",,"NEON.PLA.D05.STEI.01431","ok","sapling","Live",,,2.2,,,,,,,,1.3,10,,,,"P9hftDyV5NLbHB2gcoQF666NEvwuiXGq","V35Wye4FvhrxI6uTqmElE4vMuTa4eEyL","legacyData"
"b24a09a2-6857-4cdc-bcae-2c503d77d169","STEI_061.basePlot.vst","2016-11-02","vst_STEI_2016","D05","STEI","STEI_061",,"NEON.PLA.D05.STEI.01060","ok","single shrub","Live",3.4,130,5.9,0.7,,,3.0,2.3,,"ellipsoid or sphere",4.9,10,,,,"B/1XguR/VImkpiciTImn0yyrFfzGHeqw","UuiIeI4+6a4w2V3xx4xXIBtOUNDpdb+M","legacyData"
"acdcb8b9-0452-432a-90b1-e4fee1cb6080","STEI_051.basePlot.vst","2016-11-02","vst_STEI_2016","D05","STEI","STEI_051",,"NEON.PLA.D05.STEI.01024","ok","single bole tree","Live",24.7,130,15.8,,,,,,,,,,,,,"B/1XguR/VImkpiciTImn0yyrFfzGHeqw","UuiIeI4+6a4w2V3xx4xXIBtOUNDpdb+M","legacyData"
"9d8ac152-ce51-48d4-a8c8-f5b6b78064b8","STEI_061.basePlot.vst","2016-11-02","vst_STEI_2016","D05","STEI","STEI_061",,"NEON.PLA.D05.STEI.00348","ok","small shrub","Live",,,1.8,0.5,,,0.6,0.4,,"ellipsoid or sphere",1.0,10,,,,"B/1XguR/VImkpiciTImn0yyrFfzGHeqw","UuiIeI4+6a4w2V3xx4xXIBtOUNDpdb+M","legacyData"
"84a03bd9-6bc5-4568-8281-a62675f7183e","STEI_051.basePlot.vst","2016-11-02","vst_STEI_2016","D05","STEI","STEI_051",,"NEON.PLA.D05.STEI.01019","ok","small tree","Live",1.1,130,1.8,,,,,,,,,,,,,"B/1XguR/VImkpiciTImn0yyrFfzGHeqw","UuiIeI4+6a4w2V3xx4xXIBtOUNDpdb+M","legacyData"
"e5317f94-7329-4b03-a635-c600ada81484","STEI_051.basePlot.vst","2016-11-02","vst_STEI_2016","D05","STEI","STEI_051",,"NEON.PLA.D05.STEI.01139","ok","single bole tree","Live",17.1,130,11.7,,,,,,,,,,,,,"B/1XguR/VImkpiciTImn0yyrFfzGHeqw","UuiIeI4+6a4w2V3xx4xXIBtOUNDpdb+M","legacyData"
"0e432b2d-c346-4d02-867f-334c7521a2df","STEI_051.basePlot.vst","2016-11-02","vst_STEI_2016","D05","STEI","STEI_051",,"NEON.PLA.D05.STEI.01143","ok","small tree","Live",1.5,130,3.7,,,,,,,,,,,,,"B/1XguR/VImkpiciTImn0yyrFfzGHeqw","UuiIeI4+6a4w2V3xx4xXIBtOUNDpdb+M","legacyData"
"dadbd325-080f-44a6-99ef-e76d3abda20b","STEI_051.basePlot.vst","2016-11-02","vst_STEI_2016","D05","STEI","STEI_051",,"NEON.PLA.D05.STEI.01057","ok","multi-bole tree","Live",18.3,130,16.5,,,,,,,,,,,,,"B/1XguR/VImkpiciTImn0yyrFfzGHeqw","UuiIeI4+6a4w2V3xx4xXIBtOUNDpdb+M","legacyData"
"bc175528-fc5a-42d4-87cb-51addbdf6b1d","STEI_051.basePlot.vst","2016-11-02","vst_STEI_2016","D05","STEI","STEI_051",,"NEON.PLA.D05.STEI.01378","ok","small tree","Live",2.8,130,5.7,,,,,,,,,,,,,"B/1XguR/VImkpiciTImn0yyrFfzGHeqw","UuiIeI4+6a4w2V3xx4xXIBtOUNDpdb+M","legacyData"
"209f50b3-1513-4f2a-9ee1-146300f1748a","STEI_051.basePlot.vst","2016-11-02","vst_STEI_2016","D05","STEI","STEI_051",,"NEON.PLA.D05.STEI.01140","ok","single bole tree","Live",28.5,130,18.8,,,,,,,,,,,,,"B/1XguR/VImkpiciTImn0yyrFfzGHeqw","UuiIeI4+6a4w2V3xx4xXIBtOUNDpdb+M","legacyData"
"30573d7e-168d-4e86-8022-9d342b0c452b","STEI_051.basePlot.vst","2016-11-02","vst_STEI_2016","D05","STEI","STEI_051",,"NEON.PLA.D05.STEI.01305","ok","single bole tree","Live",23.9,130,20.0,,,,,,,,,,,,,"B/1XguR/VImkpiciTImn0yyrFfzGHeqw","UuiIeI4+6a4w2V3xx4xXIBtOUNDpdb+M","legacyData"
"24ed1d2d-9872-475c-a739-694b5057c22c","STEI_051.basePlot.vst","2016-11-02","vst_STEI_2016","D05","STEI","STEI_051",,"NEON.PLA.D05.STEI.01195","ok","small tree","Live",2.0,130,2.2,,,,,,,,,,,,,"B/1XguR/VImkpiciTImn0yyrFfzGHeqw","UuiIeI4+6a4w2V3xx4xXIBtOUNDpdb+M","legacyData"
"7953b5d5-6d46-4fe8-ac7d-b13f4a612c6f","STEI_051.basePlot.vst","2016-11-02","vst_STEI_2016","D05","STEI","STEI_051",,"NEON.PLA.D05.STEI.01287","ok","small tree","Live",5.5,130,5.5,,,,,,,,,,,,,"B/1XguR/VImkpiciTImn0yyrFfzGHeqw","UuiIeI4+6a4w2V3xx4xXIBtOUNDpdb+M","legacyData"
"a79d139d-4acd-4628-8d74-d5d9f78f903a","STEI_051.basePlot.vst","2016-11-02","vst_STEI_2016","D05","STEI","STEI_051",,"NEON.PLA.D05.STEI.01025","ok","single bole tree","Live",11.7,130,13.5,,,,,,,,,,,,,"B/1XguR/VImkpiciTImn0yyrFfzGHeqw","UuiIeI4+6a4w2V3xx4xXIBtOUNDpdb+M","legacyData"
"66907406-2272-4ab6-b920-6e8e0eeba506","STEI_051.basePlot.vst","2016-11-02","vst_STEI_2016","D05","STEI","STEI_051",,"NEON.PLA.D05.STEI.01346","ok","small tree","Live",1.6,130,2.9,,,,,,,,,,,,,"B/1XguR/VImkpiciTImn0yyrFfzGHeqw","UuiIeI4+6a4w2V3xx4xXIBtOUNDpdb+M","legacyData"
"c42971a4-85ab-4a38-a762-0606d58212b0","STEI_053.basePlot.vst","2016-11-02","vst_STEI_2016","D05","STEI","STEI_053",,"NEON.PLA.D05.STEI.01678","ok","small shrub","Live",,,1.9,0.4,,,1.1,0.7,,"ellipsoid or sphere",1.4,10,,,,"P9hftDyV5NLbHB2gcoQF666NEvwuiXGq","V35Wye4FvhrxI6uTqmElE4vMuTa4eEyL","legacyData"
"62e28998-c925-4c37-a825-782ad6c0b242","STEI_053.basePlot.vst","2016-11-02","vst_STEI_2016","D05","STEI","STEI_053",,"NEON.PLA.D05.STEI.01668","ok","small tree","Live",3.7,130,5.8,,,,,,,,,,,,,"P9hftDyV5NLbHB2gcoQF666NEvwuiXGq","V35Wye4FvhrxI6uTqmElE4vMuTa4eEyL","legacyData"
"771d536a-1074-4c23-baff-2f00e9892c2a","STEI_053.basePlot.vst","2016-11-02","vst_STEI_2016","D05","STEI","STEI_053",,"NEON.PLA.D05.STEI.01285","ok","small tree","Live",4.7,130,6.9,,,,,,,,,,,,,"P9hftDyV5NLbHB2gcoQF666NEvwuiXGq","V35Wye4FvhrxI6uTqmElE4vMuTa4eEyL","legacyData"
"7f6a61e1-d50c-446a-8c03-97ad3bb0ead7","STEI_053.basePlot.vst","2016-11-02","vst_STEI_2016","D05","STEI","STEI_053",,"NEON.PLA.D05.STEI.01643","ok","sapling","Live",,,2.3,,,,,,,,1.3,10,,,,"P9hftDyV5NLbHB2gcoQF666NEvwuiXGq","V35Wye4FvhrxI6uTqmElE4vMuTa4eEyL","legacyData"
"fd5bfd2b-cb2e-4b80-9d6e-0044c621c9fa","STEI_061.basePlot.vst","2016-11-02","vst_STEI_2016","D05","STEI","STEI_061",,"NEON.PLA.D05.STEI.01067","ok","single shrub","Live",5.1,130,6.8,1.3,,,4.2,3.6,,"ellipsoid or sphere",7.2,10,,,,"B/1XguR/VImkpiciTImn0yyrFfzGHeqw","UuiIeI4+6a4w2V3xx4xXIBtOUNDpdb+M","legacyData"
"7f375820-5ba8-4d8b-bec6-e9085c0070ea","STEI_061.basePlot.vst","2016-11-02","vst_STEI_2016","D05","STEI","STEI_061",,"NEON.PLA.D05.STEI.01053","ok","small shrub","Live",,,1.3,0.6,,,0.5,0.4,,"ellipsoid or sphere",1.0,10,,,,"B/1XguR/VImkpiciTImn0yyrFfzGHeqw","UuiIeI4+6a4w2V3xx4xXIBtOUNDpdb+M","legacyData"
"48961360-b309-415a-9888-3cee77329e48","STEI_053.basePlot.vst","2016-11-02","vst_STEI_2016","D05","STEI","STEI_053",,"NEON.PLA.D05.STEI.01611","ok","small shrub","Live",,,0.7,,,,,,,,1.2,10,,,,"P9hftDyV5NLbHB2gcoQF666NEvwuiXGq","V35Wye4FvhrxI6uTqmElE4vMuTa4eEyL","legacyData"
"ba336750-d930-45ae-8ac8-ff818a47d574","STEI_053.basePlot.vst","2016-11-02","vst_STEI_2016","D05","STEI","STEI_053",,"NEON.PLA.D05.STEI.01609","ok","small tree","Standing dead",1.3,130,4.0,,,,,,,,,,,,,"P9hftDyV5NLbHB2gcoQF666NEvwuiXGq","V35Wye4FvhrxI6uTqmElE4vMuTa4eEyL","legacyData"
"5961624f-c3a9-426e-863e-658a69ccf93c","STEI_053.basePlot.vst","2016-11-02","vst_STEI_2016","D05","STEI","STEI_053",,"NEON.PLA.D05.STEI.01697","ok","small tree","Live",7.5,130,9.0,,,,,,,,,,,,,"P9hftDyV5NLbHB2gcoQF666NEvwuiXGq","V35Wye4FvhrxI6uTqmElE4vMuTa4eEyL","legacyData"
"74832e27-1f7b-4a34-a0ad-ba6206282474","STEI_053.basePlot.vst","2016-11-02","vst_STEI_2016","D05","STEI","STEI_053",,"NEON.PLA.D05.STEI.01700","ok","small shrub","Live",,,1.4,,,,0.5,0.3,,"cylinder",1.5,10,,,,"P9hftDyV5NLbHB2gcoQF666NEvwuiXGq","V35Wye4FvhrxI6uTqmElE4vMuTa4eEyL","legacyData"
"f5912f98-2ea3-4681-b29c-90fca583e38f","STEI_053.basePlot.vst","2016-11-02","vst_STEI_2016","D05","STEI","STEI_053",,"NEON.PLA.D05.STEI.00333","ok","single bole tree","Live",10.3,130,10.4,,,,,,,,,,,,,"P9hftDyV5NLbHB2gcoQF666NEvwuiXGq","V35Wye4FvhrxI6uTqmElE4vMuTa4eEyL","legacyData"
"f3ca0cf4-a756-48b5-83e0-e3c380e55609","STEI_053.basePlot.vst","2016-11-02","vst_STEI_2016","D05","STEI","STEI_053",,"NEON.PLA.D05.STEI.01643","ok","sapling","Live",,,2.3,,,,,,,,1.5,10,,,,"P9hftDyV5NLbHB2gcoQF666NEvwuiXGq","V35Wye4FvhrxI6uTqmElE4vMuTa4eEyL","legacyData"
"5d15e443-5a2d-432d-b38e-e27cd98247c1","STEI_053.basePlot.vst","2016-11-02","vst_STEI_2016","D05","STEI","STEI_053",,"NEON.PLA.D05.STEI.01297","ok","sapling","Live,  other damage",,,0.6,,,,,,,,1.4,10,,,,"P9hftDyV5NLbHB2gcoQF666NEvwuiXGq","V35Wye4FvhrxI6uTqmElE4vMuTa4eEyL","legacyData"
"cd66f235-9fa3-4743-960e-af3c0c07667a","STEI_061.basePlot.vst","2016-11-02","vst_STEI_2016","D05","STEI","STEI_061",,"NEON.PLA.D05.STEI.01034","ok","single shrub","Live",3.6,130,5.1,1.0,,,3.3,3.1,,"ellipsoid or sphere",5.7,10,,,,"B/1XguR/VImkpiciTImn0yyrFfzGHeqw","UuiIeI4+6a4w2V3xx4xXIBtOUNDpdb+M","legacyData"
"bc10e210-a396-44e2-a2b4-779ce99c3c21","STEI_061.basePlot.vst","2016-11-02","vst_STEI_2016","D05","STEI","STEI_061",,"NEON.PLA.D05.STEI.05515","ok","small shrub","Live",,,1.1,0.4,,,0.3,0.3,,"ellipsoid or sphere",1.3,10,,,,"B/1XguR/VImkpiciTImn0yyrFfzGHeqw","UuiIeI4+6a4w2V3xx4xXIBtOUNDpdb+M","legacyData"
"bc917cb2-4d7f-4713-91a2-95de0034ed66","STEI_061.basePlot.vst","2016-11-02","vst_STEI_2016","D05","STEI","STEI_061",,"NEON.PLA.D05.STEI.01123","ok","single shrub","Live",5.6,130,6.3,1.0,,,4.0,3.8,,"ellipsoid or sphere",7.8,10,,,,"B/1XguR/VImkpiciTImn0yyrFfzGHeqw","UuiIeI4+6a4w2V3xx4xXIBtOUNDpdb+M","legacyData"
"de7ed60f-47c9-4e7a-b0a2-cb8d5befcaab","STEI_061.basePlot.vst","2016-11-02","vst_STEI_2016","D05","STEI","STEI_061",,"NEON.PLA.D05.STEI.01398","ok","single bole tree","Live",12.6,130,7.9,,,,,,,,,,,,,"B/1XguR/VImkpiciTImn0yyrFfzGHeqw","UuiIeI4+6a4w2V3xx4xXIBtOUNDpdb+M","legacyData"
"5db29b77-75f3-4030-8df0-b0f239c16421","STEI_061.basePlot.vst","2016-11-02","vst_STEI_2016","D05","STEI","STEI_061",,"NEON.PLA.D05.STEI.00349","ok","small shrub","Live",,,1.6,0.4,,,0.5,0.3,,"ellipsoid or sphere",1.2,10,,,,"B/1XguR/VImkpiciTImn0yyrFfzGHeqw","UuiIeI4+6a4w2V3xx4xXIBtOUNDpdb+M","legacyData"
"37a5e965-8733-411b-863b-0454049a9e00","STEI_061.basePlot.vst","2016-11-02","vst_STEI_2016","D05","STEI","STEI_061",,"NEON.PLA.D05.STEI.01003","ok","single shrub","Live",1.8,130,5.6,0.2,,,1.8,1.6,,"ellipsoid or sphere",2.6,10,,,,"B/1XguR/VImkpiciTImn0yyrFfzGHeqw","UuiIeI4+6a4w2V3xx4xXIBtOUNDpdb+M","legacyData"
"ed2d9218-0089-4665-b06e-244137ed593b","STEI_061.basePlot.vst","2016-11-02","vst_STEI_2016","D05","STEI","STEI_061",,"NEON.PLA.D05.STEI.01034","ok","single shrub","Live",3.0,130,5.1,1.0,,,3.3,3.1,,"ellipsoid or sphere",4.5,10,,,,"B/1XguR/VImkpiciTImn0yyrFfzGHeqw","UuiIeI4+6a4w2V3xx4xXIBtOUNDpdb+M","legacyData"
"5323a144-8453-4676-966d-30e0bdfd83f9","STEI_061.basePlot.vst","2016-11-02","vst_STEI_2016","D05","STEI","STEI_061",,"NEON.PLA.D05.STEI.01002","ok","small shrub","Live",,,1.3,0.2,,,1.1,0.7,,"ellipsoid or sphere",1.9,10,,,,"B/1XguR/VImkpiciTImn0yyrFfzGHeqw","UuiIeI4+6a4w2V3xx4xXIBtOUNDpdb+M","legacyData"
"7f499acc-ba3a-425c-aa14-599eb5719107","STEI_061.basePlot.vst","2016-11-02","vst_STEI_2016","D05","STEI","STEI_061",,"NEON.PLA.D05.STEI.00336","ok","small shrub","Live",,,1.2,0.4,,,0.5,0.5,,"ellipsoid or sphere",1.3,10,,,,"B/1XguR/VImkpiciTImn0yyrFfzGHeqw","UuiIeI4+6a4w2V3xx4xXIBtOUNDpdb+M","legacyData"
"b709c030-c2fe-4708-b7c4-94e49a30ad3f","STEI_061.basePlot.vst","2016-11-02","vst_STEI_2016","D05","STEI","STEI_061",,"NEON.PLA.D05.STEI.01013","ok","small tree","Live",5.3,130,,,,,,,,,,,,,"i forgot to get the height here","B/1XguR/VImkpiciTImn0yyrFfzGHeqw","UuiIeI4+6a4w2V3xx4xXIBtOUNDpdb+M","legacyData"
"0d15ec4d-b26e-46ce-a7d3-999657237770","STEI_061.basePlot.vst","2016-11-02","vst_STEI_2016","D05","STEI","STEI_061",,"NEON.PLA.D05.STEI.00346","ok","small shrub","Live",,,1.3,0.6,,,0.2,0.2,,"ellipsoid or sphere",1.0,10,,,,"B/1XguR/VImkpiciTImn0yyrFfzGHeqw","UuiIeI4+6a4w2V3xx4xXIBtOUNDpdb+M","legacyData"
"3cecec35-e762-4b2a-9e51-759a62854fee","STEI_061.basePlot.vst","2016-11-02","vst_STEI_2016","D05","STEI","STEI_061",,"NEON.PLA.D05.STEI.01013","ok","small tree","Live",2.0,130,,,,,,,,,,,,,,"B/1XguR/VImkpiciTImn0yyrFfzGHeqw","UuiIeI4+6a4w2V3xx4xXIBtOUNDpdb+M","legacyData"
"0dde2b6b-78af-4557-a404-1496d38baf70","STEI_061.basePlot.vst","2016-11-02","vst_STEI_2016","D05","STEI","STEI_061",,"NEON.PLA.D05.STEI.01014","ok","single shrub","Live",1.0,130,5.2,0.6,,,2.7,2.6,,"ellipsoid or sphere",1.4,10,,,,"B/1XguR/VImkpiciTImn0yyrFfzGHeqw","UuiIeI4+6a4w2V3xx4xXIBtOUNDpdb+M","legacyData"
"f78a9afd-6474-4838-a27c-e2183db3baf1","STEI_061.basePlot.vst","2016-11-02","vst_STEI_2016","D05","STEI","STEI_061",,"NEON.PLA.D05.STEI.01067","ok","single shrub","Live",1.8,130,6.8,1.3,,,4.2,3.6,,"ellipsoid or sphere",2.3,10,,,,"B/1XguR/VImkpiciTImn0yyrFfzGHeqw","UuiIeI4+6a4w2V3xx4xXIBtOUNDpdb+M","legacyData"
"5f547b44-5334-4410-9c52-6c58d1c38b5f","STEI_061.basePlot.vst","2016-11-02","vst_STEI_2016","D05","STEI","STEI_061",,"NEON.PLA.D05.STEI.01368","ok","small tree","Live",1.6,130,2.6,,,,,,,,,,,,,"B/1XguR/VImkpiciTImn0yyrFfzGHeqw","UuiIeI4+6a4w2V3xx4xXIBtOUNDpdb+M","legacyData"
"28de61aa-b40f-4695-9d12-9290afd028bc","STEI_061.basePlot.vst","2016-11-02","vst_STEI_2016","D05","STEI","STEI_061",,"NEON.PLA.D05.STEI.01228","ok","single shrub","Live",1.1,130,2.3,0.4,,,2.3,1.2,,"ellipsoid or sphere",2.3,10,,,,"B/1XguR/VImkpiciTImn0yyrFfzGHeqw","UuiIeI4+6a4w2V3xx4xXIBtOUNDpdb+M","legacyData"
"84840270-3a1b-4ebc-a130-6d3eb8dff5be","STEI_051.basePlot.vst","2016-11-02","vst_STEI_2016","D05","STEI","STEI_051",,"NEON.PLA.D05.STEI.01209","ok","single bole tree","Live",10.5,130,10.0,,,,,,,,,,,,,"B/1XguR/VImkpiciTImn0yyrFfzGHeqw","UuiIeI4+6a4w2V3xx4xXIBtOUNDpdb+M","legacyData"
"b262ede7-3770-4296-91af-0da8e54f1b19","STEI_051.basePlot.vst","2016-11-02","vst_STEI_2016","D05","STEI","STEI_051",,"NEON.PLA.D05.STEI.01332","ok","small tree","Live",2.4,130,4.0,,,,,,,,,,,,,"B/1XguR/VImkpiciTImn0yyrFfzGHeqw","UuiIeI4+6a4w2V3xx4xXIBtOUNDpdb+M","legacyData"
"65f7c79f-2588-4cf6-aa24-9060e0ea37a8","STEI_051.basePlot.vst","2016-11-02","vst_STEI_2016","D05","STEI","STEI_051",,"NEON.PLA.D05.STEI.01317","ok","multi-bole tree","Live",17.1,130,14.9,,,,,,,,,,,,,"B/1XguR/VImkpiciTImn0yyrFfzGHeqw","UuiIeI4+6a4w2V3xx4xXIBtOUNDpdb+M","legacyData"
"d2bc9761-4f04-4c84-95ba-916ad6124339","STEI_051.basePlot.vst","2016-11-02","vst_STEI_2016","D05","STEI","STEI_051",,"NEON.PLA.D05.STEI.01117","ok","single bole tree","Live",16.0,130,13.0,,,,,,,,,,,,,"B/1XguR/VImkpiciTImn0yyrFfzGHeqw","UuiIeI4+6a4w2V3xx4xXIBtOUNDpdb+M","legacyData"
"83331733-76f2-4420-8e56-cf3284e1f344","STEI_051.basePlot.vst","2016-11-02","vst_STEI_2016","D05","STEI","STEI_051",,"NEON.PLA.D05.STEI.01355","ok","single bole tree","Live",32.8,130,18.4,,,,,,,,,,,,,"B/1XguR/VImkpiciTImn0yyrFfzGHeqw","UuiIeI4+6a4w2V3xx4xXIBtOUNDpdb+M","legacyData"
"08df277d-c72b-408e-ac7a-00fb29e57678","STEI_051.basePlot.vst","2016-11-02","vst_STEI_2016","D05","STEI","STEI_051",,"NEON.PLA.D05.STEI.01206","ok","small tree","Live",1.2,130,2.9,,,,,,,,,,,,,"B/1XguR/VImkpiciTImn0yyrFfzGHeqw","UuiIeI4+6a4w2V3xx4xXIBtOUNDpdb+M","legacyData"
"3e5a7930-28fa-4cae-bd15-e43f6576d2c5","STEI_051.basePlot.vst","2016-11-02","vst_STEI_2016","D05","STEI","STEI_051",,"NEON.PLA.D05.STEI.01335","ok","single bole tree","Live",24.5,130,20.3,,,,,,,,,,,,,"B/1XguR/VImkpiciTImn0yyrFfzGHeqw","UuiIeI4+6a4w2V3xx4xXIBtOUNDpdb+M","legacyData"
"a0839ad4-bcae-435a-8a9b-ce1fa1b55130","STEI_051.basePlot.vst","2016-11-02","vst_STEI_2016","D05","STEI","STEI_051",,"NEON.PLA.D05.STEI.01057A","ok","multi-bole tree","Dead, broken bole",8.3,130,16.5,,5.7,,,,,,,,,,,"B/1XguR/VImkpiciTImn0yyrFfzGHeqw","UuiIeI4+6a4w2V3xx4xXIBtOUNDpdb+M","legacyData"
"06889a21-df92-4e3a-a4eb-991328c65470","STEI_051.basePlot.vst","2016-11-02","vst_STEI_2016","D05","STEI","STEI_051",,"NEON.PLA.D05.STEI.01264","ok","single bole tree","Live",26.9,130,19.7,,,,,,,,,,,,,"B/1XguR/VImkpiciTImn0yyrFfzGHeqw","UuiIeI4+6a4w2V3xx4xXIBtOUNDpdb+M","legacyData"
"10f053a1-3b91-4d9f-837e-b8d889d1c88a","STEI_051.basePlot.vst","2016-11-02","vst_STEI_2016","D05","STEI","STEI_051",,"NEON.PLA.D05.STEI.01042","ok","single bole tree","Live",29.2,130,17.7,,,,,,,,,,,,,"B/1XguR/VImkpiciTImn0yyrFfzGHeqw","UuiIeI4+6a4w2V3xx4xXIBtOUNDpdb+M","legacyData"
"482843b2-1390-4e0d-bf54-484645082911","STEI_051.basePlot.vst","2016-11-02","vst_STEI_2016","D05","STEI","STEI_051",,"NEON.PLA.D05.STEI.01131","ok","single bole tree","Live",21.8,130,14.0,,,,,,,,,,,,,"B/1XguR/VImkpiciTImn0yyrFfzGHeqw","UuiIeI4+6a4w2V3xx4xXIBtOUNDpdb+M","legacyData"
"5380f73d-d737-4f9d-a8e0-d99090cf04cc","STEI_051.basePlot.vst","2016-11-02","vst_STEI_2016","D05","STEI","STEI_051",,"NEON.PLA.D05.STEI.01168","ok","small tree","Live",2.6,130,5.5,,,,,,,,,,,,,"B/1XguR/VImkpiciTImn0yyrFfzGHeqw","UuiIeI4+6a4w2V3xx4xXIBtOUNDpdb+M","legacyData"
"488334df-5e7a-443a-9ccc-e78389b7576c","STEI_051.basePlot.vst","2016-11-02","vst_STEI_2016","D05","STEI","STEI_051",,"NEON.PLA.D05.STEI.01373","ok","single bole tree","Live",23.8,130,18.9,,,,,,,,,,,,,"B/1XguR/VImkpiciTImn0yyrFfzGHeqw","UuiIeI4+6a4w2V3xx4xXIBtOUNDpdb+M","legacyData"
"00449fd5-9930-4e49-ae41-6a1fbdd65ba1","STEI_051.basePlot.vst","2016-11-02","vst_STEI_2016","D05","STEI","STEI_051",,"NEON.PLA.D05.STEI.01049","ok","single bole tree","Live",24.0,130,19.2,,,,,,,,,,,,,"B/1XguR/VImkpiciTImn0yyrFfzGHeqw","UuiIeI4+6a4w2V3xx4xXIBtOUNDpdb+M","legacyData"
"5b258179-df3e-4437-b0a8-9852fe475b8a","STEI_051.basePlot.vst","2016-11-02","vst_STEI_2016","D05","STEI","STEI_051",,"NEON.PLA.D05.STEI.01349","ok","small tree","Live",2.5,130,3.4,,,,,,,,,,,,,"B/1XguR/VImkpiciTImn0yyrFfzGHeqw","UuiIeI4+6a4w2V3xx4xXIBtOUNDpdb+M","legacyData"
"bb713520-3b0f-4714-b3ce-e5ee45eee535","STEI_051.basePlot.vst","2016-11-02","vst_STEI_2016","D05","STEI","STEI_051",,"NEON.PLA.D05.STEI.01377","ok","single bole tree","Live",21.8,130,16.8,,,,,,,,,,,,,"B/1XguR/VImkpiciTImn0yyrFfzGHeqw","UuiIeI4+6a4w2V3xx4xXIBtOUNDpdb+M","legacyData"
"47e0433d-65c2-4447-912e-4565d34b4810","STEI_051.basePlot.vst","2016-11-02","vst_STEI_2016","D05","STEI","STEI_051",,"NEON.PLA.D05.STEI.01010","ok","sapling","Live",,,1.4,,,,,,,,2.1,10,,,,"B/1XguR/VImkpiciTImn0yyrFfzGHeqw","UuiIeI4+6a4w2V3xx4xXIBtOUNDpdb+M","legacyData"
"1b7496cc-bb69-42d2-a1f8-dc87119a3b55","STEI_051.basePlot.vst","2016-11-02","vst_STEI_2016","D05","STEI","STEI_051",,"NEON.PLA.D05.STEI.01105","ok","single bole tree","Live, broken bole",12.8,160,9.4,,5.2,,,,,,,,,,,"B/1XguR/VImkpiciTImn0yyrFfzGHeqw","UuiIeI4+6a4w2V3xx4xXIBtOUNDpdb+M","legacyData"
"5b7cc47b-d38f-43fd-a457-8dfb709e95bb","STEI_051.basePlot.vst","2016-11-02","vst_STEI_2016","D05","STEI","STEI_051",,"NEON.PLA.D05.STEI.01056","ok","single bole tree","Live",17.8,130,15.6,,,,,,,,,,,,,"B/1XguR/VImkpiciTImn0yyrFfzGHeqw","UuiIeI4+6a4w2V3xx4xXIBtOUNDpdb+M","legacyData"
"8602bd12-3e85-47a3-ad68-e20863bc9301","STEI_051.basePlot.vst","2016-11-02","vst_STEI_2016","D05","STEI","STEI_051",,"NEON.PLA.D05.STEI.01021","ok","single bole tree","Live",24.1,130,17.5,,,,,,,,,,,,,"B/1XguR/VImkpiciTImn0yyrFfzGHeqw","UuiIeI4+6a4w2V3xx4xXIBtOUNDpdb+M","legacyData"
"f5a04047-0521-4c89-800a-68b4b1c6a5fa","STEI_051.basePlot.vst","2016-11-02","vst_STEI_2016","D05","STEI","STEI_051",,"NEON.PLA.D05.STEI.01224","ok","sapling","Live",,,1.3,,,,,,,,3.1,10,,,,"B/1XguR/VImkpiciTImn0yyrFfzGHeqw","UuiIeI4+6a4w2V3xx4xXIBtOUNDpdb+M","legacyData"
"1365f5bc-96e8-4a17-b5bb-d70c1adc5f0f","STEI_053.basePlot.vst","2016-11-02","vst_STEI_2016","D05","STEI","STEI_053",,"NEON.PLA.D05.STEI.01656","ok","small shrub","Live",,,1.8,0.4,,,0.8,0.5,,"ellipsoid or sphere",1.6,10,,,,"P9hftDyV5NLbHB2gcoQF666NEvwuiXGq","V35Wye4FvhrxI6uTqmElE4vMuTa4eEyL","legacyData"
"93d32356-f689-4b76-a5ef-c5bbe2b40b01","STEI_053.basePlot.vst","2016-11-02","vst_STEI_2016","D05","STEI","STEI_053",,"NEON.PLA.D05.STEI.01610","ok","sapling","Live",,,1.2,,,,,,,,1.7,10,,,,"P9hftDyV5NLbHB2gcoQF666NEvwuiXGq","V35Wye4FvhrxI6uTqmElE4vMuTa4eEyL","legacyData"
"cbb17f52-c53c-4647-b4d0-803fa77a355a","STEI_053.basePlot.vst","2016-11-02","vst_STEI_2016","D05","STEI","STEI_053",,"NEON.PLA.D05.STEI.01452A","ok","multi-bole tree","Live,  other damage",34.6,130,16.0,,,,,,,,,,,,,"P9hftDyV5NLbHB2gcoQF666NEvwuiXGq","V35Wye4FvhrxI6uTqmElE4vMuTa4eEyL","legacyData"
"c1fdb515-f58d-426a-bc4e-1191a4c412a8","STEI_053.basePlot.vst","2016-11-02","vst_STEI_2016","D05","STEI","STEI_053",,"NEON.PLA.D05.STEI.01672","ok","small tree","Live",6.6,130,9.4,,,,,,,,,,,,,"P9hftDyV5NLbHB2gcoQF666NEvwuiXGq","V35Wye4FvhrxI6uTqmElE4vMuTa4eEyL","legacyData"
"4b172a04-6519-4864-952a-55eca15de7a7","STEI_053.basePlot.vst","2016-11-02","vst_STEI_2016","D05","STEI","STEI_053",,"NEON.PLA.D05.STEI.01647","ok","sapling","Live",,,2.2,,,,,,,,1.5,10,,,,"P9hftDyV5NLbHB2gcoQF666NEvwuiXGq","V35Wye4FvhrxI6uTqmElE4vMuTa4eEyL","legacyData"
"a3cd5b2f-79e1-45f0-94c7-cec133e850d8","STEI_053.basePlot.vst","2016-11-02","vst_STEI_2016","D05","STEI","STEI_053",,"NEON.PLA.D05.STEI.01396","ok","small tree","Live",7.5,130,9.6,,,,,,,,,,,,,"P9hftDyV5NLbHB2gcoQF666NEvwuiXGq","V35Wye4FvhrxI6uTqmElE4vMuTa4eEyL","legacyData"
"3933f98a-bf83-440a-a25b-761c3d1abf92","STEI_053.basePlot.vst","2016-11-02","vst_STEI_2016","D05","STEI","STEI_053",,"NEON.PLA.D05.STEI.01689","ok","small tree","Live",3.5,130,6.0,,,,,,,,,,,,,"P9hftDyV5NLbHB2gcoQF666NEvwuiXGq","V35Wye4FvhrxI6uTqmElE4vMuTa4eEyL","legacyData"
"3d9c233e-9e36-44d8-b07c-39e0792144a5","STEI_053.basePlot.vst","2016-11-02","vst_STEI_2016","D05","STEI","STEI_053",,"NEON.PLA.D05.STEI.00332","ok","sapling","Live",,,0.8,,,,,,,,1.3,10,,,,"P9hftDyV5NLbHB2gcoQF666NEvwuiXGq","V35Wye4FvhrxI6uTqmElE4vMuTa4eEyL","legacyData"
"0701e052-0b69-4af7-8565-3eb29d560c36","STEI_053.basePlot.vst","2016-11-02","vst_STEI_2016","D05","STEI","STEI_053",,"NEON.PLA.D05.STEI.01474","ok","sapling","Live",,,1.5,,,,,,,,2.8,10,,,,"P9hftDyV5NLbHB2gcoQF666NEvwuiXGq","V35Wye4FvhrxI6uTqmElE4vMuTa4eEyL","legacyData"
"2adf2454-4280-4f95-aab3-c6f1802ee9d6","STEI_053.basePlot.vst","2016-11-02","vst_STEI_2016","D05","STEI","STEI_053",,"NEON.PLA.D05.STEI.01698","ok","small tree","Live",2.4,130,4.0,,,,,,,,,,,,,"P9hftDyV5NLbHB2gcoQF666NEvwuiXGq","V35Wye4FvhrxI6uTqmElE4vMuTa4eEyL","legacyData"
"cbea526e-557e-4409-bbfc-5be10ec1545a","STEI_053.basePlot.vst","2016-11-02","vst_STEI_2016","D05","STEI","STEI_053",,"NEON.PLA.D05.STEI.01691","ok","small tree","Live",8.8,130,9.7,,,,,,,,,,,,,"P9hftDyV5NLbHB2gcoQF666NEvwuiXGq","V35Wye4FvhrxI6uTqmElE4vMuTa4eEyL","legacyData"
"930b17bf-405a-46ae-8a42-61428078afae","STEI_053.basePlot.vst","2016-11-02","vst_STEI_2016","D05","STEI","STEI_053",,"NEON.PLA.D05.STEI.01679","ok","small tree","Live",1.6,130,3.5,,,,,,,,,,,,,"P9hftDyV5NLbHB2gcoQF666NEvwuiXGq","V35Wye4FvhrxI6uTqmElE4vMuTa4eEyL","legacyData"
"00fb1966-3f16-42b1-951d-2482298efe55","STEI_061.basePlot.vst","2016-11-02","vst_STEI_2016","D05","STEI","STEI_061",,"NEON.PLA.D05.STEI.01320","ok","small tree","Live",2.3,130,4.4,,,,,,,,,,,,,"B/1XguR/VImkpiciTImn0yyrFfzGHeqw","UuiIeI4+6a4w2V3xx4xXIBtOUNDpdb+M","legacyData"
"13f692c9-1a26-46ec-8bd9-9c6fdc748d99","STEI_061.basePlot.vst","2016-11-02","vst_STEI_2016","D05","STEI","STEI_061",,"NEON.PLA.D05.STEI.01067","ok","single shrub","Live",3.0,130,6.8,1.3,,,4.2,3.6,,"ellipsoid or sphere",4.2,20,,,,"B/1XguR/VImkpiciTImn0yyrFfzGHeqw","UuiIeI4+6a4w2V3xx4xXIBtOUNDpdb+M","legacyData"
"05aecdfd-b3f1-45a1-87e0-b5b41e69667b","STEI_061.basePlot.vst","2016-11-02","vst_STEI_2016","D05","STEI","STEI_061",,"NEON.PLA.D05.STEI.01014","ok","single shrub","Live",3.2,130,5.2,0.6,,,2.7,2.6,,"ellipsoid or sphere",5.3,10,,,,"B/1XguR/VImkpiciTImn0yyrFfzGHeqw","UuiIeI4+6a4w2V3xx4xXIBtOUNDpdb+M","legacyData"
"83d9b1e5-c9fb-4034-a830-6fdef71a4ed1","STEI_061.basePlot.vst","2016-11-02","vst_STEI_2016","D05","STEI","STEI_061",,"NEON.PLA.D05.STEI.05512","ok","small shrub","Live",,,2.0,0.4,,,0.5,0.5,,"ellipsoid or sphere",2.2,10,,,,"B/1XguR/VImkpiciTImn0yyrFfzGHeqw","UuiIeI4+6a4w2V3xx4xXIBtOUNDpdb+M","legacyData"
"142379f1-a0ae-4726-9a81-aecb54e6aea2","STEI_061.basePlot.vst","2016-11-02","vst_STEI_2016","D05","STEI","STEI_061",,"NEON.PLA.D05.STEI.01013","ok","small tree","Live",3.5,130,,,,,,,,,,,,,,"B/1XguR/VImkpiciTImn0yyrFfzGHeqw","UuiIeI4+6a4w2V3xx4xXIBtOUNDpdb+M","legacyData"
"b1158379-6b4d-4ff6-ab73-673638774a27","STEI_061.basePlot.vst","2016-11-02","vst_STEI_2016","D05","STEI","STEI_061",,"NEON.PLA.D05.STEI.01276","ok","sapling","Live, physically damaged",,,0.7,,,,,,,,1.5,10,,,,"B/1XguR/VImkpiciTImn0yyrFfzGHeqw","UuiIeI4+6a4w2V3xx4xXIBtOUNDpdb+M","legacyData"
"2dbecc13-d40e-41a2-ae83-1159590db49e","STEI_061.basePlot.vst","2016-11-02","vst_STEI_2016","D05","STEI","STEI_061",,"NEON.PLA.D05.STEI.01123","ok","single shrub","Live",5.2,130,6.3,1.0,,,4.0,3.8,,"ellipsoid or sphere",6.1,20,,,,"B/1XguR/VImkpiciTImn0yyrFfzGHeqw","UuiIeI4+6a4w2V3xx4xXIBtOUNDpdb+M","legacyData"
"7ae88cd2-9624-4b36-8de6-def5b6362ae1","STEI_061.basePlot.vst","2016-11-02","vst_STEI_2016","D05","STEI","STEI_061",,"NEON.PLA.D05.STEI.05518","ok","small shrub","Live",,,1.1,0.2,,,0.6,0.4,,"ellipsoid or sphere",1.5,10,,,,"B/1XguR/VImkpiciTImn0yyrFfzGHeqw","UuiIeI4+6a4w2V3xx4xXIBtOUNDpdb+M","legacyData"
"108e42b7-4cad-43ac-b67b-6f6bfe9db789","STEI_061.basePlot.vst","2016-11-02","vst_STEI_2016","D05","STEI","STEI_061",,"NEON.PLA.D05.STEI.01060","ok","single shrub","Live",4.0,130,5.9,0.7,,,3.0,2.3,,"ellipsoid or sphere",5.5,10,,,,"B/1XguR/VImkpiciTImn0yyrFfzGHeqw","UuiIeI4+6a4w2V3xx4xXIBtOUNDpdb+M","legacyData"
"8f229332-c3c1-4398-b163-980be7704fde","STEI_061.basePlot.vst","2016-11-02","vst_STEI_2016","D05","STEI","STEI_061",,"NEON.PLA.D05.STEI.00343","ok","small shrub","Live",,,1.0,0.5,,,0.5,0.4,,"ellipsoid or sphere",1.5,10,,,,"B/1XguR/VImkpiciTImn0yyrFfzGHeqw","UuiIeI4+6a4w2V3xx4xXIBtOUNDpdb+M","legacyData"
"96a884ac-938a-496b-bd3a-ed991288a899","STEI_061.basePlot.vst","2016-11-02","vst_STEI_2016","D05","STEI","STEI_061",,"NEON.PLA.D05.STEI.00344","ok","small shrub","Live",,,1.0,0.6,,,0.4,0.2,,"ellipsoid or sphere",1.1,20,,,,"B/1XguR/VImkpiciTImn0yyrFfzGHeqw","UuiIeI4+6a4w2V3xx4xXIBtOUNDpdb+M","legacyData"
"16fc6782-db47-4733-abbd-ad0b0d0b5aa9","STEI_061.basePlot.vst","2016-11-02","vst_STEI_2016","D05","STEI","STEI_061",,"NEON.PLA.D05.STEI.00348","ok","small shrub","Live",,,1.8,0.5,,,0.6,0.4,,"ellipsoid or sphere",1.8,10,,,,"B/1XguR/VImkpiciTImn0yyrFfzGHeqw","UuiIeI4+6a4w2V3xx4xXIBtOUNDpdb+M","legacyData"
"4636fdca-741f-455b-a915-8642fe9721d6","STEI_061.basePlot.vst","2016-11-02","vst_STEI_2016","D05","STEI","STEI_061",,"NEON.PLA.D05.STEI.01312","ok","sapling","Standing dead",,,1.6,,,,,,,,1.6,10,,,,"B/1XguR/VImkpiciTImn0yyrFfzGHeqw","UuiIeI4+6a4w2V3xx4xXIBtOUNDpdb+M","legacyData"
"75862ea0-405e-4bee-b8ee-81c068b82b26","STEI_061.basePlot.vst","2016-11-02","vst_STEI_2016","D05","STEI","STEI_061",,"NEON.PLA.D05.STEI.01067","ok","single shrub","Live",5.9,130,6.8,1.3,,,4.2,3.6,,"ellipsoid or sphere",7.1,10,,,,"B/1XguR/VImkpiciTImn0yyrFfzGHeqw","UuiIeI4+6a4w2V3xx4xXIBtOUNDpdb+M","legacyData"
"3b329537-2678-413f-9a03-d4c591adf4e8","STEI_061.basePlot.vst","2016-11-02","vst_STEI_2016","D05","STEI","STEI_061",,"NEON.PLA.D05.STEI.01046","ok","small shrub","Live",,,1.0,0.5,,,0.4,0.3,,"ellipsoid or sphere",1.3,20,,,,"B/1XguR/VImkpiciTImn0yyrFfzGHeqw","UuiIeI4+6a4w2V3xx4xXIBtOUNDpdb+M","legacyData"
"92261036-5bc7-4245-8488-1b273c2feb0b","STEI_061.basePlot.vst","2016-11-02","vst_STEI_2016","D05","STEI","STEI_061",,"NEON.PLA.D05.STEI.01276","ok","sapling","Live, physically damaged",,,0.7,,,,,,,,1.5,10,,,,"B/1XguR/VImkpiciTImn0yyrFfzGHeqw","UuiIeI4+6a4w2V3xx4xXIBtOUNDpdb+M","legacyData"
"8a27be18-2654-40a9-80f7-e5eba2c43070","STEI_061.basePlot.vst","2016-11-02","vst_STEI_2016","D05","STEI","STEI_061",,"NEON.PLA.D05.STEI.01014","ok","single shrub","Live",1.0,130,5.2,0.6,,,2.7,2.6,,"ellipsoid or sphere",1.3,10,,,,"B/1XguR/VImkpiciTImn0yyrFfzGHeqw","UuiIeI4+6a4w2V3xx4xXIBtOUNDpdb+M","legacyData"
"309ff019-90b6-48cd-99b9-42d877319e94","STEI_061.basePlot.vst","2016-11-02","vst_STEI_2016","D05","STEI","STEI_061",,"NEON.PLA.D05.STEI.05513","ok","small shrub","Live",,,1.8,0.6,,,0.5,0.5,,"ellipsoid or sphere",1.2,10,,,,"B/1XguR/VImkpiciTImn0yyrFfzGHeqw","UuiIeI4+6a4w2V3xx4xXIBtOUNDpdb+M","legacyData"
"fb75da82-022c-47c6-b0ca-00c2855c641b","STEI_061.basePlot.vst","2016-11-02","vst_STEI_2016","D05","STEI","STEI_061",,"NEON.PLA.D05.STEI.00344","ok","small shrub","Live",,,1.0,0.6,,,0.4,0.2,,"ellipsoid or sphere",1.0,20,,,,"B/1XguR/VImkpiciTImn0yyrFfzGHeqw","UuiIeI4+6a4w2V3xx4xXIBtOUNDpdb+M","legacyData"
"2d8c33a7-dafa-40d3-aed4-e1d9f9868ccb","STEI_061.basePlot.vst","2016-11-02","vst_STEI_2016","D05","STEI","STEI_061",,"NEON.PLA.D05.STEI.01123","ok","single shrub","Live",2.7,130,6.3,1.0,,,4.0,3.8,,"ellipsoid or sphere",3.8,10,,,,"B/1XguR/VImkpiciTImn0yyrFfzGHeqw","UuiIeI4+6a4w2V3xx4xXIBtOUNDpdb+M","legacyData"
"7ec3779f-5f7f-45f7-af9c-5faae4760437","STEI_061.basePlot.vst","2016-11-02","vst_STEI_2016","D05","STEI","STEI_061",,"NEON.PLA.D05.STEI.01201","ok","single bole tree","Standing dead",15.6,130,3.4,,,,,,,,,,,,"10 cm below nail","B/1XguR/VImkpiciTImn0yyrFfzGHeqw","UuiIeI4+6a4w2V3xx4xXIBtOUNDpdb+M","legacyData"
"6246a7d6-cf79-4748-80be-3d8c4c2a67a6","STEI_061.basePlot.vst","2016-11-02","vst_STEI_2016","D05","STEI","STEI_061",,"NEON.PLA.D05.STEI.01272","ok","single bole tree","Live",23.6,130,9.9,,,,,,,,,,,,,"B/1XguR/VImkpiciTImn0yyrFfzGHeqw","UuiIeI4+6a4w2V3xx4xXIBtOUNDpdb+M","legacyData"
"ba3f4de9-4331-4f2f-bfd6-13e5023fc89c","STEI_061.basePlot.vst","2016-11-02","vst_STEI_2016","D05","STEI","STEI_061",,"NEON.PLA.D05.STEI.01045","ok","single shrub","Live",2.9,130,4.5,0.4,,,3.2,2.5,,"ellipsoid or sphere",4.2,10,,,,"B/1XguR/VImkpiciTImn0yyrFfzGHeqw","UuiIeI4+6a4w2V3xx4xXIBtOUNDpdb+M","legacyData"
"90de0e66-5386-418f-93ef-968a8d90a4e2","STEI_061.basePlot.vst","2016-11-02","vst_STEI_2016","D05","STEI","STEI_061",,"NEON.PLA.D05.STEI.01252","ok","multi-bole tree","Live",40.1,130,18.5,,,,,,,,,,,,,"B/1XguR/VImkpiciTImn0yyrFfzGHeqw","UuiIeI4+6a4w2V3xx4xXIBtOUNDpdb+M","legacyData"
"4dbd0fce-ccd9-4df0-badb-0e51ec39ede7","STEI_061.basePlot.vst","2016-11-02","vst_STEI_2016","D05","STEI","STEI_061",,"NEON.PLA.D05.STEI.01014","ok","single shrub","Live",1.1,130,5.2,0.6,,,2.7,2.6,,"ellipsoid or sphere",2.1,10,,,,"B/1XguR/VImkpiciTImn0yyrFfzGHeqw","UuiIeI4+6a4w2V3xx4xXIBtOUNDpdb+M","legacyData"
"0ed7d1bd-ac47-4649-9f09-0380f7f5c6eb","STEI_061.basePlot.vst","2016-11-02","vst_STEI_2016","D05","STEI","STEI_061",,"NEON.PLA.D05.STEI.01123","ok","single shrub","Live",4.9,130,6.3,1.0,,,4.0,3.8,,"ellipsoid or sphere",6.4,20,,,,"B/1XguR/VImkpiciTImn0yyrFfzGHeqw","UuiIeI4+6a4w2V3xx4xXIBtOUNDpdb+M","legacyData"
"5ded8a19-e937-4263-99e1-ba416f2f73cc","STEI_061.basePlot.vst","2016-11-02","vst_STEI_2016","D05","STEI","STEI_061",,"NEON.PLA.D05.STEI.01014","ok","single shrub","Live",2.8,130,5.2,0.6,,,2.7,2.6,,"ellipsoid or sphere",4.2,10,,,,"B/1XguR/VImkpiciTImn0yyrFfzGHeqw","UuiIeI4+6a4w2V3xx4xXIBtOUNDpdb+M","legacyData"
"fa6856fa-5e2a-485d-9a65-0cc50ab372e5","STEI_061.basePlot.vst","2016-11-02","vst_STEI_2016","D05","STEI","STEI_061",,"NEON.PLA.D05.STEI.01014","ok","single shrub","Live",2.4,130,5.2,0.6,,,2.7,2.6,,"ellipsoid or sphere",3.2,10,,,,"B/1XguR/VImkpiciTImn0yyrFfzGHeqw","UuiIeI4+6a4w2V3xx4xXIBtOUNDpdb+M","legacyData"
"ebadf757-f0ca-473b-a13b-d96e89d1f53d","STEI_061.basePlot.vst","2016-11-02","vst_STEI_2016","D05","STEI","STEI_061",,"NEON.PLA.D05.STEI.00335","ok","sapling","Live",,130,0.5,,,,,,,,1.1,10,,,,"B/1XguR/VImkpiciTImn0yyrFfzGHeqw","UuiIeI4+6a4w2V3xx4xXIBtOUNDpdb+M","legacyData"
"2b8a295e-564e-4a8a-8573-2510882bf417","STEI_061.basePlot.vst","2016-11-02","vst_STEI_2016","D05","STEI","STEI_061",,"NEON.PLA.D05.STEI.00342","ok","sapling","Live",,,1.3,,,,,,,,1.0,10,,,,"B/1XguR/VImkpiciTImn0yyrFfzGHeqw","UuiIeI4+6a4w2V3xx4xXIBtOUNDpdb+M","legacyData"
"3c422c10-7025-407b-bd64-ba36106ed01a","STEI_061.basePlot.vst","2016-11-02","vst_STEI_2016","D05","STEI","STEI_061",,"NEON.PLA.D05.STEI.01259","ok","small tree","Live",2.0,130,3.2,,,,,,,,,,,,,"B/1XguR/VImkpiciTImn0yyrFfzGHeqw","UuiIeI4+6a4w2V3xx4xXIBtOUNDpdb+M","legacyData"
"9a4fe25e-c594-4000-a40b-a908cd19b914","STEI_061.basePlot.vst","2016-11-02","vst_STEI_2016","D05","STEI","STEI_061",,"NEON.PLA.D05.STEI.01151","ok","single shrub","Live",2.9,130,4.4,0.6,,,2.1,2.0,,"ellipsoid or sphere",4.8,10,,,,"B/1XguR/VImkpiciTImn0yyrFfzGHeqw","UuiIeI4+6a4w2V3xx4xXIBtOUNDpdb+M","legacyData"
"cc46039f-0e44-4619-aec7-525dde0bebdc","STEI_061.basePlot.vst","2016-11-02","vst_STEI_2016","D05","STEI","STEI_061",,"NEON.PLA.D05.STEI.05520","ok","small shrub","Live",,,1.3,0.4,,,0.4,0.3,,"ellipsoid or sphere",1.6,10,,,,"B/1XguR/VImkpiciTImn0yyrFfzGHeqw","UuiIeI4+6a4w2V3xx4xXIBtOUNDpdb+M","legacyData"
"6d8c57f7-efc8-4819-a766-319816f0dd24","STEI_061.basePlot.vst","2016-11-02","vst_STEI_2016","D05","STEI","STEI_061",,"NEON.PLA.D05.STEI.01151","ok","single shrub","Live",1.5,130,4.4,0.6,,,2.1,2.0,,"ellipsoid or sphere",2.9,10,,,,"B/1XguR/VImkpiciTImn0yyrFfzGHeqw","UuiIeI4+6a4w2V3xx4xXIBtOUNDpdb+M","legacyData"
"34a358f3-9e71-46ac-a434-2247c11d9000","STEI_061.basePlot.vst","2016-11-02","vst_STEI_2016","D05","STEI","STEI_061",,"NEON.PLA.D05.STEI.01223","ok","small tree","Live, physically damaged",6.3,130,5.7,,,,,,,,,,,,,"B/1XguR/VImkpiciTImn0yyrFfzGHeqw","UuiIeI4+6a4w2V3xx4xXIBtOUNDpdb+M","legacyData"
"459dd173-8ba5-4ad9-b5e4-ac885430ee00","STEI_061.basePlot.vst","2016-11-02","vst_STEI_2016","D05","STEI","STEI_061",,"NEON.PLA.D05.STEI.01247","ok","single bole tree","Live",20.6,130,13.0,,,,,,,,,,,,,"B/1XguR/VImkpiciTImn0yyrFfzGHeqw","UuiIeI4+6a4w2V3xx4xXIBtOUNDpdb+M","legacyData"
"0d0e1663-5f6d-410d-8ed0-0c2f109bea8c","STEI_061.basePlot.vst","2016-11-02","vst_STEI_2016","D05","STEI","STEI_061",,"NEON.PLA.D05.STEI.01046","ok","small shrub","Live",,,1.0,0.5,,,0.4,0.3,,"ellipsoid or sphere",1.2,20,,,,"B/1XguR/VImkpiciTImn0yyrFfzGHeqw","UuiIeI4+6a4w2V3xx4xXIBtOUNDpdb+M","legacyData"
"cd36d4e9-756b-44ba-8829-e6a3ddfc7e92","STEI_061.basePlot.vst","2016-11-02","vst_STEI_2016","D05","STEI","STEI_061",,"NEON.PLA.D05.STEI.01045","ok","single shrub","Live",3.5,130,4.5,0.4,,,3.2,2.5,,"ellipsoid or sphere",6.8,10,,,,"B/1XguR/VImkpiciTImn0yyrFfzGHeqw","UuiIeI4+6a4w2V3xx4xXIBtOUNDpdb+M","legacyData"
"e5b67b60-605a-4807-8643-592e38990c93","STEI_051.basePlot.vst","2016-11-02","vst_STEI_2016","D05","STEI","STEI_051",,"NEON.PLA.D05.STEI.01008","ok","single bole tree","Live",11.3,130,9.4,,,,,,,,,,,,,"B/1XguR/VImkpiciTImn0yyrFfzGHeqw","UuiIeI4+6a4w2V3xx4xXIBtOUNDpdb+M","legacyData"
"a808e62e-cdad-46cf-8ba2-3edf2182015e","STEI_061.basePlot.vst","2016-11-02","vst_STEI_2016","D05","STEI","STEI_061",,"NEON.PLA.D05.STEI.00349","ok","small shrub","Live",,,1.6,0.4,,,0.5,0.3,,"ellipsoid or sphere",1.1,10,,,,"B/1XguR/VImkpiciTImn0yyrFfzGHeqw","UuiIeI4+6a4w2V3xx4xXIBtOUNDpdb+M","legacyData"
"a5c3b6c1-e9c4-46dc-9ecf-0ee4cec29e38","STEI_051.basePlot.vst","2016-11-02","vst_STEI_2016","D05","STEI","STEI_051",,"NEON.PLA.D05.STEI.01181","ok","multi-bole tree","Live",25.7,130,16.8,,,,,,,,,,,,,"B/1XguR/VImkpiciTImn0yyrFfzGHeqw","UuiIeI4+6a4w2V3xx4xXIBtOUNDpdb+M","legacyData"
"60c4fca8-92cd-46d7-af39-ad83b0d11b9b","STEI_051.basePlot.vst","2016-11-02","vst_STEI_2016","D05","STEI","STEI_051",,"NEON.PLA.D05.STEI.01051","ok","single bole tree","Live",18.6,130,17.0,,,,,,,,,,,,,"B/1XguR/VImkpiciTImn0yyrFfzGHeqw","UuiIeI4+6a4w2V3xx4xXIBtOUNDpdb+M","legacyData"
"c8121e3b-b21a-445d-b509-efc1aa9baab7","STEI_051.basePlot.vst","2016-11-02","vst_STEI_2016","D05","STEI","STEI_051",,"NEON.PLA.D05.STEI.01112","ok","small tree","Live",2.7,130,5.4,,,,,,,,,,,,,"B/1XguR/VImkpiciTImn0yyrFfzGHeqw","UuiIeI4+6a4w2V3xx4xXIBtOUNDpdb+M","legacyData"
"74a5be6c-df02-40c9-9c05-aa2e2a4f051b","STEI_051.basePlot.vst","2016-11-02","vst_STEI_2016","D05","STEI","STEI_051",,"NEON.PLA.D05.STEI.01167","ok","single bole tree","Live",16.2,130,10.6,,,,,,,,,,,,,"B/1XguR/VImkpiciTImn0yyrFfzGHeqw","UuiIeI4+6a4w2V3xx4xXIBtOUNDpdb+M","legacyData"
"2a416a80-44e2-429f-ab4e-6500c026dce3","STEI_051.basePlot.vst","2016-11-02","vst_STEI_2016","D05","STEI","STEI_051",,"NEON.PLA.D05.STEI.01055","ok","small tree","Live",1.8,130,2.3,,,,,,,,,,,,,"B/1XguR/VImkpiciTImn0yyrFfzGHeqw","UuiIeI4+6a4w2V3xx4xXIBtOUNDpdb+M","legacyData"
"283c5acb-2339-4360-a7d0-ae2280ab16fc","STEI_051.basePlot.vst","2016-11-02","vst_STEI_2016","D05","STEI","STEI_051",,"NEON.PLA.D05.STEI.01345","ok","small tree","Live",8.3,130,8.3,,,,,,,,,,,,,"B/1XguR/VImkpiciTImn0yyrFfzGHeqw","UuiIeI4+6a4w2V3xx4xXIBtOUNDpdb+M","legacyData"
"6653ce47-c852-4e19-8293-5bc5b85f90e9","STEI_051.basePlot.vst","2016-11-02","vst_STEI_2016","D05","STEI","STEI_051",,"NEON.PLA.D05.STEI.01300","ok","small tree","Live",8.3,130,5.5,,,,,,,,,,,,,"B/1XguR/VImkpiciTImn0yyrFfzGHeqw","UuiIeI4+6a4w2V3xx4xXIBtOUNDpdb+M","legacyData"
"86590332-f7ac-462e-9c81-6404eb8ff143","STEI_051.basePlot.vst","2016-11-02","vst_STEI_2016","D05","STEI","STEI_051",,"NEON.PLA.D05.STEI.01349","ok","small tree","Live",1.4,130,3.4,,,,,,,,,,,,,"B/1XguR/VImkpiciTImn0yyrFfzGHeqw","UuiIeI4+6a4w2V3xx4xXIBtOUNDpdb+M","legacyData"
"b90e04be-ae1d-454d-acdb-81744794e83f","STEI_051.basePlot.vst","2016-11-02","vst_STEI_2016","D05","STEI","STEI_051",,"NEON.PLA.D05.STEI.01295","ok","single bole tree","Live",29.4,130,20.6,,,,,,,,,,,,,"B/1XguR/VImkpiciTImn0yyrFfzGHeqw","UuiIeI4+6a4w2V3xx4xXIBtOUNDpdb+M","legacyData"
"21738fe6-e956-4c34-92d6-2ec45063f069","STEI_051.basePlot.vst","2016-11-02","vst_STEI_2016","D05","STEI","STEI_051",,"NEON.PLA.D05.STEI.01174","ok","single bole tree","Live",25.5,130,17.8,,,,,,,,,,,,,"B/1XguR/VImkpiciTImn0yyrFfzGHeqw","UuiIeI4+6a4w2V3xx4xXIBtOUNDpdb+M","legacyData"
"c5a96679-4b4c-42be-962d-2fc1b91d8e6c","STEI_051.basePlot.vst","2016-11-02","vst_STEI_2016","D05","STEI","STEI_051",,"NEON.PLA.D05.STEI.01177","ok","small tree","Live",3.3,130,6.3,,,,,,,,,,,,,"B/1XguR/VImkpiciTImn0yyrFfzGHeqw","UuiIeI4+6a4w2V3xx4xXIBtOUNDpdb+M","legacyData"
"aa1cb909-892b-4d48-87a5-5404b61f34ec","STEI_051.basePlot.vst","2016-11-02","vst_STEI_2016","D05","STEI","STEI_051",,"NEON.PLA.D05.STEI.01071","ok","small tree","Live",3.1,130,6.8,,,,,,,,,,,,,"B/1XguR/VImkpiciTImn0yyrFfzGHeqw","UuiIeI4+6a4w2V3xx4xXIBtOUNDpdb+M","legacyData"
"c39b2e08-f216-4621-8726-61da783a399b","STEI_061.basePlot.vst","2016-11-02","vst_STEI_2016","D05","STEI","STEI_061",,"NEON.PLA.D05.STEI.05511","ok","small shrub","Live",,,1.5,0.7,,,0.5,0.4,,"ellipsoid or sphere",1.7,10,,,,"B/1XguR/VImkpiciTImn0yyrFfzGHeqw","UuiIeI4+6a4w2V3xx4xXIBtOUNDpdb+M","legacyData"
"8d470c4d-125c-406b-915b-be45b726f635","STEI_061.basePlot.vst","2016-11-02","vst_STEI_2016","D05","STEI","STEI_061",,"NEON.PLA.D05.STEI.01273","ok","small tree","Live",1.8,130,2.1,,,,,,,,,,,,,"B/1XguR/VImkpiciTImn0yyrFfzGHeqw","UuiIeI4+6a4w2V3xx4xXIBtOUNDpdb+M","legacyData"
"4c3af0a9-36a2-4e12-8952-cd5913c3c942","STEI_061.basePlot.vst","2016-11-02","vst_STEI_2016","D05","STEI","STEI_061",,"NEON.PLA.D05.STEI.01137","ok","sapling","Live",,,1.3,,,,,,,,1.3,10,,,,"B/1XguR/VImkpiciTImn0yyrFfzGHeqw","UuiIeI4+6a4w2V3xx4xXIBtOUNDpdb+M","legacyData"
"29dd2d06-518b-4e07-9136-11529dc62f37","STEI_061.basePlot.vst","2016-11-02","vst_STEI_2016","D05","STEI","STEI_061",,"NEON.PLA.D05.STEI.01249","ok","single bole tree","Live",22.8,130,17.6,,,,,,,,,,,,,"B/1XguR/VImkpiciTImn0yyrFfzGHeqw","UuiIeI4+6a4w2V3xx4xXIBtOUNDpdb+M","legacyData"
"106cd904-d579-486c-aa76-2267c98f1ee4","STEI_061.basePlot.vst","2016-11-02","vst_STEI_2016","D05","STEI","STEI_061",,"NEON.PLA.D05.STEI.01065","ok","small tree","Live",1.3,130,,,,,,,,,,,,,,"B/1XguR/VImkpiciTImn0yyrFfzGHeqw","UuiIeI4+6a4w2V3xx4xXIBtOUNDpdb+M","legacyData"
"731526a2-1a54-408d-b68e-c63a3d8a692e","STEI_061.basePlot.vst","2016-11-02","vst_STEI_2016","D05","STEI","STEI_061",,"NEON.PLA.D05.STEI.01013","ok","small tree","Live",2.5,130,,,,,,,,,,,,,,"B/1XguR/VImkpiciTImn0yyrFfzGHeqw","UuiIeI4+6a4w2V3xx4xXIBtOUNDpdb+M","legacyData"
"52027150-ce4e-471f-a6ac-3c09ea442185","STEI_061.basePlot.vst","2016-11-02","vst_STEI_2016","D05","STEI","STEI_061",,"NEON.PLA.D05.STEI.01115","ok","small shrub","Live",,,1.9,0.3,,,0.6,0.4,,"ellipsoid or sphere",1.5,10,,,,"B/1XguR/VImkpiciTImn0yyrFfzGHeqw","UuiIeI4+6a4w2V3xx4xXIBtOUNDpdb+M","legacyData"
"898694b2-fa75-4154-89d3-2e12b2c37283","STEI_061.basePlot.vst","2016-11-02","vst_STEI_2016","D05","STEI","STEI_061",,"NEON.PLA.D05.STEI.01328","ok","single bole tree","Live",13.9,130,7.1,,,,,,,,,,,,,"B/1XguR/VImkpiciTImn0yyrFfzGHeqw","UuiIeI4+6a4w2V3xx4xXIBtOUNDpdb+M","legacyData"
"026ccee5-4b7d-4306-abbe-9e4583fb0c13","STEI_053.basePlot.vst","2016-11-02","vst_STEI_2016","D05","STEI","STEI_053",,"NEON.PLA.D05.STEI.00330","ok","sapling","Live",,,1.3,,,,,,,,1.2,10,,,,"P9hftDyV5NLbHB2gcoQF666NEvwuiXGq","V35Wye4FvhrxI6uTqmElE4vMuTa4eEyL","legacyData"
"fe19eba5-7dbc-482f-9c23-486c5d170218","STEI_053.basePlot.vst","2016-11-02","vst_STEI_2016","D05","STEI","STEI_053",,"NEON.PLA.D05.STEI.01677","ok","small tree","Live",1.6,130,2.9,,,,,,,,,,,,,"P9hftDyV5NLbHB2gcoQF666NEvwuiXGq","V35Wye4FvhrxI6uTqmElE4vMuTa4eEyL","legacyData"
"458f7c83-60be-4c5e-b65f-bc67b78174e2","STEI_053.basePlot.vst","2016-11-02","vst_STEI_2016","D05","STEI","STEI_053",,"NEON.PLA.D05.STEI.01644","ok","sapling","Standing dead",,,2.5,,,,,,,,2.7,10,,,,"P9hftDyV5NLbHB2gcoQF666NEvwuiXGq","V35Wye4FvhrxI6uTqmElE4vMuTa4eEyL","legacyData"
"3302293a-6ae6-4dae-8467-41b45e1f35e9","STEI_053.basePlot.vst","2016-11-02","vst_STEI_2016","D05","STEI","STEI_053",,"NEON.PLA.D05.STEI.01630","ok","small tree","Live",1.6,130,3.1,,,,,,,,,,,,,"P9hftDyV5NLbHB2gcoQF666NEvwuiXGq","V35Wye4FvhrxI6uTqmElE4vMuTa4eEyL","legacyData"
"72e4f823-459d-4031-8ade-f51994548d31","STEI_053.basePlot.vst","2016-11-02","vst_STEI_2016","D05","STEI","STEI_053",,"NEON.PLA.D05.STEI.01654","ok","single bole tree","Live",12.1,130,10.9,,,,,,,,,,,,,"P9hftDyV5NLbHB2gcoQF666NEvwuiXGq","V35Wye4FvhrxI6uTqmElE4vMuTa4eEyL","legacyData"
"eb98062c-4951-4158-86fe-26a8eded9213","STEI_053.basePlot.vst","2016-11-02","vst_STEI_2016","D05","STEI","STEI_053",,"NEON.PLA.D05.STEI.01663","ok","single bole tree","Live",35.8,130,14.4,,,,,,,,,,,,,"P9hftDyV5NLbHB2gcoQF666NEvwuiXGq","V35Wye4FvhrxI6uTqmElE4vMuTa4eEyL","legacyData"
"1ab09af6-ca07-480a-bf23-2834162e9e8c","STEI_053.basePlot.vst","2016-11-02","vst_STEI_2016","D05","STEI","STEI_053",,"NEON.PLA.D05.STEI.01453","ok","small tree","Live",4.5,130,6.7,,,,,,,,,,,,,"P9hftDyV5NLbHB2gcoQF666NEvwuiXGq","V35Wye4FvhrxI6uTqmElE4vMuTa4eEyL","legacyData"
"df36105b-7013-4737-beb9-94831b3d2e47","STEI_053.basePlot.vst","2016-11-02","vst_STEI_2016","D05","STEI","STEI_053",,"NEON.PLA.D05.STEI.01483","ok","small tree","Live",2.4,130,4.6,,,,,,,,,,,,,"P9hftDyV5NLbHB2gcoQF666NEvwuiXGq","V35Wye4FvhrxI6uTqmElE4vMuTa4eEyL","legacyData"
"8e86a64e-6324-4e13-a26c-152c4cb29b08","STEI_053.basePlot.vst","2016-11-02","vst_STEI_2016","D05","STEI","STEI_053",,"NEON.PLA.D05.STEI.01619","ok","small tree","Live",1.3,130,2.9,,,,,,,,,,,,,"P9hftDyV5NLbHB2gcoQF666NEvwuiXGq","V35Wye4FvhrxI6uTqmElE4vMuTa4eEyL","legacyData"
"6eee9f14-611a-4c71-a56f-9ac9f71b325c","STEI_053.basePlot.vst","2016-11-02","vst_STEI_2016","D05","STEI","STEI_053",,"NEON.PLA.D05.STEI.01693","ok","single bole tree","Live",12.4,130,11.3,,,,,,,,,,,,,"P9hftDyV5NLbHB2gcoQF666NEvwuiXGq","V35Wye4FvhrxI6uTqmElE4vMuTa4eEyL","legacyData"
"4891f055-0311-4afd-bb6c-639dce1b1c2b","STEI_053.basePlot.vst","2016-11-02","vst_STEI_2016","D05","STEI","STEI_053",,"NEON.PLA.D05.STEI.01676","ok","small tree","Live",3.8,130,6.4,,,,,,,,,,,,,"P9hftDyV5NLbHB2gcoQF666NEvwuiXGq","V35Wye4FvhrxI6uTqmElE4vMuTa4eEyL","legacyData"
"c2f65275-8de9-49d1-9109-cc63f9ca89af","STEI_053.basePlot.vst","2016-11-02","vst_STEI_2016","D05","STEI","STEI_053",,"NEON.PLA.D05.STEI.00329","ok","sapling","Live",,,0.6,,,,,,,,1.7,10,,,,"P9hftDyV5NLbHB2gcoQF666NEvwuiXGq","V35Wye4FvhrxI6uTqmElE4vMuTa4eEyL","legacyData"
"84c9de41-31af-423d-b6af-c322f0eda538","STEI_053.basePlot.vst","2016-11-02","vst_STEI_2016","D05","STEI","STEI_053",,"NEON.PLA.D05.STEI.01627","ok","small tree","Live",6.5,130,8.2,,,,,,,,,,,,,"P9hftDyV5NLbHB2gcoQF666NEvwuiXGq","V35Wye4FvhrxI6uTqmElE4vMuTa4eEyL","legacyData"
"40d0626e-29a4-4e82-ab35-329dec8404ce","STEI_053.basePlot.vst","2016-11-02","vst_STEI_2016","D05","STEI","STEI_053",,"NEON.PLA.D05.STEI.01452","ok","multi-bole tree","Live,  other damage",37.1,130,16.0,,,,,,,,,,,,,"P9hftDyV5NLbHB2gcoQF666NEvwuiXGq","V35Wye4FvhrxI6uTqmElE4vMuTa4eEyL","legacyData"
"5288a106-71b4-40f1-89ae-b8172166c57b","STEI_053.basePlot.vst","2016-11-02","vst_STEI_2016","D05","STEI","STEI_053",,"NEON.PLA.D05.STEI.01699","ok","small tree","Live",2.4,130,5.8,,,,,,,,,,,,,"P9hftDyV5NLbHB2gcoQF666NEvwuiXGq","V35Wye4FvhrxI6uTqmElE4vMuTa4eEyL","legacyData"
"dc92090a-9e6f-47f5-8b7a-6d2194da361b","STEI_061.basePlot.vst","2016-11-02","vst_STEI_2016","D05","STEI","STEI_061",,"NEON.PLA.D05.STEI.01045","ok","single shrub","Live",3.2,130,4.5,0.4,,,3.2,2.5,,"ellipsoid or sphere",5.9,10,,,,"B/1XguR/VImkpiciTImn0yyrFfzGHeqw","UuiIeI4+6a4w2V3xx4xXIBtOUNDpdb+M","legacyData"
"4586aad8-4e05-40ba-8b2c-c9ca25ea1dd8","STEI_061.basePlot.vst","2016-11-02","vst_STEI_2016","D05","STEI","STEI_061",,"NEON.PLA.D05.STEI.05514","ok","small shrub","Live",,,1.5,0.6,,,0.5,0.4,,"ellipsoid or sphere",1.6,10,,,,"B/1XguR/VImkpiciTImn0yyrFfzGHeqw","UuiIeI4+6a4w2V3xx4xXIBtOUNDpdb+M","legacyData"
"7d0e65d5-fb25-4b5a-adbe-f1bda48b9437","STEI_061.basePlot.vst","2016-11-02","vst_STEI_2016","D05","STEI","STEI_061",,"NEON.PLA.D05.STEI.01003","ok","single shrub","Live",1.0,130,5.6,0.2,,,1.8,1.6,,"ellipsoid or sphere",1.2,10,,,,"B/1XguR/VImkpiciTImn0yyrFfzGHeqw","UuiIeI4+6a4w2V3xx4xXIBtOUNDpdb+M","legacyData"
"6715accf-c7d9-43d7-a46d-9ce45f7ebc66","STEI_061.basePlot.vst","2016-11-02","vst_STEI_2016","D05","STEI","STEI_061",,"NEON.PLA.D05.STEI.01280","ok","small tree","Standing dead",1.1,130,2.1,,,,,,,,,,,,,"B/1XguR/VImkpiciTImn0yyrFfzGHeqw","UuiIeI4+6a4w2V3xx4xXIBtOUNDpdb+M","legacyData"
"6151a406-ad24-4f21-b098-47e706e8614e","STEI_061.basePlot.vst","2016-11-02","vst_STEI_2016","D05","STEI","STEI_061",,"NEON.PLA.D05.STEI.01252A","ok","multi-bole tree","Live",36.1,130,18.5,,,,,,,,,,,,,"B/1XguR/VImkpiciTImn0yyrFfzGHeqw","UuiIeI4+6a4w2V3xx4xXIBtOUNDpdb+M","legacyData"
"a660f14a-689e-47c8-b40d-d75b16be9661","STEI_061.basePlot.vst","2016-11-02","vst_STEI_2016","D05","STEI","STEI_061",,"NEON.PLA.D05.STEI.01263","ok","small tree","Live",1.8,130,3.1,,,,,,,,,,,,,"B/1XguR/VImkpiciTImn0yyrFfzGHeqw","UuiIeI4+6a4w2V3xx4xXIBtOUNDpdb+M","legacyData"
"6d2a31fc-6915-482d-ae1f-79b009e525aa","STEI_061.basePlot.vst","2016-11-02","vst_STEI_2016","D05","STEI","STEI_061",,"NEON.PLA.D05.STEI.01005","ok","single shrub","Live",3.2,130,5.4,0.5,,,1.9,1.8,,"ellipsoid or sphere",5.1,10,,,,"B/1XguR/VImkpiciTImn0yyrFfzGHeqw","UuiIeI4+6a4w2V3xx4xXIBtOUNDpdb+M","legacyData"
"4b55765b-e00c-4133-9488-be4dbca5d842","STEI_061.basePlot.vst","2016-11-02","vst_STEI_2016","D05","STEI","STEI_061",,"NEON.PLA.D05.STEI.01053","ok","small shrub","Live",,,1.3,0.6,,,0.5,0.4,,"ellipsoid or sphere",1.3,10,,,,"B/1XguR/VImkpiciTImn0yyrFfzGHeqw","UuiIeI4+6a4w2V3xx4xXIBtOUNDpdb+M","legacyData"
"dcd48d9a-f79e-4feb-b8ef-cb884113b5e2","STEI_061.basePlot.vst","2016-11-02","vst_STEI_2016","D05","STEI","STEI_061",,"NEON.PLA.D05.STEI.01327","ok","single bole tree","Live",23.6,130,13.0,,,,,,,,,,,,,"B/1XguR/VImkpiciTImn0yyrFfzGHeqw","UuiIeI4+6a4w2V3xx4xXIBtOUNDpdb+M","legacyData"
"33df886d-e0f8-42bc-a455-69ddf4203d5d","STEI_061.basePlot.vst","2016-11-02","vst_STEI_2016","D05","STEI","STEI_061",,"NEON.PLA.D05.STEI.01384","ok","sapling","Live",,,0.9,,,,,,,,1.3,10,,,,"B/1XguR/VImkpiciTImn0yyrFfzGHeqw","UuiIeI4+6a4w2V3xx4xXIBtOUNDpdb+M","legacyData"
"a6aced91-c536-4e04-8e19-95c56ddf4495","STEI_053.basePlot.vst","2016-11-02","vst_STEI_2016","D05","STEI","STEI_053",,"NEON.PLA.D05.STEI.01620","ok","single bole tree","Live",11.0,130,10.7,,,,,,,,,,,,,"P9hftDyV5NLbHB2gcoQF666NEvwuiXGq","V35Wye4FvhrxI6uTqmElE4vMuTa4eEyL","legacyData"
"3a920eb7-a9ee-4622-8cba-e47a3be65200","STEI_053.basePlot.vst","2016-11-02","vst_STEI_2016","D05","STEI","STEI_053",,"NEON.PLA.D05.STEI.01611","ok","small shrub","Live",,,0.7,0.2,,,0.4,0.4,,"ellipsoid or sphere",1.3,10,,,,"P9hftDyV5NLbHB2gcoQF666NEvwuiXGq","V35Wye4FvhrxI6uTqmElE4vMuTa4eEyL","legacyData"
"b7d44701-0253-4d0c-964b-e9a617d123c1","STEI_061.basePlot.vst","2016-11-02","vst_STEI_2016","D05","STEI","STEI_061",,"NEON.PLA.D05.STEI.05519","ok","small shrub","Live",,,1.0,,,,0.5,0.3,,"ellipsoid or sphere",1.5,10,,,,"B/1XguR/VImkpiciTImn0yyrFfzGHeqw","UuiIeI4+6a4w2V3xx4xXIBtOUNDpdb+M","legacyData"
"b184808a-c33d-437b-a2ea-380db89f5bd2","STEI_061.basePlot.vst","2016-11-02","vst_STEI_2016","D05","STEI","STEI_061",,"NEON.PLA.D05.STEI.05516","ok","small shrub","Live",,,1.3,0.4,,,0.4,0.4,,"ellipsoid or sphere",1.2,10,,,,"B/1XguR/VImkpiciTImn0yyrFfzGHeqw","UuiIeI4+6a4w2V3xx4xXIBtOUNDpdb+M","legacyData"
"d41d5575-bcfb-402a-a4dd-8c3f7333c98f","STEI_061.basePlot.vst","2016-11-02","vst_STEI_2016","D05","STEI","STEI_061",,"NEON.PLA.D05.STEI.01215","ok","single bole tree","Live",62.1,130,24.5,,,,,,,,,,,,,"B/1XguR/VImkpiciTImn0yyrFfzGHeqw","UuiIeI4+6a4w2V3xx4xXIBtOUNDpdb+M","legacyData"
