uid,namedLocation,domainID,siteID,plotID,plotType,nlcdClass,decimalLatitude,decimalLongitude,geodeticDatum,coordinateUncertainty,elevation,elevationUncertainty,collectDate,eventID,sampleID,sampleCode,samplingMethod,totalSampledArea,targetTaxaPresent,adultCount,nymphCount,larvaCount,sampleCondition,samplingProtocolVersion,measuredBy,remarks
"1d0b50fb-dc78-4125-beb6-4f3451708b6d","HARV_022.tickPlot.tck","D01","HARV","HARV_022","distributed","evergreenForest",42.435462,-72.199291,"WGS84",20.3,186.3,0.3,"2016-07-07T12:33Z","HARV.2016.27","HARV_022.20160707",,"drag and flag",160,"Y",0,5,0,"No known compromise","NEON.DOC.014045vG","b2sefMLliJCkO7SpvYfxceoIH8TeWR8d",
"d7ab143e-146b-41c2-a534-9de357fc115b","HARV_001.tickPlot.tck","D01","HARV","HARV_001","distributed","deciduousForest",42.424227,-72.260097,"WGS84",20.2,201.1,0.3,"2016-07-07T14:11Z","HARV.2016.27","HARV_001.20160707",,"drag and flag",160,"Y",0,2,0,"No known compromise","NEON.DOC.014045vG","s4LYlYd4IKjECPyWRpmGA5yPYSQhQ+2d",
"083789ed-0775-489e-ab23-2ffc368b03e8","HARV_020.tickPlot.tck","D01","HARV","HARV_020","distributed","woodyWetlands",42.438157,-72.228923,"WGS84",20.2,228.3,0.3,"2016-07-07T15:28Z","HARV.2016.27","HARV_020.20160707",,"drag and flag",160,"Y",1,6,0,"No known compromise","NEON.DOC.014045vG","b2sefMLliJCkO7SpvYfxceoIH8TeWR8d",
"33b81cad-6701-43a9-8751-366804105031","HARV_004.tickPlot.tck","D01","HARV","HARV_004","distributed","mixedForest",42.426878,-72.227943,"WGS84",20.3,185.9,0.3,"2016-07-07T16:24Z","HARV.2016.27","HARV_004.20160707",,"drag and flag",160,"Y",1,3,0,"No known compromise","NEON.DOC.014045vG","s4LYlYd4IKjECPyWRpmGA5yPYSQhQ+2d",
"a3940181-6d0b-4161-b930-ea5f1f8460be","HARV_026.tickPlot.tck","D01","HARV","HARV_026","distributed","evergreenForest",42.412068,-72.246529,"WGS84",20.2,185.7,0.3,"2016-07-07T17:14Z","HARV.2016.27","HARV_026.20160707",,"drag and flag",160,"Y",3,1,0,"No known compromise","NEON.DOC.014045vG","b2sefMLliJCkO7SpvYfxceoIH8TeWR8d",
"69be3e4c-00ff-4c10-960b-cd71c3766bc6","HARV_006.tickPlot.tck","D01","HARV","HARV_006","distributed","deciduousForest",42.401938,-72.252716,"WGS84",20.2,190.4,0.3,"2016-07-07T18:09Z","HARV.2016.27","HARV_006.20160707",,"drag and flag",160,"Y",1,0,0,"No known compromise","NEON.DOC.014045vG","s4LYlYd4IKjECPyWRpmGA5yPYSQhQ+2d",
"02550ec6-9bec-47cd-b25f-c5b2716902f8","HARV_022.tickPlot.tck","D01","HARV","HARV_022","distributed","evergreenForest",42.435462,-72.199291,"WGS84",20.3,186.3,0.3,"2016-07-27T12:30Z","HARV.2016.30","HARV_022.20160727",,"drag and flag",160,"Y",0,1,0,"No known compromise","NEON.DOC.014045vG","PseHA6RVdaEfHRZ0YyIznVf0aTDnZPVj",
"38f28478-ffc9-4d12-8566-408657885bae","HARV_004.tickPlot.tck","D01","HARV","HARV_004","distributed","mixedForest",42.426878,-72.227943,"WGS84",20.3,185.9,0.3,"2016-07-27T13:35Z","HARV.2016.30","HARV_004.20160727",,"drag and flag",160,"Y",0,1,0,"No known compromise","NEON.DOC.014045vG","nJ5SLjmo9KloJvxdkZwGIuojNiVtvG/wqD3cm8OvTBY=",
"b05d0408-2d54-497c-be2a-82f07ddc4833","HARV_020.tickPlot.tck","D01","HARV","HARV_020","distributed","woodyWetlands",42.438157,-72.228923,"WGS84",20.2,228.3,0.3,"2016-07-27T14:17Z","HARV.2016.30",,,"drag and flag",160,"N",0,0,0,"No known compromise","NEON.DOC.014045vG","nJ5SLjmo9KloJvxdkZwGIuojNiVtvG/wqD3cm8OvTBY=",
"890e6a18-d7f4-4777-bdea-f9e0e590a8a4","HARV_001.tickPlot.tck","D01","HARV","HARV_001","distributed","deciduousForest",42.424227,-72.260097,"WGS84",20.2,201.1,0.3,"2016-07-27T15:54Z","HARV.2016.30",,,"drag and flag",160,"N",0,0,0,"No known compromise","NEON.DOC.014045vG","nJ5SLjmo9KloJvxdkZwGIuojNiVtvG/wqD3cm8OvTBY=",
"f5936193-dbfb-42ea-9367-589281178bd9","HARV_006.tickPlot.tck","D01","HARV","HARV_006","distributed","deciduousForest",42.401938,-72.252716,"WGS84",20.2,190.4,0.3,"2016-07-27T16:55Z","HARV.2016.30",,,"drag and flag",160,"N",0,0,0,"No known compromise","NEON.DOC.014045vG","nJ5SLjmo9KloJvxdkZwGIuojNiVtvG/wqD3cm8OvTBY=",
"d822a3ba-ec99-4c72-aa1c-ed0da31849ba","HARV_026.tickPlot.tck","D01","HARV","HARV_026","distributed","evergreenForest",42.412068,-72.246529,"WGS84",20.2,185.7,0.3,"2016-07-27T17:30Z","HARV.2016.30",,,"drag and flag",160,"N",0,0,0,"No known compromise","NEON.DOC.014045vG","nJ5SLjmo9KloJvxdkZwGIuojNiVtvG/wqD3cm8OvTBY=",
