uid,namedLocation,domainID,siteID,plotID,plotType,nlcdClass,decimalLatitude,decimalLongitude,geodeticDatum,coordinateUncertainty,elevation,elevationUncertainty,collectDate,eventID,sampleID,sampleCode,samplingMethod,totalSampledArea,targetTaxaPresent,adultCount,nymphCount,larvaCount,sampleCondition,samplingProtocolVersion,measuredBy,remarks
"0bd3de08-a0ce-4c82-bbbe-b4154d93dd8a","LAJA_004.tickPlot.tck","D04","LAJA","LAJA_004","distributed","pastureHay",18.016761,-67.079966,"WGS84",20.1,14.2,0.1,"2017-10-23T12:38Z","LAJA.2017.44",,,"drag",157,"N",0,0,0,,"NEON.DOC.014045vH","llBB5GilomiL3H9rNtINJeX8UHMAu+L47sXe3XmgpK0=","Skipped 3 meters due to muddy terrain"
"6bb9a41d-6848-4ca5-84d4-e8b414ab8800","LAJA_003.tickPlot.tck","D04","LAJA","LAJA_003","distributed","pastureHay",18.024566,-67.081257,"WGS84",20.1,19.8,0.1,"2017-10-23T14:05Z","LAJA.2017.44",,,"drag",160,"N",0,0,0,,"NEON.DOC.014045vH","JYpGqoh1QQ1p5pODTarT01AySkX6zLJm731HDg7Ro1Q=",
"80d90c02-9a81-4bc9-8f35-4ae6df9b13df","LAJA_001.tickPlot.tck","D04","LAJA","LAJA_001","distributed","grasslandHerbaceous",18.025778,-67.076305,"WGS84",20.1,21.9,0.1,"2017-10-23T16:30Z","LAJA.2017.44",,,"drag",160,"N",0,0,0,,"NEON.DOC.014045vH","llBB5GilomiL3H9rNtINJeX8UHMAu+L47sXe3XmgpK0=",
"39c3a035-de2c-4d13-a0f6-c31e21e36070","LAJA_002.tickPlot.tck","D04","LAJA","LAJA_002","distributed","cultivatedCrops",18.034056,-67.073646,"WGS84",20.1,30.6,0.1,"2017-10-24T12:45Z","LAJA.2017.44",,,"drag",143,"N",0,0,0,,"NEON.DOC.014045vH","JYpGqoh1QQ1p5pODTarT01AySkX6zLJm731HDg7Ro1Q=","16 meters skipped due to tall grass"
