uid,namedLocation,plotID,collectDate,identifiedDate,sampleID,subsampleID,scientificName,acceptedTaxonID,taxonRank,family,subfamily,tribe,subtribe,genus,subgenus,specificEpithet,infraspecificEpithet,identificationQualifier,identificationReferences,identificationProtocolVersion,scientificNameAuthorship,sexOrAge,individualCount,sampleCondition,archiveMedium,archiveFacilityID,deprecatedVialID,identifiedBy,laboratoryName,remarks
"ce24df49-2ae2-41ef-9280-f0f35c77ee6f","SCBI_039.tickPlot.tck","SCBI_039","2017-05-02T12:51Z","2018-01-07T17:00Z","SCBI_039.20170502","SCBI_039.20170502.DERVAR.F","Dermacentor variabilis","DERVAR","species","Ixodidae",,,,"Dermacentor",,"variabilis",,,"Yunker, C. E., Keirans, J. E., Clifford, C. M., and E. R. Easton. 1986. Dermacentor ticks (Acari: Ixodoidea: Ixodidae) of the New World: a scanning electron microscope atlas. Proceedings of the Entomological Society of Washington, 88(4):609-627.","GSU_tickIdentification_SOP_2016-11-01.pdf","Say","Female",1,"OK","90% ethanol","USNMENT01358113","SCBI_039.20170502.DERVAR.F","Lorenza Beati","Georgia Southern University","TO PAULA"
"9713b0d2-4e10-4083-8e26-4c5a3e18edb4","SCBI_039.tickPlot.tck","SCBI_039","2017-05-02T12:51Z","2018-01-07T17:00Z","SCBI_039.20170502","SCBI_039.20170502.DERVAR.M","Dermacentor variabilis","DERVAR","species","Ixodidae",,,,"Dermacentor",,"variabilis",,,"Yunker, C. E., Keirans, J. E., Clifford, C. M., and E. R. Easton. 1986. Dermacentor ticks (Acari: Ixodoidea: Ixodidae) of the New World: a scanning electron microscope atlas. Proceedings of the Entomological Society of Washington, 88(4):609-627.","GSU_tickIdentification_SOP_2016-11-01.pdf","Say","Male",3,"OK","90% ethanol","USNMENT01358112","SCBI_039.20170502.DERVAR.M","Lorenza Beati","Georgia Southern University","TO PAULA"
"a6938cc7-999a-40e8-abba-0b0a9510006d","SCBI_039.tickPlot.tck","SCBI_039","2017-05-02T12:51Z","2018-01-07T17:00Z","SCBI_039.20170502","SCBI_039.20170502.AMBAME.N","Amblyomma americanum","AMBAME","species","Ixodidae",,,,"Amblyomma",,"americanum",,,"Cooley, R. A. and G. M. Kohls. 1944. The genus Amblyomma (ixodidae) in the United States. The Journal of Parasitology, 30(2):77-111.","GSU_tickIdentification_SOP_2016-11-01.pdf","Linnaeus","Nymph",2,"OK","90% ethanol","USNMENT01358111","SCBI_039.20170502.AMBAME.N","Lorenza Beati","Georgia Southern University",
"d67b3798-6988-4c4d-9f05-5b7afed8da68","SCBI_006.tickPlot.tck","SCBI_006","2017-05-02T14:06Z","2018-01-07T17:00Z","SCBI_006.20170502","SCBI_006.20170502.AMBAME.N","Amblyomma americanum","AMBAME","species","Ixodidae",,,,"Amblyomma",,"americanum",,,"Cooley, R. A. and G. M. Kohls. 1944. The genus Amblyomma (ixodidae) in the United States. The Journal of Parasitology, 30(2):77-111.","GSU_tickIdentification_SOP_2016-11-01.pdf","Linnaeus","Nymph",2,"OK","90% ethanol","USNMENT01358114","SCBI_006.20170502.AMBAME.N","Lorenza Beati","Georgia Southern University",
"e4659c04-de6f-4bbd-9220-7372c4ba3623","SCBI_006.tickPlot.tck","SCBI_006","2017-05-02T14:06Z","2018-01-07T17:00Z","SCBI_006.20170502","SCBI_006.20170502.DERVAR.M","Dermacentor variabilis","DERVAR","species","Ixodidae",,,,"Dermacentor",,"variabilis",,,"Yunker, C. E., Keirans, J. E., Clifford, C. M., and E. R. Easton. 1986. Dermacentor ticks (Acari: Ixodoidea: Ixodidae) of the New World: a scanning electron microscope atlas. Proceedings of the Entomological Society of Washington, 88(4):609-627.","GSU_tickIdentification_SOP_2016-11-01.pdf","Say","Male",2,"OK","90% ethanol","USNMENT01358115","SCBI_006.20170502.DERVAR.M","Lorenza Beati","Georgia Southern University",
"8b4efba7-0dbb-40fe-9f4e-4a7ba60139dc","SCBI_005.tickPlot.tck","SCBI_005","2017-05-02T15:20Z","2018-01-07T17:00Z","SCBI_005.20170502","SCBI_005.20170502.DERVAR.M","Dermacentor variabilis","DERVAR","species","Ixodidae",,,,"Dermacentor",,"variabilis",,,"Yunker, C. E., Keirans, J. E., Clifford, C. M., and E. R. Easton. 1986. Dermacentor ticks (Acari: Ixodoidea: Ixodidae) of the New World: a scanning electron microscope atlas. Proceedings of the Entomological Society of Washington, 88(4):609-627.","GSU_tickIdentification_SOP_2016-11-01.pdf","Say","Male",1,"OK","90% ethanol","USNMENT01358117","SCBI_005.20170502.DERVAR.M","Lorenza Beati","Georgia Southern University","TO PAULA"
"37a9ff96-f204-4cf0-8573-5d5c5c28fdf0","SCBI_005.tickPlot.tck","SCBI_005","2017-05-02T15:20Z","2018-01-07T17:00Z","SCBI_005.20170502","SCBI_005.20170502.AMBAME.N","Amblyomma americanum","AMBAME","species","Ixodidae",,,,"Amblyomma",,"americanum",,,"Cooley, R. A. and G. M. Kohls. 1944. The genus Amblyomma (ixodidae) in the United States. The Journal of Parasitology, 30(2):77-111.","GSU_tickIdentification_SOP_2016-11-01.pdf","Linnaeus","Nymph",2,"OK","90% ethanol","USNMENT01358116","SCBI_005.20170502.AMBAME.N","Lorenza Beati","Georgia Southern University","found 2 not 3 ticks"
"db33e218-9537-445f-966b-63e2a4df5b1d","SCBI_002.tickPlot.tck","SCBI_002","2017-05-02T17:21Z","2018-01-07T17:00Z","SCBI_002.20170502","SCBI_002.20170502.AMBAME.N","Amblyomma americanum","AMBAME","species","Ixodidae",,,,"Amblyomma",,"americanum",,,"Cooley, R. A. and G. M. Kohls. 1944. The genus Amblyomma (ixodidae) in the United States. The Journal of Parasitology, 30(2):77-111.","GSU_tickIdentification_SOP_2016-11-01.pdf","Linnaeus","Nymph",1,"OK","90% ethanol","USNMENT01358118","SCBI_002.20170502.AMBAME.N","Lorenza Beati","Georgia Southern University",
"d7b96f2d-ac46-45c1-87d5-275ab0c8b93b","SCBI_002.tickPlot.tck","SCBI_002","2017-05-02T17:21Z","2018-01-07T17:00Z","SCBI_002.20170502","SCBI_002.20170502.DERVAR.F","Dermacentor variabilis","DERVAR","species","Ixodidae",,,,"Dermacentor",,"variabilis",,,"Yunker, C. E., Keirans, J. E., Clifford, C. M., and E. R. Easton. 1986. Dermacentor ticks (Acari: Ixodoidea: Ixodidae) of the New World: a scanning electron microscope atlas. Proceedings of the Entomological Society of Washington, 88(4):609-627.","GSU_tickIdentification_SOP_2016-11-01.pdf","Say","Female",1,"OK","90% ethanol","USNMENT01358119","SCBI_002.20170502.DERVAR.F","Lorenza Beati","Georgia Southern University","TO PAULA"
"136d0968-da2b-4089-99b7-d0ea8dbf9d85","SCBI_007.tickPlot.tck","SCBI_007","2017-05-02T18:44Z","2018-01-07T17:00Z","SCBI_007.20170502","SCBI_007.20170502.AMBAME.N","Amblyomma americanum","AMBAME","species","Ixodidae",,,,"Amblyomma",,"americanum",,,"Cooley, R. A. and G. M. Kohls. 1944. The genus Amblyomma (ixodidae) in the United States. The Journal of Parasitology, 30(2):77-111.","GSU_tickIdentification_SOP_2016-11-01.pdf","Linnaeus","Nymph",2,"OK","90% ethanol","USNMENT01358120","SCBI_007.20170502.AMBAME.N","Lorenza Beati","Georgia Southern University",
"8376a2a5-c8d5-42cf-b759-f09b6e13a01b","SCBI_007.tickPlot.tck","SCBI_007","2017-05-02T18:44Z","2018-01-07T17:00Z","SCBI_007.20170502","SCBI_007.20170502.DERVAR.F","Dermacentor variabilis","DERVAR","species","Ixodidae",,,,"Dermacentor",,"variabilis",,,"Yunker, C. E., Keirans, J. E., Clifford, C. M., and E. R. Easton. 1986. Dermacentor ticks (Acari: Ixodoidea: Ixodidae) of the New World: a scanning electron microscope atlas. Proceedings of the Entomological Society of Washington, 88(4):609-627.","GSU_tickIdentification_SOP_2016-11-01.pdf","Say","Female",1,"OK","90% ethanol","USNMENT01358121","SCBI_007.20170502.DERVAR.F","Lorenza Beati","Georgia Southern University","TO PAULA"
"71c1e877-ab37-427a-9e8c-72ea9bc1e1ee","SCBI_013.tickPlot.tck","SCBI_013","2017-05-02T20:02Z","2018-01-07T17:00Z","SCBI_013.20170502","SCBI_013.20170502.IXOSCA.N","Ixodes scapularis","IXOSCA","species","Ixodidae",,,,"Ixodes",,"scapularis",,,"Cooley, R. A. and G. M. Kohls. 1945. The genus Ixodes in North America. National Institute of Health Bulletin, 184.","GSU_tickIdentification_SOP_2016-11-01.pdf","Say","Nymph",1,"OK","90% ethanol","USNMENT01358123","SCBI_013.20170502.IXOSCA.N","Lorenza Beati","Georgia Southern University",
"44b32d36-0425-4e76-b2d7-80d1c959003a","SCBI_013.tickPlot.tck","SCBI_013","2017-05-02T20:02Z","2018-01-07T17:00Z","SCBI_013.20170502","SCBI_013.20170502.AMBAME.N","Amblyomma americanum","AMBAME","species","Ixodidae",,,,"Amblyomma",,"americanum",,,"Cooley, R. A. and G. M. Kohls. 1944. The genus Amblyomma (ixodidae) in the United States. The Journal of Parasitology, 30(2):77-111.","GSU_tickIdentification_SOP_2016-11-01.pdf","Linnaeus","Nymph",3,"OK","90% ethanol","USNMENT01358122","SCBI_013.20170502.AMBAME.N","Lorenza Beati","Georgia Southern University",
"6b327f8f-2301-4462-b126-c00cc339333f","SCBI_039.tickPlot.tck","SCBI_039","2017-05-30T17:54Z","2018-01-02T17:00Z","SCBI_039.20170530","SCBI_039.20170530.AMBAME.N","Amblyomma americanum","AMBAME","species","Ixodidae",,,,"Amblyomma",,"americanum",,,"Cooley, R. A. and G. M. Kohls. 1944. The genus Amblyomma (ixodidae) in the United States. The Journal of Parasitology, 30(2):77-111.","GSU_tickIdentification_SOP_2016-11-01.pdf","Linnaeus","Nymph",7,"OK","90% ethanol","USNMENT01358458","SCBI_039.20170530.AMBAME.N","Lorenza Beati","Georgia Southern University",
"fdfc7401-2a96-47ed-9869-ead845a63541","SCBI_039.tickPlot.tck","SCBI_039","2017-05-30T17:54Z","2018-09-15T17:00Z","SCBI_039.20170530","SCBI_039.20170530.HAELON.N","Haemaphysalis longicornis","HAELON","species","Ixodidae",,,,"Haemaphysalis",,"longicornis",,,,"GSU_tickIdentification_SOP_2016-11-01.pdf",,"Nymph",2,"OK","90% ethanol","USNMENT01358459","SCBI_039.20170530.HAELEP.N","Lorenza Beati","Georgia Southern University",
"11501215-182f-45d3-9549-5fa25ef9697b","SCBI_006.tickPlot.tck","SCBI_006","2017-05-31T15:00Z","2018-01-02T17:00Z","SCBI_006.20170531","SCBI_006.20170531.AMBAME.N","Amblyomma americanum","AMBAME","species","Ixodidae",,,,"Amblyomma",,"americanum",,,"Cooley, R. A. and G. M. Kohls. 1944. The genus Amblyomma (ixodidae) in the United States. The Journal of Parasitology, 30(2):77-111.","GSU_tickIdentification_SOP_2016-11-01.pdf","Linnaeus","Nymph",1,"OK","90% ethanol","USNMENT01358457","SCBI_006.20170531.AMBAME.N","Lorenza Beati","Georgia Southern University",
"0e5672d3-8cf2-47f2-813d-82c8fb937b92","SCBI_002.tickPlot.tck","SCBI_002","2017-05-31T15:53Z","2018-01-02T17:00Z","SCBI_002.20170531","SCBI_002.20170531.IXOSCA.N","Ixodes scapularis","IXOSCA","species","Ixodidae",,,,"Ixodes",,"scapularis",,,"Cooley, R. A. and G. M. Kohls. 1945. The genus Ixodes in North America. National Institute of Health Bulletin, 184.","GSU_tickIdentification_SOP_2016-11-01.pdf","Say","Nymph",5,"OK","90% ethanol","USNMENT01358444","SCBI_002.20170531.IXOSCA.N","Lorenza Beati","Georgia Southern University",
"11472c56-1c3c-42f4-a4a5-92bd8d0ac1b2","SCBI_002.tickPlot.tck","SCBI_002","2017-05-31T15:53Z","2018-01-02T17:00Z","SCBI_002.20170531","SCBI_002.20170531.AMBAME.N","Amblyomma americanum","AMBAME","species","Ixodidae",,,,"Amblyomma",,"americanum",,,"Cooley, R. A. and G. M. Kohls. 1944. The genus Amblyomma (ixodidae) in the United States. The Journal of Parasitology, 30(2):77-111.","GSU_tickIdentification_SOP_2016-11-01.pdf","Linnaeus","Nymph",2,"OK","90% ethanol","USNMENT01358443","SCBI_002.20170531.AMBAME.N","Lorenza Beati","Georgia Southern University",
"7dee10e2-a468-44d5-991c-094a62f3dce5","SCBI_007.tickPlot.tck","SCBI_007","2017-05-31T17:32Z","2018-01-02T17:00Z","SCBI_007.20170531","SCBI_007.20170531.AMBAME.M","Amblyomma americanum","AMBAME","species","Ixodidae",,,,"Amblyomma",,"americanum",,,"Cooley, R. A. and G. M. Kohls. 1944. The genus Amblyomma (ixodidae) in the United States. The Journal of Parasitology, 30(2):77-111.","GSU_tickIdentification_SOP_2016-11-01.pdf","Linnaeus","Male",1,"OK","90% ethanol","USNMENT01358434","SCBI_007.20170531.AMBAME.M","Lorenza Beati","Georgia Southern University","TO PAULA"
"9567d22f-cd9b-46f3-8cfe-e50955d4fa78","SCBI_007.tickPlot.tck","SCBI_007","2017-05-31T17:32Z","2018-01-02T17:00Z","SCBI_007.20170531","SCBI_007.20170531.IXOSCA.N","Ixodes scapularis","IXOSCA","species","Ixodidae",,,,"Ixodes",,"scapularis",,,"Cooley, R. A. and G. M. Kohls. 1945. The genus Ixodes in North America. National Institute of Health Bulletin, 184.","GSU_tickIdentification_SOP_2016-11-01.pdf","Say","Nymph",4,"OK","90% ethanol","USNMENT01358431","SCBI_007.20170531.IXOSCA.N","Lorenza Beati","Georgia Southern University",
"e6e30882-4c2f-4a32-9aba-f7e67d09889c","SCBI_007.tickPlot.tck","SCBI_007","2017-05-31T17:32Z","2018-01-02T17:00Z","SCBI_007.20170531","SCBI_007.20170531.DERVAR.F","Dermacentor variabilis","DERVAR","species","Ixodidae",,,,"Dermacentor",,"variabilis",,,"Yunker, C. E., Keirans, J. E., Clifford, C. M., and E. R. Easton. 1986. Dermacentor ticks (Acari: Ixodoidea: Ixodidae) of the New World: a scanning electron microscope atlas. Proceedings of the Entomological Society of Washington, 88(4):609-627.","GSU_tickIdentification_SOP_2016-11-01.pdf","Say","Female",1,"OK","90% ethanol","USNMENT01358433","SCBI_007.20170531.DERVAR.F","Lorenza Beati","Georgia Southern University","TO PAULA"
"96a241ba-cc62-4902-97a3-86ef43904f8d","SCBI_007.tickPlot.tck","SCBI_007","2017-05-31T17:32Z","2018-01-02T17:00Z","SCBI_007.20170531","SCBI_007.20170531.DERVAR.M","Dermacentor variabilis","DERVAR","species","Ixodidae",,,,"Dermacentor",,"variabilis",,,"Yunker, C. E., Keirans, J. E., Clifford, C. M., and E. R. Easton. 1986. Dermacentor ticks (Acari: Ixodoidea: Ixodidae) of the New World: a scanning electron microscope atlas. Proceedings of the Entomological Society of Washington, 88(4):609-627.","GSU_tickIdentification_SOP_2016-11-01.pdf","Say","Male",2,"OK","90% ethanol","USNMENT01358432","SCBI_007.20170531.DERVAR.M","Lorenza Beati","Georgia Southern University",
"cdcf8d08-b3fe-42c0-bd11-139c9db14f31","SCBI_007.tickPlot.tck","SCBI_007","2017-05-31T17:32Z","2018-09-15T17:00Z","SCBI_007.20170531","SCBI_007.20170531.HAELON.N","Haemaphysalis longicornis","HAELON","species","Ixodidae",,,,"Haemaphysalis",,"longicornis",,,,"GSU_tickIdentification_SOP_2016-11-01.pdf",,"Nymph",1,"OK","90% ethanol","USNMENT01358430","SCBI_007.20170531.HAELEP.N","Lorenza Beati","Georgia Southern University",
"52550352-1757-4d5b-a3ac-8f220fbc486c","SCBI_013.tickPlot.tck","SCBI_013","2017-05-31T19:00Z","2018-01-02T17:00Z","SCBI_013.20170531","SCBI_013.20170531.DERVAR.M","Dermacentor variabilis","DERVAR","species","Ixodidae",,,,"Dermacentor",,"variabilis",,,"Yunker, C. E., Keirans, J. E., Clifford, C. M., and E. R. Easton. 1986. Dermacentor ticks (Acari: Ixodoidea: Ixodidae) of the New World: a scanning electron microscope atlas. Proceedings of the Entomological Society of Washington, 88(4):609-627.","GSU_tickIdentification_SOP_2016-11-01.pdf","Say","Male",1,"OK","90% ethanol","USNMENT01358440","SCBI_013.20170531.DERVAR.M","Lorenza Beati","Georgia Southern University",
"aca5521c-e077-457e-baaf-4c0089e7fb55","SCBI_013.tickPlot.tck","SCBI_013","2017-05-31T19:00Z","2018-01-02T17:00Z","SCBI_013.20170531","SCBI_013.20170531.IXOSCA.N","Ixodes scapularis","IXOSCA","species","Ixodidae",,,,"Ixodes",,"scapularis",,,"Cooley, R. A. and G. M. Kohls. 1945. The genus Ixodes in North America. National Institute of Health Bulletin, 184.","GSU_tickIdentification_SOP_2016-11-01.pdf","Say","Nymph",13,"OK","90% ethanol","USNMENT01358439","SCBI_013.20170531.IXOSCA.N","Lorenza Beati","Georgia Southern University","found 13 not 14 ticks in vial"
"8e1ee28b-7d0d-4a5a-bc74-d5a597bbd065","SCBI_013.tickPlot.tck","SCBI_013","2017-05-31T19:00Z","2018-01-02T17:00Z","SCBI_013.20170531","SCBI_013.20170531.AMBAME.M","Amblyomma americanum","AMBAME","species","Ixodidae",,,,"Amblyomma",,"americanum",,,"Cooley, R. A. and G. M. Kohls. 1944. The genus Amblyomma (ixodidae) in the United States. The Journal of Parasitology, 30(2):77-111.","GSU_tickIdentification_SOP_2016-11-01.pdf","Linnaeus","Male",3,"OK","90% ethanol","USNMENT01358441","SCBI_013.20170531.AMBAME.M","Lorenza Beati","Georgia Southern University","add RML TO PAULA"
"6af53e84-4e21-48fa-ad57-d502eeba3830","SCBI_013.tickPlot.tck","SCBI_013","2017-05-31T19:00Z","2018-01-02T17:00Z","SCBI_013.20170531","SCBI_013.20170531.AMBAME.F","Amblyomma americanum","AMBAME","species","Ixodidae",,,,"Amblyomma",,"americanum",,,"Cooley, R. A. and G. M. Kohls. 1944. The genus Amblyomma (ixodidae) in the United States. The Journal of Parasitology, 30(2):77-111.","GSU_tickIdentification_SOP_2016-11-01.pdf","Linnaeus","Female",1,"OK","90% ethanol","USNMENT01358442","SCBI_013.20170531.AMBAME.F","Lorenza Beati","Georgia Southern University","TO PAULA"
"5d0c9322-e41c-4953-a68e-b3c301872c6b","SCBI_013.tickPlot.tck","SCBI_013","2017-05-31T19:00Z","2018-01-02T17:00Z","SCBI_013.20170531","SCBI_013.20170531.AMBAME.N","Amblyomma americanum","AMBAME","species","Ixodidae",,,,"Amblyomma",,"americanum",,,"Cooley, R. A. and G. M. Kohls. 1944. The genus Amblyomma (ixodidae) in the United States. The Journal of Parasitology, 30(2):77-111.","GSU_tickIdentification_SOP_2016-11-01.pdf","Linnaeus","Nymph",18,"OK","90% ethanol","USNMENT01358438","SCBI_013.20170531.AMBAME.N","Lorenza Beati","Georgia Southern University",
"846bc396-7bbe-4d86-a7e3-308adfcba98e","SCBI_005.tickPlot.tck","SCBI_005","2017-05-31T20:52Z","2018-01-02T17:00Z","SCBI_005.20170531","SCBI_005.20170531.AMBAME.N","Amblyomma americanum","AMBAME","species","Ixodidae",,,,"Amblyomma",,"americanum",,,"Cooley, R. A. and G. M. Kohls. 1944. The genus Amblyomma (ixodidae) in the United States. The Journal of Parasitology, 30(2):77-111.","GSU_tickIdentification_SOP_2016-11-01.pdf","Linnaeus","Nymph",5,"OK","90% ethanol","USNMENT01358451","SCBI_005.20170531.AMBAME.N","Lorenza Beati","Georgia Southern University",
"f504fec7-5989-4e16-96fb-e287eda819c1","SCBI_005.tickPlot.tck","SCBI_005","2017-05-31T20:52Z","2018-01-02T17:00Z","SCBI_005.20170531","SCBI_005.20170531.DERVAR.M","Dermacentor variabilis","DERVAR","species","Ixodidae",,,,"Dermacentor",,"variabilis",,,"Yunker, C. E., Keirans, J. E., Clifford, C. M., and E. R. Easton. 1986. Dermacentor ticks (Acari: Ixodoidea: Ixodidae) of the New World: a scanning electron microscope atlas. Proceedings of the Entomological Society of Washington, 88(4):609-627.","GSU_tickIdentification_SOP_2016-11-01.pdf","Say","Male",1,"OK","90% ethanol","USNMENT01358449","SCBI_005.20170531.DERVAR.M","Lorenza Beati","Georgia Southern University","TO PAULA"
"0633cad0-dcd5-4dc1-bc3f-fa09d89913cd","SCBI_005.tickPlot.tck","SCBI_005","2017-05-31T20:52Z","2018-01-02T17:00Z","SCBI_005.20170531","SCBI_005.20170531.AMBAME.F","Amblyomma americanum","AMBAME","species","Ixodidae",,,,"Amblyomma",,"americanum",,,"Cooley, R. A. and G. M. Kohls. 1944. The genus Amblyomma (ixodidae) in the United States. The Journal of Parasitology, 30(2):77-111.","GSU_tickIdentification_SOP_2016-11-01.pdf","Linnaeus","Female",1,"OK","90% ethanol","USNMENT01358448","SCBI_005.20170531.AMBAME.F","Lorenza Beati","Georgia Southern University","TO PAULA"
"d8d43e96-602b-4e51-a76a-9182b8e19811","SCBI_005.tickPlot.tck","SCBI_005","2017-05-31T20:52Z","2018-01-02T17:00Z","SCBI_005.20170531","SCBI_005.20170531.AMBAME.M","Amblyomma americanum","AMBAME","species","Ixodidae",,,,"Amblyomma",,"americanum",,,"Cooley, R. A. and G. M. Kohls. 1944. The genus Amblyomma (ixodidae) in the United States. The Journal of Parasitology, 30(2):77-111.","GSU_tickIdentification_SOP_2016-11-01.pdf","Linnaeus","Male",1,"OK","90% ethanol","USNMENT01358450","SCBI_005.20170531.AMBAME.M","Lorenza Beati","Georgia Southern University","TO PAULA"
