uid,namedLocation,domainID,siteID,plotID,plotType,nlcdClass,decimalLatitude,decimalLongitude,geodeticDatum,coordinateUncertainty,elevation,elevationUncertainty,collectDate,eventID,sampleID,sampleCode,samplingMethod,totalSampledArea,targetTaxaPresent,adultCount,nymphCount,larvaCount,sampleCondition,samplingProtocolVersion,measuredBy,remarks
"401859d6-4d2c-41c8-832d-7c42741bdd96","SCBI_039.tickPlot.tck","D02","SCBI","SCBI_039","distributed","pastureHay",38.896433,-78.166542,"WGS84",20.1,330.8,0.1,"2017-05-02T12:51Z","SCBI.2017.19","SCBI_039.20170502",,"drag and flag",155,"Y",4,2,0,"No known compromise","NEON.DOC.014045vH","dMVZgSbiazVu0oXyzneal5IPnECwOfLe",
"ea35ebe8-bebf-4e11-8612-bf867cd64e98","SCBI_006.tickPlot.tck","D02","SCBI","SCBI_006","distributed","pastureHay",38.897080,-78.150277,"WGS84",20.1,277.1,0.1,"2017-05-02T14:06Z","SCBI.2017.19","SCBI_006.20170502",,"drag",167,"Y",2,2,0,"No known compromise","NEON.DOC.014045vH","dMVZgSbiazVu0oXyzneal5IPnECwOfLe",
"6941452d-e381-4e1e-97ce-3ef045a0a429","SCBI_005.tickPlot.tck","D02","SCBI","SCBI_005","distributed","deciduousForest",38.901859,-78.161940,"WGS84",20.2,263.6,0.3,"2017-05-02T15:20Z","SCBI.2017.19","SCBI_005.20170502",,"drag and flag",140,"Y",1,3,0,"No known compromise","NEON.DOC.014045vH","2CALKs4JNjmK3iYT4PUVEer6DObkBehF",
"825218e0-105b-4146-8618-16c9fc127d67","SCBI_002.tickPlot.tck","D02","SCBI","SCBI_002","distributed","deciduousForest",38.893863,-78.142704,"WGS84",20.2,327.7,0.2,"2017-05-02T17:21Z","SCBI.2017.19","SCBI_002.20170502",,"drag",160,"Y",1,1,0,"No known compromise","NEON.DOC.014045vH","dMVZgSbiazVu0oXyzneal5IPnECwOfLe",
"9f3c9ad9-934a-420e-ba9b-04c6718d8305","SCBI_007.tickPlot.tck","D02","SCBI","SCBI_007","distributed","deciduousForest",38.886013,-78.129365,"WGS84",20.2,428.3,0.2,"2017-05-02T18:44Z","SCBI.2017.19","SCBI_007.20170502",,"drag and flag",140,"Y",1,2,0,"No known compromise","NEON.DOC.014045vH","2CALKs4JNjmK3iYT4PUVEer6DObkBehF","Lots of thorns and Smilax"
"09bf1b02-9a76-4ec0-8ea0-4f1fcd71ea5a","SCBI_013.tickPlot.tck","D02","SCBI","SCBI_013","distributed","deciduousForest",38.873041,-78.163313,"WGS84",20.2,361.3,0.3,"2017-05-02T20:02Z","SCBI.2017.19","SCBI_013.20170502",,"drag",162,"Y",0,4,0,"No known compromise","NEON.DOC.014045vH","dMVZgSbiazVu0oXyzneal5IPnECwOfLe",
"e15cf36c-db80-4907-80a5-cd7dc12c4873","SCBI_039.tickPlot.tck","D02","SCBI","SCBI_039","distributed","pastureHay",38.896433,-78.166542,"WGS84",20.1,330.8,0.1,"2017-05-30T17:54Z","SCBI.2017.23","SCBI_039.20170530",,"drag",130,"Y",0,9,0,"No known compromise","NEON.DOC.014045vH","ena7GLJui5s1h8moQAQPw3Qj2+mVdivS",
"959d5fc8-9dcb-4c48-9916-f7ab319ad089","SCBI_006.tickPlot.tck","D02","SCBI","SCBI_006","distributed","pastureHay",38.897080,-78.150277,"WGS84",20.1,277.1,0.1,"2017-05-31T15:00Z","SCBI.2017.23","SCBI_006.20170531",,"drag",162,"Y",0,1,0,"No known compromise","NEON.DOC.014045vH","65MrXCKZ6BZHMIpBwLFSzI3B2iyqckQKC2QVdjxfI44=",
"3cd73492-f60a-430f-af29-c53ad067c0a4","SCBI_002.tickPlot.tck","D02","SCBI","SCBI_002","distributed","deciduousForest",38.893863,-78.142704,"WGS84",20.2,327.7,0.2,"2017-05-31T15:53Z","SCBI.2017.23","SCBI_002.20170531",,"drag",160,"Y",0,7,0,"No known compromise","NEON.DOC.014045vH","/AhbGCCF27wHz9TggrmS1nLN8zUO+zcB",
"08dc8077-0b01-452d-8a9f-55164d23ac6a","SCBI_007.tickPlot.tck","D02","SCBI","SCBI_007","distributed","deciduousForest",38.886013,-78.129365,"WGS84",20.2,428.3,0.2,"2017-05-31T17:32Z","SCBI.2017.23","SCBI_007.20170531",,"drag",125,"Y",4,5,0,"No known compromise","NEON.DOC.014045vH","65MrXCKZ6BZHMIpBwLFSzI3B2iyqckQKC2QVdjxfI44=",
"25fa10d8-b97d-41ac-9b00-0f03e06b890f","SCBI_013.tickPlot.tck","D02","SCBI","SCBI_013","distributed","deciduousForest",38.873041,-78.163313,"WGS84",20.2,361.3,0.3,"2017-05-31T19:00Z","SCBI.2017.23","SCBI_013.20170531",,"drag",161,"Y",5,32,0,"No known compromise","NEON.DOC.014045vH","/AhbGCCF27wHz9TggrmS1nLN8zUO+zcB",
"c903b381-d09f-45f0-97f5-3fb3a1423806","SCBI_005.tickPlot.tck","D02","SCBI","SCBI_005","distributed","deciduousForest",38.901859,-78.161940,"WGS84",20.2,263.6,0.3,"2017-05-31T20:52Z","SCBI.2017.23","SCBI_005.20170531",,"drag",145,"Y",3,5,0,"No known compromise","NEON.DOC.014045vH","65MrXCKZ6BZHMIpBwLFSzI3B2iyqckQKC2QVdjxfI44=",
