uid,namedLocation,domainID,siteID,plotID,plotType,nlcdClass,decimalLatitude,decimalLongitude,geodeticDatum,coordinateUncertainty,elevation,elevationUncertainty,collectDate,eventID,sampleID,sampleCode,samplingMethod,totalSampledArea,targetTaxaPresent,adultCount,nymphCount,larvaCount,sampleCondition,samplingProtocolVersion,measuredBy,remarks
"f1c0fd53-ddd4-406c-ac36-985637aa2a22","DELA_005.tickPlot.tck","D08","DELA","DELA_005","distributed","woodyWetlands",32.524379,-87.813851,"WGS84",20.1,27.0,0.3,"2018-03-09T16:08Z","DELA.2018.10",,,"drag and flag",160,"N",0,0,0,,"NEON.DOC.014045vJ","BDzq2IAJfRwsrXnG+WJfFzkBkbtaDALAaR+O7WZv4cM=",
"8862f985-cbe5-4300-a62d-111c800135cb","DELA_007.tickPlot.tck","D08","DELA","DELA_007","distributed","woodyWetlands",32.538957,-87.799922,"WGS84",20.2,25.7,0.2,"2018-03-09T16:16Z","DELA.2018.10",,,"drag",82,"N",0,0,0,,"NEON.DOC.014045vJ","Ty5ktdGiRSqkqUWm9Npw4JAlXmlUMfF/XyCnO5fUs8Q=","Portions of transect flooded"
"d68b50be-77ba-4b62-9762-e225735ca997","DELA_016.tickPlot.tck","D08","DELA","DELA_016","distributed","evergreenForest",32.536850,-87.806995,"WGS84",20.2,23.6,0.3,"2018-03-09T16:56Z","DELA.2018.10",,,"drag",160,"N",0,0,0,,"NEON.DOC.014045vJ","Ty5ktdGiRSqkqUWm9Npw4JAlXmlUMfF/XyCnO5fUs8Q=",
"2162e602-70b8-481c-bd9e-161ebe78be63","DELA_014.tickPlot.tck","D08","DELA","DELA_014","distributed","evergreenForest",32.530627,-87.819367,"WGS84",20.2,33.0,0.2,"2018-03-09T17:11Z","DELA.2018.10",,,"drag",111,"N",0,0,0,,"NEON.DOC.014045vJ","BDzq2IAJfRwsrXnG+WJfFzkBkbtaDALAaR+O7WZv4cM=","east side of plot inundated with water"
"9651d553-aeab-4b54-8278-d301d3d8c57f","DELA_008.tickPlot.tck","D08","DELA","DELA_008","distributed","woodyWetlands",32.538884,-87.814145,"WGS84",20.1,24.5,0.2,"2018-03-27T14:42Z","DELA.2018.13",,,"drag and flag",160,"N",0,0,0,,"NEON.DOC.014045vJ","5xnpZY6RWQXfIcA73Yt35xUCFBfitt36GhvlLe6b6lWMQTOe3VOuNA==",
"e5fa1d22-8850-49bb-8d4e-d3f325328589","DELA_014.tickPlot.tck","D08","DELA","DELA_014","distributed","evergreenForest",32.530627,-87.819367,"WGS84",20.2,33.0,0.2,"2018-03-27T15:35Z","DELA.2018.13",,,"drag",160,"N",0,0,0,,"NEON.DOC.014045vJ","e4mK0Nb933ORoTt9P0Pn8vNjKiO14aziQXlYMjv7H1k=",
"c966e522-3813-4c53-ba43-d4b5209fe8dc","DELA_007.tickPlot.tck","D08","DELA","DELA_007","distributed","woodyWetlands",32.538957,-87.799922,"WGS84",20.2,25.7,0.2,"2018-03-27T16:48Z","DELA.2018.13",,,"drag",95,"N",0,0,0,,"NEON.DOC.014045vJ","e4mK0Nb933ORoTt9P0Pn8vNjKiO14aziQXlYMjv7H1k=",
"89de40da-afcd-420b-85a5-84cd487fe816","DELA_016.tickPlot.tck","D08","DELA","DELA_016","distributed","evergreenForest",32.536850,-87.806995,"WGS84",20.2,23.6,0.3,"2018-03-27T17:25Z","DELA.2018.13",,,"drag",160,"N",0,0,0,,"NEON.DOC.014045vJ","5xnpZY6RWQXfIcA73Yt35xUCFBfitt36GhvlLe6b6lWMQTOe3VOuNA==",
"2959da17-2449-4524-a3f8-5748ca09df14","DELA_001.tickPlot.tck","D08","DELA","DELA_001","distributed","woodyWetlands",32.533269,-87.805425,"WGS84",20.2,27.5,0.3,"2018-03-27T18:16Z","DELA.2018.13",,,"drag",85,"N",0,0,0,,"NEON.DOC.014045vJ","e4mK0Nb933ORoTt9P0Pn8vNjKiO14aziQXlYMjv7H1k=",
"2d808981-02b4-43b1-9b63-b759910eb697","DELA_005.tickPlot.tck","D08","DELA","DELA_005","distributed","woodyWetlands",32.524379,-87.813851,"WGS84",20.1,27.0,0.3,"2018-03-27T19:03Z","DELA.2018.13",,,"drag and flag",160,"N",0,0,0,,"NEON.DOC.014045vJ","5xnpZY6RWQXfIcA73Yt35xUCFBfitt36GhvlLe6b6lWMQTOe3VOuNA==",
