uid,namedLocation,date,domainID,siteID,plotID,plotType,nlcdClass,decimalLatitude,decimalLongitude,geodeticDatum,coordinateUncertainty,easting,northing,utmZone,elevation,elevationUncertainty,eventID,samplingProtocolVersion,treesPresent,treesAbsentList,shrubsPresent,shrubsAbsentList,lianasPresent,lianasAbsentList,nestedSubplotAreaShrubSapling,nestedSubplotAreaLiana,totalSampledAreaTrees,totalSampledAreaShrubSapling,totalSampledAreaLiana,remarks,measuredBy,recordedBy,dataQF
"986ad04b-7a49-4a18-b759-0019ccde3f02","ABBY_075.basePlot.vst","2016-08-02","D16","ABBY","ABBY_075","tower","shrubScrub",45.762125,-122.323463,"WGS84",20.1,552609.83,5067841.04,"10N",343.6,0.1,"vst_ABBY_2016","NEON.DOC.000987vE","Y","presentInAll","Y",,"N",,"25","noneSelected",800,100,800,,"Q4o8tWAhjVwOyekQ+1tRCYVn1WwJXiVR","XZoPj1u9UmznO7Lakic/e+h3MMLMvbQt",
"def28c76-cefd-4f9d-afff-053e460a9039","ABBY_070.basePlot.vst","2016-08-15","D16","ABBY","ABBY_070","tower","evergreenForest",45.761364,-122.330792,"WGS84",20.1,552040.61,5067751.69,"10N",364.3,0.1,"vst_ABBY_2016","NEON.DOC.000987vE","Y",,"Y",,"N",,"100","noneSelected",800,400,800,,"Mvo1bt03JMQGnUSOZfuCuKiPzECGjdoQ","9LLQP2zAGBxvuMR8VfqNBDkoxuflTlB1mTYNJb/lQSw=",
"731dc7c0-df7b-4e73-8d4b-7e04d3730792","ABBY_061.basePlot.vst","2016-08-16","D16","ABBY","ABBY_061","tower","evergreenForest",45.762451,-122.331158,"WGS84",20.1,552011.14,5067872.22,"10N",362.8,0.1,"vst_ABBY_2016","NEON.DOC.000987vE","Y",,"Y",,"N",,"100","noneSelected",800,400,800,,"a/0SlN26fEtmJ3LLysIxkaRUfZvckIBE","44cxFOBMZI22hWVpb15dHmbzDXzecVK4",
"aded4bc4-78e8-4f87-a983-cd5d15bd897c","ABBY_069.basePlot.vst","2016-08-23","D16","ABBY","ABBY_069","tower","grasslandHerbaceous",45.761620,-122.327336,"WGS84",20.1,552309.12,5067782.39,"10N",369.0,0.1,"vst_ABBY_2016","NEON.DOC.000987vE","Y","presentInAll","Y","presentInAll","N",,"100","noneSelected",800,400,800,,"44cxFOBMZI22hWVpb15dHmbzDXzecVK4","9LLQP2zAGBxvuMR8VfqNBDkoxuflTlB1mTYNJb/lQSw=",
"1450705b-06d3-4531-9c00-af13f2f98d78","ABBY_068.basePlot.vst","2016-08-25","D16","ABBY","ABBY_068","tower","evergreenForest",45.760541,-122.328492,"WGS84",20.1,552220.23,5067661.76,"10N",366.6,0.1,"vst_ABBY_2016","NEON.DOC.000987vE","Y","presentInAll","Y","presentInAll","N",,"25","noneSelected",800,100,800,,"44cxFOBMZI22hWVpb15dHmbzDXzecVK4","Q4o8tWAhjVwOyekQ+1tRCYVn1WwJXiVR",
"e5209e45-6d08-4396-acd3-5cf2c8f5b939","ABBY_064.basePlot.vst","2016-08-25","D16","ABBY","ABBY_064","tower","grasslandHerbaceous",45.762429,-122.328467,"WGS84",20.1,552220.42,5067871.53,"10N",361.1,0.1,"vst_ABBY_2016","NEON.DOC.000987vE","Y","presentInAll","Y","presentInAll","N",,"25","noneSelected",800,100,800,"subplot size reduced from last year","44cxFOBMZI22hWVpb15dHmbzDXzecVK4","Q4o8tWAhjVwOyekQ+1tRCYVn1WwJXiVR",
"0513655e-46de-4c95-8b4b-d0ff8fd0b0d0","ABBY_067.basePlot.vst","2016-08-31","D16","ABBY","ABBY_067","tower","evergreenForest",45.760563,-122.331558,"WGS84",20.1,551981.78,5067662.20,"10N",359.9,0.1,"vst_ABBY_2016","NEON.DOC.000987vE","Y","presentInAll","Y","presentInAll","N",,"25","noneSelected",800,100,800,,"Mvo1bt03JMQGnUSOZfuCuKiPzECGjdoQ","44cxFOBMZI22hWVpb15dHmbzDXzecVK4",
"621f7f65-f391-4479-a2a0-046ae8dd9d33","ABBY_065.basePlot.vst","2016-08-31","D16","ABBY","ABBY_065","tower","grasslandHerbaceous",45.762196,-122.333084,"WGS84",20.1,551861.60,5067842.64,"10N",357.0,0.1,"vst_ABBY_2016","NEON.DOC.000987vE","Y","presentInAll","Y","presentInAll","N",,"100","noneSelected",800,400,800,,"44cxFOBMZI22hWVpb15dHmbzDXzecVK4","Mvo1bt03JMQGnUSOZfuCuKiPzECGjdoQ",
