uid,namedLocation,date,eventID,domainID,siteID,plotID,subplotID,individualID,tagStatus,growthForm,plantStatus,stemDiameter,measurementHeight,height,baseCrownHeight,breakHeight,breakDiameter,maxCrownDiameter,ninetyCrownDiameter,canopyPosition,shape,basalStemDiameter,basalStemDiameterMsrmntHeight,maxBaseCrownDiameter,ninetyBaseCrownDiameter,remarks,recordedBy,measuredBy,dataQF
"27bb4c56-9c73-4e4f-a863-f12a40e3c5eb","ABBY_075.basePlot.vst","2016-08-03","vst_ABBY_2016","D16","ABBY","ABBY_075",,"NEON.PLA.D16.ABBY.00115","ok","small tree","Live",4.5,130,5.0,,,,,,,,,,,,,"9LLQP2zAGBxvuMR8VfqNBDkoxuflTlB1mTYNJb/lQSw=","Q4o8tWAhjVwOyekQ+1tRCYVn1WwJXiVR","legacyData"
"33a02631-8dca-46b3-af6c-849c97826c0c","ABBY_075.basePlot.vst","2016-08-03","vst_ABBY_2016","D16","ABBY","ABBY_075",,"NEON.PLA.D16.ABBY.00127","ok","small tree","Live",1.0,130,2.5,,,,,,,,,,,,,"9LLQP2zAGBxvuMR8VfqNBDkoxuflTlB1mTYNJb/lQSw=","Q4o8tWAhjVwOyekQ+1tRCYVn1WwJXiVR","legacyData"
"335450ec-9815-4fe9-bd0d-d99e84838f5b","ABBY_075.basePlot.vst","2016-08-03","vst_ABBY_2016","D16","ABBY","ABBY_075",,"NEON.PLA.D16.ABBY.00125","ok","small tree","Live",1.0,130,3.0,,,,,,,,,,,,,"9LLQP2zAGBxvuMR8VfqNBDkoxuflTlB1mTYNJb/lQSw=","Q4o8tWAhjVwOyekQ+1tRCYVn1WwJXiVR","legacyData"
"b4bfb779-cac8-42e7-8120-2e58d85d9c37","ABBY_075.basePlot.vst","2016-08-03","vst_ABBY_2016","D16","ABBY","ABBY_075",,"NEON.PLA.D16.ABBY.00110","ok","small tree","Live",4.0,130,4.1,,,,,,,,,,,,,"9LLQP2zAGBxvuMR8VfqNBDkoxuflTlB1mTYNJb/lQSw=","Q4o8tWAhjVwOyekQ+1tRCYVn1WwJXiVR","legacyData"
"8547c938-a91c-4a68-b7e9-220e6a921d8c","ABBY_075.basePlot.vst","2016-08-03","vst_ABBY_2016","D16","ABBY","ABBY_075",,"NEON.PLA.D16.ABBY.00117","ok","sapling","Live",,,1.0,,,,,,,,1.1,10,,,,"9LLQP2zAGBxvuMR8VfqNBDkoxuflTlB1mTYNJb/lQSw=","Q4o8tWAhjVwOyekQ+1tRCYVn1WwJXiVR","legacyData"
"de218001-4730-40ab-a0f1-50fab508177a","ABBY_075.basePlot.vst","2016-08-03","vst_ABBY_2016","D16","ABBY","ABBY_075",,"NEON.PLA.D16.ABBY.00126","ok","small tree","Live",6.2,130,4.9,,,,,,,,,,,,,"9LLQP2zAGBxvuMR8VfqNBDkoxuflTlB1mTYNJb/lQSw=","Q4o8tWAhjVwOyekQ+1tRCYVn1WwJXiVR","legacyData"
"f4d53d79-eb85-4bbb-842f-687295ffa1c4","ABBY_075.basePlot.vst","2016-08-03","vst_ABBY_2016","D16","ABBY","ABBY_075",,"NEON.PLA.D16.ABBY.00005","ok","small tree","Live",6.2,130,5.3,,,,,,,,,,,,,"9LLQP2zAGBxvuMR8VfqNBDkoxuflTlB1mTYNJb/lQSw=","Q4o8tWAhjVwOyekQ+1tRCYVn1WwJXiVR","legacyData"
"9c21d747-93f8-4bf7-b997-afa1719ac0c6","ABBY_075.basePlot.vst","2016-08-03","vst_ABBY_2016","D16","ABBY","ABBY_075",,"NEON.PLA.D16.ABBY.00004","ok","small tree","Live",1.1,135,2.7,,,,,,,,,,,,,"9LLQP2zAGBxvuMR8VfqNBDkoxuflTlB1mTYNJb/lQSw=","Q4o8tWAhjVwOyekQ+1tRCYVn1WwJXiVR","legacyData"
"8810ee5c-f02f-4c1d-961b-9574422995e9","ABBY_075.basePlot.vst","2016-08-03","vst_ABBY_2016","D16","ABBY","ABBY_075",,"NEON.PLA.D16.ABBY.00113","ok","sapling","Live",,,0.6,,,,,,,,1.0,10,,,,"9LLQP2zAGBxvuMR8VfqNBDkoxuflTlB1mTYNJb/lQSw=","Q4o8tWAhjVwOyekQ+1tRCYVn1WwJXiVR","legacyData"
"c14687ec-f204-47f5-bc0e-e4777c9f4b8f","ABBY_075.basePlot.vst","2016-08-03","vst_ABBY_2016","D16","ABBY","ABBY_075",,"NEON.PLA.D16.ABBY.00008","ok","small tree","Live",1.4,130,2.2,,,,,,,,,,,,,"9LLQP2zAGBxvuMR8VfqNBDkoxuflTlB1mTYNJb/lQSw=","Q4o8tWAhjVwOyekQ+1tRCYVn1WwJXiVR","legacyData"
"559a6f2c-a751-40b2-8216-a126a2010f91","ABBY_075.basePlot.vst","2016-08-03","vst_ABBY_2016","D16","ABBY","ABBY_075",,"NEON.PLA.D16.ABBY.00104","ok","sapling","Live",,,1.2,,,,,,,,1.0,10,,,,"9LLQP2zAGBxvuMR8VfqNBDkoxuflTlB1mTYNJb/lQSw=","Q4o8tWAhjVwOyekQ+1tRCYVn1WwJXiVR","legacyData"
"61b11542-ef85-4b9a-94e7-5611b8712599","ABBY_075.basePlot.vst","2016-08-03","vst_ABBY_2016","D16","ABBY","ABBY_075",,"NEON.PLA.D16.ABBY.00119","ok","single shrub","Live",2.0,130,3.3,,,,2.0,1.7,,"cylinder",2.8,10,,,,"9LLQP2zAGBxvuMR8VfqNBDkoxuflTlB1mTYNJb/lQSw=","Q4o8tWAhjVwOyekQ+1tRCYVn1WwJXiVR","legacyData"
"487e724c-eb0f-411d-8bf5-639f4dec666f","ABBY_075.basePlot.vst","2016-08-03","vst_ABBY_2016","D16","ABBY","ABBY_075",,"NEON.PLA.D16.ABBY.00006","ok","sapling","Live",,,0.7,,,,,,,,1.1,10,,,,"9LLQP2zAGBxvuMR8VfqNBDkoxuflTlB1mTYNJb/lQSw=","Q4o8tWAhjVwOyekQ+1tRCYVn1WwJXiVR","legacyData"
"d7e7b106-434b-418a-bec7-6b2422c8479b","ABBY_075.basePlot.vst","2016-08-03","vst_ABBY_2016","D16","ABBY","ABBY_075",,"NEON.PLA.D16.ABBY.00102","ok","sapling","Live",,,1.9,,,,,,,,2.1,10,,,,"9LLQP2zAGBxvuMR8VfqNBDkoxuflTlB1mTYNJb/lQSw=","Q4o8tWAhjVwOyekQ+1tRCYVn1WwJXiVR","legacyData"
"d1921a85-dfcf-46ff-816d-65bdd06c9046","ABBY_075.basePlot.vst","2016-08-03","vst_ABBY_2016","D16","ABBY","ABBY_075",,"NEON.PLA.D16.ABBY.00124","ok","sapling","Live",,,2.0,,,,,,,,1.5,10,,,,"9LLQP2zAGBxvuMR8VfqNBDkoxuflTlB1mTYNJb/lQSw=","Q4o8tWAhjVwOyekQ+1tRCYVn1WwJXiVR","legacyData"
"9071583e-1a26-43fe-a8e4-3e44a3e915e2","ABBY_075.basePlot.vst","2016-08-03","vst_ABBY_2016","D16","ABBY","ABBY_075",,"NEON.PLA.D16.ABBY.00003","ok","small tree","Live",1.7,130,2.3,,,,,,,,,,,,,"9LLQP2zAGBxvuMR8VfqNBDkoxuflTlB1mTYNJb/lQSw=","Q4o8tWAhjVwOyekQ+1tRCYVn1WwJXiVR","legacyData"
"85dc432b-b99d-465e-8c7f-500228c39f20","ABBY_075.basePlot.vst","2016-08-03","vst_ABBY_2016","D16","ABBY","ABBY_075",,"NEON.PLA.D16.ABBY.00119","ok","single shrub","Live",1.0,130,3.3,,,,2.0,1.7,,"cylinder",1.6,10,,,,"9LLQP2zAGBxvuMR8VfqNBDkoxuflTlB1mTYNJb/lQSw=","Q4o8tWAhjVwOyekQ+1tRCYVn1WwJXiVR","legacyData"
"7f38d203-f994-47ef-9b30-8ae0600eb7ad","ABBY_075.basePlot.vst","2016-08-03","vst_ABBY_2016","D16","ABBY","ABBY_075",,"NEON.PLA.D16.ABBY.00012","ok","single bole tree","Dead, broken bole",172.0,130,4.3,,4.3,120.0,,,,,,,,,,"9LLQP2zAGBxvuMR8VfqNBDkoxuflTlB1mTYNJb/lQSw=","Q4o8tWAhjVwOyekQ+1tRCYVn1WwJXiVR","legacyData"
"0e049bbf-1eef-42e2-ba14-4ea7a28a9667","ABBY_075.basePlot.vst","2016-08-03","vst_ABBY_2016","D16","ABBY","ABBY_075",,"NEON.PLA.D16.ABBY.00002","ok","sapling","Live",,,2.0,,,,,,,,1.4,10,,,,"9LLQP2zAGBxvuMR8VfqNBDkoxuflTlB1mTYNJb/lQSw=","Q4o8tWAhjVwOyekQ+1tRCYVn1WwJXiVR","legacyData"
"e06a5e40-b322-4c87-8bd9-a4f0dfc9be18","ABBY_075.basePlot.vst","2016-08-03","vst_ABBY_2016","D16","ABBY","ABBY_075",,"NEON.PLA.D16.ABBY.00109","ok","small tree","Live",2.0,130,3.2,,,,,,,,,,,,,"9LLQP2zAGBxvuMR8VfqNBDkoxuflTlB1mTYNJb/lQSw=","Q4o8tWAhjVwOyekQ+1tRCYVn1WwJXiVR","legacyData"
"28b45ac5-03a1-4610-9bc2-9cbad1165e3f","ABBY_075.basePlot.vst","2016-08-03","vst_ABBY_2016","D16","ABBY","ABBY_075",,"NEON.PLA.D16.ABBY.00013","ok","single bole tree","Live",91.5,130,52.4,,,,,,,,,,,,,"9LLQP2zAGBxvuMR8VfqNBDkoxuflTlB1mTYNJb/lQSw=","Q4o8tWAhjVwOyekQ+1tRCYVn1WwJXiVR","legacyData"
"08943849-58d4-465e-ba99-491986bd796c","ABBY_075.basePlot.vst","2016-08-03","vst_ABBY_2016","D16","ABBY","ABBY_075",,"NEON.PLA.D16.ABBY.00128","ok","sapling","Live",,,1.9,,,,,,,,1.7,10,,,,"9LLQP2zAGBxvuMR8VfqNBDkoxuflTlB1mTYNJb/lQSw=","Q4o8tWAhjVwOyekQ+1tRCYVn1WwJXiVR","legacyData"
"cf49d98b-8805-4bc0-9d92-388049140927","ABBY_075.basePlot.vst","2016-08-03","vst_ABBY_2016","D16","ABBY","ABBY_075",,"NEON.PLA.D16.ABBY.00118","ok","small tree","Live",7.1,130,2.5,,,,,,,,,,,,,"9LLQP2zAGBxvuMR8VfqNBDkoxuflTlB1mTYNJb/lQSw=","Q4o8tWAhjVwOyekQ+1tRCYVn1WwJXiVR","legacyData"
"5e07edbc-9593-4037-b3ac-81cefa778086","ABBY_075.basePlot.vst","2016-08-03","vst_ABBY_2016","D16","ABBY","ABBY_075",,"NEON.PLA.D16.ABBY.00101","ok","sapling","Live",,,1.1,,,,,,,,1.1,10,,,,"9LLQP2zAGBxvuMR8VfqNBDkoxuflTlB1mTYNJb/lQSw=","Q4o8tWAhjVwOyekQ+1tRCYVn1WwJXiVR","legacyData"
"f39433ea-6cb8-4fe4-8eeb-90de6aad2206","ABBY_075.basePlot.vst","2016-08-03","vst_ABBY_2016","D16","ABBY","ABBY_075",,"NEON.PLA.D16.ABBY.00119","ok","single shrub","Live",1.1,130,3.3,,,,2.0,1.7,,"cylinder",1.6,10,,,,"9LLQP2zAGBxvuMR8VfqNBDkoxuflTlB1mTYNJb/lQSw=","Q4o8tWAhjVwOyekQ+1tRCYVn1WwJXiVR","legacyData"
"2f50fc79-661d-472e-b47c-f12b842a202c","ABBY_075.basePlot.vst","2016-08-03","vst_ABBY_2016","D16","ABBY","ABBY_075",,"NEON.PLA.D16.ABBY.00007","ok","sapling","Live",,,1.3,,,,,,,,1.0,10,,,,"9LLQP2zAGBxvuMR8VfqNBDkoxuflTlB1mTYNJb/lQSw=","Q4o8tWAhjVwOyekQ+1tRCYVn1WwJXiVR","legacyData"
"c8a69706-6ddb-4b36-a5a7-db3248f8622d","ABBY_075.basePlot.vst","2016-08-03","vst_ABBY_2016","D16","ABBY","ABBY_075",,"NEON.PLA.D16.ABBY.00107","ok","small tree","Live",3.0,130,3.7,,,,,,,,,,,,,"9LLQP2zAGBxvuMR8VfqNBDkoxuflTlB1mTYNJb/lQSw=","Q4o8tWAhjVwOyekQ+1tRCYVn1WwJXiVR","legacyData"
"854a7584-7293-4d00-92d6-939065461779","ABBY_075.basePlot.vst","2016-08-03","vst_ABBY_2016","D16","ABBY","ABBY_075",,"NEON.PLA.D16.ABBY.00001","ok","small tree","Live",5.9,130,4.7,,,,,,,,,,,,,"9LLQP2zAGBxvuMR8VfqNBDkoxuflTlB1mTYNJb/lQSw=","Q4o8tWAhjVwOyekQ+1tRCYVn1WwJXiVR","legacyData"
"efdc7bba-3843-4d7e-8c43-a493f6c27337","ABBY_075.basePlot.vst","2016-08-03","vst_ABBY_2016","D16","ABBY","ABBY_075",,"NEON.PLA.D16.ABBY.00122","ok","small tree","Live",3.5,130,3.6,,,,,,,,,,,,,"9LLQP2zAGBxvuMR8VfqNBDkoxuflTlB1mTYNJb/lQSw=","Q4o8tWAhjVwOyekQ+1tRCYVn1WwJXiVR","legacyData"
"e361fed1-95bd-4c96-a14a-da28abd454a3","ABBY_075.basePlot.vst","2016-08-03","vst_ABBY_2016","D16","ABBY","ABBY_075",,"NEON.PLA.D16.ABBY.00121","ok","small tree","Live",5.6,130,5.0,,,,,,,,,,,,,"9LLQP2zAGBxvuMR8VfqNBDkoxuflTlB1mTYNJb/lQSw=","Q4o8tWAhjVwOyekQ+1tRCYVn1WwJXiVR","legacyData"
"f57579ad-36b7-4e19-af3a-d52141c6a95c","ABBY_075.basePlot.vst","2016-08-03","vst_ABBY_2016","D16","ABBY","ABBY_075",,"NEON.PLA.D16.ABBY.00011","ok","small tree","Live",1.9,130,3.0,,,,,,,,,,,,,"9LLQP2zAGBxvuMR8VfqNBDkoxuflTlB1mTYNJb/lQSw=","Q4o8tWAhjVwOyekQ+1tRCYVn1WwJXiVR","legacyData"
"2100aa5f-0acd-40f9-acbc-1d0bdd830312","ABBY_075.basePlot.vst","2016-08-03","vst_ABBY_2016","D16","ABBY","ABBY_075",,"NEON.PLA.D16.ABBY.00116","ok","small tree","Live",3.6,130,3.6,,,,,,,,,,,,,"9LLQP2zAGBxvuMR8VfqNBDkoxuflTlB1mTYNJb/lQSw=","Q4o8tWAhjVwOyekQ+1tRCYVn1WwJXiVR","legacyData"
"a68d640b-029c-41f5-87c3-c6e06d9cf1e0","ABBY_075.basePlot.vst","2016-08-03","vst_ABBY_2016","D16","ABBY","ABBY_075",,"NEON.PLA.D16.ABBY.00119","ok","single shrub","Live",1.2,130,3.3,,,,2.0,1.7,,"cylinder",2.1,10,,,,"9LLQP2zAGBxvuMR8VfqNBDkoxuflTlB1mTYNJb/lQSw=","Q4o8tWAhjVwOyekQ+1tRCYVn1WwJXiVR","legacyData"
"726f1930-fdae-455f-916f-d7f928c1f483","ABBY_075.basePlot.vst","2016-08-03","vst_ABBY_2016","D16","ABBY","ABBY_075",,"NEON.PLA.D16.ABBY.00106","ok","sapling","Live",,,1.5,,,,,,,,1.6,10,,,,"9LLQP2zAGBxvuMR8VfqNBDkoxuflTlB1mTYNJb/lQSw=","Q4o8tWAhjVwOyekQ+1tRCYVn1WwJXiVR","legacyData"
"23f55acf-e125-4c04-afc0-cbedeaa050bd","ABBY_075.basePlot.vst","2016-08-03","vst_ABBY_2016","D16","ABBY","ABBY_075",,"NEON.PLA.D16.ABBY.00105","ok","sapling","Live",,,1.6,,,,,,,,1.0,10,,,,"9LLQP2zAGBxvuMR8VfqNBDkoxuflTlB1mTYNJb/lQSw=","Q4o8tWAhjVwOyekQ+1tRCYVn1WwJXiVR","legacyData"
"d650d5b4-4a7b-4190-83d5-584eac0dca2c","ABBY_075.basePlot.vst","2016-08-03","vst_ABBY_2016","D16","ABBY","ABBY_075",,"NEON.PLA.D16.ABBY.00123","ok","sapling","Live",,,1.9,,,,,,,,1.0,10,,,,"9LLQP2zAGBxvuMR8VfqNBDkoxuflTlB1mTYNJb/lQSw=","Q4o8tWAhjVwOyekQ+1tRCYVn1WwJXiVR","legacyData"
"0186199c-e144-4c33-a4f4-4a924c28e8d1","ABBY_075.basePlot.vst","2016-08-03","vst_ABBY_2016","D16","ABBY","ABBY_075",,"NEON.PLA.D16.ABBY.00112","ok","sapling","Live",,,1.4,,,,,,,,1.4,10,,,,"9LLQP2zAGBxvuMR8VfqNBDkoxuflTlB1mTYNJb/lQSw=","Q4o8tWAhjVwOyekQ+1tRCYVn1WwJXiVR","legacyData"
"4a5b4934-28e7-41a3-8de9-557e42fccd35","ABBY_075.basePlot.vst","2016-08-03","vst_ABBY_2016","D16","ABBY","ABBY_075",,"NEON.PLA.D16.ABBY.00009","ok","small tree","Live",2.7,130,3.3,,,,,,,,,,,,,"9LLQP2zAGBxvuMR8VfqNBDkoxuflTlB1mTYNJb/lQSw=","Q4o8tWAhjVwOyekQ+1tRCYVn1WwJXiVR","legacyData"
"df7e7274-1cb6-4a02-a796-ef5b5fbcf69d","ABBY_075.basePlot.vst","2016-08-03","vst_ABBY_2016","D16","ABBY","ABBY_075",,"NEON.PLA.D16.ABBY.00119","ok","single shrub","Live",1.3,130,3.3,,,,2.0,1.7,,"cylinder",2.2,10,,,,"9LLQP2zAGBxvuMR8VfqNBDkoxuflTlB1mTYNJb/lQSw=","Q4o8tWAhjVwOyekQ+1tRCYVn1WwJXiVR","legacyData"
"22ebea8d-3848-418e-8cfe-844299b056c2","ABBY_075.basePlot.vst","2016-08-03","vst_ABBY_2016","D16","ABBY","ABBY_075",,"NEON.PLA.D16.ABBY.00114","ok","sapling","Live",,,1.6,,,,,,,,1.9,10,,,,"9LLQP2zAGBxvuMR8VfqNBDkoxuflTlB1mTYNJb/lQSw=","Q4o8tWAhjVwOyekQ+1tRCYVn1WwJXiVR","legacyData"
"780f2657-df84-4850-963c-9ea464aededd","ABBY_075.basePlot.vst","2016-08-03","vst_ABBY_2016","D16","ABBY","ABBY_075",,"NEON.PLA.D16.ABBY.00010","ok","sapling","Live",,,1.2,,,,,,,,1.2,10,,,,"9LLQP2zAGBxvuMR8VfqNBDkoxuflTlB1mTYNJb/lQSw=","Q4o8tWAhjVwOyekQ+1tRCYVn1WwJXiVR","legacyData"
"743947e8-6d90-44df-a118-b94e6faf8fb4","ABBY_075.basePlot.vst","2016-08-03","vst_ABBY_2016","D16","ABBY","ABBY_075",,"NEON.PLA.D16.ABBY.00130","ok","single bole tree","Dead, broken bole",41.0,130,9.5,,10.3,38.0,,,,,,,,,,"9LLQP2zAGBxvuMR8VfqNBDkoxuflTlB1mTYNJb/lQSw=","Q4o8tWAhjVwOyekQ+1tRCYVn1WwJXiVR","legacyData"
"c9a0a031-418d-40e6-87a4-d0dbcb663df3","ABBY_075.basePlot.vst","2016-08-03","vst_ABBY_2016","D16","ABBY","ABBY_075",,"NEON.PLA.D16.ABBY.00119","ok","single shrub","Live",1.9,130,3.3,,,,2.0,1.7,,"cylinder",2.3,10,,,,"9LLQP2zAGBxvuMR8VfqNBDkoxuflTlB1mTYNJb/lQSw=","Q4o8tWAhjVwOyekQ+1tRCYVn1WwJXiVR","legacyData"
"3f8add1a-5d0a-4a3c-8946-43fd407b3375","ABBY_075.basePlot.vst","2016-08-03","vst_ABBY_2016","D16","ABBY","ABBY_075",,"NEON.PLA.D16.ABBY.00103","ok","small shrub","Live",,,1.0,,,,0.9,0.8,,"cylinder",1.0,10,,,,"9LLQP2zAGBxvuMR8VfqNBDkoxuflTlB1mTYNJb/lQSw=","Q4o8tWAhjVwOyekQ+1tRCYVn1WwJXiVR","legacyData"
"e8ffa9e2-85ff-4a6b-b60b-4873173387cf","ABBY_075.basePlot.vst","2016-08-03","vst_ABBY_2016","D16","ABBY","ABBY_075",,"NEON.PLA.D16.ABBY.00108","ok","small tree","Live",1.5,130,2.4,,,,,,,,,,,,,"9LLQP2zAGBxvuMR8VfqNBDkoxuflTlB1mTYNJb/lQSw=","Q4o8tWAhjVwOyekQ+1tRCYVn1WwJXiVR","legacyData"
"93da51ce-3fe0-47bc-bd79-b80535e7b6e8","ABBY_075.basePlot.vst","2016-08-03","vst_ABBY_2016","D16","ABBY","ABBY_075",,"NEON.PLA.D16.ABBY.00129","ok","single bole tree","Dead, broken bole",35.0,130,11.7,,9.8,30.0,,,,,,,,,,"9LLQP2zAGBxvuMR8VfqNBDkoxuflTlB1mTYNJb/lQSw=","Q4o8tWAhjVwOyekQ+1tRCYVn1WwJXiVR","legacyData"
"ca736e1c-18d8-4502-9398-85be5a4872ad","ABBY_075.basePlot.vst","2016-08-03","vst_ABBY_2016","D16","ABBY","ABBY_075",,"NEON.PLA.D16.ABBY.00111","ok","sapling","Live",,,1.0,,,,,,,,1.0,10,,,,"9LLQP2zAGBxvuMR8VfqNBDkoxuflTlB1mTYNJb/lQSw=","Q4o8tWAhjVwOyekQ+1tRCYVn1WwJXiVR","legacyData"
"80093b83-bffc-45c0-afae-7b09aac17488","ABBY_075.basePlot.vst","2016-08-03","vst_ABBY_2016","D16","ABBY","ABBY_075",,"NEON.PLA.D16.ABBY.00120","ok","sapling","Live",,,1.6,,,,,,,,1.5,10,,,,"9LLQP2zAGBxvuMR8VfqNBDkoxuflTlB1mTYNJb/lQSw=","Q4o8tWAhjVwOyekQ+1tRCYVn1WwJXiVR","legacyData"
"edb46c57-5d95-4a72-862d-dc97ace47545","ABBY_061.basePlot.vst","2016-08-16","vst_ABBY_2016","D16","ABBY","ABBY_061",,"NEON.PLA.D16.ABBY.00522","ok","single bole tree","Live",12.0,130,,,,,,,,,,,,,,"44cxFOBMZI22hWVpb15dHmbzDXzecVK4","a/0SlN26fEtmJ3LLysIxkaRUfZvckIBE","legacyData"
"8ddcf741-e42e-4333-8a5d-17d01a120464","ABBY_069.basePlot.vst","2016-08-23","vst_ABBY_2016","D16","ABBY","ABBY_069",,"NEON.PLA.D16.ABBY.00832","ok","sapling","Live",,,0.7,,,,,,,,1.6,10,,,,"9LLQP2zAGBxvuMR8VfqNBDkoxuflTlB1mTYNJb/lQSw=","44cxFOBMZI22hWVpb15dHmbzDXzecVK4","legacyData"
"7261e188-c705-4f49-829f-8d4005e2c21b","ABBY_069.basePlot.vst","2016-08-23","vst_ABBY_2016","D16","ABBY","ABBY_069",,"NEON.PLA.D16.ABBY.00827","ok","sapling","Live",,,1.8,,,,,,,,2.5,10,,,,"9LLQP2zAGBxvuMR8VfqNBDkoxuflTlB1mTYNJb/lQSw=","44cxFOBMZI22hWVpb15dHmbzDXzecVK4","legacyData"
"9397638e-cde6-4fbe-92cf-c57ba0c8bc56","ABBY_069.basePlot.vst","2016-08-23","vst_ABBY_2016","D16","ABBY","ABBY_069",,"NEON.PLA.D16.ABBY.00871","ok","single bole tree","Live",10.3,130,6.2,,,,,,,,,,,,,"9LLQP2zAGBxvuMR8VfqNBDkoxuflTlB1mTYNJb/lQSw=","44cxFOBMZI22hWVpb15dHmbzDXzecVK4","legacyData"
"0281ffa8-6a74-48db-8e4e-16f2218fb3f4","ABBY_069.basePlot.vst","2016-08-23","vst_ABBY_2016","D16","ABBY","ABBY_069",,"NEON.PLA.D16.ABBY.00837","ok","sapling","Live",,,0.9,,,,,,,,2.5,10,,,,"9LLQP2zAGBxvuMR8VfqNBDkoxuflTlB1mTYNJb/lQSw=","44cxFOBMZI22hWVpb15dHmbzDXzecVK4","legacyData"
"b3a8e807-9b51-459d-8938-8f39613de9ae","ABBY_069.basePlot.vst","2016-08-23","vst_ABBY_2016","D16","ABBY","ABBY_069",,"NEON.PLA.D16.ABBY.01044","ok","small tree","Live",1.7,10,2.8,,,,,,,,1.7,,,,,"9LLQP2zAGBxvuMR8VfqNBDkoxuflTlB1mTYNJb/lQSw=","44cxFOBMZI22hWVpb15dHmbzDXzecVK4","legacyData"
"7948eb67-bd09-45f2-b81c-7f9c57680b9c","ABBY_069.basePlot.vst","2016-08-23","vst_ABBY_2016","D16","ABBY","ABBY_069",,"NEON.PLA.D16.ABBY.01075","ok","sapling","Live",,,1.6,,,,1.6,,,,1.6,10,,,,"9LLQP2zAGBxvuMR8VfqNBDkoxuflTlB1mTYNJb/lQSw=","44cxFOBMZI22hWVpb15dHmbzDXzecVK4","legacyData"
"94bc7e69-6779-4f4e-83c0-e24e271c4c0d","ABBY_069.basePlot.vst","2016-08-23","vst_ABBY_2016","D16","ABBY","ABBY_069",,"NEON.PLA.D16.ABBY.00866","ok","small tree","Live",7.7,130,5.9,,,,,,,,,,,,,"9LLQP2zAGBxvuMR8VfqNBDkoxuflTlB1mTYNJb/lQSw=","44cxFOBMZI22hWVpb15dHmbzDXzecVK4","legacyData"
"3a8f5da2-75fd-4ef5-8c38-66db29a30d9b","ABBY_069.basePlot.vst","2016-08-23","vst_ABBY_2016","D16","ABBY","ABBY_069",,"NEON.PLA.D16.ABBY.00831","ok","sapling","Live",,,1.2,,,,,,,,2.6,10,,,,"9LLQP2zAGBxvuMR8VfqNBDkoxuflTlB1mTYNJb/lQSw=","44cxFOBMZI22hWVpb15dHmbzDXzecVK4","legacyData"
"749078e5-0b6a-42d3-a7a3-37f891cdf956","ABBY_069.basePlot.vst","2016-08-23","vst_ABBY_2016","D16","ABBY","ABBY_069",,"NEON.PLA.D16.ABBY.01044","ok","small tree","Live",1.0,130,2.8,,,,,,,,1.0,,,,,"9LLQP2zAGBxvuMR8VfqNBDkoxuflTlB1mTYNJb/lQSw=","44cxFOBMZI22hWVpb15dHmbzDXzecVK4","legacyData"
"390759d7-67f8-44e6-a14e-b19e67d2bbde","ABBY_069.basePlot.vst","2016-08-23","vst_ABBY_2016","D16","ABBY","ABBY_069",,"NEON.PLA.D16.ABBY.00864","ok","small tree","Live",7.3,130,5.1,,,,,,,,,,,,,"9LLQP2zAGBxvuMR8VfqNBDkoxuflTlB1mTYNJb/lQSw=","44cxFOBMZI22hWVpb15dHmbzDXzecVK4","legacyData"
"40eb655f-3f3f-4ac7-b858-27bdc9470cde","ABBY_069.basePlot.vst","2016-08-23","vst_ABBY_2016","D16","ABBY","ABBY_069",,"NEON.PLA.D16.ABBY.00828","ok","small tree","Live",8.7,130,6.5,,,,,,,,,,,,,"9LLQP2zAGBxvuMR8VfqNBDkoxuflTlB1mTYNJb/lQSw=","44cxFOBMZI22hWVpb15dHmbzDXzecVK4","legacyData"
"0b32a227-e051-4a3e-9eb0-fc1c4bcc8b95","ABBY_069.basePlot.vst","2016-08-23","vst_ABBY_2016","D16","ABBY","ABBY_069",,"NEON.PLA.D16.ABBY.01041","ok","small tree","Live",1.9,10,2.2,,,,,,,,,,,,,"9LLQP2zAGBxvuMR8VfqNBDkoxuflTlB1mTYNJb/lQSw=","44cxFOBMZI22hWVpb15dHmbzDXzecVK4","legacyData"
"0c25f8e7-53fe-4f1c-bf56-7a28dc623b35","ABBY_069.basePlot.vst","2016-08-23","vst_ABBY_2016","D16","ABBY","ABBY_069",,"NEON.PLA.D16.ABBY.01073","ok","small tree","Live",1.2,10,2.4,,,,,,,,,,,,,"9LLQP2zAGBxvuMR8VfqNBDkoxuflTlB1mTYNJb/lQSw=","44cxFOBMZI22hWVpb15dHmbzDXzecVK4","legacyData"
"1249e368-50b4-4b98-9c5a-44ac9bf7cee2","ABBY_069.basePlot.vst","2016-08-23","vst_ABBY_2016","D16","ABBY","ABBY_069",,"NEON.PLA.D16.ABBY.01044","ok","small tree","Live",1.8,130,2.8,,,,,,,,1.8,,,,,"9LLQP2zAGBxvuMR8VfqNBDkoxuflTlB1mTYNJb/lQSw=","44cxFOBMZI22hWVpb15dHmbzDXzecVK4","legacyData"
"28800963-c545-4a18-b689-0e547b364d01","ABBY_069.basePlot.vst","2016-08-23","vst_ABBY_2016","D16","ABBY","ABBY_069",,"NEON.PLA.D16.ABBY.00824","ok","small tree","Live",1.3,130,2.0,,,,,,,,,,,,,"9LLQP2zAGBxvuMR8VfqNBDkoxuflTlB1mTYNJb/lQSw=","44cxFOBMZI22hWVpb15dHmbzDXzecVK4","legacyData"
"bbb2de46-3634-4ac1-a856-8e67ab91776e","ABBY_069.basePlot.vst","2016-08-23","vst_ABBY_2016","D16","ABBY","ABBY_069",,"NEON.PLA.D16.ABBY.01083","ok","small shrub","Live",,,1.6,,,,0.6,0.5,,"cylinder",1.3,10,,,,"9LLQP2zAGBxvuMR8VfqNBDkoxuflTlB1mTYNJb/lQSw=","44cxFOBMZI22hWVpb15dHmbzDXzecVK4","legacyData"
"8710efbb-d370-489f-9777-8465a814d5f8","ABBY_069.basePlot.vst","2016-08-23","vst_ABBY_2016","D16","ABBY","ABBY_069",,"NEON.PLA.D16.ABBY.01197","ok","sapling","Live",,,2.0,,,,,,,,1.5,10,,,,"9LLQP2zAGBxvuMR8VfqNBDkoxuflTlB1mTYNJb/lQSw=","44cxFOBMZI22hWVpb15dHmbzDXzecVK4","legacyData"
"97236902-b608-4814-9e39-b03a32a52f75","ABBY_069.basePlot.vst","2016-08-23","vst_ABBY_2016","D16","ABBY","ABBY_069",,"NEON.PLA.D16.ABBY.00869","ok","sapling","Live",,,1.5,,,,,,,,10.0,10,,,,"9LLQP2zAGBxvuMR8VfqNBDkoxuflTlB1mTYNJb/lQSw=","44cxFOBMZI22hWVpb15dHmbzDXzecVK4","legacyData"
"b19092e2-00d0-47e2-bbb7-0d1903736142","ABBY_069.basePlot.vst","2016-08-23","vst_ABBY_2016","D16","ABBY","ABBY_069",,"NEON.PLA.D16.ABBY.00823","ok","small tree","Live",4.3,130,3.5,,,,,,,,,,,,,"9LLQP2zAGBxvuMR8VfqNBDkoxuflTlB1mTYNJb/lQSw=","44cxFOBMZI22hWVpb15dHmbzDXzecVK4","legacyData"
"37baf482-c403-4714-a294-74470ea2e6d9","ABBY_069.basePlot.vst","2016-08-23","vst_ABBY_2016","D16","ABBY","ABBY_069",,"NEON.PLA.D16.ABBY.01020","ok","sapling","Live",,,1.0,,,,,,,,1.0,10,,,,"9LLQP2zAGBxvuMR8VfqNBDkoxuflTlB1mTYNJb/lQSw=","44cxFOBMZI22hWVpb15dHmbzDXzecVK4","legacyData"
"b0e0302e-28c8-423e-8386-b732497154fe","ABBY_069.basePlot.vst","2016-08-23","vst_ABBY_2016","D16","ABBY","ABBY_069",,"NEON.PLA.D16.ABBY.01082","ok","sapling","Live",,,1.6,,,,,,,,1.7,10,,,,"9LLQP2zAGBxvuMR8VfqNBDkoxuflTlB1mTYNJb/lQSw=","44cxFOBMZI22hWVpb15dHmbzDXzecVK4","legacyData"
"d6c5081f-3e42-45cf-9016-2b0c3859dd7c","ABBY_069.basePlot.vst","2016-08-23","vst_ABBY_2016","D16","ABBY","ABBY_069",,"NEON.PLA.D16.ABBY.01041","ok","small tree","Live",1.5,130,2.2,,,,,,,,,,,,,"9LLQP2zAGBxvuMR8VfqNBDkoxuflTlB1mTYNJb/lQSw=","44cxFOBMZI22hWVpb15dHmbzDXzecVK4","legacyData"
"56d263f8-9d21-44e4-b595-de60abe5b28b","ABBY_069.basePlot.vst","2016-08-23","vst_ABBY_2016","D16","ABBY","ABBY_069",,"NEON.PLA.D16.ABBY.00826","ok","small tree","Live",7.3,140,6.1,,,,,,,,,,,,,"9LLQP2zAGBxvuMR8VfqNBDkoxuflTlB1mTYNJb/lQSw=","44cxFOBMZI22hWVpb15dHmbzDXzecVK4","legacyData"
"abed074a-219f-4d82-9560-4165b562edfe","ABBY_069.basePlot.vst","2016-08-23","vst_ABBY_2016","D16","ABBY","ABBY_069",,"NEON.PLA.D16.ABBY.00821","ok","small tree","Live",1.9,130,2.3,,,,,,,,,,,,,"9LLQP2zAGBxvuMR8VfqNBDkoxuflTlB1mTYNJb/lQSw=","44cxFOBMZI22hWVpb15dHmbzDXzecVK4","legacyData"
"84cd8161-970e-4865-bc59-b3d3903300ba","ABBY_069.basePlot.vst","2016-08-23","vst_ABBY_2016","D16","ABBY","ABBY_069",,"NEON.PLA.D16.ABBY.00860","ok","small tree","Live",5.3,140,5.1,,,,,,,,,,,,"Girdled at 130 cm so dbh measurement was taken at 140 cm","9LLQP2zAGBxvuMR8VfqNBDkoxuflTlB1mTYNJb/lQSw=","44cxFOBMZI22hWVpb15dHmbzDXzecVK4","legacyData"
"420e56d9-b01a-400a-8a34-41e7bdd75a5a","ABBY_069.basePlot.vst","2016-08-23","vst_ABBY_2016","D16","ABBY","ABBY_069",,"NEON.PLA.D16.ABBY.01073","ok","small tree","Live",1.1,130,2.4,,,,,,,,,,,,,"9LLQP2zAGBxvuMR8VfqNBDkoxuflTlB1mTYNJb/lQSw=","44cxFOBMZI22hWVpb15dHmbzDXzecVK4","legacyData"
"4daccac0-e700-43c9-ac93-05f00c53fd98","ABBY_069.basePlot.vst","2016-08-23","vst_ABBY_2016","D16","ABBY","ABBY_069",,"NEON.PLA.D16.ABBY.01044","ok","small tree","Live",1.4,130,2.8,,,,,,,,1.4,,,,,"9LLQP2zAGBxvuMR8VfqNBDkoxuflTlB1mTYNJb/lQSw=","44cxFOBMZI22hWVpb15dHmbzDXzecVK4","legacyData"
"ce9da843-751a-4539-b831-e0c1a2432077","ABBY_069.basePlot.vst","2016-08-23","vst_ABBY_2016","D16","ABBY","ABBY_069",,"NEON.PLA.D16.ABBY.01044","ok","small tree","Live",1.1,130,2.8,,,,,,,,1.1,,,,,"9LLQP2zAGBxvuMR8VfqNBDkoxuflTlB1mTYNJb/lQSw=","44cxFOBMZI22hWVpb15dHmbzDXzecVK4","legacyData"
"e4688d20-9f4c-40fa-8c68-9958bbff99f2","ABBY_069.basePlot.vst","2016-08-23","vst_ABBY_2016","D16","ABBY","ABBY_069",,"NEON.PLA.D16.ABBY.01041","ok","small tree","Live",2.0,10,2.2,,,,,,,,,,,,,"9LLQP2zAGBxvuMR8VfqNBDkoxuflTlB1mTYNJb/lQSw=","44cxFOBMZI22hWVpb15dHmbzDXzecVK4","legacyData"
"e8cf0cd0-8306-4576-a21a-2882043dfc5e","ABBY_069.basePlot.vst","2016-08-23","vst_ABBY_2016","D16","ABBY","ABBY_069",,"NEON.PLA.D16.ABBY.01044","ok","small tree","Live",1.5,10,2.8,,,,,,,,1.5,,,,,"9LLQP2zAGBxvuMR8VfqNBDkoxuflTlB1mTYNJb/lQSw=","44cxFOBMZI22hWVpb15dHmbzDXzecVK4","legacyData"
"bb1e6215-07a1-4ee0-9052-98504f2430cc","ABBY_069.basePlot.vst","2016-08-23","vst_ABBY_2016","D16","ABBY","ABBY_069",,"NEON.PLA.D16.ABBY.01044","ok","small tree","Live",2.0,130,2.8,,,,,,,,2.0,,,,,"9LLQP2zAGBxvuMR8VfqNBDkoxuflTlB1mTYNJb/lQSw=","44cxFOBMZI22hWVpb15dHmbzDXzecVK4","legacyData"
"31eab294-b012-4253-8e09-011fa9d1e33b","ABBY_069.basePlot.vst","2016-08-23","vst_ABBY_2016","D16","ABBY","ABBY_069",,"NEON.PLA.D16.ABBY.01073","ok","small tree","Live",1.3,10,2.4,,,,,,,,,,,,,"9LLQP2zAGBxvuMR8VfqNBDkoxuflTlB1mTYNJb/lQSw=","44cxFOBMZI22hWVpb15dHmbzDXzecVK4","legacyData"
"d0b13e14-9c3f-44a0-89f6-d321461caaf5","ABBY_069.basePlot.vst","2016-08-23","vst_ABBY_2016","D16","ABBY","ABBY_069",,"NEON.PLA.D16.ABBY.01073","ok","small tree","Live",1.4,130,2.4,,,,,,,,,,,,,"9LLQP2zAGBxvuMR8VfqNBDkoxuflTlB1mTYNJb/lQSw=","44cxFOBMZI22hWVpb15dHmbzDXzecVK4","legacyData"
"fbfea464-e06f-4ecb-85a5-b87aaaeec6d8","ABBY_069.basePlot.vst","2016-08-23","vst_ABBY_2016","D16","ABBY","ABBY_069",,"NEON.PLA.D16.ABBY.01044","ok","small tree","Live",1.3,130,2.8,,,,,,,,1.3,,,,,"9LLQP2zAGBxvuMR8VfqNBDkoxuflTlB1mTYNJb/lQSw=","44cxFOBMZI22hWVpb15dHmbzDXzecVK4","legacyData"
"5826645c-7c47-49a0-a927-20e8124c6306","ABBY_069.basePlot.vst","2016-08-23","vst_ABBY_2016","D16","ABBY","ABBY_069",,"NEON.PLA.D16.ABBY.01084","ok","small tree","Live",1.0,130,2.3,,,,,,,,,,,,,"9LLQP2zAGBxvuMR8VfqNBDkoxuflTlB1mTYNJb/lQSw=","44cxFOBMZI22hWVpb15dHmbzDXzecVK4","legacyData"
"3b371943-4a2f-4c96-be99-91af8f5a17c1","ABBY_069.basePlot.vst","2016-08-23","vst_ABBY_2016","D16","ABBY","ABBY_069",,"NEON.PLA.D16.ABBY.00829","ok","small tree","Live",1.2,130,2.5,,,,,,,,,,,,,"9LLQP2zAGBxvuMR8VfqNBDkoxuflTlB1mTYNJb/lQSw=","44cxFOBMZI22hWVpb15dHmbzDXzecVK4","legacyData"
"5e3f2dc5-0170-4d8a-8625-fb4c2a92ee47","ABBY_069.basePlot.vst","2016-08-23","vst_ABBY_2016","D16","ABBY","ABBY_069",,"NEON.PLA.D16.ABBY.01041","ok","small tree","Live",1.3,10,2.2,,,,,,,,,,,,,"9LLQP2zAGBxvuMR8VfqNBDkoxuflTlB1mTYNJb/lQSw=","44cxFOBMZI22hWVpb15dHmbzDXzecVK4","legacyData"
"63d44bbb-e990-4212-8f1b-99780e6741dc","ABBY_069.basePlot.vst","2016-08-23","vst_ABBY_2016","D16","ABBY","ABBY_069",,"NEON.PLA.D16.ABBY.00843","ok","sapling","Live",,,1.4,,,,,,,,1.3,10,,,,"9LLQP2zAGBxvuMR8VfqNBDkoxuflTlB1mTYNJb/lQSw=","44cxFOBMZI22hWVpb15dHmbzDXzecVK4","legacyData"
"b08ff195-0dce-4f91-9610-bdc0a1237f23","ABBY_069.basePlot.vst","2016-08-23","vst_ABBY_2016","D16","ABBY","ABBY_069",,"NEON.PLA.D16.ABBY.01041","ok","small tree","Live",1.5,10,2.2,,,,,,,,,,,,,"9LLQP2zAGBxvuMR8VfqNBDkoxuflTlB1mTYNJb/lQSw=","44cxFOBMZI22hWVpb15dHmbzDXzecVK4","legacyData"
"a993a2ee-73fb-4bf0-ab1c-edbf28f86bfb","ABBY_069.basePlot.vst","2016-08-23","vst_ABBY_2016","D16","ABBY","ABBY_069",,"NEON.PLA.D16.ABBY.00849","ok","small tree","Live",5.5,130,4.9,,,,,,,,,,,,,"9LLQP2zAGBxvuMR8VfqNBDkoxuflTlB1mTYNJb/lQSw=","44cxFOBMZI22hWVpb15dHmbzDXzecVK4","legacyData"
"ed18cbd4-bf1f-4880-8439-d543642ea525","ABBY_069.basePlot.vst","2016-08-23","vst_ABBY_2016","D16","ABBY","ABBY_069",,"NEON.PLA.D16.ABBY.00854","ok","small tree","Live",3.7,130,3.2,,,,,,,,,,,,,"9LLQP2zAGBxvuMR8VfqNBDkoxuflTlB1mTYNJb/lQSw=","44cxFOBMZI22hWVpb15dHmbzDXzecVK4","legacyData"
"02fcc829-eb96-468b-885c-6f023a70b37c","ABBY_069.basePlot.vst","2016-08-23","vst_ABBY_2016","D16","ABBY","ABBY_069",,"NEON.PLA.D16.ABBY.01044","ok","small tree","Live",1.1,130,2.8,,,,,,,,1.1,,,,,"9LLQP2zAGBxvuMR8VfqNBDkoxuflTlB1mTYNJb/lQSw=","44cxFOBMZI22hWVpb15dHmbzDXzecVK4","legacyData"
"428ea139-c59c-4b0d-b480-fa428f5b267a","ABBY_069.basePlot.vst","2016-08-23","vst_ABBY_2016","D16","ABBY","ABBY_069",,"NEON.PLA.D16.ABBY.00859","ok","sapling","Live",,,1.3,,,,,,,,2.2,10,,,,"9LLQP2zAGBxvuMR8VfqNBDkoxuflTlB1mTYNJb/lQSw=","44cxFOBMZI22hWVpb15dHmbzDXzecVK4","legacyData"
"70dc349d-bb6c-4f00-8810-380c563f97a5","ABBY_069.basePlot.vst","2016-08-23","vst_ABBY_2016","D16","ABBY","ABBY_069",,"NEON.PLA.D16.ABBY.01044","ok","small tree","Live",1.7,130,2.8,,,,,,,,1.7,,,,,"9LLQP2zAGBxvuMR8VfqNBDkoxuflTlB1mTYNJb/lQSw=","44cxFOBMZI22hWVpb15dHmbzDXzecVK4","legacyData"
"5c5f7196-1a67-4058-b513-9cee552e5941","ABBY_069.basePlot.vst","2016-08-23","vst_ABBY_2016","D16","ABBY","ABBY_069",,"NEON.PLA.D16.ABBY.01032","ok","sapling","Live",,,1.8,,,,,,,,1.7,10,,,,"9LLQP2zAGBxvuMR8VfqNBDkoxuflTlB1mTYNJb/lQSw=","44cxFOBMZI22hWVpb15dHmbzDXzecVK4","legacyData"
"4daf1225-4773-4323-9809-6bf948e5e844","ABBY_069.basePlot.vst","2016-08-23","vst_ABBY_2016","D16","ABBY","ABBY_069",,"NEON.PLA.D16.ABBY.01044","ok","small tree","Live",1.9,10,2.8,,,,,,,,1.9,,,,,"9LLQP2zAGBxvuMR8VfqNBDkoxuflTlB1mTYNJb/lQSw=","44cxFOBMZI22hWVpb15dHmbzDXzecVK4","legacyData"
"b4bd1f2e-9499-42be-920f-9d3f9dc96295","ABBY_069.basePlot.vst","2016-08-23","vst_ABBY_2016","D16","ABBY","ABBY_069",,"NEON.PLA.D16.ABBY.00817","ok","sapling","Live",,,2.3,,,,,,,,1.6,10,,,,"9LLQP2zAGBxvuMR8VfqNBDkoxuflTlB1mTYNJb/lQSw=","44cxFOBMZI22hWVpb15dHmbzDXzecVK4","legacyData"
"d2aba04c-bb40-40df-816a-b6bf01eb1adc","ABBY_069.basePlot.vst","2016-08-23","vst_ABBY_2016","D16","ABBY","ABBY_069",,"NEON.PLA.D16.ABBY.00847","ok","small shrub","Live",,,0.7,,,,0.3,0.2,,"cylinder",1.1,10,,,,"9LLQP2zAGBxvuMR8VfqNBDkoxuflTlB1mTYNJb/lQSw=","44cxFOBMZI22hWVpb15dHmbzDXzecVK4","legacyData"
"e36ac9f5-b6f4-4c0d-9dfd-d5cc8786570f","ABBY_069.basePlot.vst","2016-08-23","vst_ABBY_2016","D16","ABBY","ABBY_069",,"NEON.PLA.D16.ABBY.01034","ok","sapling","Live",,,1.4,,,,,,,,2.6,10,,,,"9LLQP2zAGBxvuMR8VfqNBDkoxuflTlB1mTYNJb/lQSw=","44cxFOBMZI22hWVpb15dHmbzDXzecVK4","legacyData"
"dcefba29-0083-48b2-baf2-821566ce3846","ABBY_069.basePlot.vst","2016-08-23","vst_ABBY_2016","D16","ABBY","ABBY_069",,"NEON.PLA.D16.ABBY.01040","ok","sapling","Live",,,2.2,,,,,,,,1.4,10,,,,"9LLQP2zAGBxvuMR8VfqNBDkoxuflTlB1mTYNJb/lQSw=","44cxFOBMZI22hWVpb15dHmbzDXzecVK4","legacyData"
"2e621d4b-63b0-4ac6-83d2-d869d0392a73","ABBY_069.basePlot.vst","2016-08-23","vst_ABBY_2016","D16","ABBY","ABBY_069",,"NEON.PLA.D16.ABBY.01087","ok","small tree","Live",1.5,130,3.0,,,,,,,,,,,,,"9LLQP2zAGBxvuMR8VfqNBDkoxuflTlB1mTYNJb/lQSw=","44cxFOBMZI22hWVpb15dHmbzDXzecVK4","legacyData"
"5c7f43c8-73c9-422e-b808-1ea298055bcb","ABBY_069.basePlot.vst","2016-08-23","vst_ABBY_2016","D16","ABBY","ABBY_069",,"NEON.PLA.D16.ABBY.01085","ok","small tree","Live",2.9,130,4.2,,,,,,,,,,,,,"9LLQP2zAGBxvuMR8VfqNBDkoxuflTlB1mTYNJb/lQSw=","44cxFOBMZI22hWVpb15dHmbzDXzecVK4","legacyData"
"99a9de16-b068-4958-a059-545189df608d","ABBY_069.basePlot.vst","2016-08-23","vst_ABBY_2016","D16","ABBY","ABBY_069",,"NEON.PLA.D16.ABBY.00863","ok","sapling","Live",,,2.2,,,,,,,,1.6,10,,,,"9LLQP2zAGBxvuMR8VfqNBDkoxuflTlB1mTYNJb/lQSw=","44cxFOBMZI22hWVpb15dHmbzDXzecVK4","legacyData"
"c953f8ec-9be4-4684-b8ee-a0b395fd941a","ABBY_069.basePlot.vst","2016-08-23","vst_ABBY_2016","D16","ABBY","ABBY_069",,"NEON.PLA.D16.ABBY.00846","ok","single bole tree","Dead, broken bole",83.5,130,2.6,,,,,,,,,,,,"vd break height and break diameter was not recorded","9LLQP2zAGBxvuMR8VfqNBDkoxuflTlB1mTYNJb/lQSw=","44cxFOBMZI22hWVpb15dHmbzDXzecVK4","legacyData"
"8f5c578d-db20-477d-b009-b049f2c22795","ABBY_069.basePlot.vst","2016-08-23","vst_ABBY_2016","D16","ABBY","ABBY_069",,"NEON.PLA.D16.ABBY.00875","ok","small tree","Live",6.3,130,4.9,,,,,,,,,,,,,"9LLQP2zAGBxvuMR8VfqNBDkoxuflTlB1mTYNJb/lQSw=","44cxFOBMZI22hWVpb15dHmbzDXzecVK4","legacyData"
"6853b132-e734-4650-9c01-960746f3117b","ABBY_069.basePlot.vst","2016-08-23","vst_ABBY_2016","D16","ABBY","ABBY_069",,"NEON.PLA.D16.ABBY.00865","ok","small tree","Live",4.5,130,4.2,,,,,,,,,,,,,"9LLQP2zAGBxvuMR8VfqNBDkoxuflTlB1mTYNJb/lQSw=","44cxFOBMZI22hWVpb15dHmbzDXzecVK4","legacyData"
"6ff0bc71-adae-4796-8ca4-9441d899cfdd","ABBY_069.basePlot.vst","2016-08-23","vst_ABBY_2016","D16","ABBY","ABBY_069",,"NEON.PLA.D16.ABBY.00839","ok","small tree","Live",1.7,130,2.2,,,,,,,,,,,,,"9LLQP2zAGBxvuMR8VfqNBDkoxuflTlB1mTYNJb/lQSw=","44cxFOBMZI22hWVpb15dHmbzDXzecVK4","legacyData"
"1a8193e6-bde8-4b21-99d8-23d6a0401686","ABBY_069.basePlot.vst","2016-08-23","vst_ABBY_2016","D16","ABBY","ABBY_069",,"NEON.PLA.D16.ABBY.01072","ok","small tree","Live",1.2,130,2.3,,,,,,,,,,,,,"9LLQP2zAGBxvuMR8VfqNBDkoxuflTlB1mTYNJb/lQSw=","44cxFOBMZI22hWVpb15dHmbzDXzecVK4","legacyData"
"7f0823d3-6ce3-496c-8c0f-478d402bf59f","ABBY_069.basePlot.vst","2016-08-23","vst_ABBY_2016","D16","ABBY","ABBY_069",,"NEON.PLA.D16.ABBY.01019","ok","sapling","Live",,,1.0,,,,,,,,1.4,10,,,,"9LLQP2zAGBxvuMR8VfqNBDkoxuflTlB1mTYNJb/lQSw=","44cxFOBMZI22hWVpb15dHmbzDXzecVK4","legacyData"
"c20b722e-699c-422d-ac1f-01279b390a8f","ABBY_069.basePlot.vst","2016-08-23","vst_ABBY_2016","D16","ABBY","ABBY_069",,"NEON.PLA.D16.ABBY.00845","ok","small tree","Live",7.0,130,5.8,,,,,,,,,,,,,"9LLQP2zAGBxvuMR8VfqNBDkoxuflTlB1mTYNJb/lQSw=","44cxFOBMZI22hWVpb15dHmbzDXzecVK4","legacyData"
"25e8328b-3993-4588-9d41-e93a0e969bcc","ABBY_069.basePlot.vst","2016-08-23","vst_ABBY_2016","D16","ABBY","ABBY_069",,"NEON.PLA.D16.ABBY.01073","ok","small tree","Live",1.4,10,2.4,,,,,,,,,,,,,"9LLQP2zAGBxvuMR8VfqNBDkoxuflTlB1mTYNJb/lQSw=","44cxFOBMZI22hWVpb15dHmbzDXzecVK4","legacyData"
"b8c6cb51-8ce5-4275-86e0-a557fcf1f74e","ABBY_069.basePlot.vst","2016-08-23","vst_ABBY_2016","D16","ABBY","ABBY_069",,"NEON.PLA.D16.ABBY.01073","ok","small tree","Live",1.0,130,2.4,,,,,,,,,,,,,"9LLQP2zAGBxvuMR8VfqNBDkoxuflTlB1mTYNJb/lQSw=","44cxFOBMZI22hWVpb15dHmbzDXzecVK4","legacyData"
"41d582a4-7ce8-45f3-9b1a-d8da5c390440","ABBY_069.basePlot.vst","2016-08-23","vst_ABBY_2016","D16","ABBY","ABBY_069",,"NEON.PLA.D16.ABBY.01044","ok","small tree","Live",1.7,130,2.8,,,,,,,,1.7,,,,,"9LLQP2zAGBxvuMR8VfqNBDkoxuflTlB1mTYNJb/lQSw=","44cxFOBMZI22hWVpb15dHmbzDXzecVK4","legacyData"
"e92a556c-2e5a-4c82-aa52-c492839f995f","ABBY_069.basePlot.vst","2016-08-23","vst_ABBY_2016","D16","ABBY","ABBY_069",,"NEON.PLA.D16.ABBY.00836","ok","small tree","Live",2.6,130,2.8,,,,,,,,,,,,,"9LLQP2zAGBxvuMR8VfqNBDkoxuflTlB1mTYNJb/lQSw=","44cxFOBMZI22hWVpb15dHmbzDXzecVK4","legacyData"
"a790658e-03c0-4133-9ab3-a6bbb15acdc9","ABBY_069.basePlot.vst","2016-08-23","vst_ABBY_2016","D16","ABBY","ABBY_069",,"NEON.PLA.D16.ABBY.01044","ok","small tree","Live",1.3,130,2.8,,,,,,,,1.3,,,,,"9LLQP2zAGBxvuMR8VfqNBDkoxuflTlB1mTYNJb/lQSw=","44cxFOBMZI22hWVpb15dHmbzDXzecVK4","legacyData"
"814cbce0-ddbf-467f-af57-435881583340","ABBY_069.basePlot.vst","2016-08-23","vst_ABBY_2016","D16","ABBY","ABBY_069",,"NEON.PLA.D16.ABBY.00844","ok","sapling","Live",,,2.0,,,,,,,,1.4,10,,,,"9LLQP2zAGBxvuMR8VfqNBDkoxuflTlB1mTYNJb/lQSw=","44cxFOBMZI22hWVpb15dHmbzDXzecVK4","legacyData"
"db8b8e23-1aa6-4941-bac3-d462c3d42b8b","ABBY_069.basePlot.vst","2016-08-23","vst_ABBY_2016","D16","ABBY","ABBY_069",,"NEON.PLA.D16.ABBY.01091","ok","sapling","Live",,,1.4,,,,,,,,1.0,10,,,,"9LLQP2zAGBxvuMR8VfqNBDkoxuflTlB1mTYNJb/lQSw=","44cxFOBMZI22hWVpb15dHmbzDXzecVK4","legacyData"
"f4eb5c28-9161-4678-a1b9-920ffc158c56","ABBY_069.basePlot.vst","2016-08-23","vst_ABBY_2016","D16","ABBY","ABBY_069",,"NEON.PLA.D16.ABBY.00819","ok","small tree","Live",7.8,130,6.7,,,,,,,,,,,,,"9LLQP2zAGBxvuMR8VfqNBDkoxuflTlB1mTYNJb/lQSw=","44cxFOBMZI22hWVpb15dHmbzDXzecVK4","legacyData"
"6c953b5c-5651-410d-94a4-8ae0a34271ed","ABBY_069.basePlot.vst","2016-08-23","vst_ABBY_2016","D16","ABBY","ABBY_069",,"NEON.PLA.D16.ABBY.01079","ok","small tree","Live",8.4,130,7.2,,,,,,,,,,,,,"9LLQP2zAGBxvuMR8VfqNBDkoxuflTlB1mTYNJb/lQSw=","44cxFOBMZI22hWVpb15dHmbzDXzecVK4","legacyData"
"480856a8-04b4-48a7-9fda-76aa4f45ea75","ABBY_069.basePlot.vst","2016-08-23","vst_ABBY_2016","D16","ABBY","ABBY_069",,"NEON.PLA.D16.ABBY.01195","ok","small shrub","Live",,,1.8,,,,1.0,0.5,,"cylinder",1.3,10,,,,"9LLQP2zAGBxvuMR8VfqNBDkoxuflTlB1mTYNJb/lQSw=","44cxFOBMZI22hWVpb15dHmbzDXzecVK4","legacyData"
"a89eb2d5-57fd-4295-8c1f-c716d575c24a","ABBY_069.basePlot.vst","2016-08-23","vst_ABBY_2016","D16","ABBY","ABBY_069",,"NEON.PLA.D16.ABBY.01022","ok","sapling","Live",,,1.4,,,,,,,,2.0,10,,,,"9LLQP2zAGBxvuMR8VfqNBDkoxuflTlB1mTYNJb/lQSw=","44cxFOBMZI22hWVpb15dHmbzDXzecVK4","legacyData"
"7db76a2c-6d09-4a3d-9a0d-e8bbbfc85ec0","ABBY_069.basePlot.vst","2016-08-23","vst_ABBY_2016","D16","ABBY","ABBY_069",,"NEON.PLA.D16.ABBY.00835","ok","sapling","Live",,,1.9,,,,,,,,3.0,10,,,,"9LLQP2zAGBxvuMR8VfqNBDkoxuflTlB1mTYNJb/lQSw=","44cxFOBMZI22hWVpb15dHmbzDXzecVK4","legacyData"
"198ffe28-9fe0-4617-b6f2-bb7061cecb33","ABBY_069.basePlot.vst","2016-08-23","vst_ABBY_2016","D16","ABBY","ABBY_069",,"NEON.PLA.D16.ABBY.01083","ok","small shrub","Live",,,1.6,,,,0.6,0.5,,"cylinder",1.0,10,,,,"9LLQP2zAGBxvuMR8VfqNBDkoxuflTlB1mTYNJb/lQSw=","44cxFOBMZI22hWVpb15dHmbzDXzecVK4","legacyData"
"aad07652-85ea-44d0-a042-090676d90f5e","ABBY_069.basePlot.vst","2016-08-23","vst_ABBY_2016","D16","ABBY","ABBY_069",,"NEON.PLA.D16.ABBY.01044","ok","small tree","Live",1.9,10,2.8,,,,,,,,1.9,,,,,"9LLQP2zAGBxvuMR8VfqNBDkoxuflTlB1mTYNJb/lQSw=","44cxFOBMZI22hWVpb15dHmbzDXzecVK4","legacyData"
"d05a8636-17ba-46e3-b817-9aec2caf5f31","ABBY_069.basePlot.vst","2016-08-23","vst_ABBY_2016","D16","ABBY","ABBY_069",,"NEON.PLA.D16.ABBY.00842","ok","small tree","Live",5.2,130,5.0,,,,,,,,,,,,,"9LLQP2zAGBxvuMR8VfqNBDkoxuflTlB1mTYNJb/lQSw=","44cxFOBMZI22hWVpb15dHmbzDXzecVK4","legacyData"
"83602e2c-8322-4d98-aa74-901745ac47df","ABBY_069.basePlot.vst","2016-08-23","vst_ABBY_2016","D16","ABBY","ABBY_069",,"NEON.PLA.D16.ABBY.00856","ok","sapling","Live",,,1.6,,,,1.0,,,,1.5,10,,,,"9LLQP2zAGBxvuMR8VfqNBDkoxuflTlB1mTYNJb/lQSw=","44cxFOBMZI22hWVpb15dHmbzDXzecVK4","legacyData"
"34965ab6-347e-4c85-8580-a0976fa8a5db","ABBY_069.basePlot.vst","2016-08-23","vst_ABBY_2016","D16","ABBY","ABBY_069",,"NEON.PLA.D16.ABBY.01105","ok","sapling","Live",,,1.6,,,,,,,,1.2,,,,,"9LLQP2zAGBxvuMR8VfqNBDkoxuflTlB1mTYNJb/lQSw=","44cxFOBMZI22hWVpb15dHmbzDXzecVK4","legacyData"
"b32104f2-51ca-4317-9e18-6fe2a57660d8","ABBY_069.basePlot.vst","2016-08-23","vst_ABBY_2016","D16","ABBY","ABBY_069",,"NEON.PLA.D16.ABBY.01073","ok","small tree","Live",1.2,10,2.4,,,,,,,,,,,,,"9LLQP2zAGBxvuMR8VfqNBDkoxuflTlB1mTYNJb/lQSw=","44cxFOBMZI22hWVpb15dHmbzDXzecVK4","legacyData"
"7151520c-e90a-4e6d-8c5c-3cf2cec69c31","ABBY_069.basePlot.vst","2016-08-23","vst_ABBY_2016","D16","ABBY","ABBY_069",,"NEON.PLA.D16.ABBY.01031","ok","single shrub","Live",1.3,130,2.5,,,,0.9,0.9,,"cylinder",1.9,10,,,,"9LLQP2zAGBxvuMR8VfqNBDkoxuflTlB1mTYNJb/lQSw=","44cxFOBMZI22hWVpb15dHmbzDXzecVK4","legacyData"
"f610fb2b-e5f3-4939-bed3-11e1969c692e","ABBY_069.basePlot.vst","2016-08-23","vst_ABBY_2016","D16","ABBY","ABBY_069",,"NEON.PLA.D16.ABBY.01041","ok","small tree","Live",1.1,130,2.2,,,,,,,,,,,,,"9LLQP2zAGBxvuMR8VfqNBDkoxuflTlB1mTYNJb/lQSw=","44cxFOBMZI22hWVpb15dHmbzDXzecVK4","legacyData"
"f01c39d8-44a3-4f49-b5c2-1cbd43310665","ABBY_069.basePlot.vst","2016-08-23","vst_ABBY_2016","D16","ABBY","ABBY_069",,"NEON.PLA.D16.ABBY.00850","ok","single bole tree","Live",11.9,130,6.8,,,,,,,,,,,,,"9LLQP2zAGBxvuMR8VfqNBDkoxuflTlB1mTYNJb/lQSw=","44cxFOBMZI22hWVpb15dHmbzDXzecVK4","legacyData"
"8d7854ba-1def-4c89-929f-70fbacddb7b6","ABBY_069.basePlot.vst","2016-08-23","vst_ABBY_2016","D16","ABBY","ABBY_069",,"NEON.PLA.D16.ABBY.00867","ok","single bole tree","Live",10.2,130,7.0,,,,,,,,,,,,,"9LLQP2zAGBxvuMR8VfqNBDkoxuflTlB1mTYNJb/lQSw=","44cxFOBMZI22hWVpb15dHmbzDXzecVK4","legacyData"
"af969088-2bea-4f54-a5e8-a75aa00e1f37","ABBY_069.basePlot.vst","2016-08-23","vst_ABBY_2016","D16","ABBY","ABBY_069",,"NEON.PLA.D16.ABBY.01044","ok","small tree","Live",1.7,10,2.8,,,,,,,,1.7,,,,,"9LLQP2zAGBxvuMR8VfqNBDkoxuflTlB1mTYNJb/lQSw=","44cxFOBMZI22hWVpb15dHmbzDXzecVK4","legacyData"
"1cc616ab-152a-46cb-a61b-75c170ff16e5","ABBY_069.basePlot.vst","2016-08-23","vst_ABBY_2016","D16","ABBY","ABBY_069",,"NEON.PLA.D16.ABBY.01044","ok","small tree","Live",1.0,130,2.8,,,,,,,,1.0,,,,,"9LLQP2zAGBxvuMR8VfqNBDkoxuflTlB1mTYNJb/lQSw=","44cxFOBMZI22hWVpb15dHmbzDXzecVK4","legacyData"
"d6f6a952-8286-4373-8a92-0e185cb7c194","ABBY_069.basePlot.vst","2016-08-23","vst_ABBY_2016","D16","ABBY","ABBY_069",,"NEON.PLA.D16.ABBY.01089","ok","sapling","Live",,,1.5,,,,,,,,1.7,10,,,,"9LLQP2zAGBxvuMR8VfqNBDkoxuflTlB1mTYNJb/lQSw=","44cxFOBMZI22hWVpb15dHmbzDXzecVK4","legacyData"
"bc5da20a-b877-47c1-aed8-5421ba2687e3","ABBY_069.basePlot.vst","2016-08-23","vst_ABBY_2016","D16","ABBY","ABBY_069",,"NEON.PLA.D16.ABBY.01080","ok","single shrub","Live",1.5,130,2.8,,,,1.2,1.2,,"cylinder",,,,,,"9LLQP2zAGBxvuMR8VfqNBDkoxuflTlB1mTYNJb/lQSw=","44cxFOBMZI22hWVpb15dHmbzDXzecVK4","legacyData"
"79b765b8-bcf4-4f7e-936f-0bb26cf46d72","ABBY_069.basePlot.vst","2016-08-23","vst_ABBY_2016","D16","ABBY","ABBY_069",,"NEON.PLA.D16.ABBY.01031","ok","single shrub","Live",1.1,130,2.5,,,,0.9,0.9,,"cylinder",3.1,10,,,,"9LLQP2zAGBxvuMR8VfqNBDkoxuflTlB1mTYNJb/lQSw=","44cxFOBMZI22hWVpb15dHmbzDXzecVK4","legacyData"
"7f9a1e52-7668-4829-a8d1-407820d0d09a","ABBY_069.basePlot.vst","2016-08-23","vst_ABBY_2016","D16","ABBY","ABBY_069",,"NEON.PLA.D16.ABBY.00869","ok","sapling","Live",,,1.5,,,,,,,,1.0,10,,,,"9LLQP2zAGBxvuMR8VfqNBDkoxuflTlB1mTYNJb/lQSw=","44cxFOBMZI22hWVpb15dHmbzDXzecVK4","legacyData"
"7df21ece-a1f8-4dba-9b3b-3e354a5765c4","ABBY_069.basePlot.vst","2016-08-23","vst_ABBY_2016","D16","ABBY","ABBY_069",,"NEON.PLA.D16.ABBY.00841","ok","small tree","Live, physically damaged",3.2,130,3.1,,,,,,,,,,,,"No remarks recorded","9LLQP2zAGBxvuMR8VfqNBDkoxuflTlB1mTYNJb/lQSw=","44cxFOBMZI22hWVpb15dHmbzDXzecVK4","legacyData"
"051c556f-bdb8-4f15-ac11-4db4cc3dba71","ABBY_069.basePlot.vst","2016-08-23","vst_ABBY_2016","D16","ABBY","ABBY_069",,"NEON.PLA.D16.ABBY.01073","ok","small tree","Live",1.3,130,2.4,,,,,,,,,,,,,"9LLQP2zAGBxvuMR8VfqNBDkoxuflTlB1mTYNJb/lQSw=","44cxFOBMZI22hWVpb15dHmbzDXzecVK4","legacyData"
"bc53b833-72f9-4d24-8358-dbe9334e99e0","ABBY_069.basePlot.vst","2016-08-23","vst_ABBY_2016","D16","ABBY","ABBY_069",,"NEON.PLA.D16.ABBY.01073","ok","small tree","Live",1.0,130,2.4,,,,,,,,,,,,,"9LLQP2zAGBxvuMR8VfqNBDkoxuflTlB1mTYNJb/lQSw=","44cxFOBMZI22hWVpb15dHmbzDXzecVK4","legacyData"
"dfb69f4e-7d44-4a9e-8b90-25e3ca3bd088","ABBY_069.basePlot.vst","2016-08-23","vst_ABBY_2016","D16","ABBY","ABBY_069",,"NEON.PLA.D16.ABBY.01080","ok","single shrub","Live",,,2.8,,,,1.2,1.2,,"cylinder",1.5,10,,,,"9LLQP2zAGBxvuMR8VfqNBDkoxuflTlB1mTYNJb/lQSw=","44cxFOBMZI22hWVpb15dHmbzDXzecVK4","legacyData"
"a56fe663-dd86-4497-83d3-d28c50864466","ABBY_069.basePlot.vst","2016-08-23","vst_ABBY_2016","D16","ABBY","ABBY_069",,"NEON.PLA.D16.ABBY.00851","ok","small tree","Live",8.6,128,6.7,,,,,,,,,,,,,"9LLQP2zAGBxvuMR8VfqNBDkoxuflTlB1mTYNJb/lQSw=","44cxFOBMZI22hWVpb15dHmbzDXzecVK4","legacyData"
"b93a195f-5706-434d-bf30-cf710e17f5e5","ABBY_069.basePlot.vst","2016-08-23","vst_ABBY_2016","D16","ABBY","ABBY_069",,"NEON.PLA.D16.ABBY.01090","ok","sapling","Live",,,1.9,,,,,,,,1.2,10,,,,"9LLQP2zAGBxvuMR8VfqNBDkoxuflTlB1mTYNJb/lQSw=","44cxFOBMZI22hWVpb15dHmbzDXzecVK4","legacyData"
"5857fef4-3ca6-453b-a597-6e638cbe28bd","ABBY_069.basePlot.vst","2016-08-23","vst_ABBY_2016","D16","ABBY","ABBY_069",,"NEON.PLA.D16.ABBY.01081","ok","small shrub","Live",,,1.8,,,,0.9,0.8,,"cylinder",1.1,10,,,,"9LLQP2zAGBxvuMR8VfqNBDkoxuflTlB1mTYNJb/lQSw=","44cxFOBMZI22hWVpb15dHmbzDXzecVK4","legacyData"
"02098cb6-a5a8-4b09-bb0b-49150e189b3e","ABBY_069.basePlot.vst","2016-08-23","vst_ABBY_2016","D16","ABBY","ABBY_069",,"NEON.PLA.D16.ABBY.00873","ok","sapling","Live",,,1.7,,,,1.0,,,,1.1,10,,,,"9LLQP2zAGBxvuMR8VfqNBDkoxuflTlB1mTYNJb/lQSw=","44cxFOBMZI22hWVpb15dHmbzDXzecVK4","legacyData"
"e03e64b3-e4f1-40db-a6a2-fbcd0a40c2d7","ABBY_069.basePlot.vst","2016-08-23","vst_ABBY_2016","D16","ABBY","ABBY_069",,"NEON.PLA.D16.ABBY.01044","ok","small tree","Live",1.1,130,2.8,,,,,,,,1.1,,,,,"9LLQP2zAGBxvuMR8VfqNBDkoxuflTlB1mTYNJb/lQSw=","44cxFOBMZI22hWVpb15dHmbzDXzecVK4","legacyData"
"538feceb-950e-4b22-b4e4-0d9a85d96ed3","ABBY_069.basePlot.vst","2016-08-23","vst_ABBY_2016","D16","ABBY","ABBY_069",,"NEON.PLA.D16.ABBY.01088","ok","sapling","Live",,,2.1,,,,,,,,1.6,10,,,,"9LLQP2zAGBxvuMR8VfqNBDkoxuflTlB1mTYNJb/lQSw=","44cxFOBMZI22hWVpb15dHmbzDXzecVK4","legacyData"
"ee2b6a32-6c8a-40c7-b728-a795f003a37a","ABBY_069.basePlot.vst","2016-08-23","vst_ABBY_2016","D16","ABBY","ABBY_069",,"NEON.PLA.D16.ABBY.01073","ok","small tree","Live",1.5,10,2.4,,,,,,,,,,,,,"9LLQP2zAGBxvuMR8VfqNBDkoxuflTlB1mTYNJb/lQSw=","44cxFOBMZI22hWVpb15dHmbzDXzecVK4","legacyData"
"5416f181-3a74-4659-b131-db46402ec7e4","ABBY_069.basePlot.vst","2016-08-23","vst_ABBY_2016","D16","ABBY","ABBY_069",,"NEON.PLA.D16.ABBY.00852","ok","small tree","Live",9.3,130,6.3,,,,,,,,,,,,,"9LLQP2zAGBxvuMR8VfqNBDkoxuflTlB1mTYNJb/lQSw=","44cxFOBMZI22hWVpb15dHmbzDXzecVK4","legacyData"
"ee1c4336-2bf1-47a1-a9d5-5ffb4703429c","ABBY_069.basePlot.vst","2016-08-23","vst_ABBY_2016","D16","ABBY","ABBY_069",,"NEON.PLA.D16.ABBY.00861","ok","sapling","Live",,,1.7,,,,,,,,2.9,7,,,,"9LLQP2zAGBxvuMR8VfqNBDkoxuflTlB1mTYNJb/lQSw=","44cxFOBMZI22hWVpb15dHmbzDXzecVK4","legacyData"
"85937179-4ae3-4e2e-9037-111e7ce0c6a5","ABBY_069.basePlot.vst","2016-08-23","vst_ABBY_2016","D16","ABBY","ABBY_069",,"NEON.PLA.D16.ABBY.01044","ok","small tree","Live",1.0,130,2.8,,,,,,,,1.0,,,,,"9LLQP2zAGBxvuMR8VfqNBDkoxuflTlB1mTYNJb/lQSw=","44cxFOBMZI22hWVpb15dHmbzDXzecVK4","legacyData"
"60d262b2-904d-46b6-a165-4b4921efd451","ABBY_069.basePlot.vst","2016-08-23","vst_ABBY_2016","D16","ABBY","ABBY_069",,"NEON.PLA.D16.ABBY.01044","ok","small tree","Live",1.4,130,2.8,,,,,,,,1.4,,,,,"9LLQP2zAGBxvuMR8VfqNBDkoxuflTlB1mTYNJb/lQSw=","44cxFOBMZI22hWVpb15dHmbzDXzecVK4","legacyData"
"47a3f834-73be-44af-81da-be1ea23be1e2","ABBY_069.basePlot.vst","2016-08-23","vst_ABBY_2016","D16","ABBY","ABBY_069",,"NEON.PLA.D16.ABBY.01044","ok","small tree","Live",1.9,10,2.8,,,,,,,,1.9,,,,,"9LLQP2zAGBxvuMR8VfqNBDkoxuflTlB1mTYNJb/lQSw=","44cxFOBMZI22hWVpb15dHmbzDXzecVK4","legacyData"
"fbd2a74c-fc1a-4cbc-bd8d-2d1c2ebfb5e6","ABBY_069.basePlot.vst","2016-08-23","vst_ABBY_2016","D16","ABBY","ABBY_069",,"NEON.PLA.D16.ABBY.01075","ok","sapling","Live",,,1.6,,,,,,,,1.2,10,,,,"9LLQP2zAGBxvuMR8VfqNBDkoxuflTlB1mTYNJb/lQSw=","44cxFOBMZI22hWVpb15dHmbzDXzecVK4","legacyData"
"9ae87d35-0de1-4b54-beb9-e78296a54b1e","ABBY_069.basePlot.vst","2016-08-23","vst_ABBY_2016","D16","ABBY","ABBY_069",,"NEON.PLA.D16.ABBY.01088","ok","sapling","Live",,,2.1,,,,,,,,1.6,10,,,,"9LLQP2zAGBxvuMR8VfqNBDkoxuflTlB1mTYNJb/lQSw=","44cxFOBMZI22hWVpb15dHmbzDXzecVK4","legacyData"
"d95a1738-61ed-477b-93a5-53f3289158bb","ABBY_069.basePlot.vst","2016-08-23","vst_ABBY_2016","D16","ABBY","ABBY_069",,"NEON.PLA.D16.ABBY.01041","ok","small tree","Live",2.0,10,2.2,,,,,,,,,,,,,"9LLQP2zAGBxvuMR8VfqNBDkoxuflTlB1mTYNJb/lQSw=","44cxFOBMZI22hWVpb15dHmbzDXzecVK4","legacyData"
"28cf0d5b-19b9-48d7-9f73-577b09186edb","ABBY_069.basePlot.vst","2016-08-23","vst_ABBY_2016","D16","ABBY","ABBY_069",,"NEON.PLA.D16.ABBY.00834","ok","sapling","Live",,,1.6,,,,,,,,10.0,10,,,,"9LLQP2zAGBxvuMR8VfqNBDkoxuflTlB1mTYNJb/lQSw=","44cxFOBMZI22hWVpb15dHmbzDXzecVK4","legacyData"
"b8e39c8c-0574-4cc7-b73b-d48004ce0256","ABBY_069.basePlot.vst","2016-08-23","vst_ABBY_2016","D16","ABBY","ABBY_069",,"NEON.PLA.D16.ABBY.01044","ok","small tree","Live",1.5,110,2.8,,,,,,,,1.5,,,,,"9LLQP2zAGBxvuMR8VfqNBDkoxuflTlB1mTYNJb/lQSw=","44cxFOBMZI22hWVpb15dHmbzDXzecVK4","legacyData"
"8f547b21-0a83-409c-b0ad-d05b3af08bef","ABBY_069.basePlot.vst","2016-08-23","vst_ABBY_2016","D16","ABBY","ABBY_069",,"NEON.PLA.D16.ABBY.01197","ok","sapling","Live",,,2.0,,,,,,,,1.0,10,,,,"9LLQP2zAGBxvuMR8VfqNBDkoxuflTlB1mTYNJb/lQSw=","44cxFOBMZI22hWVpb15dHmbzDXzecVK4","legacyData"
"1ee11583-9112-44d0-bb00-687223c6eedd","ABBY_069.basePlot.vst","2016-08-23","vst_ABBY_2016","D16","ABBY","ABBY_069",,"NEON.PLA.D16.ABBY.01029","ok","small tree","Live",1.0,130,2.3,,,,,,,,,,,,,"9LLQP2zAGBxvuMR8VfqNBDkoxuflTlB1mTYNJb/lQSw=","44cxFOBMZI22hWVpb15dHmbzDXzecVK4","legacyData"
"8d12b5ea-5e61-48a5-9d0f-b5467c260874","ABBY_069.basePlot.vst","2016-08-23","vst_ABBY_2016","D16","ABBY","ABBY_069",,"NEON.PLA.D16.ABBY.01044","ok","small tree","Live",1.5,10,2.8,,,,,,,,1.5,,,,,"9LLQP2zAGBxvuMR8VfqNBDkoxuflTlB1mTYNJb/lQSw=","44cxFOBMZI22hWVpb15dHmbzDXzecVK4","legacyData"
"2ff6fea6-a310-40f0-92ca-6801d57dffa7","ABBY_069.basePlot.vst","2016-08-23","vst_ABBY_2016","D16","ABBY","ABBY_069",,"NEON.PLA.D16.ABBY.00833","ok","sapling","Live",,,1.8,,,,,,,,2.6,10,,,,"9LLQP2zAGBxvuMR8VfqNBDkoxuflTlB1mTYNJb/lQSw=","44cxFOBMZI22hWVpb15dHmbzDXzecVK4","legacyData"
"d8807be2-5e28-4737-8d1c-8f2050df4d54","ABBY_069.basePlot.vst","2016-08-23","vst_ABBY_2016","D16","ABBY","ABBY_069",,"NEON.PLA.D16.ABBY.01044","ok","small tree","Live",1.4,129,2.8,,,,,,,,1.4,,,,,"9LLQP2zAGBxvuMR8VfqNBDkoxuflTlB1mTYNJb/lQSw=","44cxFOBMZI22hWVpb15dHmbzDXzecVK4","legacyData"
"5b46dcdf-3af7-4492-8abd-012943c83299","ABBY_069.basePlot.vst","2016-08-23","vst_ABBY_2016","D16","ABBY","ABBY_069",,"NEON.PLA.D16.ABBY.01044","ok","small tree","Live",1.0,130,2.8,,,,,,,,1.0,,,,,"9LLQP2zAGBxvuMR8VfqNBDkoxuflTlB1mTYNJb/lQSw=","44cxFOBMZI22hWVpb15dHmbzDXzecVK4","legacyData"
"89a4357e-1bd3-493c-b076-8b35406dd6f3","ABBY_069.basePlot.vst","2016-08-23","vst_ABBY_2016","D16","ABBY","ABBY_069",,"NEON.PLA.D16.ABBY.01078","ok","small tree","Live",1.1,130,2.3,,,,,,,,,,,,,"9LLQP2zAGBxvuMR8VfqNBDkoxuflTlB1mTYNJb/lQSw=","44cxFOBMZI22hWVpb15dHmbzDXzecVK4","legacyData"
"80e50ea1-d075-4a64-8c5a-3f58d5e98f6c","ABBY_069.basePlot.vst","2016-08-23","vst_ABBY_2016","D16","ABBY","ABBY_069",,"NEON.PLA.D16.ABBY.01041","ok","small tree","Live",1.8,10,2.2,,,,,,,,,,,,,"9LLQP2zAGBxvuMR8VfqNBDkoxuflTlB1mTYNJb/lQSw=","44cxFOBMZI22hWVpb15dHmbzDXzecVK4","legacyData"
"f322e93d-54a0-43c3-99fc-4bb991f094d5","ABBY_069.basePlot.vst","2016-08-23","vst_ABBY_2016","D16","ABBY","ABBY_069",,"NEON.PLA.D16.ABBY.01073","ok","small tree","Live",1.0,130,2.4,,,,,,,,,,,,,"9LLQP2zAGBxvuMR8VfqNBDkoxuflTlB1mTYNJb/lQSw=","44cxFOBMZI22hWVpb15dHmbzDXzecVK4","legacyData"
"4177b2d3-9f6a-4bd8-8f50-b825eabf2718","ABBY_069.basePlot.vst","2016-08-23","vst_ABBY_2016","D16","ABBY","ABBY_069",,"NEON.PLA.D16.ABBY.01044","ok","small tree","Live",1.9,130,2.8,,,,,,,,1.9,,,,,"9LLQP2zAGBxvuMR8VfqNBDkoxuflTlB1mTYNJb/lQSw=","44cxFOBMZI22hWVpb15dHmbzDXzecVK4","legacyData"
"0ed4c6db-ace6-4fb2-9bc6-5157718729ff","ABBY_069.basePlot.vst","2016-08-23","vst_ABBY_2016","D16","ABBY","ABBY_069",,"NEON.PLA.D16.ABBY.01044","ok","small tree","Live",1.6,10,2.8,,,,,,,,1.6,,,,,"9LLQP2zAGBxvuMR8VfqNBDkoxuflTlB1mTYNJb/lQSw=","44cxFOBMZI22hWVpb15dHmbzDXzecVK4","legacyData"
"9a21c8b1-edb3-412d-bbd0-c051109b5acb","ABBY_069.basePlot.vst","2016-08-23","vst_ABBY_2016","D16","ABBY","ABBY_069",,"NEON.PLA.D16.ABBY.00822","ok","sapling","Live",,,2.5,,,,,,,,1.7,10,,,,"9LLQP2zAGBxvuMR8VfqNBDkoxuflTlB1mTYNJb/lQSw=","44cxFOBMZI22hWVpb15dHmbzDXzecVK4","legacyData"
"93c0e820-90e1-41d7-9a5a-5cdf374b80b5","ABBY_069.basePlot.vst","2016-08-23","vst_ABBY_2016","D16","ABBY","ABBY_069",,"NEON.PLA.D16.ABBY.01197","ok","sapling","Live",,,2.0,,,,,,,,1.5,10,,,,"9LLQP2zAGBxvuMR8VfqNBDkoxuflTlB1mTYNJb/lQSw=","44cxFOBMZI22hWVpb15dHmbzDXzecVK4","legacyData"
"b619606e-109b-43a3-910d-7ae3bef645dc","ABBY_069.basePlot.vst","2016-08-23","vst_ABBY_2016","D16","ABBY","ABBY_069",,"NEON.PLA.D16.ABBY.00868","ok","small tree","Live",8.7,130,6.7,,,,,,,,,,,,,"9LLQP2zAGBxvuMR8VfqNBDkoxuflTlB1mTYNJb/lQSw=","44cxFOBMZI22hWVpb15dHmbzDXzecVK4","legacyData"
"e7b84726-5f97-421c-a1db-bc9b7b4b3a29","ABBY_069.basePlot.vst","2016-08-23","vst_ABBY_2016","D16","ABBY","ABBY_069",,"NEON.PLA.D16.ABBY.01045","ok","sapling","Live",,,1.3,,,,,,,,1.6,10,,,,"9LLQP2zAGBxvuMR8VfqNBDkoxuflTlB1mTYNJb/lQSw=","44cxFOBMZI22hWVpb15dHmbzDXzecVK4","legacyData"
"d84c7125-babf-4e7f-b3d5-1c24554e2547","ABBY_069.basePlot.vst","2016-08-23","vst_ABBY_2016","D16","ABBY","ABBY_069",,"NEON.PLA.D16.ABBY.01030","ok","sapling","Live",,,1.0,,,,,,,,2.6,10,,,,"9LLQP2zAGBxvuMR8VfqNBDkoxuflTlB1mTYNJb/lQSw=","44cxFOBMZI22hWVpb15dHmbzDXzecVK4","legacyData"
"c6b063ed-c6b2-4238-8405-d4d0dcd6882f","ABBY_069.basePlot.vst","2016-08-23","vst_ABBY_2016","D16","ABBY","ABBY_069",,"NEON.PLA.D16.ABBY.01074","ok","sapling","Live",,,1.2,,,,,,,,1.0,10,,,,"9LLQP2zAGBxvuMR8VfqNBDkoxuflTlB1mTYNJb/lQSw=","44cxFOBMZI22hWVpb15dHmbzDXzecVK4","legacyData"
"61c18d71-db00-4bbf-86d5-94711b613eba","ABBY_069.basePlot.vst","2016-08-23","vst_ABBY_2016","D16","ABBY","ABBY_069",,"NEON.PLA.D16.ABBY.01105","ok","sapling","Live",,,1.6,,,,,,,,1.3,,,,,"9LLQP2zAGBxvuMR8VfqNBDkoxuflTlB1mTYNJb/lQSw=","44cxFOBMZI22hWVpb15dHmbzDXzecVK4","legacyData"
"76fc8ec4-2acb-4503-be2f-fca32109cb18","ABBY_069.basePlot.vst","2016-08-23","vst_ABBY_2016","D16","ABBY","ABBY_069",,"NEON.PLA.D16.ABBY.01073","ok","small tree","Live",1.6,130,2.4,,,,,,,,,,,,,"9LLQP2zAGBxvuMR8VfqNBDkoxuflTlB1mTYNJb/lQSw=","44cxFOBMZI22hWVpb15dHmbzDXzecVK4","legacyData"
"36b382ae-3287-4547-955d-fb37bb8301c4","ABBY_069.basePlot.vst","2016-08-23","vst_ABBY_2016","D16","ABBY","ABBY_069",,"NEON.PLA.D16.ABBY.01041","ok","small tree","Live",1.8,10,2.2,,,,,,,,,,,,,"9LLQP2zAGBxvuMR8VfqNBDkoxuflTlB1mTYNJb/lQSw=","44cxFOBMZI22hWVpb15dHmbzDXzecVK4","legacyData"
"4771f5b4-4536-4864-9f49-dba68012062b","ABBY_069.basePlot.vst","2016-08-23","vst_ABBY_2016","D16","ABBY","ABBY_069",,"NEON.PLA.D16.ABBY.00872","ok","small tree","Live",7.5,130,6.4,,,,,,,,,,,,,"9LLQP2zAGBxvuMR8VfqNBDkoxuflTlB1mTYNJb/lQSw=","44cxFOBMZI22hWVpb15dHmbzDXzecVK4","legacyData"
"12b35fec-f945-4f57-980e-74f8b0bfd182","ABBY_069.basePlot.vst","2016-08-23","vst_ABBY_2016","D16","ABBY","ABBY_069",,"NEON.PLA.D16.ABBY.01044","ok","small tree","Live",1.0,1,2.8,,,,,,,,1.0,,,,,"9LLQP2zAGBxvuMR8VfqNBDkoxuflTlB1mTYNJb/lQSw=","44cxFOBMZI22hWVpb15dHmbzDXzecVK4","legacyData"
"4b54416d-d7f5-4443-b45c-d27813eabcb8","ABBY_069.basePlot.vst","2016-08-23","vst_ABBY_2016","D16","ABBY","ABBY_069",,"NEON.PLA.D16.ABBY.01076","ok","sapling","Live",,,1.3,,,,,,,,1.3,10,,,,"9LLQP2zAGBxvuMR8VfqNBDkoxuflTlB1mTYNJb/lQSw=","44cxFOBMZI22hWVpb15dHmbzDXzecVK4","legacyData"
"39a3bafd-9438-4f68-9f1b-79e5494b612d","ABBY_069.basePlot.vst","2016-08-23","vst_ABBY_2016","D16","ABBY","ABBY_069",,"NEON.PLA.D16.ABBY.00818","ok","sapling","Live",,,0.8,,,,,,,,1.2,10,,,,"9LLQP2zAGBxvuMR8VfqNBDkoxuflTlB1mTYNJb/lQSw=","44cxFOBMZI22hWVpb15dHmbzDXzecVK4","legacyData"
"c479499a-9e1e-466d-9619-17dddb2495da","ABBY_069.basePlot.vst","2016-08-23","vst_ABBY_2016","D16","ABBY","ABBY_069",,"NEON.PLA.D16.ABBY.01044","ok","small tree","Live",1.4,10,2.8,,,,,,,,1.4,,,,,"9LLQP2zAGBxvuMR8VfqNBDkoxuflTlB1mTYNJb/lQSw=","44cxFOBMZI22hWVpb15dHmbzDXzecVK4","legacyData"
"3c0bce1c-e4e0-4be0-a3a7-bc15ce53c3e5","ABBY_069.basePlot.vst","2016-08-23","vst_ABBY_2016","D16","ABBY","ABBY_069",,"NEON.PLA.D16.ABBY.00840","ok","small tree","Live",4.3,130,3.8,,,,,,,,,,,,,"9LLQP2zAGBxvuMR8VfqNBDkoxuflTlB1mTYNJb/lQSw=","44cxFOBMZI22hWVpb15dHmbzDXzecVK4","legacyData"
"94a01b46-b40e-4045-a561-0129e0f0889a","ABBY_069.basePlot.vst","2016-08-23","vst_ABBY_2016","D16","ABBY","ABBY_069",,"NEON.PLA.D16.ABBY.00874","ok","sapling","Live",,,2.8,,,,,,,,1.3,10,,,,"9LLQP2zAGBxvuMR8VfqNBDkoxuflTlB1mTYNJb/lQSw=","44cxFOBMZI22hWVpb15dHmbzDXzecVK4","legacyData"
"409eb694-f5b3-4209-8431-e0e33e1415ec","ABBY_069.basePlot.vst","2016-08-23","vst_ABBY_2016","D16","ABBY","ABBY_069",,"NEON.PLA.D16.ABBY.01044","ok","small tree","Live",1.9,130,2.8,,,,,,,,1.9,,,,,"9LLQP2zAGBxvuMR8VfqNBDkoxuflTlB1mTYNJb/lQSw=","44cxFOBMZI22hWVpb15dHmbzDXzecVK4","legacyData"
"496d2745-ba8a-42a6-9401-22b0c0e338f3","ABBY_069.basePlot.vst","2016-08-23","vst_ABBY_2016","D16","ABBY","ABBY_069",,"NEON.PLA.D16.ABBY.01073","ok","small tree","Live",1.7,10,2.4,,,,,,,,,,,,,"9LLQP2zAGBxvuMR8VfqNBDkoxuflTlB1mTYNJb/lQSw=","44cxFOBMZI22hWVpb15dHmbzDXzecVK4","legacyData"
"215ef36d-f0dd-4845-b6de-673fd6d2e72a","ABBY_069.basePlot.vst","2016-08-23","vst_ABBY_2016","D16","ABBY","ABBY_069",,"NEON.PLA.D16.ABBY.01041","ok","small tree","Live",1.9,10,2.2,,,,,,,,,,,,,"9LLQP2zAGBxvuMR8VfqNBDkoxuflTlB1mTYNJb/lQSw=","44cxFOBMZI22hWVpb15dHmbzDXzecVK4","legacyData"
"d6838d05-2cde-4be9-a20b-eafe528d86da","ABBY_069.basePlot.vst","2016-08-23","vst_ABBY_2016","D16","ABBY","ABBY_069",,"NEON.PLA.D16.ABBY.01195","ok","small shrub","Live",,,1.8,,,,1.0,0.5,,"cylinder",1.1,10,,,,"9LLQP2zAGBxvuMR8VfqNBDkoxuflTlB1mTYNJb/lQSw=","44cxFOBMZI22hWVpb15dHmbzDXzecVK4","legacyData"
"7668f6d2-266d-4bb6-8ac6-c0472b500879","ABBY_069.basePlot.vst","2016-08-23","vst_ABBY_2016","D16","ABBY","ABBY_069",,"NEON.PLA.D16.ABBY.01041","ok","small tree","Live",1.8,20,2.2,,,,,,,,,,,,,"9LLQP2zAGBxvuMR8VfqNBDkoxuflTlB1mTYNJb/lQSw=","44cxFOBMZI22hWVpb15dHmbzDXzecVK4","legacyData"
"bf1aa212-3a96-4994-b6b3-d5e80ce75e3c","ABBY_069.basePlot.vst","2016-08-23","vst_ABBY_2016","D16","ABBY","ABBY_069",,"NEON.PLA.D16.ABBY.01044","ok","small tree","Live",1.1,130,2.8,,,,,,,,1.1,,,,,"9LLQP2zAGBxvuMR8VfqNBDkoxuflTlB1mTYNJb/lQSw=","44cxFOBMZI22hWVpb15dHmbzDXzecVK4","legacyData"
"b51d010f-dc3e-4d2c-a03f-5f6504dfbbb6","ABBY_069.basePlot.vst","2016-08-23","vst_ABBY_2016","D16","ABBY","ABBY_069",,"NEON.PLA.D16.ABBY.01192","ok","sapling","Live",,,1.3,,,,2.0,,,,2.0,10,,,,"9LLQP2zAGBxvuMR8VfqNBDkoxuflTlB1mTYNJb/lQSw=","44cxFOBMZI22hWVpb15dHmbzDXzecVK4","legacyData"
"2fa9464f-268e-42b2-9b5f-f06b40b5b8a5","ABBY_069.basePlot.vst","2016-08-23","vst_ABBY_2016","D16","ABBY","ABBY_069",,"NEON.PLA.D16.ABBY.01073","ok","small tree","Live",1.4,10,2.4,,,,,,,,,,,,,"9LLQP2zAGBxvuMR8VfqNBDkoxuflTlB1mTYNJb/lQSw=","44cxFOBMZI22hWVpb15dHmbzDXzecVK4","legacyData"
"9d0677c4-498d-4b8c-a169-5ebd5add28fc","ABBY_069.basePlot.vst","2016-08-23","vst_ABBY_2016","D16","ABBY","ABBY_069",,"NEON.PLA.D16.ABBY.00857","ok","sapling","Live",,,1.8,,,,3.0,,,,3.3,10,,,,"9LLQP2zAGBxvuMR8VfqNBDkoxuflTlB1mTYNJb/lQSw=","44cxFOBMZI22hWVpb15dHmbzDXzecVK4","legacyData"
"55c8e60c-b400-4d58-92b6-ccda216f1139","ABBY_069.basePlot.vst","2016-08-23","vst_ABBY_2016","D16","ABBY","ABBY_069",,"NEON.PLA.D16.ABBY.00858","ok","sapling","Live",,,1.3,,,,,,,,3.0,10,,,,"9LLQP2zAGBxvuMR8VfqNBDkoxuflTlB1mTYNJb/lQSw=","44cxFOBMZI22hWVpb15dHmbzDXzecVK4","legacyData"
"632e173d-8502-4e69-88e0-e3e86c254a5a","ABBY_069.basePlot.vst","2016-08-23","vst_ABBY_2016","D16","ABBY","ABBY_069",,"NEON.PLA.D16.ABBY.01183","ok","sapling","Live",,,1.3,,,,,,,,1.0,10,,,,"9LLQP2zAGBxvuMR8VfqNBDkoxuflTlB1mTYNJb/lQSw=","44cxFOBMZI22hWVpb15dHmbzDXzecVK4","legacyData"
"f3c8e98f-6047-4efa-8b81-40c8c0d49d36","ABBY_069.basePlot.vst","2016-08-23","vst_ABBY_2016","D16","ABBY","ABBY_069",,"NEON.PLA.D16.ABBY.01044","ok","small tree","Live",1.1,10,2.8,,,,,,,,1.1,,,,,"9LLQP2zAGBxvuMR8VfqNBDkoxuflTlB1mTYNJb/lQSw=","44cxFOBMZI22hWVpb15dHmbzDXzecVK4","legacyData"
"4523c7b5-03aa-4962-adb2-60da3585cfaa","ABBY_069.basePlot.vst","2016-08-23","vst_ABBY_2016","D16","ABBY","ABBY_069",,"NEON.PLA.D16.ABBY.01073","ok","small tree","Live",1.2,10,2.4,,,,,,,,,,,,,"9LLQP2zAGBxvuMR8VfqNBDkoxuflTlB1mTYNJb/lQSw=","44cxFOBMZI22hWVpb15dHmbzDXzecVK4","legacyData"
"c45087ae-0cca-4ea5-84dd-d2ddcb71d26c","ABBY_069.basePlot.vst","2016-08-23","vst_ABBY_2016","D16","ABBY","ABBY_069",,"NEON.PLA.D16.ABBY.01077","ok","small shrub","Live",,,2.0,,,,0.8,0.6,,"cylinder",2.7,10,,,,"9LLQP2zAGBxvuMR8VfqNBDkoxuflTlB1mTYNJb/lQSw=","44cxFOBMZI22hWVpb15dHmbzDXzecVK4","legacyData"
"e0d4508d-eb0f-47e2-9e53-b7a330d2d270","ABBY_069.basePlot.vst","2016-08-23","vst_ABBY_2016","D16","ABBY","ABBY_069",,"NEON.PLA.D16.ABBY.01044","ok","small tree","Live",1.3,130,2.8,,,,,,,,1.3,,,,,"9LLQP2zAGBxvuMR8VfqNBDkoxuflTlB1mTYNJb/lQSw=","44cxFOBMZI22hWVpb15dHmbzDXzecVK4","legacyData"
"9afbdbe6-dd2e-4cfc-8712-3249102c2a6f","ABBY_069.basePlot.vst","2016-08-23","vst_ABBY_2016","D16","ABBY","ABBY_069",,"NEON.PLA.D16.ABBY.01041","ok","small tree","Live",1.4,10,2.2,,,,,,,,,,,,,"9LLQP2zAGBxvuMR8VfqNBDkoxuflTlB1mTYNJb/lQSw=","44cxFOBMZI22hWVpb15dHmbzDXzecVK4","legacyData"
"f8a1cb84-8aaa-49ea-bee5-8e8c75df3ad3","ABBY_069.basePlot.vst","2016-08-23","vst_ABBY_2016","D16","ABBY","ABBY_069",,"NEON.PLA.D16.ABBY.00862","ok","small tree","Live",130.0,3,2.9,,,,,,,,,,,,,"9LLQP2zAGBxvuMR8VfqNBDkoxuflTlB1mTYNJb/lQSw=","44cxFOBMZI22hWVpb15dHmbzDXzecVK4","legacyData"
"75cd4bf9-9d07-40ab-a42f-f55b8ee43483","ABBY_069.basePlot.vst","2016-08-23","vst_ABBY_2016","D16","ABBY","ABBY_069",,"NEON.PLA.D16.ABBY.01041","ok","small tree","Live",1.5,10,2.2,,,,,,,,,,,,,"9LLQP2zAGBxvuMR8VfqNBDkoxuflTlB1mTYNJb/lQSw=","44cxFOBMZI22hWVpb15dHmbzDXzecVK4","legacyData"
"30075a9d-eb33-4993-8acb-2764ede29159","ABBY_069.basePlot.vst","2016-08-23","vst_ABBY_2016","D16","ABBY","ABBY_069",,"NEON.PLA.D16.ABBY.01195","ok","small shrub","Live",,,1.8,,,,1.0,0.5,,"cylinder",1.4,10,,,,"9LLQP2zAGBxvuMR8VfqNBDkoxuflTlB1mTYNJb/lQSw=","44cxFOBMZI22hWVpb15dHmbzDXzecVK4","legacyData"
"fc93454b-299b-41a9-9b66-58362695ba7f","ABBY_069.basePlot.vst","2016-08-23","vst_ABBY_2016","D16","ABBY","ABBY_069",,"NEON.PLA.D16.ABBY.01195","ok","small shrub","Live",,,1.8,,,,1.0,0.5,,"cylinder",1.0,10,,,,"9LLQP2zAGBxvuMR8VfqNBDkoxuflTlB1mTYNJb/lQSw=","44cxFOBMZI22hWVpb15dHmbzDXzecVK4","legacyData"
"35af5d52-751b-42f6-9f06-6ebb08406369","ABBY_069.basePlot.vst","2016-08-23","vst_ABBY_2016","D16","ABBY","ABBY_069",,"NEON.PLA.D16.ABBY.01197","ok","sapling","Live",,,2.0,,,,,,,,1.0,10,,,,"9LLQP2zAGBxvuMR8VfqNBDkoxuflTlB1mTYNJb/lQSw=","44cxFOBMZI22hWVpb15dHmbzDXzecVK4","legacyData"
"84124591-5f92-492e-81ba-6195cad3b6c0","ABBY_064.basePlot.vst","2016-08-25","vst_ABBY_2016","D16","ABBY","ABBY_064",,"NEON.PLA.D16.ABBY.01064","ok","small shrub","Live",,,1.0,0.5,,,0.9,0.8,,"ellipsoid or sphere",1.3,10,,,,"Q4o8tWAhjVwOyekQ+1tRCYVn1WwJXiVR","44cxFOBMZI22hWVpb15dHmbzDXzecVK4","legacyData"
"2f824596-f043-4e5b-9361-d912b85bf5ac","ABBY_064.basePlot.vst","2016-08-25","vst_ABBY_2016","D16","ABBY","ABBY_064",,"NEON.PLA.D16.ABBY.00988","ok","small tree","Live",1.3,130,2.6,,,,,,,,,,,,,"Q4o8tWAhjVwOyekQ+1tRCYVn1WwJXiVR","44cxFOBMZI22hWVpb15dHmbzDXzecVK4","legacyData"
"e5055432-b518-4eec-963f-b2549e0b5ccb","ABBY_064.basePlot.vst","2016-08-25","vst_ABBY_2016","D16","ABBY","ABBY_064",,"NEON.PLA.D16.ABBY.01055","ok","sapling","Live",,,2.4,,,,1.8,,,,1.8,10,,,,"Q4o8tWAhjVwOyekQ+1tRCYVn1WwJXiVR","44cxFOBMZI22hWVpb15dHmbzDXzecVK4","legacyData"
"ec1e9886-0383-45f7-b3e1-4313f55d77cb","ABBY_064.basePlot.vst","2016-08-25","vst_ABBY_2016","D16","ABBY","ABBY_064",,"NEON.PLA.D16.ABBY.01047","ok","single shrub","Live",3.3,130,4.8,,,,6.1,2.8,,"oblate half-sphere",4.5,10,,,,"Q4o8tWAhjVwOyekQ+1tRCYVn1WwJXiVR","44cxFOBMZI22hWVpb15dHmbzDXzecVK4","legacyData"
"87812c3e-6e44-48a7-9e30-d7a4ed715c64","ABBY_064.basePlot.vst","2016-08-25","vst_ABBY_2016","D16","ABBY","ABBY_064",,"NEON.PLA.D16.ABBY.01018","ok","sapling","Live",,,2.0,,,,,,,,1.7,10,,,,"Q4o8tWAhjVwOyekQ+1tRCYVn1WwJXiVR","44cxFOBMZI22hWVpb15dHmbzDXzecVK4","legacyData"
"d8d5c497-bc52-4f16-a511-fc337b38a6dd","ABBY_064.basePlot.vst","2016-08-25","vst_ABBY_2016","D16","ABBY","ABBY_064",,"NEON.PLA.D16.ABBY.01070","ok","small shrub","Live",,,1.4,0.8,,,0.9,0.8,,"ellipsoid or sphere",1.4,10,,,,"Q4o8tWAhjVwOyekQ+1tRCYVn1WwJXiVR","44cxFOBMZI22hWVpb15dHmbzDXzecVK4","legacyData"
"1bba8cbe-543e-4bfc-ab32-c936f93e76cd","ABBY_064.basePlot.vst","2016-08-25","vst_ABBY_2016","D16","ABBY","ABBY_064",,"NEON.PLA.D16.ABBY.01026","ok","small tree","Live",1.3,10,2.6,,,,,,,,,,,,"Mutli stemmed tree","Q4o8tWAhjVwOyekQ+1tRCYVn1WwJXiVR","44cxFOBMZI22hWVpb15dHmbzDXzecVK4","legacyData"
"c1810c46-3890-49e8-9896-b7409a74d679","ABBY_064.basePlot.vst","2016-08-25","vst_ABBY_2016","D16","ABBY","ABBY_064",,"NEON.PLA.D16.ABBY.01026","ok","small tree","Live",1.2,130,2.6,,,,,,,,,,,,"Mutli stemmed tree","Q4o8tWAhjVwOyekQ+1tRCYVn1WwJXiVR","44cxFOBMZI22hWVpb15dHmbzDXzecVK4","legacyData"
"2e8e4de6-aa74-4b5d-9faa-f98d43765b73","ABBY_064.basePlot.vst","2016-08-25","vst_ABBY_2016","D16","ABBY","ABBY_064",,"NEON.PLA.D16.ABBY.01047","ok","single shrub","Live",3.3,130,4.8,,,,6.1,2.8,,"oblate half-sphere",4.4,10,,,,"Q4o8tWAhjVwOyekQ+1tRCYVn1WwJXiVR","44cxFOBMZI22hWVpb15dHmbzDXzecVK4","legacyData"
"2bf7bb4f-640d-4cf4-b6e6-e0c63355a963","ABBY_064.basePlot.vst","2016-08-25","vst_ABBY_2016","D16","ABBY","ABBY_064",,"NEON.PLA.D16.ABBY.00986","ok","single bole tree","Live",10.8,130,7.6,,,,,,,,,,,,,"Q4o8tWAhjVwOyekQ+1tRCYVn1WwJXiVR","44cxFOBMZI22hWVpb15dHmbzDXzecVK4","legacyData"
"03d81ef9-4360-4a77-8a05-a4d829234a18","ABBY_064.basePlot.vst","2016-08-25","vst_ABBY_2016","D16","ABBY","ABBY_064",,"NEON.PLA.D16.ABBY.01050","ok","sapling","Live",,,1.7,,,,,,,,2.1,10,,,,"Q4o8tWAhjVwOyekQ+1tRCYVn1WwJXiVR","44cxFOBMZI22hWVpb15dHmbzDXzecVK4","legacyData"
"c9b41e52-fc39-48fd-b4ac-7b0c5f139682","ABBY_064.basePlot.vst","2016-08-25","vst_ABBY_2016","D16","ABBY","ABBY_064",,"NEON.PLA.D16.ABBY.00684","ok","small tree","Live",2.7,130,2.6,,,,,,,,,,,,,"Q4o8tWAhjVwOyekQ+1tRCYVn1WwJXiVR","44cxFOBMZI22hWVpb15dHmbzDXzecVK4","legacyData"
"0dd2d800-4b0f-4b79-86ec-61b5a2c492f3","ABBY_064.basePlot.vst","2016-08-25","vst_ABBY_2016","D16","ABBY","ABBY_064",,"NEON.PLA.D16.ABBY.01046","ok","small tree","Live",1.4,130,2.2,,,,,,,,,,,,,"Q4o8tWAhjVwOyekQ+1tRCYVn1WwJXiVR","44cxFOBMZI22hWVpb15dHmbzDXzecVK4","legacyData"
"b30e636d-1f06-46c8-bbe1-ccc6d18b278e","ABBY_064.basePlot.vst","2016-08-25","vst_ABBY_2016","D16","ABBY","ABBY_064",,"NEON.PLA.D16.ABBY.01009","ok","single shrub","Live",,,2.7,,,,1.6,1.0,,"inverted cone",1.4,10,,,,"Q4o8tWAhjVwOyekQ+1tRCYVn1WwJXiVR","44cxFOBMZI22hWVpb15dHmbzDXzecVK4","legacyData"
"91de9839-f76f-45a0-b711-29c65b3a096c","ABBY_064.basePlot.vst","2016-08-25","vst_ABBY_2016","D16","ABBY","ABBY_064",,"NEON.PLA.D16.ABBY.01027","ok","single shrub","Live",2.1,130,3.4,0.6,,,1.8,1.1,,"ellipsoid or sphere",3.6,10,,,,"Q4o8tWAhjVwOyekQ+1tRCYVn1WwJXiVR","44cxFOBMZI22hWVpb15dHmbzDXzecVK4","legacyData"
"3c866b0a-c3e5-4975-a289-58bf6df26030","ABBY_064.basePlot.vst","2016-08-25","vst_ABBY_2016","D16","ABBY","ABBY_064",,"NEON.PLA.D16.ABBY.01057","ok","small tree","Live",2.2,130,2.9,,,,,,,,,,,,,"Q4o8tWAhjVwOyekQ+1tRCYVn1WwJXiVR","44cxFOBMZI22hWVpb15dHmbzDXzecVK4","legacyData"
"05fecf72-feff-40a0-b820-71bb88fe7fb1","ABBY_064.basePlot.vst","2016-08-25","vst_ABBY_2016","D16","ABBY","ABBY_064",,"NEON.PLA.D16.ABBY.00809","ok","single bole tree","Standing dead",57.2,130,2.1,,,,,,,,,,,,"dead plant","Q4o8tWAhjVwOyekQ+1tRCYVn1WwJXiVR","44cxFOBMZI22hWVpb15dHmbzDXzecVK4","legacyData"
"84f0be77-2d32-40f8-bd87-2502ed1bb4f6","ABBY_064.basePlot.vst","2016-08-25","vst_ABBY_2016","D16","ABBY","ABBY_064",,"NEON.PLA.D16.ABBY.01048","ok","small shrub","Live",,,1.5,,,,0.5,0.5,,"cylinder",2.2,10,,,,"Q4o8tWAhjVwOyekQ+1tRCYVn1WwJXiVR","44cxFOBMZI22hWVpb15dHmbzDXzecVK4","legacyData"
"46d85258-2b0d-4b1c-b6b7-e272cbe18b26","ABBY_064.basePlot.vst","2016-08-25","vst_ABBY_2016","D16","ABBY","ABBY_064",,"NEON.PLA.D16.ABBY.01047","ok","single shrub","Live",2.8,130,4.8,,,,6.1,2.8,,"oblate half-sphere",3.4,10,,,,"Q4o8tWAhjVwOyekQ+1tRCYVn1WwJXiVR","44cxFOBMZI22hWVpb15dHmbzDXzecVK4","legacyData"
"e72005b4-a91b-4fe7-9576-b2dba2a2a675","ABBY_064.basePlot.vst","2016-08-25","vst_ABBY_2016","D16","ABBY","ABBY_064",,"NEON.PLA.D16.ABBY.01057","ok","small tree","Live",1.5,130,2.9,,,,,,,,,,,,,"Q4o8tWAhjVwOyekQ+1tRCYVn1WwJXiVR","44cxFOBMZI22hWVpb15dHmbzDXzecVK4","legacyData"
"4f1a92e4-6921-42aa-b76f-58e37dd1a909","ABBY_064.basePlot.vst","2016-08-25","vst_ABBY_2016","D16","ABBY","ABBY_064",,"NEON.PLA.D16.ABBY.01071","ok","small shrub","Live",,,1.1,0.3,,,1.5,1.1,,"ellipsoid or sphere",1.3,10,,,,"Q4o8tWAhjVwOyekQ+1tRCYVn1WwJXiVR","44cxFOBMZI22hWVpb15dHmbzDXzecVK4","legacyData"
"029d2abb-913c-423a-a870-c92fcacc9656","ABBY_064.basePlot.vst","2016-08-25","vst_ABBY_2016","D16","ABBY","ABBY_064",,"NEON.PLA.D16.ABBY.01067","ok","small shrub","Live",,,1.3,0.8,,,0.8,0.7,,"ellipsoid or sphere",1.2,10,,,,"Q4o8tWAhjVwOyekQ+1tRCYVn1WwJXiVR","44cxFOBMZI22hWVpb15dHmbzDXzecVK4","legacyData"
"8cc0a7e9-ebfd-4f3b-8a48-ce9a297329b1","ABBY_064.basePlot.vst","2016-08-25","vst_ABBY_2016","D16","ABBY","ABBY_064",,"NEON.PLA.D16.ABBY.01101","ok","small tree","Live",1.2,130,2.4,,,,,,,,,,,,,"Q4o8tWAhjVwOyekQ+1tRCYVn1WwJXiVR","44cxFOBMZI22hWVpb15dHmbzDXzecVK4","legacyData"
"a320b48c-55d1-4a90-9daf-6eed6bf2a1e8","ABBY_064.basePlot.vst","2016-08-25","vst_ABBY_2016","D16","ABBY","ABBY_064",,"NEON.PLA.D16.ABBY.01047","ok","single shrub","Live",,,4.8,,,,6.1,2.8,,"oblate half-sphere",1.5,10,,,,"Q4o8tWAhjVwOyekQ+1tRCYVn1WwJXiVR","44cxFOBMZI22hWVpb15dHmbzDXzecVK4","legacyData"
"2348035e-6784-44f0-9cfd-0c3f02cd7365","ABBY_064.basePlot.vst","2016-08-25","vst_ABBY_2016","D16","ABBY","ABBY_064",,"NEON.PLA.D16.ABBY.01009","ok","single shrub","Live",,,2.7,,,,1.6,1.0,,"inverted cone",1.9,10,,,,"Q4o8tWAhjVwOyekQ+1tRCYVn1WwJXiVR","44cxFOBMZI22hWVpb15dHmbzDXzecVK4","legacyData"
"5d978bb8-fa4b-48a7-9547-544e02f5f237","ABBY_064.basePlot.vst","2016-08-25","vst_ABBY_2016","D16","ABBY","ABBY_064",,"NEON.PLA.D16.ABBY.01047","ok","single shrub","Live",4.0,130,4.8,,,,6.1,2.8,,"oblate half-sphere",5.1,10,,,,"Q4o8tWAhjVwOyekQ+1tRCYVn1WwJXiVR","44cxFOBMZI22hWVpb15dHmbzDXzecVK4","legacyData"
"85d563ae-1125-439a-a485-bf78f7fbce01","ABBY_064.basePlot.vst","2016-08-25","vst_ABBY_2016","D16","ABBY","ABBY_064",,"NEON.PLA.D16.ABBY.01052","ok","small tree","Live",1.5,130,2.5,,,,,,,,,,,,,"Q4o8tWAhjVwOyekQ+1tRCYVn1WwJXiVR","44cxFOBMZI22hWVpb15dHmbzDXzecVK4","legacyData"
"0ca4c34d-78d1-4248-9e30-59626c1f8dfb","ABBY_064.basePlot.vst","2016-08-25","vst_ABBY_2016","D16","ABBY","ABBY_064",,"NEON.PLA.D16.ABBY.01047","ok","single shrub","Live",3.0,130,4.8,,,,6.1,2.8,,"oblate half-sphere",3.5,10,,,,"Q4o8tWAhjVwOyekQ+1tRCYVn1WwJXiVR","44cxFOBMZI22hWVpb15dHmbzDXzecVK4","legacyData"
"a3ae1971-5051-4195-9519-58a70efea4e6","ABBY_064.basePlot.vst","2016-08-25","vst_ABBY_2016","D16","ABBY","ABBY_064",,"NEON.PLA.D16.ABBY.01057","ok","small tree","Live",2.0,130,2.9,,,,,,,,,,,,,"Q4o8tWAhjVwOyekQ+1tRCYVn1WwJXiVR","44cxFOBMZI22hWVpb15dHmbzDXzecVK4","legacyData"
"7d69afed-d035-4d52-b49a-97567115509f","ABBY_064.basePlot.vst","2016-08-25","vst_ABBY_2016","D16","ABBY","ABBY_064",,"NEON.PLA.D16.ABBY.01027","ok","single shrub","Live",1.2,130,3.4,0.6,,,1.8,1.1,,"ellipsoid or sphere",1.6,10,,,,"Q4o8tWAhjVwOyekQ+1tRCYVn1WwJXiVR","44cxFOBMZI22hWVpb15dHmbzDXzecVK4","legacyData"
"86bb0248-b2d2-4ed0-85ab-dc02433347a6","ABBY_064.basePlot.vst","2016-08-25","vst_ABBY_2016","D16","ABBY","ABBY_064",,"NEON.PLA.D16.ABBY.01051","ok","sapling","Live",,,1.4,,,,,,,,1.4,10,,,"muti stemmed tree","Q4o8tWAhjVwOyekQ+1tRCYVn1WwJXiVR","44cxFOBMZI22hWVpb15dHmbzDXzecVK4","legacyData"
"f31bd78f-aa5c-419a-aae2-9fbe2aa55902","ABBY_064.basePlot.vst","2016-08-25","vst_ABBY_2016","D16","ABBY","ABBY_064",,"NEON.PLA.D16.ABBY.01009","ok","single shrub","Live",,,2.7,,,,1.6,1.0,,"inverted cone",1.1,10,,,,"Q4o8tWAhjVwOyekQ+1tRCYVn1WwJXiVR","44cxFOBMZI22hWVpb15dHmbzDXzecVK4","legacyData"
"2d00a14a-13df-42b3-90ed-fd074f3ec1ea","ABBY_064.basePlot.vst","2016-08-25","vst_ABBY_2016","D16","ABBY","ABBY_064",,"NEON.PLA.D16.ABBY.01056","ok","small tree","Live",1.4,130,2.4,,,,,,,,,,,,,"Q4o8tWAhjVwOyekQ+1tRCYVn1WwJXiVR","44cxFOBMZI22hWVpb15dHmbzDXzecVK4","legacyData"
"e804c3bc-d90f-475b-aa16-a3957bcc5abf","ABBY_064.basePlot.vst","2016-08-25","vst_ABBY_2016","D16","ABBY","ABBY_064",,"NEON.PLA.D16.ABBY.01047","ok","single shrub","Live",3.9,130,4.8,,,,6.1,2.8,,"oblate half-sphere",4.6,10,,,,"Q4o8tWAhjVwOyekQ+1tRCYVn1WwJXiVR","44cxFOBMZI22hWVpb15dHmbzDXzecVK4","legacyData"
"d6d8e1d3-b2a4-4ed4-a58e-0fa714f93fa2","ABBY_064.basePlot.vst","2016-08-25","vst_ABBY_2016","D16","ABBY","ABBY_064",,"NEON.PLA.D16.ABBY.00991","ok","sapling","Live",,,1.7,,,,,,,,1.2,10,,,,"Q4o8tWAhjVwOyekQ+1tRCYVn1WwJXiVR","44cxFOBMZI22hWVpb15dHmbzDXzecVK4","legacyData"
"299d382d-5b2c-4092-af39-03af8cf192fa","ABBY_064.basePlot.vst","2016-08-25","vst_ABBY_2016","D16","ABBY","ABBY_064",,"NEON.PLA.D16.ABBY.01009","ok","single shrub","Live",1.1,130,2.7,,,,1.6,1.0,,"inverted cone",1.8,10,,,,"Q4o8tWAhjVwOyekQ+1tRCYVn1WwJXiVR","44cxFOBMZI22hWVpb15dHmbzDXzecVK4","legacyData"
"6d256bf1-67d3-4585-8b2c-6f389dfee25d","ABBY_064.basePlot.vst","2016-08-25","vst_ABBY_2016","D16","ABBY","ABBY_064",,"NEON.PLA.D16.ABBY.01057","ok","small tree","Live",2.0,130,2.9,,,,,,,,,,,,,"Q4o8tWAhjVwOyekQ+1tRCYVn1WwJXiVR","44cxFOBMZI22hWVpb15dHmbzDXzecVK4","legacyData"
"5a141828-e84a-4f15-abe5-7df03c852809","ABBY_064.basePlot.vst","2016-08-25","vst_ABBY_2016","D16","ABBY","ABBY_064",,"NEON.PLA.D16.ABBY.00683","ok","sapling","Live",,,0.9,,,,,,,,1.5,10,,,,"Q4o8tWAhjVwOyekQ+1tRCYVn1WwJXiVR","44cxFOBMZI22hWVpb15dHmbzDXzecVK4","legacyData"
"09c4a6f0-29c0-4cc2-b147-a2db42f7c931","ABBY_064.basePlot.vst","2016-08-25","vst_ABBY_2016","D16","ABBY","ABBY_064",,"NEON.PLA.D16.ABBY.00990","ok","single shrub","Live",1.1,130,2.4,1.2,,,0.8,0.7,,"ellipsoid or sphere",,,,,,"Q4o8tWAhjVwOyekQ+1tRCYVn1WwJXiVR","44cxFOBMZI22hWVpb15dHmbzDXzecVK4","legacyData"
"53952a67-cf35-4541-8091-5d025566bdda","ABBY_064.basePlot.vst","2016-08-25","vst_ABBY_2016","D16","ABBY","ABBY_064",,"NEON.PLA.D16.ABBY.01062","ok","small shrub","Live",,,0.8,0.3,,,0.9,0.6,,"ellipsoid or sphere",1.2,10,,,,"Q4o8tWAhjVwOyekQ+1tRCYVn1WwJXiVR","44cxFOBMZI22hWVpb15dHmbzDXzecVK4","legacyData"
"a1c23d3c-8320-41cf-adca-b9c20273f1e8","ABBY_064.basePlot.vst","2016-08-25","vst_ABBY_2016","D16","ABBY","ABBY_064",,"NEON.PLA.D16.ABBY.01026","ok","small tree","Live",1.4,130,2.6,,,,,,,,,,,,"Mutli stemmed tree","Q4o8tWAhjVwOyekQ+1tRCYVn1WwJXiVR","44cxFOBMZI22hWVpb15dHmbzDXzecVK4","legacyData"
"1856e2b8-a213-4939-b544-101dcd70c919","ABBY_064.basePlot.vst","2016-08-25","vst_ABBY_2016","D16","ABBY","ABBY_064",,"NEON.PLA.D16.ABBY.01023","ok","small tree","Live",1.9,130,2.9,,,,,,,,,,,,"Mutli stemmed tree","Q4o8tWAhjVwOyekQ+1tRCYVn1WwJXiVR","44cxFOBMZI22hWVpb15dHmbzDXzecVK4","legacyData"
"050d4ae9-3283-4a15-b1a9-71728b6b39b4","ABBY_064.basePlot.vst","2016-08-25","vst_ABBY_2016","D16","ABBY","ABBY_064",,"NEON.PLA.D16.ABBY.01014","ok","sapling","Live",,,2.5,,,,,,,,1.5,10,,,,"Q4o8tWAhjVwOyekQ+1tRCYVn1WwJXiVR","44cxFOBMZI22hWVpb15dHmbzDXzecVK4","legacyData"
"9298fac3-85c6-4322-8502-56fd4d877e81","ABBY_064.basePlot.vst","2016-08-25","vst_ABBY_2016","D16","ABBY","ABBY_064",,"NEON.PLA.D16.ABBY.01021","ok","sapling","Live",,,2.1,,,,,,,,1.6,10,,,,"Q4o8tWAhjVwOyekQ+1tRCYVn1WwJXiVR","44cxFOBMZI22hWVpb15dHmbzDXzecVK4","legacyData"
"bde0dac1-7578-429b-b552-11c5168b33d3","ABBY_064.basePlot.vst","2016-08-25","vst_ABBY_2016","D16","ABBY","ABBY_064",,"NEON.PLA.D16.ABBY.01068","ok","small shrub","Live",,,1.3,0.8,,,0.8,0.5,,"ellipsoid or sphere",1.4,10,,,,"Q4o8tWAhjVwOyekQ+1tRCYVn1WwJXiVR","44cxFOBMZI22hWVpb15dHmbzDXzecVK4","legacyData"
"90df17dc-1bcf-485f-a846-df1d8da79e6c","ABBY_064.basePlot.vst","2016-08-25","vst_ABBY_2016","D16","ABBY","ABBY_064",,"NEON.PLA.D16.ABBY.01016","ok","sapling","Live",,,1.4,,,,,,,,1.2,10,,,,"Q4o8tWAhjVwOyekQ+1tRCYVn1WwJXiVR","44cxFOBMZI22hWVpb15dHmbzDXzecVK4","legacyData"
"a36fa3e3-0836-4fe8-a5de-912eded3c441","ABBY_064.basePlot.vst","2016-08-25","vst_ABBY_2016","D16","ABBY","ABBY_064",,"NEON.PLA.D16.ABBY.00995","ok","small tree","Live",1.6,130,2.1,,,,,,,,,,,,,"Q4o8tWAhjVwOyekQ+1tRCYVn1WwJXiVR","44cxFOBMZI22hWVpb15dHmbzDXzecVK4","legacyData"
"51fa3768-7ee0-4669-a094-034056b240cb","ABBY_064.basePlot.vst","2016-08-25","vst_ABBY_2016","D16","ABBY","ABBY_064",,"NEON.PLA.D16.ABBY.01063","ok","small shrub","Live",,,1.1,0.3,,,1.0,0.8,,"ellipsoid or sphere",1.3,10,,,,"Q4o8tWAhjVwOyekQ+1tRCYVn1WwJXiVR","44cxFOBMZI22hWVpb15dHmbzDXzecVK4","legacyData"
"fab3a9da-3932-4b22-9d38-59ef91a94010","ABBY_064.basePlot.vst","2016-08-25","vst_ABBY_2016","D16","ABBY","ABBY_064",,"NEON.PLA.D16.ABBY.00687","ok","small tree","Live",2.7,130,2.9,,,,,,,,,,,,,"Q4o8tWAhjVwOyekQ+1tRCYVn1WwJXiVR","44cxFOBMZI22hWVpb15dHmbzDXzecVK4","legacyData"
"52a5f849-9ca7-477d-9a8b-d1bfedd4528c","ABBY_064.basePlot.vst","2016-08-25","vst_ABBY_2016","D16","ABBY","ABBY_064",,"NEON.PLA.D16.ABBY.00774","ok","sapling","Live",,,1.6,,,,,,,,1.0,10,,,,"Q4o8tWAhjVwOyekQ+1tRCYVn1WwJXiVR","44cxFOBMZI22hWVpb15dHmbzDXzecVK4","legacyData"
"dc072741-7d89-4c77-a72f-865e82766ba6","ABBY_064.basePlot.vst","2016-08-25","vst_ABBY_2016","D16","ABBY","ABBY_064",,"NEON.PLA.D16.ABBY.01057","ok","small tree","Live",2.4,130,2.9,,,,,,,,,,,,,"Q4o8tWAhjVwOyekQ+1tRCYVn1WwJXiVR","44cxFOBMZI22hWVpb15dHmbzDXzecVK4","legacyData"
"5e4a1d3b-a3d6-4f7e-ad8f-b0d979439ac3","ABBY_064.basePlot.vst","2016-08-25","vst_ABBY_2016","D16","ABBY","ABBY_064",,"NEON.PLA.D16.ABBY.01015","ok","small tree","Live",1.0,130,2.4,,,,,,,,,,,,,"Q4o8tWAhjVwOyekQ+1tRCYVn1WwJXiVR","44cxFOBMZI22hWVpb15dHmbzDXzecVK4","legacyData"
"2060976d-6b0b-4273-b102-94824bb8a350","ABBY_064.basePlot.vst","2016-08-25","vst_ABBY_2016","D16","ABBY","ABBY_064",,"NEON.PLA.D16.ABBY.01023","ok","small tree","Live",1.1,130,2.9,,,,,,,,,,,,"Mutli stemmed tree","Q4o8tWAhjVwOyekQ+1tRCYVn1WwJXiVR","44cxFOBMZI22hWVpb15dHmbzDXzecVK4","legacyData"
"5131078e-0829-4eb7-b195-60ce1406fc2a","ABBY_064.basePlot.vst","2016-08-25","vst_ABBY_2016","D16","ABBY","ABBY_064",,"NEON.PLA.D16.ABBY.01023","ok","small tree","Live",1.6,130,2.9,,,,,,,,,,,,"Mutli stemmed tree","Q4o8tWAhjVwOyekQ+1tRCYVn1WwJXiVR","44cxFOBMZI22hWVpb15dHmbzDXzecVK4","legacyData"
"0b468c84-58f2-4eed-b7c5-746d5563b494","ABBY_064.basePlot.vst","2016-08-25","vst_ABBY_2016","D16","ABBY","ABBY_064",,"NEON.PLA.D16.ABBY.01055","ok","sapling","Live",,,2.4,,,,,,,,1.5,10,,,,"Q4o8tWAhjVwOyekQ+1tRCYVn1WwJXiVR","44cxFOBMZI22hWVpb15dHmbzDXzecVK4","legacyData"
"0f0b2e51-e88a-4a61-8ba4-953c13851ab3","ABBY_064.basePlot.vst","2016-08-25","vst_ABBY_2016","D16","ABBY","ABBY_064",,"NEON.PLA.D16.ABBY.01028","ok","sapling","Live",,,1.5,,,,,,,,1.2,10,,,,"Q4o8tWAhjVwOyekQ+1tRCYVn1WwJXiVR","44cxFOBMZI22hWVpb15dHmbzDXzecVK4","legacyData"
"9f108030-a2b5-420a-a3d4-bb8464711e13","ABBY_064.basePlot.vst","2016-08-25","vst_ABBY_2016","D16","ABBY","ABBY_064",,"NEON.PLA.D16.ABBY.01023","ok","small tree","Live",1.4,130,2.9,,,,,,,,,,,,"Mutli stemmed tree","Q4o8tWAhjVwOyekQ+1tRCYVn1WwJXiVR","44cxFOBMZI22hWVpb15dHmbzDXzecVK4","legacyData"
"e3a1f075-fb03-428a-8d72-a37e7ac0e6a0","ABBY_064.basePlot.vst","2016-08-25","vst_ABBY_2016","D16","ABBY","ABBY_064",,"NEON.PLA.D16.ABBY.01023","ok","small tree","Live",2.0,130,2.9,,,,,,,,,,,,"Mutli stemmed tree","Q4o8tWAhjVwOyekQ+1tRCYVn1WwJXiVR","44cxFOBMZI22hWVpb15dHmbzDXzecVK4","legacyData"
"d758cb94-77f0-40a1-ad7c-40c0d8c0aa90","ABBY_064.basePlot.vst","2016-08-25","vst_ABBY_2016","D16","ABBY","ABBY_064",,"NEON.PLA.D16.ABBY.01021","ok","sapling","Live",,,2.1,,,,,,,,2.0,10,,,,"Q4o8tWAhjVwOyekQ+1tRCYVn1WwJXiVR","44cxFOBMZI22hWVpb15dHmbzDXzecVK4","legacyData"
"45bb958d-7b4a-4694-a46d-7ddac5a04c95","ABBY_064.basePlot.vst","2016-08-25","vst_ABBY_2016","D16","ABBY","ABBY_064",,"NEON.PLA.D16.ABBY.01018","ok","sapling","Live",,,2.0,,,,,,,,1.4,10,,,,"Q4o8tWAhjVwOyekQ+1tRCYVn1WwJXiVR","44cxFOBMZI22hWVpb15dHmbzDXzecVK4","legacyData"
"6ff3476c-c859-4ac6-b13b-2488d5fa1672","ABBY_064.basePlot.vst","2016-08-25","vst_ABBY_2016","D16","ABBY","ABBY_064",,"NEON.PLA.D16.ABBY.01060","ok","small shrub","Live",,,0.8,0.0,,,0.8,0.7,,"ellipsoid or sphere",1.1,10,,,,"Q4o8tWAhjVwOyekQ+1tRCYVn1WwJXiVR","44cxFOBMZI22hWVpb15dHmbzDXzecVK4","legacyData"
"fdc9a1b5-1f02-4f67-8b5d-5635302e125d","ABBY_064.basePlot.vst","2016-08-25","vst_ABBY_2016","D16","ABBY","ABBY_064",,"NEON.PLA.D16.ABBY.01054","ok","small shrub","Live",,,0.9,,,,0.7,0.7,,"inverted cone",1.0,10,0.20,0.20,,"Q4o8tWAhjVwOyekQ+1tRCYVn1WwJXiVR","44cxFOBMZI22hWVpb15dHmbzDXzecVK4","legacyData"
"6223d184-bd6a-45f6-a97f-e66dd707c489","ABBY_064.basePlot.vst","2016-08-25","vst_ABBY_2016","D16","ABBY","ABBY_064",,"NEON.PLA.D16.ABBY.01017","ok","sapling","Live",,,1.3,,,,,,,,2.6,10,,,,"Q4o8tWAhjVwOyekQ+1tRCYVn1WwJXiVR","44cxFOBMZI22hWVpb15dHmbzDXzecVK4","legacyData"
"f1e464c4-7800-4881-ae3b-c8fc2de77f5a","ABBY_064.basePlot.vst","2016-08-25","vst_ABBY_2016","D16","ABBY","ABBY_064",,"NEON.PLA.D16.ABBY.01051","ok","sapling","Live",,,1.4,,,,,,,,1.1,10,,,,"Q4o8tWAhjVwOyekQ+1tRCYVn1WwJXiVR","44cxFOBMZI22hWVpb15dHmbzDXzecVK4","legacyData"
"14c99a22-60d0-4baa-8df4-a164beb690da","ABBY_064.basePlot.vst","2016-08-25","vst_ABBY_2016","D16","ABBY","ABBY_064",,"NEON.PLA.D16.ABBY.01027","ok","single shrub","Live",1.2,130,3.4,0.6,,,1.8,1.1,,"ellipsoid or sphere",1.7,10,,,,"Q4o8tWAhjVwOyekQ+1tRCYVn1WwJXiVR","44cxFOBMZI22hWVpb15dHmbzDXzecVK4","legacyData"
"84ea0e09-a12e-4088-910f-187ba7a7af4d","ABBY_064.basePlot.vst","2016-08-25","vst_ABBY_2016","D16","ABBY","ABBY_064",,"NEON.PLA.D16.ABBY.01023","ok","small tree","Live",1.9,130,2.9,,,,,,,,,,,,"Mutli stemmed tree","Q4o8tWAhjVwOyekQ+1tRCYVn1WwJXiVR","44cxFOBMZI22hWVpb15dHmbzDXzecVK4","legacyData"
"4e273d08-a1f1-46a0-aa04-78d6f39db1ca","ABBY_064.basePlot.vst","2016-08-25","vst_ABBY_2016","D16","ABBY","ABBY_064",,"NEON.PLA.D16.ABBY.01027","ok","single shrub","Live",,,3.4,0.6,,,1.8,1.1,,"ellipsoid or sphere",1.1,10,,,,"Q4o8tWAhjVwOyekQ+1tRCYVn1WwJXiVR","44cxFOBMZI22hWVpb15dHmbzDXzecVK4","legacyData"
"9e53f250-c2c8-40df-a3b4-8e96dbdd5280","ABBY_064.basePlot.vst","2016-08-25","vst_ABBY_2016","D16","ABBY","ABBY_064",,"NEON.PLA.D16.ABBY.01055","ok","small tree","Live",1.0,130,2.4,,,,,,,,,,,,,"Q4o8tWAhjVwOyekQ+1tRCYVn1WwJXiVR","44cxFOBMZI22hWVpb15dHmbzDXzecVK4","legacyData"
"9f3477c7-b095-49bf-8bb2-083347304773","ABBY_064.basePlot.vst","2016-08-25","vst_ABBY_2016","D16","ABBY","ABBY_064",,"NEON.PLA.D16.ABBY.01066","ok","small shrub","Live",,,1.1,0.6,,,1.3,0.8,,"ellipsoid or sphere",1.1,10,,,,"Q4o8tWAhjVwOyekQ+1tRCYVn1WwJXiVR","44cxFOBMZI22hWVpb15dHmbzDXzecVK4","legacyData"
"6dab9d29-ab79-42e1-9c0d-789849176ef4","ABBY_064.basePlot.vst","2016-08-25","vst_ABBY_2016","D16","ABBY","ABBY_064",,"NEON.PLA.D16.ABBY.01023","ok","small tree","Live",1.2,130,2.9,,,,,,,,,,,,"Mutli stemmed tree","Q4o8tWAhjVwOyekQ+1tRCYVn1WwJXiVR","44cxFOBMZI22hWVpb15dHmbzDXzecVK4","legacyData"
"080025c7-d689-454c-ae5e-9caf46fdfa4e","ABBY_064.basePlot.vst","2016-08-25","vst_ABBY_2016","D16","ABBY","ABBY_064",,"NEON.PLA.D16.ABBY.01014","ok","sapling","Live",,,2.5,,,,,,,,1.8,10,,,,"Q4o8tWAhjVwOyekQ+1tRCYVn1WwJXiVR","44cxFOBMZI22hWVpb15dHmbzDXzecVK4","legacyData"
"38f37752-fb54-4b11-9ced-62a551abd67a","ABBY_064.basePlot.vst","2016-08-25","vst_ABBY_2016","D16","ABBY","ABBY_064",,"NEON.PLA.D16.ABBY.00987","ok","single bole tree","Live",57.3,130,42.8,,,,,,,,,,,,,"Q4o8tWAhjVwOyekQ+1tRCYVn1WwJXiVR","44cxFOBMZI22hWVpb15dHmbzDXzecVK4","legacyData"
"be1fd8a5-e157-4be8-8035-99ab7f3ab43e","ABBY_064.basePlot.vst","2016-08-25","vst_ABBY_2016","D16","ABBY","ABBY_064",,"NEON.PLA.D16.ABBY.01023","ok","small tree","Live",1.1,130,2.9,,,,,,,,,,,,"Mutli stemmed tree","Q4o8tWAhjVwOyekQ+1tRCYVn1WwJXiVR","44cxFOBMZI22hWVpb15dHmbzDXzecVK4","legacyData"
"32581c0e-ab83-4566-bf20-dacd5449202e","ABBY_064.basePlot.vst","2016-08-25","vst_ABBY_2016","D16","ABBY","ABBY_064",,"NEON.PLA.D16.ABBY.00996","ok","small tree","Live",1.5,130,3.2,,,,,,,,,,,,,"Q4o8tWAhjVwOyekQ+1tRCYVn1WwJXiVR","44cxFOBMZI22hWVpb15dHmbzDXzecVK4","legacyData"
"fcbc45ff-6d02-489d-9564-40908e4852c8","ABBY_064.basePlot.vst","2016-08-25","vst_ABBY_2016","D16","ABBY","ABBY_064",,"NEON.PLA.D16.ABBY.00992","ok","small tree","Live",1.2,130,2.2,,,,,,,,,,,,,"Q4o8tWAhjVwOyekQ+1tRCYVn1WwJXiVR","44cxFOBMZI22hWVpb15dHmbzDXzecVK4","legacyData"
"47c864cd-9c3d-4d6a-83dd-b3288bbdf86f","ABBY_064.basePlot.vst","2016-08-25","vst_ABBY_2016","D16","ABBY","ABBY_064",,"NEON.PLA.D16.ABBY.01051","ok","small tree","Live",1.8,130,1.4,,,,,,,,,,,,,"Q4o8tWAhjVwOyekQ+1tRCYVn1WwJXiVR","44cxFOBMZI22hWVpb15dHmbzDXzecVK4","legacyData"
"a1362794-30bd-49fc-b939-500233f0ce59","ABBY_064.basePlot.vst","2016-08-25","vst_ABBY_2016","D16","ABBY","ABBY_064",,"NEON.PLA.D16.ABBY.01009","ok","single shrub","Live",,,2.7,,,,1.6,1.0,,"inverted cone",1.0,10,,,,"Q4o8tWAhjVwOyekQ+1tRCYVn1WwJXiVR","44cxFOBMZI22hWVpb15dHmbzDXzecVK4","legacyData"
"7cec787c-3e4b-4228-81e0-61f333befc55","ABBY_064.basePlot.vst","2016-08-25","vst_ABBY_2016","D16","ABBY","ABBY_064",,"NEON.PLA.D16.ABBY.01021","ok","sapling","Live",,,2.1,,,,,,,,1.4,10,,,,"Q4o8tWAhjVwOyekQ+1tRCYVn1WwJXiVR","44cxFOBMZI22hWVpb15dHmbzDXzecVK4","legacyData"
"ee16f538-ce8b-445b-af4e-65e34fe1e5f3","ABBY_064.basePlot.vst","2016-08-25","vst_ABBY_2016","D16","ABBY","ABBY_064",,"NEON.PLA.D16.ABBY.01070","ok","small shrub","Live",,,1.4,0.8,,,0.9,0.8,,"ellipsoid or sphere",1.2,10,,,,"Q4o8tWAhjVwOyekQ+1tRCYVn1WwJXiVR","44cxFOBMZI22hWVpb15dHmbzDXzecVK4","legacyData"
"653b347e-7eed-4c37-9b3c-5483770b2854","ABBY_064.basePlot.vst","2016-08-25","vst_ABBY_2016","D16","ABBY","ABBY_064",,"NEON.PLA.D16.ABBY.00774","ok","sapling","Live",,,1.6,,,,,,,,1.6,10,,,,"Q4o8tWAhjVwOyekQ+1tRCYVn1WwJXiVR","44cxFOBMZI22hWVpb15dHmbzDXzecVK4","legacyData"
"7f8d2cf1-60eb-4e09-9241-5ce8f2a45c71","ABBY_064.basePlot.vst","2016-08-25","vst_ABBY_2016","D16","ABBY","ABBY_064",,"NEON.PLA.D16.ABBY.01018","ok","sapling","Live",,,2.0,,,,,,,,2.0,10,,,,"Q4o8tWAhjVwOyekQ+1tRCYVn1WwJXiVR","44cxFOBMZI22hWVpb15dHmbzDXzecVK4","legacyData"
"b715354d-a8e0-421b-9bbe-e5ab9a1dd88e","ABBY_064.basePlot.vst","2016-08-25","vst_ABBY_2016","D16","ABBY","ABBY_064",,"NEON.PLA.D16.ABBY.01058","ok","small tree","Live",1.1,130,2.2,,,,,,,,,,,,,"Q4o8tWAhjVwOyekQ+1tRCYVn1WwJXiVR","44cxFOBMZI22hWVpb15dHmbzDXzecVK4","legacyData"
"921b5beb-69a3-4c0f-b863-355d35e25d44","ABBY_064.basePlot.vst","2016-08-25","vst_ABBY_2016","D16","ABBY","ABBY_064",,"NEON.PLA.D16.ABBY.01071","ok","small shrub","Live",,,1.1,0.3,,,1.5,1.1,,"ellipsoid or sphere",1.3,10,,,,"Q4o8tWAhjVwOyekQ+1tRCYVn1WwJXiVR","44cxFOBMZI22hWVpb15dHmbzDXzecVK4","legacyData"
"a31be8dd-3850-4928-a8de-92a6a6e5eedb","ABBY_064.basePlot.vst","2016-08-25","vst_ABBY_2016","D16","ABBY","ABBY_064",,"NEON.PLA.D16.ABBY.00775","ok","sapling","Live",,,1.0,,,,,,,,2.8,10,,,,"Q4o8tWAhjVwOyekQ+1tRCYVn1WwJXiVR","44cxFOBMZI22hWVpb15dHmbzDXzecVK4","legacyData"
"3451b71c-ab2c-4889-937b-fffd679aad78","ABBY_064.basePlot.vst","2016-08-25","vst_ABBY_2016","D16","ABBY","ABBY_064",,"NEON.PLA.D16.ABBY.01055","ok","sapling","Live",,,2.4,,,,,,,,1.8,10,,,,"Q4o8tWAhjVwOyekQ+1tRCYVn1WwJXiVR","44cxFOBMZI22hWVpb15dHmbzDXzecVK4","legacyData"
"2c48944c-0523-42da-a2fe-889ad8658ec5","ABBY_064.basePlot.vst","2016-08-25","vst_ABBY_2016","D16","ABBY","ABBY_064",,"NEON.PLA.D16.ABBY.01065","ok","small shrub","Live",,,1.1,0.5,,,0.7,0.5,,"ellipsoid or sphere",1.1,10,,,,"Q4o8tWAhjVwOyekQ+1tRCYVn1WwJXiVR","44cxFOBMZI22hWVpb15dHmbzDXzecVK4","legacyData"
"cdcad664-ff6f-4a86-8b87-82c64c5c12e7","ABBY_064.basePlot.vst","2016-08-25","vst_ABBY_2016","D16","ABBY","ABBY_064",,"NEON.PLA.D16.ABBY.01053","ok","small tree","Live",1.1,130,2.4,,,,,,,,,,,,,"Q4o8tWAhjVwOyekQ+1tRCYVn1WwJXiVR","44cxFOBMZI22hWVpb15dHmbzDXzecVK4","legacyData"
"3bd6c525-eda6-4564-8682-c1ad150caa57","ABBY_064.basePlot.vst","2016-08-25","vst_ABBY_2016","D16","ABBY","ABBY_064",,"NEON.PLA.D16.ABBY.00688","ok","small tree","Live",1.1,130,2.1,,,,,,,,,,,,,"Q4o8tWAhjVwOyekQ+1tRCYVn1WwJXiVR","44cxFOBMZI22hWVpb15dHmbzDXzecVK4","legacyData"
"d63d713d-b13a-4c07-ad9f-68343d1bfd07","ABBY_064.basePlot.vst","2016-08-25","vst_ABBY_2016","D16","ABBY","ABBY_064",,"NEON.PLA.D16.ABBY.01023","ok","small tree","Live",1.3,130,2.9,,,,,,,,,,,,"Mutli stemmed tree","Q4o8tWAhjVwOyekQ+1tRCYVn1WwJXiVR","44cxFOBMZI22hWVpb15dHmbzDXzecVK4","legacyData"
"84e57a67-092b-41cf-b317-5f769cff852d","ABBY_064.basePlot.vst","2016-08-25","vst_ABBY_2016","D16","ABBY","ABBY_064",,"NEON.PLA.D16.ABBY.00993","ok","sapling","Live",,,1.9,,,,,,,,1.9,10,,,,"Q4o8tWAhjVwOyekQ+1tRCYVn1WwJXiVR","44cxFOBMZI22hWVpb15dHmbzDXzecVK4","legacyData"
"61710e69-fa60-47f5-b9c9-d9fa4e5d4fdf","ABBY_064.basePlot.vst","2016-08-25","vst_ABBY_2016","D16","ABBY","ABBY_064",,"NEON.PLA.D16.ABBY.01069","ok","small shrub","Live",,,1.2,0.8,,,0.7,0.6,,"ellipsoid or sphere",1.4,10,,,,"Q4o8tWAhjVwOyekQ+1tRCYVn1WwJXiVR","44cxFOBMZI22hWVpb15dHmbzDXzecVK4","legacyData"
"149c7406-df6a-42e7-ab51-3fd057cd9d5c","ABBY_064.basePlot.vst","2016-08-25","vst_ABBY_2016","D16","ABBY","ABBY_064",,"NEON.PLA.D16.ABBY.01027","ok","single shrub","Live",1.3,130,3.4,0.6,,,1.8,1.1,,"ellipsoid or sphere",1.9,10,,,,"Q4o8tWAhjVwOyekQ+1tRCYVn1WwJXiVR","44cxFOBMZI22hWVpb15dHmbzDXzecVK4","legacyData"
"6fe24c9d-91e2-4945-879b-452c9db5d523","ABBY_064.basePlot.vst","2016-08-25","vst_ABBY_2016","D16","ABBY","ABBY_064",,"NEON.PLA.D16.ABBY.01021","ok","sapling","Live",,,2.1,,,,,,,,1.6,10,,,,"Q4o8tWAhjVwOyekQ+1tRCYVn1WwJXiVR","44cxFOBMZI22hWVpb15dHmbzDXzecVK4","legacyData"
"8ecfcc00-1818-4d2e-ab2b-8f481406654d","ABBY_064.basePlot.vst","2016-08-25","vst_ABBY_2016","D16","ABBY","ABBY_064",,"NEON.PLA.D16.ABBY.01049","ok","small shrub","Live",,,1.7,,,,0.2,0.2,,"cylinder",1.0,10,,,,"Q4o8tWAhjVwOyekQ+1tRCYVn1WwJXiVR","44cxFOBMZI22hWVpb15dHmbzDXzecVK4","legacyData"
"679e6f4d-8289-4460-bc14-1610770fe147","ABBY_064.basePlot.vst","2016-08-25","vst_ABBY_2016","D16","ABBY","ABBY_064",,"NEON.PLA.D16.ABBY.01055","ok","sapling","Live",,,2.4,,,,,,,,1.9,10,,,,"Q4o8tWAhjVwOyekQ+1tRCYVn1WwJXiVR","44cxFOBMZI22hWVpb15dHmbzDXzecVK4","legacyData"
"deced38e-7034-45ab-b739-2c95f2f54666","ABBY_064.basePlot.vst","2016-08-25","vst_ABBY_2016","D16","ABBY","ABBY_064",,"NEON.PLA.D16.ABBY.01059","ok","small tree","Live",1.0,130,2.1,,,,,,,,,,,,,"Q4o8tWAhjVwOyekQ+1tRCYVn1WwJXiVR","44cxFOBMZI22hWVpb15dHmbzDXzecVK4","legacyData"
"cd6e0020-c35a-4aea-9812-42c850197ff2","ABBY_064.basePlot.vst","2016-08-25","vst_ABBY_2016","D16","ABBY","ABBY_064",,"NEON.PLA.D16.ABBY.01057","ok","small tree","Live",9.5,130,2.9,,,,,,,,,,,,,"Q4o8tWAhjVwOyekQ+1tRCYVn1WwJXiVR","44cxFOBMZI22hWVpb15dHmbzDXzecVK4","legacyData"
"e175ff74-3129-4649-b720-5f9e9841833e","ABBY_064.basePlot.vst","2016-08-25","vst_ABBY_2016","D16","ABBY","ABBY_064",,"NEON.PLA.D16.ABBY.01061","ok","small shrub","Live",,,0.7,0.4,,,0.9,0.6,,"ellipsoid or sphere",1.2,10,,,,"Q4o8tWAhjVwOyekQ+1tRCYVn1WwJXiVR","44cxFOBMZI22hWVpb15dHmbzDXzecVK4","legacyData"
"bf65d44f-5d7c-4be3-be60-91fdb12d4212","ABBY_064.basePlot.vst","2016-08-25","vst_ABBY_2016","D16","ABBY","ABBY_064",,"NEON.PLA.D16.ABBY.01055","ok","sapling","Live",,,2.4,,,,,,,,1.3,10,,,,"Q4o8tWAhjVwOyekQ+1tRCYVn1WwJXiVR","44cxFOBMZI22hWVpb15dHmbzDXzecVK4","legacyData"
"f41779a5-bb11-44ad-a8b3-25416bad0b43","ABBY_064.basePlot.vst","2016-08-25","vst_ABBY_2016","D16","ABBY","ABBY_064",,"NEON.PLA.D16.ABBY.01066","ok","small shrub","Live",,,1.1,0.6,,,1.3,0.8,,"ellipsoid or sphere",1.4,10,,,,"Q4o8tWAhjVwOyekQ+1tRCYVn1WwJXiVR","44cxFOBMZI22hWVpb15dHmbzDXzecVK4","legacyData"
"c6872e9d-6aa0-4bd1-a57b-b7492ff91d71","ABBY_064.basePlot.vst","2016-08-25","vst_ABBY_2016","D16","ABBY","ABBY_064",,"NEON.PLA.D16.ABBY.01057","ok","small tree","Live",1.4,130,2.9,,,,,,,,,,,,,"Q4o8tWAhjVwOyekQ+1tRCYVn1WwJXiVR","44cxFOBMZI22hWVpb15dHmbzDXzecVK4","legacyData"
"57a8306e-36bd-4e23-9d26-7aa1b972b4bb","ABBY_064.basePlot.vst","2016-08-25","vst_ABBY_2016","D16","ABBY","ABBY_064",,"NEON.PLA.D16.ABBY.01102","ok","small shrub","Live",,,1.3,0.4,,,0.9,0.8,,"ellipsoid or sphere",1.4,10,,,,"Q4o8tWAhjVwOyekQ+1tRCYVn1WwJXiVR","44cxFOBMZI22hWVpb15dHmbzDXzecVK4","legacyData"
"9a7c1aaa-889c-4236-ba7a-21b5c7f954bc","ABBY_064.basePlot.vst","2016-08-25","vst_ABBY_2016","D16","ABBY","ABBY_064",,"NEON.PLA.D16.ABBY.01047","ok","single shrub","Live",2.6,130,4.8,,,,6.1,2.8,,"oblate half-sphere",2.9,10,,,,"Q4o8tWAhjVwOyekQ+1tRCYVn1WwJXiVR","44cxFOBMZI22hWVpb15dHmbzDXzecVK4","legacyData"
"0c8c5b86-3a2b-457a-a7ca-1aa81ecf9722","ABBY_064.basePlot.vst","2016-08-25","vst_ABBY_2016","D16","ABBY","ABBY_064",,"NEON.PLA.D16.ABBY.01047","ok","single shrub","Live",,,4.8,,,,6.1,2.8,,"oblate half-sphere",1.9,10,,,,"Q4o8tWAhjVwOyekQ+1tRCYVn1WwJXiVR","44cxFOBMZI22hWVpb15dHmbzDXzecVK4","legacyData"
"179ff610-5832-4e3a-81ab-aaf9cab18233","ABBY_064.basePlot.vst","2016-08-25","vst_ABBY_2016","D16","ABBY","ABBY_064",,"NEON.PLA.D16.ABBY.00989","ok","small tree","Live",1.9,130,1.3,,,,,,,,,,,,,"Q4o8tWAhjVwOyekQ+1tRCYVn1WwJXiVR","44cxFOBMZI22hWVpb15dHmbzDXzecVK4","legacyData"
"df8474ae-30c9-486d-849c-110d4759e5e0","ABBY_064.basePlot.vst","2016-08-25","vst_ABBY_2016","D16","ABBY","ABBY_064",,"NEON.PLA.D16.ABBY.00773","ok","sapling","Live",,,2.4,,,,,,,,2.1,10,,,,"Q4o8tWAhjVwOyekQ+1tRCYVn1WwJXiVR","44cxFOBMZI22hWVpb15dHmbzDXzecVK4","legacyData"
"e24a7246-dd0c-4974-9c15-e3f9994a8064","ABBY_064.basePlot.vst","2016-08-25","vst_ABBY_2016","D16","ABBY","ABBY_064",,"NEON.PLA.D16.ABBY.01023","ok","small tree","Live",1.5,130,2.9,,,,,,,,,,,,"Mutli stemmed tree","Q4o8tWAhjVwOyekQ+1tRCYVn1WwJXiVR","44cxFOBMZI22hWVpb15dHmbzDXzecVK4","legacyData"
"ea3748b9-fc6d-475a-a903-53e6b7d20e3e","ABBY_064.basePlot.vst","2016-08-25","vst_ABBY_2016","D16","ABBY","ABBY_064",,"NEON.PLA.D16.ABBY.01009","ok","single shrub","Live",1.2,130,2.7,,,,1.6,1.0,,"inverted cone",1.9,10,1.20,0.40,,"Q4o8tWAhjVwOyekQ+1tRCYVn1WwJXiVR","44cxFOBMZI22hWVpb15dHmbzDXzecVK4","legacyData"
"f0505973-f0aa-4b7c-a659-5ed6fc298064","ABBY_064.basePlot.vst","2016-08-25","vst_ABBY_2016","D16","ABBY","ABBY_064",,"NEON.PLA.D16.ABBY.01024","ok","small tree","Live",1.2,130,2.5,,,,,,,,,,,,,"Q4o8tWAhjVwOyekQ+1tRCYVn1WwJXiVR","44cxFOBMZI22hWVpb15dHmbzDXzecVK4","legacyData"
"c813be5b-e945-4ed7-98c2-8ae68f85200b","ABBY_064.basePlot.vst","2016-08-25","vst_ABBY_2016","D16","ABBY","ABBY_064",,"NEON.PLA.D16.ABBY.00685","ok","small tree","Live",2.6,130,3.7,,,,,,,,,,,,,"Q4o8tWAhjVwOyekQ+1tRCYVn1WwJXiVR","44cxFOBMZI22hWVpb15dHmbzDXzecVK4","legacyData"
"ae5e8ec6-621e-48fe-8868-669241303950","ABBY_064.basePlot.vst","2016-08-25","vst_ABBY_2016","D16","ABBY","ABBY_064",,"NEON.PLA.D16.ABBY.01071","ok","small shrub","Live",,,1.1,0.3,,,1.5,1.1,,"ellipsoid or sphere",1.1,10,,,,"Q4o8tWAhjVwOyekQ+1tRCYVn1WwJXiVR","44cxFOBMZI22hWVpb15dHmbzDXzecVK4","legacyData"
"e6376494-ee0e-4dc2-9a07-4ba8d21f85fd","ABBY_064.basePlot.vst","2016-08-25","vst_ABBY_2016","D16","ABBY","ABBY_064",,"NEON.PLA.D16.ABBY.00811","ok","single bole tree","Standing dead",60.4,130,1.4,,,,,,,,,,,,"dead tree","Q4o8tWAhjVwOyekQ+1tRCYVn1WwJXiVR","44cxFOBMZI22hWVpb15dHmbzDXzecVK4","legacyData"
"25d48e18-210e-4a4a-b5b7-b27c51383439","ABBY_064.basePlot.vst","2016-08-25","vst_ABBY_2016","D16","ABBY","ABBY_064",,"NEON.PLA.D16.ABBY.01055","ok","sapling","Live",,,2.4,,,,,,,,1.8,10,,,,"Q4o8tWAhjVwOyekQ+1tRCYVn1WwJXiVR","44cxFOBMZI22hWVpb15dHmbzDXzecVK4","legacyData"
"2580e921-978b-4b2c-a80b-d12eac935b09","ABBY_064.basePlot.vst","2016-08-25","vst_ABBY_2016","D16","ABBY","ABBY_064",,"NEON.PLA.D16.ABBY.01064","ok","small shrub","Live",,,1.0,0.5,,,0.9,0.8,,"ellipsoid or sphere",1.3,10,,,,"Q4o8tWAhjVwOyekQ+1tRCYVn1WwJXiVR","44cxFOBMZI22hWVpb15dHmbzDXzecVK4","legacyData"
"066f7715-07eb-47cf-b73c-66d17d219620","ABBY_064.basePlot.vst","2016-08-25","vst_ABBY_2016","D16","ABBY","ABBY_064",,"NEON.PLA.D16.ABBY.01025","ok","sapling","Live",,,1.0,,,,,,,,1.7,10,,,,"Q4o8tWAhjVwOyekQ+1tRCYVn1WwJXiVR","44cxFOBMZI22hWVpb15dHmbzDXzecVK4","legacyData"
"133e15bf-faa4-4d36-baff-b62a4edee562","ABBY_064.basePlot.vst","2016-08-25","vst_ABBY_2016","D16","ABBY","ABBY_064",,"NEON.PLA.D16.ABBY.01047","ok","single shrub","Live",4.3,130,4.8,,,,6.1,2.8,,"oblate half-sphere",5.5,10,,,,"Q4o8tWAhjVwOyekQ+1tRCYVn1WwJXiVR","44cxFOBMZI22hWVpb15dHmbzDXzecVK4","legacyData"
"082a8bd7-9488-4d53-ad68-fe8d7309007e","ABBY_064.basePlot.vst","2016-08-25","vst_ABBY_2016","D16","ABBY","ABBY_064",,"NEON.PLA.D16.ABBY.00810","ok","single bole tree","Standing dead",87.6,130,2.1,,,,,,,,,,,,"dead standing","Q4o8tWAhjVwOyekQ+1tRCYVn1WwJXiVR","44cxFOBMZI22hWVpb15dHmbzDXzecVK4","legacyData"
"88142986-17e8-46db-94a5-b69bb440a44c","ABBY_064.basePlot.vst","2016-08-25","vst_ABBY_2016","D16","ABBY","ABBY_064",,"NEON.PLA.D16.ABBY.00994","ok","small tree","Live",2.0,130,2.1,,,,,,,,,,,,,"Q4o8tWAhjVwOyekQ+1tRCYVn1WwJXiVR","44cxFOBMZI22hWVpb15dHmbzDXzecVK4","legacyData"
"cf0609f4-699d-41f6-934b-f6c9cfdc7c58","ABBY_064.basePlot.vst","2016-08-25","vst_ABBY_2016","D16","ABBY","ABBY_064",,"NEON.PLA.D16.ABBY.01071","ok","small shrub","Live",,,1.1,0.3,,,1.5,1.1,,"ellipsoid or sphere",1.2,10,,,,"Q4o8tWAhjVwOyekQ+1tRCYVn1WwJXiVR","44cxFOBMZI22hWVpb15dHmbzDXzecVK4","legacyData"
"302fa1b7-ddaf-4c49-9bec-cd59c8984b95","ABBY_064.basePlot.vst","2016-08-25","vst_ABBY_2016","D16","ABBY","ABBY_064",,"NEON.PLA.D16.ABBY.01023","ok","small tree","Live",1.4,130,2.9,,,,,,,,,,,,"Mutli stemmed tree","Q4o8tWAhjVwOyekQ+1tRCYVn1WwJXiVR","44cxFOBMZI22hWVpb15dHmbzDXzecVK4","legacyData"
"5bba1f01-bf8d-4f44-8587-873274adf6de","ABBY_065.basePlot.vst","2016-08-31","vst_ABBY_2016","D16","ABBY","ABBY_065",,"NEON.PLA.D16.ABBY.00585","ok","small tree","Live",1.3,130,2.2,,,,,,,,,,,,,"Mvo1bt03JMQGnUSOZfuCuKiPzECGjdoQ","44cxFOBMZI22hWVpb15dHmbzDXzecVK4","legacyData"
"7971c739-41ed-4bd2-af36-bc6caa1b8c46","ABBY_065.basePlot.vst","2016-08-31","vst_ABBY_2016","D16","ABBY","ABBY_065",,"NEON.PLA.D16.ABBY.00587","ok","small shrub","Live",,,1.8,0.4,,,1.1,0.5,,"ellipsoid or sphere",1.0,10,,,,"Mvo1bt03JMQGnUSOZfuCuKiPzECGjdoQ","44cxFOBMZI22hWVpb15dHmbzDXzecVK4","legacyData"
"38910b21-ee56-4261-abfa-f3577686347b","ABBY_065.basePlot.vst","2016-08-31","vst_ABBY_2016","D16","ABBY","ABBY_065",,"NEON.PLA.D16.ABBY.00586","ok","small tree","Live",1.3,130,2.6,,,,,,,,,,,,,"Mvo1bt03JMQGnUSOZfuCuKiPzECGjdoQ","44cxFOBMZI22hWVpb15dHmbzDXzecVK4","legacyData"
"610df9fa-0300-4e14-a58c-1d4b5a5d3567","ABBY_065.basePlot.vst","2016-08-31","vst_ABBY_2016","D16","ABBY","ABBY_065",,"NEON.PLA.D16.ABBY.00587","ok","small shrub","Live",,,1.8,0.4,,,1.1,0.5,,"ellipsoid or sphere",1.3,10,,,,"Mvo1bt03JMQGnUSOZfuCuKiPzECGjdoQ","44cxFOBMZI22hWVpb15dHmbzDXzecVK4","legacyData"
"89500cdd-b846-40c4-9886-fe7aa1b4d931","ABBY_065.basePlot.vst","2016-08-31","vst_ABBY_2016","D16","ABBY","ABBY_065",,"NEON.PLA.D16.ABBY.00584","ok","small shrub","Live",,,3.3,1.0,,,1.0,0.9,,"ellipsoid or sphere",2.2,10,,,,"Mvo1bt03JMQGnUSOZfuCuKiPzECGjdoQ","44cxFOBMZI22hWVpb15dHmbzDXzecVK4","legacyData"
