uid,namedLocation,domainID,siteID,plotID,plotType,nlcdClass,decimalLatitude,decimalLongitude,geodeticDatum,coordinateUncertainty,elevation,elevationUncertainty,collectDate,eventID,sampleID,sampleCode,samplingMethod,totalSampledArea,targetTaxaPresent,adultCount,nymphCount,larvaCount,sampleCondition,samplingProtocolVersion,measuredBy,remarks
"95b9f9d2-2eb1-479e-b4c8-b70f51c48262","HARV_022.tickPlot.tck","D01","HARV","HARV_022","distributed","evergreenForest",42.435462,-72.199291,"WGS84",20.3,186.3,0.3,"2016-05-06T15:17Z","HARV.2016.18","HARV_022.20160506",,"drag and flag",160,"Y",1,0,0,"No known compromise","NEON.DOC.014045vG","xYAz/hoNa4beHeF8Co82eF9aIjZ5mOeG",
"f71330e5-493b-46eb-ab92-c4298b86dd3b","HARV_004.tickPlot.tck","D01","HARV","HARV_004","distributed","mixedForest",42.426878,-72.227943,"WGS84",20.3,185.9,0.3,"2016-05-06T16:30Z","HARV.2016.18","HARV_004.20160506",,"drag and flag",160,"Y",1,0,0,"No known compromise","NEON.DOC.014045vG","6SJ325p65hb3UnCLYcVTsvIc8JdpRGee",
"f1ca134a-c4e2-45d8-8039-506f54509ac5","HARV_020.tickPlot.tck","D01","HARV","HARV_020","distributed","woodyWetlands",42.438157,-72.228923,"WGS84",20.2,228.3,0.3,"2016-05-06T17:09Z","HARV.2016.18",,,"drag and flag",160,"N",0,0,0,"No known compromise","NEON.DOC.014045vG","xYAz/hoNa4beHeF8Co82eF9aIjZ5mOeG",
"38e4c642-69f7-4632-b11c-e511bbcdb0d4","HARV_026.tickPlot.tck","D01","HARV","HARV_026","distributed","evergreenForest",42.412068,-72.246529,"WGS84",20.2,185.7,0.3,"2016-05-06T17:50Z","HARV.2016.18",,,"drag and flag",160,"N",0,0,0,"No known compromise","NEON.DOC.014045vG","6SJ325p65hb3UnCLYcVTsvIc8JdpRGee",
"dc95d827-825a-4206-991f-677983b541fc","HARV_006.tickPlot.tck","D01","HARV","HARV_006","distributed","deciduousForest",42.401938,-72.252716,"WGS84",20.2,190.4,0.3,"2016-05-10T13:54Z","HARV.2016.19",,,"drag and flag",160,"N",0,0,0,"No known compromise","NEON.DOC.014045vG","4fwqTWf6TJUgX1b061gRBN/1LlNKYVNd",
"a4ad6777-a620-47b7-8702-2635b4323fc2","HARV_001.tickPlot.tck","D01","HARV","HARV_001","distributed","deciduousForest",42.424227,-72.260097,"WGS84",20.2,201.1,0.3,"2016-05-10T15:15Z","HARV.2016.19",,,"drag and flag",160,"N",0,0,0,"No known compromise","NEON.DOC.014045vG","s4LYlYd4IKjECPyWRpmGA5yPYSQhQ+2d",
"82873ed4-b587-4180-ba69-73321f01338b","HARV_022.tickPlot.tck","D01","HARV","HARV_022","distributed","evergreenForest",42.435462,-72.199291,"WGS84",20.3,186.3,0.3,"2016-05-26T13:19Z","HARV.2016.21","HARV_022.20160526",,"drag and flag",160,"Y",0,10,0,"No known compromise","NEON.DOC.014045vG","f0WbTzqCaGuNJkdjhlghxfnm7EbghhkV",
"26902fff-aba1-461e-b760-66a8e8deb72d","HARV_004.tickPlot.tck","D01","HARV","HARV_004","distributed","mixedForest",42.426878,-72.227943,"WGS84",20.3,185.9,0.3,"2016-05-26T14:20Z","HARV.2016.21","HARV_004.20160526",,"drag and flag",160,"Y",1,8,0,"No known compromise","NEON.DOC.014045vG","nK9br051HPjmqBRc5E/A0io0YIiVOb2k",
"fd2057d9-3204-4499-a30f-47cece7db9cd","HARV_020.tickPlot.tck","D01","HARV","HARV_020","distributed","woodyWetlands",42.438157,-72.228923,"WGS84",20.2,228.3,0.3,"2016-05-26T15:17Z","HARV.2016.21","HARV_020.20160526",,"drag and flag",151,"Y",1,4,0,"No known compromise","NEON.DOC.014045vG","nK9br051HPjmqBRc5E/A0io0YIiVOb2k",
"e9bf8f3a-460e-42d7-81b8-c6b8745186aa","HARV_001.tickPlot.tck","D01","HARV","HARV_001","distributed","deciduousForest",42.424227,-72.260097,"WGS84",20.2,201.1,0.3,"2016-05-26T16:38Z","HARV.2016.21","HARV_001.20160526",,"drag and flag",160,"Y",0,6,2,"No known compromise","NEON.DOC.014045vG","f0WbTzqCaGuNJkdjhlghxfnm7EbghhkV",
"766fa993-979e-4af6-990a-972b2f74cbc6","HARV_006.tickPlot.tck","D01","HARV","HARV_006","distributed","deciduousForest",42.401938,-72.252716,"WGS84",20.2,190.4,0.3,"2016-05-26T17:25Z","HARV.2016.21","HARV_006.20160526",,"drag and flag",160,"Y",0,0,13,"No known compromise","NEON.DOC.014045vG","nK9br051HPjmqBRc5E/A0io0YIiVOb2k",
"381c47c0-a7fe-4819-81a7-df41cb9d50d5","HARV_026.tickPlot.tck","D01","HARV","HARV_026","distributed","evergreenForest",42.412068,-72.246529,"WGS84",20.2,185.7,0.3,"2016-05-26T18:04Z","HARV.2016.21","HARV_026.20160526",,"drag and flag",160,"Y",0,1,5,"No known compromise","NEON.DOC.014045vG","f0WbTzqCaGuNJkdjhlghxfnm7EbghhkV",
