uid,namedLocation,plotID,collectDate,identifiedDate,sampleID,subsampleID,scientificName,acceptedTaxonID,taxonRank,family,subfamily,tribe,subtribe,genus,subgenus,specificEpithet,infraspecificEpithet,identificationQualifier,identificationReferences,identificationProtocolVersion,scientificNameAuthorship,sexOrAge,individualCount,sampleCondition,archiveMedium,archiveFacilityID,deprecatedVialID,identifiedBy,laboratoryName,remarks
"d642a1ac-2c3b-4605-ba9f-367954cd2795","OAES_005.tickPlot.tck","OAES_005","2018-05-15T20:53Z","2018-08-13T16:00Z","OAES_005.20180515","OAES_005.20180515.DERVAR.M","Dermacentor variabilis","DERVAR","species","Ixodidae",,,,"Dermacentor",,"variabilis",,,"Yunker, C. E., Keirans, J. E., Clifford, C. M., and E. R. Easton. 1986. Dermacentor ticks (Acari: Ixodoidea: Ixodidae) of the New World: a scanning electron microscope atlas. Proceedings of the Entomological Society of Washington, 88(4):609-627.","GSU_tickIdentification_SOP_2016-11-01.pdf","Say","Male",1,"OK","90% ethanol","USNMENT01482033",,"Lorenza Beati","Georgia Southern University",
"92e9cabc-e12f-47b2-979e-788414664975","OAES_004.tickPlot.tck","OAES_004","2018-05-15T21:27Z","2018-08-13T16:00Z","OAES_004.20180515","OAES_004.20180515.DERVAR.F","Dermacentor variabilis","DERVAR","species","Ixodidae",,,,"Dermacentor",,"variabilis",,,"Yunker, C. E., Keirans, J. E., Clifford, C. M., and E. R. Easton. 1986. Dermacentor ticks (Acari: Ixodoidea: Ixodidae) of the New World: a scanning electron microscope atlas. Proceedings of the Entomological Society of Washington, 88(4):609-627.","GSU_tickIdentification_SOP_2016-11-01.pdf","Say","Female",2,"OK","90% ethanol","USNMENT01482032",,"Lorenza Beati","Georgia Southern University",
"c1e3e473-5f8e-49b7-b943-893583e9ba00","OAES_021.tickPlot.tck","OAES_021","2018-05-15T22:03Z","2018-08-13T16:00Z","OAES_021.20180515","OAES_021.20180515.DERVAR.F","Dermacentor variabilis","DERVAR","species","Ixodidae",,,,"Dermacentor",,"variabilis",,,"Yunker, C. E., Keirans, J. E., Clifford, C. M., and E. R. Easton. 1986. Dermacentor ticks (Acari: Ixodoidea: Ixodidae) of the New World: a scanning electron microscope atlas. Proceedings of the Entomological Society of Washington, 88(4):609-627.","GSU_tickIdentification_SOP_2016-11-01.pdf","Say","Female",2,"OK","90% ethanol","USNMENT01482020",,"Lorenza Beati","Georgia Southern University",
"63995739-922b-4b25-9f6c-adf2c193d7b3","OAES_021.tickPlot.tck","OAES_021","2018-05-15T22:03Z","2018-08-13T16:00Z","OAES_021.20180515","OAES_021.20180515.AMBMAC.M","Amblyomma maculatum","AMBMAC","species","Ixodidae",,,,"Amblyomma",,"maculatum",,,"Cooley, R. A. and G. M. Kohls. 1944. The genus Amblyomma (ixodidae) in the United States. The Journal of Parasitology, 30(2):77-111.","GSU_tickIdentification_SOP_2016-11-01.pdf","Koch","Male",1,"OK","90% ethanol","USNMENT01482028",,"Lorenza Beati","Georgia Southern University",
"4c7c9410-3b97-4cf4-a32c-3169ca033c80","OAES_021.tickPlot.tck","OAES_021","2018-05-15T22:03Z","2018-08-13T16:00Z","OAES_021.20180515","OAES_021.20180515.AMBMAC.F","Amblyomma maculatum","AMBMAC","species","Ixodidae",,,,"Amblyomma",,"maculatum",,,"Cooley, R. A. and G. M. Kohls. 1944. The genus Amblyomma (ixodidae) in the United States. The Journal of Parasitology, 30(2):77-111.","GSU_tickIdentification_SOP_2016-11-01.pdf","Koch","Female",1,"OK","90% ethanol","USNMENT01482029",,"Lorenza Beati","Georgia Southern University",
"eaf4e748-411e-407f-b21a-51cdb5979a5b","OAES_008.tickPlot.tck","OAES_008","2018-05-15T23:54Z","2018-08-13T16:00Z","OAES_008.20180515","OAES_008.20180515.DERVAR.M","Dermacentor variabilis","DERVAR","species","Ixodidae",,,,"Dermacentor",,"variabilis",,,"Yunker, C. E., Keirans, J. E., Clifford, C. M., and E. R. Easton. 1986. Dermacentor ticks (Acari: Ixodoidea: Ixodidae) of the New World: a scanning electron microscope atlas. Proceedings of the Entomological Society of Washington, 88(4):609-627.","GSU_tickIdentification_SOP_2016-11-01.pdf","Say","Male",3,"OK","90% ethanol","USNMENT01482022",,"Lorenza Beati","Georgia Southern University",
"1c556da4-ca5d-4de1-95b0-ff3ace522cfb","OAES_008.tickPlot.tck","OAES_008","2018-05-15T23:54Z","2018-08-13T16:00Z","OAES_008.20180515","OAES_008.20180515.AMBMAC.F","Amblyomma maculatum","AMBMAC","species","Ixodidae",,,,"Amblyomma",,"maculatum",,,"Cooley, R. A. and G. M. Kohls. 1944. The genus Amblyomma (ixodidae) in the United States. The Journal of Parasitology, 30(2):77-111.","GSU_tickIdentification_SOP_2016-11-01.pdf","Koch","Female",1,"OK","90% ethanol","USNMENT01482021",,"Lorenza Beati","Georgia Southern University",
