uid,namedLocation,domainID,siteID,plotID,plotType,nlcdClass,decimalLatitude,decimalLongitude,geodeticDatum,coordinateUncertainty,elevation,elevationUncertainty,collectDate,eventID,sampleID,sampleCode,samplingMethod,totalSampledArea,targetTaxaPresent,adultCount,nymphCount,larvaCount,sampleCondition,samplingProtocolVersion,measuredBy,remarks
"e601a01e-c8cf-4ee6-926f-af5c3ee3ac04","OAES_005.tickPlot.tck","D11","OAES","OAES_005","distributed","grasslandHerbaceous",35.402926,-99.080346,"WGS84",20.1,509.4,0.1,"2018-05-15T20:53Z","OAES.2018.20","OAES_005.20180515",,"drag",160,"Y",1,0,0,"No known compromise","NEON.DOC.014045vJ","8G7vUQMzZK9zBmE4wxPrbelrEQU9/yG7Kxg0E4NflNA=",
"c2c71b71-ef38-4fb3-a806-5ba63c8aac06","OAES_004.tickPlot.tck","D11","OAES","OAES_004","distributed","grasslandHerbaceous",35.411159,-99.084234,"WGS84",20.1,507.6,0.1,"2018-05-15T21:27Z","OAES.2018.20","OAES_004.20180515",,"drag",160,"Y",2,0,0,"No known compromise","NEON.DOC.014045vJ","GX867jzl2LPd3HlUZbuiNfXOAtWi8JLtNMOknIxXArE=",
"72f1b133-357c-4ef7-a18e-bc8dd9fa1bd3","OAES_021.tickPlot.tck","D11","OAES","OAES_021","distributed","shrubScrub",35.413211,-99.074301,"WGS84",20.1,501.7,0.1,"2018-05-15T22:03Z","OAES.2018.20","OAES_021.20180515",,"drag",160,"Y",5,0,0,"No known compromise","NEON.DOC.014045vJ","GX867jzl2LPd3HlUZbuiNfXOAtWi8JLtNMOknIxXArE=",
"00fa2f3a-8fba-43eb-8fbe-d869fad2425b","OAES_003.tickPlot.tck","D11","OAES","OAES_003","distributed","grasslandHerbaceous",35.412134,-99.068027,"WGS84",20.2,512.2,0.2,"2018-05-15T22:27Z","OAES.2018.20",,,"drag",160,"N",0,0,0,"No known compromise","NEON.DOC.014045vJ","GX867jzl2LPd3HlUZbuiNfXOAtWi8JLtNMOknIxXArE=",
"193dce42-758a-4307-aa85-bc2df94ac2f2","OAES_007.tickPlot.tck","D11","OAES","OAES_007","distributed","shrubScrub",35.421328,-99.057210,"WGS84",20.1,521.6,0.1,"2018-05-15T23:00Z","OAES.2018.20",,,"drag",159,"N",0,0,0,,"NEON.DOC.014045vJ","GX867jzl2LPd3HlUZbuiNfXOAtWi8JLtNMOknIxXArE=",
"507f0696-42a1-4dd3-b45d-651f799c09cb","OAES_008.tickPlot.tck","D11","OAES","OAES_008","distributed","grasslandHerbaceous",35.394019,-99.063159,"WGS84",20.1,492.6,0.1,"2018-05-15T23:54Z","OAES.2018.20","OAES_008.20180515",,"drag",160,"Y",4,0,0,"No known compromise","NEON.DOC.014045vJ","GX867jzl2LPd3HlUZbuiNfXOAtWi8JLtNMOknIxXArE=",
