uid,namedLocation,date,eventID,domainID,siteID,plotID,subplotID,nestedSubplotID,groupID,taxonID,scientificName,taxonRank,identificationReferences,identificationQualifier,volumePercent,livePercent,deadPercent,canopyArea,meanHeight,remarks,measuredBy,recordedBy,dataQF
"9e3963ef-7c9b-4aca-ab51-948d12cf8035","ABBY_063.basePlot.vst","2015-07-23","vst_ABBY_2015","D16","ABBY","ABBY_063","39",,"39 _0","ACCI","Acer circinatum Pursh","species",,,100,95,5,1.0,2.74,,"mOcIykOnDgd3QV5gHrl8B5rxlWe9VRn+","2GSwrdD8dTCUM8OMtX2xVCKMWrr4ktyi","legacyData"
"ebc65190-b2ce-4ee1-8d35-4c3c2c58765c","ABBY_063.basePlot.vst","2015-07-23","vst_ABBY_2015","D16","ABBY","ABBY_063","39",,"39 _0","SPDOD","Spiraea douglasii Hook. var. douglasii","variety",,,100,95,5,1.0,0.92,,"mOcIykOnDgd3QV5gHrl8B5rxlWe9VRn+","2GSwrdD8dTCUM8OMtX2xVCKMWrr4ktyi","legacyData"
"6cccdc8c-42a7-40ab-8dc1-478f825bc95a","ABBY_063.basePlot.vst","2015-07-23","vst_ABBY_2015","D16","ABBY","ABBY_063","21",,"21 _0","ACCI","Acer circinatum Pursh","species",,,100,100,0,1.0,0.56,,"mOcIykOnDgd3QV5gHrl8B5rxlWe9VRn+","2GSwrdD8dTCUM8OMtX2xVCKMWrr4ktyi","legacyData"
"5bb492c9-9162-4357-8f6a-a9cbde562d85","ABBY_063.basePlot.vst","2015-07-23","vst_ABBY_2015","D16","ABBY","ABBY_063","21",,"21 _0","ACCI","Acer circinatum Pursh","species",,,100,90,10,1.0,0.96,,"mOcIykOnDgd3QV5gHrl8B5rxlWe9VRn+","2GSwrdD8dTCUM8OMtX2xVCKMWrr4ktyi","legacyData"
"2b1b6663-38fa-4328-ad0f-df3d26ea7008","ABBY_063.basePlot.vst","2015-07-23","vst_ABBY_2015","D16","ABBY","ABBY_063","21",,"21 _0","ACCI","Acer circinatum Pursh","species",,,100,100,0,1.0,0.88,,"mOcIykOnDgd3QV5gHrl8B5rxlWe9VRn+","2GSwrdD8dTCUM8OMtX2xVCKMWrr4ktyi","legacyData"
"dacb1c1c-f764-49d7-9f9f-d4cc831afff3","ABBY_068.basePlot.vst","2015-07-25","vst_ABBY_2015","D16","ABBY","ABBY_068","21","4","21 _0","COCOC","Corylus cornuta Marshall var. californica (A. DC.) Sharp","variety",,,100,100,0,1.0,0.90,,"mOcIykOnDgd3QV5gHrl8B5rxlWe9VRn+","3fh8ZWGiUyNPW/cfWo4MvcGcAV2rECSC","legacyData"
"9a0048e6-a99b-45de-b998-2f5515e0552f","ABBY_068.basePlot.vst","2015-07-25","vst_ABBY_2015","D16","ABBY","ABBY_068","21","1","21 _0","GASH","Gaultheria shallon Pursh","species",,,100,100,0,1.0,1.22,,"mOcIykOnDgd3QV5gHrl8B5rxlWe9VRn+","3fh8ZWGiUyNPW/cfWo4MvcGcAV2rECSC","legacyData"
"42a2e89d-643e-44e1-b23d-de7c7d407228","ABBY_068.basePlot.vst","2015-07-25","vst_ABBY_2015","D16","ABBY","ABBY_068","39","1","39 _0","HODI","Holodiscus discolor (Pursh) Maxim.","species",,,100,100,0,1.0,1.06,,"/okdeQQFj3ok0YrB9sbbCIk0Gya2xtkj","bx2IzDOX0PRWxL2qYNwW0cIx2hiD7oH8","legacyData"
"2795a7f7-e1b0-4869-9c14-311879c85344","ABBY_065.basePlot.vst","2015-07-27","vst_ABBY_2015","D16","ABBY","ABBY_065","23","2","23 _1","GASH","Gaultheria shallon Pursh","species",,,100,80,20,3.0,1.48,,"mOcIykOnDgd3QV5gHrl8B5rxlWe9VRn+","/okdeQQFj3ok0YrB9sbbCIk0Gya2xtkj","legacyData"
"c2c350c2-b7d8-4390-bb38-d31da2948ae1","ABBY_065.basePlot.vst","2015-07-27","vst_ABBY_2015","D16","ABBY","ABBY_065","23","4","23 _0","GASH","Gaultheria shallon Pursh","species",,,100,100,0,3.0,0.58,,"mOcIykOnDgd3QV5gHrl8B5rxlWe9VRn+","/okdeQQFj3ok0YrB9sbbCIk0Gya2xtkj","legacyData"
"5b599c28-f87b-4f2a-b8ff-1f7f1b7a4451","ABBY_065.basePlot.vst","2015-07-27","vst_ABBY_2015","D16","ABBY","ABBY_065","23","4","23 _0","GASH","Gaultheria shallon Pursh","species",,,100,100,0,3.0,0.54,,"mOcIykOnDgd3QV5gHrl8B5rxlWe9VRn+","/okdeQQFj3ok0YrB9sbbCIk0Gya2xtkj","legacyData"
"e65ecd0f-a45b-42c1-bada-0fa57993ac99","ABBY_065.basePlot.vst","2015-07-27","vst_ABBY_2015","D16","ABBY","ABBY_065","23","2","23 _1","COCOC","Corylus cornuta Marshall var. californica (A. DC.) Sharp","variety",,,100,100,0,3.0,4.56,,"mOcIykOnDgd3QV5gHrl8B5rxlWe9VRn+","/okdeQQFj3ok0YrB9sbbCIk0Gya2xtkj","legacyData"
"121115a8-8488-456e-9917-298cb4d81961","ABBY_065.basePlot.vst","2015-07-27","vst_ABBY_2015","D16","ABBY","ABBY_065","23","2","23 _0","COCOC","Corylus cornuta Marshall var. californica (A. DC.) Sharp","variety",,,50,100,0,3.0,4.24,,"mOcIykOnDgd3QV5gHrl8B5rxlWe9VRn+","/okdeQQFj3ok0YrB9sbbCIk0Gya2xtkj","legacyData"
"18c218ec-fecd-4ece-86f7-f8026f5e0a38","ABBY_065.basePlot.vst","2015-07-27","vst_ABBY_2015","D16","ABBY","ABBY_065","23","4","23 _0","GASH","Gaultheria shallon Pursh","species",,,100,90,10,3.0,0.70,,"mOcIykOnDgd3QV5gHrl8B5rxlWe9VRn+","/okdeQQFj3ok0YrB9sbbCIk0Gya2xtkj","legacyData"
"66c2eea4-af4f-4c16-829c-f33f6bb0e187","ABBY_065.basePlot.vst","2015-07-27","vst_ABBY_2015","D16","ABBY","ABBY_065","23","4","23 _0","GASH","Gaultheria shallon Pursh","species",,,65,95,5,3.0,0.78,,"mOcIykOnDgd3QV5gHrl8B5rxlWe9VRn+","/okdeQQFj3ok0YrB9sbbCIk0Gya2xtkj","legacyData"
"8d3b0525-d92c-43b9-9f49-cfc213dbd2e8","ABBY_065.basePlot.vst","2015-07-27","vst_ABBY_2015","D16","ABBY","ABBY_065","23","2","23 _1","GASH","Gaultheria shallon Pursh","species",,,100,90,10,3.0,1.62,,"mOcIykOnDgd3QV5gHrl8B5rxlWe9VRn+","/okdeQQFj3ok0YrB9sbbCIk0Gya2xtkj","legacyData"
"9c23ba50-eb21-483f-9270-886c16d571b7","ABBY_065.basePlot.vst","2015-07-27","vst_ABBY_2015","D16","ABBY","ABBY_065","23","4","23 _0","COCOC","Corylus cornuta Marshall var. californica (A. DC.) Sharp","variety",,,100,100,0,3.0,1.28,,"mOcIykOnDgd3QV5gHrl8B5rxlWe9VRn+","/okdeQQFj3ok0YrB9sbbCIk0Gya2xtkj","legacyData"
"ae86008e-963d-4373-ae12-d9adfe8dc604","ABBY_065.basePlot.vst","2015-07-27","vst_ABBY_2015","D16","ABBY","ABBY_065","23","4","23 _0","ACCI","Acer circinatum Pursh","species",,,35,100,0,3.0,1.26,"no transcription errors found","mOcIykOnDgd3QV5gHrl8B5rxlWe9VRn+","/okdeQQFj3ok0YrB9sbbCIk0Gya2xtkj","legacyData"
"7b37e023-0c3f-4c67-9e9b-c8a0a9878642","ABBY_065.basePlot.vst","2015-07-27","vst_ABBY_2015","D16","ABBY","ABBY_065","23","4","23 _0","GASH","Gaultheria shallon Pursh","species",,,100,80,20,3.0,0.64,,"mOcIykOnDgd3QV5gHrl8B5rxlWe9VRn+","/okdeQQFj3ok0YrB9sbbCIk0Gya2xtkj","legacyData"
"b452acc6-190d-4d78-916a-c29b0588963b","ABBY_065.basePlot.vst","2015-07-27","vst_ABBY_2015","D16","ABBY","ABBY_065","23","2","23 _1","RUSP","Rubus spectabilis Pursh","species",,,100,100,0,3.0,2.00,"no transcription errors found","mOcIykOnDgd3QV5gHrl8B5rxlWe9VRn+","/okdeQQFj3ok0YrB9sbbCIk0Gya2xtkj","legacyData"
"5920d7a4-3242-4952-9022-26ce42682291","ABBY_065.basePlot.vst","2015-07-27","vst_ABBY_2015","D16","ABBY","ABBY_065","23","2","23 _1","COCOC","Corylus cornuta Marshall var. californica (A. DC.) Sharp","variety",,,100,100,0,3.0,2.74,,"mOcIykOnDgd3QV5gHrl8B5rxlWe9VRn+","/okdeQQFj3ok0YrB9sbbCIk0Gya2xtkj","legacyData"
"3c83254d-6825-4893-97bf-d931197e0d79","ABBY_065.basePlot.vst","2015-07-27","vst_ABBY_2015","D16","ABBY","ABBY_065","41","1","41 _0","FRPU7","Frangula purshiana (DC.) A. Gray","species",,,100,100,0,1.0,1.52,,"mOcIykOnDgd3QV5gHrl8B5rxlWe9VRn+","/okdeQQFj3ok0YrB9sbbCIk0Gya2xtkj","legacyData"
"4a34be62-73c8-4661-9adb-bd0a26adbb01","ABBY_065.basePlot.vst","2015-07-27","vst_ABBY_2015","D16","ABBY","ABBY_065","23","4","23 _0","ACCI","Acer circinatum Pursh","species",,,100,100,0,3.0,1.64,,"mOcIykOnDgd3QV5gHrl8B5rxlWe9VRn+","/okdeQQFj3ok0YrB9sbbCIk0Gya2xtkj","legacyData"
"6ab441b3-40ab-41bb-82c3-7069d52df0ef","ABBY_065.basePlot.vst","2015-07-27","vst_ABBY_2015","D16","ABBY","ABBY_065","23","2","23 _0","GASH","Gaultheria shallon Pursh","species",,,50,100,0,3.0,0.40,,"mOcIykOnDgd3QV5gHrl8B5rxlWe9VRn+","/okdeQQFj3ok0YrB9sbbCIk0Gya2xtkj","legacyData"
"ede97271-62f1-4402-9da3-fa6b14a3a971","ABBY_065.basePlot.vst","2015-07-27","vst_ABBY_2015","D16","ABBY","ABBY_065","23","2","23 _1","GASH","Gaultheria shallon Pursh","species",,,100,75,25,3.0,1.86,,"mOcIykOnDgd3QV5gHrl8B5rxlWe9VRn+","/okdeQQFj3ok0YrB9sbbCIk0Gya2xtkj","legacyData"
"7aaa7ffa-beb8-4533-9200-bb3c877dbc4c","ABBY_065.basePlot.vst","2015-07-27","vst_ABBY_2015","D16","ABBY","ABBY_065","23","2","23 _0","COCOC","Corylus cornuta Marshall var. californica (A. DC.) Sharp","variety",,,100,100,0,3.0,3.22,,"mOcIykOnDgd3QV5gHrl8B5rxlWe9VRn+","/okdeQQFj3ok0YrB9sbbCIk0Gya2xtkj","legacyData"
"705d9d83-71d3-4ad9-9d58-2bc1737a3239","ABBY_065.basePlot.vst","2015-07-27","vst_ABBY_2015","D16","ABBY","ABBY_065","23","2","23 _1","COCOC","Corylus cornuta Marshall var. californica (A. DC.) Sharp","variety",,,100,100,0,3.0,2.98,,"mOcIykOnDgd3QV5gHrl8B5rxlWe9VRn+","/okdeQQFj3ok0YrB9sbbCIk0Gya2xtkj","legacyData"
"ba414169-4da5-40d7-b2b4-f8df074030ff","ABBY_066.basePlot.vst","2015-07-28","vst_ABBY_2015","D16","ABBY","ABBY_066","41","1","41 _0","GASH","Gaultheria shallon Pursh","species",,,100,30,70,1.0,0.66,,"/okdeQQFj3ok0YrB9sbbCIk0Gya2xtkj","mOcIykOnDgd3QV5gHrl8B5rxlWe9VRn+","legacyData"
"b5a6d69a-1e04-4ab3-8412-87a5d2b2077f","ABBY_066.basePlot.vst","2015-07-28","vst_ABBY_2015","D16","ABBY","ABBY_066","41","1","41 _0","GASH","Gaultheria shallon Pursh","species",,,100,100,0,1.0,0.80,,"/okdeQQFj3ok0YrB9sbbCIk0Gya2xtkj","mOcIykOnDgd3QV5gHrl8B5rxlWe9VRn+","legacyData"
"40328d41-0dce-457e-a0fa-759fb827625c","ABBY_066.basePlot.vst","2015-07-28","vst_ABBY_2015","D16","ABBY","ABBY_066","41","1","41 _0","GASH","Gaultheria shallon Pursh","species",,,100,90,10,1.0,0.68,,"/okdeQQFj3ok0YrB9sbbCIk0Gya2xtkj","mOcIykOnDgd3QV5gHrl8B5rxlWe9VRn+","legacyData"
"600bc7a2-2ed2-4825-8929-448907a60f11","ABBY_066.basePlot.vst","2015-07-28","vst_ABBY_2015","D16","ABBY","ABBY_066","41","4","41 _0","GASH","Gaultheria shallon Pursh","species",,,100,100,0,1.0,0.82,"no transcription errors found","/okdeQQFj3ok0YrB9sbbCIk0Gya2xtkj","mOcIykOnDgd3QV5gHrl8B5rxlWe9VRn+","legacyData"
"d669dc0f-6ddf-4255-bb1d-6a80a138cdf8","ABBY_066.basePlot.vst","2015-07-28","vst_ABBY_2015","D16","ABBY","ABBY_066","21","4","21 _0","GASH","Gaultheria shallon Pursh","species",,,100,100,0,2.0,1.06,,"/okdeQQFj3ok0YrB9sbbCIk0Gya2xtkj","mOcIykOnDgd3QV5gHrl8B5rxlWe9VRn+","legacyData"
"0f616a7f-be21-4424-b57b-146fb687b4ac","ABBY_066.basePlot.vst","2015-07-28","vst_ABBY_2015","D16","ABBY","ABBY_066","21","1","21 _1","GASH","Gaultheria shallon Pursh","species",,,100,95,5,1.0,0.96,,"/okdeQQFj3ok0YrB9sbbCIk0Gya2xtkj","mOcIykOnDgd3QV5gHrl8B5rxlWe9VRn+","legacyData"
"b79d0368-d78c-4774-912a-c37ea793b7b8","ABBY_066.basePlot.vst","2015-07-28","vst_ABBY_2015","D16","ABBY","ABBY_066","41","4","41 _0","GASH","Gaultheria shallon Pursh","species",,,50,90,10,1.0,0.74,,"/okdeQQFj3ok0YrB9sbbCIk0Gya2xtkj","mOcIykOnDgd3QV5gHrl8B5rxlWe9VRn+","legacyData"
"9fde795e-411d-4480-b330-cf021d6a7d16","ABBY_066.basePlot.vst","2015-07-28","vst_ABBY_2015","D16","ABBY","ABBY_066","21","4","21 _0","COCOC","Corylus cornuta Marshall var. californica (A. DC.) Sharp","variety",,,70,100,0,2.0,2.92,,"/okdeQQFj3ok0YrB9sbbCIk0Gya2xtkj","mOcIykOnDgd3QV5gHrl8B5rxlWe9VRn+","legacyData"
"d09031b0-3e61-4a55-a1e7-045d5123d427","ABBY_066.basePlot.vst","2015-07-28","vst_ABBY_2015","D16","ABBY","ABBY_066","21","1","21 _1","ACCI","Acer circinatum Pursh","species",,,30,100,0,1.0,1.84,,"/okdeQQFj3ok0YrB9sbbCIk0Gya2xtkj","mOcIykOnDgd3QV5gHrl8B5rxlWe9VRn+","legacyData"
"f1a5d2e7-3afe-4a05-ac25-ccaa428bc248","ABBY_066.basePlot.vst","2015-07-28","vst_ABBY_2015","D16","ABBY","ABBY_066","21","4","21 _0","GASH","Gaultheria shallon Pursh","species",,,100,100,0,2.0,1.18,,"/okdeQQFj3ok0YrB9sbbCIk0Gya2xtkj","mOcIykOnDgd3QV5gHrl8B5rxlWe9VRn+","legacyData"
"d98e9cd1-05f6-46d9-aff9-72e33dacdb1f","ABBY_066.basePlot.vst","2015-07-28","vst_ABBY_2015","D16","ABBY","ABBY_066","21","4","21 _0","COCOC","Corylus cornuta Marshall var. californica (A. DC.) Sharp","variety",,,100,100,0,2.0,1.86,,"/okdeQQFj3ok0YrB9sbbCIk0Gya2xtkj","mOcIykOnDgd3QV5gHrl8B5rxlWe9VRn+","legacyData"
"67197c5c-52b0-4164-8298-f8e5d2d43cca","ABBY_066.basePlot.vst","2015-07-28","vst_ABBY_2015","D16","ABBY","ABBY_066","21","1","21 _1","GASH","Gaultheria shallon Pursh","species",,,70,100,0,1.0,1.06,,"/okdeQQFj3ok0YrB9sbbCIk0Gya2xtkj","mOcIykOnDgd3QV5gHrl8B5rxlWe9VRn+","legacyData"
"8a3f6da9-5fc1-4c4a-8ba2-7433d1f8fa26","ABBY_066.basePlot.vst","2015-07-28","vst_ABBY_2015","D16","ABBY","ABBY_066","21","1","21 _1","GASH","Gaultheria shallon Pursh","species",,,100,95,5,1.0,0.74,,"/okdeQQFj3ok0YrB9sbbCIk0Gya2xtkj","mOcIykOnDgd3QV5gHrl8B5rxlWe9VRn+","legacyData"
"8f864e55-d2ff-431e-b6a3-fb7d1145dcea","ABBY_066.basePlot.vst","2015-07-28","vst_ABBY_2015","D16","ABBY","ABBY_066","21","4","21 _0","FRPU7","Frangula purshiana (DC.) A. Gray","species",,,33,100,0,2.0,2.70,,"/okdeQQFj3ok0YrB9sbbCIk0Gya2xtkj","mOcIykOnDgd3QV5gHrl8B5rxlWe9VRn+","legacyData"
"8d5eb2f8-7386-4258-8c9b-f0e0d941a0e6","ABBY_066.basePlot.vst","2015-07-28","vst_ABBY_2015","D16","ABBY","ABBY_066","41","4","41 _0","COCOC","Corylus cornuta Marshall var. californica (A. DC.) Sharp","variety",,,50,100,0,1.0,1.84,,"/okdeQQFj3ok0YrB9sbbCIk0Gya2xtkj","mOcIykOnDgd3QV5gHrl8B5rxlWe9VRn+","legacyData"
"0c53e3cf-4d3a-4d30-9768-dd59a0221220","ABBY_066.basePlot.vst","2015-07-28","vst_ABBY_2015","D16","ABBY","ABBY_066","21","1","21 _1","COCOC","Corylus cornuta Marshall var. californica (A. DC.) Sharp","variety",,,30,100,0,1.0,2.08,,"/okdeQQFj3ok0YrB9sbbCIk0Gya2xtkj","mOcIykOnDgd3QV5gHrl8B5rxlWe9VRn+","legacyData"
"b5ba03cb-ec93-436b-8f01-56c6742e9554","ABBY_066.basePlot.vst","2015-07-28","vst_ABBY_2015","D16","ABBY","ABBY_066","21","1","21 _1","GASH","Gaultheria shallon Pursh","species",,,70,100,0,1.0,0.92,"no transcription errors found","/okdeQQFj3ok0YrB9sbbCIk0Gya2xtkj","mOcIykOnDgd3QV5gHrl8B5rxlWe9VRn+","legacyData"
"36e57383-fd4f-4507-95f6-8cb11ac89b90","ABBY_066.basePlot.vst","2015-07-28","vst_ABBY_2015","D16","ABBY","ABBY_066","41","4","41 _0","VAPA","Vaccinium parvifolium Sm.","species",,,100,100,0,1.0,1.20,,"/okdeQQFj3ok0YrB9sbbCIk0Gya2xtkj","mOcIykOnDgd3QV5gHrl8B5rxlWe9VRn+","legacyData"
"5dd980e6-b464-42e6-8170-dc3428e7deae","ABBY_066.basePlot.vst","2015-07-28","vst_ABBY_2015","D16","ABBY","ABBY_066","21","1","21 _1","ACCI","Acer circinatum Pursh","species",,,20,100,0,1.0,1.76,,"/okdeQQFj3ok0YrB9sbbCIk0Gya2xtkj","mOcIykOnDgd3QV5gHrl8B5rxlWe9VRn+","legacyData"
"d32ffe18-57f9-470c-bb84-dfd9626d85a6","ABBY_066.basePlot.vst","2015-07-28","vst_ABBY_2015","D16","ABBY","ABBY_066","21","1","21 _0","GASH","Gaultheria shallon Pursh","species",,,100,100,0,2.0,1.32,,"/okdeQQFj3ok0YrB9sbbCIk0Gya2xtkj","mOcIykOnDgd3QV5gHrl8B5rxlWe9VRn+","legacyData"
"dff0af07-dc7e-4797-b1e3-e446f5f72c62","ABBY_066.basePlot.vst","2015-07-28","vst_ABBY_2015","D16","ABBY","ABBY_066","41","1","41 _0","GASH","Gaultheria shallon Pursh","species",,,100,60,40,1.0,0.56,,"/okdeQQFj3ok0YrB9sbbCIk0Gya2xtkj","mOcIykOnDgd3QV5gHrl8B5rxlWe9VRn+","legacyData"
"8c805671-8e46-458e-aa98-d7df618329e2","ABBY_066.basePlot.vst","2015-07-28","vst_ABBY_2015","D16","ABBY","ABBY_066","21","4","21 _0","GASH","Gaultheria shallon Pursh","species",,,30,100,0,2.0,1.20,,"/okdeQQFj3ok0YrB9sbbCIk0Gya2xtkj","mOcIykOnDgd3QV5gHrl8B5rxlWe9VRn+","legacyData"
"a6a4eee8-11ea-4cbd-93bf-df9b6021ee00","ABBY_066.basePlot.vst","2015-07-28","vst_ABBY_2015","D16","ABBY","ABBY_066","21","4","21 _0","COCOC","Corylus cornuta Marshall var. californica (A. DC.) Sharp","variety",,,33,100,0,2.0,2.40,"no transcription errors found","/okdeQQFj3ok0YrB9sbbCIk0Gya2xtkj","mOcIykOnDgd3QV5gHrl8B5rxlWe9VRn+","legacyData"
"bce6e46f-c2b2-4fa0-8b8e-fa4a8401ada3","ABBY_066.basePlot.vst","2015-07-28","vst_ABBY_2015","D16","ABBY","ABBY_066","21","4","21 _0","COCOC","Corylus cornuta Marshall var. californica (A. DC.) Sharp","variety",,,100,100,0,2.0,2.38,,"/okdeQQFj3ok0YrB9sbbCIk0Gya2xtkj","mOcIykOnDgd3QV5gHrl8B5rxlWe9VRn+","legacyData"
"a235a52c-e21b-4891-992d-4c822b731a95","ABBY_066.basePlot.vst","2015-07-28","vst_ABBY_2015","D16","ABBY","ABBY_066","21","4","21 _0","GASH","Gaultheria shallon Pursh","species",,,34,100,0,2.0,1.24,,"/okdeQQFj3ok0YrB9sbbCIk0Gya2xtkj","mOcIykOnDgd3QV5gHrl8B5rxlWe9VRn+","legacyData"
"c8c694dc-36f9-4000-8046-dc63d5d71a66","ABBY_066.basePlot.vst","2015-07-28","vst_ABBY_2015","D16","ABBY","ABBY_066","21","4","21 _0","COCOC","Corylus cornuta Marshall var. californica (A. DC.) Sharp","variety",,,100,100,0,2.0,2.66,,"/okdeQQFj3ok0YrB9sbbCIk0Gya2xtkj","mOcIykOnDgd3QV5gHrl8B5rxlWe9VRn+","legacyData"
"ca3c8938-c9d1-4cc2-a992-34939e3f22dd","ABBY_066.basePlot.vst","2015-07-28","vst_ABBY_2015","D16","ABBY","ABBY_066","21","4","21 _0","GASH","Gaultheria shallon Pursh","species",,,100,100,0,2.0,1.20,,"/okdeQQFj3ok0YrB9sbbCIk0Gya2xtkj","mOcIykOnDgd3QV5gHrl8B5rxlWe9VRn+","legacyData"
"b39ff526-22a0-4ace-bd36-0921c752fe06","ABBY_066.basePlot.vst","2015-07-28","vst_ABBY_2015","D16","ABBY","ABBY_066","21","1","21 _1","GASH","Gaultheria shallon Pursh","species",,,80,100,0,1.0,0.96,,"/okdeQQFj3ok0YrB9sbbCIk0Gya2xtkj","mOcIykOnDgd3QV5gHrl8B5rxlWe9VRn+","legacyData"
"73f828b8-1191-45df-9847-6b54c49d5fd9","ABBY_061.basePlot.vst","2015-07-29","vst_ABBY_2015","D16","ABBY","ABBY_061","39","3","39 _0","COCOC","Corylus cornuta Marshall var. californica (A. DC.) Sharp","variety",,,100,100,0,1.0,1.90,,"mOcIykOnDgd3QV5gHrl8B5rxlWe9VRn+","mOcIykOnDgd3QV5gHrl8B5rxlWe9VRn+","legacyData"
"55268c7e-781e-458f-8fd9-855a14cd7523","ABBY_061.basePlot.vst","2015-07-29","vst_ABBY_2015","D16","ABBY","ABBY_061","21","1","21 _0","COCOC","Corylus cornuta Marshall var. californica (A. DC.) Sharp","variety",,,100,100,0,1.0,2.30,,"/okdeQQFj3ok0YrB9sbbCIk0Gya2xtkj","3fh8ZWGiUyNPW/cfWo4MvcGcAV2rECSC","legacyData"
"3d6171e6-6d4d-438f-9737-2b8279df6b10","ABBY_070.basePlot.vst","2015-07-29","vst_ABBY_2015","D16","ABBY","ABBY_070","21","1","21 _0","MANE2","Mahonia nervosa (Pursh) Nutt.","species",,,100,100,0,2.0,0.78,,"3fh8ZWGiUyNPW/cfWo4MvcGcAV2rECSC","/okdeQQFj3ok0YrB9sbbCIk0Gya2xtkj","legacyData"
"dcf70b3a-fd58-47d5-94b4-85e11b6e7dac","ABBY_061.basePlot.vst","2015-07-29","vst_ABBY_2015","D16","ABBY","ABBY_061","21","1","21 _0","COCOC","Corylus cornuta Marshall var. californica (A. DC.) Sharp","variety",,,100,100,0,1.0,2.40,,"/okdeQQFj3ok0YrB9sbbCIk0Gya2xtkj","3fh8ZWGiUyNPW/cfWo4MvcGcAV2rECSC","legacyData"
"9113c79e-c810-412d-a27b-cb6eebeb321c","ABBY_070.basePlot.vst","2015-07-29","vst_ABBY_2015","D16","ABBY","ABBY_070","39","3","39 _0","COCOC","Corylus cornuta Marshall var. californica (A. DC.) Sharp","variety",,,100,100,0,1.0,2.28,,"2GSwrdD8dTCUM8OMtX2xVCKMWrr4ktyi","mOcIykOnDgd3QV5gHrl8B5rxlWe9VRn+","legacyData"
"7eb96778-d811-455d-a98a-b827616fb613","ABBY_070.basePlot.vst","2015-07-29","vst_ABBY_2015","D16","ABBY","ABBY_070","21","1","21 _0","HODI","Holodiscus discolor (Pursh) Maxim.","species",,,100,100,0,2.0,1.52,,"3fh8ZWGiUyNPW/cfWo4MvcGcAV2rECSC","/okdeQQFj3ok0YrB9sbbCIk0Gya2xtkj","legacyData"
"77c56b74-af43-47e6-af23-05b5b9287f49","ABBY_061.basePlot.vst","2015-07-29","vst_ABBY_2015","D16","ABBY","ABBY_061","21","1","21 _0","COCOC","Corylus cornuta Marshall var. californica (A. DC.) Sharp","variety",,,50,100,0,1.0,1.92,,"/okdeQQFj3ok0YrB9sbbCIk0Gya2xtkj","3fh8ZWGiUyNPW/cfWo4MvcGcAV2rECSC","legacyData"
"0d0f735c-b6cf-4e1e-9ad7-2243e268bf1f","ABBY_070.basePlot.vst","2015-07-29","vst_ABBY_2015","D16","ABBY","ABBY_070","39","1","39 _0","ACCI","Acer circinatum Pursh","species",,,100,100,0,1.0,2.12,"no transcription errors found","2GSwrdD8dTCUM8OMtX2xVCKMWrr4ktyi","mOcIykOnDgd3QV5gHrl8B5rxlWe9VRn+","legacyData"
"0fba0e32-80d8-4448-ae20-ffca3dd7d5dd","ABBY_070.basePlot.vst","2015-07-29","vst_ABBY_2015","D16","ABBY","ABBY_070","39","1","39 _0","HODI","Holodiscus discolor (Pursh) Maxim.","species",,,100,100,0,1.0,1.40,,"2GSwrdD8dTCUM8OMtX2xVCKMWrr4ktyi","mOcIykOnDgd3QV5gHrl8B5rxlWe9VRn+","legacyData"
"630588d7-b544-41f5-a3fa-2d0a593dc698","ABBY_070.basePlot.vst","2015-07-29","vst_ABBY_2015","D16","ABBY","ABBY_070","39","3","39 _0","ACCI","Acer circinatum Pursh","species",,,100,100,0,1.0,2.10,,"2GSwrdD8dTCUM8OMtX2xVCKMWrr4ktyi","mOcIykOnDgd3QV5gHrl8B5rxlWe9VRn+","legacyData"
"3b82c57d-be35-4665-bcfa-89a08745f992","ABBY_070.basePlot.vst","2015-07-29","vst_ABBY_2015","D16","ABBY","ABBY_070","21","4","21 _0","ACCI","Acer circinatum Pursh","species",,,100,100,0,2.0,2.16,,"3fh8ZWGiUyNPW/cfWo4MvcGcAV2rECSC","/okdeQQFj3ok0YrB9sbbCIk0Gya2xtkj","legacyData"
"dd02f890-7261-4170-9423-0db65b098fb4","ABBY_070.basePlot.vst","2015-07-29","vst_ABBY_2015","D16","ABBY","ABBY_070","21","4","21 _0","GASH","Gaultheria shallon Pursh","species",,,100,100,0,2.0,1.10,,"3fh8ZWGiUyNPW/cfWo4MvcGcAV2rECSC","/okdeQQFj3ok0YrB9sbbCIk0Gya2xtkj","legacyData"
"4a579af9-7c70-410c-a0f3-5af0bb5224c8","ABBY_061.basePlot.vst","2015-07-29","vst_ABBY_2015","D16","ABBY","ABBY_061","39","3","39 _0","COCOC","Corylus cornuta Marshall var. californica (A. DC.) Sharp","variety",,,100,100,0,1.0,2.18,,"mOcIykOnDgd3QV5gHrl8B5rxlWe9VRn+","mOcIykOnDgd3QV5gHrl8B5rxlWe9VRn+","legacyData"
"8fc78fe6-20a8-4b7a-89d1-7056b0767604","ABBY_061.basePlot.vst","2015-07-29","vst_ABBY_2015","D16","ABBY","ABBY_061","21","1","21 _0","FRPU7","Frangula purshiana (DC.) A. Gray","species",,,50,100,0,1.0,2.22,,"/okdeQQFj3ok0YrB9sbbCIk0Gya2xtkj","3fh8ZWGiUyNPW/cfWo4MvcGcAV2rECSC","legacyData"
"d20bdb4c-ac39-4c45-9b1b-95c06e94d061","ABBY_061.basePlot.vst","2015-07-29","vst_ABBY_2015","D16","ABBY","ABBY_061","21","1","21 _0","HODI","Holodiscus discolor (Pursh) Maxim.","species",,,100,100,0,1.0,1.10,"no transcription errors found","/okdeQQFj3ok0YrB9sbbCIk0Gya2xtkj","3fh8ZWGiUyNPW/cfWo4MvcGcAV2rECSC","legacyData"
"6fb1e5e0-fae8-4b20-b3cc-7760894147a6","ABBY_061.basePlot.vst","2015-07-29","vst_ABBY_2015","D16","ABBY","ABBY_061","21","1","21 _0","COCOC","Corylus cornuta Marshall var. californica (A. DC.) Sharp","variety",,,100,90,10,1.0,1.40,,"/okdeQQFj3ok0YrB9sbbCIk0Gya2xtkj","3fh8ZWGiUyNPW/cfWo4MvcGcAV2rECSC","legacyData"
"110d942c-5dcd-464a-8227-2e81e9e1f642","ABBY_070.basePlot.vst","2015-07-29","vst_ABBY_2015","D16","ABBY","ABBY_070","21","1","21 _0","COCOC","Corylus cornuta Marshall var. californica (A. DC.) Sharp","variety",,,100,100,0,2.0,2.72,,"3fh8ZWGiUyNPW/cfWo4MvcGcAV2rECSC","/okdeQQFj3ok0YrB9sbbCIk0Gya2xtkj","legacyData"
"adf82d36-1780-48b7-8f03-8feddc9fe613","ABBY_070.basePlot.vst","2015-07-29","vst_ABBY_2015","D16","ABBY","ABBY_070","39","3","39 _0","COCOC","Corylus cornuta Marshall var. californica (A. DC.) Sharp","variety",,,100,100,0,1.0,1.90,,"2GSwrdD8dTCUM8OMtX2xVCKMWrr4ktyi","mOcIykOnDgd3QV5gHrl8B5rxlWe9VRn+","legacyData"
"b4d8f04c-a064-4d11-9526-a4209450060c","ABBY_070.basePlot.vst","2015-07-29","vst_ABBY_2015","D16","ABBY","ABBY_070","39","3","39 _0","COCOC","Corylus cornuta Marshall var. californica (A. DC.) Sharp","variety",,,100,100,0,1.0,2.48,,"2GSwrdD8dTCUM8OMtX2xVCKMWrr4ktyi","mOcIykOnDgd3QV5gHrl8B5rxlWe9VRn+","legacyData"
"2bda6902-6129-4ec4-8b1f-10c91ed170be","ABBY_070.basePlot.vst","2015-07-29","vst_ABBY_2015","D16","ABBY","ABBY_070","21","4","21 _0","COCOC","Corylus cornuta Marshall var. californica (A. DC.) Sharp","variety",,,100,100,0,2.0,2.74,,"3fh8ZWGiUyNPW/cfWo4MvcGcAV2rECSC","/okdeQQFj3ok0YrB9sbbCIk0Gya2xtkj","legacyData"
"b810f0b6-6e6d-4d3b-9a55-4edc076214bd","ABBY_070.basePlot.vst","2015-07-29","vst_ABBY_2015","D16","ABBY","ABBY_070","39","3","39 _0","COCOC","Corylus cornuta Marshall var. californica (A. DC.) Sharp","variety",,,100,100,0,1.0,2.08,,"2GSwrdD8dTCUM8OMtX2xVCKMWrr4ktyi","mOcIykOnDgd3QV5gHrl8B5rxlWe9VRn+","legacyData"
"c60015ad-c645-49d9-ad88-23e22f390ba9","ABBY_070.basePlot.vst","2015-07-29","vst_ABBY_2015","D16","ABBY","ABBY_070","21","1","21 _0","COCOC","Corylus cornuta Marshall var. californica (A. DC.) Sharp","variety",,,100,100,0,2.0,2.46,,"3fh8ZWGiUyNPW/cfWo4MvcGcAV2rECSC","/okdeQQFj3ok0YrB9sbbCIk0Gya2xtkj","legacyData"
"ed459536-2ebe-423f-acff-08cfdd0aa9f2","ABBY_062.basePlot.vst","2015-07-30","vst_ABBY_2015","D16","ABBY","ABBY_062","41","4","41 _0","RUSP","Rubus spectabilis Pursh","species",,,100,100,0,1.0,1.56,,"mOcIykOnDgd3QV5gHrl8B5rxlWe9VRn+","3fh8ZWGiUyNPW/cfWo4MvcGcAV2rECSC","legacyData"
"b246e610-ff6c-49c6-a3b7-5922e5f66b22","ABBY_062.basePlot.vst","2015-07-30","vst_ABBY_2015","D16","ABBY","ABBY_062","41","4","41 _0","SARA2","Sambucus racemosa L.","species",,"cf. species",100,100,0,1.0,1.44,,"mOcIykOnDgd3QV5gHrl8B5rxlWe9VRn+","3fh8ZWGiUyNPW/cfWo4MvcGcAV2rECSC","legacyData"
"2c77e071-f853-4d78-a29e-943661bffa89","ABBY_062.basePlot.vst","2015-07-30","vst_ABBY_2015","D16","ABBY","ABBY_062","39","3","39 _0","ACCI","Acer circinatum Pursh","species",,,100,100,0,3.0,3.26,,"mOcIykOnDgd3QV5gHrl8B5rxlWe9VRn+","3fh8ZWGiUyNPW/cfWo4MvcGcAV2rECSC","legacyData"
"f35cd6f3-d1ab-42d7-b475-89d2bb145c16","ABBY_062.basePlot.vst","2015-07-30","vst_ABBY_2015","D16","ABBY","ABBY_062","41","4","41 _0","GASH","Gaultheria shallon Pursh","species",,,100,100,0,1.0,0.84,,"mOcIykOnDgd3QV5gHrl8B5rxlWe9VRn+","3fh8ZWGiUyNPW/cfWo4MvcGcAV2rECSC","legacyData"
"f26dca43-67e0-4970-a9ed-2534ef38fa0a","ABBY_062.basePlot.vst","2015-07-30","vst_ABBY_2015","D16","ABBY","ABBY_062","41","4","41 _0","SARA2","Sambucus racemosa L.","species",,"cf. species",100,70,30,1.0,0.72,,"mOcIykOnDgd3QV5gHrl8B5rxlWe9VRn+","3fh8ZWGiUyNPW/cfWo4MvcGcAV2rECSC","legacyData"
"bd1a8cdf-05c9-4142-a28e-516f0e29644f","ABBY_062.basePlot.vst","2015-07-30","vst_ABBY_2015","D16","ABBY","ABBY_062","41","4","41 _0","GASH","Gaultheria shallon Pursh","species",,,100,100,0,1.0,0.92,,"mOcIykOnDgd3QV5gHrl8B5rxlWe9VRn+","3fh8ZWGiUyNPW/cfWo4MvcGcAV2rECSC","legacyData"
"f8f85195-0ae5-4533-8d3d-6ac574f21587","ABBY_062.basePlot.vst","2015-07-30","vst_ABBY_2015","D16","ABBY","ABBY_062","41","4","41 _0","HODI","Holodiscus discolor (Pursh) Maxim.","species",,,100,100,0,1.0,1.44,"no transcription errors found","mOcIykOnDgd3QV5gHrl8B5rxlWe9VRn+","3fh8ZWGiUyNPW/cfWo4MvcGcAV2rECSC","legacyData"
"a2a0c416-7f25-451b-b0a9-365cec6034ae","ABBY_064.basePlot.vst","2015-07-31","vst_ABBY_2015","D16","ABBY","ABBY_064","21","1","21 _0","THPL","Thuja plicata Donn ex D. Don","species",,,1,100,0,1.0,2.40,,"mOcIykOnDgd3QV5gHrl8B5rxlWe9VRn+","2GSwrdD8dTCUM8OMtX2xVCKMWrr4ktyi","legacyData"
"4d53d5f2-e233-4588-8676-b3be691d7819","ABBY_064.basePlot.vst","2015-07-31","vst_ABBY_2015","D16","ABBY","ABBY_064","21","1","21 _1","PSME","Pseudotsuga menziesii (Mirb.) Franco","species",,,10,100,0,19.0,2.25,"no transcription errors found","mOcIykOnDgd3QV5gHrl8B5rxlWe9VRn+","2GSwrdD8dTCUM8OMtX2xVCKMWrr4ktyi","legacyData"
"6d8b089c-bf3c-43d0-b4c3-406fd4268aa2","ABBY_064.basePlot.vst","2015-07-31","vst_ABBY_2015","D16","ABBY","ABBY_064","23","4","23 _0","FRPU7","Frangula purshiana (DC.) A. Gray","species",,,7,100,0,76.0,2.14,,"mOcIykOnDgd3QV5gHrl8B5rxlWe9VRn+","2GSwrdD8dTCUM8OMtX2xVCKMWrr4ktyi","legacyData"
"7cbd591d-c498-4317-be0f-45cadf67f5e7","ABBY_064.basePlot.vst","2015-07-31","vst_ABBY_2015","D16","ABBY","ABBY_064","23","4","23 _0","GASH","Gaultheria shallon Pursh","species",,,94,100,0,76.0,1.12,,"mOcIykOnDgd3QV5gHrl8B5rxlWe9VRn+","2GSwrdD8dTCUM8OMtX2xVCKMWrr4ktyi","legacyData"
"1231c2e0-0844-4084-945d-f9564c077977","ABBY_064.basePlot.vst","2015-07-31","vst_ABBY_2015","D16","ABBY","ABBY_064","23","2","23 _0","THPL","Thuja plicata Donn ex D. Don","species",,,1,100,0,76.0,1.05,,"mOcIykOnDgd3QV5gHrl8B5rxlWe9VRn+","2GSwrdD8dTCUM8OMtX2xVCKMWrr4ktyi","legacyData"
"b1eda246-24ff-4a73-887b-f7f19a8628ee","ABBY_064.basePlot.vst","2015-07-31","vst_ABBY_2015","D16","ABBY","ABBY_064","23","2","23 _0","VAPA","Vaccinium parvifolium Sm.","species",,,1,100,0,76.0,0.90,,"mOcIykOnDgd3QV5gHrl8B5rxlWe9VRn+","2GSwrdD8dTCUM8OMtX2xVCKMWrr4ktyi","legacyData"
"243a06cf-907e-4031-be81-343589a65c30","ABBY_064.basePlot.vst","2015-07-31","vst_ABBY_2015","D16","ABBY","ABBY_064","23","4","23 _0","PSME","Pseudotsuga menziesii (Mirb.) Franco","species",,,7,100,0,76.0,2.50,,"mOcIykOnDgd3QV5gHrl8B5rxlWe9VRn+","2GSwrdD8dTCUM8OMtX2xVCKMWrr4ktyi","legacyData"
"13050110-7522-4a44-a5a8-4690a9ee5ffa","ABBY_064.basePlot.vst","2015-07-31","vst_ABBY_2015","D16","ABBY","ABBY_064","23","2","23 _0","RUPA","Rubus parviflorus Nutt.","species",,,1,100,0,76.0,1.30,,"mOcIykOnDgd3QV5gHrl8B5rxlWe9VRn+","2GSwrdD8dTCUM8OMtX2xVCKMWrr4ktyi","legacyData"
"d43ba428-b070-4dc6-b2bc-3dfc3a773106","ABBY_064.basePlot.vst","2015-07-31","vst_ABBY_2015","D16","ABBY","ABBY_064","23","2","23 _0","FRPU7","Frangula purshiana (DC.) A. Gray","species",,,98,100,0,76.0,1.30,,"mOcIykOnDgd3QV5gHrl8B5rxlWe9VRn+","2GSwrdD8dTCUM8OMtX2xVCKMWrr4ktyi","legacyData"
"10dd81bc-131a-405a-9962-2a71debcf637","ABBY_064.basePlot.vst","2015-07-31","vst_ABBY_2015","D16","ABBY","ABBY_064","21","1","21 _1","COCOC","Corylus cornuta Marshall var. californica (A. DC.) Sharp","variety",,,30,100,0,19.0,2.50,,"mOcIykOnDgd3QV5gHrl8B5rxlWe9VRn+","2GSwrdD8dTCUM8OMtX2xVCKMWrr4ktyi","legacyData"
"e281bb57-21cf-4e0d-8cde-937ecc329788","ABBY_064.basePlot.vst","2015-07-31","vst_ABBY_2015","D16","ABBY","ABBY_064","21","1","21 _1","GASH","Gaultheria shallon Pursh","species",,,100,100,0,19.0,1.18,,"mOcIykOnDgd3QV5gHrl8B5rxlWe9VRn+","2GSwrdD8dTCUM8OMtX2xVCKMWrr4ktyi","legacyData"
"0dd36a9f-f114-49fa-9793-e5a1a15a3620","ABBY_064.basePlot.vst","2015-07-31","vst_ABBY_2015","D16","ABBY","ABBY_064","21","1","21 _1","COCOC","Corylus cornuta Marshall var. californica (A. DC.) Sharp","variety",,,5,100,0,19.0,3.20,,"mOcIykOnDgd3QV5gHrl8B5rxlWe9VRn+","2GSwrdD8dTCUM8OMtX2xVCKMWrr4ktyi","legacyData"
"5ac10052-4e56-4284-a8e5-72feb791418c","ABBY_064.basePlot.vst","2015-07-31","vst_ABBY_2015","D16","ABBY","ABBY_064","23","4","23 _0","GASH","Gaultheria shallon Pursh","species",,,85,100,0,76.0,1.28,,"mOcIykOnDgd3QV5gHrl8B5rxlWe9VRn+","2GSwrdD8dTCUM8OMtX2xVCKMWrr4ktyi","legacyData"
"26c26ec4-0fce-477c-aec3-45f6978e2d50","ABBY_064.basePlot.vst","2015-07-31","vst_ABBY_2015","D16","ABBY","ABBY_064","21","1","21 _1","PSME","Pseudotsuga menziesii (Mirb.) Franco","species",,,15,100,0,19.0,4.87,,"mOcIykOnDgd3QV5gHrl8B5rxlWe9VRn+","2GSwrdD8dTCUM8OMtX2xVCKMWrr4ktyi","legacyData"
"be6aa51b-a77f-413d-a03c-c7ddfb3f381c","ABBY_064.basePlot.vst","2015-07-31","vst_ABBY_2015","D16","ABBY","ABBY_064","23","4","23 _0","GASH","Gaultheria shallon Pursh","species",,,100,100,0,76.0,1.04,,"mOcIykOnDgd3QV5gHrl8B5rxlWe9VRn+","2GSwrdD8dTCUM8OMtX2xVCKMWrr4ktyi","legacyData"
"fff392ad-965a-4509-b263-0c89cfc5b75a","ABBY_064.basePlot.vst","2015-07-31","vst_ABBY_2015","D16","ABBY","ABBY_064","23","2","23 _0","GASH","Gaultheria shallon Pursh","species",,,50,100,0,76.0,1.04,,"mOcIykOnDgd3QV5gHrl8B5rxlWe9VRn+","2GSwrdD8dTCUM8OMtX2xVCKMWrr4ktyi","legacyData"
"0a54dedc-4eba-4dfb-ae4e-6b338dc45bde","ABBY_064.basePlot.vst","2015-07-31","vst_ABBY_2015","D16","ABBY","ABBY_064","21","1","21 _1","FRPU7","Frangula purshiana (DC.) A. Gray","species",,,7,100,0,19.0,3.20,,"mOcIykOnDgd3QV5gHrl8B5rxlWe9VRn+","2GSwrdD8dTCUM8OMtX2xVCKMWrr4ktyi","legacyData"
"b064173c-bd11-40ab-bae5-54a18a8d90c8","ABBY_064.basePlot.vst","2015-07-31","vst_ABBY_2015","D16","ABBY","ABBY_064","21","4","21 _0","ACCI","Acer circinatum Pursh","species",,,100,100,0,1.0,2.34,,"mOcIykOnDgd3QV5gHrl8B5rxlWe9VRn+","2GSwrdD8dTCUM8OMtX2xVCKMWrr4ktyi","legacyData"
"345ec83b-064b-494b-abea-5164386fe4ac","ABBY_064.basePlot.vst","2015-07-31","vst_ABBY_2015","D16","ABBY","ABBY_064","21","1","21 _1","FRPU7","Frangula purshiana (DC.) A. Gray","species",,,60,100,0,19.0,2.76,"no transcription errors found","mOcIykOnDgd3QV5gHrl8B5rxlWe9VRn+","2GSwrdD8dTCUM8OMtX2xVCKMWrr4ktyi","legacyData"
"12d657e6-dafb-42cb-99a6-a9790b1c0448","ABBY_064.basePlot.vst","2015-07-31","vst_ABBY_2015","D16","ABBY","ABBY_064","23","4","23 _0","GASH","Gaultheria shallon Pursh","species",,,26,100,0,76.0,0.78,,"mOcIykOnDgd3QV5gHrl8B5rxlWe9VRn+","2GSwrdD8dTCUM8OMtX2xVCKMWrr4ktyi","legacyData"
"a1c5915a-7f6b-4f70-beca-3734178d3d89","ABBY_064.basePlot.vst","2015-07-31","vst_ABBY_2015","D16","ABBY","ABBY_064","23","4","23 _0","FRPU7","Frangula purshiana (DC.) A. Gray","species",,,3,100,0,76.0,1.83,,"mOcIykOnDgd3QV5gHrl8B5rxlWe9VRn+","2GSwrdD8dTCUM8OMtX2xVCKMWrr4ktyi","legacyData"
"8c807afc-fb23-43f6-953b-73b44cfe8d9f","ABBY_064.basePlot.vst","2015-07-31","vst_ABBY_2015","D16","ABBY","ABBY_064","23","4","23 _0","ACCI","Acer circinatum Pursh","species",,,2,100,0,76.0,1.30,,"mOcIykOnDgd3QV5gHrl8B5rxlWe9VRn+","2GSwrdD8dTCUM8OMtX2xVCKMWrr4ktyi","legacyData"
"4468112a-2cc8-40fd-b43b-2f6f61c64932","ABBY_064.basePlot.vst","2015-07-31","vst_ABBY_2015","D16","ABBY","ABBY_064","23","2","23 _0","GASH","Gaultheria shallon Pursh","species",,,2,100,0,76.0,0.88,,"mOcIykOnDgd3QV5gHrl8B5rxlWe9VRn+","2GSwrdD8dTCUM8OMtX2xVCKMWrr4ktyi","legacyData"
"60875342-37e8-4c70-920b-1fce9bbb1192","ABBY_064.basePlot.vst","2015-07-31","vst_ABBY_2015","D16","ABBY","ABBY_064","23","2","23 _0","HODI","Holodiscus discolor (Pursh) Maxim.","species",,,1,100,0,76.0,4.04,,"mOcIykOnDgd3QV5gHrl8B5rxlWe9VRn+","2GSwrdD8dTCUM8OMtX2xVCKMWrr4ktyi","legacyData"
"9f42523d-e846-4635-8eb1-dfdb163b2bf9","ABBY_064.basePlot.vst","2015-07-31","vst_ABBY_2015","D16","ABBY","ABBY_064","23","2","23 _0","FRPU7","Frangula purshiana (DC.) A. Gray","species",,,2,100,0,76.0,3.22,,"mOcIykOnDgd3QV5gHrl8B5rxlWe9VRn+","2GSwrdD8dTCUM8OMtX2xVCKMWrr4ktyi","legacyData"
"3d501fe9-7355-4518-b55f-91f374f102b7","ABBY_064.basePlot.vst","2015-07-31","vst_ABBY_2015","D16","ABBY","ABBY_064","23","4","23 _0","ACCI","Acer circinatum Pursh","species",,,70,100,0,76.0,2.06,,"mOcIykOnDgd3QV5gHrl8B5rxlWe9VRn+","2GSwrdD8dTCUM8OMtX2xVCKMWrr4ktyi","legacyData"
"7c31c6d9-7671-403c-8d33-73a6651e88dd","ABBY_064.basePlot.vst","2015-07-31","vst_ABBY_2015","D16","ABBY","ABBY_064","23","2","23 _0","PSME","Pseudotsuga menziesii (Mirb.) Franco","species",,,2,100,0,76.0,0.60,,"mOcIykOnDgd3QV5gHrl8B5rxlWe9VRn+","2GSwrdD8dTCUM8OMtX2xVCKMWrr4ktyi","legacyData"
"986d3d6b-e2b1-44a0-9c68-c254d76fd3cb","ABBY_064.basePlot.vst","2015-07-31","vst_ABBY_2015","D16","ABBY","ABBY_064","23","4","23 _0","PSME","Pseudotsuga menziesii (Mirb.) Franco","species",,,3,100,0,76.0,1.30,"no transcription errors found","mOcIykOnDgd3QV5gHrl8B5rxlWe9VRn+","2GSwrdD8dTCUM8OMtX2xVCKMWrr4ktyi","legacyData"
"c6c7b032-b46d-4a82-b1c2-3d364d99c189","ABBY_064.basePlot.vst","2015-07-31","vst_ABBY_2015","D16","ABBY","ABBY_064","23","2","23 _0","RUSP","Rubus spectabilis Pursh","species",,,1,100,0,76.0,1.07,"no transcription errors found","mOcIykOnDgd3QV5gHrl8B5rxlWe9VRn+","2GSwrdD8dTCUM8OMtX2xVCKMWrr4ktyi","legacyData"
"621ccb4b-10d7-4e60-b2ee-d3b1d1d72c67","ABBY_064.basePlot.vst","2015-07-31","vst_ABBY_2015","D16","ABBY","ABBY_064","21","4","21 _0","ACCI","Acer circinatum Pursh","species",,,100,100,0,1.0,2.28,,"mOcIykOnDgd3QV5gHrl8B5rxlWe9VRn+","2GSwrdD8dTCUM8OMtX2xVCKMWrr4ktyi","legacyData"
"11b4a779-cb51-4c14-8887-2f2bcedd2054","ABBY_064.basePlot.vst","2015-07-31","vst_ABBY_2015","D16","ABBY","ABBY_064","23","4","23 _0","PSME","Pseudotsuga menziesii (Mirb.) Franco","species",,,4,100,0,76.0,1.30,,"mOcIykOnDgd3QV5gHrl8B5rxlWe9VRn+","2GSwrdD8dTCUM8OMtX2xVCKMWrr4ktyi","legacyData"
"2286ac21-6a8f-49f9-9a7d-7b80297183fe","ABBY_064.basePlot.vst","2015-07-31","vst_ABBY_2015","D16","ABBY","ABBY_064","21","1","21 _0","GASH","Gaultheria shallon Pursh","species",,,100,90,10,1.0,1.00,,"mOcIykOnDgd3QV5gHrl8B5rxlWe9VRn+","2GSwrdD8dTCUM8OMtX2xVCKMWrr4ktyi","legacyData"
"09725204-8dba-4693-a2ab-34461e589582","ABBY_064.basePlot.vst","2015-07-31","vst_ABBY_2015","D16","ABBY","ABBY_064","23","4","23 _0","ACCI","Acer circinatum Pursh","species",,,10,100,0,76.0,1.72,"no transcription errors found","mOcIykOnDgd3QV5gHrl8B5rxlWe9VRn+","2GSwrdD8dTCUM8OMtX2xVCKMWrr4ktyi","legacyData"
"377eeb5f-a768-482b-8c89-ff537e09d812","ABBY_064.basePlot.vst","2015-07-31","vst_ABBY_2015","D16","ABBY","ABBY_064","21","1","21 _1","FRPU7","Frangula purshiana (DC.) A. Gray","species",,,70,100,0,19.0,3.56,,"mOcIykOnDgd3QV5gHrl8B5rxlWe9VRn+","2GSwrdD8dTCUM8OMtX2xVCKMWrr4ktyi","legacyData"
"ed92be89-7976-4b26-b69c-2311e2dd10d0","ABBY_064.basePlot.vst","2015-07-31","vst_ABBY_2015","D16","ABBY","ABBY_064","21","1","21 _1","ACCI","Acer circinatum Pursh","species",,,7,100,0,19.0,2.32,,"mOcIykOnDgd3QV5gHrl8B5rxlWe9VRn+","2GSwrdD8dTCUM8OMtX2xVCKMWrr4ktyi","legacyData"
"8514c4e1-5c79-448b-8e81-63a1da1e0259","ABBY_064.basePlot.vst","2015-07-31","vst_ABBY_2015","D16","ABBY","ABBY_064","21","4","21 _0","FRPU7","Frangula purshiana (DC.) A. Gray","species",,,100,100,0,1.0,1.62,,"mOcIykOnDgd3QV5gHrl8B5rxlWe9VRn+","2GSwrdD8dTCUM8OMtX2xVCKMWrr4ktyi","legacyData"
"6dc88f4f-5616-4b85-9f12-df1130c4e4f5","ABBY_064.basePlot.vst","2015-07-31","vst_ABBY_2015","D16","ABBY","ABBY_064","23","2","23 _1","FRPU7","Frangula purshiana (DC.) A. Gray","species",,,10,100,0,2.0,0.80,,"mOcIykOnDgd3QV5gHrl8B5rxlWe9VRn+","2GSwrdD8dTCUM8OMtX2xVCKMWrr4ktyi","legacyData"
"355ae7dc-89f4-4056-8774-c28c5a0d9d88","ABBY_064.basePlot.vst","2015-07-31","vst_ABBY_2015","D16","ABBY","ABBY_064","23","4","23 _0","GASH","Gaultheria shallon Pursh","species",,,80,100,0,76.0,0.98,,"mOcIykOnDgd3QV5gHrl8B5rxlWe9VRn+","2GSwrdD8dTCUM8OMtX2xVCKMWrr4ktyi","legacyData"
"9f5250b1-7863-41fd-bbd9-bc78f47592c8","ABBY_064.basePlot.vst","2015-07-31","vst_ABBY_2015","D16","ABBY","ABBY_064","21","1","21 _1","GASH","Gaultheria shallon Pursh","species",,,89,100,0,19.0,1.34,,"mOcIykOnDgd3QV5gHrl8B5rxlWe9VRn+","2GSwrdD8dTCUM8OMtX2xVCKMWrr4ktyi","legacyData"
"963b114e-e1f6-488b-bf73-2b6a140955ea","ABBY_064.basePlot.vst","2015-07-31","vst_ABBY_2015","D16","ABBY","ABBY_064","21","4","21 _0","COCOC","Corylus cornuta Marshall var. californica (A. DC.) Sharp","variety",,,100,100,0,1.0,1.76,,"mOcIykOnDgd3QV5gHrl8B5rxlWe9VRn+","2GSwrdD8dTCUM8OMtX2xVCKMWrr4ktyi","legacyData"
"f42ce1bc-2cae-4f14-8be9-5251bfa0bbdd","ABBY_064.basePlot.vst","2015-07-31","vst_ABBY_2015","D16","ABBY","ABBY_064","23","2","23 _1","GASH","Gaultheria shallon Pursh","species",,,90,100,0,2.0,0.68,,"mOcIykOnDgd3QV5gHrl8B5rxlWe9VRn+","2GSwrdD8dTCUM8OMtX2xVCKMWrr4ktyi","legacyData"
"5dc4cddd-a167-4acd-881e-28c7992fa2b1","ABBY_064.basePlot.vst","2015-07-31","vst_ABBY_2015","D16","ABBY","ABBY_064","23","2","23 _0","ACCI","Acer circinatum Pursh","species",,,40,100,0,76.0,4.68,,"mOcIykOnDgd3QV5gHrl8B5rxlWe9VRn+","2GSwrdD8dTCUM8OMtX2xVCKMWrr4ktyi","legacyData"
"68d9bbc9-c971-4a47-bd54-ac3f0626b2c8","ABBY_064.basePlot.vst","2015-07-31","vst_ABBY_2015","D16","ABBY","ABBY_064","21","4","21 _0","ACCI","Acer circinatum Pursh","species",,,100,100,0,1.0,1.90,,"mOcIykOnDgd3QV5gHrl8B5rxlWe9VRn+","2GSwrdD8dTCUM8OMtX2xVCKMWrr4ktyi","legacyData"
"4027082d-ebc4-49e6-b59f-e6a41c0c2310","ABBY_064.basePlot.vst","2015-07-31","vst_ABBY_2015","D16","ABBY","ABBY_064","23","4","23 _0","PSME","Pseudotsuga menziesii (Mirb.) Franco","species",,,70,100,0,76.0,1.30,,"mOcIykOnDgd3QV5gHrl8B5rxlWe9VRn+","2GSwrdD8dTCUM8OMtX2xVCKMWrr4ktyi","legacyData"
"74b9e78f-8ebb-4c46-a7c3-9d81873f4e98","ABBY_064.basePlot.vst","2015-07-31","vst_ABBY_2015","D16","ABBY","ABBY_064","23","4","23 _0","GASH","Gaultheria shallon Pursh","species",,,30,100,0,76.0,0.94,,"mOcIykOnDgd3QV5gHrl8B5rxlWe9VRn+","2GSwrdD8dTCUM8OMtX2xVCKMWrr4ktyi","legacyData"
"2a0909ee-e0d4-4eb8-9993-82ca09246e9c","ABBY_064.basePlot.vst","2015-07-31","vst_ABBY_2015","D16","ABBY","ABBY_064","21","1","21 _0","ACCI","Acer circinatum Pursh","species",,,100,100,0,1.0,2.16,,"mOcIykOnDgd3QV5gHrl8B5rxlWe9VRn+","2GSwrdD8dTCUM8OMtX2xVCKMWrr4ktyi","legacyData"
"883fc549-f43f-4184-adec-32957fe19920","ABBY_064.basePlot.vst","2015-07-31","vst_ABBY_2015","D16","ABBY","ABBY_064","23","4","23 _0","GASH","Gaultheria shallon Pursh","species",,,100,100,0,76.0,1.20,,"mOcIykOnDgd3QV5gHrl8B5rxlWe9VRn+","2GSwrdD8dTCUM8OMtX2xVCKMWrr4ktyi","legacyData"
"af3f62f3-74e0-494c-805c-38caae7d5641","ABBY_064.basePlot.vst","2015-07-31","vst_ABBY_2015","D16","ABBY","ABBY_064","21","1","21 _1","GASH","Gaultheria shallon Pursh","species",,,13,100,0,19.0,1.22,,"mOcIykOnDgd3QV5gHrl8B5rxlWe9VRn+","2GSwrdD8dTCUM8OMtX2xVCKMWrr4ktyi","legacyData"
"5e8f3213-9eed-43cd-a1af-104358fd8330","ABBY_064.basePlot.vst","2015-07-31","vst_ABBY_2015","D16","ABBY","ABBY_064","21","4","21 _0","ACCI","Acer circinatum Pursh","species",,,100,100,0,1.0,1.84,"no transcription errors found","mOcIykOnDgd3QV5gHrl8B5rxlWe9VRn+","2GSwrdD8dTCUM8OMtX2xVCKMWrr4ktyi","legacyData"
"b5c9d3d8-d19e-4d9d-9fc2-56977df3d216","ABBY_064.basePlot.vst","2015-07-31","vst_ABBY_2015","D16","ABBY","ABBY_064","23","4","23 _0","VAPA","Vaccinium parvifolium Sm.","species",,,4,100,0,76.0,1.10,,"mOcIykOnDgd3QV5gHrl8B5rxlWe9VRn+","2GSwrdD8dTCUM8OMtX2xVCKMWrr4ktyi","legacyData"
"62325370-e249-4db9-88fc-1992646acbac","ABBY_064.basePlot.vst","2015-07-31","vst_ABBY_2015","D16","ABBY","ABBY_064","21","1","21 _0","COCOC","Corylus cornuta Marshall var. californica (A. DC.) Sharp","variety",,,30,100,0,1.0,2.78,,"mOcIykOnDgd3QV5gHrl8B5rxlWe9VRn+","2GSwrdD8dTCUM8OMtX2xVCKMWrr4ktyi","legacyData"
"ea6dbafb-73dd-40b1-b22b-9fb184dab474","ABBY_064.basePlot.vst","2015-07-31","vst_ABBY_2015","D16","ABBY","ABBY_064","23","2","23 _0","COCOC","Corylus cornuta Marshall var. californica (A. DC.) Sharp","variety",,,4,100,0,76.0,3.62,,"mOcIykOnDgd3QV5gHrl8B5rxlWe9VRn+","2GSwrdD8dTCUM8OMtX2xVCKMWrr4ktyi","legacyData"
"dca3a2ad-419e-4223-980e-05abe4f68ae1","ABBY_064.basePlot.vst","2015-07-31","vst_ABBY_2015","D16","ABBY","ABBY_064","23","4","23 _0","ACCI","Acer circinatum Pursh","species",,,5,100,0,76.0,1.48,,"mOcIykOnDgd3QV5gHrl8B5rxlWe9VRn+","2GSwrdD8dTCUM8OMtX2xVCKMWrr4ktyi","legacyData"
"63ba3c93-a690-43de-9f1d-f355d03950e8","ABBY_064.basePlot.vst","2015-07-31","vst_ABBY_2015","D16","ABBY","ABBY_064","21","1","21 _0","ACCI","Acer circinatum Pursh","species",,,69,100,0,1.0,2.62,,"mOcIykOnDgd3QV5gHrl8B5rxlWe9VRn+","2GSwrdD8dTCUM8OMtX2xVCKMWrr4ktyi","legacyData"
