uid,namedLocation,plotID,collectDate,identifiedDate,sampleID,subsampleID,scientificName,acceptedTaxonID,taxonRank,family,subfamily,tribe,subtribe,genus,subgenus,specificEpithet,infraspecificEpithet,identificationQualifier,identificationReferences,identificationProtocolVersion,scientificNameAuthorship,sexOrAge,individualCount,sampleCondition,archiveMedium,archiveFacilityID,deprecatedVialID,identifiedBy,laboratoryName,remarks
"0472973b-4b2f-456a-bf4e-0b51fb1d5cd9","OSBS_003.tickPlot.tck","OSBS_003","2016-09-14T14:45Z","2017-06-12T16:00Z","OSBS_003.20160914","OSBS_003.20160914.AMBAME.N","Amblyomma americanum","AMBAME","species","Ixodidae",,,,"Amblyomma",,"americanum",,,"Cooley, R. A. and G. M. Kohls. 1944. The genus Amblyomma (ixodidae) in the United States. The Journal of Parasitology, 30(2):77-111.","GSU_tickIdentification_SOP_2016-11-01.pdf","Linnaeus","Nymph",3,"OK","RNA stabilization buffer","USNMENT00984688","OSBS_003.20160914.AMBAME.N","Lorenza Beati","Georgia Southern University",
"e735fda2-18f2-46c2-acab-cd753ea2fe06","OSBS_004.tickPlot.tck","OSBS_004","2016-09-14T15:40Z","2017-05-19T16:00Z","OSBS_004.20160914","OSBS_004.20160914.IXOSP.N","Ixodidae sp.","IXOSP","family","Ixodidae",,,,,,"sp.",,,,"GSU_tickIdentification_SOP_2016-11-01.pdf",,"Nymph",1,"OK","RNA stabilization buffer","USNMENT00984691","OSBS_004.20160914.N","Guy Hobbs","Georgia Southern University","Over invoice limit, will not be billed."
"18ebf9b5-5158-4775-9521-48100b33d8a4","OSBS_022.tickPlot.tck","OSBS_022","2016-09-14T16:21Z","2017-05-19T16:00Z","OSBS_022.20160914","OSBS_022.20160914.IXOSP.N","Ixodidae sp.","IXOSP","family","Ixodidae",,,,,,"sp.",,,,"GSU_tickIdentification_SOP_2016-11-01.pdf",,"Nymph",1,"OK","RNA stabilization buffer","USNMENT00984692","OSBS_022.20160914.N","Guy Hobbs","Georgia Southern University","Over invoice limit, will not be billed."
"2754bce1-d64f-48a6-9324-81d123a256b3","OSBS_005.tickPlot.tck","OSBS_005","2016-09-14T17:50Z","2017-06-09T16:00Z","OSBS_005.20160914","OSBS_005.20160914.IXOSP.L","Ixodidae sp.","IXOSP","family","Ixodidae",,,,,,"sp.",,,,"GSU_tickIdentification_SOP_2016-11-01.pdf",,"Larva",1,"OK","RNA stabilization buffer","USNMENT00984757","OSBS_005.20160914.L","Lorenza Beati","Georgia Southern University","Over invoice limit, will not be billed."
"b00b2a66-ebd9-4da2-bf4d-19ffddbb3470","OSBS_005.tickPlot.tck","OSBS_005","2016-09-14T17:50Z","2017-06-09T16:00Z","OSBS_005.20160914","OSBS_005.20160914.AMBAME.N","Amblyomma americanum","AMBAME","species","Ixodidae",,,,"Amblyomma",,"americanum",,,"Cooley, R. A. and G. M. Kohls. 1944. The genus Amblyomma (ixodidae) in the United States. The Journal of Parasitology, 30(2):77-111.","GSU_tickIdentification_SOP_2016-11-01.pdf","Linnaeus","Nymph",19,"OK","RNA stabilization buffer","USNMENT00984717","OSBS_005.20160914.AMBAME.N","Lorenza Beati","Georgia Southern University",
"0565a698-5c45-4d5a-9242-a3dc1d8f9bcf","OSBS_001.tickPlot.tck","OSBS_001","2016-09-14T18:40Z","2017-05-19T16:00Z","OSBS_001.20160914","OSBS_001.20160914.IXOSP.L","Ixodidae sp.","IXOSP","family","Ixodidae",,,,,,"sp.",,,,"GSU_tickIdentification_SOP_2016-11-01.pdf",,"Larva",1,"OK","RNA stabilization buffer","USNMENT00984690","OSBS_001.20160914.L","Guy Hobbs","Georgia Southern University","Over invoice limit, will not be billed."
"49343e51-1f6e-47ef-a9ea-6c39af51100e","OSBS_001.tickPlot.tck","OSBS_001","2016-09-14T18:40Z","2017-06-09T16:00Z","OSBS_001.20160914","OSBS_001.20160914.AMBAME.N","Amblyomma americanum","AMBAME","species","Ixodidae",,,,"Amblyomma",,"americanum",,,"Cooley, R. A. and G. M. Kohls. 1944. The genus Amblyomma (ixodidae) in the United States. The Journal of Parasitology, 30(2):77-111.","GSU_tickIdentification_SOP_2016-11-01.pdf","Linnaeus","Nymph",11,"OK","RNA stabilization buffer","USNMENT00984689","OSBS_001.20160914.AMBAME.N","Lorenza Beati","Georgia Southern University",
