uid,namedLocation,domainID,siteID,plotID,plotType,nlcdClass,decimalLatitude,decimalLongitude,geodeticDatum,coordinateUncertainty,elevation,elevationUncertainty,collectDate,eventID,sampleID,sampleCode,samplingMethod,totalSampledArea,targetTaxaPresent,adultCount,nymphCount,larvaCount,sampleCondition,samplingProtocolVersion,measuredBy,remarks
"6139f028-715a-4f2d-927a-767acddc80aa","OSBS_002.tickPlot.tck","D03","OSBS","OSBS_002","distributed","evergreenForest",29.703661,-81.958365,"WGS84",20.1,35.8,0.2,"2016-09-14T14:06Z","OSBS.2016.37",,,"drag and flag",160,"N",0,0,0,"No known compromise","NEON.DOC.014045vG","Z1kn+qG/kiLVelUOX7kLSqEptlfcv2S8",
"76a2a028-18b0-4402-8793-31d02aff6a02","OSBS_003.tickPlot.tck","D03","OSBS","OSBS_003","distributed","evergreenForest",29.693693,-81.947010,"WGS84",20.3,38.2,0.5,"2016-09-14T14:45Z","OSBS.2016.37","OSBS_003.20160914",,"drag and flag",160,"Y",0,3,0,"No known compromise","NEON.DOC.014045vG","Z1kn+qG/kiLVelUOX7kLSqEptlfcv2S8",
"35d79f94-d6ea-4a12-adc8-e37067ce9326","OSBS_004.tickPlot.tck","D03","OSBS","OSBS_004","distributed","evergreenForest",29.683402,-81.960449,"WGS84",20.3,42.4,0.4,"2016-09-14T15:40Z","OSBS.2016.37","OSBS_004.20160914",,"drag and flag",160,"Y",0,1,0,"No known compromise","NEON.DOC.014045vG","XBhTOsXqc3JUpPrNmD30I5JCq90cfBjT",
"49f063cb-4e26-4439-961e-d96aca2e6043","OSBS_022.tickPlot.tck","D03","OSBS","OSBS_022","distributed","emergentHerbaceousWetlands",29.688309,-81.961968,"WGS84",20.1,24.3,0.1,"2016-09-14T16:21Z","OSBS.2016.37","OSBS_022.20160914",,"drag and flag",160,"Y",0,1,0,"No known compromise","NEON.DOC.014045vG","XBhTOsXqc3JUpPrNmD30I5JCq90cfBjT",
"fcf785ea-3f75-493e-b754-098611403be9","OSBS_005.tickPlot.tck","D03","OSBS","OSBS_005","distributed","woodyWetlands",29.697923,-82.025623,"WGS84",20.4,36.0,1.2,"2016-09-14T17:50Z","OSBS.2016.37","OSBS_005.20160914",,"drag and flag",160,"Y",0,28,514,"No known compromise","NEON.DOC.014045vG","XBhTOsXqc3JUpPrNmD30I5JCq90cfBjT",
"e7f99ee2-516b-49bb-9394-7b6938a315a2","OSBS_001.tickPlot.tck","D03","OSBS","OSBS_001","distributed","woodyWetlands",29.704063,-82.008061,"WGS84",20.3,34.4,0.3,"2016-09-14T18:40Z","OSBS.2016.37","OSBS_001.20160914",,"drag and flag",160,"Y",0,11,10,"No known compromise","NEON.DOC.014045vG","Z1kn+qG/kiLVelUOX7kLSqEptlfcv2S8",
