uid,namedLocation,date,eventID,domainID,siteID,plotID,subplotID,individualID,tagStatus,growthForm,plantStatus,stemDiameter,measurementHeight,height,baseCrownHeight,breakHeight,breakDiameter,maxCrownDiameter,ninetyCrownDiameter,canopyPosition,shape,basalStemDiameter,basalStemDiameterMsrmntHeight,maxBaseCrownDiameter,ninetyBaseCrownDiameter,remarks,recordedBy,measuredBy,dataQF
"ad869b94-f308-485d-87c8-4a432c2322d6","NOGP_062.basePlot.vst","2015-09-23","vst_NOGP_2015","D09","NOGP","NOGP_062",,"NEON.PLA.D09.NOGP.00266",,"sapling","Live",1.0,10,0.7,,,,,,"Full sun",,,,,,,"eE6kvSR3uoy9zdn7o7etq88/xsP7F3Qo","Q97LKb9yzbP7tOLkuD+tPeCj3Bww5R2I","legacyData"
"823148b2-3f7d-4d0c-aaab-6ce1422ebcdc","NOGP_067.basePlot.vst","2015-09-23","vst_NOGP_2015","D09","NOGP","NOGP_067",,"NEON.PLA.D09.NOGP.00272",,"sapling","Live",1.3,10,0.9,,,,,,"Full sun",,,,,,,"eE6kvSR3uoy9zdn7o7etq88/xsP7F3Qo","Q97LKb9yzbP7tOLkuD+tPeCj3Bww5R2I","legacyData"
"f9d2da0b-fa75-46f8-837e-4956d28ebe57","NOGP_089.basePlot.vst","2015-09-23","vst_NOGP_2015","D09","NOGP","NOGP_089",,"NEON.PLA.D09.NOGP.00273",,"sapling","Live",1.0,10,0.6,,,,,,"Full sun",,,,,,,"eE6kvSR3uoy9zdn7o7etq88/xsP7F3Qo","Q97LKb9yzbP7tOLkuD+tPeCj3Bww5R2I","legacyData"
"e69ddc72-9fb2-4a98-a13e-22f06fb51cf1","NOGP_062.basePlot.vst","2015-09-23","vst_NOGP_2015","D09","NOGP","NOGP_062",,"NEON.PLA.D09.NOGP.00269",,"sapling","Live",1.4,10,0.8,,,,,,"Full sun",,,,,,,"eE6kvSR3uoy9zdn7o7etq88/xsP7F3Qo","Q97LKb9yzbP7tOLkuD+tPeCj3Bww5R2I","legacyData"
"d423a6ab-459e-4390-96df-181c03914bb2","NOGP_062.basePlot.vst","2015-09-23","vst_NOGP_2015","D09","NOGP","NOGP_062",,"NEON.PLA.D09.NOGP.00268",,"sapling","Live",1.0,10,0.7,,,,,,"Full sun",,,,,,,"eE6kvSR3uoy9zdn7o7etq88/xsP7F3Qo","Q97LKb9yzbP7tOLkuD+tPeCj3Bww5R2I","legacyData"
"eac2c8f0-ad0f-4e2f-93f8-aba0fbc4a51c","NOGP_062.basePlot.vst","2015-09-23","vst_NOGP_2015","D09","NOGP","NOGP_062",,"NEON.PLA.D09.NOGP.00267",,"sapling","Live",1.1,10,0.9,,,,,,"Full sun",,,,,,,"eE6kvSR3uoy9zdn7o7etq88/xsP7F3Qo","Q97LKb9yzbP7tOLkuD+tPeCj3Bww5R2I","legacyData"
"3e7db6b3-3856-4c56-8b23-6186f4dc956c","NOGP_067.basePlot.vst","2015-09-23","vst_NOGP_2015","D09","NOGP","NOGP_067",,"NEON.PLA.D09.NOGP.00270",,"sapling","Live",1.4,10,0.6,,,,,,"Partially shaded",,,,,,,"eE6kvSR3uoy9zdn7o7etq88/xsP7F3Qo","Q97LKb9yzbP7tOLkuD+tPeCj3Bww5R2I","legacyData"
"3ecc40d7-d4e9-49b5-b577-064bcca4409d","NOGP_087.basePlot.vst","2015-09-23","vst_NOGP_2015","D09","NOGP","NOGP_087",,"NEON.PLA.D09.NOGP.00274",,"sapling","Live",1.0,10,0.7,,,,,,"Full sun",,,,,,,"eE6kvSR3uoy9zdn7o7etq88/xsP7F3Qo","Q97LKb9yzbP7tOLkuD+tPeCj3Bww5R2I","legacyData"
"590cfc10-be7c-425a-922c-30b5f92c8bab","NOGP_067.basePlot.vst","2015-09-23","vst_NOGP_2015","D09","NOGP","NOGP_067",,"NEON.PLA.D09.NOGP.00271",,"sapling","Live",1.4,10,0.8,,,,,,"Full sun",,,,,,,"eE6kvSR3uoy9zdn7o7etq88/xsP7F3Qo","Q97LKb9yzbP7tOLkuD+tPeCj3Bww5R2I","legacyData"
"49178036-1bd3-4900-b01f-c2723d594a7f","NOGP_084.basePlot.vst","2015-09-28","vst_NOGP_2015","D09","NOGP","NOGP_084",,"NEON.PLA.D09.NOGP.00295",,"small shrub","Live",3.7,10,1.5,,,,1.1,0.8,"Partially shaded","inverted cone",,,7.00,4.00,,"Q97LKb9yzbP7tOLkuD+tPeCj3Bww5R2I","4oCBvlQIQ4DhSH30J22+0bs0GAacIQwk","legacyData"
"0102a774-265b-4092-8463-ef0b9cd3e282","NOGP_084.basePlot.vst","2015-09-28","vst_NOGP_2015","D09","NOGP","NOGP_084",,"NEON.PLA.D09.NOGP.00284",,"sapling","Standing dead",2.2,10,0.8,,,,,,"Partially shaded",,,,,,,"Q97LKb9yzbP7tOLkuD+tPeCj3Bww5R2I","4oCBvlQIQ4DhSH30J22+0bs0GAacIQwk","legacyData"
"10328275-e9b9-4863-aace-36f9ad3b9783","NOGP_084.basePlot.vst","2015-09-28","vst_NOGP_2015","D09","NOGP","NOGP_084",,"NEON.PLA.D09.NOGP.00275",,"small shrub","Live",3.4,10,2.0,,,,1.8,1.2,"Full sun","inverted cone",,,13.00,12.00,,"Q97LKb9yzbP7tOLkuD+tPeCj3Bww5R2I","4oCBvlQIQ4DhSH30J22+0bs0GAacIQwk","legacyData"
"777da73c-0d47-4d39-89e5-a2b2e8f0da92","NOGP_084.basePlot.vst","2015-09-28","vst_NOGP_2015","D09","NOGP","NOGP_084",,"NEON.PLA.D09.NOGP.00278",,"sapling","Live",3.8,10,1.8,,,,,,"Partially shaded",,,,,,,"Q97LKb9yzbP7tOLkuD+tPeCj3Bww5R2I","4oCBvlQIQ4DhSH30J22+0bs0GAacIQwk","legacyData"
"b19d89e1-92d9-4dd0-82e3-a84adc6ab368","NOGP_084.basePlot.vst","2015-09-28","vst_NOGP_2015","D09","NOGP","NOGP_084",,"NEON.PLA.D09.NOGP.00290",,"small shrub","Live",3.3,10,1.3,,,,2.4,1.3,"Mostly shaded","inverted cone",,,10.00,5.00,,"Q97LKb9yzbP7tOLkuD+tPeCj3Bww5R2I","4oCBvlQIQ4DhSH30J22+0bs0GAacIQwk","legacyData"
"d5c024f6-cf84-49e4-8fa3-42420fd3a253","NOGP_084.basePlot.vst","2015-09-28","vst_NOGP_2015","D09","NOGP","NOGP_084",,"NEON.PLA.D09.NOGP.00281",,"sapling","Live",1.8,10,1.8,,,,,,"Partially shaded",,,,,,,"Q97LKb9yzbP7tOLkuD+tPeCj3Bww5R2I","4oCBvlQIQ4DhSH30J22+0bs0GAacIQwk","legacyData"
"40e974bf-f285-47ac-9f99-3023e58bce61","NOGP_084.basePlot.vst","2015-09-28","vst_NOGP_2015","D09","NOGP","NOGP_084",,"NEON.PLA.D09.NOGP.00287",,"small shrub","Live",2.1,10,1.5,,,,1.6,0.9,"Partially shaded","inverted cone",,,7.00,3.00,,"Q97LKb9yzbP7tOLkuD+tPeCj3Bww5R2I","4oCBvlQIQ4DhSH30J22+0bs0GAacIQwk","legacyData"
"cc73c466-fda1-4947-8cf4-d8ea08a3a558","NOGP_084.basePlot.vst","2015-09-28","vst_NOGP_2015","D09","NOGP","NOGP_084",,"NEON.PLA.D09.NOGP.00296",,"small shrub","Standing dead",4.2,10,1.4,,,,1.1,0.7,"Partially shaded","inverted cone",,,9.00,7.00,,"Q97LKb9yzbP7tOLkuD+tPeCj3Bww5R2I","4oCBvlQIQ4DhSH30J22+0bs0GAacIQwk","legacyData"
"a432f544-024d-460a-b12d-811dbe30c4e0","NOGP_084.basePlot.vst","2015-09-28","vst_NOGP_2015","D09","NOGP","NOGP_084",,"NEON.PLA.D09.NOGP.00294",,"small shrub","Live",2.5,10,2.1,,,,1.5,1.1,"Partially shaded","inverted cone",,,6.00,4.00,,"Q97LKb9yzbP7tOLkuD+tPeCj3Bww5R2I","4oCBvlQIQ4DhSH30J22+0bs0GAacIQwk","legacyData"
"848b410c-4877-4635-909e-d5d6c1f632b5","NOGP_084.basePlot.vst","2015-09-28","vst_NOGP_2015","D09","NOGP","NOGP_084",,"NEON.PLA.D09.NOGP.00292",,"sapling","Live",1.6,10,1.3,,,,,,"Mostly shaded",,,,,,,"Q97LKb9yzbP7tOLkuD+tPeCj3Bww5R2I","4oCBvlQIQ4DhSH30J22+0bs0GAacIQwk","legacyData"
"4e505994-0ff8-4d6d-8e6c-9a21ab1d401e","NOGP_084.basePlot.vst","2015-09-28","vst_NOGP_2015","D09","NOGP","NOGP_084",,"NEON.PLA.D09.NOGP.00288",,"small shrub","Live",2.6,10,1.8,,,,2.0,1.6,"Mostly shaded","inverted cone",,,9.00,4.00,,"Q97LKb9yzbP7tOLkuD+tPeCj3Bww5R2I","4oCBvlQIQ4DhSH30J22+0bs0GAacIQwk","legacyData"
"1888c95d-b390-4dee-8979-f82bbccea8c3","NOGP_084.basePlot.vst","2015-09-28","vst_NOGP_2015","D09","NOGP","NOGP_084",,"NEON.PLA.D09.NOGP.00277",,"sapling","Live",1.7,10,0.9,,,,,,"Full sun",,,,,,,"Q97LKb9yzbP7tOLkuD+tPeCj3Bww5R2I","4oCBvlQIQ4DhSH30J22+0bs0GAacIQwk","legacyData"
"5e70e8a1-cd51-474b-afc5-bd50c1a0d321","NOGP_084.basePlot.vst","2015-09-28","vst_NOGP_2015","D09","NOGP","NOGP_084",,"NEON.PLA.D09.NOGP.00289",,"small tree","Live",3.5,130,2.2,,,,3.0,1.4,"Partially shaded",,,,,,"Basal diameter =8.4 cm","Q97LKb9yzbP7tOLkuD+tPeCj3Bww5R2I","4oCBvlQIQ4DhSH30J22+0bs0GAacIQwk","legacyData"
"25643747-a7ca-4cfb-95e5-14c4ec7048fd","NOGP_084.basePlot.vst","2015-09-28","vst_NOGP_2015","D09","NOGP","NOGP_084",,"NEON.PLA.D09.NOGP.00282",,"sapling","Live",2.8,10,1.9,,,,,,"Full sun",,,,,,,"Q97LKb9yzbP7tOLkuD+tPeCj3Bww5R2I","4oCBvlQIQ4DhSH30J22+0bs0GAacIQwk","legacyData"
"a1929ae8-46a1-4a33-8b62-1e0ac727dc8f","NOGP_084.basePlot.vst","2015-09-28","vst_NOGP_2015","D09","NOGP","NOGP_084",,"NEON.PLA.D09.NOGP.00293",,"sapling","Live",3.4,10,1.8,,,,,,"Partially shaded",,,,,,,"Q97LKb9yzbP7tOLkuD+tPeCj3Bww5R2I","4oCBvlQIQ4DhSH30J22+0bs0GAacIQwk","legacyData"
"1cef1b1b-445b-4a69-91eb-f2c361e118ab","NOGP_084.basePlot.vst","2015-09-28","vst_NOGP_2015","D09","NOGP","NOGP_084",,"NEON.PLA.D09.NOGP.00283",,"sapling","Live",1.7,10,0.8,,,,,,"Partially shaded",,,,,,,"Q97LKb9yzbP7tOLkuD+tPeCj3Bww5R2I","4oCBvlQIQ4DhSH30J22+0bs0GAacIQwk","legacyData"
"da5af60b-0a8e-4082-a608-4d9064ec6e8c","NOGP_084.basePlot.vst","2015-09-28","vst_NOGP_2015","D09","NOGP","NOGP_084",,"NEON.PLA.D09.NOGP.00279",,"sapling","Live",1.5,10,1.1,,,,,,"Full sun",,,,,,,"Q97LKb9yzbP7tOLkuD+tPeCj3Bww5R2I","4oCBvlQIQ4DhSH30J22+0bs0GAacIQwk","legacyData"
"89aa7d55-5fc8-45bd-8a59-20e0fc097768","NOGP_084.basePlot.vst","2015-09-28","vst_NOGP_2015","D09","NOGP","NOGP_084",,"NEON.PLA.D09.NOGP.00285",,"single shrub","Live",4.1,130,2.5,,,,2.9,2.2,"Full sun",,,,,,"Basal diameter =7.4 cm","Q97LKb9yzbP7tOLkuD+tPeCj3Bww5R2I","4oCBvlQIQ4DhSH30J22+0bs0GAacIQwk","legacyData"
"f0687f95-9666-45cf-9ff7-be9524269e1d","NOGP_084.basePlot.vst","2015-09-28","vst_NOGP_2015","D09","NOGP","NOGP_084",,"NEON.PLA.D09.NOGP.00291",,"small tree","Live",1.6,130,2.2,,,,2.4,1.4,"Partially shaded",,,,,,"basal diameter =4.0 cm","Q97LKb9yzbP7tOLkuD+tPeCj3Bww5R2I","4oCBvlQIQ4DhSH30J22+0bs0GAacIQwk","legacyData"
"d7af00df-3836-4a28-b53c-ee959f812ef8","NOGP_084.basePlot.vst","2015-09-28","vst_NOGP_2015","D09","NOGP","NOGP_084",,"NEON.PLA.D09.NOGP.00276",,"sapling","Live",2.8,10,1.5,,,,,,"Full sun",,,,,,,"Q97LKb9yzbP7tOLkuD+tPeCj3Bww5R2I","4oCBvlQIQ4DhSH30J22+0bs0GAacIQwk","legacyData"
"0395a41d-8f83-4c80-8d3d-a0895fedbca0","NOGP_084.basePlot.vst","2015-09-28","vst_NOGP_2015","D09","NOGP","NOGP_084",,"NEON.PLA.D09.NOGP.00286",,"sapling","Live",2.8,10,1.9,,,,,,"Mostly shaded",,,,,,,"Q97LKb9yzbP7tOLkuD+tPeCj3Bww5R2I","4oCBvlQIQ4DhSH30J22+0bs0GAacIQwk","legacyData"
"bc7f1a2f-286d-4845-97d0-6a5cf8728233","NOGP_084.basePlot.vst","2015-09-28","vst_NOGP_2015","D09","NOGP","NOGP_084",,"NEON.PLA.D09.NOGP.00280",,"small tree","Live",1.4,130,2.0,,,,2.2,1.5,"Full sun",,,,,,"basal diameter =3.19 cm at ddh","Q97LKb9yzbP7tOLkuD+tPeCj3Bww5R2I","4oCBvlQIQ4DhSH30J22+0bs0GAacIQwk","legacyData"
