uid,namedLocation,date,domainID,siteID,plotID,plotType,nlcdClass,decimalLatitude,decimalLongitude,geodeticDatum,coordinateUncertainty,easting,northing,utmZone,elevation,elevationUncertainty,eventID,samplingProtocolVersion,treesPresent,treesAbsentList,shrubsPresent,shrubsAbsentList,lianasPresent,lianasAbsentList,nestedSubplotAreaShrubSapling,nestedSubplotAreaLiana,totalSampledAreaTrees,totalSampledAreaShrubSapling,totalSampledAreaLiana,remarks,measuredBy,recordedBy,dataQF
"a18bc224-1d05-48f8-b2df-c3c58ae3d3f4","NOGP_063.basePlot.vst","2015-09-23","D09","NOGP","NOGP_063","tower","grasslandHerbaceous",46.769646,-100.914914,"WGS84",10.1,353794.69,5181346.70,"14N",588.6,0.1,"vst_NOGP_2015","NEON.DOC.000987vD",,,,,,,"noneSelected","noneSelected",400,400,400,"Target taxa present: N",,"Q97LKb9yzbP7tOLkuD+tPeCj3Bww5R2I","legacyData"
"e6d632bd-3975-46c8-8867-ef0e312b5d8a","NOGP_084.basePlot.vst","2015-09-23","D09","NOGP","NOGP_084","tower","grasslandHerbaceous",46.771481,-100.918114,"WGS84",10.0,353555.35,5181556.54,"14N",585.5,0.0,"vst_NOGP_2015","NEON.DOC.000987vD",,,,,,,"25","noneSelected",400,200,400,"Target taxa present: Y",,"Q97LKb9yzbP7tOLkuD+tPeCj3Bww5R2I","legacyData"
"8623c613-95ea-4cb1-8773-e1696aae9428","NOGP_089.basePlot.vst","2015-09-23","D09","NOGP","NOGP_089","tower","grasslandHerbaceous",46.770124,-100.918862,"WGS84",10.1,353494.56,5181407.14,"14N",588.5,0.1,"vst_NOGP_2015","NEON.DOC.000987vD",,,,,,,"noneSelected","noneSelected",400,400,400,"Target taxa present: Y",,"Q97LKb9yzbP7tOLkuD+tPeCj3Bww5R2I","legacyData"
"b2e76e90-f5be-4c41-9eff-42d74878d140","NOGP_062.basePlot.vst","2015-09-23","D09","NOGP","NOGP_062","tower","grasslandHerbaceous",46.772266,-100.919713,"WGS84",20.0,353435.40,5181646.75,"14N",575.6,0.0,"vst_NOGP_2015","NEON.DOC.000987vD",,,,,,,"noneSelected","noneSelected",400,400,400,"Target taxa present: Y",,"Q97LKb9yzbP7tOLkuD+tPeCj3Bww5R2I","legacyData"
"7d7f32a2-d018-4993-a4a4-762e6d05d1d2","NOGP_067.basePlot.vst","2015-09-23","D09","NOGP","NOGP_067","tower","grasslandHerbaceous",46.771472,-100.919288,"WGS84",10.1,353465.69,5181557.73,"14N",581.3,0.1,"vst_NOGP_2015","NEON.DOC.000987vD",,,,,,,"noneSelected","noneSelected",400,400,400,"Target taxa present: Y",,"Q97LKb9yzbP7tOLkuD+tPeCj3Bww5R2I","legacyData"
"d59d1aab-9c11-4b36-b874-9f8a4cbfd73a","NOGP_087.basePlot.vst","2015-09-23","D09","NOGP","NOGP_087","tower","grasslandHerbaceous",46.770983,-100.915741,"WGS84",10.1,353735.17,5181496.78,"14N",589.4,0.1,"vst_NOGP_2015","NEON.DOC.000987vD",,,,,,,"noneSelected","noneSelected",400,400,400,"Target taxa present: Y",,"Q97LKb9yzbP7tOLkuD+tPeCj3Bww5R2I","legacyData"
"1caae42a-2b0d-4466-bf25-a58011030871","NOGP_076.basePlot.vst","2015-09-28","D09","NOGP","NOGP_076","tower","grasslandHerbaceous",46.772054,-100.916175,"WGS84",10.1,353704.94,5181616.60,"14N",589.0,0.1,"vst_NOGP_2015","NEON.DOC.000987vD",,,,,,,"noneSelected","noneSelected",400,400,400,"Target taxa present: N",,"Q97LKb9yzbP7tOLkuD+tPeCj3Bww5R2I","legacyData"
