uid,namedLocation,domainID,siteID,plotID,plotType,nlcdClass,decimalLatitude,decimalLongitude,geodeticDatum,coordinateUncertainty,elevation,elevationUncertainty,collectDate,eventID,sampleID,sampleCode,samplingMethod,totalSampledArea,targetTaxaPresent,adultCount,nymphCount,larvaCount,sampleCondition,samplingProtocolVersion,measuredBy,remarks
"e7d643e3-4c09-436c-b251-772d9b100fc2","DSNY_001.tickPlot.tck","D03","DSNY","DSNY_001","distributed","woodyWetlands",28.098062,-81.418561,"WGS84",20.1,20.3,0.1,"2016-06-01T12:35Z","DSNY.2016.22",,,"drag and flag",160,"N",0,0,0,"No known compromise","NEON.DOC.014045vG","KvMXXPVfKIu9I2dUXfZf1kfhypuW2KXY",
"de17816c-bc97-4e78-a152-ee9ecb2bfa75","DSNY_004.tickPlot.tck","D03","DSNY","DSNY_004","distributed","woodyWetlands",28.101022,-81.399501,"WGS84",20.1,18.7,0.1,"2016-06-01T13:37Z","DSNY.2016.22",,,"drag and flag",160,"N",0,0,0,"No known compromise","NEON.DOC.014045vG","2EBh6slBfcgXvhNEW2gGpl4tV5DIo+4Q",
"8388a0cc-d4a5-428a-8ecb-964c2663641c","DSNY_006.tickPlot.tck","D03","DSNY","DSNY_006","distributed","woodyWetlands",28.093704,-81.398045,"WGS84",20.1,20.1,0.1,"2016-06-01T14:47Z","DSNY.2016.22",,,"drag and flag",160,"N",0,0,0,"No known compromise","NEON.DOC.014045vG","uc/Ogwu/d/aC0/FyeYgRy91eQH6E3aLH",
"f9067fad-3d9f-4291-a438-5006153380d1","DSNY_008.tickPlot.tck","D03","DSNY","DSNY_008","distributed","woodyWetlands",28.047337,-81.403204,"WGS84",20.1,18.8,0.1,"2016-06-01T15:53Z","DSNY.2016.22",,,"drag and flag",160,"N",0,0,0,"No known compromise","NEON.DOC.014045vG","KvMXXPVfKIu9I2dUXfZf1kfhypuW2KXY",
"dbaad244-11d0-493a-8385-41c7f7bf402e","DSNY_005.tickPlot.tck","D03","DSNY","DSNY_005","distributed","woodyWetlands",28.040497,-81.394482,"WGS84",20.1,16.6,0.1,"2016-06-01T16:54Z","DSNY.2016.22",,,"drag and flag",160,"N",0,0,0,"No known compromise","NEON.DOC.014045vG","2EBh6slBfcgXvhNEW2gGpl4tV5DIo+4Q",
"07b36f1b-abb4-4bfe-b950-1322fc01dab4","DSNY_021.tickPlot.tck","D03","DSNY","DSNY_021","distributed","pastureHay",28.053635,-81.392353,"WGS84",20.1,17.1,0.1,"2016-06-01T17:37Z","DSNY.2016.22",,,"drag and flag",160,"N",0,0,0,"No known compromise","NEON.DOC.014045vG","uc/Ogwu/d/aC0/FyeYgRy91eQH6E3aLH",
