uid,namedLocation,domainID,siteID,plotID,plotType,nlcdClass,decimalLatitude,decimalLongitude,geodeticDatum,coordinateUncertainty,elevation,elevationUncertainty,collectDate,eventID,sampleID,sampleCode,samplingMethod,totalSampledArea,targetTaxaPresent,adultCount,nymphCount,larvaCount,sampleCondition,samplingProtocolVersion,measuredBy,remarks
"44ce6e96-65ab-4df5-91a7-95e759ff962b","CPER_002.tickPlot.tck","D10","CPER","CPER_002","distributed","grasslandHerbaceous",40.811446,-104.727626,"WGS84",20.1,1645.8,0.1,"2017-06-19T15:03Z","CPER.2017.26",,,"drag",160,"N",0,0,0,,"NEON.DOC.014045vH","amijICDaG13gsKMBfvt8CQHFNq8jgGvWkFvadztBEnU=",
"79c6d9f9-db05-4912-9320-01fab04204c2","CPER_004.tickPlot.tck","D10","CPER","CPER_004","distributed","grasslandHerbaceous",40.814104,-104.696817,"WGS84",20.1,1617.2,0.1,"2017-06-19T15:48Z","CPER.2017.26",,,"drag",160,"N",0,0,0,,"NEON.DOC.014045vH","lEiTwlLuFS3TXR32M80sYygm2PihFIHxlXB/m0bGP3I=",
"4b96ba56-3d79-4a2e-b2d7-5770b39ad8a4","CPER_003.tickPlot.tck","D10","CPER","CPER_003","distributed","grasslandHerbaceous",40.819808,-104.707147,"WGS84",20.1,1625.7,0.1,"2017-06-19T16:34Z","CPER.2017.26",,,"drag",160,"N",0,0,0,,"NEON.DOC.014045vH","amijICDaG13gsKMBfvt8CQHFNq8jgGvWkFvadztBEnU=",
"08766766-95a9-4e8d-9622-d6c3b3a09501","CPER_005.tickPlot.tck","D10","CPER","CPER_005","distributed","grasslandHerbaceous",40.852571,-104.726331,"WGS84",20.1,1662.6,0.1,"2017-06-19T17:53Z","CPER.2017.26",,,"drag",160,"N",0,0,0,,"NEON.DOC.014045vH","lEiTwlLuFS3TXR32M80sYygm2PihFIHxlXB/m0bGP3I=",
"56f19254-413c-4f55-ba49-6a0d856e35cc","CPER_001.tickPlot.tck","D10","CPER","CPER_001","distributed","grasslandHerbaceous",40.851012,-104.701302,"WGS84",20.1,1639.1,0.1,"2017-06-19T18:50Z","CPER.2017.26",,,"drag",160,"N",0,0,0,,"NEON.DOC.014045vH","amijICDaG13gsKMBfvt8CQHFNq8jgGvWkFvadztBEnU=",
"020b38c5-4511-4aa4-bb0f-88fd4546db4c","CPER_007.tickPlot.tck","D10","CPER","CPER_007","distributed","grasslandHerbaceous",40.860878,-104.684952,"WGS84",20.1,1646.7,0.1,"2017-06-19T19:46Z","CPER.2017.26",,,"drag",160,"N",0,0,0,,"NEON.DOC.014045vH","lEiTwlLuFS3TXR32M80sYygm2PihFIHxlXB/m0bGP3I=",
