uid,namedLocation,plotID,collectDate,identifiedDate,sampleID,subsampleID,scientificName,acceptedTaxonID,taxonRank,family,subfamily,tribe,subtribe,genus,subgenus,specificEpithet,infraspecificEpithet,identificationQualifier,identificationReferences,identificationProtocolVersion,scientificNameAuthorship,sexOrAge,individualCount,sampleCondition,archiveMedium,archiveFacilityID,deprecatedVialID,identifiedBy,laboratoryName,remarks
"a1def9f7-edd4-4c43-adb8-04d0c324b131","KONZ_002.tickPlot.tck","KONZ_002","2017-04-17T15:00Z","2017-12-13T17:00Z","KONZ_002.20170417","KONZ_002.20170417.DERVAR.F","Dermacentor variabilis","DERVAR","species","Ixodidae",,,,"Dermacentor",,"variabilis",,,"Yunker, C. E., Keirans, J. E., Clifford, C. M., and E. R. Easton. 1986. Dermacentor ticks (Acari: Ixodoidea: Ixodidae) of the New World: a scanning electron microscope atlas. Proceedings of the Entomological Society of Washington, 88(4):609-627.","GSU_tickIdentification_SOP_2016-11-01.pdf","Say","Female",1,"OK","90% ethanol","1358192","KONZ_002.20170417.DERVAR.F","Lorenza Beati","Georgia Southern University","To PAULA"
"4fa34632-0934-4e6f-b282-39f10a096fc9","KONZ_007.tickPlot.tck","KONZ_007","2017-04-17T16:35Z","2017-12-13T17:00Z","KONZ_007.20170417","KONZ_007.20170417.DERVAR.M","Dermacentor variabilis","DERVAR","species","Ixodidae",,,,"Dermacentor",,"variabilis",,,"Yunker, C. E., Keirans, J. E., Clifford, C. M., and E. R. Easton. 1986. Dermacentor ticks (Acari: Ixodoidea: Ixodidae) of the New World: a scanning electron microscope atlas. Proceedings of the Entomological Society of Washington, 88(4):609-627.","GSU_tickIdentification_SOP_2016-11-01.pdf","Say","Male",1,"OK","90% ethanol","1358193","KONZ_007.20170417.DERVAR.M","Lorenza Beati","Georgia Southern University",
"5587b425-9a3e-40d3-b344-0094b4ac33ca","KONZ_025.tickPlot.tck","KONZ_025","2017-04-17T19:00Z","2017-12-13T17:00Z","KONZ_025.20170417","KONZ_025.20170417.AMBAME.N","Amblyomma americanum","AMBAME","species","Ixodidae",,,,"Amblyomma",,"americanum",,,"Cooley, R. A. and G. M. Kohls. 1944. The genus Amblyomma (ixodidae) in the United States. The Journal of Parasitology, 30(2):77-111.","GSU_tickIdentification_SOP_2016-11-01.pdf","Linnaeus","Nymph",2,"OK","90% ethanol","1358195","KONZ_025.20170417.AMBAME.N","Lorenza Beati","Georgia Southern University",
"a3132363-5428-4e83-ba5a-ecf719dd3fe8","KONZ_025.tickPlot.tck","KONZ_025","2017-04-17T19:00Z","2017-12-13T17:00Z","KONZ_025.20170417","KONZ_025.20170417.AMBAME.M","Amblyomma americanum","AMBAME","species","Ixodidae",,,,"Amblyomma",,"americanum",,,"Cooley, R. A. and G. M. Kohls. 1944. The genus Amblyomma (ixodidae) in the United States. The Journal of Parasitology, 30(2):77-111.","GSU_tickIdentification_SOP_2016-11-01.pdf","Linnaeus","Male",1,"OK","90% ethanol","1358194","KONZ_025.20170417.AMBAME.M","Lorenza Beati","Georgia Southern University","TO PAULA"
