uid,namedLocation,domainID,siteID,plotID,plotType,nlcdClass,decimalLatitude,decimalLongitude,geodeticDatum,coordinateUncertainty,elevation,elevationUncertainty,collectDate,eventID,sampleID,sampleCode,samplingMethod,totalSampledArea,targetTaxaPresent,adultCount,nymphCount,larvaCount,sampleCondition,samplingProtocolVersion,measuredBy,remarks
"e7a96080-86f5-4b93-a60f-d29456a59f36","KONZ_002.tickPlot.tck","D06","KONZ","KONZ_002","distributed","grasslandHerbaceous",39.118977,-96.547146,"WGS84",20.0,394.4,0.0,"2017-04-17T15:00Z","KONZ.2017.17","KONZ_002.20170417",,"drag and flag",160,"Y",1,0,0,"No known compromise","NEON.DOC.014045vJ","29ijMy9MQrb2WVN5VAGx5yJYUUR+JCj4o2kquEi7qzw=","estimated start and end time"
"396def90-7b40-4f16-b3a6-d16a7be430d2","KONZ_004.tickPlot.tck","D06","KONZ","KONZ_004","distributed","grasslandHerbaceous",39.109647,-96.551370,"WGS84",20.0,371.9,0.0,"2017-04-17T15:50Z","KONZ.2017.17",,,"drag",160,"N",0,0,0,,"NEON.DOC.014045vJ","29ijMy9MQrb2WVN5VAGx5yJYUUR+JCj4o2kquEi7qzw=","estimated start and end times"
"3d423e57-e37c-4145-95a4-12020de959c2","KONZ_007.tickPlot.tck","D06","KONZ","KONZ_007","distributed","grasslandHerbaceous",39.087937,-96.545919,"WGS84",20.1,434.0,0.1,"2017-04-17T16:35Z","KONZ.2017.17","KONZ_007.20170417",,"drag",160,"Y",1,0,0,"No known compromise","NEON.DOC.014045vJ","29ijMy9MQrb2WVN5VAGx5yJYUUR+JCj4o2kquEi7qzw=","estimated start and end times"
"3f7cd6dc-0b6b-41c8-a1e6-4b139d9f2c43","KONZ_001.tickPlot.tck","D06","KONZ","KONZ_001","distributed","grasslandHerbaceous",39.074114,-96.557107,"WGS84",20.0,423.7,0.0,"2017-04-17T17:20Z","KONZ.2017.17",,,"drag",160,"N",0,0,0,,"NEON.DOC.014045vJ","BzXmPCNcOOHl9ws4JG7MP7BkkCvctwH+","estimated start and end times"
"8cdb8fbb-d86f-47b6-a925-576c4422f562","KONZ_009.tickPlot.tck","D06","KONZ","KONZ_009","distributed","grasslandHerbaceous",39.107902,-96.584438,"WGS84",20.1,391.9,0.1,"2017-04-17T18:10Z","KONZ.2017.17",,,"drag",160,"N",0,0,0,,"NEON.DOC.014045vJ","BzXmPCNcOOHl9ws4JG7MP7BkkCvctwH+","estimated start and end times"
"b739fe3f-c058-4649-aba4-9daaa6fb74c0","KONZ_025.tickPlot.tck","D06","KONZ","KONZ_025","distributed","deciduousForest",39.103714,-96.597832,"WGS84",20.1,337.3,0.1,"2017-04-17T19:00Z","KONZ.2017.17","KONZ_025.20170417",,"drag and flag",160,"Y",1,2,0,"No known compromise","NEON.DOC.014045vJ","29ijMy9MQrb2WVN5VAGx5yJYUUR+JCj4o2kquEi7qzw=","estimated start and end times"
