uid,namedLocation,date,domainID,siteID,plotID,plotType,nlcdClass,decimalLatitude,decimalLongitude,geodeticDatum,coordinateUncertainty,easting,northing,utmZone,elevation,elevationUncertainty,eventID,samplingProtocolVersion,treesPresent,treesAbsentList,shrubsPresent,shrubsAbsentList,lianasPresent,lianasAbsentList,nestedSubplotAreaShrubSapling,nestedSubplotAreaLiana,totalSampledAreaTrees,totalSampledAreaShrubSapling,totalSampledAreaLiana,remarks,measuredBy,recordedBy,dataQF
"13b373ca-88cd-4f63-81e7-fc92ca33d175","OSBS_049.basePlot.vst","2014-08-12","D03","OSBS","OSBS_049","distributed","emergentHerbaceousWetlands",29.686229,-81.964097,"WGS84",,406721.67,3284406.46,"17N",25.0,,"vst_OSBS_2014","NEON.DOC.000987vD",,,,,,,"noneSelected","noneSelected",400,400,400,"Woody stems mapping establishment; ALSO: D03GJA05 D03DWB07; FORMERLY WET - GRASSES AND MAIDENCAINE ONLY IN PLOT NO WOODY STEMS; LAKE BED","3U+mTuL8ABhN/87WNuuvPg==",,"legacyData"
"50c14700-c551-440d-a9a2-74c290edc6f0","OSBS_016.basePlot.vst","2014-08-12","D03","OSBS","OSBS_016","distributed","woodyWetlands",29.682391,-81.967449,"WGS84",20.2,406393.81,3283983.91,"17N",26.1,0.2,"vst_OSBS_2014","NEON.DOC.000987vD",,,,,,,"noneSelected","noneSelected",400,400,400,"Woody stems mapping establishment;ALSO D03CIJ08 D03GJA05; plot burned manual restoration of trees; SW corner was moved 10m away at an unknown time possibly prior to this","5VXGV5DcOHuodH7VxZ1YlA==",,"legacyData"
"bcc415a3-d056-4ee3-a034-c83c7039d33f","OSBS_021.basePlot.vst","2014-08-13","D03","OSBS","OSBS_021","distributed","woodyWetlands",29.695767,-81.953023,"WGS84",,407801.93,3285454.49,"17N",25.0,,"vst_OSBS_2014","NEON.DOC.000987vD",,,,,,,"noneSelected","noneSelected",400,400,400,"Woody stems mapping establishment; DWB writes 'extant plot corners disregarded, manual plot layout from center (point 41)'; this is off protocol and against the instructions he was given","5VXGV5DcOHuodH7VxZ1YlA==",,"legacyData"
"3af646d5-170f-4dc0-b124-e78ee427682e","OSBS_018.basePlot.vst","2014-08-14","D03","OSBS","OSBS_018","distributed","woodyWetlands",29.686636,-81.942713,"WGS84",,408791.07,3284434.51,"17N",25.0,,"vst_OSBS_2014","NEON.DOC.000987vD",,,,,,,"10","noneSelected",400,80,400,"redo plot 20140917","jhfqEVVqdSnaGIzmX0T+iw==",,"legacyData"
