uid,namedLocation,domainID,siteID,plotID,plotType,nlcdClass,decimalLatitude,decimalLongitude,geodeticDatum,coordinateUncertainty,elevation,elevationUncertainty,collectDate,eventID,sampleID,sampleCode,samplingMethod,totalSampledArea,targetTaxaPresent,adultCount,nymphCount,larvaCount,sampleCondition,samplingProtocolVersion,measuredBy,remarks
"c5512a4a-f435-42ab-b2ca-4164170bf531","NOGP_005.tickPlot.tck","D09","NOGP","NOGP_005","distributed","grasslandHerbaceous",46.787576,-100.916830,"WGS84",20.0,564.6,0.0,"2018-07-04T18:47Z","NOGP.2018.27",,,"drag",160,"N",0,0,0,,"NEON.DOC.014045vJ","1cKKWBegdXd3XTLCQDj8XQBzY4nMiWUz8d+l9IasVs0=",
"a1b188c7-1f48-42db-92ef-d9e29249f914","NOGP_008.tickPlot.tck","D09","NOGP","NOGP_008","distributed","grasslandHerbaceous",46.783500,-100.905977,"WGS84",20.1,562.0,0.1,"2018-07-04T19:33Z","NOGP.2018.27",,,"drag",160,"N",0,0,0,,"NEON.DOC.014045vJ","kgKC0n2jXl+KChnZj+ASFTdtKzbfWjgzPFcDxQqoSz0=",
"6a5a5dce-e025-44b6-9a0c-1574b2049dd1","NOGP_006.tickPlot.tck","D09","NOGP","NOGP_006","distributed","grasslandHerbaceous",46.768522,-100.918874,"WGS84",20.1,588.6,0.1,"2018-07-04T20:25Z","NOGP.2018.27","NOGP_006.20180704","A00000016452","drag",160,"Y",1,0,0,"No known compromise","NEON.DOC.014045vJ","1cKKWBegdXd3XTLCQDj8XQBzY4nMiWUz8d+l9IasVs0=",
"6bfdb17c-a3f6-4552-ab27-14e50d973398","NOGP_007.tickPlot.tck","D09","NOGP","NOGP_007","distributed","grasslandHerbaceous",46.813251,-100.903783,"WGS84",20.0,527.7,0.0,"2018-07-04T21:07Z","NOGP.2018.27",,,"drag and flag",160,"N",0,0,0,,"NEON.DOC.014045vJ","kgKC0n2jXl+KChnZj+ASFTdtKzbfWjgzPFcDxQqoSz0=",
"637a0751-0808-4479-9a79-6e88dcb7d536","NOGP_002.tickPlot.tck","D09","NOGP","NOGP_002","distributed","grasslandHerbaceous",46.797460,-100.910668,"WGS84",20.1,544.6,0.1,"2018-07-04T21:46Z","NOGP.2018.27",,,"drag",160,"N",0,0,0,,"NEON.DOC.014045vJ","1cKKWBegdXd3XTLCQDj8XQBzY4nMiWUz8d+l9IasVs0=",
"5303c24b-ff56-4054-bfde-768b031b852b","NOGP_001.tickPlot.tck","D09","NOGP","NOGP_001","distributed","grasslandHerbaceous",46.804811,-100.916048,"WGS84",20.0,530.7,0.0,"2018-07-04T22:22Z","NOGP.2018.27",,,"drag",160,"N",0,0,0,,"NEON.DOC.014045vJ","kgKC0n2jXl+KChnZj+ASFTdtKzbfWjgzPFcDxQqoSz0=",
"b4aaa859-a11c-406a-affd-89264fa9b36f","NOGP_001.tickPlot.tck","D09","NOGP","NOGP_001","distributed","grasslandHerbaceous",46.804811,-100.916048,"WGS84",20.0,530.7,0.0,"2018-07-23T18:02Z","NOGP.2018.30",,,"drag",160,"N",0,0,0,,"NEON.DOC.014045vJ","Z69tjmbbf+Yh2IC/GcCabe9MQTjYeG7xbP79Ui/1J5I=",
"418c80cb-c371-4360-931d-38e10db75c1a","NOGP_002.tickPlot.tck","D09","NOGP","NOGP_002","distributed","grasslandHerbaceous",46.797460,-100.910668,"WGS84",20.1,544.6,0.1,"2018-07-23T18:46Z","NOGP.2018.30","NOGP_002.20180723","A00000016640","drag",160,"Y",1,0,0,"No known compromise","NEON.DOC.014045vJ","Z69tjmbbf+Yh2IC/GcCabe9MQTjYeG7xbP79Ui/1J5I=",
"94845ce8-3509-4077-89d8-93d47756920b","NOGP_005.tickPlot.tck","D09","NOGP","NOGP_005","distributed","grasslandHerbaceous",46.787576,-100.916830,"WGS84",20.0,564.6,0.0,"2018-07-23T19:34Z","NOGP.2018.30",,,"drag",160,"N",0,0,0,,"NEON.DOC.014045vJ","Z69tjmbbf+Yh2IC/GcCabe9MQTjYeG7xbP79Ui/1J5I=",
"e5f49ac7-2475-45eb-9f48-96d6022bc5d1","NOGP_006.tickPlot.tck","D09","NOGP","NOGP_006","distributed","grasslandHerbaceous",46.768522,-100.918874,"WGS84",20.1,588.6,0.1,"2018-07-23T20:23Z","NOGP.2018.30",,,"drag",160,"N",0,0,0,,"NEON.DOC.014045vJ","Z69tjmbbf+Yh2IC/GcCabe9MQTjYeG7xbP79Ui/1J5I=",
"429def44-7cd0-4524-908d-7815e745c0c2","NOGP_008.tickPlot.tck","D09","NOGP","NOGP_008","distributed","grasslandHerbaceous",46.783500,-100.905977,"WGS84",20.1,562.0,0.1,"2018-07-23T21:06Z","NOGP.2018.30","NOGP_008.20180723","A00000016648","drag",165,"Y",1,0,0,"No known compromise","NEON.DOC.014045vJ","Z69tjmbbf+Yh2IC/GcCabe9MQTjYeG7xbP79Ui/1J5I=","Sampled extra 5 meters due to NE corner marker not being visible"
"794b28d9-c4e1-4994-b594-5805c05fb80e","NOGP_007.tickPlot.tck","D09","NOGP","NOGP_007","distributed","grasslandHerbaceous",46.813251,-100.903783,"WGS84",20.0,527.7,0.0,"2018-07-23T21:52Z","NOGP.2018.30",,,"drag",160,"N",0,0,0,,"NEON.DOC.014045vJ","Z69tjmbbf+Yh2IC/GcCabe9MQTjYeG7xbP79Ui/1J5I=",
