uid,namedLocation,domainID,siteID,plotID,plotType,nlcdClass,decimalLatitude,decimalLongitude,geodeticDatum,coordinateUncertainty,elevation,elevationUncertainty,collectDate,eventID,sampleID,sampleCode,samplingMethod,totalSampledArea,targetTaxaPresent,adultCount,nymphCount,larvaCount,sampleCondition,samplingProtocolVersion,measuredBy,remarks
"229dd132-5d3b-48d7-b430-740fc1e8247c","UNDE_017.tickPlot.tck","D05","UNDE","UNDE_017","distributed","mixedForest",46.236736,-89.497054,"WGS84",20.1,518.8,0.2,"2016-09-15T07:49Z","UNDE.2016.37",,,"drag and flag",162,"N",0,0,0,"No known compromise","NEON.DOC.014045vG","edYs11Z8dTVEZZ5NOQ3QsCE9Zvqnsyrr",
"aa23f3e2-bc23-4b34-9a12-0e5db01b5ff9","UNDE_002.tickPlot.tck","D05","UNDE","UNDE_002","distributed","woodyWetlands",46.242285,-89.543255,"WGS84",20.3,506.2,0.4,"2016-09-15T18:00Z","UNDE.2016.37",,,"flag",151,"N",0,0,0,"No known compromise","NEON.DOC.014045vG","Syw2LXB/pj+fmGCuwdgBGVryVUmYhw3g",
"90ee7ca6-6974-4f56-932f-10ec99e7d724","UNDE_999.tickPlot.tck","D05","UNDE","UNDE_999","distributed","woodyWetlands",46.256243,-89.534200,"WGS84",20.2,507.1,0.3,"2016-09-15T18:35Z","UNDE.2016.37",,,"drag and flag",156,"N",0,0,0,"No known compromise","NEON.DOC.014045vG","sLXn7wTHXoRJL4fX6U0RGoB8I5uaqWlh",
"4778f464-f04d-4f85-ac73-d03599091ffe","UNDE_013.tickPlot.tck","D05","UNDE","UNDE_013","distributed","deciduousForest",46.227776,-89.535166,"WGS84",20.2,510.3,0.3,"2016-09-15T19:00Z","UNDE.2016.37",,,"drag and flag",163,"N",0,0,0,"No known compromise","NEON.DOC.014045vG","edYs11Z8dTVEZZ5NOQ3QsCE9Zvqnsyrr",
"bec75b72-42d7-429d-9aec-f656918b3769","UNDE_019.tickPlot.tck","D05","UNDE","UNDE_019","distributed","deciduousForest",46.257425,-89.542054,"WGS84",20.2,519.0,0.2,"2016-09-15T19:39Z","UNDE.2016.37",,,"flag",155,"N",0,0,0,"No known compromise","NEON.DOC.014045vG","HRQ2qSmGm8w8Hpt9UYCeWTEDSajtVjQn",
"a7281122-66cc-4fb1-ab28-7911741139b3","UNDE_011.tickPlot.tck","D05","UNDE","UNDE_011","distributed","woodyWetlands",46.213935,-89.505950,"WGS84",20.3,507.7,0.4,"2016-09-15T20:46Z","UNDE.2016.37",,,"drag and flag",127,"N",0,0,0,"No known compromise","NEON.DOC.014045vG","edYs11Z8dTVEZZ5NOQ3QsCE9Zvqnsyrr",
