uid,namedLocation,domainID,siteID,plotID,plotType,nlcdClass,decimalLatitude,decimalLongitude,geodeticDatum,coordinateUncertainty,elevation,elevationUncertainty,collectDate,eventID,sampleID,sampleCode,samplingMethod,totalSampledArea,targetTaxaPresent,adultCount,nymphCount,larvaCount,sampleCondition,samplingProtocolVersion,measuredBy,remarks
"90f60f39-0e12-486a-a40e-15dcaaf5f5eb","SCBI_005.tickPlot.tck","D02","SCBI","SCBI_005","distributed","deciduousForest",38.901859,-78.161940,"WGS84",20.2,263.6,0.3,"2015-05-04T12:50Z","SCBI.2015.18","SCBI_005.20150504",,"drag and flag",163,"Y",2,7,,"No known compromise","NEON.DOC.014045vF","LZfT4DkrjuMncGr9sJA2xipBpjnPgcnv","dowel broke in half at 128m. We taped it back together and continued. Cloth slightly damp when finished"
"49ad5535-d5f6-441e-9ce3-281c30368959","SCBI_007.tickPlot.tck","D02","SCBI","SCBI_007","distributed","deciduousForest",38.886013,-78.129365,"WGS84",20.2,428.3,0.2,"2015-05-04T13:02Z","SCBI.2015.18","SCBI_007.20150504",,"drag",154,"Y",0,1,,"No known compromise","NEON.DOC.014045vF","esNjjubcI51hdInmRHEEIrFR4+oIJtuN",
"7d3e4bc5-0041-4f6f-a0bf-a8fbb93b78ff","SCBI_002.tickPlot.tck","D02","SCBI","SCBI_002","distributed","deciduousForest",38.893863,-78.142704,"WGS84",20.2,327.7,0.2,"2015-05-04T14:25Z","SCBI.2015.18","SCBI_002.20150504",,"drag",166,"Y",1,1,,"No known compromise","NEON.DOC.014045vF","esNjjubcI51hdInmRHEEIrFR4+oIJtuN","Both Amblyomma americanum"
"918c95f4-5e5a-4f43-8b09-b354f7c28e74","SCBI_006.tickPlot.tck","D02","SCBI","SCBI_006","distributed","pastureHay",38.897080,-78.150277,"WGS84",20.1,277.1,0.1,"2015-05-04T15:28Z","SCBI.2015.18","SCBI_006.20150504",,"drag",161,"Y",5,0,,"No known compromise","NEON.DOC.014045vF","esNjjubcI51hdInmRHEEIrFR4+oIJtuN","All Dermacentor variabilis. 1 male, 4 female"
"cc5399fe-6457-44cd-930c-923f4a7a8626","SCBI_013.tickPlot.tck","D02","SCBI","SCBI_013","distributed","deciduousForest",38.873041,-78.163313,"WGS84",20.2,361.3,0.3,"2015-05-04T16:17Z","SCBI.2015.18","SCBI_013.20150504",,"drag",166,"Y",0,4,,"No known compromise","NEON.DOC.014045vF","esNjjubcI51hdInmRHEEIrFR4+oIJtuN","3 Amblyomma, 1 Ixodes"
"7b95af0b-b11f-48b2-b0e8-c87cee002563","SCBI_039.tickPlot.tck","D02","SCBI","SCBI_039","distributed","pastureHay",38.896433,-78.166542,"WGS84",20.1,330.8,0.1,"2015-05-04T17:28Z","SCBI.2015.18","SCBI_039.20150504",,"drag",162,"Y",5,2,,"No known compromise","NEON.DOC.014045vF","esNjjubcI51hdInmRHEEIrFR4+oIJtuN","1 nymph dropped and not collected, 2 were collected"
"2b619640-56b1-4f09-a453-dd7a5e465b88","SCBI_006.tickPlot.tck","D02","SCBI","SCBI_006","distributed","pastureHay",38.897080,-78.150277,"WGS84",20.1,277.1,0.1,"2015-05-26T13:05Z","SCBI.2015.21","SCBI_006.20150526",,"drag",161,"Y",1,0,,"No known compromise","NEON.DOC.014045vF","WKwujoF6P3ZxI+eeCIL/I+GGipS0GPFs",
"c6e06a44-0053-41b5-88b1-195532846aef","SCBI_002.tickPlot.tck","D02","SCBI","SCBI_002","distributed","deciduousForest",38.893863,-78.142704,"WGS84",20.2,327.7,0.2,"2015-05-26T14:11Z","SCBI.2015.21","SCBI_002.20150526",,"drag and flag",167,"Y",1,4,,"No known compromise","NEON.DOC.014045vF","WKwujoF6P3ZxI+eeCIL/I+GGipS0GPFs",
"2aebccfa-1d8d-4cb8-bd7d-0a4ee83d42f9","SCBI_013.tickPlot.tck","D02","SCBI","SCBI_013","distributed","deciduousForest",38.873041,-78.163313,"WGS84",20.2,361.3,0.3,"2015-05-26T17:50Z","SCBI.2015.21","SCBI_013.20150526",,"drag and flag",164,"Y",3,18,,"No known compromise","NEON.DOC.014045vF","WKwujoF6P3ZxI+eeCIL/I+GGipS0GPFs",
"5ed622c7-3d8e-4312-bf8c-c794b9d18e2a","SCBI_005.tickPlot.tck","D02","SCBI","SCBI_005","distributed","deciduousForest",38.901859,-78.161940,"WGS84",20.2,263.6,0.3,"2015-05-26T19:27Z","SCBI.2015.21","SCBI_005.20150526",,"drag and flag",166,"Y",1,50,,"No known compromise","NEON.DOC.014045vF","WKwujoF6P3ZxI+eeCIL/I+GGipS0GPFs",
"b5372589-624a-41a6-a22a-9e267a4bcf98","SCBI_039.tickPlot.tck","D02","SCBI","SCBI_039","distributed","pastureHay",38.896433,-78.166542,"WGS84",20.1,330.8,0.1,"2015-05-27T13:34Z","SCBI.2015.21","SCBI_039.20150527",,"drag",165,"Y",2,0,,"No known compromise","NEON.DOC.014045vF","MAihFV9ECLR9nYMm4TqtEdhgufslevt1EaD+j+u+VEc=",
"62d93d07-0c81-421b-8d4c-6375c5edc7d6","SCBI_007.tickPlot.tck","D02","SCBI","SCBI_007","distributed","deciduousForest",38.886013,-78.129365,"WGS84",20.2,428.3,0.2,"2015-05-27T14:51Z","SCBI.2015.21","SCBI_007.20150527",,"drag",160,"Y",2,12,,"No known compromise","NEON.DOC.014045vF","MAihFV9ECLR9nYMm4TqtEdhgufslevt1EaD+j+u+VEc=",
