uid,namedLocation,plotID,collectDate,identifiedDate,sampleID,subsampleID,scientificName,acceptedTaxonID,taxonRank,family,subfamily,tribe,subtribe,genus,subgenus,specificEpithet,infraspecificEpithet,identificationQualifier,identificationReferences,identificationProtocolVersion,scientificNameAuthorship,sexOrAge,individualCount,sampleCondition,archiveMedium,archiveFacilityID,deprecatedVialID,identifiedBy,laboratoryName,remarks
"65e2f259-4d34-48f7-9815-c4054e195da7","SCBI_005.tickPlot.tck","SCBI_005","2015-05-04T12:50Z","2016-09-12T16:00Z","SCBI_005.20150504","SCBI_005.20150504.DERVAR.M","Dermacentor variabilis","DERVAR","species","Ixodidae",,,,"Dermacentor",,"variabilis",,,"Yunker, C. E., Keirans, J. E., Clifford, C. M., and E. R. Easton. 1986. Dermacentor ticks (Acari: Ixodoidea: Ixodidae) of the New World: a scanning electron microscope atlas. Proceedings of the Entomological Society of Washington, 88(4):609-627.","GSU_tickIdentification_SOP_2016-11-01.pdf","Say","Male",1,"OK","90% ethanol","USNMENT00865124",,"L. Beati","Georgia Southern University","LAbel as SCBI005.20150505.2.1!!!!!"
"0bf7cdf0-61f2-498f-871a-59f87b3ff402","SCBI_005.tickPlot.tck","SCBI_005","2015-05-04T12:50Z","2016-09-12T16:00Z","SCBI_005.20150504","SCBI_005.20150504.AMBAME.F","Amblyomma americanum","AMBAME","species","Ixodidae",,,,"Amblyomma",,"americanum",,,"Cooley, R. A. and G. M. Kohls. 1944. The genus Amblyomma (ixodidae) in the United States. The Journal of Parasitology, 30(2):77-111.","GSU_tickIdentification_SOP_2016-11-01.pdf","Linnaeus","Female",1,"OK","90% ethanol","USNMENT00865171",,"L. Beati","Georgia Southern University","LAbel as SCBI005.20150505.2.1!!!!!"
"8e8c2376-a6f0-45c2-b30e-6b2a9389df60","SCBI_005.tickPlot.tck","SCBI_005","2015-05-04T12:50Z","2016-09-12T16:00Z","SCBI_005.20150504","SCBI_005.20150504.AMBAME.N","Amblyomma americanum","AMBAME","species","Ixodidae",,,,"Amblyomma",,"americanum",,,"Cooley, R. A. and G. M. Kohls. 1944. The genus Amblyomma (ixodidae) in the United States. The Journal of Parasitology, 30(2):77-111.","GSU_tickIdentification_SOP_2016-11-01.pdf","Linnaeus","Nymph",5,"OK","90% ethanol","USNMENT00865171",,"L. Beati","Georgia Southern University",
"7b99d6d1-3c5f-4454-87d2-7e6a4768c888","SCBI_005.tickPlot.tck","SCBI_005","2015-05-04T12:50Z","2016-09-12T16:00Z","SCBI_005.20150504","SCBI_005.20150504.IXOSCA.N","Ixodes scapularis","IXOSCA","species","Ixodidae",,,,"Ixodes",,"scapularis",,,"Keirans, J. E., and C. M. Clifford. 1978. The genus Ixodes in the United States: a scanning electron microscope study and key to the adults. Journal of Medical Entomology, 15(Supplement 2):1-38.","GSU_tickIdentification_SOP_2016-11-01.pdf","Say","Nymph",2,"OK","90% ethanol","USNMENT00865172",,"L. Beati","Georgia Southern University","LAbel as SCBI005.20150505.2.1!!!!!"
"8b58ce4f-259a-4838-b422-6a41190065f3","SCBI_007.tickPlot.tck","SCBI_007","2015-05-04T13:02Z","2016-09-13T16:00Z","SCBI_007.20150504","SCBI_007.20150504.AMBAME.N","Amblyomma americanum","AMBAME","species","Ixodidae",,,,"Amblyomma",,"americanum",,,"Cooley, R. A. and G. M. Kohls. 1944. The genus Amblyomma (ixodidae) in the United States. The Journal of Parasitology, 30(2):77-111.","GSU_tickIdentification_SOP_2016-11-01.pdf","Linnaeus","Nymph",1,"OK","90% ethanol","USNMENT00865214",,"L. Beati","Georgia Southern University",
"d58353aa-60ea-442b-8a73-a27132dd458f","SCBI_002.tickPlot.tck","SCBI_002","2015-05-04T14:25Z","2016-09-20T16:00Z","SCBI_002.20150504","SCBI_002.20150504.AMBAME.M","Amblyomma americanum","AMBAME","species","Ixodidae",,,,"Amblyomma",,"americanum",,,"Cooley, R. A. and G. M. Kohls. 1944. The genus Amblyomma (ixodidae) in the United States. The Journal of Parasitology, 30(2):77-111.","GSU_tickIdentification_SOP_2016-11-01.pdf","Linnaeus","Male",1,"OK","90% ethanol","USNMENT00865323",,"L. Beati","Georgia Southern University",
"60d57a71-9a80-49cd-9c8a-10b903390831","SCBI_002.tickPlot.tck","SCBI_002","2015-05-04T14:25Z","2016-09-20T16:00Z","SCBI_002.20150504","SCBI_002.20150504.AMBAME.N","Amblyomma americanum","AMBAME","species","Ixodidae",,,,"Amblyomma",,"americanum",,,"Cooley, R. A. and G. M. Kohls. 1944. The genus Amblyomma (ixodidae) in the United States. The Journal of Parasitology, 30(2):77-111.","GSU_tickIdentification_SOP_2016-11-01.pdf","Linnaeus","Nymph",1,"OK","90% ethanol","USNMENT00865323",,"L. Beati","Georgia Southern University",
"011a6e96-7fe8-47f5-98c5-1975b33b1c94","SCBI_006.tickPlot.tck","SCBI_006","2015-05-04T15:28Z","2016-09-12T16:00Z","SCBI_006.20150504","SCBI_006.20150504.DERVAR.M","Dermacentor variabilis","DERVAR","species","Ixodidae",,,,"Dermacentor",,"variabilis",,,"Yunker, C. E., Keirans, J. E., Clifford, C. M., and E. R. Easton. 1986. Dermacentor ticks (Acari: Ixodoidea: Ixodidae) of the New World: a scanning electron microscope atlas. Proceedings of the Entomological Society of Washington, 88(4):609-627.","GSU_tickIdentification_SOP_2016-11-01.pdf","Say","Male",1,"OK","90% ethanol","USNMENT00865173",,"L. Beati","Georgia Southern University",
"53e0d21b-f6c0-4459-9c1b-95ae81d60ecc","SCBI_006.tickPlot.tck","SCBI_006","2015-05-04T15:28Z","2016-09-12T16:00Z","SCBI_006.20150504","SCBI_006.20150504.DERVAR.F","Dermacentor variabilis","DERVAR","species","Ixodidae",,,,"Dermacentor",,"variabilis",,,"Yunker, C. E., Keirans, J. E., Clifford, C. M., and E. R. Easton. 1986. Dermacentor ticks (Acari: Ixodoidea: Ixodidae) of the New World: a scanning electron microscope atlas. Proceedings of the Entomological Society of Washington, 88(4):609-627.","GSU_tickIdentification_SOP_2016-11-01.pdf","Say","Female",4,"OK","90% ethanol","USNMENT00865173",,"L. Beati","Georgia Southern University",
"b81775dd-bf5d-4985-a099-18c92c5ab298","SCBI_013.tickPlot.tck","SCBI_013","2015-05-04T16:17Z","2016-09-16T16:00Z","SCBI_013.20150504","SCBI_013.20150504.AMBAME.N","Amblyomma americanum","AMBAME","species","Ixodidae",,,,"Amblyomma",,"americanum",,,"Cooley, R. A. and G. M. Kohls. 1944. The genus Amblyomma (ixodidae) in the United States. The Journal of Parasitology, 30(2):77-111.","GSU_tickIdentification_SOP_2016-11-01.pdf","Linnaeus","Nymph",3,"OK","90% ethanol","USNMENT00865244",,"L. Beati","Georgia Southern University",
"28b50aa1-6183-4e5b-a180-2a9d56ef3b7d","SCBI_013.tickPlot.tck","SCBI_013","2015-05-04T16:17Z","2016-09-16T16:00Z","SCBI_013.20150504","SCBI_013.20150504.IXOSCA.N","Ixodes scapularis","IXOSCA","species","Ixodidae",,,,"Ixodes",,"scapularis",,,"Keirans, J. E., and C. M. Clifford. 1978. The genus Ixodes in the United States: a scanning electron microscope study and key to the adults. Journal of Medical Entomology, 15(Supplement 2):1-38.","GSU_tickIdentification_SOP_2016-11-01.pdf","Say","Nymph",1,"OK","90% ethanol","USNMENT00865243",,"L. Beati","Georgia Southern University",
"513f4a25-0b6b-4ae4-a285-d7d407968e3a","SCBI_039.tickPlot.tck","SCBI_039","2015-05-04T17:28Z","2016-09-13T16:00Z","SCBI_039.20150504","SCBI_039.20150504.AMBAME.N","Amblyomma americanum","AMBAME","species","Ixodidae",,,,"Amblyomma",,"americanum",,,"Cooley, R. A. and G. M. Kohls. 1944. The genus Amblyomma (ixodidae) in the United States. The Journal of Parasitology, 30(2):77-111.","GSU_tickIdentification_SOP_2016-11-01.pdf","Linnaeus","Nymph",2,"OK","90% ethanol","USNMENT00865222",,"L. Beati","Georgia Southern University",
"6927fa74-9280-450f-9e42-b379789d13ad","SCBI_039.tickPlot.tck","SCBI_039","2015-05-04T17:28Z","2016-09-12T16:00Z","SCBI_039.20150504","SCBI_039.20150504.DERVAR.F","Dermacentor variabilis","DERVAR","species","Ixodidae",,,,"Dermacentor",,"variabilis",,,"Yunker, C. E., Keirans, J. E., Clifford, C. M., and E. R. Easton. 1986. Dermacentor ticks (Acari: Ixodoidea: Ixodidae) of the New World: a scanning electron microscope atlas. Proceedings of the Entomological Society of Washington, 88(4):609-627.","GSU_tickIdentification_SOP_2016-11-01.pdf","Say","Female",4,"OK","90% ethanol","USNMENT00865121",,"L. Beati","Georgia Southern University",
"9f54fe0a-2455-4a94-8be9-7a07cce006ad","SCBI_039.tickPlot.tck","SCBI_039","2015-05-04T17:28Z","2016-09-12T16:00Z","SCBI_039.20150504","SCBI_039.20150504.DERVAR.M","Dermacentor variabilis","DERVAR","species","Ixodidae",,,,"Dermacentor",,"variabilis",,,"Yunker, C. E., Keirans, J. E., Clifford, C. M., and E. R. Easton. 1986. Dermacentor ticks (Acari: Ixodoidea: Ixodidae) of the New World: a scanning electron microscope atlas. Proceedings of the Entomological Society of Washington, 88(4):609-627.","GSU_tickIdentification_SOP_2016-11-01.pdf","Say","Male",1,"OK","90% ethanol","USNMENT00865121",,"L. Beati","Georgia Southern University",
"993e5de6-5a9b-48f4-8bd1-a5f9179c47dd","SCBI_006.tickPlot.tck","SCBI_006","2015-05-26T13:05Z","2016-09-13T16:00Z","SCBI_006.20150526","SCBI_006.20150526.DERVAR.F","Dermacentor variabilis","DERVAR","species","Ixodidae",,,,"Dermacentor",,"variabilis",,,"Yunker, C. E., Keirans, J. E., Clifford, C. M., and E. R. Easton. 1986. Dermacentor ticks (Acari: Ixodoidea: Ixodidae) of the New World: a scanning electron microscope atlas. Proceedings of the Entomological Society of Washington, 88(4):609-627.","GSU_tickIdentification_SOP_2016-11-01.pdf","Say","Female",1,"OK","90% ethanol","USNMENT00865230",,"L. Beati","Georgia Southern University",
"15c8db08-9e47-46b7-8bdb-4a9964716a9d","SCBI_002.tickPlot.tck","SCBI_002","2015-05-26T14:11Z","2016-09-13T16:00Z","SCBI_002.20150526","SCBI_002.20150526.AMBAME.F","Amblyomma americanum","AMBAME","species","Ixodidae",,,,"Amblyomma",,"americanum",,,"Cooley, R. A. and G. M. Kohls. 1944. The genus Amblyomma (ixodidae) in the United States. The Journal of Parasitology, 30(2):77-111.","GSU_tickIdentification_SOP_2016-11-01.pdf","Linnaeus","Female",1,"OK","90% ethanol","USNMENT00865231",,"L. Beati","Georgia Southern University",
"05dc472c-b414-4c98-b150-2fcf18c9cef5","SCBI_002.tickPlot.tck","SCBI_002","2015-05-26T14:11Z","2016-09-13T16:00Z","SCBI_002.20150526","SCBI_002.20150526.IXOSCA.N","Ixodes scapularis","IXOSCA","species","Ixodidae",,,,"Ixodes",,"scapularis",,,"Keirans, J. E., and C. M. Clifford. 1978. The genus Ixodes in the United States: a scanning electron microscope study and key to the adults. Journal of Medical Entomology, 15(Supplement 2):1-38.","GSU_tickIdentification_SOP_2016-11-01.pdf","Say","Nymph",1,"OK","90% ethanol","USNMENT00865232",,"L. Beati","Georgia Southern University",
"00dacbc3-17e5-4b7b-884a-1375a09b376f","SCBI_002.tickPlot.tck","SCBI_002","2015-05-26T14:11Z","2016-09-13T16:00Z","SCBI_002.20150526","SCBI_002.20150526.AMBAME.N","Amblyomma americanum","AMBAME","species","Ixodidae",,,,"Amblyomma",,"americanum",,,"Cooley, R. A. and G. M. Kohls. 1944. The genus Amblyomma (ixodidae) in the United States. The Journal of Parasitology, 30(2):77-111.","GSU_tickIdentification_SOP_2016-11-01.pdf","Linnaeus","Nymph",3,"OK","90% ethanol","USNMENT00865231",,"L. Beati","Georgia Southern University",
"45dcca5d-129f-41d5-8212-d03d351c5379","SCBI_013.tickPlot.tck","SCBI_013","2015-05-26T17:50Z","2016-09-16T16:00Z","SCBI_013.20150526","SCBI_013.20150526.IXOSCA.N","Ixodes scapularis","IXOSCA","species","Ixodidae",,,,"Ixodes",,"scapularis",,,"Keirans, J. E., and C. M. Clifford. 1978. The genus Ixodes in the United States: a scanning electron microscope study and key to the adults. Journal of Medical Entomology, 15(Supplement 2):1-38.","GSU_tickIdentification_SOP_2016-11-01.pdf","Say","Nymph",2,"OK","90% ethanol","USNMENT00865241",,"L. Beati","Georgia Southern University",
"7a844278-17b5-441b-844e-7b637bb8ad92","SCBI_013.tickPlot.tck","SCBI_013","2015-05-26T17:50Z","2016-09-16T16:00Z","SCBI_013.20150526","SCBI_013.20150526.AMBAME.N","Amblyomma americanum","AMBAME","species","Ixodidae",,,,"Amblyomma",,"americanum",,,"Cooley, R. A. and G. M. Kohls. 1944. The genus Amblyomma (ixodidae) in the United States. The Journal of Parasitology, 30(2):77-111.","GSU_tickIdentification_SOP_2016-11-01.pdf","Linnaeus","Nymph",16,"OK","90% ethanol","USNMENT00865240",,"L. Beati","Georgia Southern University",
"2b0dfeb5-f25e-4c3c-9cf1-de7c84e6d5aa","SCBI_013.tickPlot.tck","SCBI_013","2015-05-26T17:50Z","2016-09-16T16:00Z","SCBI_013.20150526","SCBI_013.20150526.AMBAME.F","Amblyomma americanum","AMBAME","species","Ixodidae",,,,"Amblyomma",,"americanum",,,"Cooley, R. A. and G. M. Kohls. 1944. The genus Amblyomma (ixodidae) in the United States. The Journal of Parasitology, 30(2):77-111.","GSU_tickIdentification_SOP_2016-11-01.pdf","Linnaeus","Female",1,"OK","90% ethanol","USNMENT00865240",,"L. Beati","Georgia Southern University",
"efd78fa3-1a1b-4d7a-9e5e-90891538ccd5","SCBI_013.tickPlot.tck","SCBI_013","2015-05-26T17:50Z","2016-09-16T16:00Z","SCBI_013.20150526","SCBI_013.20150526.AMBAME.M","Amblyomma americanum","AMBAME","species","Ixodidae",,,,"Amblyomma",,"americanum",,,"Cooley, R. A. and G. M. Kohls. 1944. The genus Amblyomma (ixodidae) in the United States. The Journal of Parasitology, 30(2):77-111.","GSU_tickIdentification_SOP_2016-11-01.pdf","Linnaeus","Male",2,"OK","90% ethanol","USNMENT00865240",,"L. Beati","Georgia Southern University",
"b82f9239-d16f-4291-864f-fb456e7e50a7","SCBI_005.tickPlot.tck","SCBI_005","2015-05-26T19:27Z","2016-09-13T16:00Z","SCBI_005.20150526","SCBI_005.20150526.AMBAME.F","Amblyomma americanum","AMBAME","species","Ixodidae",,,,"Amblyomma",,"americanum",,,"Cooley, R. A. and G. M. Kohls. 1944. The genus Amblyomma (ixodidae) in the United States. The Journal of Parasitology, 30(2):77-111.","GSU_tickIdentification_SOP_2016-11-01.pdf","Linnaeus","Female",1,"OK","90% ethanol","USNMENT00865235",,"L. Beati","Georgia Southern University",
"34ef6cba-333d-4847-bd1b-3c2804f5438e","SCBI_005.tickPlot.tck","SCBI_005","2015-05-26T19:27Z","2016-09-13T16:00Z","SCBI_005.20150526","SCBI_005.20150526.IXOSCA.N","Ixodes scapularis","IXOSCA","species","Ixodidae",,,,"Ixodes",,"scapularis",,,"Keirans, J. E., and C. M. Clifford. 1978. The genus Ixodes in the United States: a scanning electron microscope study and key to the adults. Journal of Medical Entomology, 15(Supplement 2):1-38.","GSU_tickIdentification_SOP_2016-11-01.pdf","Say","Nymph",13,"OK","90% ethanol","USNMENT00865236",,"L. Beati","Georgia Southern University",
"f47c9477-7bfa-4925-a268-deb789e2aa58","SCBI_005.tickPlot.tck","SCBI_005","2015-05-26T19:27Z","2016-09-13T16:00Z","SCBI_005.20150526","SCBI_005.20150526.AMBAME.N","Amblyomma americanum","AMBAME","species","Ixodidae",,,,"Amblyomma",,"americanum",,,"Cooley, R. A. and G. M. Kohls. 1944. The genus Amblyomma (ixodidae) in the United States. The Journal of Parasitology, 30(2):77-111.","GSU_tickIdentification_SOP_2016-11-01.pdf","Linnaeus","Nymph",35,"OK","90% ethanol","USNMENT00865235",,"L. Beati","Georgia Southern University",
"2fc44dce-80b8-4113-9d73-dd80cbaae3bd","SCBI_007.tickPlot.tck","SCBI_007","2015-05-27T14:51Z","2016-09-16T16:00Z","SCBI_007.20150527","SCBI_007.20150527.AMBAME.N","Amblyomma americanum","AMBAME","species","Ixodidae",,,,"Amblyomma",,"americanum",,,"Cooley, R. A. and G. M. Kohls. 1944. The genus Amblyomma (ixodidae) in the United States. The Journal of Parasitology, 30(2):77-111.","GSU_tickIdentification_SOP_2016-11-01.pdf","Linnaeus","Nymph",10,"OK","90% ethanol","USNMENT00865242",,"L. Beati","Georgia Southern University",
"89a2acdf-0f66-4f00-8610-29003af1685e","SCBI_007.tickPlot.tck","SCBI_007","2015-05-27T14:51Z","2016-09-16T16:00Z","SCBI_007.20150527","SCBI_007.20150527.AMBAME.M","Amblyomma americanum","AMBAME","species","Ixodidae",,,,"Amblyomma",,"americanum",,,"Cooley, R. A. and G. M. Kohls. 1944. The genus Amblyomma (ixodidae) in the United States. The Journal of Parasitology, 30(2):77-111.","GSU_tickIdentification_SOP_2016-11-01.pdf","Linnaeus","Male",1,"OK","90% ethanol","USNMENT00865242",,"L. Beati","Georgia Southern University",
