uid,namedLocation,domainID,siteID,plotID,plotType,nlcdClass,decimalLatitude,decimalLongitude,geodeticDatum,coordinateUncertainty,elevation,elevationUncertainty,collectDate,eventID,sampleID,sampleCode,samplingMethod,totalSampledArea,targetTaxaPresent,adultCount,nymphCount,larvaCount,sampleCondition,samplingProtocolVersion,measuredBy,remarks
"9e248830-8a95-4903-ad52-287399318eaa","BART_029.tickPlot.tck","D01","BART","BART_029","distributed","evergreenForest",44.058948,-71.289336,"WGS84",20.2,291.7,0.3,"2016-06-13T17:19Z","BART.2016.24",,,"drag and flag",150,"N",0,0,0,"No known compromise","NEON.DOC.014045vG","snxj1sDwU/3W2iE26x/SLaGfXy7c8O53",
"639d241d-4332-4c14-947a-6e75621aa566","BART_011.tickPlot.tck","D01","BART","BART_011","distributed","mixedForest",44.048783,-71.295353,"WGS84",20.2,399.5,0.2,"2016-06-13T17:58Z","BART.2016.24",,,"drag and flag",160,"N",0,0,0,"No known compromise","NEON.DOC.014045vG","nK9br051HPjmqBRc5E/A0io0YIiVOb2k",
"2e2fb818-acc2-4865-9d8c-ef6887f11ee2","BART_010.tickPlot.tck","D01","BART","BART_010","distributed","deciduousForest",44.051100,-71.267766,"WGS84",20.2,413.0,0.4,"2016-06-13T18:49Z","BART.2016.24",,,"drag and flag",160,"N",0,0,0,"No known compromise","NEON.DOC.014045vG","snxj1sDwU/3W2iE26x/SLaGfXy7c8O53",
"b2d3adc8-b156-4c9f-8388-757aa2cd584a","BART_019.tickPlot.tck","D01","BART","BART_019","distributed","mixedForest",44.069350,-71.288001,"WGS84",20.2,231.8,0.2,"2016-06-13T19:32Z","BART.2016.24",,,"drag and flag",157,"N",0,0,0,"No known compromise","NEON.DOC.014045vG","nK9br051HPjmqBRc5E/A0io0YIiVOb2k",
"261ed8a5-af94-41ea-917d-c80f21e6c873","BART_002.tickPlot.tck","D01","BART","BART_002","distributed","deciduousForest",44.035231,-71.274674,"WGS84",20.2,502.6,0.3,"2016-06-14T12:52Z","BART.2016.24",,,"drag and flag",160,"N",0,0,0,"No known compromise","NEON.DOC.014045vG","nK9br051HPjmqBRc5E/A0io0YIiVOb2k",
"43a82473-e02a-4769-9e09-fb5276b070bf","BART_015.tickPlot.tck","D01","BART","BART_015","distributed","mixedForest",44.042149,-71.271603,"WGS84",20.3,455.0,0.5,"2016-06-14T13:34Z","BART.2016.24",,,"drag and flag",160,"N",0,0,0,"No known compromise","NEON.DOC.014045vG","snxj1sDwU/3W2iE26x/SLaGfXy7c8O53",
