uid,namedLocation,date,eventID,domainID,siteID,plotID,subplotID,individualID,tagStatus,growthForm,plantStatus,stemDiameter,measurementHeight,height,baseCrownHeight,breakHeight,breakDiameter,maxCrownDiameter,ninetyCrownDiameter,canopyPosition,shape,basalStemDiameter,basalStemDiameterMsrmntHeight,maxBaseCrownDiameter,ninetyBaseCrownDiameter,remarks,recordedBy,measuredBy,dataQF
"c3e371b1-82b8-43c0-b784-21aec8919ca6","ABBY_067.basePlot.vst","2018-09-28","vst_ABBY_2018","D16","ABBY","ABBY_067",,"NEON.PLA.D16.ABBY.00561","ok","small tree","Live",1.9,130,2.9,,,,,,,,,,,,,"9MpvHR97FuJo4gsLwNb5xoR0ZKgI4SjpD6yX9wK3zYo=","XF7+6w3ZdG4dkrdZbAxOAZtdZV1tlY7Km4jqFmsFyAs=",
"097cfd88-5ee6-43ab-8594-c993789d6fb8","ABBY_067.basePlot.vst","2018-09-28","vst_ABBY_2018","D16","ABBY","ABBY_067",,"NEON.PLA.D16.ABBY.00573","ok",,"No longer qualifies",3.1,128,3.4,,,,,,,,,,,,"Reduction in nested size. Will eventually qualify as sbt","9MpvHR97FuJo4gsLwNb5xoR0ZKgI4SjpD6yX9wK3zYo=","XF7+6w3ZdG4dkrdZbAxOAZtdZV1tlY7Km4jqFmsFyAs=",
"4f956cd3-dabd-4a96-a908-035ca6e30a09","ABBY_067.basePlot.vst","2018-09-28","vst_ABBY_2018","D16","ABBY","ABBY_067",,"NEON.PLA.D16.ABBY.00550","ok","small tree","Live",1.9,130,3.1,,,,,,,,,,,,,"9MpvHR97FuJo4gsLwNb5xoR0ZKgI4SjpD6yX9wK3zYo=","XF7+6w3ZdG4dkrdZbAxOAZtdZV1tlY7Km4jqFmsFyAs=",
"ec29f5f2-a802-4419-a667-48602a3417e1","ABBY_067.basePlot.vst","2018-09-28","vst_ABBY_2018","D16","ABBY","ABBY_067",,"NEON.PLA.D16.ABBY.03367","ok","single bole tree","Live",10.5,130,8.3,,,,,,,,,,,,,"9MpvHR97FuJo4gsLwNb5xoR0ZKgI4SjpD6yX9wK3zYo=","XF7+6w3ZdG4dkrdZbAxOAZtdZV1tlY7Km4jqFmsFyAs=",
"162fba1d-04de-4d13-856a-8496854afdb2","ABBY_067.basePlot.vst","2018-09-28","vst_ABBY_2018","D16","ABBY","ABBY_067",,"NEON.PLA.D16.ABBY.00570","ok","small tree","Live",4.4,145,3.8,,,,,,,,,,,,,"9MpvHR97FuJo4gsLwNb5xoR0ZKgI4SjpD6yX9wK3zYo=","XF7+6w3ZdG4dkrdZbAxOAZtdZV1tlY7Km4jqFmsFyAs=",
"83e6b1d8-e583-4604-8090-873121b8f66d","ABBY_067.basePlot.vst","2018-09-28","vst_ABBY_2018","D16","ABBY","ABBY_067",,"NEON.PLA.D16.ABBY.00581","ok","sapling","Live, physically damaged",,,0.7,,,,,,,,2.0,10,,,"Herbivory","9MpvHR97FuJo4gsLwNb5xoR0ZKgI4SjpD6yX9wK3zYo=","XF7+6w3ZdG4dkrdZbAxOAZtdZV1tlY7Km4jqFmsFyAs=",
"97ee370d-1e78-4483-b74c-c38ceead95c5","ABBY_067.basePlot.vst","2018-09-28","vst_ABBY_2018","D16","ABBY","ABBY_067",,"NEON.PLA.D16.ABBY.03366","ok","single bole tree","Live",10.4,130,8.5,,,,,,,,,,,,,"9MpvHR97FuJo4gsLwNb5xoR0ZKgI4SjpD6yX9wK3zYo=","XF7+6w3ZdG4dkrdZbAxOAZtdZV1tlY7Km4jqFmsFyAs=",
"73b45ba9-eb26-4b3d-ab97-5d222fe58e25","ABBY_067.basePlot.vst","2018-09-28","vst_ABBY_2018","D16","ABBY","ABBY_067",,"NEON.PLA.D16.ABBY.03348","ok","single bole tree","Live",10.9,130,8.8,,,,,,,,,,,,,"9MpvHR97FuJo4gsLwNb5xoR0ZKgI4SjpD6yX9wK3zYo=","XF7+6w3ZdG4dkrdZbAxOAZtdZV1tlY7Km4jqFmsFyAs=",
"97673005-9cc1-4f85-985f-76343912c0d5","ABBY_067.basePlot.vst","2018-09-28","vst_ABBY_2018","D16","ABBY","ABBY_067",,"NEON.PLA.D16.ABBY.00552","ok","sapling","Live",,,1.1,,,,,,,,1.4,10,,,,"9MpvHR97FuJo4gsLwNb5xoR0ZKgI4SjpD6yX9wK3zYo=","XF7+6w3ZdG4dkrdZbAxOAZtdZV1tlY7Km4jqFmsFyAs=",
"2d9f8d2d-46ae-4f19-a727-9248202dd079","ABBY_067.basePlot.vst","2018-09-28","vst_ABBY_2018","D16","ABBY","ABBY_067",,"NEON.PLA.D16.ABBY.00574","ok",,"No longer qualifies",,,0.5,,,,,,,,1.3,10,,,"Reduction in nested size. Will eventually qualify as sbt","9MpvHR97FuJo4gsLwNb5xoR0ZKgI4SjpD6yX9wK3zYo=","XF7+6w3ZdG4dkrdZbAxOAZtdZV1tlY7Km4jqFmsFyAs=",
"bea74550-0f8a-4f7d-bd37-6467063a2e89","ABBY_067.basePlot.vst","2018-09-28","vst_ABBY_2018","D16","ABBY","ABBY_067",,"NEON.PLA.D16.ABBY.02758","ok",,"No longer qualifies",,,,,,,,,,,,,,,"Reduction in nested size. Will eventually qualify as sbt","9MpvHR97FuJo4gsLwNb5xoR0ZKgI4SjpD6yX9wK3zYo=","XF7+6w3ZdG4dkrdZbAxOAZtdZV1tlY7Km4jqFmsFyAs=",
"ede52613-1da5-4f5b-a565-74da405d1109","ABBY_067.basePlot.vst","2018-09-28","vst_ABBY_2018","D16","ABBY","ABBY_067",,"NEON.PLA.D16.ABBY.01007","ok","single bole tree","Live",15.2,130,9.8,,,,,,,,,,,,,"9MpvHR97FuJo4gsLwNb5xoR0ZKgI4SjpD6yX9wK3zYo=","XF7+6w3ZdG4dkrdZbAxOAZtdZV1tlY7Km4jqFmsFyAs=",
"ac957a1e-024a-48fa-9dbb-5e161813c8ea","ABBY_067.basePlot.vst","2018-09-28","vst_ABBY_2018","D16","ABBY","ABBY_067",,"NEON.PLA.D16.ABBY.00559","ok","small tree","Live",1.6,130,3.4,,,,,,,,,,,,,"9MpvHR97FuJo4gsLwNb5xoR0ZKgI4SjpD6yX9wK3zYo=","XF7+6w3ZdG4dkrdZbAxOAZtdZV1tlY7Km4jqFmsFyAs=",
"9a8febd8-3c95-4e79-b33d-b96b76186a9b","ABBY_067.basePlot.vst","2018-09-28","vst_ABBY_2018","D16","ABBY","ABBY_067",,"NEON.PLA.D16.ABBY.00571","ok","small tree","Live",2.2,130,3.3,,,,,,,,,,,,,"9MpvHR97FuJo4gsLwNb5xoR0ZKgI4SjpD6yX9wK3zYo=","XF7+6w3ZdG4dkrdZbAxOAZtdZV1tlY7Km4jqFmsFyAs=",
"e4ac4832-c125-473a-ae8f-81878fe029f5","ABBY_067.basePlot.vst","2018-09-28","vst_ABBY_2018","D16","ABBY","ABBY_067",,"NEON.PLA.D16.ABBY.01002","ok","single bole tree","Live",13.9,130,9.3,,,,,,,,,,,,,"9MpvHR97FuJo4gsLwNb5xoR0ZKgI4SjpD6yX9wK3zYo=","XF7+6w3ZdG4dkrdZbAxOAZtdZV1tlY7Km4jqFmsFyAs=",
"b4fb36fd-37d4-4261-8fc8-cef614810b99","ABBY_067.basePlot.vst","2018-09-28","vst_ABBY_2018","D16","ABBY","ABBY_067",,"NEON.PLA.D16.ABBY.03349","ok","single bole tree","Live",11.2,130,10.9,,,,,,,,,,,,,"9MpvHR97FuJo4gsLwNb5xoR0ZKgI4SjpD6yX9wK3zYo=","XF7+6w3ZdG4dkrdZbAxOAZtdZV1tlY7Km4jqFmsFyAs=",
"b821bb3a-dd5f-416d-80b6-37c3a3d03aca","ABBY_067.basePlot.vst","2018-09-28","vst_ABBY_2018","D16","ABBY","ABBY_067",,"NEON.PLA.D16.ABBY.00564","ok",,"No longer qualifies",,,,,,,,,,,,,,,"Reduction in nested size. Will eventually qualify as sbt","9MpvHR97FuJo4gsLwNb5xoR0ZKgI4SjpD6yX9wK3zYo=","XF7+6w3ZdG4dkrdZbAxOAZtdZV1tlY7Km4jqFmsFyAs=",
"ae58be34-cbfd-4d61-a3f9-e7511e0f5f96","ABBY_067.basePlot.vst","2018-09-28","vst_ABBY_2018","D16","ABBY","ABBY_067",,"NEON.PLA.D16.ABBY.02559","ok","single bole tree","Live",12.2,130,8.5,,,,,,,,,,,,,"9MpvHR97FuJo4gsLwNb5xoR0ZKgI4SjpD6yX9wK3zYo=","XF7+6w3ZdG4dkrdZbAxOAZtdZV1tlY7Km4jqFmsFyAs=",
"19ce6c90-f792-4387-acaa-5c476edf3df5","ABBY_067.basePlot.vst","2018-09-28","vst_ABBY_2018","D16","ABBY","ABBY_067",,"NEON.PLA.D16.ABBY.00567","ok","small tree","Live",1.1,130,2.3,,,,,,,,,,,,,"9MpvHR97FuJo4gsLwNb5xoR0ZKgI4SjpD6yX9wK3zYo=","XF7+6w3ZdG4dkrdZbAxOAZtdZV1tlY7Km4jqFmsFyAs=",
"a88ab49f-b3df-4dd5-9ad4-5b2617b738a1","ABBY_067.basePlot.vst","2018-09-28","vst_ABBY_2018","D16","ABBY","ABBY_067",,"NEON.PLA.D16.ABBY.01001","ok","single bole tree","Live",13.6,130,10.2,,,,,,,,,,,,,"9MpvHR97FuJo4gsLwNb5xoR0ZKgI4SjpD6yX9wK3zYo=","XF7+6w3ZdG4dkrdZbAxOAZtdZV1tlY7Km4jqFmsFyAs=",
"7be26310-4c1b-48a2-a79b-ad86794383fe","ABBY_067.basePlot.vst","2018-09-28","vst_ABBY_2018","D16","ABBY","ABBY_067",,"NEON.PLA.D16.ABBY.00553","ok",,"No longer qualifies",,,,,,,,,,,,,,,"Reduction in nested size. Will eventually qualify as sbt","9MpvHR97FuJo4gsLwNb5xoR0ZKgI4SjpD6yX9wK3zYo=","XF7+6w3ZdG4dkrdZbAxOAZtdZV1tlY7Km4jqFmsFyAs=",
"eef304da-553b-416d-b53d-741f6084f6d1","ABBY_067.basePlot.vst","2018-09-28","vst_ABBY_2018","D16","ABBY","ABBY_067",,"NEON.PLA.D16.ABBY.01678","ok","single bole tree","Live",11.3,130,9.7,,,,,,,,,,,,,"9MpvHR97FuJo4gsLwNb5xoR0ZKgI4SjpD6yX9wK3zYo=","XF7+6w3ZdG4dkrdZbAxOAZtdZV1tlY7Km4jqFmsFyAs=",
"fb38ec85-3683-4460-a73c-e26f9ab90c38","ABBY_067.basePlot.vst","2018-09-28","vst_ABBY_2018","D16","ABBY","ABBY_067",,"NEON.PLA.D16.ABBY.01537","ok","sapling","Live",,,2.2,,,,,,,,1.6,10,,,,"9MpvHR97FuJo4gsLwNb5xoR0ZKgI4SjpD6yX9wK3zYo=","XF7+6w3ZdG4dkrdZbAxOAZtdZV1tlY7Km4jqFmsFyAs=",
"7164ab0b-7b02-4fe4-93c2-8e6164999b04","ABBY_067.basePlot.vst","2018-09-28","vst_ABBY_2018","D16","ABBY","ABBY_067",,"NEON.PLA.D16.ABBY.02763","ok","single bole tree","Live",11.3,130,9.1,,,,,,,,,,,,,"9MpvHR97FuJo4gsLwNb5xoR0ZKgI4SjpD6yX9wK3zYo=","XF7+6w3ZdG4dkrdZbAxOAZtdZV1tlY7Km4jqFmsFyAs=",
"c3e5ee75-bebf-4977-808e-6bea710791d4","ABBY_067.basePlot.vst","2018-09-28","vst_ABBY_2018","D16","ABBY","ABBY_067",,"NEON.PLA.D16.ABBY.02696","ok","single bole tree","Live, disease damaged",11.5,133,9.3,,,,,,,,,,,,"Swiss needle cast","9MpvHR97FuJo4gsLwNb5xoR0ZKgI4SjpD6yX9wK3zYo=","XF7+6w3ZdG4dkrdZbAxOAZtdZV1tlY7Km4jqFmsFyAs=",
"e8a30de1-aeb6-4d6e-9c63-c31cad6264cc","ABBY_067.basePlot.vst","2018-09-28","vst_ABBY_2018","D16","ABBY","ABBY_067",,"NEON.PLA.D16.ABBY.01683","ok","single bole tree","Live",12.2,132,9.0,,,,,,,,,,,,,"9MpvHR97FuJo4gsLwNb5xoR0ZKgI4SjpD6yX9wK3zYo=","XF7+6w3ZdG4dkrdZbAxOAZtdZV1tlY7Km4jqFmsFyAs=",
"7dfe2008-a7b4-4c93-bfc7-89b4ec4bbb02","ABBY_067.basePlot.vst","2018-09-28","vst_ABBY_2018","D16","ABBY","ABBY_067",,"NEON.PLA.D16.ABBY.00570","ok","small tree","Live",3.0,145,3.8,,,,,,,,,,,,,"9MpvHR97FuJo4gsLwNb5xoR0ZKgI4SjpD6yX9wK3zYo=","XF7+6w3ZdG4dkrdZbAxOAZtdZV1tlY7Km4jqFmsFyAs=",
"25037b5b-0fca-401e-bc9f-b933aa81e624","ABBY_067.basePlot.vst","2018-09-28","vst_ABBY_2018","D16","ABBY","ABBY_067",,"NEON.PLA.D16.ABBY.00932","ok","single bole tree","Live",13.4,130,9.5,,,,,,,,,,,,,"9MpvHR97FuJo4gsLwNb5xoR0ZKgI4SjpD6yX9wK3zYo=","XF7+6w3ZdG4dkrdZbAxOAZtdZV1tlY7Km4jqFmsFyAs=",
"53e65d27-b002-4a5f-afcd-3433a7b1703a","ABBY_067.basePlot.vst","2018-09-28","vst_ABBY_2018","D16","ABBY","ABBY_067",,"NEON.PLA.D16.ABBY.03369","ok","single bole tree","Live",10.7,135,7.7,,,,,,,,,,,,,"9MpvHR97FuJo4gsLwNb5xoR0ZKgI4SjpD6yX9wK3zYo=","XF7+6w3ZdG4dkrdZbAxOAZtdZV1tlY7Km4jqFmsFyAs=",
"07a3de6f-4973-4844-95fe-13377f81059c","ABBY_067.basePlot.vst","2018-09-28","vst_ABBY_2018","D16","ABBY","ABBY_067",,"NEON.PLA.D16.ABBY.00579","ok","single bole tree","Live",11.4,130,8.0,,,,,,,,,,,,,"9MpvHR97FuJo4gsLwNb5xoR0ZKgI4SjpD6yX9wK3zYo=","XF7+6w3ZdG4dkrdZbAxOAZtdZV1tlY7Km4jqFmsFyAs=",
"e592daba-8bd1-4e64-9ad9-681966f237e1","ABBY_067.basePlot.vst","2018-09-28","vst_ABBY_2018","D16","ABBY","ABBY_067",,"NEON.PLA.D16.ABBY.00551","ok","small tree","Live",3.8,130,4.6,,,,,,,,,,,,,"9MpvHR97FuJo4gsLwNb5xoR0ZKgI4SjpD6yX9wK3zYo=","XF7+6w3ZdG4dkrdZbAxOAZtdZV1tlY7Km4jqFmsFyAs=",
"ca659870-d050-4435-80e6-d41fcd6f26ed","ABBY_067.basePlot.vst","2018-09-28","vst_ABBY_2018","D16","ABBY","ABBY_067",,"NEON.PLA.D16.ABBY.02761","removed",,"No longer qualifies",,,,,,,,,,,,,,,"Does not fall within reduced nested size","9MpvHR97FuJo4gsLwNb5xoR0ZKgI4SjpD6yX9wK3zYo=","XF7+6w3ZdG4dkrdZbAxOAZtdZV1tlY7Km4jqFmsFyAs=",
"de41cbe9-3189-4768-9eb9-81dbc57a4336","ABBY_067.basePlot.vst","2018-09-28","vst_ABBY_2018","D16","ABBY","ABBY_067",,"NEON.PLA.D16.ABBY.03368","ok","single bole tree","Live",10.6,130,7.6,,,,,,,,,,,,,"9MpvHR97FuJo4gsLwNb5xoR0ZKgI4SjpD6yX9wK3zYo=","XF7+6w3ZdG4dkrdZbAxOAZtdZV1tlY7Km4jqFmsFyAs=",
"a0cc680e-16bd-4ca5-b932-6be4d42ace01","ABBY_067.basePlot.vst","2018-09-28","vst_ABBY_2018","D16","ABBY","ABBY_067",,"NEON.PLA.D16.ABBY.03351","ok","single bole tree","Live",10.5,130,9.7,,,,,,,,,,,,,"9MpvHR97FuJo4gsLwNb5xoR0ZKgI4SjpD6yX9wK3zYo=","XF7+6w3ZdG4dkrdZbAxOAZtdZV1tlY7Km4jqFmsFyAs=",
"489a2528-8212-464e-b833-0ca5cc1d8256","ABBY_067.basePlot.vst","2018-09-28","vst_ABBY_2018","D16","ABBY","ABBY_067",,"NEON.PLA.D16.ABBY.00560","ok","small tree","Live",2.6,130,3.7,,,,,,,,,,,,,"9MpvHR97FuJo4gsLwNb5xoR0ZKgI4SjpD6yX9wK3zYo=","XF7+6w3ZdG4dkrdZbAxOAZtdZV1tlY7Km4jqFmsFyAs=",
"44f5c915-7797-4d8f-89e4-184ac675a606","ABBY_067.basePlot.vst","2018-09-28","vst_ABBY_2018","D16","ABBY","ABBY_067",,"NEON.PLA.D16.ABBY.00926","ok","small tree","Live",1.5,130,2.4,,,,,,,,,,,,,"9MpvHR97FuJo4gsLwNb5xoR0ZKgI4SjpD6yX9wK3zYo=","XF7+6w3ZdG4dkrdZbAxOAZtdZV1tlY7Km4jqFmsFyAs=",
"0f486011-1a69-4f57-855a-52dcaa4f70f9","ABBY_067.basePlot.vst","2018-09-28","vst_ABBY_2018","D16","ABBY","ABBY_067",,"NEON.PLA.D16.ABBY.01003","ok","single bole tree","Dead, broken bole",136.6,130,1.9,,,,,,,,,,,,,"9MpvHR97FuJo4gsLwNb5xoR0ZKgI4SjpD6yX9wK3zYo=","XF7+6w3ZdG4dkrdZbAxOAZtdZV1tlY7Km4jqFmsFyAs=",
"1bf5a8df-8948-409c-89be-2c644b7fa231","ABBY_067.basePlot.vst","2018-09-28","vst_ABBY_2018","D16","ABBY","ABBY_067",,"NEON.PLA.D16.ABBY.03350","ok","single bole tree","Live",10.0,130,8.1,,,,,,,,,,,,,"9MpvHR97FuJo4gsLwNb5xoR0ZKgI4SjpD6yX9wK3zYo=","XF7+6w3ZdG4dkrdZbAxOAZtdZV1tlY7Km4jqFmsFyAs=",
"dcff824f-77e1-453b-94e6-978d87fd3c5a","ABBY_067.basePlot.vst","2018-09-28","vst_ABBY_2018","D16","ABBY","ABBY_067",,"NEON.PLA.D16.ABBY.03347","ok","single bole tree","Live",10.4,130,8.8,,,,,,,,,,,,,"9MpvHR97FuJo4gsLwNb5xoR0ZKgI4SjpD6yX9wK3zYo=","XF7+6w3ZdG4dkrdZbAxOAZtdZV1tlY7Km4jqFmsFyAs=",
"ebca72df-bc84-4536-aad7-19bd1b1c6327","ABBY_067.basePlot.vst","2018-09-28","vst_ABBY_2018","D16","ABBY","ABBY_067",,"NEON.PLA.D16.ABBY.00569","ok",,"No longer qualifies",6.1,132,5.7,,,,,,,,,,,,"Reduction in nested size. Will eventually qualify as sbt","9MpvHR97FuJo4gsLwNb5xoR0ZKgI4SjpD6yX9wK3zYo=","XF7+6w3ZdG4dkrdZbAxOAZtdZV1tlY7Km4jqFmsFyAs=",
"8ebfeb5a-86e2-4cf5-8c27-c4ef0abb838f","ABBY_067.basePlot.vst","2018-09-28","vst_ABBY_2018","D16","ABBY","ABBY_067",,"NEON.PLA.D16.ABBY.00580","ok",,"No longer qualifies",2.9,130,3.3,,,,,,,,,,,,"Reduction in nested size. Will eventually qualify as sbt","9MpvHR97FuJo4gsLwNb5xoR0ZKgI4SjpD6yX9wK3zYo=","XF7+6w3ZdG4dkrdZbAxOAZtdZV1tlY7Km4jqFmsFyAs=",
"37fc5643-dfc3-4b45-b9cb-e66d7b92d83f","ABBY_067.basePlot.vst","2018-09-28","vst_ABBY_2018","D16","ABBY","ABBY_067",,"NEON.PLA.D16.ABBY.00568","removed",,"No longer qualifies",,,,,,,,,,,,,,,"Does not fall within reduced nested size","9MpvHR97FuJo4gsLwNb5xoR0ZKgI4SjpD6yX9wK3zYo=","XF7+6w3ZdG4dkrdZbAxOAZtdZV1tlY7Km4jqFmsFyAs=",
"fb54bae5-0297-43e0-afbe-7f3471304473","ABBY_067.basePlot.vst","2018-09-28","vst_ABBY_2018","D16","ABBY","ABBY_067",,"NEON.PLA.D16.ABBY.03099","ok","single bole tree","Live",11.9,130,8.7,,,,,,,,,,,,,"9MpvHR97FuJo4gsLwNb5xoR0ZKgI4SjpD6yX9wK3zYo=","XF7+6w3ZdG4dkrdZbAxOAZtdZV1tlY7Km4jqFmsFyAs=",
"1b0fa388-b385-484b-99b6-8a1ffc43f22b","ABBY_067.basePlot.vst","2018-09-28","vst_ABBY_2018","D16","ABBY","ABBY_067",,"NEON.PLA.D16.ABBY.02762","ok","single bole tree","Live",12.0,130,8.6,,,,,,,,,,,,,"9MpvHR97FuJo4gsLwNb5xoR0ZKgI4SjpD6yX9wK3zYo=","XF7+6w3ZdG4dkrdZbAxOAZtdZV1tlY7Km4jqFmsFyAs=",
"c4da7320-13b1-4c84-a6ed-eec526cc9e2f","ABBY_067.basePlot.vst","2018-09-28","vst_ABBY_2018","D16","ABBY","ABBY_067",,"NEON.PLA.D16.ABBY.00563","ok",,"No longer qualifies",,,,,,,,,,,,,,,"Reduction in nested size. Will eventually qualify as sbt","9MpvHR97FuJo4gsLwNb5xoR0ZKgI4SjpD6yX9wK3zYo=","XF7+6w3ZdG4dkrdZbAxOAZtdZV1tlY7Km4jqFmsFyAs=",
"061963ab-2ab3-4af3-8ce1-82babe718ee6","ABBY_067.basePlot.vst","2018-09-28","vst_ABBY_2018","D16","ABBY","ABBY_067",,"NEON.PLA.D16.ABBY.00572","ok","sapling","Live",,,1.9,,,,,,,,1.7,10,,,,"9MpvHR97FuJo4gsLwNb5xoR0ZKgI4SjpD6yX9wK3zYo=","XF7+6w3ZdG4dkrdZbAxOAZtdZV1tlY7Km4jqFmsFyAs=",
