uid,namedLocation,domainID,siteID,plotID,plotType,nlcdClass,decimalLatitude,decimalLongitude,geodeticDatum,coordinateUncertainty,elevation,elevationUncertainty,collectDate,eventID,sampleID,sampleCode,samplingMethod,totalSampledArea,targetTaxaPresent,adultCount,nymphCount,larvaCount,sampleCondition,samplingProtocolVersion,measuredBy,remarks
"01e547da-5607-47d7-a1eb-d4a8ee126193","JORN_005.tickPlot.tck","D14","JORN","JORN_005","distributed","shrubScrub",32.575619,-106.801784,"WGS84",20.1,1324.8,0.2,"2017-03-28T13:24Z","JORN.2017.13",,,"drag",160,"N",0,0,0,"No known compromise","NEON.DOC.014045vG","8kAlT+/vSa9q7/GM9xY+YPbyOrb3TInIfNy1E/GlWxA=","Added 8 meters to transect."
"4bfee239-e040-489c-a851-18f9358f9c91","JORN_004.tickPlot.tck","D14","JORN","JORN_004","distributed","shrubScrub",32.629997,-106.859194,"WGS84",20.1,1332.6,0.1,"2017-03-28T15:33Z","JORN.2017.13",,,"drag",160,"N",0,0,0,"No known compromise","NEON.DOC.014045vG","VQn8uQmhaifCxouXLnn4nZchiaufAI9s3SYL72cwuW8=","Added 9 meters"
"85c32566-1aec-423d-9688-e184ff31b9be","JORN_001.tickPlot.tck","D14","JORN","JORN_001","distributed","shrubScrub",32.603710,-106.801348,"WGS84",20.1,1323.4,0.1,"2017-03-29T14:45Z","JORN.2017.13",,,"drag and flag",160,"N",0,0,0,"No known compromise","NEON.DOC.014045vG","8kAlT+/vSa9q7/GM9xY+YPbyOrb3TInIfNy1E/GlWxA=","Added 13 m to transect"
"66bb2484-9cf8-4627-ad57-f7cde9137de5","JORN_003.tickPlot.tck","D14","JORN","JORN_003","distributed","shrubScrub",32.599768,-106.839372,"WGS84",20.1,1321.1,0.1,"2017-03-29T17:38Z","JORN.2017.13",,,"drag",160,"N",0,0,0,"No known compromise","NEON.DOC.014045vG","VQn8uQmhaifCxouXLnn4nZchiaufAI9s3SYL72cwuW8=","Added 2 meters"
"782e15e8-b93c-4c86-b64a-34d9c0d57ef5","JORN_002.tickPlot.tck","D14","JORN","JORN_002","distributed","shrubScrub",32.612341,-106.827225,"WGS84",20.1,1328.9,0.1,"2017-03-29T19:08Z","JORN.2017.13",,,"drag and flag",179,"N",0,0,0,"No known compromise","NEON.DOC.014045vG","HSLHxoHyU+OUsiFMGmLLQtrjXj9jFn9P",
