uid,namedLocation,domainID,siteID,plotID,plotType,nlcdClass,decimalLatitude,decimalLongitude,geodeticDatum,coordinateUncertainty,elevation,elevationUncertainty,collectDate,eventID,sampleID,sampleCode,samplingMethod,totalSampledArea,targetTaxaPresent,adultCount,nymphCount,larvaCount,sampleCondition,samplingProtocolVersion,measuredBy,remarks
"d0ac923f-c4a7-4d93-b803-8aed7c30d3f0","STER_006.tickPlot.tck","D10","STER","STER_006","distributed","cultivatedCrops",40.465644,-103.032824,"WGS84",20.1,1361.1,0.1,"2018-05-16T16:50Z","STER.2018.20",,,"drag",160,"N",0,0,0,,"NEON.DOC.014045vJ","9piKDJvWVkAkhVxhhD7ruNlPpYfDpREJt4a2qexS0mE=",
"9459445b-115d-44bd-a94f-c0b7a869e865","STER_033.tickPlot.tck","D10","STER","STER_033","distributed","cultivatedCrops",40.476290,-103.010114,"WGS84",20.2,1355.1,0.2,"2018-05-16T17:37Z","STER.2018.20",,,"drag",160,"N",0,0,0,,"NEON.DOC.014045vJ","ufHJAbfzMfx10DV1PRIUIKYPZTMI5iGzg3KtGl4bfKs=",
"41565574-2e98-4ce0-b43e-b1f23b023501","STER_029.tickPlot.tck","D10","STER","STER_029","distributed","cultivatedCrops",40.469400,-103.010366,"WGS84",20.2,1352.6,0.3,"2018-05-16T18:25Z","STER.2018.20",,,"drag",160,"N",0,0,0,,"NEON.DOC.014045vJ","9piKDJvWVkAkhVxhhD7ruNlPpYfDpREJt4a2qexS0mE=",
"bf316ca4-f55e-4d72-bcf6-0170028a2e58","STER_028.tickPlot.tck","D10","STER","STER_028","distributed","cultivatedCrops",40.472367,-103.017002,"WGS84",20.2,1358.2,0.3,"2018-05-16T19:03Z","STER.2018.20",,,"drag",160,"N",0,0,0,,"NEON.DOC.014045vJ","8alDxpDDDZ+55ipDCk22As4pqol4Vv75r3VtDdkrmj4=",
"3a0e6783-dab4-49e1-9e37-2461f4ffc0eb","STER_026.tickPlot.tck","D10","STER","STER_026","distributed","cultivatedCrops",40.474857,-103.022558,"WGS84",20.2,1358.2,0.2,"2018-05-16T19:32Z","STER.2018.20",,,"drag",160,"N",0,0,0,,"NEON.DOC.014045vJ","ufHJAbfzMfx10DV1PRIUIKYPZTMI5iGzg3KtGl4bfKs=",
"919ed592-101e-4352-aa07-35ff05e40f0d","STER_027.tickPlot.tck","D10","STER","STER_027","distributed","cultivatedCrops",40.480002,-103.017416,"WGS84",20.2,1365.6,0.2,"2018-05-16T20:05Z","STER.2018.20",,,"drag",154,"N",0,0,0,,"NEON.DOC.014045vJ","ufHJAbfzMfx10DV1PRIUIKYPZTMI5iGzg3KtGl4bfKs=","Electric fence in part of plot. Picked up cloth to avoid."
