uid,namedLocation,date,eventID,domainID,siteID,plotID,subplotID,individualID,tagStatus,growthForm,plantStatus,stemDiameter,measurementHeight,height,baseCrownHeight,breakHeight,breakDiameter,maxCrownDiameter,ninetyCrownDiameter,canopyPosition,shape,basalStemDiameter,basalStemDiameterMsrmntHeight,maxBaseCrownDiameter,ninetyBaseCrownDiameter,remarks,recordedBy,measuredBy,dataQF
"9f3a9f8e-8228-42e9-aea7-f4e1a6fc76a4","PUUM_033.basePlot.vst","2018-08-02","vst_PUUM_2018","D20","PUUM","PUUM_033",,"NEON.PLA.D20.PUUM.01459","ok","small shrub","Live",,,0.4,,,,2.0,1.0,,"half-sphere",1.5,10,,,,"T+PBpFGEtzlBTPAlO04Zc0fAMPhuORWv4Zdy90mvmEg=","T+PBpFGEtzlBTPAlO04Zc0fAMPhuORWv4Zdy90mvmEg=",
"96fb1502-25a7-4762-8c37-9f3a08148028","PUUM_033.basePlot.vst","2018-08-02","vst_PUUM_2018","D20","PUUM","PUUM_033",,"NEON.PLA.D20.PUUM.01521","ok","single bole tree","Live",10.3,130,6.6,,,,,,,,,,,,,"MIoR17qV3BCnvDxU3XXCygMEFhOfLS6wX42abqRG93A=","7b09tKNMSr/wOeeCXM11rXP6e8wTwK5T0tBo3Wt2uFY=",
"7c291685-0a75-4e35-9afd-e84851fea87e","PUUM_033.basePlot.vst","2018-08-02","vst_PUUM_2018","D20","PUUM","PUUM_033",,"NEON.PLA.D20.PUUM.01462","ok","sapling","Live",,,0.2,,,,,,,,6.2,10,,,,"T+PBpFGEtzlBTPAlO04Zc0fAMPhuORWv4Zdy90mvmEg=","T+PBpFGEtzlBTPAlO04Zc0fAMPhuORWv4Zdy90mvmEg=",
"c8f00c27-3267-4b8e-b564-93391c81b51f","PUUM_033.basePlot.vst","2018-08-02","vst_PUUM_2018","D20","PUUM","PUUM_033",,"NEON.PLA.D20.PUUM.01455","ok","small shrub","Live",,,2.0,,,,1.0,0.5,,"cylinder",1.2,10,,,,"T+PBpFGEtzlBTPAlO04Zc0fAMPhuORWv4Zdy90mvmEg=","T+PBpFGEtzlBTPAlO04Zc0fAMPhuORWv4Zdy90mvmEg=",
"ef35f70d-0163-4dbe-aace-c3ebced6de29","PUUM_033.basePlot.vst","2018-08-02","vst_PUUM_2018","D20","PUUM","PUUM_033",,"NEON.PLA.D20.PUUM.01463","ok","small shrub","Live",,,1.2,,,,0.3,0.2,,"cylinder",1.1,10,,,,"T+PBpFGEtzlBTPAlO04Zc0fAMPhuORWv4Zdy90mvmEg=","T+PBpFGEtzlBTPAlO04Zc0fAMPhuORWv4Zdy90mvmEg=",
"9025ac9a-f9f6-4dc1-ba0d-84d21d57fdba","PUUM_033.basePlot.vst","2018-08-02","vst_PUUM_2018","D20","PUUM","PUUM_033",,"NEON.PLA.D20.PUUM.01456","ok","small shrub","Live",,,2.0,,,,0.6,0.6,,"oblate half-sphere",2.1,10,,,,"T+PBpFGEtzlBTPAlO04Zc0fAMPhuORWv4Zdy90mvmEg=","T+PBpFGEtzlBTPAlO04Zc0fAMPhuORWv4Zdy90mvmEg=",
"4d942c11-88bc-4e80-a0fd-e19a489ca517","PUUM_033.basePlot.vst","2018-08-02","vst_PUUM_2018","D20","PUUM","PUUM_033",,"NEON.PLA.D20.PUUM.01458","ok","sapling","Live",,,1.5,,,,,,,,5.8,10,,,,"T+PBpFGEtzlBTPAlO04Zc0fAMPhuORWv4Zdy90mvmEg=","T+PBpFGEtzlBTPAlO04Zc0fAMPhuORWv4Zdy90mvmEg=",
"c340f7e9-6430-4ca4-b2bb-8021c6013438","PUUM_033.basePlot.vst","2018-08-02","vst_PUUM_2018","D20","PUUM","PUUM_033",,"NEON.PLA.D20.PUUM.01451","ok","sapling","Live",,,1.4,,,,,,,,3.2,10,,,,"T+PBpFGEtzlBTPAlO04Zc0fAMPhuORWv4Zdy90mvmEg=","T+PBpFGEtzlBTPAlO04Zc0fAMPhuORWv4Zdy90mvmEg=",
"5231b0c6-cb0d-4376-b788-65d8a1067fe6","PUUM_033.basePlot.vst","2018-08-02","vst_PUUM_2018","D20","PUUM","PUUM_033",,"NEON.PLA.D20.PUUM.01454","ok","small shrub","Live",,,0.6,,,,2.0,0.5,,"oblate half-sphere",1.5,10,,,,"T+PBpFGEtzlBTPAlO04Zc0fAMPhuORWv4Zdy90mvmEg=","T+PBpFGEtzlBTPAlO04Zc0fAMPhuORWv4Zdy90mvmEg=",
"3a35c0ae-ef8e-498e-a335-3df250378612","PUUM_033.basePlot.vst","2018-08-02","vst_PUUM_2018","D20","PUUM","PUUM_033",,"NEON.PLA.D20.PUUM.01415","ok","sapling","Live",,,1.1,,,,,,,,1.3,10,,,,"T+PBpFGEtzlBTPAlO04Zc0fAMPhuORWv4Zdy90mvmEg=","T+PBpFGEtzlBTPAlO04Zc0fAMPhuORWv4Zdy90mvmEg=",
"aabea2fb-54bf-4f90-b7f5-2ee36a5c43f2","PUUM_033.basePlot.vst","2018-08-02","vst_PUUM_2018","D20","PUUM","PUUM_033",,"NEON.PLA.D20.PUUM.01416","ok","small shrub","Live",,,1.0,,,,0.6,0.4,,"cylinder",1.1,10,,,,"T+PBpFGEtzlBTPAlO04Zc0fAMPhuORWv4Zdy90mvmEg=","T+PBpFGEtzlBTPAlO04Zc0fAMPhuORWv4Zdy90mvmEg=",
"c01536c8-a1b6-4324-a7f1-7cd03a570555","PUUM_033.basePlot.vst","2018-08-02","vst_PUUM_2018","D20","PUUM","PUUM_033",,"NEON.PLA.D20.PUUM.01461","ok","small shrub","Live",,,1.7,,,,1.1,0.6,,"inverted cone",1.4,10,0.20,0.20,,"T+PBpFGEtzlBTPAlO04Zc0fAMPhuORWv4Zdy90mvmEg=","T+PBpFGEtzlBTPAlO04Zc0fAMPhuORWv4Zdy90mvmEg=",
"e1251625-d128-4ad8-8a33-1be373a41737","PUUM_033.basePlot.vst","2018-08-02","vst_PUUM_2018","D20","PUUM","PUUM_033",,"NEON.PLA.D20.PUUM.01460","ok","sapling","Live",,,1.4,,,,,,,,4.2,10,,,,"T+PBpFGEtzlBTPAlO04Zc0fAMPhuORWv4Zdy90mvmEg=","T+PBpFGEtzlBTPAlO04Zc0fAMPhuORWv4Zdy90mvmEg=",
"e8b8f863-75a6-42ab-8d02-43469e8acb9f","PUUM_033.basePlot.vst","2018-08-02","vst_PUUM_2018","D20","PUUM","PUUM_033",,"NEON.PLA.D20.PUUM.01455","ok","small shrub","Live",,,2.0,,,,1.0,0.5,,"cylinder",1.4,10,,,,"T+PBpFGEtzlBTPAlO04Zc0fAMPhuORWv4Zdy90mvmEg=","T+PBpFGEtzlBTPAlO04Zc0fAMPhuORWv4Zdy90mvmEg=",
"f2e1a658-2b24-435a-8a1c-550f78e5eed2","PUUM_033.basePlot.vst","2018-08-02","vst_PUUM_2018","D20","PUUM","PUUM_033",,"NEON.PLA.D20.PUUM.01415","ok","sapling","Live",,,1.1,,,,,,,,1.2,10,,,,"T+PBpFGEtzlBTPAlO04Zc0fAMPhuORWv4Zdy90mvmEg=","T+PBpFGEtzlBTPAlO04Zc0fAMPhuORWv4Zdy90mvmEg=",
"afd67dee-45fe-4817-b7b3-6a963dd3f2ab","PUUM_033.basePlot.vst","2018-08-02","vst_PUUM_2018","D20","PUUM","PUUM_033",,"NEON.PLA.D20.PUUM.01453","ok","small shrub","Live",,,1.0,,,,1.1,0.3,,"oblate half-sphere",1.1,10,,,,"T+PBpFGEtzlBTPAlO04Zc0fAMPhuORWv4Zdy90mvmEg=","T+PBpFGEtzlBTPAlO04Zc0fAMPhuORWv4Zdy90mvmEg=",
"c7343d19-679d-4320-bcab-27a36c2b0396","PUUM_033.basePlot.vst","2018-08-02","vst_PUUM_2018","D20","PUUM","PUUM_033",,"NEON.PLA.D20.PUUM.01415","ok","sapling","Live",,,1.1,,,,,,,,1.2,10,,,,"T+PBpFGEtzlBTPAlO04Zc0fAMPhuORWv4Zdy90mvmEg=","T+PBpFGEtzlBTPAlO04Zc0fAMPhuORWv4Zdy90mvmEg=",
"7717771f-5616-4dd6-bacf-57d9a13d7b2f","PUUM_033.basePlot.vst","2018-08-02","vst_PUUM_2018","D20","PUUM","PUUM_033",,"NEON.PLA.D20.PUUM.01461","ok","small shrub","Live",,,1.7,,,,1.1,0.6,,"inverted cone",1.7,10,0.20,0.20,,"T+PBpFGEtzlBTPAlO04Zc0fAMPhuORWv4Zdy90mvmEg=","T+PBpFGEtzlBTPAlO04Zc0fAMPhuORWv4Zdy90mvmEg=",
"b5ee78c4-9ac4-4ff2-a596-09711775cca0","PUUM_033.basePlot.vst","2018-08-02","vst_PUUM_2018","D20","PUUM","PUUM_033",,"NEON.PLA.D20.PUUM.01461","ok","small shrub","Live",,,1.7,,,,1.1,0.6,,"inverted cone",1.4,10,0.20,0.20,,"T+PBpFGEtzlBTPAlO04Zc0fAMPhuORWv4Zdy90mvmEg=","T+PBpFGEtzlBTPAlO04Zc0fAMPhuORWv4Zdy90mvmEg=",
"4e07b365-abc8-4d0d-bceb-a45e274417d0","PUUM_033.basePlot.vst","2018-08-02","vst_PUUM_2018","D20","PUUM","PUUM_033",,"NEON.PLA.D20.PUUM.01417","ok","small shrub","Live",,,2.0,,,,1.1,1.1,,"inverted cone",6.4,10,0.10,0.10,,"T+PBpFGEtzlBTPAlO04Zc0fAMPhuORWv4Zdy90mvmEg=","T+PBpFGEtzlBTPAlO04Zc0fAMPhuORWv4Zdy90mvmEg=",
"a3dffd9e-0d0f-4e39-8e8a-deef4445391f","PUUM_033.basePlot.vst","2018-08-02","vst_PUUM_2018","D20","PUUM","PUUM_033",,"NEON.PLA.D20.PUUM.01414","ok","sapling","Live",,,1.0,,,,,,,,1.6,10,,,,"T+PBpFGEtzlBTPAlO04Zc0fAMPhuORWv4Zdy90mvmEg=","T+PBpFGEtzlBTPAlO04Zc0fAMPhuORWv4Zdy90mvmEg=",
"f36b388a-a65f-456f-b079-879644d9d210","PUUM_033.basePlot.vst","2018-08-02","vst_PUUM_2018","D20","PUUM","PUUM_033",,"NEON.PLA.D20.PUUM.01412","ok","small shrub","Live",,,1.8,,,,0.6,0.5,,"cylinder",1.0,10,,,,"T+PBpFGEtzlBTPAlO04Zc0fAMPhuORWv4Zdy90mvmEg=","T+PBpFGEtzlBTPAlO04Zc0fAMPhuORWv4Zdy90mvmEg=",
"91ed8671-0065-417e-a656-f79c3aa8af11","PUUM_033.basePlot.vst","2018-08-02","vst_PUUM_2018","D20","PUUM","PUUM_033",,"NEON.PLA.D20.PUUM.01452","ok","sapling","Live",,,1.6,,,,,,,,3.5,20,,,,"T+PBpFGEtzlBTPAlO04Zc0fAMPhuORWv4Zdy90mvmEg=","T+PBpFGEtzlBTPAlO04Zc0fAMPhuORWv4Zdy90mvmEg=",
"b1b69069-a1d9-4071-89ad-2c01f918bc30","PUUM_033.basePlot.vst","2018-08-02","vst_PUUM_2018","D20","PUUM","PUUM_033",,"NEON.PLA.D20.PUUM.01413","ok","small tree","Live",8.0,130,5.3,,,,,,,,,,,,,"T+PBpFGEtzlBTPAlO04Zc0fAMPhuORWv4Zdy90mvmEg=","T+PBpFGEtzlBTPAlO04Zc0fAMPhuORWv4Zdy90mvmEg=",
"2b447a60-f4ba-455b-af94-0abae1b59609","PUUM_033.basePlot.vst","2018-08-02","vst_PUUM_2018","D20","PUUM","PUUM_033",,"NEON.PLA.D20.PUUM.01411","ok","small tree","Live",2.6,130,2.0,,,,,,,,,,,,,"T+PBpFGEtzlBTPAlO04Zc0fAMPhuORWv4Zdy90mvmEg=","T+PBpFGEtzlBTPAlO04Zc0fAMPhuORWv4Zdy90mvmEg=",
"b2774ec8-7646-47e3-be4c-83d1ae4ca966","PUUM_033.basePlot.vst","2018-08-02","vst_PUUM_2018","D20","PUUM","PUUM_033",,"NEON.PLA.D20.PUUM.01516B","ok","multi-bole tree","Live",9.9,130,5.5,,,,,,,,,,,,,"MIoR17qV3BCnvDxU3XXCygMEFhOfLS6wX42abqRG93A=","7b09tKNMSr/wOeeCXM11rXP6e8wTwK5T0tBo3Wt2uFY=",
"da5d4b96-0451-4c30-8498-e3626c4d272d","PUUM_033.basePlot.vst","2018-08-02","vst_PUUM_2018","D20","PUUM","PUUM_033",,"NEON.PLA.D20.PUUM.01509","ok","single bole tree","Live",15.0,125,6.5,,,,,,,,,,,,,"MIoR17qV3BCnvDxU3XXCygMEFhOfLS6wX42abqRG93A=","7b09tKNMSr/wOeeCXM11rXP6e8wTwK5T0tBo3Wt2uFY=",
"0f01476a-43ec-419e-b177-a5d0e548b7f0","PUUM_033.basePlot.vst","2018-08-02","vst_PUUM_2018","D20","PUUM","PUUM_033",,"NEON.PLA.D20.PUUM.01514B","ok","multi-bole tree","Live",9.4,130,5.0,,,,,,,,,,,,,"MIoR17qV3BCnvDxU3XXCygMEFhOfLS6wX42abqRG93A=","7b09tKNMSr/wOeeCXM11rXP6e8wTwK5T0tBo3Wt2uFY=",
"7e30e42c-d2ed-4cde-92ac-e24b97c1dca4","PUUM_033.basePlot.vst","2018-08-02","vst_PUUM_2018","D20","PUUM","PUUM_033",,"NEON.PLA.D20.PUUM.01523","ok","small tree","Live, broken bole",9.6,120,4.7,,0.1,,,,,,,,,,,"MIoR17qV3BCnvDxU3XXCygMEFhOfLS6wX42abqRG93A=","7b09tKNMSr/wOeeCXM11rXP6e8wTwK5T0tBo3Wt2uFY=",
"f1a73efc-6ddd-4b14-a18a-c7eed3b62433","PUUM_033.basePlot.vst","2018-08-02","vst_PUUM_2018","D20","PUUM","PUUM_033",,"NEON.PLA.D20.PUUM.01515A","ok","multi-bole tree","Live",10.9,130,5.9,,,,,,,,,,,,,"MIoR17qV3BCnvDxU3XXCygMEFhOfLS6wX42abqRG93A=","7b09tKNMSr/wOeeCXM11rXP6e8wTwK5T0tBo3Wt2uFY=",
"42f954a3-d134-4a81-bdc2-39a0d6a5aa00","PUUM_033.basePlot.vst","2018-08-02","vst_PUUM_2018","D20","PUUM","PUUM_033",,"NEON.PLA.D20.PUUM.01502","ok","single bole tree","Live",11.9,130,6.5,,,,,,,,,,,,,"MIoR17qV3BCnvDxU3XXCygMEFhOfLS6wX42abqRG93A=","7b09tKNMSr/wOeeCXM11rXP6e8wTwK5T0tBo3Wt2uFY=",
"2da80920-11e7-44bf-95fa-097b22082727","PUUM_033.basePlot.vst","2018-08-02","vst_PUUM_2018","D20","PUUM","PUUM_033",,"NEON.PLA.D20.PUUM.01518","ok","single bole tree","Live",10.8,130,7.8,,,,,,,,,,,,,"MIoR17qV3BCnvDxU3XXCygMEFhOfLS6wX42abqRG93A=","7b09tKNMSr/wOeeCXM11rXP6e8wTwK5T0tBo3Wt2uFY=",
"ff040680-f288-407f-b709-2532cda67284","PUUM_033.basePlot.vst","2018-08-02","vst_PUUM_2018","D20","PUUM","PUUM_033",,"NEON.PLA.D20.PUUM.01505","ok","single bole tree","Live",13.3,130,5.4,,,,,,,,,,,,,"MIoR17qV3BCnvDxU3XXCygMEFhOfLS6wX42abqRG93A=","7b09tKNMSr/wOeeCXM11rXP6e8wTwK5T0tBo3Wt2uFY=",
"1d9b9eee-7ad7-4f56-a029-e6cd920a2fd8","PUUM_033.basePlot.vst","2018-08-02","vst_PUUM_2018","D20","PUUM","PUUM_033",,"NEON.PLA.D20.PUUM.01514","ok","multi-bole tree","Live",13.4,130,5.0,,,,,,,,,,,,,"MIoR17qV3BCnvDxU3XXCygMEFhOfLS6wX42abqRG93A=","7b09tKNMSr/wOeeCXM11rXP6e8wTwK5T0tBo3Wt2uFY=",
"d4852165-65cf-42a4-9cf1-272afbb86ae6","PUUM_033.basePlot.vst","2018-08-02","vst_PUUM_2018","D20","PUUM","PUUM_033",,"NEON.PLA.D20.PUUM.01520","ok","single bole tree","Live",10.9,130,5.0,,,,,,,,,,,,,"MIoR17qV3BCnvDxU3XXCygMEFhOfLS6wX42abqRG93A=","7b09tKNMSr/wOeeCXM11rXP6e8wTwK5T0tBo3Wt2uFY=",
"45dc31a9-cffa-49b3-b606-80c6cf1f9981","PUUM_033.basePlot.vst","2018-08-02","vst_PUUM_2018","D20","PUUM","PUUM_033",,"NEON.PLA.D20.PUUM.01516A","ok","multi-bole tree","Live",10.8,130,5.5,,,,,,,,,,,,,"MIoR17qV3BCnvDxU3XXCygMEFhOfLS6wX42abqRG93A=","7b09tKNMSr/wOeeCXM11rXP6e8wTwK5T0tBo3Wt2uFY=",
"fcc97aee-d9ae-4d72-9f23-4a5447f8e223","PUUM_033.basePlot.vst","2018-08-02","vst_PUUM_2018","D20","PUUM","PUUM_033",,"NEON.PLA.D20.PUUM.01519","ok","single bole tree","Live",19.0,130,8.6,,,,,,,,,,,,,"MIoR17qV3BCnvDxU3XXCygMEFhOfLS6wX42abqRG93A=","7b09tKNMSr/wOeeCXM11rXP6e8wTwK5T0tBo3Wt2uFY=",
"7f4024f1-4972-45b9-b2d4-a3ad4b86de44","PUUM_033.basePlot.vst","2018-08-02","vst_PUUM_2018","D20","PUUM","PUUM_033",,"NEON.PLA.D20.PUUM.01508A","ok","multi-bole tree","Live",7.2,130,7.2,,,,,,,,,,,,,"MIoR17qV3BCnvDxU3XXCygMEFhOfLS6wX42abqRG93A=","7b09tKNMSr/wOeeCXM11rXP6e8wTwK5T0tBo3Wt2uFY=",
"b2287bcd-b190-4bbf-b44b-fe156c42e468","PUUM_033.basePlot.vst","2018-08-02","vst_PUUM_2018","D20","PUUM","PUUM_033",,"NEON.PLA.D20.PUUM.01508","ok","multi-bole tree","Live",11.2,130,7.2,,,,,,,,,,,,,"MIoR17qV3BCnvDxU3XXCygMEFhOfLS6wX42abqRG93A=","7b09tKNMSr/wOeeCXM11rXP6e8wTwK5T0tBo3Wt2uFY=",
"9f930d5c-c4d9-46e8-a704-0246549b86c8","PUUM_033.basePlot.vst","2018-08-02","vst_PUUM_2018","D20","PUUM","PUUM_033",,"NEON.PLA.D20.PUUM.01507","ok","single bole tree","Live",12.5,130,7.6,,,,,,,,,,,,,"MIoR17qV3BCnvDxU3XXCygMEFhOfLS6wX42abqRG93A=","7b09tKNMSr/wOeeCXM11rXP6e8wTwK5T0tBo3Wt2uFY=",
"904d7944-6b1f-47d1-9dba-32e029d7c08c","PUUM_033.basePlot.vst","2018-08-02","vst_PUUM_2018","D20","PUUM","PUUM_033",,"NEON.PLA.D20.PUUM.01517","ok","single bole tree","Live",16.3,130,8.9,,,,,,,,,,,,,"MIoR17qV3BCnvDxU3XXCygMEFhOfLS6wX42abqRG93A=","7b09tKNMSr/wOeeCXM11rXP6e8wTwK5T0tBo3Wt2uFY=",
"07100d09-bf59-4316-a16e-bfbd85413c3c","PUUM_033.basePlot.vst","2018-08-02","vst_PUUM_2018","D20","PUUM","PUUM_033",,"NEON.PLA.D20.PUUM.01524A","ok","multi-bole tree","Live",9.0,110,6.0,,,,,,,,,,,,,"MIoR17qV3BCnvDxU3XXCygMEFhOfLS6wX42abqRG93A=","7b09tKNMSr/wOeeCXM11rXP6e8wTwK5T0tBo3Wt2uFY=",
"c1dbedb1-8cdb-4eab-9f48-db25be61577c","PUUM_033.basePlot.vst","2018-08-02","vst_PUUM_2018","D20","PUUM","PUUM_033",,"NEON.PLA.D20.PUUM.01504","ok","single bole tree","Live",13.9,130,5.4,,,,,,,,,,,,,"MIoR17qV3BCnvDxU3XXCygMEFhOfLS6wX42abqRG93A=","7b09tKNMSr/wOeeCXM11rXP6e8wTwK5T0tBo3Wt2uFY=",
"106bfa37-7379-4856-b218-132e516d6238","PUUM_033.basePlot.vst","2018-08-02","vst_PUUM_2018","D20","PUUM","PUUM_033",,"NEON.PLA.D20.PUUM.01501","ok","single bole tree","Live",10.2,130,6.7,,,,,,,,,,,,,"MIoR17qV3BCnvDxU3XXCygMEFhOfLS6wX42abqRG93A=","7b09tKNMSr/wOeeCXM11rXP6e8wTwK5T0tBo3Wt2uFY=",
"d0ba79ab-3c5b-4ef2-87d7-06ef1757cbb4","PUUM_033.basePlot.vst","2018-08-02","vst_PUUM_2018","D20","PUUM","PUUM_033",,"NEON.PLA.D20.PUUM.01514A","ok","multi-bole tree","Live",9.7,130,5.0,,,,,,,,,,,,,"MIoR17qV3BCnvDxU3XXCygMEFhOfLS6wX42abqRG93A=","7b09tKNMSr/wOeeCXM11rXP6e8wTwK5T0tBo3Wt2uFY=",
"6b34e05a-1906-4f4b-99e5-36c6e492a408","PUUM_033.basePlot.vst","2018-08-02","vst_PUUM_2018","D20","PUUM","PUUM_033",,"NEON.PLA.D20.PUUM.01512","ok","single bole tree","Live, broken bole",11.6,130,4.3,,0.1,,,,,,,,,,,"MIoR17qV3BCnvDxU3XXCygMEFhOfLS6wX42abqRG93A=","7b09tKNMSr/wOeeCXM11rXP6e8wTwK5T0tBo3Wt2uFY=",
"e4cac7c9-6a25-416d-b7f8-5a11bf896353","PUUM_033.basePlot.vst","2018-08-02","vst_PUUM_2018","D20","PUUM","PUUM_033",,"NEON.PLA.D20.PUUM.01511","ok","single bole tree","Live",12.8,130,9.5,,,,,,,,,,,,,"MIoR17qV3BCnvDxU3XXCygMEFhOfLS6wX42abqRG93A=","7b09tKNMSr/wOeeCXM11rXP6e8wTwK5T0tBo3Wt2uFY=",
"4b2b4adc-83c9-49a7-ac76-d065708af2b2","PUUM_033.basePlot.vst","2018-08-02","vst_PUUM_2018","D20","PUUM","PUUM_033",,"NEON.PLA.D20.PUUM.01515","ok","multi-bole tree","Live",12.6,130,6.2,,,,,,,,,,,,,"MIoR17qV3BCnvDxU3XXCygMEFhOfLS6wX42abqRG93A=","7b09tKNMSr/wOeeCXM11rXP6e8wTwK5T0tBo3Wt2uFY=",
"ec794c8d-b61f-4368-82b3-83a3124fff60","PUUM_033.basePlot.vst","2018-08-02","vst_PUUM_2018","D20","PUUM","PUUM_033",,"NEON.PLA.D20.PUUM.01513","ok","single bole tree","Live",13.0,130,6.6,,,,,,,,,,,,,"MIoR17qV3BCnvDxU3XXCygMEFhOfLS6wX42abqRG93A=","7b09tKNMSr/wOeeCXM11rXP6e8wTwK5T0tBo3Wt2uFY=",
"73bee769-b731-4286-8601-4dadfb9296ab","PUUM_033.basePlot.vst","2018-08-02","vst_PUUM_2018","D20","PUUM","PUUM_033",,"NEON.PLA.D20.PUUM.01503","ok","single bole tree","Live",11.9,130,6.9,,,,,,,,,,,,,"MIoR17qV3BCnvDxU3XXCygMEFhOfLS6wX42abqRG93A=","7b09tKNMSr/wOeeCXM11rXP6e8wTwK5T0tBo3Wt2uFY=",
"5f94ee07-5c59-4768-811c-3a856baaffcc","PUUM_033.basePlot.vst","2018-08-02","vst_PUUM_2018","D20","PUUM","PUUM_033",,"NEON.PLA.D20.PUUM.01524","ok","multi-bole tree","Live",13.1,130,6.0,,,,,,,,,,,,,"MIoR17qV3BCnvDxU3XXCygMEFhOfLS6wX42abqRG93A=","7b09tKNMSr/wOeeCXM11rXP6e8wTwK5T0tBo3Wt2uFY=",
"92cfc69c-7a7d-49fa-8809-fd676bfa91c5","PUUM_033.basePlot.vst","2018-08-02","vst_PUUM_2018","D20","PUUM","PUUM_033",,"NEON.PLA.D20.PUUM.01516","ok","multi-bole tree","Live",11.0,130,5.5,,,,,,,,,,,,,"MIoR17qV3BCnvDxU3XXCygMEFhOfLS6wX42abqRG93A=","7b09tKNMSr/wOeeCXM11rXP6e8wTwK5T0tBo3Wt2uFY=",
"3592b620-f7c8-4168-8af6-ebbc4ea37a18","PUUM_033.basePlot.vst","2018-08-02","vst_PUUM_2018","D20","PUUM","PUUM_033",,"NEON.PLA.D20.PUUM.01510","ok","single bole tree","Live",14.6,120,5.8,,,,,,,,,,,,,"MIoR17qV3BCnvDxU3XXCygMEFhOfLS6wX42abqRG93A=","7b09tKNMSr/wOeeCXM11rXP6e8wTwK5T0tBo3Wt2uFY=",
"e7615896-11ca-4b47-90c4-34cdee8341eb","PUUM_033.basePlot.vst","2018-08-02","vst_PUUM_2018","D20","PUUM","PUUM_033",,"NEON.PLA.D20.PUUM.01522","ok","single bole tree","Live",16.2,130,11.1,,,,,,,,,,,,,"MIoR17qV3BCnvDxU3XXCygMEFhOfLS6wX42abqRG93A=","7b09tKNMSr/wOeeCXM11rXP6e8wTwK5T0tBo3Wt2uFY=",
"12a33a96-8adc-4d4e-8947-e90e0fbb3909","PUUM_033.basePlot.vst","2018-08-02","vst_PUUM_2018","D20","PUUM","PUUM_033",,"NEON.PLA.D20.PUUM.01506","ok","single bole tree","Live",10.5,130,6.0,,,,,,,,,,,,,"MIoR17qV3BCnvDxU3XXCygMEFhOfLS6wX42abqRG93A=","7b09tKNMSr/wOeeCXM11rXP6e8wTwK5T0tBo3Wt2uFY=",
"3f079b5e-01ba-41e4-b12b-dbad3a0c42b3","PUUM_033.basePlot.vst","2018-08-02","vst_PUUM_2018","D20","PUUM","PUUM_033",,"NEON.PLA.D20.PUUM.01457","ok","single shrub","Live",1.4,130,0.6,,,,1.0,0.9,,"half-sphere",1.4,10,,,,"T+PBpFGEtzlBTPAlO04Zc0fAMPhuORWv4Zdy90mvmEg=","T+PBpFGEtzlBTPAlO04Zc0fAMPhuORWv4Zdy90mvmEg=",
"4e4d9eb9-2e16-4826-93f0-3b7fae961010","PUUM_032.basePlot.vst","2018-08-06","vst_PUUM_2018","D20","PUUM","PUUM_032",,"NEON.PLA.D20.PUUM.01427","ok","small tree","Live",2.3,130,2.6,,,,,,,,,,,,,"dYTcvIvHVKJPhi9zgjcxbq0b/YwwN6jNt8Rx2TIt4DE=","dYTcvIvHVKJPhi9zgjcxbq0b/YwwN6jNt8Rx2TIt4DE=",
"8918082e-afaf-4d27-9e91-a2166118e5be","PUUM_032.basePlot.vst","2018-08-06","vst_PUUM_2018","D20","PUUM","PUUM_032",,"NEON.PLA.D20.PUUM.01432","ok","small tree","Live",3.0,130,2.8,,,,,,,,,,,,,"dYTcvIvHVKJPhi9zgjcxbq0b/YwwN6jNt8Rx2TIt4DE=","dYTcvIvHVKJPhi9zgjcxbq0b/YwwN6jNt8Rx2TIt4DE=",
"57309648-3c92-4097-953b-3f93a7249125","PUUM_032.basePlot.vst","2018-08-06","vst_PUUM_2018","D20","PUUM","PUUM_032",,"NEON.PLA.D20.PUUM.01429","ok","small tree","Live",1.2,130,2.0,,,,,,,,,,,,,"dYTcvIvHVKJPhi9zgjcxbq0b/YwwN6jNt8Rx2TIt4DE=","dYTcvIvHVKJPhi9zgjcxbq0b/YwwN6jNt8Rx2TIt4DE=",
"cf45d0b0-ba38-4eca-895c-a619c9d5488a","PUUM_032.basePlot.vst","2018-08-06","vst_PUUM_2018","D20","PUUM","PUUM_032",,"NEON.PLA.D20.PUUM.01435","ok","sapling","Live",,,1.8,,,,,,,,1.5,10,,,,"dYTcvIvHVKJPhi9zgjcxbq0b/YwwN6jNt8Rx2TIt4DE=","dYTcvIvHVKJPhi9zgjcxbq0b/YwwN6jNt8Rx2TIt4DE=",
"0266ccf5-aafc-4d41-978e-5b9cf14831bf","PUUM_032.basePlot.vst","2018-08-06","vst_PUUM_2018","D20","PUUM","PUUM_032",,"NEON.PLA.D20.PUUM.01428","ok","small tree","Live",1.6,130,1.8,,,,,,,,,,,,,"dYTcvIvHVKJPhi9zgjcxbq0b/YwwN6jNt8Rx2TIt4DE=","dYTcvIvHVKJPhi9zgjcxbq0b/YwwN6jNt8Rx2TIt4DE=",
"37a86c3a-2794-4e61-a394-fccfb41a1bff","PUUM_032.basePlot.vst","2018-08-06","vst_PUUM_2018","D20","PUUM","PUUM_032",,"NEON.PLA.D20.PUUM.01423","ok","sapling","Live",,,1.7,,,,,,,,1.5,10,,,,"dYTcvIvHVKJPhi9zgjcxbq0b/YwwN6jNt8Rx2TIt4DE=","dYTcvIvHVKJPhi9zgjcxbq0b/YwwN6jNt8Rx2TIt4DE=",
"6ba3d521-b781-416f-9170-7bf391b4387b","PUUM_032.basePlot.vst","2018-08-06","vst_PUUM_2018","D20","PUUM","PUUM_032",,"NEON.PLA.D20.PUUM.01467","ok","small shrub","Live",,,1.6,0.3,,,0.9,0.7,,"ellipsoid or sphere",1.4,10,,,,"dYTcvIvHVKJPhi9zgjcxbq0b/YwwN6jNt8Rx2TIt4DE=","dYTcvIvHVKJPhi9zgjcxbq0b/YwwN6jNt8Rx2TIt4DE=",
"22a0e19a-87e7-4b43-8196-714336df66c3","PUUM_032.basePlot.vst","2018-08-06","vst_PUUM_2018","D20","PUUM","PUUM_032",,"NEON.PLA.D20.PUUM.01422","ok","sapling","Live",,,1.6,,,,,,,,2.2,10,,,,"dYTcvIvHVKJPhi9zgjcxbq0b/YwwN6jNt8Rx2TIt4DE=","dYTcvIvHVKJPhi9zgjcxbq0b/YwwN6jNt8Rx2TIt4DE=",
"eb926a1a-ff60-40f8-a9e4-c3862ef7a207","PUUM_032.basePlot.vst","2018-08-06","vst_PUUM_2018","D20","PUUM","PUUM_032",,"NEON.PLA.D20.PUUM.01436","ok","small tree","Live",2.0,130,1.9,,,,,,,,,,,,,"dYTcvIvHVKJPhi9zgjcxbq0b/YwwN6jNt8Rx2TIt4DE=","dYTcvIvHVKJPhi9zgjcxbq0b/YwwN6jNt8Rx2TIt4DE=",
"dc6a4517-4010-43b4-8dda-86a029917b41","PUUM_032.basePlot.vst","2018-08-06","vst_PUUM_2018","D20","PUUM","PUUM_032",,"NEON.PLA.D20.PUUM.01420","ok","sapling","Live",,,1.2,,,,,,,,1.6,10,,,,"dYTcvIvHVKJPhi9zgjcxbq0b/YwwN6jNt8Rx2TIt4DE=","dYTcvIvHVKJPhi9zgjcxbq0b/YwwN6jNt8Rx2TIt4DE=",
"7b951856-81be-41e0-a27d-aa712c2c0af3","PUUM_032.basePlot.vst","2018-08-06","vst_PUUM_2018","D20","PUUM","PUUM_032",,"NEON.PLA.D20.PUUM.01430","ok","small tree","Live",2.5,130,3.0,,,,,,,,,,,,,"dYTcvIvHVKJPhi9zgjcxbq0b/YwwN6jNt8Rx2TIt4DE=","dYTcvIvHVKJPhi9zgjcxbq0b/YwwN6jNt8Rx2TIt4DE=",
"be9e1c56-65a0-48bf-a01e-a7fddedc5fe8","PUUM_032.basePlot.vst","2018-08-06","vst_PUUM_2018","D20","PUUM","PUUM_032",,"NEON.PLA.D20.PUUM.01435","ok","sapling","Live",,,1.8,,,,,,,,1.7,10,,,,"dYTcvIvHVKJPhi9zgjcxbq0b/YwwN6jNt8Rx2TIt4DE=","dYTcvIvHVKJPhi9zgjcxbq0b/YwwN6jNt8Rx2TIt4DE=",
"a929350a-935c-4dbc-a9e4-694d86f3b5ec","PUUM_032.basePlot.vst","2018-08-06","vst_PUUM_2018","D20","PUUM","PUUM_032",,"NEON.PLA.D20.PUUM.01431","ok","small tree","Live",1.1,130,1.9,,,,,,,,,,,,,"dYTcvIvHVKJPhi9zgjcxbq0b/YwwN6jNt8Rx2TIt4DE=","dYTcvIvHVKJPhi9zgjcxbq0b/YwwN6jNt8Rx2TIt4DE=",
"e4dba073-719d-44ea-8ed3-5c14e34c8810","PUUM_032.basePlot.vst","2018-08-06","vst_PUUM_2018","D20","PUUM","PUUM_032",,"NEON.PLA.D20.PUUM.01424","ok","sapling","Live",,,1.5,,,,,,,,1.8,10,,,,"dYTcvIvHVKJPhi9zgjcxbq0b/YwwN6jNt8Rx2TIt4DE=","dYTcvIvHVKJPhi9zgjcxbq0b/YwwN6jNt8Rx2TIt4DE=",
"98d8be1d-ada8-4281-8206-0cacc88651b2","PUUM_032.basePlot.vst","2018-08-06","vst_PUUM_2018","D20","PUUM","PUUM_032",,"NEON.PLA.D20.PUUM.01419","ok","sapling","Live",,,1.7,,,,,,,,2.1,10,,,,"dYTcvIvHVKJPhi9zgjcxbq0b/YwwN6jNt8Rx2TIt4DE=","dYTcvIvHVKJPhi9zgjcxbq0b/YwwN6jNt8Rx2TIt4DE=",
"e91476b9-5a58-4e2a-9a2e-cd2a8928c218","PUUM_032.basePlot.vst","2018-08-06","vst_PUUM_2018","D20","PUUM","PUUM_032",,"NEON.PLA.D20.PUUM.01465","ok","small shrub","Live",,,1.5,,,,1.1,0.6,,"inverted cone",1.1,10,0.04,0.04,,"dYTcvIvHVKJPhi9zgjcxbq0b/YwwN6jNt8Rx2TIt4DE=","dYTcvIvHVKJPhi9zgjcxbq0b/YwwN6jNt8Rx2TIt4DE=",
"b9ff3fe8-89c7-4262-adf7-30edc21430d7","PUUM_032.basePlot.vst","2018-08-06","vst_PUUM_2018","D20","PUUM","PUUM_032",,"NEON.PLA.D20.PUUM.01465","ok","small shrub","Live",,,1.5,,,,1.1,0.6,,"inverted cone",1.0,10,0.04,0.04,,"dYTcvIvHVKJPhi9zgjcxbq0b/YwwN6jNt8Rx2TIt4DE=","dYTcvIvHVKJPhi9zgjcxbq0b/YwwN6jNt8Rx2TIt4DE=",
"d3b04537-a8c6-4943-a093-7fc1ada1d952","PUUM_032.basePlot.vst","2018-08-06","vst_PUUM_2018","D20","PUUM","PUUM_032",,"NEON.PLA.D20.PUUM.01417","ok","small tree","Live",1.8,130,1.8,,,,,,,,,,,,,"dYTcvIvHVKJPhi9zgjcxbq0b/YwwN6jNt8Rx2TIt4DE=","dYTcvIvHVKJPhi9zgjcxbq0b/YwwN6jNt8Rx2TIt4DE=",
"1250925f-0e4b-443d-973e-cf3fda02fd8b","PUUM_032.basePlot.vst","2018-08-06","vst_PUUM_2018","D20","PUUM","PUUM_032",,"NEON.PLA.D20.PUUM.01466","ok","small shrub","Live",,,1.2,,,,2.0,1.0,,"oblate half-sphere",1.1,10,,,,"dYTcvIvHVKJPhi9zgjcxbq0b/YwwN6jNt8Rx2TIt4DE=","dYTcvIvHVKJPhi9zgjcxbq0b/YwwN6jNt8Rx2TIt4DE=",
"efd9154c-e979-4d46-91e4-0db52704e252","PUUM_032.basePlot.vst","2018-08-06","vst_PUUM_2018","D20","PUUM","PUUM_032",,"NEON.PLA.D20.PUUM.01435","ok","sapling","Live",,,1.8,,,,,,,,1.2,10,,,,"dYTcvIvHVKJPhi9zgjcxbq0b/YwwN6jNt8Rx2TIt4DE=","dYTcvIvHVKJPhi9zgjcxbq0b/YwwN6jNt8Rx2TIt4DE=",
"431317cb-3f31-48f0-a46c-a64692ca9812","PUUM_032.basePlot.vst","2018-08-06","vst_PUUM_2018","D20","PUUM","PUUM_032",,"NEON.PLA.D20.PUUM.01471","ok","sapling","Live",,,1.3,,,,,,,,2.9,10,,,,"dYTcvIvHVKJPhi9zgjcxbq0b/YwwN6jNt8Rx2TIt4DE=","dYTcvIvHVKJPhi9zgjcxbq0b/YwwN6jNt8Rx2TIt4DE=",
"a63e8f0d-3a51-4d5f-9862-fff14a50ffb1","PUUM_032.basePlot.vst","2018-08-06","vst_PUUM_2018","D20","PUUM","PUUM_032",,"NEON.PLA.D20.PUUM.01426","ok","small tree","Live",3.1,130,3.6,,,,,,,,,,,,,"dYTcvIvHVKJPhi9zgjcxbq0b/YwwN6jNt8Rx2TIt4DE=","dYTcvIvHVKJPhi9zgjcxbq0b/YwwN6jNt8Rx2TIt4DE=",
"3b0ab96a-6713-4381-be47-a33a37c2fae6","PUUM_032.basePlot.vst","2018-08-06","vst_PUUM_2018","D20","PUUM","PUUM_032",,"NEON.PLA.D20.PUUM.01434","ok","small tree","Live",1.2,130,1.7,,,,,,,,,,,,,"dYTcvIvHVKJPhi9zgjcxbq0b/YwwN6jNt8Rx2TIt4DE=","dYTcvIvHVKJPhi9zgjcxbq0b/YwwN6jNt8Rx2TIt4DE=",
"2a1ad414-9cf5-40a9-9d56-382c14204ec0","PUUM_032.basePlot.vst","2018-08-06","vst_PUUM_2018","D20","PUUM","PUUM_032",,"NEON.PLA.D20.PUUM.01468","ok","small shrub","Live",,,1.7,,,,2.1,1.0,,"inverted cone",1.2,10,0.14,0.04,,"dYTcvIvHVKJPhi9zgjcxbq0b/YwwN6jNt8Rx2TIt4DE=","dYTcvIvHVKJPhi9zgjcxbq0b/YwwN6jNt8Rx2TIt4DE=",
"c374aca4-0960-4f03-aa00-7cbca63662fb","PUUM_032.basePlot.vst","2018-08-06","vst_PUUM_2018","D20","PUUM","PUUM_032",,"NEON.PLA.D20.PUUM.01437","ok","sapling","Live",,,1.1,,,,,,,,4.5,10,,,,"dYTcvIvHVKJPhi9zgjcxbq0b/YwwN6jNt8Rx2TIt4DE=","dYTcvIvHVKJPhi9zgjcxbq0b/YwwN6jNt8Rx2TIt4DE=",
"e5fe07ed-e219-4cf5-a9a3-a848d6e7ebe5","PUUM_032.basePlot.vst","2018-08-06","vst_PUUM_2018","D20","PUUM","PUUM_032",,"NEON.PLA.D20.PUUM.01418","ok","small tree","Live",2.3,130,2.3,,,,,,,,,,,,,"dYTcvIvHVKJPhi9zgjcxbq0b/YwwN6jNt8Rx2TIt4DE=","dYTcvIvHVKJPhi9zgjcxbq0b/YwwN6jNt8Rx2TIt4DE=",
"69e4da25-aaf6-4cd5-b9de-a970196760a7","PUUM_032.basePlot.vst","2018-08-06","vst_PUUM_2018","D20","PUUM","PUUM_032",,"NEON.PLA.D20.PUUM.01469","ok","sapling","Live",,,2.0,,,,,,,,1.1,10,,,,"dYTcvIvHVKJPhi9zgjcxbq0b/YwwN6jNt8Rx2TIt4DE=","dYTcvIvHVKJPhi9zgjcxbq0b/YwwN6jNt8Rx2TIt4DE=",
"609b9c1f-792f-4212-85d2-9d3f0d2e13f3","PUUM_032.basePlot.vst","2018-08-06","vst_PUUM_2018","D20","PUUM","PUUM_032",,"NEON.PLA.D20.PUUM.01425","ok","small tree","Live",1.5,130,2.3,,,,,,,,,,,,,"dYTcvIvHVKJPhi9zgjcxbq0b/YwwN6jNt8Rx2TIt4DE=","dYTcvIvHVKJPhi9zgjcxbq0b/YwwN6jNt8Rx2TIt4DE=",
"1fc68733-f7e0-4297-a2ff-a0cb03b25403","PUUM_032.basePlot.vst","2018-08-06","vst_PUUM_2018","D20","PUUM","PUUM_032",,"NEON.PLA.D20.PUUM.01464","ok","sapling","Live",,,1.7,,,,,,,,2.8,10,,,,"dYTcvIvHVKJPhi9zgjcxbq0b/YwwN6jNt8Rx2TIt4DE=","dYTcvIvHVKJPhi9zgjcxbq0b/YwwN6jNt8Rx2TIt4DE=",
"a1e9441b-9476-49cc-837f-61c484be5e25","PUUM_032.basePlot.vst","2018-08-06","vst_PUUM_2018","D20","PUUM","PUUM_032",,"NEON.PLA.D20.PUUM.01470","ok","sapling","Live",,,2.0,,,,,,,,1.0,10,,,,"dYTcvIvHVKJPhi9zgjcxbq0b/YwwN6jNt8Rx2TIt4DE=","dYTcvIvHVKJPhi9zgjcxbq0b/YwwN6jNt8Rx2TIt4DE=",
"1f595f88-fbaf-4545-bae9-880a182c26a0","PUUM_032.basePlot.vst","2018-08-06","vst_PUUM_2018","D20","PUUM","PUUM_032",,"NEON.PLA.D20.PUUM.01428","ok","small tree","Live",1.2,130,1.8,,,,,,,,,,,,,"dYTcvIvHVKJPhi9zgjcxbq0b/YwwN6jNt8Rx2TIt4DE=","dYTcvIvHVKJPhi9zgjcxbq0b/YwwN6jNt8Rx2TIt4DE=",
"e3d6667a-0764-40da-99fd-012c62781032","PUUM_032.basePlot.vst","2018-08-06","vst_PUUM_2018","D20","PUUM","PUUM_032",,"NEON.PLA.D20.PUUM.01466","ok","small shrub","Live",,,1.2,,,,2.0,1.0,,"oblate half-sphere",1.5,10,,,,"dYTcvIvHVKJPhi9zgjcxbq0b/YwwN6jNt8Rx2TIt4DE=","dYTcvIvHVKJPhi9zgjcxbq0b/YwwN6jNt8Rx2TIt4DE=",
"f3e233f4-8695-4577-bc0f-d41d99a2e745","PUUM_032.basePlot.vst","2018-08-06","vst_PUUM_2018","D20","PUUM","PUUM_032",,"NEON.PLA.D20.PUUM.01468","ok","small shrub","Live",,,1.7,,,,2.1,1.0,,"inverted cone",2.2,10,0.14,0.04,,"dYTcvIvHVKJPhi9zgjcxbq0b/YwwN6jNt8Rx2TIt4DE=","dYTcvIvHVKJPhi9zgjcxbq0b/YwwN6jNt8Rx2TIt4DE=",
"778950c6-0256-4e72-a14f-e1c869ac5e6a","PUUM_032.basePlot.vst","2018-08-06","vst_PUUM_2018","D20","PUUM","PUUM_032",,"NEON.PLA.D20.PUUM.01436","ok","small tree","Live",1.8,130,1.9,,,,,,,,,,,,,"dYTcvIvHVKJPhi9zgjcxbq0b/YwwN6jNt8Rx2TIt4DE=","dYTcvIvHVKJPhi9zgjcxbq0b/YwwN6jNt8Rx2TIt4DE=",
"4daa0c29-f22b-4cda-a097-5f55706367a4","PUUM_032.basePlot.vst","2018-08-06","vst_PUUM_2018","D20","PUUM","PUUM_032",,"NEON.PLA.D20.PUUM.01425","ok","small tree","Live",1.3,130,2.3,,,,,,,,,,,,,"dYTcvIvHVKJPhi9zgjcxbq0b/YwwN6jNt8Rx2TIt4DE=","dYTcvIvHVKJPhi9zgjcxbq0b/YwwN6jNt8Rx2TIt4DE=",
"9bda57a9-c36a-49f3-bc8e-8c51146ffcae","PUUM_032.basePlot.vst","2018-08-06","vst_PUUM_2018","D20","PUUM","PUUM_032",,"NEON.PLA.D20.PUUM.01435","ok","sapling","Live",,,1.8,,,,,,,,1.6,10,,,,"dYTcvIvHVKJPhi9zgjcxbq0b/YwwN6jNt8Rx2TIt4DE=","dYTcvIvHVKJPhi9zgjcxbq0b/YwwN6jNt8Rx2TIt4DE=",
"80034f40-50ad-4f2f-baea-cc786308b439","PUUM_032.basePlot.vst","2018-08-06","vst_PUUM_2018","D20","PUUM","PUUM_032",,"NEON.PLA.D20.PUUM.01435","ok","sapling","Live",,,1.8,,,,,,,,1.4,10,,,,"dYTcvIvHVKJPhi9zgjcxbq0b/YwwN6jNt8Rx2TIt4DE=","dYTcvIvHVKJPhi9zgjcxbq0b/YwwN6jNt8Rx2TIt4DE=",
"00ef9aff-362b-4a03-9cf3-14a35d2e35c5","PUUM_032.basePlot.vst","2018-08-06","vst_PUUM_2018","D20","PUUM","PUUM_032",,"NEON.PLA.D20.PUUM.01421","ok","sapling","Live",,,1.6,,,,,,,,1.8,10,,,,"dYTcvIvHVKJPhi9zgjcxbq0b/YwwN6jNt8Rx2TIt4DE=","dYTcvIvHVKJPhi9zgjcxbq0b/YwwN6jNt8Rx2TIt4DE=",
"ecef2f81-b330-4194-952f-8f95bf736250","PUUM_032.basePlot.vst","2018-08-06","vst_PUUM_2018","D20","PUUM","PUUM_032",,"NEON.PLA.D20.PUUM.01235","ok","multi-bole tree","Live",11.0,130,5.1,,,,,,,,,,,,,"rU9orPwrba2k9tQivxb94vMCbFauO3l0TxBSAlCjugw=","7b09tKNMSr/wOeeCXM11rXP6e8wTwK5T0tBo3Wt2uFY=",
"62cb7e15-058a-40b1-81f6-b9fe67b1440a","PUUM_032.basePlot.vst","2018-08-06","vst_PUUM_2018","D20","PUUM","PUUM_032",,"NEON.PLA.D20.PUUM.01282","ok","single bole tree","Live",14.0,130,6.2,,,,,,,,,,,,,"rU9orPwrba2k9tQivxb94vMCbFauO3l0TxBSAlCjugw=","7b09tKNMSr/wOeeCXM11rXP6e8wTwK5T0tBo3Wt2uFY=",
"c94b97c7-15d0-48de-ba6f-7541035a0aea","PUUM_032.basePlot.vst","2018-08-06","vst_PUUM_2018","D20","PUUM","PUUM_032",,"NEON.PLA.D20.PUUM.01236","ok","multi-bole tree","Live",23.7,130,9.3,,,,,,,,,,,,,"rU9orPwrba2k9tQivxb94vMCbFauO3l0TxBSAlCjugw=","7b09tKNMSr/wOeeCXM11rXP6e8wTwK5T0tBo3Wt2uFY=",
"cf6b0434-d731-439e-820c-6990519acc89","PUUM_032.basePlot.vst","2018-08-06","vst_PUUM_2018","D20","PUUM","PUUM_032",,"NEON.PLA.D20.PUUM.01295","ok","multi-bole tree","Live, physically damaged",19.3,130,8.9,,,,,,,,,,,,,"rU9orPwrba2k9tQivxb94vMCbFauO3l0TxBSAlCjugw=","7b09tKNMSr/wOeeCXM11rXP6e8wTwK5T0tBo3Wt2uFY=",
"84f59d6b-8559-4716-86fb-667b8c58edfa","PUUM_032.basePlot.vst","2018-08-06","vst_PUUM_2018","D20","PUUM","PUUM_032",,"NEON.PLA.D20.PUUM.01239","ok","single bole tree","Live",13.4,150,7.9,,,,,,,,,,,,,"rU9orPwrba2k9tQivxb94vMCbFauO3l0TxBSAlCjugw=","7b09tKNMSr/wOeeCXM11rXP6e8wTwK5T0tBo3Wt2uFY=",
"915299be-8cb8-4d85-b865-ca95d541cd1e","PUUM_032.basePlot.vst","2018-08-06","vst_PUUM_2018","D20","PUUM","PUUM_032",,"NEON.PLA.D20.PUUM.01296","ok","single bole tree","Live",23.9,160,11.9,,,,,,,,,,,,,"rU9orPwrba2k9tQivxb94vMCbFauO3l0TxBSAlCjugw=","7b09tKNMSr/wOeeCXM11rXP6e8wTwK5T0tBo3Wt2uFY=",
"381a449d-721b-4757-8d1d-95fccb024fb5","PUUM_032.basePlot.vst","2018-08-06","vst_PUUM_2018","D20","PUUM","PUUM_032",,"NEON.PLA.D20.PUUM.01294","ok","single bole tree","Live",17.0,160,8.9,,,,,,,,,,,,,"rU9orPwrba2k9tQivxb94vMCbFauO3l0TxBSAlCjugw=","7b09tKNMSr/wOeeCXM11rXP6e8wTwK5T0tBo3Wt2uFY=",
"7ccbc949-f383-4dff-90b0-f8d014280ba3","PUUM_032.basePlot.vst","2018-08-06","vst_PUUM_2018","D20","PUUM","PUUM_032",,"NEON.PLA.D20.PUUM.01236A","ok","multi-bole tree","Live",16.0,130,9.3,,,,,,,,,,,,,"rU9orPwrba2k9tQivxb94vMCbFauO3l0TxBSAlCjugw=","7b09tKNMSr/wOeeCXM11rXP6e8wTwK5T0tBo3Wt2uFY=",
"194f666f-60c6-4706-8991-bb0af303b238","PUUM_032.basePlot.vst","2018-08-06","vst_PUUM_2018","D20","PUUM","PUUM_032",,"NEON.PLA.D20.PUUM.01285A","ok","multi-bole tree","Live",10.6,120,10.5,,,,,,,,,,,,,"rU9orPwrba2k9tQivxb94vMCbFauO3l0TxBSAlCjugw=","7b09tKNMSr/wOeeCXM11rXP6e8wTwK5T0tBo3Wt2uFY=",
"58d13cb4-2866-4e8f-9777-3200192afdc3","PUUM_032.basePlot.vst","2018-08-06","vst_PUUM_2018","D20","PUUM","PUUM_032",,"NEON.PLA.D20.PUUM.01235A","ok","multi-bole tree","Live",10.9,130,5.1,,,,,,,,,,,,,"rU9orPwrba2k9tQivxb94vMCbFauO3l0TxBSAlCjugw=","7b09tKNMSr/wOeeCXM11rXP6e8wTwK5T0tBo3Wt2uFY=",
"82ad60f2-3cec-499e-9d76-90d03b097e86","PUUM_032.basePlot.vst","2018-08-06","vst_PUUM_2018","D20","PUUM","PUUM_032",,"NEON.PLA.D20.PUUM.01285B","ok","multi-bole tree","Live",15.3,120,10.5,,,,,,,,,,,,,"rU9orPwrba2k9tQivxb94vMCbFauO3l0TxBSAlCjugw=","7b09tKNMSr/wOeeCXM11rXP6e8wTwK5T0tBo3Wt2uFY=",
"d9e8c2f5-1d75-47fa-9d65-deee62b52d7a","PUUM_032.basePlot.vst","2018-08-06","vst_PUUM_2018","D20","PUUM","PUUM_032",,"NEON.PLA.D20.PUUM.01292","ok","single bole tree","Live",19.1,130,8.3,,,,,,,,,,,,,"rU9orPwrba2k9tQivxb94vMCbFauO3l0TxBSAlCjugw=","7b09tKNMSr/wOeeCXM11rXP6e8wTwK5T0tBo3Wt2uFY=",
"60e9f550-19e6-41cd-af3e-896e901f4693","PUUM_032.basePlot.vst","2018-08-06","vst_PUUM_2018","D20","PUUM","PUUM_032",,"NEON.PLA.D20.PUUM.01300","ok","single bole tree","Live",20.3,130,9.3,,,,,,,,,,,,,"rU9orPwrba2k9tQivxb94vMCbFauO3l0TxBSAlCjugw=","7b09tKNMSr/wOeeCXM11rXP6e8wTwK5T0tBo3Wt2uFY=",
"fc3a9fae-772b-4193-b282-d2754f7be010","PUUM_032.basePlot.vst","2018-08-06","vst_PUUM_2018","D20","PUUM","PUUM_032",,"NEON.PLA.D20.PUUM.01290","ok","single bole tree","Live",16.9,120,9.5,,,,,,,,,,,,,"rU9orPwrba2k9tQivxb94vMCbFauO3l0TxBSAlCjugw=","7b09tKNMSr/wOeeCXM11rXP6e8wTwK5T0tBo3Wt2uFY=",
"e1755649-3121-49c2-bb78-3e6ce142a8d9","PUUM_032.basePlot.vst","2018-08-06","vst_PUUM_2018","D20","PUUM","PUUM_032",,"NEON.PLA.D20.PUUM.01283","ok","single bole tree","Live",12.9,130,9.1,,,,,,,,,,,,,"rU9orPwrba2k9tQivxb94vMCbFauO3l0TxBSAlCjugw=","7b09tKNMSr/wOeeCXM11rXP6e8wTwK5T0tBo3Wt2uFY=",
"c9fca717-997e-4c95-ba35-113660fd3c88","PUUM_032.basePlot.vst","2018-08-06","vst_PUUM_2018","D20","PUUM","PUUM_032",,"NEON.PLA.D20.PUUM.01297","ok","single bole tree","Live",10.0,130,7.4,,,,,,,,,,,,,"rU9orPwrba2k9tQivxb94vMCbFauO3l0TxBSAlCjugw=","7b09tKNMSr/wOeeCXM11rXP6e8wTwK5T0tBo3Wt2uFY=",
"e9718c81-71c6-42d4-a5a1-d9e1618e11f9","PUUM_032.basePlot.vst","2018-08-06","vst_PUUM_2018","D20","PUUM","PUUM_032",,"NEON.PLA.D20.PUUM.01295A","ok","multi-bole tree","Live, physically damaged",17.4,130,8.9,,,,,,,,,,,,,"rU9orPwrba2k9tQivxb94vMCbFauO3l0TxBSAlCjugw=","7b09tKNMSr/wOeeCXM11rXP6e8wTwK5T0tBo3Wt2uFY=",
"5defbd81-198b-4900-b6bc-29c35af59ff0","PUUM_032.basePlot.vst","2018-08-06","vst_PUUM_2018","D20","PUUM","PUUM_032",,"NEON.PLA.D20.PUUM.01285","ok","multi-bole tree","Live, physically damaged",30.1,120,10.5,,,,,,,,,,,,,"rU9orPwrba2k9tQivxb94vMCbFauO3l0TxBSAlCjugw=","7b09tKNMSr/wOeeCXM11rXP6e8wTwK5T0tBo3Wt2uFY=",
"5d2171b4-206c-410f-a23c-012b65f6a5c5","PUUM_032.basePlot.vst","2018-08-06","vst_PUUM_2018","D20","PUUM","PUUM_032",,"NEON.PLA.D20.PUUM.01284","ok","single bole tree","Live",14.5,130,5.3,,,,,,,,,,,,,"rU9orPwrba2k9tQivxb94vMCbFauO3l0TxBSAlCjugw=","7b09tKNMSr/wOeeCXM11rXP6e8wTwK5T0tBo3Wt2uFY=",
"82312af2-c2ee-42c8-844a-b0a3a0c68fac","PUUM_032.basePlot.vst","2018-08-06","vst_PUUM_2018","D20","PUUM","PUUM_032",,"NEON.PLA.D20.PUUM.01293","ok","single bole tree","Live",10.4,130,5.7,,,,,,,,,,,,,"rU9orPwrba2k9tQivxb94vMCbFauO3l0TxBSAlCjugw=","7b09tKNMSr/wOeeCXM11rXP6e8wTwK5T0tBo3Wt2uFY=",
"e02b05f2-b1b0-4ca9-bd2c-0139db74e92a","PUUM_032.basePlot.vst","2018-08-06","vst_PUUM_2018","D20","PUUM","PUUM_032",,"NEON.PLA.D20.PUUM.01237","ok","single bole tree","Live",12.6,130,8.0,,,,,,,,,,,,,"rU9orPwrba2k9tQivxb94vMCbFauO3l0TxBSAlCjugw=","7b09tKNMSr/wOeeCXM11rXP6e8wTwK5T0tBo3Wt2uFY=",
