uid,namedLocation,domainID,siteID,plotID,plotType,nlcdClass,decimalLatitude,decimalLongitude,geodeticDatum,coordinateUncertainty,elevation,elevationUncertainty,collectDate,eventID,sampleID,sampleCode,samplingMethod,totalSampledArea,targetTaxaPresent,adultCount,nymphCount,larvaCount,sampleCondition,samplingProtocolVersion,measuredBy,remarks
"ad9a5b59-e88c-4ed1-81ff-8fcfb8bd1e69","JERC_010.tickPlot.tck","D03","JERC","JERC_010","distributed","deciduousForest",31.209219,-84.470530,"WGS84",20.2,40.5,0.5,"2015-10-12T19:14Z","JERC.2015.41",,,"drag",160,"N",0,0,,,"NEON.DOC.014045vF","YK5ulgcjQA5M6hxjAkVbmv4a8AjznrKv",
"878a61ce-c9bb-486e-aa7d-83ac14210f4a","JERC_002.tickPlot.tck","D03","JERC","JERC_002","distributed","evergreenForest",31.194065,-84.461537,"WGS84",20.3,56.0,0.5,"2015-10-12T19:52Z","JERC.2015.41",,,"drag",160,"N",0,0,,,"NEON.DOC.014045vF","YK5ulgcjQA5M6hxjAkVbmv4a8AjznrKv",
"dc63207c-d7f8-4031-82ff-6081de0145e8","JERC_004.tickPlot.tck","D03","JERC","JERC_004","distributed","cultivatedCrops",31.190115,-84.467381,"WGS84",20.1,43.6,0.2,"2015-10-13T13:22Z","JERC.2015.41",,,"drag and flag",160,"N",0,0,,,"NEON.DOC.014045vF","YK5ulgcjQA5M6hxjAkVbmv4a8AjznrKv",
"f851fe68-8760-44b8-8369-7d8981304b92","JERC_044.tickPlot.tck","D03","JERC","JERC_044","distributed","mixedForest",31.195549,-84.482479,"WGS84",20.1,42.5,0.1,"2015-10-13T14:28Z","JERC.2015.41",,,"drag and flag",160,"N",0,0,,,"NEON.DOC.014045vF","YK5ulgcjQA5M6hxjAkVbmv4a8AjznrKv",
"fab277f2-58bb-4978-a3e6-b8aca60a6d71","JERC_034.tickPlot.tck","D03","JERC","JERC_034","distributed","deciduousForest",31.198824,-84.491213,"WGS84",20.1,44.9,0.2,"2015-10-14T15:00Z","JERC.2015.41",,,"drag and flag",160,"N",0,0,,,"NEON.DOC.014045vF","YK5ulgcjQA5M6hxjAkVbmv4a8AjznrKv",
