uid,namedLocation,domainID,siteID,plotID,plotType,nlcdClass,decimalLatitude,decimalLongitude,geodeticDatum,coordinateUncertainty,elevation,elevationUncertainty,collectDate,eventID,sampleID,sampleCode,samplingMethod,totalSampledArea,targetTaxaPresent,adultCount,nymphCount,larvaCount,sampleCondition,samplingProtocolVersion,measuredBy,remarks
"f21c4099-228a-4094-a356-2044f79b0857","BLAN_002.tickPlot.tck","D02","BLAN","BLAN_002","distributed","pastureHay",39.091474,-77.982149,"WGS84",20.1,145.6,0.1,"2018-06-07T13:38Z","BLAN.2018.23","BLAN_002.20180607","A00000003259","drag",160,"Y",0,1,0,"No known compromise","NEON.DOC.014045vJ","M7EpIfYzzITs8Y5PIRNBZjG1wPJDljoZp5tr4GwKmKc=",
"a05ee55c-9798-4ec8-bc49-3d9be734ec74","BLAN_012.tickPlot.tck","D02","BLAN","BLAN_012","distributed","deciduousForest",39.082720,-77.959589,"WGS84",20.2,135.1,0.2,"2018-06-07T13:58Z","BLAN.2018.23",,,"drag",156,"N",0,0,0,,"NEON.DOC.014045vJ","vEBCcEQSSh/8g+5EygcyV8s9rq+AI0d+KECPnWYYvhY=",
"afb54fd5-bf13-4fc0-be11-8b10155bc97e","BLAN_015.tickPlot.tck","D02","BLAN","BLAN_015","distributed","deciduousForest",39.088728,-77.955494,"WGS84",20.2,125.9,0.2,"2018-06-07T14:50Z","BLAN.2018.23","BLAN_015.20180607","A00000003258","drag",156,"Y",0,1,0,"No known compromise","NEON.DOC.014045vJ","vEBCcEQSSh/8g+5EygcyV8s9rq+AI0d+KECPnWYYvhY=",
"f5c1926c-bc87-4b30-8d9f-f39b46dee4f3","BLAN_008.tickPlot.tck","D02","BLAN","BLAN_008","distributed","pastureHay",39.083870,-77.966320,"WGS84",20.4,159.6,0.5,"2018-06-07T15:05Z","BLAN.2018.23","BLAN_008.20180607","A00000003311","drag",165,"Y",0,1,0,"No known compromise","NEON.DOC.014045vJ","M7EpIfYzzITs8Y5PIRNBZjG1wPJDljoZp5tr4GwKmKc=",
"9c1492b3-7026-47ae-8cfd-b008f52b3f60","BLAN_004.tickPlot.tck","D02","BLAN","BLAN_004","distributed","pastureHay",39.088416,-77.961331,"WGS84",20.1,123.7,0.1,"2018-06-07T15:35Z","BLAN.2018.23",,,"drag",163,"N",0,0,0,,"NEON.DOC.014045vJ","vEBCcEQSSh/8g+5EygcyV8s9rq+AI0d+KECPnWYYvhY=",
"993e8b77-1c96-4f91-a72f-8003d5fd7447","BLAN_005.tickPlot.tck","D02","BLAN","BLAN_005","distributed","deciduousForest",39.086223,-77.972729,"WGS84",20.2,169.1,0.3,"2018-06-07T16:15Z","BLAN.2018.23","BLAN_005.20180607","A00000003257","drag",164,"Y",0,13,0,"No known compromise","NEON.DOC.014045vJ","M7EpIfYzzITs8Y5PIRNBZjG1wPJDljoZp5tr4GwKmKc=",
"2fe5fbbe-60f6-44f6-8464-b76f78d3e08f","BLAN_005.tickPlot.tck","D02","BLAN","BLAN_005","distributed","deciduousForest",39.086223,-77.972729,"WGS84",20.2,169.1,0.3,"2018-06-26T04:12Z","BLAN.2018.26","BLAN_005.20180626","A00000002668","drag and flag",160,"Y",0,9,0,"No known compromise","NEON.DOC.014045vJ","gUkNgXXWwVfyyvmNuuhPHfl+ngDS46AHNocWtty9mqU=",
"aed1c631-d008-48e1-a19d-2a06f3ef6315","BLAN_008.tickPlot.tck","D02","BLAN","BLAN_008","distributed","pastureHay",39.083870,-77.966320,"WGS84",20.4,159.6,0.5,"2018-06-26T14:13Z","BLAN.2018.26",,,"drag",160,"N",0,0,0,,"NEON.DOC.014045vJ","ciinOn2RW7IuiYFzws3I7RiE3SCYtfO0vt+xtLe1Bko=",
"525d4346-c1aa-4687-8862-3bac19b23c4e","BLAN_012.tickPlot.tck","D02","BLAN","BLAN_012","distributed","deciduousForest",39.082720,-77.959589,"WGS84",20.2,135.1,0.2,"2018-06-26T14:13Z","BLAN.2018.26","BLAN_012.20180626","A00000001618","drag",160,"Y",0,1,0,"No known compromise","NEON.DOC.014045vJ","gUkNgXXWwVfyyvmNuuhPHfl+ngDS46AHNocWtty9mqU=",
"6182081b-54ea-4a4b-af9c-9be2986ea405","BLAN_004.tickPlot.tck","D02","BLAN","BLAN_004","distributed","pastureHay",39.088416,-77.961331,"WGS84",20.1,123.7,0.1,"2018-06-26T15:09Z","BLAN.2018.26",,,"drag",160,"N",0,0,0,,"NEON.DOC.014045vJ","ciinOn2RW7IuiYFzws3I7RiE3SCYtfO0vt+xtLe1Bko=",
"976da560-f8d1-4148-9707-92872c1d5748","BLAN_015.tickPlot.tck","D02","BLAN","BLAN_015","distributed","deciduousForest",39.088728,-77.955494,"WGS84",20.2,125.9,0.2,"2018-06-26T15:12Z","BLAN.2018.26","BLAN_015.20180626","A00000003275","drag",160,"Y",1,0,0,"No known compromise","NEON.DOC.014045vJ","gUkNgXXWwVfyyvmNuuhPHfl+ngDS46AHNocWtty9mqU=",
"956ebd50-cf90-4c15-9505-4495bd58e4f8","BLAN_002.tickPlot.tck","D02","BLAN","BLAN_002","distributed","pastureHay",39.091474,-77.982149,"WGS84",20.1,145.6,0.1,"2018-06-26T16:11Z","BLAN.2018.26",,,"drag",160,"N",0,0,0,,"NEON.DOC.014045vJ","ciinOn2RW7IuiYFzws3I7RiE3SCYtfO0vt+xtLe1Bko=",
