uid,namedLocation,plotID,collectDate,identifiedDate,sampleID,subsampleID,scientificName,acceptedTaxonID,taxonRank,family,subfamily,tribe,subtribe,genus,subgenus,specificEpithet,infraspecificEpithet,identificationQualifier,identificationReferences,identificationProtocolVersion,scientificNameAuthorship,sexOrAge,individualCount,sampleCondition,archiveMedium,archiveFacilityID,deprecatedVialID,identifiedBy,laboratoryName,remarks
"963cca5e-0d98-4259-a942-f51a3bc91669","BLAN_002.tickPlot.tck","BLAN_002","2018-06-07T13:38Z","2018-09-17T16:00Z","BLAN_002.20180607","BLAN_002.20180607.HAELON.N","Haemaphysalis longicornis","HAELON","species","Ixodidae",,,,"Haemaphysalis",,"longicornis",,,,"GSU_tickIdentification_SOP_2016-11-01.pdf",,"Nymph",1,"OK","90% ethanol","USNMENT01482313",,"Lorenza Beati","Georgia Southern University",
"6a468402-a069-4b99-8531-d235fe172a98","BLAN_015.tickPlot.tck","BLAN_015","2018-06-07T14:50Z","2018-09-17T16:00Z","BLAN_015.20180607","BLAN_015.20180607.IXOSCA.N","Ixodes scapularis","IXOSCA","species","Ixodidae",,,,"Ixodes",,"scapularis",,,"Cooley, R. A. and G. M. Kohls. 1945. The genus Ixodes in North America. National Institute of Health Bulletin, 184.","GSU_tickIdentification_SOP_2016-11-01.pdf","Say","Nymph",1,"OK","90% ethanol","USNMENT01482263",,"Lorenza Beati","Georgia Southern University",
"128ce36b-494c-4c39-800a-2b878d479508","BLAN_008.tickPlot.tck","BLAN_008","2018-06-07T15:05Z","2018-09-17T16:00Z","BLAN_008.20180607","BLAN_008.20180607.IXOSCA.N","Ixodes scapularis","IXOSCA","species","Ixodidae",,,,"Ixodes",,"scapularis",,,"Cooley, R. A. and G. M. Kohls. 1945. The genus Ixodes in North America. National Institute of Health Bulletin, 184.","GSU_tickIdentification_SOP_2016-11-01.pdf","Say","Nymph",1,"OK","90% ethanol","USNMENT01482318",,"Lorenza Beati","Georgia Southern University",
"5186f060-0aa3-4e1a-bce3-810287245a53","BLAN_005.tickPlot.tck","BLAN_005","2018-06-07T16:15Z","2018-09-17T16:00Z","BLAN_005.20180607","BLAN_005.20180607.AMBAME.N","Amblyomma americanum","AMBAME","species","Ixodidae",,,,"Amblyomma",,"americanum",,,"Cooley, R. A. and G. M. Kohls. 1944. The genus Amblyomma (ixodidae) in the United States. The Journal of Parasitology, 30(2):77-111.","GSU_tickIdentification_SOP_2016-11-01.pdf","Linnaeus","Nymph",7,"OK","90% ethanol","USNMENT01482308",,"Lorenza Beati","Georgia Southern University",
"1a4a7894-cb3b-4a6b-b4a0-1da8cffe586e","BLAN_005.tickPlot.tck","BLAN_005","2018-06-07T16:15Z","2018-09-17T16:00Z","BLAN_005.20180607","BLAN_005.20180607.IXOSCA.N","Ixodes scapularis","IXOSCA","species","Ixodidae",,,,"Ixodes",,"scapularis",,,"Cooley, R. A. and G. M. Kohls. 1945. The genus Ixodes in North America. National Institute of Health Bulletin, 184.","GSU_tickIdentification_SOP_2016-11-01.pdf","Say","Nymph",6,"OK","90% ethanol","USNMENT01482310",,"Lorenza Beati","Georgia Southern University",
"eaa225f3-4cbe-45b3-884c-d146f50f90e0","BLAN_005.tickPlot.tck","BLAN_005","2018-06-26T04:12Z","2018-09-17T16:00Z","BLAN_005.20180626","BLAN_005.20180626.IXOSCA.N","Ixodes scapularis","IXOSCA","species","Ixodidae",,,,"Ixodes",,"scapularis",,,"Cooley, R. A. and G. M. Kohls. 1945. The genus Ixodes in North America. National Institute of Health Bulletin, 184.","GSU_tickIdentification_SOP_2016-11-01.pdf","Say","Nymph",4,"OK","90% ethanol","USNMENT01482298",,"Lorenza Beati","Georgia Southern University",
"41c96ee2-b6e1-4a75-8be0-cf0519dba328","BLAN_005.tickPlot.tck","BLAN_005","2018-06-26T04:12Z","2018-09-17T16:00Z","BLAN_005.20180626","BLAN_005.20180626.AMBAME.N","Amblyomma americanum","AMBAME","species","Ixodidae",,,,"Amblyomma",,"americanum",,,"Cooley, R. A. and G. M. Kohls. 1944. The genus Amblyomma (ixodidae) in the United States. The Journal of Parasitology, 30(2):77-111.","GSU_tickIdentification_SOP_2016-11-01.pdf","Linnaeus","Nymph",5,"OK","90% ethanol","USNMENT01482273",,"Lorenza Beati","Georgia Southern University",
"0fe5176d-12e4-451d-b64e-f6305ea50981","BLAN_012.tickPlot.tck","BLAN_012","2018-06-26T14:13Z","2018-09-17T16:00Z","BLAN_012.20180626","BLAN_012.20180626.IXOSCA.N","Ixodes scapularis","IXOSCA","species","Ixodidae",,,,"Ixodes",,"scapularis",,,"Cooley, R. A. and G. M. Kohls. 1945. The genus Ixodes in North America. National Institute of Health Bulletin, 184.","GSU_tickIdentification_SOP_2016-11-01.pdf","Say","Nymph",1,"OK","90% ethanol","USNMENT01482244",,"Lorenza Beati","Georgia Southern University",
"77e7cbc1-13dd-4873-b07f-60de05e36d62","BLAN_015.tickPlot.tck","BLAN_015","2018-06-26T15:12Z","2018-09-17T16:00Z","BLAN_015.20180626","BLAN_015.20180626.DERVAR.M","Dermacentor variabilis","DERVAR","species","Ixodidae",,,,"Dermacentor",,"variabilis",,,"Yunker, C. E., Keirans, J. E., Clifford, C. M., and E. R. Easton. 1986. Dermacentor ticks (Acari: Ixodoidea: Ixodidae) of the New World: a scanning electron microscope atlas. Proceedings of the Entomological Society of Washington, 88(4):609-627.","GSU_tickIdentification_SOP_2016-11-01.pdf","Say","Male",1,"OK","90% ethanol","USNMENT01482249",,"Lorenza Beati","Georgia Southern University",
