uid,namedLocation,domainID,siteID,plotID,plotType,nlcdClass,decimalLatitude,decimalLongitude,geodeticDatum,coordinateUncertainty,elevation,elevationUncertainty,collectDate,eventID,sampleID,sampleCode,samplingMethod,totalSampledArea,targetTaxaPresent,adultCount,nymphCount,larvaCount,sampleCondition,samplingProtocolVersion,measuredBy,remarks
"ac3e4567-e6fb-480a-92a4-aa922f7ef173","BART_019.tickPlot.tck","D01","BART","BART_019","distributed","mixedForest",44.069350,-71.288001,"WGS84",20.2,231.8,0.2,"2016-11-08T12:48Z","BART.2016.45",,,"drag and flag",158,"N",0,0,0,"No known compromise","NEON.DOC.014045vG","Pes0SJTi6mB/L3kaeuPRUby8XD59hvb8",
"b0475006-9cad-4db1-9b7a-12567543e550","BART_029.tickPlot.tck","D01","BART","BART_029","distributed","evergreenForest",44.058948,-71.289336,"WGS84",20.2,291.7,0.3,"2016-11-08T13:46Z","BART.2016.45",,,"drag and flag",150,"N",0,0,0,"No known compromise","NEON.DOC.014045vG","Pes0SJTi6mB/L3kaeuPRUby8XD59hvb8",
"21d6cd16-fa31-4ec9-877b-14b524f6f735","BART_011.tickPlot.tck","D01","BART","BART_011","distributed","mixedForest",44.048783,-71.295353,"WGS84",20.2,399.5,0.2,"2016-11-08T14:23Z","BART.2016.45",,,"drag and flag",160,"N",0,0,0,"No known compromise","NEON.DOC.014045vG","Pes0SJTi6mB/L3kaeuPRUby8XD59hvb8",
"b009de6d-2ca3-4650-991c-a66a61ef9f00","BART_010.tickPlot.tck","D01","BART","BART_010","distributed","deciduousForest",44.051100,-71.267766,"WGS84",20.2,413.0,0.4,"2016-11-08T15:22Z","BART.2016.45",,,"drag and flag",168,"N",0,0,0,"No known compromise","NEON.DOC.014045vG","Pes0SJTi6mB/L3kaeuPRUby8XD59hvb8",
"d2eab839-7afa-486d-8e7e-5d71552f4b93","BART_015.tickPlot.tck","D01","BART","BART_015","distributed","mixedForest",44.042149,-71.271603,"WGS84",20.3,455.0,0.5,"2016-11-08T16:09Z","BART.2016.45",,,"drag and flag",160,"N",0,0,0,"No known compromise","NEON.DOC.014045vG","Pes0SJTi6mB/L3kaeuPRUby8XD59hvb8",
"ecd6e8f4-d5ab-4d6d-9443-9da71ab72307","BART_002.tickPlot.tck","D01","BART","BART_002","distributed","deciduousForest",44.035231,-71.274674,"WGS84",20.2,502.6,0.3,"2016-11-08T16:57Z","BART.2016.45",,,"drag and flag",160,"N",0,0,0,"No known compromise","NEON.DOC.014045vG","Pes0SJTi6mB/L3kaeuPRUby8XD59hvb8",
