uid,namedLocation,date,domainID,siteID,plotID,plotType,nlcdClass,decimalLatitude,decimalLongitude,geodeticDatum,coordinateUncertainty,easting,northing,utmZone,elevation,elevationUncertainty,eventID,samplingProtocolVersion,treesPresent,treesAbsentList,shrubsPresent,shrubsAbsentList,lianasPresent,lianasAbsentList,nestedSubplotAreaShrubSapling,nestedSubplotAreaLiana,totalSampledAreaTrees,totalSampledAreaShrubSapling,totalSampledAreaLiana,remarks,measuredBy,recordedBy,dataQF
"2b6b5b2b-98a8-4275-b9bd-416b1ce67e25","RMNP_049.basePlot.vst","2017-10-03","D10","RMNP","RMNP_049","tower","evergreenForest",40.278386,-105.545085,"WGS84",20.1,453661.09,4458798.59,"13N",2741.3,0.1,"vst_RMNP_2017","NEON.DOC.000987vG","Y",,"Y",,"N",,"noneSelected","noneSelected",800,800,800,,"om/8VwYPvXpscp/aa6cESufiFOo8HGVf0ytawe5BDhM=","fWHghMULgzydjDlBKdRJnn+LrnIOOPluX0H9MFosrfc=",
"b4b7d454-db2a-4c87-937d-24d25f671197","RMNP_047.basePlot.vst","2017-10-03","D10","RMNP","RMNP_047","tower","mixedForest",40.278507,-105.546239,"WGS84",20.1,453563.07,4458812.63,"13N",2746.7,0.1,"vst_RMNP_2017","NEON.DOC.000987vG","Y","presentInAll","Y","presentInAll","N",,"100","noneSelected",800,400,800,,"Xlq171H9ZZbsZilyMy0m6M6FP0arYawWChcBok1JiV8=","epRSxzuPA5t48lVqzG8Zzpe6SXlOzIpEf2AuVe0brkA=",
"b82e5f82-5674-42db-851d-7b1dab7e2931","RMNP_046.basePlot.vst","2017-10-03","D10","RMNP","RMNP_046","tower","deciduousForest",40.277341,-105.544991,"WGS84",20.1,453668.37,4458682.55,"13N",2738.4,0.1,"vst_RMNP_2017","NEON.DOC.000987vG","Y",,"Y",,"N",,"25","noneSelected",800,100,800,,"rqshhe/SUgyPwdITr9NIwpYRUtT2h3qGluL++bNJ7qY=","gtcF6SkwFMwZhyumG8ZbjdKb4NrzWNwXCYvjmSW8HQQ=",
"030a6758-90c3-4cc6-a8a6-ee632ca03d94","RMNP_045.basePlot.vst","2017-10-05","D10","RMNP","RMNP_045","tower","evergreenForest",40.277348,-105.545588,"WGS84",20.2,453617.62,4458683.64,"13N",2745.2,0.2,"vst_RMNP_2017","NEON.DOC.000987vG","Y","presentInAll","Y","presentInAll","N",,"noneSelected","noneSelected",800,800,800,,"om/8VwYPvXpscp/aa6cESufiFOo8HGVf0ytawe5BDhM=","3uEnvnvqYXbO9JBJS6RXERXAwcfMg4u8JGudOnO+j4Y=",
"d6d08513-8fe1-4def-b13f-9759038c394f","RMNP_044.basePlot.vst","2017-10-10","D10","RMNP","RMNP_044","tower","evergreenForest",40.277330,-105.546207,"WGS84",20.1,453564.98,4458681.97,"13N",2744.3,0.1,"vst_RMNP_2017","NEON.DOC.000987vG","Y","presentInAll","Y",,"N",,"100","noneSelected",800,400,800,,"om/8VwYPvXpscp/aa6cESufiFOo8HGVf0ytawe5BDhM=","epRSxzuPA5t48lVqzG8Zzpe6SXlOzIpEf2AuVe0brkA=",
