uid,namedLocation,domainID,siteID,plotID,plotType,nlcdClass,decimalLatitude,decimalLongitude,geodeticDatum,coordinateUncertainty,elevation,elevationUncertainty,collectDate,eventID,sampleID,sampleCode,samplingMethod,totalSampledArea,targetTaxaPresent,adultCount,nymphCount,larvaCount,sampleCondition,samplingProtocolVersion,measuredBy,remarks
"7229b206-d08e-411f-9ca3-ff8d4561483b","SERC_023.tickPlot.tck","D02","SERC","SERC_023","distributed","cultivatedCrops",38.873978,-76.535925,"WGS84",20.1,6.7,0.1,"2017-04-03T15:13Z","SERC.2017.14",,,"drag",160,"N",0,0,0,"No known compromise","NEON.DOC.014045vG","/AhbGCCF27wHz9TggrmS1nLN8zUO+zcB",
"ba008b4b-ae26-4004-94b8-5b8c9e8e002e","SERC_001.tickPlot.tck","D02","SERC","SERC_001","distributed","deciduousForest",38.868186,-76.535306,"WGS84",20.2,2.1,0.2,"2017-04-03T15:53Z","SERC.2017.14","SERC_001.20170403",,"drag",159,"Y",2,0,0,"No known compromise","NEON.DOC.014045vG","p8WKbOBZs5/CRPjq/1HrITk8Sf0GvCtj",
"14eddeb2-ad66-4954-8bb5-1f8bb5fae86d","SERC_012.tickPlot.tck","D02","SERC","SERC_012","distributed","deciduousForest",38.880010,-76.561648,"WGS84",20.2,20.1,0.2,"2017-04-03T17:02Z","SERC.2017.14",,,"drag",159,"N",0,0,0,"No known compromise","NEON.DOC.014045vG","/AhbGCCF27wHz9TggrmS1nLN8zUO+zcB",
"6c9ead6f-b3a0-4922-8b0e-8682046a6627","SERC_006.tickPlot.tck","D02","SERC","SERC_006","distributed","deciduousForest",38.880025,-76.548376,"WGS84",20.2,2.6,0.3,"2017-04-03T18:07Z","SERC.2017.14",,,"drag",159,"N",0,0,0,"No known compromise","NEON.DOC.014045vG","p8WKbOBZs5/CRPjq/1HrITk8Sf0GvCtj",
"a84eaefb-9abf-4e4a-b336-13691773b809","SERC_005.tickPlot.tck","D02","SERC","SERC_005","distributed","deciduousForest",38.894060,-76.546307,"WGS84",20.3,8.5,0.5,"2017-04-03T18:56Z","SERC.2017.14",,,"drag",127,"N",0,0,0,"No known compromise","NEON.DOC.014045vG","/AhbGCCF27wHz9TggrmS1nLN8zUO+zcB",
"74e84535-2431-4fa6-b017-d345a7a740f2","SERC_002.tickPlot.tck","D02","SERC","SERC_002","distributed","deciduousForest",38.896262,-76.558166,"WGS84",20.2,17.0,0.3,"2017-04-03T19:51Z","SERC.2017.15","SERC_002.20170403",,"drag",146,"Y",0,1,0,"No known compromise","NEON.DOC.014045vH","p8WKbOBZs5/CRPjq/1HrITk8Sf0GvCtj",
"67f26835-8b7a-4bc3-ab92-70e762790157","SERC_005.tickPlot.tck","D02","SERC","SERC_005","distributed","deciduousForest",38.894060,-76.546307,"WGS84",20.3,8.5,0.5,"2017-04-27T15:30Z","SERC.2017.18","SERC_005.20170427",,"drag and flag",111,"Y",0,7,0,"No known compromise","NEON.DOC.014045vH","/AhbGCCF27wHz9TggrmS1nLN8zUO+zcB",
"b56818a4-98ed-482a-bcbb-fa37a228f4ac","SERC_006.tickPlot.tck","D02","SERC","SERC_006","distributed","deciduousForest",38.880025,-76.548376,"WGS84",20.2,2.6,0.3,"2017-04-27T17:08Z","SERC.2017.18","SERC_006.20170427",,"drag",160,"Y",0,9,0,"No known compromise","NEON.DOC.014045vH","/AhbGCCF27wHz9TggrmS1nLN8zUO+zcB",
"c1b5dda8-31e6-4566-936c-e70e6ebe4131","SERC_002.tickPlot.tck","D02","SERC","SERC_002","distributed","deciduousForest",38.896262,-76.558166,"WGS84",20.2,17.0,0.3,"2017-04-27T18:58Z","SERC.2017.18","SERC_002.20170427",,"drag and flag",152,"Y",2,3,8,"No known compromise","NEON.DOC.014045vH","/AhbGCCF27wHz9TggrmS1nLN8zUO+zcB",
"3e2056dc-2fe3-4308-a47c-1a7842444372","SERC_023.tickPlot.tck","D02","SERC","SERC_023","distributed","cultivatedCrops",38.873978,-76.535925,"WGS84",20.1,6.7,0.1,"2017-04-27T20:43Z","SERC.2017.18","SERC_023.20170427",,"drag",160,"Y",0,2,0,"No known compromise","NEON.DOC.014045vH","ena7GLJui5s1h8moQAQPw3Qj2+mVdivS",
"55ad2bfb-4a28-44a3-b7a6-797b9802c8dd","SERC_001.tickPlot.tck","D02","SERC","SERC_001","distributed","deciduousForest",38.868186,-76.535306,"WGS84",20.2,2.1,0.2,"2017-04-27T21:20Z","SERC.2017.18","SERC_001.20170427",,"drag",154,"Y",3,15,0,"No known compromise","NEON.DOC.014045vH","ena7GLJui5s1h8moQAQPw3Qj2+mVdivS",
"f77970f7-4796-4450-b02f-0f1ca387cfaf","SERC_012.tickPlot.tck","D02","SERC","SERC_012","distributed","deciduousForest",38.880010,-76.561648,"WGS84",20.2,20.1,0.2,"2017-04-27T22:29Z","SERC.2017.18","SERC_012.20170427",,"drag",160,"Y",0,9,0,"No known compromise","NEON.DOC.014045vH","ena7GLJui5s1h8moQAQPw3Qj2+mVdivS",
