uid,namedLocation,plotID,collectDate,identifiedDate,sampleID,subsampleID,scientificName,acceptedTaxonID,taxonRank,family,subfamily,tribe,subtribe,genus,subgenus,specificEpithet,infraspecificEpithet,identificationQualifier,identificationReferences,identificationProtocolVersion,scientificNameAuthorship,sexOrAge,individualCount,sampleCondition,archiveMedium,archiveFacilityID,deprecatedVialID,identifiedBy,laboratoryName,remarks
"01473e79-c3ad-45d0-81c2-f5f66d572a93","SERC_001.tickPlot.tck","SERC_001","2017-04-03T15:53Z","2018-01-30T17:00Z","SERC_001.20170403","SERC_001.20170403.AMBAME.M","Amblyomma americanum","AMBAME","species","Ixodidae",,,,"Amblyomma",,"americanum",,,"Cooley, R. A. and G. M. Kohls. 1944. The genus Amblyomma (ixodidae) in the United States. The Journal of Parasitology, 30(2):77-111.","GSU_tickIdentification_SOP_2016-11-01.pdf","Linnaeus","Male",1,"OK","90% ethanol","USNMENT01430096","SERC_001.20170403.AMBAME.M","Lorenza Beati","Georgia Southern University","RNA"
"d29bbe0b-32b2-4073-9fb0-7e8d84f0a7b4","SERC_001.tickPlot.tck","SERC_001","2017-04-03T15:53Z","2018-01-30T17:00Z","SERC_001.20170403","SERC_001.20170403.IXOSCA.M","Ixodes scapularis","IXOSCA","species","Ixodidae",,,,"Ixodes",,"scapularis",,,"Cooley, R. A. and G. M. Kohls. 1945. The genus Ixodes in North America. National Institute of Health Bulletin, 184.","GSU_tickIdentification_SOP_2016-11-01.pdf","Say","Male",1,"OK","90% ethanol","USNMENT00984977","SERC_001.20170403.IXOSCA.M","Lorenza Beati","Georgia Southern University","RNA"
"e9c0b13d-fd51-430a-844c-5919e343f1ea","SERC_002.tickPlot.tck","SERC_002","2017-04-03T19:51Z","2018-01-30T17:00Z","SERC_002.20170403","SERC_002.20170403.AMBAME.N","Amblyomma americanum","AMBAME","species","Ixodidae",,,,"Amblyomma",,"americanum",,,"Cooley, R. A. and G. M. Kohls. 1944. The genus Amblyomma (ixodidae) in the United States. The Journal of Parasitology, 30(2):77-111.","GSU_tickIdentification_SOP_2016-11-01.pdf","Linnaeus","Nymph",1,"OK","90% ethanol","USNMENT00984978","SERC_002.20170403.AMBAME.N","Lorenza Beati","Georgia Southern University","RNA"
"1a40be76-845f-45a1-8924-125832a3b65d","SERC_005.tickPlot.tck","SERC_005","2017-04-27T15:30Z","2018-01-06T17:00Z","SERC_005.20170427","SERC_005.20170427.AMBAME.N","Amblyomma americanum","AMBAME","species","Ixodidae",,,,"Amblyomma",,"americanum",,,"Cooley, R. A. and G. M. Kohls. 1944. The genus Amblyomma (ixodidae) in the United States. The Journal of Parasitology, 30(2):77-111.","GSU_tickIdentification_SOP_2016-11-01.pdf","Linnaeus","Nymph",5,"OK","90% ethanol","USNMENT01358095","SERC_005.20170427.AMBAME.N","Lorenza Beati","Georgia Southern University",
"2a552cab-043a-4737-80eb-2d6a120b8f9d","SERC_005.tickPlot.tck","SERC_005","2017-04-27T15:30Z","2018-01-06T17:00Z","SERC_005.20170427","SERC_005.20170427.IXOSCA.N","Ixodes scapularis","IXOSCA","species","Ixodidae",,,,"Ixodes",,"scapularis",,,"Cooley, R. A. and G. M. Kohls. 1945. The genus Ixodes in North America. National Institute of Health Bulletin, 184.","GSU_tickIdentification_SOP_2016-11-01.pdf","Say","Nymph",2,"OK","90% ethanol","USNMENT01358096","SERC_005.20170427.IXOSCA.N","Lorenza Beati","Georgia Southern University",
"652fed1d-3197-4746-bf9a-280cee202738","SERC_006.tickPlot.tck","SERC_006","2017-04-27T17:08Z","2018-01-06T17:00Z","SERC_006.20170427","SERC_006.20170427.IXOSCA.N","Ixodes scapularis","IXOSCA","species","Ixodidae",,,,"Ixodes",,"scapularis",,,"Cooley, R. A. and G. M. Kohls. 1945. The genus Ixodes in North America. National Institute of Health Bulletin, 184.","GSU_tickIdentification_SOP_2016-11-01.pdf","Say","Nymph",2,"OK","90% ethanol","USNMENT01358098","SERC_006.20170427.IXOSCA.N","Lorenza Beati","Georgia Southern University","one damaged"
"cd62dbe7-a4fe-4de6-b692-1234c3646973","SERC_006.tickPlot.tck","SERC_006","2017-04-27T17:08Z","2018-01-06T17:00Z","SERC_006.20170427","SERC_006.20170427.AMBAME.N","Amblyomma americanum","AMBAME","species","Ixodidae",,,,"Amblyomma",,"americanum",,,"Cooley, R. A. and G. M. Kohls. 1944. The genus Amblyomma (ixodidae) in the United States. The Journal of Parasitology, 30(2):77-111.","GSU_tickIdentification_SOP_2016-11-01.pdf","Linnaeus","Nymph",7,"OK","90% ethanol","USNMENT01358097","SERC_006.20170427.AMBAME.N","Lorenza Beati","Georgia Southern University",
"760eff8d-4a28-45c7-a43c-df51f78ed522","SERC_002.tickPlot.tck","SERC_002","2017-04-27T18:58Z","2018-01-06T17:00Z","SERC_002.20170427","SERC_002.20170427.AMBAME.N","Amblyomma americanum","AMBAME","species","Ixodidae",,,,"Amblyomma",,"americanum",,,"Cooley, R. A. and G. M. Kohls. 1944. The genus Amblyomma (ixodidae) in the United States. The Journal of Parasitology, 30(2):77-111.","GSU_tickIdentification_SOP_2016-11-01.pdf","Linnaeus","Nymph",2,"OK","90% ethanol","USNMENT01358101","SERC_002.20170427.AMBAME.N","Lorenza Beati","Georgia Southern University",
"8c218afd-1b57-4748-941b-099d2d8429d9","SERC_002.tickPlot.tck","SERC_002","2017-04-27T18:58Z","2018-01-06T17:00Z","SERC_002.20170427","SERC_002.20170427.AMBAME.M","Amblyomma americanum","AMBAME","species","Ixodidae",,,,"Amblyomma",,"americanum",,,"Cooley, R. A. and G. M. Kohls. 1944. The genus Amblyomma (ixodidae) in the United States. The Journal of Parasitology, 30(2):77-111.","GSU_tickIdentification_SOP_2016-11-01.pdf","Linnaeus","Male",2,"OK","90% ethanol","USNMENT01358099","SERC_002.20170427.AMBAME.M","Lorenza Beati","Georgia Southern University","TO PAULA"
"dfb34efa-b0fc-4b6d-9a72-46c8cc900397","SERC_002.tickPlot.tck","SERC_002","2017-04-27T18:58Z","2018-01-06T17:00Z","SERC_002.20170427","SERC_002.20170427.IXOSCA.N","Ixodes scapularis","IXOSCA","species","Ixodidae",,,,"Ixodes",,"scapularis",,,"Cooley, R. A. and G. M. Kohls. 1945. The genus Ixodes in North America. National Institute of Health Bulletin, 184.","GSU_tickIdentification_SOP_2016-11-01.pdf","Say","Nymph",1,"OK","90% ethanol","USNMENT01358102","SERC_002.20170427.IXOSCA.N","Lorenza Beati","Georgia Southern University",
"0dc5862a-3e27-47ef-a953-94ed6c94b8e3","SERC_002.tickPlot.tck","SERC_002","2017-04-27T18:58Z","2017-07-06T16:00Z","SERC_002.20170427","SERC_002.20170427.IXOSP.L","Ixodidae sp.","IXOSP","family","Ixodidae",,,,,,"sp.",,,,"GSU_tickIdentification_SOP_2016-11-01.pdf",,"Larva",1,"OK","90% ethanol","USNMENT01358100","SERC_002.20170427.L","Guy Hobbs","Georgia Southern University",
"c9b4bf17-a069-454d-bc4a-cb9c3fdb5b72","SERC_023.tickPlot.tck","SERC_023","2017-04-27T20:43Z","2018-01-06T17:00Z","SERC_023.20170427","SERC_023.20170427.AMBAME.N","Amblyomma americanum","AMBAME","species","Ixodidae",,,,"Amblyomma",,"americanum",,,"Cooley, R. A. and G. M. Kohls. 1944. The genus Amblyomma (ixodidae) in the United States. The Journal of Parasitology, 30(2):77-111.","GSU_tickIdentification_SOP_2016-11-01.pdf","Linnaeus","Nymph",2,"OK","90% ethanol","USNMENT01358103","SERC_023.20170427.AMBAME.N","Lorenza Beati","Georgia Southern University",
"94fd97f8-04d6-4ca3-9cb8-f9efe31fd747","SERC_001.tickPlot.tck","SERC_001","2017-04-27T21:20Z","2018-01-06T17:00Z","SERC_001.20170427","SERC_001.20170427.IXOSCA.N","Ixodes scapularis","IXOSCA","species","Ixodidae",,,,"Ixodes",,"scapularis",,,"Cooley, R. A. and G. M. Kohls. 1945. The genus Ixodes in North America. National Institute of Health Bulletin, 184.","GSU_tickIdentification_SOP_2016-11-01.pdf","Say","Nymph",7,"OK","90% ethanol","USNMENT01358107","SERC_001.20170427.IXOSCA.N","Lorenza Beati","Georgia Southern University",
"5abd9f05-065b-439c-994f-e7368828ef88","SERC_001.tickPlot.tck","SERC_001","2017-04-27T21:20Z","2018-01-06T17:00Z","SERC_001.20170427","SERC_001.20170427.AMBAME.M","Amblyomma americanum","AMBAME","species","Ixodidae",,,,"Amblyomma",,"americanum",,,"Cooley, R. A. and G. M. Kohls. 1944. The genus Amblyomma (ixodidae) in the United States. The Journal of Parasitology, 30(2):77-111.","GSU_tickIdentification_SOP_2016-11-01.pdf","Linnaeus","Male",1,"OK","90% ethanol","USNMENT01358110","SERC_001.20170427.AMBAME.M","Lorenza Beati","Georgia Southern University",
"3132d221-8ef0-4ae4-b614-a412a4c50e4f","SERC_001.tickPlot.tck","SERC_001","2017-04-27T21:20Z","2018-01-06T17:00Z","SERC_001.20170427","SERC_001.20170427.DERVAR.F","Dermacentor variabilis","DERVAR","species","Ixodidae",,,,"Dermacentor",,"variabilis",,,"Yunker, C. E., Keirans, J. E., Clifford, C. M., and E. R. Easton. 1986. Dermacentor ticks (Acari: Ixodoidea: Ixodidae) of the New World: a scanning electron microscope atlas. Proceedings of the Entomological Society of Washington, 88(4):609-627.","GSU_tickIdentification_SOP_2016-11-01.pdf","Say","Female",1,"OK","90% ethanol","USNMENT01358109","SERC_001.20170427.DERVAR.F","Lorenza Beati","Georgia Southern University","TO PAULA"
"86759fcb-9319-4602-8bc6-d96fa940a70e","SERC_001.tickPlot.tck","SERC_001","2017-04-27T21:20Z","2018-01-30T17:00Z","SERC_001.20170427","SERC_001.20170427.AMBAME.N","Amblyomma americanum","AMBAME","species","Ixodidae",,,,"Amblyomma",,"americanum",,,"Cooley, R. A. and G. M. Kohls. 1944. The genus Amblyomma (ixodidae) in the United States. The Journal of Parasitology, 30(2):77-111.","GSU_tickIdentification_SOP_2016-11-01.pdf","Linnaeus","Nymph",8,"OK","90% ethanol","USNMENT01358106","SERC_001.20170427.AMBAMEN","Lorenza Beati","Georgia Southern University","MISSING VIAL???"
"f3ad297f-9793-43b8-a82a-c3339660f297","SERC_001.tickPlot.tck","SERC_001","2017-04-27T21:20Z","2018-01-06T17:00Z","SERC_001.20170427","SERC_001.20170427.AMBAME.F","Amblyomma americanum","AMBAME","species","Ixodidae",,,,"Amblyomma",,"americanum",,,"Cooley, R. A. and G. M. Kohls. 1944. The genus Amblyomma (ixodidae) in the United States. The Journal of Parasitology, 30(2):77-111.","GSU_tickIdentification_SOP_2016-11-01.pdf","Linnaeus","Female",1,"OK","90% ethanol","USNMENT01358108","SERC_001.20170427.AMBAME.F","Lorenza Beati","Georgia Southern University",
"e7b5298f-2056-4887-87ac-da2cd1baefc3","SERC_012.tickPlot.tck","SERC_012","2017-04-27T22:29Z","2018-01-06T17:00Z","SERC_012.20170427","SERC_012.20170427.IXOSCA.N","Ixodes scapularis","IXOSCA","species","Ixodidae",,,,"Ixodes",,"scapularis",,,"Cooley, R. A. and G. M. Kohls. 1945. The genus Ixodes in North America. National Institute of Health Bulletin, 184.","GSU_tickIdentification_SOP_2016-11-01.pdf","Say","Nymph",3,"OK","90% ethanol","USNMENT01358105","SERC_012.20170427.IXOSCA.N","Lorenza Beati","Georgia Southern University",
"b7d2ad5a-4d55-413a-b195-fd753e9cdc29","SERC_012.tickPlot.tck","SERC_012","2017-04-27T22:29Z","2018-01-06T17:00Z","SERC_012.20170427","SERC_012.20170427.AMBAME.N","Amblyomma americanum","AMBAME","species","Ixodidae",,,,"Amblyomma",,"americanum",,,"Cooley, R. A. and G. M. Kohls. 1944. The genus Amblyomma (ixodidae) in the United States. The Journal of Parasitology, 30(2):77-111.","GSU_tickIdentification_SOP_2016-11-01.pdf","Linnaeus","Nymph",6,"OK","90% ethanol","USNMENT01358104","SERC_012.20170427.AMBAME.N","Lorenza Beati","Georgia Southern University",
