uid,namedLocation,domainID,siteID,plotID,plotType,nlcdClass,decimalLatitude,decimalLongitude,geodeticDatum,coordinateUncertainty,elevation,elevationUncertainty,collectDate,eventID,sampleID,sampleCode,samplingMethod,totalSampledArea,targetTaxaPresent,adultCount,nymphCount,larvaCount,sampleCondition,samplingProtocolVersion,measuredBy,remarks
"e55bc29b-69a5-49de-a632-5f57a8d7dcd9","LENO_015.tickPlot.tck","D08","LENO","LENO_015","distributed","woodyWetlands",31.817299,-88.191485,"WGS84",20.5,14.2,0.8,"2018-05-09T11:33Z","LENO.2018.19",,,"drag",160,"N",0,0,0,,"NEON.DOC.014045vJ","udEaWw53Elxvp6M7t/PsCdorGPHBPkzcd4HRbmIkprI=",
"dd1171ce-cabd-48ad-8e6d-770c2791c62f","LENO_004.tickPlot.tck","D08","LENO","LENO_004","distributed","woodyWetlands",31.822376,-88.181956,"WGS84",20.2,12.5,0.2,"2018-05-09T12:24Z","LENO.2018.19",,,"drag",160,"N",0,0,0,,"NEON.DOC.014045vJ","udEaWw53Elxvp6M7t/PsCdorGPHBPkzcd4HRbmIkprI=",
"69b6913d-9b67-432e-bda6-158a95fe7e51","LENO_042.tickPlot.tck","D08","LENO","LENO_042","distributed","woodyWetlands",31.817825,-88.182881,"WGS84",20.2,14.6,0.3,"2018-05-09T13:06Z","LENO.2018.19",,,"drag and flag",115,"N",0,0,0,,"NEON.DOC.014045vJ","udEaWw53Elxvp6M7t/PsCdorGPHBPkzcd4HRbmIkprI=",
"e5b8c524-7744-4e0a-887d-0de5f60a7bfe","LENO_023.tickPlot.tck","D08","LENO","LENO_023","distributed","deciduousForest",31.809463,-88.181417,"WGS84",20.2,11.6,0.2,"2018-05-09T13:55Z","LENO.2018.19",,,"drag and flag",106,"N",0,0,0,,"NEON.DOC.014045vJ","udEaWw53Elxvp6M7t/PsCdorGPHBPkzcd4HRbmIkprI=",
"d5df2f9d-44f6-4e4d-898c-aac7827f22ad","LENO_003.tickPlot.tck","D08","LENO","LENO_003","distributed","deciduousForest",31.809581,-88.187553,"WGS84",20.2,15.4,0.4,"2018-05-09T14:38Z","LENO.2018.19","LENO_003.20180509","B00000003245","drag",155,"Y",1,0,0,"No known compromise","NEON.DOC.014045vJ","5xnpZY6RWQXfIcA73Yt35xUCFBfitt36GhvlLe6b6lWMQTOe3VOuNA==",
"f59534f0-100e-4bcc-a78a-6a891f015911","LENO_002.tickPlot.tck","D08","LENO","LENO_002","distributed","woodyWetlands",31.806282,-88.195216,"WGS84",20.2,16.8,0.2,"2018-05-09T15:25Z","LENO.2018.19","LENO_002.20180509","B00000003238","drag",160,"Y",1,0,0,"No known compromise","NEON.DOC.014045vJ","udEaWw53Elxvp6M7t/PsCdorGPHBPkzcd4HRbmIkprI=",
