uid,namedLocation,domainID,siteID,plotID,plotType,nlcdClass,decimalLatitude,decimalLongitude,geodeticDatum,coordinateUncertainty,elevation,elevationUncertainty,collectDate,eventID,sampleID,sampleCode,samplingMethod,totalSampledArea,targetTaxaPresent,adultCount,nymphCount,larvaCount,sampleCondition,samplingProtocolVersion,measuredBy,remarks
"9be19bca-7f0e-4234-a341-d505517e8320","GRSM_009.tickPlot.tck","D07","GRSM","GRSM_009","distributed","deciduousForest",35.671874,-83.491180,"WGS84",20.2,820.9,0.2,"2017-05-08T15:10Z","GRSM.2017.20",,,"drag",160,"N",0,0,0,"No known compromise","NEON.DOC.014045vH","cLunHzhvGfyh4/99Zy5JARRg4syPOOJJIwaOkawWhT8=",
"36234348-4904-4ae0-bc0b-50071cf229fb","GRSM_004.tickPlot.tck","D07","GRSM","GRSM_004","distributed","deciduousForest",35.688959,-83.535562,"WGS84",20.3,441.9,0.5,"2017-05-08T15:37Z","GRSM.2017.20",,,"drag and flag",158,"N",0,0,0,"No known compromise","NEON.DOC.014045vH","a/aqUH+4CfjbVMKT8GZX5jp1ciwPhaJJmObVM7eRPRo=",
"d52d2e88-f80d-4a63-b505-7014a514e51e","GRSM_003.tickPlot.tck","D07","GRSM","GRSM_003","distributed","deciduousForest",35.676584,-83.476209,"WGS84",20.2,880.6,0.2,"2017-05-08T16:12Z","GRSM.2017.20",,,"drag and flag",170,"N",0,0,0,"No known compromise","NEON.DOC.014045vH","cLunHzhvGfyh4/99Zy5JARRg4syPOOJJIwaOkawWhT8=",
"088b65b1-a3bf-45ec-83a3-11e2737487dd","GRSM_010.tickPlot.tck","D07","GRSM","GRSM_010","distributed","deciduousForest",35.669242,-83.524579,"WGS84",20.2,510.4,0.3,"2017-05-08T16:57Z","GRSM.2017.20","GRSM_010.20170508",,"drag and flag",160,"Y",0,0,1,"No known compromise","NEON.DOC.014045vH","BmUhXJih24blUY53upISnoNLs4g/+M7UdL+C2k0z8MI=",
"74f52062-ceb8-4cb0-83fb-a1d23bec1bf1","GRSM_015.tickPlot.tck","D07","GRSM","GRSM_015","distributed","deciduousForest",35.729089,-83.408061,"WGS84",20.2,448.3,0.2,"2017-05-08T17:31Z","GRSM.2017.20",,,"drag and flag",180,"N",0,0,0,"No known compromise","NEON.DOC.014045vH","cLunHzhvGfyh4/99Zy5JARRg4syPOOJJIwaOkawWhT8=",
"14a8edfc-f4dd-4ced-81bf-516bb474e362","GRSM_006.tickPlot.tck","D07","GRSM","GRSM_006","distributed","deciduousForest",35.679072,-83.643678,"WGS84",20.2,533.6,0.2,"2017-05-08T18:06Z","GRSM.2017.20",,,"drag and flag",162,"N",0,0,0,"No known compromise","NEON.DOC.014045vG","BmUhXJih24blUY53upISnoNLs4g/+M7UdL+C2k0z8MI=",
