uid,namedLocation,domainID,siteID,plotID,plotType,nlcdClass,decimalLatitude,decimalLongitude,geodeticDatum,coordinateUncertainty,elevation,elevationUncertainty,collectDate,eventID,sampleID,sampleCode,samplingMethod,totalSampledArea,targetTaxaPresent,adultCount,nymphCount,larvaCount,sampleCondition,samplingProtocolVersion,measuredBy,remarks
"c27e293b-d3da-40f0-9ec3-a5800737b2cf","WOOD_024.tickPlot.tck","D09","WOOD","WOOD_024","distributed","emergentHerbaceousWetlands",47.150784,-99.260836,"WGS84",20.1,586.1,0.2,"2015-09-01T15:08Z","WOOD.2015.35",,,"flag",155,"N",0,0,,,"NEON.DOC.014045vF","a/0SlN26fEtmJ3LLysIxkaRUfZvckIBE","No ticks collected."
"762f14a1-e489-41f7-bdbd-a14f8ca90499","WOOD_001.tickPlot.tck","D09","WOOD","WOOD_001","distributed","grasslandHerbaceous",47.127200,-99.256464,"WGS84",20.1,593.8,0.2,"2015-09-01T16:11Z","WOOD.2015.35",,,"drag",160,"N",0,0,,,"NEON.DOC.014045vF","a/0SlN26fEtmJ3LLysIxkaRUfZvckIBE","No ticks collected."
"b158a5c4-edec-4509-9db8-c3c3900f4609","WOOD_007.tickPlot.tck","D09","WOOD","WOOD_007","distributed","grasslandHerbaceous",47.133887,-99.251357,"WGS84",20.4,593.6,0.3,"2015-09-01T16:49Z","WOOD.2015.35",,,"drag and flag",160,"N",0,0,,,"NEON.DOC.014045vF","a/0SlN26fEtmJ3LLysIxkaRUfZvckIBE","No ticks collected."
"36e1bd9d-c271-4d6a-a952-05e3a047ce7d","WOOD_006.tickPlot.tck","D09","WOOD","WOOD_006","distributed","grasslandHerbaceous",47.141023,-99.248055,"WGS84",20.1,587.2,0.1,"2015-09-01T17:19Z","WOOD.2015.35",,,"drag and flag",160,"N",0,0,,,"NEON.DOC.014045vF","a/0SlN26fEtmJ3LLysIxkaRUfZvckIBE","No ticks collected."
"1a075c58-38a5-4463-8a86-02581063a1cb","WOOD_002.tickPlot.tck","D09","WOOD","WOOD_002","distributed","grasslandHerbaceous",47.136802,-99.234546,"WGS84",20.1,578.3,0.1,"2015-09-01T17:52Z","WOOD.2015.35",,,"drag",160,"N",0,0,,,"NEON.DOC.014045vF","a/0SlN26fEtmJ3LLysIxkaRUfZvckIBE","No ticks collected."
"aa1ea063-a0c7-45e3-a11f-9f2eae8382c5","WOOD_009.tickPlot.tck","D09","WOOD","WOOD_009","distributed","grasslandHerbaceous",47.144534,-99.231072,"WGS84",20.1,573.5,0.2,"2015-09-01T18:25Z","WOOD.2015.35",,,"drag",160,"N",0,0,,,"NEON.DOC.014045vF","a/0SlN26fEtmJ3LLysIxkaRUfZvckIBE","No ticks collected."
"5e1d0d9f-711c-4cea-be31-b256043327db","WOOD_001.tickPlot.tck","D09","WOOD","WOOD_001","distributed","grasslandHerbaceous",47.127200,-99.256464,"WGS84",20.1,593.8,0.2,"2015-09-22T15:41Z","WOOD.2015.38",,,"drag",160,"N",0,0,,,"NEON.DOC.014045vF","4oCBvlQIQ4AKkAbO3hzlX0ZMbfo86D/MmhbWvz21Lhg=",
"51417216-3345-4388-aaea-a433b51839a0","WOOD_007.tickPlot.tck","D09","WOOD","WOOD_007","distributed","grasslandHerbaceous",47.133887,-99.251357,"WGS84",20.4,593.6,0.3,"2015-09-22T16:24Z","WOOD.2015.38",,,"drag and flag",160,"N",0,0,,,"NEON.DOC.014045vF","4oCBvlQIQ4AKkAbO3hzlX0ZMbfo86D/MmhbWvz21Lhg=",
"5e0c880c-1abf-41c9-9113-b2d6c93761a8","WOOD_006.tickPlot.tck","D09","WOOD","WOOD_006","distributed","grasslandHerbaceous",47.141023,-99.248055,"WGS84",20.1,587.2,0.1,"2015-09-22T17:30Z","WOOD.2015.38",,,"drag and flag",160,"N",0,0,,,"NEON.DOC.014045vF","4oCBvlQIQ4AKkAbO3hzlX0ZMbfo86D/MmhbWvz21Lhg=",
"e73defea-bc9d-47e3-8f9d-93f509d56fc9","WOOD_002.tickPlot.tck","D09","WOOD","WOOD_002","distributed","grasslandHerbaceous",47.136802,-99.234546,"WGS84",20.1,578.3,0.1,"2015-09-22T18:08Z","WOOD.2015.38",,,"drag",160,"N",0,0,,,"NEON.DOC.014045vF","4oCBvlQIQ4AKkAbO3hzlX0ZMbfo86D/MmhbWvz21Lhg=",
"754b2cb8-34f0-4b91-bb47-7f192deec459","WOOD_009.tickPlot.tck","D09","WOOD","WOOD_009","distributed","grasslandHerbaceous",47.144534,-99.231072,"WGS84",20.1,573.5,0.2,"2015-09-22T18:55Z","WOOD.2015.38",,,"drag",160,"N",0,0,,,"NEON.DOC.014045vF","4oCBvlQIQ4AKkAbO3hzlX0ZMbfo86D/MmhbWvz21Lhg=",
"a7cedd07-0d37-4da7-ab25-286b5211464a","WOOD_024.tickPlot.tck","D09","WOOD","WOOD_024","distributed","emergentHerbaceousWetlands",47.150784,-99.260836,"WGS84",20.1,586.1,0.2,"2015-09-22T19:36Z","WOOD.2015.38",,,"flag",160,"N",0,0,,,"NEON.DOC.014045vF","4oCBvlQIQ4AKkAbO3hzlX0ZMbfo86D/MmhbWvz21Lhg=","went off normal path for about 10m near SW corner"
