uid,namedLocation,date,eventID,domainID,siteID,plotID,subplotID,individualID,tagStatus,growthForm,plantStatus,stemDiameter,measurementHeight,height,baseCrownHeight,breakHeight,breakDiameter,maxCrownDiameter,ninetyCrownDiameter,canopyPosition,shape,basalStemDiameter,basalStemDiameterMsrmntHeight,maxBaseCrownDiameter,ninetyBaseCrownDiameter,remarks,recordedBy,measuredBy,dataQF
"6c4aa0dd-3c8b-41c9-b36c-1551c77f0f4e","ABBY_007.basePlot.vst","2017-04-03","vst_ABBY_2016","D16","ABBY","ABBY_007",,"NEON.PLA.D16.ABBY.01567","ok","small shrub","Live, physically damaged",,,0.7,,,,0.9,0.7,,"inverted cone",1.0,10,0.10,0.10,"Browsed","ek73KqIvQF8RhLDCLTKMoAaxRWZ9yW3gVzCev5Zm+/g=","6GcJ3e14hu2LGG3nGEbIL3jvGLpI7eRMz84sdZxzGcA=","legacyData"
"2c01d331-e959-4be4-81d8-834a128b395c","ABBY_007.basePlot.vst","2017-04-03","vst_ABBY_2016","D16","ABBY","ABBY_007",,"NEON.PLA.D16.ABBY.00166","ok","single shrub","Lost, presumed dead",,,,,,,,,,,,,,,,"ek73KqIvQF8RhLDCLTKMoAaxRWZ9yW3gVzCev5Zm+/g=","6GcJ3e14hu2LGG3nGEbIL3jvGLpI7eRMz84sdZxzGcA=","legacyData"
"a33fcf75-41db-45b0-9b14-2ff9a34dbaf2","ABBY_007.basePlot.vst","2017-04-03","vst_ABBY_2016","D16","ABBY","ABBY_007",,"NEON.PLA.D16.ABBY.00170","ok","small shrub","Lost, presumed dead",,,,,,,,,,,,,,,,"ek73KqIvQF8RhLDCLTKMoAaxRWZ9yW3gVzCev5Zm+/g=","6GcJ3e14hu2LGG3nGEbIL3jvGLpI7eRMz84sdZxzGcA=","legacyData"
"5105b941-1384-4065-adb5-088e4a8f8f18","ABBY_007.basePlot.vst","2017-04-03","vst_ABBY_2016","D16","ABBY","ABBY_007",,"NEON.PLA.D16.ABBY.01432","ok","sapling","Live",,,0.8,,,,,,,,1.2,10,,,,"ek73KqIvQF8RhLDCLTKMoAaxRWZ9yW3gVzCev5Zm+/g=","6GcJ3e14hu2LGG3nGEbIL3jvGLpI7eRMz84sdZxzGcA=","legacyData"
"35b24cf6-570b-4786-b595-52cc3ae56518","ABBY_007.basePlot.vst","2017-04-03","vst_ABBY_2016","D16","ABBY","ABBY_007",,"NEON.PLA.D16.ABBY.00141","ok","small tree","Live, physically damaged",1.8,130,0.5,,,,2.1,0.5,,,,,,,,"ek73KqIvQF8RhLDCLTKMoAaxRWZ9yW3gVzCev5Zm+/g=","6GcJ3e14hu2LGG3nGEbIL3jvGLpI7eRMz84sdZxzGcA=","legacyData"
"15695038-2bfd-40e9-9dbf-70f285df58ff","ABBY_007.basePlot.vst","2017-04-03","vst_ABBY_2016","D16","ABBY","ABBY_007",,"NEON.PLA.D16.ABBY.00152","ok","small shrub","Lost, presumed dead",,,,,,,,,,,,,,,,"ek73KqIvQF8RhLDCLTKMoAaxRWZ9yW3gVzCev5Zm+/g=","6GcJ3e14hu2LGG3nGEbIL3jvGLpI7eRMz84sdZxzGcA=","legacyData"
"8c6b9a89-f5be-4bc6-951a-4c3f7257d154","ABBY_007.basePlot.vst","2017-04-03","vst_ABBY_2016","D16","ABBY","ABBY_007",,"NEON.PLA.D16.ABBY.00158","ok","small shrub","Lost, presumed dead",,,,,,,,,,,,,,,,"ek73KqIvQF8RhLDCLTKMoAaxRWZ9yW3gVzCev5Zm+/g=","6GcJ3e14hu2LGG3nGEbIL3jvGLpI7eRMz84sdZxzGcA=","legacyData"
"a9402bbf-eb5e-4ffb-b146-4027a26f38c6","ABBY_007.basePlot.vst","2017-04-03","vst_ABBY_2016","D16","ABBY","ABBY_007",,"NEON.PLA.D16.ABBY.00140","ok","small shrub","Live, physically damaged",,,0.5,,,,0.8,0.7,,"inverted cone",1.1,10,0.10,0.10,"Browsed and damaged by logging activity","ek73KqIvQF8RhLDCLTKMoAaxRWZ9yW3gVzCev5Zm+/g=","6GcJ3e14hu2LGG3nGEbIL3jvGLpI7eRMz84sdZxzGcA=","legacyData"
"dc6173a0-f12c-41bc-90a2-6ba3cc47b25e","ABBY_007.basePlot.vst","2017-04-03","vst_ABBY_2016","D16","ABBY","ABBY_007",,"NEON.PLA.D16.ABBY.00164","ok","small shrub","Lost, presumed dead",,,,,,,,,,,,,,,,"ek73KqIvQF8RhLDCLTKMoAaxRWZ9yW3gVzCev5Zm+/g=","6GcJ3e14hu2LGG3nGEbIL3jvGLpI7eRMz84sdZxzGcA=","legacyData"
"6e568cdd-c70a-410a-a46d-90ec207295f5","ABBY_007.basePlot.vst","2017-04-03","vst_ABBY_2016","D16","ABBY","ABBY_007",,"NEON.PLA.D16.ABBY.02517","ok","single shrub","Live",3.6,130,1.7,,,,0.9,0.7,,"oblate half-sphere",3.3,10,,,,"ek73KqIvQF8RhLDCLTKMoAaxRWZ9yW3gVzCev5Zm+/g=","6GcJ3e14hu2LGG3nGEbIL3jvGLpI7eRMz84sdZxzGcA=","legacyData"
"151b6c05-9048-4e0f-8572-130b7bf84130","ABBY_007.basePlot.vst","2017-04-03","vst_ABBY_2016","D16","ABBY","ABBY_007",,"NEON.PLA.D16.ABBY.00142","ok","sapling","Lost, presumed dead",,,,,,,,,,,,,,,,"ek73KqIvQF8RhLDCLTKMoAaxRWZ9yW3gVzCev5Zm+/g=","6GcJ3e14hu2LGG3nGEbIL3jvGLpI7eRMz84sdZxzGcA=","legacyData"
"ed5a5508-ee9a-4a30-8a51-29f32cebe757","ABBY_007.basePlot.vst","2017-04-03","vst_ABBY_2016","D16","ABBY","ABBY_007",,"NEON.PLA.D16.ABBY.00162","ok","small shrub","Lost, presumed dead",,,,,,,,,,,,,,,,"ek73KqIvQF8RhLDCLTKMoAaxRWZ9yW3gVzCev5Zm+/g=","6GcJ3e14hu2LGG3nGEbIL3jvGLpI7eRMz84sdZxzGcA=","legacyData"
"b81a5489-1ec4-4836-b877-5220fcf8daa4","ABBY_007.basePlot.vst","2017-04-03","vst_ABBY_2016","D16","ABBY","ABBY_007",,"NEON.PLA.D16.ABBY.02588","ok","small shrub","Standing dead",,,0.5,,,,1.1,0.2,,"oblate half-sphere",3.2,10,,,,"ek73KqIvQF8RhLDCLTKMoAaxRWZ9yW3gVzCev5Zm+/g=","6GcJ3e14hu2LGG3nGEbIL3jvGLpI7eRMz84sdZxzGcA=","legacyData"
"e1f35041-0b82-4592-a339-26817ad4cb07","ABBY_007.basePlot.vst","2017-04-03","vst_ABBY_2016","D16","ABBY","ABBY_007",,"NEON.PLA.D16.ABBY.02686","ok","single shrub","Live, physically damaged",1.7,130,1.2,,,,2.7,0.5,,"oblate half-sphere",3.3,10,,,,"ek73KqIvQF8RhLDCLTKMoAaxRWZ9yW3gVzCev5Zm+/g=","6GcJ3e14hu2LGG3nGEbIL3jvGLpI7eRMz84sdZxzGcA=","legacyData"
"8d076b85-c5a5-45ea-ad87-9b5393a343c9","ABBY_007.basePlot.vst","2017-04-03","vst_ABBY_2016","D16","ABBY","ABBY_007",,"NEON.PLA.D16.ABBY.02542","ok","small shrub","Live, physically damaged",,,1.1,,,,0.9,0.6,,"inverted cone",1.0,10,0.10,0.10,"Browsed","ek73KqIvQF8RhLDCLTKMoAaxRWZ9yW3gVzCev5Zm+/g=","6GcJ3e14hu2LGG3nGEbIL3jvGLpI7eRMz84sdZxzGcA=","legacyData"
"f57cde7a-9960-4f90-9e9e-30fe396d997a","ABBY_007.basePlot.vst","2017-04-03","vst_ABBY_2016","D16","ABBY","ABBY_007",,"NEON.PLA.D16.ABBY.00139","ok","small shrub","Live, physically damaged",,,0.7,0.5,,,0.2,0.2,,"ellipsoid or sphere",1.5,10,,,,"ek73KqIvQF8RhLDCLTKMoAaxRWZ9yW3gVzCev5Zm+/g=","6GcJ3e14hu2LGG3nGEbIL3jvGLpI7eRMz84sdZxzGcA=","legacyData"
"b602838c-4d91-4591-b5ee-f6818dbdee7d","ABBY_007.basePlot.vst","2017-04-03","vst_ABBY_2016","D16","ABBY","ABBY_007",,"NEON.PLA.D16.ABBY.00159","ok","small shrub","Lost, presumed dead",,,,,,,,,,,,,,,,"ek73KqIvQF8RhLDCLTKMoAaxRWZ9yW3gVzCev5Zm+/g=","6GcJ3e14hu2LGG3nGEbIL3jvGLpI7eRMz84sdZxzGcA=","legacyData"
"7be7874e-b1fa-4d44-ad19-deb78d8d0a75","ABBY_007.basePlot.vst","2017-04-03","vst_ABBY_2016","D16","ABBY","ABBY_007",,"NEON.PLA.D16.ABBY.00157","ok","small shrub","Standing dead",,,0.3,,,,0.1,0.1,,"cylinder",1.1,10,,,,"ek73KqIvQF8RhLDCLTKMoAaxRWZ9yW3gVzCev5Zm+/g=","6GcJ3e14hu2LGG3nGEbIL3jvGLpI7eRMz84sdZxzGcA=","legacyData"
"5b68222c-db42-438d-abb0-64eec658910f","ABBY_007.basePlot.vst","2017-04-03","vst_ABBY_2016","D16","ABBY","ABBY_007",,"NEON.PLA.D16.ABBY.01433","ok","small shrub","Live, physically damaged",,,1.8,,,,0.9,0.5,,"ellipsoid or sphere",1.3,10,,,,"ek73KqIvQF8RhLDCLTKMoAaxRWZ9yW3gVzCev5Zm+/g=","6GcJ3e14hu2LGG3nGEbIL3jvGLpI7eRMz84sdZxzGcA=","legacyData"
"0fb4dba2-c258-4fa5-aadb-c9907964abf5","ABBY_007.basePlot.vst","2017-04-03","vst_ABBY_2016","D16","ABBY","ABBY_007",,"NEON.PLA.D16.ABBY.00171","ok","single shrub","Lost, presumed dead",,,,,,,,,,,,,,,,"ek73KqIvQF8RhLDCLTKMoAaxRWZ9yW3gVzCev5Zm+/g=","6GcJ3e14hu2LGG3nGEbIL3jvGLpI7eRMz84sdZxzGcA=","legacyData"
"b737d9ba-0cc9-4593-959b-b483933f83f7","ABBY_007.basePlot.vst","2017-04-03","vst_ABBY_2016","D16","ABBY","ABBY_007",,"NEON.PLA.D16.ABBY.02545","ok","small shrub","Live, physically damaged",,,0.9,,,,0.8,0.7,,"inverted cone",1.0,10,0.10,0.10,"Browsed","ek73KqIvQF8RhLDCLTKMoAaxRWZ9yW3gVzCev5Zm+/g=","6GcJ3e14hu2LGG3nGEbIL3jvGLpI7eRMz84sdZxzGcA=","legacyData"
"a9d7ed95-d47e-4c1b-bca4-e637b6608c27","ABBY_007.basePlot.vst","2017-04-03","vst_ABBY_2016","D16","ABBY","ABBY_007",,"NEON.PLA.D16.ABBY.02582","ok","small shrub","Live, physically damaged",,,0.7,,,,0.7,0.5,,"inverted cone",1.1,10,0.10,0.10,"Browsed","ek73KqIvQF8RhLDCLTKMoAaxRWZ9yW3gVzCev5Zm+/g=","6GcJ3e14hu2LGG3nGEbIL3jvGLpI7eRMz84sdZxzGcA=","legacyData"
"5703f207-048b-4308-af23-b3184d6705e3","ABBY_007.basePlot.vst","2017-04-03","vst_ABBY_2016","D16","ABBY","ABBY_007",,"NEON.PLA.D16.ABBY.00136","ok","single bole tree","Removed",,,,,,,,,,,,,,,"Harvested Spring 2017.","ek73KqIvQF8RhLDCLTKMoAaxRWZ9yW3gVzCev5Zm+/g=","6GcJ3e14hu2LGG3nGEbIL3jvGLpI7eRMz84sdZxzGcA=","legacyData"
"4d2a4102-fc5d-4523-ba7d-39c706c87bae","ABBY_007.basePlot.vst","2017-04-03","vst_ABBY_2016","D16","ABBY","ABBY_007",,"NEON.PLA.D16.ABBY.02578","ok","small shrub","Live, physically damaged",,,0.5,,,,1.1,0.5,,"oblate half-sphere",1.0,10,,,"Browsed","ek73KqIvQF8RhLDCLTKMoAaxRWZ9yW3gVzCev5Zm+/g=","6GcJ3e14hu2LGG3nGEbIL3jvGLpI7eRMz84sdZxzGcA=","legacyData"
"69c938ec-51ee-4cae-aba6-419b0e86abc4","ABBY_007.basePlot.vst","2017-04-03","vst_ABBY_2016","D16","ABBY","ABBY_007",,"NEON.PLA.D16.ABBY.01433","ok","small shrub","Live, physically damaged",,,1.8,0.5,,,0.9,0.5,,"ellipsoid or sphere",3.3,10,,,"Damaged by logging activity.","ek73KqIvQF8RhLDCLTKMoAaxRWZ9yW3gVzCev5Zm+/g=","6GcJ3e14hu2LGG3nGEbIL3jvGLpI7eRMz84sdZxzGcA=","legacyData"
"731bcd69-a781-4b47-98f8-f7f599554f55","ABBY_007.basePlot.vst","2017-04-03","vst_ABBY_2016","D16","ABBY","ABBY_007",,"NEON.PLA.D16.ABBY.00131","removed","single bole tree","Removed",,,,,,,,,,,,,,,"Harvested","ek73KqIvQF8RhLDCLTKMoAaxRWZ9yW3gVzCev5Zm+/g=","6GcJ3e14hu2LGG3nGEbIL3jvGLpI7eRMz84sdZxzGcA=","legacyData"
"2ccdf260-bc71-4704-9a5b-ffbd98fcaf6e","ABBY_007.basePlot.vst","2017-04-03","vst_ABBY_2016","D16","ABBY","ABBY_007",,"NEON.PLA.D16.ABBY.00138","ok","small shrub","Live, physically damaged",,,0.2,,,,0.4,0.3,,"ellipsoid or sphere",1.2,10,,,"Dying because of sun exposure","ek73KqIvQF8RhLDCLTKMoAaxRWZ9yW3gVzCev5Zm+/g=","6GcJ3e14hu2LGG3nGEbIL3jvGLpI7eRMz84sdZxzGcA=","legacyData"
"75d997b3-a3cd-4301-908f-d19bd30671d9","ABBY_007.basePlot.vst","2017-04-03","vst_ABBY_2016","D16","ABBY","ABBY_007",,"NEON.PLA.D16.ABBY.00021","removed","single bole tree","Removed",,,,,,,,,,,,,,,"Harvested","ek73KqIvQF8RhLDCLTKMoAaxRWZ9yW3gVzCev5Zm+/g=","6GcJ3e14hu2LGG3nGEbIL3jvGLpI7eRMz84sdZxzGcA=","legacyData"
"2e83dbb1-fe91-4f10-b175-49ec64b008e7","ABBY_007.basePlot.vst","2017-04-03","vst_ABBY_2016","D16","ABBY","ABBY_007",,"NEON.PLA.D16.ABBY.00169","ok","small tree","Lost, presumed dead",,,,,,,,,,,,,,,,"ek73KqIvQF8RhLDCLTKMoAaxRWZ9yW3gVzCev5Zm+/g=","6GcJ3e14hu2LGG3nGEbIL3jvGLpI7eRMz84sdZxzGcA=","legacyData"
"3ca2de8b-5dc9-4a8b-89b4-e6db67d2d15b","ABBY_007.basePlot.vst","2017-04-03","vst_ABBY_2016","D16","ABBY","ABBY_007",,"NEON.PLA.D16.ABBY.01433","ok","small shrub","Live, physically damaged",,,1.8,,,,0.9,0.5,,"ellipsoid or sphere",1.1,10,,,,"ek73KqIvQF8RhLDCLTKMoAaxRWZ9yW3gVzCev5Zm+/g=","6GcJ3e14hu2LGG3nGEbIL3jvGLpI7eRMz84sdZxzGcA=","legacyData"
"e708ca2f-0db0-4e48-a4e5-5154693b7918","ABBY_007.basePlot.vst","2017-04-03","vst_ABBY_2016","D16","ABBY","ABBY_007",,"NEON.PLA.D16.ABBY.02577","ok","small shrub","Live, physically damaged",,,1.0,,,,1.1,0.4,,"oblate half-sphere",1.2,10,,,,"ek73KqIvQF8RhLDCLTKMoAaxRWZ9yW3gVzCev5Zm+/g=","6GcJ3e14hu2LGG3nGEbIL3jvGLpI7eRMz84sdZxzGcA=","legacyData"
"17b7c98e-2fe2-4027-8218-5aef0af2671f","ABBY_007.basePlot.vst","2017-04-03","vst_ABBY_2016","D16","ABBY","ABBY_007",,"NEON.PLA.D16.ABBY.00151","ok","small shrub","Lost, presumed dead",,,,,,,,,,,,,,,,"ek73KqIvQF8RhLDCLTKMoAaxRWZ9yW3gVzCev5Zm+/g=","6GcJ3e14hu2LGG3nGEbIL3jvGLpI7eRMz84sdZxzGcA=","legacyData"
"366c42c0-5925-43b3-95fa-cbf96e297e61","ABBY_007.basePlot.vst","2017-04-03","vst_ABBY_2016","D16","ABBY","ABBY_007",,"NEON.PLA.D16.ABBY.00132","removed","single bole tree","Removed",,,,,,,,,,,,,,,"Harvested","ek73KqIvQF8RhLDCLTKMoAaxRWZ9yW3gVzCev5Zm+/g=","6GcJ3e14hu2LGG3nGEbIL3jvGLpI7eRMz84sdZxzGcA=","legacyData"
"b6ce6c6e-b018-4d52-8cc8-ee36cc02d3e5","ABBY_007.basePlot.vst","2017-04-03","vst_ABBY_2016","D16","ABBY","ABBY_007",,"NEON.PLA.D16.ABBY.02580","ok","small shrub","Live, physically damaged",,,0.7,,,,0.6,0.4,,"half-sphere",1.2,10,,,,"ek73KqIvQF8RhLDCLTKMoAaxRWZ9yW3gVzCev5Zm+/g=","6GcJ3e14hu2LGG3nGEbIL3jvGLpI7eRMz84sdZxzGcA=","legacyData"
"6ea956f2-74a4-4a0c-b098-36abbbee3950","ABBY_007.basePlot.vst","2017-04-03","vst_ABBY_2016","D16","ABBY","ABBY_007",,"NEON.PLA.D16.ABBY.02686","ok","single shrub","Live, physically damaged",1.0,130,1.2,,,,2.7,0.5,,"oblate half-sphere",1.6,10,,,,"ek73KqIvQF8RhLDCLTKMoAaxRWZ9yW3gVzCev5Zm+/g=","6GcJ3e14hu2LGG3nGEbIL3jvGLpI7eRMz84sdZxzGcA=","legacyData"
"de65debd-b3d6-4b94-b425-dc0c8acfb201","ABBY_007.basePlot.vst","2017-04-03","vst_ABBY_2016","D16","ABBY","ABBY_007",,"NEON.PLA.D16.ABBY.00160","ok","small shrub","Lost, presumed dead",,,,,,,,,,,,,,,,"ek73KqIvQF8RhLDCLTKMoAaxRWZ9yW3gVzCev5Zm+/g=","6GcJ3e14hu2LGG3nGEbIL3jvGLpI7eRMz84sdZxzGcA=","legacyData"
"15b80286-ec54-4cd3-b0d7-55146ab61ad0","ABBY_007.basePlot.vst","2017-04-03","vst_ABBY_2016","D16","ABBY","ABBY_007",,"NEON.PLA.D16.ABBY.00022","removed","single bole tree","Removed",,,,,,,,,,,,,,,"Harvested","ek73KqIvQF8RhLDCLTKMoAaxRWZ9yW3gVzCev5Zm+/g=","6GcJ3e14hu2LGG3nGEbIL3jvGLpI7eRMz84sdZxzGcA=","legacyData"
"da00c28f-3649-4149-a838-a9f7a21c9434","ABBY_007.basePlot.vst","2017-04-03","vst_ABBY_2016","D16","ABBY","ABBY_007",,"NEON.PLA.D16.ABBY.02590","ok","small shrub","Live",,,1.0,,,,2.0,0.9,,"oblate half-sphere",1.2,10,,,,"ek73KqIvQF8RhLDCLTKMoAaxRWZ9yW3gVzCev5Zm+/g=","6GcJ3e14hu2LGG3nGEbIL3jvGLpI7eRMz84sdZxzGcA=","legacyData"
"c6d3032d-d9e8-45e3-a6ff-3b1eadf3540f","ABBY_007.basePlot.vst","2017-04-03","vst_ABBY_2016","D16","ABBY","ABBY_007",,"NEON.PLA.D16.ABBY.00161","ok","small shrub","Lost, presumed dead",,,,,,,,,,,,,,,,"ek73KqIvQF8RhLDCLTKMoAaxRWZ9yW3gVzCev5Zm+/g=","6GcJ3e14hu2LGG3nGEbIL3jvGLpI7eRMz84sdZxzGcA=","legacyData"
"43153971-15db-4f6e-b343-42e367d3586a","ABBY_007.basePlot.vst","2017-04-03","vst_ABBY_2016","D16","ABBY","ABBY_007",,"NEON.PLA.D16.ABBY.02586","ok","single shrub","Standing dead",2.1,130,1.4,,,,1.5,0.2,,"oblate half-sphere",2.6,10,,,,"ek73KqIvQF8RhLDCLTKMoAaxRWZ9yW3gVzCev5Zm+/g=","6GcJ3e14hu2LGG3nGEbIL3jvGLpI7eRMz84sdZxzGcA=","legacyData"
"b9bf2e5c-24cf-4a23-83e0-00d3b19d5913","ABBY_007.basePlot.vst","2017-04-03","vst_ABBY_2016","D16","ABBY","ABBY_007",,"NEON.PLA.D16.ABBY.00145","ok","single shrub","Lost, presumed dead",,,,,,,,,,,,,,,,"ek73KqIvQF8RhLDCLTKMoAaxRWZ9yW3gVzCev5Zm+/g=","6GcJ3e14hu2LGG3nGEbIL3jvGLpI7eRMz84sdZxzGcA=","legacyData"
"c09df5f3-28af-4b65-95a4-67d6fc996c83","ABBY_007.basePlot.vst","2017-04-03","vst_ABBY_2016","D16","ABBY","ABBY_007",,"NEON.PLA.D16.ABBY.02518","ok","small shrub","Live, physically damaged",,,0.4,,,,0.6,0.6,,"oblate half-sphere",1.6,10,,,,"ek73KqIvQF8RhLDCLTKMoAaxRWZ9yW3gVzCev5Zm+/g=","6GcJ3e14hu2LGG3nGEbIL3jvGLpI7eRMz84sdZxzGcA=","legacyData"
"eeaac400-497f-4e06-a1e8-427ec9fc2778","ABBY_007.basePlot.vst","2017-04-03","vst_ABBY_2016","D16","ABBY","ABBY_007",,"NEON.PLA.D16.ABBY.00143","ok","sapling","Lost, presumed dead",,,,,,,,,,,,,,,,"ek73KqIvQF8RhLDCLTKMoAaxRWZ9yW3gVzCev5Zm+/g=","6GcJ3e14hu2LGG3nGEbIL3jvGLpI7eRMz84sdZxzGcA=","legacyData"
"d82f8f3a-df66-4bba-b401-7cdd594bcc70","ABBY_007.basePlot.vst","2017-04-03","vst_ABBY_2016","D16","ABBY","ABBY_007",,"NEON.PLA.D16.ABBY.02590","ok","small shrub","Live",,,1.0,,,,2.0,0.9,,"oblate half-sphere",1.2,10,,,,"ek73KqIvQF8RhLDCLTKMoAaxRWZ9yW3gVzCev5Zm+/g=","6GcJ3e14hu2LGG3nGEbIL3jvGLpI7eRMz84sdZxzGcA=","legacyData"
"56d07483-fcc3-4b15-a3ac-c7d7135db5af","ABBY_007.basePlot.vst","2017-04-03","vst_ABBY_2016","D16","ABBY","ABBY_007",,"NEON.PLA.D16.ABBY.00146","ok","small shrub","Lost, presumed dead",,,,,,,,,,,,,,,,"ek73KqIvQF8RhLDCLTKMoAaxRWZ9yW3gVzCev5Zm+/g=","6GcJ3e14hu2LGG3nGEbIL3jvGLpI7eRMz84sdZxzGcA=","legacyData"
"b7107156-9898-4b60-9ee2-59f2b1c41576","ABBY_007.basePlot.vst","2017-04-03","vst_ABBY_2016","D16","ABBY","ABBY_007",,"NEON.PLA.D16.ABBY.00149","ok","small shrub","Lost, presumed dead",,,,,,,,,,,,,,,,"ek73KqIvQF8RhLDCLTKMoAaxRWZ9yW3gVzCev5Zm+/g=","6GcJ3e14hu2LGG3nGEbIL3jvGLpI7eRMz84sdZxzGcA=","legacyData"
"78afccbe-17de-418d-b4c7-ba8d9ef57a27","ABBY_007.basePlot.vst","2017-04-03","vst_ABBY_2016","D16","ABBY","ABBY_007",,"NEON.PLA.D16.ABBY.00148","ok","small shrub","Lost, presumed dead",,,,,,,,,,,,,,,,"ek73KqIvQF8RhLDCLTKMoAaxRWZ9yW3gVzCev5Zm+/g=","6GcJ3e14hu2LGG3nGEbIL3jvGLpI7eRMz84sdZxzGcA=","legacyData"
"50a3c5c8-8a4c-429d-8b3b-39541f3b5107","ABBY_007.basePlot.vst","2017-04-03","vst_ABBY_2016","D16","ABBY","ABBY_007",,"NEON.PLA.D16.ABBY.00016","removed","single bole tree","Removed",,,,,,,,,,,,,,,"Harvested","ek73KqIvQF8RhLDCLTKMoAaxRWZ9yW3gVzCev5Zm+/g=","6GcJ3e14hu2LGG3nGEbIL3jvGLpI7eRMz84sdZxzGcA=","legacyData"
"21fe2774-5e59-4584-8c72-1d05a0517e60","ABBY_007.basePlot.vst","2017-04-03","vst_ABBY_2016","D16","ABBY","ABBY_007",,"NEON.PLA.D16.ABBY.01432","ok","sapling","Live",,,0.8,,,,,,,,1.0,10,,,,"ek73KqIvQF8RhLDCLTKMoAaxRWZ9yW3gVzCev5Zm+/g=","6GcJ3e14hu2LGG3nGEbIL3jvGLpI7eRMz84sdZxzGcA=","legacyData"
"6d93c393-5aaa-4f9c-b274-2bbd3e235c52","ABBY_007.basePlot.vst","2017-04-03","vst_ABBY_2016","D16","ABBY","ABBY_007",,"NEON.PLA.D16.ABBY.00168","ok","small shrub","Lost, presumed dead",,,,,,,,,,,,,,,,"ek73KqIvQF8RhLDCLTKMoAaxRWZ9yW3gVzCev5Zm+/g=","6GcJ3e14hu2LGG3nGEbIL3jvGLpI7eRMz84sdZxzGcA=","legacyData"
"839ea508-13cb-4c12-ac6c-99f00ee4b721","ABBY_007.basePlot.vst","2017-04-03","vst_ABBY_2016","D16","ABBY","ABBY_007",,"NEON.PLA.D16.ABBY.02591","ok","small shrub","Live, physically damaged",,,1.0,,,,0.9,0.6,,"oblate half-sphere",1.8,10,,,"Damaged by logging activities","ek73KqIvQF8RhLDCLTKMoAaxRWZ9yW3gVzCev5Zm+/g=","6GcJ3e14hu2LGG3nGEbIL3jvGLpI7eRMz84sdZxzGcA=","legacyData"
"fe37f0bd-95c4-451c-8c03-3ee60fd8d9c9","ABBY_007.basePlot.vst","2017-04-03","vst_ABBY_2016","D16","ABBY","ABBY_007",,"NEON.PLA.D16.ABBY.02579","ok","single shrub","Live, physically damaged",1.0,130,1.4,,,,1.9,1.4,,"oblate half-sphere",2.0,10,,,,"ek73KqIvQF8RhLDCLTKMoAaxRWZ9yW3gVzCev5Zm+/g=","6GcJ3e14hu2LGG3nGEbIL3jvGLpI7eRMz84sdZxzGcA=","legacyData"
"8d6feb17-4153-4aec-b748-50a9b275a90d","ABBY_007.basePlot.vst","2017-04-03","vst_ABBY_2016","D16","ABBY","ABBY_007",,"NEON.PLA.D16.ABBY.02579","ok","single shrub","Live, physically damaged",,,1.4,,,,1.9,1.4,,"oblate half-sphere",1.2,10,,,,"ek73KqIvQF8RhLDCLTKMoAaxRWZ9yW3gVzCev5Zm+/g=","6GcJ3e14hu2LGG3nGEbIL3jvGLpI7eRMz84sdZxzGcA=","legacyData"
"052fb162-6d41-46fd-95e6-07ece394bbf4","ABBY_007.basePlot.vst","2017-04-03","vst_ABBY_2016","D16","ABBY","ABBY_007",,"NEON.PLA.D16.ABBY.02583","ok","small shrub","Live, physically damaged",,,0.5,,,,0.6,0.4,,"inverted cone",1.2,10,0.10,0.10,"Dying because of sun exposure","ek73KqIvQF8RhLDCLTKMoAaxRWZ9yW3gVzCev5Zm+/g=","6GcJ3e14hu2LGG3nGEbIL3jvGLpI7eRMz84sdZxzGcA=","legacyData"
"f80187ab-aefb-4db7-b11c-c8c52e1ec081","ABBY_007.basePlot.vst","2017-04-03","vst_ABBY_2016","D16","ABBY","ABBY_007",,"NEON.PLA.D16.ABBY.02686","ok","single shrub","Live, physically damaged",1.2,130,1.2,,,,2.7,0.5,,"oblate half-sphere",2.3,10,,,,"ek73KqIvQF8RhLDCLTKMoAaxRWZ9yW3gVzCev5Zm+/g=","6GcJ3e14hu2LGG3nGEbIL3jvGLpI7eRMz84sdZxzGcA=","legacyData"
"19baf4b3-9e07-4406-99c6-f271616814e1","ABBY_007.basePlot.vst","2017-04-03","vst_ABBY_2016","D16","ABBY","ABBY_007",,"NEON.PLA.D16.ABBY.02581","ok","small shrub","Live, physically damaged",,,0.5,,,,0.8,0.8,,"oblate half-sphere",1.0,10,,,,"ek73KqIvQF8RhLDCLTKMoAaxRWZ9yW3gVzCev5Zm+/g=","6GcJ3e14hu2LGG3nGEbIL3jvGLpI7eRMz84sdZxzGcA=","legacyData"
"12b02180-4020-4fa2-9088-769dfd527d9b","ABBY_007.basePlot.vst","2017-04-03","vst_ABBY_2016","D16","ABBY","ABBY_007",,"NEON.PLA.D16.ABBY.00153","ok","small shrub","Lost, presumed dead",,,,,,,,,,,,,,,,"ek73KqIvQF8RhLDCLTKMoAaxRWZ9yW3gVzCev5Zm+/g=","6GcJ3e14hu2LGG3nGEbIL3jvGLpI7eRMz84sdZxzGcA=","legacyData"
"edf4d6c3-38a0-413f-bc21-f91f1d0b1306","ABBY_007.basePlot.vst","2017-04-03","vst_ABBY_2016","D16","ABBY","ABBY_007",,"NEON.PLA.D16.ABBY.00144","ok","sapling","Lost, presumed dead",,,,,,,,,,,,,,,,"ek73KqIvQF8RhLDCLTKMoAaxRWZ9yW3gVzCev5Zm+/g=","6GcJ3e14hu2LGG3nGEbIL3jvGLpI7eRMz84sdZxzGcA=","legacyData"
"e2a2d295-9c25-4205-9348-1209c837f765","ABBY_007.basePlot.vst","2017-04-03","vst_ABBY_2016","D16","ABBY","ABBY_007",,"NEON.PLA.D16.ABBY.02584","ok","small shrub","Standing dead",,,0.7,,,,0.2,0.1,,"cylinder",2.7,10,,,,"ek73KqIvQF8RhLDCLTKMoAaxRWZ9yW3gVzCev5Zm+/g=","6GcJ3e14hu2LGG3nGEbIL3jvGLpI7eRMz84sdZxzGcA=","legacyData"
"39be86a1-ef3f-4ccd-9747-46809776a35d","ABBY_007.basePlot.vst","2017-04-03","vst_ABBY_2016","D16","ABBY","ABBY_007",,"NEON.PLA.D16.ABBY.02587","ok","single bole tree","Dead, broken bole",65.4,130,1.8,,0.4,50.0,,,"Open grown",,,,,,,"ek73KqIvQF8RhLDCLTKMoAaxRWZ9yW3gVzCev5Zm+/g=","6GcJ3e14hu2LGG3nGEbIL3jvGLpI7eRMz84sdZxzGcA=","legacyData"
"d95e5fac-1187-4d19-b676-48f4a508e4ff","ABBY_007.basePlot.vst","2017-04-03","vst_ABBY_2016","D16","ABBY","ABBY_007",,"NEON.PLA.D16.ABBY.00137","ok","small shrub","Lost, presumed dead",,,,,,,,,,,,,,,,"ek73KqIvQF8RhLDCLTKMoAaxRWZ9yW3gVzCev5Zm+/g=","6GcJ3e14hu2LGG3nGEbIL3jvGLpI7eRMz84sdZxzGcA=","legacyData"
"1dea47bc-6c93-4c94-94f0-a1d9ac6da1b0","ABBY_007.basePlot.vst","2017-04-03","vst_ABBY_2016","D16","ABBY","ABBY_007",,"NEON.PLA.D16.ABBY.02585","ok","single shrub","Standing dead",4.4,130,2.0,,,,4.5,1.2,,"oblate half-sphere",5.1,10,,,,"ek73KqIvQF8RhLDCLTKMoAaxRWZ9yW3gVzCev5Zm+/g=","6GcJ3e14hu2LGG3nGEbIL3jvGLpI7eRMz84sdZxzGcA=","legacyData"
"2d4badfc-b9a5-4665-a255-0f38e297a6ee","ABBY_007.basePlot.vst","2017-04-03","vst_ABBY_2016","D16","ABBY","ABBY_007",,"NEON.PLA.D16.ABBY.02686","ok","single shrub","Live, physically damaged",,,1.2,,,,2.7,0.5,,"oblate half-sphere",1.0,10,,,,"ek73KqIvQF8RhLDCLTKMoAaxRWZ9yW3gVzCev5Zm+/g=","6GcJ3e14hu2LGG3nGEbIL3jvGLpI7eRMz84sdZxzGcA=","legacyData"
"23c23122-d2b4-4a55-8395-9a5bc6bed0fb","ABBY_007.basePlot.vst","2017-04-03","vst_ABBY_2016","D16","ABBY","ABBY_007",,"NEON.PLA.D16.ABBY.02542","ok","small shrub","Live, physically damaged",,,1.1,,,,0.9,0.6,,"inverted cone",1.0,10,0.10,0.10,"Browsed","ek73KqIvQF8RhLDCLTKMoAaxRWZ9yW3gVzCev5Zm+/g=","6GcJ3e14hu2LGG3nGEbIL3jvGLpI7eRMz84sdZxzGcA=","legacyData"
"e5115b16-a233-4773-be8d-3ff80f221e3b","ABBY_007.basePlot.vst","2017-04-03","vst_ABBY_2016","D16","ABBY","ABBY_007",,"NEON.PLA.D16.ABBY.02579","ok","single shrub","Live, physically damaged",1.5,130,1.4,,,,1.9,1.4,,"oblate half-sphere",3.8,10,,,,"ek73KqIvQF8RhLDCLTKMoAaxRWZ9yW3gVzCev5Zm+/g=","6GcJ3e14hu2LGG3nGEbIL3jvGLpI7eRMz84sdZxzGcA=","legacyData"
"71811ec4-9dd5-4e60-8dd2-22631a73a38c","ABBY_007.basePlot.vst","2017-04-03","vst_ABBY_2016","D16","ABBY","ABBY_007",,"NEON.PLA.D16.ABBY.02579","ok","single shrub","Live, physically damaged",,,1.4,,,,1.9,1.4,,"oblate half-sphere",1.3,10,,,,"ek73KqIvQF8RhLDCLTKMoAaxRWZ9yW3gVzCev5Zm+/g=","6GcJ3e14hu2LGG3nGEbIL3jvGLpI7eRMz84sdZxzGcA=","legacyData"
"f8705068-907e-43f8-aeb2-5adaaf4017f4","ABBY_007.basePlot.vst","2017-04-03","vst_ABBY_2016","D16","ABBY","ABBY_007",,"NEON.PLA.D16.ABBY.00135","removed","single bole tree","Removed",,,,,,,,,,,,,,,"Harvested","ek73KqIvQF8RhLDCLTKMoAaxRWZ9yW3gVzCev5Zm+/g=","6GcJ3e14hu2LGG3nGEbIL3jvGLpI7eRMz84sdZxzGcA=","legacyData"
"a1af4f08-2639-43a4-8071-d89e85e4557e","ABBY_007.basePlot.vst","2017-04-03","vst_ABBY_2016","D16","ABBY","ABBY_007",,"NEON.PLA.D16.ABBY.00156","ok","small shrub","Standing dead",,,0.3,,,,0.6,0.5,,"oblate half-sphere",1.2,10,,,,"ek73KqIvQF8RhLDCLTKMoAaxRWZ9yW3gVzCev5Zm+/g=","6GcJ3e14hu2LGG3nGEbIL3jvGLpI7eRMz84sdZxzGcA=","legacyData"
"e1a1d29b-27ce-40df-ab64-68564f008980","ABBY_007.basePlot.vst","2017-04-03","vst_ABBY_2016","D16","ABBY","ABBY_007",,"NEON.PLA.D16.ABBY.00134","removed","single bole tree","Removed",,,,,,,,,,,,,,,"Harvested","ek73KqIvQF8RhLDCLTKMoAaxRWZ9yW3gVzCev5Zm+/g=","6GcJ3e14hu2LGG3nGEbIL3jvGLpI7eRMz84sdZxzGcA=","legacyData"
"b49d1224-8d05-43f1-81e2-e53bd0a92364","ABBY_007.basePlot.vst","2017-04-03","vst_ABBY_2016","D16","ABBY","ABBY_007",,"NEON.PLA.D16.ABBY.02589","ok","single shrub","Live, physically damaged",1.3,130,1.2,,,,1.6,0.7,,"oblate half-sphere",1.9,10,,,,"ek73KqIvQF8RhLDCLTKMoAaxRWZ9yW3gVzCev5Zm+/g=","6GcJ3e14hu2LGG3nGEbIL3jvGLpI7eRMz84sdZxzGcA=","legacyData"
"0d55ef61-ff2e-44a2-99c4-0f01c6612449","ABBY_007.basePlot.vst","2017-04-03","vst_ABBY_2016","D16","ABBY","ABBY_007",,"NEON.PLA.D16.ABBY.00154","ok","small shrub","Lost, presumed dead",,,,,,,,,,,,,,,,"ek73KqIvQF8RhLDCLTKMoAaxRWZ9yW3gVzCev5Zm+/g=","6GcJ3e14hu2LGG3nGEbIL3jvGLpI7eRMz84sdZxzGcA=","legacyData"
"67d8d122-0d0a-4bca-acbe-5eca64476121","ABBY_007.basePlot.vst","2017-04-03","vst_ABBY_2016","D16","ABBY","ABBY_007",,"NEON.PLA.D16.ABBY.02542","ok","small shrub","Live, physically damaged",,,1.1,,,,0.9,0.6,,"inverted cone",1.6,10,0.10,0.10,"Browsed","ek73KqIvQF8RhLDCLTKMoAaxRWZ9yW3gVzCev5Zm+/g=","6GcJ3e14hu2LGG3nGEbIL3jvGLpI7eRMz84sdZxzGcA=","legacyData"
"35932e3c-103b-4040-951e-c791abb4e7c8","ABBY_007.basePlot.vst","2017-04-03","vst_ABBY_2016","D16","ABBY","ABBY_007",,"NEON.PLA.D16.ABBY.00133","removed","single bole tree","Removed",,,,,,,,,,,,,,,"Harvested","ek73KqIvQF8RhLDCLTKMoAaxRWZ9yW3gVzCev5Zm+/g=","6GcJ3e14hu2LGG3nGEbIL3jvGLpI7eRMz84sdZxzGcA=","legacyData"
"0bd0cff7-4b41-4d3d-a474-bf41ea3b7eb3","ABBY_007.basePlot.vst","2017-04-03","vst_ABBY_2016","D16","ABBY","ABBY_007",,"NEON.PLA.D16.ABBY.01431","ok","small shrub","Live",,,0.5,,,,0.4,0.4,,"ellipsoid or sphere",1.1,10,,,,"ek73KqIvQF8RhLDCLTKMoAaxRWZ9yW3gVzCev5Zm+/g=","6GcJ3e14hu2LGG3nGEbIL3jvGLpI7eRMz84sdZxzGcA=","legacyData"
"bfb557bd-8576-483f-9024-7e8a9d4db6bd","ABBY_007.basePlot.vst","2017-04-03","vst_ABBY_2016","D16","ABBY","ABBY_007",,"NEON.PLA.D16.ABBY.02585","ok","single shrub","Standing dead",3.3,130,2.0,,,,4.5,1.2,,"oblate half-sphere",5.4,10,,,,"ek73KqIvQF8RhLDCLTKMoAaxRWZ9yW3gVzCev5Zm+/g=","6GcJ3e14hu2LGG3nGEbIL3jvGLpI7eRMz84sdZxzGcA=","legacyData"
"128bcfcf-7bd2-4c48-ab88-81a84618ffb5","ABBY_007.basePlot.vst","2017-04-03","vst_ABBY_2016","D16","ABBY","ABBY_007",,"NEON.PLA.D16.ABBY.00147","ok","small shrub","Lost, presumed dead",,,,,,,,,,,,,,,,"ek73KqIvQF8RhLDCLTKMoAaxRWZ9yW3gVzCev5Zm+/g=","6GcJ3e14hu2LGG3nGEbIL3jvGLpI7eRMz84sdZxzGcA=","legacyData"
"d0b9b577-ae1a-486c-8002-4c7eb31ff1e7","ABBY_007.basePlot.vst","2017-04-03","vst_ABBY_2016","D16","ABBY","ABBY_007",,"NEON.PLA.D16.ABBY.00167","ok","single shrub","Lost, presumed dead",,,,,,,,,,,,,,,,"ek73KqIvQF8RhLDCLTKMoAaxRWZ9yW3gVzCev5Zm+/g=","6GcJ3e14hu2LGG3nGEbIL3jvGLpI7eRMz84sdZxzGcA=","legacyData"
"57b934eb-a773-40cd-bfa3-cb01aa968742","ABBY_007.basePlot.vst","2017-04-03","vst_ABBY_2016","D16","ABBY","ABBY_007",,"NEON.PLA.D16.ABBY.01433","ok","small shrub","Live, physically damaged",,,1.8,,,,0.9,0.5,,"ellipsoid or sphere",2.0,10,,,,"ek73KqIvQF8RhLDCLTKMoAaxRWZ9yW3gVzCev5Zm+/g=","6GcJ3e14hu2LGG3nGEbIL3jvGLpI7eRMz84sdZxzGcA=","legacyData"
"fd930bc7-cbf5-405a-bfa9-3ef973c4b481","ABBY_007.basePlot.vst","2017-04-03","vst_ABBY_2016","D16","ABBY","ABBY_007",,"NEON.PLA.D16.ABBY.02516","ok","small shrub","Live",,,0.5,,,,1.1,0.4,,"oblate half-sphere",1.0,10,,,,"ek73KqIvQF8RhLDCLTKMoAaxRWZ9yW3gVzCev5Zm+/g=","6GcJ3e14hu2LGG3nGEbIL3jvGLpI7eRMz84sdZxzGcA=","legacyData"
"6e1b488c-07af-480f-95e7-38c9c4a2c2b1","ABBY_007.basePlot.vst","2017-04-03","vst_ABBY_2016","D16","ABBY","ABBY_007",,"NEON.PLA.D16.ABBY.00150","ok","small shrub","Lost, presumed dead",,,,,,,,,,,,,,,,"ek73KqIvQF8RhLDCLTKMoAaxRWZ9yW3gVzCev5Zm+/g=","6GcJ3e14hu2LGG3nGEbIL3jvGLpI7eRMz84sdZxzGcA=","legacyData"
"50251206-4161-499a-86aa-fa97df9cc61f","ABBY_007.basePlot.vst","2017-04-03","vst_ABBY_2016","D16","ABBY","ABBY_007",,"NEON.PLA.D16.ABBY.02589","ok","single shrub","Live, physically damaged",,,1.2,,,,1.6,0.7,,"oblate half-sphere",1.6,10,,,,"ek73KqIvQF8RhLDCLTKMoAaxRWZ9yW3gVzCev5Zm+/g=","6GcJ3e14hu2LGG3nGEbIL3jvGLpI7eRMz84sdZxzGcA=","legacyData"
"c14103b4-77b8-4bd2-a46a-9eb84650360a","ABBY_007.basePlot.vst","2017-04-03","vst_ABBY_2016","D16","ABBY","ABBY_007",,"NEON.PLA.D16.ABBY.00155","ok","small shrub","Lost, presumed dead",,,,,,,,,,,,,,,,"ek73KqIvQF8RhLDCLTKMoAaxRWZ9yW3gVzCev5Zm+/g=","6GcJ3e14hu2LGG3nGEbIL3jvGLpI7eRMz84sdZxzGcA=","legacyData"
"52c23b8a-1c62-47bc-8108-a436e97f3e3a","ABBY_007.basePlot.vst","2017-04-03","vst_ABBY_2016","D16","ABBY","ABBY_007",,"NEON.PLA.D16.ABBY.00163","ok","small shrub","Lost, presumed dead",,,,,,,,,,,,,,,,"ek73KqIvQF8RhLDCLTKMoAaxRWZ9yW3gVzCev5Zm+/g=","6GcJ3e14hu2LGG3nGEbIL3jvGLpI7eRMz84sdZxzGcA=","legacyData"
"2774754e-4a51-41a7-a86a-1c8d4b344af8","ABBY_007.basePlot.vst","2017-04-03","vst_ABBY_2016","D16","ABBY","ABBY_007",,"NEON.PLA.D16.ABBY.02686","ok","single shrub","Live, physically damaged",,,1.2,,,,2.7,0.5,,"oblate half-sphere",1.0,10,,,,"ek73KqIvQF8RhLDCLTKMoAaxRWZ9yW3gVzCev5Zm+/g=","6GcJ3e14hu2LGG3nGEbIL3jvGLpI7eRMz84sdZxzGcA=","legacyData"
