uid,namedLocation,domainID,siteID,plotID,plotType,nlcdClass,decimalLatitude,decimalLongitude,geodeticDatum,coordinateUncertainty,elevation,elevationUncertainty,collectDate,eventID,sampleID,sampleCode,samplingMethod,totalSampledArea,targetTaxaPresent,adultCount,nymphCount,larvaCount,sampleCondition,samplingProtocolVersion,measuredBy,remarks
"aeb9e6a5-c79e-4b09-a653-1182156ec40f","SRER_008.tickPlot.tck","D14","SRER","SRER_008","distributed","shrubScrub",31.868129,-110.813836,"WGS84",20.1,1172.7,0.1,"2018-05-08T13:55Z","SRER.2018.19",,,"drag and flag",171,"N",0,0,0,,"NEON.DOC.014045vJ","EPY5RsIdKdwjSJBxmQB+4RCsYyAVUGGDtIz/1seSEKw=",
"db904eea-547d-4943-8f03-3523eacf7d46","SRER_004.tickPlot.tck","D14","SRER","SRER_004","distributed","shrubScrub",31.908022,-110.816123,"WGS84",20.0,1039.1,0.0,"2018-05-08T14:48Z","SRER.2018.19",,,"drag and flag",158,"N",0,0,0,,"NEON.DOC.014045vJ","47fmII3dmbwIJec1dxdwyBiGTksx4UMrFdhMVXVxQHE=",
"a56c3018-9bbd-431b-ae97-3ad70ef5badc","SRER_006.tickPlot.tck","D14","SRER","SRER_006","distributed","shrubScrub",31.797005,-110.910555,"WGS84",20.1,1046.3,0.1,"2018-05-08T15:20Z","SRER.2018.19",,,"drag and flag",155,"N",0,0,0,,"NEON.DOC.014045vJ","Wo7kbpo00q/iTGrlK/cuBAxj86mjn3gOqP/J51qkj0s=",
"76954dd2-755d-473c-89d7-8fe21389ba48","SRER_003.tickPlot.tck","D14","SRER","SRER_003","distributed","shrubScrub",31.840004,-110.915794,"WGS84",20.1,977.6,0.1,"2018-05-08T16:35Z","SRER.2018.19",,,"drag and flag",157,"N",0,0,0,,"NEON.DOC.014045vJ","EPY5RsIdKdwjSJBxmQB+4RCsYyAVUGGDtIz/1seSEKw=",
"bd3b60e8-b5aa-4baf-bef5-864bbf5de4b0","SRER_002.tickPlot.tck","D14","SRER","SRER_002","distributed","shrubScrub",31.871226,-110.855454,"WGS84",20.1,1032.1,0.1,"2018-05-08T16:45Z","SRER.2018.19",,,"drag and flag",153,"N",0,0,0,,"NEON.DOC.014045vJ","47fmII3dmbwIJec1dxdwyBiGTksx4UMrFdhMVXVxQHE=",
"00c3d1bd-f084-4b34-b812-a4228cf63b0a","SRER_007.tickPlot.tck","D14","SRER","SRER_007","distributed","shrubScrub",31.898810,-110.874149,"WGS84",20.1,934.9,0.1,"2018-05-08T18:45Z","SRER.2018.19",,,"drag and flag",140,"N",0,0,0,,"NEON.DOC.014045vJ","47fmII3dmbwIJec1dxdwyBiGTksx4UMrFdhMVXVxQHE=",
