uid,namedLocation,domainID,siteID,plotID,plotType,nlcdClass,decimalLatitude,decimalLongitude,geodeticDatum,coordinateUncertainty,elevation,elevationUncertainty,collectDate,eventID,sampleID,sampleCode,samplingMethod,totalSampledArea,targetTaxaPresent,adultCount,nymphCount,larvaCount,sampleCondition,samplingProtocolVersion,measuredBy,remarks
"02881db7-c179-4ddc-9a3a-52a4525ddf93","JERC_034.tickPlot.tck","D03","JERC","JERC_034","distributed","deciduousForest",31.198824,-84.491213,"WGS84",20.1,44.9,0.2,"2017-03-15T14:07Z","JERC.2017.11",,,"drag and flag",155,"N",0,0,0,"No known compromise","NEON.DOC.014045vG","/L8XoKjUxx5Tw8VHH8HYehjghzbeK0eHaf9HHKh/QyY=",
"15da1f13-6945-4ec5-92b5-8816d3f25113","JERC_044.tickPlot.tck","D03","JERC","JERC_044","distributed","mixedForest",31.195549,-84.482479,"WGS84",20.1,42.5,0.1,"2017-03-15T15:21Z","JERC.2017.11",,,"drag and flag",152,"N",0,0,0,"No known compromise","NEON.DOC.014045vG","/L8XoKjUxx5Tw8VHH8HYehjghzbeK0eHaf9HHKh/QyY=",
"7f8587c9-a5ea-4496-9b96-64f9d62f03e4","JERC_010.tickPlot.tck","D03","JERC","JERC_010","distributed","deciduousForest",31.209219,-84.470530,"WGS84",20.2,40.5,0.5,"2017-03-15T17:45Z","JERC.2017.11",,,"drag",160,"N",0,0,0,"No known compromise","NEON.DOC.014045vG","/L8XoKjUxx5Tw8VHH8HYehjghzbeK0eHaf9HHKh/QyY=",
"207bb8e3-7d5f-4329-bdca-1836bb5a3256","JERC_002.tickPlot.tck","D03","JERC","JERC_002","distributed","evergreenForest",31.194065,-84.461537,"WGS84",20.3,56.0,0.5,"2017-03-15T18:43Z","JERC.2017.11",,,"drag",159,"N",0,0,0,"No known compromise","NEON.DOC.014045vG","/L8XoKjUxx5Tw8VHH8HYehjghzbeK0eHaf9HHKh/QyY=",
"139011e8-28b9-47b7-bdce-24d45b7032e4","JERC_011.tickPlot.tck","D03","JERC","JERC_011","distributed","evergreenForest",31.184787,-84.466700,"WGS84",20.1,40.0,0.1,"2017-03-15T19:40Z","JERC.2017.11",,,"drag and flag",150,"N",0,0,0,"No known compromise","NEON.DOC.014045vG","/L8XoKjUxx5Tw8VHH8HYehjghzbeK0eHaf9HHKh/QyY=",
"01437892-a12f-44b9-82e9-65fc75cfd9b5","JERC_004.tickPlot.tck","D03","JERC","JERC_004","distributed","cultivatedCrops",31.190115,-84.467381,"WGS84",20.1,43.6,0.2,"2017-03-15T20:35Z","JERC.2017.11",,,"drag",158,"N",0,0,0,"No known compromise","NEON.DOC.014045vG","/L8XoKjUxx5Tw8VHH8HYehjghzbeK0eHaf9HHKh/QyY=",
