uid,namedLocation,domainID,siteID,plotID,plotType,nlcdClass,decimalLatitude,decimalLongitude,geodeticDatum,coordinateUncertainty,elevation,elevationUncertainty,collectDate,eventID,sampleID,sampleCode,samplingMethod,totalSampledArea,targetTaxaPresent,adultCount,nymphCount,larvaCount,sampleCondition,samplingProtocolVersion,measuredBy,remarks
"a07cc7e4-c493-443e-b1cc-bd5ce87567d9","SERC_006.tickPlot.tck","D02","SERC","SERC_006","distributed","deciduousForest",38.880025,-76.548376,"WGS84",20.2,2.6,0.3,"2017-08-09T16:33Z","SERC.2017.33","SERC_006.20170809",,"drag",162,"Y",0,4,20,"No known compromise","NEON.DOC.014045vH","5KHGCJU8MVi1+7ablrc8J9GceIxGWQkD57A2WbAFRSE=",
"0d381c14-d18c-4221-b479-18d39268c78a","SERC_002.tickPlot.tck","D02","SERC","SERC_002","distributed","deciduousForest",38.896262,-76.558166,"WGS84",20.2,17.0,0.3,"2017-08-09T17:57Z","SERC.2017.33","SERC_002.20170809",,"drag",134,"Y",0,9,82,"Other (described in remarks)","NEON.DOC.014045vH","5KHGCJU8MVi1+7ablrc8J9GceIxGWQkD57A2WbAFRSE=","One nymph lost"
"d35e1119-d78a-490f-a0a1-59dae72e8ba4","SERC_005.tickPlot.tck","D02","SERC","SERC_005","distributed","deciduousForest",38.894060,-76.546307,"WGS84",20.3,8.5,0.5,"2017-08-09T19:47Z","SERC.2017.33","SERC_005.20170809",,"drag",129,"Y",0,4,14,"No known compromise","NEON.DOC.014045vH","5KHGCJU8MVi1+7ablrc8J9GceIxGWQkD57A2WbAFRSE=",
"7e090c61-5aa1-4978-93ed-a57e97c2814a","SERC_001.tickPlot.tck","D02","SERC","SERC_001","distributed","deciduousForest",38.868186,-76.535306,"WGS84",20.2,2.1,0.2,"2017-08-09T21:10Z","SERC.2017.33","SERC_001.20170809",,"drag",153,"Y",0,0,1135,"No known compromise","NEON.DOC.014045vH","5KHGCJU8MVi1+7ablrc8J9GceIxGWQkD57A2WbAFRSE=",
"96ac0e9a-9175-49e0-bcef-46d677f9a111","SERC_023.tickPlot.tck","D02","SERC","SERC_023","distributed","cultivatedCrops",38.873978,-76.535925,"WGS84",20.1,6.7,0.1,"2017-08-09T22:57Z","SERC.2017.33",,,"drag",160,"N",0,0,0,"No known compromise","NEON.DOC.014045vH","5KHGCJU8MVi1+7ablrc8J9GceIxGWQkD57A2WbAFRSE=",
"e8603182-6172-4755-a123-50525865a13f","SERC_012.tickPlot.tck","D02","SERC","SERC_012","distributed","deciduousForest",38.880010,-76.561648,"WGS84",20.2,20.1,0.2,"2017-08-10T00:14Z","SERC.2017.33","SERC_012.20170809",,"drag",161,"Y",0,3,87,"No known compromise","NEON.DOC.014045vH","5KHGCJU8MVi1+7ablrc8J9GceIxGWQkD57A2WbAFRSE=",
