uid,namedLocation,plotID,collectDate,identifiedDate,sampleID,subsampleID,scientificName,acceptedTaxonID,taxonRank,family,subfamily,tribe,subtribe,genus,subgenus,specificEpithet,infraspecificEpithet,identificationQualifier,identificationReferences,identificationProtocolVersion,scientificNameAuthorship,sexOrAge,individualCount,sampleCondition,archiveMedium,archiveFacilityID,deprecatedVialID,identifiedBy,laboratoryName,remarks
"731cc3bb-13ae-4635-8cdd-46c92dcbdb9b","SERC_006.tickPlot.tck","SERC_006","2017-08-09T16:33Z","2017-10-13T16:00Z","SERC_006.20170809","SERC_006.20170809.IXOSP.L","Ixodidae sp.","IXOSP","family","Ixodidae",,,,,,"sp.",,,,"GSU_tickIdentification_SOP_2016-11-01.pdf",,"Larva",1,"OK","90% ethanol","USNMENT01358773","SERC_006.20170809.L","Guy Hobbs","Georgia Southern University",
"1746f05a-c14b-43c3-95bc-e9bc734fce49","SERC_006.tickPlot.tck","SERC_006","2017-08-09T16:33Z","2018-01-13T17:00Z","SERC_006.20170809","SERC_006.20170809.IXOSCA.N","Ixodes scapularis","IXOSCA","species","Ixodidae",,,,"Ixodes",,"scapularis",,,"Cooley, R. A. and G. M. Kohls. 1945. The genus Ixodes in North America. National Institute of Health Bulletin, 184.","GSU_tickIdentification_SOP_2016-11-01.pdf","Say","Nymph",2,"OK","90% ethanol","USNMENT01358774","SERC_006.20170809.IXOSCA.N","Lorenza Beati","Georgia Southern University",
"6c13715b-a2a9-4c45-904b-416797cb7c45","SERC_006.tickPlot.tck","SERC_006","2017-08-09T16:33Z","2018-01-13T17:00Z","SERC_006.20170809","SERC_006.20170809.AMBAME.N","Amblyomma americanum","AMBAME","species","Ixodidae",,,,"Amblyomma",,"americanum",,,"Cooley, R. A. and G. M. Kohls. 1944. The genus Amblyomma (ixodidae) in the United States. The Journal of Parasitology, 30(2):77-111.","GSU_tickIdentification_SOP_2016-11-01.pdf","Linnaeus","Nymph",1,"OK","90% ethanol","USNMENT01358775","SERC_006.20170809.AMBAME.N","Lorenza Beati","Georgia Southern University",
"648c598f-251a-43ae-89b0-7456b418f6ea","SERC_002.tickPlot.tck","SERC_002","2017-08-09T17:57Z","2017-10-13T16:00Z","SERC_002.20170809","SERC_002.20170809.IXOSP.L","Ixodidae sp.","IXOSP","family","Ixodidae",,,,,,"sp.",,,,"GSU_tickIdentification_SOP_2016-11-01.pdf",,"Larva",1,"OK","90% ethanol","USNMENT01358770","SERC_002.20170809.L","Guy Hobbs","Georgia Southern University",
"e9bb150d-297f-431a-ac15-612d25cb3c77","SERC_002.tickPlot.tck","SERC_002","2017-08-09T17:57Z","2018-01-13T17:00Z","SERC_002.20170809","SERC_002.20170809.AMBAME.N","Amblyomma americanum","AMBAME","species","Ixodidae",,,,"Amblyomma",,"americanum",,,"Cooley, R. A. and G. M. Kohls. 1944. The genus Amblyomma (ixodidae) in the United States. The Journal of Parasitology, 30(2):77-111.","GSU_tickIdentification_SOP_2016-11-01.pdf","Linnaeus","Nymph",7,"OK","90% ethanol","USNMENT01358771","SERC_002.20170809.AMBAME.N","Lorenza Beati","Georgia Southern University",
"e74dcb68-8d32-4872-9916-63b0669fab92","SERC_002.tickPlot.tck","SERC_002","2017-08-09T17:57Z","2018-01-13T17:00Z","SERC_002.20170809","SERC_002.20170809.IXOSCA.N","Ixodes scapularis","IXOSCA","species","Ixodidae",,,,"Ixodes",,"scapularis",,,"Cooley, R. A. and G. M. Kohls. 1945. The genus Ixodes in North America. National Institute of Health Bulletin, 184.","GSU_tickIdentification_SOP_2016-11-01.pdf","Say","Nymph",1,"OK","90% ethanol","USNMENT01358772","SERC_002.20170809.IXOSCA.N","Lorenza Beati","Georgia Southern University",
"524546ce-f3f0-4015-8aa6-b3f2266acf56","SERC_005.tickPlot.tck","SERC_005","2017-08-09T19:47Z","2017-10-13T16:00Z","SERC_005.20170809","SERC_005.20170809.IXOSP.L","Ixodidae sp.","IXOSP","family","Ixodidae",,,,,,"sp.",,,,"GSU_tickIdentification_SOP_2016-11-01.pdf",,"Larva",1,"OK","90% ethanol","USNMENT01358768","SERC_005.20170809.L","Guy Hobbs","Georgia Southern University",
"bf8d395b-e10e-474f-ba17-e51718d9c301","SERC_005.tickPlot.tck","SERC_005","2017-08-09T19:47Z","2018-01-13T17:00Z","SERC_005.20170809","SERC_005.20170809.AMBAME.N","Amblyomma americanum","AMBAME","species","Ixodidae",,,,"Amblyomma",,"americanum",,,"Cooley, R. A. and G. M. Kohls. 1944. The genus Amblyomma (ixodidae) in the United States. The Journal of Parasitology, 30(2):77-111.","GSU_tickIdentification_SOP_2016-11-01.pdf","Linnaeus","Nymph",3,"OK","90% ethanol","USNMENT01358769","SERC_005.20170809.AMBAME.N","Lorenza Beati","Georgia Southern University",
"f7f8a12a-e6e9-4f06-963d-3a75dd41d406","SERC_001.tickPlot.tck","SERC_001","2017-08-09T21:10Z","2017-10-13T16:00Z","SERC_001.20170809","SERC_001.20170809.IXOSP.L","Ixodidae sp.","IXOSP","family","Ixodidae",,,,,,"sp.",,,,"GSU_tickIdentification_SOP_2016-11-01.pdf",,"Larva",1,"OK","90% ethanol","USNMENT01358767","SERC_001.20170809.L","Guy Hobbs","Georgia Southern University",
"a8b2a3e5-c2f4-4573-982c-54f4796627d6","SERC_012.tickPlot.tck","SERC_012","2017-08-10T00:14Z","2017-10-13T16:00Z","SERC_012.20170809","SERC_012.20170809.IXOSP.L","Ixodidae sp.","IXOSP","family","Ixodidae",,,,,,"sp.",,,,"GSU_tickIdentification_SOP_2016-11-01.pdf",,"Larva",1,"OK","90% ethanol","USNMENT01358765","SERC_012.20170809.L","Guy Hobbs","Georgia Southern University",
"024c989d-4d2f-4f0f-a067-18c870ca424f","SERC_012.tickPlot.tck","SERC_012","2017-08-10T00:14Z","2018-01-13T17:00Z","SERC_012.20170809","SERC_012.20170809.AMBAME.N","Amblyomma americanum","AMBAME","species","Ixodidae",,,,"Amblyomma",,"americanum",,,"Cooley, R. A. and G. M. Kohls. 1944. The genus Amblyomma (ixodidae) in the United States. The Journal of Parasitology, 30(2):77-111.","GSU_tickIdentification_SOP_2016-11-01.pdf","Linnaeus","Nymph",3,"OK","90% ethanol","USNMENT01358766","SERC_012.20170809.AMBAME.N","Lorenza Beati","Georgia Southern University",
