uid,namedLocation,domainID,siteID,plotID,plotType,nlcdClass,decimalLatitude,decimalLongitude,geodeticDatum,coordinateUncertainty,elevation,elevationUncertainty,collectDate,eventID,sampleID,sampleCode,samplingMethod,totalSampledArea,targetTaxaPresent,adultCount,nymphCount,larvaCount,sampleCondition,samplingProtocolVersion,measuredBy,remarks
"f469d348-21dc-4697-be40-885297629c48","TALL_002.tickPlot.tck","D08","TALL","TALL_002","distributed","mixedForest",32.920823,-87.428955,"WGS84",20.3,104.0,0.4,"2016-06-17T13:05Z","TALL.2016.24","TALL_002.20160617",,"drag",160,"Y",2,3,0,"No known compromise","NEON.DOC.014045vG","1BXlVo/+sgSJoXplbbCnfd62Du41GnwJ",
"0155b26f-e2e8-4fdc-871b-7e65c44f28a7","TALL_008.tickPlot.tck","D08","TALL","TALL_008","distributed","deciduousForest",32.922874,-87.434097,"WGS84",20.2,127.5,0.2,"2016-06-17T13:57Z","TALL.2016.24","TALL_008.20160617",,"drag and flag",160,"Y",1,13,0,"No known compromise","NEON.DOC.014045vG","1BXlVo/+sgSJoXplbbCnfd62Du41GnwJ",
"7c370e50-1acc-4909-b8f1-7609cb538cd5","TALL_001.tickPlot.tck","D08","TALL","TALL_001","distributed","deciduousForest",32.976370,-87.432184,"WGS84",20.2,114.6,0.1,"2016-06-17T13:58Z","TALL.2016.24","TALL_001.20160617",,"drag",160,"Y",0,2,0,"No known compromise","NEON.DOC.014045vG","Bw3luEmt/EBXrQHhVu/bZXxTa02TtXvY",
"5becd383-8b9d-43d6-a97c-fe1cf1325920","TALL_006.tickPlot.tck","D08","TALL","TALL_006","distributed","evergreenForest",32.899144,-87.444571,"WGS84",20.3,108.6,0.3,"2016-06-17T15:15Z","TALL.2016.24","TALL_006.20160617",,"drag and flag",160,"Y",0,2,0,"No known compromise","NEON.DOC.014045vG","1BXlVo/+sgSJoXplbbCnfd62Du41GnwJ",
"dc72762b-3b0e-470a-a910-3eb8e291586b","TALL_016.tickPlot.tck","D08","TALL","TALL_016","distributed","evergreenForest",32.971553,-87.415845,"WGS84",20.1,138.9,0.1,"2016-06-17T15:15Z","TALL.2016.24","TALL_016.20160617",,"drag",160,"Y",0,1,0,"No known compromise","NEON.DOC.014045vG","Bw3luEmt/EBXrQHhVu/bZXxTa02TtXvY",
"6881034c-3459-441e-92ee-28d88098ba3b","TALL_003.tickPlot.tck","D08","TALL","TALL_003","distributed","mixedForest",32.894415,-87.416532,"WGS84",20.2,121.9,0.2,"2016-06-17T16:20Z","TALL.2016.24","TALL_003.20160617",,"drag",160,"Y",0,3,0,"No known compromise","NEON.DOC.014045vG","Bw3luEmt/EBXrQHhVu/bZXxTa02TtXvY",
