uid,namedLocation,plotID,collectDate,identifiedDate,sampleID,subsampleID,scientificName,acceptedTaxonID,taxonRank,family,subfamily,tribe,subtribe,genus,subgenus,specificEpithet,infraspecificEpithet,identificationQualifier,identificationReferences,identificationProtocolVersion,scientificNameAuthorship,sexOrAge,individualCount,sampleCondition,archiveMedium,archiveFacilityID,deprecatedVialID,identifiedBy,laboratoryName,remarks
"a0f2fa81-0ec1-4dfc-87fd-1d13aa473c34","TALL_002.tickPlot.tck","TALL_002","2016-06-17T13:05Z","2017-06-05T16:00Z","TALL_002.20160617","TALL_002.20160617.AMBAME.M","Amblyomma americanum","AMBAME","species","Ixodidae",,,,"Amblyomma",,"americanum",,,"Cooley, R. A. and G. M. Kohls. 1944. The genus Amblyomma (ixodidae) in the United States. The Journal of Parasitology, 30(2):77-111.","GSU_tickIdentification_SOP_2016-11-01.pdf","Linnaeus","Male",1,"OK","RNA stabilization buffer","USNMENT00984320","TALL_002.20160617.01.AMBAME.M","Lorenza Beati","Georgia Southern University",
"8acc3515-2a83-4c13-b6b4-1cdcae83a4f2","TALL_002.tickPlot.tck","TALL_002","2016-06-17T13:05Z","2017-06-05T16:00Z","TALL_002.20160617","TALL_002.20160617.AMBAME.F","Amblyomma americanum","AMBAME","species","Ixodidae",,,,"Amblyomma",,"americanum",,,"Cooley, R. A. and G. M. Kohls. 1944. The genus Amblyomma (ixodidae) in the United States. The Journal of Parasitology, 30(2):77-111.","GSU_tickIdentification_SOP_2016-11-01.pdf","Linnaeus","Female",1,"OK","RNA stabilization buffer","USNMENT00984319","TALL_002.20160617.01.AMBAME.F","Lorenza Beati","Georgia Southern University",
"71cb0eef-a16c-464e-9b6d-a522d36879e9","TALL_002.tickPlot.tck","TALL_002","2016-06-17T13:05Z","2017-06-05T16:00Z","TALL_002.20160617","TALL_002.20160617.AMBAME.N","Amblyomma americanum","AMBAME","species","Ixodidae",,,,"Amblyomma",,"americanum",,,"Cooley, R. A. and G. M. Kohls. 1944. The genus Amblyomma (ixodidae) in the United States. The Journal of Parasitology, 30(2):77-111.","GSU_tickIdentification_SOP_2016-11-01.pdf","Linnaeus","Nymph",3,"OK","RNA stabilization buffer","USNMENT00984321","TALL_002.20160617.01.AMBAME.N","Lorenza Beati","Georgia Southern University",
"ea514f8b-5651-4252-995d-74ae01a4dadf","TALL_008.tickPlot.tck","TALL_008","2016-06-17T13:57Z","2017-06-06T16:00Z","TALL_008.20160617","TALL_008.20160617.AMBAME.M","Amblyomma americanum","AMBAME","species","Ixodidae",,,,"Amblyomma",,"americanum",,,"Cooley, R. A. and G. M. Kohls. 1944. The genus Amblyomma (ixodidae) in the United States. The Journal of Parasitology, 30(2):77-111.","GSU_tickIdentification_SOP_2016-11-01.pdf","Linnaeus","Male",1,"OK","RNA stabilization buffer","USNMENT00984322","TALL_008.20160617.01.AMBAME.M","Lorenza Beati","Georgia Southern University",
"3e71c11d-8ae7-4842-b518-1256b7f77431","TALL_008.tickPlot.tck","TALL_008","2016-06-17T13:57Z","2017-06-06T16:00Z","TALL_008.20160617","TALL_008.20160617.AMBAME.N","Amblyomma americanum","AMBAME","species","Ixodidae",,,,"Amblyomma",,"americanum",,,"Cooley, R. A. and G. M. Kohls. 1944. The genus Amblyomma (ixodidae) in the United States. The Journal of Parasitology, 30(2):77-111.","GSU_tickIdentification_SOP_2016-11-01.pdf","Linnaeus","Nymph",15,"OK","RNA stabilization buffer","USNMENT00984323","TALL_008.20160617.01.AMBAME.N","Lorenza Beati","Georgia Southern University",
"8e97b203-5aa2-4c8b-8d49-903170889a68","TALL_001.tickPlot.tck","TALL_001","2016-06-17T13:58Z","2017-06-05T16:00Z","TALL_001.20160617","TALL_001.20160617.AMBAME.N","Amblyomma americanum","AMBAME","species","Ixodidae",,,,"Amblyomma",,"americanum",,,"Cooley, R. A. and G. M. Kohls. 1944. The genus Amblyomma (ixodidae) in the United States. The Journal of Parasitology, 30(2):77-111.","GSU_tickIdentification_SOP_2016-11-01.pdf","Linnaeus","Nymph",2,"OK","RNA stabilization buffer","USNMENT00984316","TALL_001.20160617.01.AMBAME.N","Lorenza Beati","Georgia Southern University",
"4660c8a8-a6de-4a93-9fc8-f7928c20411c","TALL_006.tickPlot.tck","TALL_006","2016-06-17T15:15Z","2017-06-06T16:00Z","TALL_006.20160617","TALL_006.20160617.AMBAME.N","Amblyomma americanum","AMBAME","species","Ixodidae",,,,"Amblyomma",,"americanum",,,"Cooley, R. A. and G. M. Kohls. 1944. The genus Amblyomma (ixodidae) in the United States. The Journal of Parasitology, 30(2):77-111.","GSU_tickIdentification_SOP_2016-11-01.pdf","Linnaeus","Nymph",2,"OK","RNA stabilization buffer","USNMENT00984324","TALL_006.20160617.01.AMBAME.N","Lorenza Beati","Georgia Southern University",
"40b2da6d-9472-4daf-a8fd-0a4c31b29ad7","TALL_016.tickPlot.tck","TALL_016","2016-06-17T15:15Z","2017-04-17T16:00Z","TALL_016.20160617","TALL_016.20160617.AMBAME.N","Amblyomma americanum","AMBAME","species","Ixodidae",,,,"Amblyomma",,"americanum",,,"Cooley, R. A. and G. M. Kohls. 1944. The genus Amblyomma (ixodidae) in the United States. The Journal of Parasitology, 30(2):77-111.","GSU_tickIdentification_SOP_2016-11-01.pdf","Linnaeus","Nymph",1,"OK","RNA stabilization buffer","USNMENT00984317","TALL_016.20160617.01.AMBAME.N","Lorenza Beati","Georgia Southern University",
"ac3bddf0-0886-4aa6-add6-b590c83e53f5","TALL_003.tickPlot.tck","TALL_003","2016-06-17T16:20Z","2017-06-06T16:00Z","TALL_003.20160617","TALL_003.20160617.AMBAME.N","Amblyomma americanum","AMBAME","species","Ixodidae",,,,"Amblyomma",,"americanum",,,"Cooley, R. A. and G. M. Kohls. 1944. The genus Amblyomma (ixodidae) in the United States. The Journal of Parasitology, 30(2):77-111.","GSU_tickIdentification_SOP_2016-11-01.pdf","Linnaeus","Nymph",3,"OK","RNA stabilization buffer","USNMENT00984318","TALL_003.20160617.01.AMBAME.N","Lorenza Beati","Georgia Southern University",
