uid,namedLocation,domainID,siteID,plotID,plotType,nlcdClass,decimalLatitude,decimalLongitude,geodeticDatum,coordinateUncertainty,elevation,elevationUncertainty,collectDate,eventID,sampleID,sampleCode,samplingMethod,totalSampledArea,targetTaxaPresent,adultCount,nymphCount,larvaCount,sampleCondition,samplingProtocolVersion,measuredBy,remarks
"5b816705-7e6e-4cee-a4cd-2e27b0853137","ORNL_002.tickPlot.tck","D07","ORNL","ORNL_002","distributed","deciduousForest",35.983090,-84.211654,"WGS84",20.3,338.6,0.5,"2014-09-16T13:10Z","ORNL.2014.37","ORNL_002.20140916",,"drag and flag",180,"Y",0,2,198,"No known compromise","NEON.DOC.014045vD","c9fqInG1ql2wFVwRaHTb4w==",
"ff19551f-25af-4d76-acb2-dd0151bd0917","ORNL_040.tickPlot.tck","D07","ORNL","ORNL_040","distributed","evergreenForest",35.975525,-84.305103,"WGS84",20.2,273.2,0.2,"2014-09-16T13:45Z","ORNL.2014.37","ORNL_040.20140916",,"drag",160,"Y",0,1,118,"No known compromise","NEON.DOC.014045vD","5GzZFBu8PyjpNW/sPhpxwg==",
"55fcac1e-be9d-4c37-979d-fac411d8cf55","ORNL_009.tickPlot.tck","D07","ORNL","ORNL_009","distributed","deciduousForest",35.974902,-84.226630,"WGS84",20.2,337.1,0.2,"2014-09-16T14:30Z","ORNL.2014.37","ORNL_009.20140916",,"drag",170,"Y",0,3,258,"No known compromise","NEON.DOC.014045vD","c9fqInG1ql2wFVwRaHTb4w==",
"5a744629-f76b-4132-a224-77a6060c5f55","ORNL_008.tickPlot.tck","D07","ORNL","ORNL_008","distributed","deciduousForest",35.933531,-84.334016,"WGS84",20.3,322.7,0.3,"2014-09-16T14:55Z","ORNL.2014.37","ORNL_008.20140916",,"drag",160,"Y",0,5,10,"No known compromise","NEON.DOC.014045vD","5GzZFBu8PyjpNW/sPhpxwg==",
"2a0b14dd-efbe-46cc-a306-382468683031","ORNL_003.tickPlot.tck","D07","ORNL","ORNL_003","distributed","deciduousForest",35.967011,-84.229849,"WGS84",20.2,275.5,0.2,"2014-09-16T16:00Z","ORNL.2014.37","ORNL_003.20140916",,"drag",170,"Y",0,0,9,"No known compromise","NEON.DOC.014045vD","c9fqInG1ql2wFVwRaHTb4w==",
"357bd7ac-7cb6-4725-a77f-d120e3a9a68e","ORNL_007.tickPlot.tck","D07","ORNL","ORNL_007","distributed","deciduousForest",35.925843,-84.328420,"WGS84",20.2,279.4,0.5,"2014-09-16T16:10Z","ORNL.2014.37","ORNL_007.20140916",,"drag",160,"Y",0,0,702,"No known compromise","NEON.DOC.014045vD","5GzZFBu8PyjpNW/sPhpxwg==",
