uid,namedLocation,domainID,siteID,plotID,plotType,nlcdClass,decimalLatitude,decimalLongitude,geodeticDatum,coordinateUncertainty,elevation,elevationUncertainty,collectDate,eventID,sampleID,sampleCode,samplingMethod,totalSampledArea,targetTaxaPresent,adultCount,nymphCount,larvaCount,sampleCondition,samplingProtocolVersion,measuredBy,remarks
"bf0c512b-bcda-4fe8-974e-c19668b1dfeb","STER_033.tickPlot.tck","D10","STER","STER_033","distributed","cultivatedCrops",40.476290,-103.010114,"WGS84",20.2,1355.1,0.2,"2017-06-28T13:15Z","STER.2017.27",,,"drag",160,"N",0,0,0,,"NEON.DOC.014045vH","YJ2A+OwoGUUJ0gtGFbMVL5qs1b3XVu5xVQHttA+tD38=",
"d6e0ff34-53db-45fd-981a-815f58981fc0","STER_029.tickPlot.tck","D10","STER","STER_029","distributed","cultivatedCrops",40.469400,-103.010366,"WGS84",20.2,1352.6,0.3,"2017-06-28T13:51Z","STER.2017.27",,,"drag",160,"N",0,0,0,,"NEON.DOC.014045vH","YJ2A+OwoGUUJ0gtGFbMVL5qs1b3XVu5xVQHttA+tD38=",
"9aa67c92-30ef-4fd6-bb32-3a52da8254f2","STER_006.tickPlot.tck","D10","STER","STER_006","distributed","cultivatedCrops",40.465644,-103.032824,"WGS84",20.1,1361.1,0.1,"2017-06-28T14:34Z","STER.2017.27",,,"drag",160,"N",0,0,0,,"NEON.DOC.014045vH","sDKl9GV3fCfxB7Sr2tBUEdNf2VFFVV4b+9jUCqxJRgc=",
"370982a0-8e60-45b6-b962-5cd36f820646","STER_028.tickPlot.tck","D10","STER","STER_028","distributed","cultivatedCrops",40.472367,-103.017002,"WGS84",20.2,1358.2,0.3,"2017-06-28T15:21Z","STER.2017.27",,,"drag",160,"N",0,0,0,,"NEON.DOC.014045vH","rvm51PK74p7XDWPCBsSsYgrFDvT+8W3dGarf3CO9Jiw=",
"5105d34b-b8ac-4f6f-aa9a-05b936790d4d","STER_026.tickPlot.tck","D10","STER","STER_026","distributed","cultivatedCrops",40.474857,-103.022558,"WGS84",20.2,1358.2,0.2,"2017-06-28T15:52Z","STER.2017.27",,,"drag",160,"N",0,0,0,,"NEON.DOC.014045vH","rvm51PK74p7XDWPCBsSsYgrFDvT+8W3dGarf3CO9Jiw=",
"4e47ed17-9615-4513-93ef-4647b0d40918","STER_027.tickPlot.tck","D10","STER","STER_027","distributed","cultivatedCrops",40.480002,-103.017416,"WGS84",20.2,1365.6,0.2,"2017-06-28T16:22Z","STER.2017.27",,,"drag",160,"N",0,0,0,,"NEON.DOC.014045vH","YJ2A+OwoGUUJ0gtGFbMVL5qs1b3XVu5xVQHttA+tD38=",
