uid,namedLocation,domainID,siteID,plotID,plotType,nlcdClass,decimalLatitude,decimalLongitude,geodeticDatum,coordinateUncertainty,elevation,elevationUncertainty,collectDate,eventID,sampleID,sampleCode,samplingMethod,totalSampledArea,targetTaxaPresent,adultCount,nymphCount,larvaCount,sampleCondition,samplingProtocolVersion,measuredBy,remarks
"06247e5c-85fd-4e4a-9918-cd29040789c6","DELA_014.tickPlot.tck","D08","DELA","DELA_014","distributed","evergreenForest",32.530627,-87.819367,"WGS84",20.2,33.0,0.2,"2016-08-25T13:00Z","DELA.2016.34",,,"drag",160,"N",0,0,0,"No known compromise","NEON.DOC.014045vG","Bw3luEmt/EBXrQHhVu/bZXxTa02TtXvY",
"f1f6d2f3-9c6d-4b97-b7ab-229ef93c940c","DELA_005.tickPlot.tck","D08","DELA","DELA_005","distributed","woodyWetlands",32.524379,-87.813851,"WGS84",20.1,27.0,0.3,"2016-08-25T13:44Z","DELA.2016.34",,,"drag",160,"N",0,0,0,"No known compromise","NEON.DOC.014045vG","0ShTL6IaUenIl8UIrFus2FxL7Gs6+tXJU6TiW3z61Vg=",
"92d6385d-45ee-41f9-ab08-35e2653a4b8e","DELA_008.tickPlot.tck","D08","DELA","DELA_008","distributed","woodyWetlands",32.538884,-87.814145,"WGS84",20.1,24.5,0.2,"2016-08-25T14:15Z","DELA.2016.34",,,"drag and flag",160,"N",0,0,0,"No known compromise","NEON.DOC.014045vG","0ygyTA3URVoNp+waZjN2Lu+zP0lNl3v9",
"ac34d2fd-ce61-45af-8250-7f259120905a","DELA_001.tickPlot.tck","D08","DELA","DELA_001","distributed","woodyWetlands",32.533269,-87.805425,"WGS84",20.2,27.5,0.3,"2016-08-25T15:00Z","DELA.2016.34",,,"drag",110,"N",0,0,0,"No known compromise","NEON.DOC.014045vG","0ShTL6IaUenIl8UIrFus2FxL7Gs6+tXJU6TiW3z61Vg=","NE corner of plot under water- not sampled"
"f3f90631-e650-4c24-b129-acfb5b1dad2a","DELA_016.tickPlot.tck","D08","DELA","DELA_016","distributed","evergreenForest",32.536850,-87.806995,"WGS84",20.2,23.6,0.3,"2016-08-25T15:42Z","DELA.2016.34",,,"drag",160,"N",0,0,0,"No known compromise","NEON.DOC.014045vG","0ShTL6IaUenIl8UIrFus2FxL7Gs6+tXJU6TiW3z61Vg=",
"51b810c1-ae4d-4b61-9337-a6691b5da5bd","DELA_007.tickPlot.tck","D08","DELA","DELA_007","distributed","woodyWetlands",32.538957,-87.799922,"WGS84",20.2,25.7,0.2,"2016-08-25T16:52Z","DELA.2016.34","DELA_007.20160825",,"drag",160,"Y",0,3,0,"No known compromise","NEON.DOC.014045vG","0ShTL6IaUenIl8UIrFus2FxL7Gs6+tXJU6TiW3z61Vg=",
