uid,namedLocation,domainID,siteID,plotID,plotType,nlcdClass,decimalLatitude,decimalLongitude,geodeticDatum,coordinateUncertainty,elevation,elevationUncertainty,collectDate,eventID,sampleID,sampleCode,samplingMethod,totalSampledArea,targetTaxaPresent,adultCount,nymphCount,larvaCount,sampleCondition,samplingProtocolVersion,measuredBy,remarks
"5d65a378-c9e9-4276-a2f0-c9c438cd9f30","CPER_007.tickPlot.tck","D10","CPER","CPER_007","distributed","grasslandHerbaceous",40.860878,-104.684952,"WGS84",20.1,1646.7,0.1,"2014-09-18T16:00Z","CPER.2014.37",,,"drag",160,"N",0,0,0,,"NEON.DOC.014045vD","osJbC1na7vg1QPo+P8VDlw==",
"27590601-ee50-41a7-913f-f4abed8f1449","CPER_001.tickPlot.tck","D10","CPER","CPER_001","distributed","grasslandHerbaceous",40.851012,-104.701302,"WGS84",20.1,1639.1,0.1,"2014-09-18T16:52Z","CPER.2014.37",,,"drag",161,"N",0,0,0,,"NEON.DOC.014045vD","osJbC1na7vg1QPo+P8VDlw==",
"83a0e337-1bc9-44cc-be61-a8821aa35662","CPER_005.tickPlot.tck","D10","CPER","CPER_005","distributed","grasslandHerbaceous",40.852571,-104.726331,"WGS84",20.1,1662.6,0.1,"2014-09-18T18:05Z","CPER.2014.37",,,"drag",164,"N",0,0,0,,"NEON.DOC.014045vD","osJbC1na7vg1QPo+P8VDlw==",
"0262b10d-3cb1-4b16-90a8-8e5e003d3d40","CPER_003.tickPlot.tck","D10","CPER","CPER_003","distributed","grasslandHerbaceous",40.819808,-104.707147,"WGS84",20.1,1625.7,0.1,"2014-09-18T20:12Z","CPER.2014.37",,,"drag",160,"N",0,0,0,,"NEON.DOC.014045vD","osJbC1na7vg1QPo+P8VDlw==",
"193ca425-4546-4329-b20a-2558bff5a5d9","CPER_004.tickPlot.tck","D10","CPER","CPER_004","distributed","grasslandHerbaceous",40.814104,-104.696817,"WGS84",20.1,1617.2,0.1,"2014-09-18T21:04Z","CPER.2014.37",,,"drag",160,"N",0,0,0,,"NEON.DOC.014045vD","osJbC1na7vg1QPo+P8VDlw==",
"c43220e6-b6b2-456f-bca8-c05b6de32ae3","CPER_002.tickPlot.tck","D10","CPER","CPER_002","distributed","grasslandHerbaceous",40.811446,-104.727626,"WGS84",20.1,1645.8,0.1,"2014-09-18T21:52Z","CPER.2014.37",,,"drag",162,"N",0,0,0,,"NEON.DOC.014045vD","osJbC1na7vg1QPo+P8VDlw==",
