uid,namedLocation,date,domainID,siteID,plotID,plotType,nlcdClass,decimalLatitude,decimalLongitude,geodeticDatum,coordinateUncertainty,easting,northing,utmZone,elevation,elevationUncertainty,eventID,samplingProtocolVersion,treesPresent,treesAbsentList,shrubsPresent,shrubsAbsentList,lianasPresent,lianasAbsentList,nestedSubplotAreaShrubSapling,nestedSubplotAreaLiana,totalSampledAreaTrees,totalSampledAreaShrubSapling,totalSampledAreaLiana,remarks,measuredBy,recordedBy,dataQF
"f82c990c-ab15-4ec2-87e4-1699aaef4048","SRER_051.basePlot.vst","2016-11-08","D14","SRER","SRER_051","tower","shrubScrub",31.909262,-110.838125,"WGS84",20.0,515305.01,3530389.57,"12N",992.9,0.0,"vst_SRER_2016","NEON.DOC.000987vE","N",,"Y","presentInAll","N",,"100","noneSelected",800,400,800,,"h4cnM1FImy0O1yRkPnGyOQFSRP/gNije","jsTjq759p0sW6l4HEM4a2vh3YQ8Sowis",
"3e176faf-fbfe-47db-9068-8ea4dc89a560","SRER_047.basePlot.vst","2016-11-08","D14","SRER","SRER_047","tower","shrubScrub",31.910358,-110.838435,"WGS84",20.0,515275.52,3530511.01,"12N",990.6,0.0,"vst_SRER_2016","NEON.DOC.000987vE","N",,"Y","presentInAll","N",,"100","noneSelected",800,400,800,,"jsTjq759p0sW6l4HEM4a2vh3YQ8Sowis","j8Qlsy+mKIFpPXmlKY7NH5kCBm442+nv",
"654c14f6-1640-4b34-a044-55c70b298132","SRER_049.basePlot.vst","2016-11-10","D14","SRER","SRER_049","tower","shrubScrub",31.908475,-110.836829,"WGS84",20.0,515427.67,3530302.52,"12N",996.5,0.0,"vst_SRER_2016","NEON.DOC.000987vE","N",,"Y","presentInAll","N",,"100","noneSelected",800,400,800,,"jsTjq759p0sW6l4HEM4a2vh3YQ8Sowis","h4cnM1FImy0O1yRkPnGyOQFSRP/gNije",
"4c1e7550-e1b5-4f04-af39-880574e7e3ff","SRER_050.basePlot.vst","2016-11-14","D14","SRER","SRER_050","tower","shrubScrub",31.908444,-110.833989,"WGS84",20.0,515696.20,3530299.49,"12N",1002.2,0.0,"vst_SRER_2016","NEON.DOC.000987vE","N",,"Y","presentInAll","N",,"100","noneSelected",800,400,800,,"jsTjq759p0sW6l4HEM4a2vh3YQ8Sowis","h4cnM1FImy0O1yRkPnGyOQFSRP/gNije",
"1c57b4fd-0bff-4cb7-912e-51a1ba795b30","SRER_055.basePlot.vst","2016-11-15","D14","SRER","SRER_055","tower","shrubScrub",31.908716,-110.835571,"WGS84",20.0,515546.58,3530329.41,"12N",997.6,0.0,"vst_SRER_2016","NEON.DOC.000987vE","N",,"Y","presentInAll","N",,"100","noneSelected",800,400,800,,"HSLHxoHyU+OUsiFMGmLLQtrjXj9jFn9P","sk+ncTlknmGlnEtX/xe01ipH6tZVDj7e",
"229b2e23-9fd7-47db-a78e-ba4258c9460b","SRER_042.basePlot.vst","2016-11-21","D14","SRER","SRER_042","tower","shrubScrub",31.912777,-110.833981,"WGS84",20.0,515696.22,3530779.77,"12N",994.6,0.0,"vst_SRER_2016","NEON.DOC.000987vE","Y","23","Y","presentInAll","N",,"100","noneSelected",800,400,800,,"jsTjq759p0sW6l4HEM4a2vh3YQ8Sowis","/ByrziN0LguMJHnInl2NM/trZeA5h+c0",
