uid,namedLocation,date,eventID,domainID,siteID,plotID,subplotID,individualID,tagStatus,growthForm,plantStatus,stemDiameter,measurementHeight,height,baseCrownHeight,breakHeight,breakDiameter,maxCrownDiameter,ninetyCrownDiameter,canopyPosition,shape,basalStemDiameter,basalStemDiameterMsrmntHeight,maxBaseCrownDiameter,ninetyBaseCrownDiameter,remarks,recordedBy,measuredBy,dataQF
"48b588f8-efee-452b-b107-3c3ebc8aeb85","WREF_075.basePlot.vst","2017-11-01","vst_WREF_2017","D16","WREF","WREF_075",,"NEON.PLA.D16.WREF.03437","ok","small tree","Live, physically damaged",5.3,130,3.6,,,,,,,,,,,,"Mechanical damage on bole","8kXoOpAOzaUMpv0WDeMaGRfSZUXYrtMVEL8cHv62ER4=","n6C8QabM4GRwBBSExkcug8ZHbDzuixegaGvj2qZxMy8=","legacyData"
"75a7bd7d-9b22-4d3d-9b56-8d2106cb0e03","WREF_071.basePlot.vst","2017-11-01","vst_WREF_2017","D16","WREF","WREF_071",,"NEON.PLA.D16.WREF.02399","ok","single bole tree","Live",44.2,130,32.5,,,,,,,,,,,,,"rxvQRApCCKY/UVEtKW1BFeWgBpZ8J3yRI94VQnzKk1o=","rxvQRApCCKY/UVEtKW1BFeWgBpZ8J3yRI94VQnzKk1o=","legacyData"
"154789a4-0c50-4284-a883-9f2bac0f2c53","WREF_071.basePlot.vst","2017-11-01","vst_WREF_2017","D16","WREF","WREF_071",,"NEON.PLA.D16.WREF.02365","ok","single bole tree","Live",19.7,130,15.3,,,,,,,,,,,,,"rxvQRApCCKY/UVEtKW1BFeWgBpZ8J3yRI94VQnzKk1o=","rxvQRApCCKY/UVEtKW1BFeWgBpZ8J3yRI94VQnzKk1o=","legacyData"
"036a3d33-de50-4fc9-b004-4b4563f74e51","WREF_071.basePlot.vst","2017-11-01","vst_WREF_2017","D16","WREF","WREF_071",,"NEON.PLA.D16.WREF.02355","ok","small tree","Live",2.2,130,2.7,,,,,,,,,,,,,"rxvQRApCCKY/UVEtKW1BFeWgBpZ8J3yRI94VQnzKk1o=","rxvQRApCCKY/UVEtKW1BFeWgBpZ8J3yRI94VQnzKk1o=","legacyData"
"dcd08506-8c86-48f4-96ea-a13a68ecbfdc","WREF_071.basePlot.vst","2017-11-01","vst_WREF_2017","D16","WREF","WREF_071",,"NEON.PLA.D16.WREF.02369","ok","sapling","Live",,,1.0,,,,,,,,1.3,10,,,,"rxvQRApCCKY/UVEtKW1BFeWgBpZ8J3yRI94VQnzKk1o=","rxvQRApCCKY/UVEtKW1BFeWgBpZ8J3yRI94VQnzKk1o=","legacyData"
"4f46d908-99cb-4953-9f86-d07fc82ffa02","WREF_071.basePlot.vst","2017-11-01","vst_WREF_2017","D16","WREF","WREF_071",,"NEON.PLA.D16.WREF.02028","ok","single bole tree","Live",24.5,130,14.4,,,,,,,,,,,,,"OqqU1CZip9fnMkwChdvw+TeVymaF1ZcYZSPCx88p1og=","Mvo1bt03JMTZR6DZIA23lJNZxcUJiaM9uFJUitaYL48=","legacyData"
"c5538b43-3e5f-4ca6-a4ed-c09cdec6f0c0","WREF_071.basePlot.vst","2017-11-01","vst_WREF_2017","D16","WREF","WREF_071",,"NEON.PLA.D16.WREF.02043","ok","single bole tree","Live",22.8,130,11.4,,,,,,,,,,,,,"OqqU1CZip9fnMkwChdvw+TeVymaF1ZcYZSPCx88p1og=","Mvo1bt03JMTZR6DZIA23lJNZxcUJiaM9uFJUitaYL48=","legacyData"
"0ea78178-069d-4ba4-9ab8-4c70ca805ed8","WREF_071.basePlot.vst","2017-11-01","vst_WREF_2017","D16","WREF","WREF_071",,"NEON.PLA.D16.WREF.02011","ok","sapling","Live",,,0.9,,,,,,,,1.3,10,,,,"OqqU1CZip9fnMkwChdvw+TeVymaF1ZcYZSPCx88p1og=","Mvo1bt03JMTZR6DZIA23lJNZxcUJiaM9uFJUitaYL48=","legacyData"
"1e2ce457-d32d-4f43-9a98-b2084605dc84","WREF_075.basePlot.vst","2017-11-01","vst_WREF_2017","D16","WREF","WREF_075",,"NEON.PLA.D16.WREF.03433","ok","single bole tree","Live",10.7,130,7.5,,,,,,,,,,,,,"8kXoOpAOzaUMpv0WDeMaGRfSZUXYrtMVEL8cHv62ER4=","n6C8QabM4GRwBBSExkcug8ZHbDzuixegaGvj2qZxMy8=","legacyData"
"b34b7f20-d03a-44c6-a649-074d813a7c03","WREF_075.basePlot.vst","2017-11-01","vst_WREF_2017","D16","WREF","WREF_075",,"NEON.PLA.D16.WREF.03462","ok","single bole tree","Live",31.3,130,29.7,,,,,,,,,,,,,"8kXoOpAOzaUMpv0WDeMaGRfSZUXYrtMVEL8cHv62ER4=","n6C8QabM4GRwBBSExkcug8ZHbDzuixegaGvj2qZxMy8=","legacyData"
"d81e8f52-7f19-43f8-8488-284e07a39008","WREF_075.basePlot.vst","2017-11-01","vst_WREF_2017","D16","WREF","WREF_075",,"NEON.PLA.D16.WREF.03450","ok","single bole tree","Live",21.5,130,21.6,,,,,,,,,,,,,"8kXoOpAOzaUMpv0WDeMaGRfSZUXYrtMVEL8cHv62ER4=","n6C8QabM4GRwBBSExkcug8ZHbDzuixegaGvj2qZxMy8=","legacyData"
"f53dbf0c-2b5b-4830-a427-2aefea856a1e","WREF_075.basePlot.vst","2017-11-01","vst_WREF_2017","D16","WREF","WREF_075",,"NEON.PLA.D16.WREF.03461","ok","single bole tree","Live, broken bole",28.0,130,14.0,,13.4,19.5,,,,,,,,,"Mechanical damage on lower bole","8kXoOpAOzaUMpv0WDeMaGRfSZUXYrtMVEL8cHv62ER4=","n6C8QabM4GRwBBSExkcug8ZHbDzuixegaGvj2qZxMy8=","legacyData"
"f2251c5e-ea7b-4ac8-a925-0bf4a6c8e581","WREF_071.basePlot.vst","2017-11-01","vst_WREF_2017","D16","WREF","WREF_071",,"NEON.PLA.D16.WREF.02367","ok","single bole tree","Live",20.5,130,24.1,,,,,,,,,,,,,"rxvQRApCCKY/UVEtKW1BFeWgBpZ8J3yRI94VQnzKk1o=","rxvQRApCCKY/UVEtKW1BFeWgBpZ8J3yRI94VQnzKk1o=","legacyData"
"d00d5dac-522e-4d04-a94e-7acb76897d7c","WREF_071.basePlot.vst","2017-11-01","vst_WREF_2017","D16","WREF","WREF_071",,"NEON.PLA.D16.WREF.02040","ok","single bole tree","Dead, broken bole",15.7,130,3.2,,,,,,,,,,,,,"OqqU1CZip9fnMkwChdvw+TeVymaF1ZcYZSPCx88p1og=","Mvo1bt03JMTZR6DZIA23lJNZxcUJiaM9uFJUitaYL48=","legacyData"
"8ff665a6-f11a-4962-8984-483c84d30551","WREF_071.basePlot.vst","2017-11-01","vst_WREF_2017","D16","WREF","WREF_071",,"NEON.PLA.D16.WREF.02091","ok","sapling","Live",,,0.5,,,,,,,,2.4,10,,,,"rxvQRApCCKY/UVEtKW1BFeWgBpZ8J3yRI94VQnzKk1o=","rxvQRApCCKY/UVEtKW1BFeWgBpZ8J3yRI94VQnzKk1o=","legacyData"
"67c202b8-ebb2-46d5-81ce-55d45384a0bf","WREF_071.basePlot.vst","2017-11-01","vst_WREF_2017","D16","WREF","WREF_071",,"NEON.PLA.D16.WREF.02361","ok","small tree","Live, physically damaged",9.9,130,4.8,,,,,,,,,,,,,"rxvQRApCCKY/UVEtKW1BFeWgBpZ8J3yRI94VQnzKk1o=","rxvQRApCCKY/UVEtKW1BFeWgBpZ8J3yRI94VQnzKk1o=","legacyData"
"f0fe5071-d241-4024-acbb-b80e41cc4987","WREF_071.basePlot.vst","2017-11-01","vst_WREF_2017","D16","WREF","WREF_071",,"NEON.PLA.D16.WREF.02015","ok","sapling","Live",,,0.9,,,,,,,,1.0,10,,,,"OqqU1CZip9fnMkwChdvw+TeVymaF1ZcYZSPCx88p1og=","Mvo1bt03JMTZR6DZIA23lJNZxcUJiaM9uFJUitaYL48=","legacyData"
"3d2f7afe-ec0c-46e1-bfde-1dda3388d7cf","WREF_071.basePlot.vst","2017-11-01","vst_WREF_2017","D16","WREF","WREF_071",,"NEON.PLA.D16.WREF.02014","ok","sapling","Live",,,0.7,,,,,,,,1.1,10,,,,"OqqU1CZip9fnMkwChdvw+TeVymaF1ZcYZSPCx88p1og=","Mvo1bt03JMTZR6DZIA23lJNZxcUJiaM9uFJUitaYL48=","legacyData"
"04c97cb3-bd1e-4b7e-ab8b-2d6013fbb426","WREF_071.basePlot.vst","2017-11-01","vst_WREF_2017","D16","WREF","WREF_071",,"NEON.PLA.D16.WREF.02022","ok","single bole tree","Live, physically damaged",24.8,130,13.1,,,,,,,,,,,,,"OqqU1CZip9fnMkwChdvw+TeVymaF1ZcYZSPCx88p1og=","Mvo1bt03JMTZR6DZIA23lJNZxcUJiaM9uFJUitaYL48=","legacyData"
"54c73dc4-a6ae-4658-8f10-e0ff833193d3","WREF_071.basePlot.vst","2017-11-01","vst_WREF_2017","D16","WREF","WREF_071",,"NEON.PLA.D16.WREF.02071","ok","sapling","Live",,,1.1,,,,,,,,1.4,10,,,,"rxvQRApCCKY/UVEtKW1BFeWgBpZ8J3yRI94VQnzKk1o=","rxvQRApCCKY/UVEtKW1BFeWgBpZ8J3yRI94VQnzKk1o=","legacyData"
"a142d69e-cf47-4fc7-9512-260e87b8ee50","WREF_071.basePlot.vst","2017-11-01","vst_WREF_2017","D16","WREF","WREF_071",,"NEON.PLA.D16.WREF.02027","ok","small tree","Live",1.1,130,1.2,,,,,,,,,,,,,"OqqU1CZip9fnMkwChdvw+TeVymaF1ZcYZSPCx88p1og=","Mvo1bt03JMTZR6DZIA23lJNZxcUJiaM9uFJUitaYL48=","legacyData"
"18de75ed-de30-4d29-a842-747c960fefac","WREF_071.basePlot.vst","2017-11-01","vst_WREF_2017","D16","WREF","WREF_071",,"NEON.PLA.D16.WREF.02380","ok","sapling","Live",,,0.9,,,,,,,,1.5,10,,,,"rxvQRApCCKY/UVEtKW1BFeWgBpZ8J3yRI94VQnzKk1o=","rxvQRApCCKY/UVEtKW1BFeWgBpZ8J3yRI94VQnzKk1o=","legacyData"
"de0a311c-74d1-45de-af7d-2194e379d4b5","WREF_071.basePlot.vst","2017-11-01","vst_WREF_2017","D16","WREF","WREF_071",,"NEON.PLA.D16.WREF.02352","ok","single bole tree","Live",54.6,130,36.1,,,,,,,,,,,,,"rxvQRApCCKY/UVEtKW1BFeWgBpZ8J3yRI94VQnzKk1o=","rxvQRApCCKY/UVEtKW1BFeWgBpZ8J3yRI94VQnzKk1o=","legacyData"
"39d88696-ee92-4e09-a3c1-ae8889fd1987","WREF_071.basePlot.vst","2017-11-01","vst_WREF_2017","D16","WREF","WREF_071",,"NEON.PLA.D16.WREF.02067","ok","sapling","Live",,,1.6,,,,,,,,2.3,10,,,,"rxvQRApCCKY/UVEtKW1BFeWgBpZ8J3yRI94VQnzKk1o=","rxvQRApCCKY/UVEtKW1BFeWgBpZ8J3yRI94VQnzKk1o=","legacyData"
"bfd1040f-4c54-43f7-9465-014f352d07d9","WREF_071.basePlot.vst","2017-11-01","vst_WREF_2017","D16","WREF","WREF_071",,"NEON.PLA.D16.WREF.02383","ok","small tree","Live",1.3,130,2.1,,,,,,,,,,,,,"rxvQRApCCKY/UVEtKW1BFeWgBpZ8J3yRI94VQnzKk1o=","rxvQRApCCKY/UVEtKW1BFeWgBpZ8J3yRI94VQnzKk1o=","legacyData"
"eeaf4686-1b9c-4526-a332-6e9522a7fb66","WREF_071.basePlot.vst","2017-11-01","vst_WREF_2017","D16","WREF","WREF_071",,"NEON.PLA.D16.WREF.02005","ok","small tree","Live",3.4,130,3.7,,,,,,,,,,,,,"OqqU1CZip9fnMkwChdvw+TeVymaF1ZcYZSPCx88p1og=","Mvo1bt03JMTZR6DZIA23lJNZxcUJiaM9uFJUitaYL48=","legacyData"
"4ee85767-9ddf-47ca-9575-e3944115c14d","WREF_071.basePlot.vst","2017-11-01","vst_WREF_2017","D16","WREF","WREF_071",,"NEON.PLA.D16.WREF.02058","ok","small tree","Standing dead",6.1,130,5.2,,,,,,,,,,,,,"rxvQRApCCKY/UVEtKW1BFeWgBpZ8J3yRI94VQnzKk1o=","rxvQRApCCKY/UVEtKW1BFeWgBpZ8J3yRI94VQnzKk1o=","legacyData"
"0e181b6c-7a67-4f7d-9f89-bbf973592b02","WREF_075.basePlot.vst","2017-11-01","vst_WREF_2017","D16","WREF","WREF_075",,"NEON.PLA.D16.WREF.03458","ok","single bole tree","Live",27.2,130,25.7,,,,,,,,,,,,,"8kXoOpAOzaUMpv0WDeMaGRfSZUXYrtMVEL8cHv62ER4=","n6C8QabM4GRwBBSExkcug8ZHbDzuixegaGvj2qZxMy8=","legacyData"
"b74c9a0f-e5c1-4bc7-8a25-07a15bee225e","WREF_075.basePlot.vst","2017-11-01","vst_WREF_2017","D16","WREF","WREF_075",,"NEON.PLA.D16.WREF.03460","ok","single bole tree","Live, broken bole",18.2,130,9.6,,5.8,,,,,,,,,,"New leader successfully recruited","8kXoOpAOzaUMpv0WDeMaGRfSZUXYrtMVEL8cHv62ER4=","n6C8QabM4GRwBBSExkcug8ZHbDzuixegaGvj2qZxMy8=","legacyData"
"bbc81f11-86b1-46f4-a063-8f7172895710","WREF_075.basePlot.vst","2017-11-01","vst_WREF_2017","D16","WREF","WREF_075",,"NEON.PLA.D16.WREF.03456","ok","single bole tree","Live",28.4,130,23.8,,,,,,,,,,,,,"8kXoOpAOzaUMpv0WDeMaGRfSZUXYrtMVEL8cHv62ER4=","n6C8QabM4GRwBBSExkcug8ZHbDzuixegaGvj2qZxMy8=","legacyData"
"ceb74a4c-0bb8-44d3-9562-31dcf108df09","WREF_075.basePlot.vst","2017-11-01","vst_WREF_2017","D16","WREF","WREF_075",,"NEON.PLA.D16.WREF.03463","ok","single bole tree","Live",11.3,130,9.1,,,,,,,,,,,,,"8kXoOpAOzaUMpv0WDeMaGRfSZUXYrtMVEL8cHv62ER4=","n6C8QabM4GRwBBSExkcug8ZHbDzuixegaGvj2qZxMy8=","legacyData"
"5b023ffc-ba0a-413d-98eb-881457bff89c","WREF_075.basePlot.vst","2017-11-01","vst_WREF_2017","D16","WREF","WREF_075",,"NEON.PLA.D16.WREF.03457","ok","single bole tree","Dead, broken bole",40.2,130,3.4,,,,,,,,,,,,,"8kXoOpAOzaUMpv0WDeMaGRfSZUXYrtMVEL8cHv62ER4=","n6C8QabM4GRwBBSExkcug8ZHbDzuixegaGvj2qZxMy8=","legacyData"
"20ee832b-d051-4e53-8db9-85fc75c215f0","WREF_075.basePlot.vst","2017-11-01","vst_WREF_2017","D16","WREF","WREF_075",,"NEON.PLA.D16.WREF.03441","ok","small tree","Live",6.2,130,2.7,,,,,,,,,,,,,"8kXoOpAOzaUMpv0WDeMaGRfSZUXYrtMVEL8cHv62ER4=","n6C8QabM4GRwBBSExkcug8ZHbDzuixegaGvj2qZxMy8=","legacyData"
"67a72f4b-a706-445a-9edf-67cb19ba1812","WREF_075.basePlot.vst","2017-11-01","vst_WREF_2017","D16","WREF","WREF_075",,"NEON.PLA.D16.WREF.03442","ok","small tree","Live, broken bole",,,2.3,,1.2,7.0,,,,,,,,,"Stem Diameter inaccessible due to bole break below 130 cm.","8kXoOpAOzaUMpv0WDeMaGRfSZUXYrtMVEL8cHv62ER4=","n6C8QabM4GRwBBSExkcug8ZHbDzuixegaGvj2qZxMy8=","legacyData"
"97dcca6d-e6f5-433c-98c9-76240b4880ab","WREF_075.basePlot.vst","2017-11-01","vst_WREF_2017","D16","WREF","WREF_075",,"NEON.PLA.D16.WREF.03468","ok","single bole tree","Dead, broken bole",35.8,130,11.5,,,30.3,,,,,,,,,,"8kXoOpAOzaUMpv0WDeMaGRfSZUXYrtMVEL8cHv62ER4=","n6C8QabM4GRwBBSExkcug8ZHbDzuixegaGvj2qZxMy8=","legacyData"
"ef730981-a186-48b8-82a1-64af2f532eb7","WREF_071.basePlot.vst","2017-11-01","vst_WREF_2017","D16","WREF","WREF_071",,"NEON.PLA.D16.WREF.02024","ok","small tree","Live",1.6,130,2.0,,,,,,,,,,,,,"OqqU1CZip9fnMkwChdvw+TeVymaF1ZcYZSPCx88p1og=","Mvo1bt03JMTZR6DZIA23lJNZxcUJiaM9uFJUitaYL48=","legacyData"
"cdbe6aea-5b3d-4120-9d5f-c32295206087","WREF_071.basePlot.vst","2017-11-01","vst_WREF_2017","D16","WREF","WREF_071",,"NEON.PLA.D16.WREF.02376","ok","small tree","Live",2.9,130,2.2,,,,,,,,,,,,,"rxvQRApCCKY/UVEtKW1BFeWgBpZ8J3yRI94VQnzKk1o=","rxvQRApCCKY/UVEtKW1BFeWgBpZ8J3yRI94VQnzKk1o=","legacyData"
"901db098-e8b0-4679-a697-368972f9fa03","WREF_071.basePlot.vst","2017-11-01","vst_WREF_2017","D16","WREF","WREF_071",,"NEON.PLA.D16.WREF.02023","ok","small tree","Dead, broken bole",7.6,130,1.7,,,,,,,,,,,,,"OqqU1CZip9fnMkwChdvw+TeVymaF1ZcYZSPCx88p1og=","Mvo1bt03JMTZR6DZIA23lJNZxcUJiaM9uFJUitaYL48=","legacyData"
"93068fbf-7783-400f-90b7-86038c82746b","WREF_071.basePlot.vst","2017-11-01","vst_WREF_2017","D16","WREF","WREF_071",,"NEON.PLA.D16.WREF.02072","ok","sapling","Live",,,0.8,,,,,,,,1.2,10,,,,"rxvQRApCCKY/UVEtKW1BFeWgBpZ8J3yRI94VQnzKk1o=","rxvQRApCCKY/UVEtKW1BFeWgBpZ8J3yRI94VQnzKk1o=","legacyData"
"a2f5808a-d36d-4bcc-acae-6200eaefa31f","WREF_071.basePlot.vst","2017-11-01","vst_WREF_2017","D16","WREF","WREF_071",,"NEON.PLA.D16.WREF.02377","ok","small shrub","Live",,,1.0,,,,2.1,1.4,,"oblate half-sphere",1.6,10,,,,"rxvQRApCCKY/UVEtKW1BFeWgBpZ8J3yRI94VQnzKk1o=","rxvQRApCCKY/UVEtKW1BFeWgBpZ8J3yRI94VQnzKk1o=","legacyData"
"1ccb93e0-69c8-430e-a5eb-9a90ee61243c","WREF_071.basePlot.vst","2017-11-01","vst_WREF_2017","D16","WREF","WREF_071",,"NEON.PLA.D16.WREF.02082","ok","single bole tree","Live, broken bole",13.5,130,6.7,,4.5,,,,,,,,,,,"rxvQRApCCKY/UVEtKW1BFeWgBpZ8J3yRI94VQnzKk1o=","rxvQRApCCKY/UVEtKW1BFeWgBpZ8J3yRI94VQnzKk1o=","legacyData"
"8961df08-9011-4bb4-a154-f30e0b5864e1","WREF_071.basePlot.vst","2017-11-01","vst_WREF_2017","D16","WREF","WREF_071",,"NEON.PLA.D16.WREF.02035","ok","single bole tree","Live",19.7,130,16.6,,,,,,,,,,,,,"OqqU1CZip9fnMkwChdvw+TeVymaF1ZcYZSPCx88p1og=","Mvo1bt03JMTZR6DZIA23lJNZxcUJiaM9uFJUitaYL48=","legacyData"
"5db9029a-7d26-42d0-8981-e64d23dd2d15","WREF_071.basePlot.vst","2017-11-01","vst_WREF_2017","D16","WREF","WREF_071",,"NEON.PLA.D16.WREF.02048","ok","sapling","Live",,,1.4,,,,,,,,2.0,10,,,,"rxvQRApCCKY/UVEtKW1BFeWgBpZ8J3yRI94VQnzKk1o=","rxvQRApCCKY/UVEtKW1BFeWgBpZ8J3yRI94VQnzKk1o=","legacyData"
"3fc798d9-4bc4-4e88-b8af-7704228b1665","WREF_071.basePlot.vst","2017-11-01","vst_WREF_2017","D16","WREF","WREF_071",,"NEON.PLA.D16.WREF.02056","ok","sapling","Live",,,1.7,,,,,,,,2.1,10,,,,"rxvQRApCCKY/UVEtKW1BFeWgBpZ8J3yRI94VQnzKk1o=","rxvQRApCCKY/UVEtKW1BFeWgBpZ8J3yRI94VQnzKk1o=","legacyData"
"d2deae1f-9d67-4bf5-99c5-804b90ae1630","WREF_071.basePlot.vst","2017-11-01","vst_WREF_2017","D16","WREF","WREF_071",,"NEON.PLA.D16.WREF.02368","ok","sapling","Standing dead",,,1.3,,,,,,,,1.7,10,,,,"rxvQRApCCKY/UVEtKW1BFeWgBpZ8J3yRI94VQnzKk1o=","rxvQRApCCKY/UVEtKW1BFeWgBpZ8J3yRI94VQnzKk1o=","legacyData"
"019205bb-27d9-4adf-a5a5-4dfc02d0ac25","WREF_071.basePlot.vst","2017-11-01","vst_WREF_2017","D16","WREF","WREF_071",,"NEON.PLA.D16.WREF.02373","ok","single bole tree","Live",44.7,130,30.5,,,,,,,,,,,,,"rxvQRApCCKY/UVEtKW1BFeWgBpZ8J3yRI94VQnzKk1o=","rxvQRApCCKY/UVEtKW1BFeWgBpZ8J3yRI94VQnzKk1o=","legacyData"
"f60fd842-c7d9-4d9a-8399-2d2a1268c8fa","WREF_071.basePlot.vst","2017-11-01","vst_WREF_2017","D16","WREF","WREF_071",,"NEON.PLA.D16.WREF.02052","ok","single bole tree","Live, physically damaged",19.7,130,13.0,,,,,,,,,,,,"Bole scars","rxvQRApCCKY/UVEtKW1BFeWgBpZ8J3yRI94VQnzKk1o=","rxvQRApCCKY/UVEtKW1BFeWgBpZ8J3yRI94VQnzKk1o=","legacyData"
"2cc1e267-84a7-4774-9f96-b500f1bdcffb","WREF_071.basePlot.vst","2017-11-01","vst_WREF_2017","D16","WREF","WREF_071",,"NEON.PLA.D16.WREF.02362","ok","single bole tree","Live",16.9,130,12.7,,,,,,,,,,,,,"rxvQRApCCKY/UVEtKW1BFeWgBpZ8J3yRI94VQnzKk1o=","rxvQRApCCKY/UVEtKW1BFeWgBpZ8J3yRI94VQnzKk1o=","legacyData"
"97762ff6-f1f4-46cc-98cc-1bbf36b28a97","WREF_071.basePlot.vst","2017-11-01","vst_WREF_2017","D16","WREF","WREF_071",,"NEON.PLA.D16.WREF.02020","ok","sapling","Live",,,0.8,,,,,,,,1.4,10,,,,"OqqU1CZip9fnMkwChdvw+TeVymaF1ZcYZSPCx88p1og=","Mvo1bt03JMTZR6DZIA23lJNZxcUJiaM9uFJUitaYL48=","legacyData"
"4d9ba45d-24d2-412b-bb9b-288b20f00f72","WREF_071.basePlot.vst","2017-11-01","vst_WREF_2017","D16","WREF","WREF_071",,"NEON.PLA.D16.WREF.02069","ok","sapling","Live",,,0.8,,,,,,,,1.2,10,,,,"rxvQRApCCKY/UVEtKW1BFeWgBpZ8J3yRI94VQnzKk1o=","rxvQRApCCKY/UVEtKW1BFeWgBpZ8J3yRI94VQnzKk1o=","legacyData"
"a16edb26-ec33-42d1-9395-1ec0df134290","WREF_071.basePlot.vst","2017-11-01","vst_WREF_2017","D16","WREF","WREF_071",,"NEON.PLA.D16.WREF.02381","ok","small tree","Live",1.7,130,2.3,,,,,,,,,,,,,"rxvQRApCCKY/UVEtKW1BFeWgBpZ8J3yRI94VQnzKk1o=","rxvQRApCCKY/UVEtKW1BFeWgBpZ8J3yRI94VQnzKk1o=","legacyData"
"923b32d9-20e1-423c-b1b4-438153d30111","WREF_071.basePlot.vst","2017-11-01","vst_WREF_2017","D16","WREF","WREF_071",,"NEON.PLA.D16.WREF.02092","ok","small tree","Live",2.7,130,2.9,,,,,,,,,,,,,"rxvQRApCCKY/UVEtKW1BFeWgBpZ8J3yRI94VQnzKk1o=","rxvQRApCCKY/UVEtKW1BFeWgBpZ8J3yRI94VQnzKk1o=","legacyData"
"7e830de4-5339-4db8-9686-a6f76c7d2c26","WREF_071.basePlot.vst","2017-11-01","vst_WREF_2017","D16","WREF","WREF_071",,"NEON.PLA.D16.WREF.02005","ok","small tree","Live",4.6,130,3.7,,,,,,,,,,,,,"OqqU1CZip9fnMkwChdvw+TeVymaF1ZcYZSPCx88p1og=","Mvo1bt03JMTZR6DZIA23lJNZxcUJiaM9uFJUitaYL48=","legacyData"
"d298e2db-8318-419e-8549-13dcdf60baa2","WREF_071.basePlot.vst","2017-11-01","vst_WREF_2017","D16","WREF","WREF_071",,"NEON.PLA.D16.WREF.02382","ok","small tree","Live",9.0,130,8.6,,,,,,,,,,,,,"rxvQRApCCKY/UVEtKW1BFeWgBpZ8J3yRI94VQnzKk1o=","rxvQRApCCKY/UVEtKW1BFeWgBpZ8J3yRI94VQnzKk1o=","legacyData"
"e5833506-ece9-4c14-a9c8-6ae3e65411d7","WREF_075.basePlot.vst","2017-11-01","vst_WREF_2017","D16","WREF","WREF_075",,"NEON.PLA.D16.WREF.03441","ok","small tree","Live",6.3,142,2.7,,,,,,,,,,,,,"8kXoOpAOzaUMpv0WDeMaGRfSZUXYrtMVEL8cHv62ER4=","n6C8QabM4GRwBBSExkcug8ZHbDzuixegaGvj2qZxMy8=","legacyData"
"7b44edd2-e09e-43cc-b0ce-78e47c4f8651","WREF_075.basePlot.vst","2017-11-01","vst_WREF_2017","D16","WREF","WREF_075",,"NEON.PLA.D16.WREF.03455","ok","single bole tree","Live",16.2,130,12.5,,,,,,,,,,,,,"8kXoOpAOzaUMpv0WDeMaGRfSZUXYrtMVEL8cHv62ER4=","n6C8QabM4GRwBBSExkcug8ZHbDzuixegaGvj2qZxMy8=","legacyData"
"b592fe35-ed26-4e65-97b0-ffbd7ec2ef15","WREF_071.basePlot.vst","2017-11-01","vst_WREF_2017","D16","WREF","WREF_071",,"NEON.PLA.D16.WREF.02038","ok","multi-bole tree","Live",26.9,150,16.3,,,,,,,,,,,,,"OqqU1CZip9fnMkwChdvw+TeVymaF1ZcYZSPCx88p1og=","Mvo1bt03JMTZR6DZIA23lJNZxcUJiaM9uFJUitaYL48=","legacyData"
"846ea8d1-6706-4f65-bdad-ea9965bbbace","WREF_071.basePlot.vst","2017-11-01","vst_WREF_2017","D16","WREF","WREF_071",,"NEON.PLA.D16.WREF.02063","ok","small shrub","Live",,,1.0,,,,0.8,0.7,,"cylinder",1.0,10,,,,"rxvQRApCCKY/UVEtKW1BFeWgBpZ8J3yRI94VQnzKk1o=","rxvQRApCCKY/UVEtKW1BFeWgBpZ8J3yRI94VQnzKk1o=","legacyData"
"f056e3fd-777c-4840-8baa-6eaa503137c8","WREF_071.basePlot.vst","2017-11-01","vst_WREF_2017","D16","WREF","WREF_071",,"NEON.PLA.D16.WREF.02391","ok","sapling","Live",,,0.5,,,,,,,,1.1,10,,,,"rxvQRApCCKY/UVEtKW1BFeWgBpZ8J3yRI94VQnzKk1o=","rxvQRApCCKY/UVEtKW1BFeWgBpZ8J3yRI94VQnzKk1o=","legacyData"
"7cf54e49-79ae-4e03-82cf-7b9e2c1d1ab3","WREF_071.basePlot.vst","2017-11-01","vst_WREF_2017","D16","WREF","WREF_071",,"NEON.PLA.D16.WREF.02003","ok","sapling","Live",,,1.6,,,,,,,,1.6,10,,,,"OqqU1CZip9fnMkwChdvw+TeVymaF1ZcYZSPCx88p1og=","Mvo1bt03JMTZR6DZIA23lJNZxcUJiaM9uFJUitaYL48=","legacyData"
"4c2b0c8c-8d47-4bce-84af-4bb8b55acbb7","WREF_071.basePlot.vst","2017-11-01","vst_WREF_2017","D16","WREF","WREF_071",,"NEON.PLA.D16.WREF.02070","ok","small shrub","Live",,,0.8,,,,0.8,0.5,,"half-sphere",1.0,10,,,,"rxvQRApCCKY/UVEtKW1BFeWgBpZ8J3yRI94VQnzKk1o=","rxvQRApCCKY/UVEtKW1BFeWgBpZ8J3yRI94VQnzKk1o=","legacyData"
"fa91eaf2-1e7d-48d1-8e4c-2444eb9be489","WREF_071.basePlot.vst","2017-11-01","vst_WREF_2017","D16","WREF","WREF_071",,"NEON.PLA.D16.WREF.02055","ok","single bole tree","Live",14.0,130,7.7,,,,,,,,,,,,,"rxvQRApCCKY/UVEtKW1BFeWgBpZ8J3yRI94VQnzKk1o=","rxvQRApCCKY/UVEtKW1BFeWgBpZ8J3yRI94VQnzKk1o=","legacyData"
"29a4c631-bc3f-48c6-80c4-2d894507328a","WREF_071.basePlot.vst","2017-11-01","vst_WREF_2017","D16","WREF","WREF_071",,"NEON.PLA.D16.WREF.02363","ok","single bole tree","Live",15.4,130,8.0,,,,,,,,,,,,,"rxvQRApCCKY/UVEtKW1BFeWgBpZ8J3yRI94VQnzKk1o=","rxvQRApCCKY/UVEtKW1BFeWgBpZ8J3yRI94VQnzKk1o=","legacyData"
"a7c5bd85-076a-42a3-aaff-a2c010c30194","WREF_071.basePlot.vst","2017-11-01","vst_WREF_2017","D16","WREF","WREF_071",,"NEON.PLA.D16.WREF.02387","ok","sapling","Live",,,0.8,,,,,,,,1.5,10,,,,"rxvQRApCCKY/UVEtKW1BFeWgBpZ8J3yRI94VQnzKk1o=","rxvQRApCCKY/UVEtKW1BFeWgBpZ8J3yRI94VQnzKk1o=","legacyData"
"d3289d2c-2c26-43b2-a779-617393d2fc3c","WREF_071.basePlot.vst","2017-11-01","vst_WREF_2017","D16","WREF","WREF_071",,"NEON.PLA.D16.WREF.02032","ok","single bole tree","Live",16.2,130,9.6,,,,,,,,,,,,,"OqqU1CZip9fnMkwChdvw+TeVymaF1ZcYZSPCx88p1og=","Mvo1bt03JMTZR6DZIA23lJNZxcUJiaM9uFJUitaYL48=","legacyData"
"38290862-fa04-4a66-9ba6-2de5b8e59dd5","WREF_071.basePlot.vst","2017-11-01","vst_WREF_2017","D16","WREF","WREF_071",,"NEON.PLA.D16.WREF.02392","ok","sapling","Live",,,1.2,,,,,,,,1.4,10,,,,"rxvQRApCCKY/UVEtKW1BFeWgBpZ8J3yRI94VQnzKk1o=","rxvQRApCCKY/UVEtKW1BFeWgBpZ8J3yRI94VQnzKk1o=","legacyData"
"efb2f5a7-5c3c-4470-8d46-d967076c6d96","WREF_071.basePlot.vst","2017-11-01","vst_WREF_2017","D16","WREF","WREF_071",,"NEON.PLA.D16.WREF.02007","ok","single bole tree","Live",14.5,130,7.5,,,,,,,,,,,,,"OqqU1CZip9fnMkwChdvw+TeVymaF1ZcYZSPCx88p1og=","Mvo1bt03JMTZR6DZIA23lJNZxcUJiaM9uFJUitaYL48=","legacyData"
"ac26c31c-50c7-4998-99d0-2c4d08b55971","WREF_071.basePlot.vst","2017-11-01","vst_WREF_2017","D16","WREF","WREF_071",,"NEON.PLA.D16.WREF.02042","ok","multi-bole tree","Live",28.9,130,28.2,,,,,,,,,,,,,"OqqU1CZip9fnMkwChdvw+TeVymaF1ZcYZSPCx88p1og=","Mvo1bt03JMTZR6DZIA23lJNZxcUJiaM9uFJUitaYL48=","legacyData"
"53087871-73ac-4499-9c94-8282ae37b5d5","WREF_071.basePlot.vst","2017-11-01","vst_WREF_2017","D16","WREF","WREF_071",,"NEON.PLA.D16.WREF.02017","ok","small tree","Live, physically damaged",6.2,130,2.9,,,,,,,,,,,,,"OqqU1CZip9fnMkwChdvw+TeVymaF1ZcYZSPCx88p1og=","Mvo1bt03JMTZR6DZIA23lJNZxcUJiaM9uFJUitaYL48=","legacyData"
"997dacae-bc16-4482-8648-235116b64a9d","WREF_071.basePlot.vst","2017-11-01","vst_WREF_2017","D16","WREF","WREF_071",,"NEON.PLA.D16.WREF.02061","ok","single bole tree","Live",54.5,130,36.4,,,,,,,,,,,,,"rxvQRApCCKY/UVEtKW1BFeWgBpZ8J3yRI94VQnzKk1o=","rxvQRApCCKY/UVEtKW1BFeWgBpZ8J3yRI94VQnzKk1o=","legacyData"
"b83b85c0-56c9-4e3f-87c1-49749725e146","WREF_071.basePlot.vst","2017-11-01","vst_WREF_2017","D16","WREF","WREF_071",,"NEON.PLA.D16.WREF.02008","ok","single bole tree","Live",42.3,130,33.0,,,,,,,,,,,,,"OqqU1CZip9fnMkwChdvw+TeVymaF1ZcYZSPCx88p1og=","Mvo1bt03JMTZR6DZIA23lJNZxcUJiaM9uFJUitaYL48=","legacyData"
"2d8f910f-eb1a-4b7a-a521-09669d75f09e","WREF_071.basePlot.vst","2017-11-01","vst_WREF_2017","D16","WREF","WREF_071",,"NEON.PLA.D16.WREF.02096","ok","small tree","Live",1.6,130,1.3,,,,,,,,,,,,,"rxvQRApCCKY/UVEtKW1BFeWgBpZ8J3yRI94VQnzKk1o=","rxvQRApCCKY/UVEtKW1BFeWgBpZ8J3yRI94VQnzKk1o=","legacyData"
"3a81dd95-911f-485e-b059-17ffd72f0a38","WREF_075.basePlot.vst","2017-11-01","vst_WREF_2017","D16","WREF","WREF_075",,"NEON.PLA.D16.WREF.03430","ok","single bole tree","Live",33.9,130,27.6,,,,,,,,,,,,,"8kXoOpAOzaUMpv0WDeMaGRfSZUXYrtMVEL8cHv62ER4=","n6C8QabM4GRwBBSExkcug8ZHbDzuixegaGvj2qZxMy8=","legacyData"
"6417848f-afad-4913-9798-58e7de978733","WREF_071.basePlot.vst","2017-11-01","vst_WREF_2017","D16","WREF","WREF_071",,"NEON.PLA.D16.WREF.02005","ok","small tree","Live",5.5,130,3.7,,,,,,,,,,,,,"OqqU1CZip9fnMkwChdvw+TeVymaF1ZcYZSPCx88p1og=","Mvo1bt03JMTZR6DZIA23lJNZxcUJiaM9uFJUitaYL48=","legacyData"
"48c56c84-fb5d-4699-a2d9-553b0c52bf12","WREF_071.basePlot.vst","2017-11-01","vst_WREF_2017","D16","WREF","WREF_071",,"NEON.PLA.D16.WREF.02096","ok","small tree","Live, physically damaged",1.4,130,1.3,,,,,,,,,,,,,"rxvQRApCCKY/UVEtKW1BFeWgBpZ8J3yRI94VQnzKk1o=","rxvQRApCCKY/UVEtKW1BFeWgBpZ8J3yRI94VQnzKk1o=","legacyData"
"afcde91c-30b2-45ed-84f8-3fb31816818e","WREF_075.basePlot.vst","2017-11-01","vst_WREF_2017","D16","WREF","WREF_075",,"NEON.PLA.D16.WREF.03449","ok","single bole tree","Live",10.9,130,7.7,,,,,,,,,,,,,"8kXoOpAOzaUMpv0WDeMaGRfSZUXYrtMVEL8cHv62ER4=","n6C8QabM4GRwBBSExkcug8ZHbDzuixegaGvj2qZxMy8=","legacyData"
"98589309-8678-4c2c-87d0-5b6725f06aff","WREF_071.basePlot.vst","2017-11-01","vst_WREF_2017","D16","WREF","WREF_071",,"NEON.PLA.D16.WREF.02094","ok","single bole tree","Live",28.0,130,16.2,,,,,,,,,,,,,"rxvQRApCCKY/UVEtKW1BFeWgBpZ8J3yRI94VQnzKk1o=","rxvQRApCCKY/UVEtKW1BFeWgBpZ8J3yRI94VQnzKk1o=","legacyData"
"29c8c415-9ee0-489d-a56b-0d8c6bb965d6","WREF_075.basePlot.vst","2017-11-01","vst_WREF_2017","D16","WREF","WREF_075",,"NEON.PLA.D16.WREF.03434","ok","single bole tree","Dead, broken bole",24.0,130,5.0,,,20.9,,,,,,,,,,"8kXoOpAOzaUMpv0WDeMaGRfSZUXYrtMVEL8cHv62ER4=","n6C8QabM4GRwBBSExkcug8ZHbDzuixegaGvj2qZxMy8=","legacyData"
"31cacd50-d38e-4e52-9ea0-b7e343818bab","WREF_071.basePlot.vst","2017-11-01","vst_WREF_2017","D16","WREF","WREF_071",,"NEON.PLA.D16.WREF.02374","ok","single bole tree","Dead, broken bole",25.4,130,1.6,,1.5,25.0,,,,,,,,,,"rxvQRApCCKY/UVEtKW1BFeWgBpZ8J3yRI94VQnzKk1o=","rxvQRApCCKY/UVEtKW1BFeWgBpZ8J3yRI94VQnzKk1o=","legacyData"
"40f68252-37ff-4f8f-b6f7-6bbdc4184ceb","WREF_071.basePlot.vst","2017-11-01","vst_WREF_2017","D16","WREF","WREF_071",,"NEON.PLA.D16.WREF.02051","ok","sapling","Live",,,0.7,,,,,,,,1.3,10,,,,"rxvQRApCCKY/UVEtKW1BFeWgBpZ8J3yRI94VQnzKk1o=","rxvQRApCCKY/UVEtKW1BFeWgBpZ8J3yRI94VQnzKk1o=","legacyData"
"05a8a3dd-8c2e-4841-9e19-a4b54b14fc92","WREF_071.basePlot.vst","2017-11-01","vst_WREF_2017","D16","WREF","WREF_071",,"NEON.PLA.D16.WREF.02386","ok","single bole tree","Dead, broken bole",18.3,130,2.8,,,,,,,,,,,,,"rxvQRApCCKY/UVEtKW1BFeWgBpZ8J3yRI94VQnzKk1o=","rxvQRApCCKY/UVEtKW1BFeWgBpZ8J3yRI94VQnzKk1o=","legacyData"
"9d2b653b-c6f0-43e5-8466-8fe14e508e3c","WREF_071.basePlot.vst","2017-11-01","vst_WREF_2017","D16","WREF","WREF_071",,"NEON.PLA.D16.WREF.02379","ok","sapling","Live",,,0.7,,,,,,,,1.0,10,,,,"rxvQRApCCKY/UVEtKW1BFeWgBpZ8J3yRI94VQnzKk1o=","rxvQRApCCKY/UVEtKW1BFeWgBpZ8J3yRI94VQnzKk1o=","legacyData"
"5e3c270d-267c-489f-bc72-196a35484cd1","WREF_071.basePlot.vst","2017-11-01","vst_WREF_2017","D16","WREF","WREF_071",,"NEON.PLA.D16.WREF.02006","ok","small tree","Live",5.2,130,1.6,,,,,,,,,,,,,"OqqU1CZip9fnMkwChdvw+TeVymaF1ZcYZSPCx88p1og=","Mvo1bt03JMTZR6DZIA23lJNZxcUJiaM9uFJUitaYL48=","legacyData"
"20ab40cf-477a-40de-8579-962f7134f131","WREF_075.basePlot.vst","2017-11-01","vst_WREF_2017","D16","WREF","WREF_075",,"NEON.PLA.D16.WREF.03441","ok","small tree","Standing dead",5.3,130,2.7,,,,,,,,,,,,,"8kXoOpAOzaUMpv0WDeMaGRfSZUXYrtMVEL8cHv62ER4=","n6C8QabM4GRwBBSExkcug8ZHbDzuixegaGvj2qZxMy8=","legacyData"
"b9d38a9a-8227-474a-9ba3-31d19b0fb988","WREF_075.basePlot.vst","2017-11-01","vst_WREF_2017","D16","WREF","WREF_075",,"NEON.PLA.D16.WREF.03464","ok","single bole tree","Dead, broken bole",14.3,130,1.9,,1.9,12.2,,,,,,,,,,"8kXoOpAOzaUMpv0WDeMaGRfSZUXYrtMVEL8cHv62ER4=","n6C8QabM4GRwBBSExkcug8ZHbDzuixegaGvj2qZxMy8=","legacyData"
"98c81728-ccd5-41a0-9a5d-d51aeb5130c9","WREF_075.basePlot.vst","2017-11-01","vst_WREF_2017","D16","WREF","WREF_075",,"NEON.PLA.D16.WREF.03445","ok","single bole tree","Live",11.9,130,9.0,,,,,,,,,,,,,"8kXoOpAOzaUMpv0WDeMaGRfSZUXYrtMVEL8cHv62ER4=","n6C8QabM4GRwBBSExkcug8ZHbDzuixegaGvj2qZxMy8=","legacyData"
"bbce10f1-351a-43fd-a0b8-760d06230f01","WREF_071.basePlot.vst","2017-11-01","vst_WREF_2017","D16","WREF","WREF_071",,"NEON.PLA.D16.WREF.02384","ok","sapling","Live",,,0.6,,,,,,,,1.0,10,,,,"rxvQRApCCKY/UVEtKW1BFeWgBpZ8J3yRI94VQnzKk1o=","rxvQRApCCKY/UVEtKW1BFeWgBpZ8J3yRI94VQnzKk1o=","legacyData"
"9cf1dac7-7437-4992-9155-9dcbb6303cbc","WREF_071.basePlot.vst","2017-11-01","vst_WREF_2017","D16","WREF","WREF_071",,"NEON.PLA.D16.WREF.02368","ok","sapling","Live",,,0.9,,,,,,,,1.5,10,,,,"rxvQRApCCKY/UVEtKW1BFeWgBpZ8J3yRI94VQnzKk1o=","rxvQRApCCKY/UVEtKW1BFeWgBpZ8J3yRI94VQnzKk1o=","legacyData"
"f60214fe-69c4-4f14-8051-9504db285bcd","WREF_071.basePlot.vst","2017-11-01","vst_WREF_2017","D16","WREF","WREF_071",,"NEON.PLA.D16.WREF.02377","ok","small shrub","Live",,,1.0,,,,2.1,1.4,,"oblate half-sphere",1.4,10,,,,"rxvQRApCCKY/UVEtKW1BFeWgBpZ8J3yRI94VQnzKk1o=","rxvQRApCCKY/UVEtKW1BFeWgBpZ8J3yRI94VQnzKk1o=","legacyData"
"0990a1a4-b394-4a5c-8b67-82f05a8e01bd","WREF_071.basePlot.vst","2017-11-01","vst_WREF_2017","D16","WREF","WREF_071",,"NEON.PLA.D16.WREF.02057","ok","small shrub","Live",,,1.8,,,,0.7,0.7,,"cylinder",1.6,10,,,,"rxvQRApCCKY/UVEtKW1BFeWgBpZ8J3yRI94VQnzKk1o=","rxvQRApCCKY/UVEtKW1BFeWgBpZ8J3yRI94VQnzKk1o=","legacyData"
"d526ccf7-a60e-4dc3-b714-353f4b03f8dd","WREF_071.basePlot.vst","2017-11-01","vst_WREF_2017","D16","WREF","WREF_071",,"NEON.PLA.D16.WREF.02080","ok","single bole tree","Dead, broken bole",17.3,130,8.1,,,,,,,,,,,,,"rxvQRApCCKY/UVEtKW1BFeWgBpZ8J3yRI94VQnzKk1o=","rxvQRApCCKY/UVEtKW1BFeWgBpZ8J3yRI94VQnzKk1o=","legacyData"
"fe3a33ee-3cc8-4a80-940f-6f339e6011fc","WREF_071.basePlot.vst","2017-11-01","vst_WREF_2017","D16","WREF","WREF_071",,"NEON.PLA.D16.WREF.02357","ok","single bole tree","Dead, broken bole",43.8,130,2.3,,,,,,,,,,,,,"rxvQRApCCKY/UVEtKW1BFeWgBpZ8J3yRI94VQnzKk1o=","rxvQRApCCKY/UVEtKW1BFeWgBpZ8J3yRI94VQnzKk1o=","legacyData"
"6c7b8116-3408-4896-936b-7d64c1bc56a5","WREF_071.basePlot.vst","2017-11-01","vst_WREF_2017","D16","WREF","WREF_071",,"NEON.PLA.D16.WREF.02360","ok","sapling","Live",,,1.3,,,,,,,,1.7,10,,,,"rxvQRApCCKY/UVEtKW1BFeWgBpZ8J3yRI94VQnzKk1o=","rxvQRApCCKY/UVEtKW1BFeWgBpZ8J3yRI94VQnzKk1o=","legacyData"
"0582c66c-de12-4dc1-8cb5-f5c786119ad2","WREF_071.basePlot.vst","2017-11-01","vst_WREF_2017","D16","WREF","WREF_071",,"NEON.PLA.D16.WREF.02002","ok","single bole tree","Dead, broken bole",29.9,130,4.0,,,16.0,,,,,,,,,,"OqqU1CZip9fnMkwChdvw+TeVymaF1ZcYZSPCx88p1og=","Mvo1bt03JMTZR6DZIA23lJNZxcUJiaM9uFJUitaYL48=","legacyData"
"d4f10b19-db2e-4203-bf32-86d5b6572ccf","WREF_071.basePlot.vst","2017-11-01","vst_WREF_2017","D16","WREF","WREF_071",,"NEON.PLA.D16.WREF.02397","ok","sapling","Live",,,1.1,,,,,,,,1.2,10,,,,"rxvQRApCCKY/UVEtKW1BFeWgBpZ8J3yRI94VQnzKk1o=","rxvQRApCCKY/UVEtKW1BFeWgBpZ8J3yRI94VQnzKk1o=","legacyData"
"4018d572-0d50-47db-9863-7c257bda9bef","WREF_071.basePlot.vst","2017-11-01","vst_WREF_2017","D16","WREF","WREF_071",,"NEON.PLA.D16.WREF.02046","ok","sapling","Live",,,0.6,,,,,,,,1.0,10,,,,"rxvQRApCCKY/UVEtKW1BFeWgBpZ8J3yRI94VQnzKk1o=","rxvQRApCCKY/UVEtKW1BFeWgBpZ8J3yRI94VQnzKk1o=","legacyData"
"67693b6c-ae90-402c-9592-e0b52ac55217","WREF_071.basePlot.vst","2017-11-01","vst_WREF_2017","D16","WREF","WREF_071",,"NEON.PLA.D16.WREF.02013","ok","sapling","Live",,,1.5,,,,,,,,1.4,10,,,,"OqqU1CZip9fnMkwChdvw+TeVymaF1ZcYZSPCx88p1og=","Mvo1bt03JMTZR6DZIA23lJNZxcUJiaM9uFJUitaYL48=","legacyData"
"333fb7e4-0a99-4779-8702-bbf2ff2b6918","WREF_071.basePlot.vst","2017-11-01","vst_WREF_2017","D16","WREF","WREF_071",,"NEON.PLA.D16.WREF.02030","ok","single bole tree","Live",15.3,130,18.7,,,,,,,,,,,,,"OqqU1CZip9fnMkwChdvw+TeVymaF1ZcYZSPCx88p1og=","Mvo1bt03JMTZR6DZIA23lJNZxcUJiaM9uFJUitaYL48=","legacyData"
"153ee782-b4b6-46bc-acd5-dab2d1e44c7e","WREF_071.basePlot.vst","2017-11-01","vst_WREF_2017","D16","WREF","WREF_071",,"NEON.PLA.D16.WREF.02053","ok","sapling","Live",,,0.8,,,,,,,,1.0,10,,,,"rxvQRApCCKY/UVEtKW1BFeWgBpZ8J3yRI94VQnzKk1o=","rxvQRApCCKY/UVEtKW1BFeWgBpZ8J3yRI94VQnzKk1o=","legacyData"
"7ada2c85-e77c-4472-9226-c0f7e89cc5d2","WREF_071.basePlot.vst","2017-11-01","vst_WREF_2017","D16","WREF","WREF_071",,"NEON.PLA.D16.WREF.02081","ok","single bole tree","Dead, broken bole",65.7,130,9.5,,,,,,,,,,,,,"rxvQRApCCKY/UVEtKW1BFeWgBpZ8J3yRI94VQnzKk1o=","rxvQRApCCKY/UVEtKW1BFeWgBpZ8J3yRI94VQnzKk1o=","legacyData"
"406be882-8143-4ec6-ad36-4442dd5e9947","WREF_071.basePlot.vst","2017-11-01","vst_WREF_2017","D16","WREF","WREF_071",,"NEON.PLA.D16.WREF.02394","ok","sapling","Live",,,0.9,,,,,,,,1.2,10,,,,"rxvQRApCCKY/UVEtKW1BFeWgBpZ8J3yRI94VQnzKk1o=","rxvQRApCCKY/UVEtKW1BFeWgBpZ8J3yRI94VQnzKk1o=","legacyData"
"9c6567ea-1704-4a36-936b-295839d9aa5d","WREF_071.basePlot.vst","2017-11-01","vst_WREF_2017","D16","WREF","WREF_071",,"NEON.PLA.D16.WREF.02012","ok","sapling","Live",,,1.0,,,,,,,,1.4,10,,,,"OqqU1CZip9fnMkwChdvw+TeVymaF1ZcYZSPCx88p1og=","Mvo1bt03JMTZR6DZIA23lJNZxcUJiaM9uFJUitaYL48=","legacyData"
"f76c66e5-4130-4914-85a8-37fa5c62bb1d","WREF_071.basePlot.vst","2017-11-01","vst_WREF_2017","D16","WREF","WREF_071",,"NEON.PLA.D16.WREF.02364","ok","single bole tree","Live",25.5,130,28.6,,,,,,,,,,,,,"rxvQRApCCKY/UVEtKW1BFeWgBpZ8J3yRI94VQnzKk1o=","rxvQRApCCKY/UVEtKW1BFeWgBpZ8J3yRI94VQnzKk1o=","legacyData"
"cc2a418a-eeaa-4235-8f47-56cd50b75fda","WREF_071.basePlot.vst","2017-11-01","vst_WREF_2017","D16","WREF","WREF_071",,"NEON.PLA.D16.WREF.02354","ok","small tree","Live",1.9,130,2.5,,,,,,,,,,,,,"rxvQRApCCKY/UVEtKW1BFeWgBpZ8J3yRI94VQnzKk1o=","rxvQRApCCKY/UVEtKW1BFeWgBpZ8J3yRI94VQnzKk1o=","legacyData"
"e5a43263-9d7e-474c-8f72-203e75b1a482","WREF_071.basePlot.vst","2017-11-01","vst_WREF_2017","D16","WREF","WREF_071",,"NEON.PLA.D16.WREF.02375","ok","sapling","Live",,,0.8,,,,,,,,1.3,10,,,,"rxvQRApCCKY/UVEtKW1BFeWgBpZ8J3yRI94VQnzKk1o=","rxvQRApCCKY/UVEtKW1BFeWgBpZ8J3yRI94VQnzKk1o=","legacyData"
"79965cf7-63d7-4f60-833c-cd754aae06e8","WREF_075.basePlot.vst","2017-11-01","vst_WREF_2017","D16","WREF","WREF_075",,"NEON.PLA.D16.WREF.03431","ok","single bole tree","Standing dead",14.8,130,15.8,,,,,,,,,,,,,"8kXoOpAOzaUMpv0WDeMaGRfSZUXYrtMVEL8cHv62ER4=","n6C8QabM4GRwBBSExkcug8ZHbDzuixegaGvj2qZxMy8=","legacyData"
"06ff60f7-f5c4-45a9-9f9c-ae476fd2eb95","WREF_075.basePlot.vst","2017-11-01","vst_WREF_2017","D16","WREF","WREF_075",,"NEON.PLA.D16.WREF.03432","ok","small tree","Live",9.9,130,6.5,,,,,,,,,,,,,"8kXoOpAOzaUMpv0WDeMaGRfSZUXYrtMVEL8cHv62ER4=","n6C8QabM4GRwBBSExkcug8ZHbDzuixegaGvj2qZxMy8=","legacyData"
"4516058f-ff40-4468-89fb-9da87f262318","WREF_075.basePlot.vst","2017-11-01","vst_WREF_2017","D16","WREF","WREF_075",,"NEON.PLA.D16.WREF.03453","ok","single bole tree","Live",39.5,130,30.9,,,,,,,,,,,,,"8kXoOpAOzaUMpv0WDeMaGRfSZUXYrtMVEL8cHv62ER4=","n6C8QabM4GRwBBSExkcug8ZHbDzuixegaGvj2qZxMy8=","legacyData"
"5d0ee77c-b524-4183-b95d-044b3749b777","WREF_075.basePlot.vst","2017-11-01","vst_WREF_2017","D16","WREF","WREF_075",,"NEON.PLA.D16.WREF.03425","ok","single bole tree","Live",13.4,130,12.1,,,,,,,,,,,,,"8kXoOpAOzaUMpv0WDeMaGRfSZUXYrtMVEL8cHv62ER4=","n6C8QabM4GRwBBSExkcug8ZHbDzuixegaGvj2qZxMy8=","legacyData"
"81651302-0d0b-4d35-9b9f-a61162b32a6c","WREF_075.basePlot.vst","2017-11-01","vst_WREF_2017","D16","WREF","WREF_075",,"NEON.PLA.D16.WREF.03426","ok","single bole tree","Live",45.6,130,32.7,,,,,,,,,,,,,"8kXoOpAOzaUMpv0WDeMaGRfSZUXYrtMVEL8cHv62ER4=","n6C8QabM4GRwBBSExkcug8ZHbDzuixegaGvj2qZxMy8=","legacyData"
"fb690521-17d0-4b8f-ae1b-e7e4085779d9","WREF_075.basePlot.vst","2017-11-01","vst_WREF_2017","D16","WREF","WREF_075",,"NEON.PLA.D16.WREF.03428","ok","small tree","Live",5.0,130,4.6,,,,,,,,,,,,,"8kXoOpAOzaUMpv0WDeMaGRfSZUXYrtMVEL8cHv62ER4=","n6C8QabM4GRwBBSExkcug8ZHbDzuixegaGvj2qZxMy8=","legacyData"
"29fcd616-db3d-4868-9914-dbfb9aac797e","WREF_075.basePlot.vst","2017-11-01","vst_WREF_2017","D16","WREF","WREF_075",,"NEON.PLA.D16.WREF.03466","ok","single bole tree","Live",31.4,130,27.8,,,,,,,,,,,,,"8kXoOpAOzaUMpv0WDeMaGRfSZUXYrtMVEL8cHv62ER4=","n6C8QabM4GRwBBSExkcug8ZHbDzuixegaGvj2qZxMy8=","legacyData"
"aeb7d5e1-c35b-4cae-b9fb-761a80fb9ded","WREF_075.basePlot.vst","2017-11-01","vst_WREF_2017","D16","WREF","WREF_075",,"NEON.PLA.D16.WREF.03423","ok","single bole tree","Dead, broken bole",15.0,130,2.6,,,,,,,,,,,,,"8kXoOpAOzaUMpv0WDeMaGRfSZUXYrtMVEL8cHv62ER4=","n6C8QabM4GRwBBSExkcug8ZHbDzuixegaGvj2qZxMy8=","legacyData"
"be99abb0-98f1-4854-90a8-585b5be30956","WREF_075.basePlot.vst","2017-11-01","vst_WREF_2017","D16","WREF","WREF_075",,"NEON.PLA.D16.WREF.03451","ok","single bole tree","Live",28.4,130,26.2,,,,,,,,,,,,,"8kXoOpAOzaUMpv0WDeMaGRfSZUXYrtMVEL8cHv62ER4=","n6C8QabM4GRwBBSExkcug8ZHbDzuixegaGvj2qZxMy8=","legacyData"
"e69525ce-ad0e-4621-8ec4-37a9834d0340","WREF_075.basePlot.vst","2017-11-01","vst_WREF_2017","D16","WREF","WREF_075",,"NEON.PLA.D16.WREF.03454","ok","single bole tree","Standing dead",11.6,130,5.9,,,,,,,,,,,,,"8kXoOpAOzaUMpv0WDeMaGRfSZUXYrtMVEL8cHv62ER4=","n6C8QabM4GRwBBSExkcug8ZHbDzuixegaGvj2qZxMy8=","legacyData"
"1ace71e1-96d0-465f-8182-353248715408","WREF_075.basePlot.vst","2017-11-01","vst_WREF_2017","D16","WREF","WREF_075",,"NEON.PLA.D16.WREF.03439","ok","single bole tree","Standing dead",10.4,130,8.6,,,,,,,,,,,,"Suppressed","8kXoOpAOzaUMpv0WDeMaGRfSZUXYrtMVEL8cHv62ER4=","n6C8QabM4GRwBBSExkcug8ZHbDzuixegaGvj2qZxMy8=","legacyData"
"3581a956-843d-4313-b1f0-c6b191669cb8","WREF_075.basePlot.vst","2017-11-01","vst_WREF_2017","D16","WREF","WREF_075",,"NEON.PLA.D16.WREF.03440","ok","small tree","Live",6.7,130,4.3,,,,,,,,,,,,,"8kXoOpAOzaUMpv0WDeMaGRfSZUXYrtMVEL8cHv62ER4=","n6C8QabM4GRwBBSExkcug8ZHbDzuixegaGvj2qZxMy8=","legacyData"
"5deb3e69-e17c-4872-a19a-426244afd973","WREF_075.basePlot.vst","2017-11-01","vst_WREF_2017","D16","WREF","WREF_075",,"NEON.PLA.D16.WREF.03443","ok","single bole tree","Dead, broken bole",103.8,130,1.9,,,95.7,,,,,,,,,"Harvested","8kXoOpAOzaUMpv0WDeMaGRfSZUXYrtMVEL8cHv62ER4=","n6C8QabM4GRwBBSExkcug8ZHbDzuixegaGvj2qZxMy8=","legacyData"
"55c158db-e3ce-4603-bd80-139ad358b263","WREF_075.basePlot.vst","2017-11-01","vst_WREF_2017","D16","WREF","WREF_075",,"NEON.PLA.D16.WREF.03435","ok","single bole tree","Live, disease damaged",28.9,130,28.0,,,,,,,,,,,,"Mechanical damage on lower bole; chlorosis and needle loss","8kXoOpAOzaUMpv0WDeMaGRfSZUXYrtMVEL8cHv62ER4=","n6C8QabM4GRwBBSExkcug8ZHbDzuixegaGvj2qZxMy8=","legacyData"
"8d0a55d2-ae95-4fcd-94a5-69f52c7bf785","WREF_075.basePlot.vst","2017-11-01","vst_WREF_2017","D16","WREF","WREF_075",,"NEON.PLA.D16.WREF.03465","ok","single bole tree","Live",10.3,130,6.8,,,,,,,,,,,,,"8kXoOpAOzaUMpv0WDeMaGRfSZUXYrtMVEL8cHv62ER4=","n6C8QabM4GRwBBSExkcug8ZHbDzuixegaGvj2qZxMy8=","legacyData"
"f8c33123-ccaa-4483-81ab-11d5bf8a367e","WREF_075.basePlot.vst","2017-11-01","vst_WREF_2017","D16","WREF","WREF_075",,"NEON.PLA.D16.WREF.03438","ok","single bole tree","Live",17.5,130,15.1,,,,,,,,,,,,,"8kXoOpAOzaUMpv0WDeMaGRfSZUXYrtMVEL8cHv62ER4=","n6C8QabM4GRwBBSExkcug8ZHbDzuixegaGvj2qZxMy8=","legacyData"
"14611f8a-6874-4ef0-a415-d783e4b41172","WREF_075.basePlot.vst","2017-11-01","vst_WREF_2017","D16","WREF","WREF_075",,"NEON.PLA.D16.WREF.03441","ok","small tree","Live",4.0,130,2.7,,,,,,,,,,,,,"8kXoOpAOzaUMpv0WDeMaGRfSZUXYrtMVEL8cHv62ER4=","n6C8QabM4GRwBBSExkcug8ZHbDzuixegaGvj2qZxMy8=","legacyData"
"45526761-8722-4d3a-a423-52d05a0522dc","WREF_075.basePlot.vst","2017-11-01","vst_WREF_2017","D16","WREF","WREF_075",,"NEON.PLA.D16.WREF.03447","ok","single bole tree","Dead, broken bole",80.4,130,7.1,,,,,,,,,,,,,"8kXoOpAOzaUMpv0WDeMaGRfSZUXYrtMVEL8cHv62ER4=","n6C8QabM4GRwBBSExkcug8ZHbDzuixegaGvj2qZxMy8=","legacyData"
"bbcc5f63-84e5-4642-8b49-3142eb5f619e","WREF_075.basePlot.vst","2017-11-01","vst_WREF_2017","D16","WREF","WREF_075",,"NEON.PLA.D16.WREF.03467","ok","single bole tree","Dead, broken bole",25.6,130,5.1,,,23.0,,,,,,,,,"Breakage due to winter storm event","8kXoOpAOzaUMpv0WDeMaGRfSZUXYrtMVEL8cHv62ER4=","n6C8QabM4GRwBBSExkcug8ZHbDzuixegaGvj2qZxMy8=","legacyData"
"2f40868b-8e8f-4f9e-8ccb-35a137a1c54a","WREF_075.basePlot.vst","2017-11-01","vst_WREF_2017","D16","WREF","WREF_075",,"NEON.PLA.D16.WREF.03446","ok","single bole tree","Live, broken bole",16.2,130,11.9,,5.4,,,,,,,,,,"New leader successfully recruited","8kXoOpAOzaUMpv0WDeMaGRfSZUXYrtMVEL8cHv62ER4=","n6C8QabM4GRwBBSExkcug8ZHbDzuixegaGvj2qZxMy8=","legacyData"
"f10a5c6c-9f98-49fe-9a08-b4e6eee07d6e","WREF_071.basePlot.vst","2017-11-01","vst_WREF_2017","D16","WREF","WREF_071",,"NEON.PLA.D16.WREF.02066","ok","small shrub","Live",,,0.7,,,,0.6,0.5,,"inverted cone",1.5,10,0.30,0.10,,"rxvQRApCCKY/UVEtKW1BFeWgBpZ8J3yRI94VQnzKk1o=","rxvQRApCCKY/UVEtKW1BFeWgBpZ8J3yRI94VQnzKk1o=","legacyData"
"122536cc-5c06-43d3-83ec-dff2745e45b3","WREF_071.basePlot.vst","2017-11-01","vst_WREF_2017","D16","WREF","WREF_071",,"NEON.PLA.D16.WREF.02371","ok","sapling","Live",,,0.8,,,,,,,,1.0,10,,,,"rxvQRApCCKY/UVEtKW1BFeWgBpZ8J3yRI94VQnzKk1o=","rxvQRApCCKY/UVEtKW1BFeWgBpZ8J3yRI94VQnzKk1o=","legacyData"
"8c28d637-8bf3-4d06-9ab6-e05820e569a1","WREF_071.basePlot.vst","2017-11-01","vst_WREF_2017","D16","WREF","WREF_071",,"NEON.PLA.D16.WREF.02356","ok","sapling","Live",,,2.0,,,,,,,,2.2,10,,,,"rxvQRApCCKY/UVEtKW1BFeWgBpZ8J3yRI94VQnzKk1o=","rxvQRApCCKY/UVEtKW1BFeWgBpZ8J3yRI94VQnzKk1o=","legacyData"
"b1a54444-466b-466f-9f59-e3b8c819273e","WREF_071.basePlot.vst","2017-11-01","vst_WREF_2017","D16","WREF","WREF_071",,"NEON.PLA.D16.WREF.02031","ok","sapling","Live",,,1.2,,,,,,,,2.1,10,,,,"OqqU1CZip9fnMkwChdvw+TeVymaF1ZcYZSPCx88p1og=","Mvo1bt03JMTZR6DZIA23lJNZxcUJiaM9uFJUitaYL48=","legacyData"
"e09a80fe-e609-46dd-806a-68e4cc162918","WREF_071.basePlot.vst","2017-11-01","vst_WREF_2017","D16","WREF","WREF_071",,"NEON.PLA.D16.WREF.02078","ok","single bole tree","Live",28.1,130,20.9,,,,,,,,,,,,,"rxvQRApCCKY/UVEtKW1BFeWgBpZ8J3yRI94VQnzKk1o=","rxvQRApCCKY/UVEtKW1BFeWgBpZ8J3yRI94VQnzKk1o=","legacyData"
"a8594091-3ece-427a-bb29-80c2d82df962","WREF_071.basePlot.vst","2017-11-01","vst_WREF_2017","D16","WREF","WREF_071",,"NEON.PLA.D16.WREF.02353","ok","sapling","Live",,,1.0,,,,,,,,1.0,10,,,,"rxvQRApCCKY/UVEtKW1BFeWgBpZ8J3yRI94VQnzKk1o=","rxvQRApCCKY/UVEtKW1BFeWgBpZ8J3yRI94VQnzKk1o=","legacyData"
"db51259b-9df7-48b4-8ea3-30bb8bd610ea","WREF_071.basePlot.vst","2017-11-01","vst_WREF_2017","D16","WREF","WREF_071",,"NEON.PLA.D16.WREF.02385","ok","small tree","Live",2.3,130,2.7,,,,,,,,,,,,,"rxvQRApCCKY/UVEtKW1BFeWgBpZ8J3yRI94VQnzKk1o=","rxvQRApCCKY/UVEtKW1BFeWgBpZ8J3yRI94VQnzKk1o=","legacyData"
"505af959-851d-4606-b86d-fa5b94a6b295","WREF_071.basePlot.vst","2017-11-01","vst_WREF_2017","D16","WREF","WREF_071",,"NEON.PLA.D16.WREF.02050","ok","small tree","Live",2.4,130,2.7,,,,,,,,,,,,,"rxvQRApCCKY/UVEtKW1BFeWgBpZ8J3yRI94VQnzKk1o=","rxvQRApCCKY/UVEtKW1BFeWgBpZ8J3yRI94VQnzKk1o=","legacyData"
"0409fc9a-ee28-48ad-a363-0b5f26bc1009","WREF_071.basePlot.vst","2017-11-01","vst_WREF_2017","D16","WREF","WREF_071",,"NEON.PLA.D16.WREF.02370","ok","sapling","Live",,,1.0,,,,,,,,1.1,10,,,,"rxvQRApCCKY/UVEtKW1BFeWgBpZ8J3yRI94VQnzKk1o=","rxvQRApCCKY/UVEtKW1BFeWgBpZ8J3yRI94VQnzKk1o=","legacyData"
"314c4b40-aef1-4b67-be6b-fdf92b1d4ef7","WREF_071.basePlot.vst","2017-11-01","vst_WREF_2017","D16","WREF","WREF_071",,"NEON.PLA.D16.WREF.02039","ok","single bole tree","Live",45.3,130,36.9,,,,,,,,,,,,,"OqqU1CZip9fnMkwChdvw+TeVymaF1ZcYZSPCx88p1og=","Mvo1bt03JMTZR6DZIA23lJNZxcUJiaM9uFJUitaYL48=","legacyData"
"abd0d1a7-5511-4300-b2c1-e4ffd65867e7","WREF_071.basePlot.vst","2017-11-01","vst_WREF_2017","D16","WREF","WREF_071",,"NEON.PLA.D16.WREF.02016","ok","single bole tree","Live",33.8,130,13.9,,,,,,,,,,,,,"OqqU1CZip9fnMkwChdvw+TeVymaF1ZcYZSPCx88p1og=","Mvo1bt03JMTZR6DZIA23lJNZxcUJiaM9uFJUitaYL48=","legacyData"
"cd5956c1-a9de-4eec-810a-c4bfed48dfda","WREF_071.basePlot.vst","2017-11-01","vst_WREF_2017","D16","WREF","WREF_071",,"NEON.PLA.D16.WREF.02097","ok","multi-bole tree","Live",7.2,130,5.4,,,,,,,,,,,,"2097A","rxvQRApCCKY/UVEtKW1BFeWgBpZ8J3yRI94VQnzKk1o=","rxvQRApCCKY/UVEtKW1BFeWgBpZ8J3yRI94VQnzKk1o=","legacyData"
"8f75cb47-a974-4174-82c1-fabf10d833be","WREF_071.basePlot.vst","2017-11-01","vst_WREF_2017","D16","WREF","WREF_071",,"NEON.PLA.D16.WREF.02366","ok","single bole tree","Live, broken bole",16.8,130,13.3,,5.6,,,,,,,,,,"Split bark","rxvQRApCCKY/UVEtKW1BFeWgBpZ8J3yRI94VQnzKk1o=","rxvQRApCCKY/UVEtKW1BFeWgBpZ8J3yRI94VQnzKk1o=","legacyData"
"2937a647-306c-41a4-9192-976a5b30e811","WREF_071.basePlot.vst","2017-11-01","vst_WREF_2017","D16","WREF","WREF_071",,"NEON.PLA.D16.WREF.02093","ok","small shrub","Live",,,1.3,,,,0.5,0.5,,"cylinder",1.3,10,,,,"rxvQRApCCKY/UVEtKW1BFeWgBpZ8J3yRI94VQnzKk1o=","rxvQRApCCKY/UVEtKW1BFeWgBpZ8J3yRI94VQnzKk1o=","legacyData"
"acef997b-365f-4693-b181-f92f52701c96","WREF_071.basePlot.vst","2017-11-01","vst_WREF_2017","D16","WREF","WREF_071",,"NEON.PLA.D16.WREF.02025","ok","single bole tree","Live",44.4,130,35.1,,,,,,,,,,,,,"OqqU1CZip9fnMkwChdvw+TeVymaF1ZcYZSPCx88p1og=","Mvo1bt03JMTZR6DZIA23lJNZxcUJiaM9uFJUitaYL48=","legacyData"
"432aa62d-3ca6-4a09-a190-db7b9f297e5b","WREF_075.basePlot.vst","2017-11-01","vst_WREF_2017","D16","WREF","WREF_075",,"NEON.PLA.D16.WREF.03427","ok","single bole tree","Live",15.6,130,14.5,,,,,,,,,,,,,"8kXoOpAOzaUMpv0WDeMaGRfSZUXYrtMVEL8cHv62ER4=","n6C8QabM4GRwBBSExkcug8ZHbDzuixegaGvj2qZxMy8=","legacyData"
"d5aac249-dc33-4392-bae4-3a0c32340cde","WREF_075.basePlot.vst","2017-11-01","vst_WREF_2017","D16","WREF","WREF_075",,"NEON.PLA.D16.WREF.03429","ok","single bole tree","Live",39.7,130,31.8,,,,,,,,,,,,"Mechanical damage on lower bole","8kXoOpAOzaUMpv0WDeMaGRfSZUXYrtMVEL8cHv62ER4=","n6C8QabM4GRwBBSExkcug8ZHbDzuixegaGvj2qZxMy8=","legacyData"
"ac78a1b7-80f8-429f-b902-2e1ac0916083","WREF_075.basePlot.vst","2017-11-01","vst_WREF_2017","D16","WREF","WREF_075",,"NEON.PLA.D16.WREF.03448","ok","single bole tree","Live",19.2,130,21.3,,,,,,,,,,,,,"8kXoOpAOzaUMpv0WDeMaGRfSZUXYrtMVEL8cHv62ER4=","n6C8QabM4GRwBBSExkcug8ZHbDzuixegaGvj2qZxMy8=","legacyData"
"d9f449d5-0019-4718-99e8-dd400d5b5f23","WREF_075.basePlot.vst","2017-11-01","vst_WREF_2017","D16","WREF","WREF_075",,"NEON.PLA.D16.WREF.03459","ok","single bole tree","Live",28.7,130,24.5,,,,,,,,,,,,"Apparent topkill","8kXoOpAOzaUMpv0WDeMaGRfSZUXYrtMVEL8cHv62ER4=","n6C8QabM4GRwBBSExkcug8ZHbDzuixegaGvj2qZxMy8=","legacyData"
"4b22c73d-cae4-41c5-8987-b49586bfe95c","WREF_075.basePlot.vst","2017-11-01","vst_WREF_2017","D16","WREF","WREF_075",,"NEON.PLA.D16.WREF.03436","ok","small tree","Live, physically damaged",5.7,130,2.8,,,,,,,,,,,,"Leaning; needle loss; Basal impact damage","8kXoOpAOzaUMpv0WDeMaGRfSZUXYrtMVEL8cHv62ER4=","n6C8QabM4GRwBBSExkcug8ZHbDzuixegaGvj2qZxMy8=","legacyData"
"1fc0ae9c-c587-44fc-a818-c6c7ea4a3f83","WREF_075.basePlot.vst","2017-11-01","vst_WREF_2017","D16","WREF","WREF_075",,"NEON.PLA.D16.WREF.03444","ok","single bole tree","Dead, broken bole",21.1,130,3.7,,,,,,,,,,,,"Broken bole due to weather event during previous winter","8kXoOpAOzaUMpv0WDeMaGRfSZUXYrtMVEL8cHv62ER4=","n6C8QabM4GRwBBSExkcug8ZHbDzuixegaGvj2qZxMy8=","legacyData"
"87bd8da7-fee6-4cdd-ae8d-c1c373866710","WREF_071.basePlot.vst","2017-11-01","vst_WREF_2017","D16","WREF","WREF_071",,"NEON.PLA.D16.WREF.02396","ok","small tree","Live",3.2,130,3.3,,,,,,,,,,,,,"rxvQRApCCKY/UVEtKW1BFeWgBpZ8J3yRI94VQnzKk1o=","rxvQRApCCKY/UVEtKW1BFeWgBpZ8J3yRI94VQnzKk1o=","legacyData"
"7c64092a-12ea-4352-a792-e9f108a08832","WREF_071.basePlot.vst","2017-11-01","vst_WREF_2017","D16","WREF","WREF_071",,"NEON.PLA.D16.WREF.02026","ok","single bole tree","Dead, broken bole",16.4,130,1.5,,1.5,12.6,,,,,,,,,,"OqqU1CZip9fnMkwChdvw+TeVymaF1ZcYZSPCx88p1og=","Mvo1bt03JMTZR6DZIA23lJNZxcUJiaM9uFJUitaYL48=","legacyData"
"9a93d280-dd63-4490-b642-5132ac2d64b5","WREF_071.basePlot.vst","2017-11-01","vst_WREF_2017","D16","WREF","WREF_071",,"NEON.PLA.D16.WREF.02029","ok","single bole tree","Live",45.8,130,32.3,,,,,,,,,,,,,"OqqU1CZip9fnMkwChdvw+TeVymaF1ZcYZSPCx88p1og=","Mvo1bt03JMTZR6DZIA23lJNZxcUJiaM9uFJUitaYL48=","legacyData"
"ae06d5d1-4501-430f-a5f7-373d389e210d","WREF_071.basePlot.vst","2017-11-01","vst_WREF_2017","D16","WREF","WREF_071",,"NEON.PLA.D16.WREF.02037","ok","single bole tree","Live",16.1,130,10.1,,,,,,,,,,,,,"OqqU1CZip9fnMkwChdvw+TeVymaF1ZcYZSPCx88p1og=","Mvo1bt03JMTZR6DZIA23lJNZxcUJiaM9uFJUitaYL48=","legacyData"
"54e709fa-8913-42aa-8b90-0ff601154d02","WREF_071.basePlot.vst","2017-11-01","vst_WREF_2017","D16","WREF","WREF_071",,"NEON.PLA.D16.WREF.02079","ok","single bole tree","Dead, broken bole",18.7,130,3.5,,,,,,,,,,,,"Broken top","rxvQRApCCKY/UVEtKW1BFeWgBpZ8J3yRI94VQnzKk1o=","rxvQRApCCKY/UVEtKW1BFeWgBpZ8J3yRI94VQnzKk1o=","legacyData"
"21a728a0-96e1-4cfb-a73d-d30686fc914b","WREF_071.basePlot.vst","2017-11-01","vst_WREF_2017","D16","WREF","WREF_071",,"NEON.PLA.D16.WREF.02096","ok","sapling","Live",,,1.3,,,,,,,,1.7,10,,,,"rxvQRApCCKY/UVEtKW1BFeWgBpZ8J3yRI94VQnzKk1o=","rxvQRApCCKY/UVEtKW1BFeWgBpZ8J3yRI94VQnzKk1o=","legacyData"
"4bf1756f-9a43-4eb8-ab63-6e4e061543c6","WREF_071.basePlot.vst","2017-11-01","vst_WREF_2017","D16","WREF","WREF_071",,"NEON.PLA.D16.WREF.02074","ok","single bole tree","Live",14.3,130,5.0,,,,,,,,,,,,,"rxvQRApCCKY/UVEtKW1BFeWgBpZ8J3yRI94VQnzKk1o=","rxvQRApCCKY/UVEtKW1BFeWgBpZ8J3yRI94VQnzKk1o=","legacyData"
"6b749666-47de-4e5e-8929-ec3be3143dc9","WREF_071.basePlot.vst","2017-11-01","vst_WREF_2017","D16","WREF","WREF_071",,"NEON.PLA.D16.WREF.02358","ok","single bole tree","Live",32.5,130,28.9,,,,,,,,,,,,,"rxvQRApCCKY/UVEtKW1BFeWgBpZ8J3yRI94VQnzKk1o=","rxvQRApCCKY/UVEtKW1BFeWgBpZ8J3yRI94VQnzKk1o=","legacyData"
"e79a0eb7-ca49-431b-b798-77cac376b2f0","WREF_071.basePlot.vst","2017-11-01","vst_WREF_2017","D16","WREF","WREF_071",,"NEON.PLA.D16.WREF.02005","ok","small tree","Live",5.0,130,3.7,,,,,,,,,,,,,"OqqU1CZip9fnMkwChdvw+TeVymaF1ZcYZSPCx88p1og=","Mvo1bt03JMTZR6DZIA23lJNZxcUJiaM9uFJUitaYL48=","legacyData"
"00031002-ccba-4846-9fda-c41f9c1100b1","WREF_071.basePlot.vst","2017-11-01","vst_WREF_2017","D16","WREF","WREF_071",,"NEON.PLA.D16.WREF.02068","ok","sapling","Live",,,1.3,,,,,,,,1.7,10,,,,"rxvQRApCCKY/UVEtKW1BFeWgBpZ8J3yRI94VQnzKk1o=","rxvQRApCCKY/UVEtKW1BFeWgBpZ8J3yRI94VQnzKk1o=","legacyData"
"98feb22a-fa8e-4803-9950-cbe4f1df8441","WREF_071.basePlot.vst","2017-11-01","vst_WREF_2017","D16","WREF","WREF_071",,"NEON.PLA.D16.WREF.02038","ok","multi-bole tree","Live",24.1,150,16.3,,,,,,,,,,,,,"OqqU1CZip9fnMkwChdvw+TeVymaF1ZcYZSPCx88p1og=","Mvo1bt03JMTZR6DZIA23lJNZxcUJiaM9uFJUitaYL48=","legacyData"
"f6f74ea2-6099-4b66-8b20-72b6a2c0cbbe","WREF_071.basePlot.vst","2017-11-01","vst_WREF_2017","D16","WREF","WREF_071",,"NEON.PLA.D16.WREF.02004","ok","single bole tree","Dead, broken bole",46.2,130,6.5,,,,,,,,,,,,,"OqqU1CZip9fnMkwChdvw+TeVymaF1ZcYZSPCx88p1og=","Mvo1bt03JMTZR6DZIA23lJNZxcUJiaM9uFJUitaYL48=","legacyData"
"0cdd0577-8e01-4527-b9d9-42dda53a3e68","WREF_071.basePlot.vst","2017-11-01","vst_WREF_2017","D16","WREF","WREF_071",,"NEON.PLA.D16.WREF.02049","ok","single bole tree","Live",20.7,130,14.0,,,,,,,,,,,,,"rxvQRApCCKY/UVEtKW1BFeWgBpZ8J3yRI94VQnzKk1o=","rxvQRApCCKY/UVEtKW1BFeWgBpZ8J3yRI94VQnzKk1o=","legacyData"
"ddded8e3-09c4-4302-ac24-fd54a0f529ef","WREF_071.basePlot.vst","2017-11-01","vst_WREF_2017","D16","WREF","WREF_071",,"NEON.PLA.D16.WREF.02377","ok","small shrub","Live",,,1.0,,,,2.1,1.4,,"oblate half-sphere",1.5,10,,,,"rxvQRApCCKY/UVEtKW1BFeWgBpZ8J3yRI94VQnzKk1o=","rxvQRApCCKY/UVEtKW1BFeWgBpZ8J3yRI94VQnzKk1o=","legacyData"
"3a3a205c-9e34-4753-870f-7bea95b35caa","WREF_071.basePlot.vst","2017-11-01","vst_WREF_2017","D16","WREF","WREF_071",,"NEON.PLA.D16.WREF.02033","ok","single bole tree","Live",38.0,130,31.2,,,,,,,,,,,,,"OqqU1CZip9fnMkwChdvw+TeVymaF1ZcYZSPCx88p1og=","Mvo1bt03JMTZR6DZIA23lJNZxcUJiaM9uFJUitaYL48=","legacyData"
"c7f0e01c-5bcd-4f79-ab80-661f14c3dd69","WREF_071.basePlot.vst","2017-11-01","vst_WREF_2017","D16","WREF","WREF_071",,"NEON.PLA.D16.WREF.02047","ok","small shrub","Live",,,1.0,,,,1.0,0.8,,"oblate half-sphere",1.0,10,,,,"rxvQRApCCKY/UVEtKW1BFeWgBpZ8J3yRI94VQnzKk1o=","rxvQRApCCKY/UVEtKW1BFeWgBpZ8J3yRI94VQnzKk1o=","legacyData"
"6e80eb21-f11c-4eab-ae36-981bd8a575ae","WREF_071.basePlot.vst","2017-11-01","vst_WREF_2017","D16","WREF","WREF_071",,"NEON.PLA.D16.WREF.02097","ok","multi-bole tree","Live",15.6,130,5.6,,,,,,,,,,,,,"rxvQRApCCKY/UVEtKW1BFeWgBpZ8J3yRI94VQnzKk1o=","rxvQRApCCKY/UVEtKW1BFeWgBpZ8J3yRI94VQnzKk1o=","legacyData"
"1ff75655-8be0-48d7-bff1-cf76c879bf27","WREF_071.basePlot.vst","2017-11-01","vst_WREF_2017","D16","WREF","WREF_071",,"NEON.PLA.D16.WREF.02095","ok","sapling","Live",,,0.6,,,,,,,,1.3,10,,,,"rxvQRApCCKY/UVEtKW1BFeWgBpZ8J3yRI94VQnzKk1o=","rxvQRApCCKY/UVEtKW1BFeWgBpZ8J3yRI94VQnzKk1o=","legacyData"
"cd879b94-5859-40e4-96d3-4b45b4f06c45","WREF_071.basePlot.vst","2017-11-01","vst_WREF_2017","D16","WREF","WREF_071",,"NEON.PLA.D16.WREF.02075","ok","single bole tree","Live",14.0,130,6.3,,,,,,,,,,,,,"rxvQRApCCKY/UVEtKW1BFeWgBpZ8J3yRI94VQnzKk1o=","rxvQRApCCKY/UVEtKW1BFeWgBpZ8J3yRI94VQnzKk1o=","legacyData"
"0346eaf7-4462-4439-ace7-8d1ebe030304","WREF_071.basePlot.vst","2017-11-01","vst_WREF_2017","D16","WREF","WREF_071",,"NEON.PLA.D16.WREF.02393","ok","sapling","Live",,,1.1,,,,,,,,1.2,10,,,,"rxvQRApCCKY/UVEtKW1BFeWgBpZ8J3yRI94VQnzKk1o=","rxvQRApCCKY/UVEtKW1BFeWgBpZ8J3yRI94VQnzKk1o=","legacyData"
"03fd7bc2-db8c-40cd-bdaf-ca602317aea7","WREF_071.basePlot.vst","2017-11-01","vst_WREF_2017","D16","WREF","WREF_071",,"NEON.PLA.D16.WREF.02034","ok","single bole tree","Live",25.4,130,18.0,,,,,,,,,,,,,"OqqU1CZip9fnMkwChdvw+TeVymaF1ZcYZSPCx88p1og=","Mvo1bt03JMTZR6DZIA23lJNZxcUJiaM9uFJUitaYL48=","legacyData"
"32080b7f-c5bc-4cf7-ad26-32abda52a235","WREF_071.basePlot.vst","2017-11-01","vst_WREF_2017","D16","WREF","WREF_071",,"NEON.PLA.D16.WREF.02001","ok","sapling","Live",,,0.9,,,,,,,,1.1,10,,,,"OqqU1CZip9fnMkwChdvw+TeVymaF1ZcYZSPCx88p1og=","Mvo1bt03JMTZR6DZIA23lJNZxcUJiaM9uFJUitaYL48=","legacyData"
"a3c07aa8-8d71-42da-bed9-a748ce4ed298","WREF_071.basePlot.vst","2017-11-01","vst_WREF_2017","D16","WREF","WREF_071",,"NEON.PLA.D16.WREF.02019","ok","small tree","Live",1.8,130,0.8,,,,,,,,,,,,,"OqqU1CZip9fnMkwChdvw+TeVymaF1ZcYZSPCx88p1og=","Mvo1bt03JMTZR6DZIA23lJNZxcUJiaM9uFJUitaYL48=","legacyData"
"fbae3a26-2bf5-4ade-9c2f-5cd081d52f6c","WREF_071.basePlot.vst","2017-11-01","vst_WREF_2017","D16","WREF","WREF_071",,"NEON.PLA.D16.WREF.02021","ok","single bole tree","Live",45.2,130,38.0,,,,,,,,,,,,,"OqqU1CZip9fnMkwChdvw+TeVymaF1ZcYZSPCx88p1og=","Mvo1bt03JMTZR6DZIA23lJNZxcUJiaM9uFJUitaYL48=","legacyData"
"de970c7d-9929-414f-a3c1-f4c2fe94ee7b","WREF_071.basePlot.vst","2017-11-01","vst_WREF_2017","D16","WREF","WREF_071",,"NEON.PLA.D16.WREF.02064","ok","small shrub","Live",,,1.2,,,,0.6,0.5,,"cylinder",1.3,10,,,,"rxvQRApCCKY/UVEtKW1BFeWgBpZ8J3yRI94VQnzKk1o=","rxvQRApCCKY/UVEtKW1BFeWgBpZ8J3yRI94VQnzKk1o=","legacyData"
"30058afa-744a-45ed-b65e-f327dd10f341","WREF_071.basePlot.vst","2017-11-01","vst_WREF_2017","D16","WREF","WREF_071",,"NEON.PLA.D16.WREF.02395","ok","sapling","Live",,,1.2,,,,,,,,1.3,10,,,,"rxvQRApCCKY/UVEtKW1BFeWgBpZ8J3yRI94VQnzKk1o=","rxvQRApCCKY/UVEtKW1BFeWgBpZ8J3yRI94VQnzKk1o=","legacyData"
"e824cd82-70bf-44db-bcc6-59e0f9844cd1","WREF_071.basePlot.vst","2017-11-01","vst_WREF_2017","D16","WREF","WREF_071",,"NEON.PLA.D16.WREF.02372","ok","sapling","Live",,,1.8,,,,,,,,2.1,10,,,,"rxvQRApCCKY/UVEtKW1BFeWgBpZ8J3yRI94VQnzKk1o=","rxvQRApCCKY/UVEtKW1BFeWgBpZ8J3yRI94VQnzKk1o=","legacyData"
"669506d0-26a0-426d-908b-3c6ecd685e3c","WREF_071.basePlot.vst","2017-11-01","vst_WREF_2017","D16","WREF","WREF_071",,"NEON.PLA.D16.WREF.02045","ok","sapling","Live",,,1.3,,,,,,,,1.6,10,,,,"rxvQRApCCKY/UVEtKW1BFeWgBpZ8J3yRI94VQnzKk1o=","rxvQRApCCKY/UVEtKW1BFeWgBpZ8J3yRI94VQnzKk1o=","legacyData"
"1ce67be3-f790-40eb-9b74-f2cc73e4a06b","WREF_071.basePlot.vst","2017-11-01","vst_WREF_2017","D16","WREF","WREF_071",,"NEON.PLA.D16.WREF.02073","ok","single bole tree","Live",22.4,130,24.5,,,,,,,,,,,,,"rxvQRApCCKY/UVEtKW1BFeWgBpZ8J3yRI94VQnzKk1o=","rxvQRApCCKY/UVEtKW1BFeWgBpZ8J3yRI94VQnzKk1o=","legacyData"
"e78ba8e1-ccdf-45d8-ace2-a3ad37314820","WREF_071.basePlot.vst","2017-11-01","vst_WREF_2017","D16","WREF","WREF_071",,"NEON.PLA.D16.WREF.02010","ok","small tree","Live",2.3,130,2.1,,,,,,,,,,,,,"OqqU1CZip9fnMkwChdvw+TeVymaF1ZcYZSPCx88p1og=","Mvo1bt03JMTZR6DZIA23lJNZxcUJiaM9uFJUitaYL48=","legacyData"
"e02413b3-9a8d-46ca-aa06-4efb28a95a96","WREF_071.basePlot.vst","2017-11-01","vst_WREF_2017","D16","WREF","WREF_071",,"NEON.PLA.D16.WREF.02359","ok","single bole tree","Live",44.8,130,33.0,,,,,,,,,,,,,"rxvQRApCCKY/UVEtKW1BFeWgBpZ8J3yRI94VQnzKk1o=","rxvQRApCCKY/UVEtKW1BFeWgBpZ8J3yRI94VQnzKk1o=","legacyData"
"a0250464-6fcb-4958-9dd6-b8d763ff1c4d","WREF_071.basePlot.vst","2017-11-01","vst_WREF_2017","D16","WREF","WREF_071",,"NEON.PLA.D16.WREF.02378","ok","single bole tree","Live",23.2,130,16.7,,,,,,,,,,,,,"rxvQRApCCKY/UVEtKW1BFeWgBpZ8J3yRI94VQnzKk1o=","rxvQRApCCKY/UVEtKW1BFeWgBpZ8J3yRI94VQnzKk1o=","legacyData"
"05e07477-44eb-452c-9698-5da79bdcc305","WREF_071.basePlot.vst","2017-11-01","vst_WREF_2017","D16","WREF","WREF_071",,"NEON.PLA.D16.WREF.02044","ok","single bole tree","Live",58.5,130,41.9,,,,,,,,,,,,,"OqqU1CZip9fnMkwChdvw+TeVymaF1ZcYZSPCx88p1og=","Mvo1bt03JMTZR6DZIA23lJNZxcUJiaM9uFJUitaYL48=","legacyData"
"791dc827-ac28-485d-9b34-578cbd9dbb6c","WREF_071.basePlot.vst","2017-11-01","vst_WREF_2017","D16","WREF","WREF_071",,"NEON.PLA.D16.WREF.02077","ok","single bole tree","Live, broken bole",29.2,130,15.8,,,,,,,,,,,,,"rxvQRApCCKY/UVEtKW1BFeWgBpZ8J3yRI94VQnzKk1o=","rxvQRApCCKY/UVEtKW1BFeWgBpZ8J3yRI94VQnzKk1o=","legacyData"
"1353ac7e-fa8f-4ab4-a324-3d1358fdb223","WREF_071.basePlot.vst","2017-11-01","vst_WREF_2017","D16","WREF","WREF_071",,"NEON.PLA.D16.WREF.02041","ok","single bole tree","Live",10.1,130,7.3,,,,,,,,,,,,,"OqqU1CZip9fnMkwChdvw+TeVymaF1ZcYZSPCx88p1og=","Mvo1bt03JMTZR6DZIA23lJNZxcUJiaM9uFJUitaYL48=","legacyData"
"dee8ccaf-6ee3-4bad-a82d-6632957293a8","WREF_071.basePlot.vst","2017-11-01","vst_WREF_2017","D16","WREF","WREF_071",,"NEON.PLA.D16.WREF.02009","ok","single bole tree","Live",30.4,130,15.9,,,,,,,,,,,,,"OqqU1CZip9fnMkwChdvw+TeVymaF1ZcYZSPCx88p1og=","Mvo1bt03JMTZR6DZIA23lJNZxcUJiaM9uFJUitaYL48=","legacyData"
"92ce7c35-9b47-426c-a023-f53a71bc6759","WREF_071.basePlot.vst","2017-11-01","vst_WREF_2017","D16","WREF","WREF_071",,"NEON.PLA.D16.WREF.02388","ok","sapling","Live",,,0.7,,,,,,,,1.3,10,,,,"rxvQRApCCKY/UVEtKW1BFeWgBpZ8J3yRI94VQnzKk1o=","rxvQRApCCKY/UVEtKW1BFeWgBpZ8J3yRI94VQnzKk1o=","legacyData"
"9517688c-1400-406b-88f6-5b695b03dbd2","WREF_075.basePlot.vst","2017-11-01","vst_WREF_2017","D16","WREF","WREF_075",,"NEON.PLA.D16.WREF.03424","ok","single bole tree","Live",10.0,130,6.7,,,,,,,,,,,,,"8kXoOpAOzaUMpv0WDeMaGRfSZUXYrtMVEL8cHv62ER4=","n6C8QabM4GRwBBSExkcug8ZHbDzuixegaGvj2qZxMy8=","legacyData"
"e7f1d7e2-ff47-4ace-b6aa-5999e7accdec","WREF_075.basePlot.vst","2017-11-01","vst_WREF_2017","D16","WREF","WREF_075",,"NEON.PLA.D16.WREF.03452","ok","single bole tree","Live",20.1,130,,,,,,,,,,,,,"Apex indistinguishable; crowns mixed","8kXoOpAOzaUMpv0WDeMaGRfSZUXYrtMVEL8cHv62ER4=","n6C8QabM4GRwBBSExkcug8ZHbDzuixegaGvj2qZxMy8=","legacyData"
"bc8847e1-015a-4c99-8a12-255e0985b5b3","WREF_071.basePlot.vst","2017-11-01","vst_WREF_2017","D16","WREF","WREF_071",,"NEON.PLA.D16.WREF.02076","ok","single bole tree","Dead, broken bole",29.1,130,4.2,,,,,,,,,,,,,"rxvQRApCCKY/UVEtKW1BFeWgBpZ8J3yRI94VQnzKk1o=","rxvQRApCCKY/UVEtKW1BFeWgBpZ8J3yRI94VQnzKk1o=","legacyData"
"448d79bf-da33-4ac9-a576-405e175ed685","WREF_071.basePlot.vst","2017-11-01","vst_WREF_2017","D16","WREF","WREF_071",,"NEON.PLA.D16.WREF.02390","ok","sapling","Live",,,1.2,,,,,,,,1.6,10,,,,"rxvQRApCCKY/UVEtKW1BFeWgBpZ8J3yRI94VQnzKk1o=","rxvQRApCCKY/UVEtKW1BFeWgBpZ8J3yRI94VQnzKk1o=","legacyData"
"c1b31407-8053-4463-9886-2f2b7a70a541","WREF_071.basePlot.vst","2017-11-01","vst_WREF_2017","D16","WREF","WREF_071",,"NEON.PLA.D16.WREF.02060","ok","sapling","Live",,,1.0,,,,,,,,1.1,10,,,,"rxvQRApCCKY/UVEtKW1BFeWgBpZ8J3yRI94VQnzKk1o=","rxvQRApCCKY/UVEtKW1BFeWgBpZ8J3yRI94VQnzKk1o=","legacyData"
"62744125-0d4e-4a6a-8966-6a7dd8c23053","WREF_071.basePlot.vst","2017-11-01","vst_WREF_2017","D16","WREF","WREF_071",,"NEON.PLA.D16.WREF.02036","ok","single bole tree","Live",49.5,130,38.3,,,,,,,,,,,,,"OqqU1CZip9fnMkwChdvw+TeVymaF1ZcYZSPCx88p1og=","Mvo1bt03JMTZR6DZIA23lJNZxcUJiaM9uFJUitaYL48=","legacyData"
"97e8704f-e763-4ff9-8aaa-b9a17fde81f1","WREF_071.basePlot.vst","2017-11-01","vst_WREF_2017","D16","WREF","WREF_071",,"NEON.PLA.D16.WREF.02018","ok","small tree","Live",3.4,130,3.1,,,,,,,,,,,,,"OqqU1CZip9fnMkwChdvw+TeVymaF1ZcYZSPCx88p1og=","Mvo1bt03JMTZR6DZIA23lJNZxcUJiaM9uFJUitaYL48=","legacyData"
"cd5b590b-dcb3-4d56-92a6-9dde1eaadb7c","WREF_071.basePlot.vst","2017-11-01","vst_WREF_2017","D16","WREF","WREF_071",,"NEON.PLA.D16.WREF.02042","ok","multi-bole tree","Live",27.0,130,28.2,,,,,,,,,,,,,"OqqU1CZip9fnMkwChdvw+TeVymaF1ZcYZSPCx88p1og=","Mvo1bt03JMTZR6DZIA23lJNZxcUJiaM9uFJUitaYL48=","legacyData"
"e67821e8-86c6-4fd1-89a0-be5ce2b36ad0","WREF_071.basePlot.vst","2017-11-01","vst_WREF_2017","D16","WREF","WREF_071",,"NEON.PLA.D16.WREF.02389","ok","single bole tree","Live",42.8,130,31.3,,,,,,,,,,,,,"rxvQRApCCKY/UVEtKW1BFeWgBpZ8J3yRI94VQnzKk1o=","rxvQRApCCKY/UVEtKW1BFeWgBpZ8J3yRI94VQnzKk1o=","legacyData"
