uid,namedLocation,date,eventID,domainID,siteID,plotID,subplotID,individualID,tagStatus,growthForm,plantStatus,stemDiameter,measurementHeight,height,baseCrownHeight,breakHeight,breakDiameter,maxCrownDiameter,ninetyCrownDiameter,canopyPosition,shape,basalStemDiameter,basalStemDiameterMsrmntHeight,maxBaseCrownDiameter,ninetyBaseCrownDiameter,remarks,recordedBy,measuredBy,dataQF
"2019466b-7cdd-4fa9-8b76-5de26108c9fe","UNDE_060.basePlot.vst","2017-11-01","vst_UNDE_2017","D05","UNDE","UNDE_060",,"NEON.PLA.D05.UNDE.03816","ok","single bole tree","Live",21.4,130,12.9,,,,,,,,,,,,,"UuiIeI4+6a4w2V3xx4xXIBtOUNDpdb+M","B3+A7PSCzYQNuvhFZNKc8WSB7xvTYEqkan9IJpMz8To=","legacyData"
"66f0094c-ea8c-47d8-9da1-cdcb71103ab1","UNDE_060.basePlot.vst","2017-11-01","vst_UNDE_2017","D05","UNDE","UNDE_060",,"NEON.PLA.D05.UNDE.03567","ok","single bole tree","Live",25.3,130,11.1,,,,,,,,,,,,,"UuiIeI4+6a4w2V3xx4xXIBtOUNDpdb+M","B3+A7PSCzYQNuvhFZNKc8WSB7xvTYEqkan9IJpMz8To=","legacyData"
"fea24fb7-ab8f-47e4-942a-3d4261656d99","UNDE_060.basePlot.vst","2017-11-01","vst_UNDE_2017","D05","UNDE","UNDE_060",,"NEON.PLA.D05.UNDE.03875","ok","single bole tree","Live, physically damaged",16.9,130,2.8,,,,,,,,,,,,,"UuiIeI4+6a4w2V3xx4xXIBtOUNDpdb+M","B3+A7PSCzYQNuvhFZNKc8WSB7xvTYEqkan9IJpMz8To=","legacyData"
"7e04dbb6-8114-4e1d-9535-720016313685","UNDE_060.basePlot.vst","2017-11-01","vst_UNDE_2017","D05","UNDE","UNDE_060",,"NEON.PLA.D05.UNDE.03563","ok","single bole tree","Live",14.8,130,11.6,,,,,,,,,,,,,"UuiIeI4+6a4w2V3xx4xXIBtOUNDpdb+M","B3+A7PSCzYQNuvhFZNKc8WSB7xvTYEqkan9IJpMz8To=","legacyData"
"1fb150c7-0d04-453e-b312-160805e5c5d6","UNDE_060.basePlot.vst","2017-11-01","vst_UNDE_2017","D05","UNDE","UNDE_060",,"NEON.PLA.D05.UNDE.03575","ok","small tree","Live",1.5,130,2.0,,,,,,,,,,,,,"UuiIeI4+6a4w2V3xx4xXIBtOUNDpdb+M","B3+A7PSCzYQNuvhFZNKc8WSB7xvTYEqkan9IJpMz8To=","legacyData"
"0368fa42-e956-4b2c-82c1-84def155037d","UNDE_060.basePlot.vst","2017-11-01","vst_UNDE_2017","D05","UNDE","UNDE_060",,"NEON.PLA.D05.UNDE.03661","ok","sapling","Live",,,0.9,,,,,,,,1.4,10,,,,"UuiIeI4+6a4w2V3xx4xXIBtOUNDpdb+M","B3+A7PSCzYQNuvhFZNKc8WSB7xvTYEqkan9IJpMz8To=","legacyData"
"77687c4e-522f-43e1-9326-c8fb580df26f","UNDE_060.basePlot.vst","2017-11-01","vst_UNDE_2017","D05","UNDE","UNDE_060",,"NEON.PLA.D05.UNDE.03683","ok","single shrub","Live",1.0,130,5.9,0.1,,,5.4,3.0,,"ellipsoid or sphere",1.5,10,,,,"UuiIeI4+6a4w2V3xx4xXIBtOUNDpdb+M","B3+A7PSCzYQNuvhFZNKc8WSB7xvTYEqkan9IJpMz8To=","legacyData"
"9cea2542-0ea7-4818-b107-1a78e8e7b6d0","UNDE_060.basePlot.vst","2017-11-01","vst_UNDE_2017","D05","UNDE","UNDE_060",,"NEON.PLA.D05.UNDE.03639","ok","single shrub","Live",2.4,130,5.2,0.1,,,6.2,2.8,,"ellipsoid or sphere",2.6,10,,,,"UuiIeI4+6a4w2V3xx4xXIBtOUNDpdb+M","B3+A7PSCzYQNuvhFZNKc8WSB7xvTYEqkan9IJpMz8To=","legacyData"
"4241a453-f356-4f4d-952e-cde5311efe67","UNDE_060.basePlot.vst","2017-11-01","vst_UNDE_2017","D05","UNDE","UNDE_060",,"NEON.PLA.D05.UNDE.03639","ok","single shrub","Live",3.1,130,5.2,0.1,,,6.2,2.8,,"ellipsoid or sphere",4.0,10,,,,"UuiIeI4+6a4w2V3xx4xXIBtOUNDpdb+M","B3+A7PSCzYQNuvhFZNKc8WSB7xvTYEqkan9IJpMz8To=","legacyData"
"0f9fdb6a-734d-4ef5-993f-6036926a4aa2","UNDE_060.basePlot.vst","2017-11-01","vst_UNDE_2017","D05","UNDE","UNDE_060",,"NEON.PLA.D05.UNDE.03595","ok","small shrub","Live",,,2.0,0.6,,,1.1,0.4,,"ellipsoid or sphere",1.4,10,,,,"UuiIeI4+6a4w2V3xx4xXIBtOUNDpdb+M","B3+A7PSCzYQNuvhFZNKc8WSB7xvTYEqkan9IJpMz8To=","legacyData"
"1287c02c-3259-48b8-be2a-007cfef82619","UNDE_060.basePlot.vst","2017-11-01","vst_UNDE_2017","D05","UNDE","UNDE_060",,"NEON.PLA.D05.UNDE.03638","ok","single bole tree","Live",13.1,130,8.7,,,,,,,,,,,,,"UuiIeI4+6a4w2V3xx4xXIBtOUNDpdb+M","B3+A7PSCzYQNuvhFZNKc8WSB7xvTYEqkan9IJpMz8To=","legacyData"
"05c70f0b-41ab-4115-b2fe-cad3304966c6","UNDE_060.basePlot.vst","2017-11-01","vst_UNDE_2017","D05","UNDE","UNDE_060",,"NEON.PLA.D05.UNDE.03683","ok","single shrub","Live",4.1,130,5.9,0.1,,,5.4,3.0,,"ellipsoid or sphere",5.0,10,,,,"UuiIeI4+6a4w2V3xx4xXIBtOUNDpdb+M","B3+A7PSCzYQNuvhFZNKc8WSB7xvTYEqkan9IJpMz8To=","legacyData"
"21a2a022-4ebe-4918-877b-3d3d0da12001","UNDE_060.basePlot.vst","2017-11-01","vst_UNDE_2017","D05","UNDE","UNDE_060",,"NEON.PLA.D05.UNDE.03683","ok","single shrub","Live",2.1,130,5.9,0.1,,,5.4,3.0,,"ellipsoid or sphere",2.7,10,,,,"UuiIeI4+6a4w2V3xx4xXIBtOUNDpdb+M","B3+A7PSCzYQNuvhFZNKc8WSB7xvTYEqkan9IJpMz8To=","legacyData"
"cb7b3f07-b1be-447f-a22c-14b74a20b9d7","UNDE_060.basePlot.vst","2017-11-01","vst_UNDE_2017","D05","UNDE","UNDE_060",,"NEON.PLA.D05.UNDE.03872","mislabeled","single bole tree","Live",,,,,,,,,,,,,,,"Is actually 3877","UuiIeI4+6a4w2V3xx4xXIBtOUNDpdb+M","B3+A7PSCzYQNuvhFZNKc8WSB7xvTYEqkan9IJpMz8To=","legacyData"
"96abfbe2-4228-48b4-8dd2-00a67c981471","UNDE_060.basePlot.vst","2017-11-01","vst_UNDE_2017","D05","UNDE","UNDE_060",,"NEON.PLA.D05.UNDE.03574","ok","single bole tree","Live",31.4,130,19.8,,,,,,,,,,,,,"UuiIeI4+6a4w2V3xx4xXIBtOUNDpdb+M","B3+A7PSCzYQNuvhFZNKc8WSB7xvTYEqkan9IJpMz8To=","legacyData"
"6fa046f5-3872-4223-8112-5b2a8ec74ae1","UNDE_060.basePlot.vst","2017-11-01","vst_UNDE_2017","D05","UNDE","UNDE_060",,"NEON.PLA.D05.UNDE.03655","ok","single bole tree","Live",15.3,130,12.9,,,,,,,,,,,,,"UuiIeI4+6a4w2V3xx4xXIBtOUNDpdb+M","B3+A7PSCzYQNuvhFZNKc8WSB7xvTYEqkan9IJpMz8To=","legacyData"
"2c3bbcb6-e8ad-43af-ab63-0e860ce8c084","UNDE_060.basePlot.vst","2017-11-01","vst_UNDE_2017","D05","UNDE","UNDE_060",,"NEON.PLA.D05.UNDE.03877","ok","single bole tree","Live",14.1,130,8.2,,,,,,,,,,,,,"UuiIeI4+6a4w2V3xx4xXIBtOUNDpdb+M","B3+A7PSCzYQNuvhFZNKc8WSB7xvTYEqkan9IJpMz8To=","legacyData"
"b2cd8aac-ba3e-4d57-891b-7db8ec0e656a","UNDE_060.basePlot.vst","2017-11-01","vst_UNDE_2017","D05","UNDE","UNDE_060",,"NEON.PLA.D05.UNDE.03564","ok","single bole tree","Live",13.2,130,11.9,,,,,,,,,,,,,"UuiIeI4+6a4w2V3xx4xXIBtOUNDpdb+M","B3+A7PSCzYQNuvhFZNKc8WSB7xvTYEqkan9IJpMz8To=","legacyData"
"71761554-8deb-41f6-bccb-ffb42ea1d589","UNDE_060.basePlot.vst","2017-11-01","vst_UNDE_2017","D05","UNDE","UNDE_060",,"NEON.PLA.D05.UNDE.03558","ok","single bole tree","Live,  other damage",16.8,130,9.2,,,,,,,,,,,,,"UuiIeI4+6a4w2V3xx4xXIBtOUNDpdb+M","B3+A7PSCzYQNuvhFZNKc8WSB7xvTYEqkan9IJpMz8To=","legacyData"
"8b327c75-225d-41e9-beab-f589714cb7c2","UNDE_060.basePlot.vst","2017-11-01","vst_UNDE_2017","D05","UNDE","UNDE_060",,"NEON.PLA.D05.UNDE.03843","ok","small tree","Live",6.8,130,4.9,,,,,,,,,,,,,"UuiIeI4+6a4w2V3xx4xXIBtOUNDpdb+M","B3+A7PSCzYQNuvhFZNKc8WSB7xvTYEqkan9IJpMz8To=","legacyData"
"79393263-ea59-4a42-98d7-d02e4a73932f","UNDE_060.basePlot.vst","2017-11-01","vst_UNDE_2017","D05","UNDE","UNDE_060",,"NEON.PLA.D05.UNDE.03409","ok","single bole tree","Live",23.6,130,16.1,,,,,,,,,,,,,"UuiIeI4+6a4w2V3xx4xXIBtOUNDpdb+M","B3+A7PSCzYQNuvhFZNKc8WSB7xvTYEqkan9IJpMz8To=","legacyData"
"13656989-6039-40e2-886b-f3519b8eceab","UNDE_060.basePlot.vst","2017-11-01","vst_UNDE_2017","D05","UNDE","UNDE_060",,"NEON.PLA.D05.UNDE.03659","ok","single bole tree","Live",27.6,130,16.2,,,,,,,,,,,,,"UuiIeI4+6a4w2V3xx4xXIBtOUNDpdb+M","B3+A7PSCzYQNuvhFZNKc8WSB7xvTYEqkan9IJpMz8To=","legacyData"
"fc357d73-897d-4f19-acdc-27791323e867","UNDE_060.basePlot.vst","2017-11-01","vst_UNDE_2017","D05","UNDE","UNDE_060",,"NEON.PLA.D05.UNDE.03683","ok","single shrub","Live",130.0,5,5.9,0.1,,,5.4,3.0,,"ellipsoid or sphere",5.8,10,,,,"UuiIeI4+6a4w2V3xx4xXIBtOUNDpdb+M","B3+A7PSCzYQNuvhFZNKc8WSB7xvTYEqkan9IJpMz8To=","legacyData"
"be615fc6-53a8-421c-bf18-1223d0fde521","UNDE_060.basePlot.vst","2017-11-01","vst_UNDE_2017","D05","UNDE","UNDE_060",,"NEON.PLA.D05.UNDE.03639","ok","single shrub","Live",1.2,130,5.2,0.1,,,6.2,2.8,,"ellipsoid or sphere",1.8,10,,,,"UuiIeI4+6a4w2V3xx4xXIBtOUNDpdb+M","B3+A7PSCzYQNuvhFZNKc8WSB7xvTYEqkan9IJpMz8To=","legacyData"
"691c7831-13d0-4882-9c88-37bd702e7e8c","UNDE_060.basePlot.vst","2017-11-01","vst_UNDE_2017","D05","UNDE","UNDE_060",,"NEON.PLA.D05.UNDE.00375","ok","small tree","Live",9.4,130,6.7,,,,,,,,,,,,,"UuiIeI4+6a4w2V3xx4xXIBtOUNDpdb+M","B3+A7PSCzYQNuvhFZNKc8WSB7xvTYEqkan9IJpMz8To=","legacyData"
"1e32c3c2-76e0-4d17-90cf-d92a25d1c118","UNDE_060.basePlot.vst","2017-11-01","vst_UNDE_2017","D05","UNDE","UNDE_060",,"NEON.PLA.D05.UNDE.03863","ok","single bole tree","Live",28.6,130,12.2,,,,,,,,,,,,,"UuiIeI4+6a4w2V3xx4xXIBtOUNDpdb+M","B3+A7PSCzYQNuvhFZNKc8WSB7xvTYEqkan9IJpMz8To=","legacyData"
"bd998de7-e477-4160-8cc0-f61496a61bcb","UNDE_060.basePlot.vst","2017-11-01","vst_UNDE_2017","D05","UNDE","UNDE_060",,"NEON.PLA.D05.UNDE.09190","ok","sapling","Live",,,0.6,,,,,,,,1.3,10,,,,"UuiIeI4+6a4w2V3xx4xXIBtOUNDpdb+M","B3+A7PSCzYQNuvhFZNKc8WSB7xvTYEqkan9IJpMz8To=","legacyData"
"bf4ea7ac-c445-4243-8126-b8c8b699af87","UNDE_060.basePlot.vst","2017-11-01","vst_UNDE_2017","D05","UNDE","UNDE_060",,"NEON.PLA.D05.UNDE.03411","ok","single bole tree","Live",15.1,130,13.3,,,,,,,,,,,,,"UuiIeI4+6a4w2V3xx4xXIBtOUNDpdb+M","B3+A7PSCzYQNuvhFZNKc8WSB7xvTYEqkan9IJpMz8To=","legacyData"
"91958a10-a3dc-44fd-82ad-0b18a194284d","UNDE_060.basePlot.vst","2017-11-01","vst_UNDE_2017","D05","UNDE","UNDE_060",,"NEON.PLA.D05.UNDE.03715","ok","single bole tree","Live",15.1,130,11.3,,,,,,,,,,,,,"UuiIeI4+6a4w2V3xx4xXIBtOUNDpdb+M","B3+A7PSCzYQNuvhFZNKc8WSB7xvTYEqkan9IJpMz8To=","legacyData"
"217aba82-1c17-4400-aa50-5d68af35c46a","UNDE_060.basePlot.vst","2017-11-01","vst_UNDE_2017","D05","UNDE","UNDE_060",,"NEON.PLA.D05.UNDE.03683","ok","single shrub","Live",3.1,130,5.9,0.1,,,5.4,3.0,,"ellipsoid or sphere",3.4,10,,,,"UuiIeI4+6a4w2V3xx4xXIBtOUNDpdb+M","B3+A7PSCzYQNuvhFZNKc8WSB7xvTYEqkan9IJpMz8To=","legacyData"
"15ff842f-f736-4c41-ac76-7fce1068bbdc","UNDE_060.basePlot.vst","2017-11-01","vst_UNDE_2017","D05","UNDE","UNDE_060",,"NEON.PLA.D05.UNDE.03850","ok","single shrub","Live",1.0,130,5.3,0.1,,,5.7,,,"ellipsoid or sphere",1.6,10,,,,"UuiIeI4+6a4w2V3xx4xXIBtOUNDpdb+M","B3+A7PSCzYQNuvhFZNKc8WSB7xvTYEqkan9IJpMz8To=","legacyData"
"3e9ae2dd-4af7-4015-a405-c6a399beda9a","UNDE_060.basePlot.vst","2017-11-01","vst_UNDE_2017","D05","UNDE","UNDE_060",,"NEON.PLA.D05.UNDE.03850","ok","single shrub","Live",1.4,130,5.3,0.1,,,5.7,,,"ellipsoid or sphere",1.9,10,,,,"UuiIeI4+6a4w2V3xx4xXIBtOUNDpdb+M","B3+A7PSCzYQNuvhFZNKc8WSB7xvTYEqkan9IJpMz8To=","legacyData"
"0e466b15-d3d3-4f4d-8f0e-9680ac1c7333","UNDE_060.basePlot.vst","2017-11-01","vst_UNDE_2017","D05","UNDE","UNDE_060",,"NEON.PLA.D05.UNDE.02891","ok","single bole tree","Live",14.2,130,8.4,,,,,,,,,,,,,"UuiIeI4+6a4w2V3xx4xXIBtOUNDpdb+M","B3+A7PSCzYQNuvhFZNKc8WSB7xvTYEqkan9IJpMz8To=","legacyData"
"b9f8ae6a-3808-432f-be75-0cd297129138","UNDE_060.basePlot.vst","2017-11-01","vst_UNDE_2017","D05","UNDE","UNDE_060",,"NEON.PLA.D05.UNDE.03714","ok","single bole tree","Dead, broken bole",20.3,130,2.4,,,19.8,,,,,,,,,,"UuiIeI4+6a4w2V3xx4xXIBtOUNDpdb+M","B3+A7PSCzYQNuvhFZNKc8WSB7xvTYEqkan9IJpMz8To=","legacyData"
"84bc8810-efc2-4929-a1c7-0e13effeec97","UNDE_060.basePlot.vst","2017-11-01","vst_UNDE_2017","D05","UNDE","UNDE_060",,"NEON.PLA.D05.UNDE.03951","ok","single bole tree","Live",15.1,130,10.0,,,,,,,,,,,,,"UuiIeI4+6a4w2V3xx4xXIBtOUNDpdb+M","B3+A7PSCzYQNuvhFZNKc8WSB7xvTYEqkan9IJpMz8To=","legacyData"
"188487c9-9179-48d5-8f24-ccc7853617ad","UNDE_060.basePlot.vst","2017-11-01","vst_UNDE_2017","D05","UNDE","UNDE_060",,"NEON.PLA.D05.UNDE.03783","ok","sapling","Live",,,1.1,,,,,,,,1.8,10,,,,"UuiIeI4+6a4w2V3xx4xXIBtOUNDpdb+M","B3+A7PSCzYQNuvhFZNKc8WSB7xvTYEqkan9IJpMz8To=","legacyData"
"654ebbfb-d648-4490-8918-671382f81427","UNDE_060.basePlot.vst","2017-11-01","vst_UNDE_2017","D05","UNDE","UNDE_060",,"NEON.PLA.D05.UNDE.01720","ok","single bole tree","Live",16.4,130,12.2,,,,,,,,,,,,,"UuiIeI4+6a4w2V3xx4xXIBtOUNDpdb+M","B3+A7PSCzYQNuvhFZNKc8WSB7xvTYEqkan9IJpMz8To=","legacyData"
"b88728f1-bf28-43f4-8bdb-4650390589b9","UNDE_060.basePlot.vst","2017-11-01","vst_UNDE_2017","D05","UNDE","UNDE_060",,"NEON.PLA.D05.UNDE.03657","ok","single bole tree","Live",27.4,130,15.4,,,,,,,,,,,,,"UuiIeI4+6a4w2V3xx4xXIBtOUNDpdb+M","B3+A7PSCzYQNuvhFZNKc8WSB7xvTYEqkan9IJpMz8To=","legacyData"
"80a5f3a3-f77d-4b6b-90ad-5df09dec57f8","UNDE_060.basePlot.vst","2017-11-01","vst_UNDE_2017","D05","UNDE","UNDE_060",,"NEON.PLA.D05.UNDE.03637","ok","sapling","Live",,,0.4,,,,,,,,1.2,10,,,,"UuiIeI4+6a4w2V3xx4xXIBtOUNDpdb+M","B3+A7PSCzYQNuvhFZNKc8WSB7xvTYEqkan9IJpMz8To=","legacyData"
"a077071a-e8db-451d-bf7c-35c63906ca9f","UNDE_060.basePlot.vst","2017-11-01","vst_UNDE_2017","D05","UNDE","UNDE_060",,"NEON.PLA.D05.UNDE.00520","ok","single shrub","Live",1.7,130,3.5,,,,1.6,1.1,,"inverted cone",2.3,10,0.20,0.10,,"UuiIeI4+6a4w2V3xx4xXIBtOUNDpdb+M","B3+A7PSCzYQNuvhFZNKc8WSB7xvTYEqkan9IJpMz8To=","legacyData"
"1f18dfae-26da-4cb7-a6e2-ebf9d5e2da64","UNDE_060.basePlot.vst","2017-11-01","vst_UNDE_2017","D05","UNDE","UNDE_060",,"NEON.PLA.D05.UNDE.03850","ok","single shrub","Live",1.1,130,5.3,0.1,,,5.7,,,"ellipsoid or sphere",1.9,10,,,,"UuiIeI4+6a4w2V3xx4xXIBtOUNDpdb+M","B3+A7PSCzYQNuvhFZNKc8WSB7xvTYEqkan9IJpMz8To=","legacyData"
"75274573-ebbe-433f-8cb7-019ce76b67e3","UNDE_060.basePlot.vst","2017-11-01","vst_UNDE_2017","D05","UNDE","UNDE_060",,"NEON.PLA.D05.UNDE.03989","ok","single bole tree","Live",34.2,130,10.7,,,,,,,,,,,,,"UuiIeI4+6a4w2V3xx4xXIBtOUNDpdb+M","B3+A7PSCzYQNuvhFZNKc8WSB7xvTYEqkan9IJpMz8To=","legacyData"
"18ba77ee-275c-4ed2-8541-7ca13f48bdbf","UNDE_060.basePlot.vst","2017-11-01","vst_UNDE_2017","D05","UNDE","UNDE_060",,"NEON.PLA.D05.UNDE.03681","ok","single shrub","Live",1.2,130,2.6,0.7,,,0.8,0.8,,"ellipsoid or sphere",1.5,10,,,,"UuiIeI4+6a4w2V3xx4xXIBtOUNDpdb+M","B3+A7PSCzYQNuvhFZNKc8WSB7xvTYEqkan9IJpMz8To=","legacyData"
"6813e6e3-2a19-4726-aeeb-a270ca2b0875","UNDE_060.basePlot.vst","2017-11-01","vst_UNDE_2017","D05","UNDE","UNDE_060",,"NEON.PLA.D05.UNDE.03104","ok","single bole tree","Live",35.6,130,16.4,,,,,,,,,,,,,"UuiIeI4+6a4w2V3xx4xXIBtOUNDpdb+M","B3+A7PSCzYQNuvhFZNKc8WSB7xvTYEqkan9IJpMz8To=","legacyData"
"7c3de832-1450-4951-a8a2-8ffa98a890c4","UNDE_060.basePlot.vst","2017-11-01","vst_UNDE_2017","D05","UNDE","UNDE_060",,"NEON.PLA.D05.UNDE.03744","ok",,"Downed",,,,,,,,,,,,,,,,"UuiIeI4+6a4w2V3xx4xXIBtOUNDpdb+M","B3+A7PSCzYQNuvhFZNKc8WSB7xvTYEqkan9IJpMz8To=","legacyData"
"2e0289b4-4c17-4ccb-b052-932b0baaf29b","UNDE_060.basePlot.vst","2017-11-01","vst_UNDE_2017","D05","UNDE","UNDE_060",,"NEON.PLA.D05.UNDE.03633","ok","single bole tree","Live",19.4,130,13.5,,,,,,,,,,,,,"UuiIeI4+6a4w2V3xx4xXIBtOUNDpdb+M","B3+A7PSCzYQNuvhFZNKc8WSB7xvTYEqkan9IJpMz8To=","legacyData"
"b1d5bbef-12d8-4a38-aca2-73374aed34ac","UNDE_060.basePlot.vst","2017-11-01","vst_UNDE_2017","D05","UNDE","UNDE_060",,"NEON.PLA.D05.UNDE.03866","ok","multi-bole tree","Live",19.5,130,12.8,,,,,,,,,,,,,"UuiIeI4+6a4w2V3xx4xXIBtOUNDpdb+M","B3+A7PSCzYQNuvhFZNKc8WSB7xvTYEqkan9IJpMz8To=","legacyData"
"78b69925-1273-40bf-b00d-39ddd5f13754","UNDE_060.basePlot.vst","2017-11-01","vst_UNDE_2017","D05","UNDE","UNDE_060",,"NEON.PLA.D05.UNDE.03993","ok","single bole tree","Live",12.1,130,12.0,,,,,,,,,,,,,"UuiIeI4+6a4w2V3xx4xXIBtOUNDpdb+M","B3+A7PSCzYQNuvhFZNKc8WSB7xvTYEqkan9IJpMz8To=","legacyData"
"0d1b2ac3-21a8-487d-8fa8-ee878ec3ffb2","UNDE_060.basePlot.vst","2017-11-01","vst_UNDE_2017","D05","UNDE","UNDE_060",,"NEON.PLA.D05.UNDE.03739","ok","sapling","Live",,,0.6,,,,,,,,1.1,10,,,,"UuiIeI4+6a4w2V3xx4xXIBtOUNDpdb+M","B3+A7PSCzYQNuvhFZNKc8WSB7xvTYEqkan9IJpMz8To=","legacyData"
"9da6a0bd-c35b-45fb-9ae1-4679c28f1288","UNDE_060.basePlot.vst","2017-11-01","vst_UNDE_2017","D05","UNDE","UNDE_060",,"NEON.PLA.D05.UNDE.03900","ok","single bole tree","Live",17.6,130,12.0,,,,,,,,,,,,,"UuiIeI4+6a4w2V3xx4xXIBtOUNDpdb+M","B3+A7PSCzYQNuvhFZNKc8WSB7xvTYEqkan9IJpMz8To=","legacyData"
"d541fa62-474a-4395-bb7f-976176b3ec00","UNDE_060.basePlot.vst","2017-11-01","vst_UNDE_2017","D05","UNDE","UNDE_060",,"NEON.PLA.D05.UNDE.03636","ok","sapling","Live",,,0.5,,,,,,,,1.4,10,,,,"UuiIeI4+6a4w2V3xx4xXIBtOUNDpdb+M","B3+A7PSCzYQNuvhFZNKc8WSB7xvTYEqkan9IJpMz8To=","legacyData"
"0470bb83-4e64-47f2-b47e-6fd685608cb1","UNDE_060.basePlot.vst","2017-11-01","vst_UNDE_2017","D05","UNDE","UNDE_060",,"NEON.PLA.D05.UNDE.03800","ok","single bole tree","Live",3.1,130,6.9,,,,,,,,,,,,,"UuiIeI4+6a4w2V3xx4xXIBtOUNDpdb+M","B3+A7PSCzYQNuvhFZNKc8WSB7xvTYEqkan9IJpMz8To=","legacyData"
"353768df-e4ca-4e72-af87-f450aa1fda46","UNDE_060.basePlot.vst","2017-11-01","vst_UNDE_2017","D05","UNDE","UNDE_060",,"NEON.PLA.D05.UNDE.03850","ok","single shrub","Live",5.2,130,5.3,0.1,,,5.7,1.8,,"ellipsoid or sphere",6.7,10,,,,"UuiIeI4+6a4w2V3xx4xXIBtOUNDpdb+M","B3+A7PSCzYQNuvhFZNKc8WSB7xvTYEqkan9IJpMz8To=","legacyData"
"07ba3a60-6033-49cb-915c-b531b8f01a47","UNDE_060.basePlot.vst","2017-11-01","vst_UNDE_2017","D05","UNDE","UNDE_060",,"NEON.PLA.D05.UNDE.03160","ok","single bole tree","Live",11.2,160,8.0,,,,,,,,,,,,,"UuiIeI4+6a4w2V3xx4xXIBtOUNDpdb+M","B3+A7PSCzYQNuvhFZNKc8WSB7xvTYEqkan9IJpMz8To=","legacyData"
"69f57b57-3bae-4960-8166-b5ad16dd3f69","UNDE_060.basePlot.vst","2017-11-01","vst_UNDE_2017","D05","UNDE","UNDE_060",,"NEON.PLA.D05.UNDE.03639","ok","single shrub","Live",2.7,130,5.2,0.1,,,6.2,2.8,,"ellipsoid or sphere",3.3,10,,,,"UuiIeI4+6a4w2V3xx4xXIBtOUNDpdb+M","B3+A7PSCzYQNuvhFZNKc8WSB7xvTYEqkan9IJpMz8To=","legacyData"
"cf14721f-38e6-477b-bd63-a0555bb6001b","UNDE_060.basePlot.vst","2017-11-01","vst_UNDE_2017","D05","UNDE","UNDE_060",,"NEON.PLA.D05.UNDE.09188","ok","small shrub","Live",,,2.1,0.8,,,1.2,0.5,,"ellipsoid or sphere",1.5,10,,,,"UuiIeI4+6a4w2V3xx4xXIBtOUNDpdb+M","B3+A7PSCzYQNuvhFZNKc8WSB7xvTYEqkan9IJpMz8To=","legacyData"
"278d9868-b470-4d56-88e8-0a440e9a9a94","UNDE_060.basePlot.vst","2017-11-01","vst_UNDE_2017","D05","UNDE","UNDE_060",,"NEON.PLA.D05.UNDE.03670","ok","single bole tree","Live",24.7,130,10.7,,,,,,,,,,,,,"UuiIeI4+6a4w2V3xx4xXIBtOUNDpdb+M","B3+A7PSCzYQNuvhFZNKc8WSB7xvTYEqkan9IJpMz8To=","legacyData"
"7190a3a5-be3a-41f1-ad09-09f53eb3109d","UNDE_060.basePlot.vst","2017-11-01","vst_UNDE_2017","D05","UNDE","UNDE_060",,"NEON.PLA.D05.UNDE.03802","removed",,"No longer qualifies",,,,,,,,,,,,,,,,"UuiIeI4+6a4w2V3xx4xXIBtOUNDpdb+M","B3+A7PSCzYQNuvhFZNKc8WSB7xvTYEqkan9IJpMz8To=","legacyData"
"9b2e6e1e-9aad-4141-8833-92f152b57c22","UNDE_060.basePlot.vst","2017-11-01","vst_UNDE_2017","D05","UNDE","UNDE_060",,"NEON.PLA.D05.UNDE.03188","ok","single bole tree","Live",15.1,130,11.2,,,,,,,,,,,,,"UuiIeI4+6a4w2V3xx4xXIBtOUNDpdb+M","B3+A7PSCzYQNuvhFZNKc8WSB7xvTYEqkan9IJpMz8To=","legacyData"
"82d73227-2e18-4ab0-946e-a18c8beaeb57","UNDE_060.basePlot.vst","2017-11-01","vst_UNDE_2017","D05","UNDE","UNDE_060",,"NEON.PLA.D05.UNDE.03683","ok","single shrub","Live",2.1,130,5.9,0.1,,,5.4,3.0,,"ellipsoid or sphere",2.3,10,,,,"UuiIeI4+6a4w2V3xx4xXIBtOUNDpdb+M","B3+A7PSCzYQNuvhFZNKc8WSB7xvTYEqkan9IJpMz8To=","legacyData"
"30fcf49e-adcc-4e07-9bed-fd73aad03e2f","UNDE_060.basePlot.vst","2017-11-01","vst_UNDE_2017","D05","UNDE","UNDE_060",,"NEON.PLA.D05.UNDE.03868","ok","sapling","Live",,,0.6,,,,,,,,1.2,10,,,,"UuiIeI4+6a4w2V3xx4xXIBtOUNDpdb+M","B3+A7PSCzYQNuvhFZNKc8WSB7xvTYEqkan9IJpMz8To=","legacyData"
"a0e8a70d-ce6b-4708-a394-8a2c0d609280","UNDE_060.basePlot.vst","2017-11-01","vst_UNDE_2017","D05","UNDE","UNDE_060",,"NEON.PLA.D05.UNDE.00313","ok","single bole tree","Live",10.5,130,9.1,,,,,,,,,,,,,"UuiIeI4+6a4w2V3xx4xXIBtOUNDpdb+M","B3+A7PSCzYQNuvhFZNKc8WSB7xvTYEqkan9IJpMz8To=","legacyData"
"424057ec-d047-4c29-88d5-85bf72d1b6cc","UNDE_060.basePlot.vst","2017-11-01","vst_UNDE_2017","D05","UNDE","UNDE_060",,"NEON.PLA.D05.UNDE.03679","ok","sapling","Live",,,0.5,,,,,,,,1.3,10,,,,"UuiIeI4+6a4w2V3xx4xXIBtOUNDpdb+M","B3+A7PSCzYQNuvhFZNKc8WSB7xvTYEqkan9IJpMz8To=","legacyData"
"5c777e0c-6d93-483d-871a-9d9e32887908","UNDE_060.basePlot.vst","2017-11-01","vst_UNDE_2017","D05","UNDE","UNDE_060",,"NEON.PLA.D05.UNDE.03716","ok","single bole tree","Live",12.3,130,11.7,,,,,,,,,,,,,"UuiIeI4+6a4w2V3xx4xXIBtOUNDpdb+M","B3+A7PSCzYQNuvhFZNKc8WSB7xvTYEqkan9IJpMz8To=","legacyData"
"3fd8c8f2-9dd0-429b-b2b8-2f140c52c324","UNDE_060.basePlot.vst","2017-11-01","vst_UNDE_2017","D05","UNDE","UNDE_060",,"NEON.PLA.D05.UNDE.03632","ok","single bole tree","Live",12.1,130,9.8,,,,,,,,,,,,,"UuiIeI4+6a4w2V3xx4xXIBtOUNDpdb+M","B3+A7PSCzYQNuvhFZNKc8WSB7xvTYEqkan9IJpMz8To=","legacyData"
"9dec3e89-f51d-4763-aa60-661ef53d8fd8","UNDE_060.basePlot.vst","2017-11-01","vst_UNDE_2017","D05","UNDE","UNDE_060",,"NEON.PLA.D05.UNDE.03683","ok","single shrub","Live",1.4,130,5.9,0.1,,,5.4,3.0,,"ellipsoid or sphere",1.8,10,,,,"UuiIeI4+6a4w2V3xx4xXIBtOUNDpdb+M","B3+A7PSCzYQNuvhFZNKc8WSB7xvTYEqkan9IJpMz8To=","legacyData"
"25d6238e-b96d-40bb-8bce-d5f1a54395a5","UNDE_060.basePlot.vst","2017-11-01","vst_UNDE_2017","D05","UNDE","UNDE_060",,"NEON.PLA.D05.UNDE.03746","ok","sapling","Live",,,1.2,,,,,,,,2.1,,,,,"UuiIeI4+6a4w2V3xx4xXIBtOUNDpdb+M","B3+A7PSCzYQNuvhFZNKc8WSB7xvTYEqkan9IJpMz8To=","legacyData"
"16a71a42-dd98-43fd-9efd-ee74d5e1f558","UNDE_060.basePlot.vst","2017-11-01","vst_UNDE_2017","D05","UNDE","UNDE_060",,"NEON.PLA.D05.UNDE.03713","ok",,"Downed",,,,,,,,,,,,,,,,"UuiIeI4+6a4w2V3xx4xXIBtOUNDpdb+M","B3+A7PSCzYQNuvhFZNKc8WSB7xvTYEqkan9IJpMz8To=","legacyData"
"2e4cf655-2774-42f5-98bb-c4d458cd2504","UNDE_060.basePlot.vst","2017-11-01","vst_UNDE_2017","D05","UNDE","UNDE_060",,"NEON.PLA.D05.UNDE.03115","ok","single bole tree","Live",28.8,130,17.2,,,,,,,,,,,,,"UuiIeI4+6a4w2V3xx4xXIBtOUNDpdb+M","B3+A7PSCzYQNuvhFZNKc8WSB7xvTYEqkan9IJpMz8To=","legacyData"
"f42948db-1333-4681-a6e1-8160c912c06b","UNDE_060.basePlot.vst","2017-11-01","vst_UNDE_2017","D05","UNDE","UNDE_060",,"NEON.PLA.D05.UNDE.03429","ok","small tree","Live",4.2,130,4.6,,,,,,,,,,,,,"UuiIeI4+6a4w2V3xx4xXIBtOUNDpdb+M","B3+A7PSCzYQNuvhFZNKc8WSB7xvTYEqkan9IJpMz8To=","legacyData"
"b595064b-06bd-41ff-9ed7-4ce4f26637be","UNDE_060.basePlot.vst","2017-11-01","vst_UNDE_2017","D05","UNDE","UNDE_060",,"NEON.PLA.D05.UNDE.03890","ok","single bole tree","Live",23.0,130,15.0,,,,,,,,,,,,,"UuiIeI4+6a4w2V3xx4xXIBtOUNDpdb+M","B3+A7PSCzYQNuvhFZNKc8WSB7xvTYEqkan9IJpMz8To=","legacyData"
"c4eb0687-472f-4419-b595-bdae6c59daec","UNDE_060.basePlot.vst","2017-11-01","vst_UNDE_2017","D05","UNDE","UNDE_060",,"NEON.PLA.D05.UNDE.03782","ok","single bole tree","Live",12.0,130,8.7,,,,,,,,,,,,,"UuiIeI4+6a4w2V3xx4xXIBtOUNDpdb+M","B3+A7PSCzYQNuvhFZNKc8WSB7xvTYEqkan9IJpMz8To=","legacyData"
"aad7543d-8cbc-40a1-954d-f32035bfe819","UNDE_060.basePlot.vst","2017-11-01","vst_UNDE_2017","D05","UNDE","UNDE_060",,"NEON.PLA.D05.UNDE.09299","ok","sapling","Live",,,0.5,,,,,,,,1.1,10,,,,"UuiIeI4+6a4w2V3xx4xXIBtOUNDpdb+M","B3+A7PSCzYQNuvhFZNKc8WSB7xvTYEqkan9IJpMz8To=","legacyData"
"9fe1be57-7215-46ac-b31c-43f313a82a97","UNDE_060.basePlot.vst","2017-11-01","vst_UNDE_2017","D05","UNDE","UNDE_060",,"NEON.PLA.D05.UNDE.03785","ok","single bole tree","Live",13.3,130,9.5,,,,,,,,,,,,,"UuiIeI4+6a4w2V3xx4xXIBtOUNDpdb+M","B3+A7PSCzYQNuvhFZNKc8WSB7xvTYEqkan9IJpMz8To=","legacyData"
"99df4190-b7c6-43f6-92b5-064d4832be20","UNDE_060.basePlot.vst","2017-11-01","vst_UNDE_2017","D05","UNDE","UNDE_060",,"NEON.PLA.D05.UNDE.03038","ok","single bole tree","Dead, broken bole",36.6,130,6.8,,6.8,,,,,,,,,,,"UuiIeI4+6a4w2V3xx4xXIBtOUNDpdb+M","B3+A7PSCzYQNuvhFZNKc8WSB7xvTYEqkan9IJpMz8To=","legacyData"
"333924b2-a53e-4504-a967-ef487f60b993","UNDE_060.basePlot.vst","2017-11-01","vst_UNDE_2017","D05","UNDE","UNDE_060",,"NEON.PLA.D05.UNDE.03565","ok","small tree","Live",3.1,130,3.0,,,,,,,,,,,,,"UuiIeI4+6a4w2V3xx4xXIBtOUNDpdb+M","B3+A7PSCzYQNuvhFZNKc8WSB7xvTYEqkan9IJpMz8To=","legacyData"
"8502e94a-7dbf-459c-8623-459281a71264","UNDE_060.basePlot.vst","2017-11-01","vst_UNDE_2017","D05","UNDE","UNDE_060",,"NEON.PLA.D05.UNDE.03043","removed",,"No longer qualifies",,,,,,,,,,,,,,,,"UuiIeI4+6a4w2V3xx4xXIBtOUNDpdb+M","B3+A7PSCzYQNuvhFZNKc8WSB7xvTYEqkan9IJpMz8To=","legacyData"
"3cf80a18-da2d-4db3-aead-ba416b2d4578","UNDE_060.basePlot.vst","2017-11-01","vst_UNDE_2017","D05","UNDE","UNDE_060",,"NEON.PLA.D05.UNDE.03794","ok","single bole tree","Live",14.4,130,11.0,,,,,,,,,,,,,"UuiIeI4+6a4w2V3xx4xXIBtOUNDpdb+M","B3+A7PSCzYQNuvhFZNKc8WSB7xvTYEqkan9IJpMz8To=","legacyData"
"7eb8c6ec-984e-48e8-80e8-eac68535c90c","UNDE_060.basePlot.vst","2017-11-01","vst_UNDE_2017","D05","UNDE","UNDE_060",,"NEON.PLA.D05.UNDE.09300","ok","sapling","Live",,,0.5,,,,,,,,1.4,10,,,,"UuiIeI4+6a4w2V3xx4xXIBtOUNDpdb+M","B3+A7PSCzYQNuvhFZNKc8WSB7xvTYEqkan9IJpMz8To=","legacyData"
"0a8356fc-0182-4bb1-9344-25946c0c0f11","UNDE_060.basePlot.vst","2017-11-01","vst_UNDE_2017","D05","UNDE","UNDE_060",,"NEON.PLA.D05.UNDE.03754","ok","sapling","Live",,,1.0,,,,,,,,2.3,10,,,,"UuiIeI4+6a4w2V3xx4xXIBtOUNDpdb+M","B3+A7PSCzYQNuvhFZNKc8WSB7xvTYEqkan9IJpMz8To=","legacyData"
"88dab72e-5a40-41eb-86df-e17679cb7a77","UNDE_060.basePlot.vst","2017-11-01","vst_UNDE_2017","D05","UNDE","UNDE_060",,"NEON.PLA.D05.UNDE.03985","ok","sapling","Live",,,0.9,,,,,,,,1.7,10,,,,"UuiIeI4+6a4w2V3xx4xXIBtOUNDpdb+M","B3+A7PSCzYQNuvhFZNKc8WSB7xvTYEqkan9IJpMz8To=","legacyData"
"d85f7eb4-381c-4c49-8e6c-dbc3ed51fba5","UNDE_060.basePlot.vst","2017-11-01","vst_UNDE_2017","D05","UNDE","UNDE_060",,"NEON.PLA.D05.UNDE.03706","ok","single bole tree","Live",35.7,130,17.2,,,,,,,,,,,,,"UuiIeI4+6a4w2V3xx4xXIBtOUNDpdb+M","B3+A7PSCzYQNuvhFZNKc8WSB7xvTYEqkan9IJpMz8To=","legacyData"
"8a1c4467-5e3b-448c-adde-2d963ecf38a9","UNDE_060.basePlot.vst","2017-11-01","vst_UNDE_2017","D05","UNDE","UNDE_060",,"NEON.PLA.D05.UNDE.03561","ok","sapling","Live",,,0.5,,,,,,,,1.5,10,,,,"UuiIeI4+6a4w2V3xx4xXIBtOUNDpdb+M","B3+A7PSCzYQNuvhFZNKc8WSB7xvTYEqkan9IJpMz8To=","legacyData"
"2febbc63-433b-4867-b53e-33ba99dbd424","UNDE_060.basePlot.vst","2017-11-01","vst_UNDE_2017","D05","UNDE","UNDE_060",,"NEON.PLA.D05.UNDE.03121","ok","single bole tree","Live",13.3,130,11.6,,,,,,,,,,,,,"UuiIeI4+6a4w2V3xx4xXIBtOUNDpdb+M","B3+A7PSCzYQNuvhFZNKc8WSB7xvTYEqkan9IJpMz8To=","legacyData"
"36e7e060-3bef-4962-940b-abc0e3cf8082","UNDE_060.basePlot.vst","2017-11-01","vst_UNDE_2017","D05","UNDE","UNDE_060",,"NEON.PLA.D05.UNDE.04000","ok","single shrub","Live",1.2,130,2.3,1.2,,,1.2,0.5,,"ellipsoid or sphere",1.5,10,,,,"UuiIeI4+6a4w2V3xx4xXIBtOUNDpdb+M","B3+A7PSCzYQNuvhFZNKc8WSB7xvTYEqkan9IJpMz8To=","legacyData"
"5a810a81-2087-49c2-9235-40582767cf2b","UNDE_060.basePlot.vst","2017-11-01","vst_UNDE_2017","D05","UNDE","UNDE_060",,"NEON.PLA.D05.UNDE.03850","ok","single shrub","Live",16.0,130,5.3,0.1,,,5.7,,,"ellipsoid or sphere",2.1,10,,,,"UuiIeI4+6a4w2V3xx4xXIBtOUNDpdb+M","B3+A7PSCzYQNuvhFZNKc8WSB7xvTYEqkan9IJpMz8To=","legacyData"
"90643844-a578-420c-82ed-5bfc9532c62f","UNDE_060.basePlot.vst","2017-11-01","vst_UNDE_2017","D05","UNDE","UNDE_060",,"NEON.PLA.D05.UNDE.03683","ok","single shrub","Live",1.2,130,5.9,0.1,,,5.4,3.0,,"ellipsoid or sphere",2.2,10,,,,"UuiIeI4+6a4w2V3xx4xXIBtOUNDpdb+M","B3+A7PSCzYQNuvhFZNKc8WSB7xvTYEqkan9IJpMz8To=","legacyData"
"6c3155e4-fbf3-4c29-8b5f-4c7a254b9ca4","UNDE_060.basePlot.vst","2017-11-01","vst_UNDE_2017","D05","UNDE","UNDE_060",,"NEON.PLA.D05.UNDE.03664","ok","single bole tree","Live",14.1,130,11.9,,,,,,,,,,,,,"UuiIeI4+6a4w2V3xx4xXIBtOUNDpdb+M","B3+A7PSCzYQNuvhFZNKc8WSB7xvTYEqkan9IJpMz8To=","legacyData"
"e36d64e8-5dac-417b-b5ec-e225f94304f2","UNDE_060.basePlot.vst","2017-11-01","vst_UNDE_2017","D05","UNDE","UNDE_060",,"NEON.PLA.D05.UNDE.03650","ok","small shrub","Live",,,1.9,1.0,,,0.6,0.3,,"ellipsoid or sphere",1.1,10,,,,"UuiIeI4+6a4w2V3xx4xXIBtOUNDpdb+M","B3+A7PSCzYQNuvhFZNKc8WSB7xvTYEqkan9IJpMz8To=","legacyData"
"654bb170-8007-4373-9a55-dbfd82de5ddd","UNDE_060.basePlot.vst","2017-11-01","vst_UNDE_2017","D05","UNDE","UNDE_060",,"NEON.PLA.D05.UNDE.03773","ok","single bole tree","Live",32.2,130,15.3,,,,,,,,,,,,,"UuiIeI4+6a4w2V3xx4xXIBtOUNDpdb+M","B3+A7PSCzYQNuvhFZNKc8WSB7xvTYEqkan9IJpMz8To=","legacyData"
"34dbed03-b9fe-40d6-bf38-a5a06f2fc6fe","UNDE_060.basePlot.vst","2017-11-01","vst_UNDE_2017","D05","UNDE","UNDE_060",,"NEON.PLA.D05.UNDE.03757","ok","single bole tree","Live",35.7,130,18.3,,,,,,,,,,,,,"UuiIeI4+6a4w2V3xx4xXIBtOUNDpdb+M","B3+A7PSCzYQNuvhFZNKc8WSB7xvTYEqkan9IJpMz8To=","legacyData"
"9f3bd1e5-3c82-4269-8768-d4d5b570054a","UNDE_060.basePlot.vst","2017-11-01","vst_UNDE_2017","D05","UNDE","UNDE_060",,"NEON.PLA.D05.UNDE.03866A","ok","multi-bole tree","Live",12.6,130,,,,,,,,,,,,,,"UuiIeI4+6a4w2V3xx4xXIBtOUNDpdb+M","B3+A7PSCzYQNuvhFZNKc8WSB7xvTYEqkan9IJpMz8To=","legacyData"
"6f1669b5-3dea-4fb0-8504-e6ce17bd9d81","UNDE_060.basePlot.vst","2017-11-01","vst_UNDE_2017","D05","UNDE","UNDE_060",,"NEON.PLA.D05.UNDE.03652","ok","single bole tree","Live",22.9,130,11.4,,,,,,,,,,,,,"UuiIeI4+6a4w2V3xx4xXIBtOUNDpdb+M","B3+A7PSCzYQNuvhFZNKc8WSB7xvTYEqkan9IJpMz8To=","legacyData"
