uid,namedLocation,domainID,siteID,plotID,plotType,nlcdClass,decimalLatitude,decimalLongitude,geodeticDatum,coordinateUncertainty,elevation,elevationUncertainty,collectDate,eventID,sampleID,sampleCode,samplingMethod,totalSampledArea,targetTaxaPresent,adultCount,nymphCount,larvaCount,sampleCondition,samplingProtocolVersion,measuredBy,remarks
"52741fb1-a92b-4d01-b03c-446631d3485d","MOAB_003.tickPlot.tck","D13","MOAB","MOAB_003","distributed","evergreenForest",38.261626,-109.347802,"WGS84",20.2,2013.4,0.5,"2018-06-14T13:41Z","MOAB.2018.24",,,"drag and flag",163,"N",0,0,0,,"NEON.DOC.014045vJ","wZHtOqaqtZlqgJsyhA9Al7PULfNbpd9QkQwIml/uQxQ=",
"d2d18f96-5c07-41b9-8aaf-9dfbb8419eca","MOAB_002.tickPlot.tck","D13","MOAB","MOAB_002","distributed","shrubScrub",38.211659,-109.413380,"WGS84",20.1,1770.3,0.1,"2018-06-14T16:01Z","MOAB.2018.24",,,"drag and flag",160,"N",0,0,0,,"NEON.DOC.014045vJ","MO01YutZZxkP+xObSuuMirjbB114kc+9DCzukz8AcNM=",
"f70402ff-0a21-4a60-93ac-f8ca97bf415b","MOAB_005.tickPlot.tck","D13","MOAB","MOAB_005","distributed","shrubScrub",38.210851,-109.402026,"WGS84",20.1,1763.5,0.1,"2018-06-14T16:46Z","MOAB.2018.24",,,"drag and flag",160,"N",0,0,0,,"NEON.DOC.014045vJ","MO01YutZZxkP+xObSuuMirjbB114kc+9DCzukz8AcNM=",
"742e8395-4738-4f51-808d-608ef38bce99","MOAB_006.tickPlot.tck","D13","MOAB","MOAB_006","distributed","shrubScrub",38.235080,-109.406067,"WGS84",20.1,1759.8,0.1,"2018-06-14T18:08Z","MOAB.2018.24",,,"drag and flag",160,"N",0,0,0,,"NEON.DOC.014045vJ","MO01YutZZxkP+xObSuuMirjbB114kc+9DCzukz8AcNM=",
"ed6ed5dd-9c50-4802-a4ae-b894b3758fbf","MOAB_004.tickPlot.tck","D13","MOAB","MOAB_004","distributed","shrubScrub",38.234505,-109.398111,"WGS84",20.1,1763.9,0.1,"2018-06-14T18:41Z","MOAB.2018.24",,,"drag and flag",160,"N",0,0,0,,"NEON.DOC.014045vJ","wZHtOqaqtZlqgJsyhA9Al7PULfNbpd9QkQwIml/uQxQ=",
"80b4592b-8fc4-47b1-9dfa-c05ce7beb995","MOAB_001.tickPlot.tck","D13","MOAB","MOAB_001","distributed","shrubScrub",38.258888,-109.413897,"WGS84",20.1,1804.0,0.1,"2018-06-14T19:42Z","MOAB.2018.24",,,"drag and flag",160,"N",0,0,0,,"NEON.DOC.014045vJ","wZHtOqaqtZlqgJsyhA9Al7PULfNbpd9QkQwIml/uQxQ=",
