uid,namedLocation,domainID,siteID,plotID,plotType,nlcdClass,decimalLatitude,decimalLongitude,geodeticDatum,coordinateUncertainty,elevation,elevationUncertainty,collectDate,eventID,sampleID,sampleCode,samplingMethod,totalSampledArea,targetTaxaPresent,adultCount,nymphCount,larvaCount,sampleCondition,samplingProtocolVersion,measuredBy,remarks
"3c0f68bd-1c20-48d5-b305-a3e5050c14f1","CLBJ_034.tickPlot.tck","D11","CLBJ","CLBJ_034","distributed","grasslandHerbaceous",33.320090,-97.578537,"WGS84",20.0,325.2,0.0,"2017-08-08T14:09Z","CLBJ.2017.33",,,"drag and flag",145,"N",0,0,0,,"NEON.DOC.014045vH","/VkA3yjugMF8nnUbC6d+dh/hTYhVmzgYtPB78jE5mRs=",
"c7440e5c-6bd7-45b2-b508-1810fcde7b8e","CLBJ_036.tickPlot.tck","D11","CLBJ","CLBJ_036","distributed","grasslandHerbaceous",33.396494,-97.580919,"WGS84",20.1,289.5,0.1,"2017-08-08T15:01Z","CLBJ.2017.33",,,"drag",158,"N",0,0,0,,"NEON.DOC.014045vH","/VkA3yjugMF8nnUbC6d+dh/hTYhVmzgYtPB78jE5mRs=","Deviated due to cactus"
"d126b78d-27a8-44a7-a622-ca7840934133","CLBJ_032.tickPlot.tck","D11","CLBJ","CLBJ_032","distributed","grasslandHerbaceous",33.405176,-97.595129,"WGS84",20.1,294.7,0.1,"2017-08-08T16:07Z","CLBJ.2017.33","CLBJ_032.20170808",,"drag and flag",160,"Y",1,0,0,"No known compromise","NEON.DOC.014045vH","/VkA3yjugMF8nnUbC6d+dh/hTYhVmzgYtPB78jE5mRs=",
"55422779-796d-42b2-8164-bd4f58d5a29d","CLBJ_043.tickPlot.tck","D11","CLBJ","CLBJ_043","distributed","deciduousForest",33.410406,-97.593713,"WGS84",20.1,285.9,0.1,"2017-08-08T16:41Z","CLBJ.2017.33",,,"drag and flag",132,"N",0,0,0,,"NEON.DOC.014045vH","/VkA3yjugMF8nnUbC6d+dh/hTYhVmzgYtPB78jE5mRs=","Deviated due to ants and trees"
"3252027e-a76d-4ec1-8181-aab9b8642b5c","CLBJ_033.tickPlot.tck","D11","CLBJ","CLBJ_033","distributed","deciduousForest",33.382288,-97.619783,"WGS84",20.1,305.5,0.1,"2017-08-08T18:08Z","CLBJ.2017.33","CLBJ_033.20170808",,"drag and flag",117,"Y",2,0,0,"No known compromise","NEON.DOC.014045vH","/VkA3yjugMF8nnUbC6d+dh/hTYhVmzgYtPB78jE5mRs=","Deviated due to heavy brush"
"c221f39e-0531-465f-89ec-ad087f436000","CLBJ_040.tickPlot.tck","D11","CLBJ","CLBJ_040","distributed","deciduousForest",33.377571,-97.647238,"WGS84",20.1,328.9,0.1,"2017-08-08T18:54Z","CLBJ.2017.33",,,"drag and flag",102,"N",0,0,0,,"NEON.DOC.014045vH","/VkA3yjugMF8nnUbC6d+dh/hTYhVmzgYtPB78jE5mRs=","NE pole snapped."
"c4e370c4-618a-498e-a24a-1607a88d469e","CLBJ_034.tickPlot.tck","D11","CLBJ","CLBJ_034","distributed","grasslandHerbaceous",33.320090,-97.578537,"WGS84",20.0,325.2,0.0,"2017-08-29T13:55Z","CLBJ.2017.36",,,"drag and flag",145,"N",0,0,0,,"NEON.DOC.014045vH","xhxClE0Uw54CDWsqFpdx3lNrWo2tZWyYWI54GxGPi00=",
"18d95f85-f323-4c79-8481-dbad1f0cd14b","CLBJ_036.tickPlot.tck","D11","CLBJ","CLBJ_036","distributed","grasslandHerbaceous",33.396494,-97.580919,"WGS84",20.1,289.5,0.1,"2017-08-29T14:50Z","CLBJ.2017.36",,,"drag",160,"N",0,0,0,"No known compromise","NEON.DOC.014045vH","xhxClE0Uw54CDWsqFpdx3lNrWo2tZWyYWI54GxGPi00=",
"215dd17a-08b9-411b-8722-580273b22613","CLBJ_032.tickPlot.tck","D11","CLBJ","CLBJ_032","distributed","grasslandHerbaceous",33.405176,-97.595129,"WGS84",20.1,294.7,0.1,"2017-08-29T15:30Z","CLBJ.2017.36",,,"drag",145,"N",0,0,0,,"NEON.DOC.014045vH","xhxClE0Uw54CDWsqFpdx3lNrWo2tZWyYWI54GxGPi00=",
"812b5a68-7c95-4a3d-8f41-4b9fd5edee34","CLBJ_043.tickPlot.tck","D11","CLBJ","CLBJ_043","distributed","deciduousForest",33.410406,-97.593713,"WGS84",20.1,285.9,0.1,"2017-08-29T16:03Z","CLBJ.2017.36",,,"drag",160,"N",0,0,0,"No known compromise","NEON.DOC.014045vH","xhxClE0Uw54CDWsqFpdx3lNrWo2tZWyYWI54GxGPi00=",
"1e6a5262-feea-40bb-b018-29e24a58e4cc","CLBJ_033.tickPlot.tck","D11","CLBJ","CLBJ_033","distributed","deciduousForest",33.382288,-97.619783,"WGS84",20.1,305.5,0.1,"2017-08-29T16:50Z","CLBJ.2017.36",,,"drag and flag",135,"N",0,0,0,"No known compromise","NEON.DOC.014045vH","xhxClE0Uw54CDWsqFpdx3lNrWo2tZWyYWI54GxGPi00=",
"dbb57cac-f051-45da-a2be-1fbdb2ddea30","CLBJ_040.tickPlot.tck","D11","CLBJ","CLBJ_040","distributed","deciduousForest",33.377571,-97.647238,"WGS84",20.1,328.9,0.1,"2017-08-29T17:40Z","CLBJ.2017.36",,,"drag and flag",125,"N",0,0,0,"No known compromise","NEON.DOC.014045vH","xhxClE0Uw54CDWsqFpdx3lNrWo2tZWyYWI54GxGPi00=",
