uid,namedLocation,plotID,collectDate,identifiedDate,sampleID,subsampleID,scientificName,acceptedTaxonID,taxonRank,family,subfamily,tribe,subtribe,genus,subgenus,specificEpithet,infraspecificEpithet,identificationQualifier,identificationReferences,identificationProtocolVersion,scientificNameAuthorship,sexOrAge,individualCount,sampleCondition,archiveMedium,archiveFacilityID,deprecatedVialID,identifiedBy,laboratoryName,remarks
"2a20f794-9550-4656-83b4-1a0a017d4d54","LENO_004.tickPlot.tck","LENO_004","2017-07-10T14:08Z","2017-12-18T17:00Z","LENO_004.20170710","LENO_004.20170710.DERVAR.M","Dermacentor variabilis","DERVAR","species","Ixodidae",,,,"Dermacentor",,"variabilis",,,"Yunker, C. E., Keirans, J. E., Clifford, C. M., and E. R. Easton. 1986. Dermacentor ticks (Acari: Ixodoidea: Ixodidae) of the New World: a scanning electron microscope atlas. Proceedings of the Entomological Society of Washington, 88(4):609-627.","GSU_tickIdentification_SOP_2016-11-01.pdf","Say","Male",1,"OK","90% ethanol","USNMENT01358590","LENO_004.20170710.DERVAR.M","Lorenza Beati","Georgia Southern University",
"79e8542d-7fa9-45f2-b023-02479b0f1f21","LENO_015.tickPlot.tck","LENO_015","2017-07-10T15:26Z","2017-12-18T17:00Z","LENO_015.20170710","LENO_015.20170710.IXOSCA.N","Ixodes scapularis","IXOSCA","species","Ixodidae",,,,"Ixodes",,"scapularis",,,"Cooley, R. A. and G. M. Kohls. 1945. The genus Ixodes in North America. National Institute of Health Bulletin, 184.","GSU_tickIdentification_SOP_2016-11-01.pdf","Say","Nymph",1,"OK","90% ethanol","USNMENT01358581","LENO_015.20170710.IXOSCA.N","Lorenza Beati","Georgia Southern University",
"13671aaf-8995-4262-a85f-7e433ba0b842","LENO_015.tickPlot.tck","LENO_015","2017-07-10T15:26Z","2017-12-18T17:00Z","LENO_015.20170710","LENO_015.20170710.AMBAME.N","Amblyomma americanum","AMBAME","species","Ixodidae",,,,"Amblyomma",,"americanum",,,"Cooley, R. A. and G. M. Kohls. 1944. The genus Amblyomma (ixodidae) in the United States. The Journal of Parasitology, 30(2):77-111.","GSU_tickIdentification_SOP_2016-11-01.pdf","Linnaeus","Nymph",1,"OK","90% ethanol","USNMENT01358582","LENO_015.20170710.AMBAME.N","Lorenza Beati","Georgia Southern University",
"410a740c-1ca3-41f7-acd3-63f50f5225f7","LENO_015.tickPlot.tck","LENO_015","2017-07-10T15:26Z","2017-09-18T16:00Z","LENO_015.20170710","LENO_015.20170710.IXOSP.L","Ixodidae sp.","IXOSP","family","Ixodidae",,,,,,"sp.",,,,"GSU_tickIdentification_SOP_2016-11-01.pdf",,"Larva",1,"OK","90% ethanol","USNMENT01358583","LENO_015.20170710.L","Arianna Gibbs","Georgia Southern University",
"1475ae4d-097a-4b61-abcb-efeea2295f70","LENO_023.tickPlot.tck","LENO_023","2017-07-10T16:23Z","2017-09-18T16:00Z","LENO_023.20170710","LENO_023.20170710.IXOSP.L","Ixodidae sp.","IXOSP","family","Ixodidae",,,,,,"sp.",,,,"GSU_tickIdentification_SOP_2016-11-01.pdf",,"Larva",1,"OK","90% ethanol","USNMENT01358584","LENO_023.20170710.L","Arianna Gibbs","Georgia Southern University",
"d92ff335-e1c2-4f92-91af-4d744a5f2489","LENO_003.tickPlot.tck","LENO_003","2017-07-10T17:04Z","2017-12-18T17:00Z","LENO_003.20170710","LENO_003.20170710.AMBAME.N","Amblyomma americanum","AMBAME","species","Ixodidae",,,,"Amblyomma",,"americanum",,,"Cooley, R. A. and G. M. Kohls. 1944. The genus Amblyomma (ixodidae) in the United States. The Journal of Parasitology, 30(2):77-111.","GSU_tickIdentification_SOP_2016-11-01.pdf","Linnaeus","Nymph",2,"OK","90% ethanol","USNMENT01358585","LENO_003.20170710.AMBAME.N","Lorenza Beati","Georgia Southern University",
"1e53f3e8-27a2-4159-91ca-63e5b4e85d24","LENO_002.tickPlot.tck","LENO_002","2017-07-10T18:04Z","2017-09-08T16:00Z","LENO_002.20170710","LENO_002.20170710.IXOSP.L","Ixodidae sp.","IXOSP","family","Ixodidae",,,,,,"sp.",,,,"GSU_tickIdentification_SOP_2016-11-01.pdf",,"Larva",1,"OK","90% ethanol","USNMENT01358589","LENO_002.20170710.L","Arianna Gibbs","Georgia Southern University",
"3b6f5b23-03c7-4f9e-b145-2dd26563ef0e","LENO_002.tickPlot.tck","LENO_002","2017-07-10T18:04Z","2017-12-18T17:00Z","LENO_002.20170710","LENO_002.20170710.AMBAME.N","Amblyomma americanum","AMBAME","species","Ixodidae",,,,"Amblyomma",,"americanum",,,"Cooley, R. A. and G. M. Kohls. 1944. The genus Amblyomma (ixodidae) in the United States. The Journal of Parasitology, 30(2):77-111.","GSU_tickIdentification_SOP_2016-11-01.pdf","Linnaeus","Nymph",2,"OK","90% ethanol","USNMENT01358588","LENO_002.20170710.AMBAME.N","Lorenza Beati","Georgia Southern University",
