uid,namedLocation,domainID,siteID,plotID,plotType,nlcdClass,decimalLatitude,decimalLongitude,geodeticDatum,coordinateUncertainty,elevation,elevationUncertainty,collectDate,eventID,sampleID,sampleCode,samplingMethod,totalSampledArea,targetTaxaPresent,adultCount,nymphCount,larvaCount,sampleCondition,samplingProtocolVersion,measuredBy,remarks
"e64c8cb3-3249-4011-a472-6da4bd956e04","LENO_004.tickPlot.tck","D08","LENO","LENO_004","distributed","woodyWetlands",31.822376,-88.181956,"WGS84",20.2,12.5,0.2,"2017-07-10T14:08Z","LENO.2017.29","LENO_004.20170710",,"drag",142,"Y",1,0,0,"No known compromise","NEON.DOC.014045vH","Ty5ktdGiRSqkqUWm9Npw4JAlXmlUMfF/XyCnO5fUs8Q=",
"5394cc17-734a-4013-adec-d8070c9967e8","LENO_015.tickPlot.tck","D08","LENO","LENO_015","distributed","woodyWetlands",31.817299,-88.191485,"WGS84",20.5,14.2,0.8,"2017-07-10T15:26Z","LENO.2017.29","LENO_015.20170710",,"drag",160,"Y",0,2,9,"No known compromise","NEON.DOC.014045vH","Ty5ktdGiRSqkqUWm9Npw4JAlXmlUMfF/XyCnO5fUs8Q=",
"ef2e1616-b087-4f63-b476-a5945a367a11","LENO_023.tickPlot.tck","D08","LENO","LENO_023","distributed","deciduousForest",31.809463,-88.181417,"WGS84",20.2,11.6,0.2,"2017-07-10T16:23Z","LENO.2017.29","LENO_023.20170710",,"drag",105,"Y",0,0,3,"No known compromise","NEON.DOC.014045vH","Ty5ktdGiRSqkqUWm9Npw4JAlXmlUMfF/XyCnO5fUs8Q=",
"7da220a6-4df5-4883-ae57-6895d8546f83","LENO_003.tickPlot.tck","D08","LENO","LENO_003","distributed","deciduousForest",31.809581,-88.187553,"WGS84",20.2,15.4,0.4,"2017-07-10T17:04Z","LENO.2017.29","LENO_003.20170710",,"drag",150,"Y",0,51,2,"No known compromise","NEON.DOC.014045vH","Ty5ktdGiRSqkqUWm9Npw4JAlXmlUMfF/XyCnO5fUs8Q=",
"631c0fc6-f88f-4644-8545-e8a0d96ee9dc","LENO_002.tickPlot.tck","D08","LENO","LENO_002","distributed","woodyWetlands",31.806282,-88.195216,"WGS84",20.2,16.8,0.2,"2017-07-10T18:04Z","LENO.2017.29","LENO_002.20170710",,"drag and flag",160,"Y",0,2,163,"No known compromise","NEON.DOC.014045vH","Ty5ktdGiRSqkqUWm9Npw4JAlXmlUMfF/XyCnO5fUs8Q=",
