uid,namedLocation,domainID,siteID,plotID,plotType,nlcdClass,decimalLatitude,decimalLongitude,geodeticDatum,coordinateUncertainty,elevation,elevationUncertainty,collectDate,eventID,sampleID,sampleCode,samplingMethod,totalSampledArea,targetTaxaPresent,adultCount,nymphCount,larvaCount,sampleCondition,samplingProtocolVersion,measuredBy,remarks
"20d2adf8-340a-4700-a4eb-22b0d7d18cfd","JORN_005.tickPlot.tck","D14","JORN","JORN_005","distributed","shrubScrub",32.575619,-106.801784,"WGS84",20.1,1324.8,0.2,"2016-08-18T07:41Z","JORN.2016.33",,,"drag and flag",166,"N",0,0,0,"No known compromise","NEON.DOC.014045vG","LaEMI0VE2Jq2QdGQjNnhw2k8C7fNX28F",
"72d72d49-ddae-4560-8bff-2822d11ae6d3","JORN_004.tickPlot.tck","D14","JORN","JORN_004","distributed","shrubScrub",32.629997,-106.859194,"WGS84",20.1,1332.6,0.1,"2016-08-18T14:46Z","JORN.2016.33",,,"drag and flag",164,"N",0,0,0,"No known compromise","NEON.DOC.014045vG","iPd2weNKgFZuwHFng3gG1T/JqxbmDQNs",
"f55a3291-73bd-4188-b990-eef1b76b22ad","JORN_002.tickPlot.tck","D14","JORN","JORN_002","distributed","shrubScrub",32.612341,-106.827225,"WGS84",20.1,1328.9,0.1,"2016-08-18T16:06Z","JORN.2016.33",,,"drag and flag",168,"N",0,0,0,"No known compromise","NEON.DOC.014045vG","LaEMI0VE2Jq2QdGQjNnhw2k8C7fNX28F",
"05758d36-0e3e-4419-9d24-2c20f0caaf17","JORN_001.tickPlot.tck","D14","JORN","JORN_001","distributed","shrubScrub",32.603710,-106.801348,"WGS84",20.1,1323.4,0.1,"2016-08-18T17:13Z","JORN.2016.33",,,"drag and flag",165,"N",0,0,0,"No known compromise","NEON.DOC.014045vG","iPd2weNKgFZuwHFng3gG1T/JqxbmDQNs",
"a29aef0a-6bd0-464a-aeab-e680132c02a9","JORN_003.tickPlot.tck","D14","JORN","JORN_003","distributed","shrubScrub",32.599768,-106.839372,"WGS84",20.1,1321.1,0.1,"2016-08-18T18:40Z","JORN.2016.33",,,"drag and flag",166,"N",0,0,0,"No known compromise","NEON.DOC.014045vG","LaEMI0VE2Jq2QdGQjNnhw2k8C7fNX28F",
"b733cef0-0410-4284-bd66-fd7cc5bf3877","JORN_006.tickPlot.tck","D14","JORN","JORN_006","distributed","shrubScrub",32.591754,-106.825128,"WGS84",20.1,1323.4,0.1,"2016-08-24T16:30Z","JORN.2016.34",,,"drag and flag",165,"N",0,0,0,"No known compromise","NEON.DOC.014045vG","a0DIygQs4rguY6Ey57+V6npgK+c4E00t",
