uid,namedLocation,domainID,siteID,plotID,plotType,nlcdClass,decimalLatitude,decimalLongitude,geodeticDatum,coordinateUncertainty,elevation,elevationUncertainty,collectDate,eventID,sampleID,sampleCode,samplingMethod,totalSampledArea,targetTaxaPresent,adultCount,nymphCount,larvaCount,sampleCondition,samplingProtocolVersion,measuredBy,remarks
"a7d19656-3b85-4e3c-97ed-292fcab08943","GRSM_015.tickPlot.tck","D07","GRSM","GRSM_015","distributed","deciduousForest",35.729089,-83.408061,"WGS84",20.2,448.3,0.2,"2017-09-07T14:49Z","GRSM.2017.37",,,"drag and flag",162,"N",0,0,0,,"NEON.DOC.014045vH","B89Z/IeBZxWLIW3Z9xXJ10X7Hm8jgTUapi15Hp4Dy9Q=",
"850a71de-03ff-494d-9407-7ba3a6d3af83","GRSM_009.tickPlot.tck","D07","GRSM","GRSM_009","distributed","deciduousForest",35.671874,-83.491180,"WGS84",20.2,820.9,0.2,"2017-09-07T16:10Z","GRSM.2017.37",,,"drag and flag",160,"N",0,0,0,,"NEON.DOC.014045vH","B89Z/IeBZxWLIW3Z9xXJ10X7Hm8jgTUapi15Hp4Dy9Q=",
"8d2c1d6b-4c9c-4912-85a6-1e564f0473b7","GRSM_003.tickPlot.tck","D07","GRSM","GRSM_003","distributed","deciduousForest",35.676584,-83.476209,"WGS84",20.2,880.6,0.2,"2017-09-07T17:12Z","GRSM.2017.37",,,"drag and flag",167,"N",0,0,0,,"NEON.DOC.014045vH","B89Z/IeBZxWLIW3Z9xXJ10X7Hm8jgTUapi15Hp4Dy9Q=",
"3e608c06-4d5b-4281-a309-7e4730e8cd58","GRSM_010.tickPlot.tck","D07","GRSM","GRSM_010","distributed","deciduousForest",35.669242,-83.524579,"WGS84",20.2,510.4,0.3,"2017-09-08T14:26Z","GRSM.2017.37",,,"drag and flag",160,"N",0,0,0,,"NEON.DOC.014045vH","8y2nCljUmhTZCDMmuiKC/MkPK73nDL+eImQBYOvqCbk=",
"6c827e5f-53ee-4f4f-b08c-560072aa7947","GRSM_004.tickPlot.tck","D07","GRSM","GRSM_004","distributed","deciduousForest",35.688959,-83.535562,"WGS84",20.3,441.9,0.5,"2017-09-08T15:35Z","GRSM.2017.37",,,"drag and flag",159,"N",0,0,0,,"NEON.DOC.014045vH","W+a35C/f5OeEFcA0E/vzcw1iit76HEIMhVdqeL6jdEY=",
"a8b1be47-6b3a-4c7d-b424-7c7e4e202048","GRSM_006.tickPlot.tck","D07","GRSM","GRSM_006","distributed","deciduousForest",35.679072,-83.643678,"WGS84",20.2,533.6,0.2,"2017-09-08T16:55Z","GRSM.2017.37",,,"drag and flag",160,"N",0,0,0,,"NEON.DOC.014045vH","8y2nCljUmhTZCDMmuiKC/MkPK73nDL+eImQBYOvqCbk=",
"5370a652-58a0-40a7-8a5f-a4291ec82cea","GRSM_006.tickPlot.tck","D07","GRSM","GRSM_006","distributed","deciduousForest",35.679072,-83.643678,"WGS84",20.2,533.6,0.2,"2017-09-25T14:24Z","GRSM.2017.40",,,"drag",162,"N",0,0,0,,"NEON.DOC.014045vH","B89Z/IeBZxWLIW3Z9xXJ10X7Hm8jgTUapi15Hp4Dy9Q=",
"5cd9f169-26ae-47bf-827e-1d03e850b917","GRSM_009.tickPlot.tck","D07","GRSM","GRSM_009","distributed","deciduousForest",35.671874,-83.491180,"WGS84",20.2,820.9,0.2,"2017-09-25T15:04Z","GRSM.2017.40",,,"drag and flag",164,"N",0,0,0,,"NEON.DOC.014045vH","2EQFOoUV8jVjNE1BpwGY8Orlr2HW2VdBHIxr/sxWvp0=",
"b505cd84-608a-4b9d-b734-4492f3f87ee8","GRSM_003.tickPlot.tck","D07","GRSM","GRSM_003","distributed","deciduousForest",35.676584,-83.476209,"WGS84",20.2,880.6,0.2,"2017-09-25T16:00Z","GRSM.2017.40",,,"drag and flag",162,"N",0,0,0,,"NEON.DOC.014045vH","2EQFOoUV8jVjNE1BpwGY8Orlr2HW2VdBHIxr/sxWvp0=",
"b2276e13-d996-4b05-85db-9a21a25b15c1","GRSM_004.tickPlot.tck","D07","GRSM","GRSM_004","distributed","deciduousForest",35.688959,-83.535562,"WGS84",20.3,441.9,0.5,"2017-09-25T16:30Z","GRSM.2017.40",,,"drag and flag",165,"N",0,0,0,,"NEON.DOC.014045vH","bj8+IJTPpK9B+X2rN/KZV03LBpX6wb7cr0Ettjp1m08=",
"de0721d3-2943-40ce-8912-5bc0b43462f0","GRSM_010.tickPlot.tck","D07","GRSM","GRSM_010","distributed","deciduousForest",35.669242,-83.524579,"WGS84",20.2,510.4,0.3,"2017-09-25T17:05Z","GRSM.2017.40",,,"drag and flag",162,"N",0,0,0,"No known compromise","NEON.DOC.014045vH","B89Z/IeBZxWLIW3Z9xXJ10X7Hm8jgTUapi15Hp4Dy9Q=",
"7f9f1421-d9de-46e1-9068-5aaac3110f37","GRSM_015.tickPlot.tck","D07","GRSM","GRSM_015","distributed","deciduousForest",35.729089,-83.408061,"WGS84",20.2,448.3,0.2,"2017-09-25T17:32Z","GRSM.2017.40",,,"drag and flag",160,"N",0,0,0,,"NEON.DOC.014045vH","2EQFOoUV8jVjNE1BpwGY8Orlr2HW2VdBHIxr/sxWvp0=",
