uid,namedLocation,date,domainID,siteID,plotID,plotType,nlcdClass,decimalLatitude,decimalLongitude,geodeticDatum,coordinateUncertainty,easting,northing,utmZone,elevation,elevationUncertainty,eventID,samplingProtocolVersion,treesPresent,treesAbsentList,shrubsPresent,shrubsAbsentList,lianasPresent,lianasAbsentList,nestedSubplotAreaShrubSapling,nestedSubplotAreaLiana,totalSampledAreaTrees,totalSampledAreaShrubSapling,totalSampledAreaLiana,remarks,measuredBy,recordedBy,dataQF
"5f3ebac8-64b9-4872-b65e-d212a4ab6855","GUAN_044.basePlot.vst","2017-04-03","D04","GUAN","GUAN_044","tower","evergreenForest",17.966738,-66.870526,"WGS84",20.1,725516.25,1987798.71,"19N",147.5,0.1,"vst_GUAN_2017","NEON.DOC.000987vE","Y",,"Y",,"Y",,"10","noneSelected",800,40,800,"schedule irregularity, 2017 bout 1","7GSC2Ocp9nUdeLo1J+kj65CB+MYRHS9+bXf7zPsUlkw=","BUWuBJizbbqJ1SVYbs0wjmnYdl8b9NIq1adFzCQuvl8=",
"3f9b0f74-308a-46ff-9998-b85ff7d8d847","GUAN_045.basePlot.vst","2017-04-05","D04","GUAN","GUAN_045","tower","evergreenForest",17.969212,-66.873903,"WGS84",20.1,725155.35,1988068.48,"19N",145.3,0.1,"vst_GUAN_2017","NEON.DOC.000987vE","Y",,"Y",,"Y",,"10","10",800,40,40,"schedule irregularity, 2017 bout 1","8rHzSbnDOXjpaitjHXu3bvZcWZBazBT3Z6JypCrOTws=","JbCt3ZVS0Z8p+FnZZjYv2ST6kFQlRmlIVPqV7NV33A8=",
"50e53dd2-edb5-4604-afcb-6699b7de56c0","GUAN_042.basePlot.vst","2017-04-07","D04","GUAN","GUAN_042","tower","evergreenForest",17.970725,-66.863970,"WGS84",20.3,726205.73,1988248.04,"19N",146.9,0.5,"vst_GUAN_2017","NEON.DOC.000987vE","Y",,"Y",,"Y",,"10","100",800,40,400,"schedule irregularity, 2017 bout 1","zPBe+8pzAK3Kf4/L2qJV36CjLL5KpYr+dJur8mfsxKJSqtDZzH3Glg==","7GSC2Ocp9nUdeLo1J+kj65CB+MYRHS9+bXf7zPsUlkw=",
"0850a4ff-401b-452a-8f3f-70f7ee543f72","GUAN_043.basePlot.vst","2017-04-11","D04","GUAN","GUAN_043","tower","evergreenForest",17.968869,-66.867682,"WGS84",20.1,725814.84,1988038.07,"19N",115.9,0.1,"vst_GUAN_2017","NEON.DOC.000987vE","Y",,"Y",,"Y",,"10","100",800,40,400,"schedule irregularity, 2017 bout 1","zPBe+8pzAK3Kf4/L2qJV36CjLL5KpYr+dJur8mfsxKJSqtDZzH3Glg==","7GSC2Ocp9nUdeLo1J+kj65CB+MYRHS9+bXf7zPsUlkw=",
"f271c940-bd69-4390-a40e-cf61a9cfe772","GUAN_043.basePlot.vst","2017-04-21","D04","GUAN","GUAN_043","tower","evergreenForest",17.968869,-66.867682,"WGS84",20.1,725814.84,1988038.07,"19N",115.9,0.1,"vst_GUAN_2017","NEON.DOC.000987vE",,,,,,,"10","100",800,40,400,"schedule irregularity, 2017 bout 1","JbCt3ZVS0Z8p+FnZZjYv2ST6kFQlRmlIVPqV7NV33A8=","7GSC2Ocp9nUdeLo1J+kj65CB+MYRHS9+bXf7zPsUlkw=",
