uid,namedLocation,domainID,siteID,plotID,plotType,nlcdClass,decimalLatitude,decimalLongitude,geodeticDatum,coordinateUncertainty,elevation,elevationUncertainty,collectDate,eventID,sampleID,sampleCode,samplingMethod,totalSampledArea,targetTaxaPresent,adultCount,nymphCount,larvaCount,sampleCondition,samplingProtocolVersion,measuredBy,remarks
"aa09f21a-b755-4cf4-bc80-c009db67d98b","OSBS_002.tickPlot.tck","D03","OSBS","OSBS_002","distributed","evergreenForest",29.703661,-81.958365,"WGS84",20.1,35.8,0.2,"2017-09-20T13:38Z","OSBS.2017.39",,,"drag and flag",160,"N",0,0,0,,"NEON.DOC.014045vH","WvXSfWD4ehCPp4x6qnD3+p3dnwrzoU8uG8F7IbYmNWU=",
"73508f73-530a-4bd5-9cad-035bb26f68e3","OSBS_003.tickPlot.tck","D03","OSBS","OSBS_003","distributed","evergreenForest",29.693693,-81.947010,"WGS84",20.3,38.2,0.5,"2017-09-20T14:14Z","OSBS.2017.39","OSBS_003.20170920",,"drag and flag",170,"Y",0,21,34,"No known compromise","NEON.DOC.014045vH","WvXSfWD4ehCPp4x6qnD3+p3dnwrzoU8uG8F7IbYmNWU=",
"c9b61590-7171-467a-9456-849218bd2a06","OSBS_004.tickPlot.tck","D03","OSBS","OSBS_004","distributed","evergreenForest",29.683402,-81.960449,"WGS84",20.3,42.4,0.4,"2017-09-20T15:23Z","OSBS.2017.39",,,"drag and flag",160,"N",0,0,0,,"NEON.DOC.014045vH","WvXSfWD4ehCPp4x6qnD3+p3dnwrzoU8uG8F7IbYmNWU=",
"85d84876-2613-4ce4-a928-da46e1070db0","OSBS_001.tickPlot.tck","D03","OSBS","OSBS_001","distributed","woodyWetlands",29.704063,-82.008061,"WGS84",20.3,34.4,0.3,"2017-09-20T16:24Z","OSBS.2017.39","OSBS_001.20170920",,"drag and flag",180,"Y",1,12,500,"No known compromise","NEON.DOC.014045vH","K9OTaQ0zZCLKuSI2a22zmxo5JPNK03YOJDKl7AdSUww=",
