uid,namedLocation,plotID,collectDate,identifiedDate,sampleID,subsampleID,scientificName,acceptedTaxonID,taxonRank,family,subfamily,tribe,subtribe,genus,subgenus,specificEpithet,infraspecificEpithet,identificationQualifier,identificationReferences,identificationProtocolVersion,scientificNameAuthorship,sexOrAge,individualCount,sampleCondition,archiveMedium,archiveFacilityID,deprecatedVialID,identifiedBy,laboratoryName,remarks
"a9106a6c-18c7-4da5-aa06-181143d73998","OSBS_003.tickPlot.tck","OSBS_003","2017-09-20T14:14Z","2017-12-13T17:00Z","OSBS_003.20170920","OSBS_003.20170920.AMBAME.N","Amblyomma americanum","AMBAME","species","Ixodidae",,,,"Amblyomma",,"americanum",,,"Cooley, R. A. and G. M. Kohls. 1944. The genus Amblyomma (ixodidae) in the United States. The Journal of Parasitology, 30(2):77-111.","GSU_tickIdentification_SOP_2016-11-01.pdf","Linnaeus","Nymph",21,"OK","90% ethanol","USNMENT01358784","OSBS_003.20170920.01.AMBAME.N","Lorenza Beati","Georgia Southern University",
"62bd62f5-03ae-4bbd-8f24-7469cca7732f","OSBS_003.tickPlot.tck","OSBS_003","2017-09-20T14:14Z","2017-10-13T16:00Z","OSBS_003.20170920","OSBS_003.20170920.IXOSP.L","Ixodidae sp.","IXOSP","family","Ixodidae",,,,,,"sp.",,,,"GSU_tickIdentification_SOP_2016-11-01.pdf",,"Larva",1,"OK","90% ethanol","USNMENT01358783","OSBS_003.20170920.02.L","Arianna Gibbs","Georgia Southern University","Over invoice limit, will not be billed."
"d252750d-112f-4aaf-a927-b148cdedac24","OSBS_001.tickPlot.tck","OSBS_001","2017-09-20T16:24Z","2017-12-13T17:00Z","OSBS_001.20170920","OSBS_001.20170920.AMBAME.F","Amblyomma americanum","AMBAME","species","Ixodidae",,,,"Amblyomma",,"americanum",,,"Cooley, R. A. and G. M. Kohls. 1944. The genus Amblyomma (ixodidae) in the United States. The Journal of Parasitology, 30(2):77-111.","GSU_tickIdentification_SOP_2016-11-01.pdf","Linnaeus","Female",1,"OK","90% ethanol","USNMENT01358785","OSBS_001.20170920.01.AMBAME.F","Lorenza Beati","Georgia Southern University",
"f729ce59-ea0a-47d6-afbc-af897a80e896","OSBS_001.tickPlot.tck","OSBS_001","2017-09-20T16:24Z","2017-10-13T16:00Z","OSBS_001.20170920","OSBS_001.20170920.IXOSP.N","Ixodidae sp.","IXOSP","family","Ixodidae",,,,,,"sp.",,,,"GSU_tickIdentification_SOP_2016-11-01.pdf",,"Nymph",11,"OK","90% ethanol","USNMENT01358786","OSBS_001.20170920.01.N","Arianna Gibbs","Georgia Southern University","Over invoice limit, will not be billed."
"54f70854-82ed-49c6-9ca7-2242e6950307","OSBS_001.tickPlot.tck","OSBS_001","2017-09-20T16:24Z","2017-10-14T16:00Z","OSBS_001.20170920","OSBS_001.20170920.IXOSP.L","Ixodidae sp.","IXOSP","family","Ixodidae",,,,,,"sp.",,,,"GSU_tickIdentification_SOP_2016-11-01.pdf",,"Larva",1,"OK","90% ethanol","USNMENT01358794","OSBS_001.20170920.02.L","Arianna Gibbs","Georgia Southern University","Over invoice limit, will not be billed."
