uid,namedLocation,date,eventID,domainID,siteID,plotID,subplotID,individualID,tagStatus,growthForm,plantStatus,stemDiameter,measurementHeight,height,baseCrownHeight,breakHeight,breakDiameter,maxCrownDiameter,ninetyCrownDiameter,canopyPosition,shape,basalStemDiameter,basalStemDiameterMsrmntHeight,maxBaseCrownDiameter,ninetyBaseCrownDiameter,remarks,recordedBy,measuredBy,dataQF
"aeacaff0-7f9a-4f09-a02b-3a1a12bc15b8","JORN_063.basePlot.vst","2016-12-01","vst_JORN_2016","D14","JORN","JORN_063",,"NEON.PLA.D14.JORN.01185","ok","small shrub","Live",,,0.7,,,,1.3,0.9,,"oblate half-sphere",1.1,10,,,,"zN0aj0xTw7AIaNa9aVKX3zK98kS5EuZCt81qbW+nFv0=","4oiYddzo72NZyz4nMH16IHRs3xHjOIFa","legacyData"
"3030ae11-35a5-4fc5-b304-32e69d971e06","JORN_063.basePlot.vst","2016-12-01","vst_JORN_2016","D14","JORN","JORN_063",,"NEON.PLA.D14.JORN.01185","ok","small shrub","Standing dead",,,0.7,,,,1.3,0.9,,"oblate half-sphere",1.0,10,,,,"zN0aj0xTw7AIaNa9aVKX3zK98kS5EuZCt81qbW+nFv0=","4oiYddzo72NZyz4nMH16IHRs3xHjOIFa","legacyData"
"82496524-594a-4707-ae55-2836d84fa32e","JORN_058.basePlot.vst","2016-12-02","vst_JORN_2016","D14","JORN","JORN_058",,"NEON.PLA.D14.JORN.01176","ok","small shrub","Live",,,7.0,,,,1.6,1.4,,"oblate half-sphere",1.0,10,,,,"4oiYddzo72NZyz4nMH16IHRs3xHjOIFa","zN0aj0xTw7AIaNa9aVKX3zK98kS5EuZCt81qbW+nFv0=","legacyData"
"16fb24ab-b111-499b-82b1-d61a85825bbe","JORN_058.basePlot.vst","2016-12-02","vst_JORN_2016","D14","JORN","JORN_058",,"NEON.PLA.D14.JORN.01176","ok","small shrub","Live",,,7.0,,,,1.6,1.4,,,1.3,10,,,,"4oiYddzo72NZyz4nMH16IHRs3xHjOIFa","zN0aj0xTw7AIaNa9aVKX3zK98kS5EuZCt81qbW+nFv0=",
"419c19a5-3533-49e6-b39e-fbdc463dcd1c","JORN_058.basePlot.vst","2016-12-02","vst_JORN_2016","D14","JORN","JORN_058",,"NEON.PLA.D14.JORN.01176","ok","small shrub","Live",,,7.0,,,,1.6,1.4,,"oblate half-sphere",1.0,10,,,,"4oiYddzo72NZyz4nMH16IHRs3xHjOIFa","zN0aj0xTw7AIaNa9aVKX3zK98kS5EuZCt81qbW+nFv0=","legacyData"
"c1a7d7ff-5d14-4680-bd9f-3f59c4a35e9b","JORN_058.basePlot.vst","2016-12-02","vst_JORN_2016","D14","JORN","JORN_058",,"NEON.PLA.D14.JORN.00103","ok","small shrub","Standing dead",,,1.1,,,,1.0,0.8,,"cylinder",1.1,10,,,,"4oiYddzo72NZyz4nMH16IHRs3xHjOIFa","zN0aj0xTw7AIaNa9aVKX3zK98kS5EuZCt81qbW+nFv0=","legacyData"
"7243fd24-1370-4af4-91d6-b9ca48bc738c","JORN_058.basePlot.vst","2016-12-02","vst_JORN_2016","D14","JORN","JORN_058",,"NEON.PLA.D14.JORN.01176","ok","small shrub","Standing dead",,,7.0,,,,1.6,1.4,,"oblate half-sphere",1.1,10,,,,"4oiYddzo72NZyz4nMH16IHRs3xHjOIFa","zN0aj0xTw7AIaNa9aVKX3zK98kS5EuZCt81qbW+nFv0=","legacyData"
"a0b98e6a-d53f-4c55-84bb-7f71b5738ac4","JORN_058.basePlot.vst","2016-12-02","vst_JORN_2016","D14","JORN","JORN_058",,"NEON.PLA.D14.JORN.00103","ok","small shrub","Live",,,1.1,,,,1.0,0.8,,"cylinder",1.7,10,,,,"4oiYddzo72NZyz4nMH16IHRs3xHjOIFa","zN0aj0xTw7AIaNa9aVKX3zK98kS5EuZCt81qbW+nFv0=","legacyData"
"06dfd5e8-1aa1-42ed-bf66-dff39940397a","JORN_058.basePlot.vst","2016-12-02","vst_JORN_2016","D14","JORN","JORN_058",,"NEON.PLA.D14.JORN.01176","ok","small shrub","Standing dead",,,7.0,,,,1.6,1.4,,"oblate half-sphere",1.0,10,,,,"4oiYddzo72NZyz4nMH16IHRs3xHjOIFa","zN0aj0xTw7AIaNa9aVKX3zK98kS5EuZCt81qbW+nFv0=","legacyData"
"c1f37282-d661-430a-9f32-711fe7f1daa6","JORN_058.basePlot.vst","2016-12-02","vst_JORN_2016","D14","JORN","JORN_058",,"NEON.PLA.D14.JORN.00103","ok","small shrub","Standing dead",,,1.1,,,,1.0,0.8,,"cylinder",1.7,10,,,,"4oiYddzo72NZyz4nMH16IHRs3xHjOIFa","zN0aj0xTw7AIaNa9aVKX3zK98kS5EuZCt81qbW+nFv0=","legacyData"
"e7195bc6-b5e5-404d-b3e5-90b50b772f53","JORN_058.basePlot.vst","2016-12-02","vst_JORN_2016","D14","JORN","JORN_058",,"NEON.PLA.D14.JORN.00103","ok","small shrub","Standing dead",,,1.1,,,,1.0,0.8,,"cylinder",1.2,10,,,,"4oiYddzo72NZyz4nMH16IHRs3xHjOIFa","zN0aj0xTw7AIaNa9aVKX3zK98kS5EuZCt81qbW+nFv0=","legacyData"
"5cdecab6-93a7-46ae-a5dd-c0555346b9d1","JORN_058.basePlot.vst","2016-12-02","vst_JORN_2016","D14","JORN","JORN_058",,"NEON.PLA.D14.JORN.00103","ok","small shrub","Live",,,1.1,,,,1.0,0.8,,"cylinder",1.7,10,,,,"4oiYddzo72NZyz4nMH16IHRs3xHjOIFa","zN0aj0xTw7AIaNa9aVKX3zK98kS5EuZCt81qbW+nFv0=","legacyData"
"760afa03-b9fc-4343-b40c-5e12ff2aefa0","JORN_058.basePlot.vst","2016-12-02","vst_JORN_2016","D14","JORN","JORN_058",,"NEON.PLA.D14.JORN.00103","ok","small shrub","Standing dead",,,1.1,,,,1.0,0.8,,"cylinder",1.1,10,,,,"4oiYddzo72NZyz4nMH16IHRs3xHjOIFa","zN0aj0xTw7AIaNa9aVKX3zK98kS5EuZCt81qbW+nFv0=","legacyData"
"35ff0d47-9713-4a94-8d80-28ff01d95ea5","JORN_058.basePlot.vst","2016-12-02","vst_JORN_2016","D14","JORN","JORN_058",,"NEON.PLA.D14.JORN.00103","ok","small shrub","Standing dead",,,1.1,,,,1.0,0.8,,"cylinder",1.0,10,,,,"4oiYddzo72NZyz4nMH16IHRs3xHjOIFa","zN0aj0xTw7AIaNa9aVKX3zK98kS5EuZCt81qbW+nFv0=","legacyData"
"44e141d4-bbe3-4bd6-a36f-64a14735f8cd","JORN_058.basePlot.vst","2016-12-02","vst_JORN_2016","D14","JORN","JORN_058",,"NEON.PLA.D14.JORN.01176","ok","small shrub","Live",,,7.0,,,,1.6,1.4,,"oblate half-sphere",1.1,10,,,,"4oiYddzo72NZyz4nMH16IHRs3xHjOIFa","zN0aj0xTw7AIaNa9aVKX3zK98kS5EuZCt81qbW+nFv0=","legacyData"
"ef8530f8-9613-4da9-9533-488038bed1b1","JORN_058.basePlot.vst","2016-12-02","vst_JORN_2016","D14","JORN","JORN_058",,"NEON.PLA.D14.JORN.01176","ok","small shrub","Live",,,7.0,,,,1.6,1.4,,"oblate half-sphere",1.1,10,,,,"4oiYddzo72NZyz4nMH16IHRs3xHjOIFa","zN0aj0xTw7AIaNa9aVKX3zK98kS5EuZCt81qbW+nFv0=","legacyData"
"3d00a99c-e539-4b69-a0b4-7b6e2e4aabda","JORN_058.basePlot.vst","2016-12-02","vst_JORN_2016","D14","JORN","JORN_058",,"NEON.PLA.D14.JORN.01176","ok","small shrub","Live",,,7.0,,,,1.6,1.4,,"oblate half-sphere",1.9,10,,,,"4oiYddzo72NZyz4nMH16IHRs3xHjOIFa","zN0aj0xTw7AIaNa9aVKX3zK98kS5EuZCt81qbW+nFv0=","legacyData"
"15e75b12-5042-4a31-aff1-cd7eb460fa2c","JORN_058.basePlot.vst","2016-12-02","vst_JORN_2016","D14","JORN","JORN_058",,"NEON.PLA.D14.JORN.01176","ok","small shrub","Live",,,7.0,,,,1.6,1.4,,"oblate half-sphere",1.0,10,,,,"4oiYddzo72NZyz4nMH16IHRs3xHjOIFa","zN0aj0xTw7AIaNa9aVKX3zK98kS5EuZCt81qbW+nFv0=","legacyData"
