uid,namedLocation,domainID,siteID,plotID,plotType,nlcdClass,decimalLatitude,decimalLongitude,geodeticDatum,coordinateUncertainty,elevation,elevationUncertainty,collectDate,eventID,sampleID,sampleCode,samplingMethod,totalSampledArea,targetTaxaPresent,adultCount,nymphCount,larvaCount,sampleCondition,samplingProtocolVersion,measuredBy,remarks
"d41b5fd3-ed83-44f6-8473-2b584c364e0a","SCBI_006.tickPlot.tck","D02","SCBI","SCBI_006","distributed","pastureHay",38.897080,-78.150277,"WGS84",20.1,277.1,0.1,"2014-10-20T14:30Z","SCBI.2014.42",,,"drag",160,"N",0,0,0,,"NEON.DOC.014045vD","iG3yTlTjsrDMPUWsHzOXeA==","No transcription errors found"
"fd7da974-683f-4abe-aa85-2adcb1bad423","SCBI_002.tickPlot.tck","D02","SCBI","SCBI_002","distributed","deciduousForest",38.893863,-78.142704,"WGS84",20.2,327.7,0.2,"2014-10-20T15:42Z","SCBI.2014.42","SCBI_002.20141020",,"drag",162,"Y",1,0,0,"No known compromise","NEON.DOC.014045vD","iG3yTlTjsrDMPUWsHzOXeA==",
"23633243-9a3b-4775-8895-0114c0cd2527","SCBI_005.tickPlot.tck","D02","SCBI","SCBI_005","distributed","deciduousForest",38.901859,-78.161940,"WGS84",20.2,263.6,0.3,"2014-10-20T17:05Z","SCBI.2014.42","SCBI_005.20141020",,"drag and flag",177,"Y",0,1,0,"No known compromise","NEON.DOC.014045vD","iG3yTlTjsrDMPUWsHzOXeA==",
"34997f83-c002-4c79-b308-0d36a1850471","SCBI_039.tickPlot.tck","D02","SCBI","SCBI_039","distributed","pastureHay",38.896433,-78.166542,"WGS84",20.1,330.8,0.1,"2014-10-20T18:39Z","SCBI.2014.42",,,"drag and flag",164,"N",0,0,0,,"NEON.DOC.014045vD","iG3yTlTjsrDMPUWsHzOXeA==",
"6201fa55-41fb-4a77-83f2-e2f4b78e2239","SCBI_007.tickPlot.tck","D02","SCBI","SCBI_007","distributed","deciduousForest",38.886013,-78.129365,"WGS84",20.2,428.3,0.2,"2014-10-21T15:08Z","SCBI.2014.42","SCBI_007.20141021",,"drag and flag",163,"Y",2,0,0,"No known compromise","NEON.DOC.014045vD","qO0Ifc/cCAY=",
"7e2dba82-a8f1-4f32-9eb7-29fcdb8fd6a9","SCBI_013.tickPlot.tck","D02","SCBI","SCBI_013","distributed","deciduousForest",38.873041,-78.163313,"WGS84",20.2,361.3,0.3,"2014-10-21T17:00Z","SCBI.2014.42",,,"drag and flag",161,"N",0,0,0,,"NEON.DOC.014045vD","qO0Ifc/cCAY=","No transcription erros found"
