uid,namedLocation,plotID,collectDate,identifiedDate,sampleID,subsampleID,scientificName,acceptedTaxonID,taxonRank,family,subfamily,tribe,subtribe,genus,subgenus,specificEpithet,infraspecificEpithet,identificationQualifier,identificationReferences,identificationProtocolVersion,scientificNameAuthorship,sexOrAge,individualCount,sampleCondition,archiveMedium,archiveFacilityID,deprecatedVialID,identifiedBy,laboratoryName,remarks
"646b704d-0341-4704-b2da-3fe95ba84006","SCBI_002.tickPlot.tck","SCBI_002","2014-10-20T15:42Z","2016-09-20T16:00Z","SCBI_002.20141020","SCBI_002.20141020.IXOSCA.M","Ixodes scapularis","IXOSCA","species","Ixodidae",,,,"Ixodes",,"scapularis",,,"Keirans, J. E., and C. M. Clifford. 1978. The genus Ixodes in the United States: a scanning electron microscope study and key to the adults. Journal of Medical Entomology, 15(Supplement 2):1-38.","GSU_tickIdentification_SOP_2016-11-01.pdf","Say","Male",1,"OK","90% ethanol","USNMENT00865280",,"L. Beati","Georgia Southern University",
"938f2464-d6cf-48d4-a5af-3c1015799ecc","SCBI_005.tickPlot.tck","SCBI_005","2014-10-20T17:05Z","2016-09-20T16:00Z","SCBI_005.20141020","SCBI_005.20141020.IXOSCA.N","Ixodes scapularis","IXOSCA","species","Ixodidae",,,,"Ixodes",,"scapularis",,,"Keirans, J. E., and C. M. Clifford. 1978. The genus Ixodes in the United States: a scanning electron microscope study and key to the adults. Journal of Medical Entomology, 15(Supplement 2):1-38.","GSU_tickIdentification_SOP_2016-11-01.pdf","Say","Nymph",1,"OK","90% ethanol","USNMENT00865336",,"L. Beati","Georgia Southern University",
"8c988ec2-4e48-49e8-924d-b46603f3ef9f","SCBI_007.tickPlot.tck","SCBI_007","2014-10-21T15:08Z","2016-09-20T16:00Z","SCBI_007.20141021","SCBI_007.20141021.IXOSCA.M","Ixodes scapularis","IXOSCA","species","Ixodidae",,,,"Ixodes",,"scapularis",,,"Keirans, J. E., and C. M. Clifford. 1978. The genus Ixodes in the United States: a scanning electron microscope study and key to the adults. Journal of Medical Entomology, 15(Supplement 2):1-38.","GSU_tickIdentification_SOP_2016-11-01.pdf","Say","Male",1,"OK","90% ethanol","USNMENT00865288",,"L. Beati","Georgia Southern University",
"105cce3e-4270-42a2-9e05-bf67fefe5fd8","SCBI_007.tickPlot.tck","SCBI_007","2014-10-21T15:08Z","2016-09-20T16:00Z","SCBI_007.20141021","SCBI_007.20141021.IXOSCA.F","Ixodes scapularis","IXOSCA","species","Ixodidae",,,,"Ixodes",,"scapularis",,,"Keirans, J. E., and C. M. Clifford. 1978. The genus Ixodes in the United States: a scanning electron microscope study and key to the adults. Journal of Medical Entomology, 15(Supplement 2):1-38.","GSU_tickIdentification_SOP_2016-11-01.pdf","Say","Female",1,"OK","90% ethanol","USNMENT00865288",,"L. Beati","Georgia Southern University",
