uid,namedLocation,domainID,siteID,plotID,plotType,nlcdClass,decimalLatitude,decimalLongitude,geodeticDatum,coordinateUncertainty,elevation,elevationUncertainty,collectDate,eventID,sampleID,sampleCode,samplingMethod,totalSampledArea,targetTaxaPresent,adultCount,nymphCount,larvaCount,sampleCondition,samplingProtocolVersion,measuredBy,remarks
"74113c4a-b1d7-4677-9574-bbc8c9d76294","SCBI_002.tickPlot.tck","D02","SCBI","SCBI_002","distributed","deciduousForest",38.893863,-78.142704,"WGS84",20.2,327.7,0.2,"2018-05-03T12:05Z","SCBI.2018.18","SCBI_002.20180503","A00000003286","drag",160,"Y",0,2,0,"No known compromise","NEON.DOC.014045vJ","cJDN8FQ+G8BHe8OkvD5PMz1h/kcM7qXCzeFqTpXsSj4=","Hot and hasn't rained in a while"
"dc7d57b1-55ec-41d9-a5d1-07e71657e171","SCBI_007.tickPlot.tck","D02","SCBI","SCBI_007","distributed","deciduousForest",38.886013,-78.129365,"WGS84",20.2,428.3,0.2,"2018-05-03T12:50Z","SCBI.2018.18","SCBI_007.20180503","A00000003320","drag and flag",135,"Y",1,3,0,"No known compromise","NEON.DOC.014045vJ","ciinOn2RW7IuiYFzws3I7RiE3SCYtfO0vt+xtLe1Bko=",
"e5c7c8a2-ccde-41ee-b3aa-1a35049c8d8c","SCBI_006.tickPlot.tck","D02","SCBI","SCBI_006","distributed","pastureHay",38.897080,-78.150277,"WGS84",20.1,277.1,0.1,"2018-05-03T13:10Z","SCBI.2018.18","SCBI_006.20180503","A00000003289","drag",160,"Y",6,2,0,"No known compromise","NEON.DOC.014045vJ","y91HGrHLk0lZr/DPX16cTMD5ZLTOKHZ4wAmahG5mA10=",
"ddf14e0b-7158-426e-a617-379f98d65a3a","SCBI_005.tickPlot.tck","D02","SCBI","SCBI_005","distributed","deciduousForest",38.901859,-78.161940,"WGS84",20.2,263.6,0.3,"2018-05-03T14:05Z","SCBI.2018.18",,,"drag and flag",135,"N",0,0,0,,"NEON.DOC.014045vJ","ciinOn2RW7IuiYFzws3I7RiE3SCYtfO0vt+xtLe1Bko=",
"e76bd159-4db7-4e85-a733-85fa121b2c91","SCBI_013.tickPlot.tck","D02","SCBI","SCBI_013","distributed","deciduousForest",38.873041,-78.163313,"WGS84",20.2,361.3,0.3,"2018-05-03T14:07Z","SCBI.2018.18","SCBI_013.20180503","A00000003285","drag",162,"Y",3,0,0,"No known compromise","NEON.DOC.014045vJ","y91HGrHLk0lZr/DPX16cTMD5ZLTOKHZ4wAmahG5mA10=",
"6837d2c0-b2d3-4bc5-b1da-82cd901e6d73","SCBI_039.tickPlot.tck","D02","SCBI","SCBI_039","distributed","pastureHay",38.896433,-78.166542,"WGS84",20.1,330.8,0.1,"2018-05-03T15:19Z","SCBI.2018.18","SCBI_039.20180503","A00000003288","drag and flag",143,"Y",10,0,0,"No known compromise","NEON.DOC.014045vJ","ciinOn2RW7IuiYFzws3I7RiE3SCYtfO0vt+xtLe1Bko=",
"87cbe498-d063-41bc-9f91-23329f7d596d","SCBI_005.tickPlot.tck","D02","SCBI","SCBI_005","distributed","deciduousForest",38.901859,-78.161940,"WGS84",20.2,263.6,0.3,"2018-05-29T14:51Z","SCBI.2018.22","SCBI_005.20180529","A00000003306","drag",114,"Y",1,3,0,"No known compromise","NEON.DOC.014045vJ","gUkNgXXWwVfyyvmNuuhPHfl+ngDS46AHNocWtty9mqU=","A bit wet with the dew. Skipped last side due to moisture."
"ad8fa995-1f02-4cbb-a8ee-473767d955e9","SCBI_007.tickPlot.tck","D02","SCBI","SCBI_007","distributed","deciduousForest",38.886013,-78.129365,"WGS84",20.2,428.3,0.2,"2018-05-29T15:00Z","SCBI.2018.22","SCBI_007.20180529","A00000003270","drag",154,"Y",1,17,0,"No known compromise","NEON.DOC.014045vJ","cJDN8FQ+G8BHe8OkvD5PMz1h/kcM7qXCzeFqTpXsSj4=","Slightly damp"
"46077810-62b5-47f6-a476-7a8427cd87f6","SCBI_002.tickPlot.tck","D02","SCBI","SCBI_002","distributed","deciduousForest",38.893863,-78.142704,"WGS84",20.2,327.7,0.2,"2018-05-29T17:02Z","SCBI.2018.22","SCBI_002.20180529","A00000003269","drag",160,"Y",1,11,0,"No known compromise","NEON.DOC.014045vJ","cJDN8FQ+G8BHe8OkvD5PMz1h/kcM7qXCzeFqTpXsSj4=",
"c2aa7567-7aab-4924-976e-9e05d28980a2","SCBI_006.tickPlot.tck","D02","SCBI","SCBI_006","distributed","pastureHay",38.897080,-78.150277,"WGS84",20.1,277.1,0.1,"2018-05-29T18:13Z","SCBI.2018.22","SCBI_006.20180529","A00000003273","drag",160,"Y",1,1,0,"No known compromise","NEON.DOC.014045vJ","cJDN8FQ+G8BHe8OkvD5PMz1h/kcM7qXCzeFqTpXsSj4=",
"93eeee1b-79ff-4989-b77d-a5a5cd5f5e60","SCBI_039.tickPlot.tck","D02","SCBI","SCBI_039","distributed","pastureHay",38.896433,-78.166542,"WGS84",20.1,330.8,0.1,"2018-05-29T18:52Z","SCBI.2018.22","SCBI_039.20180529","A00000003305","drag",140,"Y",2,4,0,"No known compromise","NEON.DOC.014045vJ","M7EpIfYzzITs8Y5PIRNBZjG1wPJDljoZp5tr4GwKmKc=",
"6a058860-3dc4-4f44-819f-61ba492bfda8","SCBI_013.tickPlot.tck","D02","SCBI","SCBI_013","distributed","deciduousForest",38.873041,-78.163313,"WGS84",20.2,361.3,0.3,"2018-05-29T19:41Z","SCBI.2018.22","SCBI_013.20180529","A00000003279","drag",166,"Y",0,28,0,"No known compromise","NEON.DOC.014045vJ","cJDN8FQ+G8BHe8OkvD5PMz1h/kcM7qXCzeFqTpXsSj4=",
