uid,namedLocation,plotID,collectDate,identifiedDate,sampleID,subsampleID,scientificName,acceptedTaxonID,taxonRank,family,subfamily,tribe,subtribe,genus,subgenus,specificEpithet,infraspecificEpithet,identificationQualifier,identificationReferences,identificationProtocolVersion,scientificNameAuthorship,sexOrAge,individualCount,sampleCondition,archiveMedium,archiveFacilityID,deprecatedVialID,identifiedBy,laboratoryName,remarks
"560c9b73-0410-49d0-8f9e-7c52e1f0a4aa","SCBI_002.tickPlot.tck","SCBI_002","2018-05-03T12:05Z","2018-09-20T16:00Z","SCBI_002.20180503","SCBI_002.20180503.IXOSCA.N","Ixodes scapularis","IXOSCA","species","Ixodidae",,,,"Ixodes",,"scapularis",,,"Cooley, R. A. and G. M. Kohls. 1945. The genus Ixodes in North America. National Institute of Health Bulletin, 184.","GSU_tickIdentification_SOP_2016-11-01.pdf","Say","Nymph",2,"OK","90% ethanol","USNMENT01482282",,"Lorenza Beati","Georgia Southern University",
"abb8deab-3de8-40c8-a230-aaf4359faebb","SCBI_007.tickPlot.tck","SCBI_007","2018-05-03T12:50Z","2018-09-20T16:00Z","SCBI_007.20180503","SCBI_007.20180503.HAELON.N","Haemaphysalis longicornis","HAELON","species","Ixodidae",,,,"Haemaphysalis",,"longicornis",,,,"GSU_tickIdentification_SOP_2016-11-01.pdf",,"Nymph",1,"OK","90% ethanol","USNMENT01482094",,"Lorenza Beati","Georgia Southern University",
"4faa0434-2a58-451d-aa87-b81b0643d3df","SCBI_007.tickPlot.tck","SCBI_007","2018-05-03T12:50Z","2018-09-20T16:00Z","SCBI_007.20180503","SCBI_007.20180503.AMBAME.N","Amblyomma americanum","AMBAME","species","Ixodidae",,,,"Amblyomma",,"americanum",,,"Cooley, R. A. and G. M. Kohls. 1944. The genus Amblyomma (ixodidae) in the United States. The Journal of Parasitology, 30(2):77-111.","GSU_tickIdentification_SOP_2016-11-01.pdf","Linnaeus","Nymph",2,"OK","90% ethanol","USNMENT01482297",,"Lorenza Beati","Georgia Southern University",
"ae846b65-f7d9-41ca-aab9-fcd3e71e764f","SCBI_007.tickPlot.tck","SCBI_007","2018-05-03T12:50Z","2018-09-20T16:00Z","SCBI_007.20180503","SCBI_007.20180503.AMBAME.M","Amblyomma americanum","AMBAME","species","Ixodidae",,,,"Amblyomma",,"americanum",,,"Cooley, R. A. and G. M. Kohls. 1944. The genus Amblyomma (ixodidae) in the United States. The Journal of Parasitology, 30(2):77-111.","GSU_tickIdentification_SOP_2016-11-01.pdf","Linnaeus","Male",1,"OK","90% ethanol","USNMENT01482093",,"Lorenza Beati","Georgia Southern University",
"2a44391b-14b1-4f36-85fb-fa7dffb09677","SCBI_006.tickPlot.tck","SCBI_006","2018-05-03T13:10Z","2018-09-20T16:00Z","SCBI_006.20180503","SCBI_006.20180503.DERVAR.M","Dermacentor variabilis","DERVAR","species","Ixodidae",,,,"Dermacentor",,"variabilis",,,"Yunker, C. E., Keirans, J. E., Clifford, C. M., and E. R. Easton. 1986. Dermacentor ticks (Acari: Ixodoidea: Ixodidae) of the New World: a scanning electron microscope atlas. Proceedings of the Entomological Society of Washington, 88(4):609-627.","GSU_tickIdentification_SOP_2016-11-01.pdf","Say","Male",4,"OK","90% ethanol","USNMENT01482075",,"Lorenza Beati","Georgia Southern University",
"ee336578-5b17-43aa-a686-9792a3f5b43c","SCBI_006.tickPlot.tck","SCBI_006","2018-05-03T13:10Z","2018-09-20T16:00Z","SCBI_006.20180503","SCBI_006.20180503.DERVAR.F","Dermacentor variabilis","DERVAR","species","Ixodidae",,,,"Dermacentor",,"variabilis",,,"Yunker, C. E., Keirans, J. E., Clifford, C. M., and E. R. Easton. 1986. Dermacentor ticks (Acari: Ixodoidea: Ixodidae) of the New World: a scanning electron microscope atlas. Proceedings of the Entomological Society of Washington, 88(4):609-627.","GSU_tickIdentification_SOP_2016-11-01.pdf","Say","Female",3,"OK","90% ethanol","USNMENT01482079",,"Lorenza Beati","Georgia Southern University",
"d0d8fb24-edf7-4118-a16b-0fe6bf0a78ca","SCBI_006.tickPlot.tck","SCBI_006","2018-05-03T13:10Z","2018-09-20T16:00Z","SCBI_006.20180503","SCBI_006.20180503.AMBAME.N","Amblyomma americanum","AMBAME","species","Ixodidae",,,,"Amblyomma",,"americanum",,,"Cooley, R. A. and G. M. Kohls. 1944. The genus Amblyomma (ixodidae) in the United States. The Journal of Parasitology, 30(2):77-111.","GSU_tickIdentification_SOP_2016-11-01.pdf","Linnaeus","Nymph",2,"OK","90% ethanol","USNMENT01482078",,"Lorenza Beati","Georgia Southern University",
"61366a13-4ed0-46c2-959d-68bee9293dde","SCBI_013.tickPlot.tck","SCBI_013","2018-05-03T14:07Z","2018-09-20T16:00Z","SCBI_013.20180503","SCBI_013.20180503.AMBAME.F","Amblyomma americanum","AMBAME","species","Ixodidae",,,,"Amblyomma",,"americanum",,,"Cooley, R. A. and G. M. Kohls. 1944. The genus Amblyomma (ixodidae) in the United States. The Journal of Parasitology, 30(2):77-111.","GSU_tickIdentification_SOP_2016-11-01.pdf","Linnaeus","Female",1,"OK","90% ethanol","USNMENT01482038",,"Lorenza Beati","Georgia Southern University",
"17f452a9-57b3-4243-a9e1-02ae0e095808","SCBI_013.tickPlot.tck","SCBI_013","2018-05-03T14:07Z","2018-09-20T16:00Z","SCBI_013.20180503","SCBI_013.20180503.AMBAME.M","Amblyomma americanum","AMBAME","species","Ixodidae",,,,"Amblyomma",,"americanum",,,"Cooley, R. A. and G. M. Kohls. 1944. The genus Amblyomma (ixodidae) in the United States. The Journal of Parasitology, 30(2):77-111.","GSU_tickIdentification_SOP_2016-11-01.pdf","Linnaeus","Male",2,"OK","90% ethanol","USNMENT01482043",,"Lorenza Beati","Georgia Southern University",
"bcf8273d-f461-4ae3-974e-883340274401","SCBI_039.tickPlot.tck","SCBI_039","2018-05-03T15:19Z","2018-09-20T16:00Z","SCBI_039.20180503","SCBI_039.20180503.DERVAR.F","Dermacentor variabilis","DERVAR","species","Ixodidae",,,,"Dermacentor",,"variabilis",,,"Yunker, C. E., Keirans, J. E., Clifford, C. M., and E. R. Easton. 1986. Dermacentor ticks (Acari: Ixodoidea: Ixodidae) of the New World: a scanning electron microscope atlas. Proceedings of the Entomological Society of Washington, 88(4):609-627.","GSU_tickIdentification_SOP_2016-11-01.pdf","Say","Female",4,"OK","90% ethanol","USNMENT01482042",,"Lorenza Beati","Georgia Southern University",
"8013939a-732f-4dbd-97c9-0e6ed3cf0560","SCBI_039.tickPlot.tck","SCBI_039","2018-05-03T15:19Z","2018-09-20T16:00Z","SCBI_039.20180503","SCBI_039.20180503.AMBAME.M","Amblyomma americanum","AMBAME","species","Ixodidae",,,,"Amblyomma",,"americanum",,,"Cooley, R. A. and G. M. Kohls. 1944. The genus Amblyomma (ixodidae) in the United States. The Journal of Parasitology, 30(2):77-111.","GSU_tickIdentification_SOP_2016-11-01.pdf","Linnaeus","Male",1,"OK","90% ethanol","USNMENT01482037",,"Lorenza Beati","Georgia Southern University",
"e9bb87f7-3dac-4d0d-b2bf-4ffd154c1bff","SCBI_039.tickPlot.tck","SCBI_039","2018-05-03T15:19Z","2018-09-20T16:00Z","SCBI_039.20180503","SCBI_039.20180503.DERVAR.M","Dermacentor variabilis","DERVAR","species","Ixodidae",,,,"Dermacentor",,"variabilis",,,"Yunker, C. E., Keirans, J. E., Clifford, C. M., and E. R. Easton. 1986. Dermacentor ticks (Acari: Ixodoidea: Ixodidae) of the New World: a scanning electron microscope atlas. Proceedings of the Entomological Society of Washington, 88(4):609-627.","GSU_tickIdentification_SOP_2016-11-01.pdf","Say","Male",5,"OK","90% ethanol","USNMENT01482047",,"Lorenza Beati","Georgia Southern University",
"acf1d9e2-f78b-42dd-90d3-5f8d8c081a04","SCBI_005.tickPlot.tck","SCBI_005","2018-05-29T14:51Z","2018-09-20T16:00Z","SCBI_005.20180529","SCBI_005.20180529.DERVAR.F","Dermacentor variabilis","DERVAR","species","Ixodidae",,,,"Dermacentor",,"variabilis",,,"Yunker, C. E., Keirans, J. E., Clifford, C. M., and E. R. Easton. 1986. Dermacentor ticks (Acari: Ixodoidea: Ixodidae) of the New World: a scanning electron microscope atlas. Proceedings of the Entomological Society of Washington, 88(4):609-627.","GSU_tickIdentification_SOP_2016-11-01.pdf","Say","Female",1,"OK","90% ethanol","USNMENT01482059",,"Lorenza Beati","Georgia Southern University",
"9482bc9b-a6e2-4081-bc49-0770f4d97a92","SCBI_005.tickPlot.tck","SCBI_005","2018-05-29T14:51Z","2018-09-20T16:00Z","SCBI_005.20180529","SCBI_005.20180529.AMBAME.N","Amblyomma americanum","AMBAME","species","Ixodidae",,,,"Amblyomma",,"americanum",,,"Cooley, R. A. and G. M. Kohls. 1944. The genus Amblyomma (ixodidae) in the United States. The Journal of Parasitology, 30(2):77-111.","GSU_tickIdentification_SOP_2016-11-01.pdf","Linnaeus","Nymph",3,"OK","90% ethanol","USNMENT01482054",,"Lorenza Beati","Georgia Southern University",
"6cadda67-c228-4eee-bc2e-e360ae6a5364","SCBI_007.tickPlot.tck","SCBI_007","2018-05-29T15:00Z","2018-09-20T16:00Z","SCBI_007.20180529","SCBI_007.20180529.AMBAME.N","Amblyomma americanum","AMBAME","species","Ixodidae",,,,"Amblyomma",,"americanum",,,"Cooley, R. A. and G. M. Kohls. 1944. The genus Amblyomma (ixodidae) in the United States. The Journal of Parasitology, 30(2):77-111.","GSU_tickIdentification_SOP_2016-11-01.pdf","Linnaeus","Nymph",14,"OK","90% ethanol","USNMENT01482086",,"Lorenza Beati","Georgia Southern University",
"7c6e6415-591a-451e-835c-f835477537a0","SCBI_007.tickPlot.tck","SCBI_007","2018-05-29T15:00Z","2018-09-20T16:00Z","SCBI_007.20180529","SCBI_007.20180529.IXOSCA.N","Ixodes scapularis","IXOSCA","species","Ixodidae",,,,"Ixodes",,"scapularis",,,"Cooley, R. A. and G. M. Kohls. 1945. The genus Ixodes in North America. National Institute of Health Bulletin, 184.","GSU_tickIdentification_SOP_2016-11-01.pdf","Say","Nymph",3,"OK","90% ethanol","USNMENT01482085",,"Lorenza Beati","Georgia Southern University",
"03cbf0df-9d37-47d0-8e9b-ab9af2c27884","SCBI_007.tickPlot.tck","SCBI_007","2018-05-29T15:00Z","2018-09-20T16:00Z","SCBI_007.20180529","SCBI_007.20180529.DERVAR.M","Dermacentor variabilis","DERVAR","species","Ixodidae",,,,"Dermacentor",,"variabilis",,,"Yunker, C. E., Keirans, J. E., Clifford, C. M., and E. R. Easton. 1986. Dermacentor ticks (Acari: Ixodoidea: Ixodidae) of the New World: a scanning electron microscope atlas. Proceedings of the Entomological Society of Washington, 88(4):609-627.","GSU_tickIdentification_SOP_2016-11-01.pdf","Say","Male",1,"OK","90% ethanol","USNMENT01482087",,"Lorenza Beati","Georgia Southern University",
"fac41617-f13e-4cdc-b7d7-e6cb50b14598","SCBI_002.tickPlot.tck","SCBI_002","2018-05-29T17:02Z","2018-09-20T16:00Z","SCBI_002.20180529","SCBI_002.20180529.IXOSCA.N","Ixodes scapularis","IXOSCA","species","Ixodidae",,,,"Ixodes",,"scapularis",,,"Cooley, R. A. and G. M. Kohls. 1945. The genus Ixodes in North America. National Institute of Health Bulletin, 184.","GSU_tickIdentification_SOP_2016-11-01.pdf","Say","Nymph",5,"OK","90% ethanol","USNMENT01482052",,"Lorenza Beati","Georgia Southern University",
"9bc855b0-5e16-4235-b16e-84212273828c","SCBI_002.tickPlot.tck","SCBI_002","2018-05-29T17:02Z","2018-09-20T16:00Z","SCBI_002.20180529","SCBI_002.20180529.AMBAME.N","Amblyomma americanum","AMBAME","species","Ixodidae",,,,"Amblyomma",,"americanum",,,"Cooley, R. A. and G. M. Kohls. 1944. The genus Amblyomma (ixodidae) in the United States. The Journal of Parasitology, 30(2):77-111.","GSU_tickIdentification_SOP_2016-11-01.pdf","Linnaeus","Nymph",6,"OK","90% ethanol","USNMENT01482057",,"Lorenza Beati","Georgia Southern University",
"663298a9-d81c-4bcd-a0e3-ba6b28e69d46","SCBI_002.tickPlot.tck","SCBI_002","2018-05-29T17:02Z","2018-09-20T16:00Z","SCBI_002.20180529","SCBI_002.20180529.AMBAME.F","Amblyomma americanum","AMBAME","species","Ixodidae",,,,"Amblyomma",,"americanum",,,"Cooley, R. A. and G. M. Kohls. 1944. The genus Amblyomma (ixodidae) in the United States. The Journal of Parasitology, 30(2):77-111.","GSU_tickIdentification_SOP_2016-11-01.pdf","Linnaeus","Female",1,"OK","90% ethanol","USNMENT01482063",,"Lorenza Beati","Georgia Southern University",
"f84e121a-4bf3-464a-8328-bc71d53654eb","SCBI_006.tickPlot.tck","SCBI_006","2018-05-29T18:13Z","2018-09-20T16:00Z","SCBI_006.20180529","SCBI_006.20180529.AMBAME.N","Amblyomma americanum","AMBAME","species","Ixodidae",,,,"Amblyomma",,"americanum",,,"Cooley, R. A. and G. M. Kohls. 1944. The genus Amblyomma (ixodidae) in the United States. The Journal of Parasitology, 30(2):77-111.","GSU_tickIdentification_SOP_2016-11-01.pdf","Linnaeus","Nymph",1,"OK","90% ethanol","USNMENT01482088",,"Lorenza Beati","Georgia Southern University",
"17622369-d7b2-4a97-a396-a2e4480c3002","SCBI_006.tickPlot.tck","SCBI_006","2018-05-29T18:13Z","2018-09-20T16:00Z","SCBI_006.20180529","SCBI_006.20180529.DERVAR.F","Dermacentor variabilis","DERVAR","species","Ixodidae",,,,"Dermacentor",,"variabilis",,,"Yunker, C. E., Keirans, J. E., Clifford, C. M., and E. R. Easton. 1986. Dermacentor ticks (Acari: Ixodoidea: Ixodidae) of the New World: a scanning electron microscope atlas. Proceedings of the Entomological Society of Washington, 88(4):609-627.","GSU_tickIdentification_SOP_2016-11-01.pdf","Say","Female",1,"OK","90% ethanol","USNMENT01482089",,"Lorenza Beati","Georgia Southern University",
"19308090-64cc-46eb-8e62-e806796293b4","SCBI_039.tickPlot.tck","SCBI_039","2018-05-29T18:52Z","2018-09-20T16:00Z","SCBI_039.20180529","SCBI_039.20180529.AMBAME.M","Amblyomma americanum","AMBAME","species","Ixodidae",,,,"Amblyomma",,"americanum",,,"Cooley, R. A. and G. M. Kohls. 1944. The genus Amblyomma (ixodidae) in the United States. The Journal of Parasitology, 30(2):77-111.","GSU_tickIdentification_SOP_2016-11-01.pdf","Linnaeus","Male",1,"OK","90% ethanol","USNMENT01482060",,"Lorenza Beati","Georgia Southern University",
"600ff1dc-ff3f-4b84-9ffc-6800b76ad845","SCBI_039.tickPlot.tck","SCBI_039","2018-05-29T18:52Z","2018-09-20T16:00Z","SCBI_039.20180529","SCBI_039.20180529.AMBAME.N","Amblyomma americanum","AMBAME","species","Ixodidae",,,,"Amblyomma",,"americanum",,,"Cooley, R. A. and G. M. Kohls. 1944. The genus Amblyomma (ixodidae) in the United States. The Journal of Parasitology, 30(2):77-111.","GSU_tickIdentification_SOP_2016-11-01.pdf","Linnaeus","Nymph",3,"OK","90% ethanol","USNMENT01482036",,"Lorenza Beati","Georgia Southern University",
"dd1ac25f-8410-49b8-afb6-a6d9acdacf09","SCBI_039.tickPlot.tck","SCBI_039","2018-05-29T18:52Z","2018-09-20T16:00Z","SCBI_039.20180529","SCBI_039.20180529.HAELON.N","Haemaphysalis longicornis","HAELON","species","Ixodidae",,,,"Haemaphysalis",,"longicornis",,,,"GSU_tickIdentification_SOP_2016-11-01.pdf",,"Nymph",1,"OK","90% ethanol","USNMENT01482064",,"Lorenza Beati","Georgia Southern University",
"310c114b-b192-43fa-93dd-96a895fb78a2","SCBI_039.tickPlot.tck","SCBI_039","2018-05-29T18:52Z","2018-09-20T16:00Z","SCBI_039.20180529","SCBI_039.20180529.DERVAR.F","Dermacentor variabilis","DERVAR","species","Ixodidae",,,,"Dermacentor",,"variabilis",,,"Yunker, C. E., Keirans, J. E., Clifford, C. M., and E. R. Easton. 1986. Dermacentor ticks (Acari: Ixodoidea: Ixodidae) of the New World: a scanning electron microscope atlas. Proceedings of the Entomological Society of Washington, 88(4):609-627.","GSU_tickIdentification_SOP_2016-11-01.pdf","Say","Female",1,"OK","90% ethanol","USNMENT01482056",,"Lorenza Beati","Georgia Southern University",
"42a267b4-d369-4b93-af88-a4f983580d82","SCBI_013.tickPlot.tck","SCBI_013","2018-05-29T19:41Z","2018-09-20T16:00Z","SCBI_013.20180529","SCBI_013.20180529.IXOSCA.N","Ixodes scapularis","IXOSCA","species","Ixodidae",,,,"Ixodes",,"scapularis",,,"Cooley, R. A. and G. M. Kohls. 1945. The genus Ixodes in North America. National Institute of Health Bulletin, 184.","GSU_tickIdentification_SOP_2016-11-01.pdf","Say","Nymph",23,"OK","90% ethanol","USNMENT01482335",,"Lorenza Beati","Georgia Southern University",
"0716fa04-9098-4120-9ad2-c910caf1131a","SCBI_013.tickPlot.tck","SCBI_013","2018-05-29T19:41Z","2018-09-20T16:00Z","SCBI_013.20180529","SCBI_013.20180529.AMBAME.N","Amblyomma americanum","AMBAME","species","Ixodidae",,,,"Amblyomma",,"americanum",,,"Cooley, R. A. and G. M. Kohls. 1944. The genus Amblyomma (ixodidae) in the United States. The Journal of Parasitology, 30(2):77-111.","GSU_tickIdentification_SOP_2016-11-01.pdf","Linnaeus","Nymph",10,"OK","90% ethanol","USNMENT01482333",,"Lorenza Beati","Georgia Southern University",
