uid,namedLocation,domainID,siteID,plotID,plotType,nlcdClass,decimalLatitude,decimalLongitude,geodeticDatum,coordinateUncertainty,elevation,elevationUncertainty,collectDate,eventID,sampleID,sampleCode,samplingMethod,totalSampledArea,targetTaxaPresent,adultCount,nymphCount,larvaCount,sampleCondition,samplingProtocolVersion,measuredBy,remarks
"be8fa2f6-9436-40b1-b9b9-b00f1eca5935","KONZ_002.tickPlot.tck","D06","KONZ","KONZ_002","distributed","grasslandHerbaceous",39.118977,-96.547146,"WGS84",20.0,394.4,0.0,"2015-10-14T13:45Z","KONZ.2015.41",,,"drag and flag",165,"N",0,0,,,"NEON.DOC.014045vF","/wUkqjBpeVCigtsLKx5PiQDuYpjZH9Rm","No sample; no vial"
"9c221322-92d5-4462-8f68-e186d6357cbe","KONZ_004.tickPlot.tck","D06","KONZ","KONZ_004","distributed","grasslandHerbaceous",39.109647,-96.551370,"WGS84",20.0,371.9,0.0,"2015-10-14T14:55Z","KONZ.2015.41",,,"flag",160,"N",0,0,,,"NEON.DOC.014045vF","/wUkqjBpeVCigtsLKx5PiQDuYpjZH9Rm","No sample; no vials"
"4c60a15d-4031-4a85-87d2-65078346ad49","KONZ_007.tickPlot.tck","D06","KONZ","KONZ_007","distributed","grasslandHerbaceous",39.087937,-96.545919,"WGS84",20.1,434.0,0.1,"2015-10-14T15:35Z","KONZ.2015.41",,,"drag and flag",160,"N",0,0,,,"NEON.DOC.014045vF","/wUkqjBpeVCigtsLKx5PiQDuYpjZH9Rm","No sample; no vial; QC: no transcription errors"
"b057b7a3-bd30-4825-9c37-31bf3fa1388b","KONZ_001.tickPlot.tck","D06","KONZ","KONZ_001","distributed","grasslandHerbaceous",39.074114,-96.557107,"WGS84",20.0,423.7,0.0,"2015-10-14T16:05Z","KONZ.2015.41",,,"flag",165,"N",0,0,,,"NEON.DOC.014045vF","/wUkqjBpeVCigtsLKx5PiQDuYpjZH9Rm","No sample; no vial"
"7564d01b-c8e3-40ac-b7a8-86b9d4a29a96","KONZ_009.tickPlot.tck","D06","KONZ","KONZ_009","distributed","grasslandHerbaceous",39.107902,-96.584438,"WGS84",20.1,391.9,0.1,"2015-10-14T16:26Z","KONZ.2015.41",,,"drag",160,"N",0,0,,,"NEON.DOC.014045vF","/wUkqjBpeVCigtsLKx5PiQDuYpjZH9Rm","No sample; no vial"
"623e01ba-2888-4595-8037-2a47427cec02","KONZ_025.tickPlot.tck","D06","KONZ","KONZ_025","distributed","deciduousForest",39.103714,-96.597832,"WGS84",20.1,337.3,0.1,"2015-10-14T16:51Z","KONZ.2015.41",,,"drag and flag",160,"N",0,0,,,"NEON.DOC.014045vF","/wUkqjBpeVCigtsLKx5PiQDuYpjZH9Rm","No sample; no vial"
