uid,namedLocation,domainID,siteID,plotID,plotType,nlcdClass,decimalLatitude,decimalLongitude,geodeticDatum,coordinateUncertainty,elevation,elevationUncertainty,collectDate,eventID,sampleID,sampleCode,samplingMethod,totalSampledArea,targetTaxaPresent,adultCount,nymphCount,larvaCount,sampleCondition,samplingProtocolVersion,measuredBy,remarks
"0ee66676-5191-463d-98c8-8bc6d146bf16","BART_019.tickPlot.tck","D01","BART","BART_019","distributed","mixedForest",44.069350,-71.288001,"WGS84",20.2,231.8,0.2,"2014-09-23T18:13Z","BART.2014.38",,,"drag and flag",163,"N",0,0,0,,"NEON.DOC.014045vD","hj7Xm3r1ztpJ3/urJLAfrQ==","QC: No errors EH"
"33fd09bd-28bb-48b4-b317-4dca408e57a0","BART_011.tickPlot.tck","D01","BART","BART_011","distributed","mixedForest",44.048783,-71.295353,"WGS84",20.2,399.5,0.2,"2014-09-24T13:13Z","BART.2014.38",,,"drag and flag",163,"N",0,0,0,,"NEON.DOC.014045vD","hj7Xm3r1ztpJ3/urJLAfrQ==",
"0c9b2b93-6791-48d5-b615-a6b59cd16ced","BART_010.tickPlot.tck","D01","BART","BART_010","distributed","deciduousForest",44.051100,-71.267766,"WGS84",20.2,413.0,0.4,"2014-09-24T14:32Z","BART.2014.38",,,"drag and flag",161,"N",0,0,0,,"NEON.DOC.014045vD","r9TmJceGQn9Mas2gKsHx4g==",
"ad93624c-0510-4f44-9494-85b8502be8a3","BART_002.tickPlot.tck","D01","BART","BART_002","distributed","deciduousForest",44.035231,-71.274674,"WGS84",20.2,502.6,0.3,"2014-09-24T16:15Z","BART.2014.38",,,"drag and flag",160,"N",0,0,0,,"NEON.DOC.014045vD","hj7Xm3r1ztpJ3/urJLAfrQ==",
"da227f34-457c-4ad1-8870-87183bada616","BART_015.tickPlot.tck","D01","BART","BART_015","distributed","mixedForest",44.042149,-71.271603,"WGS84",20.3,455.0,0.5,"2014-09-24T17:25Z","BART.2014.38",,,"drag and flag",162,"N",0,0,0,,"NEON.DOC.014045vD","r9TmJceGQn9Mas2gKsHx4g==",
