uid,namedLocation,date,eventID,domainID,siteID,plotID,subplotID,individualID,tagStatus,growthForm,plantStatus,stemDiameter,measurementHeight,height,baseCrownHeight,breakHeight,breakDiameter,maxCrownDiameter,ninetyCrownDiameter,canopyPosition,shape,basalStemDiameter,basalStemDiameterMsrmntHeight,maxBaseCrownDiameter,ninetyBaseCrownDiameter,remarks,recordedBy,measuredBy,dataQF
"9e82352b-a42e-4d34-8adc-11bea88dd850","CLBJ_018.basePlot.vst","2016-02-09","vst_CLBJ_2016","D11","CLBJ","CLBJ_018",,"NEON.PLA.D11.CLBJ.00066",,"small tree","Live",4.8,130,,,,,,,"Full shade",,,,,,,"C9GzU2YIgNp6Vw0n+VOm12lcWzn+J9JF","won/tyUsFjCjTGqHBmGD3e54PFu+l8CW","legacyData"
"1dbb3c08-c7f4-4258-9f36-e0aa072255fd","CLBJ_022.basePlot.vst","2016-02-09","vst_CLBJ_2016","D11","CLBJ","CLBJ_022",,"NEON.PLA.D11.CLBJ.00065",,"small shrub","Live",1.1,10,0.6,,,,0.6,0.5,"Full shade","half-sphere",,,,,,"+iQvVZ4QDC/6AZ19AJv4/Z5pPlRFlUUb","IwiAeKKpgyDNoYNXo7Ff5Z9mnt7Mfl5M","legacyData"
"f4ba564f-b43f-4b44-be9a-343cde0cda2e","CLBJ_022.basePlot.vst","2016-02-09","vst_CLBJ_2016","D11","CLBJ","CLBJ_022",,"NEON.PLA.D11.CLBJ.00054",,"small tree","Live",6.3,130,,,,,,,"Full sun",,,,,,,"+iQvVZ4QDC/6AZ19AJv4/Z5pPlRFlUUb","IwiAeKKpgyDNoYNXo7Ff5Z9mnt7Mfl5M","legacyData"
"f9469111-518b-4214-998d-db4a799d801e","CLBJ_022.basePlot.vst","2016-02-09","vst_CLBJ_2016","D11","CLBJ","CLBJ_022",,"NEON.PLA.D11.CLBJ.00049",,"liana","Live",4.3,130,,,,,,,,,,,,,,"+iQvVZ4QDC/6AZ19AJv4/Z5pPlRFlUUb","IwiAeKKpgyDNoYNXo7Ff5Z9mnt7Mfl5M","legacyData"
"32d64117-a334-4c9b-9b3a-6a3fffd5bdeb","CLBJ_022.basePlot.vst","2016-02-09","vst_CLBJ_2016","D11","CLBJ","CLBJ_022",,"NEON.PLA.D11.CLBJ.00086",,"single bole tree","Live",14.7,130,,,,,,,"Partially shaded",,,,,,,"C9GzU2YIgNp6Vw0n+VOm12lcWzn+J9JF","won/tyUsFjCjTGqHBmGD3e54PFu+l8CW","legacyData"
"2860383a-d892-48b2-81e5-21b680c8e27a","CLBJ_018.basePlot.vst","2016-02-09","vst_CLBJ_2016","D11","CLBJ","CLBJ_018",,"NEON.PLA.D11.CLBJ.00026",,"sapling","Live",1.7,10,,,,,,,"Full sun",,,,,,,"IwiAeKKpgyDNoYNXo7Ff5Z9mnt7Mfl5M","+iQvVZ4QDC/6AZ19AJv4/Z5pPlRFlUUb","legacyData"
"db7aff74-1f45-4447-b280-16e1a51a9e8a","CLBJ_018.basePlot.vst","2016-02-09","vst_CLBJ_2016","D11","CLBJ","CLBJ_018",,"NEON.PLA.D11.CLBJ.00040",,"sapling","Live",3.2,10,,,,,,,"Mostly shaded",,,,,,,"IwiAeKKpgyDNoYNXo7Ff5Z9mnt7Mfl5M","+iQvVZ4QDC/6AZ19AJv4/Z5pPlRFlUUb","legacyData"
"3ea60753-9e1f-4c6f-b0ee-433e8aede38a","CLBJ_018.basePlot.vst","2016-02-09","vst_CLBJ_2016","D11","CLBJ","CLBJ_018",,"NEON.PLA.D11.CLBJ.00035",,"sapling","Live",1.9,10,,,,,,,"Full shade",,,,,,,"IwiAeKKpgyDNoYNXo7Ff5Z9mnt7Mfl5M","+iQvVZ4QDC/6AZ19AJv4/Z5pPlRFlUUb","legacyData"
"5659c21f-b12f-4016-a170-ab7c31930a03","CLBJ_018.basePlot.vst","2016-02-09","vst_CLBJ_2016","D11","CLBJ","CLBJ_018",,"NEON.PLA.D11.CLBJ.00080",,"small tree","Live",6.2,130,,,,,,,"Full shade",,,,,,,"C9GzU2YIgNp6Vw0n+VOm12lcWzn+J9JF","won/tyUsFjCjTGqHBmGD3e54PFu+l8CW","legacyData"
"3fb52403-92f3-4907-88a6-66ceacf4c333","CLBJ_018.basePlot.vst","2016-02-09","vst_CLBJ_2016","D11","CLBJ","CLBJ_018",,"NEON.PLA.D11.CLBJ.00043",,"sapling","Live",1.4,10,,,,,,,"Open grown",,,,,,,"IwiAeKKpgyDNoYNXo7Ff5Z9mnt7Mfl5M","+iQvVZ4QDC/6AZ19AJv4/Z5pPlRFlUUb","legacyData"
"388a6c89-e2d2-439c-b25b-5ac0924df53f","CLBJ_022.basePlot.vst","2016-02-09","vst_CLBJ_2016","D11","CLBJ","CLBJ_022",,"NEON.PLA.D11.CLBJ.00089",,"single bole tree","Live",10.2,130,,,,,,,"Partially shaded",,,,,,,"C9GzU2YIgNp6Vw0n+VOm12lcWzn+J9JF","won/tyUsFjCjTGqHBmGD3e54PFu+l8CW","legacyData"
"d9aed212-4633-4d6c-bc35-5c69a3e6d8f2","CLBJ_022.basePlot.vst","2016-02-09","vst_CLBJ_2016","D11","CLBJ","CLBJ_022",,"NEON.PLA.D11.CLBJ.00048A",,,"Live",1.9,130,,,,,,,,,,,,,,"+iQvVZ4QDC/6AZ19AJv4/Z5pPlRFlUUb","IwiAeKKpgyDNoYNXo7Ff5Z9mnt7Mfl5M","legacyData | noMapTagData"
"eea1da2e-2636-47da-b96d-670fc2520a6c","CLBJ_022.basePlot.vst","2016-02-09","vst_CLBJ_2016","D11","CLBJ","CLBJ_022",,"NEON.PLA.D11.CLBJ.00087",,"single bole tree","Live",19.1,130,,,,,,,"Full sun",,,,,,,"C9GzU2YIgNp6Vw0n+VOm12lcWzn+J9JF","won/tyUsFjCjTGqHBmGD3e54PFu+l8CW","legacyData"
"0a8d904e-b4be-4d72-bc31-f625694964d9","CLBJ_018.basePlot.vst","2016-02-09","vst_CLBJ_2016","D11","CLBJ","CLBJ_018",,"NEON.PLA.D11.CLBJ.00064",,"small tree","Live",2.5,130,,,,,,,"Full shade",,,,,,,"IwiAeKKpgyDNoYNXo7Ff5Z9mnt7Mfl5M","+iQvVZ4QDC/6AZ19AJv4/Z5pPlRFlUUb","legacyData"
"9349bc61-a489-4ce4-9e23-69393dbe7f3d","CLBJ_018.basePlot.vst","2016-02-09","vst_CLBJ_2016","D11","CLBJ","CLBJ_018",,"NEON.PLA.D11.CLBJ.00073",,"small tree","Live",9.0,130,,,,,,,"Full shade",,,,,,,"C9GzU2YIgNp6Vw0n+VOm12lcWzn+J9JF","won/tyUsFjCjTGqHBmGD3e54PFu+l8CW","legacyData"
"6b7e9b1e-ee4a-49d8-8a70-bb8dc746edef","CLBJ_022.basePlot.vst","2016-02-09","vst_CLBJ_2016","D11","CLBJ","CLBJ_022",,"NEON.PLA.D11.CLBJ.00051",,"small tree","Standing dead",3.2,130,,,,,,,"Mostly shaded",,,,,,,"+iQvVZ4QDC/6AZ19AJv4/Z5pPlRFlUUb","IwiAeKKpgyDNoYNXo7Ff5Z9mnt7Mfl5M","legacyData"
"2a7f634d-fb08-4d08-93a3-e442e3f43127","CLBJ_018.basePlot.vst","2016-02-09","vst_CLBJ_2016","D11","CLBJ","CLBJ_018",,"NEON.PLA.D11.CLBJ.00042",,"sapling","Live",1.9,10,,,,,,,"Full sun",,,,,,,"IwiAeKKpgyDNoYNXo7Ff5Z9mnt7Mfl5M","+iQvVZ4QDC/6AZ19AJv4/Z5pPlRFlUUb","legacyData"
"3fb2f50e-2131-4ec0-997b-dfe1ed368f0f","CLBJ_022.basePlot.vst","2016-02-09","vst_CLBJ_2016","D11","CLBJ","CLBJ_022",,"NEON.PLA.D11.CLBJ.00062",,"small tree","Live",8.0,130,,,,,,,"Full shade",,,,,,,"C9GzU2YIgNp6Vw0n+VOm12lcWzn+J9JF","won/tyUsFjCjTGqHBmGD3e54PFu+l8CW","legacyData"
"f1f48173-4286-453a-b927-1441b813713f","CLBJ_018.basePlot.vst","2016-02-09","vst_CLBJ_2016","D11","CLBJ","CLBJ_018",,"NEON.PLA.D11.CLBJ.00028",,"sapling","Live",1.6,10,,,,,,,"Partially shaded",,,,,,,"IwiAeKKpgyDNoYNXo7Ff5Z9mnt7Mfl5M","+iQvVZ4QDC/6AZ19AJv4/Z5pPlRFlUUb","legacyData"
"19cf4909-c927-443a-bc5a-3fd3e048a31e","CLBJ_018.basePlot.vst","2016-02-09","vst_CLBJ_2016","D11","CLBJ","CLBJ_018",,"NEON.PLA.D11.CLBJ.00044",,"sapling","Live",1.1,10,,,,,,,"Open grown",,,,,,,"IwiAeKKpgyDNoYNXo7Ff5Z9mnt7Mfl5M","+iQvVZ4QDC/6AZ19AJv4/Z5pPlRFlUUb","legacyData"
"c22f60d5-c8cc-4869-8776-2855def64bc8","CLBJ_018.basePlot.vst","2016-02-09","vst_CLBJ_2016","D11","CLBJ","CLBJ_018",,"NEON.PLA.D11.CLBJ.00063",,"single bole tree","Live",11.1,130,,,,,,,"Full sun",,,,,,,"C9GzU2YIgNp6Vw0n+VOm12lcWzn+J9JF","won/tyUsFjCjTGqHBmGD3e54PFu+l8CW","legacyData"
"e2fb7bf7-79f3-4707-b3e3-6da60dbf927e","CLBJ_022.basePlot.vst","2016-02-09","vst_CLBJ_2016","D11","CLBJ","CLBJ_022",,"NEON.PLA.D11.CLBJ.00068",,"sapling","Live",1.5,10,,,,,,,"Full sun",,,,,,,"C9GzU2YIgNp6Vw0n+VOm12lcWzn+J9JF","won/tyUsFjCjTGqHBmGD3e54PFu+l8CW","legacyData"
"177d8e8c-1b40-43ee-a3c0-274a22ab0146","CLBJ_022.basePlot.vst","2016-02-09","vst_CLBJ_2016","D11","CLBJ","CLBJ_022",,"NEON.PLA.D11.CLBJ.00048",,"liana","Live",3.9,130,,,,,,,,,,,,,,"+iQvVZ4QDC/6AZ19AJv4/Z5pPlRFlUUb","IwiAeKKpgyDNoYNXo7Ff5Z9mnt7Mfl5M","legacyData"
"b5382e24-bb8c-454a-810e-73b4741cbca7","CLBJ_018.basePlot.vst","2016-02-09","vst_CLBJ_2016","D11","CLBJ","CLBJ_018",,"NEON.PLA.D11.CLBJ.00074",,"small tree","Live",3.5,130,,,,,,,"Partially shaded",,,,,,,"C9GzU2YIgNp6Vw0n+VOm12lcWzn+J9JF","won/tyUsFjCjTGqHBmGD3e54PFu+l8CW","legacyData"
"6f888745-712c-4ffc-a7d8-b691faa95195","CLBJ_018.basePlot.vst","2016-02-09","vst_CLBJ_2016","D11","CLBJ","CLBJ_018",,"NEON.PLA.D11.CLBJ.00036",,"sapling","Live",1.5,10,,,,,,,"Full shade",,,,,,,"IwiAeKKpgyDNoYNXo7Ff5Z9mnt7Mfl5M","+iQvVZ4QDC/6AZ19AJv4/Z5pPlRFlUUb","legacyData"
"b2710efe-ef78-441d-8d15-15176591348f","CLBJ_022.basePlot.vst","2016-02-09","vst_CLBJ_2016","D11","CLBJ","CLBJ_022",,"NEON.PLA.D11.CLBJ.00098",,"sapling","Live",2.8,10,,,,,,,"Open grown",,,,,,,"C9GzU2YIgNp6Vw0n+VOm12lcWzn+J9JF","won/tyUsFjCjTGqHBmGD3e54PFu+l8CW","legacyData"
"d606e0f8-63c6-468c-bf7a-31a1c915eaf2","CLBJ_022.basePlot.vst","2016-02-09","vst_CLBJ_2016","D11","CLBJ","CLBJ_022",,"NEON.PLA.D11.CLBJ.00070",,"sapling","Live",1.6,10,,,,,,,"Full shade",,,,,,,"C9GzU2YIgNp6Vw0n+VOm12lcWzn+J9JF","won/tyUsFjCjTGqHBmGD3e54PFu+l8CW","legacyData"
"36b07616-2eed-4c19-a7d2-67cde2f22c66","CLBJ_022.basePlot.vst","2016-02-09","vst_CLBJ_2016","D11","CLBJ","CLBJ_022",,"NEON.PLA.D11.CLBJ.00069",,"sapling","Live",1.5,10,,,,,,,"Full sun",,,,,,,"C9GzU2YIgNp6Vw0n+VOm12lcWzn+J9JF","won/tyUsFjCjTGqHBmGD3e54PFu+l8CW","legacyData"
"43be96f2-6aa2-4a3b-b0d6-fb5b19391fa9","CLBJ_022.basePlot.vst","2016-02-09","vst_CLBJ_2016","D11","CLBJ","CLBJ_022",,"NEON.PLA.D11.CLBJ.00058",,"single bole tree","Live",43.6,130,,,,,,,"Full sun",,,,,,,"C9GzU2YIgNp6Vw0n+VOm12lcWzn+J9JF","won/tyUsFjCjTGqHBmGD3e54PFu+l8CW","legacyData"
"dc1cca31-fffb-4aad-9948-1ba234cd4934","CLBJ_018.basePlot.vst","2016-02-09","vst_CLBJ_2016","D11","CLBJ","CLBJ_018",,"NEON.PLA.D11.CLBJ.00079",,"small tree","Live",2.9,130,,,,,,,"Partially shaded",,,,,,,"IwiAeKKpgyDNoYNXo7Ff5Z9mnt7Mfl5M","+iQvVZ4QDC/6AZ19AJv4/Z5pPlRFlUUb","legacyData"
"22b29b4e-3402-4fa8-ba3d-f0dce4ca5e1a","CLBJ_018.basePlot.vst","2016-02-09","vst_CLBJ_2016","D11","CLBJ","CLBJ_018",,"NEON.PLA.D11.CLBJ.00032",,"sapling","Live",1.3,10,,,,,,,"Full shade",,,,,,,"IwiAeKKpgyDNoYNXo7Ff5Z9mnt7Mfl5M","+iQvVZ4QDC/6AZ19AJv4/Z5pPlRFlUUb","legacyData"
"41f347ee-eca1-449c-acda-ffc856e65a32","CLBJ_018.basePlot.vst","2016-02-09","vst_CLBJ_2016","D11","CLBJ","CLBJ_018",,"NEON.PLA.D11.CLBJ.00023",,"sapling","Live",1.7,10,,,,,,,"Full shade",,,,,,,"IwiAeKKpgyDNoYNXo7Ff5Z9mnt7Mfl5M","+iQvVZ4QDC/6AZ19AJv4/Z5pPlRFlUUb","legacyData"
"f3aadfbf-6f93-4f11-80e7-437fa8758add","CLBJ_018.basePlot.vst","2016-02-09","vst_CLBJ_2016","D11","CLBJ","CLBJ_018",,"NEON.PLA.D11.CLBJ.00030",,"small tree","Live",5.6,130,,,,,,,"Partially shaded",,,,,,,"IwiAeKKpgyDNoYNXo7Ff5Z9mnt7Mfl5M","+iQvVZ4QDC/6AZ19AJv4/Z5pPlRFlUUb","legacyData"
"30dfc83a-8669-442c-adc0-5385c19b64cd","CLBJ_018.basePlot.vst","2016-02-09","vst_CLBJ_2016","D11","CLBJ","CLBJ_018",,"NEON.PLA.D11.CLBJ.00039",,"sapling","Live",1.2,10,,,,,,,"Full shade",,,,,,,"IwiAeKKpgyDNoYNXo7Ff5Z9mnt7Mfl5M","+iQvVZ4QDC/6AZ19AJv4/Z5pPlRFlUUb","legacyData"
"2130b137-e0ed-45d9-ac5f-e22b36e79b0d","CLBJ_018.basePlot.vst","2016-02-09","vst_CLBJ_2016","D11","CLBJ","CLBJ_018",,"NEON.PLA.D11.CLBJ.00029",,"small tree","Live",3.3,130,,,,,,,"Mostly shaded",,,,,,,"IwiAeKKpgyDNoYNXo7Ff5Z9mnt7Mfl5M","+iQvVZ4QDC/6AZ19AJv4/Z5pPlRFlUUb","legacyData"
"713b6304-7bcc-4e11-ae2f-fcc7b8d2c9b1","CLBJ_018.basePlot.vst","2016-02-09","vst_CLBJ_2016","D11","CLBJ","CLBJ_018",,"NEON.PLA.D11.CLBJ.00041",,"small tree","Live",4.9,130,,,,,,,"Open grown",,,,,,,"IwiAeKKpgyDNoYNXo7Ff5Z9mnt7Mfl5M","+iQvVZ4QDC/6AZ19AJv4/Z5pPlRFlUUb","legacyData"
"11b2fcb0-566f-4360-bf23-7fe6c2eb4221","CLBJ_018.basePlot.vst","2016-02-09","vst_CLBJ_2016","D11","CLBJ","CLBJ_018",,"NEON.PLA.D11.CLBJ.00034",,"sapling","Live",1.5,10,,,,,,,"Full shade",,,,,,,"IwiAeKKpgyDNoYNXo7Ff5Z9mnt7Mfl5M","+iQvVZ4QDC/6AZ19AJv4/Z5pPlRFlUUb","legacyData"
"4484d679-4f13-48d3-97b5-2d09e1b2042a","CLBJ_022.basePlot.vst","2016-02-09","vst_CLBJ_2016","D11","CLBJ","CLBJ_022",,"NEON.PLA.D11.CLBJ.00085",,"small tree","Live",4.1,130,,,,,,,"Mostly shaded",,,,,,,"C9GzU2YIgNp6Vw0n+VOm12lcWzn+J9JF","won/tyUsFjCjTGqHBmGD3e54PFu+l8CW","legacyData"
"88a11add-002e-4dd9-a9bb-3650714a2b87","CLBJ_022.basePlot.vst","2016-02-09","vst_CLBJ_2016","D11","CLBJ","CLBJ_022",,"NEON.PLA.D11.CLBJ.00084",,"small tree","Live",6.7,130,,,,,,,"Mostly shaded",,,,,,,"C9GzU2YIgNp6Vw0n+VOm12lcWzn+J9JF","won/tyUsFjCjTGqHBmGD3e54PFu+l8CW","legacyData"
"297e217f-2bcd-468a-bbe7-5f79a9b145cf","CLBJ_022.basePlot.vst","2016-02-09","vst_CLBJ_2016","D11","CLBJ","CLBJ_022",,"NEON.PLA.D11.CLBJ.00006",,"single bole tree","Live",4.5,130,,,,,,,"Partially shaded",,,,,,,"C9GzU2YIgNp6Vw0n+VOm12lcWzn+J9JF","won/tyUsFjCjTGqHBmGD3e54PFu+l8CW","legacyData"
"fae5831e-a04e-48bc-ab72-2987394751f3","CLBJ_022.basePlot.vst","2016-02-09","vst_CLBJ_2016","D11","CLBJ","CLBJ_022",,"NEON.PLA.D11.CLBJ.00095",,"sapling","Live",2.5,10,,,,,,,"Full sun",,,,,,,"C9GzU2YIgNp6Vw0n+VOm12lcWzn+J9JF","won/tyUsFjCjTGqHBmGD3e54PFu+l8CW","legacyData"
"6cd87533-ffc2-4a89-9857-cb0a6580763a","CLBJ_022.basePlot.vst","2016-02-09","vst_CLBJ_2016","D11","CLBJ","CLBJ_022",,"NEON.PLA.D11.CLBJ.00053",,"small tree","Live",5.6,130,,,,,,,"Partially shaded",,,,,,,"+iQvVZ4QDC/6AZ19AJv4/Z5pPlRFlUUb","IwiAeKKpgyDNoYNXo7Ff5Z9mnt7Mfl5M","legacyData"
"ed48d687-798f-4e87-9ff2-00750cbf5034","CLBJ_022.basePlot.vst","2016-02-09","vst_CLBJ_2016","D11","CLBJ","CLBJ_022",,"NEON.PLA.D11.CLBJ.00059",,"single bole tree","Live",10.7,130,,,,,,,"Full sun",,,,,,,"C9GzU2YIgNp6Vw0n+VOm12lcWzn+J9JF","won/tyUsFjCjTGqHBmGD3e54PFu+l8CW","legacyData"
"141be96a-0606-462e-928d-4a1217da87d4","CLBJ_022.basePlot.vst","2016-02-09","vst_CLBJ_2016","D11","CLBJ","CLBJ_022",,"NEON.PLA.D11.CLBJ.00077",,"sapling","Live",2.1,10,,,,,,,"Partially shaded",,,,,,,"C9GzU2YIgNp6Vw0n+VOm12lcWzn+J9JF","won/tyUsFjCjTGqHBmGD3e54PFu+l8CW","legacyData"
"a05a1f12-10f8-48a4-832b-e1a7ad471165","CLBJ_022.basePlot.vst","2016-02-09","vst_CLBJ_2016","D11","CLBJ","CLBJ_022",,"NEON.PLA.D11.CLBJ.00056",,"single bole tree","Live",19.3,130,,,,,,,"Partially shaded",,,,,,,"C9GzU2YIgNp6Vw0n+VOm12lcWzn+J9JF","won/tyUsFjCjTGqHBmGD3e54PFu+l8CW","legacyData"
"28b571bc-b580-4dd6-8513-393ef16819f4","CLBJ_022.basePlot.vst","2016-02-09","vst_CLBJ_2016","D11","CLBJ","CLBJ_022",,"NEON.PLA.D11.CLBJ.00088",,"single bole tree","Live",29.1,130,,,,,,,"Full sun",,,,,,,"C9GzU2YIgNp6Vw0n+VOm12lcWzn+J9JF","won/tyUsFjCjTGqHBmGD3e54PFu+l8CW","legacyData"
"12201755-b252-47c1-8e49-2a56f3b41248","CLBJ_022.basePlot.vst","2016-02-09","vst_CLBJ_2016","D11","CLBJ","CLBJ_022",,"NEON.PLA.D11.CLBJ.00057B",,,"Live",39.6,130,,,,,,,"Full sun",,,,,,,"C9GzU2YIgNp6Vw0n+VOm12lcWzn+J9JF","won/tyUsFjCjTGqHBmGD3e54PFu+l8CW","legacyData | noMapTagData"
"75ed84c8-6f4c-42c6-9cd4-5db31e3bf52a","CLBJ_022.basePlot.vst","2016-02-09","vst_CLBJ_2016","D11","CLBJ","CLBJ_022",,"NEON.PLA.D11.CLBJ.00052",,"small tree","Standing dead",1.9,130,,,,,,,"Mostly shaded",,,,,,,"+iQvVZ4QDC/6AZ19AJv4/Z5pPlRFlUUb","IwiAeKKpgyDNoYNXo7Ff5Z9mnt7Mfl5M","legacyData"
"202a2ebf-af06-4a46-9fb0-22cdc1bb0284","CLBJ_022.basePlot.vst","2016-02-09","vst_CLBJ_2016","D11","CLBJ","CLBJ_022",,"NEON.PLA.D11.CLBJ.00076",,"small shrub","Live",1.2,10,1.4,,,,0.5,0.5,"Partially shaded",,,,,,,"C9GzU2YIgNp6Vw0n+VOm12lcWzn+J9JF","won/tyUsFjCjTGqHBmGD3e54PFu+l8CW","legacyData"
"b31bc3d7-fa19-456e-ba26-b6f57e80b236","CLBJ_022.basePlot.vst","2016-02-09","vst_CLBJ_2016","D11","CLBJ","CLBJ_022",,"NEON.PLA.D11.CLBJ.00050",,"small tree","Live",4.2,130,,,,,,,"Mostly shaded",,,,,,,"+iQvVZ4QDC/6AZ19AJv4/Z5pPlRFlUUb","IwiAeKKpgyDNoYNXo7Ff5Z9mnt7Mfl5M","legacyData"
"5f3746d2-650b-4649-a614-778a6517fd03","CLBJ_022.basePlot.vst","2016-02-09","vst_CLBJ_2016","D11","CLBJ","CLBJ_022",,"NEON.PLA.D11.CLBJ.00090",,"sapling","Live",2.5,10,,,,,,,"Open grown",,,,,,,"C9GzU2YIgNp6Vw0n+VOm12lcWzn+J9JF","won/tyUsFjCjTGqHBmGD3e54PFu+l8CW","legacyData"
"7af96cae-ed60-4b7b-8e75-22aeb107e335","CLBJ_022.basePlot.vst","2016-02-09","vst_CLBJ_2016","D11","CLBJ","CLBJ_022",,"NEON.PLA.D11.CLBJ.00057A",,,"Live",43.3,130,,,,,,,"Full sun",,,,,,,"C9GzU2YIgNp6Vw0n+VOm12lcWzn+J9JF","won/tyUsFjCjTGqHBmGD3e54PFu+l8CW","legacyData"
"de7610ce-6d93-491d-b2b0-04dbd3a6345f","CLBJ_022.basePlot.vst","2016-02-09","vst_CLBJ_2016","D11","CLBJ","CLBJ_022",,"NEON.PLA.D11.CLBJ.00099",,"sapling","Live",2.9,10,,,,,,,"Full sun",,,,,,,"C9GzU2YIgNp6Vw0n+VOm12lcWzn+J9JF","won/tyUsFjCjTGqHBmGD3e54PFu+l8CW","legacyData"
"ae7c654d-3a98-4e11-b1ef-bafb5c2a7b02","CLBJ_022.basePlot.vst","2016-02-09","vst_CLBJ_2016","D11","CLBJ","CLBJ_022",,"NEON.PLA.D11.CLBJ.00082",,"sapling","Live",1.3,10,,,,,,,"Full shade",,,,,,,"C9GzU2YIgNp6Vw0n+VOm12lcWzn+J9JF","won/tyUsFjCjTGqHBmGD3e54PFu+l8CW","legacyData"
"46a262ad-e74f-4ab5-b0fd-c20c2df149f6","CLBJ_018.basePlot.vst","2016-02-09","vst_CLBJ_2016","D11","CLBJ","CLBJ_018",,"NEON.PLA.D11.CLBJ.00033",,"sapling","Live",2.4,10,,,,,,,"Full shade",,,,,,,"IwiAeKKpgyDNoYNXo7Ff5Z9mnt7Mfl5M","+iQvVZ4QDC/6AZ19AJv4/Z5pPlRFlUUb","legacyData"
"9058c587-a2a0-4b49-a707-f50dc481f044","CLBJ_018.basePlot.vst","2016-02-09","vst_CLBJ_2016","D11","CLBJ","CLBJ_018",,"NEON.PLA.D11.CLBJ.00038",,"small tree","Live",2.4,124,,,,,,,"Mostly shaded",,,,,,,"IwiAeKKpgyDNoYNXo7Ff5Z9mnt7Mfl5M","+iQvVZ4QDC/6AZ19AJv4/Z5pPlRFlUUb","legacyData"
"95f89faf-47ef-474c-a2ff-665eef3d7f15","CLBJ_018.basePlot.vst","2016-02-09","vst_CLBJ_2016","D11","CLBJ","CLBJ_018",,"NEON.PLA.D11.CLBJ.00037",,"sapling","Live",1.2,10,,,,,,,"Full shade",,,,,,,"IwiAeKKpgyDNoYNXo7Ff5Z9mnt7Mfl5M","+iQvVZ4QDC/6AZ19AJv4/Z5pPlRFlUUb","legacyData"
"a1926d14-2a77-4852-acd7-5dc6cdd29e67","CLBJ_018.basePlot.vst","2016-02-09","vst_CLBJ_2016","D11","CLBJ","CLBJ_018",,"NEON.PLA.D11.CLBJ.00074A",,,"Live",3.0,130,,,,,,,"Partially shaded",,,,,,,"C9GzU2YIgNp6Vw0n+VOm12lcWzn+J9JF","won/tyUsFjCjTGqHBmGD3e54PFu+l8CW","legacyData | noMapTagData"
"d95b72d1-5499-46cb-8dc3-a93b66a4b558","CLBJ_018.basePlot.vst","2016-02-09","vst_CLBJ_2016","D11","CLBJ","CLBJ_018",,"NEON.PLA.D11.CLBJ.00031",,"sapling","Live",1.0,10,,,,,,,"Mostly shaded",,,,,,,"IwiAeKKpgyDNoYNXo7Ff5Z9mnt7Mfl5M","+iQvVZ4QDC/6AZ19AJv4/Z5pPlRFlUUb","legacyData"
"7b9c82da-d7a4-4ff1-a1dc-9b4a3d5b9576","CLBJ_022.basePlot.vst","2016-02-09","vst_CLBJ_2016","D11","CLBJ","CLBJ_022",,"NEON.PLA.D11.CLBJ.00057",,"multi-bole tree","Live",43.6,130,,,,,,,"Full sun",,,,,,,"C9GzU2YIgNp6Vw0n+VOm12lcWzn+J9JF","won/tyUsFjCjTGqHBmGD3e54PFu+l8CW","legacyData"
"10ca140b-0c72-4bd3-ac04-377a1d7b9ac5","CLBJ_022.basePlot.vst","2016-02-09","vst_CLBJ_2016","D11","CLBJ","CLBJ_022",,"NEON.PLA.D11.CLBJ.00097",,"sapling","Live",2.0,10,,,,,,,"Open grown",,,,,,,"C9GzU2YIgNp6Vw0n+VOm12lcWzn+J9JF","won/tyUsFjCjTGqHBmGD3e54PFu+l8CW","legacyData"
"8cd5516f-46ce-4bb9-8009-c21580e3783b","CLBJ_022.basePlot.vst","2016-02-09","vst_CLBJ_2016","D11","CLBJ","CLBJ_022",,"NEON.PLA.D11.CLBJ.00078",,"sapling","Live",1.3,10,,,,,,,"Full shade",,,,,,,"C9GzU2YIgNp6Vw0n+VOm12lcWzn+J9JF","won/tyUsFjCjTGqHBmGD3e54PFu+l8CW","legacyData"
"27c3191b-a111-44f9-a513-c4a3a524aab5","CLBJ_018.basePlot.vst","2016-02-09","vst_CLBJ_2016","D11","CLBJ","CLBJ_018",,"NEON.PLA.D11.CLBJ.00079A",,,"Live",2.6,130,,,,,,,"Partially shaded",,,,,,,"IwiAeKKpgyDNoYNXo7Ff5Z9mnt7Mfl5M","+iQvVZ4QDC/6AZ19AJv4/Z5pPlRFlUUb","legacyData | noMapTagData"
"ae9f22f5-f98c-4513-b0ff-c81951a24928","CLBJ_018.basePlot.vst","2016-02-09","vst_CLBJ_2016","D11","CLBJ","CLBJ_018",,"NEON.PLA.D11.CLBJ.00072",,"small tree","Live",3.9,130,,,,,,,"Mostly shaded",,,,,,,"C9GzU2YIgNp6Vw0n+VOm12lcWzn+J9JF","won/tyUsFjCjTGqHBmGD3e54PFu+l8CW","legacyData"
"bb2cc0f2-bad6-4d1c-afc4-036f266a87c7","CLBJ_018.basePlot.vst","2016-02-09","vst_CLBJ_2016","D11","CLBJ","CLBJ_018",,"NEON.PLA.D11.CLBJ.00024",,"small tree","Live",1.5,130,,,,,,,"Full shade",,,,,,,"IwiAeKKpgyDNoYNXo7Ff5Z9mnt7Mfl5M","+iQvVZ4QDC/6AZ19AJv4/Z5pPlRFlUUb","legacyData"
"997e1142-598c-4380-a085-118083f89b7a","CLBJ_018.basePlot.vst","2016-02-09","vst_CLBJ_2016","D11","CLBJ","CLBJ_018",,"NEON.PLA.D11.CLBJ.00081",,"single bole tree","Live",16.0,130,,,,,,,"Partially shaded",,,,,,,"C9GzU2YIgNp6Vw0n+VOm12lcWzn+J9JF","won/tyUsFjCjTGqHBmGD3e54PFu+l8CW","legacyData"
"b97f122e-69ec-457f-b30d-cf127f3b2ff5","CLBJ_018.basePlot.vst","2016-02-09","vst_CLBJ_2016","D11","CLBJ","CLBJ_018",,"NEON.PLA.D11.CLBJ.00075",,"small tree","Live",8.8,130,,,,,,,"Mostly shaded",,,,,,,"IwiAeKKpgyDNoYNXo7Ff5Z9mnt7Mfl5M","+iQvVZ4QDC/6AZ19AJv4/Z5pPlRFlUUb","legacyData"
"da74e6a3-7fc6-49cb-bc39-cbafd16f5200","CLBJ_022.basePlot.vst","2016-02-09","vst_CLBJ_2016","D11","CLBJ","CLBJ_022",,"NEON.PLA.D11.CLBJ.00094",,"small shrub","Live",1.0,10,,,,,,,"Full shade","half-sphere",,,,,"shrub cnaopy","+iQvVZ4QDC/6AZ19AJv4/Z5pPlRFlUUb","IwiAeKKpgyDNoYNXo7Ff5Z9mnt7Mfl5M","legacyData"
"22bf2837-d6c0-4a51-8433-57671ea1940d","CLBJ_018.basePlot.vst","2016-02-09","vst_CLBJ_2016","D11","CLBJ","CLBJ_018",,"NEON.PLA.D11.CLBJ.00047",,"single bole tree","Live",15.4,130,,,,,,,"Partially shaded",,,,,,,"C9GzU2YIgNp6Vw0n+VOm12lcWzn+J9JF","won/tyUsFjCjTGqHBmGD3e54PFu+l8CW","legacyData"
"a0c72fed-f17a-4c93-8ed6-d5c45799a3cb","CLBJ_018.basePlot.vst","2016-02-09","vst_CLBJ_2016","D11","CLBJ","CLBJ_018",,"NEON.PLA.D11.CLBJ.00046",,"small tree","Live",2.2,130,,,,,,,"Partially shaded",,,,,,,"C9GzU2YIgNp6Vw0n+VOm12lcWzn+J9JF","won/tyUsFjCjTGqHBmGD3e54PFu+l8CW","legacyData"
"ce003cb0-a011-4b2b-871a-cf7a961dd9b8","CLBJ_022.basePlot.vst","2016-02-09","vst_CLBJ_2016","D11","CLBJ","CLBJ_022",,"NEON.PLA.D11.CLBJ.00055",,"multi-bole tree","Live",11.9,130,,,,,,,"Mostly shaded",,,,,,,"C9GzU2YIgNp6Vw0n+VOm12lcWzn+J9JF","won/tyUsFjCjTGqHBmGD3e54PFu+l8CW","legacyData"
"f7da8040-adfd-4c18-9a83-fa934252a382","CLBJ_018.basePlot.vst","2016-02-09","vst_CLBJ_2016","D11","CLBJ","CLBJ_018",,"NEON.PLA.D11.CLBJ.00071",,"sapling","Live",3.5,10,,,,,,,"Full shade",,,,,,,"IwiAeKKpgyDNoYNXo7Ff5Z9mnt7Mfl5M","+iQvVZ4QDC/6AZ19AJv4/Z5pPlRFlUUb","legacyData"
"d0a9d9e2-a24c-427b-a044-758058f94d75","CLBJ_022.basePlot.vst","2016-02-09","vst_CLBJ_2016","D11","CLBJ","CLBJ_022",,"NEON.PLA.D11.CLBJ.00093",,"sapling","Live",1.4,10,,,,,,,"Full sun",,,,,,,"C9GzU2YIgNp6Vw0n+VOm12lcWzn+J9JF","won/tyUsFjCjTGqHBmGD3e54PFu+l8CW","legacyData"
"a47b6fc4-7097-45a8-968c-efcfcfb01234","CLBJ_018.basePlot.vst","2016-02-09","vst_CLBJ_2016","D11","CLBJ","CLBJ_018",,"NEON.PLA.D11.CLBJ.00025",,"sapling","Live",2.3,10,,,,,,,"Full shade",,,,,,,"IwiAeKKpgyDNoYNXo7Ff5Z9mnt7Mfl5M","+iQvVZ4QDC/6AZ19AJv4/Z5pPlRFlUUb","legacyData"
"7d494f99-ade8-4f19-b75b-6afad42a381a","CLBJ_022.basePlot.vst","2016-02-09","vst_CLBJ_2016","D11","CLBJ","CLBJ_022",,"NEON.PLA.D11.CLBJ.00100",,"sapling","Live",1.1,10,,,,,,,"Full sun",,,,,,,"C9GzU2YIgNp6Vw0n+VOm12lcWzn+J9JF","won/tyUsFjCjTGqHBmGD3e54PFu+l8CW","legacyData"
"3b391de1-8bdb-4611-a9e3-4fc21abbda3f","CLBJ_022.basePlot.vst","2016-02-09","vst_CLBJ_2016","D11","CLBJ","CLBJ_022",,"NEON.PLA.D11.CLBJ.00096",,"sapling","Live",2.1,10,,,,,,,"Open grown",,,,,,,"C9GzU2YIgNp6Vw0n+VOm12lcWzn+J9JF","won/tyUsFjCjTGqHBmGD3e54PFu+l8CW","legacyData"
"85696f58-38fd-4938-8171-7efe19083e7e","CLBJ_018.basePlot.vst","2016-02-09","vst_CLBJ_2016","D11","CLBJ","CLBJ_018",,"NEON.PLA.D11.CLBJ.00067",,"small tree","Live",4.6,130,,,,,,,"Full shade",,,,,,,"IwiAeKKpgyDNoYNXo7Ff5Z9mnt7Mfl5M","+iQvVZ4QDC/6AZ19AJv4/Z5pPlRFlUUb","legacyData"
"25622f17-7998-4bb6-94a3-5c3b53aac191","CLBJ_022.basePlot.vst","2016-02-09","vst_CLBJ_2016","D11","CLBJ","CLBJ_022",,"NEON.PLA.D11.CLBJ.00061",,"small tree","Live,  other damage",4.0,130,,,,,,,"Full shade",,,,,,,"C9GzU2YIgNp6Vw0n+VOm12lcWzn+J9JF","won/tyUsFjCjTGqHBmGD3e54PFu+l8CW","legacyData"
"1e6a7ad8-7902-4513-8bc2-8bf064f971fe","CLBJ_009.basePlot.vst","2016-02-10","vst_CLBJ_2016","D11","CLBJ","CLBJ_009",,"NEON.PLA.D11.CLBJ.00010",,"small shrub","Live",1.1,10,2.1,,,,1.8,1.2,"Full shade","half-sphere",,,,,,"C9GzU2YIgNp6Vw0n+VOm12lcWzn+J9JF","cJ8Mt89MTxlqOnAc6pDp/DoDhz6eIepx","legacyData"
"35e435fd-f5b0-416a-b3b9-96568ddac6ce","CLBJ_009.basePlot.vst","2016-02-10","vst_CLBJ_2016","D11","CLBJ","CLBJ_009",,"NEON.PLA.D11.CLBJ.00001",,"single bole tree","Live",16.2,130,,,,,,,"Full sun",,,,,,,"+iQvVZ4QDC/6AZ19AJv4/Z5pPlRFlUUb","cJ8Mt89MTxlqOnAc6pDp/DoDhz6eIepx","legacyData"
"344239f9-a335-4ac6-a894-b6f784382fb3","CLBJ_009.basePlot.vst","2016-02-10","vst_CLBJ_2016","D11","CLBJ","CLBJ_009",,"NEON.PLA.D11.CLBJ.00018",,"small shrub","Live",1.0,10,1.6,,,,1.4,1.2,"Full shade","half-sphere",,,,,,"C9GzU2YIgNp6Vw0n+VOm12lcWzn+J9JF","cJ8Mt89MTxlqOnAc6pDp/DoDhz6eIepx","legacyData"
"f9a4eba2-8e99-4671-91e2-02d2b8282615","CLBJ_009.basePlot.vst","2016-02-10","vst_CLBJ_2016","D11","CLBJ","CLBJ_009",,"NEON.PLA.D11.CLBJ.00167",,"single bole tree","Live",37.1,157,,,,,,,"Open grown",,,,,,"height measurement at 157m- branch at DBH","+iQvVZ4QDC/6AZ19AJv4/Z5pPlRFlUUb","cJ8Mt89MTxlqOnAc6pDp/DoDhz6eIepx","legacyData"
"d43d449d-a336-41d4-89ed-bd88caced5c1","CLBJ_009.basePlot.vst","2016-02-10","vst_CLBJ_2016","D11","CLBJ","CLBJ_009",,"NEON.PLA.D11.CLBJ.00185",,"small shrub","Live",1.2,10,1.9,,,,1.7,1.6,"Mostly shaded",,,,,,,"+iQvVZ4QDC/6AZ19AJv4/Z5pPlRFlUUb","cJ8Mt89MTxlqOnAc6pDp/DoDhz6eIepx","legacyData"
"b7ca51b1-3af0-4704-bb40-f03bc90a64c8","CLBJ_009.basePlot.vst","2016-02-10","vst_CLBJ_2016","D11","CLBJ","CLBJ_009",,"NEON.PLA.D11.CLBJ.00017",,"small shrub","Live",1.0,10,2.1,,,,1.1,0.9,"Mostly shaded","cylinder",,,,,,"C9GzU2YIgNp6Vw0n+VOm12lcWzn+J9JF","cJ8Mt89MTxlqOnAc6pDp/DoDhz6eIepx","legacyData"
"0c259fcc-9e53-4288-bcc0-62e0336c5ad3","CLBJ_009.basePlot.vst","2016-02-10","vst_CLBJ_2016","D11","CLBJ","CLBJ_009",,"NEON.PLA.D11.CLBJ.00008",,"sapling","Live",1.0,10,,,,,,,"Full shade",,,,,,,"C9GzU2YIgNp6Vw0n+VOm12lcWzn+J9JF","cJ8Mt89MTxlqOnAc6pDp/DoDhz6eIepx","legacyData"
"218aa236-01d1-4b97-ba3e-c579785c155d","CLBJ_009.basePlot.vst","2016-02-10","vst_CLBJ_2016","D11","CLBJ","CLBJ_009",,"NEON.PLA.D11.CLBJ.00169",,"single bole tree","Standing dead",11.5,130,,,,,,,"Partially shaded",,,,,,,"+iQvVZ4QDC/6AZ19AJv4/Z5pPlRFlUUb","cJ8Mt89MTxlqOnAc6pDp/DoDhz6eIepx","legacyData"
"14b69213-3011-4d56-bedf-64731d0a2d89","CLBJ_009.basePlot.vst","2016-02-10","vst_CLBJ_2016","D11","CLBJ","CLBJ_009",,"NEON.PLA.D11.CLBJ.00003",,"single bole tree","Live,  other damage",12.6,130,,,,,,,"Partially shaded",,,,,,"stem status 7- broken branches and degrading bark","+iQvVZ4QDC/6AZ19AJv4/Z5pPlRFlUUb","cJ8Mt89MTxlqOnAc6pDp/DoDhz6eIepx","legacyData"
"a81b84c1-6036-45e2-88af-94e8fedd770c","CLBJ_009.basePlot.vst","2016-02-10","vst_CLBJ_2016","D11","CLBJ","CLBJ_009",,"NEON.PLA.D11.CLBJ.00168",,"single bole tree","Live,  other damage",50.0,130,,,,,,,"Open grown",,,,,,"stem status 7- broken crown/branches; evidence of fire; might be dead","+iQvVZ4QDC/6AZ19AJv4/Z5pPlRFlUUb","cJ8Mt89MTxlqOnAc6pDp/DoDhz6eIepx","legacyData"
"b0d2fc70-6453-4d11-8c34-e240eae4435c","CLBJ_009.basePlot.vst","2016-02-10","vst_CLBJ_2016","D11","CLBJ","CLBJ_009",,"NEON.PLA.D11.CLBJ.00015",,"small tree","Live",6.9,130,,,,,,,"Partially shaded",,,,,,,"C9GzU2YIgNp6Vw0n+VOm12lcWzn+J9JF","cJ8Mt89MTxlqOnAc6pDp/DoDhz6eIepx","legacyData"
"379e7f35-b811-490d-b124-4a3d6f9fa2d8","CLBJ_009.basePlot.vst","2016-02-10","vst_CLBJ_2016","D11","CLBJ","CLBJ_009",,"NEON.PLA.D11.CLBJ.00005",,"single bole tree","Live",11.1,130,,,,,,,"Partially shaded",,,,,,,"+iQvVZ4QDC/6AZ19AJv4/Z5pPlRFlUUb","cJ8Mt89MTxlqOnAc6pDp/DoDhz6eIepx","legacyData"
"c9fd0227-5cc2-4bb2-bf7b-da52d3fc3843","CLBJ_009.basePlot.vst","2016-02-10","vst_CLBJ_2016","D11","CLBJ","CLBJ_009",,"NEON.PLA.D11.CLBJ.00193",,"small tree","Standing dead",1.6,130,,,,,,,"Full shade",,,,,,,"+iQvVZ4QDC/6AZ19AJv4/Z5pPlRFlUUb","cJ8Mt89MTxlqOnAc6pDp/DoDhz6eIepx","legacyData"
"b670b55e-c290-4ea0-bb8a-22843d83fa4b","CLBJ_009.basePlot.vst","2016-02-10","vst_CLBJ_2016","D11","CLBJ","CLBJ_009",,"NEON.PLA.D11.CLBJ.00176",,"sapling","Live",1.0,10,,,,,,,"Open grown",,,,,,,"C9GzU2YIgNp6Vw0n+VOm12lcWzn+J9JF","cJ8Mt89MTxlqOnAc6pDp/DoDhz6eIepx","legacyData"
"e114ac34-fabc-48eb-aa29-334bd824acf9","CLBJ_009.basePlot.vst","2016-02-10","vst_CLBJ_2016","D11","CLBJ","CLBJ_009",,"NEON.PLA.D11.CLBJ.00002",,"single bole tree","Live",19.0,130,,,,,,,"Open grown",,,,,,,"C9GzU2YIgNp6Vw0n+VOm12lcWzn+J9JF","cJ8Mt89MTxlqOnAc6pDp/DoDhz6eIepx","legacyData"
"cf7a6ad6-6ec5-4ddb-8a90-b74e0b093030","CLBJ_009.basePlot.vst","2016-02-10","vst_CLBJ_2016","D11","CLBJ","CLBJ_009",,"NEON.PLA.D11.CLBJ.00181",,"small shrub","Live",1.3,10,,,,,,,,"half-sphere",,,,,"3 qualifying stems","C9GzU2YIgNp6Vw0n+VOm12lcWzn+J9JF","cJ8Mt89MTxlqOnAc6pDp/DoDhz6eIepx","legacyData"
"65a1f3de-084a-47a1-921e-9ad1602a5deb","CLBJ_009.basePlot.vst","2016-02-10","vst_CLBJ_2016","D11","CLBJ","CLBJ_009",,"NEON.PLA.D11.CLBJ.00178",,"small tree","Live",3.5,130,,,,,,,"Full sun",,,,,,,"C9GzU2YIgNp6Vw0n+VOm12lcWzn+J9JF","cJ8Mt89MTxlqOnAc6pDp/DoDhz6eIepx","legacyData"
"a4c4e3ad-2195-4502-aa9d-5f4988c487ff","CLBJ_009.basePlot.vst","2016-02-10","vst_CLBJ_2016","D11","CLBJ","CLBJ_009",,"NEON.PLA.D11.CLBJ.00019",,"single shrub","Live",1.0,10,,,,,,,,,,,,,"4 qualifying stems","C9GzU2YIgNp6Vw0n+VOm12lcWzn+J9JF","cJ8Mt89MTxlqOnAc6pDp/DoDhz6eIepx","legacyData"
"380fa690-8e11-462a-af06-e1dbdae92e1f","CLBJ_009.basePlot.vst","2016-02-10","vst_CLBJ_2016","D11","CLBJ","CLBJ_009",,"NEON.PLA.D11.CLBJ.00011",,"small tree","Live",1.8,130,,,,,,,"Mostly shaded",,,,,,,"C9GzU2YIgNp6Vw0n+VOm12lcWzn+J9JF","cJ8Mt89MTxlqOnAc6pDp/DoDhz6eIepx","legacyData"
"a253f964-ce13-4e28-8f0c-6b9e6aa73026","CLBJ_009.basePlot.vst","2016-02-10","vst_CLBJ_2016","D11","CLBJ","CLBJ_009",,"NEON.PLA.D11.CLBJ.00189",,"sapling","Live",1.0,10,,,,,,,"Full shade",,,,,,,"+iQvVZ4QDC/6AZ19AJv4/Z5pPlRFlUUb","cJ8Mt89MTxlqOnAc6pDp/DoDhz6eIepx","legacyData"
"3d1261d8-3924-4661-b2d5-11d43a7fa9df","CLBJ_009.basePlot.vst","2016-02-10","vst_CLBJ_2016","D11","CLBJ","CLBJ_009",,"NEON.PLA.D11.CLBJ.00027",,"single bole tree","Live, physically damaged",10.2,130,,,,,,,"Open grown",,,,,,"stem status 6- broken crown","+iQvVZ4QDC/6AZ19AJv4/Z5pPlRFlUUb","cJ8Mt89MTxlqOnAc6pDp/DoDhz6eIepx","legacyData"
"8012b2f7-8dda-4de2-8332-1800036afc70","CLBJ_009.basePlot.vst","2016-02-10","vst_CLBJ_2016","D11","CLBJ","CLBJ_009",,"NEON.PLA.D11.CLBJ.00004",,"single bole tree","Live",33.1,130,,,,,,,"Full sun",,,,,,,"+iQvVZ4QDC/6AZ19AJv4/Z5pPlRFlUUb","cJ8Mt89MTxlqOnAc6pDp/DoDhz6eIepx","legacyData"
"15659193-dcdc-4924-b0dd-3f41dcd921dc","CLBJ_009.basePlot.vst","2016-02-10","vst_CLBJ_2016","D11","CLBJ","CLBJ_009",,"NEON.PLA.D11.CLBJ.00170",,"single bole tree","Standing dead",22.0,130,,,,,,,"Open grown",,,,,,,"+iQvVZ4QDC/6AZ19AJv4/Z5pPlRFlUUb","cJ8Mt89MTxlqOnAc6pDp/DoDhz6eIepx","legacyData"
"7ac1867c-f50c-4907-b70c-bd150cf08034","CLBJ_009.basePlot.vst","2016-02-10","vst_CLBJ_2016","D11","CLBJ","CLBJ_009",,"NEON.PLA.D11.CLBJ.00014",,"small tree","Live",7.6,130,,,,,,,"Full sun",,,,,,,"C9GzU2YIgNp6Vw0n+VOm12lcWzn+J9JF","cJ8Mt89MTxlqOnAc6pDp/DoDhz6eIepx","legacyData"
"1cf774e4-086a-4f0f-b6de-bb490d4d32f7","CLBJ_009.basePlot.vst","2016-02-10","vst_CLBJ_2016","D11","CLBJ","CLBJ_009",,"NEON.PLA.D11.CLBJ.00016",,"liana","Live",4.2,130,,,,,,,,,,,,,,"C9GzU2YIgNp6Vw0n+VOm12lcWzn+J9JF","cJ8Mt89MTxlqOnAc6pDp/DoDhz6eIepx","legacyData"
"f9e16e10-c77e-4100-a85a-956ea9937428","CLBJ_009.basePlot.vst","2016-02-10","vst_CLBJ_2016","D11","CLBJ","CLBJ_009",,"NEON.PLA.D11.CLBJ.00006",,"single bole tree","Live",12.6,130,,,,,,,"Full sun",,,,,,,"+iQvVZ4QDC/6AZ19AJv4/Z5pPlRFlUUb","cJ8Mt89MTxlqOnAc6pDp/DoDhz6eIepx","legacyData"
"f195d8c5-fe8a-47d6-b41e-75fb1594fb44","CLBJ_009.basePlot.vst","2016-02-10","vst_CLBJ_2016","D11","CLBJ","CLBJ_009",,"NEON.PLA.D11.CLBJ.00009",,"small tree","Live",6.7,130,,,,,,,"Full sun",,,,,,,"C9GzU2YIgNp6Vw0n+VOm12lcWzn+J9JF","cJ8Mt89MTxlqOnAc6pDp/DoDhz6eIepx","legacyData"
"3d1c6849-58e9-4f67-85d9-ab70d0c94a45","CLBJ_009.basePlot.vst","2016-02-10","vst_CLBJ_2016","D11","CLBJ","CLBJ_009",,"NEON.PLA.D11.CLBJ.00171",,"small tree","Standing dead",2.3,130,,,,,,,"Mostly shaded",,,,,,,"+iQvVZ4QDC/6AZ19AJv4/Z5pPlRFlUUb","cJ8Mt89MTxlqOnAc6pDp/DoDhz6eIepx","legacyData"
"1381b189-8d3a-4f7a-9e1b-8a3c9f26d3fd","CLBJ_009.basePlot.vst","2016-02-10","vst_CLBJ_2016","D11","CLBJ","CLBJ_009",,"NEON.PLA.D11.CLBJ.00022",,"small tree","Live",2.7,130,,,,,,,"Partially shaded",,,,,,,"C9GzU2YIgNp6Vw0n+VOm12lcWzn+J9JF","cJ8Mt89MTxlqOnAc6pDp/DoDhz6eIepx","legacyData"
"5b6737ae-46e5-4243-b4b2-c5cc4ccc13bb","CLBJ_009.basePlot.vst","2016-02-10","vst_CLBJ_2016","D11","CLBJ","CLBJ_009",,"NEON.PLA.D11.CLBJ.00182",,"liana","Live",1.5,130,,,,,,,"Full shade",,,,,,,"C9GzU2YIgNp6Vw0n+VOm12lcWzn+J9JF","cJ8Mt89MTxlqOnAc6pDp/DoDhz6eIepx","legacyData"
"e29c5d16-c24c-4456-882c-fdf302bc34c8","CLBJ_009.basePlot.vst","2016-02-10","vst_CLBJ_2016","D11","CLBJ","CLBJ_009",,"NEON.PLA.D11.CLBJ.00020",,"liana","Live",1.1,130,,,,,,,,,,,,,,"C9GzU2YIgNp6Vw0n+VOm12lcWzn+J9JF","cJ8Mt89MTxlqOnAc6pDp/DoDhz6eIepx","legacyData"
"43bee21a-4f80-4e9d-bc80-672ec78d6219","CLBJ_009.basePlot.vst","2016-02-10","vst_CLBJ_2016","D11","CLBJ","CLBJ_009",,"NEON.PLA.D11.CLBJ.00013",,"small tree","Live",7.1,130,,,,,,,"Partially shaded",,,,,,,"C9GzU2YIgNp6Vw0n+VOm12lcWzn+J9JF","cJ8Mt89MTxlqOnAc6pDp/DoDhz6eIepx","legacyData"
"031b00cb-aa79-4760-b974-0c26d32b56c9","CLBJ_009.basePlot.vst","2016-02-10","vst_CLBJ_2016","D11","CLBJ","CLBJ_009",,"NEON.PLA.D11.CLBJ.00012",,"sapling","Live",2.3,10,,,,,,,"Full shade",,,,,,,"C9GzU2YIgNp6Vw0n+VOm12lcWzn+J9JF","cJ8Mt89MTxlqOnAc6pDp/DoDhz6eIepx","legacyData"
"3cd5233a-a873-4cd6-8a02-2e3a8f91048e","CLBJ_009.basePlot.vst","2016-02-10","vst_CLBJ_2016","D11","CLBJ","CLBJ_009",,"NEON.PLA.D11.CLBJ.00196",,"small shrub","Live",1.2,10,2.1,,,,1.3,1.3,"Full shade","inverted cone",,,6.50,3.00,,"+iQvVZ4QDC/6AZ19AJv4/Z5pPlRFlUUb","cJ8Mt89MTxlqOnAc6pDp/DoDhz6eIepx","legacyData"
"590a15e8-53df-4fbe-bb8b-2704b7281e1a","CLBJ_009.basePlot.vst","2016-02-10","vst_CLBJ_2016","D11","CLBJ","CLBJ_009",,"NEON.PLA.D11.CLBJ.00166",,"single bole tree","Live",10.5,130,,,,,,,"Partially shaded",,,,,,,"+iQvVZ4QDC/6AZ19AJv4/Z5pPlRFlUUb","cJ8Mt89MTxlqOnAc6pDp/DoDhz6eIepx","legacyData"
"ca2cef5f-26c4-4a1a-bba9-d23d076c9554","CLBJ_009.basePlot.vst","2016-02-10","vst_CLBJ_2016","D11","CLBJ","CLBJ_009",,"NEON.PLA.D11.CLBJ.00192",,"small shrub","Live",1.0,10,1.6,,,,1.3,1.2,"Full shade","inverted cone",,,7.00,6.00,,"+iQvVZ4QDC/6AZ19AJv4/Z5pPlRFlUUb","cJ8Mt89MTxlqOnAc6pDp/DoDhz6eIepx","legacyData"
"15ac1120-7eec-440f-835e-dc7cbe95fef0","CLBJ_009.basePlot.vst","2016-02-10","vst_CLBJ_2016","D11","CLBJ","CLBJ_009",,"NEON.PLA.D11.CLBJ.00194",,"small shrub","Live",1.0,10,2.1,,,,1.2,1.1,"Full shade","inverted cone",,,11.50,9.50,,"+iQvVZ4QDC/6AZ19AJv4/Z5pPlRFlUUb","cJ8Mt89MTxlqOnAc6pDp/DoDhz6eIepx","legacyData"
"4e21d5f5-d16e-4cbd-ae80-27bf896ebdc0","CLBJ_009.basePlot.vst","2016-02-10","vst_CLBJ_2016","D11","CLBJ","CLBJ_009",,"NEON.PLA.D11.CLBJ.00172",,"single bole tree","Standing dead",12.0,130,,,,,,,"Full sun",,,,,,,"+iQvVZ4QDC/6AZ19AJv4/Z5pPlRFlUUb","cJ8Mt89MTxlqOnAc6pDp/DoDhz6eIepx","legacyData"
"026cba0d-b8fb-4c2b-acf0-0c9e1e8190cd","CLBJ_009.basePlot.vst","2016-02-10","vst_CLBJ_2016","D11","CLBJ","CLBJ_009",,"NEON.PLA.D11.CLBJ.00007",,"single bole tree","Live",29.7,130,,,,,,,"Full sun",,,,,,,"+iQvVZ4QDC/6AZ19AJv4/Z5pPlRFlUUb","cJ8Mt89MTxlqOnAc6pDp/DoDhz6eIepx","legacyData"
"b0464c9f-9f11-49c7-a3e1-e79451ded80a","CLBJ_011.basePlot.vst","2016-02-11","vst_CLBJ_2016","D11","CLBJ","CLBJ_011",,"NEON.PLA.D11.CLBJ.00174",,"small tree","Live",7.6,130,,,,,,,"Mostly shaded",,,,,,,"won/tyUsFjCjTGqHBmGD3e54PFu+l8CW","C9GzU2YIgNp6Vw0n+VOm12lcWzn+J9JF","legacyData"
"f4163c52-045a-46cc-a8b3-9814006e983a","CLBJ_011.basePlot.vst","2016-02-11","vst_CLBJ_2016","D11","CLBJ","CLBJ_011",,"NEON.PLA.D11.CLBJ.00377",,"single bole tree","Live",41.0,130,,,,,,,"Partially shaded",,,,,,,"zqzI6VPGJkqKrnUdkEIpiHhaRLZfA7fK","C0Kcj60NM2i6Hyiei+7ZMrFcIelEO7Hg","legacyData"
"31302326-d262-4da1-97d1-fea019cf0858","CLBJ_011.basePlot.vst","2016-02-11","vst_CLBJ_2016","D11","CLBJ","CLBJ_011",,"NEON.PLA.D11.CLBJ.00163",,"small tree","Live",2.5,130,,,,,,,"Mostly shaded",,,,,,,"won/tyUsFjCjTGqHBmGD3e54PFu+l8CW","C9GzU2YIgNp6Vw0n+VOm12lcWzn+J9JF","legacyData"
"b0935a1f-4892-4792-9928-5cbe149e937c","CLBJ_011.basePlot.vst","2016-02-11","vst_CLBJ_2016","D11","CLBJ","CLBJ_011",,"NEON.PLA.D11.CLBJ.00179",,"small tree","Live",1.3,130,,,,,,,"Full shade",,,,,,,"won/tyUsFjCjTGqHBmGD3e54PFu+l8CW","C9GzU2YIgNp6Vw0n+VOm12lcWzn+J9JF","legacyData"
"9f6ee5c5-e0b6-48dc-bcae-4a708f586324","CLBJ_011.basePlot.vst","2016-02-11","vst_CLBJ_2016","D11","CLBJ","CLBJ_011",,"NEON.PLA.D11.CLBJ.00147",,"small tree","Live",3.1,130,,,,,,,"Full shade",,,,,,,"IwiAeKKpgyDNoYNXo7Ff5Z9mnt7Mfl5M","won/tyUsFjCjTGqHBmGD3e54PFu+l8CW","legacyData"
"3840ffe6-946b-4d31-8349-2472d3a7a832","CLBJ_011.basePlot.vst","2016-02-11","vst_CLBJ_2016","D11","CLBJ","CLBJ_011",,"NEON.PLA.D11.CLBJ.00155",,"sapling","Live",6.9,130,,,,,,,"Full shade",,,,,,,"IwiAeKKpgyDNoYNXo7Ff5Z9mnt7Mfl5M","won/tyUsFjCjTGqHBmGD3e54PFu+l8CW","legacyData"
"48f11474-d438-40ff-a9c5-131801b4f11e","CLBJ_011.basePlot.vst","2016-02-11","vst_CLBJ_2016","D11","CLBJ","CLBJ_011",,"NEON.PLA.D11.CLBJ.00200",,"small tree","Standing dead",6.2,130,,,,,,,"Full shade",,,,,,,"won/tyUsFjCjTGqHBmGD3e54PFu+l8CW","C9GzU2YIgNp6Vw0n+VOm12lcWzn+J9JF","legacyData"
"f99162b0-a426-487c-9d53-1595cc1ab9b8","CLBJ_011.basePlot.vst","2016-02-11","vst_CLBJ_2016","D11","CLBJ","CLBJ_011",,"NEON.PLA.D11.CLBJ.00400",,"single bole tree","Live",32.2,130,,,,,,,"Partially shaded",,,,,,,"zqzI6VPGJkqKrnUdkEIpiHhaRLZfA7fK","C0Kcj60NM2i6Hyiei+7ZMrFcIelEO7Hg","legacyData"
"5c79397e-70f6-4418-bac8-bfc77c9fb8ab","CLBJ_011.basePlot.vst","2016-02-11","vst_CLBJ_2016","D11","CLBJ","CLBJ_011",,"NEON.PLA.D11.CLBJ.00186",,"small tree","Live",6.0,130,,,,,,,"Full shade",,,,,,,"won/tyUsFjCjTGqHBmGD3e54PFu+l8CW","C9GzU2YIgNp6Vw0n+VOm12lcWzn+J9JF","legacyData"
"703960b3-d2e0-4e79-9a4e-f82809fa0397","CLBJ_011.basePlot.vst","2016-02-11","vst_CLBJ_2016","D11","CLBJ","CLBJ_011",,"NEON.PLA.D11.CLBJ.00397",,"single bole tree","Live",10.2,130,,,,,,,"Mostly shaded",,,,,,,"zqzI6VPGJkqKrnUdkEIpiHhaRLZfA7fK","C0Kcj60NM2i6Hyiei+7ZMrFcIelEO7Hg","legacyData"
"a46815e4-6d51-4406-8d35-cd9c644fce45","CLBJ_011.basePlot.vst","2016-02-11","vst_CLBJ_2016","D11","CLBJ","CLBJ_011",,"NEON.PLA.D11.CLBJ.00386",,"single bole tree","Live",18.6,130,,,,,,,"Partially shaded",,,,,,,"zqzI6VPGJkqKrnUdkEIpiHhaRLZfA7fK","C0Kcj60NM2i6Hyiei+7ZMrFcIelEO7Hg","legacyData"
"5c03e163-3207-4f81-bac7-ab35df392247","CLBJ_011.basePlot.vst","2016-02-11","vst_CLBJ_2016","D11","CLBJ","CLBJ_011",,"NEON.PLA.D11.CLBJ.00389",,"single bole tree","Live",17.8,130,,,,,,,"Partially shaded",,,,,,,"zqzI6VPGJkqKrnUdkEIpiHhaRLZfA7fK","C0Kcj60NM2i6Hyiei+7ZMrFcIelEO7Hg","legacyData"
"92eda466-d7f1-4cb4-b695-f7173dba44b9","CLBJ_011.basePlot.vst","2016-02-11","vst_CLBJ_2016","D11","CLBJ","CLBJ_011",,"NEON.PLA.D11.CLBJ.00165",,"sapling","Live",1.6,10,,,,,,,"Full shade",,,,,,,"won/tyUsFjCjTGqHBmGD3e54PFu+l8CW","C9GzU2YIgNp6Vw0n+VOm12lcWzn+J9JF","legacyData"
"5e69c0f0-c166-4be6-8641-e36c5c0f152f","CLBJ_011.basePlot.vst","2016-02-11","vst_CLBJ_2016","D11","CLBJ","CLBJ_011",,"NEON.PLA.D11.CLBJ.00159",,"small shrub","Live",1.3,10,0.9,,,,0.7,0.4,"Mostly shaded","cylinder",,,,,,"won/tyUsFjCjTGqHBmGD3e54PFu+l8CW","C9GzU2YIgNp6Vw0n+VOm12lcWzn+J9JF","legacyData"
"6d867a64-bc02-4d93-9fc1-71a0f08294e3","CLBJ_011.basePlot.vst","2016-02-11","vst_CLBJ_2016","D11","CLBJ","CLBJ_011",,"NEON.PLA.D11.CLBJ.00385A",,,"Live",10.9,130,,,,,,,"Mostly shaded",,,,,,,"zqzI6VPGJkqKrnUdkEIpiHhaRLZfA7fK","C0Kcj60NM2i6Hyiei+7ZMrFcIelEO7Hg","legacyData"
"12d51390-feb9-4af6-871d-aa6e2eb04e07","CLBJ_011.basePlot.vst","2016-02-11","vst_CLBJ_2016","D11","CLBJ","CLBJ_011",,"NEON.PLA.D11.CLBJ.00191",,"small tree","Live",3.5,130,,,,,,,"Full shade",,,,,,,"won/tyUsFjCjTGqHBmGD3e54PFu+l8CW","C9GzU2YIgNp6Vw0n+VOm12lcWzn+J9JF","legacyData"
"bb11ca5a-dc7c-485c-9f84-4edf24e2c128","CLBJ_011.basePlot.vst","2016-02-11","vst_CLBJ_2016","D11","CLBJ","CLBJ_011",,"NEON.PLA.D11.CLBJ.00152",,"small tree","Live",1.7,130,,,,,,,"Full shade",,,,,,,"won/tyUsFjCjTGqHBmGD3e54PFu+l8CW","C9GzU2YIgNp6Vw0n+VOm12lcWzn+J9JF","legacyData"
"6c6c0d4f-3990-46c9-a6e4-335971c87adb","CLBJ_011.basePlot.vst","2016-02-11","vst_CLBJ_2016","D11","CLBJ","CLBJ_011",,"NEON.PLA.D11.CLBJ.00391",,"single bole tree","Live",13.9,130,,,,,,,"Mostly shaded",,,,,,,"zqzI6VPGJkqKrnUdkEIpiHhaRLZfA7fK","C0Kcj60NM2i6Hyiei+7ZMrFcIelEO7Hg","legacyData"
"9331c580-6054-4ee1-bec4-7819fc398af8","CLBJ_011.basePlot.vst","2016-02-11","vst_CLBJ_2016","D11","CLBJ","CLBJ_011",,"NEON.PLA.D11.CLBJ.00197",,"small tree","Live",5.1,130,,,,,,,"Mostly shaded",,,,,,,"won/tyUsFjCjTGqHBmGD3e54PFu+l8CW","C9GzU2YIgNp6Vw0n+VOm12lcWzn+J9JF","legacyData"
"31599e67-f873-4b5f-9497-8627ac7d2be0","CLBJ_011.basePlot.vst","2016-02-11","vst_CLBJ_2016","D11","CLBJ","CLBJ_011",,"NEON.PLA.D11.CLBJ.00141",,"small tree","Live",2.5,130,,,,,,,"Full shade",,,,,,,"IwiAeKKpgyDNoYNXo7Ff5Z9mnt7Mfl5M","won/tyUsFjCjTGqHBmGD3e54PFu+l8CW","legacyData"
"42ddbb85-9515-472c-b07e-e8c27a6980c2","CLBJ_011.basePlot.vst","2016-02-11","vst_CLBJ_2016","D11","CLBJ","CLBJ_011",,"NEON.PLA.D11.CLBJ.00382",,"single bole tree","Live",11.4,130,,,,,,,"Mostly shaded",,,,,,,"zqzI6VPGJkqKrnUdkEIpiHhaRLZfA7fK","C0Kcj60NM2i6Hyiei+7ZMrFcIelEO7Hg","legacyData"
"7cb4ccff-c1fc-42a6-a159-20a9087bd707","CLBJ_011.basePlot.vst","2016-02-11","vst_CLBJ_2016","D11","CLBJ","CLBJ_011",,"NEON.PLA.D11.CLBJ.00399",,"single bole tree","Live",20.3,130,,,,,,,"Partially shaded",,,,,,,"zqzI6VPGJkqKrnUdkEIpiHhaRLZfA7fK","C0Kcj60NM2i6Hyiei+7ZMrFcIelEO7Hg","legacyData"
"afc5ae7f-8c49-4b7d-a68c-d1af78cce43e","CLBJ_011.basePlot.vst","2016-02-11","vst_CLBJ_2016","D11","CLBJ","CLBJ_011",,"NEON.PLA.D11.CLBJ.00142",,"small tree","Live",2.4,130,,,,,,,"Full shade",,,,,,,"IwiAeKKpgyDNoYNXo7Ff5Z9mnt7Mfl5M","won/tyUsFjCjTGqHBmGD3e54PFu+l8CW","legacyData"
"00f4d99f-55dc-49db-9b13-9079d81cab38","CLBJ_011.basePlot.vst","2016-02-11","vst_CLBJ_2016","D11","CLBJ","CLBJ_011",,"NEON.PLA.D11.CLBJ.00145",,"small tree","Live",5.5,130,,,,,,,"Full shade",,,,,,,"IwiAeKKpgyDNoYNXo7Ff5Z9mnt7Mfl5M","won/tyUsFjCjTGqHBmGD3e54PFu+l8CW","legacyData"
"dbd08311-16c2-4273-859f-53c4fdde09b6","CLBJ_011.basePlot.vst","2016-02-11","vst_CLBJ_2016","D11","CLBJ","CLBJ_011",,"NEON.PLA.D11.CLBJ.00151",,"sapling","Live",1.6,10,,,,,,,"Full shade",,,,,,,"won/tyUsFjCjTGqHBmGD3e54PFu+l8CW","C9GzU2YIgNp6Vw0n+VOm12lcWzn+J9JF","legacyData"
"87a85168-95b5-478a-a64b-b04d3b6e3e43","CLBJ_011.basePlot.vst","2016-02-11","vst_CLBJ_2016","D11","CLBJ","CLBJ_011",,"NEON.PLA.D11.CLBJ.00199",,"small tree","Standing dead",7.4,130,,,,,,,"Full shade",,,,,,,"won/tyUsFjCjTGqHBmGD3e54PFu+l8CW","C9GzU2YIgNp6Vw0n+VOm12lcWzn+J9JF","legacyData"
"d0d0afe4-3c6c-41f5-b76c-390c11c9290c","CLBJ_011.basePlot.vst","2016-02-11","vst_CLBJ_2016","D11","CLBJ","CLBJ_011",,"NEON.PLA.D11.CLBJ.00387",,"single bole tree","Live",13.4,130,,,,,,,"Partially shaded",,,,,,,"zqzI6VPGJkqKrnUdkEIpiHhaRLZfA7fK","C0Kcj60NM2i6Hyiei+7ZMrFcIelEO7Hg","legacyData"
"a41eca88-a93c-49ff-b2bf-acde95416a00","CLBJ_011.basePlot.vst","2016-02-11","vst_CLBJ_2016","D11","CLBJ","CLBJ_011",,"NEON.PLA.D11.CLBJ.00161",,"small tree","Live",1.2,130,,,,,,,"Full shade",,,,,,,"won/tyUsFjCjTGqHBmGD3e54PFu+l8CW","C9GzU2YIgNp6Vw0n+VOm12lcWzn+J9JF","legacyData"
"d372ef35-841b-4881-8e85-8da2a2344d17","CLBJ_011.basePlot.vst","2016-02-11","vst_CLBJ_2016","D11","CLBJ","CLBJ_011",,"NEON.PLA.D11.CLBJ.00156",,"sapling","Live",1.7,10,,,,,,,"Full shade",,,,,,,"won/tyUsFjCjTGqHBmGD3e54PFu+l8CW","C9GzU2YIgNp6Vw0n+VOm12lcWzn+J9JF","legacyData"
"e5845c4e-8172-4501-abf3-b1fd4a6c7a97","CLBJ_011.basePlot.vst","2016-02-11","vst_CLBJ_2016","D11","CLBJ","CLBJ_011",,"NEON.PLA.D11.CLBJ.00160",,"small tree","Live",2.9,130,,,,,,,"Full shade",,,,,,,"IwiAeKKpgyDNoYNXo7Ff5Z9mnt7Mfl5M","won/tyUsFjCjTGqHBmGD3e54PFu+l8CW","legacyData"
"232e7370-8d1f-46e1-a712-b2cc264b8c19","CLBJ_011.basePlot.vst","2016-02-11","vst_CLBJ_2016","D11","CLBJ","CLBJ_011",,"NEON.PLA.D11.CLBJ.00153",,"small tree","Live",1.6,10,,,,,,,"Full shade",,,,,,,"IwiAeKKpgyDNoYNXo7Ff5Z9mnt7Mfl5M","won/tyUsFjCjTGqHBmGD3e54PFu+l8CW","legacyData"
"2406b075-f855-43af-86e2-63fc446dfa5c","CLBJ_011.basePlot.vst","2016-02-11","vst_CLBJ_2016","D11","CLBJ","CLBJ_011",,"NEON.PLA.D11.CLBJ.00138",,"small tree","Live",7.7,130,,,,,,,"Mostly shaded",,,,,,,"IwiAeKKpgyDNoYNXo7Ff5Z9mnt7Mfl5M","won/tyUsFjCjTGqHBmGD3e54PFu+l8CW","legacyData"
"7d36a1a0-66dd-4bb5-95ba-1c08e680646a","CLBJ_011.basePlot.vst","2016-02-11","vst_CLBJ_2016","D11","CLBJ","CLBJ_011",,"NEON.PLA.D11.CLBJ.00398",,"single bole tree","Live",14.4,130,,,,,,,"Mostly shaded",,,,,,,"zqzI6VPGJkqKrnUdkEIpiHhaRLZfA7fK","C0Kcj60NM2i6Hyiei+7ZMrFcIelEO7Hg","legacyData"
"a9860999-71c3-4375-a69d-eda2e1eca8d1","CLBJ_011.basePlot.vst","2016-02-11","vst_CLBJ_2016","D11","CLBJ","CLBJ_011",,"NEON.PLA.D11.CLBJ.00173",,"small tree","Live",9.3,130,,,,,,,"Mostly shaded",,,,,,,"won/tyUsFjCjTGqHBmGD3e54PFu+l8CW","C9GzU2YIgNp6Vw0n+VOm12lcWzn+J9JF","legacyData"
"354803ac-16e0-4a27-97a5-c4bce931368c","CLBJ_011.basePlot.vst","2016-02-11","vst_CLBJ_2016","D11","CLBJ","CLBJ_011",,"NEON.PLA.D11.CLBJ.00158",,"sapling","Live",1.8,10,,,,,,,"Full shade",,,,,,,"won/tyUsFjCjTGqHBmGD3e54PFu+l8CW","C9GzU2YIgNp6Vw0n+VOm12lcWzn+J9JF","legacyData"
"31fab816-d8eb-4f93-bf94-d555c4a27561","CLBJ_011.basePlot.vst","2016-02-11","vst_CLBJ_2016","D11","CLBJ","CLBJ_011",,"NEON.PLA.D11.CLBJ.00378",,"single bole tree","Live",15.3,130,,,,,,,"Mostly shaded",,,,,,,"zqzI6VPGJkqKrnUdkEIpiHhaRLZfA7fK","C0Kcj60NM2i6Hyiei+7ZMrFcIelEO7Hg","legacyData"
"ac2a4c4c-f2f1-4b62-8e23-719cf14a9155","CLBJ_011.basePlot.vst","2016-02-11","vst_CLBJ_2016","D11","CLBJ","CLBJ_011",,"NEON.PLA.D11.CLBJ.00177",,"small tree","Live",5.9,130,,,,,,,"Mostly shaded",,,,,,,"IwiAeKKpgyDNoYNXo7Ff5Z9mnt7Mfl5M","won/tyUsFjCjTGqHBmGD3e54PFu+l8CW","legacyData"
"52b31215-bdd6-4d50-805c-97cdbf650239","CLBJ_011.basePlot.vst","2016-02-11","vst_CLBJ_2016","D11","CLBJ","CLBJ_011",,"NEON.PLA.D11.CLBJ.00381",,"single bole tree","Live",11.2,130,,,,,,,"Mostly shaded",,,,,,,"zqzI6VPGJkqKrnUdkEIpiHhaRLZfA7fK","C0Kcj60NM2i6Hyiei+7ZMrFcIelEO7Hg","legacyData"
"ce524097-a965-48a0-9bc6-336473c38ff4","CLBJ_011.basePlot.vst","2016-02-11","vst_CLBJ_2016","D11","CLBJ","CLBJ_011",,"NEON.PLA.D11.CLBJ.00162",,"sapling","Live",1.3,10,,,,,,,"Mostly shaded",,,,,,,"won/tyUsFjCjTGqHBmGD3e54PFu+l8CW","C9GzU2YIgNp6Vw0n+VOm12lcWzn+J9JF","legacyData"
"c8dab9d6-46bd-4686-88d5-2757614ad79e","CLBJ_011.basePlot.vst","2016-02-11","vst_CLBJ_2016","D11","CLBJ","CLBJ_011",,"NEON.PLA.D11.CLBJ.00383",,"single bole tree","Live",20.8,130,,,,,,,"Partially shaded",,,,,,,"zqzI6VPGJkqKrnUdkEIpiHhaRLZfA7fK","C0Kcj60NM2i6Hyiei+7ZMrFcIelEO7Hg","legacyData"
"eb9d1575-1614-4db2-b3a1-9719b1b5e6ef","CLBJ_011.basePlot.vst","2016-02-11","vst_CLBJ_2016","D11","CLBJ","CLBJ_011",,"NEON.PLA.D11.CLBJ.00396",,"single bole tree","Live",25.3,130,,,,,,,"Full sun",,,,,,,"zqzI6VPGJkqKrnUdkEIpiHhaRLZfA7fK","C0Kcj60NM2i6Hyiei+7ZMrFcIelEO7Hg","legacyData"
"4b2dd888-b688-4069-96e3-93441ed304f5","CLBJ_011.basePlot.vst","2016-02-11","vst_CLBJ_2016","D11","CLBJ","CLBJ_011",,"NEON.PLA.D11.CLBJ.00184",,"sapling","Live",2.0,10,,,,,,,"Full shade",,,,,,,"won/tyUsFjCjTGqHBmGD3e54PFu+l8CW","C9GzU2YIgNp6Vw0n+VOm12lcWzn+J9JF","legacyData"
"fb4558e1-6ba9-4ff2-a85b-bf386b5d5659","CLBJ_011.basePlot.vst","2016-02-11","vst_CLBJ_2016","D11","CLBJ","CLBJ_011",,"NEON.PLA.D11.CLBJ.00180",,"small tree","Live",4.1,130,,,,,,,"Full shade",,,,,,,"won/tyUsFjCjTGqHBmGD3e54PFu+l8CW","C9GzU2YIgNp6Vw0n+VOm12lcWzn+J9JF","legacyData"
"a708a327-9cb4-4ede-87f6-a3898897e6bf","CLBJ_011.basePlot.vst","2016-02-11","vst_CLBJ_2016","D11","CLBJ","CLBJ_011",,"NEON.PLA.D11.CLBJ.00157",,"sapling","Live",1.7,10,,,,,,,"Full shade",,,,,,,"IwiAeKKpgyDNoYNXo7Ff5Z9mnt7Mfl5M","won/tyUsFjCjTGqHBmGD3e54PFu+l8CW","legacyData"
"17320582-0eab-4b3e-b195-6be5e4fed986","CLBJ_011.basePlot.vst","2016-02-11","vst_CLBJ_2016","D11","CLBJ","CLBJ_011",,"NEON.PLA.D11.CLBJ.00380",,"single bole tree","Live",51.7,130,,,,,,,"Partially shaded",,,,,,,"zqzI6VPGJkqKrnUdkEIpiHhaRLZfA7fK","C0Kcj60NM2i6Hyiei+7ZMrFcIelEO7Hg","legacyData"
"2f0f4709-1058-47ea-9946-e7547b07d9ea","CLBJ_011.basePlot.vst","2016-02-11","vst_CLBJ_2016","D11","CLBJ","CLBJ_011",,"NEON.PLA.D11.CLBJ.00395",,"single bole tree","Live",28.4,130,,,,,,,"Full sun",,,,,,,"zqzI6VPGJkqKrnUdkEIpiHhaRLZfA7fK","C0Kcj60NM2i6Hyiei+7ZMrFcIelEO7Hg","legacyData"
"af9a4122-671f-4fdb-80de-1e9715545984","CLBJ_011.basePlot.vst","2016-02-11","vst_CLBJ_2016","D11","CLBJ","CLBJ_011",,"NEON.PLA.D11.CLBJ.00393",,"single bole tree","Live",11.3,130,,,,,,,"Mostly shaded",,,,,,,"zqzI6VPGJkqKrnUdkEIpiHhaRLZfA7fK","C0Kcj60NM2i6Hyiei+7ZMrFcIelEO7Hg","legacyData"
"1b9747b3-62a6-4917-b881-0b988a3c5fbe","CLBJ_011.basePlot.vst","2016-02-11","vst_CLBJ_2016","D11","CLBJ","CLBJ_011",,"NEON.PLA.D11.CLBJ.00187",,"sapling","Live",1.8,10,,,,,,,"Mostly shaded",,,,,,,"won/tyUsFjCjTGqHBmGD3e54PFu+l8CW","C9GzU2YIgNp6Vw0n+VOm12lcWzn+J9JF","legacyData"
"683c5eb8-5758-471e-b335-42bf778be292","CLBJ_011.basePlot.vst","2016-02-11","vst_CLBJ_2016","D11","CLBJ","CLBJ_011",,"NEON.PLA.D11.CLBJ.00392",,"single bole tree","Live",19.3,130,,,,,,,"Partially shaded",,,,,,,"zqzI6VPGJkqKrnUdkEIpiHhaRLZfA7fK","C0Kcj60NM2i6Hyiei+7ZMrFcIelEO7Hg","legacyData"
"5aa00c6c-6879-4e51-bc4d-33dda9b8254d","CLBJ_011.basePlot.vst","2016-02-11","vst_CLBJ_2016","D11","CLBJ","CLBJ_011",,"NEON.PLA.D11.CLBJ.00385",,"multi-bole tree","Live",13.0,130,,,,,,,"Mostly shaded",,,,,,,"zqzI6VPGJkqKrnUdkEIpiHhaRLZfA7fK","C0Kcj60NM2i6Hyiei+7ZMrFcIelEO7Hg","legacyData"
"a259e890-cfbb-4956-a7eb-92e854c2f179","CLBJ_011.basePlot.vst","2016-02-11","vst_CLBJ_2016","D11","CLBJ","CLBJ_011",,"NEON.PLA.D11.CLBJ.00388",,"single bole tree","Live",20.0,130,,,,,,,"Partially shaded",,,,,,,"zqzI6VPGJkqKrnUdkEIpiHhaRLZfA7fK","C0Kcj60NM2i6Hyiei+7ZMrFcIelEO7Hg","legacyData"
"5bcec5b0-aa58-42e0-9322-ec2a85a23c6d","CLBJ_011.basePlot.vst","2016-02-11","vst_CLBJ_2016","D11","CLBJ","CLBJ_011",,"NEON.PLA.D11.CLBJ.00390",,"single bole tree","Live",18.1,130,,,,,,,"Partially shaded",,,,,,,"zqzI6VPGJkqKrnUdkEIpiHhaRLZfA7fK","C0Kcj60NM2i6Hyiei+7ZMrFcIelEO7Hg","legacyData"
"398462dc-9190-4bb9-a44f-ee93a9e6205a","CLBJ_011.basePlot.vst","2016-02-11","vst_CLBJ_2016","D11","CLBJ","CLBJ_011",,"NEON.PLA.D11.CLBJ.00195",,"small tree","Live",7.5,130,,,,,,,"Full shade",,,,,,,"won/tyUsFjCjTGqHBmGD3e54PFu+l8CW","C9GzU2YIgNp6Vw0n+VOm12lcWzn+J9JF","legacyData"
"0131e1e6-a03f-4f44-b86a-2c4ec05e64e5","CLBJ_011.basePlot.vst","2016-02-11","vst_CLBJ_2016","D11","CLBJ","CLBJ_011",,"NEON.PLA.D11.CLBJ.00139",,"small tree","Live",4.6,130,,,,,,,"Full shade",,,,,,,"IwiAeKKpgyDNoYNXo7Ff5Z9mnt7Mfl5M","won/tyUsFjCjTGqHBmGD3e54PFu+l8CW","legacyData"
"8154e79e-9f67-47e5-9a2d-1182d2e7b646","CLBJ_011.basePlot.vst","2016-02-11","vst_CLBJ_2016","D11","CLBJ","CLBJ_011",,"NEON.PLA.D11.CLBJ.00190",,,"Live",2.5,10,,,,,,,"Full shade",,,,,,,"won/tyUsFjCjTGqHBmGD3e54PFu+l8CW","C9GzU2YIgNp6Vw0n+VOm12lcWzn+J9JF","legacyData"
"fb594088-29d5-468e-bbee-6c7c8089d0d3","CLBJ_011.basePlot.vst","2016-02-11","vst_CLBJ_2016","D11","CLBJ","CLBJ_011",,"NEON.PLA.D11.CLBJ.00183",,"small tree","Live",9.1,130,1.0,,,,,,"Full shade",,,,,,,"won/tyUsFjCjTGqHBmGD3e54PFu+l8CW","C9GzU2YIgNp6Vw0n+VOm12lcWzn+J9JF","legacyData"
"7e619552-1c56-4f8d-9b8e-a3f70e3b8bf1","CLBJ_011.basePlot.vst","2016-02-11","vst_CLBJ_2016","D11","CLBJ","CLBJ_011",,"NEON.PLA.D11.CLBJ.00384",,"single bole tree","Live",11.2,130,,,,,,,"Mostly shaded",,,,,,,"zqzI6VPGJkqKrnUdkEIpiHhaRLZfA7fK","C0Kcj60NM2i6Hyiei+7ZMrFcIelEO7Hg","legacyData"
"291322da-f4ca-4cc7-ad5f-552351209606","CLBJ_011.basePlot.vst","2016-02-11","vst_CLBJ_2016","D11","CLBJ","CLBJ_011",,"NEON.PLA.D11.CLBJ.00198",,"small tree","Live",8.0,130,,,,,,,"Full shade",,,,,,,"won/tyUsFjCjTGqHBmGD3e54PFu+l8CW","C9GzU2YIgNp6Vw0n+VOm12lcWzn+J9JF","legacyData"
"c049e121-09ab-4c64-a7e1-999753f9239b","CLBJ_011.basePlot.vst","2016-02-11","vst_CLBJ_2016","D11","CLBJ","CLBJ_011",,"NEON.PLA.D11.CLBJ.00154",,"small shrub","Live",1.3,10,,,,,,,"Mostly shaded",,,,,,,"won/tyUsFjCjTGqHBmGD3e54PFu+l8CW","C9GzU2YIgNp6Vw0n+VOm12lcWzn+J9JF","legacyData"
"1d839dc6-e003-4fa7-8c4a-fa9dcbec21bd","CLBJ_011.basePlot.vst","2016-02-11","vst_CLBJ_2016","D11","CLBJ","CLBJ_011",,"NEON.PLA.D11.CLBJ.00175",,"small shrub","Live",1.0,10,0.7,,,,0.6,0.5,"Full sun","half-sphere",,,,,,"won/tyUsFjCjTGqHBmGD3e54PFu+l8CW","C9GzU2YIgNp6Vw0n+VOm12lcWzn+J9JF","legacyData"
"d56b41eb-047d-4c54-9c4b-611a3d5c11e4","CLBJ_011.basePlot.vst","2016-02-11","vst_CLBJ_2016","D11","CLBJ","CLBJ_011",,"NEON.PLA.D11.CLBJ.00394",,"single bole tree","Live",11.5,130,,,,,,,"Mostly shaded",,,,,,,"zqzI6VPGJkqKrnUdkEIpiHhaRLZfA7fK","C0Kcj60NM2i6Hyiei+7ZMrFcIelEO7Hg","legacyData"
"40a4d95d-8543-4582-9ad7-3478b0aec13d","CLBJ_011.basePlot.vst","2016-02-11","vst_CLBJ_2016","D11","CLBJ","CLBJ_011",,"NEON.PLA.D11.CLBJ.00188",,"small tree","Live",1.8,130,,,,,,,"Full sun",,,,,,,"won/tyUsFjCjTGqHBmGD3e54PFu+l8CW","C9GzU2YIgNp6Vw0n+VOm12lcWzn+J9JF","legacyData"
"9833366a-4e71-45d2-aeb6-7a9bf563eb29","CLBJ_011.basePlot.vst","2016-02-11","vst_CLBJ_2016","D11","CLBJ","CLBJ_011",,"NEON.PLA.D11.CLBJ.00379",,"single bole tree","Live",12.9,130,1.0,,,,,,"Mostly shaded",,,,,,,"zqzI6VPGJkqKrnUdkEIpiHhaRLZfA7fK","C0Kcj60NM2i6Hyiei+7ZMrFcIelEO7Hg","legacyData"
