uid,namedLocation,date,eventID,domainID,siteID,plotID,subplotID,individualID,tagStatus,growthForm,plantStatus,stemDiameter,measurementHeight,height,baseCrownHeight,breakHeight,breakDiameter,maxCrownDiameter,ninetyCrownDiameter,canopyPosition,shape,basalStemDiameter,basalStemDiameterMsrmntHeight,maxBaseCrownDiameter,ninetyBaseCrownDiameter,remarks,recordedBy,measuredBy,dataQF
"ec8b6a48-a726-4d13-998c-d8ffc793490d","NIWO_062.basePlot.vst","2015-07-09","vst_NIWO_2015","D13","NIWO","NIWO_062",,"NEON.PLA.D13.NIWO.00261",,"small shrub","Live",,,0.4,,,,1.0,0.8,"Open grown","half-sphere",,,,,,"Xlq171H9ZZacHRTOGVYKqs8+16kKTkQj","P+EeY8owwbjzXaiaPoIJpc6mcpR6iWBh","legacyData"
"a5bbd8c1-b4c2-45f6-9be2-7fb27b4f4eac","NIWO_062.basePlot.vst","2015-07-09","vst_NIWO_2015","D13","NIWO","NIWO_062",,"NEON.PLA.D13.NIWO.00260",,"small shrub","Live",,,0.4,,,,0.5,0.4,"Open grown","cone",,,,,,"Xlq171H9ZZacHRTOGVYKqs8+16kKTkQj","P+EeY8owwbjzXaiaPoIJpc6mcpR6iWBh","legacyData"
"8d66358b-1a82-47aa-b1b7-37923513ee55","NIWO_062.basePlot.vst","2015-07-09","vst_NIWO_2015","D13","NIWO","NIWO_062",,"NEON.PLA.D13.NIWO.00264",,"small shrub","Live",,,0.5,,,,1.0,0.8,"Open grown","half-sphere",,,,,,"Xlq171H9ZZacHRTOGVYKqs8+16kKTkQj","P+EeY8owwbjzXaiaPoIJpc6mcpR6iWBh","legacyData"
"f2da9e7d-9ffa-456d-8854-6f399d224dfd","NIWO_062.basePlot.vst","2015-07-09","vst_NIWO_2015","D13","NIWO","NIWO_062",,"NEON.PLA.D13.NIWO.00258",,"sapling","Live",1.0,10,,,,,,,"Partially shaded",,,,,,,"Xlq171H9ZZacHRTOGVYKqs8+16kKTkQj","P+EeY8owwbjzXaiaPoIJpc6mcpR6iWBh","legacyData"
"fc9c6d47-20ba-450d-ae79-e063cbe6b029","NIWO_062.basePlot.vst","2015-07-09","vst_NIWO_2015","D13","NIWO","NIWO_062",,"NEON.PLA.D13.NIWO.00265",,"small shrub","Live",,,0.5,,,,1.3,1.3,"Mostly shaded","half-sphere",,,,,,"Xlq171H9ZZacHRTOGVYKqs8+16kKTkQj","P+EeY8owwbjzXaiaPoIJpc6mcpR6iWBh","legacyData"
"5efe88c3-3d5f-44d5-8496-0e956af42005","NIWO_062.basePlot.vst","2015-07-09","vst_NIWO_2015","D13","NIWO","NIWO_062",,"NEON.PLA.D13.NIWO.00262",,"single shrub","Live",,,1.4,,,,2.3,1.9,"Open grown","oblate half-sphere",,,,,,"Xlq171H9ZZacHRTOGVYKqs8+16kKTkQj","P+EeY8owwbjzXaiaPoIJpc6mcpR6iWBh","legacyData"
"ac922e7a-70ab-4988-bd63-f12ad3dd23de","NIWO_062.basePlot.vst","2015-07-09","vst_NIWO_2015","D13","NIWO","NIWO_062",,"NEON.PLA.D13.NIWO.00263",,"small shrub","Live",,,0.4,,,,1.5,1.3,"Partially shaded","half-sphere",,,,,,"Xlq171H9ZZacHRTOGVYKqs8+16kKTkQj","P+EeY8owwbjzXaiaPoIJpc6mcpR6iWBh","legacyData"
"e2c2fb75-8cd7-45db-9107-2c986d1164c6","NIWO_062.basePlot.vst","2015-07-09","vst_NIWO_2015","D13","NIWO","NIWO_062",,"NEON.PLA.D13.NIWO.00259",,"small shrub","Live",,,0.4,,,,1.0,1.0,"Partially shaded","half-sphere",,,,,,"Xlq171H9ZZacHRTOGVYKqs8+16kKTkQj","P+EeY8owwbjzXaiaPoIJpc6mcpR6iWBh","legacyData"
"3fc57b4e-0086-4f17-8fea-4b69d22b0472","NIWO_062.basePlot.vst","2015-07-09","vst_NIWO_2015","D13","NIWO","NIWO_062",,"NEON.PLA.D13.NIWO.00266",,"small shrub","Live",,,0.2,,,,0.8,0.7,"Open grown","half-sphere",,,,,,"Xlq171H9ZZacHRTOGVYKqs8+16kKTkQj","P+EeY8owwbjzXaiaPoIJpc6mcpR6iWBh","legacyData"
"949692ce-5b55-4a57-ae94-0021285fd372","NIWO_049.basePlot.vst","2015-07-10","vst_NIWO_2015","D13","NIWO","NIWO_049",,"NEON.PLA.D13.NIWO.00268",,"small shrub","Live",,,0.4,,,,1.0,0.9,"Partially shaded","half-sphere",,,,,,"P+EeY8owwbjzXaiaPoIJpc6mcpR6iWBh","P+EeY8owwbjzXaiaPoIJpc6mcpR6iWBh","legacyData"
"e4664a30-8662-4fbb-9095-1dd5975699b1","NIWO_049.basePlot.vst","2015-07-10","vst_NIWO_2015","D13","NIWO","NIWO_049",,"NEON.PLA.D13.NIWO.00273",,"small shrub","Live",,,0.4,,,,1.5,1.4,"Open grown","half-sphere",,,,,,"P+EeY8owwbjzXaiaPoIJpc6mcpR6iWBh","P+EeY8owwbjzXaiaPoIJpc6mcpR6iWBh","legacyData"
"bb9c484b-13d2-485a-acf3-d26b839c26f6","NIWO_049.basePlot.vst","2015-07-10","vst_NIWO_2015","D13","NIWO","NIWO_049",,"NEON.PLA.D13.NIWO.00272",,"sapling","Live",1.1,10,,,,,,,"Open grown",,,,,,,"P+EeY8owwbjzXaiaPoIJpc6mcpR6iWBh","P+EeY8owwbjzXaiaPoIJpc6mcpR6iWBh","legacyData"
"783648a8-aa94-44be-9d56-d72de2ca8bd7","NIWO_049.basePlot.vst","2015-07-10","vst_NIWO_2015","D13","NIWO","NIWO_049",,"NEON.PLA.D13.NIWO.00267",,"sapling","Live",2.6,10,,,,,,,"Partially shaded",,,,,,,"P+EeY8owwbjzXaiaPoIJpc6mcpR6iWBh","P+EeY8owwbjzXaiaPoIJpc6mcpR6iWBh","legacyData"
"3538736d-99d2-4522-a720-160a54948db2","NIWO_049.basePlot.vst","2015-07-10","vst_NIWO_2015","D13","NIWO","NIWO_049",,"NEON.PLA.D13.NIWO.00271",,"small shrub","Live",,,0.4,,,,1.1,1.1,"Partially shaded","half-sphere",,,,,,"P+EeY8owwbjzXaiaPoIJpc6mcpR6iWBh","P+EeY8owwbjzXaiaPoIJpc6mcpR6iWBh","legacyData"
"819fd20b-90a0-4c95-a80e-2ed1c3fa63c4","NIWO_049.basePlot.vst","2015-07-10","vst_NIWO_2015","D13","NIWO","NIWO_049",,"NEON.PLA.D13.NIWO.00269",,"small shrub","Live",,,0.6,,,,1.0,0.9,"Open grown","half-sphere",,,,,,"P+EeY8owwbjzXaiaPoIJpc6mcpR6iWBh","P+EeY8owwbjzXaiaPoIJpc6mcpR6iWBh","legacyData"
"e4402f93-1036-4e4c-b673-074032aa23b1","NIWO_049.basePlot.vst","2015-07-10","vst_NIWO_2015","D13","NIWO","NIWO_049",,"NEON.PLA.D13.NIWO.00270",,"sapling","Live",1.2,10,,,,,,,"Partially shaded",,,,,,,"P+EeY8owwbjzXaiaPoIJpc6mcpR6iWBh","P+EeY8owwbjzXaiaPoIJpc6mcpR6iWBh","legacyData"
"740d03eb-9098-477f-b8b0-f8e3f47fc4e5","NIWO_067.basePlot.vst","2015-07-20","vst_NIWO_2015","D13","NIWO","NIWO_067",,"NEON.PLA.D13.NIWO.00300",,"small tree","Live",5.7,130,,,,,,,"Partially shaded",,,,,,,"Xlq171H9ZZacHRTOGVYKqs8+16kKTkQj","P+EeY8owwbjzXaiaPoIJpc6mcpR6iWBh","legacyData"
"4308c632-654f-4de1-9041-0b44db6e7ad9","NIWO_067.basePlot.vst","2015-07-20","vst_NIWO_2015","D13","NIWO","NIWO_067",,"NEON.PLA.D13.NIWO.00351",,"small tree","Live",5.6,130,,,,,,,"Mostly shaded",,,,,,,"Xlq171H9ZZacHRTOGVYKqs8+16kKTkQj","P+EeY8owwbjzXaiaPoIJpc6mcpR6iWBh","legacyData"
"80ec78b9-3e4a-4a63-9107-d227103cf70c","NIWO_067.basePlot.vst","2015-07-20","vst_NIWO_2015","D13","NIWO","NIWO_067",,"NEON.PLA.D13.NIWO.00314",,"small shrub","Live",,,0.6,,,,0.4,0.2,"Full shade","inverted cone",,,3.00,2.00,,"Xlq171H9ZZacHRTOGVYKqs8+16kKTkQj","P+EeY8owwbjzXaiaPoIJpc6mcpR6iWBh","legacyData"
"d10092b4-d903-46c3-ae2c-9ec2f056b3f0","NIWO_067.basePlot.vst","2015-07-20","vst_NIWO_2015","D13","NIWO","NIWO_067",,"NEON.PLA.D13.NIWO.00322",,"single shrub","Live",,,2.4,,,,1.3,0.9,"Partially shaded","cylinder",,,,,,"Xlq171H9ZZacHRTOGVYKqs8+16kKTkQj","P+EeY8owwbjzXaiaPoIJpc6mcpR6iWBh","legacyData"
"f40bf7ac-06da-4104-8eba-0f6fcefa1133","NIWO_067.basePlot.vst","2015-07-20","vst_NIWO_2015","D13","NIWO","NIWO_067",,"NEON.PLA.D13.NIWO.00305",,"small tree","Live",2.1,130,,,,,,,"Mostly shaded",,,,,,,"Xlq171H9ZZacHRTOGVYKqs8+16kKTkQj","P+EeY8owwbjzXaiaPoIJpc6mcpR6iWBh","legacyData"
"3ddf9892-31cb-4ffd-8ab1-639edba1c6e5","NIWO_067.basePlot.vst","2015-07-20","vst_NIWO_2015","D13","NIWO","NIWO_067",,"NEON.PLA.D13.NIWO.00349",,"sapling","Live",4.2,10,,,,,,,"Partially shaded",,,,,,,"Xlq171H9ZZacHRTOGVYKqs8+16kKTkQj","P+EeY8owwbjzXaiaPoIJpc6mcpR6iWBh","legacyData"
"9df8b7fc-1338-4c32-8598-efdabc3de375","NIWO_067.basePlot.vst","2015-07-20","vst_NIWO_2015","D13","NIWO","NIWO_067",,"NEON.PLA.D13.NIWO.00301",,"small tree","Live",5.8,130,,,,,,,"Partially shaded",,,,,,,"Xlq171H9ZZacHRTOGVYKqs8+16kKTkQj","P+EeY8owwbjzXaiaPoIJpc6mcpR6iWBh","legacyData"
"275e96a6-20c7-4ae1-967f-a4b1eaef0041","NIWO_067.basePlot.vst","2015-07-20","vst_NIWO_2015","D13","NIWO","NIWO_067",,"NEON.PLA.D13.NIWO.00323",,"small tree","Live",5.5,130,,,,,,,"Partially shaded",,,,,,,"Xlq171H9ZZacHRTOGVYKqs8+16kKTkQj","P+EeY8owwbjzXaiaPoIJpc6mcpR6iWBh","legacyData"
"3283bcfe-f6ed-4a0d-af42-420060b5b66d","NIWO_067.basePlot.vst","2015-07-20","vst_NIWO_2015","D13","NIWO","NIWO_067",,"NEON.PLA.D13.NIWO.00277",,"single bole tree","Live",10.5,130,,,,,,,"Full sun",,,,,,,"Xlq171H9ZZacHRTOGVYKqs8+16kKTkQj","P+EeY8owwbjzXaiaPoIJpc6mcpR6iWBh","legacyData"
"5a5737db-dd21-4cf6-9f65-db5a2666be1a","NIWO_067.basePlot.vst","2015-07-20","vst_NIWO_2015","D13","NIWO","NIWO_067",,"NEON.PLA.D13.NIWO.00324",,"single shrub","Live",,,2.5,,,,1.0,0.9,"Partially shaded","cylinder",,,,,,"Xlq171H9ZZacHRTOGVYKqs8+16kKTkQj","P+EeY8owwbjzXaiaPoIJpc6mcpR6iWBh","legacyData"
"1aa38a1a-4c22-49db-a572-93aada0bea51","NIWO_067.basePlot.vst","2015-07-20","vst_NIWO_2015","D13","NIWO","NIWO_067",,"NEON.PLA.D13.NIWO.00309",,"sapling","Live",3.4,10,,,,,,,"Mostly shaded",,,,,,,"Xlq171H9ZZacHRTOGVYKqs8+16kKTkQj","P+EeY8owwbjzXaiaPoIJpc6mcpR6iWBh","legacyData"
"1c6213d1-057c-4307-8d7c-76c10e044f6b","NIWO_067.basePlot.vst","2015-07-20","vst_NIWO_2015","D13","NIWO","NIWO_067",,"NEON.PLA.D13.NIWO.00344",,"small tree","Live",4.0,130,,,,,,,"Open grown",,,,,,,"Xlq171H9ZZacHRTOGVYKqs8+16kKTkQj","P+EeY8owwbjzXaiaPoIJpc6mcpR6iWBh","legacyData"
"fa9bd05c-e08c-464e-a404-c42a1ae884a1","NIWO_067.basePlot.vst","2015-07-20","vst_NIWO_2015","D13","NIWO","NIWO_067",,"NEON.PLA.D13.NIWO.00334",,"single shrub","Live",,,2.5,,,,1.0,1.0,"Partially shaded","cylinder",,,,,,"Xlq171H9ZZacHRTOGVYKqs8+16kKTkQj","P+EeY8owwbjzXaiaPoIJpc6mcpR6iWBh","legacyData"
"f3729316-45c9-47c2-bcce-0a99e3f92ce5","NIWO_067.basePlot.vst","2015-07-20","vst_NIWO_2015","D13","NIWO","NIWO_067",,"NEON.PLA.D13.NIWO.00278",,"single bole tree","Live",10.9,130,,,,,,,"Full sun",,,,,,,"Xlq171H9ZZacHRTOGVYKqs8+16kKTkQj","P+EeY8owwbjzXaiaPoIJpc6mcpR6iWBh","legacyData"
"3be00e6a-175d-4edb-9c7c-ffbe20e7b4d7","NIWO_067.basePlot.vst","2015-07-20","vst_NIWO_2015","D13","NIWO","NIWO_067",,"NEON.PLA.D13.NIWO.00281",,"single bole tree","Live",12.0,130,,,,,,,"Full sun",,,,,,,"Xlq171H9ZZacHRTOGVYKqs8+16kKTkQj","P+EeY8owwbjzXaiaPoIJpc6mcpR6iWBh","legacyData"
"f18adb5e-3958-41f2-8f29-d87717feab6c","NIWO_067.basePlot.vst","2015-07-20","vst_NIWO_2015","D13","NIWO","NIWO_067",,"NEON.PLA.D13.NIWO.00282",,"single bole tree","Live",12.5,130,,,,,,,"Full sun",,,,,,,"Xlq171H9ZZacHRTOGVYKqs8+16kKTkQj","P+EeY8owwbjzXaiaPoIJpc6mcpR6iWBh","legacyData"
"952e5077-8022-43ba-b8fc-b7d6576c3a1d","NIWO_067.basePlot.vst","2015-07-20","vst_NIWO_2015","D13","NIWO","NIWO_067",,"NEON.PLA.D13.NIWO.00354",,"small tree","Live",9.0,130,,,,,,,"Partially shaded",,,,,,,"Xlq171H9ZZacHRTOGVYKqs8+16kKTkQj","P+EeY8owwbjzXaiaPoIJpc6mcpR6iWBh","legacyData"
"c2f92a26-7a89-4a0a-b545-d22122e632ab","NIWO_067.basePlot.vst","2015-07-20","vst_NIWO_2015","D13","NIWO","NIWO_067",,"NEON.PLA.D13.NIWO.00340",,"sapling","Live",3.3,10,,,,,,,"Full shade",,,,,,,"Xlq171H9ZZacHRTOGVYKqs8+16kKTkQj","P+EeY8owwbjzXaiaPoIJpc6mcpR6iWBh","legacyData"
"a302375c-1828-4b38-9a80-d349348a4b2f","NIWO_067.basePlot.vst","2015-07-20","vst_NIWO_2015","D13","NIWO","NIWO_067",,"NEON.PLA.D13.NIWO.00284",,"single bole tree","Live",11.8,130,,,,,,,"Full sun",,,,,,,"Xlq171H9ZZacHRTOGVYKqs8+16kKTkQj","P+EeY8owwbjzXaiaPoIJpc6mcpR6iWBh","legacyData"
"e870425f-3a83-4414-8cf1-4ed6a51e733b","NIWO_050.basePlot.vst","2015-07-20","vst_NIWO_2015","D13","NIWO","NIWO_050",,"NEON.PLA.D13.NIWO.00274",,"small shrub","Live",,,0.2,,,,1.2,1.0,"Open grown","half-sphere",,,,,,"Xlq171H9ZZacHRTOGVYKqs8+16kKTkQj","P+EeY8owwbjzXaiaPoIJpc6mcpR6iWBh","legacyData"
"06576532-023c-4b99-b62f-b582c89facb9","NIWO_067.basePlot.vst","2015-07-20","vst_NIWO_2015","D13","NIWO","NIWO_067",,"NEON.PLA.D13.NIWO.00307",,"small tree","Live",2.0,130,,,,,,,"Mostly shaded",,,,,,,"Xlq171H9ZZacHRTOGVYKqs8+16kKTkQj","P+EeY8owwbjzXaiaPoIJpc6mcpR6iWBh","legacyData"
"6f187a62-1f15-40fd-a4e8-c0a57428a5ea","NIWO_067.basePlot.vst","2015-07-20","vst_NIWO_2015","D13","NIWO","NIWO_067",,"NEON.PLA.D13.NIWO.00347",,"small tree","Standing dead",3.5,10,,,,,,,"Full sun",,,,,,,"Xlq171H9ZZacHRTOGVYKqs8+16kKTkQj","P+EeY8owwbjzXaiaPoIJpc6mcpR6iWBh","legacyData"
"0188719a-c6a2-4301-8682-ec0d97a603e7","NIWO_067.basePlot.vst","2015-07-20","vst_NIWO_2015","D13","NIWO","NIWO_067",,"NEON.PLA.D13.NIWO.00280",,"single bole tree","Live",12.0,130,,,,,,,"Full sun",,,,,,,"Xlq171H9ZZacHRTOGVYKqs8+16kKTkQj","P+EeY8owwbjzXaiaPoIJpc6mcpR6iWBh","legacyData"
"ac5d75a2-1e48-40ad-af8b-bbde7cbd9963","NIWO_067.basePlot.vst","2015-07-20","vst_NIWO_2015","D13","NIWO","NIWO_067",,"NEON.PLA.D13.NIWO.00360",,"small shrub","Live",,,1.4,,,,0.9,0.8,"Mostly shaded","cylinder",,,,,,"Xlq171H9ZZacHRTOGVYKqs8+16kKTkQj","P+EeY8owwbjzXaiaPoIJpc6mcpR6iWBh","legacyData"
"637b7b40-ca13-4545-952a-a8f0558e7ca7","NIWO_067.basePlot.vst","2015-07-20","vst_NIWO_2015","D13","NIWO","NIWO_067",,"NEON.PLA.D13.NIWO.00319",,"small tree","Live",3.4,130,,,,,,,"Partially shaded",,,,,,,"Xlq171H9ZZacHRTOGVYKqs8+16kKTkQj","P+EeY8owwbjzXaiaPoIJpc6mcpR6iWBh","legacyData"
"aea6cab8-a075-494a-ab8d-fbd4a0ffe2c3","NIWO_067.basePlot.vst","2015-07-20","vst_NIWO_2015","D13","NIWO","NIWO_067",,"NEON.PLA.D13.NIWO.00289",,"small tree","Live",8.3,130,,,,,,,"Partially shaded",,,,,,,"Xlq171H9ZZacHRTOGVYKqs8+16kKTkQj","P+EeY8owwbjzXaiaPoIJpc6mcpR6iWBh","legacyData"
"fd184a14-e66b-4704-b9c1-6eddc8feecce","NIWO_067.basePlot.vst","2015-07-20","vst_NIWO_2015","D13","NIWO","NIWO_067",,"NEON.PLA.D13.NIWO.00294",,"sapling","Live",2.3,10,,,,,,,"Full shade",,,,,,,"Xlq171H9ZZacHRTOGVYKqs8+16kKTkQj","P+EeY8owwbjzXaiaPoIJpc6mcpR6iWBh","legacyData"
"61726885-052c-469a-bdb8-908a938d026d","NIWO_067.basePlot.vst","2015-07-20","vst_NIWO_2015","D13","NIWO","NIWO_067",,"NEON.PLA.D13.NIWO.00315",,"sapling","Live",2.4,10,,,,,,,"Full shade",,,,,,,"Xlq171H9ZZacHRTOGVYKqs8+16kKTkQj","P+EeY8owwbjzXaiaPoIJpc6mcpR6iWBh","legacyData"
"fe3927b4-a5b5-4c11-aaaf-2a44e2239618","NIWO_067.basePlot.vst","2015-07-20","vst_NIWO_2015","D13","NIWO","NIWO_067",,"NEON.PLA.D13.NIWO.00275",,"single bole tree","Live",14.0,130,,,,,,,"Full sun",,,,,,,"Xlq171H9ZZacHRTOGVYKqs8+16kKTkQj","P+EeY8owwbjzXaiaPoIJpc6mcpR6iWBh","legacyData"
"a8329b50-dc87-49aa-9ebd-2cc5478f9d8c","NIWO_067.basePlot.vst","2015-07-20","vst_NIWO_2015","D13","NIWO","NIWO_067",,"NEON.PLA.D13.NIWO.00326",,"small tree","Live",5.0,130,,,,,,,"Mostly shaded",,,,,,,"Xlq171H9ZZacHRTOGVYKqs8+16kKTkQj","P+EeY8owwbjzXaiaPoIJpc6mcpR6iWBh","legacyData"
"87afcdda-db54-41bd-bf5d-19739dab7565","NIWO_067.basePlot.vst","2015-07-20","vst_NIWO_2015","D13","NIWO","NIWO_067",,"NEON.PLA.D13.NIWO.00316",,"sapling","Live",1.9,10,,,,,,,"Full shade",,,,,,,"Xlq171H9ZZacHRTOGVYKqs8+16kKTkQj","P+EeY8owwbjzXaiaPoIJpc6mcpR6iWBh","legacyData"
"b3c5e9ca-789f-48c4-b38b-8f320d30b1a9","NIWO_067.basePlot.vst","2015-07-20","vst_NIWO_2015","D13","NIWO","NIWO_067",,"NEON.PLA.D13.NIWO.00311",,"sapling","Live",2.3,10,,,,,,,"Full shade",,,,,,,"Xlq171H9ZZacHRTOGVYKqs8+16kKTkQj","P+EeY8owwbjzXaiaPoIJpc6mcpR6iWBh","legacyData"
"53143c72-e89f-41e7-8afc-3b6199b61174","NIWO_067.basePlot.vst","2015-07-20","vst_NIWO_2015","D13","NIWO","NIWO_067",,"NEON.PLA.D13.NIWO.00345",,"small tree","Live",6.1,130,,,,,,,"Full sun",,,,,,,"Xlq171H9ZZacHRTOGVYKqs8+16kKTkQj","P+EeY8owwbjzXaiaPoIJpc6mcpR6iWBh","legacyData"
"ec5a891f-bfdd-4b41-85f0-a475fede3546","NIWO_067.basePlot.vst","2015-07-20","vst_NIWO_2015","D13","NIWO","NIWO_067",,"NEON.PLA.D13.NIWO.00350",,"sapling","Live",5.4,10,,,,,,,"Partially shaded",,,,,,,"Xlq171H9ZZacHRTOGVYKqs8+16kKTkQj","P+EeY8owwbjzXaiaPoIJpc6mcpR6iWBh","legacyData"
"24d7c137-71f7-4c17-a244-384a128b55c1","NIWO_067.basePlot.vst","2015-07-20","vst_NIWO_2015","D13","NIWO","NIWO_067",,"NEON.PLA.D13.NIWO.00331",,"small tree","Live",4.3,130,,,,,,,"Partially shaded",,,,,,,"Xlq171H9ZZacHRTOGVYKqs8+16kKTkQj","P+EeY8owwbjzXaiaPoIJpc6mcpR6iWBh","legacyData"
"cfb8f612-6b85-457f-ac58-2b159d2d6e9e","NIWO_067.basePlot.vst","2015-07-20","vst_NIWO_2015","D13","NIWO","NIWO_067",,"NEON.PLA.D13.NIWO.00357",,"small shrub","Live",,,0.5,,,,1.1,1.1,"Open grown","half-sphere",,,,,,"Xlq171H9ZZacHRTOGVYKqs8+16kKTkQj","P+EeY8owwbjzXaiaPoIJpc6mcpR6iWBh","legacyData"
"c04e1d75-326a-45c2-9857-ce042453712f","NIWO_067.basePlot.vst","2015-07-20","vst_NIWO_2015","D13","NIWO","NIWO_067",,"NEON.PLA.D13.NIWO.00355",,"single shrub","Live, physically damaged",,,1.5,,,,2.4,1.5,"Mostly shaded","oblate half-sphere",,,,,"snow damage","Xlq171H9ZZacHRTOGVYKqs8+16kKTkQj","P+EeY8owwbjzXaiaPoIJpc6mcpR6iWBh","legacyData"
"4723088f-64a5-4586-bf21-ac6d6cb0ede9","NIWO_067.basePlot.vst","2015-07-20","vst_NIWO_2015","D13","NIWO","NIWO_067",,"NEON.PLA.D13.NIWO.00313",,"sapling","Live",2.4,10,,,,,,,"Full shade",,,,,,,"Xlq171H9ZZacHRTOGVYKqs8+16kKTkQj","P+EeY8owwbjzXaiaPoIJpc6mcpR6iWBh","legacyData"
"ca862571-2c25-43b9-b3e9-0a1bdd4c1daf","NIWO_067.basePlot.vst","2015-07-20","vst_NIWO_2015","D13","NIWO","NIWO_067",,"NEON.PLA.D13.NIWO.00291",,"small tree","Live",6.0,130,,,,,,,"Full shade",,,,,,,"Xlq171H9ZZacHRTOGVYKqs8+16kKTkQj","P+EeY8owwbjzXaiaPoIJpc6mcpR6iWBh","legacyData"
"05e8e61b-26d1-4589-93aa-a4aa44ed47b1","NIWO_067.basePlot.vst","2015-07-20","vst_NIWO_2015","D13","NIWO","NIWO_067",,"NEON.PLA.D13.NIWO.00321",,"single shrub","Live",,,2.5,,,,0.9,0.7,"Partially shaded","inverted cone",,,50.00,30.00,,"Xlq171H9ZZacHRTOGVYKqs8+16kKTkQj","P+EeY8owwbjzXaiaPoIJpc6mcpR6iWBh","legacyData"
"978d0b6a-c790-4f05-a19b-5aee7c7e47f2","NIWO_067.basePlot.vst","2015-07-20","vst_NIWO_2015","D13","NIWO","NIWO_067",,"NEON.PLA.D13.NIWO.00328",,"single shrub","Live",,,2.8,,,,2.0,1.1,"Partially shaded","cylinder",,,,,,"Xlq171H9ZZacHRTOGVYKqs8+16kKTkQj","P+EeY8owwbjzXaiaPoIJpc6mcpR6iWBh","legacyData"
"3a72cecd-6988-4bd4-b4bb-66a222b6b59d","NIWO_067.basePlot.vst","2015-07-20","vst_NIWO_2015","D13","NIWO","NIWO_067",,"NEON.PLA.D13.NIWO.00343",,"sapling","Live",2.7,10,,,,,,,"Full shade",,,,,,,"Xlq171H9ZZacHRTOGVYKqs8+16kKTkQj","P+EeY8owwbjzXaiaPoIJpc6mcpR6iWBh","legacyData"
"757b8cda-eb86-4d92-b456-147c9763b166","NIWO_067.basePlot.vst","2015-07-20","vst_NIWO_2015","D13","NIWO","NIWO_067",,"NEON.PLA.D13.NIWO.00276",,"single bole tree","Live",12.2,130,,,,,,,"Full sun",,,,,,,"Xlq171H9ZZacHRTOGVYKqs8+16kKTkQj","P+EeY8owwbjzXaiaPoIJpc6mcpR6iWBh","legacyData"
"817f8024-ebc3-49de-9157-b0f2151c6d0a","NIWO_067.basePlot.vst","2015-07-20","vst_NIWO_2015","D13","NIWO","NIWO_067",,"NEON.PLA.D13.NIWO.00297",,"small tree","Live",4.8,130,,,,,,,"Partially shaded",,,,,,,"Xlq171H9ZZacHRTOGVYKqs8+16kKTkQj","P+EeY8owwbjzXaiaPoIJpc6mcpR6iWBh","legacyData"
"57d90c34-54f6-4078-85f7-8333ffaa6c13","NIWO_067.basePlot.vst","2015-07-20","vst_NIWO_2015","D13","NIWO","NIWO_067",,"NEON.PLA.D13.NIWO.00308",,"small tree","Live",1.2,130,,,,,,,"Mostly shaded",,,,,,,"Xlq171H9ZZacHRTOGVYKqs8+16kKTkQj","P+EeY8owwbjzXaiaPoIJpc6mcpR6iWBh","legacyData"
"ee6ba23b-e4d7-4045-bd2a-fbf7536121f2","NIWO_067.basePlot.vst","2015-07-20","vst_NIWO_2015","D13","NIWO","NIWO_067",,"NEON.PLA.D13.NIWO.00329",,"single shrub","Live",,,2.9,,,,1.8,1.8,"Partially shaded","cylinder",,,,,,"Xlq171H9ZZacHRTOGVYKqs8+16kKTkQj","P+EeY8owwbjzXaiaPoIJpc6mcpR6iWBh","legacyData"
"6d681310-16d0-4bd1-8a9e-da46d5e709f3","NIWO_067.basePlot.vst","2015-07-20","vst_NIWO_2015","D13","NIWO","NIWO_067",,"NEON.PLA.D13.NIWO.00288",,"sapling","Live",5.3,10,,,,,,,"Full shade",,,,,,,"Xlq171H9ZZacHRTOGVYKqs8+16kKTkQj","P+EeY8owwbjzXaiaPoIJpc6mcpR6iWBh","legacyData"
"96d1f0bd-4cc8-4963-9af4-7455fc8c95f6","NIWO_067.basePlot.vst","2015-07-20","vst_NIWO_2015","D13","NIWO","NIWO_067",,"NEON.PLA.D13.NIWO.00342",,"small tree","Live",8.2,130,,,,,,,"Partially shaded",,,,,,,"Xlq171H9ZZacHRTOGVYKqs8+16kKTkQj","P+EeY8owwbjzXaiaPoIJpc6mcpR6iWBh","legacyData"
"a9781cb9-d9f1-4300-adae-0c6133dcfc56","NIWO_067.basePlot.vst","2015-07-20","vst_NIWO_2015","D13","NIWO","NIWO_067",,"NEON.PLA.D13.NIWO.00325",,"single shrub","Live",,,2.3,,,,1.2,1.0,"Partially shaded","cylinder",,,,,,"Xlq171H9ZZacHRTOGVYKqs8+16kKTkQj","P+EeY8owwbjzXaiaPoIJpc6mcpR6iWBh","legacyData"
"9cbd68c7-667c-40e6-ae94-7a207c33c44e","NIWO_067.basePlot.vst","2015-07-20","vst_NIWO_2015","D13","NIWO","NIWO_067",,"NEON.PLA.D13.NIWO.00304",,"small tree","Live",3.9,130,,,,,,,"Mostly shaded",,,,,,,"Xlq171H9ZZacHRTOGVYKqs8+16kKTkQj","P+EeY8owwbjzXaiaPoIJpc6mcpR6iWBh","legacyData"
"22f32c88-84b2-4d5f-a010-3028bfe760f1","NIWO_067.basePlot.vst","2015-07-20","vst_NIWO_2015","D13","NIWO","NIWO_067",,"NEON.PLA.D13.NIWO.00327",,"single shrub","Live",,,2.7,,,,0.7,0.7,"Partially shaded","cylinder",,,,,,"Xlq171H9ZZacHRTOGVYKqs8+16kKTkQj","P+EeY8owwbjzXaiaPoIJpc6mcpR6iWBh","legacyData"
"afc37191-c2bf-4fc6-bb57-862927293927","NIWO_067.basePlot.vst","2015-07-20","vst_NIWO_2015","D13","NIWO","NIWO_067",,"NEON.PLA.D13.NIWO.00337",,"single shrub","Live",,,3.0,,,,1.7,1.0,"Mostly shaded","cylinder",,,,,,"Xlq171H9ZZacHRTOGVYKqs8+16kKTkQj","P+EeY8owwbjzXaiaPoIJpc6mcpR6iWBh","legacyData"
"57839d60-e1d3-4834-8832-a4e4ec267f8f","NIWO_067.basePlot.vst","2015-07-20","vst_NIWO_2015","D13","NIWO","NIWO_067",,"NEON.PLA.D13.NIWO.00339",,"small tree","Live",2.8,130,,,,,,,"Full shade",,,,,,,"Xlq171H9ZZacHRTOGVYKqs8+16kKTkQj","P+EeY8owwbjzXaiaPoIJpc6mcpR6iWBh","legacyData"
"9f4755bb-4767-49ad-813f-9e2d421fae5b","NIWO_067.basePlot.vst","2015-07-20","vst_NIWO_2015","D13","NIWO","NIWO_067",,"NEON.PLA.D13.NIWO.00302",,"small tree","Live",6.1,130,,,,,,,"Partially shaded",,,,,,,"Xlq171H9ZZacHRTOGVYKqs8+16kKTkQj","P+EeY8owwbjzXaiaPoIJpc6mcpR6iWBh","legacyData"
"06aedc5e-ba72-42cf-9aa5-1435e0f4b682","NIWO_067.basePlot.vst","2015-07-20","vst_NIWO_2015","D13","NIWO","NIWO_067",,"NEON.PLA.D13.NIWO.00290",,"single shrub","Live",,,2.6,,,,2.3,2.0,"Partially shaded","inverted cone",,,0.50,0.20,,"Xlq171H9ZZacHRTOGVYKqs8+16kKTkQj","P+EeY8owwbjzXaiaPoIJpc6mcpR6iWBh","legacyData"
"a39a6c38-bf53-4b21-a047-b545fc543485","NIWO_067.basePlot.vst","2015-07-20","vst_NIWO_2015","D13","NIWO","NIWO_067",,"NEON.PLA.D13.NIWO.00285",,"small tree","Live,  other damage",5.8,130,,,,,,,"Mostly shaded",,,,,,,"Xlq171H9ZZacHRTOGVYKqs8+16kKTkQj","P+EeY8owwbjzXaiaPoIJpc6mcpR6iWBh","legacyData"
"987a1e0d-1483-4d1f-83ee-c202880373c8","NIWO_067.basePlot.vst","2015-07-20","vst_NIWO_2015","D13","NIWO","NIWO_067",,"NEON.PLA.D13.NIWO.00336",,"single shrub","Live",,,3.7,,,,2.0,1.5,"Partially shaded","cylinder",,,,,,"Xlq171H9ZZacHRTOGVYKqs8+16kKTkQj","P+EeY8owwbjzXaiaPoIJpc6mcpR6iWBh","legacyData"
"e1e1a443-da09-41c2-9731-5c5e0f4e8d84","NIWO_067.basePlot.vst","2015-07-20","vst_NIWO_2015","D13","NIWO","NIWO_067",,"NEON.PLA.D13.NIWO.00312",,"sapling","Live",1.9,10,,,,,,,"Full shade",,,,,,,"Xlq171H9ZZacHRTOGVYKqs8+16kKTkQj","P+EeY8owwbjzXaiaPoIJpc6mcpR6iWBh","legacyData"
"75d31151-c6eb-4782-9923-c22e59d4a768","NIWO_067.basePlot.vst","2015-07-20","vst_NIWO_2015","D13","NIWO","NIWO_067",,"NEON.PLA.D13.NIWO.00353",,"small tree","Live",4.7,130,,,,,,,"Mostly shaded",,,,,,,"Xlq171H9ZZacHRTOGVYKqs8+16kKTkQj","P+EeY8owwbjzXaiaPoIJpc6mcpR6iWBh","legacyData"
"8f6b8e7f-fdcd-4b10-a212-5cca26d4556b","NIWO_067.basePlot.vst","2015-07-20","vst_NIWO_2015","D13","NIWO","NIWO_067",,"NEON.PLA.D13.NIWO.00298",,"small tree","Live",3.2,130,,,,,,,"Partially shaded",,,,,,,"Xlq171H9ZZacHRTOGVYKqs8+16kKTkQj","P+EeY8owwbjzXaiaPoIJpc6mcpR6iWBh","legacyData"
"f91939b4-f993-494d-ad1b-a83a85cc8d18","NIWO_067.basePlot.vst","2015-07-20","vst_NIWO_2015","D13","NIWO","NIWO_067",,"NEON.PLA.D13.NIWO.00303",,"small tree","Live",8.2,130,,,,,,,"Partially shaded",,,,,,,"Xlq171H9ZZacHRTOGVYKqs8+16kKTkQj","P+EeY8owwbjzXaiaPoIJpc6mcpR6iWBh","legacyData"
"7162daee-c35c-4de1-8ee3-88e242ee4e38","NIWO_067.basePlot.vst","2015-07-20","vst_NIWO_2015","D13","NIWO","NIWO_067",,"NEON.PLA.D13.NIWO.00320",,"single shrub","Live",,,2.3,,,,1.2,0.7,"Partially shaded","inverted cone",,,9.00,9.00,,"Xlq171H9ZZacHRTOGVYKqs8+16kKTkQj","P+EeY8owwbjzXaiaPoIJpc6mcpR6iWBh","legacyData"
"12f369e8-b7a8-4254-952a-5f02dec07d75","NIWO_067.basePlot.vst","2015-07-20","vst_NIWO_2015","D13","NIWO","NIWO_067",,"NEON.PLA.D13.NIWO.00296",,"small tree","Live, physically damaged",8.1,1,,,,,,,"Full shade",,,,,,"snow damage","Xlq171H9ZZacHRTOGVYKqs8+16kKTkQj","P+EeY8owwbjzXaiaPoIJpc6mcpR6iWBh","legacyData"
"6e3e0bde-6443-4d9a-99f1-3812b00f5604","NIWO_067.basePlot.vst","2015-07-20","vst_NIWO_2015","D13","NIWO","NIWO_067",,"NEON.PLA.D13.NIWO.00341",,"single shrub","Live, physically damaged",,,3.1,,,,2.0,1.0,"Mostly shaded","inverted cone",,,17.00,10.00,"snow damage","Xlq171H9ZZacHRTOGVYKqs8+16kKTkQj","P+EeY8owwbjzXaiaPoIJpc6mcpR6iWBh","legacyData"
"baca8bdd-1de5-4a23-9c6a-681c14e6af19","NIWO_067.basePlot.vst","2015-07-20","vst_NIWO_2015","D13","NIWO","NIWO_067",,"NEON.PLA.D13.NIWO.00346",,"sapling","Live",2.4,10,,,,,,,"Full shade",,,,,,,"Xlq171H9ZZacHRTOGVYKqs8+16kKTkQj","P+EeY8owwbjzXaiaPoIJpc6mcpR6iWBh","legacyData"
"3f26e900-c1ce-4d3c-b18a-4c3dea31748f","NIWO_067.basePlot.vst","2015-07-20","vst_NIWO_2015","D13","NIWO","NIWO_067",,"NEON.PLA.D13.NIWO.00333",,"small tree","Live",5.2,130,,,,,,,"Partially shaded",,,,,,,"Xlq171H9ZZacHRTOGVYKqs8+16kKTkQj","P+EeY8owwbjzXaiaPoIJpc6mcpR6iWBh","legacyData"
"de7f1138-5bc9-4912-ad5c-26d9625c3b42","NIWO_067.basePlot.vst","2015-07-20","vst_NIWO_2015","D13","NIWO","NIWO_067",,"NEON.PLA.D13.NIWO.00348",,"sapling","Live",3.2,10,,,,,,,"Partially shaded",,,,,,,"Xlq171H9ZZacHRTOGVYKqs8+16kKTkQj","P+EeY8owwbjzXaiaPoIJpc6mcpR6iWBh","legacyData"
"68f74ec4-c0ea-495f-9d87-49659f7282f5","NIWO_067.basePlot.vst","2015-07-20","vst_NIWO_2015","D13","NIWO","NIWO_067",,"NEON.PLA.D13.NIWO.00293",,"sapling","Live",2.2,10,,,,,,,"Full shade",,,,,,,"Xlq171H9ZZacHRTOGVYKqs8+16kKTkQj","P+EeY8owwbjzXaiaPoIJpc6mcpR6iWBh","legacyData"
"2e38ea6f-9d16-4e86-b012-a105a520b10d","NIWO_067.basePlot.vst","2015-07-20","vst_NIWO_2015","D13","NIWO","NIWO_067",,"NEON.PLA.D13.NIWO.00295",,"sapling","Live",1.7,10,,,,,,,"Full shade",,,,,,,"Xlq171H9ZZacHRTOGVYKqs8+16kKTkQj","P+EeY8owwbjzXaiaPoIJpc6mcpR6iWBh","legacyData"
"cd774228-166b-4156-bdc8-43e6f5fca3b2","NIWO_067.basePlot.vst","2015-07-20","vst_NIWO_2015","D13","NIWO","NIWO_067",,"NEON.PLA.D13.NIWO.00330",,"small tree","Live",6.8,130,,,,,,,"Partially shaded",,,,,,,"Xlq171H9ZZacHRTOGVYKqs8+16kKTkQj","P+EeY8owwbjzXaiaPoIJpc6mcpR6iWBh","legacyData"
"f22f0675-85e1-4df0-85b7-34c1eb6113a1","NIWO_067.basePlot.vst","2015-07-20","vst_NIWO_2015","D13","NIWO","NIWO_067",,"NEON.PLA.D13.NIWO.00306",,"small tree","Live",2.4,130,,,,,,,"Mostly shaded",,,,,,,"Xlq171H9ZZacHRTOGVYKqs8+16kKTkQj","P+EeY8owwbjzXaiaPoIJpc6mcpR6iWBh","legacyData"
"5e4a84c7-ba2a-47fc-a443-984e2bc0326e","NIWO_067.basePlot.vst","2015-07-20","vst_NIWO_2015","D13","NIWO","NIWO_067",,"NEON.PLA.D13.NIWO.00332",,"small tree","Live",1.5,130,,,,,,,"Mostly shaded",,,,,,,"Xlq171H9ZZacHRTOGVYKqs8+16kKTkQj","P+EeY8owwbjzXaiaPoIJpc6mcpR6iWBh","legacyData"
"b90275c3-fb1a-48ab-9cec-14b2661195c2","NIWO_067.basePlot.vst","2015-07-20","vst_NIWO_2015","D13","NIWO","NIWO_067",,"NEON.PLA.D13.NIWO.00338",,"small tree","Live",5.7,130,,,,,,,"Full shade",,,,,,,"Xlq171H9ZZacHRTOGVYKqs8+16kKTkQj","P+EeY8owwbjzXaiaPoIJpc6mcpR6iWBh","legacyData"
"fb726f2b-8961-4d2d-83bd-da9e91d2dea3","NIWO_067.basePlot.vst","2015-07-20","vst_NIWO_2015","D13","NIWO","NIWO_067",,"NEON.PLA.D13.NIWO.00283",,"single bole tree","Live",12.2,130,,,,,,,"Full sun",,,,,,,"Xlq171H9ZZacHRTOGVYKqs8+16kKTkQj","P+EeY8owwbjzXaiaPoIJpc6mcpR6iWBh","legacyData"
"debe1030-ea9b-44b1-8a07-3f362a63f9d1","NIWO_067.basePlot.vst","2015-07-20","vst_NIWO_2015","D13","NIWO","NIWO_067",,"NEON.PLA.D13.NIWO.00299",,"small tree","Live",5.8,130,,,,,,,"Partially shaded",,,,,,,"Xlq171H9ZZacHRTOGVYKqs8+16kKTkQj","P+EeY8owwbjzXaiaPoIJpc6mcpR6iWBh","legacyData"
"5cf393c1-7373-4e51-be1c-0f3f1df9f938","NIWO_067.basePlot.vst","2015-07-20","vst_NIWO_2015","D13","NIWO","NIWO_067",,"NEON.PLA.D13.NIWO.00286",,"sapling","Live",5.5,10,,,,,,,"Full shade",,,,,,,"Xlq171H9ZZacHRTOGVYKqs8+16kKTkQj","P+EeY8owwbjzXaiaPoIJpc6mcpR6iWBh","legacyData"
"44b49691-8f85-486a-b6da-905d6e5016c4","NIWO_067.basePlot.vst","2015-07-20","vst_NIWO_2015","D13","NIWO","NIWO_067",,"NEON.PLA.D13.NIWO.00287",,"sapling","Live",2.9,10,,,,,,,"Full shade",,,,,,,"Xlq171H9ZZacHRTOGVYKqs8+16kKTkQj","P+EeY8owwbjzXaiaPoIJpc6mcpR6iWBh","legacyData"
"b2d54944-bff6-4bde-a03b-30d0929bcf75","NIWO_067.basePlot.vst","2015-07-20","vst_NIWO_2015","D13","NIWO","NIWO_067",,"NEON.PLA.D13.NIWO.00310",,"sapling","Live",3.8,10,,,,,,,"Mostly shaded",,,,,,,"Xlq171H9ZZacHRTOGVYKqs8+16kKTkQj","P+EeY8owwbjzXaiaPoIJpc6mcpR6iWBh","legacyData"
"73cdc2d5-e4f2-4556-acb4-0253e81c8340","NIWO_067.basePlot.vst","2015-07-20","vst_NIWO_2015","D13","NIWO","NIWO_067",,"NEON.PLA.D13.NIWO.00318",,"small tree","Live",3.3,130,,,,,,,"Mostly shaded",,,,,,,"Xlq171H9ZZacHRTOGVYKqs8+16kKTkQj","P+EeY8owwbjzXaiaPoIJpc6mcpR6iWBh","legacyData"
"7d600439-f9ed-470f-9b4a-979144fdc5d0","NIWO_067.basePlot.vst","2015-07-20","vst_NIWO_2015","D13","NIWO","NIWO_067",,"NEON.PLA.D13.NIWO.00335",,"small tree","Live",8.5,130,,,,,,,"Partially shaded",,,,,,,"Xlq171H9ZZacHRTOGVYKqs8+16kKTkQj","P+EeY8owwbjzXaiaPoIJpc6mcpR6iWBh","legacyData"
"fbe5faa2-253e-421c-bb0f-f05d07ac5439","NIWO_067.basePlot.vst","2015-07-20","vst_NIWO_2015","D13","NIWO","NIWO_067",,"NEON.PLA.D13.NIWO.00352",,"small tree","Live",4.1,130,,,,,,,"Mostly shaded",,,,,,,"Xlq171H9ZZacHRTOGVYKqs8+16kKTkQj","P+EeY8owwbjzXaiaPoIJpc6mcpR6iWBh","legacyData"
"d8490ab0-eec4-4d60-8bd5-82d8d6064bcb","NIWO_067.basePlot.vst","2015-07-20","vst_NIWO_2015","D13","NIWO","NIWO_067",,"NEON.PLA.D13.NIWO.00292",,"small tree","Live",2.2,130,,,,,,,"Full shade",,,,,,,"Xlq171H9ZZacHRTOGVYKqs8+16kKTkQj","P+EeY8owwbjzXaiaPoIJpc6mcpR6iWBh","legacyData"
"a84eaa60-026a-4112-8232-c45164f9c0d3","NIWO_067.basePlot.vst","2015-07-20","vst_NIWO_2015","D13","NIWO","NIWO_067",,"NEON.PLA.D13.NIWO.00356",,"single shrub","Live",,,2.6,,,,3.1,2.7,"Full sun","oblate half-sphere",,,,,,"Xlq171H9ZZacHRTOGVYKqs8+16kKTkQj","P+EeY8owwbjzXaiaPoIJpc6mcpR6iWBh","legacyData"
"621869e6-9498-4e6c-ae0d-22d6c429b1f1","NIWO_067.basePlot.vst","2015-07-20","vst_NIWO_2015","D13","NIWO","NIWO_067",,"NEON.PLA.D13.NIWO.00279",,"single bole tree","Live, physically damaged",10.1,130,,,,,,,"Full sun",,,,,,"snow damage","Xlq171H9ZZacHRTOGVYKqs8+16kKTkQj","P+EeY8owwbjzXaiaPoIJpc6mcpR6iWBh","legacyData"
"f48aaf49-0286-48c8-8d1c-ab0486099d1f","NIWO_067.basePlot.vst","2015-07-20","vst_NIWO_2015","D13","NIWO","NIWO_067",,"NEON.PLA.D13.NIWO.00317",,"small tree","Live",2.6,130,,,,,,,"Mostly shaded",,,,,,,"Xlq171H9ZZacHRTOGVYKqs8+16kKTkQj","P+EeY8owwbjzXaiaPoIJpc6mcpR6iWBh","legacyData"
"3ee08bfe-148d-47e1-ac0a-ffa0ee267b75","NIWO_067.basePlot.vst","2015-07-20","vst_NIWO_2015","D13","NIWO","NIWO_067",,"NEON.PLA.D13.NIWO.00358",,"small shrub","Live",,,0.7,,,,1.8,1.7,"Mostly shaded","half-sphere",,,,,,"Xlq171H9ZZacHRTOGVYKqs8+16kKTkQj","P+EeY8owwbjzXaiaPoIJpc6mcpR6iWBh","legacyData"
"2c738adf-9d9f-4be4-bc47-dd5938988369","NIWO_044.basePlot.vst","2015-07-23","vst_NIWO_2015","D13","NIWO","NIWO_044",,"NEON.PLA.D13.NIWO.00363",,"sapling","Live",1.1,10,,,,,,,"Open grown",,,,,,,"Xlq171H9ZZacHRTOGVYKqs8+16kKTkQj","P+EeY8owwbjzXaiaPoIJpc6mcpR6iWBh","legacyData"
"ea7ec1b4-745a-4e74-a6c9-dbbc5016bb18","NIWO_044.basePlot.vst","2015-07-23","vst_NIWO_2015","D13","NIWO","NIWO_044",,"NEON.PLA.D13.NIWO.00362",,"sapling","Live",1.1,10,,,,,,,"Open grown",,,,,,,"Xlq171H9ZZacHRTOGVYKqs8+16kKTkQj","P+EeY8owwbjzXaiaPoIJpc6mcpR6iWBh","legacyData"
"688ebc04-dc31-42d3-9070-2353b6830811","NIWO_044.basePlot.vst","2015-07-23","vst_NIWO_2015","D13","NIWO","NIWO_044",,"NEON.PLA.D13.NIWO.00364",,"small shrub","Live",,,0.4,,,,1.2,1.0,"Open grown","half-sphere",,,,,,"Xlq171H9ZZacHRTOGVYKqs8+16kKTkQj","P+EeY8owwbjzXaiaPoIJpc6mcpR6iWBh","legacyData"
"2e3dfa53-4d38-4daf-9244-b31beb0419c4","NIWO_044.basePlot.vst","2015-07-23","vst_NIWO_2015","D13","NIWO","NIWO_044",,"NEON.PLA.D13.NIWO.00361",,"sapling","Live",1.1,10,,,,,,,"Open grown",,,,,,,"Xlq171H9ZZacHRTOGVYKqs8+16kKTkQj","P+EeY8owwbjzXaiaPoIJpc6mcpR6iWBh","legacyData"
"9c0aa306-5317-47ae-a45c-38eac944cae2","NIWO_057.basePlot.vst","2015-07-29","vst_NIWO_2015","D13","NIWO","NIWO_057",,"NEON.PLA.D13.NIWO.00432",,"sapling","Live",2.2,10,,,,,,,"Full shade",,,,,,,"Xlq171H9ZZacHRTOGVYKqs8+16kKTkQj","P+EeY8owwbjzXaiaPoIJpc6mcpR6iWBh","legacyData"
"48e81695-792e-4576-ba00-ac4b35de8469","NIWO_057.basePlot.vst","2015-07-29","vst_NIWO_2015","D13","NIWO","NIWO_057",,"NEON.PLA.D13.NIWO.00412",,"sapling","Live",2.4,10,,,,,,,"Open grown",,,,,,,"Xlq171H9ZZacHRTOGVYKqs8+16kKTkQj","P+EeY8owwbjzXaiaPoIJpc6mcpR6iWBh","legacyData"
"95de3700-c637-4ca9-9e9c-6b8776ea049c","NIWO_057.basePlot.vst","2015-07-29","vst_NIWO_2015","D13","NIWO","NIWO_057",,"NEON.PLA.D13.NIWO.00425",,"sapling","Live",1.8,10,,,,,,,"Full shade",,,,,,,"Xlq171H9ZZacHRTOGVYKqs8+16kKTkQj","P+EeY8owwbjzXaiaPoIJpc6mcpR6iWBh","legacyData"
"cb579bf4-1f8b-41e8-9fae-9e0a57a08a5c","NIWO_057.basePlot.vst","2015-07-29","vst_NIWO_2015","D13","NIWO","NIWO_057",,"NEON.PLA.D13.NIWO.00417",,"small shrub","Live",,,0.5,,,,1.0,1.0,"Full shade","cone",,,,,,"Xlq171H9ZZacHRTOGVYKqs8+16kKTkQj","P+EeY8owwbjzXaiaPoIJpc6mcpR6iWBh","legacyData"
"a14dc837-e8e6-463f-b40f-8bcbc7dc764e","NIWO_057.basePlot.vst","2015-07-29","vst_NIWO_2015","D13","NIWO","NIWO_057",,"NEON.PLA.D13.NIWO.00389",,"single bole tree","Live",16.7,130,,,,,,,"Mostly shaded",,,,,,,"Xlq171H9ZZacHRTOGVYKqs8+16kKTkQj","P+EeY8owwbjzXaiaPoIJpc6mcpR6iWBh","legacyData"
"d09a3fb5-3f60-4e76-89ef-0cc8c0f8d985","NIWO_057.basePlot.vst","2015-07-29","vst_NIWO_2015","D13","NIWO","NIWO_057",,"NEON.PLA.D13.NIWO.00436",,"small tree","Live",2.2,130,,,,,,,"Mostly shaded",,,,,,,"Xlq171H9ZZacHRTOGVYKqs8+16kKTkQj","P+EeY8owwbjzXaiaPoIJpc6mcpR6iWBh","legacyData"
"4eeccb0e-bb9f-4c19-85ed-8050dbda933d","NIWO_057.basePlot.vst","2015-07-29","vst_NIWO_2015","D13","NIWO","NIWO_057",,"NEON.PLA.D13.NIWO.00421",,"sapling","Live",1.3,10,,,,,,,"Full shade",,,,,,,"Xlq171H9ZZacHRTOGVYKqs8+16kKTkQj","P+EeY8owwbjzXaiaPoIJpc6mcpR6iWBh","legacyData"
"aafbeac9-67a8-41bb-b56a-c79881160f7e","NIWO_057.basePlot.vst","2015-07-29","vst_NIWO_2015","D13","NIWO","NIWO_057",,"NEON.PLA.D13.NIWO.00377B",,,"Live",15.3,130,,,,,,,"Partially shaded",,,,,,,"Xlq171H9ZZacHRTOGVYKqs8+16kKTkQj","P+EeY8owwbjzXaiaPoIJpc6mcpR6iWBh","legacyData"
"f41559fc-a7dc-4d66-b151-693b9bb0681f","NIWO_057.basePlot.vst","2015-07-29","vst_NIWO_2015","D13","NIWO","NIWO_057",,"NEON.PLA.D13.NIWO.00390",,"multi-bole tree","Live",17.2,130,,,,,,,"Partially shaded",,,,,,,"Xlq171H9ZZacHRTOGVYKqs8+16kKTkQj","P+EeY8owwbjzXaiaPoIJpc6mcpR6iWBh","legacyData"
"4000d1c8-e15e-4d9a-9bfe-049a56e6c426","NIWO_057.basePlot.vst","2015-07-29","vst_NIWO_2015","D13","NIWO","NIWO_057",,"NEON.PLA.D13.NIWO.00409",,"sapling","Live",1.6,10,,,,,,,"Full shade",,,,,,,"Xlq171H9ZZacHRTOGVYKqs8+16kKTkQj","P+EeY8owwbjzXaiaPoIJpc6mcpR6iWBh","legacyData"
"4b2ed937-577a-4c07-97d6-1c247c75360d","NIWO_057.basePlot.vst","2015-07-29","vst_NIWO_2015","D13","NIWO","NIWO_057",,"NEON.PLA.D13.NIWO.00370",,"single bole tree","Standing dead",16.5,130,,,,,,,"Partially shaded",,,,,,,"Xlq171H9ZZacHRTOGVYKqs8+16kKTkQj","P+EeY8owwbjzXaiaPoIJpc6mcpR6iWBh","legacyData"
"68821666-bcfb-477a-90d6-4dd7affc172c","NIWO_057.basePlot.vst","2015-07-29","vst_NIWO_2015","D13","NIWO","NIWO_057",,"NEON.PLA.D13.NIWO.00378",,"multi-bole tree","Live",17.9,130,,,,,,,"Partially shaded",,,,,,,"Xlq171H9ZZacHRTOGVYKqs8+16kKTkQj","P+EeY8owwbjzXaiaPoIJpc6mcpR6iWBh","legacyData"
"3232b48e-cf79-4d3f-bcf3-2f857719803a","NIWO_057.basePlot.vst","2015-07-29","vst_NIWO_2015","D13","NIWO","NIWO_057",,"NEON.PLA.D13.NIWO.00379A",,,"Live",14.7,130,,,,,,,"Partially shaded",,,,,,,"Xlq171H9ZZacHRTOGVYKqs8+16kKTkQj","P+EeY8owwbjzXaiaPoIJpc6mcpR6iWBh","legacyData"
"01207cf9-41fb-442d-8b54-62f64e1db055","NIWO_057.basePlot.vst","2015-07-29","vst_NIWO_2015","D13","NIWO","NIWO_057",,"NEON.PLA.D13.NIWO.00407",,"sapling","Live",1.5,10,,,,,,,"Full shade",,,,,,,"Xlq171H9ZZacHRTOGVYKqs8+16kKTkQj","P+EeY8owwbjzXaiaPoIJpc6mcpR6iWBh","legacyData"
"bb02a1ac-adf1-42f5-b0be-83e4882b6434","NIWO_057.basePlot.vst","2015-07-29","vst_NIWO_2015","D13","NIWO","NIWO_057",,"NEON.PLA.D13.NIWO.00449",,"small tree","Live",5.5,130,,,,,,,"Mostly shaded",,,,,,,"Xlq171H9ZZacHRTOGVYKqs8+16kKTkQj","P+EeY8owwbjzXaiaPoIJpc6mcpR6iWBh","legacyData"
"04833128-52da-4724-979b-20b29e5bcf52","NIWO_057.basePlot.vst","2015-07-29","vst_NIWO_2015","D13","NIWO","NIWO_057",,"NEON.PLA.D13.NIWO.00433",,"sapling","Live",1.9,10,,,,,,,"Full shade",,,,,,,"Xlq171H9ZZacHRTOGVYKqs8+16kKTkQj","P+EeY8owwbjzXaiaPoIJpc6mcpR6iWBh","legacyData"
"06aa0c2e-771a-4868-99aa-def85fb4649e","NIWO_057.basePlot.vst","2015-07-29","vst_NIWO_2015","D13","NIWO","NIWO_057",,"NEON.PLA.D13.NIWO.00404",,"sapling","Live",1.1,10,,,,,,,"Full shade",,,,,,,"Xlq171H9ZZacHRTOGVYKqs8+16kKTkQj","P+EeY8owwbjzXaiaPoIJpc6mcpR6iWBh","legacyData"
"3dab4fe7-5a48-429c-9a06-ae23b6a5bee3","NIWO_057.basePlot.vst","2015-07-29","vst_NIWO_2015","D13","NIWO","NIWO_057",,"NEON.PLA.D13.NIWO.00384",,"multi-bole tree","Live",14.1,130,,,,,,,"Mostly shaded",,,,,,,"Xlq171H9ZZacHRTOGVYKqs8+16kKTkQj","P+EeY8owwbjzXaiaPoIJpc6mcpR6iWBh","legacyData"
"a11e1bcd-1507-405a-9f41-70aedbbe9df1","NIWO_057.basePlot.vst","2015-07-29","vst_NIWO_2015","D13","NIWO","NIWO_057",,"NEON.PLA.D13.NIWO.00411",,"small shrub","Live",,,1.2,,,,0.9,0.8,"Full shade","cone",,,,,,"Xlq171H9ZZacHRTOGVYKqs8+16kKTkQj","P+EeY8owwbjzXaiaPoIJpc6mcpR6iWBh","legacyData"
"e0c67b19-3d66-4764-82bb-84072d95ba6c","NIWO_057.basePlot.vst","2015-07-29","vst_NIWO_2015","D13","NIWO","NIWO_057",,"NEON.PLA.D13.NIWO.00372",,"single bole tree","Live",17.3,10,,,,,,,"Partially shaded",,,,,,,"Xlq171H9ZZacHRTOGVYKqs8+16kKTkQj","P+EeY8owwbjzXaiaPoIJpc6mcpR6iWBh","legacyData"
"1478cf5b-3006-4b4d-b2ac-bd1b83d869a3","NIWO_057.basePlot.vst","2015-07-29","vst_NIWO_2015","D13","NIWO","NIWO_057",,"NEON.PLA.D13.NIWO.00438",,"sapling","Live,  other damage",3.3,10,,,,,,,"Full shade",,,,,,"snow damage","Xlq171H9ZZacHRTOGVYKqs8+16kKTkQj","P+EeY8owwbjzXaiaPoIJpc6mcpR6iWBh","legacyData"
"7d0c67bd-4b95-42a5-a1e4-83b0a92076c6","NIWO_057.basePlot.vst","2015-07-29","vst_NIWO_2015","D13","NIWO","NIWO_057",,"NEON.PLA.D13.NIWO.00381A",,,"Live",16.9,130,,,,,,,"Partially shaded",,,,,,,"Xlq171H9ZZacHRTOGVYKqs8+16kKTkQj","P+EeY8owwbjzXaiaPoIJpc6mcpR6iWBh","legacyData"
"8d3b5465-98d0-4915-9b25-e3151a69425f","NIWO_057.basePlot.vst","2015-07-29","vst_NIWO_2015","D13","NIWO","NIWO_057",,"NEON.PLA.D13.NIWO.00392",,"single bole tree","Live",11.0,130,,,,,,,"Mostly shaded",,,,,,,"Xlq171H9ZZacHRTOGVYKqs8+16kKTkQj","P+EeY8owwbjzXaiaPoIJpc6mcpR6iWBh","legacyData"
"b2cf73eb-3233-4809-9b19-991f7d1a859f","NIWO_057.basePlot.vst","2015-07-29","vst_NIWO_2015","D13","NIWO","NIWO_057",,"NEON.PLA.D13.NIWO.00381D",,,"Live",13.7,130,,,,,,,"Partially shaded",,,,,,,"Xlq171H9ZZacHRTOGVYKqs8+16kKTkQj","P+EeY8owwbjzXaiaPoIJpc6mcpR6iWBh","legacyData"
"32ea79ed-f983-4967-87e7-f9ff933299fe","NIWO_057.basePlot.vst","2015-07-29","vst_NIWO_2015","D13","NIWO","NIWO_057",,"NEON.PLA.D13.NIWO.00377",,"multi-bole tree","Live",19.7,130,,,,,,,"Partially shaded",,,,,,,"Xlq171H9ZZacHRTOGVYKqs8+16kKTkQj","P+EeY8owwbjzXaiaPoIJpc6mcpR6iWBh","legacyData"
"156f8cfc-b6c1-4fb2-b926-c267e8ae3175","NIWO_057.basePlot.vst","2015-07-29","vst_NIWO_2015","D13","NIWO","NIWO_057",,"NEON.PLA.D13.NIWO.00381B",,,"Live",12.9,130,,,,,,,"Partially shaded",,,,,,,"Xlq171H9ZZacHRTOGVYKqs8+16kKTkQj","P+EeY8owwbjzXaiaPoIJpc6mcpR6iWBh","legacyData"
"3af435da-9c50-4af6-915b-fc3f128e2015","NIWO_057.basePlot.vst","2015-07-29","vst_NIWO_2015","D13","NIWO","NIWO_057",,"NEON.PLA.D13.NIWO.00384B",,,"Live",10.4,130,,,,,,,"Mostly shaded",,,,,,,"Xlq171H9ZZacHRTOGVYKqs8+16kKTkQj","P+EeY8owwbjzXaiaPoIJpc6mcpR6iWBh","legacyData"
"a090b609-614f-47ae-9d8b-6cd6c5585ab2","NIWO_057.basePlot.vst","2015-07-29","vst_NIWO_2015","D13","NIWO","NIWO_057",,"NEON.PLA.D13.NIWO.00444",,"sapling","Live",1.2,10,,,,,,,"Full shade",,,,,,,"Xlq171H9ZZacHRTOGVYKqs8+16kKTkQj","P+EeY8owwbjzXaiaPoIJpc6mcpR6iWBh","legacyData"
"1011e6f2-e9ac-44ae-ab36-1573a5e37770","NIWO_057.basePlot.vst","2015-07-29","vst_NIWO_2015","D13","NIWO","NIWO_057",,"NEON.PLA.D13.NIWO.00382",,"multi-bole tree","Live",29.0,130,,,,,,,"Partially shaded",,,,,,,"Xlq171H9ZZacHRTOGVYKqs8+16kKTkQj","P+EeY8owwbjzXaiaPoIJpc6mcpR6iWBh","legacyData"
"88fef1f2-a367-40ee-a6d9-369e67fcd257","NIWO_057.basePlot.vst","2015-07-29","vst_NIWO_2015","D13","NIWO","NIWO_057",,"NEON.PLA.D13.NIWO.00385A",,,"Live",12.3,130,,,,,,,"Mostly shaded",,,,,,,"Xlq171H9ZZacHRTOGVYKqs8+16kKTkQj","P+EeY8owwbjzXaiaPoIJpc6mcpR6iWBh","legacyData"
"b99e7ab4-6a10-4632-a949-4f7ea0deb2f2","NIWO_057.basePlot.vst","2015-07-29","vst_NIWO_2015","D13","NIWO","NIWO_057",,"NEON.PLA.D13.NIWO.00400A",,,"Live,  other damage",19.6,130,,,,,,,"Partially shaded",,,,,,"dying","Xlq171H9ZZacHRTOGVYKqs8+16kKTkQj","P+EeY8owwbjzXaiaPoIJpc6mcpR6iWBh","legacyData"
"4ceb0d7d-2853-460d-900f-393847582e19","NIWO_057.basePlot.vst","2015-07-29","vst_NIWO_2015","D13","NIWO","NIWO_057",,"NEON.PLA.D13.NIWO.00413",,"sapling","Live",2.4,10,,,,,,,"Open grown",,,,,,,"Xlq171H9ZZacHRTOGVYKqs8+16kKTkQj","P+EeY8owwbjzXaiaPoIJpc6mcpR6iWBh","legacyData"
"d5b3c7d7-025b-4722-9899-8c124319647d","NIWO_057.basePlot.vst","2015-07-29","vst_NIWO_2015","D13","NIWO","NIWO_057",,"NEON.PLA.D13.NIWO.00408",,"sapling","Live,  other damage",2.1,10,,,,,,,"Full shade",,,,,,"herbivory","Xlq171H9ZZacHRTOGVYKqs8+16kKTkQj","P+EeY8owwbjzXaiaPoIJpc6mcpR6iWBh","legacyData"
"97d44800-9de1-4e55-aeb6-4a2b2733c813","NIWO_057.basePlot.vst","2015-07-29","vst_NIWO_2015","D13","NIWO","NIWO_057",,"NEON.PLA.D13.NIWO.00388",,"single bole tree","Live",14.4,130,,,,,,,"Partially shaded",,,,,,,"Xlq171H9ZZacHRTOGVYKqs8+16kKTkQj","P+EeY8owwbjzXaiaPoIJpc6mcpR6iWBh","legacyData"
"16ae9a2c-9464-41f0-b681-a11a96ed3a4b","NIWO_057.basePlot.vst","2015-07-29","vst_NIWO_2015","D13","NIWO","NIWO_057",,"NEON.PLA.D13.NIWO.00426",,"small tree","Live",3.0,130,,,,,,,"Mostly shaded",,,,,,,"Xlq171H9ZZacHRTOGVYKqs8+16kKTkQj","P+EeY8owwbjzXaiaPoIJpc6mcpR6iWBh","legacyData"
"92275877-0e05-4b8b-b9f2-9b504b7267c1","NIWO_057.basePlot.vst","2015-07-29","vst_NIWO_2015","D13","NIWO","NIWO_057",,"NEON.PLA.D13.NIWO.00379",,"multi-bole tree","Live",14.7,130,,,,,,,"Partially shaded",,,,,,,"Xlq171H9ZZacHRTOGVYKqs8+16kKTkQj","P+EeY8owwbjzXaiaPoIJpc6mcpR6iWBh","legacyData"
"2afa7441-0ba1-49f3-8a13-660741392cab","NIWO_057.basePlot.vst","2015-07-29","vst_NIWO_2015","D13","NIWO","NIWO_057",,"NEON.PLA.D13.NIWO.00447",,"small tree","Live",4.2,130,,,,,,,"Full shade",,,,,,,"Xlq171H9ZZacHRTOGVYKqs8+16kKTkQj","P+EeY8owwbjzXaiaPoIJpc6mcpR6iWBh","legacyData"
"9cd628b8-c967-4d02-babc-1fe78232c2d9","NIWO_057.basePlot.vst","2015-07-29","vst_NIWO_2015","D13","NIWO","NIWO_057",,"NEON.PLA.D13.NIWO.00390A",,,"Live",13.1,130,,,,,,,"Partially shaded",,,,,,,"Xlq171H9ZZacHRTOGVYKqs8+16kKTkQj","P+EeY8owwbjzXaiaPoIJpc6mcpR6iWBh","legacyData"
"61e055ed-9dc1-4303-a3ea-8afcb0152a99","NIWO_057.basePlot.vst","2015-07-29","vst_NIWO_2015","D13","NIWO","NIWO_057",,"NEON.PLA.D13.NIWO.00427",,"small tree","Live",1.6,130,,,,,,,"Mostly shaded",,,,,,,"Xlq171H9ZZacHRTOGVYKqs8+16kKTkQj","P+EeY8owwbjzXaiaPoIJpc6mcpR6iWBh","legacyData"
"f50d61d4-af70-4a05-b8f0-a1e3378dc19f","NIWO_057.basePlot.vst","2015-07-29","vst_NIWO_2015","D13","NIWO","NIWO_057",,"NEON.PLA.D13.NIWO.00396",,"multi-bole tree","Live",43.0,60,,,,,,,"Full sun",,,,,,,"Xlq171H9ZZacHRTOGVYKqs8+16kKTkQj","P+EeY8owwbjzXaiaPoIJpc6mcpR6iWBh","legacyData"
"055abcc7-55cc-4586-bdc8-ff9e4ad21216","NIWO_057.basePlot.vst","2015-07-29","vst_NIWO_2015","D13","NIWO","NIWO_057",,"NEON.PLA.D13.NIWO.00423",,"small tree","Live",1.6,130,,,,,,,"Full shade",,,,,,,"Xlq171H9ZZacHRTOGVYKqs8+16kKTkQj","P+EeY8owwbjzXaiaPoIJpc6mcpR6iWBh","legacyData"
"b8b5e552-7404-4490-b28a-cea2ee4da841","NIWO_057.basePlot.vst","2015-07-29","vst_NIWO_2015","D13","NIWO","NIWO_057",,"NEON.PLA.D13.NIWO.00402",,"sapling","Live",1.4,10,,,,,,,"Full shade",,,,,,,"Xlq171H9ZZacHRTOGVYKqs8+16kKTkQj","P+EeY8owwbjzXaiaPoIJpc6mcpR6iWBh","legacyData"
"e39c7b3d-98b2-46ce-ac63-117271493495","NIWO_057.basePlot.vst","2015-07-29","vst_NIWO_2015","D13","NIWO","NIWO_057",,"NEON.PLA.D13.NIWO.00403",,"sapling","Live",1.0,10,,,,,,,"Full shade",,,,,,,"Xlq171H9ZZacHRTOGVYKqs8+16kKTkQj","P+EeY8owwbjzXaiaPoIJpc6mcpR6iWBh","legacyData"
"61f958e2-4317-4864-90ec-4e1925c385ce","NIWO_057.basePlot.vst","2015-07-29","vst_NIWO_2015","D13","NIWO","NIWO_057",,"NEON.PLA.D13.NIWO.00376",,"multi-bole tree","Live",17.9,130,,,,,,,"Partially shaded",,,,,,,"Xlq171H9ZZacHRTOGVYKqs8+16kKTkQj","P+EeY8owwbjzXaiaPoIJpc6mcpR6iWBh","legacyData"
"984184d8-ae26-4d86-b1b5-8c2ad568903f","NIWO_057.basePlot.vst","2015-07-29","vst_NIWO_2015","D13","NIWO","NIWO_057",,"NEON.PLA.D13.NIWO.00385B",,,"Live",12.5,130,,,,,,,"Mostly shaded",,,,,,,"Xlq171H9ZZacHRTOGVYKqs8+16kKTkQj","P+EeY8owwbjzXaiaPoIJpc6mcpR6iWBh","legacyData"
"887d6a0a-f22c-413b-9763-411200d262ac","NIWO_057.basePlot.vst","2015-07-29","vst_NIWO_2015","D13","NIWO","NIWO_057",,"NEON.PLA.D13.NIWO.00386",,"single bole tree","Live",28.1,130,,,,,,,"Full sun",,,,,,,"Xlq171H9ZZacHRTOGVYKqs8+16kKTkQj","P+EeY8owwbjzXaiaPoIJpc6mcpR6iWBh","legacyData"
"40bd04f8-b0c8-430e-9360-16dbd06d83dd","NIWO_057.basePlot.vst","2015-07-29","vst_NIWO_2015","D13","NIWO","NIWO_057",,"NEON.PLA.D13.NIWO.00431",,"small tree","Live",3.1,130,,,,,,,"Full shade",,,,,,,"Xlq171H9ZZacHRTOGVYKqs8+16kKTkQj","P+EeY8owwbjzXaiaPoIJpc6mcpR6iWBh","legacyData"
"d895dbfd-f15b-4a91-a41a-d14a33a7d68b","NIWO_057.basePlot.vst","2015-07-29","vst_NIWO_2015","D13","NIWO","NIWO_057",,"NEON.PLA.D13.NIWO.00394",,"multi-bole tree","Live",24.0,130,,,,,,,"Partially shaded",,,,,,,"Xlq171H9ZZacHRTOGVYKqs8+16kKTkQj","P+EeY8owwbjzXaiaPoIJpc6mcpR6iWBh","legacyData"
"299f8861-c7f0-4a1c-abdf-4fa505082be4","NIWO_057.basePlot.vst","2015-07-29","vst_NIWO_2015","D13","NIWO","NIWO_057",,"NEON.PLA.D13.NIWO.00394A",,,"Live",21.4,130,,,,,,,"Partially shaded",,,,,,,"Xlq171H9ZZacHRTOGVYKqs8+16kKTkQj","P+EeY8owwbjzXaiaPoIJpc6mcpR6iWBh","legacyData"
"baf7eb27-6139-487f-9ffb-f803c5d04643","NIWO_057.basePlot.vst","2015-07-29","vst_NIWO_2015","D13","NIWO","NIWO_057",,"NEON.PLA.D13.NIWO.00405",,"small tree","Live",5.5,130,,,,,,,"Full shade",,,,,,,"Xlq171H9ZZacHRTOGVYKqs8+16kKTkQj","P+EeY8owwbjzXaiaPoIJpc6mcpR6iWBh","legacyData"
"ef641057-fc30-4d4d-9f35-bcf47678061d","NIWO_057.basePlot.vst","2015-07-29","vst_NIWO_2015","D13","NIWO","NIWO_057",,"NEON.PLA.D13.NIWO.00414",,"sapling","Live",1.2,10,,,,,,,"Open grown",,,,,,,"Xlq171H9ZZacHRTOGVYKqs8+16kKTkQj","P+EeY8owwbjzXaiaPoIJpc6mcpR6iWBh","legacyData"
"0dcd3385-2f64-4783-a30c-1e784f4b30e7","NIWO_057.basePlot.vst","2015-07-29","vst_NIWO_2015","D13","NIWO","NIWO_057",,"NEON.PLA.D13.NIWO.00385C",,,"Live",12.9,130,,,,,,,"Mostly shaded",,,,,,,"Xlq171H9ZZacHRTOGVYKqs8+16kKTkQj","P+EeY8owwbjzXaiaPoIJpc6mcpR6iWBh","legacyData"
"5bf185f5-8dfa-4c2a-9b0f-959a15accbe5","NIWO_057.basePlot.vst","2015-07-29","vst_NIWO_2015","D13","NIWO","NIWO_057",,"NEON.PLA.D13.NIWO.00376B",,,"Live",10.2,130,,,,,,,"Partially shaded",,,,,,,"Xlq171H9ZZacHRTOGVYKqs8+16kKTkQj","P+EeY8owwbjzXaiaPoIJpc6mcpR6iWBh","legacyData"
"63681561-44e7-4369-956b-ea15b65c8773","NIWO_057.basePlot.vst","2015-07-29","vst_NIWO_2015","D13","NIWO","NIWO_057",,"NEON.PLA.D13.NIWO.00390C",,,"Live",10.9,130,,,,,,,"Partially shaded",,,,,,,"Xlq171H9ZZacHRTOGVYKqs8+16kKTkQj","P+EeY8owwbjzXaiaPoIJpc6mcpR6iWBh","legacyData"
"41bfbc78-0b5c-4234-80c6-e43e49537318","NIWO_057.basePlot.vst","2015-07-29","vst_NIWO_2015","D13","NIWO","NIWO_057",,"NEON.PLA.D13.NIWO.00380",,"single bole tree","Standing dead",35.3,130,,,,,,,"Full sun",,,,,,,"Xlq171H9ZZacHRTOGVYKqs8+16kKTkQj","P+EeY8owwbjzXaiaPoIJpc6mcpR6iWBh","legacyData"
"95e2fc90-63b6-4468-a838-990ce060b615","NIWO_057.basePlot.vst","2015-07-29","vst_NIWO_2015","D13","NIWO","NIWO_057",,"NEON.PLA.D13.NIWO.00374",,"single bole tree","Live",18.9,130,,,,,,,"Mostly shaded",,,,,,,"Xlq171H9ZZacHRTOGVYKqs8+16kKTkQj","P+EeY8owwbjzXaiaPoIJpc6mcpR6iWBh","legacyData"
"d3fc9389-90b3-444a-8fad-23979f2493b7","NIWO_057.basePlot.vst","2015-07-29","vst_NIWO_2015","D13","NIWO","NIWO_057",,"NEON.PLA.D13.NIWO.00434",,"small shrub","Live",,,0.4,,,,0.3,0.2,"Full shade","cone",,,,,,"Xlq171H9ZZacHRTOGVYKqs8+16kKTkQj","P+EeY8owwbjzXaiaPoIJpc6mcpR6iWBh","legacyData"
"1f666584-1453-47a3-8adc-9227259c900b","NIWO_057.basePlot.vst","2015-07-29","vst_NIWO_2015","D13","NIWO","NIWO_057",,"NEON.PLA.D13.NIWO.00448",,"small tree","Live",1.5,130,,,,,,,"Full shade",,,,,,,"Xlq171H9ZZacHRTOGVYKqs8+16kKTkQj","P+EeY8owwbjzXaiaPoIJpc6mcpR6iWBh","legacyData"
"48864540-d251-4cdd-ae68-6046fde4e8e3","NIWO_057.basePlot.vst","2015-07-29","vst_NIWO_2015","D13","NIWO","NIWO_057",,"NEON.PLA.D13.NIWO.00390B",,,"Live",12.6,130,,,,,,,"Partially shaded",,,,,,,"Xlq171H9ZZacHRTOGVYKqs8+16kKTkQj","P+EeY8owwbjzXaiaPoIJpc6mcpR6iWBh","legacyData"
"c9b0c634-20f1-48c5-b525-5af2b563c6c7","NIWO_057.basePlot.vst","2015-07-29","vst_NIWO_2015","D13","NIWO","NIWO_057",,"NEON.PLA.D13.NIWO.00385D",,,"Live",11.4,130,,,,,,,"Mostly shaded",,,,,,,"Xlq171H9ZZacHRTOGVYKqs8+16kKTkQj","P+EeY8owwbjzXaiaPoIJpc6mcpR6iWBh","legacyData"
"bb413fbd-ddd9-443a-9174-8ee24b8e7ad6","NIWO_057.basePlot.vst","2015-07-29","vst_NIWO_2015","D13","NIWO","NIWO_057",,"NEON.PLA.D13.NIWO.00435",,"small tree","Live",2.9,130,,,,,,,"Mostly shaded",,,,,,,"Xlq171H9ZZacHRTOGVYKqs8+16kKTkQj","P+EeY8owwbjzXaiaPoIJpc6mcpR6iWBh","legacyData"
"88c955ff-b401-4cc6-aa6a-e90c7c68d1f1","NIWO_057.basePlot.vst","2015-07-29","vst_NIWO_2015","D13","NIWO","NIWO_057",,"NEON.PLA.D13.NIWO.00393",,"single bole tree","Live",25.8,130,,,,,,,"Partially shaded",,,,,,,"Xlq171H9ZZacHRTOGVYKqs8+16kKTkQj","P+EeY8owwbjzXaiaPoIJpc6mcpR6iWBh","legacyData"
"d4c5cb2e-b7d8-40fa-8755-7c38d0d18980","NIWO_057.basePlot.vst","2015-07-29","vst_NIWO_2015","D13","NIWO","NIWO_057",,"NEON.PLA.D13.NIWO.00410",,"sapling","Live",4.5,10,,,,,,,"Full shade",,,,,,,"Xlq171H9ZZacHRTOGVYKqs8+16kKTkQj","P+EeY8owwbjzXaiaPoIJpc6mcpR6iWBh","legacyData"
"6ff1e34b-a6ca-4fb3-a5b1-87c26a5eb437","NIWO_057.basePlot.vst","2015-07-29","vst_NIWO_2015","D13","NIWO","NIWO_057",,"NEON.PLA.D13.NIWO.00371",,"single bole tree","Live",18.0,130,,,,,,,"Partially shaded",,,,,,,"Xlq171H9ZZacHRTOGVYKqs8+16kKTkQj","P+EeY8owwbjzXaiaPoIJpc6mcpR6iWBh","legacyData"
"ed27140f-fd90-43a4-9778-4ad05a0c3675","NIWO_057.basePlot.vst","2015-07-29","vst_NIWO_2015","D13","NIWO","NIWO_057",,"NEON.PLA.D13.NIWO.00383",,"single bole tree","Live",13.9,130,,,,,,,"Mostly shaded",,,,,,,"Xlq171H9ZZacHRTOGVYKqs8+16kKTkQj","P+EeY8owwbjzXaiaPoIJpc6mcpR6iWBh","legacyData"
"9b40877b-92cf-434d-9848-3fbd787ba5ec","NIWO_057.basePlot.vst","2015-07-29","vst_NIWO_2015","D13","NIWO","NIWO_057",,"NEON.PLA.D13.NIWO.00384C",,,"Live",12.6,130,,,,,,,"Mostly shaded",,,,,,,"Xlq171H9ZZacHRTOGVYKqs8+16kKTkQj","P+EeY8owwbjzXaiaPoIJpc6mcpR6iWBh","legacyData"
"27617818-38eb-4e73-a57b-32b037b03a54","NIWO_057.basePlot.vst","2015-07-29","vst_NIWO_2015","D13","NIWO","NIWO_057",,"NEON.PLA.D13.NIWO.00377A",,,"Live",17.9,130,,,,,,,"Partially shaded",,,,,,,"Xlq171H9ZZacHRTOGVYKqs8+16kKTkQj","P+EeY8owwbjzXaiaPoIJpc6mcpR6iWBh","legacyData"
"4c86c758-1c80-4aa2-800e-0191d0f3dc73","NIWO_057.basePlot.vst","2015-07-29","vst_NIWO_2015","D13","NIWO","NIWO_057",,"NEON.PLA.D13.NIWO.00373",,"single bole tree","Live",24.0,130,,,,,,,"Partially shaded",,,,,,,"Xlq171H9ZZacHRTOGVYKqs8+16kKTkQj","P+EeY8owwbjzXaiaPoIJpc6mcpR6iWBh","legacyData"
"9dba89b3-6466-4046-8483-9082d75abeb8","NIWO_057.basePlot.vst","2015-07-29","vst_NIWO_2015","D13","NIWO","NIWO_057",,"NEON.PLA.D13.NIWO.00369",,"single bole tree","Standing dead",22.6,130,,,,,,,"Partially shaded",,,,,,,"Xlq171H9ZZacHRTOGVYKqs8+16kKTkQj","P+EeY8owwbjzXaiaPoIJpc6mcpR6iWBh","legacyData"
"c220b273-67e8-4b25-bec1-30ffd1249fdd","NIWO_057.basePlot.vst","2015-07-29","vst_NIWO_2015","D13","NIWO","NIWO_057",,"NEON.PLA.D13.NIWO.00376A",,,"Live",14.6,130,,,,,,,"Partially shaded",,,,,,,"Xlq171H9ZZacHRTOGVYKqs8+16kKTkQj","P+EeY8owwbjzXaiaPoIJpc6mcpR6iWBh","legacyData"
"93c3cda4-aa7f-4d49-a186-b647e0cbdee4","NIWO_057.basePlot.vst","2015-07-29","vst_NIWO_2015","D13","NIWO","NIWO_057",,"NEON.PLA.D13.NIWO.00397",,"single bole tree","Live",10.6,130,,,,,,,"Mostly shaded",,,,,,,"Xlq171H9ZZacHRTOGVYKqs8+16kKTkQj","P+EeY8owwbjzXaiaPoIJpc6mcpR6iWBh","legacyData"
"d928c2a1-5f02-4a79-9c55-53970f28b98f","NIWO_057.basePlot.vst","2015-07-29","vst_NIWO_2015","D13","NIWO","NIWO_057",,"NEON.PLA.D13.NIWO.00418",,"sapling","Live",2.4,10,,,,,,,"Full shade",,,,,,,"Xlq171H9ZZacHRTOGVYKqs8+16kKTkQj","P+EeY8owwbjzXaiaPoIJpc6mcpR6iWBh","legacyData"
"528f9710-9903-47c0-b3fd-9f38a702c20a","NIWO_057.basePlot.vst","2015-07-29","vst_NIWO_2015","D13","NIWO","NIWO_057",,"NEON.PLA.D13.NIWO.00430",,"sapling","Live",2.5,10,,,,,,,"Full shade",,,,,,,"Xlq171H9ZZacHRTOGVYKqs8+16kKTkQj","P+EeY8owwbjzXaiaPoIJpc6mcpR6iWBh","legacyData"
"3319fe0b-9d7b-438c-a428-d943fcbf4bec","NIWO_057.basePlot.vst","2015-07-29","vst_NIWO_2015","D13","NIWO","NIWO_057",,"NEON.PLA.D13.NIWO.00368",,"single bole tree","Standing dead",36.9,130,,,,,,,"Partially shaded",,,,,,,"Xlq171H9ZZacHRTOGVYKqs8+16kKTkQj","P+EeY8owwbjzXaiaPoIJpc6mcpR6iWBh","legacyData"
"2ff3eb4c-f3e0-43d6-8f14-469f657f65da","NIWO_057.basePlot.vst","2015-07-29","vst_NIWO_2015","D13","NIWO","NIWO_057",,"NEON.PLA.D13.NIWO.00367",,"multi-bole tree","Live",23.4,130,,,,,,,"Partially shaded",,,,,,,"Xlq171H9ZZacHRTOGVYKqs8+16kKTkQj","P+EeY8owwbjzXaiaPoIJpc6mcpR6iWBh","legacyData"
"175edaa1-287a-44c0-98b7-3db1cc40fbd2","NIWO_057.basePlot.vst","2015-07-29","vst_NIWO_2015","D13","NIWO","NIWO_057",,"NEON.PLA.D13.NIWO.00398",,"single bole tree","Live",16.0,130,,,,,,,"Mostly shaded",,,,,,,"Xlq171H9ZZacHRTOGVYKqs8+16kKTkQj","P+EeY8owwbjzXaiaPoIJpc6mcpR6iWBh","legacyData"
"f7b08e77-33b8-4704-b264-29d75152c110","NIWO_057.basePlot.vst","2015-07-29","vst_NIWO_2015","D13","NIWO","NIWO_057",,"NEON.PLA.D13.NIWO.00419",,"small shrub","Live",,,0.9,,,,0.7,0.6,"Full shade","inverted cone",,,4.00,3.00,,"Xlq171H9ZZacHRTOGVYKqs8+16kKTkQj","P+EeY8owwbjzXaiaPoIJpc6mcpR6iWBh","legacyData"
"33db6a5a-3319-4dae-900a-f9ecd6dcc8fc","NIWO_057.basePlot.vst","2015-07-29","vst_NIWO_2015","D13","NIWO","NIWO_057",,"NEON.PLA.D13.NIWO.00381C",,,"Live",12.5,130,,,,,,,"Partially shaded",,,,,,,"Xlq171H9ZZacHRTOGVYKqs8+16kKTkQj","P+EeY8owwbjzXaiaPoIJpc6mcpR6iWBh","legacyData"
"06ab770e-fae2-4a3d-b95e-35f4d0eee673","NIWO_057.basePlot.vst","2015-07-29","vst_NIWO_2015","D13","NIWO","NIWO_057",,"NEON.PLA.D13.NIWO.00391",,"multi-bole tree","Live",22.9,130,,,,,,,"Partially shaded",,,,,,,"Xlq171H9ZZacHRTOGVYKqs8+16kKTkQj","P+EeY8owwbjzXaiaPoIJpc6mcpR6iWBh","legacyData"
"109e966d-76b6-41bf-bec1-976665c079f1","NIWO_057.basePlot.vst","2015-07-29","vst_NIWO_2015","D13","NIWO","NIWO_057",,"NEON.PLA.D13.NIWO.00415",,"sapling","Live",2.0,10,,,,,,,"Open grown",,,,,,,"Xlq171H9ZZacHRTOGVYKqs8+16kKTkQj","P+EeY8owwbjzXaiaPoIJpc6mcpR6iWBh","legacyData"
"fcf3b4bb-98cf-4534-abca-a5b0597c8fb7","NIWO_057.basePlot.vst","2015-07-29","vst_NIWO_2015","D13","NIWO","NIWO_057",,"NEON.PLA.D13.NIWO.00442",,"small tree","Live",1.9,130,,,,,,,"Full shade",,,,,,,"Xlq171H9ZZacHRTOGVYKqs8+16kKTkQj","P+EeY8owwbjzXaiaPoIJpc6mcpR6iWBh","legacyData"
"3e91bc09-8348-425c-acb0-83141003aac8","NIWO_057.basePlot.vst","2015-07-29","vst_NIWO_2015","D13","NIWO","NIWO_057",,"NEON.PLA.D13.NIWO.00384A",,,"Live",13.7,130,,,,,,,"Mostly shaded",,,,,,,"Xlq171H9ZZacHRTOGVYKqs8+16kKTkQj","P+EeY8owwbjzXaiaPoIJpc6mcpR6iWBh","legacyData"
"a12049f2-934d-40cb-847f-ef1dad9b7b50","NIWO_057.basePlot.vst","2015-07-29","vst_NIWO_2015","D13","NIWO","NIWO_057",,"NEON.PLA.D13.NIWO.00440",,"sapling","Live",1.7,10,,,,,,,"Full shade",,,,,,,"Xlq171H9ZZacHRTOGVYKqs8+16kKTkQj","P+EeY8owwbjzXaiaPoIJpc6mcpR6iWBh","legacyData"
"b8b81457-07c9-42c4-ab23-c5e36c448d99","NIWO_057.basePlot.vst","2015-07-29","vst_NIWO_2015","D13","NIWO","NIWO_057",,"NEON.PLA.D13.NIWO.00399",,"sapling","Live",3.2,10,,,,,,,"Full shade",,,,,,,"Xlq171H9ZZacHRTOGVYKqs8+16kKTkQj","P+EeY8owwbjzXaiaPoIJpc6mcpR6iWBh","legacyData"
"01e12904-fb38-4a3c-a6d4-508b4b4e4ac3","NIWO_057.basePlot.vst","2015-07-29","vst_NIWO_2015","D13","NIWO","NIWO_057",,"NEON.PLA.D13.NIWO.00445",,"sapling","Live",2.5,10,,,,,,,"Full shade",,,,,,,"Xlq171H9ZZacHRTOGVYKqs8+16kKTkQj","P+EeY8owwbjzXaiaPoIJpc6mcpR6iWBh","legacyData"
"27665362-4334-4c52-92fe-1a9a8a189232","NIWO_057.basePlot.vst","2015-07-29","vst_NIWO_2015","D13","NIWO","NIWO_057",,"NEON.PLA.D13.NIWO.00406",,"sapling","Live",1.7,10,,,,,,,"Full shade",,,,,,,"Xlq171H9ZZacHRTOGVYKqs8+16kKTkQj","P+EeY8owwbjzXaiaPoIJpc6mcpR6iWBh","legacyData"
"d346101a-3f7a-49e8-a782-c0d2aa3f87ea","NIWO_057.basePlot.vst","2015-07-29","vst_NIWO_2015","D13","NIWO","NIWO_057",,"NEON.PLA.D13.NIWO.00443",,"sapling","Live",4.2,10,,,,,,,"Full shade",,,,,,,"Xlq171H9ZZacHRTOGVYKqs8+16kKTkQj","P+EeY8owwbjzXaiaPoIJpc6mcpR6iWBh","legacyData"
"4b223f58-3d7a-4b3f-831d-c9967210558d","NIWO_057.basePlot.vst","2015-07-29","vst_NIWO_2015","D13","NIWO","NIWO_057",,"NEON.PLA.D13.NIWO.00381",,"multi-bole tree","Live",17.0,130,,,,,,,"Partially shaded",,,,,,,"Xlq171H9ZZacHRTOGVYKqs8+16kKTkQj","P+EeY8owwbjzXaiaPoIJpc6mcpR6iWBh","legacyData"
"6b6160ce-3eba-4f84-8403-261fa83d49bf","NIWO_057.basePlot.vst","2015-07-29","vst_NIWO_2015","D13","NIWO","NIWO_057",,"NEON.PLA.D13.NIWO.00385",,"multi-bole tree","Live",14.9,130,,,,,,,"Mostly shaded",,,,,,,"Xlq171H9ZZacHRTOGVYKqs8+16kKTkQj","P+EeY8owwbjzXaiaPoIJpc6mcpR6iWBh","legacyData"
"dcc4968e-78c5-4eae-8d80-745b044102d3","NIWO_057.basePlot.vst","2015-07-29","vst_NIWO_2015","D13","NIWO","NIWO_057",,"NEON.PLA.D13.NIWO.00394B",,,"Live",22.9,130,,,,,,,"Partially shaded",,,,,,,"Xlq171H9ZZacHRTOGVYKqs8+16kKTkQj","P+EeY8owwbjzXaiaPoIJpc6mcpR6iWBh","legacyData"
"0e2da98c-930b-4cf5-9fa6-0361c54ebd30","NIWO_057.basePlot.vst","2015-07-29","vst_NIWO_2015","D13","NIWO","NIWO_057",,"NEON.PLA.D13.NIWO.00441",,"small shrub","Live",,,0.4,,,,0.5,0.4,"Full shade","cone",,,,,,"Xlq171H9ZZacHRTOGVYKqs8+16kKTkQj","P+EeY8owwbjzXaiaPoIJpc6mcpR6iWBh","legacyData"
"9c2d5c0b-68ea-498d-9c3a-b1736880b487","NIWO_057.basePlot.vst","2015-07-29","vst_NIWO_2015","D13","NIWO","NIWO_057",,"NEON.PLA.D13.NIWO.00429",,"sapling","Live",4.8,10,,,,,,,"Full shade",,,,,,,"Xlq171H9ZZacHRTOGVYKqs8+16kKTkQj","P+EeY8owwbjzXaiaPoIJpc6mcpR6iWBh","legacyData"
"856df226-ae94-4b07-8bfc-d414c52737bd","NIWO_057.basePlot.vst","2015-07-29","vst_NIWO_2015","D13","NIWO","NIWO_057",,"NEON.PLA.D13.NIWO.00401",,"small tree","Live",9.1,130,,,,,,,"Mostly shaded",,,,,,,"Xlq171H9ZZacHRTOGVYKqs8+16kKTkQj","P+EeY8owwbjzXaiaPoIJpc6mcpR6iWBh","legacyData"
"3495b6df-4b9c-4ba2-a3b5-4b4eddbd4232","NIWO_057.basePlot.vst","2015-07-29","vst_NIWO_2015","D13","NIWO","NIWO_057",,"NEON.PLA.D13.NIWO.00366",,"single bole tree","Live",25.7,130,,,,,,,"Partially shaded",,,,,,,"Xlq171H9ZZacHRTOGVYKqs8+16kKTkQj","P+EeY8owwbjzXaiaPoIJpc6mcpR6iWBh","legacyData"
"77201a5f-3c97-4449-93b6-44791e59025d","NIWO_057.basePlot.vst","2015-07-29","vst_NIWO_2015","D13","NIWO","NIWO_057",,"NEON.PLA.D13.NIWO.00400",,"multi-bole tree","Live,  other damage",22.5,130,,,,,,,"Partially shaded",,,,,,"dying","Xlq171H9ZZacHRTOGVYKqs8+16kKTkQj","P+EeY8owwbjzXaiaPoIJpc6mcpR6iWBh","legacyData"
"a9de5c36-c590-4eab-be0e-ca1d4da89aaf","NIWO_057.basePlot.vst","2015-07-29","vst_NIWO_2015","D13","NIWO","NIWO_057",,"NEON.PLA.D13.NIWO.00391A",,,"Live",21.9,130,,,,,,,"Partially shaded",,,,,,,"Xlq171H9ZZacHRTOGVYKqs8+16kKTkQj","P+EeY8owwbjzXaiaPoIJpc6mcpR6iWBh","legacyData"
"3e4da550-4d34-4586-be7e-54f8a13e070f","NIWO_057.basePlot.vst","2015-07-29","vst_NIWO_2015","D13","NIWO","NIWO_057",,"NEON.PLA.D13.NIWO.00375",,"single bole tree","Live",29.7,130,,,,,,,"Partially shaded",,,,,,,"Xlq171H9ZZacHRTOGVYKqs8+16kKTkQj","P+EeY8owwbjzXaiaPoIJpc6mcpR6iWBh","legacyData"
"33f29522-395e-4a36-90d4-2ac486336a6b","NIWO_057.basePlot.vst","2015-07-29","vst_NIWO_2015","D13","NIWO","NIWO_057",,"NEON.PLA.D13.NIWO.00400B",,,"Live,  other damage",17.5,130,,,,,,,"Partially shaded",,,,,,"dying","Xlq171H9ZZacHRTOGVYKqs8+16kKTkQj","P+EeY8owwbjzXaiaPoIJpc6mcpR6iWBh","legacyData"
"f92b42c5-b4b2-46cd-af83-7a3a67e71da5","NIWO_057.basePlot.vst","2015-07-29","vst_NIWO_2015","D13","NIWO","NIWO_057",,"NEON.PLA.D13.NIWO.00420",,"sapling","Live",1.2,10,,,,,,,"Full shade",,,,,,,"Xlq171H9ZZacHRTOGVYKqs8+16kKTkQj","P+EeY8owwbjzXaiaPoIJpc6mcpR6iWBh","legacyData"
"83661b21-dccf-4576-99a4-b0f7d881a863","NIWO_057.basePlot.vst","2015-07-29","vst_NIWO_2015","D13","NIWO","NIWO_057",,"NEON.PLA.D13.NIWO.00416",,"sapling","Live",3.4,10,,,,,,,"Full shade",,,,,,,"Xlq171H9ZZacHRTOGVYKqs8+16kKTkQj","P+EeY8owwbjzXaiaPoIJpc6mcpR6iWBh","legacyData"
"a1bd44c4-1399-4d14-aef1-31e128eefc0e","NIWO_057.basePlot.vst","2015-07-29","vst_NIWO_2015","D13","NIWO","NIWO_057",,"NEON.PLA.D13.NIWO.00378A",,,"Live",15.1,130,,,,,,,"Partially shaded",,,,,,,"Xlq171H9ZZacHRTOGVYKqs8+16kKTkQj","P+EeY8owwbjzXaiaPoIJpc6mcpR6iWBh","legacyData"
"c489183a-33e9-4baf-aefb-983d55d8d1e8","NIWO_057.basePlot.vst","2015-07-29","vst_NIWO_2015","D13","NIWO","NIWO_057",,"NEON.PLA.D13.NIWO.00395",,"single bole tree","Live",15.4,130,,,,,,,"Mostly shaded",,,,,,,"Xlq171H9ZZacHRTOGVYKqs8+16kKTkQj","P+EeY8owwbjzXaiaPoIJpc6mcpR6iWBh","legacyData"
"5b47a0cd-5f5d-4cf2-8dcd-6ccbd51c47f6","NIWO_057.basePlot.vst","2015-07-29","vst_NIWO_2015","D13","NIWO","NIWO_057",,"NEON.PLA.D13.NIWO.00387",,"single bole tree","Live",26.6,130,,,,,,,"Full sun",,,,,,,"Xlq171H9ZZacHRTOGVYKqs8+16kKTkQj","P+EeY8owwbjzXaiaPoIJpc6mcpR6iWBh","legacyData"
"a6f54549-78cc-4587-9c21-a6f771184f7b","NIWO_057.basePlot.vst","2015-07-29","vst_NIWO_2015","D13","NIWO","NIWO_057",,"NEON.PLA.D13.NIWO.00428",,"single shrub","Live",,,2.2,,,,1.0,0.6,"Mostly shaded","cylinder",,,,,,"Xlq171H9ZZacHRTOGVYKqs8+16kKTkQj","P+EeY8owwbjzXaiaPoIJpc6mcpR6iWBh","legacyData"
"ceebcf7f-2fcd-4001-b7b2-b6589aa62911","NIWO_057.basePlot.vst","2015-07-29","vst_NIWO_2015","D13","NIWO","NIWO_057",,"NEON.PLA.D13.NIWO.00382A",,,"Live",23.2,130,,,,,,,"Partially shaded",,,,,,,"Xlq171H9ZZacHRTOGVYKqs8+16kKTkQj","P+EeY8owwbjzXaiaPoIJpc6mcpR6iWBh","legacyData"
"5340f073-2951-4418-bfc6-fc43b8d2ab1a","NIWO_057.basePlot.vst","2015-07-29","vst_NIWO_2015","D13","NIWO","NIWO_057",,"NEON.PLA.D13.NIWO.00400C",,,"Live,  other damage",19.1,130,,,,,,,"Mostly shaded",,,,,,"dying","Xlq171H9ZZacHRTOGVYKqs8+16kKTkQj","P+EeY8owwbjzXaiaPoIJpc6mcpR6iWBh","legacyData"
"9d443c2b-8cc2-470f-98f3-5cb690377c55","NIWO_057.basePlot.vst","2015-07-29","vst_NIWO_2015","D13","NIWO","NIWO_057",,"NEON.PLA.D13.NIWO.00391B",,,"Live",18.6,130,,,,,,,"Partially shaded",,,,,,,"Xlq171H9ZZacHRTOGVYKqs8+16kKTkQj","P+EeY8owwbjzXaiaPoIJpc6mcpR6iWBh","legacyData"
"d7b84e93-f766-4997-aff7-74725568a608","NIWO_057.basePlot.vst","2015-07-29","vst_NIWO_2015","D13","NIWO","NIWO_057",,"NEON.PLA.D13.NIWO.00446",,"sapling","Live",2.1,10,,,,,,,"Full shade",,,,,,,"Xlq171H9ZZacHRTOGVYKqs8+16kKTkQj","P+EeY8owwbjzXaiaPoIJpc6mcpR6iWBh","legacyData"
"6f063d1b-b1f1-4600-962e-15cca0c93979","NIWO_057.basePlot.vst","2015-07-29","vst_NIWO_2015","D13","NIWO","NIWO_057",,"NEON.PLA.D13.NIWO.00439",,"sapling","Live",3.3,10,,,,,,,"Full shade",,,,,,,"Xlq171H9ZZacHRTOGVYKqs8+16kKTkQj","P+EeY8owwbjzXaiaPoIJpc6mcpR6iWBh","legacyData"
"0d37a2f9-d92e-404c-99d8-4fa3379d742a","NIWO_057.basePlot.vst","2015-07-29","vst_NIWO_2015","D13","NIWO","NIWO_057",,"NEON.PLA.D13.NIWO.00365",,"single bole tree","Live",11.1,130,,,,,,,"Mostly shaded",,,,,,,"Xlq171H9ZZacHRTOGVYKqs8+16kKTkQj","P+EeY8owwbjzXaiaPoIJpc6mcpR6iWBh","legacyData"
"a256f36f-4822-4a6b-bb85-ff6af61773a1","NIWO_057.basePlot.vst","2015-07-29","vst_NIWO_2015","D13","NIWO","NIWO_057",,"NEON.PLA.D13.NIWO.00367A",,,"Live",11.4,130,,,,,,,"Partially shaded",,,,,,,"Xlq171H9ZZacHRTOGVYKqs8+16kKTkQj","P+EeY8owwbjzXaiaPoIJpc6mcpR6iWBh","legacyData"
"aaa423c1-4bf0-4688-9659-c88dae3f0747","NIWO_057.basePlot.vst","2015-07-29","vst_NIWO_2015","D13","NIWO","NIWO_057",,"NEON.PLA.D13.NIWO.00437",,"sapling","Live",2.0,10,,,,,,,"Full shade",,,,,,,"Xlq171H9ZZacHRTOGVYKqs8+16kKTkQj","P+EeY8owwbjzXaiaPoIJpc6mcpR6iWBh","legacyData"
"e4b9d714-2120-42ec-9a7c-a677d6aa3fb0","NIWO_057.basePlot.vst","2015-07-29","vst_NIWO_2015","D13","NIWO","NIWO_057",,"NEON.PLA.D13.NIWO.00424",,"sapling","Live",1.0,10,,,,,,,"Full shade",,,,,,,"Xlq171H9ZZacHRTOGVYKqs8+16kKTkQj","P+EeY8owwbjzXaiaPoIJpc6mcpR6iWBh","legacyData"
"4724b319-7cce-43de-84d4-237e417c4aba","NIWO_057.basePlot.vst","2015-07-29","vst_NIWO_2015","D13","NIWO","NIWO_057",,"NEON.PLA.D13.NIWO.00422",,"sapling","Live",2.6,10,,,,,,,"Full shade",,,,,,,"Xlq171H9ZZacHRTOGVYKqs8+16kKTkQj","P+EeY8owwbjzXaiaPoIJpc6mcpR6iWBh","legacyData"
"b41e3167-9621-46ea-9d4d-dcc3ecb1bb90","NIWO_040.basePlot.vst","2015-07-30","vst_NIWO_2015","D13","NIWO","NIWO_040",,"NEON.PLA.D13.NIWO.00470",,"single bole tree","Live",10.2,130,,,,,,,"Mostly shaded",,,,,,,"Xlq171H9ZZacHRTOGVYKqs8+16kKTkQj","P+EeY8owwbjzXaiaPoIJpc6mcpR6iWBh","legacyData"
"ad1b4a7c-2e72-41d2-94e0-c0b7a7b31f4c","NIWO_040.basePlot.vst","2015-07-30","vst_NIWO_2015","D13","NIWO","NIWO_040",,"NEON.PLA.D13.NIWO.00535",,"small tree","Live",9.6,130,,,,,,,"Full shade",,,,,,,"Xlq171H9ZZacHRTOGVYKqs8+16kKTkQj","P+EeY8owwbjzXaiaPoIJpc6mcpR6iWBh","legacyData"
"90c9c1c6-5893-4848-8053-64e5a5388b7e","NIWO_040.basePlot.vst","2015-07-30","vst_NIWO_2015","D13","NIWO","NIWO_040",,"NEON.PLA.D13.NIWO.00494",,"single bole tree","Live",14.8,13,,,,,,,"Mostly shaded",,,,,,,"Xlq171H9ZZacHRTOGVYKqs8+16kKTkQj","P+EeY8owwbjzXaiaPoIJpc6mcpR6iWBh","legacyData"
"ee94f1f1-003f-425c-9d29-7b61feb76ab0","NIWO_040.basePlot.vst","2015-07-30","vst_NIWO_2015","D13","NIWO","NIWO_040",,"NEON.PLA.D13.NIWO.00529",,"sapling","Live",1.0,10,,,,,,,"Full shade",,,,,,,"Xlq171H9ZZacHRTOGVYKqs8+16kKTkQj","P+EeY8owwbjzXaiaPoIJpc6mcpR6iWBh","legacyData"
"13bf537b-96a8-49c3-adb8-f1eeb1c78d97","NIWO_040.basePlot.vst","2015-07-30","vst_NIWO_2015","D13","NIWO","NIWO_040",,"NEON.PLA.D13.NIWO.00550",,"sapling","Live",1.9,10,,,,,,,"Full shade",,,,,,,"Xlq171H9ZZacHRTOGVYKqs8+16kKTkQj","P+EeY8owwbjzXaiaPoIJpc6mcpR6iWBh","legacyData"
"344f3c2d-f486-4118-a9ab-7ba7fca90e30","NIWO_040.basePlot.vst","2015-07-30","vst_NIWO_2015","D13","NIWO","NIWO_040",,"NEON.PLA.D13.NIWO.00480",,"single bole tree","Live",21.9,130,,,,,,,"Partially shaded",,,,,,,"Xlq171H9ZZacHRTOGVYKqs8+16kKTkQj","P+EeY8owwbjzXaiaPoIJpc6mcpR6iWBh","legacyData"
"9fc3868d-ef44-4877-96f7-7c8caebaa464","NIWO_040.basePlot.vst","2015-07-30","vst_NIWO_2015","D13","NIWO","NIWO_040",,"NEON.PLA.D13.NIWO.00504",,"single bole tree","Standing dead",27.9,130,,,,,,,"Partially shaded",,,,,,,"Xlq171H9ZZacHRTOGVYKqs8+16kKTkQj","P+EeY8owwbjzXaiaPoIJpc6mcpR6iWBh","legacyData"
"10775b46-7c73-42c4-b1c6-9f9752690cf5","NIWO_040.basePlot.vst","2015-07-30","vst_NIWO_2015","D13","NIWO","NIWO_040",,"NEON.PLA.D13.NIWO.00513",,"single bole tree","Live",15.2,130,,,,,,,"Partially shaded",,,,,,,"Xlq171H9ZZacHRTOGVYKqs8+16kKTkQj","P+EeY8owwbjzXaiaPoIJpc6mcpR6iWBh","legacyData"
"73137970-82ed-4211-9ec3-04858cc9a796","NIWO_040.basePlot.vst","2015-07-30","vst_NIWO_2015","D13","NIWO","NIWO_040",,"NEON.PLA.D13.NIWO.00507",,"single bole tree","Live",10.3,130,,,,,,,"Mostly shaded",,,,,,,"Xlq171H9ZZacHRTOGVYKqs8+16kKTkQj","P+EeY8owwbjzXaiaPoIJpc6mcpR6iWBh","legacyData"
"5ba93764-7113-406a-959e-b7a8e6e1947c","NIWO_040.basePlot.vst","2015-07-30","vst_NIWO_2015","D13","NIWO","NIWO_040",,"NEON.PLA.D13.NIWO.00467",,"single bole tree","Live",15.5,130,,,,,,,"Mostly shaded",,,,,,,"Xlq171H9ZZacHRTOGVYKqs8+16kKTkQj","P+EeY8owwbjzXaiaPoIJpc6mcpR6iWBh","legacyData"
"9025f8d6-231f-40c8-997d-6073eda5ad16","NIWO_040.basePlot.vst","2015-07-30","vst_NIWO_2015","D13","NIWO","NIWO_040",,"NEON.PLA.D13.NIWO.00465",,"multi-bole tree","Standing dead",17.2,130,,,,,,,"Partially shaded",,,,,,"primary stem dead","Xlq171H9ZZacHRTOGVYKqs8+16kKTkQj","P+EeY8owwbjzXaiaPoIJpc6mcpR6iWBh","legacyData"
"61382dc9-e6e2-439e-b79e-b0a35a75e954","NIWO_040.basePlot.vst","2015-07-30","vst_NIWO_2015","D13","NIWO","NIWO_040",,"NEON.PLA.D13.NIWO.00510",,"single bole tree","Live",15.3,130,,,,,,,"Partially shaded",,,,,,,"Xlq171H9ZZacHRTOGVYKqs8+16kKTkQj","P+EeY8owwbjzXaiaPoIJpc6mcpR6iWBh","legacyData"
"a6cf61ad-1665-475c-bd32-d530d6afa67c","NIWO_040.basePlot.vst","2015-07-30","vst_NIWO_2015","D13","NIWO","NIWO_040",,"NEON.PLA.D13.NIWO.00483",,"single bole tree","Live",15.2,130,,,,,,,"Mostly shaded",,,,,,,"Xlq171H9ZZacHRTOGVYKqs8+16kKTkQj","P+EeY8owwbjzXaiaPoIJpc6mcpR6iWBh","legacyData"
"7fea93f4-ec34-464d-9da5-8f59dd3f8dad","NIWO_040.basePlot.vst","2015-07-30","vst_NIWO_2015","D13","NIWO","NIWO_040",,"NEON.PLA.D13.NIWO.00554",,"small tree","Live",2.9,130,,,,,,,"Full shade",,,,,,,"Xlq171H9ZZacHRTOGVYKqs8+16kKTkQj","P+EeY8owwbjzXaiaPoIJpc6mcpR6iWBh","legacyData"
"f05acd14-3a29-43b1-b367-93f98239d6b7","NIWO_040.basePlot.vst","2015-07-30","vst_NIWO_2015","D13","NIWO","NIWO_040",,"NEON.PLA.D13.NIWO.00509",,"single bole tree","Live",12.3,130,,,,,,,"Partially shaded",,,,,,,"Xlq171H9ZZacHRTOGVYKqs8+16kKTkQj","P+EeY8owwbjzXaiaPoIJpc6mcpR6iWBh","legacyData"
"63d1e743-68c6-456d-bc66-1ee8cc93dd77","NIWO_040.basePlot.vst","2015-07-30","vst_NIWO_2015","D13","NIWO","NIWO_040",,"NEON.PLA.D13.NIWO.00496",,"single bole tree","Live",18.4,130,,,,,,,"Mostly shaded",,,,,,,"Xlq171H9ZZacHRTOGVYKqs8+16kKTkQj","P+EeY8owwbjzXaiaPoIJpc6mcpR6iWBh","legacyData"
"41ce90a1-c201-47da-8465-03d654bd9f23","NIWO_040.basePlot.vst","2015-07-30","vst_NIWO_2015","D13","NIWO","NIWO_040",,"NEON.PLA.D13.NIWO.00479",,"single bole tree","Standing dead",15.4,130,,,,,,,"Partially shaded",,,,,,,"Xlq171H9ZZacHRTOGVYKqs8+16kKTkQj","P+EeY8owwbjzXaiaPoIJpc6mcpR6iWBh","legacyData"
"f8463b51-8ab8-43fe-ba39-9d19ba2b026e","NIWO_040.basePlot.vst","2015-07-30","vst_NIWO_2015","D13","NIWO","NIWO_040",,"NEON.PLA.D13.NIWO.00538",,"small tree","Live",5.6,130,,,,,,,"Full shade",,,,,,,"Xlq171H9ZZacHRTOGVYKqs8+16kKTkQj","P+EeY8owwbjzXaiaPoIJpc6mcpR6iWBh","legacyData"
"f88c6449-567b-4bbf-91b4-2320804a02a0","NIWO_040.basePlot.vst","2015-07-30","vst_NIWO_2015","D13","NIWO","NIWO_040",,"NEON.PLA.D13.NIWO.00522",,"small shrub","Standing dead",,,0.5,,,,0.5,0.3,"Full shade","inverted cone",,,6.00,6.00,,"Xlq171H9ZZacHRTOGVYKqs8+16kKTkQj","P+EeY8owwbjzXaiaPoIJpc6mcpR6iWBh","legacyData"
"20ba3d38-7581-4a8b-9e33-76f6d16accca","NIWO_040.basePlot.vst","2015-07-30","vst_NIWO_2015","D13","NIWO","NIWO_040",,"NEON.PLA.D13.NIWO.00450",,"single bole tree","Live",41.9,130,,,,,,,"Partially shaded",,,,,,,"Xlq171H9ZZacHRTOGVYKqs8+16kKTkQj","P+EeY8owwbjzXaiaPoIJpc6mcpR6iWBh","legacyData"
"ffd57355-0d5f-49fe-863f-5b8b694aa1ef","NIWO_040.basePlot.vst","2015-07-30","vst_NIWO_2015","D13","NIWO","NIWO_040",,"NEON.PLA.D13.NIWO.00514",,"single bole tree","Standing dead",37.6,130,,,,,,,"Partially shaded",,,,,,,"Xlq171H9ZZacHRTOGVYKqs8+16kKTkQj","P+EeY8owwbjzXaiaPoIJpc6mcpR6iWBh","legacyData"
"c7c212a5-cd9b-4b07-9293-02b784f2a3af","NIWO_040.basePlot.vst","2015-07-30","vst_NIWO_2015","D13","NIWO","NIWO_040",,"NEON.PLA.D13.NIWO.00490",,"single bole tree","Live",42.4,130,,,,,,,"Partially shaded",,,,,,,"Xlq171H9ZZacHRTOGVYKqs8+16kKTkQj","P+EeY8owwbjzXaiaPoIJpc6mcpR6iWBh","legacyData"
"179d7981-6281-4028-bf2f-1e883a78b3f9","NIWO_040.basePlot.vst","2015-07-30","vst_NIWO_2015","D13","NIWO","NIWO_040",,"NEON.PLA.D13.NIWO.00537",,"small tree","Live",5.7,130,,,,,,,"Full shade",,,,,,,"Xlq171H9ZZacHRTOGVYKqs8+16kKTkQj","P+EeY8owwbjzXaiaPoIJpc6mcpR6iWBh","legacyData"
"2b7bea4c-9b98-4a01-b7a5-ee1b68bde64f","NIWO_040.basePlot.vst","2015-07-30","vst_NIWO_2015","D13","NIWO","NIWO_040",,"NEON.PLA.D13.NIWO.00477",,"single bole tree","Live",19.0,130,,,,,,,"Partially shaded",,,,,,,"Xlq171H9ZZacHRTOGVYKqs8+16kKTkQj","P+EeY8owwbjzXaiaPoIJpc6mcpR6iWBh","legacyData"
"3955f84d-b378-484d-aa0a-d642158ee328","NIWO_040.basePlot.vst","2015-07-30","vst_NIWO_2015","D13","NIWO","NIWO_040",,"NEON.PLA.D13.NIWO.00459",,"single bole tree","Live",16.2,130,,,,,,,"Full shade",,,,,,,"Xlq171H9ZZacHRTOGVYKqs8+16kKTkQj","P+EeY8owwbjzXaiaPoIJpc6mcpR6iWBh","legacyData"
"93f4c915-679e-406f-9dfe-41916e01af1b","NIWO_040.basePlot.vst","2015-07-30","vst_NIWO_2015","D13","NIWO","NIWO_040",,"NEON.PLA.D13.NIWO.00473",,"single bole tree","Live",11.5,130,,,,,,,"Partially shaded",,,,,,,"Xlq171H9ZZacHRTOGVYKqs8+16kKTkQj","P+EeY8owwbjzXaiaPoIJpc6mcpR6iWBh","legacyData"
"349bcad6-7edc-45b2-b79c-553249dc6804","NIWO_040.basePlot.vst","2015-07-30","vst_NIWO_2015","D13","NIWO","NIWO_040",,"NEON.PLA.D13.NIWO.00495",,"single bole tree","Live",11.0,130,,,,,,,"Mostly shaded",,,,,,,"Xlq171H9ZZacHRTOGVYKqs8+16kKTkQj","P+EeY8owwbjzXaiaPoIJpc6mcpR6iWBh","legacyData"
"9c9e1714-7694-4707-afa4-8ffdbdf9029f","NIWO_040.basePlot.vst","2015-07-30","vst_NIWO_2015","D13","NIWO","NIWO_040",,"NEON.PLA.D13.NIWO.00465A",,,"Live",10.9,130,,,,,,,"Partially shaded",,,,,,,"Xlq171H9ZZacHRTOGVYKqs8+16kKTkQj","P+EeY8owwbjzXaiaPoIJpc6mcpR6iWBh","legacyData"
"bc9c498e-c930-42c9-85b0-6fcf8c9ea1e5","NIWO_040.basePlot.vst","2015-07-30","vst_NIWO_2015","D13","NIWO","NIWO_040",,"NEON.PLA.D13.NIWO.00515",,"single bole tree","Standing dead",37.8,130,,,,,,,"Partially shaded",,,,,,,"Xlq171H9ZZacHRTOGVYKqs8+16kKTkQj","P+EeY8owwbjzXaiaPoIJpc6mcpR6iWBh","legacyData"
"28f1ee51-8358-40f8-8cab-c3ff6a4ef06f","NIWO_040.basePlot.vst","2015-07-30","vst_NIWO_2015","D13","NIWO","NIWO_040",,"NEON.PLA.D13.NIWO.00455",,"single bole tree","Standing dead",25.2,130,,,,,,,"Partially shaded",,,,,,,"Xlq171H9ZZacHRTOGVYKqs8+16kKTkQj","P+EeY8owwbjzXaiaPoIJpc6mcpR6iWBh","legacyData"
"03de0399-f5ac-4559-84ed-bde50971f37a","NIWO_040.basePlot.vst","2015-07-30","vst_NIWO_2015","D13","NIWO","NIWO_040",,"NEON.PLA.D13.NIWO.00462",,"multi-bole tree","Standing dead",21.8,130,,,,,,,"Partially shaded",,,,,,,"Xlq171H9ZZacHRTOGVYKqs8+16kKTkQj","P+EeY8owwbjzXaiaPoIJpc6mcpR6iWBh","legacyData"
"828d810d-4443-41ba-9139-c78a03bd33a0","NIWO_040.basePlot.vst","2015-07-30","vst_NIWO_2015","D13","NIWO","NIWO_040",,"NEON.PLA.D13.NIWO.00531",,"sapling","Live",2.5,10,,,,,,,"Full shade",,,,,,,"Xlq171H9ZZacHRTOGVYKqs8+16kKTkQj","P+EeY8owwbjzXaiaPoIJpc6mcpR6iWBh","legacyData"
"95c8e64f-6278-438b-9b49-e0a49c8aece7","NIWO_040.basePlot.vst","2015-07-30","vst_NIWO_2015","D13","NIWO","NIWO_040",,"NEON.PLA.D13.NIWO.00543",,"small tree","Standing dead",5.8,130,,,,,,,"Full shade",,,,,,,"Xlq171H9ZZacHRTOGVYKqs8+16kKTkQj","P+EeY8owwbjzXaiaPoIJpc6mcpR6iWBh","legacyData"
"a579cde9-eb1d-4de4-bb04-cda3d9ba7ab4","NIWO_040.basePlot.vst","2015-07-30","vst_NIWO_2015","D13","NIWO","NIWO_040",,"NEON.PLA.D13.NIWO.00505",,"single bole tree","Standing dead",18.9,130,,,,,,,"Partially shaded",,,,,,,"Xlq171H9ZZacHRTOGVYKqs8+16kKTkQj","P+EeY8owwbjzXaiaPoIJpc6mcpR6iWBh","legacyData"
"6099dfe8-df6c-4c90-b191-1a45e0b2c87f","NIWO_040.basePlot.vst","2015-07-30","vst_NIWO_2015","D13","NIWO","NIWO_040",,"NEON.PLA.D13.NIWO.00485",,"single bole tree","Live",32.0,130,,,,,,,"Partially shaded",,,,,,,"Xlq171H9ZZacHRTOGVYKqs8+16kKTkQj","P+EeY8owwbjzXaiaPoIJpc6mcpR6iWBh","legacyData"
"a7bae002-aa6b-4804-9e45-0755aae47716","NIWO_040.basePlot.vst","2015-07-30","vst_NIWO_2015","D13","NIWO","NIWO_040",,"NEON.PLA.D13.NIWO.00466",,"single bole tree","Live",28.5,130,,,,,,,"Partially shaded",,,,,,,"Xlq171H9ZZacHRTOGVYKqs8+16kKTkQj","P+EeY8owwbjzXaiaPoIJpc6mcpR6iWBh","legacyData"
"6696a3f3-f89f-40c8-9a97-3979ce0f2ca4","NIWO_040.basePlot.vst","2015-07-30","vst_NIWO_2015","D13","NIWO","NIWO_040",,"NEON.PLA.D13.NIWO.00493",,"single bole tree","Live",11.8,130,,,,,,,"Mostly shaded",,,,,,,"Xlq171H9ZZacHRTOGVYKqs8+16kKTkQj","P+EeY8owwbjzXaiaPoIJpc6mcpR6iWBh","legacyData"
"f4d455e0-ecc6-4220-b01e-fd64973c8146","NIWO_040.basePlot.vst","2015-07-30","vst_NIWO_2015","D13","NIWO","NIWO_040",,"NEON.PLA.D13.NIWO.00557",,"sapling","Standing dead",2.5,10,,,,,,,"Full shade",,,,,,,"Xlq171H9ZZacHRTOGVYKqs8+16kKTkQj","P+EeY8owwbjzXaiaPoIJpc6mcpR6iWBh","legacyData"
"a9e4a0b4-7300-48c8-b61b-6b9d623f447d","NIWO_040.basePlot.vst","2015-07-30","vst_NIWO_2015","D13","NIWO","NIWO_040",,"NEON.PLA.D13.NIWO.00451",,"single bole tree","Live",18.3,130,,,,,,,"Partially shaded",,,,,,,"Xlq171H9ZZacHRTOGVYKqs8+16kKTkQj","P+EeY8owwbjzXaiaPoIJpc6mcpR6iWBh","legacyData"
"1ec04c22-c908-4eb7-8c0e-e74fd6b59cbf","NIWO_040.basePlot.vst","2015-07-30","vst_NIWO_2015","D13","NIWO","NIWO_040",,"NEON.PLA.D13.NIWO.00463",,"single bole tree","Live",16.5,130,,,,,,,"Mostly shaded",,,,,,,"Xlq171H9ZZacHRTOGVYKqs8+16kKTkQj","P+EeY8owwbjzXaiaPoIJpc6mcpR6iWBh","legacyData"
"f497a25f-cbfa-431f-91ba-844f4091dd9f","NIWO_040.basePlot.vst","2015-07-30","vst_NIWO_2015","D13","NIWO","NIWO_040",,"NEON.PLA.D13.NIWO.00484",,"single bole tree","Live",46.0,130,,,,,,,"Partially shaded",,,,,,,"Xlq171H9ZZacHRTOGVYKqs8+16kKTkQj","P+EeY8owwbjzXaiaPoIJpc6mcpR6iWBh","legacyData"
"63fe9660-ffa7-4935-ab20-8017e0da4812","NIWO_040.basePlot.vst","2015-07-30","vst_NIWO_2015","D13","NIWO","NIWO_040",,"NEON.PLA.D13.NIWO.00506",,"single bole tree","Live",11.0,130,,,,,,,"Mostly shaded",,,,,,,"Xlq171H9ZZacHRTOGVYKqs8+16kKTkQj","P+EeY8owwbjzXaiaPoIJpc6mcpR6iWBh","legacyData"
"87ec9816-a18f-4113-9526-192350197a52","NIWO_040.basePlot.vst","2015-07-30","vst_NIWO_2015","D13","NIWO","NIWO_040",,"NEON.PLA.D13.NIWO.00489",,"single bole tree","Live",11.4,130,,,,,,,"Mostly shaded",,,,,,,"Xlq171H9ZZacHRTOGVYKqs8+16kKTkQj","P+EeY8owwbjzXaiaPoIJpc6mcpR6iWBh","legacyData"
"aec7d6cf-7b9d-494b-91b1-b459c4fa9703","NIWO_040.basePlot.vst","2015-07-30","vst_NIWO_2015","D13","NIWO","NIWO_040",,"NEON.PLA.D13.NIWO.00536",,"small tree","Live",5.3,130,,,,,,,"Full shade",,,,,,,"Xlq171H9ZZacHRTOGVYKqs8+16kKTkQj","P+EeY8owwbjzXaiaPoIJpc6mcpR6iWBh","legacyData"
"1f3251ed-a101-4e67-9aa4-65bf7b7e06f2","NIWO_040.basePlot.vst","2015-07-30","vst_NIWO_2015","D13","NIWO","NIWO_040",,"NEON.PLA.D13.NIWO.00468",,"single bole tree","Live",18.5,130,,,,,,,"Partially shaded",,,,,,,"Xlq171H9ZZacHRTOGVYKqs8+16kKTkQj","P+EeY8owwbjzXaiaPoIJpc6mcpR6iWBh","legacyData"
"ce6831b0-d92f-475a-be66-6f27f85078cf","NIWO_040.basePlot.vst","2015-07-30","vst_NIWO_2015","D13","NIWO","NIWO_040",,"NEON.PLA.D13.NIWO.00530",,"small shrub","Live",,,0.8,,,,1.3,0.9,"Full shade","cone",,,,,,"Xlq171H9ZZacHRTOGVYKqs8+16kKTkQj","P+EeY8owwbjzXaiaPoIJpc6mcpR6iWBh","legacyData"
"2ea3e41d-bb6b-4cec-b13f-7343a26debad","NIWO_040.basePlot.vst","2015-07-30","vst_NIWO_2015","D13","NIWO","NIWO_040",,"NEON.PLA.D13.NIWO.00548",,"small tree","Live",3.2,130,,,,,,,"Full shade",,,,,,,"Xlq171H9ZZacHRTOGVYKqs8+16kKTkQj","P+EeY8owwbjzXaiaPoIJpc6mcpR6iWBh","legacyData"
"22adab9a-49e2-485f-994e-b4525f32c4ff","NIWO_040.basePlot.vst","2015-07-30","vst_NIWO_2015","D13","NIWO","NIWO_040",,"NEON.PLA.D13.NIWO.00464",,"single bole tree","Live",17.5,130,,,,,,,"Partially shaded",,,,,,,"Xlq171H9ZZacHRTOGVYKqs8+16kKTkQj","P+EeY8owwbjzXaiaPoIJpc6mcpR6iWBh","legacyData"
"74253a99-a413-4b91-934e-c0a21bf2546b","NIWO_040.basePlot.vst","2015-07-30","vst_NIWO_2015","D13","NIWO","NIWO_040",,"NEON.PLA.D13.NIWO.00456",,"single bole tree","Live",29.6,130,,,,,,,"Partially shaded",,,,,,,"Xlq171H9ZZacHRTOGVYKqs8+16kKTkQj","P+EeY8owwbjzXaiaPoIJpc6mcpR6iWBh","legacyData"
"cf1ea6bc-4823-4ed1-a320-a01a8997b4c3","NIWO_040.basePlot.vst","2015-07-30","vst_NIWO_2015","D13","NIWO","NIWO_040",,"NEON.PLA.D13.NIWO.00533",,"small tree","Standing dead",5.1,130,,,,,,,"Full shade",,,,,,,"Xlq171H9ZZacHRTOGVYKqs8+16kKTkQj","P+EeY8owwbjzXaiaPoIJpc6mcpR6iWBh","legacyData"
"ae994d12-9687-40c7-a967-8aee41e8c10b","NIWO_040.basePlot.vst","2015-07-30","vst_NIWO_2015","D13","NIWO","NIWO_040",,"NEON.PLA.D13.NIWO.00458",,"single bole tree","Live",31.1,130,,,,,,,"Partially shaded",,,,,,,"Xlq171H9ZZacHRTOGVYKqs8+16kKTkQj","P+EeY8owwbjzXaiaPoIJpc6mcpR6iWBh","legacyData"
"377ba2ee-fcb5-4365-a444-12ecca7d8795","NIWO_040.basePlot.vst","2015-07-30","vst_NIWO_2015","D13","NIWO","NIWO_040",,"NEON.PLA.D13.NIWO.00559",,"sapling","Live",1.2,10,,,,,,,"Full shade",,,,,,,"Xlq171H9ZZacHRTOGVYKqs8+16kKTkQj","P+EeY8owwbjzXaiaPoIJpc6mcpR6iWBh","legacyData"
"c78f664f-de5a-4c14-b65b-7a2ff8a3b84c","NIWO_040.basePlot.vst","2015-07-30","vst_NIWO_2015","D13","NIWO","NIWO_040",,"NEON.PLA.D13.NIWO.00460",,"single bole tree","Live",66.0,130,,,,,,,"Partially shaded",,,,,,,"Xlq171H9ZZacHRTOGVYKqs8+16kKTkQj","P+EeY8owwbjzXaiaPoIJpc6mcpR6iWBh","legacyData"
"3765899c-0993-408e-9065-63f9f5919faf","NIWO_040.basePlot.vst","2015-07-30","vst_NIWO_2015","D13","NIWO","NIWO_040",,"NEON.PLA.D13.NIWO.00454",,"single bole tree","Standing dead",32.2,130,,,,,,,"Partially shaded",,,,,,,"Xlq171H9ZZacHRTOGVYKqs8+16kKTkQj","P+EeY8owwbjzXaiaPoIJpc6mcpR6iWBh","legacyData"
"aa9e7dc3-75d5-43b8-bc0d-5237f0f77345","NIWO_040.basePlot.vst","2015-07-30","vst_NIWO_2015","D13","NIWO","NIWO_040",,"NEON.PLA.D13.NIWO.00512",,"single bole tree","Live",24.7,130,,,,,,,"Partially shaded",,,,,,,"Xlq171H9ZZacHRTOGVYKqs8+16kKTkQj","P+EeY8owwbjzXaiaPoIJpc6mcpR6iWBh","legacyData"
"0256ecb5-9748-4dfa-85f7-36ce99e5a6e5","NIWO_040.basePlot.vst","2015-07-30","vst_NIWO_2015","D13","NIWO","NIWO_040",,"NEON.PLA.D13.NIWO.00487",,"single bole tree","Live",24.0,130,,,,,,,"Partially shaded",,,,,,,"Xlq171H9ZZacHRTOGVYKqs8+16kKTkQj","P+EeY8owwbjzXaiaPoIJpc6mcpR6iWBh","legacyData"
"af8e2c28-9ec7-4439-97a6-bcb43bbe2c2c","NIWO_040.basePlot.vst","2015-07-30","vst_NIWO_2015","D13","NIWO","NIWO_040",,"NEON.PLA.D13.NIWO.00551",,"sapling","Live",1.2,10,,,,,,,"Full shade",,,,,,,"Xlq171H9ZZacHRTOGVYKqs8+16kKTkQj","P+EeY8owwbjzXaiaPoIJpc6mcpR6iWBh","legacyData"
"24d668db-4536-40e8-925c-ba865cef033b","NIWO_040.basePlot.vst","2015-07-30","vst_NIWO_2015","D13","NIWO","NIWO_040",,"NEON.PLA.D13.NIWO.00516",,"single bole tree","Live",16.1,130,,,,,,,"Partially shaded",,,,,,,"Xlq171H9ZZacHRTOGVYKqs8+16kKTkQj","P+EeY8owwbjzXaiaPoIJpc6mcpR6iWBh","legacyData"
"89130ba0-306b-4cb2-ae23-f1644db06a9f","NIWO_040.basePlot.vst","2015-07-30","vst_NIWO_2015","D13","NIWO","NIWO_040",,"NEON.PLA.D13.NIWO.00549",,"sapling","Live",3.3,10,,,,,,,"Full shade",,,,,,,"Xlq171H9ZZacHRTOGVYKqs8+16kKTkQj","P+EeY8owwbjzXaiaPoIJpc6mcpR6iWBh","legacyData"
"48aee106-d686-4d19-b437-c56a0fe6bfba","NIWO_040.basePlot.vst","2015-07-30","vst_NIWO_2015","D13","NIWO","NIWO_040",,"NEON.PLA.D13.NIWO.00492",,"single bole tree","Live",15.1,130,,,,,,,"Partially shaded",,,,,,,"Xlq171H9ZZacHRTOGVYKqs8+16kKTkQj","P+EeY8owwbjzXaiaPoIJpc6mcpR6iWBh","legacyData"
"519a0631-ea8b-4631-a706-b439a4137af4","NIWO_040.basePlot.vst","2015-07-30","vst_NIWO_2015","D13","NIWO","NIWO_040",,"NEON.PLA.D13.NIWO.00482",,"single bole tree","Standing dead",11.3,130,,,,,,,"Full shade",,,,,,,"Xlq171H9ZZacHRTOGVYKqs8+16kKTkQj","P+EeY8owwbjzXaiaPoIJpc6mcpR6iWBh","legacyData"
"fd411fb6-c9a8-4dc0-97e6-2cd134d8c7e8","NIWO_040.basePlot.vst","2015-07-30","vst_NIWO_2015","D13","NIWO","NIWO_040",,"NEON.PLA.D13.NIWO.00528",,"small tree","Standing dead",3.1,130,,,,,,,"Full shade",,,,,,,"Xlq171H9ZZacHRTOGVYKqs8+16kKTkQj","P+EeY8owwbjzXaiaPoIJpc6mcpR6iWBh","legacyData"
"49da6c69-2b96-4f6a-9689-45594179c6cc","NIWO_040.basePlot.vst","2015-07-30","vst_NIWO_2015","D13","NIWO","NIWO_040",,"NEON.PLA.D13.NIWO.00457",,"single bole tree","Standing dead",37.5,130,,,,,,,"Partially shaded",,,,,,,"Xlq171H9ZZacHRTOGVYKqs8+16kKTkQj","P+EeY8owwbjzXaiaPoIJpc6mcpR6iWBh","legacyData"
"eeae7698-18ae-4c03-917a-b7a65888a85b","NIWO_040.basePlot.vst","2015-07-30","vst_NIWO_2015","D13","NIWO","NIWO_040",,"NEON.PLA.D13.NIWO.00520",,"small tree","Live",1.7,130,,,,,,,"Full shade",,,,,,,"Xlq171H9ZZacHRTOGVYKqs8+16kKTkQj","P+EeY8owwbjzXaiaPoIJpc6mcpR6iWBh","legacyData"
"9e4c2820-3f61-42b1-8b1b-658d48dff427","NIWO_040.basePlot.vst","2015-07-30","vst_NIWO_2015","D13","NIWO","NIWO_040",,"NEON.PLA.D13.NIWO.00452",,"single bole tree","Live",10.6,130,,,,,,,"Mostly shaded",,,,,,,"Xlq171H9ZZacHRTOGVYKqs8+16kKTkQj","P+EeY8owwbjzXaiaPoIJpc6mcpR6iWBh","legacyData"
"73d3b15c-9856-4aae-b7df-8adbf5558fc2","NIWO_040.basePlot.vst","2015-07-30","vst_NIWO_2015","D13","NIWO","NIWO_040",,"NEON.PLA.D13.NIWO.00542",,"small tree","Live",9.4,130,,,,,,,"Mostly shaded",,,,,,,"Xlq171H9ZZacHRTOGVYKqs8+16kKTkQj","P+EeY8owwbjzXaiaPoIJpc6mcpR6iWBh","legacyData"
"acad3752-79fd-4017-a01c-e5d4f3bc4afe","NIWO_040.basePlot.vst","2015-07-30","vst_NIWO_2015","D13","NIWO","NIWO_040",,"NEON.PLA.D13.NIWO.00532",,"small tree","Standing dead",3.7,130,,,,,,,"Full shade",,,,,,,"Xlq171H9ZZacHRTOGVYKqs8+16kKTkQj","P+EeY8owwbjzXaiaPoIJpc6mcpR6iWBh","legacyData"
"38b871b4-62bf-4857-9e13-3747a79c3748","NIWO_040.basePlot.vst","2015-07-30","vst_NIWO_2015","D13","NIWO","NIWO_040",,"NEON.PLA.D13.NIWO.00461",,"single bole tree","Standing dead",11.5,130,1.8,,,,0.1,,"Full shade",,,,,,"broken top","Xlq171H9ZZacHRTOGVYKqs8+16kKTkQj","P+EeY8owwbjzXaiaPoIJpc6mcpR6iWBh","legacyData"
"a1297afc-adda-4ad3-97ea-bfd445034613","NIWO_040.basePlot.vst","2015-07-30","vst_NIWO_2015","D13","NIWO","NIWO_040",,"NEON.PLA.D13.NIWO.00519",,"single bole tree","Live",29.6,130,,,,,,,"Partially shaded",,,,,,,"Xlq171H9ZZacHRTOGVYKqs8+16kKTkQj","P+EeY8owwbjzXaiaPoIJpc6mcpR6iWBh","legacyData"
"143e8abd-a343-44a9-861c-796d6d36e3e4","NIWO_040.basePlot.vst","2015-07-30","vst_NIWO_2015","D13","NIWO","NIWO_040",,"NEON.PLA.D13.NIWO.00524",,"sapling","Live",2.7,10,,,,,,,"Full shade",,,,,,,"Xlq171H9ZZacHRTOGVYKqs8+16kKTkQj","P+EeY8owwbjzXaiaPoIJpc6mcpR6iWBh","legacyData"
"f57fe699-e8ff-4173-8738-05ab5892e7e5","NIWO_040.basePlot.vst","2015-07-30","vst_NIWO_2015","D13","NIWO","NIWO_040",,"NEON.PLA.D13.NIWO.00502",,"single bole tree","Live",16.6,130,,,,,,,"Partially shaded",,,,,,,"Xlq171H9ZZacHRTOGVYKqs8+16kKTkQj","P+EeY8owwbjzXaiaPoIJpc6mcpR6iWBh","legacyData"
"1548a938-a0c6-41c6-9bc4-cc374711f21b","NIWO_040.basePlot.vst","2015-07-30","vst_NIWO_2015","D13","NIWO","NIWO_040",,"NEON.PLA.D13.NIWO.00501",,"single bole tree","Standing dead",11.3,130,,,,,,,"Mostly shaded",,,,,,,"Xlq171H9ZZacHRTOGVYKqs8+16kKTkQj","P+EeY8owwbjzXaiaPoIJpc6mcpR6iWBh","legacyData"
"3bc9d7cb-5da3-4aef-b07c-01987333faf3","NIWO_040.basePlot.vst","2015-07-30","vst_NIWO_2015","D13","NIWO","NIWO_040",,"NEON.PLA.D13.NIWO.00453",,"single bole tree","Live",10.9,130,,,,,,,"Full shade",,,,,,,"Xlq171H9ZZacHRTOGVYKqs8+16kKTkQj","P+EeY8owwbjzXaiaPoIJpc6mcpR6iWBh","legacyData"
"fc0a9719-914e-4014-995b-484260470a0a","NIWO_040.basePlot.vst","2015-07-30","vst_NIWO_2015","D13","NIWO","NIWO_040",,"NEON.PLA.D13.NIWO.00541",,"small tree","Live",4.5,130,,,,,,,"Full shade",,,,,,,"Xlq171H9ZZacHRTOGVYKqs8+16kKTkQj","P+EeY8owwbjzXaiaPoIJpc6mcpR6iWBh","legacyData"
"5c151ddd-ab3e-440b-a3ac-042cd8112c00","NIWO_040.basePlot.vst","2015-07-30","vst_NIWO_2015","D13","NIWO","NIWO_040",,"NEON.PLA.D13.NIWO.00558",,"small tree","Live",7.9,130,,,,,,,"Mostly shaded",,,,,,,"Xlq171H9ZZacHRTOGVYKqs8+16kKTkQj","P+EeY8owwbjzXaiaPoIJpc6mcpR6iWBh","legacyData"
"71a23aea-bfba-41e7-be57-497e4572b99c","NIWO_040.basePlot.vst","2015-07-30","vst_NIWO_2015","D13","NIWO","NIWO_040",,"NEON.PLA.D13.NIWO.00553",,"sapling","Live",2.2,10,,,,,,,"Full shade",,,,,,,"Xlq171H9ZZacHRTOGVYKqs8+16kKTkQj","P+EeY8owwbjzXaiaPoIJpc6mcpR6iWBh","legacyData"
"05ac220a-3fcf-49d3-aeeb-b937cff0a6d6","NIWO_040.basePlot.vst","2015-07-30","vst_NIWO_2015","D13","NIWO","NIWO_040",,"NEON.PLA.D13.NIWO.00471",,"single bole tree","Standing dead",11.8,130,,,,,,,"Partially shaded",,,,,,,"Xlq171H9ZZacHRTOGVYKqs8+16kKTkQj","P+EeY8owwbjzXaiaPoIJpc6mcpR6iWBh","legacyData"
"2f3f75ec-f5e5-44f5-b6da-407bf48da3b8","NIWO_040.basePlot.vst","2015-07-30","vst_NIWO_2015","D13","NIWO","NIWO_040",,"NEON.PLA.D13.NIWO.00518",,"single bole tree","Live",12.2,130,,,,,,,"Full shade",,,,,,,"Xlq171H9ZZacHRTOGVYKqs8+16kKTkQj","P+EeY8owwbjzXaiaPoIJpc6mcpR6iWBh","legacyData"
"0b671865-088f-4069-885d-923a6b4ba76a","NIWO_040.basePlot.vst","2015-07-30","vst_NIWO_2015","D13","NIWO","NIWO_040",,"NEON.PLA.D13.NIWO.00476",,"single bole tree","Live",13.5,130,,,,,,,"Partially shaded",,,,,,,"Xlq171H9ZZacHRTOGVYKqs8+16kKTkQj","P+EeY8owwbjzXaiaPoIJpc6mcpR6iWBh","legacyData"
"e89e76dc-7fd6-4ad7-9478-d86988975340","NIWO_040.basePlot.vst","2015-07-30","vst_NIWO_2015","D13","NIWO","NIWO_040",,"NEON.PLA.D13.NIWO.00497",,"single bole tree","Standing dead",30.5,130,,,,,,,"Partially shaded",,,,,,,"Xlq171H9ZZacHRTOGVYKqs8+16kKTkQj","P+EeY8owwbjzXaiaPoIJpc6mcpR6iWBh","legacyData"
"db453e0d-7e68-463e-89c4-b317b6d9e4bb","NIWO_040.basePlot.vst","2015-07-30","vst_NIWO_2015","D13","NIWO","NIWO_040",,"NEON.PLA.D13.NIWO.00475",,"single bole tree","Standing dead",20.0,130,,,,,,,"Partially shaded",,,,,,,"Xlq171H9ZZacHRTOGVYKqs8+16kKTkQj","P+EeY8owwbjzXaiaPoIJpc6mcpR6iWBh","legacyData"
"d2d956ee-66b3-4f27-80ca-706770fa8098","NIWO_040.basePlot.vst","2015-07-30","vst_NIWO_2015","D13","NIWO","NIWO_040",,"NEON.PLA.D13.NIWO.00499",,"single bole tree","Live",18.8,130,,,,,,,"Partially shaded",,,,,,,"Xlq171H9ZZacHRTOGVYKqs8+16kKTkQj","P+EeY8owwbjzXaiaPoIJpc6mcpR6iWBh","legacyData"
"9baf2814-23c6-44a0-b33b-6ef687fc6d36","NIWO_040.basePlot.vst","2015-07-30","vst_NIWO_2015","D13","NIWO","NIWO_040",,"NEON.PLA.D13.NIWO.00539",,"small shrub","Live",,,1.2,,,,1.1,1.0,"Full shade","cone",,,,,,"Xlq171H9ZZacHRTOGVYKqs8+16kKTkQj","P+EeY8owwbjzXaiaPoIJpc6mcpR6iWBh","legacyData"
"461dbbe2-ff0e-4445-b746-d50fe46c202b","NIWO_040.basePlot.vst","2015-07-30","vst_NIWO_2015","D13","NIWO","NIWO_040",,"NEON.PLA.D13.NIWO.00491",,"single bole tree","Live",15.6,130,,,,,,,"Partially shaded",,,,,,,"Xlq171H9ZZacHRTOGVYKqs8+16kKTkQj","P+EeY8owwbjzXaiaPoIJpc6mcpR6iWBh","legacyData"
"ad25e980-ce04-44a9-9c80-ffcc5a1d541a","NIWO_040.basePlot.vst","2015-07-30","vst_NIWO_2015","D13","NIWO","NIWO_040",,"NEON.PLA.D13.NIWO.00556",,"sapling","Live",2.1,10,,,,,,,"Full shade",,,,,,,"Xlq171H9ZZacHRTOGVYKqs8+16kKTkQj","P+EeY8owwbjzXaiaPoIJpc6mcpR6iWBh","legacyData"
"a3549b26-0198-45f3-b6d7-7b4be3dd69e5","NIWO_040.basePlot.vst","2015-07-30","vst_NIWO_2015","D13","NIWO","NIWO_040",,"NEON.PLA.D13.NIWO.00517",,"single bole tree","Live",25.1,130,,,,,,,"Partially shaded",,,,,,,"Xlq171H9ZZacHRTOGVYKqs8+16kKTkQj","P+EeY8owwbjzXaiaPoIJpc6mcpR6iWBh","legacyData"
"9d82c1bf-7b1b-4612-86ec-ca1a09608c13","NIWO_040.basePlot.vst","2015-07-30","vst_NIWO_2015","D13","NIWO","NIWO_040",,"NEON.PLA.D13.NIWO.00527",,"sapling","Live",2.3,10,,,,,,,"Full shade",,,,,,,"Xlq171H9ZZacHRTOGVYKqs8+16kKTkQj","P+EeY8owwbjzXaiaPoIJpc6mcpR6iWBh","legacyData"
"17a945e6-e6b3-4a0d-8204-c268f162c9ff","NIWO_040.basePlot.vst","2015-07-30","vst_NIWO_2015","D13","NIWO","NIWO_040",,"NEON.PLA.D13.NIWO.00526",,"sapling","Standing dead",1.9,10,,,,,,,"Full shade",,,,,,,"Xlq171H9ZZacHRTOGVYKqs8+16kKTkQj","P+EeY8owwbjzXaiaPoIJpc6mcpR6iWBh","legacyData"
"ad210507-0077-4adb-94cd-2c2a3358cfc5","NIWO_040.basePlot.vst","2015-07-30","vst_NIWO_2015","D13","NIWO","NIWO_040",,"NEON.PLA.D13.NIWO.00546",,"small shrub","Live",,,0.7,,,,1.5,1.1,"Full shade","cone",,,,,,"Xlq171H9ZZacHRTOGVYKqs8+16kKTkQj","P+EeY8owwbjzXaiaPoIJpc6mcpR6iWBh","legacyData"
"8f15760d-6424-41e8-a3c9-54b8085e00dc","NIWO_040.basePlot.vst","2015-07-30","vst_NIWO_2015","D13","NIWO","NIWO_040",,"NEON.PLA.D13.NIWO.00498",,"single bole tree","Live",56.3,130,,,,,,,"Partially shaded",,,,,,,"Xlq171H9ZZacHRTOGVYKqs8+16kKTkQj","P+EeY8owwbjzXaiaPoIJpc6mcpR6iWBh","legacyData"
"80a580dc-c70f-4b1b-8699-99b82d40acaa","NIWO_040.basePlot.vst","2015-07-30","vst_NIWO_2015","D13","NIWO","NIWO_040",,"NEON.PLA.D13.NIWO.00544",,"sapling","Live",1.6,10,,,,,,,"Full shade",,,,,,,"Xlq171H9ZZacHRTOGVYKqs8+16kKTkQj","P+EeY8owwbjzXaiaPoIJpc6mcpR6iWBh","legacyData"
"88411658-65d9-40dc-918d-3eac9be12d16","NIWO_040.basePlot.vst","2015-07-30","vst_NIWO_2015","D13","NIWO","NIWO_040",,"NEON.PLA.D13.NIWO.00488",,"single bole tree","Live",19.1,130,,,,,,,"Partially shaded",,,,,,,"Xlq171H9ZZacHRTOGVYKqs8+16kKTkQj","P+EeY8owwbjzXaiaPoIJpc6mcpR6iWBh","legacyData"
"c8541bcb-f26a-4fbb-bc49-85ffb18ab749","NIWO_040.basePlot.vst","2015-07-30","vst_NIWO_2015","D13","NIWO","NIWO_040",,"NEON.PLA.D13.NIWO.00555",,"sapling","Live",1.0,10,,,,,,,"Full shade",,,,,,,"Xlq171H9ZZacHRTOGVYKqs8+16kKTkQj","P+EeY8owwbjzXaiaPoIJpc6mcpR6iWBh","legacyData"
"7021cbcb-7c93-4854-9cfe-91a822e5ac4f","NIWO_040.basePlot.vst","2015-07-30","vst_NIWO_2015","D13","NIWO","NIWO_040",,"NEON.PLA.D13.NIWO.00521",,"sapling","Standing dead",2.4,10,,,,,,,"Full shade",,,,,,,"Xlq171H9ZZacHRTOGVYKqs8+16kKTkQj","P+EeY8owwbjzXaiaPoIJpc6mcpR6iWBh","legacyData"
"68b821f8-26f3-4f57-9985-866c15b0d0bc","NIWO_040.basePlot.vst","2015-07-30","vst_NIWO_2015","D13","NIWO","NIWO_040",,"NEON.PLA.D13.NIWO.00481",,"single bole tree","Live",32.5,130,,,,,,,"Partially shaded",,,,,,,"Xlq171H9ZZacHRTOGVYKqs8+16kKTkQj","P+EeY8owwbjzXaiaPoIJpc6mcpR6iWBh","legacyData"
"1ec20eae-89e5-4eec-80e0-e34521fb58fb","NIWO_040.basePlot.vst","2015-07-30","vst_NIWO_2015","D13","NIWO","NIWO_040",,"NEON.PLA.D13.NIWO.00486",,"single bole tree","Live",18.9,130,,,,,,,"Partially shaded",,,,,,,"Xlq171H9ZZacHRTOGVYKqs8+16kKTkQj","P+EeY8owwbjzXaiaPoIJpc6mcpR6iWBh","legacyData"
"98271bce-6a52-4141-a625-088009355f0a","NIWO_040.basePlot.vst","2015-07-30","vst_NIWO_2015","D13","NIWO","NIWO_040",,"NEON.PLA.D13.NIWO.00552",,"sapling","Live",4.3,10,,,,,,,"Full shade",,,,,,,"Xlq171H9ZZacHRTOGVYKqs8+16kKTkQj","P+EeY8owwbjzXaiaPoIJpc6mcpR6iWBh","legacyData"
"eb981945-4c84-42fe-8b5f-406f51c76b07","NIWO_040.basePlot.vst","2015-07-30","vst_NIWO_2015","D13","NIWO","NIWO_040",,"NEON.PLA.D13.NIWO.00523",,"small tree","Standing dead",4.7,130,,,,,,,"Full shade",,,,,,,"Xlq171H9ZZacHRTOGVYKqs8+16kKTkQj","P+EeY8owwbjzXaiaPoIJpc6mcpR6iWBh","legacyData"
"ae58e431-3066-4fcb-ab99-27f063d48cb4","NIWO_040.basePlot.vst","2015-07-30","vst_NIWO_2015","D13","NIWO","NIWO_040",,"NEON.PLA.D13.NIWO.00508",,"single bole tree","Live",15.2,130,,,,,,,"Partially shaded",,,,,,,"Xlq171H9ZZacHRTOGVYKqs8+16kKTkQj","P+EeY8owwbjzXaiaPoIJpc6mcpR6iWBh","legacyData"
"ea2b5bfa-eb6f-4953-85e3-42844db7f03a","NIWO_040.basePlot.vst","2015-07-30","vst_NIWO_2015","D13","NIWO","NIWO_040",,"NEON.PLA.D13.NIWO.00534",,"sapling","Standing dead",1.0,10,,,,,,,"Full shade",,,,,,,"Xlq171H9ZZacHRTOGVYKqs8+16kKTkQj","P+EeY8owwbjzXaiaPoIJpc6mcpR6iWBh","legacyData"
"9d7a0414-7744-4ecd-a5ea-942b0be65706","NIWO_040.basePlot.vst","2015-07-30","vst_NIWO_2015","D13","NIWO","NIWO_040",,"NEON.PLA.D13.NIWO.00472",,"single bole tree","Standing dead",12.7,130,,,,,,,"Partially shaded",,,,,,,"Xlq171H9ZZacHRTOGVYKqs8+16kKTkQj","P+EeY8owwbjzXaiaPoIJpc6mcpR6iWBh","legacyData"
"679f0f20-83ff-467a-80ba-0203fb4cddfa","NIWO_040.basePlot.vst","2015-07-30","vst_NIWO_2015","D13","NIWO","NIWO_040",,"NEON.PLA.D13.NIWO.00547",,"small shrub","Live",,,0.8,,,,1.0,0.7,"Full shade","cone",,,,,,"Xlq171H9ZZacHRTOGVYKqs8+16kKTkQj","P+EeY8owwbjzXaiaPoIJpc6mcpR6iWBh","legacyData"
"b7626a4f-5aa4-431d-8128-b83a9a09f33c","NIWO_040.basePlot.vst","2015-07-30","vst_NIWO_2015","D13","NIWO","NIWO_040",,"NEON.PLA.D13.NIWO.00500",,"single bole tree","Standing dead",32.8,130,,,,,,,"Partially shaded",,,,,,,"Xlq171H9ZZacHRTOGVYKqs8+16kKTkQj","P+EeY8owwbjzXaiaPoIJpc6mcpR6iWBh","legacyData"
"ff8fa096-17be-4be5-8152-906f5f886fa0","NIWO_040.basePlot.vst","2015-07-30","vst_NIWO_2015","D13","NIWO","NIWO_040",,"NEON.PLA.D13.NIWO.00545",,"sapling","Live",1.7,10,,,,,,,"Full shade",,,,,,,"Xlq171H9ZZacHRTOGVYKqs8+16kKTkQj","P+EeY8owwbjzXaiaPoIJpc6mcpR6iWBh","legacyData"
"a72c9c32-38d4-46d1-b508-b7ed85c4fe53","NIWO_040.basePlot.vst","2015-07-30","vst_NIWO_2015","D13","NIWO","NIWO_040",,"NEON.PLA.D13.NIWO.00462A",,,"Standing dead",17.2,130,,,,,,,"Partially shaded",,,,,,,"Xlq171H9ZZacHRTOGVYKqs8+16kKTkQj","P+EeY8owwbjzXaiaPoIJpc6mcpR6iWBh","legacyData"
"4bc15db1-0528-443b-8cbe-8d3ff2bc16c3","NIWO_040.basePlot.vst","2015-07-30","vst_NIWO_2015","D13","NIWO","NIWO_040",,"NEON.PLA.D13.NIWO.00469",,"single bole tree","Live",27.0,130,,,,,,,"Partially shaded",,,,,,,"Xlq171H9ZZacHRTOGVYKqs8+16kKTkQj","P+EeY8owwbjzXaiaPoIJpc6mcpR6iWBh","legacyData"
"e9ea545b-95b6-4458-9b95-fcfb23202be2","NIWO_040.basePlot.vst","2015-07-30","vst_NIWO_2015","D13","NIWO","NIWO_040",,"NEON.PLA.D13.NIWO.00540",,"sapling","Live",1.2,10,,,,,,,"Full shade",,,,,,,"Xlq171H9ZZacHRTOGVYKqs8+16kKTkQj","P+EeY8owwbjzXaiaPoIJpc6mcpR6iWBh","legacyData"
"87d59fda-9e52-40f4-966c-497792f444f1","NIWO_040.basePlot.vst","2015-07-30","vst_NIWO_2015","D13","NIWO","NIWO_040",,"NEON.PLA.D13.NIWO.00511",,"single bole tree","Live",17.4,130,,,,,,,"Partially shaded",,,,,,,"Xlq171H9ZZacHRTOGVYKqs8+16kKTkQj","P+EeY8owwbjzXaiaPoIJpc6mcpR6iWBh","legacyData"
"1f500b16-2f32-45c8-8857-2489b22e6e10","NIWO_040.basePlot.vst","2015-07-30","vst_NIWO_2015","D13","NIWO","NIWO_040",,"NEON.PLA.D13.NIWO.00474",,"single bole tree","Standing dead",14.8,130,,,,,,,"Partially shaded",,,,,,,"Xlq171H9ZZacHRTOGVYKqs8+16kKTkQj","P+EeY8owwbjzXaiaPoIJpc6mcpR6iWBh","legacyData"
"99106a08-bdd4-4486-ae4c-928e39ed80ef","NIWO_040.basePlot.vst","2015-07-30","vst_NIWO_2015","D13","NIWO","NIWO_040",,"NEON.PLA.D13.NIWO.00503",,"single bole tree","Live",15.3,130,,,,,,,"Partially shaded",,,,,,,"Xlq171H9ZZacHRTOGVYKqs8+16kKTkQj","P+EeY8owwbjzXaiaPoIJpc6mcpR6iWBh","legacyData"
"30429b1e-5a42-4579-b8ad-86f74295f505","NIWO_040.basePlot.vst","2015-07-30","vst_NIWO_2015","D13","NIWO","NIWO_040",,"NEON.PLA.D13.NIWO.00525",,"sapling","Standing dead",7.2,10,,,,,,,"Full shade",,,,,,,"Xlq171H9ZZacHRTOGVYKqs8+16kKTkQj","P+EeY8owwbjzXaiaPoIJpc6mcpR6iWBh","legacyData"
"a776f4f2-c59c-49e9-8e2c-d48990569197","NIWO_040.basePlot.vst","2015-07-30","vst_NIWO_2015","D13","NIWO","NIWO_040",,"NEON.PLA.D13.NIWO.00478",,"single bole tree","Live",16.0,130,,,,,,,"Partially shaded",,,,,,,"Xlq171H9ZZacHRTOGVYKqs8+16kKTkQj","P+EeY8owwbjzXaiaPoIJpc6mcpR6iWBh","legacyData"
"9471af3e-b520-43d0-b961-8c737debf0b1","NIWO_056.basePlot.vst","2015-07-31","vst_NIWO_2015","D13","NIWO","NIWO_056",,"NEON.PLA.D13.NIWO.00560",,"small shrub","Live",,,0.2,,,,1.1,0.7,"Open grown","half-sphere",,,,,,"Xlq171H9ZZacHRTOGVYKqs8+16kKTkQj","Xlq171H9ZZacHRTOGVYKqs8+16kKTkQj","legacyData"
