uid,namedLocation,domainID,siteID,plotID,plotType,nlcdClass,decimalLatitude,decimalLongitude,geodeticDatum,coordinateUncertainty,elevation,elevationUncertainty,collectDate,eventID,sampleID,sampleCode,samplingMethod,totalSampledArea,targetTaxaPresent,adultCount,nymphCount,larvaCount,sampleCondition,samplingProtocolVersion,measuredBy,remarks
"37e5b983-978d-44ae-b606-4ca4bfc7b1d3","KONZ_002.tickPlot.tck","D06","KONZ","KONZ_002","distributed","grasslandHerbaceous",39.118977,-96.547146,"WGS84",20.0,394.4,0.0,"2017-05-09T14:44Z","KONZ.2017.20","KONZ_002.20170509",,"drag and flag",160,"Y",0,1,0,"No known compromise","NEON.DOC.014045vH","UiQJ6NC02X5uZEcYqJAeU1eiGY+Ji5h+",
"f9741fc0-0cad-4008-8584-b7402ff8db63","KONZ_004.tickPlot.tck","D06","KONZ","KONZ_004","distributed","grasslandHerbaceous",39.109647,-96.551370,"WGS84",20.0,371.9,0.0,"2017-05-09T15:39Z","KONZ.2017.20","KONZ_004.20170509",,"drag",160,"Y",1,6,0,"No known compromise","NEON.DOC.014045vH","UiQJ6NC02X5uZEcYqJAeU1eiGY+Ji5h+",
"b00aaed5-8b92-461e-b1fe-681aa2886c48","KONZ_007.tickPlot.tck","D06","KONZ","KONZ_007","distributed","grasslandHerbaceous",39.087937,-96.545919,"WGS84",20.1,434.0,0.1,"2017-05-09T16:31Z","KONZ.2017.20","KONZ_007.20170509",,"drag and flag",160,"Y",2,0,0,"No known compromise","NEON.DOC.014045vH","UiQJ6NC02X5uZEcYqJAeU1eiGY+Ji5h+",
"2ffb2218-d8b2-4a95-b319-35a017dfe316","KONZ_001.tickPlot.tck","D06","KONZ","KONZ_001","distributed","grasslandHerbaceous",39.074114,-96.557107,"WGS84",20.0,423.7,0.0,"2017-05-09T17:10Z","KONZ.2017.20","KONZ_001.20170509",,"drag",160,"Y",1,0,0,"No known compromise","NEON.DOC.014045vH","UiQJ6NC02X5uZEcYqJAeU1eiGY+Ji5h+",
"cb840afd-08b2-42cc-be2b-ab877bc17efc","KONZ_025.tickPlot.tck","D06","KONZ","KONZ_025","distributed","deciduousForest",39.103714,-96.597832,"WGS84",20.1,337.3,0.1,"2017-05-09T18:11Z","KONZ.2017.20","KONZ_025.20170509",,"drag",160,"Y",12,18,0,"No known compromise","NEON.DOC.014045vH","UiQJ6NC02X5uZEcYqJAeU1eiGY+Ji5h+",
"6cd6bb5f-7f78-46fb-a430-37778aaccf25","KONZ_009.tickPlot.tck","D06","KONZ","KONZ_009","distributed","grasslandHerbaceous",39.107902,-96.584438,"WGS84",20.1,391.9,0.1,"2017-05-09T19:23Z","KONZ.2017.20",,,"drag",160,"N",0,0,0,"No known compromise","NEON.DOC.014045vH","UiQJ6NC02X5uZEcYqJAeU1eiGY+Ji5h+",
"dbec3a3f-0bfd-4fdc-b210-0732f0b350a4","KONZ_009.tickPlot.tck","D06","KONZ","KONZ_009","distributed","grasslandHerbaceous",39.107902,-96.584438,"WGS84",20.1,391.9,0.1,"2017-05-23T15:00Z","KONZ.2017.22","KONZ_009.20170523",,"drag",160,"Y",0,1,0,"No known compromise","NEON.DOC.014045vH","0QknftH/249Fzeup5XgxDmRFrswKMEXrpdiqA+dT0Pw=",
"d8651e8b-48b2-4bec-9f08-76fb282aca4e","KONZ_025.tickPlot.tck","D06","KONZ","KONZ_025","distributed","deciduousForest",39.103714,-96.597832,"WGS84",20.1,337.3,0.1,"2017-05-23T16:11Z","KONZ.2017.22","KONZ_025.20170523",,"drag and flag",160,"Y",3,6,0,"No known compromise","NEON.DOC.014045vH","0QknftH/249Fzeup5XgxDmRFrswKMEXrpdiqA+dT0Pw=",
"bb37fa2b-f01d-47cb-93f6-ae469e76bccd","KONZ_001.tickPlot.tck","D06","KONZ","KONZ_001","distributed","grasslandHerbaceous",39.074114,-96.557107,"WGS84",20.0,423.7,0.0,"2017-05-23T17:15Z","KONZ.2017.22","KONZ_001.20170523",,"drag",160,"Y",1,0,0,"No known compromise","NEON.DOC.014045vH","0QknftH/249Fzeup5XgxDmRFrswKMEXrpdiqA+dT0Pw=",
"c28b5b18-bb6b-4735-b286-fd1b5b68f856","KONZ_007.tickPlot.tck","D06","KONZ","KONZ_007","distributed","grasslandHerbaceous",39.087937,-96.545919,"WGS84",20.1,434.0,0.1,"2017-05-23T18:07Z","KONZ.2017.22","KONZ_007.20170523",,"drag and flag",160,"Y",2,0,0,"No known compromise","NEON.DOC.014045vH","BzXmPCNcOOHl9ws4JG7MP7BkkCvctwH+",
"bd99a97c-797c-4d87-9f3c-be355638ce12","KONZ_002.tickPlot.tck","D06","KONZ","KONZ_002","distributed","grasslandHerbaceous",39.118977,-96.547146,"WGS84",20.0,394.4,0.0,"2017-05-23T19:07Z","KONZ.2017.22","KONZ_002.20170523",,"drag and flag",160,"Y",2,0,0,"No known compromise","NEON.DOC.014045vH","BzXmPCNcOOHl9ws4JG7MP7BkkCvctwH+",
"ffd15d93-c2c7-4077-a26a-9b4582dbc178","KONZ_004.tickPlot.tck","D06","KONZ","KONZ_004","distributed","grasslandHerbaceous",39.109647,-96.551370,"WGS84",20.0,371.9,0.0,"2017-05-23T19:59Z","KONZ.2017.22","KONZ_004.20170523",,"drag",160,"Y",1,12,0,"No known compromise","NEON.DOC.014045vH","BzXmPCNcOOHl9ws4JG7MP7BkkCvctwH+",
