uid,namedLocation,plotID,collectDate,identifiedDate,sampleID,subsampleID,scientificName,acceptedTaxonID,taxonRank,family,subfamily,tribe,subtribe,genus,subgenus,specificEpithet,infraspecificEpithet,identificationQualifier,identificationReferences,identificationProtocolVersion,scientificNameAuthorship,sexOrAge,individualCount,sampleCondition,archiveMedium,archiveFacilityID,deprecatedVialID,identifiedBy,laboratoryName,remarks
"fca10ec2-eaf0-4fd4-bfd4-002d6efc5e0a","KONZ_002.tickPlot.tck","KONZ_002","2017-05-09T14:44Z","2017-12-13T17:00Z","KONZ_002.20170509","KONZ_002.20170509.AMBAME.M","Amblyomma americanum","AMBAME","species","Ixodidae",,,,"Amblyomma",,"americanum",,,"Cooley, R. A. and G. M. Kohls. 1944. The genus Amblyomma (ixodidae) in the United States. The Journal of Parasitology, 30(2):77-111.","GSU_tickIdentification_SOP_2016-11-01.pdf","Linnaeus","Male",1,"OK","90% ethanol","1358191","KONZ_002.20170509.AMBAME.M","Lorenza Beati","Georgia Southern University","TO PAULA"
"9889f477-7160-4d77-8e44-20e329a30e7b","KONZ_004.tickPlot.tck","KONZ_004","2017-05-09T15:39Z","2017-12-13T17:00Z","KONZ_004.20170509","KONZ_004.20170509.AMBAME.N","Amblyomma americanum","AMBAME","species","Ixodidae",,,,"Amblyomma",,"americanum",,,"Cooley, R. A. and G. M. Kohls. 1944. The genus Amblyomma (ixodidae) in the United States. The Journal of Parasitology, 30(2):77-111.","GSU_tickIdentification_SOP_2016-11-01.pdf","Linnaeus","Nymph",6,"OK","90% ethanol","1358182","KONZ_004.20170509.AMBAME.N","Lorenza Beati","Georgia Southern University",
"867c4900-c16d-4413-8051-e42a5629db3b","KONZ_004.tickPlot.tck","KONZ_004","2017-05-09T15:39Z","2017-12-13T17:00Z","KONZ_004.20170509","KONZ_004.20170509.AMBAME.F","Amblyomma americanum","AMBAME","species","Ixodidae",,,,"Amblyomma",,"americanum",,,"Cooley, R. A. and G. M. Kohls. 1944. The genus Amblyomma (ixodidae) in the United States. The Journal of Parasitology, 30(2):77-111.","GSU_tickIdentification_SOP_2016-11-01.pdf","Linnaeus","Female",1,"OK","90% ethanol","1358183","KONZ_004.20170509.AMBAME.F","Lorenza Beati","Georgia Southern University","TO PAULA"
"46a7ce16-ee70-4586-8424-b70910e5268e","KONZ_007.tickPlot.tck","KONZ_007","2017-05-09T16:31Z","2017-12-13T17:00Z","KONZ_007.20170509","KONZ_007.20170509.DERVAR.F","Dermacentor variabilis","DERVAR","species","Ixodidae",,,,"Dermacentor",,"variabilis",,,"Yunker, C. E., Keirans, J. E., Clifford, C. M., and E. R. Easton. 1986. Dermacentor ticks (Acari: Ixodoidea: Ixodidae) of the New World: a scanning electron microscope atlas. Proceedings of the Entomological Society of Washington, 88(4):609-627.","GSU_tickIdentification_SOP_2016-11-01.pdf","Say","Female",2,"OK","90% ethanol","1358184","KONZ_007.20170509.DERVAR.F","Lorenza Beati","Georgia Southern University","TO PAULA"
"ca607061-de37-419c-96d8-b48d8d8718d6","KONZ_001.tickPlot.tck","KONZ_001","2017-05-09T17:10Z","2017-12-13T17:00Z","KONZ_001.20170509","KONZ_001.20170509.AMBMAC.M","Amblyomma maculatum","AMBMAC","species","Ixodidae",,,,"Amblyomma",,"maculatum",,,"Cooley, R. A. and G. M. Kohls. 1944. The genus Amblyomma (ixodidae) in the United States. The Journal of Parasitology, 30(2):77-111.","GSU_tickIdentification_SOP_2016-11-01.pdf","Koch","Male",1,"OK","90% ethanol","1358190","KONZ_001.20170509.AMBMAC.M","Lorenza Beati","Georgia Southern University",
"e4befa08-32f5-42cb-ad2c-fd3a436bc41b","KONZ_025.tickPlot.tck","KONZ_025","2017-05-09T18:11Z","2017-12-13T17:00Z","KONZ_025.20170509","KONZ_025.20170509.DERVAR.F","Dermacentor variabilis","DERVAR","species","Ixodidae",,,,"Dermacentor",,"variabilis",,,"Yunker, C. E., Keirans, J. E., Clifford, C. M., and E. R. Easton. 1986. Dermacentor ticks (Acari: Ixodoidea: Ixodidae) of the New World: a scanning electron microscope atlas. Proceedings of the Entomological Society of Washington, 88(4):609-627.","GSU_tickIdentification_SOP_2016-11-01.pdf","Say","Female",1,"OK","90% ethanol","1358189","KONZ_025.20170509.DERVAR.F","Lorenza Beati","Georgia Southern University","TO PAULA"
"911295c1-e5f6-4b5b-bfa1-0059c1ef5dd1","KONZ_025.tickPlot.tck","KONZ_025","2017-05-09T18:11Z","2017-12-13T17:00Z","KONZ_025.20170509","KONZ_025.20170509.AMBAME.N","Amblyomma americanum","AMBAME","species","Ixodidae",,,,"Amblyomma",,"americanum",,,"Cooley, R. A. and G. M. Kohls. 1944. The genus Amblyomma (ixodidae) in the United States. The Journal of Parasitology, 30(2):77-111.","GSU_tickIdentification_SOP_2016-11-01.pdf","Linnaeus","Nymph",17,"OK","90% ethanol","1358185","KONZ_025.20170509.AMBAME.N","Lorenza Beati","Georgia Southern University",
"da0065fa-c31c-4b21-8467-073eb4ba3e55","KONZ_025.tickPlot.tck","KONZ_025","2017-05-09T18:11Z","2017-12-13T17:00Z","KONZ_025.20170509","KONZ_025.20170509.AMBAME.M","Amblyomma americanum","AMBAME","species","Ixodidae",,,,"Amblyomma",,"americanum",,,"Cooley, R. A. and G. M. Kohls. 1944. The genus Amblyomma (ixodidae) in the United States. The Journal of Parasitology, 30(2):77-111.","GSU_tickIdentification_SOP_2016-11-01.pdf","Linnaeus","Male",6,"OK","90% ethanol","1358186","KONZ_025.20170509.AMBAME.M","Lorenza Beati","Georgia Southern University","TO PAULA"
"c2a1ad10-6709-4b3a-8d85-aac8752b16f6","KONZ_025.tickPlot.tck","KONZ_025","2017-05-09T18:11Z","2017-12-13T17:00Z","KONZ_025.20170509","KONZ_025.20170509.AMBAME.F","Amblyomma americanum","AMBAME","species","Ixodidae",,,,"Amblyomma",,"americanum",,,"Cooley, R. A. and G. M. Kohls. 1944. The genus Amblyomma (ixodidae) in the United States. The Journal of Parasitology, 30(2):77-111.","GSU_tickIdentification_SOP_2016-11-01.pdf","Linnaeus","Female",4,"OK","90% ethanol","1358187","KONZ_025.20170509.AMBAME.F","Lorenza Beati","Georgia Southern University",
"684c1798-e7ba-454f-9f08-421b2b129615","KONZ_025.tickPlot.tck","KONZ_025","2017-05-09T18:11Z","2017-12-13T17:00Z","KONZ_025.20170509","KONZ_025.20170509.DERVAR.M","Dermacentor variabilis","DERVAR","species","Ixodidae",,,,"Dermacentor",,"variabilis",,,"Yunker, C. E., Keirans, J. E., Clifford, C. M., and E. R. Easton. 1986. Dermacentor ticks (Acari: Ixodoidea: Ixodidae) of the New World: a scanning electron microscope atlas. Proceedings of the Entomological Society of Washington, 88(4):609-627.","GSU_tickIdentification_SOP_2016-11-01.pdf","Say","Male",1,"OK","90% ethanol","1358188","KONZ_025.20170509.DERVAR.M","Lorenza Beati","Georgia Southern University",
