uid,namedLocation,date,domainID,siteID,plotID,plotType,nlcdClass,decimalLatitude,decimalLongitude,geodeticDatum,coordinateUncertainty,easting,northing,utmZone,elevation,elevationUncertainty,eventID,samplingProtocolVersion,treesPresent,treesAbsentList,shrubsPresent,shrubsAbsentList,lianasPresent,lianasAbsentList,nestedSubplotAreaShrubSapling,nestedSubplotAreaLiana,totalSampledAreaTrees,totalSampledAreaShrubSapling,totalSampledAreaLiana,remarks,measuredBy,recordedBy,dataQF
"ca955c1e-c286-433a-aa3c-bc96816aea06","GRSM_054.basePlot.vst","2017-10-30","D07","GRSM","GRSM_054","tower","deciduousForest",35.691476,-83.501738,"WGS84",20.2,273626.18,3952613.93,"17N",569.4,0.4,"vst_GRSM_2017","NEON.DOC.000987vG","Y",,"Y",,"Y",,"100","noneSelected",800,400,800,,"ntMKYxYUttiqg+M2We4SbKWIfDoMDecaAZhfwjEr5Eo=","W+a35C/f5OeEFcA0E/vzcw1iit76HEIMhVdqeL6jdEY=",
"781e96b5-3f3c-4730-88f5-bcd2f2d9177a","GRSM_065.basePlot.vst","2017-10-31","D07","GRSM","GRSM_065","tower","deciduousForest",35.690919,-83.503412,"WGS84",20.2,273473.10,3952556.00,"17N",566.2,0.3,"vst_GRSM_2017","NEON.DOC.000987vG","Y",,"Y",,"Y",,"25","noneSelected",800,100,800,,"ntMKYxYUttiqg+M2We4SbKWIfDoMDecaAZhfwjEr5Eo=","W+a35C/f5OeEFcA0E/vzcw1iit76HEIMhVdqeL6jdEY=",
"e5c437f8-b622-47bb-99fb-d77126b08aed","GRSM_066.basePlot.vst","2017-10-31","D07","GRSM","GRSM_066","tower","deciduousForest",35.688774,-83.502676,"WGS84",20.1,273533.64,3952316.33,"17N",570.6,0.1,"vst_GRSM_2017","NEON.DOC.000987vG","Y",,"Y",,"Y",,"100","noneSelected",800,400,800,,"ntMKYxYUttiqg+M2We4SbKWIfDoMDecaAZhfwjEr5Eo=","W+a35C/f5OeEFcA0E/vzcw1iit76HEIMhVdqeL6jdEY=",
"2d35bc33-b220-4a33-a449-c26f3aadff48","GRSM_064.basePlot.vst","2017-10-31","D07","GRSM","GRSM_064","tower","deciduousForest",35.689831,-83.503034,"WGS84",20.2,273504.23,3952434.42,"17N",565.6,0.2,"vst_GRSM_2017","NEON.DOC.000987vG","Y",,"Y",,"Y",,"100","noneSelected",800,400,800,,"ntMKYxYUttiqg+M2We4SbKWIfDoMDecaAZhfwjEr5Eo=","W+a35C/f5OeEFcA0E/vzcw1iit76HEIMhVdqeL6jdEY=",
