uid,namedLocation,domainID,siteID,plotID,plotType,nlcdClass,decimalLatitude,decimalLongitude,geodeticDatum,coordinateUncertainty,elevation,elevationUncertainty,collectDate,eventID,sampleID,sampleCode,samplingMethod,totalSampledArea,targetTaxaPresent,adultCount,nymphCount,larvaCount,sampleCondition,samplingProtocolVersion,measuredBy,remarks
"c52ad8a8-53e2-455a-906d-4ee3138534d9","CLBJ_040.tickPlot.tck","D11","CLBJ","CLBJ_040","distributed","deciduousForest",33.377571,-97.647238,"WGS84",20.1,328.9,0.1,"2016-08-25T14:12Z","CLBJ.2016.34",,,"drag and flag",140,"N",0,0,0,"No known compromise","NEON.DOC.014045vG","MToiEetl/hE7loQoRWyXi916MsQYAq0q","Tick sampling was supposed to occur on 20160816 but was pushed back because of weather"
"1d5115dc-5e4e-46f1-8cdd-a83741bfb4a7","CLBJ_036.tickPlot.tck","D11","CLBJ","CLBJ_036","distributed","grasslandHerbaceous",33.396494,-97.580919,"WGS84",20.1,289.5,0.1,"2016-08-25T14:16Z","CLBJ.2016.34",,,"drag",166,"N",0,0,0,"No known compromise","NEON.DOC.014045vG","K015xPfLfah4eO1uZLmE3FLLe6b3pcen","Tick sampling was supposed to occur on 20160816 but was pushed back because of weather"
"cfc9ed9b-9cd8-496b-9ea6-1d751a60529d","CLBJ_032.tickPlot.tck","D11","CLBJ","CLBJ_032","distributed","grasslandHerbaceous",33.405176,-97.595129,"WGS84",20.1,294.7,0.1,"2016-08-25T14:52Z","CLBJ.2016.34",,,"drag",160,"N",0,0,0,"No known compromise","NEON.DOC.014045vG","K015xPfLfah4eO1uZLmE3FLLe6b3pcen","Tick sampling was supposed to occur on 20160816 but was pushed back because of weather"
"995484d4-3dc1-4279-84a1-b8100bde9a98","CLBJ_033.tickPlot.tck","D11","CLBJ","CLBJ_033","distributed","deciduousForest",33.382288,-97.619783,"WGS84",20.1,305.5,0.1,"2016-08-25T14:58Z","CLBJ.2016.34",,,"drag and flag",130,"N",0,0,0,"No known compromise","NEON.DOC.014045vG","MToiEetl/hE7loQoRWyXi916MsQYAq0q","Tick sampling was supposed to occur on 20160816 but was pushed back because of weather"
"7a7b5ad5-dea7-4c7f-8410-81950213658a","CLBJ_043.tickPlot.tck","D11","CLBJ","CLBJ_043","distributed","deciduousForest",33.410406,-97.593713,"WGS84",20.1,285.9,0.1,"2016-08-25T15:35Z","CLBJ.2016.34","CLBJ_043.20160825",,"drag and flag",162,"Y",1,0,0,"No known compromise","NEON.DOC.014045vG","K015xPfLfah4eO1uZLmE3FLLe6b3pcen","Tick sampling was supposed to occur on 20160816 but was pushed back because of weather"
"bdece139-fcf9-430a-9ff8-e1cb26986a14","CLBJ_034.tickPlot.tck","D11","CLBJ","CLBJ_034","distributed","grasslandHerbaceous",33.320090,-97.578537,"WGS84",20.0,325.2,0.0,"2016-08-25T15:40Z","CLBJ.2016.34",,,"drag and flag",135,"N",0,0,0,"No known compromise","NEON.DOC.014045vG","MToiEetl/hE7loQoRWyXi916MsQYAq0q","Tick sampling was supposed to occur on 20160816 but was pushed back because of weather"
"7581bb2d-515f-4839-bd66-d14f0fc7bb42","CLBJ_034.tickPlot.tck","D11","CLBJ","CLBJ_034","distributed","grasslandHerbaceous",33.320090,-97.578537,"WGS84",20.0,325.2,0.0,"2016-08-25T17:06Z","CLBJ.2016.34",,,"drag and flag",150,"N",0,0,0,"No known compromise","NEON.DOC.014045vG","FfPkT8x+UBXKIhimH2zPnUm0w+b2kyUs","Deviated 10m in, carried across creek"
"f142df38-6122-4def-a22f-e81a72ce626d","CLBJ_036.tickPlot.tck","D11","CLBJ","CLBJ_036","distributed","grasslandHerbaceous",33.396494,-97.580919,"WGS84",20.1,289.5,0.1,"2016-08-25T18:10Z","CLBJ.2016.34",,,"drag",160,"N",0,0,0,"No known compromise","NEON.DOC.014045vG","FfPkT8x+UBXKIhimH2zPnUm0w+b2kyUs","Deviated 3m in due to Rubus"
"62dd27ed-f180-48b7-8b35-23a003a0a6fe","CLBJ_032.tickPlot.tck","D11","CLBJ","CLBJ_032","distributed","grasslandHerbaceous",33.405176,-97.595129,"WGS84",20.1,294.7,0.1,"2016-08-25T19:01Z","CLBJ.2016.34",,,"drag and flag",160,"N",0,0,0,"No known compromise","NEON.DOC.014045vG","FfPkT8x+UBXKIhimH2zPnUm0w+b2kyUs",
"8bfa11db-588c-4bf6-aa25-7407a6a40c2b","CLBJ_043.tickPlot.tck","D11","CLBJ","CLBJ_043","distributed","deciduousForest",33.410406,-97.593713,"WGS84",20.1,285.9,0.1,"2016-08-25T19:41Z","CLBJ.2016.34",,,"drag and flag",150,"N",0,0,0,"No known compromise","NEON.DOC.014045vG","FfPkT8x+UBXKIhimH2zPnUm0w+b2kyUs","Deviation 1m in due to Smilax; 10m due to trees; 2m due to trees"
"90aee21a-daa3-4d88-8e03-878b8d55731b","CLBJ_033.tickPlot.tck","D11","CLBJ","CLBJ_033","distributed","deciduousForest",33.382288,-97.619783,"WGS84",20.1,305.5,0.1,"2016-08-25T20:49Z","CLBJ.2016.34",,,"drag and flag",110,"N",0,0,0,"No known compromise","NEON.DOC.014045vG","FfPkT8x+UBXKIhimH2zPnUm0w+b2kyUs","Deviation 10m due to trees; 5m due to trees; 20m due to smilax and trees; 15m due to trees"
"9c581a0a-d8b6-4cb5-81d6-9b3d7ce6fb48","CLBJ_040.tickPlot.tck","D11","CLBJ","CLBJ_040","distributed","deciduousForest",33.377571,-97.647238,"WGS84",20.1,328.9,0.1,"2016-08-25T22:04Z","CLBJ.2016.34",,,"drag and flag",120,"N",0,0,0,"No known compromise","NEON.DOC.014045vG","FfPkT8x+UBXKIhimH2zPnUm0w+b2kyUs","Deviation 4m in due to trees; 40m due to trees & smilax"
