uid,namedLocation,plotID,collectDate,identifiedDate,sampleID,subsampleID,scientificName,acceptedTaxonID,taxonRank,family,subfamily,tribe,subtribe,genus,subgenus,specificEpithet,infraspecificEpithet,identificationQualifier,identificationReferences,identificationProtocolVersion,scientificNameAuthorship,sexOrAge,individualCount,sampleCondition,archiveMedium,archiveFacilityID,deprecatedVialID,identifiedBy,laboratoryName,remarks
"8e3efae8-14f9-4251-9680-1c83f058c14f","KONZ_025.tickPlot.tck","KONZ_025","2015-07-01T12:40Z","2016-06-27T12:00Z","KONZ_025.20150701","KONZ_025.20150701.AMBAME.N","Amblyomma americanum","AMBAME","species","Ixodidae",,,,"Amblyomma",,"americanum",,,"Cooley, R. A. and G. M. Kohls. 1944. The genus Amblyomma (ixodidae) in the United States. The Journal of Parasitology, 30(2):77-111.","GSU_tickIdentification_SOP_2016-11-01.pdf","Linnaeus","Nymph",3,"OK","95% ethanol","127058",,"L. Beati","Georgia Southern University",
"c3859820-d8b1-4fb7-947d-54766fa64b4c","KONZ_025.tickPlot.tck","KONZ_025","2015-07-01T12:40Z","2016-06-27T16:00Z","KONZ_025.20150701","KONZ_025.20150701.AMBAME.M","Amblyomma americanum","AMBAME","species","Ixodidae",,,,"Amblyomma",,"americanum",,,"Cooley, R. A. and G. M. Kohls. 1944. The genus Amblyomma (ixodidae) in the United States. The Journal of Parasitology, 30(2):77-111.","GSU_tickIdentification_SOP_2016-11-01.pdf","Linnaeus","Male",2,"OK","90% ethanol","127058",,"L. Beati","Georgia Southern University",
"ba59db57-6a9c-4bac-a04e-523036f2f779","KONZ_025.tickPlot.tck","KONZ_025","2015-07-01T12:40Z","2016-06-27T16:00Z","KONZ_025.20150701","KONZ_025.20150701.AMBAME.F","Amblyomma americanum","AMBAME","species","Ixodidae",,,,"Amblyomma",,"americanum",,,"Cooley, R. A. and G. M. Kohls. 1944. The genus Amblyomma (ixodidae) in the United States. The Journal of Parasitology, 30(2):77-111.","GSU_tickIdentification_SOP_2016-11-01.pdf","Linnaeus","Female",1,"OK","90% ethanol","127058",,"L. Beati","Georgia Southern University",
"cc9b1e8d-c4ce-4e7b-965e-f5e7490408c2","KONZ_004.tickPlot.tck","KONZ_004","2015-07-01T18:30Z","2016-06-27T16:00Z","KONZ_004.20150701","KONZ_004.20150701.AMBAME.N","Amblyomma americanum","AMBAME","species","Ixodidae",,,,"Amblyomma",,"americanum",,,"Cooley, R. A. and G. M. Kohls. 1944. The genus Amblyomma (ixodidae) in the United States. The Journal of Parasitology, 30(2):77-111.","GSU_tickIdentification_SOP_2016-11-01.pdf","Linnaeus","Nymph",1,"OK","90% ethanol","127059",,"L. Beati","Georgia Southern University",
"7f610d5d-bf63-4ec0-be46-6fb5f895b84f","KONZ_025.tickPlot.tck","KONZ_025","2015-07-22T14:15Z","2016-06-27T16:00Z","KONZ_025.20150722","KONZ_025.20150722.AMBAME.N","Amblyomma americanum","AMBAME","species","Ixodidae",,,,"Amblyomma",,"americanum",,,"Cooley, R. A. and G. M. Kohls. 1944. The genus Amblyomma (ixodidae) in the United States. The Journal of Parasitology, 30(2):77-111.","GSU_tickIdentification_SOP_2016-11-01.pdf","Linnaeus","Nymph",1,"OK","90% ethanol","127060",,"L. Beati","Georgia Southern University",
"f7bec9f9-a812-4175-9a01-b75c853f7c39","KONZ_004.tickPlot.tck","KONZ_004","2015-07-22T19:23Z","2016-06-27T16:00Z","KONZ_004.20150722","KONZ_004.20150722.AMBAME.L","Amblyomma americanum","AMBAME","species","Ixodidae",,,,"Amblyomma",,"americanum",,,"Cooley, R. A. and G. M. Kohls. 1944. The genus Amblyomma (ixodidae) in the United States. The Journal of Parasitology, 30(2):77-111.","GSU_tickIdentification_SOP_2016-11-01.pdf","Linnaeus","Larva",1,"OK","90% ethanol","127061",,"L. Beati","Georgia Southern University",
