uid,namedLocation,domainID,siteID,plotID,plotType,nlcdClass,decimalLatitude,decimalLongitude,geodeticDatum,coordinateUncertainty,elevation,elevationUncertainty,collectDate,eventID,sampleID,sampleCode,samplingMethod,totalSampledArea,targetTaxaPresent,adultCount,nymphCount,larvaCount,sampleCondition,samplingProtocolVersion,measuredBy,remarks
"e33455cc-1a90-4af3-b53c-6ada5eaef719","KONZ_025.tickPlot.tck","D06","KONZ","KONZ_025","distributed","deciduousForest",39.103714,-96.597832,"WGS84",20.1,337.3,0.1,"2015-07-01T12:40Z","KONZ.2015.26","KONZ_025.20150701",,"drag and flag",160,"Y",3,3,,"No known compromise","NEON.DOC.014045vF","77todYjt/jkS7ch3SPrT+HLnOarQO0yI",
"a8c3491f-336d-4a34-b16a-74b74cb4f7e5","KONZ_009.tickPlot.tck","D06","KONZ","KONZ_009","distributed","grasslandHerbaceous",39.107902,-96.584438,"WGS84",20.1,391.9,0.1,"2015-07-01T13:36Z","KONZ.2015.26",,,"drag",160,"N",0,0,,,"NEON.DOC.014045vF","77todYjt/jkS7ch3SPrT+HLnOarQO0yI","No ticks collected. No vial."
"dea30666-afa6-40dd-95ae-951640435aa1","KONZ_001.tickPlot.tck","D06","KONZ","KONZ_001","distributed","grasslandHerbaceous",39.074114,-96.557107,"WGS84",20.0,423.7,0.0,"2015-07-01T14:46Z","KONZ.2015.26",,,"drag",160,"N",0,0,,,"NEON.DOC.014045vF","77todYjt/jkS7ch3SPrT+HLnOarQO0yI","No ticks collected. No vial."
"5323ebe0-59a3-4a0e-a695-e3e951342288","KONZ_007.tickPlot.tck","D06","KONZ","KONZ_007","distributed","grasslandHerbaceous",39.087937,-96.545919,"WGS84",20.1,434.0,0.1,"2015-07-01T15:36Z","KONZ.2015.26",,,"drag",160,"N",0,0,,,"NEON.DOC.014045vF","77todYjt/jkS7ch3SPrT+HLnOarQO0yI","No ticks collected. No vial."
"64c5a507-2dbe-4137-9be6-0f31e64b35b4","KONZ_002.tickPlot.tck","D06","KONZ","KONZ_002","distributed","grasslandHerbaceous",39.118977,-96.547146,"WGS84",20.0,394.4,0.0,"2015-07-01T17:04Z","KONZ.2015.26",,,"drag and flag",160,"N",0,0,,,"NEON.DOC.014045vF","77todYjt/jkS7ch3SPrT+HLnOarQO0yI","No ticks collected. No vial."
"d78b6a97-5cb5-4a96-bec4-05442ec32e99","KONZ_004.tickPlot.tck","D06","KONZ","KONZ_004","distributed","grasslandHerbaceous",39.109647,-96.551370,"WGS84",20.0,371.9,0.0,"2015-07-01T18:30Z","KONZ.2015.26","KONZ_004.20150701",,"drag",160,"Y",0,1,,"No known compromise","NEON.DOC.014045vF","77todYjt/jkS7ch3SPrT+HLnOarQO0yI",
"44152c34-4782-4af2-971d-c7d7c0ccc017","KONZ_025.tickPlot.tck","D06","KONZ","KONZ_025","distributed","deciduousForest",39.103714,-96.597832,"WGS84",20.1,337.3,0.1,"2015-07-22T14:15Z","KONZ.2015.29","KONZ_025.20150722",,"drag",160,"Y",0,1,,"No known compromise","NEON.DOC.014045vF","77todYjt/jkEGWUHO3SI0BRlGpUHn9Xh",
"1fbfaa6d-c3b7-49f5-89e1-8f17994954b9","KONZ_009.tickPlot.tck","D06","KONZ","KONZ_009","distributed","grasslandHerbaceous",39.107902,-96.584438,"WGS84",20.1,391.9,0.1,"2015-07-22T15:29Z","KONZ.2015.29",,,"drag",160,"N",0,0,,,"NEON.DOC.014045vF","77todYjt/jkEGWUHO3SI0BRlGpUHn9Xh",
"614c031f-f0c0-4a76-88c7-6b7e2f01c732","KONZ_001.tickPlot.tck","D06","KONZ","KONZ_001","distributed","grasslandHerbaceous",39.074114,-96.557107,"WGS84",20.0,423.7,0.0,"2015-07-22T16:41Z","KONZ.2015.29",,,"drag",160,"N",0,0,,,"NEON.DOC.014045vF","77todYjt/jkEGWUHO3SI0BRlGpUHn9Xh",
"a384389d-ae9a-4d31-b344-0a459f2b405c","KONZ_007.tickPlot.tck","D06","KONZ","KONZ_007","distributed","grasslandHerbaceous",39.087937,-96.545919,"WGS84",20.1,434.0,0.1,"2015-07-22T17:17Z","KONZ.2015.29",,,"drag",160,"N",0,0,,,"NEON.DOC.014045vF","77todYjt/jkEGWUHO3SI0BRlGpUHn9Xh",
"d1f201b8-cf69-449f-b2d6-20e7b34fea3b","KONZ_002.tickPlot.tck","D06","KONZ","KONZ_002","distributed","grasslandHerbaceous",39.118977,-96.547146,"WGS84",20.0,394.4,0.0,"2015-07-22T18:26Z","KONZ.2015.29",,,"drag and flag",160,"N",0,0,,,"NEON.DOC.014045vF","77todYjt/jkEGWUHO3SI0BRlGpUHn9Xh",
"b5f81621-391d-4255-aca2-a94dff0be563","KONZ_004.tickPlot.tck","D06","KONZ","KONZ_004","distributed","grasslandHerbaceous",39.109647,-96.551370,"WGS84",20.0,371.9,0.0,"2015-07-22T19:23Z","KONZ.2015.29","KONZ_004.20150722",,"drag",160,"Y",0,0,5,"No known compromise","NEON.DOC.014045vF","77todYjt/jkEGWUHO3SI0BRlGpUHn9Xh","5 larvae collected"
