uid,namedLocation,plotID,collectDate,identifiedDate,sampleID,subsampleID,scientificName,acceptedTaxonID,taxonRank,family,subfamily,tribe,subtribe,genus,subgenus,specificEpithet,infraspecificEpithet,identificationQualifier,identificationReferences,identificationProtocolVersion,scientificNameAuthorship,sexOrAge,individualCount,sampleCondition,archiveMedium,archiveFacilityID,deprecatedVialID,identifiedBy,laboratoryName,remarks
"4a8af24b-e1aa-406f-ab96-69e859aa4400","UKFS_018.tickPlot.tck","UKFS_018","2016-06-02T13:40Z","2017-06-27T16:00Z","UKFS_018.20160602","UKFS_018.20160602.AMBAME.F","Amblyomma americanum","AMBAME","species","Ixodidae",,,,"Amblyomma",,"americanum",,,"Cooley, R. A. and G. M. Kohls. 1944. The genus Amblyomma (ixodidae) in the United States. The Journal of Parasitology, 30(2):77-111.","GSU_tickIdentification_SOP_2016-11-01.pdf","Linnaeus","Female",1,"OK","RNA stabilization buffer","USNMENT01358033","UKFS_018.20160602.01.AMBAME.F","Lorenza Beati","Georgia Southern University",
"cfa8e70f-e21c-41bf-9ef7-b3f2b6b6998a","UKFS_003.tickPlot.tck","UKFS_003","2016-06-02T14:25Z","2017-06-27T16:00Z","UKFS_003.20160602","UKFS_003.20160602.AMBAME.N","Amblyomma americanum","AMBAME","species","Ixodidae",,,,"Amblyomma",,"americanum",,,"Cooley, R. A. and G. M. Kohls. 1944. The genus Amblyomma (ixodidae) in the United States. The Journal of Parasitology, 30(2):77-111.","GSU_tickIdentification_SOP_2016-11-01.pdf","Linnaeus","Nymph",20,"OK","RNA stabilization buffer","USNMENT01358029","UKFS_003.20160602.01.AMBAME.N","Lorenza Beati","Georgia Southern University",
"28a94102-4e0d-4be3-b431-53580d2e6e37","UKFS_003.tickPlot.tck","UKFS_003","2016-06-02T14:25Z","2017-06-27T16:00Z","UKFS_003.20160602","UKFS_003.20160602.AMBAME.F","Amblyomma americanum","AMBAME","species","Ixodidae",,,,"Amblyomma",,"americanum",,,"Cooley, R. A. and G. M. Kohls. 1944. The genus Amblyomma (ixodidae) in the United States. The Journal of Parasitology, 30(2):77-111.","GSU_tickIdentification_SOP_2016-11-01.pdf","Linnaeus","Female",10,"OK","RNA stabilization buffer","USNMENT01358028","UKFS_003.20160602.01.AMBAME.F","Lorenza Beati","Georgia Southern University",
"c72ac48b-c760-4006-b9e8-e6edb5fb8eb4","UKFS_003.tickPlot.tck","UKFS_003","2016-06-02T14:25Z","2017-06-27T16:00Z","UKFS_003.20160602","UKFS_003.20160602.AMBAME.M","Amblyomma americanum","AMBAME","species","Ixodidae",,,,"Amblyomma",,"americanum",,,"Cooley, R. A. and G. M. Kohls. 1944. The genus Amblyomma (ixodidae) in the United States. The Journal of Parasitology, 30(2):77-111.","GSU_tickIdentification_SOP_2016-11-01.pdf","Linnaeus","Male",9,"OK","RNA stabilization buffer","USNMENT01358027","UKFS_003.20160602.01.AMBAME.M","Lorenza Beati","Georgia Southern University",
"be135834-5b8e-40be-9211-14d460dc3504","UKFS_003.tickPlot.tck","UKFS_003","2016-06-02T14:25Z","2017-06-27T16:00Z","UKFS_003.20160602","UKFS_003.20160602.DERVAR.F","Dermacentor variabilis","DERVAR","species","Ixodidae",,,,"Dermacentor",,"variabilis",,,"Yunker, C. E., Keirans, J. E., Clifford, C. M., and E. R. Easton. 1986. Dermacentor ticks (Acari: Ixodoidea: Ixodidae) of the New World: a scanning electron microscope atlas. Proceedings of the Entomological Society of Washington, 88(4):609-627.","GSU_tickIdentification_SOP_2016-11-01.pdf","Say","Female",1,"OK","RNA stabilization buffer","USNMENT00864604","UKFS_003.20160602.01.DERVAR.F","Lorenza Beati","Georgia Southern University",
"0524f193-ca70-4d85-92c6-6c8bba59f2dc","UKFS_004.tickPlot.tck","UKFS_004","2016-06-02T16:05Z","2017-06-27T16:00Z","UKFS_004.20160602","UKFS_004.20160602.AMBAME.N","Amblyomma americanum","AMBAME","species","Ixodidae",,,,"Amblyomma",,"americanum",,,"Cooley, R. A. and G. M. Kohls. 1944. The genus Amblyomma (ixodidae) in the United States. The Journal of Parasitology, 30(2):77-111.","GSU_tickIdentification_SOP_2016-11-01.pdf","Linnaeus","Nymph",8,"OK","RNA stabilization buffer","USNMENT01358032","UKFS_004.20160602.01.AMBAME.N","Lorenza Beati","Georgia Southern University",
"2f1a71c4-69d5-4f11-b024-b1df7fffca07","UKFS_004.tickPlot.tck","UKFS_004","2016-06-02T16:05Z","2017-06-27T16:00Z","UKFS_004.20160602","UKFS_004.20160602.AMBAME.F","Amblyomma americanum","AMBAME","species","Ixodidae",,,,"Amblyomma",,"americanum",,,"Cooley, R. A. and G. M. Kohls. 1944. The genus Amblyomma (ixodidae) in the United States. The Journal of Parasitology, 30(2):77-111.","GSU_tickIdentification_SOP_2016-11-01.pdf","Linnaeus","Female",1,"OK","RNA stabilization buffer","USNMENT01358031","UKFS_004.20160602.01.AMBAME.F","Lorenza Beati","Georgia Southern University",
"583b1dbc-c989-44c8-b92f-521a9e3e3d16","UKFS_004.tickPlot.tck","UKFS_004","2016-06-02T16:05Z","2017-06-27T16:00Z","UKFS_004.20160602","UKFS_004.20160602.AMBAME.M","Amblyomma americanum","AMBAME","species","Ixodidae",,,,"Amblyomma",,"americanum",,,"Cooley, R. A. and G. M. Kohls. 1944. The genus Amblyomma (ixodidae) in the United States. The Journal of Parasitology, 30(2):77-111.","GSU_tickIdentification_SOP_2016-11-01.pdf","Linnaeus","Male",6,"OK","RNA stabilization buffer","USNMENT01358030","UKFS_004.20160602.01.AMBAME.M","Lorenza Beati","Georgia Southern University",
"4e2bb12a-1b34-4dc3-880e-0ae1c858ee4f","UKFS_002.tickPlot.tck","UKFS_002","2016-06-02T17:20Z","2017-06-27T16:00Z","UKFS_002.20160602","UKFS_002.20160602.AMBAME.M","Amblyomma americanum","AMBAME","species","Ixodidae",,,,"Amblyomma",,"americanum",,,"Cooley, R. A. and G. M. Kohls. 1944. The genus Amblyomma (ixodidae) in the United States. The Journal of Parasitology, 30(2):77-111.","GSU_tickIdentification_SOP_2016-11-01.pdf","Linnaeus","Male",2,"OK","RNA stabilization buffer","USNMENT01358026","UKFS_002.20160602.01.AMBAME.M","Lorenza Beati","Georgia Southern University",
"e47c05a1-21b4-46f7-8a2e-4a61c40a9dd7","UKFS_002.tickPlot.tck","UKFS_002","2016-06-02T17:20Z","2017-06-27T16:00Z","UKFS_002.20160602","UKFS_002.20160602.AMBAME.N","Amblyomma americanum","AMBAME","species","Ixodidae",,,,"Amblyomma",,"americanum",,,"Cooley, R. A. and G. M. Kohls. 1944. The genus Amblyomma (ixodidae) in the United States. The Journal of Parasitology, 30(2):77-111.","GSU_tickIdentification_SOP_2016-11-01.pdf","Linnaeus","Nymph",8,"OK","RNA stabilization buffer","USNMENT01358025","UKFS_002.20160602.01.AMBAME.N","Lorenza Beati","Georgia Southern University",
"caa75377-7ca9-4143-9c68-6f61731da323","UKFS_030.tickPlot.tck","UKFS_030","2016-06-02T18:07Z","2017-06-27T16:00Z","UKFS_030.20160602","UKFS_030.20160602.AMBAME.N","Amblyomma americanum","AMBAME","species","Ixodidae",,,,"Amblyomma",,"americanum",,,"Cooley, R. A. and G. M. Kohls. 1944. The genus Amblyomma (ixodidae) in the United States. The Journal of Parasitology, 30(2):77-111.","GSU_tickIdentification_SOP_2016-11-01.pdf","Linnaeus","Nymph",1,"OK","RNA stabilization buffer","USNMENT01358035","UKFS_030.20160602.01.AMBAME.N","Lorenza Beati","Georgia Southern University",
"a57569a2-da5a-4a03-8cf9-21df223b154a","UKFS_030.tickPlot.tck","UKFS_030","2016-06-02T18:07Z","2017-06-27T16:00Z","UKFS_030.20160602","UKFS_030.20160602.AMBAME.F","Amblyomma americanum","AMBAME","species","Ixodidae",,,,"Amblyomma",,"americanum",,,"Cooley, R. A. and G. M. Kohls. 1944. The genus Amblyomma (ixodidae) in the United States. The Journal of Parasitology, 30(2):77-111.","GSU_tickIdentification_SOP_2016-11-01.pdf","Linnaeus","Female",2,"OK","RNA stabilization buffer","USNMENT01358034","UKFS_030.20160602.01.AMBAME.F","Lorenza Beati","Georgia Southern University",
"d6220159-80d2-44c2-9073-d6e4eb12b2da","UKFS_001.tickPlot.tck","UKFS_001","2016-06-02T19:09Z","2017-06-27T16:00Z","UKFS_001.20160602","UKFS_001.20160602.AMBAME.F","Amblyomma americanum","AMBAME","species","Ixodidae",,,,"Amblyomma",,"americanum",,,"Cooley, R. A. and G. M. Kohls. 1944. The genus Amblyomma (ixodidae) in the United States. The Journal of Parasitology, 30(2):77-111.","GSU_tickIdentification_SOP_2016-11-01.pdf","Linnaeus","Female",6,"OK","RNA stabilization buffer","USNMENT01358023","UKFS_001.20160602.01.AMBAME.F","Lorenza Beati","Georgia Southern University",
"68517e82-e620-49a3-9951-528e6982e00c","UKFS_001.tickPlot.tck","UKFS_001","2016-06-02T19:09Z","2017-06-27T16:00Z","UKFS_001.20160602","UKFS_001.20160602.AMBAME.M","Amblyomma americanum","AMBAME","species","Ixodidae",,,,"Amblyomma",,"americanum",,,"Cooley, R. A. and G. M. Kohls. 1944. The genus Amblyomma (ixodidae) in the United States. The Journal of Parasitology, 30(2):77-111.","GSU_tickIdentification_SOP_2016-11-01.pdf","Linnaeus","Male",6,"OK","RNA stabilization buffer","USNMENT01358022","UKFS_001.20160602.01.AMBAME.M","Lorenza Beati","Georgia Southern University","over invoice limit, will not be billed"
"2634bf31-aeda-4985-a8a4-9387f3f683c8","UKFS_001.tickPlot.tck","UKFS_001","2016-06-02T19:09Z","2017-06-27T16:00Z","UKFS_001.20160602","UKFS_001.20160602.AMBAME.N","Amblyomma americanum","AMBAME","species","Ixodidae",,,,"Amblyomma",,"americanum",,,"Cooley, R. A. and G. M. Kohls. 1944. The genus Amblyomma (ixodidae) in the United States. The Journal of Parasitology, 30(2):77-111.","GSU_tickIdentification_SOP_2016-11-01.pdf","Linnaeus","Nymph",38,"OK","RNA stabilization buffer","USNMENT01358024","UKFS_001.20160602.01.AMBAME.N","Lorenza Beati","Georgia Southern University",
"aa8849bc-7194-4734-aa0e-87c1611646a0","UKFS_001.tickPlot.tck","UKFS_001","2016-06-23T13:35Z","2017-06-27T16:00Z","UKFS_001.20160623","UKFS_001.20160623.AMBAME.M","Amblyomma americanum","AMBAME","species","Ixodidae",,,,"Amblyomma",,"americanum",,,"Cooley, R. A. and G. M. Kohls. 1944. The genus Amblyomma (ixodidae) in the United States. The Journal of Parasitology, 30(2):77-111.","GSU_tickIdentification_SOP_2016-11-01.pdf","Linnaeus","Male",1,"OK","RNA stabilization buffer","USNMENT00984889","UKFS_001.20160623.01.AMBAME.M","Lorenza Beati","Georgia Southern University",
"3afdb602-f7aa-4765-a8e6-baacf84babf7","UKFS_001.tickPlot.tck","UKFS_001","2016-06-23T13:35Z","2017-06-27T16:00Z","UKFS_001.20160623","UKFS_001.20160623.AMBAME.N","Amblyomma americanum","AMBAME","species","Ixodidae",,,,"Amblyomma",,"americanum",,,"Cooley, R. A. and G. M. Kohls. 1944. The genus Amblyomma (ixodidae) in the United States. The Journal of Parasitology, 30(2):77-111.","GSU_tickIdentification_SOP_2016-11-01.pdf","Linnaeus","Nymph",42,"OK","RNA stabilization buffer","USNMENT00984888","UKFS_001.20160623.01.AMBAME.N","Lorenza Beati","Georgia Southern University",
"ab3c0ef1-daa7-45ae-ba74-15cd0b89c123","UKFS_001.tickPlot.tck","UKFS_001","2016-06-23T13:35Z","2017-06-27T16:00Z","UKFS_001.20160623","UKFS_001.20160623.AMBAME.F","Amblyomma americanum","AMBAME","species","Ixodidae",,,,"Amblyomma",,"americanum",,,"Cooley, R. A. and G. M. Kohls. 1944. The genus Amblyomma (ixodidae) in the United States. The Journal of Parasitology, 30(2):77-111.","GSU_tickIdentification_SOP_2016-11-01.pdf","Linnaeus","Female",2,"OK","RNA stabilization buffer","USNMENT00984890","UKFS_001.20160623.01.AMBAME.F","Lorenza Beati","Georgia Southern University",
"d39cdf99-02af-43be-862b-37bb7ad4c629","UKFS_003.tickPlot.tck","UKFS_003","2016-06-23T15:29Z","2017-06-27T16:00Z","UKFS_003.20160623","UKFS_003.20160623.AMBAME.F","Amblyomma americanum","AMBAME","species","Ixodidae",,,,"Amblyomma",,"americanum",,,"Cooley, R. A. and G. M. Kohls. 1944. The genus Amblyomma (ixodidae) in the United States. The Journal of Parasitology, 30(2):77-111.","GSU_tickIdentification_SOP_2016-11-01.pdf","Linnaeus","Female",5,"OK","RNA stabilization buffer","USNMENT00984894","UKFS_003.20160623.01.AMBAME.F","Lorenza Beati","Georgia Southern University",
"de2b3e4b-03bf-4419-a4b7-df45f2937240","UKFS_003.tickPlot.tck","UKFS_003","2016-06-23T15:29Z","2017-06-09T16:00Z","UKFS_003.20160623","UKFS_003.20160623.IXOSP.N","Ixodidae sp.","IXOSP","family","Ixodidae",,,,,,"sp.",,,,"GSU_tickIdentification_SOP_2016-11-01.pdf",,"Nymph",7,"OK","RNA stabilization buffer","USNMENT00984892","UKFS_003.20160623.01.N","Guy Hobbs","Georgia Southern University","over invoice limit, will not be billed"
"3ec64ab1-49d0-44a4-b5d8-05db7e41b541","UKFS_003.tickPlot.tck","UKFS_003","2016-06-23T15:29Z","2017-06-27T16:00Z","UKFS_003.20160623","UKFS_003.20160623.DERVAR.F","Dermacentor variabilis","DERVAR","species","Ixodidae",,,,"Dermacentor",,"variabilis",,,"Yunker, C. E., Keirans, J. E., Clifford, C. M., and E. R. Easton. 1986. Dermacentor ticks (Acari: Ixodoidea: Ixodidae) of the New World: a scanning electron microscope atlas. Proceedings of the Entomological Society of Washington, 88(4):609-627.","GSU_tickIdentification_SOP_2016-11-01.pdf","Say","Female",1,"OK","RNA stabilization buffer","USNMENT00864629","UKFS_003.20160623.01.DERVAR.F","Lorenza Beati","Georgia Southern University",
"bc0eae17-c539-4a1c-b4ba-15211c2d6b4b","UKFS_003.tickPlot.tck","UKFS_003","2016-06-23T15:29Z","2017-06-09T16:00Z","UKFS_003.20160623","UKFS_003.20160623.IXOSP.M","Ixodidae sp.","IXOSP","family","Ixodidae",,,,,,"sp.",,,,"GSU_tickIdentification_SOP_2016-11-01.pdf",,"Male",2,"OK","RNA stabilization buffer","USNMENT00984893","UKFS_003.20160623.01.M","Guy Hobbs","Georgia Southern University","over invoice limit, will not be billed"
"b475dce7-22a4-47a9-970a-d701aae0b933","UKFS_018.tickPlot.tck","UKFS_018","2016-06-23T16:47Z","2017-06-09T16:00Z","UKFS_018.20160623","UKFS_018.20160623.IXOSP.N","Ixodidae sp.","IXOSP","family","Ixodidae",,,,,,"sp.",,,,"GSU_tickIdentification_SOP_2016-11-01.pdf",,"Nymph",3,"OK","RNA stabilization buffer","USNMENT00984891","UKFS_018.20160623.01.N","Guy Hobbs","Georgia Southern University","over invoice limit, will not be billed"
"52f688c0-3d5f-4937-ac02-79537a460606","UKFS_004.tickPlot.tck","UKFS_004","2016-06-23T17:39Z","2017-06-09T16:00Z","UKFS_004.20160623","UKFS_004.20160623.IXOSP.M","Ixodidae sp.","IXOSP","family","Ixodidae",,,,,,"sp.",,,,"GSU_tickIdentification_SOP_2016-11-01.pdf",,"Male",4,"OK","RNA stabilization buffer","USNMENT00984896","UKFS_004.20160623.01.M","Guy Hobbs","Georgia Southern University","over invoice limit, will not be billed"
"5402e6a9-c3b2-4c1d-bfd9-96f584942876","UKFS_004.tickPlot.tck","UKFS_004","2016-06-23T17:39Z","2017-06-27T16:00Z","UKFS_004.20160623","UKFS_004.20160623.AMBAME.N","Amblyomma americanum","AMBAME","species","Ixodidae",,,,"Amblyomma",,"americanum",,,"Cooley, R. A. and G. M. Kohls. 1944. The genus Amblyomma (ixodidae) in the United States. The Journal of Parasitology, 30(2):77-111.","GSU_tickIdentification_SOP_2016-11-01.pdf","Linnaeus","Nymph",22,"OK","RNA stabilization buffer","USNMENT00984895","UKFS_004.20160623.01.AMBAME.N","Lorenza Beati","Georgia Southern University",
"a6da44d4-557d-4e72-a51c-d88ef84ab88e","UKFS_004.tickPlot.tck","UKFS_004","2016-06-23T17:39Z","2017-06-27T16:00Z","UKFS_004.20160623","UKFS_004.20160623.AMBAME.F","Amblyomma americanum","AMBAME","species","Ixodidae",,,,"Amblyomma",,"americanum",,,"Cooley, R. A. and G. M. Kohls. 1944. The genus Amblyomma (ixodidae) in the United States. The Journal of Parasitology, 30(2):77-111.","GSU_tickIdentification_SOP_2016-11-01.pdf","Linnaeus","Female",4,"OK","RNA stabilization buffer","USNMENT00984897","UKFS_004.20160623.01.AMBAME.F","Lorenza Beati","Georgia Southern University",
"4ca7e421-91d6-4cf1-8aa7-871aca60d174","UKFS_030.tickPlot.tck","UKFS_030","2016-06-23T19:06Z","2017-06-27T16:00Z","UKFS_030.20160623","UKFS_030.20160623.AMBAME.N","Amblyomma americanum","AMBAME","species","Ixodidae",,,,"Amblyomma",,"americanum",,,"Cooley, R. A. and G. M. Kohls. 1944. The genus Amblyomma (ixodidae) in the United States. The Journal of Parasitology, 30(2):77-111.","GSU_tickIdentification_SOP_2016-11-01.pdf","Linnaeus","Nymph",2,"OK","RNA stabilization buffer","USNMENT00984885","UKFS_030.20160623.01.AMBAME.N","Lorenza Beati","Georgia Southern University",
"c5830785-a45b-4a05-bc4d-e4ca2b67ea02","UKFS_002.tickPlot.tck","UKFS_002","2016-06-23T19:30Z","2017-06-27T16:00Z","UKFS_002.20160623","UKFS_002.20160623.AMBAME.N","Amblyomma americanum","AMBAME","species","Ixodidae",,,,"Amblyomma",,"americanum",,,"Cooley, R. A. and G. M. Kohls. 1944. The genus Amblyomma (ixodidae) in the United States. The Journal of Parasitology, 30(2):77-111.","GSU_tickIdentification_SOP_2016-11-01.pdf","Linnaeus","Nymph",9,"OK","RNA stabilization buffer","USNMENT00984886","UKFS_002.20160623.01.AMBAME.N","Lorenza Beati","Georgia Southern University",
"858621c5-9d57-4be9-9633-2275a36394f7","UKFS_002.tickPlot.tck","UKFS_002","2016-06-23T19:30Z","2017-06-27T16:00Z","UKFS_002.20160623","UKFS_002.20160623.AMBAME.F","Amblyomma americanum","AMBAME","species","Ixodidae",,,,"Amblyomma",,"americanum",,,"Cooley, R. A. and G. M. Kohls. 1944. The genus Amblyomma (ixodidae) in the United States. The Journal of Parasitology, 30(2):77-111.","GSU_tickIdentification_SOP_2016-11-01.pdf","Linnaeus","Female",1,"OK","RNA stabilization buffer","USNMENT00984887","UKFS_002.20160623.01.AMBAME.F","Lorenza Beati","Georgia Southern University",
