uid,namedLocation,domainID,siteID,plotID,plotType,nlcdClass,decimalLatitude,decimalLongitude,geodeticDatum,coordinateUncertainty,elevation,elevationUncertainty,collectDate,eventID,sampleID,sampleCode,samplingMethod,totalSampledArea,targetTaxaPresent,adultCount,nymphCount,larvaCount,sampleCondition,samplingProtocolVersion,measuredBy,remarks
"05ae8693-9409-48a4-8d7b-82988a495e17","UKFS_018.tickPlot.tck","D06","UKFS","UKFS_018","distributed","grasslandHerbaceous",39.053205,-95.194659,"WGS84",20.1,325.8,0.1,"2016-06-02T13:40Z","UKFS.2016.22","UKFS_018.20160602",,"drag",160,"Y",1,0,0,"No known compromise","NEON.DOC.014045vG","5D/KBQPUb7UI99RfJwbeDR5fxLm7XG62",
"02ad950e-8ba7-4ae3-ab71-41272bbea8ff","UKFS_003.tickPlot.tck","D06","UKFS","UKFS_003","distributed","deciduousForest",39.053769,-95.187084,"WGS84",20.1,323.1,0.1,"2016-06-02T14:25Z","UKFS.2016.22","UKFS_003.20160602",,"drag and flag",160,"Y",20,20,0,"No known compromise","NEON.DOC.014045vG","5D/KBQPUb7UI99RfJwbeDR5fxLm7XG62",
"fec2e5c4-4638-4caa-9f53-c5f69881abda","UKFS_004.tickPlot.tck","D06","UKFS","UKFS_004","distributed","deciduousForest",39.043188,-95.201000,"WGS84",20.1,320.0,0.2,"2016-06-02T16:05Z","UKFS.2016.22","UKFS_004.20160602",,"drag and flag",160,"Y",7,8,0,"No known compromise","NEON.DOC.014045vG","JGWJZ1XW1agSnvj4BXBgaByExANCyS2s",
"4ec8846c-8644-401d-a913-1905550feff1","UKFS_002.tickPlot.tck","D06","UKFS","UKFS_002","distributed","deciduousForest",39.045892,-95.207026,"WGS84",20.1,316.0,0.2,"2016-06-02T17:20Z","UKFS.2016.22","UKFS_002.20160602",,"drag and flag",160,"Y",2,7,0,"No known compromise","NEON.DOC.014045vG","5D/KBQPUb7UI99RfJwbeDR5fxLm7XG62",
"9ec5e3b0-bd69-4de0-894c-79d400461ba2","UKFS_030.tickPlot.tck","D06","UKFS","UKFS_030","distributed","grasslandHerbaceous",39.045115,-95.213433,"WGS84",20.1,321.9,0.1,"2016-06-02T18:07Z","UKFS.2016.22","UKFS_030.20160602",,"drag",160,"Y",2,1,0,"No known compromise","NEON.DOC.014045vG","JGWJZ1XW1agSnvj4BXBgaByExANCyS2s",
"d2e50000-1beb-49b4-bd40-b29ec04e819e","UKFS_001.tickPlot.tck","D06","UKFS","UKFS_001","distributed","deciduousForest",39.037238,-95.198631,"WGS84",20.1,322.7,0.1,"2016-06-02T19:09Z","UKFS.2016.22","UKFS_001.20160602",,"drag and flag",160,"Y",12,37,0,"No known compromise","NEON.DOC.014045vG","JGWJZ1XW1agSnvj4BXBgaByExANCyS2s",
"5d73b001-035b-4c40-b2fa-337c3d668ccd","UKFS_001.tickPlot.tck","D06","UKFS","UKFS_001","distributed","deciduousForest",39.037238,-95.198631,"WGS84",20.1,322.7,0.1,"2016-06-23T13:35Z","UKFS.2016.25","UKFS_001.20160623",,"drag and flag",160,"Y",3,42,0,"No known compromise","NEON.DOC.014045vG","9Na0Eupfy7pnnigtC7KpGXWClnvLiwz1",
"08f72009-1e76-4771-92ba-8718818ade9d","UKFS_003.tickPlot.tck","D06","UKFS","UKFS_003","distributed","deciduousForest",39.053769,-95.187084,"WGS84",20.1,323.1,0.1,"2016-06-23T15:29Z","UKFS.2016.25","UKFS_003.20160623",,"drag and flag",150,"Y",8,7,0,"No known compromise","NEON.DOC.014045vG","gzW2igUkp5dN6MoX5kqtYpCrrT6ULL1j",
"4350cdd8-b9a8-4b29-80d2-0cb9c21cdb5a","UKFS_018.tickPlot.tck","D06","UKFS","UKFS_018","distributed","grasslandHerbaceous",39.053205,-95.194659,"WGS84",20.1,325.8,0.1,"2016-06-23T16:47Z","UKFS.2016.25","UKFS_018.20160623",,"drag and flag",160,"Y",0,4,0,"No known compromise","NEON.DOC.014045vG","9Na0Eupfy7pnnigtC7KpGXWClnvLiwz1",
"1a5377c0-3095-43ca-9c44-3060d8d62d24","UKFS_004.tickPlot.tck","D06","UKFS","UKFS_004","distributed","deciduousForest",39.043188,-95.201000,"WGS84",20.1,320.0,0.2,"2016-06-23T17:39Z","UKFS.2016.25","UKFS_004.20160623",,"flag",155,"Y",8,22,0,"No known compromise","NEON.DOC.014045vG","gzW2igUkp5dN6MoX5kqtYpCrrT6ULL1j",
"566d3604-6e24-4648-8bcb-ffc24cbad59e","UKFS_030.tickPlot.tck","D06","UKFS","UKFS_030","distributed","grasslandHerbaceous",39.045115,-95.213433,"WGS84",20.1,321.9,0.1,"2016-06-23T19:06Z","UKFS.2016.25","UKFS_030.20160623",,"drag",160,"Y",0,2,0,"No known compromise","NEON.DOC.014045vG","gzW2igUkp5dN6MoX5kqtYpCrrT6ULL1j",
"bbb58fa7-5989-4be8-9863-7044ce858297","UKFS_002.tickPlot.tck","D06","UKFS","UKFS_002","distributed","deciduousForest",39.045892,-95.207026,"WGS84",20.1,316.0,0.2,"2016-06-23T19:30Z","UKFS.2016.25","UKFS_002.20160623",,"drag and flag",155,"Y",1,10,0,"No known compromise","NEON.DOC.014045vG","9Na0Eupfy7pnnigtC7KpGXWClnvLiwz1",
