uid,namedLocation,domainID,siteID,plotID,plotType,nlcdClass,decimalLatitude,decimalLongitude,geodeticDatum,coordinateUncertainty,elevation,elevationUncertainty,collectDate,eventID,sampleID,sampleCode,samplingMethod,totalSampledArea,targetTaxaPresent,adultCount,nymphCount,larvaCount,sampleCondition,samplingProtocolVersion,measuredBy,remarks
"aee54a77-f92d-4880-b98b-e755f5cd6564","STER_029.tickPlot.tck","D10","STER","STER_029","distributed","cultivatedCrops",40.469400,-103.010366,"WGS84",20.2,1352.6,0.3,"2014-07-02T16:27Z","STER.2014.26",,,"drag",160,"N",0,0,0,,"NEON.DOC.014045vD","jzZCvziQ3R4SU04xzcWAhQ==",
"47305f97-47a9-4966-a14e-23b03a59cb4d","STER_028.tickPlot.tck","D10","STER","STER_028","distributed","cultivatedCrops",40.472367,-103.017002,"WGS84",20.2,1358.2,0.3,"2014-07-02T17:05Z","STER.2014.26",,,"drag",160,"N",0,0,0,,"NEON.DOC.014045vD","jzZCvziQ3R4SU04xzcWAhQ==",
"809e3d27-c581-47a5-82b2-37e2514c9363","STER_026.tickPlot.tck","D10","STER","STER_026","distributed","cultivatedCrops",40.474857,-103.022558,"WGS84",20.2,1358.2,0.2,"2014-07-02T18:46Z","STER.2014.26",,,"drag",160,"N",0,0,0,,"NEON.DOC.014045vD","jzZCvziQ3R4SU04xzcWAhQ==",
"66f80f7e-5437-4ad3-9c81-e0053a256d41","STER_027.tickPlot.tck","D10","STER","STER_027","distributed","cultivatedCrops",40.480002,-103.017416,"WGS84",20.2,1365.6,0.2,"2014-07-02T19:25Z","STER.2014.26",,,"drag",160,"N",0,0,0,,"NEON.DOC.014045vD","jzZCvziQ3R4SU04xzcWAhQ==",
"cf4bfecd-d279-4272-bc5f-67674eb89ddd","STER_033.tickPlot.tck","D10","STER","STER_033","distributed","cultivatedCrops",40.476290,-103.010114,"WGS84",20.2,1355.1,0.2,"2014-07-02T20:36Z","STER.2014.26",,,"drag",160,"N",0,0,0,,"NEON.DOC.014045vD","jzZCvziQ3R4SU04xzcWAhQ==",
