uid,namedLocation,domainID,siteID,plotID,plotType,nlcdClass,decimalLatitude,decimalLongitude,geodeticDatum,coordinateUncertainty,elevation,elevationUncertainty,collectDate,eventID,sampleID,sampleCode,samplingMethod,totalSampledArea,targetTaxaPresent,adultCount,nymphCount,larvaCount,sampleCondition,samplingProtocolVersion,measuredBy,remarks
"9fa7f817-dfa3-4c66-872a-7e80265182f3","ABBY_005.tickPlot.tck","D16","ABBY","ABBY_005","distributed","shrubScrub",45.771976,-122.388089,"WGS84",20.1,492.2,0.1,"2018-08-01T15:07Z","ABBY.2018.31",,,"drag and flag",160,"N",0,0,0,,"NEON.DOC.014045vJ","A/RRczOckiF0yLsm5QLvenZZSpmx5R/GxdMYXQe8nd8aK+63Kw71Xg==",
"f786e5c9-c695-48da-95f7-6441de3a780b","ABBY_006.tickPlot.tck","D16","ABBY","ABBY_006","distributed","evergreenForest",45.752800,-122.297903,"WGS84",20.3,576.4,0.4,"2018-08-01T15:22Z","ABBY.2018.31",,,"drag and flag",160,"N",0,0,0,,"NEON.DOC.014045vJ","OUClN2UflHHWu9qdFpY9D1dsJ1ySIC5b4ekqpB1v1WA=",
"c674843c-fb8b-404c-825a-2c78b8087c06","ABBY_003.tickPlot.tck","D16","ABBY","ABBY_003","distributed","evergreenForest",45.760799,-122.371290,"WGS84",20.1,626.2,0.1,"2018-08-01T16:11Z","ABBY.2018.31",,,"drag and flag",160,"N",0,0,0,,"NEON.DOC.014045vJ","A/RRczOckiF0yLsm5QLvenZZSpmx5R/GxdMYXQe8nd8aK+63Kw71Xg==",
"8225d31b-7cb6-42d3-9131-764eacd1f5d0","ABBY_001.tickPlot.tck","D16","ABBY","ABBY_001","distributed","evergreenForest",45.773172,-122.348101,"WGS84",20.1,294.3,0.2,"2018-08-01T16:30Z","ABBY.2018.31",,,"drag and flag",160,"N",0,0,0,,"NEON.DOC.014045vJ","9MpvHR97FuJo4gsLwNb5xoR0ZKgI4SjpD6yX9wK3zYo=",
"d78e7559-f9f8-43de-8f0b-46134acf1d2b","ABBY_023.tickPlot.tck","D16","ABBY","ABBY_023","distributed","mixedForest",45.745006,-122.383498,"WGS84",20.1,478.7,0.1,"2018-08-01T17:04Z","ABBY.2018.31",,,"drag and flag",160,"N",0,0,0,,"NEON.DOC.014045vJ","A/RRczOckiF0yLsm5QLvenZZSpmx5R/GxdMYXQe8nd8aK+63Kw71Xg==",
"e085e6c3-969f-42af-bacc-7e22d6cc4fb1","ABBY_002.tickPlot.tck","D16","ABBY","ABBY_002","distributed","grasslandHerbaceous",45.737854,-122.308292,"WGS84",20.1,651.1,0.1,"2018-08-01T17:45Z","ABBY.2018.31",,,"drag and flag",160,"N",0,0,0,,"NEON.DOC.014045vJ","9MpvHR97FuJo4gsLwNb5xoR0ZKgI4SjpD6yX9wK3zYo=",
"b29747f0-2e50-4987-a526-b7930d8f1576","ABBY_006.tickPlot.tck","D16","ABBY","ABBY_006","distributed","evergreenForest",45.752800,-122.297903,"WGS84",20.3,576.4,0.4,"2018-08-21T17:32Z","ABBY.2018.34",,,"drag and flag",160,"N",0,0,0,,"NEON.DOC.014045vJ","OUClN2UflHHWu9qdFpY9D1dsJ1ySIC5b4ekqpB1v1WA=",
"53fee67f-4ea0-4f8c-a239-1d5998842c99","ABBY_001.tickPlot.tck","D16","ABBY","ABBY_001","distributed","evergreenForest",45.773172,-122.348101,"WGS84",20.1,294.3,0.2,"2018-08-21T19:24Z","ABBY.2018.34","ABBY_001.20180821","D00000004001","drag and flag",160,"Y",2,1,0,"No known compromise","NEON.DOC.014045vJ","OUClN2UflHHWu9qdFpY9D1dsJ1ySIC5b4ekqpB1v1WA=",
"96cbdd43-5418-4c34-a9d6-cf65cc0cb8b4","ABBY_002.tickPlot.tck","D16","ABBY","ABBY_002","distributed","grasslandHerbaceous",45.737854,-122.308292,"WGS84",20.1,651.1,0.1,"2018-08-21T20:58Z","ABBY.2018.34",,,"drag and flag",160,"N",0,0,0,,"NEON.DOC.014045vJ","OUClN2UflHHWu9qdFpY9D1dsJ1ySIC5b4ekqpB1v1WA=",
"fd8d0c60-9206-45a3-897c-ff17f5aaf393","ABBY_005.tickPlot.tck","D16","ABBY","ABBY_005","distributed","shrubScrub",45.771976,-122.388089,"WGS84",20.1,492.2,0.1,"2018-08-22T16:10Z","ABBY.2018.34",,,"drag and flag",160,"N",0,0,0,,"NEON.DOC.014045vJ","OUClN2UflHHWu9qdFpY9D1dsJ1ySIC5b4ekqpB1v1WA=",
"67056a02-91e6-4414-b804-fdbeb15978f4","ABBY_003.tickPlot.tck","D16","ABBY","ABBY_003","distributed","evergreenForest",45.760799,-122.371290,"WGS84",20.1,626.2,0.1,"2018-08-22T17:07Z","ABBY.2018.34",,,"drag and flag",160,"N",0,0,0,,"NEON.DOC.014045vJ","OUClN2UflHHWu9qdFpY9D1dsJ1ySIC5b4ekqpB1v1WA=",
"6cf538c4-54b0-4135-83fd-b502b05219e2","ABBY_023.tickPlot.tck","D16","ABBY","ABBY_023","distributed","mixedForest",45.745006,-122.383498,"WGS84",20.1,478.7,0.1,"2018-08-22T18:08Z","ABBY.2018.34",,,"drag and flag",160,"N",0,0,0,,"NEON.DOC.014045vJ","OUClN2UflHHWu9qdFpY9D1dsJ1ySIC5b4ekqpB1v1WA=",
