uid,namedLocation,domainID,siteID,plotID,plotType,nlcdClass,decimalLatitude,decimalLongitude,geodeticDatum,coordinateUncertainty,elevation,elevationUncertainty,collectDate,eventID,sampleID,sampleCode,samplingMethod,totalSampledArea,targetTaxaPresent,adultCount,nymphCount,larvaCount,sampleCondition,samplingProtocolVersion,measuredBy,remarks
"1d691fbd-71f1-447d-b7e9-39f40e172da8","STER_006.tickPlot.tck","D10","STER","STER_006","distributed","cultivatedCrops",40.465644,-103.032824,"WGS84",20.1,1361.1,0.1,"2017-04-05T17:39Z","STER.2017.14",,,"drag",160,"N",0,0,0,"No known compromise","NEON.DOC.014045vG","om/8VwYPvXpscp/aa6cESufiFOo8HGVf0ytawe5BDhM=",
"c2cd87a9-6df6-4833-b358-fab2884c891b","STER_029.tickPlot.tck","D10","STER","STER_029","distributed","cultivatedCrops",40.469400,-103.010366,"WGS84",20.2,1352.6,0.3,"2017-04-05T18:33Z","STER.2017.14",,,"drag",160,"N",0,0,0,"No known compromise","NEON.DOC.014045vG","om/8VwYPvXpscp/aa6cESufiFOo8HGVf0ytawe5BDhM=",
"a8464452-1ba6-47f1-b32c-2f5f9b9d5393","STER_028.tickPlot.tck","D10","STER","STER_028","distributed","cultivatedCrops",40.472367,-103.017002,"WGS84",20.2,1358.2,0.3,"2017-04-05T19:13Z","STER.2017.14",,,"drag",160,"N",0,0,0,"No known compromise","NEON.DOC.014045vG","om/8VwYPvXpscp/aa6cESufiFOo8HGVf0ytawe5BDhM=",
"f89d54ad-8138-4b11-a669-a0ccb99b67ad","STER_026.tickPlot.tck","D10","STER","STER_026","distributed","cultivatedCrops",40.474857,-103.022558,"WGS84",20.2,1358.2,0.2,"2017-04-05T19:47Z","STER.2017.14",,,"drag",160,"N",0,0,0,"No known compromise","NEON.DOC.014045vG","9piKDJvWVkAkhVxhhD7ruNlPpYfDpREJt4a2qexS0mE=",
"c1d06975-3232-4679-b804-5a57176b01d9","STER_027.tickPlot.tck","D10","STER","STER_027","distributed","cultivatedCrops",40.480002,-103.017416,"WGS84",20.2,1365.6,0.2,"2017-04-05T20:19Z","STER.2017.14",,,"drag",162,"N",0,0,0,"No known compromise","NEON.DOC.014045vG","9piKDJvWVkAkhVxhhD7ruNlPpYfDpREJt4a2qexS0mE=",
"d69a16de-db2d-4918-89d8-104d17f66ca8","STER_033.tickPlot.tck","D10","STER","STER_033","distributed","cultivatedCrops",40.476290,-103.010114,"WGS84",20.2,1355.1,0.2,"2017-04-05T20:54Z","STER.2017.14",,,"drag",160,"N",0,0,0,"No known compromise","NEON.DOC.014045vG","om/8VwYPvXpscp/aa6cESufiFOo8HGVf0ytawe5BDhM=",
