uid,namedLocation,domainID,siteID,plotID,plotType,nlcdClass,decimalLatitude,decimalLongitude,geodeticDatum,coordinateUncertainty,elevation,elevationUncertainty,collectDate,eventID,sampleID,sampleCode,samplingMethod,totalSampledArea,targetTaxaPresent,adultCount,nymphCount,larvaCount,sampleCondition,samplingProtocolVersion,measuredBy,remarks
"27678967-a3dd-4f90-97f3-6d3b8627898d","HARV_020.tickPlot.tck","D01","HARV","HARV_020","distributed","woodyWetlands",42.438157,-72.228923,"WGS84",20.2,228.3,0.3,"2017-06-02T13:32Z","HARV.2017.23","HARV_020.20170602",,"drag and flag",155,"Y",2,0,0,"No known compromise","NEON.DOC.014045vH","9rtYv6x/bdfO4wEJK3R6BxlDDClSKivng1Q1vdwmSg4=",
"da80c4fe-0c63-4466-ab4b-d9d72e567a6b","HARV_022.tickPlot.tck","D01","HARV","HARV_022","distributed","evergreenForest",42.435462,-72.199291,"WGS84",20.3,186.3,0.3,"2017-06-02T14:40Z","HARV.2017.23","HARV_022.20170602",,"drag and flag",160,"Y",1,0,2,"No known compromise","NEON.DOC.014045vH","YsQRNf3o1m+XRfINiKJP3KR+B/+BD58arPkIK33NF6E=",
"cc4d5b1a-1053-477b-9ab0-72978224d53b","HARV_006.tickPlot.tck","D01","HARV","HARV_006","distributed","deciduousForest",42.401938,-72.252716,"WGS84",20.2,190.4,0.3,"2017-06-20T16:19Z","HARV.2017.26",,,"drag",160,"N",0,0,0,,"NEON.DOC.014045vH","Y2eaC7kOodtvF5at3+Kw8mTeqKt2X6vNva5c0wOgyFM=",
"c86effe3-d265-4317-88d2-20d2828aa167","HARV_026.tickPlot.tck","D01","HARV","HARV_026","distributed","evergreenForest",42.412068,-72.246529,"WGS84",20.2,185.7,0.3,"2017-06-20T17:16Z","HARV.2017.26","HARV_026.20170620",,"drag and flag",160,"Y",1,0,0,"No known compromise","NEON.DOC.014045vH","XdV86USKkiYZfb6rmwpnK/f2Yah5qnQO",
"be084c1d-68fe-45db-896b-e8642835ef1f","HARV_022.tickPlot.tck","D01","HARV","HARV_022","distributed","evergreenForest",42.435462,-72.199291,"WGS84",20.3,186.3,0.3,"2017-06-22T14:18Z","HARV.2017.26","HARV_022.20170622",,"drag and flag",160,"Y",1,6,0,"No known compromise","NEON.DOC.014045vH","Y2eaC7kOodtvF5at3+Kw8mTeqKt2X6vNva5c0wOgyFM=",
"f2a2114e-4c89-47fd-b9bb-74a44c30fe42","HARV_001.tickPlot.tck","D01","HARV","HARV_001","distributed","deciduousForest",42.424227,-72.260097,"WGS84",20.2,201.1,0.3,"2017-06-22T15:53Z","HARV.2017.26","HARV_001.20170622",,"drag and flag",160,"Y",1,12,0,"No known compromise","NEON.DOC.014045vH","XdV86USKkiYZfb6rmwpnK/f2Yah5qnQO",
"3dc03ecd-aab1-4d97-a6a8-ec4890331f81","HARV_004.tickPlot.tck","D01","HARV","HARV_004","distributed","mixedForest",42.426878,-72.227943,"WGS84",20.3,185.9,0.3,"2017-06-22T17:32Z","HARV.2017.26","HARV_004.20170622",,"drag",160,"Y",1,6,0,"No known compromise","NEON.DOC.014045vH","Y2eaC7kOodtvF5at3+Kw8mTeqKt2X6vNva5c0wOgyFM=",
"5430d172-416c-4ee2-872b-a36930d81a6f","HARV_020.tickPlot.tck","D01","HARV","HARV_020","distributed","woodyWetlands",42.438157,-72.228923,"WGS84",20.2,228.3,0.3,"2017-06-22T18:41Z","HARV.2017.26","HARV_020.20170622",,"drag",143,"Y",4,2,0,"No known compromise","NEON.DOC.014045vH","XdV86USKkiYZfb6rmwpnK/f2Yah5qnQO",
