uid,namedLocation,plotID,collectDate,identifiedDate,sampleID,subsampleID,scientificName,acceptedTaxonID,taxonRank,family,subfamily,tribe,subtribe,genus,subgenus,specificEpithet,infraspecificEpithet,identificationQualifier,identificationReferences,identificationProtocolVersion,scientificNameAuthorship,sexOrAge,individualCount,sampleCondition,archiveMedium,archiveFacilityID,deprecatedVialID,identifiedBy,laboratoryName,remarks
"f0663ac6-a397-4bc2-abc6-5a21e505f70f","HARV_020.tickPlot.tck","HARV_020","2017-06-02T13:32Z","2018-01-14T17:00Z","HARV_020.20170602","HARV_020.20170602.DERVAR.F","Dermacentor variabilis","DERVAR","species","Ixodidae",,,,"Dermacentor",,"variabilis",,,"Yunker, C. E., Keirans, J. E., Clifford, C. M., and E. R. Easton. 1986. Dermacentor ticks (Acari: Ixodoidea: Ixodidae) of the New World: a scanning electron microscope atlas. Proceedings of the Entomological Society of Washington, 88(4):609-627.","GSU_tickIdentification_SOP_2016-11-01.pdf","Say","Female",2,"OK","90% ethanol","USNMENT01358254","HARV_020.20170602.DERVAR.F","Lorenza Beati","Georgia Southern University","TO PAULA"
"9869fa26-4a65-4146-ab17-2dfaa501b6e1","HARV_022.tickPlot.tck","HARV_022","2017-06-02T14:40Z","2017-07-14T16:00Z","HARV_022.20170602","HARV_022.20170602.IXOSP.L","Ixodidae sp.","IXOSP","family","Ixodidae",,,,,,"sp.",,,,"GSU_tickIdentification_SOP_2016-11-01.pdf",,"Larva",1,"OK","90% ethanol","USNMENT01358256","HARV_022.20170602.L","Cody Norton","Georgia Southern University",
"47a834e0-836a-4c42-aaab-7640f25996c3","HARV_022.tickPlot.tck","HARV_022","2017-06-02T14:40Z","2018-01-14T17:00Z","HARV_022.20170602","HARV_022.20170602.DERVAR.M","Dermacentor variabilis","DERVAR","species","Ixodidae",,,,"Dermacentor",,"variabilis",,,"Yunker, C. E., Keirans, J. E., Clifford, C. M., and E. R. Easton. 1986. Dermacentor ticks (Acari: Ixodoidea: Ixodidae) of the New World: a scanning electron microscope atlas. Proceedings of the Entomological Society of Washington, 88(4):609-627.","GSU_tickIdentification_SOP_2016-11-01.pdf","Say","Male",1,"OK","90% ethanol","USNMENT01358255","HARV_022.20170602.DERVAR.M","Lorenza Beati","Georgia Southern University","TO PAULA"
"3d0c250c-d99e-4124-8f8a-99025f6ba139","HARV_026.tickPlot.tck","HARV_026","2017-06-20T17:16Z","2018-01-27T17:00Z","HARV_026.20170620","HARV_026.20170620.DERVAR.M","Dermacentor variabilis","DERVAR","species","Ixodidae",,,,"Dermacentor",,"variabilis",,,"Yunker, C. E., Keirans, J. E., Clifford, C. M., and E. R. Easton. 1986. Dermacentor ticks (Acari: Ixodoidea: Ixodidae) of the New World: a scanning electron microscope atlas. Proceedings of the Entomological Society of Washington, 88(4):609-627.","GSU_tickIdentification_SOP_2016-11-01.pdf","Say","Male",1,"OK","90% ethanol","USNMENT01358873","HARV_026.20170620.DERVAR.M","Lorenza Beati","Georgia Southern University",
"1c30fc5a-d5d2-4121-b018-7a3ae3bc0575","HARV_022.tickPlot.tck","HARV_022","2017-06-22T14:18Z","2018-01-27T17:00Z","HARV_022.20170622","HARV_022.20170622.IXOSCA.N","Ixodes scapularis","IXOSCA","species","Ixodidae",,,,"Ixodes",,"scapularis",,,"Cooley, R. A. and G. M. Kohls. 1945. The genus Ixodes in North America. National Institute of Health Bulletin, 184.","GSU_tickIdentification_SOP_2016-11-01.pdf","Say","Nymph",6,"OK","90% ethanol","USNMENT01358872","HARV_022.20170622.IXOSCA.N","Lorenza Beati","Georgia Southern University",
"13afff30-4782-4037-ae08-e1f938a526bd","HARV_022.tickPlot.tck","HARV_022","2017-06-22T14:18Z","2018-01-27T17:00Z","HARV_022.20170622","HARV_022.20170622.DERVAR.M","Dermacentor variabilis","DERVAR","species","Ixodidae",,,,"Dermacentor",,"variabilis",,,"Yunker, C. E., Keirans, J. E., Clifford, C. M., and E. R. Easton. 1986. Dermacentor ticks (Acari: Ixodoidea: Ixodidae) of the New World: a scanning electron microscope atlas. Proceedings of the Entomological Society of Washington, 88(4):609-627.","GSU_tickIdentification_SOP_2016-11-01.pdf","Say","Male",1,"OK","90% ethanol","USNMENT01358871","HARV_022.20170622.DERVAR.M","Lorenza Beati","Georgia Southern University","TO PAULA"
"de0e506d-1161-4bb0-b70c-7c97ab1e7fe4","HARV_001.tickPlot.tck","HARV_001","2017-06-22T15:53Z","2018-01-27T17:00Z","HARV_001.20170622","HARV_001.20170622.IXOSCA.N","Ixodes scapularis","IXOSCA","species","Ixodidae",,,,"Ixodes",,"scapularis",,,"Cooley, R. A. and G. M. Kohls. 1945. The genus Ixodes in North America. National Institute of Health Bulletin, 184.","GSU_tickIdentification_SOP_2016-11-01.pdf","Say","Nymph",12,"OK","90% ethanol","USNMENT01358865","HARV_001.20170622.IXOSCA.N","Lorenza Beati","Georgia Southern University",
"e034f27c-a199-42a4-8609-9d3af1e56be3","HARV_001.tickPlot.tck","HARV_001","2017-06-22T15:53Z","2018-01-27T17:00Z","HARV_001.20170622","HARV_001.20170622.DERVAR.M","Dermacentor variabilis","DERVAR","species","Ixodidae",,,,"Dermacentor",,"variabilis",,,"Yunker, C. E., Keirans, J. E., Clifford, C. M., and E. R. Easton. 1986. Dermacentor ticks (Acari: Ixodoidea: Ixodidae) of the New World: a scanning electron microscope atlas. Proceedings of the Entomological Society of Washington, 88(4):609-627.","GSU_tickIdentification_SOP_2016-11-01.pdf","Say","Male",1,"OK","90% ethanol","USNMENT01358864","HARV_001.20170622.DERVAR.M","Lorenza Beati","Georgia Southern University","TO PAULA"
"8d2398c0-f032-4b85-9a6f-6470a1279436","HARV_004.tickPlot.tck","HARV_004","2017-06-22T17:32Z","2018-01-27T17:00Z","HARV_004.20170622","HARV_004.20170622.DERVAR.M","Dermacentor variabilis","DERVAR","species","Ixodidae",,,,"Dermacentor",,"variabilis",,,"Yunker, C. E., Keirans, J. E., Clifford, C. M., and E. R. Easton. 1986. Dermacentor ticks (Acari: Ixodoidea: Ixodidae) of the New World: a scanning electron microscope atlas. Proceedings of the Entomological Society of Washington, 88(4):609-627.","GSU_tickIdentification_SOP_2016-11-01.pdf","Say","Male",1,"OK","90% ethanol","USNMENT01358870","HARV_004.20170622.DERVAR.M","Lorenza Beati","Georgia Southern University","TO PAULA"
"7c53131d-04c3-4313-80a3-87c9747da392","HARV_004.tickPlot.tck","HARV_004","2017-06-22T17:32Z","2018-01-27T17:00Z","HARV_004.20170622","HARV_004.20170622.IXOSCA.N","Ixodes scapularis","IXOSCA","species","Ixodidae",,,,"Ixodes",,"scapularis",,,"Cooley, R. A. and G. M. Kohls. 1945. The genus Ixodes in North America. National Institute of Health Bulletin, 184.","GSU_tickIdentification_SOP_2016-11-01.pdf","Say","Nymph",6,"OK","90% ethanol","USNMENT01358869","HARV_004.20170622.IXOSCA.N","Lorenza Beati","Georgia Southern University",
"22ad9503-3639-4bff-99c9-8759229c0d6e","HARV_020.tickPlot.tck","HARV_020","2017-06-22T18:41Z","2018-01-27T17:00Z","HARV_020.20170622","HARV_020.20170622.DERVAR.M","Dermacentor variabilis","DERVAR","species","Ixodidae",,,,"Dermacentor",,"variabilis",,,"Yunker, C. E., Keirans, J. E., Clifford, C. M., and E. R. Easton. 1986. Dermacentor ticks (Acari: Ixodoidea: Ixodidae) of the New World: a scanning electron microscope atlas. Proceedings of the Entomological Society of Washington, 88(4):609-627.","GSU_tickIdentification_SOP_2016-11-01.pdf","Say","Male",2,"OK","90% ethanol","USNMENT01358867","HARV_020.20170622.DERVAR.M","Lorenza Beati","Georgia Southern University","TO PAULA"
"2d7251ad-941f-4633-935d-c6f461d35936","HARV_020.tickPlot.tck","HARV_020","2017-06-22T18:41Z","2018-01-27T17:00Z","HARV_020.20170622","HARV_020.20170622.IXOSCA.N","Ixodes scapularis","IXOSCA","species","Ixodidae",,,,"Ixodes",,"scapularis",,,"Cooley, R. A. and G. M. Kohls. 1945. The genus Ixodes in North America. National Institute of Health Bulletin, 184.","GSU_tickIdentification_SOP_2016-11-01.pdf","Say","Nymph",2,"OK","90% ethanol","USNMENT01358866","HARV_020.20170622.IXOSCA.N","Lorenza Beati","Georgia Southern University",
"b648b535-52ff-473f-89dd-85503cd623e2","HARV_020.tickPlot.tck","HARV_020","2017-06-22T18:41Z","2018-01-22T17:00Z","HARV_020.20170622","HARV_020.20170622.DERVAR.F","Dermacentor variabilis","DERVAR","species","Ixodidae",,,,"Dermacentor",,"variabilis",,,"Yunker, C. E., Keirans, J. E., Clifford, C. M., and E. R. Easton. 1986. Dermacentor ticks (Acari: Ixodoidea: Ixodidae) of the New World: a scanning electron microscope atlas. Proceedings of the Entomological Society of Washington, 88(4):609-627.","GSU_tickIdentification_SOP_2016-11-01.pdf","Say","Female",2,"OK","90% ethanol","USNMENT01358868","HARV_020.20170622.DERVAR.F","Lorenza Beati","Georgia Southern University","TO PAULA"
