uid,namedLocation,domainID,siteID,plotID,plotType,nlcdClass,decimalLatitude,decimalLongitude,geodeticDatum,coordinateUncertainty,elevation,elevationUncertainty,collectDate,eventID,sampleID,sampleCode,samplingMethod,totalSampledArea,targetTaxaPresent,adultCount,nymphCount,larvaCount,sampleCondition,samplingProtocolVersion,measuredBy,remarks
"4d0d2b68-4c7d-4d14-82c0-fda62e4b80d2","ORNL_002.tickPlot.tck","D07","ORNL","ORNL_002","distributed","deciduousForest",35.983090,-84.211654,"WGS84",20.3,338.6,0.5,"2016-09-12T13:45Z","ORNL.2016.37","ORNL_002.20160912",,"drag and flag",160,"Y",0,0,82,"No known compromise","NEON.DOC.014045vG","B89Z/IeBZxVUVqkZavcPJo3avqhPk8Rn",
"62faaa9a-5248-455b-99ab-fd0a1f450b5e","ORNL_040.tickPlot.tck","D07","ORNL","ORNL_040","distributed","evergreenForest",35.975525,-84.305103,"WGS84",20.2,273.2,0.2,"2016-09-12T13:49Z","ORNL.2016.37","ORNL_040.20160912",,"drag",162,"Y",0,2,263,"No known compromise","NEON.DOC.014045vG","qUVO/nUAMfdJop3kv4Cvwz9twxCm+mTQqC6nCO2BLeA=",
"e1b576b1-e1b1-42b3-a38c-25579715ec33","ORNL_009.tickPlot.tck","D07","ORNL","ORNL_009","distributed","deciduousForest",35.974902,-84.226630,"WGS84",20.2,337.1,0.2,"2016-09-12T15:17Z","ORNL.2016.37","ORNL_009.20160912",,"drag and flag",165,"Y",0,1,571,"No known compromise","NEON.DOC.014045vG","B89Z/IeBZxVUVqkZavcPJo3avqhPk8Rn",
"717fe8f1-b4f3-4830-aba7-89e399e7e567","ORNL_008.tickPlot.tck","D07","ORNL","ORNL_008","distributed","deciduousForest",35.933531,-84.334016,"WGS84",20.3,322.7,0.3,"2016-09-12T15:18Z","ORNL.2016.37","ORNL_008.20160912",,"drag",160,"Y",0,0,4,"No known compromise","NEON.DOC.014045vG","qUVO/nUAMfdJop3kv4Cvwz9twxCm+mTQqC6nCO2BLeA=",
"947e9308-df40-4a7d-8629-12d3bbce9b63","ORNL_003.tickPlot.tck","D07","ORNL","ORNL_003","distributed","deciduousForest",35.967011,-84.229849,"WGS84",20.2,275.5,0.2,"2016-09-12T16:34Z","ORNL.2016.37","ORNL_003.20160912",,"drag and flag",170,"Y",0,2,543,"No known compromise","NEON.DOC.014045vG","1hT74CxByvvtZcvBuZzr+hKhpYRvDfWe",
"2cf0c9b8-139c-4616-bf94-dfdd21e6cf72","ORNL_007.tickPlot.tck","D07","ORNL","ORNL_007","distributed","deciduousForest",35.925843,-84.328420,"WGS84",20.2,279.4,0.5,"2016-09-12T16:40Z","ORNL.2016.37","ORNL_007.20160912",,"drag",160,"Y",0,4,81,"No known compromise","NEON.DOC.014045vG","qUVO/nUAMfdJop3kv4Cvwz9twxCm+mTQqC6nCO2BLeA=",
