uid,namedLocation,plotID,collectDate,identifiedDate,sampleID,subsampleID,scientificName,acceptedTaxonID,taxonRank,family,subfamily,tribe,subtribe,genus,subgenus,specificEpithet,infraspecificEpithet,identificationQualifier,identificationReferences,identificationProtocolVersion,scientificNameAuthorship,sexOrAge,individualCount,sampleCondition,archiveMedium,archiveFacilityID,deprecatedVialID,identifiedBy,laboratoryName,remarks
"b484cc34-ff44-453e-ae6a-f1820a31c3ac","ORNL_002.tickPlot.tck","ORNL_002","2016-09-12T13:45Z","2017-04-24T16:00Z","ORNL_002.20160912","ORNL_002.20160912.IXOSP.L","Ixodidae sp.","IXOSP","family","Ixodidae",,,,,,"sp.",,,,"GSU_tickIdentification_SOP_2016-11-01.pdf",,"Larva",1,"OK","RNA stabilization buffer","USNMENT00984421","ORNL_002.20160912.L","Arianna Gibbs","Georgia Southern University",
"3a7f92c5-a36a-4388-8db9-ae818595db0a","ORNL_040.tickPlot.tck","ORNL_040","2016-09-12T13:49Z","2017-04-21T16:00Z","ORNL_040.20160912","ORNL_040.20160912.IXOSP.L","Ixodidae sp.","IXOSP","family","Ixodidae",,,,,,"sp.",,,,"GSU_tickIdentification_SOP_2016-11-01.pdf",,"Larva",1,"OK","RNA stabilization buffer","USNMENT00984413","ORNL_040.20160912.L","Arianna Gibbs","Georgia Southern University",
"b7848411-767b-4384-87df-f299603bca1e","ORNL_040.tickPlot.tck","ORNL_040","2016-09-12T13:49Z","2017-06-23T16:00Z","ORNL_040.20160912","ORNL_040.20160912.AMBAME.N","Amblyomma americanum","AMBAME","species","Ixodidae",,,,"Amblyomma",,"americanum",,,"Cooley, R. A. and G. M. Kohls. 1944. The genus Amblyomma (ixodidae) in the United States. The Journal of Parasitology, 30(2):77-111.","GSU_tickIdentification_SOP_2016-11-01.pdf","Linnaeus","Nymph",1,"OK","RNA stabilization buffer","USNMENT00984414","ORNL_040.20160912.AMBAME.N","Lorenza Beati","Georgia Southern University",
"db57250b-2440-4eee-a305-916eec72c677","ORNL_009.tickPlot.tck","ORNL_009","2016-09-12T15:17Z","2017-06-23T16:00Z","ORNL_009.20160912","ORNL_009.20160912.AMBAME.N","Amblyomma americanum","AMBAME","species","Ixodidae",,,,"Amblyomma",,"americanum",,,"Cooley, R. A. and G. M. Kohls. 1944. The genus Amblyomma (ixodidae) in the United States. The Journal of Parasitology, 30(2):77-111.","GSU_tickIdentification_SOP_2016-11-01.pdf","Linnaeus","Nymph",1,"OK","RNA stabilization buffer","USNMENT00984425","ORNL_009.20160912.AMBAME.N","Lorenza Beati","Georgia Southern University",
"f73d6100-0675-4142-8311-52a5a4dc95b6","ORNL_009.tickPlot.tck","ORNL_009","2016-09-12T15:17Z","2017-04-24T16:00Z","ORNL_009.20160912","ORNL_009.20160912.IXOSP.L","Ixodidae sp.","IXOSP","family","Ixodidae",,,,,,"sp.",,,,"GSU_tickIdentification_SOP_2016-11-01.pdf",,"Larva",1,"OK","RNA stabilization buffer","USNMENT00984424","ORNL_009.20160912.L","Arianna Gibbs","Georgia Southern University",
"87415774-31f0-42d9-be01-f052d940cf7e","ORNL_008.tickPlot.tck","ORNL_008","2016-09-12T15:18Z","2017-04-21T16:00Z","ORNL_008.20160912","ORNL_008.20160912.IXOSP.L","Ixodidae sp.","IXOSP","family","Ixodidae",,,,,,"sp.",,,,"GSU_tickIdentification_SOP_2016-11-01.pdf",,"Larva",1,"OK","RNA stabilization buffer","USNMENT00984409","ORNL_008.20160912.L","Arianna Gibbs","Georgia Southern University",
"e1fa9b50-e773-4c85-bff9-ea962750a244","ORNL_003.tickPlot.tck","ORNL_003","2016-09-12T16:34Z","2017-04-24T16:00Z","ORNL_003.20160912","ORNL_003.20160912.IXOSP.L","Ixodidae sp.","IXOSP","family","Ixodidae",,,,,,"sp.",,,,"GSU_tickIdentification_SOP_2016-11-01.pdf",,"Larva",1,"OK","RNA stabilization buffer","USNMENT00984423","ORNL_003.20160912.L","Arianna Gibbs","Georgia Southern University",
"7b5af571-be59-473a-ab2e-cad7b14cb2ad","ORNL_003.tickPlot.tck","ORNL_003","2016-09-12T16:34Z","2017-06-23T16:00Z","ORNL_003.20160912","ORNL_003.20160912.AMBAME.N","Amblyomma americanum","AMBAME","species","Ixodidae",,,,"Amblyomma",,"americanum",,,"Cooley, R. A. and G. M. Kohls. 1944. The genus Amblyomma (ixodidae) in the United States. The Journal of Parasitology, 30(2):77-111.","GSU_tickIdentification_SOP_2016-11-01.pdf","Linnaeus","Nymph",2,"OK","RNA stabilization buffer","USNMENT00984422","ORNL_003.20160912.AMBAME.N","Lorenza Beati","Georgia Southern University",
"62efa5dd-5029-4c98-a4fd-50705d625fb3","ORNL_007.tickPlot.tck","ORNL_007","2016-09-12T16:40Z","2017-04-21T16:00Z","ORNL_007.20160912","ORNL_007.20160912.IXOSP.L","Ixodidae sp.","IXOSP","family","Ixodidae",,,,,,"sp.",,,,"GSU_tickIdentification_SOP_2016-11-01.pdf",,"Larva",1,"OK","RNA stabilization buffer","USNMENT00984412","ORNL_007.20160912.L","Arianna Gibbs","Georgia Southern University",
"1f21f430-f630-4ab5-8c2e-95f1068e5c65","ORNL_007.tickPlot.tck","ORNL_007","2016-09-12T16:40Z","2017-06-23T16:00Z","ORNL_007.20160912","ORNL_007.20160912.AMBAME.N","Amblyomma americanum","AMBAME","species","Ixodidae",,,,"Amblyomma",,"americanum",,,"Cooley, R. A. and G. M. Kohls. 1944. The genus Amblyomma (ixodidae) in the United States. The Journal of Parasitology, 30(2):77-111.","GSU_tickIdentification_SOP_2016-11-01.pdf","Linnaeus","Nymph",3,"OK","RNA stabilization buffer","USNMENT00984411","ORNL_007.20160912.AMBAME.N","Lorenza Beati","Georgia Southern University",
"6426cfac-1edd-4cdb-8124-1c87b69a851a","ORNL_007.tickPlot.tck","ORNL_007","2016-09-12T16:40Z","2017-06-23T16:00Z","ORNL_007.20160912","ORNL_007.20160912.IXOSCA.N","Ixodes scapularis","IXOSCA","species","Ixodidae",,,,"Ixodes",,"scapularis",,,"Cooley, R. A. and G. M. Kohls. 1945. The genus Ixodes in North America. National Institute of Health Bulletin, 184.","GSU_tickIdentification_SOP_2016-11-01.pdf","Say","Nymph",1,"OK","RNA stabilization buffer","USNMENT00984410","ORNL_007.20160912.IXOSCA.N","Lorenza Beati","Georgia Southern University",
