uid,namedLocation,domainID,siteID,plotID,plotType,nlcdClass,decimalLatitude,decimalLongitude,geodeticDatum,coordinateUncertainty,elevation,elevationUncertainty,collectDate,eventID,sampleID,sampleCode,samplingMethod,totalSampledArea,targetTaxaPresent,adultCount,nymphCount,larvaCount,sampleCondition,samplingProtocolVersion,measuredBy,remarks
"da376279-1fea-405f-a9a2-609cc27f5c2e","NOGP_001.tickPlot.tck","D09","NOGP","NOGP_001","distributed","grasslandHerbaceous",46.804811,-100.916048,"WGS84",20.0,530.7,0.0,"2016-06-08T16:21Z","NOGP.2016.23",,,"drag and flag",160,"N",0,0,0,"No known compromise","NEON.DOC.014045vG","sA0iMgdEYLMVVrcp83z2hpOGrD+j5rgJ",
"e02bc29d-c921-4278-a862-e06e219f7bc0","NOGP_002.tickPlot.tck","D09","NOGP","NOGP_002","distributed","grasslandHerbaceous",46.797460,-100.910668,"WGS84",20.1,544.6,0.1,"2016-06-08T17:16Z","NOGP.2016.23","NOGP_002.20160608",,"drag",160,"Y",3,0,0,"No known compromise","NEON.DOC.014045vG","/1PhS5MBLTlBuI+B8lnSWCFFMYRzcqRn",
"56e27697-cad2-4ec2-b54b-fed50db76cde","NOGP_005.tickPlot.tck","D09","NOGP","NOGP_005","distributed","grasslandHerbaceous",46.787576,-100.916830,"WGS84",20.0,564.6,0.0,"2016-06-08T19:31Z","NOGP.2016.23",,,"drag and flag",160,"N",0,0,0,"No known compromise","NEON.DOC.014045vG","sA0iMgdEYLMVVrcp83z2hpOGrD+j5rgJ","Lost cloth weight. Replaced before beginning plot"
"bcfab792-7c0b-4881-bf8c-e92480c551d6","NOGP_008.tickPlot.tck","D09","NOGP","NOGP_008","distributed","grasslandHerbaceous",46.783500,-100.905977,"WGS84",20.1,562.0,0.1,"2016-06-08T20:23Z","NOGP.2016.23",,,"drag and flag",160,"N",0,0,0,"No known compromise","NEON.DOC.014045vG","sA0iMgdEYLMVVrcp83z2hpOGrD+j5rgJ",
"33548eed-fca5-4849-85cb-b87cd22ef075","NOGP_006.tickPlot.tck","D09","NOGP","NOGP_006","distributed","grasslandHerbaceous",46.768522,-100.918874,"WGS84",20.1,588.6,0.1,"2016-06-08T20:31Z","NOGP.2016.23",,,"drag and flag",160,"N",0,0,0,"No known compromise","NEON.DOC.014045vG","/1PhS5MBLTlBuI+B8lnSWCFFMYRzcqRn",
"20ac54ca-8487-40a7-8927-60c83eef7db0","NOGP_007.tickPlot.tck","D09","NOGP","NOGP_007","distributed","grasslandHerbaceous",46.813251,-100.903783,"WGS84",20.0,527.7,0.0,"2016-06-08T22:01Z","NOGP.2016.23",,,"drag",160,"N",0,0,0,"No known compromise","NEON.DOC.014045vG","/1PhS5MBLTlBuI+B8lnSWCFFMYRzcqRn",
"6fe172c6-0ecd-44b4-baa1-1c2d1656275f","NOGP_001.tickPlot.tck","D09","NOGP","NOGP_001","distributed","grasslandHerbaceous",46.804811,-100.916048,"WGS84",20.0,530.7,0.0,"2016-06-29T16:00Z","NOGP.2016.26",,,"drag and flag",160,"N",0,0,0,"No known compromise","NEON.DOC.014045vG","sA0iMgdEYLMVVrcp83z2hpOGrD+j5rgJ",
"10100408-af8a-4cb6-a62e-8f4d413c4008","NOGP_006.tickPlot.tck","D09","NOGP","NOGP_006","distributed","grasslandHerbaceous",46.768522,-100.918874,"WGS84",20.1,588.6,0.1,"2016-06-29T16:58Z","NOGP.2016.26",,,"drag",160,"N",0,0,0,"No known compromise","NEON.DOC.014045vG","DhRx/wajBslF2GVGsjVw9Iv5/GQnkmsD6xOm4SUs2vE=",
"24953e0d-65a2-4517-99ca-e884916fc4d8","NOGP_008.tickPlot.tck","D09","NOGP","NOGP_008","distributed","grasslandHerbaceous",46.783500,-100.905977,"WGS84",20.1,562.0,0.1,"2016-06-29T18:04Z","NOGP.2016.26",,,"drag and flag",160,"N",0,0,0,"No known compromise","NEON.DOC.014045vG","sA0iMgdEYLMVVrcp83z2hpOGrD+j5rgJ",
"2871123e-e455-4fce-83ab-0e6bfade1c62","NOGP_005.tickPlot.tck","D09","NOGP","NOGP_005","distributed","grasslandHerbaceous",46.787576,-100.916830,"WGS84",20.0,564.6,0.0,"2016-06-29T19:03Z","NOGP.2016.26",,,"drag and flag",160,"N",0,0,0,"No known compromise","NEON.DOC.014045vG","DhRx/wajBslF2GVGsjVw9Iv5/GQnkmsD6xOm4SUs2vE=",
"6547bafe-8405-46e5-94aa-e5c7701954cf","NOGP_002.tickPlot.tck","D09","NOGP","NOGP_002","distributed","grasslandHerbaceous",46.797460,-100.910668,"WGS84",20.1,544.6,0.1,"2016-06-29T19:51Z","NOGP.2016.26",,,"drag",160,"N",0,0,0,"No known compromise","NEON.DOC.014045vG","sA0iMgdEYLMVVrcp83z2hpOGrD+j5rgJ",
"18ce9f73-c9be-4ab8-ae26-51a37835a760","NOGP_007.tickPlot.tck","D09","NOGP","NOGP_007","distributed","grasslandHerbaceous",46.813251,-100.903783,"WGS84",20.0,527.7,0.0,"2016-06-30T15:17Z","NOGP.2016.26",,,"drag",160,"N",0,0,0,"No known compromise","NEON.DOC.014045vG","sA0iMgdEYLMVVrcp83z2hpOGrD+j5rgJ","Not able to sample the day before because it rained"
