uid,namedLocation,domainID,siteID,plotID,plotType,nlcdClass,decimalLatitude,decimalLongitude,geodeticDatum,coordinateUncertainty,elevation,elevationUncertainty,collectDate,eventID,sampleID,sampleCode,samplingMethod,totalSampledArea,targetTaxaPresent,adultCount,nymphCount,larvaCount,sampleCondition,samplingProtocolVersion,measuredBy,remarks
"cd6e6434-00e0-4d55-945a-0e2583d1d932","LENO_002.tickPlot.tck","D08","LENO","LENO_002","distributed","woodyWetlands",31.806282,-88.195216,"WGS84",20.2,16.8,0.2,"2017-05-09T18:34Z","LENO.2017.20","LENO_002.20170509",,"drag",158,"Y",0,1,0,"No known compromise","NEON.DOC.014045vH","VlGS9knfep4oIPmMdzrYPvhmhmcAnEWcmbTWayWKGyM=",
"0b78c729-7452-49ad-856f-324ac256adbf","LENO_003.tickPlot.tck","D08","LENO","LENO_003","distributed","deciduousForest",31.809581,-88.187553,"WGS84",20.2,15.4,0.4,"2017-05-09T19:11Z","LENO.2017.20",,,"drag",157,"N",0,0,0,"No known compromise","NEON.DOC.014045vH","pdRHVIvaG2xBaIyJIrbJo5saUxJZYt3gI9+TGAO0URM=",
"ac371b08-615a-47a9-8e7e-754f15f1906d","LENO_023.tickPlot.tck","D08","LENO","LENO_023","distributed","deciduousForest",31.809463,-88.181417,"WGS84",20.2,11.6,0.2,"2017-05-09T19:57Z","LENO.2017.20","LENO_023.20170509",,"drag",83,"Y",0,1,0,"No known compromise","NEON.DOC.014045vH","VlGS9knfep4oIPmMdzrYPvhmhmcAnEWcmbTWayWKGyM=",
"4826981b-d461-4add-80f5-fe2131392997","LENO_015.tickPlot.tck","D08","LENO","LENO_015","distributed","woodyWetlands",31.817299,-88.191485,"WGS84",20.5,14.2,0.8,"2017-05-09T20:30Z","LENO.2017.20",,,"drag",150,"N",0,0,0,"No known compromise","NEON.DOC.014045vH","pdRHVIvaG2xBaIyJIrbJo5saUxJZYt3gI9+TGAO0URM=",
"7d0d18e8-e168-4cb6-a4f9-5829a6521a71","LENO_004.tickPlot.tck","D08","LENO","LENO_004","distributed","woodyWetlands",31.822376,-88.181956,"WGS84",20.2,12.5,0.2,"2017-05-09T21:31Z","LENO.2017.20","LENO_004.20170509",,"drag",155,"Y",0,4,0,"No known compromise","NEON.DOC.014045vH","VlGS9knfep4oIPmMdzrYPvhmhmcAnEWcmbTWayWKGyM=",
"4419aeac-b18a-4d17-8e76-6f01dc478e89","LENO_023.tickPlot.tck","D08","LENO","LENO_023","distributed","deciduousForest",31.809463,-88.181417,"WGS84",20.2,11.6,0.2,"2017-05-30T19:29Z","LENO.2017.23","LENO_023.20170530",,"drag",150,"Y",0,1,0,"No known compromise","NEON.DOC.014045vH","myobpmd3LgLJ60u7KvqPwzWsI7gWzOVSM+m4QIn06YM=",
"9dba9a12-ae3f-4cb8-9db9-57703e8e4405","LENO_042.tickPlot.tck","D08","LENO","LENO_042","distributed","woodyWetlands",31.817825,-88.182881,"WGS84",20.2,14.6,0.3,"2017-05-30T20:30Z","LENO.2017.23","LENO_042.20170530",,"drag",95,"Y",0,1,0,"No known compromise","NEON.DOC.014045vH","71MfCy+FRsto69311gQJvR+pq8mHvc/9aCd1qcCUSbo=",
"e13ff861-86bc-437c-a516-1ef39cc575c6","LENO_004.tickPlot.tck","D08","LENO","LENO_004","distributed","woodyWetlands",31.822376,-88.181956,"WGS84",20.2,12.5,0.2,"2017-05-30T21:08Z","LENO.2017.23","LENO_004.20170530",,"drag",160,"Y",0,1,0,"No known compromise","NEON.DOC.014045vH","myobpmd3LgLJ60u7KvqPwzWsI7gWzOVSM+m4QIn06YM=",
"9a93a6e7-ae9f-488b-a623-a9da6929dd48","LENO_015.tickPlot.tck","D08","LENO","LENO_015","distributed","woodyWetlands",31.817299,-88.191485,"WGS84",20.5,14.2,0.8,"2017-05-30T22:04Z","LENO.2017.23",,,"drag",160,"N",0,0,0,,"NEON.DOC.014045vH","myobpmd3LgLJ60u7KvqPwzWsI7gWzOVSM+m4QIn06YM=",
