uid,namedLocation,plotID,collectDate,identifiedDate,sampleID,subsampleID,scientificName,acceptedTaxonID,taxonRank,family,subfamily,tribe,subtribe,genus,subgenus,specificEpithet,infraspecificEpithet,identificationQualifier,identificationReferences,identificationProtocolVersion,scientificNameAuthorship,sexOrAge,individualCount,sampleCondition,archiveMedium,archiveFacilityID,deprecatedVialID,identifiedBy,laboratoryName,remarks
"7d7d6d3a-e687-4840-9e2a-6aa02f4816e7","LENO_023.tickPlot.tck","LENO_023","2017-05-09T19:57Z","2017-12-28T17:00Z","LENO_023.20170509","LENO_023.20170509.AMBAME.N","Amblyomma americanum","AMBAME","species","Ixodidae",,,,"Amblyomma",,"americanum",,,"Cooley, R. A. and G. M. Kohls. 1944. The genus Amblyomma (ixodidae) in the United States. The Journal of Parasitology, 30(2):77-111.","GSU_tickIdentification_SOP_2016-11-01.pdf","Linnaeus","Nymph",1,"OK","90% ethanol","USNMENT01358359","LENO_023.20170509.AMBAME.N","Lorenza Beati","Georgia Southern University",
"fabfe453-e34a-4e3a-92d7-b37030f82e39","LENO_004.tickPlot.tck","LENO_004","2017-05-09T21:31Z","2017-12-28T17:00Z","LENO_004.20170509","LENO_004.20170509.AMBAME.N","Amblyomma americanum","AMBAME","species","Ixodidae",,,,"Amblyomma",,"americanum",,,"Cooley, R. A. and G. M. Kohls. 1944. The genus Amblyomma (ixodidae) in the United States. The Journal of Parasitology, 30(2):77-111.","GSU_tickIdentification_SOP_2016-11-01.pdf","Linnaeus","Nymph",4,"OK","90% ethanol","USNMENT01358358","LENO_004.20170509.AMBAME.N","Lorenza Beati","Georgia Southern University",
"522a2d5b-7ba4-4cd8-98f3-81a2856739b8","LENO_023.tickPlot.tck","LENO_023","2017-05-30T19:29Z","2017-12-18T17:00Z","LENO_023.20170530","LENO_023.20170530.AMBAME.N","Amblyomma americanum","AMBAME","species","Ixodidae",,,,"Amblyomma",,"americanum",,,"Cooley, R. A. and G. M. Kohls. 1944. The genus Amblyomma (ixodidae) in the United States. The Journal of Parasitology, 30(2):77-111.","GSU_tickIdentification_SOP_2016-11-01.pdf","Linnaeus","Nymph",1,"OK","90% ethanol","USNMENT01358610","LENO_023.20170530.AMBAME.N","Lorenza Beati","Georgia Southern University",
"8fd551b1-a3af-48de-826d-931626167894","LENO_042.tickPlot.tck","LENO_042","2017-05-30T20:30Z","2017-12-18T17:00Z","LENO_042.20170530","LENO_042.20170530.AMBAME.N","Amblyomma americanum","AMBAME","species","Ixodidae",,,,"Amblyomma",,"americanum",,,"Cooley, R. A. and G. M. Kohls. 1944. The genus Amblyomma (ixodidae) in the United States. The Journal of Parasitology, 30(2):77-111.","GSU_tickIdentification_SOP_2016-11-01.pdf","Linnaeus","Nymph",1,"OK","90% ethanol","USNMENT01358612","LENO_042.20170530.AMBAME.N","Lorenza Beati","Georgia Southern University",
"d23a523c-97a4-4356-aa85-856bec0c375a","LENO_004.tickPlot.tck","LENO_004","2017-05-30T21:08Z","2017-12-18T17:00Z","LENO_004.20170530","LENO_004.20170530.AMBAME.N","Amblyomma americanum","AMBAME","species","Ixodidae",,,,"Amblyomma",,"americanum",,,"Cooley, R. A. and G. M. Kohls. 1944. The genus Amblyomma (ixodidae) in the United States. The Journal of Parasitology, 30(2):77-111.","GSU_tickIdentification_SOP_2016-11-01.pdf","Linnaeus","Nymph",1,"OK","90% ethanol","USNMENT01358611","LENO_004.20170530.AMBAME.N","Lorenza Beati","Georgia Southern University",
