uid,namedLocation,domainID,siteID,plotID,plotType,nlcdClass,decimalLatitude,decimalLongitude,geodeticDatum,coordinateUncertainty,elevation,elevationUncertainty,collectDate,eventID,sampleID,sampleCode,samplingMethod,totalSampledArea,targetTaxaPresent,adultCount,nymphCount,larvaCount,sampleCondition,samplingProtocolVersion,measuredBy,remarks
"72ada697-ba0a-411d-9be1-96a5a8aac263","UKFS_018.tickPlot.tck","D06","UKFS","UKFS_018","distributed","grasslandHerbaceous",39.053205,-95.194659,"WGS84",20.1,325.8,0.1,"2017-06-12T14:36Z","UKFS.2017.25",,,"drag",160,"N",0,0,0,,"NEON.DOC.014045vH","PAKCAbaEqEbNgBiEb534/aZlwRUh5Tz6BBJNX54k3eg=",
"b26bb430-c7a4-4953-b938-26175e829ef2","UKFS_003.tickPlot.tck","D06","UKFS","UKFS_003","distributed","deciduousForest",39.053769,-95.187084,"WGS84",20.1,323.1,0.1,"2017-06-12T15:12Z","UKFS.2017.25","UKFS_003.20170612",,"drag and flag",160,"Y",20,67,1,"No known compromise","NEON.DOC.014045vH","BzXmPCNcOOHl9ws4JG7MP7BkkCvctwH+",
"1c0a7ba5-5edd-49c1-8eb8-9d07628ac922","UKFS_004.tickPlot.tck","D06","UKFS","UKFS_004","distributed","deciduousForest",39.043188,-95.201000,"WGS84",20.1,320.0,0.2,"2017-06-12T16:23Z","UKFS.2017.25","UKFS_004.20170612",,"drag and flag",160,"Y",11,59,0,"No known compromise","NEON.DOC.014045vH","BzXmPCNcOOHl9ws4JG7MP7BkkCvctwH+",
"34c9849d-65f7-48eb-8eda-919a596ee3c1","UKFS_030.tickPlot.tck","D06","UKFS","UKFS_030","distributed","grasslandHerbaceous",39.045115,-95.213433,"WGS84",20.1,321.9,0.1,"2017-06-12T17:46Z","UKFS.2017.25","UKFS_030.20170612",,"drag",160,"Y",1,8,1,"No known compromise","NEON.DOC.014045vH","PAKCAbaEqEbNgBiEb534/aZlwRUh5Tz6BBJNX54k3eg=",
"d62204ae-5619-4914-92ca-ea125615758f","UKFS_002.tickPlot.tck","D06","UKFS","UKFS_002","distributed","deciduousForest",39.045892,-95.207026,"WGS84",20.1,316.0,0.2,"2017-06-12T18:09Z","UKFS.2017.25","UKFS_002.20170612",,"drag and flag",160,"Y",5,5,1,"No known compromise","NEON.DOC.014045vH","PAKCAbaEqEbNgBiEb534/aZlwRUh5Tz6BBJNX54k3eg=",
"d3e64df1-3c14-496b-860b-3574071d41f2","UKFS_001.tickPlot.tck","D06","UKFS","UKFS_001","distributed","deciduousForest",39.037238,-95.198631,"WGS84",20.1,322.7,0.1,"2017-06-12T19:01Z","UKFS.2017.25","UKFS_001.20170612",,"drag and flag",160,"Y",8,55,0,"No known compromise","NEON.DOC.014045vH","BzXmPCNcOOHl9ws4JG7MP7BkkCvctwH+",
