uid,namedLocation,plotID,collectDate,identifiedDate,sampleID,subsampleID,scientificName,acceptedTaxonID,taxonRank,family,subfamily,tribe,subtribe,genus,subgenus,specificEpithet,infraspecificEpithet,identificationQualifier,identificationReferences,identificationProtocolVersion,scientificNameAuthorship,sexOrAge,individualCount,sampleCondition,archiveMedium,archiveFacilityID,deprecatedVialID,identifiedBy,laboratoryName,remarks
"7e2095e1-0853-45ef-af17-7767fa7e21a0","UKFS_003.tickPlot.tck","UKFS_003","2017-06-12T15:12Z","2017-12-20T17:00Z","UKFS_003.20170612","UKFS_003.20170612.AMBAME.N","Amblyomma americanum","AMBAME","species","Ixodidae",,,,"Amblyomma",,"americanum",,,"Cooley, R. A. and G. M. Kohls. 1944. The genus Amblyomma (ixodidae) in the United States. The Journal of Parasitology, 30(2):77-111.","GSU_tickIdentification_SOP_2016-11-01.pdf","Linnaeus","Nymph",69,"OK","90% ethanol","1358645","UKFS_003.20170612.AMBAME.N","Lorenza Beati","Georgia Southern University",
"a0988b49-4578-4992-ac49-12d0578e3796","UKFS_003.tickPlot.tck","UKFS_003","2017-06-12T15:12Z","2017-12-20T17:00Z","UKFS_003.20170612","UKFS_003.20170612.AMBAME.F","Amblyomma americanum","AMBAME","species","Ixodidae",,,,"Amblyomma",,"americanum",,,"Cooley, R. A. and G. M. Kohls. 1944. The genus Amblyomma (ixodidae) in the United States. The Journal of Parasitology, 30(2):77-111.","GSU_tickIdentification_SOP_2016-11-01.pdf","Linnaeus","Female",8,"OK","90% ethanol","1358644","UKFS_003.20170612.AMBAME.F","Lorenza Beati","Georgia Southern University",
"1724f5d9-91c5-4fd4-9aeb-aed30cd31577","UKFS_003.tickPlot.tck","UKFS_003","2017-06-12T15:12Z","2017-12-20T17:00Z","UKFS_003.20170612","UKFS_003.20170612.AMBAME.M","Amblyomma americanum","AMBAME","species","Ixodidae",,,,"Amblyomma",,"americanum",,,"Cooley, R. A. and G. M. Kohls. 1944. The genus Amblyomma (ixodidae) in the United States. The Journal of Parasitology, 30(2):77-111.","GSU_tickIdentification_SOP_2016-11-01.pdf","Linnaeus","Male",13,"OK","90% ethanol","1358643","UKFS_003.20170612.AMBAME.M","Lorenza Beati","Georgia Southern University",
"f5758dcf-9f1b-455d-b529-3a0e27f2d384","UKFS_004.tickPlot.tck","UKFS_004","2017-06-12T16:23Z","2017-12-20T17:00Z","UKFS_004.20170612","UKFS_004.20170612.AMBSP.N","Amblyomma sp.","AMBSP","genus","Ixodidae",,,,"Amblyomma",,"sp.",,,,"GSU_tickIdentification_SOP_2016-11-01.pdf",,"Nymph",59,"OK","90% ethanol","1358648","UKFS_004.20170612.AMB.N","Lorenza Beati","Georgia Southern University","Over invoice limit, will not be billed."
"81a4b885-e42e-41e6-b66b-ae16dda65d45","UKFS_004.tickPlot.tck","UKFS_004","2017-06-12T16:23Z","2017-12-20T17:00Z","UKFS_004.20170612","UKFS_004.20170612.AMBAME.M","Amblyomma americanum","AMBAME","species","Ixodidae",,,,"Amblyomma",,"americanum",,,"Cooley, R. A. and G. M. Kohls. 1944. The genus Amblyomma (ixodidae) in the United States. The Journal of Parasitology, 30(2):77-111.","GSU_tickIdentification_SOP_2016-11-01.pdf","Linnaeus","Male",4,"OK","90% ethanol","1358647","UKFS_004.20170612.AMBAME.M","Lorenza Beati","Georgia Southern University",
"bb3d8a69-4405-4e7b-ab80-7dea0f79c65c","UKFS_004.tickPlot.tck","UKFS_004","2017-06-12T16:23Z","2017-12-20T17:00Z","UKFS_004.20170612","UKFS_004.20170612.AMBAME.F","Amblyomma americanum","AMBAME","species","Ixodidae",,,,"Amblyomma",,"americanum",,,"Cooley, R. A. and G. M. Kohls. 1944. The genus Amblyomma (ixodidae) in the United States. The Journal of Parasitology, 30(2):77-111.","GSU_tickIdentification_SOP_2016-11-01.pdf","Linnaeus","Female",7,"OK","90% ethanol","1358646","UKFS_004.20170612.AMBAME.F","Lorenza Beati","Georgia Southern University",
"5e4e8d23-44e5-4d4c-9de8-d574ab873544","UKFS_030.tickPlot.tck","UKFS_030","2017-06-12T17:46Z","2017-12-20T17:00Z","UKFS_030.20170612","UKFS_030.20170612.AMBAME.N","Amblyomma americanum","AMBAME","species","Ixodidae",,,,"Amblyomma",,"americanum",,,"Cooley, R. A. and G. M. Kohls. 1944. The genus Amblyomma (ixodidae) in the United States. The Journal of Parasitology, 30(2):77-111.","GSU_tickIdentification_SOP_2016-11-01.pdf","Linnaeus","Nymph",9,"OK","90% ethanol","1358650","UKFS_030.20170612.AMBAME.N","Lorenza Beati","Georgia Southern University",
"14335001-d4c8-4b39-90ef-903f274ef140","UKFS_030.tickPlot.tck","UKFS_030","2017-06-12T17:46Z","2017-12-20T17:00Z","UKFS_030.20170612","UKFS_030.20170612.AMBAME.F","Amblyomma americanum","AMBAME","species","Ixodidae",,,,"Amblyomma",,"americanum",,,"Cooley, R. A. and G. M. Kohls. 1944. The genus Amblyomma (ixodidae) in the United States. The Journal of Parasitology, 30(2):77-111.","GSU_tickIdentification_SOP_2016-11-01.pdf","Linnaeus","Female",1,"OK","90% ethanol","1358649","UKFS_030.20170612.AMBAME.F","Lorenza Beati","Georgia Southern University",
"7256a1eb-2dad-4d9f-9c69-a028e51ff706","UKFS_002.tickPlot.tck","UKFS_002","2017-06-12T18:09Z","2017-09-24T16:00Z","UKFS_002.20170612","UKFS_002.20170612.IXOSP.L","Ixodidae sp.","IXOSP","family","Ixodidae",,,,,,"sp.",,,,"GSU_tickIdentification_SOP_2016-11-01.pdf",,"Larva",1,"OK","90% ethanol","1358654","UKFS_002.20170612.L","Guy Hobbs","Georgia Southern University","add RML; Over invoice limit, will not be billed."
"91a50121-0bcc-482e-a3a3-78fe76a8f4bf","UKFS_002.tickPlot.tck","UKFS_002","2017-06-12T18:09Z","2017-12-20T17:00Z","UKFS_002.20170612","UKFS_002.20170612.AMBSP.N","Amblyomma sp.","AMBSP","genus","Ixodidae",,,,"Amblyomma",,"sp.",,,,"GSU_tickIdentification_SOP_2016-11-01.pdf",,"Nymph",5,"OK","90% ethanol","1358653","UKFS_002.20170612.AMB.N","Lorenza Beati","Georgia Southern University","Over invoice limit, will not be billed."
"398443a7-6543-4e56-911e-0bc802778b64","UKFS_002.tickPlot.tck","UKFS_002","2017-06-12T18:09Z","2017-12-20T17:00Z","UKFS_002.20170612","UKFS_002.20170612.AMBAME.M","Amblyomma americanum","AMBAME","species","Ixodidae",,,,"Amblyomma",,"americanum",,,"Cooley, R. A. and G. M. Kohls. 1944. The genus Amblyomma (ixodidae) in the United States. The Journal of Parasitology, 30(2):77-111.","GSU_tickIdentification_SOP_2016-11-01.pdf","Linnaeus","Male",3,"OK","90% ethanol","1358652","UKFS_002.20170612.AMBAME.M","Lorenza Beati","Georgia Southern University",
"d8fcc9d7-d90d-4922-9a4f-8f41b4a5811a","UKFS_002.tickPlot.tck","UKFS_002","2017-06-12T18:09Z","2017-12-20T17:00Z","UKFS_002.20170612","UKFS_002.20170612.AMBAME.F","Amblyomma americanum","AMBAME","species","Ixodidae",,,,"Amblyomma",,"americanum",,,"Cooley, R. A. and G. M. Kohls. 1944. The genus Amblyomma (ixodidae) in the United States. The Journal of Parasitology, 30(2):77-111.","GSU_tickIdentification_SOP_2016-11-01.pdf","Linnaeus","Female",2,"OK","90% ethanol","1358651","UKFS_002.20170612.AMBAME.F","Lorenza Beati","Georgia Southern University",
"d0836bb3-92d8-4417-a0bd-6eaf619ca68d","UKFS_001.tickPlot.tck","UKFS_001","2017-06-12T19:01Z","2017-12-20T17:00Z","UKFS_001.20170612","UKFS_001.20170612.AMBAME.M","Amblyomma americanum","AMBAME","species","Ixodidae",,,,"Amblyomma",,"americanum",,,"Cooley, R. A. and G. M. Kohls. 1944. The genus Amblyomma (ixodidae) in the United States. The Journal of Parasitology, 30(2):77-111.","GSU_tickIdentification_SOP_2016-11-01.pdf","Linnaeus","Male",2,"OK","90% ethanol","1358656","UKFS_001.20170612.AMBAME.M","Lorenza Beati","Georgia Southern University",
"bb0703a2-9309-4ef3-ad5d-baad11c260a5","UKFS_001.tickPlot.tck","UKFS_001","2017-06-12T19:01Z","2017-12-20T17:00Z","UKFS_001.20170612","UKFS_001.20170612.AMBAME.F","Amblyomma americanum","AMBAME","species","Ixodidae",,,,"Amblyomma",,"americanum",,,"Cooley, R. A. and G. M. Kohls. 1944. The genus Amblyomma (ixodidae) in the United States. The Journal of Parasitology, 30(2):77-111.","GSU_tickIdentification_SOP_2016-11-01.pdf","Linnaeus","Female",6,"OK","90% ethanol","1358655","UKFS_001.20170612.AMBAME.F","Lorenza Beati","Georgia Southern University",
"a57f0f3a-7e5a-4f54-bc0d-74cb979847b2","UKFS_001.tickPlot.tck","UKFS_001","2017-06-12T19:01Z","2017-12-20T17:00Z","UKFS_001.20170612","UKFS_001.20170612.AMBAME.N","Amblyomma americanum","AMBAME","species","Ixodidae",,,,"Amblyomma",,"americanum",,,"Cooley, R. A. and G. M. Kohls. 1944. The genus Amblyomma (ixodidae) in the United States. The Journal of Parasitology, 30(2):77-111.","GSU_tickIdentification_SOP_2016-11-01.pdf","Linnaeus","Nymph",55,"OK","90% ethanol","1358657","UKFS_001.20170612.AMBAME.N","Lorenza Beati","Georgia Southern University",
