uid,namedLocation,domainID,siteID,plotID,plotType,nlcdClass,decimalLatitude,decimalLongitude,geodeticDatum,coordinateUncertainty,elevation,elevationUncertainty,collectDate,eventID,sampleID,sampleCode,samplingMethod,totalSampledArea,targetTaxaPresent,adultCount,nymphCount,larvaCount,sampleCondition,samplingProtocolVersion,measuredBy,remarks
"538ee4e5-2946-4524-b35f-93ec86a17796","BART_002.tickPlot.tck","D01","BART","BART_002","distributed","deciduousForest",44.035231,-71.274674,"WGS84",20.2,502.6,0.3,"2017-08-28T16:16Z","BART.2017.36",,,"drag and flag",160,"N",0,0,0,,"NEON.DOC.014045vH","9rtYv6x/bdfO4wEJK3R6BxlDDClSKivng1Q1vdwmSg4=",
"61d4f8e6-1b1c-435c-bc92-36b3077b879e","BART_015.tickPlot.tck","D01","BART","BART_015","distributed","mixedForest",44.042149,-71.271603,"WGS84",20.3,455.0,0.5,"2017-08-28T17:07Z","BART.2017.36",,,"drag and flag",160,"N",0,0,0,,"NEON.DOC.014045vH","YsQRNf3o1m+XRfINiKJP3KR+B/+BD58arPkIK33NF6E=",
"6e2e7677-b690-4cba-aceb-2b8a9c6cfbf8","BART_010.tickPlot.tck","D01","BART","BART_010","distributed","deciduousForest",44.051100,-71.267766,"WGS84",20.2,413.0,0.4,"2017-08-28T18:11Z","BART.2017.36",,,"drag and flag",160,"N",0,0,0,,"NEON.DOC.014045vH","YsQRNf3o1m+XRfINiKJP3KR+B/+BD58arPkIK33NF6E=",
"25093366-6aa5-4607-8319-0fd6515226ae","BART_029.tickPlot.tck","D01","BART","BART_029","distributed","evergreenForest",44.058948,-71.289336,"WGS84",20.2,291.7,0.3,"2017-08-28T18:53Z","BART.2017.36",,,"drag and flag",140,"N",0,0,0,,"NEON.DOC.014045vH","YsQRNf3o1m+XRfINiKJP3KR+B/+BD58arPkIK33NF6E=",
"53081cb9-c87c-48f4-a6b2-050cd603c82c","BART_011.tickPlot.tck","D01","BART","BART_011","distributed","mixedForest",44.048783,-71.295353,"WGS84",20.2,399.5,0.2,"2017-08-29T13:38Z","BART.2017.36",,,"drag and flag",160,"N",0,0,0,,"NEON.DOC.014045vH","YsQRNf3o1m+XRfINiKJP3KR+B/+BD58arPkIK33NF6E=",
"488dd74a-2990-479a-9524-0d954745cc13","BART_019.tickPlot.tck","D01","BART","BART_019","distributed","mixedForest",44.069350,-71.288001,"WGS84",20.2,231.8,0.2,"2017-08-29T15:00Z","BART.2017.36",,,"drag and flag",150,"N",0,0,0,,"NEON.DOC.014045vH","9rtYv6x/bdfO4wEJK3R6BxlDDClSKivng1Q1vdwmSg4=",
