uid,namedLocation,domainID,siteID,plotID,plotType,nlcdClass,decimalLatitude,decimalLongitude,geodeticDatum,coordinateUncertainty,elevation,elevationUncertainty,collectDate,eventID,sampleID,sampleCode,samplingMethod,totalSampledArea,targetTaxaPresent,adultCount,nymphCount,larvaCount,sampleCondition,samplingProtocolVersion,measuredBy,remarks
"9e954500-42df-4529-b4f0-ea97b34fd834","SOAP_006.tickPlot.tck","D17","SOAP","SOAP_006","distributed","evergreenForest",37.024700,-119.283060,"WGS84",20.1,1313.8,0.1,"2018-08-15T15:13Z","SOAP.2018.33",,,"drag and flag",165,"N",0,0,0,,"NEON.DOC.014045vJ","TUgpX6kJ+vgyVWAJkT+d3y+LEu/n4sR37w3LXS4tb1Y=","Plot 024. plot 006 is not a tick plot"
"acda741b-0eda-422e-8489-6c30bd72d57f","SOAP_026.tickPlot.tck","D17","SOAP","SOAP_026","distributed","shrubScrub",37.029413,-119.271386,"WGS84",20.1,1262.1,0.1,"2018-08-15T16:02Z","SOAP.2018.33",,,"drag and flag",180,"N",0,0,0,,"NEON.DOC.014045vJ","Goxyj4LCwkkHhq+g0+cxWkFaHwm78uPuchGhbQshUUI=","Toar hell"
"975655c0-faef-4316-897e-c3b14db1f1ba","SOAP_004.tickPlot.tck","D17","SOAP","SOAP_004","distributed","evergreenForest",37.038478,-119.268390,"WGS84",20.1,1148.8,0.1,"2018-08-15T16:52Z","SOAP.2018.33",,,"drag",170,"N",0,0,0,,"NEON.DOC.014045vJ","Goxyj4LCwkkHhq+g0+cxWkFaHwm78uPuchGhbQshUUI=",
"8053099d-9d04-42c8-bfe0-a53f16999628","SOAP_009.tickPlot.tck","D17","SOAP","SOAP_009","distributed","shrubScrub",37.038727,-119.257989,"WGS84",20.1,1083.7,0.1,"2018-08-15T17:54Z","SOAP.2018.33",,,"drag and flag",160,"N",0,0,0,,"NEON.DOC.014045vJ","Goxyj4LCwkkHhq+g0+cxWkFaHwm78uPuchGhbQshUUI=",
"269ad57e-c27c-4679-beca-6f1b74c7a653","SOAP_005.tickPlot.tck","D17","SOAP","SOAP_005","distributed","evergreenForest",37.031309,-119.264582,"WGS84",20.1,1199.8,0.1,"2018-08-15T18:47Z","SOAP.2018.33",,,"drag and flag",170,"N",0,0,0,,"NEON.DOC.014045vJ","Goxyj4LCwkkHhq+g0+cxWkFaHwm78uPuchGhbQshUUI=","Monument at seemingly random flag within the 40m perimeter."
"bbf64d9c-75dc-401c-9761-f782ca411329","SOAP_003.tickPlot.tck","D17","SOAP","SOAP_003","distributed","evergreenForest",37.032980,-119.249660,"WGS84",20.2,1139.9,0.3,"2018-08-15T20:10Z","SOAP.2018.33",,,"drag",160,"N",0,0,0,,"NEON.DOC.014045vJ","Goxyj4LCwkkHhq+g0+cxWkFaHwm78uPuchGhbQshUUI=","Couldn't find monument at sw40"
