uid,namedLocation,domainID,siteID,plotID,plotType,nlcdClass,decimalLatitude,decimalLongitude,geodeticDatum,coordinateUncertainty,elevation,elevationUncertainty,collectDate,eventID,sampleID,sampleCode,samplingMethod,totalSampledArea,targetTaxaPresent,adultCount,nymphCount,larvaCount,sampleCondition,samplingProtocolVersion,measuredBy,remarks
"edce5911-625c-4af4-b7c5-16bd91c51bde","LAJA_004.tickPlot.tck","D04","LAJA","LAJA_004","distributed","pastureHay",18.016761,-67.079966,"WGS84",20.1,14.2,0.1,"2018-04-26T12:30Z","LAJA.2018.17",,,"drag and flag",160,"N",0,0,0,,"NEON.DOC.014045vJ","llBB5GilomiL3H9rNtINJeX8UHMAu+L47sXe3XmgpK0=",
"33cfb48c-1825-4ef4-8100-22c892ec48db","LAJA_005.tickPlot.tck","D04","LAJA","LAJA_005","distributed","pastureHay",18.026834,-67.085519,"WGS84",20.1,21.3,0.1,"2018-04-26T13:45Z","LAJA.2018.17",,,"drag",156,"N",0,0,0,,"NEON.DOC.014045vJ","fiApssCEcSUw+Y0s3hDLthtM98bBio7qWrP/AKJIIUI=",
"d8b34ae8-4ee8-4d68-954d-81997de6646a","LAJA_003.tickPlot.tck","D04","LAJA","LAJA_003","distributed","pastureHay",18.024566,-67.081257,"WGS84",20.1,19.8,0.1,"2018-04-26T15:00Z","LAJA.2018.17",,,"drag",160,"N",0,0,0,,"NEON.DOC.014045vJ","fiApssCEcSUw+Y0s3hDLthtM98bBio7qWrP/AKJIIUI=",
"168fea53-c08a-41dd-9709-9e936653a5df","LAJA_002.tickPlot.tck","D04","LAJA","LAJA_002","distributed","cultivatedCrops",18.034056,-67.073646,"WGS84",20.1,30.6,0.1,"2018-04-27T12:42Z","LAJA.2018.17",,,"drag",160,"N",0,0,0,,"NEON.DOC.014045vJ","llBB5GilomiL3H9rNtINJeX8UHMAu+L47sXe3XmgpK0=",
"22ab472c-961e-476c-9b53-affbd49130ff","LAJA_001.tickPlot.tck","D04","LAJA","LAJA_001","distributed","grasslandHerbaceous",18.025778,-67.076305,"WGS84",20.1,21.9,0.1,"2018-04-27T13:45Z","LAJA.2018.17",,,"drag",160,"N",0,0,0,,"NEON.DOC.014045vJ","QjwsLT3YRXx+TelENx9vJ7FMic9R92PL+RnliRZlh40MgCJEP1oVEw==",
"5e82460d-b67d-4616-9475-282d2481689f","LAJA_030.tickPlot.tck","D04","LAJA","LAJA_030","distributed","evergreenForest",18.038595,-67.070394,"WGS84",20.1,31.1,0.1,"2018-04-27T14:35Z","LAJA.2018.17",,,"flag",138,"N",0,0,0,,"NEON.DOC.014045vJ","llBB5GilomiL3H9rNtINJeX8UHMAu+L47sXe3XmgpK0=",
