uid,namedLocation,domainID,siteID,plotID,plotType,nlcdClass,decimalLatitude,decimalLongitude,geodeticDatum,coordinateUncertainty,elevation,elevationUncertainty,collectDate,eventID,sampleID,sampleCode,samplingMethod,totalSampledArea,targetTaxaPresent,adultCount,nymphCount,larvaCount,sampleCondition,samplingProtocolVersion,measuredBy,remarks
"fbce1d31-aeb9-40e2-85d8-bb26a42cd6f6","GRSM_010.tickPlot.tck","D07","GRSM","GRSM_010","distributed","deciduousForest",35.669242,-83.524579,"WGS84",20.2,510.4,0.3,"2015-11-04T15:13Z","GRSM.2015.44",,,"drag and flag",165,"N",0,0,,,"NEON.DOC.014045vF","nWRBOaU124b01Rs+iLGaSLZBvwgmQ5i5",
"28b91c74-f5ce-441f-934c-4890750fcbb7","GRSM_009.tickPlot.tck","D07","GRSM","GRSM_009","distributed","deciduousForest",35.671874,-83.491180,"WGS84",20.2,820.9,0.2,"2015-11-04T15:30Z","GRSM.2015.44",,,"drag and flag",80,"N",0,0,,,"NEON.DOC.014045vF","49LI6M3+jMtxRtYmbfgyO+9Rpwup30X0",
"7604b073-aa0e-4ebe-9f04-db116d17fe48","GRSM_004.tickPlot.tck","D07","GRSM","GRSM_004","distributed","deciduousForest",35.688959,-83.535562,"WGS84",20.3,441.9,0.5,"2015-11-04T16:13Z","GRSM.2015.44",,,"drag and flag",163,"N",0,0,,,"NEON.DOC.014045vF","nWRBOaU124b01Rs+iLGaSLZBvwgmQ5i5",
"e628d6ed-f236-4048-9e8e-e6a3e8bf25e7","GRSM_003.tickPlot.tck","D07","GRSM","GRSM_003","distributed","deciduousForest",35.676584,-83.476209,"WGS84",20.2,880.6,0.2,"2015-11-04T16:30Z","GRSM.2015.44",,,"drag and flag",160,"N",0,0,,,"NEON.DOC.014045vF","49LI6M3+jMtxRtYmbfgyO+9Rpwup30X0",
