uid,namedLocation,domainID,siteID,plotID,plotType,nlcdClass,decimalLatitude,decimalLongitude,geodeticDatum,coordinateUncertainty,elevation,elevationUncertainty,collectDate,eventID,sampleID,sampleCode,samplingMethod,totalSampledArea,targetTaxaPresent,adultCount,nymphCount,larvaCount,sampleCondition,samplingProtocolVersion,measuredBy,remarks
"348416a3-d318-49ac-bcb8-466ea70808e8","DSNY_021.tickPlot.tck","D03","DSNY","DSNY_021","distributed","pastureHay",28.053635,-81.392353,"WGS84",20.1,17.1,0.1,"2016-08-10T13:45Z","DSNY.2016.32",,,"drag and flag",161,"N",0,0,0,"No known compromise","NEON.DOC.014045vG","0gyDWMZ83TTtiJPb974pZYJw8VbMzdWobhOfCYPJqh0=","DSNY plots 005 001 004 and 006 were flooded and could not be sampled."
"d50084f6-a1f6-46d5-83be-e112175c82a8","DSNY_008.tickPlot.tck","D03","DSNY","DSNY_008","distributed","woodyWetlands",28.047337,-81.403204,"WGS84",20.1,18.8,0.1,"2016-08-10T15:30Z","DSNY.2016.32",,,"drag and flag",160,"N",0,0,0,"No known compromise","NEON.DOC.014045vG","0gyDWMZ83TTtiJPb974pZYJw8VbMzdWobhOfCYPJqh0=",
"b11d7bb8-f7e4-43f3-a52e-86563ff8f3bd","DSNY_001.tickPlot.tck","D03","DSNY","DSNY_001","distributed","woodyWetlands",28.098062,-81.418561,"WGS84",20.1,20.3,0.1,"2016-08-22T20:54Z","DSNY.2016.34","DSNY_001.20160822",,"drag and flag",145,"Y",4,0,0,"No known compromise","NEON.DOC.014045vG","IaXfrbXr6GQAKfG/Thmkj2xXG2gxDgR+","2 technicians flagging simultaneously"
"1219baba-bb93-45d8-92a0-94f7d088ba0b","DSNY_021.tickPlot.tck","D03","DSNY","DSNY_021","distributed","pastureHay",28.053635,-81.392353,"WGS84",20.1,17.1,0.1,"2016-08-23T13:15Z","DSNY.2016.34",,,"drag and flag",160,"N",0,0,0,"No known compromise","NEON.DOC.014045vG","IaXfrbXr6GQAKfG/Thmkj2xXG2gxDgR+","2 technicians flagging simultaneously"
"227670f5-0411-4d26-bb33-bc63c73eacf7","DSNY_008.tickPlot.tck","D03","DSNY","DSNY_008","distributed","woodyWetlands",28.047337,-81.403204,"WGS84",20.1,18.8,0.1,"2016-08-23T14:25Z","DSNY.2016.34",,,"drag and flag",160,"N",0,0,0,"No known compromise","NEON.DOC.014045vG","uc/Ogwu/d/aC0/FyeYgRy91eQH6E3aLH","2 technicians flagging simultaneously"
"f42ae62e-d2ad-4938-a83d-c28916345f9a","DSNY_005.tickPlot.tck","D03","DSNY","DSNY_005","distributed","woodyWetlands",28.040497,-81.394482,"WGS84",20.1,16.6,0.1,"2016-08-23T15:36Z","DSNY.2016.34",,,"flag",160,"N",0,0,0,"No known compromise","NEON.DOC.014045vG","uc/Ogwu/d/aC0/FyeYgRy91eQH6E3aLH","2 technicians flagging simultaneously"
"f1040ee9-7cc0-4ab5-a295-fa4232bca530","DSNY_006.tickPlot.tck","D03","DSNY","DSNY_006","distributed","woodyWetlands",28.093704,-81.398045,"WGS84",20.1,20.1,0.1,"2016-08-23T19:50Z","DSNY.2016.34",,,"drag and flag",160,"N",0,0,0,"No known compromise","NEON.DOC.014045vG","IaXfrbXr6GQAKfG/Thmkj2xXG2gxDgR+","2 technicians flagging simultaneously"
"5e009deb-5cf0-4c1e-97c3-0fe8effede64","DSNY_004.tickPlot.tck","D03","DSNY","DSNY_004","distributed","woodyWetlands",28.101022,-81.399501,"WGS84",20.1,18.7,0.1,"2016-08-24T16:07Z","DSNY.2016.34",,,"flag",160,"N",0,0,0,"No known compromise","NEON.DOC.014045vG","IaXfrbXr6GQAKfG/Thmkj2xXG2gxDgR+","2 technicians flagging simultaneously"
