uid,namedLocation,date,eventID,domainID,siteID,plotID,subplotID,individualID,tagStatus,growthForm,plantStatus,stemDiameter,measurementHeight,height,baseCrownHeight,breakHeight,breakDiameter,maxCrownDiameter,ninetyCrownDiameter,canopyPosition,shape,basalStemDiameter,basalStemDiameterMsrmntHeight,maxBaseCrownDiameter,ninetyBaseCrownDiameter,remarks,recordedBy,measuredBy,dataQF
"24cc2188-8c3b-425c-a400-70a2958bd8c8","MOAB_066.basePlot.vst","2016-08-11","vst_MOAB_2016","D13","MOAB","MOAB_066",,"NEON.PLA.D13.MOAB.00351","ok","small shrub","Live",,,0.4,,,,0.5,0.4,,"half-sphere",1.6,10,,,,"wcMB+uWhN6DlxgYb80zZ5eNIhcO7pIW7","Ymvu50svVai947RgaYoGNGTwjbYtyuA7","legacyData"
"85b1e625-0c57-4c46-b97a-acd51cf56e44","MOAB_067.basePlot.vst","2016-08-11","vst_MOAB_2016","D13","MOAB","MOAB_067",,"NEON.PLA.D13.MOAB.00012","ok","small shrub","Live",,,1.0,,,,2.6,0.8,,"oblate half-sphere",7.0,10,,,,"Ymvu50svVai947RgaYoGNGTwjbYtyuA7","wcMB+uWhN6DlxgYb80zZ5eNIhcO7pIW7","legacyData"
"9c9ff665-7a29-4541-a083-a9530fe1143b","MOAB_067.basePlot.vst","2016-08-11","vst_MOAB_2016","D13","MOAB","MOAB_067",,"NEON.PLA.D13.MOAB.00013","ok","small shrub","Live",,,1.1,,,,2.9,1.9,,"oblate half-sphere",4.3,10,,,,"Ymvu50svVai947RgaYoGNGTwjbYtyuA7","wcMB+uWhN6DlxgYb80zZ5eNIhcO7pIW7","legacyData"
"7ce04882-eee0-40bb-a01a-bfbca7f0609d","MOAB_067.basePlot.vst","2016-08-11","vst_MOAB_2016","D13","MOAB","MOAB_067",,"NEON.PLA.D13.MOAB.00013","ok","small shrub","Live",,,1.1,,,,2.9,1.9,,"oblate half-sphere",2.9,10,,,,"Ymvu50svVai947RgaYoGNGTwjbYtyuA7","wcMB+uWhN6DlxgYb80zZ5eNIhcO7pIW7","legacyData"
"d4b72152-7975-470a-96da-4aec30b7aa16","MOAB_067.basePlot.vst","2016-08-11","vst_MOAB_2016","D13","MOAB","MOAB_067",,"NEON.PLA.D13.MOAB.00015","ok","small shrub","Live",,,1.0,,,,1.3,0.4,,"half-sphere",1.2,10,,,,"Ymvu50svVai947RgaYoGNGTwjbYtyuA7","wcMB+uWhN6DlxgYb80zZ5eNIhcO7pIW7","legacyData"
"6cec058c-8a69-46cd-a8b9-3fa208a1e0d0","MOAB_067.basePlot.vst","2016-08-11","vst_MOAB_2016","D13","MOAB","MOAB_067",,"NEON.PLA.D13.MOAB.00013","ok","small shrub","Live",,,1.1,,,,2.9,1.9,,"oblate half-sphere",2.8,10,,,,"Ymvu50svVai947RgaYoGNGTwjbYtyuA7","wcMB+uWhN6DlxgYb80zZ5eNIhcO7pIW7","legacyData"
"bb7a2405-4b53-47ae-978a-577ac72c367b","MOAB_067.basePlot.vst","2016-08-11","vst_MOAB_2016","D13","MOAB","MOAB_067",,"NEON.PLA.D13.MOAB.00012","ok","small shrub","Live",,,1.0,,,,2.6,0.8,,"oblate half-sphere",6.0,10,,,,"Ymvu50svVai947RgaYoGNGTwjbYtyuA7","wcMB+uWhN6DlxgYb80zZ5eNIhcO7pIW7","legacyData"
"69407245-d443-4e90-8b34-c83e5b9cda38","MOAB_067.basePlot.vst","2016-08-11","vst_MOAB_2016","D13","MOAB","MOAB_067",,"NEON.PLA.D13.MOAB.00012","ok","small shrub","Live",,,1.0,,,,2.6,0.8,,"oblate half-sphere",6.3,10,,,,"Ymvu50svVai947RgaYoGNGTwjbYtyuA7","wcMB+uWhN6DlxgYb80zZ5eNIhcO7pIW7","legacyData"
"d17f2daf-2c27-455a-9e51-20eb4c1a796f","MOAB_067.basePlot.vst","2016-08-11","vst_MOAB_2016","D13","MOAB","MOAB_067",,"NEON.PLA.D13.MOAB.00012","ok","small shrub","Live",,,1.0,,,,2.6,0.8,,"oblate half-sphere",5.5,10,,,,"Ymvu50svVai947RgaYoGNGTwjbYtyuA7","wcMB+uWhN6DlxgYb80zZ5eNIhcO7pIW7","legacyData"
"7ef888db-3ff4-4796-86e7-12263cc8a96f","MOAB_067.basePlot.vst","2016-08-11","vst_MOAB_2016","D13","MOAB","MOAB_067",,"NEON.PLA.D13.MOAB.00013","ok","small shrub","Live",,,1.1,,,,2.9,1.9,,"oblate half-sphere",2.4,10,,,,"Ymvu50svVai947RgaYoGNGTwjbYtyuA7","wcMB+uWhN6DlxgYb80zZ5eNIhcO7pIW7","legacyData"
"757e73bc-6c75-48f6-994e-842a898d2058","MOAB_067.basePlot.vst","2016-08-11","vst_MOAB_2016","D13","MOAB","MOAB_067",,"NEON.PLA.D13.MOAB.00013","ok","small shrub","Live",,,1.1,,,,2.9,1.9,,"oblate half-sphere",1.7,10,,,,"Ymvu50svVai947RgaYoGNGTwjbYtyuA7","wcMB+uWhN6DlxgYb80zZ5eNIhcO7pIW7","legacyData"
"49fc2d88-98f8-4e2a-841e-4c6269268f29","MOAB_067.basePlot.vst","2016-08-11","vst_MOAB_2016","D13","MOAB","MOAB_067",,"NEON.PLA.D13.MOAB.00013","ok","small shrub","Live",,,1.1,,,,2.9,1.9,,"oblate half-sphere",3.1,10,,,,"Ymvu50svVai947RgaYoGNGTwjbYtyuA7","wcMB+uWhN6DlxgYb80zZ5eNIhcO7pIW7","legacyData"
"d6f08c08-f9f0-40ce-a09d-2ee4c12c1720","MOAB_067.basePlot.vst","2016-08-11","vst_MOAB_2016","D13","MOAB","MOAB_067",,"NEON.PLA.D13.MOAB.00015","ok","small shrub","Live",,,1.0,,,,1.3,0.4,,"half-sphere",1.7,10,,,,"Ymvu50svVai947RgaYoGNGTwjbYtyuA7","wcMB+uWhN6DlxgYb80zZ5eNIhcO7pIW7","legacyData"
"c3b492de-10b0-419b-bed9-c465dab9d830","MOAB_066.basePlot.vst","2016-08-11","vst_MOAB_2016","D13","MOAB","MOAB_066",,"NEON.PLA.D13.MOAB.00351","ok","small shrub","Live",,,0.4,,,,0.5,0.4,,"half-sphere",1.7,10,,,,"wcMB+uWhN6DlxgYb80zZ5eNIhcO7pIW7","Ymvu50svVai947RgaYoGNGTwjbYtyuA7","legacyData"
"f5eca911-4b4a-4585-b884-bc4e5f71fdb6","MOAB_067.basePlot.vst","2016-08-11","vst_MOAB_2016","D13","MOAB","MOAB_067",,"NEON.PLA.D13.MOAB.00014","ok","small shrub","Live",,,0.9,,,,1.3,0.8,,"half-sphere",1.3,10,,,,"Ymvu50svVai947RgaYoGNGTwjbYtyuA7","wcMB+uWhN6DlxgYb80zZ5eNIhcO7pIW7","legacyData"
"e2937c4a-0492-43ca-ab1b-f7a2e71b8623","MOAB_066.basePlot.vst","2016-08-11","vst_MOAB_2016","D13","MOAB","MOAB_066",,"NEON.PLA.D13.MOAB.00056","ok","small shrub","Live",,,0.5,,,,0.6,0.5,,"half-sphere",2.2,10,,,,"wcMB+uWhN6DlxgYb80zZ5eNIhcO7pIW7","Ymvu50svVai947RgaYoGNGTwjbYtyuA7","legacyData"
"bdc2d789-3aab-4db0-8298-72d0479746ac","MOAB_062.basePlot.vst","2016-08-11","vst_MOAB_2016","D13","MOAB","MOAB_062",,"NEON.PLA.D13.MOAB.00067","ok","small shrub","Standing dead",,,0.3,,,,0.2,0.1,,"half-sphere",1.1,10,,,,"wcMB+uWhN6DlxgYb80zZ5eNIhcO7pIW7","Ymvu50svVai947RgaYoGNGTwjbYtyuA7","legacyData"
"961a218b-85f2-45ee-9bf4-83b1aa150083","MOAB_062.basePlot.vst","2016-08-11","vst_MOAB_2016","D13","MOAB","MOAB_062",,"NEON.PLA.D13.MOAB.00066","ok","small shrub","Standing dead",,,0.3,,,,0.1,0.1,,"half-sphere",1.1,10,,,,"wcMB+uWhN6DlxgYb80zZ5eNIhcO7pIW7","Ymvu50svVai947RgaYoGNGTwjbYtyuA7","legacyData"
"c1cbd2a8-2848-4072-9263-f9d6625af4dc","MOAB_067.basePlot.vst","2016-08-11","vst_MOAB_2016","D13","MOAB","MOAB_067",,"NEON.PLA.D13.MOAB.00013","ok","small shrub","Live",,,1.1,,,,2.9,1.9,,"oblate half-sphere",5.0,10,,,,"Ymvu50svVai947RgaYoGNGTwjbYtyuA7","wcMB+uWhN6DlxgYb80zZ5eNIhcO7pIW7","legacyData"
"dc3c81ae-e789-4de4-9fb5-d2ec68440b45","MOAB_066.basePlot.vst","2016-08-11","vst_MOAB_2016","D13","MOAB","MOAB_066",,"NEON.PLA.D13.MOAB.00350","ok","small shrub","Live",,,0.5,,,,0.5,0.3,,"half-sphere",2.2,10,,,,"wcMB+uWhN6DlxgYb80zZ5eNIhcO7pIW7","Ymvu50svVai947RgaYoGNGTwjbYtyuA7","legacyData"
"b17a20a9-0526-4ded-937d-d23ae5157aa0","MOAB_067.basePlot.vst","2016-08-11","vst_MOAB_2016","D13","MOAB","MOAB_067",,"NEON.PLA.D13.MOAB.00012","ok","small shrub","Live",,,1.0,,,,2.6,0.8,,"oblate half-sphere",2.4,10,,,,"Ymvu50svVai947RgaYoGNGTwjbYtyuA7","wcMB+uWhN6DlxgYb80zZ5eNIhcO7pIW7","legacyData"
"3456829f-f937-4886-a787-d101926f42f4","MOAB_067.basePlot.vst","2016-08-11","vst_MOAB_2016","D13","MOAB","MOAB_067",,"NEON.PLA.D13.MOAB.00011","ok","small shrub","Live",,,0.9,,,,0.8,0.5,,"cylinder",1.4,10,,,,"Ymvu50svVai947RgaYoGNGTwjbYtyuA7","wcMB+uWhN6DlxgYb80zZ5eNIhcO7pIW7","legacyData"
"27e78f2e-8c14-44ea-a6ea-ce1140180084","MOAB_062.basePlot.vst","2016-08-11","vst_MOAB_2016","D13","MOAB","MOAB_062",,"NEON.PLA.D13.MOAB.00065","ok","small shrub","Live",,,0.3,,,,0.5,0.3,,"oblate half-sphere",1.3,10,,,,"wcMB+uWhN6DlxgYb80zZ5eNIhcO7pIW7","Ymvu50svVai947RgaYoGNGTwjbYtyuA7","legacyData"
"4099b5bc-9b00-4220-8e24-9055ce525979","MOAB_067.basePlot.vst","2016-08-11","vst_MOAB_2016","D13","MOAB","MOAB_067",,"NEON.PLA.D13.MOAB.00014","ok","small shrub","Live",,,0.9,,,,1.3,0.8,,"half-sphere",1.6,10,,,,"Ymvu50svVai947RgaYoGNGTwjbYtyuA7","wcMB+uWhN6DlxgYb80zZ5eNIhcO7pIW7","legacyData"
"647935e6-c1af-4c2f-9621-8019a3daa15f","MOAB_067.basePlot.vst","2016-08-11","vst_MOAB_2016","D13","MOAB","MOAB_067",,"NEON.PLA.D13.MOAB.00013","ok","small shrub","Live",,,1.1,,,,2.9,1.9,,"oblate half-sphere",1.4,10,,,,"Ymvu50svVai947RgaYoGNGTwjbYtyuA7","wcMB+uWhN6DlxgYb80zZ5eNIhcO7pIW7","legacyData"
"f86d1dc1-7aeb-424f-b1e4-19be52a55c6e","MOAB_067.basePlot.vst","2016-08-11","vst_MOAB_2016","D13","MOAB","MOAB_067",,"NEON.PLA.D13.MOAB.00012","ok","small shrub","Live",,,1.0,,,,2.6,0.8,,"oblate half-sphere",4.0,10,,,,"Ymvu50svVai947RgaYoGNGTwjbYtyuA7","wcMB+uWhN6DlxgYb80zZ5eNIhcO7pIW7","legacyData"
"bbe248b9-f3a6-40ef-88f7-782c30c9acff","MOAB_067.basePlot.vst","2016-08-11","vst_MOAB_2016","D13","MOAB","MOAB_067",,"NEON.PLA.D13.MOAB.00015","ok","small shrub","Live",,,1.0,,,,1.3,0.4,,"half-sphere",1.3,10,,,,"Ymvu50svVai947RgaYoGNGTwjbYtyuA7","wcMB+uWhN6DlxgYb80zZ5eNIhcO7pIW7","legacyData"
"4a5c3cdd-4f2e-4f46-a331-82d5bcc81498","MOAB_067.basePlot.vst","2016-08-11","vst_MOAB_2016","D13","MOAB","MOAB_067",,"NEON.PLA.D13.MOAB.00013","ok","small shrub","Live",,,1.1,,,,2.9,1.9,,"oblate half-sphere",2.0,10,,,,"Ymvu50svVai947RgaYoGNGTwjbYtyuA7","wcMB+uWhN6DlxgYb80zZ5eNIhcO7pIW7","legacyData"
"61fc1a13-d332-4099-b7f7-2e621627338e","MOAB_067.basePlot.vst","2016-08-11","vst_MOAB_2016","D13","MOAB","MOAB_067",,"NEON.PLA.D13.MOAB.00012","ok","small shrub","Live",,,1.0,,,,2.6,0.8,,"oblate half-sphere",6.2,10,,,,"Ymvu50svVai947RgaYoGNGTwjbYtyuA7","wcMB+uWhN6DlxgYb80zZ5eNIhcO7pIW7","legacyData"
"3b81cba0-8ab8-43ea-963e-5c1af68ef65d","MOAB_067.basePlot.vst","2016-08-11","vst_MOAB_2016","D13","MOAB","MOAB_067",,"NEON.PLA.D13.MOAB.00013","ok","small shrub","Live",,,1.1,,,,2.9,1.9,,"oblate half-sphere",2.2,10,,,,"Ymvu50svVai947RgaYoGNGTwjbYtyuA7","wcMB+uWhN6DlxgYb80zZ5eNIhcO7pIW7","legacyData"
"0e8d93b7-c700-49ba-ad89-6c1e9e21a91d","MOAB_067.basePlot.vst","2016-08-11","vst_MOAB_2016","D13","MOAB","MOAB_067",,"NEON.PLA.D13.MOAB.00015","ok","small shrub","Live",,,1.0,,,,1.3,0.4,,"half-sphere",1.4,10,,,,"Ymvu50svVai947RgaYoGNGTwjbYtyuA7","wcMB+uWhN6DlxgYb80zZ5eNIhcO7pIW7","legacyData"
"902ea0a1-eb75-4dd5-a675-28f52165e7ac","MOAB_067.basePlot.vst","2016-08-11","vst_MOAB_2016","D13","MOAB","MOAB_067",,"NEON.PLA.D13.MOAB.00013","ok","small shrub","Live",,,1.1,,,,2.9,1.9,,"oblate half-sphere",3.2,10,,,,"Ymvu50svVai947RgaYoGNGTwjbYtyuA7","wcMB+uWhN6DlxgYb80zZ5eNIhcO7pIW7","legacyData"
"cdf09974-12b2-47d5-98fc-28177a1488d1","MOAB_066.basePlot.vst","2016-08-11","vst_MOAB_2016","D13","MOAB","MOAB_066",,"NEON.PLA.D13.MOAB.00056","ok","small shrub","Live",,,0.5,,,,0.6,0.5,,"half-sphere",2.5,10,,,,"wcMB+uWhN6DlxgYb80zZ5eNIhcO7pIW7","Ymvu50svVai947RgaYoGNGTwjbYtyuA7","legacyData"
"5b9a49a3-9506-4321-b607-614a4f9aa369","MOAB_066.basePlot.vst","2016-08-11","vst_MOAB_2016","D13","MOAB","MOAB_066",,"NEON.PLA.D13.MOAB.00056","ok","small shrub","Live",,,0.5,,,,0.6,0.5,,"half-sphere",1.4,10,,,,"wcMB+uWhN6DlxgYb80zZ5eNIhcO7pIW7","Ymvu50svVai947RgaYoGNGTwjbYtyuA7","legacyData"
"7081bd71-09cb-4ef9-8b56-736506c856b7","MOAB_067.basePlot.vst","2016-08-11","vst_MOAB_2016","D13","MOAB","MOAB_067",,"NEON.PLA.D13.MOAB.00013","ok","small shrub","Live",,,1.1,,,,2.9,1.9,,"oblate half-sphere",2.1,10,,,,"Ymvu50svVai947RgaYoGNGTwjbYtyuA7","wcMB+uWhN6DlxgYb80zZ5eNIhcO7pIW7","legacyData"
"9fa6b9f0-d4ef-45fb-8f1e-c0e75dde7167","MOAB_067.basePlot.vst","2016-08-11","vst_MOAB_2016","D13","MOAB","MOAB_067",,"NEON.PLA.D13.MOAB.00013","ok","small shrub","Live",,,1.1,,,,2.9,1.9,,"oblate half-sphere",5.4,10,,,,"Ymvu50svVai947RgaYoGNGTwjbYtyuA7","wcMB+uWhN6DlxgYb80zZ5eNIhcO7pIW7","legacyData"
"84bdee88-3805-47cf-bba4-c52849d2d525","MOAB_066.basePlot.vst","2016-08-11","vst_MOAB_2016","D13","MOAB","MOAB_066",,"NEON.PLA.D13.MOAB.00351","ok","small shrub","Live",,,0.4,,,,0.5,0.4,,"half-sphere",2.0,10,,,,"wcMB+uWhN6DlxgYb80zZ5eNIhcO7pIW7","Ymvu50svVai947RgaYoGNGTwjbYtyuA7","legacyData"
"ba76d013-e79d-470f-a12e-8a4f8e092318","MOAB_067.basePlot.vst","2016-08-11","vst_MOAB_2016","D13","MOAB","MOAB_067",,"NEON.PLA.D13.MOAB.00011","ok","small shrub","Live",,,0.9,,,,0.8,0.5,,"cylinder",1.3,10,,,,"Ymvu50svVai947RgaYoGNGTwjbYtyuA7","wcMB+uWhN6DlxgYb80zZ5eNIhcO7pIW7","legacyData"
"3c78c97b-b4d3-4325-b811-643f95694d18","MOAB_067.basePlot.vst","2016-08-11","vst_MOAB_2016","D13","MOAB","MOAB_067",,"NEON.PLA.D13.MOAB.00015","ok","small shrub","Live",,,1.0,,,,1.3,0.4,,"half-sphere",1.6,10,,,,"Ymvu50svVai947RgaYoGNGTwjbYtyuA7","wcMB+uWhN6DlxgYb80zZ5eNIhcO7pIW7","legacyData"
"413c3503-960c-4864-94f0-14c2c7e817f9","MOAB_067.basePlot.vst","2016-08-11","vst_MOAB_2016","D13","MOAB","MOAB_067",,"NEON.PLA.D13.MOAB.00012","ok","small shrub","Live",,,1.0,,,,2.6,0.8,,"oblate half-sphere",4.1,10,,,,"Ymvu50svVai947RgaYoGNGTwjbYtyuA7","wcMB+uWhN6DlxgYb80zZ5eNIhcO7pIW7","legacyData"
"a5776823-3cfa-4a9d-94c0-6877b8caadd0","MOAB_067.basePlot.vst","2016-08-11","vst_MOAB_2016","D13","MOAB","MOAB_067",,"NEON.PLA.D13.MOAB.00013","ok","small shrub","Live",,,1.1,,,,2.9,1.9,,"oblate half-sphere",5.1,10,,,,"Ymvu50svVai947RgaYoGNGTwjbYtyuA7","wcMB+uWhN6DlxgYb80zZ5eNIhcO7pIW7","legacyData"
"ce2d5c86-db85-418c-9e58-332708722cf2","MOAB_066.basePlot.vst","2016-08-11","vst_MOAB_2016","D13","MOAB","MOAB_066",,"NEON.PLA.D13.MOAB.00350","ok","small shrub","Live",,,0.5,,,,0.5,0.3,,"half-sphere",3.6,10,,,,"wcMB+uWhN6DlxgYb80zZ5eNIhcO7pIW7","Ymvu50svVai947RgaYoGNGTwjbYtyuA7","legacyData"
"1983f212-2534-40f6-8959-ca648dbea176","MOAB_067.basePlot.vst","2016-08-11","vst_MOAB_2016","D13","MOAB","MOAB_067",,"NEON.PLA.D13.MOAB.00013","ok","small shrub","Live",,,1.1,,,,2.9,1.9,,"oblate half-sphere",1.8,10,,,,"Ymvu50svVai947RgaYoGNGTwjbYtyuA7","wcMB+uWhN6DlxgYb80zZ5eNIhcO7pIW7","legacyData"
"bf269e76-9269-4dd5-87f6-d363b77a84f9","MOAB_067.basePlot.vst","2016-08-11","vst_MOAB_2016","D13","MOAB","MOAB_067",,"NEON.PLA.D13.MOAB.00011","ok","small shrub","Live",,,0.9,,,,0.8,0.5,,"cylinder",1.3,10,,,,"Ymvu50svVai947RgaYoGNGTwjbYtyuA7","wcMB+uWhN6DlxgYb80zZ5eNIhcO7pIW7","legacyData"
"657794b3-8318-439a-96bd-107db2354072","MOAB_001.basePlot.vst","2016-08-22","vst_MOAB_2016","D13","MOAB","MOAB_001",,"NEON.PLA.D13.MOAB.00131","ok","small shrub","Live",,,0.7,,,,0.6,0.6,,"half-sphere",1.1,10,,,,"Ymvu50svVai947RgaYoGNGTwjbYtyuA7","wcMB+uWhN6DlxgYb80zZ5eNIhcO7pIW7","legacyData"
"82dc2d0a-4bd3-48e0-b69f-9a28a49ec89e","MOAB_001.basePlot.vst","2016-08-22","vst_MOAB_2016","D13","MOAB","MOAB_001",,"NEON.PLA.D13.MOAB.00123","ok","small shrub","Live",,,1.1,,,,1.6,0.7,,"half-sphere",1.8,10,,,,"Ymvu50svVai947RgaYoGNGTwjbYtyuA7","wcMB+uWhN6DlxgYb80zZ5eNIhcO7pIW7","legacyData"
"b817347e-cf23-42a4-8a0f-ebce4c51cd95","MOAB_001.basePlot.vst","2016-08-22","vst_MOAB_2016","D13","MOAB","MOAB_001",,"NEON.PLA.D13.MOAB.00134","ok","small shrub","Live",,,0.6,,,,0.9,0.3,,"oblate half-sphere",4.0,10,,,,"Ymvu50svVai947RgaYoGNGTwjbYtyuA7","wcMB+uWhN6DlxgYb80zZ5eNIhcO7pIW7","legacyData"
"bbfce978-6e47-433a-8bf6-948f59aa2701","MOAB_001.basePlot.vst","2016-08-22","vst_MOAB_2016","D13","MOAB","MOAB_001",,"NEON.PLA.D13.MOAB.00123","ok","small shrub","Live",,,1.1,,,,1.6,0.7,,"half-sphere",1.2,10,,,,"Ymvu50svVai947RgaYoGNGTwjbYtyuA7","wcMB+uWhN6DlxgYb80zZ5eNIhcO7pIW7","legacyData"
"acb3bf9c-4174-495b-905d-c452f9902e11","MOAB_001.basePlot.vst","2016-08-22","vst_MOAB_2016","D13","MOAB","MOAB_001",,"NEON.PLA.D13.MOAB.00134","ok","small shrub","Live",,,0.6,,,,0.9,0.3,,"oblate half-sphere",1.5,10,,,,"Ymvu50svVai947RgaYoGNGTwjbYtyuA7","wcMB+uWhN6DlxgYb80zZ5eNIhcO7pIW7","legacyData"
"a30ade85-145c-487b-aed5-467a2ef64b27","MOAB_001.basePlot.vst","2016-08-22","vst_MOAB_2016","D13","MOAB","MOAB_001",,"NEON.PLA.D13.MOAB.00123","ok","small shrub","Live",,,1.1,,,,1.6,0.7,,"half-sphere",1.0,10,,,,"Ymvu50svVai947RgaYoGNGTwjbYtyuA7","wcMB+uWhN6DlxgYb80zZ5eNIhcO7pIW7","legacyData"
"ada3047b-11b7-42be-a8cf-bc3ea52efc33","MOAB_001.basePlot.vst","2016-08-22","vst_MOAB_2016","D13","MOAB","MOAB_001",,"NEON.PLA.D13.MOAB.00123","ok","small shrub","Live",,,1.1,,,,1.6,0.7,,"half-sphere",1.4,10,,,,"Ymvu50svVai947RgaYoGNGTwjbYtyuA7","wcMB+uWhN6DlxgYb80zZ5eNIhcO7pIW7","legacyData"
"d0f19b87-0cda-4736-8ee8-e73809a2091e","MOAB_001.basePlot.vst","2016-08-22","vst_MOAB_2016","D13","MOAB","MOAB_001",,"NEON.PLA.D13.MOAB.00130","ok","small shrub","Live",,,0.8,0.2,,,0.8,0.8,,"ellipsoid or sphere",3.6,10,,,,"Ymvu50svVai947RgaYoGNGTwjbYtyuA7","wcMB+uWhN6DlxgYb80zZ5eNIhcO7pIW7","legacyData"
"f4359938-5032-4dd5-b4dd-113911f5647b","MOAB_001.basePlot.vst","2016-08-22","vst_MOAB_2016","D13","MOAB","MOAB_001",,"NEON.PLA.D13.MOAB.00126","ok","small shrub","Live",,,0.7,,,,0.4,0.3,,"cylinder",1.3,10,,,,"Ymvu50svVai947RgaYoGNGTwjbYtyuA7","wcMB+uWhN6DlxgYb80zZ5eNIhcO7pIW7","legacyData"
"4e0eacaa-78c3-4102-97b4-e4bc83f02a0b","MOAB_001.basePlot.vst","2016-08-22","vst_MOAB_2016","D13","MOAB","MOAB_001",,"NEON.PLA.D13.MOAB.00122","ok","small shrub","Live",,,0.7,,,,0.7,0.5,,"half-sphere",1.2,10,,,,"Ymvu50svVai947RgaYoGNGTwjbYtyuA7","wcMB+uWhN6DlxgYb80zZ5eNIhcO7pIW7","legacyData"
"b18bee09-0e49-4e93-ab2a-8363192713e5","MOAB_001.basePlot.vst","2016-08-22","vst_MOAB_2016","D13","MOAB","MOAB_001",,"NEON.PLA.D13.MOAB.00128","ok","small shrub","Live",,,0.4,,,,0.6,0.3,,"oblate half-sphere",4.0,10,,,,"Ymvu50svVai947RgaYoGNGTwjbYtyuA7","wcMB+uWhN6DlxgYb80zZ5eNIhcO7pIW7","legacyData"
"abc17fd5-c8eb-4b85-9b7d-64efcfc02336","MOAB_001.basePlot.vst","2016-08-22","vst_MOAB_2016","D13","MOAB","MOAB_001",,"NEON.PLA.D13.MOAB.00131","ok","small shrub","Live",,,0.7,,,,0.6,0.6,,"half-sphere",1.3,10,,,,"Ymvu50svVai947RgaYoGNGTwjbYtyuA7","wcMB+uWhN6DlxgYb80zZ5eNIhcO7pIW7","legacyData"
"9ff2fc29-e26f-4925-96dd-4bf8dfb37287","MOAB_001.basePlot.vst","2016-08-22","vst_MOAB_2016","D13","MOAB","MOAB_001",,"NEON.PLA.D13.MOAB.00122","ok","small shrub","Live",,,0.7,,,,0.7,0.5,,"half-sphere",1.5,10,,,,"Ymvu50svVai947RgaYoGNGTwjbYtyuA7","wcMB+uWhN6DlxgYb80zZ5eNIhcO7pIW7","legacyData"
"44b91550-d795-4bf5-ae30-0ffac8d90f37","MOAB_001.basePlot.vst","2016-08-22","vst_MOAB_2016","D13","MOAB","MOAB_001",,"NEON.PLA.D13.MOAB.00133","ok","small shrub","Live",,,0.4,,,,0.4,0.2,,"half-sphere",1.4,10,,,,"Ymvu50svVai947RgaYoGNGTwjbYtyuA7","wcMB+uWhN6DlxgYb80zZ5eNIhcO7pIW7","legacyData"
"ed63cf4f-8281-495b-a901-8475cc11eded","MOAB_001.basePlot.vst","2016-08-22","vst_MOAB_2016","D13","MOAB","MOAB_001",,"NEON.PLA.D13.MOAB.00123","ok","small shrub","Live",,,1.1,,,,1.6,0.7,,"half-sphere",2.9,10,,,,"Ymvu50svVai947RgaYoGNGTwjbYtyuA7","wcMB+uWhN6DlxgYb80zZ5eNIhcO7pIW7","legacyData"
"9f54193d-6b4d-4882-9c58-af8f0527c11d","MOAB_001.basePlot.vst","2016-08-22","vst_MOAB_2016","D13","MOAB","MOAB_001",,"NEON.PLA.D13.MOAB.00127","ok","small shrub","Live",,,0.7,,,,0.6,0.5,,"half-sphere",1.9,10,,,,"Ymvu50svVai947RgaYoGNGTwjbYtyuA7","wcMB+uWhN6DlxgYb80zZ5eNIhcO7pIW7","legacyData"
"56cff266-b093-410e-ad6f-0fa9e47dbd2f","MOAB_001.basePlot.vst","2016-08-22","vst_MOAB_2016","D13","MOAB","MOAB_001",,"NEON.PLA.D13.MOAB.00133","ok","small shrub","Live",,,0.4,,,,0.4,0.2,,"half-sphere",1.1,10,,,,"Ymvu50svVai947RgaYoGNGTwjbYtyuA7","wcMB+uWhN6DlxgYb80zZ5eNIhcO7pIW7","legacyData"
"cfe8e6ed-6336-40cd-9f8f-72cb4b7876fd","MOAB_001.basePlot.vst","2016-08-22","vst_MOAB_2016","D13","MOAB","MOAB_001",,"NEON.PLA.D13.MOAB.00133","ok","small shrub","Live",,,0.4,,,,0.4,0.2,,"half-sphere",1.3,10,,,,"Ymvu50svVai947RgaYoGNGTwjbYtyuA7","wcMB+uWhN6DlxgYb80zZ5eNIhcO7pIW7","legacyData"
"13286132-747f-4f17-8239-e733226b79eb","MOAB_001.basePlot.vst","2016-08-22","vst_MOAB_2016","D13","MOAB","MOAB_001",,"NEON.PLA.D13.MOAB.00122","ok","small shrub","Live",,,0.7,,,,0.7,0.5,,"half-sphere",1.6,10,,,,"Ymvu50svVai947RgaYoGNGTwjbYtyuA7","wcMB+uWhN6DlxgYb80zZ5eNIhcO7pIW7","legacyData"
"e53825c7-602e-423d-963e-d9b20373c8d1","MOAB_001.basePlot.vst","2016-08-22","vst_MOAB_2016","D13","MOAB","MOAB_001",,"NEON.PLA.D13.MOAB.00123","ok","small shrub","Live",,,1.1,,,,1.6,0.7,,"half-sphere",1.5,10,,,,"Ymvu50svVai947RgaYoGNGTwjbYtyuA7","wcMB+uWhN6DlxgYb80zZ5eNIhcO7pIW7","legacyData"
"73de858d-ab1a-45ab-bb2f-da13d18b7876","MOAB_001.basePlot.vst","2016-08-22","vst_MOAB_2016","D13","MOAB","MOAB_001",,"NEON.PLA.D13.MOAB.00124","ok","small shrub","Live",,,0.8,,,,0.7,0.5,,"half-sphere",1.2,10,,,,"Ymvu50svVai947RgaYoGNGTwjbYtyuA7","wcMB+uWhN6DlxgYb80zZ5eNIhcO7pIW7","legacyData"
"a710b6a6-aa06-4537-bdbf-be8675d55fd3","MOAB_001.basePlot.vst","2016-08-22","vst_MOAB_2016","D13","MOAB","MOAB_001",,"NEON.PLA.D13.MOAB.00125","ok","small shrub","Live",,,0.5,,,,0.5,0.3,,"half-sphere",1.2,10,,,,"Ymvu50svVai947RgaYoGNGTwjbYtyuA7","wcMB+uWhN6DlxgYb80zZ5eNIhcO7pIW7","legacyData"
"bc657940-bc6c-453f-ac4e-4334f2a94659","MOAB_001.basePlot.vst","2016-08-22","vst_MOAB_2016","D13","MOAB","MOAB_001",,"NEON.PLA.D13.MOAB.00123","ok","small shrub","Live",,,1.1,,,,1.6,0.7,,"half-sphere",1.6,10,,,,"Ymvu50svVai947RgaYoGNGTwjbYtyuA7","wcMB+uWhN6DlxgYb80zZ5eNIhcO7pIW7","legacyData"
"8b055566-3986-4098-b1b7-102652807b93","MOAB_001.basePlot.vst","2016-08-22","vst_MOAB_2016","D13","MOAB","MOAB_001",,"NEON.PLA.D13.MOAB.00130","ok","small shrub","Live",,,0.8,0.2,,,0.8,0.8,,"ellipsoid or sphere",3.5,10,,,,"Ymvu50svVai947RgaYoGNGTwjbYtyuA7","wcMB+uWhN6DlxgYb80zZ5eNIhcO7pIW7","legacyData"
"8c9dc15e-1f14-4a40-9149-9f914aa2889a","MOAB_001.basePlot.vst","2016-08-22","vst_MOAB_2016","D13","MOAB","MOAB_001",,"NEON.PLA.D13.MOAB.00124","ok","small shrub","Live",,,0.8,,,,0.7,0.5,,"half-sphere",2.0,10,,,,"Ymvu50svVai947RgaYoGNGTwjbYtyuA7","wcMB+uWhN6DlxgYb80zZ5eNIhcO7pIW7","legacyData"
"2de27fc4-947e-4ffb-828a-fd3b668f2ab9","MOAB_001.basePlot.vst","2016-08-22","vst_MOAB_2016","D13","MOAB","MOAB_001",,"NEON.PLA.D13.MOAB.00122","ok","small shrub","Live",,,0.7,,,,0.7,0.5,,"half-sphere",1.7,10,,,,"Ymvu50svVai947RgaYoGNGTwjbYtyuA7","wcMB+uWhN6DlxgYb80zZ5eNIhcO7pIW7","legacyData"
"e1ad11f1-bbf2-4ccc-b4fc-b6e13c3c20d3","MOAB_001.basePlot.vst","2016-08-22","vst_MOAB_2016","D13","MOAB","MOAB_001",,"NEON.PLA.D13.MOAB.00123","ok","small shrub","Live",,,1.1,,,,1.6,0.7,,"half-sphere",1.3,10,,,,"Ymvu50svVai947RgaYoGNGTwjbYtyuA7","wcMB+uWhN6DlxgYb80zZ5eNIhcO7pIW7","legacyData"
"813e5029-9606-4f7f-90cb-54f030cfd428","MOAB_001.basePlot.vst","2016-08-22","vst_MOAB_2016","D13","MOAB","MOAB_001",,"NEON.PLA.D13.MOAB.00131","ok","small shrub","Live",,,0.7,,,,0.6,0.6,,"half-sphere",2.1,10,,,,"Ymvu50svVai947RgaYoGNGTwjbYtyuA7","wcMB+uWhN6DlxgYb80zZ5eNIhcO7pIW7","legacyData"
"54012d41-a439-48df-8348-571e09ed16b5","MOAB_001.basePlot.vst","2016-08-22","vst_MOAB_2016","D13","MOAB","MOAB_001",,"NEON.PLA.D13.MOAB.00132","ok","small shrub","Live",,,0.5,,,,0.5,0.2,,"half-sphere",1.0,10,,,,"Ymvu50svVai947RgaYoGNGTwjbYtyuA7","wcMB+uWhN6DlxgYb80zZ5eNIhcO7pIW7","legacyData"
