uid,namedLocation,domainID,siteID,plotID,plotType,nlcdClass,decimalLatitude,decimalLongitude,geodeticDatum,coordinateUncertainty,elevation,elevationUncertainty,collectDate,eventID,sampleID,sampleCode,samplingMethod,totalSampledArea,targetTaxaPresent,adultCount,nymphCount,larvaCount,sampleCondition,samplingProtocolVersion,measuredBy,remarks
"289a0b3e-c7af-443a-82e1-8a2d4aef170f","KONA_002.tickPlot.tck","D06","KONA","KONA_002","distributed","cultivatedCrops",39.114235,-96.638612,"WGS84",20.1,324.7,0.1,"2017-07-03T15:36Z","KONA.2017.28","KONA_002.20170703",,"drag",160,"Y",0,8,0,"No known compromise","NEON.DOC.014045vH","sYrV+BI+v9kHEwoFL57IDVz9AwQUWLqs",
"cc0d3212-59c3-41a2-9cab-339dca5a514e","KONA_004.tickPlot.tck","D06","KONA","KONA_004","distributed","cultivatedCrops",39.125575,-96.637356,"WGS84",20.1,323.5,0.1,"2017-07-03T16:05Z","KONA.2017.28",,,"drag",160,"N",0,0,0,"No known compromise","NEON.DOC.014045vH","sYrV+BI+v9kHEwoFL57IDVz9AwQUWLqs",
"53926fcb-2175-4de0-9ae1-fe7966897759","KONA_021.tickPlot.tck","D06","KONA","KONA_021","distributed","cultivatedCrops",39.125028,-96.643572,"WGS84",20.1,339.5,0.2,"2017-07-03T16:32Z","KONA.2017.28",,,"drag",160,"N",0,0,0,"No known compromise","NEON.DOC.014045vH","sYrV+BI+v9kHEwoFL57IDVz9AwQUWLqs",
"c4a6676e-cff9-43c0-8c06-cf9a44924fe0","KONA_003.tickPlot.tck","D06","KONA","KONA_003","distributed","cultivatedCrops",39.214274,-96.600435,"WGS84",20.1,329.1,0.1,"2017-07-03T18:00Z","KONA.2017.28","KONA_003.20170703",,"drag",160,"Y",0,8,0,"No known compromise","NEON.DOC.014045vH","sYrV+BI+v9kHEwoFL57IDVz9AwQUWLqs",
"3440f407-f6c1-4da3-89d1-ae8d756ccd09","KONA_019.tickPlot.tck","D06","KONA","KONA_019","distributed","cultivatedCrops",39.211742,-96.590109,"WGS84",20.1,327.1,0.1,"2017-07-03T18:29Z","KONA.2017.28","KONA_019.20170703",,"drag",160,"Y",1,2,0,"No known compromise","NEON.DOC.014045vH","sYrV+BI+v9kHEwoFL57IDVz9AwQUWLqs",
"ca5f674e-cee0-4c8a-ad46-89048a900cf7","KONA_003.tickPlot.tck","D06","KONA","KONA_003","distributed","cultivatedCrops",39.214274,-96.600435,"WGS84",20.1,329.1,0.1,"2017-07-20T13:29Z","KONA.2017.30","KONA_003.20170720",,"drag",160,"Y",0,1,0,"No known compromise","NEON.DOC.014045vH","9ya+8ESO78bjLXGzD+nV7nftVEBW+hSh1N8qvgzBSi0=",
"fe6a5da8-3f31-4f97-8029-c3ae1d6a5c5a","KONA_019.tickPlot.tck","D06","KONA","KONA_019","distributed","cultivatedCrops",39.211742,-96.590109,"WGS84",20.1,327.1,0.1,"2017-07-20T14:11Z","KONA.2017.30",,,"drag",160,"N",0,0,0,,"NEON.DOC.014045vH","9ya+8ESO78bjLXGzD+nV7nftVEBW+hSh1N8qvgzBSi0=",
"a7afb636-1a13-491c-9be5-6d1010631fab","KONA_024.tickPlot.tck","D06","KONA","KONA_024","distributed","cultivatedCrops",39.208663,-96.595138,"WGS84",20.1,329.1,0.1,"2017-07-20T14:37Z","KONA.2017.30",,,"drag",160,"N",0,0,0,,"NEON.DOC.014045vH","9ya+8ESO78bjLXGzD+nV7nftVEBW+hSh1N8qvgzBSi0=",
"954a750d-31a2-48f2-b10b-7f26015010ea","KONA_002.tickPlot.tck","D06","KONA","KONA_002","distributed","cultivatedCrops",39.114235,-96.638612,"WGS84",20.1,324.7,0.1,"2017-07-20T15:25Z","KONA.2017.30",,,"drag",160,"N",0,0,0,,"NEON.DOC.014045vH","9ya+8ESO78bjLXGzD+nV7nftVEBW+hSh1N8qvgzBSi0=",
"72d5bb6f-0b01-469b-94f1-3050fd52ac1e","KONA_004.tickPlot.tck","D06","KONA","KONA_004","distributed","cultivatedCrops",39.125575,-96.637356,"WGS84",20.1,323.5,0.1,"2017-07-20T15:58Z","KONA.2017.30",,,"drag",160,"N",0,0,0,,"NEON.DOC.014045vH","9ya+8ESO78bjLXGzD+nV7nftVEBW+hSh1N8qvgzBSi0=",
"2a8ab9dc-c1f7-448e-9e75-aa1ff8053f00","KONA_021.tickPlot.tck","D06","KONA","KONA_021","distributed","cultivatedCrops",39.125028,-96.643572,"WGS84",20.1,339.5,0.2,"2017-07-20T16:28Z","KONA.2017.30",,,"drag and flag",160,"N",0,0,0,,"NEON.DOC.014045vH","9ya+8ESO78bjLXGzD+nV7nftVEBW+hSh1N8qvgzBSi0=",
