uid,namedLocation,plotID,collectDate,identifiedDate,sampleID,subsampleID,scientificName,acceptedTaxonID,taxonRank,family,subfamily,tribe,subtribe,genus,subgenus,specificEpithet,infraspecificEpithet,identificationQualifier,identificationReferences,identificationProtocolVersion,scientificNameAuthorship,sexOrAge,individualCount,sampleCondition,archiveMedium,archiveFacilityID,deprecatedVialID,identifiedBy,laboratoryName,remarks
"aff15060-7402-4463-903b-6182829c07af","KONA_002.tickPlot.tck","KONA_002","2017-07-03T15:36Z","2017-12-20T17:00Z","KONA_002.20170703","KONA_002.20170703.AMBAME.N","Amblyomma americanum","AMBAME","species","Ixodidae",,,,"Amblyomma",,"americanum",,,"Cooley, R. A. and G. M. Kohls. 1944. The genus Amblyomma (ixodidae) in the United States. The Journal of Parasitology, 30(2):77-111.","GSU_tickIdentification_SOP_2016-11-01.pdf","Linnaeus","Nymph",8,"OK","90% ethanol","1358685","KONA_002.20170703.AMBAME.N","Lorenza Beati","Georgia Southern University",
"7ff222e8-8c3d-4641-938e-2e078e223c0d","KONA_003.tickPlot.tck","KONA_003","2017-07-03T18:00Z","2017-12-20T17:00Z","KONA_003.20170703","KONA_003.20170703.AMBAME.N","Amblyomma americanum","AMBAME","species","Ixodidae",,,,"Amblyomma",,"americanum",,,"Cooley, R. A. and G. M. Kohls. 1944. The genus Amblyomma (ixodidae) in the United States. The Journal of Parasitology, 30(2):77-111.","GSU_tickIdentification_SOP_2016-11-01.pdf","Linnaeus","Nymph",8,"OK","90% ethanol","1358688","KONA_003.20170703.AMBAME.N","Lorenza Beati","Georgia Southern University",
"74cc5a2d-5ceb-4153-bd7a-2198999036d7","KONA_019.tickPlot.tck","KONA_019","2017-07-03T18:29Z","2017-12-20T17:00Z","KONA_019.20170703","KONA_019.20170703.DERVAR.M","Dermacentor variabilis","DERVAR","species","Ixodidae",,,,"Dermacentor",,"variabilis",,,"Yunker, C. E., Keirans, J. E., Clifford, C. M., and E. R. Easton. 1986. Dermacentor ticks (Acari: Ixodoidea: Ixodidae) of the New World: a scanning electron microscope atlas. Proceedings of the Entomological Society of Washington, 88(4):609-627.","GSU_tickIdentification_SOP_2016-11-01.pdf","Say","Male",1,"OK","90% ethanol","1358687","KONA_019.20170703.DERVAR.M","Lorenza Beati","Georgia Southern University","says KONA_26234.20170703 in vial; TO PAULA"
"c38cae8e-cff0-4002-b409-ae22448860be","KONA_019.tickPlot.tck","KONA_019","2017-07-03T18:29Z","2017-12-20T17:00Z","KONA_019.20170703","KONA_019.20170703.AMBAME.N","Amblyomma americanum","AMBAME","species","Ixodidae",,,,"Amblyomma",,"americanum",,,"Cooley, R. A. and G. M. Kohls. 1944. The genus Amblyomma (ixodidae) in the United States. The Journal of Parasitology, 30(2):77-111.","GSU_tickIdentification_SOP_2016-11-01.pdf","Linnaeus","Nymph",2,"OK","90% ethanol","1358686","KONA_019.20170703.AMBAME.N","Lorenza Beati","Georgia Southern University","says KONA_26234.20170703 in vial"
"476df526-893c-4298-884d-76cd10290378","KONA_003.tickPlot.tck","KONA_003","2017-07-20T13:29Z","2017-12-26T17:00Z","KONA_003.20170720","KONA_003.20170720.AMBAME.N","Amblyomma americanum","AMBAME","species","Ixodidae",,,,"Amblyomma",,"americanum",,,"Cooley, R. A. and G. M. Kohls. 1944. The genus Amblyomma (ixodidae) in the United States. The Journal of Parasitology, 30(2):77-111.","GSU_tickIdentification_SOP_2016-11-01.pdf","Linnaeus","Nymph",1,"OK","90% ethanol","1358693","KONA_003.20170720.AMBAME.N","Lorenza Beati","Georgia Southern University",
