uid,namedLocation,domainID,siteID,plotID,plotType,nlcdClass,decimalLatitude,decimalLongitude,geodeticDatum,coordinateUncertainty,elevation,elevationUncertainty,collectDate,eventID,sampleID,sampleCode,samplingMethod,totalSampledArea,targetTaxaPresent,adultCount,nymphCount,larvaCount,sampleCondition,samplingProtocolVersion,measuredBy,remarks
"43262cc6-ec87-4960-a852-2d2e72f1bbf4","NIWO_021.tickPlot.tck","D13","NIWO","NIWO_021","distributed","evergreenForest",40.041022,-105.541760,"WGS84",20.1,2976.6,0.1,"2016-06-23T15:56Z","NIWO.2016.25",,,"drag and flag",168,"N",0,0,0,"No known compromise","NEON.DOC.014045vG","X05x7tDwxgMwfl8HFUwgAF642p2ZlDRY",
"8c6c52e8-eea2-4e9c-8fa9-dc3f75920602","NIWO_011.tickPlot.tck","D13","NIWO","NIWO_011","distributed","evergreenForest",40.035326,-105.554902,"WGS84",20.4,3103.3,0.4,"2016-06-23T19:15Z","NIWO.2016.25",,,"drag and flag",164,"N",0,0,0,"No known compromise","NEON.DOC.014045vG","X05x7tDwxgMwfl8HFUwgAF642p2ZlDRY",
"8144c548-0fac-4a78-b670-42c7c8d4b819","NIWO_017.tickPlot.tck","D13","NIWO","NIWO_017","distributed","evergreenForest",40.042252,-105.565951,"WGS84",20.2,3263.7,0.2,"2016-06-24T17:12Z","NIWO.2016.25",,,"drag and flag",170,"N",0,0,0,"No known compromise","NEON.DOC.014045vG","X05x7tDwxgMwfl8HFUwgAF642p2ZlDRY",
"9c16b55c-5d52-4284-8777-2a6532385fb0","NIWO_003.tickPlot.tck","D13","NIWO","NIWO_003","distributed","grasslandHerbaceous",40.050268,-105.566230,"WGS84",20.1,3460.4,0.1,"2016-06-24T17:52Z","NIWO.2016.25",,,"drag",160,"N",0,0,0,"No known compromise","NEON.DOC.014045vG","hg6GRTS9PuXRvzFqFng1r8iIIYkR3Zgu",
"f6ab7b2e-7485-4964-9a67-a55233c9240b","NIWO_006.tickPlot.tck","D13","NIWO","NIWO_006","distributed","grasslandHerbaceous",40.055786,-105.563006,"WGS84",20.1,3455.0,0.1,"2016-06-24T18:51Z","NIWO.2016.25",,,"drag",167,"N",0,0,0,"No known compromise","NEON.DOC.014045vG","hg6GRTS9PuXRvzFqFng1r8iIIYkR3Zgu",
"ae855db2-2b55-4f30-8604-4272044734ba","NIWO_005.tickPlot.tck","D13","NIWO","NIWO_005","distributed","evergreenForest",40.043842,-105.571603,"WGS84",20.3,3285.9,0.4,"2016-06-29T18:00Z","NIWO.2016.26",,,"drag and flag",133,"N",0,0,0,"No known compromise","NEON.DOC.014045vG","ovra6XfEp8NChdKvtfRA0gzva1hLgDGR","Stream runs along west edge of plot"
