uid,namedLocation,domainID,siteID,plotID,plotType,nlcdClass,decimalLatitude,decimalLongitude,geodeticDatum,coordinateUncertainty,elevation,elevationUncertainty,collectDate,eventID,sampleID,sampleCode,samplingMethod,totalSampledArea,targetTaxaPresent,adultCount,nymphCount,larvaCount,sampleCondition,samplingProtocolVersion,measuredBy,remarks
"bf6011a9-abf5-4eb1-8b67-01569c2c2907","DELA_011.tickPlot.tck","D08","DELA","DELA_011","distributed","woodyWetlands",32.519049,-87.817597,"WGS84",20.2,28.6,0.2,"2018-06-06T14:04Z","DELA.2018.23",,,"drag and flag",160,"N",0,0,0,,"NEON.DOC.014045vJ","nDk3u3/Gyje+hKaTCMqqjsY5CgZT7s9cLLilPZHkLiA=",
"0050d718-1723-445f-9d0d-d58130b8a170","DELA_005.tickPlot.tck","D08","DELA","DELA_005","distributed","woodyWetlands",32.524379,-87.813851,"WGS84",20.1,27.0,0.3,"2018-06-06T14:52Z","DELA.2018.23",,,"drag and flag",160,"N",0,0,0,,"NEON.DOC.014045vJ","nDk3u3/Gyje+hKaTCMqqjsY5CgZT7s9cLLilPZHkLiA=",
"966bf8a8-2b26-4813-a81f-3e72462618cb","DELA_008.tickPlot.tck","D08","DELA","DELA_008","distributed","woodyWetlands",32.538884,-87.814145,"WGS84",20.1,24.5,0.2,"2018-06-06T15:28Z","DELA.2018.23","DELA_008.20180606","A00000013967","drag and flag",150,"Y",0,3,0,"No known compromise","NEON.DOC.014045vJ","VlGS9knfep4oIPmMdzrYPvhmhmcAnEWcmbTWayWKGyM=","Unintentionally cut off north east corner"
"c1a67702-abfd-48bb-980f-bc30d1f6b0da","DELA_004.tickPlot.tck","D08","DELA","DELA_004","distributed","woodyWetlands",32.531063,-87.813123,"WGS84",20.2,24.4,0.4,"2018-06-06T16:04Z","DELA.2018.23",,,"drag and flag",156,"N",0,0,0,,"NEON.DOC.014045vJ","nDk3u3/Gyje+hKaTCMqqjsY5CgZT7s9cLLilPZHkLiA=",
"5948812b-317f-4088-afbc-bac28c10c1e0","DELA_014.tickPlot.tck","D08","DELA","DELA_014","distributed","evergreenForest",32.530627,-87.819367,"WGS84",20.2,33.0,0.2,"2018-06-06T17:12Z","DELA.2018.23",,,"drag and flag",160,"N",0,0,0,,"NEON.DOC.014045vJ","nDk3u3/Gyje+hKaTCMqqjsY5CgZT7s9cLLilPZHkLiA=",
"5927b3bd-3881-4d0b-9c0d-093d8365156d","DELA_001.tickPlot.tck","D08","DELA","DELA_001","distributed","woodyWetlands",32.533269,-87.805425,"WGS84",20.2,27.5,0.3,"2018-06-06T17:59Z","DELA.2018.23",,,"drag and flag",95,"N",0,0,0,,"NEON.DOC.014045vJ","nDk3u3/Gyje+hKaTCMqqjsY5CgZT7s9cLLilPZHkLiA=","Couldn't flag part of the plot because it was too wet."
"6aad1bbb-b467-4da7-a383-04e716b4355c","DELA_011.tickPlot.tck","D08","DELA","DELA_011","distributed","woodyWetlands",32.519049,-87.817597,"WGS84",20.2,28.6,0.2,"2018-06-19T13:43Z","DELA.2018.25",,,"drag",160,"N",0,0,0,,"NEON.DOC.014045vJ","Ty5ktdGiRSqkqUWm9Npw4JAlXmlUMfF/XyCnO5fUs8Q=",
"aca96bb3-ae9b-4373-a96a-d0174b4c8562","DELA_005.tickPlot.tck","D08","DELA","DELA_005","distributed","woodyWetlands",32.524379,-87.813851,"WGS84",20.1,27.0,0.3,"2018-06-19T14:35Z","DELA.2018.25",,,"drag",160,"N",0,0,0,,"NEON.DOC.014045vJ","71MfCy+FRsto69311gQJvR+pq8mHvc/9aCd1qcCUSbo=",
"64e5c2b7-fc10-4e37-8d5e-63dc3f37e126","DELA_014.tickPlot.tck","D08","DELA","DELA_014","distributed","evergreenForest",32.530627,-87.819367,"WGS84",20.2,33.0,0.2,"2018-06-19T14:44Z","DELA.2018.25",,,"drag and flag",160,"N",0,0,0,,"NEON.DOC.014045vJ","nDk3u3/Gyje+hKaTCMqqjsY5CgZT7s9cLLilPZHkLiA=",
"0f8aca32-ec62-40ca-9cda-a9e2cf3457e1","DELA_008.tickPlot.tck","D08","DELA","DELA_008","distributed","woodyWetlands",32.538884,-87.814145,"WGS84",20.1,24.5,0.2,"2018-06-19T15:27Z","DELA.2018.25","DELA_008.20180619","A00000013962","drag and flag",160,"Y",0,4,0,"No known compromise","NEON.DOC.014045vJ","Ty5ktdGiRSqkqUWm9Npw4JAlXmlUMfF/XyCnO5fUs8Q=",
"ff29a2db-d833-4f7d-aaaa-60e2a34dddf3","DELA_004.tickPlot.tck","D08","DELA","DELA_004","distributed","woodyWetlands",32.531063,-87.813123,"WGS84",20.2,24.4,0.4,"2018-06-19T15:31Z","DELA.2018.25",,,"drag",160,"N",0,0,0,,"NEON.DOC.014045vJ","5xnpZY6RWQXfIcA73Yt35xUCFBfitt36GhvlLe6b6lWMQTOe3VOuNA==",
"9b8a8c4c-a795-477a-9759-8b12a3efd487","DELA_001.tickPlot.tck","D08","DELA","DELA_001","distributed","woodyWetlands",32.533269,-87.805425,"WGS84",20.2,27.5,0.3,"2018-06-19T16:20Z","DELA.2018.25",,,"drag and flag",92,"N",0,0,0,,"NEON.DOC.014045vJ","nDk3u3/Gyje+hKaTCMqqjsY5CgZT7s9cLLilPZHkLiA=",
