uid,namedLocation,domainID,siteID,plotID,plotType,nlcdClass,decimalLatitude,decimalLongitude,geodeticDatum,coordinateUncertainty,elevation,elevationUncertainty,collectDate,eventID,sampleID,sampleCode,samplingMethod,totalSampledArea,targetTaxaPresent,adultCount,nymphCount,larvaCount,sampleCondition,samplingProtocolVersion,measuredBy,remarks
"5e72c6d6-5649-42be-b38a-e746cbdcd968","STER_028.tickPlot.tck","D10","STER","STER_028","distributed","cultivatedCrops",40.472367,-103.017002,"WGS84",20.2,1358.2,0.3,"2016-07-19T19:17Z","STER.2016.29",,,"drag",160,"N",0,0,0,"No known compromise","NEON.DOC.014045vG","ujqO70sWQRSvMWKa9rkVsPFEC4k2AceMUVFqsHbACz0=",
"c05c00e2-c672-491f-9dce-186c1a9ec63f","STER_026.tickPlot.tck","D10","STER","STER_026","distributed","cultivatedCrops",40.474857,-103.022558,"WGS84",20.2,1358.2,0.2,"2016-07-19T20:18Z","STER.2016.29",,,"drag",160,"N",0,0,0,"No known compromise","NEON.DOC.014045vG","ujqO70sWQRSvMWKa9rkVsPFEC4k2AceMUVFqsHbACz0=",
"f46035d0-f77e-4d49-a864-704d3cf1d8e8","STER_027.tickPlot.tck","D10","STER","STER_027","distributed","cultivatedCrops",40.480002,-103.017416,"WGS84",20.2,1365.6,0.2,"2016-07-19T21:22Z","STER.2016.29",,,"drag",162,"N",0,0,0,"No known compromise","NEON.DOC.014045vG","ujqO70sWQRSvMWKa9rkVsPFEC4k2AceMUVFqsHbACz0=",
"3ecae9bd-0f82-4514-a91c-ab4c8af8bb1b","STER_029.tickPlot.tck","D10","STER","STER_029","distributed","cultivatedCrops",40.469400,-103.010366,"WGS84",20.2,1352.6,0.3,"2016-07-19T22:41Z","STER.2016.29",,,"drag",160,"N",0,0,0,"No known compromise","NEON.DOC.014045vG","SBo42SoTc0fURyho5NWwAT+0njiiQkpXfvGfv1gmkRk=",
"0770ad06-f65e-497f-8a44-00f29e6e7b96","STER_006.tickPlot.tck","D10","STER","STER_006","distributed","cultivatedCrops",40.465644,-103.032824,"WGS84",20.1,1361.1,0.1,"2016-07-20T16:52Z","STER.2016.29",,,"drag",168,"N",0,0,0,"No known compromise","NEON.DOC.014045vG","ujqO70sWQRSvMWKa9rkVsPFEC4k2AceMUVFqsHbACz0=",
"45e162f6-d0f6-49e9-88d5-83eec0c1a8a2","STER_033.tickPlot.tck","D10","STER","STER_033","distributed","cultivatedCrops",40.476290,-103.010114,"WGS84",20.2,1355.1,0.2,"2016-07-20T18:13Z","STER.2016.29",,,"drag",160,"N",0,0,0,"No known compromise","NEON.DOC.014045vG","ujqO70sWQRSvMWKa9rkVsPFEC4k2AceMUVFqsHbACz0=",
