uid,namedLocation,domainID,siteID,plotID,plotType,nlcdClass,decimalLatitude,decimalLongitude,geodeticDatum,coordinateUncertainty,elevation,elevationUncertainty,collectDate,eventID,sampleID,sampleCode,samplingMethod,totalSampledArea,targetTaxaPresent,adultCount,nymphCount,larvaCount,sampleCondition,samplingProtocolVersion,measuredBy,remarks
"6ace1f03-f93b-4d75-8e14-5f7f927051a7","NIWO_003.tickPlot.tck","D13","NIWO","NIWO_003","distributed","grasslandHerbaceous",40.050268,-105.566230,"WGS84",20.1,3460.4,0.1,"2016-09-13T16:04Z","NIWO.2016.37",,,"drag",160,"N",0,0,0,"No known compromise","NEON.DOC.014045vG","/H9GLxVsm6WFraZjcy6LCqsNDzKzoqIN9mmXI2mgQR4=",
"fe6a509a-a168-4de9-b661-23db1628ffe0","NIWO_006.tickPlot.tck","D13","NIWO","NIWO_006","distributed","grasslandHerbaceous",40.055786,-105.563006,"WGS84",20.1,3455.0,0.1,"2016-09-13T17:02Z","NIWO.2016.37",,,"drag",163,"N",0,0,0,"No known compromise","NEON.DOC.014045vG","/H9GLxVsm6WFraZjcy6LCqsNDzKzoqIN9mmXI2mgQR4=",
"97f30a80-adbe-4771-81a8-aa8383e261e3","NIWO_017.tickPlot.tck","D13","NIWO","NIWO_017","distributed","evergreenForest",40.042252,-105.565951,"WGS84",20.2,3263.7,0.2,"2016-09-14T16:33Z","NIWO.2016.37",,,"drag and flag",167,"N",0,0,0,"No known compromise","NEON.DOC.014045vG","/H9GLxVsm6WFraZjcy6LCqsNDzKzoqIN9mmXI2mgQR4=",
"a0d36e59-1920-462d-9c21-aa335d0c9115","NIWO_021.tickPlot.tck","D13","NIWO","NIWO_021","distributed","evergreenForest",40.041022,-105.541760,"WGS84",20.1,2976.6,0.1,"2016-09-15T16:30Z","NIWO.2016.37",,,"drag and flag",165,"N",0,0,0,"No known compromise","NEON.DOC.014045vG","/H9GLxVsm6WFraZjcy6LCqsNDzKzoqIN9mmXI2mgQR4=",
"201b25a4-b9bf-41dc-b1c9-156b622ec9d0","NIWO_011.tickPlot.tck","D13","NIWO","NIWO_011","distributed","evergreenForest",40.035326,-105.554902,"WGS84",20.4,3103.3,0.4,"2016-09-15T18:34Z","NIWO.2016.37",,,"drag and flag",165,"N",0,0,0,"No known compromise","NEON.DOC.014045vG","/H9GLxVsm6WFraZjcy6LCqsNDzKzoqIN9mmXI2mgQR4=","Paused at 1248 due to precipitation and resumed at 1327."
"0763307b-00f5-480b-afbb-a15612badffd","NIWO_005.tickPlot.tck","D13","NIWO","NIWO_005","distributed","evergreenForest",40.043842,-105.571603,"WGS84",20.3,3285.9,0.4,"2016-09-16T15:56Z","NIWO.2016.37",,,"drag and flag",127,"N",0,0,0,"No known compromise","NEON.DOC.014045vG","/H9GLxVsm6WFraZjcy6LCqsNDzKzoqIN9mmXI2mgQR4=","~35 m skipped over due to marsh and running water on transect."
