uid,namedLocation,domainID,siteID,plotID,plotType,nlcdClass,decimalLatitude,decimalLongitude,geodeticDatum,coordinateUncertainty,elevation,elevationUncertainty,collectDate,eventID,sampleID,sampleCode,samplingMethod,totalSampledArea,targetTaxaPresent,adultCount,nymphCount,larvaCount,sampleCondition,samplingProtocolVersion,measuredBy,remarks
"5dc912bf-4659-43bc-af9d-425bea225125","BART_002.tickPlot.tck","D01","BART","BART_002","distributed","deciduousForest",44.035231,-71.274674,"WGS84",20.2,502.6,0.3,"2015-09-01T15:56Z","BART.2015.35",,,"drag and flag",170,"N",0,0,0,,"NEON.DOC.014045vF","afMynumrDJcbQNK5ece65stvlBUGBI24","no transcription errors found LL 20150924"
"e1ecb132-21a2-4b65-9886-eea2392e0ba9","BART_015.tickPlot.tck","D01","BART","BART_015","distributed","mixedForest",44.042149,-71.271603,"WGS84",20.3,455.0,0.5,"2015-09-01T16:53Z","BART.2015.35",,,"drag and flag",165,"N",0,0,0,,"NEON.DOC.014045vF","wmtulGhdefWiPr5g1VRF0YnRBawgSBx1",
"286d3c53-4239-4776-8709-9b792f58db53","BART_010.tickPlot.tck","D01","BART","BART_010","distributed","deciduousForest",44.051100,-71.267766,"WGS84",20.2,413.0,0.4,"2015-09-01T18:16Z","BART.2015.35",,,"drag and flag",165,"N",0,0,0,,"NEON.DOC.014045vF","afMynumrDJcbQNK5ece65stvlBUGBI24",
"543afe3c-de97-43e0-88d2-052816c34237","BART_011.tickPlot.tck","D01","BART","BART_011","distributed","mixedForest",44.048783,-71.295353,"WGS84",20.2,399.5,0.2,"2015-09-01T19:18Z","BART.2015.35",,,"drag and flag",170,"N",0,0,0,,"NEON.DOC.014045vF","wmtulGhdefWiPr5g1VRF0YnRBawgSBx1",
"c42a1085-9381-4c6a-ba3d-76f2b6bd76fb","BART_029.tickPlot.tck","D01","BART","BART_029","distributed","evergreenForest",44.058948,-71.289336,"WGS84",20.2,291.7,0.3,"2015-09-01T20:16Z","BART.2015.35",,,"drag and flag",140,"N",0,0,0,,"NEON.DOC.014045vF","afMynumrDJcbQNK5ece65stvlBUGBI24",
"c887683e-979d-4692-a415-3508f89cbb3f","BART_019.tickPlot.tck","D01","BART","BART_019","distributed","mixedForest",44.069350,-71.288001,"WGS84",20.2,231.8,0.2,"2015-09-02T13:04Z","BART.2015.35",,,"drag and flag",175,"N",0,0,0,,"NEON.DOC.014045vF","wmtulGhdefWiPr5g1VRF0YnRBawgSBx1","no transcription errors found LL 20150924"
