uid,namedLocation,domainID,siteID,plotID,plotType,nlcdClass,decimalLatitude,decimalLongitude,geodeticDatum,coordinateUncertainty,elevation,elevationUncertainty,collectDate,eventID,sampleID,sampleCode,samplingMethod,totalSampledArea,targetTaxaPresent,adultCount,nymphCount,larvaCount,sampleCondition,samplingProtocolVersion,measuredBy,remarks
"0f78765b-bb84-4824-a015-d8e6321536c4","LENO_023.tickPlot.tck","D08","LENO","LENO_023","distributed","deciduousForest",31.809463,-88.181417,"WGS84",20.2,11.6,0.2,"2018-10-01T16:07Z","LENO.2018.40","LENO_023.20181001","A00000015261","drag",160,"Y",0,1,0,"No known compromise","NEON.DOC.014045vJ","71MfCy+FRsto69311gQJvR+pq8mHvc/9aCd1qcCUSbo=",
"6cb0b035-518a-4a6c-8b75-0d07e17eaec1","LENO_015.tickPlot.tck","D08","LENO","LENO_015","distributed","woodyWetlands",31.817299,-88.191485,"WGS84",20.5,14.2,0.8,"2018-10-01T16:30Z","LENO.2018.40",,,"drag",120,"N",0,0,0,,"NEON.DOC.014045vJ","G+icSEozoRIO8dFY3CkYHkZbh2f4W2fHB+1iI/Y2HzQ=","Area excluded due to moisture"
"f037244a-9f00-4362-bc3b-2145387261bb","LENO_042.tickPlot.tck","D08","LENO","LENO_042","distributed","woodyWetlands",31.817825,-88.182881,"WGS84",20.2,14.6,0.3,"2018-10-01T16:50Z","LENO.2018.40",,,"drag",135,"N",0,0,0,,"NEON.DOC.014045vJ","G+icSEozoRIO8dFY3CkYHkZbh2f4W2fHB+1iI/Y2HzQ=","Area excluded due to moisture"
"9f07c603-f4d6-44b9-bfa4-d529aa87e424","LENO_004.tickPlot.tck","D08","LENO","LENO_004","distributed","woodyWetlands",31.822376,-88.181956,"WGS84",20.2,12.5,0.2,"2018-10-01T17:12Z","LENO.2018.40",,,"drag and flag",80,"N",0,0,0,,"NEON.DOC.014045vJ","G+icSEozoRIO8dFY3CkYHkZbh2f4W2fHB+1iI/Y2HzQ=","Area excluded due to moisture"
"bf2e6b29-ad34-4147-9fd1-eb150613cd95","LENO_003.tickPlot.tck","D08","LENO","LENO_003","distributed","deciduousForest",31.809581,-88.187553,"WGS84",20.2,15.4,0.4,"2018-10-01T17:15Z","LENO.2018.40",,,"drag",148,"N",0,0,0,,"NEON.DOC.014045vJ","64poQFGJhhoGk+ViS/sbZSFJ9fXNQZFjip4PFFWHEAg=",
"abbe7044-74ba-4a77-bb3f-edbedd4c14f7","LENO_002.tickPlot.tck","D08","LENO","LENO_002","distributed","woodyWetlands",31.806282,-88.195216,"WGS84",20.2,16.8,0.2,"2018-10-01T17:48Z","LENO.2018.40","LENO_002.20181001","A00000013950","drag and flag",160,"Y",0,3,0,"No known compromise","NEON.DOC.014045vJ","BDzq2IAJfRwsrXnG+WJfFzkBkbtaDALAaR+O7WZv4cM=","Sampled by two teams simultaneously; shorter sample time"
