uid,namedLocation,domainID,siteID,plotID,plotType,nlcdClass,decimalLatitude,decimalLongitude,geodeticDatum,coordinateUncertainty,elevation,elevationUncertainty,collectDate,eventID,sampleID,sampleCode,samplingMethod,totalSampledArea,targetTaxaPresent,adultCount,nymphCount,larvaCount,sampleCondition,samplingProtocolVersion,measuredBy,remarks
"760e8d35-81d9-452d-b8e8-f658e6cc6cbc","SJER_025.tickPlot.tck","D17","SJER","SJER_025","distributed","shrubScrub",37.128253,-119.760989,"WGS84",20.1,425.6,0.1,"2018-01-02T16:10Z","SJER.2018.1",,,"drag and flag",160,"N",0,0,0,,"NEON.DOC.014045vH","qSv0cJoAAsf9FpmMXsBfB+Dq3bP/Zy+7jaTQjgOFUdM=",
"6065916a-65c8-48fc-bcf4-50a5d85f9342","SJER_007.tickPlot.tck","D17","SJER","SJER_007","distributed","grasslandHerbaceous",37.112815,-119.752224,"WGS84",20.1,419.1,0.1,"2018-01-02T17:08Z","SJER.2018.1",,,"drag and flag",160,"N",0,0,0,,"NEON.DOC.014045vH","qSv0cJoAAsf9FpmMXsBfB+Dq3bP/Zy+7jaTQjgOFUdM=",
"653ea97a-643b-4f30-8c13-870f6e19333a","SJER_009.tickPlot.tck","D17","SJER","SJER_009","distributed","grasslandHerbaceous",37.118203,-119.740038,"WGS84",20.1,460.7,0.1,"2018-01-02T18:16Z","SJER.2018.1",,,"drag and flag",160,"N",0,0,0,,"NEON.DOC.014045vH","lX3vzM5VjEj+xgIr43jXDA9H25QCvS0VHwma6LUTkqw=",
"6e245e1f-3e4d-4266-98a4-9fe4e51aa41d","SJER_001.tickPlot.tck","D17","SJER","SJER_001","distributed","grasslandHerbaceous",37.107348,-119.721732,"WGS84",20.1,415.5,0.1,"2018-01-02T19:05Z","SJER.2018.1",,,"drag and flag",160,"N",0,0,0,,"NEON.DOC.014045vH","qSv0cJoAAsf9FpmMXsBfB+Dq3bP/Zy+7jaTQjgOFUdM=",
"b5d2a11c-7f2b-4677-91f4-f405afa4eae3","SJER_008.tickPlot.tck","D17","SJER","SJER_008","distributed","evergreenForest",37.106830,-119.716047,"WGS84",20.1,420.6,0.1,"2018-01-02T19:38Z","SJER.2018.1",,,"drag and flag",160,"N",0,0,0,,"NEON.DOC.014045vH","lX3vzM5VjEj+xgIr43jXDA9H25QCvS0VHwma6LUTkqw=",
"2961c73a-38ec-4878-9499-5313f7e08bad","SJER_002.tickPlot.tck","D17","SJER","SJER_002","distributed","grasslandHerbaceous",37.082062,-119.744707,"WGS84",20.1,327.7,0.1,"2018-01-02T20:52Z","SJER.2018.1",,,"drag",160,"N",0,0,0,,"NEON.DOC.014045vH","qSv0cJoAAsf9FpmMXsBfB+Dq3bP/Zy+7jaTQjgOFUdM=",
