uid,namedLocation,domainID,siteID,plotID,plotType,nlcdClass,decimalLatitude,decimalLongitude,geodeticDatum,coordinateUncertainty,elevation,elevationUncertainty,collectDate,eventID,sampleID,sampleCode,samplingMethod,totalSampledArea,targetTaxaPresent,adultCount,nymphCount,larvaCount,sampleCondition,samplingProtocolVersion,measuredBy,remarks
"41f93dcb-4fe0-4492-b636-a62a613d863a","BLAN_012.tickPlot.tck","D02","BLAN","BLAN_012","distributed","deciduousForest",39.082720,-77.959589,"WGS84",20.2,135.1,0.2,"2015-09-14T17:20Z","BLAN.2015.37",,,"drag and flag",170,"N",0,0,,,"NEON.DOC.014045vF","esNjjubcI51hdInmRHEEIrFR4+oIJtuN",
"c73533fd-7aea-474e-8224-3aba84776ef1","BLAN_002.tickPlot.tck","D02","BLAN","BLAN_002","distributed","pastureHay",39.091474,-77.982149,"WGS84",20.1,145.6,0.1,"2015-09-16T16:00Z","BLAN.2015.37",,,"drag",160,"N",0,0,,,"NEON.DOC.014045vF","esNjjubcI51hdInmRHEEIrFR4+oIJtuN",
"a7497a37-5dca-4572-9665-58ba622dbdb5","BLAN_004.tickPlot.tck","D02","BLAN","BLAN_004","distributed","pastureHay",39.088416,-77.961331,"WGS84",20.1,123.7,0.1,"2015-09-16T16:34Z","BLAN.2015.37",,,"drag",160,"N",0,0,,,"NEON.DOC.014045vF","esNjjubcI51hdInmRHEEIrFR4+oIJtuN",
"1b77872e-0881-4c81-b417-3bd2b614522a","BLAN_008.tickPlot.tck","D02","BLAN","BLAN_008","distributed","pastureHay",39.083870,-77.966320,"WGS84",20.4,159.6,0.5,"2015-09-16T16:56Z","BLAN.2015.37",,,"drag",160,"N",0,0,,,"NEON.DOC.014045vF","esNjjubcI51hdInmRHEEIrFR4+oIJtuN",
"dd9326d2-fc1d-48b3-910f-1a80fe8076a3","BLAN_015.tickPlot.tck","D02","BLAN","BLAN_015","distributed","deciduousForest",39.088728,-77.955494,"WGS84",20.2,125.9,0.2,"2015-09-17T14:43Z","BLAN.2015.37",,,"drag and flag",162,"N",0,0,,,"NEON.DOC.014045vF","esNjjubcI51hdInmRHEEIrFR4+oIJtuN",
"372ffd2b-be67-469a-8f59-bfe7531af6a3","BLAN_005.tickPlot.tck","D02","BLAN","BLAN_005","distributed","deciduousForest",39.086223,-77.972729,"WGS84",20.2,169.1,0.3,"2015-09-18T15:15Z","BLAN.2015.37","BLAN_005.20150918",,"drag and flag",162,"Y",0,2,47,"No known compromise","NEON.DOC.014045vF","esNjjubcI51hdInmRHEEIrFR4+oIJtuN",
