uid,namedLocation,plotID,collectDate,identifiedDate,sampleID,subsampleID,scientificName,acceptedTaxonID,taxonRank,family,subfamily,tribe,subtribe,genus,subgenus,specificEpithet,infraspecificEpithet,identificationQualifier,identificationReferences,identificationProtocolVersion,scientificNameAuthorship,sexOrAge,individualCount,sampleCondition,archiveMedium,archiveFacilityID,deprecatedVialID,identifiedBy,laboratoryName,remarks
"8db5ca2e-a286-4a2e-9b2f-cf27f53bc42f","SCBI_013.tickPlot.tck","SCBI_013","2015-07-07T17:00Z","2016-09-12T16:00Z","SCBI_013.20150707","SCBI_013.20150707.AMBAME.N","Amblyomma americanum","AMBAME","species","Ixodidae",,,,"Amblyomma",,"americanum",,,"Cooley, R. A. and G. M. Kohls. 1944. The genus Amblyomma (ixodidae) in the United States. The Journal of Parasitology, 30(2):77-111.","GSU_tickIdentification_SOP_2016-11-01.pdf","Linnaeus","Nymph",38,"OK","90% ethanol","USNMENT00865189",,"L. Beati","Georgia Southern University",
"55a91002-2c79-4c0b-b977-d918bedf881a","SCBI_013.tickPlot.tck","SCBI_013","2015-07-07T17:00Z","2016-09-12T16:00Z","SCBI_013.20150707","SCBI_013.20150707.DERVAR.M","Dermacentor variabilis","DERVAR","species","Ixodidae",,,,"Dermacentor",,"variabilis",,,"Yunker, C. E., Keirans, J. E., Clifford, C. M., and E. R. Easton. 1986. Dermacentor ticks (Acari: Ixodoidea: Ixodidae) of the New World: a scanning electron microscope atlas. Proceedings of the Entomological Society of Washington, 88(4):609-627.","GSU_tickIdentification_SOP_2016-11-01.pdf","Say","Male",1,"OK","90% ethanol","USNMENT00865188",,"L. Beati","Georgia Southern University",
"ab94b852-8613-47e6-b7e5-20ac04a8ebe9","SCBI_013.tickPlot.tck","SCBI_013","2015-07-07T17:00Z","2016-09-20T16:00Z","SCBI_013.20150707","SCBI_013.20150707.IXOSCA.N","Ixodes scapularis","IXOSCA","species","Ixodidae",,,,"Ixodes",,"scapularis",,,"Keirans, J. E., and C. M. Clifford. 1978. The genus Ixodes in the United States: a scanning electron microscope study and key to the adults. Journal of Medical Entomology, 15(Supplement 2):1-38.","GSU_tickIdentification_SOP_2016-11-01.pdf","Say","Nymph",1,"OK","90% ethanol","USNMENT00865335",,"L. Beati","Georgia Southern University",
"d9576319-f6be-4c07-bc66-6da036088391","SCBI_013.tickPlot.tck","SCBI_013","2015-07-07T17:00Z","2016-09-21T16:00Z","SCBI_013.20150707","SCBI_013.20150707.IXOSP.L","Ixodidae sp.","IXOSP","family","Ixodidae",,,,,,"sp.",,,,"GSU_tickIdentification_SOP_2016-11-01.pdf",,"Larva",1,"OK","90% ethanol","USNMENT00865187",,"L. Beati","Georgia Southern University",
"2b2dde43-424b-415f-806b-450c8d9dc147","SCBI_006.tickPlot.tck","SCBI_006","2015-07-08T18:40Z","2016-09-12T16:00Z","SCBI_006.20150708","SCBI_006.20150708.DERVAR.M","Dermacentor variabilis","DERVAR","species","Ixodidae",,,,"Dermacentor",,"variabilis",,,"Yunker, C. E., Keirans, J. E., Clifford, C. M., and E. R. Easton. 1986. Dermacentor ticks (Acari: Ixodoidea: Ixodidae) of the New World: a scanning electron microscope atlas. Proceedings of the Entomological Society of Washington, 88(4):609-627.","GSU_tickIdentification_SOP_2016-11-01.pdf","Say","Male",1,"OK","90% ethanol","USNMENT00865185",,"L. Beati","Georgia Southern University",
"7a447ad6-3da5-4c31-a3e8-6a1513b6ae08","SCBI_006.tickPlot.tck","SCBI_006","2015-07-08T18:40Z","2016-09-21T16:00Z","SCBI_006.20150708","SCBI_006.20150708.IXOSP.L","Ixodidae sp.","IXOSP","family","Ixodidae",,,,,,"sp.",,,,"GSU_tickIdentification_SOP_2016-11-01.pdf",,"Larva",1,"OK","90% ethanol","USNMENT00865186",,"L. Beati","Georgia Southern University",
"88403176-c815-47bf-b8cc-fd48362869a8","SCBI_002.tickPlot.tck","SCBI_002","2015-07-10T17:02Z","2016-09-20T16:00Z","SCBI_002.20150710","SCBI_002.20150710.IXOSCA.N","Ixodes scapularis","IXOSCA","species","Ixodidae",,,,"Ixodes",,"scapularis",,,"Keirans, J. E., and C. M. Clifford. 1978. The genus Ixodes in the United States: a scanning electron microscope study and key to the adults. Journal of Medical Entomology, 15(Supplement 2):1-38.","GSU_tickIdentification_SOP_2016-11-01.pdf","Say","Nymph",2,"OK","90% ethanol","USNMENT00865306",,"L. Beati","Georgia Southern University",
"f9c2d17d-f4cb-4c1b-908b-dd292487c932","SCBI_002.tickPlot.tck","SCBI_002","2015-07-10T17:02Z","2016-09-21T16:00Z","SCBI_002.20150710","SCBI_002.20150710.IXOSP.L","Ixodidae sp.","IXOSP","family","Ixodidae",,,,,,"sp.",,,,"GSU_tickIdentification_SOP_2016-11-01.pdf",,"Larva",1,"OK","90% ethanol","USNMENT00865305",,"L. Beati","Georgia Southern University",
"1e46d50a-709d-4c07-bbbb-edf4b5e65ef2","SCBI_039.tickPlot.tck","SCBI_039","2015-07-28T18:05Z","2016-09-12T16:00Z","SCBI_039.20150728","SCBI_039.20150728.DERVAR.F","Dermacentor variabilis","DERVAR","species","Ixodidae",,,,"Dermacentor",,"variabilis",,,"Yunker, C. E., Keirans, J. E., Clifford, C. M., and E. R. Easton. 1986. Dermacentor ticks (Acari: Ixodoidea: Ixodidae) of the New World: a scanning electron microscope atlas. Proceedings of the Entomological Society of Washington, 88(4):609-627.","GSU_tickIdentification_SOP_2016-11-01.pdf","Say","Female",1,"OK","90% ethanol","USNMENT00865170",,"L. Beati","Georgia Southern University",
"ab9485ba-dc1f-4fc1-9fa9-570b953dac69","SCBI_039.tickPlot.tck","SCBI_039","2015-07-28T18:05Z","2016-09-12T16:00Z","SCBI_039.20150728","SCBI_039.20150728.DERVAR.M","Dermacentor variabilis","DERVAR","species","Ixodidae",,,,"Dermacentor",,"variabilis",,,"Yunker, C. E., Keirans, J. E., Clifford, C. M., and E. R. Easton. 1986. Dermacentor ticks (Acari: Ixodoidea: Ixodidae) of the New World: a scanning electron microscope atlas. Proceedings of the Entomological Society of Washington, 88(4):609-627.","GSU_tickIdentification_SOP_2016-11-01.pdf","Say","Male",4,"OK","90% ethanol","USNMENT00865170",,"L. Beati","Georgia Southern University",
"ab0f69d2-7a4c-4c87-b787-17cb9e6cf82c","SCBI_013.tickPlot.tck","SCBI_013","2015-07-29T17:30Z","2016-09-13T16:00Z","SCBI_013.20150729","SCBI_013.20150729.IXOSCA.N","Ixodes scapularis","IXOSCA","species","Ixodidae",,,,"Ixodes",,"scapularis",,,"Keirans, J. E., and C. M. Clifford. 1978. The genus Ixodes in the United States: a scanning electron microscope study and key to the adults. Journal of Medical Entomology, 15(Supplement 2):1-38.","GSU_tickIdentification_SOP_2016-11-01.pdf","Say","Nymph",4,"OK","90% ethanol","USNMENT00865234",,"L. Beati","Georgia Southern University",
"c6a8b43b-8853-4339-b392-331a16ec3cac","SCBI_013.tickPlot.tck","SCBI_013","2015-07-29T17:30Z","2016-09-13T16:00Z","SCBI_013.20150729","SCBI_013.20150729.AMBAME.N","Amblyomma americanum","AMBAME","species","Ixodidae",,,,"Amblyomma",,"americanum",,,"Cooley, R. A. and G. M. Kohls. 1944. The genus Amblyomma (ixodidae) in the United States. The Journal of Parasitology, 30(2):77-111.","GSU_tickIdentification_SOP_2016-11-01.pdf","Linnaeus","Nymph",19,"OK","90% ethanol","USNMENT00865233",,"L. Beati","Georgia Southern University",
