uid,namedLocation,domainID,siteID,plotID,plotType,nlcdClass,decimalLatitude,decimalLongitude,geodeticDatum,coordinateUncertainty,elevation,elevationUncertainty,collectDate,eventID,sampleID,sampleCode,samplingMethod,totalSampledArea,targetTaxaPresent,adultCount,nymphCount,larvaCount,sampleCondition,samplingProtocolVersion,measuredBy,remarks
"ed3f02a1-a488-4e39-8990-92996a01d921","SCBI_013.tickPlot.tck","D02","SCBI","SCBI_013","distributed","deciduousForest",38.873041,-78.163313,"WGS84",20.2,361.3,0.3,"2015-07-07T17:00Z","SCBI.2015.27","SCBI_013.20150707",,"drag and flag",170,"Y",1,38,15,"No known compromise","NEON.DOC.014045vF","OkD7GLun5+3RpRIEva+aFeLLxTpNtG05",
"f6eb999a-fde6-4f07-807a-c34b34d6fed4","SCBI_006.tickPlot.tck","D02","SCBI","SCBI_006","distributed","pastureHay",38.897080,-78.150277,"WGS84",20.1,277.1,0.1,"2015-07-08T18:40Z","SCBI.2015.27","SCBI_006.20150708",,"drag",160,"Y",1,0,37,"No known compromise","NEON.DOC.014045vF","esNjjubcI51hdInmRHEEIrFR4+oIJtuN",
"56594a14-312e-427b-841e-d1017e388d0b","SCBI_002.tickPlot.tck","D02","SCBI","SCBI_002","distributed","deciduousForest",38.893863,-78.142704,"WGS84",20.2,327.7,0.2,"2015-07-10T17:02Z","SCBI.2015.27","SCBI_002.20150710",,"drag",162,"Y",0,1,139,"No known compromise","NEON.DOC.014045vF","WKwujoF6P3ZxI+eeCIL/I+GGipS0GPFs",
"1a23fd86-e8df-48f6-8011-29068e6596cb","SCBI_006.tickPlot.tck","D02","SCBI","SCBI_006","distributed","pastureHay",38.897080,-78.150277,"WGS84",20.1,277.1,0.1,"2015-07-27T13:09Z","SCBI.2015.30","SCBI_006.20150727",,"drag",160,"Y",0,0,3,"No known compromise","NEON.DOC.014045vF","esNjjubcI51hdInmRHEEIrFR4+oIJtuN",
"bc428155-5297-4d16-8619-b3a75f38350c","SCBI_002.tickPlot.tck","D02","SCBI","SCBI_002","distributed","deciduousForest",38.893863,-78.142704,"WGS84",20.2,327.7,0.2,"2015-07-27T14:08Z","SCBI.2015.30","SCBI_002.20150727",,"drag",160,"Y",0,1,207,"No known compromise","NEON.DOC.014045vF","esNjjubcI51hdInmRHEEIrFR4+oIJtuN",
"69e0a6c9-372c-4c07-bf61-f2d0a1b827ba","SCBI_007.tickPlot.tck","D02","SCBI","SCBI_007","distributed","deciduousForest",38.886013,-78.129365,"WGS84",20.2,428.3,0.2,"2015-07-27T15:50Z","SCBI.2015.30","SCBI_007.20150727",,"drag",151,"Y",0,0,24,"No known compromise","NEON.DOC.014045vF","esNjjubcI51hdInmRHEEIrFR4+oIJtuN",
"4fdd8526-0bbe-45e1-b29a-ce4c12b13b9c","SCBI_039.tickPlot.tck","D02","SCBI","SCBI_039","distributed","pastureHay",38.896433,-78.166542,"WGS84",20.1,330.8,0.1,"2015-07-28T18:05Z","SCBI.2015.30","SCBI_039.20150728",,"drag and flag",150,"Y",5,1,,"No known compromise","NEON.DOC.014045vF","js8EmhB6nU2WDi0O0huYtBsXHPRFrOwK","Established plot same day as sampling"
"96855864-499c-4bf6-919d-e8928972c744","SCBI_013.tickPlot.tck","D02","SCBI","SCBI_013","distributed","deciduousForest",38.873041,-78.163313,"WGS84",20.2,361.3,0.3,"2015-07-29T17:30Z","SCBI.2015.30","SCBI_013.20150729",,"drag",160,"Y",0,21,217,"No known compromise","NEON.DOC.014045vF","vEBCcEQSSh8eOBBCRWJ0ZW//xrXWbPVV",
"2f6bd372-d7e1-435c-957a-84115ebc3057","SCBI_005.tickPlot.tck","D02","SCBI","SCBI_005","distributed","deciduousForest",38.901859,-78.161940,"WGS84",20.2,263.6,0.3,"2015-07-31T14:52Z","SCBI.2015.30","SCBI_005.20150731",,"drag and flag",154,"Y",0,1,29,"No known compromise","NEON.DOC.014045vF","vEBCcEQSSh8eOBBCRWJ0ZW//xrXWbPVV",
