uid,namedLocation,domainID,siteID,plotID,plotType,nlcdClass,decimalLatitude,decimalLongitude,geodeticDatum,coordinateUncertainty,elevation,elevationUncertainty,collectDate,eventID,sampleID,sampleCode,samplingMethod,totalSampledArea,targetTaxaPresent,adultCount,nymphCount,larvaCount,sampleCondition,samplingProtocolVersion,measuredBy,remarks
"84ffa615-ab0b-4d5e-a7eb-0def5a29fd39","ONAQ_011.tickPlot.tck","D15","ONAQ","ONAQ_011","distributed","shrubScrub",40.152051,-112.455478,"WGS84",20.1,1617.0,0.1,"2017-05-02T14:11Z","ONAQ.2017.19",,,"drag and flag",163,"N",0,0,0,"No known compromise","NEON.DOC.014045vH","p2UN2HDPf58ITmcd3ellSheGBidP8jg2GYGJTpVj6IE=","2+.5"
"8c04614d-e2ea-40df-942f-129ab7e2bab7","ONAQ_009.tickPlot.tck","D15","ONAQ","ONAQ_009","distributed","shrubScrub",40.160581,-112.469377,"WGS84",20.1,1668.8,0.1,"2017-05-02T15:30Z","ONAQ.2017.19",,,"drag and flag",160,"N",0,0,0,"No known compromise","NEON.DOC.014045vH","xmOKbTaff7OATSHnt9Zvl9phka+pOkR3V15pr4OYSHk=",
"ac1a0d7e-12f5-4aba-a445-845fbb294550","ONAQ_016.tickPlot.tck","D15","ONAQ","ONAQ_016","distributed","shrubScrub",40.175449,-112.444448,"WGS84",20.1,1635.3,0.1,"2017-05-02T16:57Z","ONAQ.2017.19",,,"drag and flag",161,"N",0,0,0,"No known compromise","NEON.DOC.014045vH","p2UN2HDPf58ITmcd3ellSheGBidP8jg2GYGJTpVj6IE=",".5+.5"
"03dfe021-dd02-4a65-a643-11f1f25b6ce6","ONAQ_004.tickPlot.tck","D15","ONAQ","ONAQ_004","distributed","shrubScrub",40.187291,-112.471870,"WGS84",,1710.4,,"2017-05-02T18:15Z","ONAQ.2017.19",,,"drag and flag",160,"N",0,0,0,"No known compromise","NEON.DOC.014045vH","xmOKbTaff7OATSHnt9Zvl9phka+pOkR3V15pr4OYSHk=",
"c6fdde15-cabe-4695-8fd7-b1155e77aa70","ONAQ_023.tickPlot.tck","D15","ONAQ","ONAQ_023","distributed","evergreenForest",40.193985,-112.507206,"WGS84",20.1,1860.6,0.1,"2017-05-02T19:15Z","ONAQ.2017.19",,,"drag and flag",158,"N",0,0,0,"No known compromise","NEON.DOC.014045vH","xmOKbTaff7OATSHnt9Zvl9phka+pOkR3V15pr4OYSHk=",".25-3+.25"
"317d193b-0ea9-458f-a5d4-c5079431dc1a","ONAQ_005.tickPlot.tck","D15","ONAQ","ONAQ_005","distributed","shrubScrub",40.181926,-112.432741,"WGS84",20.1,1617.2,0.1,"2017-05-02T20:49Z","ONAQ.2017.19",,,"drag and flag",160,"N",0,0,0,"No known compromise","NEON.DOC.014045vH","xmOKbTaff7OATSHnt9Zvl9phka+pOkR3V15pr4OYSHk=",
"d4371dde-de92-4ee5-9121-f4286d87d416","ONAQ_011.tickPlot.tck","D15","ONAQ","ONAQ_011","distributed","shrubScrub",40.152051,-112.455478,"WGS84",20.1,1617.0,0.1,"2017-05-24T14:06Z","ONAQ.2017.22",,,"drag and flag",165,"N",0,0,0,,"NEON.DOC.014045vH","wsPgf8Zw9fJKymWy47Zkre6IykLRH3+g","bout originally scheduled for 20170518. Delayed due to inclement weather."
"3289e186-878e-46d3-8783-69910d3d77fd","ONAQ_009.tickPlot.tck","D15","ONAQ","ONAQ_009","distributed","shrubScrub",40.160581,-112.469377,"WGS84",20.1,1668.8,0.1,"2017-05-24T15:34Z","ONAQ.2017.22",,,"drag and flag",163,"N",0,0,0,,"NEON.DOC.014045vH","a0bnQm3N0DboKiiZ+8z115+kDXZLLYlZmRsmATfb1FI=","Bout originally scheduled for 20170518. Delayed due to inclement weather."
"efeaaf00-6163-48d0-b504-68933216baf0","ONAQ_023.tickPlot.tck","D15","ONAQ","ONAQ_023","distributed","evergreenForest",40.193985,-112.507206,"WGS84",20.1,1860.6,0.1,"2017-05-24T17:01Z","ONAQ.2017.22",,,"drag and flag",172,"N",0,0,0,,"NEON.DOC.014045vH","wsPgf8Zw9fJKymWy47Zkre6IykLRH3+g","Bout originally scheduled for 20170518. Delayed due to inclement weather."
"36f7b6e7-24c5-4411-99ea-6a4f84520d43","ONAQ_004.tickPlot.tck","D15","ONAQ","ONAQ_004","distributed","shrubScrub",40.187291,-112.471870,"WGS84",,1710.4,,"2017-05-24T18:15Z","ONAQ.2017.22",,,"drag and flag",160,"N",0,0,0,,"NEON.DOC.014045vH","a0bnQm3N0DboKiiZ+8z115+kDXZLLYlZmRsmATfb1FI=","Bout originally scheduled for 20170518. Delayed due to inclement weather."
"00bf4cb1-e388-4a06-a277-bc97d1c83dd7","ONAQ_016.tickPlot.tck","D15","ONAQ","ONAQ_016","distributed","shrubScrub",40.175449,-112.444448,"WGS84",20.1,1635.3,0.1,"2017-05-24T19:10Z","ONAQ.2017.22",,,"drag and flag",163,"N",0,0,0,,"NEON.DOC.014045vH","wsPgf8Zw9fJKymWy47Zkre6IykLRH3+g","Bout originally scheduled for 20170518. Delayed due to inclement weather."
"f7fee050-7e9f-4831-b28a-0037b0c8ebde","ONAQ_005.tickPlot.tck","D15","ONAQ","ONAQ_005","distributed","shrubScrub",40.181926,-112.432741,"WGS84",20.1,1617.2,0.1,"2017-05-24T20:05Z","ONAQ.2017.22",,,"drag and flag",160,"N",0,0,0,,"NEON.DOC.014045vH","a0bnQm3N0DboKiiZ+8z115+kDXZLLYlZmRsmATfb1FI=","Bout originally scheduled for 20170518. Delayed due to inclement weather."
