uid,namedLocation,domainID,siteID,plotID,plotType,nlcdClass,decimalLatitude,decimalLongitude,geodeticDatum,coordinateUncertainty,elevation,elevationUncertainty,collectDate,eventID,sampleID,sampleCode,samplingMethod,totalSampledArea,targetTaxaPresent,adultCount,nymphCount,larvaCount,sampleCondition,samplingProtocolVersion,measuredBy,remarks
"860106fe-f0b5-4cdc-afa3-82d40d74abc1","LAJA_004.tickPlot.tck","D04","LAJA","LAJA_004","distributed","pastureHay",18.016761,-67.079966,"WGS84",20.1,14.2,0.1,"2016-05-18T11:05Z","LAJA.2016.20",,,"drag and flag",160,"N",0,0,0,"No known compromise","NEON.DOC.014045vG","JYpGqoh1QQ3eP5RIJnpEN1WEYfJadbWZ",
"213c8367-f5da-45ca-a98e-5f5f475fcb91","LAJA_005.tickPlot.tck","D04","LAJA","LAJA_005","distributed","pastureHay",18.026834,-67.085519,"WGS84",20.1,21.3,0.1,"2016-05-18T14:25Z","LAJA.2016.20",,,"drag and flag",160,"N",0,0,0,"No known compromise","NEON.DOC.014045vG","JYpGqoh1QQ3eP5RIJnpEN1WEYfJadbWZ",
"db8a1960-9c41-43b1-983d-ddb362cf6a76","LAJA_001.tickPlot.tck","D04","LAJA","LAJA_001","distributed","grasslandHerbaceous",18.025778,-67.076305,"WGS84",20.1,21.9,0.1,"2016-05-18T16:20Z","LAJA.2016.20",,,"drag",160,"N",0,0,0,"No known compromise","NEON.DOC.014045vG","JYpGqoh1QQ3eP5RIJnpEN1WEYfJadbWZ",
"badfaa5e-57b3-4ff1-ab9d-93a210943267","LAJA_002.tickPlot.tck","D04","LAJA","LAJA_002","distributed","cultivatedCrops",18.034056,-67.073646,"WGS84",20.1,30.6,0.1,"2016-05-18T18:50Z","LAJA.2016.20",,,"drag and flag",160,"N",0,0,0,"No known compromise","NEON.DOC.014045vG","JYpGqoh1QQ3eP5RIJnpEN1WEYfJadbWZ",
