uid,namedLocation,domainID,siteID,plotID,plotType,nlcdClass,decimalLatitude,decimalLongitude,geodeticDatum,coordinateUncertainty,elevation,elevationUncertainty,collectDate,eventID,sampleID,sampleCode,samplingMethod,totalSampledArea,targetTaxaPresent,adultCount,nymphCount,larvaCount,sampleCondition,samplingProtocolVersion,measuredBy,remarks
"267edda0-1898-45fc-8583-c39cfb55d5e3","STEI_002.tickPlot.tck","D05","STEI","STEI_002","distributed","deciduousForest",45.796166,-90.091452,"WGS84",20.2,520.3,0.4,"2017-08-07T14:53Z","STEI.2017.33",,,"drag",160,"N",0,0,0,,"NEON.DOC.014045vH","B3+A7PSCzYQNuvhFZNKc8WSB7xvTYEqkan9IJpMz8To=",
"ceb8bc32-93b0-40b2-ada2-4c347461dc85","STEI_023.tickPlot.tck","D05","STEI","STEI_023","distributed","woodyWetlands",45.824017,-90.096171,"WGS84",20.2,480.4,0.3,"2017-08-07T15:06Z","STEI.2017.33","STEI_023.20170807",,"flag",161,"Y",0,1,0,"No known compromise","NEON.DOC.014045vH","U7RagQbUX4u+dLtUkT/w+eKoYvmR7sAlnCu38Rw8Rm0=",
"139fdf03-4e5c-41fb-836e-bb2a362007d1","STEI_001.tickPlot.tck","D05","STEI","STEI_001","distributed","deciduousForest",45.812978,-90.091123,"WGS84",20.3,509.3,0.4,"2017-08-07T15:58Z","STEI.2017.33",,,"drag and flag",160,"N",0,0,0,,"NEON.DOC.014045vH","B3+A7PSCzYQNuvhFZNKc8WSB7xvTYEqkan9IJpMz8To=",
"64aa1d2e-43ba-4d5c-b613-6274cb54bd52","STEI_005.tickPlot.tck","D05","STEI","STEI_005","distributed","deciduousForest",45.825112,-90.085882,"WGS84",20.3,509.9,0.5,"2017-08-07T16:10Z","STEI.2017.33",,,"flag",160,"N",0,0,0,,"NEON.DOC.014045vH","WXmC7HijdM2NsP75v+4sQyVqwIMmMBb8",
"5d17697f-f7b5-4472-b841-99a09932b8d4","STEI_029.tickPlot.tck","D05","STEI","STEI_029","distributed","mixedForest",45.832878,-90.075489,"WGS84",20.1,492.2,0.2,"2017-08-07T17:19Z","STEI.2017.33","STEI_029.20170807",,"flag",161,"Y",0,1,0,"No known compromise","NEON.DOC.014045vH","WXmC7HijdM2NsP75v+4sQyVqwIMmMBb8",
"46fbff6a-e524-4983-885c-706f60f1c858","STEI_003.tickPlot.tck","D05","STEI","STEI_003","distributed","deciduousForest",45.824086,-90.071058,"WGS84",20.3,510.1,0.5,"2017-08-07T17:43Z","STEI.2017.33",,,"drag and flag",160,"N",0,0,0,,"NEON.DOC.014045vH","B3+A7PSCzYQNuvhFZNKc8WSB7xvTYEqkan9IJpMz8To=",
