uid,namedLocation,domainID,siteID,plotID,plotType,nlcdClass,decimalLatitude,decimalLongitude,geodeticDatum,coordinateUncertainty,elevation,elevationUncertainty,collectDate,eventID,sampleID,sampleCode,samplingMethod,totalSampledArea,targetTaxaPresent,adultCount,nymphCount,larvaCount,sampleCondition,samplingProtocolVersion,measuredBy,remarks
"7c97f392-b10d-4eec-99b6-ea6bed2992e3","WOOD_009.tickPlot.tck","D09","WOOD","WOOD_009","distributed","grasslandHerbaceous",47.144534,-99.231072,"WGS84",20.1,573.5,0.2,"2014-10-08T15:00Z","WOOD.2014.40",,,"drag",162,"N",0,0,0,,"NEON.DOC.014045vD","kG/1AxPobKjgdYAdSrmzKg==",
"b2fae246-88b9-4705-b9f4-6f459402dd15","WOOD_002.tickPlot.tck","D09","WOOD","WOOD_002","distributed","grasslandHerbaceous",47.136802,-99.234546,"WGS84",20.1,578.3,0.1,"2014-10-08T15:37Z","WOOD.2014.40",,,"drag",160,"N",0,0,0,,"NEON.DOC.014045vD","kG/1AxPobKjgdYAdSrmzKg==",
"2f710f79-72ff-4b83-8fad-f74eb15a0d53","WOOD_006.tickPlot.tck","D09","WOOD","WOOD_006","distributed","grasslandHerbaceous",47.141023,-99.248055,"WGS84",20.1,587.2,0.1,"2014-10-08T16:14Z","WOOD.2014.40",,,"drag and flag",170,"N",0,0,0,,"NEON.DOC.014045vD","kG/1AxPobKjgdYAdSrmzKg==","NW corner hard to find, reflag next season or use new marker type"
"adb2d29d-8f10-4ed2-abf8-95fed3c02d7d","WOOD_007.tickPlot.tck","D09","WOOD","WOOD_007","distributed","grasslandHerbaceous",47.133887,-99.251357,"WGS84",20.4,593.6,0.3,"2014-10-08T17:00Z","WOOD.2014.40",,,"drag and flag",160,"N",0,0,0,,"NEON.DOC.014045vD","kG/1AxPobKjgdYAdSrmzKg==",
"ec90f73e-1408-478c-928d-979e19c4c7b8","WOOD_001.tickPlot.tck","D09","WOOD","WOOD_001","distributed","grasslandHerbaceous",47.127200,-99.256464,"WGS84",20.1,593.8,0.2,"2014-10-08T17:37Z","WOOD.2014.40",,,"drag",160,"N",0,0,0,,"NEON.DOC.014045vD","kG/1AxPobKjgdYAdSrmzKg==","NO TRANSCRIPTION ERRORS FOUND"
