uid,namedLocation,domainID,siteID,plotID,plotType,nlcdClass,decimalLatitude,decimalLongitude,geodeticDatum,coordinateUncertainty,elevation,elevationUncertainty,collectDate,eventID,sampleID,sampleCode,samplingMethod,totalSampledArea,targetTaxaPresent,adultCount,nymphCount,larvaCount,sampleCondition,samplingProtocolVersion,measuredBy,remarks
"e5cf8a3a-1dee-45b8-b7a5-ef49f0d00678","BARR_030.tickPlot.tck","D18","BARR","BARR_030","distributed","sedgeHerbaceous",71.247964,-156.434250,"WGS84",20.1,4.9,0.1,"2018-08-08T18:05Z","BARR.2018.32",,,"drag",160,"N",0,0,0,,"NEON.DOC.014045vJ","+wmRCJ94RBVYVw7BO61SEb7PUfFw/Z78D7y6iRzx1k4=",
"3011b452-2a89-40d2-a85c-589788711b77","BARR_084.tickPlot.tck","D18","BARR","BARR_084","distributed","sedgeHerbaceous",71.247981,-156.448470,"WGS84",20.1,5.1,0.1,"2018-08-08T18:32Z","BARR.2018.32",,,"drag",166,"N",0,0,0,,"NEON.DOC.014045vJ","+wmRCJ94RBVYVw7BO61SEb7PUfFw/Z78D7y6iRzx1k4=",
"1acb291e-ff7a-4b66-8d34-f00521a9070f","BARR_037.tickPlot.tck","D18","BARR","BARR_037","distributed","sedgeHerbaceous",71.250379,-156.489119,"WGS84",20.1,3.4,0.1,"2018-08-08T18:52Z","BARR.2018.32",,,"drag",162,"N",0,0,0,,"NEON.DOC.014045vJ","+wmRCJ94RBVYVw7BO61SEb7PUfFw/Z78D7y6iRzx1k4=",
"c59d5e8b-3110-4c0f-b061-014d1b5179f6","BARR_031.tickPlot.tck","D18","BARR","BARR_031","distributed","sedgeHerbaceous",71.252010,-156.505674,"WGS84",20.1,4.9,0.1,"2018-08-08T19:09Z","BARR.2018.32",,,"drag",160,"N",0,0,0,,"NEON.DOC.014045vJ","+wmRCJ94RBVYVw7BO61SEb7PUfFw/Z78D7y6iRzx1k4=",
"2dfbd3e3-bbd1-492f-b0e7-ce92acfaac37","BARR_034.tickPlot.tck","D18","BARR","BARR_034","distributed","sedgeHerbaceous",71.256148,-156.532613,"WGS84",20.1,6.5,0.1,"2018-08-08T20:02Z","BARR.2018.32",,,"drag",154,"N",0,0,0,,"NEON.DOC.014045vJ","+wmRCJ94RBVYVw7BO61SEb7PUfFw/Z78D7y6iRzx1k4=",
