uid,namedLocation,domainID,siteID,plotID,plotType,nlcdClass,decimalLatitude,decimalLongitude,geodeticDatum,coordinateUncertainty,elevation,elevationUncertainty,collectDate,eventID,sampleID,sampleCode,samplingMethod,totalSampledArea,targetTaxaPresent,adultCount,nymphCount,larvaCount,sampleCondition,samplingProtocolVersion,measuredBy,remarks
"89e8a7ff-7864-4167-96cf-caf5bb137b28","JERC_044.tickPlot.tck","D03","JERC","JERC_044","distributed","mixedForest",31.195549,-84.482479,"WGS84",20.1,42.5,0.1,"2014-09-02T21:02Z","JERC.2014.35",,,"drag and flag",162,"N",0,0,0,,"NEON.DOC.014045vD","/DFsN2FycEz9qG+SSaACNg==","No ticks collected"
"641ec54d-ea8b-4aad-aaad-8191252af07a","JERC_034.tickPlot.tck","D03","JERC","JERC_034","distributed","deciduousForest",31.198824,-84.491213,"WGS84",20.1,44.9,0.2,"2014-09-02T21:45Z","JERC.2014.35",,,"drag and flag",162,"N",0,0,0,,"NEON.DOC.014045vD","/DFsN2FycEz9qG+SSaACNg==","No ticks collected; NO TRANSCRIPTION ERROR FOUND"
"9550ac02-a2e9-4471-b270-9b6d39e5b66f","JERC_004.tickPlot.tck","D03","JERC","JERC_004","distributed","cultivatedCrops",31.190115,-84.467381,"WGS84",20.1,43.6,0.2,"2014-09-03T14:29Z","JERC.2014.35",,,"drag",160,"N",0,0,0,,"NEON.DOC.014045vD","/DFsN2FycEz9qG+SSaACNg==","No ticks collected"
"ed3302ea-dd41-48b0-bf99-e3e6c57e4e42","JERC_005.tickPlot.tck","D03","JERC","JERC_005","distributed","evergreenForest",31.194878,-84.452157,"WGS84",20.3,48.1,0.4,"2014-09-03T17:07Z","JERC.2014.35",,,"drag and flag",161,"N",0,0,0,,"NEON.DOC.014045vD","/DFsN2FycEz9qG+SSaACNg==","No ticks collected"
"d6dd9571-5825-4f27-83c2-046eb98e4d0b","JERC_002.tickPlot.tck","D03","JERC","JERC_002","distributed","evergreenForest",31.194065,-84.461537,"WGS84",20.3,56.0,0.5,"2014-09-03T17:26Z","JERC.2014.35",,,"drag and flag",162,"N",0,0,0,,"NEON.DOC.014045vD","/DFsN2FycEz9qG+SSaACNg==","No ticks collected; NO TRANSCRIPTION ERROR FOUND"
"9501c30a-7e8f-4302-9dc7-9eedf6a45f36","JERC_002.tickPlot.tck","D03","JERC","JERC_002","distributed","evergreenForest",31.194065,-84.461537,"WGS84",20.3,56.0,0.5,"2014-09-23T17:18Z","JERC.2014.38",,,"drag and flag",160,"N",0,0,0,,"NEON.DOC.014045vD","15UoIG0bBdOUiabUv6LvBQ==","No catch. Utilized 2 drag cloths."
"00d69390-e0ff-4988-8087-c7557c5c1246","JERC_010.tickPlot.tck","D03","JERC","JERC_010","distributed","deciduousForest",31.209219,-84.470530,"WGS84",20.2,40.5,0.5,"2014-09-23T17:24Z","JERC.2014.38",,,"drag and flag",163,"N",0,0,0,,"NEON.DOC.014045vD","784IxgP7tZFSOZGOMDEJ9w==","No catch. Utilized 2 drag cloths."
"3b728293-b07d-42cb-9113-ffd59aed4239","JERC_004.tickPlot.tck","D03","JERC","JERC_004","distributed","cultivatedCrops",31.190115,-84.467381,"WGS84",20.1,43.6,0.2,"2014-09-23T17:37Z","JERC.2014.38",,,"drag",167,"N",0,0,0,,"NEON.DOC.014045vD","15UoIG0bBdOUiabUv6LvBQ==","No catch. Utilized 2 drag cloths. No transcription errors."
"bf1bc289-0395-4d67-ade3-d8136157428e","JERC_005.tickPlot.tck","D03","JERC","JERC_005","distributed","evergreenForest",31.194878,-84.452157,"WGS84",20.3,48.1,0.4,"2014-09-23T17:55Z","JERC.2014.38",,,"drag and flag",163,"N",0,0,0,,"NEON.DOC.014045vD","15UoIG0bBdOUiabUv6LvBQ==","No catch. Utilized 2 drag cloths."
"c929de9b-f9f5-4f25-a124-c5d22bfb0563","JERC_044.tickPlot.tck","D03","JERC","JERC_044","distributed","mixedForest",31.195549,-84.482479,"WGS84",20.1,42.5,0.1,"2014-09-23T17:58Z","JERC.2014.38",,,"drag and flag",174,"N",0,0,0,,"NEON.DOC.014045vD","784IxgP7tZFSOZGOMDEJ9w==","No catch. Utilized 2 drag cloths."
"40709409-1c7c-43a8-abed-074d655ced2c","JERC_034.tickPlot.tck","D03","JERC","JERC_034","distributed","deciduousForest",31.198824,-84.491213,"WGS84",20.1,44.9,0.2,"2014-09-23T18:30Z","JERC.2014.38",,,"drag and flag",167,"N",0,0,0,,"NEON.DOC.014045vD","784IxgP7tZFSOZGOMDEJ9w==","No catch. Utilized 2 drag cloths. No transcription errors."
