uid,namedLocation,domainID,siteID,plotID,plotType,nlcdClass,decimalLatitude,decimalLongitude,geodeticDatum,coordinateUncertainty,elevation,elevationUncertainty,collectDate,eventID,sampleID,sampleCode,samplingMethod,totalSampledArea,targetTaxaPresent,adultCount,nymphCount,larvaCount,sampleCondition,samplingProtocolVersion,measuredBy,remarks
"cbe69b3d-f269-412b-96ac-9982305fb45a","SCBI_002.tickPlot.tck","D02","SCBI","SCBI_002","distributed","deciduousForest",38.893863,-78.142704,"WGS84",20.2,327.7,0.2,"2015-04-13T13:39Z","SCBI.2015.15",,,"drag",160,"N",0,0,,,"NEON.DOC.014045vF","esNjjubcI51hdInmRHEEIrFR4+oIJtuN",
"6ec2d49e-b098-4f52-859e-93fa37dc210d","SCBI_006.tickPlot.tck","D02","SCBI","SCBI_006","distributed","pastureHay",38.897080,-78.150277,"WGS84",20.1,277.1,0.1,"2015-04-13T14:33Z","SCBI.2015.15",,,"drag",160,"N",0,0,,,"NEON.DOC.014045vF","esNjjubcI51hdInmRHEEIrFR4+oIJtuN",
"5b3f7840-4a95-45a9-b20c-264d44d02948","SCBI_039.tickPlot.tck","D02","SCBI","SCBI_039","distributed","pastureHay",38.896433,-78.166542,"WGS84",20.1,330.8,0.1,"2015-04-13T15:11Z","SCBI.2015.15",,,"drag and flag",170,"N",0,0,,,"NEON.DOC.014045vF","esNjjubcI51hdInmRHEEIrFR4+oIJtuN","thick forbes"
"4bfcedd6-d99f-4728-b3ac-d8398d5c77eb","SCBI_013.tickPlot.tck","D02","SCBI","SCBI_013","distributed","deciduousForest",38.873041,-78.163313,"WGS84",20.2,361.3,0.3,"2015-04-13T16:53Z","SCBI.2015.15","SCBI_013.20150413",,"drag",165,"Y",2,1,,"No known compromise","NEON.DOC.014045vF","esNjjubcI51hdInmRHEEIrFR4+oIJtuN",
"c8ba4c37-8d27-4538-9c1b-adc71c34bfba","SCBI_005.tickPlot.tck","D02","SCBI","SCBI_005","distributed","deciduousForest",38.901859,-78.161940,"WGS84",20.2,263.6,0.3,"2015-04-13T18:09Z","SCBI.2015.15","SCBI_005.20150413",,"drag and flag",162,"Y",2,2,,"No known compromise","NEON.DOC.014045vF","esNjjubcI51hdInmRHEEIrFR4+oIJtuN",
"af882f5d-815c-440f-a4d0-271a368bd367","SCBI_007.tickPlot.tck","D02","SCBI","SCBI_007","distributed","deciduousForest",38.886013,-78.129365,"WGS84",20.2,428.3,0.2,"2015-04-13T18:20Z","SCBI.2015.15","SCBI_007.20150413",,"drag and flag",149,"Y",2,1,,"No known compromise","NEON.DOC.014045vF","esNjjubcI51hdInmRHEEIrFR4+oIJtuN","1 adult A. americanum, other Ixodes"
