uid,namedLocation,plotID,collectDate,identifiedDate,sampleID,subsampleID,scientificName,acceptedTaxonID,taxonRank,family,subfamily,tribe,subtribe,genus,subgenus,specificEpithet,infraspecificEpithet,identificationQualifier,identificationReferences,identificationProtocolVersion,scientificNameAuthorship,sexOrAge,individualCount,sampleCondition,archiveMedium,archiveFacilityID,deprecatedVialID,identifiedBy,laboratoryName,remarks
"aada58ce-be2b-43f0-bd12-167a3dbc644a","SCBI_013.tickPlot.tck","SCBI_013","2015-04-13T16:53Z","2016-09-16T16:00Z","SCBI_013.20150413","SCBI_013.20150413.AMBAME.M","Amblyomma americanum","AMBAME","species","Ixodidae",,,,"Amblyomma",,"americanum",,,"Cooley, R. A. and G. M. Kohls. 1944. The genus Amblyomma (ixodidae) in the United States. The Journal of Parasitology, 30(2):77-111.","GSU_tickIdentification_SOP_2016-11-01.pdf","Linnaeus","Male",1,"OK","90% ethanol","USNMENT00865256",,"L. Beati","Georgia Southern University",
"61ad85cf-afbd-4619-80c2-632afb4533a2","SCBI_013.tickPlot.tck","SCBI_013","2015-04-13T16:53Z","2016-09-16T16:00Z","SCBI_013.20150413","SCBI_013.20150413.IXOSCA.N","Ixodes scapularis","IXOSCA","species","Ixodidae",,,,"Ixodes",,"scapularis",,,"Keirans, J. E., and C. M. Clifford. 1978. The genus Ixodes in the United States: a scanning electron microscope study and key to the adults. Journal of Medical Entomology, 15(Supplement 2):1-38.","GSU_tickIdentification_SOP_2016-11-01.pdf","Say","Nymph",1,"OK","90% ethanol","USNMENT00865255",,"L. Beati","Georgia Southern University",
"25a86f58-d994-4148-af1f-f0ebf9fc1eae","SCBI_013.tickPlot.tck","SCBI_013","2015-04-13T16:53Z","2016-09-20T16:00Z","SCBI_013.20150413","SCBI_013.20150413.IXOSCA.F","Ixodes scapularis","IXOSCA","species","Ixodidae",,,,"Ixodes",,"scapularis",,,"Keirans, J. E., and C. M. Clifford. 1978. The genus Ixodes in the United States: a scanning electron microscope study and key to the adults. Journal of Medical Entomology, 15(Supplement 2):1-38.","GSU_tickIdentification_SOP_2016-11-01.pdf","Say","Female",1,"OK","90% ethanol","USNMENT00865309",,"L. Beati","Georgia Southern University",
"b2a665a6-f483-4cd9-bed0-a4f8e3d5d406","SCBI_005.tickPlot.tck","SCBI_005","2015-04-13T18:09Z","2016-09-16T16:00Z","SCBI_005.20150413","SCBI_005.20150413.AMBAME.M","Amblyomma americanum","AMBAME","species","Ixodidae",,,,"Amblyomma",,"americanum",,,"Cooley, R. A. and G. M. Kohls. 1944. The genus Amblyomma (ixodidae) in the United States. The Journal of Parasitology, 30(2):77-111.","GSU_tickIdentification_SOP_2016-11-01.pdf","Linnaeus","Male",1,"OK","90% ethanol","USNMENT00865249",,"L. Beati","Georgia Southern University",
"3afd31f4-6f6b-4084-a3fe-bad23c20bf5e","SCBI_005.tickPlot.tck","SCBI_005","2015-04-13T18:09Z","2016-09-16T16:00Z","SCBI_005.20150413","SCBI_005.20150413.AMBAME.F","Amblyomma americanum","AMBAME","species","Ixodidae",,,,"Amblyomma",,"americanum",,,"Cooley, R. A. and G. M. Kohls. 1944. The genus Amblyomma (ixodidae) in the United States. The Journal of Parasitology, 30(2):77-111.","GSU_tickIdentification_SOP_2016-11-01.pdf","Linnaeus","Female",1,"OK","90% ethanol","USNMENT00865249",,"L. Beati","Georgia Southern University",
"e247d1e8-5dfa-4703-9378-db2a3c7e5c29","SCBI_005.tickPlot.tck","SCBI_005","2015-04-13T18:09Z","2016-09-16T16:00Z","SCBI_005.20150413","SCBI_005.20150413.AMBAME.N","Amblyomma americanum","AMBAME","species","Ixodidae",,,,"Amblyomma",,"americanum",,,"Cooley, R. A. and G. M. Kohls. 1944. The genus Amblyomma (ixodidae) in the United States. The Journal of Parasitology, 30(2):77-111.","GSU_tickIdentification_SOP_2016-11-01.pdf","Linnaeus","Nymph",2,"OK","90% ethanol","USNMENT00865249",,"L. Beati","Georgia Southern University",
"ea01f690-fb86-4ec7-a016-6432de9a2426","SCBI_007.tickPlot.tck","SCBI_007","2015-04-13T18:20Z","2016-09-20T16:00Z","SCBI_007.20150413","SCBI_007.20150413.IXOSCA.F","Ixodes scapularis","IXOSCA","species","Ixodidae",,,,"Ixodes",,"scapularis",,,"Keirans, J. E., and C. M. Clifford. 1978. The genus Ixodes in the United States: a scanning electron microscope study and key to the adults. Journal of Medical Entomology, 15(Supplement 2):1-38.","GSU_tickIdentification_SOP_2016-11-01.pdf","Say","Female",1,"OK","90% ethanol","USNMENT00865283",,"L. Beati","Georgia Southern University",
"0a927df2-fe54-454d-8778-2bb0cd21cca0","SCBI_007.tickPlot.tck","SCBI_007","2015-04-13T18:20Z","2016-09-20T16:00Z","SCBI_007.20150413","SCBI_007.20150413.AMBAME.N","Amblyomma americanum","AMBAME","species","Ixodidae",,,,"Amblyomma",,"americanum",,,"Cooley, R. A. and G. M. Kohls. 1944. The genus Amblyomma (ixodidae) in the United States. The Journal of Parasitology, 30(2):77-111.","GSU_tickIdentification_SOP_2016-11-01.pdf","Linnaeus","Nymph",1,"OK","90% ethanol","USNMENT00865338",,"L. Beati","Georgia Southern University",
"18daef6e-038d-4b78-a3ae-a97752678da5","SCBI_007.tickPlot.tck","SCBI_007","2015-04-13T18:20Z","2016-09-20T16:00Z","SCBI_007.20150413","SCBI_007.20150413.AMBAME.F","Amblyomma americanum","AMBAME","species","Ixodidae",,,,"Amblyomma",,"americanum",,,"Cooley, R. A. and G. M. Kohls. 1944. The genus Amblyomma (ixodidae) in the United States. The Journal of Parasitology, 30(2):77-111.","GSU_tickIdentification_SOP_2016-11-01.pdf","Linnaeus","Female",1,"OK","90% ethanol","USNMENT00865337",,"L. Beati","Georgia Southern University",
