uid,namedLocation,domainID,siteID,plotID,plotType,nlcdClass,decimalLatitude,decimalLongitude,geodeticDatum,coordinateUncertainty,elevation,elevationUncertainty,collectDate,eventID,sampleID,sampleCode,samplingMethod,totalSampledArea,targetTaxaPresent,adultCount,nymphCount,larvaCount,sampleCondition,samplingProtocolVersion,measuredBy,remarks
"fbf12372-cf80-43f9-b9ca-deb61c7b94a2","MOAB_003.tickPlot.tck","D13","MOAB","MOAB_003","distributed","evergreenForest",38.261626,-109.347802,"WGS84",20.2,2013.4,0.5,"2016-07-28T13:35Z","MOAB.2016.30",,,"drag and flag",166,"N",0,0,0,"No known compromise","NEON.DOC.014045vG","wcMB+uWhN6DlxgYb80zZ5eNIhcO7pIW7",
"78bb2716-d5d3-4847-a486-0c0c5ff7e929","MOAB_005.tickPlot.tck","D13","MOAB","MOAB_005","distributed","shrubScrub",38.210851,-109.402026,"WGS84",20.1,1763.5,0.1,"2016-07-28T16:48Z","MOAB.2016.30",,,"drag and flag",163,"N",0,0,0,"No known compromise","NEON.DOC.014045vG","wcMB+uWhN6DlxgYb80zZ5eNIhcO7pIW7",
"8de0d4b5-93f5-42e2-a575-c56b9a710fe7","MOAB_002.tickPlot.tck","D13","MOAB","MOAB_002","distributed","shrubScrub",38.211659,-109.413380,"WGS84",20.1,1770.3,0.1,"2016-07-28T17:41Z","MOAB.2016.30",,,"drag and flag",164,"N",0,0,0,"No known compromise","NEON.DOC.014045vG","wcMB+uWhN6DlxgYb80zZ5eNIhcO7pIW7",
"9378e61d-e508-49d8-b10f-413a4cbc18da","MOAB_006.tickPlot.tck","D13","MOAB","MOAB_006","distributed","shrubScrub",38.235080,-109.406067,"WGS84",20.1,1759.8,0.1,"2016-07-28T18:57Z","MOAB.2016.30",,,"drag and flag",170,"N",0,0,0,"No known compromise","NEON.DOC.014045vG","sxK1eMW53CxRI/0OI2rpx5YWCMgwt0VV",
"210ef236-399d-4dda-8727-ce63519ee159","MOAB_004.tickPlot.tck","D13","MOAB","MOAB_004","distributed","shrubScrub",38.234505,-109.398111,"WGS84",20.1,1763.9,0.1,"2016-07-28T19:47Z","MOAB.2016.30",,,"drag and flag",162,"N",0,0,0,"No known compromise","NEON.DOC.014045vG","sxK1eMW53CxRI/0OI2rpx5YWCMgwt0VV",
"d7b56958-0361-4364-982b-f564d8491917","MOAB_001.tickPlot.tck","D13","MOAB","MOAB_001","distributed","shrubScrub",38.258888,-109.413897,"WGS84",20.1,1804.0,0.1,"2016-07-28T20:45Z","MOAB.2016.30",,,"drag and flag",169,"N",0,0,0,"No known compromise","NEON.DOC.014045vG","sxK1eMW53CxRI/0OI2rpx5YWCMgwt0VV",
