uid,namedLocation,domainID,siteID,plotID,plotType,nlcdClass,decimalLatitude,decimalLongitude,geodeticDatum,coordinateUncertainty,elevation,elevationUncertainty,collectDate,eventID,sampleID,sampleCode,samplingMethod,totalSampledArea,targetTaxaPresent,adultCount,nymphCount,larvaCount,sampleCondition,samplingProtocolVersion,measuredBy,remarks
"ff34c9a9-3438-45df-ad3d-b9a96edd69b9","SRER_003.tickPlot.tck","D14","SRER","SRER_003","distributed","shrubScrub",31.840004,-110.915794,"WGS84",20.1,977.6,0.1,"2016-04-14T14:58Z","SRER.2016.15",,,"drag and flag",166,"N",0,0,0,"No known compromise","NEON.DOC.014045vG","LIb2Qspxfb7UkXrsnKmy40X9V2GkLqcN","6 m deviation"
"cf912b95-9ae6-40a6-985e-4f52fec8e33d","SRER_006.tickPlot.tck","D14","SRER","SRER_006","distributed","shrubScrub",31.797005,-110.910555,"WGS84",20.1,1046.3,0.1,"2016-04-14T16:30Z","SRER.2016.15",,,"drag and flag",164,"N",0,0,0,"No known compromise","NEON.DOC.014045vG","LaEMI0VE2Jq2QdGQjNnhw2k8C7fNX28F","4 m"
"ce2def16-3f1e-4326-a76b-d7a862449c2e","SRER_008.tickPlot.tck","D14","SRER","SRER_008","distributed","shrubScrub",31.868129,-110.813836,"WGS84",20.1,1172.7,0.1,"2016-04-14T18:15Z","SRER.2016.15",,,"drag and flag",166,"N",0,0,0,"No known compromise","NEON.DOC.014045vG","LIb2Qspxfb7UkXrsnKmy40X9V2GkLqcN","6 m"
"2a6c0c58-2400-44b1-8b9d-3c6ce86ccf0f","SRER_004.tickPlot.tck","D14","SRER","SRER_004","distributed","shrubScrub",31.908022,-110.816123,"WGS84",20.0,1039.1,0.0,"2016-04-14T19:45Z","SRER.2016.15",,,"drag and flag",166,"N",0,0,0,"No known compromise","NEON.DOC.014045vG","LIb2Qspxfb7UkXrsnKmy40X9V2GkLqcN","6 m"
"75ef31c1-480e-4857-9131-624590443970","SRER_002.tickPlot.tck","D14","SRER","SRER_002","distributed","shrubScrub",31.871226,-110.855454,"WGS84",20.1,1032.1,0.1,"2016-04-14T21:15Z","SRER.2016.15",,,"drag and flag",172,"N",0,0,0,"No known compromise","NEON.DOC.014045vG","LaEMI0VE2Jq2QdGQjNnhw2k8C7fNX28F","12 m"
"f1e5f0aa-2c9e-457b-b857-ef14ccfdd096","SRER_007.tickPlot.tck","D14","SRER","SRER_007","distributed","shrubScrub",31.898810,-110.874149,"WGS84",20.1,934.9,0.1,"2016-04-14T22:35Z","SRER.2016.15",,,"drag and flag",165,"N",0,0,0,"No known compromise","NEON.DOC.014045vG","LaEMI0VE2Jq2QdGQjNnhw2k8C7fNX28F","5 m could not locate NE corner marker. NE corner estimation"
