uid,namedLocation,domainID,siteID,plotID,plotType,nlcdClass,decimalLatitude,decimalLongitude,geodeticDatum,coordinateUncertainty,elevation,elevationUncertainty,collectDate,eventID,sampleID,sampleCode,samplingMethod,totalSampledArea,targetTaxaPresent,adultCount,nymphCount,larvaCount,sampleCondition,samplingProtocolVersion,measuredBy,remarks
"69c4835d-fdd9-43ef-91ba-29e3aace7030","JORN_004.tickPlot.tck","D14","JORN","JORN_004","distributed","shrubScrub",32.629997,-106.859194,"WGS84",20.1,1332.6,0.1,"2016-04-20T15:30Z","JORN.2016.16",,,"drag and flag",172,"N",0,0,0,"No known compromise","NEON.DOC.014045vG","iPd2weNKgFZuwHFng3gG1T/JqxbmDQNs",
"ceac03bb-8938-4478-8e3a-a59c3071d235","JORN_002.tickPlot.tck","D14","JORN","JORN_002","distributed","shrubScrub",32.612341,-106.827225,"WGS84",20.1,1328.9,0.1,"2016-04-20T17:11Z","JORN.2016.16",,,"drag and flag",165,"N",0,0,0,"No known compromise","NEON.DOC.014045vG","iPd2weNKgFZuwHFng3gG1T/JqxbmDQNs",
"8abea7a5-cd6d-45d6-850b-f75f16c453f1","JORN_006.tickPlot.tck","D14","JORN","JORN_006","distributed","shrubScrub",32.591754,-106.825128,"WGS84",20.1,1323.4,0.1,"2016-04-20T18:40Z","JORN.2016.16",,,"drag and flag",164,"N",0,0,0,"No known compromise","NEON.DOC.014045vG","iPd2weNKgFZuwHFng3gG1T/JqxbmDQNs",
"ca1af402-aedd-4db2-94ea-530377bb1981","JORN_003.tickPlot.tck","D14","JORN","JORN_003","distributed","shrubScrub",32.599768,-106.839372,"WGS84",20.1,1321.1,0.1,"2016-04-20T20:03Z","JORN.2016.16",,,"drag and flag",162,"N",0,0,0,"No known compromise","NEON.DOC.014045vG","iPd2weNKgFZuwHFng3gG1T/JqxbmDQNs",
"63e54aef-0de3-479d-b9aa-d7e395ff99da","JORN_001.tickPlot.tck","D14","JORN","JORN_001","distributed","shrubScrub",32.603710,-106.801348,"WGS84",20.1,1323.4,0.1,"2016-04-20T21:10Z","JORN.2016.16",,,"drag and flag",150,"N",0,0,0,"No known compromise","NEON.DOC.014045vG","iPd2weNKgFZuwHFng3gG1T/JqxbmDQNs",
"149f10e1-8ff0-4dff-8e24-55a6855b9ef6","JORN_005.tickPlot.tck","D14","JORN","JORN_005","distributed","shrubScrub",32.575619,-106.801784,"WGS84",20.1,1324.8,0.2,"2016-04-20T22:16Z","JORN.2016.16",,,"drag",165,"N",0,0,0,"No known compromise","NEON.DOC.014045vG","iPd2weNKgFZuwHFng3gG1T/JqxbmDQNs",
