uid,namedLocation,domainID,siteID,plotID,plotType,nlcdClass,decimalLatitude,decimalLongitude,geodeticDatum,coordinateUncertainty,elevation,elevationUncertainty,collectDate,eventID,sampleID,sampleCode,samplingMethod,totalSampledArea,targetTaxaPresent,adultCount,nymphCount,larvaCount,sampleCondition,samplingProtocolVersion,measuredBy,remarks
"4223ff81-873c-46dc-9bd0-0b8e5641d20b","CPER_007.tickPlot.tck","D10","CPER","CPER_007","distributed","grasslandHerbaceous",40.860878,-104.684952,"WGS84",20.1,1646.7,0.1,"2014-06-26T16:05Z","CPER.2014.25",,,"drag",160,"N",0,0,0,,"NEON.DOC.014045vD","iiMkM6xo3fFaXSJiDEGsMA==",
"8d668907-ae4e-428b-8c60-7d125c3e6724","CPER_001.tickPlot.tck","D10","CPER","CPER_001","distributed","grasslandHerbaceous",40.851012,-104.701302,"WGS84",20.1,1639.1,0.1,"2014-06-26T16:52Z","CPER.2014.25",,,"drag",160,"N",0,0,0,,"NEON.DOC.014045vD","iiMkM6xo3fFaXSJiDEGsMA==",
"ecf99d05-caaa-4f70-aa55-a21ee03cf47f","CPER_005.tickPlot.tck","D10","CPER","CPER_005","distributed","grasslandHerbaceous",40.852571,-104.726331,"WGS84",20.1,1662.6,0.1,"2014-06-26T18:15Z","CPER.2014.25",,,"drag",160,"N",0,0,0,,"NEON.DOC.014045vD","iiMkM6xo3fFaXSJiDEGsMA==",
"a1f885ba-98ec-4d8b-8644-1f6716318190","CPER_003.tickPlot.tck","D10","CPER","CPER_003","distributed","grasslandHerbaceous",40.819808,-104.707147,"WGS84",20.1,1625.7,0.1,"2014-06-26T19:14Z","CPER.2014.25",,,"drag",166,"N",0,0,0,,"NEON.DOC.014045vD","iiMkM6xo3fFaXSJiDEGsMA==",
"23f8ea29-228f-4d89-95ca-df09ea1d51bd","CPER_004.tickPlot.tck","D10","CPER","CPER_004","distributed","grasslandHerbaceous",40.814104,-104.696817,"WGS84",20.1,1617.2,0.1,"2014-06-26T20:04Z","CPER.2014.25",,,"drag",160,"N",0,0,0,,"NEON.DOC.014045vD","iiMkM6xo3fFaXSJiDEGsMA==",
"a9cdc372-ca25-44d6-a74b-ee6897918a48","CPER_002.tickPlot.tck","D10","CPER","CPER_002","distributed","grasslandHerbaceous",40.811446,-104.727626,"WGS84",20.1,1645.8,0.1,"2014-06-26T20:45Z","CPER.2014.25",,,"drag",160,"N",0,0,0,,"NEON.DOC.014045vD","iiMkM6xo3fFaXSJiDEGsMA==",
