uid,namedLocation,domainID,siteID,plotID,plotType,nlcdClass,decimalLatitude,decimalLongitude,geodeticDatum,coordinateUncertainty,elevation,elevationUncertainty,collectDate,eventID,sampleID,sampleCode,samplingMethod,totalSampledArea,targetTaxaPresent,adultCount,nymphCount,larvaCount,sampleCondition,samplingProtocolVersion,measuredBy,remarks
"8947e06c-e63a-4581-97ab-44e61d6a46b5","JORN_006.tickPlot.tck","D14","JORN","JORN_006","distributed","shrubScrub",32.591754,-106.825128,"WGS84",20.1,1323.4,0.1,"2018-06-12T14:16Z","JORN.2018.24",,,"drag",164,"N",0,0,0,,"NEON.DOC.014045vJ","jsTjq759p0sW6l4HEM4a2vh3YQ8Sowis",
"8d763983-29e9-4605-a22c-6cbdf7c55339","JORN_004.tickPlot.tck","D14","JORN","JORN_004","distributed","shrubScrub",32.629997,-106.859194,"WGS84",20.1,1332.6,0.1,"2018-06-12T14:32Z","JORN.2018.24",,,"drag and flag",160,"N",0,0,0,,"NEON.DOC.014045vJ","BdYPsBF1wVSFIgcnJ4YU7wzVNMmgTmHPoueUWpBsAl4=",
"0607f7ab-f51b-4987-b0d0-99a3703cff05","JORN_003.tickPlot.tck","D14","JORN","JORN_003","distributed","shrubScrub",32.599768,-106.839372,"WGS84",20.1,1321.1,0.1,"2018-06-12T15:47Z","JORN.2018.24",,,"drag",162,"N",0,0,0,,"NEON.DOC.014045vJ","/uvjuaD++HCtf3w9RLf6E56KDXXjpmcR9UAMTbNmRAY=",
"9898756b-d91c-4c30-b8b4-9f3ac4c5c096","JORN_002.tickPlot.tck","D14","JORN","JORN_002","distributed","shrubScrub",32.612341,-106.827225,"WGS84",20.1,1328.9,0.1,"2018-06-12T16:06Z","JORN.2018.24",,,"drag and flag",165,"N",0,0,0,,"NEON.DOC.014045vJ","6mz9BOpEXJfWnsfaCDp2VeNi64QAxud/hqUY0dfm53M=",
"20c28113-0bb8-4d5f-adc3-71a72146541b","JORN_001.tickPlot.tck","D14","JORN","JORN_001","distributed","shrubScrub",32.603710,-106.801348,"WGS84",20.1,1323.4,0.1,"2018-06-12T17:15Z","JORN.2018.24",,,"drag and flag",156,"N",0,0,0,,"NEON.DOC.014045vJ","6mz9BOpEXJfWnsfaCDp2VeNi64QAxud/hqUY0dfm53M=","Small tear developed in sheet"
"4dd221db-bf31-436d-bc1e-265eb078c0e1","JORN_005.tickPlot.tck","D14","JORN","JORN_005","distributed","shrubScrub",32.575619,-106.801784,"WGS84",20.1,1324.8,0.2,"2018-06-12T17:29Z","JORN.2018.24",,,"drag",165,"N",0,0,0,,"NEON.DOC.014045vJ","jsTjq759p0sW6l4HEM4a2vh3YQ8Sowis",
