uid,namedLocation,domainID,siteID,plotID,plotType,nlcdClass,decimalLatitude,decimalLongitude,geodeticDatum,coordinateUncertainty,elevation,elevationUncertainty,collectDate,eventID,sampleID,sampleCode,samplingMethod,totalSampledArea,targetTaxaPresent,adultCount,nymphCount,larvaCount,sampleCondition,samplingProtocolVersion,measuredBy,remarks
"8f5fd53e-d488-4f57-a380-d06b15fe92c8","GUAN_002.tickPlot.tck","D04","GUAN","GUAN_002","distributed","evergreenForest",17.972295,-66.826103,"WGS84",6.6,87.8,0.3,"2017-05-23T12:18Z","GUAN.2017.22",,,"drag and flag",126,"N",0,0,0,,"NEON.DOC.014045vG","kbCMcQCBYkIGeEbw5o+toEE8cQWHX4IZ",
"b90f10e7-c935-47fb-8ba2-a913d8f21355","GUAN_031.tickPlot.tck","D04","GUAN","GUAN_031","distributed","evergreenForest",17.962171,-66.844084,"WGS84",6.4,43.4,0.1,"2017-05-23T14:52Z","GUAN.2017.22",,,"drag and flag",116,"N",0,0,0,,"NEON.DOC.014045vG","kbCMcQCBYkIGeEbw5o+toEE8cQWHX4IZ",
"0b32b644-cbbb-461f-bbba-f95f7b4eef19","GUAN_004.tickPlot.tck","D04","GUAN","GUAN_004","distributed","evergreenForest",17.968031,-66.853366,"WGS84",20.1,149.4,0.1,"2017-05-23T16:03Z","GUAN.2017.22",,,"drag",140,"N",0,0,0,,"NEON.DOC.014045vG","kbCMcQCBYkIGeEbw5o+toEE8cQWHX4IZ","First 20m unable to record due to high wasp activity."
"ce1ac203-7ca6-4da8-ab6d-59347b1059b6","GUAN_066.tickPlot.tck","D04","GUAN","GUAN_066","distributed","evergreenForest",17.974132,-66.879606,"WGS84",6.5,197.3,0.2,"2017-05-24T11:39Z","GUAN.2017.22",,,"drag",160,"N",0,0,0,"No known compromise","NEON.DOC.014045vG","llBB5GilomiL3H9rNtINJeX8UHMAu+L47sXe3XmgpK0=",
"63de7122-0372-4aab-9400-a44f6eeb83aa","GUAN_065.tickPlot.tck","D04","GUAN","GUAN_065","distributed","evergreenForest",17.972714,-66.873134,"WGS84",6.6,187.3,0.5,"2017-05-24T12:40Z","GUAN.2017.22",,,"drag and flag",158,"N",0,0,0,"No known compromise","NEON.DOC.014045vG","JbCt3ZVS0Z8p+FnZZjYv2ST6kFQlRmlIVPqV7NV33A8=",
"b557879b-ed15-4e2f-84b1-c891f9ffc57e","GUAN_006.tickPlot.tck","D04","GUAN","GUAN_006","distributed","evergreenForest",17.964057,-66.875100,"WGS84",6.5,84.5,0.3,"2017-05-24T14:15Z","GUAN.2017.22",,,"drag and flag",160,"N",0,0,0,"No known compromise","NEON.DOC.014045vG","llBB5GilomiL3H9rNtINJeX8UHMAu+L47sXe3XmgpK0=",
