uid,namedLocation,date,domainID,siteID,plotID,plotType,nlcdClass,decimalLatitude,decimalLongitude,geodeticDatum,coordinateUncertainty,easting,northing,utmZone,elevation,elevationUncertainty,eventID,samplingProtocolVersion,treesPresent,treesAbsentList,shrubsPresent,shrubsAbsentList,lianasPresent,lianasAbsentList,nestedSubplotAreaShrubSapling,nestedSubplotAreaLiana,totalSampledAreaTrees,totalSampledAreaShrubSapling,totalSampledAreaLiana,remarks,measuredBy,recordedBy,dataQF
"38433f36-988d-4660-b458-82f478ae35c3","GUAN_015.basePlot.vst","2015-09-01","D04","GUAN","GUAN_015","distributed","evergreenForest",17.976917,-66.861915,"WGS84",20.3,726415.54,1988936.00,"19N",207.8,0.4,"vst_GUAN_2015","NEON.DOC.000987vD",,,,,,,"10","noneSelected",400,80,400,,"VgRfkWGhIvw7Lc3BZsfq4yVGE4SMiFspuj44bfl0sEQThAZl8otYdV7nNAhBoRkELia4kWfqEY1ZmMJxoTDZXzHWRQZOv/utAvgKklQ/V/+ZQIW4yeLC+cK9VHWgejtKQC92dDOpa7Y=","fiApssCEcSVZh4fTchGlfQK3pYYnYQUQ","legacyData"
"452e0f44-3e96-48b3-897d-40aa1b11ea71","GUAN_015.basePlot.vst","2015-09-02","D04","GUAN","GUAN_015","distributed","evergreenForest",17.976917,-66.861915,"WGS84",20.3,726415.54,1988936.00,"19N",207.8,0.4,"vst_GUAN_2015","NEON.DOC.000987vD",,,,,,,"10","noneSelected",400,80,400,,"bhzZP3Y0xKGj5tQFevjoL8SD9yIOx3Ri","g9AObJQf3eYkUFZYJaxA4ygWnVX2Kjzk","legacyData"
"794094e4-aeba-451e-aec2-230c0b840e0e","GUAN_013.basePlot.vst","2015-09-07","D04","GUAN","GUAN_013","distributed","evergreenForest",17.963662,-66.837731,"WGS84",20.1,728994.62,1987498.36,"19N",62.0,0.1,"vst_GUAN_2015","NEON.DOC.000987vD",,,,,,,"10","noneSelected",400,80,400,,"ZPZlrLzh6rXBfy+C2AwxHwz7izO+Lbvm","g9AObJQf3eYkUFZYJaxA4ygWnVX2Kjzk","legacyData"
"f3625f08-8d0f-46c7-b87c-7d2cbdd1d1e7","GUAN_013.basePlot.vst","2015-09-07","D04","GUAN","GUAN_013","distributed","evergreenForest",17.963662,-66.837731,"WGS84",20.1,728994.62,1987498.36,"19N",62.0,0.1,"vst_GUAN_2015","NEON.DOC.000987vD",,,,,,,"10","noneSelected",400,80,400,,"g9AObJQf3eYkUFZYJaxA4ygWnVX2Kjzk","g9AObJQf3eYkUFZYJaxA4ygWnVX2Kjzk","legacyData"
"ced78e77-c208-4b9a-b133-07fff6b46d4f","GUAN_013.basePlot.vst","2015-09-08","D04","GUAN","GUAN_013","distributed","evergreenForest",17.963662,-66.837731,"WGS84",20.1,728994.62,1987498.36,"19N",62.0,0.1,"vst_GUAN_2015","NEON.DOC.000987vD",,,,,,,"10","noneSelected",400,80,400,,"WQHHBslzt3YhQk8e8WylCTXkGi2Y2GE784pJiYOUXTo=","g9AObJQf3eYkUFZYJaxA4ygWnVX2Kjzk","legacyData"
"bd0d7eb5-1824-48f9-a35c-ac14c6eb6443","GUAN_013.basePlot.vst","2015-09-08","D04","GUAN","GUAN_013","distributed","evergreenForest",17.963662,-66.837731,"WGS84",20.1,728994.62,1987498.36,"19N",62.0,0.1,"vst_GUAN_2015","NEON.DOC.000987vD",,,,,,,"10","noneSelected",400,80,400,,"fiApssCEcSVZh4fTchGlfQK3pYYnYQUQ","bhzZP3Y0xKGj5tQFevjoL8SD9yIOx3Ri","legacyData"
"9d84edc3-63ed-45b7-9936-f0595aae7f20","GUAN_007.basePlot.vst","2015-09-09","D04","GUAN","GUAN_007","distributed","evergreenForest",17.972832,-66.857711,"WGS84",20.1,726866.12,1988488.93,"19N",174.7,0.2,"vst_GUAN_2015","NEON.DOC.000987vD",,,,,,,"10","noneSelected",400,80,400,,"8rHzSbnDOXhpq1RB6lSoH2hgWBtav0ErlRGPB+twq8M=","bhzZP3Y0xKGj5tQFevjoL8SD9yIOx3Ri","legacyData"
"60d67a68-79a4-4a4e-894d-32913f784179","GUAN_007.basePlot.vst","2015-09-09","D04","GUAN","GUAN_007","distributed","evergreenForest",17.972832,-66.857711,"WGS84",20.1,726866.12,1988488.93,"19N",174.7,0.2,"vst_GUAN_2015","NEON.DOC.000987vD",,,,,,,"10","noneSelected",400,80,400,,"g9AObJQf3eYkUFZYJaxA4ygWnVX2Kjzk","g9AObJQf3eYkUFZYJaxA4ygWnVX2Kjzk","legacyData"
"6bc756fb-9316-436f-a945-36c4165eea15","GUAN_007.basePlot.vst","2015-09-10","D04","GUAN","GUAN_007","distributed","evergreenForest",17.972832,-66.857711,"WGS84",20.1,726866.12,1988488.93,"19N",174.7,0.2,"vst_GUAN_2015","NEON.DOC.000987vD",,,,,,,"10","noneSelected",400,80,400,,"ZPZlrLzh6rXBfy+C2AwxHwz7izO+Lbvm","g9AObJQf3eYkUFZYJaxA4ygWnVX2Kjzk","legacyData"
