uid,namedLocation,date,domainID,siteID,plotID,plotType,nlcdClass,decimalLatitude,decimalLongitude,geodeticDatum,coordinateUncertainty,easting,northing,utmZone,elevation,elevationUncertainty,eventID,samplingProtocolVersion,treesPresent,treesAbsentList,shrubsPresent,shrubsAbsentList,lianasPresent,lianasAbsentList,nestedSubplotAreaShrubSapling,nestedSubplotAreaLiana,totalSampledAreaTrees,totalSampledAreaShrubSapling,totalSampledAreaLiana,remarks,measuredBy,recordedBy,dataQF
"5151bd3a-5ebb-4788-ab30-3ddc02c1352e","UKFS_032.basePlot.vst","2015-08-15","D06","UKFS","UKFS_032","tower","deciduousForest",39.041659,-95.197031,"WGS84",20.1,309857.12,4323696.45,"15N",302.5,0.2,"vst_UKFS_2015","NEON.DOC.000987vD",,,,,,,"noneSelected","noneSelected",800,800,800,,,"DOUhwPq/qFN1mcefjm4mRN6R3dnmH36W","legacyData"
"737ed76e-2535-4ec2-a7c8-98635a5aef41","UKFS_057.basePlot.vst","2015-08-16","D06","UKFS","UKFS_057","tower","mixedForest",39.042534,-95.193596,"WGS84",20.1,310156.77,4323786.39,"15N",321.5,0.1,"vst_UKFS_2015","NEON.DOC.000987vD",,,,,,,"25","noneSelected",800,100,800,,,"i4noBcO6tGRKu7kCP4TjhZnquBZje6iZffexMhwAbjhZJzx+I00PBRUgpBbezCj3","legacyData"
"8253e340-054d-42be-ac35-9acccbf47964","UKFS_051.basePlot.vst","2015-08-16","D06","UKFS","UKFS_051","tower","evergreenForest",39.043336,-95.193274,"WGS84",20.1,310186.79,4323874.73,"15N",324.4,0.1,"vst_UKFS_2015","NEON.DOC.000987vD",,,,,,,"25","noneSelected",800,100,800,,,"i4noBcO6tGRKu7kCP4TjhSpBIjyS9PngnXsfxJ+XHKuDQbXdL+i8auCjlGLO9iFy","legacyData"
"a922e576-7403-404d-8195-e9d3aa251afb","UKFS_057.basePlot.vst","2015-08-16","D06","UKFS","UKFS_057","tower","mixedForest",39.042534,-95.193596,"WGS84",20.1,310156.77,4323786.39,"15N",321.5,0.1,"vst_UKFS_2015","NEON.DOC.000987vD",,,,,,,"25","noneSelected",800,100,800,,,"i4noBcO6tGRKu7kCP4TjhSpBIjyS9PngnXsfxJ+XHKuDQbXdL+i8auCjlGLO9iFy","legacyData"
"df44cb3c-7da0-480a-be4c-d885d1040c64","UKFS_051.basePlot.vst","2015-08-16","D06","UKFS","UKFS_051","tower","evergreenForest",39.043336,-95.193274,"WGS84",20.1,310186.79,4323874.73,"15N",324.4,0.1,"vst_UKFS_2015","NEON.DOC.000987vD",,,,,,,"25","noneSelected",800,100,800,,,"5t9bvoSAq+cOxiWWXGv0Dsr+vDRnVTZjt8RVbL2B14hb07U15BiwNOx9wlmdQDwX","legacyData"
"c157ccb2-be3b-428c-9a66-524936171199","UKFS_055.basePlot.vst","2015-08-17","D06","UKFS","UKFS_055","tower","deciduousForest",39.044352,-95.197127,"WGS84",20.1,309856.03,4323995.55,"15N",306.0,0.1,"vst_UKFS_2015","NEON.DOC.000987vD",,,,,,,"25","noneSelected",800,100,800,,,"UsnPQQcli111AMZqi8tbyKhlJbCgom80","legacyData"
"c3e1cafd-03d8-4dce-99fc-cc07cdfb9692","UKFS_047.basePlot.vst","2015-08-17","D06","UKFS","UKFS_047","tower","deciduousForest",39.040155,-95.190753,"WGS84",20.1,310396.48,4323516.41,"15N",316.6,0.2,"vst_UKFS_2015","NEON.DOC.000987vD",,,,,,,"100","noneSelected",800,400,800,,,"5t9bvoSAq+cOxiWWXGv0Dsr+vDRnVTZjt8RVbL2B14hb07U15BiwNOx9wlmdQDwX","legacyData"
"c7622605-b69c-4f03-8ddf-3137216d0fe1","UKFS_055.basePlot.vst","2015-08-17","D06","UKFS","UKFS_055","tower","deciduousForest",39.044352,-95.197127,"WGS84",20.1,309856.03,4323995.55,"15N",306.0,0.1,"vst_UKFS_2015","NEON.DOC.000987vD",,,,,,,"25","noneSelected",800,100,800,,,"UsnPQQcli111AMZqi8tbyKhlJbCgom80","legacyData"
"d33a5d3a-9976-408f-87f6-ce995bf624f6","UKFS_047.basePlot.vst","2015-08-17","D06","UKFS","UKFS_047","tower","deciduousForest",39.040155,-95.190753,"WGS84",20.1,310396.48,4323516.41,"15N",316.6,0.2,"vst_UKFS_2015","NEON.DOC.000987vD",,,,,,,"100","noneSelected",800,400,800,,,"5t9bvoSAq+cOxiWWXGv0Dsr+vDRnVTZjt8RVbL2B14hb07U15BiwNOx9wlmdQDwX","legacyData"
"8c51d2b3-002b-4c71-862c-93fc2af00bc5","UKFS_058.basePlot.vst","2015-08-19","D06","UKFS","UKFS_058","tower","deciduousForest",39.039343,-95.191076,"WGS84",20.3,310366.35,4323426.96,"15N",310.4,0.3,"vst_UKFS_2015","NEON.DOC.000987vD",,,,,,,"100","noneSelected",800,400,800,,,"5t9bvoSAq+cOxiWWXGv0DoMtbGlc7Ful","legacyData"
"619a70ef-bc5d-46eb-83ec-dbc5c8b1ebef","UKFS_058.basePlot.vst","2015-08-19","D06","UKFS","UKFS_058","tower","deciduousForest",39.039343,-95.191076,"WGS84",20.3,310366.35,4323426.96,"15N",310.4,0.3,"vst_UKFS_2015","NEON.DOC.000987vD",,,,,,,"100","noneSelected",800,400,800,,,"5t9bvoSAq+cOxiWWXGv0DoMtbGlc7Ful","legacyData"
"1071eff0-a612-40f3-8a2e-79c3028e7086","UKFS_060.basePlot.vst","2015-08-22","D06","UKFS","UKFS_060","tower","deciduousForest",39.043014,-95.197093,"WGS84",20.2,309855.38,4323846.97,"15N",300.5,0.2,"vst_UKFS_2015","NEON.DOC.000987vD",,,,,,,"100","noneSelected",800,400,800,,,"DOUhwPq/qFN1mcefjm4mRN6R3dnmH36W","legacyData"
"2a03f8c8-bc03-40d9-b511-f36a4aa59a51","UKFS_060.basePlot.vst","2015-08-22","D06","UKFS","UKFS_060","tower","deciduousForest",39.043014,-95.197093,"WGS84",20.2,309855.38,4323846.97,"15N",300.5,0.2,"vst_UKFS_2015","NEON.DOC.000987vD",,,,,,,"noneSelected","noneSelected",800,800,800,,,"DOUhwPq/qFN1mcefjm4mRN6R3dnmH36W","legacyData"
"898b2998-baef-4abf-bdba-e288dec17b40","UKFS_056.basePlot.vst","2015-08-23","D06","UKFS","UKFS_056","tower","deciduousForest",39.036952,-95.188549,"WGS84",20.1,310578.69,4323156.32,"15N",292.5,0.2,"vst_UKFS_2015","NEON.DOC.000987vD",,,,,,,"100","noneSelected",800,400,800,,,"DOUhwPq/qFN1mcefjm4mRN6R3dnmH36W","legacyData"
"d42c4284-5b43-4835-8144-96b46a97d59b","UKFS_054.basePlot.vst","2015-08-23","D06","UKFS","UKFS_054","tower","deciduousForest",39.034221,-95.189175,"WGS84",20.1,310517.21,4322854.51,"15N",296.1,0.1,"vst_UKFS_2015","NEON.DOC.000987vE",,,,,,,"100","noneSelected",800,400,800,,,"DOUhwPq/qFN1mcefjm4mRN6R3dnmH36W","legacyData"
"2b34f2ec-20f6-42b2-8761-ee8d6d022cf3","UKFS_056.basePlot.vst","2015-08-23","D06","UKFS","UKFS_056","tower","deciduousForest",39.036952,-95.188549,"WGS84",20.1,310578.69,4323156.32,"15N",292.5,0.2,"vst_UKFS_2015","NEON.DOC.000987vD",,,,,,,"100","noneSelected",800,400,800,,,"DOUhwPq/qFN1mcefjm4mRN6R3dnmH36W","legacyData"
"f1541dba-b286-4927-a150-46ff807d93f0","UKFS_054.basePlot.vst","2015-08-23","D06","UKFS","UKFS_054","tower","deciduousForest",39.034221,-95.189175,"WGS84",20.1,310517.21,4322854.51,"15N",296.1,0.1,"vst_UKFS_2015","NEON.DOC.000987vD",,,,,,,"100","noneSelected",800,400,800,,,"DOUhwPq/qFN1mcefjm4mRN6R3dnmH36W","legacyData"
"4299742f-33b8-473c-b35d-56b789e710fe","UKFS_050.basePlot.vst","2015-08-24","D06","UKFS","UKFS_050","tower","deciduousForest",39.035960,-95.197909,"WGS84",20.2,309765.83,4323065.76,"15N",324.5,0.2,"vst_UKFS_2015","NEON.DOC.000987vD",,,,,,,"10","noneSelected",800,40,800,,,"5t9bvoSAq+cOxiWWXGv0DoMtbGlc7Ful","legacyData"
"1b9840e8-4385-4ad8-8355-9368dedee551","UKFS_046.basePlot.vst","2015-08-25","D06","UKFS","UKFS_046","tower","deciduousForest",39.034931,-95.195800,"WGS84",20.1,309945.63,4322947.14,"15N",311.1,0.1,"vst_UKFS_2015","NEON.DOC.000987vD",,,,,,,"noneSelected","noneSelected",800,800,800,,,"DOUhwPq/qFN1mcefjm4mRN6R3dnmH36W","legacyData"
"9d5feb14-7899-4f0c-9f65-862d0bf8dccf","UKFS_043.basePlot.vst","2015-08-25","D06","UKFS","UKFS_043","tower","deciduousForest",39.035201,-95.194410,"WGS84",20.1,310066.68,4322974.21,"15N",292.1,0.2,"vst_UKFS_2015","NEON.DOC.000987vD",,,,,,,"100","noneSelected",800,400,800,,,"5t9bvoSAq+cOxiWWXGv0DoMtbGlc7Ful","legacyData"
"dca0d396-5d9b-4050-817a-bda94ee95d45","UKFS_045.basePlot.vst","2015-08-25","D06","UKFS","UKFS_045","tower","deciduousForest",39.037634,-95.194836,"WGS84",20.2,310036.32,4323245.13,"15N",318.1,0.2,"vst_UKFS_2015","NEON.DOC.000987vD",,,,,,,"10","noneSelected",800,40,800,,,"OosB/dWxKxLOyV7fgKvKZwUCozhHxcvi","legacyData"
"fb924baa-e8e2-4719-93e2-bf9d39abee15","UKFS_045.basePlot.vst","2015-08-25","D06","UKFS","UKFS_045","tower","deciduousForest",39.037634,-95.194836,"WGS84",20.2,310036.32,4323245.13,"15N",318.1,0.2,"vst_UKFS_2015","NEON.DOC.000987vD",,,,,,,"10","noneSelected",800,40,800,,,"OosB/dWxKxLOyV7fgKvKZwUCozhHxcvi","legacyData"
"5c8f13d6-552f-4a4b-8f73-f5e6092d2939","UKFS_043.basePlot.vst","2015-08-25","D06","UKFS","UKFS_043","tower","deciduousForest",39.035201,-95.194410,"WGS84",20.1,310066.68,4322974.21,"15N",292.1,0.2,"vst_UKFS_2015","NEON.DOC.000987vD",,,,,,,"100","noneSelected",800,400,800,,,"5t9bvoSAq+cOxiWWXGv0DoMtbGlc7Ful","legacyData"
"4bf66faf-f20a-4ae6-a052-b8c7e7988feb","UKFS_052.basePlot.vst","2015-08-26","D06","UKFS","UKFS_052","tower","deciduousForest",39.036551,-95.195146,"WGS84",20.2,310006.58,4323125.58,"15N",295.6,0.4,"vst_UKFS_2015","NEON.DOC.000987vD",,,,,,,"25","noneSelected",800,100,800,,,"5t9bvoSAq+cOxiWWXGv0DoMtbGlc7Ful","legacyData"
"41f6875c-85f6-4df8-b078-b1e43fe68e2a","UKFS_052.basePlot.vst","2015-08-26","D06","UKFS","UKFS_052","tower","deciduousForest",39.036551,-95.195146,"WGS84",20.2,310006.58,4323125.58,"15N",295.6,0.4,"vst_UKFS_2015","NEON.DOC.000987vD",,,,,,,"25","noneSelected",800,100,800,,,"5t9bvoSAq+cOxiWWXGv0DoMtbGlc7Ful","legacyData"
"112dc2a0-45fc-47f3-88c1-8718feb99556","UKFS_059.basePlot.vst","2015-08-26","D06","UKFS","UKFS_059","tower","deciduousForest",39.035279,-95.191639,"WGS84",20.2,310306.75,4322977.08,"15N",279.4,0.3,"vst_UKFS_2015","NEON.DOC.000987vD",,,,,,,"noneSelected","noneSelected",800,800,800,,,"OosB/dWxKxLOyV7fgKvKZwUCozhHxcvi","legacyData"
"08978966-2bb6-49cd-b369-9fa8a2cc4b79","UKFS_048.basePlot.vst","2015-08-27","D06","UKFS","UKFS_048","tower","deciduousForest",39.034471,-95.191979,"WGS84",20.2,310275.15,4322888.11,"15N",278.2,0.2,"vst_UKFS_2015","NEON.DOC.000987vD",,,,,,,"noneSelected","noneSelected",800,800,800,,,"5t9bvoSAq+cOxiWWXGv0Dsr+vDRnVTZjt8RVbL2B14hb07U15BiwNOx9wlmdQDwX","legacyData"
"6ae06956-a7e4-420d-8d94-a24f7b6eb160","UKFS_048.basePlot.vst","2015-08-27","D06","UKFS","UKFS_048","tower","deciduousForest",39.034471,-95.191979,"WGS84",20.2,310275.15,4322888.11,"15N",278.2,0.2,"vst_UKFS_2015","NEON.DOC.000987vD",,,,,,,"noneSelected","noneSelected",800,800,800,,,"5t9bvoSAq+cOxiWWXGv0Dsr+vDRnVTZjt8RVbL2B14hb07U15BiwNOx9wlmdQDwX","legacyData"
"d6defb44-ebcc-454b-b3ba-ca1c6180cebc","UKFS_031.basePlot.vst","2015-08-31","D06","UKFS","UKFS_031","tower","deciduousForest",39.036611,-95.192039,"WGS84",20.2,310275.69,4323125.75,"15N",283.3,0.2,"vst_UKFS_2015","NEON.DOC.000987vD",,,,,,,"noneSelected","noneSelected",800,800,800,,,"5t9bvoSAq+cOxiWWXGv0DoMtbGlc7Ful","legacyData"
"9d4b39eb-6dbd-4d6d-90d8-24a29b66a123","UKFS_031.basePlot.vst","2015-08-31","D06","UKFS","UKFS_031","tower","deciduousForest",39.036611,-95.192039,"WGS84",20.2,310275.69,4323125.75,"15N",283.3,0.2,"vst_UKFS_2015","NEON.DOC.000987vD",,,,,,,"noneSelected","noneSelected",800,800,800,,,"5t9bvoSAq+cOxiWWXGv0DoMtbGlc7Ful","legacyData"
"202399b9-f802-4cb9-8362-80662504501d","UKFS_049.basePlot.vst","2015-08-31","D06","UKFS","UKFS_049","tower","deciduousForest",39.037192,-95.189975,"WGS84",20.2,310455.90,4323185.93,"15N",285.0,0.2,"vst_UKFS_2015","NEON.DOC.000987vD",,,,,,,"100","noneSelected",800,400,800,,,"5t9bvoSAq+cOxiWWXGv0DoMtbGlc7Ful","legacyData"
"e0429134-0f9f-4e60-a61a-22556571250f","UKFS_049.basePlot.vst","2015-08-31","D06","UKFS","UKFS_049","tower","deciduousForest",39.037192,-95.189975,"WGS84",20.2,310455.90,4323185.93,"15N",285.0,0.2,"vst_UKFS_2015","NEON.DOC.000987vD",,,,,,,"100","noneSelected",800,400,800,,,"5t9bvoSAq+cOxiWWXGv0DoMtbGlc7Ful","legacyData"
