uid,namedLocation,date,eventID,domainID,siteID,plotID,subplotID,nestedSubplotID,groupID,taxonID,scientificName,taxonRank,identificationReferences,identificationQualifier,volumePercent,livePercent,deadPercent,canopyArea,meanHeight,remarks,measuredBy,recordedBy,dataQF
"dc6584b4-82c3-4096-9ddf-805382e01b8b","UKFS_032.basePlot.vst","2015-08-15","vst_UKFS_2015","D06","UKFS","UKFS_032",,,"1","QUMU","Quercus muehlenbergii Engelm.","species",,,100,100,0,3.0,1.24,,"qshsnM/sHHNUZPkINsuGUP2JU3K1rdKf","OosB/dWxKxLOyV7fgKvKZwUCozhHxcvi","legacyData"
"6aab7125-ca8c-4d77-ad43-04ec6120af18","UKFS_056.basePlot.vst","2015-08-23","vst_UKFS_2015","D06","UKFS","UKFS_056",,"4","1","SYOR","Symphoricarpos orbiculatus Moench","species",,,100,100,0,1.0,1.02,,"ZmAfBeL3f9fQA1eitmafWazzobHWJXYk","OosB/dWxKxLOyV7fgKvKZwUCozhHxcvi","legacyData"
"f36f0947-8d25-4506-a5eb-e8007f140c50","UKFS_049.basePlot.vst","2015-08-31","vst_UKFS_2015","D06","UKFS","UKFS_049",,"1","2","SYOR","Symphoricarpos orbiculatus Moench","species",,,20,100,0,9.0,1.52,,,,"legacyData"
"be05596b-d61c-43d7-b6fc-34b0fe88e2ab","UKFS_049.basePlot.vst","2015-08-31","vst_UKFS_2015","D06","UKFS","UKFS_049",,"1","1","ROMU","Rosa multiflora Thunb.","species",,,100,75,25,9.0,1.72,,"UsnPQQcli111AMZqi8tbyKhlJbCgom80","O5a0fCTym/tRVPDspp8qfhUen+KQCQ2e","legacyData"
