uid,namedLocation,plotID,collectDate,identifiedDate,sampleID,subsampleID,scientificName,acceptedTaxonID,taxonRank,family,subfamily,tribe,subtribe,genus,subgenus,specificEpithet,infraspecificEpithet,identificationQualifier,identificationReferences,identificationProtocolVersion,scientificNameAuthorship,sexOrAge,individualCount,sampleCondition,archiveMedium,archiveFacilityID,deprecatedVialID,identifiedBy,laboratoryName,remarks
"34b66a70-9f65-4a56-8e07-d689a83aee41","HARV_022.tickPlot.tck","HARV_022","2015-06-03T13:30Z","2016-06-22T12:00Z","HARV_022.20150603","HARV_022.20150603.IXOSCA.N","Ixodes scapularis","IXOSCA","species","Ixodidae",,,,"Ixodes",,"scapularis",,,"Keirans, J. E., and C. M. Clifford. 1978. The genus Ixodes in the United States: a scanning electron microscope study and key to the adults. Journal of Medical Entomology, 15(Supplement 2):1-38.","GSU_tickIdentification_SOP_2016-11-01.pdf","Say","Nymph",3,"OK","95% ethanol","125850",,"L. Beati","Georgia Southern University",
"9d39a2ea-91f0-4da9-b2b5-bbb1788da49e","HARV_026.tickPlot.tck","HARV_026","2015-06-03T15:05Z","2016-06-22T12:00Z","HARV_026.20150603","HARV_026.20150603.IXOSCA.N","Ixodes scapularis","IXOSCA","species","Ixodidae",,,,"Ixodes",,"scapularis",,,"Keirans, J. E., and C. M. Clifford. 1978. The genus Ixodes in the United States: a scanning electron microscope study and key to the adults. Journal of Medical Entomology, 15(Supplement 2):1-38.","GSU_tickIdentification_SOP_2016-11-01.pdf","Say","Nymph",3,"OK","95% ethanol","125851",,"L. Beati","Georgia Southern University",
"534d7002-d0d2-415b-9302-819dbfd05333","HARV_006.tickPlot.tck","HARV_006","2015-06-03T16:50Z","2016-06-22T16:00Z","HARV_006.20150603","HARV_006.20150603.IXOSCA.N","Ixodes scapularis","IXOSCA","species","Ixodidae",,,,"Ixodes",,"scapularis",,,"Keirans, J. E., and C. M. Clifford. 1978. The genus Ixodes in the United States: a scanning electron microscope study and key to the adults. Journal of Medical Entomology, 15(Supplement 2):1-38.","GSU_tickIdentification_SOP_2016-11-01.pdf","Say","Nymph",1,"OK","90% ethanol","125848",,"L. Beati","Georgia Southern University",
"5166bd47-0112-41ef-9996-b8bede7f40fb","HARV_004.tickPlot.tck","HARV_004","2015-06-03T19:50Z","2016-06-22T12:00Z","HARV_004.20150603","HARV_004.20150603.IXOSCA.N","Ixodes scapularis","IXOSCA","species","Ixodidae",,,,"Ixodes",,"scapularis",,,"Keirans, J. E., and C. M. Clifford. 1978. The genus Ixodes in the United States: a scanning electron microscope study and key to the adults. Journal of Medical Entomology, 15(Supplement 2):1-38.","GSU_tickIdentification_SOP_2016-11-01.pdf","Say","Nymph",13,"OK","95% ethanol","125847",,"L. Beati","Georgia Southern University",
"c0da0fbb-dedc-4899-b053-0390be5169f2","HARV_020.tickPlot.tck","HARV_020","2015-06-03T21:17Z","2016-06-22T16:00Z","HARV_020.20150603","HARV_020.20150603.IXOSCA.N","Ixodes scapularis","IXOSCA","species","Ixodidae",,,,"Ixodes",,"scapularis",,,"Keirans, J. E., and C. M. Clifford. 1978. The genus Ixodes in the United States: a scanning electron microscope study and key to the adults. Journal of Medical Entomology, 15(Supplement 2):1-38.","GSU_tickIdentification_SOP_2016-11-01.pdf","Say","Nymph",1,"OK","90% ethanol","125849",,"L. Beati","Georgia Southern University",
"b7099c3e-1152-4b42-abfb-b6091a4df1f9","HARV_020.tickPlot.tck","HARV_020","2015-06-03T21:17Z","2016-06-22T16:00Z","HARV_020.20150603","HARV_020.20150603.IXOSCA.F","Ixodes scapularis","IXOSCA","species","Ixodidae",,,,"Ixodes",,"scapularis",,,"Keirans, J. E., and C. M. Clifford. 1978. The genus Ixodes in the United States: a scanning electron microscope study and key to the adults. Journal of Medical Entomology, 15(Supplement 2):1-38.","GSU_tickIdentification_SOP_2016-11-01.pdf","Say","Female",1,"OK","90% ethanol","125849",,"L. Beati","Georgia Southern University",
"5bced875-57b6-4795-b68a-e0c7d6921070","HARV_006.tickPlot.tck","HARV_006","2015-06-24T14:25Z","2016-06-22T16:00Z","HARV_006.20150624","HARV_006.20150624.IXOSCA.N","Ixodes scapularis","IXOSCA","species","Ixodidae",,,,"Ixodes",,"scapularis",,,"Keirans, J. E., and C. M. Clifford. 1978. The genus Ixodes in the United States: a scanning electron microscope study and key to the adults. Journal of Medical Entomology, 15(Supplement 2):1-38.","GSU_tickIdentification_SOP_2016-11-01.pdf","Say","Nymph",1,"OK","90% ethanol","125854",,"L. Beati","Georgia Southern University",
"12cfa5ef-64f2-4265-8a5f-491dea2847d3","HARV_026.tickPlot.tck","HARV_026","2015-06-24T16:44Z","2016-06-22T12:00Z","HARV_026.20150624","HARV_026.20150624.IXOSCA.N","Ixodes scapularis","IXOSCA","species","Ixodidae",,,,"Ixodes",,"scapularis",,,"Keirans, J. E., and C. M. Clifford. 1978. The genus Ixodes in the United States: a scanning electron microscope study and key to the adults. Journal of Medical Entomology, 15(Supplement 2):1-38.","GSU_tickIdentification_SOP_2016-11-01.pdf","Say","Nymph",2,"OK","95% ethanol","125857",,"L. Beati","Georgia Southern University",
"46543902-a951-4d02-8560-904b8312d3e0","HARV_026.tickPlot.tck","HARV_026","2015-06-24T16:44Z","2016-06-22T16:00Z","HARV_026.20150624","HARV_026.20150624.IXOSCA.M","Ixodes scapularis","IXOSCA","species","Ixodidae",,,,"Ixodes",,"scapularis",,,"Keirans, J. E., and C. M. Clifford. 1978. The genus Ixodes in the United States: a scanning electron microscope study and key to the adults. Journal of Medical Entomology, 15(Supplement 2):1-38.","GSU_tickIdentification_SOP_2016-11-01.pdf","Say","Male",3,"OK","90% ethanol","125857",,"L. Beati","Georgia Southern University",
"542d0a30-c2f8-4c21-b26f-5ba605e41614","HARV_026.tickPlot.tck","HARV_026","2015-06-24T16:44Z","2016-06-22T16:00Z","HARV_026.20150624","HARV_026.20150624.IXOSCA.F","Ixodes scapularis","IXOSCA","species","Ixodidae",,,,"Ixodes",,"scapularis",,,"Keirans, J. E., and C. M. Clifford. 1978. The genus Ixodes in the United States: a scanning electron microscope study and key to the adults. Journal of Medical Entomology, 15(Supplement 2):1-38.","GSU_tickIdentification_SOP_2016-11-01.pdf","Say","Female",1,"OK","90% ethanol","125857",,"L. Beati","Georgia Southern University",
"63efa660-0d0c-4ed8-84ad-45810711da30","HARV_004.tickPlot.tck","HARV_004","2015-06-24T18:26Z","2016-06-22T12:00Z","HARV_004.20150624","HARV_004.20150624.IXOSCA.N","Ixodes scapularis","IXOSCA","species","Ixodidae",,,,"Ixodes",,"scapularis",,,"Keirans, J. E., and C. M. Clifford. 1978. The genus Ixodes in the United States: a scanning electron microscope study and key to the adults. Journal of Medical Entomology, 15(Supplement 2):1-38.","GSU_tickIdentification_SOP_2016-11-01.pdf","Say","Nymph",5,"OK","95% ethanol","125853",,"L. Beati","Georgia Southern University",
"9f5b1898-91df-4d11-95dc-912c6671d027","HARV_022.tickPlot.tck","HARV_022","2015-06-24T19:49Z","2016-06-22T16:00Z","HARV_022.20150624","HARV_022.20150624.IXOSCA.F","Ixodes scapularis","IXOSCA","species","Ixodidae",,,,"Ixodes",,"scapularis",,,"Keirans, J. E., and C. M. Clifford. 1978. The genus Ixodes in the United States: a scanning electron microscope study and key to the adults. Journal of Medical Entomology, 15(Supplement 2):1-38.","GSU_tickIdentification_SOP_2016-11-01.pdf","Say","Female",1,"OK","90% ethanol","125856",,"L. Beati","Georgia Southern University",
"2225b2b3-767c-4d15-87c5-90f9a903a268","HARV_022.tickPlot.tck","HARV_022","2015-06-24T19:49Z","2016-06-22T16:00Z","HARV_022.20150624","HARV_022.20150624.IXOSCA.M","Ixodes scapularis","IXOSCA","species","Ixodidae",,,,"Ixodes",,"scapularis",,,"Keirans, J. E., and C. M. Clifford. 1978. The genus Ixodes in the United States: a scanning electron microscope study and key to the adults. Journal of Medical Entomology, 15(Supplement 2):1-38.","GSU_tickIdentification_SOP_2016-11-01.pdf","Say","Male",1,"OK","90% ethanol","125856",,"L. Beati","Georgia Southern University",
"df328860-746d-41a3-a7bf-bc9e0761c898","HARV_022.tickPlot.tck","HARV_022","2015-06-24T19:49Z","2016-06-22T12:00Z","HARV_022.20150624","HARV_022.20150624.IXOSCA.N","Ixodes scapularis","IXOSCA","species","Ixodidae",,,,"Ixodes",,"scapularis",,,"Keirans, J. E., and C. M. Clifford. 1978. The genus Ixodes in the United States: a scanning electron microscope study and key to the adults. Journal of Medical Entomology, 15(Supplement 2):1-38.","GSU_tickIdentification_SOP_2016-11-01.pdf","Say","Nymph",4,"OK","95% ethanol","125856",,"L. Beati","Georgia Southern University",
"fecf3df3-33ee-40ff-ba0a-e48136835e0d","HARV_020.tickPlot.tck","HARV_020","2015-06-25T13:46Z","2016-06-22T16:00Z","HARV_020.20150625","HARV_020.20150625.IXOSP.L","Ixodidae sp.","IXOSP","family","Ixodidae",,,,,,"sp.",,,,"GSU_tickIdentification_SOP_2016-11-01.pdf",,"Larva",1,"OK","90% ethanol","125855",,"L. Beati","Georgia Southern University",
"9e81028b-435d-4806-8a34-fcc9d8b56406","HARV_020.tickPlot.tck","HARV_020","2015-06-25T13:46Z","2016-06-22T12:00Z","HARV_020.20150625","HARV_020.20150625.IXOSCA.N","Ixodes scapularis","IXOSCA","species","Ixodidae",,,,"Ixodes",,"scapularis",,,"Keirans, J. E., and C. M. Clifford. 1978. The genus Ixodes in the United States: a scanning electron microscope study and key to the adults. Journal of Medical Entomology, 15(Supplement 2):1-38.","GSU_tickIdentification_SOP_2016-11-01.pdf","Say","Nymph",5,"OK","95% ethanol","125855",,"L. Beati","Georgia Southern University",
"cf4a9f92-fdaf-4222-8c01-9b8a641ea507","HARV_001.tickPlot.tck","HARV_001","2015-06-25T15:46Z","2016-06-22T16:00Z","HARV_001.20150625","HARV_001.20150625.IXOSCA.M","Ixodes scapularis","IXOSCA","species","Ixodidae",,,,"Ixodes",,"scapularis",,,"Keirans, J. E., and C. M. Clifford. 1978. The genus Ixodes in the United States: a scanning electron microscope study and key to the adults. Journal of Medical Entomology, 15(Supplement 2):1-38.","GSU_tickIdentification_SOP_2016-11-01.pdf","Say","Male",1,"OK","90% ethanol","125852",,"L. Beati","Georgia Southern University",
"c39b21f9-9ece-43f0-94a0-ee4613e01519","HARV_001.tickPlot.tck","HARV_001","2015-06-25T15:46Z","2016-06-22T16:00Z","HARV_001.20150625","HARV_001.20150625.IXOSCA.N","Ixodes scapularis","IXOSCA","species","Ixodidae",,,,"Ixodes",,"scapularis",,,"Keirans, J. E., and C. M. Clifford. 1978. The genus Ixodes in the United States: a scanning electron microscope study and key to the adults. Journal of Medical Entomology, 15(Supplement 2):1-38.","GSU_tickIdentification_SOP_2016-11-01.pdf","Say","Nymph",1,"OK","90% ethanol","125852",,"L. Beati","Georgia Southern University",
