uid,namedLocation,domainID,siteID,plotID,plotType,nlcdClass,decimalLatitude,decimalLongitude,geodeticDatum,coordinateUncertainty,elevation,elevationUncertainty,collectDate,eventID,sampleID,sampleCode,samplingMethod,totalSampledArea,targetTaxaPresent,adultCount,nymphCount,larvaCount,sampleCondition,samplingProtocolVersion,measuredBy,remarks
"520ecf9d-3def-49f6-bf1d-a86bd201d61a","HARV_022.tickPlot.tck","D01","HARV","HARV_022","distributed","evergreenForest",42.435462,-72.199291,"WGS84",20.3,186.3,0.3,"2015-06-03T13:30Z","HARV.2015.22","HARV_022.20150603",,"drag and flag",165,"Y",0,3,,"No known compromise","NEON.DOC.014045vF","1Yxih5JHJuLa7KiYilXQYzpGAN6mpFOi","No data transcription errors found"
"85f5a8a8-9797-4c54-b793-c51c78443702","HARV_026.tickPlot.tck","D01","HARV","HARV_026","distributed","evergreenForest",42.412068,-72.246529,"WGS84",20.2,185.7,0.3,"2015-06-03T15:05Z","HARV.2015.22","HARV_026.20150603",,"drag and flag",160,"Y",0,3,,"No known compromise","NEON.DOC.014045vF","1Yxih5JHJuLa7KiYilXQYzpGAN6mpFOi","No data transcription errors found"
"6b98c7bf-1a2d-44c9-9aed-2bb40657eaf8","HARV_006.tickPlot.tck","D01","HARV","HARV_006","distributed","deciduousForest",42.401938,-72.252716,"WGS84",20.2,190.4,0.3,"2015-06-03T16:50Z","HARV.2015.22","HARV_006.20150603",,"drag",160,"Y",0,1,,"No known compromise","NEON.DOC.014045vF","1Yxih5JHJuLa7KiYilXQYzpGAN6mpFOi","No data transcription errors found"
"3a1aa0d1-a140-422b-9445-2d07b460e561","HARV_004.tickPlot.tck","D01","HARV","HARV_004","distributed","mixedForest",42.426878,-72.227943,"WGS84",20.3,185.9,0.3,"2015-06-03T19:50Z","HARV.2015.22","HARV_004.20150603",,"drag and flag",160,"Y",0,13,,"No known compromise","NEON.DOC.014045vF","1Yxih5JHJuLa7KiYilXQYzpGAN6mpFOi","No data transcription errors found"
"a527f6c8-a60c-4059-b8b1-e47399971d64","HARV_020.tickPlot.tck","D01","HARV","HARV_020","distributed","woodyWetlands",42.438157,-72.228923,"WGS84",20.2,228.3,0.3,"2015-06-03T21:17Z","HARV.2015.22","HARV_020.20150603",,"drag and flag",160,"Y",1,1,,"No known compromise","NEON.DOC.014045vF","1Yxih5JHJuLa7KiYilXQYzpGAN6mpFOi","No data transcription errors found"
"eb4e483d-04e6-41fe-ab48-f4d794d592d2","HARV_001.tickPlot.tck","D01","HARV","HARV_001","distributed","deciduousForest",42.424227,-72.260097,"WGS84",20.2,201.1,0.3,"2015-06-04T16:20Z","HARV.2015.22","HARV_001.20150604",,"drag and flag",160,"Y",0,1,,"No known compromise","NEON.DOC.014045vF","1Yxih5JHJuLa7KiYilXQYzpGAN6mpFOi","No data transcription errors found"
"b8becf61-03b9-45c3-a644-bc5c729e9c67","HARV_006.tickPlot.tck","D01","HARV","HARV_006","distributed","deciduousForest",42.401938,-72.252716,"WGS84",20.2,190.4,0.3,"2015-06-24T14:25Z","HARV.2015.25","HARV_006.20150624",,"drag and flag",170,"Y",0,1,,"No known compromise","NEON.DOC.014045vF","XdV86USKkiYZfb6rmwpnK/f2Yah5qnQO",
"1f320ab7-4c75-4702-b810-f44aa080feb5","HARV_026.tickPlot.tck","D01","HARV","HARV_026","distributed","evergreenForest",42.412068,-72.246529,"WGS84",20.2,185.7,0.3,"2015-06-24T16:44Z","HARV.2015.25","HARV_026.20150624",,"drag and flag",175,"Y",4,2,,"No known compromise","NEON.DOC.014045vF","XdV86USKkiYZfb6rmwpnK/f2Yah5qnQO",
"b9634091-5991-48b3-bee4-531d81092f8a","HARV_004.tickPlot.tck","D01","HARV","HARV_004","distributed","mixedForest",42.426878,-72.227943,"WGS84",20.3,185.9,0.3,"2015-06-24T18:26Z","HARV.2015.25","HARV_004.20150624",,"drag and flag",165,"Y",0,5,,"No known compromise","NEON.DOC.014045vF","XdV86USKkiYZfb6rmwpnK/f2Yah5qnQO",
"740c905b-d841-4d1f-b07d-3f39198965bd","HARV_022.tickPlot.tck","D01","HARV","HARV_022","distributed","evergreenForest",42.435462,-72.199291,"WGS84",20.3,186.3,0.3,"2015-06-24T19:49Z","HARV.2015.25","HARV_022.20150624",,"drag and flag",175,"Y",2,5,,"No known compromise","NEON.DOC.014045vF","XdV86USKkiYZfb6rmwpnK/f2Yah5qnQO",
"32c1bd53-b6ee-4969-9646-cdf6b76b9b0d","HARV_020.tickPlot.tck","D01","HARV","HARV_020","distributed","woodyWetlands",42.438157,-72.228923,"WGS84",20.2,228.3,0.3,"2015-06-25T13:46Z","HARV.2015.25","HARV_020.20150625",,"drag and flag",165,"Y",0,4,3,"No known compromise","NEON.DOC.014045vF","kY5DgzJ6poUyWK1LGnqgylIk3S6etJmI",
"1bed7224-b180-4c37-a3b3-91f458648d8b","HARV_001.tickPlot.tck","D01","HARV","HARV_001","distributed","deciduousForest",42.424227,-72.260097,"WGS84",20.2,201.1,0.3,"2015-06-25T15:46Z","HARV.2015.25","HARV_001.20150625",,"drag and flag",163,"Y",1,1,,"No known compromise","NEON.DOC.014045vF","kY5DgzJ6poUyWK1LGnqgylIk3S6etJmI",
