uid,namedLocation,domainID,siteID,plotID,plotType,nlcdClass,decimalLatitude,decimalLongitude,geodeticDatum,coordinateUncertainty,elevation,elevationUncertainty,collectDate,eventID,sampleID,sampleCode,samplingMethod,totalSampledArea,targetTaxaPresent,adultCount,nymphCount,larvaCount,sampleCondition,samplingProtocolVersion,measuredBy,remarks
"bc916ed4-1bf0-4324-9f4e-b9aa91f2159f","UNDE_013.tickPlot.tck","D05","UNDE","UNDE_013","distributed","deciduousForest",46.227776,-89.535166,"WGS84",20.2,510.3,0.3,"2017-06-01T16:50Z","UNDE.2017.23",,,"drag and flag",164,"N",0,0,0,,"NEON.DOC.014045vG","ARejzCBrb6CRpGj0oWJ3lcNFFJLhhdyHL/qtSIEd/o0=",
"8a8ab9ff-12ec-454f-ba7a-5fe7738488ab","UNDE_999.tickPlot.tck","D05","UNDE","UNDE_999","distributed","woodyWetlands",46.256243,-89.534200,"WGS84",20.2,507.1,0.3,"2017-06-01T16:53Z","UNDE.2017.23",,,"drag and flag",147,"N",0,0,0,"No known compromise","NEON.DOC.014045vG","B3+A7PSCzYQNuvhFZNKc8WSB7xvTYEqkan9IJpMz8To=",
"1caa5eec-579c-4184-871b-f9b0594630a0","UNDE_002.tickPlot.tck","D05","UNDE","UNDE_002","distributed","woodyWetlands",46.242285,-89.543255,"WGS84",20.3,506.2,0.4,"2017-06-01T18:12Z","UNDE.2017.23",,,"drag and flag",166,"N",0,0,0,,"NEON.DOC.014045vG","ARejzCBrb6CRpGj0oWJ3lcNFFJLhhdyHL/qtSIEd/o0=",
"fb2207e1-34a1-4e4b-8ce2-f16849e2d782","UNDE_019.tickPlot.tck","D05","UNDE","UNDE_019","distributed","deciduousForest",46.257425,-89.542054,"WGS84",20.2,519.0,0.2,"2017-06-01T18:39Z","UNDE.2017.23",,,"drag and flag",156,"N",0,0,0,"No known compromise","NEON.DOC.014045vG","ZHEXkzpmequ8bHP4OIc5Sa2i4D1lg2hhgarnFdYG4TU=",
"9bd3bbf9-54ae-48c4-b8f9-663fd34ca97e","UNDE_011.tickPlot.tck","D05","UNDE","UNDE_011","distributed","woodyWetlands",46.213935,-89.505950,"WGS84",20.3,507.7,0.4,"2017-06-01T19:40Z","UNDE.2017.23",,,"drag and flag",141,"N",0,0,0,,"NEON.DOC.014045vH","U7RagQbUX4u+dLtUkT/w+eKoYvmR7sAlnCu38Rw8Rm0=",
"94b7df91-148e-4404-9717-27aac98ed400","UNDE_017.tickPlot.tck","D05","UNDE","UNDE_017","distributed","mixedForest",46.236736,-89.497054,"WGS84",20.1,518.8,0.2,"2017-06-01T20:33Z","UNDE.2017.23",,,"drag and flag",158,"N",0,0,0,"No known compromise","NEON.DOC.014045vG","B3+A7PSCzYQNuvhFZNKc8WSB7xvTYEqkan9IJpMz8To=",
"d28948dc-828a-43d2-b02c-30c660013542","UNDE_013.tickPlot.tck","D05","UNDE","UNDE_013","distributed","deciduousForest",46.227776,-89.535166,"WGS84",20.2,510.3,0.3,"2017-06-21T13:42Z","UNDE.2017.26",,,"drag and flag",155,"N",0,0,0,,"NEON.DOC.014045vH","ZHEXkzpmequ8bHP4OIc5Sa2i4D1lg2hhgarnFdYG4TU=",
"04464e4d-5998-4789-8eb6-01cf8013257a","UNDE_002.tickPlot.tck","D05","UNDE","UNDE_002","distributed","woodyWetlands",46.242285,-89.543255,"WGS84",20.3,506.2,0.4,"2017-06-21T14:39Z","UNDE.2017.26",,,"drag and flag",134,"N",0,0,0,,"NEON.DOC.014045vH","WXmC7HijdM2NsP75v+4sQyVqwIMmMBb8",
"ec8b2b09-4089-441b-9f62-2da11c1ee54a","UNDE_011.tickPlot.tck","D05","UNDE","UNDE_011","distributed","woodyWetlands",46.213935,-89.505950,"WGS84",20.3,507.7,0.4,"2017-06-21T15:54Z","UNDE.2017.26",,,"drag and flag",93,"N",0,0,0,,"NEON.DOC.014045vH","WXmC7HijdM2NsP75v+4sQyVqwIMmMBb8","Plot very wet; cloth corners got wet"
"554ca7d7-d847-4b5e-a3fe-917530c6b03f","UNDE_999.tickPlot.tck","D05","UNDE","UNDE_999","distributed","woodyWetlands",46.256243,-89.534200,"WGS84",20.2,507.1,0.3,"2017-06-21T18:11Z","UNDE.2017.26","UNDE_999.20170621",,"drag and flag",158,"Y",1,0,0,"No known compromise","NEON.DOC.014045vH","B3+A7PSCzYQNuvhFZNKc8WSB7xvTYEqkan9IJpMz8To=",
"42f2a11b-17bb-4b7f-a333-f1062580e60d","UNDE_019.tickPlot.tck","D05","UNDE","UNDE_019","distributed","deciduousForest",46.257425,-89.542054,"WGS84",20.2,519.0,0.2,"2017-06-21T19:39Z","UNDE.2017.26",,,"drag and flag",160,"N",0,0,0,,"NEON.DOC.014045vH","B3+A7PSCzYQNuvhFZNKc8WSB7xvTYEqkan9IJpMz8To=",
"57493346-39d8-4898-b121-cf208eac22f0","UNDE_017.tickPlot.tck","D05","UNDE","UNDE_017","distributed","mixedForest",46.236736,-89.497054,"WGS84",20.1,518.8,0.2,"2017-06-21T21:11Z","UNDE.2017.26",,,"drag and flag",155,"N",0,0,0,,"NEON.DOC.014045vH","B3+A7PSCzYQNuvhFZNKc8WSB7xvTYEqkan9IJpMz8To=",
