uid,namedLocation,domainID,siteID,plotID,plotType,nlcdClass,decimalLatitude,decimalLongitude,geodeticDatum,coordinateUncertainty,elevation,elevationUncertainty,collectDate,eventID,sampleID,sampleCode,samplingMethod,totalSampledArea,targetTaxaPresent,adultCount,nymphCount,larvaCount,sampleCondition,samplingProtocolVersion,measuredBy,remarks
"87db2419-d4a4-4f82-a43b-3e67a5022c5f","UKFS_003.tickPlot.tck","D06","UKFS","UKFS_003","distributed","deciduousForest",39.053769,-95.187084,"WGS84",20.1,323.1,0.1,"2015-10-20T13:48Z","UKFS.2015.42",,,"drag and flag",155,"N",0,0,,,"NEON.DOC.014045vF","/wUkqjBpeVCigtsLKx5PiQDuYpjZH9Rm","No sample; no vial"
"ab1b12ce-94ca-442a-9e63-782fef3048a9","UKFS_018.tickPlot.tck","D06","UKFS","UKFS_018","distributed","grasslandHerbaceous",39.053205,-95.194659,"WGS84",20.1,325.8,0.1,"2015-10-20T14:26Z","UKFS.2015.42",,,"drag and flag",170,"N",0,0,,,"NEON.DOC.014045vF","qfXoay23CqWoi4imiVNnw4HdYTI4Pi18","No sample; no vial; QC: no transcription errors"
"7fae9037-dba0-4844-9dbf-2691e4133791","UKFS_004.tickPlot.tck","D06","UKFS","UKFS_004","distributed","deciduousForest",39.043188,-95.201000,"WGS84",20.1,320.0,0.2,"2015-10-20T15:52Z","UKFS.2015.42",,,"drag",170,"N",0,0,,,"NEON.DOC.014045vF","uXSN77Q7x9cACyt+x8PEhxuBjTDRBKZV","No sample; no vial"
"c9348116-71d7-4cac-836f-24b48fcef95d","UKFS_002.tickPlot.tck","D06","UKFS","UKFS_002","distributed","deciduousForest",39.045892,-95.207026,"WGS84",20.1,316.0,0.2,"2015-10-20T16:50Z","UKFS.2015.42",,,"drag",160,"N",0,0,,,"NEON.DOC.014045vF","B7fMha69fjYQVOb1ot6C4r/U6sfywj4h","No sample; no vial"
"4dfb6568-1758-4a82-a9c4-8372f96c7b82","UKFS_030.tickPlot.tck","D06","UKFS","UKFS_030","distributed","grasslandHerbaceous",39.045115,-95.213433,"WGS84",20.1,321.9,0.1,"2015-10-20T17:15Z","UKFS.2015.42",,,"drag",150,"N",0,0,,,"NEON.DOC.014045vF","B7fMha69fjYQVOb1ot6C4r/U6sfywj4h","No sample; no vial"
"3e262643-f21e-44a9-bbbe-47b0112ebf38","UKFS_001.tickPlot.tck","D06","UKFS","UKFS_001","distributed","deciduousForest",39.037238,-95.198631,"WGS84",20.1,322.7,0.1,"2015-10-20T17:54Z","UKFS.2015.42",,,"drag and flag",160,"N",0,0,,,"NEON.DOC.014045vF","uXSN77Q7x9cACyt+x8PEhxuBjTDRBKZV","No sample; no vial"
