uid,namedLocation,plotID,collectDate,identifiedDate,sampleID,subsampleID,scientificName,acceptedTaxonID,taxonRank,family,subfamily,tribe,subtribe,genus,subgenus,specificEpithet,infraspecificEpithet,identificationQualifier,identificationReferences,identificationProtocolVersion,scientificNameAuthorship,sexOrAge,individualCount,sampleCondition,archiveMedium,archiveFacilityID,deprecatedVialID,identifiedBy,laboratoryName,remarks
"ef51359e-3bfb-40a1-bdb1-0b83bf805b81","OSBS_003.tickPlot.tck","OSBS_003","2015-09-02T16:30Z","2016-06-20T16:00Z","OSBS_003.20150902","OSBS_003.20150902.IXOSP.N","Ixodidae sp.","IXOSP","family","Ixodidae",,,,,,"sp.",,,,"GSU_tickIdentification_SOP_2016-11-01.pdf",,"Nymph",4,"OK","90% ethanol","125927",,"Lorenza Beati","Georgia Southern University",
"89ab8582-6b0f-4545-9528-b034250e47f9","OSBS_002.tickPlot.tck","OSBS_002","2015-09-23T13:37Z","2016-06-19T16:00Z","OSBS_002.20150923","OSBS_002.20150923.IXOSP.L","Ixodidae sp.","IXOSP","family","Ixodidae",,,,,,"sp.",,,,"GSU_tickIdentification_SOP_2016-11-01.pdf",,"Larva",1,"OK","90% ethanol","125905",,"Lorenza Beati","Georgia Southern University",
"65b3c33e-8598-4497-9e23-38794903aee5","OSBS_002.tickPlot.tck","OSBS_002","2015-09-23T13:37Z","2016-06-19T16:00Z","OSBS_002.20150923","OSBS_002.20150923.IXOSP.N","Ixodidae sp.","IXOSP","family","Ixodidae",,,,,,"sp.",,,,"GSU_tickIdentification_SOP_2016-11-01.pdf",,"Nymph",1,"OK","90% ethanol","125905",,"Lorenza Beati","Georgia Southern University",
"d624ac0b-f94f-4d8e-a112-4e0abb909b37","OSBS_003.tickPlot.tck","OSBS_003","2015-09-23T14:28Z","2016-06-19T12:00Z","OSBS_003.20150923","OSBS_003.20150923.AMBAME.N","Amblyomma americanum","AMBAME","species","Ixodidae",,,,"Amblyomma",,"americanum",,,"Keirans, J. E., and L. A. Durden. 1998. Illustrated Key to Nymphs of the Tick Genus Amblyomma (Acari: Ixodidae) Found in the United States. Journal of Medical Entomology, 35:489–495.","GSU_tickIdentification_SOP_2016-11-01.pdf","Linnaeus","Nymph",7,"OK","95% ethanol","125928",,"No name provided by lab","Georgia Southern University",
"a13a9f4f-fb1b-4d52-9393-36fab21fc560","OSBS_004.tickPlot.tck","OSBS_004","2015-09-23T15:33Z","2016-06-19T16:00Z","OSBS_004.20150923","OSBS_004.20150923.IXOSP.N","Ixodidae sp.","IXOSP","family","Ixodidae",,,,,,"sp.",,,,"GSU_tickIdentification_SOP_2016-11-01.pdf",,"Nymph",2,"OK","90% ethanol","125929",,"Lorenza Beati","Georgia Southern University",
