uid,namedLocation,domainID,siteID,plotID,plotType,nlcdClass,decimalLatitude,decimalLongitude,geodeticDatum,coordinateUncertainty,elevation,elevationUncertainty,collectDate,eventID,sampleID,sampleCode,samplingMethod,totalSampledArea,targetTaxaPresent,adultCount,nymphCount,larvaCount,sampleCondition,samplingProtocolVersion,measuredBy,remarks
"3cbe49ab-94fd-4735-85a6-a6a2f289f329","OSBS_005.tickPlot.tck","D03","OSBS","OSBS_005","distributed","woodyWetlands",29.697923,-82.025623,"WGS84",20.4,36.0,1.2,"2015-09-01T17:26Z","OSBS.2015.35","OSBS_005.20150901",,"drag and flag",160,"Y",0,27,306,"No known compromise","NEON.DOC.014045vF","SZd6jJU+PWukgvziuyetpzviWNuM2FzT","500+ larval ticks. Need to be counted. In vials 01 and 02."
"6e99484a-1b0a-4b97-a2d6-2abc148aa8fa","OSBS_022.tickPlot.tck","D03","OSBS","OSBS_022","distributed","emergentHerbaceousWetlands",29.688309,-81.961968,"WGS84",20.1,24.3,0.1,"2015-09-02T15:15Z","OSBS.2015.35",,,"drag and flag",160,"N",0,0,,,"NEON.DOC.014045vF","F0OBrKFXXmZ8aUzIQU1wSVTXyT0KDtd2",
"bfd1ab09-10d3-4265-99d7-2355fbacb94a","OSBS_002.tickPlot.tck","D03","OSBS","OSBS_002","distributed","evergreenForest",29.703661,-81.958365,"WGS84",20.1,35.8,0.2,"2015-09-02T16:00Z","OSBS.2015.35",,,"drag",160,"N",0,0,,,"NEON.DOC.014045vF","cfnhyGSqXKc3516bF+Ud/hAzJaKYlL8x6i6tvFD3awtXD14BA67psrFpadVuQBTV","Not previously sampled this season"
"31129e0b-cb53-47ad-8962-72677e190f1e","OSBS_003.tickPlot.tck","D03","OSBS","OSBS_003","distributed","evergreenForest",29.693693,-81.947010,"WGS84",20.3,38.2,0.5,"2015-09-02T16:30Z","OSBS.2015.35","OSBS_003.20150902",,"drag and flag",85,"Y",4,0,,"No known compromise","NEON.DOC.014045vF","cfnhyGSqXKc3516bF+Ud/hAzJaKYlL8x6i6tvFD3awtXD14BA67psrFpadVuQBTV","Stunted sampling due to rain, predominantly wet ground/wood, and active"
"80d5f1df-ee7f-4d1e-8941-325a839ede09","OSBS_004.tickPlot.tck","D03","OSBS","OSBS_004","distributed","evergreenForest",29.683402,-81.960449,"WGS84",20.3,42.4,0.4,"2015-09-02T17:15Z","OSBS.2015.35",,,"drag",160,"N",0,0,,,"NEON.DOC.014045vF","cfnhyGSqXKc3516bF+Ud/hAzJaKYlL8x6i6tvFD3awtXD14BA67psrFpadVuQBTV",
"e4485937-6714-43c5-bb5e-92cc156c87a0","OSBS_002.tickPlot.tck","D03","OSBS","OSBS_002","distributed","evergreenForest",29.703661,-81.958365,"WGS84",20.1,35.8,0.2,"2015-09-23T13:37Z","OSBS.2015.38","OSBS_002.20150923",,"drag and flag",172,"Y",0,2,,"No known compromise","NEON.DOC.014045vF","wotzsmcGfDFGz7NWBrAUnw1KGJ8TUF8NukIxaCNLn5+cfW4u4srzihIX48Ly+oiR","SE to SW: + 3m SW to NW: + 3m NW to NE: + 6m"
"9bbaf65d-94d0-4bb1-8302-e35ca629f8fe","OSBS_003.tickPlot.tck","D03","OSBS","OSBS_003","distributed","evergreenForest",29.693693,-81.947010,"WGS84",20.3,38.2,0.5,"2015-09-23T14:28Z","OSBS.2015.38","OSBS_003.20150923",,"drag and flag",196,"Y",0,7,,"No known compromise","NEON.DOC.014045vF","iamuDONGAgeHZmTxmh9b+P94Qbb7Mtnbf1ImdGe0y1GHCgJC3W6ckoNXxXl0j9R/","datasheet says dragged about 196 meters; access won't allow above 180 meters to be entered"
"a3348ba4-d180-45ce-bce7-8f254d989cd1","OSBS_004.tickPlot.tck","D03","OSBS","OSBS_004","distributed","evergreenForest",29.683402,-81.960449,"WGS84",20.3,42.4,0.4,"2015-09-23T15:33Z","OSBS.2015.38","OSBS_004.20150923",,"drag",162,"Y",0,2,,"No known compromise","NEON.DOC.014045vF","wotzsmcGfDFGz7NWBrAUnw1KGJ8TUF8NukIxaCNLn5+cfW4u4srzihIX48Ly+oiR","NE to SE: - 3m SE to SW: + 5m"
"9c80a230-4612-45cc-bff9-322c21b59bd1","OSBS_022.tickPlot.tck","D03","OSBS","OSBS_022","distributed","emergentHerbaceousWetlands",29.688309,-81.961968,"WGS84",20.1,24.3,0.1,"2015-09-23T16:51Z","OSBS.2015.38",,,"drag and flag",88,"N",0,0,,,"NEON.DOC.014045vF","wotzsmcGfDFGz7NWBrAUnw1KGJ8TUF8NukIxaCNLn5+cfW4u4srzihIX48Ly+oiR","SE corner underwater, could not do SE-SW and NE-SE; SW-NW: + 8m"
