uid,namedLocation,date,domainID,siteID,plotID,plotType,nlcdClass,decimalLatitude,decimalLongitude,geodeticDatum,coordinateUncertainty,easting,northing,utmZone,elevation,elevationUncertainty,eventID,samplingProtocolVersion,treesPresent,treesAbsentList,shrubsPresent,shrubsAbsentList,lianasPresent,lianasAbsentList,nestedSubplotAreaShrubSapling,nestedSubplotAreaLiana,totalSampledAreaTrees,totalSampledAreaShrubSapling,totalSampledAreaLiana,remarks,measuredBy,recordedBy,dataQF
"ebe17537-fd0a-4ff6-91ce-277559757b51","BART_036.basePlot.vst","2017-07-10","D01","BART","BART_036","tower","deciduousForest",44.062080,-71.285876,"WGS84",20.2,316921.46,4881308.43,"19N",293.2,0.3,"vst_BART_2017","NEON.DOC.000987vG","Y","presentInAll","N",,"N",,"25","noneSelected",800,100,800,,"SAwHV/vuYkxX2df/5BVlgyZfU0GvlLzZfT4p0tvpCoA=","jRr6tAEXvh/2EP2nqxILjbvMaL6VMLwf",
"93fbad4f-7295-4156-a100-3c3bf6a280ee","BART_073.basePlot.vst","2017-07-10","D01","BART","BART_073","tower","mixedForest",44.064770,-71.288610,"WGS84",20.2,316710.79,4881613.30,"19N",280.7,0.3,"vst_BART_2017","NEON.DOC.000987vG","Y","presentInAll","N",,"N",,"25","noneSelected",800,100,800,,"SAwHV/vuYkxX2df/5BVlgyZfU0GvlLzZfT4p0tvpCoA=","jRr6tAEXvh/2EP2nqxILjbvMaL6VMLwf",
"30efa438-c0d2-46d6-968b-0bbec0e311c9","BART_042.basePlot.vst","2017-07-10","D01","BART","BART_042","tower","deciduousForest",44.060186,-71.288047,"WGS84",20.2,316741.73,4881102.89,"19N",288.8,0.2,"vst_BART_2017","NEON.DOC.000987vG","Y","presentInAll","Y",,"N",,"100","noneSelected",800,400,800,,"SAwHV/vuYkxX2df/5BVlgyZfU0GvlLzZfT4p0tvpCoA=","jRr6tAEXvh/2EP2nqxILjbvMaL6VMLwf",
"c64523e3-548b-4fe3-93c6-d5ee23f9c10a","BART_032.basePlot.vst","2017-07-10","D01","BART","BART_032","tower","deciduousForest",44.067479,-71.287582,"WGS84",20.2,316801.48,4881911.91,"19N",245.4,0.3,"vst_BART_2017","NEON.DOC.000987vG","Y","presentInAll","Y",,"N",,"25","noneSelected",800,100,800,,"SAwHV/vuYkxX2df/5BVlgyZfU0GvlLzZfT4p0tvpCoA=","jRr6tAEXvh/2EP2nqxILjbvMaL6VMLwf",
"41912482-10ae-47cb-8842-3084578ff883","BART_047.basePlot.vst","2017-07-10","D01","BART","BART_047","tower","deciduousForest",44.064958,-71.290866,"WGS84",20.2,316530.69,4881639.21,"19N",266.9,0.3,"vst_BART_2017","NEON.DOC.000987vG","Y","presentInAll","Y",,"N",,"100","noneSelected",800,400,800,,"SAwHV/vuYkxX2df/5BVlgyZfU0GvlLzZfT4p0tvpCoA=","jRr6tAEXvh/2EP2nqxILjbvMaL6VMLwf",
"c1ac6d08-5bef-42e2-a10d-682ee7dc7cee","BART_071.basePlot.vst","2017-07-10","D01","BART","BART_071","tower","mixedForest",44.067946,-71.290620,"WGS84",20.2,316559.62,4881970.54,"19N",256.5,0.2,"vst_BART_2017","NEON.DOC.000987vG","Y","presentInAll","N",,"N",,"25","noneSelected",800,100,800,,"SAwHV/vuYkxX2df/5BVlgyZfU0GvlLzZfT4p0tvpCoA=","jRr6tAEXvh/2EP2nqxILjbvMaL6VMLwf",
"9d7e81df-2742-4173-ae59-093a091c55a4","BART_075.basePlot.vst","2017-07-10","D01","BART","BART_075","tower","mixedForest",44.059135,-71.286503,"WGS84",20.2,316862.16,4880982.72,"19N",297.1,0.3,"vst_BART_2017","NEON.DOC.000987vG","Y","presentInAll","Y",,"N",,"100","noneSelected",800,400,800,,"SAwHV/vuYkxX2df/5BVlgyZfU0GvlLzZfT4p0tvpCoA=","jRr6tAEXvh/2EP2nqxILjbvMaL6VMLwf",
"b709c89e-c0c7-4950-884f-4dc305aeb44a","BART_041.basePlot.vst","2017-07-10","D01","BART","BART_041","tower","deciduousForest",44.065340,-71.285606,"WGS84",20.3,316953.13,4881669.93,"19N",260.7,0.4,"vst_BART_2017","NEON.DOC.000987vG","Y","presentInAll","N",,"N",,"100","noneSelected",800,400,800,,"SAwHV/vuYkxX2df/5BVlgyZfU0GvlLzZfT4p0tvpCoA=","jRr6tAEXvh/2EP2nqxILjbvMaL6VMLwf",
"5fc3e251-3463-4fd1-9272-60b62bcb6c77","BART_070.basePlot.vst","2017-07-10","D01","BART","BART_070","tower","mixedForest",44.064339,-71.281445,"WGS84",20.2,317283.30,4881549.50,"19N",249.8,0.2,"vst_BART_2017","NEON.DOC.000987vG","Y","presentInAll","Y",,"N",,"100","noneSelected",800,400,800,,"SAwHV/vuYkxX2df/5BVlgyZfU0GvlLzZfT4p0tvpCoA=","jRr6tAEXvh/2EP2nqxILjbvMaL6VMLwf",
"46901289-b188-4d26-af11-3c892930df51","BART_044.basePlot.vst","2017-07-10","D01","BART","BART_044","tower","deciduousForest",44.061037,-71.284327,"WGS84",20.2,317042.31,4881189.14,"19N",302.9,0.3,"vst_BART_2017","NEON.DOC.000987vG","Y","presentInAll","N",,"N",,"100","noneSelected",800,400,800,,"SAwHV/vuYkxX2df/5BVlgyZfU0GvlLzZfT4p0tvpCoA=","jRr6tAEXvh/2EP2nqxILjbvMaL6VMLwf",
"ad3f3015-eea5-4650-8537-5aaa01fc45ab","BART_037.basePlot.vst","2017-07-10","D01","BART","BART_037","tower","deciduousForest",44.061597,-71.283251,"WGS84",20.2,317130.21,4881248.95,"19N",292.5,0.2,"vst_BART_2017","NEON.DOC.000987vG","Y","presentInAll","N",,"N",,"100","noneSelected",800,400,800,,"SAwHV/vuYkxX2df/5BVlgyZfU0GvlLzZfT4p0tvpCoA=","jRr6tAEXvh/2EP2nqxILjbvMaL6VMLwf",
"6044947a-5c76-49d8-8af2-19bc93b1417f","BART_074.basePlot.vst","2017-07-10","D01","BART","BART_074","tower","mixedForest",44.060251,-71.283201,"WGS84",20.2,317130.07,4881099.34,"19N",310.8,0.2,"vst_BART_2017","NEON.DOC.000987vG","Y","presentInAll","N",,"N",,"25","noneSelected",800,100,800,,"SAwHV/vuYkxX2df/5BVlgyZfU0GvlLzZfT4p0tvpCoA=","jRr6tAEXvh/2EP2nqxILjbvMaL6VMLwf",
"c4b1c0dd-feef-4b43-81c2-6ccf06100464","BART_034.basePlot.vst","2017-07-10","D01","BART","BART_034","tower","mixedForest",44.064283,-71.285609,"WGS84",20.2,316949.64,4881552.53,"19N",267.5,0.3,"vst_BART_2017","NEON.DOC.000987vG","Y","presentInAll","N",,"N",,"100","noneSelected",800,400,800,,"SAwHV/vuYkxX2df/5BVlgyZfU0GvlLzZfT4p0tvpCoA=","jRr6tAEXvh/2EP2nqxILjbvMaL6VMLwf",
"279187c6-c989-41c2-8ce6-c8b126d16eb6","BART_072.basePlot.vst","2017-07-10","D01","BART","BART_072","tower","deciduousForest",44.060736,-71.286195,"WGS84",20.2,316891.76,4881159.86,"19N",296.6,0.3,"vst_BART_2017","NEON.DOC.000987vG","Y","presentInAll","N",,"N",,"10","noneSelected",800,40,800,,"SAwHV/vuYkxX2df/5BVlgyZfU0GvlLzZfT4p0tvpCoA=","jRr6tAEXvh/2EP2nqxILjbvMaL6VMLwf",
"3a4d56cb-10de-444a-832d-2174b16384e6","BART_033.basePlot.vst","2017-07-10","D01","BART","BART_033","tower","deciduousForest",44.063204,-71.283666,"WGS84",20.2,317101.93,4881428.37,"19N",273.5,0.2,"vst_BART_2017","NEON.DOC.000987vG","Y","presentInAll","N",,"N",,"25","noneSelected",800,100,800,,"SAwHV/vuYkxX2df/5BVlgyZfU0GvlLzZfT4p0tvpCoA=","jRr6tAEXvh/2EP2nqxILjbvMaL6VMLwf",
"2dbfaa51-e987-4fc7-b404-b5707223ebc7","BART_039.basePlot.vst","2017-07-10","D01","BART","BART_039","tower","deciduousForest",44.063683,-71.288953,"WGS84",20.2,316679.96,4881493.33,"19N",274.1,0.2,"vst_BART_2017","NEON.DOC.000987vG","Y","presentInAll","N",,"N",,"100","noneSelected",800,400,800,,"SAwHV/vuYkxX2df/5BVlgyZfU0GvlLzZfT4p0tvpCoA=","jRr6tAEXvh/2EP2nqxILjbvMaL6VMLwf",
"aa12e9cc-91b0-4d56-bb7d-eacb5c2b05de","BART_046.basePlot.vst","2017-07-10","D01","BART","BART_046","tower","deciduousForest",44.059946,-71.285410,"WGS84",20.2,316952.20,4881070.37,"19N",304.7,0.3,"vst_BART_2017","NEON.DOC.000987vG","Y","presentInAll","N",,"N",,"100","noneSelected",800,400,800,,"SAwHV/vuYkxX2df/5BVlgyZfU0GvlLzZfT4p0tvpCoA=","jRr6tAEXvh/2EP2nqxILjbvMaL6VMLwf",
"cb687713-7d0a-4f5c-85a8-932276c50d52","BART_050.basePlot.vst","2017-07-10","D01","BART","BART_050","tower","mixedForest",44.061507,-71.287700,"WGS84",20.2,316773.60,4881248.85,"19N",287.8,0.2,"vst_BART_2017","NEON.DOC.000987vG","Y","presentInAll","Y",,"N",,"100","noneSelected",800,400,800,,"SAwHV/vuYkxX2df/5BVlgyZfU0GvlLzZfT4p0tvpCoA=","jRr6tAEXvh/2EP2nqxILjbvMaL6VMLwf",
"b7eff2cd-1357-4681-ab58-551be12a32ba","BART_040.basePlot.vst","2017-07-10","D01","BART","BART_040","tower","deciduousForest",44.065761,-71.291993,"WGS84",20.2,316442.91,4881730.91,"19N",260.5,0.3,"vst_BART_2017","NEON.DOC.000987vG","Y","presentInAll","Y",,"N",,"25","noneSelected",800,100,800,,"SAwHV/vuYkxX2df/5BVlgyZfU0GvlLzZfT4p0tvpCoA=","jRr6tAEXvh/2EP2nqxILjbvMaL6VMLwf",
"0a0014cc-aaf6-44fa-917b-704b5b543e0f","BART_051.basePlot.vst","2017-07-10","D01","BART","BART_051","tower","deciduousForest",44.062849,-71.287737,"WGS84",20.3,316774.78,4881397.99,"19N",280.0,0.4,"vst_BART_2017","NEON.DOC.000987vG","Y","presentInAll","N",,"N",,"25","noneSelected",800,100,800,,"SAwHV/vuYkxX2df/5BVlgyZfU0GvlLzZfT4p0tvpCoA=","jRr6tAEXvh/2EP2nqxILjbvMaL6VMLwf",
