uid,namedLocation,date,eventID,domainID,siteID,plotID,subplotID,individualID,tagStatus,growthForm,plantStatus,stemDiameter,measurementHeight,height,baseCrownHeight,breakHeight,breakDiameter,maxCrownDiameter,ninetyCrownDiameter,canopyPosition,shape,basalStemDiameter,basalStemDiameterMsrmntHeight,maxBaseCrownDiameter,ninetyBaseCrownDiameter,remarks,recordedBy,measuredBy,dataQF
"49175319-30e9-4e95-9b88-ea682482654e","BART_074.basePlot.vst","2017-07-10","vst_BART_2017","D01","BART","BART_074",,"NEON.PLA.D01.BART.05208","ok","single bole tree","Live, physically damaged",36.4,130,16.3,,,,,,,,,,,,"Beach bark disease on bole. Physical damage on bole from losing very large branch.","jRr6tAEXvh/2EP2nqxILjbvMaL6VMLwf","SAwHV/vuYkxX2df/5BVlgyZfU0GvlLzZfT4p0tvpCoA=","legacyData"
"757ca200-eb05-43fb-a0cf-24bd516d970b","BART_074.basePlot.vst","2017-07-10","vst_BART_2017","D01","BART","BART_074",,"NEON.PLA.D01.BART.05165","ok","small tree","Live",2.9,130,2.9,,,,,,,,,,,,,"jRr6tAEXvh/2EP2nqxILjbvMaL6VMLwf","SAwHV/vuYkxX2df/5BVlgyZfU0GvlLzZfT4p0tvpCoA=","legacyData"
"c3e565c4-6843-4206-9ff0-b559b5c38bfb","BART_074.basePlot.vst","2017-07-10","vst_BART_2017","D01","BART","BART_074",,"NEON.PLA.D01.BART.05146","ok","single bole tree","Live",34.7,130,14.7,,,,,,,,,,,,,"jRr6tAEXvh/2EP2nqxILjbvMaL6VMLwf","SAwHV/vuYkxX2df/5BVlgyZfU0GvlLzZfT4p0tvpCoA=","legacyData"
"20c43280-5f7c-4bc8-b885-3ab4a6596850","BART_074.basePlot.vst","2017-07-10","vst_BART_2017","D01","BART","BART_074",,"NEON.PLA.D01.BART.05132","ok","single bole tree","Live, disease damaged",34.0,130,20.5,,,,,,,,,,,,"Beach bark disease on bole","jRr6tAEXvh/2EP2nqxILjbvMaL6VMLwf","SAwHV/vuYkxX2df/5BVlgyZfU0GvlLzZfT4p0tvpCoA=","legacyData"
"2472d2ac-aaee-47e5-970c-469c8463b190","BART_074.basePlot.vst","2017-07-10","vst_BART_2017","D01","BART","BART_074",,"NEON.PLA.D01.BART.05219","ok","single bole tree","Live, disease damaged",26.9,130,13.3,,,,,,,,,,,,"Beach bark disease on bole","jRr6tAEXvh/2EP2nqxILjbvMaL6VMLwf","SAwHV/vuYkxX2df/5BVlgyZfU0GvlLzZfT4p0tvpCoA=","legacyData"
"8e981282-ffc4-4f2c-823b-3795f9441c4e","BART_074.basePlot.vst","2017-07-10","vst_BART_2017","D01","BART","BART_074",,"NEON.PLA.D01.BART.05210","ok","single bole tree","Live, broken bole",47.5,130,18.4,,11.0,25.0,,,,,,,,,"Beach bark disease on bole. Unknown cause of break.","jRr6tAEXvh/2EP2nqxILjbvMaL6VMLwf","SAwHV/vuYkxX2df/5BVlgyZfU0GvlLzZfT4p0tvpCoA=","legacyData"
"d26453cb-a6f9-42a9-8b5a-3a31f3b4eaab","BART_074.basePlot.vst","2017-07-10","vst_BART_2017","D01","BART","BART_074",,"NEON.PLA.D01.BART.05204","ok","single bole tree","Live",15.3,130,10.1,,,,,,,,,,,,,"jRr6tAEXvh/2EP2nqxILjbvMaL6VMLwf","SAwHV/vuYkxX2df/5BVlgyZfU0GvlLzZfT4p0tvpCoA=","legacyData"
"3a671ef2-8630-4c1c-912e-ddd312d6e146","BART_074.basePlot.vst","2017-07-10","vst_BART_2017","D01","BART","BART_074",,"NEON.PLA.D01.BART.05122","ok","single bole tree","Live, disease damaged",17.4,130,16.3,,,,,,,,,,,,"Beach bark disease on bole","jRr6tAEXvh/2EP2nqxILjbvMaL6VMLwf","SAwHV/vuYkxX2df/5BVlgyZfU0GvlLzZfT4p0tvpCoA=","legacyData"
"58792e40-e8e9-4c17-80f1-fe6eca265b29","BART_074.basePlot.vst","2017-07-10","vst_BART_2017","D01","BART","BART_074",,"NEON.PLA.D01.BART.00515","ok","small tree","Lost, fate unknown",,,,,,,,,,,,,,,"Not found 2016 and 2017","jRr6tAEXvh/2EP2nqxILjbvMaL6VMLwf","SAwHV/vuYkxX2df/5BVlgyZfU0GvlLzZfT4p0tvpCoA=","legacyData"
"43310da7-4681-4ac2-a4dc-b6dc855034d7","BART_074.basePlot.vst","2017-07-10","vst_BART_2017","D01","BART","BART_074",,"NEON.PLA.D01.BART.05137","ok","single bole tree","Live, disease damaged",13.5,130,12.0,,,,,,,,,,,,"Beach bark disease on bole","jRr6tAEXvh/2EP2nqxILjbvMaL6VMLwf","SAwHV/vuYkxX2df/5BVlgyZfU0GvlLzZfT4p0tvpCoA=","legacyData"
"7398c82e-52e4-4a23-a958-2d3498605f77","BART_074.basePlot.vst","2017-07-10","vst_BART_2017","D01","BART","BART_074",,"NEON.PLA.D01.BART.05209","ok","single bole tree","Live, disease damaged",24.1,130,14.1,,,,,,,,,,,,"Beach bark disease on bole","jRr6tAEXvh/2EP2nqxILjbvMaL6VMLwf","SAwHV/vuYkxX2df/5BVlgyZfU0GvlLzZfT4p0tvpCoA=","legacyData"
"e9d2ba65-362f-4310-9e4e-3893024a89ad","BART_074.basePlot.vst","2017-07-10","vst_BART_2017","D01","BART","BART_074",,"NEON.PLA.D01.BART.05212","ok","single bole tree","Live, disease damaged",23.0,130,15.7,,,,,,,,,,,,"Beach bark disease on bole","jRr6tAEXvh/2EP2nqxILjbvMaL6VMLwf","SAwHV/vuYkxX2df/5BVlgyZfU0GvlLzZfT4p0tvpCoA=","legacyData"
"b8194bd6-d6ea-4f39-a63b-df1f1bac004d","BART_074.basePlot.vst","2017-07-10","vst_BART_2017","D01","BART","BART_074",,"NEON.PLA.D01.BART.05203","ok","single bole tree","Live, disease damaged",11.5,130,12.3,,,,,,,,,,,,"Beach bark disease on bole","jRr6tAEXvh/2EP2nqxILjbvMaL6VMLwf","SAwHV/vuYkxX2df/5BVlgyZfU0GvlLzZfT4p0tvpCoA=","legacyData"
"c12c4ebf-671f-4a57-9d90-d5d33bf499a4","BART_074.basePlot.vst","2017-07-10","vst_BART_2017","D01","BART","BART_074",,"NEON.PLA.D01.BART.05222","ok","single bole tree","Standing dead",15.9,130,14.9,,,,,,,,,,,,"Beach bark disease on bole. Unkown cause of death.","jRr6tAEXvh/2EP2nqxILjbvMaL6VMLwf","SAwHV/vuYkxX2df/5BVlgyZfU0GvlLzZfT4p0tvpCoA=","legacyData"
"5d96947f-5849-4556-b519-2db55a8e80ea","BART_074.basePlot.vst","2017-07-10","vst_BART_2017","D01","BART","BART_074",,"NEON.PLA.D01.BART.05224","ok","single bole tree","Downed",,,,,,,,,,,,,,,"Part of Cdw","jRr6tAEXvh/2EP2nqxILjbvMaL6VMLwf","SAwHV/vuYkxX2df/5BVlgyZfU0GvlLzZfT4p0tvpCoA=","legacyData"
"a1cd3cec-bd52-42b5-8cae-1a2f261336dc","BART_074.basePlot.vst","2017-07-10","vst_BART_2017","D01","BART","BART_074",,"NEON.PLA.D01.BART.05693","ok","small tree","Live, disease damaged",1.3,130,2.6,,,,,,,,,,,,"Beach bark disease on bole","jRr6tAEXvh/2EP2nqxILjbvMaL6VMLwf","SAwHV/vuYkxX2df/5BVlgyZfU0GvlLzZfT4p0tvpCoA=","legacyData"
"a6144890-6070-4e3f-a403-ed5f2000b87a","BART_074.basePlot.vst","2017-07-10","vst_BART_2017","D01","BART","BART_074",,"NEON.PLA.D01.BART.05145","ok","single bole tree","Live, disease damaged",47.5,130,18.7,,,,,,,,,,,,"Beach bark disease on bole","jRr6tAEXvh/2EP2nqxILjbvMaL6VMLwf","SAwHV/vuYkxX2df/5BVlgyZfU0GvlLzZfT4p0tvpCoA=","legacyData"
"a83f2872-960f-4a51-a54d-59e3dc17fa52","BART_074.basePlot.vst","2017-07-10","vst_BART_2017","D01","BART","BART_074",,"NEON.PLA.D01.BART.05696","ok","single bole tree","Standing dead",19.4,130,19.0,,,,,,,,,,,,"Beach bark disease on bole. Unkown cause of death.","jRr6tAEXvh/2EP2nqxILjbvMaL6VMLwf","SAwHV/vuYkxX2df/5BVlgyZfU0GvlLzZfT4p0tvpCoA=","legacyData"
"d86b6653-a155-4cbf-8398-a43f8812038b","BART_074.basePlot.vst","2017-07-10","vst_BART_2017","D01","BART","BART_074",,"NEON.PLA.D01.BART.05217","ok","single bole tree","Live, disease damaged",16.6,130,16.2,,,,,,,,,,,,"Beach bark disease on bole","jRr6tAEXvh/2EP2nqxILjbvMaL6VMLwf","SAwHV/vuYkxX2df/5BVlgyZfU0GvlLzZfT4p0tvpCoA=","legacyData"
"441ad4e7-914e-4656-8820-64b0e13f39e7","BART_074.basePlot.vst","2017-07-10","vst_BART_2017","D01","BART","BART_074",,"NEON.PLA.D01.BART.05136","ok","single bole tree","Live, disease damaged",40.9,130,17.3,,,,,,,,,,,,"Beach bark disease on bole","jRr6tAEXvh/2EP2nqxILjbvMaL6VMLwf","SAwHV/vuYkxX2df/5BVlgyZfU0GvlLzZfT4p0tvpCoA=","legacyData"
"c1df6c4a-2041-4a84-bce9-9d77cf7cc867","BART_074.basePlot.vst","2017-07-10","vst_BART_2017","D01","BART","BART_074",,"NEON.PLA.D01.BART.05159","ok","small tree","Live, disease damaged",2.7,130,3.6,,,,,,,,,,,,"Beach bark disease on bole","jRr6tAEXvh/2EP2nqxILjbvMaL6VMLwf","SAwHV/vuYkxX2df/5BVlgyZfU0GvlLzZfT4p0tvpCoA=","legacyData"
"805ad4cd-9ef8-4f98-b4bd-2f4c3c272d3f","BART_074.basePlot.vst","2017-07-10","vst_BART_2017","D01","BART","BART_074",,"NEON.PLA.D01.BART.05152","ok","sapling","Live, disease damaged",,,1.1,,,,,,,,1.8,10,,,"Beach bark disease on bole","jRr6tAEXvh/2EP2nqxILjbvMaL6VMLwf","SAwHV/vuYkxX2df/5BVlgyZfU0GvlLzZfT4p0tvpCoA=","legacyData"
"ff9503cf-218b-46c3-93df-4b1129c5aa2a","BART_074.basePlot.vst","2017-07-10","vst_BART_2017","D01","BART","BART_074",,"NEON.PLA.D01.BART.05140","ok","single bole tree","Live, disease damaged",30.9,130,18.1,,,,,,,,,,,,"Beach bark disease on bole","jRr6tAEXvh/2EP2nqxILjbvMaL6VMLwf","SAwHV/vuYkxX2df/5BVlgyZfU0GvlLzZfT4p0tvpCoA=","legacyData"
"698be881-5a10-4395-95fb-244e483dbf5b","BART_074.basePlot.vst","2017-07-10","vst_BART_2017","D01","BART","BART_074",,"NEON.PLA.D01.BART.05149","ok","single bole tree","Live, disease damaged",35.1,130,18.7,,,,,,,,,,,,"Beach bark disease on bole","jRr6tAEXvh/2EP2nqxILjbvMaL6VMLwf","SAwHV/vuYkxX2df/5BVlgyZfU0GvlLzZfT4p0tvpCoA=","legacyData"
"b9d5871b-1f92-414d-a809-a83c1e3cf179","BART_074.basePlot.vst","2017-07-10","vst_BART_2017","D01","BART","BART_074",,"NEON.PLA.D01.BART.05164","ok","sapling","Live, disease damaged",,,1.8,,,,,,,,1.7,10,,,"Beach bark disease on bole","jRr6tAEXvh/2EP2nqxILjbvMaL6VMLwf","SAwHV/vuYkxX2df/5BVlgyZfU0GvlLzZfT4p0tvpCoA=","legacyData"
"751a18a0-1625-4337-84da-0d9ac123b452","BART_074.basePlot.vst","2017-07-10","vst_BART_2017","D01","BART","BART_074",,"NEON.PLA.D01.BART.05157","ok","sapling","Live, disease damaged",,,1.6,,,,,,,,2.4,10,,,"Beach bark disease on bole","jRr6tAEXvh/2EP2nqxILjbvMaL6VMLwf","SAwHV/vuYkxX2df/5BVlgyZfU0GvlLzZfT4p0tvpCoA=","legacyData"
"f6700aac-e608-4dcc-bc1a-579efdf612ab","BART_074.basePlot.vst","2017-07-10","vst_BART_2017","D01","BART","BART_074",,"NEON.PLA.D01.BART.05161","ok","small tree","Live, disease damaged",1.3,130,1.9,,,,,,,,,,,,"Beach bark disease on bole","jRr6tAEXvh/2EP2nqxILjbvMaL6VMLwf","SAwHV/vuYkxX2df/5BVlgyZfU0GvlLzZfT4p0tvpCoA=","legacyData"
"2799da6a-783a-49bb-a938-fa67d1266a99","BART_074.basePlot.vst","2017-07-10","vst_BART_2017","D01","BART","BART_074",,"NEON.PLA.D01.BART.05202","ok","single bole tree","Standing dead",33.3,130,18.6,,,,,,,,,,,,"Unkown cause of death. Beach bark disease on bole.","jRr6tAEXvh/2EP2nqxILjbvMaL6VMLwf","SAwHV/vuYkxX2df/5BVlgyZfU0GvlLzZfT4p0tvpCoA=","legacyData"
"e2df0626-ec0d-408f-be58-7e0a2d0695d3","BART_074.basePlot.vst","2017-07-10","vst_BART_2017","D01","BART","BART_074",,"NEON.PLA.D01.BART.05690A","ok","multi-bole tree","Live, disease damaged",28.6,130,,,,,,,,,,,,,"Beach bark disease on bole","jRr6tAEXvh/2EP2nqxILjbvMaL6VMLwf","SAwHV/vuYkxX2df/5BVlgyZfU0GvlLzZfT4p0tvpCoA=","legacyData"
"4a37cbe1-6500-4320-9c49-3311ae1a6c0e","BART_074.basePlot.vst","2017-07-10","vst_BART_2017","D01","BART","BART_074",,"NEON.PLA.D01.BART.05153","ok","sapling","Live, disease damaged",,,1.5,,,,,,,,1.4,10,,,"Beach bark disease on bole","jRr6tAEXvh/2EP2nqxILjbvMaL6VMLwf","SAwHV/vuYkxX2df/5BVlgyZfU0GvlLzZfT4p0tvpCoA=","legacyData"
"a96d44d6-a98b-4d0e-a380-e336ddff64ed","BART_074.basePlot.vst","2017-07-10","vst_BART_2017","D01","BART","BART_074",,"NEON.PLA.D01.BART.05218","ok","single bole tree","Live",13.8,130,7.7,,,,,,,,,,,,,"jRr6tAEXvh/2EP2nqxILjbvMaL6VMLwf","SAwHV/vuYkxX2df/5BVlgyZfU0GvlLzZfT4p0tvpCoA=","legacyData"
"b1249fa9-6475-4834-8318-cdf3069eb8dc","BART_074.basePlot.vst","2017-07-10","vst_BART_2017","D01","BART","BART_074",,"NEON.PLA.D01.BART.05172","ok","sapling","Live, disease damaged",,,0.8,,,,,,,,1.2,10,,,"Beach bark disease on bole. Dead branch.","jRr6tAEXvh/2EP2nqxILjbvMaL6VMLwf","SAwHV/vuYkxX2df/5BVlgyZfU0GvlLzZfT4p0tvpCoA=","legacyData"
"c86204e3-8339-4e04-afa8-b3076dc113d1","BART_074.basePlot.vst","2017-07-10","vst_BART_2017","D01","BART","BART_074",,"NEON.PLA.D01.BART.05160","ok","sapling","Live, disease damaged",,,2.3,,,,,,,,2.5,10,,,"Beach bark disease on bole","jRr6tAEXvh/2EP2nqxILjbvMaL6VMLwf","SAwHV/vuYkxX2df/5BVlgyZfU0GvlLzZfT4p0tvpCoA=","legacyData"
"455c5471-1824-4d87-8355-d393c909d96b","BART_074.basePlot.vst","2017-07-10","vst_BART_2017","D01","BART","BART_074",,"NEON.PLA.D01.BART.05130","ok","single bole tree","Live",42.5,130,21.8,,,,,,,,,,,,,"jRr6tAEXvh/2EP2nqxILjbvMaL6VMLwf","SAwHV/vuYkxX2df/5BVlgyZfU0GvlLzZfT4p0tvpCoA=","legacyData"
"271b54a9-eb1a-4453-9b87-586a457912e3","BART_074.basePlot.vst","2017-07-10","vst_BART_2017","D01","BART","BART_074",,"NEON.PLA.D01.BART.05154","ok","small tree","Live, disease damaged",1.4,130,1.9,,,,,,,,,,,,"Beach bark disease on bole","jRr6tAEXvh/2EP2nqxILjbvMaL6VMLwf","SAwHV/vuYkxX2df/5BVlgyZfU0GvlLzZfT4p0tvpCoA=","legacyData"
"0c4a5676-1534-49c5-b5d9-091502c20065","BART_074.basePlot.vst","2017-07-10","vst_BART_2017","D01","BART","BART_074",,"NEON.PLA.D01.BART.05205","ok","single bole tree","Live, disease damaged",10.5,130,10.6,,,,,,,,,,,,"Beach bark disease on bole","jRr6tAEXvh/2EP2nqxILjbvMaL6VMLwf","SAwHV/vuYkxX2df/5BVlgyZfU0GvlLzZfT4p0tvpCoA=","legacyData"
"dfa937d1-c7e2-45a6-8c94-92f866a27ebe","BART_074.basePlot.vst","2017-07-10","vst_BART_2017","D01","BART","BART_074",,"NEON.PLA.D01.BART.05138","ok","single bole tree","Live",18.8,130,11.1,,,,,,,,,,,,,"jRr6tAEXvh/2EP2nqxILjbvMaL6VMLwf","SAwHV/vuYkxX2df/5BVlgyZfU0GvlLzZfT4p0tvpCoA=","legacyData"
"35cd4aad-bfe8-4602-b21a-c6e61286f839","BART_074.basePlot.vst","2017-07-10","vst_BART_2017","D01","BART","BART_074",,"NEON.PLA.D01.BART.05168","ok","sapling","Live, disease damaged",,,1.3,,,,,,,,1.4,10,,,"Beach bark disease on bole","jRr6tAEXvh/2EP2nqxILjbvMaL6VMLwf","SAwHV/vuYkxX2df/5BVlgyZfU0GvlLzZfT4p0tvpCoA=","legacyData"
"f3a2d6d9-ea4f-422c-9eef-6d2d2c34ac58","BART_074.basePlot.vst","2017-07-10","vst_BART_2017","D01","BART","BART_074",,"NEON.PLA.D01.BART.05142","ok","single bole tree","Live, disease damaged",41.4,130,19.0,,,,,,,,,,,,"Beach bark disease on bole","jRr6tAEXvh/2EP2nqxILjbvMaL6VMLwf","SAwHV/vuYkxX2df/5BVlgyZfU0GvlLzZfT4p0tvpCoA=","legacyData"
"c5d6cec9-0748-4f23-a4ff-9fa8b8b1c8aa","BART_074.basePlot.vst","2017-07-10","vst_BART_2017","D01","BART","BART_074",,"NEON.PLA.D01.BART.05695","ok","sapling","Live, disease damaged",,,1.2,,,,,,,,1.0,10,,,"Beach bark disease on bole","jRr6tAEXvh/2EP2nqxILjbvMaL6VMLwf","SAwHV/vuYkxX2df/5BVlgyZfU0GvlLzZfT4p0tvpCoA=","legacyData"
"8c15283e-f9a1-4271-a1c1-5f4bf7abaf6a","BART_074.basePlot.vst","2017-07-10","vst_BART_2017","D01","BART","BART_074",,"NEON.PLA.D01.BART.05158","ok","sapling","Live, disease damaged",,,2.6,,,,,,,,1.7,10,,,"Beach bark disease on bole","jRr6tAEXvh/2EP2nqxILjbvMaL6VMLwf","SAwHV/vuYkxX2df/5BVlgyZfU0GvlLzZfT4p0tvpCoA=","legacyData"
"8ce79bbb-5e82-4b8a-b31c-dba87b628f7e","BART_074.basePlot.vst","2017-07-10","vst_BART_2017","D01","BART","BART_074",,"NEON.PLA.D01.BART.05690","ok","multi-bole tree","Live, disease damaged",39.6,130,17.7,,,,,,,,,,,,"Beach bark disease on bole","jRr6tAEXvh/2EP2nqxILjbvMaL6VMLwf","SAwHV/vuYkxX2df/5BVlgyZfU0GvlLzZfT4p0tvpCoA=","legacyData"
"d60f4db2-d3c2-4e01-9669-d6f1c198f81c","BART_074.basePlot.vst","2017-07-10","vst_BART_2017","D01","BART","BART_074",,"NEON.PLA.D01.BART.05215","ok","single bole tree","Live",14.0,130,10.1,,,,,,,,,,,,,"jRr6tAEXvh/2EP2nqxILjbvMaL6VMLwf","SAwHV/vuYkxX2df/5BVlgyZfU0GvlLzZfT4p0tvpCoA=","legacyData"
"0537f126-43db-4275-8814-a5343e75442c","BART_074.basePlot.vst","2017-07-10","vst_BART_2017","D01","BART","BART_074",,"NEON.PLA.D01.BART.05156","ok","sapling","Live, disease damaged",,,2.0,,,,,,,,1.7,10,,,"Beach bark disease on bole","jRr6tAEXvh/2EP2nqxILjbvMaL6VMLwf","SAwHV/vuYkxX2df/5BVlgyZfU0GvlLzZfT4p0tvpCoA=","legacyData"
"60f264eb-b55c-4bdc-914e-7f752ddf198a","BART_074.basePlot.vst","2017-07-10","vst_BART_2017","D01","BART","BART_074",,"NEON.PLA.D01.BART.05166","ok","small tree","Live",7.6,130,3.8,,,,,,,,,,,,,"jRr6tAEXvh/2EP2nqxILjbvMaL6VMLwf","SAwHV/vuYkxX2df/5BVlgyZfU0GvlLzZfT4p0tvpCoA=","legacyData"
"1bebd986-2a98-4ef1-965c-d6f9c63efcfd","BART_074.basePlot.vst","2017-07-10","vst_BART_2017","D01","BART","BART_074",,"NEON.PLA.D01.BART.05201","ok","single bole tree","Live",19.5,130,15.5,,,,,,,,,,,,,"jRr6tAEXvh/2EP2nqxILjbvMaL6VMLwf","SAwHV/vuYkxX2df/5BVlgyZfU0GvlLzZfT4p0tvpCoA=","legacyData"
"d80aefe8-c935-48ef-85b3-1f09656b32cd","BART_074.basePlot.vst","2017-07-10","vst_BART_2017","D01","BART","BART_074",,"NEON.PLA.D01.BART.05169","ok","sapling","Live, disease damaged",,,1.6,,,,,,,,1.4,10,,,"Beach bark disease on bole","jRr6tAEXvh/2EP2nqxILjbvMaL6VMLwf","SAwHV/vuYkxX2df/5BVlgyZfU0GvlLzZfT4p0tvpCoA=","legacyData"
"a8cb7b64-c1a0-4345-9dc8-1052736f19fd","BART_074.basePlot.vst","2017-07-10","vst_BART_2017","D01","BART","BART_074",,"NEON.PLA.D01.BART.05173","ok","small tree","Live, disease damaged",1.0,130,2.0,,,,,,,,,,,,"Beach bark disease on bole","jRr6tAEXvh/2EP2nqxILjbvMaL6VMLwf","SAwHV/vuYkxX2df/5BVlgyZfU0GvlLzZfT4p0tvpCoA=","legacyData"
"1b472810-05cb-45bf-9898-770ee276db3d","BART_074.basePlot.vst","2017-07-10","vst_BART_2017","D01","BART","BART_074",,"NEON.PLA.D01.BART.05167","ok","sapling","Live, disease damaged",,,0.8,,,,,,,,1.3,10,,,"Beach bark disease on bole","jRr6tAEXvh/2EP2nqxILjbvMaL6VMLwf","SAwHV/vuYkxX2df/5BVlgyZfU0GvlLzZfT4p0tvpCoA=","legacyData"
"fbc4a30c-3a2e-4a4a-a9f0-4bea747731cb","BART_074.basePlot.vst","2017-07-10","vst_BART_2017","D01","BART","BART_074",,"NEON.PLA.D01.BART.05139","ok","single bole tree","Live",12.5,130,8.3,,,,,,,,,,,,,"jRr6tAEXvh/2EP2nqxILjbvMaL6VMLwf","SAwHV/vuYkxX2df/5BVlgyZfU0GvlLzZfT4p0tvpCoA=","legacyData"
"2b92ffe0-9d2c-418f-afcb-e5391654d4f5","BART_074.basePlot.vst","2017-07-10","vst_BART_2017","D01","BART","BART_074",,"NEON.PLA.D01.BART.05216","ok","single bole tree","Live, disease damaged",26.0,130,16.5,,,,,,,,,,,,"Beach bark disease on bole","jRr6tAEXvh/2EP2nqxILjbvMaL6VMLwf","SAwHV/vuYkxX2df/5BVlgyZfU0GvlLzZfT4p0tvpCoA=","legacyData"
"a45f2fcb-1823-4720-857a-357508cb40e5","BART_074.basePlot.vst","2017-07-10","vst_BART_2017","D01","BART","BART_074",,"NEON.PLA.D01.BART.05207","ok","single bole tree","Live",32.6,130,16.5,,,,,,,,,,,,,"jRr6tAEXvh/2EP2nqxILjbvMaL6VMLwf","SAwHV/vuYkxX2df/5BVlgyZfU0GvlLzZfT4p0tvpCoA=","legacyData"
"a26dadd8-955d-4da9-a16e-8c3bb9076370","BART_074.basePlot.vst","2017-07-10","vst_BART_2017","D01","BART","BART_074",,"NEON.PLA.D01.BART.05221","ok","single bole tree","Live",29.8,130,19.3,,,,,,,,,,,,,"jRr6tAEXvh/2EP2nqxILjbvMaL6VMLwf","SAwHV/vuYkxX2df/5BVlgyZfU0GvlLzZfT4p0tvpCoA=","legacyData"
"104addf2-f1a8-479a-823f-15362d6b4cab","BART_074.basePlot.vst","2017-07-10","vst_BART_2017","D01","BART","BART_074",,"NEON.PLA.D01.BART.05120","ok","single bole tree","Live, disease damaged",17.5,130,16.6,,,,,,,,,,,,"Beach bark disease on bole","jRr6tAEXvh/2EP2nqxILjbvMaL6VMLwf","SAwHV/vuYkxX2df/5BVlgyZfU0GvlLzZfT4p0tvpCoA=","legacyData"
"454bfafa-4904-4ca1-9aa8-a6e3ff5d7780","BART_074.basePlot.vst","2017-07-10","vst_BART_2017","D01","BART","BART_074",,"NEON.PLA.D01.BART.05220","ok","single bole tree","Live",18.7,130,10.6,,,,,,,,,,,,"Scar on bole mostly healed. Plant has overcome damage and is healthy.","jRr6tAEXvh/2EP2nqxILjbvMaL6VMLwf","SAwHV/vuYkxX2df/5BVlgyZfU0GvlLzZfT4p0tvpCoA=","legacyData"
"478ec095-18bb-4bd6-a5e6-c6889cc455b6","BART_074.basePlot.vst","2017-07-10","vst_BART_2017","D01","BART","BART_074",,"NEON.PLA.D01.BART.05121","ok","single bole tree","Live, disease damaged",12.9,130,14.1,,,,,,,,,,,,"Beach bark disease on bole","jRr6tAEXvh/2EP2nqxILjbvMaL6VMLwf","SAwHV/vuYkxX2df/5BVlgyZfU0GvlLzZfT4p0tvpCoA=","legacyData"
"7e849d43-a9e9-4c23-ade0-645e73f250b5","BART_074.basePlot.vst","2017-07-10","vst_BART_2017","D01","BART","BART_074",,"NEON.PLA.D01.BART.05694","ok","sapling","Live, disease damaged",,,1.2,,,,,,,,1.1,10,,,"Beach bark disease on bole","jRr6tAEXvh/2EP2nqxILjbvMaL6VMLwf","SAwHV/vuYkxX2df/5BVlgyZfU0GvlLzZfT4p0tvpCoA=","legacyData"
"f53b5f12-de5b-4a45-ab22-74129bce88a4","BART_074.basePlot.vst","2017-07-10","vst_BART_2017","D01","BART","BART_074",,"NEON.PLA.D01.BART.05155","ok","sapling","Live, disease damaged",,,0.8,,,,,,,,1.2,10,,,"Beach bark disease on bole","jRr6tAEXvh/2EP2nqxILjbvMaL6VMLwf","SAwHV/vuYkxX2df/5BVlgyZfU0GvlLzZfT4p0tvpCoA=","legacyData"
"4a5defeb-3127-49d9-b189-dc8772c13401","BART_074.basePlot.vst","2017-07-10","vst_BART_2017","D01","BART","BART_074",,"NEON.PLA.D01.BART.05133","ok","single bole tree","Live",16.8,130,9.3,,,,,,,,,,,,,"jRr6tAEXvh/2EP2nqxILjbvMaL6VMLwf","SAwHV/vuYkxX2df/5BVlgyZfU0GvlLzZfT4p0tvpCoA=","legacyData"
"4f9745ff-73f5-4527-856e-dc4aebdc6014","BART_074.basePlot.vst","2017-07-10","vst_BART_2017","D01","BART","BART_074",,"NEON.PLA.D01.BART.05144","ok","single bole tree","Live",29.1,130,17.5,,,,,,,,,,,,,"jRr6tAEXvh/2EP2nqxILjbvMaL6VMLwf","SAwHV/vuYkxX2df/5BVlgyZfU0GvlLzZfT4p0tvpCoA=","legacyData"
"456c603f-87d1-4316-8371-256d4e6c8a44","BART_074.basePlot.vst","2017-07-10","vst_BART_2017","D01","BART","BART_074",,"NEON.PLA.D01.BART.05214","ok","single bole tree","Live, physically damaged",11.7,130,5.2,,,,,,,,,,,,"Scarred on bole. Leaning against neighboring tree","jRr6tAEXvh/2EP2nqxILjbvMaL6VMLwf","SAwHV/vuYkxX2df/5BVlgyZfU0GvlLzZfT4p0tvpCoA=","legacyData"
"daeb89f0-95ec-4d71-a1ca-ea9b5322c484","BART_074.basePlot.vst","2017-07-10","vst_BART_2017","D01","BART","BART_074",,"NEON.PLA.D01.BART.05697","ok","small tree","Live, disease damaged",1.9,130,3.4,,,,,,,,,,,,"Beach bark disease on bole","jRr6tAEXvh/2EP2nqxILjbvMaL6VMLwf","SAwHV/vuYkxX2df/5BVlgyZfU0GvlLzZfT4p0tvpCoA=","legacyData"
"54e8b017-158c-4ca8-afe6-74a36586e681","BART_074.basePlot.vst","2017-07-10","vst_BART_2017","D01","BART","BART_074",,"NEON.PLA.D01.BART.05147","ok","single bole tree","Live, disease damaged",33.5,130,16.0,,,,,,,,,,,,"Beach bark disease on bole","jRr6tAEXvh/2EP2nqxILjbvMaL6VMLwf","SAwHV/vuYkxX2df/5BVlgyZfU0GvlLzZfT4p0tvpCoA=","legacyData"
"a1833fee-1404-4701-87ac-6f8d9848485b","BART_074.basePlot.vst","2017-07-10","vst_BART_2017","D01","BART","BART_074",,"NEON.PLA.D01.BART.05211","ok","single bole tree","Live, disease damaged",33.4,130,18.1,,,,,,,,,,,,"Beach bark disease on bole","jRr6tAEXvh/2EP2nqxILjbvMaL6VMLwf","SAwHV/vuYkxX2df/5BVlgyZfU0GvlLzZfT4p0tvpCoA=","legacyData"
"2ee3217e-58bb-4c5a-888a-4f86594ac585","BART_074.basePlot.vst","2017-07-10","vst_BART_2017","D01","BART","BART_074",,"NEON.PLA.D01.BART.05163","ok","sapling","Live, disease damaged",,,1.1,,,,,,,,1.3,10,,,"Beach bark disease on bole","jRr6tAEXvh/2EP2nqxILjbvMaL6VMLwf","SAwHV/vuYkxX2df/5BVlgyZfU0GvlLzZfT4p0tvpCoA=","legacyData"
"812b5d49-ec97-4409-9da3-906b91cd0e84","BART_074.basePlot.vst","2017-07-10","vst_BART_2017","D01","BART","BART_074",,"NEON.PLA.D01.BART.05135","ok","single bole tree","Live, disease damaged",35.3,130,17.1,,,,,,,,,,,,"Beach bark disease on bole","jRr6tAEXvh/2EP2nqxILjbvMaL6VMLwf","SAwHV/vuYkxX2df/5BVlgyZfU0GvlLzZfT4p0tvpCoA=","legacyData"
"409c593d-527a-49a5-9810-7330afc20c45","BART_074.basePlot.vst","2017-07-10","vst_BART_2017","D01","BART","BART_074",,"NEON.PLA.D01.BART.05206","ok","single bole tree","Live, disease damaged",54.9,130,21.6,,,,,,,,,,,,"Beach bark disease on bole","jRr6tAEXvh/2EP2nqxILjbvMaL6VMLwf","SAwHV/vuYkxX2df/5BVlgyZfU0GvlLzZfT4p0tvpCoA=","legacyData"
"17e886d5-c106-4713-8f49-a2962ad7d24c","BART_074.basePlot.vst","2017-07-10","vst_BART_2017","D01","BART","BART_074",,"NEON.PLA.D01.BART.05131","ok","single bole tree","Live",34.4,130,20.1,,,,,,,,,,,,,"jRr6tAEXvh/2EP2nqxILjbvMaL6VMLwf","SAwHV/vuYkxX2df/5BVlgyZfU0GvlLzZfT4p0tvpCoA=","legacyData"
"8199e57f-eb99-4184-adf0-3023ed18c431","BART_074.basePlot.vst","2017-07-10","vst_BART_2017","D01","BART","BART_074",,"NEON.PLA.D01.BART.05141","ok","single bole tree","Live, disease damaged",28.1,130,20.4,,,,,,,,,,,,"Beach bark disease on bole","jRr6tAEXvh/2EP2nqxILjbvMaL6VMLwf","SAwHV/vuYkxX2df/5BVlgyZfU0GvlLzZfT4p0tvpCoA=","legacyData"
"5500ae9c-119a-449a-bcf5-fe835364198d","BART_074.basePlot.vst","2017-07-10","vst_BART_2017","D01","BART","BART_074",,"NEON.PLA.D01.BART.05171","ok","sapling","Live, disease damaged",,,1.6,,,,,,,,1.9,10,,,"Beach bark disease on bole","jRr6tAEXvh/2EP2nqxILjbvMaL6VMLwf","SAwHV/vuYkxX2df/5BVlgyZfU0GvlLzZfT4p0tvpCoA=","legacyData"
"2edc3ff7-6211-415d-84d5-f3a465acd2e0","BART_074.basePlot.vst","2017-07-10","vst_BART_2017","D01","BART","BART_074",,"NEON.PLA.D01.BART.05148","ok","single bole tree","Live",38.1,130,19.7,,,,,,,,,,,,,"jRr6tAEXvh/2EP2nqxILjbvMaL6VMLwf","SAwHV/vuYkxX2df/5BVlgyZfU0GvlLzZfT4p0tvpCoA=","legacyData"
"9d74ffdf-b53d-4241-b181-6ea4c5f1f597","BART_074.basePlot.vst","2017-07-10","vst_BART_2017","D01","BART","BART_074",,"NEON.PLA.D01.BART.05170","ok","sapling","Live, disease damaged",,,1.2,,,,,,,,1.4,10,,,"Beach bark disease on bole","jRr6tAEXvh/2EP2nqxILjbvMaL6VMLwf","SAwHV/vuYkxX2df/5BVlgyZfU0GvlLzZfT4p0tvpCoA=","legacyData"
"bdc1fcaf-6ca7-4bc9-bddb-916b5273f252","BART_074.basePlot.vst","2017-07-10","vst_BART_2017","D01","BART","BART_074",,"NEON.PLA.D01.BART.05162","ok","single bole tree","Dead, broken bole",6.9,130,3.7,,3.7,3.5,,,,,,,,,"Beach bark disease on bole. Unkown cause of death and break.","jRr6tAEXvh/2EP2nqxILjbvMaL6VMLwf","SAwHV/vuYkxX2df/5BVlgyZfU0GvlLzZfT4p0tvpCoA=","legacyData"
"73a3e151-55f8-45cd-83d3-a70ab1903671","BART_074.basePlot.vst","2017-07-10","vst_BART_2017","D01","BART","BART_074",,"NEON.PLA.D01.BART.05213","ok","single bole tree","Live",17.6,130,11.5,,,,,,,,,,,,,"jRr6tAEXvh/2EP2nqxILjbvMaL6VMLwf","SAwHV/vuYkxX2df/5BVlgyZfU0GvlLzZfT4p0tvpCoA=","legacyData"
"088943fa-8c10-4562-9fa2-31fa1d9d5092","BART_074.basePlot.vst","2017-07-10","vst_BART_2017","D01","BART","BART_074",,"NEON.PLA.D01.BART.05134","ok","single bole tree","Live",19.0,130,8.4,,,,,,,,,,,,,"jRr6tAEXvh/2EP2nqxILjbvMaL6VMLwf","SAwHV/vuYkxX2df/5BVlgyZfU0GvlLzZfT4p0tvpCoA=","legacyData"
"b350fc5e-cede-4b3d-803b-e2dd363a7301","BART_074.basePlot.vst","2017-07-10","vst_BART_2017","D01","BART","BART_074",,"NEON.PLA.D01.BART.05225","ok","sapling","Live, disease damaged",,,0.4,,,,,,,,1.1,10,,,"Beach bark disease on bole","jRr6tAEXvh/2EP2nqxILjbvMaL6VMLwf","SAwHV/vuYkxX2df/5BVlgyZfU0GvlLzZfT4p0tvpCoA=","legacyData"
"28826bca-ac03-498f-9476-7940e3a6fab5","BART_074.basePlot.vst","2017-07-10","vst_BART_2017","D01","BART","BART_074",,"NEON.PLA.D01.BART.05151","ok","small tree","Live, disease damaged",8.6,130,6.4,,,,,,,,,,,,"Beach bark disease on bole","jRr6tAEXvh/2EP2nqxILjbvMaL6VMLwf","SAwHV/vuYkxX2df/5BVlgyZfU0GvlLzZfT4p0tvpCoA=","legacyData"
"b3850730-9af3-4870-961a-d8ec18a9ee7a","BART_074.basePlot.vst","2017-07-10","vst_BART_2017","D01","BART","BART_074",,"NEON.PLA.D01.BART.05119","ok","single bole tree","Dead, broken bole",36.7,130,19.2,,18.1,12.0,,,,,,,,,"Beach bark disease on bole. Unkown cause of break and death","jRr6tAEXvh/2EP2nqxILjbvMaL6VMLwf","SAwHV/vuYkxX2df/5BVlgyZfU0GvlLzZfT4p0tvpCoA=","legacyData"
"0f1aa776-9899-4cb8-94d2-c528084e5a95","BART_074.basePlot.vst","2017-07-10","vst_BART_2017","D01","BART","BART_074",,"NEON.PLA.D01.BART.05223","ok","single bole tree","Live, disease damaged",17.0,150,17.0,,,,,,,,,,,,"Beach bark disease on bole","jRr6tAEXvh/2EP2nqxILjbvMaL6VMLwf","SAwHV/vuYkxX2df/5BVlgyZfU0GvlLzZfT4p0tvpCoA=","legacyData"
"95c9c44b-99dd-4112-8bf7-e44158c89f21","BART_074.basePlot.vst","2017-07-10","vst_BART_2017","D01","BART","BART_074",,"NEON.PLA.D01.BART.05692","ok","sapling","Live, disease damaged",,,0.7,,,,,,,,1.3,10,,,"Beach bark disease on bole","jRr6tAEXvh/2EP2nqxILjbvMaL6VMLwf","SAwHV/vuYkxX2df/5BVlgyZfU0GvlLzZfT4p0tvpCoA=","legacyData"
"d149db01-a851-4367-b111-950612431ea2","BART_074.basePlot.vst","2017-07-10","vst_BART_2017","D01","BART","BART_074",,"NEON.PLA.D01.BART.05150","ok","single bole tree","Live, disease damaged",22.8,130,18.3,,,,,,,,,,,,"Beach bark disease on bole","jRr6tAEXvh/2EP2nqxILjbvMaL6VMLwf","SAwHV/vuYkxX2df/5BVlgyZfU0GvlLzZfT4p0tvpCoA=","legacyData"
"264b9d35-a3d7-4977-a4ca-f6f4cf370c50","BART_074.basePlot.vst","2017-07-10","vst_BART_2017","D01","BART","BART_074",,"NEON.PLA.D01.BART.05143","ok","single bole tree","Live",17.9,130,10.3,,,,,,,,,,,,,"jRr6tAEXvh/2EP2nqxILjbvMaL6VMLwf","SAwHV/vuYkxX2df/5BVlgyZfU0GvlLzZfT4p0tvpCoA=","legacyData"
"c3b3edb8-425c-465c-b683-900b6dd9bfeb","BART_033.basePlot.vst","2017-07-10","vst_BART_2017","D01","BART","BART_033",,"NEON.PLA.D01.BART.04523","ok","multi-bole tree","Live, disease damaged",12.4,130,13.3,,,,,,,,,,,,"Beech bark disease on the bole.","SAwHV/vuYkxX2df/5BVlgyZfU0GvlLzZfT4p0tvpCoA=","jRr6tAEXvh/2EP2nqxILjbvMaL6VMLwf","legacyData"
"d7d7150e-08d7-40fe-afa2-e21c3db7cfab","BART_033.basePlot.vst","2017-07-10","vst_BART_2017","D01","BART","BART_033",,"NEON.PLA.D01.BART.04501","ok","small tree","Live, disease damaged",2.2,130,3.5,,,,,,,,,,,,"Beech bark disease on the bole.","SAwHV/vuYkxX2df/5BVlgyZfU0GvlLzZfT4p0tvpCoA=","jRr6tAEXvh/2EP2nqxILjbvMaL6VMLwf","legacyData"
"672b8956-d0ae-4556-9cce-268cf36cd7cc","BART_033.basePlot.vst","2017-07-10","vst_BART_2017","D01","BART","BART_033",,"NEON.PLA.D01.BART.06110","ok","single bole tree","Live, disease damaged",21.9,130,19.3,,,,,,,,,,,,"Beech bark disease on the bole.","SAwHV/vuYkxX2df/5BVlgyZfU0GvlLzZfT4p0tvpCoA=","jRr6tAEXvh/2EP2nqxILjbvMaL6VMLwf","legacyData"
"a2e46b90-badf-4542-ad11-2e43c1876ba3","BART_033.basePlot.vst","2017-07-10","vst_BART_2017","D01","BART","BART_033",,"NEON.PLA.D01.BART.06048","ok","sapling","Lost, fate unknown",,,,,,,,,,,,,,,"Was standing dead in 2016. Could not find plant or tag.","SAwHV/vuYkxX2df/5BVlgyZfU0GvlLzZfT4p0tvpCoA=","jRr6tAEXvh/2EP2nqxILjbvMaL6VMLwf","legacyData"
"b8e04946-96eb-4ad3-9f6e-5809407ad091","BART_033.basePlot.vst","2017-07-10","vst_BART_2017","D01","BART","BART_033",,"NEON.PLA.D01.BART.02314","ok","single bole tree","Live, disease damaged",15.1,130,13.7,,,,,,,,,,,,"Beech bark disease on the bole.","SAwHV/vuYkxX2df/5BVlgyZfU0GvlLzZfT4p0tvpCoA=","jRr6tAEXvh/2EP2nqxILjbvMaL6VMLwf","legacyData"
"7744cd3e-063a-401c-b37f-ad7afdebf56e","BART_033.basePlot.vst","2017-07-10","vst_BART_2017","D01","BART","BART_033",,"NEON.PLA.D01.BART.06106","ok","single bole tree","Live, disease damaged",23.9,130,18.4,,,,,,,,,,,,"Beech bark disease on the bole.","SAwHV/vuYkxX2df/5BVlgyZfU0GvlLzZfT4p0tvpCoA=","jRr6tAEXvh/2EP2nqxILjbvMaL6VMLwf","legacyData"
"afb83c86-da12-4442-bf65-98d7aac91fa2","BART_033.basePlot.vst","2017-07-10","vst_BART_2017","D01","BART","BART_033",,"NEON.PLA.D01.BART.02311","ok","single bole tree","Live, disease damaged",10.3,130,11.5,,,,,,,,,,,,"Beech bark disease on the bole.","SAwHV/vuYkxX2df/5BVlgyZfU0GvlLzZfT4p0tvpCoA=","jRr6tAEXvh/2EP2nqxILjbvMaL6VMLwf","legacyData"
"07c4eba9-616f-4a72-8c29-77de90050fb0","BART_033.basePlot.vst","2017-07-10","vst_BART_2017","D01","BART","BART_033",,"NEON.PLA.D01.BART.04505","ok","sapling","Live, disease damaged",,,1.7,,,,,,,,1.2,10,,,"Beech bark disease on the bole.","SAwHV/vuYkxX2df/5BVlgyZfU0GvlLzZfT4p0tvpCoA=","jRr6tAEXvh/2EP2nqxILjbvMaL6VMLwf","legacyData"
"41fe4430-fa1f-43d2-959b-3d9b8fd8b932","BART_033.basePlot.vst","2017-07-10","vst_BART_2017","D01","BART","BART_033",,"NEON.PLA.D01.BART.02802","ok","single bole tree","Live, disease damaged",10.4,130,9.1,,,,,,,,,,,,"Beech bark disease on the bole.","SAwHV/vuYkxX2df/5BVlgyZfU0GvlLzZfT4p0tvpCoA=","jRr6tAEXvh/2EP2nqxILjbvMaL6VMLwf","legacyData"
"b394e16f-dcdb-44cf-b526-14cf7095faac","BART_033.basePlot.vst","2017-07-10","vst_BART_2017","D01","BART","BART_033",,"NEON.PLA.D01.BART.06016","ok","sapling","Standing dead",,,2.3,,,,,,,,1.6,10,,,"Unknown cause of death. Beech bark disease on the bole.","SAwHV/vuYkxX2df/5BVlgyZfU0GvlLzZfT4p0tvpCoA=","jRr6tAEXvh/2EP2nqxILjbvMaL6VMLwf","legacyData"
"12cfb2ab-f545-4e32-b89f-00d67a390681","BART_033.basePlot.vst","2017-07-10","vst_BART_2017","D01","BART","BART_033",,"NEON.PLA.D01.BART.02783","ok","single bole tree","Live, disease damaged",19.0,130,15.7,,,,,,,,,,,,"Beech bark disease on the bole.","SAwHV/vuYkxX2df/5BVlgyZfU0GvlLzZfT4p0tvpCoA=","jRr6tAEXvh/2EP2nqxILjbvMaL6VMLwf","legacyData"
"583b6948-6cf4-456e-bb02-cdf491be479d","BART_033.basePlot.vst","2017-07-10","vst_BART_2017","D01","BART","BART_033",,"NEON.PLA.D01.BART.02927","ok","single bole tree","Live, disease damaged",21.6,130,16.2,,,,,,,,,,,,"Beech bark disease on the bole.","SAwHV/vuYkxX2df/5BVlgyZfU0GvlLzZfT4p0tvpCoA=","jRr6tAEXvh/2EP2nqxILjbvMaL6VMLwf","legacyData"
"fa4f2760-46ca-4e27-96fc-4dce4c73e6eb","BART_033.basePlot.vst","2017-07-10","vst_BART_2017","D01","BART","BART_033",,"NEON.PLA.D01.BART.06112","ok","sapling","Live, broken bole",,,1.1,,1.1,1.0,,,,,1.1,10,,,"Beech bark disease on the bole. Unknown cause of break. Breakdiameter should be 0.5.","SAwHV/vuYkxX2df/5BVlgyZfU0GvlLzZfT4p0tvpCoA=","jRr6tAEXvh/2EP2nqxILjbvMaL6VMLwf","legacyData"
"a8fbc973-6d19-4057-8efe-204e62be89b6","BART_033.basePlot.vst","2017-07-10","vst_BART_2017","D01","BART","BART_033",,"NEON.PLA.D01.BART.06124","ok","sapling","Live, disease damaged",,,1.5,,,,,,,,1.7,10,,,"Beech bark disease on the bole.","SAwHV/vuYkxX2df/5BVlgyZfU0GvlLzZfT4p0tvpCoA=","jRr6tAEXvh/2EP2nqxILjbvMaL6VMLwf","legacyData"
"068f9146-fb32-4200-bbee-61524ede9eab","BART_033.basePlot.vst","2017-07-10","vst_BART_2017","D01","BART","BART_033",,"NEON.PLA.D01.BART.04521","ok","small tree","Live, disease damaged",2.0,130,2.5,,,,,,,,,,,,"Beech bark disease on the bole. Top of tree dead.","SAwHV/vuYkxX2df/5BVlgyZfU0GvlLzZfT4p0tvpCoA=","jRr6tAEXvh/2EP2nqxILjbvMaL6VMLwf","legacyData"
"ca30520f-c751-4f30-8044-5449984e39d9","BART_033.basePlot.vst","2017-07-10","vst_BART_2017","D01","BART","BART_033",,"NEON.PLA.D01.BART.06119","ok","single bole tree","Live, physically damaged",43.5,130,23.7,,,,,,,,,,,,"Has a large wound at base where a bole was lost.","SAwHV/vuYkxX2df/5BVlgyZfU0GvlLzZfT4p0tvpCoA=","jRr6tAEXvh/2EP2nqxILjbvMaL6VMLwf","legacyData"
"aa9aa5fa-b8f5-48d6-b113-233029d69b78","BART_033.basePlot.vst","2017-07-10","vst_BART_2017","D01","BART","BART_033",,"NEON.PLA.D01.BART.02317","ok","single bole tree","Live, broken bole",19.8,130,12.1,,12.1,14.0,,,,,,,,,"Unknown cause of break.","SAwHV/vuYkxX2df/5BVlgyZfU0GvlLzZfT4p0tvpCoA=","jRr6tAEXvh/2EP2nqxILjbvMaL6VMLwf","legacyData"
"acfe6647-d609-4f15-a98a-2c9344dff984","BART_033.basePlot.vst","2017-07-10","vst_BART_2017","D01","BART","BART_033",,"NEON.PLA.D01.BART.06125","ok","small tree","Live, disease damaged",2.7,130,5.4,,,,,,,,,,,,"Beech bark disease on the bole.","SAwHV/vuYkxX2df/5BVlgyZfU0GvlLzZfT4p0tvpCoA=","jRr6tAEXvh/2EP2nqxILjbvMaL6VMLwf","legacyData"
"29ba0cb4-353b-4ee3-8194-fc51a1dc5238","BART_033.basePlot.vst","2017-07-10","vst_BART_2017","D01","BART","BART_033",,"NEON.PLA.D01.BART.02786","ok","small tree","Live, disease damaged",1.7,130,4.3,,,,,,,,,,,,"Beech bark disease on the bole. Also physically damaged has a spot on bole where a bole had broken.","SAwHV/vuYkxX2df/5BVlgyZfU0GvlLzZfT4p0tvpCoA=","jRr6tAEXvh/2EP2nqxILjbvMaL6VMLwf","legacyData"
"767c161d-6140-4e80-985f-fde3b9903e44","BART_033.basePlot.vst","2017-07-10","vst_BART_2017","D01","BART","BART_033",,"NEON.PLA.D01.BART.02926","ok","single bole tree","Live",30.9,130,17.4,,,,,,,,,,,,,"SAwHV/vuYkxX2df/5BVlgyZfU0GvlLzZfT4p0tvpCoA=","jRr6tAEXvh/2EP2nqxILjbvMaL6VMLwf","legacyData"
"b527714d-51d2-4fd4-8a3f-d1403ac95dae","BART_033.basePlot.vst","2017-07-10","vst_BART_2017","D01","BART","BART_033",,"NEON.PLA.D01.BART.02932","ok","single bole tree","Live",23.8,130,19.0,,,,,,,,,,,,,"SAwHV/vuYkxX2df/5BVlgyZfU0GvlLzZfT4p0tvpCoA=","jRr6tAEXvh/2EP2nqxILjbvMaL6VMLwf","legacyData"
"7bf54fb0-50b6-4667-9c73-4d2437130568","BART_033.basePlot.vst","2017-07-10","vst_BART_2017","D01","BART","BART_033",,"NEON.PLA.D01.BART.06013","ok","sapling","Live, broken bole",,,0.8,,0.7,1.0,,,,,1.6,10,,,"Beech bark disease on the bole. Unknown causr of break. Breakdiameter should be 0.8 cm.","SAwHV/vuYkxX2df/5BVlgyZfU0GvlLzZfT4p0tvpCoA=","jRr6tAEXvh/2EP2nqxILjbvMaL6VMLwf","legacyData"
"afe80ee7-cd00-4d8d-bb79-9fc9630819e5","BART_033.basePlot.vst","2017-07-10","vst_BART_2017","D01","BART","BART_033",,"NEON.PLA.D01.BART.02803","ok","small tree","Live, physically damaged",1.9,130,4.0,,,,,,,,,,,,"Has a large split at the base. Also has beech bark disease on the bole.","SAwHV/vuYkxX2df/5BVlgyZfU0GvlLzZfT4p0tvpCoA=","jRr6tAEXvh/2EP2nqxILjbvMaL6VMLwf","legacyData"
"4256199d-2cb4-4994-bef3-d2c035fa749e","BART_033.basePlot.vst","2017-07-10","vst_BART_2017","D01","BART","BART_033",,"NEON.PLA.D01.BART.04529","ok","single bole tree","Live, disease damaged",16.6,130,15.0,,,,,,,,,,,,"Beech bark disease on the bole.","SAwHV/vuYkxX2df/5BVlgyZfU0GvlLzZfT4p0tvpCoA=","jRr6tAEXvh/2EP2nqxILjbvMaL6VMLwf","legacyData"
"acf94426-1b79-49e1-95fb-2d9fa5b6fc12","BART_033.basePlot.vst","2017-07-10","vst_BART_2017","D01","BART","BART_033",,"NEON.PLA.D01.BART.06102A","ok","multi-bole tree","Live, disease damaged",10.4,130,,,,,,,,,,,,,"Beech bark disease on the bole.","SAwHV/vuYkxX2df/5BVlgyZfU0GvlLzZfT4p0tvpCoA=","jRr6tAEXvh/2EP2nqxILjbvMaL6VMLwf","legacyData"
"49b1858b-d985-4772-9a32-f168ed44c99a","BART_033.basePlot.vst","2017-07-10","vst_BART_2017","D01","BART","BART_033",,"NEON.PLA.D01.BART.02322","ok","single bole tree","Live, disease damaged",21.6,130,17.7,,,,,,,,,,,,"Beech bark disease on the bole.","SAwHV/vuYkxX2df/5BVlgyZfU0GvlLzZfT4p0tvpCoA=","jRr6tAEXvh/2EP2nqxILjbvMaL6VMLwf","legacyData"
"cb449717-fe17-4e88-9b68-ff951ac6285d","BART_033.basePlot.vst","2017-07-10","vst_BART_2017","D01","BART","BART_033",,"NEON.PLA.D01.BART.06132","ok","small tree","Live, disease damaged",1.8,130,1.7,,,,,,,,,,,,"Beech bark disease on the bole. Most of top is dead.","SAwHV/vuYkxX2df/5BVlgyZfU0GvlLzZfT4p0tvpCoA=","jRr6tAEXvh/2EP2nqxILjbvMaL6VMLwf","legacyData"
"876bd7c4-61fa-45f1-b152-9ae2c28ca342","BART_033.basePlot.vst","2017-07-10","vst_BART_2017","D01","BART","BART_033",,"NEON.PLA.D01.BART.06129","ok","sapling","Live, broken bole",,,0.5,,0.3,1.0,,,,,1.5,10,,,"Unknown cause of break. Beech bark disease on the bole.","SAwHV/vuYkxX2df/5BVlgyZfU0GvlLzZfT4p0tvpCoA=","jRr6tAEXvh/2EP2nqxILjbvMaL6VMLwf","legacyData"
"7e4f6f49-8459-4f4d-802e-ff1f5468e8f9","BART_033.basePlot.vst","2017-07-10","vst_BART_2017","D01","BART","BART_033",,"NEON.PLA.D01.BART.06116","ok","small tree","Live, disease damaged",2.2,130,4.7,,,,,,,,,,,,"Beech bark disease on the bole.","SAwHV/vuYkxX2df/5BVlgyZfU0GvlLzZfT4p0tvpCoA=","jRr6tAEXvh/2EP2nqxILjbvMaL6VMLwf","legacyData"
"66341a4f-52ef-460b-b6a1-ab8359fc5939","BART_033.basePlot.vst","2017-07-10","vst_BART_2017","D01","BART","BART_033",,"NEON.PLA.D01.BART.04517","ok","small tree","Live, disease damaged",3.0,130,6.1,,,,,,,,,,,,"Beech bark disease on the bole.","SAwHV/vuYkxX2df/5BVlgyZfU0GvlLzZfT4p0tvpCoA=","jRr6tAEXvh/2EP2nqxILjbvMaL6VMLwf","legacyData"
"93d2493d-f684-4f8b-888a-391fe7dc35ba","BART_033.basePlot.vst","2017-07-10","vst_BART_2017","D01","BART","BART_033",,"NEON.PLA.D01.BART.06121","ok","sapling","Live, disease damaged",,,1.2,,,,,,,,1.5,10,,,"Beech bark disease on the bole.","SAwHV/vuYkxX2df/5BVlgyZfU0GvlLzZfT4p0tvpCoA=","jRr6tAEXvh/2EP2nqxILjbvMaL6VMLwf","legacyData"
"32174198-6569-4752-88c1-a303dcca0e6f","BART_033.basePlot.vst","2017-07-10","vst_BART_2017","D01","BART","BART_033",,"NEON.PLA.D01.BART.06108","ok","single bole tree","Live, disease damaged",16.1,130,12.7,,,,,,,,,,,,"Beech bark disease on the bole.","SAwHV/vuYkxX2df/5BVlgyZfU0GvlLzZfT4p0tvpCoA=","jRr6tAEXvh/2EP2nqxILjbvMaL6VMLwf","legacyData"
"a9b72ff9-3c53-4078-8d6d-bda092e8e2f6","BART_033.basePlot.vst","2017-07-10","vst_BART_2017","D01","BART","BART_033",,"NEON.PLA.D01.BART.04502","ok","small tree","Live, disease damaged",2.5,130,4.5,,,,,,,,,,,,"Beech bark disease on the bole.","SAwHV/vuYkxX2df/5BVlgyZfU0GvlLzZfT4p0tvpCoA=","jRr6tAEXvh/2EP2nqxILjbvMaL6VMLwf","legacyData"
"141a724c-c14f-4dcf-8b31-c08ccebda062","BART_033.basePlot.vst","2017-07-10","vst_BART_2017","D01","BART","BART_033",,"NEON.PLA.D01.BART.06014","ok","small tree","Live, disease damaged",2.4,130,4.3,,,,,,,,,,,,"Beech bark disease on the bole.","SAwHV/vuYkxX2df/5BVlgyZfU0GvlLzZfT4p0tvpCoA=","jRr6tAEXvh/2EP2nqxILjbvMaL6VMLwf","legacyData"
"5fb572c0-fe24-4fdb-83b9-2055aad1c4cf","BART_033.basePlot.vst","2017-07-10","vst_BART_2017","D01","BART","BART_033",,"NEON.PLA.D01.BART.04516","ok","small tree","Standing dead",1.1,130,2.6,,,,,,,,,,,,"Beech bark disease on the bole. Cause of death may be beech bark disease.","SAwHV/vuYkxX2df/5BVlgyZfU0GvlLzZfT4p0tvpCoA=","jRr6tAEXvh/2EP2nqxILjbvMaL6VMLwf","legacyData"
"9e05e722-c838-4884-8876-250c8df60c63","BART_033.basePlot.vst","2017-07-10","vst_BART_2017","D01","BART","BART_033",,"NEON.PLA.D01.BART.02804","ok","small tree","Live, disease damaged",9.3,130,13.3,,,,,,,,,,,,"Beech bark disease on the bole. Also some low dead branches.","SAwHV/vuYkxX2df/5BVlgyZfU0GvlLzZfT4p0tvpCoA=","jRr6tAEXvh/2EP2nqxILjbvMaL6VMLwf","legacyData"
"ed16a901-9af7-419a-9b54-bc682ed8dccf","BART_033.basePlot.vst","2017-07-10","vst_BART_2017","D01","BART","BART_033",,"NEON.PLA.D01.BART.06125","ok","sapling","Live, disease damaged",,,1.1,,,,,,,,1.5,10,,,"Beech bark disease on the bole.","SAwHV/vuYkxX2df/5BVlgyZfU0GvlLzZfT4p0tvpCoA=","jRr6tAEXvh/2EP2nqxILjbvMaL6VMLwf","legacyData"
"30482a02-b7fe-4eda-977a-be200d8b8391","BART_033.basePlot.vst","2017-07-10","vst_BART_2017","D01","BART","BART_033",,"NEON.PLA.D01.BART.06103","ok","multi-bole tree","Live, disease damaged",12.0,130,10.5,,,,,,,,,,,,"Beech bark disease on the bole.","SAwHV/vuYkxX2df/5BVlgyZfU0GvlLzZfT4p0tvpCoA=","jRr6tAEXvh/2EP2nqxILjbvMaL6VMLwf","legacyData"
"f59799b7-426b-4e53-9135-32eda48731f7","BART_033.basePlot.vst","2017-07-10","vst_BART_2017","D01","BART","BART_033",,"NEON.PLA.D01.BART.04510","ok","small tree","Live, disease damaged",8.6,130,12.0,,,,,,,,,,,,"Beech bark disease on the bole.","SAwHV/vuYkxX2df/5BVlgyZfU0GvlLzZfT4p0tvpCoA=","jRr6tAEXvh/2EP2nqxILjbvMaL6VMLwf","legacyData"
"ac3e2c6e-27c5-42eb-87cf-63a9087cfcb4","BART_033.basePlot.vst","2017-07-10","vst_BART_2017","D01","BART","BART_033",,"NEON.PLA.D01.BART.02504","ok","sapling","Standing dead",,,2.6,,,,,,,,1.9,10,,,"Cause of death possibly beech bark disease.","SAwHV/vuYkxX2df/5BVlgyZfU0GvlLzZfT4p0tvpCoA=","jRr6tAEXvh/2EP2nqxILjbvMaL6VMLwf","legacyData"
"4f8a034a-b45c-4fbe-9ff8-a3d336071f76","BART_033.basePlot.vst","2017-07-10","vst_BART_2017","D01","BART","BART_033",,"NEON.PLA.D01.BART.04516","ok","small tree","No longer qualifies",,,2.6,,,,,,,,,,,,"Live root shoot. Has beech bark disease.","SAwHV/vuYkxX2df/5BVlgyZfU0GvlLzZfT4p0tvpCoA=","jRr6tAEXvh/2EP2nqxILjbvMaL6VMLwf","legacyData"
"374ec251-89b0-448e-b6a2-92ba851eb04d","BART_033.basePlot.vst","2017-07-10","vst_BART_2017","D01","BART","BART_033",,"NEON.PLA.D01.BART.04514","ok","single bole tree","Live",49.2,130,23.0,,,,,,,,,,,,,"SAwHV/vuYkxX2df/5BVlgyZfU0GvlLzZfT4p0tvpCoA=","jRr6tAEXvh/2EP2nqxILjbvMaL6VMLwf","legacyData"
"5ef690f6-f0b3-4eea-b51c-173b3545285b","BART_033.basePlot.vst","2017-07-10","vst_BART_2017","D01","BART","BART_033",,"NEON.PLA.D01.BART.02321","ok","single bole tree","Live, physically damaged",23.1,110,17.1,,,,,,,,,,,,"Bulging scar about 3m long; reason for measurement height at 110cm.","SAwHV/vuYkxX2df/5BVlgyZfU0GvlLzZfT4p0tvpCoA=","jRr6tAEXvh/2EP2nqxILjbvMaL6VMLwf","legacyData"
"1e54bee5-437c-44e4-9875-63e4bf7ec240","BART_033.basePlot.vst","2017-07-10","vst_BART_2017","D01","BART","BART_033",,"NEON.PLA.D01.BART.04515","ok","single bole tree","Live",36.2,130,19.8,,,,,,,,,,,,,"SAwHV/vuYkxX2df/5BVlgyZfU0GvlLzZfT4p0tvpCoA=","jRr6tAEXvh/2EP2nqxILjbvMaL6VMLwf","legacyData"
"c6bf7170-5c23-4ad4-a8b1-5d94fab90351","BART_033.basePlot.vst","2017-07-10","vst_BART_2017","D01","BART","BART_033",,"NEON.PLA.D01.BART.04528","ok","sapling","Live, disease damaged",,,1.9,,,,,,,,1.8,10,,,"Beech bark disease on the bole.","SAwHV/vuYkxX2df/5BVlgyZfU0GvlLzZfT4p0tvpCoA=","jRr6tAEXvh/2EP2nqxILjbvMaL6VMLwf","legacyData"
"6be2a316-a4fa-40b1-8019-b6e37dc125bb","BART_033.basePlot.vst","2017-07-10","vst_BART_2017","D01","BART","BART_033",,"NEON.PLA.D01.BART.06120","ok","small tree","Live, disease damaged",1.7,130,3.1,,,,,,,,,,,,"Beech bark disease on the bole.","SAwHV/vuYkxX2df/5BVlgyZfU0GvlLzZfT4p0tvpCoA=","jRr6tAEXvh/2EP2nqxILjbvMaL6VMLwf","legacyData"
"2dd53280-60cc-4296-b171-2d1518cfd3a1","BART_033.basePlot.vst","2017-07-10","vst_BART_2017","D01","BART","BART_033",,"NEON.PLA.D01.BART.06103A","ok","multi-bole tree","Live, disease damaged",4.4,130,,,,,,,,,,,,,"Beech bark disease on the bole.","SAwHV/vuYkxX2df/5BVlgyZfU0GvlLzZfT4p0tvpCoA=","jRr6tAEXvh/2EP2nqxILjbvMaL6VMLwf","legacyData"
"2d6c71d6-4c72-413e-a29a-56b3e2489290","BART_033.basePlot.vst","2017-07-10","vst_BART_2017","D01","BART","BART_033",,"NEON.PLA.D01.BART.06130","ok","small tree","Live, disease damaged",1.0,130,2.6,,,,,,,,,,,,"Beech bark disease on the bole.","SAwHV/vuYkxX2df/5BVlgyZfU0GvlLzZfT4p0tvpCoA=","jRr6tAEXvh/2EP2nqxILjbvMaL6VMLwf","legacyData"
"8f6acdb2-c33f-4633-9cee-bcbde6312e94","BART_033.basePlot.vst","2017-07-10","vst_BART_2017","D01","BART","BART_033",,"NEON.PLA.D01.BART.06126","ok","single bole tree","Live, physically damaged",15.8,130,13.8,,,,,,,,,,,,"Bark peeling on bole and a few broken branches.","SAwHV/vuYkxX2df/5BVlgyZfU0GvlLzZfT4p0tvpCoA=","jRr6tAEXvh/2EP2nqxILjbvMaL6VMLwf","legacyData"
"3ff4ecf7-3d97-4a7e-b94c-efa68585ee67","BART_033.basePlot.vst","2017-07-10","vst_BART_2017","D01","BART","BART_033",,"NEON.PLA.D01.BART.04508","ok","sapling","Live, disease damaged",,,1.5,,,,,,,,1.5,10,,,"Beech bark disease on the bole. Crown is dead.","SAwHV/vuYkxX2df/5BVlgyZfU0GvlLzZfT4p0tvpCoA=","jRr6tAEXvh/2EP2nqxILjbvMaL6VMLwf","legacyData"
"d6edbe5a-9019-4371-b881-8d97d5da9a68","BART_033.basePlot.vst","2017-07-10","vst_BART_2017","D01","BART","BART_033",,"NEON.PLA.D01.BART.06105","ok","single bole tree","Live, disease damaged",18.6,130,18.7,,,,,,,,,,,,"Beech bark disease on the bole.","SAwHV/vuYkxX2df/5BVlgyZfU0GvlLzZfT4p0tvpCoA=","jRr6tAEXvh/2EP2nqxILjbvMaL6VMLwf","legacyData"
"19082618-908b-48ec-a9b3-fc706ee69d82","BART_033.basePlot.vst","2017-07-10","vst_BART_2017","D01","BART","BART_033",,"NEON.PLA.D01.BART.06021","ok","sapling","Standing dead",,,2.1,,,,,,,,1.8,10,,,"Unknown cause of death; possibly beech bark disease.","SAwHV/vuYkxX2df/5BVlgyZfU0GvlLzZfT4p0tvpCoA=","jRr6tAEXvh/2EP2nqxILjbvMaL6VMLwf","legacyData"
"ab0e56b1-3f15-456d-b60a-c942e3280502","BART_033.basePlot.vst","2017-07-10","vst_BART_2017","D01","BART","BART_033",,"NEON.PLA.D01.BART.02320","ok","single bole tree","Live, disease damaged",10.2,130,9.1,,,,,,,,,,,,"Beech bark disease on the bole.","SAwHV/vuYkxX2df/5BVlgyZfU0GvlLzZfT4p0tvpCoA=","jRr6tAEXvh/2EP2nqxILjbvMaL6VMLwf","legacyData"
"29aae3ee-710a-425f-9138-ff997d1a35ee","BART_033.basePlot.vst","2017-07-10","vst_BART_2017","D01","BART","BART_033",,"NEON.PLA.D01.BART.02933","ok","single bole tree","Live, disease damaged",22.5,130,16.3,,,,,,,,,,,,"Beech bark disease on the bole.","SAwHV/vuYkxX2df/5BVlgyZfU0GvlLzZfT4p0tvpCoA=","jRr6tAEXvh/2EP2nqxILjbvMaL6VMLwf","legacyData"
"1fdfccf0-2ccf-483c-ba50-cd9b7ae67ea8","BART_033.basePlot.vst","2017-07-10","vst_BART_2017","D01","BART","BART_033",,"NEON.PLA.D01.BART.06012","ok","small tree","Live, disease damaged",9.3,130,10.3,,,,,,,,,,,,"Beech bark disease on the bole.","SAwHV/vuYkxX2df/5BVlgyZfU0GvlLzZfT4p0tvpCoA=","jRr6tAEXvh/2EP2nqxILjbvMaL6VMLwf","legacyData"
"957bd2c9-fe4f-467d-af7b-c0eec4f6fc01","BART_033.basePlot.vst","2017-07-10","vst_BART_2017","D01","BART","BART_033",,"NEON.PLA.D01.BART.02309","ok",,"Lost, fate unknown",,,,,,,,,,,,,,,"Not found in 2016 and 2017.","SAwHV/vuYkxX2df/5BVlgyZfU0GvlLzZfT4p0tvpCoA=","jRr6tAEXvh/2EP2nqxILjbvMaL6VMLwf","legacyData"
"4dc86b9e-b8cc-45c8-b790-1dafc4681efd","BART_033.basePlot.vst","2017-07-10","vst_BART_2017","D01","BART","BART_033",,"NEON.PLA.D01.BART.04511","ok","small tree","Standing dead",1.0,130,2.6,,,,,,,,,,,,"Unknown cause of death. Had beech bark disease.","SAwHV/vuYkxX2df/5BVlgyZfU0GvlLzZfT4p0tvpCoA=","jRr6tAEXvh/2EP2nqxILjbvMaL6VMLwf","legacyData"
"3852a779-fc74-4d1b-a162-1772dfe20c95","BART_033.basePlot.vst","2017-07-10","vst_BART_2017","D01","BART","BART_033",,"NEON.PLA.D01.BART.02951","ok","small tree","Live, disease damaged",1.5,130,3.1,,,,,,,,,,,,"Beech bark disease on the bole.","SAwHV/vuYkxX2df/5BVlgyZfU0GvlLzZfT4p0tvpCoA=","jRr6tAEXvh/2EP2nqxILjbvMaL6VMLwf","legacyData"
"e30e4fb7-74a1-4fea-9c0d-40f043dc9ced","BART_033.basePlot.vst","2017-07-10","vst_BART_2017","D01","BART","BART_033",,"NEON.PLA.D01.BART.04525","ok","small tree","Live, disease damaged",2.4,130,4.1,,,,,,,,,,,,"Beech bark disease on the bole. Part of crown dead.","SAwHV/vuYkxX2df/5BVlgyZfU0GvlLzZfT4p0tvpCoA=","jRr6tAEXvh/2EP2nqxILjbvMaL6VMLwf","legacyData"
"e1b5ce20-1714-4a0f-aa60-6f1f121f1f78","BART_033.basePlot.vst","2017-07-10","vst_BART_2017","D01","BART","BART_033",,"NEON.PLA.D01.BART.02312","ok","single bole tree","Live",21.6,130,14.9,,,,,,,,,,,,,"SAwHV/vuYkxX2df/5BVlgyZfU0GvlLzZfT4p0tvpCoA=","jRr6tAEXvh/2EP2nqxILjbvMaL6VMLwf","legacyData"
"835607f7-937a-4792-87f2-d53baa56bdc9","BART_033.basePlot.vst","2017-07-10","vst_BART_2017","D01","BART","BART_033",,"NEON.PLA.D01.BART.02316","ok","single bole tree","Live",20.7,130,15.9,,,,,,,,,,,,,"SAwHV/vuYkxX2df/5BVlgyZfU0GvlLzZfT4p0tvpCoA=","jRr6tAEXvh/2EP2nqxILjbvMaL6VMLwf","legacyData"
"1926a369-79af-4588-9d9d-86d142d679b5","BART_033.basePlot.vst","2017-07-10","vst_BART_2017","D01","BART","BART_033",,"NEON.PLA.D01.BART.06101","ok","single bole tree","Live",40.8,130,21.2,,,,,,,,,,,,,"SAwHV/vuYkxX2df/5BVlgyZfU0GvlLzZfT4p0tvpCoA=","jRr6tAEXvh/2EP2nqxILjbvMaL6VMLwf","legacyData"
"619f7820-a730-403b-9c69-6e079fc725a9","BART_033.basePlot.vst","2017-07-10","vst_BART_2017","D01","BART","BART_033",,"NEON.PLA.D01.BART.02931","ok","single bole tree","Live, disease damaged",11.8,130,11.4,,,,,,,,,,,,"Beech bark disease on the bole.","SAwHV/vuYkxX2df/5BVlgyZfU0GvlLzZfT4p0tvpCoA=","jRr6tAEXvh/2EP2nqxILjbvMaL6VMLwf","legacyData"
"09c1d642-558d-4f0e-950e-3aa173fabe0c","BART_033.basePlot.vst","2017-07-10","vst_BART_2017","D01","BART","BART_033",,"NEON.PLA.D01.BART.06104","ok","single bole tree","Live, physically damaged",29.8,130,18.1,,,,,,,,,,,,"A bulging scar on the bole where a branch has fallen off.","SAwHV/vuYkxX2df/5BVlgyZfU0GvlLzZfT4p0tvpCoA=","jRr6tAEXvh/2EP2nqxILjbvMaL6VMLwf","legacyData"
"979226d8-b125-4bc8-89ca-9343dbb3f533","BART_033.basePlot.vst","2017-07-10","vst_BART_2017","D01","BART","BART_033",,"NEON.PLA.D01.BART.06122","ok","small tree","Standing dead",1.9,130,2.4,,,,,,,,,,,,"Cause of death may be beech bark disease.","SAwHV/vuYkxX2df/5BVlgyZfU0GvlLzZfT4p0tvpCoA=","jRr6tAEXvh/2EP2nqxILjbvMaL6VMLwf","legacyData"
"b0092368-f6ff-4cc1-a5c6-891f6f252741","BART_033.basePlot.vst","2017-07-10","vst_BART_2017","D01","BART","BART_033",,"NEON.PLA.D01.BART.06107","ok","single bole tree","Live, physically damaged",16.9,130,20.2,,,,,,,,,,,,"Bole scarring; unknown cause of scarring.","SAwHV/vuYkxX2df/5BVlgyZfU0GvlLzZfT4p0tvpCoA=","jRr6tAEXvh/2EP2nqxILjbvMaL6VMLwf","legacyData"
"81dfb749-bf25-45e7-be9f-9fec4ce8aa2a","BART_033.basePlot.vst","2017-07-10","vst_BART_2017","D01","BART","BART_033",,"NEON.PLA.D01.BART.06113","ok","small tree","Live, disease damaged",3.1,130,5.8,,,,,,,,,,,,"Beech bark disease on the bole.","SAwHV/vuYkxX2df/5BVlgyZfU0GvlLzZfT4p0tvpCoA=","jRr6tAEXvh/2EP2nqxILjbvMaL6VMLwf","legacyData"
"911a7bf1-c3c0-46ce-a30a-abbb37e84189","BART_033.basePlot.vst","2017-07-10","vst_BART_2017","D01","BART","BART_033",,"NEON.PLA.D01.BART.02784","ok","small tree","Live, disease damaged",2.9,130,6.4,,,,,,,,,,,,"Beech bark disease on the bole.","SAwHV/vuYkxX2df/5BVlgyZfU0GvlLzZfT4p0tvpCoA=","jRr6tAEXvh/2EP2nqxILjbvMaL6VMLwf","legacyData"
"989f82d9-31ea-4c0d-a838-46514d28acfc","BART_033.basePlot.vst","2017-07-10","vst_BART_2017","D01","BART","BART_033",,"NEON.PLA.D01.BART.02950","ok","sapling","Lost, fate unknown",,,,,,,,,,,,,,,"Not found in 2016 or 2017.","SAwHV/vuYkxX2df/5BVlgyZfU0GvlLzZfT4p0tvpCoA=","jRr6tAEXvh/2EP2nqxILjbvMaL6VMLwf","legacyData"
"b321c3a6-e609-4b7d-973e-4128e8f7fa18","BART_033.basePlot.vst","2017-07-10","vst_BART_2017","D01","BART","BART_033",,"NEON.PLA.D01.BART.04507","ok","small tree","Live, disease damaged",1.0,130,1.7,,,,,,,,,,,,"Beech bark disease on the bole.","SAwHV/vuYkxX2df/5BVlgyZfU0GvlLzZfT4p0tvpCoA=","jRr6tAEXvh/2EP2nqxILjbvMaL6VMLwf","legacyData"
"9df14304-ede4-46c3-bff9-cf9e0e3df7d2","BART_033.basePlot.vst","2017-07-10","vst_BART_2017","D01","BART","BART_033",,"NEON.PLA.D01.BART.04512","ok","small tree","Standing dead",1.0,130,2.4,,,,,,,,,,,,"Cause of death may be from beech bark disease.","SAwHV/vuYkxX2df/5BVlgyZfU0GvlLzZfT4p0tvpCoA=","jRr6tAEXvh/2EP2nqxILjbvMaL6VMLwf","legacyData"
"f1eeefde-200e-4f69-ae47-09667bafbe93","BART_033.basePlot.vst","2017-07-10","vst_BART_2017","D01","BART","BART_033",,"NEON.PLA.D01.BART.06020","ok",,"No longer qualifies",9.9,130,5.2,,,,,,,,,,,,"Unknown cause of death. Mapped 2017. Was 10cm DBH in 2016. DBH is now 9.9cm so this dead tree no longer qualifies.","SAwHV/vuYkxX2df/5BVlgyZfU0GvlLzZfT4p0tvpCoA=","jRr6tAEXvh/2EP2nqxILjbvMaL6VMLwf","legacyData"
"dfc022e6-9f6d-4809-892e-11d47869742b","BART_033.basePlot.vst","2017-07-10","vst_BART_2017","D01","BART","BART_033",,"NEON.PLA.D01.BART.02934","ok","single bole tree","Live",28.4,130,16.2,,,,,,,,,,,,,"SAwHV/vuYkxX2df/5BVlgyZfU0GvlLzZfT4p0tvpCoA=","jRr6tAEXvh/2EP2nqxILjbvMaL6VMLwf","legacyData"
"8ee7294e-3455-41ed-bb29-0864f13328e6","BART_033.basePlot.vst","2017-07-10","vst_BART_2017","D01","BART","BART_033",,"NEON.PLA.D01.BART.02315","ok","single bole tree","Live",15.3,130,11.6,,,,,,,,,,,,,"SAwHV/vuYkxX2df/5BVlgyZfU0GvlLzZfT4p0tvpCoA=","jRr6tAEXvh/2EP2nqxILjbvMaL6VMLwf","legacyData"
"1e547689-acf1-4013-a4f2-0880c6adef07","BART_033.basePlot.vst","2017-07-10","vst_BART_2017","D01","BART","BART_033",,"NEON.PLA.D01.BART.02928","ok","single bole tree","Live, disease damaged",13.8,130,15.5,,,,,,,,,,,,"Beech bark disease on the bole.","SAwHV/vuYkxX2df/5BVlgyZfU0GvlLzZfT4p0tvpCoA=","jRr6tAEXvh/2EP2nqxILjbvMaL6VMLwf","legacyData"
"5c68b2f2-b827-4e8c-bff6-2df118f9415c","BART_033.basePlot.vst","2017-07-10","vst_BART_2017","D01","BART","BART_033",,"NEON.PLA.D01.BART.02318","ok","single bole tree","Live",18.5,130,9.3,,,,,,,,,,,,,"SAwHV/vuYkxX2df/5BVlgyZfU0GvlLzZfT4p0tvpCoA=","jRr6tAEXvh/2EP2nqxILjbvMaL6VMLwf","legacyData"
"74f75cee-ba22-475a-9b9e-588977da192d","BART_033.basePlot.vst","2017-07-10","vst_BART_2017","D01","BART","BART_033",,"NEON.PLA.D01.BART.06049","ok","small tree","Dead, broken bole",2.6,130,1.3,,1.3,2.6,,,,,,,,,"Unknown cause of death. Had beech bark disease.","SAwHV/vuYkxX2df/5BVlgyZfU0GvlLzZfT4p0tvpCoA=","jRr6tAEXvh/2EP2nqxILjbvMaL6VMLwf","legacyData"
"579806f7-ae24-4e59-91b8-b9f3fa49432e","BART_033.basePlot.vst","2017-07-10","vst_BART_2017","D01","BART","BART_033",,"NEON.PLA.D01.BART.04518","ok","small tree","Live, disease damaged",1.8,130,4.2,,,,,,,,,,,,"Beech bark disease on the bole.","SAwHV/vuYkxX2df/5BVlgyZfU0GvlLzZfT4p0tvpCoA=","jRr6tAEXvh/2EP2nqxILjbvMaL6VMLwf","legacyData"
"60d9d97a-98d4-4cd8-96aa-02d2651bf3e9","BART_033.basePlot.vst","2017-07-10","vst_BART_2017","D01","BART","BART_033",,"NEON.PLA.D01.BART.06017","ok","sapling","Live, disease damaged",,,0.9,,,,,,,,1.0,10,,,"Beech bark disease on the bole.","SAwHV/vuYkxX2df/5BVlgyZfU0GvlLzZfT4p0tvpCoA=","jRr6tAEXvh/2EP2nqxILjbvMaL6VMLwf","legacyData"
"ac198cdc-5130-4532-b0f9-086aa72741f8","BART_033.basePlot.vst","2017-07-10","vst_BART_2017","D01","BART","BART_033",,"NEON.PLA.D01.BART.02771","ok","sapling","Live, disease damaged",,,1.0,,,,,,,,1.5,10,,,"Beech bark disease on the bole.","SAwHV/vuYkxX2df/5BVlgyZfU0GvlLzZfT4p0tvpCoA=","jRr6tAEXvh/2EP2nqxILjbvMaL6VMLwf","legacyData"
"3619e1c3-38b6-4105-a64a-ebb9fc145676","BART_033.basePlot.vst","2017-07-10","vst_BART_2017","D01","BART","BART_033",,"NEON.PLA.D01.BART.06128","ok","small tree","Live, disease damaged",2.2,130,4.3,,,,,,,,,,,,"Beech bark disease on the bole.","SAwHV/vuYkxX2df/5BVlgyZfU0GvlLzZfT4p0tvpCoA=","jRr6tAEXvh/2EP2nqxILjbvMaL6VMLwf","legacyData"
"dfd02cf8-bd06-4a44-8e92-f6c49b4409bb","BART_033.basePlot.vst","2017-07-10","vst_BART_2017","D01","BART","BART_033",,"NEON.PLA.D01.BART.04523A","ok","multi-bole tree","Live, disease damaged",5.5,130,,,,,,,,,,,,,"Beech bark disease on the bole.","SAwHV/vuYkxX2df/5BVlgyZfU0GvlLzZfT4p0tvpCoA=","jRr6tAEXvh/2EP2nqxILjbvMaL6VMLwf","legacyData"
"81d9aa1b-c097-4296-b9a3-bb35a1830b5d","BART_033.basePlot.vst","2017-07-10","vst_BART_2017","D01","BART","BART_033",,"NEON.PLA.D01.BART.06015","ok","sapling","No longer qualifies",,,,,,,,,,,,,,,"Tag removed; too small for CDW.","SAwHV/vuYkxX2df/5BVlgyZfU0GvlLzZfT4p0tvpCoA=","jRr6tAEXvh/2EP2nqxILjbvMaL6VMLwf","legacyData"
"cffdf865-cb25-46bf-952f-660630f8bd4e","BART_033.basePlot.vst","2017-07-10","vst_BART_2017","D01","BART","BART_033",,"NEON.PLA.D01.BART.06128","ok","small tree","Live, disease damaged",4.0,130,6.3,,,,,,,,,,,,"Beech bark disease on the bole.","SAwHV/vuYkxX2df/5BVlgyZfU0GvlLzZfT4p0tvpCoA=","jRr6tAEXvh/2EP2nqxILjbvMaL6VMLwf","legacyData"
"bb1026b0-1f1e-4a83-999d-3ba69cabd08f","BART_033.basePlot.vst","2017-07-10","vst_BART_2017","D01","BART","BART_033",,"NEON.PLA.D01.BART.02308","ok",,"Lost, fate unknown",,,,,,,,,,,,,,,"Not found in 2016 and 2017.","SAwHV/vuYkxX2df/5BVlgyZfU0GvlLzZfT4p0tvpCoA=","jRr6tAEXvh/2EP2nqxILjbvMaL6VMLwf","legacyData"
"3fa7ad50-5efb-423d-a4d8-ccd349654001","BART_033.basePlot.vst","2017-07-10","vst_BART_2017","D01","BART","BART_033",,"NEON.PLA.D01.BART.04520","ok","small tree","Live, disease damaged",2.4,130,5.2,,,,,,,,,,,,"Beech bark disease on the bole.","SAwHV/vuYkxX2df/5BVlgyZfU0GvlLzZfT4p0tvpCoA=","jRr6tAEXvh/2EP2nqxILjbvMaL6VMLwf","legacyData"
"fe249714-c8d0-40fd-a8f3-90ae05c5818d","BART_033.basePlot.vst","2017-07-10","vst_BART_2017","D01","BART","BART_033",,"NEON.PLA.D01.BART.06102","ok","multi-bole tree","Live, disease damaged",16.1,130,15.4,,,,,,,,,,,,"Beech bark disease on the bole.","SAwHV/vuYkxX2df/5BVlgyZfU0GvlLzZfT4p0tvpCoA=","jRr6tAEXvh/2EP2nqxILjbvMaL6VMLwf","legacyData"
"ff380782-a5e8-4b7d-8ff5-aa21e3f97bb4","BART_033.basePlot.vst","2017-07-10","vst_BART_2017","D01","BART","BART_033",,"NEON.PLA.D01.BART.06114","ok","sapling","Live, disease damaged",,,1.2,,,,,,,,1.7,10,,,"Beech bark disease on the bole.","SAwHV/vuYkxX2df/5BVlgyZfU0GvlLzZfT4p0tvpCoA=","jRr6tAEXvh/2EP2nqxILjbvMaL6VMLwf","legacyData"
"04c72b9d-6e65-4b96-99d5-94407d02fefe","BART_033.basePlot.vst","2017-07-10","vst_BART_2017","D01","BART","BART_033",,"NEON.PLA.D01.BART.02935","ok","single bole tree","Live, disease damaged",21.6,130,19.5,,,,,,,,,,,,"Beech bark disease on the bole.","SAwHV/vuYkxX2df/5BVlgyZfU0GvlLzZfT4p0tvpCoA=","jRr6tAEXvh/2EP2nqxILjbvMaL6VMLwf","legacyData"
"8953efca-1e1c-4e9c-9ddd-31fb76ca0964","BART_033.basePlot.vst","2017-07-10","vst_BART_2017","D01","BART","BART_033",,"NEON.PLA.D01.BART.06111","ok","sapling","Live, disease damaged",,,1.6,,,,,,,,1.5,10,,,"Beech bark disease on the bole.","SAwHV/vuYkxX2df/5BVlgyZfU0GvlLzZfT4p0tvpCoA=","jRr6tAEXvh/2EP2nqxILjbvMaL6VMLwf","legacyData"
"47122d6b-58e6-413a-a1c9-806f93110da0","BART_033.basePlot.vst","2017-07-10","vst_BART_2017","D01","BART","BART_033",,"NEON.PLA.D01.BART.04509","ok","small tree","Live, disease damaged",2.4,130,5.0,,,,,,,,,,,,"Beech bark disease on the bole.","SAwHV/vuYkxX2df/5BVlgyZfU0GvlLzZfT4p0tvpCoA=","jRr6tAEXvh/2EP2nqxILjbvMaL6VMLwf","legacyData"
"1bbe58d4-8487-4652-bb43-edf54e378d28","BART_033.basePlot.vst","2017-07-10","vst_BART_2017","D01","BART","BART_033",,"NEON.PLA.D01.BART.06131","ok","sapling","Live, disease damaged",,,1.8,,,,,,,,1.2,10,,,"Beech bark disease on the bole.","SAwHV/vuYkxX2df/5BVlgyZfU0GvlLzZfT4p0tvpCoA=","jRr6tAEXvh/2EP2nqxILjbvMaL6VMLwf","legacyData"
"c0d4f1ec-34f5-46a9-b54d-91d261c15bc7","BART_033.basePlot.vst","2017-07-10","vst_BART_2017","D01","BART","BART_033",,"NEON.PLA.D01.BART.02323","ok","single bole tree","Live",35.9,130,19.8,,,,,,,,,,,,,"SAwHV/vuYkxX2df/5BVlgyZfU0GvlLzZfT4p0tvpCoA=","jRr6tAEXvh/2EP2nqxILjbvMaL6VMLwf","legacyData"
"e426d935-4af8-44c1-b10a-69a3e57b3d14","BART_033.basePlot.vst","2017-07-10","vst_BART_2017","D01","BART","BART_033",,"NEON.PLA.D01.BART.06019","ok","single bole tree","Live, disease damaged",13.4,130,10.3,,,,,,,,,,,,"Beech bark disease on the bole. Mapped 2017.","SAwHV/vuYkxX2df/5BVlgyZfU0GvlLzZfT4p0tvpCoA=","jRr6tAEXvh/2EP2nqxILjbvMaL6VMLwf","legacyData"
"0fdbd78e-2331-45e8-81d1-fa9f8deaab87","BART_033.basePlot.vst","2017-07-10","vst_BART_2017","D01","BART","BART_033",,"NEON.PLA.D01.BART.02801","ok","small tree","Live, disease damaged",2.0,130,4.5,,,,,,,,,,,,"Beech bark disease on the bole.","SAwHV/vuYkxX2df/5BVlgyZfU0GvlLzZfT4p0tvpCoA=","jRr6tAEXvh/2EP2nqxILjbvMaL6VMLwf","legacyData"
"f92652c3-66ad-49c9-922c-ba7c89ea3dde","BART_033.basePlot.vst","2017-07-10","vst_BART_2017","D01","BART","BART_033",,"NEON.PLA.D01.BART.02313","ok","single bole tree","Live, disease damaged",16.8,130,13.0,,,,,,,,,,,,"Beech bark disease on the bole.","SAwHV/vuYkxX2df/5BVlgyZfU0GvlLzZfT4p0tvpCoA=","jRr6tAEXvh/2EP2nqxILjbvMaL6VMLwf","legacyData"
"6e55f507-001d-4b34-9661-3b737ead7661","BART_033.basePlot.vst","2017-07-10","vst_BART_2017","D01","BART","BART_033",,"NEON.PLA.D01.BART.06123","ok","single bole tree","Live, physically damaged",29.5,130,21.3,,,,,,,,,,,,"Scar on bole about 0.5m long.","SAwHV/vuYkxX2df/5BVlgyZfU0GvlLzZfT4p0tvpCoA=","jRr6tAEXvh/2EP2nqxILjbvMaL6VMLwf","legacyData"
"ece21b9b-66ef-41e9-9257-ed9330554a75","BART_033.basePlot.vst","2017-07-10","vst_BART_2017","D01","BART","BART_033",,"NEON.PLA.D01.BART.04503","ok","small tree","Live, disease damaged",1.4,130,3.2,,,,,,,,,,,,"Beech bark disease on the bole.","SAwHV/vuYkxX2df/5BVlgyZfU0GvlLzZfT4p0tvpCoA=","jRr6tAEXvh/2EP2nqxILjbvMaL6VMLwf","legacyData"
"4989245d-839d-4445-bd4a-a99e4ce60ce9","BART_033.basePlot.vst","2017-07-10","vst_BART_2017","D01","BART","BART_033",,"NEON.PLA.D01.BART.06300","ok","single bole tree","Live, physically damaged",33.0,130,20.5,,,,,,,,,,,,"Some scarring on the bole.","SAwHV/vuYkxX2df/5BVlgyZfU0GvlLzZfT4p0tvpCoA=","jRr6tAEXvh/2EP2nqxILjbvMaL6VMLwf","legacyData"
"bb8d99d2-e5b2-4b64-a3c7-770a94debfec","BART_033.basePlot.vst","2017-07-10","vst_BART_2017","D01","BART","BART_033",,"NEON.PLA.D01.BART.02319","ok","single bole tree","Live, disease damaged",28.3,130,16.8,,,,,,,,,,,,"Beech bark disease on the bole.","SAwHV/vuYkxX2df/5BVlgyZfU0GvlLzZfT4p0tvpCoA=","jRr6tAEXvh/2EP2nqxILjbvMaL6VMLwf","legacyData"
"1b0fe09a-2c5f-480e-94f6-e4b7e7761f61","BART_033.basePlot.vst","2017-07-10","vst_BART_2017","D01","BART","BART_033",,"NEON.PLA.D01.BART.04504","ok","sapling","Live, disease damaged",,,0.5,,,,,,,,1.4,10,,,"Beech bark disease on the bole. Top is dying.","SAwHV/vuYkxX2df/5BVlgyZfU0GvlLzZfT4p0tvpCoA=","jRr6tAEXvh/2EP2nqxILjbvMaL6VMLwf","legacyData"
"ea539c51-ea3f-4797-bda6-02533b96791b","BART_033.basePlot.vst","2017-07-10","vst_BART_2017","D01","BART","BART_033",,"NEON.PLA.D01.BART.04506","ok","small tree","Live, disease damaged",2.9,130,4.3,,,,,,,,,,,,"Beech bark disease on the bole.","SAwHV/vuYkxX2df/5BVlgyZfU0GvlLzZfT4p0tvpCoA=","jRr6tAEXvh/2EP2nqxILjbvMaL6VMLwf","legacyData"
"54b4895e-34f8-4528-8ef8-c82cc60081da","BART_033.basePlot.vst","2017-07-10","vst_BART_2017","D01","BART","BART_033",,"NEON.PLA.D01.BART.02925","ok","single bole tree","Live, disease damaged",21.6,130,16.8,,,,,,,,,,,,"Beech bark disease on the bole.","SAwHV/vuYkxX2df/5BVlgyZfU0GvlLzZfT4p0tvpCoA=","jRr6tAEXvh/2EP2nqxILjbvMaL6VMLwf","legacyData"
"d0f46815-c58a-4db1-97e7-af5830adbeb1","BART_033.basePlot.vst","2017-07-10","vst_BART_2017","D01","BART","BART_033",,"NEON.PLA.D01.BART.06109","ok","single bole tree","Live",41.1,130,21.3,,,,,,,,,,,,,"SAwHV/vuYkxX2df/5BVlgyZfU0GvlLzZfT4p0tvpCoA=","jRr6tAEXvh/2EP2nqxILjbvMaL6VMLwf","legacyData"
"718cea37-4ba4-424c-b4e7-43f89ade0b04","BART_033.basePlot.vst","2017-07-10","vst_BART_2017","D01","BART","BART_033",,"NEON.PLA.D01.BART.02502","ok","sapling","Lost, fate unknown",,,,,,,,,,,,,,,"Not found in 2016 or 2017.","SAwHV/vuYkxX2df/5BVlgyZfU0GvlLzZfT4p0tvpCoA=","jRr6tAEXvh/2EP2nqxILjbvMaL6VMLwf","legacyData"
"e36686aa-858a-4bb1-b448-f9571906e247","BART_033.basePlot.vst","2017-07-10","vst_BART_2017","D01","BART","BART_033",,"NEON.PLA.D01.BART.06016","ok","sapling","No longer qualifies",,,2.3,,,,,,,,,,,,"Live root shoot.","SAwHV/vuYkxX2df/5BVlgyZfU0GvlLzZfT4p0tvpCoA=","jRr6tAEXvh/2EP2nqxILjbvMaL6VMLwf","legacyData"
"865993bb-8d54-4c5e-a4d0-899758de19f6","BART_033.basePlot.vst","2017-07-10","vst_BART_2017","D01","BART","BART_033",,"NEON.PLA.D01.BART.04513","ok","sapling","Live",,,0.8,,,,,,,,1.5,10,,,,"SAwHV/vuYkxX2df/5BVlgyZfU0GvlLzZfT4p0tvpCoA=","jRr6tAEXvh/2EP2nqxILjbvMaL6VMLwf","legacyData"
"7bfd2039-da4e-4abc-a624-5952ad6bc88e","BART_033.basePlot.vst","2017-07-10","vst_BART_2017","D01","BART","BART_033",,"NEON.PLA.D01.BART.02930","ok","single bole tree","Live, disease damaged",17.1,130,15.3,,,,,,,,,,,,"Beech bark disease on the bole.","SAwHV/vuYkxX2df/5BVlgyZfU0GvlLzZfT4p0tvpCoA=","jRr6tAEXvh/2EP2nqxILjbvMaL6VMLwf","legacyData"
"daf0bbac-414f-4226-9407-f2822efd8a2e","BART_033.basePlot.vst","2017-07-10","vst_BART_2017","D01","BART","BART_033",,"NEON.PLA.D01.BART.06127","ok","sapling","Live, disease damaged",,,1.9,,,,,,,,1.4,10,,,"Beech bark disease on the bole.","SAwHV/vuYkxX2df/5BVlgyZfU0GvlLzZfT4p0tvpCoA=","jRr6tAEXvh/2EP2nqxILjbvMaL6VMLwf","legacyData"
"49b5747b-927f-479e-b8a9-19ecef53a77b","BART_033.basePlot.vst","2017-07-10","vst_BART_2017","D01","BART","BART_033",,"NEON.PLA.D01.BART.06018","ok","sapling","Live, disease damaged",,,0.6,,,,,,,,1.1,10,,,"Beech bark disease on the bole.","SAwHV/vuYkxX2df/5BVlgyZfU0GvlLzZfT4p0tvpCoA=","jRr6tAEXvh/2EP2nqxILjbvMaL6VMLwf","legacyData"
"a97184db-f538-48b7-92b0-f4a26b34a4d1","BART_033.basePlot.vst","2017-07-10","vst_BART_2017","D01","BART","BART_033",,"NEON.PLA.D01.BART.06063","ok","single bole tree","Live, disease damaged",10.0,130,9.2,,,,,,,,,,,,"Beech bark disease on the bole.","SAwHV/vuYkxX2df/5BVlgyZfU0GvlLzZfT4p0tvpCoA=","jRr6tAEXvh/2EP2nqxILjbvMaL6VMLwf","legacyData"
"69ce62fa-d506-4719-872a-64bd5899a851","BART_033.basePlot.vst","2017-07-10","vst_BART_2017","D01","BART","BART_033",,"NEON.PLA.D01.BART.02953","ok","single bole tree","Live, disease damaged",11.3,130,11.5,,,,,,,,,,,,"Beech bark disease on the bole. Mapped 2017. An old bole was broken but healed.","SAwHV/vuYkxX2df/5BVlgyZfU0GvlLzZfT4p0tvpCoA=","jRr6tAEXvh/2EP2nqxILjbvMaL6VMLwf","legacyData"
"11496b0a-709d-4bc2-81df-c8e61b05c835","BART_033.basePlot.vst","2017-07-10","vst_BART_2017","D01","BART","BART_033",,"NEON.PLA.D01.BART.06299","ok","single bole tree","Live, disease damaged",19.8,130,19.3,,,,,,,,,,,,"Beech bark disease on the bole.","SAwHV/vuYkxX2df/5BVlgyZfU0GvlLzZfT4p0tvpCoA=","jRr6tAEXvh/2EP2nqxILjbvMaL6VMLwf","legacyData"
"401aaa08-8417-4bb1-95e0-1730fbb4894d","BART_033.basePlot.vst","2017-07-10","vst_BART_2017","D01","BART","BART_033",,"NEON.PLA.D01.BART.06102B","ok","multi-bole tree","Live, disease damaged",8.2,130,,,,,,,,,,,,,"Beech bark disease on the bole.","SAwHV/vuYkxX2df/5BVlgyZfU0GvlLzZfT4p0tvpCoA=","jRr6tAEXvh/2EP2nqxILjbvMaL6VMLwf","legacyData"
"23faf349-3b5a-488d-b99a-f349972b515c","BART_033.basePlot.vst","2017-07-10","vst_BART_2017","D01","BART","BART_033",,"NEON.PLA.D01.BART.06117","ok","single bole tree","Live, disease damaged",18.8,130,15.5,,,,,,,,,,,,"Beech bark disease on the bole. Remapped 2017.","SAwHV/vuYkxX2df/5BVlgyZfU0GvlLzZfT4p0tvpCoA=","jRr6tAEXvh/2EP2nqxILjbvMaL6VMLwf","legacyData"
