uid,namedLocation,domainID,siteID,plotID,plotType,nlcdClass,decimalLatitude,decimalLongitude,geodeticDatum,coordinateUncertainty,elevation,elevationUncertainty,collectDate,eventID,sampleID,sampleCode,samplingMethod,totalSampledArea,targetTaxaPresent,adultCount,nymphCount,larvaCount,sampleCondition,samplingProtocolVersion,measuredBy,remarks
"666f8d66-c778-482b-bba5-f4e35800fd7b","HARV_022.tickPlot.tck","D01","HARV","HARV_022","distributed","evergreenForest",42.435462,-72.199291,"WGS84",20.3,186.3,0.3,"2016-04-14T16:30Z","HARV.2016.15",,,"drag",160,"N",0,0,0,"No known compromise","NEON.DOC.014045vG","2xX6mTIEU2zzk+aGAURxuwRthSzBo/kx",
"b81e2cdd-079a-448d-8f29-7f287864365f","HARV_006.tickPlot.tck","D01","HARV","HARV_006","distributed","deciduousForest",42.401938,-72.252716,"WGS84",20.2,190.4,0.3,"2016-04-14T17:19Z","HARV.2016.15",,,"drag",165,"N",0,0,0,"No known compromise","NEON.DOC.014045vG","afMynumrDJcbQNK5ece65stvlBUGBI24",
"d78a40f8-a8ec-4bbe-960f-967ecb5c886b","HARV_026.tickPlot.tck","D01","HARV","HARV_026","distributed","evergreenForest",42.412068,-72.246529,"WGS84",20.2,185.7,0.3,"2016-04-14T18:02Z","HARV.2016.15",,,"drag and flag",160,"N",0,0,0,"No known compromise","NEON.DOC.014045vG","2xX6mTIEU2zzk+aGAURxuwRthSzBo/kx",
"5df35047-f3d6-4d7e-9382-6542d814560b","HARV_004.tickPlot.tck","D01","HARV","HARV_004","distributed","mixedForest",42.426878,-72.227943,"WGS84",20.3,185.9,0.3,"2016-04-14T18:43Z","HARV.2016.15","HARV_004.20160414",,"drag and flag",160,"Y",2,0,0,"No known compromise","NEON.DOC.014045vG","afMynumrDJcbQNK5ece65stvlBUGBI24",
"d4d0f4a7-59a3-4bd0-b822-1bc78fadd9c4","HARV_001.tickPlot.tck","D01","HARV","HARV_001","distributed","deciduousForest",42.424227,-72.260097,"WGS84",20.2,201.1,0.3,"2016-04-15T13:36Z","HARV.2016.15",,,"drag and flag",160,"N",0,0,0,"No known compromise","NEON.DOC.014045vG","afMynumrDJcbQNK5ece65stvlBUGBI24",
"b03e4a67-9880-4cc3-a221-f14da67d93c4","HARV_020.tickPlot.tck","D01","HARV","HARV_020","distributed","woodyWetlands",42.438157,-72.228923,"WGS84",20.2,228.3,0.3,"2016-04-15T14:40Z","HARV.2016.15",,,"drag and flag",155,"N",0,0,0,"No known compromise","NEON.DOC.014045vG","2xX6mTIEU2zzk+aGAURxuwRthSzBo/kx",
