uid,namedLocation,domainID,siteID,plotID,plotType,nlcdClass,decimalLatitude,decimalLongitude,geodeticDatum,coordinateUncertainty,elevation,elevationUncertainty,collectDate,eventID,sampleID,sampleCode,samplingMethod,totalSampledArea,targetTaxaPresent,adultCount,nymphCount,larvaCount,sampleCondition,samplingProtocolVersion,measuredBy,remarks
"02821a61-5631-48c7-a2c6-296566e2dd5e","STEI_002.tickPlot.tck","D05","STEI","STEI_002","distributed","deciduousForest",45.796166,-90.091452,"WGS84",20.2,520.3,0.4,"2018-06-04T16:05Z","STEI.2018.23","STEI_002.20180604",,"drag and flag",160,"Y",1,0,0,"No known compromise","NEON.DOC.014045vJ","PTJV+Na8q5rXlc2VdpDZym+v0CyW08ED+5D+SsP87wo=","Not put on ice after collection"
"7965516a-757a-4b84-9d01-b4ee3f2f5ba1","STEI_001.tickPlot.tck","D05","STEI","STEI_001","distributed","deciduousForest",45.812978,-90.091123,"WGS84",20.3,509.3,0.4,"2018-06-04T17:36Z","STEI.2018.23",,,"drag and flag",160,"N",0,0,0,,"NEON.DOC.014045vJ","DoyoJGaaI+hHB0330K9yhKmijjCWUazfDv/1tiwM+bI=",
"70c70d3c-dea8-4a93-ba0a-2463bc9f32e1","STEI_023.tickPlot.tck","D05","STEI","STEI_023","distributed","woodyWetlands",45.824017,-90.096171,"WGS84",20.2,480.4,0.3,"2018-06-04T17:45Z","STEI.2018.23",,,"drag and flag",160,"N",0,0,0,,"NEON.DOC.014045vJ","Yb2Wqz1fmygOWMHKKARTHQj85PWerNY3UT3srpVJIDM=",
"0fde9fc5-7889-4156-ba48-53901281d9f0","STEI_005.tickPlot.tck","D05","STEI","STEI_005","distributed","deciduousForest",45.825112,-90.085882,"WGS84",20.3,509.9,0.5,"2018-06-04T18:35Z","STEI.2018.23",,,"drag and flag",164,"N",0,0,0,,"NEON.DOC.014045vJ","J4gztqMdLf0q1UA9iNDYKjIDa0NBJAOfeqnAdg1Dr6Q=",
"007c63f6-a123-4177-bd1e-46ba64b3f48b","STEI_003.tickPlot.tck","D05","STEI","STEI_003","distributed","deciduousForest",45.824086,-90.071058,"WGS84",20.3,510.1,0.5,"2018-06-04T19:20Z","STEI.2018.23",,,"drag and flag",160,"N",0,0,0,,"NEON.DOC.014045vJ","Yb2Wqz1fmygOWMHKKARTHQj85PWerNY3UT3srpVJIDM=",
"7dd94a93-faca-4631-891c-caf1f65de808","STEI_029.tickPlot.tck","D05","STEI","STEI_029","distributed","mixedForest",45.832878,-90.075489,"WGS84",20.1,492.2,0.2,"2018-06-04T19:44Z","STEI.2018.23",,,"drag and flag",161,"N",0,0,0,,"NEON.DOC.014045vJ","DoyoJGaaI+hHB0330K9yhKmijjCWUazfDv/1tiwM+bI=",
"da2f6290-38c5-4e05-a3a6-e19035a2745a","STEI_002.tickPlot.tck","D05","STEI","STEI_002","distributed","deciduousForest",45.796166,-90.091452,"WGS84",20.2,520.3,0.4,"2018-06-25T14:49Z","STEI.2018.26",,,"drag",160,"N",0,0,0,,"NEON.DOC.014045vJ","DoyoJGaaI+hHB0330K9yhKmijjCWUazfDv/1tiwM+bI=",
"ee666558-bdd9-4f77-8274-924b51ff5995","STEI_001.tickPlot.tck","D05","STEI","STEI_001","distributed","deciduousForest",45.812978,-90.091123,"WGS84",20.3,509.3,0.4,"2018-06-25T15:30Z","STEI.2018.26",,,"drag and flag",160,"N",0,0,0,,"NEON.DOC.014045vJ","J4gztqMdLf0q1UA9iNDYKjIDa0NBJAOfeqnAdg1Dr6Q=",
"77405342-0ecd-474d-9e2f-1582531ecb7b","STEI_023.tickPlot.tck","D05","STEI","STEI_023","distributed","woodyWetlands",45.824017,-90.096171,"WGS84",20.2,480.4,0.3,"2018-06-25T16:40Z","STEI.2018.26",,,"drag and flag",160,"N",0,0,0,,"NEON.DOC.014045vJ","DoyoJGaaI+hHB0330K9yhKmijjCWUazfDv/1tiwM+bI=",
"49fcd7b0-025b-4960-b0b8-c8eee2706cb5","STEI_005.tickPlot.tck","D05","STEI","STEI_005","distributed","deciduousForest",45.825112,-90.085882,"WGS84",20.3,509.9,0.5,"2018-06-25T17:55Z","STEI.2018.26",,,"drag and flag",160,"N",0,0,0,,"NEON.DOC.014045vJ","DoyoJGaaI+hHB0330K9yhKmijjCWUazfDv/1tiwM+bI=",
"3b920d4d-7536-4414-a506-f9b23e1a6906","STEI_003.tickPlot.tck","D05","STEI","STEI_003","distributed","deciduousForest",45.824086,-90.071058,"WGS84",20.3,510.1,0.5,"2018-06-25T19:20Z","STEI.2018.26",,,"drag and flag",160,"N",0,0,0,"No known compromise","NEON.DOC.014045vJ","PTJV+Na8q5rXlc2VdpDZym+v0CyW08ED+5D+SsP87wo=",
"b4615f70-5862-489e-ae31-43ef971aa906","STEI_029.tickPlot.tck","D05","STEI","STEI_029","distributed","mixedForest",45.832878,-90.075489,"WGS84",20.1,492.2,0.2,"2018-06-25T20:27Z","STEI.2018.26",,,"flag",160,"N",0,0,0,"No known compromise","NEON.DOC.014045vJ","PTJV+Na8q5rXlc2VdpDZym+v0CyW08ED+5D+SsP87wo=",
