uid,namedLocation,domainID,siteID,plotID,plotType,nlcdClass,decimalLatitude,decimalLongitude,geodeticDatum,coordinateUncertainty,elevation,elevationUncertainty,collectDate,eventID,sampleID,sampleCode,samplingMethod,totalSampledArea,targetTaxaPresent,adultCount,nymphCount,larvaCount,sampleCondition,samplingProtocolVersion,measuredBy,remarks
"f2db9913-2ce2-47fe-b7be-1b177cb217ab","BARR_030.tickPlot.tck","D18","BARR","BARR_030","distributed","sedgeHerbaceous",71.247964,-156.434250,"WGS84",20.1,4.9,0.1,"2017-07-21T21:04Z","BARR.2017.30",,,"drag",160,"N",0,0,0,,"NEON.DOC.014045vH","eMMtgnlTnrR85/O7iRFijhSZbmT+4aOLpaswgczfTBE=",
"c1f20968-2a63-4ccd-9466-4aafd77af59f","BARR_084.tickPlot.tck","D18","BARR","BARR_084","distributed","sedgeHerbaceous",71.247981,-156.448470,"WGS84",20.1,5.1,0.1,"2017-07-21T21:24Z","BARR.2017.30",,,"drag",160,"N",0,0,0,,"NEON.DOC.014045vH","f+aJin/NXm+2sOjz/erkppkkfw3jFtNOK31bwAFz/Is=",
"391eb029-1683-4072-a933-e9025a9fa709","BARR_037.tickPlot.tck","D18","BARR","BARR_037","distributed","sedgeHerbaceous",71.250379,-156.489120,"WGS84",20.1,3.4,0.1,"2017-07-21T21:42Z","BARR.2017.30",,,"drag",160,"N",0,0,0,,"NEON.DOC.014045vH","eMMtgnlTnrR85/O7iRFijhSZbmT+4aOLpaswgczfTBE=",
"f5bf8f49-e5d1-439d-8538-d6fc75485ec2","BARR_031.tickPlot.tck","D18","BARR","BARR_031","distributed","sedgeHerbaceous",71.252010,-156.505674,"WGS84",20.1,4.9,0.1,"2017-07-21T21:56Z","BARR.2017.30",,,"drag",160,"N",0,0,0,,"NEON.DOC.014045vH","f+aJin/NXm+2sOjz/erkppkkfw3jFtNOK31bwAFz/Is=",
"5487fadf-4151-4b06-bc15-799d14e5e821","BARR_034.tickPlot.tck","D18","BARR","BARR_034","distributed","sedgeHerbaceous",71.256148,-156.532613,"WGS84",20.1,6.5,0.1,"2017-07-21T22:14Z","BARR.2017.30",,,"drag",160,"N",0,0,0,,"NEON.DOC.014045vH","eMMtgnlTnrR85/O7iRFijhSZbmT+4aOLpaswgczfTBE=",
"f4cf672a-2a0f-4fe1-be56-f006b6271dcb","BARR_021.tickPlot.tck","D18","BARR","BARR_021","distributed","emergentHerbaceousWetlands",71.256222,-156.554389,"WGS84",20.1,5.5,0.1,"2017-07-21T22:31Z","BARR.2017.30",,,"drag",160,"N",0,0,0,,"NEON.DOC.014045vH","f+aJin/NXm+2sOjz/erkppkkfw3jFtNOK31bwAFz/Is=",
