uid,namedLocation,domainID,siteID,plotID,plotType,nlcdClass,decimalLatitude,decimalLongitude,geodeticDatum,coordinateUncertainty,elevation,elevationUncertainty,collectDate,eventID,sampleID,sampleCode,samplingMethod,totalSampledArea,targetTaxaPresent,adultCount,nymphCount,larvaCount,sampleCondition,samplingProtocolVersion,measuredBy,remarks
"5506cf0e-594e-43f3-8e3e-97374a14165b","SCBI_002.tickPlot.tck","D02","SCBI","SCBI_002","distributed","deciduousForest",38.893863,-78.142704,"WGS84",20.2,327.7,0.2,"2016-04-18T13:10Z","SCBI.2016.16",,,"drag",160,"N",0,0,0,"No known compromise","NEON.DOC.014045vG","ena7GLJui5s1h8moQAQPw3Qj2+mVdivS",
"d4352af7-a30a-44cc-882b-94b70e657b37","SCBI_006.tickPlot.tck","D02","SCBI","SCBI_006","distributed","pastureHay",38.897080,-78.150277,"WGS84",20.1,277.1,0.1,"2016-04-18T14:25Z","SCBI.2016.16","SCBI_006.20160418",,"drag",161,"Y",1,0,0,"No known compromise","NEON.DOC.014045vG","ena7GLJui5s1h8moQAQPw3Qj2+mVdivS",
"a7f6c1e6-949c-43f8-8408-656f213244af","SCBI_039.tickPlot.tck","D02","SCBI","SCBI_039","distributed","pastureHay",38.896433,-78.166542,"WGS84",20.1,330.8,0.1,"2016-04-18T15:10Z","SCBI.2016.16",,,"drag",153,"N",0,0,0,"No known compromise","NEON.DOC.014045vG","ena7GLJui5s1h8moQAQPw3Qj2+mVdivS",
"b01affed-646a-4cbf-8d0b-2abe1b4fd6de","SCBI_007.tickPlot.tck","D02","SCBI","SCBI_007","distributed","deciduousForest",38.886013,-78.129365,"WGS84",20.2,428.3,0.2,"2016-04-18T16:42Z","SCBI.2016.16","SCBI_007.20160418",,"drag and flag",145,"Y",1,0,0,"No known compromise","NEON.DOC.014045vG","ena7GLJui5s1h8moQAQPw3Qj2+mVdivS",
"4e93a7d2-2330-40df-ad06-c9d3fa840085","SCBI_005.tickPlot.tck","D02","SCBI","SCBI_005","distributed","deciduousForest",38.901859,-78.161940,"WGS84",20.2,263.6,0.3,"2016-04-18T18:30Z","SCBI.2016.16","SCBI_005.20160418",,"drag and flag",153,"Y",3,0,0,"No known compromise","NEON.DOC.014045vG","ena7GLJui5s1h8moQAQPw3Qj2+mVdivS",
"22873181-2cee-44f8-92c5-bab8a92ce0d8","SCBI_013.tickPlot.tck","D02","SCBI","SCBI_013","distributed","deciduousForest",38.873041,-78.163313,"WGS84",20.2,361.3,0.3,"2016-04-19T12:50Z","SCBI.2016.16","SCBI_013.20160419",,"drag",162,"Y",2,0,0,"No known compromise","NEON.DOC.014045vG","/AhbGCCF27wHz9TggrmS1nLN8zUO+zcB",
