uid,namedLocation,plotID,collectDate,identifiedDate,sampleID,subsampleID,scientificName,acceptedTaxonID,taxonRank,family,subfamily,tribe,subtribe,genus,subgenus,specificEpithet,infraspecificEpithet,identificationQualifier,identificationReferences,identificationProtocolVersion,scientificNameAuthorship,sexOrAge,individualCount,sampleCondition,archiveMedium,archiveFacilityID,deprecatedVialID,identifiedBy,laboratoryName,remarks
"e961132d-05ab-42cb-885a-42c54463ae6a","SCBI_006.tickPlot.tck","SCBI_006","2016-04-18T14:25Z","2017-05-17T16:00Z","SCBI_006.20160418","SCBI_006.20160418.DERVAR.M","Dermacentor variabilis","DERVAR","species","Ixodidae",,,,"Dermacentor",,"variabilis",,,"Yunker, C. E., Keirans, J. E., Clifford, C. M., and E. R. Easton. 1986. Dermacentor ticks (Acari: Ixodoidea: Ixodidae) of the New World: a scanning electron microscope atlas. Proceedings of the Entomological Society of Washington, 88(4):609-627.","GSU_tickIdentification_SOP_2016-11-01.pdf","Say","Male",1,"OK","RNA stabilization buffer","USNMENT00984121","SCBI_006.20160418.1.DERVAR.M","Lorenza Beati","Georgia Southern University",
"a49edeee-c1a3-4d86-af36-7ce5d9959978","SCBI_007.tickPlot.tck","SCBI_007","2016-04-18T16:42Z","2017-05-17T16:00Z","SCBI_007.20160418","SCBI_007.20160418.DERVAR.M","Dermacentor variabilis","DERVAR","species","Ixodidae",,,,"Dermacentor",,"variabilis",,,"Yunker, C. E., Keirans, J. E., Clifford, C. M., and E. R. Easton. 1986. Dermacentor ticks (Acari: Ixodoidea: Ixodidae) of the New World: a scanning electron microscope atlas. Proceedings of the Entomological Society of Washington, 88(4):609-627.","GSU_tickIdentification_SOP_2016-11-01.pdf","Say","Male",1,"OK","RNA stabilization buffer","USNMENT00984122","SCBI_007.20160418.1.DERVAR.M","Lorenza Beati","Georgia Southern University",
"855ca071-2402-408c-8651-6c0f176513be","SCBI_005.tickPlot.tck","SCBI_005","2016-04-18T18:30Z","2017-05-17T16:00Z","SCBI_005.20160418","SCBI_005.20160418.DERVAR.M","Dermacentor variabilis","DERVAR","species","Ixodidae",,,,"Dermacentor",,"variabilis",,,"Yunker, C. E., Keirans, J. E., Clifford, C. M., and E. R. Easton. 1986. Dermacentor ticks (Acari: Ixodoidea: Ixodidae) of the New World: a scanning electron microscope atlas. Proceedings of the Entomological Society of Washington, 88(4):609-627.","GSU_tickIdentification_SOP_2016-11-01.pdf","Say","Male",3,"OK","RNA stabilization buffer","USNMENT00984120","SCBI_005.20160418.1.DERVAR.M","Lorenza Beati","Georgia Southern University",
"cf5ae3ac-5ae4-41a3-89e5-ccff5b3e1ef5","SCBI_013.tickPlot.tck","SCBI_013","2016-04-19T12:50Z","2017-03-22T16:00Z","SCBI_013.20160419","SCBI_013.20160419.DERVAR.F","Dermacentor variabilis","DERVAR","species","Ixodidae",,,,"Dermacentor",,"variabilis",,,"Yunker, C. E., Keirans, J. E., Clifford, C. M., and E. R. Easton. 1986. Dermacentor ticks (Acari: Ixodoidea: Ixodidae) of the New World: a scanning electron microscope atlas. Proceedings of the Entomological Society of Washington, 88(4):609-627.","GSU_tickIdentification_SOP_2016-11-01.pdf","Say","Female",1,"OK","RNA stabilization buffer","USNMENT00984124","SCBI_013.20160419.1.DERVAR.F","Guy Hobbs","Georgia Southern University",
"9db15d25-17cb-4f7e-b9d2-02e6800854b0","SCBI_013.tickPlot.tck","SCBI_013","2016-04-19T12:50Z","2017-03-22T16:00Z","SCBI_013.20160419","SCBI_013.20160419.DERVAR.M","Dermacentor variabilis","DERVAR","species","Ixodidae",,,,"Dermacentor",,"variabilis",,,"Yunker, C. E., Keirans, J. E., Clifford, C. M., and E. R. Easton. 1986. Dermacentor ticks (Acari: Ixodoidea: Ixodidae) of the New World: a scanning electron microscope atlas. Proceedings of the Entomological Society of Washington, 88(4):609-627.","GSU_tickIdentification_SOP_2016-11-01.pdf","Say","Male",1,"OK","RNA stabilization buffer","USNMENT00984123","SCBI_013.20160419.1.DERVAR.M","Guy Hobbs","Georgia Southern University",
