uid,namedLocation,plotID,collectDate,identifiedDate,sampleID,subsampleID,scientificName,acceptedTaxonID,taxonRank,family,subfamily,tribe,subtribe,genus,subgenus,specificEpithet,infraspecificEpithet,identificationQualifier,identificationReferences,identificationProtocolVersion,scientificNameAuthorship,sexOrAge,individualCount,sampleCondition,archiveMedium,archiveFacilityID,deprecatedVialID,identifiedBy,laboratoryName,remarks
"f344fdb7-977e-4e99-8697-c6f52a4e6660","OAES_004.tickPlot.tck","OAES_004","2017-05-09T17:03Z","2018-01-19T17:00Z","OAES_004.20170509","OAES_004.20170509.DERVAR.F","Dermacentor variabilis","DERVAR","species","Ixodidae",,,,"Dermacentor",,"variabilis",,,"Yunker, C. E., Keirans, J. E., Clifford, C. M., and E. R. Easton. 1986. Dermacentor ticks (Acari: Ixodoidea: Ixodidae) of the New World: a scanning electron microscope atlas. Proceedings of the Entomological Society of Washington, 88(4):609-627.","GSU_tickIdentification_SOP_2016-11-01.pdf","Say","Female",1,"OK","90% ethanol","USNMENT01358800","OAES_004.20170509.DERVAR.F","Lorenza Beati","Georgia Southern University","TO PAULA"
"495fc510-c5b2-4625-87a3-cbaefccda598","OAES_021.tickPlot.tck","OAES_021","2017-05-10T03:50Z","2018-01-19T17:00Z","OAES_021.20170509","OAES_021.20170509.DERVAR.M","Dermacentor variabilis","DERVAR","species","Ixodidae",,,,"Dermacentor",,"variabilis",,,"Yunker, C. E., Keirans, J. E., Clifford, C. M., and E. R. Easton. 1986. Dermacentor ticks (Acari: Ixodoidea: Ixodidae) of the New World: a scanning electron microscope atlas. Proceedings of the Entomological Society of Washington, 88(4):609-627.","GSU_tickIdentification_SOP_2016-11-01.pdf","Say","Male",2,"OK","90% ethanol","USNMENT01358803","OAES_021.20170509.DERVAR.M","Lorenza Beati","Georgia Southern University","TO PAULA"
"28c29ff7-896f-42e9-8ab1-7a9063d6fa7d","OAES_008.tickPlot.tck","OAES_008","2017-05-30T19:42Z","2018-01-19T17:00Z","OAES_008.20170530","OAES_008.20170530.DERVAR.M","Dermacentor variabilis","DERVAR","species","Ixodidae",,,,"Dermacentor",,"variabilis",,,"Yunker, C. E., Keirans, J. E., Clifford, C. M., and E. R. Easton. 1986. Dermacentor ticks (Acari: Ixodoidea: Ixodidae) of the New World: a scanning electron microscope atlas. Proceedings of the Entomological Society of Washington, 88(4):609-627.","GSU_tickIdentification_SOP_2016-11-01.pdf","Say","Male",1,"OK","90% ethanol","USNMENT01358820","OAES_008.20170530.DERVAR.M","Lorenza Beati","Georgia Southern University","TO PAULA"
"a4217ae2-e904-497b-9998-79ce25830921","OAES_007.tickPlot.tck","OAES_007","2017-05-30T20:21Z","2018-01-19T17:00Z","OAES_007.20170530","OAES_007.20170530.DERVAR.M","Dermacentor variabilis","DERVAR","species","Ixodidae",,,,"Dermacentor",,"variabilis",,,"Yunker, C. E., Keirans, J. E., Clifford, C. M., and E. R. Easton. 1986. Dermacentor ticks (Acari: Ixodoidea: Ixodidae) of the New World: a scanning electron microscope atlas. Proceedings of the Entomological Society of Washington, 88(4):609-627.","GSU_tickIdentification_SOP_2016-11-01.pdf","Say","Male",1,"OK","90% ethanol","USNMENT01358809","OAES_007.20170530.DERVAR.M","Lorenza Beati","Georgia Southern University",
"ab748020-b3fd-4147-bac4-244fcf3fc395","OAES_003.tickPlot.tck","OAES_003","2017-05-30T21:09Z","2018-01-19T17:00Z","OAES_003.20170530","OAES_003.20170530.DERVAR.F","Dermacentor variabilis","DERVAR","species","Ixodidae",,,,"Dermacentor",,"variabilis",,,"Yunker, C. E., Keirans, J. E., Clifford, C. M., and E. R. Easton. 1986. Dermacentor ticks (Acari: Ixodoidea: Ixodidae) of the New World: a scanning electron microscope atlas. Proceedings of the Entomological Society of Washington, 88(4):609-627.","GSU_tickIdentification_SOP_2016-11-01.pdf","Say","Female",1,"OK","90% ethanol","USNMENT01358797","OAES_003.20170530.DERVAR.F","Lorenza Beati","Georgia Southern University",
"f2e75651-3a04-4daf-b806-ea1de2863234","OAES_021.tickPlot.tck","OAES_021","2017-05-30T21:42Z","2018-01-19T17:00Z","OAES_021.20170530","OAES_021.20170530.DERVAR.M","Dermacentor variabilis","DERVAR","species","Ixodidae",,,,"Dermacentor",,"variabilis",,,"Yunker, C. E., Keirans, J. E., Clifford, C. M., and E. R. Easton. 1986. Dermacentor ticks (Acari: Ixodoidea: Ixodidae) of the New World: a scanning electron microscope atlas. Proceedings of the Entomological Society of Washington, 88(4):609-627.","GSU_tickIdentification_SOP_2016-11-01.pdf","Say","Male",6,"OK","90% ethanol","USNMENT01358805","OAES_021.20170530.DERVAR.M","Lorenza Beati","Georgia Southern University","TO PAULA"
"079ef8ad-07d2-4c31-8b50-7467d85717fe","OAES_021.tickPlot.tck","OAES_021","2017-05-30T21:42Z","2018-01-19T17:00Z","OAES_021.20170530","OAES_021.20170530.DERVAR.F","Dermacentor variabilis","DERVAR","species","Ixodidae",,,,"Dermacentor",,"variabilis",,,"Yunker, C. E., Keirans, J. E., Clifford, C. M., and E. R. Easton. 1986. Dermacentor ticks (Acari: Ixodoidea: Ixodidae) of the New World: a scanning electron microscope atlas. Proceedings of the Entomological Society of Washington, 88(4):609-627.","GSU_tickIdentification_SOP_2016-11-01.pdf","Say","Female",4,"OK","90% ethanol","USNMENT01358806","OAES_021.20170530.DERVAR.F","Lorenza Beati","Georgia Southern University","TO PAULA"
