uid,namedLocation,domainID,siteID,plotID,plotType,nlcdClass,decimalLatitude,decimalLongitude,geodeticDatum,coordinateUncertainty,elevation,elevationUncertainty,collectDate,eventID,sampleID,sampleCode,samplingMethod,totalSampledArea,targetTaxaPresent,adultCount,nymphCount,larvaCount,sampleCondition,samplingProtocolVersion,measuredBy,remarks
"137f4510-9f81-4cad-ac53-bf3ed3ec53a1","OAES_004.tickPlot.tck","D11","OAES","OAES_004","distributed","grasslandHerbaceous",35.411159,-99.084234,"WGS84",20.1,507.6,0.1,"2017-05-09T17:03Z","OAES.2017.20","OAES_004.20170509",,"drag",160,"Y",1,0,0,"No known compromise","NEON.DOC.014045vG","gH0cOT0J1yKQOU3jhp+Z8qncpD0sNfngI+0WipSvhmk=",
"472b72a1-5d36-45c8-b4b4-63db08501b12","OAES_005.tickPlot.tck","D11","OAES","OAES_005","distributed","grasslandHerbaceous",35.402926,-99.080346,"WGS84",20.1,509.4,0.1,"2017-05-09T17:40Z","OAES.2017.20",,,"drag",161,"N",0,0,0,,"NEON.DOC.014045vG","gH0cOT0J1yKQOU3jhp+Z8qncpD0sNfngI+0WipSvhmk=","Deviated 1m due to cactus"
"084d7c85-599a-4198-a125-1a2b543af373","OAES_008.tickPlot.tck","D11","OAES","OAES_008","distributed","grasslandHerbaceous",35.394019,-99.063159,"WGS84",20.1,492.6,0.1,"2017-05-10T01:51Z","OAES.2017.20",,,"drag and flag",160,"N",0,0,0,,"NEON.DOC.014045vG","EAA7v+wQgjZOygosNkUyc6C7X/H/iRg1pBHCfwQLnSU=",
"950bbd45-1e8d-4ef1-be82-89a0f467256f","OAES_007.tickPlot.tck","D11","OAES","OAES_007","distributed","shrubScrub",35.421328,-99.057210,"WGS84",20.1,521.6,0.1,"2017-05-10T02:25Z","OAES.2017.20",,,"drag",160,"N",0,0,0,,"NEON.DOC.014045vG","EAA7v+wQgjZOygosNkUyc6C7X/H/iRg1pBHCfwQLnSU=",
"0d7f5255-c395-4205-8c74-d430f3157504","OAES_003.tickPlot.tck","D11","OAES","OAES_003","distributed","grasslandHerbaceous",35.412134,-99.068027,"WGS84",20.2,512.2,0.2,"2017-05-10T03:08Z","OAES.2017.20",,,"drag",164,"N",0,0,0,,"NEON.DOC.014045vG","xP4KKGihqFI0UU/zU9+Tjib2xvnmUUFCVPHurDTMPoA=","Deviated over cacti 4 meters"
"a6e4d594-993e-4852-a627-b5565adeb5ce","OAES_021.tickPlot.tck","D11","OAES","OAES_021","distributed","shrubScrub",35.413211,-99.074301,"WGS84",20.1,501.7,0.1,"2017-05-10T03:50Z","OAES.2017.20","OAES_021.20170509",,"drag",136,"Y",2,0,0,"Distance estimated (described in remarks)","NEON.DOC.014045vG","xP4KKGihqFI0UU/zU9+Tjib2xvnmUUFCVPHurDTMPoA=","80 m sampled outside of plot. Sampled in plot from centroid to NE corner and centroid to SE corner."
"763a1407-47ee-4d78-ac6c-cf2b0714dc09","OAES_008.tickPlot.tck","D11","OAES","OAES_008","distributed","grasslandHerbaceous",35.394019,-99.063159,"WGS84",20.1,492.6,0.1,"2017-05-30T19:42Z","OAES.2017.23","OAES_008.20170530",,"drag",160,"Y",1,0,0,"No known compromise","NEON.DOC.014045vG","xP4KKGihqFI0UU/zU9+Tjib2xvnmUUFCVPHurDTMPoA=",
"2c5e7195-7254-4217-8088-895e4e96c991","OAES_007.tickPlot.tck","D11","OAES","OAES_007","distributed","shrubScrub",35.421328,-99.057210,"WGS84",20.1,521.6,0.1,"2017-05-30T20:21Z","OAES.2017.23","OAES_007.20170530",,"drag",160,"Y",1,0,0,"No known compromise","NEON.DOC.014045vG","xP4KKGihqFI0UU/zU9+Tjib2xvnmUUFCVPHurDTMPoA=",
"e17653b6-d618-4887-8fdc-fec0627fbe4e","OAES_003.tickPlot.tck","D11","OAES","OAES_003","distributed","grasslandHerbaceous",35.412134,-99.068027,"WGS84",20.2,512.2,0.2,"2017-05-30T21:09Z","OAES.2017.23","OAES_003.20170530",,"drag",160,"Y",1,0,0,"No known compromise","NEON.DOC.014045vG","xP4KKGihqFI0UU/zU9+Tjib2xvnmUUFCVPHurDTMPoA=",
"8a954a91-caa5-4f46-8429-cd4017ebf619","OAES_021.tickPlot.tck","D11","OAES","OAES_021","distributed","shrubScrub",35.413211,-99.074301,"WGS84",20.1,501.7,0.1,"2017-05-30T21:42Z","OAES.2017.23","OAES_021.20170530",,"drag and flag",165,"Y",10,0,0,"No known compromise","NEON.DOC.014045vG","xP4KKGihqFI0UU/zU9+Tjib2xvnmUUFCVPHurDTMPoA=",
"c9ae1121-4862-4a2f-b66c-6222ee240fec","OAES_004.tickPlot.tck","D11","OAES","OAES_004","distributed","grasslandHerbaceous",35.411159,-99.084234,"WGS84",20.1,507.6,0.1,"2017-05-30T22:59Z","OAES.2017.23",,,"drag",160,"N",0,0,0,,"NEON.DOC.014045vG","xP4KKGihqFI0UU/zU9+Tjib2xvnmUUFCVPHurDTMPoA=",
"f3843ac6-71a7-43d4-a3dc-de2ef599772c","OAES_005.tickPlot.tck","D11","OAES","OAES_005","distributed","grasslandHerbaceous",35.402926,-99.080346,"WGS84",20.1,509.4,0.1,"2017-05-30T23:30Z","OAES.2017.23",,,"drag",160,"N",0,0,0,,"NEON.DOC.014045vG","xP4KKGihqFI0UU/zU9+Tjib2xvnmUUFCVPHurDTMPoA=",
