uid,namedLocation,domainID,siteID,plotID,plotType,nlcdClass,decimalLatitude,decimalLongitude,geodeticDatum,coordinateUncertainty,elevation,elevationUncertainty,collectDate,eventID,sampleID,sampleCode,samplingMethod,totalSampledArea,targetTaxaPresent,adultCount,nymphCount,larvaCount,sampleCondition,samplingProtocolVersion,measuredBy,remarks
"68634128-e092-414a-8926-454beab29ec2","HARV_006.tickPlot.tck","D01","HARV","HARV_006","distributed","deciduousForest",42.401938,-72.252716,"WGS84",20.2,190.4,0.3,"2017-08-01T12:29Z","HARV.2017.32","HARV_006.20170801",,"drag and flag",160,"Y",0,3,0,"No known compromise","NEON.DOC.014045vH","EnfWGZJaKllpnxJgbtB7wmPYkDAkiJvk1pu/08v0i7k=",
"583783f0-8d70-458d-bb32-4e90423b416a","HARV_026.tickPlot.tck","D01","HARV","HARV_026","distributed","evergreenForest",42.412068,-72.246529,"WGS84",20.2,185.7,0.3,"2017-08-01T13:35Z","HARV.2017.32","HARV_026.20170801",,"drag and flag",160,"Y",0,2,0,"No known compromise","NEON.DOC.014045vH","9rtYv6x/bdfO4wEJK3R6BxlDDClSKivng1Q1vdwmSg4=",
"4ca3ef7b-aebf-43d7-a7e6-7d605de44d71","HARV_022.tickPlot.tck","D01","HARV","HARV_022","distributed","evergreenForest",42.435462,-72.199291,"WGS84",20.3,186.3,0.3,"2017-08-21T12:12Z","HARV.2017.35","HARV_022.20170821",,"drag and flag",160,"Y",0,3,0,"No known compromise","NEON.DOC.014045vH","WpjRY8GW8JsMZ1qjoOr+GjftXlcOiAEj3+a3s/CS4Mw=",
"d9511439-014c-4fc3-ab7d-8ac004e84414","HARV_006.tickPlot.tck","D01","HARV","HARV_006","distributed","deciduousForest",42.401938,-72.252716,"WGS84",20.2,190.4,0.3,"2017-08-21T13:29Z","HARV.2017.35","HARV_006.20170821",,"drag and flag",160,"Y",0,0,40,"No known compromise","NEON.DOC.014045vH","WpjRY8GW8JsMZ1qjoOr+GjftXlcOiAEj3+a3s/CS4Mw=",
"a80f4f83-6824-4439-a277-2832098b3bd5","HARV_026.tickPlot.tck","D01","HARV","HARV_026","distributed","evergreenForest",42.412068,-72.246529,"WGS84",20.2,185.7,0.3,"2017-08-21T14:32Z","HARV.2017.35","HARV_026.20170821",,"drag and flag",160,"Y",0,0,42,"No known compromise","NEON.DOC.014045vH","WpjRY8GW8JsMZ1qjoOr+GjftXlcOiAEj3+a3s/CS4Mw=",
"30eb9839-b65a-4bc5-bce4-566570523e02","HARV_001.tickPlot.tck","D01","HARV","HARV_001","distributed","deciduousForest",42.424227,-72.260097,"WGS84",20.2,201.1,0.3,"2017-08-21T15:29Z","HARV.2017.35","HARV_001.20170821",,"drag and flag",160,"Y",0,2,13,"No known compromise","NEON.DOC.014045vH","YsQRNf3o1m+XRfINiKJP3KR+B/+BD58arPkIK33NF6E=",
"1c633e68-32f7-4cd6-8101-3650897ef9a1","HARV_004.tickPlot.tck","D01","HARV","HARV_004","distributed","mixedForest",42.426878,-72.227943,"WGS84",20.3,185.9,0.3,"2017-08-21T16:31Z","HARV.2017.35","HARV_004.20170821",,"drag and flag",160,"Y",0,0,6,"No known compromise","NEON.DOC.014045vH","WpjRY8GW8JsMZ1qjoOr+GjftXlcOiAEj3+a3s/CS4Mw=",
"ea470a40-b711-4611-be56-31714cd00e5e","HARV_020.tickPlot.tck","D01","HARV","HARV_020","distributed","woodyWetlands",42.438157,-72.228923,"WGS84",20.2,228.3,0.3,"2017-08-21T17:30Z","HARV.2017.35","HARV_020.20170821",,"drag and flag",160,"Y",0,1,1,"No known compromise","NEON.DOC.014045vH","YsQRNf3o1m+XRfINiKJP3KR+B/+BD58arPkIK33NF6E=",
