uid,namedLocation,plotID,collectDate,identifiedDate,sampleID,subsampleID,scientificName,acceptedTaxonID,taxonRank,family,subfamily,tribe,subtribe,genus,subgenus,specificEpithet,infraspecificEpithet,identificationQualifier,identificationReferences,identificationProtocolVersion,scientificNameAuthorship,sexOrAge,individualCount,sampleCondition,archiveMedium,archiveFacilityID,deprecatedVialID,identifiedBy,laboratoryName,remarks
"c9e5ad73-f571-458d-9750-fd235a80690b","HARV_006.tickPlot.tck","HARV_006","2017-08-01T12:29Z","2018-01-20T17:00Z","HARV_006.20170801","HARV_006.20170801.IXOSCA.N","Ixodes scapularis","IXOSCA","species","Ixodidae",,,,"Ixodes",,"scapularis",,,"Cooley, R. A. and G. M. Kohls. 1945. The genus Ixodes in North America. National Institute of Health Bulletin, 184.","GSU_tickIdentification_SOP_2016-11-01.pdf","Say","Nymph",3,"OK","90% ethanol","USNMENT01358844","HARV_006.20170801.IXOSCA.N","Lorenza Beati","Georgia Southern University",
"39b4a43f-353e-4f94-859e-e2c2999c5a30","HARV_026.tickPlot.tck","HARV_026","2017-08-01T13:35Z","2018-01-20T17:00Z","HARV_026.20170801","HARV_026.20170801.IXOSCA.N","Ixodes scapularis","IXOSCA","species","Ixodidae",,,,"Ixodes",,"scapularis",,,"Cooley, R. A. and G. M. Kohls. 1945. The genus Ixodes in North America. National Institute of Health Bulletin, 184.","GSU_tickIdentification_SOP_2016-11-01.pdf","Say","Nymph",2,"OK","90% ethanol","USNMENT01358845","HARV_026.20170801.IXOSCA.N","Lorenza Beati","Georgia Southern University",
"19e9efaa-d82f-4890-a49d-ab3bf77ad814","HARV_022.tickPlot.tck","HARV_022","2017-08-21T12:12Z","2018-01-20T17:00Z","HARV_022.20170821","HARV_022.20170821.IXOSCA.N","Ixodes scapularis","IXOSCA","species","Ixodidae",,,,"Ixodes",,"scapularis",,,"Cooley, R. A. and G. M. Kohls. 1945. The genus Ixodes in North America. National Institute of Health Bulletin, 184.","GSU_tickIdentification_SOP_2016-11-01.pdf","Say","Nymph",3,"OK","90% ethanol","USNMENT01358839","HARV_022.20170821.IXOSCA.N","Lorenza Beati","Georgia Southern University",
"f46f6047-5684-4090-b007-b4fb7b48c56b","HARV_006.tickPlot.tck","HARV_006","2017-08-21T13:29Z","2017-10-21T16:00Z","HARV_006.20170821","HARV_006.20170821.IXOSP.L","Ixodidae sp.","IXOSP","family","Ixodidae",,,,,,"sp.",,,,"GSU_tickIdentification_SOP_2016-11-01.pdf",,"Larva",1,"OK","90% ethanol","USNMENT01358842","HARV_006.20170821.L","Guy Hobbs","Georgia Southern University",
"2ff7f1e8-9c87-4c13-b53b-47ba63974aae","HARV_026.tickPlot.tck","HARV_026","2017-08-21T14:32Z","2017-10-21T16:00Z","HARV_026.20170821","HARV_026.20170821.IXOSP.L","Ixodidae sp.","IXOSP","family","Ixodidae",,,,,,"sp.",,,,"GSU_tickIdentification_SOP_2016-11-01.pdf",,"Larva",1,"OK","90% ethanol","USNMENT01358843","HARV_026.20170821.L","Guy Hobbs","Georgia Southern University",
"042aaf27-802a-49d0-8b1f-7db399443abf","HARV_001.tickPlot.tck","HARV_001","2017-08-21T15:29Z","2018-01-20T17:00Z","HARV_001.20170821","HARV_001.20170821.IXOSCA.N","Ixodes scapularis","IXOSCA","species","Ixodidae",,,,"Ixodes",,"scapularis",,,"Cooley, R. A. and G. M. Kohls. 1945. The genus Ixodes in North America. National Institute of Health Bulletin, 184.","GSU_tickIdentification_SOP_2016-11-01.pdf","Say","Nymph",2,"OK","90% ethanol","USNMENT01358841","HARV_001.20170821.IXOSCA.N","Lorenza Beati","Georgia Southern University",
"4990abcd-bac5-476d-bc82-8f5956a29bb9","HARV_001.tickPlot.tck","HARV_001","2017-08-21T15:29Z","2017-10-21T16:00Z","HARV_001.20170821","HARV_001.20170821.IXOSP.L","Ixodidae sp.","IXOSP","family","Ixodidae",,,,,,"sp.",,,,"GSU_tickIdentification_SOP_2016-11-01.pdf",,"Larva",1,"OK","90% ethanol","USNMENT01358840","HARV_001.20170821.L","Guy Hobbs","Georgia Southern University",
"5e4a93cb-6872-42db-8cc7-8230235bd156","HARV_004.tickPlot.tck","HARV_004","2017-08-21T16:31Z","2017-10-21T16:00Z","HARV_004.20170821","HARV_004.20170821.IXOSP.L","Ixodidae sp.","IXOSP","family","Ixodidae",,,,,,"sp.",,,,"GSU_tickIdentification_SOP_2016-11-01.pdf",,"Larva",1,"OK","90% ethanol","USNMENT01358836","HARV_004.20170821.L","Guy Hobbs","Georgia Southern University",
"af470d2a-3007-40e4-85c3-963cd0ed4b2d","HARV_020.tickPlot.tck","HARV_020","2017-08-21T17:30Z","2017-10-21T16:00Z","HARV_020.20170821","HARV_020.20170821.IXOSP.L","Ixodidae sp.","IXOSP","family","Ixodidae",,,,,,"sp.",,,,"GSU_tickIdentification_SOP_2016-11-01.pdf",,"Larva",1,"OK","90% ethanol","USNMENT01358837","HARV_020.20170821.L","Guy Hobbs","Georgia Southern University",
"514606bf-6d54-4e1d-bc90-cfff6e615653","HARV_020.tickPlot.tck","HARV_020","2017-08-21T17:30Z","2018-01-20T17:00Z","HARV_020.20170821","HARV_020.20170821.IXOSCA.N","Ixodes scapularis","IXOSCA","species","Ixodidae",,,,"Ixodes",,"scapularis",,,"Cooley, R. A. and G. M. Kohls. 1945. The genus Ixodes in North America. National Institute of Health Bulletin, 184.","GSU_tickIdentification_SOP_2016-11-01.pdf","Say","Nymph",1,"OK","90% ethanol","USNMENT01358838","HARV_020.20170821.IXOSCA.N","Lorenza Beati","Georgia Southern University",
