uid,namedLocation,plotID,collectDate,identifiedDate,sampleID,subsampleID,scientificName,acceptedTaxonID,taxonRank,family,subfamily,tribe,subtribe,genus,subgenus,specificEpithet,infraspecificEpithet,identificationQualifier,identificationReferences,identificationProtocolVersion,scientificNameAuthorship,sexOrAge,individualCount,sampleCondition,archiveMedium,archiveFacilityID,deprecatedVialID,identifiedBy,laboratoryName,remarks
"65b8c10b-9c0f-42d0-8db0-3d0ec9955893","KONZ_002.tickPlot.tck","KONZ_002","2016-08-18T12:43Z","2017-03-14T16:00Z","KONZ_002.20160818","KONZ_002.20160818.IXOSP.L","Ixodidae sp.","IXOSP","family","Ixodidae",,,,,,"sp.",,,,"GSU_tickIdentification_SOP_2016-11-01.pdf",,"Larva",1,"OK","RNA stabilization buffer","USNMENT01358036","KONZ_002.20160818.L","Lorenza Beati","Georgia Southern University","over invoice limit, will not be billed"
"1965a318-3422-4a02-88e1-b280d3bcc552","KONZ_025.tickPlot.tck","KONZ_025","2016-08-18T18:05Z","2017-06-27T16:00Z","KONZ_025.20160818","KONZ_025.20160818.AMBAME.N","Amblyomma americanum","AMBAME","species","Ixodidae",,,,"Amblyomma",,"americanum",,,"Cooley, R. A. and G. M. Kohls. 1944. The genus Amblyomma (ixodidae) in the United States. The Journal of Parasitology, 30(2):77-111.","GSU_tickIdentification_SOP_2016-11-01.pdf","Linnaeus","Nymph",3,"OK","RNA stabilization buffer","USNMENT00984883","KONZ_025.20160818.AMBAME.N","Lorenza Beati","Georgia Southern University",
"f99c63a8-def8-4371-85a6-c95df0c341de","KONZ_025.tickPlot.tck","KONZ_025","2016-08-18T18:05Z","2017-06-27T16:00Z","KONZ_025.20160818","KONZ_025.20160818.DERVAR.M","Dermacentor variabilis","DERVAR","species","Ixodidae",,,,"Dermacentor",,"variabilis",,,"Yunker, C. E., Keirans, J. E., Clifford, C. M., and E. R. Easton. 1986. Dermacentor ticks (Acari: Ixodoidea: Ixodidae) of the New World: a scanning electron microscope atlas. Proceedings of the Entomological Society of Washington, 88(4):609-627.","GSU_tickIdentification_SOP_2016-11-01.pdf","Say","Male",1,"OK","RNA stabilization buffer","USNMENT00984884","KONZ_025.20160818.DERVAR.M","Lorenza Beati","Georgia Southern University",
"ee1f3afe-30fe-4738-ad88-eed48cbdc1c3","KONZ_025.tickPlot.tck","KONZ_025","2016-08-18T18:05Z","2017-06-27T16:00Z","KONZ_025.20160818","KONZ_025.20160818.IXOSP.L","Ixodidae sp.","IXOSP","family","Ixodidae",,,,,,"sp.",,,,"GSU_tickIdentification_SOP_2016-11-01.pdf",,"Larva",1,"OK","RNA stabilization buffer","USNMENT01358037","KONZ_025.20160818.L","Lorenza Beati","Georgia Southern University","over invoice limit, will not be billed"
