uid,namedLocation,domainID,siteID,plotID,plotType,nlcdClass,decimalLatitude,decimalLongitude,geodeticDatum,coordinateUncertainty,elevation,elevationUncertainty,collectDate,eventID,sampleID,sampleCode,samplingMethod,totalSampledArea,targetTaxaPresent,adultCount,nymphCount,larvaCount,sampleCondition,samplingProtocolVersion,measuredBy,remarks
"47e73d23-9843-4465-ae0c-d4468ba87b0c","KONZ_002.tickPlot.tck","D06","KONZ","KONZ_002","distributed","grasslandHerbaceous",39.118977,-96.547146,"WGS84",20.0,394.4,0.0,"2016-08-18T12:43Z","KONZ.2016.33","KONZ_002.20160818",,"drag and flag",80,"Y",0,0,16,"No known compromise","NEON.DOC.014045vG","62Mazf0BSE5dDlxfIR32DemoNx72dBy7","Used both RNA buffer and ethanol"
"979fc35c-f2ec-490e-8e82-51d88eb6dc0c","KONZ_004.tickPlot.tck","D06","KONZ","KONZ_004","distributed","grasslandHerbaceous",39.109647,-96.551370,"WGS84",20.0,371.9,0.0,"2016-08-18T13:55Z","KONZ.2016.33",,,"drag",80,"N",0,0,0,"No known compromise","NEON.DOC.014045vG","fGNQi10tuSaT85ySoLLlkEg4DsEqwVGv",
"21c19045-d65f-42d0-aec1-c31fecb205e4","KONZ_007.tickPlot.tck","D06","KONZ","KONZ_007","distributed","grasslandHerbaceous",39.087937,-96.545919,"WGS84",20.1,434.0,0.1,"2016-08-18T14:48Z","KONZ.2016.33",,,"drag and flag",80,"N",0,0,0,"No known compromise","NEON.DOC.014045vG","62Mazf0BSE5dDlxfIR32DemoNx72dBy7",
"2eaed0fb-1e05-4598-991c-354970d57549","KONZ_001.tickPlot.tck","D06","KONZ","KONZ_001","distributed","grasslandHerbaceous",39.074114,-96.557107,"WGS84",20.0,423.7,0.0,"2016-08-18T15:27Z","KONZ.2016.33",,,"drag",80,"N",0,0,0,"No known compromise","NEON.DOC.014045vG","fGNQi10tuSaT85ySoLLlkEg4DsEqwVGv",
"cc162101-579b-49e5-9dd6-46ba13e4aff2","KONZ_009.tickPlot.tck","D06","KONZ","KONZ_009","distributed","grasslandHerbaceous",39.107902,-96.584438,"WGS84",20.1,391.9,0.1,"2016-08-18T17:10Z","KONZ.2016.33",,,"drag",80,"N",0,0,0,"No known compromise","NEON.DOC.014045vG","fGNQi10tuSaT85ySoLLlkEg4DsEqwVGv",
"fac0857a-e605-4136-81f7-9ab4aeccf136","KONZ_025.tickPlot.tck","D06","KONZ","KONZ_025","distributed","deciduousForest",39.103714,-96.597832,"WGS84",20.1,337.3,0.1,"2016-08-18T18:05Z","KONZ.2016.33","KONZ_025.20160818",,"drag",80,"Y",1,3,976,"No known compromise","NEON.DOC.014045vG","fGNQi10tuSaT85ySoLLlkEg4DsEqwVGv","Spilled tray when counting, lost a few larval ticks"
