uid,namedLocation,domainID,siteID,plotID,plotType,nlcdClass,decimalLatitude,decimalLongitude,geodeticDatum,coordinateUncertainty,elevation,elevationUncertainty,collectDate,eventID,sampleID,sampleCode,samplingMethod,totalSampledArea,targetTaxaPresent,adultCount,nymphCount,larvaCount,sampleCondition,samplingProtocolVersion,measuredBy,remarks
"43bb3a30-e5ab-4def-b9d4-41b9f65e8d81","KONZ_002.tickPlot.tck","D06","KONZ","KONZ_002","distributed","grasslandHerbaceous",39.118977,-96.547146,"WGS84",20.0,394.4,0.0,"2016-07-07T07:00Z","KONZ.2016.27","KONZ_002.20160707",,"drag and flag",160,"Y",3,0,0,"No known compromise","NEON.DOC.014045vG","asla+bxtaeNcz6OySAThxEhfRzp1xz36",
"d82b9c99-0fef-4260-a9aa-2afaeed61f7a","KONZ_009.tickPlot.tck","D06","KONZ","KONZ_009","distributed","grasslandHerbaceous",39.107902,-96.584438,"WGS84",20.1,391.9,0.1,"2016-07-07T16:16Z","KONZ.2016.27",,,"drag",160,"N",0,0,0,"No known compromise","NEON.DOC.014045vG","asla+bxtaeNcz6OySAThxEhfRzp1xz36",
"04b9a606-7bfa-4d95-970d-6f480e657a3c","KONZ_025.tickPlot.tck","D06","KONZ","KONZ_025","distributed","deciduousForest",39.103714,-96.597832,"WGS84",20.1,337.3,0.1,"2016-07-07T17:06Z","KONZ.2016.27","KONZ_025.20160707",,"drag and flag",160,"Y",1,21,0,"No known compromise","NEON.DOC.014045vG","asla+bxtaeNcz6OySAThxEhfRzp1xz36","Spilled part art of vial from first 80 meters, lost some ticks. 16 nymph 1 adult left in vial"
"fed5e77f-f77e-4176-846a-749378f097a8","KONZ_004.tickPlot.tck","D06","KONZ","KONZ_004","distributed","grasslandHerbaceous",39.109647,-96.551370,"WGS84",20.0,371.9,0.0,"2016-07-07T20:09Z","KONZ.2016.27",,,"drag",160,"N",0,0,0,"No known compromise","NEON.DOC.014045vG","asla+bxtaeNcz6OySAThxEhfRzp1xz36",
"2002fbb9-a7df-4d78-9b97-07217f909ac1","KONZ_007.tickPlot.tck","D06","KONZ","KONZ_007","distributed","grasslandHerbaceous",39.087937,-96.545919,"WGS84",20.1,434.0,0.1,"2016-07-08T13:50Z","KONZ.2016.27",,,"drag",160,"N",0,0,0,"No known compromise","NEON.DOC.014045vG","fGNQi10tuSaT85ySoLLlkEg4DsEqwVGv",
"26d721b2-c2c9-45dc-8a74-58ed3ab5ee33","KONZ_001.tickPlot.tck","D06","KONZ","KONZ_001","distributed","grasslandHerbaceous",39.074114,-96.557107,"WGS84",20.0,423.7,0.0,"2016-07-08T14:36Z","KONZ.2016.27","KONZ_001.20160708",,"drag",160,"Y",1,3,0,"No known compromise","NEON.DOC.014045vG","fGNQi10tuSaT85ySoLLlkEg4DsEqwVGv",
"0d1e10d2-7841-434b-bdf1-ae5679171497","KONZ_002.tickPlot.tck","D06","KONZ","KONZ_002","distributed","grasslandHerbaceous",39.118977,-96.547146,"WGS84",20.0,394.4,0.0,"2016-07-28T14:02Z","KONZ.2016.30","KONZ_002.20160728",,"drag and flag",160,"Y",1,4,0,"No known compromise","NEON.DOC.014045vG","fGNQi10tuSaT85ySoLLlkEg4DsEqwVGv",
"3c8adcbd-2eaf-4449-9651-68af3ad40067","KONZ_004.tickPlot.tck","D06","KONZ","KONZ_004","distributed","grasslandHerbaceous",39.109647,-96.551370,"WGS84",20.0,371.9,0.0,"2016-07-28T15:03Z","KONZ.2016.30",,,"flag",160,"N",0,0,0,"No known compromise","NEON.DOC.014045vG","fGNQi10tuSaT85ySoLLlkEg4DsEqwVGv",
"abf56223-aa87-41b6-b425-7cc570963a2a","KONZ_007.tickPlot.tck","D06","KONZ","KONZ_007","distributed","grasslandHerbaceous",39.087937,-96.545919,"WGS84",20.1,434.0,0.1,"2016-07-28T15:51Z","KONZ.2016.30","KONZ_007.20160728",,"drag and flag",160,"Y",1,0,0,"No known compromise","NEON.DOC.014045vG","fGNQi10tuSaT85ySoLLlkEg4DsEqwVGv",
"c4092be4-29b0-4e60-ad8d-01dc30eef1e2","KONZ_001.tickPlot.tck","D06","KONZ","KONZ_001","distributed","grasslandHerbaceous",39.074114,-96.557107,"WGS84",20.0,423.7,0.0,"2016-07-28T16:27Z","KONZ.2016.30",,,"drag",160,"N",0,0,0,"No known compromise","NEON.DOC.014045vG","fGNQi10tuSaT85ySoLLlkEg4DsEqwVGv",
"5f7eeddb-9417-4c0b-9fbe-2419dcc1e6a9","KONZ_009.tickPlot.tck","D06","KONZ","KONZ_009","distributed","grasslandHerbaceous",39.107902,-96.584438,"WGS84",20.1,391.9,0.1,"2016-07-28T17:45Z","KONZ.2016.30",,,"drag",160,"N",0,0,0,"No known compromise","NEON.DOC.014045vG","fGNQi10tuSaT85ySoLLlkEg4DsEqwVGv",
"9ae374d6-ced6-4767-8444-aa2b79a16b43","KONZ_025.tickPlot.tck","D06","KONZ","KONZ_025","distributed","deciduousForest",39.103714,-96.597832,"WGS84",20.1,337.3,0.1,"2016-07-28T18:28Z","KONZ.2016.30","KONZ_025.20160728",,"flag",160,"Y",2,11,532,"No known compromise","NEON.DOC.014045vG","fGNQi10tuSaT85ySoLLlkEg4DsEqwVGv","Larval ticks stored in ethanol and transferred to RNA solution"
