uid,namedLocation,domainID,siteID,plotID,plotType,nlcdClass,decimalLatitude,decimalLongitude,geodeticDatum,coordinateUncertainty,elevation,elevationUncertainty,collectDate,eventID,sampleID,sampleCode,samplingMethod,totalSampledArea,targetTaxaPresent,adultCount,nymphCount,larvaCount,sampleCondition,samplingProtocolVersion,measuredBy,remarks
"f3e1efca-99ae-44cd-aeb0-aab372549796","JORN_006.tickPlot.tck","D14","JORN","JORN_006","distributed","shrubScrub",32.591754,-106.825128,"WGS84",20.1,1323.4,0.1,"2017-10-09T15:50Z","JORN.2017.42",,,"drag and flag",125,"N",0,0,0,,"NEON.DOC.014045vH","Sf6Yo6UV2y4IqBxH2CIvxtTGM+hWRbt0qlTMKiAoDAg=","Added 5 meters"
"a19fb964-9a74-4f9f-ace9-afb1b34dc2b8","JORN_003.tickPlot.tck","D14","JORN","JORN_003","distributed","shrubScrub",32.599768,-106.839372,"WGS84",20.1,1321.1,0.1,"2017-10-09T16:02Z","JORN.2017.42",,,"drag and flag",114,"N",0,0,0,,"NEON.DOC.014045vH","47fmII3dmbwIJec1dxdwyBiGTksx4UMrFdhMVXVxQHE=",
"27e469d9-a5a7-47fd-8eeb-27d2348b809d","JORN_005.tickPlot.tck","D14","JORN","JORN_005","distributed","shrubScrub",32.575619,-106.801784,"WGS84",20.1,1324.8,0.2,"2017-10-09T18:40Z","JORN.2017.42",,,"drag and flag",119,"N",0,0,0,,"NEON.DOC.014045vH","u3HxlUyvicQZN3Mh3mzCP4F/ydRVnyGOI11eQPILJdg=","Went out 1 meter"
"31029b84-29dd-46fa-aaf0-ce74f3cf105d","JORN_004.tickPlot.tck","D14","JORN","JORN_004","distributed","shrubScrub",32.629997,-106.859194,"WGS84",20.1,1332.6,0.1,"2017-10-24T14:56Z","JORN.2017.44",,,"drag and flag",168,"N",0,0,0,,"NEON.DOC.014045vH","nPBZ+B+5X4hzdVtPaIDuEwRkQDbWAwxzsxisJxfusQA=",
"6d9876e6-2f90-4ac9-b3d9-5a48a596f7ba","JORN_002.tickPlot.tck","D14","JORN","JORN_002","distributed","shrubScrub",32.612341,-106.827225,"WGS84",20.1,1328.9,0.1,"2017-10-24T16:24Z","JORN.2017.44",,,"drag and flag",164,"N",0,0,0,,"NEON.DOC.014045vH","lsU4too6NAvY4mqV5RUtvoTRsUqrSfixwSQj6bsBvL0=",
"47aa8977-6888-4c3a-b64a-aac89c3614bc","JORN_001.tickPlot.tck","D14","JORN","JORN_001","distributed","shrubScrub",32.603710,-106.801348,"WGS84",20.1,1323.4,0.1,"2017-10-24T18:10Z","JORN.2017.44",,,"drag and flag",164,"N",0,0,0,,"NEON.DOC.014045vH","lsU4too6NAvY4mqV5RUtvoTRsUqrSfixwSQj6bsBvL0=",
