uid,namedLocation,domainID,siteID,plotID,plotType,nlcdClass,decimalLatitude,decimalLongitude,geodeticDatum,coordinateUncertainty,elevation,elevationUncertainty,collectDate,eventID,sampleID,sampleCode,samplingMethod,totalSampledArea,targetTaxaPresent,adultCount,nymphCount,larvaCount,sampleCondition,samplingProtocolVersion,measuredBy,remarks
"5211c1c7-307f-43c4-b406-7e3a4ede9f72","HARV_006.tickPlot.tck","D01","HARV","HARV_006","distributed","deciduousForest",42.401938,-72.252716,"WGS84",20.2,190.4,0.3,"2016-08-18T13:11Z","HARV.2016.33","HARV_006.20160818",,"drag and flag",160,"Y",0,0,6,"No known compromise","NEON.DOC.014045vG","nJ5SLjmo9KloJvxdkZwGIuojNiVtvG/wqD3cm8OvTBY=",
"3d21bbea-ef2f-468a-b1f4-01ee50ed8404","HARV_026.tickPlot.tck","D01","HARV","HARV_026","distributed","evergreenForest",42.412068,-72.246529,"WGS84",20.2,185.7,0.3,"2016-08-18T13:56Z","HARV.2016.33","HARV_026.20160818",,"drag and flag",160,"Y",0,2,0,"No known compromise","NEON.DOC.014045vG","nJ5SLjmo9KloJvxdkZwGIuojNiVtvG/wqD3cm8OvTBY=",
"e49d9591-0bca-4a28-91aa-7db57dbf2abb","HARV_001.tickPlot.tck","D01","HARV","HARV_001","distributed","deciduousForest",42.424227,-72.260097,"WGS84",20.2,201.1,0.3,"2016-08-18T15:00Z","HARV.2016.33","HARV_001.20160818",,"drag and flag",160,"Y",0,1,80,"No known compromise","NEON.DOC.014045vG","nJ5SLjmo9KloJvxdkZwGIuojNiVtvG/wqD3cm8OvTBY=",
"1de21e65-31bd-45e7-9862-e84742a8c2dd","HARV_020.tickPlot.tck","D01","HARV","HARV_020","distributed","woodyWetlands",42.438157,-72.228923,"WGS84",20.2,228.3,0.3,"2016-08-18T17:00Z","HARV.2016.33","HARV_020.20160818",,"drag and flag",160,"Y",0,1,5,"No known compromise","NEON.DOC.014045vG","f0WbTzqCaGuNJkdjhlghxfnm7EbghhkV",
"c1c49a95-bf6a-43f7-8c04-14461e057d02","HARV_004.tickPlot.tck","D01","HARV","HARV_004","distributed","mixedForest",42.426878,-72.227943,"WGS84",20.3,185.9,0.3,"2016-08-18T17:40Z","HARV.2016.33","HARV_004.20160818",,"drag and flag",160,"Y",0,1,5,"No known compromise","NEON.DOC.014045vG","f0WbTzqCaGuNJkdjhlghxfnm7EbghhkV",
"b3dab546-4d62-460d-af78-8b862b91b1f0","HARV_022.tickPlot.tck","D01","HARV","HARV_022","distributed","evergreenForest",42.435462,-72.199291,"WGS84",20.3,186.3,0.3,"2016-08-18T18:26Z","HARV.2016.33","HARV_022.20160818",,"drag and flag",160,"Y",0,2,452,"No known compromise","NEON.DOC.014045vG","f0WbTzqCaGuNJkdjhlghxfnm7EbghhkV",
