uid,namedLocation,plotID,collectDate,identifiedDate,sampleID,subsampleID,scientificName,acceptedTaxonID,taxonRank,family,subfamily,tribe,subtribe,genus,subgenus,specificEpithet,infraspecificEpithet,identificationQualifier,identificationReferences,identificationProtocolVersion,scientificNameAuthorship,sexOrAge,individualCount,sampleCondition,archiveMedium,archiveFacilityID,deprecatedVialID,identifiedBy,laboratoryName,remarks
"0df2c8e7-658f-4d29-86f6-494047bbbb92","HARV_006.tickPlot.tck","HARV_006","2016-08-18T13:11Z","2017-03-15T16:00Z","HARV_006.20160818","HARV_006.20160818.IXOSP.L","Ixodidae sp.","IXOSP","family","Ixodidae",,,,,,"sp.",,,,"GSU_tickIdentification_SOP_2016-11-01.pdf",,"Larva",1,"OK","RNA stabilization buffer","USNMENT00984064","HARV_006.20160818.01.L","Guy Hobbs","Georgia Southern University",
"1291e017-acd4-4be3-a578-fd10f2f0ca56","HARV_026.tickPlot.tck","HARV_026","2016-08-18T13:56Z","2017-03-15T16:00Z","HARV_026.20160818","HARV_026.20160818.IXOSCA.N","Ixodes scapularis","IXOSCA","species","Ixodidae",,,,"Ixodes",,"scapularis",,,"Cooley, R. A. and G. M. Kohls. 1945. The genus Ixodes in North America. National Institute of Health Bulletin, 184.","GSU_tickIdentification_SOP_2016-11-01.pdf","Say","Nymph",2,"OK","RNA stabilization buffer","USNMENT00984067","HARV_026.20160818.01.IXOSCA.N","Lorenza Beati","Georgia Southern University",
"6e21a656-545a-4eef-8f24-6eeec7f0adfa","HARV_001.tickPlot.tck","HARV_001","2016-08-18T15:00Z","2017-03-15T16:00Z","HARV_001.20160818","HARV_001.20160818.IXOSCA.N","Ixodes scapularis","IXOSCA","species","Ixodidae",,,,"Ixodes",,"scapularis",,,"Cooley, R. A. and G. M. Kohls. 1945. The genus Ixodes in North America. National Institute of Health Bulletin, 184.","GSU_tickIdentification_SOP_2016-11-01.pdf","Say","Nymph",1,"OK","RNA stabilization buffer","USNMENT00984060","HARV_001.20160818.01.IXOSCA.N","Lorenza Beati","Georgia Southern University",
"2123d68e-c9da-45c0-bb36-82dc15c9bdfc","HARV_001.tickPlot.tck","HARV_001","2016-08-18T15:00Z","2017-03-15T16:00Z","HARV_001.20160818","HARV_001.20160818.IXOSP.L","Ixodidae sp.","IXOSP","family","Ixodidae",,,,,,"sp.",,,,"GSU_tickIdentification_SOP_2016-11-01.pdf",,"Larva",1,"OK","RNA stabilization buffer","USNMENT00984061","HARV_001.20160818.01.L","Guy Hobbs","Georgia Southern University",
"697519dd-0ae7-43b6-903f-6404af4d3d9d","HARV_020.tickPlot.tck","HARV_020","2016-08-18T17:00Z","2017-03-15T16:00Z","HARV_020.20160818","HARV_020.20160818.IXOSP.L","Ixodidae sp.","IXOSP","family","Ixodidae",,,,,,"sp.",,,,"GSU_tickIdentification_SOP_2016-11-01.pdf",,"Larva",1,"OK","RNA stabilization buffer","USNMENT00984063","HARV_020.20160818.01.L","Guy Hobbs","Georgia Southern University",
"f7e692b3-ab05-4c15-9954-5509fa1b8124","HARV_020.tickPlot.tck","HARV_020","2016-08-18T17:00Z","2017-03-15T16:00Z","HARV_020.20160818","HARV_020.20160818.IXOSCA.N","Ixodes scapularis","IXOSCA","species","Ixodidae",,,,"Ixodes",,"scapularis",,,"Cooley, R. A. and G. M. Kohls. 1945. The genus Ixodes in North America. National Institute of Health Bulletin, 184.","GSU_tickIdentification_SOP_2016-11-01.pdf","Say","Nymph",1,"OK","RNA stabilization buffer","USNMENT00984062","HARV_020.20160818.01.IXOSCA.N","Lorenza Beati","Georgia Southern University",
"7c89d1ca-643b-4db5-8ef2-02da0c96c954","HARV_004.tickPlot.tck","HARV_004","2016-08-18T17:40Z","2017-03-15T16:00Z","HARV_004.20160818","HARV_004.20160818.IXOSP.L","Ixodidae sp.","IXOSP","family","Ixodidae",,,,,,"sp.",,,,"GSU_tickIdentification_SOP_2016-11-01.pdf",,"Larva",1,"OK","RNA stabilization buffer","USNMENT00984068","HARV_004.20160818.01.L","Guy Hobbs","Georgia Southern University",
"3d2a3e13-8ff8-4068-a1a3-1659d6d89b1b","HARV_004.tickPlot.tck","HARV_004","2016-08-18T17:40Z","2017-03-15T16:00Z","HARV_004.20160818","HARV_004.20160818.IXOSCA.N","Ixodes scapularis","IXOSCA","species","Ixodidae",,,,"Ixodes",,"scapularis",,,"Cooley, R. A. and G. M. Kohls. 1945. The genus Ixodes in North America. National Institute of Health Bulletin, 184.","GSU_tickIdentification_SOP_2016-11-01.pdf","Say","Nymph",1,"OK","RNA stabilization buffer","USNMENT00984069","HARV_004.20160818.01.IXOSCA.N","Lorenza Beati","Georgia Southern University",
