uid,namedLocation,domainID,siteID,plotID,plotType,nlcdClass,decimalLatitude,decimalLongitude,geodeticDatum,coordinateUncertainty,elevation,elevationUncertainty,collectDate,eventID,sampleID,sampleCode,samplingMethod,totalSampledArea,targetTaxaPresent,adultCount,nymphCount,larvaCount,sampleCondition,samplingProtocolVersion,measuredBy,remarks
"c0409bcd-f06a-4092-86ed-39e25765e25d","WOOD_024.tickPlot.tck","D09","WOOD","WOOD_024","distributed","emergentHerbaceousWetlands",47.150784,-99.260836,"WGS84",20.1,586.1,0.2,"2018-09-13T16:12Z","WOOD.2018.37",,,"flag",160,"N",0,0,0,,"NEON.DOC.014045vJ","Z69tjmbbf+Yh2IC/GcCabe9MQTjYeG7xbP79Ui/1J5I=",
"82f2c444-47d8-4cd9-9697-41cfd65b9067","WOOD_009.tickPlot.tck","D09","WOOD","WOOD_009","distributed","grasslandHerbaceous",47.144534,-99.231072,"WGS84",20.1,573.5,0.2,"2018-09-13T17:00Z","WOOD.2018.37",,,"drag",160,"N",0,0,0,,"NEON.DOC.014045vJ","Z69tjmbbf+Yh2IC/GcCabe9MQTjYeG7xbP79Ui/1J5I=",
"61f64aa0-1027-4ed4-9bf5-53943ff64eea","WOOD_002.tickPlot.tck","D09","WOOD","WOOD_002","distributed","grasslandHerbaceous",47.136802,-99.234546,"WGS84",20.1,578.3,0.1,"2018-09-13T17:49Z","WOOD.2018.37",,,"drag",160,"N",0,0,0,,"NEON.DOC.014045vJ","Z69tjmbbf+Yh2IC/GcCabe9MQTjYeG7xbP79Ui/1J5I=",
"f1720d7c-3d35-486f-aa2c-4a192a079dc8","WOOD_001.tickPlot.tck","D09","WOOD","WOOD_001","distributed","grasslandHerbaceous",47.127200,-99.256464,"WGS84",20.1,593.8,0.2,"2018-09-13T18:31Z","WOOD.2018.37",,,"drag",160,"N",0,0,0,,"NEON.DOC.014045vJ","Z69tjmbbf+Yh2IC/GcCabe9MQTjYeG7xbP79Ui/1J5I=",
"953aae81-469a-421e-ad1a-ef02765b9dc4","WOOD_007.tickPlot.tck","D09","WOOD","WOOD_007","distributed","grasslandHerbaceous",47.133887,-99.251357,"WGS84",20.4,593.6,0.3,"2018-09-13T19:06Z","WOOD.2018.37",,,"drag and flag",160,"N",0,0,0,,"NEON.DOC.014045vJ","Z69tjmbbf+Yh2IC/GcCabe9MQTjYeG7xbP79Ui/1J5I=",
"11d8dac3-08ac-4b0e-beb1-e61e64719ca5","WOOD_006.tickPlot.tck","D09","WOOD","WOOD_006","distributed","grasslandHerbaceous",47.141023,-99.248055,"WGS84",20.1,587.2,0.1,"2018-09-13T19:34Z","WOOD.2018.37",,,"drag and flag",160,"N",0,0,0,,"NEON.DOC.014045vJ","Z69tjmbbf+Yh2IC/GcCabe9MQTjYeG7xbP79Ui/1J5I=",
