uid,namedLocation,domainID,siteID,plotID,plotType,nlcdClass,decimalLatitude,decimalLongitude,geodeticDatum,coordinateUncertainty,elevation,elevationUncertainty,collectDate,eventID,sampleID,sampleCode,samplingMethod,totalSampledArea,targetTaxaPresent,adultCount,nymphCount,larvaCount,sampleCondition,samplingProtocolVersion,measuredBy,remarks
"a0cce8f5-60cc-442f-9e15-813bc20995d1","DELA_014.tickPlot.tck","D08","DELA","DELA_014","distributed","evergreenForest",32.530627,-87.819367,"WGS84",20.2,33.0,0.2,"2018-08-23T13:45Z","DELA.2018.34",,,"drag",160,"N",0,0,0,,"NEON.DOC.014045vJ","Ty5ktdGiRSqkqUWm9Npw4JAlXmlUMfF/XyCnO5fUs8Q=",
"60573aee-a8f0-4694-b14e-6eff69ba17dc","DELA_008.tickPlot.tck","D08","DELA","DELA_008","distributed","woodyWetlands",32.538884,-87.814145,"WGS84",20.1,24.5,0.2,"2018-08-23T14:29Z","DELA.2018.34","DELA_008.20180823","A00000015263","drag and flag",160,"Y",0,2,0,"No known compromise","NEON.DOC.014045vJ","Ty5ktdGiRSqkqUWm9Npw4JAlXmlUMfF/XyCnO5fUs8Q=",
"c68513aa-50b0-4633-961b-bc8ff125f645","DELA_011.tickPlot.tck","D08","DELA","DELA_011","distributed","woodyWetlands",32.519049,-87.817597,"WGS84",20.2,28.6,0.2,"2018-08-23T14:59Z","DELA.2018.34",,,"drag",160,"N",0,0,0,,"NEON.DOC.014045vJ","BDzq2IAJfRwsrXnG+WJfFzkBkbtaDALAaR+O7WZv4cM=",
"140a41a7-fbe4-4b1f-85fb-081f2bb72d51","DELA_001.tickPlot.tck","D08","DELA","DELA_001","distributed","woodyWetlands",32.533269,-87.805425,"WGS84",20.2,27.5,0.3,"2018-08-23T15:23Z","DELA.2018.34",,,"drag",126,"N",0,0,0,,"NEON.DOC.014045vJ","VlGS9knfep4oIPmMdzrYPvhmhmcAnEWcmbTWayWKGyM=","NW corner of plot flooded"
"93669f76-d549-4d40-a3d4-68d9ae7a554e","DELA_005.tickPlot.tck","D08","DELA","DELA_005","distributed","woodyWetlands",32.524379,-87.813851,"WGS84",20.1,27.0,0.3,"2018-08-23T16:01Z","DELA.2018.34",,,"drag and flag",160,"N",0,0,0,,"NEON.DOC.014045vJ","BDzq2IAJfRwsrXnG+WJfFzkBkbtaDALAaR+O7WZv4cM=",
"80cf5c84-d85e-4b24-800f-a5623b3bd75b","DELA_004.tickPlot.tck","D08","DELA","DELA_004","distributed","woodyWetlands",32.531063,-87.813123,"WGS84",20.2,24.4,0.4,"2018-08-23T16:32Z","DELA.2018.34",,,"drag",159,"N",0,0,0,,"NEON.DOC.014045vJ","BDzq2IAJfRwsrXnG+WJfFzkBkbtaDALAaR+O7WZv4cM=",
