uid,namedLocation,domainID,siteID,plotID,plotType,nlcdClass,decimalLatitude,decimalLongitude,geodeticDatum,coordinateUncertainty,elevation,elevationUncertainty,collectDate,eventID,sampleID,sampleCode,samplingMethod,totalSampledArea,targetTaxaPresent,adultCount,nymphCount,larvaCount,sampleCondition,samplingProtocolVersion,measuredBy,remarks
"217f4be5-886d-4695-9cc7-31d1ddc27d73","DCFS_004.tickPlot.tck","D09","DCFS","DCFS_004","distributed","grasslandHerbaceous",47.171933,-99.053166,"WGS84",20.2,505.0,0.8,"2018-09-17T14:37Z","DCFS.2018.38",,,"drag",160,"N",0,0,0,,"NEON.DOC.014045vJ","1cKKWBegdXd3XTLCQDj8XQBzY4nMiWUz8d+l9IasVs0=",
"803eda3a-5206-4498-975f-6ad10386a6d9","DCFS_007.tickPlot.tck","D09","DCFS","DCFS_007","distributed","grasslandHerbaceous",47.162946,-99.113801,"WGS84",20.1,567.7,0.2,"2018-09-17T15:21Z","DCFS.2018.38",,,"drag",160,"N",0,0,0,,"NEON.DOC.014045vJ","p2IeEZ6Mrv+J6t+1zZEAlLXcY2vK0HXqvY1L1cp8Ajg=",
"1005f838-b810-4df6-a28a-ebd4887dc5a8","DCFS_010.tickPlot.tck","D09","DCFS","DCFS_010","distributed","grasslandHerbaceous",47.209874,-99.173926,"WGS84",20.1,578.4,0.2,"2018-09-17T16:27Z","DCFS.2018.38",,,"drag",160,"N",0,0,0,,"NEON.DOC.014045vJ","1cKKWBegdXd3XTLCQDj8XQBzY4nMiWUz8d+l9IasVs0=",
"01e97afa-08ce-4482-bb58-e69801fb07af","DCFS_001.tickPlot.tck","D09","DCFS","DCFS_001","distributed","grasslandHerbaceous",47.209008,-99.165875,"WGS84",20.2,575.5,0.3,"2018-09-17T17:02Z","DCFS.2018.38",,,"drag",160,"N",0,0,0,,"NEON.DOC.014045vJ","p2IeEZ6Mrv+J6t+1zZEAlLXcY2vK0HXqvY1L1cp8Ajg=",
"0c544c8d-eff5-4ae4-a6e8-abcfdcaa6ec7","DCFS_005.tickPlot.tck","D09","DCFS","DCFS_005","distributed","grasslandHerbaceous",47.199469,-99.166739,"WGS84",20.1,564.6,0.1,"2018-09-17T17:48Z","DCFS.2018.38",,,"drag and flag",160,"N",0,0,0,,"NEON.DOC.014045vJ","1cKKWBegdXd3XTLCQDj8XQBzY4nMiWUz8d+l9IasVs0=",
"9eaa03a8-a586-4ac5-8c8d-30028047056d","DCFS_003.tickPlot.tck","D09","DCFS","DCFS_003","distributed","grasslandHerbaceous",47.207478,-99.183538,"WGS84",20.1,591.2,0.2,"2018-09-17T18:45Z","DCFS.2018.38",,,"drag and flag",160,"N",0,0,0,,"NEON.DOC.014045vJ","1cKKWBegdXd3XTLCQDj8XQBzY4nMiWUz8d+l9IasVs0=",
