uid,namedLocation,domainID,siteID,plotID,plotType,nlcdClass,decimalLatitude,decimalLongitude,geodeticDatum,coordinateUncertainty,elevation,elevationUncertainty,collectDate,eventID,sampleID,sampleCode,samplingMethod,totalSampledArea,targetTaxaPresent,adultCount,nymphCount,larvaCount,sampleCondition,samplingProtocolVersion,measuredBy,remarks
"4793a9ec-34b2-40cc-aba5-8885c57e3c95","HARV_022.tickPlot.tck","D01","HARV","HARV_022","distributed","evergreenForest",42.435462,-72.199291,"WGS84",20.3,186.3,0.3,"2016-09-08T12:25Z","HARV.2016.36",,,"drag",160,"N",0,0,0,"No known compromise","NEON.DOC.014045vG","/PQLg4xSyvY/C0l9NeCPJmfdKfB/PF5p",
"f8d53bbe-2f49-41c3-b428-c7d218644355","HARV_006.tickPlot.tck","D01","HARV","HARV_006","distributed","deciduousForest",42.401938,-72.252716,"WGS84",20.2,190.4,0.3,"2016-09-08T13:39Z","HARV.2016.36",,,"drag",160,"N",0,0,0,"No known compromise","NEON.DOC.014045vG","s4LYlYd4IKjECPyWRpmGA5yPYSQhQ+2d",
"2984a022-d620-4692-9514-853d29cb3fca","HARV_026.tickPlot.tck","D01","HARV","HARV_026","distributed","evergreenForest",42.412068,-72.246529,"WGS84",20.2,185.7,0.3,"2016-09-08T14:15Z","HARV.2016.36",,,"drag and flag",160,"N",0,0,0,"No known compromise","NEON.DOC.014045vG","/PQLg4xSyvY/C0l9NeCPJmfdKfB/PF5p",
"2ae88812-a998-4e70-b745-0d5f3b682c00","HARV_001.tickPlot.tck","D01","HARV","HARV_001","distributed","deciduousForest",42.424227,-72.260097,"WGS84",20.2,201.1,0.3,"2016-09-08T15:53Z","HARV.2016.36",,,"drag",160,"N",0,0,0,"No known compromise","NEON.DOC.014045vG","s4LYlYd4IKjECPyWRpmGA5yPYSQhQ+2d",
"a596f1db-a152-46ed-a2e1-5c6a7285aa5d","HARV_004.tickPlot.tck","D01","HARV","HARV_004","distributed","mixedForest",42.426878,-72.227943,"WGS84",20.3,185.9,0.3,"2016-09-08T17:00Z","HARV.2016.36",,,"drag",160,"N",0,0,0,"No known compromise","NEON.DOC.014045vG","/PQLg4xSyvY/C0l9NeCPJmfdKfB/PF5p",
"cd003f67-6acc-486b-880d-e41c20867e53","HARV_020.tickPlot.tck","D01","HARV","HARV_020","distributed","woodyWetlands",42.438157,-72.228923,"WGS84",20.2,228.3,0.3,"2016-09-08T17:53Z","HARV.2016.36","HARV_020.20160908",,"drag",160,"Y",0,1,0,"No known compromise","NEON.DOC.014045vG","s4LYlYd4IKjECPyWRpmGA5yPYSQhQ+2d",
"6baea5df-70a8-4dc7-a2ad-1a015c8cc3a8","HARV_022.tickPlot.tck","D01","HARV","HARV_022","distributed","evergreenForest",42.435462,-72.199291,"WGS84",20.3,186.3,0.3,"2016-09-29T12:17Z","HARV.2016.39",,,"drag and flag",80,"N",0,0,0,"No known compromise","NEON.DOC.014045vG","b2sefMLliJCkO7SpvYfxceoIH8TeWR8d",
"c733417f-70af-4d8b-a975-bd00f6c6fff1","HARV_004.tickPlot.tck","D01","HARV","HARV_004","distributed","mixedForest",42.426878,-72.227943,"WGS84",20.3,185.9,0.3,"2016-09-29T13:12Z","HARV.2016.39",,,"drag and flag",80,"N",0,0,0,"No known compromise","NEON.DOC.014045vG","/PQLg4xSyvY/C0l9NeCPJmfdKfB/PF5p",
"0218625f-947f-4303-851c-744a8c7f2d05","HARV_020.tickPlot.tck","D01","HARV","HARV_020","distributed","woodyWetlands",42.438157,-72.228923,"WGS84",20.2,228.3,0.3,"2016-09-29T13:49Z","HARV.2016.39",,,"drag and flag",80,"N",0,0,0,"No known compromise","NEON.DOC.014045vG","/PQLg4xSyvY/C0l9NeCPJmfdKfB/PF5p",
"5d83e115-5f5f-4b67-988b-ca2ec5e9742c","HARV_001.tickPlot.tck","D01","HARV","HARV_001","distributed","deciduousForest",42.424227,-72.260097,"WGS84",20.2,201.1,0.3,"2016-09-29T14:36Z","HARV.2016.39",,,"drag and flag",80,"N",0,0,0,"No known compromise","NEON.DOC.014045vG","b2sefMLliJCkO7SpvYfxceoIH8TeWR8d",
"f1eba030-b239-4aae-a087-9ced2956c0bc","HARV_026.tickPlot.tck","D01","HARV","HARV_026","distributed","evergreenForest",42.412068,-72.246529,"WGS84",20.2,185.7,0.3,"2016-09-29T15:19Z","HARV.2016.39",,,"drag and flag",80,"N",0,0,0,"No known compromise","NEON.DOC.014045vG","/PQLg4xSyvY/C0l9NeCPJmfdKfB/PF5p",
"a967a927-d940-41f1-b528-8753bba841c1","HARV_006.tickPlot.tck","D01","HARV","HARV_006","distributed","deciduousForest",42.401938,-72.252716,"WGS84",20.2,190.4,0.3,"2016-09-29T15:49Z","HARV.2016.39",,,"drag and flag",80,"N",0,0,0,"No known compromise","NEON.DOC.014045vG","b2sefMLliJCkO7SpvYfxceoIH8TeWR8d",
