uid,namedLocation,domainID,siteID,plotID,plotType,nlcdClass,decimalLatitude,decimalLongitude,geodeticDatum,coordinateUncertainty,elevation,elevationUncertainty,collectDate,eventID,sampleID,sampleCode,samplingMethod,totalSampledArea,targetTaxaPresent,adultCount,nymphCount,larvaCount,sampleCondition,samplingProtocolVersion,measuredBy,remarks
"2fb7fcba-10e4-4da6-b6f7-3e519c76e707","DSNY_005.tickPlot.tck","D03","DSNY","DSNY_005","distributed","woodyWetlands",28.040497,-81.394482,"WGS84",20.1,16.6,0.1,"2017-06-14T12:45Z","DSNY.2017.25",,,"drag and flag",160,"N",0,0,0,,"NEON.DOC.014045vH","PbNu4t/t/O1BAZriMiaA3VbsZD9KatgX",
"ba1a7167-9f15-4bc1-9c3a-3022cf672850","DSNY_021.tickPlot.tck","D03","DSNY","DSNY_021","distributed","pastureHay",28.053635,-81.392353,"WGS84",20.1,17.1,0.1,"2017-06-14T13:30Z","DSNY.2017.25",,,"drag",164,"N",0,0,0,,"NEON.DOC.014045vH","PbNu4t/t/O1BAZriMiaA3VbsZD9KatgX",
"00201a90-1f87-42e5-92f6-dba09f485390","DSNY_008.tickPlot.tck","D03","DSNY","DSNY_008","distributed","woodyWetlands",28.047337,-81.403204,"WGS84",20.1,18.8,0.1,"2017-06-14T14:08Z","DSNY.2017.25",,,"drag and flag",161,"N",0,0,0,,"NEON.DOC.014045vH","PbNu4t/t/O1BAZriMiaA3VbsZD9KatgX",
"8c1a7f5c-347d-401d-a9ca-ac01e580cf59","DSNY_001.tickPlot.tck","D03","DSNY","DSNY_001","distributed","woodyWetlands",28.098062,-81.418561,"WGS84",20.1,20.3,0.1,"2017-06-14T16:13Z","DSNY.2017.25",,,"drag and flag",175,"N",0,0,0,,"NEON.DOC.014045vH","PbNu4t/t/O1BAZriMiaA3VbsZD9KatgX",
"5cd91560-ac89-453e-bb3a-c75f16990aef","DSNY_006.tickPlot.tck","D03","DSNY","DSNY_006","distributed","woodyWetlands",28.093704,-81.398045,"WGS84",20.1,20.1,0.1,"2017-06-15T12:51Z","DSNY.2017.25",,,"drag and flag",175,"N",0,0,0,,"NEON.DOC.014045vH","PbNu4t/t/O1BAZriMiaA3VbsZD9KatgX",
"51e53d1b-261b-437c-96b6-53e5d8226e37","DSNY_004.tickPlot.tck","D03","DSNY","DSNY_004","distributed","woodyWetlands",28.101022,-81.399501,"WGS84",20.1,18.7,0.1,"2017-06-15T13:27Z","DSNY.2017.25",,,"drag and flag",180,"N",0,0,0,,"NEON.DOC.014045vH","PbNu4t/t/O1BAZriMiaA3VbsZD9KatgX",
