uid,namedLocation,domainID,siteID,plotID,plotType,nlcdClass,decimalLatitude,decimalLongitude,geodeticDatum,coordinateUncertainty,elevation,elevationUncertainty,collectDate,eventID,sampleID,sampleCode,samplingMethod,totalSampledArea,targetTaxaPresent,adultCount,nymphCount,larvaCount,sampleCondition,samplingProtocolVersion,measuredBy,remarks
"7a8dcf79-4736-403e-8e71-45d91d28a107","TREE_019.tickPlot.tck","D05","TREE","TREE_019","distributed","mixedForest",45.494788,-89.575812,"WGS84",20.3,466.2,0.5,"2018-05-07T15:46Z","TREE.2018.19",,,"flag",162,"N",0,0,0,,"NEON.DOC.014045vJ","2Li2TmTZ1dmTCu9unJAMhJSXNkcRpdMMg0Aw45oBndk=",
"e09c83ff-8838-416b-9ec3-140005ffde93","TREE_022.tickPlot.tck","D05","TREE","TREE_022","distributed","evergreenForest",45.494513,-89.551239,"WGS84",20.2,458.4,0.2,"2018-05-07T16:05Z","TREE.2018.19","TREE_022.20180507","A00000008931","drag and flag",156,"Y",3,0,0,"No known compromise","NEON.DOC.014045vJ","PTJV+Na8q5rXlc2VdpDZym+v0CyW08ED+5D+SsP87wo=",
"d50cde90-94f0-4b90-a3cf-3138bbcb30af","TREE_017.tickPlot.tck","D05","TREE","TREE_017","distributed","deciduousForest",45.493376,-89.575729,"WGS84",20.1,466.2,0.2,"2018-05-07T16:41Z","TREE.2018.19","TREE_017.20180507","A00000007210","drag and flag",162,"Y",0,1,0,"No known compromise","NEON.DOC.014045vJ","2Li2TmTZ1dmTCu9unJAMhJSXNkcRpdMMg0Aw45oBndk=",
"46f47c3c-6eb4-444c-b70b-8a2bcab55e75","TREE_015.tickPlot.tck","D05","TREE","TREE_015","distributed","mixedForest",45.485626,-89.554320,"WGS84",20.3,462.1,0.6,"2018-05-07T17:38Z","TREE.2018.19","TREE_015.20180507","A00000008953","drag and flag",160,"Y",1,0,0,"No known compromise","NEON.DOC.014045vJ","PTJV+Na8q5rXlc2VdpDZym+v0CyW08ED+5D+SsP87wo=",
"8de0853f-81e9-495e-9117-62a15518af66","TREE_007.tickPlot.tck","D05","TREE","TREE_007","distributed","deciduousForest",45.496399,-89.559231,"WGS84",20.2,461.3,0.3,"2018-05-07T18:32Z","TREE.2018.19","TREE_007.20180507","A00000001178","flag",160,"Y",1,0,0,"No known compromise","NEON.DOC.014045vJ","2Li2TmTZ1dmTCu9unJAMhJSXNkcRpdMMg0Aw45oBndk=",
"f44e106e-edc6-42c7-89f2-db2e51a2e74c","TREE_005.tickPlot.tck","D05","TREE","TREE_005","distributed","woodyWetlands",45.482307,-89.557299,"WGS84",20.1,447.6,0.2,"2018-05-07T18:42Z","TREE.2018.19","TREE_005.20180507","A00000001171","drag and flag",140,"Y",3,0,0,"No known compromise","NEON.DOC.014045vJ","PTJV+Na8q5rXlc2VdpDZym+v0CyW08ED+5D+SsP87wo=","Very moist ground with some standing water"
"fd0dedc2-ff28-4663-84b5-3ec8ec6a357b","TREE_022.tickPlot.tck","D05","TREE","TREE_022","distributed","evergreenForest",45.494513,-89.551239,"WGS84",20.2,458.4,0.2,"2018-05-29T15:29Z","TREE.2018.22",,,"drag and flag",160,"N",0,0,0,,"NEON.DOC.014045vJ","Yb2Wqz1fmygOWMHKKARTHQj85PWerNY3UT3srpVJIDM=","Burn site"
"bd0f79dc-7cb3-4947-affd-1357429b2a87","TREE_017.tickPlot.tck","D05","TREE","TREE_017","distributed","deciduousForest",45.493376,-89.575729,"WGS84",20.1,466.2,0.2,"2018-05-29T15:50Z","TREE.2018.22","TREE_017.20180529","A00000001180","flag",160,"Y",6,0,2,"No known compromise","NEON.DOC.014045vJ","J4gztqMdLf0q1UA9iNDYKjIDa0NBJAOfeqnAdg1Dr6Q=","1 adult tick was captured and escaped"
"78b29f75-18bc-441c-91b0-af6b2d66381f","TREE_019.tickPlot.tck","D05","TREE","TREE_019","distributed","mixedForest",45.494788,-89.575812,"WGS84",20.3,466.2,0.5,"2018-05-29T16:50Z","TREE.2018.22","TREE_019.20180529","A00000001173","drag and flag",160,"Y",1,0,1,"No known compromise","NEON.DOC.014045vJ","PTJV+Na8q5rXlc2VdpDZym+v0CyW08ED+5D+SsP87wo=",
"5822a85b-c271-4784-b50f-143670322f7b","TREE_015.tickPlot.tck","D05","TREE","TREE_015","distributed","mixedForest",45.485626,-89.554320,"WGS84",20.3,462.1,0.6,"2018-05-29T16:59Z","TREE.2018.22","TREE_015.20180529","A00000007215","drag and flag",160,"Y",4,0,5,"No known compromise","NEON.DOC.014045vJ","Yb2Wqz1fmygOWMHKKARTHQj85PWerNY3UT3srpVJIDM=",
"09b5cb5e-18ed-4f6a-ae26-b8ce30bb365d","TREE_007.tickPlot.tck","D05","TREE","TREE_007","distributed","deciduousForest",45.496399,-89.559231,"WGS84",20.2,461.3,0.3,"2018-05-29T18:13Z","TREE.2018.22","TREE_007.20180529","A00000007200","drag and flag",160,"Y",0,0,2,"No known compromise","NEON.DOC.014045vJ","J4gztqMdLf0q1UA9iNDYKjIDa0NBJAOfeqnAdg1Dr6Q=",
"7a990709-1279-44c5-aecd-abb773f32f4f","TREE_005.tickPlot.tck","D05","TREE","TREE_005","distributed","woodyWetlands",45.482307,-89.557299,"WGS84",20.1,447.6,0.2,"2018-05-29T18:30Z","TREE.2018.22","TREE_005.20180529","A00000007194","drag",160,"Y",1,1,0,"No known compromise","NEON.DOC.014045vJ","Yb2Wqz1fmygOWMHKKARTHQj85PWerNY3UT3srpVJIDM=",
