uid,namedLocation,domainID,siteID,plotID,plotType,nlcdClass,decimalLatitude,decimalLongitude,geodeticDatum,coordinateUncertainty,elevation,elevationUncertainty,collectDate,eventID,sampleID,sampleCode,samplingMethod,totalSampledArea,targetTaxaPresent,adultCount,nymphCount,larvaCount,sampleCondition,samplingProtocolVersion,measuredBy,remarks
"4ac7d5e1-d6fd-4214-a916-798445008b5a","ONAQ_011.tickPlot.tck","D15","ONAQ","ONAQ_011","distributed","shrubScrub",40.152051,-112.455478,"WGS84",20.1,1617.0,0.1,"2018-06-07T14:02Z","ONAQ.2018.23",,,"drag and flag",160,"N",0,0,0,,"NEON.DOC.014045vJ","bJ+RdJEEdT3Ewj2Yv+NqrULBTUGmFo8u8Kb0DCLriE0=",
"fdf6f509-c85f-402e-947d-b597552041df","ONAQ_009.tickPlot.tck","D15","ONAQ","ONAQ_009","distributed","shrubScrub",40.160581,-112.469377,"WGS84",20.1,1668.8,0.1,"2018-06-07T15:51Z","ONAQ.2018.23",,,"drag and flag",160,"N",0,0,0,,"NEON.DOC.014045vJ","bJ+RdJEEdT3Ewj2Yv+NqrULBTUGmFo8u8Kb0DCLriE0=",
"58d8536b-1f5f-49c1-8c8e-e83ae87c58af","ONAQ_023.tickPlot.tck","D15","ONAQ","ONAQ_023","distributed","evergreenForest",40.193985,-112.507206,"WGS84",20.1,1860.6,0.1,"2018-06-07T17:35Z","ONAQ.2018.23",,,"drag and flag",166,"N",0,0,0,,"NEON.DOC.014045vJ","bJ+RdJEEdT3Ewj2Yv+NqrULBTUGmFo8u8Kb0DCLriE0=",
"02706f61-d96d-469b-af06-266ef67c0795","ONAQ_004.tickPlot.tck","D15","ONAQ","ONAQ_004","distributed","shrubScrub",40.187291,-112.471870,"WGS84",,1710.4,,"2018-06-07T19:15Z","ONAQ.2018.23",,,"drag and flag",161,"N",0,0,0,,"NEON.DOC.014045vJ","bJ+RdJEEdT3Ewj2Yv+NqrULBTUGmFo8u8Kb0DCLriE0=",
"b97ebfdc-a695-4c88-8856-4250f4df9d65","ONAQ_016.tickPlot.tck","D15","ONAQ","ONAQ_016","distributed","shrubScrub",40.175449,-112.444448,"WGS84",20.1,1635.3,0.1,"2018-06-07T20:11Z","ONAQ.2018.23",,,"drag and flag",160,"N",0,0,0,,"NEON.DOC.014045vJ","bJ+RdJEEdT3Ewj2Yv+NqrULBTUGmFo8u8Kb0DCLriE0=","Hi"
"02efe498-4210-4d98-9c20-c8ee16a444d2","ONAQ_005.tickPlot.tck","D15","ONAQ","ONAQ_005","distributed","shrubScrub",40.181926,-112.432741,"WGS84",20.1,1617.2,0.1,"2018-06-07T21:30Z","ONAQ.2018.23",,,"drag and flag",160,"N",0,0,0,,"NEON.DOC.014045vJ","bJ+RdJEEdT3Ewj2Yv+NqrULBTUGmFo8u8Kb0DCLriE0=",
