uid,namedLocation,domainID,siteID,plotID,plotType,nlcdClass,decimalLatitude,decimalLongitude,geodeticDatum,coordinateUncertainty,elevation,elevationUncertainty,collectDate,eventID,sampleID,sampleCode,samplingMethod,totalSampledArea,targetTaxaPresent,adultCount,nymphCount,larvaCount,sampleCondition,samplingProtocolVersion,measuredBy,remarks
"0b5285cf-0f62-426a-a316-60766a0b8a9c","HARV_022.tickPlot.tck","D01","HARV","HARV_022","distributed","evergreenForest",42.435462,-72.199291,"WGS84",20.3,186.3,0.3,"2014-09-24T13:48Z","HARV.2014.38","HARV_022.20140924",,"drag and flag",162,"Y",0,4,12,"No known compromise","NEON.DOC.014045vD","jS1gguh4ZmIYu3YcS8ekvA==",
"a3eadd7c-a179-4a26-90d7-725c927ae920","HARV_004.tickPlot.tck","D01","HARV","HARV_004","distributed","mixedForest",42.426878,-72.227943,"WGS84",20.3,185.9,0.3,"2014-09-24T16:08Z","HARV.2014.38","HARV_004.20140924",,"drag and flag",162,"Y",4,1,53,"No known compromise","NEON.DOC.014045vD","jS1gguh4ZmIYu3YcS8ekvA==","QC: No errors EH"
"8100a3e4-f016-4a60-bae2-5ca390b73262","HARV_020.tickPlot.tck","D01","HARV","HARV_020","distributed","woodyWetlands",42.438157,-72.228923,"WGS84",20.2,228.3,0.3,"2014-09-24T18:15Z","HARV.2014.38","HARV_020.20140924",,"drag and flag",162,"Y",0,2,0,"No known compromise","NEON.DOC.014045vD","jS1gguh4ZmIYu3YcS8ekvA==",
"f9b4ff87-fdb5-480b-916a-818f756cf200","HARV_026.tickPlot.tck","D01","HARV","HARV_026","distributed","evergreenForest",42.412068,-72.246529,"WGS84",20.2,185.7,0.3,"2014-09-25T13:26Z","HARV.2014.38","HARV_026.20140925",,"drag and flag",160,"Y",0,0,6,"No known compromise","NEON.DOC.014045vD","iXt4M3loQKBOqiuM/+B7Tw==",
"dc3ac887-1bcf-42c0-a448-102d9ab46f73","HARV_001.tickPlot.tck","D01","HARV","HARV_001","distributed","deciduousForest",42.424227,-72.260097,"WGS84",20.2,201.1,0.3,"2014-09-25T13:45Z","HARV.2014.38",,,"drag and flag",165,"N",0,0,0,,"NEON.DOC.014045vD","/3bcEKq5VKxtZhnURtKeew==",
"ce8a4915-1703-415a-af87-2621c6580f8f","HARV_006.tickPlot.tck","D01","HARV","HARV_006","distributed","deciduousForest",42.401938,-72.252716,"WGS84",20.2,190.4,0.3,"2014-09-25T14:52Z","HARV.2014.38","HARV_006.20140925",,"drag and flag",160,"Y",0,0,5,"No known compromise","NEON.DOC.014045vD","iXt4M3loQKBOqiuM/+B7Tw==",
