uid,namedLocation,plotID,collectDate,identifiedDate,sampleID,subsampleID,scientificName,acceptedTaxonID,taxonRank,family,subfamily,tribe,subtribe,genus,subgenus,specificEpithet,infraspecificEpithet,identificationQualifier,identificationReferences,identificationProtocolVersion,scientificNameAuthorship,sexOrAge,individualCount,sampleCondition,archiveMedium,archiveFacilityID,deprecatedVialID,identifiedBy,laboratoryName,remarks
"a23a50bd-1179-4041-bb3f-6095fd4f0ec9","HARV_022.tickPlot.tck","HARV_022","2014-09-24T13:48Z","2015-09-26T16:00Z","HARV_022.20140924","HARV_022.20140924.IXOSCA.N","Ixodes scapularis","IXOSCA","species","Ixodidae",,,,"Ixodes",,"scapularis",,,"Keirans, J. E., and C. M. Clifford. 1978. The genus Ixodes in the United States: a scanning electron microscope study and key to the adults. Journal of Medical Entomology, 15(Supplement 2):1-38.","GSU_tickIdentification_SOP_2016-11-01.pdf","Say","Nymph",4,"OK","90% ethanol","125434",,"P.Panhorst/L. Beati","Georgia Southern University",
"871ca0f1-2979-490f-8ec9-0f02588e4d04","HARV_004.tickPlot.tck","HARV_004","2014-09-24T16:08Z","2015-09-18T16:00Z","HARV_004.20140924","HARV_004.20140924.IXOSCA.M","Ixodes scapularis","IXOSCA","species","Ixodidae",,,,"Ixodes",,"scapularis",,,"Keirans, J. E., and C. M. Clifford. 1978. The genus Ixodes in the United States: a scanning electron microscope study and key to the adults. Journal of Medical Entomology, 15(Supplement 2):1-38.","GSU_tickIdentification_SOP_2016-11-01.pdf","Say","Male",3,"OK","90% ethanol","125406",,"P.Panhorst/L. Beati","Georgia Southern University",
"6a4c0cac-60e9-42fb-b9b0-e58306aeee66","HARV_004.tickPlot.tck","HARV_004","2014-09-24T16:08Z","2015-09-18T16:00Z","HARV_004.20140924","HARV_004.20140924.DERVAR.M","Dermacentor variabilis","DERVAR","species","Ixodidae",,,,"Dermacentor",,"variabilis",,,"Yunker, C. E., Keirans, J. E., Clifford, C. M., and E. R. Easton. 1986. Dermacentor ticks (Acari: Ixodoidea: Ixodidae) of the New World: a scanning electron microscope atlas. Proceedings of the Entomological Society of Washington, 88(4):609-627.","GSU_tickIdentification_SOP_2016-11-01.pdf","Say","Male",1,"OK","90% ethanol","125405",,"P.Panhorst/L. Beati","Georgia Southern University",
"6ad35ae2-2e98-4bca-bebc-5c720c331aa9","HARV_004.tickPlot.tck","HARV_004","2014-09-24T16:08Z","2015-09-18T16:00Z","HARV_004.20140924","HARV_004.20140924.IXOSCA.N","Ixodes scapularis","IXOSCA","species","Ixodidae",,,,"Ixodes",,"scapularis",,,"Keirans, J. E., and C. M. Clifford. 1978. The genus Ixodes in the United States: a scanning electron microscope study and key to the adults. Journal of Medical Entomology, 15(Supplement 2):1-38.","GSU_tickIdentification_SOP_2016-11-01.pdf","Say","Nymph",1,"OK","90% ethanol","125406",,"P.Panhorst/L. Beati","Georgia Southern University",
"ba0e85ac-747c-4faa-b032-800967fbed8b","HARV_020.tickPlot.tck","HARV_020","2014-09-24T18:15Z","2015-09-26T16:00Z","HARV_020.20140924","HARV_020.20140924.IXOSCA.N","Ixodes scapularis","IXOSCA","species","Ixodidae",,,,"Ixodes",,"scapularis",,,"Keirans, J. E., and C. M. Clifford. 1978. The genus Ixodes in the United States: a scanning electron microscope study and key to the adults. Journal of Medical Entomology, 15(Supplement 2):1-38.","GSU_tickIdentification_SOP_2016-11-01.pdf","Say","Nymph",2,"OK","90% ethanol","125424",,"P.Panhorst/L. Beati","Georgia Southern University",
