uid,namedLocation,date,eventID,domainID,siteID,plotID,subplotID,individualID,tagStatus,growthForm,plantStatus,stemDiameter,measurementHeight,height,baseCrownHeight,breakHeight,breakDiameter,maxCrownDiameter,ninetyCrownDiameter,canopyPosition,shape,basalStemDiameter,basalStemDiameterMsrmntHeight,maxBaseCrownDiameter,ninetyBaseCrownDiameter,remarks,recordedBy,measuredBy,dataQF
"5ba90c8d-36d8-4790-b207-5f31e068a068","CLBJ_046.basePlot.vst","2016-10-11","vst_CLBJ_2016","D11","CLBJ","CLBJ_046",,"NEON.PLA.D11.CLBJ.02561","ok","small tree","Live",9.7,130,5.4,,,,3.7,3.4,,,,,,,,"s0qfufVOE4SuSKa3K+0eH9/2W3pqTiur","LSZWSTVV0z5VZ7oh/S+B0ibtEIfDV0Jl","legacyData"
"c4d6ff31-0d53-4572-aef7-bb3a4eaa0be2","CLBJ_046.basePlot.vst","2016-10-11","vst_CLBJ_2016","D11","CLBJ","CLBJ_046",,"NEON.PLA.D11.CLBJ.02551","ok","single bole tree","Live",11.4,130,5.6,,,,5.0,4.9,"Full shade",,,,,,,"s0qfufVOE4SuSKa3K+0eH9/2W3pqTiur","LSZWSTVV0z5VZ7oh/S+B0ibtEIfDV0Jl","legacyData"
"4af8eec1-cc7a-4f8e-bf8b-5eaf5d4c6a9e","CLBJ_046.basePlot.vst","2016-10-11","vst_CLBJ_2016","D11","CLBJ","CLBJ_046",,"NEON.PLA.D11.CLBJ.02570","ok","sapling","Live,  other damage",,,1.7,,,,,,,,1.2,10,,,"Over crowded","s0qfufVOE4SuSKa3K+0eH9/2W3pqTiur","LSZWSTVV0z5VZ7oh/S+B0ibtEIfDV0Jl","legacyData"
"f2bc458b-bee0-4e05-8b97-6e66efbe3912","CLBJ_046.basePlot.vst","2016-10-11","vst_CLBJ_2016","D11","CLBJ","CLBJ_046",,"NEON.PLA.D11.CLBJ.02597","ok","small tree","Live",1.9,130,3.4,,,,2.5,1.1,,,,,,,,"s0qfufVOE4SuSKa3K+0eH9/2W3pqTiur","LSZWSTVV0z5VZ7oh/S+B0ibtEIfDV0Jl","legacyData"
"c34a3024-0792-4cc5-9f3a-90a0febe02e7","CLBJ_046.basePlot.vst","2016-10-11","vst_CLBJ_2016","D11","CLBJ","CLBJ_046",,"NEON.PLA.D11.CLBJ.01005","ok","single bole tree","Live",27.8,130,10.0,,,,6.1,4.4,"Full sun",,,,,,,"s0qfufVOE4SuSKa3K+0eH9/2W3pqTiur","LSZWSTVV0z5VZ7oh/S+B0ibtEIfDV0Jl","legacyData"
"f205f269-b87a-4a12-84e7-3797ad7ebb32","CLBJ_046.basePlot.vst","2016-10-11","vst_CLBJ_2016","D11","CLBJ","CLBJ_046",,"NEON.PLA.D11.CLBJ.02564","ok","small tree","Live",1.7,130,2.2,,,,1.4,1.3,,,,,,,,"s0qfufVOE4SuSKa3K+0eH9/2W3pqTiur","LSZWSTVV0z5VZ7oh/S+B0ibtEIfDV0Jl","legacyData"
"09f24002-0353-4f81-889e-1dce9d6c1499","CLBJ_046.basePlot.vst","2016-10-11","vst_CLBJ_2016","D11","CLBJ","CLBJ_046",,"NEON.PLA.D11.CLBJ.02595","ok","small tree","Live",3.1,130,2.9,,,,3.0,2.4,,,,,,,,"s0qfufVOE4SuSKa3K+0eH9/2W3pqTiur","LSZWSTVV0z5VZ7oh/S+B0ibtEIfDV0Jl","legacyData"
"ca7252e8-db35-4f90-90fe-273a745cfa2f","CLBJ_046.basePlot.vst","2016-10-11","vst_CLBJ_2016","D11","CLBJ","CLBJ_046",,"NEON.PLA.D11.CLBJ.02563","ok","single bole tree","Live",41.0,130,12.1,,,,12.6,8.2,"Full sun",,,,,,,"s0qfufVOE4SuSKa3K+0eH9/2W3pqTiur","LSZWSTVV0z5VZ7oh/S+B0ibtEIfDV0Jl","legacyData"
"2842482b-2a88-492b-aa6b-5786a456bde3","CLBJ_046.basePlot.vst","2016-10-11","vst_CLBJ_2016","D11","CLBJ","CLBJ_046",,"NEON.PLA.D11.CLBJ.02596","ok","small tree","Live",4.4,130,2.4,,,,3.9,2.8,,,,,,,,"s0qfufVOE4SuSKa3K+0eH9/2W3pqTiur","LSZWSTVV0z5VZ7oh/S+B0ibtEIfDV0Jl","legacyData"
"a9188c38-d937-42c7-8c19-5771b69619e3","CLBJ_046.basePlot.vst","2016-10-11","vst_CLBJ_2016","D11","CLBJ","CLBJ_046",,"NEON.PLA.D11.CLBJ.01001","ok","small tree","Live",1.1,130,2.2,,,,1.4,0.9,,,,,,,,"s0qfufVOE4SuSKa3K+0eH9/2W3pqTiur","LSZWSTVV0z5VZ7oh/S+B0ibtEIfDV0Jl","legacyData"
"45b9d9e6-7fb6-42d1-a1cf-2ecba14df20f","CLBJ_046.basePlot.vst","2016-10-11","vst_CLBJ_2016","D11","CLBJ","CLBJ_046",,"NEON.PLA.D11.CLBJ.02543","ok","sapling","Live",,,1.7,,,,,,,,2.6,10,,,,"s0qfufVOE4SuSKa3K+0eH9/2W3pqTiur","LSZWSTVV0z5VZ7oh/S+B0ibtEIfDV0Jl","legacyData"
"d34e5862-b65d-4d99-a47c-cd9d34567a85","CLBJ_046.basePlot.vst","2016-10-11","vst_CLBJ_2016","D11","CLBJ","CLBJ_046",,"NEON.PLA.D11.CLBJ.02567","ok","small tree","Live",3.2,130,3.0,,,,2.3,2.0,,,,,,,,"s0qfufVOE4SuSKa3K+0eH9/2W3pqTiur","LSZWSTVV0z5VZ7oh/S+B0ibtEIfDV0Jl","legacyData"
"3b88a844-304c-4ea1-abf7-0190f2f8d09f","CLBJ_046.basePlot.vst","2016-10-11","vst_CLBJ_2016","D11","CLBJ","CLBJ_046",,"NEON.PLA.D11.CLBJ.02556","ok","single bole tree","Live",11.5,130,7.8,,,,4.3,3.5,"Full shade",,,,,,,"s0qfufVOE4SuSKa3K+0eH9/2W3pqTiur","LSZWSTVV0z5VZ7oh/S+B0ibtEIfDV0Jl","legacyData"
"9fa1af51-6ec0-476d-8df2-16a0018a42a9","CLBJ_046.basePlot.vst","2016-10-11","vst_CLBJ_2016","D11","CLBJ","CLBJ_046",,"NEON.PLA.D11.CLBJ.02562","ok","sapling","Live",,,1.8,,,,,,,,1.8,10,,,"qc'd by J Barnett 20161227","s0qfufVOE4SuSKa3K+0eH9/2W3pqTiur","LSZWSTVV0z5VZ7oh/S+B0ibtEIfDV0Jl","legacyData"
"0aa23319-0e5a-4bc9-b1f1-1ede5b477179","CLBJ_046.basePlot.vst","2016-10-11","vst_CLBJ_2016","D11","CLBJ","CLBJ_046",,"NEON.PLA.D11.CLBJ.02566","ok","small tree","Live",1.3,130,1.8,,,,1.5,1.1,,,,,,,,"s0qfufVOE4SuSKa3K+0eH9/2W3pqTiur","LSZWSTVV0z5VZ7oh/S+B0ibtEIfDV0Jl","legacyData"
"578144d4-b040-4876-ad30-f8f7ad9d6b29","CLBJ_046.basePlot.vst","2016-10-11","vst_CLBJ_2016","D11","CLBJ","CLBJ_046",,"NEON.PLA.D11.CLBJ.02573","ok","small tree","Live",1.1,130,2.0,,,,1.7,1.6,,,,,,,,"s0qfufVOE4SuSKa3K+0eH9/2W3pqTiur","LSZWSTVV0z5VZ7oh/S+B0ibtEIfDV0Jl","legacyData"
"f1422dfc-a834-4035-bea1-ad1b5d56bf91","CLBJ_046.basePlot.vst","2016-10-11","vst_CLBJ_2016","D11","CLBJ","CLBJ_046",,"NEON.PLA.D11.CLBJ.01003","ok","single bole tree","Live",19.1,130,11.6,,,,6.8,3.4,"Partially shaded",,,,,,,"s0qfufVOE4SuSKa3K+0eH9/2W3pqTiur","LSZWSTVV0z5VZ7oh/S+B0ibtEIfDV0Jl","legacyData"
"10e63451-d8bc-4423-aab1-f14240f2f7c2","CLBJ_046.basePlot.vst","2016-10-11","vst_CLBJ_2016","D11","CLBJ","CLBJ_046",,"NEON.PLA.D11.CLBJ.02538","ok","single bole tree","Live",10.5,130,5.9,,,,4.3,4.0,"Full shade",,,,,,,"s0qfufVOE4SuSKa3K+0eH9/2W3pqTiur","LSZWSTVV0z5VZ7oh/S+B0ibtEIfDV0Jl","legacyData"
"d2425979-4c47-473e-951d-c95945f1843a","CLBJ_046.basePlot.vst","2016-10-11","vst_CLBJ_2016","D11","CLBJ","CLBJ_046",,"NEON.PLA.D11.CLBJ.02535","ok","single bole tree","Live",10.2,130,7.1,,,,5.6,3.7,"Full shade",,,,,,,"s0qfufVOE4SuSKa3K+0eH9/2W3pqTiur","LSZWSTVV0z5VZ7oh/S+B0ibtEIfDV0Jl","legacyData"
"5c0c9c3a-28ef-461c-8212-1692931cdecc","CLBJ_046.basePlot.vst","2016-10-11","vst_CLBJ_2016","D11","CLBJ","CLBJ_046",,"NEON.PLA.D11.CLBJ.02569","ok","small tree","Live",1.5,130,2.3,,,,2.2,1.5,,,,,,,,"s0qfufVOE4SuSKa3K+0eH9/2W3pqTiur","LSZWSTVV0z5VZ7oh/S+B0ibtEIfDV0Jl","legacyData"
"6a7af178-62dc-4fd7-b497-0e7ca5e956b0","CLBJ_046.basePlot.vst","2016-10-11","vst_CLBJ_2016","D11","CLBJ","CLBJ_046",,"NEON.PLA.D11.CLBJ.02592","ok","small tree","Live",6.7,130,4.8,,,,4.3,2.9,,,,,,,,"s0qfufVOE4SuSKa3K+0eH9/2W3pqTiur","LSZWSTVV0z5VZ7oh/S+B0ibtEIfDV0Jl","legacyData"
"9499d06c-55c7-4274-9581-b812c2a4e8ca","CLBJ_046.basePlot.vst","2016-10-11","vst_CLBJ_2016","D11","CLBJ","CLBJ_046",,"NEON.PLA.D11.CLBJ.02554","ok","single bole tree","Live",15.3,130,4.2,,,,3.3,2.6,"Full shade",,,,,,,"s0qfufVOE4SuSKa3K+0eH9/2W3pqTiur","LSZWSTVV0z5VZ7oh/S+B0ibtEIfDV0Jl","legacyData"
"f9893db9-9497-4a33-9935-786804304824","CLBJ_046.basePlot.vst","2016-10-11","vst_CLBJ_2016","D11","CLBJ","CLBJ_046",,"NEON.PLA.D11.CLBJ.02548","ok","sapling","Live",,,1.8,,,,,,,,2.0,10,,,,"s0qfufVOE4SuSKa3K+0eH9/2W3pqTiur","LSZWSTVV0z5VZ7oh/S+B0ibtEIfDV0Jl","legacyData"
"4a40aab9-63b0-41ee-8842-7262b81dabb6","CLBJ_046.basePlot.vst","2016-10-11","vst_CLBJ_2016","D11","CLBJ","CLBJ_046",,"NEON.PLA.D11.CLBJ.02571","ok","single bole tree","Live",11.0,130,5.9,,,,4.2,3.0,"Mostly shaded",,,,,,,"s0qfufVOE4SuSKa3K+0eH9/2W3pqTiur","LSZWSTVV0z5VZ7oh/S+B0ibtEIfDV0Jl","legacyData"
"81ecc0b5-b0c9-45c1-b8af-4295f1d6ff6e","CLBJ_046.basePlot.vst","2016-10-11","vst_CLBJ_2016","D11","CLBJ","CLBJ_046",,"NEON.PLA.D11.CLBJ.02590","ok","single bole tree","Live",17.9,130,8.2,,,,5.4,4.1,"Full sun",,,,,,,"s0qfufVOE4SuSKa3K+0eH9/2W3pqTiur","LSZWSTVV0z5VZ7oh/S+B0ibtEIfDV0Jl","legacyData"
"791c9c59-420e-45e5-b060-7143f2d21367","CLBJ_046.basePlot.vst","2016-10-11","vst_CLBJ_2016","D11","CLBJ","CLBJ_046",,"NEON.PLA.D11.CLBJ.01009","ok","single bole tree","Live",13.5,130,6.4,,,,6.0,3.8,"Partially shaded",,,,,,,"s0qfufVOE4SuSKa3K+0eH9/2W3pqTiur","LSZWSTVV0z5VZ7oh/S+B0ibtEIfDV0Jl","legacyData"
"97b9ba3f-39ba-4593-8816-6d91466f04fd","CLBJ_046.basePlot.vst","2016-10-11","vst_CLBJ_2016","D11","CLBJ","CLBJ_046",,"NEON.PLA.D11.CLBJ.02550","ok","small shrub","Live",,,1.6,0.4,,,2.5,1.1,,"ellipsoid or sphere",2.0,10,,,,"s0qfufVOE4SuSKa3K+0eH9/2W3pqTiur","LSZWSTVV0z5VZ7oh/S+B0ibtEIfDV0Jl","legacyData"
"92c347ec-e011-4298-99e5-0479ba3b6102","CLBJ_046.basePlot.vst","2016-10-11","vst_CLBJ_2016","D11","CLBJ","CLBJ_046",,"NEON.PLA.D11.CLBJ.02593","ok","small tree","Live",1.5,130,2.2,,,,1.6,0.9,,,,,,,,"s0qfufVOE4SuSKa3K+0eH9/2W3pqTiur","LSZWSTVV0z5VZ7oh/S+B0ibtEIfDV0Jl","legacyData"
"1aded411-abd1-4d00-89f9-0dfc68e77b24","CLBJ_046.basePlot.vst","2016-10-11","vst_CLBJ_2016","D11","CLBJ","CLBJ_046",,"NEON.PLA.D11.CLBJ.02552","ok","small tree","Live",6.8,130,4.8,,,,5.1,4.3,,,,,,,,"s0qfufVOE4SuSKa3K+0eH9/2W3pqTiur","LSZWSTVV0z5VZ7oh/S+B0ibtEIfDV0Jl","legacyData"
"a26ecafb-0b1e-443a-96b6-6e1034ffe508","CLBJ_046.basePlot.vst","2016-10-11","vst_CLBJ_2016","D11","CLBJ","CLBJ_046",,"NEON.PLA.D11.CLBJ.02578","ok","sapling","Live,  other damage",,,1.6,,,,,,,,1.3,10,,,"No sun","s0qfufVOE4SuSKa3K+0eH9/2W3pqTiur","LSZWSTVV0z5VZ7oh/S+B0ibtEIfDV0Jl","legacyData"
"c3e73842-3188-4886-8881-fa22289c43f6","CLBJ_046.basePlot.vst","2016-10-11","vst_CLBJ_2016","D11","CLBJ","CLBJ_046",,"NEON.PLA.D11.CLBJ.02537","ok","single bole tree","Live",28.1,130,7.8,,,,8.5,7.4,"Full sun",,,,,,,"s0qfufVOE4SuSKa3K+0eH9/2W3pqTiur","LSZWSTVV0z5VZ7oh/S+B0ibtEIfDV0Jl","legacyData"
"ddd91961-5707-494c-970c-3cdc5bcef600","CLBJ_046.basePlot.vst","2016-10-11","vst_CLBJ_2016","D11","CLBJ","CLBJ_046",,"NEON.PLA.D11.CLBJ.02577","ok","small tree","Live",1.7,130,2.1,,,,2.2,1.5,,,,,,,,"s0qfufVOE4SuSKa3K+0eH9/2W3pqTiur","LSZWSTVV0z5VZ7oh/S+B0ibtEIfDV0Jl","legacyData"
"2a97fb8e-348f-42ff-b2e4-4397a0f34cbb","CLBJ_046.basePlot.vst","2016-10-11","vst_CLBJ_2016","D11","CLBJ","CLBJ_046",,"NEON.PLA.D11.CLBJ.01006","ok","single bole tree","Live",10.7,130,6.1,,,,5.1,2.6,"Partially shaded",,,,,,,"s0qfufVOE4SuSKa3K+0eH9/2W3pqTiur","LSZWSTVV0z5VZ7oh/S+B0ibtEIfDV0Jl","legacyData"
"5892f5e8-47bb-41d1-ae91-eac459b9f068","CLBJ_046.basePlot.vst","2016-10-11","vst_CLBJ_2016","D11","CLBJ","CLBJ_046",,"NEON.PLA.D11.CLBJ.02569","ok","small tree","Live",1.2,130,2.3,,,,2.2,1.5,,,,,,,,"s0qfufVOE4SuSKa3K+0eH9/2W3pqTiur","LSZWSTVV0z5VZ7oh/S+B0ibtEIfDV0Jl","legacyData"
"b338ae78-e803-43b8-9838-2536e4075779","CLBJ_046.basePlot.vst","2016-10-11","vst_CLBJ_2016","D11","CLBJ","CLBJ_046",,"NEON.PLA.D11.CLBJ.01007","ok","single bole tree","Live",22.0,130,7.8,,,,6.0,5.9,"Partially shaded",,,,,,,"s0qfufVOE4SuSKa3K+0eH9/2W3pqTiur","LSZWSTVV0z5VZ7oh/S+B0ibtEIfDV0Jl","legacyData"
"7bd23775-4854-4968-8ba5-c1e4169dff73","CLBJ_046.basePlot.vst","2016-10-11","vst_CLBJ_2016","D11","CLBJ","CLBJ_046",,"NEON.PLA.D11.CLBJ.02553","ok","single bole tree","Live",15.7,130,7.4,,,,3.5,2.1,"Full shade",,,,,,"qc'd by J Barnett 20161227","s0qfufVOE4SuSKa3K+0eH9/2W3pqTiur","LSZWSTVV0z5VZ7oh/S+B0ibtEIfDV0Jl","legacyData"
"8983a8b6-a3b7-4e56-9ad6-4814b357d76a","CLBJ_046.basePlot.vst","2016-10-11","vst_CLBJ_2016","D11","CLBJ","CLBJ_046",,"NEON.PLA.D11.CLBJ.02541","ok","sapling","Live",,,1.0,,,,,,,,1.5,10,,,,"s0qfufVOE4SuSKa3K+0eH9/2W3pqTiur","LSZWSTVV0z5VZ7oh/S+B0ibtEIfDV0Jl","legacyData"
"7ac92c36-ce9d-418c-b14c-dbdba0280946","CLBJ_046.basePlot.vst","2016-10-11","vst_CLBJ_2016","D11","CLBJ","CLBJ_046",,"NEON.PLA.D11.CLBJ.02594","ok","small tree","Standing dead",1.2,130,1.8,,,,1.5,0.3,,,,,,,,"s0qfufVOE4SuSKa3K+0eH9/2W3pqTiur","LSZWSTVV0z5VZ7oh/S+B0ibtEIfDV0Jl","legacyData"
"7f5a7623-e71e-4b83-a39c-8c61c00a7973","CLBJ_046.basePlot.vst","2016-10-11","vst_CLBJ_2016","D11","CLBJ","CLBJ_046",,"NEON.PLA.D11.CLBJ.02547","ok","single bole tree","Live",21.3,130,10.1,,,,5.4,3.7,"Partially shaded",,,,,,,"s0qfufVOE4SuSKa3K+0eH9/2W3pqTiur","LSZWSTVV0z5VZ7oh/S+B0ibtEIfDV0Jl","legacyData"
"827f2f72-2889-4759-8999-ecda45558760","CLBJ_046.basePlot.vst","2016-10-11","vst_CLBJ_2016","D11","CLBJ","CLBJ_046",,"NEON.PLA.D11.CLBJ.02576","ok","single bole tree","Live",14.1,130,8.7,,,,7.8,3.3,"Mostly shaded",,,,,,,"s0qfufVOE4SuSKa3K+0eH9/2W3pqTiur","LSZWSTVV0z5VZ7oh/S+B0ibtEIfDV0Jl","legacyData"
"372143d3-c8ee-4303-8527-1f1310ac459c","CLBJ_046.basePlot.vst","2016-10-11","vst_CLBJ_2016","D11","CLBJ","CLBJ_046",,"NEON.PLA.D11.CLBJ.02575","ok","single bole tree","Standing dead",23.2,130,5.1,,,,,0.0,"Full shade",,,,,,"Disease","s0qfufVOE4SuSKa3K+0eH9/2W3pqTiur","LSZWSTVV0z5VZ7oh/S+B0ibtEIfDV0Jl","legacyData"
"bf592b59-7579-4dba-815c-9bef5a5dd987","CLBJ_046.basePlot.vst","2016-10-11","vst_CLBJ_2016","D11","CLBJ","CLBJ_046",,"NEON.PLA.D11.CLBJ.01966","ok","liana","Live",2.9,130,,,,,,,,,,,,,,"s0qfufVOE4SuSKa3K+0eH9/2W3pqTiur","LSZWSTVV0z5VZ7oh/S+B0ibtEIfDV0Jl","legacyData"
"45eacab9-0736-4daa-9eed-b4c0818666fc","CLBJ_046.basePlot.vst","2016-10-11","vst_CLBJ_2016","D11","CLBJ","CLBJ_046",,"NEON.PLA.D11.CLBJ.02557","ok","single bole tree","Live",24.6,130,10.6,,,,8.0,5.0,"Partially shaded",,,,,,,"s0qfufVOE4SuSKa3K+0eH9/2W3pqTiur","LSZWSTVV0z5VZ7oh/S+B0ibtEIfDV0Jl","legacyData"
"9bbf2f5f-01c0-41cc-9823-735741a52cac","CLBJ_046.basePlot.vst","2016-10-11","vst_CLBJ_2016","D11","CLBJ","CLBJ_046",,"NEON.PLA.D11.CLBJ.02580B","ok","multi-bole tree","Live",29.0,130,,,,,,,,,,,,,,"s0qfufVOE4SuSKa3K+0eH9/2W3pqTiur","LSZWSTVV0z5VZ7oh/S+B0ibtEIfDV0Jl","legacyData"
"6f97f47b-d343-44a6-8265-14b5a1d454fb","CLBJ_046.basePlot.vst","2016-10-11","vst_CLBJ_2016","D11","CLBJ","CLBJ_046",,"NEON.PLA.D11.CLBJ.02573","ok","small tree","Live",1.1,130,2.0,,,,1.7,1.6,,,,,,,,"s0qfufVOE4SuSKa3K+0eH9/2W3pqTiur","LSZWSTVV0z5VZ7oh/S+B0ibtEIfDV0Jl","legacyData"
"fa524afe-3ffc-4d8a-b839-520eac9cae56","CLBJ_046.basePlot.vst","2016-10-11","vst_CLBJ_2016","D11","CLBJ","CLBJ_046",,"NEON.PLA.D11.CLBJ.02555","ok","single bole tree","Standing dead",15.6,130,5.6,,,,,0.0,"Full shade",,,,,,"Insects","s0qfufVOE4SuSKa3K+0eH9/2W3pqTiur","LSZWSTVV0z5VZ7oh/S+B0ibtEIfDV0Jl","legacyData"
"f5d453ee-a985-4884-a710-f605c1d0ac00","CLBJ_046.basePlot.vst","2016-10-11","vst_CLBJ_2016","D11","CLBJ","CLBJ_046",,"NEON.PLA.D11.CLBJ.02580","ok","multi-bole tree","Live",38.8,130,12.4,,,,17.0,11.1,"Full sun",,,,,,,"s0qfufVOE4SuSKa3K+0eH9/2W3pqTiur","LSZWSTVV0z5VZ7oh/S+B0ibtEIfDV0Jl","legacyData"
"ed2f04f1-94f4-4c50-bdcb-8e625e367e5e","CLBJ_046.basePlot.vst","2016-10-11","vst_CLBJ_2016","D11","CLBJ","CLBJ_046",,"NEON.PLA.D11.CLBJ.02544","ok","sapling","Live",,,1.5,,,,,,,,2.8,10,,,,"s0qfufVOE4SuSKa3K+0eH9/2W3pqTiur","LSZWSTVV0z5VZ7oh/S+B0ibtEIfDV0Jl","legacyData"
"93c634ba-7534-4196-bea9-72fb482e6b63","CLBJ_046.basePlot.vst","2016-10-11","vst_CLBJ_2016","D11","CLBJ","CLBJ_046",,"NEON.PLA.D11.CLBJ.02574","ok","single bole tree","Standing dead",20.7,130,6.7,,,,6.1,4.0,"Mostly shaded",,,,,,"Disease?","s0qfufVOE4SuSKa3K+0eH9/2W3pqTiur","LSZWSTVV0z5VZ7oh/S+B0ibtEIfDV0Jl","legacyData"
"e6002e4d-4456-4dc7-843d-984751bec94b","CLBJ_046.basePlot.vst","2016-10-11","vst_CLBJ_2016","D11","CLBJ","CLBJ_046",,"NEON.PLA.D11.CLBJ.02539","ok","single bole tree","Live",11.3,130,6.3,,,,6.1,3.8,"Partially shaded",,,,,,,"s0qfufVOE4SuSKa3K+0eH9/2W3pqTiur","LSZWSTVV0z5VZ7oh/S+B0ibtEIfDV0Jl","legacyData"
"440911b1-2433-42dd-8720-fd44643bd260","CLBJ_046.basePlot.vst","2016-10-11","vst_CLBJ_2016","D11","CLBJ","CLBJ_046",,"NEON.PLA.D11.CLBJ.01004","ok","small tree","Live",5.5,130,3.9,,,,3.0,2.6,,,,,,,,"s0qfufVOE4SuSKa3K+0eH9/2W3pqTiur","LSZWSTVV0z5VZ7oh/S+B0ibtEIfDV0Jl","legacyData"
"16a73a65-f6a8-40ce-9f91-f7e5659d95dc","CLBJ_046.basePlot.vst","2016-10-11","vst_CLBJ_2016","D11","CLBJ","CLBJ_046",,"NEON.PLA.D11.CLBJ.02581","ok","single bole tree","Live",12.6,130,4.8,,,,3.7,1.7,"Mostly shaded",,,,,,,"s0qfufVOE4SuSKa3K+0eH9/2W3pqTiur","LSZWSTVV0z5VZ7oh/S+B0ibtEIfDV0Jl","legacyData"
"69b5a60c-980f-4afc-93d4-17e26d4ba732","CLBJ_046.basePlot.vst","2016-10-11","vst_CLBJ_2016","D11","CLBJ","CLBJ_046",,"NEON.PLA.D11.CLBJ.02546","ok","single bole tree","Live, disease damaged",25.5,130,8.9,,,,6.4,4.3,"Partially shaded",,,,,,"Unknown disease","s0qfufVOE4SuSKa3K+0eH9/2W3pqTiur","LSZWSTVV0z5VZ7oh/S+B0ibtEIfDV0Jl","legacyData"
"792a9324-38c4-41f8-b559-1421f71929e9","CLBJ_046.basePlot.vst","2016-10-11","vst_CLBJ_2016","D11","CLBJ","CLBJ_046",,"NEON.PLA.D11.CLBJ.02558","ok","single bole tree","Live",21.6,130,8.8,,,,7.6,6.1,"Full sun",,,,,,,"s0qfufVOE4SuSKa3K+0eH9/2W3pqTiur","LSZWSTVV0z5VZ7oh/S+B0ibtEIfDV0Jl","legacyData"
"3fc78b80-216d-4839-b787-83791f91ce63","CLBJ_046.basePlot.vst","2016-10-11","vst_CLBJ_2016","D11","CLBJ","CLBJ_046",,"NEON.PLA.D11.CLBJ.02559","ok","single bole tree","Live",14.8,130,6.5,,,,4.9,4.8,"Full shade",,,,,,,"s0qfufVOE4SuSKa3K+0eH9/2W3pqTiur","LSZWSTVV0z5VZ7oh/S+B0ibtEIfDV0Jl","legacyData"
"7a168310-436d-49c2-bc96-cc32821afb10","CLBJ_046.basePlot.vst","2016-10-11","vst_CLBJ_2016","D11","CLBJ","CLBJ_046",,"NEON.PLA.D11.CLBJ.01002","ok","single bole tree","Live",16.2,130,8.9,,,,5.6,3.5,"Full sun",,,,,,,"s0qfufVOE4SuSKa3K+0eH9/2W3pqTiur","LSZWSTVV0z5VZ7oh/S+B0ibtEIfDV0Jl","legacyData"
"29cfe5e4-30f4-4549-94bb-5e4f17257bdb","CLBJ_046.basePlot.vst","2016-10-11","vst_CLBJ_2016","D11","CLBJ","CLBJ_046",,"NEON.PLA.D11.CLBJ.02536","ok","single bole tree","Live",26.4,130,6.8,,,,8.1,5.7,"Full sun",,,,,,,"s0qfufVOE4SuSKa3K+0eH9/2W3pqTiur","LSZWSTVV0z5VZ7oh/S+B0ibtEIfDV0Jl","legacyData"
"c3e06fe5-efdc-4007-bf29-71626f0eb87d","CLBJ_046.basePlot.vst","2016-10-11","vst_CLBJ_2016","D11","CLBJ","CLBJ_046",,"NEON.PLA.D11.CLBJ.02542","ok","sapling","Live",,,1.0,,,,,,,,1.1,10,,,,"s0qfufVOE4SuSKa3K+0eH9/2W3pqTiur","LSZWSTVV0z5VZ7oh/S+B0ibtEIfDV0Jl","legacyData"
"6ab3293e-fed5-4f9d-92a6-c73b314aa790","CLBJ_046.basePlot.vst","2016-10-11","vst_CLBJ_2016","D11","CLBJ","CLBJ_046",,"NEON.PLA.D11.CLBJ.02568","ok","small tree","Live",4.7,130,3.7,,,,3.2,2.6,,,,,,,,"s0qfufVOE4SuSKa3K+0eH9/2W3pqTiur","LSZWSTVV0z5VZ7oh/S+B0ibtEIfDV0Jl","legacyData"
"205e314f-ab91-4e74-9805-62052fbb462e","CLBJ_046.basePlot.vst","2016-10-11","vst_CLBJ_2016","D11","CLBJ","CLBJ_046",,"NEON.PLA.D11.CLBJ.02582","ok","single bole tree","Live, physically damaged",10.2,130,3.8,,,,1.6,0.6,"Full shade",,,,,,"Partially dead","s0qfufVOE4SuSKa3K+0eH9/2W3pqTiur","LSZWSTVV0z5VZ7oh/S+B0ibtEIfDV0Jl","legacyData"
"c402facd-38fe-4714-8926-700ef5a6376c","CLBJ_046.basePlot.vst","2016-10-11","vst_CLBJ_2016","D11","CLBJ","CLBJ_046",,"NEON.PLA.D11.CLBJ.02560","ok","small tree","Live",7.8,130,3.1,,,,6.2,3.0,,,,,,,,"s0qfufVOE4SuSKa3K+0eH9/2W3pqTiur","LSZWSTVV0z5VZ7oh/S+B0ibtEIfDV0Jl","legacyData"
"a6a22a4e-03dc-4ea1-861d-f688835f0e08","CLBJ_046.basePlot.vst","2016-10-11","vst_CLBJ_2016","D11","CLBJ","CLBJ_046",,"NEON.PLA.D11.CLBJ.02579","ok","small tree","Live",5.0,130,3.7,,,,2.7,2.3,,,,,,,,"s0qfufVOE4SuSKa3K+0eH9/2W3pqTiur","LSZWSTVV0z5VZ7oh/S+B0ibtEIfDV0Jl","legacyData"
"5421295b-e792-41af-a755-5a260911b176","CLBJ_045.basePlot.vst","2016-10-18","vst_CLBJ_2016","D11","CLBJ","CLBJ_045",,"NEON.PLA.D11.CLBJ.01607","ok","single bole tree","Live",36.3,130,10.6,,,,8.8,7.6,"Full sun",,,,,,,"LSZWSTVV0z5VZ7oh/S+B0ibtEIfDV0Jl","cJ8Mt89MTxlqOnAc6pDp/DoDhz6eIepx","legacyData"
"c5c3082b-e82b-4cfd-8a1a-09d1e8ac792d","CLBJ_045.basePlot.vst","2016-10-18","vst_CLBJ_2016","D11","CLBJ","CLBJ_045",,"NEON.PLA.D11.CLBJ.01636","ok","small tree","Standing dead",1.2,130,2.7,,,,1.0,0.9,,,,,,,"Burned","LSZWSTVV0z5VZ7oh/S+B0ibtEIfDV0Jl","cJ8Mt89MTxlqOnAc6pDp/DoDhz6eIepx","legacyData"
"c61a1767-43d7-422e-ab80-fedbc899949b","CLBJ_045.basePlot.vst","2016-10-18","vst_CLBJ_2016","D11","CLBJ","CLBJ_045",,"NEON.PLA.D11.CLBJ.01623","ok","small tree","Standing dead",7.3,130,3.5,,,,3.3,3.2,,,,,,,"Burned","LSZWSTVV0z5VZ7oh/S+B0ibtEIfDV0Jl","cJ8Mt89MTxlqOnAc6pDp/DoDhz6eIepx","legacyData"
"60adbd03-1410-40a4-8e01-4cdf93557be9","CLBJ_045.basePlot.vst","2016-10-18","vst_CLBJ_2016","D11","CLBJ","CLBJ_045",,"NEON.PLA.D11.CLBJ.01625","ok","sapling","Live",,,1.4,,,,,,,,1.5,10,,,,"LSZWSTVV0z5VZ7oh/S+B0ibtEIfDV0Jl","cJ8Mt89MTxlqOnAc6pDp/DoDhz6eIepx","legacyData"
"8c166685-b5d2-47ea-b64d-e6351803b43f","CLBJ_045.basePlot.vst","2016-10-18","vst_CLBJ_2016","D11","CLBJ","CLBJ_045",,"NEON.PLA.D11.CLBJ.01601","ok","single bole tree","Standing dead",28.9,130,3.6,,,,1.0,1.0,"Partially shaded",,,,,,"Burned","LSZWSTVV0z5VZ7oh/S+B0ibtEIfDV0Jl","cJ8Mt89MTxlqOnAc6pDp/DoDhz6eIepx","legacyData"
"d42ed2c5-5d3e-477e-a460-04ca181f9459","CLBJ_045.basePlot.vst","2016-10-18","vst_CLBJ_2016","D11","CLBJ","CLBJ_045",,"NEON.PLA.D11.CLBJ.01608","ok","single bole tree","Standing dead",14.8,130,5.7,,,,5.1,4.4,"Mostly shaded",,,,,,"Burned","LSZWSTVV0z5VZ7oh/S+B0ibtEIfDV0Jl","cJ8Mt89MTxlqOnAc6pDp/DoDhz6eIepx","legacyData"
"9c670b9a-73e9-4cdd-bf16-f373c5b3a664","CLBJ_045.basePlot.vst","2016-10-18","vst_CLBJ_2016","D11","CLBJ","CLBJ_045",,"NEON.PLA.D11.CLBJ.01605","ok","single bole tree","Standing dead",20.9,130,4.6,,,,4.1,2.6,"Mostly shaded",,,,,,"Burned","LSZWSTVV0z5VZ7oh/S+B0ibtEIfDV0Jl","cJ8Mt89MTxlqOnAc6pDp/DoDhz6eIepx","legacyData"
"e39db4f5-dd5f-4f23-9a62-75dbd160b063","CLBJ_045.basePlot.vst","2016-10-18","vst_CLBJ_2016","D11","CLBJ","CLBJ_045",,"NEON.PLA.D11.CLBJ.01614","ok","sapling","Live",,,1.0,,,,,,,,1.2,10,,,,"LSZWSTVV0z5VZ7oh/S+B0ibtEIfDV0Jl","cJ8Mt89MTxlqOnAc6pDp/DoDhz6eIepx","legacyData"
"80bb0b7f-013f-4d99-98d1-188688514789","CLBJ_045.basePlot.vst","2016-10-18","vst_CLBJ_2016","D11","CLBJ","CLBJ_045",,"NEON.PLA.D11.CLBJ.01631","ok","sapling","Standing dead",,,2.0,,,,,,,,1.8,10,,,"Burned","LSZWSTVV0z5VZ7oh/S+B0ibtEIfDV0Jl","cJ8Mt89MTxlqOnAc6pDp/DoDhz6eIepx","legacyData"
"35e379fc-2c1c-4068-a5ed-8c0ad0405034","CLBJ_045.basePlot.vst","2016-10-18","vst_CLBJ_2016","D11","CLBJ","CLBJ_045",,"NEON.PLA.D11.CLBJ.01615","ok","sapling","Live",,,1.5,,,,,,,,1.4,10,,,,"LSZWSTVV0z5VZ7oh/S+B0ibtEIfDV0Jl","cJ8Mt89MTxlqOnAc6pDp/DoDhz6eIepx","legacyData"
"a400b8b3-1ea3-41ec-bb70-5ee0ea1f2f94","CLBJ_045.basePlot.vst","2016-10-18","vst_CLBJ_2016","D11","CLBJ","CLBJ_045",,"NEON.PLA.D11.CLBJ.01617","ok","sapling","Live",,,1.1,,,,,,,,1.7,10,,,,"LSZWSTVV0z5VZ7oh/S+B0ibtEIfDV0Jl","cJ8Mt89MTxlqOnAc6pDp/DoDhz6eIepx","legacyData"
"a3cc2fb4-f22c-420e-9cb5-854e26344e45","CLBJ_045.basePlot.vst","2016-10-18","vst_CLBJ_2016","D11","CLBJ","CLBJ_045",,"NEON.PLA.D11.CLBJ.01621","ok","small tree","Standing dead",1.5,130,2.4,,,,2.1,1.0,,,,,,,"Burned","LSZWSTVV0z5VZ7oh/S+B0ibtEIfDV0Jl","cJ8Mt89MTxlqOnAc6pDp/DoDhz6eIepx","legacyData"
"067b495b-02b6-4861-86f3-0d845cd0d4c9","CLBJ_045.basePlot.vst","2016-10-18","vst_CLBJ_2016","D11","CLBJ","CLBJ_045",,"NEON.PLA.D11.CLBJ.01627","ok","single bole tree","Standing dead",22.2,130,7.5,,,,4.9,3.6,"Partially shaded",,,,,,"Burned","LSZWSTVV0z5VZ7oh/S+B0ibtEIfDV0Jl","cJ8Mt89MTxlqOnAc6pDp/DoDhz6eIepx","legacyData"
"d249dfa6-b5fb-48f8-b295-d1ed47251844","CLBJ_045.basePlot.vst","2016-10-18","vst_CLBJ_2016","D11","CLBJ","CLBJ_045",,"NEON.PLA.D11.CLBJ.01630","ok","single bole tree","Standing dead",26.0,130,10.4,,,,7.4,6.1,"Full sun",,,,,,"Burned; qc'd by J Barnett 20161227","LSZWSTVV0z5VZ7oh/S+B0ibtEIfDV0Jl","cJ8Mt89MTxlqOnAc6pDp/DoDhz6eIepx","legacyData"
"882b87f7-fa1b-4e8e-bc51-48a68fe8f1b4","CLBJ_045.basePlot.vst","2016-10-18","vst_CLBJ_2016","D11","CLBJ","CLBJ_045",,"NEON.PLA.D11.CLBJ.01624","ok","small tree","Live",4.6,130,3.4,,,,2.7,2.0,,,,,,,,"LSZWSTVV0z5VZ7oh/S+B0ibtEIfDV0Jl","cJ8Mt89MTxlqOnAc6pDp/DoDhz6eIepx","legacyData"
"3f16de04-6ee6-4f2c-8b7d-2cc200a2deba","CLBJ_045.basePlot.vst","2016-10-18","vst_CLBJ_2016","D11","CLBJ","CLBJ_045",,"NEON.PLA.D11.CLBJ.01638","ok","sapling","Standing dead",,,1.8,,,,,,,,1.7,10,,,"Burned; qc'd by J Barnett 20161227","LSZWSTVV0z5VZ7oh/S+B0ibtEIfDV0Jl","cJ8Mt89MTxlqOnAc6pDp/DoDhz6eIepx","legacyData"
"c908560e-97f8-47ab-a7f1-64c921b6e085","CLBJ_045.basePlot.vst","2016-10-18","vst_CLBJ_2016","D11","CLBJ","CLBJ_045",,"NEON.PLA.D11.CLBJ.01647","ok","small tree","Standing dead",1.0,130,2.1,,,,1.1,0.9,,,,,,,"Burned","LSZWSTVV0z5VZ7oh/S+B0ibtEIfDV0Jl","cJ8Mt89MTxlqOnAc6pDp/DoDhz6eIepx","legacyData"
"ea23f6d0-7bf5-4afe-97ec-7f3a1ef3a661","CLBJ_045.basePlot.vst","2016-10-18","vst_CLBJ_2016","D11","CLBJ","CLBJ_045",,"NEON.PLA.D11.CLBJ.01643","ok","sapling","Standing dead",,,1.9,,,,,,,,2.9,10,,,"Burned","LSZWSTVV0z5VZ7oh/S+B0ibtEIfDV0Jl","cJ8Mt89MTxlqOnAc6pDp/DoDhz6eIepx","legacyData"
"6ad34b19-84af-4090-9da2-43a1977fcfcf","CLBJ_045.basePlot.vst","2016-10-18","vst_CLBJ_2016","D11","CLBJ","CLBJ_045",,"NEON.PLA.D11.CLBJ.01616","ok","small tree","Standing dead",2.2,130,2.8,,,,2.7,1.3,,,,,,,"Burned","LSZWSTVV0z5VZ7oh/S+B0ibtEIfDV0Jl","cJ8Mt89MTxlqOnAc6pDp/DoDhz6eIepx","legacyData"
"c688a9d5-275e-49c2-97d1-6f22a00fa604","CLBJ_045.basePlot.vst","2016-10-18","vst_CLBJ_2016","D11","CLBJ","CLBJ_045",,"NEON.PLA.D11.CLBJ.01637","ok","sapling","Standing dead",,,1.8,,,,,,,,2.5,10,,,"Burned","LSZWSTVV0z5VZ7oh/S+B0ibtEIfDV0Jl","cJ8Mt89MTxlqOnAc6pDp/DoDhz6eIepx","legacyData"
"27dbf47c-5ee6-4dd8-9fc6-dd4ed2b7f1e3","CLBJ_045.basePlot.vst","2016-10-18","vst_CLBJ_2016","D11","CLBJ","CLBJ_045",,"NEON.PLA.D11.CLBJ.01648","ok","small tree","Standing dead",1.6,130,2.1,,,,1.3,1.2,,,,,,,"Burned; qc'd by J Barnett 20161227","LSZWSTVV0z5VZ7oh/S+B0ibtEIfDV0Jl","cJ8Mt89MTxlqOnAc6pDp/DoDhz6eIepx","legacyData"
"d3616ccf-3efd-4a4a-af05-8212869675c2","CLBJ_045.basePlot.vst","2016-10-18","vst_CLBJ_2016","D11","CLBJ","CLBJ_045",,"NEON.PLA.D11.CLBJ.01641","ok","small tree","Standing dead",1.7,130,2.4,,,,1.9,1.2,,,,,,,"Burned","LSZWSTVV0z5VZ7oh/S+B0ibtEIfDV0Jl","cJ8Mt89MTxlqOnAc6pDp/DoDhz6eIepx","legacyData"
"32cee103-46a5-432a-9e6a-7b25c9dc814a","CLBJ_045.basePlot.vst","2016-10-18","vst_CLBJ_2016","D11","CLBJ","CLBJ_045",,"NEON.PLA.D11.CLBJ.01604","ok","single bole tree","Live",24.5,130,11.8,,,,4.8,3.7,"Partially shaded",,,,,,,"LSZWSTVV0z5VZ7oh/S+B0ibtEIfDV0Jl","cJ8Mt89MTxlqOnAc6pDp/DoDhz6eIepx","legacyData"
"bf3cb16a-ca1d-40b8-9575-94fce677e693","CLBJ_045.basePlot.vst","2016-10-18","vst_CLBJ_2016","D11","CLBJ","CLBJ_045",,"NEON.PLA.D11.CLBJ.01632","ok","single bole tree","Standing dead",28.9,130,8.2,,,,3.6,2.8,"Full sun",,,,,,"Burned","LSZWSTVV0z5VZ7oh/S+B0ibtEIfDV0Jl","cJ8Mt89MTxlqOnAc6pDp/DoDhz6eIepx","legacyData"
"ab90f292-338d-4f63-a026-e56b6fa88e78","CLBJ_045.basePlot.vst","2016-10-18","vst_CLBJ_2016","D11","CLBJ","CLBJ_045",,"NEON.PLA.D11.CLBJ.01606","ok","single bole tree","Standing dead",18.0,130,5.3,,,,6.1,1.5,"Full shade",,,,,,"Burned","LSZWSTVV0z5VZ7oh/S+B0ibtEIfDV0Jl","cJ8Mt89MTxlqOnAc6pDp/DoDhz6eIepx","legacyData"
"3c8a8c10-bc85-4d37-8f30-88d1766187e5","CLBJ_045.basePlot.vst","2016-10-18","vst_CLBJ_2016","D11","CLBJ","CLBJ_045",,"NEON.PLA.D11.CLBJ.01623","ok","small tree","Standing dead",8.4,130,3.5,,,,3.3,3.2,,,,,,,"Burned","LSZWSTVV0z5VZ7oh/S+B0ibtEIfDV0Jl","cJ8Mt89MTxlqOnAc6pDp/DoDhz6eIepx","legacyData"
"50060534-66e5-4a43-a2f5-2f75e6fdbc83","CLBJ_045.basePlot.vst","2016-10-18","vst_CLBJ_2016","D11","CLBJ","CLBJ_045",,"NEON.PLA.D11.CLBJ.01642","ok","single bole tree","Standing dead",24.5,130,7.8,,,,6.7,5.2,"Full sun",,,,,,"Burned","LSZWSTVV0z5VZ7oh/S+B0ibtEIfDV0Jl","cJ8Mt89MTxlqOnAc6pDp/DoDhz6eIepx","legacyData"
"2cf0493d-5cbb-4803-a505-8cfaa8b080e3","CLBJ_045.basePlot.vst","2016-10-18","vst_CLBJ_2016","D11","CLBJ","CLBJ_045",,"NEON.PLA.D11.CLBJ.01628","ok","single bole tree","Standing dead",32.0,130,8.7,,,,8.1,7.3,"Full sun",,,,,,"Burned","LSZWSTVV0z5VZ7oh/S+B0ibtEIfDV0Jl","cJ8Mt89MTxlqOnAc6pDp/DoDhz6eIepx","legacyData"
"aa784dd3-c35d-47e1-983e-c6a0c83606b8","CLBJ_045.basePlot.vst","2016-10-18","vst_CLBJ_2016","D11","CLBJ","CLBJ_045",,"NEON.PLA.D11.CLBJ.01640","ok","small tree","Standing dead",1.3,130,2.2,,,,0.8,0.4,,,,,,,"Burned","LSZWSTVV0z5VZ7oh/S+B0ibtEIfDV0Jl","cJ8Mt89MTxlqOnAc6pDp/DoDhz6eIepx","legacyData"
"9b8fff58-6089-4d68-80dd-eca8a6e4f4e3","CLBJ_045.basePlot.vst","2016-10-18","vst_CLBJ_2016","D11","CLBJ","CLBJ_045",,"NEON.PLA.D11.CLBJ.01620","ok","small tree","Standing dead",3.4,130,3.1,,,,3.3,1.5,,,,,,,"Burned","LSZWSTVV0z5VZ7oh/S+B0ibtEIfDV0Jl","cJ8Mt89MTxlqOnAc6pDp/DoDhz6eIepx","legacyData"
"6d8b427b-1efe-4085-8686-7f72a914b83a","CLBJ_045.basePlot.vst","2016-10-18","vst_CLBJ_2016","D11","CLBJ","CLBJ_045",,"NEON.PLA.D11.CLBJ.01626","ok","single bole tree","Live",31.1,130,9.9,,,,6.7,5.3,"Full sun",,,,,,,"LSZWSTVV0z5VZ7oh/S+B0ibtEIfDV0Jl","cJ8Mt89MTxlqOnAc6pDp/DoDhz6eIepx","legacyData"
"42463840-01f3-4ca0-91a2-66674a84c4b7","CLBJ_045.basePlot.vst","2016-10-18","vst_CLBJ_2016","D11","CLBJ","CLBJ_045",,"NEON.PLA.D11.CLBJ.01619","ok","sapling","Live",,,2.1,,,,,,,,2.2,10,,,,"LSZWSTVV0z5VZ7oh/S+B0ibtEIfDV0Jl","cJ8Mt89MTxlqOnAc6pDp/DoDhz6eIepx","legacyData"
"3956ab95-127c-4a10-8f58-cbe8300daf0e","CLBJ_045.basePlot.vst","2016-10-18","vst_CLBJ_2016","D11","CLBJ","CLBJ_045",,"NEON.PLA.D11.CLBJ.01613","ok","sapling","Live",,,0.9,,,,,,,,1.4,10,,,,"LSZWSTVV0z5VZ7oh/S+B0ibtEIfDV0Jl","cJ8Mt89MTxlqOnAc6pDp/DoDhz6eIepx","legacyData"
"676fc1a2-d9fd-4987-935c-d27684b5bef9","CLBJ_045.basePlot.vst","2016-10-18","vst_CLBJ_2016","D11","CLBJ","CLBJ_045",,"NEON.PLA.D11.CLBJ.01622","ok","small tree","Standing dead",3.1,130,3.0,,,,2.6,1.9,,,,,,,"Burned","LSZWSTVV0z5VZ7oh/S+B0ibtEIfDV0Jl","cJ8Mt89MTxlqOnAc6pDp/DoDhz6eIepx","legacyData"
"a505e72c-ef7b-44e4-83f4-129d0cd4bbad","CLBJ_045.basePlot.vst","2016-10-18","vst_CLBJ_2016","D11","CLBJ","CLBJ_045",,"NEON.PLA.D11.CLBJ.01603","ok","single bole tree","Standing dead",28.7,130,9.7,,,,7.6,6.8,"Partially shaded",,,,,,"Burned","LSZWSTVV0z5VZ7oh/S+B0ibtEIfDV0Jl","cJ8Mt89MTxlqOnAc6pDp/DoDhz6eIepx","legacyData"
"799c9b5c-06ae-460d-9b6d-cb63353b813c","CLBJ_045.basePlot.vst","2016-10-18","vst_CLBJ_2016","D11","CLBJ","CLBJ_045",,"NEON.PLA.D11.CLBJ.01635","ok","single bole tree","Standing dead",11.5,130,4.7,,,,3.3,3.2,"Mostly shaded",,,,,,"Burned","LSZWSTVV0z5VZ7oh/S+B0ibtEIfDV0Jl","cJ8Mt89MTxlqOnAc6pDp/DoDhz6eIepx","legacyData"
"1204b4f6-610b-405c-b731-56edd3576fe9","CLBJ_045.basePlot.vst","2016-10-18","vst_CLBJ_2016","D11","CLBJ","CLBJ_045",,"NEON.PLA.D11.CLBJ.01602","ok","single bole tree","Standing dead",20.2,130,2.7,,,,1.0,1.0,"Partially shaded",,,,,,"Burned; qc'd by J Barnett 20161227","LSZWSTVV0z5VZ7oh/S+B0ibtEIfDV0Jl","cJ8Mt89MTxlqOnAc6pDp/DoDhz6eIepx","legacyData"
"6840f691-2739-4483-87c2-3ad6891244be","CLBJ_045.basePlot.vst","2016-10-18","vst_CLBJ_2016","D11","CLBJ","CLBJ_045",,"NEON.PLA.D11.CLBJ.01612","ok","sapling","Live",,,1.1,,,,,,,,1.0,10,,,"qc'd by J Barnett 20161227","LSZWSTVV0z5VZ7oh/S+B0ibtEIfDV0Jl","cJ8Mt89MTxlqOnAc6pDp/DoDhz6eIepx","legacyData"
"ca9e81e9-8a6c-4690-9e90-3fcf4c8cce20","CLBJ_045.basePlot.vst","2016-10-18","vst_CLBJ_2016","D11","CLBJ","CLBJ_045",,"NEON.PLA.D11.CLBJ.01618","ok","single bole tree","Live",11.4,130,6.3,,,,3.6,3.1,"Full sun",,,,,,,"LSZWSTVV0z5VZ7oh/S+B0ibtEIfDV0Jl","cJ8Mt89MTxlqOnAc6pDp/DoDhz6eIepx","legacyData"
"c8d0a9b9-13b9-4fe5-98ef-16bb2bbf7f8f","CLBJ_045.basePlot.vst","2016-10-18","vst_CLBJ_2016","D11","CLBJ","CLBJ_045",,"NEON.PLA.D11.CLBJ.01639","ok","sapling","Standing dead",,,2.0,,,,,,,,1.7,10,,,"Burned","LSZWSTVV0z5VZ7oh/S+B0ibtEIfDV0Jl","cJ8Mt89MTxlqOnAc6pDp/DoDhz6eIepx","legacyData"
"b55b0431-9816-46c1-b02e-602228cebf69","CLBJ_038.basePlot.vst","2016-10-19","vst_CLBJ_2016","D11","CLBJ","CLBJ_038",,"NEON.PLA.D11.CLBJ.01554","ok","small tree","Live",2.6,130,2.8,,,,2.1,2.0,,,,,,,,"LSZWSTVV0z5VZ7oh/S+B0ibtEIfDV0Jl","cJ8Mt89MTxlqOnAc6pDp/DoDhz6eIepx","legacyData"
"bd73cd59-ab39-4dfa-816d-788755db5c7e","CLBJ_038.basePlot.vst","2016-10-19","vst_CLBJ_2016","D11","CLBJ","CLBJ_038",,"NEON.PLA.D11.CLBJ.01550","ok","single bole tree","Live",14.8,130,5.7,,,,6.0,3.0,"Partially shaded",,,,,,,"LSZWSTVV0z5VZ7oh/S+B0ibtEIfDV0Jl","cJ8Mt89MTxlqOnAc6pDp/DoDhz6eIepx","legacyData"
"fd3fddb9-8aca-4cc6-b847-fd2b784e7acb","CLBJ_038.basePlot.vst","2016-10-19","vst_CLBJ_2016","D11","CLBJ","CLBJ_038",,"NEON.PLA.D11.CLBJ.01567","ok","sapling","Live",,,1.0,,,,,,,,1.5,10,,,,"LSZWSTVV0z5VZ7oh/S+B0ibtEIfDV0Jl","cJ8Mt89MTxlqOnAc6pDp/DoDhz6eIepx","legacyData"
"de22dc6d-eba9-4673-9af1-3ccfa8f1f29c","CLBJ_038.basePlot.vst","2016-10-19","vst_CLBJ_2016","D11","CLBJ","CLBJ_038",,"NEON.PLA.D11.CLBJ.01560","ok","sapling","Live",,,2.0,,,,,,,,1.3,10,,,,"LSZWSTVV0z5VZ7oh/S+B0ibtEIfDV0Jl","cJ8Mt89MTxlqOnAc6pDp/DoDhz6eIepx","legacyData"
"2f112779-7dac-4354-bcfd-f645e83214dd","CLBJ_038.basePlot.vst","2016-10-19","vst_CLBJ_2016","D11","CLBJ","CLBJ_038",,"NEON.PLA.D11.CLBJ.01565","ok","sapling","Live",,,1.0,,,,,,,,1.3,10,,,"qc'd by J Barnett","LSZWSTVV0z5VZ7oh/S+B0ibtEIfDV0Jl","cJ8Mt89MTxlqOnAc6pDp/DoDhz6eIepx","legacyData"
"1a343d75-1e94-4d62-aaf1-18b23eb54bb3","CLBJ_038.basePlot.vst","2016-10-19","vst_CLBJ_2016","D11","CLBJ","CLBJ_038",,"NEON.PLA.D11.CLBJ.01562","ok","single bole tree","Live",34.2,130,8.3,,,,8.2,7.1,"Partially shaded",,,,,,,"LSZWSTVV0z5VZ7oh/S+B0ibtEIfDV0Jl","cJ8Mt89MTxlqOnAc6pDp/DoDhz6eIepx","legacyData"
"d19091cb-142e-4486-b7f0-568f1b7d2ca1","CLBJ_038.basePlot.vst","2016-10-19","vst_CLBJ_2016","D11","CLBJ","CLBJ_038",,"NEON.PLA.D11.CLBJ.01563","ok","liana","Live",1.1,130,,,,,,,,,,,,,,"LSZWSTVV0z5VZ7oh/S+B0ibtEIfDV0Jl","cJ8Mt89MTxlqOnAc6pDp/DoDhz6eIepx","legacyData"
"42661a6b-5af2-4aaf-a83e-0bf5c866e5b8","CLBJ_038.basePlot.vst","2016-10-19","vst_CLBJ_2016","D11","CLBJ","CLBJ_038",,"NEON.PLA.D11.CLBJ.01558","ok","sapling","Live",,,1.1,,,,,,,,1.8,10,,,,"LSZWSTVV0z5VZ7oh/S+B0ibtEIfDV0Jl","cJ8Mt89MTxlqOnAc6pDp/DoDhz6eIepx","legacyData"
"8e29b287-ce8f-49f2-b1dc-7864c97b324c","CLBJ_038.basePlot.vst","2016-10-19","vst_CLBJ_2016","D11","CLBJ","CLBJ_038",,"NEON.PLA.D11.CLBJ.01564","ok","sapling","Live",,,0.8,,,,,,,,1.5,10,,,,"LSZWSTVV0z5VZ7oh/S+B0ibtEIfDV0Jl","cJ8Mt89MTxlqOnAc6pDp/DoDhz6eIepx","legacyData"
"d60c64ae-7977-413c-b2b7-0f33e60871f0","CLBJ_038.basePlot.vst","2016-10-19","vst_CLBJ_2016","D11","CLBJ","CLBJ_038",,"NEON.PLA.D11.CLBJ.01559","ok","small tree","Live",1.3,130,2.5,,,,1.3,1.0,,,,,,,,"LSZWSTVV0z5VZ7oh/S+B0ibtEIfDV0Jl","cJ8Mt89MTxlqOnAc6pDp/DoDhz6eIepx","legacyData"
"321cd133-10b0-4dd2-a88b-75b961b6e879","CLBJ_038.basePlot.vst","2016-10-19","vst_CLBJ_2016","D11","CLBJ","CLBJ_038",,"NEON.PLA.D11.CLBJ.01572","ok","sapling","Live",,,1.7,,,,,,,,1.1,10,,,,"LSZWSTVV0z5VZ7oh/S+B0ibtEIfDV0Jl","cJ8Mt89MTxlqOnAc6pDp/DoDhz6eIepx","legacyData"
"91c787a5-9d2f-477b-bf16-e94491a938ea","CLBJ_038.basePlot.vst","2016-10-19","vst_CLBJ_2016","D11","CLBJ","CLBJ_038",,"NEON.PLA.D11.CLBJ.01566","ok","sapling","Live",,,0.7,,,,,,,,1.4,10,,,,"LSZWSTVV0z5VZ7oh/S+B0ibtEIfDV0Jl","cJ8Mt89MTxlqOnAc6pDp/DoDhz6eIepx","legacyData"
"9de0d1c6-5482-4881-b006-0119431a60e3","CLBJ_038.basePlot.vst","2016-10-19","vst_CLBJ_2016","D11","CLBJ","CLBJ_038",,"NEON.PLA.D11.CLBJ.01534","ok","small tree","Live",4.9,130,3.3,,,,4.6,3.3,,,,,,,,"LSZWSTVV0z5VZ7oh/S+B0ibtEIfDV0Jl","cJ8Mt89MTxlqOnAc6pDp/DoDhz6eIepx","legacyData"
"31f9fef4-640d-43e9-9702-fdd85aee0426","CLBJ_038.basePlot.vst","2016-10-19","vst_CLBJ_2016","D11","CLBJ","CLBJ_038",,"NEON.PLA.D11.CLBJ.01556","ok","sapling","Live",,,1.0,,,,,,,,1.7,10,,,,"LSZWSTVV0z5VZ7oh/S+B0ibtEIfDV0Jl","cJ8Mt89MTxlqOnAc6pDp/DoDhz6eIepx","legacyData"
"0f487b78-973c-4a73-a06f-b30086ad62b9","CLBJ_038.basePlot.vst","2016-10-19","vst_CLBJ_2016","D11","CLBJ","CLBJ_038",,"NEON.PLA.D11.CLBJ.01576","ok","single bole tree","Dead, broken bole",20.5,130,2.4,,2.4,23.0,0.5,0.5,"Full shade",,,,,,"burned","LSZWSTVV0z5VZ7oh/S+B0ibtEIfDV0Jl","cJ8Mt89MTxlqOnAc6pDp/DoDhz6eIepx","legacyData"
"76d7f36f-40de-4808-9eba-810256289750","CLBJ_038.basePlot.vst","2016-10-19","vst_CLBJ_2016","D11","CLBJ","CLBJ_038",,"NEON.PLA.D11.CLBJ.01539B","ok","multi-bole tree","Standing dead",12.0,130,8.1,,,,6.6,6.3,"Partially shaded",,,,,,,"LSZWSTVV0z5VZ7oh/S+B0ibtEIfDV0Jl","cJ8Mt89MTxlqOnAc6pDp/DoDhz6eIepx","legacyData"
"c47161c2-8ace-490f-8b0e-d35fc1993ed9","CLBJ_038.basePlot.vst","2016-10-19","vst_CLBJ_2016","D11","CLBJ","CLBJ_038",,"NEON.PLA.D11.CLBJ.01557","ok","sapling","Live",,,1.8,,,,,,,,1.4,10,,,,"LSZWSTVV0z5VZ7oh/S+B0ibtEIfDV0Jl","cJ8Mt89MTxlqOnAc6pDp/DoDhz6eIepx","legacyData"
"f77de297-d816-49e5-bb7d-ff4c14a71f09","CLBJ_038.basePlot.vst","2016-10-19","vst_CLBJ_2016","D11","CLBJ","CLBJ_038",,"NEON.PLA.D11.CLBJ.01571","ok","small tree","Live",1.4,130,2.0,,,,1.7,1.3,,,,,,,,"LSZWSTVV0z5VZ7oh/S+B0ibtEIfDV0Jl","cJ8Mt89MTxlqOnAc6pDp/DoDhz6eIepx","legacyData"
"e8eba8b8-d8a1-4a79-9b07-9c1959c2ed6d","CLBJ_038.basePlot.vst","2016-10-19","vst_CLBJ_2016","D11","CLBJ","CLBJ_038",,"NEON.PLA.D11.CLBJ.01568","ok","sapling","Live",,,1.1,,,,,,,,2.4,10,,,,"LSZWSTVV0z5VZ7oh/S+B0ibtEIfDV0Jl","cJ8Mt89MTxlqOnAc6pDp/DoDhz6eIepx","legacyData"
"c2b326a7-1c62-4786-88a3-cb00c88e4d32","CLBJ_038.basePlot.vst","2016-10-19","vst_CLBJ_2016","D11","CLBJ","CLBJ_038",,"NEON.PLA.D11.CLBJ.01570","ok","sapling","Live",,,1.4,,,,,,,,1.6,10,,,,"LSZWSTVV0z5VZ7oh/S+B0ibtEIfDV0Jl","cJ8Mt89MTxlqOnAc6pDp/DoDhz6eIepx","legacyData"
"62915e27-764d-4cf5-ac01-9e144519194d","CLBJ_038.basePlot.vst","2016-10-19","vst_CLBJ_2016","D11","CLBJ","CLBJ_038",,"NEON.PLA.D11.CLBJ.01571","ok","small tree","Live",1.3,130,2.0,,,,1.7,1.3,,,,,,,,"LSZWSTVV0z5VZ7oh/S+B0ibtEIfDV0Jl","cJ8Mt89MTxlqOnAc6pDp/DoDhz6eIepx","legacyData"
"64ca11e1-7eb6-4726-896a-d3b76ec4b1d2","CLBJ_038.basePlot.vst","2016-10-19","vst_CLBJ_2016","D11","CLBJ","CLBJ_038",,"NEON.PLA.D11.CLBJ.01537","ok","single bole tree","Live",22.9,130,7.4,,,,6.7,4.7,"Partially shaded",,,,,,,"LSZWSTVV0z5VZ7oh/S+B0ibtEIfDV0Jl","cJ8Mt89MTxlqOnAc6pDp/DoDhz6eIepx","legacyData"
"ef36a120-ea1c-43db-997d-2f749a90778f","CLBJ_038.basePlot.vst","2016-10-19","vst_CLBJ_2016","D11","CLBJ","CLBJ_038",,"NEON.PLA.D11.CLBJ.01561","ok","single bole tree","Live",19.2,130,8.2,,,,7.4,6.0,"Partially shaded",,,,,,,"LSZWSTVV0z5VZ7oh/S+B0ibtEIfDV0Jl","cJ8Mt89MTxlqOnAc6pDp/DoDhz6eIepx","legacyData"
"fa24e73c-348f-4599-9140-1edab599d3e5","CLBJ_038.basePlot.vst","2016-10-19","vst_CLBJ_2016","D11","CLBJ","CLBJ_038",,"NEON.PLA.D11.CLBJ.01545","ok","multi-bole tree","Live",23.7,130,10.0,,,,10.6,10.2,"Partially shaded",,,,,,,"LSZWSTVV0z5VZ7oh/S+B0ibtEIfDV0Jl","cJ8Mt89MTxlqOnAc6pDp/DoDhz6eIepx","legacyData"
"ab9256fb-a008-4bcd-a8a4-15a3347a37b7","CLBJ_038.basePlot.vst","2016-10-19","vst_CLBJ_2016","D11","CLBJ","CLBJ_038",,"NEON.PLA.D11.CLBJ.01535","ok","single bole tree","Standing dead",14.9,130,3.8,,,,4.9,3.2,"Partially shaded",,,,,,"Burned","LSZWSTVV0z5VZ7oh/S+B0ibtEIfDV0Jl","cJ8Mt89MTxlqOnAc6pDp/DoDhz6eIepx","legacyData"
"5d83bf17-e66f-47ca-996f-b4567fbd3662","CLBJ_038.basePlot.vst","2016-10-19","vst_CLBJ_2016","D11","CLBJ","CLBJ_038",,"NEON.PLA.D11.CLBJ.01538","ok","single bole tree","Live",28.1,130,7.9,,,,8.6,7.2,"Partially shaded",,,,,,,"LSZWSTVV0z5VZ7oh/S+B0ibtEIfDV0Jl","cJ8Mt89MTxlqOnAc6pDp/DoDhz6eIepx","legacyData"
"f00cb677-a039-4917-a9ec-a0f546b2be98","CLBJ_038.basePlot.vst","2016-10-19","vst_CLBJ_2016","D11","CLBJ","CLBJ_038",,"NEON.PLA.D11.CLBJ.01533","ok","small tree","Live",1.4,130,1.8,,,,1.4,1.0,,,,,,,,"LSZWSTVV0z5VZ7oh/S+B0ibtEIfDV0Jl","cJ8Mt89MTxlqOnAc6pDp/DoDhz6eIepx","legacyData"
"a6f7e363-e86c-426a-bb2c-95c6868b7206","CLBJ_038.basePlot.vst","2016-10-19","vst_CLBJ_2016","D11","CLBJ","CLBJ_038",,"NEON.PLA.D11.CLBJ.01573","ok","sapling","Live",,,1.0,,,,,,,,1.0,10,,,,"LSZWSTVV0z5VZ7oh/S+B0ibtEIfDV0Jl","cJ8Mt89MTxlqOnAc6pDp/DoDhz6eIepx","legacyData"
"2c78815a-f07e-46dc-bbeb-8de5d97cb244","CLBJ_038.basePlot.vst","2016-10-19","vst_CLBJ_2016","D11","CLBJ","CLBJ_038",,"NEON.PLA.D11.CLBJ.01540","ok","small tree","Live",1.3,130,2.1,,,,1.8,1.6,,,,,,,,"LSZWSTVV0z5VZ7oh/S+B0ibtEIfDV0Jl","cJ8Mt89MTxlqOnAc6pDp/DoDhz6eIepx","legacyData"
"d211a12b-86e7-4cc7-b6e8-6bc20ec746b7","CLBJ_038.basePlot.vst","2016-10-19","vst_CLBJ_2016","D11","CLBJ","CLBJ_038",,"NEON.PLA.D11.CLBJ.01539","ok","multi-bole tree","Live",25.2,130,8.1,,,,6.6,6.3,"Partially shaded",,,,,,,"LSZWSTVV0z5VZ7oh/S+B0ibtEIfDV0Jl","cJ8Mt89MTxlqOnAc6pDp/DoDhz6eIepx","legacyData"
"a6550ed5-47a8-4fb5-950b-fd20bd7336a7","CLBJ_038.basePlot.vst","2016-10-19","vst_CLBJ_2016","D11","CLBJ","CLBJ_038",,"NEON.PLA.D11.CLBJ.01549","ok","single bole tree","Standing dead",11.1,130,3.7,,,,4.7,3.9,"Mostly shaded",,,,,,"burned","LSZWSTVV0z5VZ7oh/S+B0ibtEIfDV0Jl","cJ8Mt89MTxlqOnAc6pDp/DoDhz6eIepx","legacyData"
"f5ba821a-e716-4455-9673-fb588b39d5eb","CLBJ_038.basePlot.vst","2016-10-19","vst_CLBJ_2016","D11","CLBJ","CLBJ_038",,"NEON.PLA.D11.CLBJ.01541","ok","sapling","Live",,,2.0,,,,,,,,1.3,10,,,,"LSZWSTVV0z5VZ7oh/S+B0ibtEIfDV0Jl","cJ8Mt89MTxlqOnAc6pDp/DoDhz6eIepx","legacyData"
"1c1d7514-7df3-4710-9632-91a090d2f41e","CLBJ_038.basePlot.vst","2016-10-19","vst_CLBJ_2016","D11","CLBJ","CLBJ_038",,"NEON.PLA.D11.CLBJ.01547","ok","single bole tree","Dead, broken bole",16.9,130,2.1,,2.1,0.2,1.0,0.5,"Full shade",,,,,,"burned","LSZWSTVV0z5VZ7oh/S+B0ibtEIfDV0Jl","cJ8Mt89MTxlqOnAc6pDp/DoDhz6eIepx","legacyData"
"6b22d3df-d01c-4765-a01b-ac25a0e6ad05","CLBJ_038.basePlot.vst","2016-10-19","vst_CLBJ_2016","D11","CLBJ","CLBJ_038",,"NEON.PLA.D11.CLBJ.01552","ok","small tree","Live",1.7,130,1.9,,,,1.8,1.7,,,,,,,,"LSZWSTVV0z5VZ7oh/S+B0ibtEIfDV0Jl","cJ8Mt89MTxlqOnAc6pDp/DoDhz6eIepx","legacyData"
"50bca951-855f-4a14-bcd0-1c373584ad83","CLBJ_038.basePlot.vst","2016-10-19","vst_CLBJ_2016","D11","CLBJ","CLBJ_038",,"NEON.PLA.D11.CLBJ.01553","ok","sapling","Live",,,1.4,,,,,,,,1.8,10,,,,"LSZWSTVV0z5VZ7oh/S+B0ibtEIfDV0Jl","cJ8Mt89MTxlqOnAc6pDp/DoDhz6eIepx","legacyData"
"8054ab00-a2f8-4fcd-aa4e-4de494e2ceef","CLBJ_038.basePlot.vst","2016-10-19","vst_CLBJ_2016","D11","CLBJ","CLBJ_038",,"NEON.PLA.D11.CLBJ.01575","ok","sapling","Live",,,1.4,,,,,,,,1.7,10,,,,"LSZWSTVV0z5VZ7oh/S+B0ibtEIfDV0Jl","cJ8Mt89MTxlqOnAc6pDp/DoDhz6eIepx","legacyData"
"6c72fc77-ab10-45ae-8578-595eebaff7f7","CLBJ_038.basePlot.vst","2016-10-19","vst_CLBJ_2016","D11","CLBJ","CLBJ_038",,"NEON.PLA.D11.CLBJ.01551","ok","single bole tree","Dead, broken bole",30.0,130,1.7,,1.7,26.5,,,"Full shade",,,,,,"cause of death unknown","LSZWSTVV0z5VZ7oh/S+B0ibtEIfDV0Jl","cJ8Mt89MTxlqOnAc6pDp/DoDhz6eIepx","legacyData"
"05559f15-abbb-4638-8d5b-e38370cad1a5","CLBJ_038.basePlot.vst","2016-10-19","vst_CLBJ_2016","D11","CLBJ","CLBJ_038",,"NEON.PLA.D11.CLBJ.01539A","ok","multi-bole tree","Standing dead",18.7,130,8.1,,,,6.6,6.3,"Partially shaded",,,,,,,"LSZWSTVV0z5VZ7oh/S+B0ibtEIfDV0Jl","cJ8Mt89MTxlqOnAc6pDp/DoDhz6eIepx","legacyData"
"f887ede7-0908-48aa-a25a-89b39d6ee2ae","CLBJ_038.basePlot.vst","2016-10-19","vst_CLBJ_2016","D11","CLBJ","CLBJ_038",,"NEON.PLA.D11.CLBJ.01536","ok","small tree","Live",2.6,130,3.0,,,,1.3,1.2,,,,,,,,"LSZWSTVV0z5VZ7oh/S+B0ibtEIfDV0Jl","cJ8Mt89MTxlqOnAc6pDp/DoDhz6eIepx","legacyData"
"b24639fd-9f2b-4355-a8e5-103206a73e2a","CLBJ_038.basePlot.vst","2016-10-19","vst_CLBJ_2016","D11","CLBJ","CLBJ_038",,"NEON.PLA.D11.CLBJ.01546","ok","sapling","Live",,,2.1,,,,,,,,1.4,10,,,,"LSZWSTVV0z5VZ7oh/S+B0ibtEIfDV0Jl","cJ8Mt89MTxlqOnAc6pDp/DoDhz6eIepx","legacyData"
"30b9c3a9-d81e-44e0-aa18-2ecd7e4469c0","CLBJ_038.basePlot.vst","2016-10-19","vst_CLBJ_2016","D11","CLBJ","CLBJ_038",,"NEON.PLA.D11.CLBJ.01548","ok","small tree","Live",5.1,130,4.5,,,,2.8,2.2,,,,,,,,"LSZWSTVV0z5VZ7oh/S+B0ibtEIfDV0Jl","cJ8Mt89MTxlqOnAc6pDp/DoDhz6eIepx","legacyData"
"fe420af5-010a-4bb6-bf73-f65fad934748","CLBJ_038.basePlot.vst","2016-10-19","vst_CLBJ_2016","D11","CLBJ","CLBJ_038",,"NEON.PLA.D11.CLBJ.01555","ok","sapling","Live",,,0.8,,,,,,,,1.3,10,,,,"LSZWSTVV0z5VZ7oh/S+B0ibtEIfDV0Jl","cJ8Mt89MTxlqOnAc6pDp/DoDhz6eIepx","legacyData"
"862f8b59-7c82-426a-97e7-f77ec2925f3d","CLBJ_038.basePlot.vst","2016-10-19","vst_CLBJ_2016","D11","CLBJ","CLBJ_038",,"NEON.PLA.D11.CLBJ.01542","ok","sapling","Live",,,1.1,,,,,,,,1.1,10,,,,"LSZWSTVV0z5VZ7oh/S+B0ibtEIfDV0Jl","cJ8Mt89MTxlqOnAc6pDp/DoDhz6eIepx","legacyData"
"88cbae6b-7687-4d53-b6ec-3b3a55ef2f48","CLBJ_038.basePlot.vst","2016-10-19","vst_CLBJ_2016","D11","CLBJ","CLBJ_038",,"NEON.PLA.D11.CLBJ.01569","ok","sapling","Live",,,1.4,,,,,,,,1.4,10,,,,"LSZWSTVV0z5VZ7oh/S+B0ibtEIfDV0Jl","cJ8Mt89MTxlqOnAc6pDp/DoDhz6eIepx","legacyData"
"3c65844b-15ca-46e9-9dd8-fe5fb07817b4","CLBJ_038.basePlot.vst","2016-10-19","vst_CLBJ_2016","D11","CLBJ","CLBJ_038",,"NEON.PLA.D11.CLBJ.01544","ok","single bole tree","Live",30.3,130,9.0,,,,12.1,11.1,"Full sun",,,,,,,"LSZWSTVV0z5VZ7oh/S+B0ibtEIfDV0Jl","cJ8Mt89MTxlqOnAc6pDp/DoDhz6eIepx","legacyData"
"851a391a-923b-42fd-ada7-1089f4561da2","CLBJ_038.basePlot.vst","2016-10-19","vst_CLBJ_2016","D11","CLBJ","CLBJ_038",,"NEON.PLA.D11.CLBJ.01543","ok","sapling","Live",,,1.1,,,,,,,,1.2,10,,,,"LSZWSTVV0z5VZ7oh/S+B0ibtEIfDV0Jl","cJ8Mt89MTxlqOnAc6pDp/DoDhz6eIepx","legacyData"
"b708f4d7-4c4b-4144-90c4-228b4ed658ac","CLBJ_038.basePlot.vst","2016-10-19","vst_CLBJ_2016","D11","CLBJ","CLBJ_038",,"NEON.PLA.D11.CLBJ.01545A","ok","multi-bole tree","Live",17.4,130,10.0,,,,10.6,10.2,"Partially shaded",,,,,,,"LSZWSTVV0z5VZ7oh/S+B0ibtEIfDV0Jl","cJ8Mt89MTxlqOnAc6pDp/DoDhz6eIepx","legacyData"
"2734b031-bd4a-4950-8338-59dce490c74c","CLBJ_043.basePlot.vst","2016-10-20","vst_CLBJ_2016","D11","CLBJ","CLBJ_043",,"NEON.PLA.D11.CLBJ.02153","ok","sapling","Live",,,1.6,,,,,,,,1.3,10,,,,"jrpOJzTntmXy0Hq0KXCTNE1a7gqPknkI","LSZWSTVV0z5VZ7oh/S+B0ibtEIfDV0Jl","legacyData"
"8fe460a2-ad80-4dfc-8ca0-df5c72bdc1a4","CLBJ_043.basePlot.vst","2016-10-20","vst_CLBJ_2016","D11","CLBJ","CLBJ_043",,"NEON.PLA.D11.CLBJ.02183","ok","single bole tree","Live",11.9,130,5.5,,,,4.1,2.9,"Partially shaded",,,,,,,"jrpOJzTntmXy0Hq0KXCTNE1a7gqPknkI","LSZWSTVV0z5VZ7oh/S+B0ibtEIfDV0Jl","legacyData"
"a73dc586-7aa3-43f9-b9a2-b8021b5e32e9","CLBJ_043.basePlot.vst","2016-10-20","vst_CLBJ_2016","D11","CLBJ","CLBJ_043",,"NEON.PLA.D11.CLBJ.02170","ok","sapling","Live",,,0.6,,,,,,,,1.3,10,,,,"jrpOJzTntmXy0Hq0KXCTNE1a7gqPknkI","LSZWSTVV0z5VZ7oh/S+B0ibtEIfDV0Jl","legacyData"
"c4448949-5e14-49db-a560-2bf2f914c25a","CLBJ_043.basePlot.vst","2016-10-20","vst_CLBJ_2016","D11","CLBJ","CLBJ_043",,"NEON.PLA.D11.CLBJ.02186","ok","single shrub","Standing dead",,,2.3,,,,2.0,1.7,,"inverted cone",1.8,10,,,"Cause of death is overcrowding","jrpOJzTntmXy0Hq0KXCTNE1a7gqPknkI","LSZWSTVV0z5VZ7oh/S+B0ibtEIfDV0Jl","legacyData"
"6097eaf2-2a3d-4d2e-81f6-5b95ce16cf78","CLBJ_043.basePlot.vst","2016-10-20","vst_CLBJ_2016","D11","CLBJ","CLBJ_043",,"NEON.PLA.D11.CLBJ.02146A","ok","multi-bole tree","Dead, broken bole",21.8,130,1.4,,1.4,23.0,5.1,3.3,"Full sun",,,,,,,"jrpOJzTntmXy0Hq0KXCTNE1a7gqPknkI","LSZWSTVV0z5VZ7oh/S+B0ibtEIfDV0Jl","legacyData"
"88e384db-06b9-4321-9537-c81260e220a9","CLBJ_043.basePlot.vst","2016-10-20","vst_CLBJ_2016","D11","CLBJ","CLBJ_043",,"NEON.PLA.D11.CLBJ.02158","ok","small tree","Live",2.3,130,3.5,,,,1.5,1.0,,,,,,,,"jrpOJzTntmXy0Hq0KXCTNE1a7gqPknkI","LSZWSTVV0z5VZ7oh/S+B0ibtEIfDV0Jl","legacyData"
"fcc5c9f6-489d-44d4-852a-b4b0e7517296","CLBJ_043.basePlot.vst","2016-10-20","vst_CLBJ_2016","D11","CLBJ","CLBJ_043",,"NEON.PLA.D11.CLBJ.02143","ok","single bole tree","Live",15.9,130,8.0,,,,5.4,4.0,"Full sun",,,,,,,"jrpOJzTntmXy0Hq0KXCTNE1a7gqPknkI","LSZWSTVV0z5VZ7oh/S+B0ibtEIfDV0Jl","legacyData"
"0860ef87-4be7-437e-80b1-c67b2969ea35","CLBJ_043.basePlot.vst","2016-10-20","vst_CLBJ_2016","D11","CLBJ","CLBJ_043",,"NEON.PLA.D11.CLBJ.02180","ok","single bole tree","Dead, broken bole",11.0,130,2.0,,,7.0,,,"Mostly shaded",,,,,,,"jrpOJzTntmXy0Hq0KXCTNE1a7gqPknkI","LSZWSTVV0z5VZ7oh/S+B0ibtEIfDV0Jl","legacyData"
"23828f37-ce13-440f-bc8a-3751f7dd197a","CLBJ_043.basePlot.vst","2016-10-20","vst_CLBJ_2016","D11","CLBJ","CLBJ_043",,"NEON.PLA.D11.CLBJ.02176","ok","single bole tree","Live",12.5,130,7.4,,,,4.7,4.4,"Partially shaded",,,,,,,"jrpOJzTntmXy0Hq0KXCTNE1a7gqPknkI","LSZWSTVV0z5VZ7oh/S+B0ibtEIfDV0Jl","legacyData"
"37a3210e-0bd8-4972-b6b2-92b9435c15ad","CLBJ_043.basePlot.vst","2016-10-20","vst_CLBJ_2016","D11","CLBJ","CLBJ_043",,"NEON.PLA.D11.CLBJ.02192","ok","sapling","Live",,,1.0,,,,,,,,1.0,10,,,,"jrpOJzTntmXy0Hq0KXCTNE1a7gqPknkI","LSZWSTVV0z5VZ7oh/S+B0ibtEIfDV0Jl","legacyData"
"48f62181-6c79-44f3-9655-88089eaa0a74","CLBJ_043.basePlot.vst","2016-10-20","vst_CLBJ_2016","D11","CLBJ","CLBJ_043",,"NEON.PLA.D11.CLBJ.02179","ok","single shrub","Live",1.7,130,2.4,1.7,,,2.5,1.9,,"ellipsoid or sphere",3.7,10,,,,"jrpOJzTntmXy0Hq0KXCTNE1a7gqPknkI","LSZWSTVV0z5VZ7oh/S+B0ibtEIfDV0Jl","legacyData"
"aad8bcfb-0ba9-48d5-a9f4-30dc4f8b7837","CLBJ_043.basePlot.vst","2016-10-20","vst_CLBJ_2016","D11","CLBJ","CLBJ_043",,"NEON.PLA.D11.CLBJ.02169","ok","small shrub","Live",,,1.5,0.5,,,,,,"ellipsoid or sphere",1.2,10,,,,"jrpOJzTntmXy0Hq0KXCTNE1a7gqPknkI","LSZWSTVV0z5VZ7oh/S+B0ibtEIfDV0Jl","legacyData"
"b4c43641-6add-49dd-a68c-bf16b38d39d7","CLBJ_043.basePlot.vst","2016-10-20","vst_CLBJ_2016","D11","CLBJ","CLBJ_043",,"NEON.PLA.D11.CLBJ.02150","ok","single bole tree","Live",23.6,130,8.6,,,,5.8,5.5,"Partially shaded",,,,,,,"jrpOJzTntmXy0Hq0KXCTNE1a7gqPknkI","LSZWSTVV0z5VZ7oh/S+B0ibtEIfDV0Jl","legacyData"
"0fe7a21e-f76b-4a80-a484-1a059b26b580","CLBJ_043.basePlot.vst","2016-10-20","vst_CLBJ_2016","D11","CLBJ","CLBJ_043",,"NEON.PLA.D11.CLBJ.02151","ok","single bole tree","Live",19.0,130,6.9,,,,6.0,4.0,"Mostly shaded",,,,,,,"jrpOJzTntmXy0Hq0KXCTNE1a7gqPknkI","LSZWSTVV0z5VZ7oh/S+B0ibtEIfDV0Jl","legacyData"
"bcd60059-7a43-4e68-9d8e-a3aa67fe3eca","CLBJ_043.basePlot.vst","2016-10-20","vst_CLBJ_2016","D11","CLBJ","CLBJ_043",,"NEON.PLA.D11.CLBJ.02182","ok","single bole tree","Live",12.8,130,6.7,,,,3.0,2.0,"Mostly shaded",,,,,,,"jrpOJzTntmXy0Hq0KXCTNE1a7gqPknkI","LSZWSTVV0z5VZ7oh/S+B0ibtEIfDV0Jl","legacyData"
"c6f86114-1c61-4ae5-baf3-0e9530e48514","CLBJ_043.basePlot.vst","2016-10-20","vst_CLBJ_2016","D11","CLBJ","CLBJ_043",,"NEON.PLA.D11.CLBJ.02157","ok","small tree","Live",1.5,130,1.2,,,,1.1,0.6,,,,,,,,"jrpOJzTntmXy0Hq0KXCTNE1a7gqPknkI","LSZWSTVV0z5VZ7oh/S+B0ibtEIfDV0Jl","legacyData"
"703d0db5-45c4-49e7-ae97-20077fe1e79e","CLBJ_043.basePlot.vst","2016-10-20","vst_CLBJ_2016","D11","CLBJ","CLBJ_043",,"NEON.PLA.D11.CLBJ.02175","ok","single bole tree","Live",27.7,130,10.7,,,,9.4,5.6,"Partially shaded",,,,,,,"jrpOJzTntmXy0Hq0KXCTNE1a7gqPknkI","LSZWSTVV0z5VZ7oh/S+B0ibtEIfDV0Jl","legacyData"
"e6bb5b1f-cd0d-4f88-9377-1367416d0b1a","CLBJ_043.basePlot.vst","2016-10-20","vst_CLBJ_2016","D11","CLBJ","CLBJ_043",,"NEON.PLA.D11.CLBJ.02186","ok","single shrub","Standing dead",1.5,130,2.3,,,,2.0,1.7,,"inverted cone",2.0,10,,,"Cause of death is overcrowding","jrpOJzTntmXy0Hq0KXCTNE1a7gqPknkI","LSZWSTVV0z5VZ7oh/S+B0ibtEIfDV0Jl","legacyData"
"425e73dc-e93f-4cef-8608-9842a18cedca","CLBJ_043.basePlot.vst","2016-10-20","vst_CLBJ_2016","D11","CLBJ","CLBJ_043",,"NEON.PLA.D11.CLBJ.02152","ok","single bole tree","Live, broken bole",22.3,130,3.3,,3.9,16.5,4.3,2.3,"Mostly shaded",,,,,,,"jrpOJzTntmXy0Hq0KXCTNE1a7gqPknkI","LSZWSTVV0z5VZ7oh/S+B0ibtEIfDV0Jl","legacyData"
"b6a2a18a-5060-41f5-a803-92737f2f5222","CLBJ_043.basePlot.vst","2016-10-20","vst_CLBJ_2016","D11","CLBJ","CLBJ_043",,"NEON.PLA.D11.CLBJ.02177","ok","single bole tree","Live",11.0,130,5.8,,,,4.1,3.0,"Partially shaded",,,,,,,"jrpOJzTntmXy0Hq0KXCTNE1a7gqPknkI","LSZWSTVV0z5VZ7oh/S+B0ibtEIfDV0Jl","legacyData"
"3a1e5b03-33db-41f8-8120-00996213a10b","CLBJ_043.basePlot.vst","2016-10-20","vst_CLBJ_2016","D11","CLBJ","CLBJ_043",,"NEON.PLA.D11.CLBJ.02146D","ok","multi-bole tree","Standing dead",22.3,130,7.5,,,,5.1,3.3,"Full sun",,,,,,,"jrpOJzTntmXy0Hq0KXCTNE1a7gqPknkI","LSZWSTVV0z5VZ7oh/S+B0ibtEIfDV0Jl","legacyData"
"5a7d7e2f-3e33-445f-9ed1-14146e0fe7b8","CLBJ_043.basePlot.vst","2016-10-20","vst_CLBJ_2016","D11","CLBJ","CLBJ_043",,"NEON.PLA.D11.CLBJ.02172","ok","sapling","Live",,,1.0,,,,,,,,1.3,10,,,,"jrpOJzTntmXy0Hq0KXCTNE1a7gqPknkI","LSZWSTVV0z5VZ7oh/S+B0ibtEIfDV0Jl","legacyData"
"26825059-fbd7-4a89-985a-0589721d6389","CLBJ_043.basePlot.vst","2016-10-20","vst_CLBJ_2016","D11","CLBJ","CLBJ_043",,"NEON.PLA.D11.CLBJ.02193","ok","small tree","Live",1.1,130,1.9,,,,1.4,1.1,,,,,,,,"jrpOJzTntmXy0Hq0KXCTNE1a7gqPknkI","LSZWSTVV0z5VZ7oh/S+B0ibtEIfDV0Jl","legacyData"
"a0dfa68e-d2e6-4fe3-bcba-c0940893dccf","CLBJ_043.basePlot.vst","2016-10-20","vst_CLBJ_2016","D11","CLBJ","CLBJ_043",,"NEON.PLA.D11.CLBJ.02187","ok","sapling","Live",,,1.1,,,,,,,,1.3,10,,,,"jrpOJzTntmXy0Hq0KXCTNE1a7gqPknkI","LSZWSTVV0z5VZ7oh/S+B0ibtEIfDV0Jl","legacyData"
"30567195-f812-4c38-a092-7f4ce1a28ce1","CLBJ_043.basePlot.vst","2016-10-20","vst_CLBJ_2016","D11","CLBJ","CLBJ_043",,"NEON.PLA.D11.CLBJ.02162","ok","small tree","Live",3.3,130,4.0,,,,1.8,1.6,,,,,,,,"jrpOJzTntmXy0Hq0KXCTNE1a7gqPknkI","LSZWSTVV0z5VZ7oh/S+B0ibtEIfDV0Jl","legacyData"
"8577a3e3-7ae0-40bb-be9f-5484f1a1bab4","CLBJ_043.basePlot.vst","2016-10-20","vst_CLBJ_2016","D11","CLBJ","CLBJ_043",,"NEON.PLA.D11.CLBJ.02148","ok","single bole tree","Live",16.1,130,7.5,,,,5.1,3.9,"Mostly shaded",,,,,,,"jrpOJzTntmXy0Hq0KXCTNE1a7gqPknkI","LSZWSTVV0z5VZ7oh/S+B0ibtEIfDV0Jl","legacyData"
"6953c17d-08a0-4529-b41c-43b49db52d8e","CLBJ_043.basePlot.vst","2016-10-20","vst_CLBJ_2016","D11","CLBJ","CLBJ_043",,"NEON.PLA.D11.CLBJ.02166","ok","small tree","Live",7.8,130,3.3,,,,4.3,3.4,,,,,,,,"jrpOJzTntmXy0Hq0KXCTNE1a7gqPknkI","LSZWSTVV0z5VZ7oh/S+B0ibtEIfDV0Jl","legacyData"
"55d189c6-945e-4478-b0c0-651f6c3c2a9c","CLBJ_043.basePlot.vst","2016-10-20","vst_CLBJ_2016","D11","CLBJ","CLBJ_043",,"NEON.PLA.D11.CLBJ.02194","ok","single bole tree","Standing dead",10.4,130,4.4,,,,3.0,2.5,"Partially shaded",,2.0,,,,"Unknown cause of death","jrpOJzTntmXy0Hq0KXCTNE1a7gqPknkI","LSZWSTVV0z5VZ7oh/S+B0ibtEIfDV0Jl","legacyData"
"a59e1cd5-7eea-413a-aaf0-75651dab2df6","CLBJ_043.basePlot.vst","2016-10-20","vst_CLBJ_2016","D11","CLBJ","CLBJ_043",,"NEON.PLA.D11.CLBJ.02185","ok","small tree","Live",3.8,140,3.5,,,,3.0,2.8,,,,,,,"DBH measurement raised 10 cm due to branch","jrpOJzTntmXy0Hq0KXCTNE1a7gqPknkI","LSZWSTVV0z5VZ7oh/S+B0ibtEIfDV0Jl","legacyData"
"1ac1bda5-331c-49cd-915c-dbe667781558","CLBJ_043.basePlot.vst","2016-10-20","vst_CLBJ_2016","D11","CLBJ","CLBJ_043",,"NEON.PLA.D11.CLBJ.02186","ok","single shrub","Standing dead",1.2,130,2.3,,,,2.0,1.7,,"inverted cone",1.7,10,0.30,0.20,"Cause of death is overcrowding","jrpOJzTntmXy0Hq0KXCTNE1a7gqPknkI","LSZWSTVV0z5VZ7oh/S+B0ibtEIfDV0Jl","legacyData"
"32894d7a-6af6-4d94-affb-9f69ee827f8d","CLBJ_043.basePlot.vst","2016-10-20","vst_CLBJ_2016","D11","CLBJ","CLBJ_043",,"NEON.PLA.D11.CLBJ.02160","ok","small tree","Live",2.1,130,2.3,,,,2.7,1.3,,,,,,,,"jrpOJzTntmXy0Hq0KXCTNE1a7gqPknkI","LSZWSTVV0z5VZ7oh/S+B0ibtEIfDV0Jl","legacyData"
"c7475a1f-9ac6-4d1b-889e-102b52fc4b8c","CLBJ_043.basePlot.vst","2016-10-20","vst_CLBJ_2016","D11","CLBJ","CLBJ_043",,"NEON.PLA.D11.CLBJ.02168","ok","sapling","Live",,,1.3,,,,,,,,1.1,10,,,,"jrpOJzTntmXy0Hq0KXCTNE1a7gqPknkI","LSZWSTVV0z5VZ7oh/S+B0ibtEIfDV0Jl","legacyData"
"00947afe-7add-4afa-b7e1-16c1bc3d6aa2","CLBJ_043.basePlot.vst","2016-10-20","vst_CLBJ_2016","D11","CLBJ","CLBJ_043",,"NEON.PLA.D11.CLBJ.02137","ok","single shrub","Live",3.0,130,3.4,,,,2.4,2.3,,"cylinder",3.9,,,,,"jrpOJzTntmXy0Hq0KXCTNE1a7gqPknkI","LSZWSTVV0z5VZ7oh/S+B0ibtEIfDV0Jl","legacyData"
"8f8bd903-728d-482d-9da9-d128d43c786f","CLBJ_043.basePlot.vst","2016-10-20","vst_CLBJ_2016","D11","CLBJ","CLBJ_043",,"NEON.PLA.D11.CLBJ.02171","ok","sapling","Live",,,1.1,,,,,,,,1.8,10,,,,"jrpOJzTntmXy0Hq0KXCTNE1a7gqPknkI","LSZWSTVV0z5VZ7oh/S+B0ibtEIfDV0Jl","legacyData"
"22cfce6f-4a36-4fdf-a70d-9cbb58abd161","CLBJ_043.basePlot.vst","2016-10-20","vst_CLBJ_2016","D11","CLBJ","CLBJ_043",,"NEON.PLA.D11.CLBJ.02184","ok","single bole tree","Live",15.2,130,6.7,,,,4.4,4.3,"Partially shaded",,,,,,,"jrpOJzTntmXy0Hq0KXCTNE1a7gqPknkI","LSZWSTVV0z5VZ7oh/S+B0ibtEIfDV0Jl","legacyData"
"e104e7ac-fa52-449d-a5d6-701a8bebe4b9","CLBJ_043.basePlot.vst","2016-10-20","vst_CLBJ_2016","D11","CLBJ","CLBJ_043",,"NEON.PLA.D11.CLBJ.02145A","ok","multi-bole tree","Live",15.5,130,9.2,,,,6.9,5.0,"Full sun",,,,,,,"jrpOJzTntmXy0Hq0KXCTNE1a7gqPknkI","LSZWSTVV0z5VZ7oh/S+B0ibtEIfDV0Jl","legacyData"
"3220114d-2d80-4258-9d7d-b24f222ad7fa","CLBJ_043.basePlot.vst","2016-10-20","vst_CLBJ_2016","D11","CLBJ","CLBJ_043",,"NEON.PLA.D11.CLBJ.02197","ok","sapling","Live",,,0.7,,,,,,,,1.5,10,,,,"jrpOJzTntmXy0Hq0KXCTNE1a7gqPknkI","LSZWSTVV0z5VZ7oh/S+B0ibtEIfDV0Jl","legacyData"
"740f6bd1-b69e-47c0-a1a8-3ad947ad962d","CLBJ_043.basePlot.vst","2016-10-20","vst_CLBJ_2016","D11","CLBJ","CLBJ_043",,"NEON.PLA.D11.CLBJ.02186","ok","single shrub","Standing dead",,,2.3,,,,2.0,1.7,,"inverted cone",1.4,10,,,"Cause of death is overcrowding","jrpOJzTntmXy0Hq0KXCTNE1a7gqPknkI","LSZWSTVV0z5VZ7oh/S+B0ibtEIfDV0Jl","legacyData"
"458bf667-bdc6-4a88-8ac6-ce1981f5c945","CLBJ_043.basePlot.vst","2016-10-20","vst_CLBJ_2016","D11","CLBJ","CLBJ_043",,"NEON.PLA.D11.CLBJ.02165","ok","small tree","Live",1.2,130,1.6,,,,2.0,1.0,,,,,,,,"jrpOJzTntmXy0Hq0KXCTNE1a7gqPknkI","LSZWSTVV0z5VZ7oh/S+B0ibtEIfDV0Jl","legacyData"
"96bb2c1f-1b6e-427d-b291-b463ae332456","CLBJ_043.basePlot.vst","2016-10-20","vst_CLBJ_2016","D11","CLBJ","CLBJ_043",,"NEON.PLA.D11.CLBJ.02146","ok","multi-bole tree","Dead, broken bole",22.4,130,2.3,,,21.0,5.1,3.3,"Full sun",,,,,,,"jrpOJzTntmXy0Hq0KXCTNE1a7gqPknkI","LSZWSTVV0z5VZ7oh/S+B0ibtEIfDV0Jl","legacyData"
"b2651997-c3db-4564-b3eb-dcad36d33701","CLBJ_043.basePlot.vst","2016-10-20","vst_CLBJ_2016","D11","CLBJ","CLBJ_043",,"NEON.PLA.D11.CLBJ.02195","ok","small tree","Live",2.9,130,2.6,,,,1.9,1.4,,,,,,,,"jrpOJzTntmXy0Hq0KXCTNE1a7gqPknkI","LSZWSTVV0z5VZ7oh/S+B0ibtEIfDV0Jl","legacyData"
"3229cffd-2c42-4a94-aaa3-64aebfc657e1","CLBJ_043.basePlot.vst","2016-10-20","vst_CLBJ_2016","D11","CLBJ","CLBJ_043",,"NEON.PLA.D11.CLBJ.02189","ok","small shrub","Live",,,1.3,0.7,,,0.8,0.7,,"ellipsoid or sphere",1.0,10,,,,"jrpOJzTntmXy0Hq0KXCTNE1a7gqPknkI","LSZWSTVV0z5VZ7oh/S+B0ibtEIfDV0Jl","legacyData"
"be584086-0709-43b3-bdec-616889ab22ef","CLBJ_043.basePlot.vst","2016-10-20","vst_CLBJ_2016","D11","CLBJ","CLBJ_043",,"NEON.PLA.D11.CLBJ.02142","ok","single bole tree","Live",22.9,130,9.2,,,,7.0,5.0,"Full sun",,,,,,,"jrpOJzTntmXy0Hq0KXCTNE1a7gqPknkI","LSZWSTVV0z5VZ7oh/S+B0ibtEIfDV0Jl","legacyData"
"bbb61189-5d1c-4913-ae1a-962a748a913e","CLBJ_043.basePlot.vst","2016-10-20","vst_CLBJ_2016","D11","CLBJ","CLBJ_043",,"NEON.PLA.D11.CLBJ.02165","ok","small tree","Live",1.1,130,1.6,,,,2.0,1.0,,,,,,,,"jrpOJzTntmXy0Hq0KXCTNE1a7gqPknkI","LSZWSTVV0z5VZ7oh/S+B0ibtEIfDV0Jl","legacyData"
"f9f136f8-d591-4b34-88c7-c45388aba580","CLBJ_043.basePlot.vst","2016-10-20","vst_CLBJ_2016","D11","CLBJ","CLBJ_043",,"NEON.PLA.D11.CLBJ.02188","ok","sapling","Live",,,1.8,,,,,,,,1.7,10,,,,"jrpOJzTntmXy0Hq0KXCTNE1a7gqPknkI","LSZWSTVV0z5VZ7oh/S+B0ibtEIfDV0Jl","legacyData"
"cc0d3870-559f-468e-b249-c9fe92c89f7b","CLBJ_043.basePlot.vst","2016-10-20","vst_CLBJ_2016","D11","CLBJ","CLBJ_043",,"NEON.PLA.D11.CLBJ.02137","ok","single shrub","Live",2.3,130,3.4,,,,2.4,2.3,,"cylinder",4.8,10,,,,"jrpOJzTntmXy0Hq0KXCTNE1a7gqPknkI","LSZWSTVV0z5VZ7oh/S+B0ibtEIfDV0Jl","legacyData"
"b6967396-a40f-4500-b218-900842eb9073","CLBJ_043.basePlot.vst","2016-10-20","vst_CLBJ_2016","D11","CLBJ","CLBJ_043",,"NEON.PLA.D11.CLBJ.02147","ok","single bole tree","Live, broken bole",24.2,130,7.0,,,12.0,11.6,5.6,"Partially shaded",,,,,,,"jrpOJzTntmXy0Hq0KXCTNE1a7gqPknkI","LSZWSTVV0z5VZ7oh/S+B0ibtEIfDV0Jl","legacyData"
"a0fbc3ac-e1bb-4261-bfa8-e1f606c89fd5","CLBJ_043.basePlot.vst","2016-10-20","vst_CLBJ_2016","D11","CLBJ","CLBJ_043",,"NEON.PLA.D11.CLBJ.02179","ok","single shrub","Live",1.2,130,2.4,1.7,,,2.5,1.9,,"ellipsoid or sphere",,,,,,"jrpOJzTntmXy0Hq0KXCTNE1a7gqPknkI","LSZWSTVV0z5VZ7oh/S+B0ibtEIfDV0Jl","legacyData"
"fe4ca8cd-eaf3-4b06-a15b-b31c5c86e2f4","CLBJ_043.basePlot.vst","2016-10-20","vst_CLBJ_2016","D11","CLBJ","CLBJ_043",,"NEON.PLA.D11.CLBJ.02190","ok","small tree","Live",3.2,130,1.5,,,,2.6,1.5,,,,,,,,"jrpOJzTntmXy0Hq0KXCTNE1a7gqPknkI","LSZWSTVV0z5VZ7oh/S+B0ibtEIfDV0Jl","legacyData"
"f9c2b757-f175-4a41-9edd-e57d38874e46","CLBJ_043.basePlot.vst","2016-10-20","vst_CLBJ_2016","D11","CLBJ","CLBJ_043",,"NEON.PLA.D11.CLBJ.02155","ok","small tree","Live",6.2,130,4.5,,,,4.1,3.5,,,,,,,,"jrpOJzTntmXy0Hq0KXCTNE1a7gqPknkI","LSZWSTVV0z5VZ7oh/S+B0ibtEIfDV0Jl","legacyData"
"ced78ec1-57f4-400c-b189-c391ae2ec1ba","CLBJ_043.basePlot.vst","2016-10-20","vst_CLBJ_2016","D11","CLBJ","CLBJ_043",,"NEON.PLA.D11.CLBJ.02154","ok","liana","Live",2.4,130,,,,,,,,,,,,,,"jrpOJzTntmXy0Hq0KXCTNE1a7gqPknkI","LSZWSTVV0z5VZ7oh/S+B0ibtEIfDV0Jl","legacyData"
"b546fdab-2d68-4bce-be6f-6c8939c1f3cf","CLBJ_043.basePlot.vst","2016-10-20","vst_CLBJ_2016","D11","CLBJ","CLBJ_043",,"NEON.PLA.D11.CLBJ.02144","ok","single bole tree","Live",21.2,130,6.4,,,,4.3,2.9,"Partially shaded",,,,,,,"jrpOJzTntmXy0Hq0KXCTNE1a7gqPknkI","LSZWSTVV0z5VZ7oh/S+B0ibtEIfDV0Jl","legacyData"
"5b0ac0fe-e3c0-4b37-aa98-4c2ed04f2743","CLBJ_043.basePlot.vst","2016-10-20","vst_CLBJ_2016","D11","CLBJ","CLBJ_043",,"NEON.PLA.D11.CLBJ.02198","ok","sapling","Live",,,1.3,,,,,,,,3.2,10,,,,"jrpOJzTntmXy0Hq0KXCTNE1a7gqPknkI","LSZWSTVV0z5VZ7oh/S+B0ibtEIfDV0Jl","legacyData"
"302ea6ee-63cf-44fd-a927-68fa3b4058c0","CLBJ_043.basePlot.vst","2016-10-20","vst_CLBJ_2016","D11","CLBJ","CLBJ_043",,"NEON.PLA.D11.CLBJ.02178","ok","single bole tree","Dead, broken bole",15.3,130,4.5,,4.5,9.0,,,,,,,,,,"jrpOJzTntmXy0Hq0KXCTNE1a7gqPknkI","LSZWSTVV0z5VZ7oh/S+B0ibtEIfDV0Jl","legacyData"
"a8974144-a375-4365-b427-43d32fc63f2d","CLBJ_043.basePlot.vst","2016-10-20","vst_CLBJ_2016","D11","CLBJ","CLBJ_043",,"NEON.PLA.D11.CLBJ.02200","ok","sapling","Live",,,0.7,,,,,,,,1.5,10,,,,"jrpOJzTntmXy0Hq0KXCTNE1a7gqPknkI","LSZWSTVV0z5VZ7oh/S+B0ibtEIfDV0Jl","legacyData"
"5a65ac78-f7ab-48ab-9a40-9dd6487ea9d6","CLBJ_043.basePlot.vst","2016-10-20","vst_CLBJ_2016","D11","CLBJ","CLBJ_043",,"NEON.PLA.D11.CLBJ.02138","ok","single bole tree","Live",11.0,130,5.4,,,,4.6,3.8,"Partially shaded",,,,,,,"jrpOJzTntmXy0Hq0KXCTNE1a7gqPknkI","LSZWSTVV0z5VZ7oh/S+B0ibtEIfDV0Jl","legacyData"
"8b6148ba-d289-45bb-ac09-1b4537e64863","CLBJ_043.basePlot.vst","2016-10-20","vst_CLBJ_2016","D11","CLBJ","CLBJ_043",,"NEON.PLA.D11.CLBJ.02166","ok","small tree","Live",6.5,130,3.3,,,,4.3,3.4,,,,,,,,"jrpOJzTntmXy0Hq0KXCTNE1a7gqPknkI","LSZWSTVV0z5VZ7oh/S+B0ibtEIfDV0Jl","legacyData"
"120843d4-3b0e-4407-b3e0-7b6f29c60e89","CLBJ_043.basePlot.vst","2016-10-20","vst_CLBJ_2016","D11","CLBJ","CLBJ_043",,"NEON.PLA.D11.CLBJ.02145","ok","multi-bole tree","Live",30.0,130,9.2,,,,6.9,5.0,"Full sun",,,,,,,"jrpOJzTntmXy0Hq0KXCTNE1a7gqPknkI","LSZWSTVV0z5VZ7oh/S+B0ibtEIfDV0Jl","legacyData"
"756908e9-1efd-4109-9b76-d94b5cc59ecf","CLBJ_043.basePlot.vst","2016-10-20","vst_CLBJ_2016","D11","CLBJ","CLBJ_043",,"NEON.PLA.D11.CLBJ.02191","ok","small tree","Live",1.5,130,1.0,,,,1.3,0.9,,,,,,,,"jrpOJzTntmXy0Hq0KXCTNE1a7gqPknkI","LSZWSTVV0z5VZ7oh/S+B0ibtEIfDV0Jl","legacyData"
"76f84f23-d9df-40ed-be1d-043e0d4999f6","CLBJ_043.basePlot.vst","2016-10-20","vst_CLBJ_2016","D11","CLBJ","CLBJ_043",,"NEON.PLA.D11.CLBJ.02156","ok","small tree","Live",3.0,130,2.4,,,,3.3,2.1,,,,,,,,"jrpOJzTntmXy0Hq0KXCTNE1a7gqPknkI","LSZWSTVV0z5VZ7oh/S+B0ibtEIfDV0Jl","legacyData"
"433d83c9-242f-4b1e-bcd8-236538849d62","CLBJ_043.basePlot.vst","2016-10-20","vst_CLBJ_2016","D11","CLBJ","CLBJ_043",,"NEON.PLA.D11.CLBJ.02196","ok","sapling","Live",,,1.0,,,,,,,,1.2,10,,,,"jrpOJzTntmXy0Hq0KXCTNE1a7gqPknkI","LSZWSTVV0z5VZ7oh/S+B0ibtEIfDV0Jl","legacyData"
"c3794900-bc8c-427f-a1b7-a05244bd8ef1","CLBJ_043.basePlot.vst","2016-10-20","vst_CLBJ_2016","D11","CLBJ","CLBJ_043",,"NEON.PLA.D11.CLBJ.02159","ok","small tree","Live",4.7,130,5.0,,,,1.7,1.5,,,,,,,,"jrpOJzTntmXy0Hq0KXCTNE1a7gqPknkI","LSZWSTVV0z5VZ7oh/S+B0ibtEIfDV0Jl","legacyData"
"3ed48d3e-e7a5-49e9-a0d5-086ec77b3f05","CLBJ_043.basePlot.vst","2016-10-20","vst_CLBJ_2016","D11","CLBJ","CLBJ_043",,"NEON.PLA.D11.CLBJ.02136","ok","single bole tree","Live",42.3,130,10.0,,,,8.5,8.0,"Full sun",,,,,,,"jrpOJzTntmXy0Hq0KXCTNE1a7gqPknkI","LSZWSTVV0z5VZ7oh/S+B0ibtEIfDV0Jl","legacyData"
"55c6911f-d543-4f5e-a949-00b8466e87f4","CLBJ_043.basePlot.vst","2016-10-20","vst_CLBJ_2016","D11","CLBJ","CLBJ_043",,"NEON.PLA.D11.CLBJ.02163","ok","small tree","Live",2.7,130,3.3,,,,1.6,1.0,,,,,,,,"jrpOJzTntmXy0Hq0KXCTNE1a7gqPknkI","LSZWSTVV0z5VZ7oh/S+B0ibtEIfDV0Jl","legacyData"
"822ea506-dcb3-4bdf-bf56-b070425510b9","CLBJ_043.basePlot.vst","2016-10-20","vst_CLBJ_2016","D11","CLBJ","CLBJ_043",,"NEON.PLA.D11.CLBJ.02199","ok","sapling","Live",,,0.8,,,,,,,,1.3,10,,,,"jrpOJzTntmXy0Hq0KXCTNE1a7gqPknkI","LSZWSTVV0z5VZ7oh/S+B0ibtEIfDV0Jl","legacyData"
"8953cbb5-7623-4257-aa11-f6f7bea4e178","CLBJ_043.basePlot.vst","2016-10-20","vst_CLBJ_2016","D11","CLBJ","CLBJ_043",,"NEON.PLA.D11.CLBJ.02164","ok","single shrub","Live",1.2,130,2.1,0.3,,,2.3,1.8,,"ellipsoid or sphere",2.7,10,,,,"jrpOJzTntmXy0Hq0KXCTNE1a7gqPknkI","LSZWSTVV0z5VZ7oh/S+B0ibtEIfDV0Jl","legacyData"
"b4e5501f-8f6e-472f-8496-bc5640db5bc8","CLBJ_043.basePlot.vst","2016-10-20","vst_CLBJ_2016","D11","CLBJ","CLBJ_043",,"NEON.PLA.D11.CLBJ.02156","ok","small tree","Live",1.9,130,2.4,,,,3.3,2.1,,,,,,,,"jrpOJzTntmXy0Hq0KXCTNE1a7gqPknkI","LSZWSTVV0z5VZ7oh/S+B0ibtEIfDV0Jl","legacyData"
"3530da51-31bf-4869-bcb1-097188bffde3","CLBJ_043.basePlot.vst","2016-10-20","vst_CLBJ_2016","D11","CLBJ","CLBJ_043",,"NEON.PLA.D11.CLBJ.02167","ok","small tree","Live",2.2,130,3.0,,,,2.6,2.2,,,,,,,,"jrpOJzTntmXy0Hq0KXCTNE1a7gqPknkI","LSZWSTVV0z5VZ7oh/S+B0ibtEIfDV0Jl","legacyData"
"2de7c9b6-609f-43c5-ad35-9a0bf5e06991","CLBJ_043.basePlot.vst","2016-10-20","vst_CLBJ_2016","D11","CLBJ","CLBJ_043",,"NEON.PLA.D11.CLBJ.02174","ok","small tree","Live",5.0,130,2.7,,,,2.1,1.8,,,,,,,,"jrpOJzTntmXy0Hq0KXCTNE1a7gqPknkI","LSZWSTVV0z5VZ7oh/S+B0ibtEIfDV0Jl","legacyData"
"cb138dfc-57b8-4828-9312-dee2e56a1d56","CLBJ_043.basePlot.vst","2016-10-20","vst_CLBJ_2016","D11","CLBJ","CLBJ_043",,"NEON.PLA.D11.CLBJ.02161","ok","small tree","Live",2.4,130,2.3,,,,1.7,1.4,,,,,,,,"jrpOJzTntmXy0Hq0KXCTNE1a7gqPknkI","LSZWSTVV0z5VZ7oh/S+B0ibtEIfDV0Jl","legacyData"
"302a1bb5-8202-4268-a720-42e9172b5b17","CLBJ_043.basePlot.vst","2016-10-20","vst_CLBJ_2016","D11","CLBJ","CLBJ_043",,"NEON.PLA.D11.CLBJ.02149","ok","single bole tree","Live",19.1,130,7.6,,,,6.8,4.8,"Partially shaded",,,,,,,"jrpOJzTntmXy0Hq0KXCTNE1a7gqPknkI","LSZWSTVV0z5VZ7oh/S+B0ibtEIfDV0Jl","legacyData"
