uid,namedLocation,domainID,siteID,plotID,plotType,nlcdClass,decimalLatitude,decimalLongitude,geodeticDatum,coordinateUncertainty,elevation,elevationUncertainty,collectDate,eventID,sampleID,sampleCode,samplingMethod,totalSampledArea,targetTaxaPresent,adultCount,nymphCount,larvaCount,sampleCondition,samplingProtocolVersion,measuredBy,remarks
"85cfc574-9bb3-4119-b803-0f346a97accc","BLAN_002.tickPlot.tck","D02","BLAN","BLAN_002","distributed","pastureHay",39.091474,-77.982149,"WGS84",20.1,145.6,0.1,"2016-11-08T19:39Z","BLAN.2016.45",,,"drag",163,"N",0,0,0,"No known compromise","NEON.DOC.014045vG","/AhbGCCF27wHz9TggrmS1nLN8zUO+zcB",
"f36ada47-a75e-4e5f-a595-85ced50e5daa","BLAN_002.tickPlot.tck","D02","BLAN","BLAN_002","distributed","pastureHay",39.091474,-77.982149,"WGS84",20.1,145.6,0.1,"2016-11-21T15:23Z","BLAN.2016.47",,,"drag",160,"N",0,0,0,"No known compromise","NEON.DOC.014045vG","wYCqaZcA+7tKZqVSOMaNBCcRKvQIOBzP",
"c1c197d8-9993-4571-aaae-39fd51e0640a","BLAN_005.tickPlot.tck","D02","BLAN","BLAN_005","distributed","deciduousForest",39.086223,-77.972729,"WGS84",20.2,169.1,0.3,"2016-11-21T16:00Z","BLAN.2016.47",,,"drag",160,"N",0,0,0,"No known compromise","NEON.DOC.014045vG","/AhbGCCF27wHz9TggrmS1nLN8zUO+zcB",
"88a23585-dbeb-4761-a540-afe03dbde7a2","BLAN_004.tickPlot.tck","D02","BLAN","BLAN_004","distributed","pastureHay",39.088416,-77.961331,"WGS84",20.1,123.7,0.1,"2016-11-21T16:46Z","BLAN.2016.47",,,"drag",160,"N",0,0,0,"No known compromise","NEON.DOC.014045vG","wYCqaZcA+7tKZqVSOMaNBCcRKvQIOBzP",
"e03bccc2-7d27-49e3-9957-3f9c7f038d24","BLAN_008.tickPlot.tck","D02","BLAN","BLAN_008","distributed","pastureHay",39.083870,-77.966320,"WGS84",20.4,159.6,0.5,"2016-11-21T17:23Z","BLAN.2016.47",,,"drag",160,"N",0,0,0,"No known compromise","NEON.DOC.014045vG","/AhbGCCF27wHz9TggrmS1nLN8zUO+zcB",
"6baddaea-9566-46d5-a5e3-816fc7d98ef2","BLAN_012.tickPlot.tck","D02","BLAN","BLAN_012","distributed","deciduousForest",39.082720,-77.959589,"WGS84",20.2,135.1,0.2,"2016-11-21T18:01Z","BLAN.2016.47",,,"drag",164,"N",0,0,0,"No known compromise","NEON.DOC.014045vG","wYCqaZcA+7tKZqVSOMaNBCcRKvQIOBzP",
"70d32d67-6350-4782-a716-bb1e76ca736d","BLAN_015.tickPlot.tck","D02","BLAN","BLAN_015","distributed","deciduousForest",39.088728,-77.955494,"WGS84",20.2,125.9,0.2,"2016-11-21T18:39Z","BLAN.2016.47",,,"drag",163,"N",0,0,0,"No known compromise","NEON.DOC.014045vG","/AhbGCCF27wHz9TggrmS1nLN8zUO+zcB",
