uid,namedLocation,domainID,siteID,plotID,plotType,nlcdClass,decimalLatitude,decimalLongitude,geodeticDatum,coordinateUncertainty,elevation,elevationUncertainty,collectDate,eventID,sampleID,sampleCode,samplingMethod,totalSampledArea,targetTaxaPresent,adultCount,nymphCount,larvaCount,sampleCondition,samplingProtocolVersion,measuredBy,remarks
"7f8800c3-44a1-4ff0-9c79-9299e4820524","NIWO_003.tickPlot.tck","D13","NIWO","NIWO_003","distributed","grasslandHerbaceous",40.050268,-105.566230,"WGS84",20.1,3460.4,0.1,"2016-08-04T16:19Z","NIWO.2016.31",,,"drag",161,"N",0,0,0,"No known compromise","NEON.DOC.014045vG","ujqO70sWQRSvMWKa9rkVsPFEC4k2AceMUVFqsHbACz0=",
"0508e701-2e36-4ddb-9491-ab59881229f9","NIWO_006.tickPlot.tck","D13","NIWO","NIWO_006","distributed","grasslandHerbaceous",40.055786,-105.563006,"WGS84",20.1,3455.0,0.1,"2016-08-04T17:35Z","NIWO.2016.31",,,"drag",162,"N",0,0,0,"No known compromise","NEON.DOC.014045vG","ujqO70sWQRSvMWKa9rkVsPFEC4k2AceMUVFqsHbACz0=",
"7f17aa9f-1a60-4572-ada7-d328530aed87","NIWO_021.tickPlot.tck","D13","NIWO","NIWO_021","distributed","evergreenForest",40.041022,-105.541760,"WGS84",20.1,2976.6,0.1,"2016-08-08T15:02Z","NIWO.2016.33",,,"drag and flag",163,"N",0,0,0,"No known compromise","NEON.DOC.014045vG","ovra6XfEp8NChdKvtfRA0gzva1hLgDGR",
"af464228-bb05-4a6d-9356-b971c4edb7c6","NIWO_005.tickPlot.tck","D13","NIWO","NIWO_005","distributed","evergreenForest",40.043842,-105.571603,"WGS84",20.3,3285.9,0.4,"2016-08-10T15:13Z","NIWO.2016.33",,,"drag and flag",84,"N",0,0,0,"No known compromise","NEON.DOC.014045vG","ft2s3GHNn6oXnw/L8dDn+WjM5cwjpaWJY8t81KbBwqU=",
"01a699f3-5a85-4a47-b1e6-850abf442c22","NIWO_017.tickPlot.tck","D13","NIWO","NIWO_017","distributed","evergreenForest",40.042252,-105.565951,"WGS84",20.2,3263.7,0.2,"2016-08-10T16:57Z","NIWO.2016.33",,,"drag and flag",129,"N",0,0,0,"No known compromise","NEON.DOC.014045vG","ft2s3GHNn6oXnw/L8dDn+WjM5cwjpaWJY8t81KbBwqU=",
"4db498f2-618c-4d76-b6db-09142ee27d1c","NIWO_011.tickPlot.tck","D13","NIWO","NIWO_011","distributed","evergreenForest",40.035326,-105.554902,"WGS84",20.4,3103.3,0.4,"2016-08-15T14:29Z","NIWO.2016.33",,,"drag and flag",180,"N",0,0,0,"No known compromise","NEON.DOC.014045vG","ft2s3GHNn6oXnw/L8dDn+WjM5cwjpaWJY8t81KbBwqU=",
