uid,namedLocation,domainID,siteID,plotID,plotType,nlcdClass,decimalLatitude,decimalLongitude,geodeticDatum,coordinateUncertainty,elevation,elevationUncertainty,collectDate,eventID,sampleID,sampleCode,samplingMethod,totalSampledArea,targetTaxaPresent,adultCount,nymphCount,larvaCount,sampleCondition,samplingProtocolVersion,measuredBy,remarks
"fce064bf-560f-48f7-aca0-841426da1886","BART_011.tickPlot.tck","D01","BART","BART_011","distributed","mixedForest",44.048783,-71.295353,"WGS84",20.2,399.5,0.2,"2018-05-01T16:26Z","BART.2018.18",,,"drag and flag",147,"N",0,0,0,,"NEON.DOC.014045vJ","Of2DEjUKv6sdi3UIa48w5IijLRJmWKKvKox8AGrnqQo=","Reduced sample area due to snow coverage"
"cde62ef6-ec3c-4c75-b55c-310ff98451f6","BART_029.tickPlot.tck","D01","BART","BART_029","distributed","evergreenForest",44.058948,-71.289336,"WGS84",20.2,291.7,0.3,"2018-05-01T17:39Z","BART.2018.18",,,"drag and flag",132,"N",0,0,0,,"NEON.DOC.014045vJ","Of2DEjUKv6sdi3UIa48w5IijLRJmWKKvKox8AGrnqQo=",
"c9104b2f-78fd-4229-874a-fe7a1c0af5bb","BART_010.tickPlot.tck","D01","BART","BART_010","distributed","deciduousForest",44.051100,-71.267766,"WGS84",20.2,413.0,0.4,"2018-05-01T18:42Z","BART.2018.18",,,"drag and flag",160,"N",0,0,0,,"NEON.DOC.014045vJ","Of2DEjUKv6sdi3UIa48w5IijLRJmWKKvKox8AGrnqQo=","Reduced sample area due to snow"
"6fa15fb3-7cb2-4807-b151-8ce9fb1cefcb","BART_019.tickPlot.tck","D01","BART","BART_019","distributed","mixedForest",44.069350,-71.288001,"WGS84",20.2,231.8,0.2,"2018-05-01T20:01Z","BART.2018.18",,,"drag and flag",157,"N",0,0,0,,"NEON.DOC.014045vJ","Of2DEjUKv6sdi3UIa48w5IijLRJmWKKvKox8AGrnqQo=",
"8045cb78-0f06-4e39-9737-ebd21ecb045b","BART_002.tickPlot.tck","D01","BART","BART_002","distributed","deciduousForest",44.035231,-71.274674,"WGS84",20.2,502.6,0.3,"2018-05-02T19:57Z","BART.2018.18",,,"drag and flag",160,"N",0,0,0,,"NEON.DOC.014045vJ","Of2DEjUKv6sdi3UIa48w5IijLRJmWKKvKox8AGrnqQo=",
"068da034-ba59-4c06-a74c-c68bb5cd04ac","BART_015.tickPlot.tck","D01","BART","BART_015","distributed","mixedForest",44.042149,-71.271603,"WGS84",20.3,455.0,0.5,"2018-05-02T21:06Z","BART.2018.18",,,"drag and flag",160,"N",0,0,0,,"NEON.DOC.014045vJ","IchdSUvEujr74OCkHV8AJLS68Jq8lF4diJSDT+YtveYPkiEW+UD2ag==",
