uid,namedLocation,date,domainID,siteID,plotID,plotType,nlcdClass,decimalLatitude,decimalLongitude,geodeticDatum,coordinateUncertainty,easting,northing,utmZone,elevation,elevationUncertainty,eventID,samplingProtocolVersion,treesPresent,treesAbsentList,shrubsPresent,shrubsAbsentList,lianasPresent,lianasAbsentList,nestedSubplotAreaShrubSapling,nestedSubplotAreaLiana,totalSampledAreaTrees,totalSampledAreaShrubSapling,totalSampledAreaLiana,remarks,measuredBy,recordedBy,dataQF
"fdb1cf53-cd26-4f71-9f74-695ebcfd6eff","ONAQ_041.basePlot.vst","2016-07-12","D15","ONAQ","ONAQ_041","tower","shrubScrub",40.174020,-112.452841,"WGS84",20.1,376299.06,4448083.90,"12N",1651.0,0.1,"vst_ONAQ_2016","NEON.DOC.000987vE","N",,"Y",,"N",,"10","noneSelected",400,80,400,,"W+a35C/f5OdAWRb04dAh0sw0TUBSwvpg","4xgP2ihFxS8SUdaV5FMFkFb4YPVRN1yP",
"0e6316f9-f698-4dc6-9d71-6dbacfb38c7e","ONAQ_042.basePlot.vst","2016-07-13","D15","ONAQ","ONAQ_042","tower","shrubScrub",40.176672,-112.456784,"WGS84",20.1,375968.15,4448383.77,"12N",1664.2,0.1,"vst_ONAQ_2016","NEON.DOC.000987vE","N",,"Y",,"N",,"10","noneSelected",400,80,400,,"4xgP2ihFxS8SUdaV5FMFkFb4YPVRN1yP","zfKUmaCw/fmMIyFtNIUAZaoavJKpjMmv",
"4ccff7e5-1015-4d6b-9d4a-c9def27fd660","ONAQ_043.basePlot.vst","2016-07-13","D15","ONAQ","ONAQ_043","tower","shrubScrub",40.173719,-112.456713,"WGS84",20.1,375968.82,4448055.89,"12N",1658.5,0.2,"vst_ONAQ_2016","NEON.DOC.000987vE","N",,"Y",,"N",,"10","noneSelected",400,80,400,,"D1jrxg2YLS//oLEpl5ktAWgJkZADIS1b","W+a35C/f5OdAWRb04dAh0sw0TUBSwvpg",
"fb0f2174-e7d8-4861-8633-fc2f9deba1c6","ONAQ_044.basePlot.vst","2016-07-19","D15","ONAQ","ONAQ_044","tower","shrubScrub",40.175365,-112.453933,"WGS84",20.1,376208.52,4448234.71,"12N",1655.4,0.2,"vst_ONAQ_2016","NEON.DOC.000987vE","N",,"Y",,"N",,"10","noneSelected",400,80,400,,"W+a35C/f5OdAWRb04dAh0sw0TUBSwvpg","D1jrxg2YLS//oLEpl5ktAWgJkZADIS1b",
"17146d6c-a2f1-4802-9d15-315e93952896","ONAQ_046.basePlot.vst","2016-07-20","D15","ONAQ","ONAQ_046","tower","shrubScrub",40.175373,-112.455002,"WGS84",10.1,376117.52,4448237.09,"12N",1657.9,0.1,"vst_ONAQ_2016","NEON.DOC.000987vE","N",,"Y",,"N",,"10","noneSelected",400,80,400,,"D1jrxg2YLS//oLEpl5ktAWgJkZADIS1b","W+a35C/f5OdAWRb04dAh0sw0TUBSwvpg",
"158ff8c5-7910-4d5e-8754-c2806c9c1b9b","ONAQ_047.basePlot.vst","2016-07-21","D15","ONAQ","ONAQ_047","tower","shrubScrub",40.175101,-112.452516,"WGS84",10.1,376328.70,4448203.43,"12N",1652.1,0.1,"vst_ONAQ_2016","NEON.DOC.000987vE","N",,"Y",,"N",,"10","noneSelected",400,80,400,,"W+a35C/f5OdAWRb04dAh0sw0TUBSwvpg","D1jrxg2YLS//oLEpl5ktAWgJkZADIS1b",
"26dc7116-0747-4f38-9cc7-e55966216cfe","ONAQ_045.basePlot.vst","2016-07-21","D15","ONAQ","ONAQ_045","tower","grasslandHerbaceous",40.173199,-112.454237,"WGS84",10.1,376178.70,4447994.71,"12N",1653.3,0.1,"vst_ONAQ_2016","NEON.DOC.000987vE",,,,,,,"noneSelected","noneSelected",400,400,400,,"W+a35C/f5OdAWRb04dAh0sw0TUBSwvpg","D1jrxg2YLS//oLEpl5ktAWgJkZADIS1b",
