uid,namedLocation,domainID,siteID,plotID,plotType,nlcdClass,decimalLatitude,decimalLongitude,geodeticDatum,coordinateUncertainty,elevation,elevationUncertainty,collectDate,eventID,sampleID,sampleCode,samplingMethod,totalSampledArea,targetTaxaPresent,adultCount,nymphCount,larvaCount,sampleCondition,samplingProtocolVersion,measuredBy,remarks
"16a3156a-f00c-4bbe-8123-11fcc7b0914a","UNDE_003.tickPlot.tck","D05","UNDE","UNDE_003","distributed","woodyWetlands",46.257317,-89.534895,"WGS84",20.1,501.9,0.1,"2014-06-05T18:10Z","UNDE.2014.22","UNDE_003.20140605",,"drag and flag",173,"Y",1,0,0,"No known compromise","NEON.DOC.014045vD","63I3yCIqlmBF7juEo8KORQ==","flagged 26 m; approximately 15 percent of transect"
"e6f07633-1175-4086-ad17-c89eaebf7a5f","UNDE_013.tickPlot.tck","D05","UNDE","UNDE_013","distributed","deciduousForest",46.227776,-89.535166,"WGS84",20.2,510.3,0.3,"2014-06-24T16:03Z","UNDE.2014.25",,,"drag and flag",155,"N",0,0,0,,"NEON.DOC.014045vD","EnNYaN9AODRiQMOaYfKxKQ==","flagged for 3m; could not divert around water so skipped 9 m; 4m total diversion; no transcription errors"
"3adaf4bd-aa3f-4d34-aff7-1e02c1ce4968","UNDE_017.tickPlot.tck","D05","UNDE","UNDE_017","distributed","mixedForest",46.236736,-89.497054,"WGS84",20.1,518.8,0.2,"2014-06-24T18:45Z","UNDE.2014.25",,,"drag and flag",161,"N",0,0,0,,"NEON.DOC.014045vD","EnNYaN9AODRiQMOaYfKxKQ==",
"1a8656ad-e8ba-48e5-bb8d-3936cd12bb88","UNDE_003.tickPlot.tck","D05","UNDE","UNDE_003","distributed","woodyWetlands",46.257317,-89.534895,"WGS84",20.1,501.9,0.1,"2014-06-26T17:40Z","UNDE.2014.25",,,"drag and flag",175,"N",0,0,0,,"NEON.DOC.014045vD","Hr4BmNaFhsS7lobjgbidLw==","flagged for around 50m; no transcription errors"
"4b9801d6-fec2-40c8-af77-edd088c6e2d8","UNDE_002.tickPlot.tck","D05","UNDE","UNDE_002","distributed","woodyWetlands",46.242285,-89.543255,"WGS84",20.3,506.2,0.4,"2014-06-26T18:00Z","UNDE.2014.25",,,"drag and flag",177,"N",0,0,0,,"NEON.DOC.014045vD","EnNYaN9AODRiQMOaYfKxKQ==","flagged for 24m"
"ccb7daf8-2250-4b73-8aa9-e3a24c04bffd","UNDE_019.tickPlot.tck","D05","UNDE","UNDE_019","distributed","deciduousForest",46.257425,-89.542054,"WGS84",20.2,519.0,0.2,"2014-06-26T19:30Z","UNDE.2014.25",,,"drag and flag",165,"N",0,0,0,,"NEON.DOC.014045vD","EnNYaN9AODRiQMOaYfKxKQ==","flagged for 23m"
