uid,namedLocation,domainID,siteID,plotID,plotType,nlcdClass,decimalLatitude,decimalLongitude,geodeticDatum,coordinateUncertainty,elevation,elevationUncertainty,collectDate,eventID,sampleID,sampleCode,samplingMethod,totalSampledArea,targetTaxaPresent,adultCount,nymphCount,larvaCount,sampleCondition,samplingProtocolVersion,measuredBy,remarks
"9c1e27e0-b391-46bb-985a-dac0e591a55d","SRER_006.tickPlot.tck","D14","SRER","SRER_006","distributed","shrubScrub",31.797005,-110.910555,"WGS84",20.1,1046.3,0.1,"2017-06-05T15:18Z","SRER.2017.24",,,"drag",177,"N",0,0,0,,"NEON.DOC.014045vH","5P9rmOp1P9qsXQarJJnM4rTn6gaFs3TLl2ehsbMRLi8=",
"d8ecafb2-2ca7-4e2a-aff3-7f2917b7d7b8","SRER_004.tickPlot.tck","D14","SRER","SRER_004","distributed","shrubScrub",31.908022,-110.816123,"WGS84",20.0,1039.1,0.0,"2017-06-05T15:40Z","SRER.2017.24",,,"drag and flag",176,"N",0,0,0,,"NEON.DOC.014045vH","WOh3MUbP6Q+j1CogwJCpfLELcB/KG1G6GiQM8FJNhb4=",
"e238dcd6-1f08-4150-874c-26d97842f194","SRER_003.tickPlot.tck","D14","SRER","SRER_003","distributed","shrubScrub",31.840004,-110.915794,"WGS84",20.1,977.6,0.1,"2017-06-05T16:32Z","SRER.2017.24",,,"drag and flag",172,"N",0,0,0,,"NEON.DOC.014045vG","5P9rmOp1P9qsXQarJJnM4rTn6gaFs3TLl2ehsbMRLi8=",
"63c9589c-2bdb-42d6-b385-84fbb00a5a1a","SRER_008.tickPlot.tck","D14","SRER","SRER_008","distributed","shrubScrub",31.868129,-110.813836,"WGS84",20.1,1172.7,0.1,"2017-06-05T17:12Z","SRER.2017.24",,,"drag and flag",176,"N",0,0,0,,"NEON.DOC.014045vG","WOh3MUbP6Q+j1CogwJCpfLELcB/KG1G6GiQM8FJNhb4=",
"ecdc7c47-2c26-43a3-8d05-d41a50aac00f","SRER_007.tickPlot.tck","D14","SRER","SRER_007","distributed","shrubScrub",31.898810,-110.874149,"WGS84",20.1,934.9,0.1,"2017-06-05T18:15Z","SRER.2017.24",,,"drag and flag",160,"N",0,0,0,,"NEON.DOC.014045vG","WOh3MUbP6Q+j1CogwJCpfLELcB/KG1G6GiQM8FJNhb4=",
"023d08c5-5161-46f4-ad3d-0a7b5dcabef1","SRER_002.tickPlot.tck","D14","SRER","SRER_002","distributed","shrubScrub",31.871226,-110.855454,"WGS84",20.1,1032.1,0.1,"2017-06-05T18:31Z","SRER.2017.24",,,"drag and flag",180,"N",0,0,0,,"NEON.DOC.014045vG","Sf6Yo6UV2y4IqBxH2CIvxtTGM+hWRbt0qlTMKiAoDAg=",
"dba4124e-236e-45a0-a830-40f19a285e29","SRER_004.tickPlot.tck","D14","SRER","SRER_004","distributed","shrubScrub",31.908022,-110.816123,"WGS84",20.0,1039.1,0.0,"2017-06-20T17:56Z","SRER.2017.26",,,"drag and flag",100,"N",0,0,0,,"NEON.DOC.014045vH","47fmII3dmbwIJec1dxdwyBiGTksx4UMrFdhMVXVxQHE=","Added 20m"
"21c6af72-05fc-416d-b1e5-3fe8d0b586f5","SRER_002.tickPlot.tck","D14","SRER","SRER_002","distributed","shrubScrub",31.871226,-110.855454,"WGS84",20.1,1032.1,0.1,"2017-06-20T19:20Z","SRER.2017.26",,,"drag and flag",100,"N",0,0,0,,"NEON.DOC.014045vH","U4kvMG6rGRhAGF6ux0lJOMuhNa/DRZZ9PaodSBi6fAA=","Added 20m"
