uid,namedLocation,domainID,siteID,plotID,plotType,nlcdClass,decimalLatitude,decimalLongitude,geodeticDatum,coordinateUncertainty,elevation,elevationUncertainty,collectDate,eventID,sampleID,sampleCode,samplingMethod,totalSampledArea,targetTaxaPresent,adultCount,nymphCount,larvaCount,sampleCondition,samplingProtocolVersion,measuredBy,remarks
"8c155e20-b020-4900-b35a-202598a08d3f","MOAB_005.tickPlot.tck","D13","MOAB","MOAB_005","distributed","shrubScrub",38.210851,-109.402026,"WGS84",20.1,1763.5,0.1,"2016-03-25T15:41Z","MOAB.2016.12",,,"drag and flag",166,"N",0,0,0,"No known compromise","NEON.DOC.014045vG","ce8X945k45orsD7Op+A1R0VZDTNjIA3X","Divert= +2m +0.3m +2.0m +2.0m"
"4a617eff-be8f-4796-b9ba-95024d41ff07","MOAB_002.tickPlot.tck","D13","MOAB","MOAB_002","distributed","shrubScrub",38.211659,-109.413380,"WGS84",20.1,1770.3,0.1,"2016-03-25T16:45Z","MOAB.2016.12",,,"drag",162,"N",0,0,0,"No known compromise","NEON.DOC.014045vG","ce8X945k45orsD7Op+A1R0VZDTNjIA3X","Dev. +2.0m, windy conditions"
"2ddd4e3b-19be-4a77-8925-088a940d2e42","MOAB_006.tickPlot.tck","D13","MOAB","MOAB_006","distributed","shrubScrub",38.235080,-109.406067,"WGS84",20.1,1759.8,0.1,"2016-03-25T18:22Z","MOAB.2016.12",,,"drag and flag",172,"N",0,0,0,"No known compromise","NEON.DOC.014045vG","ce8X945k45orsD7Op+A1R0VZDTNjIA3X","Dev. +1.5m +0.5m +0.5m +1.0m +2.0m +2.0m +2.5m +1.5m, windy conditions"
"71e31127-cc73-4f8f-b747-750ffb080d49","MOAB_004.tickPlot.tck","D13","MOAB","MOAB_004","distributed","shrubScrub",38.234505,-109.398111,"WGS84",20.1,1763.9,0.1,"2016-03-25T19:21Z","MOAB.2016.12",,,"drag and flag",161,"N",0,0,0,"No known compromise","NEON.DOC.014045vG","ce8X945k45orsD7Op+A1R0VZDTNjIA3X","Dev. 1.0m, windy conditions"
"149b9262-6096-40e8-b7fd-b1eb40ca994e","MOAB_001.tickPlot.tck","D13","MOAB","MOAB_001","distributed","shrubScrub",38.258888,-109.413897,"WGS84",20.1,1804.0,0.1,"2016-03-25T20:35Z","MOAB.2016.12",,,"drag and flag",170,"N",0,0,0,"No known compromise","NEON.DOC.014045vG","ce8X945k45orsD7Op+A1R0VZDTNjIA3X","Dev. +0.5m +1.0m + 1.0m +1.5m +2.0m +2.5m +1.0m, windy conditions"
