uid,namedLocation,domainID,siteID,plotID,plotType,nlcdClass,decimalLatitude,decimalLongitude,geodeticDatum,coordinateUncertainty,elevation,elevationUncertainty,collectDate,eventID,sampleID,sampleCode,samplingMethod,totalSampledArea,targetTaxaPresent,adultCount,nymphCount,larvaCount,sampleCondition,samplingProtocolVersion,measuredBy,remarks
"293b147f-571a-4817-89e6-506a4970faf7","GRSM_015.tickPlot.tck","D07","GRSM","GRSM_015","distributed","deciduousForest",35.729089,-83.408061,"WGS84",20.2,448.3,0.2,"2017-06-01T14:10Z","GRSM.2017.23",,,"drag",162,"N",0,0,0,,"NEON.DOC.014045vG","2EQFOoUV8jVjNE1BpwGY8Orlr2HW2VdBHIxr/sxWvp0=",
"28cbd9dd-f7cd-4464-95b4-d2e1077fb95e","GRSM_009.tickPlot.tck","D07","GRSM","GRSM_009","distributed","deciduousForest",35.671874,-83.491180,"WGS84",20.2,820.9,0.2,"2017-06-01T16:11Z","GRSM.2017.23",,,"drag and flag",168,"N",0,0,0,,"NEON.DOC.014045vH","a/aqUH+4CfjbVMKT8GZX5jp1ciwPhaJJmObVM7eRPRo=",
"6eef56c0-267d-4c8f-a91a-b43e3a29c362","GRSM_010.tickPlot.tck","D07","GRSM","GRSM_010","distributed","deciduousForest",35.669242,-83.524579,"WGS84",20.2,510.4,0.3,"2017-06-01T17:00Z","GRSM.2017.23",,,"drag and flag",170,"N",0,0,0,,"NEON.DOC.014045vH","B89Z/IeBZxWLIW3Z9xXJ10X7Hm8jgTUapi15Hp4Dy9Q=",
"934f4780-795e-4323-bfd4-4c5ea7234ae7","GRSM_003.tickPlot.tck","D07","GRSM","GRSM_003","distributed","deciduousForest",35.676584,-83.476209,"WGS84",20.2,880.6,0.2,"2017-06-01T17:22Z","GRSM.2017.23",,,"drag and flag",162,"N",0,0,0,,"NEON.DOC.014045vG","2EQFOoUV8jVjNE1BpwGY8Orlr2HW2VdBHIxr/sxWvp0=",
"73ba4213-7ea3-405c-9ddb-f8eaf97e2a09","GRSM_006.tickPlot.tck","D07","GRSM","GRSM_006","distributed","deciduousForest",35.679072,-83.643678,"WGS84",20.2,533.6,0.2,"2017-06-02T02:10Z","GRSM.2017.23",,,"drag and flag",160,"N",0,0,0,,"NEON.DOC.014045vH","B89Z/IeBZxWLIW3Z9xXJ10X7Hm8jgTUapi15Hp4Dy9Q=",
"10e9ecb6-c73e-4662-88fb-39e6d946806d","GRSM_004.tickPlot.tck","D07","GRSM","GRSM_004","distributed","deciduousForest",35.688959,-83.535562,"WGS84",20.3,441.9,0.5,"2017-06-02T03:10Z","GRSM.2017.23",,,"drag and flag",165,"N",0,0,0,,"NEON.DOC.014045vH","B89Z/IeBZxWLIW3Z9xXJ10X7Hm8jgTUapi15Hp4Dy9Q=",
"fdfd17a6-ef03-43e5-9bc4-bb4376ec6ff1","GRSM_015.tickPlot.tck","D07","GRSM","GRSM_015","distributed","deciduousForest",35.729089,-83.408061,"WGS84",20.2,448.3,0.2,"2017-06-14T14:42Z","GRSM.2017.25",,,"drag and flag",163,"N",0,0,0,,"NEON.DOC.014045vH","B89Z/IeBZxWLIW3Z9xXJ10X7Hm8jgTUapi15Hp4Dy9Q=",
"70151439-7482-458c-986d-13ba1a992d5b","GRSM_006.tickPlot.tck","D07","GRSM","GRSM_006","distributed","deciduousForest",35.679072,-83.643678,"WGS84",20.2,533.6,0.2,"2017-06-14T14:47Z","GRSM.2017.25","GRSM_006.20170614",,"drag and flag",165,"Y",1,0,0,"No known compromise","NEON.DOC.014045vH","w91v36heNcLPpG5HFO6Za4pIZvRnXtrvrkmAzkNhzMc=",
"a3b9fbb4-a215-4c08-a4a7-415a63445828","GRSM_009.tickPlot.tck","D07","GRSM","GRSM_009","distributed","deciduousForest",35.671874,-83.491180,"WGS84",20.2,820.9,0.2,"2017-06-14T16:08Z","GRSM.2017.25",,,"drag and flag",165,"N",0,0,0,,"NEON.DOC.014045vH","B89Z/IeBZxWLIW3Z9xXJ10X7Hm8jgTUapi15Hp4Dy9Q=",
"f2d64a30-885a-4796-92de-69f273ccc39f","GRSM_010.tickPlot.tck","D07","GRSM","GRSM_010","distributed","deciduousForest",35.669242,-83.524579,"WGS84",20.2,510.4,0.3,"2017-06-14T16:36Z","GRSM.2017.25",,,"drag and flag",163,"N",0,0,0,,"NEON.DOC.014045vH","w91v36heNcLPpG5HFO6Za4pIZvRnXtrvrkmAzkNhzMc=",
"8cfd7714-91bc-4df8-8a7f-9c7a8d2fddbc","GRSM_003.tickPlot.tck","D07","GRSM","GRSM_003","distributed","deciduousForest",35.676584,-83.476209,"WGS84",20.2,880.6,0.2,"2017-06-14T17:06Z","GRSM.2017.25",,,"drag and flag",168,"N",0,0,0,,"NEON.DOC.014045vH","bj8+IJTPpK9B+X2rN/KZV03LBpX6wb7cr0Ettjp1m08=",
"a48d8eb7-941d-4954-a9d9-caa130c7242c","GRSM_004.tickPlot.tck","D07","GRSM","GRSM_004","distributed","deciduousForest",35.688959,-83.535562,"WGS84",20.3,441.9,0.5,"2017-06-14T17:35Z","GRSM.2017.25",,,"drag and flag",155,"N",0,0,0,,"NEON.DOC.014045vH","w91v36heNcLPpG5HFO6Za4pIZvRnXtrvrkmAzkNhzMc=",
