uid,namedLocation,domainID,siteID,plotID,plotType,nlcdClass,decimalLatitude,decimalLongitude,geodeticDatum,coordinateUncertainty,elevation,elevationUncertainty,collectDate,eventID,sampleID,sampleCode,samplingMethod,totalSampledArea,targetTaxaPresent,adultCount,nymphCount,larvaCount,sampleCondition,samplingProtocolVersion,measuredBy,remarks
"c5e5632a-2a17-4d12-9a8e-61d681cd9f1b","GRSM_015.tickPlot.tck","D07","GRSM","GRSM_015","distributed","deciduousForest",35.729089,-83.408061,"WGS84",20.2,448.3,0.2,"2018-08-24T05:10Z","GRSM.2018.34",,,"drag and flag",160,"N",0,0,0,,"NEON.DOC.014045vJ","ntMKYxYUttiqg+M2We4SbKWIfDoMDecaAZhfwjEr5Eo=",
"c1649353-aa8c-45ca-8882-fd8948ecb990","GRSM_006.tickPlot.tck","D07","GRSM","GRSM_006","distributed","deciduousForest",35.679072,-83.643678,"WGS84",20.2,533.6,0.2,"2018-08-24T13:04Z","GRSM.2018.34",,,"drag and flag",160,"N",0,0,0,,"NEON.DOC.014045vJ","ntMKYxYUttiqg+M2We4SbKWIfDoMDecaAZhfwjEr5Eo=",
"9370d28e-ef25-4fb8-af3a-e97952c1c1ff","GRSM_010.tickPlot.tck","D07","GRSM","GRSM_010","distributed","deciduousForest",35.669242,-83.524579,"WGS84",20.2,510.4,0.3,"2018-08-24T14:35Z","GRSM.2018.34",,,"drag and flag",160,"N",0,0,0,,"NEON.DOC.014045vJ","ntMKYxYUttiqg+M2We4SbKWIfDoMDecaAZhfwjEr5Eo=",
"0325814c-4784-438b-90b2-7bc0ff313ce5","GRSM_004.tickPlot.tck","D07","GRSM","GRSM_004","distributed","deciduousForest",35.688959,-83.535562,"WGS84",20.3,441.9,0.5,"2018-08-24T16:05Z","GRSM.2018.34",,,"drag and flag",165,"N",0,0,0,,"NEON.DOC.014045vJ","ntMKYxYUttiqg+M2We4SbKWIfDoMDecaAZhfwjEr5Eo=",
"9807410e-fbaa-40d0-959b-14be0b104342","GRSM_003.tickPlot.tck","D07","GRSM","GRSM_003","distributed","deciduousForest",35.676584,-83.476209,"WGS84",20.2,880.6,0.2,"2018-08-27T07:23Z","GRSM.2018.35",,,"drag and flag",160,"N",0,0,0,,"NEON.DOC.014045vJ","wM7RiZAgiqTXE8H7ijLbvxMcHOeipRU7oQaupLtaZgs=",
"d3afccfb-f47b-4b5d-9728-cb54501619c9","GRSM_009.tickPlot.tck","D07","GRSM","GRSM_009","distributed","deciduousForest",35.671874,-83.491180,"WGS84",20.2,820.9,0.2,"2018-08-27T18:15Z","GRSM.2018.35",,,"drag and flag",160,"N",0,0,0,,"NEON.DOC.014045vJ","ntMKYxYUttiqg+M2We4SbKWIfDoMDecaAZhfwjEr5Eo=",
