uid,namedLocation,domainID,siteID,plotID,plotType,nlcdClass,decimalLatitude,decimalLongitude,geodeticDatum,coordinateUncertainty,elevation,elevationUncertainty,collectDate,eventID,sampleID,sampleCode,samplingMethod,totalSampledArea,targetTaxaPresent,adultCount,nymphCount,larvaCount,sampleCondition,samplingProtocolVersion,measuredBy,remarks
"4d0245f1-eb9c-44ae-a885-d2aeea94d8fb","HARV_002.tickPlot.tck","D01","HARV","HARV_002","distributed","deciduousForest",42.477246,-72.259443,"WGS84",20.2,183.2,0.3,"2018-07-16T13:13Z","HARV.2018.29","HARV_002.20180716","D00000006947","drag and flag",160,"Y",1,7,1,"No known compromise","NEON.DOC.014045vJ","wmmfBNHVICRk+vu5Kic/H9F6Ms5NPrTF+cFo4m84lg0=",
"ef50ec3b-e25e-4d30-a8bf-4f2f79df9872","HARV_001.tickPlot.tck","D01","HARV","HARV_001","distributed","deciduousForest",42.424227,-72.260097,"WGS84",20.2,201.1,0.3,"2018-07-16T15:03Z","HARV.2018.29","HARV_001.20180716","D00000007138","drag and flag",160,"Y",0,4,0,"No known compromise","NEON.DOC.014045vJ","Of2DEjUKv6sdi3UIa48w5IijLRJmWKKvKox8AGrnqQo=",
"752a0d62-991a-403a-a918-60fdbd054caf","HARV_006.tickPlot.tck","D01","HARV","HARV_006","distributed","deciduousForest",42.401938,-72.252716,"WGS84",20.2,190.4,0.3,"2018-07-16T16:11Z","HARV.2018.29","HARV_006.20180716","D00000007252","drag and flag",160,"Y",2,0,0,"No known compromise","NEON.DOC.014045vJ","wmmfBNHVICRk+vu5Kic/H9F6Ms5NPrTF+cFo4m84lg0=",
"a7bcbb01-08b4-4ee9-88a8-ca2067d5995e","HARV_026.tickPlot.tck","D01","HARV","HARV_026","distributed","evergreenForest",42.412068,-72.246529,"WGS84",20.2,185.7,0.3,"2018-07-16T17:01Z","HARV.2018.29","HARV_026.20180716","D00000006833","drag and flag",160,"Y",1,3,0,"No known compromise","NEON.DOC.014045vJ","Of2DEjUKv6sdi3UIa48w5IijLRJmWKKvKox8AGrnqQo=",
"8ea3a3c6-a198-4464-8344-610f7378b6fc","HARV_004.tickPlot.tck","D01","HARV","HARV_004","distributed","mixedForest",42.426878,-72.227943,"WGS84",20.3,185.9,0.3,"2018-07-16T17:55Z","HARV.2018.29","HARV_004.20180716","D00000007189","drag and flag",160,"Y",1,2,0,"No known compromise","NEON.DOC.014045vJ","wmmfBNHVICRk+vu5Kic/H9F6Ms5NPrTF+cFo4m84lg0=",
"30be79ce-cc5f-40e4-a5cd-c869d0f79e13","HARV_022.tickPlot.tck","D01","HARV","HARV_022","distributed","evergreenForest",42.435462,-72.199291,"WGS84",20.3,186.3,0.3,"2018-07-16T18:58Z","HARV.2018.29","HARV_022.20180716","D00000006845","drag and flag",160,"Y",0,9,1,"No known compromise","NEON.DOC.014045vJ","Of2DEjUKv6sdi3UIa48w5IijLRJmWKKvKox8AGrnqQo=",
