uid,namedLocation,domainID,siteID,plotID,plotType,nlcdClass,decimalLatitude,decimalLongitude,geodeticDatum,coordinateUncertainty,elevation,elevationUncertainty,collectDate,eventID,sampleID,sampleCode,samplingMethod,totalSampledArea,targetTaxaPresent,adultCount,nymphCount,larvaCount,sampleCondition,samplingProtocolVersion,measuredBy,remarks
"bafc932e-ff05-4b03-8297-683609e5f2a8","NOGP_006.tickPlot.tck","D09","NOGP","NOGP_006","distributed","grasslandHerbaceous",46.768522,-100.918874,"WGS84",20.1,588.6,0.1,"2016-11-02T16:39Z","NOGP.2016.44",,,"drag",160,"N",0,0,0,"No known compromise","NEON.DOC.014045vG","Y5z6Fmrws3jA1BVsC0w+H9mBsn34g2gg",
"2de2600b-14bc-45bf-ae7f-b7d7c133e7c0","NOGP_001.tickPlot.tck","D09","NOGP","NOGP_001","distributed","grasslandHerbaceous",46.804811,-100.916048,"WGS84",20.0,530.7,0.0,"2016-11-02T18:31Z","NOGP.2016.44",,,"drag",160,"N",0,0,0,"No known compromise","NEON.DOC.014045vG","Y5z6Fmrws3jA1BVsC0w+H9mBsn34g2gg",
"b7df5b98-31c8-471d-82eb-531ec4a03357","NOGP_002.tickPlot.tck","D09","NOGP","NOGP_002","distributed","grasslandHerbaceous",46.797460,-100.910668,"WGS84",20.1,544.6,0.1,"2016-11-02T19:04Z","NOGP.2016.44",,,"drag",160,"N",0,0,0,"No known compromise","NEON.DOC.014045vG","MfODK+JJmcLqkB6yRFBuRyUZt7q1nY/W",
"ac12bde6-df4b-417f-94ca-58be8060efe2","NOGP_005.tickPlot.tck","D09","NOGP","NOGP_005","distributed","grasslandHerbaceous",46.787576,-100.916830,"WGS84",20.0,564.6,0.0,"2016-11-02T19:39Z","NOGP.2016.44",,,"drag",160,"N",0,0,0,"No known compromise","NEON.DOC.014045vG","MfODK+JJmcLqkB6yRFBuRyUZt7q1nY/W",
"7fc2dc79-c1b3-4d34-a539-2ea17137ac5d","NOGP_008.tickPlot.tck","D09","NOGP","NOGP_008","distributed","grasslandHerbaceous",46.783500,-100.905977,"WGS84",20.1,562.0,0.1,"2016-11-02T20:20Z","NOGP.2016.44",,,"drag",160,"N",0,0,0,"No known compromise","NEON.DOC.014045vG","Y5z6Fmrws3jA1BVsC0w+H9mBsn34g2gg",
"cb042bf1-4120-4d84-9974-9534ec3e3553","NOGP_007.tickPlot.tck","D09","NOGP","NOGP_007","distributed","grasslandHerbaceous",46.813251,-100.903783,"WGS84",20.0,527.7,0.0,"2016-11-02T20:55Z","NOGP.2016.44",,,"drag",160,"N",0,0,0,"No known compromise","NEON.DOC.014045vG","MfODK+JJmcLqkB6yRFBuRyUZt7q1nY/W",
"7ae15612-56df-4af2-8f30-cc2a19163360","NOGP_001.tickPlot.tck","D09","NOGP","NOGP_001","distributed","grasslandHerbaceous",46.804811,-100.916048,"WGS84",20.0,530.7,0.0,"2016-11-09T16:02Z","NOGP.2016.45",,,"drag",160,"N",0,0,0,"No known compromise","NEON.DOC.014045vG","GOvgZIvQ0qQHj/ySC0OOMgunX2ZttPpr",
"9ff8f184-6054-4ebb-bd04-c00f9552591c","NOGP_006.tickPlot.tck","D09","NOGP","NOGP_006","distributed","grasslandHerbaceous",46.768522,-100.918874,"WGS84",20.1,588.6,0.1,"2016-11-09T16:46Z","NOGP.2016.45",,,"drag",160,"N",0,0,0,"No known compromise","NEON.DOC.014045vG","GOvgZIvQ0qQHj/ySC0OOMgunX2ZttPpr",
"aeb35996-11f7-4963-b77d-d89ceb987b02","NOGP_008.tickPlot.tck","D09","NOGP","NOGP_008","distributed","grasslandHerbaceous",46.783500,-100.905977,"WGS84",20.1,562.0,0.1,"2016-11-09T17:56Z","NOGP.2016.45",,,"drag",160,"N",0,0,0,"No known compromise","NEON.DOC.014045vG","GOvgZIvQ0qQHj/ySC0OOMgunX2ZttPpr",
"f2e47ed4-0409-4b1f-849f-04c0c8768e8b","NOGP_005.tickPlot.tck","D09","NOGP","NOGP_005","distributed","grasslandHerbaceous",46.787576,-100.916830,"WGS84",20.0,564.6,0.0,"2016-11-09T18:41Z","NOGP.2016.45",,,"drag",160,"N",0,0,0,"No known compromise","NEON.DOC.014045vG","GOvgZIvQ0qQHj/ySC0OOMgunX2ZttPpr",
"e42f729b-a2c1-4459-b9e2-843127a088d6","NOGP_002.tickPlot.tck","D09","NOGP","NOGP_002","distributed","grasslandHerbaceous",46.797460,-100.910668,"WGS84",20.1,544.6,0.1,"2016-11-09T19:13Z","NOGP.2016.45",,,"drag",160,"N",0,0,0,"No known compromise","NEON.DOC.014045vG","GOvgZIvQ0qQHj/ySC0OOMgunX2ZttPpr",
"568df874-11e2-419f-a37c-2562aa186912","NOGP_007.tickPlot.tck","D09","NOGP","NOGP_007","distributed","grasslandHerbaceous",46.813251,-100.903783,"WGS84",20.0,527.7,0.0,"2016-11-09T19:47Z","NOGP.2016.45",,,"drag",160,"N",0,0,0,"No known compromise","NEON.DOC.014045vG","GOvgZIvQ0qQHj/ySC0OOMgunX2ZttPpr",
