uid,namedLocation,domainID,siteID,plotID,plotType,nlcdClass,decimalLatitude,decimalLongitude,geodeticDatum,coordinateUncertainty,elevation,elevationUncertainty,collectDate,eventID,sampleID,sampleCode,samplingMethod,totalSampledArea,targetTaxaPresent,adultCount,nymphCount,larvaCount,sampleCondition,samplingProtocolVersion,measuredBy,remarks
"00a2a42b-9204-4cd8-83fb-9485ec5df708","DSNY_001.tickPlot.tck","D03","DSNY","DSNY_001","distributed","woodyWetlands",28.098062,-81.418561,"WGS84",20.1,20.3,0.1,"2018-03-14T12:54Z","DSNY.2018.11",,,"drag",158,"N",0,0,0,,"NEON.DOC.014045vJ","q+sogNxuTpaaq3nt4H3feKdAxSnPr68l",
"a766dfb8-97c3-4d5c-ab7f-1f9799dd4ba6","DSNY_004.tickPlot.tck","D03","DSNY","DSNY_004","distributed","woodyWetlands",28.101022,-81.399501,"WGS84",20.1,18.7,0.1,"2018-03-14T13:41Z","DSNY.2018.11",,,"drag and flag",155,"N",0,0,0,,"NEON.DOC.014045vJ","q+sogNxuTpaaq3nt4H3feKdAxSnPr68l",
"eeb30a22-0bc3-402d-a318-25b5c7528931","DSNY_006.tickPlot.tck","D03","DSNY","DSNY_006","distributed","woodyWetlands",28.093704,-81.398045,"WGS84",20.1,20.1,0.1,"2018-03-14T14:30Z","DSNY.2018.11",,,"drag and flag",155,"N",0,0,0,,"NEON.DOC.014045vJ","q+sogNxuTpaaq3nt4H3feKdAxSnPr68l",
"bf768067-dbee-4fb1-b9c8-9e00176b398f","DSNY_008.tickPlot.tck","D03","DSNY","DSNY_008","distributed","woodyWetlands",28.047337,-81.403204,"WGS84",20.1,18.8,0.1,"2018-03-14T16:45Z","DSNY.2018.11",,,"drag and flag",158,"N",0,0,0,,"NEON.DOC.014045vJ","q+sogNxuTpaaq3nt4H3feKdAxSnPr68l",
"c80e7f81-d841-48f8-bf22-e7b9131a6a34","DSNY_005.tickPlot.tck","D03","DSNY","DSNY_005","distributed","woodyWetlands",28.040497,-81.394482,"WGS84",20.1,16.6,0.1,"2018-03-14T17:20Z","DSNY.2018.11",,,"drag and flag",158,"N",0,0,0,,"NEON.DOC.014045vJ","q+sogNxuTpaaq3nt4H3feKdAxSnPr68l",
"5620021e-a252-4aa9-8979-825068544e0b","DSNY_021.tickPlot.tck","D03","DSNY","DSNY_021","distributed","pastureHay",28.053635,-81.392353,"WGS84",20.1,17.1,0.1,"2018-03-14T18:11Z","DSNY.2018.11",,,"drag and flag",158,"N",0,0,0,,"NEON.DOC.014045vJ","q+sogNxuTpaaq3nt4H3feKdAxSnPr68l",
