uid,namedLocation,domainID,siteID,plotID,plotType,nlcdClass,decimalLatitude,decimalLongitude,geodeticDatum,coordinateUncertainty,elevation,elevationUncertainty,collectDate,eventID,sampleID,sampleCode,samplingMethod,totalSampledArea,targetTaxaPresent,adultCount,nymphCount,larvaCount,sampleCondition,samplingProtocolVersion,measuredBy,remarks
"915210c3-4391-456c-b376-fcec22d6e820","GUAN_002.tickPlot.tck","D04","GUAN","GUAN_002","distributed","evergreenForest",17.972295,-66.826103,"WGS84",6.6,87.8,0.3,"2018-05-30T10:50Z","GUAN.2018.22",,,"flag",125,"N",0,0,0,"No known compromise","NEON.DOC.014045vJ","llBB5GilomiL3H9rNtINJeX8UHMAu+L47sXe3XmgpK0=",
"3354eb0e-177c-4a4b-b445-ed417f56d756","GUAN_031.tickPlot.tck","D04","GUAN","GUAN_031","distributed","evergreenForest",17.962171,-66.844084,"WGS84",6.4,43.4,0.1,"2018-05-30T12:25Z","GUAN.2018.22",,,"drag and flag",116,"N",0,0,0,"No known compromise","NEON.DOC.014045vJ","JYpGqoh1QQ1p5pODTarT01AySkX6zLJm731HDg7Ro1Q=",
"1b3ab921-4ea1-48b8-b6ef-bc57697ac861","GUAN_064.tickPlot.tck","D04","GUAN","GUAN_064","distributed","evergreenForest",17.969936,-66.850735,"WGS84",7.1,117.7,2.6,"2018-05-30T14:00Z","GUAN.2018.22",,,"drag and flag",160,"N",0,0,0,"No known compromise","NEON.DOC.014045vJ","llBB5GilomiL3H9rNtINJeX8UHMAu+L47sXe3XmgpK0=",
"b19254e1-0f93-4ac7-b170-8355cda5c034","GUAN_006.tickPlot.tck","D04","GUAN","GUAN_006","distributed","evergreenForest",17.964057,-66.875100,"WGS84",6.5,84.5,0.3,"2018-05-31T10:50Z","GUAN.2018.22",,,"drag and flag",160,"N",0,0,0,"No known compromise","NEON.DOC.014045vJ","zPBe+8pzAK3Kf4/L2qJV36CjLL5KpYr+dJur8mfsxKJSqtDZzH3Glg==",
"61573f10-bc70-4252-8767-9118ce5d4449","GUAN_065.tickPlot.tck","D04","GUAN","GUAN_065","distributed","evergreenForest",17.972714,-66.873134,"WGS84",6.6,187.3,0.5,"2018-05-31T12:30Z","GUAN.2018.22",,,"drag and flag",151,"N",0,0,0,"No known compromise","NEON.DOC.014045vJ","zPBe+8pzAK3Kf4/L2qJV36CjLL5KpYr+dJur8mfsxKJSqtDZzH3Glg==",
"f2954cf8-1d6b-4189-b075-100559cdaca6","GUAN_066.tickPlot.tck","D04","GUAN","GUAN_066","distributed","evergreenForest",17.974132,-66.879606,"WGS84",6.5,197.3,0.2,"2018-05-31T13:52Z","GUAN.2018.22",,,"drag and flag",160,"N",0,0,0,"No known compromise","NEON.DOC.014045vJ","QjwsLT3YRXx+TelENx9vJ7FMic9R92PL+RnliRZlh40MgCJEP1oVEw==",
