uid,namedLocation,domainID,siteID,plotID,plotType,nlcdClass,decimalLatitude,decimalLongitude,geodeticDatum,coordinateUncertainty,elevation,elevationUncertainty,collectDate,eventID,sampleID,sampleCode,samplingMethod,totalSampledArea,targetTaxaPresent,adultCount,nymphCount,larvaCount,sampleCondition,samplingProtocolVersion,measuredBy,remarks
"b05613ce-108f-4f62-be10-7d2fdb2ec9ae","JORN_004.tickPlot.tck","D14","JORN","JORN_004","distributed","shrubScrub",32.629997,-106.859194,"WGS84",20.1,1332.6,0.1,"2016-11-16T15:51Z","JORN.2016.46",,,"drag and flag",165,"N",0,0,0,"No known compromise","NEON.DOC.014045vG","jsTjq759p0sW6l4HEM4a2vh3YQ8Sowis",
"bbd364b6-f7cb-4d64-ab4d-8af9b758c2e6","JORN_002.tickPlot.tck","D14","JORN","JORN_002","distributed","shrubScrub",32.612341,-106.827225,"WGS84",20.1,1328.9,0.1,"2016-11-16T17:02Z","JORN.2016.46",,,"drag and flag",170,"N",0,0,0,"No known compromise","NEON.DOC.014045vG","jsTjq759p0sW6l4HEM4a2vh3YQ8Sowis",
"5eef61b4-c8c2-46d8-8dc8-7f28d0724e1d","JORN_006.tickPlot.tck","D14","JORN","JORN_006","distributed","shrubScrub",32.591754,-106.825128,"WGS84",20.1,1323.4,0.1,"2016-11-16T17:48Z","JORN.2016.47",,,"drag",174,"N",0,0,0,"No known compromise","NEON.DOC.014045vG","HSLHxoHyU+OUsiFMGmLLQtrjXj9jFn9P",
"f86a5c9e-c498-43a9-91d4-0e5407b776b3","JORN_001.tickPlot.tck","D14","JORN","JORN_001","distributed","shrubScrub",32.603710,-106.801348,"WGS84",20.1,1323.4,0.1,"2016-11-16T18:07Z","JORN.2016.46",,,"drag and flag",176,"N",0,0,0,"No known compromise","NEON.DOC.014045vG","jsTjq759p0sW6l4HEM4a2vh3YQ8Sowis",
"6e034d8d-07aa-4e26-affd-ad8e914121b2","JORN_006.tickPlot.tck","D14","JORN","JORN_006","distributed","shrubScrub",32.591754,-106.825128,"WGS84",20.1,1323.4,0.1,"2016-11-16T19:20Z","JORN.2016.46",,,"drag and flag",168,"N",0,0,0,"No known compromise","NEON.DOC.014045vG","jsTjq759p0sW6l4HEM4a2vh3YQ8Sowis",
"b27d06bf-0905-4011-a8b1-bedcd8019839","JORN_003.tickPlot.tck","D14","JORN","JORN_003","distributed","shrubScrub",32.599768,-106.839372,"WGS84",20.1,1321.1,0.1,"2016-11-16T20:51Z","JORN.2016.46",,,"drag and flag",167,"N",0,0,0,"No known compromise","NEON.DOC.014045vG","jsTjq759p0sW6l4HEM4a2vh3YQ8Sowis",
"2de3db73-92c9-4e48-8bc4-129131cfb1ce","JORN_005.tickPlot.tck","D14","JORN","JORN_005","distributed","shrubScrub",32.575619,-106.801784,"WGS84",20.1,1324.8,0.2,"2016-11-16T22:07Z","JORN.2016.46",,,"drag and flag",170,"N",0,0,0,"No known compromise","NEON.DOC.014045vG","jsTjq759p0sW6l4HEM4a2vh3YQ8Sowis",
