uid,namedLocation,domainID,siteID,plotID,plotType,nlcdClass,decimalLatitude,decimalLongitude,geodeticDatum,coordinateUncertainty,elevation,elevationUncertainty,collectDate,eventID,sampleID,sampleCode,samplingMethod,totalSampledArea,targetTaxaPresent,adultCount,nymphCount,larvaCount,sampleCondition,samplingProtocolVersion,measuredBy,remarks
"6238698c-bee6-4e95-8e67-ac7bca881474","KONZ_001.tickPlot.tck","D06","KONZ","KONZ_001","distributed","grasslandHerbaceous",39.074114,-96.557107,"WGS84",20.0,423.7,0.0,"2015-08-12T14:45Z","KONZ.2015.32",,,"drag",160,"N",0,0,,,"NEON.DOC.014045vF","4ap3oWa44i+OU41AqpNxZie9h1zLMZD/","No ticks collected."
"034b4396-9a2e-44aa-a082-75ced02965ba","KONZ_007.tickPlot.tck","D06","KONZ","KONZ_007","distributed","grasslandHerbaceous",39.087937,-96.545919,"WGS84",20.1,434.0,0.1,"2015-08-12T15:20Z","KONZ.2015.32",,,"drag",160,"N",0,0,,,"NEON.DOC.014045vF","uHorHgDqo3rmbGvlt3J+fC8Uot/6kvDFiz0X+FIku2A=","No ticks collected."
"47a34059-9649-422b-bf70-171262089d8f","KONZ_009.tickPlot.tck","D06","KONZ","KONZ_009","distributed","grasslandHerbaceous",39.107902,-96.584438,"WGS84",20.1,391.9,0.1,"2015-08-12T16:37Z","KONZ.2015.32",,,"drag",160,"N",0,0,,,"NEON.DOC.014045vF","uHorHgDqo3rmbGvlt3J+fC8Uot/6kvDFiz0X+FIku2A=","No ticks collected."
"43736c4b-c44e-42a4-89db-647be907d330","KONZ_025.tickPlot.tck","D06","KONZ","KONZ_025","distributed","deciduousForest",39.103714,-96.597832,"WGS84",20.1,337.3,0.1,"2015-08-12T17:31Z","KONZ.2015.32","KONZ_025.20150812",,"drag",160,"Y",0,3,118,"No known compromise","NEON.DOC.014045vF","uHorHgDqo3rmbGvlt3J+fC8Uot/6kvDFiz0X+FIku2A=",
"d5d9584f-f5e1-4773-8c21-f84d8d5293a8","KONZ_002.tickPlot.tck","D06","KONZ","KONZ_002","distributed","grasslandHerbaceous",39.118977,-96.547146,"WGS84",20.0,394.4,0.0,"2015-08-12T19:45Z","KONZ.2015.32",,,"drag and flag",160,"N",0,0,,,"NEON.DOC.014045vF","4ap3oWa44i+OU41AqpNxZie9h1zLMZD/","No ticks collected."
"6fcd3a6b-926c-491b-b30d-e4af472a4cb5","KONZ_004.tickPlot.tck","D06","KONZ","KONZ_004","distributed","grasslandHerbaceous",39.109647,-96.551370,"WGS84",20.0,371.9,0.0,"2015-08-12T20:50Z","KONZ.2015.32",,,"drag",160,"N",0,0,,,"NEON.DOC.014045vF","4ap3oWa44i+OU41AqpNxZie9h1zLMZD/","No ticks collected."
