uid,namedLocation,domainID,siteID,plotID,plotType,nlcdClass,decimalLatitude,decimalLongitude,geodeticDatum,coordinateUncertainty,elevation,elevationUncertainty,collectDate,eventID,sampleID,sampleCode,samplingMethod,totalSampledArea,targetTaxaPresent,adultCount,nymphCount,larvaCount,sampleCondition,samplingProtocolVersion,measuredBy,remarks
"52cd850c-bb1e-4877-8515-c19e2f3fbbe8","DELA_001.tickPlot.tck","D08","DELA","DELA_001","distributed","woodyWetlands",32.533269,-87.805425,"WGS84",20.2,27.5,0.3,"2017-06-01T13:39Z","DELA.2017.23",,,"drag and flag",110,"N",0,0,0,,"NEON.DOC.014045vH","BDzq2IAJfRwsrXnG+WJfFzkBkbtaDALAaR+O7WZv4cM=",
"d40ecae5-efed-4127-b819-c1f36a8b1c5d","DELA_005.tickPlot.tck","D08","DELA","DELA_005","distributed","woodyWetlands",32.524379,-87.813851,"WGS84",20.1,27.0,0.3,"2017-06-01T13:51Z","DELA.2017.23",,,"drag and flag",170,"N",0,0,0,,"NEON.DOC.014045vH","LVAPgAv6xh19C/3VJQSXPdnCeq509g5NN3aoB1Pgu+U=",
"1fec37e2-0acf-4890-afb1-a1d9228af2cf","DELA_016.tickPlot.tck","D08","DELA","DELA_016","distributed","evergreenForest",32.536850,-87.806995,"WGS84",20.2,23.6,0.3,"2017-06-01T14:29Z","DELA.2017.23",,,"drag",160,"N",0,0,0,,"NEON.DOC.014045vH","BDzq2IAJfRwsrXnG+WJfFzkBkbtaDALAaR+O7WZv4cM=",
"b5c8e668-66e6-4b43-8d2b-4933d97f91f9","DELA_014.tickPlot.tck","D08","DELA","DELA_014","distributed","evergreenForest",32.530627,-87.819367,"WGS84",20.2,33.0,0.2,"2017-06-01T14:43Z","DELA.2017.23",,,"drag",160,"N",0,0,0,,"NEON.DOC.014045vH","KKNuFX5dge7mCdak4zDwt3YSZKmfGLU1bCRmDnOYr9Q=",
"5e71c918-a1f9-4baa-8ea7-4e6504c60812","DELA_008.tickPlot.tck","D08","DELA","DELA_008","distributed","woodyWetlands",32.538884,-87.814145,"WGS84",20.1,24.5,0.2,"2017-06-01T15:27Z","DELA.2017.23",,,"drag and flag",160,"N",0,0,0,,"NEON.DOC.014045vH","KKNuFX5dge7mCdak4zDwt3YSZKmfGLU1bCRmDnOYr9Q=",
"5d151d05-8206-446f-8082-8054a84fbdee","DELA_007.tickPlot.tck","D08","DELA","DELA_007","distributed","woodyWetlands",32.538957,-87.799922,"WGS84",20.2,25.7,0.2,"2017-06-01T15:40Z","DELA.2017.23",,,"drag",160,"N",0,0,0,,"NEON.DOC.014045vH","BDzq2IAJfRwsrXnG+WJfFzkBkbtaDALAaR+O7WZv4cM=",
"65745902-c69e-4b88-8d8f-d5af82b0f680","DELA_007.tickPlot.tck","D08","DELA","DELA_007","distributed","woodyWetlands",32.538957,-87.799922,"WGS84",20.2,25.7,0.2,"2017-06-19T14:56Z","DELA.2017.26","DELA_007.20170619",,"drag",160,"Y",0,0,6,"No known compromise","NEON.DOC.014045vH","1oa2xj2qJQv1pKrpD/skqP7oYbsNfTnS+U+/HNtkLpw=",
"98d499fb-c50e-4e15-bdbe-a66ffd08b596","DELA_005.tickPlot.tck","D08","DELA","DELA_005","distributed","woodyWetlands",32.524379,-87.813851,"WGS84",20.1,27.0,0.3,"2017-06-19T15:00Z","DELA.2017.26","DELA_005.20170619",,"drag and flag",160,"Y",1,0,0,"No known compromise","NEON.DOC.014045vH","Ty5ktdGiRSqkqUWm9Npw4JAlXmlUMfF/XyCnO5fUs8Q=",
"dc081882-3603-4e6d-9de9-aa93a2a7b7b3","DELA_014.tickPlot.tck","D08","DELA","DELA_014","distributed","evergreenForest",32.530627,-87.819367,"WGS84",20.2,33.0,0.2,"2017-06-19T16:16Z","DELA.2017.26",,,"drag",165,"N",0,0,0,,"NEON.DOC.014045vH","Ty5ktdGiRSqkqUWm9Npw4JAlXmlUMfF/XyCnO5fUs8Q=",
"a9a878f0-1ac1-4d9a-bcbe-087b132e47b6","DELA_016.tickPlot.tck","D08","DELA","DELA_016","distributed","evergreenForest",32.536850,-87.806995,"WGS84",20.2,23.6,0.3,"2017-06-19T16:25Z","DELA.2017.26",,,"drag",160,"N",0,0,0,,"NEON.DOC.014045vH","1oa2xj2qJQv1pKrpD/skqP7oYbsNfTnS+U+/HNtkLpw=",
"dbc9b1bd-c2a6-4e0f-af3e-8f781d2e8108","DELA_001.tickPlot.tck","D08","DELA","DELA_001","distributed","woodyWetlands",32.533269,-87.805425,"WGS84",20.2,27.5,0.3,"2017-06-19T17:12Z","DELA.2017.26",,,"drag",100,"N",0,0,0,,"NEON.DOC.014045vH","71MfCy+FRsto69311gQJvR+pq8mHvc/9aCd1qcCUSbo=","Water at plot"
"6cedb81a-976e-4325-8e23-a670c7d1fb56","DELA_008.tickPlot.tck","D08","DELA","DELA_008","distributed","woodyWetlands",32.538884,-87.814145,"WGS84",20.1,24.5,0.2,"2017-06-19T17:35Z","DELA.2017.26",,,"drag and flag",165,"N",0,0,0,,"NEON.DOC.014045vH","BDzq2IAJfRwsrXnG+WJfFzkBkbtaDALAaR+O7WZv4cM=",
