uid,namedLocation,domainID,siteID,plotID,plotType,nlcdClass,decimalLatitude,decimalLongitude,geodeticDatum,coordinateUncertainty,elevation,elevationUncertainty,collectDate,eventID,sampleID,sampleCode,samplingMethod,totalSampledArea,targetTaxaPresent,adultCount,nymphCount,larvaCount,sampleCondition,samplingProtocolVersion,measuredBy,remarks
"056dc4b6-5afc-4fca-ae39-20316c64dcec","RMNP_002.tickPlot.tck","D10","RMNP","RMNP_002","distributed","evergreenForest",40.196225,-105.473182,"WGS84",20.1,2637.7,0.1,"2018-09-12T18:57Z","RMNP.2018.37",,,"drag and flag",165,"N",0,0,0,,"NEON.DOC.014045vJ","dMVZgSbiazUlqT6ETAQDme6D1YfxDk7ceUDtWOFdgrI=",
"f7da165c-ce97-45c0-a075-b63225bb2b2c","RMNP_013.tickPlot.tck","D10","RMNP","RMNP_013","distributed","evergreenForest",40.197179,-105.488569,"WGS84",20.1,2649.5,0.1,"2018-09-12T20:04Z","RMNP.2018.37",,,"drag and flag",160,"N",0,0,0,,"NEON.DOC.014045vJ","dMVZgSbiazUlqT6ETAQDme6D1YfxDk7ceUDtWOFdgrI=",
"b18dbf44-056f-41e9-b212-e2911af34a2e","RMNP_003.tickPlot.tck","D10","RMNP","RMNP_003","distributed","evergreenForest",40.200139,-105.482624,"WGS84",20.1,2658.3,0.1,"2018-09-12T20:48Z","RMNP.2018.37",,,"drag and flag",160,"N",0,0,0,,"NEON.DOC.014045vJ","dMVZgSbiazUlqT6ETAQDme6D1YfxDk7ceUDtWOFdgrI=",
"99a87f44-c547-4a7e-aeb5-971cc2598dfc","RMNP_004.tickPlot.tck","D10","RMNP","RMNP_004","distributed","evergreenForest",40.185729,-105.539818,"WGS84",20.1,2864.5,0.1,"2018-09-13T15:05Z","RMNP.2018.37",,,"drag and flag",170,"N",0,0,0,,"NEON.DOC.014045vJ","dMVZgSbiazUlqT6ETAQDme6D1YfxDk7ceUDtWOFdgrI=",
"f3a98ebe-f627-4986-ae00-a037ab6bbcf1","RMNP_007.tickPlot.tck","D10","RMNP","RMNP_007","distributed","evergreenForest",40.180329,-105.535913,"WGS84",20.1,2821.9,0.1,"2018-09-13T15:59Z","RMNP.2018.37",,,"drag and flag",160,"N",0,0,0,,"NEON.DOC.014045vJ","dMVZgSbiazUlqT6ETAQDme6D1YfxDk7ceUDtWOFdgrI=",
"4ee76287-d4a2-44e4-9ab2-01e32c6256cd","RMNP_012.tickPlot.tck","D10","RMNP","RMNP_012","distributed","evergreenForest",40.156570,-105.533982,"WGS84",20.1,2925.1,0.2,"2018-09-13T18:11Z","RMNP.2018.37",,,"drag and flag",160,"N",0,0,0,,"NEON.DOC.014045vJ","dMVZgSbiazUlqT6ETAQDme6D1YfxDk7ceUDtWOFdgrI=",
