uid,namedLocation,domainID,siteID,plotID,plotType,nlcdClass,decimalLatitude,decimalLongitude,geodeticDatum,coordinateUncertainty,elevation,elevationUncertainty,collectDate,eventID,sampleID,sampleCode,samplingMethod,totalSampledArea,targetTaxaPresent,adultCount,nymphCount,larvaCount,sampleCondition,samplingProtocolVersion,measuredBy,remarks
"4029bacc-94b0-461a-836f-1db0d8b799e3","DELA_008.tickPlot.tck","D08","DELA","DELA_008","distributed","woodyWetlands",32.538884,-87.814145,"WGS84",20.1,24.5,0.2,"2018-10-04T14:41Z","DELA.2018.40",,,"drag and flag",160,"N",0,0,0,,"NEON.DOC.014045vJ","64poQFGJhhoGk+ViS/sbZSFJ9fXNQZFjip4PFFWHEAg=",
"76033af8-fbd6-4ccb-960c-9e2437ebe2a7","DELA_011.tickPlot.tck","D08","DELA","DELA_011","distributed","woodyWetlands",32.519049,-87.817597,"WGS84",20.2,28.6,0.2,"2018-10-04T14:54Z","DELA.2018.40",,,"drag",160,"N",0,0,0,,"NEON.DOC.014045vJ","G+icSEozoRIO8dFY3CkYHkZbh2f4W2fHB+1iI/Y2HzQ=",
"32ab210f-9054-4e09-8a7c-80dfb358f9ac","DELA_014.tickPlot.tck","D08","DELA","DELA_014","distributed","evergreenForest",32.530627,-87.819367,"WGS84",20.2,33.0,0.2,"2018-10-04T15:25Z","DELA.2018.40",,,"drag",160,"N",0,0,0,,"NEON.DOC.014045vJ","64poQFGJhhoGk+ViS/sbZSFJ9fXNQZFjip4PFFWHEAg=",
"900a1ddf-a5bb-4d27-abd2-9efd97523f9e","DELA_005.tickPlot.tck","D08","DELA","DELA_005","distributed","woodyWetlands",32.524379,-87.813851,"WGS84",20.1,27.0,0.3,"2018-10-04T15:34Z","DELA.2018.40",,,"drag",160,"N",0,0,0,,"NEON.DOC.014045vJ","G+icSEozoRIO8dFY3CkYHkZbh2f4W2fHB+1iI/Y2HzQ=",
"f77b53a1-16a1-4061-9afe-3fbf0155093c","DELA_004.tickPlot.tck","D08","DELA","DELA_004","distributed","woodyWetlands",32.531063,-87.813123,"WGS84",20.2,24.4,0.4,"2018-10-04T16:14Z","DELA.2018.40",,,"drag",160,"N",0,0,0,,"NEON.DOC.014045vJ","G+icSEozoRIO8dFY3CkYHkZbh2f4W2fHB+1iI/Y2HzQ=",
"7e6f57ae-9f31-4c71-b1ce-ab863bc5de29","DELA_001.tickPlot.tck","D08","DELA","DELA_001","distributed","woodyWetlands",32.533269,-87.805425,"WGS84",20.2,27.5,0.3,"2018-10-04T16:25Z","DELA.2018.40",,,"drag",135,"N",0,0,0,,"NEON.DOC.014045vJ","64poQFGJhhoGk+ViS/sbZSFJ9fXNQZFjip4PFFWHEAg=",
