uid,namedLocation,date,eventID,domainID,siteID,plotID,subplotID,individualID,tagStatus,growthForm,plantStatus,stemDiameter,measurementHeight,height,baseCrownHeight,breakHeight,breakDiameter,maxCrownDiameter,ninetyCrownDiameter,canopyPosition,shape,basalStemDiameter,basalStemDiameterMsrmntHeight,maxBaseCrownDiameter,ninetyBaseCrownDiameter,remarks,recordedBy,measuredBy,dataQF
"948efa84-1dba-4c22-a319-a16843ca4430","ABBY_063.basePlot.vst","2018-10-03","vst_ABBY_2018","D16","ABBY","ABBY_063",,"NEON.PLA.D16.ABBY.00421","ok","single bole tree","Dead, broken bole",88.3,130,6.8,,6.8,,,,,,,,,,,"CVVq2xYZjFzEqf9VmdGYFLrjxOZnAXEOyha2kYfxgrU=","XF7+6w3ZdG4dkrdZbAxOAZtdZV1tlY7Km4jqFmsFyAs=",
"a4493b7d-d667-41ca-afa2-5b0fb829dfda","ABBY_063.basePlot.vst","2018-10-03","vst_ABBY_2018","D16","ABBY","ABBY_063",,"NEON.PLA.D16.ABBY.00412","ok","small tree","Live",6.2,130,4.9,,,,,,,,,,,,,"CVVq2xYZjFzEqf9VmdGYFLrjxOZnAXEOyha2kYfxgrU=","XF7+6w3ZdG4dkrdZbAxOAZtdZV1tlY7Km4jqFmsFyAs=",
"bc1811f5-cf60-4af2-9e58-d931c287b18f","ABBY_063.basePlot.vst","2018-10-03","vst_ABBY_2018","D16","ABBY","ABBY_063",,"NEON.PLA.D16.ABBY.00919","ok","sapling","Live",,,0.9,,,,,,,,1.0,10,,,,"CVVq2xYZjFzEqf9VmdGYFLrjxOZnAXEOyha2kYfxgrU=","XF7+6w3ZdG4dkrdZbAxOAZtdZV1tlY7Km4jqFmsFyAs=",
"74fd67c8-5d4e-4086-b080-025644679bc2","ABBY_063.basePlot.vst","2018-10-03","vst_ABBY_2018","D16","ABBY","ABBY_063",,"NEON.PLA.D16.ABBY.00925","ok","sapling","Live",,,0.7,,,,,,,,1.1,10,,,,"CVVq2xYZjFzEqf9VmdGYFLrjxOZnAXEOyha2kYfxgrU=","XF7+6w3ZdG4dkrdZbAxOAZtdZV1tlY7Km4jqFmsFyAs=",
"70aed9e1-c4cb-4055-bf7f-e47a59cf99ff","ABBY_063.basePlot.vst","2018-10-03","vst_ABBY_2018","D16","ABBY","ABBY_063",,"NEON.PLA.D16.ABBY.00921","ok","sapling","Live",,,1.6,,,,,,,,1.0,10,,,,"CVVq2xYZjFzEqf9VmdGYFLrjxOZnAXEOyha2kYfxgrU=","XF7+6w3ZdG4dkrdZbAxOAZtdZV1tlY7Km4jqFmsFyAs=",
"b7b426c8-91eb-4aed-9a52-ba0caac555ae","ABBY_063.basePlot.vst","2018-10-03","vst_ABBY_2018","D16","ABBY","ABBY_063",,"NEON.PLA.D16.ABBY.00923","ok","sapling","Live",,,2.4,,,,,,,,2.4,10,,,,"CVVq2xYZjFzEqf9VmdGYFLrjxOZnAXEOyha2kYfxgrU=","XF7+6w3ZdG4dkrdZbAxOAZtdZV1tlY7Km4jqFmsFyAs=",
"3b8de444-49bf-44fa-8308-0faea37a74d7","ABBY_063.basePlot.vst","2018-10-03","vst_ABBY_2018","D16","ABBY","ABBY_063",,"NEON.PLA.D16.ABBY.00417","ok","small tree","Live",9.5,130,7.5,,,,,,,,,,,,,"CVVq2xYZjFzEqf9VmdGYFLrjxOZnAXEOyha2kYfxgrU=","XF7+6w3ZdG4dkrdZbAxOAZtdZV1tlY7Km4jqFmsFyAs=",
"91ed31ef-4c67-4a53-922e-c00bb5978e5d","ABBY_063.basePlot.vst","2018-10-03","vst_ABBY_2018","D16","ABBY","ABBY_063",,"NEON.PLA.D16.ABBY.00408","ok","small tree","Live",1.8,177,3.3,,,,,,,,,,,,,"CVVq2xYZjFzEqf9VmdGYFLrjxOZnAXEOyha2kYfxgrU=","XF7+6w3ZdG4dkrdZbAxOAZtdZV1tlY7Km4jqFmsFyAs=",
"04b50793-a31b-4267-b506-8ca012b3ea24","ABBY_063.basePlot.vst","2018-10-03","vst_ABBY_2018","D16","ABBY","ABBY_063",,"NEON.PLA.D16.ABBY.00918","ok","small tree","Live",1.6,130,2.4,,,,,,,,,,,,,"CVVq2xYZjFzEqf9VmdGYFLrjxOZnAXEOyha2kYfxgrU=","XF7+6w3ZdG4dkrdZbAxOAZtdZV1tlY7Km4jqFmsFyAs=",
"8f169f0e-5865-430e-9e06-d20416070d11","ABBY_063.basePlot.vst","2018-10-03","vst_ABBY_2018","D16","ABBY","ABBY_063",,"NEON.PLA.D16.ABBY.00402","ok","multi-bole tree","Live",11.1,130,8.1,,,,,,,,,,,,,"CVVq2xYZjFzEqf9VmdGYFLrjxOZnAXEOyha2kYfxgrU=","XF7+6w3ZdG4dkrdZbAxOAZtdZV1tlY7Km4jqFmsFyAs=",
"3c8bdbf1-afc8-46ca-8db4-157a86197f30","ABBY_063.basePlot.vst","2018-10-03","vst_ABBY_2018","D16","ABBY","ABBY_063",,"NEON.PLA.D16.ABBY.01812","ok","sapling","Live",,,1.9,,,,,,,,1.6,10,,,,"CVVq2xYZjFzEqf9VmdGYFLrjxOZnAXEOyha2kYfxgrU=","XF7+6w3ZdG4dkrdZbAxOAZtdZV1tlY7Km4jqFmsFyAs=",
"9c7dda93-69ce-46ba-9f89-e8cefbeda889","ABBY_063.basePlot.vst","2018-10-03","vst_ABBY_2018","D16","ABBY","ABBY_063",,"NEON.PLA.D16.ABBY.00402A","ok","multi-bole tree","Live",6.6,130,8.1,,,,,,,,,,,,,"CVVq2xYZjFzEqf9VmdGYFLrjxOZnAXEOyha2kYfxgrU=","XF7+6w3ZdG4dkrdZbAxOAZtdZV1tlY7Km4jqFmsFyAs=",
"124f435e-20b7-400a-b406-9efb0b63d251","ABBY_063.basePlot.vst","2018-10-03","vst_ABBY_2018","D16","ABBY","ABBY_063",,"NEON.PLA.D16.ABBY.00410","ok","sapling","Live",,,0.9,,,,,,,,1.2,10,,,,"CVVq2xYZjFzEqf9VmdGYFLrjxOZnAXEOyha2kYfxgrU=","XF7+6w3ZdG4dkrdZbAxOAZtdZV1tlY7Km4jqFmsFyAs=",
"0a35bdb5-3ef4-431f-8515-8321252904cd","ABBY_063.basePlot.vst","2018-10-03","vst_ABBY_2018","D16","ABBY","ABBY_063",,"NEON.PLA.D16.ABBY.00411","ok","small tree","Live",6.9,130,5.1,,,,,,,,,,,,,"CVVq2xYZjFzEqf9VmdGYFLrjxOZnAXEOyha2kYfxgrU=","XF7+6w3ZdG4dkrdZbAxOAZtdZV1tlY7Km4jqFmsFyAs=",
"376e6e4c-3928-4a27-b8a1-1994805d2e4f","ABBY_063.basePlot.vst","2018-10-03","vst_ABBY_2018","D16","ABBY","ABBY_063",,"NEON.PLA.D16.ABBY.00406","ok","small tree","Live",9.5,130,6.5,,,,,,,,,,,,,"CVVq2xYZjFzEqf9VmdGYFLrjxOZnAXEOyha2kYfxgrU=","XF7+6w3ZdG4dkrdZbAxOAZtdZV1tlY7Km4jqFmsFyAs=",
"94c257b1-31d2-4bd6-b754-167653135a38","ABBY_063.basePlot.vst","2018-10-03","vst_ABBY_2018","D16","ABBY","ABBY_063",,"NEON.PLA.D16.ABBY.00409","ok","sapling","Live",,,1.0,,,,,,,,1.4,12,,,,"CVVq2xYZjFzEqf9VmdGYFLrjxOZnAXEOyha2kYfxgrU=","XF7+6w3ZdG4dkrdZbAxOAZtdZV1tlY7Km4jqFmsFyAs=",
"555a4836-5a54-4873-9966-45f07d119bbc","ABBY_063.basePlot.vst","2018-10-03","vst_ABBY_2018","D16","ABBY","ABBY_063",,"NEON.PLA.D16.ABBY.04351","ok","sapling","Live",,,2.0,,,,,,,,1.5,10,,,,"CVVq2xYZjFzEqf9VmdGYFLrjxOZnAXEOyha2kYfxgrU=","XF7+6w3ZdG4dkrdZbAxOAZtdZV1tlY7Km4jqFmsFyAs=",
"aaa19351-eb09-488c-84d5-4f749594ba98","ABBY_063.basePlot.vst","2018-10-03","vst_ABBY_2018","D16","ABBY","ABBY_063",,"NEON.PLA.D16.ABBY.00921","ok","sapling","Live",,,1.6,,,,,,,,2.0,10,,,,"CVVq2xYZjFzEqf9VmdGYFLrjxOZnAXEOyha2kYfxgrU=","XF7+6w3ZdG4dkrdZbAxOAZtdZV1tlY7Km4jqFmsFyAs=",
"d7aca3bc-a6c8-40fe-be55-be2c49ebc954","ABBY_063.basePlot.vst","2018-10-03","vst_ABBY_2018","D16","ABBY","ABBY_063",,"NEON.PLA.D16.ABBY.01661","ok","sapling","Live",,,2.1,,,,,,,,1.9,10,,,,"CVVq2xYZjFzEqf9VmdGYFLrjxOZnAXEOyha2kYfxgrU=","XF7+6w3ZdG4dkrdZbAxOAZtdZV1tlY7Km4jqFmsFyAs=",
"831da68e-c7da-48c8-a71c-60a18a228441","ABBY_063.basePlot.vst","2018-10-03","vst_ABBY_2018","D16","ABBY","ABBY_063",,"NEON.PLA.D16.ABBY.01661","ok","sapling","Live, physically damaged",,,2.1,,,,,,,,1.0,10,,,"Trampled","CVVq2xYZjFzEqf9VmdGYFLrjxOZnAXEOyha2kYfxgrU=","XF7+6w3ZdG4dkrdZbAxOAZtdZV1tlY7Km4jqFmsFyAs=",
"5a4f07be-aa4e-4e55-b761-49f28fc5e411","ABBY_063.basePlot.vst","2018-10-03","vst_ABBY_2018","D16","ABBY","ABBY_063",,"NEON.PLA.D16.ABBY.00434","ok","small tree","Live",2.2,130,3.5,,,,,,,,,,,,,"CVVq2xYZjFzEqf9VmdGYFLrjxOZnAXEOyha2kYfxgrU=","XF7+6w3ZdG4dkrdZbAxOAZtdZV1tlY7Km4jqFmsFyAs=",
"343c7efa-99e0-481a-8322-95fafc0f60d0","ABBY_063.basePlot.vst","2018-10-03","vst_ABBY_2018","D16","ABBY","ABBY_063",,"NEON.PLA.D16.ABBY.00404","ok","small tree","Live",7.3,130,7.4,,,,,,,,,,,,,"CVVq2xYZjFzEqf9VmdGYFLrjxOZnAXEOyha2kYfxgrU=","XF7+6w3ZdG4dkrdZbAxOAZtdZV1tlY7Km4jqFmsFyAs=",
"96be4967-f739-4aa9-b9b8-1204f9865e67","ABBY_063.basePlot.vst","2018-10-03","vst_ABBY_2018","D16","ABBY","ABBY_063",,"NEON.PLA.D16.ABBY.04395","ok","sapling","Live",,,0.8,,,,,,,,1.0,10,,,,"CVVq2xYZjFzEqf9VmdGYFLrjxOZnAXEOyha2kYfxgrU=","XF7+6w3ZdG4dkrdZbAxOAZtdZV1tlY7Km4jqFmsFyAs=",
"bb73d7e7-0e75-4874-958e-f5f7cd16e509","ABBY_063.basePlot.vst","2018-10-03","vst_ABBY_2018","D16","ABBY","ABBY_063",,"NEON.PLA.D16.ABBY.00414","ok","small tree","Live",5.4,130,4.8,,,,,,,,,,,,,"CVVq2xYZjFzEqf9VmdGYFLrjxOZnAXEOyha2kYfxgrU=","XF7+6w3ZdG4dkrdZbAxOAZtdZV1tlY7Km4jqFmsFyAs=",
"030fa7e0-2b3a-46a6-a336-80a4a3944e02","ABBY_063.basePlot.vst","2018-10-03","vst_ABBY_2018","D16","ABBY","ABBY_063",,"NEON.PLA.D16.ABBY.00410","ok","sapling","Live",,,0.9,,,,,,,,1.1,10,,,,"CVVq2xYZjFzEqf9VmdGYFLrjxOZnAXEOyha2kYfxgrU=","XF7+6w3ZdG4dkrdZbAxOAZtdZV1tlY7Km4jqFmsFyAs=",
"3a5a67de-098a-4632-9b08-7e3a3eae6587","ABBY_063.basePlot.vst","2018-10-03","vst_ABBY_2018","D16","ABBY","ABBY_063",,"NEON.PLA.D16.ABBY.00407","ok","single bole tree","Live",12.6,130,8.4,,,,,,,,,,,,,"CVVq2xYZjFzEqf9VmdGYFLrjxOZnAXEOyha2kYfxgrU=","XF7+6w3ZdG4dkrdZbAxOAZtdZV1tlY7Km4jqFmsFyAs=",
"854a915d-ef84-4093-9932-a754ac011e1a","ABBY_063.basePlot.vst","2018-10-03","vst_ABBY_2018","D16","ABBY","ABBY_063",,"NEON.PLA.D16.ABBY.00404","ok","small tree","Live",8.2,130,7.4,,,,,,,,,,,,,"CVVq2xYZjFzEqf9VmdGYFLrjxOZnAXEOyha2kYfxgrU=","XF7+6w3ZdG4dkrdZbAxOAZtdZV1tlY7Km4jqFmsFyAs=",
"8aa395e7-29c7-4c0e-a6de-6e2673b1e643","ABBY_063.basePlot.vst","2018-10-03","vst_ABBY_2018","D16","ABBY","ABBY_063",,"NEON.PLA.D16.ABBY.01660","ok","sapling","Live",,,1.2,,,,,,,,1.6,10,,,,"CVVq2xYZjFzEqf9VmdGYFLrjxOZnAXEOyha2kYfxgrU=","XF7+6w3ZdG4dkrdZbAxOAZtdZV1tlY7Km4jqFmsFyAs=",
"ea2b8cc4-a0a3-498f-b9fe-9d349154f0c0","ABBY_063.basePlot.vst","2018-10-03","vst_ABBY_2018","D16","ABBY","ABBY_063",,"NEON.PLA.D16.ABBY.00432","ok","sapling","Live",,,0.5,,,,,,,,1.2,10,,,,"CVVq2xYZjFzEqf9VmdGYFLrjxOZnAXEOyha2kYfxgrU=","XF7+6w3ZdG4dkrdZbAxOAZtdZV1tlY7Km4jqFmsFyAs=",
"f9021b69-2a22-44cf-a65f-2f5f02a3c5d1","ABBY_063.basePlot.vst","2018-10-03","vst_ABBY_2018","D16","ABBY","ABBY_063",,"NEON.PLA.D16.ABBY.01666","ok","sapling","Live",,,0.6,,,,,,,,1.5,10,,,,"CVVq2xYZjFzEqf9VmdGYFLrjxOZnAXEOyha2kYfxgrU=","XF7+6w3ZdG4dkrdZbAxOAZtdZV1tlY7Km4jqFmsFyAs=",
"372a1bca-193c-4887-9f35-53431f62a0ae","ABBY_063.basePlot.vst","2018-10-03","vst_ABBY_2018","D16","ABBY","ABBY_063",,"NEON.PLA.D16.ABBY.00910","ok","small tree","Live",3.2,130,4.3,,,,,,,,,,,,,"CVVq2xYZjFzEqf9VmdGYFLrjxOZnAXEOyha2kYfxgrU=","XF7+6w3ZdG4dkrdZbAxOAZtdZV1tlY7Km4jqFmsFyAs=",
"d21abfa2-22ca-4de0-bf7e-431d8d6eb0cc","ABBY_063.basePlot.vst","2018-10-03","vst_ABBY_2018","D16","ABBY","ABBY_063",,"NEON.PLA.D16.ABBY.00919","ok","sapling","Live",,,0.9,,,,,,,,1.0,10,,,,"CVVq2xYZjFzEqf9VmdGYFLrjxOZnAXEOyha2kYfxgrU=","XF7+6w3ZdG4dkrdZbAxOAZtdZV1tlY7Km4jqFmsFyAs=",
"4bb8cbd2-ec1b-41e0-b467-c8ad89f85142","ABBY_063.basePlot.vst","2018-10-03","vst_ABBY_2018","D16","ABBY","ABBY_063",,"NEON.PLA.D16.ABBY.00917","ok","sapling","Live",,,1.1,,,,,,,,1.0,10,,,,"CVVq2xYZjFzEqf9VmdGYFLrjxOZnAXEOyha2kYfxgrU=","XF7+6w3ZdG4dkrdZbAxOAZtdZV1tlY7Km4jqFmsFyAs=",
"d922c221-1f1b-4080-8a7a-c536dba0c7ce","ABBY_063.basePlot.vst","2018-10-03","vst_ABBY_2018","D16","ABBY","ABBY_063",,"NEON.PLA.D16.ABBY.04798","ok","sapling","Live, insect damaged",,,1.3,,,,,,,,1.0,10,,,"Leaf miner evidence","CVVq2xYZjFzEqf9VmdGYFLrjxOZnAXEOyha2kYfxgrU=","XF7+6w3ZdG4dkrdZbAxOAZtdZV1tlY7Km4jqFmsFyAs=",
"3df1b843-f0dd-46ef-860a-7c5b57210fc7","ABBY_063.basePlot.vst","2018-10-03","vst_ABBY_2018","D16","ABBY","ABBY_063",,"NEON.PLA.D16.ABBY.00418","ok","small tree","Live",8.3,130,7.0,,,,,,,,,,,,,"CVVq2xYZjFzEqf9VmdGYFLrjxOZnAXEOyha2kYfxgrU=","XF7+6w3ZdG4dkrdZbAxOAZtdZV1tlY7Km4jqFmsFyAs=",
"88f4b258-d4cb-49d9-83cb-fac55c8160e6","ABBY_063.basePlot.vst","2018-10-03","vst_ABBY_2018","D16","ABBY","ABBY_063",,"NEON.PLA.D16.ABBY.00419","ok","small tree","Live",9.2,130,6.2,,,,,,,,,,,,,"CVVq2xYZjFzEqf9VmdGYFLrjxOZnAXEOyha2kYfxgrU=","XF7+6w3ZdG4dkrdZbAxOAZtdZV1tlY7Km4jqFmsFyAs=",
"7418e6bc-7529-4c78-8b8d-fbbec51813c2","ABBY_063.basePlot.vst","2018-10-03","vst_ABBY_2018","D16","ABBY","ABBY_063",,"NEON.PLA.D16.ABBY.00459","ok","small tree","Live",2.6,130,3.1,,,,,,,,,,,,,"CVVq2xYZjFzEqf9VmdGYFLrjxOZnAXEOyha2kYfxgrU=","XF7+6w3ZdG4dkrdZbAxOAZtdZV1tlY7Km4jqFmsFyAs=",
"ce020665-2ba5-4c6a-aec3-9e37757327c3","ABBY_063.basePlot.vst","2018-10-03","vst_ABBY_2018","D16","ABBY","ABBY_063",,"NEON.PLA.D16.ABBY.00917","ok","sapling","Live",,,1.1,,,,,,,,1.2,10,,,,"CVVq2xYZjFzEqf9VmdGYFLrjxOZnAXEOyha2kYfxgrU=","XF7+6w3ZdG4dkrdZbAxOAZtdZV1tlY7Km4jqFmsFyAs=",
"762ad872-6bcd-4484-8a93-777b3eb69279","ABBY_063.basePlot.vst","2018-10-03","vst_ABBY_2018","D16","ABBY","ABBY_063",,"NEON.PLA.D16.ABBY.01664","ok","sapling","Live",,,0.4,,,,,,,,1.0,10,,,,"CVVq2xYZjFzEqf9VmdGYFLrjxOZnAXEOyha2kYfxgrU=","XF7+6w3ZdG4dkrdZbAxOAZtdZV1tlY7Km4jqFmsFyAs=",
"a35a119d-a35e-4d3f-a9ee-8841fb5a7354","ABBY_063.basePlot.vst","2018-10-03","vst_ABBY_2018","D16","ABBY","ABBY_063",,"NEON.PLA.D16.ABBY.00416","ok","single bole tree","Live",10.7,130,7.7,,,,,,,,,,,,,"CVVq2xYZjFzEqf9VmdGYFLrjxOZnAXEOyha2kYfxgrU=","XF7+6w3ZdG4dkrdZbAxOAZtdZV1tlY7Km4jqFmsFyAs=",
"dbc6c799-5f11-463a-9f5e-4f560500da4c","ABBY_063.basePlot.vst","2018-10-03","vst_ABBY_2018","D16","ABBY","ABBY_063",,"NEON.PLA.D16.ABBY.00415","ok","small tree","Live",6.4,130,6.2,,,,,,,,,,,,,"CVVq2xYZjFzEqf9VmdGYFLrjxOZnAXEOyha2kYfxgrU=","XF7+6w3ZdG4dkrdZbAxOAZtdZV1tlY7Km4jqFmsFyAs=",
"d74d5de3-c7b6-46bd-bfb8-7d1dd3f19d38","ABBY_063.basePlot.vst","2018-10-03","vst_ABBY_2018","D16","ABBY","ABBY_063",,"NEON.PLA.D16.ABBY.00915","ok","small tree","Live",1.0,130,2.5,,,,,,,,,,,,,"CVVq2xYZjFzEqf9VmdGYFLrjxOZnAXEOyha2kYfxgrU=","XF7+6w3ZdG4dkrdZbAxOAZtdZV1tlY7Km4jqFmsFyAs=",
"8ef74909-e0a2-431b-aaea-7a8ec96374eb","ABBY_063.basePlot.vst","2018-10-03","vst_ABBY_2018","D16","ABBY","ABBY_063",,"NEON.PLA.D16.ABBY.00917","ok","sapling","Live",,,1.1,,,,,,,,1.2,10,,,,"CVVq2xYZjFzEqf9VmdGYFLrjxOZnAXEOyha2kYfxgrU=","XF7+6w3ZdG4dkrdZbAxOAZtdZV1tlY7Km4jqFmsFyAs=",
"af0de281-1280-40c6-b244-ecd534cd47cf","ABBY_063.basePlot.vst","2018-10-03","vst_ABBY_2018","D16","ABBY","ABBY_063",,"NEON.PLA.D16.ABBY.00428","ok","sapling","Live",,,1.5,,,,,,,,2.8,10,,,,"CVVq2xYZjFzEqf9VmdGYFLrjxOZnAXEOyha2kYfxgrU=","XF7+6w3ZdG4dkrdZbAxOAZtdZV1tlY7Km4jqFmsFyAs=",
"e6d41c09-d4df-44d9-be51-43db28be820d","ABBY_063.basePlot.vst","2018-10-03","vst_ABBY_2018","D16","ABBY","ABBY_063",,"NEON.PLA.D16.ABBY.01665","ok","small shrub","Live",,,0.8,,,,1.2,0.6,,"half-sphere",1.0,10,,,,"CVVq2xYZjFzEqf9VmdGYFLrjxOZnAXEOyha2kYfxgrU=","XF7+6w3ZdG4dkrdZbAxOAZtdZV1tlY7Km4jqFmsFyAs=",
"13aebd11-1aec-4902-bbcc-2f4b10f1fb55","ABBY_063.basePlot.vst","2018-10-03","vst_ABBY_2018","D16","ABBY","ABBY_063",,"NEON.PLA.D16.ABBY.00420","ok","single bole tree","Live",13.7,130,8.7,,,,,,,,,,,,,"CVVq2xYZjFzEqf9VmdGYFLrjxOZnAXEOyha2kYfxgrU=","XF7+6w3ZdG4dkrdZbAxOAZtdZV1tlY7Km4jqFmsFyAs=",
"96497523-595a-474b-8373-a05b7e73eb8c","ABBY_063.basePlot.vst","2018-10-03","vst_ABBY_2018","D16","ABBY","ABBY_063",,"NEON.PLA.D16.ABBY.04363","ok","sapling","Live",,,1.3,,,,,,,,1.0,10,,,,"CVVq2xYZjFzEqf9VmdGYFLrjxOZnAXEOyha2kYfxgrU=","XF7+6w3ZdG4dkrdZbAxOAZtdZV1tlY7Km4jqFmsFyAs=",
"9b91dca2-9dc3-4642-bafa-9eb1028f0140","ABBY_063.basePlot.vst","2018-10-03","vst_ABBY_2018","D16","ABBY","ABBY_063",,"NEON.PLA.D16.ABBY.00921","ok","sapling","Live",,,1.6,,,,,,,,1.4,10,,,,"CVVq2xYZjFzEqf9VmdGYFLrjxOZnAXEOyha2kYfxgrU=","XF7+6w3ZdG4dkrdZbAxOAZtdZV1tlY7Km4jqFmsFyAs=",
"25a32e1b-0083-4206-8813-fac2cc35f7ec","ABBY_063.basePlot.vst","2018-10-03","vst_ABBY_2018","D16","ABBY","ABBY_063",,"NEON.PLA.D16.ABBY.01662","ok","sapling","Live, insect damaged",,,2.0,,,,,,,,1.6,10,,,"Insect damage to leaves","CVVq2xYZjFzEqf9VmdGYFLrjxOZnAXEOyha2kYfxgrU=","XF7+6w3ZdG4dkrdZbAxOAZtdZV1tlY7Km4jqFmsFyAs=",
"2a11007c-6ef3-477e-b62f-a931cafc3731","ABBY_063.basePlot.vst","2018-10-03","vst_ABBY_2018","D16","ABBY","ABBY_063",,"NEON.PLA.D16.ABBY.00921","ok","sapling","Live",,,1.6,,,,,,,,1.0,10,,,,"CVVq2xYZjFzEqf9VmdGYFLrjxOZnAXEOyha2kYfxgrU=","XF7+6w3ZdG4dkrdZbAxOAZtdZV1tlY7Km4jqFmsFyAs=",
"93504920-7034-4168-a854-4a990eb71fce","ABBY_063.basePlot.vst","2018-10-03","vst_ABBY_2018","D16","ABBY","ABBY_063",,"NEON.PLA.D16.ABBY.01659","ok","sapling","Live, physically damaged",,,0.4,,,,,,,,1.2,10,,,"Herbivorised","CVVq2xYZjFzEqf9VmdGYFLrjxOZnAXEOyha2kYfxgrU=","XF7+6w3ZdG4dkrdZbAxOAZtdZV1tlY7Km4jqFmsFyAs=",
"0af8137d-9c30-474d-9f59-9198787c6c02","ABBY_063.basePlot.vst","2018-10-03","vst_ABBY_2018","D16","ABBY","ABBY_063",,"NEON.PLA.D16.ABBY.01663","ok","sapling","Standing dead",,,0.4,,,,,,,,1.0,10,,,,"CVVq2xYZjFzEqf9VmdGYFLrjxOZnAXEOyha2kYfxgrU=","XF7+6w3ZdG4dkrdZbAxOAZtdZV1tlY7Km4jqFmsFyAs=",
"fa1e8987-b733-45bf-a49a-a4e3d1e83e05","ABBY_063.basePlot.vst","2018-10-03","vst_ABBY_2018","D16","ABBY","ABBY_063",,"NEON.PLA.D16.ABBY.00922","ok","small tree","Live",1.7,130,3.4,,,,,,,,,,,,,"CVVq2xYZjFzEqf9VmdGYFLrjxOZnAXEOyha2kYfxgrU=","XF7+6w3ZdG4dkrdZbAxOAZtdZV1tlY7Km4jqFmsFyAs=",
"a36dc833-3c96-494d-9877-db986fde9a69","ABBY_063.basePlot.vst","2018-10-03","vst_ABBY_2018","D16","ABBY","ABBY_063",,"NEON.PLA.D16.ABBY.00914","ok","small tree","Live",1.8,130,3.0,,,,,,,,,,,,,"CVVq2xYZjFzEqf9VmdGYFLrjxOZnAXEOyha2kYfxgrU=","XF7+6w3ZdG4dkrdZbAxOAZtdZV1tlY7Km4jqFmsFyAs=",
"06c5d965-e805-4808-942a-92b28c088166","ABBY_063.basePlot.vst","2018-10-03","vst_ABBY_2018","D16","ABBY","ABBY_063",,"NEON.PLA.D16.ABBY.04345","ok","sapling","Live",,,1.5,,,,,,,,1.2,10,,,,"CVVq2xYZjFzEqf9VmdGYFLrjxOZnAXEOyha2kYfxgrU=","XF7+6w3ZdG4dkrdZbAxOAZtdZV1tlY7Km4jqFmsFyAs=",
"e52b0110-cbeb-4cc4-8f13-e90043845c92","ABBY_063.basePlot.vst","2018-10-03","vst_ABBY_2018","D16","ABBY","ABBY_063",,"NEON.PLA.D16.ABBY.00912","ok","small tree","Live",1.1,130,2.6,,,,,,,,,,,,,"CVVq2xYZjFzEqf9VmdGYFLrjxOZnAXEOyha2kYfxgrU=","XF7+6w3ZdG4dkrdZbAxOAZtdZV1tlY7Km4jqFmsFyAs=",
"2587a9df-e260-499f-9467-e6a99086de3e","ABBY_063.basePlot.vst","2018-10-03","vst_ABBY_2018","D16","ABBY","ABBY_063",,"NEON.PLA.D16.ABBY.04348","ok","sapling","Live",,,1.3,,,,,,,,1.2,10,,,,"CVVq2xYZjFzEqf9VmdGYFLrjxOZnAXEOyha2kYfxgrU=","XF7+6w3ZdG4dkrdZbAxOAZtdZV1tlY7Km4jqFmsFyAs=",
"dc2e174d-aad8-4ad4-9bcd-cca9f17f4879","ABBY_063.basePlot.vst","2018-10-03","vst_ABBY_2018","D16","ABBY","ABBY_063",,"NEON.PLA.D16.ABBY.01666","ok","sapling","Live",,,0.6,,,,,,,,1.2,10,,,,"CVVq2xYZjFzEqf9VmdGYFLrjxOZnAXEOyha2kYfxgrU=","XF7+6w3ZdG4dkrdZbAxOAZtdZV1tlY7Km4jqFmsFyAs=",
"ed6e17e9-c0bc-4c33-93c1-81c79b7741f2","ABBY_063.basePlot.vst","2018-10-03","vst_ABBY_2018","D16","ABBY","ABBY_063",,"NEON.PLA.D16.ABBY.00911","ok","small shrub","Live",,,0.9,,,,0.8,0.5,,"half-sphere",1.0,10,,,,"CVVq2xYZjFzEqf9VmdGYFLrjxOZnAXEOyha2kYfxgrU=","XF7+6w3ZdG4dkrdZbAxOAZtdZV1tlY7Km4jqFmsFyAs=",
"6b82c14c-8108-4ec9-8e51-567a4b3b6fb4","ABBY_063.basePlot.vst","2018-10-03","vst_ABBY_2018","D16","ABBY","ABBY_063",,"NEON.PLA.D16.ABBY.00924","ok","sapling","Live",,,1.2,,,,,,,,1.8,10,,,,"CVVq2xYZjFzEqf9VmdGYFLrjxOZnAXEOyha2kYfxgrU=","XF7+6w3ZdG4dkrdZbAxOAZtdZV1tlY7Km4jqFmsFyAs=",
"c8e63898-5f18-41cd-a2cd-d87923eea688","ABBY_063.basePlot.vst","2018-10-03","vst_ABBY_2018","D16","ABBY","ABBY_063",,"NEON.PLA.D16.ABBY.00921","ok","sapling","Live",,,1.6,,,,,,,,1.1,10,,,,"CVVq2xYZjFzEqf9VmdGYFLrjxOZnAXEOyha2kYfxgrU=","XF7+6w3ZdG4dkrdZbAxOAZtdZV1tlY7Km4jqFmsFyAs=",
"b4c4f2dd-e121-4eea-b6c7-ed1f88dcdb0e","ABBY_063.basePlot.vst","2018-10-03","vst_ABBY_2018","D16","ABBY","ABBY_063",,"NEON.PLA.D16.ABBY.00408","ok","small tree","Live",2.1,177,3.3,,,,,,,,,,,,,"CVVq2xYZjFzEqf9VmdGYFLrjxOZnAXEOyha2kYfxgrU=","XF7+6w3ZdG4dkrdZbAxOAZtdZV1tlY7Km4jqFmsFyAs=",
"f55fe060-25ab-4cac-84af-15522678940c","ABBY_063.basePlot.vst","2018-10-03","vst_ABBY_2018","D16","ABBY","ABBY_063",,"NEON.PLA.D16.ABBY.00919","ok","sapling","Live",,,0.9,,,,,,,,1.1,14,,,,"CVVq2xYZjFzEqf9VmdGYFLrjxOZnAXEOyha2kYfxgrU=","XF7+6w3ZdG4dkrdZbAxOAZtdZV1tlY7Km4jqFmsFyAs=",
"97b11335-03f2-4dc2-be01-6db4fb25a2aa","ABBY_063.basePlot.vst","2018-10-03","vst_ABBY_2018","D16","ABBY","ABBY_063",,"NEON.PLA.D16.ABBY.00920","ok","small tree","Live",1.3,130,2.8,,,,,,,,,,,,,"CVVq2xYZjFzEqf9VmdGYFLrjxOZnAXEOyha2kYfxgrU=","XF7+6w3ZdG4dkrdZbAxOAZtdZV1tlY7Km4jqFmsFyAs=",
"4ccc98d4-f6fc-4f76-8209-7539390173c8","ABBY_063.basePlot.vst","2018-10-03","vst_ABBY_2018","D16","ABBY","ABBY_063",,"NEON.PLA.D16.ABBY.00921","ok","sapling","Live",,,1.6,,,,,,,,1.2,10,,,,"CVVq2xYZjFzEqf9VmdGYFLrjxOZnAXEOyha2kYfxgrU=","XF7+6w3ZdG4dkrdZbAxOAZtdZV1tlY7Km4jqFmsFyAs=",
"5231ab67-2f36-4de9-b400-de2307fa8322","ABBY_063.basePlot.vst","2018-10-03","vst_ABBY_2018","D16","ABBY","ABBY_063",,"NEON.PLA.D16.ABBY.00422","ok","small tree","Live",8.0,130,5.5,,,,,,,,,,,,,"CVVq2xYZjFzEqf9VmdGYFLrjxOZnAXEOyha2kYfxgrU=","XF7+6w3ZdG4dkrdZbAxOAZtdZV1tlY7Km4jqFmsFyAs=",
"90de3b0d-1e08-4ba3-89c3-9c90b2a6ccf8","ABBY_063.basePlot.vst","2018-10-03","vst_ABBY_2018","D16","ABBY","ABBY_063",,"NEON.PLA.D16.ABBY.00914","ok","small tree","Live",1.4,130,3.0,,,,,,,,,,,,,"CVVq2xYZjFzEqf9VmdGYFLrjxOZnAXEOyha2kYfxgrU=","XF7+6w3ZdG4dkrdZbAxOAZtdZV1tlY7Km4jqFmsFyAs=",
"09996f12-975a-4765-810d-1119e8dc01dd","ABBY_063.basePlot.vst","2018-10-03","vst_ABBY_2018","D16","ABBY","ABBY_063",,"NEON.PLA.D16.ABBY.00401","ok","single bole tree","Live",12.7,130,7.8,,,,,,,,,,,,,"CVVq2xYZjFzEqf9VmdGYFLrjxOZnAXEOyha2kYfxgrU=","XF7+6w3ZdG4dkrdZbAxOAZtdZV1tlY7Km4jqFmsFyAs=",
"72da325b-4a55-4279-babd-1e20926fb1e4","ABBY_063.basePlot.vst","2018-10-03","vst_ABBY_2018","D16","ABBY","ABBY_063",,"NEON.PLA.D16.ABBY.00921","ok","sapling","Live",,,1.6,,,,,,,,1.0,10,,,,"CVVq2xYZjFzEqf9VmdGYFLrjxOZnAXEOyha2kYfxgrU=","XF7+6w3ZdG4dkrdZbAxOAZtdZV1tlY7Km4jqFmsFyAs=",
"426b7ea3-6b11-421b-bfe5-156fd2010adc","ABBY_063.basePlot.vst","2018-10-03","vst_ABBY_2018","D16","ABBY","ABBY_063",,"NEON.PLA.D16.ABBY.00413","ok","single bole tree","Live",14.5,130,8.6,,,,,,,,,,,,,"CVVq2xYZjFzEqf9VmdGYFLrjxOZnAXEOyha2kYfxgrU=","XF7+6w3ZdG4dkrdZbAxOAZtdZV1tlY7Km4jqFmsFyAs=",
