uid,namedLocation,date,domainID,siteID,plotID,plotType,nlcdClass,decimalLatitude,decimalLongitude,geodeticDatum,coordinateUncertainty,easting,northing,utmZone,elevation,elevationUncertainty,eventID,samplingProtocolVersion,treesPresent,treesAbsentList,shrubsPresent,shrubsAbsentList,lianasPresent,lianasAbsentList,nestedSubplotAreaShrubSapling,nestedSubplotAreaLiana,totalSampledAreaTrees,totalSampledAreaShrubSapling,totalSampledAreaLiana,remarks,measuredBy,recordedBy,dataQF
"e3c9f8e0-c520-4820-85bb-7dcb57b0c379","GUAN_011.basePlot.vst","2016-05-17","D04","GUAN","GUAN_011","distributed","evergreenForest",17.975110,-66.867035,"WGS84",20.1,725875.45,1988729.72,"19N",201.2,0.1,"vst_GUAN_2016","NEON.DOC.000987vE","Y",,"Y",,"N",,"10","noneSelected",400,80,400,,"fiApssCEcSVZh4fTchGlfQK3pYYnYQUQ","7T8H9H1BnKx8WqJGc+Gum32pZ1OcUBye",
"863517b4-4672-4dd1-bb6f-a08527877a05","GUAN_010.basePlot.vst","2016-05-23","D04","GUAN","GUAN_010","distributed","evergreenForest",17.972441,-66.871318,"WGS84",20.1,725425.11,1988429.06,"19N",177.6,0.1,"vst_GUAN_2016","NEON.DOC.000987vE","Y",,"Y",,"Y",,"1","noneSelected",400,8,400,,"8rHzSbnDOXjpaitjHXu3bvZcWZBazBT3Z6JypCrOTws=","dkUVz+Ep9mjwe8AKJjPrCYTGVeHZyOun",
"cc26354d-8713-4ad9-b969-80a849ac7cc2","GUAN_009.basePlot.vst","2016-05-24","D04","GUAN","GUAN_009","distributed","evergreenForest",17.979430,-66.867833,"WGS84",20.1,725785.41,1989206.97,"19N",116.5,0.1,"vst_GUAN_2016","NEON.DOC.000987vE","Y",,"Y",,"Y",,"10","10",400,80,80,,"fiApssCEcSVZh4fTchGlfQK3pYYnYQUQ","dkUVz+Ep9mjwe8AKJjPrCYTGVeHZyOun",
"5dda878d-e63d-413a-ac0b-4848bf994ed2","GUAN_019.basePlot.vst","2016-05-27","D04","GUAN","GUAN_019","distributed","evergreenForest",17.966255,-66.876782,"WGS84",20.1,724854.09,1987737.65,"19N",131.7,0.2,"vst_GUAN_2016","NEON.DOC.000987vE","Y",,"Y",,"Y",,"10","noneSelected",400,80,400,,"fiApssCEcSVZh4fTchGlfQK3pYYnYQUQ","dkUVz+Ep9mjwe8AKJjPrCYTGVeHZyOun",
