uid,namedLocation,domainID,siteID,plotID,plotType,nlcdClass,decimalLatitude,decimalLongitude,geodeticDatum,coordinateUncertainty,elevation,elevationUncertainty,collectDate,eventID,sampleID,sampleCode,samplingMethod,totalSampledArea,targetTaxaPresent,adultCount,nymphCount,larvaCount,sampleCondition,samplingProtocolVersion,measuredBy,remarks
"4d9b3b45-be0e-4efa-b7ff-a65f51353511","SERC_023.tickPlot.tck","D02","SERC","SERC_023","distributed","cultivatedCrops",38.873978,-76.535925,"WGS84",20.1,6.7,0.1,"2016-10-05T17:28Z","SERC.2016.40",,,"drag",163,"N",0,0,0,"No known compromise","NEON.DOC.014045vG","/AhbGCCF27wHz9TggrmS1nLN8zUO+zcB",
"2192e244-b1f9-4aca-873e-630cd028561d","SERC_002.tickPlot.tck","D02","SERC","SERC_002","distributed","deciduousForest",38.896262,-76.558166,"WGS84",20.2,17.0,0.3,"2016-10-05T17:35Z","SERC.2016.40","SERC_002.20161005",,"drag and flag",160,"Y",0,1,300,"No known compromise","NEON.DOC.014045vG","esNjjubcI51hdInmRHEEIrFR4+oIJtuN","Needed larval processing"
"4241a48d-ec6f-4d7c-a3cf-d14e7e086a34","SERC_001.tickPlot.tck","D02","SERC","SERC_001","distributed","deciduousForest",38.868186,-76.535306,"WGS84",20.2,2.1,0.2,"2016-10-05T18:04Z","SERC.2016.40","SERC_001.20161005",,"drag",161,"Y",0,0,8,"No known compromise","NEON.DOC.014045vG","65MrXCKZ6BZHMIpBwLFSzI3B2iyqckQKC2QVdjxfI44=","Needed larval processing"
"24b48da4-f24a-4361-b129-30ce21cf2ce4","SERC_012.tickPlot.tck","D02","SERC","SERC_012","distributed","deciduousForest",38.880010,-76.561648,"WGS84",20.2,20.1,0.2,"2016-10-05T18:52Z","SERC.2016.40","SERC_012.20161005",,"drag",160,"Y",0,0,28,"No known compromise","NEON.DOC.014045vG","p8WKbOBZs5/CRPjq/1HrITk8Sf0GvCtj","Needed larval processing"
"dcc2853a-4a4f-4a5b-aa87-04eeb6f38e4f","SERC_002.tickPlot.tck","D02","SERC","SERC_002","distributed","deciduousForest",38.896262,-76.558166,"WGS84",20.2,17.0,0.3,"2016-10-17T15:23Z","SERC.2016.42","SERC_002.20161017",,"drag",164,"Y",0,3,21,"No known compromise","NEON.DOC.014045vG","YJ2A+OwoGUUtJLNxPkxhEPyEeY8sOiMA",
"693be34b-e9b7-446f-ae47-fd83eaf79f3f","SERC_006.tickPlot.tck","D02","SERC","SERC_006","distributed","deciduousForest",38.880025,-76.548376,"WGS84",20.2,2.6,0.3,"2016-10-17T16:45Z","SERC.2016.42","SERC_006.20161017",,"drag",160,"Y",0,1,1,"No known compromise","NEON.DOC.014045vG","YJ2A+OwoGUUtJLNxPkxhEPyEeY8sOiMA",
"f3bd3651-9c3b-4455-bd9e-18956d9f4322","SERC_005.tickPlot.tck","D02","SERC","SERC_005","distributed","deciduousForest",38.894060,-76.546307,"WGS84",20.3,8.5,0.5,"2016-10-17T17:36Z","SERC.2016.42","SERC_005.20161017",,"drag",152,"Y",1,1,2,"No known compromise","NEON.DOC.014045vG","YJ2A+OwoGUUtJLNxPkxhEPyEeY8sOiMA",
"47e37762-090f-4875-ba03-eb4b6ffa99d7","SERC_001.tickPlot.tck","D02","SERC","SERC_001","distributed","deciduousForest",38.868186,-76.535306,"WGS84",20.2,2.1,0.2,"2016-10-17T18:40Z","SERC.2016.42","SERC_001.20161017",,"drag",160,"Y",0,1,1,"No known compromise","NEON.DOC.014045vG","65MrXCKZ6BZHMIpBwLFSzI3B2iyqckQKC2QVdjxfI44=",
"36d25f4d-6d5c-4a41-aabb-e1c51518b232","SERC_023.tickPlot.tck","D02","SERC","SERC_023","distributed","cultivatedCrops",38.873978,-76.535925,"WGS84",20.1,6.7,0.1,"2016-10-17T19:14Z","SERC.2016.42",,,"drag",160,"N",0,0,0,"No known compromise","NEON.DOC.014045vG","65MrXCKZ6BZHMIpBwLFSzI3B2iyqckQKC2QVdjxfI44=",
"5fb1cd9a-a72f-4e65-8a54-8488cb06aa6c","SERC_012.tickPlot.tck","D02","SERC","SERC_012","distributed","deciduousForest",38.880010,-76.561648,"WGS84",20.2,20.1,0.2,"2016-10-17T19:44Z","SERC.2016.42","SERC_012.20161017",,"drag",160,"Y",0,0,1,"No known compromise","NEON.DOC.014045vG","65MrXCKZ6BZHMIpBwLFSzI3B2iyqckQKC2QVdjxfI44=",
