uid,namedLocation,plotID,collectDate,identifiedDate,sampleID,subsampleID,scientificName,acceptedTaxonID,taxonRank,family,subfamily,tribe,subtribe,genus,subgenus,specificEpithet,infraspecificEpithet,identificationQualifier,identificationReferences,identificationProtocolVersion,scientificNameAuthorship,sexOrAge,individualCount,sampleCondition,archiveMedium,archiveFacilityID,deprecatedVialID,identifiedBy,laboratoryName,remarks
"86a134c7-04d8-4b47-8bf5-7b14c0b2785e","SERC_002.tickPlot.tck","SERC_002","2016-10-05T17:35Z","2017-05-05T16:00Z","SERC_002.20161005","SERC_002.20161005.IXOSP.L","Ixodidae sp.","IXOSP","family","Ixodidae",,,,,,"sp.",,,,"GSU_tickIdentification_SOP_2016-11-01.pdf",,"Larva",1,"OK","RNA stabilization buffer","USNMENT00984587","SERC_002.20161005.01.L","Guy Hobbs","Georgia Southern University",
"ddc9ba96-d671-4414-9a4a-d23fb10e117d","SERC_002.tickPlot.tck","SERC_002","2016-10-05T17:35Z","2017-05-17T16:00Z","SERC_002.20161005","SERC_002.20161005.AMBAME.N","Amblyomma americanum","AMBAME","species","Ixodidae",,,,"Amblyomma",,"americanum",,,"Cooley, R. A. and G. M. Kohls. 1944. The genus Amblyomma (ixodidae) in the United States. The Journal of Parasitology, 30(2):77-111.","GSU_tickIdentification_SOP_2016-11-01.pdf","Linnaeus","Nymph",1,"OK","RNA stabilization buffer","USNMENT00984592","SERC_002.20161005.01.AMBAME.N","Lorenza Beati","Georgia Southern University",
"7211b1e9-baa0-4b5b-84d5-b7256c62f228","SERC_001.tickPlot.tck","SERC_001","2016-10-05T18:04Z","2017-05-05T16:00Z","SERC_001.20161005","SERC_001.20161005.IXOSP.L","Ixodidae sp.","IXOSP","family","Ixodidae",,,,,,"sp.",,,,"GSU_tickIdentification_SOP_2016-11-01.pdf",,"Larva",1,"OK","RNA stabilization buffer","USNMENT00984589","SERC_001.20161005.01.L","Guy Hobbs","Georgia Southern University",
"c2d7bb3f-79d9-4737-bf0a-553e15aef708","SERC_012.tickPlot.tck","SERC_012","2016-10-05T18:52Z","2017-05-05T16:00Z","SERC_012.20161005","SERC_012.20161005.IXOSP.L","Ixodidae sp.","IXOSP","family","Ixodidae",,,,,,"sp.",,,,"GSU_tickIdentification_SOP_2016-11-01.pdf",,"Larva",1,"OK","RNA stabilization buffer","USNMENT00984588","SERC_012.20161005.01.L","Guy Hobbs","Georgia Southern University",
"de6f12b7-861a-40d8-a9d4-f0df3f3d60e5","SERC_002.tickPlot.tck","SERC_002","2016-10-17T15:23Z","2017-05-17T16:00Z","SERC_002.20161017","SERC_002.20161017.IXOSCA.N","Ixodes scapularis","IXOSCA","species","Ixodidae",,,,"Ixodes",,"scapularis",,,"Cooley, R. A. and G. M. Kohls. 1945. The genus Ixodes in North America. National Institute of Health Bulletin, 184.","GSU_tickIdentification_SOP_2016-11-01.pdf","Say","Nymph",3,"OK","RNA stabilization buffer","USNMENT00984480","SERC_002.20161017.01.IXOSCA.N","Lorenza Beati","Georgia Southern University",
"22914ea8-5396-4d75-bb8a-da8f3737b6cb","SERC_002.tickPlot.tck","SERC_002","2016-10-17T15:23Z","2017-04-28T16:00Z","SERC_002.20161017","SERC_002.20161017.IXOSP.L","Ixodidae sp.","IXOSP","family","Ixodidae",,,,,,"sp.",,,,"GSU_tickIdentification_SOP_2016-11-01.pdf",,"Larva",1,"OK","RNA stabilization buffer","USNMENT00984481","SERC_002.20161017.01.L","Guy Hobbs","Georgia Southern University",
"ecc9c8b6-817b-475f-b2db-ec2faa6fa80d","SERC_006.tickPlot.tck","SERC_006","2016-10-17T16:45Z","2017-04-28T16:00Z","SERC_006.20161017","SERC_006.20161017.IXOSP.L","Ixodidae sp.","IXOSP","family","Ixodidae",,,,,,"sp.",,,,"GSU_tickIdentification_SOP_2016-11-01.pdf",,"Larva",1,"OK","RNA stabilization buffer","USNMENT00984489","SERC_006.20161017.01.L","Guy Hobbs","Georgia Southern University",
"705e7cd9-e0bc-4c2a-8ea0-e798adde21a2","SERC_006.tickPlot.tck","SERC_006","2016-10-17T16:45Z","2017-05-17T16:00Z","SERC_006.20161017","SERC_006.20161017.IXOSCA.N","Ixodes scapularis","IXOSCA","species","Ixodidae",,,,"Ixodes",,"scapularis",,,"Cooley, R. A. and G. M. Kohls. 1945. The genus Ixodes in North America. National Institute of Health Bulletin, 184.","GSU_tickIdentification_SOP_2016-11-01.pdf","Say","Nymph",1,"OK","RNA stabilization buffer","USNMENT00984488","SERC_006.20161017.01.IXOSCA.N","Lorenza Beati","Georgia Southern University",
"bf9c1187-515f-4207-8df0-fc16ca5ff7e3","SERC_005.tickPlot.tck","SERC_005","2016-10-17T17:36Z","2017-04-28T16:00Z","SERC_005.20161017","SERC_005.20161017.IXOSCA.M","Ixodes scapularis","IXOSCA","species","Ixodidae",,,,"Ixodes",,"scapularis",,,"Cooley, R. A. and G. M. Kohls. 1945. The genus Ixodes in North America. National Institute of Health Bulletin, 184.","GSU_tickIdentification_SOP_2016-11-01.pdf","Say","Male",1,"OK","RNA stabilization buffer","USNMENT00984485","SERC_005.20161017.01.IXOSCA.M","Guy Hobbs","Georgia Southern University",
"c16314a8-94dd-4c3f-a4b4-1ef88d093b1d","SERC_005.tickPlot.tck","SERC_005","2016-10-17T17:36Z","2017-04-28T16:00Z","SERC_005.20161017","SERC_005.20161017.IXOSP.L","Ixodidae sp.","IXOSP","family","Ixodidae",,,,,,"sp.",,,,"GSU_tickIdentification_SOP_2016-11-01.pdf",,"Larva",1,"OK","RNA stabilization buffer","USNMENT00984487","SERC_005.20161017.01.L","Guy Hobbs","Georgia Southern University",
"a271e4ef-b797-4944-893d-bf243122560a","SERC_005.tickPlot.tck","SERC_005","2016-10-17T17:36Z","2017-05-17T16:00Z","SERC_005.20161017","SERC_005.20161017.IXOSCA.N","Ixodes scapularis","IXOSCA","species","Ixodidae",,,,"Ixodes",,"scapularis",,,"Cooley, R. A. and G. M. Kohls. 1945. The genus Ixodes in North America. National Institute of Health Bulletin, 184.","GSU_tickIdentification_SOP_2016-11-01.pdf","Say","Nymph",1,"OK","RNA stabilization buffer","USNMENT00984486","SERC_005.20161017.01.IXOSCA.N","Lorenza Beati","Georgia Southern University",
"814655a4-8a4b-4dd5-b911-d44865d812ec","SERC_001.tickPlot.tck","SERC_001","2016-10-17T18:40Z","2017-04-28T16:00Z","SERC_001.20161017","SERC_001.20161017.IXOSP.L","Ixodidae sp.","IXOSP","family","Ixodidae",,,,,,"sp.",,,,"GSU_tickIdentification_SOP_2016-11-01.pdf",,"Larva",1,"OK","RNA stabilization buffer","USNMENT00984483","SERC_001.20161017.01.L","Guy Hobbs","Georgia Southern University",
"79a1d46b-74ce-4dac-a81f-8f19f7248732","SERC_001.tickPlot.tck","SERC_001","2016-10-17T18:40Z","2017-05-17T16:00Z","SERC_001.20161017","SERC_001.20161017.IXOSCA.N","Ixodes scapularis","IXOSCA","species","Ixodidae",,,,"Ixodes",,"scapularis",,,"Cooley, R. A. and G. M. Kohls. 1945. The genus Ixodes in North America. National Institute of Health Bulletin, 184.","GSU_tickIdentification_SOP_2016-11-01.pdf","Say","Nymph",1,"OK","RNA stabilization buffer","USNMENT00984484","SERC_001.20161017.01.IXOSCA.N","Lorenza Beati","Georgia Southern University",
"459e42a3-fd75-4237-b223-2b5c48b7099d","SERC_012.tickPlot.tck","SERC_012","2016-10-17T19:44Z","2017-04-28T16:00Z","SERC_012.20161017","SERC_012.20161017.IXOSP.L","Ixodidae sp.","IXOSP","family","Ixodidae",,,,,,"sp.",,,,"GSU_tickIdentification_SOP_2016-11-01.pdf",,"Larva",1,"OK","RNA stabilization buffer","USNMENT00984482","SERC_012.20161017.01.L","Guy Hobbs","Georgia Southern University",
