uid,namedLocation,domainID,siteID,plotID,plotType,nlcdClass,decimalLatitude,decimalLongitude,geodeticDatum,coordinateUncertainty,elevation,elevationUncertainty,collectDate,eventID,sampleID,sampleCode,samplingMethod,totalSampledArea,targetTaxaPresent,adultCount,nymphCount,larvaCount,sampleCondition,samplingProtocolVersion,measuredBy,remarks
"c8dd4359-f6d4-4a31-b6d5-466a72046531","LENO_002.tickPlot.tck","D08","LENO","LENO_002","distributed","woodyWetlands",31.806282,-88.195216,"WGS84",20.2,16.8,0.2,"2017-10-05T14:54Z","LENO.2017.41","LENO_002.20171005",,"drag and flag",160,"Y",0,0,529,"No known compromise","NEON.DOC.014045vH","BDzq2IAJfRwsrXnG+WJfFzkBkbtaDALAaR+O7WZv4cM=",
"3f8b924f-6421-4d15-b934-9f4e3fedef55","LENO_003.tickPlot.tck","D08","LENO","LENO_003","distributed","deciduousForest",31.809581,-88.187553,"WGS84",20.2,15.4,0.4,"2017-10-05T15:47Z","LENO.2017.41","LENO_003.20171005",,"drag and flag",150,"Y",0,0,1,"No known compromise","NEON.DOC.014045vH","BDzq2IAJfRwsrXnG+WJfFzkBkbtaDALAaR+O7WZv4cM=",
"f2ac978d-c386-457f-b079-4cc859df0ebb","LENO_023.tickPlot.tck","D08","LENO","LENO_023","distributed","deciduousForest",31.809463,-88.181417,"WGS84",20.2,11.6,0.2,"2017-10-05T16:24Z","LENO.2017.41","LENO_023.20171005",,"drag and flag",160,"Y",0,2,0,"No known compromise","NEON.DOC.014045vH","BDzq2IAJfRwsrXnG+WJfFzkBkbtaDALAaR+O7WZv4cM=",
"859b4332-cae8-4b2b-b230-5f7b8d5a4b23","LENO_042.tickPlot.tck","D08","LENO","LENO_042","distributed","woodyWetlands",31.817825,-88.182881,"WGS84",20.2,14.6,0.3,"2017-10-05T17:07Z","LENO.2017.41",,,"drag and flag",160,"N",0,0,0,,"NEON.DOC.014045vH","BDzq2IAJfRwsrXnG+WJfFzkBkbtaDALAaR+O7WZv4cM=",
"cab132dd-3472-496c-ba29-85ee0dc6cdf7","LENO_004.tickPlot.tck","D08","LENO","LENO_004","distributed","woodyWetlands",31.822376,-88.181956,"WGS84",20.2,12.5,0.2,"2017-10-05T17:50Z","LENO.2017.41","LENO_004.20171005",,"drag and flag",150,"Y",0,0,27,"No known compromise","NEON.DOC.014045vH","BDzq2IAJfRwsrXnG+WJfFzkBkbtaDALAaR+O7WZv4cM=",
"ab4e019a-5b09-43b7-b8a6-66b4d1e3e16a","LENO_015.tickPlot.tck","D08","LENO","LENO_015","distributed","woodyWetlands",31.817299,-88.191485,"WGS84",20.5,14.2,0.8,"2017-10-05T18:45Z","LENO.2017.41",,,"drag and flag",160,"N",0,0,0,,"NEON.DOC.014045vH","BDzq2IAJfRwsrXnG+WJfFzkBkbtaDALAaR+O7WZv4cM=",
