uid,namedLocation,plotID,collectDate,identifiedDate,sampleID,subsampleID,scientificName,acceptedTaxonID,taxonRank,family,subfamily,tribe,subtribe,genus,subgenus,specificEpithet,infraspecificEpithet,identificationQualifier,identificationReferences,identificationProtocolVersion,scientificNameAuthorship,sexOrAge,individualCount,sampleCondition,archiveMedium,archiveFacilityID,deprecatedVialID,identifiedBy,laboratoryName,remarks
"a9c1ef9a-61d9-42ba-a02b-abb0b373a296","LENO_002.tickPlot.tck","LENO_002","2017-10-05T14:54Z","2017-10-30T16:00Z","LENO_002.20171005","LENO_002.20171005.IXOSP.L","Ixodidae sp.","IXOSP","family","Ixodidae",,,,,,"sp.",,,,"GSU_tickIdentification_SOP_2016-11-01.pdf",,"Larva",1,"OK","90% ethanol","USNMENT01358911","LENO_002.20171005.L","Guy Hobbs","Georgia Southern University",
"c913a914-7d11-4fbd-876b-6bbbd1ab2149","LENO_003.tickPlot.tck","LENO_003","2017-10-05T15:47Z","2017-11-01T16:00Z","LENO_003.20171005","LENO_003.20171005.IXOSP.L","Ixodidae sp.","IXOSP","family","Ixodidae",,,,,,"sp.",,,,"GSU_tickIdentification_SOP_2016-11-01.pdf",,"Larva",1,"OK","90% ethanol","USNMENT01358951","LENO_003.20171005.L","Guy Hobbs","Georgia Southern University",
"22c593e3-d392-4959-9dc1-b75627b6b09e","LENO_023.tickPlot.tck","LENO_023","2017-10-05T16:24Z","2017-12-30T17:00Z","LENO_023.20171005","LENO_023.20171005.AMBAME.N","Amblyomma americanum","AMBAME","species","Ixodidae",,,,"Amblyomma",,"americanum",,,"Cooley, R. A. and G. M. Kohls. 1944. The genus Amblyomma (ixodidae) in the United States. The Journal of Parasitology, 30(2):77-111.","GSU_tickIdentification_SOP_2016-11-01.pdf","Linnaeus","Nymph",2,"OK","90% ethanol","USNMENT01358953","LENO_023.20171005.AMBAME.N","Lorenza Beati","Georgia Southern University",
"e8fd87ab-eec5-4d2d-838e-ecc4c83be7b5","LENO_004.tickPlot.tck","LENO_004","2017-10-05T17:50Z","2017-11-01T16:00Z","LENO_004.20171005","LENO_004.20171005.IXOSP.L","Ixodidae sp.","IXOSP","family","Ixodidae",,,,,,"sp.",,,,"GSU_tickIdentification_SOP_2016-11-01.pdf",,"Larva",1,"OK","90% ethanol","USNMENT01358952","LENO_004.20171005.L","Guy Hobbs","Georgia Southern University","BROKEN VIAL TO REPLACE"
