uid,namedLocation,domainID,siteID,plotID,plotType,nlcdClass,decimalLatitude,decimalLongitude,geodeticDatum,coordinateUncertainty,elevation,elevationUncertainty,collectDate,eventID,sampleID,sampleCode,samplingMethod,totalSampledArea,targetTaxaPresent,adultCount,nymphCount,larvaCount,sampleCondition,samplingProtocolVersion,measuredBy,remarks
"5b358ebd-ca12-48ed-8e1a-ba99e5b33975","WOOD_009.tickPlot.tck","D09","WOOD","WOOD_009","distributed","grasslandHerbaceous",47.144534,-99.231072,"WGS84",20.1,573.5,0.2,"2015-03-17T16:22Z","WOOD.2015.11",,,"drag",163,"N",0,0,,,"NEON.DOC.014045vF","8yAqXs8NroBzXWOPhtsdubyIWh5dmMYy","No ticks collected."
"02a619a7-eff0-40d8-8f3a-4d55ef4d6ab6","WOOD_002.tickPlot.tck","D09","WOOD","WOOD_002","distributed","grasslandHerbaceous",47.136802,-99.234546,"WGS84",20.1,578.3,0.1,"2015-03-17T16:56Z","WOOD.2015.11",,,"drag",160,"N",0,0,,,"NEON.DOC.014045vF","8yAqXs8NroBzXWOPhtsdubyIWh5dmMYy","No ticks collected."
"bfba08e7-45fd-4f23-b11d-19043c0a9b58","WOOD_006.tickPlot.tck","D09","WOOD","WOOD_006","distributed","grasslandHerbaceous",47.141023,-99.248055,"WGS84",20.1,587.2,0.1,"2015-03-17T17:26Z","WOOD.2015.11",,,"drag and flag",158,"N",0,0,,,"NEON.DOC.014045vF","8yAqXs8NroBzXWOPhtsdubyIWh5dmMYy","No ticks collected."
"2c2829f9-0c6e-46f7-a037-e3bb5dbdc300","WOOD_007.tickPlot.tck","D09","WOOD","WOOD_007","distributed","grasslandHerbaceous",47.133887,-99.251357,"WGS84",20.4,593.6,0.3,"2015-03-17T18:00Z","WOOD.2015.11",,,"drag and flag",160,"N",0,0,,,"NEON.DOC.014045vF","8yAqXs8NroBzXWOPhtsdubyIWh5dmMYy","No ticks collected."
"4c63673a-d3a1-45aa-b160-a715a06acc1f","WOOD_001.tickPlot.tck","D09","WOOD","WOOD_001","distributed","grasslandHerbaceous",47.127200,-99.256464,"WGS84",20.1,593.8,0.2,"2015-03-17T18:38Z","WOOD.2015.11",,,"drag",165,"N",0,0,,,"NEON.DOC.014045vF","8yAqXs8NroBzXWOPhtsdubyIWh5dmMYy","No ticks collected."
"962aeee3-d995-49f2-a3fd-130399f73fca","WOOD_024.tickPlot.tck","D09","WOOD","WOOD_024","distributed","emergentHerbaceousWetlands",47.150784,-99.260836,"WGS84",20.1,586.1,0.2,"2015-03-17T19:26Z","WOOD.2015.11",,,"flag",155,"N",0,0,,,"NEON.DOC.014045vF","8yAqXs8NroBzXWOPhtsdubyIWh5dmMYy","No ticks collected. Snow on plot."
