uid,namedLocation,domainID,siteID,plotID,plotType,nlcdClass,decimalLatitude,decimalLongitude,geodeticDatum,coordinateUncertainty,elevation,elevationUncertainty,collectDate,eventID,sampleID,sampleCode,samplingMethod,totalSampledArea,targetTaxaPresent,adultCount,nymphCount,larvaCount,sampleCondition,samplingProtocolVersion,measuredBy,remarks
"10028d63-939c-4141-bae7-8b23610f1027","GUAN_002.tickPlot.tck","D04","GUAN","GUAN_002","distributed","evergreenForest",17.972295,-66.826103,"WGS84",6.6,87.8,0.3,"2018-08-22T11:43Z","GUAN.2018.34",,,"flag",126,"N",0,0,0,"No known compromise","NEON.DOC.014045vJ","kbCMcQCBYkKMUjV/RFjFyZ8LDwOR/3mf7RVxwmo1H4M=",
"16b03c1b-1116-4fb0-b927-4d4b8c88a314","GUAN_031.tickPlot.tck","D04","GUAN","GUAN_031","distributed","evergreenForest",17.962171,-66.844084,"WGS84",6.4,43.4,0.1,"2018-08-22T13:10Z","GUAN.2018.34",,,"drag",116,"N",0,0,0,"No known compromise","NEON.DOC.014045vJ","kbCMcQCBYkKMUjV/RFjFyZ8LDwOR/3mf7RVxwmo1H4M=",
"6b92259b-5f4b-4c45-8c7d-49c56da309e4","GUAN_064.tickPlot.tck","D04","GUAN","GUAN_064","distributed","evergreenForest",17.969936,-66.850735,"WGS84",7.1,117.7,2.6,"2018-08-22T14:13Z","GUAN.2018.34",,,"drag",160,"N",0,0,0,"No known compromise","NEON.DOC.014045vJ","llBB5GilomiL3H9rNtINJeX8UHMAu+L47sXe3XmgpK0=",
"b27913f8-d0b3-4218-a348-4e471554c9d0","GUAN_065.tickPlot.tck","D04","GUAN","GUAN_065","distributed","evergreenForest",17.972714,-66.873134,"WGS84",6.6,187.3,0.5,"2018-08-23T11:25Z","GUAN.2018.34",,,"drag and flag",158,"N",0,0,0,"No known compromise","NEON.DOC.014045vJ","kbCMcQCBYkKMUjV/RFjFyZ8LDwOR/3mf7RVxwmo1H4M=",
"4d49c244-0423-4ae0-af28-9e3a7fa08e18","GUAN_006.tickPlot.tck","D04","GUAN","GUAN_006","distributed","evergreenForest",17.964057,-66.875100,"WGS84",6.5,84.5,0.3,"2018-08-23T12:50Z","GUAN.2018.34",,,"drag",160,"N",0,0,0,"No known compromise","NEON.DOC.014045vJ","GpwpAYpsrfXOb1jQ7wslzb+kf5M1gj7AeRGYQcqcQec=",
"a2b9f2f9-e5e9-4547-8c35-1419ad1186b8","GUAN_066.tickPlot.tck","D04","GUAN","GUAN_066","distributed","evergreenForest",17.974132,-66.879606,"WGS84",6.5,197.3,0.2,"2018-08-23T14:05Z","GUAN.2018.34",,,"drag",160,"N",0,0,0,"No known compromise","NEON.DOC.014045vJ","llBB5GilomiL3H9rNtINJeX8UHMAu+L47sXe3XmgpK0=",
