uid,namedLocation,domainID,siteID,plotID,plotType,nlcdClass,decimalLatitude,decimalLongitude,geodeticDatum,coordinateUncertainty,elevation,elevationUncertainty,collectDate,eventID,sampleID,sampleCode,samplingMethod,totalSampledArea,targetTaxaPresent,adultCount,nymphCount,larvaCount,sampleCondition,samplingProtocolVersion,measuredBy,remarks
"89659527-b75d-4368-b6d4-81adb4c06091","SCBI_007.tickPlot.tck","D02","SCBI","SCBI_007","distributed","deciduousForest",38.886013,-78.129365,"WGS84",20.2,428.3,0.2,"2018-09-19T16:23Z","SCBI.2018.38","SCBI_007.20180919","A00000035337","drag",115,"Y",0,0,7,"No known compromise","NEON.DOC.014045vJ","y91HGrHLk0lZr/DPX16cTMD5ZLTOKHZ4wAmahG5mA10=",
"dfa595ef-aee1-4e67-9d96-898c5c29ed86","SCBI_006.tickPlot.tck","D02","SCBI","SCBI_006","distributed","pastureHay",38.897080,-78.150277,"WGS84",20.1,277.1,0.1,"2018-09-19T17:31Z","SCBI.2018.38","SCBI_006.20180919","A00000002357","drag",161,"Y",0,0,1,"No known compromise","NEON.DOC.014045vJ","y91HGrHLk0lZr/DPX16cTMD5ZLTOKHZ4wAmahG5mA10=",
"41dd559a-9779-4f92-a681-1ca6667f70aa","SCBI_013.tickPlot.tck","D02","SCBI","SCBI_013","distributed","deciduousForest",38.873041,-78.163313,"WGS84",20.2,361.3,0.3,"2018-09-19T18:25Z","SCBI.2018.38","SCBI_013.20180919","A00000003075","drag",158,"Y",0,0,2,"No known compromise","NEON.DOC.014045vJ","cJDN8FQ+G8BHe8OkvD5PMz1h/kcM7qXCzeFqTpXsSj4=",
"7d9ea039-3442-4d3f-b8a3-01bf5be5689d","SCBI_002.tickPlot.tck","D02","SCBI","SCBI_002","distributed","deciduousForest",38.893863,-78.142704,"WGS84",20.2,327.7,0.2,"2018-09-19T18:33Z","SCBI.2018.38","SCBI_002.20180919","A00000001361","drag",160,"Y",0,1,1,"No known compromise","NEON.DOC.014045vJ","hEi02w1UuphkAeG8zIXrQDys8MgKlmeYk4EDJa1SRoY=",
"bd96aa2c-fd07-4938-b9ec-cf5cadd79681","SCBI_039.tickPlot.tck","D02","SCBI","SCBI_039","distributed","pastureHay",38.896433,-78.166542,"WGS84",20.1,330.8,0.1,"2018-09-20T13:00Z","SCBI.2018.38","SCBI_039.20180920","A00000003271","drag",160,"Y",0,1,42,"No known compromise","NEON.DOC.014045vJ","hEi02w1UuphkAeG8zIXrQDys8MgKlmeYk4EDJa1SRoY=",
