uid,namedLocation,date,eventID,domainID,siteID,plotID,subplotID,individualID,tagStatus,growthForm,plantStatus,stemDiameter,measurementHeight,height,baseCrownHeight,breakHeight,breakDiameter,maxCrownDiameter,ninetyCrownDiameter,canopyPosition,shape,basalStemDiameter,basalStemDiameterMsrmntHeight,maxBaseCrownDiameter,ninetyBaseCrownDiameter,remarks,recordedBy,measuredBy,dataQF
"4e14e9ec-b977-4f52-aacb-fd3ed6550d23","GUAN_002.basePlot.vst","2015-08-13","vst_GUAN_2015","D04","GUAN","GUAN_002",,"NEON.PLA.D04.GUAN.01950",,"single bole tree","Live",13.1,130,9.0,,,,2.6,2.2,"Open grown",,,,,,"Additional technicians: emartinez@field-ops.org and ddelacruzgaitan@field-ops.org","bhzZP3Y0xKGj5tQFevjoL8SD9yIOx3Ri","8rHzSbnDOXhpq1RB6lSoH2hgWBtav0ErlRGPB+twq8M=","legacyData"
"bb3a13bb-cd49-4c5b-aaf0-c4240c7638c2","GUAN_002.basePlot.vst","2015-08-13","vst_GUAN_2015","D04","GUAN","GUAN_002",,"NEON.PLA.D04.GUAN.01935",,"single bole tree","Live",10.8,130,6.0,,,,3.1,2.8,"Open grown",,,,,,"Additional technicians: emartinez@field-ops.org and ddelacruzgaitan@field-ops.org","bhzZP3Y0xKGj5tQFevjoL8SD9yIOx3Ri","8rHzSbnDOXhpq1RB6lSoH2hgWBtav0ErlRGPB+twq8M=","legacyData"
"7ad40d05-3c87-4368-be89-82b791d82bcd","GUAN_002.basePlot.vst","2015-08-13","vst_GUAN_2015","D04","GUAN","GUAN_002",,"NEON.PLA.D04.GUAN.01846",,"sapling","Live",1.4,10,1.2,,,,,,"Full shade",,,,,,"Additional technicians: emartinez@field-ops.org and ddelacruzgaitan@field-ops.org","bhzZP3Y0xKGj5tQFevjoL8SD9yIOx3Ri","8rHzSbnDOXhpq1RB6lSoH2hgWBtav0ErlRGPB+twq8M=","legacyData"
"118e94f5-c117-4589-82d9-a7554a98f066","GUAN_002.basePlot.vst","2015-08-13","vst_GUAN_2015","D04","GUAN","GUAN_002",,"NEON.PLA.D04.GUAN.01940",,"single bole tree","Live",10.3,130,5.5,,,,5.0,3.0,"Full sun",,,,,,,"bhzZP3Y0xKGj5tQFevjoL8SD9yIOx3Ri","8rHzSbnDOXhpq1RB6lSoH2hgWBtav0ErlRGPB+twq8M=","legacyData"
"7db042f6-a515-4cbe-b9e6-510d8e994020","GUAN_002.basePlot.vst","2015-08-13","vst_GUAN_2015","D04","GUAN","GUAN_002",,"NEON.PLA.D04.GUAN.01941",,"single bole tree","Live",14.1,130,8.5,,,,3.5,2.8,"Open grown",,,,,,"Additional technicians: emartinez@field-ops.org and ddelacruzgaitan@field-ops.org","bhzZP3Y0xKGj5tQFevjoL8SD9yIOx3Ri","8rHzSbnDOXhpq1RB6lSoH2hgWBtav0ErlRGPB+twq8M=","legacyData"
"76261227-1164-429c-97d0-f790ec3dc16e","GUAN_002.basePlot.vst","2015-08-13","vst_GUAN_2015","D04","GUAN","GUAN_002",,"NEON.PLA.D04.GUAN.01844",,"sapling","Live",1.5,10,1.2,,,,,,"Full shade",,,,,,"Additional technicians: emartinez@field-ops.org and ddelacruzgaitan@field-ops.org","bhzZP3Y0xKGj5tQFevjoL8SD9yIOx3Ri","8rHzSbnDOXhpq1RB6lSoH2hgWBtav0ErlRGPB+twq8M=","legacyData"
"1fe635f3-0321-45aa-828b-77f5e43c62e1","GUAN_002.basePlot.vst","2015-08-13","vst_GUAN_2015","D04","GUAN","GUAN_002",,"NEON.PLA.D04.GUAN.01946",,"single bole tree","Live",13.6,130,5.5,,,,5.0,4.2,"Partially shaded",,,,,,,"bhzZP3Y0xKGj5tQFevjoL8SD9yIOx3Ri","g9AObJQf3eYkUFZYJaxA4ygWnVX2Kjzk","legacyData"
"a9552b47-e123-4964-9112-46db76e65ac4","GUAN_002.basePlot.vst","2015-08-13","vst_GUAN_2015","D04","GUAN","GUAN_002",,"NEON.PLA.D04.GUAN.01575",,"small tree","Standing dead",9.3,130,3.9,,,,,,"Full sun",,,,,,,"bhzZP3Y0xKGj5tQFevjoL8SD9yIOx3Ri","g9AObJQf3eYkUFZYJaxA4ygWnVX2Kjzk","legacyData"
"c525ecf5-2f07-4726-9ea2-bae0ef09c8d9","GUAN_002.basePlot.vst","2015-08-13","vst_GUAN_2015","D04","GUAN","GUAN_002",,"NEON.PLA.D04.GUAN.01850",,"small tree","Live",2.6,130,3.8,,,,,,"Open grown",,,,,,"Additional technicians: emartinez@field-ops.org and ddelacruzgaitan@field-ops.org","bhzZP3Y0xKGj5tQFevjoL8SD9yIOx3Ri","8rHzSbnDOXhpq1RB6lSoH2hgWBtav0ErlRGPB+twq8M=","legacyData"
"19236e6a-5431-4f28-b29b-3f13ffe156b0","GUAN_002.basePlot.vst","2015-08-13","vst_GUAN_2015","D04","GUAN","GUAN_002",,"NEON.PLA.D04.GUAN.01849",,"small shrub","Live",2.0,10,1.2,,,,,,"Full shade","inverted cone",,,95.00,60.00,"Small shrub had another qualifying stem with a stem diameter of 1.90 cm and a messuarement height of 10 cm other features remained the same. Additional technicians: emartinez@field-ops.org and ddelacruzgaitan@field-ops.org","bhzZP3Y0xKGj5tQFevjoL8SD9yIOx3Ri","8rHzSbnDOXhpq1RB6lSoH2hgWBtav0ErlRGPB+twq8M=","legacyData"
"7d16434f-2284-4528-b229-abdaf9205534","GUAN_002.basePlot.vst","2015-08-13","vst_GUAN_2015","D04","GUAN","GUAN_002",,"NEON.PLA.D04.GUAN.01952",,"sapling","Live",1.6,10,1.6,,,,,,"Full shade",,,,,,,"bhzZP3Y0xKGj5tQFevjoL8SD9yIOx3Ri","g9AObJQf3eYkUFZYJaxA4ygWnVX2Kjzk","legacyData"
"fa03dc07-e0d1-45de-9a80-1def6b4c3dd4","GUAN_002.basePlot.vst","2015-08-13","vst_GUAN_2015","D04","GUAN","GUAN_002",,"NEON.PLA.D04.GUAN.01942",,"single bole tree","Live",10.5,130,6.3,,,,3.3,2.8,"Open grown",,,,,,"Additional technicians: emartinez@field-ops.org and ddelacruzgaitan@field-ops.org","bhzZP3Y0xKGj5tQFevjoL8SD9yIOx3Ri","8rHzSbnDOXhpq1RB6lSoH2hgWBtav0ErlRGPB+twq8M=","legacyData"
"b78f641d-f0ff-487b-84e2-107aef8a483a","GUAN_002.basePlot.vst","2015-08-13","vst_GUAN_2015","D04","GUAN","GUAN_002",,"NEON.PLA.D04.GUAN.01842",,"small tree","Live",3.0,130,3.1,,,,,,"Full sun",,,,,,"Additional technicians: emartinez@field-ops.org and ddelacruzgaitan@field-ops.org","bhzZP3Y0xKGj5tQFevjoL8SD9yIOx3Ri","8rHzSbnDOXhpq1RB6lSoH2hgWBtav0ErlRGPB+twq8M=","legacyData"
"9e28f7ae-c9bc-4835-a6e1-2db485ac1a2a","GUAN_002.basePlot.vst","2015-08-13","vst_GUAN_2015","D04","GUAN","GUAN_002",,"NEON.PLA.D04.GUAN.01944",,"single bole tree","Live",23.5,130,10.0,,,,8.0,3.5,"Open grown",,,,,,"Additional technicians: emartinez@field-ops.org and ddelacruzgaitan@field-ops.org","bhzZP3Y0xKGj5tQFevjoL8SD9yIOx3Ri","8rHzSbnDOXhpq1RB6lSoH2hgWBtav0ErlRGPB+twq8M=","legacyData"
"a9f8c6a7-afed-471e-8709-80661587c4c4","GUAN_002.basePlot.vst","2015-08-13","vst_GUAN_2015","D04","GUAN","GUAN_002",,"NEON.PLA.D04.GUAN.01576",,"single shrub","Live",5.5,130,6.0,,,,,,"Full sun","inverted cone",,,2.50,2.00,,"bhzZP3Y0xKGj5tQFevjoL8SD9yIOx3Ri","g9AObJQf3eYkUFZYJaxA4ygWnVX2Kjzk","legacyData"
"6ed27712-220f-4ed4-ac95-5ac29f064cab","GUAN_002.basePlot.vst","2015-08-13","vst_GUAN_2015","D04","GUAN","GUAN_002",,"NEON.PLA.D04.GUAN.01568",,"sapling","Live",1.3,10,1.8,,,,,,"Full shade",,,,,,,"bhzZP3Y0xKGj5tQFevjoL8SD9yIOx3Ri","g9AObJQf3eYkUFZYJaxA4ygWnVX2Kjzk","legacyData"
"de761c81-5aaa-4bee-9de5-7d7008d7b045","GUAN_002.basePlot.vst","2015-08-13","vst_GUAN_2015","D04","GUAN","GUAN_002",,"NEON.PLA.D04.GUAN.01947",,"single bole tree","Standing dead",14.0,130,5.0,,,,3.5,2.6,"Mostly shaded",,,,,,,"bhzZP3Y0xKGj5tQFevjoL8SD9yIOx3Ri","g9AObJQf3eYkUFZYJaxA4ygWnVX2Kjzk","legacyData"
"613af307-3cde-4d2a-afb3-998889f70e0b","GUAN_002.basePlot.vst","2015-08-13","vst_GUAN_2015","D04","GUAN","GUAN_002",,"NEON.PLA.D04.GUAN.01948",,"single shrub","Live",9.7,130,6.0,,,,,,,"inverted cone",,,2.60,2.30,,"bhzZP3Y0xKGj5tQFevjoL8SD9yIOx3Ri","g9AObJQf3eYkUFZYJaxA4ygWnVX2Kjzk","legacyData"
"9c08341c-a191-428e-ae2f-5e008f5ea2bf","GUAN_002.basePlot.vst","2015-08-13","vst_GUAN_2015","D04","GUAN","GUAN_002",,"NEON.PLA.D04.GUAN.01852",,"small tree","Standing dead",2.2,130,3.2,,,,,,"Partially shaded",,,,,,"Additional technicians: emartinez@field-ops.org and ddelacruzgaitan@field-ops.org","bhzZP3Y0xKGj5tQFevjoL8SD9yIOx3Ri","8rHzSbnDOXhpq1RB6lSoH2hgWBtav0ErlRGPB+twq8M=","legacyData"
"df39f325-ed10-4023-b9aa-3f520442aace","GUAN_002.basePlot.vst","2015-08-13","vst_GUAN_2015","D04","GUAN","GUAN_002",,"NEON.PLA.D04.GUAN.01569",,"small tree","Live",1.7,130,4.0,,,,,,"Mostly shaded",,,,,,,"bhzZP3Y0xKGj5tQFevjoL8SD9yIOx3Ri","g9AObJQf3eYkUFZYJaxA4ygWnVX2Kjzk","legacyData"
"40abb080-1f10-4394-b04d-cc97bae22fcd","GUAN_002.basePlot.vst","2015-08-13","vst_GUAN_2015","D04","GUAN","GUAN_002",,"NEON.PLA.D04.GUAN.01943",,"multi-bole tree","Live",27.0,15,7.7,,,,3.2,2.7,"Full sun",,,,,,"Additional technicians: emartinez@field-ops.org and ddelacruzgaitan@field-ops.org","bhzZP3Y0xKGj5tQFevjoL8SD9yIOx3Ri","8rHzSbnDOXhpq1RB6lSoH2hgWBtav0ErlRGPB+twq8M=","legacyData"
"0a1c6c1a-04fb-4782-af75-5f174b266e85","GUAN_002.basePlot.vst","2015-08-13","vst_GUAN_2015","D04","GUAN","GUAN_002",,"NEON.PLA.D04.GUAN.01570",,"small tree","Standing dead",4.6,130,4.5,,,,,,"Partially shaded",,,,,,,"bhzZP3Y0xKGj5tQFevjoL8SD9yIOx3Ri","g9AObJQf3eYkUFZYJaxA4ygWnVX2Kjzk","legacyData"
"dee5b817-b620-4245-8d29-a5f948f545e0","GUAN_002.basePlot.vst","2015-08-13","vst_GUAN_2015","D04","GUAN","GUAN_002",,"NEON.PLA.D04.GUAN.01949",,"single bole tree","Standing dead",10.5,130,4.8,,,,2.2,1.5,"Open grown",,,,,,,"bhzZP3Y0xKGj5tQFevjoL8SD9yIOx3Ri","g9AObJQf3eYkUFZYJaxA4ygWnVX2Kjzk","legacyData"
"c82475d0-2639-4d38-9896-0d5a6450662b","GUAN_002.basePlot.vst","2015-08-13","vst_GUAN_2015","D04","GUAN","GUAN_002",,"NEON.PLA.D04.GUAN.01571",,"small tree","Live",6.1,130,50.0,,,,,,"Partially shaded",,,,,,,"bhzZP3Y0xKGj5tQFevjoL8SD9yIOx3Ri","g9AObJQf3eYkUFZYJaxA4ygWnVX2Kjzk","legacyData"
"fde27ce2-5137-4f56-b2de-f856c4ff0a6a","GUAN_002.basePlot.vst","2015-08-13","vst_GUAN_2015","D04","GUAN","GUAN_002",,"NEON.PLA.D04.GUAN.01845",,"sapling","Live",2.3,10,2.2,,,,,,"Full sun",,,,,,"Additional technicians: emartinez@field-ops.org and ddelacruzgaitan@field-ops.org","bhzZP3Y0xKGj5tQFevjoL8SD9yIOx3Ri","8rHzSbnDOXhpq1RB6lSoH2hgWBtav0ErlRGPB+twq8M=","legacyData"
"5b639297-3aca-4b2a-9c95-23c24ec8eba8","GUAN_002.basePlot.vst","2015-08-13","vst_GUAN_2015","D04","GUAN","GUAN_002",,"NEON.PLA.D04.GUAN.01562",,"small tree","Live",2.1,130,3.2,,,,,,"Full shade",,,,,,,"bhzZP3Y0xKGj5tQFevjoL8SD9yIOx3Ri","g9AObJQf3eYkUFZYJaxA4ygWnVX2Kjzk","legacyData"
"2767b773-add0-4200-844f-023a0de4ccbd","GUAN_002.basePlot.vst","2015-08-13","vst_GUAN_2015","D04","GUAN","GUAN_002",,"NEON.PLA.D04.GUAN.01577",,"single shrub","Live",7.4,130,4.0,,,,,,"Full sun",,,,200.00,190.00,"Main stem 7.4 DBH, A 4.4cm DBH, B 4.9cm DBH, C 5.6cm DBH, all at 130cm height","bhzZP3Y0xKGj5tQFevjoL8SD9yIOx3Ri","g9AObJQf3eYkUFZYJaxA4ygWnVX2Kjzk","legacyData"
"9f4b08aa-9aa3-4d67-aad6-5f9b616d6bd7","GUAN_002.basePlot.vst","2015-08-13","vst_GUAN_2015","D04","GUAN","GUAN_002",,"NEON.PLA.D04.GUAN.01380",,"multi-bole tree","Live",10.7,130,9.0,,,,6.0,4.0,"Partially shaded",,,,,,"Additional technicians: emartinez@field-ops.org and ddelacruzgaitan@field-ops.org","bhzZP3Y0xKGj5tQFevjoL8SD9yIOx3Ri","8rHzSbnDOXhpq1RB6lSoH2hgWBtav0ErlRGPB+twq8M=","legacyData"
"5e363ca1-5f53-407e-be49-050ce834bbc7","GUAN_002.basePlot.vst","2015-08-13","vst_GUAN_2015","D04","GUAN","GUAN_002",,"NEON.PLA.D04.GUAN.01851",,"single shrub","Live",4.1,130,4.0,,,,9.7,1.1,"Mostly shaded","inverted cone",,,,,,"bhzZP3Y0xKGj5tQFevjoL8SD9yIOx3Ri","g9AObJQf3eYkUFZYJaxA4ygWnVX2Kjzk","legacyData"
"30b5aa0f-a907-49b9-bb7f-400be763a2e7","GUAN_002.basePlot.vst","2015-08-13","vst_GUAN_2015","D04","GUAN","GUAN_002",,"NEON.PLA.D04.GUAN.01573",,"small shrub","Live",1.0,10,1.4,,,,,,"Full shade",,,,45.00,19.00,,"bhzZP3Y0xKGj5tQFevjoL8SD9yIOx3Ri","g9AObJQf3eYkUFZYJaxA4ygWnVX2Kjzk","legacyData"
"91135c38-ecad-4a0a-97a4-8892cf7ba83e","GUAN_002.basePlot.vst","2015-08-13","vst_GUAN_2015","D04","GUAN","GUAN_002",,"NEON.PLA.D04.GUAN.04214",,"multi-bole tree","Live",10.0,130,9.0,,,,6.0,4.0,"Partially shaded",,,,,,"Additional technicians: emartinez@field-ops.org and ddelacruzgaitan@field-ops.org","bhzZP3Y0xKGj5tQFevjoL8SD9yIOx3Ri","8rHzSbnDOXhpq1RB6lSoH2hgWBtav0ErlRGPB+twq8M=","legacyData"
"5b562131-6838-40ca-8728-11789f09c688","GUAN_002.basePlot.vst","2015-08-13","vst_GUAN_2015","D04","GUAN","GUAN_002",,"NEON.PLA.D04.GUAN.01848",,"sapling","Live",2.3,10,2.3,,,,,,"Full shade",,,,,,,"bhzZP3Y0xKGj5tQFevjoL8SD9yIOx3Ri","g9AObJQf3eYkUFZYJaxA4ygWnVX2Kjzk","legacyData"
"1d01268e-ffbe-451a-a5fd-30ee465e23d9","GUAN_002.basePlot.vst","2015-08-13","vst_GUAN_2015","D04","GUAN","GUAN_002",,"NEON.PLA.D04.GUAN.01938",,"single bole tree","Live",12.6,130,7.5,,,,5.0,4.0,"Full sun",,,,,,"Additional technicians: emartinez@field-ops.org and ddelacruzgaitan@field-ops.org","bhzZP3Y0xKGj5tQFevjoL8SD9yIOx3Ri","8rHzSbnDOXhpq1RB6lSoH2hgWBtav0ErlRGPB+twq8M=","legacyData"
"afbe836f-6031-454c-b188-82d5e9e3aa9b","GUAN_002.basePlot.vst","2015-08-13","vst_GUAN_2015","D04","GUAN","GUAN_002",,"NEON.PLA.D04.GUAN.01853",,"small tree","Live",2.5,130,3.8,,,,,,,,,,,,"Additional technicians: emartinez@field-ops.org and ddelacruzgaitan@field-ops.org","bhzZP3Y0xKGj5tQFevjoL8SD9yIOx3Ri","8rHzSbnDOXhpq1RB6lSoH2hgWBtav0ErlRGPB+twq8M=","legacyData"
"8fbb22c0-bc48-4f61-8d9c-fbac48b5a8cd","GUAN_002.basePlot.vst","2015-08-13","vst_GUAN_2015","D04","GUAN","GUAN_002",,"NEON.PLA.D04.GUAN.01939",,"multi-bole tree","Live",10.4,130,9.0,,,,6.0,4.0,"Partially shaded",,,,,,"Additional technicians: emartinez@field-ops.org and ddelacruzgaitan@field-ops.org","bhzZP3Y0xKGj5tQFevjoL8SD9yIOx3Ri","8rHzSbnDOXhpq1RB6lSoH2hgWBtav0ErlRGPB+twq8M=","legacyData"
"cce6b50b-8439-4238-8377-57db9f8523df","GUAN_002.basePlot.vst","2015-08-13","vst_GUAN_2015","D04","GUAN","GUAN_002",,"NEON.PLA.D04.GUAN.01951",,"single bole tree","Live",14.5,130,7.0,,,,3.7,2.9,"Open grown",,,,,,,"bhzZP3Y0xKGj5tQFevjoL8SD9yIOx3Ri","g9AObJQf3eYkUFZYJaxA4ygWnVX2Kjzk","legacyData"
"96f6a6b7-0828-4c4b-aa18-1fd69a5b3bc3","GUAN_002.basePlot.vst","2015-08-13","vst_GUAN_2015","D04","GUAN","GUAN_002",,"NEON.PLA.D04.GUAN.00275",,"multi-bole tree","Live",12.9,130,7.7,,,,3.2,2.7,"Full sun",,,,,,"Additional technicians: emartinez@field-ops.org and ddelacruzgaitan@field-ops.org","bhzZP3Y0xKGj5tQFevjoL8SD9yIOx3Ri","8rHzSbnDOXhpq1RB6lSoH2hgWBtav0ErlRGPB+twq8M=","legacyData"
"8f7d27a8-2ce9-4de6-a058-7e37a3a262ec","GUAN_002.basePlot.vst","2015-08-13","vst_GUAN_2015","D04","GUAN","GUAN_002",,"NEON.PLA.D04.GUAN.01843",,"small tree","Standing dead",2.8,130,3.0,,,,,,"Mostly shaded",,,,,,"Additional technicians: emartinez@field-ops.org and ddelacruzgaitan@field-ops.org","bhzZP3Y0xKGj5tQFevjoL8SD9yIOx3Ri","8rHzSbnDOXhpq1RB6lSoH2hgWBtav0ErlRGPB+twq8M=","legacyData"
"17f69cab-bea3-4f8c-bcb9-497cc29f6cde","GUAN_002.basePlot.vst","2015-08-13","vst_GUAN_2015","D04","GUAN","GUAN_002",,"NEON.PLA.D04.GUAN.01567",,"small tree","Live",3.5,130,6.0,,,,,,"Open grown",,,,,,,"bhzZP3Y0xKGj5tQFevjoL8SD9yIOx3Ri","g9AObJQf3eYkUFZYJaxA4ygWnVX2Kjzk","legacyData"
"6b715106-a03e-4165-a1b7-2e4deb81ef9f","GUAN_002.basePlot.vst","2015-08-13","vst_GUAN_2015","D04","GUAN","GUAN_002",,"NEON.PLA.D04.GUAN.01847",,"single shrub","Live",6.0,130,6.5,,,,,,"Open grown","inverted cone",,,2.50,1.70,,"bhzZP3Y0xKGj5tQFevjoL8SD9yIOx3Ri","g9AObJQf3eYkUFZYJaxA4ygWnVX2Kjzk","legacyData"
"fced286d-8b48-4701-b834-34ea1e8856d5","GUAN_002.basePlot.vst","2015-08-13","vst_GUAN_2015","D04","GUAN","GUAN_002",,"NEON.PLA.D04.GUAN.01945",,"single bole tree","Live",16.5,130,7.2,,,,10.0,8.2,"Full sun",,,,,,"Additional technicians: emartinez@field-ops.org and ddelacruzgaitan@field-ops.org","bhzZP3Y0xKGj5tQFevjoL8SD9yIOx3Ri","8rHzSbnDOXhpq1RB6lSoH2hgWBtav0ErlRGPB+twq8M=","legacyData"
"a462568a-d90d-47f7-bef9-c5f04fff21dd","GUAN_002.basePlot.vst","2015-08-14","vst_GUAN_2015","D04","GUAN","GUAN_002",,"NEON.PLA.D04.GUAN.02027",,"sapling","Live",2.0,10,1.8,,,,,,"Full shade",,,,,,,"8rHzSbnDOXhpq1RB6lSoH2hgWBtav0ErlRGPB+twq8M=","WQHHBslzt3Yp0O0wqKYCPSVHnE/Ub27E","legacyData"
"90cbdd07-baac-48ab-84f6-6810715329f4","GUAN_002.basePlot.vst","2015-08-14","vst_GUAN_2015","D04","GUAN","GUAN_002",,"NEON.PLA.D04.GUAN.02005",,"small tree","Live",6.0,130,6.0,,,,,,"Full sun",,,,,,,"8rHzSbnDOXhpq1RB6lSoH2hgWBtav0ErlRGPB+twq8M=","WQHHBslzt3Yp0O0wqKYCPSVHnE/Ub27E","legacyData"
"1fb60865-c3fe-4adc-899a-1f09c071790e","GUAN_002.basePlot.vst","2015-08-14","vst_GUAN_2015","D04","GUAN","GUAN_002",,"NEON.PLA.D04.GUAN.02021",,"small tree","Live",1.1,130,2.3,,,,,,"Partially shaded",,,,,,,"8rHzSbnDOXhpq1RB6lSoH2hgWBtav0ErlRGPB+twq8M=","WQHHBslzt3Yp0O0wqKYCPSVHnE/Ub27E","legacyData"
"4aeb1541-b982-4b5d-9e1a-2e0adec89c8c","GUAN_002.basePlot.vst","2015-08-14","vst_GUAN_2015","D04","GUAN","GUAN_002",,"NEON.PLA.D04.GUAN.01581",,"single shrub","Live",6.6,130,5.0,,,,4.0,,"Full sun","inverted cone",3.4,,,,,"R4rv5xAt+qmpbbkrvcWW56xHJe7XhaYxpQCBhxwz3Ic=","WQHHBslzt3Yp0O0wqKYCPSVHnE/Ub27E","legacyData"
"d999e1a0-6d78-4e68-b179-606463299428","GUAN_002.basePlot.vst","2015-08-14","vst_GUAN_2015","D04","GUAN","GUAN_002",,"NEON.PLA.D04.GUAN.01954",,"single shrub","Standing dead",7.0,130,6.0,,,,7.1,5.2,"Partially shaded","inverted cone",,,,,,"8rHzSbnDOXhpq1RB6lSoH2hgWBtav0ErlRGPB+twq8M=","g9AObJQf3eYkUFZYJaxA4ygWnVX2Kjzk","legacyData"
"0c1fd8d6-6e35-4d6f-9f76-28d9b70309cd","GUAN_002.basePlot.vst","2015-08-14","vst_GUAN_2015","D04","GUAN","GUAN_002",,"NEON.PLA.D04.GUAN.01976",,"sapling","Live",1.0,10,1.7,,,,,,"Mostly shaded",,,,,,,"R4rv5xAt+qmpbbkrvcWW56xHJe7XhaYxpQCBhxwz3Ic=","WQHHBslzt3Yp0O0wqKYCPSVHnE/Ub27E","legacyData"
"7a95f7ec-8d64-430f-8e6b-bfe5d96f9c8e","GUAN_002.basePlot.vst","2015-08-14","vst_GUAN_2015","D04","GUAN","GUAN_002",,"NEON.PLA.D04.GUAN.01955",,"small tree","Live",2.9,130,,,,,,,"Mostly shaded",,,,,,,"8rHzSbnDOXhpq1RB6lSoH2hgWBtav0ErlRGPB+twq8M=","g9AObJQf3eYkUFZYJaxA4ygWnVX2Kjzk","legacyData"
"fda0d6b0-14a2-4e4e-b31f-2fcfcfd8f2de","GUAN_002.basePlot.vst","2015-08-14","vst_GUAN_2015","D04","GUAN","GUAN_002",,"NEON.PLA.D04.GUAN.02015",,"sapling","Live",1.9,10,2.0,,,,,,"Full shade",,,,,,,"R4rv5xAt+qmpbbkrvcWW56xHJe7XhaYxpQCBhxwz3Ic=","WQHHBslzt3Yp0O0wqKYCPSVHnE/Ub27E","legacyData"
"00831c1f-597e-4200-9115-f269e24e2e74","GUAN_002.basePlot.vst","2015-08-14","vst_GUAN_2015","D04","GUAN","GUAN_002",,"NEON.PLA.D04.GUAN.02029",,"single shrub","Live",4.5,130,5.0,,,,2.0,1.3,"Partially shaded","inverted cone",4.5,,,,"Others DBH at 130cm height: 1.3cm","8rHzSbnDOXhpq1RB6lSoH2hgWBtav0ErlRGPB+twq8M=","WQHHBslzt3Yp0O0wqKYCPSVHnE/Ub27E","legacyData"
"1bbbd339-8bb1-4e05-935a-f911fcb81e84","GUAN_002.basePlot.vst","2015-08-14","vst_GUAN_2015","D04","GUAN","GUAN_002",,"NEON.PLA.D04.GUAN.02010",,"small tree","Live",1.7,125,3.3,,,,,,"Full shade",,,,,,,"R4rv5xAt+qmpbbkrvcWW56xHJe7XhaYxpQCBhxwz3Ic=","WQHHBslzt3Yp0O0wqKYCPSVHnE/Ub27E","legacyData"
"d555f084-fd45-4dd7-ba56-5845a5fbde77","GUAN_002.basePlot.vst","2015-08-14","vst_GUAN_2015","D04","GUAN","GUAN_002",,"NEON.PLA.D04.GUAN.02012",,"single shrub","Live",4.3,130,4.3,,,,2.0,1.5,"Partially shaded","inverted cone",2.8,,,,"LIA 1560 ON TOP","R4rv5xAt+qmpbbkrvcWW56xHJe7XhaYxpQCBhxwz3Ic=","WQHHBslzt3Yp0O0wqKYCPSVHnE/Ub27E","legacyData"
"60ad89ee-3e56-420f-847c-e0b032adeba8","GUAN_002.basePlot.vst","2015-08-14","vst_GUAN_2015","D04","GUAN","GUAN_002",,"NEON.PLA.D04.GUAN.01583",,"single shrub","Live",3.8,130,3.2,,,,1.3,1.3,"Full shade","inverted cone",1.2,,,,,"R4rv5xAt+qmpbbkrvcWW56xHJe7XhaYxpQCBhxwz3Ic=","WQHHBslzt3Yp0O0wqKYCPSVHnE/Ub27E","legacyData"
"29c511b2-db35-4934-8b81-be708de7672b","GUAN_002.basePlot.vst","2015-08-14","vst_GUAN_2015","D04","GUAN","GUAN_002",,"NEON.PLA.D04.GUAN.01586",,"small tree","Live",7.1,130,4.2,,,,,,"Partially shaded",,,,,,,"R4rv5xAt+qmpbbkrvcWW56xHJe7XhaYxpQCBhxwz3Ic=","WQHHBslzt3Yp0O0wqKYCPSVHnE/Ub27E","legacyData"
"b677243b-cec0-469a-abfd-d111371b4a64","GUAN_002.basePlot.vst","2015-08-14","vst_GUAN_2015","D04","GUAN","GUAN_002",,"NEON.PLA.D04.GUAN.02018",,"sapling","Live",1.7,10,2.0,,,,,,"Full shade",,,,,,,"R4rv5xAt+qmpbbkrvcWW56xHJe7XhaYxpQCBhxwz3Ic=","WQHHBslzt3Yp0O0wqKYCPSVHnE/Ub27E","legacyData"
"e67289c0-be3f-4d9c-beb6-8ff99efb1af5","GUAN_002.basePlot.vst","2015-08-14","vst_GUAN_2015","D04","GUAN","GUAN_002",,"NEON.PLA.D04.GUAN.01588",,"small tree","Live",3.4,130,4.0,,,,,,"Partially shaded",,,,,,,"R4rv5xAt+qmpbbkrvcWW56xHJe7XhaYxpQCBhxwz3Ic=","WQHHBslzt3Yp0O0wqKYCPSVHnE/Ub27E","legacyData"
"17710807-a826-47eb-8d19-565866487512","GUAN_002.basePlot.vst","2015-08-14","vst_GUAN_2015","D04","GUAN","GUAN_002",,"NEON.PLA.D04.GUAN.01994",,"small tree","Live",1.9,130,3.8,,,,,,"Partially shaded",,,,,,,"R4rv5xAt+qmpbbkrvcWW56xHJe7XhaYxpQCBhxwz3Ic=","WQHHBslzt3Yp0O0wqKYCPSVHnE/Ub27E","legacyData"
"5f648264-7644-4175-8291-536812aefff4","GUAN_002.basePlot.vst","2015-08-14","vst_GUAN_2015","D04","GUAN","GUAN_002",,"NEON.PLA.D04.GUAN.01984",,"single shrub","Live",3.6,130,3.8,,,,2.0,1.9,"Mostly shaded","inverted cone",,,,,,"R4rv5xAt+qmpbbkrvcWW56xHJe7XhaYxpQCBhxwz3Ic=","WQHHBslzt3Yp0O0wqKYCPSVHnE/Ub27E","legacyData"
"7f79e306-d1bf-4521-863d-790669aa6d31","GUAN_002.basePlot.vst","2015-08-14","vst_GUAN_2015","D04","GUAN","GUAN_002",,"NEON.PLA.D04.GUAN.02031",,"small tree","Live",1.0,130,2.4,,,,,,"Full shade",,,,,,,"8rHzSbnDOXhpq1RB6lSoH2hgWBtav0ErlRGPB+twq8M=","WQHHBslzt3Yp0O0wqKYCPSVHnE/Ub27E","legacyData"
"af8a46ea-2acd-4ca6-8d16-e9e69b24b38a","GUAN_002.basePlot.vst","2015-08-14","vst_GUAN_2015","D04","GUAN","GUAN_002",,"NEON.PLA.D04.GUAN.01956",,"small tree","Live",3.5,130,5.0,,,,,,"Mostly shaded",,,,,,,"8rHzSbnDOXhpq1RB6lSoH2hgWBtav0ErlRGPB+twq8M=","g9AObJQf3eYkUFZYJaxA4ygWnVX2Kjzk","legacyData"
"331570dc-ac44-4ce0-bc5b-8f5e7ec49102","GUAN_002.basePlot.vst","2015-08-14","vst_GUAN_2015","D04","GUAN","GUAN_002",,"NEON.PLA.D04.GUAN.01970",,"single shrub","Live",2.8,130,5.2,,,,5.3,3.0,"Open grown","inverted cone",2.2,,,,,"R4rv5xAt+qmpbbkrvcWW56xHJe7XhaYxpQCBhxwz3Ic=","WQHHBslzt3Yp0O0wqKYCPSVHnE/Ub27E","legacyData"
"e9150ead-4aa5-4757-a742-befd095959c8","GUAN_002.basePlot.vst","2015-08-14","vst_GUAN_2015","D04","GUAN","GUAN_002",,"NEON.PLA.D04.GUAN.01964",,"sapling","Standing dead",1.0,10,1.5,,,,,,"Full shade",,,,,,,"R4rv5xAt+qmpbbkrvcWW56xHJe7XhaYxpQCBhxwz3Ic=","WQHHBslzt3Yp0O0wqKYCPSVHnE/Ub27E","legacyData"
"1d83a404-b37e-4af6-b3e8-f04efefbbffa","GUAN_002.basePlot.vst","2015-08-14","vst_GUAN_2015","D04","GUAN","GUAN_002",,"NEON.PLA.D04.GUAN.01585",,"single shrub","Live",2.0,130,3.7,,,,,,"Full shade","inverted cone",1.6,,,,,"R4rv5xAt+qmpbbkrvcWW56xHJe7XhaYxpQCBhxwz3Ic=","WQHHBslzt3Yp0O0wqKYCPSVHnE/Ub27E","legacyData"
"87476e61-a892-49cb-ada7-0ed197edded0","GUAN_002.basePlot.vst","2015-08-14","vst_GUAN_2015","D04","GUAN","GUAN_002",,"NEON.PLA.D04.GUAN.02014",,"single shrub","Live",5.0,130,4.0,,,,,,"Partially shaded","inverted cone",2.0,,,,,"8rHzSbnDOXhpq1RB6lSoH2hgWBtav0ErlRGPB+twq8M=","WQHHBslzt3Yp0O0wqKYCPSVHnE/Ub27E","legacyData"
"3df602fc-dd93-40ed-b0f4-4df7de536a1f","GUAN_002.basePlot.vst","2015-08-14","vst_GUAN_2015","D04","GUAN","GUAN_002",,"NEON.PLA.D04.GUAN.02028",,"sapling","Live",1.0,10,1.3,,,,,,"Full shade",,,,,,,"8rHzSbnDOXhpq1RB6lSoH2hgWBtav0ErlRGPB+twq8M=","WQHHBslzt3Yp0O0wqKYCPSVHnE/Ub27E","legacyData"
"100489a0-73ef-4fba-ac00-5659e77fcc8a","GUAN_002.basePlot.vst","2015-08-14","vst_GUAN_2015","D04","GUAN","GUAN_002",,"NEON.PLA.D04.GUAN.01977",,"single shrub","Live",7.9,130,8.0,,,,3.7,2.0,"Full sun","inverted cone",1.9,,,,,"R4rv5xAt+qmpbbkrvcWW56xHJe7XhaYxpQCBhxwz3Ic=","WQHHBslzt3Yp0O0wqKYCPSVHnE/Ub27E","legacyData"
"6a2adae2-e57d-458e-9edb-10643851ab15","GUAN_002.basePlot.vst","2015-08-14","vst_GUAN_2015","D04","GUAN","GUAN_002",,"NEON.PLA.D04.GUAN.02006",,"sapling","Live",1.4,10,1.6,,,,,,"Full shade",,,,,,,"8rHzSbnDOXhpq1RB6lSoH2hgWBtav0ErlRGPB+twq8M=","WQHHBslzt3Yp0O0wqKYCPSVHnE/Ub27E","legacyData"
"b2d3e6a9-3756-4113-8b1c-28470764ab07","GUAN_002.basePlot.vst","2015-08-14","vst_GUAN_2015","D04","GUAN","GUAN_002",,"NEON.PLA.D04.GUAN.01979",,"sapling","Live",1.2,130,3.2,,,,,,"Mostly shaded",,,,,,,"R4rv5xAt+qmpbbkrvcWW56xHJe7XhaYxpQCBhxwz3Ic=","WQHHBslzt3Yp0O0wqKYCPSVHnE/Ub27E","legacyData"
"2d5f6fc0-cb48-472e-89b8-aa4866287da1","GUAN_002.basePlot.vst","2015-08-14","vst_GUAN_2015","D04","GUAN","GUAN_002",,"NEON.PLA.D04.GUAN.01584",,"single shrub","Live",7.9,130,7.0,,,,,,"Full sun","inverted cone",5.7,,,,,"R4rv5xAt+qmpbbkrvcWW56xHJe7XhaYxpQCBhxwz3Ic=","WQHHBslzt3Yp0O0wqKYCPSVHnE/Ub27E","legacyData"
"b42871f0-6e67-4d15-9915-c51ec67c39f9","GUAN_002.basePlot.vst","2015-08-14","vst_GUAN_2015","D04","GUAN","GUAN_002",,"NEON.PLA.D04.GUAN.01969",,"small tree","Live",5.2,130,8.0,,,,,,"Open grown",,,,,,,"R4rv5xAt+qmpbbkrvcWW56xHJe7XhaYxpQCBhxwz3Ic=","WQHHBslzt3Yp0O0wqKYCPSVHnE/Ub27E","legacyData"
"c6c4bdea-6cfe-4858-98df-b946d4cf9387","GUAN_002.basePlot.vst","2015-08-14","vst_GUAN_2015","D04","GUAN","GUAN_002",,"NEON.PLA.D04.GUAN.01998",,"small tree","Live",2.0,130,1.1,,,,,,"Mostly shaded",,,,,,,"R4rv5xAt+qmpbbkrvcWW56xHJe7XhaYxpQCBhxwz3Ic=","WQHHBslzt3Yp0O0wqKYCPSVHnE/Ub27E","legacyData"
"f86b0471-37f5-4e39-ac0b-a33956d7e954","GUAN_002.basePlot.vst","2015-08-14","vst_GUAN_2015","D04","GUAN","GUAN_002",,"NEON.PLA.D04.GUAN.01985",,"sapling","Live",1.2,10,1.6,,,,,,"Full shade",,,,,,,"R4rv5xAt+qmpbbkrvcWW56xHJe7XhaYxpQCBhxwz3Ic=","WQHHBslzt3Yp0O0wqKYCPSVHnE/Ub27E","legacyData"
"56883a1f-5d7a-4242-9a80-8ecaa8ac19fa","GUAN_002.basePlot.vst","2015-08-14","vst_GUAN_2015","D04","GUAN","GUAN_002",,"NEON.PLA.D04.GUAN.01953",,"small tree","Live",3.4,130,4.6,,,,2.0,1.0,"Mostly shaded","inverted cone",,,,,,"8rHzSbnDOXhpq1RB6lSoH2hgWBtav0ErlRGPB+twq8M=","g9AObJQf3eYkUFZYJaxA4ygWnVX2Kjzk","legacyData"
"9fd10053-aeea-4139-bb97-e59d21db44a0","GUAN_002.basePlot.vst","2015-08-14","vst_GUAN_2015","D04","GUAN","GUAN_002",,"NEON.PLA.D04.GUAN.02034",,"sapling","Live",1.2,10,1.8,,,,,,"Full shade",,,,,,,"8rHzSbnDOXhpq1RB6lSoH2hgWBtav0ErlRGPB+twq8M=","WQHHBslzt3Yp0O0wqKYCPSVHnE/Ub27E","legacyData"
"91576805-9eec-46cb-9fdc-e8059629c36d","GUAN_002.basePlot.vst","2015-08-14","vst_GUAN_2015","D04","GUAN","GUAN_002",,"NEON.PLA.D04.GUAN.02003",,"single shrub","Live",5.4,130,7.0,,,,2.5,2.3,"Open grown","inverted cone",5.2,,,,,"8rHzSbnDOXhpq1RB6lSoH2hgWBtav0ErlRGPB+twq8M=","WQHHBslzt3Yp0O0wqKYCPSVHnE/Ub27E","legacyData"
"7e8f5867-c80d-4e6e-81d7-dc532f6e92c2","GUAN_002.basePlot.vst","2015-08-14","vst_GUAN_2015","D04","GUAN","GUAN_002",,"NEON.PLA.D04.GUAN.01992",,"sapling","Live",1.2,10,2.0,,,,,,"Full shade",,,,,,,"R4rv5xAt+qmpbbkrvcWW56xHJe7XhaYxpQCBhxwz3Ic=","WQHHBslzt3Yp0O0wqKYCPSVHnE/Ub27E","legacyData"
"fe3dd115-5114-4bc7-9752-869f60f00ffe","GUAN_002.basePlot.vst","2015-08-14","vst_GUAN_2015","D04","GUAN","GUAN_002",,"NEON.PLA.D04.GUAN.01961",,"sapling","Live",1.2,10,1.2,,,,,,"Full shade",,,,,,,"8rHzSbnDOXhpq1RB6lSoH2hgWBtav0ErlRGPB+twq8M=","g9AObJQf3eYkUFZYJaxA4ygWnVX2Kjzk","legacyData"
"6c269683-8da4-4fea-89d4-6a426aac5593","GUAN_002.basePlot.vst","2015-08-14","vst_GUAN_2015","D04","GUAN","GUAN_002",,"NEON.PLA.D04.GUAN.01582",,"small tree","Live",4.7,130,4.3,,,,,,"Mostly shaded",,,,,,,"R4rv5xAt+qmpbbkrvcWW56xHJe7XhaYxpQCBhxwz3Ic=","WQHHBslzt3Yp0O0wqKYCPSVHnE/Ub27E","legacyData"
"b6d504a0-eafa-4ebf-b972-9a1ad504e1d6","GUAN_002.basePlot.vst","2015-08-14","vst_GUAN_2015","D04","GUAN","GUAN_002",,"NEON.PLA.D04.GUAN.02017",,"single shrub","Live",4.7,130,8.0,,,,3.0,2.0,"Open grown","inverted cone",4.3,,,,,"8rHzSbnDOXhpq1RB6lSoH2hgWBtav0ErlRGPB+twq8M=","WQHHBslzt3Yp0O0wqKYCPSVHnE/Ub27E","legacyData"
"fca06e1f-da72-4dc0-a2d3-ea784827469f","GUAN_002.basePlot.vst","2015-08-14","vst_GUAN_2015","D04","GUAN","GUAN_002",,"NEON.PLA.D04.GUAN.02008",,"single shrub","Live",7.0,130,7.0,,,,4.0,2.5,"Open grown","inverted cone",5.3,,,,"DBH to others stems: 3.5cm, 2.7","8rHzSbnDOXhpq1RB6lSoH2hgWBtav0ErlRGPB+twq8M=","WQHHBslzt3Yp0O0wqKYCPSVHnE/Ub27E","legacyData"
"2cd3190c-e5b2-4606-aec6-d9a561c1010d","GUAN_002.basePlot.vst","2015-08-14","vst_GUAN_2015","D04","GUAN","GUAN_002",,"NEON.PLA.D04.GUAN.01965",,"single shrub","Live",3.0,130,3.3,,,,3.5,1.8,"Mostly shaded","inverted cone",,,,,,"R4rv5xAt+qmpbbkrvcWW56xHJe7XhaYxpQCBhxwz3Ic=","WQHHBslzt3Yp0O0wqKYCPSVHnE/Ub27E","legacyData"
"c11211f8-4f9a-45ca-b4f6-2ca1d4b78ddf","GUAN_002.basePlot.vst","2015-08-14","vst_GUAN_2015","D04","GUAN","GUAN_002",,"NEON.PLA.D04.GUAN.01958",,"small tree","Live",1.3,130,3.2,,,,,,"Mostly shaded",,,,,,,"8rHzSbnDOXhpq1RB6lSoH2hgWBtav0ErlRGPB+twq8M=","g9AObJQf3eYkUFZYJaxA4ygWnVX2Kjzk","legacyData"
"42e3c1df-a433-4c37-974c-a83a954833f6","GUAN_002.basePlot.vst","2015-08-14","vst_GUAN_2015","D04","GUAN","GUAN_002",,"NEON.PLA.D04.GUAN.02004",,"small tree","Live",3.8,130,8.0,,,,,,"Full sun",,,,,,,"8rHzSbnDOXhpq1RB6lSoH2hgWBtav0ErlRGPB+twq8M=","WQHHBslzt3Yp0O0wqKYCPSVHnE/Ub27E","legacyData"
"bfc025e9-41cf-41b8-b3ff-07aa7475af56","GUAN_002.basePlot.vst","2015-08-14","vst_GUAN_2015","D04","GUAN","GUAN_002",,"NEON.PLA.D04.GUAN.02022",,"single shrub","Live",5.5,130,8.0,,,,4.0,3.0,"Open grown","inverted cone",5.3,,,,"Others DBH at 130cm height: 3.5cm, 3.3cm, 3.9cm, 1.7cm, 3.7cm, 1.9cm","8rHzSbnDOXhpq1RB6lSoH2hgWBtav0ErlRGPB+twq8M=","WQHHBslzt3Yp0O0wqKYCPSVHnE/Ub27E","legacyData"
"f48872e0-f93b-4904-92af-475c442e9c22","GUAN_002.basePlot.vst","2015-08-14","vst_GUAN_2015","D04","GUAN","GUAN_002",,"NEON.PLA.D04.GUAN.02019",,"small tree","Live",1.0,10,1.5,,,,,,"Full shade",,,,,,,"8rHzSbnDOXhpq1RB6lSoH2hgWBtav0ErlRGPB+twq8M=","WQHHBslzt3Yp0O0wqKYCPSVHnE/Ub27E","legacyData"
"3e9dd686-3b1e-4022-84ed-1664b3e0e950","GUAN_002.basePlot.vst","2015-08-14","vst_GUAN_2015","D04","GUAN","GUAN_002",,"NEON.PLA.D04.GUAN.01580",,"small tree","Live",9.2,130,8.0,,,,,,"Open grown",,,,,,,"R4rv5xAt+qmpbbkrvcWW56xHJe7XhaYxpQCBhxwz3Ic=","WQHHBslzt3Yp0O0wqKYCPSVHnE/Ub27E","legacyData"
"1c883e44-f716-4aaa-bf79-95f1fbc9e242","GUAN_002.basePlot.vst","2015-08-14","vst_GUAN_2015","D04","GUAN","GUAN_002",,"NEON.PLA.D04.GUAN.01991",,"sapling","Live",1.3,10,1.4,,,,,,"Mostly shaded",,,,,,,"R4rv5xAt+qmpbbkrvcWW56xHJe7XhaYxpQCBhxwz3Ic=","WQHHBslzt3Yp0O0wqKYCPSVHnE/Ub27E","legacyData"
"e5e592f1-68a1-4cfa-8f71-e74459b60adf","GUAN_002.basePlot.vst","2015-08-14","vst_GUAN_2015","D04","GUAN","GUAN_002",,"NEON.PLA.D04.GUAN.01997",,"sapling","Live",1.6,1,1.9,,,,,,,,,,,,,"R4rv5xAt+qmpbbkrvcWW56xHJe7XhaYxpQCBhxwz3Ic=","WQHHBslzt3Yp0O0wqKYCPSVHnE/Ub27E","legacyData"
"75f9aa59-d0a7-4eb2-a1ca-6668d8da2052","GUAN_002.basePlot.vst","2015-08-14","vst_GUAN_2015","D04","GUAN","GUAN_002",,"NEON.PLA.D04.GUAN.01962",,"single bole tree","Live",4.6,130,7.0,,,,,,"Open grown",,,,400.00,300.00,,"8rHzSbnDOXhpq1RB6lSoH2hgWBtav0ErlRGPB+twq8M=","WQHHBslzt3Yp0O0wqKYCPSVHnE/Ub27E","legacyData"
"20a25a56-aa6e-4ae3-a6bf-2768e8d231bd","GUAN_002.basePlot.vst","2015-08-14","vst_GUAN_2015","D04","GUAN","GUAN_002",,"NEON.PLA.D04.GUAN.01988",,"small tree","Live",1.5,130,1.3,,,,,,"Mostly shaded",,,,,,,"R4rv5xAt+qmpbbkrvcWW56xHJe7XhaYxpQCBhxwz3Ic=","WQHHBslzt3Yp0O0wqKYCPSVHnE/Ub27E","legacyData"
"8f844716-8c64-4b27-92d7-4e06518d9500","GUAN_002.basePlot.vst","2015-08-14","vst_GUAN_2015","D04","GUAN","GUAN_002",,"NEON.PLA.D04.GUAN.01975",,"single shrub","Live",3.1,130,3.0,,,,3.0,1.0,"Mostly shaded","inverted cone",2.0,,,,,"R4rv5xAt+qmpbbkrvcWW56xHJe7XhaYxpQCBhxwz3Ic=","WQHHBslzt3Yp0O0wqKYCPSVHnE/Ub27E","legacyData"
"85a854f4-7bb5-4298-b7cf-6e532e2bf308","GUAN_002.basePlot.vst","2015-08-14","vst_GUAN_2015","D04","GUAN","GUAN_002",,"NEON.PLA.D04.GUAN.01957",,"small tree","Live",2.0,130,4.0,,,,,,"Mostly shaded",,,,,,,"8rHzSbnDOXhpq1RB6lSoH2hgWBtav0ErlRGPB+twq8M=","g9AObJQf3eYkUFZYJaxA4ygWnVX2Kjzk","legacyData"
"74cc3e7d-49fb-491a-83b2-938a687c879a","GUAN_002.basePlot.vst","2015-08-14","vst_GUAN_2015","D04","GUAN","GUAN_002",,"NEON.PLA.D04.GUAN.01987",,"small tree","Live",3.5,130,5.0,,,,,,"Full sun",,,,,,,"R4rv5xAt+qmpbbkrvcWW56xHJe7XhaYxpQCBhxwz3Ic=","WQHHBslzt3Yp0O0wqKYCPSVHnE/Ub27E","legacyData"
"96bc1bfa-2062-488b-9d41-cc791510963e","GUAN_002.basePlot.vst","2015-08-14","vst_GUAN_2015","D04","GUAN","GUAN_002",,"NEON.PLA.D04.GUAN.02011",,"sapling","Live",1.0,10,1.6,,,,,,"Full shade",,,,,,,"8rHzSbnDOXhpq1RB6lSoH2hgWBtav0ErlRGPB+twq8M=","WQHHBslzt3Yp0O0wqKYCPSVHnE/Ub27E","legacyData"
"e630782f-a430-4360-9d5b-f3bff88703b9","GUAN_002.basePlot.vst","2015-08-14","vst_GUAN_2015","D04","GUAN","GUAN_002",,"NEON.PLA.D04.GUAN.01967",,"single shrub","Live",3.9,130,3.5,,,,2.5,2.3,"Partially shaded","inverted cone",3.8,,,,"others stem DBH 3.2cm, 2.8cm, 2.5cm, 2.5cm, 2.4cm","R4rv5xAt+qmpbbkrvcWW56xHJe7XhaYxpQCBhxwz3Ic=","WQHHBslzt3Yp0O0wqKYCPSVHnE/Ub27E","legacyData"
"78e17e75-1bbc-4a2e-b716-7b8071ac6296","GUAN_002.basePlot.vst","2015-08-14","vst_GUAN_2015","D04","GUAN","GUAN_002",,"NEON.PLA.D04.GUAN.01981",,"sapling","Live",1.2,130,2.8,,,,,,"Full sun",,,,,,,"R4rv5xAt+qmpbbkrvcWW56xHJe7XhaYxpQCBhxwz3Ic=","WQHHBslzt3Yp0O0wqKYCPSVHnE/Ub27E","legacyData"
"f6b99601-5ec4-4085-9813-3319ceb17f75","GUAN_002.basePlot.vst","2015-08-14","vst_GUAN_2015","D04","GUAN","GUAN_002",,"NEON.PLA.D04.GUAN.01990",,"small tree","Live",1.8,130,1.2,,,,3.0,2.0,"Partially shaded",,,,,,,"R4rv5xAt+qmpbbkrvcWW56xHJe7XhaYxpQCBhxwz3Ic=","WQHHBslzt3Yp0O0wqKYCPSVHnE/Ub27E","legacyData"
"4b1eaa48-9c66-4671-bfbd-0000d7b19730","GUAN_002.basePlot.vst","2015-08-14","vst_GUAN_2015","D04","GUAN","GUAN_002",,"NEON.PLA.D04.GUAN.01579",,"small tree","Live",4.9,130,6.0,,,,,,"Full sun",,,,,,,"R4rv5xAt+qmpbbkrvcWW56xHJe7XhaYxpQCBhxwz3Ic=","WQHHBslzt3Yp0O0wqKYCPSVHnE/Ub27E","legacyData"
"827329ec-f03f-4025-9bd7-09db33a1d255","GUAN_002.basePlot.vst","2015-08-14","vst_GUAN_2015","D04","GUAN","GUAN_002",,"NEON.PLA.D04.GUAN.01989",,"sapling","Live",2.4,10,2.0,,,,,,"Mostly shaded",,,,,,,"R4rv5xAt+qmpbbkrvcWW56xHJe7XhaYxpQCBhxwz3Ic=","WQHHBslzt3Yp0O0wqKYCPSVHnE/Ub27E","legacyData"
"ce2926ef-66f1-4742-9f30-a8f3f921fe8c","GUAN_002.basePlot.vst","2015-08-14","vst_GUAN_2015","D04","GUAN","GUAN_002",,"NEON.PLA.D04.GUAN.01937",,"small tree","Live",2.0,130,3.7,,,,,,"Full shade",,,,,,,"8rHzSbnDOXhpq1RB6lSoH2hgWBtav0ErlRGPB+twq8M=","g9AObJQf3eYkUFZYJaxA4ygWnVX2Kjzk","legacyData"
"62a8f770-2421-4541-a9c4-97397979c7e9","GUAN_002.basePlot.vst","2015-08-14","vst_GUAN_2015","D04","GUAN","GUAN_002",,"NEON.PLA.D04.GUAN.01983",,"sapling","Live",2.6,130,3.3,,,,,,"Mostly shaded",,,,,,,"R4rv5xAt+qmpbbkrvcWW56xHJe7XhaYxpQCBhxwz3Ic=","WQHHBslzt3Yp0O0wqKYCPSVHnE/Ub27E","legacyData"
"0c035599-4c51-4bf2-a2be-1bb185489c51","GUAN_002.basePlot.vst","2015-08-14","vst_GUAN_2015","D04","GUAN","GUAN_002",,"NEON.PLA.D04.GUAN.02036",,"sapling","Live",1.3,10,2.0,,,,,,"Partially shaded",,,,,,,"8rHzSbnDOXhpq1RB6lSoH2hgWBtav0ErlRGPB+twq8M=","WQHHBslzt3Yp0O0wqKYCPSVHnE/Ub27E","legacyData"
"34d59cf5-bebc-4775-9172-80cabf9742c4","GUAN_002.basePlot.vst","2015-08-14","vst_GUAN_2015","D04","GUAN","GUAN_002",,"NEON.PLA.D04.GUAN.01982",,"sapling","Live",1.6,130,2.9,,,,,,"Full sun",,,,,,,"R4rv5xAt+qmpbbkrvcWW56xHJe7XhaYxpQCBhxwz3Ic=","WQHHBslzt3Yp0O0wqKYCPSVHnE/Ub27E","legacyData"
"2c82daf9-9456-41a9-a352-02541b3911c1","GUAN_002.basePlot.vst","2015-08-14","vst_GUAN_2015","D04","GUAN","GUAN_002",,"NEON.PLA.D04.GUAN.01968",,"small tree","Live",2.7,130,3.8,,,,,,"Mostly shaded",,,,,,,"R4rv5xAt+qmpbbkrvcWW56xHJe7XhaYxpQCBhxwz3Ic=","WQHHBslzt3Yp0O0wqKYCPSVHnE/Ub27E","legacyData"
"92c3b1a6-905e-403a-b268-a2a5f94d06d1","GUAN_002.basePlot.vst","2015-08-14","vst_GUAN_2015","D04","GUAN","GUAN_002",,"NEON.PLA.D04.GUAN.01973",,"sapling","Live",2.1,10,2.0,,,,,,"Open grown",,,,,,,"R4rv5xAt+qmpbbkrvcWW56xHJe7XhaYxpQCBhxwz3Ic=","WQHHBslzt3Yp0O0wqKYCPSVHnE/Ub27E","legacyData"
"22529c07-2fb2-4f07-a1fe-1dc12a61a41e","GUAN_002.basePlot.vst","2015-08-14","vst_GUAN_2015","D04","GUAN","GUAN_002",,"NEON.PLA.D04.GUAN.01971",,"small tree","Live",2.2,130,3.8,,,,,,"Mostly shaded",,,,,,,"R4rv5xAt+qmpbbkrvcWW56xHJe7XhaYxpQCBhxwz3Ic=","WQHHBslzt3Yp0O0wqKYCPSVHnE/Ub27E","legacyData"
"99176654-4947-46cc-b124-44406cddafef","GUAN_002.basePlot.vst","2015-08-14","vst_GUAN_2015","D04","GUAN","GUAN_002",,"NEON.PLA.D04.GUAN.02001",,"small tree","Live",7.3,130,8.0,,,,,,"Open grown",,,,,,,"R4rv5xAt+qmpbbkrvcWW56xHJe7XhaYxpQCBhxwz3Ic=","WQHHBslzt3Yp0O0wqKYCPSVHnE/Ub27E","legacyData"
"e7cb8d45-3282-41f8-90bf-02cda4c60e35","GUAN_002.basePlot.vst","2015-08-14","vst_GUAN_2015","D04","GUAN","GUAN_002",,"NEON.PLA.D04.GUAN.01966",,"single shrub","Live",4.7,130,7.0,,,,1.8,1.5,"Open grown",,1.9,,,,,"R4rv5xAt+qmpbbkrvcWW56xHJe7XhaYxpQCBhxwz3Ic=","WQHHBslzt3Yp0O0wqKYCPSVHnE/Ub27E","legacyData"
"3f38a596-a1af-474a-ae1e-97eb0ab3e293","GUAN_002.basePlot.vst","2015-08-14","vst_GUAN_2015","D04","GUAN","GUAN_002",,"NEON.PLA.D04.GUAN.02024",,"single shrub","Live",3.3,130,2.0,,,,1.0,0.7,"Open grown","inverted cone",1.6,,,,,"8rHzSbnDOXhpq1RB6lSoH2hgWBtav0ErlRGPB+twq8M=","WQHHBslzt3Yp0O0wqKYCPSVHnE/Ub27E","legacyData"
"3e9aa934-e756-42d7-8865-c16b6fac55d3","GUAN_002.basePlot.vst","2015-08-14","vst_GUAN_2015","D04","GUAN","GUAN_002",,"NEON.PLA.D04.GUAN.01996",,"small tree","Live",3.4,130,8.0,,,,,,"Open grown",,,,,,,"8rHzSbnDOXhpq1RB6lSoH2hgWBtav0ErlRGPB+twq8M=","WQHHBslzt3Yp0O0wqKYCPSVHnE/Ub27E","legacyData"
"85904763-3442-4239-97d9-7ecc225dfc49","GUAN_002.basePlot.vst","2015-08-14","vst_GUAN_2015","D04","GUAN","GUAN_002",,"NEON.PLA.D04.GUAN.02023",,"single shrub","Live",4.0,130,4.0,,,,2.0,1.5,"Partially shaded","inverted cone",2.8,,,,"Others DBH at 130cm height: 2.5cm","8rHzSbnDOXhpq1RB6lSoH2hgWBtav0ErlRGPB+twq8M=","WQHHBslzt3Yp0O0wqKYCPSVHnE/Ub27E","legacyData"
"3aa4f72a-30be-430b-a859-878d670a6f12","GUAN_002.basePlot.vst","2015-08-14","vst_GUAN_2015","D04","GUAN","GUAN_002",,"NEON.PLA.D04.GUAN.01960",,"sapling","Live",1.2,10,2.5,,,,,,"Full shade",,,,,,,"8rHzSbnDOXhpq1RB6lSoH2hgWBtav0ErlRGPB+twq8M=","g9AObJQf3eYkUFZYJaxA4ygWnVX2Kjzk","legacyData"
"e6dc5db8-4373-48c3-9c71-3162a77b1321","GUAN_002.basePlot.vst","2015-08-14","vst_GUAN_2015","D04","GUAN","GUAN_002",,"NEON.PLA.D04.GUAN.02013",,"small tree","Live",1.0,130,2.6,,,,,,"Full shade",,,,,,,"8rHzSbnDOXhpq1RB6lSoH2hgWBtav0ErlRGPB+twq8M=","WQHHBslzt3Yp0O0wqKYCPSVHnE/Ub27E","legacyData"
"73e907e7-a557-4e56-84bf-cbaa7defd598","GUAN_002.basePlot.vst","2015-08-14","vst_GUAN_2015","D04","GUAN","GUAN_002",,"NEON.PLA.D04.GUAN.01972",,"sapling","Live",1.7,10,1.4,,,,,,"Full shade",,,,,,,"R4rv5xAt+qmpbbkrvcWW56xHJe7XhaYxpQCBhxwz3Ic=","WQHHBslzt3Yp0O0wqKYCPSVHnE/Ub27E","legacyData"
"5e6453cf-d94b-4528-8e2c-a1e4c468cf53","GUAN_002.basePlot.vst","2015-08-14","vst_GUAN_2015","D04","GUAN","GUAN_002",,"NEON.PLA.D04.GUAN.01963",,"sapling","Live",1.7,10,2.5,,,,,,"Full shade",,,,,,,"R4rv5xAt+qmpbbkrvcWW56xHJe7XhaYxpQCBhxwz3Ic=","WQHHBslzt3Yp0O0wqKYCPSVHnE/Ub27E","legacyData"
"a2d5b054-fe17-47ba-89da-a6809434d62e","GUAN_002.basePlot.vst","2015-08-14","vst_GUAN_2015","D04","GUAN","GUAN_002",,"NEON.PLA.D04.GUAN.01993",,"small tree","Live",1.9,130,3.2,,,,,,"Mostly shaded",,,,,,,"R4rv5xAt+qmpbbkrvcWW56xHJe7XhaYxpQCBhxwz3Ic=","WQHHBslzt3Yp0O0wqKYCPSVHnE/Ub27E","legacyData"
"77fb8e09-4a49-4cc4-b462-48e4d60662c7","GUAN_002.basePlot.vst","2015-08-14","vst_GUAN_2015","D04","GUAN","GUAN_002",,"NEON.PLA.D04.GUAN.01974",,"small tree","Live",1.2,130,2.3,,,,,,"Full shade",,,,,,,"R4rv5xAt+qmpbbkrvcWW56xHJe7XhaYxpQCBhxwz3Ic=","WQHHBslzt3Yp0O0wqKYCPSVHnE/Ub27E","legacyData"
"79ea95eb-e380-4a30-a36f-bf9ef9032a43","GUAN_002.basePlot.vst","2015-08-14","vst_GUAN_2015","D04","GUAN","GUAN_002",,"NEON.PLA.D04.GUAN.02007",,"sapling","Live",1.2,10,1.6,,,,,,"Mostly shaded",,,,,,,"R4rv5xAt+qmpbbkrvcWW56xHJe7XhaYxpQCBhxwz3Ic=","WQHHBslzt3Yp0O0wqKYCPSVHnE/Ub27E","legacyData"
"480ab298-d2f9-45bc-837c-448696319173","GUAN_002.basePlot.vst","2015-08-14","vst_GUAN_2015","D04","GUAN","GUAN_002",,"NEON.PLA.D04.GUAN.02009",,"small tree","Live",1.4,130,6.0,,,,,,"Full sun",,,,,,,"8rHzSbnDOXhpq1RB6lSoH2hgWBtav0ErlRGPB+twq8M=","WQHHBslzt3Yp0O0wqKYCPSVHnE/Ub27E","legacyData"
"fb80be92-17ba-4b97-af05-9d797a62a786","GUAN_002.basePlot.vst","2015-08-14","vst_GUAN_2015","D04","GUAN","GUAN_002",,"NEON.PLA.D04.GUAN.02020",,"sapling","Live",1.5,10,2.2,,,,,,"Full shade",,,,,,,"R4rv5xAt+qmpbbkrvcWW56xHJe7XhaYxpQCBhxwz3Ic=","WQHHBslzt3Yp0O0wqKYCPSVHnE/Ub27E","legacyData"
"a50683a0-1e57-40d0-9571-3d3719174a26","GUAN_002.basePlot.vst","2015-08-14","vst_GUAN_2015","D04","GUAN","GUAN_002",,"NEON.PLA.D04.GUAN.01959",,"single shrub","Live",2.4,130,4.4,,,,2.3,2.0,"Mostly shaded","inverted cone",,,,,,"8rHzSbnDOXhpq1RB6lSoH2hgWBtav0ErlRGPB+twq8M=","g9AObJQf3eYkUFZYJaxA4ygWnVX2Kjzk","legacyData"
"4f5d3a0d-9dae-472d-8cbc-b3dd526a1fce","GUAN_002.basePlot.vst","2015-08-14","vst_GUAN_2015","D04","GUAN","GUAN_002",,"NEON.PLA.D04.GUAN.01936",,"small tree","Live",2.5,130,,,,,,,"Full shade",,,,,,,"8rHzSbnDOXhpq1RB6lSoH2hgWBtav0ErlRGPB+twq8M=","g9AObJQf3eYkUFZYJaxA4ygWnVX2Kjzk","legacyData"
"239a8d28-20ba-4ffc-a88d-dc424565afd0","GUAN_002.basePlot.vst","2015-08-14","vst_GUAN_2015","D04","GUAN","GUAN_002",,"NEON.PLA.D04.GUAN.01978",,"sapling","Live",1.0,10,2.3,,,,,,"Full shade",,,,,,,"R4rv5xAt+qmpbbkrvcWW56xHJe7XhaYxpQCBhxwz3Ic=","WQHHBslzt3Yp0O0wqKYCPSVHnE/Ub27E","legacyData"
"1eabd6d3-a088-445a-9ad9-a3128fca8c94","GUAN_002.basePlot.vst","2015-08-14","vst_GUAN_2015","D04","GUAN","GUAN_002",,"NEON.PLA.D04.GUAN.01587",,"small tree","Live",1.0,130,2.4,,,,,,"Full shade",,,,,,,"R4rv5xAt+qmpbbkrvcWW56xHJe7XhaYxpQCBhxwz3Ic=","WQHHBslzt3Yp0O0wqKYCPSVHnE/Ub27E","legacyData"
"c308e0c7-8c60-4ed8-82a1-e0f232dcf87e","GUAN_002.basePlot.vst","2015-08-14","vst_GUAN_2015","D04","GUAN","GUAN_002",,"NEON.PLA.D04.GUAN.01578",,"single bole tree","Live",15.0,130,7.0,,,,4.0,3.0,"Open grown",,,,,,,"8rHzSbnDOXhpq1RB6lSoH2hgWBtav0ErlRGPB+twq8M=","g9AObJQf3eYkUFZYJaxA4ygWnVX2Kjzk","legacyData"
"0ab61c32-dbf0-4f97-a845-516e78f27ba4","GUAN_002.basePlot.vst","2015-08-14","vst_GUAN_2015","D04","GUAN","GUAN_002",,"NEON.PLA.D04.GUAN.01986",,"small tree","Live",2.5,130,3.3,,,,,,"Mostly shaded",,,,,,,"R4rv5xAt+qmpbbkrvcWW56xHJe7XhaYxpQCBhxwz3Ic=","WQHHBslzt3Yp0O0wqKYCPSVHnE/Ub27E","legacyData"
"55f22994-1700-471c-bd02-32fffda5cbb9","GUAN_002.basePlot.vst","2015-08-14","vst_GUAN_2015","D04","GUAN","GUAN_002",,"NEON.PLA.D04.GUAN.02016",,"small tree","Live",1.2,130,1.6,,,,,,"Full shade",,,,,,,"8rHzSbnDOXhpq1RB6lSoH2hgWBtav0ErlRGPB+twq8M=","WQHHBslzt3Yp0O0wqKYCPSVHnE/Ub27E","legacyData"
"610fd724-fbb1-4df9-a70d-931e72e1d1a8","GUAN_002.basePlot.vst","2015-08-14","vst_GUAN_2015","D04","GUAN","GUAN_002",,"NEON.PLA.D04.GUAN.02002",,"sapling","Live",1.2,10,1.8,,,,,,"Full shade",,,,,,,"8rHzSbnDOXhpq1RB6lSoH2hgWBtav0ErlRGPB+twq8M=","WQHHBslzt3Yp0O0wqKYCPSVHnE/Ub27E","legacyData"
"0df49693-5331-4d98-9f3e-c0a4285118f8","GUAN_002.basePlot.vst","2015-08-14","vst_GUAN_2015","D04","GUAN","GUAN_002",,"NEON.PLA.D04.GUAN.01980",,"sapling","Live",1.1,10,2.3,,,,,,"Open grown",,,,,,,"R4rv5xAt+qmpbbkrvcWW56xHJe7XhaYxpQCBhxwz3Ic=","WQHHBslzt3Yp0O0wqKYCPSVHnE/Ub27E","legacyData"
