uid,namedLocation,domainID,siteID,plotID,plotType,nlcdClass,decimalLatitude,decimalLongitude,geodeticDatum,coordinateUncertainty,elevation,elevationUncertainty,collectDate,eventID,sampleID,sampleCode,samplingMethod,totalSampledArea,targetTaxaPresent,adultCount,nymphCount,larvaCount,sampleCondition,samplingProtocolVersion,measuredBy,remarks
"2b9a581e-a1e6-432e-a3c9-c3f653a7ede6","BLAN_015.tickPlot.tck","D02","BLAN","BLAN_015","distributed","deciduousForest",39.088728,-77.955494,"WGS84",20.2,125.9,0.2,"2018-08-06T13:51Z","BLAN.2018.32",,,"drag",165,"N",0,0,0,,"NEON.DOC.014045vJ","vEBCcEQSSh/8g+5EygcyV8s9rq+AI0d+KECPnWYYvhY=",
"8da459a5-cabe-45e0-b61f-25501f4ccad2","BLAN_005.tickPlot.tck","D02","BLAN","BLAN_005","distributed","deciduousForest",39.086223,-77.972729,"WGS84",20.2,169.1,0.3,"2018-08-06T15:40Z","BLAN.2018.32","BLAN_005.20180806","A00000001622","drag",161,"Y",0,1,135,"No known compromise","NEON.DOC.014045vJ","vEBCcEQSSh/8g+5EygcyV8s9rq+AI0d+KECPnWYYvhY=",
"c694fc64-52dd-4390-81e5-60c3779cfb98","BLAN_004.tickPlot.tck","D02","BLAN","BLAN_004","distributed","pastureHay",39.088416,-77.961331,"WGS84",20.1,123.7,0.1,"2018-08-06T17:02Z","BLAN.2018.32",,,"drag",160,"N",0,0,0,,"NEON.DOC.014045vJ","vEBCcEQSSh/8g+5EygcyV8s9rq+AI0d+KECPnWYYvhY=",
"1fe31ef0-274a-4da3-82a4-564f899d5acd","BLAN_002.tickPlot.tck","D02","BLAN","BLAN_002","distributed","pastureHay",39.091474,-77.982149,"WGS84",20.1,145.6,0.1,"2018-08-06T17:53Z","BLAN.2018.32",,,"drag",160,"N",0,0,0,,"NEON.DOC.014045vJ","vEBCcEQSSh/8g+5EygcyV8s9rq+AI0d+KECPnWYYvhY=",
"744dc90c-a4b3-4979-ab12-c3ff92a79102","BLAN_012.tickPlot.tck","D02","BLAN","BLAN_012","distributed","deciduousForest",39.082720,-77.959589,"WGS84",20.2,135.1,0.2,"2018-08-07T02:27Z","BLAN.2018.32","BLAN_012.20180806","A00000003310","drag",161,"Y",0,1,2,"No known compromise","NEON.DOC.014045vJ","vEBCcEQSSh/8g+5EygcyV8s9rq+AI0d+KECPnWYYvhY=",
"3c98485a-e145-4ce0-9994-a5aff1ed1650","BLAN_008.tickPlot.tck","D02","BLAN","BLAN_008","distributed","pastureHay",39.083870,-77.966320,"WGS84",20.4,159.6,0.5,"2018-08-07T03:03Z","BLAN.2018.32",,,"drag",160,"N",0,0,0,,"NEON.DOC.014045vJ","vEBCcEQSSh/8g+5EygcyV8s9rq+AI0d+KECPnWYYvhY=",
"9093a40e-427d-436f-a87d-1e8ab5b8beaf","BLAN_012.tickPlot.tck","D02","BLAN","BLAN_012","distributed","deciduousForest",39.082720,-77.959589,"WGS84",20.2,135.1,0.2,"2018-08-27T15:33Z","BLAN.2018.35",,,"drag",144,"N",0,0,0,,"NEON.DOC.014045vJ","hEi02w1UuphkAeG8zIXrQDys8MgKlmeYk4EDJa1SRoY=","A lot of rain later"
"43f0b198-414f-4bad-b70a-cdacd151314f","BLAN_008.tickPlot.tck","D02","BLAN","BLAN_008","distributed","pastureHay",39.083870,-77.966320,"WGS84",20.4,159.6,0.5,"2018-08-27T16:09Z","BLAN.2018.35",,,"drag",160,"N",0,0,0,,"NEON.DOC.014045vJ","ciinOn2RW7IuiYFzws3I7RiE3SCYtfO0vt+xtLe1Bko=",
"396f7408-8df4-44f9-9ef7-c9b05aaf17da","BLAN_004.tickPlot.tck","D02","BLAN","BLAN_004","distributed","pastureHay",39.088416,-77.961331,"WGS84",20.1,123.7,0.1,"2018-08-27T16:48Z","BLAN.2018.35",,,"drag",160,"N",0,0,0,,"NEON.DOC.014045vJ","ciinOn2RW7IuiYFzws3I7RiE3SCYtfO0vt+xtLe1Bko=",
"4ee639a8-6405-4457-b709-7533ddfd81f9","BLAN_005.tickPlot.tck","D02","BLAN","BLAN_005","distributed","deciduousForest",39.086223,-77.972729,"WGS84",20.2,169.1,0.3,"2018-08-27T17:52Z","BLAN.2018.35","BLAN_005.20180827","A00000035189","drag",160,"Y",0,4,67,"No known compromise","NEON.DOC.014045vJ","hEi02w1UuphkAeG8zIXrQDys8MgKlmeYk4EDJa1SRoY=",
"fbeefbb5-ae99-41ac-b935-0bd564d0223e","BLAN_002.tickPlot.tck","D02","BLAN","BLAN_002","distributed","pastureHay",39.091474,-77.982149,"WGS84",20.1,145.6,0.1,"2018-08-27T19:39Z","BLAN.2018.35","BLAN_002.20180827","A00000003292","drag",160,"Y",0,0,1,"No known compromise","NEON.DOC.014045vJ","ciinOn2RW7L53SAeOrOGD/2onrpbttp+",
"6032cf4a-15f1-4041-929c-f15a8e31f447","BLAN_015.tickPlot.tck","D02","BLAN","BLAN_015","distributed","deciduousForest",39.088728,-77.955494,"WGS84",20.2,125.9,0.2,"2018-08-29T18:06Z","BLAN.2018.35","BLAN_015.20180829","A00000002665","drag",148,"Y",0,0,8,"No known compromise","NEON.DOC.014045vJ","hEi02w1UuphkAeG8zIXrQDys8MgKlmeYk4EDJa1SRoY=",
