uid,namedLocation,domainID,siteID,plotID,plotType,nlcdClass,decimalLatitude,decimalLongitude,geodeticDatum,coordinateUncertainty,elevation,elevationUncertainty,collectDate,eventID,sampleID,sampleCode,samplingMethod,totalSampledArea,targetTaxaPresent,adultCount,nymphCount,larvaCount,sampleCondition,samplingProtocolVersion,measuredBy,remarks
"c9e4cfd8-7d8e-4efa-9ee7-4a2fe4b3907c","JERC_010.tickPlot.tck","D03","JERC","JERC_010","distributed","deciduousForest",31.209219,-84.470530,"WGS84",20.2,40.5,0.5,"2015-07-29T12:11Z","JERC.2015.30",,,"drag and flag",160,"N",0,0,,,"NEON.DOC.014045vF","+Php+iSbwilfX0miZyLr6F+RXkNMIy6zOEY6uq5kDLAzrtDaLgWFSqdTa35TxvbnqyYphPGwBDEZ0gnBFnlp0NlMF4HEd9+O19sXk2o/SWY=","could not locate stakes, plot needs re-establishment"
"d26eed57-c885-487d-aca6-ab7d04cb11cf","JERC_004.tickPlot.tck","D03","JERC","JERC_004","distributed","cultivatedCrops",31.190115,-84.467381,"WGS84",20.1,43.6,0.2,"2015-07-29T13:06Z","JERC.2015.30",,,"drag and flag",160,"N",0,0,,,"NEON.DOC.014045vF","+Php+iSbwilfX0miZyLr6F+RXkNMIy6zOEY6uq5kDLAzrtDaLgWFSqdTa35TxvbnqyYphPGwBDEZ0gnBFnlp0NlMF4HEd9+O19sXk2o/SWY=",
"d9d05ae2-3efa-4cf0-a4d2-8a0f75d1c9e9","JERC_002.tickPlot.tck","D03","JERC","JERC_002","distributed","evergreenForest",31.194065,-84.461537,"WGS84",20.3,56.0,0.5,"2015-07-29T18:10Z","JERC.2015.30",,,"drag and flag",158,"N",0,0,,,"NEON.DOC.014045vF","+Php+iSbwilfX0miZyLr6F+RXkNMIy6zOEY6uq5kDLAzrtDaLgWFSqdTa35TxvbnqyYphPGwBDEZ0gnBFnlp0NlMF4HEd9+O19sXk2o/SWY=",
"add7e801-587f-4d4d-a7dc-25bcc9515a31","JERC_034.tickPlot.tck","D03","JERC","JERC_034","distributed","deciduousForest",31.198824,-84.491213,"WGS84",20.1,44.9,0.2,"2015-07-29T19:46Z","JERC.2015.30",,,"drag and flag",100,"N",0,0,,,"NEON.DOC.014045vF","+Php+iSbwilfX0miZyLr6F+RXkNMIy6zOEY6uq5kDLAzrtDaLgWFSqdTa35TxvbnqyYphPGwBDEZ0gnBFnlp0NlMF4HEd9+O19sXk2o/SWY=",
