uid,namedLocation,domainID,siteID,plotID,plotType,nlcdClass,decimalLatitude,decimalLongitude,geodeticDatum,coordinateUncertainty,elevation,elevationUncertainty,collectDate,eventID,sampleID,sampleCode,samplingMethod,totalSampledArea,targetTaxaPresent,adultCount,nymphCount,larvaCount,sampleCondition,samplingProtocolVersion,measuredBy,remarks
"e940653a-ab1d-4317-b0e8-b57f6235e1ee","SRER_006.tickPlot.tck","D14","SRER","SRER_006","distributed","shrubScrub",31.797005,-110.910555,"WGS84",20.1,1046.3,0.1,"2017-05-02T11:45Z","SRER.2017.19",,,"drag",160,"N",0,0,0,"No known compromise","NEON.DOC.014045vH","xhUh41HrIcfEaWpdXLRKlm3mcsT1p3YLWaStB1UQVQE=",
"e071d0c5-4573-4860-8a3d-0feafd3ebe98","SRER_007.tickPlot.tck","D14","SRER","SRER_007","distributed","shrubScrub",31.898810,-110.874149,"WGS84",20.1,934.9,0.1,"2017-05-02T15:50Z","SRER.2017.19",,,"drag",160,"N",0,0,0,"No known compromise","NEON.DOC.014045vH","47fmII3dmbwIJec1dxdwyBiGTksx4UMrFdhMVXVxQHE=","Added 5 meters"
"09cfeba1-a24d-415e-b55f-c765f487ee10","SRER_002.tickPlot.tck","D14","SRER","SRER_002","distributed","shrubScrub",31.871226,-110.855454,"WGS84",20.1,1032.1,0.1,"2017-05-02T17:20Z","SRER.2017.19",,,"drag",160,"N",0,0,0,"No known compromise","NEON.DOC.014045vH","xhUh41HrIcfEaWpdXLRKlm3mcsT1p3YLWaStB1UQVQE=",
"48e7a43d-ec49-4b23-9446-52b81b12533b","SRER_008.tickPlot.tck","D14","SRER","SRER_008","distributed","shrubScrub",31.868129,-110.813836,"WGS84",20.1,1172.7,0.1,"2017-05-02T18:45Z","SRER.2017.19",,,"drag",160,"N",0,0,0,"No known compromise","NEON.DOC.014045vH","47fmII3dmbwIJec1dxdwyBiGTksx4UMrFdhMVXVxQHE=",
"2d4b78fd-d1d0-4f2f-b9bc-db44228dd0c7","SRER_004.tickPlot.tck","D14","SRER","SRER_004","distributed","shrubScrub",31.908022,-110.816123,"WGS84",20.0,1039.1,0.0,"2017-05-02T20:40Z","SRER.2017.19",,,"drag and flag",160,"N",0,0,0,"No known compromise","NEON.DOC.014045vH","xhUh41HrIcfEaWpdXLRKlm3mcsT1p3YLWaStB1UQVQE=",
"3dd343e1-ee1b-46e4-94f9-81e593fce061","SRER_003.tickPlot.tck","D14","SRER","SRER_003","distributed","shrubScrub",31.840004,-110.915794,"WGS84",20.1,977.6,0.1,"2017-05-02T22:45Z","SRER.2017.19",,,"drag and flag",160,"N",0,0,0,"No known compromise","NEON.DOC.014045vH","47fmII3dmbwIJec1dxdwyBiGTksx4UMrFdhMVXVxQHE=",
