uid,namedLocation,domainID,siteID,plotID,plotType,nlcdClass,decimalLatitude,decimalLongitude,geodeticDatum,coordinateUncertainty,elevation,elevationUncertainty,collectDate,eventID,sampleID,sampleCode,samplingMethod,totalSampledArea,targetTaxaPresent,adultCount,nymphCount,larvaCount,sampleCondition,samplingProtocolVersion,measuredBy,remarks
"f6bd3836-36ad-414f-92c2-2e913465ed73","OAES_005.tickPlot.tck","D11","OAES","OAES_005","distributed","grasslandHerbaceous",35.402926,-99.080346,"WGS84",20.1,509.4,0.1,"2016-11-01T14:25Z","OAES.2016.44",,,"drag",160,"N",0,0,0,"No known compromise","NEON.DOC.014045vG","jrpOJzTntmXy0Hq0KXCTNE1a7gqPknkI",
"0cc3a62d-8ec2-4788-9624-24e83750aff6","OAES_004.tickPlot.tck","D11","OAES","OAES_004","distributed","grasslandHerbaceous",35.411159,-99.084234,"WGS84",20.1,507.6,0.1,"2016-11-01T15:00Z","OAES.2016.44",,,"drag",160,"N",0,0,0,"No known compromise","NEON.DOC.014045vG","nLY7eam4tn5KvmhUGKXYjL1ERBP4294P",
"b407aa26-46b0-4da9-8d38-265e1b76d2df","OAES_021.tickPlot.tck","D11","OAES","OAES_021","distributed","shrubScrub",35.413211,-99.074301,"WGS84",20.1,501.7,0.1,"2016-11-01T15:30Z","OAES.2016.44",,,"drag",137,"N",0,0,0,"No known compromise","NEON.DOC.014045vG","jrpOJzTntmXy0Hq0KXCTNE1a7gqPknkI","~7m diversion around opuntia, cut short about ~15m on W side due to sumac"
"6a76fb1d-47eb-4ad7-8c23-41d06ed49f6d","OAES_003.tickPlot.tck","D11","OAES","OAES_003","distributed","grasslandHerbaceous",35.412134,-99.068027,"WGS84",20.2,512.2,0.2,"2016-11-01T15:57Z","OAES.2016.44",,,"drag",163,"N",0,0,0,"No known compromise","NEON.DOC.014045vG","nLY7eam4tn5KvmhUGKXYjL1ERBP4294P","~3m diversion due to opuntia"
"7d67fb3e-1893-4c4a-8ab2-abda2fed5c14","OAES_007.tickPlot.tck","D11","OAES","OAES_007","distributed","shrubScrub",35.421328,-99.057210,"WGS84",20.1,521.6,0.1,"2016-11-01T16:32Z","OAES.2016.44",,,"drag",161,"N",0,0,0,"No known compromise","NEON.DOC.014045vG","jrpOJzTntmXy0Hq0KXCTNE1a7gqPknkI","~1m diversion due to opuntia"
"f274df9b-bd91-4769-a482-c3159380110f","OAES_008.tickPlot.tck","D11","OAES","OAES_008","distributed","grasslandHerbaceous",35.394019,-99.063159,"WGS84",20.1,492.6,0.1,"2016-11-01T17:00Z","OAES.2016.44",,,"drag and flag",160,"N",0,0,0,"No known compromise","NEON.DOC.014045vG","nLY7eam4tn5KvmhUGKXYjL1ERBP4294P",
"388bc6b7-806c-469c-acbc-1bb0bf6f42a6","OAES_007.tickPlot.tck","D11","OAES","OAES_007","distributed","shrubScrub",35.421328,-99.057210,"WGS84",20.1,521.6,0.1,"2016-11-29T15:19Z","OAES.2016.48",,,"drag",160,"N",0,0,0,"No known compromise","NEON.DOC.014045vG","jrpOJzTntmXy0Hq0KXCTNE1a7gqPknkI",
"90607c70-0969-44b4-9cb2-afa0cb069255","OAES_003.tickPlot.tck","D11","OAES","OAES_003","distributed","grasslandHerbaceous",35.412134,-99.068027,"WGS84",20.2,512.2,0.2,"2016-11-29T15:53Z","OAES.2016.48",,,"drag",161,"N",0,0,0,"No known compromise","NEON.DOC.014045vG","jrpOJzTntmXy0Hq0KXCTNE1a7gqPknkI","diversion for opuntia on south side"
"b7e1bbc1-9d00-4780-9749-2ea82c051660","OAES_021.tickPlot.tck","D11","OAES","OAES_021","distributed","shrubScrub",35.413211,-99.074301,"WGS84",20.1,501.7,0.1,"2016-11-29T16:19Z","OAES.2016.48",,,"drag and flag",128,"N",0,0,0,"No known compromise","NEON.DOC.014045vG","jrpOJzTntmXy0Hq0KXCTNE1a7gqPknkI","diversion due to opuntia and sumac"
"579d0143-0423-4c2a-9606-6f68d4d3008f","OAES_004.tickPlot.tck","D11","OAES","OAES_004","distributed","grasslandHerbaceous",35.411159,-99.084234,"WGS84",20.1,507.6,0.1,"2016-11-29T16:52Z","OAES.2016.48",,,"drag",160,"N",0,0,0,"No known compromise","NEON.DOC.014045vG","nLY7eam4tn5KvmhUGKXYjL1ERBP4294P",
"fc14825d-7df5-4493-baab-e278223cc40c","OAES_005.tickPlot.tck","D11","OAES","OAES_005","distributed","grasslandHerbaceous",35.402926,-99.080346,"WGS84",20.1,509.4,0.1,"2016-11-29T17:20Z","OAES.2016.48",,,"drag",160,"N",0,0,0,"No known compromise","NEON.DOC.014045vG","nLY7eam4tn5KvmhUGKXYjL1ERBP4294P",
"84bcbd15-b05d-45f6-96f8-6385fd2c09b1","OAES_008.tickPlot.tck","D11","OAES","OAES_008","distributed","grasslandHerbaceous",35.394019,-99.063159,"WGS84",20.1,492.6,0.1,"2016-11-29T17:46Z","OAES.2016.48",,,"drag and flag",160,"N",0,0,0,"No known compromise","NEON.DOC.014045vG","nLY7eam4tn5KvmhUGKXYjL1ERBP4294P",
