uid,namedLocation,domainID,siteID,plotID,plotType,nlcdClass,decimalLatitude,decimalLongitude,geodeticDatum,coordinateUncertainty,elevation,elevationUncertainty,collectDate,eventID,sampleID,sampleCode,samplingMethod,totalSampledArea,targetTaxaPresent,adultCount,nymphCount,larvaCount,sampleCondition,samplingProtocolVersion,measuredBy,remarks
"09f5fdcf-69b9-44c5-9dc0-3a94f2bacf41","JORN_006.tickPlot.tck","D14","JORN","JORN_006","distributed","shrubScrub",32.591754,-106.825128,"WGS84",20.1,1323.4,0.1,"2016-10-05T08:33Z","JORN.2016.40",,,"drag and flag",163,"N",0,0,0,"No known compromise","NEON.DOC.014045vG","a0DIygQs4rguY6Ey57+V6npgK+c4E00t",
"181e95da-a35b-496c-9784-a560300fa0bc","JORN_004.tickPlot.tck","D14","JORN","JORN_004","distributed","shrubScrub",32.629997,-106.859194,"WGS84",20.1,1332.6,0.1,"2016-10-05T14:42Z","JORN.2016.40",,,"drag and flag",165,"N",0,0,0,"No known compromise","NEON.DOC.014045vG","nEnQdY61QniGUBcg66aDeAjT3oqJohvz","165"
"e31d7571-2b0c-437a-8a5c-136307de6161","JORN_001.tickPlot.tck","D14","JORN","JORN_001","distributed","shrubScrub",32.603710,-106.801348,"WGS84",20.1,1323.4,0.1,"2016-10-05T15:57Z","JORN.2016.40",,,"drag and flag",160,"N",0,0,0,"No known compromise","NEON.DOC.014045vG","nEnQdY61QniGUBcg66aDeAjT3oqJohvz",
"fc9be5bb-98bf-49bb-ac15-8b1232e949e3","JORN_003.tickPlot.tck","D14","JORN","JORN_003","distributed","shrubScrub",32.599768,-106.839372,"WGS84",20.1,1321.1,0.1,"2016-10-05T16:41Z","JORN.2016.40",,,"drag and flag",164,"N",0,0,0,"No known compromise","NEON.DOC.014045vG","nEnQdY61QniGUBcg66aDeAjT3oqJohvz",
"73c7ae43-be19-472e-ac86-af6853ebc2fa","JORN_002.tickPlot.tck","D14","JORN","JORN_002","distributed","shrubScrub",32.612341,-106.827225,"WGS84",20.1,1328.9,0.1,"2016-10-05T17:35Z","JORN.2016.40",,,"drag and flag",170,"N",0,0,0,"No known compromise","NEON.DOC.014045vG","nEnQdY61QniGUBcg66aDeAjT3oqJohvz",
"86098421-8ec4-435a-92f6-d34266673615","JORN_005.tickPlot.tck","D14","JORN","JORN_005","distributed","shrubScrub",32.575619,-106.801784,"WGS84",20.1,1324.8,0.2,"2016-10-05T21:58Z","JORN.2016.40",,,"drag and flag",168,"N",0,0,0,"No known compromise","NEON.DOC.014045vG","nEnQdY61QniGUBcg66aDeAjT3oqJohvz",
