uid,namedLocation,plotID,collectDate,identifiedDate,sampleID,subsampleID,scientificName,acceptedTaxonID,taxonRank,family,subfamily,tribe,subtribe,genus,subgenus,specificEpithet,infraspecificEpithet,identificationQualifier,identificationReferences,identificationProtocolVersion,scientificNameAuthorship,sexOrAge,individualCount,sampleCondition,archiveMedium,archiveFacilityID,deprecatedVialID,identifiedBy,laboratoryName,remarks
"f17c66c8-8452-4f85-a3b3-24fff9571396","OSBS_003.tickPlot.tck","OSBS_003","2017-05-11T14:40Z","2017-12-13T17:00Z","OSBS_003.20170511","OSBS_003.20170511.AMBAME.M","Amblyomma americanum","AMBAME","species","Ixodidae",,,,"Amblyomma",,"americanum",,,"Cooley, R. A. and G. M. Kohls. 1944. The genus Amblyomma (ixodidae) in the United States. The Journal of Parasitology, 30(2):77-111.","GSU_tickIdentification_SOP_2016-11-01.pdf","Linnaeus","Male",8,"OK","90% ethanol","USNMENT01358500","OSBS_003.20170511.02.AMBAME.M","Lorenza Beati","Georgia Southern University",
"3d08655f-6112-4b18-955b-90c7bdb797b3","OSBS_003.tickPlot.tck","OSBS_003","2017-05-11T14:40Z","2017-12-13T17:00Z","OSBS_003.20170511","OSBS_003.20170511.AMBAME.N","Amblyomma americanum","AMBAME","species","Ixodidae",,,,"Amblyomma",,"americanum",,,"Cooley, R. A. and G. M. Kohls. 1944. The genus Amblyomma (ixodidae) in the United States. The Journal of Parasitology, 30(2):77-111.","GSU_tickIdentification_SOP_2016-11-01.pdf","Linnaeus","Nymph",19,"OK","90% ethanol","USNMENT01358501","OSBS_003.20170511.02.AMBAME.N","Lorenza Beati","Georgia Southern University",
"1468f3fb-ad82-491d-b51d-ed8aff786e83","OSBS_003.tickPlot.tck","OSBS_003","2017-05-11T14:40Z","2017-12-13T17:00Z","OSBS_003.20170511","OSBS_003.20170511.AMBAME.F","Amblyomma americanum","AMBAME","species","Ixodidae",,,,"Amblyomma",,"americanum",,,"Cooley, R. A. and G. M. Kohls. 1944. The genus Amblyomma (ixodidae) in the United States. The Journal of Parasitology, 30(2):77-111.","GSU_tickIdentification_SOP_2016-11-01.pdf","Linnaeus","Female",9,"OK","90% ethanol","USNMENT01358502","OSBS_003.20170511.01.AMBAME.F","Lorenza Beati","Georgia Southern University",
"387320fd-c234-46ab-8a3c-ea924e15f394","OSBS_022.tickPlot.tck","OSBS_022","2017-05-11T16:01Z","2017-09-17T16:00Z","OSBS_022.20170511","OSBS_022.20170511.IXOSP.N","Ixodidae sp.","IXOSP","family","Ixodidae",,,,,,"sp.",,,,"GSU_tickIdentification_SOP_2016-11-01.pdf",,"Nymph",1,"OK","90% ethanol","USNMENT01358504","OSBS_022.20170511.01.N","Lorenza Beati","Georgia Southern University","Over invoice limit, will not be billed."
"9845b368-d87c-47e9-ba28-043b854bfb52","OSBS_001.tickPlot.tck","OSBS_001","2017-05-11T18:07Z","2017-09-17T16:00Z","OSBS_001.20170511","OSBS_001.20170511.AMBSP.N","Amblyomma sp.","AMBSP","genus","Ixodidae",,,,"Amblyomma",,"sp.",,,,"GSU_tickIdentification_SOP_2016-11-01.pdf",,"Nymph",1,"OK","90% ethanol","USNMENT01358561","OSBS_001.20170511.01.AMB.N","Guy Hobbs","Georgia Southern University","Over invoice limit, will not be billed."
"dd360ebb-477f-4ca1-b22c-ff2c74299309","OSBS_001.tickPlot.tck","OSBS_001","2017-05-11T18:07Z","2017-12-17T17:00Z","OSBS_001.20170511","OSBS_001.20170511.DERVAR.F","Dermacentor variabilis","DERVAR","species","Ixodidae",,,,"Dermacentor",,"variabilis",,,"Yunker, C. E., Keirans, J. E., Clifford, C. M., and E. R. Easton. 1986. Dermacentor ticks (Acari: Ixodoidea: Ixodidae) of the New World: a scanning electron microscope atlas. Proceedings of the Entomological Society of Washington, 88(4):609-627.","GSU_tickIdentification_SOP_2016-11-01.pdf","Say","Female",1,"OK","90% ethanol","USNMENT01358562","OSBS_001.20170511.01.DERVAR.F","Lorenza Beati","Georgia Southern University",
"a44111be-0f5d-467a-94e4-01ee6f37bd04","OSBS_001.tickPlot.tck","OSBS_001","2017-05-11T18:07Z","2017-12-13T17:00Z","OSBS_001.20170511","OSBS_001.20170511.AMBAME.F","Amblyomma americanum","AMBAME","species","Ixodidae",,,,"Amblyomma",,"americanum",,,"Cooley, R. A. and G. M. Kohls. 1944. The genus Amblyomma (ixodidae) in the United States. The Journal of Parasitology, 30(2):77-111.","GSU_tickIdentification_SOP_2016-11-01.pdf","Linnaeus","Female",3,"OK","90% ethanol","USNMENT01358559","OSBS_001.20170511.01.AMBAME.F","Lorenza Beati","Georgia Southern University",
"1667fc18-fa00-4e61-a619-c175412508d1","OSBS_001.tickPlot.tck","OSBS_001","2017-05-11T18:07Z","2017-12-17T17:00Z","OSBS_001.20170511","OSBS_001.20170511.AMBAME.M","Amblyomma americanum","AMBAME","species","Ixodidae",,,,"Amblyomma",,"americanum",,,"Cooley, R. A. and G. M. Kohls. 1944. The genus Amblyomma (ixodidae) in the United States. The Journal of Parasitology, 30(2):77-111.","GSU_tickIdentification_SOP_2016-11-01.pdf","Linnaeus","Male",4,"OK","90% ethanol","USNMENT01358560","OSBS_001.20170511.01.AMBAME.M","Lorenza Beati","Georgia Southern University",
"47a57ce4-c64f-4092-9bf3-ef4121c9370c","OSBS_005.tickPlot.tck","OSBS_005","2017-05-11T19:07Z","2017-12-17T17:00Z","OSBS_005.20170511","OSBS_005.20170511.AMBAME.F","Amblyomma americanum","AMBAME","species","Ixodidae",,,,"Amblyomma",,"americanum",,,"Cooley, R. A. and G. M. Kohls. 1944. The genus Amblyomma (ixodidae) in the United States. The Journal of Parasitology, 30(2):77-111.","GSU_tickIdentification_SOP_2016-11-01.pdf","Linnaeus","Female",13,"OK","90% ethanol","USNMENT01358565","OSBS_005.20170511.01.AMBAME.F","Lorenza Beati","Georgia Southern University","TO PAULA"
"9d3a1769-ef6c-4c7a-9f21-472fb32f0e54","OSBS_005.tickPlot.tck","OSBS_005","2017-05-11T19:07Z","2017-12-17T17:00Z","OSBS_005.20170511","OSBS_005.20170511.AMBAME.N","Amblyomma americanum","AMBAME","species","Ixodidae",,,,"Amblyomma",,"americanum",,,"Cooley, R. A. and G. M. Kohls. 1944. The genus Amblyomma (ixodidae) in the United States. The Journal of Parasitology, 30(2):77-111.","GSU_tickIdentification_SOP_2016-11-01.pdf","Linnaeus","Nymph",110,"OK","90% ethanol","USNMENT01358563","OSBS_005.20170511.01.AMBAME.N","Lorenza Beati","Georgia Southern University","identified 27 out of 110 and separated them"
"887e3b17-cf58-49bb-8c98-675cc52d6e99","OSBS_005.tickPlot.tck","OSBS_005","2017-05-11T19:07Z","2017-12-17T17:00Z","OSBS_005.20170511","OSBS_005.20170511.AMBAME.M","Amblyomma americanum","AMBAME","species","Ixodidae",,,,"Amblyomma",,"americanum",,,"Cooley, R. A. and G. M. Kohls. 1944. The genus Amblyomma (ixodidae) in the United States. The Journal of Parasitology, 30(2):77-111.","GSU_tickIdentification_SOP_2016-11-01.pdf","Linnaeus","Male",14,"OK","90% ethanol","USNMENT01358564","OSBS_005.20170511.01.AMBAME.M","Lorenza Beati","Georgia Southern University","TO PAULA"
