uid,namedLocation,domainID,siteID,plotID,plotType,nlcdClass,decimalLatitude,decimalLongitude,geodeticDatum,coordinateUncertainty,elevation,elevationUncertainty,collectDate,eventID,sampleID,sampleCode,samplingMethod,totalSampledArea,targetTaxaPresent,adultCount,nymphCount,larvaCount,sampleCondition,samplingProtocolVersion,measuredBy,remarks
"c082f6ef-bb2c-42c0-8a1c-7c998cccceab","OSBS_002.tickPlot.tck","D03","OSBS","OSBS_002","distributed","evergreenForest",29.703661,-81.958365,"WGS84",20.1,35.8,0.2,"2017-05-11T13:56Z","OSBS.2017.20",,,"drag and flag",162,"N",0,0,0,"No known compromise","NEON.DOC.014045vH","q+sogNxuTpaaq3nt4H3feKdAxSnPr68l",
"d1c76320-410a-4c61-8e85-24b6e09508fe","OSBS_003.tickPlot.tck","D03","OSBS","OSBS_003","distributed","evergreenForest",29.693693,-81.947010,"WGS84",20.3,38.2,0.5,"2017-05-11T14:40Z","OSBS.2017.20","OSBS_003.20170511",,"drag and flag",172,"Y",14,16,0,"No known compromise","NEON.DOC.014045vH","q+sogNxuTpaaq3nt4H3feKdAxSnPr68l",
"230b8a59-8857-4674-a86a-933ba0de545c","OSBS_022.tickPlot.tck","D03","OSBS","OSBS_022","distributed","emergentHerbaceousWetlands",29.688309,-81.961968,"WGS84",20.1,24.3,0.1,"2017-05-11T16:01Z","OSBS.2017.20","OSBS_022.20170511",,"drag and flag",155,"Y",1,1,0,"No known compromise","NEON.DOC.014045vH","q+sogNxuTpaaq3nt4H3feKdAxSnPr68l",
"55a8f626-39ff-4243-8932-4d9f5d65a309","OSBS_004.tickPlot.tck","D03","OSBS","OSBS_004","distributed","evergreenForest",29.683402,-81.960449,"WGS84",20.3,42.4,0.4,"2017-05-11T17:07Z","OSBS.2017.20",,,"drag and flag",160,"N",0,0,0,"No known compromise","NEON.DOC.014045vH","q+sogNxuTpaaq3nt4H3feKdAxSnPr68l",
"64053df2-c257-422c-b9a2-bb074df05a84","OSBS_001.tickPlot.tck","D03","OSBS","OSBS_001","distributed","woodyWetlands",29.704063,-82.008061,"WGS84",20.3,34.4,0.3,"2017-05-11T18:07Z","OSBS.2017.20","OSBS_001.20170511",,"drag and flag",160,"Y",8,1,0,"No known compromise","NEON.DOC.014045vH","PeMFT7qqOQEd16b16hQ1mHIk6ClEPN9Prl+j30tuZrY=",
"a7cb819f-7ad5-4703-b47f-62219b0dd1f2","OSBS_005.tickPlot.tck","D03","OSBS","OSBS_005","distributed","woodyWetlands",29.697923,-82.025623,"WGS84",20.4,36.0,1.2,"2017-05-11T19:07Z","OSBS.2017.20","OSBS_005.20170511",,"drag and flag",160,"Y",27,114,0,"No known compromise","NEON.DOC.014045vH","q+sogNxuTpaaq3nt4H3feKdAxSnPr68l",
