uid,namedLocation,plotID,collectDate,identifiedDate,sampleID,subsampleID,scientificName,acceptedTaxonID,taxonRank,family,subfamily,tribe,subtribe,genus,subgenus,specificEpithet,infraspecificEpithet,identificationQualifier,identificationReferences,identificationProtocolVersion,scientificNameAuthorship,sexOrAge,individualCount,sampleCondition,archiveMedium,archiveFacilityID,deprecatedVialID,identifiedBy,laboratoryName,remarks
"e57d2787-84bd-40f4-8985-0d7e72c2020c","WOOD_001.tickPlot.tck","WOOD_001","2017-05-03T16:15Z","2017-12-07T17:00Z","WOOD_001.20170503","WOOD_001.20170503.DERVAR.F","Dermacentor variabilis","DERVAR","species","Ixodidae",,,,"Dermacentor",,"variabilis",,,"Yunker, C. E., Keirans, J. E., Clifford, C. M., and E. R. Easton. 1986. Dermacentor ticks (Acari: Ixodoidea: Ixodidae) of the New World: a scanning electron microscope atlas. Proceedings of the Entomological Society of Washington, 88(4):609-627.","GSU_tickIdentification_SOP_2016-11-01.pdf","Say","Female",1,"OK","90% ethanol","USNMENT01358493","WOOD_001.20170503.01.DER.VAR.F","Lorenza Beati","Georgia Southern University",
"9512a8ca-0623-4cd9-b819-c0ca1bb32431","WOOD_001.tickPlot.tck","WOOD_001","2017-05-03T16:15Z","2017-12-07T17:00Z","WOOD_001.20170503","WOOD_001.20170503.DERVAR.M","Dermacentor variabilis","DERVAR","species","Ixodidae",,,,"Dermacentor",,"variabilis",,,"Yunker, C. E., Keirans, J. E., Clifford, C. M., and E. R. Easton. 1986. Dermacentor ticks (Acari: Ixodoidea: Ixodidae) of the New World: a scanning electron microscope atlas. Proceedings of the Entomological Society of Washington, 88(4):609-627.","GSU_tickIdentification_SOP_2016-11-01.pdf","Say","Male",12,"OK","90% ethanol","USNMENT01358494","WOOD_001.20170503.01.DER.VAR.M","Lorenza Beati","Georgia Southern University",
"2c929a55-a17e-41c4-938e-7531794dde2b","WOOD_007.tickPlot.tck","WOOD_007","2017-05-03T17:27Z","2017-12-07T17:00Z","WOOD_007.20170503","WOOD_007.20170503.DERVAR.F","Dermacentor variabilis","DERVAR","species","Ixodidae",,,,"Dermacentor",,"variabilis",,,"Yunker, C. E., Keirans, J. E., Clifford, C. M., and E. R. Easton. 1986. Dermacentor ticks (Acari: Ixodoidea: Ixodidae) of the New World: a scanning electron microscope atlas. Proceedings of the Entomological Society of Washington, 88(4):609-627.","GSU_tickIdentification_SOP_2016-11-01.pdf","Say","Female",7,"OK","90% ethanol","USNMENT01358489","WOOD_007.20170503.01.DER.VAR.F","Lorenza Beati","Georgia Southern University",
"3d58fbe7-a136-4baf-bb33-f5d7d4b67b7f","WOOD_007.tickPlot.tck","WOOD_007","2017-05-03T17:27Z","2017-12-07T17:00Z","WOOD_007.20170503","WOOD_007.20170503.DERVAR.M","Dermacentor variabilis","DERVAR","species","Ixodidae",,,,"Dermacentor",,"variabilis",,,"Yunker, C. E., Keirans, J. E., Clifford, C. M., and E. R. Easton. 1986. Dermacentor ticks (Acari: Ixodoidea: Ixodidae) of the New World: a scanning electron microscope atlas. Proceedings of the Entomological Society of Washington, 88(4):609-627.","GSU_tickIdentification_SOP_2016-11-01.pdf","Say","Male",14,"OK","90% ethanol","USNMENT01358490","WOOD_007.20170503.01.DER.VAR.M","Lorenza Beati","Georgia Southern University",
"407574f5-fc86-4c3b-a285-94a974acb25d","WOOD_006.tickPlot.tck","WOOD_006","2017-05-03T18:25Z","2017-12-07T17:00Z","WOOD_006.20170503","WOOD_006.20170503.DERVAR.F","Dermacentor variabilis","DERVAR","species","Ixodidae",,,,"Dermacentor",,"variabilis",,,"Yunker, C. E., Keirans, J. E., Clifford, C. M., and E. R. Easton. 1986. Dermacentor ticks (Acari: Ixodoidea: Ixodidae) of the New World: a scanning electron microscope atlas. Proceedings of the Entomological Society of Washington, 88(4):609-627.","GSU_tickIdentification_SOP_2016-11-01.pdf","Say","Female",13,"OK","90% ethanol","USNMENT01358487","WOOD_006.20170503.01.DER.VAR.F","Lorenza Beati","Georgia Southern University",
"5f7888c6-3c67-46b0-98d4-b85854a53837","WOOD_006.tickPlot.tck","WOOD_006","2017-05-03T18:25Z","2017-12-07T17:00Z","WOOD_006.20170503","WOOD_006.20170503.DERVAR.M","Dermacentor variabilis","DERVAR","species","Ixodidae",,,,"Dermacentor",,"variabilis",,,"Yunker, C. E., Keirans, J. E., Clifford, C. M., and E. R. Easton. 1986. Dermacentor ticks (Acari: Ixodoidea: Ixodidae) of the New World: a scanning electron microscope atlas. Proceedings of the Entomological Society of Washington, 88(4):609-627.","GSU_tickIdentification_SOP_2016-11-01.pdf","Say","Male",13,"OK","90% ethanol","USNMENT01358488","WOOD_006.20170503.01.DER.VAR.M","Lorenza Beati","Georgia Southern University",
"604dd15a-fcef-4261-ab4e-b032a0b4b60c","WOOD_002.tickPlot.tck","WOOD_002","2017-05-03T19:25Z","2017-12-07T17:00Z","WOOD_002.20170503","WOOD_002.20170503.DERVAR.M","Dermacentor variabilis","DERVAR","species","Ixodidae",,,,"Dermacentor",,"variabilis",,,"Yunker, C. E., Keirans, J. E., Clifford, C. M., and E. R. Easton. 1986. Dermacentor ticks (Acari: Ixodoidea: Ixodidae) of the New World: a scanning electron microscope atlas. Proceedings of the Entomological Society of Washington, 88(4):609-627.","GSU_tickIdentification_SOP_2016-11-01.pdf","Say","Male",2,"OK","90% ethanol","USNMENT01358496","WOOD_002.20170503.01.DER.VAR.M","Lorenza Beati","Georgia Southern University",
"78bc0089-bc52-41ad-b84f-604365ad5381","WOOD_002.tickPlot.tck","WOOD_002","2017-05-03T19:25Z","2017-12-07T17:00Z","WOOD_002.20170503","WOOD_002.20170503.DERVAR.F","Dermacentor variabilis","DERVAR","species","Ixodidae",,,,"Dermacentor",,"variabilis",,,"Yunker, C. E., Keirans, J. E., Clifford, C. M., and E. R. Easton. 1986. Dermacentor ticks (Acari: Ixodoidea: Ixodidae) of the New World: a scanning electron microscope atlas. Proceedings of the Entomological Society of Washington, 88(4):609-627.","GSU_tickIdentification_SOP_2016-11-01.pdf","Say","Female",2,"OK","90% ethanol","USNMENT01358495","WOOD_002.20170503.01.DER.VAR.F","Lorenza Beati","Georgia Southern University",
"06001ca6-ac80-4669-a4d6-f41ccb3bd5a9","WOOD_009.tickPlot.tck","WOOD_009","2017-05-03T20:29Z","2017-12-07T17:00Z","WOOD_009.20170503","WOOD_009.20170503.DERVAR.M","Dermacentor variabilis","DERVAR","species","Ixodidae",,,,"Dermacentor",,"variabilis",,,"Yunker, C. E., Keirans, J. E., Clifford, C. M., and E. R. Easton. 1986. Dermacentor ticks (Acari: Ixodoidea: Ixodidae) of the New World: a scanning electron microscope atlas. Proceedings of the Entomological Society of Washington, 88(4):609-627.","GSU_tickIdentification_SOP_2016-11-01.pdf","Say","Male",14,"OK","90% ethanol","USNMENT01358491","WOOD_009.20170503.01.DER.VAR.M","Lorenza Beati","Georgia Southern University",
"fbdcba21-557c-4940-a52f-7fef8525ed34","WOOD_009.tickPlot.tck","WOOD_009","2017-05-03T20:29Z","2017-12-07T17:00Z","WOOD_009.20170503","WOOD_009.20170503.DERVAR.F","Dermacentor variabilis","DERVAR","species","Ixodidae",,,,"Dermacentor",,"variabilis",,,"Yunker, C. E., Keirans, J. E., Clifford, C. M., and E. R. Easton. 1986. Dermacentor ticks (Acari: Ixodoidea: Ixodidae) of the New World: a scanning electron microscope atlas. Proceedings of the Entomological Society of Washington, 88(4):609-627.","GSU_tickIdentification_SOP_2016-11-01.pdf","Say","Female",9,"OK","90% ethanol","USNMENT01358492","WOOD_009.20170503.01.DER.VAR.F","Lorenza Beati","Georgia Southern University",
"b2663b30-6269-471b-8453-1148b310a91a","WOOD_009.tickPlot.tck","WOOD_009","2017-05-24T16:07Z","2017-12-14T17:00Z","WOOD_009.20170524","WOOD_009.20170524.DERVAR.F","Dermacentor variabilis","DERVAR","species","Ixodidae",,,,"Dermacentor",,"variabilis",,,"Yunker, C. E., Keirans, J. E., Clifford, C. M., and E. R. Easton. 1986. Dermacentor ticks (Acari: Ixodoidea: Ixodidae) of the New World: a scanning electron microscope atlas. Proceedings of the Entomological Society of Washington, 88(4):609-627.","GSU_tickIdentification_SOP_2016-11-01.pdf","Say","Female",3,"OK","90% ethanol","USNMENT01358521","WOOD_009.20170524.01.DER.VAR.F","Lorenza Beati","Georgia Southern University",
"e6a6a9ba-c92c-45df-9966-b1ab9077895c","WOOD_009.tickPlot.tck","WOOD_009","2017-05-24T16:07Z","2017-12-14T17:00Z","WOOD_009.20170524","WOOD_009.20170524.DERVAR.M","Dermacentor variabilis","DERVAR","species","Ixodidae",,,,"Dermacentor",,"variabilis",,,"Yunker, C. E., Keirans, J. E., Clifford, C. M., and E. R. Easton. 1986. Dermacentor ticks (Acari: Ixodoidea: Ixodidae) of the New World: a scanning electron microscope atlas. Proceedings of the Entomological Society of Washington, 88(4):609-627.","GSU_tickIdentification_SOP_2016-11-01.pdf","Say","Male",2,"OK","90% ethanol","USNMENT01358522","WOOD_009.20170524.01.DER.VAR.M","Lorenza Beati","Georgia Southern University",
"2ab8a429-56d5-423f-a1b2-815104ffe07d","WOOD_006.tickPlot.tck","WOOD_006","2017-05-24T17:50Z","2017-12-14T17:00Z","WOOD_006.20170524","WOOD_006.20170524.DERVAR.F","Dermacentor variabilis","DERVAR","species","Ixodidae",,,,"Dermacentor",,"variabilis",,,"Yunker, C. E., Keirans, J. E., Clifford, C. M., and E. R. Easton. 1986. Dermacentor ticks (Acari: Ixodoidea: Ixodidae) of the New World: a scanning electron microscope atlas. Proceedings of the Entomological Society of Washington, 88(4):609-627.","GSU_tickIdentification_SOP_2016-11-01.pdf","Say","Female",5,"OK","90% ethanol","USNMENT01358515","WOOD_006.20170524.01.DER.VAR.F","Lorenza Beati","Georgia Southern University",
"0f16f8ca-6f67-42cb-a3c1-50114d2a0a9b","WOOD_006.tickPlot.tck","WOOD_006","2017-05-24T17:50Z","2017-12-14T17:00Z","WOOD_006.20170524","WOOD_006.20170524.DERVAR.M","Dermacentor variabilis","DERVAR","species","Ixodidae",,,,"Dermacentor",,"variabilis",,,"Yunker, C. E., Keirans, J. E., Clifford, C. M., and E. R. Easton. 1986. Dermacentor ticks (Acari: Ixodoidea: Ixodidae) of the New World: a scanning electron microscope atlas. Proceedings of the Entomological Society of Washington, 88(4):609-627.","GSU_tickIdentification_SOP_2016-11-01.pdf","Say","Male",4,"OK","90% ethanol","USNMENT01358516","WOOD_006.20170524.01.DER.VAR.M","Lorenza Beati","Georgia Southern University",
"fa36b612-df6a-458c-8d43-59c3408e7ae3","WOOD_007.tickPlot.tck","WOOD_007","2017-05-24T18:37Z","2017-12-14T17:00Z","WOOD_007.20170524","WOOD_007.20170524.DERVAR.F","Dermacentor variabilis","DERVAR","species","Ixodidae",,,,"Dermacentor",,"variabilis",,,"Yunker, C. E., Keirans, J. E., Clifford, C. M., and E. R. Easton. 1986. Dermacentor ticks (Acari: Ixodoidea: Ixodidae) of the New World: a scanning electron microscope atlas. Proceedings of the Entomological Society of Washington, 88(4):609-627.","GSU_tickIdentification_SOP_2016-11-01.pdf","Say","Female",24,"OK","90% ethanol","USNMENT01358519","WOOD_007.20170524.01.DER.VAR.F","Lorenza Beati","Georgia Southern University",
"8dbb8fba-8720-485a-a3f6-43bca20943de","WOOD_007.tickPlot.tck","WOOD_007","2017-05-24T18:37Z","2017-12-14T17:00Z","WOOD_007.20170524","WOOD_007.20170524.DERVAR.M","Dermacentor variabilis","DERVAR","species","Ixodidae",,,,"Dermacentor",,"variabilis",,,"Yunker, C. E., Keirans, J. E., Clifford, C. M., and E. R. Easton. 1986. Dermacentor ticks (Acari: Ixodoidea: Ixodidae) of the New World: a scanning electron microscope atlas. Proceedings of the Entomological Society of Washington, 88(4):609-627.","GSU_tickIdentification_SOP_2016-11-01.pdf","Say","Male",36,"OK","90% ethanol","USNMENT01358520","WOOD_007.20170524.01.DER.VAR.M","Lorenza Beati","Georgia Southern University",
"327ec488-5ee8-4e3f-8ffa-6a4530234c60","WOOD_001.tickPlot.tck","WOOD_001","2017-05-24T19:42Z","2017-12-14T17:00Z","WOOD_001.20170524","WOOD_001.20170524.DERVAR.M","Dermacentor variabilis","DERVAR","species","Ixodidae",,,,"Dermacentor",,"variabilis",,,"Yunker, C. E., Keirans, J. E., Clifford, C. M., and E. R. Easton. 1986. Dermacentor ticks (Acari: Ixodoidea: Ixodidae) of the New World: a scanning electron microscope atlas. Proceedings of the Entomological Society of Washington, 88(4):609-627.","GSU_tickIdentification_SOP_2016-11-01.pdf","Say","Male",3,"OK","90% ethanol","USNMENT01358518","WOOD_001.20170524.01.DER.VAR.M","Lorenza Beati","Georgia Southern University",
"f70495e8-4b08-4e47-a9d3-d307c6103a75","WOOD_001.tickPlot.tck","WOOD_001","2017-05-24T19:42Z","2017-12-14T17:00Z","WOOD_001.20170524","WOOD_001.20170524.DERVAR.F","Dermacentor variabilis","DERVAR","species","Ixodidae",,,,"Dermacentor",,"variabilis",,,"Yunker, C. E., Keirans, J. E., Clifford, C. M., and E. R. Easton. 1986. Dermacentor ticks (Acari: Ixodoidea: Ixodidae) of the New World: a scanning electron microscope atlas. Proceedings of the Entomological Society of Washington, 88(4):609-627.","GSU_tickIdentification_SOP_2016-11-01.pdf","Say","Female",2,"OK","90% ethanol","USNMENT01358517","WOOD_001.20170524.01.DER.VAR.F","Lorenza Beati","Georgia Southern University",
