uid,namedLocation,domainID,siteID,plotID,plotType,nlcdClass,decimalLatitude,decimalLongitude,geodeticDatum,coordinateUncertainty,elevation,elevationUncertainty,collectDate,eventID,sampleID,sampleCode,samplingMethod,totalSampledArea,targetTaxaPresent,adultCount,nymphCount,larvaCount,sampleCondition,samplingProtocolVersion,measuredBy,remarks
"1c5a2980-e856-4964-8c2c-7c83a83ac734","WOOD_001.tickPlot.tck","D09","WOOD","WOOD_001","distributed","grasslandHerbaceous",47.127200,-99.256464,"WGS84",20.1,593.8,0.2,"2017-05-03T16:15Z","WOOD.2017.19","WOOD_001.20170503",,"drag",160,"Y",13,0,0,"No known compromise","NEON.DOC.014045vH","i4LPslDzEW7+e5TJzsuDqUG9zQJvBvTldI6VGxYk7lE=",
"127c2688-9997-451c-82e8-db8c5ff3b644","WOOD_007.tickPlot.tck","D09","WOOD","WOOD_007","distributed","grasslandHerbaceous",47.133887,-99.251357,"WGS84",20.4,593.6,0.3,"2017-05-03T17:27Z","WOOD.2017.19","WOOD_007.20170503",,"drag",160,"Y",21,0,0,"No known compromise","NEON.DOC.014045vH","i4LPslDzEW7+e5TJzsuDqUG9zQJvBvTldI6VGxYk7lE=",
"584c5bb8-51c2-4cb9-9783-8ad9f1ebb0a3","WOOD_006.tickPlot.tck","D09","WOOD","WOOD_006","distributed","grasslandHerbaceous",47.141023,-99.248055,"WGS84",20.1,587.2,0.1,"2017-05-03T18:25Z","WOOD.2017.19","WOOD_006.20170503",,"drag",142,"Y",26,0,0,"No known compromise","NEON.DOC.014045vG","i4LPslDzEW7+e5TJzsuDqUG9zQJvBvTldI6VGxYk7lE=","SE corner in wetland 1 tick flew away in the wind"
"3eeece25-d698-4dc1-ae47-4be7e022db2c","WOOD_002.tickPlot.tck","D09","WOOD","WOOD_002","distributed","grasslandHerbaceous",47.136802,-99.234546,"WGS84",20.1,578.3,0.1,"2017-05-03T19:25Z","WOOD.2017.19","WOOD_002.20170503",,"drag",160,"Y",4,0,0,"No known compromise","NEON.DOC.014045vH","i4LPslDzEW7+e5TJzsuDqUG9zQJvBvTldI6VGxYk7lE=",
"5b6abcb4-f750-46be-a8a5-b34f31b2c3ef","WOOD_009.tickPlot.tck","D09","WOOD","WOOD_009","distributed","grasslandHerbaceous",47.144534,-99.231072,"WGS84",20.1,573.5,0.2,"2017-05-03T20:29Z","WOOD.2017.19","WOOD_009.20170503",,"drag",160,"Y",23,0,0,"No known compromise","NEON.DOC.014045vH","i4LPslDzEW7+e5TJzsuDqUG9zQJvBvTldI6VGxYk7lE=",
"cf1bb4de-745c-47ec-9bca-a3c8e91feb8d","WOOD_024.tickPlot.tck","D09","WOOD","WOOD_024","distributed","emergentHerbaceousWetlands",47.150784,-99.260836,"WGS84",20.1,586.1,0.2,"2017-05-24T15:10Z","WOOD.2017.22",,,"flag",160,"N",0,0,0,,"NEON.DOC.014045vG","uFai12Woqv1+ZBcfWnpvtO1VPLV12OlWJxtxkBa6pRo=",
"3bc1786b-c169-43e3-b2bc-39c1170c31c3","WOOD_009.tickPlot.tck","D09","WOOD","WOOD_009","distributed","grasslandHerbaceous",47.144534,-99.231072,"WGS84",20.1,573.5,0.2,"2017-05-24T16:07Z","WOOD.2017.22","WOOD_009.20170524",,"drag",160,"Y",5,0,0,"Cold chain broken (conditions described in remarks)","NEON.DOC.014045vG","ippAM7hgZZN9yeJU5Ijf8F5YDP8RekccKAsKIg9hHLs=","Did not take cooler out in the field."
"2c890433-dddb-4ca6-aad5-d46bc90053b6","WOOD_002.tickPlot.tck","D09","WOOD","WOOD_002","distributed","grasslandHerbaceous",47.136802,-99.234546,"WGS84",20.1,578.3,0.1,"2017-05-24T16:50Z","WOOD.2017.22",,,"drag",160,"N",0,0,0,"No known compromise","NEON.DOC.014045vG","uFai12Woqv1+ZBcfWnpvtO1VPLV12OlWJxtxkBa6pRo=",
"24a3beda-e504-4663-aa8e-3d2c6e8a1b1c","WOOD_006.tickPlot.tck","D09","WOOD","WOOD_006","distributed","grasslandHerbaceous",47.141023,-99.248055,"WGS84",20.1,587.2,0.1,"2017-05-24T17:50Z","WOOD.2017.22","WOOD_006.20170524",,"drag and flag",160,"Y",9,0,0,"Cold chain broken (conditions described in remarks)","NEON.DOC.014045vG","ippAM7hgZZN9yeJU5Ijf8F5YDP8RekccKAsKIg9hHLs=","Did not take cooler out in the field."
"76813d4c-fc01-437c-a2f9-d36ed5b8b617","WOOD_007.tickPlot.tck","D09","WOOD","WOOD_007","distributed","grasslandHerbaceous",47.133887,-99.251357,"WGS84",20.4,593.6,0.3,"2017-05-24T18:37Z","WOOD.2017.22","WOOD_007.20170524",,"drag and flag",160,"Y",60,0,0,"Cold chain broken (conditions described in remarks)","NEON.DOC.014045vH","uFai12Woqv1+ZBcfWnpvtO1VPLV12OlWJxtxkBa6pRo=","Did not take cooler out in the field."
"2500ffc5-efc2-4972-86c1-d2f277a6acca","WOOD_001.tickPlot.tck","D09","WOOD","WOOD_001","distributed","grasslandHerbaceous",47.127200,-99.256464,"WGS84",20.1,593.8,0.2,"2017-05-24T19:42Z","WOOD.2017.22","WOOD_001.20170524",,"drag",160,"Y",5,0,0,"Cold chain broken (conditions described in remarks)","NEON.DOC.014045vG","ippAM7hgZZN9yeJU5Ijf8F5YDP8RekccKAsKIg9hHLs=","Did not take cooler out in the field."
