uid,namedLocation,plotID,collectDate,identifiedDate,sampleID,subsampleID,scientificName,acceptedTaxonID,taxonRank,family,subfamily,tribe,subtribe,genus,subgenus,specificEpithet,infraspecificEpithet,identificationQualifier,identificationReferences,identificationProtocolVersion,scientificNameAuthorship,sexOrAge,individualCount,sampleCondition,archiveMedium,archiveFacilityID,deprecatedVialID,identifiedBy,laboratoryName,remarks
"3c070fcb-6fdd-4a0f-b495-f188c79a6b9a","OSBS_003.tickPlot.tck","OSBS_003","2014-06-04T14:59Z","2015-03-06T12:00Z","OSBS_003.20140604","OSBS_003.20140604.AMBAME.N","Amblyomma americanum","AMBAME","species","Ixodidae",,,,"Amblyomma",,"americanum",,,"Cooley, R. A. and G. M. Kohls. 1944. The genus Amblyomma (ixodidae) in the United States. The Journal of Parasitology, 30(2):77-111.","GSU_tickIdentification_SOP_2016-11-01.pdf","Linnaeus","Nymph",7,"OK","95% ethanol","125360",,"Michael Bischof","Georgia Southern University","one nymph very damaged"
"c49aa5bd-7bdd-4866-9f90-002e6aed78ff","OSBS_004.tickPlot.tck","OSBS_004","2014-06-04T16:33Z","2015-03-06T17:00Z","OSBS_004.20140604","OSBS_004.20140604.AMBAME.N","Amblyomma americanum","AMBAME","species","Ixodidae",,,,"Amblyomma",,"americanum",,,"Cooley, R. A. and G. M. Kohls. 1944. The genus Amblyomma (ixodidae) in the United States. The Journal of Parasitology, 30(2):77-111.","GSU_tickIdentification_SOP_2016-11-01.pdf","Linnaeus","Nymph",1,"OK","90% ethanol","125365",,"Michael Bischof","Georgia Southern University",
"30f8d560-e0a8-48fc-8af7-a77c6e90e576","OSBS_005.tickPlot.tck","OSBS_005","2014-06-04T17:48Z","2015-02-20T12:00Z","OSBS_005.20140604","OSBS_005.20140604.AMBAME.N","Amblyomma americanum","AMBAME","species","Ixodidae",,,,"Amblyomma",,"americanum",,,"Cooley, R. A. and G. M. Kohls. 1944. The genus Amblyomma (ixodidae) in the United States. The Journal of Parasitology, 30(2):77-111.","GSU_tickIdentification_SOP_2016-11-01.pdf","Linnaeus","Nymph",23,"OK","95% ethanol","125368",,"Michael Bischof","Georgia Southern University",
"f083c2ef-018c-4f11-a1da-c2c044d14970","OSBS_005.tickPlot.tck","OSBS_005","2014-06-04T17:48Z","2015-02-20T17:00Z","OSBS_005.20140604","OSBS_005.20140604.AMBAME.F","Amblyomma americanum","AMBAME","species","Ixodidae",,,,"Amblyomma",,"americanum",,,"Cooley, R. A. and G. M. Kohls. 1944. The genus Amblyomma (ixodidae) in the United States. The Journal of Parasitology, 30(2):77-111.","GSU_tickIdentification_SOP_2016-11-01.pdf","Linnaeus","Female",3,"OK","90% ethanol","125368",,"Michael Bischof","Georgia Southern University",
"55f1b18f-fcae-443a-b5ca-68f6c2200d3f","OSBS_005.tickPlot.tck","OSBS_005","2014-06-04T17:48Z","2015-02-20T17:00Z","OSBS_005.20140604","OSBS_005.20140604.AMBAME.M","Amblyomma americanum","AMBAME","species","Ixodidae",,,,"Amblyomma",,"americanum",,,"Cooley, R. A. and G. M. Kohls. 1944. The genus Amblyomma (ixodidae) in the United States. The Journal of Parasitology, 30(2):77-111.","GSU_tickIdentification_SOP_2016-11-01.pdf","Linnaeus","Male",2,"OK","90% ethanol","125368",,"Michael Bischof","Georgia Southern University",
"01873cc0-e6c2-4a0e-ace8-f07618da3971","OSBS_003.tickPlot.tck","OSBS_003","2014-06-24T14:13Z","2015-03-06T17:00Z","OSBS_003.20140624","OSBS_003.20140624.AMBAME.M","Amblyomma americanum","AMBAME","species","Ixodidae",,,,"Amblyomma",,"americanum",,,"Cooley, R. A. and G. M. Kohls. 1944. The genus Amblyomma (ixodidae) in the United States. The Journal of Parasitology, 30(2):77-111.","GSU_tickIdentification_SOP_2016-11-01.pdf","Linnaeus","Male",2,"OK","90% ethanol","125361",,"Michael Bischof","Georgia Southern University",
"1d515db0-f56d-4c35-a25b-aefa0d6e7d1e","OSBS_005.tickPlot.tck","OSBS_005","2014-06-27T14:45Z","2015-02-20T12:00Z","OSBS_005.20140627","OSBS_005.20140627.AMBAME.N","Amblyomma americanum","AMBAME","species","Ixodidae",,,,"Amblyomma",,"americanum",,,"Cooley, R. A. and G. M. Kohls. 1944. The genus Amblyomma (ixodidae) in the United States. The Journal of Parasitology, 30(2):77-111.","GSU_tickIdentification_SOP_2016-11-01.pdf","Linnaeus","Nymph",29,"OK","95% ethanol","125369",,"Michael Bischof","Georgia Southern University",
"4e5f1d88-ec8c-4858-8627-92be900a4435","OSBS_005.tickPlot.tck","OSBS_005","2014-06-27T14:45Z","2015-02-20T17:00Z","OSBS_005.20140627","OSBS_005.20140627.AMBAME.F","Amblyomma americanum","AMBAME","species","Ixodidae",,,,"Amblyomma",,"americanum",,,"Cooley, R. A. and G. M. Kohls. 1944. The genus Amblyomma (ixodidae) in the United States. The Journal of Parasitology, 30(2):77-111.","GSU_tickIdentification_SOP_2016-11-01.pdf","Linnaeus","Female",1,"OK","90% ethanol","125369",,"Michael Bischof","Georgia Southern University",
"d1e34023-dc7f-461f-8691-4c6e9f111c7c","OSBS_005.tickPlot.tck","OSBS_005","2014-06-27T14:45Z","2015-02-20T17:00Z","OSBS_005.20140627","OSBS_005.20140627.AMBAME.M","Amblyomma americanum","AMBAME","species","Ixodidae",,,,"Amblyomma",,"americanum",,,"Cooley, R. A. and G. M. Kohls. 1944. The genus Amblyomma (ixodidae) in the United States. The Journal of Parasitology, 30(2):77-111.","GSU_tickIdentification_SOP_2016-11-01.pdf","Linnaeus","Male",2,"OK","90% ethanol","125369",,"Michael Bischof","Georgia Southern University",
