uid,namedLocation,domainID,siteID,plotID,plotType,nlcdClass,decimalLatitude,decimalLongitude,geodeticDatum,coordinateUncertainty,elevation,elevationUncertainty,collectDate,eventID,sampleID,sampleCode,samplingMethod,totalSampledArea,targetTaxaPresent,adultCount,nymphCount,larvaCount,sampleCondition,samplingProtocolVersion,measuredBy,remarks
"249a101a-f3a1-4ed8-93e9-e4fb334e57f4","OSBS_003.tickPlot.tck","D03","OSBS","OSBS_003","distributed","evergreenForest",29.693693,-81.947010,"WGS84",20.3,38.2,0.5,"2014-06-04T14:59Z","OSBS.2014.22","OSBS_003.20140604",,"drag and flag",171,"Y",0,7,0,"No known compromise","NEON.DOC.014045vD","F0MDZMwM2gbNz3kG4LcZ0Q==","7 nymph ticks. 1 adult and 1 nymph escaped. Burned with in the past month; had to add ~11 m to peremeter due to heavy fallen vegitation"
"a5ceb766-1224-43fb-8763-d769b3a70a51","OSBS_004.tickPlot.tck","D03","OSBS","OSBS_004","distributed","evergreenForest",29.683402,-81.960449,"WGS84",20.3,42.4,0.4,"2014-06-04T16:33Z","OSBS.2014.22","OSBS_004.20140604",,"drag",160,"Y",0,1,0,"No known compromise","NEON.DOC.014045vD","F0MDZMwM2gbNz3kG4LcZ0Q==","1 tick collected. Burned within past month. Needs new stakes and flags"
"8be29902-8b31-4301-a9c2-8fd34c44bca0","OSBS_005.tickPlot.tck","D03","OSBS","OSBS_005","distributed","woodyWetlands",29.697923,-82.025623,"WGS84",20.4,36.0,1.2,"2014-06-04T17:48Z","OSBS.2014.22","OSBS_005.20140604",,"drag and flag",160,"Y",5,24,0,"No known compromise","NEON.DOC.014045vD","F0MDZMwM2gbNz3kG4LcZ0Q==","29 ticks collected total."
"e7df6702-1dba-4599-89f1-a62b44c0dc3a","OSBS_003.tickPlot.tck","D03","OSBS","OSBS_003","distributed","evergreenForest",29.693693,-81.947010,"WGS84",20.3,38.2,0.5,"2014-06-24T14:13Z","OSBS.2014.25","OSBS_003.20140624",,"drag and flag",170,"Y",2,5,0,"No known compromise","NEON.DOC.014045vD","YobL0l3TY4gYk6jEsqunwA==","DISCONTINUED SAMPLING ON 20140624 DUE TO RAIN; NO TRANSCRIPTION ERROR FOUND"
"19edc57c-27e4-4c29-b5a3-592e80a6a7d4","OSBS_004.tickPlot.tck","D03","OSBS","OSBS_004","distributed","evergreenForest",29.683402,-81.960449,"WGS84",20.3,42.4,0.4,"2014-06-24T15:48Z","OSBS.2014.25",,,"drag and flag",160,"N",0,0,0,,"NEON.DOC.014045vD","Fje4BZouSVy3PuoCRtf+VA==","DISCONTINUED SAMPLING ON 20140624 DUE TO RAIN; NO TICKS CAUGHT"
"30cc609a-e335-464b-8457-44af4544bfe1","OSBS_005.tickPlot.tck","D03","OSBS","OSBS_005","distributed","woodyWetlands",29.697923,-82.025623,"WGS84",20.4,36.0,1.2,"2014-06-27T14:45Z","OSBS.2014.25","OSBS_005.20140627",,"drag and flag",160,"Y",3,30,560,"No known compromise","NEON.DOC.014045vD","y46blVY4sz6+OX7XOBnDOQ==","DISCONTINUED SAMPLING ON 20140624 DUE TO RAIN"
