uid,namedLocation,domainID,siteID,plotID,plotType,nlcdClass,decimalLatitude,decimalLongitude,geodeticDatum,coordinateUncertainty,elevation,elevationUncertainty,collectDate,eventID,sampleID,sampleCode,samplingMethod,totalSampledArea,targetTaxaPresent,adultCount,nymphCount,larvaCount,sampleCondition,samplingProtocolVersion,measuredBy,remarks
"c34f8333-fc60-475e-841f-cfb965d123cf","JERC_034.tickPlot.tck","D03","JERC","JERC_034","distributed","deciduousForest",31.198824,-84.491213,"WGS84",20.1,44.9,0.2,"2014-07-01T14:33Z","JERC.2014.26",,,"drag",170,"N",0,0,0,,"NEON.DOC.014045vD","15UoIG0bBdOUiabUv6LvBQ==","No catch; NO TRANSCRIPTION ERRORS"
"f9e22849-bae1-440c-b8ce-0a8c6add4064","JERC_010.tickPlot.tck","D03","JERC","JERC_010","distributed","deciduousForest",31.209219,-84.470530,"WGS84",20.2,40.5,0.5,"2014-07-01T16:00Z","JERC.2014.26",,,"drag",160,"N",0,0,0,,"NEON.DOC.014045vD","15UoIG0bBdOUiabUv6LvBQ==","No catch; 2 drag cloth groups; NO TRANSCRIPTION ERRORS"
"260bdb75-fa58-4b29-bcce-b62b8177575d","JERC_004.tickPlot.tck","D03","JERC","JERC_004","distributed","cultivatedCrops",31.190115,-84.467381,"WGS84",20.1,43.6,0.2,"2014-07-01T16:28Z","JERC.2014.26",,,"drag",160,"N",0,0,0,,"NEON.DOC.014045vD","15UoIG0bBdOUiabUv6LvBQ==","No catch; 2 drag cloth groups; NO TRANSCRIPTION ERRORS"
"3c09ce00-d334-46e7-aef8-ceb3f5c04aae","JERC_002.tickPlot.tck","D03","JERC","JERC_002","distributed","evergreenForest",31.194065,-84.461537,"WGS84",20.3,56.0,0.5,"2014-07-01T16:50Z","JERC.2014.26",,,"drag and flag",163,"N",0,0,0,,"NEON.DOC.014045vD","15UoIG0bBdOUiabUv6LvBQ==","No catch; 2 drag cloth groups; NO TRANSCRIPTION ERRORS"
"613dd808-4d1f-4cb9-b7c6-b0ecc34954d0","JERC_005.tickPlot.tck","D03","JERC","JERC_005","distributed","evergreenForest",31.194878,-84.452157,"WGS84",20.3,48.1,0.4,"2014-07-01T21:30Z","JERC.2014.26",,,"drag and flag",165,"N",0,0,0,,"NEON.DOC.014045vD","15UoIG0bBdOUiabUv6LvBQ==","No catch; 2 drag cloth groups; NO TRANSCRIPTION ERRORS"
"e0059e5a-fc7c-4263-9a15-5c511b7298bd","JERC_034.tickPlot.tck","D03","JERC","JERC_034","distributed","deciduousForest",31.198824,-84.491213,"WGS84",20.1,44.9,0.2,"2014-07-23T15:14Z","JERC.2014.29",,,"drag and flag",163,"N",0,0,0,,"NEON.DOC.014045vD","15UoIG0bBdOUiabUv6LvBQ==","NO TICKS; APPROXIMATELY 15m^2 OF PLOT SLIGHTLY DAMP DUE TO SHADE; 2 DRAGS UTILIZED CONCURRENTLY"
"0b11bcf1-509a-432e-a202-142658df1e06","JERC_044.tickPlot.tck","D03","JERC","JERC_044","distributed","mixedForest",31.195549,-84.482479,"WGS84",20.1,42.5,0.1,"2014-07-23T15:56Z","JERC.2014.29",,,"drag and flag",180,"N",0,0,0,,"NEON.DOC.014045vD","15UoIG0bBdOUiabUv6LvBQ==","NO TICKS; 2 DRAGS UTILIZED CONCURRENTLY"
"07f90c8c-0469-47a7-b2b6-ac3f3721b161","JERC_010.tickPlot.tck","D03","JERC","JERC_010","distributed","deciduousForest",31.209219,-84.470530,"WGS84",20.2,40.5,0.5,"2014-07-23T16:30Z","JERC.2014.29",,,"drag",163,"N",0,0,0,,"NEON.DOC.014045vD","15UoIG0bBdOUiabUv6LvBQ==","NO TICKS; 2 DRAGS UTILIZED CONCURRENTLY"
"514c24f4-a843-4701-ac04-5052c2005b40","JERC_004.tickPlot.tck","D03","JERC","JERC_004","distributed","cultivatedCrops",31.190115,-84.467381,"WGS84",20.1,43.6,0.2,"2014-07-23T16:55Z","JERC.2014.29",,,"drag",162,"N",0,0,0,,"NEON.DOC.014045vD","15UoIG0bBdOUiabUv6LvBQ==","NO TICKS; 2 DRAGS UTILIZED CONCURRENTLY; NO TRANSCRIPTION ERROR FOUND"
"639d8e2b-df9a-46db-bbc5-979faf6d015a","JERC_005.tickPlot.tck","D03","JERC","JERC_005","distributed","evergreenForest",31.194878,-84.452157,"WGS84",20.3,48.1,0.4,"2014-07-23T17:20Z","JERC.2014.29",,,"drag and flag",164,"N",0,0,0,,"NEON.DOC.014045vD","15UoIG0bBdOUiabUv6LvBQ==","NO TICKS; 2 DRAGS UTILIZED CONCURRENTLY"
"dc411b57-fe05-46e7-9de3-8ba81c022fd6","JERC_002.tickPlot.tck","D03","JERC","JERC_002","distributed","evergreenForest",31.194065,-84.461537,"WGS84",20.3,56.0,0.5,"2014-07-23T17:38Z","JERC.2014.29",,,"drag and flag",161,"N",0,0,0,,"NEON.DOC.014045vD","15UoIG0bBdOUiabUv6LvBQ==","NO TICKS; 2 DRAGS UTILIZED CONCURRENTLY"
