uid,namedLocation,domainID,siteID,plotID,plotType,nlcdClass,decimalLatitude,decimalLongitude,geodeticDatum,coordinateUncertainty,elevation,elevationUncertainty,collectDate,eventID,sampleID,sampleCode,samplingMethod,totalSampledArea,targetTaxaPresent,adultCount,nymphCount,larvaCount,sampleCondition,samplingProtocolVersion,measuredBy,remarks
"02b723e3-8a7d-4b46-83c8-0fbccfb4c9da","ORNL_007.tickPlot.tck","D07","ORNL","ORNL_007","distributed","deciduousForest",35.925843,-84.328420,"WGS84",20.2,279.4,0.5,"2018-08-06T13:30Z","ORNL.2018.32","ORNL_007.20180806","A00000012118","drag and flag",160,"Y",1,14,47,"No known compromise","NEON.DOC.014045vJ","dUo4y+35fYMLf84WQKENwuHL/E92G+BZoT7HeQZOdG4=",
"ef100b5a-48d7-42e2-a0e8-1de0c3ada50a","ORNL_003.tickPlot.tck","D07","ORNL","ORNL_003","distributed","deciduousForest",35.967011,-84.229849,"WGS84",20.2,275.5,0.2,"2018-08-06T13:37Z","ORNL.2018.32","ORNL_003.20180806","A00000012564","drag and flag",160,"Y",0,7,32,"No known compromise","NEON.DOC.014045vJ","8y2nCljUmhTZCDMmuiKC/MkPK73nDL+eImQBYOvqCbk=",
"1e590a78-0584-46b5-9727-d7af7a86e211","ORNL_008.tickPlot.tck","D07","ORNL","ORNL_008","distributed","deciduousForest",35.933531,-84.334016,"WGS84",20.3,322.7,0.3,"2018-08-06T15:10Z","ORNL.2018.32","ORNL_008.20180806","A00000012544","drag and flag",160,"Y",1,29,1382,"No known compromise","NEON.DOC.014045vJ","dUo4y+35fYMLf84WQKENwuHL/E92G+BZoT7HeQZOdG4=",
"c9ee8d16-f193-49ce-b3a4-db2ef42332a6","ORNL_009.tickPlot.tck","D07","ORNL","ORNL_009","distributed","deciduousForest",35.974902,-84.226630,"WGS84",20.2,337.1,0.2,"2018-08-06T15:31Z","ORNL.2018.32","ORNL_009.20180806","A00000012068","drag and flag",160,"Y",0,33,148,"No known compromise","NEON.DOC.014045vJ","2H55su/YJR5LPFmvOFXSwF0uMtbHyYnwq0ApKEkczBw=",
"d5d89936-a6ab-43a2-b09e-7614aa38ea2d","ORNL_040.tickPlot.tck","D07","ORNL","ORNL_040","distributed","evergreenForest",35.975525,-84.305103,"WGS84",20.2,273.2,0.2,"2018-08-06T16:38Z","ORNL.2018.32","ORNL_040.20180806","A00000012067","drag and flag",160,"Y",0,2,812,"No known compromise","NEON.DOC.014045vJ","dUo4y+35fYMLf84WQKENwuHL/E92G+BZoT7HeQZOdG4=",
"8fde69de-b8f3-43b4-b44e-74317556d626","ORNL_002.tickPlot.tck","D07","ORNL","ORNL_002","distributed","deciduousForest",35.983090,-84.211654,"WGS84",20.3,338.6,0.5,"2018-08-06T17:36Z","ORNL.2018.32","ORNL_002.20180806","A00000012981","drag and flag",160,"Y",1,191,94,"No known compromise","NEON.DOC.014045vJ","2H55su/YJR5LPFmvOFXSwF0uMtbHyYnwq0ApKEkczBw=",
"0e5d4094-9dd3-4362-b73e-3f30efdd981b","ORNL_007.tickPlot.tck","D07","ORNL","ORNL_007","distributed","deciduousForest",35.925843,-84.328420,"WGS84",20.2,279.4,0.5,"2018-08-23T12:53Z","ORNL.2018.34","ORNL_007.20180823","B00000025751","drag",165,"Y",0,4,277,"No known compromise","NEON.DOC.014045vJ","5Ek0n6gchfIDPsOP0jKEohdVx5tVu8KFxKxo4oqalpg=",
"78f7ecc1-593f-4acd-bc4a-6eb71079d9f1","ORNL_002.tickPlot.tck","D07","ORNL","ORNL_002","distributed","deciduousForest",35.983090,-84.211654,"WGS84",20.3,338.6,0.5,"2018-08-23T13:21Z","ORNL.2018.34","ORNL_002.20180823","B00000025750","drag",160,"Y",0,70,197,"No known compromise","NEON.DOC.014045vJ","bj8+IJTPpK9B+X2rN/KZV03LBpX6wb7cr0Ettjp1m08=",
"f4016bbf-ddfc-4dda-90d7-645cdac7f385","ORNL_008.tickPlot.tck","D07","ORNL","ORNL_008","distributed","deciduousForest",35.933531,-84.334016,"WGS84",20.3,322.7,0.3,"2018-08-23T14:16Z","ORNL.2018.34","ORNL_008.20180823","B00000025753","drag",165,"Y",0,26,1081,"No known compromise","NEON.DOC.014045vJ","5Ek0n6gchfIDPsOP0jKEohdVx5tVu8KFxKxo4oqalpg=",
"0dab23c8-8531-4d50-8279-c27639091e87","ORNL_040.tickPlot.tck","D07","ORNL","ORNL_040","distributed","evergreenForest",35.975525,-84.305103,"WGS84",20.2,273.2,0.2,"2018-08-23T15:34Z","ORNL.2018.34","ORNL_040.20180823","B00000025767","drag",160,"Y",0,0,949,"No known compromise","NEON.DOC.014045vJ","5Ek0n6gchfIDPsOP0jKEohdVx5tVu8KFxKxo4oqalpg=",
"cc5ea03a-e137-460a-ba8f-7bef0762d055","ORNL_009.tickPlot.tck","D07","ORNL","ORNL_009","distributed","deciduousForest",35.974902,-84.226630,"WGS84",20.2,337.1,0.2,"2018-08-23T15:38Z","ORNL.2018.34","ORNL_009.20180823","B00000025749","drag and flag",160,"Y",0,41,43,"No known compromise","NEON.DOC.014045vJ","8y2nCljUmhTZCDMmuiKC/MkPK73nDL+eImQBYOvqCbk=",
"d685ab40-d9ee-48e2-b31b-285fe0b5b716","ORNL_003.tickPlot.tck","D07","ORNL","ORNL_003","distributed","deciduousForest",35.967011,-84.229849,"WGS84",20.2,275.5,0.2,"2018-08-23T17:30Z","ORNL.2018.34","ORNL_003.20180823","B00000025754","drag and flag",163,"Y",0,6,10,"No known compromise","NEON.DOC.014045vJ","8y2nCljUmhTZCDMmuiKC/MkPK73nDL+eImQBYOvqCbk=",
