uid,namedLocation,domainID,siteID,plotID,plotType,nlcdClass,decimalLatitude,decimalLongitude,geodeticDatum,coordinateUncertainty,elevation,elevationUncertainty,collectDate,eventID,sampleID,sampleCode,samplingMethod,totalSampledArea,targetTaxaPresent,adultCount,nymphCount,larvaCount,sampleCondition,samplingProtocolVersion,measuredBy,remarks
"6a31a439-f14e-4e08-8571-6e6b48c875f0","TALL_003.tickPlot.tck","D08","TALL","TALL_003","distributed","mixedForest",32.894415,-87.416532,"WGS84",20.2,121.9,0.2,"2018-09-04T13:59Z","TALL.2018.36",,,"drag and flag",158,"N",0,0,0,,"NEON.DOC.014045vJ","BDzq2IAJfRwsrXnG+WJfFzkBkbtaDALAaR+O7WZv4cM=",
"e1f08757-e724-448e-b21c-a969b14893d1","TALL_008.tickPlot.tck","D08","TALL","TALL_008","distributed","deciduousForest",32.922874,-87.434097,"WGS84",20.2,127.5,0.2,"2018-09-04T14:21Z","TALL.2018.36","TALL_008.20180904","A00000015283","drag",160,"Y",0,9,13,"No known compromise","NEON.DOC.014045vJ","5xnpZY6RWQXfIcA73Yt35xUCFBfitt36GhvlLe6b6lWMQTOe3VOuNA==",
"84fd238e-50fd-4552-9590-725dc07e789b","TALL_006.tickPlot.tck","D08","TALL","TALL_006","distributed","evergreenForest",32.899144,-87.444571,"WGS84",20.3,108.6,0.3,"2018-09-04T14:43Z","TALL.2018.36",,,"drag",160,"N",0,0,0,,"NEON.DOC.014045vJ","BDzq2IAJfRwsrXnG+WJfFzkBkbtaDALAaR+O7WZv4cM=",
"506c1203-4e89-443f-9a7e-7cd6ddf4770c","TALL_016.tickPlot.tck","D08","TALL","TALL_016","distributed","evergreenForest",32.971553,-87.415845,"WGS84",20.1,138.9,0.1,"2018-09-04T15:37Z","TALL.2018.36",,,"drag and flag",160,"N",0,0,0,,"NEON.DOC.014045vJ","BDzq2IAJfRwsrXnG+WJfFzkBkbtaDALAaR+O7WZv4cM=",
"32e159e4-cd03-4cb6-abfe-92aaa6ddcd0f","TALL_001.tickPlot.tck","D08","TALL","TALL_001","distributed","deciduousForest",32.976370,-87.432184,"WGS84",20.2,114.6,0.1,"2018-09-04T16:35Z","TALL.2018.36","TALL_001.20180904","A00000013936","drag and flag",160,"Y",0,6,0,"No known compromise","NEON.DOC.014045vJ","BDzq2IAJfRwsrXnG+WJfFzkBkbtaDALAaR+O7WZv4cM=",
"22813b10-7068-440c-a318-5ffe57d5f35e","TALL_002.tickPlot.tck","D08","TALL","TALL_002","distributed","mixedForest",32.920823,-87.428955,"WGS84",20.3,104.0,0.4,"2018-09-04T19:30Z","TALL.2018.36","TALL_002.20180904","A00000013953","drag",160,"Y",0,7,487,"No known compromise","NEON.DOC.014045vJ","oX/XD4hR8uH1v/K48gL8UTU4ZwHMmbIJwV8of1A0EJ8=",
