uid,namedLocation,domainID,siteID,plotID,plotType,nlcdClass,decimalLatitude,decimalLongitude,geodeticDatum,coordinateUncertainty,elevation,elevationUncertainty,collectDate,eventID,sampleID,sampleCode,samplingMethod,totalSampledArea,targetTaxaPresent,adultCount,nymphCount,larvaCount,sampleCondition,samplingProtocolVersion,measuredBy,remarks
"152dbc1f-04e0-44b7-aa74-8be7bfea91d3","MOAB_004.tickPlot.tck","D13","MOAB","MOAB_004","distributed","shrubScrub",38.234505,-109.398111,"WGS84",20.1,1763.9,0.1,"2015-06-24T16:55Z","MOAB.2015.25",,,"drag",160,"N",0,0,,,"NEON.DOC.014045vF","wsPgf8Zw9fJKymWy47Zkre6IykLRH3+g",
"e46f2f86-6ec1-49e8-82db-408437245c7f","MOAB_006.tickPlot.tck","D13","MOAB","MOAB_006","distributed","shrubScrub",38.235080,-109.406067,"WGS84",20.1,1759.8,0.1,"2015-06-24T17:57Z","MOAB.2015.25",,,"drag and flag",172,"N",0,0,,,"NEON.DOC.014045vF","wsPgf8Zw9fJKymWy47Zkre6IykLRH3+g","Flag: 0.5;1.5;0.75;0.75;0.5;1.5;0.75 Drag:3.5;3.0;0.25;0.25;1.5"
"f26367bd-1396-45e3-9970-5f70d8fd8612","MOAB_001.tickPlot.tck","D13","MOAB","MOAB_001","distributed","shrubScrub",38.258888,-109.413897,"WGS84",20.1,1804.0,0.1,"2015-06-26T16:43Z","MOAB.2015.25",,,"drag and flag",170,"N",0,0,,,"NEON.DOC.014045vF","sJsB6m70TuaHxtA7qiitQO6WnaWveTA5VP8RaQMc8fc=","Diverge: 0.25;1.5;1.5;2.25;2.75;2.0 Flag: 1.0;1.0"
"ec0fa25a-9e05-4313-ba93-8f280daf07c2","MOAB_003.tickPlot.tck","D13","MOAB","MOAB_003","distributed","evergreenForest",38.261626,-109.347802,"WGS84",20.2,2013.4,0.5,"2015-06-26T18:02Z","MOAB.2015.25",,,"drag and flag",169,"N",0,0,,,"NEON.DOC.014045vF","wsPgf8Zw9fJKymWy47Zkre6IykLRH3+g","Flagging: 1.5+1.5+0.5+0.25+3+0.25+0.5+1.5+1+4+1+1+0.5+3+0.5+1.5 Diverting:2+1+6 Lots of cryptobiotic soil"
"80b38e4f-e4fe-4350-9309-c144df4ca2b4","MOAB_005.tickPlot.tck","D13","MOAB","MOAB_005","distributed","shrubScrub",38.210851,-109.402026,"WGS84",20.1,1763.5,0.1,"2015-06-26T18:44Z","MOAB.2015.25",,,"drag and flag",166,"N",0,0,,,"NEON.DOC.014045vF","sJsB6m70TuaHxtA7qiitQO6WnaWveTA5VP8RaQMc8fc=","Diverge: 1.0;2.5;2.5 Flag: 1.0 Significant slope between pt 25 & 61. Adds on osm."
"c09870a2-f9ba-4ac4-83fd-23525400b8f5","MOAB_002.tickPlot.tck","D13","MOAB","MOAB_002","distributed","shrubScrub",38.211659,-109.413380,"WGS84",20.1,1770.3,0.1,"2015-06-26T20:26Z","MOAB.2015.25",,,"drag",170,"N",0,0,,,"NEON.DOC.014045vF","sJsB6m70TuaHxtA7qiitQO6WnaWveTA5VP8RaQMc8fc=","Diverge: 3.0;0.5;1.5"
