uid,namedLocation,plotID,collectDate,identifiedDate,sampleID,subsampleID,scientificName,acceptedTaxonID,taxonRank,family,subfamily,tribe,subtribe,genus,subgenus,specificEpithet,infraspecificEpithet,identificationQualifier,identificationReferences,identificationProtocolVersion,scientificNameAuthorship,sexOrAge,individualCount,sampleCondition,archiveMedium,archiveFacilityID,deprecatedVialID,identifiedBy,laboratoryName,remarks
"a41315de-9eb8-4a70-a946-becd2c12a303","OSBS_001.tickPlot.tck","OSBS_001","2016-04-20T16:09Z","2017-06-09T16:00Z","OSBS_001.20160420","OSBS_001.20160420.AMBAME.F","Amblyomma americanum","AMBAME","species","Ixodidae",,,,"Amblyomma",,"americanum",,,"Cooley, R. A. and G. M. Kohls. 1944. The genus Amblyomma (ixodidae) in the United States. The Journal of Parasitology, 30(2):77-111.","GSU_tickIdentification_SOP_2016-11-01.pdf","Linnaeus","Female",4,"OK","RNA stabilization buffer","USNMENT00984711","OSBS_001.20160420.AMBAME.F","Lorenza Beati","Georgia Southern University",
"2c505024-890b-4bb9-ba57-965217bd5ebc","OSBS_001.tickPlot.tck","OSBS_001","2016-04-20T16:09Z","2017-06-09T16:00Z","OSBS_001.20160420","OSBS_001.20160420.AMBAME.N","Amblyomma americanum","AMBAME","species","Ixodidae",,,,"Amblyomma",,"americanum",,,"Cooley, R. A. and G. M. Kohls. 1944. The genus Amblyomma (ixodidae) in the United States. The Journal of Parasitology, 30(2):77-111.","GSU_tickIdentification_SOP_2016-11-01.pdf","Linnaeus","Nymph",38,"OK","RNA stabilization buffer","USNMENT00984712","OSBS_001.20160420.AMBAME.N","Lorenza Beati","Georgia Southern University",
"99f039a8-1b68-4644-9db7-2ad9ea83b385","OSBS_001.tickPlot.tck","OSBS_001","2016-04-20T16:09Z","2017-06-09T16:00Z","OSBS_001.20160420","OSBS_001.20160420.IXOSP.L","Ixodidae sp.","IXOSP","family","Ixodidae",,,,,,"sp.",,,,"GSU_tickIdentification_SOP_2016-11-01.pdf",,"Larva",1,"OK","RNA stabilization buffer","USNMENT00984755","OSBS_001.20160420.L","Lorenza Beati","Georgia Southern University","Over invoice limit, will not be billed."
"7a707cac-afce-4540-ac3f-03454872a906","OSBS_001.tickPlot.tck","OSBS_001","2016-04-20T16:09Z","2017-06-09T16:00Z","OSBS_001.20160420","OSBS_001.20160420.AMBAME.M","Amblyomma americanum","AMBAME","species","Ixodidae",,,,"Amblyomma",,"americanum",,,"Cooley, R. A. and G. M. Kohls. 1944. The genus Amblyomma (ixodidae) in the United States. The Journal of Parasitology, 30(2):77-111.","GSU_tickIdentification_SOP_2016-11-01.pdf","Linnaeus","Male",2,"OK","RNA stabilization buffer","USNMENT00984710","OSBS_001.20160420.AMBAME.M","Lorenza Beati","Georgia Southern University",
"4f900fab-c2ab-4e0b-9b2f-55feaf1ae898","OSBS_005.tickPlot.tck","OSBS_005","2016-04-20T17:00Z","2017-06-09T16:00Z","OSBS_005.20160420","OSBS_005.20160420.AMBAME.N","Amblyomma americanum","AMBAME","species","Ixodidae",,,,"Amblyomma",,"americanum",,,"Cooley, R. A. and G. M. Kohls. 1944. The genus Amblyomma (ixodidae) in the United States. The Journal of Parasitology, 30(2):77-111.","GSU_tickIdentification_SOP_2016-11-01.pdf","Linnaeus","Nymph",26,"OK","RNA stabilization buffer","USNMENT00984703","OSBS_005.20160420.AMBAME.N","Lorenza Beati","Georgia Southern University",
"14557e7c-a0d8-4ff6-8b54-5dfcde6b61e5","OSBS_003.tickPlot.tck","OSBS_003","2016-04-20T19:00Z","2017-06-12T16:00Z","OSBS_003.20160420","OSBS_003.20160420.AMBAME.N","Amblyomma americanum","AMBAME","species","Ixodidae",,,,"Amblyomma",,"americanum",,,"Cooley, R. A. and G. M. Kohls. 1944. The genus Amblyomma (ixodidae) in the United States. The Journal of Parasitology, 30(2):77-111.","GSU_tickIdentification_SOP_2016-11-01.pdf","Linnaeus","Nymph",30,"OK","RNA stabilization buffer","USNMENT00984708","OSBS_003.20160420.AMBAME.N","Lorenza Beati","Georgia Southern University",
"3381a6ca-0f98-4f7e-a65d-d5ef385ce0fd","OSBS_003.tickPlot.tck","OSBS_003","2016-04-20T19:00Z","2017-06-09T16:00Z","OSBS_003.20160420","OSBS_003.20160420.AMBAME.M","Amblyomma americanum","AMBAME","species","Ixodidae",,,,"Amblyomma",,"americanum",,,"Cooley, R. A. and G. M. Kohls. 1944. The genus Amblyomma (ixodidae) in the United States. The Journal of Parasitology, 30(2):77-111.","GSU_tickIdentification_SOP_2016-11-01.pdf","Linnaeus","Male",3,"OK","RNA stabilization buffer","USNMENT00984706","OSBS_003.20160420.AMBAME.M","Lorenza Beati","Georgia Southern University",
"f15340f6-64e7-4c91-bfb9-d2cc8d547e0b","OSBS_003.tickPlot.tck","OSBS_003","2016-04-20T19:00Z","2017-06-12T16:00Z","OSBS_003.20160420","OSBS_003.20160420.AMBAME.F","Amblyomma americanum","AMBAME","species","Ixodidae",,,,"Amblyomma",,"americanum",,,"Cooley, R. A. and G. M. Kohls. 1944. The genus Amblyomma (ixodidae) in the United States. The Journal of Parasitology, 30(2):77-111.","GSU_tickIdentification_SOP_2016-11-01.pdf","Linnaeus","Female",2,"OK","RNA stabilization buffer","USNMENT00984707","OSBS_003.20160420.AMBAME.F","Lorenza Beati","Georgia Southern University",
"6f3c9121-601e-4866-955d-ff7632e89ea0","OSBS_003.tickPlot.tck","OSBS_003","2016-04-20T19:00Z","2017-06-09T16:00Z","OSBS_003.20160420","OSBS_003.20160420.IXOSP.L","Ixodidae sp.","IXOSP","family","Ixodidae",,,,,,"sp.",,,,"GSU_tickIdentification_SOP_2016-11-01.pdf",,"Larva",1,"OK","RNA stabilization buffer","USNMENT00984756","OSBS_003.20160420.L","Lorenza Beati","Georgia Southern University","Over invoice limit, will not be billed."
"dc6ca8eb-62a4-4a70-af69-f9190b0ff4cd","OSBS_004.tickPlot.tck","OSBS_004","2016-04-20T20:20Z","2017-06-12T16:00Z","OSBS_004.20160420","OSBS_004.20160420.AMBAME.N","Amblyomma americanum","AMBAME","species","Ixodidae",,,,"Amblyomma",,"americanum",,,"Cooley, R. A. and G. M. Kohls. 1944. The genus Amblyomma (ixodidae) in the United States. The Journal of Parasitology, 30(2):77-111.","GSU_tickIdentification_SOP_2016-11-01.pdf","Linnaeus","Nymph",4,"OK","RNA stabilization buffer","USNMENT00984709","OSBS_004.20160420.AMBAME.N","Lorenza Beati","Georgia Southern University",
"ee11241f-61fa-42fc-896b-b7ba0e4c4195","OSBS_022.tickPlot.tck","OSBS_022","2016-04-20T20:54Z","2017-06-09T16:00Z","OSBS_022.20160420","OSBS_022.20160420.AMBAME.N","Amblyomma americanum","AMBAME","species","Ixodidae",,,,"Amblyomma",,"americanum",,,"Cooley, R. A. and G. M. Kohls. 1944. The genus Amblyomma (ixodidae) in the United States. The Journal of Parasitology, 30(2):77-111.","GSU_tickIdentification_SOP_2016-11-01.pdf","Linnaeus","Nymph",19,"OK","RNA stabilization buffer","USNMENT00984715","OSBS_022.20160420.AMBAME.N","Lorenza Beati","Georgia Southern University",
