uid,namedLocation,domainID,siteID,plotID,plotType,nlcdClass,decimalLatitude,decimalLongitude,geodeticDatum,coordinateUncertainty,elevation,elevationUncertainty,collectDate,eventID,sampleID,sampleCode,samplingMethod,totalSampledArea,targetTaxaPresent,adultCount,nymphCount,larvaCount,sampleCondition,samplingProtocolVersion,measuredBy,remarks
"8a828afb-f5f1-4fec-a682-39b461614895","OSBS_001.tickPlot.tck","D03","OSBS","OSBS_001","distributed","woodyWetlands",29.704063,-82.008061,"WGS84",20.3,34.4,0.3,"2016-04-20T16:09Z","OSBS.2016.16","OSBS_001.20160420",,"drag and flag",160,"Y",6,40,0,"No known compromise","NEON.DOC.014045vG","Rxv8FKFfd/ciZf8CWk7KdeVazLIhBZVm",
"1f7cf208-2269-420f-9590-8bb4dcb8319a","OSBS_005.tickPlot.tck","D03","OSBS","OSBS_005","distributed","woodyWetlands",29.697923,-82.025623,"WGS84",20.4,36.0,1.2,"2016-04-20T17:00Z","OSBS.2016.16","OSBS_005.20160420",,"drag and flag",170,"Y",0,23,0,"Other (described in remarks)","NEON.DOC.014045vG","Rxv8FKFfd/ciZf8CWk7KdeVazLIhBZVm","Spilled sample in field; added meters to sampling distance"
"70389b85-f1b5-4c98-ac7f-2e81bc90dbe0","OSBS_003.tickPlot.tck","D03","OSBS","OSBS_003","distributed","evergreenForest",29.693693,-81.947010,"WGS84",20.3,38.2,0.5,"2016-04-20T19:00Z","OSBS.2016.16","OSBS_003.20160420",,"drag and flag",160,"Y",5,32,0,"No known compromise","NEON.DOC.014045vG","SZd6jJU+PWukgvziuyetpzviWNuM2FzT",
"1e02ae5b-bf45-478d-978a-243f2b1926c0","OSBS_002.tickPlot.tck","D03","OSBS","OSBS_002","distributed","evergreenForest",29.703661,-81.958365,"WGS84",20.1,35.8,0.2,"2016-04-20T19:51Z","OSBS.2016.16",,,"drag",160,"N",0,0,0,"No known compromise","NEON.DOC.014045vG","SZd6jJU+PWukgvziuyetpzviWNuM2FzT",
"2c679ffd-d95e-460e-82b0-a32479c3c6c4","OSBS_004.tickPlot.tck","D03","OSBS","OSBS_004","distributed","evergreenForest",29.683402,-81.960449,"WGS84",20.3,42.4,0.4,"2016-04-20T20:20Z","OSBS.2016.16","OSBS_004.20160420",,"drag",160,"Y",0,4,0,"No known compromise","NEON.DOC.014045vG","SZd6jJU+PWukgvziuyetpzviWNuM2FzT",
"348eef28-2673-4d7d-b1c7-da9c1407f8dc","OSBS_022.tickPlot.tck","D03","OSBS","OSBS_022","distributed","emergentHerbaceousWetlands",29.688309,-81.961968,"WGS84",20.1,24.3,0.1,"2016-04-20T20:54Z","OSBS.2016.16","OSBS_022.20160420",,"drag and flag",160,"Y",0,19,0,"No known compromise","NEON.DOC.014045vG","Rxv8FKFfd/ciZf8CWk7KdeVazLIhBZVm",
