uid,namedLocation,domainID,siteID,plotID,plotType,nlcdClass,decimalLatitude,decimalLongitude,geodeticDatum,coordinateUncertainty,elevation,elevationUncertainty,collectDate,eventID,sampleID,sampleCode,samplingMethod,totalSampledArea,targetTaxaPresent,adultCount,nymphCount,larvaCount,sampleCondition,samplingProtocolVersion,measuredBy,remarks
"82c4b834-8f13-449d-b77b-e136dc854fee","HEAL_011.tickPlot.tck","D19","HEAL","HEAL_011","distributed","shrubScrub",63.885895,-149.302351,"WGS84",20.1,649.7,0.1,"2016-05-19T21:15Z","HEAL.2016.20",,,"drag and flag",160,"N",0,0,0,"No known compromise","NEON.DOC.014045vG","qUVO/nUAMfcjNCXxPcPdy1pHcHxmZeqI",
"dfd38491-c148-478e-b881-c0787a58877e","HEAL_014.tickPlot.tck","D19","HEAL","HEAL_014","distributed","shrubScrub",63.887214,-149.270823,"WGS84",20.1,671.2,0.1,"2016-05-19T22:37Z","HEAL.2016.20",,,"drag and flag",160,"N",0,0,0,"No known compromise","NEON.DOC.014045vG","qUVO/nUAMfcjNCXxPcPdy1pHcHxmZeqI",
"7e70e2da-ded9-46e1-ace2-932ed09b281d","HEAL_010.tickPlot.tck","D19","HEAL","HEAL_010","distributed","shrubScrub",63.877193,-149.260797,"WGS84",20.1,666.7,0.1,"2016-05-19T23:26Z","HEAL.2016.20",,,"drag and flag",160,"N",0,0,0,"No known compromise","NEON.DOC.014045vG","qUVO/nUAMfcjNCXxPcPdy1pHcHxmZeqI",
"651abbf0-cd27-4c4a-ad4c-2d538dce7186","HEAL_026.tickPlot.tck","D19","HEAL","HEAL_026","distributed","evergreenForest",63.886145,-149.192747,"WGS84",20.1,597.6,0.1,"2016-05-27T20:22Z","HEAL.2016.21",,,"flag",160,"N",0,0,0,"No known compromise","NEON.DOC.014045vG","9hOSS3gpVvHUvdbHcI4XlVp94UoAF+Qh","No ticks"
"451a2153-631a-4828-9143-619ba6f2c419","HEAL_004.tickPlot.tck","D19","HEAL","HEAL_004","distributed","shrubScrub",63.864020,-149.276678,"WGS84",20.1,675.5,0.1,"2016-05-27T20:57Z","HEAL.2016.21",,,"drag and flag",170,"N",0,0,0,"No known compromise","NEON.DOC.014045vG","K0YuMgOXcbbv5SEQXmcQBVv7iS8eiDuE",
"6a686b65-4bc8-42f0-b5a3-ff47a7f88f69","HEAL_001.tickPlot.tck","D19","HEAL","HEAL_001","distributed","dwarfScrub",63.889470,-149.202952,"WGS84",20.1,595.7,0.1,"2016-05-27T21:39Z","HEAL.2016.21",,,"drag and flag",160,"N",0,0,0,"No known compromise","NEON.DOC.014045vG","9hOSS3gpVvHUvdbHcI4XlVp94UoAF+Qh","No ticks"
