uid,namedLocation,domainID,siteID,plotID,plotType,nlcdClass,decimalLatitude,decimalLongitude,geodeticDatum,coordinateUncertainty,elevation,elevationUncertainty,collectDate,eventID,sampleID,sampleCode,samplingMethod,totalSampledArea,targetTaxaPresent,adultCount,nymphCount,larvaCount,sampleCondition,samplingProtocolVersion,measuredBy,remarks
"a0ffa4fe-15ba-4f39-a3dd-adfd3dab4164","STER_029.tickPlot.tck","D10","STER","STER_029","distributed","cultivatedCrops",40.469400,-103.010366,"WGS84",20.2,1352.6,0.3,"2016-06-08T17:04Z","STER.2016.23",,,"drag",160,"N",0,0,0,"No known compromise","NEON.DOC.014045vG","7xVAtGtoWwWfQuQFVKp1OLlTFPad6TVl",
"b6f7ec22-f96a-4b31-b5e9-112b2f907947","STER_006.tickPlot.tck","D10","STER","STER_006","distributed","cultivatedCrops",40.465644,-103.032824,"WGS84",20.1,1361.1,0.1,"2016-06-08T18:25Z","STER.2016.23",,,"drag",160,"N",0,0,0,"No known compromise","NEON.DOC.014045vG","7xVAtGtoWwWfQuQFVKp1OLlTFPad6TVl",
"2059f711-0c9b-4ec3-85f2-a0251fc7ae6d","STER_028.tickPlot.tck","D10","STER","STER_028","distributed","cultivatedCrops",40.472367,-103.017002,"WGS84",20.2,1358.2,0.3,"2016-06-08T19:27Z","STER.2016.23",,,"drag",160,"N",0,0,0,"No known compromise","NEON.DOC.014045vG","7xVAtGtoWwWfQuQFVKp1OLlTFPad6TVl",
"852e90a8-3005-4325-91fa-8ffce3d0d3c7","STER_026.tickPlot.tck","D10","STER","STER_026","distributed","cultivatedCrops",40.474857,-103.022558,"WGS84",20.2,1358.2,0.2,"2016-06-08T20:15Z","STER.2016.23",,,"drag",160,"N",0,0,0,"No known compromise","NEON.DOC.014045vG","7xVAtGtoWwWfQuQFVKp1OLlTFPad6TVl",
"9f755e85-24b7-4b77-bb6a-cd84df433bff","STER_027.tickPlot.tck","D10","STER","STER_027","distributed","cultivatedCrops",40.480002,-103.017416,"WGS84",20.2,1365.6,0.2,"2016-06-08T21:08Z","STER.2016.23",,,"drag",160,"N",0,0,0,"No known compromise","NEON.DOC.014045vG","7xVAtGtoWwWfQuQFVKp1OLlTFPad6TVl",
"09a0423b-04dc-4eed-95aa-e1d7c5530359","STER_033.tickPlot.tck","D10","STER","STER_033","distributed","cultivatedCrops",40.476290,-103.010114,"WGS84",20.2,1355.1,0.2,"2016-06-08T22:03Z","STER.2016.23",,,"drag",160,"N",0,0,0,"No known compromise","NEON.DOC.014045vG","7xVAtGtoWwWfQuQFVKp1OLlTFPad6TVl",
