uid,namedLocation,domainID,siteID,plotID,plotType,nlcdClass,decimalLatitude,decimalLongitude,geodeticDatum,coordinateUncertainty,elevation,elevationUncertainty,collectDate,eventID,sampleID,sampleCode,samplingMethod,totalSampledArea,targetTaxaPresent,adultCount,nymphCount,larvaCount,sampleCondition,samplingProtocolVersion,measuredBy,remarks
"34ca2f8f-9048-4e19-95b2-1ede64cd72e8","DELA_007.tickPlot.tck","D08","DELA","DELA_007","distributed","woodyWetlands",32.538957,-87.799922,"WGS84",20.2,25.7,0.2,"2017-04-19T13:46Z","DELA.2017.16",,,"drag",150,"N",0,0,0,"No known compromise","NEON.DOC.014045vG","v7wRdnV1gD6DA7NUoRhtXNeAYtN2k0WN",
"f788f6f4-c9b3-4b76-9f7e-102c0d8dfd42","DELA_008.tickPlot.tck","D08","DELA","DELA_008","distributed","woodyWetlands",32.538884,-87.814145,"WGS84",20.1,24.5,0.2,"2017-04-19T14:50Z","DELA.2017.16",,,"drag and flag",160,"N",0,0,0,"No known compromise","NEON.DOC.014045vG","v7wRdnV1gD6DA7NUoRhtXNeAYtN2k0WN",
"4646dea1-7ec4-493a-9de5-40312f16c57f","DELA_014.tickPlot.tck","D08","DELA","DELA_014","distributed","evergreenForest",32.530627,-87.819367,"WGS84",20.2,33.0,0.2,"2017-04-19T16:00Z","DELA.2017.16",,,"drag",160,"N",0,0,0,"No known compromise","NEON.DOC.014045vG","v7wRdnV1gD6DA7NUoRhtXNeAYtN2k0WN",
"ed7058fd-37df-49db-a1e1-b9d1743acc62","DELA_005.tickPlot.tck","D08","DELA","DELA_005","distributed","woodyWetlands",32.524379,-87.813851,"WGS84",20.1,27.0,0.3,"2017-04-19T16:50Z","DELA.2017.17","DELA_005.20170419",,"drag and flag",160,"Y",0,1,0,"No known compromise","NEON.DOC.014045vG","oX/XD4hR8uH1v/K48gL8UTU4ZwHMmbIJwV8of1A0EJ8=",
"fd88ca33-39fd-4820-88a0-85f75a6a208a","DELA_016.tickPlot.tck","D08","DELA","DELA_016","distributed","evergreenForest",32.536850,-87.806995,"WGS84",20.2,23.6,0.3,"2017-04-19T17:20Z","DELA.2017.16",,,"drag",160,"N",0,0,0,"No known compromise","NEON.DOC.014045vG","v7wRdnV1gD6DA7NUoRhtXNeAYtN2k0WN",
