uid,namedLocation,plotID,collectDate,identifiedDate,sampleID,subsampleID,scientificName,acceptedTaxonID,taxonRank,family,subfamily,tribe,subtribe,genus,subgenus,specificEpithet,infraspecificEpithet,identificationQualifier,identificationReferences,identificationProtocolVersion,scientificNameAuthorship,sexOrAge,individualCount,sampleCondition,archiveMedium,archiveFacilityID,deprecatedVialID,identifiedBy,laboratoryName,remarks
"d01bfe86-955f-4db7-9bd2-87e19a22221e","SCBI_039.tickPlot.tck","SCBI_039","2018-06-18T12:52Z","2018-09-20T16:00Z","SCBI_039.20180618","SCBI_039.20180618.AMBAME.M","Amblyomma americanum","AMBAME","species","Ixodidae",,,,"Amblyomma",,"americanum",,,"Cooley, R. A. and G. M. Kohls. 1944. The genus Amblyomma (ixodidae) in the United States. The Journal of Parasitology, 30(2):77-111.","GSU_tickIdentification_SOP_2016-11-01.pdf","Linnaeus","Male",2,"OK","90% ethanol","USNMENT01482062",,"Lorenza Beati","Georgia Southern University",
"58d8a680-bada-49b2-97dc-78cdbde4279e","SCBI_039.tickPlot.tck","SCBI_039","2018-06-18T12:52Z","2018-09-20T16:00Z","SCBI_039.20180618","SCBI_039.20180618.AMBAME.N","Amblyomma americanum","AMBAME","species","Ixodidae",,,,"Amblyomma",,"americanum",,,"Cooley, R. A. and G. M. Kohls. 1944. The genus Amblyomma (ixodidae) in the United States. The Journal of Parasitology, 30(2):77-111.","GSU_tickIdentification_SOP_2016-11-01.pdf","Linnaeus","Nymph",1,"OK","90% ethanol","USNMENT01482061",,"Lorenza Beati","Georgia Southern University",
"dee00326-de4c-4602-b8b8-97ac157ed415","SCBI_002.tickPlot.tck","SCBI_002","2018-06-18T14:05Z","2018-09-20T16:00Z","SCBI_002.20180618","SCBI_002.20180618.DERVAR.M","Dermacentor variabilis","DERVAR","species","Ixodidae",,,,"Dermacentor",,"variabilis",,,"Yunker, C. E., Keirans, J. E., Clifford, C. M., and E. R. Easton. 1986. Dermacentor ticks (Acari: Ixodoidea: Ixodidae) of the New World: a scanning electron microscope atlas. Proceedings of the Entomological Society of Washington, 88(4):609-627.","GSU_tickIdentification_SOP_2016-11-01.pdf","Say","Male",2,"OK","90% ethanol","USNMENT01482345",,"Lorenza Beati","Georgia Southern University",
"a8ed83a4-eb37-4604-b882-6e47d1f75ad5","SCBI_002.tickPlot.tck","SCBI_002","2018-06-18T14:05Z","2018-09-20T16:00Z","SCBI_002.20180618","SCBI_002.20180618.HAELON.N","Haemaphysalis longicornis","HAELON","species","Ixodidae",,,,"Haemaphysalis",,"longicornis",,,,"GSU_tickIdentification_SOP_2016-11-01.pdf",,"Nymph",1,"OK","90% ethanol","USNMENT01482342",,"Lorenza Beati","Georgia Southern University",
"c3908e6f-9ee5-4b5b-865a-ea3c90a6e562","SCBI_002.tickPlot.tck","SCBI_002","2018-06-18T14:05Z","2018-09-20T16:00Z","SCBI_002.20180618","SCBI_002.20180618.AMBAME.N","Amblyomma americanum","AMBAME","species","Ixodidae",,,,"Amblyomma",,"americanum",,,"Cooley, R. A. and G. M. Kohls. 1944. The genus Amblyomma (ixodidae) in the United States. The Journal of Parasitology, 30(2):77-111.","GSU_tickIdentification_SOP_2016-11-01.pdf","Linnaeus","Nymph",8,"OK","90% ethanol","USNMENT01482344",,"Lorenza Beati","Georgia Southern University",
"dd414813-b5cf-4609-9068-a5079676e3ff","SCBI_002.tickPlot.tck","SCBI_002","2018-06-18T14:05Z","2018-09-20T16:00Z","SCBI_002.20180618","SCBI_002.20180618.IXOSCA.N","Ixodes scapularis","IXOSCA","species","Ixodidae",,,,"Ixodes",,"scapularis",,,"Cooley, R. A. and G. M. Kohls. 1945. The genus Ixodes in North America. National Institute of Health Bulletin, 184.","GSU_tickIdentification_SOP_2016-11-01.pdf","Say","Nymph",8,"OK","90% ethanol","USNMENT01482349",,"Lorenza Beati","Georgia Southern University",
"185d4ef9-d56f-429f-b280-de0ac0c90d54","SCBI_006.tickPlot.tck","SCBI_006","2018-06-18T15:01Z","2018-09-20T16:00Z","SCBI_006.20180618","SCBI_006.20180618.DERVAR.M","Dermacentor variabilis","DERVAR","species","Ixodidae",,,,"Dermacentor",,"variabilis",,,"Yunker, C. E., Keirans, J. E., Clifford, C. M., and E. R. Easton. 1986. Dermacentor ticks (Acari: Ixodoidea: Ixodidae) of the New World: a scanning electron microscope atlas. Proceedings of the Entomological Society of Washington, 88(4):609-627.","GSU_tickIdentification_SOP_2016-11-01.pdf","Say","Male",2,"OK","90% ethanol","USNMENT01482336",,"Lorenza Beati","Georgia Southern University",
"b072431e-4e0a-4284-8a80-00b9fe43ac63","SCBI_006.tickPlot.tck","SCBI_006","2018-06-18T15:01Z","2018-09-20T16:00Z","SCBI_006.20180618","SCBI_006.20180618.AMBAME.N","Amblyomma americanum","AMBAME","species","Ixodidae",,,,"Amblyomma",,"americanum",,,"Cooley, R. A. and G. M. Kohls. 1944. The genus Amblyomma (ixodidae) in the United States. The Journal of Parasitology, 30(2):77-111.","GSU_tickIdentification_SOP_2016-11-01.pdf","Linnaeus","Nymph",6,"OK","90% ethanol","USNMENT01482337",,"Lorenza Beati","Georgia Southern University",
"8448e116-6204-4e55-9432-caf271e07b31","SCBI_006.tickPlot.tck","SCBI_006","2018-06-18T15:01Z","2018-09-20T16:00Z","SCBI_006.20180618","SCBI_006.20180618.DERVAR.F","Dermacentor variabilis","DERVAR","species","Ixodidae",,,,"Dermacentor",,"variabilis",,,"Yunker, C. E., Keirans, J. E., Clifford, C. M., and E. R. Easton. 1986. Dermacentor ticks (Acari: Ixodoidea: Ixodidae) of the New World: a scanning electron microscope atlas. Proceedings of the Entomological Society of Washington, 88(4):609-627.","GSU_tickIdentification_SOP_2016-11-01.pdf","Say","Female",1,"OK","90% ethanol","USNMENT01482339",,"Lorenza Beati","Georgia Southern University",
"154d538f-b0ba-427b-a231-08f05d81da99","SCBI_006.tickPlot.tck","SCBI_006","2018-06-18T15:01Z","2018-09-20T16:00Z","SCBI_006.20180618","SCBI_006.20180618.AMBAME.M","Amblyomma americanum","AMBAME","species","Ixodidae",,,,"Amblyomma",,"americanum",,,"Cooley, R. A. and G. M. Kohls. 1944. The genus Amblyomma (ixodidae) in the United States. The Journal of Parasitology, 30(2):77-111.","GSU_tickIdentification_SOP_2016-11-01.pdf","Linnaeus","Male",1,"OK","90% ethanol","USNMENT01482338",,"Lorenza Beati","Georgia Southern University",
"399fabf2-c32b-4395-be47-0b51ba26af2a","SCBI_013.tickPlot.tck","SCBI_013","2018-06-18T15:42Z","2018-09-20T16:00Z","SCBI_013.20180618","SCBI_013.20180618.AMBAME.N","Amblyomma americanum","AMBAME","species","Ixodidae",,,,"Amblyomma",,"americanum",,,"Cooley, R. A. and G. M. Kohls. 1944. The genus Amblyomma (ixodidae) in the United States. The Journal of Parasitology, 30(2):77-111.","GSU_tickIdentification_SOP_2016-11-01.pdf","Linnaeus","Nymph",7,"OK","90% ethanol","USNMENT01482327",,"Lorenza Beati","Georgia Southern University",
"180e3260-a3a9-452f-9feb-62f7be753c53","SCBI_013.tickPlot.tck","SCBI_013","2018-06-18T15:42Z","2018-09-20T16:00Z","SCBI_013.20180618","SCBI_013.20180618.AMBAME.F","Amblyomma americanum","AMBAME","species","Ixodidae",,,,"Amblyomma",,"americanum",,,"Cooley, R. A. and G. M. Kohls. 1944. The genus Amblyomma (ixodidae) in the United States. The Journal of Parasitology, 30(2):77-111.","GSU_tickIdentification_SOP_2016-11-01.pdf","Linnaeus","Female",1,"OK","90% ethanol","USNMENT01482325",,"Lorenza Beati","Georgia Southern University",
"52398106-4599-4653-b838-134c82bcb1a9","SCBI_013.tickPlot.tck","SCBI_013","2018-06-18T15:42Z","2018-09-20T16:00Z","SCBI_013.20180618","SCBI_013.20180618.IXOSCA.N","Ixodes scapularis","IXOSCA","species","Ixodidae",,,,"Ixodes",,"scapularis",,,"Cooley, R. A. and G. M. Kohls. 1945. The genus Ixodes in North America. National Institute of Health Bulletin, 184.","GSU_tickIdentification_SOP_2016-11-01.pdf","Say","Nymph",9,"OK","90% ethanol","USNMENT01482326",,"Lorenza Beati","Georgia Southern University",
"4e27f1b1-d5a5-4cee-aa98-a607b40cddc4","SCBI_013.tickPlot.tck","SCBI_013","2018-06-18T15:42Z","2018-09-20T16:00Z","SCBI_013.20180618","SCBI_013.20180618.HAELON.N","Haemaphysalis longicornis","HAELON","species","Ixodidae",,,,"Haemaphysalis",,"longicornis",,,,"GSU_tickIdentification_SOP_2016-11-01.pdf",,"Nymph",2,"OK","90% ethanol","USNMENT01482329",,"Lorenza Beati","Georgia Southern University",
"bef51a7c-71a3-418a-a2b9-d99b2dd18bf7","SCBI_005.tickPlot.tck","SCBI_005","2018-06-18T15:55Z","2018-09-20T16:00Z","SCBI_005.20180618","SCBI_005.20180618.AMBAME.N","Amblyomma americanum","AMBAME","species","Ixodidae",,,,"Amblyomma",,"americanum",,,"Cooley, R. A. and G. M. Kohls. 1944. The genus Amblyomma (ixodidae) in the United States. The Journal of Parasitology, 30(2):77-111.","GSU_tickIdentification_SOP_2016-11-01.pdf","Linnaeus","Nymph",5,"OK","90% ethanol","USNMENT01482330",,"Lorenza Beati","Georgia Southern University",
"747f8afc-c4eb-4792-a95d-1342ac14a18e","SCBI_005.tickPlot.tck","SCBI_005","2018-06-18T15:55Z","2018-09-20T16:00Z","SCBI_005.20180618","SCBI_005.20180618.AMBAME.F","Amblyomma americanum","AMBAME","species","Ixodidae",,,,"Amblyomma",,"americanum",,,"Cooley, R. A. and G. M. Kohls. 1944. The genus Amblyomma (ixodidae) in the United States. The Journal of Parasitology, 30(2):77-111.","GSU_tickIdentification_SOP_2016-11-01.pdf","Linnaeus","Female",2,"OK","90% ethanol","USNMENT01482331",,"Lorenza Beati","Georgia Southern University",
"af8d4d58-755f-4570-8d5e-0c0fd9e65aac","SCBI_005.tickPlot.tck","SCBI_005","2018-06-18T15:55Z","2018-09-20T16:00Z","SCBI_005.20180618","SCBI_005.20180618.DERVAR.F","Dermacentor variabilis","DERVAR","species","Ixodidae",,,,"Dermacentor",,"variabilis",,,"Yunker, C. E., Keirans, J. E., Clifford, C. M., and E. R. Easton. 1986. Dermacentor ticks (Acari: Ixodoidea: Ixodidae) of the New World: a scanning electron microscope atlas. Proceedings of the Entomological Society of Washington, 88(4):609-627.","GSU_tickIdentification_SOP_2016-11-01.pdf","Say","Female",1,"OK","90% ethanol","USNMENT01482334",,"Lorenza Beati","Georgia Southern University",
"cccf8701-71f8-458c-a99a-9620cd79dd0a","SCBI_007.tickPlot.tck","SCBI_007","2018-06-18T17:09Z","2018-09-20T16:00Z","SCBI_007.20180618","SCBI_007.20180618.IXOSCA.N","Ixodes scapularis","IXOSCA","species","Ixodidae",,,,"Ixodes",,"scapularis",,,"Cooley, R. A. and G. M. Kohls. 1945. The genus Ixodes in North America. National Institute of Health Bulletin, 184.","GSU_tickIdentification_SOP_2016-11-01.pdf","Say","Nymph",7,"OK","90% ethanol","USNMENT01482092",,"Lorenza Beati","Georgia Southern University",
"847dbba3-dfdb-4021-9675-2ed7c0186fa5","SCBI_007.tickPlot.tck","SCBI_007","2018-06-18T17:09Z","2018-09-20T16:00Z","SCBI_007.20180618","SCBI_007.20180618.AMBAME.M","Amblyomma americanum","AMBAME","species","Ixodidae",,,,"Amblyomma",,"americanum",,,"Cooley, R. A. and G. M. Kohls. 1944. The genus Amblyomma (ixodidae) in the United States. The Journal of Parasitology, 30(2):77-111.","GSU_tickIdentification_SOP_2016-11-01.pdf","Linnaeus","Male",1,"OK","90% ethanol","USNMENT01482090",,"Lorenza Beati","Georgia Southern University",
"57c39876-e873-4534-a279-2c7b268c4d13","SCBI_007.tickPlot.tck","SCBI_007","2018-06-18T17:09Z","2018-09-20T16:00Z","SCBI_007.20180618","SCBI_007.20180618.AMBAME.N","Amblyomma americanum","AMBAME","species","Ixodidae",,,,"Amblyomma",,"americanum",,,"Cooley, R. A. and G. M. Kohls. 1944. The genus Amblyomma (ixodidae) in the United States. The Journal of Parasitology, 30(2):77-111.","GSU_tickIdentification_SOP_2016-11-01.pdf","Linnaeus","Nymph",7,"OK","90% ethanol","USNMENT01482091",,"Lorenza Beati","Georgia Southern University",
