uid,namedLocation,domainID,siteID,plotID,plotType,nlcdClass,decimalLatitude,decimalLongitude,geodeticDatum,coordinateUncertainty,elevation,elevationUncertainty,collectDate,eventID,sampleID,sampleCode,samplingMethod,totalSampledArea,targetTaxaPresent,adultCount,nymphCount,larvaCount,sampleCondition,samplingProtocolVersion,measuredBy,remarks
"cb2c8573-5127-4fed-8ffd-5632e233967b","SCBI_039.tickPlot.tck","D02","SCBI","SCBI_039","distributed","pastureHay",38.896433,-78.166542,"WGS84",20.1,330.8,0.1,"2018-06-18T12:52Z","SCBI.2018.25","SCBI_039.20180618","A00000001387","drag",156,"Y",2,1,0,"No known compromise","NEON.DOC.014045vJ","gUkNgXXWwVfyyvmNuuhPHfl+ngDS46AHNocWtty9mqU=",
"26c73565-7b36-4217-ba79-c10bd3b6d4b6","SCBI_002.tickPlot.tck","D02","SCBI","SCBI_002","distributed","deciduousForest",38.893863,-78.142704,"WGS84",20.2,327.7,0.2,"2018-06-18T14:05Z","SCBI.2018.25","SCBI_002.20180618","A00000001385","drag",161,"Y",2,17,0,"No known compromise","NEON.DOC.014045vJ","gUkNgXXWwVfyyvmNuuhPHfl+ngDS46AHNocWtty9mqU=",
"a4bd54db-61b3-4325-8af0-761e12bbd31e","SCBI_006.tickPlot.tck","D02","SCBI","SCBI_006","distributed","pastureHay",38.897080,-78.150277,"WGS84",20.1,277.1,0.1,"2018-06-18T15:01Z","SCBI.2018.25","SCBI_006.20180618","A00000003284","drag",161,"Y",4,6,0,"No known compromise","NEON.DOC.014045vJ","gUkNgXXWwVfyyvmNuuhPHfl+ngDS46AHNocWtty9mqU=",
"2c441ff6-368f-42be-b639-13b55472258c","SCBI_013.tickPlot.tck","D02","SCBI","SCBI_013","distributed","deciduousForest",38.873041,-78.163313,"WGS84",20.2,361.3,0.3,"2018-06-18T15:42Z","SCBI.2018.25","SCBI_013.20180618","A00000002359","drag and flag",161,"Y",1,19,0,"No known compromise","NEON.DOC.014045vJ","hEi02w1UuphkAeG8zIXrQDys8MgKlmeYk4EDJa1SRoY=",
"2d63c863-857f-4194-9f0c-73c9695b316d","SCBI_005.tickPlot.tck","D02","SCBI","SCBI_005","distributed","deciduousForest",38.901859,-78.161940,"WGS84",20.2,263.6,0.3,"2018-06-18T15:55Z","SCBI.2018.25","SCBI_005.20180618","A00000001552","drag and flag",144,"Y",3,5,0,"No known compromise","NEON.DOC.014045vJ","ciinOn2RW7IuiYFzws3I7RiE3SCYtfO0vt+xtLe1Bko=",
"95c970b7-4ab7-48ff-b5d6-c639bf199b5a","SCBI_007.tickPlot.tck","D02","SCBI","SCBI_007","distributed","deciduousForest",38.886013,-78.129365,"WGS84",20.2,428.3,0.2,"2018-06-18T17:09Z","SCBI.2018.25","SCBI_007.20180618","A00000002360","drag and flag",154,"Y",1,7,0,"No known compromise","NEON.DOC.014045vJ","M7EpIfYzzITs8Y5PIRNBZjG1wPJDljoZp5tr4GwKmKc=",
