uid,namedLocation,domainID,siteID,plotID,plotType,nlcdClass,decimalLatitude,decimalLongitude,geodeticDatum,coordinateUncertainty,elevation,elevationUncertainty,collectDate,eventID,sampleID,sampleCode,samplingMethod,totalSampledArea,targetTaxaPresent,adultCount,nymphCount,larvaCount,sampleCondition,samplingProtocolVersion,measuredBy,remarks
"3456e3a6-0496-498d-af30-e2b3591cfebf","STEI_029.tickPlot.tck","D05","STEI","STEI_029","distributed","mixedForest",45.832878,-90.075489,"WGS84",20.1,492.2,0.2,"2018-05-14T15:12Z","STEI.2018.20",,,"flag",159,"N",0,0,0,,"NEON.DOC.014045vJ","DoyoJGaaI+hHB0330K9yhKmijjCWUazfDv/1tiwM+bI=",
"938bacbc-4b8e-4b7f-991f-ca2fdf3ce6f5","STEI_002.tickPlot.tck","D05","STEI","STEI_002","distributed","deciduousForest",45.796166,-90.091452,"WGS84",20.2,520.3,0.4,"2018-05-14T15:15Z","STEI.2018.20",,,"drag and flag",160,"N",0,0,0,,"NEON.DOC.014045vJ","AhZsviUviMNoNqEyyPr85yIRwM2ADy+TTr0X6Ji0aLk=",
"0daa4fd9-87c4-453c-8ec4-4176d2811bd0","STEI_023.tickPlot.tck","D05","STEI","STEI_023","distributed","woodyWetlands",45.824017,-90.096171,"WGS84",20.2,480.4,0.3,"2018-05-14T16:00Z","STEI.2018.20",,,"drag and flag",160,"N",0,0,0,,"NEON.DOC.014045vJ","AhZsviUviMNoNqEyyPr85yIRwM2ADy+TTr0X6Ji0aLk=",
"50770f34-dfd4-45be-8bae-7ae172cc6a31","STEI_005.tickPlot.tck","D05","STEI","STEI_005","distributed","deciduousForest",45.825112,-90.085882,"WGS84",20.3,509.9,0.5,"2018-05-14T17:09Z","STEI.2018.20",,,"drag and flag",161,"N",0,0,0,,"NEON.DOC.014045vJ","DoyoJGaaI+hHB0330K9yhKmijjCWUazfDv/1tiwM+bI=",
"bde3fc93-3127-4ff7-af52-bc6a6a5025a7","STEI_003.tickPlot.tck","D05","STEI","STEI_003","distributed","deciduousForest",45.824086,-90.071058,"WGS84",20.3,510.1,0.5,"2018-05-14T17:50Z","STEI.2018.20",,,"drag and flag",160,"N",0,0,0,,"NEON.DOC.014045vJ","AhZsviUviMNoNqEyyPr85yIRwM2ADy+TTr0X6Ji0aLk=",
"eff99ee4-aefb-43d0-a494-8f568d5ec839","STEI_001.tickPlot.tck","D05","STEI","STEI_001","distributed","deciduousForest",45.812978,-90.091123,"WGS84",20.3,509.3,0.4,"2018-05-14T18:45Z","STEI.2018.20",,,"drag and flag",160,"N",0,0,0,,"NEON.DOC.014045vJ","DoyoJGaaI+hHB0330K9yhKmijjCWUazfDv/1tiwM+bI=",
