uid,namedLocation,domainID,siteID,plotID,plotType,nlcdClass,decimalLatitude,decimalLongitude,geodeticDatum,coordinateUncertainty,elevation,elevationUncertainty,collectDate,eventID,sampleID,sampleCode,samplingMethod,totalSampledArea,targetTaxaPresent,adultCount,nymphCount,larvaCount,sampleCondition,samplingProtocolVersion,measuredBy,remarks
"de14bbc6-1554-496e-8a7d-1938ecf41d7b","GUAN_002.tickPlot.tck","D04","GUAN","GUAN_002","distributed","evergreenForest",17.972295,-66.826103,"WGS84",6.6,87.8,0.3,"2017-04-12T11:32Z","GUAN.2017.15",,,"drag and flag",126,"N",0,0,0,"No known compromise","NEON.DOC.014045vG","kbCMcQCBYkIGeEbw5o+toEE8cQWHX4IZ",
"a4372914-099a-4172-87d2-efd2ea72feae","GUAN_031.tickPlot.tck","D04","GUAN","GUAN_031","distributed","evergreenForest",17.962171,-66.844084,"WGS84",6.4,43.4,0.1,"2017-04-12T13:00Z","GUAN.2017.15",,,"drag and flag",116,"N",0,0,0,"No known compromise","NEON.DOC.014045vG","kbCMcQCBYkIGeEbw5o+toEE8cQWHX4IZ",
"59eb5338-7304-41fe-9150-579786c3ddb3","GUAN_004.tickPlot.tck","D04","GUAN","GUAN_004","distributed","evergreenForest",17.968031,-66.853366,"WGS84",20.1,149.4,0.1,"2017-04-12T14:15Z","GUAN.2017.15",,,"drag and flag",164,"N",0,0,0,"No known compromise","NEON.DOC.014045vG","f5A7e8KYIXWiOJcA1lfdr1vL2K6LzukTPRSeWU6UaHU=",
"a5273be4-cbd8-4256-b9d0-3477d2608776","GUAN_006.tickPlot.tck","D04","GUAN","GUAN_006","distributed","evergreenForest",17.964057,-66.875100,"WGS84",6.5,84.5,0.3,"2017-04-14T11:30Z","GUAN.2017.15",,,"drag and flag",160,"N",0,0,0,"No known compromise","NEON.DOC.014045vG","GpwpAYpsrfUvg3+I3K3jEJjzqQmzqOEvAG0zyeYqDlc=","Delay one day. (Rain)"
"a492abb2-58c8-46b7-9f5c-77929dfef094","GUAN_065.tickPlot.tck","D04","GUAN","GUAN_065","distributed","evergreenForest",17.972714,-66.873134,"WGS84",6.6,187.3,0.5,"2017-04-14T13:25Z","GUAN.2017.15",,,"flag",158,"N",0,0,0,"No known compromise","NEON.DOC.014045vG","llBB5GilomiL3H9rNtINJeX8UHMAu+L47sXe3XmgpK0=","Delay one day. (Rain)"
"1b7244c8-52d5-477a-82a0-0e06ef6dd29a","GUAN_066.tickPlot.tck","D04","GUAN","GUAN_066","distributed","evergreenForest",17.974132,-66.879606,"WGS84",6.5,197.3,0.2,"2017-04-14T14:40Z","GUAN.2017.15",,,"drag",160,"N",0,0,0,"No known compromise","NEON.DOC.014045vG","GpwpAYpsrfUvg3+I3K3jEJjzqQmzqOEvAG0zyeYqDlc=","Delay one day.(Rain)"
