uid,namedLocation,date,domainID,siteID,plotID,plotType,nlcdClass,decimalLatitude,decimalLongitude,geodeticDatum,coordinateUncertainty,easting,northing,utmZone,elevation,elevationUncertainty,eventID,samplingProtocolVersion,treesPresent,treesAbsentList,shrubsPresent,shrubsAbsentList,lianasPresent,lianasAbsentList,nestedSubplotAreaShrubSapling,nestedSubplotAreaLiana,totalSampledAreaTrees,totalSampledAreaShrubSapling,totalSampledAreaLiana,remarks,measuredBy,recordedBy,dataQF
"155d5a75-5867-4d7b-bd34-b309ac724119","CLBJ_047.basePlot.vst","2016-11-01","D11","CLBJ","CLBJ_047","distributed","grasslandHerbaceous",33.383200,-97.602762,"WGS84",20.1,629962.13,3694641.88,"14N",290.3,0.1,"vst_CLBJ_2016","NEON.DOC.000987vE","Y","presentInAll","Y","presentInAll","N",,"noneSelected","noneSelected",400,400,400,,"YvxfKx9PhZKcpyRUl2HPSGWrrvBoMwJ+","LSZWSTVV0z5VZ7oh/S+B0ibtEIfDV0Jl",
"c93b6e0a-f503-4d1a-880b-4a8e2c146675","CLBJ_033.basePlot.vst","2016-11-08","D11","CLBJ","CLBJ_033","distributed","deciduousForest",33.380971,-97.620210,"WGS84",20.1,628342.37,3694373.08,"14N",309.8,0.1,"vst_CLBJ_2016","NEON.DOC.000987vE","Y","32","Y","presentInAll","N",,"10","noneSelected",400,80,400,,"C0Kcj60NM2i6Hyiei+7ZMrFcIelEO7Hg","jrpOJzTntmXy0Hq0KXCTNE1a7gqPknkI",
"9e79eae0-07da-4077-bd54-a6118ca26288","CLBJ_040.basePlot.vst","2016-11-09","D11","CLBJ","CLBJ_040","distributed","deciduousForest",33.378824,-97.646691,"WGS84",20.1,625882.13,3694102.69,"14N",331.6,0.1,"vst_CLBJ_2016","NEON.DOC.000987vE","Y","presentInAll","Y","41_1","N",,"10","noneSelected",400,80,400,,"s0qfufVOE4SuSKa3K+0eH9/2W3pqTiur","jrpOJzTntmXy0Hq0KXCTNE1a7gqPknkI",
"b5a8f377-91d1-49c0-8191-c601bf4bdb29","CLBJ_031.basePlot.vst","2016-11-09","D11","CLBJ","CLBJ_031","distributed","grasslandHerbaceous",33.375278,-97.595151,"WGS84",20.1,630681.96,3693773.01,"14N",293.6,0.1,"vst_CLBJ_2016","NEON.DOC.000987vE","N",,"Y",,"N",,"noneSelected","noneSelected",400,400,400,,"LSZWSTVV0z5VZ7oh/S+B0ibtEIfDV0Jl","YvxfKx9PhZKcpyRUl2HPSGWrrvBoMwJ+",
"225e47db-d037-4f03-a5a9-aba9e99f0233","CLBJ_051.basePlot.vst","2016-11-10","D11","CLBJ","CLBJ_051","distributed","deciduousForest",33.369609,-97.594596,"WGS84",20.1,630742.07,3693145.13,"14N",303.4,0.1,"vst_CLBJ_2016","NEON.DOC.000987vE","Y","presentInAll","Y","40_1","N",,"25","noneSelected",400,200,400,,"YvxfKx9PhZKcpyRUl2HPSGWrrvBoMwJ+","LSZWSTVV0z5VZ7oh/S+B0ibtEIfDV0Jl",
"645d2155-e89e-479a-9f35-20002c1b8e68","CLBJ_042.basePlot.vst","2016-11-14","D11","CLBJ","CLBJ_042","distributed","deciduousForest",33.371534,-97.597793,"WGS84",20.1,630441.77,3693354.57,"14N",311.9,0.1,"vst_CLBJ_2016","NEON.DOC.000987vE","Y","presentInAll","Y","presentInAll","N",,"noneSelected","noneSelected",400,400,400,,"s0qfufVOE4SuSKa3K+0eH9/2W3pqTiur","jrpOJzTntmXy0Hq0KXCTNE1a7gqPknkI",
