uid,namedLocation,date,eventID,domainID,siteID,plotID,subplotID,individualID,tagStatus,growthForm,plantStatus,stemDiameter,measurementHeight,height,baseCrownHeight,breakHeight,breakDiameter,maxCrownDiameter,ninetyCrownDiameter,canopyPosition,shape,basalStemDiameter,basalStemDiameterMsrmntHeight,maxBaseCrownDiameter,ninetyBaseCrownDiameter,remarks,recordedBy,measuredBy,dataQF
"f59ec5f3-7171-41fd-9bad-a33324092711","CLBJ_047.basePlot.vst","2016-11-01","vst_CLBJ_2016","D11","CLBJ","CLBJ_047",,"NEON.PLA.D11.CLBJ.01883","ok","small tree","Live, physically damaged",8.6,130,3.3,,,,3.7,3.2,,,,,,,"Burned","LSZWSTVV0z5VZ7oh/S+B0ibtEIfDV0Jl","YvxfKx9PhZKcpyRUl2HPSGWrrvBoMwJ+","legacyData"
"e2b96f3c-5d2a-4536-945b-d7a5d480bf9a","CLBJ_047.basePlot.vst","2016-11-01","vst_CLBJ_2016","D11","CLBJ","CLBJ_047",,"NEON.PLA.D11.CLBJ.01886","ok","small shrub","Live, physically damaged",,,1.5,,,,0.8,0.6,,"cylinder",1.9,10,,,"Burned; qc'd by J Barnett 20161227","LSZWSTVV0z5VZ7oh/S+B0ibtEIfDV0Jl","YvxfKx9PhZKcpyRUl2HPSGWrrvBoMwJ+","legacyData"
"6c3e64a6-3561-49ee-aded-23ecea59b94b","CLBJ_047.basePlot.vst","2016-11-01","vst_CLBJ_2016","D11","CLBJ","CLBJ_047",,"NEON.PLA.D11.CLBJ.01899","ok","small tree","Live, physically damaged",3.2,130,3.2,,,,3.4,2.5,,,,,,,"Burned","LSZWSTVV0z5VZ7oh/S+B0ibtEIfDV0Jl","YvxfKx9PhZKcpyRUl2HPSGWrrvBoMwJ+","legacyData"
"8cd30e87-492f-474d-b545-76b0f7b1aa2d","CLBJ_047.basePlot.vst","2016-11-01","vst_CLBJ_2016","D11","CLBJ","CLBJ_047",,"NEON.PLA.D11.CLBJ.01894","ok","small tree","Live, physically damaged",1.6,130,1.9,,,,1.4,1.2,,,,,,,"Burned","LSZWSTVV0z5VZ7oh/S+B0ibtEIfDV0Jl","YvxfKx9PhZKcpyRUl2HPSGWrrvBoMwJ+","legacyData"
"f0931b6c-6e24-47f2-9591-e85a0b20064c","CLBJ_047.basePlot.vst","2016-11-01","vst_CLBJ_2016","D11","CLBJ","CLBJ_047",,"NEON.PLA.D11.CLBJ.01885","ok","sapling","Live, physically damaged",,,0.7,,,,,,,,1.6,10,,,"Burned","LSZWSTVV0z5VZ7oh/S+B0ibtEIfDV0Jl","YvxfKx9PhZKcpyRUl2HPSGWrrvBoMwJ+","legacyData"
"d77ee616-384c-471a-9407-1b41981c7e6b","CLBJ_047.basePlot.vst","2016-11-01","vst_CLBJ_2016","D11","CLBJ","CLBJ_047",,"NEON.PLA.D11.CLBJ.01880","ok","sapling","Live, physically damaged",,,1.1,,,,,,,,3.2,10,,,"Burned","LSZWSTVV0z5VZ7oh/S+B0ibtEIfDV0Jl","YvxfKx9PhZKcpyRUl2HPSGWrrvBoMwJ+","legacyData"
"c4f405bb-6299-45e1-a0ba-625eb9a946c0","CLBJ_047.basePlot.vst","2016-11-01","vst_CLBJ_2016","D11","CLBJ","CLBJ_047",,"NEON.PLA.D11.CLBJ.01888","ok","sapling","Live, physically damaged",,,1.4,,,,,,,,1.7,10,,,"Burned","LSZWSTVV0z5VZ7oh/S+B0ibtEIfDV0Jl","YvxfKx9PhZKcpyRUl2HPSGWrrvBoMwJ+","legacyData"
"05ae676d-ad6d-4e9b-bc11-97b13b9126a4","CLBJ_047.basePlot.vst","2016-11-01","vst_CLBJ_2016","D11","CLBJ","CLBJ_047",,"NEON.PLA.D11.CLBJ.01900","ok","small tree","Live, physically damaged",1.3,130,1.7,,,,2.0,1.2,,,,,,,"Burned","LSZWSTVV0z5VZ7oh/S+B0ibtEIfDV0Jl","YvxfKx9PhZKcpyRUl2HPSGWrrvBoMwJ+","legacyData"
"aab3262a-0185-4a5d-8e42-ca2ef147b1a0","CLBJ_047.basePlot.vst","2016-11-01","vst_CLBJ_2016","D11","CLBJ","CLBJ_047",,"NEON.PLA.D11.CLBJ.01889","ok","small tree","Live, physically damaged",7.2,130,3.4,,,,3.5,3.2,,,,,,,"Burned","LSZWSTVV0z5VZ7oh/S+B0ibtEIfDV0Jl","YvxfKx9PhZKcpyRUl2HPSGWrrvBoMwJ+","legacyData"
"36f2b20b-f24a-4947-bfda-4ac2e6dc84cf","CLBJ_047.basePlot.vst","2016-11-01","vst_CLBJ_2016","D11","CLBJ","CLBJ_047",,"NEON.PLA.D11.CLBJ.01874","ok","sapling","Live, physically damaged",,,1.4,,,,,,,,1.7,10,,,"Burned","LSZWSTVV0z5VZ7oh/S+B0ibtEIfDV0Jl","YvxfKx9PhZKcpyRUl2HPSGWrrvBoMwJ+","legacyData"
"226f2d30-d87b-475a-a32e-1bab56e28541","CLBJ_047.basePlot.vst","2016-11-01","vst_CLBJ_2016","D11","CLBJ","CLBJ_047",,"NEON.PLA.D11.CLBJ.01887","ok","small tree","Live, physically damaged",3.3,150,2.7,,,,2.5,2.0,,,,,,,"Branch at 130; Burned; qc'd by J Barnett 20161227","LSZWSTVV0z5VZ7oh/S+B0ibtEIfDV0Jl","YvxfKx9PhZKcpyRUl2HPSGWrrvBoMwJ+","legacyData"
"126ab318-9322-4589-b2ed-aabf76400a23","CLBJ_047.basePlot.vst","2016-11-01","vst_CLBJ_2016","D11","CLBJ","CLBJ_047",,"NEON.PLA.D11.CLBJ.01895","ok","sapling","Live, physically damaged",,,1.6,,,,,,,,4.4,10,,,"Burned","LSZWSTVV0z5VZ7oh/S+B0ibtEIfDV0Jl","YvxfKx9PhZKcpyRUl2HPSGWrrvBoMwJ+","legacyData"
"5a7623a8-ab32-4b49-9129-579cf239de0c","CLBJ_047.basePlot.vst","2016-11-01","vst_CLBJ_2016","D11","CLBJ","CLBJ_047",,"NEON.PLA.D11.CLBJ.01881","ok","small tree","Live, physically damaged",8.5,130,3.3,,,,3.5,3.0,,,,,,,"Burned","LSZWSTVV0z5VZ7oh/S+B0ibtEIfDV0Jl","YvxfKx9PhZKcpyRUl2HPSGWrrvBoMwJ+","legacyData"
"edb3d5f1-de9f-47b1-aa5c-66702e89fe4c","CLBJ_047.basePlot.vst","2016-11-01","vst_CLBJ_2016","D11","CLBJ","CLBJ_047",,"NEON.PLA.D11.CLBJ.01884","ok","small tree","Live, physically damaged",1.3,130,1.7,,,,1.2,0.8,,,,,,,"Burned","LSZWSTVV0z5VZ7oh/S+B0ibtEIfDV0Jl","YvxfKx9PhZKcpyRUl2HPSGWrrvBoMwJ+","legacyData"
"08a91514-0226-4522-9353-bf5999a2823e","CLBJ_047.basePlot.vst","2016-11-01","vst_CLBJ_2016","D11","CLBJ","CLBJ_047",,"NEON.PLA.D11.CLBJ.01897","ok","small tree","Live, physically damaged",3.1,130,2.0,,,,1.9,1.5,,,,,,,"Burned","LSZWSTVV0z5VZ7oh/S+B0ibtEIfDV0Jl","YvxfKx9PhZKcpyRUl2HPSGWrrvBoMwJ+","legacyData"
"08ccd07b-7665-4a10-aeee-7d3b6cf64a80","CLBJ_047.basePlot.vst","2016-11-01","vst_CLBJ_2016","D11","CLBJ","CLBJ_047",,"NEON.PLA.D11.CLBJ.01898","ok","sapling","Live, physically damaged",,,1.0,,,,,,,,1.4,10,,,"Burned","LSZWSTVV0z5VZ7oh/S+B0ibtEIfDV0Jl","YvxfKx9PhZKcpyRUl2HPSGWrrvBoMwJ+","legacyData"
"45027131-ba62-47a6-9186-a1bfc51c87bb","CLBJ_047.basePlot.vst","2016-11-01","vst_CLBJ_2016","D11","CLBJ","CLBJ_047",,"NEON.PLA.D11.CLBJ.01883","ok","small tree","Live, physically damaged",3.1,130,3.3,,,,3.7,3.2,,,,,,,"Burned; qc'd by J Barnett 20161227","LSZWSTVV0z5VZ7oh/S+B0ibtEIfDV0Jl","YvxfKx9PhZKcpyRUl2HPSGWrrvBoMwJ+","legacyData"
"6bcb51ae-85f8-4642-bad6-870eafaa2457","CLBJ_047.basePlot.vst","2016-11-01","vst_CLBJ_2016","D11","CLBJ","CLBJ_047",,"NEON.PLA.D11.CLBJ.01896","ok","sapling","Live, physically damaged",,,2.2,,,,,,,,2.6,10,,,"Burned","LSZWSTVV0z5VZ7oh/S+B0ibtEIfDV0Jl","YvxfKx9PhZKcpyRUl2HPSGWrrvBoMwJ+","legacyData"
"f659103a-4135-4423-b5d2-2c134667bb11","CLBJ_047.basePlot.vst","2016-11-01","vst_CLBJ_2016","D11","CLBJ","CLBJ_047",,"NEON.PLA.D11.CLBJ.01890","ok","sapling","Live, physically damaged",,,1.5,,,,,,,,2.2,10,,,"Burned; qc'd by J Barnett 20161227","LSZWSTVV0z5VZ7oh/S+B0ibtEIfDV0Jl","YvxfKx9PhZKcpyRUl2HPSGWrrvBoMwJ+","legacyData"
"43315701-769d-4b34-bd95-2ac5bb02395a","CLBJ_033.basePlot.vst","2016-11-08","vst_CLBJ_2016","D11","CLBJ","CLBJ_033",,"NEON.PLA.D11.CLBJ.02381","ok","single shrub","Live",2.0,130,3.1,,,,1.2,0.9,,"cylinder",2.5,10,,,,"jrpOJzTntmXy0Hq0KXCTNE1a7gqPknkI","C0Kcj60NM2i6Hyiei+7ZMrFcIelEO7Hg","legacyData"
"a39367d9-89d5-4f77-9de9-44e55d7969a9","CLBJ_033.basePlot.vst","2016-11-08","vst_CLBJ_2016","D11","CLBJ","CLBJ_033",,"NEON.PLA.D11.CLBJ.01877","ok","single bole tree","Live",12.4,130,6.3,,,,4.4,3.0,"Mostly shaded",,,,,,,"jrpOJzTntmXy0Hq0KXCTNE1a7gqPknkI","C0Kcj60NM2i6Hyiei+7ZMrFcIelEO7Hg","legacyData"
"7fb9e0a2-7355-4170-977f-dedfc83f7af7","CLBJ_033.basePlot.vst","2016-11-08","vst_CLBJ_2016","D11","CLBJ","CLBJ_033",,"NEON.PLA.D11.CLBJ.02347","ok","single shrub","Standing dead",2.2,130,2.6,,,,1.2,0.6,,"cylinder",2.0,10,,,"Unknown cause of death","jrpOJzTntmXy0Hq0KXCTNE1a7gqPknkI","C0Kcj60NM2i6Hyiei+7ZMrFcIelEO7Hg","legacyData"
"650e48b8-dc25-43b6-a346-fcd252bcf3cf","CLBJ_033.basePlot.vst","2016-11-08","vst_CLBJ_2016","D11","CLBJ","CLBJ_033",,"NEON.PLA.D11.CLBJ.01891","ok","multi-bole tree","Live",10.0,130,4.5,,,,6.1,6.0,"Full sun",,,,,,,"jrpOJzTntmXy0Hq0KXCTNE1a7gqPknkI","C0Kcj60NM2i6Hyiei+7ZMrFcIelEO7Hg","legacyData"
"2206536f-f602-454c-a1af-ba9366f04405","CLBJ_033.basePlot.vst","2016-11-08","vst_CLBJ_2016","D11","CLBJ","CLBJ_033",,"NEON.PLA.D11.CLBJ.02376","ok","single shrub","Live",1.5,130,1.1,,,,1.2,1.0,,"cylinder",2.4,20,,,"irregular branch at 10 cm","jrpOJzTntmXy0Hq0KXCTNE1a7gqPknkI","C0Kcj60NM2i6Hyiei+7ZMrFcIelEO7Hg","legacyData"
"29d39811-b1ac-4a12-8a59-1538fd92f2dc","CLBJ_033.basePlot.vst","2016-11-08","vst_CLBJ_2016","D11","CLBJ","CLBJ_033",,"NEON.PLA.D11.CLBJ.01846","ok","single shrub","Live",1.4,130,2.3,,,,1.0,0.9,,"cylinder",1.3,10,,,,"jrpOJzTntmXy0Hq0KXCTNE1a7gqPknkI","C0Kcj60NM2i6Hyiei+7ZMrFcIelEO7Hg","legacyData"
"5d0cca2f-ddd1-4c61-8552-d2bf07825f27","CLBJ_033.basePlot.vst","2016-11-08","vst_CLBJ_2016","D11","CLBJ","CLBJ_033",,"NEON.PLA.D11.CLBJ.02350","ok","sapling","Live",,,1.4,,,,,,,,1.9,10,,,,"jrpOJzTntmXy0Hq0KXCTNE1a7gqPknkI","C0Kcj60NM2i6Hyiei+7ZMrFcIelEO7Hg","legacyData"
"5608d082-437a-4852-9159-2fa23252da42","CLBJ_033.basePlot.vst","2016-11-08","vst_CLBJ_2016","D11","CLBJ","CLBJ_033",,"NEON.PLA.D11.CLBJ.02368","ok","small tree","Live",1.0,130,1.7,,,,,,,,,,,,,"jrpOJzTntmXy0Hq0KXCTNE1a7gqPknkI","C0Kcj60NM2i6Hyiei+7ZMrFcIelEO7Hg","legacyData"
"26360ff6-1f52-4c56-9cb6-571488c64664","CLBJ_033.basePlot.vst","2016-11-08","vst_CLBJ_2016","D11","CLBJ","CLBJ_033",,"NEON.PLA.D11.CLBJ.02398","ok","small shrub","Live",,,1.1,,,,0.3,0.3,,"cylinder",1.1,10,,,,"jrpOJzTntmXy0Hq0KXCTNE1a7gqPknkI","C0Kcj60NM2i6Hyiei+7ZMrFcIelEO7Hg","legacyData"
"5565a99c-5215-4798-b106-b58fdf22a1b2","CLBJ_033.basePlot.vst","2016-11-08","vst_CLBJ_2016","D11","CLBJ","CLBJ_033",,"NEON.PLA.D11.CLBJ.02374","ok","single shrub","Live",1.7,130,3.0,,,,1.3,1.1,,"cylinder",2.7,10,,,,"jrpOJzTntmXy0Hq0KXCTNE1a7gqPknkI","C0Kcj60NM2i6Hyiei+7ZMrFcIelEO7Hg","legacyData"
"f5439d41-6b97-44a3-a14b-00b7ade35689","CLBJ_033.basePlot.vst","2016-11-08","vst_CLBJ_2016","D11","CLBJ","CLBJ_033",,"NEON.PLA.D11.CLBJ.02392","ok","single shrub","Live",2.4,130,3.3,,,,2.3,1.7,,"cylinder",3.9,10,,,,"jrpOJzTntmXy0Hq0KXCTNE1a7gqPknkI","C0Kcj60NM2i6Hyiei+7ZMrFcIelEO7Hg","legacyData"
"d36e6e17-119d-44e8-b4b4-721d4858f707","CLBJ_033.basePlot.vst","2016-11-08","vst_CLBJ_2016","D11","CLBJ","CLBJ_033",,"NEON.PLA.D11.CLBJ.01848","ok","single shrub","Live",6.6,130,2.7,,,,1.1,0.8,,"cylinder",2.1,10,,,,"jrpOJzTntmXy0Hq0KXCTNE1a7gqPknkI","C0Kcj60NM2i6Hyiei+7ZMrFcIelEO7Hg","legacyData"
"fcea8cf8-896b-4038-94d0-dbc33f1cf061","CLBJ_033.basePlot.vst","2016-11-08","vst_CLBJ_2016","D11","CLBJ","CLBJ_033",,"NEON.PLA.D11.CLBJ.01856","ok","sapling","Live",,,1.7,,,,,,,,1.6,10,,,,"jrpOJzTntmXy0Hq0KXCTNE1a7gqPknkI","C0Kcj60NM2i6Hyiei+7ZMrFcIelEO7Hg","legacyData"
"e5cfc889-e97c-4541-b9a3-b645100966ae","CLBJ_033.basePlot.vst","2016-11-08","vst_CLBJ_2016","D11","CLBJ","CLBJ_033",,"NEON.PLA.D11.CLBJ.02386","ok","single shrub","Live",3.6,130,3.1,,,,1.5,1.2,,"cylinder",4.6,10,,,,"jrpOJzTntmXy0Hq0KXCTNE1a7gqPknkI","C0Kcj60NM2i6Hyiei+7ZMrFcIelEO7Hg","legacyData"
"0bc7b4a7-2d6b-4fe8-a5d3-b3b460bf743d","CLBJ_033.basePlot.vst","2016-11-08","vst_CLBJ_2016","D11","CLBJ","CLBJ_033",,"NEON.PLA.D11.CLBJ.01851","ok","single bole tree","Live",12.8,130,7.5,,,,4.4,3.9,"Mostly shaded",,1.0,,,,,"jrpOJzTntmXy0Hq0KXCTNE1a7gqPknkI","C0Kcj60NM2i6Hyiei+7ZMrFcIelEO7Hg","legacyData"
"81e94be3-b491-47f0-b6ea-65b3f96a7ee6","CLBJ_033.basePlot.vst","2016-11-08","vst_CLBJ_2016","D11","CLBJ","CLBJ_033",,"NEON.PLA.D11.CLBJ.02379","ok","single shrub","Standing dead",1.5,130,1.9,,,,0.7,0.5,,"cylinder",2.5,10,,,"Unknown cause of death","jrpOJzTntmXy0Hq0KXCTNE1a7gqPknkI","C0Kcj60NM2i6Hyiei+7ZMrFcIelEO7Hg","legacyData"
"0128dbe2-1e48-4274-8417-7235a8e8dc32","CLBJ_033.basePlot.vst","2016-11-08","vst_CLBJ_2016","D11","CLBJ","CLBJ_033",,"NEON.PLA.D11.CLBJ.02387","ok","single shrub","Standing dead",1.6,130,3.6,,,,2.0,1.0,,"cylinder",2.0,10,,,"Unknown cause of death","jrpOJzTntmXy0Hq0KXCTNE1a7gqPknkI","C0Kcj60NM2i6Hyiei+7ZMrFcIelEO7Hg","legacyData"
"5668bb32-906f-4db3-9637-76c5f46bf64d","CLBJ_033.basePlot.vst","2016-11-08","vst_CLBJ_2016","D11","CLBJ","CLBJ_033",,"NEON.PLA.D11.CLBJ.01854A","ok","multi-bole tree","Live",12.1,130,,,,,,,,,,,,,,"jrpOJzTntmXy0Hq0KXCTNE1a7gqPknkI","C0Kcj60NM2i6Hyiei+7ZMrFcIelEO7Hg","legacyData"
"b2030846-3eb9-47a7-8642-fbff0b03da0f","CLBJ_033.basePlot.vst","2016-11-08","vst_CLBJ_2016","D11","CLBJ","CLBJ_033",,"NEON.PLA.D11.CLBJ.02388","ok","single shrub","Live",2.8,130,3.4,,,,0.9,0.1,,"cylinder",3.7,10,,,,"jrpOJzTntmXy0Hq0KXCTNE1a7gqPknkI","C0Kcj60NM2i6Hyiei+7ZMrFcIelEO7Hg","legacyData"
"cf451e0a-918d-4573-ac9e-06ea6ae85834","CLBJ_033.basePlot.vst","2016-11-08","vst_CLBJ_2016","D11","CLBJ","CLBJ_033",,"NEON.PLA.D11.CLBJ.01866","ok","small tree","Live",4.1,130,3.8,,,,3.0,2.0,,,1.0,1,,,,"jrpOJzTntmXy0Hq0KXCTNE1a7gqPknkI","C0Kcj60NM2i6Hyiei+7ZMrFcIelEO7Hg","legacyData"
"6b62158d-f781-4b7d-9df5-efe5771b4bf6","CLBJ_033.basePlot.vst","2016-11-08","vst_CLBJ_2016","D11","CLBJ","CLBJ_033",,"NEON.PLA.D11.CLBJ.01863","ok","single bole tree","Live",14.1,130,7.4,,,,4.4,3.5,"Mostly shaded",,,,,,,"jrpOJzTntmXy0Hq0KXCTNE1a7gqPknkI","C0Kcj60NM2i6Hyiei+7ZMrFcIelEO7Hg","legacyData"
"777bb12e-584d-41b2-8c81-d4b589387d1f","CLBJ_033.basePlot.vst","2016-11-08","vst_CLBJ_2016","D11","CLBJ","CLBJ_033",,"NEON.PLA.D11.CLBJ.01847","ok","single shrub","Live",6.9,130,2.5,,,,1.2,0.8,,"cylinder",2.2,10,,,,"jrpOJzTntmXy0Hq0KXCTNE1a7gqPknkI","C0Kcj60NM2i6Hyiei+7ZMrFcIelEO7Hg","legacyData"
"8068f4d2-9d03-4ee9-a871-7c355029d7e7","CLBJ_033.basePlot.vst","2016-11-08","vst_CLBJ_2016","D11","CLBJ","CLBJ_033",,"NEON.PLA.D11.CLBJ.01870","ok","sapling","Live",,,1.9,,,,,,,,1.9,10,,,,"jrpOJzTntmXy0Hq0KXCTNE1a7gqPknkI","C0Kcj60NM2i6Hyiei+7ZMrFcIelEO7Hg","legacyData"
"6e980c1a-1fb8-462d-8316-84c6a8834f98","CLBJ_033.basePlot.vst","2016-11-08","vst_CLBJ_2016","D11","CLBJ","CLBJ_033",,"NEON.PLA.D11.CLBJ.01858","ok","small tree","Live",1.0,130,1.2,,,,1.6,0.9,,,3.0,,,,,"jrpOJzTntmXy0Hq0KXCTNE1a7gqPknkI","C0Kcj60NM2i6Hyiei+7ZMrFcIelEO7Hg","legacyData"
"a6c5d64b-3f8d-467a-a7af-312053e9d04f","CLBJ_033.basePlot.vst","2016-11-08","vst_CLBJ_2016","D11","CLBJ","CLBJ_033",,"NEON.PLA.D11.CLBJ.02369","ok","single shrub","Live",2.1,10,2.6,,,,1.4,0.9,,"cylinder",2.5,10,,,,"jrpOJzTntmXy0Hq0KXCTNE1a7gqPknkI","C0Kcj60NM2i6Hyiei+7ZMrFcIelEO7Hg","legacyData"
"4b22a65e-acd4-4c13-b106-2950efd1347f","CLBJ_033.basePlot.vst","2016-11-08","vst_CLBJ_2016","D11","CLBJ","CLBJ_033",,"NEON.PLA.D11.CLBJ.02363","ok","small tree","Live",1.8,130,2.6,,,,,,,,,,,,,"jrpOJzTntmXy0Hq0KXCTNE1a7gqPknkI","C0Kcj60NM2i6Hyiei+7ZMrFcIelEO7Hg","legacyData"
"36e2c2ae-e53e-4feb-ab3f-016b2dd769bc","CLBJ_033.basePlot.vst","2016-11-08","vst_CLBJ_2016","D11","CLBJ","CLBJ_033",,"NEON.PLA.D11.CLBJ.01854","ok","multi-bole tree","Live",12.6,130,6.6,,,,4.5,4.0,"Mostly shaded",,,,,,,"jrpOJzTntmXy0Hq0KXCTNE1a7gqPknkI","C0Kcj60NM2i6Hyiei+7ZMrFcIelEO7Hg","legacyData"
"5a217a4b-93fb-4b7b-8fcc-91814ac036ef","CLBJ_033.basePlot.vst","2016-11-08","vst_CLBJ_2016","D11","CLBJ","CLBJ_033",,"NEON.PLA.D11.CLBJ.02391","ok","single shrub","Live",2.4,130,2.4,,,,1.1,0.7,,"cylinder",3.3,10,,,,"jrpOJzTntmXy0Hq0KXCTNE1a7gqPknkI","C0Kcj60NM2i6Hyiei+7ZMrFcIelEO7Hg","legacyData"
"e4c51688-3c37-48e5-8546-79ac6668d6c6","CLBJ_033.basePlot.vst","2016-11-08","vst_CLBJ_2016","D11","CLBJ","CLBJ_033",,"NEON.PLA.D11.CLBJ.01878","ok","single shrub","Standing dead",1.6,130,2.6,,,,1.4,0.6,,"inverted cone",1.8,10,1.70,1.20,,"jrpOJzTntmXy0Hq0KXCTNE1a7gqPknkI","C0Kcj60NM2i6Hyiei+7ZMrFcIelEO7Hg","legacyData"
"5534fee5-268e-4bbc-b3a2-ef2b382a9dbb","CLBJ_033.basePlot.vst","2016-11-08","vst_CLBJ_2016","D11","CLBJ","CLBJ_033",,"NEON.PLA.D11.CLBJ.01876","ok","single bole tree","Live",16.3,130,6.2,,,,5.8,4.1,"Partially shaded",,,,,,,"jrpOJzTntmXy0Hq0KXCTNE1a7gqPknkI","C0Kcj60NM2i6Hyiei+7ZMrFcIelEO7Hg","legacyData"
"1b31aaf8-aaa9-488c-9647-cc7c921c3c9b","CLBJ_033.basePlot.vst","2016-11-08","vst_CLBJ_2016","D11","CLBJ","CLBJ_033",,"NEON.PLA.D11.CLBJ.01844","ok","single shrub","Live",1.5,130,2.6,,,,1.0,0.9,,"cylinder",2.0,10,,,,"jrpOJzTntmXy0Hq0KXCTNE1a7gqPknkI","C0Kcj60NM2i6Hyiei+7ZMrFcIelEO7Hg","legacyData"
"d2046996-5c72-489d-aace-66d87757caaf","CLBJ_033.basePlot.vst","2016-11-08","vst_CLBJ_2016","D11","CLBJ","CLBJ_033",,"NEON.PLA.D11.CLBJ.01846","ok","single shrub","Live",1.4,130,2.3,,,,1.0,0.9,,"cylinder",2.3,10,,,,"jrpOJzTntmXy0Hq0KXCTNE1a7gqPknkI","C0Kcj60NM2i6Hyiei+7ZMrFcIelEO7Hg","legacyData"
"0d4c17d5-6f3e-4049-9c0e-523899127e41","CLBJ_033.basePlot.vst","2016-11-08","vst_CLBJ_2016","D11","CLBJ","CLBJ_033",,"NEON.PLA.D11.CLBJ.01882","ok","single bole tree","Live",18.8,130,5.8,,,,5.7,5.1,"Partially shaded",,,,,,,"jrpOJzTntmXy0Hq0KXCTNE1a7gqPknkI","C0Kcj60NM2i6Hyiei+7ZMrFcIelEO7Hg","legacyData"
"c77c2dd7-9412-447b-8d48-e258e2574598","CLBJ_033.basePlot.vst","2016-11-08","vst_CLBJ_2016","D11","CLBJ","CLBJ_033",,"NEON.PLA.D11.CLBJ.02349","ok","single shrub","Live",2.8,130,3.4,,,,1.6,1.2,,"cylinder",3.3,10,,,,"jrpOJzTntmXy0Hq0KXCTNE1a7gqPknkI","C0Kcj60NM2i6Hyiei+7ZMrFcIelEO7Hg","legacyData"
"f64cdc70-989a-4655-a258-68bdf4df1240","CLBJ_033.basePlot.vst","2016-11-08","vst_CLBJ_2016","D11","CLBJ","CLBJ_033",,"NEON.PLA.D11.CLBJ.02396","ok","single shrub","Standing dead",3.0,130,2.8,,,,1.7,1.7,,"inverted cone",2.8,10,,,"Unknown cause of death","jrpOJzTntmXy0Hq0KXCTNE1a7gqPknkI","C0Kcj60NM2i6Hyiei+7ZMrFcIelEO7Hg","legacyData"
"3f4a5a3f-678a-4b6f-a02d-7dd7a4e342fa","CLBJ_033.basePlot.vst","2016-11-08","vst_CLBJ_2016","D11","CLBJ","CLBJ_033",,"NEON.PLA.D11.CLBJ.02394","ok","single shrub","Standing dead",,,4.0,,,,1.8,1.4,,"cylinder",1.9,10,,,"Unknown cause of death","jrpOJzTntmXy0Hq0KXCTNE1a7gqPknkI","C0Kcj60NM2i6Hyiei+7ZMrFcIelEO7Hg","legacyData"
"b0009103-8370-47e7-b5d3-844a620e9936","CLBJ_033.basePlot.vst","2016-11-08","vst_CLBJ_2016","D11","CLBJ","CLBJ_033",,"NEON.PLA.D11.CLBJ.02387","ok","single shrub","Live",3.1,130,3.6,,,,2.0,1.0,,"cylinder",4.5,10,,,,"jrpOJzTntmXy0Hq0KXCTNE1a7gqPknkI","C0Kcj60NM2i6Hyiei+7ZMrFcIelEO7Hg","legacyData"
"846b9fd5-2544-4e35-b1cd-7a7e82f10d6b","CLBJ_033.basePlot.vst","2016-11-08","vst_CLBJ_2016","D11","CLBJ","CLBJ_033",,"NEON.PLA.D11.CLBJ.02382","ok","single shrub","Live",2.3,130,3.0,,,,1.2,1.1,,"cylinder",2.8,10,,,,"jrpOJzTntmXy0Hq0KXCTNE1a7gqPknkI","C0Kcj60NM2i6Hyiei+7ZMrFcIelEO7Hg","legacyData"
"c7c36c02-f0eb-4bbe-8321-fb6c3ee36add","CLBJ_033.basePlot.vst","2016-11-08","vst_CLBJ_2016","D11","CLBJ","CLBJ_033",,"NEON.PLA.D11.CLBJ.02390","ok","small shrub","Standing dead",,,3.5,,,,2.0,1.1,,"inverted cone",3.6,10,0.08,0.05,"Unknown cause of death","jrpOJzTntmXy0Hq0KXCTNE1a7gqPknkI","C0Kcj60NM2i6Hyiei+7ZMrFcIelEO7Hg","legacyData"
"6755ba16-a461-439b-a9a6-8ae07f014b11","CLBJ_033.basePlot.vst","2016-11-08","vst_CLBJ_2016","D11","CLBJ","CLBJ_033",,"NEON.PLA.D11.CLBJ.01865","ok","small tree","Live",2.5,130,3.0,,,,2.0,1.7,,,,,,,,"jrpOJzTntmXy0Hq0KXCTNE1a7gqPknkI","C0Kcj60NM2i6Hyiei+7ZMrFcIelEO7Hg","legacyData"
"42b81d98-642e-4a4f-89e0-1e1b0e35cc68","CLBJ_033.basePlot.vst","2016-11-08","vst_CLBJ_2016","D11","CLBJ","CLBJ_033",,"NEON.PLA.D11.CLBJ.02011","ok","single bole tree","Live",11.7,130,6.1,,,,4.1,2.8,"Full shade",,,,,,,"jrpOJzTntmXy0Hq0KXCTNE1a7gqPknkI","C0Kcj60NM2i6Hyiei+7ZMrFcIelEO7Hg","legacyData"
"2e345a86-a793-4842-9cbb-8a49f2e3fa11","CLBJ_033.basePlot.vst","2016-11-08","vst_CLBJ_2016","D11","CLBJ","CLBJ_033",,"NEON.PLA.D11.CLBJ.02360","ok","single shrub","Live",1.8,130,2.7,,,,1.0,0.4,,"cylinder",2.4,10,,,,"jrpOJzTntmXy0Hq0KXCTNE1a7gqPknkI","C0Kcj60NM2i6Hyiei+7ZMrFcIelEO7Hg","legacyData"
"69ac230f-a79f-43b5-913b-911188188943","CLBJ_033.basePlot.vst","2016-11-08","vst_CLBJ_2016","D11","CLBJ","CLBJ_033",,"NEON.PLA.D11.CLBJ.01720","ok","single bole tree","Live",12.9,130,5.2,,,,6.0,4.0,"Mostly shaded",,,,,,,"jrpOJzTntmXy0Hq0KXCTNE1a7gqPknkI","C0Kcj60NM2i6Hyiei+7ZMrFcIelEO7Hg","legacyData"
"712d21ca-feb0-47ec-b9a6-2c3c9252befd","CLBJ_033.basePlot.vst","2016-11-08","vst_CLBJ_2016","D11","CLBJ","CLBJ_033",,"NEON.PLA.D11.CLBJ.02394","ok","single shrub","Live",4.0,130,4.0,,,,1.8,1.4,,"cylinder",4.6,10,,,,"jrpOJzTntmXy0Hq0KXCTNE1a7gqPknkI","C0Kcj60NM2i6Hyiei+7ZMrFcIelEO7Hg","legacyData"
"e0840ffc-bb41-4bda-b9e9-19010aeaf6ab","CLBJ_033.basePlot.vst","2016-11-08","vst_CLBJ_2016","D11","CLBJ","CLBJ_033",,"NEON.PLA.D11.CLBJ.02373","ok","sapling","Live",,,1.5,,,,,,,,1.6,10,,,,"jrpOJzTntmXy0Hq0KXCTNE1a7gqPknkI","C0Kcj60NM2i6Hyiei+7ZMrFcIelEO7Hg","legacyData"
"62b92fae-636f-4333-ba8e-0e072acf0325","CLBJ_033.basePlot.vst","2016-11-08","vst_CLBJ_2016","D11","CLBJ","CLBJ_033",,"NEON.PLA.D11.CLBJ.02383","ok","single shrub","Live",2.9,130,2.7,,,,2.0,1.7,,"cylinder",4.6,10,,,,"jrpOJzTntmXy0Hq0KXCTNE1a7gqPknkI","C0Kcj60NM2i6Hyiei+7ZMrFcIelEO7Hg","legacyData"
"314bd631-ce8f-4dc8-b581-84c9894f8650","CLBJ_033.basePlot.vst","2016-11-08","vst_CLBJ_2016","D11","CLBJ","CLBJ_033",,"NEON.PLA.D11.CLBJ.02346","ok","small shrub","Live",,,1.5,,,,0.5,0.2,,"cylinder",1.3,10,,,,"jrpOJzTntmXy0Hq0KXCTNE1a7gqPknkI","C0Kcj60NM2i6Hyiei+7ZMrFcIelEO7Hg","legacyData"
"240154e4-5969-438f-8d6d-2e82f37517a7","CLBJ_033.basePlot.vst","2016-11-08","vst_CLBJ_2016","D11","CLBJ","CLBJ_033",,"NEON.PLA.D11.CLBJ.01892","ok","single bole tree","Live",15.2,130,7.3,,,,4.0,3.5,"Mostly shaded",,,,,,,"jrpOJzTntmXy0Hq0KXCTNE1a7gqPknkI","C0Kcj60NM2i6Hyiei+7ZMrFcIelEO7Hg","legacyData"
"ddeda448-007b-4237-98d4-6dd827080bc0","CLBJ_033.basePlot.vst","2016-11-08","vst_CLBJ_2016","D11","CLBJ","CLBJ_033",,"NEON.PLA.D11.CLBJ.02349","ok","single shrub","Standing dead",,,3.4,,,,1.6,1.2,,"cylinder",2.8,10,,,"Unknown cause of death","jrpOJzTntmXy0Hq0KXCTNE1a7gqPknkI","C0Kcj60NM2i6Hyiei+7ZMrFcIelEO7Hg","legacyData"
"701755e0-932f-4957-9ba5-11fc9eef71ef","CLBJ_033.basePlot.vst","2016-11-08","vst_CLBJ_2016","D11","CLBJ","CLBJ_033",,"NEON.PLA.D11.CLBJ.02354","ok","sapling","Live",,,1.2,,,,,,,,1.5,10,,,,"jrpOJzTntmXy0Hq0KXCTNE1a7gqPknkI","C0Kcj60NM2i6Hyiei+7ZMrFcIelEO7Hg","legacyData"
"9c1b18e1-8e1c-49af-9514-0c69969b10f8","CLBJ_033.basePlot.vst","2016-11-08","vst_CLBJ_2016","D11","CLBJ","CLBJ_033",,"NEON.PLA.D11.CLBJ.02390","ok","small shrub","Live",,,3.5,,,,2.0,1.1,,"inverted cone",5.0,10,0.08,0.05,,"jrpOJzTntmXy0Hq0KXCTNE1a7gqPknkI","C0Kcj60NM2i6Hyiei+7ZMrFcIelEO7Hg","legacyData"
"3387c5d7-cdc3-4dbe-89ca-1bcbc36e6b9c","CLBJ_033.basePlot.vst","2016-11-08","vst_CLBJ_2016","D11","CLBJ","CLBJ_033",,"NEON.PLA.D11.CLBJ.02342","ok","single shrub","Live",1.6,130,2.0,,,,1.8,1.3,,"cylinder",3.8,10,,,,"jrpOJzTntmXy0Hq0KXCTNE1a7gqPknkI","C0Kcj60NM2i6Hyiei+7ZMrFcIelEO7Hg","legacyData"
"2166d30e-4d65-4e98-bae8-410288a56d50","CLBJ_033.basePlot.vst","2016-11-08","vst_CLBJ_2016","D11","CLBJ","CLBJ_033",,"NEON.PLA.D11.CLBJ.02365","ok","small shrub","Live",,,1.3,,,,0.6,0.2,,"cylinder",1.4,10,,,"Broken","jrpOJzTntmXy0Hq0KXCTNE1a7gqPknkI","C0Kcj60NM2i6Hyiei+7ZMrFcIelEO7Hg","legacyData"
"0c43a150-caf9-49e0-beae-c1e12d4eea4a","CLBJ_033.basePlot.vst","2016-11-08","vst_CLBJ_2016","D11","CLBJ","CLBJ_033",,"NEON.PLA.D11.CLBJ.01891B","ok","multi-bole tree","Live",8.9,130,,,,,,,,,,,,,,"jrpOJzTntmXy0Hq0KXCTNE1a7gqPknkI","C0Kcj60NM2i6Hyiei+7ZMrFcIelEO7Hg","legacyData"
"be27cef5-9923-4f60-9391-eb8f1fc77350","CLBJ_033.basePlot.vst","2016-11-08","vst_CLBJ_2016","D11","CLBJ","CLBJ_033",,"NEON.PLA.D11.CLBJ.02375","ok","small tree","Live",1.3,130,2.2,,,,,,,,,,,,,"jrpOJzTntmXy0Hq0KXCTNE1a7gqPknkI","C0Kcj60NM2i6Hyiei+7ZMrFcIelEO7Hg","legacyData"
"9ac89c4a-2a4a-49da-a1ba-64ace97e1ea8","CLBJ_033.basePlot.vst","2016-11-08","vst_CLBJ_2016","D11","CLBJ","CLBJ_033",,"NEON.PLA.D11.CLBJ.01855","ok","single shrub","Live",7.0,130,2.6,,,,1.2,0.8,,"cylinder",2.8,10,,,,"jrpOJzTntmXy0Hq0KXCTNE1a7gqPknkI","C0Kcj60NM2i6Hyiei+7ZMrFcIelEO7Hg","legacyData"
"64567e27-a671-48a3-876b-574919914c2f","CLBJ_033.basePlot.vst","2016-11-08","vst_CLBJ_2016","D11","CLBJ","CLBJ_033",,"NEON.PLA.D11.CLBJ.02378","ok","small tree","Live",8.8,130,7.0,,,,2.3,2.1,,,,,,,,"jrpOJzTntmXy0Hq0KXCTNE1a7gqPknkI","C0Kcj60NM2i6Hyiei+7ZMrFcIelEO7Hg","legacyData"
"f035a2aa-1764-45fc-ab07-8e829a29445f","CLBJ_033.basePlot.vst","2016-11-08","vst_CLBJ_2016","D11","CLBJ","CLBJ_033",,"NEON.PLA.D11.CLBJ.02352","ok","small tree","Live",3.4,130,4.0,,,,,,,,,,,,,"jrpOJzTntmXy0Hq0KXCTNE1a7gqPknkI","C0Kcj60NM2i6Hyiei+7ZMrFcIelEO7Hg","legacyData"
"d70fdb37-8b5d-445e-80bb-526b35d82007","CLBJ_033.basePlot.vst","2016-11-08","vst_CLBJ_2016","D11","CLBJ","CLBJ_033",,"NEON.PLA.D11.CLBJ.02351","ok","single shrub","Live",1.0,130,2.1,,,,0.6,0.3,,"cylinder",1.3,10,,,,"jrpOJzTntmXy0Hq0KXCTNE1a7gqPknkI","C0Kcj60NM2i6Hyiei+7ZMrFcIelEO7Hg","legacyData"
"162f3a49-4d11-4d11-8c78-65e941cea58c","CLBJ_033.basePlot.vst","2016-11-08","vst_CLBJ_2016","D11","CLBJ","CLBJ_033",,"NEON.PLA.D11.CLBJ.01873","ok","single shrub","Live",1.7,130,2.7,,,,1.0,0.6,,"cylinder",2.1,10,,,,"jrpOJzTntmXy0Hq0KXCTNE1a7gqPknkI","C0Kcj60NM2i6Hyiei+7ZMrFcIelEO7Hg","legacyData"
"fbe9fd32-9149-41a2-86b2-a9c11bf73302","CLBJ_033.basePlot.vst","2016-11-08","vst_CLBJ_2016","D11","CLBJ","CLBJ_033",,"NEON.PLA.D11.CLBJ.01872","ok","single shrub","Live",2.0,130,2.6,,,,1.1,0.7,,"cylinder",3.1,10,,,,"jrpOJzTntmXy0Hq0KXCTNE1a7gqPknkI","C0Kcj60NM2i6Hyiei+7ZMrFcIelEO7Hg","legacyData"
"4b433887-8b64-42d1-ac26-d188fbfe6472","CLBJ_033.basePlot.vst","2016-11-08","vst_CLBJ_2016","D11","CLBJ","CLBJ_033",,"NEON.PLA.D11.CLBJ.01875","ok","single bole tree","Live",16.5,130,5.5,,,,5.0,4.0,"Mostly shaded",,,,,,,"jrpOJzTntmXy0Hq0KXCTNE1a7gqPknkI","C0Kcj60NM2i6Hyiei+7ZMrFcIelEO7Hg","legacyData"
"5c6f05df-f83c-49e0-b49d-01bf46c7843a","CLBJ_033.basePlot.vst","2016-11-08","vst_CLBJ_2016","D11","CLBJ","CLBJ_033",,"NEON.PLA.D11.CLBJ.01871","ok","sapling","Live",,,1.0,,,,,,,,1.1,10,,,,"jrpOJzTntmXy0Hq0KXCTNE1a7gqPknkI","C0Kcj60NM2i6Hyiei+7ZMrFcIelEO7Hg","legacyData"
"b13817f0-e025-4192-adf0-b4325a43842e","CLBJ_033.basePlot.vst","2016-11-08","vst_CLBJ_2016","D11","CLBJ","CLBJ_033",,"NEON.PLA.D11.CLBJ.02392","ok","single shrub","Live",2.3,130,3.3,,,,2.3,1.7,,"cylinder",3.5,10,,,,"jrpOJzTntmXy0Hq0KXCTNE1a7gqPknkI","C0Kcj60NM2i6Hyiei+7ZMrFcIelEO7Hg","legacyData"
"76d177f1-bb26-45d8-aa0f-f1d6f4e70da0","CLBJ_033.basePlot.vst","2016-11-08","vst_CLBJ_2016","D11","CLBJ","CLBJ_033",,"NEON.PLA.D11.CLBJ.02333","ok","single shrub","Standing dead",1.5,130,2.2,,,,0.9,0.8,,"cylinder",3.0,10,,,"Unknown cause of death","jrpOJzTntmXy0Hq0KXCTNE1a7gqPknkI","C0Kcj60NM2i6Hyiei+7ZMrFcIelEO7Hg","legacyData"
"6ee805d0-7324-49aa-9636-6d40b985ec01","CLBJ_033.basePlot.vst","2016-11-08","vst_CLBJ_2016","D11","CLBJ","CLBJ_033",,"NEON.PLA.D11.CLBJ.01852","ok","single bole tree","Live",16.1,130,7.0,,,,5.6,4.6,"Partially shaded",,,,,,,"jrpOJzTntmXy0Hq0KXCTNE1a7gqPknkI","C0Kcj60NM2i6Hyiei+7ZMrFcIelEO7Hg","legacyData"
"9feea2de-80c2-4ca4-930e-57b8032b71be","CLBJ_033.basePlot.vst","2016-11-08","vst_CLBJ_2016","D11","CLBJ","CLBJ_033",,"NEON.PLA.D11.CLBJ.02357","ok","small tree","Live",1.1,130,2.5,,,,,,,,,,,,,"jrpOJzTntmXy0Hq0KXCTNE1a7gqPknkI","C0Kcj60NM2i6Hyiei+7ZMrFcIelEO7Hg","legacyData"
"4e693e35-eddb-4671-953d-218dbc1e7a80","CLBJ_033.basePlot.vst","2016-11-08","vst_CLBJ_2016","D11","CLBJ","CLBJ_033",,"NEON.PLA.D11.CLBJ.02397","ok","single shrub","Live",2.0,130,2.5,,,,1.4,0.9,,"cylinder",4.1,10,,,,"jrpOJzTntmXy0Hq0KXCTNE1a7gqPknkI","C0Kcj60NM2i6Hyiei+7ZMrFcIelEO7Hg","legacyData"
"fca7dcd8-d1e4-4639-b7d0-6b195c0dad05","CLBJ_033.basePlot.vst","2016-11-08","vst_CLBJ_2016","D11","CLBJ","CLBJ_033",,"NEON.PLA.D11.CLBJ.02382","ok","single shrub","Standing dead",,,3.0,,,,1.2,1.1,,"cylinder",1.7,10,,,"Unknown cause of death","jrpOJzTntmXy0Hq0KXCTNE1a7gqPknkI","C0Kcj60NM2i6Hyiei+7ZMrFcIelEO7Hg","legacyData"
"51a985e8-dbd0-4587-af68-20d75981c25a","CLBJ_033.basePlot.vst","2016-11-08","vst_CLBJ_2016","D11","CLBJ","CLBJ_033",,"NEON.PLA.D11.CLBJ.02348","ok","small tree","Live",2.3,130,2.8,,,,,,,,,,,,,"jrpOJzTntmXy0Hq0KXCTNE1a7gqPknkI","C0Kcj60NM2i6Hyiei+7ZMrFcIelEO7Hg","legacyData"
"c6a6e19a-e5f3-4ea4-a691-f396b43c7697","CLBJ_033.basePlot.vst","2016-11-08","vst_CLBJ_2016","D11","CLBJ","CLBJ_033",,"NEON.PLA.D11.CLBJ.02359","ok","small tree","Live",2.6,130,3.8,,,,,,,,,,,,,"jrpOJzTntmXy0Hq0KXCTNE1a7gqPknkI","C0Kcj60NM2i6Hyiei+7ZMrFcIelEO7Hg","legacyData"
"fab95170-ed98-4b66-a702-3beb8c02b3c1","CLBJ_033.basePlot.vst","2016-11-08","vst_CLBJ_2016","D11","CLBJ","CLBJ_033",,"NEON.PLA.D11.CLBJ.02393","ok","small tree","Live",2.5,130,2.4,,,,1.5,1.2,,,,,,,,"jrpOJzTntmXy0Hq0KXCTNE1a7gqPknkI","C0Kcj60NM2i6Hyiei+7ZMrFcIelEO7Hg","legacyData"
"3700fb1e-cf57-4050-b1c5-e073615e67c4","CLBJ_033.basePlot.vst","2016-11-08","vst_CLBJ_2016","D11","CLBJ","CLBJ_033",,"NEON.PLA.D11.CLBJ.02356","ok","single shrub","Standing dead",2.4,130,2.8,,,,1.1,0.7,,"cylinder",3.7,10,,,"Unknown cause of death","jrpOJzTntmXy0Hq0KXCTNE1a7gqPknkI","C0Kcj60NM2i6Hyiei+7ZMrFcIelEO7Hg","legacyData"
"1fb8c37b-2d63-4d48-93a0-407791b60856","CLBJ_033.basePlot.vst","2016-11-08","vst_CLBJ_2016","D11","CLBJ","CLBJ_033",,"NEON.PLA.D11.CLBJ.02344","ok","single shrub","Live",1.6,13,3.0,1.2,,,1.4,1.1,,"ellipsoid or sphere",2.6,10,,,,"jrpOJzTntmXy0Hq0KXCTNE1a7gqPknkI","C0Kcj60NM2i6Hyiei+7ZMrFcIelEO7Hg","legacyData"
"413244df-3e4d-4d4e-a206-e49510e413c1","CLBJ_033.basePlot.vst","2016-11-08","vst_CLBJ_2016","D11","CLBJ","CLBJ_033",,"NEON.PLA.D11.CLBJ.02361","ok","single shrub","Live",1.7,130,2.3,,,,1.5,0.9,,"cylinder",2.7,10,,,,"jrpOJzTntmXy0Hq0KXCTNE1a7gqPknkI","C0Kcj60NM2i6Hyiei+7ZMrFcIelEO7Hg","legacyData"
"d6868fd0-5715-4470-b12e-67d97757a953","CLBJ_033.basePlot.vst","2016-11-08","vst_CLBJ_2016","D11","CLBJ","CLBJ_033",,"NEON.PLA.D11.CLBJ.02385","ok","single shrub","Live",2.0,130,2.8,,,,2.0,0.7,,"cylinder",3.0,10,,,,"jrpOJzTntmXy0Hq0KXCTNE1a7gqPknkI","C0Kcj60NM2i6Hyiei+7ZMrFcIelEO7Hg","legacyData"
"bf387a88-936f-4147-8e7c-ddfe8d04d786","CLBJ_033.basePlot.vst","2016-11-08","vst_CLBJ_2016","D11","CLBJ","CLBJ_033",,"NEON.PLA.D11.CLBJ.02371","ok","single shrub","Live",1.8,130,2.8,,,,1.7,1.1,,"cylinder",2.3,10,,,,"jrpOJzTntmXy0Hq0KXCTNE1a7gqPknkI","C0Kcj60NM2i6Hyiei+7ZMrFcIelEO7Hg","legacyData"
"abeec79c-e4bc-4882-9f8d-15de7363ed3d","CLBJ_033.basePlot.vst","2016-11-08","vst_CLBJ_2016","D11","CLBJ","CLBJ_033",,"NEON.PLA.D11.CLBJ.02381","ok","single shrub","Standing dead",,,3.1,,,,1.2,0.9,,"cylinder",1.4,10,,,"Unknown cause of death","jrpOJzTntmXy0Hq0KXCTNE1a7gqPknkI","C0Kcj60NM2i6Hyiei+7ZMrFcIelEO7Hg","legacyData"
"b94581ed-6e1a-4b63-9c4e-47e0f6729b1d","CLBJ_033.basePlot.vst","2016-11-08","vst_CLBJ_2016","D11","CLBJ","CLBJ_033",,"NEON.PLA.D11.CLBJ.01857","ok","sapling","Live",,,1.5,,,,,,,,1.1,10,,,,"jrpOJzTntmXy0Hq0KXCTNE1a7gqPknkI","C0Kcj60NM2i6Hyiei+7ZMrFcIelEO7Hg","legacyData"
"821b1762-bf25-4da5-b4e5-bc660802c418","CLBJ_033.basePlot.vst","2016-11-08","vst_CLBJ_2016","D11","CLBJ","CLBJ_033",,"NEON.PLA.D11.CLBJ.02358","ok","single shrub","Live",4.4,130,2.2,,,,0.8,0.5,,"cylinder",1.8,10,,,,"jrpOJzTntmXy0Hq0KXCTNE1a7gqPknkI","C0Kcj60NM2i6Hyiei+7ZMrFcIelEO7Hg","legacyData"
"5347bda1-5953-40df-b778-46d4689bb827","CLBJ_033.basePlot.vst","2016-11-08","vst_CLBJ_2016","D11","CLBJ","CLBJ_033",,"NEON.PLA.D11.CLBJ.02356","ok","single shrub","Standing dead",2.4,130,2.8,,,,1.1,0.7,,"cylinder",3.3,10,,,"Unknown cause of death","jrpOJzTntmXy0Hq0KXCTNE1a7gqPknkI","C0Kcj60NM2i6Hyiei+7ZMrFcIelEO7Hg","legacyData"
"8981f5f5-e12c-4bbd-998b-c66cf9718d5c","CLBJ_033.basePlot.vst","2016-11-08","vst_CLBJ_2016","D11","CLBJ","CLBJ_033",,"NEON.PLA.D11.CLBJ.02384","ok","single shrub","Live",1.3,130,1.7,,,,0.4,0.4,,"cylinder",1.9,10,,,,"jrpOJzTntmXy0Hq0KXCTNE1a7gqPknkI","C0Kcj60NM2i6Hyiei+7ZMrFcIelEO7Hg","legacyData"
"3b57803f-d79f-42ac-9c48-e8c1750705d3","CLBJ_033.basePlot.vst","2016-11-08","vst_CLBJ_2016","D11","CLBJ","CLBJ_033",,"NEON.PLA.D11.CLBJ.02366","ok","single shrub","Live",3.0,130,3.8,,,,1.7,1.2,,"cylinder",4.0,10,,,,"jrpOJzTntmXy0Hq0KXCTNE1a7gqPknkI","C0Kcj60NM2i6Hyiei+7ZMrFcIelEO7Hg","legacyData"
"93806999-29a4-41fd-8cfa-1ed99438a300","CLBJ_033.basePlot.vst","2016-11-08","vst_CLBJ_2016","D11","CLBJ","CLBJ_033",,"NEON.PLA.D11.CLBJ.02380","ok","small tree","Live",9.5,130,7.1,,,,4.0,2.8,,,,,,,,"jrpOJzTntmXy0Hq0KXCTNE1a7gqPknkI","C0Kcj60NM2i6Hyiei+7ZMrFcIelEO7Hg","legacyData"
"fde811f2-ec12-4eee-8f91-4c97ca37d6ee","CLBJ_033.basePlot.vst","2016-11-08","vst_CLBJ_2016","D11","CLBJ","CLBJ_033",,"NEON.PLA.D11.CLBJ.02333","ok","single shrub","Standing dead",,,2.2,,,,0.9,0.8,,"cylinder",2.0,10,,,,"jrpOJzTntmXy0Hq0KXCTNE1a7gqPknkI","C0Kcj60NM2i6Hyiei+7ZMrFcIelEO7Hg","legacyData"
"e0256f97-3695-44e5-8675-0c12ef100d13","CLBJ_033.basePlot.vst","2016-11-08","vst_CLBJ_2016","D11","CLBJ","CLBJ_033",,"NEON.PLA.D11.CLBJ.02372","ok","single shrub","Live",2.5,130,2.7,0.9,,,2.0,1.4,,"ellipsoid or sphere",4.1,10,,,,"jrpOJzTntmXy0Hq0KXCTNE1a7gqPknkI","C0Kcj60NM2i6Hyiei+7ZMrFcIelEO7Hg","legacyData"
"8d072428-2bca-4d49-b66d-7a9c44ff822c","CLBJ_033.basePlot.vst","2016-11-08","vst_CLBJ_2016","D11","CLBJ","CLBJ_033",,"NEON.PLA.D11.CLBJ.02338","ok","single shrub","Live",2.2,130,2.4,,,,1.2,1.2,,"cylinder",4.4,10,,,,"jrpOJzTntmXy0Hq0KXCTNE1a7gqPknkI","C0Kcj60NM2i6Hyiei+7ZMrFcIelEO7Hg","legacyData"
"080bd048-69be-47a2-bd08-84ca41104bf1","CLBJ_033.basePlot.vst","2016-11-08","vst_CLBJ_2016","D11","CLBJ","CLBJ_033",,"NEON.PLA.D11.CLBJ.02362","ok","single shrub","Live",2.5,130,2.4,,,,0.8,0.7,,"cylinder",2.3,10,,,,"jrpOJzTntmXy0Hq0KXCTNE1a7gqPknkI","C0Kcj60NM2i6Hyiei+7ZMrFcIelEO7Hg","legacyData"
"1353f7d7-ae58-4b96-bdd6-2a12f50200a7","CLBJ_033.basePlot.vst","2016-11-08","vst_CLBJ_2016","D11","CLBJ","CLBJ_033",,"NEON.PLA.D11.CLBJ.01878","ok","single shrub","Live",1.6,130,2.6,,,,1.4,0.6,,"inverted cone",2.1,10,1.20,1.70,,"jrpOJzTntmXy0Hq0KXCTNE1a7gqPknkI","C0Kcj60NM2i6Hyiei+7ZMrFcIelEO7Hg","legacyData"
"f55a4bea-4164-4a0a-9cdc-70f68ccefad4","CLBJ_033.basePlot.vst","2016-11-08","vst_CLBJ_2016","D11","CLBJ","CLBJ_033",,"NEON.PLA.D11.CLBJ.02103","ok","sapling","Live",,,0.6,,,,,,,,1.1,10,,,,"jrpOJzTntmXy0Hq0KXCTNE1a7gqPknkI","C0Kcj60NM2i6Hyiei+7ZMrFcIelEO7Hg","legacyData"
"2d31982f-e173-4702-bf5d-ecdd67ee4980","CLBJ_033.basePlot.vst","2016-11-08","vst_CLBJ_2016","D11","CLBJ","CLBJ_033",,"NEON.PLA.D11.CLBJ.02355","ok","single shrub","Live",2.2,130,3.4,,,,1.6,0.9,,"cylinder",3.4,10,,,,"jrpOJzTntmXy0Hq0KXCTNE1a7gqPknkI","C0Kcj60NM2i6Hyiei+7ZMrFcIelEO7Hg","legacyData"
"07d5ab8c-6b47-4772-9164-926565506221","CLBJ_033.basePlot.vst","2016-11-08","vst_CLBJ_2016","D11","CLBJ","CLBJ_033",,"NEON.PLA.D11.CLBJ.01859","ok","single bole tree","Live",15.0,130,7.1,,,,5.5,4.8,"Partially shaded",,,,,,,"jrpOJzTntmXy0Hq0KXCTNE1a7gqPknkI","C0Kcj60NM2i6Hyiei+7ZMrFcIelEO7Hg","legacyData"
"62f8e8d8-0426-42ea-896f-6106ea7b9988","CLBJ_033.basePlot.vst","2016-11-08","vst_CLBJ_2016","D11","CLBJ","CLBJ_033",,"NEON.PLA.D11.CLBJ.01864","ok","sapling","Live",,,1.7,,,,,,,,2.1,10,,,,"jrpOJzTntmXy0Hq0KXCTNE1a7gqPknkI","C0Kcj60NM2i6Hyiei+7ZMrFcIelEO7Hg","legacyData"
"b1e89272-cacd-4876-8f01-3835a2fc7734","CLBJ_033.basePlot.vst","2016-11-08","vst_CLBJ_2016","D11","CLBJ","CLBJ_033",,"NEON.PLA.D11.CLBJ.01868","ok","single shrub","Live",2.4,130,3.2,,,,1.1,1.0,,"cylinder",3.7,10,,,,"jrpOJzTntmXy0Hq0KXCTNE1a7gqPknkI","C0Kcj60NM2i6Hyiei+7ZMrFcIelEO7Hg","legacyData"
"359fa323-d726-4b90-9e25-0ddf527eed73","CLBJ_033.basePlot.vst","2016-11-08","vst_CLBJ_2016","D11","CLBJ","CLBJ_033",,"NEON.PLA.D11.CLBJ.01867","ok","small tree","Live",1.5,130,1.9,,,,2.1,1.1,,,,,,,,"jrpOJzTntmXy0Hq0KXCTNE1a7gqPknkI","C0Kcj60NM2i6Hyiei+7ZMrFcIelEO7Hg","legacyData"
"eba56d30-2b0f-4464-b7f4-ae83e9578349","CLBJ_033.basePlot.vst","2016-11-08","vst_CLBJ_2016","D11","CLBJ","CLBJ_033",,"NEON.PLA.D11.CLBJ.02395","ok","single shrub","Live",2.1,130,2.3,0.9,,,1.6,1.2,,"ellipsoid or sphere",2.8,10,,,,"jrpOJzTntmXy0Hq0KXCTNE1a7gqPknkI","C0Kcj60NM2i6Hyiei+7ZMrFcIelEO7Hg","legacyData"
"1e2a738a-9dc4-49de-a806-cd00a7ed70f2","CLBJ_033.basePlot.vst","2016-11-08","vst_CLBJ_2016","D11","CLBJ","CLBJ_033",,"NEON.PLA.D11.CLBJ.01843","ok","single shrub","Live",1.3,130,1.3,,,,0.1,0.1,,"cylinder",1.9,10,,,,"jrpOJzTntmXy0Hq0KXCTNE1a7gqPknkI","C0Kcj60NM2i6Hyiei+7ZMrFcIelEO7Hg","legacyData"
"c986a011-cbf2-4527-8e16-b7d2f81e58ba","CLBJ_033.basePlot.vst","2016-11-08","vst_CLBJ_2016","D11","CLBJ","CLBJ_033",,"NEON.PLA.D11.CLBJ.01891A","ok","multi-bole tree","Live",9.2,130,,,,,,,,,,,,,,"jrpOJzTntmXy0Hq0KXCTNE1a7gqPknkI","C0Kcj60NM2i6Hyiei+7ZMrFcIelEO7Hg","legacyData"
"da17c744-fbbd-4c98-9df5-86bcb53105e8","CLBJ_033.basePlot.vst","2016-11-08","vst_CLBJ_2016","D11","CLBJ","CLBJ_033",,"NEON.PLA.D11.CLBJ.02394","ok","single shrub","Standing dead",,,4.0,,,,1.8,1.4,,"cylinder",2.0,10,,,"Unknown cause of death","jrpOJzTntmXy0Hq0KXCTNE1a7gqPknkI","C0Kcj60NM2i6Hyiei+7ZMrFcIelEO7Hg","legacyData"
"5346f314-83c2-4472-ab1b-77ebfa3b7142","CLBJ_033.basePlot.vst","2016-11-08","vst_CLBJ_2016","D11","CLBJ","CLBJ_033",,"NEON.PLA.D11.CLBJ.01893","ok","small tree","Live",7.7,130,4.4,,,,3.6,2.8,,,,,,,,"jrpOJzTntmXy0Hq0KXCTNE1a7gqPknkI","C0Kcj60NM2i6Hyiei+7ZMrFcIelEO7Hg","legacyData"
"2925cbec-440b-4931-96fe-3a3c1a3b45d9","CLBJ_033.basePlot.vst","2016-11-08","vst_CLBJ_2016","D11","CLBJ","CLBJ_033",,"NEON.PLA.D11.CLBJ.02339","ok","single shrub","Live",1.3,130,1.9,,,,1.3,1.2,,"cylinder",3.5,10,,,,"jrpOJzTntmXy0Hq0KXCTNE1a7gqPknkI","C0Kcj60NM2i6Hyiei+7ZMrFcIelEO7Hg","legacyData"
"38da9b61-f805-4894-84d8-404c0a3cff2c","CLBJ_033.basePlot.vst","2016-11-08","vst_CLBJ_2016","D11","CLBJ","CLBJ_033",,"NEON.PLA.D11.CLBJ.01845","ok","small shrub","Standing dead",1.8,10,1.5,,,,0.5,0.1,,"cylinder",1.8,10,,,"crown damage","jrpOJzTntmXy0Hq0KXCTNE1a7gqPknkI","C0Kcj60NM2i6Hyiei+7ZMrFcIelEO7Hg","legacyData"
"280a27ee-de4d-4901-b3f9-0f75f608ebe1","CLBJ_033.basePlot.vst","2016-11-08","vst_CLBJ_2016","D11","CLBJ","CLBJ_033",,"NEON.PLA.D11.CLBJ.01860","ok","single bole tree","Live",20.6,130,7.9,,,,5.0,3.6,"Mostly shaded",,,,,,,"jrpOJzTntmXy0Hq0KXCTNE1a7gqPknkI","C0Kcj60NM2i6Hyiei+7ZMrFcIelEO7Hg","legacyData"
"5f79fc78-e695-44d3-be4f-d2ac8745c0fb","CLBJ_033.basePlot.vst","2016-11-08","vst_CLBJ_2016","D11","CLBJ","CLBJ_033",,"NEON.PLA.D11.CLBJ.02336","ok","small shrub","Live",,,0.9,,,,0.6,0.3,,"inverted cone",1.1,10,0.20,0.10,,"jrpOJzTntmXy0Hq0KXCTNE1a7gqPknkI","C0Kcj60NM2i6Hyiei+7ZMrFcIelEO7Hg","legacyData"
"52ebb6f4-c147-4546-9cc4-dee8ed3e4a4b","CLBJ_033.basePlot.vst","2016-11-08","vst_CLBJ_2016","D11","CLBJ","CLBJ_033",,"NEON.PLA.D11.CLBJ.02364","ok","sapling","Live",,,0.4,,,,,,,,1.1,10,,,,"jrpOJzTntmXy0Hq0KXCTNE1a7gqPknkI","C0Kcj60NM2i6Hyiei+7ZMrFcIelEO7Hg","legacyData"
"51218c4c-9950-4b2f-99ca-fb7984cb7196","CLBJ_033.basePlot.vst","2016-11-08","vst_CLBJ_2016","D11","CLBJ","CLBJ_033",,"NEON.PLA.D11.CLBJ.02353","ok","single shrub","Live",2.7,130,4.0,1.3,,,2.0,1.6,,"ellipsoid or sphere",3.2,10,,,,"jrpOJzTntmXy0Hq0KXCTNE1a7gqPknkI","C0Kcj60NM2i6Hyiei+7ZMrFcIelEO7Hg","legacyData"
"3901f1bb-080c-4cf2-b4ba-8887296e00ec","CLBJ_033.basePlot.vst","2016-11-08","vst_CLBJ_2016","D11","CLBJ","CLBJ_033",,"NEON.PLA.D11.CLBJ.01879","ok","single bole tree","Live",10.2,130,5.6,,,,3.0,3.0,"Mostly shaded",,,,,,,"jrpOJzTntmXy0Hq0KXCTNE1a7gqPknkI","C0Kcj60NM2i6Hyiei+7ZMrFcIelEO7Hg","legacyData"
"ec3f059a-97d0-493a-9371-81f15f37e0da","CLBJ_033.basePlot.vst","2016-11-08","vst_CLBJ_2016","D11","CLBJ","CLBJ_033",,"NEON.PLA.D11.CLBJ.02389","ok","single shrub","Live",2.0,130,2.5,,,,1.2,1.0,,"cylinder",2.8,10,,,,"jrpOJzTntmXy0Hq0KXCTNE1a7gqPknkI","C0Kcj60NM2i6Hyiei+7ZMrFcIelEO7Hg","legacyData"
"d9db46b8-b735-435d-afe2-fa3e70942f54","CLBJ_033.basePlot.vst","2016-11-08","vst_CLBJ_2016","D11","CLBJ","CLBJ_033",,"NEON.PLA.D11.CLBJ.01735","ok","single bole tree","Live",19.0,130,6.9,,,,5.0,3.7,"Mostly shaded",,,,,,,"jrpOJzTntmXy0Hq0KXCTNE1a7gqPknkI","C0Kcj60NM2i6Hyiei+7ZMrFcIelEO7Hg","legacyData"
"31f430cd-ff53-40a0-b07f-80ea725342ac","CLBJ_033.basePlot.vst","2016-11-08","vst_CLBJ_2016","D11","CLBJ","CLBJ_033",,"NEON.PLA.D11.CLBJ.02396","ok","single shrub","Live",3.0,130,2.8,,,,1.7,1.7,,"inverted cone",4.4,10,1.50,0.40,,"jrpOJzTntmXy0Hq0KXCTNE1a7gqPknkI","C0Kcj60NM2i6Hyiei+7ZMrFcIelEO7Hg","legacyData"
"dbab637e-9a9a-4e5a-9281-b87f6647a66b","CLBJ_033.basePlot.vst","2016-11-08","vst_CLBJ_2016","D11","CLBJ","CLBJ_033",,"NEON.PLA.D11.CLBJ.01862","ok","single bole tree","Live",14.5,130,5.9,,,,4.5,3.5,"Full shade",,,,,,,"jrpOJzTntmXy0Hq0KXCTNE1a7gqPknkI","C0Kcj60NM2i6Hyiei+7ZMrFcIelEO7Hg","legacyData"
"98f0cfae-107e-4ad9-9976-cdaee4dcb616","CLBJ_033.basePlot.vst","2016-11-08","vst_CLBJ_2016","D11","CLBJ","CLBJ_033",,"NEON.PLA.D11.CLBJ.01869","ok","single shrub","Live",2.2,130,3.0,,,,1.5,1.0,,"cylinder",3.1,10,,,,"jrpOJzTntmXy0Hq0KXCTNE1a7gqPknkI","C0Kcj60NM2i6Hyiei+7ZMrFcIelEO7Hg","legacyData"
"3c322591-7846-4255-b626-726d4676b979","CLBJ_033.basePlot.vst","2016-11-08","vst_CLBJ_2016","D11","CLBJ","CLBJ_033",,"NEON.PLA.D11.CLBJ.02400","ok","single shrub","Live",3.6,130,3.1,,,,1.9,1.3,,"cylinder",4.5,10,,,,"jrpOJzTntmXy0Hq0KXCTNE1a7gqPknkI","C0Kcj60NM2i6Hyiei+7ZMrFcIelEO7Hg","legacyData"
"92bf3422-e832-44cd-9c20-37f78e86906b","CLBJ_033.basePlot.vst","2016-11-08","vst_CLBJ_2016","D11","CLBJ","CLBJ_033",,"NEON.PLA.D11.CLBJ.02369","ok","single shrub","Live",2.1,130,2.6,,,,1.4,0.9,,"cylinder",3.0,10,,,,"jrpOJzTntmXy0Hq0KXCTNE1a7gqPknkI","C0Kcj60NM2i6Hyiei+7ZMrFcIelEO7Hg","legacyData"
"5a43b9a3-d308-4a5b-8549-139a74a3e737","CLBJ_033.basePlot.vst","2016-11-08","vst_CLBJ_2016","D11","CLBJ","CLBJ_033",,"NEON.PLA.D11.CLBJ.02399","ok","sapling","Live",,,0.8,,,,,,,,2.0,10,,,,"jrpOJzTntmXy0Hq0KXCTNE1a7gqPknkI","C0Kcj60NM2i6Hyiei+7ZMrFcIelEO7Hg","legacyData"
"81affc32-1917-42b2-a07e-5de28a1917b3","CLBJ_033.basePlot.vst","2016-11-08","vst_CLBJ_2016","D11","CLBJ","CLBJ_033",,"NEON.PLA.D11.CLBJ.01861","ok","single bole tree","Live",26.1,130,7.0,,,,5.0,4.0,"Open grown",,13.0,,,,,"jrpOJzTntmXy0Hq0KXCTNE1a7gqPknkI","C0Kcj60NM2i6Hyiei+7ZMrFcIelEO7Hg","legacyData"
"7757e0e5-bbd3-46ca-b1fa-7b3362910f55","CLBJ_031.basePlot.vst","2016-11-09","vst_CLBJ_2016","D11","CLBJ","CLBJ_031",,"NEON.PLA.D11.CLBJ.02478","ok","small shrub","Live, physically damaged",,,1.5,0.8,,,0.9,0.8,,"ellipsoid or sphere",2.9,10,,,"burned","YvxfKx9PhZKcpyRUl2HPSGWrrvBoMwJ+","LSZWSTVV0z5VZ7oh/S+B0ibtEIfDV0Jl","legacyData"
"cd547db6-c16e-4abe-b773-be02161b1916","CLBJ_031.basePlot.vst","2016-11-09","vst_CLBJ_2016","D11","CLBJ","CLBJ_031",,"NEON.PLA.D11.CLBJ.02479","ok","sapling","Live, physically damaged",,,2.4,,,,,,,,4.2,10,,,"burned","YvxfKx9PhZKcpyRUl2HPSGWrrvBoMwJ+","LSZWSTVV0z5VZ7oh/S+B0ibtEIfDV0Jl","legacyData"
"9c7c4b13-f364-44fb-9094-80e7c31d5cdc","CLBJ_051.basePlot.vst","2016-11-10","vst_CLBJ_2016","D11","CLBJ","CLBJ_051",,"NEON.PLA.D11.CLBJ.02452B","ok","multi-bole tree","Live",24.2,130,,,,,,,"Partially shaded",,,,,,,"LSZWSTVV0z5VZ7oh/S+B0ibtEIfDV0Jl","YvxfKx9PhZKcpyRUl2HPSGWrrvBoMwJ+","legacyData"
"9d951d90-df44-4423-b134-b042e4ac0e4b","CLBJ_051.basePlot.vst","2016-11-10","vst_CLBJ_2016","D11","CLBJ","CLBJ_051",,"NEON.PLA.D11.CLBJ.02463","ok","sapling","Live",,,0.6,,,,,,,,1.8,10,,,,"LSZWSTVV0z5VZ7oh/S+B0ibtEIfDV0Jl","YvxfKx9PhZKcpyRUl2HPSGWrrvBoMwJ+","legacyData"
"09af92a3-1322-4bf5-8420-8e487e58a976","CLBJ_051.basePlot.vst","2016-11-10","vst_CLBJ_2016","D11","CLBJ","CLBJ_051",,"NEON.PLA.D11.CLBJ.02446","ok","single bole tree","Live",10.3,130,5.6,,,,3.9,2.5,"Mostly shaded",,,5,,,,"LSZWSTVV0z5VZ7oh/S+B0ibtEIfDV0Jl","YvxfKx9PhZKcpyRUl2HPSGWrrvBoMwJ+","legacyData"
"5a8bef49-790e-49a5-ad22-245fd53d8465","CLBJ_051.basePlot.vst","2016-11-10","vst_CLBJ_2016","D11","CLBJ","CLBJ_051",,"NEON.PLA.D11.CLBJ.02428","ok","single bole tree","Live",17.1,130,7.3,,,,8.0,7.0,"Mostly shaded",,,,,,,"LSZWSTVV0z5VZ7oh/S+B0ibtEIfDV0Jl","YvxfKx9PhZKcpyRUl2HPSGWrrvBoMwJ+","legacyData"
"741b3429-5331-44b1-90d2-aa0b28bced82","CLBJ_051.basePlot.vst","2016-11-10","vst_CLBJ_2016","D11","CLBJ","CLBJ_051",,"NEON.PLA.D11.CLBJ.02460","ok","sapling","Live",,,1.6,,,,,,,,4.2,10,,,,"LSZWSTVV0z5VZ7oh/S+B0ibtEIfDV0Jl","YvxfKx9PhZKcpyRUl2HPSGWrrvBoMwJ+","legacyData"
"da257940-37d1-4a67-be57-7269fe2a1826","CLBJ_051.basePlot.vst","2016-11-10","vst_CLBJ_2016","D11","CLBJ","CLBJ_051",,"NEON.PLA.D11.CLBJ.02465","ok","small tree","Live",3.4,130,3.0,,,,2.4,2.4,,,,,,,,"LSZWSTVV0z5VZ7oh/S+B0ibtEIfDV0Jl","YvxfKx9PhZKcpyRUl2HPSGWrrvBoMwJ+","legacyData"
"a9cb837c-b86a-441b-bfdb-f9397c2bd342","CLBJ_051.basePlot.vst","2016-11-10","vst_CLBJ_2016","D11","CLBJ","CLBJ_051",,"NEON.PLA.D11.CLBJ.02469","ok","small tree","Standing dead",1.6,130,3.0,,,,2.5,2.2,,,,,,,"Cause of death unknown","LSZWSTVV0z5VZ7oh/S+B0ibtEIfDV0Jl","YvxfKx9PhZKcpyRUl2HPSGWrrvBoMwJ+","legacyData"
"0c19886c-5b0c-4794-a548-045c8f20a91b","CLBJ_051.basePlot.vst","2016-11-10","vst_CLBJ_2016","D11","CLBJ","CLBJ_051",,"NEON.PLA.D11.CLBJ.02456","ok","small tree","Standing dead",2.6,130,1.4,,,,2.6,1.6,,,,,,,"Unknown cause of death","LSZWSTVV0z5VZ7oh/S+B0ibtEIfDV0Jl","YvxfKx9PhZKcpyRUl2HPSGWrrvBoMwJ+","legacyData"
"cf58daf3-6226-4adf-9b45-4fa1df407b7e","CLBJ_051.basePlot.vst","2016-11-10","vst_CLBJ_2016","D11","CLBJ","CLBJ_051",,"NEON.PLA.D11.CLBJ.02448","ok","single bole tree","Live",255.0,140,10.3,,,,7.6,6.7,"Mostly shaded",,,,,,"Knot at 130 cm","LSZWSTVV0z5VZ7oh/S+B0ibtEIfDV0Jl","YvxfKx9PhZKcpyRUl2HPSGWrrvBoMwJ+","legacyData"
"9fa0f695-3cf8-4118-b9e2-6a835de2d8b4","CLBJ_051.basePlot.vst","2016-11-10","vst_CLBJ_2016","D11","CLBJ","CLBJ_051",,"NEON.PLA.D11.CLBJ.02438","ok","small tree","Live",7.1,130,4.1,,,,2.7,2.6,,,,,,,,"LSZWSTVV0z5VZ7oh/S+B0ibtEIfDV0Jl","YvxfKx9PhZKcpyRUl2HPSGWrrvBoMwJ+","legacyData"
"d05d4d5f-9b4b-4e55-b425-3d9c5a576cc2","CLBJ_051.basePlot.vst","2016-11-10","vst_CLBJ_2016","D11","CLBJ","CLBJ_051",,"NEON.PLA.D11.CLBJ.02439","ok","multi-bole tree","Live",15.7,189,7.5,,,,5.9,5.1,"Partially shaded",,,,,,"Measured 100 cm above pith int.","LSZWSTVV0z5VZ7oh/S+B0ibtEIfDV0Jl","YvxfKx9PhZKcpyRUl2HPSGWrrvBoMwJ+","legacyData"
"9c6d233e-bc6b-4460-a246-1dcee6830fcd","CLBJ_051.basePlot.vst","2016-11-10","vst_CLBJ_2016","D11","CLBJ","CLBJ_051",,"NEON.PLA.D11.CLBJ.02432","ok","single bole tree","Live",23.2,130,7.3,,,,9.7,6.6,"Partially shaded",,,,,,,"LSZWSTVV0z5VZ7oh/S+B0ibtEIfDV0Jl","YvxfKx9PhZKcpyRUl2HPSGWrrvBoMwJ+","legacyData"
"4d1f2535-c938-4066-94ca-ed9c29778bbb","CLBJ_051.basePlot.vst","2016-11-10","vst_CLBJ_2016","D11","CLBJ","CLBJ_051",,"NEON.PLA.D11.CLBJ.02474","ok","sapling","Live",,,1.3,,,,,,,,2.1,10,,,,"LSZWSTVV0z5VZ7oh/S+B0ibtEIfDV0Jl","YvxfKx9PhZKcpyRUl2HPSGWrrvBoMwJ+","legacyData"
"3a2ab07e-4204-4061-8b2d-e18ba0bcf721","CLBJ_051.basePlot.vst","2016-11-10","vst_CLBJ_2016","D11","CLBJ","CLBJ_051",,"NEON.PLA.D11.CLBJ.02441","ok","single bole tree","Live",29.5,130,11.4,,,,7.3,5.1,"Partially shaded",,,,,,,"LSZWSTVV0z5VZ7oh/S+B0ibtEIfDV0Jl","YvxfKx9PhZKcpyRUl2HPSGWrrvBoMwJ+","legacyData"
"e5892b87-2b33-4336-b18c-5f047cb4275c","CLBJ_051.basePlot.vst","2016-11-10","vst_CLBJ_2016","D11","CLBJ","CLBJ_051",,"NEON.PLA.D11.CLBJ.02473","ok","small tree","Live",2.2,130,2.6,,,,1.7,1.6,,,,,,,,"LSZWSTVV0z5VZ7oh/S+B0ibtEIfDV0Jl","YvxfKx9PhZKcpyRUl2HPSGWrrvBoMwJ+","legacyData"
"6795e2e2-d88a-4cc7-bb43-cff00e126bb5","CLBJ_051.basePlot.vst","2016-11-10","vst_CLBJ_2016","D11","CLBJ","CLBJ_051",,"NEON.PLA.D11.CLBJ.02429","ok","single bole tree","Live",17.7,130,7.4,,,,7.0,4.8,"Partially shaded",,,,,,,"LSZWSTVV0z5VZ7oh/S+B0ibtEIfDV0Jl","YvxfKx9PhZKcpyRUl2HPSGWrrvBoMwJ+","legacyData"
"95068d0e-3390-4c4b-97da-0b1bb57beb67","CLBJ_051.basePlot.vst","2016-11-10","vst_CLBJ_2016","D11","CLBJ","CLBJ_051",,"NEON.PLA.D11.CLBJ.02452","ok","multi-bole tree","Live",54.8,130,12.6,,,,13.7,12.4,"Partially shaded",,,,,,,"LSZWSTVV0z5VZ7oh/S+B0ibtEIfDV0Jl","YvxfKx9PhZKcpyRUl2HPSGWrrvBoMwJ+","legacyData"
"db28473b-bfdf-4ef0-84c6-c727c9ac90fc","CLBJ_051.basePlot.vst","2016-11-10","vst_CLBJ_2016","D11","CLBJ","CLBJ_051",,"NEON.PLA.D11.CLBJ.02469","ok","small tree","Live",2.3,130,3.0,,,,2.5,2.2,,,,,,,,"LSZWSTVV0z5VZ7oh/S+B0ibtEIfDV0Jl","YvxfKx9PhZKcpyRUl2HPSGWrrvBoMwJ+","legacyData"
"0ceb8bdd-b2f1-4d16-991e-7c6238c87b44","CLBJ_051.basePlot.vst","2016-11-10","vst_CLBJ_2016","D11","CLBJ","CLBJ_051",,"NEON.PLA.D11.CLBJ.02427","ok","small tree","Live",6.1,130,4.0,,,,2.6,2.3,,,,,,,,"LSZWSTVV0z5VZ7oh/S+B0ibtEIfDV0Jl","YvxfKx9PhZKcpyRUl2HPSGWrrvBoMwJ+","legacyData"
"68ca7f2f-5e65-4d21-a203-954e3a1da153","CLBJ_051.basePlot.vst","2016-11-10","vst_CLBJ_2016","D11","CLBJ","CLBJ_051",,"NEON.PLA.D11.CLBJ.02447","ok","single bole tree","Live",15.3,130,5.7,,,,8.0,5.9,"Mostly shaded",,,,,,,"LSZWSTVV0z5VZ7oh/S+B0ibtEIfDV0Jl","YvxfKx9PhZKcpyRUl2HPSGWrrvBoMwJ+","legacyData"
"8b405d6b-47c2-4563-942b-387649576d9e","CLBJ_051.basePlot.vst","2016-11-10","vst_CLBJ_2016","D11","CLBJ","CLBJ_051",,"NEON.PLA.D11.CLBJ.02449","ok","single bole tree","Live",15.7,130,9.5,,,,5.6,5.1,"Mostly shaded",,,,,,,"LSZWSTVV0z5VZ7oh/S+B0ibtEIfDV0Jl","YvxfKx9PhZKcpyRUl2HPSGWrrvBoMwJ+","legacyData"
"82f50fc8-47c8-4c13-87f7-ed0a20bd32a0","CLBJ_051.basePlot.vst","2016-11-10","vst_CLBJ_2016","D11","CLBJ","CLBJ_051",,"NEON.PLA.D11.CLBJ.02439B","ok","multi-bole tree","Live",13.0,130,,,,,,,"Partially shaded",,,,,,,"LSZWSTVV0z5VZ7oh/S+B0ibtEIfDV0Jl","YvxfKx9PhZKcpyRUl2HPSGWrrvBoMwJ+","legacyData"
"cf5c3a2c-67aa-4119-b6e2-3c643ee4f7bd","CLBJ_051.basePlot.vst","2016-11-10","vst_CLBJ_2016","D11","CLBJ","CLBJ_051",,"NEON.PLA.D11.CLBJ.02454","ok","sapling","Live",,,1.6,,,,,,,,1.7,10,,,,"LSZWSTVV0z5VZ7oh/S+B0ibtEIfDV0Jl","YvxfKx9PhZKcpyRUl2HPSGWrrvBoMwJ+","legacyData"
"45e7829d-8bf9-4239-bebb-0c53245e66bf","CLBJ_051.basePlot.vst","2016-11-10","vst_CLBJ_2016","D11","CLBJ","CLBJ_051",,"NEON.PLA.D11.CLBJ.02440","ok","small tree","Live",3.6,130,3.8,,,,2.3,2.2,,,,,,,,"LSZWSTVV0z5VZ7oh/S+B0ibtEIfDV0Jl","YvxfKx9PhZKcpyRUl2HPSGWrrvBoMwJ+","legacyData"
"d3ece1b8-7323-48ed-b5ae-15f98615bcb6","CLBJ_051.basePlot.vst","2016-11-10","vst_CLBJ_2016","D11","CLBJ","CLBJ_051",,"NEON.PLA.D11.CLBJ.02467","ok","small tree","Live",2.2,130,3.2,,,,1.6,1.5,,,,,,,,"LSZWSTVV0z5VZ7oh/S+B0ibtEIfDV0Jl","YvxfKx9PhZKcpyRUl2HPSGWrrvBoMwJ+","legacyData"
"ff6428bd-da5c-4b4c-97d9-2ca555d56d2b","CLBJ_051.basePlot.vst","2016-11-10","vst_CLBJ_2016","D11","CLBJ","CLBJ_051",,"NEON.PLA.D11.CLBJ.02468","ok","sapling","Live",,,1.1,,,,,,,,1.7,10,,,,"LSZWSTVV0z5VZ7oh/S+B0ibtEIfDV0Jl","YvxfKx9PhZKcpyRUl2HPSGWrrvBoMwJ+","legacyData"
"adc67f81-65ce-4dc1-bf1f-be23efc978f7","CLBJ_051.basePlot.vst","2016-11-10","vst_CLBJ_2016","D11","CLBJ","CLBJ_051",,"NEON.PLA.D11.CLBJ.02444","ok","small tree","Live",5.0,130,5.0,,,,2.5,1.8,,,,,,,,"LSZWSTVV0z5VZ7oh/S+B0ibtEIfDV0Jl","YvxfKx9PhZKcpyRUl2HPSGWrrvBoMwJ+","legacyData"
"48ca38e8-7fec-4f23-9c6c-5822684110c5","CLBJ_051.basePlot.vst","2016-11-10","vst_CLBJ_2016","D11","CLBJ","CLBJ_051",,"NEON.PLA.D11.CLBJ.02442","ok","single bole tree","Live",14.5,130,8.7,,,,7.1,6.1,"Partially shaded",,,,,,,"LSZWSTVV0z5VZ7oh/S+B0ibtEIfDV0Jl","YvxfKx9PhZKcpyRUl2HPSGWrrvBoMwJ+","legacyData"
"62b8b041-8595-4b4c-abb1-716785211509","CLBJ_051.basePlot.vst","2016-11-10","vst_CLBJ_2016","D11","CLBJ","CLBJ_051",,"NEON.PLA.D11.CLBJ.02431","ok","single bole tree","Live",36.7,130,10.7,,,,10.0,9.4,"Full sun",,,,,,,"LSZWSTVV0z5VZ7oh/S+B0ibtEIfDV0Jl","YvxfKx9PhZKcpyRUl2HPSGWrrvBoMwJ+","legacyData"
"a9def985-95e0-4975-ac19-891abdddbd35","CLBJ_051.basePlot.vst","2016-11-10","vst_CLBJ_2016","D11","CLBJ","CLBJ_051",,"NEON.PLA.D11.CLBJ.02433","ok","single bole tree","Live",22.0,130,7.8,,,,4.4,3.7,"Mostly shaded",,,,,,,"LSZWSTVV0z5VZ7oh/S+B0ibtEIfDV0Jl","YvxfKx9PhZKcpyRUl2HPSGWrrvBoMwJ+","legacyData"
"245051c3-4160-490a-b43c-385c0d3cae76","CLBJ_051.basePlot.vst","2016-11-10","vst_CLBJ_2016","D11","CLBJ","CLBJ_051",,"NEON.PLA.D11.CLBJ.02436","ok","single bole tree","Live",17.0,130,7.5,,,,5.9,4.9,"Partially shaded",,,,,,,"LSZWSTVV0z5VZ7oh/S+B0ibtEIfDV0Jl","YvxfKx9PhZKcpyRUl2HPSGWrrvBoMwJ+","legacyData"
"6eec3fbc-1934-4082-8752-8e768ed742d3","CLBJ_051.basePlot.vst","2016-11-10","vst_CLBJ_2016","D11","CLBJ","CLBJ_051",,"NEON.PLA.D11.CLBJ.02434","ok","single bole tree","Live",10.8,130,5.7,,,,4.7,4.0,"Full shade",,,,,,,"LSZWSTVV0z5VZ7oh/S+B0ibtEIfDV0Jl","YvxfKx9PhZKcpyRUl2HPSGWrrvBoMwJ+","legacyData"
"e78a7885-40de-4e6e-a99d-2c835107c06c","CLBJ_051.basePlot.vst","2016-11-10","vst_CLBJ_2016","D11","CLBJ","CLBJ_051",,"NEON.PLA.D11.CLBJ.02430","ok","single bole tree","Live",12.0,130,9.8,,,,3.5,3.3,"Mostly shaded",,,,,,,"LSZWSTVV0z5VZ7oh/S+B0ibtEIfDV0Jl","YvxfKx9PhZKcpyRUl2HPSGWrrvBoMwJ+","legacyData"
"447e35ee-7e3d-4d4f-a5e0-1522f0ab5ded","CLBJ_051.basePlot.vst","2016-11-10","vst_CLBJ_2016","D11","CLBJ","CLBJ_051",,"NEON.PLA.D11.CLBJ.02450","ok","single bole tree","Dead, broken bole",17.9,130,2.0,,1.8,12.0,,,"Full shade",,,,,,,"LSZWSTVV0z5VZ7oh/S+B0ibtEIfDV0Jl","YvxfKx9PhZKcpyRUl2HPSGWrrvBoMwJ+","legacyData"
"0e1f9447-f277-434b-b0e1-debc92c53fe9","CLBJ_051.basePlot.vst","2016-11-10","vst_CLBJ_2016","D11","CLBJ","CLBJ_051",,"NEON.PLA.D11.CLBJ.02464","ok","sapling","Live",,,1.0,,,,,,,,1.7,10,,,,"LSZWSTVV0z5VZ7oh/S+B0ibtEIfDV0Jl","YvxfKx9PhZKcpyRUl2HPSGWrrvBoMwJ+","legacyData"
"abc54a4b-635b-4d54-905c-40309f6880f1","CLBJ_051.basePlot.vst","2016-11-10","vst_CLBJ_2016","D11","CLBJ","CLBJ_051",,"NEON.PLA.D11.CLBJ.02445","ok","small tree","Live",6.7,130,4.4,,,,2.6,2.6,,,,,,,,"LSZWSTVV0z5VZ7oh/S+B0ibtEIfDV0Jl","YvxfKx9PhZKcpyRUl2HPSGWrrvBoMwJ+","legacyData"
"29c54c61-4271-4be9-b9c3-e4eef6086b83","CLBJ_051.basePlot.vst","2016-11-10","vst_CLBJ_2016","D11","CLBJ","CLBJ_051",,"NEON.PLA.D11.CLBJ.02437","ok","small tree","Live",5.7,130,3.3,,,,2.3,2.2,,,,,,,,"LSZWSTVV0z5VZ7oh/S+B0ibtEIfDV0Jl","YvxfKx9PhZKcpyRUl2HPSGWrrvBoMwJ+","legacyData"
"634e81f1-1cec-43c5-8245-50c2aea57004","CLBJ_051.basePlot.vst","2016-11-10","vst_CLBJ_2016","D11","CLBJ","CLBJ_051",,"NEON.PLA.D11.CLBJ.02453","ok","sapling","Live",,,1.9,,,,,,,,1.3,10,,,,"LSZWSTVV0z5VZ7oh/S+B0ibtEIfDV0Jl","YvxfKx9PhZKcpyRUl2HPSGWrrvBoMwJ+","legacyData"
"23e323f8-d344-4efb-af26-1fdf8f746e6a","CLBJ_051.basePlot.vst","2016-11-10","vst_CLBJ_2016","D11","CLBJ","CLBJ_051",,"NEON.PLA.D11.CLBJ.02456","ok","small tree","Live",2.0,130,1.4,,,,2.6,1.6,,,,,,,,"LSZWSTVV0z5VZ7oh/S+B0ibtEIfDV0Jl","YvxfKx9PhZKcpyRUl2HPSGWrrvBoMwJ+","legacyData"
"014120ad-6cc6-4fef-9bf9-cd632f80ea60","CLBJ_051.basePlot.vst","2016-11-10","vst_CLBJ_2016","D11","CLBJ","CLBJ_051",,"NEON.PLA.D11.CLBJ.02426","ok","single bole tree","Live",10.8,130,6.3,,,,5.3,4.7,"Mostly shaded",,,,,,,"LSZWSTVV0z5VZ7oh/S+B0ibtEIfDV0Jl","YvxfKx9PhZKcpyRUl2HPSGWrrvBoMwJ+","legacyData"
"3e93e6dc-a54e-4634-a4ef-55b097da4e25","CLBJ_051.basePlot.vst","2016-11-10","vst_CLBJ_2016","D11","CLBJ","CLBJ_051",,"NEON.PLA.D11.CLBJ.02451","ok","single bole tree","Live",33.9,130,11.9,,,,10.9,8.3,"Partially shaded",,,,,,,"LSZWSTVV0z5VZ7oh/S+B0ibtEIfDV0Jl","YvxfKx9PhZKcpyRUl2HPSGWrrvBoMwJ+","legacyData"
"2628708a-e54f-4e19-af6e-7f7785195626","CLBJ_051.basePlot.vst","2016-11-10","vst_CLBJ_2016","D11","CLBJ","CLBJ_051",,"NEON.PLA.D11.CLBJ.02470","ok","sapling","Live",,,0.8,,,,,,,,1.0,,,,,"LSZWSTVV0z5VZ7oh/S+B0ibtEIfDV0Jl","YvxfKx9PhZKcpyRUl2HPSGWrrvBoMwJ+","legacyData"
"8971177a-cde2-45d3-a1da-3b97e16748a0","CLBJ_051.basePlot.vst","2016-11-10","vst_CLBJ_2016","D11","CLBJ","CLBJ_051",,"NEON.PLA.D11.CLBJ.02471","ok","sapling","Live",,,2.2,,,,,,,,1.1,10,,,,"LSZWSTVV0z5VZ7oh/S+B0ibtEIfDV0Jl","YvxfKx9PhZKcpyRUl2HPSGWrrvBoMwJ+","legacyData"
"c80a9c86-64bc-4080-954b-47536e79f129","CLBJ_051.basePlot.vst","2016-11-10","vst_CLBJ_2016","D11","CLBJ","CLBJ_051",,"NEON.PLA.D11.CLBJ.02443","ok","single bole tree","Live",22.0,130,9.2,,,,8.0,7.3,"Partially shaded",,,,,,,"LSZWSTVV0z5VZ7oh/S+B0ibtEIfDV0Jl","YvxfKx9PhZKcpyRUl2HPSGWrrvBoMwJ+","legacyData"
"98c1f3d0-cdbc-49a7-bfc2-353ea7c1add4","CLBJ_051.basePlot.vst","2016-11-10","vst_CLBJ_2016","D11","CLBJ","CLBJ_051",,"NEON.PLA.D11.CLBJ.02435","ok","single bole tree","Live",14.9,130,7.0,,,,9.0,6.3,"Mostly shaded",,,,,,,"LSZWSTVV0z5VZ7oh/S+B0ibtEIfDV0Jl","YvxfKx9PhZKcpyRUl2HPSGWrrvBoMwJ+","legacyData"
"763fad6a-ff7c-4c55-b085-640fdf303dc8","CLBJ_042.basePlot.vst","2016-11-14","vst_CLBJ_2016","D11","CLBJ","CLBJ_042",,"NEON.PLA.D11.CLBJ.01824","ok","sapling","Live",,,0.8,,,,,,,,1.3,10,,,,"jrpOJzTntmXy0Hq0KXCTNE1a7gqPknkI","s0qfufVOE4SuSKa3K+0eH9/2W3pqTiur","legacyData"
"10d484ab-80c1-45ab-a198-e6d44b5fc93f","CLBJ_042.basePlot.vst","2016-11-14","vst_CLBJ_2016","D11","CLBJ","CLBJ_042",,"NEON.PLA.D11.CLBJ.01806","ok","small tree","Live",1.5,130,2.4,,,,,,,,,,,,,"jrpOJzTntmXy0Hq0KXCTNE1a7gqPknkI","s0qfufVOE4SuSKa3K+0eH9/2W3pqTiur","legacyData"
"57ef63e6-98d0-47e0-a28c-092d2e3ab84d","CLBJ_042.basePlot.vst","2016-11-14","vst_CLBJ_2016","D11","CLBJ","CLBJ_042",,"NEON.PLA.D11.CLBJ.01830","ok","single bole tree","Live",15.9,130,7.5,,,,7.3,5.7,"Full shade",,,,,,,"jrpOJzTntmXy0Hq0KXCTNE1a7gqPknkI","s0qfufVOE4SuSKa3K+0eH9/2W3pqTiur","legacyData"
"ef494a35-9f1a-4865-bc9f-949bea8bf16b","CLBJ_042.basePlot.vst","2016-11-14","vst_CLBJ_2016","D11","CLBJ","CLBJ_042",,"NEON.PLA.D11.CLBJ.01831","ok","single bole tree","Live",23.2,130,8.4,,,,6.5,4.2,"Full shade",,,,,,,"jrpOJzTntmXy0Hq0KXCTNE1a7gqPknkI","s0qfufVOE4SuSKa3K+0eH9/2W3pqTiur","legacyData"
"85229549-0d8e-447b-9d4f-a1e2686e197b","CLBJ_042.basePlot.vst","2016-11-14","vst_CLBJ_2016","D11","CLBJ","CLBJ_042",,"NEON.PLA.D11.CLBJ.01822","ok","sapling","Live",,,1.1,,,,,,,,2.8,10,,,,"jrpOJzTntmXy0Hq0KXCTNE1a7gqPknkI","s0qfufVOE4SuSKa3K+0eH9/2W3pqTiur","legacyData"
"ba25fd48-2c20-42b7-84c2-9d03902fed04","CLBJ_042.basePlot.vst","2016-11-14","vst_CLBJ_2016","D11","CLBJ","CLBJ_042",,"NEON.PLA.D11.CLBJ.01837","ok","single bole tree","Live",16.5,130,8.0,,,,5.2,4.1,"Full shade",,,,,,,"jrpOJzTntmXy0Hq0KXCTNE1a7gqPknkI","s0qfufVOE4SuSKa3K+0eH9/2W3pqTiur","legacyData"
"1746e26b-3cdb-44de-ae7c-d0c7bee210e7","CLBJ_042.basePlot.vst","2016-11-14","vst_CLBJ_2016","D11","CLBJ","CLBJ_042",,"NEON.PLA.D11.CLBJ.01842","ok","single bole tree","Live",23.3,130,8.6,,,,7.9,6.2,"Full shade",,,,,,,"jrpOJzTntmXy0Hq0KXCTNE1a7gqPknkI","s0qfufVOE4SuSKa3K+0eH9/2W3pqTiur","legacyData"
"982b999d-5978-471f-8d3a-5d3be451ea79","CLBJ_042.basePlot.vst","2016-11-14","vst_CLBJ_2016","D11","CLBJ","CLBJ_042",,"NEON.PLA.D11.CLBJ.01827","ok","single bole tree","Live",36.4,130,11.3,,,,11.4,9.3,"Full shade",,,,,,,"jrpOJzTntmXy0Hq0KXCTNE1a7gqPknkI","s0qfufVOE4SuSKa3K+0eH9/2W3pqTiur","legacyData"
"83f347c9-78f1-47e9-804a-218afb78b3a1","CLBJ_042.basePlot.vst","2016-11-14","vst_CLBJ_2016","D11","CLBJ","CLBJ_042",,"NEON.PLA.D11.CLBJ.01815","ok","small tree","Live",1.2,130,1.2,,,,,,,,1.0,10,,,,"jrpOJzTntmXy0Hq0KXCTNE1a7gqPknkI","s0qfufVOE4SuSKa3K+0eH9/2W3pqTiur","legacyData"
"ce64f668-3162-42fd-b21b-96f73c1ab41d","CLBJ_042.basePlot.vst","2016-11-14","vst_CLBJ_2016","D11","CLBJ","CLBJ_042",,"NEON.PLA.D11.CLBJ.01811","ok","sapling","Live",,,10.0,,,,,,,,1.5,10,,,,"jrpOJzTntmXy0Hq0KXCTNE1a7gqPknkI","s0qfufVOE4SuSKa3K+0eH9/2W3pqTiur","legacyData"
"b911cdf3-8310-4cf5-b7d9-8533590b10f9","CLBJ_042.basePlot.vst","2016-11-14","vst_CLBJ_2016","D11","CLBJ","CLBJ_042",,"NEON.PLA.D11.CLBJ.01826","ok","multi-bole tree","Live",23.3,130,7.6,,,,10.4,7.3,"Full shade",,,,,,,"jrpOJzTntmXy0Hq0KXCTNE1a7gqPknkI","s0qfufVOE4SuSKa3K+0eH9/2W3pqTiur","legacyData"
"4278339e-c396-4118-9446-23f8a5b1bfb2","CLBJ_042.basePlot.vst","2016-11-14","vst_CLBJ_2016","D11","CLBJ","CLBJ_042",,"NEON.PLA.D11.CLBJ.01826C","ok","multi-bole tree","Live",13.3,130,,,,,,,,,,,,,,"jrpOJzTntmXy0Hq0KXCTNE1a7gqPknkI","s0qfufVOE4SuSKa3K+0eH9/2W3pqTiur","legacyData"
"130fbf59-8a3a-418b-a2be-49eb9d2dc957","CLBJ_042.basePlot.vst","2016-11-14","vst_CLBJ_2016","D11","CLBJ","CLBJ_042",,"NEON.PLA.D11.CLBJ.01853","ok","small tree","Live",9.3,130,4.6,,,,,,,,,,,,,"jrpOJzTntmXy0Hq0KXCTNE1a7gqPknkI","s0qfufVOE4SuSKa3K+0eH9/2W3pqTiur","legacyData"
"5b894885-79a2-45e7-a2e2-cc8850a322bb","CLBJ_042.basePlot.vst","2016-11-14","vst_CLBJ_2016","D11","CLBJ","CLBJ_042",,"NEON.PLA.D11.CLBJ.01814","ok","small tree","Live",1.6,130,2.0,,,,,,,,,,,,,"jrpOJzTntmXy0Hq0KXCTNE1a7gqPknkI","s0qfufVOE4SuSKa3K+0eH9/2W3pqTiur","legacyData"
"e207607d-0b64-49cb-ba0a-40c5c1ad4e7d","CLBJ_042.basePlot.vst","2016-11-14","vst_CLBJ_2016","D11","CLBJ","CLBJ_042",,"NEON.PLA.D11.CLBJ.01841A","ok","multi-bole tree","Dead, broken bole",20.4,130,,,3.8,17.0,,,,,,,,,,"jrpOJzTntmXy0Hq0KXCTNE1a7gqPknkI","s0qfufVOE4SuSKa3K+0eH9/2W3pqTiur","legacyData"
"7fbc4377-3906-4eeb-aa46-8b05d0b1442a","CLBJ_042.basePlot.vst","2016-11-14","vst_CLBJ_2016","D11","CLBJ","CLBJ_042",,"NEON.PLA.D11.CLBJ.01838","ok","single bole tree","Live",20.2,130,8.2,,,,5.4,5.1,"Mostly shaded",,,,,,,"jrpOJzTntmXy0Hq0KXCTNE1a7gqPknkI","s0qfufVOE4SuSKa3K+0eH9/2W3pqTiur","legacyData"
"d9af319b-0e98-4d56-a578-5631134d00ec","CLBJ_042.basePlot.vst","2016-11-14","vst_CLBJ_2016","D11","CLBJ","CLBJ_042",,"NEON.PLA.D11.CLBJ.01850","ok","single bole tree","Live",45.0,130,11.0,,,,11.4,9.4,"Partially shaded",,,,,,,"jrpOJzTntmXy0Hq0KXCTNE1a7gqPknkI","s0qfufVOE4SuSKa3K+0eH9/2W3pqTiur","legacyData"
"07159501-5aee-45c6-9796-4050499eecc8","CLBJ_042.basePlot.vst","2016-11-14","vst_CLBJ_2016","D11","CLBJ","CLBJ_042",,"NEON.PLA.D11.CLBJ.01809","ok","single shrub","Live",3.6,130,3.7,0.8,,,2.8,2.1,,"ellipsoid or sphere",5.0,10,,,,"jrpOJzTntmXy0Hq0KXCTNE1a7gqPknkI","s0qfufVOE4SuSKa3K+0eH9/2W3pqTiur","legacyData"
"3b4199b3-5fde-4070-998d-a7c65cdd5a22","CLBJ_042.basePlot.vst","2016-11-14","vst_CLBJ_2016","D11","CLBJ","CLBJ_042",,"NEON.PLA.D11.CLBJ.01849","ok","single bole tree","Live",29.6,130,9.4,,,,9.4,6.3,"Full shade",,,,,,,"jrpOJzTntmXy0Hq0KXCTNE1a7gqPknkI","s0qfufVOE4SuSKa3K+0eH9/2W3pqTiur","legacyData"
"d552670e-0e64-46ce-815d-4e18e0e38241","CLBJ_042.basePlot.vst","2016-11-14","vst_CLBJ_2016","D11","CLBJ","CLBJ_042",,"NEON.PLA.D11.CLBJ.01832","ok","single bole tree","Live",26.5,130,10.1,,,,10.3,6.4,"Full shade",,,,,,,"jrpOJzTntmXy0Hq0KXCTNE1a7gqPknkI","s0qfufVOE4SuSKa3K+0eH9/2W3pqTiur","legacyData"
"fd1bc226-bb94-4151-90f6-c3b1e6994391","CLBJ_042.basePlot.vst","2016-11-14","vst_CLBJ_2016","D11","CLBJ","CLBJ_042",,"NEON.PLA.D11.CLBJ.01836","ok","single bole tree","Live",21.0,130,8.5,,,,7.3,5.0,"Mostly shaded",,,,,,,"jrpOJzTntmXy0Hq0KXCTNE1a7gqPknkI","s0qfufVOE4SuSKa3K+0eH9/2W3pqTiur","legacyData"
"efa18fab-b70c-4039-a17c-3485d21eb40f","CLBJ_042.basePlot.vst","2016-11-14","vst_CLBJ_2016","D11","CLBJ","CLBJ_042",,"NEON.PLA.D11.CLBJ.01839","ok","single bole tree","Live",16.2,130,7.7,,,,5.8,3.5,"Mostly shaded",,,,,,,"jrpOJzTntmXy0Hq0KXCTNE1a7gqPknkI","s0qfufVOE4SuSKa3K+0eH9/2W3pqTiur","legacyData"
"c257b28a-a4cd-44b7-a309-720335308853","CLBJ_042.basePlot.vst","2016-11-14","vst_CLBJ_2016","D11","CLBJ","CLBJ_042",,"NEON.PLA.D11.CLBJ.01833","ok","multi-bole tree","Live",28.0,130,9.9,,,,8.7,6.7,"Full shade",,,,,,,"jrpOJzTntmXy0Hq0KXCTNE1a7gqPknkI","s0qfufVOE4SuSKa3K+0eH9/2W3pqTiur","legacyData"
"1c056e1f-6ab1-4fd0-90e8-a0b9f0bca2cf","CLBJ_042.basePlot.vst","2016-11-14","vst_CLBJ_2016","D11","CLBJ","CLBJ_042",,"NEON.PLA.D11.CLBJ.01841","ok","multi-bole tree","Live",22.5,130,9.0,,,,5.4,5.0,"Mostly shaded",,,,,,,"jrpOJzTntmXy0Hq0KXCTNE1a7gqPknkI","s0qfufVOE4SuSKa3K+0eH9/2W3pqTiur","legacyData"
"5e6d5aba-0431-4020-9733-81f6a918d4f7","CLBJ_042.basePlot.vst","2016-11-14","vst_CLBJ_2016","D11","CLBJ","CLBJ_042",,"NEON.PLA.D11.CLBJ.02255","ok","sapling","Live",,,0.9,,,,,,,,1.7,10,,,,"jrpOJzTntmXy0Hq0KXCTNE1a7gqPknkI","s0qfufVOE4SuSKa3K+0eH9/2W3pqTiur","legacyData"
"c6679b98-91b1-4a91-9cf9-97ba04c9a030","CLBJ_042.basePlot.vst","2016-11-14","vst_CLBJ_2016","D11","CLBJ","CLBJ_042",,"NEON.PLA.D11.CLBJ.01808","ok","single bole tree","Live",10.1,130,6.4,,,,5.4,5.0,"Full shade",,,,,,,"jrpOJzTntmXy0Hq0KXCTNE1a7gqPknkI","s0qfufVOE4SuSKa3K+0eH9/2W3pqTiur","legacyData"
"5f3113be-9884-4d8c-9379-2c1da020fab9","CLBJ_042.basePlot.vst","2016-11-14","vst_CLBJ_2016","D11","CLBJ","CLBJ_042",,"NEON.PLA.D11.CLBJ.02252","ok","small tree","Live",2.4,130,3.2,,,,,,,,,,,,,"jrpOJzTntmXy0Hq0KXCTNE1a7gqPknkI","s0qfufVOE4SuSKa3K+0eH9/2W3pqTiur","legacyData"
"73c7074b-8f00-4987-be30-bf44ff075330","CLBJ_042.basePlot.vst","2016-11-14","vst_CLBJ_2016","D11","CLBJ","CLBJ_042",,"NEON.PLA.D11.CLBJ.01804","ok","small shrub","Live",,,2.0,0.7,,,1.6,1.5,,"ellipsoid or sphere",2.2,10,,,,"jrpOJzTntmXy0Hq0KXCTNE1a7gqPknkI","s0qfufVOE4SuSKa3K+0eH9/2W3pqTiur","legacyData"
"ca72acac-dc3c-40ef-9b6b-c8e55e31dffb","CLBJ_042.basePlot.vst","2016-11-14","vst_CLBJ_2016","D11","CLBJ","CLBJ_042",,"NEON.PLA.D11.CLBJ.02253","ok","single shrub","Live",1.7,130,2.5,0.7,,,2.4,2.3,,"ellipsoid or sphere",2.8,10,,,,"jrpOJzTntmXy0Hq0KXCTNE1a7gqPknkI","s0qfufVOE4SuSKa3K+0eH9/2W3pqTiur","legacyData"
"1c987faf-cdd0-41dd-84ab-d444c6274de4","CLBJ_042.basePlot.vst","2016-11-14","vst_CLBJ_2016","D11","CLBJ","CLBJ_042",,"NEON.PLA.D11.CLBJ.01818","ok","sapling","Live",,,0.4,,,,,,,,1.2,10,,,,"jrpOJzTntmXy0Hq0KXCTNE1a7gqPknkI","s0qfufVOE4SuSKa3K+0eH9/2W3pqTiur","legacyData"
"cc8b5a9b-ca81-4a09-8c78-fd12cfaf7e81","CLBJ_042.basePlot.vst","2016-11-14","vst_CLBJ_2016","D11","CLBJ","CLBJ_042",,"NEON.PLA.D11.CLBJ.01813","ok","small tree","Live",6.5,130,5.2,,,,,,,,,,,,,"jrpOJzTntmXy0Hq0KXCTNE1a7gqPknkI","s0qfufVOE4SuSKa3K+0eH9/2W3pqTiur","legacyData"
"27b85305-3d7a-45e0-96f1-528ebf237792","CLBJ_042.basePlot.vst","2016-11-14","vst_CLBJ_2016","D11","CLBJ","CLBJ_042",,"NEON.PLA.D11.CLBJ.02254","ok","single shrub","Live",2.7,130,3.7,0.0,,,2.5,2.2,,"ellipsoid or sphere",4.8,10,,,,"jrpOJzTntmXy0Hq0KXCTNE1a7gqPknkI","s0qfufVOE4SuSKa3K+0eH9/2W3pqTiur","legacyData"
"72df237c-99c3-45f8-a296-e3fe1071e045","CLBJ_042.basePlot.vst","2016-11-14","vst_CLBJ_2016","D11","CLBJ","CLBJ_042",,"NEON.PLA.D11.CLBJ.01825","ok","sapling","Live",,,0.8,,,,,,,,1.3,10,,,,"jrpOJzTntmXy0Hq0KXCTNE1a7gqPknkI","s0qfufVOE4SuSKa3K+0eH9/2W3pqTiur","legacyData"
"8695b286-db0a-4b5f-9901-db29b4a50562","CLBJ_042.basePlot.vst","2016-11-14","vst_CLBJ_2016","D11","CLBJ","CLBJ_042",,"NEON.PLA.D11.CLBJ.01812","ok","sapling","Live",,,0.6,,,,,,,,1.3,10,,,,"jrpOJzTntmXy0Hq0KXCTNE1a7gqPknkI","s0qfufVOE4SuSKa3K+0eH9/2W3pqTiur","legacyData"
"00b1b6ba-0dcf-45ab-a115-fa8f262f791a","CLBJ_042.basePlot.vst","2016-11-14","vst_CLBJ_2016","D11","CLBJ","CLBJ_042",,"NEON.PLA.D11.CLBJ.02102","ok","single bole tree","Live, broken bole",22.8,130,2.7,,1.5,21.0,0.8,0.1,,,,,,,,"jrpOJzTntmXy0Hq0KXCTNE1a7gqPknkI","s0qfufVOE4SuSKa3K+0eH9/2W3pqTiur","legacyData"
"8cf4006f-a154-4778-bd27-26731b394872","CLBJ_042.basePlot.vst","2016-11-14","vst_CLBJ_2016","D11","CLBJ","CLBJ_042",,"NEON.PLA.D11.CLBJ.01807","ok","single shrub","Live",3.7,130,3.0,1.4,,,3.5,2.6,,"ellipsoid or sphere",5.5,10,,,,"jrpOJzTntmXy0Hq0KXCTNE1a7gqPknkI","s0qfufVOE4SuSKa3K+0eH9/2W3pqTiur","legacyData"
"6ae28e2d-1b4e-4cc5-8138-4174bf704e29","CLBJ_042.basePlot.vst","2016-11-14","vst_CLBJ_2016","D11","CLBJ","CLBJ_042",,"NEON.PLA.D11.CLBJ.01821","ok","sapling","Live",,,1.6,,,,,,,,1.3,10,,,,"jrpOJzTntmXy0Hq0KXCTNE1a7gqPknkI","s0qfufVOE4SuSKa3K+0eH9/2W3pqTiur","legacyData"
"e8ed4ed0-d932-4456-a55b-0f63c5cb84be","CLBJ_042.basePlot.vst","2016-11-14","vst_CLBJ_2016","D11","CLBJ","CLBJ_042",,"NEON.PLA.D11.CLBJ.01817","ok","sapling","Live",,,0.8,,,,,,,,1.2,10,,,,"jrpOJzTntmXy0Hq0KXCTNE1a7gqPknkI","s0qfufVOE4SuSKa3K+0eH9/2W3pqTiur","legacyData"
"bb67d6bc-9baa-48c0-8161-2e223a6e79ff","CLBJ_042.basePlot.vst","2016-11-14","vst_CLBJ_2016","D11","CLBJ","CLBJ_042",,"NEON.PLA.D11.CLBJ.01810","ok","small tree","Live",6.8,130,4.7,,,,,,,,,,,,,"jrpOJzTntmXy0Hq0KXCTNE1a7gqPknkI","s0qfufVOE4SuSKa3K+0eH9/2W3pqTiur","legacyData"
"e227c573-a42d-4114-9ccb-01dc7fa817e5","CLBJ_042.basePlot.vst","2016-11-14","vst_CLBJ_2016","D11","CLBJ","CLBJ_042",,"NEON.PLA.D11.CLBJ.01823","ok","small tree","Live, broken bole",1.8,130,0.8,,,,,,,,,,,,"Bent over and broken","jrpOJzTntmXy0Hq0KXCTNE1a7gqPknkI","s0qfufVOE4SuSKa3K+0eH9/2W3pqTiur","legacyData"
"8c191022-8a39-463b-add2-d02311e55fd8","CLBJ_042.basePlot.vst","2016-11-14","vst_CLBJ_2016","D11","CLBJ","CLBJ_042",,"NEON.PLA.D11.CLBJ.01816","ok","sapling","Live",,,1.5,,,,,,,,1.1,10,,,,"jrpOJzTntmXy0Hq0KXCTNE1a7gqPknkI","s0qfufVOE4SuSKa3K+0eH9/2W3pqTiur","legacyData"
"0a623b36-627f-41bf-9d95-593e415ffa7f","CLBJ_042.basePlot.vst","2016-11-14","vst_CLBJ_2016","D11","CLBJ","CLBJ_042",,"NEON.PLA.D11.CLBJ.01834","ok","single bole tree","Live",28.0,130,9.8,,,,8.3,6.1,"Full shade",,,,,,,"jrpOJzTntmXy0Hq0KXCTNE1a7gqPknkI","s0qfufVOE4SuSKa3K+0eH9/2W3pqTiur","legacyData"
"9f53d6de-91d2-40a8-9cba-cb43d02e10c0","CLBJ_042.basePlot.vst","2016-11-14","vst_CLBJ_2016","D11","CLBJ","CLBJ_042",,"NEON.PLA.D11.CLBJ.01835","ok","small tree","Live",9.5,130,6.0,,,,,,,,,,,,,"jrpOJzTntmXy0Hq0KXCTNE1a7gqPknkI","s0qfufVOE4SuSKa3K+0eH9/2W3pqTiur","legacyData"
"5bb52750-e8a0-46cd-bc63-7ec6bc574124","CLBJ_042.basePlot.vst","2016-11-14","vst_CLBJ_2016","D11","CLBJ","CLBJ_042",,"NEON.PLA.D11.CLBJ.01840","ok","single bole tree","Live",18.8,130,7.6,,,,6.3,5.6,"Partially shaded",,,,,,,"jrpOJzTntmXy0Hq0KXCTNE1a7gqPknkI","s0qfufVOE4SuSKa3K+0eH9/2W3pqTiur","legacyData"
"957ab390-c52d-4b6b-a2f3-0f4475516a89","CLBJ_042.basePlot.vst","2016-11-14","vst_CLBJ_2016","D11","CLBJ","CLBJ_042",,"NEON.PLA.D11.CLBJ.01829","ok","single bole tree","Live",19.3,130,8.0,,,,5.4,5.0,"Full shade",,,,,,,"jrpOJzTntmXy0Hq0KXCTNE1a7gqPknkI","s0qfufVOE4SuSKa3K+0eH9/2W3pqTiur","legacyData"
"a08ccf47-780f-4279-8705-075b7ba99dbb","CLBJ_042.basePlot.vst","2016-11-14","vst_CLBJ_2016","D11","CLBJ","CLBJ_042",,"NEON.PLA.D11.CLBJ.01819","ok","sapling","Live",,,0.5,,,,,,,,1.1,10,,,,"jrpOJzTntmXy0Hq0KXCTNE1a7gqPknkI","s0qfufVOE4SuSKa3K+0eH9/2W3pqTiur","legacyData"
"cd6fd562-71c9-4813-89a8-122fc854c6d3","CLBJ_042.basePlot.vst","2016-11-14","vst_CLBJ_2016","D11","CLBJ","CLBJ_042",,"NEON.PLA.D11.CLBJ.02256","ok","small tree","Standing dead",4.4,130,1.8,,,,,,,,,,,,"burned","jrpOJzTntmXy0Hq0KXCTNE1a7gqPknkI","s0qfufVOE4SuSKa3K+0eH9/2W3pqTiur","legacyData"
"53413eb0-5b40-4013-ab7c-7f233ccffd33","CLBJ_042.basePlot.vst","2016-11-14","vst_CLBJ_2016","D11","CLBJ","CLBJ_042",,"NEON.PLA.D11.CLBJ.01828","ok","single bole tree","Live",33.4,130,12.5,,,,10.4,8.9,"Mostly shaded",,,,,,,"jrpOJzTntmXy0Hq0KXCTNE1a7gqPknkI","s0qfufVOE4SuSKa3K+0eH9/2W3pqTiur","legacyData"
"edcac490-1da4-4c53-aa7e-4ab48e1c9b73","CLBJ_042.basePlot.vst","2016-11-14","vst_CLBJ_2016","D11","CLBJ","CLBJ_042",,"NEON.PLA.D11.CLBJ.02250","ok","small tree","Live",5.0,130,2.8,,,,,,,,,,,,,"jrpOJzTntmXy0Hq0KXCTNE1a7gqPknkI","s0qfufVOE4SuSKa3K+0eH9/2W3pqTiur","legacyData"
"c5f1cdda-1561-4db5-899d-7d6d79233acc","CLBJ_042.basePlot.vst","2016-11-14","vst_CLBJ_2016","D11","CLBJ","CLBJ_042",,"NEON.PLA.D11.CLBJ.01820","ok","sapling","Live",,,0.4,,,,,,,,1.2,10,,,,"jrpOJzTntmXy0Hq0KXCTNE1a7gqPknkI","s0qfufVOE4SuSKa3K+0eH9/2W3pqTiur","legacyData"
"117c13fb-0560-4707-8855-e3ff7a05b1ea","CLBJ_042.basePlot.vst","2016-11-14","vst_CLBJ_2016","D11","CLBJ","CLBJ_042",,"NEON.PLA.D11.CLBJ.01833A","ok","multi-bole tree","Live, broken bole",26.8,130,9.9,,2.6,14.0,8.7,6.7,"Full shade",,,,,,,"jrpOJzTntmXy0Hq0KXCTNE1a7gqPknkI","s0qfufVOE4SuSKa3K+0eH9/2W3pqTiur","legacyData"
"970089e6-0cda-40dd-814a-0355650bae12","CLBJ_042.basePlot.vst","2016-11-14","vst_CLBJ_2016","D11","CLBJ","CLBJ_042",,"NEON.PLA.D11.CLBJ.01805","ok","small tree","Live",7.3,130,5.1,,,,,,,,,,,,,"jrpOJzTntmXy0Hq0KXCTNE1a7gqPknkI","s0qfufVOE4SuSKa3K+0eH9/2W3pqTiur","legacyData"
"6728a81e-84d1-4ba3-8582-6b1e6d5fc617","CLBJ_042.basePlot.vst","2016-11-14","vst_CLBJ_2016","D11","CLBJ","CLBJ_042",,"NEON.PLA.D11.CLBJ.02251","ok","single shrub","Live",2.1,130,3.0,0.0,,,2.7,1.8,,"ellipsoid or sphere",4.0,10,,,,"jrpOJzTntmXy0Hq0KXCTNE1a7gqPknkI","s0qfufVOE4SuSKa3K+0eH9/2W3pqTiur","legacyData"
