uid,namedLocation,date,domainID,siteID,plotID,plotType,nlcdClass,decimalLatitude,decimalLongitude,geodeticDatum,coordinateUncertainty,easting,northing,utmZone,elevation,elevationUncertainty,eventID,samplingProtocolVersion,treesPresent,treesAbsentList,shrubsPresent,shrubsAbsentList,lianasPresent,lianasAbsentList,nestedSubplotAreaShrubSapling,nestedSubplotAreaLiana,totalSampledAreaTrees,totalSampledAreaShrubSapling,totalSampledAreaLiana,remarks,measuredBy,recordedBy,dataQF
"8e450ba9-6e06-4de7-9008-6745678fe17a","SJER_062.basePlot.vst","2016-04-17","D17","SJER","SJER_062","tower","evergreenForest",37.112487,-119.734629,"WGS84",20.1,257017.06,4110851.32,"11N",406.9,0.1,"vst_SJER_2016","NEON.DOC.000987vD",,,,,,,"noneSelected","noneSelected",800,800,800,"no qualifying woody stems",,"kTmoXw+1QjTAe/87Nrd2rFGyDR4JHaop","legacyData"
"1adc9873-6286-4cc1-8527-c9d96c0c48f3","SJER_062.basePlot.vst","2016-04-17","D17","SJER","SJER_062","tower","evergreenForest",37.112487,-119.734629,"WGS84",20.1,257017.06,4110851.32,"11N",406.9,0.1,"vst_SJER_2016","NEON.DOC.000987vD",,,,,,,"noneSelected","noneSelected",800,800,800,,,"kTmoXw+1QjTAe/87Nrd2rFGyDR4JHaop","legacyData"
"ddcdc9ac-5c29-49cb-8ce0-dda74ce94b5d","SJER_062.basePlot.vst","2016-04-17","D17","SJER","SJER_062","tower","evergreenForest",37.112487,-119.734629,"WGS84",20.1,257017.06,4110851.32,"11N",406.9,0.1,"vst_SJER_2016","NEON.DOC.000987vD",,,,,,,"noneSelected","noneSelected",800,800,800,"no qualifying woody stems",,"kTmoXw+1QjTAe/87Nrd2rFGyDR4JHaop","legacyData"
"f4a0f3df-095f-477b-b460-27099f50b031","SJER_062.basePlot.vst","2016-04-17","D17","SJER","SJER_062","tower","evergreenForest",37.112487,-119.734629,"WGS84",20.1,257017.06,4110851.32,"11N",406.9,0.1,"vst_SJER_2016","NEON.DOC.000987vD",,,,,,,"noneSelected","noneSelected",800,800,800,,,"kTmoXw+1QjTAe/87Nrd2rFGyDR4JHaop","legacyData"
