uid,namedLocation,date,domainID,siteID,plotID,plotType,nlcdClass,decimalLatitude,decimalLongitude,geodeticDatum,coordinateUncertainty,easting,northing,utmZone,elevation,elevationUncertainty,eventID,samplingProtocolVersion,treesPresent,treesAbsentList,shrubsPresent,shrubsAbsentList,lianasPresent,lianasAbsentList,nestedSubplotAreaShrubSapling,nestedSubplotAreaLiana,totalSampledAreaTrees,totalSampledAreaShrubSapling,totalSampledAreaLiana,remarks,measuredBy,recordedBy,dataQF
"489eb002-80de-4b56-b95d-bcd4eff3a319","BONA_088.basePlot.vst","2016-09-12","D19","BONA","BONA_088","tower","mixedForest",65.157411,-147.505953,"WGS84",20.1,476281.64,7226092.95,"6N",276.6,0.2,"vst_BONA_2016","NEON.DOC.000987vD",,,,,,,"25","noneSelected",800,100,800,,,"coznLteBYyAkyMa4lGIJnoDhnFdnpkUYMn9BYPVaZow=","legacyData"
"993a8c9e-3adc-4846-b935-108e75bbb91d","BONA_089.basePlot.vst","2016-09-12","D19","BONA","BONA_089","tower","deciduousForest",65.155777,-147.511080,"WGS84",20.2,476039.82,7225912.78,"6N",266.4,0.2,"vst_BONA_2016","NEON.DOC.000987vD",,,,,,,"25","noneSelected",800,100,800,,,"IpFAbfDBgacaNA5nRzoYJQ/IcVdu5TBEvGEOKGMshXA=","legacyData"
"dfbbc57a-8b34-48d3-9da3-8d844b46f5a2","BONA_085.basePlot.vst","2016-09-13","D19","BONA","BONA_085","tower","shrubScrub",65.153907,-147.507156,"WGS84",20.1,476222.11,7225702.89,"6N",233.7,0.1,"vst_BONA_2016","NEON.DOC.000987vD",,,,,,,"10","noneSelected",800,40,800,,,"IpFAbfDBgacaNA5nRzoYJQ/IcVdu5TBEvGEOKGMshXA=","legacyData"
"86a52341-09bf-4c39-9169-53ab6c5bd4b9","BONA_083.basePlot.vst","2016-09-13","D19","BONA","BONA_083","tower","shrubScrub",65.154212,-147.497580,"WGS84",20.1,476671.34,7225733.30,"6N",223.7,0.1,"vst_BONA_2016","NEON.DOC.000987vD",,,,,,,"10","noneSelected",800,40,800,,,"IpFAbfDBgacaNA5nRzoYJQ/IcVdu5TBEvGEOKGMshXA=","legacyData"
"5ebce6e3-5b1e-489d-a2f0-382bd5a71c71","BONA_074.basePlot.vst","2016-09-14","D19","BONA","BONA_074","tower","shrubScrub",65.154223,-147.495004,"WGS84",20.1,476792.12,7225733.58,"6N",222.7,0.1,"vst_BONA_2016","NEON.DOC.000987vD",,,,,,,"10","noneSelected",800,40,800,,,"IpFAbfDBgacaNA5nRzoYJQ/IcVdu5TBEvGEOKGMshXA=","legacyData"
"e1981356-c48e-4a90-a684-17c0e7e41d78","BONA_073.basePlot.vst","2016-09-15","D19","BONA","BONA_073","tower","shrubScrub",65.156626,-147.496989,"WGS84",20.3,476701.16,7226002.12,"6N",230.0,0.2,"vst_BONA_2016","NEON.DOC.000987vD",,,,,,,"25","noneSelected",800,100,800,,,"IpFAbfDBgacaNA5nRzoYJQ/IcVdu5TBEvGEOKGMshXA=","legacyData"
"fec457f2-fbc2-4880-a90b-bf2a6a235278","BONA_077.basePlot.vst","2016-09-15","D19","BONA","BONA_077","tower","shrubScrub",65.155280,-147.496312,"WGS84",20.1,476731.72,7225851.86,"6N",227.0,0.1,"vst_BONA_2016","NEON.DOC.000987vD",,,,,,,"10","noneSelected",800,40,800,,,"IpFAbfDBgacaNA5nRzoYJQ/IcVdu5TBEvGEOKGMshXA=","legacyData"
"cc8e3e53-d5c9-4d7c-986c-e30b86c70f9e","BONA_081.basePlot.vst","2016-09-15","D19","BONA","BONA_081","tower","shrubScrub",65.155830,-147.498856,"WGS84",20.1,476612.94,7225914.10,"6N",229.5,0.1,"vst_BONA_2016","NEON.DOC.000987vD",,,,,,,"10","noneSelected",800,40,800,,,"IpFAbfDBgacaNA5nRzoYJQ/IcVdu5TBEvGEOKGMshXA=","legacyData"
