uid,namedLocation,domainID,siteID,plotID,plotType,nlcdClass,decimalLatitude,decimalLongitude,geodeticDatum,coordinateUncertainty,elevation,elevationUncertainty,collectDate,eventID,sampleID,sampleCode,samplingMethod,totalSampledArea,targetTaxaPresent,adultCount,nymphCount,larvaCount,sampleCondition,samplingProtocolVersion,measuredBy,remarks
"40bd8d4e-19ad-470b-aed8-c5f6404f1565","CPER_002.tickPlot.tck","D10","CPER","CPER_002","distributed","grasslandHerbaceous",40.811446,-104.727626,"WGS84",20.1,1645.8,0.1,"2017-07-31T15:45Z","CPER.2017.32",,,"drag",160,"N",0,0,0,,"NEON.DOC.014045vH","M7EpIfYzzITs8Y5PIRNBZjG1wPJDljoZp5tr4GwKmKc=",
"2e92f8b7-0b25-4282-850a-9517b72bdbf4","CPER_004.tickPlot.tck","D10","CPER","CPER_004","distributed","grasslandHerbaceous",40.814104,-104.696817,"WGS84",20.1,1617.2,0.1,"2017-07-31T16:26Z","CPER.2017.32",,,"drag",160,"N",0,0,0,,"NEON.DOC.014045vH","ZNTyYrsluxj6lXPn+dxpRdxyAWoDuHmb6T1HHVr1etA=",
"e6440fb4-6e33-4f42-8585-30979361396b","CPER_003.tickPlot.tck","D10","CPER","CPER_003","distributed","grasslandHerbaceous",40.819808,-104.707147,"WGS84",20.1,1625.7,0.1,"2017-07-31T17:13Z","CPER.2017.32",,,"drag",161,"N",0,0,0,,"NEON.DOC.014045vH","M7EpIfYzzITs8Y5PIRNBZjG1wPJDljoZp5tr4GwKmKc=",
"b5e80209-e6b0-4077-a97f-4136dc81192b","CPER_005.tickPlot.tck","D10","CPER","CPER_005","distributed","grasslandHerbaceous",40.852571,-104.726331,"WGS84",20.1,1662.6,0.1,"2017-07-31T18:01Z","CPER.2017.32",,,"drag",163,"N",0,0,0,,"NEON.DOC.014045vH","Q5hcd4Q48GrAoUQ0/qDwQkYbhuNhV3uoxgYwTcxCMHw=",
"f9c0cb43-bb36-4ba9-82f0-20f4154ad3e7","CPER_001.tickPlot.tck","D10","CPER","CPER_001","distributed","grasslandHerbaceous",40.851012,-104.701302,"WGS84",20.1,1639.1,0.1,"2017-07-31T18:46Z","CPER.2017.32",,,"drag",160,"N",0,0,0,,"NEON.DOC.014045vH","ZNTyYrsluxj6lXPn+dxpRdxyAWoDuHmb6T1HHVr1etA=",
"6197d299-03ef-4aed-aa29-7d13887ca177","CPER_007.tickPlot.tck","D10","CPER","CPER_007","distributed","grasslandHerbaceous",40.860878,-104.684952,"WGS84",20.1,1646.7,0.1,"2017-07-31T19:26Z","CPER.2017.32",,,"drag",160,"N",0,0,0,,"NEON.DOC.014045vH","M7EpIfYzzITs8Y5PIRNBZjG1wPJDljoZp5tr4GwKmKc=",
