uid,namedLocation,domainID,siteID,plotID,plotType,nlcdClass,decimalLatitude,decimalLongitude,geodeticDatum,coordinateUncertainty,elevation,elevationUncertainty,collectDate,eventID,sampleID,sampleCode,samplingMethod,totalSampledArea,targetTaxaPresent,adultCount,nymphCount,larvaCount,sampleCondition,samplingProtocolVersion,measuredBy,remarks
"672d8c81-ebef-4ef5-841a-854fcdd1b7c5","TALL_008.tickPlot.tck","D08","TALL","TALL_008","distributed","deciduousForest",32.922874,-87.434097,"WGS84",20.2,127.5,0.2,"2017-09-21T14:19Z","TALL.2017.39","TALL_008.20170921",,"drag and flag",160,"Y",0,8,324,"No known compromise","NEON.DOC.014045vH","KKNuFX5dge7mCdak4zDwt3YSZKmfGLU1bCRmDnOYr9Q=",
"0c19f477-4a1f-4b8d-b3e0-700c3808d1e1","TALL_006.tickPlot.tck","D08","TALL","TALL_006","distributed","evergreenForest",32.899144,-87.444571,"WGS84",20.3,108.6,0.3,"2017-09-21T14:20Z","TALL.2017.39",,,"drag",160,"N",0,0,0,,"NEON.DOC.014045vH","tZXjR/3x7TOk9BDyEWab6q4jll3I6RWtXApcX4/hobo=",
"c8e9532d-3306-4e94-b991-143dd8bfbdb1","TALL_002.tickPlot.tck","D08","TALL","TALL_002","distributed","mixedForest",32.920823,-87.428955,"WGS84",20.3,104.0,0.4,"2017-09-21T15:14Z","TALL.2017.39","TALL_002.20170921",,"drag and flag",160,"Y",0,32,5,"No known compromise","NEON.DOC.014045vH","KKNuFX5dge7mCdak4zDwt3YSZKmfGLU1bCRmDnOYr9Q=",
"ffddc4d3-aaa0-4b15-bed5-60d950347dc6","TALL_001.tickPlot.tck","D08","TALL","TALL_001","distributed","deciduousForest",32.976370,-87.432184,"WGS84",20.2,114.6,0.1,"2017-09-21T15:55Z","TALL.2017.39","TALL_001.20170921",,"drag",160,"Y",0,5,0,"No known compromise","NEON.DOC.014045vH","yIE0BehrAzU+GvY23xj6a6hQom7g/sMMQWQ+CkJ2hGs=",
"6103b247-dacf-4fc9-a256-22acf72b45a0","TALL_003.tickPlot.tck","D08","TALL","TALL_003","distributed","mixedForest",32.894415,-87.416532,"WGS84",20.2,121.9,0.2,"2017-09-21T16:35Z","TALL.2017.39","TALL_003.20170921",,"drag and flag",160,"Y",0,0,5,"No known compromise","NEON.DOC.014045vH","KKNuFX5dge7mCdak4zDwt3YSZKmfGLU1bCRmDnOYr9Q=",
"7003f8c3-bd51-469d-8d3c-b60685850143","TALL_016.tickPlot.tck","D08","TALL","TALL_016","distributed","evergreenForest",32.971553,-87.415845,"WGS84",20.1,138.9,0.1,"2017-09-21T17:06Z","TALL.2017.39",,,"drag",160,"N",0,0,0,,"NEON.DOC.014045vH","yIE0BehrAzU+GvY23xj6a6hQom7g/sMMQWQ+CkJ2hGs=",
