uid,namedLocation,plotID,collectDate,identifiedDate,sampleID,subsampleID,scientificName,acceptedTaxonID,taxonRank,family,subfamily,tribe,subtribe,genus,subgenus,specificEpithet,infraspecificEpithet,identificationQualifier,identificationReferences,identificationProtocolVersion,scientificNameAuthorship,sexOrAge,individualCount,sampleCondition,archiveMedium,archiveFacilityID,deprecatedVialID,identifiedBy,laboratoryName,remarks
"4694beea-fbdf-42e5-8137-cf39a2cd80c3","TALL_008.tickPlot.tck","TALL_008","2017-09-21T14:19Z","2017-12-14T17:00Z","TALL_008.20170921","TALL_008.20170921.AMBAME.N","Amblyomma americanum","AMBAME","species","Ixodidae",,,,"Amblyomma",,"americanum",,,"Cooley, R. A. and G. M. Kohls. 1944. The genus Amblyomma (ixodidae) in the United States. The Journal of Parasitology, 30(2):77-111.","GSU_tickIdentification_SOP_2016-11-01.pdf","Linnaeus","Nymph",8,"OK","90% ethanol","USNMENT01358910","TALL_008.20170921.AMBAME.N","Lorenza Beati","Georgia Southern University",
"de3392a1-6327-44d3-a08d-1078998818a3","TALL_008.tickPlot.tck","TALL_008","2017-09-21T14:19Z","2017-10-30T16:00Z","TALL_008.20170921","TALL_008.20170921.IXOSP.L","Ixodidae sp.","IXOSP","family","Ixodidae",,,,,,"sp.",,,,"GSU_tickIdentification_SOP_2016-11-01.pdf",,"Larva",1,"OK","90% ethanol","USNMENT01358909","TALL_008.20170921.L","Guy Hobbs","Georgia Southern University",
"495715b2-0d9e-45ba-a01b-8dcb0982612d","TALL_002.tickPlot.tck","TALL_002","2017-09-21T15:14Z","2017-10-30T16:00Z","TALL_002.20170921","TALL_002.20170921.IXOSP.L","Ixodidae sp.","IXOSP","family","Ixodidae",,,,,,"sp.",,,,"GSU_tickIdentification_SOP_2016-11-01.pdf",,"Larva",1,"OK","90% ethanol","USNMENT01358906","TALL_002.20170921.L","Guy Hobbs","Georgia Southern University",
"373b858f-1932-4c40-af5d-45df02fd936f","TALL_002.tickPlot.tck","TALL_002","2017-09-21T15:14Z","2017-12-14T17:00Z","TALL_002.20170921","TALL_002.20170921.AMBAME.N","Amblyomma americanum","AMBAME","species","Ixodidae",,,,"Amblyomma",,"americanum",,,"Cooley, R. A. and G. M. Kohls. 1944. The genus Amblyomma (ixodidae) in the United States. The Journal of Parasitology, 30(2):77-111.","GSU_tickIdentification_SOP_2016-11-01.pdf","Linnaeus","Nymph",31,"OK","90% ethanol","USNMENT01358907","TALL_002.20170921.AMBAME.N","Lorenza Beati","Georgia Southern University",
"72332cb6-5a94-41c2-afb4-3d3a612f7f46","TALL_001.tickPlot.tck","TALL_001","2017-09-21T15:55Z","2017-12-14T17:00Z","TALL_001.20170921","TALL_001.20170921.AMBAME.N","Amblyomma americanum","AMBAME","species","Ixodidae",,,,"Amblyomma",,"americanum",,,"Cooley, R. A. and G. M. Kohls. 1944. The genus Amblyomma (ixodidae) in the United States. The Journal of Parasitology, 30(2):77-111.","GSU_tickIdentification_SOP_2016-11-01.pdf","Linnaeus","Nymph",5,"OK","90% ethanol","USNMENT01358905","TALL_001.20170921.AMBAME.N","Lorenza Beati","Georgia Southern University",
"796d798f-421c-42c4-a66d-4331836e308e","TALL_003.tickPlot.tck","TALL_003","2017-09-21T16:35Z","2017-10-30T16:00Z","TALL_003.20170921","TALL_003.20170921.IXOSP.L","Ixodidae sp.","IXOSP","family","Ixodidae",,,,,,"sp.",,,,"GSU_tickIdentification_SOP_2016-11-01.pdf",,"Larva",1,"OK","90% ethanol","USNMENT01358908","TALL_003.20170921.L","Guy Hobbs","Georgia Southern University",
