uid,namedLocation,plotID,collectDate,identifiedDate,sampleID,subsampleID,scientificName,acceptedTaxonID,taxonRank,family,subfamily,tribe,subtribe,genus,subgenus,specificEpithet,infraspecificEpithet,identificationQualifier,identificationReferences,identificationProtocolVersion,scientificNameAuthorship,sexOrAge,individualCount,sampleCondition,archiveMedium,archiveFacilityID,deprecatedVialID,identifiedBy,laboratoryName,remarks
"749976b7-bf38-4141-a178-3892227a1b55","OAES_007.tickPlot.tck","OAES_007","2018-04-24T15:19Z","2018-08-13T16:00Z","OAES_007.20180424","OAES_007.20180424.DERVAR.F","Dermacentor variabilis","DERVAR","species","Ixodidae",,,,"Dermacentor",,"variabilis",,,"Yunker, C. E., Keirans, J. E., Clifford, C. M., and E. R. Easton. 1986. Dermacentor ticks (Acari: Ixodoidea: Ixodidae) of the New World: a scanning electron microscope atlas. Proceedings of the Entomological Society of Washington, 88(4):609-627.","GSU_tickIdentification_SOP_2016-11-01.pdf","Say","Female",1,"OK","90% ethanol","USNMENT01482011",,"Lorenza Beati","Georgia Southern University",
"c402b711-07e2-4671-96e0-405fb80899f2","OAES_007.tickPlot.tck","OAES_007","2018-04-24T15:19Z","2018-08-13T16:00Z","OAES_007.20180424","OAES_007.20180424.DERVAR.M","Dermacentor variabilis","DERVAR","species","Ixodidae",,,,"Dermacentor",,"variabilis",,,"Yunker, C. E., Keirans, J. E., Clifford, C. M., and E. R. Easton. 1986. Dermacentor ticks (Acari: Ixodoidea: Ixodidae) of the New World: a scanning electron microscope atlas. Proceedings of the Entomological Society of Washington, 88(4):609-627.","GSU_tickIdentification_SOP_2016-11-01.pdf","Say","Male",1,"OK","90% ethanol","USNMENT01482010",,"Lorenza Beati","Georgia Southern University",
"5a2385f9-ed5b-4545-badb-1b4dca387c17","OAES_003.tickPlot.tck","OAES_003","2018-04-24T15:57Z","2018-08-13T16:00Z","OAES_003.20180424","OAES_003.20180424.DERVAR.F","Dermacentor variabilis","DERVAR","species","Ixodidae",,,,"Dermacentor",,"variabilis",,,"Yunker, C. E., Keirans, J. E., Clifford, C. M., and E. R. Easton. 1986. Dermacentor ticks (Acari: Ixodoidea: Ixodidae) of the New World: a scanning electron microscope atlas. Proceedings of the Entomological Society of Washington, 88(4):609-627.","GSU_tickIdentification_SOP_2016-11-01.pdf","Say","Female",2,"OK","90% ethanol","USNMENT01482005",,"Lorenza Beati","Georgia Southern University",
"b6a4406d-c0a2-4aeb-a2a4-be51a037fc93","OAES_021.tickPlot.tck","OAES_021","2018-04-24T16:26Z","2018-08-13T16:00Z","OAES_021.20180424","OAES_021.20180424.DERVAR.M","Dermacentor variabilis","DERVAR","species","Ixodidae",,,,"Dermacentor",,"variabilis",,,"Yunker, C. E., Keirans, J. E., Clifford, C. M., and E. R. Easton. 1986. Dermacentor ticks (Acari: Ixodoidea: Ixodidae) of the New World: a scanning electron microscope atlas. Proceedings of the Entomological Society of Washington, 88(4):609-627.","GSU_tickIdentification_SOP_2016-11-01.pdf","Say","Male",3,"OK","90% ethanol","USNMENT01482000",,"Lorenza Beati","Georgia Southern University",
"ffced44c-c8ba-40e5-b360-07ff4f73d4f8","OAES_021.tickPlot.tck","OAES_021","2018-04-24T16:26Z","2018-08-13T16:00Z","OAES_021.20180424","OAES_021.20180424.DERVAR.F","Dermacentor variabilis","DERVAR","species","Ixodidae",,,,"Dermacentor",,"variabilis",,,"Yunker, C. E., Keirans, J. E., Clifford, C. M., and E. R. Easton. 1986. Dermacentor ticks (Acari: Ixodoidea: Ixodidae) of the New World: a scanning electron microscope atlas. Proceedings of the Entomological Society of Washington, 88(4):609-627.","GSU_tickIdentification_SOP_2016-11-01.pdf","Say","Female",4,"OK","90% ethanol","USNMENT01482001",,"Lorenza Beati","Georgia Southern University",
"f73a6814-85e0-4d45-a7b6-15fcae325cee","OAES_021.tickPlot.tck","OAES_021","2018-04-24T16:26Z","2018-08-13T16:00Z","OAES_021.20180424","OAES_021.20180424.AMBMAC.F","Amblyomma maculatum","AMBMAC","species","Ixodidae",,,,"Amblyomma",,"maculatum",,,"Cooley, R. A. and G. M. Kohls. 1944. The genus Amblyomma (ixodidae) in the United States. The Journal of Parasitology, 30(2):77-111.","GSU_tickIdentification_SOP_2016-11-01.pdf","Koch","Female",1,"OK","90% ethanol","USNMENT01482002",,"Lorenza Beati","Georgia Southern University",
"68a9866d-541c-4415-a033-18ce91bd4456","OAES_004.tickPlot.tck","OAES_004","2018-04-24T17:05Z","2018-08-13T16:00Z","OAES_004.20180424","OAES_004.20180424.DERVAR.M","Dermacentor variabilis","DERVAR","species","Ixodidae",,,,"Dermacentor",,"variabilis",,,"Yunker, C. E., Keirans, J. E., Clifford, C. M., and E. R. Easton. 1986. Dermacentor ticks (Acari: Ixodoidea: Ixodidae) of the New World: a scanning electron microscope atlas. Proceedings of the Entomological Society of Washington, 88(4):609-627.","GSU_tickIdentification_SOP_2016-11-01.pdf","Say","Male",3,"OK","90% ethanol","USNMENT01482006",,"Lorenza Beati","Georgia Southern University",
"6bb6a60a-7a95-4751-a525-442aadac131f","OAES_004.tickPlot.tck","OAES_004","2018-04-24T17:05Z","2018-08-13T16:00Z","OAES_004.20180424","OAES_004.20180424.DERVAR.F","Dermacentor variabilis","DERVAR","species","Ixodidae",,,,"Dermacentor",,"variabilis",,,"Yunker, C. E., Keirans, J. E., Clifford, C. M., and E. R. Easton. 1986. Dermacentor ticks (Acari: Ixodoidea: Ixodidae) of the New World: a scanning electron microscope atlas. Proceedings of the Entomological Society of Washington, 88(4):609-627.","GSU_tickIdentification_SOP_2016-11-01.pdf","Say","Female",2,"OK","90% ethanol","USNMENT01482007",,"Lorenza Beati","Georgia Southern University",
"308206d6-872e-4634-affb-8bbefa30009c","OAES_005.tickPlot.tck","OAES_005","2018-04-24T17:41Z","2018-08-13T16:00Z","OAES_005.20180424","OAES_005.20180424.DERVAR.M","Dermacentor variabilis","DERVAR","species","Ixodidae",,,,"Dermacentor",,"variabilis",,,"Yunker, C. E., Keirans, J. E., Clifford, C. M., and E. R. Easton. 1986. Dermacentor ticks (Acari: Ixodoidea: Ixodidae) of the New World: a scanning electron microscope atlas. Proceedings of the Entomological Society of Washington, 88(4):609-627.","GSU_tickIdentification_SOP_2016-11-01.pdf","Say","Male",1,"OK","90% ethanol","USNMENT01482008",,"Lorenza Beati","Georgia Southern University",
"623095ac-3138-486e-92b7-0265b93efaac","OAES_008.tickPlot.tck","OAES_008","2018-04-24T18:08Z","2018-08-13T16:00Z","OAES_008.20180424","OAES_008.20180424.DERVAR.M","Dermacentor variabilis","DERVAR","species","Ixodidae",,,,"Dermacentor",,"variabilis",,,"Yunker, C. E., Keirans, J. E., Clifford, C. M., and E. R. Easton. 1986. Dermacentor ticks (Acari: Ixodoidea: Ixodidae) of the New World: a scanning electron microscope atlas. Proceedings of the Entomological Society of Washington, 88(4):609-627.","GSU_tickIdentification_SOP_2016-11-01.pdf","Say","Male",6,"OK","90% ethanol","USNMENT01482003",,"Lorenza Beati","Georgia Southern University",
"4ebca607-bc43-41ae-bf2d-7c9cd31e9d94","OAES_008.tickPlot.tck","OAES_008","2018-04-24T18:08Z","2018-08-13T16:00Z","OAES_008.20180424","OAES_008.20180424.DERVAR.F","Dermacentor variabilis","DERVAR","species","Ixodidae",,,,"Dermacentor",,"variabilis",,,"Yunker, C. E., Keirans, J. E., Clifford, C. M., and E. R. Easton. 1986. Dermacentor ticks (Acari: Ixodoidea: Ixodidae) of the New World: a scanning electron microscope atlas. Proceedings of the Entomological Society of Washington, 88(4):609-627.","GSU_tickIdentification_SOP_2016-11-01.pdf","Say","Female",7,"OK","90% ethanol","USNMENT01482004",,"Lorenza Beati","Georgia Southern University",
