uid,namedLocation,domainID,siteID,plotID,plotType,nlcdClass,decimalLatitude,decimalLongitude,geodeticDatum,coordinateUncertainty,elevation,elevationUncertainty,collectDate,eventID,sampleID,sampleCode,samplingMethod,totalSampledArea,targetTaxaPresent,adultCount,nymphCount,larvaCount,sampleCondition,samplingProtocolVersion,measuredBy,remarks
"0869d61f-0802-4dcc-a975-cd2d39e70463","OAES_008.tickPlot.tck","D11","OAES","OAES_008","distributed","grasslandHerbaceous",35.394019,-99.063159,"WGS84",20.1,492.6,0.1,"2018-04-04T14:43Z","OAES.2018.14",,,"drag and flag",160,"N",0,0,0,,"NEON.DOC.014045vJ","jrpOJzTntmV2NEwaoue+w4foMoyVO618ln53ZC3RtAk=",
"d0a1c9c5-8206-453b-8f1a-c30a403240e9","OAES_007.tickPlot.tck","D11","OAES","OAES_007","distributed","shrubScrub",35.421328,-99.057210,"WGS84",20.1,521.6,0.1,"2018-04-04T15:12Z","OAES.2018.14",,,"drag",160,"N",0,0,0,,"NEON.DOC.014045vJ","jrpOJzTntmV2NEwaoue+w4foMoyVO618ln53ZC3RtAk=",
"74e4276c-a493-478e-81a7-25c08a44dfa9","OAES_003.tickPlot.tck","D11","OAES","OAES_003","distributed","grasslandHerbaceous",35.412134,-99.068027,"WGS84",20.2,512.2,0.2,"2018-04-04T15:43Z","OAES.2018.14",,,"drag",166,"N",0,0,0,,"NEON.DOC.014045vJ","jrpOJzTntmV2NEwaoue+w4foMoyVO618ln53ZC3RtAk=",
"89493ff3-010d-440c-bf4d-a78693235f1d","OAES_021.tickPlot.tck","D11","OAES","OAES_021","distributed","shrubScrub",35.413211,-99.074301,"WGS84",20.1,501.7,0.1,"2018-04-04T16:06Z","OAES.2018.14",,,"drag and flag",110,"N",0,0,0,,"NEON.DOC.014045vJ","jrpOJzTntmV2NEwaoue+w4foMoyVO618ln53ZC3RtAk=",
"b032494c-ed92-41f1-8889-546a2f4929a4","OAES_004.tickPlot.tck","D11","OAES","OAES_004","distributed","grasslandHerbaceous",35.411159,-99.084234,"WGS84",20.1,507.6,0.1,"2018-04-04T16:38Z","OAES.2018.14",,,"drag and flag",160,"N",0,0,0,,"NEON.DOC.014045vJ","jrpOJzTntmV2NEwaoue+w4foMoyVO618ln53ZC3RtAk=",
"b16fc912-6c77-447e-ae15-36a1f02bec9c","OAES_005.tickPlot.tck","D11","OAES","OAES_005","distributed","grasslandHerbaceous",35.402926,-99.080346,"WGS84",20.1,509.4,0.1,"2018-04-04T17:09Z","OAES.2018.14",,,"drag",160,"N",0,0,0,,"NEON.DOC.014045vJ","jrpOJzTntmV2NEwaoue+w4foMoyVO618ln53ZC3RtAk=",
"4166a276-5404-4dd2-9c1f-4a0df79b42b1","OAES_007.tickPlot.tck","D11","OAES","OAES_007","distributed","shrubScrub",35.421328,-99.057210,"WGS84",20.1,521.6,0.1,"2018-04-24T15:19Z","OAES.2018.17","OAES_007.20180424","A00000020321","drag",160,"Y",2,0,0,"No known compromise","NEON.DOC.014045vJ","zqzI6VPGJko4dmR5ae4sztNl6KM/ELWZ7oUoXVETzfo=",
"045339bc-2718-4343-879b-4f17bca52281","OAES_003.tickPlot.tck","D11","OAES","OAES_003","distributed","grasslandHerbaceous",35.412134,-99.068027,"WGS84",20.2,512.2,0.2,"2018-04-24T15:57Z","OAES.2018.17","OAES_003.20180424","A00000020304","drag",160,"Y",2,0,0,"No known compromise","NEON.DOC.014045vJ","zqzI6VPGJko4dmR5ae4sztNl6KM/ELWZ7oUoXVETzfo=",
"979c855d-8002-4a5c-a813-b96eb2845f31","OAES_021.tickPlot.tck","D11","OAES","OAES_021","distributed","shrubScrub",35.413211,-99.074301,"WGS84",20.1,501.7,0.1,"2018-04-24T16:26Z","OAES.2018.17","OAES_021.20180424","A00000020320","drag and flag",140,"Y",8,0,0,"No known compromise","NEON.DOC.014045vJ","zqzI6VPGJko4dmR5ae4sztNl6KM/ELWZ7oUoXVETzfo=",
"5b262664-f5ab-403e-81e7-1b1878466c06","OAES_004.tickPlot.tck","D11","OAES","OAES_004","distributed","grasslandHerbaceous",35.411159,-99.084234,"WGS84",20.1,507.6,0.1,"2018-04-24T17:05Z","OAES.2018.17","OAES_004.20180424","A00000020303","drag",160,"Y",5,0,0,"No known compromise","NEON.DOC.014045vJ","zqzI6VPGJko4dmR5ae4sztNl6KM/ELWZ7oUoXVETzfo=",
"f8270f23-6cdc-4397-a1c7-2fbed12e2bb9","OAES_005.tickPlot.tck","D11","OAES","OAES_005","distributed","grasslandHerbaceous",35.402926,-99.080346,"WGS84",20.1,509.4,0.1,"2018-04-24T17:41Z","OAES.2018.17","OAES_005.20180424","A00000020302","drag",160,"Y",1,0,0,"No known compromise","NEON.DOC.014045vJ","zqzI6VPGJko4dmR5ae4sztNl6KM/ELWZ7oUoXVETzfo=",
"906fbc68-e1a1-4ea7-a115-485f4ea28c6a","OAES_008.tickPlot.tck","D11","OAES","OAES_008","distributed","grasslandHerbaceous",35.394019,-99.063159,"WGS84",20.1,492.6,0.1,"2018-04-24T18:08Z","OAES.2018.17","OAES_008.20180424","A00000020319","drag",160,"Y",13,0,0,"No known compromise","NEON.DOC.014045vJ","zqzI6VPGJko4dmR5ae4sztNl6KM/ELWZ7oUoXVETzfo=",
