uid,namedLocation,domainID,siteID,plotID,plotType,nlcdClass,decimalLatitude,decimalLongitude,geodeticDatum,coordinateUncertainty,elevation,elevationUncertainty,collectDate,eventID,sampleID,sampleCode,samplingMethod,totalSampledArea,targetTaxaPresent,adultCount,nymphCount,larvaCount,sampleCondition,samplingProtocolVersion,measuredBy,remarks
"fb813df8-a876-4348-9335-18de164f9bf1","MLBS_006.tickPlot.tck","D07","MLBS","MLBS_006","distributed","deciduousForest",37.427058,-80.562386,"WGS84",20.1,785.7,0.2,"2018-04-11T14:39Z","MLBS.2018.15",,,"drag and flag",165,"N",0,0,0,,"NEON.DOC.014045vJ","o8zDrSGfNRHXTwkNXPAdRAjPrJVp6LTtS+vSpO9tqxI=",
"45429c2d-d551-48e7-a02d-d71e54519403","MLBS_004.tickPlot.tck","D07","MLBS","MLBS_004","distributed","deciduousForest",37.429068,-80.510286,"WGS84",20.1,890.2,0.1,"2018-04-11T16:15Z","MLBS.2018.15",,,"drag and flag",130,"N",0,0,0,,"NEON.DOC.014045vJ","o8zDrSGfNRHXTwkNXPAdRAjPrJVp6LTtS+vSpO9tqxI=",
"6ad1c787-ed5a-4ddb-b239-c14ff79476fd","MLBS_003.tickPlot.tck","D07","MLBS","MLBS_003","distributed","deciduousForest",37.367221,-80.526898,"WGS84",20.1,1235.7,0.2,"2018-04-11T18:39Z","MLBS.2018.15",,,"drag and flag",161,"N",0,0,0,,"NEON.DOC.014045vJ","dUo4y+35fYMLf84WQKENwuHL/E92G+BZoT7HeQZOdG4=",
"67b618ab-6f21-429e-b88f-4bc7243adfb1","MLBS_005.tickPlot.tck","D07","MLBS","MLBS_005","distributed","deciduousForest",37.363061,-80.519779,"WGS84",20.1,1277.4,0.2,"2018-04-11T20:16Z","MLBS.2018.15",,,"drag and flag",117,"N",0,0,0,,"NEON.DOC.014045vJ","o8zDrSGfNRHXTwkNXPAdRAjPrJVp6LTtS+vSpO9tqxI=",
"677b0edb-aaa7-4bab-9d6d-36dfa930de7e","MLBS_009.tickPlot.tck","D07","MLBS","MLBS_009","distributed","deciduousForest",37.374340,-80.516549,"WGS84",20.2,1165.7,0.3,"2018-04-12T12:40Z","MLBS.2018.15",,,"drag and flag",159,"N",0,0,0,,"NEON.DOC.014045vJ","o8zDrSGfNRHXTwkNXPAdRAjPrJVp6LTtS+vSpO9tqxI=",
"e270c766-fed7-4fd2-a61a-f6f91f25b4e8","MLBS_002.tickPlot.tck","D07","MLBS","MLBS_002","distributed","deciduousForest",37.371693,-80.525877,"WGS84",20.2,1187.0,0.3,"2018-04-12T13:43Z","MLBS.2018.15",,,"drag and flag",160,"N",0,0,0,,"NEON.DOC.014045vJ","dUo4y+35fYMLf84WQKENwuHL/E92G+BZoT7HeQZOdG4=",
